資料区分,都道府県コード,警察署等コード,本票番号,事故内容,死者数,負傷者数,路線コード,地点コード,市区町村コード,発生日時　　年,発生日時　　月,発生日時　　日,発生日時　　時,発生日時　　分,昼夜,日の出時刻　　時,日の出時刻　　分,日の入り時刻　　時,日の入り時刻　　分,天候,地形,路面状態,道路形状,信号機,一時停止規制　標識（当事者A）,一時停止規制　表示（当事者A）,一時停止規制　標識（当事者B）,一時停止規制　表示（当事者B）,車道幅員,道路線形,衝突地点,ゾーン規制,中央分離帯施設等,歩車道区分,事故類型,年齢（当事者A）,年齢（当事者B）,当事者種別（当事者A）,当事者種別（当事者B）,用途別（当事者A）,用途別（当事者B）,車両形状等（当事者A）,車両形状等（当事者B）,オートマチック車（当事者A）,オートマチック車（当事者B）,サポカー（当事者A）,サポカー（当事者B）,速度規制（指定のみ）（当事者A）,速度規制（指定のみ）（当事者B）,車両の衝突部位（当事者A）,車両の衝突部位（当事者B）,車両の損壊程度（当事者A）,車両の損壊程度（当事者B）,エアバッグの装備（当事者A）,エアバッグの装備（当事者B）,サイドエアバッグの装備（当事者A）,サイドエアバッグの装備（当事者B）,人身損傷程度（当事者A）,人身損傷程度（当事者B）,lat,lon,曜日(発生年月日),祝日(発生年月日),認知機能検査経過日数（当事者A）,認知機能検査経過日数（当事者B）,運転練習の方法（当事者A）,運転練習の方法（当事者B）
1,30,553,11,2,0,1,1220,0,117,2022,1,16,10,58,12,6,50,16,52,1,1,1,7,1,0,0,0,0,4,9,1,70,4,2,1,35,35,3,61,1,0,1,0,1,0,0,0,4,0,10,0,3,0,2,0,2,0,4,2,35.76316833333333,139.73660666666666,1,3,9999,0,1,0
1,30,553,13,2,0,1,20000,0,117,2022,1,20,1,30,22,6,48,16,56,1,1,1,1,1,9,22,0,0,11,9,30,70,4,2,1,65,65,3,61,1,0,1,0,1,0,11,0,3,0,22,0,3,0,2,0,2,0,4,2,35.75378333333333,139.73330722222224,5,3,9999,0,9,0
1,30,554,2,2,0,1,30000,0,117,2021,12,21,17,10,21,6,47,16,31,1,1,1,1,1,9,22,0,0,15,9,30,70,4,1,1,75,45,35,61,31,0,0,0,0,0,0,0,2,0,10,0,3,0,0,0,0,0,4,2,35.774049166666664,139.73219055555555,3,3,0,0,0,0
1,30,554,3,2,0,1,20000,0,117,2021,12,13,16,15,13,6,42,16,29,1,1,1,14,7,0,0,0,0,3,9,1,70,4,1,1,35,55,51,61,41,0,0,0,0,0,0,0,0,0,20,0,3,0,0,0,0,0,4,2,35.76637861111111,139.7099888888889,2,3,0,0,0,0
1,30,554,11,2,0,1,10200,0,117,2022,1,9,19,18,22,6,51,16,45,1,1,1,1,1,9,22,0,0,19,9,30,70,5,1,1,55,55,3,61,1,0,1,0,1,0,11,0,5,0,10,0,3,0,2,0,2,0,4,2,35.78384361111111,139.72043694444446,1,2,9999,0,9,0
1,30,555,4,2,0,1,30760,0,119,2021,12,18,10,35,12,6,45,16,30,1,1,1,1,1,9,22,0,0,15,9,30,70,4,3,1,55,75,3,61,31,0,1,0,1,0,0,0,2,0,10,0,3,0,2,0,2,0,4,2,35.76525861111111,139.67893666666666,7,3,9999,0,9,0
1,30,555,10,2,0,1,10130,0,119,2022,1,8,18,15,22,6,51,16,44,1,1,1,1,1,9,22,0,0,19,9,30,70,1,1,1,35,55,4,61,31,0,1,0,1,0,0,0,4,0,10,0,3,0,2,0,2,0,4,2,35.74760277777778,139.67778888888887,7,3,9999,0,9,0
1,30,555,11,2,0,1,99000,0,119,2022,1,6,10,40,12,6,51,16,43,5,1,1,0,7,0,0,0,0,0,0,20,70,0,1,1,35,65,3,61,31,0,1,0,1,0,0,0,1,0,30,0,3,0,2,0,1,0,4,2,35.76099611111111,139.67371388888887,5,3,9999,0,5,0
1,30,555,15,2,0,1,30000,0,119,2022,1,14,17,15,21,6,50,16,50,1,1,1,1,7,9,22,0,0,15,9,30,70,4,2,1,45,25,12,61,31,0,11,0,2,0,0,0,10,0,10,0,4,0,2,0,2,0,4,2,35.75210666666667,139.6906913888889,6,3,9999,0,1,0
1,30,555,21,2,0,1,30000,0,119,2021,12,25,15,0,12,6,48,16,34,1,1,1,1,7,9,22,0,0,11,9,30,1,5,3,1,55,75,3,61,1,0,1,0,1,0,0,0,2,0,10,0,4,0,2,0,2,0,4,2,35.75693777777778,139.69715027777778,7,3,9999,0,9,0
1,30,555,27,2,0,1,30000,0,119,2021,12,24,16,56,21,6,48,16,33,1,1,1,14,7,0,0,0,0,3,9,1,1,5,3,1,55,45,3,61,31,0,1,0,1,0,11,0,2,0,20,0,4,0,2,0,2,0,4,2,35.743595,139.70482055555556,6,3,9999,0,9,0
1,30,556,2,2,0,1,170,123,119,2022,1,4,9,23,12,6,51,16,41,1,1,1,1,7,9,22,0,0,17,9,30,70,4,1,1,55,35,51,61,41,0,0,0,0,0,0,0,0,0,20,0,4,0,0,0,0,0,4,2,35.768229999999996,139.70249249999998,3,3,0,0,0,0
1,30,556,6,2,0,1,30000,0,119,2022,1,17,7,40,11,6,49,16,53,1,1,1,14,7,0,0,0,0,3,9,1,70,4,1,1,1,25,51,61,41,0,0,0,0,0,0,0,0,0,10,0,3,0,0,0,0,0,4,2,35.765030277777775,139.7056297222222,2,3,0,0,0,0
1,30,556,15,2,0,1,30000,0,119,2022,1,25,5,0,22,6,46,17,1,1,1,1,14,7,0,0,0,0,1,9,1,70,5,3,1,45,0,61,0,0,0,0,0,0,0,0,0,0,0,0,0,0,0,0,0,0,0,2,0,35.7799675,139.70297944444442,3,3,0,0,0,0
1,30,556,20,2,0,1,99000,0,119,2022,1,25,22,56,22,6,46,17,1,1,1,1,0,7,0,0,0,0,0,0,20,70,0,4,1,75,0,61,0,0,0,0,0,0,0,0,0,0,0,0,0,0,0,0,0,0,0,2,0,35.76407361111111,139.68398222222223,3,3,0,0,0,0
1,30,557,7,2,0,1,20430,0,120,2021,12,27,10,30,12,6,49,16,35,1,1,1,14,7,0,0,0,0,4,9,1,70,4,2,1,1,75,51,61,41,0,0,0,0,0,0,0,0,0,10,0,3,0,0,0,0,0,4,2,35.73253972222222,139.67697694444445,2,3,0,0,0,0
1,30,557,17,2,0,1,20430,0,120,2022,1,9,17,25,21,6,51,16,45,1,1,1,14,7,0,0,0,0,3,9,1,70,4,1,1,55,65,51,61,41,0,0,0,0,0,0,0,0,0,20,0,4,0,0,0,0,0,4,2,35.73732416666667,139.65391416666668,1,2,0,0,0,0
1,30,557,18,2,0,1,30000,0,120,2022,1,12,13,0,12,6,51,16,48,1,1,1,1,1,9,22,0,0,15,9,30,70,4,2,1,55,75,1,61,1,0,1,0,2,0,11,0,1,0,40,0,4,0,2,0,2,0,4,2,35.73815861111111,139.65446055555557,4,3,9999,0,9,0
1,30,557,24,2,0,1,30000,0,120,2022,1,18,13,35,12,6,49,16,54,1,1,1,1,7,1,21,0,0,12,9,30,70,4,3,1,55,75,4,61,31,0,1,0,1,0,0,0,2,0,10,0,3,0,2,0,2,0,4,2,35.74578277777778,139.64851694444442,3,3,9999,0,9,0
1,30,557,26,2,0,1,30000,0,120,2022,1,21,11,35,12,6,48,16,57,1,1,1,1,1,9,22,0,0,14,9,30,70,4,2,1,45,45,14,61,31,0,11,0,1,0,0,0,2,0,10,0,4,0,2,0,2,0,4,2,35.73923305555556,139.66126555555556,6,3,9999,0,9,0
1,30,557,27,2,0,1,20430,0,120,2022,1,22,13,35,12,6,47,16,58,1,1,1,14,7,0,0,0,0,3,9,1,70,5,2,1,45,25,3,61,31,0,1,0,2,0,0,0,3,0,40,0,3,0,2,0,2,0,4,2,35.73807166666667,139.66064444444444,7,3,9999,0,9,0
1,30,557,29,2,0,1,10200,0,120,2022,1,24,17,3,21,6,46,17,0,1,1,1,1,1,9,22,0,0,16,9,30,70,5,2,1,35,1,12,61,1,0,11,0,1,0,11,0,10,0,24,0,3,0,2,0,2,0,4,2,35.75092111111111,139.63965277777777,2,3,9999,0,1,0
1,30,557,30,2,0,1,30000,0,120,2022,1,27,7,45,12,6,45,17,3,1,1,1,1,7,9,22,0,0,14,9,30,70,4,3,1,55,25,3,61,31,0,1,0,1,0,0,0,2,0,10,0,3,0,2,0,2,0,4,2,35.750685555555556,139.67143694444442,5,3,9999,0,9,0
1,30,557,33,2,0,1,10130,0,120,2022,1,31,16,15,13,6,42,17,7,1,1,1,1,1,9,22,0,0,15,9,30,70,1,2,1,45,1,14,61,31,0,11,0,1,0,0,0,5,0,10,0,3,0,2,0,2,0,4,2,35.743767222222225,139.6723022222222,2,3,9999,0,1,0
1,30,558,2,2,0,1,30000,0,120,2021,12,24,13,0,12,6,48,16,33,1,1,1,14,7,0,0,0,0,1,9,1,70,5,4,1,45,65,3,61,31,0,1,0,1,0,11,0,5,0,50,0,4,0,2,0,2,0,4,2,35.72385361111111,139.58473194444446,6,3,9999,0,9,0
1,30,558,9,2,0,1,30000,0,120,2022,1,19,12,55,12,6,49,16,55,1,1,1,1,7,9,22,0,0,15,9,30,70,4,2,1,75,55,3,61,31,0,1,0,1,0,0,0,2,0,80,0,4,0,2,0,2,0,4,2,35.71474333333334,139.5835127777778,4,3,9999,0,9,0
1,30,558,14,2,0,1,30000,0,120,2022,1,27,21,10,22,6,45,17,3,1,1,1,1,7,1,21,0,0,15,9,30,70,4,2,1,45,35,3,61,31,0,1,0,1,0,11,0,3,0,50,0,3,0,2,0,2,0,4,2,35.761042777777774,139.57336527777778,5,3,9999,0,1,0
1,30,559,6,2,0,1,30000,0,119,2022,1,11,13,5,12,6,51,16,47,3,1,2,1,7,1,21,0,0,15,9,30,70,4,2,1,45,55,3,61,31,0,1,0,1,0,0,0,2,0,10,0,3,0,2,0,2,0,4,2,35.773694166666665,139.6596638888889,3,3,9999,0,9,0
1,30,559,8,2,0,1,2540,140,119,2022,1,12,12,9,12,6,51,16,48,1,1,1,1,7,9,22,0,0,11,9,30,70,1,1,1,55,1,51,61,41,0,0,0,0,0,0,0,0,0,40,0,4,0,0,0,0,0,4,2,35.77408944444444,139.63512388888887,4,3,0,0,0,0
1,30,559,9,2,0,1,30000,0,119,2022,1,12,17,40,21,6,51,16,48,1,1,1,1,1,9,22,0,0,15,5,30,70,5,3,1,1,1,51,61,41,0,0,0,0,0,0,0,0,0,10,0,3,0,0,0,0,0,4,2,35.78140611111111,139.64633138888888,4,3,0,0,0,0
1,30,560,3,2,0,1,30000,0,120,2022,1,11,6,40,23,6,51,16,47,3,1,2,1,7,1,21,0,0,15,9,30,70,5,3,1,55,55,13,61,31,0,11,0,1,0,0,0,10,0,20,0,4,0,2,0,2,0,4,2,35.73407777777778,139.62731666666667,3,3,9999,0,9,0
1,30,560,7,2,0,1,30000,0,120,2021,12,23,7,45,11,6,48,16,32,1,1,1,14,7,0,0,0,0,1,9,1,70,5,4,1,75,35,14,61,1,0,11,0,1,0,0,0,5,0,10,0,4,0,2,0,2,0,4,2,35.76835611111111,139.66274222222222,5,3,143,0,9,0
1,30,560,12,2,0,1,20510,0,120,2022,1,12,6,45,23,6,51,16,48,1,1,1,1,1,9,22,0,0,19,9,30,70,5,2,1,55,25,51,61,41,0,0,0,0,0,0,0,0,0,10,0,3,0,0,0,0,0,4,2,35.754108611111114,139.61990833333334,4,3,0,0,0,0
1,30,560,13,2,0,1,10200,0,120,2022,1,12,6,45,23,6,51,16,48,1,1,1,14,1,0,0,0,0,6,9,1,70,1,1,1,1,35,36,61,31,0,0,0,0,0,0,0,2,0,20,0,3,0,0,0,0,0,4,2,35.73999805555555,139.62174333333334,4,3,9999,0,5,0
1,30,560,16,2,0,2,30000,0,120,2022,1,15,10,55,12,6,50,16,51,1,1,1,14,7,0,0,0,0,1,9,1,70,5,4,1,65,75,3,61,31,0,1,0,1,0,11,0,2,0,10,0,3,0,2,0,2,0,4,2,35.75116444444444,139.6089086111111,7,3,9999,0,9,0
1,30,560,18,2,0,1,30000,0,120,2022,1,17,6,15,23,6,49,16,53,1,1,1,14,7,0,0,0,0,3,9,1,70,5,2,1,45,25,3,61,31,0,1,0,1,0,0,0,3,0,80,0,3,0,2,0,2,0,4,2,35.753748611111114,139.63066722222223,2,3,9999,0,9,0
1,30,560,27,2,0,1,20510,0,120,2022,1,19,7,45,11,6,49,16,55,1,1,1,14,7,0,0,0,0,5,9,1,70,1,2,1,1,25,51,61,41,0,0,0,0,0,0,0,0,0,10,0,4,0,0,0,0,0,4,2,35.74655916666667,139.6172675,4,3,0,0,0,0
1,30,660,1,2,0,1,20000,0,106,2022,1,3,12,33,12,6,51,16,40,1,1,1,1,1,9,22,0,0,12,9,30,70,5,2,1,45,65,51,61,41,0,0,0,0,0,0,0,0,0,20,0,4,0,0,0,0,0,4,2,35.7185675,139.77338527777778,2,3,0,0,0,0
1,30,661,1,2,0,1,10300,0,106,2022,1,8,6,25,23,6,51,16,44,1,1,1,1,1,9,22,0,0,16,9,30,70,4,2,1,35,55,3,61,1,0,1,0,1,0,0,0,3,0,40,0,3,0,2,0,2,0,4,2,35.721068611111114,139.77076861111112,7,3,9999,0,1,0
1,30,661,2,2,0,1,30000,0,106,2022,1,9,13,5,12,6,51,16,45,1,1,1,14,7,0,0,0,0,1,9,1,70,5,4,1,45,35,3,61,31,0,1,0,1,0,0,0,10,0,10,0,3,0,2,0,2,0,4,2,35.72175583333333,139.77853833333336,1,2,9999,0,4,0
1,30,661,6,2,0,1,30000,0,106,2022,1,25,11,45,12,6,46,17,1,1,1,1,1,1,9,22,0,0,15,9,30,70,5,2,1,35,45,3,61,31,0,1,0,1,0,0,0,3,0,80,0,3,0,2,0,2,0,4,2,35.7270325,139.78844777777778,3,3,9999,0,5,0
1,30,661,7,2,0,1,30000,0,106,2022,1,27,11,0,12,6,45,17,3,1,1,1,14,7,0,0,0,0,3,9,1,70,5,2,1,45,35,13,61,31,0,11,0,1,0,11,0,2,0,40,0,3,0,2,0,2,0,4,2,35.71537277777778,139.7845661111111,5,3,9999,0,9,0
1,30,662,1,2,0,1,60,40,106,2021,12,31,23,45,22,6,50,16,38,2,1,1,1,7,9,22,0,0,19,9,30,70,4,2,1,55,35,3,61,1,0,1,0,1,0,11,0,5,0,40,0,3,0,2,0,2,0,4,2,35.710954722222226,139.79762833333334,6,2,9999,0,9,0
1,30,662,2,2,0,1,30000,0,106,2022,1,9,10,52,12,6,51,16,45,1,1,1,14,7,0,0,0,0,2,9,1,70,5,4,1,75,25,3,61,1,0,1,0,1,0,0,0,10,0,70,0,3,0,2,0,2,0,4,2,35.725030555555556,139.79450694444444,1,2,203,0,9,0
1,30,662,3,2,0,1,30000,0,106,2022,1,19,16,50,13,6,49,16,55,1,1,1,1,1,9,22,0,0,15,9,30,70,4,2,1,55,75,3,61,31,0,1,0,1,0,0,0,2,0,10,0,3,0,2,0,2,0,4,2,35.721093055555556,139.7929822222222,4,3,9999,0,9,0
1,30,662,6,2,0,1,30000,0,106,2022,1,27,8,2,12,6,45,17,3,1,1,1,1,1,9,22,0,0,15,9,30,70,4,1,1,65,1,51,61,41,0,0,0,0,0,0,0,0,0,10,0,3,0,0,0,0,0,4,2,35.71907222222222,139.79825777777776,5,3,0,0,0,0
1,30,662,8,2,0,1,30000,0,106,2022,1,23,13,14,12,6,47,16,59,2,1,2,14,7,0,0,0,0,2,9,1,70,5,4,1,35,25,51,61,41,0,0,0,0,0,0,0,0,0,10,0,4,0,0,0,0,0,4,2,35.71242194444445,139.79637166666666,1,3,0,0,0,0
1,30,663,2,2,0,1,10290,0,106,2022,1,6,21,15,22,6,51,16,43,5,1,3,7,7,0,0,0,0,5,9,1,70,4,1,1,25,45,14,61,31,0,11,0,1,0,0,0,4,0,10,0,3,0,2,0,2,0,4,2,35.70178722222222,139.7881913888889,5,3,9999,0,1,0
1,30,663,3,2,0,2,20390,0,106,2022,1,6,23,2,22,6,51,16,43,5,1,3,14,7,0,0,0,0,4,9,1,70,4,2,1,65,1,3,61,1,0,1,0,1,0,0,0,3,0,10,0,3,0,2,0,2,0,4,2,35.706204444444445,139.78918972222223,5,3,9999,0,9,0
1,30,663,5,2,0,1,20540,0,106,2022,1,7,5,36,22,6,51,16,44,2,1,3,1,1,9,22,0,0,15,9,30,70,4,2,1,55,45,3,61,31,0,1,0,1,0,11,0,3,0,10,0,3,0,2,0,2,0,4,2,35.70719416666667,139.78199500000002,6,3,9999,0,9,0
1,30,663,18,2,0,1,30000,0,106,2022,1,26,20,20,22,6,45,17,2,1,1,1,7,7,0,0,0,0,3,9,1,70,5,4,1,65,55,3,61,31,0,1,0,1,0,0,0,2,0,40,0,3,0,2,0,2,0,4,2,35.69875861111111,139.78506861111111,4,3,9999,0,9,0
1,30,665,3,2,0,1,30000,0,118,2021,12,29,13,58,12,6,50,16,36,1,1,1,1,7,9,22,0,0,12,9,30,70,5,3,1,65,75,3,61,31,0,1,0,1,0,0,0,10,0,10,0,3,0,2,0,2,0,4,2,35.7384125,139.7990597222222,4,3,9999,0,9,0
1,30,666,2,2,0,1,30000,0,118,2021,12,3,15,18,12,6,34,16,28,1,1,1,14,7,0,0,0,0,3,9,1,70,5,3,1,45,1,3,61,31,0,1,0,1,0,0,0,5,0,40,0,3,0,2,0,2,0,4,2,35.73336277777778,139.76990500000002,6,3,9999,0,1,0
1,30,666,11,2,0,1,95000,0,118,2022,1,28,8,0,12,6,44,17,4,1,1,1,0,7,0,0,0,0,0,0,20,70,0,3,1,65,25,4,61,31,0,1,0,2,0,0,0,10,0,10,0,3,0,2,0,2,0,4,2,35.747010555555555,139.78630722222223,6,3,9999,0,9,0
1,30,667,9,2,0,1,30000,0,121,2022,1,12,10,23,12,6,51,16,48,1,1,1,1,1,9,22,0,0,15,9,30,70,4,3,1,55,45,3,61,31,0,1,0,1,0,11,0,10,0,10,0,4,0,2,0,2,0,4,2,35.747392500000004,139.7930802777778,4,3,9999,0,9,0
1,30,667,10,2,0,1,30000,0,121,2022,1,14,13,45,12,6,50,16,50,1,1,1,14,7,0,0,0,0,3,9,1,70,4,1,1,65,65,51,61,41,0,0,0,0,0,0,0,0,0,10,0,3,0,0,0,0,0,4,2,35.74990277777778,139.8039638888889,6,3,0,0,0,0
1,30,668,12,2,0,1,30000,0,121,2022,1,6,2,0,22,6,51,16,43,1,1,1,14,7,0,0,0,0,2,9,1,70,5,4,1,1,1,3,61,31,0,1,0,1,0,0,0,5,0,60,0,4,0,2,0,2,0,4,2,35.78116472222222,139.80233194444446,5,3,9999,0,1,0
1,30,668,16,2,0,1,99000,0,121,2022,1,9,7,13,11,6,51,16,45,1,1,1,0,7,0,0,0,0,0,0,20,70,0,4,1,55,75,13,61,31,0,11,0,1,0,0,0,10,0,60,0,4,0,2,0,2,0,4,2,35.78841527777777,139.76174472222223,1,2,9999,0,9,0
1,30,668,23,2,0,1,30000,0,121,2022,1,18,20,53,22,6,49,16,54,1,1,1,1,7,9,22,0,0,15,9,30,70,4,2,1,55,35,3,61,31,0,1,0,1,0,0,0,2,0,10,0,3,0,2,0,2,0,4,2,35.784211666666664,139.7665086111111,3,3,9999,0,9,0
1,30,668,29,2,0,2,95000,0,121,2022,1,31,7,20,11,6,42,17,7,1,1,1,1,1,9,22,0,0,12,9,30,70,5,2,1,35,35,34,61,31,0,0,0,0,0,0,0,5,0,10,0,3,0,0,0,0,0,2,2,35.764588333333336,139.8038963888889,2,3,9999,0,9,0
1,30,669,12,2,0,1,30000,0,121,2022,1,8,14,25,12,6,51,16,44,1,1,1,1,1,9,22,0,0,15,9,30,70,4,2,1,75,75,3,61,31,0,1,0,1,0,0,0,3,0,10,0,4,0,2,0,2,0,4,2,35.78269361111111,139.81605083333335,7,3,771,0,9,0
1,30,669,21,2,0,1,30000,0,121,2022,1,13,10,30,12,6,51,16,49,1,1,1,1,1,9,22,0,0,15,9,30,70,4,2,1,65,75,4,61,31,0,1,0,1,0,0,0,3,0,20,0,3,0,2,0,2,0,4,2,35.76358222222222,139.80746861111112,5,3,9999,0,9,0
1,30,669,23,2,0,1,30000,0,121,2022,1,14,11,20,12,6,50,16,50,1,1,1,1,1,9,22,0,0,18,9,30,70,4,2,1,35,25,3,61,31,0,1,0,1,0,0,0,3,0,10,0,3,0,2,0,2,0,4,2,35.78414472222222,139.82184083333334,6,3,9999,0,1,0
1,30,669,34,2,0,1,30000,0,121,2022,1,23,9,42,12,6,47,16,59,2,1,1,1,7,1,22,0,0,12,9,30,70,4,2,1,45,35,3,61,31,0,1,0,1,0,11,0,2,0,10,0,3,0,2,0,2,0,4,2,35.76605222222222,139.80894833333335,1,3,9999,0,1,0
1,30,670,3,2,0,1,99000,0,121,2022,1,3,10,15,12,6,51,16,40,1,1,1,0,7,0,0,0,0,0,0,20,70,0,4,1,1,65,3,61,31,0,1,0,1,0,0,0,10,0,14,0,3,0,2,0,2,0,4,2,35.801990277777776,139.76001694444443,2,3,9999,0,1,0
1,30,670,4,2,0,1,30000,0,121,2022,1,5,14,20,12,6,51,16,42,1,1,1,1,1,9,22,0,0,16,9,30,70,4,2,1,45,75,12,61,31,0,11,0,1,0,0,0,3,0,40,0,4,0,2,0,2,0,4,2,35.798114444444444,139.80991527777778,4,3,9999,0,5,0
1,30,670,15,2,0,1,30000,0,121,2022,1,17,12,30,12,6,49,16,53,1,1,1,7,1,0,0,0,0,4,9,1,70,5,2,1,65,75,51,61,41,0,0,0,0,0,0,0,0,0,30,0,4,0,0,0,0,0,4,2,35.79293944444444,139.7942338888889,2,3,0,0,0,0
1,30,670,17,2,0,1,30000,0,121,2022,1,21,7,35,11,6,48,16,57,1,1,1,1,7,1,21,0,0,15,9,30,70,5,3,1,35,65,13,61,31,0,11,0,1,0,11,0,2,0,10,0,3,0,2,0,2,0,4,2,35.78758805555555,139.81684638888888,6,3,9999,0,5,0
1,30,771,9,2,0,1,10350,0,108,2022,1,3,14,45,12,6,51,16,40,1,1,1,14,7,0,0,0,0,5,9,1,70,4,2,1,1,55,51,61,41,0,0,0,0,0,0,0,0,0,10,0,4,0,0,0,0,0,4,2,35.67525944444444,139.79870111111111,2,3,0,0,0,0
1,30,771,12,2,0,1,10370,0,108,2022,1,5,13,55,12,6,51,16,42,1,1,1,1,1,9,22,0,0,19,9,30,70,1,1,1,25,25,3,61,31,0,1,0,1,0,11,0,4,0,10,0,3,0,2,0,2,0,4,2,35.65911666666666,139.8079363888889,4,3,9999,0,1,0
1,30,771,26,2,0,1,20690,0,108,2022,1,13,11,55,12,6,51,16,49,1,1,1,1,1,9,22,0,0,17,9,30,70,1,2,1,35,65,51,61,41,0,0,0,0,0,0,0,0,0,10,0,3,0,0,0,0,0,4,2,35.67197055555555,139.81617833333334,5,3,0,0,0,0
1,30,771,36,2,0,1,30000,0,108,2022,1,22,18,43,22,6,47,16,58,1,1,1,1,1,9,22,0,0,18,9,30,70,1,2,1,65,65,36,61,31,0,0,0,0,0,0,0,2,0,10,0,3,0,0,0,0,0,4,2,35.667074444444445,139.81091194444446,7,3,9999,0,9,0
1,30,771,47,2,0,1,10060,0,108,2022,1,31,11,20,12,6,42,17,7,1,1,1,7,1,0,0,0,0,4,9,1,70,1,1,1,25,55,51,61,41,0,0,0,0,0,0,0,0,0,10,0,4,0,0,0,0,0,4,2,35.68791333333333,139.79500277777777,2,3,0,0,0,0
1,30,772,7,2,0,1,30000,0,108,2022,1,4,11,10,12,6,51,16,41,1,1,1,14,7,0,0,0,0,2,9,1,70,5,4,1,1,65,14,61,1,0,11,0,1,0,0,0,10,0,40,0,4,0,2,0,2,0,4,2,35.679634166666666,139.83062305555555,3,3,9999,0,1,0
1,30,772,19,2,0,1,30000,0,108,2022,1,13,16,45,13,6,51,16,49,1,1,1,14,7,0,0,0,0,3,9,1,70,4,3,1,75,75,4,61,31,0,1,0,1,0,0,0,2,0,10,0,4,0,2,0,2,0,4,2,35.670922777777776,139.83450472222222,5,3,352,0,9,0
1,30,772,28,2,0,1,30000,0,108,2022,1,25,8,30,12,6,46,17,1,1,1,1,21,7,0,0,0,0,3,9,20,70,5,3,1,1,65,51,61,41,0,0,0,0,0,0,0,0,0,10,0,4,0,0,0,0,0,4,2,35.70049222222222,139.83360722222224,3,3,0,0,0,0
1,30,772,29,2,0,1,10060,0,108,2022,1,25,8,55,12,6,46,17,1,1,1,1,1,1,9,22,0,0,19,9,30,70,4,2,1,35,25,13,61,31,0,11,0,1,0,11,0,4,0,10,0,3,0,2,0,2,0,4,2,35.689408611111105,139.83064472222222,3,3,9999,0,5,0
1,30,772,30,2,0,1,10040,0,108,2022,1,25,11,20,12,6,46,17,1,1,1,1,1,1,9,22,0,0,13,9,30,70,1,1,1,35,75,51,61,41,0,0,0,0,0,0,0,0,0,10,0,4,0,0,0,0,0,4,2,35.66991472222222,139.8219227777778,3,3,0,0,0,0
1,30,772,39,2,0,1,10090,0,108,2022,1,30,1,0,22,6,43,17,6,1,1,1,1,7,1,21,0,0,17,9,30,1,4,1,1,45,35,51,61,41,0,0,0,0,0,0,0,0,0,20,0,4,0,0,0,0,0,4,2,35.692837499999996,139.82617,1,3,0,0,0,0
1,30,773,1,2,0,1,30000,0,107,2021,11,8,15,25,12,6,9,16,40,1,1,1,14,7,0,0,0,0,3,9,1,70,4,3,1,45,55,3,61,1,0,1,0,1,0,0,0,10,0,40,0,3,0,2,0,2,0,4,2,35.69392305555555,139.81570250000001,2,3,9999,0,1,0
1,30,773,5,2,0,1,140,46,107,2022,1,3,2,35,22,6,51,16,40,1,1,1,14,1,0,0,0,0,6,9,1,70,1,2,1,1,35,34,61,31,0,0,0,0,0,0,0,5,0,10,0,3,0,0,0,0,0,4,2,35.695546111111106,139.81280166666667,2,3,9999,0,1,0
1,30,773,6,2,0,1,20690,0,107,2022,1,6,16,10,13,6,51,16,43,5,1,4,1,1,9,22,0,0,19,9,30,70,5,2,1,1,1,4,61,31,0,1,0,1,0,0,0,5,0,10,0,4,0,2,0,2,0,4,2,35.69374166666666,139.81528472222223,5,3,9999,0,1,0
1,30,773,15,2,0,2,10370,0,107,2022,1,14,19,15,22,6,50,16,50,1,1,1,1,1,9,22,0,0,15,9,30,70,5,2,1,55,25,51,61,41,0,0,0,0,0,0,0,0,0,10,0,4,0,0,0,0,0,2,2,35.706633611111116,139.80445722222223,6,3,0,0,0,0
1,30,773,16,2,0,1,30000,0,107,2022,1,16,0,33,22,6,50,16,52,1,1,1,1,7,9,22,0,0,12,9,30,70,5,4,1,55,25,3,61,1,0,1,0,1,0,0,0,10,0,80,0,4,0,2,0,2,0,4,2,35.69373805555555,139.81430083333333,1,3,9999,0,9,0
1,30,773,18,2,0,1,30000,0,107,2022,1,20,9,10,12,6,48,16,56,1,1,1,14,7,0,0,0,0,3,9,1,70,5,2,1,25,35,51,61,41,0,0,0,0,0,0,0,0,0,10,0,3,0,0,0,0,0,4,2,35.69084583333333,139.79090666666667,5,3,0,0,0,0
1,30,774,14,2,0,1,30000,0,107,2022,1,28,14,20,12,6,44,17,4,2,1,1,1,7,9,22,0,0,11,9,30,70,5,3,1,65,55,14,61,1,0,11,0,1,0,11,0,5,0,40,0,3,0,2,0,2,0,4,2,35.72910388888889,139.81694944444445,6,3,9999,0,9,0
1,30,774,15,2,0,1,10090,0,107,2022,1,6,5,0,22,6,51,16,43,1,1,1,1,1,9,22,0,0,16,9,30,70,5,1,1,65,1,13,61,31,0,11,0,1,0,0,0,4,0,80,0,4,0,2,0,2,0,4,2,35.72032777777778,139.82030361111111,5,3,9999,0,9,0
1,30,775,3,2,0,1,30000,0,122,2021,12,23,7,22,11,6,48,16,32,1,1,1,1,7,9,22,0,0,14,9,30,70,4,2,1,25,35,3,61,31,0,1,0,1,0,11,0,1,0,10,0,3,0,2,0,2,0,4,2,35.75526305555555,139.86942472222222,5,3,9999,0,5,0
1,30,775,4,2,0,1,30000,0,122,2021,11,11,12,18,12,6,12,16,37,1,1,1,1,1,9,22,0,0,14,9,30,70,4,2,1,45,75,13,61,31,0,11,0,2,0,0,0,2,0,20,0,3,0,2,0,2,0,4,2,35.753440833333336,139.84292166666668,5,3,9999,0,5,0