資料区分,都道府県コード,警察署等コード,本票番号,事故内容,死者数,負傷者数,路線コード,地点コード,市区町村コード,発生日時　　年,発生日時　　月,発生日時　　日,発生日時　　時,発生日時　　分,昼夜,日の出時刻　　時,日の出時刻　　分,日の入り時刻　　時,日の入り時刻　　分,天候,地形,路面状態,道路形状,信号機,一時停止規制　標識（当事者A）,一時停止規制　表示（当事者A）,一時停止規制　標識（当事者B）,一時停止規制　表示（当事者B）,車道幅員,道路線形,衝突地点,ゾーン規制,中央分離帯施設等,歩車道区分,事故類型,年齢（当事者A）,年齢（当事者B）,当事者種別（当事者A）,当事者種別（当事者B）,用途別（当事者A）,用途別（当事者B）,車両形状等（当事者A）,車両形状等（当事者B）,オートマチック車（当事者A）,オートマチック車（当事者B）,サポカー（当事者A）,サポカー（当事者B）,速度規制（指定のみ）（当事者A）,速度規制（指定のみ）（当事者B）,車両の衝突部位（当事者A）,車両の衝突部位（当事者B）,車両の損壊程度（当事者A）,車両の損壊程度（当事者B）,エアバッグの装備（当事者A）,エアバッグの装備（当事者B）,サイドエアバッグの装備（当事者A）,サイドエアバッグの装備（当事者B）,人身損傷程度（当事者A）,人身損傷程度（当事者B）,lat,lon,曜日(発生年月日),祝日(発生年月日),認知機能検査経過日数（当事者A）,認知機能検査経過日数（当事者B）,運転練習の方法（当事者A）,運転練習の方法（当事者B）
1,30,775,21,2,0,1,30000,0,122,2022,1,17,17,30,21,6,49,16,53,1,1,1,14,7,0,0,0,0,3,9,1,70,4,3,1,75,55,3,61,31,0,1,0,1,0,0,0,2,0,40,0,4,0,2,0,2,0,4,2,35.75591055555556,139.82480694444445,2,3,118,0,9,0
1,30,775,26,2,0,1,30000,0,122,2022,1,13,16,58,21,6,51,16,49,1,1,1,1,7,1,21,0,0,11,9,30,70,4,1,1,65,1,3,61,31,0,1,0,1,0,0,0,2,0,10,0,3,0,2,0,2,0,4,2,35.76884944444444,139.8707238888889,5,3,9999,0,9,0
1,30,776,8,2,0,1,30000,0,122,2022,1,6,12,50,12,6,51,16,43,5,1,2,14,7,0,0,0,0,2,9,1,70,5,3,1,55,55,36,61,31,0,0,0,0,0,0,0,2,0,10,0,4,0,0,0,0,0,4,2,35.73765111111111,139.8453788888889,5,3,9999,0,9,0
1,30,776,22,2,0,1,10400,0,122,2022,1,24,8,40,12,6,46,17,0,1,1,1,1,7,1,21,0,0,15,9,30,70,4,1,1,45,75,17,61,1,0,11,0,1,0,0,0,3,0,10,0,3,0,2,0,2,0,4,2,35.71407472222222,139.8625088888889,2,3,9999,0,9,0
1,30,777,3,2,0,1,30520,0,123,2022,1,3,12,10,12,6,51,16,40,1,1,1,1,7,9,22,0,0,11,9,30,70,5,2,1,35,45,51,61,41,0,0,0,0,0,0,0,0,0,10,0,4,0,0,0,0,0,4,2,35.686006111111105,139.88447722222222,2,3,0,0,0,0
1,30,777,20,2,0,1,30000,0,123,2022,1,9,14,45,12,6,51,16,45,1,1,1,1,7,9,22,0,0,11,9,30,70,5,3,1,25,1,3,61,31,0,1,0,1,0,0,0,10,0,10,0,3,0,2,0,2,0,4,2,35.69976833333333,139.88317055555555,1,2,9999,0,1,0
1,30,777,28,2,0,1,30000,0,123,2022,1,13,13,10,12,6,51,16,49,1,1,1,1,7,1,21,0,0,11,9,30,70,5,2,1,25,65,17,61,31,0,11,0,2,0,0,0,10,0,10,0,3,0,2,0,2,0,4,2,35.6902275,139.87297944444444,5,3,9999,0,1,0
1,30,777,34,2,0,1,30000,0,123,2022,1,15,17,50,21,6,50,16,51,1,1,1,14,7,0,0,0,0,1,9,1,70,5,2,1,65,75,51,61,41,0,0,0,0,0,0,0,0,0,10,0,3,0,0,0,0,0,4,2,35.682674444444444,139.88849194444444,7,3,0,0,0,0
1,30,777,35,2,0,1,30000,0,123,2022,1,16,11,0,12,6,50,16,52,1,1,1,14,7,0,0,0,0,3,9,1,70,5,4,1,75,35,51,61,41,0,0,0,0,0,0,0,0,0,10,0,3,0,0,0,0,0,2,4,35.7043225,139.84666805555557,1,3,0,0,0,0
1,30,777,40,2,0,1,30000,0,123,2022,1,17,12,50,12,6,49,16,53,1,1,1,14,7,0,0,0,0,4,9,1,70,5,2,1,35,75,4,61,31,0,1,0,1,0,0,0,3,0,10,0,3,0,2,0,2,0,4,2,35.70301555555556,139.8898811111111,2,3,9999,0,9,0
1,30,777,42,2,0,1,99000,0,123,2022,1,14,21,20,22,6,50,16,50,1,1,1,0,7,0,0,0,0,0,0,20,70,0,4,1,35,1,3,61,31,0,1,0,1,0,0,0,10,0,30,0,3,0,2,0,2,0,4,2,35.69362694444444,139.8703152777778,6,3,9999,0,1,0
1,30,777,46,2,0,1,30000,0,123,2022,1,19,16,16,13,6,49,16,55,1,1,1,14,7,0,0,0,0,3,9,1,70,4,2,1,25,1,3,61,31,0,1,0,1,0,11,0,5,0,10,0,3,0,2,0,2,0,4,2,35.70800527777778,139.8774463888889,4,3,9999,0,9,0
1,30,777,58,2,0,1,10390,0,123,2022,1,25,9,25,12,6,46,17,1,1,1,1,14,7,0,0,0,0,1,9,1,70,4,2,1,25,35,52,61,41,0,0,0,0,0,0,0,0,0,10,0,3,0,0,0,0,0,4,2,35.69304083333333,139.86774972222224,3,3,0,0,0,0
1,30,777,60,2,0,1,30520,0,123,2022,1,25,12,50,12,6,46,17,1,1,1,1,14,7,0,0,0,0,2,9,1,70,4,2,1,55,65,12,61,1,0,11,0,1,0,11,0,2,0,10,0,3,0,2,0,2,0,4,2,35.69020833333333,139.87883638888889,3,3,9999,0,9,0
1,30,777,67,2,0,1,30000,0,123,2022,1,27,17,25,21,6,45,17,3,1,1,1,14,7,0,0,0,0,4,9,1,70,4,2,1,45,75,51,61,41,0,0,0,0,0,0,0,0,0,10,0,3,0,0,0,0,0,2,4,35.69027277777777,139.89944305555554,5,3,0,0,0,0
1,30,777,74,2,0,1,20700,0,123,2022,1,30,11,45,12,6,43,17,6,1,1,1,1,1,9,22,0,0,14,9,30,70,4,3,1,45,75,3,61,31,0,1,0,1,0,11,0,3,0,0,0,4,0,2,0,2,0,4,2,35.68809861111111,139.90920333333335,1,3,9999,0,1,0
1,30,778,8,2,0,1,30000,0,123,2022,1,12,8,40,12,6,51,16,48,1,1,1,14,7,0,0,0,0,2,9,1,70,5,3,1,35,25,3,61,31,0,1,0,1,0,11,0,5,0,10,0,3,0,2,0,2,0,4,2,35.74579333333333,139.88542055555556,4,3,9999,0,1,0
1,30,778,12,2,0,1,30000,0,123,2022,1,19,10,34,12,6,49,16,55,1,1,1,1,3,9,22,0,0,11,9,30,70,4,2,1,45,75,3,61,31,0,1,0,1,0,11,0,5,0,50,0,4,0,2,0,2,0,4,2,35.74178194444445,139.88641972222223,4,3,9999,0,9,0
1,30,778,13,2,0,1,30000,0,123,2022,1,19,15,15,12,6,49,16,55,1,1,1,14,7,0,0,0,0,1,9,1,70,5,2,1,65,35,51,61,41,0,0,0,0,0,0,0,0,0,10,0,3,0,0,0,0,0,2,4,35.73365583333334,139.88197833333334,4,3,0,0,0,0
1,30,778,19,2,0,1,95000,0,123,2022,1,29,16,35,13,6,43,17,5,1,1,1,14,7,0,0,0,0,1,9,20,70,5,4,1,1,45,51,61,41,0,0,0,0,0,0,0,0,0,10,0,4,0,0,0,0,0,4,2,35.72464111111111,139.87847861111112,7,3,0,0,0,0
1,30,778,20,2,0,1,30000,0,123,2022,1,30,17,20,21,6,43,17,6,2,1,1,1,7,9,22,0,0,11,9,30,70,5,3,1,35,25,51,61,41,0,0,0,0,0,0,0,0,0,10,0,4,0,0,0,0,0,4,2,35.73074777777778,139.87791833333335,1,3,0,0,0,0
1,30,779,11,2,0,1,30000,0,123,2022,1,20,13,35,12,6,48,16,56,1,1,1,1,7,9,22,0,0,15,9,30,70,5,2,1,35,75,51,61,41,0,0,0,0,0,0,0,0,0,10,0,3,0,0,0,0,0,4,2,35.66463472222222,139.87388972222223,5,3,0,0,0,0
1,30,779,20,2,0,1,30000,0,123,2022,1,29,10,0,12,6,43,17,5,1,1,1,1,7,1,21,0,0,11,9,30,70,4,2,1,45,65,3,61,31,0,1,0,1,0,0,0,2,0,20,0,3,0,2,0,2,0,4,2,35.68724638888889,139.86048694444443,7,3,9999,0,9,0
1,30,779,21,2,0,1,30000,0,123,2022,1,29,6,45,11,6,43,17,5,1,1,1,1,1,9,22,0,0,15,9,30,70,4,1,1,65,25,3,61,31,0,1,0,1,0,0,0,2,0,10,0,3,0,2,0,2,0,4,2,35.681192499999995,139.8682302777778,7,3,9999,0,9,0
1,30,779,22,2,0,1,30000,0,123,2022,1,14,17,15,21,6,50,16,50,1,1,1,1,7,1,21,0,0,11,9,30,70,5,1,1,1,1,36,61,31,0,0,0,0,0,0,0,2,0,20,0,4,0,0,0,0,0,4,2,35.661696944444444,139.88079222222223,6,3,9999,0,5,0
1,30,876,2,2,0,1,99000,0,209,2021,11,14,22,23,22,6,15,16,35,1,2,1,0,7,0,0,0,0,0,0,20,70,0,4,1,45,1,3,61,31,0,1,0,1,0,0,0,10,0,60,0,3,0,2,0,2,0,4,2,35.595459444444444,139.3719738888889,1,3,9999,0,5,0
1,30,876,4,2,0,1,30000,0,209,2021,10,24,11,0,12,5,55,16,55,1,2,1,1,1,9,22,0,0,14,8,30,70,5,2,1,55,75,3,61,31,0,1,0,1,0,0,0,3,0,50,0,3,0,2,0,2,0,4,2,35.60503416666667,139.36095416666666,1,3,9999,0,9,0
1,30,876,7,2,0,1,10480,0,201,2021,12,20,19,0,22,6,46,16,31,1,1,1,1,1,9,22,0,0,15,9,30,70,5,1,1,65,1,14,61,31,0,11,0,1,0,11,0,4,0,10,0,3,0,2,0,2,0,4,2,35.62186972222222,139.36935055555557,2,3,9999,0,9,0
1,30,876,9,2,0,1,30000,0,201,2022,1,1,15,43,13,6,51,16,39,1,1,1,1,7,1,21,0,0,11,9,30,70,5,2,1,35,75,3,61,31,0,1,0,1,0,11,0,2,0,50,0,3,0,2,0,2,0,4,2,35.626223055555556,139.3816788888889,7,1,9999,0,5,0
1,30,876,10,2,0,1,20770,0,201,2022,1,2,20,25,22,6,51,16,39,1,1,1,13,7,0,0,0,0,3,3,1,70,5,1,1,45,55,35,61,31,0,0,0,0,0,0,0,3,0,10,0,3,0,0,0,0,0,4,2,35.640901944444444,139.3225527777778,1,3,9999,0,9,0
1,30,876,16,2,0,1,21110,0,201,2022,1,11,6,20,23,6,51,16,47,3,1,2,1,1,9,22,0,0,19,9,30,70,1,2,1,65,55,4,61,31,0,1,0,1,0,0,0,4,0,10,0,4,0,2,0,2,0,4,2,35.626239444444444,139.3983911111111,3,3,9999,0,9,0
1,30,876,25,2,0,1,30000,0,201,2022,1,21,19,5,22,6,48,16,57,1,2,1,1,7,9,22,0,0,15,4,30,70,5,2,1,45,65,4,61,31,0,1,0,1,0,11,0,3,0,10,0,2,0,2,0,2,0,4,2,35.623734722222224,139.33616222222224,6,3,9999,0,9,0
1,30,876,26,2,0,1,20000,0,201,2022,1,22,11,25,12,6,47,16,58,1,1,1,1,1,9,22,0,0,18,9,30,70,4,2,1,55,25,3,61,31,0,1,0,1,0,0,0,3,0,10,0,3,0,2,0,2,0,4,2,35.63792083333333,139.3583686111111,7,3,9999,0,9,0
1,30,877,9,2,0,1,99000,0,201,2022,1,11,15,20,12,6,51,16,47,3,3,2,0,7,0,0,0,0,0,0,20,70,0,4,1,75,45,3,61,31,0,1,0,1,0,0,0,10,0,30,0,2,0,2,0,2,0,4,2,35.686996666666666,139.26682722222225,3,3,98,0,1,0
1,30,877,10,2,0,1,30000,0,201,2022,1,12,8,40,12,6,51,16,48,1,2,1,14,7,0,0,0,0,2,9,1,1,5,4,1,75,1,51,61,41,0,0,0,0,0,0,0,0,0,10,0,3,0,0,0,0,0,4,2,35.64760027777778,139.31604750000002,4,3,0,0,0,0
1,30,877,20,2,0,1,30000,0,201,2022,1,26,5,40,22,6,45,17,2,1,3,1,1,7,1,21,0,0,11,9,30,70,5,3,1,65,65,35,61,31,0,0,0,0,0,0,0,2,0,40,0,3,0,0,0,0,0,4,2,35.65505611111111,139.30983166666667,4,3,9999,0,9,0
1,30,877,22,2,0,1,20740,0,201,2022,1,28,17,35,21,6,44,17,4,1,2,1,1,1,1,21,0,0,12,9,30,70,4,2,1,35,75,3,61,31,0,1,0,1,0,0,0,2,0,10,0,3,0,2,0,2,0,4,2,35.65696611111111,139.2803575,6,3,9999,0,1,0
1,30,877,23,2,0,1,30000,0,201,2022,1,31,20,15,22,6,42,17,7,1,3,1,7,7,0,0,0,0,2,9,1,70,4,2,1,55,55,3,61,31,0,1,0,1,0,0,0,10,0,50,0,4,0,2,0,2,0,4,2,35.64774111111111,139.2961447222222,2,3,9999,0,9,0
1,30,878,4,2,0,1,10510,0,224,2021,12,22,21,5,22,6,47,16,32,1,1,1,1,1,9,22,0,0,19,9,30,70,1,2,1,45,1,3,61,31,0,1,0,1,0,0,0,4,0,10,0,4,0,2,0,2,0,4,2,35.65164,139.43787111111112,4,3,9999,0,1,0
1,30,878,7,2,0,1,21100,0,224,2021,11,27,7,40,12,6,28,16,29,1,2,1,14,7,0,0,0,0,5,9,1,70,1,2,1,45,0,61,0,0,0,0,0,0,0,0,0,0,0,0,0,0,0,0,0,0,0,2,0,35.60877416666667,139.42822222222222,7,3,0,0,0,0
1,30,878,13,2,0,1,30000,0,224,2022,1,7,17,45,22,6,51,16,44,1,1,3,1,7,9,22,0,0,11,9,30,70,5,2,1,55,1,4,61,31,0,1,0,1,0,0,0,10,0,40,0,4,0,2,0,2,0,4,2,35.638060277777775,139.4499763888889,6,3,9999,0,9,0
1,30,878,14,2,0,1,30000,0,224,2022,1,9,12,19,12,6,51,16,45,1,1,1,1,1,9,22,0,0,15,9,30,70,4,2,1,75,75,3,61,31,0,1,0,1,0,0,0,2,0,10,0,3,0,2,0,2,0,4,2,35.63278777777778,139.4589397222222,1,2,658,0,9,0
1,30,878,24,2,0,1,30000,0,224,2022,1,21,16,6,13,6,48,16,57,1,1,1,14,1,0,0,0,0,1,9,1,70,4,2,1,35,55,1,61,1,0,1,0,1,0,0,0,3,0,0,0,4,0,2,0,2,0,4,2,35.631574444444446,139.42933277777777,6,3,9999,0,1,0
1,30,878,29,2,0,1,21110,0,224,2022,1,25,20,50,22,6,46,17,1,3,2,2,7,1,0,0,0,0,2,9,1,70,1,2,1,75,1,3,61,31,0,1,0,1,0,0,0,5,0,10,0,3,0,2,0,2,0,4,2,35.63317222222222,139.4425527777778,3,3,558,0,9,0
1,30,879,2,2,0,1,30000,0,220,2021,12,22,14,45,12,6,47,16,32,1,1,1,1,1,9,22,0,0,14,9,30,70,4,2,1,45,1,3,61,31,0,1,0,1,0,0,0,3,0,10,0,3,0,2,0,2,0,4,2,35.743970833333336,139.42410444444442,4,3,9999,0,9,0
1,30,879,3,2,0,1,30000,0,220,2021,11,13,8,35,12,6,14,16,36,1,2,1,14,7,0,0,0,0,3,9,1,70,5,3,1,65,45,4,61,31,0,1,0,1,0,0,0,2,0,40,0,3,0,2,0,2,0,4,2,35.74461,139.43330555555553,7,3,9999,0,9,0
1,30,879,5,2,0,1,30000,0,223,2022,1,2,17,45,22,6,51,16,39,1,1,1,1,1,9,22,0,0,14,9,30,70,5,2,1,25,25,3,61,31,0,1,0,1,0,0,0,3,0,10,0,3,0,2,0,2,0,4,2,35.74204638888889,139.38295611111113,1,3,9999,0,1,0
1,30,879,8,2,0,1,30000,0,223,2022,1,4,13,55,12,6,51,16,41,1,2,1,14,7,0,0,0,0,2,9,1,70,5,3,1,55,35,51,61,41,0,0,0,0,0,0,0,0,0,10,0,3,0,0,0,0,0,2,4,35.737072500000004,139.40588527777777,3,3,0,0,0,0
1,30,879,11,2,0,1,30000,0,220,2022,1,5,11,40,12,6,51,16,42,1,2,1,1,1,9,22,0,0,11,9,30,70,5,2,1,65,75,3,61,31,0,1,0,1,0,0,0,2,0,10,0,4,0,2,0,2,0,4,2,35.7562875,139.41173944444446,4,3,9999,0,9,0
1,30,879,23,2,0,1,30000,0,220,2022,1,10,17,35,21,6,51,16,46,1,2,1,1,7,9,22,0,0,11,9,30,70,5,4,1,1,65,4,61,31,0,1,0,1,0,11,0,3,0,10,0,3,0,2,0,2,0,4,2,35.74281472222222,139.41049944444444,2,1,9999,0,1,0
1,30,879,35,2,0,1,30000,0,223,2022,1,18,15,8,12,6,49,16,54,1,1,1,1,1,9,22,0,0,12,9,30,70,5,2,1,75,35,14,61,31,0,11,0,1,0,0,0,3,0,10,0,3,0,2,0,2,0,4,2,35.757865,139.37634916666667,3,3,574,0,9,0
1,30,879,41,2,0,1,30000,0,220,2022,1,23,12,55,12,6,47,16,59,2,1,1,14,7,0,0,0,0,3,9,1,70,5,3,1,45,1,3,61,31,0,1,0,1,0,0,0,1,0,10,0,3,0,2,0,2,0,4,2,35.745535000000004,139.41550055555555,1,3,9999,0,1,0
1,30,880,2,2,0,1,30000,0,205,2021,12,29,8,27,12,6,50,16,36,1,2,1,1,1,9,22,0,0,19,9,30,70,4,2,1,65,25,3,61,31,0,1,0,1,0,0,0,3,0,40,0,3,0,2,0,2,0,4,2,35.77997222222222,139.30672444444446,4,3,9999,0,9,0
1,30,880,10,2,0,1,30000,0,205,2022,1,21,11,40,12,6,48,16,57,1,3,1,14,1,0,0,0,0,2,9,1,70,4,1,1,1,75,3,61,31,0,1,0,1,0,0,0,3,0,10,0,3,0,2,0,2,0,4,2,35.76712166666667,139.29478472222223,6,3,9999,0,1,0
1,30,880,15,2,0,1,30000,0,205,2022,1,25,18,45,22,6,46,17,1,1,1,1,1,1,9,22,0,0,12,9,30,70,5,2,1,25,75,3,61,31,0,1,0,1,0,11,0,3,0,10,0,3,0,2,0,2,0,4,2,35.78355138888889,139.27281583333334,3,3,9999,0,1,0
1,30,880,16,2,0,1,30000,0,205,2022,1,27,20,50,22,6,45,17,3,1,1,1,14,7,0,0,0,0,4,9,1,70,4,2,1,45,25,3,61,31,0,1,0,1,0,11,0,3,0,40,0,3,0,2,0,2,0,4,2,35.788668611111106,139.30317972222224,5,3,9999,0,9,0
1,30,881,7,2,0,1,99000,0,305,2022,1,21,18,58,22,6,48,16,57,1,1,1,0,7,0,0,0,0,0,0,20,70,0,4,1,45,1,3,61,31,0,1,0,1,0,0,0,10,0,10,0,3,0,2,0,2,0,4,2,35.73418111111111,139.27466138888892,6,3,9999,0,1,0
1,30,881,11,2,0,1,95000,0,305,2022,1,25,17,55,21,6,46,17,1,2,2,1,1,7,9,22,0,0,14,9,30,70,4,2,1,65,1,4,61,31,0,1,0,1,0,0,0,3,0,10,0,3,0,2,0,2,0,4,2,35.73433277777778,139.282925,3,3,9999,0,9,0
1,30,882,8,2,0,1,10550,0,218,2022,1,6,17,41,21,6,51,16,43,1,1,2,14,7,0,0,0,0,3,9,1,70,4,2,1,55,45,3,61,31,0,1,0,1,0,0,0,3,0,20,0,3,0,2,0,2,0,4,2,35.72834888888889,139.33471083333333,5,3,9999,0,9,0
1,30,882,18,2,0,1,30000,0,228,2022,1,13,18,20,22,6,51,16,49,1,2,1,1,7,9,22,0,0,11,9,30,70,4,2,1,65,45,3,61,31,0,1,0,1,0,0,0,3,0,10,0,3,0,2,0,2,0,4,2,35.72976194444445,139.27093861111112,5,3,9999,0,9,0
1,30,882,21,2,0,1,95000,0,227,2022,1,17,14,0,12,6,49,16,53,1,1,1,1,1,9,22,0,0,14,9,30,70,4,2,1,65,75,3,61,31,0,1,0,1,0,11,0,3,0,10,0,3,0,2,0,2,0,4,2,35.76066222222222,139.31651194444444,2,3,9999,0,9,0
1,30,882,32,2,0,1,30000,0,228,2022,1,22,16,55,13,6,47,16,58,1,1,1,14,7,0,0,0,0,2,9,1,70,5,3,1,35,1,13,61,31,0,11,0,1,0,0,0,2,0,50,0,3,0,2,0,2,0,4,2,35.72638916666667,139.30275805555556,7,3,9999,0,1,0
1,30,882,33,2,0,1,20000,0,228,2022,1,12,6,25,23,6,51,16,48,1,1,3,1,1,9,22,0,0,15,9,30,70,4,2,1,25,65,14,61,31,0,11,0,1,0,0,0,3,0,10,0,3,0,2,0,2,0,4,2,35.731593333333336,139.28964027777778,4,3,9999,0,5,0
1,30,882,37,2,0,1,20000,0,228,2022,1,25,14,36,12,6,46,17,1,1,1,1,1,1,9,22,0,0,16,9,30,70,4,2,1,45,65,3,61,31,0,1,0,1,0,11,0,3,0,10,0,3,0,2,0,2,0,4,2,35.738892222222226,139.30618083333334,3,3,9999,0,9,0
1,30,882,42,2,0,1,30000,0,227,2022,1,28,14,0,12,6,44,17,4,1,2,1,14,7,0,0,0,0,1,9,1,70,5,4,1,75,75,3,61,31,0,1,0,1,0,11,0,10,0,20,0,3,0,2,0,2,0,4,2,35.760377222222225,139.30966861111114,6,3,948,0,9,0
1,30,883,25,2,0,1,30000,0,201,2022,1,25,12,45,12,6,46,17,1,1,1,1,14,7,0,0,0,0,3,9,1,70,5,3,1,45,75,3,61,31,0,1,0,1,0,0,0,10,0,50,0,3,0,2,0,2,0,4,2,35.66504,139.36960833333333,3,3,9999,0,1,0
1,30,884,1,2,0,1,10610,0,209,2021,12,17,18,25,22,6,44,16,30,1,1,1,1,7,9,22,0,0,15,9,30,70,5,3,1,45,55,51,61,41,0,0,0,0,0,0,0,0,0,10,0,3,0,0,0,0,0,4,2,35.553155555555556,139.448385,6,3,0,0,0,0
1,30,884,2,2,0,1,30000,0,209,2021,12,17,19,55,22,6,44,16,30,1,1,1,13,7,0,0,0,0,3,6,1,70,4,3,1,1,55,34,61,31,0,0,0,0,0,0,0,2,0,10,0,3,0,0,0,0,0,4,2,35.576769444444444,139.49896583333333,6,3,9999,0,1,0
1,30,884,5,2,0,1,30000,0,209,2021,12,6,21,20,22,6,36,16,28,1,1,1,14,7,0,0,0,0,2,9,1,70,5,3,1,35,65,3,61,31,0,1,0,1,0,0,0,2,0,20,0,3,0,2,0,2,0,4,2,35.564078888888886,139.46422249999998,2,3,9999,0,1,0
1,30,884,7,2,0,1,10610,0,209,2021,11,16,18,35,22,6,17,16,34,1,1,1,14,7,0,0,0,0,1,9,1,70,4,2,1,1,65,51,61,41,0,0,0,0,0,0,0,0,0,10,0,3,0,0,0,0,0,4,2,35.58674583333334,139.48139111111112,3,3,0,0,0,0
1,30,884,9,2,0,1,30560,0,209,2021,11,24,19,50,22,6,25,16,30,1,1,1,7,1,0,0,0,0,3,9,1,70,1,2,1,1,1,3,61,31,0,1,0,1,0,0,0,3,0,10,0,3,0,2,0,2,0,4,2,35.54082472222222,139.44927972222223,4,3,9999,0,1,0
1,30,884,14,2,0,1,30000,0,209,2021,12,18,19,7,22,6,45,16,30,1,1,1,7,7,0,0,0,0,3,9,1,70,5,4,1,35,45,36,61,31,0,0,0,0,0,0,0,2,0,20,0,3,0,0,0,0,0,4,2,35.54148222222222,139.44716722222222,7,3,9999,0,5,0
1,30,884,17,2,0,1,30000,0,209,2022,1,1,19,10,22,6,51,16,39,1,1,1,14,7,0,0,0,0,2,9,1,70,5,4,1,55,1,4,61,31,0,1,0,1,0,0,0,10,0,10,0,3,0,2,0,2,0,4,2,35.56964138888889,139.4346136111111,7,1,9999,0,9,0
1,30,884,18,2,0,1,30000,0,209,2022,1,1,23,40,22,6,51,16,39,1,1,1,14,7,0,0,0,0,4,9,1,70,5,2,1,45,35,35,61,31,0,0,0,0,0,0,0,3,0,10,0,3,0,0,0,0,0,4,2,35.59728277777778,139.47110777777777,7,1,9999,0,5,0
1,30,884,30,2,0,1,30000,0,209,2022,1,9,5,35,22,6,51,16,45,1,1,1,1,1,9,22,0,0,16,9,30,70,4,1,1,55,1,3,61,31,0,1,0,1,0,0,0,3,0,17,0,3,0,2,0,2,0,4,2,35.53644472222222,139.48048305555557,1,2,9999,0,9,0
1,30,884,39,2,0,1,30000,0,209,2022,1,14,20,47,22,6,50,16,50,1,1,1,1,7,8,22,0,0,11,9,30,70,5,3,1,45,55,3,61,31,0,1,0,1,0,0,0,2,0,20,0,3,0,2,0,2,0,4,2,35.555882499999996,139.4487777777778,6,3,9999,0,1,0
1,30,884,43,2,0,1,30000,0,209,2022,1,17,7,30,11,6,49,16,53,1,1,1,14,7,0,0,0,0,3,9,1,70,4,2,1,35,1,1,61,1,0,1,0,1,0,0,0,3,0,20,0,3,0,2,0,2,0,4,2,35.594945,139.45130194444442,2,3,9999,0,1,0
1,30,884,44,2,0,1,30000,0,209,2022,1,17,15,40,12,6,49,16,53,1,1,1,1,7,9,22,0,0,11,9,30,70,5,1,1,55,1,4,61,31,0,1,0,1,0,0,0,3,0,10,0,2,0,2,0,2,0,4,2,35.57830944444445,139.41485833333334,2,3,9999,0,9,0
1,30,884,46,2,0,1,30000,0,209,2022,1,17,19,30,22,6,49,16,53,1,1,1,1,1,1,22,0,0,16,9,30,70,4,1,1,45,65,4,61,31,0,1,0,1,0,0,0,2,0,10,0,3,0,2,0,2,0,4,2,35.598745,139.46846888888888,2,3,9999,0,1,0
1,30,884,55,2,0,1,30000,0,209,2022,1,20,18,50,22,6,48,16,56,1,2,1,14,7,0,0,0,0,2,9,1,70,5,3,1,55,75,4,61,31,0,1,0,1,0,0,0,2,0,20,0,3,0,2,0,2,0,4,2,35.56491444444444,139.4548125,5,3,9999,0,1,0
1,30,884,56,2,0,1,30570,0,209,2022,1,15,11,20,12,6,50,16,51,1,1,1,1,1,9,22,0,0,15,9,30,70,4,2,1,75,75,3,61,31,0,1,0,1,0,0,0,1,0,50,0,3,0,2,0,2,0,4,2,35.567613333333334,139.43234333333334,7,3,475,0,9,0
1,30,884,57,2,0,1,10610,0,209,2022,1,23,14,55,12,6,47,16,59,2,1,1,14,7,0,0,0,0,3,9,1,70,4,2,1,55,75,51,61,41,0,0,0,0,0,0,0,0,0,10,0,3,0,0,0,0,0,4,2,35.58828472222223,139.46510138888888,1,3,0,0,0,0
1,30,884,59,2,0,1,30550,0,209,2022,1,24,8,20,12,6,46,17,0,1,1,1,14,7,0,0,0,0,2,9,1,70,5,4,1,45,55,3,61,31,0,1,0,1,0,0,0,5,0,40,0,3,0,2,0,2,0,4,2,35.55944888888889,139.46488638888889,2,3,9999,0,9,0
1,30,884,60,2,0,1,30000,0,209,2022,1,24,11,55,12,6,46,17,0,1,1,1,14,7,0,0,0,0,2,9,1,70,5,3,1,1,75,36,61,31,0,0,0,0,0,0,0,2,0,10,0,3,0,0,0,0,0,4,2,35.55028194444444,139.45292833333332,2,3,9999,0,1,0
1,30,884,64,2,0,1,10570,0,209,2022,1,25,7,40,11,6,46,17,1,1,1,1,14,7,0,0,0,0,4,8,1,70,5,1,1,25,45,51,61,41,0,0,0,0,0,0,0,0,0,40,0,4,0,0,0,0,0,4,2,35.559825555555555,139.44843527777778,3,3,0,0,0,0
1,30,884,65,2,0,1,30000,0,209,2022,1,25,17,55,21,6,46,17,1,1,1,1,1,7,1,21,0,0,15,9,30,70,5,3,1,75,45,3,61,31,0,1,0,1,0,0,0,2,0,50,0,4,0,2,0,2,0,4,2,35.54860583333333,139.45448638888888,3,3,573,0,9,0
1,30,884,66,2,0,1,95000,0,209,2022,1,10,14,30,12,6,51,16,46,1,1,1,0,7,0,0,0,0,0,0,20,70,0,4,1,65,75,4,61,31,0,1,0,1,0,0,0,10,0,30,0,3,0,2,0,2,0,4,2,35.575584722222224,139.46841416666666,2,1,9999,0,9,0
1,30,884,76,2,0,1,10610,0,209,2022,1,31,7,30,11,6,42,17,7,1,1,1,1,1,9,22,0,0,16,9,30,70,5,2,1,25,75,17,61,31,0,11,0,1,0,0,0,3,0,50,0,3,0,2,0,2,0,4,2,35.58506138888889,139.48574,2,3,9999,0,1,0