資料区分,都道府県コード,警察署等コード,本票番号,事故内容,死者数,負傷者数,路線コード,地点コード,市区町村コード,発生日時　　年,発生日時　　月,発生日時　　日,発生日時　　時,発生日時　　分,昼夜,日の出時刻　　時,日の出時刻　　分,日の入り時刻　　時,日の入り時刻　　分,天候,地形,路面状態,道路形状,信号機,一時停止規制　標識（当事者A）,一時停止規制　表示（当事者A）,一時停止規制　標識（当事者B）,一時停止規制　表示（当事者B）,車道幅員,道路線形,衝突地点,ゾーン規制,中央分離帯施設等,歩車道区分,事故類型,年齢（当事者A）,年齢（当事者B）,当事者種別（当事者A）,当事者種別（当事者B）,用途別（当事者A）,用途別（当事者B）,車両形状等（当事者A）,車両形状等（当事者B）,オートマチック車（当事者A）,オートマチック車（当事者B）,サポカー（当事者A）,サポカー（当事者B）,速度規制（指定のみ）（当事者A）,速度規制（指定のみ）（当事者B）,車両の衝突部位（当事者A）,車両の衝突部位（当事者B）,車両の損壊程度（当事者A）,車両の損壊程度（当事者B）,エアバッグの装備（当事者A）,エアバッグの装備（当事者B）,サイドエアバッグの装備（当事者A）,サイドエアバッグの装備（当事者B）,人身損傷程度（当事者A）,人身損傷程度（当事者B）,lat,lon,曜日(発生年月日),祝日(発生年月日),認知機能検査経過日数（当事者A）,認知機能検査経過日数（当事者B）,運転練習の方法（当事者A）,運転練習の方法（当事者B）
1,30,884,80,2,0,1,30560,0,209,2022,1,19,20,52,22,6,49,16,55,1,1,1,14,7,0,0,0,0,1,9,1,70,5,1,1,1,65,51,61,41,0,0,0,0,0,0,0,0,0,10,0,3,0,0,0,0,0,4,2,35.543625,139.4448825,4,3,0,0,0,0
1,30,885,17,2,0,1,200,0,212,2022,1,19,18,55,22,6,49,16,55,1,3,1,1,1,9,22,0,0,18,9,30,70,4,1,1,75,35,3,61,31,0,1,0,1,0,0,0,3,0,10,0,3,0,2,0,2,0,4,2,35.66885055555555,139.3922925,4,3,988,0,9,0
1,30,885,20,2,0,1,30000,0,212,2022,1,24,19,0,22,6,46,17,0,1,3,1,1,7,9,22,0,0,11,9,30,70,4,3,1,35,45,36,61,31,0,0,0,0,0,0,0,10,0,10,0,3,0,0,0,0,0,4,2,35.66648722222222,139.38147138888888,2,3,9999,0,1,0
1,30,885,25,2,0,1,30000,0,212,2022,1,21,12,30,12,6,48,16,57,1,1,1,14,7,0,0,0,0,3,9,1,1,5,3,1,45,45,3,61,31,0,1,0,1,0,0,0,10,0,30,0,4,0,2,0,2,0,4,2,35.662418055555555,139.384465,6,3,9999,0,5,0
1,30,886,3,2,0,1,30000,0,207,2022,1,4,10,25,12,6,51,16,41,1,1,1,7,7,0,0,0,0,3,9,1,70,5,3,1,45,75,3,61,31,0,1,0,1,0,0,0,2,0,50,0,4,0,2,0,2,0,4,2,35.717485,139.35071555555555,3,3,9999,0,1,0
1,30,886,7,2,0,1,95000,0,207,2022,1,6,10,25,12,6,51,16,43,2,1,1,0,7,0,0,0,0,0,0,20,70,0,4,1,65,75,3,61,31,0,1,0,1,0,0,0,10,0,30,0,3,0,2,0,2,0,4,2,35.71340694444445,139.35632805555554,5,3,9999,0,9,0
1,30,886,14,2,0,1,30000,0,207,2022,1,10,13,15,12,6,51,16,46,1,1,1,14,7,0,0,0,0,3,9,1,70,5,4,1,35,1,14,61,1,0,11,0,1,0,11,0,10,0,40,0,3,0,2,0,2,0,4,2,35.71257138888889,139.3442988888889,2,1,9999,0,1,0
1,30,886,16,2,0,1,30000,0,207,2022,1,12,10,20,12,6,51,16,48,1,2,1,14,7,0,0,0,0,2,9,1,70,5,2,1,75,25,14,61,31,0,11,0,1,0,0,0,10,0,50,0,4,0,2,0,2,0,4,2,35.70654972222223,139.37577611111112,4,3,882,0,9,0
1,30,886,24,2,0,1,20000,0,207,2022,1,14,17,20,21,6,50,16,50,1,1,1,1,1,9,22,0,0,14,9,30,70,5,3,1,1,45,3,61,31,0,1,0,1,0,0,0,3,0,20,0,3,0,2,0,2,0,4,2,35.721407222222226,139.37697944444446,6,3,9999,0,9,0
1,30,886,27,2,0,1,31050,0,207,2022,1,9,14,25,12,6,51,16,45,1,1,1,14,7,0,0,0,0,2,9,1,70,4,2,1,65,45,4,61,31,0,1,0,1,0,0,0,10,0,10,0,3,0,2,0,2,0,4,2,35.71219333333334,139.35632388888888,1,2,9999,0,9,0
1,30,886,32,2,0,1,30000,0,207,2022,1,25,5,45,22,6,46,17,1,1,1,1,14,7,0,0,0,0,3,9,1,70,5,3,1,35,65,4,61,31,0,1,0,1,0,0,0,2,0,40,0,3,0,2,0,2,0,4,2,35.70612694444445,139.3606847222222,3,3,9999,0,1,0
1,30,886,33,2,0,1,30000,0,207,2022,1,26,8,20,12,6,45,17,2,2,1,1,1,7,1,21,0,0,15,9,30,70,4,1,1,55,75,3,61,1,0,1,0,1,0,0,0,1,0,50,0,3,0,2,0,2,0,4,2,35.70659277777778,139.36079638888887,4,3,9999,0,9,0
1,30,887,15,2,0,1,10540,0,202,2022,1,7,14,35,12,6,51,16,44,1,3,1,1,1,9,22,0,0,18,9,30,70,1,2,1,45,75,3,61,31,0,1,0,1,0,0,0,4,0,10,0,3,0,2,0,2,0,4,2,35.726438333333334,139.41828694444445,6,3,9999,0,9,0
1,30,887,26,2,0,1,99000,0,215,2022,1,12,14,20,12,6,51,16,48,1,1,1,0,7,0,0,0,0,0,0,20,70,0,4,1,1,0,61,0,0,0,0,0,0,0,0,0,0,0,0,0,0,0,0,0,0,0,2,0,35.688291388888885,139.43197138888888,4,3,0,0,0,0
1,30,887,27,2,0,1,95000,0,202,2022,1,14,10,57,12,6,50,16,50,1,1,1,1,7,9,22,0,0,13,9,30,70,4,2,1,75,25,14,61,31,0,11,0,1,0,0,0,3,0,10,0,3,0,2,0,2,0,4,2,35.69497583333333,139.41415166666667,6,3,676,0,9,0
1,30,887,36,2,0,1,99000,0,202,2022,1,18,14,23,12,6,49,16,54,1,2,1,0,7,0,0,0,0,0,0,20,70,0,4,1,45,45,3,61,31,0,1,0,1,0,0,0,10,0,20,0,3,0,2,0,2,0,4,2,35.72163583333334,139.42901999999998,3,3,9999,0,9,0
1,30,887,39,2,0,1,30000,0,202,2022,1,20,15,46,12,6,48,16,56,1,2,1,1,1,9,22,0,0,11,9,30,70,4,2,1,65,1,3,61,31,0,1,0,1,0,11,0,2,0,40,0,3,0,2,0,2,0,4,2,35.72766361111111,139.36544,5,3,9999,0,9,0
1,30,887,46,2,0,1,95000,0,202,2022,1,23,22,35,22,6,47,16,59,2,2,1,1,7,9,22,0,0,15,9,30,70,4,2,1,55,25,51,61,41,0,0,0,0,0,0,0,0,0,10,0,3,0,0,0,0,0,4,2,35.697450555555555,139.4100388888889,1,3,0,0,0,0
1,30,887,53,2,0,1,95000,0,202,2022,1,27,18,25,22,6,45,17,3,1,1,1,7,7,0,0,0,0,3,9,1,70,1,2,1,1,1,4,61,31,0,1,0,1,0,0,0,3,0,10,0,3,0,2,0,2,0,4,2,35.699689166666666,139.40476472222224,5,3,9999,0,1,0
1,30,887,56,2,0,1,30000,0,215,2022,1,10,16,37,13,6,51,16,46,1,2,1,14,7,0,0,0,0,2,9,1,70,5,2,1,45,55,51,61,41,0,0,0,0,0,0,0,0,0,10,0,3,0,0,0,0,0,4,2,35.687977222222216,139.44734305555556,2,1,0,0,0,0
1,30,888,8,2,0,1,30000,0,206,2022,1,12,10,25,12,6,51,16,48,1,1,1,14,7,0,0,0,0,4,9,1,70,4,2,1,25,75,51,61,41,0,0,0,0,0,0,0,0,0,10,0,3,0,0,0,0,0,4,2,35.67089277777777,139.46710666666667,4,3,0,0,0,0
1,30,888,10,2,0,1,10750,0,206,2022,1,14,18,40,22,6,50,16,50,1,1,1,14,7,0,0,0,0,2,9,1,70,1,2,1,35,1,51,61,41,0,0,0,0,0,0,0,0,0,10,0,4,0,0,0,0,0,4,2,35.688471944444444,139.4848908333333,6,3,0,0,0,0
1,30,888,11,2,0,1,30000,0,206,2022,1,19,12,45,12,6,49,16,55,1,1,1,14,7,0,0,0,0,2,9,1,70,5,3,1,65,35,3,61,31,0,1,0,1,0,0,0,10,0,80,0,1,0,2,0,2,0,4,2,35.665798055555555,139.5031363888889,4,3,9999,0,9,0
1,30,888,15,2,0,1,30000,0,206,2022,1,22,7,15,11,6,47,16,58,1,1,1,14,7,0,0,0,0,2,9,1,70,5,2,1,1,75,51,61,41,0,0,0,0,0,0,0,0,0,40,0,4,0,0,0,0,0,4,2,35.68790499999999,139.48371194444442,7,3,0,0,0,0
1,30,888,23,2,0,1,10500,0,206,2022,1,27,13,23,12,6,45,17,3,1,1,1,7,7,0,0,0,0,3,9,1,70,4,2,1,75,25,3,61,31,0,1,0,1,0,11,0,3,0,10,0,3,0,2,0,2,0,4,2,35.673125,139.47529333333333,5,3,347,0,5,0
1,30,888,24,2,0,1,30000,0,206,2022,1,28,18,15,22,6,44,17,4,1,1,1,1,7,2,22,0,0,14,9,30,70,4,2,1,55,25,3,61,31,0,1,0,1,0,11,0,3,0,10,0,3,0,2,0,2,0,4,2,35.6727025,139.49332916666665,6,3,9999,0,9,0
1,30,889,2,2,0,1,10260,0,214,2022,1,12,14,0,12,6,51,16,48,1,1,1,14,7,0,0,0,0,3,9,1,70,4,1,1,1,0,61,0,0,0,0,0,0,0,0,0,0,0,0,0,0,0,0,0,0,0,2,0,35.71693027777778,139.45177249999998,4,3,0,0,0,0
1,30,889,6,2,0,1,10750,0,210,2022,1,19,5,25,22,6,49,16,55,1,1,1,1,1,9,22,0,0,17,9,30,70,1,2,1,45,75,3,61,31,0,1,0,1,0,0,0,5,0,80,0,3,0,2,0,2,0,4,2,35.68955861111111,139.4984575,4,3,9999,0,1,0
1,30,890,9,2,0,1,20000,0,222,2021,9,14,9,14,12,5,23,17,50,2,1,1,14,7,0,0,0,0,3,9,1,70,4,3,1,25,35,3,61,31,0,1,0,1,0,0,0,2,0,40,0,4,0,2,0,2,0,4,2,35.757736666666666,139.5276777777778,3,3,9999,0,1,0
1,30,890,19,2,0,1,10600,0,229,2022,1,11,16,40,13,6,51,16,47,3,1,2,1,1,8,22,0,0,11,9,30,70,4,2,1,35,75,17,61,31,0,11,0,1,0,0,0,3,0,10,0,3,0,2,0,2,0,4,2,35.72016444444445,139.54299833333334,3,3,9999,0,5,0
1,30,890,24,2,0,1,30000,0,222,2022,1,15,6,26,23,6,50,16,51,1,1,1,1,1,9,22,0,0,15,9,30,70,5,1,1,65,75,14,61,31,0,11,0,1,0,11,0,2,0,20,0,3,0,2,0,2,0,4,2,35.768966666666664,139.54297194444445,7,3,9999,0,9,0
1,30,890,27,2,0,1,30000,0,229,2022,1,14,13,13,12,6,50,16,50,1,1,1,1,7,9,22,0,0,15,9,30,70,5,3,1,65,25,3,61,31,0,1,0,1,0,0,0,10,0,10,0,3,0,2,0,2,0,4,2,35.75122527777778,139.56790416666666,6,3,9999,0,9,0
1,30,890,29,2,0,1,95000,0,229,2022,1,16,15,43,12,6,50,16,52,1,1,1,1,1,9,22,0,0,15,9,30,70,4,2,1,75,1,4,61,31,0,1,0,1,0,0,0,2,0,10,0,3,0,2,0,2,0,4,2,35.755523333333336,139.56674944444444,1,3,354,0,9,0
1,30,890,32,2,0,1,30000,0,222,2022,1,17,8,55,12,6,49,16,53,1,1,1,1,1,9,22,0,0,15,9,30,70,4,2,1,1,45,3,61,31,0,1,0,1,0,0,0,2,0,20,0,3,0,2,0,2,0,4,2,35.767851666666665,139.52177916666668,2,3,9999,0,5,0
1,30,890,40,2,0,2,30000,0,229,2022,1,27,13,20,12,6,45,17,3,1,1,1,14,7,0,0,0,0,3,9,1,70,1,2,1,75,65,3,61,31,0,1,0,1,0,11,0,10,0,40,0,4,0,2,0,2,0,4,2,35.721985555555555,139.5605666666667,5,3,311,0,9,0
1,30,891,18,2,0,1,30000,0,221,2022,1,24,6,0,23,6,46,17,0,1,1,1,1,7,1,22,0,0,13,9,30,70,5,2,1,45,75,12,61,31,0,11,0,2,0,0,0,2,0,10,0,3,0,2,0,2,0,4,2,35.774831666666664,139.50933138888888,2,3,9999,0,1,0
1,30,892,5,2,0,1,30000,0,203,2022,1,1,14,30,12,6,51,16,39,1,1,1,14,7,0,0,0,0,2,9,1,70,5,2,1,55,1,3,61,1,0,1,0,1,0,0,0,10,0,40,0,3,0,2,0,2,0,4,2,35.70342166666667,139.58139833333334,7,1,9999,0,9,0
1,30,892,15,2,0,1,30000,0,203,2022,1,8,22,22,22,6,51,16,44,1,1,1,14,7,0,0,0,0,2,9,1,70,5,2,1,65,65,3,61,1,0,1,0,1,0,0,0,1,0,10,0,3,0,2,0,2,0,4,2,35.703656111111115,139.57995777777776,7,3,9999,0,9,0
1,30,892,16,2,0,1,10260,0,203,2022,1,11,17,25,21,6,51,16,47,3,1,2,1,7,9,22,0,0,13,9,30,70,1,1,1,55,55,51,61,41,0,0,0,0,0,0,0,0,0,10,0,4,0,0,0,0,0,4,2,35.71331194444445,139.5425725,3,3,0,0,0,0
1,30,892,27,2,0,1,30000,0,203,2022,1,21,19,45,22,6,48,16,57,1,1,2,14,7,0,0,0,0,2,9,1,70,5,4,1,55,35,3,61,31,0,1,0,1,0,0,0,2,0,40,0,3,0,2,0,2,0,4,2,35.70644277777778,139.5780336111111,6,3,9999,0,1,0
1,30,893,1,1,1,0,10270,0,204,2022,1,8,17,55,22,6,51,16,44,1,1,1,14,7,0,0,0,0,3,9,1,70,4,2,1,45,65,3,61,31,0,1,0,1,0,11,0,3,0,10,0,3,0,2,0,2,0,4,1,35.68288777777777,139.5672425,7,3,9999,0,1,0
1,30,893,3,2,0,1,20910,0,204,2022,1,1,8,40,12,6,51,16,39,1,1,1,1,1,9,22,0,0,14,9,30,70,4,2,1,25,35,4,61,31,0,1,0,1,0,11,0,3,0,10,0,3,0,2,0,2,0,4,2,35.68859666666666,139.5380436111111,7,1,9999,0,1,0
1,30,893,5,2,0,1,30000,0,204,2022,1,4,15,10,12,6,51,16,41,1,1,1,1,1,9,22,0,0,15,9,30,70,4,2,1,65,65,4,61,31,0,1,0,1,0,11,0,3,0,20,0,3,0,2,0,2,0,4,2,35.67717416666667,139.5773188888889,3,3,9999,0,9,0
1,30,893,6,2,0,1,20900,0,204,2022,1,5,11,40,12,6,51,16,42,1,1,1,1,1,9,22,0,0,15,9,30,70,4,2,1,45,65,51,61,41,0,0,0,0,0,0,0,0,0,10,0,3,0,0,0,0,0,4,2,35.70098083333334,139.5589977777778,4,3,0,0,0,0
1,30,893,8,2,0,1,30000,0,204,2022,1,6,12,45,12,6,51,16,43,5,1,2,14,7,0,0,0,0,2,9,1,70,5,3,1,1,75,51,61,41,0,0,0,0,0,0,0,0,0,10,0,3,0,0,0,0,0,4,2,35.66626194444444,139.57386277777778,5,3,0,0,0,0
1,30,893,10,2,0,1,30000,0,204,2022,1,4,6,15,23,6,51,16,41,1,1,1,1,1,9,22,0,0,11,9,30,70,4,2,1,35,25,14,61,1,0,11,0,1,0,0,0,3,0,10,0,4,0,2,0,2,0,4,2,35.67467972222222,139.56699805555556,3,3,9999,0,5,0
1,30,893,11,2,0,1,30000,0,204,2022,1,8,14,15,12,6,51,16,44,1,1,1,14,7,0,0,0,0,2,9,1,70,5,3,1,65,1,14,61,1,0,11,0,1,0,11,0,2,0,10,0,3,0,2,0,2,0,4,2,35.68577944444444,139.5617213888889,7,3,9999,0,9,0
1,30,893,17,2,0,1,30000,0,204,2022,1,14,15,35,12,6,50,16,50,1,1,1,14,7,0,0,0,0,2,9,1,70,5,4,1,1,0,61,0,0,0,0,0,0,0,0,0,0,0,0,0,0,0,0,0,0,0,2,0,35.68938194444444,139.56718027777777,6,3,0,0,0,0
1,30,893,24,2,0,1,30000,0,204,2022,1,30,20,45,22,6,43,17,6,2,1,1,1,7,9,22,0,0,12,9,30,70,4,2,1,45,1,3,61,1,0,1,0,1,0,11,0,1,0,20,0,3,0,2,0,2,0,4,2,35.686274166666664,139.58193138888888,1,3,9999,0,1,0
1,30,893,25,2,0,1,30000,0,204,2022,1,28,7,50,12,6,44,17,4,1,1,1,14,7,0,0,0,0,2,7,1,70,4,2,1,75,35,3,61,31,0,1,0,1,0,0,0,2,0,40,0,3,0,2,0,2,0,4,2,35.68976694444444,139.58580805555556,6,3,376,0,9,0
1,30,893,27,2,0,1,20230,0,204,2022,1,18,17,38,21,6,49,16,54,1,1,1,14,7,0,0,0,0,4,9,1,70,4,2,1,45,25,1,61,1,0,1,0,1,0,0,0,3,0,40,0,4,0,2,0,2,0,4,2,35.68758083333333,139.56881972222223,3,3,9999,0,9,0
1,30,894,20,2,0,1,30000,0,208,2022,1,12,20,10,22,6,51,16,48,1,1,1,14,7,0,0,0,0,3,9,1,70,5,3,1,55,55,4,61,31,0,1,0,1,0,0,0,10,0,10,0,3,0,2,0,2,0,4,2,35.64817611111111,139.5292813888889,4,3,9999,0,9,0
1,30,894,22,2,0,1,30000,0,208,2022,1,14,14,28,12,6,50,16,50,1,1,1,14,7,0,0,0,0,2,8,1,70,4,3,1,35,1,14,61,31,0,11,0,1,0,0,0,2,0,10,0,3,0,2,0,2,0,4,2,35.65994833333333,139.56697472222223,6,3,9999,0,1,0
1,30,894,40,2,0,1,30000,0,208,2022,1,20,18,15,22,6,48,16,56,1,1,1,14,7,0,0,0,0,3,9,1,70,4,2,1,65,45,51,61,41,0,0,0,0,0,0,0,0,0,10,0,3,0,0,0,0,0,4,2,35.63845277777778,139.55233944444444,5,3,0,0,0,0
1,30,894,44,2,0,1,30000,0,208,2022,1,30,11,5,12,6,43,17,6,2,1,1,14,7,0,0,0,0,2,9,1,70,5,3,1,55,55,3,61,1,0,1,0,1,0,0,0,5,0,40,0,4,0,2,0,2,0,4,2,35.659303888888886,139.5880116666667,1,3,9999,0,9,0
1,30,895,1,2,0,1,30000,0,211,2021,12,23,14,38,12,6,48,16,32,1,1,1,14,7,0,0,0,0,3,9,1,70,5,4,1,35,75,4,61,31,0,1,0,1,0,0,0,2,0,20,0,3,0,2,0,2,0,4,2,35.72697277777778,139.50876694444443,5,3,9999,0,1,0
1,30,895,2,2,0,1,30000,0,211,2021,12,15,11,25,12,6,43,16,29,1,1,1,14,7,0,0,0,0,1,9,1,70,5,3,1,65,25,3,61,31,0,1,0,1,0,0,0,1,0,40,0,3,0,2,0,2,0,4,2,35.71847666666667,139.4583825,4,3,9999,0,9,0
1,30,895,10,2,0,1,30000,0,211,2022,1,13,14,0,12,6,51,16,49,1,1,1,1,7,9,22,0,0,11,9,30,70,5,4,1,25,75,4,61,31,0,1,0,1,0,11,0,10,0,10,0,3,0,2,0,2,0,4,2,35.736538611111115,139.48698444444443,5,3,9999,0,1,0
1,30,895,12,2,0,1,95000,0,211,2022,1,18,17,26,21,6,49,16,54,1,1,1,1,1,9,22,0,0,15,9,30,70,4,2,1,45,1,4,61,31,0,1,0,1,0,0,0,5,0,10,0,3,0,2,0,2,0,4,2,35.723422500000005,139.49148388888887,3,3,9999,0,9,0
1,30,895,19,2,0,1,10250,0,211,2022,1,22,15,53,12,6,47,16,58,1,1,1,1,1,9,22,0,0,18,9,30,70,5,2,1,45,35,14,61,31,0,11,0,1,0,0,0,4,0,20,0,3,0,2,0,2,0,4,2,35.74272861111111,139.4969725,7,3,9999,0,9,0
1,30,100,24,2,0,1,10010,0,101,2022,2,12,15,6,12,6,31,17,20,1,1,1,1,7,9,22,0,0,17,9,30,70,1,2,1,45,55,17,61,1,0,11,0,1,0,11,0,2,0,40,0,4,0,2,0,2,0,4,2,35.701863333333336,139.74592166666665,7,3,9999,0,9,0
1,30,100,29,2,0,1,20000,0,101,2022,2,26,18,35,22,6,15,17,33,1,1,1,7,7,0,0,0,0,3,9,1,70,5,2,1,45,1,51,61,41,0,0,0,0,0,0,0,0,0,0,0,4,0,0,0,0,0,4,2,35.69885583333333,139.7455286111111,7,3,0,0,0,0
1,30,100,30,2,0,1,30000,0,101,2022,2,21,18,10,21,6,21,17,29,1,1,1,1,7,9,22,0,0,15,9,30,70,5,3,1,75,55,3,61,31,0,1,0,1,0,0,0,1,0,10,0,3,0,2,0,2,0,4,2,35.68567472222222,139.73538638888888,2,3,915,0,9,0
1,30,101,23,2,0,1,20040,0,101,2022,2,28,12,30,12,6,13,17,35,1,1,1,14,1,0,0,0,0,5,9,1,70,4,2,1,45,35,51,61,41,0,0,0,0,0,0,0,0,0,10,0,3,0,0,0,0,0,4,2,35.67474166666666,139.76221777777778,2,3,0,0,0,0
1,30,102,9,2,0,1,30000,0,101,2022,2,16,11,0,12,6,27,17,24,1,1,1,1,7,1,21,0,0,15,9,30,1,5,2,1,65,65,3,61,31,0,1,0,1,0,0,0,1,0,80,0,4,0,2,0,2,0,4,2,35.69376611111111,139.76275694444445,4,3,9999,0,9,0
1,30,102,10,2,0,1,30000,0,101,2022,2,16,9,20,12,6,27,17,24,1,1,1,7,7,0,0,0,0,2,9,1,70,5,2,1,65,65,3,61,31,0,1,0,1,0,11,0,1,0,40,0,4,0,2,0,2,0,4,2,35.69302055555555,139.7606075,4,3,9999,0,9,0
1,30,102,13,2,0,1,30000,0,101,2022,2,18,14,10,12,6,25,17,26,1,1,1,1,7,1,21,0,0,15,9,30,70,5,2,1,45,25,3,61,31,0,1,0,1,0,0,0,2,0,10,0,3,0,2,0,2,0,4,2,35.69052083333333,139.76895555555558,6,3,9999,0,1,0
1,30,102,14,2,0,1,30000,0,101,2022,2,21,8,25,12,6,21,17,29,1,1,1,1,7,9,22,0,0,14,9,30,1,5,2,1,45,35,3,61,31,0,1,0,1,0,0,0,2,0,30,0,3,0,2,0,2,0,4,2,35.69366694444444,139.7646588888889,2,3,9999,0,9,0
1,30,103,12,2,0,1,30000,0,101,2022,1,26,8,15,12,6,45,17,2,2,1,1,14,7,0,0,0,0,1,9,1,70,5,1,1,35,0,61,0,0,0,0,0,0,0,0,0,0,0,0,0,0,0,0,0,0,0,2,0,35.69513666666666,139.7701725,4,3,0,0,0,0
1,30,103,23,2,0,1,30000,0,101,2022,2,25,10,50,12,6,16,17,32,1,1,1,14,7,0,0,0,0,3,9,1,70,5,2,1,55,55,3,61,1,0,1,0,1,0,0,0,5,0,40,0,3,0,2,0,2,0,4,2,35.69862611111111,139.773995,6,3,9999,0,9,0
1,30,104,28,2,0,1,30000,0,102,2022,2,24,15,45,12,6,18,17,31,1,1,1,1,1,9,22,0,0,14,9,30,70,4,2,1,55,1,14,61,31,0,11,0,1,0,0,0,10,0,10,0,3,0,2,0,2,0,4,2,35.68226166666666,139.77948333333336,5,3,9999,0,9,0
1,30,104,29,2,0,2,60,10,102,2022,2,27,19,10,22,6,14,17,34,1,1,1,1,1,9,22,0,0,19,9,30,70,1,2,1,65,1,3,61,31,0,1,0,1,0,0,0,4,0,10,0,3,0,2,0,2,0,4,2,35.6895825,139.7758752777778,1,3,9999,0,9,0
1,30,106,18,2,0,1,30000,0,102,2022,2,7,8,30,12,6,36,17,15,1,1,1,14,7,0,0,0,0,3,9,1,70,5,2,1,45,35,3,61,31,0,1,0,1,0,0,0,10,0,20,0,3,0,2,0,2,0,4,2,35.66374694444444,139.76474833333333,2,3,9999,0,9,0
1,30,106,22,2,0,1,10060,0,102,2022,2,22,18,37,22,6,20,17,30,1,1,1,1,1,1,21,0,0,15,9,30,70,1,2,1,35,45,3,61,31,0,1,0,1,0,0,0,4,0,20,0,3,0,2,0,2,0,4,2,35.67287388888889,139.77612972222224,3,2,9999,0,1,0
1,30,106,23,2,0,1,30000,0,102,2022,2,19,17,20,13,6,24,17,27,3,1,2,1,7,1,21,0,0,15,9,30,70,4,2,1,55,25,13,61,31,0,11,0,1,0,0,0,1,0,10,0,4,0,2,0,2,0,4,2,35.67085194444444,139.77000500000003,7,3,9999,0,9,0
1,30,107,18,2,0,2,20680,0,102,2022,2,26,17,0,13,6,15,17,33,1,1,1,1,1,9,22,0,0,18,9,30,70,1,2,1,45,35,51,61,41,0,0,0,0,0,0,0,0,0,10,0,3,0,0,0,0,0,2,2,35.655903888888886,139.77241555555557,7,3,0,0,0,0
1,30,108,21,2,0,1,20030,0,103,2022,2,1,17,50,21,6,41,17,8,1,1,1,1,1,9,22,0,0,19,3,30,70,1,2,1,45,35,3,61,1,0,1,0,1,0,0,0,5,0,10,0,3,0,2,0,2,0,4,2,35.65378583333333,139.7498411111111,3,3,9999,0,5,0
1,30,109,8,2,0,1,30000,0,103,2022,2,2,14,10,12,6,40,17,9,1,1,1,14,7,0,0,0,0,3,8,1,1,5,2,1,35,75,3,61,31,0,1,0,1,0,11,0,2,0,10,0,3,0,2,0,2,0,4,2,35.648848055555554,139.7449275,4,3,9999,0,9,0
1,30,109,17,2,0,1,30000,0,103,2022,2,14,17,5,13,6,29,17,22,1,1,1,7,7,0,0,0,0,3,9,1,70,5,2,1,65,45,14,61,31,0,11,0,2,0,11,0,10,0,10,0,4,0,2,0,2,0,4,2,35.648786944444446,139.74674,2,3,9999,0,9,0
1,30,110,11,2,0,2,10,80,103,2022,1,31,16,5,12,6,42,17,7,1,1,1,14,7,0,0,0,0,6,8,1,70,1,1,1,1,1,51,61,41,0,0,0,0,0,0,0,0,0,10,0,4,0,0,0,0,0,4,2,35.64091055555556,139.73282833333334,2,3,0,0,0,0
1,30,110,16,2,0,1,21270,0,103,2022,2,26,10,30,12,6,15,17,33,1,1,1,1,1,9,22,0,0,14,9,30,70,4,1,1,75,1,3,61,31,0,1,0,1,0,11,0,2,0,80,0,3,0,2,0,2,0,4,2,35.643880555555555,139.72899972222223,7,3,313,0,9,0
1,30,111,25,2,0,1,10670,0,103,2022,2,2,10,0,12,6,40,17,9,1,1,1,14,7,0,0,0,0,3,9,1,70,1,1,1,35,0,61,0,0,0,0,0,0,0,0,0,0,0,0,0,0,0,0,0,0,0,2,0,35.656153055555556,139.7387125,4,3,0,0,0,0
1,30,111,26,2,0,1,30000,0,103,2022,2,4,18,15,22,6,39,17,12,1,1,1,14,7,0,0,0,0,2,9,1,70,5,2,1,45,35,3,61,31,0,1,0,1,0,11,0,10,0,0,0,4,0,2,0,2,0,4,2,35.65718,139.7217963888889,6,3,9999,0,4,0
1,30,111,32,2,0,1,10120,0,103,2022,2,12,23,14,22,6,31,17,20,1,1,1,1,1,9,22,0,0,19,9,30,70,1,2,1,35,25,3,61,1,0,1,0,1,0,0,0,3,0,10,0,3,0,2,0,2,0,4,2,35.6630825,139.73256750000002,7,3,9999,0,1,0
1,30,111,37,2,0,1,30000,0,103,2022,2,12,17,35,21,6,31,17,20,1,1,1,14,7,0,0,0,0,2,9,1,70,5,4,1,1,65,51,61,41,0,0,0,0,0,0,0,0,0,10,0,3,0,0,0,0,0,4,2,35.65866166666667,139.73915694444443,7,3,0,0,0,0
1,30,112,21,2,0,1,30000,0,103,2022,1,16,12,10,12,6,50,16,52,1,1,1,14,7,0,0,0,0,2,9,1,70,5,4,1,55,25,3,61,31,0,1,0,1,0,0,0,10,0,20,0,4,0,2,0,2,0,4,2,35.664450277777775,139.71099222222222,1,3,9999,0,9,0
1,30,112,25,2,0,1,30000,0,103,2022,2,16,9,0,12,6,27,17,24,1,1,1,14,7,0,0,0,0,2,9,1,70,5,3,1,75,35,3,61,1,0,1,0,1,0,0,0,10,0,40,0,4,0,2,0,2,0,4,2,35.66450416666667,139.71501527777778,4,3,454,0,9,0
1,30,112,28,2,0,1,30000,0,103,2022,2,19,16,10,12,6,24,17,27,3,1,2,7,7,0,0,0,0,2,9,1,70,5,2,1,45,65,3,61,31,0,1,0,1,0,0,0,10,0,10,0,4,0,2,0,2,0,4,2,35.664496388888885,139.72032944444445,7,3,9999,0,9,0
1,30,112,30,2,0,1,30000,0,103,2022,2,19,16,45,13,6,24,17,27,3,1,2,14,7,0,0,0,0,2,9,1,70,5,2,1,45,1,3,61,1,0,1,0,1,0,0,0,5,0,80,0,4,0,2,0,2,0,4,2,35.67487916666666,139.7375986111111,7,3,9999,0,9,0
1,30,113,32,2,0,2,20000,0,108,2022,2,2,15,15,12,6,40,17,9,1,1,1,14,7,0,0,0,0,4,9,1,70,1,2,1,45,45,52,61,41,0,0,0,0,0,0,0,0,0,10,0,3,0,0,0,0,0,2,2,35.635023333333336,139.78270750000001,4,3,0,0,0,0