資料区分,都道府県コード,警察署等コード,本票番号,事故内容,死者数,負傷者数,路線コード,地点コード,市区町村コード,発生日時　　年,発生日時　　月,発生日時　　日,発生日時　　時,発生日時　　分,昼夜,日の出時刻　　時,日の出時刻　　分,日の入り時刻　　時,日の入り時刻　　分,天候,地形,路面状態,道路形状,信号機,一時停止規制　標識（当事者A）,一時停止規制　表示（当事者A）,一時停止規制　標識（当事者B）,一時停止規制　表示（当事者B）,車道幅員,道路線形,衝突地点,ゾーン規制,中央分離帯施設等,歩車道区分,事故類型,年齢（当事者A）,年齢（当事者B）,当事者種別（当事者A）,当事者種別（当事者B）,用途別（当事者A）,用途別（当事者B）,車両形状等（当事者A）,車両形状等（当事者B）,オートマチック車（当事者A）,オートマチック車（当事者B）,サポカー（当事者A）,サポカー（当事者B）,速度規制（指定のみ）（当事者A）,速度規制（指定のみ）（当事者B）,車両の衝突部位（当事者A）,車両の衝突部位（当事者B）,車両の損壊程度（当事者A）,車両の損壊程度（当事者B）,エアバッグの装備（当事者A）,エアバッグの装備（当事者B）,サイドエアバッグの装備（当事者A）,サイドエアバッグの装備（当事者B）,人身損傷程度（当事者A）,人身損傷程度（当事者B）,lat,lon,曜日(発生年月日),祝日(発生年月日),認知機能検査経過日数（当事者A）,認知機能検査経過日数（当事者B）,運転練習の方法（当事者A）,運転練習の方法（当事者B）
1,30,113,33,2,0,1,95000,0,108,2022,2,5,19,49,22,6,38,17,13,1,1,1,14,7,0,0,0,0,2,9,1,70,4,2,1,45,35,3,61,31,0,1,0,1,0,0,0,10,0,10,0,4,0,2,0,2,0,4,2,35.65002388888889,139.80351805555557,7,3,9999,0,1,0
1,30,113,48,2,0,1,30000,0,108,2022,2,4,14,30,12,6,39,17,12,1,1,1,14,7,0,0,0,0,1,9,1,70,4,2,1,45,1,51,61,41,0,0,0,0,0,0,0,0,0,10,0,4,0,0,0,0,0,4,2,35.64802722222222,139.8044463888889,6,3,0,0,0,0
1,30,216,18,2,0,1,30000,0,109,2022,2,7,8,25,12,6,36,17,15,1,1,1,7,1,0,0,0,0,4,9,1,70,4,2,1,1,1,51,61,41,0,0,0,0,0,0,0,0,0,10,0,3,0,0,0,0,0,4,2,35.60119111111111,139.73099472222222,2,3,0,0,0,0
1,30,216,33,2,0,1,30000,0,109,2022,2,28,21,15,22,6,13,17,35,1,1,1,1,7,1,22,0,0,15,9,30,70,5,2,1,35,65,3,61,31,0,1,0,1,0,0,0,1,0,20,0,4,0,2,0,2,0,4,2,35.60000388888889,139.71467944444444,2,3,9999,0,1,0
1,30,217,21,2,0,1,20130,0,109,2021,5,26,10,0,12,4,29,18,47,1,1,1,14,7,0,0,0,0,3,9,1,70,1,1,1,55,25,3,61,31,0,1,0,1,0,0,0,4,0,30,0,3,0,2,0,2,0,4,2,35.63442972222222,139.7195561111111,4,3,9999,0,9,0
1,30,217,22,2,0,1,10150,0,109,2022,1,10,19,50,22,6,51,16,46,1,1,1,1,1,0,0,0,0,13,9,30,70,4,2,1,35,0,61,0,0,0,0,0,0,0,0,0,0,0,0,0,0,0,0,0,0,0,2,0,35.62421777777778,139.72309,2,1,0,0,0,0
1,30,217,31,2,0,1,10,92,109,2022,2,12,16,5,12,6,31,17,20,1,1,1,14,7,0,0,0,0,6,9,1,70,1,1,1,1,1,51,61,41,0,0,0,0,0,0,0,0,0,10,0,4,0,0,0,0,0,4,2,35.63069472222222,139.72923694444444,7,3,0,0,0,0
1,30,217,36,2,0,1,99000,0,109,2022,2,22,11,45,12,6,20,17,30,1,1,1,0,7,0,0,0,0,0,0,20,70,0,2,1,65,75,3,61,1,0,1,0,1,0,0,0,10,0,40,0,4,0,2,0,2,0,4,2,35.63076888888889,139.72594138888888,3,2,9999,0,9,0
1,30,217,37,2,0,1,30000,0,109,2022,2,24,11,35,12,6,18,17,31,1,1,1,14,7,0,0,0,0,2,9,1,70,5,3,1,75,55,3,61,31,0,1,0,1,0,0,0,1,0,40,0,4,0,2,0,2,0,4,2,35.627195,139.71761166666667,5,3,674,0,1,0
1,30,218,28,2,0,1,30000,0,109,2021,8,27,12,15,12,5,9,18,16,1,1,1,14,7,0,0,0,0,2,9,1,70,5,3,1,65,55,36,61,31,0,0,0,0,0,0,0,2,0,10,0,4,0,0,0,0,0,4,2,35.6150125,139.71810944444445,6,3,9999,0,1,0
1,30,218,33,2,0,1,30000,0,109,2022,1,22,16,30,13,6,47,16,58,1,1,1,14,7,0,0,0,0,2,9,1,70,5,2,1,1,1,35,61,31,0,0,0,0,0,0,0,2,0,40,0,4,0,0,0,0,0,4,2,35.60929111111111,139.71583027777777,7,3,9999,0,1,0
1,30,218,39,2,0,1,30000,0,109,2022,2,13,17,50,21,6,30,17,21,3,1,1,14,7,0,0,0,0,2,9,1,70,5,3,1,45,35,36,61,31,0,0,0,0,0,0,0,2,0,10,0,3,0,0,0,0,0,4,2,35.607660555555555,139.70859194444444,1,3,9999,0,5,0
1,30,219,61,2,0,1,30000,0,111,2022,2,11,9,30,12,6,32,17,19,1,1,1,14,7,0,0,0,0,5,9,1,70,5,2,1,35,65,5,61,31,0,1,0,1,0,0,0,5,0,10,0,3,0,2,0,2,0,4,2,35.58352305555556,139.74023333333332,6,1,9999,0,1,0
1,30,219,70,2,0,1,30000,0,111,2022,2,20,8,20,12,6,22,17,28,2,1,2,14,7,0,0,0,0,2,9,1,1,5,2,1,65,45,17,61,31,0,11,0,1,0,0,0,2,0,10,0,4,0,2,0,2,0,4,2,35.58582138888889,139.73504333333332,1,3,9999,0,9,0
1,30,220,17,2,0,1,30000,0,111,2022,2,8,12,50,12,6,35,17,16,1,1,1,14,7,0,0,0,0,2,9,1,70,5,3,1,65,45,52,61,41,0,0,0,0,0,0,0,0,0,10,0,3,0,0,0,0,0,2,4,35.591614444444446,139.6812363888889,3,3,0,0,0,0
1,30,220,18,2,0,1,30000,0,111,2022,1,27,15,35,12,6,45,17,3,1,1,1,14,7,0,0,0,0,2,7,1,70,5,1,1,45,75,3,61,31,0,1,0,1,0,0,0,5,0,20,0,4,0,2,0,2,0,4,2,35.597744444444444,139.669965,5,3,9999,0,4,0
1,30,220,22,2,0,1,10130,0,111,2022,2,13,22,45,22,6,30,17,21,3,1,2,14,7,0,0,0,0,4,9,1,70,1,1,1,1,45,3,61,31,0,1,0,2,0,0,0,4,0,10,0,3,0,2,0,2,0,4,2,35.60266222222222,139.69852055555555,1,3,9999,0,1,0
1,30,220,24,2,0,1,10170,0,111,2022,2,16,17,45,21,6,27,17,24,1,1,1,14,7,0,0,0,0,4,9,1,70,1,1,1,45,1,52,61,41,0,0,0,0,0,0,0,0,0,10,0,4,0,0,0,0,0,4,2,35.59292916666667,139.67499277777776,4,3,0,0,0,0
1,30,220,26,2,0,1,30150,0,111,2022,2,20,18,10,21,6,22,17,28,1,1,1,1,1,9,22,0,0,15,9,30,70,4,1,1,45,75,4,61,31,0,1,0,1,0,0,0,2,0,10,0,4,0,2,0,2,0,4,2,35.58586722222223,139.69879944444446,1,3,9999,0,9,0
1,30,221,42,2,0,1,10200,0,111,2022,1,28,18,40,22,6,44,17,4,1,1,1,14,7,0,0,0,0,6,9,1,70,1,2,1,25,55,51,61,41,0,0,0,0,0,0,0,0,0,10,0,4,0,0,0,0,0,4,2,35.55218027777777,139.7410013888889,6,3,0,0,0,0
1,30,221,49,2,0,1,30000,0,111,2022,2,25,8,5,12,6,16,17,32,1,1,1,1,7,9,22,0,0,15,9,30,70,5,3,1,25,1,52,61,41,0,0,0,0,0,0,0,0,0,10,0,3,0,0,0,0,0,4,2,35.54612638888889,139.71886305555554,6,3,0,0,0,0
1,30,221,51,2,0,1,30000,0,111,2022,2,27,14,0,12,6,14,17,34,1,1,1,14,7,0,0,0,0,3,9,1,70,5,4,1,65,75,51,61,41,0,0,0,0,0,0,0,0,0,10,0,4,0,0,0,0,0,4,2,35.56222333333333,139.71160277777776,1,3,0,0,0,0
1,30,221,55,2,0,1,30000,0,111,2022,2,28,15,0,12,6,13,17,35,1,1,1,7,7,0,0,0,0,1,9,1,70,5,3,1,55,1,13,61,31,0,11,0,1,0,0,0,10,0,10,0,4,0,2,0,2,0,4,2,35.5494975,139.72487166666667,2,3,9999,0,5,0
1,30,222,26,2,0,1,30000,0,111,2021,11,28,22,5,22,6,29,16,29,1,1,1,1,7,9,22,0,0,15,9,30,70,5,3,1,45,55,59,61,0,0,0,0,0,0,0,0,0,0,10,0,4,0,0,0,0,0,4,2,35.57092361111111,139.68589111111112,1,3,0,0,0,0
1,30,222,31,2,0,1,20180,0,111,2022,2,8,12,3,12,6,35,17,16,1,1,1,1,1,9,22,0,0,15,9,30,70,4,2,1,75,65,52,61,41,0,0,0,0,0,0,0,0,0,30,0,4,0,0,0,0,0,4,2,35.57286361111112,139.70165722222222,3,3,0,0,0,0
1,30,222,34,2,0,1,30000,0,111,2022,1,31,19,0,22,6,42,17,7,1,1,1,1,7,9,22,0,0,15,9,30,70,5,2,1,45,75,3,61,31,0,1,0,1,0,0,0,2,0,10,0,4,0,2,0,2,0,4,2,35.58296361111111,139.7137363888889,2,3,9999,0,1,0
1,30,222,36,2,0,1,30000,0,111,2022,2,16,16,40,13,6,27,17,24,1,1,1,7,7,0,0,0,0,3,9,1,70,4,3,1,75,65,36,61,31,0,0,0,0,0,0,0,1,0,10,0,4,0,0,0,0,0,4,2,35.58082,139.6975388888889,4,3,548,0,9,0
1,30,222,46,2,0,1,30000,0,111,2022,2,26,12,15,12,6,15,17,33,1,1,4,14,7,0,0,0,0,3,9,1,70,5,1,1,45,65,51,61,41,0,0,0,0,0,0,0,0,0,10,0,3,0,0,0,0,0,4,2,35.55493194444444,139.70226777777776,7,3,0,0,0,0
1,30,325,38,2,0,1,2460,85,112,2022,2,15,11,50,12,6,28,17,23,1,1,1,14,7,0,0,0,0,4,9,1,70,1,1,1,75,65,51,61,41,0,0,0,0,0,0,0,0,0,0,0,3,0,0,0,0,0,4,2,35.64031833333333,139.66834527777777,3,3,0,0,0,0
1,30,325,43,2,0,1,20240,0,112,2022,2,22,9,2,12,6,20,17,30,1,1,1,7,7,0,0,0,0,4,9,1,70,4,2,1,35,45,51,61,41,0,0,0,0,0,0,0,0,0,10,0,4,0,0,0,0,0,4,2,35.628302222222224,139.6792147222222,3,2,0,0,0,0
1,30,325,44,2,0,1,30000,0,112,2022,2,14,18,40,22,6,29,17,22,1,1,1,1,7,1,21,0,0,15,9,30,70,5,3,1,45,45,51,61,41,0,0,0,0,0,0,0,0,0,10,0,3,0,0,0,0,0,4,2,35.63833416666667,139.67540416666665,2,3,0,0,0,0
1,30,325,46,2,0,1,30000,0,112,2022,2,22,14,5,12,6,20,17,30,1,1,1,1,7,9,22,0,0,15,9,30,70,4,2,1,65,45,3,61,31,0,1,0,1,0,11,0,5,0,16,0,3,0,2,0,2,0,4,2,35.64040277777778,139.6819583333333,3,2,9999,0,9,0
1,30,326,39,2,0,1,30000,0,112,2022,2,1,19,15,22,6,41,17,8,1,1,1,7,7,0,0,0,0,1,9,1,70,5,2,1,65,75,3,61,31,0,1,0,1,0,0,0,10,0,10,0,4,0,2,0,2,0,4,2,35.66591833333333,139.63890944444444,3,3,9999,0,9,0
1,30,326,44,2,0,1,30000,0,112,2022,2,8,1,4,22,6,35,17,16,1,1,1,7,7,0,0,0,0,2,9,1,70,5,3,1,55,1,3,61,1,0,1,0,1,0,11,0,2,0,10,0,3,0,2,0,2,0,4,2,35.66065944444444,139.66898305555554,3,3,9999,0,4,0
1,30,326,47,2,0,1,30000,0,112,2022,2,9,14,25,12,6,34,17,17,1,1,1,1,7,9,22,0,0,11,9,30,1,5,4,1,55,1,14,61,1,0,11,0,1,0,0,0,1,0,20,0,3,0,2,0,2,0,4,2,35.66746666666666,139.66547111111112,4,3,9999,0,9,0
1,30,326,48,2,0,1,30000,0,112,2022,2,11,12,0,12,6,32,17,19,1,1,1,14,7,0,0,0,0,2,9,1,70,5,2,1,75,65,3,61,31,0,1,0,1,0,0,0,10,0,20,0,3,0,2,0,2,0,4,2,35.658524166666666,139.66476472222223,6,1,353,0,4,0
1,30,326,52,2,0,1,30000,0,112,2022,2,14,5,20,22,6,29,17,22,3,1,2,1,7,9,22,0,0,11,7,30,1,5,3,1,55,55,36,61,31,0,0,0,0,0,0,0,2,0,10,0,3,0,0,0,0,0,4,2,35.655837777777776,139.66505833333335,2,3,9999,0,9,0
1,30,326,57,2,0,1,30000,0,112,2022,2,19,15,0,12,6,24,17,27,2,1,1,14,7,0,0,0,0,2,9,1,70,4,3,1,65,55,5,61,31,0,1,0,1,0,0,0,3,0,10,0,3,0,2,0,2,0,4,2,35.65310083333333,139.65257,7,3,9999,0,9,0
1,30,326,58,2,0,1,30000,0,112,2022,2,21,12,0,12,6,21,17,29,1,1,1,14,7,0,0,0,0,2,9,1,70,5,3,1,75,55,13,61,31,0,11,0,1,0,0,0,2,0,10,0,4,0,2,0,2,0,4,2,35.660850277777776,139.66552361111113,2,3,475,0,9,0
1,30,327,43,2,0,1,30000,0,112,2022,2,2,14,0,12,6,40,17,9,1,1,1,14,7,0,0,0,0,3,9,1,70,5,3,1,65,45,3,61,31,0,1,0,1,0,0,0,2,0,40,0,3,0,2,0,2,0,4,2,35.63247416666667,139.64252305555556,4,3,9999,0,9,0
1,30,327,46,2,0,1,30000,0,112,2022,2,5,19,34,22,6,38,17,13,1,1,1,14,7,0,0,0,0,3,9,1,70,5,3,1,35,55,51,61,41,0,0,0,0,0,0,0,0,0,10,0,3,0,0,0,0,0,4,2,35.62340277777778,139.6315602777778,7,3,0,0,0,0
1,30,327,51,2,0,1,95000,0,112,2022,2,1,8,40,12,6,41,17,8,1,1,1,0,7,0,0,0,0,0,0,20,70,0,4,1,35,45,17,61,31,0,11,0,1,0,0,0,10,0,0,0,4,0,2,0,2,0,4,2,35.62569083333334,139.65228611111112,3,3,9999,0,1,0
1,30,327,62,2,0,1,30000,0,112,2022,2,15,18,52,22,6,28,17,23,1,1,1,14,7,0,0,0,0,2,9,1,70,5,2,1,35,45,3,61,31,0,1,0,1,0,0,0,5,0,10,0,4,0,2,0,2,0,4,2,35.59374527777778,139.65397361111113,3,3,9999,0,5,0
1,30,327,72,2,0,1,10200,0,112,2022,2,25,20,33,22,6,16,17,32,1,1,1,7,7,0,0,0,0,2,9,1,70,1,1,1,25,25,3,61,31,0,1,0,1,0,0,0,5,0,20,0,3,0,2,0,2,0,4,2,35.622705,139.62867194444445,6,3,9999,0,1,0
1,30,327,74,2,0,1,30000,0,112,2022,2,26,15,45,12,6,15,17,33,1,1,1,14,7,0,0,0,0,2,9,1,70,5,3,1,75,25,51,61,41,0,0,0,0,0,0,0,0,0,10,0,3,0,0,0,0,0,2,4,35.60432,139.67875916666665,7,3,0,0,0,0
1,30,328,66,2,0,1,30000,0,112,2022,1,21,16,3,13,6,48,16,57,1,1,1,14,7,0,0,0,0,3,7,1,70,5,4,1,45,65,3,61,31,0,1,0,1,0,11,0,10,0,30,0,4,0,2,0,2,0,4,2,35.62923777777778,139.60852055555554,6,3,9999,0,1,0
1,30,328,72,2,0,1,200,193,112,2022,2,10,8,30,12,6,33,17,18,5,1,2,1,7,9,22,0,0,11,9,30,70,4,1,1,25,25,3,61,31,0,1,0,1,0,0,0,4,0,18,0,3,0,2,0,2,0,4,2,35.66694138888889,139.5907563888889,5,2,9999,0,1,0
1,30,328,84,2,0,1,10210,0,112,2022,2,25,13,0,12,6,16,17,32,1,1,1,1,1,9,22,0,0,18,9,30,70,4,1,1,1,1,3,61,31,0,1,0,1,0,0,0,2,0,10,0,3,0,2,0,2,0,4,2,35.63255138888889,139.60009222222223,6,3,9999,0,1,0
1,30,328,90,2,0,1,20220,0,112,2022,2,19,14,56,12,6,24,17,27,2,1,1,14,7,0,0,0,0,3,9,1,70,5,3,1,25,1,3,61,31,0,1,0,1,0,11,0,2,0,40,0,3,0,1,0,2,0,4,2,35.659056666666665,139.62585722222224,7,3,9999,0,1,0
1,30,328,94,2,0,1,30000,0,112,2022,2,24,15,30,12,6,18,17,31,1,1,1,14,7,0,0,0,0,2,9,1,70,5,3,1,1,65,36,61,31,0,0,0,0,0,0,0,10,0,10,0,3,0,0,0,0,0,4,2,35.62076,139.62251944444446,5,3,9999,0,5,0
1,30,329,39,2,0,1,30000,0,110,2022,2,8,11,25,12,6,35,17,16,1,1,1,14,7,0,0,0,0,2,9,1,70,5,3,1,75,35,3,61,1,0,1,0,1,0,0,0,5,0,40,0,3,0,2,0,2,0,4,2,35.649992777777776,139.68780416666667,3,3,518,0,9,0
1,30,329,41,2,0,1,99000,0,110,2022,2,11,7,45,12,6,32,17,19,1,1,2,0,7,0,0,0,0,0,0,20,70,0,4,1,55,55,17,61,1,0,11,0,1,0,11,0,10,0,40,0,4,0,2,0,2,0,4,2,35.63809138888889,139.70555305555555,6,1,9999,0,9,0
1,30,329,44,2,0,1,10160,0,110,2022,2,17,15,35,12,6,26,17,25,1,1,1,1,1,1,21,0,0,13,9,30,70,5,1,1,65,1,14,61,31,0,11,0,1,0,0,0,5,0,10,0,3,0,2,0,2,0,4,2,35.64003666666667,139.7031211111111,5,3,9999,0,9,0
1,30,329,48,2,0,1,30000,0,110,2022,2,23,11,32,12,6,19,17,30,1,1,1,1,2,1,21,0,0,12,9,30,70,4,2,1,25,75,3,61,31,0,1,0,1,0,0,0,2,0,80,0,4,0,2,0,2,0,4,2,35.645965555555556,139.68827722222224,4,1,9999,0,5,0
1,30,330,39,2,0,1,30000,0,110,2022,2,1,9,30,12,6,41,17,8,1,1,1,14,7,0,0,0,0,3,9,1,70,4,1,1,45,75,3,61,1,0,1,0,1,0,0,0,2,0,40,0,3,0,2,0,2,0,4,2,35.62432694444445,139.69195944444445,3,3,9999,0,9,0
1,30,330,44,2,0,1,30000,0,110,2022,2,4,12,40,12,6,39,17,12,2,1,1,14,7,0,0,0,0,2,9,1,70,5,3,1,45,65,51,61,41,0,0,0,0,0,0,0,0,0,10,0,4,0,0,0,0,0,4,2,35.622411944444444,139.697745,6,3,0,0,0,0
1,30,330,48,2,0,1,30000,0,110,2022,2,18,8,45,12,6,25,17,26,1,1,1,14,7,0,0,0,0,2,9,1,70,5,3,1,25,0,61,0,0,0,0,0,0,0,0,0,0,0,0,0,0,0,0,0,0,0,2,0,35.629554166666665,139.68698,6,3,0,0,0,0
1,30,330,50,2,0,1,30000,0,110,2022,2,6,8,48,12,6,37,17,14,1,1,1,14,7,0,0,0,0,1,9,1,70,5,3,1,65,25,3,61,31,0,1,0,1,0,0,0,2,0,40,0,4,0,2,0,2,0,4,2,35.62876416666667,139.6853886111111,1,3,9999,0,9,0
1,30,331,34,2,0,1,30000,0,113,2022,2,2,16,10,13,6,40,17,9,1,1,1,14,7,0,0,0,0,1,9,1,70,5,3,1,55,35,3,61,1,0,1,0,1,0,0,0,10,0,80,0,4,0,2,0,2,0,4,2,35.66141111111111,139.69719138888888,4,3,9999,0,9,0
1,30,331,36,2,0,1,30000,0,113,2022,2,8,14,53,12,6,35,17,16,1,1,1,14,7,0,0,0,0,2,9,1,70,5,4,1,55,25,14,61,1,0,11,0,1,0,0,0,1,0,10,0,3,0,2,0,2,0,4,2,35.663778055555554,139.70855388888887,3,3,9999,0,9,0
1,30,331,40,2,0,1,30000,0,113,2022,1,1,13,13,12,6,51,16,39,1,1,1,1,7,9,22,0,0,12,9,30,70,5,2,1,65,55,3,61,1,0,1,0,1,0,0,0,10,0,40,0,4,0,2,0,2,0,4,2,35.657105277777774,139.70696777777778,7,1,9999,0,9,0
1,30,332,16,2,0,1,30000,0,113,2021,11,30,11,10,12,6,31,16,28,1,1,1,14,7,0,0,0,0,3,9,1,70,5,3,1,45,35,3,61,31,0,1,0,1,0,11,0,2,0,20,0,3,0,2,0,2,0,4,2,35.66952638888888,139.71306888888887,3,3,9999,0,1,0
1,30,332,19,2,0,1,99000,0,113,2022,2,18,16,10,12,6,25,17,26,1,1,1,0,7,0,0,0,0,0,0,20,70,0,1,1,55,35,3,61,1,0,1,0,1,0,0,0,10,0,20,0,3,0,2,0,2,0,4,2,35.68661333333333,139.69990166666668,6,3,9999,0,9,0
1,30,332,21,2,0,1,30000,0,113,2022,2,3,20,2,22,6,40,17,10,1,1,1,14,7,0,0,0,0,3,9,1,70,1,1,1,35,35,14,61,1,0,11,0,1,0,0,0,2,0,40,0,4,0,2,0,2,0,4,2,35.68642111111111,139.69794861111112,5,3,9999,0,1,0
1,30,332,23,2,0,1,30000,0,113,2022,2,26,12,55,12,6,15,17,33,1,1,1,1,1,9,22,0,0,16,9,30,70,4,1,1,25,35,14,61,1,0,11,0,1,0,0,0,4,0,10,0,3,0,2,0,2,0,4,2,35.6751625,139.71066805555554,7,3,9999,0,1,0
1,30,333,40,2,0,1,10160,0,113,2022,2,16,20,50,22,6,27,17,24,2,1,1,14,7,0,0,0,0,3,9,1,70,1,1,1,45,25,51,61,41,0,0,0,0,0,0,0,0,0,10,0,3,0,0,0,0,0,4,2,35.679718888888885,139.68848277777778,4,3,0,0,0,0
1,30,435,16,2,0,1,10280,0,104,2022,2,7,8,25,12,6,36,17,15,1,1,1,14,7,0,0,0,0,5,9,1,70,5,1,1,25,35,51,61,41,0,0,0,0,0,0,0,0,0,20,0,3,0,0,0,0,0,2,4,35.704302777777784,139.7439997222222,2,3,0,0,0,0
1,30,435,17,2,0,1,30000,0,104,2022,2,9,8,5,12,6,34,17,17,1,1,1,7,7,0,0,0,0,2,9,1,70,5,2,1,55,1,51,61,41,0,0,0,0,0,0,0,0,0,40,0,3,0,0,0,0,0,4,2,35.69390444444444,139.71832111111112,4,3,0,0,0,0
1,30,435,18,2,0,1,30000,0,104,2022,2,9,17,50,21,6,34,17,17,1,1,1,14,7,0,0,0,0,3,9,1,70,5,3,1,45,65,3,61,31,0,1,0,1,0,0,0,2,0,30,0,3,0,2,0,2,0,4,2,35.69311888888888,139.73482222222222,4,3,9999,0,3,0
1,30,435,19,2,0,1,30000,0,104,2022,2,10,7,15,11,6,33,17,18,3,1,2,14,7,0,0,0,0,3,9,1,70,4,3,1,55,45,3,61,1,0,1,0,1,0,0,0,2,0,30,0,3,0,2,0,2,0,4,2,35.70597916666667,139.74231999999998,5,2,9999,0,9,0
1,30,435,20,2,0,1,20290,0,104,2022,2,10,20,8,22,6,33,17,18,5,1,2,1,1,9,22,0,0,15,8,30,70,4,2,1,35,55,51,61,41,0,0,0,0,0,0,0,0,0,20,0,3,0,0,0,0,0,4,2,35.70095305555556,139.7359172222222,5,2,0,0,0,0
1,30,436,26,2,0,1,20290,0,104,2022,2,3,8,10,12,6,40,17,10,1,1,1,14,7,0,0,0,0,4,9,1,70,4,1,1,35,1,51,61,41,0,0,0,0,0,0,0,0,0,40,0,4,0,0,0,0,0,4,2,35.70181111111111,139.6921438888889,5,3,0,0,0,0
1,30,436,29,2,0,1,30000,0,104,2022,1,8,3,49,22,6,51,16,44,1,1,1,1,7,9,22,0,0,14,9,30,70,4,2,1,35,25,3,61,31,0,1,0,1,0,0,0,3,0,30,0,4,0,2,0,2,0,4,2,35.69417138888888,139.7038986111111,7,3,9999,0,1,0
1,30,436,33,2,0,1,30000,0,104,2022,1,19,2,35,22,6,49,16,55,1,1,1,14,1,0,0,0,0,3,9,1,70,4,2,1,55,25,3,61,1,0,1,0,1,0,0,0,3,0,40,0,3,0,2,0,2,0,4,2,35.693600555555555,139.7037125,4,3,9999,0,9,0
1,30,436,37,2,0,1,30000,0,104,2022,2,22,14,25,12,6,20,17,30,1,1,1,14,7,0,0,0,0,1,9,1,70,5,3,1,65,75,3,61,1,0,1,0,1,0,0,0,10,0,40,0,3,0,2,0,2,0,4,2,35.68690083333333,139.68743777777777,3,2,9999,0,9,0
1,30,437,19,2,0,1,30000,0,104,2022,2,12,11,30,12,6,31,17,20,1,1,1,1,7,9,22,0,0,14,8,30,70,4,1,1,25,1,51,61,41,0,0,0,0,0,0,0,0,0,10,0,3,0,0,0,0,0,4,2,35.71229027777778,139.7044713888889,7,3,0,0,0,0
1,30,438,17,2,0,1,30000,0,104,2021,4,10,23,50,22,5,15,18,10,1,1,1,14,7,0,0,0,0,2,9,1,70,5,3,1,55,25,3,61,1,0,1,0,1,0,11,0,3,0,20,0,3,0,2,0,2,0,4,2,35.69018166666666,139.70726833333333,7,3,9999,0,9,0
1,30,438,29,2,0,1,10120,0,104,2022,2,15,18,15,21,6,28,17,23,1,1,1,1,1,9,22,0,0,17,8,30,70,1,2,1,65,45,3,61,31,0,1,0,1,0,0,0,4,0,80,0,3,0,2,0,2,0,4,2,35.69155472222222,139.72318722222224,3,3,9999,0,1,0
1,30,438,30,2,0,1,200,62,104,2022,2,16,19,5,22,6,27,17,24,2,1,1,1,1,9,22,0,0,13,9,30,70,1,1,1,45,55,3,61,1,0,1,0,1,0,0,0,10,0,10,0,3,0,2,0,2,0,4,2,35.687912499999996,139.72283833333333,4,3,9999,0,5,0
1,30,439,23,2,0,2,10160,0,114,2022,2,8,11,10,12,6,35,17,16,1,1,1,1,1,9,22,0,0,18,9,30,70,1,2,1,75,25,51,61,41,0,0,0,0,0,0,0,0,0,10,0,3,0,0,0,0,0,2,2,35.71017944444445,139.68432388888888,3,3,0,0,0,0
1,30,439,29,2,0,1,10160,0,114,2022,2,14,11,30,12,6,29,17,22,2,1,1,1,1,9,22,0,0,18,9,30,70,1,1,1,1,75,3,61,31,0,1,0,1,0,0,0,10,0,80,0,4,0,2,0,2,0,4,2,35.71017833333334,139.68454,2,3,9999,0,1,0
1,30,439,36,2,0,1,30000,0,114,2022,1,22,9,20,12,6,47,16,58,1,1,5,1,7,9,22,0,0,15,9,30,70,5,2,1,45,55,24,61,0,0,0,0,0,0,11,0,10,0,30,0,4,0,0,0,0,0,4,2,35.688851388888885,139.6652063888889,7,3,9999,0,9,0
1,30,439,37,2,0,1,10160,0,114,2022,2,24,17,31,21,6,18,17,31,1,1,1,14,7,0,0,0,0,5,9,1,70,1,2,1,55,1,51,61,41,0,0,0,0,0,0,0,0,0,10,0,4,0,0,0,0,0,4,2,35.692032777777776,139.68175055555554,5,3,0,0,0,0
1,30,440,27,2,0,1,30000,0,114,2022,2,9,6,4,23,6,34,17,17,1,1,1,14,7,0,0,0,0,2,9,1,70,5,3,1,25,45,51,61,41,0,0,0,0,0,0,0,0,0,10,0,3,0,0,0,0,0,4,2,35.72310916666667,139.63199111111112,4,3,0,0,0,0
1,30,440,28,2,0,1,30000,0,114,2022,2,12,13,40,12,6,31,17,20,1,1,1,14,7,0,0,0,0,2,9,1,70,5,4,1,25,25,51,61,41,0,0,0,0,0,0,0,0,0,10,0,3,0,0,0,0,0,4,2,35.722657222222225,139.64268777777778,7,3,0,0,0,0
1,30,440,31,2,0,1,20430,0,114,2022,2,21,8,56,12,6,21,17,29,1,1,1,14,7,0,0,0,0,3,9,1,70,4,2,1,35,1,52,61,41,0,0,0,0,0,0,0,0,0,10,0,3,0,0,0,0,0,4,2,35.73342805555556,139.62784027777778,2,3,0,0,0,0
1,30,441,25,2,0,2,10240,0,115,2022,2,9,19,20,22,6,34,17,17,1,1,1,14,7,0,0,0,0,6,9,1,70,4,2,1,45,55,32,61,31,0,0,0,0,0,11,0,5,0,10,0,2,0,0,0,0,0,2,2,35.70131583333334,139.63123416666667,4,3,9999,0,9,0
1,30,441,27,2,0,1,20500,0,115,2022,2,11,16,0,12,6,32,17,19,1,1,1,14,7,0,0,0,0,4,9,1,70,4,2,1,55,25,17,61,1,0,11,0,1,0,0,0,10,0,50,0,3,0,2,0,2,0,4,2,35.70325861111112,139.6363247222222,6,1,9999,0,9,0
1,30,441,30,2,0,1,10240,0,115,2022,2,9,8,52,12,6,34,17,17,1,1,1,1,1,1,21,0,0,13,9,30,70,4,2,1,75,35,3,61,31,0,1,0,1,0,0,0,5,0,40,0,3,0,2,0,2,0,4,2,35.70149916666667,139.63081277777778,4,3,618,0,9,0