資料区分,都道府県コード,警察署等コード,本票番号,事故内容,死者数,負傷者数,路線コード,地点コード,市区町村コード,発生日時　　年,発生日時　　月,発生日時　　日,発生日時　　時,発生日時　　分,昼夜,日の出時刻　　時,日の出時刻　　分,日の入り時刻　　時,日の入り時刻　　分,天候,地形,路面状態,道路形状,信号機,一時停止規制　標識（当事者A）,一時停止規制　表示（当事者A）,一時停止規制　標識（当事者B）,一時停止規制　表示（当事者B）,車道幅員,道路線形,衝突地点,ゾーン規制,中央分離帯施設等,歩車道区分,事故類型,年齢（当事者A）,年齢（当事者B）,当事者種別（当事者A）,当事者種別（当事者B）,用途別（当事者A）,用途別（当事者B）,車両形状等（当事者A）,車両形状等（当事者B）,オートマチック車（当事者A）,オートマチック車（当事者B）,サポカー（当事者A）,サポカー（当事者B）,速度規制（指定のみ）（当事者A）,速度規制（指定のみ）（当事者B）,車両の衝突部位（当事者A）,車両の衝突部位（当事者B）,車両の損壊程度（当事者A）,車両の損壊程度（当事者B）,エアバッグの装備（当事者A）,エアバッグの装備（当事者B）,サイドエアバッグの装備（当事者A）,サイドエアバッグの装備（当事者B）,人身損傷程度（当事者A）,人身損傷程度（当事者B）,lat,lon,曜日(発生年月日),祝日(発生年月日),認知機能検査経過日数（当事者A）,認知機能検査経過日数（当事者B）,運転練習の方法（当事者A）,運転練習の方法（当事者B）
1,30,441,32,2,0,1,30000,0,115,2022,2,15,16,30,13,6,28,17,23,1,1,1,14,7,0,0,0,0,2,9,1,70,5,3,1,45,65,51,61,41,0,0,0,0,0,0,0,0,0,10,0,3,0,0,0,0,0,4,2,35.703699444444446,139.64416777777777,3,3,0,0,0,0
1,30,441,38,2,0,1,30000,0,115,2022,2,7,12,0,12,6,36,17,15,1,1,1,14,7,0,0,0,0,3,9,1,70,5,4,1,65,45,3,61,31,0,1,0,1,0,0,0,10,0,40,0,4,0,2,0,2,0,4,2,35.70729611111111,139.65115194444445,2,3,9999,0,9,0
1,30,442,23,2,0,1,99000,0,115,2021,12,28,12,28,12,6,50,16,36,1,1,1,0,7,0,0,0,0,0,0,20,70,0,4,1,45,75,14,61,31,0,11,0,1,0,11,0,10,0,30,0,3,0,2,0,2,0,4,2,35.669894166666666,139.6423638888889,3,3,9999,0,9,0
1,30,442,35,2,0,1,10200,0,115,2022,2,15,9,30,12,6,28,17,23,1,1,1,1,1,9,22,0,0,14,9,30,70,4,2,1,45,35,17,61,31,0,11,0,1,0,0,0,3,0,10,0,3,0,2,0,2,0,4,2,35.69022861111111,139.61633361111112,3,3,9999,0,1,0
1,30,442,41,2,0,2,200,148,115,2022,2,18,7,22,11,6,25,17,26,1,1,1,14,7,0,0,0,0,4,9,1,70,1,2,1,35,55,36,61,31,0,0,0,0,0,0,0,2,0,11,0,2,0,0,0,0,0,2,2,35.667786944444444,139.63749444444443,6,3,9999,0,1,0
1,30,442,42,2,0,1,30000,0,115,2022,2,19,17,48,21,6,24,17,27,3,1,2,12,1,0,0,0,0,3,9,1,70,5,2,1,35,0,61,0,0,0,0,0,0,0,0,0,0,0,0,0,0,0,0,0,0,0,2,0,35.683324444444445,139.6424911111111,7,3,0,0,0,0
1,30,443,21,2,0,1,30000,0,115,2022,2,5,7,50,12,6,38,17,13,1,1,1,1,7,9,22,0,0,15,9,30,1,5,1,1,25,1,17,61,31,0,11,0,1,0,0,0,2,0,20,0,4,0,2,0,2,0,4,2,35.71487861111111,139.59267611111113,7,3,9999,0,1,0
1,30,443,22,2,0,1,10200,0,115,2022,2,6,18,55,22,6,37,17,14,1,1,1,1,1,9,22,0,0,16,9,30,70,1,1,1,55,25,4,61,31,0,1,0,1,0,0,0,5,0,10,0,4,0,2,0,2,0,4,2,35.71500416666667,139.614495,1,3,9999,0,9,0
1,30,443,25,2,0,1,30000,0,115,2022,2,8,7,35,12,6,35,17,16,1,1,1,14,7,0,0,0,0,3,9,1,70,5,3,1,35,55,51,61,41,0,0,0,0,0,0,0,0,0,10,0,3,0,0,0,0,0,4,2,35.71774638888889,139.62460583333333,3,3,0,0,0,0
1,30,443,32,2,0,1,30000,0,115,2021,12,16,16,55,21,6,44,16,29,1,1,1,1,1,9,22,0,0,15,8,30,70,4,1,1,45,45,51,61,41,0,0,0,0,0,0,0,0,0,0,0,4,0,0,0,0,0,4,2,35.70876805555556,139.60191694444444,5,3,0,0,0,0
1,30,545,15,2,0,1,95000,0,105,2022,2,27,20,0,22,6,14,17,34,1,1,1,1,1,9,22,0,0,19,9,30,70,1,2,1,65,55,3,61,1,0,1,0,1,0,0,0,4,0,40,0,3,0,2,0,2,0,4,2,35.70854888888889,139.7519736111111,1,3,9999,0,9,0
1,30,546,11,2,0,1,20370,0,105,2022,2,5,12,0,12,6,38,17,13,1,1,1,14,1,0,0,0,0,5,9,1,70,1,2,1,45,55,51,61,41,0,0,0,0,0,0,0,0,0,10,0,4,0,0,0,0,0,4,2,35.72237361111112,139.73574694444443,7,3,0,0,0,0
1,30,547,17,2,0,1,170,32,105,2022,1,30,13,30,12,6,43,17,6,2,1,1,1,1,9,22,0,0,18,9,30,70,4,1,1,25,55,51,61,41,0,0,0,0,0,0,0,0,0,10,0,4,0,0,0,0,0,4,2,35.707364444444444,139.76067666666665,1,3,0,0,0,0
1,30,548,17,2,0,1,30900,0,105,2022,2,10,17,27,21,6,33,17,18,5,1,2,1,1,9,22,0,0,14,9,30,70,4,2,1,55,75,36,61,31,0,0,0,0,0,0,0,2,0,10,0,4,0,0,0,0,0,4,2,35.72048083333333,139.75624305555556,5,2,9999,0,9,0
1,30,549,15,2,0,1,30000,0,116,2022,2,3,22,27,22,6,40,17,10,1,1,1,1,1,9,22,0,0,15,9,30,70,5,2,1,65,25,3,61,1,0,1,0,1,0,0,0,2,0,11,0,3,0,2,0,2,0,4,2,35.72795388888889,139.72323416666666,5,3,9999,0,9,0
1,30,549,16,2,0,1,30000,0,116,2022,2,22,7,30,12,6,20,17,30,1,1,1,1,7,1,21,0,0,14,9,30,70,5,3,1,55,65,3,61,31,0,1,0,1,0,0,0,10,0,10,0,4,0,2,0,2,0,4,2,35.73189722222222,139.72231,3,2,9999,0,9,0
1,30,549,18,2,0,1,30000,0,116,2022,2,23,17,30,21,6,19,17,30,1,1,1,14,7,0,0,0,0,1,9,1,70,5,3,1,25,25,51,61,41,0,0,0,0,0,0,0,0,0,10,0,4,0,0,0,0,0,4,2,35.734075555555556,139.7219175,4,1,0,0,0,0
1,30,550,17,2,0,1,95000,0,116,2022,2,1,7,50,12,6,41,17,8,1,1,1,1,1,9,22,0,0,15,9,30,70,4,2,1,1,45,51,61,41,0,0,0,0,0,0,0,0,0,10,0,3,0,0,0,0,0,4,2,35.731341666666665,139.70606416666666,3,3,0,0,0,0
1,30,550,20,2,0,1,30000,0,116,2022,2,8,9,5,12,6,35,17,16,1,1,1,1,7,9,22,0,0,15,9,30,70,4,2,1,35,1,14,61,31,0,11,0,1,0,0,0,5,0,10,0,3,0,2,0,2,0,4,2,35.731654722222224,139.71120277777777,3,3,9999,0,1,0
1,30,550,27,2,0,1,30000,0,116,2022,2,10,15,37,12,6,33,17,18,3,1,2,1,7,9,22,0,0,15,9,30,70,5,2,1,35,65,13,61,31,0,11,0,1,0,0,0,2,0,10,0,3,0,2,0,2,0,4,2,35.73451027777778,139.7100475,5,2,9999,0,1,0
1,30,550,28,2,0,1,30000,0,116,2022,2,20,13,50,12,6,22,17,28,3,1,2,14,7,0,0,0,0,3,9,1,70,4,2,1,45,35,3,61,31,0,1,0,1,0,11,0,10,0,10,0,3,0,2,0,2,0,4,2,35.73229,139.7150711111111,1,3,9999,0,9,0
1,30,551,26,2,0,1,30000,0,116,2022,2,2,10,45,12,6,40,17,9,1,1,1,1,7,9,21,0,0,11,9,30,70,5,3,1,45,55,13,61,31,0,11,0,1,0,0,0,2,0,20,0,3,0,2,0,2,0,4,2,35.72123972222222,139.70626916666666,4,3,9999,0,1,0
1,30,551,34,2,0,1,10090,0,116,2022,2,22,4,18,22,6,20,17,30,1,1,1,13,7,0,0,0,0,4,1,1,70,6,2,1,45,25,3,61,31,0,1,0,1,0,0,0,4,0,10,0,3,0,2,0,2,0,4,2,35.72487916666667,139.71124305555554,3,2,9999,0,1,0
1,30,552,32,2,0,1,30000,0,117,2022,2,14,11,58,12,6,29,17,22,1,1,1,14,7,0,0,0,0,3,9,1,70,5,3,1,55,25,3,61,31,0,1,0,1,0,0,0,2,0,40,0,4,0,2,0,2,0,4,2,35.74168138888889,139.7651113888889,2,3,9999,0,9,0
1,30,552,36,2,0,1,30000,0,117,2022,2,28,9,30,12,6,13,17,35,1,1,1,14,7,0,0,0,0,2,9,1,70,5,4,1,25,1,51,61,41,0,0,0,0,0,0,0,0,0,10,0,3,0,0,0,0,0,4,2,35.749874444444444,139.73654805555555,2,3,0,0,0,0
1,30,553,21,2,0,1,30000,0,117,2022,2,12,7,20,11,6,31,17,20,1,1,1,14,7,0,0,0,0,2,9,1,1,5,3,1,55,1,17,61,1,0,11,0,2,0,0,0,1,0,20,0,4,0,2,0,2,0,4,2,35.76488777777778,139.72181055555555,7,3,9999,0,9,0
1,30,553,22,2,0,1,30000,0,117,2022,2,14,14,2,12,6,29,17,22,1,1,1,1,1,9,22,0,0,12,9,30,70,1,2,1,35,1,3,61,31,0,1,0,1,0,0,0,3,0,80,0,4,0,2,0,2,0,4,2,35.75810944444444,139.7299886111111,2,3,9999,0,1,0
1,30,553,25,2,0,1,30000,0,117,2022,2,22,11,30,12,6,20,17,30,1,1,1,14,7,0,0,0,0,1,9,1,70,4,2,1,25,75,4,61,31,0,1,0,1,0,0,0,4,0,80,0,4,0,2,0,2,0,4,2,35.76486722222222,139.72912277777777,3,2,9999,0,1,0
1,30,553,28,2,0,1,30000,0,117,2022,2,27,14,40,12,6,14,17,34,1,1,1,1,7,0,0,0,0,11,9,30,70,5,4,1,1,0,61,0,0,0,0,0,0,0,0,0,0,0,0,0,0,0,0,0,0,0,2,0,35.76327166666667,139.72339,1,3,0,0,0,0
1,30,553,29,2,0,1,1220,0,117,2022,2,27,19,10,22,6,14,17,34,1,1,1,1,1,9,22,0,0,16,9,30,70,4,1,1,45,65,4,61,31,0,1,0,1,0,0,0,2,0,40,0,3,0,2,0,2,0,4,2,35.76337361111111,139.7363911111111,1,3,9999,0,9,0
1,30,554,33,2,0,1,99000,0,117,2022,2,1,14,0,12,6,41,17,8,1,1,1,0,7,0,0,0,0,0,0,20,70,0,4,1,65,35,51,61,41,0,0,0,0,0,0,0,0,0,10,0,4,0,0,0,0,0,4,2,35.78597333333333,139.73040083333333,3,3,0,0,0,0
1,30,554,44,2,0,1,1220,0,117,2022,2,18,2,35,22,6,25,17,26,1,1,1,12,7,0,0,0,0,3,9,1,70,1,1,1,55,65,3,61,31,0,1,0,1,0,0,0,4,0,10,0,3,0,2,0,2,0,4,2,35.787928055555554,139.72319194444444,6,3,9999,0,9,0
1,30,554,46,2,0,1,20000,0,117,2022,2,17,14,20,12,6,26,17,25,1,1,1,1,1,9,22,0,0,15,9,30,70,5,2,1,45,55,11,61,1,0,11,0,2,0,0,0,3,0,10,0,3,0,2,0,2,0,4,2,35.77592361111111,139.7091161111111,5,3,9999,0,9,0
1,30,554,48,2,0,1,1220,0,117,2022,2,25,18,57,22,6,16,17,32,1,1,1,1,1,9,22,0,0,19,9,30,70,1,1,1,45,45,14,61,1,0,11,0,1,0,0,0,4,0,10,0,3,0,2,0,2,0,4,2,35.786474999999996,139.72242722222222,6,3,9999,0,1,0
1,30,554,49,2,0,1,30000,0,117,2022,2,28,10,3,12,6,13,17,35,1,1,1,1,7,9,22,0,0,14,9,30,70,5,3,1,65,75,3,61,31,0,1,0,1,0,0,0,10,0,10,0,3,0,2,0,2,0,4,2,35.771206388888885,139.715755,2,3,9999,0,9,0
1,30,554,50,2,0,1,30000,0,117,2022,2,18,18,14,21,6,25,17,26,1,1,1,14,7,0,0,0,0,2,9,1,70,5,4,1,65,55,4,61,31,0,1,0,1,0,0,0,5,0,20,0,3,0,2,0,2,0,4,2,35.76853583333333,139.73499416666667,6,3,9999,0,9,0
1,30,555,36,2,0,1,30000,0,119,2022,2,2,16,25,13,6,40,17,9,1,1,1,1,7,9,22,0,0,12,9,30,70,5,3,1,55,1,4,61,31,0,1,0,1,0,11,0,2,0,10,0,3,0,2,0,2,0,4,2,35.76235527777778,139.6722663888889,4,3,9999,0,9,0
1,30,555,41,2,0,1,30000,0,119,2022,2,10,17,14,13,6,33,17,18,5,1,2,1,1,9,22,0,0,12,9,30,70,5,2,1,55,1,3,61,31,0,1,0,1,0,11,0,1,0,50,0,4,0,2,0,2,0,4,2,35.753840277777776,139.71508999999998,5,2,9999,0,9,0
1,30,555,51,2,0,1,30000,0,119,2022,2,21,14,15,12,6,21,17,29,1,1,1,1,7,9,22,0,0,11,9,30,70,5,1,1,1,1,51,61,41,0,0,0,0,0,0,0,0,0,40,0,3,0,0,0,0,0,4,2,35.76126527777778,139.68273305555556,2,3,0,0,0,0
1,30,555,56,2,0,1,30000,0,119,2022,1,28,9,50,12,6,44,17,4,1,1,1,14,7,0,0,0,0,3,9,1,70,5,3,1,1,75,51,61,41,0,0,0,0,0,0,0,0,0,10,0,4,0,0,0,0,0,4,2,35.74928333333333,139.70640777777777,6,3,0,0,0,0
1,30,556,24,2,0,1,30000,0,119,2022,2,18,17,30,21,6,25,17,26,5,1,2,7,7,0,0,0,0,3,9,1,70,5,3,1,25,45,35,61,31,0,0,0,0,0,0,0,2,0,10,0,3,0,0,0,0,0,4,2,35.76519944444444,139.67918305555554,6,3,9999,0,1,0
1,30,556,25,2,0,1,30000,0,119,2021,12,28,11,25,12,6,50,16,36,1,1,1,14,7,0,0,0,0,2,9,1,70,5,3,1,75,0,61,0,0,0,0,0,0,0,0,0,0,0,0,0,0,0,0,0,0,0,2,0,35.77354166666667,139.69891833333332,3,3,0,0,0,0
1,30,556,29,2,0,1,30000,0,119,2022,2,7,20,40,22,6,36,17,15,1,1,1,14,7,0,0,0,0,3,9,1,70,5,3,1,45,65,36,61,31,0,0,0,0,0,0,0,2,0,10,0,3,0,0,0,0,0,4,2,35.7651775,139.70457472222222,2,3,9999,0,1,0
1,30,556,30,2,0,1,30000,0,119,2022,2,11,6,35,11,6,32,17,19,1,1,2,1,7,1,21,0,0,12,9,30,70,4,2,1,35,55,3,61,31,0,1,0,1,0,0,0,2,0,50,0,4,0,2,0,2,0,4,2,35.79349055555555,139.6873125,6,1,9999,0,1,0
1,30,556,34,2,0,1,30000,0,119,2022,2,14,18,10,21,6,29,17,22,1,1,1,1,1,9,22,0,0,12,7,30,70,5,1,1,75,55,3,61,31,0,1,0,1,0,11,0,2,0,20,0,3,0,2,0,2,0,4,2,35.78149972222222,139.68368194444446,2,3,9999,0,9,0
1,30,557,40,2,0,1,30000,0,120,2022,2,3,13,45,12,6,40,17,10,1,1,1,1,1,9,22,0,0,16,9,30,70,4,2,1,65,75,3,61,31,0,1,0,1,0,0,0,2,0,50,0,3,0,2,0,2,0,4,2,35.751734166666665,139.63922472222222,5,3,9999,0,9,0
1,30,557,41,2,0,1,30000,0,120,2022,2,7,10,32,12,6,36,17,15,1,1,1,14,7,0,0,0,0,2,9,1,70,5,4,1,55,75,3,61,31,0,1,0,1,0,0,0,5,0,50,0,3,0,2,0,2,0,4,2,35.73590305555555,139.63902222222222,2,3,9999,0,9,0
1,30,557,47,2,0,1,30000,0,120,2022,2,18,11,55,12,6,25,17,26,1,1,1,7,7,0,0,0,0,2,9,1,70,5,4,1,1,65,51,61,41,0,0,0,0,0,0,0,0,0,10,0,4,0,0,0,0,0,4,2,35.73685527777778,139.63691,6,3,0,0,0,0
1,30,558,25,2,0,1,30000,0,120,2022,2,12,8,50,12,6,31,17,20,1,1,1,1,1,9,22,0,0,11,9,30,70,5,3,1,75,25,4,61,31,0,1,0,1,0,0,0,2,0,80,0,4,0,2,0,2,0,4,2,35.74499111111111,139.59615805555558,7,3,541,0,5,0
1,30,558,28,2,0,2,20430,0,115,2022,2,17,8,20,12,6,26,17,25,1,1,1,14,7,0,0,0,0,2,9,1,70,4,2,1,25,25,35,61,31,0,0,0,0,0,11,0,2,0,10,0,3,0,0,0,0,0,2,2,35.72933833333334,139.61275166666667,5,3,9999,0,5,0
1,30,558,29,2,0,1,30000,0,120,2022,2,18,16,15,12,6,25,17,26,1,1,1,1,7,9,22,0,0,11,9,30,70,5,3,1,45,1,51,61,41,0,0,0,0,0,0,0,0,0,10,0,3,0,0,0,0,0,4,2,35.7352125,139.58152555555554,6,3,0,0,0,0
1,30,558,31,2,0,1,30000,0,120,2022,2,20,11,28,12,6,22,17,28,2,1,1,14,7,0,0,0,0,2,9,1,70,5,3,1,45,55,3,61,1,0,1,0,1,0,0,0,1,0,10,0,4,0,2,0,2,0,4,2,35.72801388888889,139.59138222222222,1,3,9999,0,1,0
1,30,558,33,2,0,1,99000,0,120,2022,2,26,18,43,22,6,15,17,33,1,1,1,0,7,0,0,0,0,0,0,20,70,0,4,1,45,35,14,61,31,0,11,0,1,0,11,0,10,0,30,0,3,0,2,0,2,0,4,2,35.745510833333334,139.58081972222223,7,3,9999,0,9,0
1,30,558,34,2,0,1,10250,0,120,2022,2,27,11,27,12,6,14,17,34,1,1,1,1,1,1,22,0,0,14,9,30,70,4,1,1,35,75,3,61,31,0,1,0,1,0,11,0,3,0,10,0,3,0,2,0,2,0,4,2,35.73164361111111,139.58066222222223,1,3,9999,0,1,0
1,30,558,35,2,0,1,99000,0,120,2022,2,24,8,15,12,6,18,17,31,1,1,1,0,7,0,0,0,0,0,0,20,70,0,4,1,25,45,3,61,31,0,1,0,1,0,0,0,10,0,20,0,4,0,2,0,2,0,4,2,35.74031222222222,139.59177111111111,5,3,9999,0,1,0
1,30,559,24,2,0,1,30000,0,119,2022,2,12,4,0,22,6,31,17,20,1,1,1,14,7,0,0,0,0,3,9,1,70,5,2,1,45,25,13,61,31,0,11,0,2,0,0,0,2,0,10,0,3,0,2,0,2,0,4,2,35.786942777777774,139.6437075,7,3,9999,0,9,0
1,30,559,25,2,0,1,30000,0,119,2022,2,12,16,50,13,6,31,17,20,1,1,1,14,7,0,0,0,0,3,8,1,70,5,3,1,65,1,13,61,31,0,11,0,1,0,0,0,10,0,20,0,3,0,2,0,2,0,4,2,35.78282166666666,139.6458047222222,7,3,9999,0,9,0
1,30,559,35,2,0,1,30000,0,119,2022,2,24,21,7,22,6,18,17,31,1,1,1,14,7,0,0,0,0,3,9,1,70,4,3,1,35,55,35,61,31,0,0,0,0,0,0,0,2,0,10,0,3,0,0,0,0,0,4,2,35.78032777777778,139.63519472222222,5,3,9999,0,1,0
1,30,559,36,2,0,1,30000,0,119,2022,2,28,9,20,12,6,13,17,35,1,1,2,1,7,1,21,0,0,11,9,30,70,5,3,1,25,1,51,61,41,0,0,0,0,0,0,0,0,0,20,0,4,0,0,0,0,0,4,2,35.782615,139.63492027777778,2,3,0,0,0,0
1,30,560,32,2,0,1,30000,0,120,2022,2,2,16,50,13,6,40,17,9,1,1,1,14,7,0,0,0,0,2,9,1,70,5,4,1,45,75,14,61,31,0,11,0,1,0,11,0,10,0,10,0,3,0,2,0,2,0,4,2,35.75967222222222,139.61783472222223,4,3,9999,0,1,0
1,30,560,38,2,0,1,30000,0,120,2022,2,16,18,5,21,6,27,17,24,3,1,2,1,7,9,22,0,0,11,9,30,70,5,3,1,35,55,3,61,31,0,1,0,1,0,0,0,1,0,20,0,4,0,2,0,2,0,4,2,35.76566388888889,139.613965,4,3,9999,0,1,0
1,30,560,44,2,0,1,30000,0,120,2022,2,11,22,45,22,6,32,17,19,1,1,1,7,7,0,0,0,0,2,9,1,70,5,3,1,55,1,36,61,31,0,0,0,0,0,0,0,2,0,10,0,3,0,0,0,0,0,4,2,35.739112222222225,139.62594416666667,6,1,9999,0,9,0
1,30,660,14,2,0,1,20000,0,106,2022,2,8,8,10,12,6,35,17,16,1,1,1,1,1,9,22,0,0,18,9,30,1,4,2,1,45,45,13,61,31,0,11,0,1,0,0,0,4,0,10,0,3,0,2,0,2,0,4,2,35.71288333333334,139.78285472222223,3,3,9999,0,9,0
1,30,661,12,2,0,1,40,51,106,2022,2,16,14,20,12,6,27,17,24,2,1,1,1,7,9,22,0,0,14,9,30,70,4,2,1,75,65,3,61,1,0,1,0,1,0,0,0,3,0,40,0,3,0,2,0,2,0,4,2,35.72470888888889,139.78841055555554,4,3,43,0,9,0
1,30,662,10,2,0,1,20550,0,106,2022,2,9,18,20,22,6,34,17,17,2,1,1,1,1,9,22,0,0,17,9,30,70,4,2,1,55,75,3,61,31,0,1,0,1,0,0,0,4,0,10,0,3,0,2,0,2,0,4,2,35.728033611111115,139.79991388888888,4,3,9999,0,9,0
1,30,663,25,2,0,1,60,32,106,2022,2,15,17,20,13,6,28,17,23,1,1,1,1,1,9,22,0,0,19,9,30,70,4,2,1,65,55,3,61,1,0,1,0,1,0,0,0,4,0,10,0,3,0,2,0,2,0,4,2,35.70534555555556,139.7933975,3,3,9999,0,9,0
1,30,663,27,2,0,1,60,37,106,2022,2,18,0,50,22,6,25,17,26,1,1,1,1,1,9,22,0,0,19,9,30,70,4,2,1,55,35,3,61,31,0,1,0,1,0,0,0,4,0,10,0,3,0,2,0,2,0,4,2,35.70883611111111,139.79580916666666,6,3,9999,0,9,0
1,30,664,11,2,0,1,30000,0,118,2022,1,6,17,55,22,6,51,16,43,5,1,4,1,7,1,21,0,0,11,9,30,1,5,3,1,65,1,3,61,1,0,1,0,1,0,0,0,2,0,50,0,4,0,2,0,2,0,4,2,35.74527111111111,139.75932083333333,5,3,9999,0,9,0
1,30,664,12,2,0,1,95000,0,118,2022,2,3,10,0,12,6,40,17,10,1,1,1,14,7,0,0,0,0,2,9,1,70,5,3,1,55,35,14,61,1,0,11,0,1,0,11,0,2,0,10,0,4,0,2,0,2,0,4,2,35.74635222222222,139.76161861111112,5,3,9999,0,9,0
1,30,664,17,2,0,1,20570,0,118,2022,2,15,20,50,22,6,28,17,23,1,1,1,14,7,0,0,0,0,2,9,1,70,4,1,1,75,35,51,61,41,0,0,0,0,0,0,0,0,0,30,0,3,0,0,0,0,0,4,2,35.748874444444446,139.76226972222221,3,3,0,0,0,0
1,30,666,17,2,0,1,10710,0,118,2022,2,1,20,35,22,6,41,17,8,1,1,1,14,7,0,0,0,0,5,9,1,70,4,2,1,35,25,14,61,1,0,11,0,1,0,11,0,5,0,20,0,3,0,2,0,2,0,4,2,35.72761527777778,139.77394750000002,3,3,9999,0,5,0
1,30,666,19,2,0,1,20000,0,118,2022,2,12,13,20,12,6,31,17,20,1,1,1,1,7,9,22,0,0,14,9,30,70,5,3,1,75,75,51,61,41,0,0,0,0,0,0,0,0,0,10,0,4,0,0,0,0,0,4,2,35.738725,139.78385111111112,7,3,0,0,0,0
1,30,667,18,2,0,1,30000,0,121,2022,2,9,11,10,12,6,34,17,17,1,1,1,14,7,0,0,0,0,3,9,1,1,5,3,1,45,75,13,61,31,0,11,0,1,0,0,0,2,0,40,0,3,0,2,0,2,0,4,2,35.74306222222222,139.8010766666667,4,3,9999,0,9,0
1,30,668,32,2,0,1,30000,0,121,2021,12,11,10,2,12,6,40,16,28,1,1,1,14,7,0,0,0,0,1,9,1,70,4,2,1,45,65,3,61,31,0,1,0,1,0,0,0,3,0,10,0,3,0,2,0,2,0,4,2,35.76490166666667,139.79107333333334,7,3,9999,0,9,0
1,30,668,33,2,0,1,30000,0,121,2021,12,30,13,5,12,6,50,16,37,1,1,1,1,7,9,22,0,0,11,9,30,70,5,1,1,1,45,36,61,31,0,0,0,0,0,0,0,2,0,10,0,3,0,0,0,0,0,4,2,35.78982694444444,139.77623916666667,5,3,9999,0,5,0
1,30,668,38,2,0,1,10130,0,121,2022,2,2,6,55,11,6,40,17,9,1,1,1,1,1,9,22,0,0,16,9,30,70,4,1,1,35,55,3,61,31,0,1,0,1,0,0,0,4,0,80,0,4,0,2,0,2,0,4,2,35.77840305555556,139.7558913888889,4,3,9999,0,5,0
1,30,668,40,2,0,1,30000,0,121,2022,2,4,8,20,12,6,39,17,12,1,1,1,14,7,0,0,0,0,3,9,1,70,4,3,1,25,1,51,61,41,0,0,0,0,0,0,0,0,0,10,0,3,0,0,0,0,0,4,2,35.770224444444445,139.79914888888888,6,3,0,0,0,0
1,30,668,56,2,0,1,30000,0,121,2022,2,17,15,8,12,6,26,17,25,1,1,1,1,7,9,22,0,0,11,9,30,70,5,3,1,55,1,4,61,31,0,1,0,1,0,0,0,2,0,10,0,3,0,2,0,2,0,4,2,35.764357777777775,139.78829527777776,5,3,9999,0,9,0
1,30,668,62,2,0,1,10710,0,121,2022,2,22,12,30,12,6,20,17,30,1,1,1,1,1,9,22,0,0,19,9,30,70,1,2,1,75,75,3,61,31,0,1,0,1,0,0,0,5,0,10,0,3,0,2,0,2,0,4,2,35.78283472222222,139.77013972222224,3,2,117,0,9,0
1,30,668,69,2,0,1,10130,0,121,2022,2,28,14,30,12,6,13,17,35,1,1,1,1,1,9,22,0,0,18,9,30,70,1,2,1,25,55,3,61,31,0,1,0,1,0,0,0,4,0,10,0,3,0,2,0,2,0,4,2,35.7778825,139.78210111111113,2,3,9999,0,1,0
1,30,668,74,2,0,1,30000,0,121,2022,2,16,6,46,11,6,27,17,24,1,1,1,14,7,0,0,0,0,1,9,1,70,4,2,1,75,45,3,61,1,0,1,0,1,0,0,0,3,0,10,0,3,0,2,0,2,0,4,2,35.78619083333333,139.78097833333334,4,3,490,0,9,0
1,30,669,45,1,1,0,30450,0,121,2022,2,28,18,34,21,6,13,17,35,1,1,1,14,7,0,0,0,0,4,9,1,70,4,2,1,25,65,12,61,1,0,11,0,1,0,11,0,3,0,10,0,3,0,2,0,2,0,4,1,35.78487638888889,139.84215861111113,2,3,9999,0,1,0
1,30,669,49,2,0,1,30000,0,121,2022,2,1,17,50,21,6,41,17,8,1,1,1,1,7,1,21,0,0,11,9,30,70,5,3,1,75,1,3,61,1,0,1,0,1,0,0,0,2,0,10,0,3,0,2,0,2,0,4,2,35.771570833333335,139.80559361111114,3,3,495,0,9,0
1,30,669,61,2,0,1,30000,0,121,2022,2,11,20,12,22,6,32,17,19,1,1,1,14,7,0,0,0,0,2,9,1,70,5,4,1,1,75,51,61,41,0,0,0,0,0,0,0,0,0,10,0,4,0,0,0,0,0,4,2,35.785217499999995,139.84189444444445,6,1,0,0,0,0
1,30,669,63,2,0,1,30000,0,121,2022,1,4,18,5,22,6,51,16,41,1,1,1,7,7,0,0,0,0,3,9,1,70,5,2,1,35,45,3,61,31,0,1,0,1,0,11,0,3,0,10,0,3,0,2,0,2,0,4,2,35.764834444444446,139.82117083333333,3,3,9999,0,5,0
1,30,669,66,2,0,1,99000,0,121,2022,2,14,16,23,13,6,29,17,22,1,1,1,0,7,0,0,0,0,0,0,20,70,0,4,1,55,75,14,61,31,0,11,0,1,0,11,0,10,0,30,0,3,0,2,0,2,0,4,2,35.77931111111111,139.81070444444447,2,3,9999,0,9,0
1,30,669,67,2,0,1,30000,0,121,2022,2,14,20,36,22,6,29,17,22,1,1,1,14,7,0,0,0,0,4,9,1,70,5,3,1,45,55,51,61,41,0,0,0,0,0,0,0,0,0,10,0,3,0,0,0,0,0,4,2,35.78525527777778,139.82074777777777,2,3,0,0,0,0
1,30,669,68,2,0,1,30000,0,121,2022,2,1,14,15,12,6,41,17,8,1,1,1,14,7,0,0,0,0,5,9,1,70,4,1,1,75,45,51,61,41,0,0,0,0,0,0,0,0,0,10,0,4,0,0,0,0,0,4,2,35.78034888888889,139.81089916666667,3,3,0,0,0,0
1,30,669,69,2,0,1,30000,0,121,2022,2,16,7,25,11,6,27,17,24,1,1,1,7,7,0,0,0,0,3,9,1,70,4,3,1,45,65,3,61,31,0,1,0,1,0,11,0,3,0,10,0,2,0,2,0,2,0,4,2,35.765011111111114,139.8052663888889,4,3,9999,0,9,0