資料区分,都道府県コード,警察署等コード,本票番号,事故内容,死者数,負傷者数,路線コード,地点コード,市区町村コード,発生日時　　年,発生日時　　月,発生日時　　日,発生日時　　時,発生日時　　分,昼夜,日の出時刻　　時,日の出時刻　　分,日の入り時刻　　時,日の入り時刻　　分,天候,地形,路面状態,道路形状,信号機,一時停止規制　標識（当事者A）,一時停止規制　表示（当事者A）,一時停止規制　標識（当事者B）,一時停止規制　表示（当事者B）,車道幅員,道路線形,衝突地点,ゾーン規制,中央分離帯施設等,歩車道区分,事故類型,年齢（当事者A）,年齢（当事者B）,当事者種別（当事者A）,当事者種別（当事者B）,用途別（当事者A）,用途別（当事者B）,車両形状等（当事者A）,車両形状等（当事者B）,オートマチック車（当事者A）,オートマチック車（当事者B）,サポカー（当事者A）,サポカー（当事者B）,速度規制（指定のみ）（当事者A）,速度規制（指定のみ）（当事者B）,車両の衝突部位（当事者A）,車両の衝突部位（当事者B）,車両の損壊程度（当事者A）,車両の損壊程度（当事者B）,エアバッグの装備（当事者A）,エアバッグの装備（当事者B）,サイドエアバッグの装備（当事者A）,サイドエアバッグの装備（当事者B）,人身損傷程度（当事者A）,人身損傷程度（当事者B）,lat,lon,曜日(発生年月日),祝日(発生年月日),認知機能検査経過日数（当事者A）,認知機能検査経過日数（当事者B）,運転練習の方法（当事者A）,運転練習の方法（当事者B）
1,30,669,71,2,0,1,30000,0,121,2022,2,16,14,14,12,6,27,17,24,1,1,1,14,7,0,0,0,0,3,9,1,70,4,2,1,75,0,61,0,0,0,0,0,0,0,0,0,0,0,0,0,0,0,0,0,0,0,2,0,35.76363722222222,139.80514027777778,4,3,0,0,0,0
1,30,669,80,2,0,1,90000,0,121,2022,2,4,7,40,12,6,39,17,12,1,1,1,0,7,0,0,0,0,0,0,20,70,0,4,1,35,25,3,61,31,0,1,0,1,0,0,0,5,0,30,0,4,0,2,0,2,0,4,2,35.78317916666666,139.8369175,6,3,9999,0,1,0
1,30,669,94,2,0,1,30000,0,121,2022,2,26,17,20,13,6,15,17,33,1,1,1,14,7,0,0,0,0,3,9,1,70,4,2,1,1,1,3,61,31,0,1,0,1,0,11,0,2,0,10,0,3,0,2,0,2,0,4,2,35.77118055555555,139.81080583333335,7,3,9999,0,1,0
1,30,669,95,2,0,1,95000,0,121,2022,2,27,16,55,13,6,14,17,34,1,1,1,0,7,0,0,0,0,0,0,20,70,0,4,1,55,1,13,61,31,0,11,0,1,0,0,0,5,0,30,0,4,0,2,0,2,0,4,2,35.77838694444444,139.81179972222225,1,3,9999,0,9,0
1,30,670,38,2,0,1,30000,0,121,2022,2,13,11,48,12,6,30,17,21,3,1,2,1,1,9,22,0,0,11,9,30,70,4,1,1,35,45,3,61,31,0,1,0,1,0,11,0,3,0,10,0,3,0,2,0,2,0,4,2,35.79432805555555,139.82229027777777,1,3,9999,0,1,0
1,30,670,56,2,0,1,30460,0,121,2022,2,27,17,15,13,6,14,17,34,1,1,1,1,1,9,22,0,0,15,9,30,70,4,2,1,35,55,51,61,41,0,0,0,0,0,0,0,0,0,10,0,3,0,0,0,0,0,4,2,35.79505694444444,139.81002333333333,1,3,0,0,0,0
1,30,771,66,2,0,1,10370,0,108,2022,2,13,18,35,22,6,30,17,21,3,1,2,1,1,9,22,0,0,19,9,30,70,1,1,1,45,75,36,61,31,0,0,0,0,0,11,0,2,0,10,0,3,0,0,0,0,0,4,2,35.6591275,139.80793444444444,1,3,9999,0,1,0
1,30,771,75,2,0,1,30000,0,108,2022,2,25,7,50,12,6,16,17,32,1,1,1,1,7,9,22,0,0,12,9,30,70,4,1,1,35,55,51,61,41,0,0,0,0,0,0,0,0,0,20,0,4,0,0,0,0,0,4,2,35.66880916666666,139.7984688888889,6,3,0,0,0,0
1,30,772,47,2,0,1,30000,0,108,2022,2,4,18,25,22,6,39,17,12,1,1,1,14,7,0,0,0,0,3,9,1,70,4,1,1,35,55,51,61,41,0,0,0,0,0,0,0,0,0,10,0,4,0,0,0,0,0,4,2,35.66759194444444,139.83281888888888,6,3,0,0,0,0
1,30,772,49,2,0,1,20650,0,108,2022,2,5,15,10,12,6,38,17,13,1,1,1,1,1,9,22,0,0,17,9,30,70,1,2,1,75,45,51,61,41,0,0,0,0,0,0,0,0,0,10,0,4,0,0,0,0,0,4,2,35.68145166666667,139.83522000000002,7,3,0,0,0,0
1,30,772,53,2,0,1,10090,0,108,2022,2,10,17,20,21,6,33,17,18,5,1,2,1,1,9,22,0,0,12,9,30,70,5,2,1,75,65,3,61,1,0,1,0,1,0,0,0,3,0,40,0,3,0,2,0,2,0,4,2,35.683819166666666,139.82700305555556,5,2,9999,0,9,0
1,30,772,68,2,0,1,10060,0,108,2022,1,17,16,15,13,6,49,16,53,1,1,1,14,1,0,0,0,0,4,9,1,70,4,2,1,65,75,51,61,41,0,0,0,0,0,0,0,0,0,12,0,4,0,0,0,0,0,4,2,35.68976472222222,139.83380583333334,2,3,0,0,0,0
1,30,772,69,2,0,1,10040,0,108,2022,2,27,10,55,12,6,14,17,34,1,1,1,14,7,0,0,0,0,5,7,1,70,1,3,1,45,75,51,61,41,0,0,0,0,0,0,0,0,0,10,0,4,0,0,0,0,0,4,2,35.66680472222222,139.83296888888887,1,3,0,0,0,0
1,30,772,77,2,0,1,20650,0,108,2022,2,11,20,15,22,6,32,17,19,2,1,1,7,1,0,0,0,0,5,9,1,70,1,2,1,45,35,34,61,31,0,0,0,0,0,0,0,3,0,20,0,3,0,0,0,0,0,4,2,35.671569444444444,139.83246277777778,6,1,9999,0,9,0
1,30,773,26,2,0,1,30000,0,107,2022,2,2,17,24,21,6,40,17,9,1,1,1,14,7,0,0,0,0,3,9,1,70,5,3,1,65,75,14,61,31,0,11,0,1,0,11,0,10,0,10,0,3,0,2,0,2,0,4,2,35.70035472222222,139.80804833333335,4,3,9999,0,9,0
1,30,773,34,2,0,1,140,46,107,2022,2,13,14,54,12,6,30,17,21,3,1,2,7,1,0,0,0,0,6,9,1,70,1,1,1,1,1,4,61,31,0,1,0,1,0,0,0,5,0,10,0,3,0,2,0,2,0,4,2,35.69578305555555,139.8153102777778,1,3,9999,0,1,0
1,30,773,35,2,0,1,20680,0,107,2022,2,15,10,46,12,6,28,17,23,2,1,1,1,1,9,22,0,0,18,9,30,70,5,2,1,55,65,14,61,1,0,11,0,1,0,0,0,4,0,80,0,4,0,2,0,2,0,4,2,35.69301944444444,139.79775,3,3,9999,0,9,0
1,30,773,38,2,0,1,30000,0,107,2022,2,18,8,22,12,6,25,17,26,1,1,1,1,1,9,22,0,0,15,9,30,70,4,1,1,45,1,11,61,31,0,11,0,2,0,0,0,2,0,80,0,3,0,2,0,2,0,4,2,35.70655472222222,139.805665,6,3,9999,0,9,0
1,30,773,41,2,0,1,30000,0,107,2022,2,22,21,10,22,6,20,17,30,1,1,1,14,7,0,0,0,0,4,9,1,70,5,2,1,35,1,51,61,41,0,0,0,0,0,0,0,0,0,10,0,3,0,0,0,0,0,4,2,35.69591,139.81401833333334,3,2,0,0,0,0
1,30,773,43,2,0,1,30000,0,107,2022,2,24,18,15,21,6,18,17,31,1,1,1,7,7,0,0,0,0,3,9,1,70,5,3,1,55,75,4,61,31,0,1,0,1,0,0,0,10,0,30,0,3,0,2,0,2,0,4,2,35.688159166666665,139.80843833333336,5,3,9999,0,9,0
1,30,773,46,2,0,1,30000,0,107,2022,2,28,8,50,12,6,13,17,35,1,1,1,14,7,0,0,0,0,2,9,1,70,5,3,1,35,35,13,61,31,0,11,0,1,0,0,0,2,0,40,0,4,0,2,0,2,0,4,2,35.69509166666666,139.7977936111111,2,3,9999,0,1,0
1,30,774,25,2,0,1,99000,0,107,2022,2,6,13,45,12,6,37,17,14,2,1,1,0,7,0,0,0,0,0,0,20,70,0,4,1,1,75,51,61,41,0,0,0,0,0,0,0,0,0,10,0,4,0,0,0,0,0,4,2,35.72510055555556,139.83289916666666,1,3,0,0,0,0
1,30,775,33,2,0,1,60,121,122,2022,2,2,16,10,13,6,40,17,9,1,1,1,14,7,0,0,0,0,4,9,1,70,1,1,1,65,1,14,61,31,0,11,0,1,0,0,0,5,0,40,0,3,0,2,0,2,0,4,2,35.75989,139.8588472222222,4,3,9999,0,9,0
1,30,775,34,2,0,1,60,114,122,2022,2,3,18,0,21,6,40,17,10,1,1,1,1,1,9,22,0,0,19,9,30,70,1,2,1,25,55,17,61,1,0,11,0,2,0,11,0,5,0,10,0,3,0,2,0,2,0,4,2,35.757469444444446,139.8543475,5,3,9999,0,1,0
1,30,775,48,2,0,1,30000,0,122,2022,2,25,14,15,12,6,16,17,32,1,1,1,14,7,0,0,0,0,3,9,1,1,4,1,1,1,0,61,0,0,0,0,0,0,0,0,0,0,0,0,0,0,0,0,0,0,0,2,0,35.74811944444445,139.84873361111113,6,3,0,0,0,0
1,30,776,38,2,0,1,10400,0,122,2022,2,10,19,58,22,6,33,17,18,5,1,4,1,1,9,22,0,0,15,9,30,70,4,1,1,1,45,51,61,41,0,0,0,0,0,0,0,0,0,10,0,4,0,0,0,0,0,4,2,35.72550416666667,139.85066277777779,5,2,0,0,0,0
1,30,776,54,2,0,1,10410,0,122,2022,2,23,14,45,12,6,19,17,30,1,1,1,14,7,0,0,0,0,3,9,1,70,4,1,1,45,65,4,61,31,0,1,0,1,0,0,0,3,0,10,0,3,0,2,0,2,0,4,2,35.736016944444444,139.85592111111112,4,1,9999,0,1,0
1,30,777,83,2,0,1,30000,0,123,2022,2,6,11,45,12,6,37,17,14,2,1,1,1,1,9,22,0,0,15,9,30,70,4,2,1,75,25,4,61,31,0,1,0,1,0,0,0,10,0,20,0,3,0,2,0,2,0,4,2,35.69051333333333,139.884105,1,3,34,0,9,0
1,30,777,91,2,0,1,140,74,123,2022,2,10,22,5,22,6,33,17,18,5,1,2,1,1,9,22,0,0,16,9,30,70,1,2,1,25,55,14,61,1,0,11,0,1,0,0,0,2,0,10,0,3,0,2,0,2,0,4,2,35.6986375,139.84730166666668,5,2,9999,0,1,0
1,30,777,96,2,0,1,30520,0,123,2022,2,15,20,0,22,6,28,17,23,1,1,1,1,1,9,22,0,0,15,9,30,70,5,2,1,45,65,3,61,1,0,1,0,1,0,11,0,2,0,10,0,3,0,2,0,2,0,4,2,35.68913444444444,139.88030861111113,3,3,9999,0,1,0
1,30,777,101,2,0,1,140,0,123,2022,2,18,9,15,12,6,25,17,26,1,1,1,14,7,0,0,0,0,6,9,1,70,1,2,1,45,35,51,61,41,0,0,0,0,0,0,0,0,0,10,0,3,0,0,0,0,0,2,4,35.70212916666667,139.90022861111112,6,3,0,0,0,0
1,30,777,107,2,0,1,30000,0,123,2022,2,21,9,55,12,6,21,17,29,1,1,1,1,1,9,22,0,0,15,9,30,70,4,2,1,55,75,11,61,1,0,11,0,2,0,0,0,2,0,50,0,3,0,2,0,2,0,4,2,35.691826666666664,139.9024836111111,2,3,9999,0,9,0
1,30,777,110,2,0,1,30000,0,123,2022,2,22,4,58,22,6,20,17,30,1,1,1,14,7,0,0,0,0,2,9,1,70,4,2,1,45,65,17,61,1,0,11,0,1,0,0,0,3,0,80,0,1,0,2,0,2,0,4,2,35.70055333333334,139.89271833333333,3,2,9999,0,9,0
1,30,777,115,2,0,1,30000,0,123,2022,2,24,11,40,12,6,18,17,31,1,1,1,1,1,9,22,0,0,12,9,30,70,4,2,1,65,25,14,61,1,0,11,0,1,0,0,0,3,0,10,0,3,0,2,0,2,0,4,2,35.69052805555555,139.88409166666665,5,3,9999,0,9,0
1,30,777,116,2,0,1,140,4292,123,2022,2,24,18,4,21,6,18,17,31,1,1,1,1,1,8,22,0,0,19,9,30,70,1,2,1,1,1,3,61,31,0,1,0,1,0,0,0,10,0,10,0,3,0,2,0,2,0,4,2,35.70482972222222,139.90707694444444,5,3,9999,0,5,0
1,30,777,118,2,0,1,10390,0,123,2022,2,25,12,15,12,6,16,17,32,1,1,1,14,7,0,0,0,0,1,9,1,70,5,1,1,25,1,51,61,41,0,0,0,0,0,0,0,0,0,10,0,3,0,0,0,0,0,4,2,35.69222055555555,139.86773222222223,6,3,0,0,0,0
1,30,777,122,2,0,1,20000,0,123,2022,2,26,9,20,12,6,15,17,33,1,1,1,1,1,9,22,0,0,14,9,30,70,4,2,1,55,65,3,61,31,0,1,0,1,0,11,0,2,0,50,0,3,0,2,0,2,0,4,2,35.69949972222222,139.89297472222222,7,3,9999,0,9,0
1,30,778,27,2,0,1,30000,0,123,2021,12,21,8,5,12,6,47,16,31,1,1,1,1,7,9,21,0,0,11,9,30,70,5,1,1,75,1,36,61,31,0,0,0,0,0,0,0,10,0,10,0,4,0,0,0,0,0,4,2,35.73429055555555,139.88308583333335,3,3,561,0,9,0
1,30,778,28,2,0,1,30000,0,123,2022,2,12,11,15,12,6,31,17,20,1,1,1,1,7,9,22,0,0,15,9,30,70,4,2,1,25,75,13,61,31,0,11,0,1,0,0,0,2,0,70,0,4,0,2,0,2,0,4,2,35.718604722222224,139.8689466666667,7,3,9999,0,5,0
1,30,778,36,2,0,1,30000,0,123,2022,2,20,18,30,22,6,22,17,28,2,1,1,14,7,0,0,0,0,2,9,1,70,4,4,1,45,65,51,61,41,0,0,0,0,0,0,0,0,0,10,0,3,0,0,0,0,0,4,2,35.7456425,139.89300416666666,1,3,0,0,0,0
1,30,778,39,2,0,1,30000,0,123,2022,2,26,9,40,12,6,15,17,33,1,1,1,1,7,9,22,0,0,11,9,30,70,5,2,1,25,55,3,61,31,0,1,0,1,0,0,0,2,0,20,0,3,0,2,0,2,0,4,2,35.710281111111115,139.8984525,7,3,9999,0,1,0
1,30,778,41,2,0,1,99000,0,123,2022,2,23,14,40,12,6,19,17,30,1,1,1,0,7,0,0,0,0,0,0,20,70,0,4,1,45,35,51,61,41,0,0,0,0,0,0,0,0,0,10,0,4,0,0,0,0,0,4,2,35.72685666666667,139.89507583333332,4,1,0,0,0,0
1,30,779,23,2,0,1,30000,0,123,2022,1,15,16,12,13,6,50,16,51,1,1,1,14,7,0,0,0,0,2,9,1,70,5,4,1,45,55,24,61,0,0,0,0,0,0,11,0,1,0,30,0,3,0,0,0,0,0,4,2,35.67365833333333,139.87925833333335,7,3,9999,0,1,0
1,30,779,24,2,0,1,30000,0,123,2022,1,28,8,45,12,6,44,17,4,1,1,1,14,7,0,0,0,0,6,9,1,70,1,2,1,25,65,51,61,41,0,0,0,0,0,0,0,0,0,10,0,4,0,0,0,0,0,4,2,35.65273472222222,139.86357805555554,6,3,0,0,0,0
1,30,779,29,2,0,1,10720,0,123,2022,2,12,14,0,12,6,31,17,20,1,1,1,14,7,0,0,0,0,2,9,1,70,1,1,1,45,35,51,61,41,0,0,0,0,0,0,0,0,0,10,0,3,0,0,0,0,0,4,2,35.66502722222222,139.8504172222222,7,3,0,0,0,0
1,30,779,33,2,0,1,10390,0,123,2022,2,19,7,42,12,6,24,17,27,1,1,1,14,7,0,0,0,0,4,9,1,70,4,1,1,35,75,35,61,31,0,0,0,0,0,11,0,3,0,30,0,3,0,0,0,0,0,4,2,35.68203027777778,139.86275277777779,7,3,9999,0,1,0
1,30,779,34,2,0,1,30000,0,123,2022,2,15,6,55,11,6,28,17,23,1,1,1,1,7,1,21,0,0,15,9,30,70,5,2,1,35,1,3,61,31,0,1,0,1,0,0,0,2,0,10,0,3,0,2,0,2,0,4,2,35.680816111111106,139.8781875,3,3,9999,0,1,0
1,30,779,36,2,0,1,30000,0,123,2022,2,27,20,55,22,6,14,17,34,1,1,1,1,7,9,22,0,0,11,9,30,70,4,2,1,1,55,3,61,31,0,1,0,1,0,0,0,10,0,60,0,3,0,2,0,2,0,4,2,35.66608361111111,139.88142166666668,1,3,9999,0,5,0
1,30,876,42,2,0,1,10490,0,209,2022,2,3,13,7,12,6,40,17,10,1,1,1,14,7,0,0,0,0,3,9,1,70,4,1,1,55,1,4,61,31,0,1,0,1,0,0,0,3,0,20,0,3,0,2,0,2,0,4,2,35.600481111111115,139.35816666666665,5,3,9999,0,9,0
1,30,876,43,2,0,1,20000,0,201,2022,2,3,15,45,12,6,40,17,10,1,1,1,1,1,9,22,0,0,15,9,30,70,5,2,1,65,45,3,61,31,0,1,0,1,0,0,0,3,0,10,0,4,0,2,0,2,0,4,2,35.60689527777778,139.3605661111111,5,3,9999,0,9,0
1,30,876,49,2,0,1,95000,0,209,2022,2,10,10,40,12,6,33,17,18,5,1,2,0,7,0,0,0,0,0,0,20,70,0,4,1,25,65,4,61,31,0,1,0,1,0,0,0,10,0,20,0,3,0,2,0,2,0,4,2,35.60693388888889,139.3495438888889,5,2,9999,0,1,0
1,30,876,50,2,0,1,30000,0,209,2022,2,20,21,15,22,6,22,17,28,1,1,1,14,7,0,0,0,0,3,8,1,70,4,2,1,75,1,51,61,41,0,0,0,0,0,0,0,0,0,10,0,3,0,0,0,0,0,4,2,35.605154444444445,139.3498463888889,1,3,0,0,0,0
1,30,876,58,2,0,1,30000,0,201,2022,1,5,9,25,12,6,51,16,42,1,1,1,1,1,9,22,0,0,14,9,30,70,4,2,1,45,65,14,61,1,0,11,0,1,0,11,0,5,0,10,0,3,0,2,0,2,0,4,2,35.61331722222222,139.3704952777778,4,3,9999,0,1,0
1,30,876,59,2,0,1,30000,0,201,2022,2,28,10,20,12,6,13,17,35,1,1,1,14,7,0,0,0,0,2,9,1,70,5,4,1,45,25,13,61,31,0,11,0,1,0,0,0,10,0,40,0,3,0,2,0,2,0,4,2,35.64088861111111,139.36293638888887,2,3,9999,0,9,0
1,30,877,27,2,0,1,30000,0,201,2022,2,14,9,30,12,6,29,17,22,2,1,2,7,7,0,0,0,0,3,7,1,70,5,2,1,35,75,1,61,1,0,1,0,1,0,0,0,3,0,0,0,4,0,2,0,2,0,4,2,35.65752972222222,139.30293916666668,2,3,9999,0,1,0
1,30,878,40,2,0,1,30000,0,224,2022,1,18,6,10,23,6,49,16,54,1,1,1,14,7,0,0,0,0,2,9,1,70,5,4,1,1,55,51,61,41,0,0,0,0,0,0,0,0,0,10,0,3,0,0,0,0,0,4,2,35.64273611111111,139.42997472222223,3,3,0,0,0,0
1,30,878,43,2,0,1,30000,0,225,2022,2,7,8,15,12,6,36,17,15,1,1,1,14,7,0,0,0,0,2,9,1,70,4,2,1,35,1,51,61,41,0,0,0,0,0,0,0,0,0,10,0,3,0,0,0,0,0,4,2,35.61326888888889,139.48321666666666,2,3,0,0,0,0
1,30,878,46,2,0,1,20780,0,224,2022,2,13,19,20,22,6,30,17,21,3,1,2,1,1,9,22,0,0,19,9,30,70,1,1,1,55,35,3,61,1,0,1,0,1,0,11,0,4,0,50,0,3,0,2,0,2,0,4,2,35.62348333333333,139.42299194444445,1,3,9999,0,9,0
1,30,878,50,2,0,1,30000,0,225,2022,2,23,16,43,13,6,19,17,30,1,1,1,1,7,9,22,0,0,11,8,30,70,4,2,1,55,1,3,61,31,0,1,0,1,0,0,0,3,0,20,0,3,0,2,0,2,0,4,2,35.639923333333336,139.49203416666666,4,1,9999,0,1,0
1,30,878,51,2,0,1,30000,0,224,2022,2,25,6,53,11,6,16,17,32,1,1,1,14,7,0,0,0,0,2,7,1,70,5,4,1,35,45,35,61,31,0,0,0,0,0,0,0,10,0,10,0,3,0,0,0,0,0,4,2,35.651925,139.45415944444443,6,3,9999,0,5,0
1,30,878,53,2,0,1,30000,0,224,2022,2,27,18,40,22,6,14,17,34,1,2,1,14,7,0,0,0,0,3,9,1,70,5,3,1,55,45,35,61,31,0,0,0,0,0,0,0,2,0,40,0,3,0,0,0,0,0,4,2,35.62976666666667,139.43768583333335,1,3,9999,0,9,0
1,30,879,56,2,0,1,30000,0,223,2022,2,2,18,10,22,6,40,17,9,1,2,1,1,7,9,22,0,0,11,9,30,70,5,3,1,65,55,3,61,31,0,1,0,1,0,11,0,2,0,20,0,3,0,2,0,2,0,4,2,35.74330583333334,139.4021561111111,4,3,9999,0,9,0
1,30,879,58,2,0,1,30000,0,220,2022,2,4,19,30,22,6,39,17,12,1,1,1,1,1,9,22,0,0,14,9,30,70,4,2,1,45,65,3,61,31,0,1,0,1,0,11,0,3,0,10,0,3,0,2,0,2,0,4,2,35.73403583333334,139.4330511111111,6,3,9999,0,1,0
1,30,879,64,2,0,1,10240,0,223,2022,2,12,10,15,12,6,31,17,20,1,1,1,1,1,9,22,0,0,12,9,30,70,4,2,1,75,65,3,61,31,0,1,0,1,0,0,0,3,0,10,0,3,0,2,0,2,0,4,2,35.75592416666667,139.38565277777778,7,3,991,0,9,0
1,30,879,76,2,0,1,30000,0,220,2022,2,18,8,25,12,6,25,17,26,1,2,1,14,7,0,0,0,0,2,9,1,70,5,2,1,1,55,51,61,41,0,0,0,0,0,0,0,0,0,10,0,3,0,0,0,0,0,4,2,35.73214222222222,139.41815,6,3,0,0,0,0
1,30,880,31,2,0,1,30000,0,205,2022,2,17,10,45,12,6,26,17,25,1,1,1,14,7,0,0,0,0,1,9,1,70,5,2,1,75,75,3,61,31,0,1,0,1,0,0,0,3,0,10,0,3,0,2,0,2,0,4,2,35.789876111111106,139.2867486111111,5,3,681,0,9,0
1,30,881,16,2,0,1,90000,0,305,2022,2,1,12,30,12,6,41,17,8,1,3,1,0,7,0,0,0,0,0,0,20,70,0,4,1,45,55,13,61,31,0,11,0,1,0,0,0,3,0,80,0,4,0,2,0,2,0,4,2,35.761540833333335,139.24856194444442,3,3,9999,0,9,0
1,30,881,20,2,0,1,30000,0,305,2022,2,9,19,5,22,6,34,17,17,1,3,1,1,1,9,22,0,0,15,9,30,70,4,2,1,65,55,4,61,31,0,1,0,1,0,0,0,3,0,10,0,1,0,2,0,2,0,4,2,35.73558388888889,139.27077194444445,4,3,9999,0,9,0
1,30,881,25,2,0,1,30000,0,305,2022,2,16,7,50,12,6,27,17,24,1,1,1,1,7,9,22,0,0,12,9,30,70,4,2,1,1,1,51,61,41,0,0,0,0,0,0,0,0,0,10,0,4,0,0,0,0,0,4,2,35.739021944444445,139.27029694444445,4,3,0,0,0,0
1,30,881,27,2,0,1,95000,0,228,2022,1,28,16,21,13,6,44,17,4,1,2,1,0,7,0,0,0,0,0,0,20,70,0,4,1,65,75,3,61,31,0,1,0,1,0,11,0,10,0,50,0,4,0,2,0,2,0,4,2,35.73150833333334,139.23074583333334,6,3,9999,0,9,0
1,30,881,29,2,0,1,99000,0,305,2022,2,24,9,28,12,6,18,17,31,1,2,1,0,7,0,0,0,0,0,0,20,70,0,4,1,65,1,3,61,1,0,1,0,1,0,0,0,10,0,60,0,4,0,2,0,2,0,4,2,35.736783055555556,139.25732472222222,5,3,9999,0,9,0
1,30,882,51,2,0,1,95000,0,218,2022,2,3,0,55,22,6,40,17,10,1,1,1,1,1,9,22,0,0,16,9,30,70,4,2,1,1,35,3,61,31,0,1,0,1,0,11,0,3,0,10,0,3,0,2,0,2,0,4,2,35.73928055555556,139.32036222222223,5,3,9999,0,1,0
1,30,882,60,2,0,1,30000,0,227,2022,2,7,18,40,22,6,36,17,15,1,1,1,1,7,1,21,0,0,12,9,30,70,4,1,1,45,35,3,61,31,0,1,0,1,0,0,0,2,0,10,0,3,0,2,0,2,0,4,2,35.75913527777778,139.31686833333333,2,3,9999,0,1,0
1,30,882,69,2,0,1,10740,0,228,2022,2,23,11,35,12,6,19,17,30,1,1,1,14,7,0,0,0,0,1,9,1,70,5,1,1,55,55,3,61,31,0,1,0,1,0,0,0,2,0,40,0,3,0,2,0,2,0,4,2,35.719946944444445,139.32437416666667,4,1,9999,0,9,0
1,30,882,79,2,0,1,99000,0,218,2022,2,25,20,55,22,6,16,17,32,1,1,1,0,7,0,0,0,0,0,0,20,70,0,4,1,25,35,35,61,31,0,0,0,0,0,0,0,10,0,10,0,3,0,0,0,0,0,4,2,35.71807027777778,139.3357677777778,6,3,9999,0,5,0
1,30,883,29,2,0,1,30000,0,201,2022,1,16,16,55,21,6,50,16,52,1,1,1,1,7,9,22,0,0,12,9,30,70,4,2,1,1,75,3,61,31,0,1,0,1,0,11,0,3,0,10,0,3,0,2,0,2,0,4,2,35.671658055555554,139.3189988888889,1,3,9999,0,1,0
1,30,883,32,2,0,1,30000,0,201,2022,1,28,15,20,12,6,44,17,4,1,2,1,1,7,9,22,0,0,11,9,30,70,5,2,1,1,45,51,61,41,0,0,0,0,0,0,0,0,0,10,0,3,0,0,0,0,0,4,2,35.658230555555555,139.33691305555556,6,3,0,0,0,0
1,30,883,46,2,0,1,30000,0,201,2022,1,25,7,15,11,6,46,17,1,1,1,1,14,7,0,0,0,0,2,9,1,70,5,3,1,55,45,3,61,31,0,1,0,1,0,11,0,10,0,80,0,3,0,2,0,2,0,4,2,35.668658055555554,139.33988055555557,3,3,9999,0,9,0
1,30,883,55,2,0,1,30000,0,201,2022,1,21,8,0,12,6,48,16,57,1,1,1,14,1,0,0,0,0,3,9,1,70,5,3,1,45,25,3,61,31,0,1,0,1,0,0,0,2,0,80,0,3,0,2,0,2,0,4,2,35.658745833333334,139.30877,6,3,9999,0,9,0
1,30,883,60,2,0,1,30000,0,201,2022,2,18,9,11,12,6,25,17,26,1,1,1,14,7,0,0,0,0,2,9,1,70,5,4,1,65,55,3,61,31,0,1,0,1,0,0,0,10,0,40,0,3,0,2,0,2,0,4,2,35.65886,139.34024916666667,6,3,9999,0,9,0
1,30,883,66,2,0,1,30000,0,201,2022,2,22,11,35,12,6,20,17,30,1,1,1,14,7,0,0,0,0,1,9,1,70,5,3,1,75,65,3,61,31,0,1,0,1,0,11,0,2,0,80,0,3,0,2,0,2,0,4,2,35.67907861111111,139.3095613888889,3,2,938,0,9,0
1,30,884,95,2,0,1,10490,0,209,2022,2,4,17,3,13,6,39,17,12,1,1,1,1,1,9,22,0,0,14,9,30,70,4,1,1,55,45,17,61,1,0,11,0,1,0,0,0,2,0,10,0,3,0,2,0,2,0,4,2,35.537930833333334,139.45447555555555,6,3,9999,0,9,0
1,30,884,102,2,0,1,30000,0,209,2022,2,8,6,3,23,6,35,17,16,2,1,1,7,1,0,0,0,0,2,9,1,1,5,1,1,75,55,3,61,31,0,1,0,1,0,11,0,2,0,40,0,3,0,2,0,2,0,4,2,35.533145,139.45305833333333,3,3,944,0,9,0
1,30,884,108,2,0,1,30000,0,209,2022,2,11,16,8,12,6,32,17,19,1,1,1,13,7,0,0,0,0,1,1,1,70,5,4,1,1,75,3,61,31,0,1,0,2,0,11,0,2,0,10,0,2,0,2,0,2,0,4,2,35.55317861111111,139.46593,6,1,9999,0,5,0
1,30,884,109,2,0,1,30000,0,209,2022,2,12,14,0,12,6,31,17,20,1,1,1,1,1,9,22,0,0,15,9,30,70,4,1,1,75,65,3,61,31,0,1,0,1,0,0,0,3,0,50,0,3,0,2,0,2,0,4,2,35.57978333333334,139.45868444444443,7,3,705,0,9,0
1,30,884,115,2,0,1,20750,0,209,2022,2,16,6,50,11,6,27,17,24,1,1,1,14,7,0,0,0,0,2,9,1,70,4,2,1,25,75,3,61,31,0,1,0,1,0,0,0,3,0,10,0,3,0,2,0,1,0,4,2,35.58719138888889,139.4415675,4,3,9999,0,5,0
1,30,884,123,2,0,1,30000,0,209,2022,2,18,10,10,12,6,25,17,26,1,2,1,7,7,0,0,0,0,3,9,1,70,5,4,1,55,45,13,61,31,0,11,0,1,0,0,0,2,0,10,0,3,0,2,0,2,0,4,2,35.54433916666667,139.46249833333331,6,3,9999,0,1,0
1,30,884,124,2,0,1,30000,0,209,2022,2,18,10,25,12,6,25,17,26,1,2,1,14,7,0,0,0,0,2,9,1,70,4,2,1,1,75,3,61,31,0,1,0,1,0,11,0,3,0,80,0,3,0,2,0,2,0,4,2,35.58850138888889,139.46762833333332,6,3,9999,0,1,0
1,30,884,127,2,0,1,30000,0,209,2022,1,15,16,18,13,6,50,16,51,1,1,1,7,7,0,0,0,0,3,9,1,70,4,2,1,35,1,4,61,31,0,1,0,1,0,0,0,2,0,10,0,3,0,2,0,2,0,4,2,35.58388194444445,139.41622805555556,7,3,9999,0,5,0