資料区分,都道府県コード,警察署等コード,本票番号,事故内容,死者数,負傷者数,路線コード,地点コード,市区町村コード,発生日時　　年,発生日時　　月,発生日時　　日,発生日時　　時,発生日時　　分,昼夜,日の出時刻　　時,日の出時刻　　分,日の入り時刻　　時,日の入り時刻　　分,天候,地形,路面状態,道路形状,信号機,一時停止規制　標識（当事者A）,一時停止規制　表示（当事者A）,一時停止規制　標識（当事者B）,一時停止規制　表示（当事者B）,車道幅員,道路線形,衝突地点,ゾーン規制,中央分離帯施設等,歩車道区分,事故類型,年齢（当事者A）,年齢（当事者B）,当事者種別（当事者A）,当事者種別（当事者B）,用途別（当事者A）,用途別（当事者B）,車両形状等（当事者A）,車両形状等（当事者B）,オートマチック車（当事者A）,オートマチック車（当事者B）,サポカー（当事者A）,サポカー（当事者B）,速度規制（指定のみ）（当事者A）,速度規制（指定のみ）（当事者B）,車両の衝突部位（当事者A）,車両の衝突部位（当事者B）,車両の損壊程度（当事者A）,車両の損壊程度（当事者B）,エアバッグの装備（当事者A）,エアバッグの装備（当事者B）,サイドエアバッグの装備（当事者A）,サイドエアバッグの装備（当事者B）,人身損傷程度（当事者A）,人身損傷程度（当事者B）,lat,lon,曜日(発生年月日),祝日(発生年月日),認知機能検査経過日数（当事者A）,認知機能検査経過日数（当事者B）,運転練習の方法（当事者A）,運転練習の方法（当事者B）
1,30,884,130,2,0,1,30000,0,209,2022,2,5,17,45,21,6,38,17,13,1,1,1,7,7,0,0,0,0,3,9,1,70,4,2,1,55,55,3,61,31,0,1,0,1,0,0,0,10,0,40,0,3,0,2,0,2,0,4,2,35.56654444444444,139.43285777777777,7,3,9999,0,1,0
1,30,884,131,2,0,1,30000,0,209,2022,2,20,11,28,12,6,22,17,28,2,1,1,14,7,0,0,0,0,2,9,1,70,5,3,1,25,35,3,61,31,0,1,0,1,0,0,0,2,0,40,0,4,0,2,0,2,0,4,2,35.544088055555555,139.44710694444444,1,3,9999,0,1,0
1,30,884,132,2,0,1,10490,0,209,2022,2,14,1,0,22,6,29,17,22,5,1,2,1,7,1,22,0,0,12,9,30,70,4,2,1,65,1,17,61,1,0,11,0,1,0,0,0,5,0,10,0,4,0,2,0,2,0,4,2,35.53811666666667,139.4543347222222,2,3,9999,0,9,0
1,30,884,133,2,0,1,30000,0,209,2022,2,21,7,55,12,6,21,17,29,1,3,1,14,7,0,0,0,0,2,9,1,70,5,4,1,25,75,51,61,41,0,0,0,0,0,0,0,0,0,40,0,3,0,0,0,0,0,2,4,35.54243527777778,139.44273805555557,2,3,0,0,0,0
1,30,884,134,2,0,1,30000,0,209,2022,2,21,11,10,12,6,21,17,29,1,1,1,1,1,9,22,0,0,15,9,30,70,4,2,1,75,1,3,61,31,0,1,0,1,0,0,0,3,0,80,0,3,0,2,0,2,0,4,2,35.507918333333336,139.46883194444445,2,3,456,0,9,0
1,30,884,142,2,0,1,30000,0,209,2022,1,11,18,51,22,6,51,16,47,2,1,2,14,7,0,0,0,0,1,7,1,70,4,3,1,65,25,14,61,31,0,11,0,1,0,11,0,2,0,20,0,3,0,2,0,2,0,4,2,35.56657638888888,139.4591636111111,3,3,9999,0,9,0
1,30,884,146,2,0,1,30000,0,209,2022,1,19,17,25,21,6,49,16,55,1,1,1,14,7,0,0,0,0,1,9,1,70,5,3,1,35,55,3,61,31,0,1,0,1,0,0,0,5,0,30,0,3,0,2,0,2,0,4,2,35.53017694444444,139.47409194444444,4,3,9999,0,5,0
1,30,884,150,2,0,1,30000,0,209,2022,2,27,11,55,12,6,14,17,34,1,1,1,1,1,9,22,0,0,14,9,30,1,4,2,1,55,75,4,61,31,0,1,0,1,0,0,0,3,0,80,0,3,0,2,0,2,0,4,2,35.527832777777775,139.47236666666666,1,3,9999,0,9,0
1,30,884,158,2,0,1,99000,0,209,2022,2,28,18,18,21,6,13,17,35,1,1,1,0,7,0,0,0,0,0,0,20,70,0,2,1,55,35,4,61,31,0,1,0,1,0,0,0,10,0,10,0,3,0,2,0,2,0,4,2,35.57122805555556,139.42821027777777,2,3,9999,0,9,0
1,30,885,29,2,0,1,20000,0,212,2021,11,15,17,35,22,6,16,16,34,1,2,1,14,7,0,0,0,0,1,9,1,70,5,2,1,45,65,51,61,41,0,0,0,0,0,0,0,0,0,10,0,3,0,0,0,0,0,2,4,35.66198166666666,139.43209833333333,2,3,0,0,0,0
1,30,885,31,2,0,1,30000,0,212,2021,12,2,7,14,11,6,33,16,28,1,2,1,14,7,0,0,0,0,3,9,1,70,5,3,1,45,75,3,61,31,0,1,0,1,0,0,0,2,0,10,0,3,0,2,0,2,0,4,2,35.64831111111111,139.38110500000002,5,3,9999,0,9,0
1,30,885,34,2,0,1,30000,0,212,2022,2,2,14,15,12,6,40,17,9,1,3,1,1,1,0,0,0,0,14,9,30,70,4,2,1,1,0,61,0,0,0,0,0,0,0,0,0,0,0,0,0,0,0,0,0,0,0,2,0,35.65450388888889,139.42366305555555,4,3,0,0,0,0
1,30,885,37,2,0,1,30000,0,212,2022,2,8,18,15,21,6,35,17,16,1,1,1,1,7,9,22,0,0,12,9,30,70,5,1,1,45,45,3,61,31,0,1,0,1,0,0,0,10,0,10,0,3,0,2,0,2,0,4,2,35.67961972222222,139.3908133333333,3,3,9999,0,9,0
1,30,885,41,2,0,1,30000,0,212,2022,1,20,18,45,22,6,48,16,56,1,2,1,1,1,9,22,0,0,15,9,30,70,4,2,1,65,45,3,61,31,0,1,0,1,0,0,0,5,0,10,0,3,0,2,0,2,0,4,2,35.66575972222222,139.38290305555557,5,3,9999,0,1,0
1,30,885,44,2,0,1,30000,0,212,2022,2,15,17,0,13,6,28,17,23,1,2,1,14,7,0,0,0,0,3,9,1,70,5,3,1,35,1,3,61,31,0,1,0,1,0,0,0,2,0,40,0,3,0,2,0,2,0,4,2,35.65582111111111,139.3647677777778,3,3,9999,0,5,0
1,30,885,46,2,0,1,20770,0,212,2022,2,18,17,15,13,6,25,17,26,1,1,1,1,1,9,22,0,0,11,9,30,70,4,2,1,55,75,3,61,31,0,1,0,1,0,0,0,3,0,50,0,3,0,2,0,2,0,4,2,35.64670861111111,139.38297583333335,6,3,9999,0,9,0
1,30,886,49,2,0,1,31050,0,207,2022,2,10,12,55,12,6,33,17,18,5,1,2,1,1,9,22,0,0,15,9,30,70,4,2,1,35,65,3,61,31,0,1,0,1,0,11,0,2,0,50,0,3,0,2,0,2,0,4,2,35.71413805555556,139.34984222222224,5,2,9999,0,5,0
1,30,886,50,2,0,1,30000,0,207,2022,2,10,22,0,22,6,33,17,18,3,1,2,1,1,0,0,0,0,15,9,30,70,5,2,1,35,0,61,0,0,0,0,0,0,0,0,0,0,0,0,0,0,0,0,0,0,0,2,0,35.701864444444446,139.39392805555553,5,2,0,0,0,0
1,30,886,60,2,0,1,30000,0,207,2022,2,17,7,40,12,6,26,17,25,1,2,1,1,7,9,22,0,0,11,9,30,70,5,3,1,25,55,36,61,31,0,0,0,0,0,0,0,10,0,10,0,3,0,0,0,0,0,4,2,35.70876277777778,139.37594388888888,5,3,9999,0,1,0
1,30,886,69,2,0,1,10530,0,207,2022,2,24,14,30,12,6,18,17,31,1,1,1,1,1,9,22,0,0,14,3,30,70,4,2,1,35,65,3,61,31,0,1,0,1,0,0,0,3,0,50,0,3,0,2,0,2,0,4,2,35.70071611111111,139.35697277777777,5,3,9999,0,5,0
1,30,886,70,2,0,1,21150,0,207,2022,2,24,18,55,22,6,18,17,31,1,1,1,1,1,9,22,0,0,14,3,30,70,4,2,1,25,55,4,61,31,0,1,0,1,0,0,0,3,0,50,0,3,0,2,0,2,0,4,2,35.70320527777778,139.37755333333334,5,3,9999,0,1,0
1,30,886,71,2,0,1,30000,0,207,2022,2,19,9,47,12,6,24,17,27,2,1,1,7,7,0,0,0,0,2,9,1,70,5,3,1,75,35,3,61,31,0,1,0,1,0,0,0,2,0,50,0,4,0,2,0,2,0,4,2,35.70679361111112,139.3763991666667,7,3,501,0,1,0
1,30,887,69,2,0,1,30000,0,215,2022,2,4,17,10,13,6,39,17,12,1,1,1,14,7,0,0,0,0,1,9,1,70,5,2,1,25,55,51,61,41,0,0,0,0,0,0,0,0,0,40,0,3,0,0,0,0,0,4,2,35.686228611111105,139.4470838888889,6,3,0,0,0,0
1,30,887,76,2,0,1,30000,0,202,2022,2,8,8,0,12,6,35,17,16,1,1,1,1,7,0,0,0,0,11,9,30,70,5,3,1,1,0,61,0,0,0,0,0,0,0,0,0,0,0,0,0,0,0,0,0,0,0,2,0,35.729275,139.4201897222222,3,3,0,0,0,0
1,30,887,77,2,0,1,30000,0,215,2022,1,31,15,35,12,6,42,17,7,1,3,1,1,7,9,22,0,0,14,9,30,70,4,2,1,35,45,3,61,31,0,1,0,1,0,11,0,2,0,10,0,3,0,2,0,2,0,4,2,35.70021861111111,139.44649777777778,2,3,9999,0,1,0
1,30,887,85,2,0,1,30000,0,202,2022,1,29,20,5,22,6,43,17,5,1,1,1,1,7,1,21,0,0,12,9,30,70,5,3,1,45,35,3,61,31,0,1,0,1,0,0,0,1,0,10,0,4,0,2,0,2,0,4,2,35.696259166666664,139.41988805555553,7,3,9999,0,1,0
1,30,887,91,2,0,1,30000,0,202,2022,2,11,16,35,13,6,32,17,19,1,2,1,1,7,9,22,0,0,11,9,30,70,4,2,1,65,25,3,61,31,0,1,0,1,0,0,0,5,0,10,0,3,0,2,0,2,0,4,2,35.72958555555556,139.39702388888887,6,1,9999,0,9,0
1,30,887,94,2,0,1,95000,0,202,2022,2,20,14,0,12,6,22,17,28,3,1,2,1,1,9,22,0,0,16,9,30,70,1,2,1,55,65,14,61,31,0,11,0,1,0,0,0,10,0,10,0,4,0,2,0,2,0,4,2,35.72083611111111,139.39671944444444,1,3,9999,0,9,0
1,30,887,97,2,0,1,30000,0,215,2022,2,20,18,50,22,6,22,17,28,2,2,1,1,1,9,22,0,0,15,9,30,70,4,2,1,65,25,3,61,31,0,1,0,1,0,0,0,3,0,10,0,3,0,2,0,2,0,4,2,35.697540277777776,139.44813305555556,1,3,9999,0,9,0
1,30,888,27,1,1,0,10660,0,206,2022,2,7,11,38,12,6,36,17,15,1,1,1,1,1,9,22,0,0,12,9,30,70,5,2,1,65,35,14,61,1,0,11,0,1,0,11,0,2,0,10,0,3,0,2,0,2,0,4,1,35.67529416666667,139.49894944444443,2,3,9999,0,9,0
1,30,888,28,1,1,0,10680,0,206,2022,2,14,5,40,23,6,29,17,22,3,1,2,1,1,9,22,0,0,18,9,30,70,5,2,1,55,65,17,61,1,0,11,0,2,0,11,0,5,0,10,0,3,0,2,0,2,0,4,1,35.69432861111111,139.45977055555554,2,3,9999,0,9,0
1,30,888,34,2,0,1,30000,0,206,2022,2,10,22,13,22,6,33,17,18,5,1,2,1,1,9,22,0,0,14,9,30,70,4,2,1,65,25,3,61,1,0,1,0,1,0,0,0,3,0,50,0,3,0,2,0,2,0,4,2,35.678511111111106,139.47030472222224,5,2,9999,0,9,0
1,30,888,39,2,0,1,10500,0,206,2022,2,20,16,55,13,6,22,17,28,2,1,1,14,7,0,0,0,0,4,9,1,70,4,2,1,55,75,51,61,41,0,0,0,0,0,0,0,0,0,10,0,3,0,0,0,0,0,4,2,35.677081666666666,139.47376472222223,1,3,0,0,0,0
1,30,888,40,2,0,1,30000,0,206,2022,2,21,15,25,12,6,21,17,29,1,1,1,14,7,0,0,0,0,2,8,1,70,5,2,1,55,35,3,61,31,0,1,0,1,0,11,0,10,0,10,0,3,0,2,0,2,0,4,2,35.658832499999995,139.50236388888888,2,3,9999,0,9,0
1,30,888,43,2,0,1,30000,0,206,2022,2,22,12,45,12,6,20,17,30,1,1,1,1,7,9,22,0,0,17,9,30,70,5,2,1,65,75,51,61,41,0,0,0,0,0,0,0,0,0,40,0,4,0,0,0,0,0,4,2,35.671209999999995,139.45731972222222,3,2,0,0,0,0
1,30,889,16,2,0,1,30000,0,214,2022,2,7,5,43,23,6,36,17,15,1,1,1,14,7,0,0,0,0,2,9,1,70,5,3,1,1,65,3,61,31,0,1,0,1,0,0,0,2,0,80,0,3,0,2,0,2,0,4,2,35.71039916666667,139.4444486111111,2,3,9999,0,1,0
1,30,889,22,2,0,1,30000,0,210,2022,2,8,9,54,12,6,35,17,16,1,1,1,14,7,0,0,0,0,2,9,1,70,5,3,1,25,45,3,61,31,0,1,0,1,0,0,0,2,0,40,0,4,0,2,0,2,0,4,2,35.699772499999995,139.5234888888889,3,3,9999,0,1,0
1,30,889,26,2,0,2,30000,0,214,2022,2,19,20,25,22,6,24,17,27,3,1,2,1,1,9,22,0,0,13,9,30,70,4,2,1,45,25,3,61,31,0,1,0,1,0,0,0,3,0,51,0,3,0,2,0,2,0,4,2,35.69797472222222,139.47829388888889,7,3,9999,0,1,0
1,30,889,28,2,0,1,30000,0,214,2022,2,22,16,30,13,6,20,17,30,1,1,1,14,7,0,0,0,0,1,9,1,70,5,4,1,65,1,3,61,31,0,1,0,1,0,0,0,10,0,10,0,4,0,2,0,2,0,4,2,35.696391111111105,139.48252555555555,3,2,9999,0,9,0
1,30,889,30,2,0,1,30000,0,214,2022,2,25,15,16,12,6,16,17,32,1,1,1,1,7,9,22,0,0,13,9,30,70,4,2,1,55,75,3,61,31,0,1,0,1,0,0,0,3,0,20,0,3,0,2,0,2,0,4,2,35.69863583333333,139.47930805555555,6,3,9999,0,9,0
1,30,890,43,2,0,1,30000,0,229,2021,11,2,16,1,13,6,4,16,45,1,1,1,1,1,9,22,0,0,14,9,30,70,4,2,1,75,75,3,61,31,0,1,0,1,0,11,0,2,0,10,0,3,0,2,0,2,0,4,2,35.7465125,139.54949722222221,3,2,574,0,9,0
1,30,890,51,2,0,1,30000,0,229,2022,2,1,7,25,11,6,41,17,8,1,1,1,14,7,0,0,0,0,2,9,1,70,5,3,1,45,35,51,61,41,0,0,0,0,0,0,0,0,0,10,0,3,0,0,0,0,0,4,2,35.72888416666667,139.53546305555557,3,3,0,0,0,0
1,30,890,52,2,0,1,10260,0,229,2022,2,7,21,40,22,6,36,17,15,1,1,1,1,1,9,22,0,0,16,9,30,70,1,2,1,65,1,13,61,31,0,11,0,1,0,0,0,3,0,10,0,3,0,2,0,2,0,4,2,35.71427222222223,139.54414305555557,2,3,9999,0,9,0
1,30,890,62,2,0,1,30000,0,229,2022,1,19,19,10,22,6,49,16,55,1,1,1,14,7,0,0,0,0,3,9,1,70,5,1,1,55,0,61,0,0,0,0,0,0,0,0,0,0,0,0,0,0,0,0,0,0,0,2,0,35.743114166666665,139.5512113888889,4,3,0,0,0,0
1,30,890,65,2,0,1,30000,0,229,2022,2,19,14,51,12,6,24,17,27,2,1,1,14,7,0,0,0,0,3,9,1,70,5,3,1,45,65,3,61,31,0,1,0,1,0,0,0,5,0,40,0,4,0,2,0,2,0,4,2,35.75223916666667,139.54466277777777,7,3,9999,0,1,0
1,30,891,27,2,0,1,30000,0,221,2021,9,19,17,30,13,5,26,17,43,1,2,1,14,7,0,0,0,0,1,9,1,70,5,3,1,55,35,3,61,1,0,1,0,1,0,0,0,2,0,60,0,4,0,2,0,2,0,4,2,35.788961666666665,139.5333263888889,1,2,9999,0,9,0
1,30,891,31,2,0,1,30000,0,213,2022,2,1,11,5,12,6,41,17,8,1,1,1,13,7,0,0,0,0,1,2,1,70,5,4,1,75,65,3,61,31,0,1,0,1,0,0,0,10,0,50,0,3,0,2,0,2,0,4,2,35.76146388888889,139.46647666666667,3,3,9,0,9,0
1,30,891,33,2,0,1,30000,0,213,2022,2,7,18,10,21,6,36,17,15,1,3,1,14,7,0,0,0,0,1,9,1,70,5,4,1,45,75,4,61,31,0,1,0,1,0,0,0,10,0,10,0,3,0,2,0,2,0,4,2,35.758491944444444,139.45571944444444,2,3,9999,0,9,0
1,30,891,39,2,0,1,30000,0,213,2022,2,15,17,0,13,6,28,17,23,1,1,1,14,7,0,0,0,0,2,9,1,70,5,2,1,35,1,14,61,31,0,11,0,1,0,0,0,2,0,10,0,3,0,2,0,2,0,4,2,35.77312555555555,139.48315055555557,3,3,9999,0,1,0
1,30,891,43,2,0,1,30000,0,213,2022,1,21,16,0,13,6,48,16,57,1,1,1,1,7,9,22,0,0,11,9,30,70,5,4,1,65,55,35,61,31,0,0,0,0,0,0,0,10,0,0,0,3,0,0,0,0,0,4,2,35.76471083333333,139.44251583333335,6,3,9999,0,9,0
1,30,891,48,2,0,1,30000,0,213,2022,2,25,5,45,23,6,16,17,32,1,1,1,13,7,0,0,0,0,3,2,1,70,4,3,1,75,0,61,0,0,0,0,0,0,0,0,0,0,0,0,0,0,0,0,0,0,0,2,0,35.773763333333335,139.47263194444446,6,3,0,0,0,0
1,30,893,32,2,0,1,30000,0,204,2022,2,1,23,35,22,6,41,17,8,1,1,1,1,1,9,22,0,0,15,9,30,70,5,2,1,55,35,3,61,31,0,1,0,1,0,11,0,3,0,10,0,3,0,2,0,2,0,4,2,35.70071,139.5662375,3,3,9999,0,1,0
1,30,893,38,2,0,1,30000,0,204,2022,2,5,19,54,22,6,38,17,13,1,1,1,1,1,9,22,0,0,11,9,30,70,5,4,1,1,35,36,61,31,0,0,0,0,0,0,0,10,0,43,0,3,0,0,0,0,0,4,2,35.6698625,139.5679436111111,7,3,9999,0,1,0
1,30,893,42,2,0,1,30000,0,204,2022,2,9,5,56,23,6,34,17,17,1,1,1,14,7,0,0,0,0,2,9,1,70,5,3,1,1,75,51,61,41,0,0,0,0,0,0,0,0,0,10,0,3,0,0,0,0,0,4,2,35.67334472222222,139.5721027777778,4,3,0,0,0,0
1,30,893,48,2,0,1,30000,0,204,2022,1,24,18,25,22,6,46,17,0,1,1,1,1,7,1,21,0,0,12,9,30,70,5,2,1,35,45,3,61,31,0,1,0,1,0,0,0,5,0,10,0,3,0,2,0,2,0,4,2,35.68469666666666,139.56856,2,3,9999,0,1,0
1,30,893,52,2,0,1,30000,0,204,2022,2,17,14,20,12,6,26,17,25,1,1,1,14,7,0,0,0,0,2,9,1,70,5,2,1,65,45,51,61,41,0,0,0,0,0,0,0,0,0,40,0,4,0,0,0,0,0,4,2,35.68458833333333,139.5665011111111,5,3,0,0,0,0
1,30,893,58,2,0,1,30000,0,204,2022,2,27,10,10,12,6,14,17,34,1,1,1,1,1,9,22,0,0,11,9,30,70,5,3,1,65,75,3,61,31,0,1,0,1,0,0,0,2,0,40,0,4,0,2,0,2,0,4,2,35.69139972222222,139.58022666666668,1,3,9999,0,9,0
1,30,893,60,2,0,1,95000,0,204,2022,2,7,17,11,13,6,36,17,15,1,1,1,1,1,9,22,0,0,14,9,30,70,4,2,1,35,1,51,61,41,0,0,0,0,0,0,0,0,0,10,0,4,0,0,0,0,0,4,2,35.69839555555555,139.5611563888889,2,3,0,0,0,0
1,30,894,66,2,0,1,20890,0,208,2022,1,24,8,25,12,6,46,17,0,1,1,1,7,7,0,0,0,0,3,9,1,70,4,3,1,25,25,51,61,41,0,0,0,0,0,0,0,0,0,20,0,3,0,0,0,0,0,4,2,35.651204444444446,139.55826583333334,2,3,0,0,0,0
1,30,894,69,2,0,1,30000,0,208,2022,1,31,20,55,22,6,42,17,7,1,1,1,13,7,0,0,0,0,2,3,1,70,5,4,1,25,25,51,61,41,0,0,0,0,0,0,0,0,0,10,0,4,0,0,0,0,0,4,2,35.669266388888886,139.55089194444446,2,3,0,0,0,0
1,30,894,70,2,0,1,95000,0,208,2022,2,17,9,55,12,6,26,17,25,1,1,1,0,7,0,0,0,0,0,0,20,70,0,4,1,65,45,11,61,1,0,11,0,1,0,0,0,10,0,30,0,4,0,2,0,2,0,4,2,35.64883944444444,139.53214444444447,5,3,9999,0,9,0
1,30,894,87,2,0,1,20900,0,208,2022,2,27,21,30,22,6,14,17,34,1,1,1,1,7,9,22,0,0,14,9,30,70,4,2,1,55,35,4,61,31,0,1,0,1,0,0,0,2,0,10,0,3,0,2,0,2,0,4,2,35.65662777777778,139.55196055555555,1,3,9999,0,9,0
1,30,899,3,2,0,1,20000,0,401,2022,2,8,17,24,21,6,35,17,16,2,3,1,14,7,0,0,0,0,3,9,1,70,4,2,1,25,75,14,61,31,0,11,0,1,0,11,0,3,0,10,0,3,0,2,0,2,0,4,2,33.12843055555555,139.81048222222222,3,3,9999,0,1,0
1,30,100,42,2,0,1,10050,0,101,2022,3,21,23,5,22,5,44,17,53,1,1,1,1,1,9,22,0,0,14,9,30,70,5,1,1,55,25,3,61,1,0,1,0,1,0,0,0,1,0,40,0,4,0,2,0,2,0,4,2,35.69513638888888,139.74875055555555,2,1,9999,0,9,0
1,30,100,44,2,0,1,95000,0,101,2022,3,30,12,25,12,5,31,18,1,1,1,1,14,7,0,0,0,0,3,9,1,70,4,1,1,45,65,17,61,31,0,11,0,1,0,0,0,2,0,10,0,3,0,2,0,2,0,4,2,35.680660277777775,139.73557416666665,4,3,9999,0,9,0
1,30,101,24,2,0,1,20020,0,101,2022,1,10,22,45,22,6,51,16,46,1,1,1,1,1,9,22,0,0,19,9,30,70,1,2,1,1,1,3,61,31,0,1,0,1,0,0,0,10,0,20,0,3,0,2,0,2,0,4,2,35.67752972222222,139.76518444444446,2,1,9999,0,1,0
1,30,102,19,2,0,1,10000,0,101,2022,3,6,15,30,12,6,5,17,41,1,1,4,14,7,0,0,0,0,3,9,1,70,1,2,1,65,25,3,61,1,0,1,0,1,0,0,0,2,0,0,0,4,0,2,0,2,0,4,2,35.695921388888884,139.76501444444443,1,3,9999,0,1,0
1,30,102,21,2,0,1,95000,0,101,2022,3,24,12,45,12,5,39,17,56,1,1,1,14,7,0,0,0,0,4,9,20,70,5,1,1,1,35,51,61,41,0,0,0,0,0,0,0,0,0,10,0,3,0,0,0,0,0,4,2,35.69222472222222,139.76813750000002,5,3,0,0,0,0
1,30,102,22,2,0,1,95000,0,101,2022,3,24,13,4,12,5,39,17,56,1,1,1,1,7,9,22,0,0,14,9,30,70,5,1,1,55,45,17,61,1,0,11,0,1,0,0,0,2,0,10,0,3,0,2,0,2,0,4,2,35.70073916666667,139.760435,5,3,9999,0,9,0
1,30,103,25,2,0,1,30000,0,101,2022,3,5,4,52,22,6,6,17,40,1,1,3,1,1,9,22,0,0,15,9,30,70,4,1,1,55,55,3,61,1,0,1,0,1,0,0,0,3,0,80,0,3,0,2,0,2,0,4,2,35.697691666666664,139.77386805555557,7,3,9999,0,9,0
1,30,103,27,2,0,2,20070,0,101,2022,3,6,18,55,22,6,5,17,41,1,1,1,14,7,0,0,0,0,6,9,1,70,4,1,1,25,25,51,61,41,0,0,0,0,0,0,0,0,0,10,0,3,0,0,0,0,0,2,2,35.69882361111111,139.77120444444446,1,3,0,0,0,0
1,30,103,30,2,0,1,20070,0,101,2022,3,16,20,22,22,5,51,17,49,1,1,1,7,1,0,0,0,0,6,9,1,70,5,1,1,35,75,51,61,41,0,0,0,0,0,0,0,0,0,10,0,3,0,0,0,0,0,4,2,35.692095277777774,139.77164722222224,4,3,0,0,0,0
1,30,104,41,2,0,2,95000,0,102,2022,3,19,20,35,22,5,46,17,52,3,1,2,1,1,9,22,0,0,15,9,30,70,4,2,1,45,25,13,61,31,0,11,0,1,0,0,0,3,0,10,0,3,0,2,0,2,0,4,2,35.68225611111111,139.77950833333335,7,3,9999,0,9,0
1,30,104,43,2,0,1,30000,0,102,2022,2,3,19,40,22,6,40,17,10,1,1,1,1,7,9,22,0,0,12,9,30,70,4,2,1,35,55,5,61,31,0,1,0,1,0,11,0,10,0,10,0,3,0,2,0,2,0,4,2,35.674169166666665,139.78124972222224,5,3,9999,0,5,0
1,30,104,45,2,0,1,30000,0,102,2022,3,23,6,44,12,5,41,17,55,1,1,1,1,1,9,22,0,0,15,9,30,70,4,2,1,55,55,13,61,31,0,11,0,1,0,0,0,10,0,10,0,3,0,2,0,2,0,4,2,35.67809222222222,139.77919722222222,4,3,9999,0,9,0
1,30,104,53,2,0,1,95000,0,102,2022,3,31,7,55,12,5,29,18,2,1,1,1,0,7,0,0,0,0,0,0,20,70,0,2,1,45,35,4,61,31,0,1,0,1,0,0,0,10,0,50,0,3,0,2,0,2,0,4,2,35.68264666666666,139.772295,5,3,9999,0,1,0
1,30,104,54,2,0,1,20020,0,102,2022,3,31,14,30,12,5,29,18,2,2,1,1,1,1,9,22,0,0,12,9,30,70,4,2,1,45,55,51,61,41,0,0,0,0,0,0,0,0,0,10,0,4,0,0,0,0,0,4,2,35.6746525,139.77998250000002,5,3,0,0,0,0
1,30,105,15,2,0,1,30000,0,102,2022,3,12,0,40,22,5,56,17,46,1,1,1,14,7,0,0,0,0,3,9,1,70,5,1,1,65,75,51,61,41,0,0,0,0,0,0,0,0,0,10,0,3,0,0,0,0,0,4,2,35.684528888888885,139.78226166666667,7,3,0,0,0,0
1,30,105,17,2,0,1,30000,0,101,2022,3,18,9,22,12,5,48,17,51,2,1,1,1,7,1,22,0,0,11,9,30,70,5,3,1,65,65,3,61,31,0,1,0,1,0,0,0,10,0,40,0,3,0,2,0,2,0,4,2,35.69467694444444,139.78275666666667,6,3,9999,0,9,0
1,30,105,19,2,0,1,30000,0,102,2021,10,19,14,45,12,5,51,17,1,2,1,1,14,7,0,0,0,0,2,9,1,70,5,3,1,35,45,13,61,31,0,11,0,1,0,0,0,5,0,10,0,4,0,2,0,2,0,4,2,35.69340722222222,139.78318777777778,3,3,9999,0,1,0
1,30,106,33,2,0,1,30000,0,102,2022,3,14,13,59,12,5,54,17,48,1,1,1,14,7,0,0,0,0,3,9,1,70,5,3,1,45,25,51,61,41,0,0,0,0,0,0,0,0,0,10,0,3,0,0,0,0,0,4,2,35.67044222222222,139.765115,2,3,0,0,0,0
1,30,106,38,2,0,1,30000,0,102,2022,3,27,14,56,12,5,35,17,58,1,1,1,1,7,9,22,0,0,11,9,30,70,5,2,1,65,25,3,61,31,0,1,0,1,0,0,0,2,0,10,0,3,0,2,0,2,0,4,2,35.67263972222222,139.7673963888889,1,3,9999,0,9,0
1,30,107,19,2,0,2,30000,0,102,2022,3,9,8,25,12,6,1,17,43,1,1,1,1,7,9,22,0,0,15,9,30,70,5,2,1,55,25,11,61,31,0,11,0,2,0,0,0,2,0,40,0,3,0,2,0,2,0,4,2,35.661105,139.7824177777778,4,3,9999,0,9,0
1,30,108,30,2,0,1,30000,0,103,2022,3,1,21,10,22,6,11,17,36,1,1,1,1,7,1,21,0,0,11,9,30,70,5,2,1,1,35,5,61,31,0,1,0,1,0,0,0,10,0,20,0,3,0,2,0,2,0,4,2,35.66488222222222,139.75697083333333,3,3,9999,0,5,0
1,30,109,30,2,0,1,10,66,103,2022,3,9,14,31,12,6,1,17,43,1,1,1,7,1,0,0,0,0,4,9,1,70,4,2,1,75,35,3,61,31,0,1,0,1,0,0,0,4,0,40,0,3,0,2,0,2,0,4,2,35.647956388888886,139.74417027777776,4,3,79,0,9,0
1,30,109,31,2,0,1,10,65,103,2022,3,16,10,40,12,5,51,17,49,1,1,1,14,7,0,0,0,0,3,9,1,70,1,1,1,55,35,3,61,31,0,1,0,1,0,0,0,4,0,40,0,4,0,2,0,2,0,4,2,35.64864166666666,139.74449833333333,4,3,9999,0,9,0
1,30,109,33,2,0,1,30000,0,103,2022,3,25,20,31,22,5,38,17,57,1,1,1,14,7,0,0,0,0,4,9,1,70,4,1,1,45,55,35,61,31,0,0,0,0,0,11,0,2,0,10,0,3,0,0,0,0,0,4,2,35.648183333333336,139.74117055555556,6,3,9999,0,5,0
1,30,110,18,2,0,1,20130,0,103,2022,3,1,13,20,12,6,11,17,36,1,1,1,1,7,9,22,0,0,17,9,30,70,1,1,1,45,45,3,61,31,0,1,0,1,0,0,0,5,0,30,0,3,0,2,0,2,0,4,2,35.6448825,139.73543249999997,3,3,9999,0,1,0
1,30,110,22,2,0,1,30000,0,103,2022,3,9,0,55,22,6,1,17,43,1,1,1,1,7,9,22,0,0,11,9,30,70,5,3,1,65,35,3,61,31,0,1,0,1,0,0,0,10,0,40,0,3,0,2,0,2,0,4,2,35.64483111111111,139.73156222222224,4,3,9999,0,9,0