資料区分,都道府県コード,警察署等コード,本票番号,事故内容,死者数,負傷者数,路線コード,地点コード,市区町村コード,発生日時　　年,発生日時　　月,発生日時　　日,発生日時　　時,発生日時　　分,昼夜,日の出時刻　　時,日の出時刻　　分,日の入り時刻　　時,日の入り時刻　　分,天候,地形,路面状態,道路形状,信号機,一時停止規制　標識（当事者A）,一時停止規制　表示（当事者A）,一時停止規制　標識（当事者B）,一時停止規制　表示（当事者B）,車道幅員,道路線形,衝突地点,ゾーン規制,中央分離帯施設等,歩車道区分,事故類型,年齢（当事者A）,年齢（当事者B）,当事者種別（当事者A）,当事者種別（当事者B）,用途別（当事者A）,用途別（当事者B）,車両形状等（当事者A）,車両形状等（当事者B）,オートマチック車（当事者A）,オートマチック車（当事者B）,サポカー（当事者A）,サポカー（当事者B）,速度規制（指定のみ）（当事者A）,速度規制（指定のみ）（当事者B）,車両の衝突部位（当事者A）,車両の衝突部位（当事者B）,車両の損壊程度（当事者A）,車両の損壊程度（当事者B）,エアバッグの装備（当事者A）,エアバッグの装備（当事者B）,サイドエアバッグの装備（当事者A）,サイドエアバッグの装備（当事者B）,人身損傷程度（当事者A）,人身損傷程度（当事者B）,lat,lon,曜日(発生年月日),祝日(発生年月日),認知機能検査経過日数（当事者A）,認知機能検査経過日数（当事者B）,運転練習の方法（当事者A）,運転練習の方法（当事者B）
1,30,110,27,2,0,1,20120,0,103,2022,3,23,9,50,12,5,41,17,55,1,1,1,14,7,0,0,0,0,3,9,1,70,1,1,1,35,1,51,61,41,0,0,0,0,0,0,0,0,0,10,0,3,0,0,0,0,0,4,2,35.63775972222222,139.72367055555557,4,3,0,0,0,0
1,30,111,43,2,0,1,30000,0,103,2022,2,7,10,48,12,6,36,17,15,1,1,1,14,7,0,0,0,0,2,9,1,70,5,4,1,1,35,3,61,31,0,1,0,1,0,0,0,10,0,20,0,3,0,2,0,2,0,4,2,35.66328111111111,139.7302161111111,2,3,9999,0,1,0
1,30,111,47,2,0,1,95000,0,103,2022,3,7,11,44,12,6,3,17,41,1,1,1,14,7,0,0,0,0,3,9,1,70,5,3,1,35,1,3,61,31,0,1,0,1,0,0,0,1,0,10,0,4,0,2,0,2,0,4,2,35.65784111111111,139.71851444444445,2,3,9999,0,1,0
1,30,111,48,2,0,1,30000,0,103,2022,3,7,12,23,12,6,3,17,41,1,1,1,14,7,0,0,0,0,2,9,1,70,5,2,1,45,65,51,61,41,0,0,0,0,0,0,0,0,0,10,0,3,0,0,0,0,0,4,2,35.655812777777776,139.73536694444442,2,3,0,0,0,0
1,30,111,52,2,0,1,30000,0,103,2022,3,11,1,2,22,5,58,17,45,2,1,1,1,7,1,21,0,0,13,9,30,70,5,3,1,55,25,3,61,1,0,1,0,1,0,0,0,10,0,10,0,3,0,2,0,2,0,4,2,35.66118055555555,139.7232563888889,6,3,9999,0,9,0
1,30,111,53,2,0,1,20140,0,103,2022,2,21,18,21,21,6,21,17,29,1,1,1,14,7,0,0,0,0,2,9,1,70,1,2,1,45,0,61,0,0,0,0,0,0,0,0,0,0,0,0,0,0,0,0,0,0,0,2,0,35.65347111111111,139.7365886111111,2,3,0,0,0,0
1,30,111,61,2,0,1,30000,0,103,2022,3,18,16,57,13,5,48,17,51,3,1,2,14,7,0,0,0,0,3,9,1,70,4,1,1,65,45,3,61,1,0,1,0,1,0,11,0,10,0,60,0,4,0,2,0,2,0,4,2,35.65116555555555,139.7270638888889,6,3,9999,0,9,0
1,30,111,68,2,0,1,10670,0,103,2022,3,23,22,12,22,5,41,17,55,3,1,2,1,1,9,22,0,0,14,9,30,70,4,1,1,1,45,3,61,31,0,1,0,1,0,0,0,4,0,50,0,4,0,2,0,2,0,4,2,35.65520611111111,139.74204999999998,4,3,9999,0,1,0
1,30,111,71,2,0,1,20170,0,103,2022,3,31,12,10,12,5,29,18,2,1,1,1,14,7,0,0,0,0,5,9,1,70,1,1,1,45,45,51,61,41,0,0,0,0,0,0,0,0,0,10,0,4,0,0,0,0,0,4,2,35.662863055555555,139.73106083333334,5,3,0,0,0,0
1,30,112,40,2,0,1,30000,0,103,2022,3,3,18,40,22,6,9,17,38,1,1,1,1,1,9,22,0,0,15,9,30,70,4,2,1,65,55,3,61,1,0,1,0,1,0,11,0,2,0,50,0,3,0,2,0,2,0,4,2,35.671459444444444,139.73330361111113,5,3,9999,0,9,0
1,30,112,41,2,0,1,30000,0,103,2022,3,7,16,5,12,6,3,17,41,1,1,1,14,7,0,0,0,0,2,9,1,70,4,1,1,55,65,3,61,1,0,1,0,1,0,0,0,2,0,80,0,4,0,2,0,2,0,4,2,35.6687375,139.72059361111113,2,3,9999,0,9,0
1,30,112,44,2,0,1,30000,0,103,2022,3,9,19,45,22,6,1,17,43,1,1,1,14,7,0,0,0,0,3,9,1,70,5,2,1,35,55,51,61,41,0,0,0,0,0,0,0,0,0,10,0,3,0,0,0,0,0,4,2,35.67179611111111,139.73841805555554,4,3,0,0,0,0
1,30,112,46,2,0,1,20090,0,103,2022,3,14,10,15,12,5,54,17,48,1,1,1,14,7,0,0,0,0,5,9,1,70,1,2,1,55,25,17,61,1,0,11,0,2,0,11,0,1,0,60,0,3,0,2,0,2,0,4,2,35.67359166666667,139.73879555555555,2,3,9999,0,9,0
1,30,112,51,2,0,1,30000,0,103,2022,3,11,17,50,21,5,58,17,45,1,1,1,14,7,0,0,0,0,1,9,1,70,5,3,1,65,45,3,61,1,0,1,0,1,0,11,0,5,0,80,0,4,0,2,0,2,0,4,2,35.67339055555556,139.7324336111111,6,3,9999,0,9,0
1,30,112,59,2,0,1,30000,0,103,2022,2,7,18,50,22,6,36,17,15,1,1,1,13,7,0,0,0,0,3,5,1,70,5,4,1,65,55,3,61,1,0,1,0,1,0,0,0,5,0,10,0,4,0,2,0,2,0,4,2,35.669061388888885,139.73472777777778,2,3,9999,0,9,0
1,30,113,53,2,0,1,30000,0,108,2022,3,2,13,30,12,6,10,17,37,1,1,1,14,7,0,0,0,0,1,9,1,70,5,2,1,35,1,51,61,41,0,0,0,0,0,0,0,0,0,13,0,3,0,0,0,0,0,4,2,35.641420833333335,139.79583055555554,4,3,0,0,0,0
1,30,113,78,2,0,1,85000,0,109,2022,3,20,14,8,12,5,45,17,53,2,1,1,14,7,0,0,0,0,4,9,1,70,3,2,1,1,45,51,61,41,0,0,0,0,0,0,0,0,0,10,0,1,0,0,0,0,0,4,2,35.593607222222225,139.7623438888889,1,2,0,0,0,0
1,30,216,40,2,0,1,30000,0,109,2022,3,19,11,15,12,5,46,17,52,1,1,1,1,1,9,22,0,0,12,7,30,70,5,2,1,75,1,51,61,41,0,0,0,0,0,0,0,0,0,10,0,4,0,0,0,0,0,4,2,35.602088611111114,139.72428638888888,7,3,0,0,0,0
1,30,216,44,2,0,1,30000,0,109,2022,3,25,10,10,12,5,38,17,57,1,1,1,14,7,0,0,0,0,3,8,1,70,5,2,1,75,65,13,61,31,0,11,0,1,0,11,0,10,0,50,0,3,0,2,0,2,0,4,2,35.60151638888889,139.72235444444445,6,3,785,0,9,0
1,30,216,46,2,0,1,30000,0,109,2022,3,28,11,20,12,5,34,17,59,1,1,1,1,7,9,22,0,0,12,9,30,70,2,2,1,55,65,3,61,31,0,1,0,1,0,0,0,2,0,40,0,3,0,2,0,2,0,4,2,35.603768888888894,139.73174222222224,2,3,9999,0,9,0
1,30,216,47,2,0,1,30000,0,109,2022,3,29,9,53,12,5,32,18,0,2,1,1,14,7,0,0,0,0,2,9,1,70,5,2,1,65,45,3,61,31,0,1,0,1,0,11,0,2,0,10,0,3,0,2,0,2,0,4,2,35.58895444444445,139.73542277777776,3,3,9999,0,9,0
1,30,217,49,2,0,1,30000,0,109,2022,1,12,21,40,22,6,51,16,48,1,1,1,1,7,0,0,0,0,11,9,30,70,5,3,1,1,0,61,0,0,0,0,0,0,0,0,0,0,0,0,0,0,0,0,0,0,0,2,0,35.62564555555556,139.7118811111111,4,3,0,0,0,0
1,30,217,52,2,0,1,30000,0,109,2022,1,14,17,20,21,6,50,16,50,1,1,1,14,7,0,0,0,0,4,9,1,70,4,1,1,1,75,51,61,41,0,0,0,0,0,0,0,0,0,10,0,4,0,0,0,0,0,4,2,35.6174975,139.7204461111111,6,3,0,0,0,0
1,30,217,54,2,0,1,10160,0,109,2022,3,22,18,33,21,5,42,17,54,2,1,2,1,7,9,22,0,0,18,9,30,70,1,1,1,65,65,3,61,1,0,1,0,1,0,0,0,10,0,40,0,4,0,2,0,2,0,4,2,35.62766388888889,139.71378805555554,3,3,9999,0,9,0
1,30,218,58,2,0,1,30000,0,109,2022,3,13,13,35,12,5,55,17,47,1,1,1,14,7,0,0,0,0,1,9,1,70,5,3,1,35,45,4,61,31,0,1,0,1,0,0,0,1,0,40,0,4,0,2,0,2,0,4,2,35.606924444444445,139.70859305555555,1,3,9999,0,1,0
1,30,219,86,2,0,1,150,134,111,2022,3,8,17,20,13,6,2,17,42,1,1,2,7,1,0,0,0,0,2,9,1,70,1,1,1,35,1,51,61,41,0,0,0,0,0,0,0,0,0,10,0,3,0,0,0,0,0,2,4,35.57633194444445,139.7344561111111,3,3,0,0,0,0
1,30,219,87,2,0,1,30000,0,111,2022,3,9,9,5,12,6,1,17,43,1,1,1,14,7,0,0,0,0,2,9,1,70,5,3,1,45,75,3,61,31,0,1,0,1,0,11,0,1,0,30,0,3,0,2,0,2,0,4,2,35.58075,139.72036833333334,4,3,9999,0,1,0
1,30,219,91,2,0,1,30000,0,111,2022,3,14,4,20,22,5,54,17,48,1,1,1,7,7,0,0,0,0,1,9,1,70,5,3,1,65,35,4,61,31,0,1,0,1,0,0,0,1,0,40,0,3,0,2,0,2,0,4,2,35.57779277777778,139.72804722222222,2,3,9999,0,9,0
1,30,220,47,2,0,1,30000,0,111,2022,3,27,21,30,22,5,35,17,58,2,1,1,1,7,8,22,0,0,11,9,30,70,4,1,1,25,1,14,61,31,0,11,0,1,0,0,0,2,0,10,0,4,0,2,0,2,0,4,2,35.60655888888889,139.68712083333332,1,3,9999,0,4,0
1,30,220,51,2,0,2,30000,0,111,2022,3,29,20,15,22,5,32,18,0,1,1,1,1,7,9,22,0,0,15,9,30,70,5,1,1,25,45,34,61,31,0,0,0,0,0,0,0,10,0,10,0,3,0,0,0,0,0,4,2,35.60725166666667,139.68597083333333,3,3,9999,0,5,0
1,30,221,61,2,0,1,30000,0,111,2022,3,1,19,10,22,6,11,17,36,1,1,1,1,7,9,22,0,0,15,9,30,70,5,3,1,75,45,3,61,31,0,1,0,1,0,0,0,2,0,10,0,3,0,2,0,2,0,4,2,35.56343611111111,139.70964333333333,3,3,740,0,9,0
1,30,221,70,2,0,1,95000,0,111,2022,3,13,10,20,12,5,55,17,47,1,1,1,14,7,0,0,0,0,3,9,1,70,5,4,1,35,45,51,61,41,0,0,0,0,0,0,0,0,0,10,0,3,0,0,0,0,0,4,2,35.54553083333333,139.73907194444442,1,3,0,0,0,0
1,30,221,77,2,0,1,150,150,111,2022,3,17,20,11,22,5,49,17,50,1,1,1,1,1,9,22,0,0,17,9,30,70,4,2,1,55,1,3,61,31,0,1,0,1,0,0,0,4,0,80,0,3,0,2,0,2,0,4,2,35.56345888888889,139.726315,5,3,9999,0,9,0
1,30,221,79,2,0,1,95000,0,111,2022,3,19,21,19,22,5,46,17,52,3,1,2,14,7,0,0,0,0,3,9,1,70,4,2,1,1,65,13,61,31,0,11,0,1,0,0,0,3,0,80,0,3,0,2,0,2,0,4,2,35.56021916666666,139.70879944444442,7,3,9999,0,1,0
1,30,222,64,2,0,1,30000,0,111,2022,3,18,11,15,12,5,48,17,51,2,1,1,1,1,9,22,0,0,11,9,30,70,4,2,1,35,75,13,61,31,0,11,0,1,0,0,0,2,0,14,0,3,0,2,0,2,0,4,2,35.57043416666667,139.70377472222222,6,3,9999,0,5,0
1,30,222,65,2,0,1,30000,0,111,2022,3,11,11,40,12,5,58,17,45,1,1,1,14,7,0,0,0,0,2,8,1,70,5,3,1,25,35,3,61,31,0,1,0,1,0,0,0,5,0,80,0,4,0,2,0,2,0,4,2,35.58180555555556,139.70298499999998,6,3,9999,0,1,0
1,30,222,66,2,0,1,30000,0,111,2022,3,18,18,10,21,5,48,17,51,3,1,2,1,7,9,22,0,0,11,9,30,70,5,3,1,55,65,3,61,31,0,1,0,1,0,11,0,10,0,50,0,4,0,2,0,2,0,4,2,35.56912166666667,139.6903063888889,6,3,9999,0,9,0
1,30,222,70,2,0,1,10190,0,111,2022,3,22,18,40,21,5,42,17,54,2,1,2,1,7,9,22,0,0,15,9,30,70,5,2,1,1,1,4,61,31,0,1,0,1,0,0,0,2,0,10,0,3,0,2,0,2,0,4,2,35.56445972222222,139.70856444444442,3,3,9999,0,1,0
1,30,222,71,2,0,1,30000,0,111,2022,3,23,7,18,12,5,41,17,55,1,1,1,14,7,0,0,0,0,2,9,1,70,5,3,1,75,65,3,61,31,0,1,0,1,0,0,0,5,0,40,0,3,0,2,0,2,0,4,2,35.58098027777778,139.686425,4,3,288,0,9,0
1,30,222,80,2,0,1,30000,0,111,2022,3,30,14,12,12,5,31,18,1,1,1,1,14,7,0,0,0,0,2,9,1,70,5,3,1,35,35,3,61,31,0,1,0,1,0,0,0,2,0,20,0,3,0,2,0,2,0,4,2,35.56744916666667,139.70714416666667,4,3,9999,0,1,0
1,30,325,48,2,0,1,30000,0,112,2022,3,5,22,10,22,6,6,17,40,1,1,1,1,7,9,22,0,0,11,9,30,70,5,3,1,25,65,51,61,41,0,0,0,0,0,0,0,0,0,11,0,4,0,0,0,0,0,4,2,35.642310555555554,139.67160249999998,7,3,0,0,0,0
1,30,325,52,2,0,1,30000,0,112,2022,3,5,18,40,22,6,6,17,40,1,1,1,1,7,9,22,0,0,11,9,30,70,5,3,1,55,45,36,61,31,0,0,0,0,0,0,0,1,0,22,0,4,0,0,0,0,0,4,2,35.64319583333333,139.6715061111111,7,3,9999,0,9,0
1,30,326,65,2,0,1,30000,0,112,2021,10,26,14,0,12,5,57,16,53,1,1,1,7,7,0,0,0,0,3,9,1,70,5,3,1,25,0,61,0,0,0,0,0,0,0,0,0,0,0,0,0,0,0,0,0,0,0,2,0,35.65973416666667,139.66063277777778,3,3,0,0,0,0
1,30,326,66,2,0,1,30000,0,112,2022,2,28,12,40,12,6,13,17,35,1,1,1,1,7,9,22,0,0,11,9,30,70,5,4,1,45,75,3,61,1,0,1,0,1,0,0,0,2,0,30,0,3,0,2,0,2,0,4,2,35.663357777777776,139.65379555555558,2,3,9999,0,9,0
1,30,326,69,2,0,1,30000,0,112,2022,3,3,16,53,13,6,9,17,38,2,1,1,13,7,0,0,0,0,2,5,1,70,5,3,1,45,75,14,61,31,0,11,0,1,0,0,0,2,0,10,0,2,0,2,0,2,0,4,2,35.66233638888889,139.65605,5,3,9999,0,5,0
1,30,326,70,2,0,1,30000,0,112,2022,3,3,17,28,13,6,9,17,38,2,1,1,1,7,1,21,0,0,14,9,30,70,5,3,1,45,45,3,61,31,0,1,0,1,0,0,0,2,0,50,0,3,0,2,0,2,0,4,2,35.65522055555555,139.65987722222224,5,3,9999,0,1,0
1,30,326,72,2,0,1,95000,0,112,2022,3,4,16,18,12,6,7,17,39,2,1,1,1,1,9,22,0,0,14,9,30,70,4,1,1,65,25,34,61,31,0,0,0,0,0,11,0,3,0,10,0,3,0,0,0,0,0,2,4,35.64780555555556,139.63155055555555,6,3,9999,0,9,0
1,30,326,76,2,0,1,10130,0,112,2022,3,10,19,30,22,5,59,17,44,1,1,1,1,1,9,22,0,0,19,9,30,70,6,2,1,35,35,3,61,1,0,1,0,1,0,0,0,4,0,10,0,3,0,2,0,2,0,4,2,35.672441944444444,139.66072083333333,5,3,9999,0,1,0
1,30,326,77,2,0,1,30000,0,112,2022,2,26,10,40,12,6,15,17,33,1,1,1,14,7,0,0,0,0,1,9,1,70,5,4,1,55,65,3,61,31,0,1,0,1,0,0,0,10,0,10,0,4,0,2,0,2,0,4,2,35.662238333333335,139.6675647222222,7,3,9999,0,9,0
1,30,326,85,2,0,1,30000,0,112,2022,3,16,19,10,22,5,51,17,49,1,1,1,1,7,1,21,0,0,11,9,30,70,5,3,1,75,45,3,61,31,0,1,0,1,0,11,0,2,0,20,0,3,0,2,0,2,0,4,2,35.66699916666666,139.65971194444444,4,3,223,0,9,0
1,30,326,86,2,0,1,30000,0,112,2022,3,17,7,35,12,5,49,17,50,1,1,1,1,7,9,22,0,0,15,9,30,70,4,1,1,35,55,13,61,31,0,11,0,1,0,0,0,3,0,10,0,4,0,2,0,2,0,4,2,35.660535833333334,139.65204111111112,5,3,9999,0,5,0
1,30,326,89,2,0,1,30000,0,112,2022,3,18,19,59,22,5,48,17,51,3,1,2,1,7,1,21,0,0,12,9,30,70,5,3,1,45,45,3,61,31,0,1,0,1,0,0,0,2,0,10,0,3,0,2,0,2,0,4,2,35.658120277777776,139.66035333333335,6,3,9999,0,1,0
1,30,326,92,2,0,1,30000,0,112,2022,3,20,13,30,12,5,45,17,53,1,1,1,7,7,0,0,0,0,1,9,1,70,5,3,1,45,1,51,61,41,0,0,0,0,0,0,0,0,0,10,0,3,0,0,0,0,0,4,2,35.65078166666667,139.64180861111112,1,2,0,0,0,0
1,30,326,97,2,0,1,30000,0,112,2022,3,24,9,0,12,5,39,17,56,1,1,1,14,7,0,0,0,0,2,9,1,70,5,3,1,1,65,51,61,41,0,0,0,0,0,0,0,0,0,10,0,3,0,0,0,0,0,4,2,35.65089777777778,139.64285805555554,5,3,0,0,0,0
1,30,326,102,2,0,2,95000,0,112,2022,3,29,19,45,22,5,32,18,0,2,1,1,7,7,0,0,0,0,3,9,1,70,4,2,1,25,25,35,61,31,0,0,0,0,0,11,0,2,0,10,0,3,0,0,0,0,0,2,2,35.646480277777776,139.6466125,3,3,9999,0,1,0
1,30,326,107,2,0,1,30000,0,112,2022,3,6,14,0,12,6,5,17,41,2,1,1,14,7,0,0,0,0,2,9,1,70,5,3,1,35,25,52,61,41,0,0,0,0,0,0,0,0,0,10,0,3,0,0,0,0,0,4,2,35.651606944444445,139.6463263888889,1,3,0,0,0,0
1,30,327,88,2,0,1,30000,0,112,2022,3,6,12,10,12,6,5,17,41,1,1,1,14,7,0,0,0,0,3,9,1,70,5,3,1,45,55,3,61,31,0,1,0,1,0,0,0,3,0,40,0,3,0,2,0,2,0,4,2,35.6051325,139.67219083333333,1,3,9999,0,1,0
1,30,327,95,2,0,1,30000,0,112,2022,2,25,12,50,12,6,16,17,32,1,1,1,14,7,0,0,0,0,1,9,1,70,4,1,1,55,45,51,61,41,0,0,0,0,0,0,0,0,0,10,0,4,0,0,0,0,0,4,2,35.631618333333336,139.64387555555555,6,3,0,0,0,0
1,30,327,99,2,0,1,30000,0,112,2022,3,1,18,30,21,6,11,17,36,1,1,1,1,1,9,22,0,0,15,9,30,70,4,3,1,65,1,13,61,31,0,11,0,1,0,0,0,2,0,10,0,3,0,2,0,2,0,4,2,35.60930583333334,139.63483888888888,3,3,9999,0,9,0
1,30,327,112,2,0,1,30000,0,112,2022,3,23,18,35,21,5,41,17,55,1,1,1,7,7,0,0,0,0,2,9,1,70,5,3,1,75,65,3,61,31,0,1,0,1,0,0,0,5,0,10,0,3,0,2,0,2,0,4,2,35.62009527777778,139.66243194444445,4,3,723,0,9,0
1,30,327,113,2,0,1,95000,0,112,2022,3,24,10,25,12,5,39,17,56,1,1,1,0,7,0,0,0,0,0,0,20,70,0,4,1,75,65,3,61,31,0,1,0,1,0,0,0,10,0,50,0,4,0,2,0,2,0,4,2,35.614545,139.62600805555556,5,3,232,0,9,0
1,30,327,119,2,0,1,2460,112,112,2022,3,25,20,50,22,5,38,17,57,1,1,1,7,1,0,0,0,0,1,9,1,70,1,2,1,35,0,61,0,0,0,0,0,0,0,0,0,0,0,0,0,0,0,0,0,0,0,2,0,35.62723527777778,139.6451172222222,6,3,0,0,0,0
1,30,327,120,2,0,1,2460,119,112,2022,3,26,17,53,13,5,36,17,58,3,1,2,1,1,9,22,0,0,15,9,30,70,1,1,1,65,55,3,61,31,0,1,0,1,0,0,0,10,0,10,0,4,0,2,0,2,0,4,2,35.6241025,139.63787944444445,7,3,9999,0,9,0
1,30,327,128,2,0,1,30000,0,112,2022,3,31,11,35,12,5,29,18,2,1,1,2,14,7,0,0,0,0,3,9,1,70,5,3,1,55,25,51,61,41,0,0,0,0,0,0,0,0,0,10,0,3,0,0,0,0,0,4,2,35.6039975,139.65753166666667,5,3,0,0,0,0
1,30,328,98,2,0,1,95000,0,112,2022,3,3,17,20,13,6,9,17,38,2,1,1,1,1,9,22,0,0,17,9,30,70,4,1,1,45,75,34,61,31,0,0,0,0,0,11,0,4,0,10,0,3,0,0,0,0,0,4,2,35.671315,139.6185938888889,5,3,9999,0,9,0
1,30,328,117,2,0,1,30000,0,112,2022,3,18,16,10,12,5,48,17,51,3,1,2,1,7,1,21,0,0,11,9,30,70,5,3,1,55,35,3,61,31,0,1,0,1,0,0,0,10,0,10,0,3,0,2,0,2,0,4,2,35.63777888888889,139.61064833333333,6,3,9999,0,9,0
1,30,328,122,2,0,1,10190,0,112,2022,3,22,8,40,12,5,42,17,54,3,1,2,1,1,9,22,0,0,15,9,30,1,4,1,1,65,35,3,61,31,0,1,0,1,0,11,0,2,0,10,0,3,0,2,0,2,0,4,2,35.624113333333334,139.60825444444444,3,3,9999,0,9,0
1,30,328,125,2,0,1,30000,0,112,2022,3,23,15,15,12,5,41,17,55,1,1,1,14,7,0,0,0,0,2,9,1,70,5,4,1,45,1,3,61,31,0,1,0,1,0,0,0,10,0,20,0,3,0,2,0,2,0,4,2,35.652587499999996,139.62336055555556,4,3,9999,0,1,0
1,30,328,132,2,0,1,30000,0,112,2022,3,24,21,15,22,5,39,17,56,1,1,1,1,7,9,22,0,0,11,7,30,70,5,4,1,55,35,3,61,31,0,1,0,1,0,0,0,10,0,40,0,3,0,2,0,2,0,4,2,35.64176861111111,139.61476194444444,5,3,9999,0,1,0
1,30,329,54,2,0,1,30000,0,110,2022,3,2,13,18,12,6,10,17,37,1,1,1,1,7,9,22,0,0,15,9,30,1,5,1,1,45,1,4,61,31,0,1,0,1,0,0,0,2,0,10,0,3,0,2,0,2,0,4,2,35.63328027777778,139.71113277777778,4,3,9999,0,9,0
1,30,329,66,2,0,1,95000,0,110,2022,3,20,13,15,12,5,45,17,53,1,1,1,1,7,1,21,0,0,15,9,20,70,4,1,1,65,35,3,61,31,0,1,0,1,0,0,0,2,0,40,0,3,0,2,0,2,0,4,2,35.64020027777778,139.68683305555555,1,2,9999,0,9,0
1,30,329,68,2,0,1,30000,0,110,2022,3,14,22,3,22,5,54,17,48,1,1,1,7,7,0,0,0,0,3,9,1,70,5,1,1,65,1,3,61,1,0,1,0,1,0,11,0,2,0,80,0,4,0,2,0,2,0,4,2,35.652161388888885,139.68980833333333,2,3,9999,0,9,0
1,30,329,69,2,0,1,30000,0,110,2022,3,23,13,25,12,5,41,17,55,2,1,1,14,7,0,0,0,0,1,8,1,70,5,3,1,45,25,51,61,41,0,0,0,0,0,0,0,0,0,10,0,3,0,0,0,0,0,4,2,35.64697694444445,139.69189111111112,4,3,0,0,0,0
1,30,329,78,2,0,1,30120,0,110,2022,3,31,23,25,22,5,29,18,2,1,1,2,1,7,9,22,0,0,14,9,30,70,5,2,1,75,1,3,61,1,0,1,0,1,0,11,0,3,0,10,0,3,0,2,0,2,0,4,2,35.6413425,139.7118872222222,5,3,291,0,9,0
1,30,330,55,2,0,1,10080,0,110,2022,3,2,14,15,12,6,10,17,37,2,1,1,14,7,0,0,0,0,5,9,1,70,5,2,1,1,1,51,61,41,0,0,0,0,0,0,0,0,0,10,0,3,0,0,0,0,0,4,2,35.62869055555556,139.69503333333333,4,3,0,0,0,0
1,30,330,57,2,0,2,30000,0,110,2022,3,3,20,40,22,6,9,17,38,1,1,1,1,7,9,22,0,0,15,9,30,70,5,3,1,35,35,51,61,41,0,0,0,0,0,0,0,0,0,10,0,3,0,0,0,0,0,2,2,35.628904722222224,139.68687861111113,5,3,0,0,0,0
1,30,330,60,2,0,1,30000,0,110,2022,3,5,18,28,21,6,6,17,40,1,1,1,1,7,1,21,0,0,12,8,30,70,4,1,1,55,65,3,61,1,0,1,0,1,0,11,0,2,0,50,0,3,0,2,0,2,0,4,2,35.609635000000004,139.6639313888889,7,3,9999,0,9,0
1,30,330,63,2,0,1,30000,0,110,2022,3,9,13,7,12,6,1,17,43,1,1,1,14,7,0,0,0,0,3,9,1,70,4,2,1,65,25,3,61,31,0,1,0,1,0,0,0,2,0,40,0,3,0,2,0,2,0,4,2,35.623351666666665,139.69230916666666,4,3,9999,0,9,0
1,30,330,67,2,0,1,30000,0,110,2022,3,5,11,35,12,6,6,17,40,1,1,1,14,7,0,0,0,0,3,9,1,70,5,3,1,25,55,3,61,31,0,1,0,1,0,0,0,3,0,10,0,3,0,2,0,2,0,4,2,35.627315555555555,139.68668083333333,7,3,9999,0,1,0
1,30,330,68,2,0,1,30000,0,110,2022,3,14,22,2,22,5,54,17,48,1,1,1,1,7,1,21,0,0,11,9,30,70,5,2,1,65,75,3,61,31,0,1,0,1,0,0,0,2,0,20,0,3,0,2,0,2,0,4,2,35.62337277777778,139.68222138888888,2,3,9999,0,9,0
1,30,330,71,2,0,1,30000,0,110,2022,3,19,13,40,12,5,46,17,52,1,1,1,14,7,0,0,0,0,3,9,1,1,5,3,1,1,65,51,61,41,0,0,0,0,0,0,0,0,0,10,0,3,0,0,0,0,0,4,2,35.611647222222224,139.6922025,7,3,0,0,0,0
1,30,330,73,2,0,1,30000,0,110,2022,3,22,12,30,12,5,42,17,54,3,1,2,14,7,0,0,0,0,2,9,1,1,5,3,1,55,1,17,61,1,0,11,0,1,0,0,0,2,0,40,0,3,0,2,0,2,0,4,2,35.620090833333336,139.69555194444445,3,3,9999,0,9,0
1,30,330,77,2,0,1,30000,0,110,2022,3,26,20,20,22,5,36,17,58,3,1,2,14,7,0,0,0,0,1,9,1,70,5,3,1,1,55,51,61,41,0,0,0,0,0,0,0,0,0,10,0,3,0,0,0,0,0,4,2,35.61729722222222,139.67055777777776,7,3,0,0,0,0
1,30,331,65,2,0,1,20240,0,113,2022,3,10,15,35,12,5,59,17,44,1,1,1,1,7,9,22,0,0,18,9,30,70,5,2,1,55,35,3,61,31,0,1,0,1,0,0,0,4,0,50,0,4,0,2,0,2,0,4,2,35.64614,139.7067375,5,3,9999,0,9,0
1,30,331,70,2,0,1,30000,0,113,2022,3,16,8,0,12,5,51,17,49,1,1,1,1,1,1,21,0,0,12,8,30,70,4,1,1,1,1,24,61,0,0,31,0,0,0,0,0,2,0,10,0,4,0,0,0,0,0,4,2,35.66095111111111,139.69646055555555,4,3,9999,0,1,0
1,30,331,71,2,0,2,10090,0,113,2022,3,17,0,20,22,5,49,17,50,1,1,1,14,7,0,0,0,0,3,9,1,70,4,2,1,1,75,4,61,31,0,1,0,1,0,0,0,4,0,10,0,3,0,2,0,2,0,4,2,35.66645194444445,139.70389083333333,5,3,9999,0,5,0
1,30,331,72,2,0,1,30000,0,113,2022,3,18,12,8,12,5,48,17,51,3,1,2,14,7,0,0,0,0,4,9,1,70,4,2,1,25,55,13,61,31,0,11,0,1,0,0,0,3,0,80,0,4,0,2,0,2,0,4,2,35.64798166666667,139.71027333333333,6,3,9999,0,1,0
1,30,331,75,2,0,1,10090,0,113,2022,3,13,13,53,12,5,55,17,47,1,1,1,1,1,9,22,0,0,18,9,30,70,5,1,1,25,55,51,61,41,0,0,0,0,0,0,0,0,0,40,0,3,0,0,0,0,0,4,2,35.654041388888885,139.7080486111111,1,3,0,0,0,0
1,30,331,80,2,0,1,30000,0,113,2022,3,25,19,12,22,5,38,17,57,1,1,1,1,7,9,22,0,0,11,9,30,70,5,3,1,45,45,4,61,31,0,1,0,1,0,0,0,10,0,10,0,3,0,2,0,2,0,4,2,35.66072555555555,139.6977463888889,6,3,9999,0,9,0