資料区分,都道府県コード,警察署等コード,本票番号,事故内容,死者数,負傷者数,路線コード,地点コード,市区町村コード,発生日時　　年,発生日時　　月,発生日時　　日,発生日時　　時,発生日時　　分,昼夜,日の出時刻　　時,日の出時刻　　分,日の入り時刻　　時,日の入り時刻　　分,天候,地形,路面状態,道路形状,信号機,一時停止規制　標識（当事者A）,一時停止規制　表示（当事者A）,一時停止規制　標識（当事者B）,一時停止規制　表示（当事者B）,車道幅員,道路線形,衝突地点,ゾーン規制,中央分離帯施設等,歩車道区分,事故類型,年齢（当事者A）,年齢（当事者B）,当事者種別（当事者A）,当事者種別（当事者B）,用途別（当事者A）,用途別（当事者B）,車両形状等（当事者A）,車両形状等（当事者B）,オートマチック車（当事者A）,オートマチック車（当事者B）,サポカー（当事者A）,サポカー（当事者B）,速度規制（指定のみ）（当事者A）,速度規制（指定のみ）（当事者B）,車両の衝突部位（当事者A）,車両の衝突部位（当事者B）,車両の損壊程度（当事者A）,車両の損壊程度（当事者B）,エアバッグの装備（当事者A）,エアバッグの装備（当事者B）,サイドエアバッグの装備（当事者A）,サイドエアバッグの装備（当事者B）,人身損傷程度（当事者A）,人身損傷程度（当事者B）,lat,lon,曜日(発生年月日),祝日(発生年月日),認知機能検査経過日数（当事者A）,認知機能検査経過日数（当事者B）,運転練習の方法（当事者A）,運転練習の方法（当事者B）
1,30,331,81,2,0,1,20120,0,103,2022,3,25,23,40,22,5,38,17,57,1,1,1,14,7,0,0,0,0,3,9,1,70,1,2,1,55,65,3,61,1,0,1,0,1,0,11,0,4,0,40,0,4,0,2,0,2,0,4,2,35.65058305555556,139.72243722222223,6,3,9999,0,9,0
1,30,332,27,2,0,1,30000,0,113,2021,3,17,19,25,22,5,49,17,50,1,1,1,14,7,0,0,0,0,2,9,1,70,5,4,1,45,25,3,61,31,0,1,0,1,0,0,0,1,0,30,0,3,0,2,0,2,0,4,2,35.678486666666664,139.71039666666667,4,3,9999,0,1,0
1,30,332,31,2,0,1,20120,0,113,2022,3,18,21,30,22,5,48,17,51,3,1,2,14,7,0,0,0,0,5,9,1,70,4,1,1,1,65,51,61,41,0,0,0,0,0,0,0,0,0,10,0,3,0,0,0,0,0,4,2,35.67127416666666,139.7128636111111,6,3,0,0,0,0
1,30,332,32,2,0,1,10090,0,113,2022,3,19,18,52,22,5,46,17,52,3,1,2,1,1,9,22,0,0,16,9,30,70,1,1,1,1,35,4,61,31,0,1,0,1,0,0,0,4,0,10,0,3,0,2,0,2,0,4,2,35.68454944444444,139.70377833333333,7,3,9999,0,5,0
1,30,332,36,2,0,1,30000,0,113,2022,3,26,17,25,13,5,36,17,58,3,1,2,14,7,0,0,0,0,5,9,1,70,4,1,1,65,55,13,61,1,0,11,0,1,0,0,0,2,0,70,0,3,0,2,0,2,0,4,2,35.672914999999996,139.70405805555555,7,3,9999,0,9,0
1,30,333,56,2,0,1,30000,0,113,2022,3,6,10,56,12,6,5,17,41,1,1,1,14,7,0,0,0,0,3,9,1,70,5,2,1,1,35,3,61,31,0,1,0,1,0,0,0,5,0,30,0,3,0,2,0,2,0,4,2,35.67678166666666,139.67676555555553,1,3,9999,0,1,0
1,30,333,58,2,0,1,30000,0,113,2022,3,10,10,0,12,5,59,17,44,1,1,1,14,7,0,0,0,0,2,8,1,70,5,3,1,55,25,3,61,1,0,1,0,1,0,0,0,2,0,10,0,3,0,2,0,2,0,4,2,35.672393888888884,139.682765,5,3,9999,0,9,0
1,30,333,60,2,0,1,200,117,113,2022,3,9,13,25,12,6,1,17,43,1,1,1,14,7,0,0,0,0,1,9,1,70,5,2,1,65,25,3,61,31,0,1,0,1,0,0,0,10,0,10,0,3,0,2,0,2,0,4,2,35.674551666666666,139.6683436111111,4,3,9999,0,9,0
1,30,333,68,2,0,1,200,119,113,2022,3,19,22,20,22,5,46,17,52,2,1,2,1,1,9,22,0,0,18,9,30,70,1,2,1,55,55,3,61,1,0,1,0,1,0,0,0,10,0,10,0,3,0,2,0,2,0,4,2,35.674523888888885,139.66795833333333,7,3,9999,0,9,0
1,30,333,71,2,0,1,20330,0,113,2022,3,21,16,3,12,5,44,17,53,1,1,1,1,1,9,22,0,0,15,9,30,70,4,2,1,25,75,3,61,31,0,1,0,1,0,11,0,3,0,10,0,3,0,2,0,2,0,4,2,35.67988111111111,139.67682277777777,2,1,9999,0,1,0
1,30,333,73,2,0,1,30250,0,113,2022,3,16,7,45,12,5,51,17,49,2,1,1,14,7,0,0,0,0,5,9,1,70,4,1,1,45,35,3,61,31,0,1,0,1,0,11,0,4,0,40,0,4,0,2,0,2,0,4,2,35.681670277777776,139.69274833333333,4,3,9999,0,9,0
1,30,435,33,2,0,1,30870,0,105,2022,3,14,8,40,12,5,54,17,48,1,1,1,1,7,9,22,0,0,12,9,30,70,4,2,1,65,55,12,61,31,0,11,0,1,0,0,0,3,0,40,0,3,0,2,0,2,0,4,2,35.70894861111111,139.73148694444444,2,3,9999,0,1,0
1,30,435,36,2,0,1,10120,0,104,2022,3,19,5,20,23,5,46,17,52,3,1,2,1,7,9,22,0,0,11,2,30,70,4,2,1,25,75,36,61,31,0,0,0,0,0,11,0,10,0,10,0,3,0,0,0,0,0,4,2,35.7004,139.72645333333332,7,3,9999,0,5,0
1,30,435,37,2,0,1,30000,0,104,2022,3,15,14,11,12,5,52,17,48,1,1,1,1,7,9,22,0,0,14,9,30,70,4,2,1,75,1,3,61,1,0,1,0,1,0,0,0,10,0,10,0,3,0,2,0,2,0,4,2,35.709950000000006,139.72331027777778,3,3,911,0,9,0
1,30,435,38,2,0,1,30000,0,104,2022,3,24,18,41,21,5,39,17,56,1,1,1,1,7,9,22,0,0,15,9,30,70,4,2,1,45,65,3,61,1,0,1,0,1,0,0,0,2,0,20,0,3,0,2,0,2,0,4,2,35.69272194444444,139.72255166666667,5,3,9999,0,1,0
1,30,435,39,2,0,1,20000,0,104,2022,3,24,18,45,21,5,39,17,56,1,1,1,1,7,9,22,0,0,11,9,30,70,5,2,1,55,35,3,61,31,0,1,0,1,0,0,0,3,0,10,0,3,0,2,0,2,0,4,2,35.70146388888889,139.7400683333333,5,3,9999,0,9,0
1,30,435,40,2,0,1,10220,0,104,2022,3,29,8,55,12,5,32,18,0,2,1,1,14,7,0,0,0,0,2,9,1,70,5,2,1,45,35,3,61,31,0,1,0,1,0,0,0,10,0,40,0,4,0,2,0,2,0,4,2,35.70153861111111,139.7398211111111,3,3,9999,0,1,0
1,30,435,41,2,0,1,30280,0,104,2022,3,29,19,0,22,5,32,18,0,2,1,1,7,7,0,0,0,0,3,8,1,70,4,2,1,65,1,3,61,1,0,1,0,1,0,0,0,3,0,20,0,4,0,2,0,2,0,4,2,35.69542194444444,139.7364336111111,3,3,9999,0,9,0
1,30,435,43,2,0,1,10220,0,104,2022,3,28,15,55,12,5,34,17,59,1,1,1,7,7,0,0,0,0,2,9,1,70,5,2,1,75,55,3,61,31,0,1,0,1,0,11,0,5,0,40,0,3,0,2,0,2,0,4,2,35.70133166666667,139.7403786111111,2,3,56,0,9,0
1,30,436,39,1,1,0,30000,0,104,2022,3,16,0,19,22,5,51,17,49,1,1,1,1,7,9,22,0,0,11,9,30,70,5,4,1,45,45,3,61,1,0,1,0,1,0,11,0,5,0,10,0,3,0,2,0,2,0,4,1,35.69316305555555,139.68582305555557,4,3,9999,0,5,0
1,30,436,40,2,0,1,30000,0,104,2021,11,24,12,55,12,6,25,16,30,1,1,1,14,7,0,0,0,0,1,9,1,70,5,4,1,45,45,3,61,31,0,1,0,1,0,0,0,1,0,40,0,4,0,2,0,2,0,4,2,35.699661111111105,139.70292555555554,4,3,9999,0,9,0
1,30,436,41,2,0,1,30000,0,104,2022,3,1,9,45,12,6,11,17,36,1,1,1,7,7,0,0,0,0,3,9,1,70,4,3,1,35,65,3,61,31,0,1,0,1,0,0,0,2,0,40,0,4,0,2,0,2,0,4,2,35.69342722222222,139.70874666666666,3,3,9999,0,1,0
1,30,437,31,2,0,1,30000,0,104,2022,3,16,12,53,12,5,51,17,49,1,1,1,14,7,0,0,0,0,2,8,1,70,5,1,1,65,45,51,61,41,0,0,0,0,0,0,0,0,0,10,0,4,0,0,0,0,0,4,2,35.7176625,139.70264999999998,4,3,0,0,0,0
1,30,437,39,2,0,1,10250,0,104,2022,3,27,18,50,21,5,35,17,58,2,1,1,1,7,9,22,0,0,15,9,30,70,4,2,1,35,55,14,61,31,0,11,0,1,0,11,0,3,0,10,0,3,0,2,0,2,0,4,2,35.722545000000004,139.6834475,1,3,9999,0,5,0
1,30,437,41,2,0,1,30000,0,104,2022,3,31,13,0,12,5,29,18,2,1,1,1,14,7,0,0,0,0,2,8,1,70,5,4,1,35,75,14,61,1,0,11,0,1,0,0,0,10,0,30,0,4,0,2,0,2,0,4,2,35.71289666666667,139.70957277777777,5,3,9999,0,1,0
1,30,438,36,2,0,1,20000,0,104,2022,3,7,9,45,12,6,3,17,41,1,1,1,1,1,9,22,0,0,12,9,30,70,1,2,1,25,45,13,61,31,0,11,0,1,0,0,0,4,0,80,0,3,0,2,0,2,0,4,2,35.69107555555555,139.7069386111111,2,3,9999,0,1,0
1,30,438,39,2,0,1,20090,0,104,2022,3,10,15,2,12,5,59,17,44,1,1,1,1,1,9,22,0,0,13,9,30,70,1,1,1,65,65,3,61,31,0,1,0,1,0,0,0,4,0,80,0,3,0,2,0,2,0,4,2,35.68675805555555,139.72982861111112,5,3,9999,0,9,0
1,30,438,40,2,0,1,20000,0,104,2022,3,10,15,21,12,5,59,17,44,1,1,1,1,1,9,22,0,0,19,9,30,70,1,1,1,35,65,51,61,41,0,0,0,0,0,0,0,0,0,10,0,3,0,0,0,0,0,4,2,35.684147777777774,139.72907416666666,5,3,0,0,0,0
1,30,438,41,2,0,1,10050,0,104,2022,3,10,13,32,12,5,59,17,44,1,1,1,14,7,0,0,0,0,1,9,1,70,1,1,1,25,35,51,61,41,0,0,0,0,0,0,0,0,0,10,0,3,0,0,0,0,0,4,2,35.69130555555555,139.71127888888887,5,3,0,0,0,0
1,30,438,43,2,0,1,10120,0,104,2022,3,11,16,55,13,5,58,17,45,1,1,1,1,1,9,22,0,0,17,9,30,70,1,2,1,75,25,3,61,1,0,1,0,1,0,0,0,1,0,80,0,4,0,2,0,2,0,4,2,35.69302222222222,139.7240688888889,6,3,9999,0,9,0
1,30,438,46,2,0,1,95000,0,104,2022,3,17,9,8,12,5,49,17,50,1,1,1,14,7,0,0,0,0,2,9,20,70,5,3,1,65,1,3,61,31,0,1,0,1,0,0,0,2,0,10,0,4,0,2,0,2,0,4,2,35.687259999999995,139.7248313888889,5,3,9999,0,9,0
1,30,438,47,2,0,1,10120,0,104,2022,3,23,12,5,12,5,41,17,55,2,1,1,1,1,9,22,0,0,15,9,30,70,1,2,1,75,25,14,61,31,0,11,0,1,0,0,0,4,0,10,0,4,0,2,0,2,0,4,2,35.692837777777775,139.72405166666667,4,3,225,0,9,0
1,30,438,48,2,0,1,200,68,104,2022,3,23,14,30,12,5,41,17,55,2,1,1,1,1,1,21,0,0,17,9,30,70,1,1,1,65,25,3,61,31,0,1,0,2,0,11,0,10,0,80,0,3,0,2,0,2,0,4,2,35.68781833333333,139.71801250000001,4,3,9999,0,9,0
1,30,438,52,2,0,1,30000,0,104,2022,3,29,20,50,22,5,32,18,0,2,1,1,1,1,9,22,0,0,15,9,30,70,1,2,1,45,25,14,61,31,0,11,0,1,0,11,0,4,0,50,0,3,0,2,0,2,0,4,2,35.69290861111111,139.72391194444444,3,3,9999,0,9,0
1,30,438,54,2,0,1,10090,0,104,2022,3,30,18,58,21,5,31,18,1,1,1,1,1,7,9,22,0,0,19,9,30,70,1,1,1,65,65,3,61,1,0,1,0,1,0,0,0,4,0,40,0,4,0,2,0,2,0,4,2,35.68954722222222,139.70373583333333,4,3,9999,0,9,0
1,30,439,44,2,0,1,10240,0,114,2022,3,5,0,10,22,6,6,17,40,1,1,1,14,7,0,0,0,0,5,9,1,70,4,2,1,45,45,3,61,1,0,1,0,1,0,0,0,5,0,0,0,4,0,2,0,2,0,4,2,35.69753222222222,139.67136,7,3,9999,0,1,0
1,30,439,55,2,0,1,10240,0,114,2022,3,19,11,0,12,5,46,17,52,1,1,1,1,1,9,22,0,0,17,9,30,70,1,1,1,45,45,1,61,1,0,1,0,2,0,0,0,10,0,40,0,4,0,2,0,2,0,4,2,35.69660916666666,139.68451944444445,7,3,9999,0,9,0
1,30,440,40,2,0,1,30000,0,114,2022,1,12,15,10,12,6,51,16,48,1,1,1,7,7,0,0,0,0,2,7,1,70,4,3,1,75,35,3,61,31,0,1,0,1,0,0,0,2,0,80,0,4,0,2,0,2,0,4,2,35.71869388888889,139.6734013888889,4,3,58,0,9,0
1,30,440,42,2,0,1,30000,0,114,2022,3,20,16,10,12,5,45,17,53,2,1,1,1,7,9,22,0,0,11,9,30,70,5,4,1,65,1,3,61,31,0,1,0,1,0,0,0,10,0,10,0,3,0,2,0,2,0,4,2,35.72179138888889,139.6406988888889,1,2,9999,0,9,0
1,30,440,51,2,0,1,10220,0,114,2022,3,28,10,43,12,5,34,17,59,1,1,1,1,1,9,22,0,0,12,9,30,70,4,2,1,25,75,51,61,41,0,0,0,0,0,0,0,0,0,10,0,4,0,0,0,0,0,4,2,35.71001666666667,139.6666833333333,2,3,0,0,0,0
1,30,441,40,2,0,1,30000,0,115,2022,3,1,12,25,12,6,11,17,36,1,1,1,14,7,0,0,0,0,2,9,1,70,5,3,1,65,75,3,61,1,0,1,0,1,0,11,0,1,0,10,0,4,0,2,0,2,0,4,2,35.708465833333335,139.6497261111111,3,3,9999,0,9,0
1,30,441,43,2,0,1,10240,0,115,2022,3,7,20,55,22,6,3,17,41,1,1,1,1,7,9,22,0,0,13,9,30,70,4,1,1,25,75,4,61,31,0,1,0,1,0,11,0,10,0,10,0,3,0,2,0,2,0,4,2,35.69801861111111,139.65391555555556,2,3,9999,0,4,0
1,30,441,44,2,0,1,30000,0,115,2022,3,9,9,0,12,6,1,17,43,1,1,1,14,7,0,0,0,0,2,9,1,70,5,3,1,45,35,17,61,1,0,11,0,1,0,11,0,10,0,30,0,4,0,2,0,2,0,4,2,35.69174527777778,139.65314944444444,4,3,9999,0,1,0
1,30,441,52,2,0,1,99000,0,115,2022,3,4,11,20,12,6,7,17,39,1,1,1,0,7,0,0,0,0,0,0,20,70,0,4,1,65,45,3,61,31,0,1,0,1,0,0,0,10,0,30,0,3,0,2,0,2,0,4,2,35.689433611111106,139.66202944444444,6,3,9999,0,9,0
1,30,441,54,2,0,1,95000,0,115,2022,3,15,16,30,12,5,52,17,48,1,1,1,0,7,0,0,0,0,0,0,20,70,0,4,1,75,65,3,61,31,0,1,0,1,0,0,0,10,0,10,0,3,0,2,0,2,0,4,2,35.692546666666665,139.63942277777778,3,3,331,0,9,0
1,30,441,60,2,0,1,10240,0,115,2022,3,25,7,10,12,5,38,17,57,1,1,1,1,1,9,22,0,0,16,9,30,70,1,2,1,35,25,51,61,41,0,0,0,0,0,0,0,0,0,10,0,3,0,0,0,0,0,4,2,35.69783777777778,139.64623805555556,6,3,0,0,0,0
1,30,442,61,2,0,1,10200,0,115,2022,3,7,8,52,12,6,3,17,41,1,1,1,14,7,0,0,0,0,3,9,1,70,5,2,1,25,55,51,61,41,0,0,0,0,0,0,0,0,0,10,0,4,0,0,0,0,0,2,4,35.68792138888889,139.61592805555554,2,3,0,0,0,0
1,30,442,66,2,0,1,10130,0,115,2022,3,11,23,55,22,5,58,17,45,1,1,1,1,1,9,22,0,0,17,9,30,70,4,1,1,25,65,4,61,31,0,1,0,1,0,11,0,4,0,10,0,1,0,2,0,2,0,4,2,35.67330611111111,139.66025277777777,6,3,9999,0,1,0
1,30,442,73,2,0,1,30000,0,115,2022,3,19,16,50,12,5,46,17,52,3,1,3,14,7,0,0,0,0,2,9,1,70,5,2,1,35,55,51,61,41,0,0,0,0,0,0,0,0,0,0,0,3,0,0,0,0,0,2,4,35.683195,139.6353122222222,7,3,0,0,0,0
1,30,443,39,2,0,1,10240,0,115,2022,3,9,12,50,12,6,1,17,43,1,1,1,14,7,0,0,0,0,5,9,1,70,4,1,1,65,25,3,61,1,0,1,0,1,0,0,0,5,0,80,0,3,0,2,0,2,0,4,2,35.70521166666667,139.62231555555556,4,3,9999,0,9,0
1,30,443,41,2,0,1,10200,0,115,2022,3,15,12,35,12,5,52,17,48,1,1,1,1,1,9,22,0,0,16,9,30,70,4,3,1,65,45,17,61,1,0,11,0,2,0,0,0,2,0,10,0,3,0,2,0,2,0,4,2,35.70549472222223,139.61555805555554,3,3,9999,0,9,0
1,30,546,20,2,0,1,10010,0,105,2022,3,15,10,5,12,5,52,17,48,1,1,1,1,1,9,22,0,0,19,9,30,70,5,1,1,55,75,13,61,31,0,11,0,2,0,11,0,4,0,20,0,4,0,2,0,2,0,4,2,35.71020444444445,139.73168944444444,3,3,9999,0,9,0
1,30,547,20,2,0,1,10290,0,105,2022,3,6,19,7,22,6,5,17,41,1,1,1,1,1,9,22,0,0,19,9,30,70,4,2,1,55,55,3,61,31,0,1,0,1,0,0,0,1,0,10,0,3,0,2,0,2,0,4,2,35.70283472222223,139.7664675,1,3,9999,0,9,0
1,30,547,24,2,0,1,20000,0,105,2022,3,19,0,0,22,5,46,17,52,3,1,2,7,1,0,0,0,0,5,7,1,70,4,2,1,75,25,3,61,1,0,1,0,1,0,11,0,3,0,10,0,3,0,2,0,2,0,4,2,35.705334722222226,139.7549725,7,3,33,0,9,0
1,30,547,27,2,0,1,170,40,105,2022,3,14,19,47,22,5,54,17,48,1,1,1,14,1,0,0,0,0,3,9,1,70,4,2,1,55,55,51,61,41,0,0,0,0,0,0,0,0,0,40,0,4,0,0,0,0,0,4,2,35.714664722222224,139.75884916666666,2,3,0,0,0,0
1,30,549,23,2,0,1,30000,0,116,2022,3,9,21,9,22,6,1,17,43,1,1,1,14,7,0,0,0,0,4,9,1,70,5,2,1,1,55,51,61,41,0,0,0,0,0,0,0,0,0,0,0,4,0,0,0,0,0,4,2,35.731142222222225,139.7291425,4,3,0,0,0,0
1,30,549,30,2,0,1,30000,0,116,2022,3,23,19,30,22,5,41,17,55,2,1,1,14,7,0,0,0,0,4,8,1,70,4,2,1,65,55,3,61,1,0,1,0,1,0,0,0,10,0,20,0,3,0,2,0,2,0,4,2,35.732459444444444,139.73059083333334,4,3,9999,0,9,0
1,30,550,38,2,0,1,30000,0,116,2022,3,5,22,0,22,6,6,17,40,1,1,1,14,7,0,0,0,0,3,9,1,70,4,2,1,25,1,4,61,31,0,1,0,1,0,0,0,10,0,40,0,3,0,2,0,2,0,4,2,35.731678888888894,139.71074888888887,7,3,9999,0,1,0
1,30,550,43,2,0,1,30770,0,116,2022,3,18,12,50,12,5,48,17,51,3,1,2,1,7,1,21,0,0,12,9,30,70,1,1,1,35,35,17,61,1,0,11,0,2,0,0,0,10,0,40,0,4,0,2,0,2,0,4,2,35.73264527777778,139.7090461111111,6,3,9999,0,1,0
1,30,550,47,2,0,1,10090,0,116,2022,3,21,17,10,13,5,44,17,53,2,1,1,14,7,0,0,0,0,5,9,1,70,4,1,1,45,35,51,61,41,0,0,0,0,0,0,0,0,0,20,0,4,0,0,0,0,0,4,2,35.737719722222224,139.72123222222223,2,1,0,0,0,0
1,30,550,48,2,0,1,30000,0,116,2022,3,31,9,20,12,5,29,18,2,1,1,1,14,1,0,0,0,0,4,9,1,70,4,2,1,55,1,3,61,31,0,1,0,1,0,0,0,2,0,30,0,3,0,2,0,2,0,4,2,35.73452916666667,139.70964055555555,5,3,9999,0,9,0
1,30,551,42,2,0,1,10280,0,116,2022,3,7,17,5,13,6,3,17,41,1,1,1,1,1,9,22,0,0,16,9,30,70,1,2,1,55,35,3,61,31,0,1,0,1,0,0,0,4,0,40,0,4,0,2,0,2,0,4,2,35.715809166666666,139.70545305555555,2,3,9999,0,9,0
1,30,551,43,2,0,1,10010,0,116,2022,3,9,16,52,13,6,1,17,43,1,1,1,14,7,0,0,0,0,4,9,1,70,4,2,1,45,1,51,61,41,0,0,0,0,0,0,0,0,0,10,0,4,0,0,0,0,0,4,2,35.720532222222225,139.70931472222222,4,3,0,0,0,0
1,30,551,54,2,0,1,30000,0,116,2022,3,24,10,15,12,5,39,17,56,1,1,1,14,7,0,0,0,0,2,9,1,70,5,3,1,45,1,3,61,1,0,1,0,1,0,0,0,1,0,80,0,4,0,2,0,2,0,4,2,35.73466277777778,139.68045277777776,5,3,9999,0,9,0
1,30,551,61,2,0,1,10160,0,116,2022,3,31,21,25,22,5,29,18,2,3,1,2,1,7,9,22,0,0,16,9,30,70,1,2,1,65,65,3,61,1,0,1,0,1,0,0,0,5,0,10,0,4,0,2,0,2,0,4,2,35.73658611111111,139.70185833333332,5,3,9999,0,9,0
1,30,552,40,2,0,1,30000,0,117,2022,3,2,21,15,22,6,10,17,37,3,1,2,1,7,9,22,0,0,11,9,30,70,5,4,1,45,65,51,61,41,0,0,0,0,0,0,0,0,0,0,0,4,0,0,0,0,0,4,2,35.747075833333334,139.7404511111111,4,3,0,0,0,0
1,30,552,46,2,0,1,30000,0,117,2022,3,10,17,42,13,5,59,17,44,1,1,1,14,7,0,0,0,0,2,9,1,70,5,3,1,35,1,52,61,41,0,0,0,0,0,0,0,0,0,10,0,4,0,0,0,0,0,4,2,35.749029166666666,139.72685166666668,5,3,0,0,0,0
1,30,553,33,2,0,1,30000,0,117,2022,3,13,17,45,13,5,55,17,47,1,1,1,1,7,9,22,0,0,11,9,30,1,5,2,1,65,75,3,61,31,0,1,0,1,0,11,0,1,0,10,0,3,0,2,0,2,0,4,2,35.76504166666667,139.73137333333332,1,3,9999,0,9,0
1,30,553,34,2,0,1,10090,0,117,2022,3,14,1,25,22,5,54,17,48,1,1,1,1,1,9,22,0,0,15,9,30,70,1,1,1,45,25,13,61,31,0,11,0,1,0,0,0,4,0,15,0,3,0,2,0,2,0,4,2,35.75373111111111,139.74451527777777,2,3,9999,0,1,0
1,30,553,40,2,0,1,1220,0,117,2022,3,25,10,15,12,5,38,17,57,1,1,2,7,1,0,0,0,0,4,9,1,70,1,2,1,45,35,51,61,41,0,0,0,0,0,0,0,0,0,20,0,4,0,0,0,0,0,4,2,35.76600444444444,139.73566499999998,6,3,0,0,0,0
1,30,554,52,2,0,1,20000,0,117,2022,3,2,21,55,22,6,10,17,37,3,1,2,1,1,9,22,0,0,15,9,30,70,4,1,1,45,25,3,61,1,0,1,0,1,0,0,0,3,0,10,0,4,0,2,0,2,0,4,2,35.79168861111111,139.6924225,4,3,9999,0,9,0
1,30,554,57,2,0,1,30000,0,117,2022,3,9,9,30,12,6,1,17,43,1,1,1,1,7,9,22,0,0,14,9,30,70,4,1,1,55,1,3,61,1,0,1,0,1,0,0,0,3,0,80,0,3,0,2,0,2,0,4,2,35.78747583333333,139.70231777777778,4,3,9999,0,9,0
1,30,554,58,2,0,1,99000,0,117,2022,3,10,12,10,12,5,59,17,44,1,1,1,0,7,0,0,0,0,0,0,20,70,0,4,1,75,55,3,61,31,0,1,0,1,0,0,0,10,0,30,0,3,0,2,0,2,0,4,2,35.79078611111111,139.69447833333334,5,3,210,0,9,0
1,30,554,60,2,0,1,30000,0,117,2022,3,16,7,28,12,5,51,17,49,2,1,1,1,1,9,22,0,0,14,9,30,70,4,2,1,35,45,3,61,31,0,1,0,1,0,0,0,2,0,10,0,4,0,2,0,2,0,4,2,35.771215,139.713335,4,3,9999,0,1,0
1,30,554,69,2,0,1,30000,0,117,2022,3,20,12,50,12,5,45,17,53,1,1,1,1,1,9,22,0,0,15,9,30,70,4,2,1,65,45,3,61,31,0,1,0,1,0,0,0,10,0,15,0,3,0,2,0,2,0,4,2,35.77412472222222,139.70657583333332,1,2,9999,0,1,0
1,30,554,78,2,0,1,30000,0,117,2022,3,31,18,15,21,5,29,18,2,3,1,2,1,1,9,22,0,0,15,9,30,70,4,1,1,35,55,3,61,31,0,1,0,1,0,0,0,3,0,10,0,3,0,2,0,2,0,4,2,35.790525833333334,139.69761,5,3,9999,0,5,0
1,30,555,60,1,1,0,30000,0,119,2022,3,21,18,50,21,5,44,17,53,1,1,1,1,7,9,22,0,0,15,9,30,70,5,3,1,55,75,4,61,31,0,1,0,1,0,11,0,5,0,10,0,3,0,2,0,2,0,4,1,35.75364805555556,139.70224027777778,2,1,9999,0,9,0
1,30,555,78,2,0,1,2540,95,119,2022,3,6,18,10,21,6,5,17,41,1,1,1,1,1,9,22,0,0,18,9,30,70,1,2,1,45,1,3,61,31,0,1,0,1,0,11,0,5,0,10,0,3,0,2,0,1,0,4,2,35.758834722222225,139.68166444444444,1,3,9999,0,1,0
1,30,555,83,2,0,1,2540,89,119,2022,3,18,21,35,22,5,48,17,51,3,1,2,1,1,9,22,0,0,17,9,30,70,1,2,1,35,55,4,61,31,0,1,0,1,0,0,0,5,0,10,0,3,0,2,0,2,0,4,2,35.755984166666664,139.68666083333335,6,3,9999,0,1,0
1,30,555,92,2,0,1,30000,0,119,2022,3,22,10,15,12,5,42,17,54,2,1,2,14,7,0,0,0,0,1,9,1,70,5,3,1,55,65,3,61,31,0,1,0,1,0,11,0,2,0,80,0,4,0,2,0,2,0,4,2,35.75422805555556,139.6902311111111,3,3,9999,0,9,0
1,30,555,100,2,0,1,30760,0,119,2022,1,17,9,50,12,6,49,16,53,1,1,1,1,1,9,22,0,0,15,9,30,1,5,2,1,35,45,51,61,41,0,0,0,0,0,0,0,0,0,30,0,4,0,0,0,0,0,4,2,35.76432166666667,139.68231444444444,2,3,0,0,0,0
1,30,555,103,2,0,1,95000,0,119,2022,3,18,19,0,22,5,48,17,51,3,1,2,14,7,0,0,0,0,2,9,1,70,5,4,1,45,45,3,61,31,0,1,0,2,0,0,0,10,0,10,0,3,0,2,0,2,0,4,2,35.74312194444445,139.69713055555556,6,3,9999,0,1,0
1,30,555,104,2,0,1,95000,0,119,2022,3,18,20,45,22,5,48,17,51,3,1,2,1,7,9,22,0,0,15,9,30,70,4,1,1,55,25,3,61,1,0,1,0,1,0,0,0,2,0,10,0,3,0,2,0,2,0,4,2,35.74688472222223,139.72005583333333,6,3,9999,0,9,0
1,30,556,46,2,0,1,95000,0,119,2021,8,12,5,55,11,4,57,18,34,2,1,1,1,1,9,22,0,0,15,9,30,70,4,1,1,65,45,34,61,31,0,0,0,0,0,0,0,3,0,20,0,3,0,0,0,0,0,4,2,35.76988611111111,139.69090527777777,5,3,9999,0,9,0
1,30,556,47,2,0,1,30000,0,119,2022,3,1,8,24,12,6,11,17,36,1,1,1,13,7,0,0,0,0,2,3,1,70,5,3,1,75,55,3,61,31,0,1,0,1,0,0,0,2,0,80,0,3,0,2,0,2,0,4,2,35.76963333333333,139.6825161111111,3,3,1052,0,9,0
1,30,556,50,2,0,1,170,134,119,2022,3,2,11,43,12,6,10,17,37,2,1,1,1,1,9,22,0,0,18,9,30,70,4,1,1,1,75,36,61,31,0,0,0,0,0,0,0,2,0,40,0,3,0,0,0,0,0,4,2,35.77621,139.69497833333332,4,3,9999,0,1,0
1,30,556,52,2,0,1,170,137,119,2022,3,3,16,30,12,6,9,17,38,2,1,1,14,7,0,0,0,0,1,8,1,70,5,2,1,25,45,51,61,41,0,0,0,0,0,0,0,0,0,40,0,4,0,0,0,0,0,4,2,35.77782055555556,139.69315416666666,5,3,0,0,0,0
1,30,556,59,2,0,1,30000,0,119,2022,3,2,8,4,12,6,10,17,37,1,1,1,14,7,0,0,0,0,3,9,1,70,5,3,1,35,55,14,61,31,0,11,0,1,0,11,0,2,0,40,0,3,0,2,0,2,0,4,2,35.77941916666666,139.7031561111111,4,3,9999,0,1,0
1,30,556,64,2,0,1,30000,0,119,2022,3,17,12,49,12,5,49,17,50,1,1,1,14,7,0,0,0,0,1,9,1,70,5,3,1,45,55,14,61,1,0,11,0,1,0,0,0,10,0,40,0,3,0,2,0,2,0,4,2,35.76426444444444,139.6906088888889,5,3,9999,0,1,0