資料区分,都道府県コード,警察署等コード,本票番号,事故内容,死者数,負傷者数,路線コード,地点コード,市区町村コード,発生日時　　年,発生日時　　月,発生日時　　日,発生日時　　時,発生日時　　分,昼夜,日の出時刻　　時,日の出時刻　　分,日の入り時刻　　時,日の入り時刻　　分,天候,地形,路面状態,道路形状,信号機,一時停止規制　標識（当事者A）,一時停止規制　表示（当事者A）,一時停止規制　標識（当事者B）,一時停止規制　表示（当事者B）,車道幅員,道路線形,衝突地点,ゾーン規制,中央分離帯施設等,歩車道区分,事故類型,年齢（当事者A）,年齢（当事者B）,当事者種別（当事者A）,当事者種別（当事者B）,用途別（当事者A）,用途別（当事者B）,車両形状等（当事者A）,車両形状等（当事者B）,オートマチック車（当事者A）,オートマチック車（当事者B）,サポカー（当事者A）,サポカー（当事者B）,速度規制（指定のみ）（当事者A）,速度規制（指定のみ）（当事者B）,車両の衝突部位（当事者A）,車両の衝突部位（当事者B）,車両の損壊程度（当事者A）,車両の損壊程度（当事者B）,エアバッグの装備（当事者A）,エアバッグの装備（当事者B）,サイドエアバッグの装備（当事者A）,サイドエアバッグの装備（当事者B）,人身損傷程度（当事者A）,人身損傷程度（当事者B）,lat,lon,曜日(発生年月日),祝日(発生年月日),認知機能検査経過日数（当事者A）,認知機能検査経過日数（当事者B）,運転練習の方法（当事者A）,運転練習の方法（当事者B）
1,30,556,68,2,0,1,20480,0,119,2022,3,19,19,58,22,5,46,17,52,3,1,2,14,7,0,0,0,0,3,9,1,70,1,1,1,55,55,3,61,1,0,1,0,1,0,0,0,5,0,40,0,4,0,2,0,2,0,4,2,35.785555277777775,139.6758622222222,7,3,9999,0,9,0
1,30,556,76,2,0,1,30000,0,119,2022,3,21,18,15,21,5,44,17,53,1,1,1,1,7,9,22,0,0,12,9,30,70,1,2,1,55,35,3,61,1,0,1,0,1,0,0,0,5,0,40,0,3,0,2,0,2,0,4,2,35.76617944444445,139.7038883333333,2,1,9999,0,9,0
1,30,557,59,2,0,1,20430,0,120,2022,3,8,16,12,12,6,2,17,42,2,1,1,14,7,0,0,0,0,2,9,1,70,5,1,1,1,75,51,61,41,0,0,0,0,0,0,0,0,0,10,0,3,0,0,0,0,0,4,2,35.73736138888889,139.66935944444444,3,3,0,0,0,0
1,30,557,68,2,0,2,30000,0,120,2022,3,2,21,15,22,6,10,17,37,3,1,2,1,1,9,22,0,0,19,9,30,70,5,2,1,45,55,13,61,31,0,11,0,1,0,0,0,10,0,10,0,3,0,2,0,2,0,4,2,35.75819555555555,139.6533325,4,3,9999,0,1,0
1,30,557,71,2,0,1,30000,0,120,2022,3,22,9,46,12,5,42,17,54,3,1,2,1,1,9,22,0,0,15,9,30,70,4,3,1,55,55,3,61,31,0,1,0,1,0,0,0,2,0,10,0,4,0,2,0,2,0,4,2,35.75204138888889,139.6727061111111,3,3,9999,0,9,0
1,30,557,74,2,0,1,10200,0,120,2022,3,25,17,0,13,5,38,17,57,1,1,1,1,1,9,22,0,0,15,9,30,70,1,2,1,35,75,13,61,31,0,11,0,1,0,0,0,5,0,10,0,4,0,2,0,2,0,4,2,35.75816583333334,139.65314333333333,6,3,9999,0,1,0
1,30,558,49,2,0,1,10240,0,120,2022,3,15,17,10,13,5,52,17,48,1,1,1,1,7,1,21,0,0,13,9,30,70,5,3,1,45,1,3,61,31,0,1,0,1,0,0,0,2,0,10,0,4,0,2,0,2,0,4,2,35.722948055555555,139.56572611111113,3,3,9999,0,1,0
1,30,558,50,2,0,1,95000,0,120,2022,3,18,6,49,12,5,48,17,51,2,1,1,14,7,0,0,0,0,1,9,1,70,5,2,1,45,45,51,61,41,0,0,0,0,0,0,0,0,0,10,0,4,0,0,0,0,0,4,2,35.750103055555556,139.58603166666668,6,3,0,0,0,0
1,30,558,52,2,0,1,30000,0,120,2022,3,18,20,0,22,5,48,17,51,3,1,2,1,1,9,22,0,0,12,9,30,70,4,2,1,55,65,3,61,1,0,1,0,1,0,0,0,2,0,80,0,3,0,2,0,2,0,4,2,35.749854722222224,139.57310166666667,6,3,9999,0,9,0
1,30,558,55,2,0,1,30000,0,120,2022,3,24,16,30,12,5,39,17,56,1,1,1,1,1,9,22,0,0,14,9,30,70,4,2,1,75,1,3,61,31,0,1,0,1,0,0,0,5,0,10,0,3,0,2,0,2,0,4,2,35.773955,139.595055,5,3,143,0,9,0
1,30,558,60,2,0,1,30000,0,120,2022,3,29,20,10,22,5,32,18,0,2,1,1,1,7,1,21,0,0,11,9,30,70,5,2,1,65,55,3,61,1,0,1,0,1,0,0,0,2,0,60,0,3,0,2,0,2,0,4,2,35.74974638888889,139.58686555555556,3,3,9999,0,9,0
1,30,558,64,2,0,1,30380,0,120,2022,3,30,15,1,12,5,31,18,1,1,1,1,14,7,0,0,0,0,3,9,1,70,4,2,1,55,45,1,61,1,0,1,0,1,0,0,0,3,0,80,0,4,0,2,0,2,0,4,2,35.7702875,139.5868325,4,3,9999,0,9,0
1,30,559,40,2,0,1,95000,0,119,2022,3,4,18,20,21,6,7,17,39,1,1,1,7,7,0,0,0,0,3,9,20,70,4,2,1,45,1,3,61,31,0,1,0,1,0,0,0,2,0,10,0,3,0,2,0,2,0,4,2,35.77845194444444,139.63186416666667,6,3,9999,0,9,0
1,30,559,41,2,0,1,30000,0,119,2022,3,5,16,15,12,6,6,17,40,1,1,1,14,7,0,0,0,0,2,9,1,70,5,3,1,35,1,17,61,1,0,11,0,1,0,0,0,10,0,10,0,4,0,2,0,2,0,4,2,35.77871916666667,139.62986944444444,7,3,9999,0,5,0
1,30,559,46,2,0,1,90000,0,119,2022,3,10,15,30,12,5,59,17,44,1,1,1,14,7,0,0,0,0,1,9,1,70,5,4,1,55,25,3,61,31,0,1,0,1,0,0,0,10,0,20,0,4,0,2,0,2,0,4,2,35.78776138888889,139.661135,5,3,9999,0,9,0
1,30,559,57,2,0,1,30000,0,119,2022,3,30,17,45,13,5,31,18,1,1,1,1,1,7,8,22,0,0,11,9,30,70,5,3,1,55,45,3,61,31,0,1,0,1,0,0,0,10,0,10,0,3,0,2,0,2,0,4,2,35.78303416666667,139.6721538888889,4,3,9999,0,9,0
1,30,559,58,2,0,1,30000,0,119,2022,3,27,17,25,13,5,35,17,58,2,1,1,14,7,0,0,0,0,3,9,1,70,5,4,1,1,25,34,61,31,0,0,0,0,0,0,0,1,0,10,0,3,0,0,0,0,0,4,2,35.777724722222224,139.63057305555557,1,3,9999,0,1,0
1,30,560,56,2,0,1,30000,0,120,2022,3,8,17,20,13,6,2,17,42,2,1,1,1,7,1,21,0,0,15,9,30,70,1,1,1,25,75,3,61,31,0,1,0,1,0,0,0,10,0,10,0,3,0,2,0,2,0,4,2,35.76708305555555,139.6680575,3,3,9999,0,1,0
1,30,560,70,2,0,1,20510,0,120,2022,3,25,12,8,12,5,38,17,57,1,1,1,7,1,0,0,0,0,5,9,1,70,1,2,1,55,75,14,61,31,0,11,0,1,0,0,0,2,0,10,0,4,0,2,0,2,0,4,2,35.75120027777778,139.6191488888889,6,3,9999,0,5,0
1,30,560,82,2,0,1,30000,0,120,2022,3,18,18,30,21,5,48,17,51,3,1,2,1,7,9,22,0,0,14,9,30,70,5,2,1,45,45,3,61,31,0,1,0,1,0,0,0,2,0,10,0,3,0,2,0,2,0,4,2,35.73365833333333,139.62601222222224,6,3,9999,0,1,0
1,30,660,25,2,0,1,30000,0,106,2022,3,14,14,33,12,5,54,17,48,1,1,1,1,1,9,22,0,0,11,9,30,1,4,2,1,45,1,13,61,31,0,11,0,1,0,0,0,2,0,10,0,3,0,2,0,2,0,4,2,35.70397638888889,139.77961333333334,2,3,9999,0,9,0
1,30,660,29,2,0,1,20390,0,106,2022,3,21,21,20,22,5,44,17,53,1,1,1,7,7,0,0,0,0,5,9,1,70,4,2,1,75,25,3,61,1,0,1,0,1,0,0,0,3,0,40,0,4,0,2,0,2,0,4,2,35.707837222222224,139.77529083333334,2,1,28,0,9,0
1,30,660,30,2,0,1,30000,0,106,2022,3,22,12,50,12,5,42,17,54,3,1,2,14,7,0,0,0,0,1,9,1,70,5,2,1,75,65,3,61,31,0,1,0,1,0,0,0,2,0,10,0,4,0,2,0,2,0,4,2,35.70625527777778,139.77437583333335,3,3,34,0,9,0
1,30,660,34,2,0,1,30000,0,106,2022,2,22,12,0,12,6,20,17,30,1,1,1,14,7,0,0,0,0,2,9,1,70,5,4,1,35,45,13,61,31,0,11,0,1,0,0,0,10,0,10,0,3,0,2,0,2,0,4,2,35.708576944444445,139.77475444444445,3,2,9999,0,4,0
1,30,663,31,2,0,1,20530,0,106,2022,3,1,20,8,22,6,11,17,36,1,1,1,7,7,0,0,0,0,6,9,1,70,1,2,1,25,55,3,61,31,0,1,0,1,0,11,0,4,0,10,0,3,0,2,0,2,0,4,2,35.709762222222224,139.7907525,3,3,9999,0,1,0
1,30,663,42,2,0,1,10290,0,106,2022,3,18,16,53,13,5,48,17,51,3,1,2,1,1,1,22,0,0,19,9,30,70,4,2,1,65,35,13,61,31,0,11,0,1,0,0,0,3,0,10,0,4,0,2,0,2,0,4,2,35.70174194444445,139.78780083333334,6,3,9999,0,9,0
1,30,663,43,2,0,1,30000,0,106,2022,3,21,13,8,12,5,44,17,53,1,1,1,7,7,0,0,0,0,3,9,1,1,5,2,1,25,75,51,61,41,0,0,0,0,0,0,0,0,0,10,0,3,0,0,0,0,0,4,2,35.70981666666667,139.78675305555555,2,1,0,0,0,0
1,30,663,45,2,0,1,30000,0,106,2022,3,31,22,40,22,5,29,18,2,3,1,2,1,7,1,21,0,0,15,9,30,70,5,3,1,55,35,3,61,1,0,1,0,1,0,0,0,2,0,10,0,3,0,2,0,2,0,4,2,35.70533972222223,139.78551444444443,5,3,9999,0,9,0
1,30,664,21,2,0,1,30000,0,118,2022,3,15,19,0,22,5,52,17,48,1,1,1,14,7,0,0,0,0,2,9,1,70,5,3,1,75,75,51,61,41,0,0,0,0,0,0,0,0,0,10,0,3,0,0,0,0,0,4,2,35.746409444444446,139.7650361111111,3,3,0,0,0,0
1,30,664,23,2,0,1,10340,0,118,2022,3,17,18,38,21,5,49,17,50,2,1,1,14,7,0,0,0,0,4,9,1,70,4,1,1,55,75,35,61,31,0,0,0,0,0,0,0,3,0,10,0,3,0,0,0,0,0,4,2,35.75119055555555,139.7862722222222,5,3,9999,0,9,0
1,30,665,30,2,0,1,40,66,118,2022,3,11,18,0,21,5,58,17,45,1,1,1,14,7,0,0,0,0,1,9,1,70,5,2,1,25,65,51,61,41,0,0,0,0,0,0,0,0,0,10,0,3,0,0,0,0,0,4,2,35.73603333333333,139.7957338888889,6,3,0,0,0,0
1,30,665,31,2,0,1,40,58,118,2022,3,12,18,22,21,5,56,17,46,1,1,1,14,7,0,0,0,0,2,9,1,70,5,2,1,25,55,51,61,41,0,0,0,0,0,0,0,0,0,40,0,3,0,0,0,0,0,4,2,35.731055000000005,139.79229138888888,7,3,0,0,0,0
1,30,666,27,2,0,1,30000,0,118,2022,3,13,15,45,12,5,55,17,47,1,1,1,14,7,0,0,0,0,3,9,1,70,4,1,1,65,75,51,61,41,0,0,0,0,0,0,0,0,0,10,0,3,0,0,0,0,0,4,2,35.728634444444445,139.77504444444446,1,3,0,0,0,0
1,30,666,29,2,0,1,30000,0,118,2022,3,18,18,27,21,5,48,17,51,3,1,2,1,1,9,22,0,0,14,6,30,70,1,1,1,55,35,3,61,31,0,1,0,1,0,11,0,3,0,10,0,3,0,2,0,2,0,4,2,35.734790277777776,139.7850547222222,6,3,9999,0,9,0
1,30,668,78,2,0,1,30000,0,121,2022,2,21,15,10,12,6,21,17,29,1,1,1,1,1,9,22,0,0,16,3,30,70,4,2,1,65,75,17,61,1,0,11,0,1,0,0,0,3,0,10,0,3,0,2,0,2,0,4,2,35.77527583333333,139.756785,2,3,9999,0,9,0
1,30,668,86,2,0,2,95000,0,121,2022,3,11,19,40,22,5,58,17,45,1,1,1,14,7,0,0,0,0,3,9,1,70,5,4,1,55,55,51,61,41,0,0,0,0,0,0,0,0,0,10,0,3,0,0,0,0,0,4,2,35.76907972222222,139.75366722222222,6,3,0,0,0,0
1,30,668,100,2,0,1,30000,0,121,2022,3,20,12,40,12,5,45,17,53,1,1,1,14,7,0,0,0,0,1,9,1,70,5,4,1,75,75,14,61,31,0,11,0,1,0,0,0,5,0,80,0,4,0,2,0,2,0,4,2,35.77600916666667,139.7841475,1,2,388,0,9,0
1,30,668,101,2,0,1,10130,0,121,2022,3,21,20,10,22,5,44,17,53,1,1,1,1,1,9,22,0,0,19,9,30,70,1,1,1,55,35,3,61,31,0,1,0,1,0,0,0,2,0,50,0,3,0,2,0,2,0,4,2,35.77801916666667,139.78205444444447,2,1,9999,0,9,0
1,30,668,103,2,0,1,30000,0,121,2022,3,23,18,35,21,5,41,17,55,1,1,1,14,7,0,0,0,0,2,9,1,70,5,3,1,65,75,36,61,31,0,0,0,0,0,0,0,2,0,10,0,3,0,0,0,0,0,4,2,35.76226833333333,139.78156305555558,4,3,9999,0,9,0
1,30,668,105,2,0,1,99000,0,121,2022,3,25,18,27,21,5,38,17,57,1,1,1,0,7,0,0,0,0,0,0,20,70,0,4,1,25,65,4,61,31,0,1,0,1,0,0,0,10,0,30,0,3,0,2,0,2,0,4,2,35.78671722222222,139.78576361111112,6,3,9999,0,1,0
1,30,668,107,2,0,1,30000,0,121,2022,3,27,16,0,12,5,35,17,58,2,1,1,1,7,9,22,0,0,11,9,30,70,5,4,1,35,55,3,61,31,0,1,0,1,0,0,0,5,0,40,0,4,0,2,0,2,0,4,2,35.775683888888885,139.79511166666666,1,3,9999,0,5,0
1,30,668,111,2,0,1,30000,0,121,2022,2,18,20,37,22,6,25,17,26,1,1,1,1,7,9,22,0,0,11,9,30,70,5,2,1,1,55,14,61,31,0,11,0,1,0,0,0,2,0,10,0,4,0,2,0,2,0,4,2,35.7888775,139.7708138888889,6,3,9999,0,1,0
1,30,669,120,2,0,1,30000,0,121,2022,2,13,19,0,22,6,30,17,21,3,1,2,1,1,8,22,0,0,11,9,30,70,4,3,1,35,45,3,61,31,0,1,0,1,0,0,0,10,0,10,0,4,0,2,0,2,0,4,2,35.76095,139.82794805555554,1,3,9999,0,4,0
1,30,669,125,2,0,1,30000,0,121,2022,3,18,21,5,22,5,48,17,51,3,1,2,1,7,1,21,0,0,15,9,30,70,5,2,1,75,25,13,61,31,0,11,0,1,0,0,0,3,0,10,0,3,0,2,0,2,0,4,2,35.76698277777778,139.8242286111111,6,3,193,0,9,0
1,30,669,126,2,0,1,30000,0,121,2022,3,18,21,40,22,5,48,17,51,3,1,2,14,7,0,0,0,0,2,9,1,70,5,3,1,25,45,51,61,41,0,0,0,0,0,0,0,0,0,10,0,4,0,0,0,0,0,4,2,35.77259472222222,139.84428027777778,6,3,0,0,0,0
1,30,669,129,2,0,1,10360,0,121,2022,3,22,6,55,12,5,42,17,54,3,1,2,1,7,9,22,0,0,18,9,30,70,1,1,1,65,55,13,61,31,0,11,0,1,0,11,0,3,0,10,0,3,0,2,0,2,0,4,2,35.77878694444444,139.83037416666667,3,3,9999,0,9,0
1,30,670,58,2,0,1,30000,0,121,2021,12,31,15,27,12,6,50,16,38,1,1,1,7,7,0,0,0,0,1,9,1,70,5,2,1,1,65,51,61,41,0,0,0,0,0,0,0,0,0,10,0,4,0,0,0,0,0,4,2,35.80553388888889,139.79085305555554,6,2,0,0,0,0
1,30,670,59,2,0,1,30000,0,121,2022,2,17,17,5,13,6,26,17,25,1,1,1,7,7,0,0,0,0,1,9,1,70,5,3,1,45,1,14,61,31,0,11,0,1,0,0,0,2,0,10,0,3,0,2,0,2,0,4,2,35.79085527777777,139.80970416666668,5,3,9999,0,9,0
1,30,670,72,2,0,1,30000,0,121,2022,3,11,7,1,12,5,58,17,45,1,1,1,7,8,0,0,0,0,2,9,1,70,5,3,1,35,55,4,61,31,0,1,0,1,0,0,0,2,0,40,0,4,0,2,0,2,0,4,2,35.81164722222222,139.76899833333334,6,3,9999,0,5,0
1,30,670,80,2,0,1,30000,0,121,2022,3,2,18,5,21,6,10,17,37,1,1,1,14,7,0,0,0,0,3,9,1,70,4,2,1,65,55,4,61,31,0,1,0,1,0,0,0,1,0,40,0,4,0,2,0,2,0,4,2,35.805457222222216,139.7632086111111,4,3,9999,0,9,0
1,30,771,78,2,0,1,30000,0,108,2022,3,1,14,40,12,6,11,17,36,2,1,1,14,7,0,0,0,0,2,9,1,70,4,2,1,65,1,36,61,31,0,0,0,0,0,0,0,10,0,40,0,3,0,0,0,0,0,4,2,35.69038638888888,139.81293416666668,3,3,9999,0,9,0
1,30,771,87,2,0,1,30000,0,108,2022,3,9,16,30,12,6,1,17,43,1,1,1,14,7,0,0,0,0,1,9,1,70,4,2,1,45,1,51,61,41,0,0,0,0,0,0,0,0,0,10,0,3,0,0,0,0,0,2,4,35.68893138888888,139.79246,4,3,0,0,0,0
1,30,771,90,2,0,1,30000,0,108,2022,3,8,8,53,12,6,2,17,42,3,1,2,14,7,0,0,0,0,2,9,1,70,5,3,1,55,45,17,61,1,0,11,0,2,0,0,0,5,0,80,0,3,0,2,0,2,0,4,2,35.671461666666666,139.80077472222223,3,3,9999,0,9,0
1,30,771,105,2,0,1,30000,0,108,2022,3,24,0,5,22,5,39,17,56,3,1,2,1,1,9,22,0,0,15,8,30,70,4,2,1,55,25,36,61,31,0,0,0,0,0,0,0,10,0,10,0,3,0,0,0,0,0,4,2,35.67715611111111,139.80031000000002,5,3,9999,0,9,0
1,30,771,117,2,0,1,10370,0,108,2022,3,30,15,34,12,5,31,18,1,1,1,1,14,7,0,0,0,0,5,9,1,70,1,2,1,1,1,51,61,41,0,0,0,0,0,0,0,0,0,40,0,4,0,0,0,0,0,4,2,35.667248888888885,139.80500500000002,4,3,0,0,0,0
1,30,771,119,2,0,1,20540,0,108,2022,3,27,13,0,12,5,35,17,58,1,1,1,1,1,9,22,0,0,18,9,30,70,4,2,1,25,45,51,61,41,0,0,0,0,0,0,0,0,0,10,0,3,0,0,0,0,0,4,2,35.68187333333333,139.7946697222222,1,3,0,0,0,0
1,30,772,95,2,0,1,30000,0,108,2022,3,14,18,0,21,5,54,17,48,1,1,1,1,7,9,22,0,0,18,9,30,70,5,4,1,55,1,14,61,1,0,11,0,1,0,0,0,1,0,10,0,3,0,2,0,2,0,4,2,35.69184527777777,139.82701472222223,2,3,9999,0,9,0
1,30,772,100,2,0,1,20650,0,108,2022,3,19,20,30,22,5,46,17,52,3,1,2,1,1,9,22,0,0,19,9,30,70,1,1,1,45,75,4,61,31,0,1,0,1,0,0,0,3,0,20,0,3,0,2,0,2,0,4,2,35.69068194444444,139.8446477777778,7,3,9999,0,4,0
1,30,772,101,2,0,1,10350,0,108,2022,3,13,9,40,12,5,55,17,47,2,1,1,14,7,0,0,0,0,5,9,1,70,4,1,1,45,65,51,61,41,0,0,0,0,0,0,0,0,0,10,0,4,0,0,0,0,0,4,2,35.67287222222222,139.83497944444446,1,3,0,0,0,0
1,30,773,55,2,0,1,30000,0,107,2022,3,7,12,0,12,6,3,17,41,1,1,1,1,1,9,22,0,0,15,9,30,70,5,3,1,45,1,3,61,1,0,1,0,1,0,11,0,5,0,10,0,3,0,2,0,2,0,4,2,35.69313694444444,139.80059722222222,2,3,9999,0,9,0
1,30,773,57,2,0,1,30000,0,107,2022,3,11,19,45,22,5,58,17,45,1,1,1,1,7,9,22,0,0,14,9,30,70,5,2,1,75,65,13,61,31,0,11,0,1,0,0,0,2,0,80,0,4,0,2,0,2,0,4,2,35.703604444444444,139.81459361111112,6,3,171,0,9,0
1,30,773,64,2,0,1,20680,0,107,2022,3,16,12,50,12,5,51,17,49,1,1,1,1,1,9,22,0,0,16,9,30,70,1,2,1,75,75,3,61,31,0,1,0,1,0,0,0,1,0,20,0,3,0,2,0,2,0,4,2,35.698566666666665,139.79731333333334,4,3,329,0,9,0
1,30,773,72,2,0,1,30000,0,107,2022,3,23,21,10,22,5,41,17,55,3,1,2,14,7,0,0,0,0,2,9,1,70,5,2,1,35,1,3,61,31,0,1,0,1,0,0,0,2,0,10,0,3,0,2,0,2,0,4,2,35.703428055555555,139.80095861111113,4,3,9999,0,5,0
1,30,773,75,2,0,1,10290,0,107,2022,3,26,21,18,22,5,36,17,58,3,1,2,1,1,9,22,0,0,19,9,30,70,1,2,1,55,35,3,61,1,0,1,0,1,0,11,0,4,0,10,0,3,0,2,0,2,0,4,2,35.70124305555556,139.81484333333336,7,3,9999,0,9,0
1,30,774,35,2,0,1,60,75,107,2022,3,3,10,5,12,6,9,17,38,1,1,1,1,1,9,22,0,0,18,9,30,70,4,2,1,1,45,3,61,31,0,1,0,1,0,0,0,10,0,80,0,3,0,2,0,2,0,4,2,35.72874222222222,139.8250875,5,3,9999,0,1,0
1,30,774,40,2,0,1,30000,0,107,2022,3,4,16,0,12,6,7,17,39,2,1,1,1,1,8,22,0,0,15,9,30,70,4,1,1,55,75,3,61,31,0,1,0,1,0,0,0,4,0,10,0,3,0,2,0,2,0,4,2,35.71502416666667,139.83260694444445,6,3,9999,0,9,0
1,30,774,43,2,0,2,95000,0,107,2022,3,16,8,35,12,5,51,17,49,1,1,1,14,7,0,0,0,0,3,9,1,70,5,4,1,45,75,51,61,41,0,0,0,0,0,0,0,0,0,10,0,3,0,0,0,0,0,2,2,35.72550416666667,139.8325625,4,3,0,0,0,0
1,30,775,55,2,0,1,30000,0,122,2022,3,7,11,30,12,6,3,17,41,1,1,1,14,7,0,0,0,0,2,9,1,70,5,2,1,45,75,51,61,41,0,0,0,0,0,0,0,0,0,10,0,3,0,0,0,0,0,4,2,35.74652416666667,139.8545722222222,2,3,0,0,0,0
1,30,775,57,2,0,1,30000,0,122,2022,3,11,4,38,22,5,58,17,45,1,1,1,1,1,9,22,0,0,15,9,30,70,4,1,1,35,45,17,61,31,0,11,0,1,0,0,0,2,0,10,0,3,0,2,0,2,0,4,2,35.753478333333334,139.8458313888889,6,3,9999,0,5,0
1,30,775,66,2,0,1,30000,0,122,2022,3,26,9,35,12,5,36,17,58,2,1,1,1,7,9,22,0,0,11,9,30,70,5,4,1,45,1,14,61,1,0,11,0,1,0,0,0,10,0,10,0,3,0,2,0,2,0,4,2,35.76359027777778,139.850045,7,3,9999,0,5,0
1,30,775,73,2,0,1,30000,0,122,2022,3,31,19,35,22,5,29,18,2,3,1,2,1,7,1,21,0,0,15,9,30,70,5,2,1,65,65,3,61,1,0,1,0,1,0,0,0,5,0,10,0,1,0,2,0,2,0,4,2,35.74868472222222,139.83433805555558,5,3,9999,0,9,0
1,30,775,75,2,0,1,10700,0,122,2022,2,21,16,30,13,6,21,17,29,1,1,1,14,7,0,0,0,0,3,9,1,70,4,2,1,1,45,3,61,31,0,1,0,1,0,0,0,2,0,10,0,3,0,2,0,2,0,4,2,35.78976722222222,139.86310583333332,2,3,9999,0,1,0
1,30,776,82,2,0,1,30000,0,122,2022,3,19,17,40,13,5,46,17,52,3,1,2,14,7,0,0,0,0,1,9,1,70,5,3,1,55,45,35,61,31,0,0,0,0,0,0,0,10,0,10,0,3,0,0,0,0,0,4,2,35.73026111111111,139.83872833333334,7,3,9999,0,9,0
1,30,776,92,2,0,1,30000,0,122,2022,1,6,18,15,22,6,51,16,43,5,1,4,14,7,0,0,0,0,2,9,1,70,5,3,1,75,45,3,61,31,0,1,0,1,0,11,0,5,0,40,0,3,0,2,0,2,0,4,2,35.7284425,139.8673366666667,5,3,281,0,9,0
1,30,776,93,2,0,1,30000,0,122,2022,3,25,9,35,12,5,38,17,57,1,1,1,14,7,0,0,0,0,2,9,1,70,5,2,1,75,55,3,61,31,0,1,0,1,0,0,0,1,0,40,0,3,0,2,0,2,0,4,4,35.74879083333333,139.86901972222222,6,3,939,0,9,0
1,30,777,129,1,1,0,140,0,123,2022,3,29,21,33,22,5,32,18,0,2,1,1,14,7,0,0,0,0,5,9,1,70,1,2,1,35,65,4,61,31,0,1,0,1,0,11,0,5,0,10,0,2,0,2,0,2,0,4,1,35.7017025,139.89649777777777,3,3,9999,0,1,0
1,30,777,146,2,0,1,30000,0,123,2022,3,13,12,0,12,5,55,17,47,1,1,1,1,7,9,22,0,0,11,9,30,70,5,4,1,35,1,35,61,31,0,0,0,0,0,0,0,5,0,40,0,3,0,0,0,0,0,4,2,35.700044444444444,139.86155083333333,1,3,9999,0,5,0
1,30,777,147,2,0,1,30000,0,123,2022,3,14,17,5,13,5,54,17,48,1,1,1,1,7,9,22,0,0,15,9,30,70,4,2,1,35,25,14,61,31,0,11,0,1,0,11,0,2,0,50,0,3,0,2,0,2,0,4,2,35.69006722222222,139.8991786111111,2,3,9999,0,1,0
1,30,777,151,2,0,1,30000,0,123,2022,3,17,6,43,11,5,49,17,50,1,1,1,14,7,0,0,0,0,2,9,1,70,5,1,1,45,65,14,61,31,0,11,0,1,0,0,0,2,0,10,0,3,0,2,0,2,0,4,2,35.71083777777778,139.8468738888889,5,3,9999,0,1,0
1,30,777,157,2,0,1,30000,0,123,2022,3,18,19,15,22,5,48,17,51,3,1,2,1,7,9,22,0,0,11,9,30,70,4,2,1,45,55,34,61,31,0,0,0,0,0,0,0,2,0,10,0,3,0,0,0,0,0,4,2,35.70188805555556,139.87824083333334,6,3,9999,0,5,0
1,30,777,169,2,0,1,10400,0,123,2022,3,25,20,10,22,5,38,17,57,1,1,1,1,1,9,22,0,0,15,9,30,70,4,2,1,1,35,51,61,41,0,0,0,0,0,0,0,0,0,10,0,3,0,0,0,0,0,4,2,35.71221083333334,139.86441055555554,6,3,0,0,0,0
1,30,777,170,2,0,1,10380,0,123,2022,3,26,19,0,22,5,36,17,58,2,1,2,1,1,9,22,0,0,15,9,30,70,4,2,1,35,25,51,61,41,0,0,0,0,0,0,0,0,0,40,0,4,0,0,0,0,0,4,2,35.69443861111111,139.90159916666667,7,3,0,0,0,0
1,30,777,179,2,0,1,30520,0,123,2022,3,31,20,55,22,5,29,18,2,3,1,2,14,7,0,0,0,0,3,9,1,70,4,2,1,1,75,34,61,31,0,0,0,0,0,0,0,3,0,10,0,3,0,0,0,0,0,4,2,35.68696194444444,139.883175,5,3,9999,0,1,0
1,30,778,51,2,0,1,30530,0,123,2022,3,12,9,3,12,5,56,17,46,1,1,1,1,1,9,22,0,0,11,9,30,70,4,2,1,65,1,4,61,31,0,1,0,1,0,0,0,3,0,10,0,3,0,2,0,2,0,4,2,35.709360000000004,139.9021138888889,7,3,9999,0,9,0
1,30,778,54,2,0,1,30000,0,123,2022,3,13,19,7,22,5,55,17,47,1,1,1,1,7,9,22,0,0,12,9,30,70,5,2,1,25,65,36,61,31,0,0,0,0,0,0,0,2,0,10,0,3,0,0,0,0,0,4,2,35.71564166666667,139.8704975,1,3,9999,0,1,0
1,30,778,55,2,0,1,30000,0,123,2022,3,16,18,50,22,5,51,17,49,2,1,1,14,7,0,0,0,0,2,9,1,70,4,2,1,45,0,61,0,0,0,0,0,0,0,0,0,0,0,0,0,0,0,0,0,0,0,2,0,35.728048055555554,139.88616055555553,4,3,0,0,0,0
1,30,778,59,2,0,1,30000,0,123,2022,3,27,15,10,12,5,35,17,58,2,1,5,1,7,9,22,0,0,11,9,30,70,5,4,1,1,75,51,61,41,0,0,0,0,0,0,0,0,0,10,0,4,0,0,0,0,0,4,2,35.72914222222222,139.88319,1,3,0,0,0,0
1,30,778,62,2,0,1,30000,0,123,2022,3,17,22,10,22,5,49,17,50,3,1,2,1,1,9,22,0,0,15,9,30,70,4,2,1,45,75,3,61,31,0,1,0,1,0,11,0,2,0,43,0,3,0,2,0,2,0,4,2,35.733202500000004,139.88349555555556,5,3,9999,0,9,0
1,30,778,64,2,0,1,30000,0,123,2022,3,11,12,18,12,5,58,17,45,1,1,1,1,1,9,22,0,0,16,9,30,70,5,2,1,55,1,3,61,31,0,1,0,1,0,0,0,10,0,40,0,3,0,2,0,2,0,4,2,35.735441944444446,139.8825486111111,6,3,9999,0,9,0