資料区分,都道府県コード,警察署等コード,本票番号,事故内容,死者数,負傷者数,路線コード,地点コード,市区町村コード,発生日時　　年,発生日時　　月,発生日時　　日,発生日時　　時,発生日時　　分,昼夜,日の出時刻　　時,日の出時刻　　分,日の入り時刻　　時,日の入り時刻　　分,天候,地形,路面状態,道路形状,信号機,一時停止規制　標識（当事者A）,一時停止規制　表示（当事者A）,一時停止規制　標識（当事者B）,一時停止規制　表示（当事者B）,車道幅員,道路線形,衝突地点,ゾーン規制,中央分離帯施設等,歩車道区分,事故類型,年齢（当事者A）,年齢（当事者B）,当事者種別（当事者A）,当事者種別（当事者B）,用途別（当事者A）,用途別（当事者B）,車両形状等（当事者A）,車両形状等（当事者B）,オートマチック車（当事者A）,オートマチック車（当事者B）,サポカー（当事者A）,サポカー（当事者B）,速度規制（指定のみ）（当事者A）,速度規制（指定のみ）（当事者B）,車両の衝突部位（当事者A）,車両の衝突部位（当事者B）,車両の損壊程度（当事者A）,車両の損壊程度（当事者B）,エアバッグの装備（当事者A）,エアバッグの装備（当事者B）,サイドエアバッグの装備（当事者A）,サイドエアバッグの装備（当事者B）,人身損傷程度（当事者A）,人身損傷程度（当事者B）,lat,lon,曜日(発生年月日),祝日(発生年月日),認知機能検査経過日数（当事者A）,認知機能検査経過日数（当事者B）,運転練習の方法（当事者A）,運転練習の方法（当事者B）
1,30,778,65,2,0,1,30000,0,123,2022,3,21,18,42,21,5,44,17,53,1,1,1,1,7,9,22,0,0,12,9,30,70,5,2,1,45,55,3,61,31,0,1,0,1,0,0,0,2,0,40,0,4,0,2,0,2,0,4,2,35.734028333333335,139.89148972222222,2,1,9999,0,1,0
1,30,779,39,2,0,1,30000,0,123,2022,3,2,18,59,22,6,10,17,37,1,1,1,14,7,0,0,0,0,2,9,1,70,5,2,1,1,65,3,61,31,0,1,0,1,0,0,0,2,0,30,0,3,0,2,0,2,0,4,2,35.66410722222222,139.87244083333334,4,3,9999,0,1,0
1,30,779,46,2,0,1,10350,0,123,2022,3,19,18,44,21,5,46,17,52,3,1,2,1,1,9,22,0,0,19,9,30,70,1,1,1,45,25,3,61,31,0,1,0,1,0,0,0,4,0,10,0,3,0,2,0,2,0,4,2,35.66764861111111,139.8737436111111,7,3,9999,0,1,0
1,30,779,52,2,0,1,30000,0,123,2022,3,28,12,10,12,5,34,17,59,1,1,1,1,1,9,22,0,0,12,9,30,70,5,2,1,1,55,51,61,41,0,0,0,0,0,0,0,0,0,10,0,3,0,0,0,0,0,4,2,35.65311222222222,139.88053666666667,2,3,0,0,0,0
1,30,876,67,2,0,1,99000,0,201,2021,10,19,11,50,12,5,51,17,1,2,2,1,0,7,0,0,0,0,0,0,20,70,0,4,1,55,55,4,61,31,0,1,0,1,0,0,0,10,0,20,0,3,0,2,0,2,0,4,2,35.62907555555556,139.32087694444445,3,3,9999,0,9,0
1,30,876,72,2,0,1,30000,0,201,2022,3,3,19,0,22,6,9,17,38,1,1,1,1,1,9,22,0,0,16,9,30,70,5,1,1,55,45,3,61,31,0,1,0,1,0,0,0,3,0,10,0,3,0,2,0,2,0,4,2,35.641557222222225,139.31886666666665,5,3,9999,0,9,0
1,30,876,78,2,0,1,30000,0,201,2022,3,10,8,7,12,5,59,17,44,1,2,1,1,7,9,22,0,0,11,9,30,70,5,3,1,45,1,3,61,31,0,1,0,1,0,0,0,1,0,10,0,3,0,2,0,2,0,4,2,35.64806222222222,139.34933694444445,5,3,9999,0,1,0
1,30,876,82,2,0,1,30820,0,209,2022,3,17,22,7,22,5,49,17,50,3,1,2,1,1,9,22,0,0,19,9,30,70,5,2,1,45,45,3,61,31,0,1,0,1,0,0,0,2,0,10,0,3,0,2,0,2,0,4,2,35.603006666666666,139.3666536111111,5,3,9999,0,5,0
1,30,876,84,2,0,1,30000,0,209,2022,3,22,9,0,12,5,42,17,54,3,1,2,1,7,9,22,0,0,12,9,30,70,5,2,1,35,65,3,61,31,0,1,0,1,0,0,0,10,0,50,0,3,0,2,0,2,0,4,2,35.604865277777776,139.3293361111111,3,3,9999,0,1,0
1,30,876,85,2,0,1,161,0,201,2022,3,18,5,5,23,5,48,17,51,3,1,2,1,1,9,22,0,0,13,9,30,70,1,2,1,25,45,13,61,31,0,11,0,1,0,0,0,1,0,10,0,3,0,2,0,2,0,4,2,35.64702916666667,139.35248083333332,6,3,9999,0,5,0
1,30,876,97,2,0,1,20000,0,201,2022,3,31,23,5,22,5,29,18,2,3,1,2,1,1,9,22,0,0,19,9,30,70,1,2,1,45,35,3,61,31,0,1,0,1,0,0,0,5,0,10,0,4,0,2,0,2,0,4,2,35.64344416666667,139.35327638888887,5,3,9999,0,5,0
1,30,877,56,2,0,1,30000,0,201,2022,3,20,10,58,12,5,45,17,53,1,1,1,14,7,0,0,0,0,2,7,1,70,5,4,1,45,75,3,61,31,0,1,0,1,0,0,0,10,0,30,0,3,0,2,0,2,0,4,2,35.63095555555556,139.27371694444446,1,2,9999,0,9,0
1,30,877,60,2,0,1,200,491,201,2022,3,25,17,25,13,5,38,17,57,1,2,1,1,1,9,22,0,0,13,9,30,70,4,2,1,55,65,3,61,31,0,1,0,1,0,0,0,10,0,50,0,3,0,2,0,2,0,4,2,35.64851972222222,139.29551777777777,6,3,9999,0,9,0
1,30,877,63,2,0,1,30000,0,201,2022,3,26,17,0,13,5,36,17,58,2,1,1,14,7,0,0,0,0,2,9,1,70,5,3,1,35,55,4,61,31,0,1,0,1,0,0,0,2,0,40,0,3,0,2,0,2,0,4,2,35.64572416666667,139.30574694444445,7,3,9999,0,1,0
1,30,877,64,2,0,1,95000,0,201,2022,3,27,10,20,12,5,35,17,58,1,3,1,0,7,0,0,0,0,0,0,20,70,0,4,1,45,75,4,61,31,0,1,0,1,0,0,0,10,0,60,0,4,0,2,0,2,0,4,2,35.672447777777776,139.2908,1,3,9999,0,1,0
1,30,877,69,2,0,1,30000,0,201,2022,3,20,18,0,21,5,45,17,53,1,1,1,14,7,0,0,0,0,2,9,1,70,5,1,1,65,45,51,61,41,0,0,0,0,0,0,0,0,0,20,0,3,0,0,0,0,0,4,2,35.64306111111111,139.30698166666667,1,2,0,0,0,0
1,30,878,62,2,0,1,30000,0,224,2022,3,2,21,43,22,6,10,17,37,2,2,1,1,1,9,22,0,0,19,9,30,70,1,2,1,25,25,3,61,31,0,1,0,1,0,11,0,5,0,10,0,3,0,2,0,2,0,4,2,35.650394166666665,139.44647166666667,4,3,9999,0,5,0
1,30,878,70,2,0,1,30000,0,224,2022,3,11,19,15,22,5,58,17,45,1,1,1,14,7,0,0,0,0,3,7,1,70,1,2,1,1,35,51,61,41,0,0,0,0,0,0,0,0,0,10,0,4,0,0,0,0,0,4,2,35.622799444444446,139.42897805555555,6,3,0,0,0,0
1,30,878,76,2,0,1,30000,0,225,2022,3,16,10,57,12,5,51,17,49,1,1,1,1,1,9,22,0,0,15,9,30,70,1,2,1,45,65,12,61,31,0,11,0,1,0,0,0,4,0,40,0,3,0,2,0,2,0,4,2,35.64096222222222,139.4898911111111,4,3,9999,0,1,0
1,30,878,84,2,0,1,30000,0,224,2022,3,26,20,35,22,5,36,17,58,3,1,2,1,7,9,22,0,0,11,8,30,70,5,3,1,55,55,36,61,31,0,0,0,0,0,0,0,2,0,40,0,3,0,0,0,0,0,4,2,35.62878277777778,139.43302333333332,7,3,9999,0,9,0
1,30,879,109,2,0,1,30000,0,220,2022,3,9,19,0,22,6,1,17,43,1,1,1,14,7,0,0,0,0,1,9,1,70,4,2,1,65,65,4,61,31,0,1,0,1,0,0,0,3,0,44,0,3,0,2,0,2,0,4,2,35.73580388888889,139.43889416666667,4,3,9999,0,9,0
1,30,879,122,2,0,1,30590,0,220,2022,3,16,18,45,21,5,51,17,49,1,1,1,1,7,9,22,0,0,14,9,30,70,4,2,1,35,75,36,61,31,0,0,0,0,0,11,0,10,0,10,0,3,0,0,0,0,0,4,2,35.73533305555556,139.4285975,4,3,9999,0,1,0
1,30,879,125,2,0,1,99000,0,220,2022,3,19,11,25,12,5,46,17,52,1,1,1,0,7,0,0,0,0,0,0,20,70,0,4,1,55,55,3,61,31,0,1,0,1,0,0,0,10,0,10,0,4,0,2,0,2,0,4,2,35.74245972222222,139.4236811111111,7,3,9999,0,9,0
1,30,879,139,2,0,1,10540,0,220,2022,3,3,16,30,12,6,9,17,38,1,1,1,14,7,0,0,0,0,1,9,1,70,1,2,1,1,0,61,0,0,0,0,0,0,0,0,0,0,0,0,0,0,0,0,0,0,0,2,0,35.73562861111111,139.41712055555556,5,3,0,0,0,0
1,30,879,145,2,0,1,30000,0,220,2022,2,24,12,50,12,6,18,17,31,1,1,1,14,7,0,0,0,0,3,9,1,70,4,2,1,65,35,51,61,41,0,0,0,0,0,0,0,0,0,20,0,4,0,0,0,0,0,4,2,35.73509666666667,139.42539805555555,5,3,0,0,0,0
1,30,880,54,2,0,1,30000,0,205,2022,3,15,18,30,21,5,52,17,48,1,2,1,14,7,0,0,0,0,2,9,1,70,5,3,1,45,75,4,61,31,0,1,0,1,0,0,0,10,0,10,0,4,0,2,0,2,0,4,2,35.792341666666665,139.2897236111111,3,3,9999,0,1,0
1,30,880,58,2,0,1,30000,0,205,2022,3,19,7,52,12,5,46,17,52,1,2,1,1,7,9,22,0,0,13,7,30,70,5,3,1,35,45,4,61,31,0,1,0,1,0,11,0,10,0,80,0,3,0,2,0,2,0,4,2,35.78928111111111,139.26589416666667,7,3,9999,0,2,0
1,30,880,62,2,0,1,99000,0,205,2022,3,24,13,0,12,5,39,17,56,1,1,1,0,7,0,0,0,0,0,0,20,70,0,4,1,65,65,3,61,31,0,1,0,1,0,11,0,10,0,10,0,3,0,2,0,2,0,4,2,35.79329972222222,139.31414861111114,5,3,9999,0,9,0
1,30,881,33,2,0,1,99000,0,305,2022,3,6,16,12,12,6,5,17,41,1,3,1,0,7,0,0,0,0,0,0,20,70,0,3,1,45,75,4,61,31,0,1,0,1,0,0,0,10,0,10,0,4,0,2,0,2,0,4,2,35.73417444444445,139.2749266666667,1,3,9999,0,1,0
1,30,881,34,2,0,1,30000,0,305,2022,3,10,18,15,21,5,59,17,44,1,1,1,1,7,1,22,0,0,13,9,30,70,5,3,1,45,65,3,61,31,0,1,0,1,0,0,0,2,0,10,0,3,0,2,0,2,0,4,2,35.73177972222222,139.2831541666667,5,3,9999,0,9,0
1,30,882,82,1,1,0,10550,0,218,2022,3,18,12,3,12,5,48,17,51,3,2,2,1,7,1,21,0,0,14,9,30,70,5,2,1,75,75,4,61,31,0,1,0,1,0,11,0,3,0,50,0,3,0,2,0,2,0,4,1,35.74960611111111,139.31958,6,3,749,0,9,0
1,30,882,85,2,0,1,30000,0,227,2022,3,2,19,50,22,6,10,17,37,3,3,2,1,7,9,22,0,0,12,9,30,70,4,3,1,25,45,4,61,31,0,1,0,1,0,0,0,3,0,10,0,2,0,2,0,2,0,4,2,35.760819444444444,139.31430833333334,4,3,9999,0,1,0
1,30,882,102,2,0,1,30000,0,218,2022,3,17,7,45,12,5,49,17,50,1,2,1,1,7,9,22,0,0,12,9,30,70,4,3,1,35,1,3,61,31,0,1,0,1,0,0,0,2,0,10,0,4,0,2,0,2,0,4,2,35.73597888888889,139.332655,5,3,9999,0,1,0
1,30,882,106,2,0,2,30000,0,228,2022,3,20,10,40,12,5,45,17,53,1,1,1,14,7,0,0,0,0,1,9,1,70,5,4,1,1,75,34,61,31,0,0,0,0,0,0,0,3,0,10,0,3,0,0,0,0,0,4,2,35.733361111111115,139.3176186111111,1,2,9999,0,1,0
1,30,882,107,2,0,1,30000,0,218,2022,3,20,16,5,12,5,45,17,53,2,1,1,1,7,9,22,0,0,11,9,30,70,5,4,1,55,55,4,61,31,0,1,0,1,0,0,0,1,0,40,0,3,0,2,0,2,0,4,2,35.73603777777778,139.3364975,1,2,9999,0,9,0
1,30,882,108,2,0,1,30000,0,218,2022,3,21,12,13,12,5,44,17,53,2,1,1,1,1,9,22,0,0,12,9,30,70,4,2,1,55,25,4,61,31,0,1,0,1,0,0,0,2,0,10,0,4,0,2,0,2,0,4,2,35.74153138888889,139.326925,2,1,9999,0,9,0
1,30,882,111,2,0,1,95000,0,218,2022,3,22,12,55,12,5,42,17,54,5,1,2,1,7,1,21,0,0,15,9,30,70,4,3,1,45,65,13,61,31,0,11,0,1,0,0,0,3,0,10,0,3,0,2,0,2,0,4,2,35.743651944444444,139.33110444444443,3,3,9999,0,9,0
1,30,882,115,2,0,1,95000,0,228,2022,3,27,10,28,12,5,35,17,58,1,1,1,1,1,9,22,0,0,14,9,30,70,1,2,1,65,35,14,61,31,0,11,0,1,0,0,0,3,0,10,0,3,0,2,0,2,0,4,2,35.738619444444446,139.3061866666667,1,3,9999,0,9,0
1,30,882,116,2,0,1,95000,0,303,2022,3,27,14,0,12,5,35,17,58,2,1,1,0,7,0,0,0,0,0,0,20,70,0,4,1,35,65,3,61,31,0,1,0,1,0,0,0,10,0,50,0,3,0,2,0,2,0,4,2,35.76114666666667,139.35770888888888,1,3,9999,0,5,0
1,30,883,86,2,0,1,21150,0,201,2022,3,3,18,20,21,6,9,17,38,1,1,1,1,1,9,22,0,0,14,9,30,70,4,2,1,55,55,4,61,31,0,1,0,1,0,0,0,3,0,10,0,3,0,2,0,2,0,4,2,35.67933583333333,139.3661336111111,5,3,9999,0,9,0
1,30,883,96,2,0,1,30540,0,201,2022,2,1,5,40,22,6,41,17,8,1,2,1,1,1,9,22,0,0,14,9,30,70,4,2,1,65,65,4,61,31,0,1,0,1,0,0,0,3,0,50,0,4,0,2,0,2,0,4,2,35.66358694444444,139.33367194444446,3,3,9999,0,9,0
1,30,883,97,2,0,1,30000,0,201,2022,3,10,8,40,12,5,59,17,44,1,1,1,14,7,0,0,0,0,3,9,1,70,5,2,1,45,25,3,61,31,0,1,0,1,0,0,0,3,0,80,0,3,0,2,0,2,0,4,2,35.672583055555556,139.36560194444445,5,3,9999,0,1,0
1,30,883,102,2,0,1,200,441,201,2022,3,11,22,0,22,5,58,17,45,1,1,1,1,1,9,22,0,0,15,9,30,70,4,2,1,25,35,4,61,31,0,1,0,1,0,0,0,4,0,80,0,3,0,2,0,2,0,4,2,35.65960638888889,139.34595000000002,6,3,9999,0,1,0
1,30,883,106,2,0,1,20000,0,201,2022,3,15,16,25,12,5,52,17,48,1,2,1,1,7,1,22,0,0,14,9,30,70,4,1,1,45,65,3,61,31,0,1,0,1,0,0,0,3,0,20,0,3,0,2,0,2,0,4,2,35.700591111111116,139.31748583333334,3,3,9999,0,9,0
1,30,883,108,2,0,1,30000,0,201,2022,3,15,22,50,22,5,52,17,48,1,2,1,14,7,0,0,0,0,2,9,1,70,5,4,1,65,65,3,61,31,0,1,0,1,0,0,0,10,0,20,0,4,0,2,0,2,0,4,2,35.6949525,139.3259097222222,3,3,9999,0,9,0
1,30,883,112,2,0,1,30000,0,201,2022,3,18,19,30,22,5,48,17,51,3,1,2,1,7,9,22,0,0,14,9,30,70,5,3,1,35,75,51,61,41,0,0,0,0,0,0,0,0,0,10,0,3,0,0,0,0,0,4,2,35.661071388888885,139.35113222222222,6,3,0,0,0,0
1,30,884,166,2,0,1,30000,0,209,2021,11,4,12,39,12,6,6,16,43,1,1,1,7,7,0,0,0,0,3,9,1,70,5,4,1,25,65,13,61,31,0,11,0,1,0,0,0,10,0,40,0,3,0,2,0,2,0,4,2,35.54400083333333,139.44650833333333,5,3,9999,0,5,0
1,30,884,180,2,0,1,30000,0,209,2022,3,8,6,30,11,6,2,17,42,2,1,1,14,7,0,0,0,0,1,8,1,70,5,2,1,1,55,51,61,41,0,0,0,0,0,0,0,0,0,10,0,3,0,0,0,0,0,4,2,35.583334444444446,139.42332583333334,3,3,0,0,0,0
1,30,884,187,2,0,1,99000,0,209,2022,3,11,16,20,12,5,58,17,45,1,1,1,0,7,0,0,0,0,0,0,20,70,0,4,1,65,75,4,61,31,0,1,0,1,0,0,0,2,0,30,0,3,0,2,0,2,0,4,2,35.59186277777778,139.46718305555555,6,3,9999,0,9,0
1,30,884,199,2,0,1,30000,0,209,2022,3,15,15,28,12,5,52,17,48,1,2,1,14,7,0,0,0,0,3,9,1,70,4,2,1,45,25,1,61,1,0,1,0,2,0,0,0,2,0,10,0,3,0,2,0,2,0,4,2,35.54531111111111,139.44573916666667,3,3,9999,0,9,0
1,30,884,200,2,0,1,10490,0,209,2022,3,15,19,0,22,5,52,17,48,1,1,1,14,7,0,0,0,0,1,9,1,70,4,2,1,65,75,3,61,31,0,1,0,1,0,0,0,3,0,80,0,3,0,2,0,2,0,4,2,35.55723,139.43381055555557,3,3,9999,0,1,0
1,30,884,201,2,0,1,30000,0,209,2022,3,15,20,40,22,5,52,17,48,1,1,1,14,7,0,0,0,0,1,9,1,70,4,2,1,35,75,3,61,31,0,1,0,1,0,0,0,5,0,40,0,3,0,2,0,2,0,4,2,35.560623888888884,139.43028444444442,3,3,9999,0,1,0
1,30,884,203,2,0,1,20750,0,209,2022,3,17,11,30,12,5,49,17,50,1,1,1,1,7,1,22,0,0,13,9,30,70,4,2,1,25,75,3,61,31,0,1,0,1,0,0,0,2,0,80,0,3,0,2,0,2,0,4,2,35.58324777777778,139.4271836111111,5,3,9999,0,1,0
1,30,884,206,2,0,1,30560,0,209,2022,3,18,17,50,13,5,48,17,51,3,1,2,1,7,9,22,0,0,14,9,30,70,5,1,1,55,45,3,61,31,0,1,0,1,0,0,0,3,0,10,0,3,0,2,0,2,0,4,2,35.54454388888889,139.44311972222224,6,3,9999,0,9,0
1,30,884,208,2,0,1,30000,0,209,2022,2,9,8,50,12,6,34,17,17,1,1,1,14,7,0,0,0,0,1,9,1,70,5,3,1,35,55,3,61,31,0,1,0,1,0,0,0,5,0,10,0,3,0,2,0,2,0,4,2,35.54109083333333,139.4466561111111,4,3,9999,0,1,0
1,30,884,210,2,0,1,30000,0,209,2022,3,21,5,15,23,5,44,17,53,2,2,1,1,7,9,22,0,0,14,9,30,70,4,2,1,65,75,4,61,31,0,1,0,1,0,11,0,3,0,50,0,4,0,2,0,2,0,4,2,35.5897475,139.41860416666665,2,1,9999,0,9,0
1,30,884,222,2,0,1,10490,0,209,2022,3,25,13,35,12,5,38,17,57,1,1,1,1,1,9,22,0,0,11,9,30,70,4,2,1,75,65,3,61,31,0,1,0,1,0,0,0,3,0,10,0,3,0,2,0,2,0,4,2,35.53510361111111,139.45797027777778,6,3,1081,0,9,0
1,30,884,223,2,0,1,21100,0,209,2022,2,1,18,30,22,6,41,17,8,1,1,1,14,7,0,0,0,0,3,8,1,70,5,3,1,35,45,52,61,41,0,0,0,0,0,0,0,0,0,10,0,3,0,0,0,0,0,4,2,35.55864305555555,139.4385411111111,3,3,0,0,0,0
1,30,884,224,2,0,1,99000,0,209,2022,3,26,10,30,12,5,36,17,58,1,1,1,0,7,0,0,0,0,0,0,20,70,0,4,1,75,65,3,61,31,0,1,0,1,0,0,0,10,0,10,0,3,0,2,0,2,0,4,2,35.58774861111112,139.46447999999998,7,3,718,0,9,0
1,30,884,226,2,0,1,30000,0,209,2022,3,26,23,59,22,5,36,17,58,2,1,2,14,1,0,0,0,0,2,9,1,70,4,1,1,1,0,61,0,0,0,0,0,0,0,0,0,0,0,0,0,0,0,0,0,0,0,2,0,35.56327083333333,139.46287944444444,7,3,0,0,0,0
1,30,884,234,2,0,1,99000,0,209,2022,3,28,16,55,12,5,34,17,59,1,1,1,0,7,0,0,0,0,0,0,20,70,0,4,1,65,45,3,61,31,0,1,0,1,0,0,0,10,0,10,0,3,0,2,0,2,0,4,2,35.589243333333336,139.45889416666665,2,3,9999,0,4,0
1,30,884,242,2,0,1,30000,0,209,2022,1,31,15,20,12,6,42,17,7,1,1,1,1,1,9,22,0,0,12,9,30,1,4,2,1,55,1,51,61,41,0,0,0,0,0,0,0,0,0,10,0,3,0,0,0,0,0,4,2,35.563336111111106,139.42649166666666,2,3,0,0,0,0
1,30,884,250,2,0,1,30000,0,209,2022,3,16,18,30,21,5,51,17,49,1,1,1,1,1,9,22,0,0,14,9,30,70,5,1,1,75,75,13,61,31,0,11,0,1,0,0,0,2,0,50,0,3,0,2,0,2,0,4,2,35.5572575,139.475265,4,3,504,0,9,0
1,30,884,251,2,0,1,30000,0,209,2022,3,17,13,7,12,5,49,17,50,1,1,1,14,7,0,0,0,0,2,8,1,70,4,3,1,55,1,3,61,31,0,1,0,1,0,0,0,2,0,40,0,3,0,2,0,2,0,4,2,35.53263777777778,139.4712047222222,5,3,9999,0,9,0
1,30,885,50,2,0,1,10510,0,212,2022,1,17,7,52,12,6,49,16,53,1,3,1,14,7,0,0,0,0,3,9,1,70,4,2,1,45,45,35,61,31,0,0,0,0,0,0,0,3,0,10,0,3,0,0,0,0,0,4,2,35.65721277777778,139.43033888888888,2,3,9999,0,5,0
1,30,885,52,2,0,1,30000,0,212,2022,3,2,9,15,12,6,10,17,37,1,1,1,14,7,0,0,0,0,3,8,1,70,4,2,1,75,65,51,61,41,0,0,0,0,0,0,0,0,0,10,0,3,0,0,0,0,0,4,2,35.64483694444444,139.38523138888888,4,3,0,0,0,0
1,30,885,63,2,0,1,30000,0,212,2022,3,18,19,30,22,5,48,17,51,3,1,2,1,7,1,21,0,0,11,9,30,70,5,3,1,35,35,36,61,31,0,0,0,0,0,0,0,2,0,10,0,3,0,0,0,0,0,4,2,35.64854805555556,139.38102833333335,6,3,9999,0,5,0
1,30,885,70,2,0,1,10510,0,212,2022,3,28,10,15,12,5,34,17,59,1,1,1,14,7,0,0,0,0,2,9,1,70,4,2,1,45,1,4,61,31,0,1,0,1,0,0,0,3,0,20,0,3,0,2,0,2,0,4,2,35.65786,139.4258861111111,2,3,9999,0,1,0
1,30,885,74,2,0,1,30000,0,212,2022,3,21,15,30,12,5,44,17,53,2,3,1,14,7,0,0,0,0,2,9,1,70,5,3,1,65,75,14,61,31,0,11,0,1,0,0,0,10,0,30,0,3,0,2,0,2,0,4,2,35.64875222222222,139.38051583333333,2,1,9999,0,9,0
1,30,886,81,2,0,1,95000,0,207,2022,3,6,8,15,12,6,5,17,41,1,1,1,13,7,0,0,0,0,2,3,1,70,5,3,1,1,35,51,61,41,0,0,0,0,0,0,0,0,0,10,0,4,0,0,0,0,0,4,2,35.713683888888895,139.36019694444443,1,3,0,0,0,0
1,30,886,84,2,0,1,30000,0,207,2022,3,8,13,10,12,6,2,17,42,2,2,2,1,1,9,22,0,0,12,9,30,70,5,2,1,75,75,3,61,31,0,1,0,1,0,11,0,3,0,10,0,3,0,2,0,2,0,4,2,35.71792083333334,139.38161166666669,3,3,968,0,9,0
1,30,886,85,2,0,1,21300,0,207,2022,3,9,12,50,12,6,1,17,43,1,1,1,1,3,9,22,0,0,15,9,30,70,4,2,1,35,75,3,61,31,0,1,0,1,0,11,0,3,0,50,0,4,0,2,0,2,0,4,2,35.702916111111115,139.36662805555554,4,3,9999,0,1,0
1,30,886,91,2,0,2,30000,0,207,2022,3,15,15,15,12,5,52,17,48,1,1,1,14,7,0,0,0,0,2,9,1,70,5,1,1,65,1,3,61,1,0,1,0,1,0,11,0,10,0,10,0,3,0,2,0,2,0,4,2,35.716750833333336,139.35397305555554,3,3,9999,0,9,0
1,30,886,92,2,0,1,30000,0,207,2022,3,16,12,30,12,5,51,17,49,1,1,1,1,1,9,22,0,0,15,9,30,70,4,2,1,1,45,14,61,31,0,11,0,1,0,0,0,2,0,50,0,3,0,2,0,2,0,4,2,35.71759472222222,139.3589888888889,4,3,9999,0,1,0
1,30,886,93,2,0,1,99000,0,207,2022,3,16,13,45,12,5,51,17,49,1,2,1,0,7,0,0,0,0,0,0,20,70,0,4,1,65,65,3,61,31,0,1,0,1,0,0,0,10,0,30,0,4,0,2,0,2,0,4,2,35.71669694444444,139.34285333333335,4,3,9999,0,9,0
1,30,886,98,2,0,1,30000,0,207,2022,3,19,18,34,21,5,46,17,52,3,1,2,1,1,9,22,0,0,16,9,30,70,4,2,1,1,45,3,61,31,0,1,0,1,0,0,0,2,0,10,0,3,0,2,0,2,0,4,2,35.72103833333333,139.35131305555555,7,3,9999,0,1,0
1,30,887,122,2,0,1,30000,0,202,2022,3,6,21,50,22,6,5,17,41,1,1,1,1,1,9,22,0,0,15,9,30,70,5,2,1,65,65,3,61,31,0,1,0,1,0,11,0,3,0,10,0,3,0,2,0,2,0,4,2,35.72163722222223,139.43264527777777,1,3,9999,0,1,0
1,30,887,125,2,0,1,10520,0,202,2022,3,8,15,19,12,6,2,17,42,1,2,1,14,7,0,0,0,0,3,9,1,70,4,1,1,65,1,4,61,31,0,1,0,1,0,0,0,3,0,10,0,4,0,2,0,2,0,4,2,35.70370555555556,139.41724555555555,3,3,9999,0,9,0
1,30,887,155,2,0,1,30000,0,215,2022,3,31,6,5,11,5,29,18,2,1,1,1,1,1,9,22,0,0,11,9,30,70,5,2,1,45,65,4,61,31,0,1,0,1,0,0,0,2,0,40,0,3,0,2,0,2,0,4,2,35.69957888888889,139.44809,5,3,9999,0,1,0
1,30,887,156,2,0,1,30000,0,215,2022,3,31,16,46,12,5,29,18,2,1,2,1,14,7,0,0,0,0,2,7,1,70,5,2,1,25,75,4,61,31,0,1,0,1,0,0,0,5,0,10,0,3,0,2,0,2,0,4,2,35.69858694444444,139.44809305555555,5,3,9999,0,1,0
1,30,888,52,2,0,1,10500,0,206,2022,3,7,18,22,21,6,3,17,41,1,1,1,7,1,0,0,0,0,5,9,1,70,4,2,1,65,35,3,61,31,0,1,0,1,0,0,0,3,0,10,0,3,0,2,0,2,0,4,2,35.678354444444444,139.47322805555555,2,3,9999,0,9,0
1,30,888,60,2,0,1,200,304,206,2022,3,19,10,50,12,5,46,17,52,1,1,1,7,1,0,0,0,0,4,9,1,70,4,2,1,45,75,51,61,41,0,0,0,0,0,0,0,0,0,10,0,3,0,0,0,0,0,4,2,35.67335555555555,139.47907972222222,7,3,0,0,0,0
1,30,888,61,2,0,1,10500,0,206,2022,3,19,15,34,12,5,46,17,52,3,1,2,14,7,0,0,0,0,3,9,1,70,4,2,1,65,1,3,61,31,0,1,0,1,0,0,0,3,0,10,0,3,0,2,0,2,0,4,2,35.686724444444444,139.47006861111112,7,3,9999,0,9,0
1,30,888,62,2,0,1,200,304,206,2022,3,26,4,25,22,5,36,17,58,1,1,1,1,1,9,22,0,0,18,9,30,70,4,1,1,45,45,35,61,31,0,0,0,0,0,0,0,4,0,10,0,3,0,0,0,0,0,4,2,35.67327972222222,139.47906527777778,7,3,9999,0,9,0
1,30,888,65,2,0,1,30000,0,206,2022,3,30,14,14,12,5,31,18,1,1,1,1,1,7,9,22,0,0,15,9,30,70,4,2,1,55,75,14,61,31,0,11,0,1,0,0,0,2,0,10,0,3,0,2,0,2,0,4,2,35.6721225,139.49431444444443,4,3,9999,0,9,0
1,30,889,43,2,0,1,10750,0,210,2022,3,12,17,25,13,5,56,17,46,1,1,1,1,1,9,22,0,0,15,9,30,70,4,2,1,35,55,3,61,31,0,1,0,1,0,11,0,3,0,10,0,3,0,2,0,2,0,4,2,35.68944361111111,139.50107416666665,7,3,9999,0,1,0
1,30,889,44,2,0,1,30000,0,214,2022,3,4,11,30,12,6,7,17,39,1,1,1,14,7,0,0,0,0,2,9,1,70,5,3,1,45,65,3,61,31,0,1,0,1,0,11,0,2,0,40,0,3,0,2,0,2,0,4,2,35.70440305555556,139.4696313888889,6,3,9999,0,9,0
1,30,889,45,2,0,1,30000,0,210,2022,3,11,19,42,22,5,58,17,45,1,1,1,1,7,9,22,0,0,11,9,30,70,5,4,1,45,35,3,61,31,0,1,0,1,0,0,0,1,0,30,0,3,0,2,0,2,0,4,2,35.70410027777778,139.50628555555556,6,3,9999,0,1,0
1,30,889,50,2,0,1,30000,0,210,2022,3,4,8,30,12,6,7,17,39,1,1,1,14,7,0,0,0,0,2,9,1,70,5,4,1,25,45,3,61,31,0,1,0,1,0,0,0,10,0,20,0,4,0,2,0,2,0,4,2,35.70858777777778,139.5302102777778,6,3,9999,0,1,0