資料区分,都道府県コード,警察署等コード,本票番号,事故内容,死者数,負傷者数,路線コード,地点コード,市区町村コード,発生日時　　年,発生日時　　月,発生日時　　日,発生日時　　時,発生日時　　分,昼夜,日の出時刻　　時,日の出時刻　　分,日の入り時刻　　時,日の入り時刻　　分,天候,地形,路面状態,道路形状,信号機,一時停止規制　標識（当事者A）,一時停止規制　表示（当事者A）,一時停止規制　標識（当事者B）,一時停止規制　表示（当事者B）,車道幅員,道路線形,衝突地点,ゾーン規制,中央分離帯施設等,歩車道区分,事故類型,年齢（当事者A）,年齢（当事者B）,当事者種別（当事者A）,当事者種別（当事者B）,用途別（当事者A）,用途別（当事者B）,車両形状等（当事者A）,車両形状等（当事者B）,オートマチック車（当事者A）,オートマチック車（当事者B）,サポカー（当事者A）,サポカー（当事者B）,速度規制（指定のみ）（当事者A）,速度規制（指定のみ）（当事者B）,車両の衝突部位（当事者A）,車両の衝突部位（当事者B）,車両の損壊程度（当事者A）,車両の損壊程度（当事者B）,エアバッグの装備（当事者A）,エアバッグの装備（当事者B）,サイドエアバッグの装備（当事者A）,サイドエアバッグの装備（当事者B）,人身損傷程度（当事者A）,人身損傷程度（当事者B）,lat,lon,曜日(発生年月日),祝日(発生年月日),認知機能検査経過日数（当事者A）,認知機能検査経過日数（当事者B）,運転練習の方法（当事者A）,運転練習の方法（当事者B）
1,30,890,76,2,0,1,30000,0,229,2022,3,10,18,40,21,5,59,17,44,1,1,1,1,7,9,22,0,0,11,9,30,70,5,4,1,35,1,51,61,41,0,0,0,0,0,0,0,0,0,40,0,3,0,0,0,0,0,4,2,35.72607722222222,139.52716222222224,5,3,0,0,0,0
1,30,890,83,2,0,1,20840,0,222,2022,3,16,8,20,12,5,51,17,49,1,1,1,7,7,0,0,0,0,1,9,1,70,5,3,1,45,55,51,61,41,0,0,0,0,0,0,0,0,0,40,0,4,0,0,0,0,0,4,2,35.759951944444445,139.5281713888889,4,3,0,0,0,0
1,30,890,92,2,0,1,30000,0,229,2022,3,28,7,50,12,5,34,17,59,1,1,1,14,7,0,0,0,0,2,9,1,70,4,3,1,25,35,14,61,31,0,11,0,2,0,0,0,2,0,10,0,3,0,2,0,2,0,4,2,35.73928222222222,139.53460916666666,2,3,9999,0,5,0
1,30,891,53,2,0,1,30000,0,213,2022,2,25,6,50,11,6,16,17,32,1,1,1,14,7,0,0,0,0,3,9,1,70,5,2,1,75,45,4,61,31,0,1,0,1,0,0,0,10,0,10,0,3,0,2,0,2,0,4,2,35.75063,139.47209388888888,6,3,151,0,9,0
1,30,891,67,2,0,1,95000,0,221,2022,3,18,18,45,21,5,48,17,51,3,1,2,1,1,9,22,0,0,19,9,30,70,1,2,1,45,45,4,61,31,0,1,0,1,0,0,0,3,0,20,0,3,0,2,0,2,0,4,2,35.765975555555556,139.51634833333333,6,3,9999,0,1,0
1,30,891,71,2,0,1,10560,0,221,2022,3,22,14,50,12,5,42,17,54,3,3,2,1,1,9,22,0,0,14,9,30,70,4,2,1,55,75,14,61,1,0,11,0,1,0,0,0,2,0,10,0,3,0,2,0,2,0,4,2,35.77374555555556,139.5182613888889,3,3,9999,0,9,0
1,30,891,76,2,0,1,30000,0,221,2022,3,25,20,5,22,5,38,17,57,1,1,1,1,1,9,22,0,0,15,9,30,70,4,2,1,25,35,14,61,1,0,11,0,1,0,0,0,3,0,40,0,4,0,2,0,2,0,4,2,35.78103333333333,139.52218472222225,6,3,9999,0,1,0
1,30,891,83,2,0,1,30000,0,213,2022,3,30,8,32,12,5,31,18,1,1,3,1,1,7,9,22,0,0,11,9,30,70,5,4,1,25,35,14,61,1,0,11,0,1,0,0,0,2,0,70,0,4,0,2,0,2,0,4,2,35.7544025,139.48767444444442,4,3,9999,0,5,0
1,30,891,85,2,0,1,10560,0,221,2022,3,31,18,45,21,5,29,18,2,2,1,1,1,1,9,22,0,0,15,9,30,70,4,2,1,65,55,4,61,31,0,1,0,1,0,0,0,3,0,50,0,3,0,2,0,2,0,4,2,35.765970555555555,139.516365,5,3,9999,0,9,0
1,30,891,87,2,0,1,30000,0,213,2022,3,28,21,20,22,5,34,17,59,1,1,1,1,7,9,22,0,0,12,9,30,70,5,3,1,55,45,36,61,31,0,0,0,0,0,0,0,2,0,10,0,3,0,0,0,0,0,4,2,35.777299444444445,139.4932111111111,2,3,9999,0,9,0
1,30,892,61,2,0,1,95000,0,203,2022,3,2,20,40,22,6,10,17,37,3,1,2,14,7,0,0,0,0,2,9,1,1,5,3,1,1,35,51,61,41,0,0,0,0,0,0,0,0,0,40,0,4,0,0,0,0,0,4,2,35.70571972222223,139.58689805555557,4,3,0,0,0,0
1,30,892,68,2,0,1,10260,0,203,2022,3,6,18,10,21,6,5,17,41,1,1,1,14,7,0,0,0,0,3,9,1,70,4,2,1,25,75,3,61,31,0,1,0,1,0,11,0,3,0,10,0,3,0,2,0,2,0,4,2,35.70857138888889,139.57624055555556,1,3,9999,0,1,0
1,30,892,75,2,0,1,30000,0,203,2022,2,21,7,56,12,6,21,17,29,1,1,1,14,7,0,0,0,0,2,9,1,70,5,3,1,1,0,61,0,0,0,0,0,0,0,0,0,0,0,0,0,0,0,0,0,0,0,2,0,35.709497222222225,139.57252527777777,2,3,0,0,0,0
1,30,892,81,2,0,1,30000,0,203,2022,3,20,14,0,12,5,45,17,53,1,1,1,1,8,9,22,0,0,15,9,30,70,4,2,1,25,65,51,61,41,0,0,0,0,0,0,0,0,0,40,0,4,0,0,0,0,0,4,2,35.702446388888895,139.54641666666666,1,2,0,0,0,0
1,30,892,83,2,0,2,30000,0,203,2022,3,24,19,40,22,5,39,17,56,1,1,1,14,7,0,0,0,0,2,9,1,70,5,1,1,35,45,51,61,41,0,0,0,0,0,0,0,0,0,10,0,3,0,0,0,0,0,2,2,35.70009888888889,139.54393527777776,5,3,0,0,0,0
1,30,892,90,2,0,1,10260,0,203,2022,3,30,9,20,12,5,31,18,1,1,1,1,14,7,0,0,0,0,3,9,1,70,4,1,1,45,75,51,61,41,0,0,0,0,0,0,0,0,0,10,0,3,0,0,0,0,0,4,2,35.7038475,139.58672833333335,4,3,0,0,0,0
1,30,893,62,2,0,1,95000,0,204,2022,3,3,21,3,22,6,9,17,38,1,1,1,14,7,0,0,0,0,2,9,1,70,5,2,1,45,75,1,61,1,0,1,0,2,0,0,0,2,0,40,0,3,0,2,0,2,0,4,2,35.698748055555555,139.55609527777779,5,3,9999,0,9,0
1,30,893,68,2,0,1,30000,0,204,2022,3,8,8,20,12,6,2,17,42,3,1,2,14,7,0,0,0,0,2,9,1,70,4,2,1,1,75,51,61,41,0,0,0,0,0,0,0,0,0,40,0,4,0,0,0,0,0,4,2,35.68806333333333,139.5603363888889,3,3,0,0,0,0
1,30,893,75,2,0,1,30000,0,204,2022,3,16,16,50,13,5,51,17,49,1,1,1,1,7,9,22,0,0,11,9,30,70,5,4,1,65,1,14,61,1,0,11,0,1,0,0,0,2,0,80,0,3,0,2,0,2,0,4,2,35.681075,139.58409305555557,4,3,9999,0,9,0
1,30,893,77,2,0,1,95000,0,204,2022,3,19,17,30,13,5,46,17,52,3,1,2,1,1,9,22,0,0,15,9,30,70,4,2,1,1,25,51,61,41,0,0,0,0,0,0,0,0,0,10,0,3,0,0,0,0,0,4,2,35.69814361111111,139.56422361111112,7,3,0,0,0,0
1,30,893,78,2,0,1,20900,0,204,2022,3,4,16,8,12,6,7,17,39,1,1,1,1,1,9,22,0,0,15,9,30,70,4,2,1,1,45,51,61,41,0,0,0,0,0,0,0,0,0,10,0,4,0,0,0,0,0,4,2,35.6883425,139.55929472222223,6,3,0,0,0,0
1,30,893,81,2,0,1,10270,0,204,2022,3,23,17,0,13,5,41,17,55,2,1,1,14,7,0,0,0,0,2,9,1,70,4,2,1,55,1,3,61,31,0,1,0,1,0,0,0,3,0,10,0,3,0,2,0,2,0,4,2,35.68372722222222,139.5576252777778,4,3,9999,0,9,0
1,30,894,90,2,0,1,10620,0,219,2021,12,15,21,55,22,6,43,16,29,1,1,1,1,1,9,22,0,0,15,9,30,70,4,2,1,45,1,3,61,31,0,1,0,1,0,0,0,3,0,10,0,3,0,2,0,2,0,4,2,35.63491555555556,139.5775172222222,4,3,9999,0,9,0
1,30,894,92,2,0,1,10620,0,208,2022,3,3,19,45,22,6,9,17,38,1,1,1,7,7,0,0,0,0,4,9,1,70,4,2,1,35,55,51,61,41,0,0,0,0,0,0,0,0,0,10,0,3,0,0,0,0,0,4,2,35.64870666666667,139.5587111111111,5,3,0,0,0,0
1,30,894,101,2,0,1,10600,0,208,2022,3,12,0,7,22,5,56,17,46,1,1,1,1,1,9,22,0,0,13,9,30,70,4,2,1,65,35,4,61,31,0,1,0,1,0,0,0,3,0,80,0,3,0,2,0,2,0,4,2,35.663075,139.54242166666666,7,3,9999,0,5,0
1,30,894,107,2,0,1,99000,0,208,2022,3,16,19,0,22,5,51,17,49,1,1,1,0,7,0,0,0,0,0,0,20,70,0,4,1,75,55,3,61,31,0,1,0,1,0,0,0,10,0,20,0,4,0,2,0,2,0,4,2,35.66242722222222,139.52169305555557,4,3,9999,0,9,0
1,30,894,110,2,0,1,30000,0,208,2022,3,19,14,30,12,5,46,17,52,2,1,1,14,7,0,0,0,0,3,9,1,70,5,3,1,75,65,3,61,31,0,1,0,1,0,0,0,10,0,10,0,3,0,2,0,2,0,4,2,35.65091805555556,139.54736222222223,7,3,612,0,9,0
1,30,894,130,2,0,1,30000,0,219,2022,3,31,8,23,12,5,29,18,2,1,1,1,14,7,0,0,0,0,1,9,1,70,5,2,1,35,1,51,61,41,0,0,0,0,0,0,0,0,0,10,0,3,0,0,0,0,0,4,2,35.63193555555556,139.5772313888889,5,3,0,0,0,0
1,30,894,131,2,0,1,30000,0,208,2022,3,31,8,20,12,5,29,18,2,1,1,1,14,7,0,0,0,0,2,9,1,70,4,2,1,45,35,3,61,1,0,1,0,1,0,0,0,3,0,0,0,4,0,2,0,2,0,4,2,35.66605194444444,139.53454555555555,5,3,9999,0,9,0
1,30,895,34,1,1,1,30000,0,211,2022,3,7,18,15,21,6,3,17,41,1,1,1,7,7,0,0,0,0,2,9,1,1,5,4,1,55,1,3,61,31,0,1,0,1,0,0,0,2,0,10,0,3,0,2,0,2,0,4,1,35.71830833333333,139.501975,2,3,9999,0,9,0
1,30,895,36,2,0,1,10240,0,211,2022,3,5,17,5,13,6,6,17,40,1,1,1,14,7,0,0,0,0,1,9,1,70,5,2,1,35,1,51,61,41,0,0,0,0,0,0,0,0,0,10,0,3,0,0,0,0,0,4,2,35.730698333333336,139.4822027777778,7,3,0,0,0,0
1,30,895,39,2,0,1,95000,0,211,2022,3,2,18,20,21,6,10,17,37,3,1,2,14,7,0,0,0,0,1,9,1,70,5,3,1,55,1,4,61,31,0,1,0,1,0,0,0,3,0,40,0,4,0,2,0,2,0,4,2,35.73112305555556,139.4711025,4,3,9999,0,9,0
1,30,895,43,2,0,1,30000,0,211,2022,3,18,21,40,22,5,48,17,51,3,1,2,1,7,9,22,0,0,12,9,30,70,4,2,1,75,45,3,61,31,0,1,0,1,0,0,0,3,0,10,0,3,0,2,0,2,0,4,2,35.71097166666667,139.49332194444443,6,3,926,0,9,0
1,30,895,45,2,0,1,30000,0,211,2022,3,29,16,55,12,5,32,18,0,2,1,1,14,7,0,0,0,0,3,9,1,70,5,4,1,1,55,4,61,31,0,1,0,1,0,0,0,10,0,10,0,3,0,2,0,2,0,4,2,35.72609361111111,139.43448694444444,3,3,9999,0,1,0
1,30,895,47,2,0,1,30000,0,211,2022,3,12,20,15,22,5,56,17,46,1,1,1,14,7,0,0,0,0,3,9,1,70,5,4,1,25,1,13,61,31,0,11,0,1,0,0,0,2,0,40,0,4,0,2,0,2,0,4,2,35.73506611111111,139.46262027777777,7,3,9999,0,5,0
1,30,69,143,2,0,1,50290,0,104,2022,3,21,10,39,12,5,44,17,53,1,1,1,11,7,0,0,0,0,3,9,1,70,5,4,1,55,25,3,61,31,0,1,0,1,0,11,0,5,0,10,0,2,0,2,0,2,0,4,4,35.72230583333334,139.69240166666668,2,1,9999,0,9,0
1,30,100,49,2,0,1,10010,0,101,2022,4,6,17,26,13,5,21,18,7,1,1,1,14,7,0,0,0,0,3,9,1,70,4,1,1,55,55,4,61,31,0,1,0,1,0,0,0,3,0,40,0,3,0,2,0,2,0,4,2,35.69882333333333,139.74953444444444,4,3,9999,0,5,0
1,30,100,57,2,0,1,2460,4,101,2022,4,26,20,10,22,4,55,18,23,2,1,1,14,7,0,0,0,0,4,9,1,70,1,2,1,45,55,3,61,1,0,1,0,1,0,0,0,3,0,40,0,4,0,2,0,2,0,4,2,35.67836055555555,139.7409947222222,3,3,9999,0,9,0
1,30,101,37,2,0,1,10110,0,101,2022,4,7,20,10,22,5,20,18,8,1,1,1,1,1,9,22,0,0,19,6,30,70,1,2,1,25,45,51,61,41,0,0,0,0,0,0,0,0,0,10,0,3,0,0,0,0,0,4,2,35.68917472222222,139.76080166666668,5,3,0,0,0,0
1,30,101,40,2,0,1,30000,0,101,2022,4,24,17,45,13,4,57,18,22,3,1,2,1,7,9,22,0,0,15,9,30,70,4,2,1,45,55,17,61,31,0,11,0,1,0,0,0,2,0,10,0,3,0,2,0,2,0,4,2,35.67220388888889,139.75993888888888,1,3,9999,0,1,0
1,30,102,28,2,0,1,20000,0,101,2022,4,4,19,50,22,5,24,18,5,3,1,2,1,1,9,22,0,0,19,3,30,70,5,1,1,55,45,3,61,1,0,1,0,1,0,0,0,1,0,10,0,3,0,2,0,2,0,4,2,35.69177527777777,139.76094277777779,2,3,9999,0,9,0
1,30,102,29,2,0,1,10100,0,101,2022,4,9,13,47,12,5,17,18,9,1,1,1,14,7,0,0,0,0,5,9,1,70,4,1,1,65,35,5,61,31,0,1,0,1,0,11,0,4,0,10,0,3,0,2,0,2,0,2,4,35.69409444444444,139.75853944444444,7,3,9999,0,9,0
1,30,102,31,2,0,1,10050,0,101,2022,4,15,3,28,22,5,9,18,14,3,1,2,1,1,9,22,0,0,19,9,30,70,4,1,1,55,45,13,61,31,0,11,0,1,0,0,0,5,0,10,0,3,0,2,0,2,0,4,2,35.69551722222222,139.76765500000002,6,3,9999,0,9,0
1,30,103,45,2,0,1,30000,0,101,2022,4,21,14,0,12,5,1,18,19,1,1,1,1,7,9,22,0,0,11,9,30,1,5,2,1,75,35,3,61,31,0,1,0,1,0,0,0,2,0,40,0,4,0,2,0,2,0,4,2,35.68955777777777,139.7704163888889,5,3,68,0,9,0
1,30,103,48,2,0,1,30000,0,101,2022,4,25,8,20,12,4,56,18,22,1,1,1,1,7,9,22,0,0,12,9,30,70,5,4,1,65,75,3,61,31,0,1,0,1,0,0,0,2,0,10,0,3,0,2,0,2,0,4,2,35.703320833333336,139.76850305555556,2,3,9999,0,9,0
1,30,104,58,2,0,1,20020,0,102,2022,4,1,4,5,22,5,28,18,3,3,1,2,7,7,0,0,0,0,6,9,1,70,4,2,1,65,25,51,61,41,0,0,0,0,0,0,0,0,0,10,0,3,0,0,0,0,0,4,2,35.67624138888889,139.76932416666668,6,3,0,0,0,0
1,30,104,59,2,0,1,30000,0,102,2022,4,2,15,25,12,5,26,18,3,1,1,1,1,7,1,21,0,0,12,9,30,70,5,2,1,45,55,3,61,31,0,1,0,1,0,0,0,2,0,10,0,4,0,2,0,2,0,4,2,35.687149722222216,139.77214500000002,7,3,9999,0,9,0
1,30,104,60,2,0,1,30000,0,102,2022,4,4,9,30,12,5,24,18,5,3,1,2,14,7,0,0,0,0,2,9,1,70,5,2,1,55,55,5,61,31,0,1,0,1,0,0,0,4,0,10,0,3,0,2,0,2,0,4,2,35.683321388888885,139.77851805555557,2,3,9999,0,9,0
1,30,104,65,2,0,1,30000,0,102,2022,3,7,11,58,12,6,3,17,41,1,1,1,14,7,0,0,0,0,2,9,1,70,5,3,1,45,55,51,61,41,0,0,0,0,0,0,0,0,0,10,0,3,0,0,0,0,0,4,2,35.692389999999996,139.7805138888889,2,3,0,0,0,0
1,30,104,77,2,0,1,30000,0,102,2022,4,27,8,22,12,4,54,18,24,2,1,2,1,7,9,22,0,0,15,9,30,70,5,2,1,45,35,3,61,1,0,1,0,1,0,0,0,2,0,40,0,4,0,2,0,2,0,4,2,35.67563027777778,139.77284888888892,4,3,9999,0,5,0
1,30,105,21,2,0,3,30000,0,102,2022,4,7,14,32,12,5,20,18,8,1,1,1,1,1,9,22,0,0,19,9,30,70,4,2,1,35,65,5,61,31,0,1,0,1,0,11,0,3,0,0,0,3,0,2,0,2,0,2,2,35.694336944444444,139.78766638888888,5,3,9999,0,1,0
1,30,105,27,2,0,1,10060,0,102,2022,4,29,19,30,22,4,52,18,26,3,1,2,1,8,9,22,0,0,19,9,30,70,4,2,1,35,45,3,61,31,0,1,0,1,0,0,0,5,0,15,0,3,0,2,0,2,0,4,2,35.685181666666665,139.78717194444445,6,1,9999,0,1,0
1,30,106,42,2,0,1,10030,0,102,2022,4,2,13,40,12,5,26,18,3,1,1,1,14,7,0,0,0,0,3,9,1,70,1,2,1,35,55,51,61,41,0,0,0,0,0,0,0,0,0,10,0,4,0,0,0,0,0,4,2,35.66686444444444,139.76315555555556,7,3,0,0,0,0
1,30,107,26,2,0,1,99000,0,102,2022,2,26,15,8,12,6,15,17,33,1,1,1,0,7,0,0,0,0,0,0,20,70,0,2,1,75,75,3,61,1,0,1,0,1,0,11,0,10,0,40,0,4,0,2,0,2,0,4,2,35.66156611111111,139.77882000000002,7,3,17,0,9,0
1,30,108,49,2,0,1,150,29,103,2022,4,4,8,34,12,5,24,18,5,3,1,2,1,1,9,22,0,0,16,9,30,70,1,2,1,55,55,51,61,41,0,0,0,0,0,0,0,0,0,10,0,3,0,0,0,0,0,4,2,35.66253,139.75698,2,3,0,0,0,0
1,30,108,50,2,0,1,30000,0,103,2022,4,4,15,45,12,5,24,18,5,3,1,2,1,7,1,22,0,0,11,9,30,70,5,2,1,55,25,3,61,31,0,1,0,1,0,0,0,1,0,10,0,3,0,2,0,2,0,4,2,35.65938138888889,139.75678638888888,2,3,9999,0,1,0
1,30,108,52,2,0,1,30000,0,103,2022,4,7,19,32,22,5,20,18,8,1,1,1,1,7,9,22,0,0,15,9,30,70,4,2,1,55,1,3,61,1,0,1,0,1,0,0,0,3,0,20,0,3,0,2,0,2,0,4,2,35.668013888888886,139.75849861111112,5,3,9999,0,9,0
1,30,108,54,2,0,1,30000,0,103,2022,4,15,19,20,22,5,9,18,14,3,1,2,1,7,1,21,0,0,15,9,30,70,5,2,1,55,35,3,61,1,0,1,0,1,0,0,0,2,0,15,0,3,0,2,0,2,0,4,2,35.654240277777774,139.76119222222223,6,3,9999,0,9,0
1,30,108,56,2,0,1,20090,0,103,2022,4,10,3,11,22,5,15,18,10,1,1,1,14,1,0,0,0,0,6,9,1,70,1,1,1,25,45,51,61,41,0,0,0,0,0,0,0,0,0,10,0,4,0,0,0,0,0,4,2,35.667814444444446,139.7576975,1,3,0,0,0,0
1,30,108,60,2,0,1,30000,0,103,2022,4,4,10,10,12,5,24,18,5,3,1,2,1,7,9,22,0,0,12,9,30,70,5,3,1,65,35,14,61,31,0,11,0,1,0,0,0,10,0,10,0,3,0,2,0,2,0,4,2,35.66469611111111,139.75822555555555,2,3,9999,0,9,0
1,30,108,61,2,0,1,20030,0,103,2022,4,21,23,55,22,5,1,18,19,3,1,2,1,1,9,22,0,0,17,9,30,70,1,2,1,55,35,3,61,1,0,1,0,1,0,0,0,3,0,10,0,3,0,2,0,2,0,4,2,35.66871555555555,139.75498666666667,5,3,9999,0,9,0
1,30,108,62,2,0,1,30000,0,103,2022,4,23,1,7,22,4,59,18,21,1,1,1,14,7,0,0,0,0,1,9,1,70,5,3,1,65,25,3,61,1,0,1,0,1,0,0,0,10,0,80,0,4,0,2,0,2,0,4,2,35.66478305555555,139.75750444444444,7,3,9999,0,9,0
1,30,108,68,2,0,1,30000,0,103,2022,4,30,11,27,12,4,50,18,27,1,1,1,1,1,9,22,0,0,14,9,30,70,4,2,1,1,55,14,61,31,0,11,0,1,0,0,0,4,0,10,0,3,0,2,0,2,0,4,2,35.66883305555555,139.74860527777776,7,3,9999,0,1,0
1,30,109,37,2,0,1,30000,0,103,2022,4,5,11,30,12,5,22,18,6,2,1,1,14,7,0,0,0,0,1,9,1,70,5,2,1,25,45,3,61,31,0,1,0,1,0,11,0,10,0,40,0,3,0,2,0,2,0,4,2,35.64791916666667,139.7499825,3,3,9999,0,1,0
1,30,109,43,2,0,1,30000,0,103,2022,4,4,19,19,22,5,24,18,5,3,1,2,1,1,9,22,0,0,11,9,30,70,5,2,1,75,1,3,61,1,0,1,0,1,0,0,0,5,0,50,0,3,0,2,0,2,0,4,2,35.64527138888889,139.7548725,2,3,839,0,9,0
1,30,109,44,2,0,1,20000,0,103,2022,4,18,13,34,12,5,5,18,17,2,1,1,1,1,9,22,0,0,13,9,30,70,1,2,1,35,45,14,61,1,0,11,0,1,0,0,0,4,0,40,0,3,0,2,0,2,0,4,2,35.64711361111111,139.7445033333333,2,3,9999,0,1,0
1,30,109,46,2,0,1,30000,0,103,2022,4,20,13,30,12,5,2,18,18,2,1,2,1,7,9,22,0,0,11,9,30,70,5,2,1,45,1,36,61,31,0,0,0,0,0,0,0,2,0,10,0,4,0,0,0,0,0,4,2,35.64721222222222,139.74543416666666,4,3,9999,0,9,0
1,30,109,49,2,0,1,30000,0,103,2022,4,25,17,45,13,4,56,18,22,1,1,1,1,1,9,22,0,0,17,9,30,70,1,1,1,1,1,51,61,41,0,0,0,0,0,0,0,0,0,10,0,4,0,0,0,0,0,4,2,35.64927055555555,139.75279666666665,2,3,0,0,0,0
1,30,109,50,2,0,1,95000,0,103,2022,4,28,16,37,12,4,53,18,25,1,1,1,14,7,0,0,0,0,2,9,1,70,1,1,1,1,65,51,61,41,0,0,0,0,0,0,0,0,0,10,0,4,0,0,0,0,0,4,2,35.64872611111111,139.7445311111111,5,2,0,0,0,0
1,30,110,31,2,0,1,30000,0,103,2022,4,3,15,15,12,5,25,18,4,3,1,2,14,7,0,0,0,0,3,9,1,70,5,1,1,55,1,14,61,1,0,11,0,1,0,0,0,2,0,10,0,4,0,2,0,2,0,4,2,35.632330555555555,139.74882166666666,1,3,9999,0,9,0
1,30,110,35,2,0,1,10,90,103,2022,4,10,20,5,22,5,15,18,10,1,1,1,7,1,0,0,0,0,5,9,1,70,1,1,1,65,45,3,61,1,0,1,0,1,0,0,0,5,0,10,0,3,0,2,0,2,0,4,2,35.632399722222225,139.73077444444445,1,3,9999,0,9,0
1,30,111,74,2,0,1,20170,0,103,2022,4,2,0,15,22,5,26,18,3,1,1,1,1,1,9,22,0,0,13,9,30,70,5,2,1,55,35,3,61,1,0,1,0,1,0,11,0,10,0,10,0,2,0,2,0,2,0,4,2,35.66056944444444,139.7262536111111,7,3,9999,0,9,0
1,30,111,76,2,0,1,30000,0,103,2022,4,6,11,14,12,5,21,18,7,1,1,1,1,1,9,22,0,0,14,9,30,70,5,2,1,45,55,51,61,41,0,0,0,0,0,0,0,0,0,10,0,3,0,0,0,0,0,4,2,35.65858138888889,139.72753166666666,4,3,0,0,0,0
1,30,111,90,2,0,1,30000,0,103,2022,4,21,22,4,22,5,1,18,19,3,1,2,14,7,0,0,0,0,2,9,1,70,5,2,1,65,45,3,61,1,0,1,0,1,0,0,0,1,0,10,0,3,0,2,0,2,0,4,2,35.653925,139.73573083333332,5,3,9999,0,1,0
1,30,111,97,2,0,1,20170,0,103,2022,4,11,17,35,13,5,14,18,11,1,1,1,1,1,1,21,0,0,19,3,30,70,1,1,1,35,25,3,61,31,0,1,0,1,0,0,0,5,0,15,0,3,0,2,0,2,0,4,2,35.66132694444444,139.72844305555554,2,3,9999,0,1,0
1,30,112,65,2,0,1,30000,0,103,2022,4,4,10,55,12,5,24,18,5,3,1,2,14,7,0,0,0,0,3,9,1,70,5,1,1,55,35,3,61,31,0,1,0,1,0,0,0,5,0,30,0,4,0,2,0,2,0,4,2,35.66733222222222,139.72448888888889,2,3,9999,0,9,0
1,30,112,66,2,0,1,20150,0,103,2022,4,5,21,10,22,5,22,18,6,1,1,1,14,7,0,0,0,0,3,9,1,70,4,1,1,65,35,3,61,1,0,1,0,1,0,0,0,3,0,30,0,4,0,2,0,2,0,4,2,35.67308611111111,139.73795638888888,3,3,9999,0,9,0
1,30,112,70,2,0,1,30000,0,103,2022,4,18,19,57,22,5,5,18,17,3,1,2,1,7,9,22,0,0,15,9,30,70,4,2,1,45,35,3,61,1,0,1,0,1,0,11,0,5,0,10,0,3,0,2,0,2,0,4,2,35.66773277777777,139.7454525,2,3,9999,0,9,0
1,30,113,96,2,0,1,30000,0,108,2022,4,4,19,18,22,5,24,18,5,3,1,2,1,1,9,22,0,0,17,9,30,70,1,2,1,25,35,3,61,31,0,1,0,1,0,0,0,3,0,10,0,3,0,2,0,2,0,4,2,35.64720777777778,139.8371666666667,2,3,9999,0,1,0
1,30,113,97,2,0,1,95000,0,108,2022,4,5,20,45,22,5,22,18,6,1,1,1,7,7,0,0,0,0,2,9,1,70,5,2,1,1,75,51,61,41,0,0,0,0,0,0,0,0,0,10,0,3,0,0,0,0,0,4,2,35.65133722222222,139.81007805555558,3,3,0,0,0,0
1,30,113,100,2,0,1,30000,0,108,2022,4,12,5,40,11,5,13,18,12,1,1,1,14,7,0,0,0,0,1,9,1,70,4,2,1,1,75,51,61,41,0,0,0,0,0,0,0,0,0,11,0,3,0,0,0,0,0,4,2,35.65173361111111,139.8066677777778,3,3,0,0,0,0
1,30,113,101,2,0,1,30000,0,108,2022,4,12,9,8,12,5,13,18,12,1,1,1,1,7,1,21,0,0,15,9,30,70,4,2,1,35,45,12,61,1,0,11,0,2,0,0,0,3,0,10,0,4,0,2,0,2,0,4,2,35.64407166666667,139.81490694444446,3,3,9999,0,1,0
1,30,215,35,2,0,1,30000,0,109,2022,4,12,15,20,12,5,13,18,12,1,1,1,14,7,0,0,0,0,2,9,1,70,4,1,1,45,1,3,61,31,0,1,0,1,0,0,0,2,0,10,0,3,0,2,0,2,0,4,2,35.61989416666667,139.73296666666667,3,3,9999,0,1,0
1,30,215,37,2,0,1,10070,0,109,2022,4,5,9,55,12,5,22,18,6,1,1,1,14,7,0,0,0,0,5,9,1,70,5,1,1,25,35,51,61,41,0,0,0,0,0,0,0,0,0,10,0,3,0,0,0,0,0,4,2,35.62181972222222,139.75003416666667,3,3,0,0,0,0
1,30,215,43,2,0,1,30000,0,109,2022,4,28,14,50,12,4,53,18,25,1,1,1,14,7,0,0,0,0,2,9,1,1,5,4,1,25,75,51,61,41,0,0,0,0,0,0,0,0,0,10,0,3,0,0,0,0,0,4,2,35.613995,139.7495986111111,5,2,0,0,0,0
1,30,216,57,2,0,1,30000,0,109,2022,4,13,7,50,12,5,11,18,12,1,1,1,1,7,9,22,0,0,11,9,30,70,5,3,1,35,75,51,61,41,0,0,0,0,0,0,0,0,0,10,0,3,0,0,0,0,0,4,2,35.59682,139.73943166666666,4,3,0,0,0,0
1,30,216,62,2,0,1,150,105,109,2022,4,16,4,55,23,5,7,18,15,3,1,2,14,7,0,0,0,0,5,9,1,70,1,1,1,55,1,11,61,1,0,11,0,1,0,11,0,10,0,50,0,3,0,2,0,2,0,4,2,35.601980833333336,139.7397222222222,7,3,9999,0,1,0
1,30,216,63,2,0,1,30000,0,109,2022,4,16,11,50,12,5,7,18,15,1,1,1,1,1,9,22,0,0,11,9,30,70,4,2,1,1,1,5,61,31,0,1,0,2,0,0,0,2,0,10,0,3,0,2,0,2,0,4,2,35.59782416666667,139.73439194444444,7,3,9999,0,5,0
1,30,216,64,2,0,1,30000,0,109,2022,4,17,17,30,13,5,6,18,16,2,1,1,14,7,0,0,0,0,2,9,1,70,5,3,1,55,1,35,61,31,0,0,0,0,0,0,0,2,0,10,0,3,0,0,0,0,0,4,2,35.600099166666666,139.741055,1,3,9999,0,9,0