資料区分,都道府県コード,警察署等コード,本票番号,事故内容,死者数,負傷者数,路線コード,地点コード,市区町村コード,発生日時　　年,発生日時　　月,発生日時　　日,発生日時　　時,発生日時　　分,昼夜,日の出時刻　　時,日の出時刻　　分,日の入り時刻　　時,日の入り時刻　　分,天候,地形,路面状態,道路形状,信号機,一時停止規制　標識（当事者A）,一時停止規制　表示（当事者A）,一時停止規制　標識（当事者B）,一時停止規制　表示（当事者B）,車道幅員,道路線形,衝突地点,ゾーン規制,中央分離帯施設等,歩車道区分,事故類型,年齢（当事者A）,年齢（当事者B）,当事者種別（当事者A）,当事者種別（当事者B）,用途別（当事者A）,用途別（当事者B）,車両形状等（当事者A）,車両形状等（当事者B）,オートマチック車（当事者A）,オートマチック車（当事者B）,サポカー（当事者A）,サポカー（当事者B）,速度規制（指定のみ）（当事者A）,速度規制（指定のみ）（当事者B）,車両の衝突部位（当事者A）,車両の衝突部位（当事者B）,車両の損壊程度（当事者A）,車両の損壊程度（当事者B）,エアバッグの装備（当事者A）,エアバッグの装備（当事者B）,サイドエアバッグの装備（当事者A）,サイドエアバッグの装備（当事者B）,人身損傷程度（当事者A）,人身損傷程度（当事者B）,lat,lon,曜日(発生年月日),祝日(発生年月日),認知機能検査経過日数（当事者A）,認知機能検査経過日数（当事者B）,運転練習の方法（当事者A）,運転練習の方法（当事者B）
1,30,216,69,2,0,1,30000,0,109,2022,4,24,14,58,12,4,57,18,22,3,1,2,1,7,1,21,0,0,12,9,30,70,5,3,1,75,45,3,61,31,0,1,0,1,0,0,0,2,0,10,0,3,0,2,0,2,0,4,2,35.596295833333336,139.73638305555554,1,3,9999,0,9,0
1,30,216,70,2,0,1,30000,0,109,2022,4,17,19,50,22,5,6,18,16,3,1,2,14,7,0,0,0,0,2,9,1,70,5,3,1,75,25,3,61,31,0,1,0,1,0,0,0,10,0,80,0,3,0,2,0,2,0,4,2,35.59926027777778,139.74034166666667,1,3,936,0,9,0
1,30,216,71,2,0,1,30000,0,109,2022,4,30,16,0,12,4,50,18,27,1,1,1,14,7,0,0,0,0,1,9,1,70,5,4,1,75,1,36,61,31,0,0,0,0,0,0,0,10,0,10,0,3,0,0,0,0,0,4,2,35.59843027777778,139.72880555555557,7,3,9999,0,9,0
1,30,217,66,2,0,1,10,101,109,2022,4,25,12,45,12,4,56,18,22,1,1,1,14,7,0,0,0,0,6,9,1,70,1,1,1,75,35,51,61,41,0,0,0,0,0,0,0,0,0,20,0,3,0,0,0,0,0,2,4,35.625771388888886,139.72190750000001,2,3,0,0,0,0
1,30,217,68,2,0,1,30000,0,109,2022,4,25,19,50,22,4,56,18,22,1,1,1,14,7,0,0,0,0,3,9,1,70,4,1,1,35,45,3,61,31,0,1,0,1,0,0,0,3,0,10,0,3,0,2,0,2,0,4,2,35.62749138888889,139.72341833333334,2,3,9999,0,5,0
1,30,218,67,2,0,1,30000,0,109,2022,1,28,17,15,21,6,44,17,4,1,1,1,1,1,9,22,0,0,12,9,30,70,5,2,1,55,75,4,61,31,0,1,0,1,0,11,0,2,0,10,0,3,0,2,0,2,0,4,2,35.601373611111114,139.71653638888887,6,3,9999,0,9,0
1,30,218,87,2,0,1,10,124,109,2022,4,23,9,55,12,4,59,18,21,1,1,1,14,7,0,0,0,0,6,9,1,70,6,2,1,65,25,3,61,31,0,1,0,1,0,0,0,10,0,10,0,4,0,2,0,2,0,4,2,35.606368333333336,139.7139886111111,7,3,9999,0,9,0
1,30,219,111,2,0,1,30710,0,111,2022,3,23,21,25,22,5,41,17,55,3,1,2,14,7,0,0,0,0,4,8,1,70,4,2,1,1,65,51,61,41,0,0,0,0,0,0,0,0,0,10,0,4,0,0,0,0,0,4,2,35.59153583333334,139.7251977777778,4,3,0,0,0,0
1,30,219,132,2,0,1,20180,0,111,2022,4,13,14,35,12,5,11,18,12,1,1,1,14,7,0,0,0,0,1,9,1,70,5,2,1,55,45,51,61,41,0,0,0,0,0,0,0,0,0,20,0,3,0,0,0,0,0,4,2,35.588634722222224,139.727525,4,3,0,0,0,0
1,30,219,133,2,0,1,10130,0,111,2022,4,14,17,15,13,5,10,18,13,2,1,1,14,7,0,0,0,0,6,9,1,70,1,1,1,35,65,51,61,41,0,0,0,0,0,0,0,0,0,10,0,3,0,0,0,0,0,4,2,35.584315833333335,139.75321861111112,5,3,0,0,0,0
1,30,219,136,2,0,1,30000,0,111,2022,4,18,9,20,12,5,5,18,17,2,1,1,14,7,0,0,0,0,1,9,1,70,5,3,1,65,75,51,61,41,0,0,0,0,0,0,0,0,0,10,0,4,0,0,0,0,0,4,2,35.569385833333335,139.72157555555555,2,3,0,0,0,0
1,30,219,138,2,0,2,10130,0,111,2022,3,28,11,25,12,5,34,17,59,1,1,1,14,7,0,0,0,0,3,9,1,70,1,2,1,25,45,14,61,31,0,11,0,1,0,0,0,4,0,40,0,3,0,2,0,2,0,2,2,35.578676111111115,139.73035333333334,2,3,9999,0,5,0
1,30,219,140,2,0,1,20180,0,111,2022,4,22,7,25,12,5,0,18,20,2,1,1,1,1,9,22,0,0,13,8,30,70,4,2,1,45,55,51,61,41,0,0,0,0,0,0,0,0,0,10,0,3,0,0,0,0,0,4,2,35.59166888888889,139.72872027777777,6,3,0,0,0,0
1,30,219,146,2,0,1,3570,389,111,2022,4,28,9,15,12,4,53,18,25,1,1,1,1,1,9,22,0,0,19,9,30,70,1,1,1,75,45,3,61,31,0,1,0,1,0,0,0,3,0,10,0,3,0,2,0,2,0,4,2,35.57250861111111,139.75964194444444,5,2,470,0,9,0
1,30,220,56,2,0,1,30000,0,111,2022,4,5,10,20,12,5,22,18,6,2,1,1,14,7,0,0,0,0,2,9,1,70,5,3,1,35,75,3,61,31,0,1,0,1,0,0,0,2,0,60,0,4,0,2,0,2,0,4,2,35.57611361111111,139.68700805555557,3,3,9999,0,1,0
1,30,220,57,2,0,1,10130,0,111,2022,4,8,9,40,12,5,18,18,8,1,1,1,14,7,0,0,0,0,5,9,1,70,1,2,1,35,25,51,61,41,0,0,0,0,0,0,0,0,0,10,0,4,0,0,0,0,0,4,2,35.60702166666667,139.6953588888889,6,3,0,0,0,0
1,30,220,72,2,0,1,30000,0,111,2022,4,18,18,45,21,5,5,18,17,3,1,2,14,7,0,0,0,0,2,9,1,70,4,2,1,65,75,3,61,31,0,1,0,1,0,0,0,2,0,80,0,4,0,2,0,2,0,4,2,35.607239444444446,139.6859613888889,2,3,9999,0,9,0
1,30,221,91,2,0,1,10190,0,111,2022,4,2,8,51,12,5,26,18,3,1,1,1,1,1,9,22,0,0,15,9,30,70,4,2,1,25,35,13,61,31,0,11,0,1,0,0,0,3,0,10,0,3,0,2,0,2,0,4,2,35.56416055555555,139.71482749999998,7,3,9999,0,5,0
1,30,221,98,2,0,1,95000,0,111,2022,4,11,14,5,12,5,14,18,11,1,1,1,14,7,0,0,0,0,4,9,1,70,5,2,1,35,65,51,61,41,0,0,0,0,0,0,0,0,0,30,0,3,0,0,0,0,0,2,4,35.56287,139.7178,2,3,0,0,0,0
1,30,221,100,2,0,1,95000,0,111,2022,4,12,10,10,12,5,13,18,12,1,1,1,1,1,9,22,0,0,15,9,20,70,4,2,1,65,65,51,61,41,0,0,0,0,0,0,0,0,0,10,0,3,0,0,0,0,0,4,2,35.54599777777778,139.74089694444444,3,3,0,0,0,0
1,30,221,112,2,0,1,30000,0,111,2022,3,12,18,20,21,5,56,17,46,1,1,1,1,7,9,22,0,0,12,9,30,70,4,1,1,55,45,14,61,1,0,11,0,1,0,0,0,2,0,40,0,3,0,2,0,2,0,4,2,35.541822499999995,139.706155,7,3,9999,0,9,0
1,30,221,114,2,0,1,30000,0,111,2022,4,21,20,35,22,5,1,18,19,3,1,2,1,1,9,22,0,0,18,9,30,70,4,1,1,65,55,3,61,1,0,1,0,1,0,0,0,3,0,20,0,3,0,2,0,2,0,4,2,35.56115777777777,139.71977166666667,5,3,9999,0,9,0
1,30,221,117,2,0,1,30000,0,111,2022,3,24,2,7,22,5,39,17,56,3,1,2,7,7,0,0,0,0,4,9,1,70,4,2,1,45,55,35,61,31,0,0,0,0,0,0,0,2,0,41,0,2,0,0,0,0,0,4,2,35.541826944444445,139.70633222222222,5,3,9999,0,9,0
1,30,221,120,2,0,1,30000,0,111,2022,4,27,11,13,12,4,54,18,24,2,1,1,1,1,0,0,0,0,15,9,30,70,4,3,1,1,0,61,0,0,0,0,0,0,0,0,0,0,0,0,0,0,0,0,0,0,0,2,0,35.569342500000005,139.71159583333332,4,3,0,0,0,0
1,30,221,123,2,0,1,99000,0,111,2022,4,25,21,20,22,4,56,18,22,1,1,1,0,7,0,0,0,0,0,0,20,70,0,4,1,1,65,51,61,41,0,0,0,0,0,0,0,0,0,10,0,3,0,0,0,0,0,4,2,35.54432027777778,139.72339888888888,2,3,0,0,0,0
1,30,221,126,2,0,1,30000,0,111,2022,4,7,12,20,12,5,20,18,8,1,1,1,14,7,0,0,0,0,1,9,1,70,5,4,1,45,0,61,0,0,0,0,0,0,0,0,0,0,0,0,0,0,0,0,0,0,0,2,0,35.56406972222222,139.71528777777777,5,3,0,0,0,0
1,30,222,86,2,0,1,30000,0,111,2022,4,8,18,30,21,5,18,18,8,1,1,1,14,7,0,0,0,0,3,7,1,70,4,3,1,55,1,35,61,31,0,0,0,0,0,0,0,2,0,10,0,3,0,0,0,0,0,4,2,35.592148611111114,139.71055805555554,6,3,9999,0,9,0
1,30,222,87,2,0,1,30000,0,111,2022,4,10,12,0,12,5,15,18,10,1,1,1,14,7,0,0,0,0,2,9,1,70,5,3,1,65,35,3,61,31,0,1,0,1,0,0,0,1,0,80,0,3,0,2,0,2,0,4,2,35.56229,139.69990777777778,1,3,9999,0,9,0
1,30,222,92,2,0,1,30000,0,111,2022,4,18,7,20,12,5,5,18,17,2,1,1,1,7,1,21,0,0,13,9,30,70,1,1,1,75,35,3,61,31,0,1,0,1,0,0,0,10,0,10,0,3,0,2,0,2,0,4,2,35.58809166666667,139.7070336111111,2,3,1034,0,9,0
1,30,222,99,2,0,1,30000,0,111,2022,4,27,22,35,22,4,54,18,24,2,1,1,14,7,0,0,0,0,2,9,1,70,5,3,1,65,45,51,61,41,0,0,0,0,0,0,0,0,0,10,0,3,0,0,0,0,0,4,2,35.578608888888894,139.69968194444445,4,3,0,0,0,0
1,30,325,63,2,0,1,30000,0,112,2021,12,11,16,45,21,6,40,16,28,1,1,1,14,7,0,0,0,0,3,9,1,70,4,4,1,65,45,4,61,31,0,1,0,1,0,0,0,2,0,80,0,3,0,2,0,2,0,4,2,35.64194611111111,139.6455922222222,7,3,9999,0,9,0
1,30,325,67,2,0,1,30000,0,112,2022,4,8,12,0,12,5,18,18,8,1,1,1,14,7,0,0,0,0,2,9,1,70,5,3,1,45,55,4,61,31,0,1,0,1,0,11,0,2,0,20,0,4,0,2,0,2,0,4,2,35.6457325,139.65589500000002,6,3,9999,0,5,0
1,30,325,78,2,0,1,21020,0,112,2022,4,27,9,22,12,4,54,18,24,1,1,1,1,1,9,22,0,0,15,9,30,70,4,1,1,25,45,51,61,41,0,0,0,0,0,0,0,0,0,10,0,3,0,0,0,0,0,4,2,35.64515138888889,139.67900833333331,4,3,0,0,0,0
1,30,325,83,2,0,1,30000,0,112,2022,4,20,17,40,13,5,2,18,18,1,1,1,14,7,0,0,0,0,3,9,1,70,5,3,1,45,1,36,61,31,0,0,0,0,0,0,0,2,0,40,0,4,0,0,0,0,0,4,2,35.64684972222222,139.67201333333333,4,3,9999,0,9,0
1,30,326,112,2,0,1,30000,0,112,2022,3,17,23,43,22,5,49,17,50,3,1,2,14,7,0,0,0,0,1,9,1,70,5,4,1,45,25,3,61,31,0,1,0,1,0,0,0,10,0,30,0,4,0,2,0,2,0,4,2,35.66195444444444,139.65398444444446,5,3,9999,0,9,0
1,30,326,113,2,0,1,30000,0,112,2022,4,10,15,40,12,5,15,18,10,1,1,1,1,7,1,22,0,0,11,9,30,70,5,4,1,25,1,14,61,1,0,11,0,1,0,0,0,1,0,80,0,3,0,2,0,2,0,4,2,35.66217861111111,139.6731286111111,1,3,9999,0,1,0
1,30,326,123,2,0,1,30000,0,112,2022,4,18,11,55,12,5,5,18,17,2,1,3,14,7,0,0,0,0,1,9,1,70,5,3,1,65,55,14,61,1,0,11,0,1,0,0,0,2,0,40,0,4,0,2,0,2,0,4,2,35.6540525,139.63347,2,3,9999,0,9,0
1,30,326,130,2,0,1,30000,0,112,2022,4,23,18,42,21,4,59,18,21,1,1,1,14,7,0,0,0,0,2,8,1,70,5,4,1,1,35,3,61,31,0,1,0,1,0,11,0,5,0,41,0,4,0,2,0,2,0,4,2,35.66687583333333,139.6503463888889,7,3,9999,0,1,0
1,30,326,132,2,0,1,31010,0,112,2022,4,27,5,20,11,4,54,18,24,2,1,1,14,7,0,0,0,0,3,9,1,70,4,2,1,45,65,35,61,31,0,0,0,0,0,11,0,3,0,20,0,3,0,0,0,0,0,4,2,35.6567325,139.65191472222222,4,3,9999,0,9,0
1,30,326,134,2,0,1,30000,0,112,2022,4,28,12,20,12,4,53,18,25,1,1,1,14,7,0,0,0,0,2,9,1,70,5,3,1,45,25,3,61,31,0,1,0,1,0,11,0,2,0,40,0,4,0,2,0,2,0,4,2,35.659973055555554,139.66814694444443,5,2,9999,0,9,0
1,30,326,138,2,0,1,95000,0,112,2022,4,30,0,45,22,4,50,18,27,2,1,1,1,1,9,22,0,0,15,9,30,70,5,3,1,45,35,3,61,1,0,1,0,1,0,0,0,2,0,50,0,3,0,2,0,2,0,4,2,35.66507027777778,139.66547166666666,7,3,9999,0,9,0
1,30,326,142,2,0,1,30000,0,112,2022,4,10,15,5,12,5,15,18,10,1,1,1,1,7,1,21,0,0,11,9,30,70,5,3,1,65,35,3,61,1,0,1,0,1,0,0,0,2,0,40,0,3,0,2,0,2,0,4,2,35.665749166666664,139.65767250000002,1,3,9999,0,9,0
1,30,327,142,2,0,1,30000,0,112,2022,4,8,16,0,12,5,18,18,8,1,1,1,14,7,0,0,0,0,2,9,1,70,5,4,1,45,75,3,61,1,0,1,0,1,0,0,0,5,0,30,0,3,0,2,0,2,0,4,2,35.62721666666667,139.6502277777778,6,3,9999,0,9,0
1,30,327,144,2,0,1,2460,123,112,2022,4,9,9,35,12,5,17,18,9,1,1,1,14,7,0,0,0,0,4,9,1,70,1,1,1,1,1,51,61,41,0,0,0,0,0,0,0,0,0,10,0,4,0,0,0,0,0,4,2,35.62277638888889,139.63448444444444,7,3,0,0,0,0
1,30,327,162,2,0,1,30000,0,112,2022,4,23,10,30,12,4,59,18,21,1,1,1,14,7,0,0,0,0,3,9,1,70,5,3,1,55,35,3,61,31,0,1,0,1,0,0,0,2,0,10,0,3,0,2,0,2,0,4,2,35.60527888888889,139.66480305555555,7,3,9999,0,9,0
1,30,327,169,2,0,1,30000,0,112,2022,3,16,8,20,12,5,51,17,49,1,1,1,14,7,0,0,0,0,3,9,1,70,5,3,1,45,0,61,0,0,0,0,0,0,0,0,0,0,0,0,0,0,0,0,0,0,0,2,0,35.62216277777778,139.62730472222222,4,3,0,0,0,0
1,30,328,138,2,0,1,30000,0,112,2022,2,23,10,40,12,6,19,17,30,1,1,1,1,8,9,22,0,0,15,9,30,70,4,1,1,25,55,51,61,41,0,0,0,0,0,0,0,0,0,10,0,3,0,0,0,0,0,4,2,35.657565,139.62663305555557,4,1,0,0,0,0
1,30,328,144,2,0,1,200,186,112,2022,4,4,21,20,22,5,24,18,5,3,1,2,1,1,9,22,0,0,18,9,30,70,4,1,1,55,55,3,61,1,0,1,0,1,0,11,0,1,0,10,0,3,0,2,0,2,0,4,2,35.67097416666667,139.59739694444445,2,3,9999,0,9,0
1,30,328,148,2,0,1,30000,0,112,2022,3,24,13,55,12,5,39,17,56,1,1,1,13,7,0,0,0,0,2,6,1,70,5,4,1,25,35,4,61,31,0,1,0,1,0,11,0,2,0,40,0,3,0,2,0,2,0,4,2,35.637505555555556,139.6196336111111,5,3,9999,0,1,0
1,30,328,152,2,0,1,30000,0,112,2022,2,26,0,4,22,6,15,17,33,1,1,1,14,7,0,0,0,0,2,9,1,1,4,1,1,35,45,3,61,31,0,1,0,1,0,0,0,2,0,10,0,3,0,2,0,2,0,4,2,35.669064999999996,139.61673000000002,7,3,9999,0,1,0
1,30,328,163,2,0,1,30000,0,112,2022,4,21,15,25,12,5,1,18,19,2,1,1,14,7,0,0,0,0,2,9,1,70,5,3,1,25,1,14,61,31,0,11,0,1,0,0,0,5,0,20,0,3,0,2,0,2,0,4,2,35.67185666666666,139.61666194444444,5,3,9999,0,1,0
1,30,328,167,2,0,1,30000,0,112,2022,4,23,18,0,13,4,59,18,21,2,1,1,1,1,9,22,0,0,15,9,30,1,5,3,1,25,45,14,61,31,0,11,0,1,0,11,0,2,0,10,0,3,0,2,0,2,0,4,2,35.667138333333334,139.5933388888889,7,3,9999,0,1,0
1,30,328,173,2,0,1,30000,0,112,2022,4,29,10,5,12,4,52,18,26,3,1,2,1,7,9,22,0,0,12,9,30,70,5,3,1,35,1,51,61,41,0,0,0,0,0,0,0,0,0,10,0,3,0,0,0,0,0,4,2,35.64550222222222,139.61682916666666,6,1,0,0,0,0
1,30,328,175,2,0,1,30000,0,112,2022,4,30,9,20,12,4,50,18,27,1,1,1,1,1,9,22,0,0,15,9,30,70,4,2,1,25,65,14,61,1,0,11,0,1,0,0,0,2,0,10,0,3,0,2,0,2,0,4,2,35.65756555555556,139.6266241666667,7,3,9999,0,1,0
1,30,329,82,2,0,1,30000,0,110,2022,4,4,21,8,22,5,24,18,5,3,1,2,1,7,1,21,0,0,15,9,30,70,4,1,1,1,25,3,61,31,0,1,0,1,0,0,0,2,0,50,0,4,0,2,0,2,0,4,2,35.643524722222224,139.69979222222221,2,3,9999,0,1,0
1,30,329,83,2,0,1,10080,0,110,2022,4,8,17,5,12,5,18,18,8,1,1,1,14,7,0,0,0,0,5,7,1,70,4,2,1,35,1,51,61,41,0,0,0,0,0,0,0,0,0,10,0,4,0,0,0,0,0,4,2,35.631996111111114,139.70720777777777,6,3,0,0,0,0
1,30,329,85,2,0,2,30000,0,110,2022,4,13,19,45,22,5,11,18,12,1,1,1,14,7,0,0,0,0,2,9,1,70,5,3,1,65,25,3,61,31,0,1,0,1,0,11,0,10,0,30,0,3,0,2,0,2,0,4,2,35.6502675,139.68447083333334,4,3,9999,0,9,0
1,30,329,88,2,0,1,20260,0,110,2022,4,16,18,30,21,5,7,18,15,1,1,1,1,1,1,21,0,0,14,9,30,70,4,2,1,65,75,3,61,1,0,1,0,1,0,0,0,3,0,10,0,3,0,2,0,2,0,4,2,35.655366666666666,139.68670972222222,7,3,9999,0,9,0
1,30,329,89,2,0,1,10160,0,110,2021,12,9,12,35,12,6,39,16,28,1,1,1,1,7,1,21,0,0,11,9,30,70,5,1,1,75,35,3,61,31,0,1,0,1,0,0,0,10,0,10,0,4,0,2,0,2,0,4,2,35.64004027777778,139.70313305555555,5,3,255,0,9,0
1,30,329,101,2,0,1,20000,0,110,2022,4,18,14,25,12,5,5,18,17,2,1,1,7,7,0,0,0,0,2,9,1,70,5,3,1,35,25,17,61,1,0,11,0,1,0,0,0,5,0,40,0,4,0,2,0,2,0,4,2,35.637523055555555,139.69125583333334,2,3,9999,0,5,0
1,30,329,103,2,0,1,30000,0,110,2022,4,27,16,20,12,4,54,18,24,2,1,1,1,7,9,22,0,0,15,9,30,70,5,2,1,45,25,3,61,31,0,1,0,1,0,0,0,10,0,80,0,4,0,2,0,2,0,4,2,35.64474805555555,139.6999425,4,3,9999,0,5,0
1,30,330,90,2,0,1,30000,0,110,2022,4,10,15,10,12,5,15,18,10,1,1,1,14,7,0,0,0,0,1,9,1,1,5,3,1,55,65,3,61,1,0,1,0,1,0,0,0,1,0,40,0,3,0,2,0,2,0,4,2,35.62609833333333,139.6893902777778,1,3,9999,0,9,0
1,30,330,94,2,0,1,30000,0,110,2022,4,2,12,20,12,5,26,18,3,1,1,1,14,7,0,0,0,0,2,9,1,70,5,3,1,35,35,51,61,41,0,0,0,0,0,0,0,0,0,23,0,4,0,0,0,0,0,4,2,35.60762833333334,139.66986277777778,7,3,0,0,0,0
1,30,330,97,2,0,1,30000,0,110,2022,4,20,19,15,21,5,2,18,18,2,1,1,1,7,9,22,0,0,15,9,30,70,5,3,1,1,35,3,61,31,0,1,0,1,0,0,0,3,0,20,0,4,0,2,0,2,0,4,2,35.610951944444444,139.66842777777777,4,3,9999,0,1,0
1,30,330,98,2,0,1,30000,0,110,2022,3,18,16,41,12,5,48,17,51,3,1,2,14,7,0,0,0,0,2,9,1,70,5,3,1,55,1,3,61,31,0,1,0,1,0,0,0,2,0,10,0,4,0,2,0,2,0,4,2,35.63027972222222,139.68207055555555,6,3,9999,0,4,0
1,30,330,104,2,0,1,30000,0,110,2022,4,23,8,15,12,4,59,18,21,2,1,1,14,7,0,0,0,0,2,9,1,70,5,3,1,1,55,51,61,41,0,0,0,0,0,0,0,0,0,10,0,3,0,0,0,0,0,4,2,35.6294175,139.689795,7,3,0,0,0,0
1,30,330,106,2,0,1,30000,0,110,2022,4,18,10,13,12,5,5,18,17,2,1,1,14,7,0,0,0,0,1,9,1,70,5,3,1,25,45,3,61,31,0,1,0,1,0,0,0,1,0,80,0,3,0,2,0,2,0,4,2,35.62112861111111,139.6766661111111,2,3,9999,0,1,0
1,30,331,95,2,0,1,10090,0,113,2022,4,12,8,10,12,5,13,18,12,1,1,1,14,7,0,0,0,0,5,9,1,70,5,2,1,45,45,51,61,41,0,0,0,0,0,0,0,0,0,10,0,4,0,0,0,0,0,4,2,35.64853611111111,139.71216305555555,3,3,0,0,0,0
1,30,331,97,2,0,1,30000,0,113,2022,4,14,12,10,12,5,10,18,13,3,1,2,1,7,1,21,0,0,13,9,30,70,5,3,1,45,35,3,61,1,0,1,0,1,0,11,0,2,0,40,0,3,0,2,0,2,0,4,2,35.661139722222224,139.70638444444444,5,3,9999,0,9,0
1,30,331,99,2,0,1,30000,0,113,2022,4,14,18,20,21,5,10,18,13,3,1,2,1,7,9,22,0,0,14,9,30,70,5,3,1,55,1,31,61,31,0,0,0,0,0,11,0,2,0,10,0,3,0,0,0,0,0,4,2,35.64874611111111,139.70669388888888,5,3,9999,0,9,0
1,30,331,102,2,0,1,30000,0,113,2022,4,16,9,30,12,5,7,18,15,1,1,1,14,7,0,0,0,0,1,8,1,70,5,1,1,45,75,51,61,41,0,0,0,0,0,0,0,0,0,10,0,4,0,0,0,0,0,4,2,35.65869083333333,139.69297972222222,7,3,0,0,0,0
1,30,331,107,2,0,1,20250,0,113,2022,4,14,21,20,22,5,10,18,13,3,1,2,1,1,9,22,0,0,15,9,30,70,4,1,1,25,1,36,61,31,0,0,0,0,0,11,0,10,0,10,0,3,0,0,0,0,0,4,2,35.6469325,139.7114611111111,5,3,9999,0,1,0
1,30,331,109,2,0,1,30000,0,113,2022,4,23,14,38,12,4,59,18,21,1,1,1,7,1,0,0,0,0,4,9,1,70,4,1,1,1,65,52,61,41,0,0,0,0,0,0,0,0,0,20,0,4,0,0,0,0,0,4,2,35.64673472222222,139.71160999999998,7,3,0,0,0,0
1,30,331,110,2,0,1,30000,0,113,2022,4,25,16,15,12,4,56,18,22,1,1,1,7,7,0,0,0,0,1,9,1,70,5,3,1,45,35,3,61,1,0,1,0,1,0,0,0,10,0,10,0,3,0,2,0,2,0,4,2,35.65890861111111,139.69653083333333,2,3,9999,0,9,0
1,30,331,111,2,0,1,30220,0,113,2022,4,30,20,17,22,4,50,18,27,1,1,1,14,7,0,0,0,0,2,8,1,70,4,2,1,1,35,52,61,41,0,0,0,0,0,0,0,0,0,10,0,3,0,0,0,0,0,4,2,35.65779944444444,139.69635416666668,7,3,0,0,0,0
1,30,332,40,2,0,1,30000,0,113,2022,4,16,13,17,12,5,7,18,15,1,1,1,14,7,0,0,0,0,2,9,1,70,5,2,1,35,75,3,61,31,0,1,0,1,0,11,0,2,0,40,0,3,0,2,0,2,0,4,2,35.66666472222222,139.70989333333333,7,3,9999,0,5,0
1,30,332,41,2,0,1,30000,0,113,2022,4,13,10,20,12,5,11,18,12,1,1,1,14,1,0,0,0,0,3,9,1,70,4,2,1,75,25,3,61,1,0,1,0,1,0,0,0,4,0,10,0,4,0,2,0,2,0,4,2,35.670266388888884,139.70286166666665,4,3,418,0,9,0
1,30,333,93,2,0,1,21000,0,113,2022,4,14,23,5,22,5,10,18,13,3,1,2,14,7,0,0,0,0,5,9,1,70,4,2,1,45,35,3,61,1,0,1,0,1,0,0,0,4,0,10,0,2,0,1,0,2,0,4,2,35.668838055555554,139.70115944444444,5,3,9999,0,9,0
1,30,333,94,2,0,1,200,110,113,2022,4,16,7,10,12,5,7,18,15,3,1,2,7,7,0,0,0,0,5,9,1,70,1,1,1,45,55,51,61,41,0,0,0,0,0,0,0,0,0,40,0,4,0,0,0,0,0,4,2,35.67738583333333,139.67797861111112,7,3,0,0,0,0
1,30,333,99,2,0,1,200,121,113,2022,4,21,10,55,12,5,1,18,19,2,1,1,1,1,9,22,0,0,19,9,30,70,1,2,1,55,45,51,61,41,0,0,0,0,0,0,0,0,0,20,0,3,0,0,0,0,0,4,2,35.673744444444445,139.66450833333334,5,3,0,0,0,0
1,30,333,104,2,0,1,30250,0,113,2022,4,22,16,42,12,5,0,18,20,1,1,1,1,1,9,22,0,0,12,9,30,70,4,2,1,25,75,3,61,1,0,1,0,1,0,11,0,4,0,10,0,3,0,2,0,2,0,4,2,35.68331638888888,139.69164305555557,6,3,9999,0,9,0
1,30,333,112,2,0,1,30000,0,113,2022,4,9,14,35,12,5,17,18,9,1,1,1,14,7,0,0,0,0,2,9,1,70,5,4,1,45,45,51,61,41,0,0,0,0,0,0,0,0,0,10,0,3,0,0,0,0,0,4,2,35.67800805555555,139.67000444444443,7,3,0,0,0,0
1,30,333,115,2,0,1,200,115,113,2022,4,30,14,35,12,4,50,18,27,1,1,1,1,7,9,22,0,0,13,8,30,70,1,1,1,65,75,51,61,41,0,0,0,0,0,0,0,0,0,10,0,3,0,0,0,0,0,4,2,35.67554444444444,139.6717211111111,7,3,0,0,0,0
1,30,333,116,2,0,1,10160,0,113,2022,4,15,15,40,12,5,9,18,14,3,1,2,1,1,9,22,0,0,19,3,30,70,1,1,1,1,45,3,61,31,0,1,0,1,0,0,0,5,0,10,0,3,0,2,0,2,0,4,2,35.67712888888889,139.68775333333335,6,3,9999,0,1,0
1,30,435,57,2,0,1,30000,0,104,2022,4,19,16,25,12,5,4,18,17,1,1,1,14,7,0,0,0,0,1,9,1,70,5,4,1,25,75,3,61,31,0,1,0,1,0,0,0,10,0,30,0,3,0,2,0,2,0,4,2,35.70395944444445,139.73094805555556,3,3,9999,0,1,0
1,30,435,62,2,0,1,31020,0,104,2022,4,28,16,50,12,4,53,18,25,1,1,1,14,7,0,0,0,0,5,9,1,70,1,1,1,25,75,51,61,41,0,0,0,0,0,0,0,0,0,10,0,3,0,0,0,0,0,4,2,35.70765138888889,139.72478972222223,5,2,0,0,0,0
1,30,436,58,2,0,1,30000,0,104,2022,4,15,8,10,12,5,9,18,14,3,1,2,1,7,1,21,0,0,11,9,30,1,5,3,1,25,35,14,61,31,0,11,0,1,0,0,0,2,0,10,0,3,0,2,0,2,0,4,2,35.70675305555556,139.693245,6,3,9999,0,4,0
1,30,436,61,2,0,1,95000,0,104,2022,3,31,4,5,22,5,29,18,2,1,1,1,14,7,0,0,0,0,5,7,1,70,4,2,1,45,25,3,61,1,0,1,0,1,0,0,0,4,0,10,0,2,0,2,0,2,0,4,2,35.691719166666665,139.68877583333332,5,3,9999,0,9,0
1,30,436,62,2,0,1,30000,0,104,2022,4,26,4,33,23,4,55,18,23,1,1,1,1,1,9,22,0,0,15,9,30,70,4,2,1,55,25,3,61,1,0,1,0,1,0,11,0,3,0,10,0,3,0,2,0,2,0,4,2,35.696373055555554,139.70028833333333,3,3,9999,0,1,0
1,30,436,63,2,0,1,30000,0,104,2022,3,11,10,15,12,5,58,17,45,1,1,1,1,1,9,22,0,0,15,9,30,70,4,1,1,45,45,3,61,1,0,1,0,1,0,0,0,2,0,10,0,4,0,2,0,2,0,4,2,35.69502388888888,139.70432138888887,6,3,9999,0,9,0