資料区分,都道府県コード,警察署等コード,本票番号,事故内容,死者数,負傷者数,路線コード,地点コード,市区町村コード,発生日時　　年,発生日時　　月,発生日時　　日,発生日時　　時,発生日時　　分,昼夜,日の出時刻　　時,日の出時刻　　分,日の入り時刻　　時,日の入り時刻　　分,天候,地形,路面状態,道路形状,信号機,一時停止規制　標識（当事者A）,一時停止規制　表示（当事者A）,一時停止規制　標識（当事者B）,一時停止規制　表示（当事者B）,車道幅員,道路線形,衝突地点,ゾーン規制,中央分離帯施設等,歩車道区分,事故類型,年齢（当事者A）,年齢（当事者B）,当事者種別（当事者A）,当事者種別（当事者B）,用途別（当事者A）,用途別（当事者B）,車両形状等（当事者A）,車両形状等（当事者B）,オートマチック車（当事者A）,オートマチック車（当事者B）,サポカー（当事者A）,サポカー（当事者B）,速度規制（指定のみ）（当事者A）,速度規制（指定のみ）（当事者B）,車両の衝突部位（当事者A）,車両の衝突部位（当事者B）,車両の損壊程度（当事者A）,車両の損壊程度（当事者B）,エアバッグの装備（当事者A）,エアバッグの装備（当事者B）,サイドエアバッグの装備（当事者A）,サイドエアバッグの装備（当事者B）,人身損傷程度（当事者A）,人身損傷程度（当事者B）,lat,lon,曜日(発生年月日),祝日(発生年月日),認知機能検査経過日数（当事者A）,認知機能検査経過日数（当事者B）,運転練習の方法（当事者A）,運転練習の方法（当事者B）
1,30,436,65,2,0,1,200,89,104,2022,4,16,10,4,12,5,7,18,15,1,1,1,7,1,0,0,0,0,5,9,1,70,1,2,1,45,55,51,61,41,0,0,0,0,0,0,0,0,0,10,0,3,0,0,0,0,0,4,2,35.687928888888884,139.6966711111111,7,3,0,0,0,0
1,30,437,44,2,0,1,10220,0,104,2022,3,10,11,45,12,5,59,17,44,1,1,1,7,1,0,0,0,0,4,9,1,70,1,1,1,1,75,51,61,41,0,0,0,0,0,0,0,0,0,20,0,4,0,0,0,0,0,4,2,35.71317055555556,139.70493944444442,5,3,0,0,0,0
1,30,437,48,2,0,1,30000,0,104,2022,4,5,18,50,21,5,22,18,6,1,1,1,14,7,0,0,0,0,3,8,1,70,4,2,1,45,45,51,61,41,0,0,0,0,0,0,0,0,0,40,0,3,0,0,0,0,0,4,2,35.71261305555556,139.7045497222222,3,3,0,0,0,0
1,30,437,49,2,0,1,30000,0,104,2022,4,6,9,17,12,5,21,18,7,1,1,1,1,7,9,22,0,0,11,9,30,70,5,3,1,65,1,3,61,1,0,1,0,1,0,0,0,1,0,10,0,4,0,2,0,2,0,4,2,35.71998111111111,139.70219277777775,4,3,9999,0,9,0
1,30,437,51,2,0,1,10280,0,104,2022,4,6,11,35,12,5,21,18,7,1,1,1,1,1,9,22,0,0,12,9,30,1,1,2,1,45,1,13,61,31,0,11,0,2,0,0,0,1,0,40,0,3,0,2,0,2,0,4,2,35.711352222222224,139.72026527777777,4,3,9999,0,1,0
1,30,437,54,2,0,1,30000,0,104,2022,4,29,23,38,22,4,52,18,26,2,1,1,1,1,9,22,0,0,19,8,30,70,1,2,1,75,1,3,61,1,0,1,0,1,0,11,0,3,0,10,0,3,0,2,0,2,0,4,2,35.70936833333334,139.70332444444443,6,1,855,0,9,0
1,30,437,56,2,0,1,30000,0,104,2022,4,30,22,5,22,4,50,18,27,1,1,1,14,7,0,0,0,0,2,9,1,70,5,4,1,35,45,3,61,31,0,1,0,1,0,0,0,1,0,20,0,3,0,2,0,2,0,4,2,35.71506611111111,139.70243333333332,7,3,9999,0,1,0
1,30,438,60,2,0,1,30000,0,104,2022,3,31,9,45,12,5,29,18,2,1,1,1,14,7,0,0,0,0,2,9,1,70,5,3,1,35,35,3,61,31,0,1,0,1,0,0,0,5,0,80,0,4,0,2,0,2,0,4,2,35.687036388888885,139.7271188888889,5,3,9999,0,1,0
1,30,438,70,2,0,1,10050,0,104,2022,2,27,4,24,22,6,14,17,34,1,1,1,14,7,0,0,0,0,5,9,1,70,1,1,1,35,1,3,61,31,0,1,0,1,0,0,0,10,0,10,0,4,0,2,0,2,0,4,2,35.69257333333333,139.70516944444444,1,3,9999,0,1,0
1,30,439,61,1,1,0,30000,0,114,2022,3,25,22,18,22,5,38,17,57,1,1,1,13,7,0,0,0,0,3,6,1,70,4,1,1,45,45,3,61,1,0,1,0,1,0,11,0,3,0,0,0,4,0,2,0,2,0,4,1,35.68691055555555,139.67233,6,3,9999,0,1,0
1,30,439,64,2,0,1,30000,0,114,2022,4,2,14,30,12,5,26,18,3,1,1,1,14,7,0,0,0,0,1,9,1,70,5,2,1,25,55,51,61,41,0,0,0,0,0,0,0,0,0,0,0,3,0,0,0,0,0,4,2,35.690444166666666,139.67995138888887,7,3,0,0,0,0
1,30,439,66,2,0,1,10230,0,114,2022,4,3,0,24,22,5,25,18,4,1,1,1,14,7,0,0,0,0,4,9,1,70,4,1,1,55,0,61,0,0,0,0,0,0,0,0,0,0,0,0,0,0,0,0,0,0,0,2,0,35.68642055555555,139.6714763888889,1,3,0,0,0,0
1,30,439,68,2,0,1,20280,0,114,2022,4,8,16,50,12,5,18,18,8,1,1,1,1,1,9,22,0,0,15,9,30,70,4,1,1,45,75,51,61,41,0,0,0,0,0,0,0,0,0,10,0,4,0,0,0,0,0,4,2,35.694380277777775,139.66823277777777,6,3,0,0,0,0
1,30,439,79,2,0,1,30000,0,114,2022,4,23,9,50,12,4,59,18,21,1,1,1,1,7,9,22,0,0,11,9,30,70,5,4,1,35,45,14,61,1,0,11,0,1,0,0,0,10,0,10,0,3,0,2,0,2,0,4,2,35.685685,139.66945305555555,7,3,9999,0,5,0
1,30,439,81,2,0,1,20290,0,114,2022,4,26,23,53,22,4,55,18,23,1,1,1,14,7,0,0,0,0,4,9,1,70,4,1,1,25,55,3,61,31,0,1,0,1,0,0,0,3,0,10,0,4,0,2,0,2,0,4,2,35.70091777777778,139.68210694444443,3,3,9999,0,1,0
1,30,439,84,2,0,1,30000,0,114,2022,4,30,11,56,12,4,50,18,27,1,1,1,14,7,0,0,0,0,4,9,1,70,4,2,1,35,65,17,61,31,0,11,0,2,0,11,0,3,0,80,0,3,0,2,0,2,0,4,2,35.696843055555554,139.67031527777777,7,3,9999,0,5,0
1,30,439,85,2,0,1,30000,0,114,2022,4,30,13,50,12,4,50,18,27,1,1,1,1,1,9,22,0,0,14,9,30,70,5,1,1,65,75,3,61,31,0,1,0,1,0,0,0,3,0,10,0,3,0,2,0,1,0,4,2,35.69586611111111,139.66960749999998,7,3,9999,0,9,0
1,30,440,52,1,1,1,10220,0,114,2022,4,14,18,45,21,5,10,18,13,3,1,2,1,1,9,22,0,0,18,9,30,70,5,2,1,35,35,51,61,41,0,0,0,0,0,0,0,0,0,10,0,2,0,0,0,0,0,2,1,35.70995111111112,139.66483666666667,5,3,0,0,0,0
1,30,440,54,2,0,1,30000,0,114,2022,4,1,22,50,22,5,28,18,3,1,1,1,1,7,9,22,0,0,15,9,30,70,5,3,1,1,45,52,61,41,0,0,0,0,0,0,0,0,0,20,0,3,0,0,0,0,0,4,2,35.718915555555554,139.65255861111112,6,3,0,0,0,0
1,30,440,55,2,0,2,20280,0,114,2022,4,2,13,30,12,5,26,18,3,1,1,1,14,7,0,0,0,0,2,9,1,70,4,2,1,55,45,51,61,41,0,0,0,0,0,0,0,0,0,20,0,3,0,0,0,0,0,2,2,35.710571111111115,139.665285,7,3,0,0,0,0
1,30,440,64,2,0,1,20500,0,114,2022,4,8,7,8,12,5,18,18,8,1,1,1,7,1,0,0,0,0,2,9,1,70,4,2,1,35,55,13,61,31,0,11,0,1,0,0,0,3,0,10,0,3,0,2,0,2,0,4,2,35.72392305555556,139.63816333333332,6,3,9999,0,5,0
1,30,440,74,2,0,1,30000,0,114,2022,4,14,8,40,12,5,10,18,13,3,1,2,1,1,9,22,0,0,14,9,30,70,5,2,1,35,65,14,61,31,0,11,0,1,0,11,0,3,0,10,0,3,0,2,0,2,0,4,2,35.71541055555556,139.67353444444444,5,3,9999,0,5,0
1,30,440,80,2,0,1,10220,0,114,2022,4,25,18,30,21,4,56,18,22,1,1,1,14,7,0,0,0,0,3,9,1,70,4,2,1,65,35,3,61,31,0,1,0,1,0,0,0,10,0,30,0,4,0,2,0,2,0,4,2,35.70979916666667,139.65973277777778,2,3,9999,0,9,0
1,30,441,69,2,0,1,20500,0,115,2022,4,1,18,45,21,5,28,18,3,1,1,1,14,7,0,0,0,0,3,9,1,70,4,2,1,65,1,3,61,31,0,1,0,1,0,11,0,3,0,10,0,3,0,2,0,2,0,4,2,35.70307777777778,139.63639055555555,6,3,9999,0,9,0
1,30,441,79,2,0,1,95000,0,115,2022,4,19,13,30,12,5,4,18,17,1,1,1,7,7,0,0,0,0,4,9,1,70,4,2,1,75,65,51,61,41,0,0,0,0,0,0,0,0,0,10,0,3,0,0,0,0,0,4,2,35.70532861111111,139.63672416666665,3,3,0,0,0,0
1,30,441,81,2,0,1,10240,0,115,2022,4,20,7,10,12,5,2,18,18,1,1,1,14,7,0,0,0,0,4,9,1,70,4,2,1,1,1,51,61,41,0,0,0,0,0,0,0,0,0,10,0,3,0,0,0,0,0,4,4,35.69813138888888,139.65622555555555,4,3,0,0,0,0
1,30,441,82,2,0,1,30000,0,115,2022,4,18,21,10,22,5,5,18,17,3,1,2,1,7,9,22,0,0,11,9,30,70,5,2,1,1,65,51,61,41,0,0,0,0,0,0,0,0,0,10,0,3,0,0,0,0,0,4,2,35.696234999999994,139.65604055555556,2,3,0,0,0,0
1,30,441,84,2,0,1,30000,0,115,2022,4,28,8,15,12,4,53,18,25,2,1,1,1,1,9,22,0,0,11,9,30,70,4,2,1,45,75,17,61,31,0,11,0,2,0,0,0,1,0,10,0,3,0,2,0,2,0,4,2,35.688537499999995,139.64161694444445,5,2,9999,0,5,0
1,30,441,85,2,0,1,30000,0,115,2022,4,28,9,12,12,4,53,18,25,2,1,1,14,7,0,0,0,0,2,9,1,70,5,4,1,55,1,4,61,31,0,1,0,1,0,0,0,1,0,10,0,3,0,2,0,2,0,4,2,35.710038611111116,139.64548027777778,5,2,9999,0,9,0
1,30,442,91,2,0,1,20270,0,115,2022,4,12,15,43,12,5,13,18,12,1,1,1,1,7,9,22,0,0,11,9,30,70,4,2,1,45,65,51,61,41,0,0,0,0,0,0,0,0,0,40,0,3,0,0,0,0,0,2,4,35.68528472222222,139.6257911111111,3,3,0,0,0,0
1,30,442,94,2,0,1,90000,0,115,2022,3,22,15,35,12,5,42,17,54,3,1,2,0,7,0,0,0,0,0,0,20,70,0,4,1,55,25,3,61,31,0,1,0,1,0,0,0,10,0,20,0,4,0,2,0,2,0,4,2,35.67373111111111,139.62728666666666,3,3,9999,0,9,0
1,30,442,96,2,0,1,30000,0,115,2022,4,10,10,33,12,5,15,18,10,1,1,1,14,7,0,0,0,0,2,9,1,70,5,3,1,75,25,3,61,31,0,1,0,1,0,11,0,2,0,40,0,4,0,2,0,2,0,4,2,35.682430277777776,139.62620805555557,1,3,562,0,9,0
1,30,442,102,2,0,1,10130,0,115,2022,4,24,15,10,12,4,57,18,22,3,1,2,14,1,0,0,0,0,5,9,1,70,1,2,1,25,25,51,61,41,0,0,0,0,0,0,0,0,0,10,0,3,0,0,0,0,0,4,2,35.677350555555556,139.65807611111111,1,3,0,0,0,0
1,30,442,108,2,0,1,20270,0,115,2022,3,23,18,10,21,5,41,17,55,1,1,1,14,7,0,0,0,0,4,9,1,70,4,2,1,55,25,51,61,41,0,0,0,0,0,0,0,0,0,10,0,4,0,0,0,0,0,4,2,35.684108055555555,139.62813555555556,4,3,0,0,0,0
1,30,442,109,2,0,1,30000,0,115,2022,4,25,8,52,12,4,56,18,22,1,1,1,14,7,0,0,0,0,3,9,1,70,5,3,1,25,55,51,61,41,0,0,0,0,0,0,0,0,0,10,0,3,0,0,0,0,0,4,2,35.68361472222222,139.60728972222222,2,3,0,0,0,0
1,30,443,50,2,0,1,30000,0,115,2022,4,2,8,15,12,5,26,18,3,1,1,1,14,7,0,0,0,0,3,8,1,70,4,1,1,25,1,51,61,41,0,0,0,0,0,0,0,0,0,10,0,3,0,0,0,0,0,4,2,35.714509444444445,139.59418027777778,7,3,0,0,0,0
1,30,443,51,2,0,1,30000,0,115,2022,4,4,10,5,12,5,24,18,5,3,1,2,14,7,0,0,0,0,3,9,1,70,5,3,1,75,25,3,61,31,0,1,0,1,0,11,0,2,0,40,0,3,0,2,0,2,0,4,2,35.70966444444445,139.62640361111113,2,3,187,0,9,0
1,30,545,32,2,0,1,20000,0,105,2022,4,26,16,37,12,4,55,18,23,3,1,2,1,1,9,22,0,0,15,9,30,70,5,1,1,45,75,51,61,41,0,0,0,0,0,0,0,0,0,10,0,4,0,0,0,0,0,4,2,35.71269916666667,139.7512497222222,3,3,0,0,0,0
1,30,546,24,2,0,1,20370,0,105,2022,4,6,17,47,13,5,21,18,7,1,1,1,1,7,9,22,0,0,13,9,30,70,4,1,1,1,45,3,61,31,0,1,0,1,0,0,0,3,0,60,0,4,0,2,0,2,0,4,2,35.718624444444444,139.72316833333335,4,3,9999,0,1,0
1,30,546,32,2,0,1,30000,0,105,2022,4,25,11,10,12,4,56,18,22,1,1,1,14,7,0,0,0,0,1,9,1,1,5,4,1,45,35,3,61,31,0,1,0,1,0,0,0,2,0,40,0,3,0,2,0,2,0,4,2,35.70836027777778,139.7317211111111,2,3,9999,0,9,0
1,30,547,31,2,0,1,10300,0,105,2022,4,14,13,31,12,5,10,18,13,3,1,2,1,7,9,22,0,0,14,9,30,70,4,1,1,25,45,36,61,31,0,0,0,0,0,0,0,2,0,10,0,4,0,0,0,0,0,4,2,35.71819111111111,139.76558,5,3,9999,0,1,0
1,30,549,33,2,0,1,30000,0,116,2022,4,2,20,25,22,5,26,18,3,1,1,1,14,7,0,0,0,0,1,9,1,70,5,3,1,25,55,36,61,31,0,0,0,0,0,0,0,2,0,10,0,3,0,0,0,0,0,4,2,35.73207444444444,139.72549333333333,7,3,9999,0,5,0
1,30,549,36,2,0,1,2540,1,116,2022,3,12,13,15,12,5,56,17,46,1,1,1,14,7,0,0,0,0,1,9,1,70,1,1,1,45,45,1,61,1,0,1,0,1,0,0,0,5,0,12,0,3,0,2,0,2,0,4,2,35.73728861111111,139.721,7,3,9999,0,5,0
1,30,549,38,2,0,1,2540,47,116,2022,3,24,1,56,22,5,39,17,56,3,1,2,1,1,9,22,0,0,17,9,30,70,4,2,1,65,45,3,61,1,0,1,0,1,0,0,0,4,0,51,0,3,0,2,0,2,0,4,2,35.73101972222222,139.72143527777777,5,3,9999,0,9,0
1,30,550,50,2,0,1,30000,0,116,2022,4,2,4,30,23,5,26,18,3,1,1,1,1,1,9,22,0,0,19,9,30,70,4,2,1,65,25,3,61,1,0,1,0,1,0,0,0,3,0,10,0,3,0,2,0,2,0,4,2,35.7317525,139.70727805555555,7,3,9999,0,9,0
1,30,550,51,2,0,1,30770,0,116,2022,4,4,11,40,12,5,24,18,5,3,1,2,1,8,9,22,0,0,15,9,30,70,1,2,1,45,1,17,61,31,0,11,0,1,0,0,0,3,0,88,0,3,0,2,0,2,0,4,2,35.73453138888889,139.70942305555553,2,3,9999,0,9,0
1,30,550,56,2,0,1,30000,0,116,2022,3,30,8,45,12,5,31,18,1,1,1,1,13,7,0,0,0,0,3,6,1,70,4,1,1,55,1,3,61,1,0,1,0,1,0,0,0,5,0,40,0,4,0,2,0,2,0,4,2,35.731633055555555,139.7110886111111,4,3,9999,0,9,0
1,30,550,57,2,0,1,30000,0,116,2022,3,17,21,20,22,5,49,17,50,3,1,2,14,7,0,0,0,0,4,9,1,70,4,2,1,35,25,3,61,31,0,1,0,1,0,0,0,5,0,10,0,4,0,2,0,2,0,4,2,35.732286111111115,139.71160583333332,5,3,9999,0,1,0
1,30,550,61,2,0,1,30000,0,116,2022,4,27,9,0,12,4,54,18,24,1,1,1,21,7,0,0,0,0,2,9,20,70,5,3,1,65,55,52,61,41,0,0,0,0,0,0,0,0,0,10,0,4,0,0,0,0,0,4,2,35.74227,139.71713583333334,4,3,0,0,0,0
1,30,550,62,2,0,1,30000,0,116,2022,4,27,12,45,12,4,54,18,24,1,1,1,1,7,9,22,0,0,15,9,30,70,4,2,1,25,35,3,61,31,0,1,0,1,0,0,0,10,0,20,0,4,0,2,0,2,0,4,2,35.73159916666667,139.70927305555554,4,3,9999,0,1,0
1,30,551,64,2,0,1,30000,0,116,2022,4,11,13,45,12,5,14,18,11,1,1,1,14,7,0,0,0,0,1,9,1,70,5,3,1,1,0,61,0,0,0,0,0,0,0,0,0,0,0,0,0,0,0,0,0,0,0,2,0,35.721899722222226,139.71212583333332,2,3,0,0,0,0
1,30,551,69,2,0,1,10090,0,116,2022,4,16,0,40,22,5,7,18,15,3,1,2,1,1,9,22,0,0,19,9,30,70,4,2,1,75,1,3,61,31,0,1,0,1,0,0,0,4,0,10,0,3,0,2,0,2,0,4,2,35.72658527777778,139.7117536111111,7,3,9999,0,9,0
1,30,552,63,2,0,1,30000,0,117,2022,4,9,10,15,12,5,17,18,9,1,1,1,1,7,9,22,0,0,14,9,30,70,5,1,1,55,75,3,61,31,0,1,0,1,0,11,0,2,0,80,0,3,0,2,0,2,0,4,2,35.743095833333335,139.73421944444442,7,3,9999,0,9,0
1,30,552,76,2,0,1,30000,0,117,2022,4,13,13,30,12,5,11,18,12,1,1,1,14,7,0,0,0,0,1,9,1,70,5,3,1,45,55,3,61,31,0,1,0,1,0,11,0,1,0,80,0,3,0,2,0,2,0,4,2,35.73522,139.75971361111112,4,3,9999,0,5,0
1,30,552,79,2,0,1,30000,0,117,2022,4,23,13,49,12,4,59,18,21,1,1,1,14,7,0,0,0,0,2,9,1,70,5,4,1,1,75,51,61,41,0,0,0,0,0,0,0,0,0,10,0,3,0,0,0,0,0,4,2,35.73475194444445,139.75593305555554,7,3,0,0,0,0
1,30,552,80,2,0,1,30000,0,117,2022,4,24,1,10,22,4,57,18,22,1,1,1,1,1,9,22,0,0,14,9,30,70,4,2,1,65,35,3,61,1,0,1,0,1,0,11,0,2,0,40,0,4,0,2,0,2,0,4,2,35.735219722222226,139.75324166666667,1,3,9999,0,9,0
1,30,552,81,2,0,1,10090,0,117,2022,4,6,8,40,12,5,21,18,7,1,1,1,1,1,9,22,0,0,17,9,30,70,4,1,1,1,35,3,61,31,0,1,0,1,0,0,0,5,0,10,0,4,0,2,0,2,0,4,2,35.750015,139.74937305555554,4,3,9999,0,1,0
1,30,553,45,2,0,1,30000,0,117,2022,4,13,13,57,12,5,11,18,12,1,1,1,14,7,0,0,0,0,2,9,1,70,4,3,1,25,75,35,61,31,0,0,0,0,0,0,0,2,0,10,0,3,0,0,0,0,0,4,2,35.75883888888889,139.72945666666666,4,3,9999,0,1,0
1,30,553,46,2,0,1,30000,0,117,2022,4,17,16,45,12,5,6,18,16,1,1,1,14,7,0,0,0,0,2,9,1,70,4,2,1,35,1,51,61,41,0,0,0,0,0,0,0,0,0,20,0,3,0,0,0,0,0,4,2,35.762750555555556,139.73543527777775,1,3,0,0,0,0
1,30,554,80,1,1,0,30000,0,117,2022,4,7,8,18,12,5,20,18,8,1,1,1,1,7,9,22,0,0,15,9,30,70,4,2,1,55,65,11,61,31,0,11,0,2,0,11,0,2,0,10,0,3,0,2,0,2,0,4,1,35.78143305555555,139.71262666666667,5,3,9999,0,9,0
1,30,554,89,2,0,1,30000,0,117,2022,4,16,19,15,22,5,7,18,15,1,1,1,1,7,1,21,0,0,15,9,30,70,5,3,1,45,45,3,61,31,0,1,0,1,0,0,0,2,0,20,0,4,0,2,0,2,0,4,2,35.77160055555555,139.70711694444444,7,3,9999,0,1,0
1,30,555,109,2,0,1,30000,0,119,2022,2,17,8,14,12,6,26,17,25,1,1,1,1,1,9,22,0,0,11,9,30,70,4,2,1,55,1,14,61,31,0,11,0,1,0,0,0,10,0,10,0,3,0,2,0,2,0,4,2,35.748691111111114,139.69225472222223,5,3,9999,0,1,0
1,30,555,110,2,0,1,30000,0,119,2022,3,28,8,35,12,5,34,17,59,1,1,1,14,7,0,0,0,0,2,9,1,70,5,4,1,65,65,3,61,31,0,1,0,1,0,0,0,10,0,80,0,4,0,2,0,2,0,4,2,35.7614925,139.6766397222222,2,3,9999,0,1,0
1,30,555,112,2,0,1,30000,0,119,2022,4,5,19,40,22,5,22,18,6,1,1,1,14,7,0,0,0,0,1,9,1,70,4,2,1,25,35,51,61,41,0,0,0,0,0,0,0,0,0,10,0,4,0,0,0,0,0,4,2,35.75787777777778,139.68952777777778,3,3,0,0,0,0
1,30,555,116,2,0,1,30000,0,119,2022,4,10,13,25,12,5,15,18,10,1,1,1,1,7,9,22,0,0,11,9,30,70,5,4,1,55,65,51,61,41,0,0,0,0,0,0,0,0,0,10,0,3,0,0,0,0,0,4,2,35.74748805555556,139.72191472222224,1,3,0,0,0,0
1,30,555,127,2,0,1,30000,0,119,2022,2,1,18,55,22,6,41,17,8,1,1,1,14,7,0,0,0,0,3,9,1,70,5,3,1,45,35,36,61,31,0,0,0,0,0,0,0,2,0,10,0,3,0,0,0,0,0,4,2,35.75822,139.70569638888887,3,3,9999,0,5,0
1,30,555,129,2,0,1,30000,0,119,2022,4,14,18,54,21,5,10,18,13,3,1,2,1,1,9,22,0,0,11,9,30,70,5,1,1,1,25,14,61,1,0,11,0,1,0,0,0,2,0,10,0,3,0,2,0,2,0,4,2,35.75338361111111,139.70100694444443,5,3,9999,0,1,0
1,30,555,131,2,0,1,30000,0,119,2022,4,23,12,0,12,4,59,18,21,1,1,1,13,7,0,0,0,0,3,3,1,70,5,2,1,45,75,13,61,31,0,11,0,1,0,11,0,2,0,40,0,4,0,2,0,2,0,4,2,35.74592388888889,139.71450527777776,7,3,9999,0,9,0
1,30,556,87,2,0,1,30760,0,119,2022,4,12,21,35,22,5,13,18,12,1,1,1,1,1,9,22,0,0,14,9,30,70,4,2,1,25,45,4,61,31,0,1,0,1,0,0,0,2,0,50,0,3,0,2,0,2,0,4,2,35.7628325,139.69601222222224,3,3,9999,0,1,0
1,30,556,100,2,0,1,30000,0,119,2022,4,24,18,55,21,4,57,18,22,1,1,2,14,7,0,0,0,0,2,9,1,70,5,3,1,1,75,36,61,31,0,0,0,0,0,0,0,2,0,40,0,3,0,0,0,0,0,4,2,35.76954361111111,139.70340583333333,1,3,9999,0,1,0
1,30,556,104,2,0,1,30000,0,119,2022,4,11,9,35,12,5,14,18,11,1,1,1,14,7,0,0,0,0,2,9,1,70,5,4,1,35,1,51,61,41,0,0,0,0,0,0,0,0,0,40,0,4,0,0,0,0,0,4,2,35.770044722222224,139.70542666666665,2,3,0,0,0,0
1,30,557,76,2,0,1,30000,0,120,2022,3,25,23,45,22,5,38,17,57,1,1,1,1,1,9,22,0,0,15,9,30,70,4,2,1,55,55,17,61,1,0,11,0,1,0,0,0,3,0,10,0,3,0,2,0,2,0,4,2,35.75824,139.6606502777778,6,3,9999,0,9,0
1,30,557,85,2,0,1,30000,0,120,2022,1,24,10,10,12,6,46,17,0,1,1,1,14,7,0,0,0,0,2,9,1,70,5,3,1,45,55,14,61,1,0,11,0,1,0,0,0,2,0,40,0,3,0,2,0,2,0,4,2,35.74266361111111,139.62777944444446,2,3,9999,0,9,0
1,30,557,91,2,0,1,30000,0,120,2022,4,20,1,50,22,5,2,18,18,3,1,2,1,1,9,22,0,0,15,9,30,70,5,2,1,45,1,3,61,31,0,1,0,1,0,0,0,3,0,10,0,4,0,2,0,2,0,4,2,35.75191111111111,139.63923444444444,4,3,9999,0,1,0
1,30,557,94,2,0,1,95000,0,120,2022,4,20,14,59,12,5,2,18,18,2,1,1,14,7,0,0,0,0,2,9,1,70,5,3,1,75,1,3,61,1,0,1,0,1,0,0,0,1,0,10,0,3,0,2,0,2,0,4,2,35.74126638888889,139.65576611111112,4,3,128,0,9,0
1,30,557,95,2,0,1,30000,0,120,2022,4,20,17,20,13,5,2,18,18,1,1,1,14,7,0,0,0,0,3,9,1,70,5,3,1,45,75,35,61,31,0,0,0,0,0,0,0,5,0,10,0,3,0,0,0,0,0,4,2,35.73782388888889,139.6344761111111,4,3,9999,0,1,0
1,30,558,65,2,0,1,95000,0,120,2022,4,2,11,53,12,5,26,18,3,1,1,1,1,7,9,22,0,0,16,9,30,70,4,3,1,75,35,3,61,31,0,1,0,1,0,0,0,3,0,40,0,3,0,2,0,2,0,4,2,35.72634416666667,139.58022305555556,7,3,33,0,9,0
1,30,558,69,2,0,1,30000,0,120,2022,4,9,16,15,12,5,17,18,9,1,1,1,1,7,1,21,0,0,14,9,30,70,4,3,1,65,75,13,61,31,0,11,0,1,0,0,0,2,0,10,0,3,0,2,0,2,0,4,2,35.72805888888889,139.57805305555556,7,3,9999,0,9,0
1,30,558,73,2,0,1,20350,0,120,2022,4,11,16,25,12,5,14,18,11,1,1,1,14,7,0,0,0,0,1,9,1,70,5,1,1,55,1,51,61,41,0,0,0,0,0,0,0,0,0,10,0,3,0,0,0,0,0,4,2,35.74059,139.6082663888889,2,3,0,0,0,0
1,30,558,75,2,0,1,10320,0,120,2022,4,18,16,40,12,5,5,18,17,3,1,2,1,7,9,22,0,0,12,9,30,70,5,3,1,35,55,3,61,31,0,1,0,1,0,0,0,2,0,10,0,3,0,2,0,2,0,4,2,35.743254722222225,139.6013425,2,3,9999,0,1,0
1,30,559,61,2,0,1,30000,0,119,2022,4,10,20,50,22,5,15,18,10,1,1,1,14,7,0,0,0,0,3,9,1,70,4,3,1,25,55,36,61,31,0,0,0,0,0,0,0,10,0,10,0,3,0,0,0,0,0,4,2,35.77567555555555,139.63174416666666,1,3,9999,0,1,0
1,30,559,65,2,0,1,30000,0,119,2022,4,18,7,20,12,5,5,18,17,2,1,1,1,7,9,22,0,0,11,9,30,70,4,3,1,55,55,4,61,31,0,1,0,1,0,0,0,10,0,10,0,4,0,2,0,2,0,4,2,35.78023694444445,139.62542277777777,2,3,9999,0,9,0
1,30,559,72,2,0,1,30000,0,119,2022,4,23,12,45,12,4,59,18,21,1,1,1,14,7,0,0,0,0,3,9,1,70,4,1,1,45,75,51,61,41,0,0,0,0,0,0,0,0,0,10,0,3,0,0,0,0,0,4,2,35.795810833333334,139.66416583333333,7,3,0,0,0,0
1,30,559,73,2,0,1,99000,0,119,2022,4,20,11,7,12,5,2,18,18,2,1,1,0,7,0,0,0,0,0,0,20,70,0,4,1,25,1,17,61,1,0,11,0,2,0,0,0,10,0,40,0,4,0,2,0,2,0,4,2,35.784950277777774,139.66569444444445,4,3,9999,0,5,0
1,30,560,97,2,0,1,99000,0,120,2022,4,14,14,10,12,5,10,18,13,3,1,2,0,7,0,0,0,0,0,0,20,70,0,4,1,35,55,4,61,31,0,1,0,1,0,0,0,10,0,10,0,4,0,2,0,2,0,4,2,35.753725555555555,139.61099333333334,5,3,9999,0,5,0
1,30,560,108,2,0,1,30000,0,120,2022,4,19,9,0,12,5,4,18,17,1,1,1,7,7,0,0,0,0,4,9,1,70,4,2,1,35,35,51,61,41,0,0,0,0,0,0,0,0,0,10,0,4,0,0,0,0,0,4,2,35.75345055555555,139.62425777777779,3,3,0,0,0,0
1,30,560,110,2,0,1,30000,0,120,2022,4,22,6,30,12,5,0,18,20,1,1,2,1,7,9,22,0,0,14,3,30,70,4,1,1,1,75,33,61,31,0,0,0,0,0,11,0,2,0,10,0,3,0,0,0,0,0,4,2,35.765927222222224,139.63765555555554,6,3,9999,0,5,0
1,30,560,115,2,0,1,30000,0,120,2022,4,25,19,55,22,4,56,18,22,1,1,1,1,1,9,22,0,0,15,9,30,70,5,2,1,35,55,13,61,31,0,11,0,1,0,0,0,2,0,10,0,3,0,2,0,2,0,4,2,35.77138138888889,139.6306363888889,2,3,9999,0,9,0
1,30,660,38,2,0,1,30000,0,106,2022,4,8,7,55,12,5,18,18,8,1,1,1,1,7,9,22,0,0,11,9,30,70,5,2,1,45,35,13,61,31,0,11,0,1,0,11,0,2,0,10,0,4,0,2,0,2,0,4,2,35.70558777777778,139.7790427777778,6,3,9999,0,9,0