資料区分,都道府県コード,警察署等コード,本票番号,事故内容,死者数,負傷者数,路線コード,地点コード,市区町村コード,発生日時　　年,発生日時　　月,発生日時　　日,発生日時　　時,発生日時　　分,昼夜,日の出時刻　　時,日の出時刻　　分,日の入り時刻　　時,日の入り時刻　　分,天候,地形,路面状態,道路形状,信号機,一時停止規制　標識（当事者A）,一時停止規制　表示（当事者A）,一時停止規制　標識（当事者B）,一時停止規制　表示（当事者B）,車道幅員,道路線形,衝突地点,ゾーン規制,中央分離帯施設等,歩車道区分,事故類型,年齢（当事者A）,年齢（当事者B）,当事者種別（当事者A）,当事者種別（当事者B）,用途別（当事者A）,用途別（当事者B）,車両形状等（当事者A）,車両形状等（当事者B）,オートマチック車（当事者A）,オートマチック車（当事者B）,サポカー（当事者A）,サポカー（当事者B）,速度規制（指定のみ）（当事者A）,速度規制（指定のみ）（当事者B）,車両の衝突部位（当事者A）,車両の衝突部位（当事者B）,車両の損壊程度（当事者A）,車両の損壊程度（当事者B）,エアバッグの装備（当事者A）,エアバッグの装備（当事者B）,サイドエアバッグの装備（当事者A）,サイドエアバッグの装備（当事者B）,人身損傷程度（当事者A）,人身損傷程度（当事者B）,lat,lon,曜日(発生年月日),祝日(発生年月日),認知機能検査経過日数（当事者A）,認知機能検査経過日数（当事者B）,運転練習の方法（当事者A）,運転練習の方法（当事者B）
1,30,660,43,2,0,1,20070,0,106,2022,4,8,23,0,22,5,18,18,8,1,1,1,7,1,0,0,0,0,5,9,1,70,4,2,1,25,35,51,61,41,0,0,0,0,0,0,0,0,0,20,0,4,0,0,0,0,0,4,2,35.711688611111114,139.77559166666668,6,3,0,0,0,0
1,30,660,45,2,0,1,20370,0,106,2022,4,19,9,0,12,5,4,18,17,1,1,1,14,7,0,0,0,0,5,9,1,70,4,1,1,55,75,52,61,41,0,0,0,0,0,0,0,0,0,10,0,4,0,0,0,0,0,4,2,35.70977111111112,139.77273555555556,3,3,0,0,0,0
1,30,660,50,2,0,1,30000,0,106,2022,4,28,17,17,12,4,53,18,25,1,1,1,14,7,0,0,0,0,2,9,1,70,5,2,1,75,65,3,61,1,0,1,0,1,0,0,0,1,0,70,0,4,0,2,0,2,0,4,2,35.707392500000005,139.77452444444447,5,2,122,0,9,0
1,30,661,25,2,0,1,30000,0,106,2022,4,1,8,8,12,5,28,18,3,2,1,2,7,7,0,0,0,0,1,9,1,70,5,2,1,1,55,51,61,41,0,0,0,0,0,0,0,0,0,10,0,4,0,0,0,0,0,4,2,35.725344166666666,139.78188416666669,6,3,0,0,0,0
1,30,663,49,2,0,1,60,33,106,2022,3,26,12,20,12,5,36,17,58,2,1,1,7,7,0,0,0,0,6,8,1,70,1,1,1,25,55,3,61,31,0,1,0,1,0,0,0,3,0,40,0,4,0,2,0,2,0,4,2,35.705828611111116,139.79389777777777,7,3,9999,0,1,0
1,30,663,51,2,0,1,30000,0,106,2022,4,12,12,30,12,5,13,18,12,1,1,1,1,7,1,22,0,0,12,9,30,70,4,2,1,75,25,3,61,31,0,1,0,1,0,0,0,2,0,10,0,3,0,2,0,2,0,4,2,35.69891027777778,139.78417277777777,3,3,501,0,9,0
1,30,666,34,2,0,1,30000,0,118,2022,4,2,15,52,12,5,26,18,3,1,1,1,12,7,0,0,0,0,3,8,1,70,4,1,1,1,65,51,61,41,0,0,0,0,0,0,0,0,0,10,0,3,0,0,0,0,0,4,2,35.72853055555556,139.77038083333335,7,3,0,0,0,0
1,30,666,38,2,0,1,30000,0,118,2022,4,11,9,10,12,5,14,18,11,1,1,1,1,1,9,22,0,0,11,9,30,70,4,2,1,65,1,3,61,31,0,1,0,1,0,11,0,3,0,10,0,4,0,2,0,2,0,4,2,35.740699722222224,139.78430916666667,2,3,9999,0,9,0
1,30,666,40,2,0,1,10340,0,118,2022,4,13,16,45,12,5,11,18,12,1,1,1,14,7,0,0,0,0,1,9,1,70,4,2,1,35,1,3,61,31,0,1,0,1,0,0,0,3,0,10,0,4,0,2,0,2,0,4,2,35.74720555555556,139.7834825,4,3,9999,0,1,0
1,30,667,31,2,0,1,30000,0,121,2022,4,4,18,50,21,5,24,18,5,3,1,2,7,1,0,0,0,0,3,9,1,70,5,3,1,45,45,51,61,41,0,0,0,0,0,0,0,0,0,10,0,3,0,0,0,0,0,4,2,35.743925833333336,139.79979138888888,2,3,0,0,0,0
1,30,667,33,2,0,1,30000,0,121,2022,4,6,13,10,12,5,21,18,7,1,1,1,1,7,9,22,0,0,14,9,30,70,5,4,1,1,45,14,61,1,0,11,0,1,0,0,0,2,0,70,0,4,0,2,0,2,0,4,2,35.74933138888889,139.80766805555558,4,3,9999,0,5,0
1,30,667,35,2,0,1,30000,0,121,2022,4,16,11,25,12,5,7,18,15,1,1,1,1,7,9,22,0,0,11,9,30,70,4,3,1,1,55,51,61,41,0,0,0,0,0,0,0,0,0,10,0,3,0,0,0,0,0,4,2,35.757354166666666,139.79875583333333,7,3,0,0,0,0
1,30,667,37,2,0,1,30000,0,121,2022,1,13,17,0,21,6,51,16,49,1,1,1,1,7,1,21,0,0,12,9,30,1,5,3,1,35,45,51,61,41,0,0,0,0,0,0,0,0,0,10,0,4,0,0,0,0,0,4,2,35.748665,139.8020827777778,5,3,0,0,0,0
1,30,667,39,2,0,1,30000,0,121,2022,4,25,12,37,12,4,56,18,22,1,1,1,14,7,0,0,0,0,2,9,1,70,5,3,1,35,55,3,61,31,0,1,0,1,0,0,0,2,0,40,0,4,0,2,0,2,0,4,2,35.74984388888889,139.8037113888889,2,3,9999,0,5,0
1,30,668,118,1,1,0,30000,0,121,2022,4,15,10,44,12,5,9,18,14,3,1,2,1,1,9,22,0,0,12,9,30,70,5,2,1,1,75,17,61,31,0,11,0,1,0,11,0,10,0,10,0,3,0,2,0,2,0,4,1,35.77641305555555,139.75649416666667,6,3,9999,0,1,0
1,30,668,121,2,0,1,30000,0,121,2022,4,3,14,25,12,5,25,18,4,3,1,2,1,1,1,21,0,0,12,9,30,70,4,2,1,45,25,3,61,31,0,1,0,1,0,0,0,3,0,50,0,3,0,2,0,2,0,4,2,35.788624722222224,139.76049916666668,1,3,9999,0,9,0
1,30,668,123,2,0,1,30790,0,121,2022,4,3,18,35,21,5,25,18,4,3,1,2,14,7,0,0,0,0,3,9,1,70,4,2,1,25,65,4,61,31,0,1,0,1,0,0,0,3,0,50,0,3,0,2,0,2,0,4,2,35.764870555555554,139.78122111111114,1,3,9999,0,1,0
1,30,668,126,2,0,1,30000,0,121,2022,4,5,15,50,12,5,22,18,6,1,1,1,14,7,0,0,0,0,2,9,1,70,5,3,1,65,75,3,61,31,0,1,0,1,0,0,0,5,0,20,0,3,0,2,0,2,0,4,2,35.76354833333333,139.7866036111111,3,3,9999,0,9,0
1,30,668,140,2,0,1,20610,0,121,2022,4,14,8,20,12,5,10,18,13,3,1,2,1,1,1,21,0,0,15,9,30,1,5,3,1,45,1,13,61,31,0,11,0,1,0,0,0,2,0,10,0,3,0,2,0,2,0,4,2,35.781502777777774,139.76090194444444,5,3,9999,0,1,0
1,30,668,143,2,0,1,30000,0,121,2022,4,15,9,58,12,5,9,18,14,3,1,2,1,1,1,22,0,0,15,9,30,70,4,1,1,25,75,3,61,31,0,1,0,1,0,0,0,3,0,80,0,3,0,2,0,2,0,4,2,35.76886527777778,139.79855805555556,6,3,9999,0,1,0
1,30,668,157,2,0,1,30000,0,121,2022,4,23,9,30,12,4,59,18,21,1,1,1,1,1,1,22,0,0,12,9,30,70,4,2,1,55,75,3,61,31,0,1,0,1,0,0,0,3,0,10,0,3,0,2,0,2,0,4,2,35.78863055555556,139.7604986111111,7,3,9999,0,9,0
1,30,668,162,2,0,1,10710,0,121,2022,2,27,21,25,22,6,14,17,34,1,1,1,14,7,0,0,0,0,4,9,1,70,1,2,1,65,35,3,61,1,0,1,0,1,0,11,0,4,0,0,0,4,0,2,0,2,0,4,2,35.764583333333334,139.77069250000002,1,3,9999,0,9,0
1,30,668,173,2,0,1,30000,0,121,2022,3,23,7,0,12,5,41,17,55,1,1,1,1,7,1,21,0,0,11,9,30,70,5,2,1,45,55,4,61,31,0,1,0,1,0,0,0,5,0,10,0,4,0,2,0,2,0,4,2,35.78654861111111,139.77118805555557,4,3,9999,0,9,0
1,30,669,152,2,0,1,10360,0,121,2022,4,1,12,25,12,5,28,18,3,1,1,1,1,7,1,21,0,0,14,9,30,70,1,2,1,45,65,3,61,31,0,1,0,1,0,0,0,3,0,10,0,3,0,2,0,2,0,4,2,35.77880527777778,139.8303797222222,6,3,9999,0,5,0
1,30,669,153,2,0,1,10130,0,121,2022,4,1,11,25,12,5,28,18,3,1,1,1,1,1,9,22,0,0,15,9,30,70,1,2,1,25,75,13,61,31,0,11,0,1,0,0,0,4,0,10,0,3,0,2,0,2,0,4,2,35.77739222222222,139.83386972222223,6,3,9999,0,1,0
1,30,669,157,2,0,1,30000,0,121,2022,4,4,7,53,12,5,24,18,5,3,1,2,14,7,0,0,0,0,2,9,1,70,5,2,1,55,35,14,61,31,0,11,0,1,0,0,0,10,0,10,0,3,0,2,0,2,0,4,2,35.761700833333336,139.82392,2,3,9999,0,9,0
1,30,669,159,2,0,1,30000,0,121,2022,4,4,18,25,21,5,24,18,5,3,1,2,1,7,1,21,0,0,15,9,30,70,4,1,1,55,65,3,61,1,0,1,0,1,0,0,0,10,0,10,0,3,0,2,0,2,0,4,2,35.764246666666665,139.80466166666668,2,3,9999,0,9,0
1,30,669,173,2,0,1,10130,0,121,2022,4,9,20,30,22,5,17,18,9,1,1,1,1,1,9,22,0,0,16,9,30,70,1,2,1,45,1,4,61,31,0,1,0,1,0,11,0,2,0,10,0,4,0,2,0,2,0,4,2,35.777367777777776,139.83194777777777,7,3,9999,0,1,0
1,30,669,182,2,0,1,10130,0,121,2022,4,15,14,0,12,5,9,18,14,3,1,2,1,1,9,22,0,0,13,9,30,70,1,2,1,65,65,4,61,31,0,1,0,1,0,0,0,4,0,10,0,3,0,2,0,2,0,4,2,35.777365833333334,139.83388222222223,6,3,9999,0,9,0
1,30,669,208,2,0,1,95000,0,121,2022,4,9,10,0,12,5,17,18,9,1,1,1,14,7,0,0,0,0,4,9,20,70,5,4,1,25,35,3,61,31,0,1,0,1,0,0,0,10,0,30,0,4,0,2,0,2,0,4,2,35.76437083333333,139.83460055555557,7,3,9999,0,1,0
1,30,670,97,2,0,1,20620,0,121,2022,1,14,17,25,21,6,50,16,50,1,1,1,1,1,0,0,0,0,14,9,30,70,4,2,1,65,0,61,0,0,0,0,0,0,0,0,0,0,0,0,0,0,0,0,0,0,0,2,0,35.788461388888884,139.7977461111111,6,3,0,0,0,0
1,30,670,98,2,0,1,30000,0,121,2022,3,13,18,14,21,5,55,17,47,1,1,1,1,7,9,22,0,0,14,9,30,70,5,3,1,55,75,4,61,31,0,1,0,1,0,11,0,2,0,10,0,2,0,2,0,2,0,4,2,35.79219222222222,139.78293833333333,1,3,9999,0,1,0
1,30,670,112,2,0,1,30000,0,121,2022,4,19,6,37,12,5,4,18,17,1,1,1,1,1,9,22,0,0,12,9,30,70,1,1,1,75,45,13,61,31,0,11,0,1,0,0,0,5,0,10,0,3,0,2,0,2,0,4,2,35.79586277777778,139.7699102777778,3,3,267,0,9,0
1,30,771,126,2,0,1,10370,0,108,2022,4,2,18,15,21,5,26,18,3,1,1,1,1,1,9,22,0,0,19,9,30,70,1,2,1,1,45,3,61,31,0,1,0,1,0,0,0,4,0,50,0,3,0,2,0,2,0,4,2,35.65949805555555,139.80717194444446,7,3,9999,0,1,0
1,30,771,128,2,0,1,30000,0,108,2022,4,4,21,20,22,5,24,18,5,3,1,2,1,1,9,22,0,0,15,3,30,70,4,2,1,65,45,3,61,1,0,1,0,1,0,0,0,2,0,10,0,3,0,2,0,2,0,4,2,35.67926555555555,139.795985,2,3,9999,0,9,0
1,30,771,133,2,0,2,30000,0,108,2022,4,8,9,57,12,5,18,18,8,1,1,1,1,1,9,22,0,0,18,9,30,70,1,1,1,45,55,3,61,31,0,1,0,1,0,0,0,3,0,80,0,3,0,2,0,2,0,4,2,35.652925555555555,139.79456833333333,6,3,9999,0,9,0
1,30,771,154,2,0,1,30000,0,108,2022,4,21,23,31,22,5,1,18,19,3,1,2,7,7,0,0,0,0,3,9,1,70,5,1,1,1,55,3,61,31,0,1,0,1,0,0,0,2,0,50,0,4,0,2,0,2,0,4,2,35.67100444444444,139.81917444444443,5,3,9999,0,1,0
1,30,771,165,2,0,1,20540,0,108,2022,4,29,17,30,13,4,52,18,26,3,1,2,1,1,9,22,0,0,15,9,30,70,4,1,1,35,1,3,61,31,0,1,0,1,0,0,0,4,0,10,0,3,0,2,0,2,0,4,2,35.682830833333334,139.81144583333335,6,1,9999,0,5,0
1,30,771,166,2,0,1,30000,0,108,2022,4,18,7,58,12,5,5,18,17,1,1,1,1,7,0,0,0,0,11,9,30,70,4,3,1,1,0,61,0,0,0,0,0,0,0,0,0,0,0,0,0,0,0,0,0,0,0,2,0,35.67242472222222,139.79206638888888,2,3,0,0,0,0
1,30,771,167,2,0,1,30000,0,108,2022,4,30,13,10,12,4,50,18,27,1,1,1,14,7,0,0,0,0,5,9,1,70,1,2,1,1,1,51,61,41,0,0,0,0,0,0,0,0,0,10,0,3,0,0,0,0,0,4,2,35.654989444444446,139.79744722222222,7,3,0,0,0,0
1,30,772,116,2,0,1,10060,0,108,2022,4,6,18,0,13,5,21,18,7,1,1,1,14,7,0,0,0,0,5,9,1,70,4,1,1,1,75,51,61,41,0,0,0,0,0,0,0,0,0,10,0,4,0,0,0,0,0,4,2,35.68962861111111,139.83233305555555,4,3,0,0,0,0
1,30,772,118,2,0,1,30000,0,108,2022,4,8,11,35,12,5,18,18,8,1,1,1,14,7,0,0,0,0,3,9,1,70,4,2,1,45,65,3,61,31,0,1,0,1,0,0,0,3,0,10,0,4,0,2,0,2,0,4,2,35.67835722222222,139.82050583333333,6,3,9999,0,1,0
1,30,772,131,2,0,1,10090,0,108,2022,4,20,8,18,12,5,2,18,18,2,1,1,14,7,0,0,0,0,1,9,1,70,1,1,1,25,45,51,61,41,0,0,0,0,0,0,0,0,0,10,0,4,0,0,0,0,0,4,2,35.672445555555555,139.82620527777777,4,3,0,0,0,0
1,30,772,132,2,0,1,10040,0,108,2022,4,21,11,10,12,5,1,18,19,1,1,1,1,1,9,22,0,0,16,9,30,70,5,2,1,45,75,13,61,31,0,11,0,1,0,0,0,10,0,10,0,3,0,2,0,2,0,4,2,35.6698075,139.8220986111111,5,3,9999,0,1,0
1,30,772,138,2,0,1,20650,0,108,2022,3,15,7,25,12,5,52,17,48,1,1,1,14,7,0,0,0,0,5,9,1,70,1,2,1,35,35,51,61,41,0,0,0,0,0,0,0,0,0,10,0,4,0,0,0,0,0,4,2,35.66930611111111,139.83158472222223,3,3,0,0,0,0
1,30,772,141,2,0,1,140,62,108,2022,4,28,9,37,12,4,53,18,25,2,1,1,14,7,0,0,0,0,3,9,1,70,1,1,1,1,75,51,61,41,0,0,0,0,0,0,0,0,0,10,0,4,0,0,0,0,0,4,2,35.696822499999996,139.83244,5,2,0,0,0,0
1,30,772,144,2,0,1,30000,0,108,2022,4,29,20,20,22,4,52,18,26,3,1,2,14,7,0,0,0,0,2,9,1,70,5,3,1,25,25,51,61,41,0,0,0,0,0,0,0,0,0,10,0,4,0,0,0,0,0,4,2,35.68907027777777,139.83555805555557,6,1,0,0,0,0
1,30,773,91,2,0,1,20690,0,107,2022,4,14,17,20,13,5,10,18,13,3,1,2,1,7,9,22,0,0,15,9,30,70,4,1,1,45,75,14,61,31,0,11,0,1,0,0,0,4,0,10,0,3,0,2,0,2,0,4,2,35.70210361111111,139.81458805555556,5,3,9999,0,9,0
1,30,773,93,2,0,1,30000,0,107,2022,4,18,18,40,21,5,5,18,17,3,1,2,1,1,9,22,0,0,18,8,30,70,4,2,1,25,55,3,61,31,0,1,0,1,0,0,0,4,0,10,0,3,0,2,0,2,0,4,2,35.70970666666667,139.80864611111113,2,3,9999,0,9,0
1,30,773,100,2,0,1,30000,0,107,2022,4,25,11,10,12,4,56,18,22,1,1,1,14,7,0,0,0,0,2,9,1,70,5,4,1,35,1,17,61,31,0,11,0,1,0,0,0,10,0,10,0,3,0,2,0,2,0,4,2,35.698362499999995,139.80726361111113,2,3,9999,0,5,0
1,30,773,102,2,0,1,30000,0,107,2022,4,26,16,15,12,4,55,18,23,3,1,2,1,7,9,22,0,0,15,9,30,70,5,2,1,65,55,14,61,31,0,11,0,1,0,0,0,1,0,50,0,3,0,2,0,2,0,4,2,35.68682416666666,139.8074552777778,3,3,9999,0,9,0
1,30,774,60,2,0,1,60,66,107,2022,4,15,7,47,12,5,9,18,14,3,1,2,1,1,0,0,0,0,14,9,30,70,4,1,1,1,0,61,0,0,0,0,0,0,0,0,0,0,0,0,0,0,0,0,0,0,0,2,0,35.72358166666667,139.8196113888889,6,3,0,0,0,0
1,30,774,61,2,0,1,30000,0,107,2022,4,16,8,19,12,5,7,18,15,2,1,1,14,7,0,0,0,0,2,9,1,70,5,3,1,1,25,51,61,41,0,0,0,0,0,0,0,0,0,10,0,3,0,0,0,0,0,4,2,35.71219277777778,139.82907,7,3,0,0,0,0
1,30,775,84,2,0,1,99000,0,122,2022,4,8,21,0,22,5,18,18,8,1,1,1,0,7,0,0,0,0,0,0,20,70,0,4,1,45,25,51,61,41,0,0,0,0,0,0,0,0,0,10,0,3,0,0,0,0,0,4,2,35.777142777777776,139.88477833333332,6,3,0,0,0,0
1,30,775,86,2,0,1,95000,0,122,2022,4,3,14,30,12,5,25,18,4,3,1,2,0,7,0,0,0,0,0,0,20,70,0,4,1,45,55,3,61,31,0,1,0,1,0,0,0,10,0,60,0,3,0,2,0,2,0,4,2,35.758471944444445,139.87736361111112,1,3,9999,0,9,0
1,30,775,87,2,0,1,30000,0,122,2022,4,3,20,46,22,5,25,18,4,3,1,2,14,7,0,0,0,0,3,9,1,70,5,3,1,45,25,14,61,31,0,11,0,1,0,0,0,5,0,50,0,4,0,2,0,2,0,4,2,35.74941277777778,139.83379277777777,1,3,9999,0,9,0
1,30,775,95,2,0,1,30000,0,122,2022,3,31,18,40,21,5,29,18,2,1,1,2,14,7,0,0,0,0,3,9,1,70,5,4,1,65,0,61,0,0,0,0,0,0,0,0,0,0,0,0,0,0,0,0,0,0,0,2,0,35.78062138888889,139.85940277777777,5,3,0,0,0,0
1,30,775,99,2,0,1,10700,0,122,2022,4,21,20,35,22,5,1,18,19,3,1,2,1,1,9,22,0,0,19,9,30,70,1,1,1,25,35,3,61,31,0,1,0,1,0,0,0,1,0,20,0,3,0,2,0,2,0,4,2,35.7801475,139.86740527777778,5,3,9999,0,5,0
1,30,775,110,2,0,1,30000,0,122,2022,4,7,15,40,12,5,20,18,8,1,1,1,14,1,0,0,0,0,3,9,1,70,1,2,1,55,1,1,61,1,0,1,0,1,0,0,0,10,0,40,0,4,0,2,0,2,0,4,2,35.76893722222222,139.87134472222223,5,3,9999,0,9,0
1,30,776,105,2,0,1,99000,0,122,2022,4,5,16,30,12,5,22,18,6,1,1,1,0,7,0,0,0,0,0,0,20,70,0,4,1,45,55,3,61,31,0,1,0,1,0,11,0,10,0,70,0,4,0,2,0,2,0,4,2,35.74537027777778,139.8710625,3,3,9999,0,1,0
1,30,776,116,2,0,1,30000,0,122,2022,3,25,8,15,12,5,38,17,57,1,1,1,1,7,9,22,0,0,11,9,30,70,5,3,1,55,45,12,61,31,0,11,0,1,0,0,0,10,0,10,0,3,0,2,0,2,0,4,2,35.75078527777778,139.86793861111113,6,3,9999,0,9,0
1,30,776,117,2,0,1,30000,0,122,2022,4,22,15,45,12,5,0,18,20,1,1,1,14,7,0,0,0,0,2,9,1,1,5,1,1,55,1,14,61,31,0,11,0,1,0,0,0,2,0,10,0,3,0,2,0,2,0,4,2,35.73309138888889,139.86009888888887,6,3,9999,0,9,0
1,30,776,119,2,0,1,30000,0,122,2022,4,8,12,17,12,5,18,18,8,1,1,1,1,7,9,22,0,0,12,9,30,70,4,1,1,65,1,36,61,31,0,0,0,0,0,0,0,2,0,10,0,3,0,0,0,0,0,4,2,35.74486388888889,139.84254583333333,6,3,9999,0,9,0
1,30,776,131,2,0,1,30000,0,122,2022,4,25,16,15,12,4,56,18,22,1,1,1,14,7,0,0,0,0,4,9,1,70,4,2,1,45,1,51,61,41,0,0,0,0,0,0,0,0,0,10,0,3,0,0,0,0,0,4,2,35.74117611111111,139.85399833333332,2,3,0,0,0,0
1,30,777,184,2,0,1,10390,0,123,2022,4,1,16,43,12,5,28,18,3,1,1,1,1,1,9,22,0,0,18,9,30,70,4,1,1,35,55,3,61,31,0,1,0,1,0,0,0,3,0,10,0,3,0,2,0,2,0,4,2,35.69904083333333,139.86767777777777,6,3,9999,0,5,0
1,30,777,185,2,0,1,30000,0,123,2022,4,1,8,5,12,5,28,18,3,1,1,1,14,7,0,0,0,0,3,9,1,70,4,3,1,45,0,61,0,0,0,0,0,0,0,0,0,0,0,0,0,0,0,0,0,0,0,2,0,35.70737833333334,139.839435,6,3,0,0,0,0
1,30,777,209,2,0,1,140,0,123,2022,3,29,9,14,12,5,32,18,0,2,1,1,14,7,0,0,0,0,2,9,1,70,4,2,1,25,1,51,61,41,0,0,0,0,0,0,0,0,0,10,0,3,0,0,0,0,0,4,2,35.70176055555556,139.89777999999998,3,3,0,0,0,0
1,30,777,210,2,0,1,99000,0,123,2022,4,11,15,5,12,5,14,18,11,1,1,1,0,7,0,0,0,0,0,0,20,70,0,2,1,65,75,51,61,41,0,0,0,0,0,0,0,0,0,10,0,3,0,0,0,0,0,4,2,35.68787222222222,139.876485,2,3,0,0,0,0
1,30,777,218,2,0,1,30000,0,123,2022,4,4,19,28,22,5,24,18,5,3,1,2,1,1,9,22,0,0,12,9,30,70,4,4,1,45,1,3,61,31,0,1,0,1,0,0,0,1,0,10,0,3,0,2,0,2,0,4,2,35.687998888888885,139.89996472222222,2,3,9999,0,1,0
1,30,777,226,2,0,1,20700,0,123,2022,4,20,11,18,12,5,2,18,18,2,1,2,14,1,0,0,0,0,4,9,1,70,4,3,1,1,65,17,61,1,0,11,0,1,0,0,0,2,0,80,0,3,0,2,0,2,0,4,2,35.690036388888885,139.90366111111112,4,3,9999,0,1,0
1,30,777,234,2,0,1,30000,0,123,2022,4,22,17,27,13,5,0,18,20,1,1,1,1,7,1,21,0,0,12,9,30,1,4,2,1,45,75,3,61,31,0,1,0,1,0,11,0,2,0,10,0,3,0,2,0,2,0,4,2,35.70092722222223,139.8784038888889,6,3,9999,0,9,0
1,30,777,245,2,0,1,30000,0,123,2022,4,22,18,4,13,5,0,18,20,1,1,1,1,7,9,22,0,0,12,9,30,70,5,2,1,35,1,4,61,31,0,1,0,1,0,0,0,10,0,10,0,3,0,2,0,2,0,4,2,35.71690111111111,139.83634916666668,6,3,9999,0,1,0
1,30,777,246,2,0,1,10130,0,123,2022,4,26,11,25,12,4,55,18,23,3,1,2,1,7,9,22,0,0,11,9,30,70,1,2,1,1,75,51,61,41,0,0,0,0,0,0,0,0,0,10,0,3,0,0,0,0,0,4,2,35.70064916666667,139.88151055555556,3,3,0,0,0,0
1,30,777,256,2,0,2,21190,0,123,2022,4,30,16,35,12,4,50,18,27,1,1,1,14,7,0,0,0,0,4,9,1,70,4,1,1,35,35,51,61,41,0,0,0,0,0,0,0,0,0,10,0,3,0,0,0,0,0,2,2,35.70733444444445,139.84459333333334,7,3,0,0,0,0
1,30,778,75,2,0,1,10380,0,123,2022,4,13,9,50,12,5,11,18,12,1,1,1,1,1,9,22,0,0,11,9,30,70,4,2,1,55,65,13,61,1,0,11,0,1,0,0,0,3,0,20,0,3,0,2,0,2,0,4,2,35.72382666666667,139.8893775,4,3,9999,0,9,0
1,30,778,78,2,0,1,30000,0,123,2022,4,18,11,45,12,5,5,18,17,2,1,1,14,7,0,0,0,0,2,9,1,70,5,3,1,75,35,51,61,41,0,0,0,0,0,0,0,0,0,40,0,3,0,0,0,0,0,2,4,35.734228333333334,139.87961611111112,2,3,0,0,0,0
1,30,778,93,2,0,1,99000,0,123,2022,4,23,16,0,12,4,59,18,21,1,1,1,0,7,0,0,0,0,0,0,20,70,0,4,1,1,1,51,61,41,0,0,0,0,0,0,0,0,0,10,0,3,0,0,0,0,0,4,2,35.7148125,139.90466555555557,7,3,0,0,0,0
1,30,779,57,1,1,0,10390,0,123,2022,4,23,4,9,23,4,59,18,21,1,1,1,7,1,0,0,0,0,5,9,1,70,4,2,1,65,45,3,61,1,0,1,0,1,0,11,0,4,0,10,0,3,0,2,0,2,0,4,1,35.67000472222222,139.85653861111112,7,3,9999,0,9,0
1,30,779,60,2,0,1,30000,0,123,2022,4,3,10,30,12,5,25,18,4,3,1,2,1,7,1,21,0,0,12,9,30,70,4,2,1,25,75,4,61,31,0,1,0,1,0,0,0,2,0,10,0,3,0,2,0,2,0,4,2,35.664366666666666,139.86148916666667,1,3,9999,0,1,0
1,30,779,63,2,0,1,30000,0,123,2022,4,12,20,0,22,5,13,18,12,1,1,1,7,1,0,0,0,0,5,9,1,70,1,1,1,35,55,3,61,31,0,1,0,1,0,11,0,4,0,50,0,4,0,2,0,2,0,4,2,35.65326777777778,139.86343055555554,3,3,9999,0,5,0
1,30,779,66,2,0,2,10130,0,123,2022,4,17,11,50,12,5,6,18,16,1,1,1,1,1,9,22,0,0,19,9,30,70,4,2,1,55,75,35,61,31,0,0,0,0,0,11,0,4,0,10,0,3,0,0,0,0,0,2,2,35.66286,139.87296333333333,1,3,9999,0,9,0
1,30,779,72,2,0,1,30000,0,123,2022,4,26,21,43,22,4,55,18,23,2,1,2,14,7,0,0,0,0,3,9,1,70,5,1,1,1,55,51,61,41,0,0,0,0,0,0,0,0,0,10,0,3,0,0,0,0,0,4,2,35.66461527777778,139.86500222222222,3,3,0,0,0,0
1,30,779,75,2,0,1,30000,0,123,2022,4,28,14,45,12,4,53,18,25,1,1,1,14,7,0,0,0,0,3,9,1,70,4,2,1,45,1,13,61,31,0,11,0,1,0,11,0,2,0,20,0,3,0,2,0,2,0,4,2,35.656886388888886,139.8626438888889,5,2,9999,0,1,0
1,30,876,103,2,0,1,30000,0,209,2022,4,2,10,20,12,5,26,18,3,1,1,1,1,7,1,22,0,0,14,9,30,70,4,2,1,55,75,12,61,31,0,11,0,2,0,0,11,3,0,10,0,4,0,2,0,2,0,4,2,35.606141111111114,139.32239833333333,7,3,9999,0,9,0
1,30,876,114,2,0,1,10480,0,201,2022,4,12,15,25,12,5,13,18,12,1,2,1,1,2,1,21,0,0,13,9,30,70,1,2,1,35,55,3,61,31,0,1,0,1,0,0,0,4,0,10,0,3,0,2,0,2,0,4,2,35.62883361111111,139.4007513888889,3,3,9999,0,1,0
1,30,876,116,2,0,1,30000,0,201,2022,4,12,20,23,22,5,13,18,12,1,1,1,1,7,9,22,0,0,15,9,30,70,5,1,1,45,55,3,61,31,0,1,0,1,0,0,0,3,0,10,0,3,0,2,0,2,0,4,2,35.62703666666667,139.4078061111111,3,3,9999,0,1,0
1,30,876,119,2,0,1,30000,0,201,2022,4,17,19,10,21,5,6,18,16,3,1,2,7,7,0,0,0,0,3,9,1,70,4,2,1,65,25,3,61,31,0,1,0,1,0,0,0,2,0,10,0,3,0,2,0,2,0,4,2,35.62622555555556,139.4125422222222,1,3,9999,0,1,0
1,30,876,128,2,0,1,30000,0,201,2022,4,29,16,35,12,4,52,18,26,3,1,2,1,1,9,22,0,0,16,9,30,70,5,1,1,45,75,3,61,31,0,1,0,1,0,11,0,3,0,10,0,3,0,2,0,2,0,4,2,35.61487805555556,139.3764975,6,1,9999,0,1,0
1,30,877,74,2,0,1,30000,0,201,2022,4,6,15,40,12,5,21,18,7,1,1,1,14,7,0,0,0,0,2,9,1,70,5,3,1,45,1,3,61,31,0,1,0,1,0,11,0,2,0,80,0,3,0,2,0,2,0,4,2,35.68024888888888,139.26772555555556,4,3,9999,0,1,0