資料区分,都道府県コード,警察署等コード,本票番号,事故内容,死者数,負傷者数,路線コード,地点コード,市区町村コード,発生日時　　年,発生日時　　月,発生日時　　日,発生日時　　時,発生日時　　分,昼夜,日の出時刻　　時,日の出時刻　　分,日の入り時刻　　時,日の入り時刻　　分,天候,地形,路面状態,道路形状,信号機,一時停止規制　標識（当事者A）,一時停止規制　表示（当事者A）,一時停止規制　標識（当事者B）,一時停止規制　表示（当事者B）,車道幅員,道路線形,衝突地点,ゾーン規制,中央分離帯施設等,歩車道区分,事故類型,年齢（当事者A）,年齢（当事者B）,当事者種別（当事者A）,当事者種別（当事者B）,用途別（当事者A）,用途別（当事者B）,車両形状等（当事者A）,車両形状等（当事者B）,オートマチック車（当事者A）,オートマチック車（当事者B）,サポカー（当事者A）,サポカー（当事者B）,速度規制（指定のみ）（当事者A）,速度規制（指定のみ）（当事者B）,車両の衝突部位（当事者A）,車両の衝突部位（当事者B）,車両の損壊程度（当事者A）,車両の損壊程度（当事者B）,エアバッグの装備（当事者A）,エアバッグの装備（当事者B）,サイドエアバッグの装備（当事者A）,サイドエアバッグの装備（当事者B）,人身損傷程度（当事者A）,人身損傷程度（当事者B）,lat,lon,曜日(発生年月日),祝日(発生年月日),認知機能検査経過日数（当事者A）,認知機能検査経過日数（当事者B）,運転練習の方法（当事者A）,運転練習の方法（当事者B）
1,30,877,83,2,0,1,30000,0,201,2022,4,12,8,0,12,5,13,18,12,1,3,1,1,1,0,0,0,0,15,9,30,70,5,2,1,35,0,61,0,0,0,0,0,0,0,0,0,0,0,0,0,0,0,0,0,0,0,2,0,35.65323138888889,139.29288083333333,3,3,0,0,0,0
1,30,877,84,2,0,1,30000,0,201,2022,4,12,17,20,13,5,13,18,12,1,3,1,1,7,9,22,0,0,15,9,30,70,5,3,1,65,45,3,61,31,0,1,0,1,0,0,0,2,0,50,0,3,0,2,0,2,0,4,2,35.64694,139.3068088888889,3,3,9999,0,9,0
1,30,877,96,2,0,1,30000,0,201,2022,4,21,11,15,12,5,1,18,19,1,1,1,1,7,1,21,0,0,11,9,30,70,4,3,1,25,55,3,61,31,0,1,0,1,0,0,0,2,0,10,0,3,0,2,0,2,0,4,2,35.64546694444444,139.29783472222223,5,3,9999,0,1,0
1,30,877,102,2,0,1,20740,0,201,2022,4,20,6,58,12,5,2,18,18,1,3,1,0,7,0,0,0,0,0,0,20,70,0,4,1,35,75,3,61,31,0,1,0,1,0,0,0,10,0,70,0,3,0,2,0,2,0,4,2,35.67503611111111,139.30117833333335,4,3,9999,0,1,0
1,30,877,103,2,0,1,30000,0,201,2022,4,28,11,55,12,4,53,18,25,1,3,1,13,7,0,0,0,0,2,3,1,70,5,3,1,55,65,3,61,31,0,1,0,1,0,0,0,2,0,40,0,3,0,2,0,2,0,4,2,35.668462777777776,139.29115166666668,5,2,9999,0,9,0
1,30,877,109,2,0,1,20730,0,201,2022,4,29,20,35,22,4,52,18,26,3,1,1,1,1,9,22,0,0,19,9,30,70,4,3,1,35,1,3,61,31,0,1,0,1,0,0,0,3,0,10,0,3,0,2,0,2,0,4,2,35.67309777777778,139.2958711111111,6,1,9999,0,1,0
1,30,878,93,2,0,1,30000,0,224,2022,4,7,20,43,22,5,20,18,8,1,2,1,1,7,9,22,0,0,11,9,30,70,1,2,1,25,65,3,61,1,0,1,0,1,0,0,0,3,0,10,0,3,0,2,0,2,0,4,2,35.63064027777778,139.44731083333335,5,3,9999,0,9,0
1,30,878,99,2,0,1,30000,0,225,2022,4,8,12,50,12,5,18,18,8,1,2,1,1,7,1,21,0,0,12,9,30,70,4,2,1,55,55,3,61,31,0,1,0,1,0,0,0,10,0,10,0,3,0,2,0,2,0,4,2,35.650103888888886,139.49327305555553,6,3,9999,0,9,0
1,30,878,101,2,0,1,30000,0,224,2022,4,2,7,3,12,5,26,18,3,1,1,1,1,7,9,22,0,0,11,7,30,70,5,3,1,65,45,36,61,31,0,0,0,0,0,0,0,10,0,10,0,3,0,0,0,0,0,4,2,35.64306277777778,139.45923166666665,7,3,9999,0,9,0
1,30,878,103,2,0,1,30000,0,224,2022,4,19,7,20,12,5,4,18,17,1,1,1,14,7,0,0,0,0,1,9,1,70,5,4,1,45,25,51,61,41,0,0,0,0,0,0,0,0,0,10,0,4,0,0,0,0,0,4,2,35.650458888888885,139.4484177777778,3,3,0,0,0,0
1,30,878,112,2,0,1,30000,0,225,2022,4,15,20,10,22,5,9,18,14,3,2,1,1,7,1,21,0,0,13,9,30,70,4,2,1,25,45,3,61,31,0,1,0,1,0,0,0,3,0,30,0,3,0,2,0,2,0,4,2,35.61161083333334,139.4869436111111,6,3,9999,0,5,0
1,30,878,116,2,0,1,95000,0,224,2022,4,25,20,10,22,4,56,18,22,1,1,1,0,7,0,0,0,0,0,0,20,70,0,4,1,25,1,51,61,41,0,0,0,0,0,0,0,0,0,10,0,3,0,0,0,0,0,4,2,35.656350555555555,139.44093138888888,2,3,0,0,0,0
1,30,879,156,2,0,1,99000,0,223,2022,4,1,14,40,12,5,28,18,3,1,2,1,0,7,0,0,0,0,0,0,20,70,0,3,1,55,25,3,61,31,0,1,0,1,0,11,0,10,0,80,0,3,0,2,0,2,0,4,2,35.745627222222225,139.384375,6,3,9999,0,9,0
1,30,879,162,2,0,1,30000,0,220,2022,4,3,18,30,21,5,25,18,4,3,1,2,1,1,9,22,0,0,13,9,30,70,4,2,1,25,45,4,61,31,0,1,0,1,0,0,0,3,0,10,0,3,0,2,0,2,0,4,2,35.742625000000004,139.4446488888889,1,3,9999,0,1,0
1,30,879,163,2,0,1,30000,0,223,2022,4,5,10,30,12,5,22,18,6,2,1,1,14,7,0,0,0,0,2,9,1,70,5,1,1,65,0,61,0,0,0,0,0,0,0,0,0,0,0,0,0,0,0,0,0,0,0,2,0,35.74129305555556,139.40570694444446,3,3,0,0,0,0
1,30,879,175,2,0,1,30000,0,223,2022,4,8,16,15,12,5,18,18,8,1,2,1,1,1,9,22,0,0,12,9,30,70,4,2,1,65,75,4,61,31,0,1,0,1,0,11,0,2,0,20,0,3,0,2,0,2,0,4,2,35.739485,139.40643083333333,6,3,9999,0,9,0
1,30,879,178,2,0,1,30000,0,223,2022,4,10,21,35,22,5,15,18,10,1,2,1,14,7,0,0,0,0,2,9,1,70,5,4,1,1,55,51,61,41,0,0,0,0,0,0,0,0,0,10,0,3,0,0,0,0,0,4,2,35.7487475,139.39322666666666,1,3,0,0,0,0
1,30,879,189,2,0,1,30000,0,220,2022,4,15,10,25,12,5,9,18,14,3,2,2,14,7,0,0,0,0,1,9,1,70,5,3,1,25,65,3,61,31,0,1,0,1,0,0,0,10,0,40,0,3,0,2,0,2,0,4,2,35.74565805555556,139.42193361111111,6,3,9999,0,1,0
1,30,879,197,2,0,1,95000,0,220,2022,4,17,11,25,12,5,6,18,16,1,1,1,0,7,0,0,0,0,0,0,20,70,0,4,1,45,55,3,61,31,0,1,0,1,0,0,0,1,0,30,0,3,0,2,0,2,0,4,2,35.73681944444444,139.42443333333333,1,3,9999,0,9,0
1,30,879,201,2,0,2,30000,0,223,2022,4,14,19,40,22,5,10,18,13,3,2,2,1,1,9,22,0,0,15,9,30,70,5,2,1,25,55,36,61,31,0,0,0,0,0,0,0,2,0,10,0,3,0,0,0,0,0,2,2,35.73891388888889,139.3708813888889,5,3,9999,0,1,0
1,30,879,208,2,0,1,30000,0,220,2022,4,30,11,30,12,4,50,18,27,1,2,1,14,7,0,0,0,0,3,9,1,70,5,2,1,1,1,4,61,31,0,1,0,1,0,0,0,3,0,10,0,3,0,2,0,2,0,4,2,35.743114444444444,139.44458583333335,7,3,9999,0,1,0
1,30,879,209,2,0,1,99000,0,223,2022,4,24,13,5,12,4,57,18,22,3,1,1,0,7,0,0,0,0,0,0,20,70,0,4,1,45,35,3,61,31,0,1,0,1,0,0,0,1,0,10,0,4,0,2,0,2,0,4,2,35.74503861111111,139.38539666666665,1,3,9999,0,2,0
1,30,880,66,2,0,1,95000,0,205,2021,6,20,11,5,12,4,25,19,0,1,1,1,0,7,0,0,0,0,0,0,20,70,0,4,1,75,45,4,61,31,0,1,0,1,0,0,0,10,0,15,0,4,0,2,0,2,0,4,2,35.796947777777774,139.30858083333334,1,3,779,0,9,0
1,30,880,73,2,0,1,30000,0,205,2022,4,8,8,40,12,5,18,18,8,1,2,1,14,7,0,0,0,0,4,9,1,70,4,1,1,1,35,51,61,41,0,0,0,0,0,0,0,0,0,20,0,4,0,0,0,0,0,4,2,35.77817916666667,139.31929583333334,6,3,0,0,0,0
1,30,880,83,2,0,1,30000,0,205,2022,4,30,15,55,12,4,50,18,27,1,1,1,14,7,0,0,0,0,3,7,1,70,5,4,1,45,1,3,61,31,0,1,0,1,0,0,0,10,0,10,0,3,0,2,0,2,0,4,2,35.77323888888889,139.27535944444446,7,3,9999,0,1,0
1,30,881,50,2,0,1,95000,0,228,2022,4,5,15,15,12,5,22,18,6,1,3,1,14,7,0,0,0,0,2,9,1,70,4,2,1,35,45,4,61,31,0,1,0,1,0,0,0,3,0,80,0,3,0,2,0,2,0,4,2,35.73519666666667,139.25644972222221,3,3,9999,0,5,0
1,30,881,55,2,0,1,99000,0,228,2022,4,19,17,15,12,5,4,18,17,2,1,1,0,7,0,0,0,0,0,0,20,70,0,4,1,55,1,4,61,31,0,1,0,1,0,0,0,10,0,30,0,4,0,2,0,2,0,4,2,35.725676944444444,139.26336666666666,3,3,9999,0,9,0
1,30,881,58,2,0,1,95000,0,305,2022,4,25,16,45,12,4,56,18,22,1,1,1,7,7,0,0,0,0,4,2,1,70,4,2,1,55,65,4,61,31,0,1,0,1,0,0,0,3,0,10,0,2,0,2,0,2,0,4,2,35.739628055555556,139.27248555555556,2,3,9999,0,9,0
1,30,882,127,2,0,1,30000,0,218,2022,4,5,19,20,22,5,22,18,6,1,1,1,1,1,9,22,0,0,15,9,30,70,1,2,1,45,55,33,61,31,0,0,0,0,0,0,0,3,0,10,0,3,0,0,0,0,0,4,2,35.74455583333334,139.3326686111111,3,3,9999,0,9,0
1,30,882,128,2,0,1,95000,0,218,2022,4,7,12,35,12,5,20,18,8,2,1,1,0,7,0,0,0,0,0,0,20,70,0,4,1,25,65,3,61,31,0,1,0,2,0,0,0,10,0,30,0,3,0,2,0,2,0,4,2,35.73187222222222,139.33214833333332,5,3,9999,0,5,0
1,30,882,136,2,0,1,30000,0,218,2022,2,25,14,45,12,6,16,17,32,1,1,1,1,7,1,21,0,0,12,9,30,70,4,2,1,25,75,4,61,31,0,1,0,1,0,0,0,2,0,10,0,3,0,2,0,2,0,4,2,35.71425805555556,139.33577277777778,6,3,9999,0,1,0
1,30,882,142,2,0,1,10260,0,228,2022,4,15,12,55,12,5,9,18,14,3,1,2,1,7,1,21,0,0,15,9,30,70,4,2,1,65,45,4,61,31,0,1,0,1,0,0,0,3,0,20,0,3,0,2,0,2,0,4,2,35.727939166666665,139.28347333333332,6,3,9999,0,9,0
1,30,882,143,2,0,1,95000,0,227,2022,4,16,14,15,12,5,7,18,15,1,1,1,1,1,9,22,0,0,12,9,30,70,4,3,1,1,55,4,61,31,0,1,0,1,0,0,0,3,0,20,0,4,0,2,0,2,0,4,2,35.77078888888889,139.30906444444446,7,3,0,0,0,0
1,30,882,146,2,0,1,30000,0,227,2022,4,18,10,36,12,5,5,18,17,2,2,1,14,7,0,0,0,0,2,9,1,70,5,3,1,25,35,13,61,1,0,11,0,1,0,0,0,3,0,30,0,3,0,2,0,2,0,4,2,35.76860583333333,139.30080305555558,2,3,9999,0,5,0
1,30,882,148,2,0,1,30000,0,228,2022,4,19,7,55,12,5,4,18,17,1,1,1,14,7,0,0,0,0,2,9,1,70,5,4,1,55,45,14,61,31,0,11,0,1,0,0,0,2,0,50,0,3,0,2,0,2,0,4,2,35.72802277777778,139.30828944444445,3,3,9999,0,9,0
1,30,882,158,2,0,1,30000,0,227,2022,2,5,19,30,22,6,38,17,13,1,2,1,1,7,9,22,0,0,14,9,30,70,4,2,1,35,35,3,61,31,0,1,0,1,0,0,0,3,0,20,0,3,0,2,0,2,0,4,2,35.77743833333333,139.30379194444447,7,3,9999,0,5,0
1,30,883,134,2,0,1,30000,0,201,2022,2,28,11,12,12,6,13,17,35,1,2,1,14,7,0,0,0,0,2,9,1,70,5,3,1,75,45,3,61,31,0,1,0,1,0,11,0,5,0,40,0,3,0,2,0,2,0,4,2,35.65914083333333,139.34392333333335,2,3,369,0,9,0
1,30,883,135,2,0,1,31060,0,201,2022,3,15,12,14,12,5,52,17,48,1,1,1,1,1,9,22,0,0,11,9,30,70,4,2,1,75,35,3,61,31,0,1,0,1,0,0,0,3,0,10,0,4,0,2,0,2,0,4,2,35.6778475,139.31443944444445,3,3,1000,0,9,0
1,30,883,144,2,0,1,30000,0,201,2022,4,8,10,40,12,5,18,18,8,1,2,1,1,7,9,22,0,0,11,7,30,70,5,4,1,1,25,14,61,1,0,11,0,1,0,0,0,5,0,60,0,4,0,2,0,2,0,4,2,35.65072472222222,139.32943805555556,6,3,9999,0,5,0
1,30,883,148,2,0,1,31060,0,201,2022,4,10,16,47,12,5,15,18,10,1,2,1,14,7,0,0,0,0,2,9,1,70,4,2,1,45,25,3,61,31,0,1,0,1,0,0,0,3,0,20,0,4,0,2,0,2,0,4,2,35.67712583333333,139.31383583333334,1,3,9999,0,9,0
1,30,883,163,2,0,1,30000,0,201,2022,4,8,8,0,12,5,18,18,8,1,1,1,1,1,0,0,0,0,12,9,30,70,5,3,1,65,0,61,0,0,0,0,0,0,0,0,0,0,0,0,0,0,0,0,0,0,0,2,0,35.65770694444444,139.33536166666667,6,3,0,0,0,0
1,30,883,166,2,0,1,30000,0,201,2022,4,16,13,30,12,5,7,18,15,1,1,1,1,1,9,22,0,0,16,9,30,70,4,2,1,45,75,1,61,1,0,1,0,2,0,0,0,3,0,10,0,3,0,2,0,2,0,4,2,35.69203861111111,139.3343477777778,7,3,9999,0,9,0
1,30,883,172,2,0,1,99000,0,201,2022,4,19,15,34,12,5,4,18,17,2,3,1,0,7,0,0,0,0,0,0,20,70,0,4,1,55,25,4,61,31,0,1,0,1,0,0,0,10,0,50,0,3,0,2,0,2,0,4,2,35.67249416666667,139.32438527777776,3,3,9999,0,9,0
1,30,883,176,2,0,1,30000,0,201,2022,4,11,11,17,12,5,14,18,11,1,1,1,7,7,0,0,0,0,2,9,1,70,5,3,1,45,35,3,61,31,0,1,0,1,0,11,0,3,0,40,0,3,0,2,0,2,0,4,2,35.65208055555556,139.33323916666666,2,3,9999,0,1,0
1,30,883,177,2,0,1,30000,0,201,2022,4,21,18,5,13,5,1,18,19,3,1,1,7,7,0,0,0,0,2,9,1,70,5,3,1,55,1,3,61,31,0,1,0,1,0,0,0,3,0,20,0,3,0,2,0,2,0,4,2,35.66616916666666,139.34934361111112,5,3,9999,0,9,0
1,30,883,181,2,0,1,30000,0,201,2022,4,26,15,53,12,4,55,18,23,3,2,2,1,7,8,21,0,0,11,9,30,70,4,2,1,65,75,3,61,1,0,1,0,1,0,0,0,2,0,40,0,3,0,2,0,2,0,4,2,35.65701472222222,139.3119838888889,3,3,9999,0,9,0
1,30,884,254,2,0,1,30000,0,209,2021,12,27,19,12,22,6,49,16,35,1,3,1,14,7,0,0,0,0,2,9,1,70,5,2,1,55,45,3,61,31,0,1,0,1,0,0,0,3,0,20,0,3,0,2,0,2,0,4,2,35.54131833333333,139.44833555555556,2,3,9999,0,9,0
1,30,884,255,2,0,1,99000,0,209,2022,4,1,11,47,12,5,28,18,3,1,1,1,0,7,0,0,0,0,0,0,20,70,0,4,1,55,75,3,61,31,0,1,0,1,0,0,0,10,0,30,0,3,0,2,0,2,0,4,2,35.57159361111111,139.427125,6,3,9999,0,9,0
1,30,884,259,2,0,1,30000,0,209,2022,4,7,19,13,22,5,20,18,8,1,1,1,14,7,0,0,0,0,2,8,1,70,4,2,1,1,35,51,61,41,0,0,0,0,0,0,0,0,0,10,0,3,0,0,0,0,0,4,2,35.538441388888884,139.46558194444444,5,3,0,0,0,0
1,30,884,263,2,0,1,30000,0,209,2022,4,10,12,30,12,5,15,18,10,1,1,1,1,7,9,22,0,0,11,9,30,70,5,3,1,35,55,3,61,31,0,1,0,1,0,0,0,2,0,80,0,3,0,2,0,2,0,4,2,35.54316972222222,139.4533272222222,1,3,9999,0,9,0
1,30,884,267,2,0,1,10570,0,209,2022,4,12,11,40,12,5,13,18,12,1,1,1,1,7,9,22,0,0,11,9,30,70,5,1,1,25,65,14,61,1,0,11,0,1,0,0,0,3,0,10,0,3,0,2,0,2,0,4,2,35.57314916666667,139.4441502777778,3,3,9999,0,1,0
1,30,884,269,2,0,1,30000,0,209,2022,4,13,21,0,22,5,11,18,12,1,1,1,1,7,9,22,0,0,14,9,30,70,4,2,1,55,45,3,61,1,0,1,0,1,0,0,0,3,0,80,0,3,0,2,0,2,0,4,2,35.54430166666666,139.473695,4,3,9999,0,9,0
1,30,884,283,2,0,1,30000,0,209,2022,4,18,18,15,13,5,5,18,17,3,1,2,1,7,9,22,0,0,13,9,30,70,5,3,1,55,45,3,61,31,0,1,0,1,0,0,0,2,0,10,0,4,0,2,0,2,0,4,2,35.55154861111111,139.44939833333333,2,3,9999,0,1,0
1,30,884,284,2,0,1,30000,0,209,2022,4,18,18,43,21,5,5,18,17,3,1,2,1,7,9,22,0,0,16,9,30,70,5,2,1,75,55,3,61,31,0,1,0,1,0,0,0,3,0,10,0,3,0,2,0,2,0,4,2,35.52321833333333,139.48262583333334,2,3,343,0,9,0
1,30,884,300,2,0,1,95000,0,209,2022,4,25,7,52,12,4,56,18,22,1,1,1,14,7,0,0,0,0,1,9,1,70,5,1,1,1,45,51,61,41,0,0,0,0,0,0,0,0,0,40,0,3,0,0,0,0,0,2,4,35.560381111111106,139.42137527777777,2,3,0,0,0,0
1,30,884,301,2,0,1,21120,0,209,2022,4,25,12,20,12,4,56,18,22,1,1,1,1,1,9,22,0,0,11,9,30,70,4,1,1,65,75,3,61,31,0,1,0,1,0,0,0,2,0,80,0,3,0,2,0,2,0,4,2,35.5374725,139.4829525,2,3,9999,0,9,0
1,30,884,311,2,0,1,30000,0,209,2022,4,21,8,35,12,5,1,18,19,1,1,1,14,7,0,0,0,0,3,9,1,70,5,2,1,35,1,3,61,31,0,1,0,1,0,11,0,3,0,50,0,3,0,2,0,2,0,4,2,35.54525222222222,139.4619136111111,5,3,9999,0,5,0
1,30,884,313,2,0,1,30000,0,209,2022,4,30,8,18,12,4,50,18,27,1,1,1,1,7,9,22,0,0,14,9,30,70,5,4,1,55,35,4,61,31,0,1,0,1,0,0,0,3,0,50,0,3,0,2,0,2,0,4,2,35.55038444444444,139.43421305555555,7,3,9999,0,9,0
1,30,884,316,2,0,1,10490,0,209,2022,4,30,18,5,13,4,50,18,27,1,2,1,1,1,9,22,0,0,15,9,30,70,4,2,1,45,65,4,61,31,0,1,0,1,0,0,0,3,0,10,0,3,0,2,0,2,0,4,2,35.55497194444444,139.43647083333335,7,3,9999,0,9,0
1,30,884,321,2,0,1,30000,0,209,2022,4,29,3,3,22,4,52,18,26,1,1,1,14,7,0,0,0,0,3,9,1,70,4,2,1,35,0,61,0,0,0,0,0,0,0,0,0,0,0,0,0,0,0,0,0,0,0,2,0,35.54110194444444,139.44962,6,1,0,0,0,0
1,30,885,81,2,0,1,30000,0,212,2022,3,18,18,25,21,5,48,17,51,3,1,2,1,1,9,22,0,0,18,9,30,70,1,2,1,45,25,4,61,31,0,1,0,1,0,0,0,4,0,20,0,3,0,2,0,2,0,4,2,35.67259194444444,139.39674499999998,6,3,9999,0,1,0
1,30,885,82,2,0,1,20890,0,212,2022,4,3,9,25,12,5,25,18,4,3,1,2,1,1,9,22,0,0,14,9,30,70,4,1,1,65,55,3,61,31,0,1,0,1,0,0,0,4,0,40,0,3,0,2,0,2,0,4,2,35.67938833333333,139.39503138888887,1,3,9999,0,9,0
1,30,885,102,2,0,1,30000,0,212,2022,4,1,16,28,12,5,28,18,3,1,3,1,1,7,1,21,0,0,15,9,30,70,4,2,1,35,25,3,61,31,0,1,0,1,0,0,0,2,0,40,0,3,0,2,0,2,0,4,2,35.671391111111106,139.3942622222222,6,3,9999,0,5,0
1,30,886,134,2,0,1,30000,0,207,2022,4,18,18,45,21,5,5,18,17,3,2,2,1,1,9,22,0,0,12,9,30,70,4,2,1,65,65,3,61,31,0,1,0,1,0,0,0,3,0,10,0,4,0,2,0,2,0,4,2,35.71795111111111,139.36578777777777,2,3,9999,0,9,0
1,30,886,135,2,0,1,10550,0,207,2022,4,18,18,50,21,5,5,18,17,3,2,2,1,1,9,22,0,0,12,9,30,70,4,2,1,55,65,4,61,31,0,1,0,1,0,0,0,3,0,10,0,3,0,2,0,2,0,4,2,35.698995277777776,139.3683363888889,2,3,9999,0,9,0
1,30,886,136,2,0,1,30810,0,207,2022,4,18,19,45,22,5,5,18,17,3,2,2,1,1,9,22,0,0,12,9,30,70,4,2,1,65,35,4,61,31,0,1,0,1,0,0,0,3,0,10,0,4,0,2,0,2,0,4,2,35.71208861111111,139.36252833333333,2,3,9999,0,9,0
1,30,886,137,2,0,1,30000,0,207,2022,4,18,20,30,22,5,5,18,17,3,2,2,14,7,0,0,0,0,1,9,1,70,4,2,1,1,1,51,61,41,0,0,0,0,0,0,0,0,0,10,0,4,0,0,0,0,0,4,2,35.718185000000005,139.36497166666666,2,3,0,0,0,0
1,30,886,138,2,0,1,30810,0,207,2022,4,22,17,20,13,5,0,18,20,1,1,1,1,7,1,21,0,0,13,9,30,70,4,1,1,55,45,35,61,31,0,0,0,0,0,0,0,3,0,10,0,3,0,0,0,0,0,4,2,35.7134425,139.35765444444445,6,3,9999,0,9,0
1,30,886,144,2,0,1,21300,0,207,2022,4,27,17,48,13,4,54,18,24,2,1,1,1,7,9,22,0,0,14,9,30,70,4,2,1,1,1,51,61,41,0,0,0,0,0,0,0,0,0,40,0,4,0,0,0,0,0,4,2,35.70283944444445,139.36653083333331,4,3,0,0,0,0
1,30,887,169,2,0,1,10260,0,202,2022,4,7,9,20,12,5,20,18,8,1,1,1,1,1,9,22,0,0,11,9,30,70,4,3,1,35,45,14,61,31,0,11,0,1,0,0,0,3,0,10,0,3,0,2,0,2,0,4,2,35.72573944444444,139.3924197222222,5,3,9999,0,1,0
1,30,887,170,2,0,1,95000,0,202,2022,4,8,10,49,12,5,18,18,8,1,2,1,1,7,9,22,0,0,11,6,30,70,4,2,1,45,65,3,61,31,0,1,0,1,0,0,0,3,0,10,0,3,0,2,0,2,0,4,2,35.69723111111111,139.41552194444446,6,3,9999,0,9,0
1,30,887,176,2,0,1,95000,0,202,2022,3,18,19,0,22,5,48,17,51,3,1,2,1,1,9,22,0,0,15,9,30,70,4,1,1,45,35,3,61,31,0,1,0,1,0,0,0,1,0,10,0,4,0,2,0,2,0,4,2,35.73111083333333,139.3751411111111,6,3,9999,0,9,0
1,30,887,181,2,0,1,30000,0,202,2022,4,15,18,30,21,5,9,18,14,3,1,2,14,7,0,0,0,0,2,9,1,1,4,4,1,45,75,3,61,31,0,1,0,1,0,0,0,2,0,30,0,3,0,2,0,2,0,4,2,35.728473055555554,139.40922416666666,6,3,9999,0,1,0
1,30,887,186,2,0,1,30000,0,202,2022,4,17,13,35,12,5,6,18,16,2,2,1,14,7,0,0,0,0,6,9,1,70,1,1,1,1,45,51,61,41,0,0,0,0,0,0,0,0,0,40,0,3,0,0,0,0,0,4,2,35.70950916666667,139.41301166666668,1,3,0,0,0,0
1,30,887,189,2,0,2,30000,0,202,2022,4,20,21,24,22,5,2,18,18,2,1,1,1,1,9,22,0,0,15,9,30,70,5,2,1,45,1,51,61,41,0,0,0,0,0,0,0,0,0,10,0,3,0,0,0,0,0,2,2,35.72868638888889,139.41040333333333,4,3,0,0,0,0
1,30,887,205,2,0,1,30000,0,202,2022,4,12,7,50,12,5,13,18,12,1,1,1,14,7,0,0,0,0,2,9,1,70,5,3,1,65,45,3,61,31,0,1,0,1,0,0,0,2,0,40,0,3,0,2,0,2,0,4,2,35.73342805555556,139.40490583333334,3,3,9999,0,9,0
1,30,887,208,2,0,1,95000,0,215,2022,4,3,9,35,12,5,25,18,4,3,1,2,7,7,0,0,0,0,1,9,1,70,5,3,1,35,25,3,61,31,0,1,0,1,0,0,0,2,0,40,0,3,0,2,0,2,0,4,2,35.683099444444444,139.4394663888889,1,3,9999,0,1,0
1,30,887,214,2,0,1,30000,0,202,2022,4,30,13,55,12,4,50,18,27,1,1,1,14,7,0,0,0,0,3,9,1,70,4,1,1,35,1,4,61,31,0,1,0,1,0,0,0,3,0,10,0,3,0,2,0,2,0,4,2,35.726149444444445,139.40158055555557,7,3,9999,0,1,0
1,30,888,70,2,0,1,20890,0,206,2022,4,1,20,30,22,5,28,18,3,1,1,1,1,7,9,22,0,0,12,9,30,70,4,2,1,45,1,36,61,31,0,0,0,0,0,0,0,2,0,10,0,3,0,0,0,0,0,4,2,35.66898027777778,139.50294472222222,6,3,9999,0,5,0
1,30,888,73,2,0,1,95000,0,206,2022,4,7,20,51,22,5,20,18,8,1,1,1,1,7,9,22,0,0,17,9,30,70,4,2,1,75,25,3,61,31,0,1,0,1,0,0,0,2,0,10,0,3,0,2,0,2,0,4,2,35.67234444444444,139.4804411111111,5,3,840,0,9,0
1,30,888,75,2,0,1,30000,0,206,2022,4,13,17,13,13,5,11,18,12,1,1,1,7,7,0,0,0,0,2,9,1,70,5,4,1,35,1,36,61,31,0,0,0,0,0,0,0,2,0,10,0,3,0,0,0,0,0,4,2,35.659308055555556,139.46630638888888,4,3,9999,0,5,0
1,30,888,81,2,0,1,30000,0,206,2022,4,21,7,45,12,5,1,18,19,1,1,1,14,7,0,0,0,0,3,9,1,70,5,2,1,45,25,51,61,41,0,0,0,0,0,0,0,0,0,10,0,4,0,0,0,0,0,4,2,35.68607222222222,139.4610136111111,5,3,0,0,0,0
1,30,888,83,2,0,1,30000,0,206,2022,4,25,19,20,21,4,56,18,22,1,1,1,14,7,0,0,0,0,2,9,1,70,4,2,1,35,55,3,61,31,0,1,0,1,0,0,0,3,0,20,0,3,0,2,0,2,0,4,2,35.652184444444444,139.51731833333335,2,3,9999,0,1,0
1,30,888,84,2,0,1,30000,0,206,2022,4,28,12,35,12,4,53,18,25,1,1,1,1,7,1,21,0,0,11,9,30,70,4,2,1,75,45,3,61,31,0,1,0,1,0,0,0,3,0,10,0,3,0,2,0,2,0,4,2,35.666835,139.49391638888886,5,2,203,0,9,0
1,30,889,62,2,0,1,30000,0,210,2022,4,1,10,33,12,5,28,18,3,1,1,1,1,1,1,21,0,0,12,9,30,70,4,2,1,35,25,12,61,1,0,11,0,1,0,0,0,1,0,80,0,4,0,2,0,2,0,4,2,35.704008611111114,139.5220111111111,6,3,9999,0,1,0
1,30,889,66,2,0,1,30000,0,214,2022,4,7,15,0,12,5,20,18,8,2,1,1,14,7,0,0,0,0,2,8,1,70,5,4,1,1,75,51,61,41,0,0,0,0,0,0,0,0,0,10,0,3,0,0,0,0,0,4,2,35.702555000000004,139.44777833333333,5,3,0,0,0,0
1,30,889,74,2,0,1,30000,0,214,2022,4,15,11,10,12,5,9,18,14,3,1,2,14,7,0,0,0,0,1,9,1,70,5,3,1,45,35,4,61,31,0,1,0,1,0,0,0,10,0,40,0,3,0,2,0,2,0,4,2,35.70074888888889,139.4780113888889,6,3,9999,0,1,0
1,30,889,81,2,0,1,30000,0,214,2022,4,24,13,5,12,4,57,18,22,3,1,1,14,7,0,0,0,0,2,9,1,70,5,3,1,55,65,4,61,31,0,1,0,1,0,0,0,10,0,10,0,4,0,2,0,2,0,4,2,35.703746388888895,139.45834499999998,1,3,9999,0,9,0
1,30,889,88,2,0,1,30000,0,210,2022,4,18,19,30,22,5,5,18,17,3,1,2,14,7,0,0,0,0,2,9,1,1,5,3,1,65,25,3,61,1,0,1,0,1,0,0,0,2,0,40,0,3,0,2,0,2,0,4,2,35.69864055555555,139.52207305555558,2,3,9999,0,9,0