資料区分,都道府県コード,警察署等コード,本票番号,事故内容,死者数,負傷者数,路線コード,地点コード,市区町村コード,発生日時　　年,発生日時　　月,発生日時　　日,発生日時　　時,発生日時　　分,昼夜,日の出時刻　　時,日の出時刻　　分,日の入り時刻　　時,日の入り時刻　　分,天候,地形,路面状態,道路形状,信号機,一時停止規制　標識（当事者A）,一時停止規制　表示（当事者A）,一時停止規制　標識（当事者B）,一時停止規制　表示（当事者B）,車道幅員,道路線形,衝突地点,ゾーン規制,中央分離帯施設等,歩車道区分,事故類型,年齢（当事者A）,年齢（当事者B）,当事者種別（当事者A）,当事者種別（当事者B）,用途別（当事者A）,用途別（当事者B）,車両形状等（当事者A）,車両形状等（当事者B）,オートマチック車（当事者A）,オートマチック車（当事者B）,サポカー（当事者A）,サポカー（当事者B）,速度規制（指定のみ）（当事者A）,速度規制（指定のみ）（当事者B）,車両の衝突部位（当事者A）,車両の衝突部位（当事者B）,車両の損壊程度（当事者A）,車両の損壊程度（当事者B）,エアバッグの装備（当事者A）,エアバッグの装備（当事者B）,サイドエアバッグの装備（当事者A）,サイドエアバッグの装備（当事者B）,人身損傷程度（当事者A）,人身損傷程度（当事者B）,lat,lon,曜日(発生年月日),祝日(発生年月日),認知機能検査経過日数（当事者A）,認知機能検査経過日数（当事者B）,運転練習の方法（当事者A）,運転練習の方法（当事者B）
1,30,890,98,2,0,1,30000,0,229,2022,4,8,4,8,22,5,18,18,8,1,1,1,1,1,9,22,0,0,15,9,30,70,4,2,1,25,25,3,61,31,0,1,0,1,0,0,0,3,0,50,0,3,0,2,0,2,0,4,2,35.74649388888889,139.54948527777776,6,3,9999,0,5,0
1,30,890,100,2,0,1,30000,0,229,2022,3,21,19,6,22,5,44,17,53,1,1,1,14,7,0,0,0,0,2,9,1,70,5,4,1,65,35,3,61,31,0,1,0,1,0,0,0,2,0,50,0,4,0,2,0,2,0,4,2,35.75327277777778,139.55125944444447,2,1,9999,0,9,0
1,30,890,101,2,0,1,99000,0,222,2022,4,6,13,30,12,5,21,18,7,1,1,1,0,7,0,0,0,0,0,0,20,70,0,4,1,65,55,4,61,31,0,1,0,1,0,0,0,10,0,50,0,4,0,2,0,2,0,4,2,35.74507861111111,139.49120777777776,4,3,9999,0,9,0
1,30,890,109,2,0,1,10240,0,229,2022,4,20,16,29,12,5,2,18,18,2,1,1,1,1,9,22,0,0,15,9,30,70,4,2,1,25,25,3,61,31,0,1,0,1,0,0,0,2,0,10,0,3,0,2,0,2,0,4,2,35.72992444444445,139.5384363888889,4,3,9999,0,5,0
1,30,890,110,2,0,1,99000,0,222,2022,4,7,13,5,12,5,20,18,8,1,1,1,0,7,0,0,0,0,0,0,20,70,0,4,1,45,35,3,61,31,0,1,0,1,0,0,0,10,0,10,0,3,0,2,0,2,0,4,2,35.7590725,139.52854000000002,5,3,9999,0,1,0
1,30,890,122,2,0,1,30000,0,229,2022,4,6,11,22,12,5,21,18,7,1,1,1,1,7,9,22,0,0,11,9,30,70,5,4,1,65,1,14,61,1,0,11,0,1,0,0,0,10,0,10,0,3,0,2,0,2,0,4,2,35.73172972222223,139.55686722222222,4,3,9999,0,9,0
1,30,891,114,2,0,1,30000,0,221,2022,1,23,11,32,12,6,47,16,59,2,1,1,14,7,0,0,0,0,2,9,1,70,5,3,1,55,35,51,61,41,0,0,0,0,0,0,0,0,0,10,0,3,0,0,0,0,0,2,4,35.77124972222222,139.51924416666668,1,3,0,0,0,0
1,30,891,123,2,0,1,95000,0,213,2022,4,11,21,30,22,5,14,18,11,1,1,1,1,7,9,22,0,0,14,9,30,70,4,2,1,45,45,3,61,31,0,1,0,1,0,11,0,2,0,10,0,3,0,2,0,2,0,4,2,35.741906944444445,139.47519472222223,2,3,9999,0,9,0
1,30,892,98,2,0,1,10260,0,203,2022,3,18,19,59,22,5,48,17,51,3,1,2,7,1,0,0,0,0,3,9,1,70,4,2,1,45,65,1,61,1,0,1,0,2,0,0,0,3,0,40,0,3,0,2,0,2,0,4,2,35.70970388888889,139.57265694444445,6,3,9999,0,9,0
1,30,892,99,2,0,2,30000,0,203,2022,4,1,14,35,12,5,28,18,3,1,1,1,1,7,9,22,0,0,15,9,30,70,5,2,1,55,35,3,61,31,0,1,0,1,0,0,0,2,0,30,0,4,0,2,0,2,0,4,2,35.71027138888889,139.52813805555556,6,3,9999,0,9,0
1,30,892,104,2,0,1,30000,0,203,2022,4,4,19,20,22,5,24,18,5,3,1,2,1,7,9,22,0,0,14,9,30,70,4,2,1,45,55,4,61,31,0,1,0,1,0,11,0,3,0,10,0,3,0,2,0,2,0,4,2,35.70252638888889,139.5385797222222,2,3,9999,0,1,0
1,30,892,105,2,0,1,95000,0,203,2022,4,5,7,30,12,5,22,18,6,1,1,1,14,2,0,0,0,0,3,9,1,70,4,2,1,25,55,51,61,41,0,0,0,0,0,0,0,0,0,10,0,3,0,0,0,0,0,4,2,35.70428611111112,139.54507694444445,3,3,0,0,0,0
1,30,892,108,2,0,1,30000,0,203,2022,4,7,17,25,13,5,20,18,8,1,1,1,14,7,0,0,0,0,2,9,1,70,5,4,1,35,1,51,61,41,0,0,0,0,0,0,0,0,0,10,0,3,0,0,0,0,0,4,2,35.70868083333334,139.5576963888889,5,3,0,0,0,0
1,30,892,109,2,0,1,99000,0,203,2022,4,11,20,10,22,5,14,18,11,1,1,1,0,7,0,0,0,0,0,0,20,70,0,4,1,65,35,3,61,31,0,1,0,1,0,11,0,10,0,30,0,3,0,2,0,2,0,4,2,35.71654388888889,139.55892472222223,2,3,9999,0,9,0
1,30,892,122,2,0,1,30000,0,203,2022,4,26,6,23,12,4,55,18,23,2,1,1,14,7,0,0,0,0,2,9,1,70,5,1,1,35,65,51,61,41,0,0,0,0,0,0,0,0,0,10,0,3,0,0,0,0,0,2,4,35.700409444444446,139.54246027777776,3,3,0,0,0,0
1,30,893,90,2,0,1,95000,0,204,2022,4,4,20,50,22,5,24,18,5,3,1,2,1,1,9,22,0,0,15,9,30,70,4,1,1,25,45,14,61,1,0,11,0,1,0,11,0,3,0,10,0,3,0,2,0,2,0,4,2,35.68748222222222,139.5638888888889,2,3,9999,0,1,0
1,30,893,92,2,0,1,95000,0,204,2022,4,5,19,25,22,5,22,18,6,1,1,1,14,1,0,0,0,0,2,9,1,70,4,2,1,55,1,3,61,31,0,1,0,1,0,0,0,2,0,10,0,3,0,2,0,2,0,4,2,35.69594194444444,139.54551833333332,3,3,9999,0,9,0
1,30,893,95,2,0,1,20900,0,204,2022,4,10,16,30,12,5,15,18,10,1,1,1,1,1,9,22,0,0,15,9,30,70,4,2,1,45,1,1,61,1,0,1,0,1,0,0,0,3,0,10,0,4,0,2,0,2,0,4,2,35.683676388888884,139.55833722222224,1,3,9999,0,1,0
1,30,893,103,2,0,1,21310,0,204,2022,4,18,19,30,22,5,5,18,17,3,1,2,1,1,9,22,0,0,15,9,30,70,4,2,1,55,35,3,61,31,0,1,0,1,0,0,0,5,0,10,0,3,0,2,0,2,0,4,2,35.70430916666667,139.55038055555556,2,3,9999,0,9,0
1,30,893,115,2,0,1,20230,0,204,2022,4,15,16,16,12,5,9,18,14,1,1,2,14,7,0,0,0,0,2,9,1,70,4,2,1,35,45,1,61,1,0,1,0,2,0,0,0,1,0,10,0,4,0,2,0,2,0,4,2,35.69197305555555,139.56939722222222,6,3,9999,0,1,0
1,30,894,163,2,0,1,30000,0,208,2022,3,28,13,10,12,5,34,17,59,1,1,1,1,1,9,22,0,0,15,9,30,70,4,2,1,35,25,13,61,31,0,11,0,1,0,0,0,4,0,80,0,3,0,2,0,2,0,4,2,35.66344861111111,139.58484833333335,2,3,9999,0,5,0
1,30,894,168,2,0,1,30000,0,219,2022,4,18,19,20,22,5,5,18,17,3,1,2,1,7,0,0,0,0,13,9,30,70,5,3,1,1,0,61,0,0,0,0,0,0,0,0,0,0,0,0,0,0,0,0,0,0,0,2,0,35.63478138888889,139.57575194444445,2,3,0,0,0,0
1,30,894,169,2,0,1,30000,0,219,2022,4,8,18,50,21,5,18,18,8,1,1,1,1,7,9,22,0,0,12,9,30,70,4,3,1,65,45,3,61,31,0,1,0,1,0,0,0,3,0,20,0,3,0,2,0,2,0,4,2,35.6333575,139.57069027777777,6,3,9999,0,9,0
1,30,894,179,2,0,1,30000,0,208,2022,4,12,7,13,12,5,13,18,12,1,1,1,1,7,9,22,0,0,12,9,30,70,5,2,1,25,35,51,61,41,0,0,0,0,0,0,0,0,0,30,0,4,0,0,0,0,0,4,2,35.651471944444445,139.54526333333334,3,3,0,0,0,0
1,30,894,181,2,0,1,30000,0,208,2022,4,29,21,20,22,4,52,18,26,2,1,2,1,1,9,22,0,0,15,9,30,70,4,1,1,1,45,3,61,31,0,1,0,1,0,0,0,10,0,10,0,3,0,2,0,2,0,4,2,35.648555277777774,139.54330944444445,6,1,9999,0,1,0
1,30,895,61,2,0,1,99000,0,211,2022,4,23,10,57,12,4,59,18,21,1,1,1,0,7,0,0,0,0,0,0,20,70,0,4,1,55,45,4,61,31,0,1,0,1,0,0,0,10,0,30,0,4,0,2,0,2,0,4,2,35.71152111111111,139.4779186111111,7,3,9999,0,9,0
1,30,895,63,2,0,1,30610,0,211,2022,3,28,1,25,22,5,34,17,59,3,1,2,1,1,9,22,0,0,15,9,30,70,4,2,1,55,1,35,61,31,0,0,0,0,0,0,0,3,0,10,0,3,0,0,0,0,0,4,2,35.73721944444445,139.49978138888886,2,3,9999,0,1,0
1,30,895,64,2,0,1,30000,0,211,2022,3,11,10,52,12,5,58,17,45,1,1,1,14,7,0,0,0,0,3,9,1,70,4,2,1,65,45,51,61,41,0,0,0,0,0,0,0,0,0,10,0,3,0,0,0,0,0,4,2,35.736650000000004,139.48737083333333,6,3,0,0,0,0
1,30,899,8,2,0,1,20000,0,401,2022,4,27,19,4,21,4,54,18,24,3,1,2,1,7,9,22,0,0,11,9,30,70,4,2,1,55,55,14,61,31,0,11,0,1,0,0,0,3,0,10,0,3,0,2,0,2,0,4,2,33.10858694444445,139.78811972222223,4,3,9999,0,9,0
1,30,100,62,2,0,1,30000,0,101,2022,3,31,9,20,12,5,29,18,2,1,1,1,14,7,0,0,0,0,2,9,1,70,5,3,1,35,45,34,61,31,0,0,0,0,0,11,0,1,0,0,0,4,0,0,0,0,0,4,2,35.688649722222216,139.7367383333333,5,3,9999,0,1,0
1,30,100,64,2,0,1,30000,0,101,2022,5,9,10,10,12,4,41,18,34,2,1,1,1,7,9,22,0,0,11,9,30,1,4,2,1,1,45,51,61,41,0,0,0,0,0,0,0,0,0,10,0,4,0,0,0,0,0,4,2,35.68664333333333,139.74019277777776,2,3,0,0,0,0
1,30,100,72,2,0,1,30000,0,101,2022,5,16,12,0,12,4,35,18,40,3,1,2,1,7,1,22,0,0,15,9,30,70,5,2,1,45,25,3,61,31,0,1,0,1,0,11,0,2,0,10,0,4,0,2,0,2,0,4,2,35.68655916666666,139.74013527777777,2,3,9999,0,5,0
1,30,100,74,2,0,1,30000,0,101,2022,5,25,17,40,12,4,30,18,47,1,1,1,14,7,0,0,0,0,3,9,1,1,5,1,1,55,45,3,61,31,0,1,0,1,0,11,0,2,0,30,0,4,0,2,0,2,0,4,2,35.697022222222216,139.75211972222223,4,3,9999,0,9,0
1,30,100,75,2,0,1,10100,0,101,2022,5,27,10,0,12,4,29,18,48,3,1,2,1,7,9,22,0,0,16,9,30,70,4,2,1,55,65,12,61,1,0,11,0,1,0,11,0,4,0,10,0,3,0,2,0,2,0,4,2,35.69092916666666,139.7587386111111,6,3,9999,0,9,0
1,30,100,77,2,0,1,30000,0,101,2022,5,21,10,25,12,4,32,18,44,3,1,2,14,7,0,0,0,0,2,9,1,70,5,3,1,65,55,3,61,31,0,1,0,1,0,11,0,1,0,42,0,4,0,2,0,2,0,4,2,35.68533222222222,139.73435527777775,7,3,9999,0,4,0
1,30,101,45,2,0,1,30060,0,101,2022,4,22,10,18,12,5,0,18,20,1,1,1,14,7,0,0,0,0,4,9,1,70,4,2,1,25,45,3,61,31,0,1,0,1,0,11,0,10,0,10,0,3,0,2,0,2,0,4,2,35.68637611111111,139.7673313888889,6,3,9999,0,1,0
1,30,101,47,2,0,1,20030,0,101,2022,5,7,11,7,12,4,43,18,32,2,1,2,1,7,9,22,0,0,18,9,30,70,5,2,1,35,35,3,61,31,0,1,0,1,0,11,0,10,0,40,0,3,0,2,0,2,0,4,2,35.689162499999995,139.76401833333333,7,3,9999,0,1,0
1,30,101,52,2,0,2,20030,0,101,2022,5,28,2,45,22,4,28,18,49,2,1,1,1,1,9,22,0,0,16,9,30,70,1,2,1,45,25,3,61,1,0,1,0,1,0,11,0,5,0,10,0,3,0,2,0,2,0,4,2,35.67091222222222,139.7561738888889,7,3,9999,0,5,0
1,30,102,38,2,0,1,20090,0,101,2022,5,6,15,50,12,4,44,18,32,2,1,1,1,1,9,22,0,0,19,3,30,70,4,1,1,45,75,52,61,41,0,0,0,0,0,0,0,0,0,10,0,3,0,0,0,0,0,4,2,35.69206,139.7675263888889,6,3,0,0,0,0
1,30,102,43,2,0,1,20000,0,101,2022,5,24,10,28,12,4,30,18,46,1,1,1,1,7,9,22,0,0,17,7,30,70,1,1,1,1,75,13,61,1,0,11,0,1,0,11,0,3,0,40,0,3,0,2,0,2,0,4,2,35.69819472222222,139.76575722222222,3,3,9999,0,1,0
1,30,103,49,2,0,1,20070,0,101,2022,5,8,3,15,22,4,42,18,33,1,1,1,1,1,9,22,0,0,19,9,30,70,4,2,1,25,25,3,61,31,0,1,0,1,0,11,0,4,0,0,0,4,0,2,0,2,0,4,2,35.69594166666666,139.77046,1,3,9999,0,1,0
1,30,103,51,2,0,1,10050,0,101,2022,5,9,20,30,22,4,41,18,34,3,1,2,1,1,9,22,0,0,18,9,30,70,1,2,1,25,65,34,61,1,0,0,0,0,0,11,0,5,0,10,0,3,0,0,0,0,0,4,2,35.69571472222222,139.77279833333336,2,3,9999,0,1,0
1,30,103,52,2,0,1,20540,0,101,2022,5,11,13,30,12,4,40,18,36,1,1,1,1,7,9,22,0,0,11,9,30,70,5,3,1,45,1,3,61,31,0,1,0,1,0,11,0,10,0,10,0,3,0,2,0,2,0,4,2,35.694536388888885,139.7731638888889,4,3,9999,0,1,0
1,30,103,53,2,0,1,30000,0,101,2022,5,10,11,40,12,4,40,18,35,1,1,1,1,7,9,22,0,0,15,9,30,70,5,3,1,45,75,51,61,41,0,0,0,0,0,0,0,0,0,30,0,4,0,0,0,0,0,4,2,35.701418888888895,139.77049250000002,3,3,0,0,0,0
1,30,103,56,2,0,1,30000,0,101,2022,5,29,19,25,21,4,28,18,49,1,1,1,1,7,9,22,0,0,16,9,30,70,4,2,1,55,25,3,61,31,0,1,0,1,0,11,0,1,0,30,0,3,0,2,0,2,0,4,2,35.699709999999996,139.76972527777778,1,3,9999,0,9,0
1,30,104,80,2,0,1,30000,0,102,2022,5,2,13,50,12,4,48,18,28,1,1,1,1,1,9,22,0,0,12,9,30,70,5,2,1,35,25,36,61,31,0,31,0,0,0,11,0,2,0,10,0,3,0,0,0,0,0,4,2,35.68137027777777,139.7712513888889,2,2,9999,0,1,0
1,30,104,85,2,0,2,95000,0,102,2022,5,12,8,20,12,4,39,18,37,2,1,1,0,7,0,0,0,0,0,0,20,70,0,2,1,25,25,51,61,41,0,0,0,0,0,0,0,0,0,10,0,4,0,0,0,0,0,4,2,35.67556138888889,139.7804777777778,5,3,0,0,0,0
1,30,104,88,2,0,1,30000,0,102,2022,5,16,7,33,12,4,35,18,40,2,1,1,1,7,1,21,0,0,11,9,30,70,5,3,1,45,35,14,61,31,0,11,0,1,0,11,0,4,0,10,0,3,0,2,0,2,0,4,2,35.67689305555555,139.7730252777778,2,3,9999,0,9,0
1,30,104,94,2,0,1,20100,0,102,2022,5,25,15,0,12,4,30,18,47,1,1,1,14,7,0,0,0,0,5,9,1,70,1,2,1,35,75,1,61,1,0,1,0,1,0,11,0,2,0,0,0,4,0,2,0,2,0,4,2,35.678307499999995,139.77412,4,3,9999,0,1,0
1,30,104,100,2,0,1,30000,0,102,2022,5,17,7,0,12,4,35,18,41,2,1,1,1,7,1,21,0,0,15,9,30,70,5,3,1,45,55,13,61,31,0,11,0,1,0,11,0,2,0,10,0,3,0,2,0,2,0,4,2,35.686608888888884,139.78029055555558,3,3,9999,0,9,0
1,30,106,53,2,0,1,20090,0,102,2022,4,30,16,15,12,4,50,18,27,1,1,1,1,1,9,22,0,0,18,9,30,70,5,2,1,45,35,3,61,31,0,1,0,2,0,11,0,5,0,10,0,3,0,2,0,2,0,4,2,35.67060083333333,139.76121777777777,7,3,9999,0,9,0
1,30,106,55,2,0,1,30000,0,102,2022,5,5,17,10,12,4,45,18,31,1,1,1,1,1,9,22,0,0,15,9,30,70,4,2,1,65,1,51,61,41,0,0,0,0,0,0,0,0,0,10,0,3,0,0,0,0,0,4,2,35.67033277777777,139.76401583333333,5,1,0,0,0,0
1,30,106,57,2,0,3,30000,0,102,2022,5,12,23,30,22,4,39,18,37,3,1,2,1,7,1,21,0,0,15,9,30,70,5,1,1,55,65,3,61,1,0,1,0,1,0,11,0,2,0,10,0,4,0,2,0,2,0,4,2,35.66929861111111,139.76566666666668,5,3,9999,0,9,0
1,30,106,58,2,0,1,20090,0,102,2022,5,14,4,20,23,4,37,18,38,3,1,2,7,7,0,0,0,0,6,9,1,70,4,2,1,65,25,3,61,1,0,1,0,1,0,11,0,10,0,50,0,2,0,2,0,2,0,4,2,35.67212444444444,139.76288166666666,7,3,9999,0,9,0
1,30,106,60,2,0,1,150,19,102,2022,5,17,18,7,13,4,35,18,41,2,1,1,1,1,9,22,0,0,14,9,30,70,4,2,1,55,45,3,61,1,0,1,0,1,0,11,0,4,0,40,0,3,0,2,0,2,0,4,2,35.66946055555555,139.76301305555555,3,3,9999,0,9,0
1,30,106,61,2,0,1,10060,0,102,2022,5,23,15,30,12,4,31,18,45,1,1,1,1,1,9,22,0,0,13,9,30,70,1,2,1,65,75,13,61,1,0,11,0,1,0,11,0,4,0,40,0,3,0,2,0,2,0,4,2,35.66776972222222,139.77207333333334,2,3,9999,0,9,0
1,30,106,65,2,0,1,30000,0,102,2022,5,20,13,20,12,4,33,18,43,1,1,1,14,7,0,0,0,0,2,9,1,70,5,1,1,55,35,3,61,31,0,1,0,1,0,11,0,1,0,40,0,4,0,2,0,2,0,4,2,35.67275166666666,139.77152777777778,6,3,9999,0,9,0
1,30,107,33,2,0,1,10020,0,102,2022,4,26,0,50,22,4,55,18,23,1,1,1,14,8,0,0,0,0,3,9,1,70,5,2,1,45,45,51,61,41,0,0,0,0,0,0,0,0,0,10,0,3,0,0,0,0,0,4,2,35.66028166666666,139.77653944444447,3,3,0,0,0,0
1,30,107,44,2,0,1,10020,0,102,2022,5,31,19,5,21,4,27,18,51,1,1,1,14,7,0,0,0,0,4,8,1,70,5,2,1,1,45,51,61,41,0,0,0,0,0,0,0,0,0,40,0,4,0,0,0,0,0,4,2,35.661125,139.77576166666668,3,3,0,0,0,0
1,30,109,60,2,0,1,30000,0,103,2022,5,19,19,40,21,4,33,18,42,1,1,1,14,7,0,0,0,0,3,9,1,70,4,1,1,65,45,5,61,31,0,1,0,1,0,11,0,2,0,10,0,4,0,2,0,2,0,4,2,35.64714361111111,139.74697527777778,5,3,9999,0,9,0
1,30,109,64,2,0,1,20000,0,103,2022,5,26,18,24,13,4,29,18,47,1,1,1,7,1,0,0,0,0,5,8,1,70,4,2,1,1,1,51,61,41,0,0,0,0,0,0,0,0,0,40,0,4,0,0,0,0,0,4,2,35.64291722222222,139.7455661111111,5,3,0,0,0,0
1,30,110,45,2,0,1,30000,0,103,2022,4,22,10,17,12,5,0,18,20,1,1,1,14,7,0,0,0,0,3,9,1,70,4,1,1,25,55,51,61,41,0,0,0,0,0,0,0,0,0,40,0,4,0,0,0,0,0,4,2,35.6243775,139.74424555555555,6,3,0,0,0,0
1,30,110,47,2,0,1,10080,0,103,2022,5,1,14,30,12,4,49,18,27,3,1,2,14,1,0,0,0,0,3,9,1,70,1,1,1,25,75,51,61,41,0,0,0,0,0,0,0,0,0,10,0,3,0,0,0,0,0,4,2,35.637616944444446,139.72558944444444,1,3,0,0,0,0
1,30,110,48,2,0,1,10,82,103,2022,5,9,16,53,12,4,41,18,34,3,1,2,14,7,0,0,0,0,4,8,1,70,1,1,1,45,45,51,61,41,0,0,0,0,0,0,0,0,0,10,0,3,0,0,0,0,0,4,2,35.639090555555555,139.73220666666666,2,3,0,0,0,0
1,30,110,53,2,0,1,30000,0,103,2022,5,16,18,40,21,4,35,18,40,2,1,1,14,7,0,0,0,0,3,9,1,70,4,1,1,35,1,3,61,31,0,1,0,1,0,11,0,10,0,10,0,4,0,2,0,2,0,4,2,35.630694166666665,139.7469897222222,2,3,9999,0,5,0
1,30,111,100,2,0,1,30000,0,103,2022,4,8,9,15,12,5,18,18,8,1,1,1,1,7,9,22,0,0,11,9,30,70,5,2,1,35,55,14,61,1,0,11,0,1,0,11,0,5,0,10,0,3,0,2,0,2,0,4,2,35.66567472222222,139.73576972222222,6,3,9999,0,9,0
1,30,111,105,2,0,1,20120,0,103,2022,5,5,10,52,12,4,45,18,31,1,1,1,13,7,0,0,0,0,5,6,1,70,1,1,1,25,45,51,61,41,0,0,0,0,0,0,0,0,0,0,0,3,0,0,0,0,0,2,4,35.66153055555555,139.72248666666667,5,1,0,0,0,0
1,30,111,111,2,0,1,30000,0,103,2022,5,13,13,35,12,4,38,18,37,3,1,2,14,7,0,0,0,0,3,9,1,1,5,4,1,45,65,3,61,31,0,1,0,1,0,11,0,2,0,30,0,3,0,2,0,2,0,4,2,35.65597138888889,139.73387111111109,6,3,9999,0,9,0
1,30,111,118,2,0,1,20170,0,103,2022,5,25,3,12,22,4,30,18,47,2,1,1,1,1,9,22,0,0,19,9,30,70,1,1,1,45,1,3,61,1,0,1,0,1,0,11,0,10,0,80,0,3,0,2,0,2,0,4,2,35.66338972222222,139.73266583333333,4,3,9999,0,1,0
1,30,111,119,2,0,1,20170,0,103,2022,4,15,11,11,12,5,9,18,14,3,1,2,1,7,9,22,0,0,14,9,30,70,1,1,1,35,55,3,61,31,0,1,0,1,0,11,0,10,0,40,0,4,0,2,0,2,0,4,2,35.66207611111111,139.7295,6,3,9999,0,1,0
1,30,111,120,2,0,1,20170,0,103,2022,5,21,15,3,12,4,32,18,44,2,1,1,14,7,0,0,0,0,5,9,1,70,1,2,1,25,55,51,61,41,0,0,0,0,0,0,0,0,0,10,0,3,0,0,0,0,0,4,2,35.66493166666667,139.73604833333331,7,3,0,0,0,0
1,30,112,84,2,0,1,30000,0,103,2022,5,19,11,13,12,4,33,18,42,1,1,1,14,7,0,0,0,0,2,9,1,70,5,3,1,55,35,14,61,1,0,11,0,1,0,11,0,1,0,60,0,4,0,2,0,2,0,4,2,35.674120277777774,139.73589166666665,5,3,9999,0,9,0
1,30,112,86,2,0,1,30000,0,103,2022,5,24,23,15,22,4,30,18,46,1,1,1,1,7,9,22,0,0,14,9,30,70,5,4,1,45,25,3,61,1,0,1,0,1,0,11,0,2,0,40,0,4,0,2,0,2,0,4,2,35.674234999999996,139.73732805555554,3,3,9999,0,1,0
1,30,112,87,2,0,1,30000,0,103,2022,5,26,17,55,13,4,29,18,47,1,1,1,1,7,9,22,0,0,11,9,30,70,5,4,1,35,45,3,61,31,0,1,0,1,0,11,0,10,0,80,0,4,0,2,0,2,0,4,2,35.676538888888885,139.73671027777777,5,3,9999,0,9,0
1,30,113,124,2,0,1,30000,0,108,2022,5,5,13,40,12,4,45,18,31,1,1,1,14,7,0,0,0,0,1,9,1,70,4,2,1,35,1,35,61,31,0,0,0,0,0,11,0,2,0,14,0,3,0,0,0,0,0,4,2,35.65276861111111,139.8104661111111,5,1,9999,0,1,0
1,30,113,144,2,0,1,10020,0,108,2022,5,19,9,30,12,4,33,18,42,1,1,1,14,7,0,0,0,0,2,9,1,70,1,2,1,35,55,51,61,41,0,0,0,0,0,0,0,0,0,10,0,4,0,0,0,0,0,4,2,35.649140277777775,139.8012686111111,5,3,0,0,0,0
1,30,113,153,2,0,1,30000,0,108,2022,5,30,7,55,12,4,27,18,50,1,1,1,14,7,0,0,0,0,1,9,1,70,4,2,1,65,45,3,61,1,0,1,0,1,0,11,0,1,0,30,0,4,0,2,0,2,0,4,2,35.646657499999996,139.83470861111113,2,3,9999,0,9,0
1,30,215,47,2,0,1,20000,0,109,2022,5,9,9,15,12,4,41,18,34,2,1,1,1,1,9,22,0,0,14,9,30,70,4,2,1,1,75,51,61,41,0,0,0,0,0,0,0,0,0,40,0,3,0,0,0,0,0,4,2,35.62175305555556,139.73120722222222,2,3,0,0,0,0
1,30,216,78,2,0,1,30000,0,109,2022,5,17,8,0,12,4,35,18,41,2,1,1,7,7,0,0,0,0,4,9,1,70,5,2,1,45,1,3,61,31,0,1,0,1,0,11,0,2,0,10,0,3,0,2,0,2,0,4,2,35.59729027777778,139.72743972222221,3,3,9999,0,1,0
1,30,216,81,2,0,1,150,98,109,2022,5,22,0,35,22,4,31,18,44,3,1,2,1,1,9,22,0,0,19,9,30,70,1,2,1,1,25,33,61,31,0,0,0,0,0,11,0,2,0,10,0,3,0,0,0,0,0,4,2,35.60691222222222,139.74312444444442,1,3,9999,0,1,0
1,30,216,83,2,0,1,30000,0,109,2022,5,26,9,50,12,4,29,18,47,1,1,1,1,1,9,22,0,0,15,9,30,70,1,1,1,25,65,51,61,41,0,0,0,0,0,0,0,0,0,10,0,3,0,0,0,0,0,4,2,35.607375833333336,139.7354247222222,5,3,0,0,0,0
1,30,216,90,2,0,1,20180,0,109,2022,5,31,9,0,12,4,27,18,51,2,1,2,14,7,0,0,0,0,1,9,1,70,5,2,1,65,75,3,61,31,0,1,0,1,0,11,0,3,0,40,0,4,0,2,0,2,0,4,2,35.59866138888889,139.73057805555555,3,3,9999,0,9,0
1,30,216,91,2,0,1,30000,0,109,2022,5,31,9,50,12,4,27,18,51,2,1,2,14,7,0,0,0,0,1,9,1,70,5,4,1,35,75,24,61,0,0,0,0,0,0,11,0,10,0,40,0,4,0,0,0,0,0,4,2,35.60151527777778,139.73263,3,3,9999,0,1,0
1,30,216,92,2,0,1,30000,0,109,2022,5,25,10,0,12,4,30,18,47,1,1,1,14,7,0,0,0,0,2,9,1,70,5,3,1,55,75,3,61,31,0,1,0,1,0,11,0,2,0,80,0,3,0,2,0,2,0,4,2,35.59917333333333,139.72924166666667,4,3,9999,0,1,0
1,30,217,72,2,0,1,10160,0,109,2022,5,4,1,47,22,4,46,18,30,1,1,1,14,7,0,0,0,0,6,9,1,70,1,1,1,45,25,3,61,31,0,1,0,1,0,11,0,4,0,10,0,4,0,2,0,2,0,4,2,35.626019444444445,139.71644916666665,4,1,9999,0,1,0
1,30,217,74,2,0,1,10,108,109,2022,5,8,4,1,23,4,42,18,33,1,1,1,1,1,9,22,0,0,19,9,30,70,1,1,1,35,35,4,61,31,0,1,0,1,0,11,0,4,0,10,0,2,0,2,0,2,0,4,2,35.62040694444445,139.71828916666666,1,3,9999,0,1,0
1,30,217,78,2,0,1,10150,0,109,2022,4,27,16,15,12,4,54,18,24,2,1,1,14,7,0,0,0,0,5,9,1,70,4,2,1,25,25,51,61,41,0,0,0,0,0,0,0,0,0,20,0,3,0,0,0,0,0,4,2,35.625895,139.72488305555555,4,3,0,0,0,0
1,30,217,81,2,0,1,20130,0,109,2022,5,12,13,30,12,4,39,18,37,3,1,2,14,7,0,0,0,0,5,9,1,70,1,2,1,35,35,51,61,41,0,0,0,0,0,0,0,0,0,10,0,3,0,0,0,0,0,4,2,35.62763972222222,139.71965416666666,5,3,0,0,0,0