資料区分,都道府県コード,警察署等コード,本票番号,事故内容,死者数,負傷者数,路線コード,地点コード,市区町村コード,発生日時　　年,発生日時　　月,発生日時　　日,発生日時　　時,発生日時　　分,昼夜,日の出時刻　　時,日の出時刻　　分,日の入り時刻　　時,日の入り時刻　　分,天候,地形,路面状態,道路形状,信号機,一時停止規制　標識（当事者A）,一時停止規制　表示（当事者A）,一時停止規制　標識（当事者B）,一時停止規制　表示（当事者B）,車道幅員,道路線形,衝突地点,ゾーン規制,中央分離帯施設等,歩車道区分,事故類型,年齢（当事者A）,年齢（当事者B）,当事者種別（当事者A）,当事者種別（当事者B）,用途別（当事者A）,用途別（当事者B）,車両形状等（当事者A）,車両形状等（当事者B）,オートマチック車（当事者A）,オートマチック車（当事者B）,サポカー（当事者A）,サポカー（当事者B）,速度規制（指定のみ）（当事者A）,速度規制（指定のみ）（当事者B）,車両の衝突部位（当事者A）,車両の衝突部位（当事者B）,車両の損壊程度（当事者A）,車両の損壊程度（当事者B）,エアバッグの装備（当事者A）,エアバッグの装備（当事者B）,サイドエアバッグの装備（当事者A）,サイドエアバッグの装備（当事者B）,人身損傷程度（当事者A）,人身損傷程度（当事者B）,lat,lon,曜日(発生年月日),祝日(発生年月日),認知機能検査経過日数（当事者A）,認知機能検査経過日数（当事者B）,運転練習の方法（当事者A）,運転練習の方法（当事者B）
1,30,217,86,2,0,1,10080,0,109,2022,4,29,0,47,22,4,52,18,26,1,1,1,1,1,9,22,0,0,14,9,30,70,4,1,1,75,35,3,61,1,0,1,0,1,0,11,0,3,0,10,0,3,0,2,0,2,0,4,2,35.63374944444445,139.71509277777776,6,1,137,0,9,0
1,30,218,90,2,0,2,10170,0,109,2022,2,7,7,55,12,6,36,17,15,1,1,1,14,7,0,0,0,0,5,9,1,70,1,2,1,35,75,35,61,31,0,0,0,0,0,11,0,4,0,10,0,3,0,0,0,0,0,2,2,35.618299722222226,139.71504416666664,2,3,9999,0,1,0
1,30,218,97,2,0,1,30000,0,109,2022,5,5,16,40,12,4,45,18,31,1,1,1,1,7,9,22,0,0,15,9,30,70,5,2,1,65,75,36,61,31,0,0,0,0,0,11,0,2,0,10,0,3,0,0,0,0,0,4,2,35.61451972222223,139.70021972222222,5,1,9999,0,9,0
1,30,218,99,2,0,1,30000,0,109,2022,5,7,9,40,12,4,43,18,32,2,1,1,1,7,9,22,0,0,11,9,30,70,5,2,1,75,55,51,61,41,0,0,0,0,0,0,0,0,0,10,0,3,0,0,0,0,0,2,4,35.60879527777778,139.71715055555555,7,3,0,0,0,0
1,30,218,101,2,0,1,30000,0,109,2022,4,4,18,50,21,5,24,18,5,3,1,2,14,7,0,0,0,0,2,9,1,70,5,3,1,45,45,3,61,31,0,1,0,1,0,11,0,5,0,40,0,3,0,2,0,2,0,4,2,35.619166944444444,139.70521694444443,2,3,9999,0,9,0
1,30,218,107,2,0,1,10170,0,109,2022,5,15,21,4,22,4,36,18,39,1,1,1,1,7,0,0,0,0,16,9,30,70,4,1,1,55,0,61,0,0,0,0,0,0,0,0,0,0,0,0,0,0,0,0,0,0,0,2,0,35.61734638888889,139.71293805555555,1,3,0,0,0,0
1,30,218,119,2,0,1,30000,0,109,2022,3,15,6,30,11,5,52,17,48,1,1,1,14,7,0,0,0,0,2,9,1,1,5,1,1,25,65,51,61,41,0,0,0,0,0,0,0,0,0,10,0,3,0,0,0,0,0,4,2,35.60757888888889,139.7031722222222,3,3,0,0,0,0
1,30,219,149,2,0,1,30000,0,111,2022,4,18,19,0,21,5,5,18,17,3,1,2,14,7,0,0,0,0,3,9,1,70,5,3,1,35,75,51,61,41,0,0,0,0,0,0,0,0,0,10,0,3,0,0,0,0,0,4,2,35.56820666666667,139.723635,2,3,0,0,0,0
1,30,219,150,2,0,1,30000,0,111,2022,4,25,8,0,12,4,56,18,22,1,1,1,7,7,0,0,0,0,3,9,1,70,5,2,1,25,1,31,61,31,0,0,0,0,0,11,0,2,0,10,0,3,0,0,0,0,0,4,2,35.57722416666667,139.7394775,2,3,9999,0,5,0
1,30,219,158,2,0,1,30700,0,111,2022,5,11,15,30,12,4,40,18,36,1,1,1,1,1,0,0,0,0,17,9,30,70,4,1,1,1,0,61,0,0,0,0,0,0,0,0,0,0,0,0,0,0,0,0,0,0,0,2,0,35.58377083333333,139.73031444444445,4,3,0,0,0,0
1,30,219,166,2,0,1,99000,0,111,2022,5,13,17,11,12,4,38,18,37,3,1,2,0,7,0,0,0,0,0,0,20,70,0,4,1,65,35,3,61,1,0,1,0,1,0,11,0,10,0,40,0,4,0,2,0,2,0,4,2,35.56917111111112,139.723005,6,3,9999,0,9,0
1,30,220,79,2,0,1,10130,0,111,2022,5,9,19,22,21,4,41,18,34,3,1,2,1,1,9,22,0,0,18,9,30,70,1,1,1,65,25,4,61,31,0,1,0,1,0,11,0,4,0,10,0,4,0,2,0,2,0,4,2,35.60929222222222,139.6928022222222,2,3,9999,0,9,0
1,30,220,87,2,0,1,30000,0,111,2022,5,18,9,55,12,4,34,18,41,1,1,1,1,7,9,22,0,0,14,9,30,70,5,3,1,45,45,13,61,31,0,11,0,1,0,11,0,2,0,50,0,4,0,2,0,2,0,4,2,35.58342861111112,139.70185166666664,4,3,9999,0,9,0
1,30,220,89,2,0,1,10170,0,111,2022,5,18,15,46,12,4,34,18,41,1,1,1,14,7,0,0,0,0,3,9,1,70,1,1,1,1,1,51,61,41,0,0,0,0,0,0,0,0,0,10,0,4,0,0,0,0,0,4,2,35.60026222222223,139.6908463888889,4,3,0,0,0,0
1,30,220,95,2,0,1,30000,0,111,2022,5,31,15,56,12,4,27,18,51,1,1,1,1,7,9,22,0,0,12,9,30,70,4,2,1,65,1,3,61,31,0,1,0,1,0,11,0,1,0,50,0,3,0,2,0,2,0,4,2,35.59623222222223,139.67012944444443,3,3,9999,0,9,0
1,30,221,135,2,0,1,30000,0,111,2022,5,6,8,16,12,4,44,18,32,1,1,1,1,7,9,22,0,0,11,8,30,70,4,3,1,45,55,51,61,41,0,0,0,0,0,0,0,0,0,40,0,4,0,0,0,0,0,4,2,35.55468638888889,139.7479897222222,6,3,0,0,0,0
1,30,221,143,2,0,1,30000,0,111,2022,5,17,19,50,22,4,35,18,41,2,1,1,1,1,9,22,0,0,15,9,30,70,4,1,1,55,55,3,61,31,0,1,0,1,0,11,0,2,0,10,0,3,0,2,0,2,0,4,2,35.547730277777774,139.72743083333333,3,3,9999,0,1,0
1,30,221,163,2,0,1,21140,0,111,2022,5,28,8,55,12,4,28,18,49,1,1,1,14,1,0,0,0,0,2,9,1,70,4,2,1,35,35,14,61,1,0,11,0,1,0,11,0,5,0,51,0,3,0,2,0,2,0,4,2,35.56657611111111,139.7226388888889,7,3,9999,0,5,0
1,30,221,165,2,0,1,95000,0,111,2022,5,30,8,10,12,4,27,18,50,1,1,1,14,7,0,0,0,0,2,9,1,70,5,4,1,1,75,51,61,41,0,0,0,0,0,0,0,0,0,40,0,3,0,0,0,0,0,4,2,35.56139222222222,139.72676666666666,2,3,0,0,0,0
1,30,222,101,2,0,1,30000,0,111,2022,5,3,12,19,12,4,47,18,29,1,1,1,1,7,1,21,0,0,11,9,30,70,5,2,1,65,35,3,61,31,0,1,0,1,0,11,0,2,0,10,0,3,0,2,0,2,0,4,2,35.57045777777778,139.69451972222222,3,1,9999,0,9,0
1,30,222,105,2,0,1,30000,0,111,2022,5,8,11,20,12,4,42,18,33,1,1,1,14,7,0,0,0,0,1,9,1,70,5,4,1,45,1,51,61,41,0,0,0,0,0,0,0,0,0,10,0,3,0,0,0,0,0,4,2,35.56870638888889,139.67772166666666,1,3,0,0,0,0
1,30,222,121,2,0,1,10,140,111,2022,5,21,14,8,12,4,32,18,44,2,1,1,1,1,9,22,0,0,16,9,30,70,4,2,1,45,35,3,61,31,0,1,0,1,0,11,0,5,0,10,0,3,0,2,0,2,0,4,2,35.59253833333334,139.7102813888889,7,3,9999,0,9,0
1,30,222,128,2,0,2,10130,0,111,2022,5,25,13,40,12,4,30,18,47,1,1,1,14,7,0,0,0,0,3,8,1,70,1,2,1,65,1,51,61,41,0,0,0,0,0,0,0,0,0,10,0,3,0,0,0,0,0,4,2,35.599356944444445,139.704085,4,3,0,0,0,0
1,30,222,131,2,0,1,30000,0,111,2022,5,28,17,22,12,4,28,18,49,1,1,1,14,7,0,0,0,0,2,9,1,70,5,4,1,55,75,35,61,31,0,0,0,0,0,11,0,2,0,40,0,3,0,0,0,0,0,4,2,35.5849525,139.71918166666666,7,3,9999,0,9,0
1,30,326,145,2,0,1,30000,0,112,2022,3,23,12,35,12,5,41,17,55,1,1,1,14,7,0,0,0,0,3,9,1,70,5,4,1,25,1,13,61,1,0,11,0,1,0,11,0,10,0,40,0,3,0,2,0,2,0,4,2,35.67075722222222,139.65904444444445,4,3,9999,0,1,0
1,30,326,146,2,0,1,31010,0,112,2022,4,2,16,0,12,5,26,18,3,1,1,1,1,1,9,22,0,0,11,9,30,70,4,1,1,1,55,51,61,41,0,0,0,0,0,0,0,0,0,10,0,4,0,0,0,0,0,4,2,35.656753888888886,139.63598027777778,7,3,0,0,0,0
1,30,326,150,2,0,1,200,138,112,2022,5,2,21,15,22,4,48,18,28,1,1,1,14,7,0,0,0,0,2,9,1,70,4,4,1,35,35,51,61,41,0,0,0,0,0,0,0,0,0,10,0,3,0,0,0,0,0,4,2,35.66976583333333,139.64969666666667,2,2,0,0,0,0
1,30,326,151,2,0,1,30000,0,112,2022,5,3,9,43,12,4,47,18,29,1,1,1,14,7,0,0,0,0,3,9,1,70,5,3,1,55,55,14,61,1,0,11,0,1,0,11,0,2,0,10,0,4,0,2,0,2,0,4,2,35.664253055555555,139.64152666666666,3,1,9999,0,9,0
1,30,326,162,2,0,1,95000,0,112,2022,5,17,16,55,12,4,35,18,41,2,1,1,14,7,0,0,0,0,2,9,1,70,5,4,1,45,1,51,61,41,0,0,0,0,0,0,0,0,0,10,0,3,0,0,0,0,0,4,2,35.658454444444445,139.66161805555555,3,3,0,0,0,0
1,30,326,172,2,0,1,30000,0,112,2022,5,29,9,32,12,4,28,18,49,1,1,1,7,7,0,0,0,0,1,9,1,70,5,4,1,1,55,3,61,31,0,1,0,1,0,11,0,10,0,30,0,3,0,2,0,2,0,4,2,35.64937055555556,139.62620750000002,1,3,9999,0,1,0
1,30,326,174,2,0,1,30000,0,112,2022,5,17,16,24,12,4,35,18,41,2,1,1,14,7,0,0,0,0,1,9,1,70,5,4,1,55,25,3,61,31,0,1,0,1,0,11,0,10,0,40,0,4,0,2,0,2,0,4,2,35.66585611111111,139.63896777777776,3,3,9999,0,9,0
1,30,327,172,2,0,1,99000,0,112,2022,5,3,12,50,12,4,47,18,29,1,1,1,0,7,0,0,0,0,0,0,20,70,0,4,1,75,25,4,61,31,0,1,0,1,0,11,0,10,0,30,0,3,0,2,0,2,0,4,2,35.611649444444446,139.63261666666668,3,1,475,0,9,0
1,30,327,174,2,0,1,30000,0,112,2022,5,9,19,25,21,4,41,18,34,3,1,1,14,7,0,0,0,0,2,9,1,70,5,2,1,35,25,4,61,31,0,1,0,1,0,11,0,2,0,10,0,3,0,2,0,2,0,4,2,35.605240555555554,139.67017222222222,2,3,9999,0,1,0
1,30,327,178,2,0,1,30000,0,112,2022,5,14,5,15,11,4,37,18,38,1,1,2,1,1,9,22,0,0,15,9,30,70,4,2,1,65,75,13,61,31,0,11,0,1,0,11,0,10,0,80,0,3,0,2,0,2,0,4,2,35.63418194444444,139.63195666666667,7,3,9999,0,9,0
1,30,327,180,2,0,1,30000,0,112,2022,4,21,14,38,12,5,1,18,19,1,1,1,1,7,9,22,0,0,11,9,30,70,5,3,1,55,1,3,61,31,0,1,0,1,0,11,0,2,0,40,0,3,0,2,0,2,0,4,2,35.63630611111111,139.62372916666666,5,3,9999,0,9,0
1,30,327,186,2,0,1,95000,0,112,2022,5,23,9,55,12,4,31,18,45,1,1,1,1,7,9,22,0,0,14,9,30,70,4,2,1,65,35,4,61,31,0,1,0,1,0,11,0,3,0,10,0,3,0,2,0,2,0,4,2,35.611936666666665,139.65960111111113,2,3,9999,0,9,0
1,30,328,183,2,0,1,10200,0,112,2022,4,30,10,45,12,4,50,18,27,1,1,1,14,7,0,0,0,0,5,9,1,70,1,2,1,65,65,51,61,41,0,0,0,0,0,0,0,0,0,10,0,3,0,0,0,0,0,4,2,35.65383305555555,139.61603138888887,7,3,0,0,0,0
1,30,328,200,2,0,1,30000,0,112,2022,5,3,6,36,12,4,47,18,29,1,1,1,14,7,0,0,0,0,3,9,1,70,5,3,1,55,55,3,61,31,0,1,0,1,0,11,0,10,0,40,0,3,0,2,0,2,0,4,2,35.66944472222222,139.61957916666668,3,1,9999,0,9,0
1,30,328,206,2,0,1,30000,0,112,2022,5,13,12,0,12,4,38,18,37,3,1,2,14,7,0,0,0,0,3,9,1,70,5,4,1,45,65,3,61,1,0,1,0,1,0,11,0,10,0,40,0,3,0,2,0,2,0,4,2,35.67939555555555,139.5911313888889,6,3,9999,0,9,0
1,30,328,216,2,0,1,99000,0,112,2022,5,17,9,20,12,4,35,18,41,2,1,1,0,7,0,0,0,0,0,0,20,70,0,2,1,25,35,3,61,31,0,1,0,1,0,11,0,10,0,30,0,3,0,2,0,2,0,4,2,35.67438972222222,139.61389277777778,3,3,9999,0,1,0
1,30,328,227,2,0,1,30000,0,112,2022,5,23,19,0,21,4,31,18,45,2,1,1,1,1,9,22,0,0,12,9,30,70,5,3,1,65,55,3,61,31,0,1,0,1,0,11,0,2,0,40,0,3,0,2,0,2,0,4,2,35.625997500000004,139.61616194444443,2,3,9999,0,9,0
1,30,328,228,2,0,1,30000,0,112,2022,3,6,8,23,12,6,5,17,41,1,1,1,14,7,0,0,0,0,4,9,1,70,5,2,1,55,55,3,61,31,0,1,0,1,0,11,0,10,0,20,0,4,0,2,0,2,0,4,2,35.66872,139.597485,1,3,9999,0,9,0
1,30,329,108,2,0,1,30000,0,110,2022,5,7,10,5,12,4,43,18,32,2,1,1,14,7,0,0,0,0,1,9,1,70,4,4,1,25,25,14,61,1,0,11,0,1,0,11,0,1,0,40,0,3,0,2,0,2,0,4,2,35.631355,139.69652833333333,7,3,9999,0,5,0
1,30,329,109,2,0,1,30120,0,110,2022,5,10,11,5,12,4,40,18,35,1,1,1,1,1,9,22,0,0,15,9,30,70,4,2,1,35,1,14,61,31,0,11,0,1,0,11,0,3,0,80,0,4,0,2,0,2,0,4,2,35.640645,139.71222138888888,3,3,9999,0,1,0
1,30,329,112,2,0,1,95000,0,110,2022,5,17,16,45,12,4,35,18,41,2,1,2,14,7,0,0,0,0,2,9,1,70,5,3,1,55,65,3,61,31,0,1,0,1,0,11,0,2,0,10,0,4,0,2,0,2,0,4,2,35.63014361111111,139.69416472222224,3,3,9999,0,9,0
1,30,329,113,2,0,1,30000,0,110,2022,5,19,14,10,12,4,33,18,42,1,1,1,1,7,9,22,0,0,12,9,30,70,5,3,1,25,25,51,61,41,0,0,0,0,0,0,0,0,0,10,0,3,0,0,0,0,0,4,2,35.64649083333333,139.6978638888889,5,3,0,0,0,0
1,30,330,127,2,0,1,30000,0,110,2022,4,23,14,0,12,4,59,18,21,1,1,1,14,7,0,0,0,0,1,9,1,70,5,3,1,55,35,3,61,31,0,1,0,1,0,11,0,2,0,40,0,4,0,2,0,2,0,4,2,35.60681833333334,139.6681361111111,7,3,9999,0,1,0
1,30,330,135,2,0,1,20240,0,110,2022,5,19,8,5,12,4,33,18,42,1,1,1,7,7,0,0,0,0,4,9,1,70,4,2,1,55,1,51,61,41,0,0,0,0,0,0,0,0,0,10,0,3,0,0,0,0,0,4,2,35.62572111111111,139.66937166666665,5,3,0,0,0,0
1,30,330,144,2,0,1,30000,0,110,2022,5,28,15,5,12,4,28,18,49,1,1,1,14,7,0,0,0,0,3,9,1,70,4,2,1,35,1,4,61,31,0,1,0,1,0,11,0,2,0,20,0,3,0,2,0,2,0,4,2,35.61728472222222,139.68747805555557,7,3,9999,0,1,0
1,30,330,146,2,0,1,20190,0,110,2022,5,29,9,42,12,4,28,18,49,1,1,1,7,7,0,0,0,0,1,9,1,70,4,1,1,25,35,51,61,41,0,0,0,0,0,0,0,0,0,10,0,3,0,0,0,0,0,4,2,35.62027277777778,139.70220166666667,1,3,0,0,0,0
1,30,330,148,2,0,1,30000,0,110,2022,5,30,19,24,21,4,27,18,50,1,1,1,1,1,9,22,0,0,15,9,30,70,4,2,1,45,65,3,61,31,0,1,0,1,0,11,0,2,0,50,0,3,0,2,0,2,0,4,2,35.620359444444446,139.69294222222223,2,3,9999,0,9,0
1,30,331,112,1,1,0,30220,0,113,2022,5,2,1,55,22,4,48,18,28,2,1,2,7,7,0,0,0,0,4,9,1,70,4,2,1,25,25,3,61,31,0,1,0,1,0,11,0,3,0,10,0,4,0,2,0,2,0,4,1,35.65772305555556,139.69625472222222,2,2,9999,0,1,0
1,30,331,115,2,0,1,30220,0,113,2022,5,3,13,45,12,4,47,18,29,1,1,1,1,8,1,22,0,0,19,9,30,70,4,2,1,75,35,35,61,31,0,0,0,0,0,11,0,3,0,10,0,3,0,0,0,0,0,4,2,35.65951222222222,139.70015416666666,3,1,9999,0,9,0
1,30,331,118,2,0,1,20170,0,113,2022,4,9,2,21,22,5,17,18,9,1,1,1,1,1,9,22,0,0,13,9,30,70,1,2,1,65,35,3,61,1,0,1,0,1,0,11,0,1,0,0,0,4,0,2,0,2,0,4,2,35.65850777777778,139.70833138888887,7,3,9999,0,9,0
1,30,331,126,2,0,1,20240,0,113,2022,5,16,15,31,12,4,35,18,40,3,1,2,1,1,9,22,0,0,16,9,30,70,1,2,1,55,45,3,61,1,0,1,0,1,0,11,0,4,0,0,0,4,0,2,0,2,0,4,2,35.64769555555556,139.7091925,2,3,9999,0,9,0
1,30,331,127,2,0,1,30000,0,113,2022,5,9,9,53,12,4,41,18,34,2,1,1,1,7,9,22,0,0,11,9,30,70,4,1,1,25,25,36,61,31,0,0,0,0,0,11,0,2,0,10,0,4,0,0,0,0,0,4,2,35.65582138888889,139.700605,2,3,9999,0,5,0
1,30,331,128,2,0,1,30000,0,113,2022,5,19,12,10,12,4,33,18,42,1,1,1,1,7,1,21,0,0,11,9,30,70,5,3,1,45,45,17,61,31,0,11,0,1,0,11,0,2,0,50,0,3,0,2,0,2,0,4,2,35.64559888888889,139.71480555555556,5,3,9999,0,9,0
1,30,331,131,2,0,1,30000,0,113,2022,5,24,10,20,12,4,30,18,46,1,1,1,14,7,0,0,0,0,3,9,1,70,4,1,1,55,45,3,61,1,0,1,0,1,0,11,0,2,0,10,0,3,0,2,0,2,0,4,2,35.66287527777778,139.70345055555555,3,3,9999,0,9,0
1,30,331,132,2,0,1,20170,0,113,2022,5,17,7,43,12,4,35,18,41,2,1,1,11,7,0,0,0,0,4,9,1,70,1,1,1,45,1,51,61,41,0,0,0,0,0,0,0,0,0,10,0,4,0,0,0,0,0,4,2,35.65845833333333,139.71133444444445,3,3,0,0,0,0
1,30,331,136,2,0,1,30000,0,113,2022,5,26,19,0,21,4,29,18,47,1,1,1,14,7,0,0,0,0,3,9,1,70,5,1,1,45,25,51,61,41,0,0,0,0,0,0,0,0,0,10,0,4,0,0,0,0,0,4,2,35.66231361111111,139.6956663888889,5,3,0,0,0,0
1,30,331,138,2,0,1,20120,0,113,2022,5,29,23,10,22,4,28,18,49,1,1,1,1,1,9,22,0,0,18,9,30,70,4,2,1,25,45,3,61,1,0,1,0,1,0,11,0,4,0,10,0,4,0,2,0,2,0,4,2,35.64488111111111,139.72176916666666,1,3,9999,0,1,0
1,30,331,142,2,0,1,10650,0,113,2022,5,31,10,13,12,4,27,18,51,1,1,1,14,7,0,0,0,0,2,9,1,70,1,1,1,25,0,61,0,0,0,0,0,0,0,0,0,0,0,0,0,0,0,0,0,0,0,2,0,35.66110722222222,139.6880638888889,3,3,0,0,0,0
1,30,331,143,2,0,1,30000,0,113,2022,5,25,17,35,12,4,30,18,47,1,1,1,14,7,0,0,0,0,1,9,1,70,5,3,1,55,45,14,61,31,0,11,0,1,0,11,0,10,0,40,0,3,0,2,0,2,0,4,2,35.65871222222222,139.69613027777777,4,3,9999,0,9,0
1,30,332,49,2,0,1,30000,0,113,2022,5,5,16,10,12,4,45,18,31,1,1,1,7,7,0,0,0,0,4,1,1,70,4,1,1,55,25,3,61,31,0,1,0,1,0,11,0,10,0,10,0,3,0,2,0,2,0,4,2,35.680031388888885,139.70263555555553,5,1,9999,0,4,0
1,30,332,51,2,0,2,30000,0,113,2022,5,19,9,5,12,4,33,18,42,1,1,1,1,1,9,22,0,0,18,9,30,70,1,2,1,35,1,3,61,1,0,1,0,1,0,11,0,2,0,10,0,3,0,2,0,2,0,4,2,35.688470555555554,139.69904416666668,5,3,9999,0,1,0
1,30,332,52,2,0,1,20120,0,103,2022,4,11,5,49,11,5,14,18,11,1,1,1,1,7,1,21,0,0,13,9,30,70,4,2,1,65,35,13,61,31,0,11,0,1,0,11,0,4,0,10,0,4,0,2,0,2,0,4,2,35.6701975,139.71434805555555,2,3,9999,0,9,0
1,30,332,56,2,0,1,10090,0,113,2022,5,23,21,20,22,4,31,18,45,1,1,1,1,1,0,0,0,0,16,8,30,70,1,2,1,55,0,61,0,0,0,0,0,0,0,0,0,0,0,0,0,0,0,0,0,0,0,2,0,35.67669333333333,139.7062961111111,2,3,0,0,0,0
1,30,332,57,2,0,1,30000,0,113,2022,5,28,12,49,12,4,28,18,49,1,1,1,1,7,9,22,0,0,11,9,30,70,5,1,1,35,65,51,61,41,0,0,0,0,0,0,0,0,0,10,0,3,0,0,0,0,0,4,2,35.68241555555555,139.70254277777778,7,3,0,0,0,0
1,30,332,59,2,0,1,30000,0,113,2022,4,6,19,17,22,5,21,18,7,1,1,1,14,7,0,0,0,0,2,9,1,1,5,4,1,25,25,14,61,1,0,11,0,1,0,11,0,2,0,20,0,4,0,2,0,2,0,4,2,35.680994166666665,139.7076913888889,4,3,9999,0,4,0
1,30,333,128,2,0,1,30000,0,113,2022,5,14,13,13,12,4,37,18,38,2,1,2,14,7,0,0,0,0,2,9,1,70,5,3,1,35,55,51,61,41,0,0,0,0,0,0,0,0,0,10,0,3,0,0,0,0,0,4,2,35.678176944444445,139.67758833333332,7,3,0,0,0,0
1,30,333,129,2,0,1,10160,0,113,2022,5,15,13,5,12,4,36,18,39,2,1,1,14,7,0,0,0,0,3,9,1,70,1,3,1,35,1,51,61,41,0,0,0,0,0,0,0,0,0,20,0,3,0,0,0,0,0,4,2,35.664671388888884,139.68803305555556,1,3,0,0,0,0
1,30,333,130,2,0,1,20280,0,113,2022,5,7,23,50,22,4,43,18,32,2,1,1,14,7,0,0,0,0,3,9,1,70,4,2,1,65,25,3,61,1,0,1,0,1,0,11,0,3,0,10,0,3,0,2,0,2,0,4,2,35.677300555555554,139.67041805555556,7,3,9999,0,9,0
1,30,333,132,2,0,1,30000,0,113,2022,5,7,15,47,12,4,43,18,32,2,1,1,14,7,0,0,0,0,3,9,1,70,5,3,1,65,45,3,61,31,0,1,0,1,0,11,0,10,0,40,0,3,0,2,0,2,0,4,2,35.66996527777778,139.68132888888888,7,3,9999,0,9,0
1,30,333,133,2,0,1,10160,0,113,2022,5,21,15,42,12,4,32,18,44,2,1,2,14,7,0,0,0,0,5,8,1,70,5,2,1,25,1,51,61,41,0,0,0,0,0,0,0,0,0,10,0,3,0,0,0,0,0,4,2,35.67639638888889,139.68764333333334,7,3,0,0,0,0
1,30,333,138,2,0,1,30000,0,113,2022,5,27,10,55,12,4,29,18,48,3,1,2,14,7,0,0,0,0,2,8,1,70,5,3,1,55,75,14,61,31,0,11,0,1,0,11,0,1,0,50,0,4,0,2,0,2,0,4,2,35.67896694444444,139.69362527777778,6,3,9999,0,9,0
1,30,333,140,2,0,1,30000,0,113,2022,5,29,12,50,12,4,28,18,49,1,1,1,14,7,0,0,0,0,3,9,1,70,5,1,1,35,35,3,61,31,0,1,0,1,0,11,0,3,0,40,0,3,0,2,0,2,0,4,2,35.67399416666667,139.68666861111112,1,3,9999,0,5,0
1,30,435,68,2,0,1,95000,0,104,2022,5,8,11,10,12,4,42,18,33,1,1,1,14,7,0,0,0,0,5,9,1,70,5,1,1,65,1,3,61,31,0,1,0,1,0,11,0,3,0,10,0,2,0,2,0,2,0,4,2,35.699391111111105,139.71886972222222,1,3,9999,0,9,0
1,30,435,71,2,0,1,10220,0,104,2022,5,12,16,20,12,4,39,18,37,3,1,2,14,7,0,0,0,0,2,7,1,70,5,2,1,45,45,52,61,41,0,0,0,0,0,0,0,0,0,10,0,4,0,0,0,0,0,4,2,35.703921111111114,139.73388277777775,5,3,0,0,0,0
1,30,435,77,2,0,1,20090,0,104,2022,5,8,16,55,12,4,42,18,33,1,1,1,14,7,0,0,0,0,5,9,1,70,4,2,1,35,55,51,61,41,0,0,0,0,0,0,0,0,0,20,0,3,0,0,0,0,0,4,2,35.692591944444445,139.73567555555553,1,3,0,0,0,0
1,30,435,80,2,0,1,30000,0,104,2022,5,20,17,40,12,4,33,18,43,1,1,1,14,1,0,0,0,0,3,7,1,70,4,3,1,1,55,51,61,41,0,0,0,0,0,0,0,0,0,10,0,3,0,0,0,0,0,4,2,35.695073611111106,139.7320227777778,6,3,0,0,0,0
1,30,435,81,2,0,1,30000,0,104,2022,5,22,14,55,12,4,31,18,44,1,1,1,1,7,1,21,0,0,13,9,30,70,5,1,1,45,1,51,61,41,0,0,0,0,0,0,0,0,0,40,0,4,0,0,0,0,0,4,2,35.705885,139.72457,1,3,0,0,0,0
1,30,435,85,2,0,1,30000,0,104,2022,5,27,11,30,12,4,29,18,48,3,1,2,14,7,0,0,0,0,2,9,1,70,5,4,1,65,55,14,61,31,0,11,0,1,0,11,0,10,0,30,0,3,0,2,0,2,0,4,2,35.706379444444444,139.73407666666665,6,3,9999,0,9,0
1,30,435,87,2,0,1,30000,0,104,2022,5,5,13,10,12,4,45,18,31,1,1,1,1,1,9,22,0,0,17,9,30,70,4,1,1,1,55,51,61,41,0,0,0,0,0,0,0,0,0,10,0,3,0,0,0,0,0,4,2,35.69259805555555,139.72231861111112,5,1,0,0,0,0
1,30,436,67,2,0,1,30000,0,104,2022,5,1,14,15,12,4,49,18,27,3,1,1,14,7,0,0,0,0,2,9,1,70,5,4,1,35,25,51,61,41,0,0,0,0,0,0,0,0,0,10,0,4,0,0,0,0,0,4,2,35.70187027777778,139.69928694444445,1,3,0,0,0,0
1,30,436,73,2,0,1,10160,0,104,2022,5,20,13,22,12,4,33,18,43,2,1,1,1,1,9,22,0,0,18,9,30,70,5,2,1,1,1,4,61,31,0,1,0,1,0,11,0,10,0,20,0,3,0,2,0,2,0,4,2,35.68448194444444,139.68615694444443,6,3,9999,0,1,0
1,30,436,77,2,0,1,30000,0,104,2022,5,24,13,50,12,4,30,18,46,1,1,1,1,7,9,22,0,0,11,9,30,70,5,3,1,35,1,3,61,31,0,1,0,1,0,11,0,2,0,10,0,4,0,2,0,2,0,4,2,35.695656944444444,139.70340416666664,3,3,9999,0,1,0
1,30,436,82,2,0,1,30000,0,104,2022,5,18,11,28,12,4,34,18,41,1,1,1,1,7,9,22,0,0,11,9,30,70,5,3,1,65,55,51,61,41,0,0,0,0,0,0,0,0,0,40,0,4,0,0,0,0,0,4,2,35.704641388888895,139.70481388888888,4,3,0,0,0,0
1,30,436,83,2,0,1,30000,0,104,2022,5,19,7,58,12,4,33,18,42,1,1,1,14,7,0,0,0,0,1,9,1,70,5,2,1,55,25,14,61,1,0,11,0,1,0,11,0,2,0,10,0,4,0,2,0,2,0,4,2,35.69501361111111,139.7040422222222,5,3,9999,0,9,0
1,30,437,63,2,0,1,10250,0,104,2022,5,13,7,19,12,4,38,18,37,3,1,2,1,1,9,22,0,0,18,9,30,70,4,2,1,55,25,4,61,31,0,1,0,1,0,11,0,5,0,10,0,3,0,2,0,2,0,4,2,35.72258111111111,139.6838938888889,6,3,9999,0,9,0