資料区分,都道府県コード,警察署等コード,本票番号,事故内容,死者数,負傷者数,路線コード,地点コード,市区町村コード,発生日時　　年,発生日時　　月,発生日時　　日,発生日時　　時,発生日時　　分,昼夜,日の出時刻　　時,日の出時刻　　分,日の入り時刻　　時,日の入り時刻　　分,天候,地形,路面状態,道路形状,信号機,一時停止規制　標識（当事者A）,一時停止規制　表示（当事者A）,一時停止規制　標識（当事者B）,一時停止規制　表示（当事者B）,車道幅員,道路線形,衝突地点,ゾーン規制,中央分離帯施設等,歩車道区分,事故類型,年齢（当事者A）,年齢（当事者B）,当事者種別（当事者A）,当事者種別（当事者B）,用途別（当事者A）,用途別（当事者B）,車両形状等（当事者A）,車両形状等（当事者B）,オートマチック車（当事者A）,オートマチック車（当事者B）,サポカー（当事者A）,サポカー（当事者B）,速度規制（指定のみ）（当事者A）,速度規制（指定のみ）（当事者B）,車両の衝突部位（当事者A）,車両の衝突部位（当事者B）,車両の損壊程度（当事者A）,車両の損壊程度（当事者B）,エアバッグの装備（当事者A）,エアバッグの装備（当事者B）,サイドエアバッグの装備（当事者A）,サイドエアバッグの装備（当事者B）,人身損傷程度（当事者A）,人身損傷程度（当事者B）,lat,lon,曜日(発生年月日),祝日(発生年月日),認知機能検査経過日数（当事者A）,認知機能検査経過日数（当事者B）,運転練習の方法（当事者A）,運転練習の方法（当事者B）
1,30,437,65,2,0,1,30000,0,104,2022,5,9,19,30,21,4,41,18,34,3,1,2,14,7,0,0,0,0,3,7,1,70,4,2,1,35,45,36,61,31,0,0,0,0,0,11,0,2,0,10,0,3,0,0,0,0,0,4,2,35.71391166666667,139.70517638888887,2,3,9999,0,5,0
1,30,437,68,2,0,1,30000,0,104,2022,5,27,10,20,12,4,29,18,48,1,1,2,1,7,1,21,0,0,12,9,30,70,4,1,1,65,45,51,61,41,0,0,0,0,0,0,0,0,0,10,0,3,0,0,0,0,0,4,2,35.70876583333334,139.69656305555557,6,3,0,0,0,0
1,30,437,69,2,0,1,30000,0,104,2022,5,31,9,10,12,4,27,18,51,2,1,1,13,7,0,0,0,0,3,3,1,70,5,2,1,75,45,4,61,31,0,1,0,1,0,11,0,2,0,10,0,3,0,2,0,2,0,4,2,35.71320222222222,139.7044958333333,3,3,265,0,9,0
1,30,438,79,2,0,1,10090,0,104,2022,5,7,19,20,21,4,43,18,32,1,1,1,14,7,0,0,0,0,5,9,1,70,4,1,1,1,1,3,61,31,0,1,0,1,0,11,0,4,0,20,0,3,0,2,0,2,0,4,2,35.69051777777778,139.7046147222222,7,3,9999,0,1,0
1,30,438,81,2,0,1,95000,0,104,2022,5,11,10,58,12,4,40,18,36,2,1,1,7,1,0,0,0,0,6,9,1,70,4,2,1,25,1,13,61,1,0,11,0,1,0,11,0,5,0,40,0,3,0,2,0,2,0,4,2,35.69239333333333,139.72515472222221,4,3,9999,0,1,0
1,30,438,92,2,0,1,10090,0,104,2022,5,30,2,55,22,4,27,18,50,1,1,1,1,1,9,22,0,0,12,9,30,70,4,1,1,35,65,4,61,31,0,1,0,1,0,11,0,4,0,50,0,3,0,2,0,2,0,4,2,35.69186138888889,139.70549027777776,2,3,9999,0,5,0
1,30,439,87,2,0,1,30000,0,114,2022,5,1,3,40,22,4,49,18,27,1,1,1,1,1,1,21,0,0,14,9,30,70,5,1,1,55,25,3,61,31,0,1,0,1,0,11,0,3,0,50,0,3,0,2,0,2,0,4,2,35.710056111111115,139.68268777777777,1,3,9999,0,9,0
1,30,439,91,2,0,1,30300,0,114,2022,5,20,15,25,12,4,33,18,43,1,1,1,14,7,0,0,0,0,3,9,1,70,4,1,1,35,65,52,61,41,0,0,0,0,0,0,0,0,0,40,0,4,0,0,0,0,0,4,2,35.69082222222222,139.66851138888887,6,3,0,0,0,0
1,30,439,95,2,0,1,30000,0,114,2022,5,24,16,30,12,4,30,18,46,1,1,1,7,7,0,0,0,0,2,9,1,70,5,3,1,65,45,14,61,1,0,11,0,1,0,11,0,1,0,70,0,3,0,2,0,2,0,4,2,35.703118888888895,139.66613666666666,3,3,9999,0,9,0
1,30,439,97,2,0,1,30000,0,114,2022,5,26,16,10,12,4,29,18,47,1,1,1,14,7,0,0,0,0,2,9,1,70,5,4,1,1,45,51,61,41,0,0,0,0,0,0,0,0,0,10,0,4,0,0,0,0,0,4,2,35.706026944444446,139.6871402777778,5,3,0,0,0,0
1,30,439,105,2,0,1,20290,0,114,2022,5,30,13,15,12,4,27,18,50,1,1,1,1,1,0,0,0,0,14,9,30,70,4,2,1,45,0,61,0,0,0,0,0,0,0,0,0,0,0,0,0,0,0,0,0,0,0,2,0,35.70165055555556,139.68694611111113,2,3,0,0,0,0
1,30,440,96,2,0,1,30000,0,114,2022,5,14,16,20,12,4,37,18,38,1,1,1,7,7,0,0,0,0,2,9,1,70,5,4,1,1,75,51,61,41,0,0,0,0,0,0,0,0,0,10,0,3,0,0,0,0,0,4,2,35.71150083333334,139.67151916666666,7,3,0,0,0,0
1,30,440,99,2,0,1,30000,0,114,2022,5,17,9,20,12,4,35,18,41,2,1,1,1,7,9,22,0,0,11,9,30,70,5,3,1,25,35,51,61,41,0,0,0,0,0,0,0,0,0,10,0,3,0,0,0,0,0,4,2,35.72066111111111,139.66492027777778,3,3,0,0,0,0
1,30,440,102,2,0,1,30000,0,114,2022,5,20,17,5,12,4,33,18,43,1,1,1,13,7,0,0,0,0,2,3,1,70,5,2,1,65,75,14,61,31,0,11,0,1,0,11,0,5,0,40,0,4,0,2,0,2,0,4,2,35.71592166666667,139.64323916666666,6,3,43,0,9,0
1,30,440,103,2,0,1,10130,0,114,2022,5,23,13,40,12,4,31,18,45,1,1,1,1,1,9,22,0,0,15,9,30,70,1,2,1,55,55,3,61,1,0,1,0,1,0,11,0,4,0,0,0,4,0,2,0,2,0,4,2,35.70964472222222,139.65409972222224,2,3,9999,0,9,0
1,30,441,89,2,0,1,30000,0,115,2022,5,10,14,0,12,4,40,18,35,1,1,1,1,7,9,22,0,0,11,9,30,70,5,2,1,55,55,3,61,1,0,1,0,1,0,11,0,10,0,20,0,3,0,2,0,2,0,4,2,35.707434444444445,139.64963972222222,3,3,9999,0,9,0
1,30,441,96,2,0,2,30000,0,115,2022,5,26,14,5,12,4,29,18,47,1,1,1,7,7,0,0,0,0,2,9,1,70,5,3,1,25,1,51,61,41,0,0,0,0,0,0,0,0,0,20,0,3,0,0,0,0,0,2,2,35.707636111111114,139.63492555555555,5,3,0,0,0,0
1,30,442,120,2,0,1,30000,0,115,2022,4,27,17,35,13,4,54,18,24,2,1,1,7,1,0,0,0,0,1,9,1,70,5,3,1,25,45,3,61,31,0,1,0,1,0,11,0,2,0,40,0,4,0,2,0,2,0,4,2,35.68620333333333,139.63005722222223,4,3,9999,0,5,0
1,30,442,121,2,0,1,30000,0,115,2022,5,9,14,8,12,4,41,18,34,2,1,1,14,7,0,0,0,0,2,9,1,70,5,3,1,55,75,3,61,31,0,1,0,1,0,11,0,1,0,60,0,3,0,2,0,2,0,4,2,35.676967777777776,139.62081666666668,2,3,9999,0,9,0
1,30,442,122,2,0,1,30000,0,115,2022,5,10,7,59,12,4,40,18,35,1,1,1,1,7,9,22,0,0,11,9,30,70,5,3,1,1,1,51,61,41,0,0,0,0,0,0,0,0,0,10,0,3,0,0,0,0,0,4,2,35.69907277777777,139.60079555555555,3,3,0,0,0,0
1,30,442,133,2,0,1,30000,0,115,2022,5,28,9,45,12,4,28,18,49,1,1,1,14,7,0,0,0,0,2,9,1,70,5,3,1,45,25,3,61,31,0,1,0,1,0,11,0,2,0,10,0,4,0,2,0,2,0,4,2,35.67502111111111,139.647785,7,3,9999,0,9,0
1,30,442,134,2,0,1,30000,0,115,2022,5,28,12,20,12,4,28,18,49,1,1,1,14,7,0,0,0,0,3,9,1,70,4,2,1,45,75,3,61,1,0,1,0,1,0,11,0,2,0,30,0,4,0,2,0,2,0,4,2,35.67088694444444,139.64240777777778,7,3,9999,0,9,0
1,30,443,79,2,0,1,10240,0,115,2022,5,28,11,15,12,4,28,18,49,1,1,1,1,1,8,22,0,0,17,9,30,70,4,1,1,55,55,3,61,31,0,1,0,1,0,11,0,5,0,50,0,4,0,2,0,2,0,4,2,35.70545638888889,139.61982083333334,7,3,9999,0,9,0
1,30,443,81,2,0,1,10220,0,115,2022,5,30,8,20,12,4,27,18,50,1,1,1,14,7,0,0,0,0,3,8,1,70,4,1,1,25,25,51,61,41,0,0,0,0,0,0,0,0,0,10,0,4,0,0,0,0,0,4,2,35.71783416666667,139.62308805555557,2,3,0,0,0,0
1,30,545,36,2,0,1,30000,0,105,2022,5,13,16,10,12,4,38,18,37,3,1,2,7,7,0,0,0,0,1,9,1,70,5,3,1,45,35,3,61,31,0,1,0,1,0,11,0,10,0,70,0,3,0,2,0,2,0,4,2,35.71018222222222,139.75112611111112,6,3,9999,0,9,0
1,30,545,37,2,0,1,10100,0,105,2022,5,17,12,45,12,4,35,18,41,3,1,2,1,1,9,22,0,0,19,9,30,70,1,1,1,1,55,51,61,41,0,0,0,0,0,0,0,0,0,10,0,3,0,0,0,0,0,4,2,35.72848166666667,139.74393388888888,3,3,0,0,0,0
1,30,547,42,2,0,1,20090,0,105,2022,5,11,12,45,12,4,40,18,36,1,1,1,1,1,9,22,0,0,17,9,30,70,6,1,1,65,55,3,61,31,0,1,0,1,0,11,0,3,0,10,0,3,0,2,0,2,0,4,2,35.70047166666667,139.7637413888889,4,3,9999,0,9,0
1,30,547,44,2,0,1,30000,0,105,2022,5,21,19,5,21,4,32,18,44,1,1,1,14,7,0,0,0,0,1,9,1,70,5,3,1,1,45,51,61,41,0,0,0,0,0,0,0,0,0,10,0,3,0,0,0,0,0,4,2,35.716330000000006,139.75572722222222,7,3,0,0,0,0
1,30,547,47,2,0,1,20400,0,105,2022,5,25,18,33,13,4,30,18,47,1,1,1,14,7,0,0,0,0,5,9,1,70,4,1,1,55,55,51,61,41,0,0,0,0,0,0,0,0,0,40,0,4,0,0,0,0,0,4,2,35.71880111111111,139.7575961111111,4,3,0,0,0,0
1,30,547,49,2,0,1,20090,0,105,2022,5,21,17,45,13,4,32,18,44,2,1,1,1,1,9,22,0,0,18,9,30,70,4,1,1,45,55,36,61,31,0,0,0,0,0,11,0,2,0,10,0,4,0,0,0,0,0,4,2,35.70056833333334,139.76412166666665,7,3,9999,0,9,0
1,30,547,52,2,0,1,10100,0,105,2022,5,10,18,45,21,4,40,18,35,1,1,1,14,7,0,0,0,0,4,9,1,70,1,2,1,35,1,51,61,41,0,0,0,0,0,0,0,0,0,10,0,4,0,0,0,0,0,4,2,35.71172805555556,139.75285416666668,3,3,0,0,0,0
1,30,548,37,2,0,1,95000,0,105,2022,5,12,14,45,12,4,39,18,37,2,1,1,0,7,0,0,0,0,0,0,20,70,0,2,1,65,45,51,61,41,0,0,0,0,0,0,0,0,0,30,0,3,0,0,0,0,0,4,2,35.730337222222225,139.75684361111112,5,3,0,0,0,0
1,30,548,38,2,0,1,20370,0,105,2022,4,24,11,45,12,4,57,18,22,2,1,1,14,7,0,0,0,0,3,9,1,70,4,1,1,35,35,52,61,41,0,0,0,0,0,0,0,0,0,10,0,3,0,0,0,0,0,4,2,35.73336,139.75324555555557,1,3,0,0,0,0
1,30,548,42,2,0,1,30000,0,105,2022,5,10,14,57,12,4,40,18,35,1,1,1,14,7,0,0,0,0,3,9,1,70,4,2,1,65,1,3,61,1,0,1,0,1,0,11,0,3,0,50,0,3,0,2,0,2,0,4,2,35.73057888888889,139.7513886111111,3,3,9999,0,9,0
1,30,549,41,2,0,1,20400,0,116,2022,5,12,19,28,21,4,39,18,37,3,1,2,1,1,9,22,0,0,17,9,30,70,1,1,1,65,25,3,61,31,0,1,0,1,0,11,0,4,0,10,0,3,0,2,0,2,0,4,2,35.73533138888889,139.7470436111111,5,3,9999,0,9,0
1,30,550,67,2,0,1,30000,0,116,2022,3,26,2,45,22,5,36,17,58,2,1,1,14,7,0,0,0,0,3,9,1,70,4,2,1,25,0,61,0,0,0,0,0,0,0,0,0,0,0,0,0,0,0,0,0,0,0,2,0,35.73325527777778,139.7110711111111,7,3,0,0,0,0
1,30,550,71,2,0,1,30000,0,116,2022,5,6,12,55,12,4,44,18,32,1,1,1,12,7,0,0,0,0,1,9,1,70,5,4,1,25,45,51,61,41,0,0,0,0,0,0,0,0,0,12,0,3,0,0,0,0,0,4,2,35.733939722222225,139.7137811111111,6,3,0,0,0,0
1,30,550,75,2,0,1,30000,0,116,2022,5,13,12,40,12,4,38,18,37,3,1,2,1,7,9,22,0,0,15,9,30,70,5,2,1,25,45,17,61,1,0,11,0,2,0,11,0,3,0,10,0,4,0,2,0,2,0,4,2,35.73079527777778,139.7161172222222,6,3,9999,0,1,0
1,30,550,80,2,0,1,30000,0,116,2022,4,22,15,35,12,5,0,18,20,1,1,1,14,7,0,0,0,0,3,9,1,70,4,3,1,65,55,3,61,1,0,1,0,1,0,11,0,10,0,40,0,4,0,2,0,2,0,4,2,35.72968277777778,139.71617555555554,6,3,9999,0,9,0
1,30,551,79,2,0,1,30000,0,116,2022,5,20,15,35,12,4,33,18,43,2,1,1,1,1,1,21,0,0,16,9,30,70,4,1,1,75,35,3,61,31,0,1,0,1,0,11,0,4,0,80,0,3,0,2,0,2,0,4,2,35.72592166666667,139.7189361111111,6,3,193,0,9,0
1,30,551,85,2,0,1,10280,0,116,2022,5,24,21,30,22,4,30,18,46,1,1,1,1,1,9,22,0,0,16,9,30,70,1,1,1,65,45,3,61,1,0,1,0,1,0,11,0,4,0,10,0,3,0,2,0,2,0,4,2,35.71594777777778,139.70558277777778,3,3,9999,0,5,0
1,30,552,91,2,0,1,30000,0,117,2022,5,26,11,5,12,4,29,18,47,1,1,1,14,7,0,0,0,0,2,9,1,70,5,1,1,65,75,51,61,41,0,0,0,0,0,0,0,0,0,10,0,3,0,0,0,0,0,4,2,35.74510194444444,139.71973,5,3,0,0,0,0
1,30,553,53,2,0,1,30000,0,117,2022,5,11,6,50,12,4,40,18,36,1,1,1,13,7,0,0,0,0,1,3,1,70,5,4,1,55,65,51,61,41,0,0,0,0,0,0,0,0,0,10,0,3,0,0,0,0,0,4,2,35.76584638888889,139.73590305555555,4,3,0,0,0,0
1,30,553,59,2,0,1,20450,0,117,2022,5,23,19,5,21,4,31,18,45,1,1,1,14,7,0,0,0,0,4,9,1,70,4,2,1,35,55,51,61,41,0,0,0,0,0,0,0,0,0,23,0,4,0,0,0,0,0,4,2,35.76223111111111,139.71535916666664,2,3,0,0,0,0
1,30,554,102,2,0,1,30000,0,117,2022,5,2,14,5,12,4,48,18,28,1,1,1,14,7,0,0,0,0,2,9,1,70,5,2,1,25,25,51,61,41,0,0,0,0,0,0,0,0,0,20,0,3,0,0,0,0,0,4,2,35.77538611111111,139.72258805555555,2,2,0,0,0,0
1,30,554,116,2,0,1,30000,0,117,2022,5,22,13,25,12,4,31,18,44,1,1,1,14,7,0,0,0,0,3,9,1,70,5,3,1,1,75,51,61,41,0,0,0,0,0,0,0,0,0,10,0,3,0,0,0,0,0,4,2,35.77688,139.70655194444444,1,3,0,0,0,0
1,30,555,143,1,1,0,30000,0,119,2022,5,18,20,30,22,4,34,18,41,1,1,1,1,7,9,22,0,0,15,9,30,70,5,1,1,75,75,3,61,1,0,1,0,1,0,11,0,10,0,50,0,3,0,2,0,2,0,4,1,35.746118611111115,139.71482166666667,4,3,351,0,1,0
1,30,555,147,2,0,1,99000,0,119,2022,5,3,17,17,12,4,47,18,29,1,1,1,0,7,0,0,0,0,0,0,20,70,0,4,1,55,65,4,61,31,0,1,0,1,0,11,0,5,0,70,0,3,0,2,0,2,0,4,2,35.76005083333333,139.67982083333334,3,1,9999,0,1,0
1,30,555,149,2,0,1,170,93,119,2022,5,6,10,36,12,4,44,18,32,1,1,1,1,1,9,22,0,0,16,9,30,70,1,2,1,45,55,14,61,31,0,11,0,1,0,11,0,5,0,10,0,2,0,2,0,2,0,4,2,35.748783333333336,139.71948833333335,6,3,9999,0,1,0
1,30,555,155,2,0,1,170,97,119,2022,4,26,9,15,12,4,55,18,23,1,1,1,14,7,0,0,0,0,2,9,1,70,1,1,1,55,45,14,61,1,0,11,0,1,0,11,0,5,0,10,0,4,0,2,0,2,0,4,2,35.74905972222222,139.71601444444443,3,3,9999,0,9,0
1,30,555,156,2,0,1,30000,0,119,2022,5,11,16,20,12,4,40,18,36,1,1,1,7,7,0,0,0,0,2,9,1,70,5,3,1,65,25,51,61,41,0,0,0,0,0,0,0,0,0,0,0,3,0,0,0,0,0,4,2,35.75228222222222,139.68102027777778,4,3,0,0,0,0
1,30,555,159,2,0,1,30000,0,119,2022,5,18,11,41,12,4,34,18,41,1,1,1,14,7,0,0,0,0,3,8,1,70,5,2,1,75,55,14,61,31,0,11,0,1,0,11,0,2,0,80,0,4,0,2,0,2,0,4,2,35.74494138888889,139.68074694444442,4,3,26,0,9,0
1,30,555,167,2,0,1,30000,0,119,2022,5,18,7,46,12,4,34,18,41,1,1,1,14,1,0,0,0,0,2,9,1,70,5,2,1,1,45,51,61,41,0,0,0,0,0,0,0,0,0,20,0,4,0,0,0,0,0,4,2,35.759121388888886,139.68922750000002,4,3,0,0,0,0
1,30,555,178,2,0,1,30000,0,119,2022,5,8,13,10,12,4,42,18,33,2,1,1,14,7,0,0,0,0,2,9,1,70,5,3,1,55,75,3,61,1,0,1,0,1,0,11,0,10,0,80,0,3,0,2,0,2,0,4,2,35.754828055555556,139.7091711111111,1,3,9999,0,9,0
1,30,555,181,2,0,1,30000,0,119,2022,5,6,16,0,12,4,44,18,32,1,1,1,14,7,0,0,0,0,3,9,1,70,5,4,1,1,75,51,61,41,0,0,0,0,0,0,0,0,0,10,0,3,0,0,0,0,0,4,2,35.74377,139.6820286111111,6,3,0,0,0,0
1,30,556,114,2,0,1,30000,0,119,2022,5,16,15,30,12,4,35,18,40,2,1,2,14,7,0,0,0,0,3,9,1,70,4,2,1,55,75,14,61,31,0,11,0,1,0,11,0,3,0,10,0,3,0,2,0,2,0,4,2,35.77057166666667,139.69179277777778,2,3,9999,0,9,0
1,30,556,120,2,0,1,99000,0,119,2022,5,25,10,14,12,4,30,18,47,1,1,1,0,7,0,0,0,0,0,0,20,70,0,4,1,45,55,3,61,1,0,1,0,1,0,11,0,10,0,70,0,4,0,2,0,2,0,4,2,35.779822777777774,139.6832897222222,4,3,9999,0,9,0
1,30,556,123,2,0,1,30750,0,119,2022,5,28,20,32,22,4,28,18,49,1,1,1,1,1,9,22,0,0,11,9,30,70,4,1,1,55,75,36,61,31,0,0,0,0,0,11,0,2,0,10,0,3,0,0,0,0,0,4,2,35.77609694444445,139.6907875,7,3,9999,0,5,0
1,30,557,103,2,0,1,30000,0,120,2022,4,13,22,45,22,5,11,18,12,2,1,1,1,7,9,22,0,0,11,9,30,1,5,3,1,65,45,3,61,31,0,1,0,1,0,11,0,2,0,20,0,3,0,2,0,2,0,4,2,35.75383611111111,139.6530663888889,4,3,9999,0,9,0
1,30,557,104,2,0,1,30000,0,120,2022,4,26,17,41,13,4,55,18,23,2,1,2,14,7,0,0,0,0,2,9,1,70,4,3,1,1,55,51,61,41,0,0,0,0,0,0,0,0,0,10,0,3,0,0,0,0,0,4,2,35.729639166666665,139.66014611111112,3,3,0,0,0,0
1,30,557,116,2,0,1,30000,0,120,2022,5,28,12,37,12,4,28,18,49,1,1,1,14,7,0,0,0,0,2,9,1,70,4,3,1,75,35,3,61,31,0,1,0,1,0,11,0,2,0,20,0,3,0,2,0,2,0,4,2,35.75016,139.6656825,7,3,74,0,9,0
1,30,558,84,2,0,1,20000,0,120,2022,5,2,17,25,12,4,48,18,28,2,1,2,14,7,0,0,0,0,3,9,1,70,4,1,1,55,1,4,61,31,0,1,0,1,0,11,0,3,0,10,0,3,0,2,0,2,0,4,2,35.7743925,139.59723611111113,2,2,9999,0,9,0
1,30,558,93,2,0,1,30000,0,120,2022,5,10,0,30,22,4,40,18,35,3,1,2,14,7,0,0,0,0,2,9,1,70,5,2,1,65,45,3,61,1,0,1,0,1,0,11,0,2,0,10,0,3,0,2,0,2,0,4,2,35.74991722222222,139.58714444444445,3,3,9999,0,9,0
1,30,558,96,2,0,1,30000,0,120,2022,5,9,19,0,21,4,41,18,34,3,1,2,1,7,1,21,0,0,12,9,30,70,4,2,1,45,25,3,61,31,0,1,0,1,0,11,0,2,0,10,0,4,0,2,0,2,0,4,2,35.759906666666666,139.57339888888887,2,3,9999,0,9,0
1,30,559,88,2,0,1,20480,0,119,2022,5,20,0,18,22,4,33,18,43,1,1,1,1,1,9,22,0,0,16,9,30,70,5,1,1,45,65,11,61,1,0,11,0,1,0,11,0,1,0,10,0,3,0,2,0,2,0,4,2,35.78823194444444,139.6627713888889,6,3,9999,0,9,0
1,30,559,92,2,0,1,30000,0,119,2022,5,18,16,50,12,4,34,18,41,1,1,1,14,7,0,0,0,0,3,9,1,70,4,2,1,35,25,3,61,31,0,1,0,1,0,11,0,3,0,40,0,3,0,2,0,2,0,4,2,35.77795527777778,139.65422750000002,4,3,9999,0,1,0
1,30,560,119,2,0,1,30000,0,120,2022,5,2,12,45,12,4,48,18,28,1,1,1,14,7,0,0,0,0,1,9,1,70,5,2,1,65,75,51,61,41,0,0,0,0,0,0,0,0,0,20,0,3,0,0,0,0,0,4,2,35.753796944444446,139.62715722222222,2,2,0,0,0,0
1,30,560,126,2,0,1,30000,0,120,2022,4,15,15,15,12,5,9,18,14,3,1,2,1,1,9,22,0,0,12,9,30,70,4,2,1,45,65,13,61,31,0,11,0,1,0,11,0,2,0,10,0,3,0,2,0,2,0,4,2,35.7601475,139.6422413888889,6,3,9999,0,1,0
1,30,560,138,2,0,1,30000,0,120,2022,5,24,16,5,12,4,30,18,46,1,1,1,14,7,0,0,0,0,4,9,1,70,4,1,1,1,65,3,61,31,0,1,0,1,0,11,0,3,0,30,0,4,0,2,0,2,0,4,2,35.759305833333336,139.6253475,3,3,9999,0,5,0
1,30,560,146,2,0,1,30000,0,120,2022,5,28,9,22,12,4,28,18,49,1,1,1,14,7,0,0,0,0,2,9,1,70,5,2,1,45,1,3,61,31,0,1,0,1,0,11,0,2,0,10,0,3,0,2,0,2,0,4,2,35.754577777777776,139.60261333333332,7,3,9999,0,9,0
1,30,560,147,2,0,1,10010,0,120,2022,5,9,17,48,13,4,41,18,34,3,1,2,14,7,0,0,0,0,6,9,1,70,1,2,1,55,25,3,61,31,0,1,0,1,0,11,0,10,0,10,0,4,0,2,0,2,0,4,2,35.74634416666667,139.62605666666667,2,3,9999,0,9,0
1,30,560,152,2,0,1,10010,0,120,2022,4,10,10,23,12,5,15,18,10,1,1,1,1,7,1,21,0,0,12,9,30,70,5,4,1,75,35,3,61,31,0,1,0,1,0,11,0,5,0,10,0,4,0,2,0,2,0,4,2,35.74915777777778,139.62016277777778,1,3,513,0,9,0
1,30,660,51,1,1,0,20390,0,106,2022,5,20,5,23,11,4,33,18,43,1,1,1,1,7,9,22,0,0,18,9,30,70,4,2,1,55,75,11,61,1,0,11,0,2,0,11,0,4,0,10,0,4,0,2,0,2,0,4,1,35.70769083333334,139.7756791666667,6,3,9999,0,9,0
1,30,660,55,2,0,1,99000,0,106,2022,5,3,11,53,12,4,47,18,29,1,1,1,0,7,0,0,0,0,0,0,20,70,0,4,1,55,75,51,61,41,0,0,0,0,0,0,0,0,0,10,0,3,0,0,0,0,0,4,2,35.710123611111115,139.7724552777778,3,1,0,0,0,0
1,30,660,56,2,0,1,20070,0,106,2022,5,6,17,35,13,4,44,18,32,1,1,1,14,7,0,0,0,0,6,9,1,70,4,2,1,45,55,3,61,31,0,1,0,1,0,11,0,4,0,40,0,3,0,2,0,2,0,4,2,35.71147916666667,139.77517250000002,6,3,9999,0,1,0
1,30,660,57,2,0,1,30000,0,106,2022,5,11,6,15,12,4,40,18,36,1,1,1,14,7,0,0,0,0,2,9,1,70,5,2,1,55,35,17,61,31,0,11,0,1,0,11,0,10,0,10,0,3,0,2,0,2,0,4,2,35.70921694444445,139.7736577777778,4,3,9999,0,9,0
1,30,660,68,2,0,1,30000,0,106,2022,5,25,17,25,12,4,30,18,47,1,1,1,1,7,0,0,0,0,15,9,30,70,5,2,1,25,0,61,0,0,0,0,0,0,0,0,0,0,0,0,0,0,0,0,0,0,0,2,0,35.70889888888889,139.77522833333336,4,3,0,0,0,0
1,30,661,38,2,0,1,30000,0,106,2022,5,13,21,53,22,4,38,18,37,3,1,2,1,7,7,21,0,0,11,9,30,70,5,3,1,55,35,4,61,31,0,1,0,1,0,11,0,10,0,10,0,4,0,2,0,2,0,4,2,35.72962722222223,139.79315333333332,6,3,9999,0,9,0
1,30,662,40,2,0,1,30000,0,106,2022,5,15,22,0,22,4,36,18,39,2,1,1,7,7,0,0,0,0,3,9,1,70,5,3,1,1,55,51,61,41,0,0,0,0,0,0,0,0,0,10,0,4,0,0,0,0,0,4,2,35.715096111111116,139.79392277777777,1,3,0,0,0,0
1,30,662,42,2,0,1,30000,0,106,2022,5,11,14,55,12,4,40,18,36,1,1,1,1,7,1,21,0,0,12,9,30,70,5,3,1,65,35,3,61,31,0,1,0,1,0,11,0,1,0,40,0,4,0,2,0,2,0,4,2,35.71627,139.7913697222222,4,3,9999,0,9,0
1,30,662,43,2,0,1,30000,0,106,2022,5,28,17,33,12,4,28,18,49,1,1,1,1,7,1,21,0,0,15,9,30,70,4,1,1,25,55,13,61,31,0,11,0,1,0,11,0,2,0,80,0,3,0,2,0,2,0,4,2,35.71673583333334,139.79632583333333,7,3,9999,0,1,0
1,30,665,40,2,0,1,30000,0,118,2022,3,27,12,18,12,5,35,17,58,1,1,1,14,7,0,0,0,0,3,9,1,70,4,2,1,45,25,1,61,1,0,1,0,1,0,11,0,1,0,40,0,4,0,2,0,2,0,4,2,35.73094444444445,139.79842555555555,1,3,9999,0,9,0
1,30,665,42,2,0,1,30000,0,118,2022,4,30,16,45,12,4,50,18,27,1,1,1,1,7,1,21,0,0,12,9,30,70,4,2,1,35,75,52,61,41,0,0,0,0,0,0,0,0,0,10,0,4,0,0,0,0,0,4,2,35.73493361111111,139.80119166666668,7,3,0,0,0,0
1,30,666,47,2,0,1,30000,0,118,2022,4,27,11,32,12,4,54,18,24,1,1,1,14,7,0,0,0,0,2,9,20,70,4,3,1,65,75,11,61,1,0,11,0,2,0,11,0,5,0,30,0,3,0,2,0,2,0,4,2,35.730855000000005,139.78373166666665,4,3,9999,0,9,0
1,30,666,53,2,0,1,95000,0,118,2022,5,19,16,30,12,4,33,18,42,1,1,1,14,7,0,0,0,0,1,9,20,70,5,4,1,1,75,51,61,41,0,0,0,0,0,0,0,0,0,10,0,4,0,0,0,0,0,4,2,35.74147888888889,139.79053555555555,5,3,0,0,0,0
1,30,667,48,2,0,1,30000,0,121,2022,5,17,11,57,12,4,35,18,41,3,1,2,14,7,0,0,0,0,2,9,1,70,5,4,1,25,35,13,61,31,0,11,0,1,0,11,0,1,0,20,0,4,0,2,0,2,0,4,2,35.74862111111111,139.80409694444447,3,3,9999,0,1,0
1,30,668,188,2,0,1,30000,0,121,2022,5,10,17,45,13,4,40,18,35,1,1,1,14,7,0,0,0,0,4,9,1,70,4,2,1,25,45,3,61,31,0,1,0,1,0,11,0,3,0,10,0,2,0,2,0,2,0,4,2,35.77605638888889,139.78771166666667,3,3,9999,0,1,0
1,30,668,193,2,0,1,30000,0,121,2022,5,16,0,15,22,4,35,18,40,3,1,2,1,7,9,22,0,0,15,9,30,70,4,2,1,1,25,3,61,31,0,1,0,1,0,11,0,3,0,10,0,4,0,2,0,2,0,4,2,35.775439999999996,139.79024777777778,2,3,9999,0,1,0
1,30,668,196,2,0,1,10130,0,121,2022,5,18,10,50,12,4,34,18,41,1,1,1,7,7,0,0,0,0,3,9,1,70,1,2,1,75,35,36,61,31,0,0,0,0,0,11,0,2,0,10,0,4,0,0,0,0,0,4,2,35.77881472222222,139.74859138888888,4,3,216,0,9,0