資料区分,都道府県コード,警察署等コード,本票番号,事故内容,死者数,負傷者数,路線コード,地点コード,市区町村コード,発生日時　　年,発生日時　　月,発生日時　　日,発生日時　　時,発生日時　　分,昼夜,日の出時刻　　時,日の出時刻　　分,日の入り時刻　　時,日の入り時刻　　分,天候,地形,路面状態,道路形状,信号機,一時停止規制　標識（当事者A）,一時停止規制　表示（当事者A）,一時停止規制　標識（当事者B）,一時停止規制　表示（当事者B）,車道幅員,道路線形,衝突地点,ゾーン規制,中央分離帯施設等,歩車道区分,事故類型,年齢（当事者A）,年齢（当事者B）,当事者種別（当事者A）,当事者種別（当事者B）,用途別（当事者A）,用途別（当事者B）,車両形状等（当事者A）,車両形状等（当事者B）,オートマチック車（当事者A）,オートマチック車（当事者B）,サポカー（当事者A）,サポカー（当事者B）,速度規制（指定のみ）（当事者A）,速度規制（指定のみ）（当事者B）,車両の衝突部位（当事者A）,車両の衝突部位（当事者B）,車両の損壊程度（当事者A）,車両の損壊程度（当事者B）,エアバッグの装備（当事者A）,エアバッグの装備（当事者B）,サイドエアバッグの装備（当事者A）,サイドエアバッグの装備（当事者B）,人身損傷程度（当事者A）,人身損傷程度（当事者B）,lat,lon,曜日(発生年月日),祝日(発生年月日),認知機能検査経過日数（当事者A）,認知機能検査経過日数（当事者B）,運転練習の方法（当事者A）,運転練習の方法（当事者B）
1,30,668,207,2,0,1,20620,0,121,2022,5,21,12,35,12,4,32,18,44,3,1,2,14,7,0,0,0,0,4,9,1,70,5,2,1,35,55,51,61,41,0,0,0,0,0,0,0,0,0,10,0,3,0,0,0,0,0,4,2,35.78387083333333,139.7977647222222,7,3,0,0,0,0
1,30,668,208,2,0,1,30000,0,121,2022,4,25,19,10,21,4,56,18,22,1,1,1,1,1,9,22,0,0,15,9,30,70,4,2,1,25,35,14,61,31,0,11,0,1,0,11,0,3,0,40,0,3,0,2,0,2,0,4,2,35.77060361111111,139.74698277777776,2,3,9999,0,1,0
1,30,668,211,2,0,1,30000,0,121,2022,5,23,17,40,12,4,31,18,45,1,1,1,7,7,0,0,0,0,2,9,1,70,5,2,1,25,1,52,61,41,0,0,0,0,0,0,0,0,0,10,0,4,0,0,0,0,0,4,2,35.783055833333336,139.79149361111112,2,3,0,0,0,0
1,30,668,219,2,0,1,95000,0,121,2022,5,29,9,50,12,4,28,18,49,1,1,1,14,7,0,0,0,0,3,9,1,70,5,4,1,55,1,51,61,41,0,0,0,0,0,0,0,0,0,20,0,3,0,0,0,0,0,4,2,35.77757888888889,139.74117388888888,1,3,0,0,0,0
1,30,668,224,2,0,1,30000,0,121,2022,5,30,12,10,12,4,27,18,50,1,1,1,1,1,9,22,0,0,15,9,30,70,1,1,1,55,1,4,61,31,0,1,0,1,0,11,0,2,0,10,0,3,0,2,0,2,0,4,2,35.773024444444445,139.77010166666668,2,3,9999,0,9,0
1,30,668,225,2,0,1,30000,0,121,2022,5,30,13,40,12,4,27,18,50,1,1,1,14,7,0,0,0,0,2,9,1,70,5,2,1,25,1,51,61,41,0,0,0,0,0,0,0,0,0,10,0,3,0,0,0,0,0,4,2,35.782249444444446,139.74915499999997,2,3,0,0,0,0
1,30,669,216,2,0,1,10130,0,121,2022,5,6,8,4,12,4,44,18,32,1,1,1,14,7,0,0,0,0,4,9,1,70,1,1,1,1,55,51,61,41,0,0,0,0,0,0,0,0,0,10,0,3,0,0,0,0,0,2,4,35.77758027777778,139.83150388888888,6,3,0,0,0,0
1,30,669,231,2,0,1,30000,0,121,2022,5,10,9,25,12,4,40,18,35,1,1,1,7,1,0,0,0,0,1,9,1,70,4,3,1,75,55,3,61,31,0,1,0,1,0,11,0,5,0,10,0,4,0,2,0,2,0,4,2,35.77388472222222,139.8374575,3,3,260,0,9,0
1,30,669,238,2,0,1,10360,0,121,2022,5,14,6,5,12,4,37,18,38,3,1,2,1,1,9,22,0,0,19,9,30,70,1,2,1,55,45,51,61,41,0,0,0,0,0,0,0,0,0,10,0,3,0,0,0,0,0,4,2,35.77738444444444,139.8300277777778,7,3,0,0,0,0
1,30,669,240,2,0,2,30450,0,121,2022,5,14,11,5,12,4,37,18,38,2,1,2,14,7,0,0,0,0,5,9,1,70,4,2,1,65,45,51,61,41,0,0,0,0,0,0,0,0,0,10,0,3,0,0,0,0,0,2,2,35.80009361111111,139.8396111111111,7,3,0,0,0,0
1,30,669,241,2,0,1,30000,0,121,2022,5,14,14,15,12,4,37,18,38,2,1,1,14,7,0,0,0,0,3,9,1,70,4,3,1,65,45,3,61,31,0,1,0,1,0,11,0,2,0,10,0,3,0,2,0,2,0,4,2,35.767828333333334,139.8095091666667,7,3,9999,0,9,0
1,30,669,246,2,0,1,30000,0,121,2022,5,16,8,18,12,4,35,18,40,3,1,1,1,1,9,22,0,0,15,9,30,70,5,2,1,75,35,4,61,31,0,1,0,1,0,11,0,3,0,10,0,3,0,2,0,2,0,4,2,35.76417083333333,139.82338,2,3,305,0,9,0
1,30,669,247,2,0,1,30000,0,121,2022,5,16,14,52,12,4,35,18,40,3,1,2,1,1,9,22,0,0,11,9,30,70,5,3,1,55,25,14,61,31,0,11,0,1,0,11,0,2,0,10,0,3,0,2,0,2,0,4,2,35.760939722222226,139.82794833333332,2,3,9999,0,9,0
1,30,669,249,2,0,1,30000,0,121,2022,5,17,8,0,12,4,35,18,41,2,1,1,14,7,0,0,0,0,2,9,1,70,4,2,1,45,1,51,61,41,0,0,0,0,0,0,0,0,0,10,0,3,0,0,0,0,0,4,2,35.76427888888889,139.82555694444443,3,3,0,0,0,0
1,30,669,257,2,0,1,30000,0,121,2022,5,20,7,30,12,4,33,18,43,1,1,1,1,7,1,21,0,0,12,9,30,1,5,3,1,65,35,12,61,31,0,11,0,1,0,11,0,10,0,40,0,3,0,2,0,2,0,4,2,35.77919833333333,139.81158944444445,6,3,9999,0,9,0
1,30,669,274,2,0,1,30000,0,121,2022,5,29,16,10,12,4,28,18,49,1,1,1,14,7,0,0,0,0,3,9,1,70,4,3,1,1,75,51,61,41,0,0,0,0,0,0,0,0,0,10,0,3,0,0,0,0,0,4,2,35.77166222222222,139.8066763888889,1,3,0,0,0,0
1,30,670,125,2,0,1,10710,0,121,2022,4,4,12,15,12,5,24,18,5,3,1,1,7,7,0,0,0,0,6,9,1,70,1,1,1,35,45,3,61,1,0,1,0,1,0,11,0,5,0,20,0,4,0,2,0,2,0,4,2,35.8014125,139.77011777777778,2,3,9999,0,1,0
1,30,670,145,2,0,1,95000,0,121,2022,5,20,7,30,12,4,33,18,43,1,1,1,0,7,0,0,0,0,0,0,20,70,0,4,1,55,75,13,61,31,0,11,0,2,0,11,0,10,0,10,0,3,0,2,0,2,0,4,2,35.79723277777778,139.76475416666668,6,3,9999,0,5,0
1,30,670,159,2,0,1,30000,0,121,2022,5,13,19,25,21,4,38,18,37,3,1,2,1,1,9,22,0,0,15,9,30,70,4,2,1,45,1,3,61,31,0,1,0,1,0,11,0,3,0,20,0,3,0,2,0,2,0,4,2,35.792809999999996,139.77940500000003,6,3,9999,0,9,0
1,30,670,162,2,0,1,30000,0,121,2022,5,27,17,30,12,4,29,18,48,1,1,1,1,7,9,22,0,0,11,9,30,70,5,2,1,25,1,13,61,31,0,11,0,2,0,11,0,3,0,10,0,2,0,2,0,2,0,4,2,35.80423666666666,139.81314305555557,6,3,9999,0,5,0
1,30,670,166,2,0,1,30000,0,121,2022,5,30,8,0,12,4,27,18,50,1,1,1,1,1,9,22,0,0,16,9,30,70,1,2,1,35,1,51,61,41,0,0,0,0,0,0,0,0,0,12,0,4,0,0,0,0,0,4,2,35.78925972222222,139.80280611111112,2,3,0,0,0,0
1,30,771,182,2,0,1,30000,0,108,2022,5,8,9,55,12,4,42,18,33,1,1,1,14,7,0,0,0,0,3,9,1,70,5,2,1,45,1,3,61,31,0,1,0,1,0,11,0,10,0,80,0,3,0,2,0,2,0,4,2,35.683143888888885,139.80090444444446,1,3,9999,0,5,0
1,30,771,184,2,0,1,30000,0,108,2022,5,8,13,36,12,4,42,18,33,1,1,1,14,7,0,0,0,0,3,9,1,70,1,1,1,1,65,51,61,41,0,0,0,0,0,0,0,0,0,10,0,3,0,0,0,0,0,4,2,35.64652916666667,139.78668333333334,1,3,0,0,0,0
1,30,771,194,2,0,1,30000,0,108,2022,5,15,12,30,12,4,36,18,39,2,1,1,1,7,1,22,0,0,15,9,30,70,5,3,1,55,75,3,61,31,0,1,0,1,0,11,0,3,0,50,0,4,0,2,0,2,0,4,2,35.69266833333333,139.81330472222223,1,3,9999,0,9,0
1,30,771,201,2,0,1,30000,0,108,2022,5,22,14,45,12,4,31,18,44,1,1,1,14,7,0,0,0,0,3,9,1,70,5,2,1,45,1,3,61,31,0,1,0,1,0,11,0,2,0,10,0,3,0,2,0,2,0,4,2,35.68648944444444,139.80252722222224,1,3,9999,0,9,0
1,30,771,206,2,0,1,30000,0,108,2022,5,26,6,43,12,4,29,18,47,1,1,1,14,7,0,0,0,0,1,9,1,70,5,2,1,35,75,51,61,41,0,0,0,0,0,0,0,0,0,10,0,4,0,0,0,0,0,4,2,35.65080472222222,139.78916388888888,5,3,0,0,0,0
1,30,771,212,2,0,1,20690,0,108,2022,5,7,12,45,12,4,43,18,32,2,1,2,14,7,0,0,0,0,5,9,1,70,4,1,1,75,0,61,0,0,0,0,0,0,0,0,0,0,0,0,0,0,0,0,0,0,0,2,0,35.67151611111111,139.8164575,7,3,0,0,0,0
1,30,771,215,2,0,1,20680,0,108,2022,5,13,7,35,12,4,38,18,37,3,1,1,1,1,9,22,0,0,19,9,30,70,1,2,1,45,75,11,61,31,0,11,0,1,0,11,0,10,0,10,0,3,0,2,0,2,0,4,2,35.688178055555554,139.7981888888889,6,3,9999,0,1,0
1,30,772,154,2,0,1,10090,0,108,2022,5,13,16,50,12,4,38,18,37,3,1,2,1,1,9,22,0,0,17,9,30,70,4,2,1,45,35,3,61,31,0,1,0,2,0,11,0,4,0,10,0,3,0,2,0,2,0,4,2,35.689385277777774,139.82655194444445,6,3,9999,0,9,0
1,30,772,168,2,0,1,10090,0,108,2022,5,27,14,20,12,4,29,18,48,2,1,1,14,7,0,0,0,0,6,9,1,70,1,1,1,45,65,51,61,41,0,0,0,0,0,0,0,0,0,10,0,3,0,0,0,0,0,4,2,35.658455833333335,139.82384444444443,6,3,0,0,0,0
1,30,773,109,1,1,0,10370,0,107,2022,5,10,3,58,23,4,40,18,35,2,1,1,7,7,0,0,0,0,5,9,1,70,4,2,1,45,75,13,61,31,0,11,0,1,0,11,0,4,0,10,0,3,0,2,0,2,0,4,1,35.699596111111106,139.80500055555558,3,3,9999,0,1,0
1,30,773,121,2,0,1,30000,0,107,2022,5,10,13,30,12,4,40,18,35,1,1,1,14,7,0,0,0,0,3,9,1,70,4,3,1,55,65,4,61,31,0,1,0,1,0,11,0,3,0,40,0,3,0,2,0,2,0,4,2,35.691292777777775,139.79608166666665,3,3,9999,0,9,0
1,30,773,126,2,0,1,20530,0,107,2022,5,13,22,50,22,4,38,18,37,3,1,2,1,1,9,22,0,0,19,9,30,70,1,1,1,65,35,3,61,1,0,1,0,1,0,11,0,5,0,50,0,3,0,2,0,2,0,4,2,35.70879361111111,139.80840861111113,6,3,9999,0,9,0
1,30,773,135,2,0,1,20690,0,107,2022,5,25,10,17,12,4,30,18,47,1,1,1,1,1,9,22,0,0,18,9,30,70,5,2,1,45,75,3,61,31,0,1,0,1,0,11,0,4,0,10,0,3,0,2,0,2,0,4,2,35.699951111111105,139.81491333333335,4,3,9999,0,5,0
1,30,773,137,2,0,1,31030,0,107,2022,5,28,8,9,12,4,28,18,49,1,1,1,14,7,0,0,0,0,4,9,1,70,4,2,1,35,75,51,61,41,0,0,0,0,0,0,0,0,0,40,0,3,0,0,0,0,0,4,2,35.69723111111111,139.80186222222224,7,3,0,0,0,0
1,30,774,78,2,0,1,10090,0,107,2022,5,24,15,16,12,4,30,18,46,1,1,1,1,1,9,22,0,0,16,9,30,70,5,1,1,45,75,3,61,31,0,1,0,1,0,11,0,3,0,0,0,4,0,2,0,2,0,4,2,35.72753222222222,139.8133188888889,3,3,9999,0,1,0
1,30,775,141,2,0,1,30000,0,122,2022,5,27,18,48,21,4,29,18,48,1,1,1,14,7,0,0,0,0,2,9,1,70,5,3,1,45,55,51,61,41,0,0,0,0,0,0,0,0,0,10,0,3,0,0,0,0,0,4,2,35.783254166666666,139.85663805555555,6,3,0,0,0,0
1,30,775,143,2,0,1,30000,0,122,2022,4,26,19,35,22,4,55,18,23,2,1,1,7,7,0,0,0,0,3,9,1,70,4,2,1,35,45,51,61,41,0,0,0,0,0,0,0,0,0,10,0,4,0,0,0,0,0,4,2,35.76527166666666,139.8458725,3,3,0,0,0,0
1,30,776,135,2,0,1,99000,0,122,2022,5,4,18,10,13,4,46,18,30,1,1,1,0,7,0,0,0,0,0,0,20,70,0,4,1,1,75,51,61,41,0,0,0,0,0,0,0,0,0,10,0,4,0,0,0,0,0,4,2,35.71617888888889,139.8532375,4,1,0,0,0,0
1,30,776,146,2,0,1,60,90,122,2022,5,13,1,58,22,4,38,18,37,3,1,2,1,1,9,22,0,0,16,9,30,70,1,2,1,35,1,3,61,31,0,1,0,1,0,11,0,5,0,10,0,4,0,2,0,2,0,4,2,35.73833027777778,139.8377038888889,6,3,9999,0,1,0
1,30,776,147,2,0,1,30000,0,122,2022,5,13,19,0,21,4,38,18,37,3,1,2,1,7,9,22,0,0,11,9,30,70,4,3,1,45,1,36,61,31,0,0,0,0,0,11,0,2,0,30,0,4,0,0,0,0,0,4,2,35.72380583333334,139.84739805555557,6,3,9999,0,9,0
1,30,776,156,2,0,1,30000,0,122,2022,5,19,11,27,12,4,33,18,42,1,1,1,14,7,0,0,0,0,3,9,1,1,5,1,1,45,75,4,61,31,0,1,0,1,0,11,0,2,0,70,0,3,0,2,0,2,0,4,2,35.74653277777778,139.83661361111112,5,3,9999,0,1,0
1,30,776,163,2,0,1,30000,0,122,2022,5,23,10,50,12,4,31,18,45,1,1,1,1,7,1,21,0,0,14,9,30,70,4,2,1,55,75,13,61,31,0,11,0,1,0,11,0,2,0,80,0,3,0,2,0,2,0,4,2,35.74152111111111,139.84185361111113,2,3,9999,0,9,0
1,30,777,266,2,0,1,10060,0,123,2022,5,4,21,0,22,4,46,18,30,1,1,1,1,1,9,22,0,0,19,9,30,70,5,2,1,55,65,3,61,31,0,1,0,1,0,11,0,2,0,10,0,3,0,2,0,2,0,4,2,35.68221361111111,139.88923083333333,4,1,9999,0,9,0
1,30,777,278,2,0,1,140,0,123,2022,5,9,21,0,22,4,41,18,34,3,1,2,7,1,0,0,0,0,3,9,1,70,1,2,1,35,0,61,0,0,0,0,0,0,0,0,0,0,0,0,0,0,0,0,0,0,0,2,0,35.70410027777778,139.9053636111111,2,3,0,0,0,0
1,30,777,292,2,0,1,30000,0,123,2022,5,17,11,55,12,4,35,18,41,3,1,2,14,7,0,0,0,0,1,9,1,1,5,3,1,45,45,14,61,31,0,11,0,1,0,11,0,1,0,40,0,3,0,2,0,2,0,4,2,35.69190083333333,139.88915555555556,3,3,9999,0,9,0
1,30,777,331,2,0,1,30520,0,123,2022,5,28,20,47,22,4,28,18,49,1,1,1,14,7,0,0,0,0,3,9,1,70,4,2,1,35,35,3,61,1,0,1,0,1,0,11,0,2,0,10,0,3,0,2,0,2,0,4,2,35.688336666666665,139.8813027777778,7,3,9999,0,1,0
1,30,777,336,2,0,1,30000,0,123,2022,5,31,5,55,12,4,27,18,51,3,1,2,14,7,0,0,0,0,3,9,1,70,4,2,1,45,75,36,61,31,0,0,0,0,0,11,0,2,0,10,0,3,0,0,0,0,0,4,2,35.68357083333333,139.8934972222222,3,3,9999,0,1,0
1,30,777,339,2,0,1,30000,0,123,2022,5,12,20,50,22,4,39,18,37,3,1,2,1,1,9,22,0,0,15,9,30,70,4,2,1,35,35,3,61,31,0,1,0,1,0,11,0,2,0,10,0,3,0,2,0,2,0,4,2,35.696835,139.89425083333333,5,3,9999,0,5,0
1,30,777,341,2,0,1,10130,0,123,2022,5,27,20,50,22,4,29,18,48,1,1,1,1,1,0,0,0,0,19,9,30,70,1,2,1,75,0,61,0,0,0,0,0,0,0,0,0,0,0,0,0,0,0,0,0,0,0,2,0,35.683038055555556,139.8815377777778,6,3,0,0,0,0
1,30,778,108,2,0,1,31040,0,123,2022,5,20,6,30,12,4,33,18,43,1,1,1,1,7,9,22,0,0,15,9,30,70,4,1,1,45,65,13,61,31,0,11,0,1,0,11,0,3,0,10,0,3,0,2,0,2,0,4,2,35.730756944444444,139.87677861111112,6,3,9999,0,1,0
1,30,778,114,2,0,1,30000,0,123,2022,5,24,9,25,12,4,30,18,46,1,1,1,1,7,1,21,0,0,12,9,30,70,5,2,1,65,65,3,61,31,0,1,0,1,0,11,0,5,0,10,0,3,0,2,0,2,0,4,2,35.7342,139.8830636111111,3,3,9999,0,9,0
1,30,779,77,2,0,1,10350,0,123,2022,5,4,11,35,12,4,46,18,30,1,1,1,14,7,0,0,0,0,4,9,1,70,1,2,1,35,25,51,61,41,0,0,0,0,0,0,0,0,0,10,0,3,0,0,0,0,0,4,2,35.668391111111106,139.86846805555555,4,1,0,0,0,0
1,30,779,81,2,0,2,30000,0,123,2022,5,10,16,20,12,4,40,18,35,1,1,1,1,7,9,22,0,0,11,9,30,70,5,3,1,65,1,3,61,1,0,1,0,1,0,11,0,10,0,10,0,3,0,2,0,2,0,4,2,35.66662972222222,139.8833547222222,3,3,9999,0,9,0
1,30,779,85,2,0,2,30000,0,123,2022,5,12,20,55,22,4,39,18,37,3,1,2,14,7,0,0,0,0,3,7,1,70,4,3,1,45,35,36,61,31,0,0,0,0,0,11,0,2,0,10,0,3,0,0,0,0,0,2,2,35.67455916666666,139.86944722222222,5,3,9999,0,1,0
1,30,779,86,2,0,1,10130,0,123,2022,5,18,14,50,12,4,34,18,41,1,1,1,14,7,0,0,0,0,6,9,1,70,1,2,1,1,1,51,61,41,0,0,0,0,0,0,0,0,0,10,0,3,0,0,0,0,0,4,2,35.656887222222224,139.87247583333334,4,3,0,0,0,0
1,30,876,136,2,0,1,30000,0,201,2022,4,28,20,35,22,4,53,18,25,1,2,1,1,7,1,21,0,0,12,9,30,70,1,2,1,55,45,3,61,31,0,1,0,1,0,11,0,2,0,10,0,3,0,2,0,2,0,4,2,35.62952638888889,139.3311025,5,2,9999,0,9,0
1,30,876,152,2,0,1,161,0,201,2022,5,21,7,40,12,4,32,18,44,2,1,1,1,1,9,22,0,0,18,9,30,70,5,2,1,55,35,3,61,31,0,1,0,1,0,11,0,1,0,50,0,3,0,2,0,2,0,4,2,35.6502,139.35183527777778,7,3,9999,0,9,0
1,30,877,126,2,0,1,30000,0,201,2022,4,24,18,45,21,4,57,18,22,3,2,2,1,1,9,22,0,0,15,9,30,70,4,2,1,55,1,3,61,31,0,1,0,1,0,11,0,3,0,50,0,4,0,2,0,2,0,4,2,35.67252861111111,139.2595263888889,1,3,9999,0,9,0
1,30,877,139,2,0,1,20740,0,201,2022,5,3,13,45,12,4,47,18,29,1,3,1,1,1,9,22,0,0,15,9,30,70,4,2,1,1,65,51,61,41,0,0,0,0,0,0,0,0,0,10,0,3,0,0,0,0,0,4,2,35.655096666666665,139.27802222222223,3,1,0,0,0,0
1,30,877,140,2,0,1,200,529,201,2022,5,24,10,15,12,4,30,18,46,1,3,1,14,7,0,0,0,0,2,9,1,70,5,1,1,35,1,3,61,31,0,1,0,1,0,11,0,3,0,40,0,3,0,2,0,2,0,4,2,35.628238611111115,139.2678702777778,3,3,9999,0,5,0
1,30,878,131,2,0,1,30000,0,225,2022,5,7,5,20,11,4,43,18,32,2,1,2,1,1,9,22,0,0,15,9,30,70,4,2,1,35,65,3,61,31,0,1,0,1,0,11,0,2,0,10,0,3,0,2,0,2,0,4,2,35.640506944444446,139.4929436111111,7,3,9999,0,1,0
1,30,878,133,2,0,1,21100,0,224,2022,4,15,20,20,22,5,9,18,14,3,1,2,1,1,9,22,0,0,18,9,30,70,1,2,1,55,1,4,61,31,0,1,0,1,0,11,0,4,0,10,0,3,0,2,0,2,0,4,2,35.61356083333334,139.4081686111111,6,3,9999,0,9,0
1,30,878,135,2,0,1,30000,0,224,2022,5,9,22,45,22,4,41,18,34,3,1,2,14,7,0,0,0,0,3,9,1,70,4,2,1,55,75,34,61,31,0,0,0,0,0,11,0,3,0,10,0,3,0,0,0,0,0,4,2,35.64305861111111,139.43819027777778,2,3,9999,0,9,0
1,30,878,142,2,0,1,30000,0,224,2022,5,13,19,55,22,4,38,18,37,3,1,2,1,1,9,22,0,0,11,9,30,70,4,2,1,45,35,3,61,31,0,1,0,1,0,11,0,2,0,10,0,3,0,2,0,2,0,4,2,35.646925833333334,139.45192166666666,6,3,9999,0,9,0
1,30,878,170,2,0,1,30000,0,224,2022,5,30,8,48,12,4,27,18,50,1,1,1,14,7,0,0,0,0,4,9,1,70,1,2,1,65,35,3,61,1,0,1,0,1,0,11,0,3,0,30,0,4,0,2,0,2,0,4,2,35.62456944444445,139.4264711111111,2,3,9999,0,9,0
1,30,879,216,2,0,1,30000,0,223,2022,5,6,8,30,12,4,44,18,32,1,1,1,1,7,1,21,0,0,11,7,30,70,5,3,1,25,65,3,61,31,0,1,0,1,0,11,0,10,0,40,0,3,0,2,0,2,0,4,2,35.75534833333333,139.37231222222223,6,3,9999,0,1,0
1,30,879,241,2,0,1,30000,0,220,2022,5,22,12,0,12,4,31,18,44,1,2,1,14,7,0,0,0,0,1,7,1,70,5,2,1,65,45,51,61,41,0,0,0,0,0,0,0,0,0,40,0,3,0,0,0,0,0,2,4,35.76011555555556,139.4318113888889,1,3,0,0,0,0
1,30,879,248,2,0,1,30000,0,223,2022,5,27,16,30,12,4,29,18,48,2,2,1,1,7,1,21,0,0,11,9,30,70,5,3,1,45,25,3,61,31,0,1,0,1,0,11,0,2,0,40,0,3,0,2,0,2,0,4,2,35.75829638888889,139.37122166666668,6,3,9999,0,9,0
1,30,880,91,2,0,1,30000,0,205,2022,5,7,19,0,21,4,43,18,32,1,1,1,14,7,0,0,0,0,3,9,1,70,4,2,1,55,75,4,61,31,0,1,0,1,0,11,0,3,0,10,0,3,0,2,0,2,0,4,2,35.78464805555555,139.291505,7,3,9999,0,9,0
1,30,880,97,2,0,1,30000,0,205,2022,5,9,14,16,12,4,41,18,34,1,2,1,14,7,0,0,0,0,3,9,1,70,5,2,1,65,1,4,61,31,0,1,0,1,0,11,0,10,0,50,0,4,0,2,0,2,0,4,2,35.79022583333333,139.28373916666666,2,3,9999,0,9,0
1,30,880,106,2,0,1,20000,0,205,2022,5,23,6,40,12,4,31,18,45,2,2,1,1,1,9,22,0,0,12,9,30,70,4,2,1,1,65,3,61,31,0,1,0,1,0,11,0,3,0,10,0,3,0,2,0,2,0,4,2,35.767111666666665,139.29478416666666,2,3,9999,0,5,0
1,30,881,65,2,0,1,30000,0,228,2022,5,16,7,25,12,4,35,18,40,3,1,2,12,7,0,0,0,0,2,9,1,70,5,3,1,75,75,14,61,31,0,11,0,2,0,11,0,2,0,40,0,3,0,2,0,2,0,4,2,35.72835694444445,139.2366322222222,2,3,70,0,9,0
1,30,881,74,2,0,1,95000,0,305,2022,5,13,18,40,21,4,38,18,37,3,2,2,0,7,0,0,0,0,0,0,20,70,0,4,1,1,0,61,0,0,0,0,0,0,0,0,0,0,0,0,0,0,0,0,0,0,0,2,0,35.735351111111115,139.27445472222223,6,3,0,0,0,0
1,30,881,78,2,0,1,99000,0,228,2022,5,26,14,21,12,4,29,18,47,1,2,1,0,7,0,0,0,0,0,0,20,70,0,4,1,55,25,3,61,31,0,1,0,1,0,11,0,10,0,80,0,4,0,2,0,2,0,4,2,35.728051666666666,139.20483166666665,5,3,9999,0,9,0
1,30,882,167,2,0,1,30000,0,228,2022,5,9,19,6,21,4,41,18,34,3,2,2,14,7,0,0,0,0,3,9,1,70,5,3,1,45,35,14,61,31,0,11,0,1,0,11,0,2,0,40,0,3,0,2,0,2,0,4,2,35.74131416666667,139.30441444444446,2,3,9999,0,1,0
1,30,882,181,2,0,1,10550,0,218,2022,5,24,13,10,12,4,30,18,46,1,1,1,14,7,0,0,0,0,3,9,1,70,4,2,1,65,75,4,61,31,0,1,0,1,0,11,0,1,0,10,0,3,0,2,0,2,0,4,2,35.74031333333333,139.325975,3,3,9999,0,9,0
1,30,882,191,2,0,1,30000,0,218,2022,5,22,13,32,12,4,31,18,44,1,2,1,14,7,0,0,0,0,2,9,1,70,5,3,1,1,25,4,61,31,0,1,0,1,0,11,0,2,0,40,0,3,0,2,0,2,0,4,2,35.73267611111111,139.338955,1,3,9999,0,1,0
1,30,882,195,2,0,1,30000,0,227,2022,5,26,20,20,22,4,29,18,47,2,2,1,14,7,0,0,0,0,3,9,1,70,5,3,1,1,35,51,61,41,0,0,0,0,0,0,0,0,0,10,0,3,0,0,0,0,0,4,2,35.75808611111111,139.3172075,5,3,0,0,0,0
1,30,882,198,2,0,1,30000,0,218,2022,5,23,6,20,12,4,31,18,45,2,2,1,14,7,0,0,0,0,2,9,1,70,5,3,1,65,45,3,61,31,0,1,0,1,0,11,0,2,0,80,0,4,0,2,0,2,0,4,2,35.73581055555556,139.33808583333334,2,3,9999,0,9,0
1,30,883,195,2,0,2,30000,0,201,2022,4,22,15,20,12,5,0,18,20,1,1,1,1,7,9,22,0,0,12,7,30,70,5,1,1,55,55,3,61,31,0,1,0,1,0,11,0,2,0,30,0,3,0,2,0,2,0,2,2,35.678642499999995,139.34277277777778,6,3,9999,0,9,0
1,30,883,206,2,0,1,30000,0,201,2022,5,9,10,15,12,4,41,18,34,2,1,1,1,7,9,22,0,0,12,9,30,70,4,2,1,1,75,51,61,41,0,0,0,0,0,0,0,0,0,40,0,4,0,0,0,0,0,4,2,35.66291,139.3142038888889,2,3,0,0,0,0
1,30,883,234,2,0,1,30000,0,201,2022,3,25,14,45,12,5,38,17,57,1,2,1,14,7,0,0,0,0,1,9,1,70,5,3,1,75,75,4,61,31,0,1,0,1,0,11,0,1,0,40,0,4,0,2,0,2,0,4,2,35.673741666666665,139.31597222222223,6,3,234,0,9,0
1,30,884,329,2,0,1,30000,0,209,2022,5,9,17,0,12,4,41,18,34,3,1,2,14,7,0,0,0,0,2,9,1,70,5,3,1,35,45,13,61,31,0,11,0,1,0,11,0,2,0,80,0,3,0,2,0,2,0,4,2,35.55242166666666,139.44823888888888,2,3,9999,0,1,0
1,30,884,334,2,0,1,30560,0,209,2022,5,10,19,25,21,4,40,18,35,1,1,1,14,7,0,0,0,0,2,9,1,70,4,1,1,55,75,3,61,31,0,1,0,1,0,11,0,3,0,80,0,3,0,2,0,2,0,4,2,35.56761416666667,139.41801388888888,3,3,9999,0,9,0
1,30,884,344,2,0,1,99000,0,209,2022,5,17,19,30,21,4,35,18,41,2,1,2,0,7,0,0,0,0,0,0,20,70,0,2,1,45,75,3,61,31,0,1,0,1,0,11,0,10,0,10,0,3,0,2,0,2,0,4,2,35.52482277777778,139.45990083333334,3,3,9999,0,1,0
1,30,884,346,2,0,1,30000,0,209,2022,5,18,17,16,12,4,34,18,41,1,2,1,14,7,0,0,0,0,4,9,1,70,4,2,1,35,1,3,61,31,0,1,0,1,0,11,0,3,0,10,0,3,0,2,0,2,0,4,2,35.50909,139.4676838888889,4,3,9999,0,1,0
1,30,884,348,2,0,1,99000,0,209,2022,5,19,9,45,12,4,33,18,42,1,1,1,0,7,0,0,0,0,0,0,20,70,0,4,1,45,65,3,61,31,0,1,0,1,0,11,0,10,0,10,0,3,0,2,0,2,0,4,2,35.58492305555556,139.43465083333334,5,3,9999,0,3,0