資料区分,都道府県コード,警察署等コード,本票番号,事故内容,死者数,負傷者数,路線コード,地点コード,市区町村コード,発生日時　　年,発生日時　　月,発生日時　　日,発生日時　　時,発生日時　　分,昼夜,日の出時刻　　時,日の出時刻　　分,日の入り時刻　　時,日の入り時刻　　分,天候,地形,路面状態,道路形状,信号機,一時停止規制　標識（当事者A）,一時停止規制　表示（当事者A）,一時停止規制　標識（当事者B）,一時停止規制　表示（当事者B）,車道幅員,道路線形,衝突地点,ゾーン規制,中央分離帯施設等,歩車道区分,事故類型,年齢（当事者A）,年齢（当事者B）,当事者種別（当事者A）,当事者種別（当事者B）,用途別（当事者A）,用途別（当事者B）,車両形状等（当事者A）,車両形状等（当事者B）,オートマチック車（当事者A）,オートマチック車（当事者B）,サポカー（当事者A）,サポカー（当事者B）,速度規制（指定のみ）（当事者A）,速度規制（指定のみ）（当事者B）,車両の衝突部位（当事者A）,車両の衝突部位（当事者B）,車両の損壊程度（当事者A）,車両の損壊程度（当事者B）,エアバッグの装備（当事者A）,エアバッグの装備（当事者B）,サイドエアバッグの装備（当事者A）,サイドエアバッグの装備（当事者B）,人身損傷程度（当事者A）,人身損傷程度（当事者B）,lat,lon,曜日(発生年月日),祝日(発生年月日),認知機能検査経過日数（当事者A）,認知機能検査経過日数（当事者B）,運転練習の方法（当事者A）,運転練習の方法（当事者B）
1,30,884,350,2,0,1,10610,0,209,2022,5,19,7,15,12,4,33,18,42,1,1,1,14,7,0,0,0,0,5,9,1,70,4,2,1,45,0,61,0,0,0,0,0,0,0,0,0,0,0,0,0,0,0,0,0,0,0,2,0,35.584830555555556,139.4848147222222,5,3,0,0,0,0
1,30,884,352,2,0,1,30000,0,209,2022,5,20,8,30,12,4,33,18,43,1,2,1,1,7,9,22,0,0,15,9,30,70,4,2,1,55,1,1,61,1,0,1,0,1,0,11,0,3,0,10,0,3,0,2,0,2,0,4,2,35.55288083333333,139.47893472222222,6,3,9999,0,9,0
1,30,884,391,2,0,1,99000,0,209,2022,5,18,16,37,12,4,34,18,41,1,1,1,0,7,0,0,0,0,0,0,20,70,0,4,1,45,25,3,61,31,0,1,0,1,0,11,0,10,0,30,0,3,0,2,0,2,0,4,2,35.57625555555556,139.40855638888888,4,3,9999,0,1,0
1,30,884,392,2,0,1,95000,0,209,2022,3,23,14,17,12,5,41,17,55,2,2,1,14,7,0,0,0,0,4,9,1,70,4,2,1,45,75,4,61,31,0,1,0,1,0,11,0,3,0,0,0,4,0,2,0,2,0,4,2,35.52648833333333,139.4743325,4,3,9999,0,9,0
1,30,885,112,2,0,1,200,0,212,2022,5,11,7,50,12,4,40,18,36,1,3,1,14,7,0,0,0,0,1,9,1,70,5,2,1,25,1,51,61,41,0,0,0,0,0,0,0,0,0,40,0,3,0,0,0,0,0,4,2,35.670048055555554,139.41785083333332,4,3,0,0,0,0
1,30,886,164,2,0,1,30000,0,207,2022,5,13,17,15,12,4,38,18,37,3,1,2,1,1,9,22,0,0,16,9,30,70,4,2,1,65,1,51,61,41,0,0,0,0,0,0,0,0,0,10,0,3,0,0,0,0,0,4,2,35.705920000000006,139.35454888888887,6,3,0,0,0,0
1,30,887,224,2,0,1,10550,0,202,2022,5,5,20,55,22,4,45,18,31,1,1,1,1,1,9,22,0,0,16,9,30,70,4,1,1,1,55,3,61,31,0,1,0,1,0,11,0,4,0,50,0,3,0,2,0,2,0,4,2,35.68707916666666,139.41060944444445,5,1,9999,0,1,0
1,30,887,229,2,0,1,10540,0,202,2022,5,7,18,5,13,4,43,18,32,1,2,1,14,7,0,0,0,0,3,9,1,70,4,2,1,35,75,51,61,41,0,0,0,0,0,0,0,0,0,10,0,3,0,0,0,0,0,4,2,35.709341944444446,139.4218836111111,7,3,0,0,0,0
1,30,887,231,2,0,1,30000,0,202,2022,5,7,8,35,12,4,43,18,32,1,2,1,14,7,0,0,0,0,3,9,1,70,4,1,1,35,55,51,61,41,0,0,0,0,0,0,0,0,0,10,0,4,0,0,0,0,0,4,2,35.69857666666666,139.41200750000002,7,3,0,0,0,0
1,30,887,242,2,0,1,99000,0,215,2022,5,9,7,55,12,4,41,18,34,1,1,1,0,7,0,0,0,0,0,0,20,70,0,2,1,1,0,61,0,0,0,0,0,0,0,0,0,0,0,0,0,0,0,0,0,0,0,2,0,35.68536555555555,139.44041333333334,2,3,0,0,0,0
1,30,887,247,2,0,1,30000,0,215,2022,5,16,15,0,12,4,35,18,40,2,1,2,1,7,9,22,0,0,15,9,30,70,5,2,1,35,1,14,61,31,0,11,0,1,0,11,0,10,0,80,0,3,0,2,0,2,0,4,2,35.697556666666664,139.4376413888889,2,3,9999,0,5,0
1,30,887,268,2,0,1,30000,0,202,2022,5,26,8,50,12,4,29,18,47,1,2,1,1,7,9,22,0,0,11,9,30,70,5,2,1,45,25,3,61,31,0,1,0,1,0,11,0,2,0,40,0,3,0,2,0,2,0,4,2,35.693213611111105,139.41586083333334,5,3,9999,0,9,0
1,30,887,279,2,0,1,95000,0,202,2022,5,20,18,45,21,4,33,18,43,1,1,1,0,7,0,0,0,0,0,0,20,70,0,4,1,45,65,3,61,31,0,1,0,1,0,11,0,10,0,10,0,3,0,2,0,2,0,4,2,35.69116333333333,139.39724944444444,6,3,9999,0,1,0
1,30,888,85,2,0,2,30000,0,206,2022,5,6,10,45,12,4,44,18,32,1,1,1,1,1,9,22,0,0,15,9,30,70,4,2,1,75,1,14,61,31,0,11,0,1,0,11,0,3,0,10,0,3,0,2,0,2,0,4,2,35.66505027777777,139.44979472222224,6,3,624,0,9,0
1,30,888,91,2,0,1,30000,0,206,2022,5,14,16,45,12,4,37,18,38,2,1,1,14,7,0,0,0,0,2,9,1,70,4,2,1,45,1,3,61,31,0,1,0,1,0,11,0,3,0,20,0,3,0,2,0,2,0,4,2,35.655537777777774,139.4779002777778,7,3,9999,0,9,0
1,30,888,98,2,0,1,20890,0,206,2022,5,24,11,16,12,4,30,18,46,1,1,1,1,1,9,22,0,0,14,9,30,70,4,2,1,75,65,3,61,31,0,1,0,1,0,11,0,3,0,10,0,3,0,2,0,2,0,4,2,35.68494472222222,139.48873444444442,3,3,607,0,9,0
1,30,889,91,2,0,1,10750,0,210,2022,5,2,20,7,22,4,48,18,28,1,1,2,7,1,0,0,0,0,2,9,1,70,1,2,1,45,55,3,61,31,0,1,0,1,0,11,0,4,0,10,0,4,0,2,0,2,0,4,2,35.68946583333333,139.50103444444446,2,2,9999,0,1,0
1,30,889,96,2,0,1,95000,0,210,2022,5,9,19,50,22,4,41,18,34,3,1,2,0,7,0,0,0,0,0,0,20,70,0,4,1,35,55,3,61,31,0,1,0,1,0,11,0,10,0,10,0,3,0,2,0,2,0,4,2,35.70274277777778,139.49705916666665,2,3,9999,0,1,0
1,30,889,98,2,0,1,30000,0,210,2022,5,7,9,25,12,4,43,18,32,1,1,1,1,1,1,21,0,0,11,9,30,70,5,2,1,45,65,51,61,41,0,0,0,0,0,0,0,0,0,10,0,3,0,0,0,0,0,4,2,35.7001775,139.5300952777778,7,3,0,0,0,0
1,30,889,100,2,0,1,20820,0,214,2022,5,14,19,25,21,4,37,18,38,1,1,1,14,7,0,0,0,0,1,7,1,70,4,3,1,25,55,51,61,41,0,0,0,0,0,0,0,0,0,0,0,4,0,0,0,0,0,4,2,35.69855722222222,139.48324055555557,7,3,0,0,0,0
1,30,889,101,2,0,1,30000,0,210,2022,4,15,2,55,22,5,9,18,14,3,1,2,14,7,0,0,0,0,2,9,1,70,5,2,1,55,65,36,61,31,0,0,0,0,0,11,0,10,0,10,0,3,0,0,0,0,0,4,2,35.697715555555554,139.51661805555557,6,3,9999,0,9,0
1,30,889,102,2,0,1,30000,0,210,2022,5,22,18,55,21,4,31,18,44,2,1,1,14,7,0,0,0,0,2,9,1,70,5,2,1,1,25,35,61,31,0,0,0,0,0,11,0,3,0,10,0,4,0,0,0,0,0,4,2,35.70149666666667,139.51932222222223,1,3,9999,0,1,0
1,30,889,103,2,0,1,10260,0,214,2022,5,22,20,18,22,4,31,18,44,3,1,2,1,1,9,22,0,0,14,9,30,70,4,1,1,35,55,3,61,31,0,1,0,1,0,11,0,3,0,10,0,3,0,2,0,2,0,4,2,35.71686277777778,139.4584711111111,1,3,9999,0,1,0
1,30,889,111,2,0,1,30000,0,214,2022,5,30,8,10,12,4,27,18,50,1,1,1,1,2,9,22,0,0,11,3,30,70,5,1,1,1,1,51,61,41,0,0,0,0,0,0,0,0,0,0,0,4,0,0,0,0,0,4,2,35.70817027777778,139.44551583333333,2,3,0,0,0,0
1,30,890,126,2,0,1,10250,0,229,2022,5,8,14,20,12,4,42,18,33,1,1,1,1,1,9,22,0,0,12,9,30,70,4,2,1,55,45,34,61,31,0,0,0,0,0,11,0,4,0,24,0,3,0,0,0,0,0,4,2,35.73189694444444,139.54068166666667,1,3,9999,0,9,0
1,30,890,127,2,0,1,30000,0,229,2022,4,11,14,30,12,5,14,18,11,1,1,1,14,7,0,0,0,0,2,9,1,70,5,3,1,65,1,51,61,41,0,0,0,0,0,0,0,0,0,10,0,4,0,0,0,0,0,4,2,35.720705833333334,139.53910472222222,2,3,0,0,0,0
1,30,890,128,2,0,1,30000,0,229,2022,5,9,7,30,12,4,41,18,34,1,1,1,1,7,9,22,0,0,11,9,30,1,5,4,1,75,35,3,61,31,0,1,0,1,0,11,0,5,0,40,0,3,0,2,0,2,0,4,2,35.74595361111111,139.54817527777777,2,3,263,0,9,0
1,30,890,129,2,0,1,10320,0,229,2022,5,14,13,3,12,4,37,18,38,1,1,1,14,7,0,0,0,0,2,9,1,70,5,3,1,55,45,51,61,41,0,0,0,0,0,0,0,0,0,10,0,3,0,0,0,0,0,4,2,35.72876388888889,139.55156472222222,7,3,0,0,0,0
1,30,890,130,2,0,2,30000,0,222,2022,5,17,20,33,22,4,35,18,41,2,1,1,14,7,0,0,0,0,4,9,1,70,4,2,1,65,75,36,61,31,0,0,0,0,0,11,0,2,0,10,0,3,0,0,0,0,0,2,2,35.764363055555556,139.54081305555556,3,3,9999,0,9,0
1,30,890,136,2,0,1,30000,0,229,2022,4,26,12,45,12,4,55,18,23,2,1,1,1,1,9,22,0,0,15,9,30,70,4,1,1,75,75,3,61,31,0,1,0,1,0,11,0,3,0,50,0,4,0,2,0,2,0,4,2,35.746519722222224,139.549495,3,3,195,0,9,0
1,30,890,143,2,0,1,30000,0,222,2022,5,21,12,55,12,4,32,18,44,3,1,2,1,1,9,22,0,0,14,9,30,70,4,2,1,55,1,3,61,31,0,1,0,1,0,11,0,1,0,50,0,3,0,2,0,2,0,4,2,35.75431888888889,139.49681944444444,7,3,9999,0,9,0
1,30,891,125,2,0,1,10500,0,213,2022,4,22,15,28,12,5,0,18,20,1,1,1,1,1,9,22,0,0,19,9,30,70,5,1,1,45,75,17,61,31,0,11,0,1,0,11,0,3,0,10,0,3,0,2,0,2,0,4,2,35.75233055555555,139.4669147222222,6,3,9999,0,5,0
1,30,891,129,2,0,1,30000,0,213,2022,5,4,10,5,12,4,46,18,30,1,1,1,1,7,1,21,0,0,12,9,30,70,5,3,1,25,75,3,61,31,0,1,0,1,0,11,0,2,0,50,0,4,0,2,0,2,0,4,2,35.747775555555556,139.4743102777778,4,1,9999,0,1,0
1,30,891,130,2,0,1,30000,0,213,2022,5,4,11,45,12,4,46,18,30,1,1,1,14,7,0,0,0,0,2,9,1,70,4,2,1,55,75,3,61,31,0,1,0,1,0,11,0,3,0,10,0,3,0,2,0,2,0,4,2,35.77866083333333,139.47878527777777,4,1,9999,0,1,0
1,30,891,152,2,0,1,30000,0,213,2022,5,23,6,20,12,4,31,18,45,1,1,1,13,7,0,0,0,0,3,1,1,70,5,4,1,25,75,13,61,31,0,11,0,1,0,11,0,10,0,10,0,3,0,2,0,2,0,4,2,35.751240277777775,139.45624166666664,2,3,9999,0,5,0
1,30,891,153,2,0,1,30620,0,221,2022,5,24,10,26,12,4,30,18,46,1,1,1,1,1,1,21,0,0,11,9,30,70,4,3,1,75,75,3,61,31,0,1,0,1,0,11,0,3,0,10,0,3,0,2,0,2,0,4,2,35.78631277777777,139.5205302777778,3,3,566,0,9,0
1,30,891,161,2,0,1,95000,0,213,2022,5,30,20,13,22,4,27,18,50,2,1,1,14,7,0,0,0,0,1,9,1,70,5,4,1,35,55,51,61,41,0,0,0,0,0,0,0,0,0,10,0,3,0,0,0,0,0,4,2,35.749923611111114,139.456715,2,3,0,0,0,0
1,30,891,163,2,0,1,30000,0,213,2022,5,21,12,15,12,4,32,18,44,2,2,1,14,7,0,0,0,0,3,9,1,70,5,3,1,65,35,3,61,31,0,1,0,1,0,11,0,2,0,40,0,4,0,2,0,2,0,4,2,35.776311666666665,139.48815305555553,7,3,9999,0,1,0
1,30,892,127,2,0,1,30000,0,203,2022,4,26,21,50,22,4,55,18,23,2,1,1,1,7,9,22,0,0,15,9,30,70,4,2,1,65,55,3,61,1,0,1,0,1,0,11,0,2,0,40,0,3,0,2,0,2,0,4,2,35.70289416666667,139.54335777777777,3,3,9999,0,9,0
1,30,892,132,2,0,1,10260,0,203,2022,5,8,17,0,12,4,42,18,33,2,1,1,14,7,0,0,0,0,2,9,1,70,5,2,1,55,1,3,61,31,0,1,0,1,0,11,0,10,0,10,0,3,0,2,0,2,0,4,2,35.71264638888889,139.5638211111111,1,3,9999,0,9,0
1,30,892,134,2,0,1,30000,0,203,2022,5,9,10,52,12,4,41,18,34,2,1,1,14,7,0,0,0,0,4,9,1,70,5,3,1,55,75,1,61,1,0,1,0,2,0,11,0,2,0,30,0,3,0,2,0,2,0,4,2,35.703270833333335,139.5609327777778,2,3,9999,0,9,0
1,30,892,144,2,0,1,20230,0,203,2022,5,21,23,10,22,4,32,18,44,3,1,2,14,1,0,0,0,0,3,9,1,70,4,2,1,55,25,3,61,1,0,1,0,1,0,11,0,3,0,10,0,3,0,2,0,2,0,4,2,35.700293333333335,139.57247388888888,7,3,9999,0,9,0
1,30,892,145,2,0,1,30000,0,203,2022,4,28,11,43,12,4,53,18,25,1,1,1,14,7,0,0,0,0,3,9,1,70,4,2,1,65,0,61,0,0,0,0,0,0,0,0,0,0,0,0,0,0,0,0,0,0,0,2,0,35.70471222222223,139.54335277777778,5,2,0,0,0,0
1,30,892,148,2,0,1,30000,0,203,2022,5,25,18,58,21,4,30,18,47,1,1,1,1,7,9,22,0,0,11,9,30,70,5,3,1,25,1,51,61,41,0,0,0,0,0,0,0,0,0,40,0,3,0,0,0,0,0,4,2,35.705331944444445,139.57261833333334,4,3,0,0,0,0
1,30,892,151,2,0,1,30000,0,203,2022,5,31,11,0,12,4,27,18,51,2,1,1,14,7,0,0,0,0,4,9,1,70,4,2,1,1,35,51,61,41,0,0,0,0,0,0,0,0,0,10,0,3,0,0,0,0,0,4,2,35.70505722222222,139.58027694444445,3,3,0,0,0,0
1,30,892,153,2,0,1,95000,0,203,2022,5,21,17,45,13,4,32,18,44,2,1,1,14,7,0,0,0,0,3,9,1,70,5,2,1,55,55,51,61,41,0,0,0,0,0,0,0,0,0,40,0,4,0,0,0,0,0,4,2,35.703408888888895,139.57799055555554,7,3,0,0,0,0
1,30,893,124,2,0,1,20230,0,204,2022,5,4,0,3,22,4,46,18,30,1,1,1,1,1,9,22,0,0,11,9,30,70,4,2,1,1,35,3,61,31,0,1,0,1,0,11,0,3,0,10,0,3,0,2,0,2,0,4,2,35.693844999999996,139.569705,4,1,9999,0,1,0
1,30,893,129,2,0,1,20910,0,204,2022,3,28,13,39,12,5,34,17,59,1,1,1,14,7,0,0,0,0,4,8,1,70,4,2,1,45,45,1,61,1,0,1,0,1,0,11,0,3,0,70,0,4,0,2,0,2,0,4,2,35.67160111111111,139.53856583333334,2,3,9999,0,9,0
1,30,893,133,2,0,1,30000,0,204,2022,3,21,11,13,12,5,44,17,53,1,1,1,1,7,0,0,0,0,12,9,30,70,4,2,1,75,0,61,0,0,0,0,0,0,0,0,0,0,0,0,0,0,0,0,0,0,0,2,0,35.66514861111111,139.58199055555556,2,1,0,0,0,0
1,30,893,135,2,0,1,20880,0,204,2022,1,7,20,0,22,6,51,16,44,1,1,1,14,7,0,0,0,0,3,9,1,70,4,2,1,55,55,3,61,1,0,1,0,1,0,11,0,3,0,20,0,4,0,2,0,2,0,4,2,35.688624999999995,139.57713083333334,6,3,9999,0,9,0
1,30,893,136,2,0,1,30000,0,204,2022,5,18,15,45,12,4,34,18,41,1,1,1,14,7,0,0,0,0,1,9,1,70,5,4,1,25,55,14,61,1,0,11,0,1,0,11,0,10,0,30,0,3,0,2,0,2,0,4,2,35.70301305555556,139.55911722222223,4,3,9999,0,1,0
1,30,894,188,2,0,1,30000,0,208,2022,5,3,16,20,12,4,47,18,29,1,1,1,14,7,0,0,0,0,1,9,1,70,5,4,1,35,75,51,61,41,0,0,0,0,0,0,0,0,0,10,0,3,0,0,0,0,0,4,2,35.63612472222222,139.56014805555557,3,1,0,0,0,0
1,30,894,203,2,0,1,99000,0,208,2022,5,14,13,33,12,4,37,18,38,1,1,1,0,7,0,0,0,0,0,0,20,70,0,4,1,35,75,13,61,31,0,11,0,1,0,11,0,2,0,20,0,3,0,2,0,2,0,4,2,35.658832777777775,139.56643250000002,7,3,9999,0,5,0
1,30,894,219,2,0,1,21230,0,208,2022,5,9,18,5,13,4,41,18,34,3,1,2,1,1,9,22,0,0,12,9,30,70,4,2,1,65,55,3,61,31,0,1,0,1,0,11,0,3,0,10,0,3,0,2,0,2,0,4,2,35.66197972222222,139.58687916666668,2,3,9999,0,9,0
1,30,894,220,2,0,1,30000,0,208,2022,5,26,15,50,12,4,29,18,47,2,1,1,1,7,0,0,0,0,11,9,30,70,5,4,1,1,0,61,0,0,0,0,0,0,0,0,0,0,0,0,0,0,0,0,0,0,0,2,0,35.67655527777777,139.55212055555558,5,3,0,0,0,0
1,30,894,233,2,0,1,30000,0,208,2022,4,9,14,47,12,5,17,18,9,1,1,1,14,7,0,0,0,0,2,9,1,70,5,4,1,45,35,3,61,31,0,1,0,1,0,11,0,1,0,40,0,4,0,2,0,2,0,4,2,35.65469722222222,139.567435,7,3,9999,0,9,0
1,30,894,237,2,0,2,30000,0,219,2022,5,2,19,15,21,4,48,18,28,1,1,1,14,7,0,0,0,0,1,9,1,70,5,4,1,35,45,51,61,41,0,0,0,0,0,0,0,0,0,40,0,3,0,0,0,0,0,2,2,35.624271666666665,139.57466222222223,2,2,0,0,0,0
1,30,895,67,2,0,1,10240,0,211,2022,5,8,16,55,12,4,42,18,33,1,1,1,1,7,1,21,0,0,13,9,30,70,5,2,1,55,55,3,61,31,0,1,0,1,0,11,0,2,0,10,0,3,0,2,0,2,0,4,2,35.730318611111116,139.47021083333334,1,3,9999,0,9,0
1,30,899,10,2,0,1,30000,0,401,2022,5,9,19,5,21,4,41,18,34,2,1,1,14,7,0,0,0,0,3,8,1,70,4,3,1,35,65,3,61,31,0,1,0,1,0,11,0,3,0,10,0,3,0,2,0,2,0,4,2,33.120178333333335,139.79693194444445,2,3,9999,0,5,0
1,30,69,234,2,0,1,42620,0,212,2022,6,9,9,50,12,4,25,18,56,2,2,1,14,7,0,0,0,0,3,9,20,70,1,4,1,45,45,17,61,31,0,11,0,1,0,11,0,8,0,30,0,4,0,2,0,2,0,4,2,35.680278333333334,139.38288166666666,5,3,9999,0,9,0
1,30,100,78,2,0,1,200,45,101,2022,4,22,12,15,12,5,0,18,20,1,1,1,7,7,0,0,0,0,2,9,1,70,5,2,1,45,0,61,0,0,0,0,0,0,0,0,0,0,0,0,0,0,0,0,0,0,0,2,0,35.68427277777777,139.74214944444444,6,3,0,0,0,0
1,30,100,90,2,0,1,30000,0,101,2022,6,16,15,45,12,4,25,18,59,1,1,1,14,7,0,0,0,0,2,9,1,70,5,3,1,35,1,51,61,41,0,0,0,0,0,0,0,0,0,10,0,4,0,0,0,0,0,4,2,35.68932722222222,139.73860333333332,5,3,0,0,0,0
1,30,101,60,2,0,1,99000,0,101,2022,6,7,16,24,12,4,25,18,55,2,1,2,0,7,0,0,0,0,0,0,20,70,0,1,1,45,55,51,61,41,0,0,0,0,0,0,0,0,0,40,0,3,0,0,0,0,0,4,2,35.67550083333333,139.75529055555555,3,3,0,0,0,0
1,30,101,62,2,0,2,10110,0,101,2022,6,18,14,20,12,4,25,18,59,2,1,1,14,7,0,0,0,0,6,9,1,70,1,2,1,25,45,52,61,41,0,0,0,0,0,0,0,0,0,10,0,4,0,0,0,0,0,2,2,35.68107777777777,139.7584488888889,7,3,0,0,0,0
1,30,101,68,2,0,1,30000,0,101,2022,6,29,19,15,21,4,28,19,1,1,1,1,14,7,0,0,0,0,2,9,1,70,5,3,1,55,65,3,61,31,0,1,0,1,0,11,0,2,0,50,0,3,0,2,0,2,0,4,2,35.67312138888889,139.76067472222223,4,3,9999,0,9,0
1,30,102,51,2,0,1,30000,0,101,2022,6,10,15,0,12,4,25,18,56,2,1,1,14,7,0,0,0,0,3,9,1,1,5,2,1,35,75,51,61,41,0,0,0,0,0,0,0,0,0,10,0,4,0,0,0,0,0,4,2,35.69649472222222,139.76013,6,3,0,0,0,0
1,30,102,52,2,0,1,10050,0,101,2022,6,6,21,5,22,4,25,18,54,3,1,2,1,1,9,22,0,0,16,9,30,70,1,1,1,35,35,51,61,41,0,0,0,0,0,0,0,0,0,10,0,3,0,0,0,0,0,4,2,35.69563833333333,139.76103194444445,2,3,0,0,0,0
1,30,102,53,2,0,1,30000,0,101,2022,6,13,15,15,12,4,25,18,58,1,1,1,14,7,0,0,0,0,1,9,1,70,5,2,1,25,45,51,61,41,0,0,0,0,0,0,0,0,0,10,0,3,0,0,0,0,0,4,2,35.69802222222222,139.7589497222222,2,3,0,0,0,0
1,30,102,55,2,0,1,95000,0,101,2022,5,21,21,53,22,4,32,18,44,3,1,2,1,1,9,22,0,0,16,9,30,70,4,1,1,55,25,3,61,1,0,1,0,1,0,11,0,3,0,10,0,4,0,2,0,2,0,4,2,35.70020805555556,139.75296555555556,7,3,9999,0,9,0
1,30,102,56,2,0,1,10050,0,101,2022,6,22,0,55,22,4,26,19,0,3,1,2,1,1,9,22,0,0,19,9,30,70,1,2,1,65,45,3,61,1,0,1,0,1,0,11,0,1,0,50,0,4,0,2,0,2,0,4,2,35.69471027777777,139.76554583333333,4,3,9999,0,9,0
1,30,103,61,2,0,1,30000,0,101,2022,6,20,9,40,12,4,25,19,0,1,1,1,14,7,0,0,0,0,4,9,1,70,4,1,1,65,55,3,61,31,0,1,0,1,0,11,0,3,0,40,0,4,0,2,0,2,0,4,2,35.699595555555554,139.76697111111113,2,3,9999,0,9,0
1,30,103,63,2,0,1,30000,0,101,2022,5,22,19,40,21,4,31,18,44,1,1,1,1,7,9,22,0,0,15,9,30,70,4,2,1,45,25,17,61,1,0,11,0,1,0,11,0,3,0,40,0,4,0,2,0,2,0,4,2,35.69971083333333,139.7705102777778,1,3,9999,0,9,0
1,30,103,64,2,0,1,40,18,101,2022,6,28,0,39,22,4,28,19,1,1,1,1,1,1,9,22,0,0,18,9,30,70,1,1,1,65,25,4,61,31,0,1,0,1,0,11,0,5,0,10,0,3,0,2,0,2,0,4,2,35.69938277777777,139.7756302777778,3,3,9999,0,9,0
1,30,103,65,2,0,1,20080,0,101,2022,6,28,14,58,12,4,28,19,1,1,1,1,14,7,0,0,0,0,6,9,1,70,4,2,1,55,1,51,61,41,0,0,0,0,0,0,0,0,0,10,0,4,0,0,0,0,0,4,2,35.69911083333333,139.7689002777778,3,3,0,0,0,0
1,30,103,67,2,0,1,30000,0,101,2022,6,28,18,54,13,4,28,19,1,1,1,1,14,7,0,0,0,0,1,9,1,70,5,2,1,75,45,3,61,1,0,1,0,1,0,11,0,5,0,10,0,3,0,2,0,2,0,4,2,35.69101722222222,139.7704566666667,3,3,9999,0,9,0
1,30,103,69,2,0,1,10050,0,101,2022,5,28,8,45,12,4,28,18,49,1,1,1,1,1,9,22,0,0,18,9,30,70,1,2,1,25,25,51,61,41,0,0,0,0,0,0,0,0,0,40,0,3,0,0,0,0,0,4,2,35.69509833333333,139.7824691666667,7,3,0,0,0,0
1,30,104,116,2,0,1,30000,0,102,2022,6,17,15,32,12,4,25,18,59,1,1,1,14,7,0,0,0,0,2,9,1,70,5,1,1,1,0,61,0,0,0,0,0,0,0,0,0,0,0,0,0,0,0,0,0,0,0,2,0,35.67662444444444,139.78228055555556,6,3,0,0,0,0
1,30,104,117,2,0,1,30000,0,102,2022,6,20,18,0,13,4,25,19,0,1,1,1,14,7,0,0,0,0,4,9,1,70,4,2,1,65,65,3,61,1,0,1,0,1,0,11,0,4,0,10,0,3,0,2,0,2,0,4,2,35.68024305555555,139.77792222222223,2,3,9999,0,9,0
1,30,104,118,2,0,1,10030,0,102,2022,6,20,5,25,12,4,25,19,0,1,1,1,12,7,0,0,0,0,5,9,1,70,1,2,1,55,45,4,61,31,0,1,0,1,0,11,0,5,0,40,0,3,0,2,0,2,0,4,2,35.68465361111111,139.77705444444445,2,3,9999,0,9,0
1,30,104,121,2,0,1,30000,0,102,2022,6,24,9,20,12,4,26,19,1,2,1,1,14,7,0,0,0,0,2,9,1,70,5,2,1,45,45,3,61,31,0,1,0,1,0,11,0,2,0,20,0,3,0,2,0,2,0,4,2,35.67807944444444,139.7726291666667,6,3,9999,0,1,0
1,30,104,122,2,0,1,10040,0,102,2022,5,25,9,25,12,4,30,18,47,1,1,1,14,7,0,0,0,0,6,9,1,70,1,2,1,25,45,51,61,41,0,0,0,0,0,0,0,0,0,10,0,3,0,0,0,0,0,4,2,35.678095,139.78363444444443,4,3,0,0,0,0
1,30,104,127,2,0,1,10030,0,102,2022,6,24,22,10,22,4,26,19,1,1,1,1,14,7,0,0,0,0,1,9,1,70,5,2,1,35,75,51,61,41,0,0,0,0,0,0,0,0,0,10,0,3,0,0,0,0,0,4,2,35.67695055555555,139.77256277777778,6,3,0,0,0,0
1,30,105,43,2,0,1,30000,0,102,2022,6,30,8,5,12,4,28,19,1,1,1,1,1,7,1,21,0,0,14,9,30,70,5,2,1,55,45,3,61,31,0,1,0,1,0,11,0,1,0,10,0,3,0,2,0,2,0,4,2,35.690578888888886,139.7825338888889,5,3,9999,0,5,0
1,30,106,71,2,0,1,30000,0,102,2022,6,1,13,54,12,4,27,18,51,1,1,1,1,7,1,21,0,0,12,9,30,70,5,2,1,25,45,14,61,31,0,11,0,1,0,11,0,10,0,10,0,3,0,2,0,2,0,4,2,35.66816,139.76671472222225,4,3,9999,0,1,0
1,30,106,76,2,0,1,30000,0,102,2022,6,8,17,45,12,4,25,18,55,1,1,1,14,7,0,0,0,0,3,9,1,70,5,2,1,1,65,51,61,41,0,0,0,0,0,0,0,0,0,10,0,3,0,0,0,0,0,4,2,35.67478388888889,139.76618305555556,4,3,0,0,0,0
1,30,106,79,2,0,1,30000,0,102,2022,6,18,18,55,13,4,25,18,59,3,1,2,1,7,1,21,0,0,12,9,30,70,5,2,1,65,75,3,61,1,0,1,0,1,0,11,0,10,0,10,0,4,0,2,0,2,0,4,2,35.67299666666666,139.77104,7,3,9999,0,9,0
1,30,106,84,2,0,1,30000,0,102,2022,6,30,12,25,12,4,28,19,1,1,1,1,14,7,0,0,0,0,3,9,1,70,5,3,1,55,25,3,61,1,0,1,0,1,0,11,0,2,0,10,0,3,0,2,0,2,0,4,2,35.670137777777775,139.76124333333334,5,3,9999,0,9,0
1,30,106,85,2,0,1,10060,0,102,2022,5,25,18,35,13,4,30,18,47,1,1,1,14,7,0,0,0,0,5,9,1,70,5,1,1,55,45,51,61,41,0,0,0,0,0,0,0,0,0,10,0,4,0,0,0,0,0,4,2,35.6633925,139.76375194444444,4,3,0,0,0,0
1,30,107,46,2,0,1,30000,0,102,2022,6,1,14,55,12,4,27,18,51,1,1,1,14,7,0,0,0,0,2,9,1,70,5,2,1,1,35,51,61,41,0,0,0,0,0,0,0,0,0,10,0,3,0,0,0,0,0,4,2,35.66186083333333,139.78251,4,3,0,0,0,0