資料区分,都道府県コード,警察署等コード,本票番号,事故内容,死者数,負傷者数,路線コード,地点コード,市区町村コード,発生日時　　年,発生日時　　月,発生日時　　日,発生日時　　時,発生日時　　分,昼夜,日の出時刻　　時,日の出時刻　　分,日の入り時刻　　時,日の入り時刻　　分,天候,地形,路面状態,道路形状,信号機,一時停止規制　標識（当事者A）,一時停止規制　表示（当事者A）,一時停止規制　標識（当事者B）,一時停止規制　表示（当事者B）,車道幅員,道路線形,衝突地点,ゾーン規制,中央分離帯施設等,歩車道区分,事故類型,年齢（当事者A）,年齢（当事者B）,当事者種別（当事者A）,当事者種別（当事者B）,用途別（当事者A）,用途別（当事者B）,車両形状等（当事者A）,車両形状等（当事者B）,オートマチック車（当事者A）,オートマチック車（当事者B）,サポカー（当事者A）,サポカー（当事者B）,速度規制（指定のみ）（当事者A）,速度規制（指定のみ）（当事者B）,車両の衝突部位（当事者A）,車両の衝突部位（当事者B）,車両の損壊程度（当事者A）,車両の損壊程度（当事者B）,エアバッグの装備（当事者A）,エアバッグの装備（当事者B）,サイドエアバッグの装備（当事者A）,サイドエアバッグの装備（当事者B）,人身損傷程度（当事者A）,人身損傷程度（当事者B）,lat,lon,曜日(発生年月日),祝日(発生年月日),認知機能検査経過日数（当事者A）,認知機能検査経過日数（当事者B）,運転練習の方法（当事者A）,運転練習の方法（当事者B）
1,30,107,55,2,0,1,30000,0,102,2022,6,26,10,12,12,4,27,19,1,1,1,1,1,1,9,22,0,0,15,9,30,70,4,2,1,35,25,3,61,31,0,1,0,1,0,11,0,3,0,10,0,3,0,2,0,2,0,4,2,35.66174111111111,139.78333444444445,1,3,9999,0,1,0
1,30,108,93,2,0,1,20090,0,103,2022,3,26,10,8,12,5,36,17,58,1,1,2,1,1,9,22,0,0,19,9,30,70,1,2,1,1,1,3,61,31,0,1,0,1,0,11,0,2,0,20,0,4,0,2,0,2,0,4,2,35.66676638888889,139.7602036111111,7,3,9999,0,1,0
1,30,108,97,2,0,1,30000,0,103,2022,6,4,16,27,12,4,26,18,53,1,1,1,14,7,0,0,0,0,2,9,1,70,5,4,1,65,45,3,61,1,0,1,0,1,0,11,0,5,0,80,0,3,0,2,0,2,0,4,2,35.66556416666666,139.75572111111111,7,3,9999,0,9,0
1,30,108,101,2,0,1,30000,0,103,2022,6,13,14,50,12,4,25,18,58,1,1,1,14,7,0,0,0,0,4,9,1,70,1,1,1,55,45,51,61,41,0,0,0,0,0,0,0,0,0,20,0,4,0,0,0,0,0,4,2,35.66772777777778,139.7484872222222,2,3,0,0,0,0
1,30,108,106,2,0,1,20090,0,103,2022,6,11,15,22,12,4,25,18,57,1,1,1,1,1,9,22,0,0,17,9,30,70,4,2,1,45,55,1,61,1,0,1,0,1,0,11,0,5,0,0,0,4,0,2,0,2,0,4,2,35.66816138888888,139.75640277777777,7,3,9999,0,9,0
1,30,109,77,2,0,1,10,68,103,2022,6,11,8,7,12,4,25,18,57,2,1,1,14,7,0,0,0,0,5,9,1,70,1,2,1,25,55,51,61,41,0,0,0,0,0,0,0,0,0,10,0,3,0,0,0,0,0,4,2,35.64783083333333,139.7412161111111,7,3,0,0,0,0
1,30,109,78,2,0,1,30000,0,103,2022,4,12,12,15,12,5,13,18,12,1,1,1,1,1,9,22,0,0,17,9,30,70,1,2,1,25,75,51,61,41,0,0,0,0,0,0,0,0,0,10,0,4,0,0,0,0,0,4,2,35.64748194444444,139.74883722222222,3,3,0,0,0,0
1,30,110,60,2,0,1,30000,0,103,2022,5,14,9,0,12,4,37,18,38,3,1,2,1,7,1,21,0,0,15,9,30,70,5,3,1,45,35,13,61,31,0,11,0,1,0,11,0,10,0,10,0,3,0,2,0,2,0,4,2,35.646817222222225,139.73154472222222,7,3,9999,0,5,0
1,30,110,65,2,0,1,30100,0,103,2022,5,28,15,0,12,4,28,18,49,1,1,1,14,7,0,0,0,0,3,9,1,70,4,2,1,1,1,51,61,41,0,0,0,0,0,0,0,0,0,20,0,4,0,0,0,0,0,4,2,35.63597194444444,139.73318944444443,7,3,0,0,0,0
1,30,111,127,2,0,1,30000,0,103,2022,6,3,15,45,12,4,26,18,53,2,1,1,1,7,9,22,0,0,11,9,30,70,5,3,1,65,1,13,61,1,0,11,0,1,0,11,0,10,0,10,0,3,0,2,0,2,0,4,2,35.65304027777778,139.73503416666665,6,3,9999,0,9,0
1,30,111,130,2,0,1,20140,0,103,2022,6,6,19,22,21,4,25,18,54,3,1,2,1,7,1,21,0,0,16,7,30,1,1,2,1,35,25,3,61,31,0,1,0,1,0,11,0,2,0,10,0,3,0,2,0,2,0,4,2,35.65796833333333,139.73620777777776,2,3,9999,0,5,0
1,30,111,134,2,0,1,30000,0,103,2022,6,9,20,15,22,4,25,18,56,1,1,1,14,7,0,0,0,0,1,9,1,70,5,3,1,65,35,3,61,1,0,1,0,1,0,11,0,5,0,10,0,4,0,2,0,2,0,4,2,35.6601875,139.72254305555555,5,3,9999,0,9,0
1,30,111,137,2,0,1,10090,0,103,2022,6,13,20,3,22,4,25,18,58,1,1,1,14,7,0,0,0,0,2,9,1,70,1,2,1,75,0,61,0,0,0,0,0,0,0,0,0,0,0,0,0,0,0,0,0,0,0,2,0,35.647284722222224,139.7295225,2,3,0,0,0,0
1,30,111,138,2,0,2,10,57,103,2022,6,16,8,30,12,4,25,18,59,2,1,1,1,1,9,22,0,0,16,9,30,70,1,2,1,35,65,51,61,41,0,0,0,0,0,0,0,0,0,10,0,3,0,0,0,0,0,2,2,35.65746138888889,139.7438675,5,3,0,0,0,0
1,30,111,145,2,0,1,30000,0,103,2022,6,22,17,15,12,4,26,19,0,2,1,1,14,7,0,0,0,0,2,8,1,70,5,3,1,65,1,3,61,1,0,1,0,1,0,11,0,5,0,80,0,3,0,2,0,2,0,4,2,35.65551333333333,139.73088305555555,4,3,9999,0,9,0
1,30,111,152,2,0,1,30000,0,103,2022,6,22,9,45,12,4,26,19,0,2,1,1,14,7,0,0,0,0,1,8,1,70,5,4,1,55,35,3,61,31,0,1,0,1,0,11,0,5,0,20,0,3,0,2,0,2,0,4,2,35.65873138888889,139.74239555555553,4,3,9999,0,4,0
1,30,112,97,2,0,1,30000,0,103,2022,6,6,21,35,22,4,25,18,54,3,1,2,1,7,1,21,0,0,14,9,30,70,4,2,1,35,45,3,61,31,0,1,0,1,0,11,0,3,0,40,0,4,0,2,0,2,0,4,2,35.67108138888889,139.71677916666667,2,3,9999,0,5,0
1,30,112,99,2,0,1,30000,0,103,2022,6,10,13,40,12,4,25,18,56,2,1,1,14,7,0,0,0,0,2,9,1,70,4,2,1,45,55,3,61,31,0,1,0,2,0,11,0,3,0,30,0,4,0,2,0,2,0,4,2,35.65993888888889,139.7177,6,3,9999,0,1,0
1,30,112,100,2,0,1,30000,0,103,2022,6,13,14,36,12,4,25,18,58,1,1,1,1,1,9,22,0,0,14,9,30,70,4,1,1,55,1,3,61,1,0,1,0,1,0,11,0,2,0,40,0,3,0,2,0,2,0,4,2,35.670183333333334,139.7335236111111,2,3,9999,0,1,0
1,30,113,159,2,0,1,99000,0,108,2022,5,31,12,26,12,4,27,18,51,2,1,1,0,7,0,0,0,0,0,0,20,70,0,2,1,55,25,13,61,31,0,11,0,1,0,11,0,1,0,30,0,4,0,2,0,2,0,4,2,35.64044861111111,139.79432944444443,3,3,9999,0,9,0
1,30,113,174,2,0,1,95000,0,108,2022,6,16,18,5,13,4,25,18,59,1,1,1,1,7,9,22,0,0,15,9,30,70,4,2,1,35,1,2,61,31,0,1,0,1,0,11,0,3,0,18,0,4,0,2,0,2,0,4,2,35.640212777777776,139.79118666666668,5,3,9999,0,5,0
1,30,113,186,2,0,1,30000,0,108,2022,6,30,17,0,12,4,28,19,1,1,1,1,14,7,0,0,0,0,1,9,1,70,4,1,1,1,0,61,0,0,0,0,0,0,0,0,0,0,0,0,0,0,0,0,0,0,0,2,0,35.64809666666667,139.8043713888889,5,3,0,0,0,0
1,30,215,58,2,0,1,30000,0,109,2022,6,9,7,20,12,4,25,18,56,3,1,2,7,7,0,0,0,0,2,8,1,70,5,2,1,55,1,35,61,31,0,0,0,0,0,11,0,5,0,20,0,3,0,0,0,0,0,4,2,35.62045138888889,139.73723944444444,5,3,9999,0,9,0
1,30,215,59,2,0,1,10070,0,109,2022,6,8,9,5,12,4,25,18,55,2,1,1,14,7,0,0,0,0,6,9,1,70,1,1,1,35,55,51,61,41,0,0,0,0,0,0,0,0,0,40,0,3,0,0,0,0,0,4,2,35.62325666666667,139.7498675,4,3,0,0,0,0
1,30,215,73,2,0,1,10160,0,109,2022,6,3,15,47,12,4,26,18,53,1,1,1,14,7,0,0,0,0,5,9,1,70,4,1,1,35,1,51,61,41,0,0,0,0,0,0,0,0,0,10,0,4,0,0,0,0,0,4,2,35.616748055555554,139.73551444444442,6,3,0,0,0,0
1,30,216,94,2,0,1,10070,0,109,2022,6,3,17,30,12,4,26,18,53,2,1,2,14,7,0,0,0,0,5,9,1,70,1,1,1,25,1,51,61,41,0,0,0,0,0,0,0,0,0,10,0,3,0,0,0,0,0,4,2,35.59762277777778,139.74274888888888,6,3,0,0,0,0
1,30,216,97,2,0,1,30000,0,109,2022,6,6,15,55,12,4,25,18,54,3,1,2,14,7,0,0,0,0,2,9,1,70,5,2,1,35,1,35,61,31,0,0,0,0,0,11,0,3,0,20,0,3,0,0,0,0,0,4,2,35.59788777777778,139.71744611111112,2,3,9999,0,5,0
1,30,216,99,2,0,1,30000,0,109,2022,6,9,7,50,12,4,25,18,56,2,1,1,1,7,9,22,0,0,11,9,30,70,4,3,1,65,55,36,61,31,0,0,0,0,0,11,0,2,0,10,0,3,0,0,0,0,0,4,2,35.59911777777778,139.72951277777779,5,3,9999,0,9,0
1,30,216,102,2,0,1,30000,0,109,2022,6,11,20,14,22,4,25,18,57,3,1,2,1,7,1,21,0,0,12,9,30,70,4,2,1,45,65,3,61,31,0,1,0,1,0,11,0,2,0,10,0,3,0,2,0,2,0,4,2,35.595423611111116,139.73361083333333,7,3,9999,0,9,0
1,30,216,110,2,0,1,30000,0,109,2022,6,28,7,52,12,4,28,19,1,1,1,1,13,7,0,0,0,0,2,6,1,70,4,3,1,65,45,3,61,31,0,1,0,1,0,11,0,2,0,40,0,3,0,2,0,2,0,4,2,35.5966175,139.72228166666667,3,3,9999,0,9,0
1,30,217,89,2,0,1,30000,0,109,2022,6,3,0,55,22,4,26,18,53,1,1,1,1,7,1,21,0,0,15,9,30,70,5,2,1,65,25,3,61,31,0,1,0,1,0,11,0,10,0,40,0,4,0,2,0,2,0,4,2,35.62741444444445,139.72581416666668,6,3,9999,0,9,0
1,30,217,90,2,0,1,10160,0,109,2022,6,6,14,15,12,4,25,18,54,3,1,2,7,1,0,0,0,0,5,9,1,70,1,2,1,65,45,3,61,1,0,1,0,1,0,11,0,5,0,10,0,3,0,2,0,2,0,4,2,35.6267425,139.7151297222222,2,3,9999,0,9,0
1,30,217,91,2,0,1,30000,0,109,2022,6,9,9,50,12,4,25,18,56,2,1,1,14,7,0,0,0,0,2,9,1,70,5,2,1,25,45,51,61,41,0,0,0,0,0,0,0,0,0,10,0,4,0,0,0,0,0,2,4,35.62726333333333,139.7230252777778,5,3,0,0,0,0
1,30,217,95,2,0,1,30000,0,109,2022,6,20,19,44,21,4,25,19,0,1,1,1,14,7,0,0,0,0,2,8,1,70,5,3,1,1,1,51,61,41,0,0,0,0,0,0,0,0,0,10,0,3,0,0,0,0,0,4,2,35.631433055555554,139.7162111111111,2,3,0,0,0,0
1,30,217,98,2,0,1,10160,0,109,2022,5,28,0,41,22,4,28,18,49,1,1,1,1,1,9,22,0,0,18,9,30,70,1,1,1,45,25,3,61,31,0,1,0,1,0,11,0,2,0,10,0,3,0,2,0,2,0,4,2,35.61928555555556,139.72923916666667,7,3,9999,0,5,0
1,30,217,99,2,0,1,30000,0,109,2022,6,24,18,30,13,4,26,19,1,1,1,1,1,7,9,22,0,0,12,9,30,70,5,3,1,55,45,1,61,1,0,1,0,1,0,11,0,2,0,0,0,4,0,2,0,2,0,4,2,35.624966388888886,139.7099558333333,6,3,9999,0,9,0
1,30,218,121,2,0,1,30000,0,109,2022,4,19,7,45,12,5,4,18,17,1,1,1,14,7,0,0,0,0,2,9,1,70,5,3,1,75,75,3,61,31,0,1,0,1,0,11,0,2,0,20,0,4,0,2,0,2,0,4,2,35.61214916666667,139.7114475,3,3,235,0,9,0
1,30,218,124,2,0,1,30000,0,109,2022,5,6,17,55,13,4,44,18,32,1,1,1,14,7,0,0,0,0,3,9,1,70,5,3,1,45,1,13,61,1,0,11,0,1,0,11,0,2,0,10,0,3,0,2,0,2,0,4,2,35.62078972222222,139.70688055555556,6,3,9999,0,1,0
1,30,218,131,2,0,1,30000,0,109,2022,5,26,19,40,21,4,29,18,47,2,1,1,14,7,0,0,0,0,2,9,1,70,5,3,1,55,35,35,61,31,0,0,0,0,0,11,0,2,0,40,0,4,0,0,0,0,0,4,2,35.61594,139.7134586111111,5,3,9999,0,9,0
1,30,218,138,2,0,1,30130,0,109,2022,6,10,19,55,21,4,25,18,56,1,1,1,1,7,9,22,0,0,11,9,30,70,5,3,1,35,55,51,61,41,0,0,0,0,0,0,0,0,0,10,0,4,0,0,0,0,0,4,2,35.60351444444444,139.70741027777777,6,3,0,0,0,0
1,30,218,150,2,0,1,20190,0,109,2022,6,27,18,34,13,4,27,19,1,1,1,1,1,1,9,22,0,0,19,9,30,70,5,2,1,45,25,34,61,31,0,0,0,0,0,11,0,3,0,10,0,3,0,0,0,0,0,4,2,35.619680833333334,139.7031747222222,2,3,9999,0,1,0
1,30,219,180,2,0,1,30000,0,111,2022,6,1,8,25,12,4,27,18,51,1,1,1,1,7,1,21,0,0,11,9,30,70,5,3,1,25,25,51,61,41,0,0,0,0,0,0,0,0,0,10,0,3,0,0,0,0,0,4,2,35.58412138888889,139.7294286111111,4,3,0,0,0,0
1,30,219,191,2,0,1,30000,0,111,2022,6,7,17,5,12,4,25,18,55,3,1,2,14,7,0,0,0,0,1,9,1,70,5,1,1,25,45,51,61,41,0,0,0,0,0,0,0,0,0,10,0,4,0,0,0,0,0,4,2,35.582328888888895,139.74586,3,3,0,0,0,0
1,30,219,193,2,0,1,30000,0,111,2022,6,10,7,25,12,4,25,18,56,1,1,1,1,7,0,0,0,0,11,9,30,70,5,3,1,35,0,61,0,0,0,0,0,0,0,0,0,0,0,0,0,0,0,0,0,0,0,2,0,35.57779638888889,139.72804555555555,6,3,0,0,0,0
1,30,219,198,2,0,1,30000,0,111,2022,6,8,16,20,12,4,25,18,55,1,1,1,1,7,1,21,0,0,11,9,30,70,5,3,1,1,1,3,61,31,0,1,0,1,0,11,0,1,0,20,0,3,0,2,0,2,0,4,2,35.57933111111112,139.7311263888889,4,3,9999,0,1,0
1,30,219,199,2,0,1,30000,0,111,2022,6,16,15,35,12,4,25,18,59,1,1,1,14,7,0,0,0,0,1,9,1,70,5,4,1,55,1,4,61,31,0,1,0,1,0,11,0,1,0,20,0,3,0,2,0,2,0,4,2,35.58860027777778,139.723195,5,3,9999,0,9,0
1,30,219,201,2,0,1,10130,0,111,2022,5,18,8,50,12,4,34,18,41,1,1,1,14,7,0,0,0,0,5,9,1,70,1,1,1,75,35,51,61,41,0,0,0,0,0,0,0,0,0,10,0,3,0,0,0,0,0,4,2,35.579217500000006,139.7393808333333,4,3,0,0,0,0
1,30,219,203,2,0,1,30000,0,111,2022,6,20,10,50,12,4,25,19,0,1,1,1,7,7,0,0,0,0,4,9,1,70,5,1,1,55,65,51,61,41,0,0,0,0,0,0,0,0,0,10,0,4,0,0,0,0,0,4,2,35.588321666666666,139.72856861111111,2,3,0,0,0,0
1,30,219,214,2,0,1,20180,0,111,2022,6,26,17,31,12,4,27,19,1,1,1,1,1,7,9,22,0,0,15,8,30,70,5,2,1,35,45,51,61,41,0,0,0,0,0,0,0,0,0,10,0,4,0,0,0,0,0,4,2,35.58695388888889,139.72659277777777,1,3,0,0,0,0
1,30,220,102,2,0,1,30000,0,111,2022,6,9,16,16,12,4,25,18,56,1,1,1,1,7,9,22,0,0,11,9,30,1,5,4,1,35,1,3,61,31,0,1,0,1,0,11,0,10,0,10,0,4,0,2,0,2,0,4,2,35.5940025,139.67143305555555,5,3,9999,0,1,0
1,30,220,104,2,0,1,10170,0,111,2022,4,30,9,56,12,4,50,18,27,1,1,1,1,1,9,22,0,0,14,9,30,70,3,2,1,45,65,14,61,31,0,11,0,1,0,11,0,2,0,50,0,4,0,2,0,2,0,4,2,35.59679055555556,139.68285527777778,7,3,9999,0,1,0
1,30,220,113,2,0,1,30000,0,110,2022,6,22,18,10,13,4,26,19,0,2,1,1,14,7,0,0,0,0,1,9,1,70,5,3,1,45,35,3,61,31,0,1,0,1,0,11,0,2,0,40,0,4,0,2,0,2,0,4,2,35.608219444444444,139.68478083333335,4,3,9999,0,1,0
1,30,220,115,2,0,1,30000,0,111,2022,6,14,16,40,12,4,25,18,58,1,1,1,14,7,0,0,0,0,2,9,1,70,5,3,1,1,55,51,61,41,0,0,0,0,0,0,0,0,0,10,0,3,0,0,0,0,0,4,2,35.58670055555556,139.69640916666668,3,3,0,0,0,0
1,30,221,173,2,0,1,95000,0,111,2022,6,15,8,0,12,4,25,18,58,3,1,2,1,7,9,21,0,0,11,9,30,70,5,3,1,25,1,51,61,41,0,0,0,0,0,0,0,0,0,40,0,3,0,0,0,0,0,4,2,35.55865111111111,139.72553444444443,4,3,0,0,0,0
1,30,222,142,2,0,1,20180,0,111,2022,6,2,14,39,12,4,26,18,52,1,1,1,1,1,9,22,0,0,12,9,30,70,5,2,1,55,55,3,61,31,0,1,0,1,0,11,0,2,0,10,0,3,0,2,0,2,0,4,2,35.57552972222223,139.71197027777777,5,3,9999,0,9,0
1,30,222,149,2,0,1,95000,0,111,2022,6,10,18,15,13,4,25,18,56,1,1,1,1,7,9,22,0,0,11,9,20,70,5,4,1,1,1,51,61,41,0,0,0,0,0,0,0,0,0,10,0,3,0,0,0,0,0,4,2,35.56816305555556,139.67802722222223,6,3,0,0,0,0
1,30,222,154,2,0,1,30000,0,111,2022,6,14,11,17,12,4,25,18,58,2,1,1,14,7,0,0,0,0,2,9,1,70,4,2,1,65,75,51,61,41,0,0,0,0,0,0,0,0,0,40,0,4,0,0,0,0,0,4,2,35.56339805555555,139.69532111111113,3,3,0,0,0,0
1,30,222,169,2,0,1,30000,0,111,2022,6,24,11,30,12,4,26,19,1,1,1,1,7,7,0,0,0,0,3,9,1,1,5,3,1,65,75,4,61,31,0,1,0,1,0,11,0,2,0,10,0,4,0,2,0,2,0,4,2,35.56697777777778,139.69247361111113,6,3,9999,0,9,0
1,30,325,103,2,0,1,30740,0,112,2021,12,24,14,9,12,6,48,16,33,1,1,1,7,7,0,0,0,0,3,9,1,70,4,2,1,65,45,51,61,41,0,0,0,0,0,0,0,0,0,10,0,4,0,0,0,0,0,4,2,35.64706888888889,139.6693938888889,6,3,0,0,0,0
1,30,325,116,2,0,1,10210,0,112,2022,5,30,19,9,21,4,27,18,50,1,1,1,7,1,0,0,0,0,5,9,1,70,4,2,1,1,55,51,61,41,0,0,0,0,0,0,0,0,0,10,0,3,0,0,0,0,0,4,2,35.64344833333333,139.66988027777776,2,3,0,0,0,0
1,30,325,122,2,0,1,10210,0,112,2022,6,2,6,38,12,4,26,18,52,1,1,1,1,7,1,21,0,0,11,9,30,70,5,2,1,55,55,11,61,31,0,11,0,2,0,11,0,3,0,14,0,4,0,2,0,2,0,4,2,35.638015555555555,139.62405305555555,5,3,9999,0,9,0
1,30,325,124,2,0,1,30740,0,112,2022,6,2,17,0,12,4,26,18,52,1,1,1,1,1,9,22,0,0,18,9,30,70,4,2,1,35,55,51,61,41,0,0,0,0,0,0,0,0,0,20,0,4,0,0,0,0,0,4,2,35.643769999999996,139.67098583333333,5,3,0,0,0,0
1,30,326,182,2,0,1,30000,0,112,2022,6,1,14,20,12,4,27,18,51,1,1,1,1,7,9,22,0,0,11,9,30,70,5,2,1,55,1,13,61,31,0,11,0,1,0,11,0,2,0,80,0,4,0,2,0,2,0,4,2,35.65109805555556,139.65476750000002,4,3,9999,0,9,0
1,30,326,194,2,0,1,30000,0,112,2022,6,16,8,10,12,4,25,18,59,2,1,1,14,7,0,0,0,0,2,9,1,70,5,3,1,1,35,51,61,41,0,0,0,0,0,0,0,0,0,40,0,4,0,0,0,0,0,4,2,35.67149138888889,139.66160638888888,5,3,0,0,0,0
1,30,326,205,2,0,1,30000,0,112,2022,6,25,12,20,12,4,26,19,1,1,1,1,1,7,9,22,0,0,11,9,30,70,5,4,1,55,35,3,61,31,0,1,0,1,0,11,0,2,0,40,0,3,0,2,0,2,0,4,2,35.65738527777778,139.66430055555557,7,3,9999,0,9,0
1,30,327,203,2,0,1,30190,0,112,2022,5,18,7,50,12,4,34,18,41,1,1,1,1,7,9,22,0,0,12,9,30,70,4,2,1,35,55,1,61,1,0,1,0,2,0,11,0,3,0,50,0,4,0,2,0,2,0,4,2,35.62906944444445,139.6347722222222,4,3,9999,0,9,0
1,30,327,222,2,0,1,30000,0,112,2022,6,18,11,25,12,4,25,18,59,2,1,1,1,7,9,22,0,0,13,9,30,70,1,2,1,1,35,51,61,41,0,0,0,0,0,0,0,0,0,10,0,4,0,0,0,0,0,4,2,35.61303222222222,139.659905,7,3,0,0,0,0
1,30,327,224,2,0,1,30000,0,112,2022,6,18,18,15,13,4,25,18,59,3,1,2,14,7,0,0,0,0,3,9,1,70,5,3,1,1,75,3,61,31,0,1,0,1,0,11,0,2,0,10,0,4,0,2,0,2,0,4,2,35.618676666666666,139.62622000000002,7,3,9999,0,5,0
1,30,327,234,2,0,1,10190,0,112,2022,6,1,19,15,21,4,27,18,51,2,1,1,14,7,0,0,0,0,3,9,1,70,4,4,1,65,35,14,61,31,0,11,0,1,0,11,0,3,0,40,0,4,0,2,0,2,0,4,2,35.61282944444444,139.62489055555557,4,3,9999,0,9,0
1,30,327,235,2,0,1,2460,119,112,2022,6,29,3,5,22,4,28,19,1,1,1,1,1,1,9,22,0,0,15,9,30,70,1,1,1,35,35,14,61,31,0,11,0,1,0,11,0,5,0,20,0,3,0,2,0,1,0,4,2,35.62430638888889,139.63808055555555,4,3,9999,0,1,0
1,30,328,238,2,0,1,30000,0,112,2022,6,2,10,40,12,4,26,18,52,1,1,1,1,7,9,22,0,0,11,9,30,70,5,4,1,25,75,51,61,41,0,0,0,0,0,0,0,0,0,10,0,2,0,0,0,0,0,4,2,35.66692861111111,139.63238694444445,5,3,0,0,0,0
1,30,328,242,2,0,1,10210,0,112,2022,6,6,12,32,12,4,25,18,54,3,1,2,1,3,9,22,0,0,14,9,30,70,4,2,1,35,25,14,61,31,0,11,0,1,0,11,0,3,0,10,0,3,0,2,0,2,0,4,2,35.634122777777776,139.59676555555558,2,3,9999,0,5,0
1,30,328,247,2,0,1,30000,0,112,2022,6,11,7,44,12,4,25,18,57,2,1,1,1,7,9,22,0,0,12,9,30,1,5,3,1,25,1,17,61,31,0,11,0,1,0,11,0,2,0,10,0,3,0,2,0,2,0,4,2,35.63019,139.5973302777778,7,3,9999,0,1,0
1,30,328,252,2,0,1,30000,0,112,2022,6,13,23,6,22,4,25,18,58,2,1,1,1,7,9,22,0,0,14,9,30,70,5,2,1,55,45,3,61,31,0,1,0,1,0,11,0,2,0,10,0,3,0,2,0,2,0,4,2,35.64883805555556,139.59351722222223,2,3,9999,0,9,0
1,30,328,254,2,0,1,10200,0,112,2022,6,8,23,6,22,4,25,18,55,3,1,1,14,7,0,0,0,0,5,9,1,70,1,2,1,35,1,13,61,31,0,11,0,1,0,11,0,5,0,40,0,3,0,2,0,2,0,4,2,35.64465361111111,139.618225,4,3,9999,0,1,0
1,30,328,256,2,0,1,30000,0,112,2022,6,15,13,38,12,4,25,18,58,2,1,1,7,7,0,0,0,0,3,9,1,70,4,1,1,65,1,3,61,31,0,1,0,1,0,11,0,3,0,10,0,3,0,2,0,2,0,4,2,35.67704444444444,139.59150305555556,4,3,9999,0,9,0
1,30,328,261,2,0,1,30000,0,112,2022,6,24,16,10,12,4,26,19,1,1,1,1,1,7,9,22,0,0,12,9,30,70,5,3,1,1,75,51,61,41,0,0,0,0,0,0,0,0,0,10,0,3,0,0,0,0,0,4,2,35.61876083333333,139.60866527777776,6,3,0,0,0,0
1,30,328,265,2,0,1,30000,0,112,2022,6,26,13,45,12,4,27,19,1,1,1,1,7,7,0,0,0,0,3,9,1,1,4,3,1,1,75,51,61,41,0,0,0,0,0,0,0,0,0,10,0,3,0,0,0,0,0,4,2,35.671521388888884,139.60025944444445,1,3,0,0,0,0
1,30,328,266,2,0,1,10190,0,112,2022,6,10,11,57,12,4,25,18,56,1,1,1,7,7,0,0,0,0,1,9,1,70,5,2,1,25,45,51,61,41,0,0,0,0,0,0,0,0,0,20,0,4,0,0,0,0,0,4,2,35.61898194444444,139.61699777777778,6,3,0,0,0,0
1,30,328,267,2,0,1,30000,0,112,2022,6,26,20,30,22,4,27,19,1,2,1,1,7,7,0,0,0,0,3,9,1,1,4,3,1,1,55,51,61,41,0,0,0,0,0,0,0,0,0,10,0,3,0,0,0,0,0,4,2,35.671011944444444,139.6003922222222,1,3,0,0,0,0
1,30,328,269,2,0,1,30000,0,112,2022,6,20,12,20,12,4,25,19,0,1,1,1,14,7,0,0,0,0,3,9,1,70,5,2,1,65,35,3,61,31,0,1,0,1,0,11,0,2,0,20,0,3,0,2,0,2,0,4,2,35.63677083333333,139.58832166666667,2,3,9999,0,9,0
1,30,328,277,2,0,1,30000,0,112,2022,5,20,9,0,12,4,33,18,43,2,1,1,14,7,0,0,0,0,2,9,1,70,4,1,1,1,1,51,61,41,0,0,0,0,0,0,0,0,0,10,0,3,0,0,0,0,0,4,2,35.619371944444445,139.61629083333332,6,3,0,0,0,0
1,30,328,279,2,0,1,10210,0,112,2022,6,26,8,25,12,4,27,19,1,1,1,1,1,1,9,22,0,0,14,9,30,70,4,2,1,45,55,3,61,31,0,1,0,1,0,11,0,4,0,10,0,3,0,2,0,2,0,4,2,35.634075277777775,139.59174861111111,1,3,9999,0,9,0
1,30,329,123,1,1,0,20240,0,110,2022,6,20,1,18,22,4,25,19,0,1,1,1,14,7,0,0,0,0,5,8,1,70,1,2,1,45,1,3,61,1,0,1,0,1,0,11,0,5,0,10,0,3,0,2,0,2,0,4,1,35.64467555555556,139.70146166666666,2,3,9999,0,1,0
1,30,329,125,2,0,1,30000,0,110,2022,6,6,15,25,12,4,25,18,54,3,1,2,14,7,0,0,0,0,2,9,1,70,5,3,1,25,35,14,61,1,0,11,0,1,0,11,0,10,0,10,0,4,0,2,0,2,0,4,2,35.63726638888889,139.69101,2,3,9999,0,1,0
1,30,329,134,2,0,1,30000,0,110,2022,6,16,17,57,12,4,25,18,59,1,1,1,14,7,0,0,0,0,2,9,1,70,5,3,1,65,45,3,61,31,0,1,0,1,0,11,0,3,0,10,0,3,0,2,0,2,0,4,2,35.639761944444444,139.69377194444445,5,3,9999,0,9,0
1,30,329,148,2,0,1,2460,64,110,2022,6,13,19,35,21,4,25,18,58,2,1,1,1,1,9,22,0,0,19,9,30,70,1,1,1,25,75,51,61,41,0,0,0,0,0,0,0,0,0,10,0,3,0,0,0,0,0,4,2,35.65175472222222,139.68637611111112,2,3,0,0,0,0
1,30,329,149,2,0,1,30000,0,110,2022,6,29,8,25,12,4,28,19,1,1,1,1,14,7,0,0,0,0,2,9,1,70,5,1,1,35,75,51,61,41,0,0,0,0,0,0,0,0,0,10,0,3,0,0,0,0,0,4,2,35.66013916666667,139.6799511111111,4,3,0,0,0,0
1,30,330,167,2,0,1,30000,0,110,2022,6,17,17,42,12,4,25,18,59,1,1,1,1,7,9,22,0,0,11,9,30,70,4,3,1,75,1,3,61,31,0,1,0,1,0,11,0,2,0,10,0,3,0,2,0,2,0,4,2,35.60960666666667,139.6639688888889,6,3,213,0,9,0