資料区分,都道府県コード,警察署等コード,本票番号,事故内容,死者数,負傷者数,路線コード,地点コード,市区町村コード,発生日時　　年,発生日時　　月,発生日時　　日,発生日時　　時,発生日時　　分,昼夜,日の出時刻　　時,日の出時刻　　分,日の入り時刻　　時,日の入り時刻　　分,天候,地形,路面状態,道路形状,信号機,一時停止規制　標識（当事者A）,一時停止規制　表示（当事者A）,一時停止規制　標識（当事者B）,一時停止規制　表示（当事者B）,車道幅員,道路線形,衝突地点,ゾーン規制,中央分離帯施設等,歩車道区分,事故類型,年齢（当事者A）,年齢（当事者B）,当事者種別（当事者A）,当事者種別（当事者B）,用途別（当事者A）,用途別（当事者B）,車両形状等（当事者A）,車両形状等（当事者B）,オートマチック車（当事者A）,オートマチック車（当事者B）,サポカー（当事者A）,サポカー（当事者B）,速度規制（指定のみ）（当事者A）,速度規制（指定のみ）（当事者B）,車両の衝突部位（当事者A）,車両の衝突部位（当事者B）,車両の損壊程度（当事者A）,車両の損壊程度（当事者B）,エアバッグの装備（当事者A）,エアバッグの装備（当事者B）,サイドエアバッグの装備（当事者A）,サイドエアバッグの装備（当事者B）,人身損傷程度（当事者A）,人身損傷程度（当事者B）,lat,lon,曜日(発生年月日),祝日(発生年月日),認知機能検査経過日数（当事者A）,認知機能検査経過日数（当事者B）,運転練習の方法（当事者A）,運転練習の方法（当事者B）
1,30,330,180,2,0,1,30000,0,110,2022,6,29,8,23,12,4,28,19,1,1,1,1,7,7,0,0,0,0,1,9,1,70,5,3,1,45,35,3,61,1,0,1,0,1,0,11,0,1,0,10,0,3,0,2,0,2,0,4,2,35.61720722222222,139.69956666666667,4,3,9999,0,1,0
1,30,331,145,2,0,1,10090,0,113,2022,4,21,17,3,12,5,1,18,19,2,1,1,1,1,9,22,0,0,19,9,30,70,1,2,1,1,1,51,61,41,0,0,0,0,0,0,0,0,0,40,0,4,0,0,0,0,0,4,2,35.648158611111114,139.72054944444446,5,3,0,0,0,0
1,30,331,146,2,0,1,30000,0,113,2022,5,14,18,20,13,4,37,18,38,1,1,1,1,1,9,22,0,0,19,9,30,70,4,2,1,1,25,13,61,31,0,11,0,1,0,11,0,5,0,10,0,3,0,2,0,2,0,4,2,35.64917472222222,139.70805194444443,7,3,9999,0,1,0
1,30,331,151,2,0,1,10090,0,113,2022,6,9,2,10,22,4,25,18,56,2,1,1,7,1,0,0,0,0,2,9,1,70,4,2,1,65,25,3,61,1,0,1,0,1,0,11,0,4,0,10,0,3,0,2,0,2,0,4,2,35.648765555555556,139.71749333333332,5,3,9999,0,1,0
1,30,331,164,2,0,1,20120,0,113,2022,6,24,14,0,12,4,26,19,1,1,1,1,1,1,2,22,0,0,12,9,30,70,4,2,1,55,25,13,61,31,0,11,0,1,0,11,0,2,0,10,0,3,0,2,0,2,0,4,2,35.641645833333335,139.71916166666668,6,3,9999,0,5,0
1,30,332,62,2,0,1,30000,0,113,2022,6,10,17,20,12,4,25,18,56,1,1,1,14,7,0,0,0,0,3,9,1,70,4,3,1,45,25,3,61,31,0,1,0,1,0,11,0,2,0,20,0,3,0,2,0,2,0,4,2,35.683768888888885,139.70110694444443,6,3,9999,0,9,0
1,30,333,161,2,0,1,20330,0,113,2022,6,20,4,10,23,4,25,19,0,2,1,1,14,7,0,0,0,0,3,9,1,70,1,1,1,45,45,3,61,1,0,1,0,1,0,11,0,3,0,40,0,4,0,2,0,2,0,4,2,35.67995027777778,139.67706166666665,2,3,9999,0,9,0
1,30,333,162,2,0,1,30000,0,113,2022,6,20,15,25,12,4,25,19,0,2,1,1,14,7,0,0,0,0,2,9,1,70,5,3,1,55,35,3,61,31,0,1,0,1,0,11,0,10,0,80,0,3,0,2,0,2,0,4,2,35.67341611111111,139.67274527777778,2,3,9999,0,9,0
1,30,333,165,2,0,1,30000,0,113,2022,6,20,20,54,22,4,25,19,0,1,1,1,14,7,0,0,0,0,2,9,1,70,5,4,1,45,55,51,61,41,0,0,0,0,0,0,0,0,0,20,0,4,0,0,0,0,0,4,2,35.67492722222222,139.66808138888888,2,3,0,0,0,0
1,30,333,173,2,0,1,20270,0,113,2022,6,26,15,8,12,4,27,19,1,1,1,1,13,7,0,0,0,0,4,3,1,70,3,2,1,35,1,51,61,41,0,0,0,0,0,0,0,0,0,20,0,3,0,0,0,0,0,4,2,35.66601138888889,139.69365333333334,1,3,0,0,0,0
1,30,435,96,2,0,1,21280,0,104,2022,6,13,17,50,12,4,25,18,58,2,1,1,14,7,0,0,0,0,2,9,1,70,1,2,1,65,1,51,61,41,0,0,0,0,0,0,0,0,0,10,0,4,0,0,0,0,0,4,2,35.69556833333333,139.71603555555555,2,3,0,0,0,0
1,30,435,97,2,0,1,30000,0,104,2022,6,13,18,20,13,4,25,18,58,2,1,1,1,7,9,22,0,0,11,9,30,70,5,4,1,25,1,14,61,1,0,11,0,1,0,11,0,1,0,80,0,3,0,2,0,2,0,4,2,35.70528527777778,139.73246472222223,2,3,9999,0,1,0
1,30,435,98,2,0,1,10120,0,104,2022,6,14,8,50,12,4,25,18,58,2,1,1,1,8,9,22,0,0,18,9,30,70,5,1,1,25,75,51,61,41,0,0,0,0,0,0,0,0,0,40,0,4,0,0,0,0,0,4,2,35.695589722222216,139.72491,3,3,0,0,0,0
1,30,435,99,2,0,1,20290,0,104,2022,6,14,16,3,12,4,25,18,58,2,1,1,14,7,0,0,0,0,4,9,1,70,4,2,1,25,55,13,61,31,0,11,0,1,0,11,0,3,0,10,0,3,0,2,0,2,0,4,2,35.70276833333334,139.74341444444443,3,3,9999,0,1,0
1,30,435,105,2,0,1,30000,0,104,2022,6,23,18,5,13,4,26,19,1,2,1,1,1,1,9,22,0,0,14,9,30,70,5,1,1,1,1,51,61,41,0,0,0,0,0,0,0,0,0,10,0,3,0,0,0,0,0,4,2,35.69645833333333,139.722175,5,3,0,0,0,0
1,30,435,111,2,0,1,30000,0,104,2022,6,30,13,20,12,4,28,19,1,1,1,1,14,7,0,0,0,0,1,9,1,1,5,3,1,75,25,3,61,31,0,1,0,1,0,11,0,2,0,20,0,3,0,2,0,2,0,4,2,35.69985138888889,139.72818777777778,5,3,2,0,9,0
1,30,436,85,2,0,1,30000,0,104,2022,4,11,19,49,22,5,14,18,11,1,1,1,1,1,9,22,0,0,16,9,30,70,4,2,1,65,35,3,61,1,0,1,0,1,0,11,0,3,0,80,0,4,0,2,0,2,0,4,2,35.69491305555555,139.7042897222222,2,3,9999,0,9,0
1,30,436,87,2,0,1,30000,0,104,2022,4,16,18,30,21,5,7,18,15,1,1,1,14,7,0,0,0,0,2,9,1,70,5,3,1,25,65,3,61,31,0,1,0,1,0,11,0,10,0,20,0,4,0,2,0,2,0,4,2,35.68977833333333,139.68757527777777,7,3,9999,0,1,0
1,30,436,88,2,0,1,20300,0,104,2022,5,7,18,50,21,4,43,18,32,1,1,1,1,1,9,22,0,0,15,9,30,70,1,2,1,65,25,3,61,1,0,1,0,1,0,11,0,2,0,0,0,4,0,2,0,2,0,4,2,35.69819083333333,139.70253055555554,7,3,9999,0,9,0
1,30,436,95,2,0,1,95000,0,104,2022,2,25,18,39,22,6,16,17,32,1,1,1,1,1,9,22,0,0,19,9,30,70,1,2,1,25,1,3,61,31,0,1,0,1,0,11,0,4,0,40,0,4,0,2,0,2,0,4,2,35.688179999999996,139.69027472222223,6,3,9999,0,1,0
1,30,436,97,2,0,1,30000,0,104,2022,6,25,0,45,22,4,26,19,1,1,1,1,7,7,0,0,0,0,3,9,1,70,5,2,1,55,25,3,61,1,0,1,0,1,0,11,0,2,0,20,0,3,0,2,0,2,0,4,2,35.68973166666667,139.70193972222222,7,3,9999,0,9,0
1,30,436,99,2,0,1,10050,0,104,2022,6,21,3,20,22,4,25,19,0,1,1,1,14,7,0,0,0,0,5,9,1,70,1,1,1,75,45,3,61,1,0,1,0,1,0,11,0,4,0,30,0,4,0,2,0,2,0,4,2,35.69368305555555,139.7014697222222,3,3,666,0,9,0
1,30,436,100,2,0,2,10090,0,104,2022,6,11,17,20,12,4,25,18,57,2,1,1,14,7,0,0,0,0,4,9,1,1,5,3,1,1,55,51,61,41,0,0,0,0,0,0,0,0,0,10,0,4,0,0,0,0,0,2,2,35.702602500000005,139.70827055555554,7,3,0,0,0,0
1,30,437,73,2,0,1,10220,0,104,2022,4,14,22,5,22,5,10,18,13,3,1,1,1,1,9,22,0,0,11,9,30,70,4,2,1,55,55,3,61,1,0,1,0,1,0,11,0,1,0,30,0,4,0,2,0,2,0,4,2,35.71386638888889,139.70392527777776,5,3,9999,0,9,0
1,30,437,78,2,0,1,10010,0,104,2022,6,23,10,20,12,4,26,19,1,2,1,1,14,7,0,0,0,0,4,9,1,70,4,1,1,1,35,51,61,41,0,0,0,0,0,0,0,0,0,10,0,3,0,0,0,0,0,4,2,35.72269694444444,139.70409138888888,5,3,0,0,0,0
1,30,437,81,2,0,1,30000,0,104,2022,6,28,8,30,12,4,28,19,1,1,1,1,1,7,9,22,0,0,11,9,30,70,5,3,1,65,25,3,61,31,0,1,0,1,0,11,0,5,0,80,0,3,0,2,0,2,0,4,2,35.717465000000004,139.70511333333332,3,3,9999,0,1,0
1,30,438,102,2,0,1,10120,0,104,2022,6,11,0,47,22,4,25,18,57,1,1,1,1,1,9,22,0,0,14,9,30,70,4,2,1,65,1,3,61,1,0,1,0,1,0,11,0,4,0,80,0,3,0,2,0,2,0,4,2,35.68041833333333,139.71905944444444,7,3,9999,0,9,0
1,30,438,104,2,0,1,10050,0,104,2022,6,15,3,15,22,4,25,18,58,3,1,2,14,7,0,0,0,0,5,9,1,70,1,1,1,75,45,3,61,1,0,1,0,1,0,11,0,5,0,10,0,2,0,2,0,2,0,4,2,35.69266388888889,139.70507638888887,4,3,237,0,9,0
1,30,439,108,2,0,1,10240,0,114,2022,5,11,19,45,22,4,40,18,36,1,1,1,14,7,0,0,0,0,5,9,1,70,4,1,1,55,75,3,61,31,0,1,0,1,0,11,0,10,0,10,0,4,0,2,0,2,0,4,2,35.69772361111111,139.67517833333332,4,3,9999,0,9,0
1,30,439,109,2,0,1,30000,0,114,2022,5,17,11,50,12,4,35,18,41,1,1,1,14,7,0,0,0,0,2,9,1,1,5,3,1,75,35,3,61,31,0,1,0,1,0,11,0,1,0,20,0,3,0,2,0,2,0,4,2,35.698407499999995,139.66304027777778,3,3,235,0,9,0
1,30,439,120,2,0,1,30000,0,114,2022,6,4,21,55,22,4,26,18,53,1,1,1,14,7,0,0,0,0,4,9,1,70,4,1,1,45,45,3,61,1,0,1,0,1,0,11,0,3,0,30,0,4,0,2,0,2,0,4,2,35.69674277777777,139.6701386111111,7,3,9999,0,1,0
1,30,439,127,2,0,1,20280,0,114,2022,6,21,9,55,12,4,25,19,0,1,1,1,14,7,0,0,0,0,3,9,1,70,5,2,1,75,1,3,61,31,0,1,0,1,0,11,0,3,0,10,0,3,0,2,0,2,0,4,2,35.699016666666665,139.6845502777778,3,3,726,0,4,0
1,30,440,113,1,1,0,30000,0,114,2022,6,21,8,20,12,4,25,19,0,2,1,1,7,7,0,0,0,0,2,8,1,70,5,3,1,55,75,51,61,41,0,0,0,0,0,0,0,0,0,10,0,3,0,0,0,0,0,4,1,35.71747527777778,139.65777222222223,3,3,0,0,0,0
1,30,440,114,2,0,1,30000,0,114,2022,6,1,8,0,12,4,27,18,51,1,1,1,14,7,0,0,0,0,3,9,1,70,5,2,1,45,35,51,61,41,0,0,0,0,0,0,0,0,0,20,0,4,0,0,0,0,0,4,2,35.710285000000006,139.66027611111113,4,3,0,0,0,0
1,30,440,116,2,0,1,10220,0,114,2022,6,2,9,2,12,4,26,18,52,1,1,1,1,1,9,22,0,0,14,9,30,70,4,1,1,45,65,51,61,41,0,0,0,0,0,0,0,0,0,10,0,3,0,0,0,0,0,4,2,35.71169166666667,139.64286638888888,5,3,0,0,0,0
1,30,440,124,2,0,1,30000,0,114,2022,6,7,8,15,12,4,25,18,55,2,1,2,14,7,0,0,0,0,2,9,1,70,5,3,1,1,0,61,0,0,0,0,0,0,0,0,0,0,0,0,0,0,0,0,0,0,0,2,0,35.725052500000004,139.66656527777778,3,3,0,0,0,0
1,30,440,134,2,0,1,30000,0,114,2022,6,19,10,35,12,4,25,19,0,1,1,1,14,7,0,0,0,0,3,9,1,70,4,3,1,35,25,3,61,31,0,1,0,1,0,11,0,2,0,20,0,4,0,2,0,2,0,4,2,35.71629361111111,139.67175777777777,1,3,9999,0,1,0
1,30,441,116,2,0,1,10220,0,115,2022,5,24,10,30,12,4,30,18,46,1,1,1,1,7,9,22,0,0,11,9,30,70,4,2,1,1,45,51,61,41,0,0,0,0,0,0,0,0,0,20,0,3,0,0,0,0,0,4,2,35.71282805555556,139.6392672222222,3,3,0,0,0,0
1,30,441,117,2,0,1,30000,0,115,2022,6,9,7,49,12,4,25,18,56,2,1,1,1,7,9,22,0,0,11,9,30,70,5,4,1,35,1,3,61,31,0,1,0,1,0,11,0,10,0,80,0,3,0,2,0,2,0,4,2,35.698679444444444,139.63376416666665,5,3,9999,0,5,0
1,30,441,118,2,0,1,30000,0,115,2022,6,10,8,10,12,4,25,18,56,2,1,1,14,7,0,0,0,0,2,9,1,70,5,3,1,1,1,51,61,41,0,0,0,0,0,0,0,0,0,10,0,4,0,0,0,0,0,4,2,35.704077500000004,139.63308222222224,6,3,0,0,0,0
1,30,441,119,2,0,1,30000,0,115,2022,6,13,14,40,12,4,25,18,58,1,1,1,1,7,9,22,0,0,11,9,30,70,5,2,1,1,75,51,61,41,0,0,0,0,0,0,0,0,0,10,0,3,0,0,0,0,0,4,2,35.689521388888885,139.6535213888889,2,3,0,0,0,0
1,30,441,122,2,0,1,10130,0,115,2022,6,19,8,35,12,4,25,19,0,1,1,1,1,1,9,22,0,0,19,9,30,70,4,2,1,75,1,35,61,31,0,0,0,0,0,11,0,5,0,40,0,3,0,0,0,0,0,4,2,35.69826166666666,139.65455694444444,1,3,242,0,9,0
1,30,441,125,2,0,1,30000,0,115,2022,6,22,9,23,12,4,26,19,0,1,1,1,14,7,0,0,0,0,1,9,1,70,5,2,1,1,1,51,61,41,0,0,0,0,0,0,0,0,0,10,0,3,0,0,0,0,0,4,2,35.69732805555555,139.65191027777777,4,3,0,0,0,0
1,30,442,143,2,0,1,30000,0,115,2022,2,26,9,44,12,6,15,17,33,1,1,1,14,7,0,0,0,0,2,9,1,70,5,3,1,45,45,3,61,31,0,1,0,1,0,11,0,2,0,10,0,4,0,2,0,2,0,4,2,35.67157666666667,139.62542944444445,7,3,9999,0,1,0
1,30,442,149,2,0,1,20270,0,115,2022,6,7,18,15,13,4,25,18,55,3,1,2,1,1,9,22,0,0,19,9,30,70,4,2,1,65,55,3,61,31,0,1,0,1,0,11,0,5,0,40,0,4,0,2,0,2,0,4,2,35.68953305555555,139.613945,3,3,9999,0,9,0
1,30,442,151,2,0,1,20000,0,115,2022,5,17,15,13,12,4,35,18,41,3,1,2,14,7,0,0,0,0,3,9,1,70,4,3,1,45,65,3,61,31,0,1,0,1,0,11,0,2,0,40,0,4,0,2,0,2,0,4,2,35.67481333333333,139.64323944444445,3,3,9999,0,1,0
1,30,442,170,2,0,1,30000,0,115,2022,6,26,17,54,12,4,27,19,1,1,1,1,14,7,0,0,0,0,3,9,1,70,5,3,1,55,1,3,61,31,0,1,0,1,0,11,0,1,0,70,0,4,0,2,0,2,0,4,2,35.68371277777777,139.60737388888887,1,3,9999,0,9,0
1,30,545,46,2,0,1,95000,0,105,2022,6,4,18,50,13,4,26,18,53,1,1,1,1,1,9,22,0,0,15,9,30,70,4,2,1,35,75,51,61,41,0,0,0,0,0,0,0,0,0,20,0,4,0,0,0,0,0,4,2,35.719813611111114,139.75168638888888,7,3,0,0,0,0
1,30,545,47,2,0,1,30000,0,105,2022,6,20,11,10,12,4,25,19,0,1,1,3,14,7,0,0,0,0,1,9,1,70,5,4,1,1,75,51,61,41,0,0,0,0,0,0,0,0,0,30,0,4,0,0,0,0,0,4,2,35.70693416666667,139.74759805555553,2,3,0,0,0,0
1,30,545,53,2,0,1,95000,0,105,2022,5,18,19,36,21,4,34,18,41,1,1,1,1,1,9,22,0,0,12,9,30,70,4,2,1,55,45,51,61,41,0,0,0,0,0,0,0,0,0,40,0,4,0,0,0,0,0,4,2,35.72004916666667,139.7518175,4,3,0,0,0,0
1,30,546,40,2,0,1,30000,0,105,2022,6,15,18,40,13,4,25,18,58,1,1,1,14,7,0,0,0,0,2,7,1,70,4,2,1,35,1,3,61,31,0,1,0,1,0,11,0,3,0,20,0,3,0,2,0,2,0,4,2,35.718737222222224,139.7345461111111,4,3,9999,0,1,0
1,30,547,56,2,0,1,95000,0,105,2022,4,21,13,20,12,5,1,18,19,2,1,1,14,7,0,0,0,0,1,9,20,70,5,4,1,25,35,52,61,41,0,0,0,0,0,0,0,0,0,10,0,4,0,0,0,0,0,4,2,35.711555000000004,139.7650036111111,5,3,0,0,0,0
1,30,547,58,2,0,1,170,41,105,2022,6,15,17,45,12,4,25,18,58,2,1,1,1,1,9,22,0,0,14,9,30,70,4,1,1,45,1,13,61,31,0,11,0,1,0,11,0,3,0,80,0,3,0,2,0,2,0,4,2,35.71599027777778,139.75843416666666,4,3,9999,0,1,0
1,30,547,64,2,0,1,20390,0,105,2022,6,26,15,15,12,4,27,19,1,1,1,1,14,7,0,0,0,0,3,8,1,70,1,2,1,45,55,3,61,31,0,1,0,1,0,11,0,4,0,40,0,4,0,2,0,2,0,4,2,35.708376666666666,139.76911222222225,1,3,9999,0,5,0
1,30,548,45,2,0,1,20370,0,105,2022,6,2,19,45,21,4,26,18,52,1,1,5,1,7,9,22,0,0,13,9,30,70,5,2,1,55,55,4,61,31,0,1,0,1,0,11,0,3,0,10,0,4,0,2,0,2,0,4,2,35.722186111111114,139.76217666666668,5,3,9999,0,9,0
1,30,548,46,2,0,1,30000,0,105,2022,6,5,10,18,12,4,25,18,54,1,1,1,14,7,0,0,0,0,1,9,1,70,5,3,1,35,65,3,61,31,0,1,0,1,0,11,0,10,0,20,0,3,0,2,0,2,0,4,2,35.72397472222222,139.7534125,1,3,9999,0,5,0
1,30,550,86,2,0,1,30000,0,116,2022,5,25,9,40,12,4,30,18,47,1,1,1,14,7,0,0,0,0,3,9,1,70,4,4,1,65,65,51,61,41,0,0,0,0,0,0,0,0,0,10,0,3,0,0,0,0,0,4,2,35.74429666666667,139.71694277777777,4,3,0,0,0,0
1,30,550,90,2,0,1,30000,0,116,2022,6,2,18,55,21,4,26,18,52,1,1,1,14,7,0,0,0,0,2,9,1,70,5,3,1,35,65,51,61,41,0,0,0,0,0,0,0,0,0,10,0,3,0,0,0,0,0,4,2,35.739736944444445,139.71826638888888,5,3,0,0,0,0
1,30,550,95,2,0,1,30000,0,116,2022,6,6,7,45,12,4,25,18,54,3,1,2,14,7,0,0,0,0,1,9,1,70,5,3,1,25,55,36,61,31,0,0,0,0,0,11,0,10,0,10,0,3,0,0,0,0,0,4,2,35.73266111111111,139.70920166666664,2,3,9999,0,5,0
1,30,550,104,2,0,1,30000,0,116,2022,6,17,14,14,12,4,25,18,59,1,1,1,1,7,1,22,0,0,11,9,30,70,5,3,1,45,65,14,61,1,0,11,0,1,0,11,0,10,0,10,0,3,0,2,0,2,0,4,2,35.74247388888889,139.7151511111111,6,3,9999,0,9,0
1,30,550,109,2,0,1,30770,0,116,2022,6,30,9,44,12,4,28,19,1,1,1,1,1,1,9,22,0,0,15,9,30,70,1,1,1,55,25,4,61,31,0,1,0,1,0,11,0,3,0,10,0,3,0,2,0,2,0,4,2,35.73294555555556,139.70907277777778,5,3,9999,0,9,0
1,30,550,110,2,0,1,20000,0,116,2022,6,30,11,52,12,4,28,19,1,1,1,1,14,7,0,0,0,0,2,9,1,70,4,2,1,35,0,61,0,0,0,0,0,0,0,0,0,0,0,0,0,0,0,0,0,0,0,2,0,35.73898166666667,139.72196555555556,5,3,0,0,0,0
1,30,552,96,2,0,1,30000,0,117,2022,6,4,15,20,12,4,26,18,53,1,1,1,14,7,0,0,0,0,3,9,1,70,4,1,1,35,25,13,61,31,0,11,0,1,0,11,0,2,0,40,0,4,0,2,0,2,0,4,2,35.74935055555556,139.72717527777777,7,3,9999,0,5,0
1,30,552,103,2,0,1,170,91,117,2022,6,16,17,10,12,4,25,18,59,2,1,1,14,7,0,0,0,0,4,9,1,70,1,1,1,1,1,51,61,41,0,0,0,0,0,0,0,0,0,10,0,3,0,0,0,0,0,4,2,35.74799222222222,139.7230988888889,5,3,0,0,0,0
1,30,553,60,2,0,1,30000,0,117,2022,6,1,6,30,12,4,27,18,51,1,1,1,14,7,0,0,0,0,3,8,1,70,4,2,1,35,75,51,61,41,0,0,0,0,0,0,0,0,0,30,0,3,0,0,0,0,0,4,2,35.765905833333335,139.7478525,4,3,0,0,0,0
1,30,553,64,2,0,1,30000,0,117,2022,6,21,8,38,12,4,25,19,0,1,1,1,14,1,0,0,0,0,5,9,1,70,1,2,1,1,1,51,61,41,0,0,0,0,0,0,0,0,0,10,0,3,0,0,0,0,0,4,2,35.75918388888889,139.73577055555555,3,3,0,0,0,0
1,30,554,125,2,0,2,30000,0,117,2022,6,2,17,4,12,4,26,18,52,1,1,1,14,7,0,0,0,0,5,9,1,70,5,2,1,25,55,35,61,31,0,0,0,0,0,11,0,2,0,10,0,3,0,0,0,0,0,2,2,35.7762525,139.70428166666665,5,3,9999,0,1,0
1,30,554,128,2,0,1,1220,0,117,2022,6,1,5,23,11,4,27,18,51,1,1,1,1,1,9,22,0,0,18,9,30,70,1,1,1,1,55,36,61,31,0,0,0,0,0,11,0,2,0,10,0,3,0,0,0,0,0,4,2,35.78387,139.72094666666666,4,3,9999,0,5,0
1,30,554,132,2,0,1,30000,0,117,2022,6,9,18,46,13,4,25,18,56,1,1,1,14,1,0,0,0,0,3,8,1,70,5,2,1,1,1,3,61,31,0,1,0,1,0,11,0,3,0,44,0,3,0,2,0,2,0,4,2,35.78180611111111,139.71647916666666,5,3,9999,0,1,0
1,30,554,135,2,0,2,30000,0,117,2022,6,19,12,50,12,4,25,19,0,1,1,1,14,7,0,0,0,0,3,9,1,70,4,1,1,25,55,51,61,41,0,0,0,0,0,0,0,0,0,10,0,3,0,0,0,0,0,2,2,35.78131055555556,139.72427166666668,1,3,0,0,0,0
1,30,555,187,2,0,1,30000,0,119,2022,6,5,20,24,22,4,25,18,54,2,1,1,14,7,0,0,0,0,2,9,1,70,5,3,1,35,55,3,61,31,0,1,0,1,0,11,0,2,0,30,0,3,0,2,0,2,0,4,2,35.762323055555555,139.6976402777778,1,3,9999,0,1,0
1,30,555,188,2,0,1,30760,0,119,2022,6,6,9,36,12,4,25,18,54,3,1,2,14,7,0,0,0,0,3,9,1,70,4,2,1,55,0,61,0,0,0,0,0,0,0,0,0,0,0,0,0,0,0,0,0,0,0,2,0,35.76551944444444,139.67805083333332,2,3,0,0,0,0
1,30,555,191,2,0,1,20000,0,119,2022,6,9,17,59,13,4,25,18,56,1,1,1,1,1,9,22,0,0,19,9,30,70,1,2,1,25,35,14,61,1,0,11,0,1,0,11,0,5,0,10,0,3,0,2,0,2,0,4,2,35.74975138888889,139.70982055555555,5,3,9999,0,1,0
1,30,555,195,2,0,1,30000,0,119,2022,6,10,13,0,12,4,25,18,56,1,1,1,1,7,9,22,0,0,11,9,30,70,5,2,1,65,55,13,61,31,0,11,0,1,0,11,0,2,0,40,0,4,0,2,0,2,0,4,2,35.760917222222226,139.67981527777778,6,3,9999,0,9,0
1,30,555,201,2,0,1,30000,0,119,2022,6,12,20,20,22,4,25,18,57,1,1,1,14,7,0,0,0,0,2,9,1,70,5,3,1,35,25,51,61,41,0,0,0,0,0,0,0,0,0,10,0,3,0,0,0,0,0,4,2,35.75250972222222,139.71034749999998,1,3,0,0,0,0
1,30,555,206,2,0,1,170,105,119,2022,6,20,18,20,13,4,25,19,0,1,1,1,14,1,0,0,0,0,1,9,1,70,1,2,1,55,35,51,61,41,0,0,0,0,0,0,0,0,0,20,0,4,0,0,0,0,0,4,2,35.75128055555555,139.7086872222222,2,3,0,0,0,0
1,30,555,221,2,0,1,30000,0,119,2022,6,28,10,0,12,4,28,19,1,1,1,1,14,7,0,0,0,0,2,9,1,70,5,4,1,55,25,51,61,41,0,0,0,0,0,0,0,0,0,20,0,3,0,0,0,0,0,4,2,35.748896111111115,139.70144305555556,3,3,0,0,0,0
1,30,555,229,2,0,1,30000,0,119,2022,6,29,22,7,22,4,28,19,1,1,1,1,7,7,0,0,0,0,2,9,1,70,5,3,1,65,25,3,61,1,0,1,0,1,0,11,0,2,0,40,0,3,0,2,0,2,0,4,2,35.740831944444444,139.70492222222222,4,3,9999,0,9,0
1,30,556,126,2,0,1,30000,0,119,2022,5,19,15,10,12,4,33,18,42,1,1,1,1,7,9,22,0,0,15,9,30,1,5,2,1,1,1,51,61,41,0,0,0,0,0,0,0,0,0,10,0,4,0,0,0,0,0,4,2,35.7831375,139.68489250000002,5,3,0,0,0,0
1,30,556,127,2,0,1,10200,0,119,2022,6,6,21,5,22,4,25,18,54,3,1,2,14,7,0,0,0,0,3,9,1,70,1,1,1,65,45,3,61,31,0,1,0,1,0,11,0,5,0,80,0,3,0,2,0,2,0,4,2,35.778913055555556,139.68661694444444,2,3,9999,0,9,0
1,30,556,130,2,0,1,99000,0,119,2022,6,1,14,30,12,4,27,18,51,1,1,1,0,7,0,0,0,0,0,0,20,70,0,4,1,1,75,51,61,41,0,0,0,0,0,0,0,0,0,10,0,4,0,0,0,0,0,4,2,35.769593888888885,139.66969722222223,4,3,0,0,0,0
1,30,556,132,2,0,1,99000,0,119,2022,6,10,6,25,12,4,25,18,56,1,1,1,0,7,0,0,0,0,0,0,20,70,0,4,1,45,75,13,61,31,0,11,0,1,0,11,0,10,0,20,0,4,0,2,0,2,0,4,2,35.77984166666666,139.6832947222222,6,3,9999,0,9,0
1,30,557,119,2,0,1,30000,0,120,2022,3,12,18,49,22,5,56,17,46,1,1,1,1,7,9,22,0,0,19,6,30,70,4,2,1,75,65,3,61,31,0,1,0,1,0,11,0,2,0,20,0,3,0,2,0,2,0,4,2,35.7477675,139.64782555555556,7,3,960,0,9,0
1,30,557,127,2,0,1,30000,0,120,2022,2,28,14,30,12,6,13,17,35,1,1,1,1,1,9,22,0,0,11,9,30,70,4,2,1,45,55,51,61,41,0,0,0,0,0,0,0,0,0,10,0,3,0,0,0,0,0,4,2,35.73444694444444,139.64443166666666,2,3,0,0,0,0
1,30,557,132,2,0,1,20500,0,120,2022,6,13,20,23,22,4,25,18,58,1,1,1,14,7,0,0,0,0,3,9,1,70,4,3,1,55,45,13,61,31,0,11,0,1,0,11,0,3,0,10,0,3,0,2,0,2,0,4,2,35.73446472222222,139.63872527777778,2,3,9999,0,9,0
1,30,557,133,2,0,1,10010,0,120,2022,6,17,8,10,12,4,25,18,59,2,1,1,14,7,0,0,0,0,6,9,1,70,6,1,1,1,55,51,61,41,0,0,0,0,0,0,0,0,0,10,0,3,0,0,0,0,0,4,2,35.73364472222222,139.6671972222222,6,3,0,0,0,0
1,30,557,142,2,0,1,30000,0,120,2022,6,27,10,36,12,4,27,19,1,1,1,1,7,7,0,0,0,0,3,9,1,70,4,3,1,25,75,51,61,41,0,0,0,0,0,0,0,0,0,10,0,3,0,0,0,0,0,4,2,35.74601722222222,139.64976222222222,2,3,0,0,0,0
1,30,558,114,2,0,1,30000,0,120,2022,6,22,2,30,22,4,26,19,0,3,1,2,1,7,9,22,0,0,14,9,30,70,5,1,1,55,55,36,61,31,0,0,0,0,0,11,0,10,0,10,0,3,0,0,0,0,0,4,2,35.74422305555556,139.60790194444445,4,3,9999,0,9,0
1,30,558,115,2,0,1,10330,0,120,2022,6,24,15,47,12,4,26,19,1,1,1,1,14,7,0,0,0,0,2,9,1,70,5,3,1,45,65,3,61,31,0,1,0,1,0,11,0,2,0,40,0,3,0,2,0,2,0,4,2,35.747686944444446,139.56797444444445,6,3,9999,0,9,0