資料区分,都道府県コード,警察署等コード,本票番号,事故内容,死者数,負傷者数,路線コード,地点コード,市区町村コード,発生日時　　年,発生日時　　月,発生日時　　日,発生日時　　時,発生日時　　分,昼夜,日の出時刻　　時,日の出時刻　　分,日の入り時刻　　時,日の入り時刻　　分,天候,地形,路面状態,道路形状,信号機,一時停止規制　標識（当事者A）,一時停止規制　表示（当事者A）,一時停止規制　標識（当事者B）,一時停止規制　表示（当事者B）,車道幅員,道路線形,衝突地点,ゾーン規制,中央分離帯施設等,歩車道区分,事故類型,年齢（当事者A）,年齢（当事者B）,当事者種別（当事者A）,当事者種別（当事者B）,用途別（当事者A）,用途別（当事者B）,車両形状等（当事者A）,車両形状等（当事者B）,オートマチック車（当事者A）,オートマチック車（当事者B）,サポカー（当事者A）,サポカー（当事者B）,速度規制（指定のみ）（当事者A）,速度規制（指定のみ）（当事者B）,車両の衝突部位（当事者A）,車両の衝突部位（当事者B）,車両の損壊程度（当事者A）,車両の損壊程度（当事者B）,エアバッグの装備（当事者A）,エアバッグの装備（当事者B）,サイドエアバッグの装備（当事者A）,サイドエアバッグの装備（当事者B）,人身損傷程度（当事者A）,人身損傷程度（当事者B）,lat,lon,曜日(発生年月日),祝日(発生年月日),認知機能検査経過日数（当事者A）,認知機能検査経過日数（当事者B）,運転練習の方法（当事者A）,運転練習の方法（当事者B）
1,30,558,118,2,0,1,30000,0,120,2022,5,24,23,15,22,4,30,18,46,1,1,1,14,7,0,0,0,0,3,9,1,70,5,2,1,1,0,61,0,0,0,0,0,0,0,0,0,0,0,0,0,0,0,0,0,0,0,2,0,35.74644583333333,139.5815236111111,3,3,0,0,0,0
1,30,559,101,2,0,1,30000,0,119,2022,6,11,16,10,12,4,25,18,57,2,1,1,1,7,9,22,0,0,14,9,30,70,4,2,1,1,1,51,61,41,0,0,0,0,0,0,0,0,0,10,0,3,0,0,0,0,0,4,2,35.77574444444444,139.6531038888889,7,3,0,0,0,0
1,30,560,189,2,0,1,30000,0,120,2022,6,19,9,50,12,4,25,19,0,1,1,1,1,7,9,22,0,0,11,9,30,70,4,2,1,25,1,51,61,41,0,0,0,0,0,0,0,0,0,10,0,3,0,0,0,0,0,4,2,35.73970416666667,139.61889333333335,1,3,0,0,0,0
1,30,660,71,2,0,1,30000,0,106,2022,5,5,18,10,13,4,45,18,31,1,1,1,14,7,0,0,0,0,2,9,1,70,5,2,1,65,35,3,61,1,0,1,0,1,0,11,0,2,0,40,0,4,0,2,0,2,0,4,2,35.71242166666667,139.77714833333334,5,1,9999,0,9,0
1,30,660,72,2,0,1,40,28,106,2022,6,2,11,45,12,4,26,18,52,1,1,1,14,7,0,0,0,0,6,9,1,70,1,2,1,75,45,51,61,41,0,0,0,0,0,0,0,0,0,10,0,3,0,0,0,0,0,4,2,35.706964444444445,139.77642916666667,5,3,0,0,0,0
1,30,660,74,2,0,1,20070,0,106,2022,6,3,2,55,22,4,26,18,53,1,1,1,1,1,9,22,0,0,16,9,30,70,1,2,1,45,55,3,61,1,0,1,0,1,0,11,0,4,0,10,0,3,0,2,0,2,0,4,2,35.70975361111111,139.77317555555558,6,3,9999,0,9,0
1,30,660,75,2,0,1,20070,0,106,2022,6,4,14,58,12,4,26,18,53,1,1,1,1,1,9,22,0,0,19,9,30,70,4,2,1,25,1,51,61,41,0,0,0,0,0,0,0,0,0,40,0,4,0,0,0,0,0,4,2,35.70989055555556,139.7736725,7,3,0,0,0,0
1,30,660,79,2,0,1,20370,0,106,2022,6,16,9,32,12,4,25,18,59,2,1,2,7,7,0,0,0,0,1,9,1,70,4,1,1,25,25,52,61,41,0,0,0,0,0,0,0,0,0,10,0,3,0,0,0,0,0,4,2,35.713188055555555,139.7684113888889,5,3,0,0,0,0
1,30,660,87,2,0,1,20070,0,106,2022,6,25,17,11,12,4,26,19,1,1,1,1,1,1,9,22,0,0,19,9,30,70,4,2,1,1,75,35,61,31,0,0,0,0,0,11,0,4,0,10,0,4,0,0,0,0,0,4,2,35.709655000000005,139.77327194444445,7,3,9999,0,1,0
1,30,660,89,2,0,1,40,27,106,2022,6,27,10,17,12,4,27,19,1,1,1,1,1,1,9,22,0,0,18,9,30,70,1,2,1,55,25,51,61,41,0,0,0,0,0,0,0,0,0,10,0,4,0,0,0,0,0,4,2,35.7058325,139.77634194444445,2,3,0,0,0,0
1,30,660,90,2,0,1,20390,0,106,2022,6,29,15,30,12,4,28,19,1,1,1,1,1,1,9,22,0,0,16,9,30,70,4,1,1,35,65,13,61,31,0,11,0,1,0,11,0,2,0,50,0,4,0,2,0,2,0,4,2,35.707258333333336,139.77984805555556,4,3,9999,0,1,0
1,30,661,46,2,0,1,30000,0,106,2022,4,16,16,33,12,5,7,18,15,1,1,1,7,7,0,0,0,0,2,9,1,70,5,1,1,65,1,14,61,31,0,11,0,1,0,11,0,5,0,10,0,3,0,2,0,2,0,4,2,35.72809055555556,139.79141444444446,7,3,9999,0,9,0
1,30,661,47,2,0,1,30000,0,106,2022,4,29,12,20,12,4,52,18,26,3,1,2,14,7,0,0,0,0,2,9,1,70,5,3,1,65,45,3,61,31,0,1,0,1,0,11,0,2,0,20,0,4,0,2,0,2,0,4,2,35.72793638888889,139.76471416666666,6,1,9999,0,9,0
1,30,661,52,2,0,1,40,49,106,2022,6,5,4,8,23,4,25,18,54,1,1,1,14,7,0,0,0,0,6,9,1,70,1,2,1,45,45,51,61,41,0,0,0,0,0,0,0,0,0,10,0,3,0,0,0,0,0,4,2,35.72394777777778,139.78686555555555,1,3,0,0,0,0
1,30,661,54,2,0,1,30000,0,106,2022,6,16,16,20,12,4,25,18,59,2,1,1,1,7,1,21,0,0,15,9,30,70,5,3,1,65,75,3,61,1,0,1,0,1,0,11,0,1,0,40,0,3,0,2,0,2,0,4,2,35.72615388888889,139.7879438888889,5,3,9999,0,9,0
1,30,662,55,2,0,1,30000,0,106,2022,5,29,16,30,12,4,28,18,49,1,1,1,7,7,0,0,0,0,4,9,1,70,5,4,1,35,25,3,61,31,0,1,0,1,0,11,0,5,0,40,0,4,0,2,0,2,0,4,2,35.71392527777778,139.7941936111111,1,3,9999,0,1,0
1,30,662,60,2,0,1,30000,0,106,2022,6,30,18,15,13,4,28,19,1,1,1,1,14,1,0,0,0,0,3,9,1,70,4,1,1,35,55,51,61,41,0,0,0,0,0,0,0,0,0,10,0,4,0,0,0,0,0,4,2,35.725050555555555,139.7940888888889,5,3,0,0,0,0
1,30,663,71,2,0,1,20530,0,106,2022,6,6,14,15,12,4,25,18,54,3,1,2,1,1,9,22,0,0,16,9,30,70,4,2,1,1,75,3,61,31,0,1,0,1,0,11,0,4,0,10,0,3,0,2,0,2,0,4,2,35.710576111111116,139.78695055555556,2,3,9999,0,1,0
1,30,663,75,2,0,1,30000,0,106,2022,6,13,7,5,12,4,25,18,58,1,1,1,14,7,0,0,0,0,2,9,1,70,5,4,1,45,65,13,61,31,0,11,0,1,0,11,0,10,0,40,0,3,0,2,0,2,0,4,2,35.70337583333334,139.78226722222223,2,3,9999,0,9,0
1,30,664,41,2,0,1,30000,0,118,2022,6,21,9,50,12,4,25,19,0,1,1,1,13,7,0,0,0,0,3,6,1,70,5,3,1,65,75,51,61,41,0,0,0,0,0,0,0,0,0,10,0,4,0,0,0,0,0,4,2,35.745290000000004,139.77256194444445,3,3,0,0,0,0
1,30,665,48,2,0,1,30000,0,118,2022,5,17,9,50,12,4,35,18,41,2,1,1,14,7,0,0,0,0,2,9,1,70,5,3,1,35,35,51,61,41,0,0,0,0,0,0,0,0,0,40,0,3,0,0,0,0,0,4,2,35.73122888888889,139.7962486111111,3,3,0,0,0,0
1,30,665,56,2,0,1,30000,0,118,2022,6,17,11,13,12,4,25,18,59,2,1,1,14,7,0,0,0,0,2,9,1,70,4,1,1,25,75,51,61,41,0,0,0,0,0,0,0,0,0,10,0,4,0,0,0,0,0,4,2,35.736757777777775,139.79617444444443,6,3,0,0,0,0
1,30,665,57,2,0,1,20550,0,118,2022,6,18,23,53,22,4,25,18,59,2,1,2,1,1,9,22,0,0,18,9,30,70,1,1,1,25,45,3,61,31,0,1,0,1,0,11,0,3,0,50,0,3,0,2,0,2,0,4,2,35.73005472222222,139.79893333333334,7,3,9999,0,1,0
1,30,668,236,1,1,0,30960,0,121,2022,6,11,0,53,22,4,25,18,57,1,1,1,1,1,9,22,0,0,14,9,30,70,5,2,1,45,65,3,61,31,0,1,0,1,0,11,0,3,0,10,0,3,0,2,0,2,0,4,1,35.7831425,139.75861444444445,7,3,9999,0,9,0
1,30,668,242,2,0,1,30000,0,121,2022,6,5,18,20,13,4,25,18,54,2,1,1,14,7,0,0,0,0,2,9,1,70,5,1,1,1,75,51,61,41,0,0,0,0,0,0,0,0,0,40,0,3,0,0,0,0,0,4,2,35.77884,139.7901936111111,1,3,0,0,0,0
1,30,668,243,2,0,1,30000,0,121,2022,6,5,18,50,13,4,25,18,54,2,1,1,1,7,9,22,0,0,15,9,30,70,4,2,1,45,1,4,61,31,0,1,0,1,0,11,0,3,0,10,0,2,0,2,0,2,0,4,2,35.76383972222222,139.7883,1,3,9999,0,9,0
1,30,668,248,2,0,1,30000,0,121,2022,6,3,8,10,12,4,26,18,53,1,1,1,14,7,0,0,0,0,3,9,1,70,4,3,1,35,35,3,61,31,0,1,0,1,0,11,0,2,0,40,0,4,0,2,0,2,0,4,2,35.77063,139.79613722222223,6,3,9999,0,1,0
1,30,668,252,2,0,1,10710,0,121,2022,6,9,13,0,12,4,25,18,56,1,1,1,1,1,9,22,0,0,19,9,30,1,1,1,1,35,75,13,61,31,0,11,0,1,0,11,0,4,0,10,0,3,0,2,0,2,0,4,2,35.77833361111111,139.7703791666667,5,3,9999,0,5,0
1,30,668,258,2,0,1,30960,0,121,2022,6,11,0,51,22,4,25,18,57,1,1,1,1,7,9,22,0,0,15,9,30,70,5,2,1,65,65,17,61,1,0,11,0,1,0,11,0,3,0,10,0,3,0,2,0,2,0,4,2,35.78314916666667,139.75863194444443,7,3,9999,0,9,0
1,30,668,259,2,0,1,10130,0,121,2022,6,15,18,3,13,4,25,18,58,2,1,1,1,1,9,22,0,0,18,9,30,70,1,1,1,55,1,13,61,31,0,11,0,1,0,11,0,4,0,40,0,3,0,2,0,2,0,4,2,35.77812611111111,139.76999750000002,4,3,9999,0,9,0
1,30,668,261,2,0,1,10130,0,121,2022,6,17,23,30,22,4,25,18,59,1,1,1,1,1,9,22,0,0,19,9,30,70,1,1,1,1,55,51,61,41,0,0,0,0,0,0,0,0,0,10,0,3,0,0,0,0,0,4,2,35.773895555555555,139.74063944444444,6,3,0,0,0,0
1,30,669,292,2,0,1,30000,0,121,2022,6,4,18,55,21,4,26,18,53,1,1,1,14,7,0,0,0,0,2,9,1,70,5,2,1,45,55,35,61,31,0,0,0,0,0,11,0,2,0,10,0,3,0,0,0,0,0,4,2,35.77353111111111,139.80802916666667,7,3,9999,0,1,0
1,30,669,294,2,0,1,30000,0,121,2022,6,7,9,20,12,4,25,18,55,2,1,1,1,7,9,22,0,0,11,9,30,70,5,2,1,55,1,13,61,31,0,11,0,1,0,11,0,10,0,10,0,3,0,2,0,2,0,4,2,35.777899444444444,139.8338613888889,3,3,9999,0,9,0
1,30,669,321,2,0,1,30000,0,121,2022,6,21,7,43,12,4,25,19,0,1,1,1,1,1,9,22,0,0,14,9,30,70,4,1,1,75,1,3,61,31,0,1,0,1,0,11,0,3,0,10,0,3,0,2,0,2,0,4,2,35.78266333333333,139.8280175,3,3,253,0,9,0
1,30,669,326,2,0,1,30000,0,121,2022,6,22,17,50,12,4,26,19,0,2,1,1,1,1,9,22,0,0,15,9,30,70,4,1,1,75,75,4,61,31,0,1,0,1,0,11,0,3,0,10,0,3,0,2,0,2,0,4,2,35.791958888888885,139.83813666666668,4,3,105,0,9,0
1,30,670,195,2,0,1,30000,0,121,2022,6,24,15,52,12,4,26,19,1,1,1,1,1,1,9,22,0,0,18,9,30,70,4,2,1,35,75,3,61,31,0,1,0,2,0,11,0,3,0,50,0,4,0,2,0,2,0,4,2,35.79143166666667,139.82219305555554,6,3,9999,0,5,0
1,30,670,196,2,0,1,30000,0,121,2022,1,28,10,2,12,6,44,17,4,1,1,1,1,7,9,22,0,0,11,9,30,70,5,2,1,35,35,14,61,31,0,11,0,1,0,11,0,10,0,20,0,4,0,2,0,2,0,4,2,35.80027333333333,139.80276916666668,6,3,9999,0,5,0
1,30,670,200,2,0,1,30000,0,121,2022,5,10,12,30,12,4,40,18,35,1,1,1,1,7,9,22,0,0,14,9,30,70,5,3,1,65,65,51,61,41,0,0,0,0,0,0,0,0,0,20,0,4,0,0,0,0,0,4,2,35.79291805555555,139.777445,3,3,0,0,0,0
1,30,771,250,2,0,1,10350,0,108,2022,6,25,19,30,21,4,26,19,1,1,1,1,14,7,0,0,0,0,5,9,1,70,4,1,1,1,1,51,61,41,0,0,0,0,0,0,0,0,0,20,0,3,0,0,0,0,0,4,2,35.675266944444445,139.8051488888889,7,3,0,0,0,0
1,30,772,173,2,0,1,140,52,108,2022,4,19,9,46,12,5,4,18,17,1,1,1,14,7,0,0,0,0,6,9,1,70,1,1,1,55,75,1,61,1,0,1,0,1,0,11,0,10,0,0,0,4,0,2,0,2,0,4,2,35.69626333333333,139.82117777777776,3,3,9999,0,9,0
1,30,772,178,2,0,1,20660,0,108,2022,6,4,13,55,12,4,26,18,53,1,1,1,7,7,0,0,0,0,4,9,1,70,4,2,1,35,35,3,61,31,0,1,0,1,0,11,0,3,0,10,0,3,0,2,0,2,0,4,2,35.682289999999995,139.84458361111112,7,3,9999,0,5,0
1,30,772,179,2,0,1,90000,0,108,2022,6,5,9,35,12,4,25,18,54,1,1,1,14,7,0,0,0,0,3,9,20,70,5,4,1,1,75,14,61,1,0,11,0,1,0,11,0,10,0,30,0,4,0,2,0,2,0,4,2,35.682805555555554,139.84435833333333,1,3,9999,0,1,0
1,30,772,181,2,0,1,10090,0,108,2022,6,6,19,55,22,4,25,18,54,3,1,2,1,1,9,22,0,0,18,9,30,70,4,2,1,1,25,36,61,31,0,0,0,0,0,11,0,2,0,10,0,4,0,0,0,0,0,4,2,35.68993138888889,139.8360025,2,3,9999,0,5,0
1,30,772,189,2,0,1,30000,0,108,2022,6,15,8,40,12,4,25,18,58,2,1,1,14,7,0,0,0,0,2,9,1,70,5,1,1,35,45,3,61,31,0,1,0,1,0,11,0,2,0,40,0,3,0,2,0,2,0,4,2,35.70304361111111,139.83037694444445,4,3,9999,0,5,0
1,30,772,190,2,0,1,30000,0,108,2022,6,12,13,55,12,4,25,18,57,1,1,1,14,7,0,0,0,0,1,9,1,70,5,4,1,65,35,3,61,31,0,1,0,1,0,11,0,10,0,40,0,3,0,2,0,2,0,4,2,35.68674333333333,139.83304416666667,1,3,9999,0,9,0
1,30,772,199,2,0,1,95000,0,108,2022,6,19,11,40,12,4,25,19,0,1,1,1,14,7,0,0,0,0,2,9,20,70,5,4,1,45,55,51,61,41,0,0,0,0,0,0,0,0,0,10,0,3,0,0,0,0,0,4,2,35.677099722222216,139.84453416666668,1,3,0,0,0,0
1,30,772,201,2,0,1,10350,0,108,2022,6,19,22,50,22,4,25,19,0,1,1,1,14,7,0,0,0,0,5,9,1,70,4,1,1,35,35,51,61,41,0,0,0,0,0,0,0,0,0,30,0,4,0,0,0,0,0,4,2,35.672487777777775,139.83814694444445,1,3,0,0,0,0
1,30,772,204,2,0,1,30000,0,108,2022,6,23,8,0,12,4,26,19,1,2,1,1,1,7,1,21,0,0,14,9,30,70,4,1,1,35,35,13,61,31,0,11,0,1,0,11,0,2,0,10,0,3,0,2,0,2,0,4,2,35.69415027777777,139.82087555555555,5,3,9999,0,1,0
1,30,772,205,2,0,1,30000,0,108,2022,6,24,13,15,12,4,26,19,1,1,1,1,7,7,0,0,0,0,3,9,1,70,5,3,1,55,25,14,61,31,0,11,0,1,0,11,0,2,0,30,0,4,0,2,0,2,0,4,2,35.70024416666667,139.8229822222222,6,3,9999,0,9,0
1,30,773,159,2,0,1,30000,0,107,2022,6,24,13,20,12,4,26,19,1,1,1,1,1,7,9,22,0,0,14,9,30,70,5,2,1,65,25,3,61,31,0,1,0,1,0,11,0,5,0,20,0,4,0,2,0,2,0,4,2,35.69613583333333,139.81187555555556,6,3,9999,0,9,0
1,30,773,160,2,0,1,30000,0,107,2022,6,25,8,49,12,4,26,19,1,1,1,1,14,7,0,0,0,0,4,9,1,70,4,2,1,45,75,3,61,31,0,1,0,1,0,11,0,5,0,10,0,2,0,2,0,2,0,4,2,35.70779944444445,139.80877,7,3,0,0,0,0
1,30,774,82,2,0,1,10090,0,107,2022,6,1,18,30,13,4,27,18,51,1,1,1,1,7,9,22,0,0,11,9,30,70,4,1,1,1,75,51,61,41,0,0,0,0,0,0,0,0,0,10,0,3,0,0,0,0,0,4,2,35.71499555555556,139.82564722222222,4,3,0,0,0,0
1,30,774,84,2,0,1,30000,0,107,2022,6,9,16,0,12,4,25,18,56,1,1,1,1,7,9,22,0,0,11,9,30,70,4,1,1,65,1,3,61,1,0,1,0,1,0,11,0,2,0,10,0,3,0,2,0,2,0,4,2,35.709073333333336,139.82389833333332,5,3,9999,0,9,0
1,30,774,91,2,0,2,99000,0,107,2022,6,19,10,10,12,4,25,19,0,1,1,1,0,7,0,0,0,0,0,0,20,70,0,4,1,65,35,51,61,41,0,0,0,0,0,0,0,0,0,43,0,3,0,0,0,0,0,2,4,35.740589166666666,139.81956333333332,1,3,0,0,0,0
1,30,774,96,2,0,1,99000,0,107,2022,6,26,21,0,22,4,27,19,1,1,1,1,0,7,0,0,0,0,0,0,20,70,0,4,1,1,55,51,61,41,0,0,0,0,0,0,0,0,0,10,0,3,0,0,0,0,0,4,2,35.73276916666667,139.82507833333332,1,3,0,0,0,0
1,30,776,178,2,0,1,30000,0,122,2022,6,1,7,54,12,4,27,18,51,1,1,1,1,7,1,21,0,0,12,9,30,70,5,3,1,35,25,3,61,31,0,1,0,1,0,11,0,5,0,10,0,4,0,2,0,2,0,4,2,35.719186666666666,139.86428833333332,4,3,9999,0,1,0
1,30,776,184,2,0,1,30000,0,122,2022,6,5,8,3,12,4,25,18,54,1,1,1,14,7,0,0,0,0,3,9,1,70,4,3,1,45,75,13,61,31,0,11,0,1,0,11,0,10,0,30,0,3,0,2,0,2,0,4,2,35.714864722222224,139.8569611111111,1,3,9999,0,5,0
1,30,776,206,2,0,1,10360,0,122,2022,6,12,18,20,13,4,25,18,57,1,1,1,14,7,0,0,0,0,1,9,1,70,5,1,1,75,45,51,61,41,0,0,0,0,0,0,0,0,0,20,0,3,0,0,0,0,0,4,2,35.74781277777778,139.8267561111111,1,3,0,0,0,0
1,30,776,208,2,0,1,60,90,122,2022,6,25,13,40,12,4,26,19,1,1,1,1,1,1,9,22,0,0,18,9,30,70,1,1,1,45,65,14,61,31,0,11,0,2,0,11,0,4,0,80,0,3,0,2,0,2,0,4,2,35.73831972222222,139.83773944444445,7,3,9999,0,5,0
1,30,776,209,2,0,1,99000,0,122,2022,6,27,10,52,12,4,27,19,1,1,1,1,0,7,0,0,0,0,0,0,20,70,0,4,1,25,75,3,61,31,0,1,0,1,0,11,0,10,0,30,0,3,0,2,0,2,0,4,2,35.72394472222222,139.84761361111111,2,3,9999,0,5,0
1,30,776,212,2,0,1,30000,0,122,2022,6,27,19,25,21,4,27,19,1,1,1,1,1,1,9,22,0,0,14,9,30,1,4,1,1,1,65,51,61,41,0,0,0,0,0,0,0,0,0,30,0,3,0,0,0,0,0,4,2,35.742513055555555,139.84982944444445,2,3,0,0,0,0
1,30,777,350,2,0,1,30000,0,123,2022,6,2,15,45,12,4,26,18,52,1,1,1,14,7,0,0,0,0,1,9,1,70,4,2,1,55,1,51,61,41,0,0,0,0,0,0,0,0,0,30,0,3,0,0,0,0,0,4,2,35.686498611111105,139.89184388888887,5,3,0,0,0,0
1,30,777,365,2,0,1,30000,0,123,2022,6,9,14,32,12,4,25,18,56,1,1,1,1,7,9,22,0,0,12,9,30,70,5,3,1,25,1,3,61,31,0,1,0,1,0,11,0,10,0,20,0,3,0,2,0,2,0,4,2,35.70325527777778,139.90999833333333,5,3,9999,0,1,0
1,30,777,367,2,0,1,140,100,123,2022,6,9,21,5,22,4,25,18,56,1,1,1,1,1,9,22,0,0,13,9,30,70,1,2,1,35,65,4,61,31,0,1,0,1,0,11,0,5,0,50,0,3,0,2,0,2,0,4,2,35.703051388888895,139.87367777777777,5,3,9999,0,5,0
1,30,777,368,2,0,1,140,0,123,2022,6,2,15,10,12,4,26,18,52,1,1,1,14,7,0,0,0,0,2,9,1,70,1,2,1,65,55,51,61,41,0,0,0,0,0,0,0,0,0,10,0,4,0,0,0,0,0,4,2,35.70489083333334,139.90832555555556,5,3,0,0,0,0
1,30,777,379,2,0,1,30000,0,123,2022,6,7,8,9,12,4,25,18,55,1,1,1,14,7,0,0,0,0,1,9,1,70,5,2,1,25,35,51,61,41,0,0,0,0,0,0,0,0,0,34,0,4,0,0,0,0,0,4,2,35.70556972222222,139.90440333333333,3,3,0,0,0,0
1,30,777,387,2,0,1,30000,0,123,2022,6,18,18,10,13,4,25,18,59,2,1,1,14,7,0,0,0,0,3,9,1,70,4,2,1,55,35,14,61,1,0,11,0,1,0,11,0,3,0,10,0,3,0,2,0,2,0,4,2,35.690845277777775,139.88146694444444,7,3,9999,0,9,0
1,30,777,388,2,0,1,30000,0,123,2022,6,18,18,11,13,4,25,18,59,3,1,2,1,7,9,21,0,0,11,9,30,70,5,3,1,65,1,3,61,31,0,1,0,1,0,11,0,10,0,20,0,3,0,2,0,2,0,4,2,35.715048888888894,139.8397188888889,7,3,9999,0,9,0
1,30,777,409,2,0,1,30000,0,123,2022,6,30,10,15,12,4,28,19,1,1,1,1,1,7,1,21,0,0,15,9,30,70,4,2,1,35,65,3,61,1,0,1,0,1,0,11,0,3,0,10,0,3,0,2,0,2,0,4,2,35.70484166666667,139.90488555555555,5,3,9999,0,1,0
1,30,778,123,2,0,1,141,2400,123,2022,6,1,8,39,12,4,27,18,51,1,1,1,1,1,9,22,0,0,17,9,30,70,5,1,1,35,45,3,61,31,0,1,0,1,0,11,0,3,0,10,0,2,0,2,0,2,0,4,2,35.71942805555556,139.8776013888889,4,3,9999,0,1,0
1,30,778,124,2,0,1,141,4225,123,2022,6,1,9,50,12,4,27,18,51,1,1,1,7,7,0,0,0,0,4,9,1,70,5,2,1,75,55,4,61,31,0,1,0,1,0,11,0,3,0,10,0,3,0,2,0,2,0,4,2,35.72268555555556,139.88109583333335,4,3,541,0,9,0
1,30,778,126,2,0,1,30000,0,123,2022,6,3,17,25,12,4,26,18,53,2,1,1,14,7,0,0,0,0,3,9,1,70,4,2,1,45,55,14,61,1,0,11,0,1,0,11,0,2,0,10,0,3,0,2,0,2,0,4,2,35.71798555555556,139.87334333333334,6,3,9999,0,1,0
1,30,778,127,2,0,1,30000,0,123,2022,6,3,22,15,22,4,26,18,53,1,1,1,1,1,9,22,0,0,15,9,30,70,4,2,1,65,45,3,61,1,0,1,0,1,0,11,0,2,0,10,0,3,0,2,0,2,0,4,2,35.730179166666666,139.87697583333335,6,3,9999,0,9,0
1,30,778,129,2,0,1,30000,0,123,2022,6,6,8,30,12,4,25,18,54,3,1,2,14,7,0,0,0,0,2,9,1,70,5,3,1,65,1,14,61,1,0,11,0,1,0,11,0,2,0,10,0,3,0,2,0,2,0,4,2,35.736202222222225,139.89475472222222,2,3,9999,0,1,0
1,30,778,133,2,0,1,30000,0,123,2022,6,13,12,27,12,4,25,18,58,1,1,1,14,7,0,0,0,0,3,9,1,70,5,3,1,1,55,3,61,31,0,1,0,1,0,11,0,5,0,40,0,3,0,2,0,2,0,4,2,35.731161666666665,139.88177305555556,2,3,9999,0,1,0
1,30,778,137,2,0,1,30000,0,123,2022,5,14,15,0,12,4,37,18,38,2,1,1,14,7,0,0,0,0,1,9,1,70,5,2,1,25,1,3,61,31,0,1,0,1,0,11,0,10,0,10,0,4,0,2,0,2,0,4,2,35.73084277777778,139.88068972222223,7,3,9999,0,5,0
1,30,778,140,2,0,1,30000,0,123,2022,6,1,8,20,12,4,27,18,51,1,1,1,14,7,0,0,0,0,2,9,1,70,5,2,1,1,25,51,61,41,0,0,0,0,0,0,0,0,0,10,0,3,0,0,0,0,0,4,2,35.74406388888889,139.88760555555555,4,3,0,0,0,0
1,30,778,147,2,0,1,30000,0,123,2022,6,24,13,35,12,4,26,19,1,1,1,1,14,7,0,0,0,0,2,9,1,70,5,2,1,65,65,3,61,1,0,1,0,1,0,11,0,2,0,40,0,3,0,2,0,2,0,4,2,35.73082361111111,139.87809777777778,6,3,9999,0,9,0
1,30,778,150,2,0,1,30000,0,123,2022,6,27,10,30,12,4,27,19,1,1,1,1,14,7,0,0,0,0,2,9,1,70,5,3,1,35,75,59,61,0,0,0,0,0,0,0,0,0,0,10,0,4,0,0,0,0,0,4,2,35.72781333333334,139.87916333333334,2,3,0,0,0,0
1,30,779,99,2,0,1,30000,0,123,2022,6,4,17,25,12,4,26,18,53,1,1,1,1,7,9,22,0,0,15,9,30,70,4,2,1,1,75,51,61,41,0,0,0,0,0,0,0,0,0,10,0,4,0,0,0,0,0,4,2,35.65213611111111,139.87447944444446,7,3,0,0,0,0
1,30,779,101,2,0,1,10060,0,123,2022,6,4,21,0,22,4,26,18,53,1,1,1,1,1,9,22,0,0,15,9,30,70,1,2,1,55,25,3,61,31,0,1,0,1,0,11,0,4,0,10,0,3,0,2,0,2,0,4,2,35.68468,139.86964444444445,7,3,9999,0,9,0
1,30,779,110,2,0,1,30000,0,123,2022,6,19,17,55,12,4,25,19,0,1,1,1,1,7,1,21,0,0,12,9,30,70,4,2,1,35,75,51,61,41,0,0,0,0,0,0,0,0,0,10,0,3,0,0,0,0,0,4,2,35.6470675,139.8751975,1,3,0,0,0,0
1,30,779,111,2,0,1,30000,0,123,2022,6,22,10,11,12,4,26,19,0,2,1,1,1,7,9,22,0,0,12,9,30,70,5,2,1,75,75,51,61,41,0,0,0,0,0,0,0,0,0,40,0,4,0,0,0,0,0,4,2,35.66339305555555,139.87514027777777,4,3,0,0,0,0
1,30,876,160,2,0,1,90000,0,201,2022,3,14,10,2,12,5,54,17,48,1,1,1,14,7,0,0,0,0,1,9,1,70,5,4,1,55,45,14,61,1,0,11,0,2,0,11,0,10,0,20,0,4,0,2,0,2,0,4,2,35.64241527777778,139.33203805555556,2,3,9999,0,5,0
1,30,876,166,2,0,1,30000,0,209,2022,6,4,18,0,13,4,26,18,53,1,1,1,14,7,0,0,0,0,2,9,1,70,5,4,1,45,1,3,61,31,0,1,0,1,0,11,0,10,0,80,0,3,0,2,0,2,0,4,2,35.59887027777778,139.37366194444445,7,3,9999,0,5,0
1,30,876,177,2,0,1,160,1030,201,2022,6,18,11,15,12,4,25,18,59,2,1,1,14,7,0,0,0,0,2,9,1,70,5,2,1,1,55,51,61,41,0,0,0,0,0,0,0,0,0,10,0,3,0,0,0,0,0,4,2,35.624388333333336,139.33910861111113,7,3,0,0,0,0
1,30,876,183,2,0,1,30000,0,201,2022,6,11,11,37,12,4,25,18,57,2,2,1,14,7,0,0,0,0,3,9,1,70,5,3,1,45,55,4,61,31,0,1,0,1,0,11,0,2,0,20,0,4,0,2,0,2,0,4,2,35.62266388888889,139.39044666666666,7,3,9999,0,4,0
1,30,877,158,2,0,1,20770,0,201,2022,5,2,16,20,12,4,48,18,28,2,2,1,1,1,9,22,0,0,19,9,30,70,4,2,1,45,1,3,61,31,0,1,0,1,0,11,0,3,0,20,0,4,0,2,0,2,0,4,2,35.634323055555555,139.3118286111111,2,2,9999,0,9,0