資料区分,都道府県コード,警察署等コード,本票番号,事故内容,死者数,負傷者数,路線コード,地点コード,市区町村コード,発生日時　　年,発生日時　　月,発生日時　　日,発生日時　　時,発生日時　　分,昼夜,日の出時刻　　時,日の出時刻　　分,日の入り時刻　　時,日の入り時刻　　分,天候,地形,路面状態,道路形状,信号機,一時停止規制　標識（当事者A）,一時停止規制　表示（当事者A）,一時停止規制　標識（当事者B）,一時停止規制　表示（当事者B）,車道幅員,道路線形,衝突地点,ゾーン規制,中央分離帯施設等,歩車道区分,事故類型,年齢（当事者A）,年齢（当事者B）,当事者種別（当事者A）,当事者種別（当事者B）,用途別（当事者A）,用途別（当事者B）,車両形状等（当事者A）,車両形状等（当事者B）,オートマチック車（当事者A）,オートマチック車（当事者B）,サポカー（当事者A）,サポカー（当事者B）,速度規制（指定のみ）（当事者A）,速度規制（指定のみ）（当事者B）,車両の衝突部位（当事者A）,車両の衝突部位（当事者B）,車両の損壊程度（当事者A）,車両の損壊程度（当事者B）,エアバッグの装備（当事者A）,エアバッグの装備（当事者B）,サイドエアバッグの装備（当事者A）,サイドエアバッグの装備（当事者B）,人身損傷程度（当事者A）,人身損傷程度（当事者B）,lat,lon,曜日(発生年月日),祝日(発生年月日),認知機能検査経過日数（当事者A）,認知機能検査経過日数（当事者B）,運転練習の方法（当事者A）,運転練習の方法（当事者B）
1,30,877,163,2,0,1,30000,0,201,2022,6,6,11,2,12,4,25,18,54,3,1,2,14,7,0,0,0,0,3,8,1,70,4,3,1,1,75,51,61,41,0,0,0,0,0,0,0,0,0,10,0,3,0,0,0,0,0,4,2,35.633025555555555,139.2858075,2,3,0,0,0,0
1,30,877,169,2,0,1,30000,0,201,2022,6,10,17,57,13,4,25,18,56,2,2,1,21,7,0,0,0,0,1,9,20,70,5,4,1,25,1,51,61,41,0,0,0,0,0,0,0,0,0,10,0,4,0,0,0,0,0,4,2,35.653372222222224,139.30662583333336,6,3,0,0,0,0
1,30,877,170,2,0,1,99000,0,201,2022,6,8,21,40,22,4,25,18,55,3,3,1,0,7,0,0,0,0,0,0,20,70,0,4,1,45,35,4,61,31,0,1,0,1,0,11,0,10,0,30,0,3,0,2,0,2,0,4,2,35.63874083333333,139.29342527777777,4,3,9999,0,9,0
1,30,877,176,2,0,1,95000,0,201,2022,6,9,13,20,12,4,25,18,56,1,2,1,0,7,0,0,0,0,0,0,20,70,0,4,1,75,65,3,61,31,0,1,0,1,0,11,0,10,0,50,0,3,0,2,0,2,0,4,2,35.68103416666666,139.277485,5,3,1090,0,9,0
1,30,877,180,2,0,1,30000,0,201,2022,6,18,15,56,12,4,25,18,59,2,1,1,1,7,1,21,0,0,15,9,30,70,5,3,1,65,75,4,61,31,0,1,0,1,0,11,0,2,0,10,0,3,0,2,0,2,0,4,2,35.64546111111111,139.2958313888889,7,3,9999,0,9,0
1,30,877,197,2,0,1,30000,0,201,2022,6,25,14,50,12,4,26,19,1,1,2,1,14,7,0,0,0,0,1,9,1,70,5,3,1,55,1,3,61,31,0,1,0,1,0,11,0,10,0,10,0,4,0,2,0,2,0,4,2,35.68024333333333,139.28446166666666,7,3,9999,0,9,0
1,30,878,179,2,0,1,21110,0,224,2022,6,10,22,19,22,4,25,18,56,2,2,1,1,1,9,22,0,0,17,9,30,70,1,2,1,65,45,3,61,31,0,1,0,1,0,11,0,4,0,10,0,3,0,2,0,2,0,4,2,35.628390555555555,139.42879083333332,6,3,9999,0,9,0
1,30,878,181,2,0,1,30000,0,224,2022,6,12,13,15,12,4,25,18,57,3,1,2,14,7,0,0,0,0,2,9,1,70,5,4,1,1,1,36,61,31,0,0,0,0,0,11,0,10,0,10,0,3,0,0,0,0,0,4,2,35.645525,139.45846805555556,1,3,9999,0,5,0
1,30,878,182,2,0,1,10510,0,224,2022,6,12,16,0,12,4,25,18,57,1,1,1,14,7,0,0,0,0,1,9,1,70,5,2,1,25,65,51,61,41,0,0,0,0,0,0,0,0,0,10,0,3,0,0,0,0,0,4,2,35.649858611111114,139.4480988888889,1,3,0,0,0,0
1,30,878,201,2,0,1,30000,0,224,2022,6,24,8,20,12,4,26,19,1,1,1,1,14,7,0,0,0,0,2,9,1,70,4,2,1,45,45,51,61,41,0,0,0,0,0,0,0,0,0,10,0,3,0,0,0,0,0,4,2,35.627066666666664,139.44924444444445,6,3,0,0,0,0
1,30,878,209,2,0,1,30000,0,224,2022,6,29,15,0,12,4,28,19,1,1,1,1,1,1,9,22,0,0,15,9,30,70,4,2,1,35,75,3,61,31,0,1,0,1,0,11,0,3,0,10,0,3,0,2,0,2,0,4,2,35.613755833333336,139.40156833333333,4,3,9999,0,5,0
1,30,879,268,2,0,1,30000,0,223,2022,6,5,22,35,22,4,25,18,54,2,1,1,13,7,0,0,0,0,1,3,1,70,5,2,1,45,25,4,61,31,0,1,0,1,0,11,0,2,0,20,0,3,0,2,0,2,0,4,2,35.74266194444444,139.40445166666666,1,3,9999,0,9,0
1,30,879,272,2,0,1,30000,0,223,2022,6,7,16,25,12,4,25,18,55,3,1,2,13,7,0,0,0,0,1,1,1,70,5,4,1,65,65,14,61,31,0,11,0,1,0,11,0,10,0,10,0,3,0,2,0,2,0,4,2,35.76141138888889,139.38611833333331,3,3,9999,0,9,0
1,30,879,303,2,0,1,30000,0,220,2022,6,21,9,40,12,4,25,19,0,2,2,1,1,1,9,22,0,0,19,9,30,70,5,2,1,55,35,17,61,1,0,11,0,1,0,11,0,3,0,10,0,3,0,2,0,2,0,4,2,35.7364,139.4449363888889,3,3,9999,0,9,0
1,30,879,310,2,0,1,30000,0,220,2022,6,24,18,0,12,4,26,19,1,1,1,1,1,7,1,21,0,0,14,9,30,70,4,1,1,1,1,51,61,41,0,0,0,0,0,0,0,0,0,10,0,3,0,0,0,0,0,4,2,35.74242861111111,139.42898194444444,6,3,0,0,0,0
1,30,880,116,2,0,1,30000,0,205,2022,6,4,17,55,13,4,26,18,53,1,1,5,1,1,9,22,0,0,12,9,30,70,4,2,1,45,65,3,61,31,0,1,0,1,0,11,0,3,0,10,0,4,0,2,0,2,0,4,2,35.805860833333334,139.31130722222224,7,3,9999,0,1,0
1,30,880,124,2,0,1,30000,0,205,2022,6,12,21,40,22,4,25,18,57,1,1,1,1,1,9,22,0,0,19,9,30,70,4,2,1,45,55,3,61,31,0,1,0,1,0,11,0,3,0,10,0,3,0,2,0,2,0,4,2,35.79048833333333,139.3095463888889,1,3,9999,0,1,0
1,30,881,82,2,0,1,30000,0,228,2022,6,8,15,20,12,4,25,18,55,2,1,1,1,7,9,22,0,0,11,9,30,70,5,3,1,25,1,3,61,31,0,1,0,1,0,11,0,2,0,50,0,4,0,2,0,2,0,4,2,35.731549722222226,139.25512388888887,4,3,9999,0,1,0
1,30,881,83,2,0,1,30000,0,228,2022,6,10,17,40,12,4,25,18,56,3,3,2,1,7,9,22,0,0,14,9,30,70,5,3,1,45,1,4,61,31,0,1,0,1,0,11,0,2,0,80,0,3,0,2,0,2,0,4,2,35.73238055555556,139.23285055555556,6,3,9999,0,9,0
1,30,881,95,2,0,1,10460,0,228,2022,6,30,15,30,12,4,28,19,1,1,2,1,14,7,0,0,0,0,4,8,1,70,4,1,1,1,1,51,61,41,0,0,0,0,0,0,0,0,0,10,0,3,0,0,0,0,0,4,2,35.73076833333334,139.2270247222222,5,3,0,0,0,0
1,30,881,96,2,0,1,90000,0,305,2022,6,29,16,10,12,4,28,19,1,1,2,1,0,7,0,0,0,0,0,0,20,70,0,4,1,45,75,13,61,1,0,11,0,2,0,11,0,10,0,60,0,4,0,2,0,2,0,4,2,35.75768083333333,139.21786583333335,4,3,9999,0,1,0
1,30,882,211,2,0,1,20000,0,228,2022,5,16,13,45,12,4,35,18,40,2,1,1,1,1,9,22,0,0,18,9,30,70,1,2,1,65,1,4,61,31,0,1,0,1,0,11,0,3,0,10,0,3,0,2,0,2,0,4,2,35.73884666666667,139.30616,2,3,9999,0,9,0
1,30,882,213,2,0,1,30000,0,227,2022,6,9,16,3,12,4,25,18,56,2,1,1,14,7,0,0,0,0,2,9,1,70,4,2,1,55,1,3,61,31,0,1,0,1,0,11,0,2,0,10,0,3,0,2,0,2,0,4,2,35.756480555555555,139.3136538888889,5,3,9999,0,9,0
1,30,882,227,2,0,1,95000,0,227,2022,6,24,21,16,22,4,26,19,1,1,1,1,1,1,0,0,0,0,15,9,30,70,4,2,1,45,0,61,0,0,0,0,0,0,0,0,0,0,0,0,0,0,0,0,0,0,0,2,0,35.7558025,139.32024277777776,6,3,0,0,0,0
1,30,883,242,2,0,1,200,460,201,2022,6,2,14,5,12,4,26,18,52,1,1,1,1,1,9,22,0,0,15,9,30,70,4,2,1,75,25,3,61,31,0,1,0,1,0,11,0,4,0,10,0,3,0,2,0,2,0,4,2,35.660558888888886,139.32544055555556,5,3,625,0,1,0
1,30,883,244,2,0,1,30540,0,201,2022,6,3,12,15,12,4,26,18,53,2,1,1,14,7,0,0,0,0,4,9,1,70,4,2,1,45,35,3,61,31,0,1,0,1,0,11,0,3,0,40,0,3,0,2,0,2,0,4,2,35.66352861111111,139.33425111111112,6,3,9999,0,1,0
1,30,883,249,2,0,1,160,0,201,2022,6,9,9,15,12,4,25,18,56,1,1,1,14,7,0,0,0,0,1,9,1,70,5,2,1,55,0,61,0,0,0,0,0,0,0,0,0,0,0,0,0,0,0,0,0,0,0,2,0,35.65524722222222,139.33294138888888,5,3,0,0,0,0
1,30,883,261,2,0,1,30000,0,201,2022,6,17,9,20,12,4,25,18,59,1,1,1,14,7,0,0,0,0,2,9,1,70,5,2,1,1,75,51,61,41,0,0,0,0,0,0,0,0,0,20,0,4,0,0,0,0,0,4,2,35.65445888888889,139.33855027777778,6,3,0,0,0,0
1,30,883,272,2,0,1,160,0,201,2022,6,23,13,10,12,4,26,19,1,2,2,1,14,7,0,0,0,0,4,9,1,70,5,2,1,45,75,14,61,31,0,11,0,1,0,11,0,4,0,80,0,3,0,2,0,2,0,4,2,35.66285138888889,139.32921055555556,5,3,9999,0,9,0
1,30,884,397,2,0,1,30000,0,209,2022,6,2,22,11,22,4,26,18,52,1,1,1,1,7,1,22,0,0,15,1,30,70,5,3,1,35,65,3,61,31,0,1,0,1,0,11,0,10,0,50,0,3,0,2,0,2,0,4,2,35.55507583333333,139.42812999999998,5,3,9999,0,5,0
1,30,884,398,2,0,1,30000,0,209,2022,6,3,1,48,22,4,26,18,53,1,1,1,14,7,0,0,0,0,2,9,1,70,5,4,1,65,45,3,61,1,0,1,0,1,0,11,0,5,0,10,0,4,0,2,0,2,0,4,2,35.54678,139.43764972222223,6,3,9999,0,9,0
1,30,884,409,2,0,1,30560,0,209,2022,6,6,21,0,22,4,25,18,54,3,1,2,1,1,9,22,0,0,18,9,30,70,4,2,1,65,45,4,61,31,0,1,0,1,0,11,0,3,0,10,0,2,0,2,0,2,0,4,2,35.54832472222222,139.43699722222223,2,3,9999,0,9,0
1,30,884,411,2,0,1,21120,0,209,2022,6,7,13,20,12,4,25,18,55,2,1,1,1,7,9,22,0,0,14,9,30,70,4,2,1,65,1,3,61,31,0,1,0,1,0,11,0,3,0,10,0,3,0,2,0,2,0,4,2,35.540875,139.47805861111112,3,3,9999,0,9,0
1,30,884,412,2,0,1,30000,0,209,2022,6,7,17,40,12,4,25,18,55,2,1,1,1,1,9,22,0,0,13,9,30,70,4,2,1,65,35,3,61,31,0,1,0,1,0,11,0,3,0,10,0,4,0,2,0,2,0,4,2,35.533675833333334,139.46636638888887,3,3,9999,0,9,0
1,30,884,418,2,0,1,99000,0,209,2022,6,10,15,55,12,4,25,18,56,2,1,1,0,7,0,0,0,0,0,0,20,70,0,4,1,65,65,51,61,41,0,0,0,0,0,0,0,0,0,40,0,3,0,0,0,0,0,4,2,35.541150555555554,139.44767583333334,6,3,0,0,0,0
1,30,884,429,2,0,1,99000,0,209,2022,6,13,20,30,22,4,25,18,58,1,2,1,0,7,0,0,0,0,0,0,20,70,0,4,1,45,75,14,61,31,0,11,0,1,0,11,0,10,0,20,0,3,0,2,0,2,0,4,2,35.530435,139.46176666666665,2,3,9999,0,9,0
1,30,884,435,2,0,1,30000,0,209,2022,6,16,20,53,22,4,25,18,59,1,1,1,1,7,1,22,0,0,11,7,30,70,5,3,1,25,35,3,61,31,0,1,0,1,0,11,0,2,0,80,0,3,0,2,0,2,0,4,2,35.54586777777778,139.44415944444444,5,3,9999,0,1,0
1,30,884,443,2,0,1,30000,0,209,2022,6,17,17,10,12,4,25,18,59,1,2,1,14,7,0,0,0,0,4,9,1,70,4,2,1,35,55,3,61,31,0,1,0,1,0,11,0,3,0,10,0,3,0,2,0,2,0,4,2,35.595689444444446,139.44493944444446,6,3,9999,0,1,0
1,30,884,448,2,0,1,30000,0,209,2022,6,19,13,40,12,4,25,19,0,1,1,1,14,7,0,0,0,0,2,9,1,70,5,4,1,1,65,52,61,41,0,0,0,0,0,0,0,0,0,10,0,3,0,0,0,0,0,4,2,35.54282972222222,139.44785777777778,1,3,0,0,0,0
1,30,884,453,2,0,1,30000,0,209,2022,6,21,11,30,12,4,25,19,0,1,1,1,1,1,1,22,0,0,15,9,30,70,4,2,1,65,75,4,61,31,0,1,0,1,0,11,0,2,0,10,0,3,0,2,0,2,0,4,2,35.57632666666667,139.41917138888888,3,3,9999,0,9,0
1,30,884,469,2,0,1,30000,0,209,2022,6,27,8,45,12,4,27,19,1,1,1,1,1,7,9,22,0,0,11,9,30,70,5,3,1,45,75,3,61,31,0,1,0,1,0,11,0,2,0,50,0,3,0,2,0,2,0,4,2,35.59457527777778,139.40790583333333,2,3,9999,0,1,0
1,30,884,473,2,0,1,30000,0,209,2022,6,29,14,10,12,4,28,19,1,1,1,1,14,7,0,0,0,0,3,7,1,1,4,2,1,75,35,51,61,41,0,0,0,0,0,0,0,0,0,10,0,4,0,0,0,0,0,4,2,35.56359888888888,139.43678111111112,4,3,0,0,0,0
1,30,884,476,2,0,1,10490,0,209,2022,6,22,8,25,12,4,26,19,0,2,2,1,1,7,9,22,0,0,15,9,30,70,4,2,1,75,45,4,61,31,0,1,0,1,0,11,0,3,0,80,0,4,0,2,0,2,0,4,2,35.57184055555556,139.42070055555556,4,3,637,0,9,0
1,30,886,177,2,0,1,30000,0,207,2022,6,2,18,37,13,4,26,18,52,1,1,1,14,7,0,0,0,0,2,9,1,70,5,4,1,1,1,4,61,31,0,1,0,1,0,11,0,10,0,10,0,3,0,2,0,2,0,4,2,35.72157861111111,139.35031999999998,5,3,9999,0,5,0
1,30,886,208,2,0,1,30810,0,207,2022,6,27,8,40,12,4,27,19,1,1,1,1,1,7,9,22,0,0,11,9,30,70,4,1,1,35,55,51,61,41,0,0,0,0,0,0,0,0,0,10,0,3,0,0,0,0,0,4,2,35.7044275,139.38394722222222,2,3,0,0,0,0
1,30,886,211,2,0,1,30810,0,207,2022,6,30,10,25,12,4,28,19,1,1,1,1,14,7,0,0,0,0,3,9,1,70,4,2,1,25,75,3,61,31,0,1,0,1,0,11,0,3,0,10,0,3,0,2,0,2,0,4,2,35.71022916666667,139.36735944444445,5,3,9999,0,1,0
1,30,887,293,2,0,1,30000,0,215,2022,5,28,18,0,13,4,28,18,49,1,1,1,14,7,0,0,0,0,3,9,1,70,5,2,1,45,55,3,61,31,0,1,0,1,0,11,0,2,0,40,0,3,0,2,0,2,0,4,2,35.68363083333333,139.44970972222222,7,3,9999,0,1,0
1,30,887,310,2,0,1,30000,0,202,2022,6,17,8,30,12,4,25,18,59,2,2,1,14,7,0,0,0,0,2,9,1,70,5,3,1,1,45,3,61,31,0,1,0,1,0,11,0,1,0,40,0,3,0,2,0,2,0,4,2,35.727375,139.39817277777777,6,3,9999,0,1,0
1,30,887,318,2,0,1,30000,0,202,2022,6,20,15,40,12,4,25,19,0,2,1,1,14,7,0,0,0,0,1,9,1,70,5,3,1,1,0,61,0,0,0,0,0,0,0,0,0,0,0,0,0,0,0,0,0,0,0,2,0,35.72221388888889,139.39292166666667,2,3,0,0,0,0
1,30,887,320,2,0,1,30000,0,202,2022,6,21,20,7,22,4,25,19,0,3,2,2,1,1,9,22,0,0,15,9,30,70,1,2,1,45,45,3,61,31,0,1,0,1,0,11,0,3,0,10,0,3,0,2,0,2,0,4,2,35.70031,139.41181333333333,3,3,9999,0,1,0
1,30,888,110,2,0,1,30000,0,206,2021,5,14,8,10,12,4,37,18,38,2,1,1,1,7,9,22,0,0,11,9,30,70,5,3,1,65,45,4,61,31,0,1,0,1,0,11,0,2,0,80,0,4,0,2,0,2,0,4,2,35.666401666666665,139.47587805555557,6,3,9999,0,9,0
1,30,888,119,2,0,1,10750,0,206,2022,1,6,18,30,22,6,51,16,43,5,1,4,14,7,0,0,0,0,2,9,1,70,5,2,1,35,25,51,61,41,0,0,0,0,0,0,0,0,0,40,0,3,0,0,0,0,0,4,2,35.68872083333333,139.48177444444445,5,3,0,0,0,0
1,30,888,124,2,0,1,10660,0,206,2022,6,23,8,3,12,4,26,19,1,2,1,1,1,7,9,22,0,0,12,9,30,70,5,2,1,1,1,51,61,41,0,0,0,0,0,0,0,0,0,10,0,3,0,0,0,0,0,4,2,35.657784166666666,139.48839388888888,5,3,0,0,0,0
1,30,888,125,2,0,1,30000,0,206,2022,6,23,16,15,12,4,26,19,1,2,1,1,14,7,0,0,0,0,2,9,1,70,5,4,1,65,1,17,61,31,0,11,0,1,0,11,0,10,0,20,0,4,0,2,0,2,0,4,2,35.66004916666667,139.44973972222223,5,3,9999,0,1,0
1,30,888,127,2,0,1,30000,0,206,2022,6,24,19,53,21,4,26,19,1,1,1,1,1,1,9,22,0,0,15,9,30,70,4,1,1,45,75,14,61,31,0,11,0,1,0,11,0,2,0,10,0,3,0,2,0,2,0,4,2,35.679903055555556,139.4614822222222,6,3,9999,0,9,0
1,30,889,119,2,0,1,30000,0,214,2022,6,7,7,5,12,4,25,18,55,1,1,1,14,7,0,0,0,0,3,9,1,1,5,4,1,55,45,3,61,31,0,1,0,1,0,11,0,2,0,40,0,3,0,2,0,2,0,4,2,35.70381527777778,139.44910611111112,3,3,9999,0,9,0
1,30,889,121,2,0,1,30000,0,214,2022,6,10,17,7,12,4,25,18,56,1,1,1,7,7,0,0,0,0,2,9,1,70,5,2,1,55,1,3,61,31,0,1,0,1,0,11,0,2,0,20,0,3,0,2,0,2,0,4,2,35.69855722222222,139.46522444444443,6,3,9999,0,9,0
1,30,889,122,2,0,1,20880,0,210,2022,5,16,11,35,12,4,35,18,40,3,1,2,14,7,0,0,0,0,2,9,1,70,4,2,1,75,1,3,61,31,0,1,0,1,0,11,0,2,0,10,0,3,0,2,0,2,0,4,2,35.69716722222222,139.51089583333334,2,3,437,0,9,0
1,30,889,136,2,0,1,30000,0,214,2022,6,21,8,2,12,4,25,19,0,1,1,1,14,7,0,0,0,0,2,9,1,70,5,2,1,1,0,61,0,0,0,0,0,0,0,0,0,0,0,0,0,0,0,0,0,0,0,2,0,35.70088166666667,139.4599747222222,3,3,0,0,0,0
1,30,889,144,2,0,1,10260,0,214,2022,6,30,17,35,12,4,28,19,1,1,1,1,1,7,9,22,0,0,15,6,30,70,4,4,1,25,1,3,61,31,0,1,0,1,0,11,0,3,0,10,0,3,0,2,0,2,0,4,2,35.71705055555556,139.4499,5,3,9999,0,1,0
1,30,890,146,2,0,1,95000,0,229,2022,3,11,14,15,12,5,58,17,45,1,1,1,0,7,0,0,0,0,0,0,20,70,0,3,1,45,55,3,61,1,0,1,0,1,0,11,0,2,0,30,0,3,0,2,0,2,0,4,2,35.73012416666667,139.566765,6,3,9999,0,9,0
1,30,890,149,2,0,1,30000,0,229,2022,5,11,7,55,12,4,40,18,36,1,1,1,1,7,9,22,0,0,11,9,30,70,5,2,1,55,35,35,61,31,0,0,0,0,0,11,0,1,0,10,0,3,0,0,0,0,0,4,2,35.75143194444444,139.5445511111111,4,3,9999,0,9,0
1,30,890,154,2,0,1,30610,0,229,2022,6,11,22,22,22,4,25,18,57,3,1,2,1,7,9,22,0,0,15,9,30,70,4,2,1,1,65,51,61,41,0,0,0,0,0,0,0,0,0,12,0,3,0,0,0,0,0,4,2,35.730626944444445,139.5282277777778,7,3,0,0,0,0
1,30,890,157,2,0,1,95000,0,229,2022,5,30,17,40,12,4,27,18,50,1,1,1,1,7,1,22,0,0,11,9,30,70,5,3,1,75,55,4,61,31,0,1,0,1,0,11,0,2,0,40,0,4,0,2,0,2,0,4,2,35.74167027777778,139.5501452777778,2,3,689,0,9,0
1,30,890,160,2,0,1,99000,0,229,2022,5,8,14,33,12,4,42,18,33,2,1,1,0,7,0,0,0,0,0,0,20,70,0,4,1,35,75,3,61,31,0,1,0,1,0,11,0,10,0,60,0,3,0,2,0,2,0,4,2,35.72582944444444,139.55301472222223,1,3,9999,0,5,0
1,30,890,170,2,0,1,30000,0,229,2022,6,30,8,35,12,4,28,19,1,1,1,1,14,7,0,0,0,0,3,9,1,70,5,2,1,65,55,3,61,31,0,1,0,1,0,11,0,2,0,40,0,3,0,2,0,2,0,4,2,35.72647916666667,139.52911083333333,5,3,9999,0,9,0
1,30,891,166,2,0,1,30000,0,213,2022,4,9,19,5,21,5,17,18,9,1,2,1,14,7,0,0,0,0,2,9,1,70,5,3,1,55,45,3,61,31,0,1,0,1,0,11,0,2,0,40,0,4,0,2,0,2,0,4,2,35.778039166666666,139.4946086111111,7,3,9999,0,9,0
1,30,891,171,2,0,1,95000,0,213,2022,6,6,15,17,12,4,25,18,54,3,1,1,1,1,9,22,0,0,15,9,30,70,4,2,1,35,1,3,61,31,0,1,0,1,0,11,0,3,0,10,0,3,0,2,0,2,0,4,2,35.75559,139.48324472222222,2,3,9999,0,1,0
1,30,891,175,2,0,1,30000,0,221,2022,6,3,9,50,12,4,26,18,53,1,1,1,14,7,0,0,0,0,2,9,1,70,5,2,1,75,55,14,61,31,0,11,0,1,0,11,0,1,0,10,0,3,0,2,0,2,0,4,2,35.77090777777778,139.5191463888889,6,3,791,0,9,0
1,30,891,181,2,0,1,30000,0,221,2022,6,23,9,30,12,4,26,19,1,2,2,1,14,7,0,0,0,0,3,9,1,70,4,2,1,35,75,3,61,31,0,1,0,1,0,11,0,10,0,10,0,3,0,2,0,2,0,4,2,35.76889888888889,139.50719138888888,5,3,9999,0,1,0
1,30,891,190,2,0,1,30000,0,213,2022,4,12,18,55,21,5,13,18,12,1,2,1,14,7,0,0,0,0,2,9,1,70,5,3,1,1,0,61,0,0,0,0,0,0,0,0,0,0,0,0,0,0,0,0,0,0,0,2,0,35.777990555555554,139.49459527777776,3,3,0,0,0,0
1,30,892,155,1,1,0,30000,0,203,2022,4,3,19,25,22,5,25,18,4,3,1,2,7,7,0,0,0,0,3,9,1,70,5,2,1,35,25,3,61,31,0,1,0,1,0,11,0,2,0,10,0,2,0,2,0,2,0,4,1,35.70960361111111,139.53207111111112,1,3,9999,0,1,0
1,30,892,159,2,0,1,20230,0,203,2022,6,7,7,45,12,4,25,18,55,1,1,1,14,7,0,0,0,0,3,9,1,70,4,2,1,35,55,51,61,41,0,0,0,0,0,0,0,0,0,10,0,4,0,0,0,0,0,4,2,35.71168,139.58151527777778,3,3,0,0,0,0
1,30,892,163,2,0,1,21220,0,203,2022,6,10,8,20,12,4,25,18,56,1,1,1,14,7,0,0,0,0,5,9,1,70,4,1,1,1,1,51,61,41,0,0,0,0,0,0,0,0,0,40,0,3,0,0,0,0,0,4,2,35.720755277777776,139.55728444444446,6,3,0,0,0,0
1,30,892,164,2,0,1,95000,0,203,2022,6,11,10,12,12,4,25,18,57,2,1,1,7,7,0,0,0,0,3,9,1,70,4,3,1,75,65,4,61,31,0,1,0,1,0,11,0,2,0,80,0,3,0,2,0,2,0,4,2,35.69796777777778,139.59147944444445,7,3,536,0,9,0
1,30,892,178,2,0,1,10260,0,203,2022,6,23,9,20,12,4,26,19,1,1,1,1,14,7,0,0,0,0,2,9,1,70,4,2,1,55,75,51,61,41,0,0,0,0,0,0,0,0,0,20,0,4,0,0,0,0,0,4,2,35.709590000000006,139.5727775,5,3,0,0,0,0
1,30,892,180,2,0,1,30000,0,203,2022,6,27,14,4,12,4,27,19,1,1,1,1,1,7,9,22,0,0,11,9,30,70,5,4,1,1,1,14,61,31,0,11,0,1,0,11,0,10,0,10,0,3,0,2,0,2,0,4,2,35.71394111111111,139.56800777777778,2,3,9999,0,1,0
1,30,893,155,2,0,1,20230,0,204,2022,6,7,7,50,12,4,25,18,55,2,1,1,14,7,0,0,0,0,3,9,1,1,4,2,1,25,1,51,61,41,0,0,0,0,0,0,0,0,0,10,0,3,0,0,0,0,0,4,2,35.68957833333333,139.56917222222222,3,3,0,0,0,0
1,30,893,160,2,0,1,30000,0,204,2022,6,8,12,30,12,4,25,18,55,2,1,1,7,7,0,0,0,0,2,9,1,70,5,3,1,1,25,36,61,31,0,0,0,0,0,11,0,2,0,10,0,4,0,0,0,0,0,4,2,35.697696388888886,139.5604825,4,3,9999,0,5,0
1,30,893,162,2,0,1,30000,0,204,2022,6,11,23,10,22,4,25,18,57,3,1,2,1,7,9,22,0,0,15,9,30,70,5,3,1,1,55,51,61,41,0,0,0,0,0,0,0,0,0,10,0,3,0,0,0,0,0,4,2,35.69713944444444,139.57625583333333,7,3,0,0,0,0
1,30,893,165,2,0,1,30000,0,204,2022,6,13,16,24,12,4,25,18,58,2,1,1,14,7,0,0,0,0,2,9,1,70,5,3,1,45,55,51,61,41,0,0,0,0,0,0,0,0,0,20,0,3,0,0,0,0,0,4,2,35.69915694444444,139.56460444444446,2,3,0,0,0,0
1,30,893,171,2,0,1,30000,0,204,2022,6,27,10,55,12,4,27,19,1,1,1,1,7,7,0,0,0,0,2,9,1,70,5,2,1,45,65,51,61,41,0,0,0,0,0,0,0,0,0,10,0,3,0,0,0,0,0,4,2,35.68924333333333,139.55869611111112,2,3,0,0,0,0
1,30,893,175,2,0,1,20900,0,204,2022,6,28,8,30,12,4,28,19,1,1,1,1,14,7,0,0,0,0,4,9,1,70,4,2,1,1,45,51,61,41,0,0,0,0,0,0,0,0,0,10,0,3,0,0,0,0,0,4,2,35.70024611111111,139.55891861111112,3,3,0,0,0,0
1,30,893,178,2,0,1,20230,0,204,2022,6,30,12,20,12,4,28,19,1,1,1,1,14,7,0,0,0,0,3,9,1,70,5,1,1,1,75,51,61,41,0,0,0,0,0,0,0,0,0,10,0,3,0,0,0,0,0,4,2,35.69210416666667,139.5695125,5,3,0,0,0,0
1,30,894,241,2,0,1,30000,0,208,2022,6,4,14,20,12,4,26,18,53,1,1,1,14,7,0,0,0,0,3,9,1,70,4,2,1,45,45,3,61,31,0,1,0,1,0,11,0,2,0,10,0,3,0,2,0,2,0,4,2,35.65147611111111,139.54234083333333,7,3,9999,0,1,0
1,30,894,251,2,0,1,95000,0,208,2022,6,11,12,24,12,4,25,18,57,2,1,1,0,7,0,0,0,0,0,0,20,70,0,4,1,45,1,51,61,41,0,0,0,0,0,0,0,0,0,10,0,3,0,0,0,0,0,4,2,35.65163888888889,139.54386472222222,7,3,0,0,0,0
1,30,894,262,2,0,1,30000,0,208,2022,6,14,10,20,12,4,25,18,58,3,1,2,14,7,0,0,0,0,3,9,1,70,5,4,1,45,75,3,61,31,0,1,0,2,0,11,0,10,0,30,0,3,0,2,0,2,0,4,2,35.652272777777775,139.54090833333333,3,3,9999,0,5,0
1,30,894,265,2,0,1,30840,0,208,2022,6,10,14,35,12,4,25,18,56,1,1,1,14,7,0,0,0,0,4,9,1,70,4,2,1,55,25,3,61,31,0,1,0,1,0,11,0,3,0,40,0,2,0,2,0,2,0,4,2,35.64534555555556,139.55754833333336,6,3,9999,0,1,0
1,30,894,267,2,0,1,10620,0,208,2022,6,16,9,25,12,4,25,18,59,2,1,1,1,1,9,22,0,0,14,9,30,70,4,2,1,1,65,51,61,41,0,0,0,0,0,0,0,0,0,10,0,3,0,0,0,0,0,4,2,35.64874972222222,139.55882055555557,5,3,0,0,0,0