資料区分,都道府県コード,警察署等コード,本票番号,事故内容,死者数,負傷者数,路線コード,地点コード,市区町村コード,発生日時　　年,発生日時　　月,発生日時　　日,発生日時　　時,発生日時　　分,昼夜,日の出時刻　　時,日の出時刻　　分,日の入り時刻　　時,日の入り時刻　　分,天候,地形,路面状態,道路形状,信号機,一時停止規制　標識（当事者A）,一時停止規制　表示（当事者A）,一時停止規制　標識（当事者B）,一時停止規制　表示（当事者B）,車道幅員,道路線形,衝突地点,ゾーン規制,中央分離帯施設等,歩車道区分,事故類型,年齢（当事者A）,年齢（当事者B）,当事者種別（当事者A）,当事者種別（当事者B）,用途別（当事者A）,用途別（当事者B）,車両形状等（当事者A）,車両形状等（当事者B）,オートマチック車（当事者A）,オートマチック車（当事者B）,サポカー（当事者A）,サポカー（当事者B）,速度規制（指定のみ）（当事者A）,速度規制（指定のみ）（当事者B）,車両の衝突部位（当事者A）,車両の衝突部位（当事者B）,車両の損壊程度（当事者A）,車両の損壊程度（当事者B）,エアバッグの装備（当事者A）,エアバッグの装備（当事者B）,サイドエアバッグの装備（当事者A）,サイドエアバッグの装備（当事者B）,人身損傷程度（当事者A）,人身損傷程度（当事者B）,lat,lon,曜日(発生年月日),祝日(発生年月日),認知機能検査経過日数（当事者A）,認知機能検査経過日数（当事者B）,運転練習の方法（当事者A）,運転練習の方法（当事者B）
1,30,894,275,2,0,1,20900,0,208,2022,6,21,7,5,12,4,25,19,0,1,1,1,14,7,0,0,0,0,2,9,1,70,4,2,1,45,35,3,61,31,0,1,0,1,0,11,0,3,0,10,0,3,0,2,0,1,0,4,2,35.680414999999996,139.55770833333335,3,3,9999,0,9,0
1,30,894,282,2,0,1,90000,0,219,2022,6,28,22,20,22,4,28,19,1,1,1,1,0,7,0,0,0,0,0,0,20,70,0,4,1,1,25,51,61,41,0,0,0,0,0,0,0,0,0,10,0,3,0,0,0,0,0,4,2,35.632510833333335,139.57768388888888,3,3,0,0,0,0
1,30,894,284,2,0,1,10610,0,208,2022,6,29,7,40,12,4,28,19,1,1,1,1,14,7,0,0,0,0,4,9,1,70,5,2,1,45,55,51,61,41,0,0,0,0,0,0,0,0,0,10,0,3,0,0,0,0,0,4,2,35.653753888888886,139.53823305555557,4,3,0,0,0,0
1,30,894,286,2,0,1,30000,0,219,2022,6,29,15,40,12,4,28,19,1,1,1,1,14,7,0,0,0,0,1,9,1,70,5,2,1,75,0,61,0,0,0,0,0,0,0,0,0,0,0,0,0,0,0,0,0,0,0,2,0,35.632868611111114,139.57764805555556,4,3,0,0,0,0
1,30,895,80,2,0,1,30000,0,211,2022,3,25,15,5,12,5,38,17,57,1,1,3,1,1,9,22,0,0,11,9,30,70,5,2,1,45,75,14,61,31,0,11,0,1,0,11,0,3,0,50,0,3,0,2,0,2,0,4,2,35.738435833333334,139.48758805555553,6,3,9999,0,9,0
1,30,100,100,2,0,1,30000,0,101,2022,7,2,15,15,12,4,29,19,1,1,1,1,1,7,9,22,0,0,15,9,30,70,5,2,1,45,1,14,61,31,0,11,0,1,0,11,0,2,0,80,0,3,0,2,0,2,0,4,2,35.692546944444445,139.7436936111111,7,3,9999,0,9,0
1,30,100,103,2,0,1,30000,0,101,2022,7,9,13,24,12,4,33,18,59,1,1,1,1,1,9,22,0,0,11,9,30,70,4,2,1,45,45,3,61,31,0,1,0,1,0,11,0,2,0,10,0,3,0,2,0,2,0,4,2,35.68723111111111,139.7418772222222,7,3,9999,0,9,0
1,30,101,73,2,0,1,30850,0,101,2022,6,16,1,2,22,4,25,18,59,2,1,1,1,1,9,22,0,0,15,9,30,70,5,1,1,55,25,3,61,1,0,1,0,1,0,11,0,3,0,10,0,3,0,2,0,2,0,4,2,35.67003888888889,139.75737527777778,5,3,9999,0,9,0
1,30,102,62,2,0,1,95000,0,101,2022,7,14,20,35,22,4,36,18,58,3,1,2,1,1,9,22,0,0,17,9,30,70,4,1,1,55,25,3,61,31,0,1,0,1,0,11,0,5,0,10,0,3,0,2,0,2,0,4,2,35.69023083333333,139.76447222222222,5,3,9999,0,9,0
1,30,103,70,2,0,1,20070,0,101,2022,6,26,22,0,22,4,27,19,1,1,1,1,1,8,9,22,0,0,19,9,30,70,1,1,1,65,25,32,61,31,0,0,0,0,0,11,0,5,0,10,0,3,0,0,0,0,0,4,2,35.69739,139.77111333333335,1,3,9999,0,9,0
1,30,103,73,2,0,2,40,15,101,2022,7,9,0,20,22,4,33,18,59,1,1,1,1,1,9,22,0,0,17,9,30,70,1,2,1,45,35,34,61,31,0,0,0,0,0,11,0,5,0,10,0,3,0,0,0,0,0,2,2,35.69817,139.77563,7,3,9999,0,9,0
1,30,103,74,2,0,1,30000,0,101,2022,7,11,13,15,12,4,34,18,59,1,1,1,14,7,0,0,0,0,4,9,1,70,5,2,1,25,75,3,61,31,0,1,0,1,0,11,0,5,0,30,0,4,0,2,0,2,0,4,2,35.69071222222222,139.77113,2,3,9999,0,1,0
1,30,103,78,2,0,1,30000,0,101,2022,7,20,21,50,22,4,40,18,55,1,1,1,1,7,1,21,0,0,15,9,30,70,5,2,1,45,35,3,61,31,0,1,0,1,0,11,0,2,0,50,0,4,0,2,0,2,0,4,2,35.696681388888884,139.77058611111113,4,3,9999,0,1,0
1,30,104,136,2,0,1,20100,0,102,2022,7,12,23,38,22,4,35,18,58,3,1,2,14,1,0,0,0,0,5,9,1,70,1,2,1,55,35,3,61,1,0,1,0,1,0,11,0,5,0,10,0,3,0,2,0,2,0,4,2,35.675576666666664,139.77118000000002,3,3,9999,0,9,0
1,30,104,139,2,0,2,20100,0,102,2022,7,15,16,37,12,4,36,18,57,3,1,2,1,1,9,22,0,0,18,9,30,70,1,2,1,55,45,3,61,1,0,1,0,1,0,11,0,4,0,10,0,4,0,2,0,2,0,2,2,35.67859111111111,139.7730791666667,6,3,9999,0,9,0
1,30,104,145,2,0,1,95000,0,102,2022,7,20,13,40,12,4,40,18,55,1,1,1,7,7,0,0,0,0,4,9,1,70,4,2,1,55,25,31,61,1,0,0,0,0,0,11,0,3,0,10,0,3,0,0,0,0,0,4,2,35.684935555555555,139.7781075,4,3,9999,0,9,0
1,30,104,148,2,0,1,30000,0,102,2022,7,27,19,25,21,4,45,18,50,1,1,1,1,7,9,22,0,0,14,9,30,70,5,2,1,1,55,51,61,41,0,0,0,0,0,0,0,0,0,10,0,4,0,0,0,0,0,4,2,35.686748055555555,139.77550333333335,4,3,0,0,0,0
1,30,105,44,2,0,1,30000,0,102,2022,7,10,20,5,22,4,33,18,59,1,1,1,14,7,0,0,0,0,1,9,1,70,5,3,1,45,45,3,61,31,0,1,0,1,0,11,0,1,0,10,0,3,0,2,0,2,0,4,2,35.68114027777778,139.78483444444444,1,3,9999,0,9,0
1,30,105,46,2,0,1,30000,0,102,2022,6,27,9,10,12,4,27,19,1,1,1,1,1,1,9,22,0,0,15,9,30,70,4,2,1,35,1,17,61,31,0,11,0,2,0,11,0,2,0,10,0,3,0,2,0,2,0,4,2,35.69567472222222,139.78267666666667,2,3,9999,0,1,0
1,30,106,88,2,0,1,20090,0,102,2022,7,6,0,8,22,4,31,19,0,3,1,2,1,7,9,22,0,0,14,9,30,70,5,2,1,55,25,3,61,1,0,1,0,1,0,11,0,4,0,10,0,3,0,2,0,2,0,4,2,35.668167777777775,139.75867444444444,4,3,9999,0,9,0
1,30,106,93,2,0,1,30000,0,102,2022,7,11,12,20,12,4,34,18,59,1,1,1,1,7,9,22,0,0,15,9,30,70,4,1,1,75,55,3,61,31,0,1,0,1,0,11,0,10,0,80,0,3,0,2,0,2,0,4,2,35.66640722222222,139.7684463888889,2,3,57,0,9,0
1,30,106,94,2,0,1,30000,0,102,2022,7,12,18,10,13,4,35,18,58,3,1,2,14,7,0,0,0,0,3,9,1,70,5,4,1,75,45,3,61,1,0,1,0,1,0,11,0,10,0,10,0,4,0,2,0,2,0,4,2,35.672237499999994,139.7670441666667,3,3,9999,0,9,0
1,30,106,97,2,0,1,30000,0,102,2022,7,18,9,45,12,4,38,18,56,1,1,1,1,7,1,21,0,0,11,9,30,1,5,4,1,75,75,3,61,31,0,1,0,1,0,11,0,2,0,10,0,4,0,2,0,2,0,4,2,35.668886666666666,139.76390583333333,2,1,849,0,9,0
1,30,106,102,2,0,1,30000,0,102,2022,7,29,17,20,12,4,46,18,48,1,1,1,14,7,0,0,0,0,3,9,1,1,5,4,1,45,35,13,61,31,0,11,0,1,0,11,0,2,0,50,0,3,0,2,0,2,0,4,2,35.670921111111106,139.77480833333334,6,3,9999,0,1,0
1,30,107,58,2,0,2,99000,0,102,2022,7,7,18,10,13,4,32,19,0,1,1,1,0,7,0,0,0,0,0,0,20,70,0,4,1,1,35,51,61,41,0,0,0,0,0,0,0,0,0,10,0,3,0,0,0,0,0,4,2,35.66152611111111,139.77702361111113,5,3,0,0,0,0
1,30,107,61,2,0,1,10000,0,102,2022,7,15,15,45,12,4,36,18,57,3,1,2,14,7,0,0,0,0,3,9,1,70,5,2,1,35,75,51,61,41,0,0,0,0,0,0,0,0,0,10,0,3,0,0,0,0,0,4,2,35.66357333333333,139.78134416666668,6,3,0,0,0,0
1,30,107,68,2,0,1,30000,0,102,2022,7,27,19,45,21,4,45,18,50,1,1,1,14,7,0,0,0,0,3,9,1,1,5,2,1,45,35,14,61,1,0,11,0,1,0,11,0,2,0,10,0,4,0,2,0,2,0,4,2,35.66128388888889,139.7839225,4,3,9999,0,3,0
1,30,108,114,2,0,1,30000,0,103,2022,7,2,3,55,23,4,29,19,1,2,1,1,14,7,0,0,0,0,4,9,1,70,4,2,1,55,55,17,61,31,0,11,0,1,0,11,0,3,0,30,0,3,0,2,0,2,0,4,2,35.656977777777776,139.75323,7,3,9999,0,9,0
1,30,108,123,2,0,1,30000,0,103,2022,6,1,12,12,12,4,27,18,51,1,1,1,14,7,0,0,0,0,1,9,1,70,5,3,1,35,0,61,0,0,0,0,0,0,0,0,0,0,0,0,0,0,0,0,0,0,0,2,0,35.65553222222222,139.75356472222222,4,3,0,0,0,0
1,30,108,127,2,0,1,30000,0,103,2022,6,9,18,33,13,4,25,18,56,2,1,1,7,7,0,0,0,0,2,9,1,70,5,2,1,25,0,61,0,0,0,0,0,0,0,0,0,0,0,0,0,0,0,0,0,0,0,2,0,35.65701444444444,139.75626472222223,5,3,0,0,0,0
1,30,109,86,2,0,1,30000,0,103,2022,7,4,9,50,12,4,30,19,1,2,1,2,14,7,0,0,0,0,2,9,1,70,5,3,1,65,45,3,61,1,0,1,0,1,0,11,0,2,0,60,0,4,0,2,0,2,0,4,2,35.65070472222222,139.7395686111111,2,3,9999,0,9,0
1,30,109,89,2,0,1,150,45,103,2022,7,15,21,48,22,4,36,18,57,2,1,2,1,1,9,22,0,0,19,9,30,70,1,2,1,25,25,5,61,31,0,1,0,1,0,11,0,4,0,10,0,3,0,2,0,2,0,4,2,35.64892861111111,139.75301638888888,6,3,9999,0,1,0
1,30,109,91,2,0,1,10,66,103,2022,7,18,20,50,22,4,38,18,56,1,1,1,1,1,9,22,0,0,19,9,30,70,1,1,1,1,55,51,61,41,0,0,0,0,0,0,0,0,0,10,0,3,0,0,0,0,0,4,2,35.64795,139.7446958333333,2,1,0,0,0,0
1,30,110,79,2,0,1,30000,0,103,2022,7,18,8,10,12,4,38,18,56,1,1,1,14,7,0,0,0,0,3,9,1,1,5,3,1,35,1,51,61,41,0,0,0,0,0,0,0,0,0,40,0,3,0,0,0,0,0,4,2,35.64049444444444,139.73311944444444,2,1,0,0,0,0
1,30,111,155,2,0,1,30000,0,103,2022,7,5,5,0,11,4,31,19,0,3,1,2,14,7,0,0,0,0,3,9,1,70,5,1,1,1,1,51,61,41,0,0,0,0,0,0,0,0,0,10,0,4,0,0,0,0,0,4,2,35.654021388888886,139.7313163888889,3,3,0,0,0,0
1,30,112,116,2,0,1,20000,0,103,2022,7,9,4,5,23,4,33,18,59,1,1,1,14,7,0,0,0,0,2,9,1,70,5,1,1,75,25,3,61,31,0,1,0,1,0,11,0,5,0,50,0,3,0,2,0,2,0,4,2,35.66205611111111,139.71812583333335,7,3,617,0,1,0
1,30,112,117,2,0,1,30000,0,103,2022,7,11,13,0,12,4,34,18,59,1,1,1,14,7,0,0,0,0,3,9,1,70,5,4,1,25,55,51,61,41,0,0,0,0,0,0,0,0,0,10,0,3,0,0,0,0,0,4,2,35.676025555555555,139.73653305555555,2,3,0,0,0,0
1,30,112,118,2,0,1,30000,0,103,2022,7,12,9,45,12,4,35,18,58,2,1,1,7,1,0,0,0,0,2,9,1,70,4,2,1,25,35,51,61,41,0,0,0,0,0,0,0,0,0,10,0,4,0,0,0,0,0,4,2,35.66193277777778,139.71296138888889,3,3,0,0,0,0
1,30,112,122,2,0,1,30000,0,103,2022,7,13,19,0,21,4,35,18,58,2,1,2,14,7,0,0,0,0,3,9,1,70,4,1,1,65,25,3,61,1,0,1,0,1,0,11,0,2,0,80,0,3,0,2,0,2,0,4,2,35.66650055555555,139.74392638888887,4,3,9999,0,9,0
1,30,112,127,2,0,1,30000,0,103,2022,7,17,23,50,22,4,38,18,56,1,1,1,14,7,0,0,0,0,4,9,1,70,4,2,1,65,35,3,61,1,0,1,0,1,0,11,0,10,0,30,0,4,0,2,0,2,0,4,2,35.669555277777775,139.73373555555554,1,2,9999,0,9,0
1,30,112,128,2,0,1,30000,0,103,2022,7,19,10,55,12,4,39,18,55,2,1,1,7,7,0,0,0,0,2,7,1,70,5,3,1,75,45,3,61,1,0,1,0,1,0,11,0,2,0,80,0,3,0,2,0,2,0,4,2,35.669243333333334,139.7383033333333,3,3,14,0,9,0
1,30,112,135,2,0,1,10120,0,103,2022,7,21,7,45,12,4,41,18,54,1,1,1,1,1,9,22,0,0,12,9,30,70,4,1,1,25,35,51,61,41,0,0,0,0,0,0,0,0,0,10,0,4,0,0,0,0,0,4,2,35.66818388888888,139.7271313888889,5,3,0,0,0,0
1,30,113,200,2,0,1,3570,0,108,2022,7,9,10,10,12,4,33,18,59,1,1,1,14,7,0,0,0,0,3,9,1,70,1,4,1,65,45,11,61,1,0,11,0,2,0,11,0,5,0,80,0,3,0,2,0,2,0,4,2,35.646766944444444,139.83152666666666,7,3,9999,0,1,0
1,30,215,79,2,0,1,10070,0,109,2022,7,4,16,15,12,4,30,19,1,1,1,1,14,7,0,0,0,0,1,9,1,70,5,2,1,35,75,51,61,41,0,0,0,0,0,0,0,0,0,10,0,3,0,0,0,0,0,4,2,35.614825833333335,139.74763249999998,2,3,0,0,0,0
1,30,215,88,2,0,1,30000,0,109,2022,7,1,18,31,13,4,29,19,1,1,1,1,14,7,0,0,0,0,1,9,1,70,5,3,1,45,35,13,61,31,0,11,0,1,0,11,0,1,0,80,0,3,0,2,0,2,0,4,2,35.61392083333333,139.73612555555553,6,3,9999,0,9,0
1,30,216,114,2,0,1,30000,0,109,2022,7,5,14,20,12,4,31,19,0,2,1,1,1,1,9,22,0,0,14,9,30,70,1,2,1,65,25,17,61,1,0,11,0,1,0,11,0,4,0,20,0,4,0,2,0,2,0,4,2,35.59015361111111,139.7357647222222,3,3,9999,0,9,0
1,30,216,121,2,0,1,30000,0,109,2022,7,8,21,10,22,4,32,19,0,1,1,1,14,1,0,0,0,0,2,8,1,70,4,2,1,1,65,51,61,41,0,0,0,0,0,0,0,0,0,10,0,3,0,0,0,0,0,4,2,35.60023944444445,139.7506825,6,3,0,0,0,0
1,30,216,122,2,0,1,30000,0,109,2022,7,26,11,20,12,4,44,18,50,3,1,2,14,7,0,0,0,0,2,9,1,70,4,3,1,55,55,14,61,1,0,11,0,1,0,11,0,2,0,10,0,3,0,2,0,2,0,4,2,35.60024111111111,139.72193388888888,3,3,9999,0,9,0
1,30,217,115,2,0,1,10160,0,109,2022,7,17,2,30,22,4,38,18,56,2,1,2,1,1,9,22,0,0,14,9,30,70,1,2,1,35,1,3,61,31,0,1,0,1,0,11,0,5,0,10,0,3,0,2,0,2,0,4,2,35.62518416666667,139.71802472222222,1,2,9999,0,1,0
1,30,217,126,2,0,1,30000,0,109,2022,6,11,13,45,12,4,25,18,57,2,1,1,14,7,0,0,0,0,1,9,1,1,5,3,1,65,35,3,61,31,0,1,0,1,0,11,0,2,0,20,0,3,0,2,0,2,0,4,2,35.63095833333333,139.71646666666666,7,3,9999,0,9,0
1,30,218,158,2,0,1,30000,0,109,2022,5,9,16,50,12,4,41,18,34,3,1,2,1,7,9,22,0,0,11,9,30,70,5,4,1,65,65,3,61,31,0,1,0,1,0,11,0,2,0,40,0,3,0,2,0,2,0,4,2,35.601733055555556,139.7165897222222,2,3,9999,0,1,0
1,30,218,159,2,0,1,10,128,109,2022,5,30,12,10,12,4,27,18,50,1,1,1,1,1,9,22,0,0,18,9,30,70,1,1,1,1,45,4,61,31,0,1,0,1,0,11,0,5,0,10,0,4,0,2,0,2,0,4,2,35.602515277777776,139.7131147222222,2,3,9999,0,1,0
1,30,218,161,2,0,1,30000,0,109,2022,6,11,7,15,12,4,25,18,57,2,1,1,14,7,0,0,0,0,2,9,1,70,5,3,1,45,25,3,61,31,0,1,0,1,0,11,0,2,0,20,0,3,0,2,0,2,0,4,2,35.60422416666667,139.70494499999998,7,3,9999,0,1,0
1,30,218,169,2,0,1,30130,0,109,2022,7,9,1,30,22,4,33,18,59,1,1,1,14,7,0,0,0,0,2,9,1,70,5,3,1,1,45,51,61,41,0,0,0,0,0,0,0,0,0,10,0,3,0,0,0,0,0,4,2,35.60349388888889,139.70764666666665,7,3,0,0,0,0
1,30,218,176,2,0,1,30000,0,109,2022,7,21,11,40,12,4,41,18,54,1,1,1,14,7,0,0,0,0,2,9,1,1,5,2,1,45,75,51,61,41,0,0,0,0,0,0,0,0,0,12,0,3,0,0,0,0,0,4,2,35.609138055555555,139.69620138888888,5,3,0,0,0,0
1,30,218,180,2,0,1,30000,0,109,2022,7,27,19,45,21,4,45,18,50,1,1,1,7,7,0,0,0,0,1,8,1,70,5,3,1,55,45,3,61,31,0,1,0,1,0,11,0,1,0,40,0,4,0,2,0,2,0,4,2,35.60811388888889,139.7161525,4,3,9999,0,9,0
1,30,218,184,2,0,1,95000,0,109,2022,7,27,19,10,21,4,45,18,50,1,1,1,0,7,0,0,0,0,0,0,20,70,0,4,1,25,65,14,61,1,0,11,0,1,0,11,0,10,0,30,0,4,0,2,0,2,0,4,2,35.6032025,139.71340027777777,4,3,9999,0,5,0
1,30,219,222,2,0,1,30000,0,111,2022,6,30,23,55,22,4,28,19,1,1,1,1,14,7,0,0,0,0,3,9,1,70,5,3,1,35,35,51,61,41,0,0,0,0,0,0,0,0,0,40,0,3,0,0,0,0,0,2,4,35.571801111111114,139.72240472222222,5,3,0,0,0,0
1,30,219,230,2,0,1,30000,0,111,2022,7,6,11,40,12,4,31,19,0,1,1,1,1,7,1,21,0,0,12,9,30,70,5,2,1,75,45,3,61,31,0,1,0,1,0,11,0,1,0,10,0,4,0,2,0,2,0,4,2,35.576930000000004,139.72973333333334,4,3,1097,0,9,0
1,30,219,231,2,0,1,99000,0,111,2022,7,10,15,18,12,4,33,18,59,1,1,1,0,7,0,0,0,0,0,0,20,70,0,4,1,45,1,51,61,41,0,0,0,0,0,0,0,0,0,40,0,3,0,0,0,0,0,2,4,35.58717527777778,139.75290416666667,1,3,0,0,0,0
1,30,219,233,2,0,1,30000,0,111,2022,7,12,8,21,12,4,35,18,58,2,1,1,14,7,0,0,0,0,2,9,1,70,5,3,1,1,55,3,61,31,0,1,0,1,0,11,0,5,0,40,0,3,0,2,0,2,0,4,2,35.57729833333334,139.73803194444443,3,3,9999,0,1,0
1,30,219,235,2,0,1,30000,0,111,2022,7,14,15,10,12,4,36,18,58,1,1,2,1,7,1,21,0,0,12,9,30,70,5,1,1,45,45,13,61,1,0,11,0,1,0,11,0,3,0,10,0,3,0,2,0,2,0,4,2,35.58419361111111,139.72792694444445,5,3,9999,0,5,0
1,30,220,130,2,0,1,10130,0,111,2022,7,15,15,1,12,4,36,18,57,3,1,2,1,1,9,22,0,0,19,9,30,70,5,2,1,55,1,11,61,1,0,11,0,1,0,11,0,1,0,80,0,3,0,2,0,2,0,4,2,35.603839722222226,139.69771194444445,6,3,9999,0,9,0
1,30,220,132,2,0,1,30000,0,111,2022,7,18,18,45,13,4,38,18,56,1,1,1,14,7,0,0,0,0,2,9,1,70,5,4,1,1,45,51,61,41,0,0,0,0,0,0,0,0,0,10,0,3,0,0,0,0,0,4,2,35.579814444444445,139.67319333333333,2,1,0,0,0,0
1,30,221,193,1,1,0,10180,0,111,2022,7,13,19,7,21,4,35,18,58,2,1,1,1,1,9,22,0,0,18,9,30,70,5,2,1,55,25,11,61,1,0,11,0,2,0,11,0,3,0,10,0,3,0,2,0,2,0,4,1,35.550915277777776,139.74068944444443,4,3,9999,0,9,0
1,30,221,194,2,0,1,95000,0,111,2022,7,1,17,0,12,4,29,19,1,1,1,1,14,7,0,0,0,0,2,9,1,70,5,3,1,1,1,51,61,41,0,0,0,0,0,0,0,0,0,10,0,3,0,0,0,0,0,4,2,35.563114444444444,139.735335,6,3,0,0,0,0
1,30,221,200,2,0,1,30000,0,111,2022,7,3,20,25,22,4,30,19,1,1,1,1,1,1,9,22,0,0,18,9,30,70,4,2,1,25,45,51,61,41,0,0,0,0,0,0,0,0,0,10,0,3,0,0,0,0,0,4,2,35.56270166666666,139.71747472222222,1,3,0,0,0,0
1,30,221,205,2,0,1,30000,0,111,2022,7,12,23,45,22,4,35,18,58,3,1,2,14,7,0,0,0,0,2,9,1,70,5,3,1,65,25,52,61,41,0,0,0,0,0,0,0,0,0,10,0,4,0,0,0,0,0,4,2,35.55267027777777,139.72827972222223,3,3,0,0,0,0
1,30,221,220,2,0,1,30000,0,111,2022,7,20,8,20,12,4,40,18,55,1,1,1,14,7,0,0,0,0,2,9,1,70,5,3,1,55,25,3,61,31,0,1,0,1,0,11,0,5,0,40,0,3,0,2,0,2,0,4,2,35.556659999999994,139.7164536111111,4,3,9999,0,9,0
1,30,222,178,2,0,1,30000,0,111,2022,7,1,0,20,22,4,29,19,1,1,1,1,7,7,0,0,0,0,1,9,1,1,5,2,1,55,35,4,61,31,0,1,0,1,0,11,0,2,0,14,0,3,0,2,0,1,0,4,2,35.57273666666667,139.69203194444444,6,3,9999,0,9,0
1,30,222,179,2,0,1,30000,0,111,2022,7,1,9,20,12,4,29,19,1,1,1,1,14,7,0,0,0,0,4,9,1,70,5,3,1,1,1,51,61,41,0,0,0,0,0,0,0,0,0,10,0,3,0,0,0,0,0,4,2,35.59778138888889,139.71055777777778,6,3,0,0,0,0
1,30,222,189,2,0,1,30000,0,111,2022,7,21,8,5,12,4,41,18,54,1,1,1,14,7,0,0,0,0,3,9,1,70,5,2,1,55,75,1,61,1,0,1,0,1,0,11,0,2,0,10,0,3,0,2,0,2,0,4,2,35.57795666666667,139.7025972222222,5,3,9999,0,9,0
1,30,325,128,2,0,1,30000,0,112,2022,7,6,12,50,12,4,31,19,0,1,1,1,14,7,0,0,0,0,2,9,1,70,5,4,1,45,75,14,61,1,0,11,0,1,0,11,0,1,0,30,0,3,0,2,0,2,0,4,2,35.639182222222225,139.62717305555557,4,3,9999,0,5,0
1,30,325,135,2,0,1,10210,0,112,2022,7,30,0,38,22,4,47,18,47,1,1,1,14,7,0,0,0,0,3,9,1,70,4,2,1,25,25,3,61,31,0,1,0,1,0,11,0,3,0,80,0,2,0,2,0,1,0,4,2,35.64245805555556,139.65350416666666,7,3,9999,0,1,0
1,30,326,216,2,0,1,30000,0,112,2022,3,28,0,28,22,5,34,17,59,1,1,1,14,7,0,0,0,0,2,9,1,70,5,4,1,45,0,61,0,0,0,0,0,0,0,0,0,0,0,0,0,0,0,0,0,0,0,2,0,35.667535,139.64802833333331,2,3,0,0,0,0
1,30,326,226,2,0,1,30740,0,112,2022,7,4,19,5,21,4,30,19,1,2,1,1,14,7,0,0,0,0,2,9,1,70,4,1,1,25,45,51,61,41,0,0,0,0,0,0,0,0,0,10,0,4,0,0,0,0,0,4,2,35.6527075,139.66724888888888,2,3,0,0,0,0
1,30,326,234,2,0,1,30000,0,112,2022,7,4,13,30,12,4,30,19,1,2,1,1,1,7,3,21,0,0,14,7,30,70,4,2,1,55,25,52,61,41,0,0,0,0,0,0,0,0,0,10,0,3,0,0,0,0,0,4,2,35.653860277777774,139.65248861111112,2,3,0,0,0,0
1,30,326,239,2,0,1,95000,0,112,2022,5,28,8,55,12,4,28,18,49,1,1,1,14,7,0,0,0,0,1,9,1,1,5,4,1,55,1,3,61,31,0,1,0,1,0,11,0,2,0,20,0,3,0,2,0,2,0,4,2,35.665173333333335,139.63789194444445,7,3,9999,0,9,0
1,30,326,249,2,0,1,30000,0,112,2022,7,24,16,45,12,4,43,18,52,1,1,1,1,7,9,22,0,0,14,9,30,70,5,2,1,25,35,51,61,41,0,0,0,0,0,0,0,0,0,20,0,4,0,0,0,0,0,4,2,35.65875527777778,139.6673111111111,1,3,0,0,0,0
1,30,326,256,2,0,1,30000,0,112,2022,7,5,11,30,12,4,31,19,0,1,1,1,14,7,0,0,0,0,2,9,1,70,5,3,1,25,35,3,61,31,0,1,0,1,0,11,0,2,0,10,0,3,0,2,0,2,0,4,2,35.670183055555555,139.66985333333332,3,3,9999,0,1,0
1,30,327,241,2,0,1,95000,0,112,2022,6,5,17,0,12,4,25,18,54,1,1,1,14,7,0,0,0,0,1,9,20,70,5,2,1,35,45,51,61,41,0,0,0,0,0,0,0,0,0,40,0,4,0,0,0,0,0,4,2,35.61886722222222,139.6522713888889,1,3,0,0,0,0
1,30,327,242,2,0,1,10190,0,112,2022,6,11,9,50,12,4,25,18,57,1,1,1,7,1,0,0,0,0,3,9,1,70,1,2,1,1,35,36,61,31,0,0,0,0,0,11,0,2,0,10,0,3,0,0,0,0,0,4,2,35.60839111111111,139.63144333333335,7,3,9999,0,1,0
1,30,327,246,2,0,1,30000,0,112,2022,6,29,17,35,12,4,28,19,1,1,1,1,1,7,1,21,0,0,12,8,30,70,4,3,1,75,25,3,61,31,0,1,0,1,0,11,0,3,0,10,0,4,0,2,0,2,0,4,2,35.613599444444446,139.64090472222222,4,3,377,0,9,0
1,30,327,272,2,0,1,30000,0,112,2022,6,30,9,25,12,4,28,19,1,1,1,1,1,7,1,21,0,0,12,7,30,70,4,2,1,55,25,14,61,31,0,11,0,1,0,11,0,10,0,60,0,3,0,2,0,2,0,4,2,35.61826833333333,139.62889361111112,5,3,9999,0,9,0
1,30,327,276,2,0,1,30000,0,112,2022,5,6,4,11,23,4,44,18,32,1,1,1,14,7,0,0,0,0,2,9,1,70,5,3,1,35,1,3,61,31,0,1,0,1,0,11,0,5,0,40,0,4,0,2,0,2,0,4,2,35.612503611111116,139.62587916666666,6,3,9999,0,9,0
1,30,327,291,2,0,1,30000,0,112,2022,6,13,7,15,12,4,25,18,58,1,1,1,1,7,1,21,0,0,15,9,30,70,5,3,1,75,45,3,61,31,0,1,0,1,0,11,0,5,0,30,0,4,0,2,0,2,0,4,2,35.605267777777776,139.6591575,2,3,808,0,9,0
1,30,327,292,2,0,1,30000,0,112,2022,5,12,7,30,12,4,39,18,37,1,1,1,14,7,0,0,0,0,3,9,1,70,5,3,1,1,45,51,61,41,0,0,0,0,0,0,0,0,0,20,0,4,0,0,0,0,0,4,2,35.61853333333333,139.6249463888889,5,3,0,0,0,0
1,30,328,285,2,0,1,30000,0,112,2022,7,5,21,15,22,4,31,19,0,3,1,2,14,7,0,0,0,0,3,9,1,70,4,3,1,55,45,3,61,1,0,1,0,1,0,11,0,2,0,20,0,3,0,2,0,2,0,4,2,35.6236675,139.61943277777777,3,3,9999,0,9,0
1,30,328,287,2,0,1,30000,0,112,2022,7,10,12,10,12,4,33,18,59,1,1,1,14,7,0,0,0,0,3,9,1,70,4,1,1,35,75,51,61,41,0,0,0,0,0,0,0,0,0,10,0,3,0,0,0,0,0,4,2,35.67146638888889,139.59656833333335,1,3,0,0,0,0