資料区分,都道府県コード,警察署等コード,本票番号,事故内容,死者数,負傷者数,路線コード,地点コード,市区町村コード,発生日時　　年,発生日時　　月,発生日時　　日,発生日時　　時,発生日時　　分,昼夜,日の出時刻　　時,日の出時刻　　分,日の入り時刻　　時,日の入り時刻　　分,天候,地形,路面状態,道路形状,信号機,一時停止規制　標識（当事者A）,一時停止規制　表示（当事者A）,一時停止規制　標識（当事者B）,一時停止規制　表示（当事者B）,車道幅員,道路線形,衝突地点,ゾーン規制,中央分離帯施設等,歩車道区分,事故類型,年齢（当事者A）,年齢（当事者B）,当事者種別（当事者A）,当事者種別（当事者B）,用途別（当事者A）,用途別（当事者B）,車両形状等（当事者A）,車両形状等（当事者B）,オートマチック車（当事者A）,オートマチック車（当事者B）,サポカー（当事者A）,サポカー（当事者B）,速度規制（指定のみ）（当事者A）,速度規制（指定のみ）（当事者B）,車両の衝突部位（当事者A）,車両の衝突部位（当事者B）,車両の損壊程度（当事者A）,車両の損壊程度（当事者B）,エアバッグの装備（当事者A）,エアバッグの装備（当事者B）,サイドエアバッグの装備（当事者A）,サイドエアバッグの装備（当事者B）,人身損傷程度（当事者A）,人身損傷程度（当事者B）,lat,lon,曜日(発生年月日),祝日(発生年月日),認知機能検査経過日数（当事者A）,認知機能検査経過日数（当事者B）,運転練習の方法（当事者A）,運転練習の方法（当事者B）
1,30,328,311,2,0,1,30000,0,112,2022,5,21,11,22,12,4,32,18,44,2,1,2,1,7,9,22,0,0,11,9,30,1,5,3,1,45,65,51,61,41,0,0,0,0,0,0,0,0,0,10,0,4,0,0,0,0,0,4,2,35.66793666666666,139.6002825,7,3,0,0,0,0
1,30,328,315,2,0,1,30000,0,112,2022,7,29,9,45,12,4,46,18,48,1,1,1,1,7,1,21,0,0,11,9,30,70,5,3,1,55,55,13,61,31,0,11,0,1,0,11,0,10,0,50,0,3,0,2,0,2,0,4,2,35.658585555555554,139.59036944444446,6,3,9999,0,9,0
1,30,329,152,2,0,1,20000,0,110,2022,7,1,16,33,12,4,29,19,1,1,1,1,14,7,0,0,0,0,3,9,1,70,5,4,1,35,1,3,61,31,0,1,0,1,0,11,0,10,0,80,0,3,0,2,0,2,0,4,2,35.64514416666667,139.68639722222224,6,3,9999,0,1,0
1,30,329,160,2,0,1,10160,0,110,2022,7,23,11,12,12,4,42,18,53,1,1,1,1,1,9,22,0,0,19,9,30,70,1,1,1,1,35,14,61,31,0,11,0,1,0,11,0,5,0,80,0,3,0,2,0,2,0,4,2,35.653191388888885,139.68971277777777,7,3,9999,0,1,0
1,30,329,161,2,0,1,10080,0,110,2022,7,25,8,24,12,4,43,18,51,1,1,1,1,1,9,22,0,0,18,7,30,70,4,1,1,25,1,3,61,1,0,1,0,1,0,11,0,4,0,50,0,3,0,2,0,2,0,4,2,35.63357527777778,139.71040333333332,2,3,9999,0,9,0
1,30,329,164,2,0,1,10080,0,110,2022,7,11,11,19,12,4,34,18,59,1,1,1,1,1,9,22,0,0,16,9,30,1,4,1,1,45,35,13,61,31,0,11,0,1,0,11,0,3,0,50,0,3,0,2,0,2,0,4,2,35.63408666666667,139.71131027777776,2,3,9999,0,9,0
1,30,329,166,2,0,1,30000,0,110,2022,7,14,14,30,12,4,36,18,58,3,1,2,14,7,0,0,0,0,3,9,1,70,5,3,1,75,55,3,61,31,0,1,0,1,0,11,0,2,0,40,0,3,0,2,0,2,0,4,2,35.63595,139.69072194444445,5,3,163,0,9,0
1,30,330,189,2,0,1,30000,0,110,2022,7,9,20,15,22,4,33,18,59,1,1,1,1,7,9,22,0,0,15,9,30,70,5,3,1,25,65,51,61,41,0,0,0,0,0,0,0,0,0,10,0,4,0,0,0,0,0,4,2,35.60982138888889,139.6683736111111,7,3,0,0,0,0
1,30,330,192,2,0,1,20190,0,110,2022,7,11,11,50,12,4,34,18,59,1,1,1,14,7,0,0,0,0,3,9,1,70,4,3,1,45,35,3,61,31,0,1,0,1,0,11,0,2,0,40,0,3,0,2,0,2,0,4,2,35.62823916666667,139.69088305555556,2,3,9999,0,9,0
1,30,330,205,2,0,1,30000,0,110,2022,7,24,14,15,12,4,43,18,52,1,1,1,14,7,0,0,0,0,1,9,1,70,4,3,1,1,55,51,61,41,0,0,0,0,0,0,0,0,0,10,0,3,0,0,0,0,0,4,2,35.60842944444445,139.67024305555555,1,3,0,0,0,0
1,30,330,210,2,0,1,30000,0,110,2022,6,22,8,40,12,4,26,19,0,1,1,1,7,7,0,0,0,0,1,9,1,70,5,3,1,35,0,61,0,0,0,0,0,0,0,0,0,0,0,0,0,0,0,0,0,0,0,2,0,35.62001,139.67082083333332,4,3,0,0,0,0
1,30,330,214,2,0,1,30000,0,110,2022,7,21,19,40,21,4,41,18,54,2,1,2,14,7,0,0,0,0,1,9,1,70,4,3,1,75,75,3,61,31,0,1,0,1,0,11,0,2,0,40,0,3,0,2,0,2,0,4,2,35.61318027777778,139.69305333333332,5,3,602,0,9,0
1,30,331,172,2,0,1,20170,0,113,2022,6,30,14,13,12,4,28,19,1,1,1,1,14,7,0,0,0,0,6,9,1,70,1,1,1,25,45,3,61,31,0,1,0,1,0,11,0,5,0,10,0,3,0,2,0,2,0,4,2,35.658117499999996,139.70643583333333,5,3,9999,0,1,0
1,30,331,177,2,0,1,30000,0,113,2022,7,4,8,30,12,4,30,19,1,3,1,2,14,7,0,0,0,0,2,9,1,70,5,3,1,65,55,3,61,1,0,1,0,1,0,11,0,10,0,10,0,3,0,2,0,2,0,4,2,35.647390277777774,139.7106011111111,2,3,9999,0,9,0
1,30,331,186,2,0,1,30000,0,113,2022,7,11,21,50,22,4,34,18,59,1,1,1,14,7,0,0,0,0,2,8,1,70,5,3,1,1,35,3,61,1,0,1,0,1,0,11,0,5,0,30,0,3,0,2,0,2,0,4,2,35.65785111111111,139.69852416666666,2,3,9999,0,1,0
1,30,331,187,2,0,1,20240,0,113,2022,7,1,1,40,22,4,29,19,1,1,1,1,14,7,0,0,0,0,5,9,1,70,6,2,1,65,55,3,61,1,0,1,0,1,0,11,0,4,0,10,0,4,0,2,0,2,0,4,2,35.64661666666667,139.70822638888887,6,3,9999,0,9,0
1,30,331,188,2,0,1,10090,0,113,2022,7,8,19,10,21,4,32,19,0,1,1,1,1,1,9,22,0,0,19,9,30,70,4,2,1,1,35,3,61,31,0,1,0,1,0,11,0,4,0,10,0,4,0,2,0,2,0,4,2,35.659509444444446,139.70220944444443,6,3,9999,0,1,0
1,30,331,198,2,0,1,10650,0,113,2022,7,25,18,20,13,4,43,18,51,1,1,1,1,1,9,22,0,0,17,9,30,70,4,2,1,55,35,51,61,41,0,0,0,0,0,0,0,0,0,10,0,3,0,0,0,0,0,4,2,35.65599388888889,139.69172583333335,2,3,0,0,0,0
1,30,331,199,2,0,1,30000,0,113,2022,6,30,10,55,12,4,28,19,1,1,1,1,13,7,0,0,0,0,2,3,1,70,5,3,1,25,45,2,61,1,0,1,0,1,0,11,0,2,0,40,0,4,0,2,0,2,0,4,2,35.64792583333333,139.70443083333333,5,3,9999,0,1,0
1,30,331,200,2,0,1,30000,0,113,2022,7,15,8,55,12,4,36,18,57,3,1,2,14,7,0,0,0,0,5,9,1,70,5,4,1,45,65,1,61,1,0,1,0,1,0,11,0,4,0,10,0,4,0,2,0,2,0,4,2,35.65891194444444,139.70213027777777,6,3,9999,0,9,0
1,30,332,82,2,0,1,30000,0,113,2022,7,21,15,22,12,4,41,18,54,1,1,1,14,7,0,0,0,0,3,8,1,70,5,3,1,35,65,3,61,31,0,1,0,1,0,11,0,5,0,40,0,4,0,2,0,2,0,4,2,35.68510916666666,139.69931583333334,5,3,9999,0,1,0
1,30,332,86,2,0,1,30000,0,113,2022,6,1,11,55,12,4,27,18,51,1,1,1,14,7,0,0,0,0,3,9,1,70,5,3,1,55,1,3,61,31,0,1,0,1,0,11,0,2,0,10,0,4,0,2,0,2,0,4,2,35.68261111111111,139.70226555555556,4,3,9999,0,9,0
1,30,333,181,1,1,0,20330,0,113,2022,7,23,3,29,22,4,42,18,53,1,1,1,14,7,0,0,0,0,3,9,1,70,4,1,1,45,25,3,61,31,0,1,0,1,0,11,0,3,0,10,0,3,0,2,0,2,0,4,1,35.68064527777778,139.6789011111111,7,3,9999,0,1,0
1,30,333,187,2,0,1,30000,0,113,2022,7,8,14,30,12,4,32,19,0,1,1,1,14,7,0,0,0,0,2,9,1,70,5,2,1,35,1,13,61,31,0,11,0,1,0,11,0,1,0,80,0,3,0,2,0,2,0,4,2,35.67890333333333,139.6824786111111,6,3,9999,0,5,0
1,30,333,193,2,0,1,30000,0,113,2022,7,14,11,38,12,4,36,18,58,2,1,1,1,7,9,22,0,0,12,9,30,70,5,3,1,55,25,14,61,31,0,11,0,1,0,11,0,10,0,10,0,4,0,2,0,2,0,4,2,35.669039444444444,139.68227055555553,5,3,9999,0,9,0
1,30,333,194,2,0,2,30000,0,113,2022,7,14,23,16,22,4,36,18,58,3,1,2,1,1,9,22,0,0,15,9,30,70,4,1,1,55,35,3,61,1,0,1,0,1,0,11,0,3,0,13,0,2,0,2,0,2,0,4,2,35.681510555555555,139.6929147222222,5,3,9999,0,9,0
1,30,333,202,2,0,1,20280,0,113,2022,7,26,6,40,12,4,44,18,50,3,1,2,1,1,9,22,0,0,18,9,30,70,5,2,1,25,35,3,61,31,0,1,0,1,0,11,0,3,0,10,0,3,0,2,0,2,0,4,2,35.674011111111106,139.67114305555555,3,3,9999,0,1,0
1,30,333,203,2,0,1,20280,0,113,2022,7,25,12,30,12,4,43,18,51,1,1,1,14,7,0,0,0,0,5,9,1,70,4,1,1,45,55,51,61,41,0,0,0,0,0,0,0,0,0,20,0,3,0,0,0,0,0,4,2,35.675891944444444,139.6706872222222,2,3,0,0,0,0
1,30,435,115,2,0,1,30280,0,104,2022,7,5,12,0,12,4,31,19,0,1,1,2,1,2,9,22,0,0,11,7,30,70,4,3,1,55,55,14,61,1,0,11,0,1,0,11,0,3,0,50,0,3,0,2,0,2,0,4,2,35.6965375,139.73530194444444,3,3,9999,0,9,0
1,30,435,117,2,0,1,20290,0,104,2022,7,7,9,40,12,4,32,19,0,1,1,1,14,1,0,0,0,0,3,8,1,70,4,2,1,45,25,14,61,31,0,11,0,1,0,11,0,3,0,80,0,3,0,2,0,2,0,4,2,35.700988611111114,139.73604305555554,5,3,9999,0,5,0
1,30,436,103,1,1,0,99000,0,104,2022,7,23,23,24,22,4,42,18,53,1,1,1,0,7,0,0,0,0,0,0,20,70,0,4,1,25,35,3,61,31,0,1,0,1,0,11,0,10,0,80,0,3,0,2,0,2,0,4,1,35.684843888888885,139.68854055555556,7,3,9999,0,1,0
1,30,436,104,2,0,1,30000,0,104,2022,7,6,13,5,12,4,31,19,0,1,1,2,14,7,0,0,0,0,1,9,1,70,5,3,1,25,1,51,61,41,0,0,0,0,0,0,0,0,0,10,0,4,0,0,0,0,0,4,2,35.705180000000006,139.69214888888888,4,3,0,0,0,0
1,30,436,112,2,0,1,30000,0,104,2022,6,6,12,45,12,4,25,18,54,3,1,2,14,7,0,0,0,0,2,9,1,70,5,3,1,75,25,3,61,1,0,1,0,1,0,11,0,2,0,10,0,3,0,2,0,2,0,4,2,35.694113888888886,139.71029888888887,2,3,9999,0,9,0
1,30,436,114,2,0,1,30000,0,104,2022,6,22,21,0,22,4,26,19,0,1,1,1,1,7,9,22,0,0,12,9,30,70,5,3,1,1,25,3,61,31,0,1,0,1,0,11,0,3,0,20,0,4,0,2,0,2,0,4,2,35.69592222222222,139.7036097222222,4,3,9999,0,1,0
1,30,436,116,2,0,1,10050,0,104,2022,6,26,2,52,22,4,27,19,1,1,1,1,7,7,0,0,0,0,5,9,1,70,1,2,1,55,45,3,61,1,0,1,0,1,0,11,0,3,0,40,0,4,0,2,0,2,0,4,2,35.6935425,139.70105555555554,1,3,9999,0,9,0
1,30,436,119,2,0,1,30290,0,104,2022,7,23,6,45,12,4,42,18,53,1,1,1,1,1,9,22,0,0,15,9,30,70,4,2,1,45,65,51,61,41,0,0,0,0,0,0,0,0,0,10,0,3,0,0,0,0,0,4,2,35.706384166666666,139.69427638888888,7,3,0,0,0,0
1,30,436,122,2,0,1,30000,0,104,2022,7,4,0,55,22,4,30,19,1,1,1,1,1,7,0,0,0,0,11,9,30,70,5,2,1,1,0,61,0,0,0,0,0,0,0,0,0,0,0,0,0,0,0,0,0,0,0,2,0,35.69482972222222,139.70616055555556,2,3,0,0,0,0
1,30,436,126,2,0,1,10050,0,104,2022,6,20,18,40,13,4,25,19,0,1,1,1,1,1,9,22,0,0,17,9,30,70,1,1,1,35,35,51,61,41,0,0,0,0,0,0,0,0,0,10,0,4,0,0,0,0,0,4,2,35.69329833333333,139.70220027777776,2,3,0,0,0,0
1,30,437,84,2,0,1,99000,0,104,2022,6,9,12,16,12,4,25,18,56,1,1,1,0,7,0,0,0,0,0,0,20,70,0,4,1,1,35,3,61,31,0,1,0,1,0,11,0,1,0,30,0,2,0,2,0,2,0,4,2,35.72522777777778,139.67588777777777,5,3,9999,0,1,0
1,30,437,93,2,0,1,30000,0,104,2022,6,22,18,37,13,4,26,19,0,1,1,1,14,7,0,0,0,0,4,9,1,70,4,2,1,55,45,3,61,31,0,1,0,1,0,11,0,5,0,40,0,3,0,2,0,2,0,4,2,35.71405277777778,139.7051486111111,4,3,9999,0,4,0
1,30,437,95,2,0,1,10280,0,104,2022,7,27,7,15,12,4,45,18,50,1,1,1,1,1,9,22,0,0,12,9,30,70,1,2,1,1,25,3,61,31,0,1,0,1,0,11,0,4,0,50,0,3,0,2,0,2,0,4,2,35.71144,139.7204925,4,3,9999,0,1,0
1,30,438,111,2,0,1,10050,0,104,2022,6,6,6,8,12,4,25,18,54,3,1,2,1,1,9,22,0,0,19,9,30,70,5,1,1,35,25,3,61,31,0,1,0,1,0,11,0,10,0,10,0,2,0,2,0,2,0,4,2,35.692052499999996,139.7071722222222,2,3,9999,0,1,0
1,30,438,112,2,0,1,90000,0,104,2022,6,24,4,18,23,4,26,19,1,1,1,1,14,7,0,0,0,0,2,9,20,70,5,4,1,65,25,3,61,31,0,1,0,1,0,11,0,1,0,80,0,4,0,2,0,2,0,4,2,35.68826305555555,139.72636472222223,6,3,9999,0,9,0
1,30,438,118,2,0,1,20000,0,104,2022,7,8,20,20,22,4,32,19,0,2,1,1,13,7,0,0,0,0,4,3,1,70,5,2,1,25,75,3,61,1,0,1,0,1,0,11,0,3,0,80,0,3,0,2,0,2,0,4,2,35.67548222222222,139.71782194444444,6,3,9999,0,5,0
1,30,439,149,2,0,1,20280,0,114,2022,7,20,21,44,22,4,40,18,55,1,1,1,14,1,0,0,0,0,3,9,1,70,4,1,1,1,55,51,61,41,0,0,0,0,0,0,0,0,0,20,0,4,0,0,0,0,0,4,2,35.706111944444444,139.66546555555556,4,3,0,0,0,0
1,30,440,147,2,0,1,30000,0,114,2022,7,3,21,45,22,4,30,19,1,2,1,1,1,1,9,22,0,0,15,9,30,70,4,2,1,1,75,51,61,41,0,0,0,0,0,0,0,0,0,10,0,3,0,0,0,0,0,4,2,35.71699888888889,139.66350166666666,1,3,0,0,0,0
1,30,440,152,2,0,1,20500,0,114,2022,7,4,18,28,13,4,30,19,1,2,1,1,14,7,0,0,0,0,3,9,1,70,4,2,1,45,1,34,61,1,0,0,0,0,0,11,0,2,0,10,0,3,0,0,0,0,0,4,2,35.72094,139.63682666666665,2,3,9999,0,1,0
1,30,440,155,2,0,1,20500,0,114,2022,7,5,7,59,12,4,31,19,0,1,1,1,13,7,0,0,0,0,3,3,1,70,4,2,1,45,45,51,61,41,0,0,0,0,0,0,0,0,0,10,0,4,0,0,0,0,0,4,2,35.72163472222223,139.63733722222221,3,3,0,0,0,0
1,30,440,169,2,0,1,30000,0,114,2022,7,15,8,15,12,4,36,18,57,3,1,2,1,7,1,21,0,0,15,9,30,70,5,2,1,45,1,14,61,1,0,11,0,1,0,11,0,3,0,10,0,3,0,2,0,2,0,4,2,35.71598222222222,139.67094972222222,6,3,9999,0,9,0
1,30,440,173,2,0,1,10250,0,114,2022,7,30,15,17,12,4,47,18,47,1,1,1,1,7,1,21,0,0,12,9,30,70,4,2,1,25,35,3,61,31,0,1,0,1,0,11,0,3,0,10,0,3,0,2,0,2,0,4,2,35.72309777777778,139.6521377777778,7,3,9999,0,1,0
1,30,441,128,1,1,0,10220,0,115,2022,7,1,20,41,22,4,29,19,1,1,1,1,1,7,1,22,0,0,12,9,30,70,4,1,1,65,55,13,61,31,0,11,0,1,0,11,0,3,0,10,0,3,0,2,0,2,0,4,1,35.713655,139.63642083333332,6,3,9999,0,9,0
1,30,441,139,2,0,1,10130,0,115,2022,7,14,20,15,22,4,36,18,58,3,1,2,1,7,9,22,0,0,13,9,30,70,1,2,1,65,65,3,61,31,0,1,0,1,0,11,0,1,0,40,0,3,0,2,0,2,0,4,2,35.68851583333333,139.6550875,5,3,9999,0,9,0
1,30,441,140,2,0,1,10220,0,115,2022,6,30,18,29,13,4,28,19,1,1,1,1,1,1,0,0,0,0,13,9,30,70,5,2,1,1,0,61,0,0,0,0,0,0,0,0,0,0,0,0,0,0,0,0,0,0,0,2,0,35.71192444444445,139.64189222222222,5,3,0,0,0,0
1,30,441,150,2,0,1,30000,0,115,2022,7,26,9,0,12,4,44,18,50,3,1,2,1,7,1,21,0,0,11,9,30,70,5,3,1,45,75,51,61,41,0,0,0,0,0,0,0,0,0,10,0,3,0,0,0,0,0,4,2,35.69102972222222,139.66538305555557,3,3,0,0,0,0
1,30,441,158,2,0,1,30000,0,115,2022,7,31,16,30,12,4,48,18,46,1,1,1,14,7,0,0,0,0,3,9,1,70,5,3,1,45,45,3,61,31,0,1,0,1,0,11,0,1,0,10,0,3,0,2,0,2,0,4,2,35.70029138888889,139.64639583333332,1,3,9999,0,1,0
1,30,442,178,2,0,1,20000,0,115,2022,7,4,21,20,22,4,30,19,1,2,1,1,14,7,0,0,0,0,2,9,1,70,4,2,1,1,45,51,61,41,0,0,0,0,0,0,0,0,0,10,0,3,0,0,0,0,0,4,2,35.676164166666666,139.61773722222222,2,3,0,0,0,0
1,30,442,181,2,0,1,30000,0,115,2022,7,9,18,30,13,4,33,18,59,1,1,1,7,7,0,0,0,0,2,7,1,70,5,3,1,1,75,51,61,41,0,0,0,0,0,0,0,0,0,10,0,4,0,0,0,0,0,4,4,35.68889083333333,139.60013638888887,7,3,0,0,0,0
1,30,442,188,2,0,1,10200,0,115,2022,7,15,19,15,21,4,36,18,57,3,1,1,1,1,9,22,0,0,13,9,30,70,1,1,1,25,35,14,61,1,0,11,0,1,0,11,0,5,0,10,0,3,0,2,0,2,0,4,2,35.68136611111111,139.61496722222222,6,3,9999,0,1,0
1,30,442,190,2,0,1,200,152,115,2022,6,29,23,42,22,4,28,19,1,1,1,1,1,1,9,22,0,0,13,9,30,70,1,3,1,75,55,3,61,1,0,1,0,1,0,11,0,5,0,10,0,3,0,2,0,2,0,4,2,35.66927583333333,139.63315305555557,4,3,674,0,9,0
1,30,442,194,2,0,1,10230,0,115,2022,7,16,15,40,12,4,37,18,57,3,1,2,1,1,9,22,0,0,14,9,30,70,4,2,1,45,75,3,61,31,0,1,0,1,0,11,0,3,0,20,0,3,0,2,0,2,0,4,2,35.682699166666666,139.65263361111113,7,3,9999,0,1,0
1,30,443,100,2,0,1,30000,0,115,2022,7,8,5,5,11,4,32,19,0,1,1,1,14,7,0,0,0,0,2,9,1,70,5,3,1,35,1,51,61,41,0,0,0,0,0,0,0,0,0,10,0,4,0,0,0,0,0,4,2,35.71261027777778,139.62333083333334,6,3,0,0,0,0
1,30,443,108,2,0,1,99000,0,115,2022,7,14,17,17,12,4,36,18,58,3,1,2,0,7,0,0,0,0,0,0,20,70,0,4,1,55,1,14,61,31,0,11,0,1,0,11,0,10,0,40,0,4,0,2,0,2,0,4,2,35.695478055555554,139.61655638888888,5,3,9999,0,9,0
1,30,443,116,2,0,1,99000,0,115,2022,7,25,16,40,12,4,43,18,51,1,1,1,0,7,0,0,0,0,0,0,20,70,0,4,1,65,35,3,61,1,0,1,0,1,0,11,0,10,0,30,0,4,0,2,0,2,0,4,2,35.727225833333335,139.62059972222224,2,3,9999,0,9,0
1,30,545,58,2,0,1,95000,0,105,2022,7,11,14,6,12,4,34,18,59,1,1,1,1,1,9,22,0,0,16,9,30,70,5,2,1,45,55,3,61,31,0,1,0,1,0,11,0,2,0,40,0,3,0,2,0,2,0,4,2,35.70521333333333,139.74429444444442,2,3,9999,0,1,0
1,30,545,62,2,0,1,20000,0,105,2022,7,23,16,52,12,4,42,18,53,1,1,1,14,1,0,0,0,0,4,9,1,70,5,1,1,55,25,3,61,1,0,1,0,1,0,11,0,3,0,0,0,4,0,2,0,2,0,4,2,35.707185833333334,139.75185916666666,7,3,9999,0,9,0
1,30,545,65,2,0,1,30000,0,105,2022,7,4,10,38,12,4,30,19,1,3,1,1,14,7,0,0,0,0,2,9,1,70,5,3,1,55,25,14,61,1,0,11,0,1,0,11,0,5,0,60,0,3,0,2,0,2,0,4,2,35.70519,139.74557416666664,2,3,9999,0,9,0
1,30,546,47,2,0,1,20370,0,105,2022,7,1,8,0,12,4,29,19,1,1,1,1,14,7,0,0,0,0,5,9,1,70,4,1,1,35,35,13,61,31,0,11,0,1,0,11,0,4,0,10,0,3,0,2,0,2,0,4,2,35.720870833333336,139.729175,6,3,9999,0,5,0
1,30,547,78,2,0,4,20390,0,105,2022,7,25,16,0,12,4,43,18,51,1,1,1,14,7,0,0,0,0,5,9,1,70,4,1,1,35,1,34,61,31,0,0,0,0,0,11,0,4,0,10,0,3,0,0,0,0,0,2,2,35.70813416666667,139.77072416666667,2,3,9999,0,1,0
1,30,548,58,2,0,1,30000,0,105,2022,7,8,20,55,22,4,32,19,0,1,1,1,14,7,0,0,0,0,2,9,1,70,5,3,1,35,25,51,61,41,0,0,0,0,0,0,0,0,0,40,0,4,0,0,0,0,0,4,2,35.725295555555554,139.7641225,6,3,0,0,0,0
1,30,549,51,2,0,1,30000,0,116,2022,7,5,19,25,21,4,31,19,0,3,1,2,14,7,0,0,0,0,2,9,1,70,4,2,1,75,55,3,61,1,0,1,0,1,0,11,0,3,0,10,0,3,0,2,0,2,0,4,2,35.726084166666666,139.73498444444442,3,3,179,0,9,0
1,30,549,54,2,0,1,30000,0,116,2022,7,27,12,0,12,4,45,18,50,1,1,1,1,1,9,22,0,0,14,9,30,70,5,2,1,75,45,3,61,31,0,1,0,1,0,11,0,3,0,10,0,3,0,2,0,2,0,4,2,35.72854777777778,139.731985,4,3,583,0,9,0
1,30,549,55,2,0,1,30000,0,116,2022,7,30,9,22,12,4,47,18,47,1,1,1,14,7,0,0,0,0,4,9,1,70,5,3,1,65,55,13,61,31,0,11,0,1,0,11,0,5,0,32,0,2,0,2,0,2,0,4,2,35.73312305555556,139.72819444444445,7,3,9999,0,9,0
1,30,550,113,2,0,1,30000,0,116,2022,6,21,9,51,12,4,25,19,0,1,1,1,14,7,0,0,0,0,4,9,1,70,4,2,1,25,25,51,61,41,0,0,0,0,0,0,0,0,0,20,0,4,0,0,0,0,0,4,2,35.73470694444445,139.71672944444444,3,3,0,0,0,0
1,30,550,130,2,0,1,30000,0,116,2022,4,10,14,28,12,5,15,18,10,1,1,1,14,7,0,0,0,0,4,9,1,70,1,2,1,35,45,52,61,41,0,0,0,0,0,0,0,0,0,40,0,4,0,0,0,0,0,4,2,35.73664333333333,139.70586972222222,1,3,0,0,0,0
1,30,551,107,2,0,1,10280,0,116,2022,6,12,15,7,12,4,25,18,57,1,1,1,1,1,9,22,0,0,18,9,30,70,1,2,1,1,55,51,61,41,0,0,0,0,0,0,0,0,0,10,0,3,0,0,0,0,0,4,2,35.72487277777778,139.68277833333332,1,3,0,0,0,0
1,30,552,110,2,0,1,10090,0,117,2022,7,5,22,30,22,4,31,19,0,2,1,2,1,1,9,22,0,0,19,9,30,70,4,1,1,45,25,3,61,31,0,1,0,1,0,11,0,4,0,50,0,3,0,2,0,2,0,4,2,35.73938638888889,139.76839833333335,3,3,9999,0,5,0
1,30,552,125,2,0,1,170,87,117,2022,7,22,17,0,12,4,41,18,53,1,1,1,1,1,9,22,0,0,17,9,30,70,1,1,1,25,25,51,61,41,0,0,0,0,0,0,0,0,0,10,0,4,0,0,0,0,0,4,2,35.74666111111111,139.7251738888889,6,3,0,0,0,0
1,30,553,73,2,0,1,95000,0,117,2022,7,28,18,0,13,4,46,18,49,2,1,1,0,7,0,0,0,0,0,0,20,70,0,4,1,65,65,51,61,41,0,0,0,0,0,0,0,0,0,10,0,3,0,0,0,0,0,4,2,35.75434777777778,139.7265852777778,5,3,0,0,0,0
1,30,554,151,2,0,1,30000,0,117,2022,7,8,22,35,22,4,32,19,0,2,1,1,1,1,9,22,0,0,15,9,30,70,4,1,1,45,55,14,61,1,0,11,0,1,0,11,0,2,0,50,0,4,0,2,0,2,0,4,2,35.77347972222222,139.7228086111111,6,3,9999,0,9,0
1,30,554,157,2,0,1,20000,0,117,2022,7,12,16,0,12,4,35,18,58,2,1,1,7,1,0,0,0,0,4,9,1,70,5,2,1,45,25,12,61,31,0,11,0,1,0,11,0,3,0,10,0,4,0,2,0,2,0,4,2,35.788195277777774,139.70332916666666,3,3,9999,0,1,0
1,30,554,163,2,0,1,30000,0,117,2022,7,17,11,10,12,4,38,18,56,1,1,1,14,7,0,0,0,0,3,9,1,70,4,2,1,1,75,14,61,1,0,11,0,1,0,11,0,2,0,30,0,3,0,2,0,2,0,4,2,35.778278888888885,139.71522833333333,1,2,9999,0,5,0
1,30,554,166,2,0,1,30000,0,117,2022,7,18,19,20,21,4,38,18,56,1,1,1,14,7,0,0,0,0,3,9,1,70,5,2,1,25,35,51,61,41,0,0,0,0,0,0,0,0,0,40,0,3,0,0,0,0,0,4,2,35.77948583333333,139.724965,2,1,0,0,0,0
1,30,554,173,2,0,1,30000,0,117,2022,7,28,10,15,12,4,46,18,49,1,1,1,14,7,0,0,0,0,3,9,1,70,5,3,1,35,45,3,61,1,0,1,0,1,0,11,0,3,0,20,0,4,0,2,0,2,0,4,2,35.77775416666667,139.72344916666668,5,3,9999,0,5,0
1,30,555,235,2,0,1,170,106,119,2022,7,9,2,57,22,4,33,18,59,1,1,1,14,7,0,0,0,0,4,9,1,70,1,2,1,65,25,13,61,31,0,11,0,1,0,11,0,5,0,10,0,3,0,2,0,2,0,4,2,35.75400805555556,139.70847444444442,7,3,9999,0,9,0
1,30,555,250,2,0,1,30000,0,119,2022,7,16,9,50,12,4,37,18,57,2,1,2,14,7,0,0,0,0,2,9,1,70,5,4,1,1,35,14,61,1,0,11,0,2,0,11,0,2,0,30,0,3,0,2,0,2,0,4,2,35.75236611111111,139.69938027777778,7,3,9999,0,1,0
1,30,555,256,2,0,2,10130,0,119,2022,7,17,21,28,22,4,38,18,56,2,1,1,1,1,9,22,0,0,15,9,30,70,5,2,1,25,25,34,61,31,0,0,0,0,0,11,0,4,0,20,0,2,0,0,0,0,0,2,2,35.74977611111111,139.6807086111111,1,2,9999,0,1,0
1,30,555,257,2,0,1,30000,0,119,2022,6,30,18,0,12,4,28,19,1,1,1,1,14,7,0,0,0,0,2,9,1,70,5,3,1,25,25,3,61,31,0,1,0,1,0,11,0,2,0,40,0,4,0,2,0,2,0,4,2,35.75617444444445,139.69800166666667,5,3,9999,0,1,0
1,30,555,261,2,0,1,10130,0,119,2022,6,2,22,40,22,4,26,18,52,1,1,1,1,1,9,22,0,0,17,9,30,70,1,1,1,1,25,32,61,31,0,0,0,0,0,11,0,4,0,20,0,3,0,0,0,0,0,4,2,35.74787555555556,139.67810972222222,5,3,9999,0,5,0
1,30,555,263,2,0,1,30000,0,119,2022,7,11,14,40,12,4,34,18,59,1,1,1,1,7,9,22,0,0,15,9,30,70,5,3,1,25,1,35,61,31,0,0,0,0,0,11,0,2,0,10,0,3,0,0,0,0,0,4,2,35.75927166666666,139.7028772222222,2,3,9999,0,1,0