資料区分,都道府県コード,警察署等コード,本票番号,事故内容,死者数,負傷者数,路線コード,地点コード,市区町村コード,発生日時　　年,発生日時　　月,発生日時　　日,発生日時　　時,発生日時　　分,昼夜,日の出時刻　　時,日の出時刻　　分,日の入り時刻　　時,日の入り時刻　　分,天候,地形,路面状態,道路形状,信号機,一時停止規制　標識（当事者A）,一時停止規制　表示（当事者A）,一時停止規制　標識（当事者B）,一時停止規制　表示（当事者B）,車道幅員,道路線形,衝突地点,ゾーン規制,中央分離帯施設等,歩車道区分,事故類型,年齢（当事者A）,年齢（当事者B）,当事者種別（当事者A）,当事者種別（当事者B）,用途別（当事者A）,用途別（当事者B）,車両形状等（当事者A）,車両形状等（当事者B）,オートマチック車（当事者A）,オートマチック車（当事者B）,サポカー（当事者A）,サポカー（当事者B）,速度規制（指定のみ）（当事者A）,速度規制（指定のみ）（当事者B）,車両の衝突部位（当事者A）,車両の衝突部位（当事者B）,車両の損壊程度（当事者A）,車両の損壊程度（当事者B）,エアバッグの装備（当事者A）,エアバッグの装備（当事者B）,サイドエアバッグの装備（当事者A）,サイドエアバッグの装備（当事者B）,人身損傷程度（当事者A）,人身損傷程度（当事者B）,lat,lon,曜日(発生年月日),祝日(発生年月日),認知機能検査経過日数（当事者A）,認知機能検査経過日数（当事者B）,運転練習の方法（当事者A）,運転練習の方法（当事者B）
1,30,555,264,2,0,1,30000,0,119,2022,7,8,14,10,12,4,32,19,0,1,1,1,14,7,0,0,0,0,3,9,1,70,5,2,1,45,65,51,61,41,0,0,0,0,0,0,0,0,0,10,0,3,0,0,0,0,0,4,2,35.75066861111111,139.70901833333332,6,3,0,0,0,0
1,30,555,269,2,0,1,170,95,119,2022,7,26,3,2,22,4,44,18,50,1,1,1,1,1,9,22,0,0,19,9,30,70,1,2,1,55,25,17,61,31,0,11,0,2,0,11,0,5,0,10,0,3,0,2,0,2,0,4,2,35.74906583333333,139.7168661111111,3,3,9999,0,9,0
1,30,555,272,2,0,1,30000,0,119,2022,7,28,20,5,22,4,46,18,49,3,1,2,1,1,9,22,0,0,15,9,30,70,4,2,1,55,45,3,61,31,0,1,0,1,0,11,0,2,0,50,0,3,0,2,0,2,0,4,2,35.761045277777775,139.7146911111111,5,3,9999,0,9,0
1,30,555,274,2,0,1,30000,0,119,2022,6,29,23,55,22,4,28,19,1,1,1,1,14,7,0,0,0,0,2,8,1,70,5,4,1,25,45,3,61,31,0,1,0,1,0,11,0,10,0,40,0,3,0,2,0,2,0,4,2,35.757641944444444,139.70250583333333,4,3,9999,0,1,0
1,30,555,275,2,0,1,30000,0,119,2022,7,20,9,0,12,4,40,18,55,1,1,1,14,7,0,0,0,0,3,9,1,70,4,2,1,55,35,2,61,1,0,1,0,2,0,11,0,2,0,40,0,4,0,2,0,2,0,4,2,35.754844166666665,139.7155636111111,4,3,9999,0,9,0
1,30,556,146,2,0,2,30000,0,119,2022,4,30,18,16,13,4,50,18,27,1,1,1,1,1,9,22,0,0,14,9,30,70,5,2,1,45,1,35,61,31,0,0,0,0,0,11,0,3,0,10,0,3,0,0,0,0,0,2,2,35.77659,139.68259444444445,7,3,9999,0,5,0
1,30,556,148,2,0,1,30000,0,119,2022,7,6,13,2,12,4,31,19,0,2,1,1,1,1,9,22,0,0,11,9,30,70,4,2,1,65,1,13,61,31,0,11,0,1,0,11,0,2,0,10,0,3,0,2,0,2,0,4,2,35.766105,139.694915,4,3,9999,0,9,0
1,30,556,151,2,0,1,30000,0,119,2022,7,7,10,32,12,4,32,19,0,1,1,1,14,7,0,0,0,0,2,9,1,70,5,3,1,1,1,3,61,31,0,1,0,1,0,11,0,2,0,80,0,4,0,2,0,2,0,4,2,35.78731944444444,139.67835722222222,5,3,9999,0,1,0
1,30,556,157,2,0,1,30000,0,119,2022,7,16,17,35,12,4,37,18,57,3,1,4,1,7,1,21,0,0,11,9,30,1,4,1,1,45,75,3,61,31,0,1,0,1,0,11,0,3,0,10,0,3,0,2,0,2,0,4,2,35.77120305555555,139.69653916666667,7,3,9999,0,1,0
1,30,556,165,2,0,1,30000,0,119,2022,7,30,14,0,12,4,47,18,47,1,1,1,1,7,9,22,0,0,11,9,30,70,5,3,1,1,75,51,61,41,0,0,0,0,0,0,0,0,0,10,0,3,0,0,0,0,0,4,2,35.787976388888886,139.67588027777776,7,3,0,0,0,0
1,30,557,153,2,0,1,10010,0,120,2022,7,7,22,10,22,4,32,19,0,1,1,1,1,1,9,22,0,0,19,9,30,70,6,1,1,45,25,14,61,31,0,11,0,1,0,11,0,4,0,10,0,3,0,2,0,2,0,4,2,35.73684277777778,139.65021333333334,5,3,9999,0,9,0
1,30,558,122,2,0,1,30000,0,120,2022,7,1,14,30,12,4,29,19,1,1,1,1,14,7,0,0,0,0,1,9,1,70,5,4,1,75,45,3,61,31,0,1,0,1,0,11,0,10,0,10,0,3,0,2,0,2,0,4,2,35.74758583333333,139.59040861111112,6,3,150,0,9,0
1,30,558,123,2,0,1,10250,0,120,2022,7,2,12,50,12,4,29,19,1,1,1,1,1,1,9,22,0,0,15,9,30,70,4,2,1,55,1,3,61,1,0,1,0,1,0,11,0,3,0,80,0,3,0,2,0,2,0,4,2,35.73018444444445,139.59167333333335,7,3,9999,0,9,0
1,30,558,128,2,0,1,30000,0,120,2022,6,23,17,10,12,4,26,19,1,2,1,1,14,1,0,0,0,0,3,9,1,1,5,3,1,45,0,61,0,0,0,0,0,0,0,0,0,0,0,0,0,0,0,0,0,0,0,2,0,35.72927027777778,139.61183944444443,5,3,0,0,0,0
1,30,558,134,2,0,1,99000,0,120,2022,7,21,14,20,12,4,41,18,54,1,1,1,0,7,0,0,0,0,0,0,20,70,0,4,1,25,65,14,61,31,0,11,0,1,0,11,0,1,0,30,0,3,0,2,0,2,0,4,2,35.75730222222222,139.59438694444447,5,3,9999,0,5,0
1,30,558,144,2,0,1,30000,0,120,2022,7,26,19,32,21,4,44,18,50,2,1,1,1,7,1,21,0,0,12,9,30,70,4,1,1,75,25,4,61,31,0,1,0,1,0,11,0,2,0,10,0,3,0,2,0,2,0,4,2,35.740270833333334,139.60635166666665,3,3,524,0,9,0
1,30,559,125,2,0,1,30000,0,119,2022,7,14,11,50,12,4,36,18,58,2,1,1,14,7,0,0,0,0,3,9,1,70,5,3,1,35,1,4,61,31,0,1,0,1,0,11,0,2,0,10,0,3,0,2,0,2,0,4,2,35.774115555555554,139.65345972222224,5,3,9999,0,1,0
1,30,559,126,2,0,1,30000,0,119,2022,7,4,19,35,21,4,30,19,1,1,1,1,14,7,0,0,0,0,1,9,1,70,5,2,1,1,55,51,61,41,0,0,0,0,0,0,0,0,0,40,0,4,0,0,0,0,0,4,2,35.7708425,139.64556944444445,2,3,0,0,0,0
1,30,559,129,2,0,1,20000,0,119,2022,7,23,10,50,12,4,42,18,53,1,1,1,14,7,0,0,0,0,3,9,1,70,1,2,1,45,75,3,61,31,0,1,0,1,0,11,0,3,0,40,0,3,0,2,0,2,0,4,2,35.786541388888885,139.65911833333334,7,3,9999,0,1,0
1,30,560,204,2,0,1,30000,0,120,2022,7,22,11,25,12,4,41,18,53,2,1,1,1,7,9,22,0,0,11,9,30,70,5,3,1,65,65,17,61,1,0,11,0,1,0,11,0,2,0,10,0,3,0,2,0,2,0,4,2,35.7576075,139.63535916666666,6,3,9999,0,9,0
1,30,560,210,2,0,1,30000,0,120,2022,7,24,12,10,12,4,43,18,52,1,1,1,14,7,0,0,0,0,2,9,1,70,5,4,1,65,35,3,61,31,0,1,0,1,0,11,0,5,0,40,0,3,0,2,0,2,0,4,2,35.76678444444445,139.64763138888887,1,3,9999,0,9,0
1,30,560,211,2,0,1,30000,0,120,2022,7,21,12,50,12,4,41,18,54,1,1,1,14,7,0,0,0,0,2,9,1,70,5,2,1,65,55,51,61,41,0,0,0,0,0,0,0,0,0,40,0,4,0,0,0,0,0,4,2,35.76730305555555,139.66362805555556,5,3,0,0,0,0
1,30,660,97,2,0,1,20080,0,106,2022,7,9,5,56,12,4,33,18,59,1,1,1,1,7,9,22,0,0,18,9,30,70,4,2,1,45,35,12,61,31,0,11,0,1,0,11,0,4,0,40,0,4,0,2,0,2,0,4,2,35.70886416666667,139.76980666666668,7,3,9999,0,1,0
1,30,660,102,2,0,1,30000,0,106,2022,7,15,18,35,13,4,36,18,57,3,1,2,1,7,9,22,0,0,11,9,30,70,5,1,1,65,35,3,61,1,0,1,0,1,0,11,0,10,0,20,0,4,0,2,0,2,0,4,2,35.71172527777778,139.77632333333335,6,3,9999,0,9,0
1,30,660,109,2,0,1,20530,0,106,2022,7,24,0,42,22,4,43,18,52,1,1,1,1,1,9,22,0,0,16,9,30,70,5,2,1,55,1,3,61,1,0,1,0,1,0,11,0,3,0,10,0,3,0,2,0,2,0,4,2,35.711868611111115,139.77928916666667,1,3,9999,0,9,0
1,30,661,66,2,0,1,30000,0,106,2022,7,2,15,30,12,4,29,19,1,1,1,1,14,7,0,0,0,0,1,9,1,70,5,3,1,25,1,36,61,31,0,0,0,0,0,11,0,2,0,40,0,4,0,0,0,0,0,4,2,35.72770055555556,139.7844325,7,3,9999,0,5,0
1,30,661,67,2,0,2,10300,0,106,2022,7,4,4,0,23,4,30,19,1,2,1,1,1,1,9,22,0,0,19,9,30,70,5,2,1,45,35,3,61,31,0,1,0,1,0,11,0,3,0,10,0,3,0,2,0,2,0,4,2,35.72076361111111,139.78120222222225,2,3,9999,0,5,0
1,30,661,74,2,0,1,30000,0,106,2022,7,26,8,45,12,4,44,18,50,3,1,2,1,7,9,22,0,0,14,9,30,70,4,2,1,65,45,14,61,31,0,11,0,1,0,11,0,3,0,40,0,3,0,2,0,2,0,4,2,35.7278025,139.78929944444445,3,3,9999,0,9,0
1,30,662,64,2,0,1,20530,0,106,2022,7,3,16,57,12,4,30,19,1,2,1,1,14,7,0,0,0,0,5,9,1,70,4,2,1,45,45,13,61,31,0,11,0,1,0,11,0,5,0,10,0,3,0,2,0,2,0,4,2,35.70904083333333,139.7951361111111,1,3,9999,0,1,0
1,30,662,66,2,0,1,10090,0,106,2022,7,4,20,45,22,4,30,19,1,1,1,1,1,1,9,22,0,0,17,9,30,70,4,1,1,35,55,11,61,1,0,11,0,1,0,11,0,6,0,80,0,4,0,2,0,2,0,4,2,35.728184444444445,139.80833083333334,2,3,9999,0,5,0
1,30,662,69,2,0,1,30000,0,106,2022,7,6,9,0,12,4,31,19,0,2,1,1,1,1,9,22,0,0,15,9,30,70,4,2,1,1,35,51,61,41,0,0,0,0,0,0,0,0,0,40,0,3,0,0,0,0,0,4,2,35.72412583333333,139.8047038888889,4,3,0,0,0,0
1,30,665,65,2,0,1,40,62,118,2022,7,5,9,30,12,4,31,19,0,1,1,1,1,1,9,22,0,0,18,9,30,70,4,1,1,35,55,3,61,31,0,1,0,1,0,11,0,5,0,10,0,3,0,2,0,2,0,4,2,35.73424305555556,139.7941588888889,3,3,9999,0,1,0
1,30,667,57,2,0,1,30000,0,121,2022,7,5,10,50,12,4,31,19,0,2,1,1,14,7,0,0,0,0,2,9,1,70,5,2,1,65,65,3,61,31,0,1,0,1,0,11,0,5,0,30,0,4,0,2,0,2,0,4,2,35.74528472222222,139.80972194444445,3,3,9999,0,9,0
1,30,668,284,2,0,1,30000,0,121,2022,7,1,22,30,22,4,29,19,1,1,1,1,14,7,0,0,0,0,2,9,1,70,5,3,1,25,65,3,61,31,0,1,0,1,0,11,0,5,0,20,0,4,0,2,0,2,0,4,2,35.764271111111114,139.77044583333335,6,3,9999,0,1,0
1,30,668,295,2,0,1,10340,0,121,2022,7,8,7,15,12,4,32,19,0,1,1,1,1,1,9,22,0,0,15,9,30,70,4,2,1,35,45,51,61,41,0,0,0,0,0,0,0,0,0,40,0,3,0,0,0,0,0,4,2,35.78146722222222,139.78562305555556,6,3,0,0,0,0
1,30,668,318,2,0,1,30000,0,121,2022,7,3,16,21,12,4,30,19,1,1,1,1,14,7,0,0,0,0,4,9,1,70,4,1,1,45,35,3,61,31,0,1,0,1,0,11,0,3,0,60,0,3,0,2,0,2,0,4,2,35.77433027777778,139.7865072222222,1,3,9999,0,5,0
1,30,668,321,2,0,1,30790,0,121,2022,7,5,17,4,12,4,31,19,0,1,1,1,14,7,0,0,0,0,4,9,1,70,5,2,1,75,25,3,61,31,0,1,0,1,0,11,0,2,0,10,0,3,0,2,0,2,0,4,2,35.76830277777778,139.7805088888889,3,3,581,0,9,0
1,30,668,325,2,0,1,10340,0,121,2022,7,23,9,50,12,4,42,18,53,1,1,1,1,7,1,21,0,0,11,9,30,70,1,2,1,65,65,3,61,31,0,1,0,1,0,11,0,2,0,40,0,4,0,2,0,2,0,4,2,35.774636944444445,139.77043250000003,7,3,9999,0,9,0
1,30,668,332,2,0,1,30000,0,121,2022,7,25,12,42,12,4,43,18,51,1,1,1,14,1,0,0,0,0,1,9,1,70,4,1,1,1,1,51,61,41,0,0,0,0,0,0,0,0,0,10,0,3,0,0,0,0,0,4,2,35.75566333333333,139.76266777777778,2,3,0,0,0,0
1,30,668,341,2,0,1,30000,0,121,2022,6,30,15,30,12,4,28,19,1,1,1,1,14,7,0,0,0,0,2,9,1,70,5,3,1,1,55,51,61,41,0,0,0,0,0,0,0,0,0,10,0,3,0,0,0,0,0,4,2,35.7728475,139.7834386111111,5,3,0,0,0,0
1,30,669,347,2,0,2,30000,0,121,2022,6,3,2,40,22,4,26,18,53,1,1,1,1,1,9,22,0,0,15,9,30,70,4,2,1,45,65,4,61,31,0,1,0,1,0,11,0,3,0,10,0,3,0,2,0,2,0,4,2,35.76452833333333,139.8291497222222,6,3,9999,0,9,0
1,30,669,353,2,0,1,30000,0,121,2022,7,1,14,22,12,4,29,19,1,1,1,1,1,7,9,22,0,0,14,9,30,70,4,2,1,25,75,3,61,31,0,1,0,1,0,11,0,2,0,10,0,3,0,2,0,2,0,4,2,35.79110333333333,139.83435305555557,6,3,9999,0,5,0
1,30,669,361,2,0,1,30000,0,121,2022,7,4,19,0,13,4,30,19,1,1,1,1,14,7,0,0,0,0,3,9,1,70,4,2,1,1,35,51,61,41,0,0,0,0,0,0,0,0,0,10,0,3,0,0,0,0,0,2,4,35.76820722222222,139.8079525,2,3,0,0,0,0
1,30,669,363,2,0,1,30000,0,121,2022,7,5,19,20,21,4,31,19,0,3,1,2,1,7,9,22,0,0,11,9,30,70,5,4,1,45,35,3,61,31,0,1,0,1,0,11,0,10,0,40,0,3,0,2,0,2,0,4,2,35.77186833333333,139.80371805555558,3,3,9999,0,1,0
1,30,669,369,2,0,1,30000,0,121,2022,7,8,10,20,12,4,32,19,0,2,1,1,1,7,9,22,0,0,15,9,30,70,4,2,1,25,45,3,61,31,0,1,0,1,0,11,0,2,0,40,0,3,0,2,0,2,0,4,2,35.764629722222224,139.8284997222222,6,3,9999,0,1,0
1,30,669,381,2,0,1,30000,0,121,2022,7,13,10,45,12,4,35,18,58,3,1,2,1,7,1,21,0,0,12,9,30,70,4,2,1,25,75,3,61,31,0,1,0,1,0,11,0,2,0,10,0,4,0,2,0,2,0,4,2,35.788895555555555,139.83794666666668,4,3,9999,0,1,0
1,30,669,409,2,0,1,30000,0,121,2022,7,25,17,52,13,4,43,18,51,1,1,1,7,7,0,0,0,0,1,9,1,70,4,2,1,25,1,51,61,41,0,0,0,0,0,0,0,0,0,10,0,3,0,0,0,0,0,4,2,35.76569166666667,139.83554805555556,2,3,0,0,0,0
1,30,669,412,2,0,1,30000,0,121,2022,7,27,10,35,12,4,45,18,50,1,1,1,1,7,1,21,0,0,11,9,30,70,5,2,1,45,55,17,61,1,0,11,0,1,0,11,0,5,0,10,0,3,0,2,0,2,0,4,2,35.76945416666666,139.8056136111111,4,3,9999,0,2,0
1,30,669,414,2,0,1,30000,0,121,2022,7,28,10,20,12,4,46,18,49,1,1,1,1,1,9,22,0,0,11,9,30,70,5,2,1,55,75,17,61,1,0,11,0,1,0,11,0,2,0,40,0,3,0,2,0,2,0,4,2,35.781908888888886,139.84450583333333,5,3,9999,0,9,0
1,30,670,202,2,0,1,30430,0,121,2022,7,1,15,0,12,4,29,19,1,1,1,1,14,7,0,0,0,0,3,9,1,70,4,2,1,45,65,51,61,41,0,0,0,0,0,0,0,0,0,10,0,3,0,0,0,0,0,4,2,35.796728333333334,139.8028638888889,6,3,0,0,0,0
1,30,670,205,2,0,1,30000,0,121,2022,7,5,8,8,12,4,31,19,0,1,1,1,1,7,9,22,0,0,12,9,30,70,4,2,1,45,1,3,61,31,0,1,0,1,0,11,0,2,0,10,0,3,0,2,0,2,0,4,2,35.801615,139.81887083333334,3,3,9999,0,5,0
1,30,670,208,2,0,2,30000,0,121,2022,7,6,10,30,12,4,31,19,0,2,1,1,14,7,0,0,0,0,1,9,1,70,5,2,1,55,35,51,61,41,0,0,0,0,0,0,0,0,0,20,0,3,0,0,0,0,0,2,2,35.79786111111111,139.80813972222222,4,3,0,0,0,0
1,30,670,212,2,0,1,30000,0,121,2022,7,9,16,28,12,4,33,18,59,1,1,1,1,7,9,22,0,0,14,9,30,70,5,2,1,1,1,14,61,31,0,11,0,1,0,11,0,3,0,10,0,3,0,2,0,2,0,4,2,35.79121527777777,139.81700194444443,7,3,9999,0,1,0
1,30,670,241,2,0,1,10340,0,121,2022,7,29,17,15,12,4,46,18,48,1,1,1,14,7,0,0,0,0,4,9,1,70,4,1,1,1,1,51,61,41,0,0,0,0,0,0,0,0,0,10,0,4,0,0,0,0,0,4,2,35.79919222222222,139.78954972222223,6,3,0,0,0,0
1,30,670,242,2,0,1,30000,0,121,2022,3,8,7,10,12,6,2,17,42,3,1,2,1,7,9,22,0,0,11,6,30,70,5,3,1,45,35,4,61,31,0,1,0,1,0,11,0,10,0,40,0,4,0,2,0,2,0,4,2,35.81588166666666,139.77253333333334,3,3,9999,0,9,0
1,30,771,298,2,0,1,99000,0,108,2022,5,28,19,20,21,4,28,18,49,1,1,1,0,7,0,0,0,0,0,0,20,70,0,4,1,25,25,14,61,31,0,11,0,1,0,11,0,10,0,30,0,3,0,2,0,2,0,4,2,35.66021416666666,139.79220805555556,7,3,9999,0,1,0
1,30,772,244,2,0,1,10090,0,108,2022,7,30,15,35,12,4,47,18,47,1,1,1,1,7,1,21,0,0,14,9,30,70,4,2,1,1,75,51,61,41,0,0,0,0,0,0,0,0,0,40,0,4,0,0,0,0,0,4,2,35.681576944444444,139.8276463888889,7,3,0,0,0,0
1,30,772,246,2,0,1,10090,0,108,2022,7,10,17,20,12,4,33,18,59,1,1,1,14,7,0,0,0,0,5,9,1,70,4,2,1,35,1,51,61,41,0,0,0,0,0,0,0,0,0,40,0,4,0,0,0,0,0,4,2,35.671715,139.82625611111112,1,3,0,0,0,0
1,30,773,167,2,0,1,60,56,107,2022,7,5,19,15,21,4,31,19,0,2,1,2,1,1,1,21,0,0,13,9,30,70,5,2,1,55,1,3,61,31,0,1,0,1,0,11,0,10,0,10,0,3,0,2,0,2,0,4,2,35.716551388888895,139.81103000000002,3,3,9999,0,9,0
1,30,773,171,2,0,1,140,26,107,2022,7,13,15,4,12,4,35,18,58,3,1,2,1,7,1,21,0,0,13,9,30,1,4,2,1,1,45,3,61,31,0,1,0,1,0,11,0,2,0,10,0,3,0,2,0,2,0,4,2,35.69421833333333,139.7931761111111,4,3,9999,0,1,0
1,30,773,175,2,0,1,30000,0,107,2022,7,19,14,40,12,4,39,18,55,3,1,2,1,1,9,22,0,0,15,9,30,70,5,3,1,65,65,3,61,31,0,1,0,1,0,11,0,2,0,10,0,3,0,2,0,2,0,4,2,35.69311861111111,139.80057000000002,3,3,9999,0,9,0
1,30,774,108,2,0,1,60,66,107,2022,7,19,14,30,12,4,39,18,55,1,1,1,14,7,0,0,0,0,1,9,1,70,4,1,1,75,45,51,61,41,0,0,0,0,0,0,0,0,0,20,0,4,0,0,0,0,0,4,2,35.72386777777778,139.81974083333333,3,3,0,0,0,0
1,30,775,182,2,0,1,30000,0,122,2022,7,5,16,30,12,4,31,19,0,2,1,1,1,7,9,22,0,0,14,9,30,70,5,1,1,1,1,51,61,41,0,0,0,0,0,0,0,0,0,10,0,4,0,0,0,0,0,4,2,35.763110555555556,139.84309222222223,3,3,0,0,0,0
1,30,775,187,2,0,1,30000,0,122,2022,7,13,14,22,12,4,35,18,58,3,1,2,14,7,0,0,0,0,2,9,1,70,5,3,1,1,1,14,61,1,0,11,0,1,0,11,0,2,0,40,0,3,0,2,0,2,0,4,2,35.76773055555555,139.84615333333335,4,3,9999,0,1,0
1,30,775,192,2,0,1,30000,0,122,2022,4,26,18,20,13,4,55,18,23,2,1,1,1,7,0,0,0,0,15,9,30,70,4,2,1,1,0,61,0,0,0,0,0,0,0,0,0,0,0,0,0,0,0,0,0,0,0,2,0,35.78317,139.85397805555556,3,3,0,0,0,0
1,30,775,208,2,0,1,10700,0,122,2022,2,26,8,40,12,6,15,17,33,1,1,1,13,7,0,0,0,0,2,3,1,70,5,1,1,55,55,51,61,41,0,0,0,0,0,0,0,0,0,10,0,4,0,0,0,0,0,4,2,35.79520222222222,139.85991194444443,7,3,0,0,0,0
1,30,776,222,2,0,1,30000,0,122,2022,7,3,7,25,12,4,30,19,1,1,1,1,14,7,0,0,0,0,4,8,1,70,5,4,1,55,45,51,61,41,0,0,0,0,0,0,0,0,0,10,0,4,0,0,0,0,0,4,2,35.74740416666667,139.82088694444445,1,3,0,0,0,0
1,30,776,223,2,0,1,30000,0,122,2022,7,4,18,25,13,4,30,19,1,2,1,1,1,7,9,22,0,0,11,9,30,70,5,3,1,1,75,51,61,41,0,0,0,0,0,0,0,0,0,10,0,4,0,0,0,0,0,4,2,35.71834583333334,139.85924555555556,2,3,0,0,0,0
1,30,776,242,2,0,1,30000,0,122,2022,7,19,15,30,12,4,39,18,55,2,1,1,14,7,0,0,0,0,2,9,1,70,5,4,1,45,75,51,61,41,0,0,0,0,0,0,0,0,0,30,0,3,0,0,0,0,0,4,2,35.71900194444444,139.8594588888889,3,3,0,0,0,0
1,30,777,426,2,0,1,30000,0,123,2022,7,7,16,45,12,4,32,19,0,1,1,1,14,7,0,0,0,0,2,9,1,70,5,4,1,25,1,4,61,31,0,1,0,1,0,11,0,5,0,10,0,3,0,2,0,2,0,4,2,35.689454722222216,139.8840525,5,3,9999,0,1,0
1,30,777,430,2,0,1,30000,0,123,2022,7,8,17,0,12,4,32,19,0,1,1,1,1,7,1,21,0,0,15,9,30,70,5,3,1,25,65,51,61,41,0,0,0,0,0,0,0,0,0,20,0,3,0,0,0,0,0,4,2,35.68709055555555,139.86709166666668,6,3,0,0,0,0
1,30,777,431,2,0,1,30000,0,123,2022,7,9,11,40,12,4,33,18,59,1,1,1,14,7,0,0,0,0,3,9,1,1,4,3,1,65,75,4,61,31,0,1,0,1,0,11,0,2,0,20,0,3,0,2,0,2,0,4,2,35.706673611111114,139.8697527777778,7,3,9999,0,9,0
1,30,777,443,2,0,1,30000,0,123,2022,7,13,13,26,12,4,35,18,58,3,1,2,1,7,1,21,0,0,15,9,30,70,4,3,1,55,65,13,61,31,0,11,0,1,0,11,0,2,0,10,0,3,0,2,0,2,0,4,2,35.70748722222223,139.8392452777778,4,3,9999,0,9,0
1,30,777,460,2,0,1,95000,0,123,2022,7,3,11,15,12,4,30,19,1,1,1,1,14,7,0,0,0,0,3,9,1,70,5,4,1,65,0,61,0,0,0,0,0,0,0,0,0,0,0,0,0,0,0,0,0,0,0,2,0,35.68534805555555,139.84934361111112,1,3,0,0,0,0
1,30,777,476,2,0,1,30000,0,123,2022,7,12,16,33,12,4,35,18,58,2,1,1,1,7,9,22,0,0,11,9,30,1,5,3,1,35,45,17,61,1,0,11,0,1,0,11,0,2,0,10,0,3,0,2,0,2,0,4,2,35.69644722222222,139.90912277777778,3,3,9999,0,5,0
1,30,777,480,2,0,1,140,108,123,2022,7,29,20,30,22,4,46,18,48,1,1,1,1,1,9,22,0,0,19,9,30,70,1,1,1,55,55,3,61,31,0,1,0,1,0,11,0,5,0,10,0,3,0,2,0,2,0,4,2,35.70254333333334,139.88178333333335,6,3,9999,0,9,0
1,30,778,155,2,0,1,141,4223,123,2022,7,2,20,55,22,4,29,19,1,1,1,1,1,1,9,22,0,0,15,9,30,70,4,2,1,45,65,3,61,31,0,1,0,1,0,11,0,3,0,80,0,3,0,2,0,2,0,4,2,35.72871972222222,139.88729694444444,7,3,9999,0,1,0
1,30,778,158,2,0,1,30000,0,123,2022,7,7,16,5,12,4,32,19,0,1,1,1,1,1,9,22,0,0,16,9,30,70,4,2,1,45,1,14,61,31,0,11,0,1,0,11,0,3,0,10,0,3,0,2,0,2,0,4,2,35.715967500000005,139.89209305555553,5,3,9999,0,9,0
1,30,779,120,2,0,1,10390,0,123,2022,6,18,22,42,22,4,25,18,59,3,1,2,1,1,0,0,0,0,18,9,30,70,4,2,1,25,0,61,0,0,0,0,0,0,0,0,0,0,0,0,0,0,0,0,0,0,0,2,0,35.66595722222222,139.8543936111111,7,3,0,0,0,0
1,30,779,133,2,0,1,10720,0,123,2022,7,15,21,17,22,4,36,18,57,2,1,2,1,1,9,22,0,0,16,9,30,70,1,2,1,1,35,14,61,1,0,11,0,1,0,11,0,4,0,10,0,3,0,2,0,2,0,4,2,35.65968888888889,139.8767752777778,6,3,9999,0,1,0
1,30,779,144,2,0,1,10390,0,123,2022,7,16,6,58,12,4,37,18,57,3,1,2,1,1,9,22,0,0,15,9,30,70,4,2,1,55,55,3,61,1,0,1,0,1,0,11,0,2,0,20,0,3,0,2,0,2,0,4,2,35.66603833333333,139.85446583333334,7,3,9999,0,9,0
1,30,876,202,2,0,1,30000,0,201,2022,7,20,22,5,22,4,40,18,55,1,1,1,7,7,0,0,0,0,2,9,1,70,5,2,1,1,55,52,61,41,0,0,0,0,0,0,0,0,0,10,0,3,0,0,0,0,0,4,2,35.604570833333334,139.38492666666667,4,3,0,0,0,0
1,30,876,206,2,0,1,30000,0,201,2022,4,16,12,15,12,5,7,18,15,1,1,1,1,1,9,22,0,0,15,9,30,70,5,2,1,65,75,3,61,31,0,1,0,1,0,11,0,3,0,0,0,4,0,2,0,2,0,4,2,35.63112638888889,139.34373083333335,7,3,9999,0,9,0
1,30,876,208,2,0,1,99000,0,201,2022,7,23,22,0,22,4,42,18,53,1,1,1,0,7,0,0,0,0,0,0,20,70,0,4,1,25,25,3,61,31,0,1,0,1,0,11,0,1,0,30,0,3,0,2,0,2,0,4,2,35.64267944444445,139.34088805555555,7,3,9999,0,1,0
1,30,877,212,2,0,1,30000,0,201,2022,7,6,14,35,12,4,31,19,0,1,1,1,14,7,0,0,0,0,1,9,1,70,5,4,1,55,1,35,61,31,0,0,0,0,0,11,0,2,0,10,0,3,0,0,0,0,0,4,2,35.66662611111111,139.30193805555555,4,3,9999,0,5,0
1,30,877,214,2,0,1,200,486,201,2022,7,6,17,20,12,4,31,19,0,1,1,1,1,1,9,22,0,0,13,9,30,70,5,1,1,1,35,51,61,41,0,0,0,0,0,0,0,0,0,10,0,3,0,0,0,0,0,4,2,35.651379444444444,139.29991527777779,4,3,0,0,0,0
1,30,877,218,2,0,1,30000,0,201,2022,7,9,19,35,21,4,33,18,59,1,2,1,14,7,0,0,0,0,2,9,1,70,5,3,1,25,65,51,61,41,0,0,0,0,0,0,0,0,0,10,0,3,0,0,0,0,0,4,2,35.66949777777778,139.3015591666667,7,3,0,0,0,0
1,30,877,227,2,0,1,30000,0,201,2022,7,19,12,35,12,4,39,18,55,2,2,1,1,1,9,22,0,0,13,9,30,70,4,1,1,65,45,13,61,31,0,11,0,1,0,11,0,3,0,10,0,3,0,2,0,2,0,4,2,35.654691944444444,139.2754602777778,3,3,9999,0,9,0
1,30,877,230,2,0,1,99000,0,201,2022,6,11,15,30,12,4,25,18,57,2,2,1,0,7,0,0,0,0,0,0,20,70,0,4,1,65,55,3,61,1,0,1,0,1,0,11,0,10,0,50,0,3,0,2,0,2,0,4,2,35.636961944444444,139.29246027777776,7,3,9999,0,9,0