資料区分,都道府県コード,警察署等コード,本票番号,事故内容,死者数,負傷者数,路線コード,地点コード,市区町村コード,発生日時　　年,発生日時　　月,発生日時　　日,発生日時　　時,発生日時　　分,昼夜,日の出時刻　　時,日の出時刻　　分,日の入り時刻　　時,日の入り時刻　　分,天候,地形,路面状態,道路形状,信号機,一時停止規制　標識（当事者A）,一時停止規制　表示（当事者A）,一時停止規制　標識（当事者B）,一時停止規制　表示（当事者B）,車道幅員,道路線形,衝突地点,ゾーン規制,中央分離帯施設等,歩車道区分,事故類型,年齢（当事者A）,年齢（当事者B）,当事者種別（当事者A）,当事者種別（当事者B）,用途別（当事者A）,用途別（当事者B）,車両形状等（当事者A）,車両形状等（当事者B）,オートマチック車（当事者A）,オートマチック車（当事者B）,サポカー（当事者A）,サポカー（当事者B）,速度規制（指定のみ）（当事者A）,速度規制（指定のみ）（当事者B）,車両の衝突部位（当事者A）,車両の衝突部位（当事者B）,車両の損壊程度（当事者A）,車両の損壊程度（当事者B）,エアバッグの装備（当事者A）,エアバッグの装備（当事者B）,サイドエアバッグの装備（当事者A）,サイドエアバッグの装備（当事者B）,人身損傷程度（当事者A）,人身損傷程度（当事者B）,lat,lon,曜日(発生年月日),祝日(発生年月日),認知機能検査経過日数（当事者A）,認知機能検査経過日数（当事者B）,運転練習の方法（当事者A）,運転練習の方法（当事者B）
1,30,878,228,2,0,1,30000,0,224,2022,7,10,17,15,12,4,33,18,59,1,1,1,14,7,0,0,0,0,2,9,1,70,5,3,1,25,1,4,61,31,0,1,0,1,0,11,0,2,0,10,0,3,0,2,0,2,0,4,2,35.63871638888889,139.45127888888888,1,3,9999,0,1,0
1,30,878,235,2,0,1,21110,0,224,2022,7,14,19,10,21,4,36,18,58,3,2,2,1,1,9,22,0,0,16,9,30,70,1,1,1,45,1,3,61,31,0,1,0,1,0,11,0,5,0,10,0,4,0,2,0,2,0,4,2,35.628077222222224,139.4288372222222,5,3,9999,0,1,0
1,30,878,243,2,0,1,30000,0,224,2022,7,20,16,12,12,4,40,18,55,1,3,1,1,7,0,0,0,0,11,9,30,70,4,2,1,1,0,61,0,0,0,0,0,0,0,0,0,0,0,0,0,0,0,0,0,0,0,2,0,35.64473972222222,139.4525511111111,4,3,0,0,0,0
1,30,878,248,2,0,1,30000,0,225,2022,7,22,15,35,12,4,41,18,53,1,1,1,14,7,0,0,0,0,2,9,1,70,5,3,1,65,65,3,61,1,0,1,0,1,0,11,0,2,0,40,0,3,0,2,0,2,0,4,2,35.64842111111111,139.48918416666666,6,3,9999,0,9,0
1,30,879,328,2,0,1,30000,0,223,2022,7,5,17,50,12,4,31,19,0,3,1,2,14,7,0,0,0,0,2,9,1,70,5,4,1,35,1,4,61,31,0,1,0,1,0,11,0,1,0,11,0,3,0,2,0,2,0,4,2,35.74125222222222,139.39603499999998,3,3,9999,0,1,0
1,30,879,333,2,0,1,99000,0,220,2022,7,9,17,30,12,4,33,18,59,1,1,1,0,7,0,0,0,0,0,0,20,70,0,4,1,25,75,14,61,1,0,11,0,2,0,11,0,10,0,70,0,3,0,2,0,2,0,4,2,35.7425975,139.4147288888889,7,3,9999,0,1,0
1,30,879,344,2,0,1,30000,0,220,2022,7,15,22,15,22,4,36,18,57,1,2,2,1,1,9,22,0,0,15,9,30,1,4,3,1,25,45,3,61,31,0,1,0,1,0,11,0,2,0,40,0,3,0,2,0,2,0,4,2,35.74581055555556,139.41914,6,3,9999,0,1,0
1,30,879,363,2,0,1,10250,0,223,2022,7,25,11,15,12,4,43,18,51,1,1,1,14,7,0,0,0,0,5,9,1,70,4,2,1,55,25,17,61,31,0,11,0,1,0,11,0,4,0,80,0,3,0,2,0,2,0,4,2,35.74922638888889,139.3975261111111,2,3,9999,0,9,0
1,30,879,376,2,0,1,10250,0,220,2022,7,31,7,45,12,4,48,18,46,1,2,1,1,1,9,22,0,0,16,9,30,70,4,2,1,45,65,3,61,31,0,1,0,1,0,11,0,4,0,50,0,3,0,2,0,2,0,4,2,35.747146666666666,139.43327138888887,1,3,9999,0,2,0
1,30,880,138,2,0,1,99000,0,205,2022,7,6,10,45,12,4,31,19,0,1,1,1,0,7,0,0,0,0,0,0,20,70,0,4,1,65,65,3,61,31,0,1,0,1,0,11,0,10,0,30,0,4,0,2,0,2,0,4,2,35.77778361111111,139.28738027777777,4,3,9999,0,9,0
1,30,880,143,2,0,1,30000,0,205,2022,7,13,8,30,12,4,35,18,58,3,2,2,14,7,0,0,0,0,1,9,1,70,5,4,1,1,55,4,61,31,0,1,0,1,0,11,0,10,0,30,0,3,0,2,0,2,0,4,2,35.78973277777778,139.26283666666666,4,3,9999,0,1,0
1,30,880,148,2,0,1,10240,0,205,2022,7,17,16,5,12,4,38,18,56,1,2,1,14,7,0,0,0,0,3,9,1,70,4,2,1,65,1,3,61,31,0,1,0,1,0,11,0,3,0,20,0,3,0,2,0,2,0,4,2,35.784215833333334,139.2324213888889,1,2,9999,0,1,0
1,30,880,161,2,0,1,99000,0,205,2022,7,4,14,5,12,4,30,19,1,2,2,1,0,7,0,0,0,0,0,0,20,70,0,4,1,35,45,3,61,31,0,1,0,1,0,11,0,10,0,20,0,4,0,2,0,2,0,4,2,35.78823333333333,139.27538055555556,2,3,9999,0,1,0
1,30,881,100,2,0,1,30000,0,305,2022,7,7,14,15,12,4,32,19,0,1,1,1,14,7,0,0,0,0,3,9,1,70,5,4,1,45,75,14,61,31,0,11,0,1,0,11,0,3,0,30,0,3,0,2,0,2,0,4,2,35.74251666666667,139.2522988888889,5,3,9999,0,5,0
1,30,882,245,2,0,1,95000,0,228,2022,7,1,11,10,12,4,29,19,1,1,2,1,0,7,0,0,0,0,0,0,20,70,0,4,1,55,75,3,61,31,0,1,0,1,0,11,0,10,0,10,0,3,0,2,0,2,0,4,2,35.74180472222222,139.3054413888889,6,3,9999,0,9,0
1,30,882,249,2,0,1,10550,0,218,2022,7,7,22,14,22,4,32,19,0,1,3,1,14,7,0,0,0,0,3,9,1,70,4,2,1,35,55,4,61,31,0,1,0,1,0,11,0,3,0,10,0,3,0,2,0,2,0,4,2,35.72843027777778,139.33471472222223,5,3,9999,0,1,0
1,30,882,250,2,0,1,95000,0,218,2022,4,23,10,29,12,4,59,18,21,1,1,1,0,7,0,0,0,0,0,0,20,70,0,4,1,25,65,3,61,31,0,1,0,1,0,11,0,10,0,20,0,4,0,2,0,2,0,4,2,35.73564805555556,139.3339627777778,7,3,9999,0,1,0
1,30,882,257,2,0,1,30000,0,218,2022,7,16,14,5,12,4,37,18,57,3,2,2,1,1,9,22,0,0,14,9,30,70,4,2,1,75,25,3,61,31,0,1,0,1,0,11,0,3,0,50,0,3,0,2,0,2,0,4,2,35.749768055555556,139.32696277777777,7,3,9999,0,9,0
1,30,882,264,2,0,1,30000,0,228,2022,7,14,11,50,12,4,36,18,58,2,1,1,14,7,0,0,0,0,2,9,1,70,5,3,1,65,45,3,61,31,0,1,0,1,0,11,0,2,0,40,0,4,0,2,0,2,0,4,2,35.73958583333334,139.3145027777778,5,3,9999,0,9,0
1,30,882,270,2,0,1,20000,0,228,2022,6,22,8,55,12,4,26,19,0,2,1,1,14,7,0,0,0,0,2,9,1,70,5,3,1,65,25,3,61,31,0,1,0,1,0,11,0,2,0,40,0,3,0,2,0,2,0,4,2,35.72419083333334,139.27361194444447,4,3,9999,0,9,0
1,30,882,274,2,0,1,30000,0,227,2022,7,28,11,50,12,4,46,18,49,1,1,1,1,1,9,22,0,0,15,9,30,70,4,2,1,45,75,3,61,31,0,1,0,1,0,11,0,2,0,50,0,3,0,2,0,2,0,4,2,35.768366944444445,139.31087222222223,5,3,9999,0,1,0
1,30,883,293,2,0,1,30000,0,201,2022,7,11,8,0,12,4,34,18,59,1,1,1,14,7,0,0,0,0,2,9,1,70,5,3,1,35,1,3,61,31,0,1,0,1,0,11,0,2,0,20,0,3,0,2,0,2,0,4,2,35.656929999999996,139.31170333333336,2,3,9999,0,1,0
1,30,883,298,2,0,1,30000,0,201,2022,7,11,16,50,12,4,34,18,59,1,1,1,14,7,0,0,0,0,1,9,1,70,5,3,1,35,75,51,61,41,0,0,0,0,0,0,0,0,0,10,0,4,0,0,0,0,0,4,2,35.692969444444444,139.28337638888888,2,3,0,0,0,0
1,30,883,299,2,0,1,95000,0,201,2022,6,23,9,50,12,4,26,19,1,2,1,1,0,7,0,0,0,0,0,0,20,70,0,4,1,35,35,3,61,31,0,1,0,1,0,11,0,10,0,30,0,4,0,2,0,2,0,4,2,35.65797611111111,139.3472438888889,5,3,9999,0,5,0
1,30,883,316,2,0,1,30000,0,201,2022,7,26,0,25,22,4,44,18,50,2,1,1,14,7,0,0,0,0,2,9,1,70,5,4,1,45,1,4,61,31,0,1,0,1,0,11,0,10,0,10,0,3,0,2,0,2,0,4,2,35.673431666666666,139.3604425,3,3,9999,0,5,0
1,30,884,488,2,0,1,10490,0,209,2022,7,4,8,32,12,4,30,19,1,3,1,2,1,1,9,22,0,0,12,9,30,70,4,2,1,75,35,14,61,31,0,11,0,1,0,11,0,3,0,10,0,3,0,2,0,2,0,4,2,35.53507722222222,139.45788888888887,2,3,1001,0,9,0
1,30,884,496,2,0,1,30000,0,209,2022,7,8,15,5,12,4,32,19,0,1,1,1,1,7,9,22,0,0,15,9,30,70,4,2,1,45,1,14,61,1,0,11,0,1,0,11,0,2,0,20,0,3,0,2,0,2,0,4,2,35.553079999999994,139.47335194444446,6,3,9999,0,9,0
1,30,884,500,2,0,1,30000,0,209,2022,5,13,14,20,12,4,38,18,37,3,1,1,1,7,9,22,0,0,11,9,30,70,5,3,1,35,75,17,61,1,0,11,0,2,0,11,0,2,0,80,0,3,0,2,0,2,0,4,2,35.53483027777778,139.47137055555555,6,3,9999,0,1,0
1,30,884,503,2,0,1,30000,0,209,2022,5,28,10,20,12,4,28,18,49,1,2,1,14,7,0,0,0,0,2,9,1,70,5,3,1,45,0,61,0,0,0,0,0,0,0,0,0,0,0,0,0,0,0,0,0,0,0,2,0,35.56433944444444,139.4265372222222,7,3,0,0,0,0
1,30,884,504,2,0,1,10490,0,209,2022,7,14,19,17,21,4,36,18,58,1,1,2,14,7,0,0,0,0,3,9,1,70,4,2,1,35,35,34,61,31,0,0,0,0,0,11,0,2,0,10,0,3,0,0,0,0,0,4,2,35.55894138888888,139.43116416666666,5,3,9999,0,1,0
1,30,884,509,2,0,1,99000,0,209,2022,7,16,11,50,12,4,37,18,57,3,2,2,0,7,0,0,0,0,0,0,20,70,0,4,1,65,75,14,61,1,0,11,0,1,0,11,0,10,0,20,0,3,0,2,0,2,0,4,2,35.52419111111111,139.46724555555556,7,3,9999,0,9,0
1,30,884,512,2,0,1,30000,0,209,2022,7,12,16,20,12,4,35,18,58,2,1,1,1,7,9,21,0,0,15,8,30,1,4,2,1,45,1,3,61,31,0,1,0,1,0,11,0,1,0,10,0,3,0,2,0,2,0,4,2,35.546503333333334,139.45946888888886,3,3,9999,0,1,0
1,30,884,522,2,0,1,10490,0,209,2022,7,25,21,3,22,4,43,18,51,2,1,1,1,1,9,22,0,0,16,9,30,70,5,1,1,25,75,3,61,31,0,1,0,1,0,11,0,3,0,10,0,3,0,2,0,2,0,4,2,35.53836138888889,139.4539186111111,2,3,9999,0,5,0
1,30,884,523,2,0,1,30000,0,209,2022,7,26,14,32,12,4,44,18,50,2,1,1,1,1,9,22,0,0,17,7,30,70,1,2,1,55,65,4,61,31,0,1,0,1,0,11,0,3,0,50,0,3,0,2,0,2,0,4,2,35.57090138888889,139.42805583333333,3,3,9999,0,9,0
1,30,884,525,2,0,1,30000,0,209,2022,3,1,16,15,12,6,11,17,36,2,1,1,14,7,0,0,0,0,2,9,1,70,5,3,1,45,55,3,61,31,0,1,0,1,0,11,0,3,0,40,0,3,0,2,0,2,0,4,2,35.557873055555554,139.44148388888888,3,3,9999,0,1,0
1,30,884,531,2,0,1,95000,0,209,2022,7,30,18,52,21,4,47,18,47,1,1,1,21,7,0,0,0,0,3,9,20,70,5,4,1,35,1,3,61,31,0,1,0,1,0,11,0,1,0,80,0,3,0,2,0,2,0,4,2,35.54512388888889,139.44589972222224,7,3,9999,0,5,0
1,30,885,150,2,0,1,30000,0,212,2022,7,1,9,49,12,4,29,19,1,1,2,1,1,7,7,21,0,0,15,9,30,70,4,2,1,35,35,3,61,31,0,1,0,1,0,11,0,2,0,10,0,4,0,2,0,2,0,4,2,35.66242277777778,139.37815277777779,6,3,9999,0,1,0
1,30,885,159,2,0,1,95000,0,212,2022,7,10,20,8,22,4,33,18,59,1,1,1,1,1,9,22,0,0,18,9,30,70,4,1,1,65,75,3,61,1,0,1,0,1,0,11,0,10,0,10,0,3,0,2,0,2,0,4,2,35.66768,139.37904583333335,1,3,9999,0,9,0
1,30,885,160,2,0,1,30000,0,212,2022,7,11,18,45,13,4,34,18,59,1,3,1,14,5,0,0,0,0,3,9,1,70,4,2,1,55,55,3,61,31,0,1,0,1,0,11,0,3,0,10,0,3,0,2,0,2,0,4,2,35.66321194444444,139.40972027777778,2,3,9999,0,9,0
1,30,886,234,2,0,1,21150,0,207,2022,7,15,20,30,22,4,36,18,57,2,2,2,14,7,0,0,0,0,3,9,1,70,4,2,1,35,1,51,61,41,0,0,0,0,0,0,0,0,0,20,0,4,0,0,0,0,0,4,2,35.71523972222222,139.38100333333335,6,3,0,0,0,0
1,30,886,238,2,0,1,30810,0,207,2022,7,19,22,40,22,4,39,18,55,2,2,1,14,7,0,0,0,0,3,9,1,70,4,1,1,45,65,14,61,31,0,11,0,1,0,11,0,3,0,10,0,3,0,2,0,2,0,4,2,35.72087027777778,139.34175416666668,3,3,9999,0,5,0
1,30,887,355,2,0,1,30000,0,202,2022,7,10,9,55,12,4,33,18,59,1,2,1,1,1,9,22,0,0,11,9,30,70,4,2,1,75,65,3,61,31,0,1,0,1,0,11,0,2,0,10,0,3,0,2,0,2,0,4,2,35.71975638888889,139.43438916666668,1,3,180,0,9,0
1,30,887,356,2,0,1,30000,0,215,2022,6,1,9,33,12,4,27,18,51,1,1,1,1,1,9,22,0,0,12,8,30,70,5,2,1,75,55,14,61,31,0,11,0,1,0,11,0,3,0,82,0,3,0,2,0,2,0,4,2,35.69017888888889,139.43400805555555,4,3,594,0,9,0
1,30,887,357,2,0,1,95000,0,202,2022,7,10,19,50,21,4,33,18,59,1,1,1,7,7,0,0,0,0,3,9,1,70,4,2,1,55,75,51,61,41,0,0,0,0,0,0,0,0,0,40,0,4,0,0,0,0,0,4,2,35.70027,139.41019888888889,1,3,0,0,0,0
1,30,887,358,2,0,1,10520,0,202,2022,7,11,10,0,12,4,34,18,59,1,2,1,14,1,0,0,0,0,3,9,1,70,4,2,1,45,35,4,61,31,0,1,0,1,0,11,0,3,0,10,0,3,0,2,0,2,0,4,2,35.714194722222224,139.42919527777778,2,3,9999,0,5,0
1,30,887,368,2,0,1,30000,0,215,2022,7,16,15,35,12,4,37,18,57,3,1,2,1,1,9,22,0,0,16,9,30,70,4,2,1,65,1,3,61,1,0,1,0,1,0,11,0,3,0,10,0,3,0,2,0,2,0,4,2,35.690638888888884,139.447235,7,3,9999,0,9,0
1,30,887,373,2,0,1,30000,0,202,2022,7,19,10,5,12,4,39,18,55,2,1,1,14,7,0,0,0,0,2,9,1,70,5,4,1,45,45,3,61,31,0,1,0,1,0,11,0,2,0,20,0,3,0,2,0,2,0,4,2,35.69497888888888,139.41253305555557,3,3,9999,0,1,0
1,30,887,379,2,0,1,95000,0,202,2022,7,22,16,10,12,4,41,18,53,1,1,1,14,7,0,0,0,0,3,9,1,70,4,1,1,75,65,3,61,31,0,1,0,1,0,11,0,3,0,10,0,3,0,2,0,2,0,4,2,35.72102888888889,139.42927416666666,6,3,1053,0,1,0
1,30,887,390,2,0,1,30000,0,202,2022,3,17,10,5,12,5,49,17,50,1,2,1,14,7,0,0,0,0,1,9,1,70,5,3,1,45,45,3,61,31,0,1,0,1,0,11,0,1,0,40,0,3,0,2,0,2,0,4,2,35.69580388888888,139.42054805555554,5,3,9999,0,1,0
1,30,887,396,2,0,1,10520,0,202,2022,7,28,3,46,23,4,46,18,49,1,1,1,7,7,0,0,0,0,3,9,1,70,4,2,1,45,1,11,61,1,0,11,0,2,0,11,0,3,0,80,0,3,0,2,0,2,0,4,2,35.712162222222226,139.42840611111112,5,3,9999,0,9,0
1,30,889,151,2,0,1,30000,0,214,2022,7,6,12,0,12,4,31,19,0,2,1,1,14,7,0,0,0,0,1,9,1,70,5,3,1,75,25,3,61,31,0,1,0,1,0,11,0,1,0,20,0,3,0,2,0,2,0,4,2,35.70313305555556,139.47939472222222,4,3,1035,0,9,0
1,30,889,164,2,0,1,30000,0,214,2022,7,15,8,45,12,4,36,18,57,3,1,2,14,7,0,0,0,0,1,9,1,1,5,3,1,65,1,14,61,31,0,11,0,1,0,11,0,1,0,10,0,4,0,2,0,2,0,4,2,35.70996027777778,139.44833305555557,6,3,9999,0,9,0
1,30,889,169,2,0,1,30000,0,214,2022,7,22,12,20,12,4,41,18,53,1,1,1,14,7,0,0,0,0,2,9,1,70,5,4,1,1,45,51,61,41,0,0,0,0,0,0,0,0,0,10,0,4,0,0,0,0,0,4,2,35.71490222222223,139.4408547222222,6,3,0,0,0,0
1,30,889,170,2,0,1,10660,0,210,2022,7,14,19,0,21,4,36,18,58,3,1,2,1,1,9,22,0,0,14,9,30,70,4,2,1,45,35,3,61,31,0,1,0,1,0,11,0,4,0,70,0,4,0,2,0,2,0,4,2,35.706448333333334,139.4962483333333,5,3,9999,0,1,0
1,30,890,177,2,0,1,30000,0,229,2022,6,26,11,50,12,4,27,19,1,1,1,1,1,7,1,22,0,0,15,9,30,70,4,2,1,35,65,3,61,31,0,1,0,1,0,11,0,10,0,10,0,3,0,2,0,2,0,4,2,35.729219444444446,139.54505083333333,1,3,9999,0,5,0
1,30,890,183,2,0,1,30000,0,229,2022,7,9,17,35,12,4,33,18,59,1,1,1,1,7,9,22,0,0,12,9,30,70,4,2,1,65,65,3,61,31,0,1,0,1,0,11,0,2,0,0,0,3,0,2,0,2,0,4,2,35.728991666666666,139.53995583333332,7,3,9999,0,1,0
1,30,890,184,2,0,1,30000,0,229,2022,5,24,18,55,21,4,30,18,46,1,1,1,14,7,0,0,0,0,3,9,1,70,5,2,1,75,1,3,61,31,0,1,0,1,0,11,0,10,0,70,0,4,0,2,0,2,0,4,2,35.749050555555556,139.56762833333332,3,3,285,0,9,0
1,30,890,194,2,0,1,10600,0,229,2022,7,27,8,35,12,4,45,18,50,1,1,1,1,7,9,22,0,0,12,8,30,70,4,3,1,1,25,51,61,41,0,0,0,0,0,0,0,0,0,10,0,3,0,0,0,0,0,4,2,35.726487500000005,139.5412347222222,4,3,0,0,0,0
1,30,891,193,2,0,1,10500,0,213,2022,7,6,17,30,12,4,31,19,0,1,1,1,14,7,0,0,0,0,3,9,1,70,4,1,1,35,1,4,61,31,0,1,0,1,0,11,0,3,0,10,0,3,0,2,0,2,0,4,2,35.76964805555556,139.4725738888889,4,3,9999,0,1,0
1,30,891,196,2,0,1,30000,0,213,2022,6,15,8,37,12,4,25,18,58,3,1,2,1,7,9,22,0,0,14,9,30,70,5,2,1,55,45,4,61,31,0,1,0,1,0,11,0,2,0,40,0,4,0,2,0,2,0,4,2,35.77368111111111,139.4737961111111,4,3,9999,0,9,0
1,30,891,205,2,0,1,30000,0,213,2022,7,22,18,55,21,4,41,18,53,1,1,1,14,7,0,0,0,0,3,9,1,70,4,2,1,35,75,3,61,31,0,1,0,1,0,11,0,3,0,10,0,3,0,2,0,2,0,4,2,35.76084,139.47126694444444,6,3,9999,0,1,0
1,30,892,192,2,0,1,30000,0,203,2022,7,11,12,25,12,4,34,18,59,1,1,1,14,7,0,0,0,0,2,9,1,70,5,3,1,45,75,51,61,41,0,0,0,0,0,0,0,0,0,10,0,3,0,0,0,0,0,4,2,35.70344777777778,139.58327333333332,2,3,0,0,0,0
1,30,892,202,2,0,1,30000,0,203,2022,7,18,18,45,13,4,38,18,56,2,1,1,1,7,1,21,0,0,15,9,30,70,4,2,1,65,55,14,61,31,0,11,0,1,0,11,0,2,0,10,0,3,0,2,0,2,0,4,2,35.703678611111116,139.5639738888889,2,1,9999,0,9,0
1,30,892,204,2,0,1,95000,0,203,2022,7,21,13,15,12,4,41,18,54,1,1,1,14,7,0,0,0,0,2,9,20,70,5,2,1,45,65,51,61,41,0,0,0,0,0,0,0,0,0,10,0,3,0,0,0,0,0,4,2,35.70339194444445,139.57862472222223,5,3,0,0,0,0
1,30,893,190,2,0,1,30000,0,204,2022,7,13,8,55,12,4,35,18,58,3,1,2,14,7,0,0,0,0,2,9,1,70,5,3,1,35,65,51,61,41,0,0,0,0,0,0,0,0,0,10,0,3,0,0,0,0,0,4,2,35.68471722222222,139.58586583333334,4,3,0,0,0,0
1,30,893,199,2,0,1,30000,0,204,2022,7,21,12,32,12,4,41,18,54,1,1,1,1,7,9,22,0,0,15,9,30,70,4,2,1,1,75,13,61,31,0,11,0,1,0,11,0,2,0,10,0,3,0,2,0,2,0,4,2,35.70121694444445,139.56042555555555,5,3,9999,0,1,0
1,30,893,210,2,0,1,99000,0,204,2022,7,26,14,46,12,4,44,18,50,2,1,1,0,7,0,0,0,0,0,0,20,70,0,4,1,1,35,51,61,41,0,0,0,0,0,0,0,0,0,10,0,3,0,0,0,0,0,4,2,35.701993333333334,139.55992361111112,3,3,0,0,0,0
1,30,894,304,2,0,1,21230,0,208,2022,7,6,11,45,12,4,31,19,0,2,1,1,1,1,9,22,0,0,11,9,30,70,4,2,1,1,55,51,61,41,0,0,0,0,0,0,0,0,0,10,0,4,0,0,0,0,0,4,2,35.662815555555554,139.58667666666668,4,3,0,0,0,0
1,30,895,99,2,0,1,95000,0,211,2022,4,28,15,0,12,4,53,18,25,1,1,1,14,7,0,0,0,0,2,9,1,70,5,2,1,55,75,22,61,0,0,0,0,0,0,11,0,3,0,10,0,3,0,0,0,0,0,4,2,35.71837777777778,139.49136805555554,5,2,9999,0,9,0
1,30,895,105,2,0,1,95000,0,211,2022,7,7,1,25,22,4,32,19,0,3,1,2,1,1,9,22,0,0,11,9,30,70,4,2,1,35,25,3,61,31,0,1,0,1,0,11,0,3,0,20,0,3,0,2,0,2,0,4,2,35.726416666666665,139.47076222222222,5,3,9999,0,1,0
1,30,895,106,2,0,1,30000,0,211,2022,7,13,10,8,12,4,35,18,58,3,1,2,14,7,0,0,0,0,2,9,1,70,5,4,1,75,65,14,61,31,0,11,0,2,0,11,0,2,0,40,0,3,0,2,0,2,0,4,2,35.73610305555555,139.46279277777776,4,3,183,0,9,0
1,30,900,1,2,0,1,30000,0,421,2022,7,31,11,0,12,4,48,18,46,1,2,1,14,7,0,0,0,0,2,9,1,70,5,4,1,1,45,36,61,31,0,0,0,0,0,11,0,1,0,20,0,3,0,0,0,0,0,4,2,27.095256944444444,142.1942775,1,3,9999,0,5,0
1,30,100,123,2,0,1,99000,0,101,2022,8,30,13,31,12,5,11,18,12,2,1,1,0,7,0,0,0,0,0,0,20,70,0,4,1,45,25,3,61,1,0,1,0,1,0,11,0,10,0,20,0,4,0,2,0,2,0,4,2,35.67961888888889,139.73679861111108,3,3,9999,0,9,0
1,30,102,73,2,0,1,95000,0,101,2022,7,22,8,34,12,4,41,18,53,1,1,1,1,1,9,22,0,0,17,9,30,70,1,1,1,65,35,3,61,1,0,1,0,1,0,11,0,5,0,0,0,4,0,2,0,2,0,4,2,35.696014166666664,139.75520138888888,6,3,9999,0,9,0
1,30,103,83,2,0,1,20080,0,101,2022,7,7,13,20,12,4,32,19,0,1,1,1,14,7,0,0,0,0,6,9,1,70,4,1,1,1,0,61,0,0,0,0,0,0,0,0,0,0,0,0,0,0,0,0,0,0,0,2,0,35.699621666666665,139.76924250000002,5,3,0,0,0,0
1,30,103,85,2,0,1,20070,0,101,2022,8,3,11,45,12,4,50,18,44,1,1,1,1,7,9,22,0,0,17,9,30,70,5,2,1,75,45,51,61,41,0,0,0,0,0,0,0,0,0,10,0,4,0,0,0,0,0,4,2,35.70144305555556,139.7717263888889,4,3,0,0,0,0
1,30,103,95,2,0,1,30000,0,101,2022,8,28,13,55,12,5,10,18,14,2,1,1,14,7,0,0,0,0,3,9,1,70,5,3,1,35,25,3,61,1,0,1,0,1,0,11,0,5,0,10,0,4,0,2,0,2,0,4,2,35.698816666666666,139.77052944444446,1,3,9999,0,1,0
1,30,104,154,2,0,1,20090,0,102,2022,7,24,16,10,12,4,43,18,52,1,1,1,1,1,9,22,0,0,11,9,30,70,1,2,1,75,55,3,61,1,0,1,0,1,0,11,0,1,0,40,0,4,0,2,0,2,0,4,2,35.68056166666666,139.7690163888889,1,3,389,0,9,0
1,30,104,160,2,0,1,30000,0,102,2022,8,17,18,30,21,5,1,18,28,2,1,1,14,7,0,0,0,0,3,9,1,70,1,2,1,35,35,51,61,41,0,0,0,0,0,0,0,0,0,10,0,4,0,0,0,0,0,4,2,35.68862166666666,139.78097250000002,4,3,0,0,0,0
1,30,104,162,2,0,1,10040,0,102,2022,8,20,20,0,22,5,4,18,25,3,1,2,1,1,9,22,0,0,19,9,30,70,4,2,1,65,25,3,61,1,0,1,0,1,0,11,0,4,0,50,0,3,0,2,0,2,0,4,2,35.68354083333333,139.77122305555557,7,3,9999,0,9,0
1,30,104,164,2,0,1,30000,0,102,2022,8,23,8,0,12,5,6,18,21,1,1,1,1,7,1,21,0,0,12,9,30,70,5,2,1,75,45,3,61,1,0,1,0,1,0,11,0,2,0,10,0,4,0,2,0,2,0,4,2,35.69141805555555,139.7813438888889,3,3,263,0,9,0
1,30,104,169,2,0,1,30000,0,102,2022,8,29,18,10,13,5,11,18,13,2,1,1,14,7,0,0,0,0,3,9,1,70,5,2,1,25,65,3,61,31,0,1,0,1,0,11,0,10,0,30,0,3,0,2,0,2,0,4,2,35.676694166666664,139.77718000000002,2,3,9999,0,1,0
1,30,104,170,2,0,1,30000,0,102,2022,7,26,9,50,12,4,44,18,50,2,1,1,1,7,1,21,0,0,13,9,30,70,5,3,1,65,55,13,61,31,0,11,0,1,0,11,0,2,0,10,0,4,0,2,0,2,0,4,2,35.67813333333333,139.7678602777778,3,3,9999,0,9,0
1,30,105,58,2,0,1,30000,0,102,2022,8,3,17,51,13,4,50,18,44,1,1,1,14,7,0,0,0,0,1,9,1,70,5,4,1,45,55,13,61,31,0,11,0,1,0,11,0,3,0,20,0,3,0,2,0,2,0,4,2,35.687506666666664,139.78472555555555,4,3,9999,0,5,0
1,30,105,59,2,0,1,30000,0,102,2022,8,23,9,10,12,5,6,18,21,1,1,1,1,7,1,21,0,0,11,9,30,70,5,2,1,55,55,3,61,31,0,1,0,1,0,11,0,2,0,10,0,3,0,2,0,2,0,4,2,35.68740194444444,139.7853311111111,3,3,9999,0,9,0
1,30,106,110,2,0,1,30000,0,102,2022,8,7,10,45,12,4,53,18,40,2,1,1,1,7,0,0,0,0,16,9,30,70,4,1,1,35,0,61,0,0,0,0,0,0,0,0,0,0,0,0,0,0,0,0,0,0,0,2,0,35.67216527777777,139.76580388888888,1,3,0,0,0,0
1,30,106,111,2,0,1,10030,0,102,2022,8,9,15,30,12,4,55,18,38,1,1,1,14,7,0,0,0,0,5,9,1,70,1,2,1,45,55,3,61,31,0,1,0,1,0,11,0,5,0,30,0,3,0,2,0,2,0,4,2,35.670943888888885,139.76806805555557,3,3,9999,0,1,0
1,30,106,112,2,0,1,30000,0,102,2022,8,10,10,30,12,4,56,18,37,1,1,1,14,7,0,0,0,0,3,9,1,70,5,2,1,45,55,4,61,31,0,1,0,1,0,11,0,5,0,30,0,3,0,2,0,2,0,4,2,35.6675525,139.77850472222224,4,2,9999,0,9,0