資料区分,都道府県コード,警察署等コード,本票番号,事故内容,死者数,負傷者数,路線コード,地点コード,市区町村コード,発生日時　　年,発生日時　　月,発生日時　　日,発生日時　　時,発生日時　　分,昼夜,日の出時刻　　時,日の出時刻　　分,日の入り時刻　　時,日の入り時刻　　分,天候,地形,路面状態,道路形状,信号機,一時停止規制　標識（当事者A）,一時停止規制　表示（当事者A）,一時停止規制　標識（当事者B）,一時停止規制　表示（当事者B）,車道幅員,道路線形,衝突地点,ゾーン規制,中央分離帯施設等,歩車道区分,事故類型,年齢（当事者A）,年齢（当事者B）,当事者種別（当事者A）,当事者種別（当事者B）,用途別（当事者A）,用途別（当事者B）,車両形状等（当事者A）,車両形状等（当事者B）,オートマチック車（当事者A）,オートマチック車（当事者B）,サポカー（当事者A）,サポカー（当事者B）,速度規制（指定のみ）（当事者A）,速度規制（指定のみ）（当事者B）,車両の衝突部位（当事者A）,車両の衝突部位（当事者B）,車両の損壊程度（当事者A）,車両の損壊程度（当事者B）,エアバッグの装備（当事者A）,エアバッグの装備（当事者B）,サイドエアバッグの装備（当事者A）,サイドエアバッグの装備（当事者B）,人身損傷程度（当事者A）,人身損傷程度（当事者B）,lat,lon,曜日(発生年月日),祝日(発生年月日),認知機能検査経過日数（当事者A）,認知機能検査経過日数（当事者B）,運転練習の方法（当事者A）,運転練習の方法（当事者B）
1,30,106,113,2,0,1,20090,0,102,2022,8,11,10,0,12,4,57,18,35,1,1,1,1,1,9,22,0,0,19,9,30,70,5,2,1,1,55,3,61,1,0,1,0,1,0,11,0,4,0,10,0,3,0,2,0,2,0,4,2,35.67318833333333,139.76426111111113,5,1,9999,0,1,0
1,30,106,114,2,0,1,10020,0,102,2022,8,13,4,12,23,4,58,18,33,3,1,2,14,7,0,0,0,0,5,9,1,70,4,1,1,45,25,13,61,31,0,11,0,1,0,11,0,5,0,10,0,4,0,2,0,2,0,4,2,35.67094972222222,139.76522722222222,7,3,9999,0,9,0
1,30,106,121,2,0,1,30000,0,102,2022,8,21,17,15,12,5,4,18,23,2,1,1,1,7,1,21,0,0,15,9,30,70,5,2,1,25,25,3,61,31,0,1,0,1,0,11,0,5,0,10,0,3,0,2,0,2,0,4,2,35.672351666666664,139.76768,1,3,9999,0,1,0
1,30,106,123,2,0,1,30000,0,102,2022,8,24,15,30,12,5,7,18,20,2,1,1,14,7,0,0,0,0,1,9,1,1,5,3,1,1,45,3,61,31,0,1,0,1,0,11,0,2,0,40,0,4,0,2,0,2,0,4,2,35.67142138888889,139.7607525,4,3,9999,0,1,0
1,30,107,76,2,0,1,10020,0,102,2022,7,30,18,40,13,4,47,18,47,1,1,1,1,1,9,22,0,0,19,9,30,70,1,2,1,65,35,3,61,31,0,1,0,1,0,11,0,5,0,10,0,3,0,2,0,2,0,4,2,35.658384166666664,139.78682388888888,7,3,9999,0,5,0
1,30,107,80,2,0,1,30000,0,102,2022,8,18,21,50,22,5,2,18,27,1,1,1,14,7,0,0,0,0,2,7,1,70,5,2,1,35,45,51,61,41,0,0,0,0,0,0,0,0,0,10,0,3,0,0,0,0,0,4,2,35.65539305555556,139.77536666666668,5,3,0,0,0,0
1,30,107,84,2,0,1,20680,0,102,2022,8,20,0,5,22,5,4,18,25,1,1,1,1,1,9,22,0,0,18,9,30,70,1,1,1,55,25,3,61,1,0,1,0,1,0,11,0,4,0,10,0,3,0,2,0,2,0,4,2,35.66337305555555,139.7832875,7,3,9999,0,9,0
1,30,107,87,2,0,1,30000,0,102,2022,8,26,12,30,12,5,8,18,17,1,1,1,14,7,0,0,0,0,3,9,1,70,5,2,1,25,75,3,61,31,0,1,0,1,0,11,0,10,0,20,0,3,0,2,0,2,0,4,2,35.65433111111111,139.77748250000002,6,3,9999,0,1,0
1,30,108,134,2,0,1,30000,0,103,2022,7,31,11,50,12,4,48,18,46,1,1,1,1,7,8,21,0,0,15,9,30,70,5,2,1,65,1,3,61,31,0,1,0,1,0,11,0,2,0,10,0,3,0,2,0,2,0,4,2,35.66276138888889,139.75294722222222,1,3,9999,0,9,0
1,30,108,143,2,0,1,30000,0,103,2022,8,31,10,10,12,5,12,18,10,1,1,1,14,7,0,0,0,0,2,9,1,70,4,1,1,35,45,14,61,1,0,11,0,1,0,11,0,3,0,80,0,3,0,2,0,2,0,4,2,35.66637333333333,139.74894194444443,4,3,9999,0,1,0
1,30,109,100,2,0,1,30000,0,103,2022,8,5,19,10,21,4,52,18,42,2,1,1,12,7,0,0,0,0,1,9,1,70,5,4,1,25,35,3,61,1,0,1,0,1,0,11,0,10,0,20,0,4,0,2,0,2,0,4,2,35.65537416666667,139.73950444444444,6,3,9999,0,1,0
1,30,109,103,2,0,1,10,71,103,2022,8,11,14,51,12,4,57,18,35,1,1,1,14,7,0,0,0,0,4,9,1,70,4,1,1,55,45,51,61,41,0,0,0,0,0,0,0,0,0,10,0,3,0,0,0,0,0,4,2,35.646703333333335,139.7402572222222,5,1,0,0,0,0
1,30,109,112,2,0,1,150,40,103,2022,8,30,19,20,22,5,11,18,12,3,1,1,1,1,9,22,0,0,16,9,30,70,1,2,1,1,35,3,61,31,0,1,0,1,0,11,0,5,0,20,0,3,0,2,0,2,0,4,2,35.6525725,139.7541286111111,3,3,9999,0,1,0
1,30,110,92,2,0,1,30000,0,103,2022,8,10,14,28,12,4,56,18,37,1,1,1,14,7,0,0,0,0,3,9,1,1,5,4,1,55,55,51,61,41,0,0,0,0,0,0,0,0,0,20,0,4,0,0,0,0,0,4,2,35.64531861111111,139.73421055555553,4,2,0,0,0,0
1,30,111,177,2,0,1,10,53,103,2022,8,3,9,50,12,4,50,18,44,1,1,1,14,7,0,0,0,0,6,7,1,70,1,1,1,35,65,51,61,41,0,0,0,0,0,0,0,0,0,40,0,4,0,0,0,0,0,4,2,35.65907722222222,139.74292944444443,4,3,0,0,0,0
1,30,111,183,2,0,1,10670,0,103,2022,8,13,0,55,22,4,58,18,33,2,1,1,1,1,9,22,0,0,16,9,30,70,1,1,1,55,25,13,61,31,0,11,0,1,0,11,0,4,0,10,0,3,0,2,0,2,0,4,2,35.65671388888889,139.73503083333333,7,3,9999,0,9,0
1,30,111,196,2,0,1,20120,0,103,2022,8,24,15,40,12,5,7,18,20,1,1,1,7,7,0,0,0,0,4,7,1,70,1,2,1,45,1,3,61,31,0,1,0,1,0,11,0,1,0,80,0,3,0,2,0,2,0,4,2,35.65683138888889,139.724095,4,3,9999,0,5,0
1,30,111,197,2,0,1,10670,0,103,2022,8,20,0,30,22,5,4,18,25,1,1,1,1,1,9,22,0,0,15,9,30,70,1,2,1,75,25,3,61,1,0,1,0,1,0,11,0,4,0,40,0,4,0,2,0,2,0,4,2,35.656108055555556,139.7388897222222,7,3,897,0,9,0
1,30,111,204,2,0,1,95000,0,103,2022,8,30,12,55,12,5,11,18,12,2,1,1,7,7,0,0,0,0,5,9,1,70,1,1,1,45,45,3,61,31,0,1,0,1,0,11,0,5,0,20,0,4,0,2,0,2,0,4,2,35.65366638888889,139.73670916666666,3,3,9999,0,9,0
1,30,112,141,2,0,1,20150,0,103,2022,6,28,13,55,12,4,28,19,1,1,1,1,14,7,0,0,0,0,3,9,1,70,4,1,1,25,55,51,61,41,0,0,0,0,0,0,0,0,0,10,0,3,0,0,0,0,0,4,2,35.67077666666666,139.734785,3,3,0,0,0,0
1,30,112,156,2,0,1,20150,0,103,2022,8,25,13,0,12,5,7,18,18,2,1,1,14,7,0,0,0,0,4,9,1,70,4,1,1,35,55,51,61,41,0,0,0,0,0,0,0,0,0,40,0,3,0,0,0,0,0,4,2,35.671661388888886,139.73566277777778,5,3,0,0,0,0
1,30,112,158,2,0,1,20150,0,103,2022,8,29,1,31,22,5,11,18,13,1,1,1,1,7,9,22,0,0,14,9,30,70,4,1,1,55,75,3,61,1,0,1,0,1,0,11,0,3,0,80,0,3,0,2,0,2,0,4,2,35.67321833333333,139.73838333333333,2,3,9999,0,9,0
1,30,112,160,2,0,1,20090,0,103,2022,8,30,22,0,22,5,11,18,12,3,1,2,14,7,0,0,0,0,5,9,1,70,1,1,1,45,55,3,61,1,0,1,0,1,0,11,0,5,0,40,0,4,0,2,0,2,0,4,2,35.67686055555556,139.73709388888886,3,3,9999,0,9,0
1,30,215,105,2,0,1,10070,0,109,2022,5,3,11,30,12,4,47,18,29,1,1,1,1,1,9,22,0,0,14,9,30,70,1,2,1,1,55,51,61,41,0,0,0,0,0,0,0,0,0,10,0,3,0,0,0,0,0,4,2,35.60715027777778,139.74702444444443,3,1,0,0,0,0
1,30,216,123,2,0,1,30000,0,109,2022,7,22,19,35,21,4,41,18,53,1,1,1,14,7,0,0,0,0,1,9,1,70,5,2,1,75,45,51,61,41,0,0,0,0,0,0,0,0,0,10,0,3,0,0,0,0,0,4,2,35.5929875,139.71901666666668,6,3,0,0,0,0
1,30,216,127,2,0,1,30000,0,109,2022,8,8,9,40,12,4,54,18,39,1,1,1,1,7,9,22,0,0,15,9,30,70,5,2,1,25,1,4,61,31,0,1,0,1,0,11,0,10,0,10,0,3,0,2,0,2,0,4,2,35.593159722222225,139.7328963888889,2,3,9999,0,1,0
1,30,216,137,2,0,1,20180,0,109,2022,8,6,10,56,12,4,53,18,41,1,1,1,14,7,0,0,0,0,5,9,1,70,1,2,1,65,25,51,61,41,0,0,0,0,0,0,0,0,0,10,0,3,0,0,0,0,0,4,2,35.606164722222225,139.73695638888887,7,3,0,0,0,0
1,30,216,138,2,0,1,30000,0,109,2022,8,18,5,42,11,5,2,18,27,3,1,2,1,1,9,22,0,0,14,9,30,70,4,2,1,55,55,3,61,1,0,1,0,1,0,11,0,4,0,50,0,4,0,2,0,2,0,4,2,35.60536333333334,139.73197,5,3,9999,0,9,0
1,30,216,140,2,0,1,30000,0,109,2022,8,19,9,30,12,5,3,18,26,1,1,1,1,7,9,22,0,0,14,9,30,70,5,3,1,65,55,51,61,41,0,0,0,0,0,0,0,0,0,10,0,3,0,0,0,0,0,4,2,35.603662222222226,139.74294138888888,6,3,0,0,0,0
1,30,216,143,2,0,1,30000,0,109,2022,8,4,14,10,12,4,51,18,43,2,1,1,14,7,0,0,0,0,1,9,1,70,5,4,1,65,55,13,61,31,0,11,0,1,0,11,0,1,0,30,0,3,0,2,0,2,0,4,2,35.60579583333333,139.73336805555553,5,3,9999,0,9,0
1,30,217,129,2,0,1,10150,0,109,2022,8,8,13,15,12,4,54,18,39,1,1,1,1,1,9,22,0,0,16,9,30,70,4,2,1,55,45,3,61,1,0,1,0,1,0,11,0,3,0,10,0,3,0,2,0,2,0,4,2,35.62568388888889,139.7267547222222,2,3,9999,0,9,0
1,30,217,132,2,0,1,30000,0,109,2022,7,29,19,10,21,4,46,18,48,1,1,1,14,7,0,0,0,0,1,9,1,70,5,3,1,25,55,3,61,31,0,1,0,1,0,11,0,2,0,10,0,3,0,2,0,2,0,4,2,35.628480555555555,139.7158847222222,6,3,9999,0,1,0
1,30,218,186,2,0,1,30000,0,109,2021,10,27,5,40,23,5,58,16,52,1,1,1,7,7,0,0,0,0,1,8,1,70,5,4,1,75,0,61,0,0,0,0,0,0,0,0,0,0,0,0,0,0,0,0,0,0,0,2,0,35.61023361111111,139.726445,4,3,0,0,0,0
1,30,218,187,2,0,1,30000,0,109,2021,10,29,17,10,21,6,0,16,49,1,1,1,14,7,0,0,0,0,2,9,1,1,5,3,1,1,0,61,0,0,0,0,0,0,0,0,0,0,0,0,0,0,0,0,0,0,0,2,0,35.60952861111111,139.71343805555554,6,3,0,0,0,0
1,30,218,188,2,0,1,30000,0,109,2022,5,30,17,5,12,4,27,18,50,1,1,1,7,7,0,0,0,0,3,9,1,70,5,3,1,45,1,13,61,31,0,11,0,1,0,11,0,2,0,10,0,3,0,2,0,2,0,4,2,35.60823638888889,139.71530277777777,2,3,9999,0,5,0
1,30,218,200,2,0,1,30000,0,109,2022,8,20,11,15,12,5,4,18,25,1,1,1,14,7,0,0,0,0,2,9,1,70,5,4,1,1,75,51,61,41,0,0,0,0,0,0,0,0,0,10,0,4,0,0,0,0,0,4,2,35.62061388888889,139.70897444444444,7,3,0,0,0,0
1,30,218,201,2,0,1,10170,0,109,2022,8,20,14,40,12,5,4,18,25,2,1,1,1,1,9,22,0,0,19,9,30,70,4,2,1,1,65,51,61,41,0,0,0,0,0,0,0,0,0,40,0,4,0,0,0,0,0,4,2,35.61560027777778,139.70890916666664,7,3,0,0,0,0
1,30,218,204,2,0,1,30000,0,109,2022,3,13,14,5,12,5,55,17,47,1,1,1,14,7,0,0,0,0,1,9,1,70,5,2,1,55,25,14,61,31,0,11,0,1,0,11,0,10,0,30,0,4,0,2,0,2,0,4,2,35.619844444444446,139.70387277777778,1,3,9999,0,9,0
1,30,218,207,2,0,1,30000,0,109,2022,8,28,14,3,12,5,10,18,14,2,1,2,1,7,9,22,0,0,11,9,30,70,5,3,1,35,65,51,61,41,0,0,0,0,0,0,0,0,0,10,0,3,0,0,0,0,0,4,2,35.61435916666667,139.69820333333334,1,3,0,0,0,0
1,30,219,250,1,1,0,21140,0,111,2022,8,1,15,17,12,4,49,18,45,1,1,1,1,1,9,22,0,0,14,9,30,1,5,1,1,25,75,22,61,0,0,0,0,0,0,11,0,2,0,10,0,3,0,0,0,0,0,4,1,35.57147472222223,139.72422055555555,2,3,9999,0,1,0
1,30,219,252,2,0,1,20180,0,111,2022,6,19,21,27,22,4,25,19,0,1,1,1,14,1,0,0,0,0,3,9,1,70,4,1,1,45,45,51,61,41,0,0,0,0,0,0,0,0,0,10,0,4,0,0,0,0,0,4,2,35.588590555555555,139.7274375,1,3,0,0,0,0
1,30,219,268,2,0,1,30000,0,111,2022,8,15,15,0,12,5,0,18,31,1,1,1,14,7,0,0,0,0,2,9,1,70,5,3,1,35,75,51,61,41,0,0,0,0,0,0,0,0,0,10,0,3,0,0,0,0,0,4,2,35.56503277777777,139.73216972222224,2,3,0,0,0,0
1,30,220,145,1,1,0,30000,0,111,2022,8,8,17,13,12,4,54,18,39,1,1,1,14,7,0,0,0,0,2,9,1,70,5,2,1,65,75,3,61,1,0,1,0,1,0,11,0,2,0,80,0,4,0,2,0,2,0,4,1,35.605873333333335,139.6851861111111,2,3,9999,0,9,0
1,30,220,146,2,0,1,30150,0,111,2022,4,2,17,50,13,5,26,18,3,1,1,1,1,1,9,22,0,0,15,9,30,70,4,2,1,35,45,14,61,1,0,11,0,1,0,11,0,10,0,10,0,4,0,2,0,2,0,4,2,35.582840000000004,139.70020138888887,7,3,9999,0,1,0
1,30,220,156,2,0,1,30000,0,111,2022,8,19,19,5,21,5,3,18,26,1,1,1,1,7,9,22,0,0,14,9,30,70,5,3,1,55,25,51,61,41,0,0,0,0,0,0,0,0,0,10,0,3,0,0,0,0,0,4,2,35.599514444444445,139.70242222222222,6,3,0,0,0,0
1,30,220,160,2,0,2,30000,0,111,2022,8,25,6,40,12,5,7,18,18,1,1,1,14,7,0,0,0,0,1,9,1,70,5,4,1,45,1,51,61,41,0,0,0,0,0,0,0,0,0,10,0,3,0,0,0,0,0,2,2,35.575292222222224,139.67497305555554,5,3,0,0,0,0
1,30,221,222,2,0,1,10190,0,111,2022,5,22,17,13,12,4,31,18,44,1,1,1,1,7,9,22,0,0,12,8,30,70,1,1,1,45,45,1,61,1,0,1,0,1,0,11,0,3,0,50,0,4,0,2,0,2,0,4,2,35.56287888888889,139.72067416666667,1,3,9999,0,9,0
1,30,221,226,2,0,1,30000,0,111,2022,8,9,12,50,12,4,55,18,38,1,1,1,14,7,0,0,0,0,3,9,1,70,5,1,1,1,55,51,61,41,0,0,0,0,0,0,0,0,0,10,0,3,0,0,0,0,0,4,2,35.56191888888888,139.72068972222223,3,3,0,0,0,0
1,30,221,235,2,0,1,10180,0,111,2022,8,18,17,0,12,5,2,18,27,1,1,1,14,7,0,0,0,0,5,9,1,70,2,1,1,1,45,51,61,41,0,0,0,0,0,0,0,0,0,10,0,3,0,0,0,0,0,4,2,35.548543333333335,139.74115999999998,5,3,0,0,0,0
1,30,221,239,2,0,1,30000,0,111,2022,8,25,20,25,22,5,7,18,18,2,1,1,1,1,9,22,0,0,15,9,30,70,4,2,1,55,1,14,61,1,0,11,0,1,0,11,0,2,0,50,0,3,0,2,0,2,0,4,2,35.56144888888888,139.71900222222223,5,3,9999,0,5,0
1,30,222,206,2,0,1,10130,0,111,2022,8,2,23,30,22,4,50,18,45,1,1,1,14,7,0,0,0,0,4,9,1,70,1,1,1,45,25,14,61,31,0,11,0,1,0,11,0,4,0,80,0,3,0,2,0,2,0,4,2,35.59901583333333,139.70468583333331,3,3,9999,0,9,0
1,30,222,207,2,0,1,10,177,111,2022,8,3,13,39,12,4,50,18,44,1,1,1,1,1,9,22,0,0,19,9,30,70,5,2,1,45,65,12,61,1,0,11,0,2,0,11,0,5,0,50,0,4,0,2,0,2,0,4,2,35.56167833333333,139.69695805555557,4,3,9999,0,9,0
1,30,222,213,2,0,1,30000,0,111,2022,8,16,17,15,12,5,0,18,30,1,1,1,1,7,9,22,0,0,11,9,30,70,5,3,1,65,55,3,61,31,0,1,0,1,0,11,0,2,0,10,0,3,0,2,0,2,0,4,2,35.57357666666667,139.7166658333333,3,3,9999,0,9,0
1,30,222,217,2,0,1,95000,0,111,2022,8,21,15,40,12,5,4,18,23,1,1,1,14,7,0,0,0,0,1,9,20,70,5,4,1,1,25,51,61,41,0,0,0,0,0,0,0,0,0,10,0,3,0,0,0,0,0,4,2,35.57101333333333,139.67677916666665,1,3,0,0,0,0
1,30,222,227,2,0,1,99000,0,111,2022,8,30,8,40,12,5,11,18,12,2,1,1,0,7,0,0,0,0,0,0,20,70,0,4,1,45,1,51,61,41,0,0,0,0,0,0,0,0,0,10,0,3,0,0,0,0,0,2,4,35.556535,139.6999477777778,3,3,0,0,0,0
1,30,326,261,2,0,1,200,127,112,2022,8,4,19,15,21,4,51,18,43,3,1,2,1,1,9,22,0,0,15,9,30,70,5,2,1,45,35,13,61,31,0,11,0,1,0,11,0,5,0,40,0,3,0,2,0,2,0,4,2,35.67241055555555,139.66050583333333,5,3,9999,0,9,0
1,30,326,263,2,0,1,30000,0,112,2022,8,9,13,41,12,4,55,18,38,1,1,5,1,7,9,22,0,0,11,9,30,70,5,2,1,55,1,4,61,31,0,1,0,1,0,11,0,3,0,80,0,3,0,2,0,2,0,4,2,35.654912777777774,139.63790388888887,3,3,9999,0,9,0
1,30,326,267,2,0,1,30000,0,112,2022,7,31,15,5,12,4,48,18,46,1,1,1,14,7,0,0,0,0,1,8,1,70,5,3,1,75,25,3,61,1,0,1,0,1,0,11,0,2,0,40,0,4,0,2,0,2,0,4,2,35.65984777777778,139.66736083333333,1,3,601,0,9,0
1,30,326,274,2,0,1,30000,0,112,2022,8,20,10,50,12,5,4,18,25,2,1,1,1,7,9,22,0,0,11,9,30,70,5,3,1,65,35,3,61,31,0,1,0,1,0,11,0,10,0,20,0,3,0,2,0,2,0,4,2,35.66008611111111,139.64336944444443,7,3,9999,0,9,0
1,30,326,275,2,0,1,30000,0,112,2022,8,22,11,8,12,5,5,18,22,2,1,1,14,7,0,0,0,0,2,9,1,70,5,2,1,45,75,3,61,31,0,1,0,1,0,11,0,10,0,30,0,3,0,2,0,2,0,4,2,35.653819166666665,139.66430083333333,2,3,9999,0,9,0
1,30,326,279,2,0,1,30000,0,112,2022,8,25,15,50,12,5,7,18,18,2,1,1,1,7,0,0,0,0,11,9,30,70,5,3,1,35,0,61,0,0,0,0,0,0,0,0,0,0,0,0,0,0,0,0,0,0,0,2,0,35.657602777777775,139.66830027777777,5,3,0,0,0,0
1,30,326,282,2,0,1,20270,0,112,2022,6,9,23,40,22,4,25,18,56,1,1,1,14,7,0,0,0,0,1,9,1,70,5,3,1,25,0,61,0,0,0,0,0,0,0,0,0,0,0,0,0,0,0,0,0,0,0,2,0,35.669729999999994,139.65465861111113,5,3,0,0,0,0
1,30,327,306,2,0,1,95000,0,112,2022,8,2,19,53,22,4,50,18,45,1,1,1,0,7,0,0,0,0,0,0,20,70,0,4,1,65,25,17,61,31,0,11,0,1,0,11,0,10,0,40,0,4,0,2,0,2,0,4,2,35.6082325,139.64659944444443,3,3,9999,0,9,0
1,30,327,313,2,0,1,30000,0,112,2022,8,19,8,10,12,5,3,18,26,1,1,1,1,7,1,21,0,0,11,9,30,70,5,3,1,55,35,3,61,31,0,1,0,1,0,11,0,5,0,10,0,3,0,2,0,2,0,4,2,35.63237361111111,139.64515027777776,6,3,9999,0,9,0
1,30,327,320,2,0,1,30000,0,112,2022,8,31,16,30,12,5,12,18,10,1,1,1,1,1,9,22,0,0,15,9,30,70,4,2,1,25,1,3,61,31,0,1,0,1,0,11,0,5,0,10,0,3,0,2,0,2,0,4,2,35.61396666666667,139.65501944444446,4,3,9999,0,1,0
1,30,327,324,2,0,1,30000,0,112,2022,8,5,13,30,12,4,52,18,42,2,1,1,14,7,0,0,0,0,3,9,1,70,5,2,1,1,45,52,61,41,0,0,0,0,0,0,0,0,0,10,0,4,0,0,0,0,0,4,2,35.6227425,139.6315213888889,6,3,0,0,0,0
1,30,328,325,2,0,1,30000,0,112,2022,7,28,13,50,12,4,46,18,49,1,1,1,1,7,9,22,0,0,15,9,30,70,4,2,1,35,1,3,61,31,0,1,0,1,0,11,0,3,0,10,0,3,0,2,0,2,0,4,2,35.63702361111111,139.59950500000002,5,3,9999,0,1,0
1,30,328,328,2,0,1,200,186,112,2022,8,4,15,5,12,4,51,18,43,2,1,1,1,1,9,22,0,0,16,9,30,70,4,2,1,45,65,4,61,31,0,1,0,1,0,11,0,3,0,10,0,3,0,2,0,2,0,4,2,35.67107416666666,139.5974952777778,5,3,9999,0,9,0
1,30,328,335,2,0,1,10200,0,112,2022,8,11,22,22,22,4,57,18,35,1,1,1,1,1,9,22,0,0,18,9,30,70,4,2,1,35,1,3,61,31,0,1,0,1,0,11,0,10,0,10,0,3,0,2,0,2,0,4,2,35.64888805555555,139.61732361111112,5,1,9999,0,5,0
1,30,328,344,2,0,1,30000,0,112,2022,6,30,8,10,12,4,28,19,1,1,1,1,1,7,9,22,0,0,11,9,30,70,5,4,1,45,1,3,61,31,0,1,0,1,0,11,0,1,0,20,0,4,0,2,0,2,0,4,2,35.6455425,139.60600555555556,5,3,9999,0,5,0
1,30,328,347,2,0,1,10210,0,112,2022,8,20,14,20,12,5,4,18,25,2,1,2,1,1,9,22,0,0,15,9,30,70,4,2,1,35,1,3,61,31,0,1,0,1,0,11,0,3,0,10,0,3,0,2,0,2,0,4,2,35.63439805555556,139.6105513888889,7,3,9999,0,5,0
1,30,328,352,2,0,1,30000,0,112,2022,8,26,18,0,13,5,8,18,17,1,1,1,1,7,9,22,0,0,15,9,30,70,5,3,1,55,35,3,61,31,0,1,0,1,0,11,0,2,0,20,0,3,0,2,0,2,0,4,2,35.62824055555556,139.61319583333332,6,3,9999,0,9,0
1,30,328,356,2,0,1,30000,0,112,2022,8,29,2,51,22,5,11,18,13,1,1,1,14,7,0,0,0,0,3,9,1,70,4,2,1,45,25,3,61,31,0,1,0,1,0,11,0,2,0,10,0,3,0,2,0,2,0,4,2,35.66157111111111,139.60930444444443,2,3,9999,0,1,0
1,30,329,170,2,0,1,30000,0,110,2022,8,10,7,15,12,4,56,18,37,1,1,1,14,7,0,0,0,0,3,9,1,70,5,3,1,45,35,51,61,41,0,0,0,0,0,0,0,0,0,10,0,4,0,0,0,0,0,4,2,35.64313388888889,139.69687916666666,4,2,0,0,0,0
1,30,329,176,2,0,1,30000,0,110,2022,7,24,4,26,23,4,43,18,52,1,1,1,14,7,0,0,0,0,2,9,1,70,5,4,1,35,0,61,0,0,0,0,0,0,0,0,0,0,0,0,0,0,0,0,0,0,0,2,0,35.638871944444446,139.7144708333333,1,3,0,0,0,0
1,30,329,180,2,0,1,99000,0,110,2022,8,27,14,10,12,5,9,18,16,1,1,1,0,7,0,0,0,0,0,0,20,70,0,4,1,55,0,61,0,0,0,0,0,0,0,0,0,0,0,0,0,0,0,0,0,0,0,2,0,35.62593694444445,139.70725277777777,7,3,0,0,0,0
1,30,329,182,2,0,1,21020,0,110,2022,8,8,11,25,12,4,54,18,39,1,1,1,14,7,0,0,0,0,4,9,1,70,4,2,1,45,65,51,61,41,0,0,0,0,0,0,0,0,0,40,0,3,0,0,0,0,0,4,2,35.6341975,139.6865386111111,2,3,0,0,0,0
1,30,330,233,2,0,1,30000,0,110,2022,8,10,0,5,22,4,56,18,37,1,1,1,14,7,0,0,0,0,2,9,1,70,5,3,1,1,45,51,61,41,0,0,0,0,0,0,0,0,0,10,0,4,0,0,0,0,0,4,2,35.61812333333334,139.67232083333332,4,2,0,0,0,0
1,30,330,239,2,0,1,10080,0,110,2022,8,19,13,25,12,5,3,18,26,1,1,1,14,7,0,0,0,0,4,9,1,70,4,2,1,65,55,3,61,31,0,1,0,1,0,11,0,4,0,10,0,3,0,2,0,2,0,4,2,35.615520833333335,139.67112416666666,6,3,9999,0,9,0
1,30,330,247,2,0,1,30000,0,110,2022,8,27,15,0,12,5,9,18,16,1,1,1,14,7,0,0,0,0,2,9,1,70,5,3,1,55,55,14,61,1,0,11,0,1,0,11,0,1,0,40,0,4,0,2,0,2,0,4,2,35.608177777777776,139.66890916666665,7,3,9999,0,9,0
1,30,331,204,2,0,1,20240,0,113,2022,6,22,22,48,22,4,26,19,0,1,1,1,14,7,0,0,0,0,5,9,1,70,6,2,1,25,25,24,61,0,0,31,0,0,0,11,0,10,0,10,0,4,0,0,0,0,0,4,2,35.64685111111111,139.70866833333332,4,3,9999,0,1,0
1,30,331,211,2,0,1,20240,0,113,2022,8,9,17,45,13,4,55,18,38,1,1,1,1,1,9,22,0,0,16,9,30,70,1,1,1,35,75,3,61,1,0,1,0,1,0,11,0,5,0,50,0,3,0,2,0,2,0,4,2,35.64761222222222,139.70928972222222,3,3,9999,0,1,0
1,30,331,212,2,0,1,30000,0,113,2022,8,3,0,23,22,4,50,18,44,1,1,1,14,7,0,0,0,0,5,9,1,1,4,1,1,65,25,3,61,1,0,1,0,1,0,11,0,3,0,40,0,4,0,2,0,2,0,4,2,35.661876666666664,139.7007722222222,4,3,9999,0,1,0
1,30,331,214,2,0,1,30000,0,113,2022,8,1,14,17,12,4,49,18,45,1,1,1,14,7,0,0,0,0,2,9,1,70,5,4,1,55,35,3,61,31,0,1,0,1,0,11,0,2,0,40,0,3,0,2,0,2,0,4,2,35.65722777777778,139.69539083333333,2,3,9999,0,1,0
1,30,331,215,2,0,1,30000,0,113,2022,7,6,19,0,21,4,31,19,0,1,1,1,14,7,0,0,0,0,1,8,1,70,5,3,1,55,55,3,61,31,0,1,0,1,0,11,0,10,0,10,0,3,0,2,0,2,0,4,2,35.664586388888885,139.69419694444446,4,3,9999,0,9,0
1,30,331,216,2,0,1,30000,0,113,2022,7,17,11,50,12,4,38,18,56,1,1,1,14,7,0,0,0,0,2,9,1,70,5,2,1,35,35,3,61,1,0,1,0,1,0,11,0,5,0,10,0,3,0,2,0,2,0,4,2,35.65771222222222,139.70063555555555,1,2,9999,0,5,0
1,30,331,219,2,0,1,30000,0,113,2022,7,31,5,0,11,4,48,18,46,1,1,1,14,7,0,0,0,0,2,9,1,70,5,3,1,45,35,3,61,1,0,1,0,1,0,11,0,1,0,40,0,4,0,2,0,2,0,4,2,35.65893916666666,139.6954286111111,1,3,9999,0,1,0
1,30,331,220,2,0,1,10650,0,113,2022,8,18,15,20,12,5,2,18,27,1,1,1,1,7,1,21,0,0,11,9,30,70,4,2,1,35,25,13,61,31,0,11,0,1,0,11,0,4,0,80,0,3,0,2,0,2,0,4,2,35.648626944444445,139.69968111111112,5,3,9999,0,9,0