資料区分,都道府県コード,警察署等コード,本票番号,事故内容,死者数,負傷者数,路線コード,地点コード,市区町村コード,発生日時　　年,発生日時　　月,発生日時　　日,発生日時　　時,発生日時　　分,昼夜,日の出時刻　　時,日の出時刻　　分,日の入り時刻　　時,日の入り時刻　　分,天候,地形,路面状態,道路形状,信号機,一時停止規制　標識（当事者A）,一時停止規制　表示（当事者A）,一時停止規制　標識（当事者B）,一時停止規制　表示（当事者B）,車道幅員,道路線形,衝突地点,ゾーン規制,中央分離帯施設等,歩車道区分,事故類型,年齢（当事者A）,年齢（当事者B）,当事者種別（当事者A）,当事者種別（当事者B）,用途別（当事者A）,用途別（当事者B）,車両形状等（当事者A）,車両形状等（当事者B）,オートマチック車（当事者A）,オートマチック車（当事者B）,サポカー（当事者A）,サポカー（当事者B）,速度規制（指定のみ）（当事者A）,速度規制（指定のみ）（当事者B）,車両の衝突部位（当事者A）,車両の衝突部位（当事者B）,車両の損壊程度（当事者A）,車両の損壊程度（当事者B）,エアバッグの装備（当事者A）,エアバッグの装備（当事者B）,サイドエアバッグの装備（当事者A）,サイドエアバッグの装備（当事者B）,人身損傷程度（当事者A）,人身損傷程度（当事者B）,lat,lon,曜日(発生年月日),祝日(発生年月日),認知機能検査経過日数（当事者A）,認知機能検査経過日数（当事者B）,運転練習の方法（当事者A）,運転練習の方法（当事者B）
1,30,331,222,2,0,1,10090,0,113,2022,8,24,20,19,22,5,7,18,20,3,1,2,1,1,9,22,0,0,12,9,30,70,1,2,1,65,65,3,61,1,0,1,0,1,0,11,0,5,0,80,0,4,0,2,0,2,0,4,2,35.6540925,139.70802027777776,4,3,9999,0,9,0
1,30,331,230,2,0,1,30000,0,113,2022,8,26,17,19,13,5,8,18,17,1,1,1,14,7,0,0,0,0,2,9,1,70,5,4,1,35,45,12,61,31,0,11,0,1,0,11,0,1,0,30,0,3,0,2,0,2,0,4,2,35.65765694444444,139.70854916666664,6,3,9999,0,1,0
1,30,331,231,2,0,1,30220,0,113,2022,8,11,12,3,12,4,57,18,35,1,1,1,14,1,0,0,0,0,3,8,1,70,4,2,1,25,25,52,61,41,0,0,0,0,0,0,0,0,0,10,0,3,0,0,0,0,0,4,2,35.65871194444444,139.69719805555556,5,1,0,0,0,0
1,30,332,90,2,0,1,30000,0,113,2022,7,25,13,45,12,4,43,18,51,1,1,1,14,7,0,0,0,0,3,9,1,70,5,4,1,45,35,13,61,31,0,11,0,1,0,11,0,2,0,40,0,3,0,2,0,2,0,4,2,35.66898805555555,139.70668194444443,2,3,9999,0,1,0
1,30,332,98,2,0,2,20160,0,113,2022,8,24,20,30,22,5,7,18,20,3,1,2,14,7,0,0,0,0,6,8,1,70,1,2,1,25,35,51,61,41,0,0,0,0,0,0,0,0,0,10,0,3,0,0,0,0,0,2,2,35.66658722222222,139.70920444444442,4,3,0,0,0,0
1,30,332,99,2,0,1,30000,0,113,2022,8,29,20,20,22,5,11,18,13,1,1,1,14,7,0,0,0,0,3,7,1,70,4,3,1,65,25,3,61,1,0,1,0,1,0,11,0,1,0,20,0,3,0,2,0,2,0,4,2,35.68481944444444,139.69993083333333,2,3,9999,0,9,0
1,30,333,214,2,0,1,21000,0,113,2022,5,15,9,30,12,4,36,18,39,2,1,1,14,7,0,0,0,0,3,9,1,70,5,1,1,35,25,51,61,41,0,0,0,0,0,0,0,0,0,20,0,3,0,0,0,0,0,2,4,35.66924222222222,139.70189027777778,1,3,0,0,0,0
1,30,333,219,2,0,1,30000,0,113,2022,8,15,7,15,12,5,0,18,31,1,1,1,1,7,9,22,0,0,11,8,30,70,5,3,1,25,55,51,61,41,0,0,0,0,0,0,0,0,0,10,0,3,0,0,0,0,0,4,2,35.67424416666666,139.68101472222222,2,3,0,0,0,0
1,30,333,220,2,0,1,30000,0,113,2022,8,17,18,50,21,5,1,18,28,2,1,1,1,7,9,22,0,0,14,9,30,70,5,2,1,45,65,51,61,41,0,0,0,0,0,0,0,0,0,10,0,3,0,0,0,0,0,4,2,35.688443611111104,139.6806183333333,4,3,0,0,0,0
1,30,333,230,2,0,1,200,117,113,2022,8,29,16,15,12,5,11,18,13,2,1,1,1,1,9,22,0,0,18,9,30,70,1,2,1,25,45,51,61,41,0,0,0,0,0,0,0,0,0,40,0,3,0,0,0,0,0,4,2,35.674501666666664,139.66803583333333,2,3,0,0,0,0
1,30,435,137,2,0,1,20090,0,104,2022,8,2,20,5,22,4,50,18,45,1,1,1,1,1,9,22,0,0,18,9,30,70,1,2,1,1,75,51,61,41,0,0,0,0,0,0,0,0,0,20,0,3,0,0,0,0,0,4,2,35.69207166666666,139.73490222222222,3,3,0,0,0,0
1,30,435,139,2,0,1,20290,0,104,2022,8,7,19,5,21,4,53,18,40,1,1,1,1,1,9,22,0,0,14,9,30,70,5,1,1,1,25,51,61,41,0,0,0,0,0,0,0,0,0,10,0,4,0,0,0,0,0,4,2,35.7029725,139.74249305555554,1,3,0,0,0,0
1,30,435,144,2,0,1,20290,0,104,2022,8,15,10,10,12,5,0,18,31,1,1,1,1,1,9,22,0,0,15,9,30,70,5,2,1,45,45,3,61,1,0,1,0,1,0,11,0,3,0,10,0,3,0,2,0,2,0,4,2,35.700161666666666,139.7210538888889,2,3,9999,0,1,0
1,30,435,152,2,0,1,30000,0,104,2022,8,26,13,33,12,5,8,18,17,2,1,1,1,1,9,22,0,0,16,9,30,70,5,1,1,55,1,3,61,31,0,1,0,1,0,11,0,3,0,50,0,3,0,2,0,2,0,4,2,35.7068175,139.71633972222222,6,3,9999,0,9,0
1,30,436,135,2,0,1,200,95,104,2022,8,17,20,0,22,5,1,18,28,2,1,1,1,1,9,22,0,0,19,9,30,70,1,2,1,25,45,36,61,31,0,0,0,0,0,11,0,2,0,10,0,3,0,0,0,0,0,4,2,35.684378055555555,139.69099666666668,4,3,9999,0,1,0
1,30,436,137,2,0,1,20300,0,104,2022,8,10,18,50,21,4,56,18,37,1,1,1,14,7,0,0,0,0,4,9,1,70,1,2,1,1,35,51,61,41,0,0,0,0,0,0,0,0,0,40,0,4,0,0,0,0,0,4,2,35.69825972222222,139.70588527777775,4,2,0,0,0,0
1,30,436,150,2,0,1,10090,0,104,2022,1,7,15,54,13,6,51,16,44,1,1,1,1,1,9,22,0,0,15,9,30,70,1,2,1,55,35,3,61,1,0,1,0,1,0,11,0,4,0,40,0,4,0,2,0,2,0,4,2,35.69479638888888,139.70688555555554,6,3,9999,0,9,0
1,30,436,151,2,0,1,10240,0,104,2022,4,29,18,58,21,4,52,18,26,3,1,2,1,1,0,0,0,0,16,9,30,70,6,2,1,45,0,61,0,0,0,0,0,0,0,0,0,0,0,0,0,0,0,0,0,0,0,2,0,35.693712777777776,139.69495722222223,6,1,0,0,0,0
1,30,437,98,2,0,1,10250,0,104,2022,8,1,6,45,12,4,49,18,45,1,1,1,1,7,9,22,0,0,12,9,30,70,4,1,1,55,45,36,61,31,0,0,0,0,0,11,0,2,0,10,0,3,0,0,0,0,0,4,2,35.722567222222224,139.68348777777777,2,3,9999,0,9,0
1,30,437,99,2,0,1,10280,0,104,2022,8,2,19,10,21,4,50,18,45,1,1,1,1,1,9,22,0,0,17,9,30,70,1,1,1,1,25,51,61,41,0,0,0,0,0,0,0,0,0,10,0,4,0,0,0,0,0,4,2,35.71184416666667,139.71927444444444,3,3,0,0,0,0
1,30,437,102,2,0,1,10010,0,104,2022,7,25,23,27,22,4,43,18,51,3,1,1,14,7,0,0,0,0,1,9,1,70,5,2,1,35,35,51,61,41,0,0,0,0,0,0,0,0,0,10,0,4,0,0,0,0,0,4,2,35.722815555555556,139.68714805555555,2,3,0,0,0,0
1,30,437,105,2,0,1,10250,0,104,2022,8,16,13,26,12,5,0,18,30,1,1,5,14,7,0,0,0,0,3,9,1,70,4,2,1,35,45,51,61,41,0,0,0,0,0,0,0,0,0,10,0,3,0,0,0,0,0,4,2,35.72340527777778,139.67909305555554,3,3,0,0,0,0
1,30,438,132,2,0,1,200,59,104,2022,7,9,12,47,12,4,33,18,59,1,1,1,14,7,0,0,0,0,5,9,1,70,1,1,1,1,25,3,61,31,0,1,0,1,0,11,0,4,0,10,0,2,0,2,0,2,0,4,2,35.686633611111105,139.7268075,7,3,9999,0,1,0
1,30,438,138,2,0,1,200,66,104,2022,8,13,19,50,22,4,58,18,33,2,1,2,1,1,9,22,0,0,13,9,30,70,1,2,1,55,25,3,61,1,0,1,0,1,0,11,0,5,0,10,0,3,0,2,0,2,0,4,2,35.68790305555555,139.7201122222222,7,3,9999,0,9,0
1,30,438,139,2,0,1,30000,0,104,2022,8,15,14,0,12,5,0,18,31,1,1,1,14,7,0,0,0,0,2,9,1,70,5,4,1,65,1,3,61,31,0,1,0,1,0,11,0,5,0,10,0,3,0,2,0,2,0,4,2,35.692185277777774,139.70460305555554,2,3,9999,0,9,0
1,30,439,158,2,0,1,10240,0,114,2022,6,3,3,49,23,4,26,18,53,1,1,1,1,1,9,22,0,0,18,9,30,70,4,2,1,75,25,4,61,31,0,1,0,1,0,11,0,5,0,10,0,3,0,2,0,2,0,4,2,35.69755472222222,139.67068527777778,6,3,198,0,9,0
1,30,439,165,2,0,1,20280,0,114,2022,8,8,17,17,12,4,54,18,39,1,1,1,7,7,0,0,0,0,4,7,1,70,4,1,1,55,45,3,61,1,0,1,0,1,0,11,0,3,0,11,0,2,0,2,0,2,0,4,2,35.69049972222222,139.6691483333333,2,3,9999,0,9,0
1,30,439,168,2,0,1,30000,0,114,2022,8,9,14,25,12,4,55,18,38,1,1,1,1,7,9,22,0,0,14,9,30,70,5,4,1,55,1,3,61,1,0,1,0,1,0,11,0,10,0,50,0,3,0,2,0,2,0,4,2,35.68842083333333,139.67585777777776,3,3,9999,0,9,0
1,30,439,171,2,0,1,20280,0,114,2022,8,15,16,20,12,5,0,18,31,1,1,1,1,1,9,22,0,0,12,9,30,70,4,1,1,25,45,3,61,31,0,1,0,1,0,11,0,3,0,10,0,3,0,2,0,2,0,4,2,35.69098611111111,139.6691138888889,2,3,9999,0,1,0
1,30,439,175,2,0,1,10240,0,114,2022,8,27,13,0,12,5,9,18,16,1,1,1,14,7,0,0,0,0,5,9,1,70,4,2,1,1,45,14,61,1,0,11,0,1,0,11,0,5,0,10,0,2,0,2,0,2,0,4,2,35.697226388888886,139.68142638888887,7,3,9999,0,1,0
1,30,439,177,2,0,1,10240,0,114,2022,8,17,19,20,21,5,1,18,28,2,1,1,7,1,0,0,0,0,2,9,1,70,4,2,1,35,25,51,61,41,0,0,0,0,0,0,0,0,0,10,0,3,0,0,0,0,0,4,2,35.69759694444444,139.6757397222222,4,3,0,0,0,0
1,30,440,178,2,0,1,95000,0,114,2022,8,1,13,30,12,4,49,18,45,1,1,1,0,7,0,0,0,0,0,0,20,1,0,4,1,1,1,3,61,31,0,1,0,1,0,11,0,10,0,40,0,4,0,2,0,2,0,4,2,35.71157527777778,139.66854694444444,2,3,9999,0,1,0
1,30,440,183,2,0,1,30000,0,114,2022,8,6,21,33,22,4,53,18,41,1,1,1,14,7,0,0,0,0,2,9,1,70,5,4,1,25,0,61,0,0,0,0,0,0,0,0,0,0,0,0,0,0,0,0,0,0,0,2,0,35.73498611111111,139.62962194444447,7,3,0,0,0,0
1,30,440,186,2,0,1,30000,0,114,2022,8,11,6,5,12,4,57,18,35,1,1,1,14,7,0,0,0,0,3,9,1,70,5,4,1,1,45,3,61,31,0,1,0,1,0,11,0,10,0,10,0,3,0,2,0,2,0,4,2,35.73078916666667,139.63126472222223,5,1,9999,0,1,0
1,30,440,190,2,0,1,30000,0,114,2022,8,16,10,15,12,5,0,18,30,1,1,1,7,7,0,0,0,0,3,9,1,70,5,3,1,55,0,61,0,0,0,0,0,0,0,0,0,0,0,0,0,0,0,0,0,0,0,2,0,35.73420222222222,139.6278702777778,3,3,0,0,0,0
1,30,440,196,2,0,1,30000,0,114,2022,7,12,17,0,12,4,35,18,58,2,1,1,14,7,0,0,0,0,4,9,1,70,4,2,1,55,55,3,61,1,0,1,0,1,0,11,0,2,0,40,0,4,0,2,0,2,0,4,2,35.70827583333334,139.66129305555557,3,3,9999,0,9,0
1,30,440,198,2,0,1,30000,0,114,2022,8,26,9,13,12,5,8,18,17,2,1,1,14,7,0,0,0,0,1,9,1,70,5,3,1,45,25,3,61,31,0,1,0,1,0,11,0,1,0,50,0,4,0,2,0,2,0,4,2,35.72027611111111,139.66301388888888,6,3,9999,0,9,0
1,30,441,161,2,0,1,30000,0,115,2022,8,2,14,30,12,4,50,18,45,1,1,1,14,7,0,0,0,0,2,9,1,70,5,4,1,55,55,3,61,31,0,1,0,1,0,11,0,1,0,10,0,3,0,2,0,2,0,4,2,35.69943083333333,139.6367461111111,3,3,9999,0,9,0
1,30,441,163,2,0,1,30000,0,115,2022,8,3,11,25,12,4,50,18,44,1,1,1,14,7,0,0,0,0,1,9,1,70,5,3,1,25,55,14,61,1,0,11,0,1,0,11,0,5,0,80,0,3,0,2,0,2,0,4,2,35.70693833333333,139.64981055555555,4,3,9999,0,1,0
1,30,441,172,2,0,1,20500,0,115,2022,8,19,12,5,12,5,3,18,26,1,1,1,1,1,9,22,0,0,13,9,30,70,4,1,1,45,75,51,61,41,0,0,0,0,0,0,0,0,0,10,0,3,0,0,0,0,0,4,2,35.70408416666667,139.63667333333333,6,3,0,0,0,0
1,30,441,180,2,0,1,10130,0,115,2022,8,31,9,0,12,5,12,18,10,1,1,1,14,7,0,0,0,0,1,9,1,70,5,2,1,75,75,51,61,41,0,0,0,0,0,0,0,0,0,40,0,3,0,0,0,0,0,4,2,35.68696805555555,139.65570027777778,4,3,0,0,0,0
1,30,441,181,2,0,1,30000,0,115,2022,8,25,6,25,12,5,7,18,18,1,1,1,1,7,9,22,0,0,11,9,30,70,5,3,1,45,35,13,61,31,0,11,0,1,0,11,0,10,0,10,0,4,0,2,0,2,0,4,2,35.69406166666666,139.65974277777778,5,3,9999,0,1,0
1,30,442,207,2,0,1,30000,0,115,2021,10,15,18,32,22,5,47,17,6,1,1,1,7,7,0,0,0,0,2,9,1,70,5,3,1,65,25,3,61,31,0,1,0,1,0,11,0,1,0,80,0,4,0,2,0,2,0,4,2,35.68425722222222,139.60775194444443,6,3,9999,0,9,0
1,30,442,211,2,0,1,30000,0,115,2022,8,2,10,25,12,4,50,18,45,1,1,1,14,7,0,0,0,0,1,9,1,70,5,3,1,55,25,17,61,1,0,11,0,2,0,11,0,2,0,20,0,3,0,2,0,2,0,4,2,35.67068944444444,139.634905,3,3,9999,0,9,0
1,30,442,213,2,0,1,10270,0,115,2022,8,6,7,15,12,4,53,18,41,2,1,1,14,7,0,0,0,0,3,9,1,70,5,3,1,25,0,61,0,0,0,0,0,0,0,0,0,0,0,0,0,0,0,0,0,0,0,2,0,35.688114444444444,139.604325,7,3,0,0,0,0
1,30,442,217,2,0,1,20270,0,115,2022,8,10,10,0,12,4,56,18,37,1,1,1,1,7,9,22,0,0,12,9,30,70,5,2,1,65,75,14,61,1,0,11,0,2,0,11,0,10,0,10,0,4,0,2,0,2,0,4,2,35.678914999999996,139.63827055555555,4,2,9999,0,9,0
1,30,442,220,2,0,1,30000,0,115,2022,8,9,9,25,12,4,55,18,38,1,1,1,14,7,0,0,0,0,3,8,1,70,5,2,1,25,35,51,61,41,0,0,0,0,0,0,0,0,0,10,0,3,0,0,0,0,0,4,2,35.68339666666667,139.64248999999998,3,3,0,0,0,0
1,30,442,221,2,0,1,10230,0,115,2022,8,12,12,0,12,4,57,18,34,1,1,1,1,7,9,22,0,0,15,9,30,70,4,1,1,45,1,51,61,41,0,0,0,0,0,0,0,0,0,40,0,3,0,0,0,0,0,4,2,35.682829999999996,139.6528236111111,6,3,0,0,0,0
1,30,442,223,2,0,1,30000,0,115,2022,8,2,17,10,12,4,50,18,45,1,1,1,14,7,0,0,0,0,2,9,1,70,5,3,1,55,45,51,61,41,0,0,0,0,0,0,0,0,0,20,0,4,0,0,0,0,0,4,2,35.6823275,139.62713333333335,3,3,0,0,0,0
1,30,442,226,2,0,1,30000,0,115,2022,8,10,11,45,12,4,56,18,37,1,1,1,14,7,0,0,0,0,3,9,1,70,5,3,1,1,45,3,61,31,0,1,0,1,0,11,0,1,0,40,0,4,0,2,0,2,0,4,2,35.683743611111105,139.60738722222223,4,2,9999,0,1,0
1,30,443,132,2,0,1,10240,0,115,2022,8,27,5,5,23,5,9,18,16,2,1,1,1,1,9,22,0,0,19,9,30,70,4,2,1,25,55,3,61,31,0,1,0,1,0,11,0,5,0,20,0,4,0,2,0,2,0,4,2,35.70834666666667,139.61492944444444,7,3,9999,0,1,0
1,30,443,133,2,0,1,30000,0,115,2022,7,19,21,15,22,4,39,18,55,2,1,1,1,7,9,22,0,0,14,9,30,70,5,1,1,35,65,51,61,41,0,0,0,0,0,0,0,0,0,10,0,3,0,0,0,0,0,4,2,35.71402444444445,139.61704916666667,3,3,0,0,0,0
1,30,443,134,2,0,1,30000,0,115,2022,8,29,12,0,12,5,11,18,13,1,1,1,1,7,9,22,0,0,11,9,30,70,5,3,1,75,45,3,61,1,0,1,0,1,0,11,0,5,0,10,0,4,0,2,0,2,0,4,2,35.707597222222226,139.59452611111112,2,3,202,0,9,0
1,30,443,136,2,0,1,30000,0,115,2022,8,21,18,45,21,5,4,18,23,1,1,1,1,7,1,21,0,0,12,9,30,70,5,1,1,65,25,4,61,31,0,1,0,1,0,11,0,2,0,20,0,4,0,2,0,2,0,4,2,35.70252583333333,139.6195952777778,1,3,9999,0,5,0
1,30,545,70,2,0,1,2540,8,105,2022,8,1,3,8,22,4,49,18,45,1,1,1,1,1,9,22,0,0,19,9,30,70,1,1,1,45,25,12,61,1,0,11,0,1,0,11,0,4,0,40,0,3,0,2,0,2,0,4,2,35.70847305555556,139.75162722222223,2,3,9999,0,5,0
1,30,546,54,2,0,1,10280,0,105,2022,6,16,11,48,12,4,25,18,59,2,1,1,14,1,0,0,0,0,5,9,1,70,1,1,1,45,0,61,0,0,0,0,0,0,0,0,0,0,0,0,0,0,0,0,0,0,0,2,0,35.71013638888889,139.72535805555555,5,3,0,0,0,0
1,30,547,82,2,0,1,10100,0,105,2022,8,4,10,11,12,4,51,18,43,2,1,1,14,7,0,0,0,0,6,9,1,70,1,1,1,1,1,51,61,41,0,0,0,0,0,0,0,0,0,10,0,4,0,0,0,0,0,4,2,35.70509055555556,139.7548336111111,5,3,0,0,0,0
1,30,547,87,2,0,1,10300,0,105,2022,8,24,18,0,13,5,7,18,20,2,1,1,14,7,0,0,0,0,3,9,1,70,4,2,1,45,1,13,61,1,0,11,0,1,0,11,0,3,0,10,0,3,0,2,0,2,0,4,2,35.71861611111111,139.76617027777777,4,3,9999,0,5,0
1,30,547,92,2,0,1,30000,0,105,2022,8,24,22,50,22,5,7,18,20,2,1,1,14,7,0,0,0,0,1,7,1,70,4,2,1,1,45,51,61,41,0,0,0,0,0,0,0,0,0,10,0,3,0,0,0,0,0,4,2,35.70327027777778,139.7619511111111,4,3,0,0,0,0
1,30,549,62,2,0,1,30000,0,116,2022,8,7,21,45,22,4,53,18,40,1,1,1,1,7,9,22,0,0,11,9,30,70,5,3,1,25,55,3,61,31,0,1,0,1,0,11,0,10,0,50,0,4,0,2,0,2,0,4,2,35.72660388888889,139.73544888888887,1,3,9999,0,1,0
1,30,549,63,2,0,1,170,75,116,2022,8,15,23,5,22,5,0,18,31,1,1,1,1,1,9,22,0,0,17,9,30,70,4,1,1,35,1,4,61,31,0,1,0,1,0,11,0,5,0,10,0,3,0,2,0,2,0,4,2,35.73750777777778,139.73432749999998,2,3,9999,0,1,0
1,30,549,67,2,0,1,170,69,116,2022,8,28,13,5,12,5,10,18,14,3,1,1,14,1,0,0,0,0,4,9,1,70,1,2,1,45,45,51,61,41,0,0,0,0,0,0,0,0,0,10,0,3,0,0,0,0,0,4,2,35.73375527777778,139.73807555555555,1,3,0,0,0,0
1,30,550,134,2,0,1,95000,0,116,2022,8,6,16,30,12,4,53,18,41,2,1,1,1,7,1,21,0,0,11,9,30,70,5,2,1,35,55,52,61,41,0,0,0,0,0,0,0,0,0,20,0,3,0,0,0,0,0,4,2,35.73070861111111,139.71612138888887,7,3,0,0,0,0
1,30,550,136,2,0,1,30000,0,116,2022,8,12,11,10,12,4,57,18,34,1,1,1,1,1,9,22,0,0,11,9,30,70,1,2,1,1,65,52,61,41,0,0,0,0,0,0,0,0,0,12,0,3,0,0,0,0,0,4,2,35.732910833333335,139.71760722222223,6,3,0,0,0,0
1,30,550,139,2,0,1,30000,0,116,2022,8,6,16,0,12,4,53,18,41,1,1,1,1,7,9,22,0,0,17,9,30,70,5,2,1,25,45,51,61,41,0,0,0,0,0,0,0,0,0,10,0,3,0,0,0,0,0,4,2,35.73775222222222,139.70489805555553,7,3,0,0,0,0
1,30,550,140,2,0,1,30000,0,116,2022,8,14,12,13,12,4,59,18,32,1,1,1,1,7,9,22,0,0,12,9,30,70,5,2,1,45,65,3,61,31,0,1,0,1,0,11,0,2,0,20,0,3,0,2,0,2,0,4,2,35.73324166666667,139.71371638888888,1,3,9999,0,1,0
1,30,550,143,2,0,1,30000,0,116,2022,8,4,6,40,12,4,51,18,43,2,1,1,14,7,0,0,0,0,3,9,1,70,4,2,1,1,45,51,61,41,0,0,0,0,0,0,0,0,0,10,0,3,0,0,0,0,0,4,2,35.73166333333334,139.70924083333333,5,3,0,0,0,0
1,30,551,122,2,0,1,30000,0,116,2022,7,29,8,14,12,4,46,18,48,1,1,1,7,7,0,0,0,0,3,9,1,70,5,1,1,35,0,61,0,0,0,0,0,0,0,0,0,0,0,0,0,0,0,0,0,0,0,2,0,35.7259425,139.7131011111111,6,3,0,0,0,0
1,30,552,131,2,0,1,30000,0,117,2022,8,15,8,51,12,5,0,18,31,1,1,1,1,1,9,22,0,0,11,9,30,1,5,3,1,1,1,3,61,31,0,1,0,1,0,11,0,2,0,20,0,3,0,2,0,2,0,4,2,35.74742194444445,139.75794027777778,2,3,9999,0,1,0
1,30,553,82,2,0,1,30000,0,117,2022,3,9,18,25,21,6,1,17,43,1,1,1,14,7,0,0,0,0,3,9,1,70,5,2,1,65,45,3,61,31,0,1,0,1,0,11,0,3,0,50,0,3,0,2,0,2,0,4,2,35.76280805555555,139.72772666666665,4,3,9999,0,9,0
1,30,553,85,2,0,1,30000,0,117,2022,8,6,13,51,12,4,53,18,41,1,1,1,14,7,0,0,0,0,1,9,1,1,5,4,1,55,35,4,61,31,0,1,0,1,0,11,0,1,0,20,0,4,0,2,0,2,0,4,2,35.761586666666666,139.72117972222222,7,3,9999,0,9,0
1,30,554,175,2,0,1,10200,0,117,2022,8,4,19,15,21,4,51,18,43,3,1,2,1,1,9,22,0,0,18,9,30,70,1,1,1,35,55,3,61,31,0,1,0,1,0,11,0,10,0,20,0,4,0,2,0,2,0,4,2,35.78528472222222,139.70706083333332,5,3,9999,0,1,0
1,30,554,189,2,0,1,1220,0,117,2022,8,9,11,50,12,4,55,18,38,1,1,1,1,1,9,22,0,0,17,9,30,70,1,1,1,45,25,3,61,31,0,1,0,1,0,11,0,10,0,20,0,4,0,2,0,2,0,4,2,35.77634416666667,139.73320583333333,3,3,9999,0,9,0
1,30,555,281,2,0,1,30000,0,119,2022,7,25,10,56,12,4,43,18,51,1,1,1,14,7,0,0,0,0,2,9,1,1,5,3,1,45,65,59,61,0,0,0,0,0,0,0,0,0,0,10,0,3,0,0,0,0,0,4,2,35.749406944444445,139.70745277777777,2,3,0,0,0,0
1,30,555,292,2,0,1,30000,0,119,2022,8,16,9,15,12,5,0,18,30,1,1,1,1,7,9,22,0,0,15,9,30,70,5,2,1,65,1,3,61,1,0,1,0,1,0,11,0,10,0,50,0,3,0,2,0,2,0,4,2,35.757745,139.689235,3,3,9999,0,9,0
1,30,555,295,2,0,1,30000,0,119,2022,8,20,18,50,21,5,4,18,25,3,1,2,1,7,9,22,0,0,16,9,30,70,5,3,1,45,55,3,61,31,0,1,0,1,0,11,0,10,0,50,0,3,0,2,0,2,0,4,2,35.748983611111115,139.68109083333331,7,3,9999,0,9,0
1,30,555,309,2,0,1,10130,0,119,2022,6,28,8,38,12,4,28,19,1,1,1,1,14,7,0,0,0,0,2,9,1,70,5,1,1,1,55,51,61,41,0,0,0,0,0,0,0,0,0,10,0,3,0,0,0,0,0,4,2,35.75442777777778,139.68680444444445,3,3,0,0,0,0
1,30,555,310,2,0,1,30000,0,119,2022,8,24,19,0,21,5,7,18,20,2,1,1,14,7,0,0,0,0,4,7,1,70,4,1,1,35,35,51,61,41,0,0,0,0,0,0,0,0,0,10,0,3,0,0,0,0,0,4,2,35.74846194444444,139.71391166666666,4,3,0,0,0,0
1,30,556,176,2,0,1,30000,0,119,2022,8,17,11,25,12,5,1,18,28,1,1,1,1,7,9,22,0,0,11,9,30,70,5,3,1,55,75,51,61,41,0,0,0,0,0,0,0,0,0,40,0,4,0,0,0,0,0,4,2,35.775599166666666,139.69657583333333,4,3,0,0,0,0
1,30,556,177,2,0,1,30000,0,119,2022,8,19,9,20,12,5,3,18,26,1,1,1,7,7,0,0,0,0,2,8,1,70,4,3,1,35,65,3,61,31,0,1,0,1,0,11,0,10,0,40,0,4,0,2,0,2,0,4,2,35.77881138888889,139.69249166666668,6,3,9999,0,1,0
1,30,557,173,2,0,1,10130,0,120,2022,6,29,13,33,12,4,28,19,1,1,1,1,14,7,0,0,0,0,5,9,1,70,1,2,1,45,45,17,61,31,0,11,0,2,0,11,0,4,0,30,0,3,0,2,0,2,0,4,2,35.736402777777776,139.66450083333334,4,3,9999,0,1,0
1,30,557,180,2,0,2,30000,0,120,2022,8,14,19,25,21,4,59,18,32,1,1,1,1,7,9,22,0,0,15,9,30,70,4,1,1,55,1,36,61,31,0,0,0,0,0,11,0,2,0,10,0,3,0,0,0,0,0,2,2,35.75134722222222,139.63720166666667,1,3,9999,0,9,0
1,30,557,186,2,0,1,30000,0,120,2022,8,27,10,48,12,5,9,18,16,1,1,1,1,7,9,22,0,0,11,9,30,70,5,3,1,65,75,3,61,31,0,1,0,1,0,11,0,10,0,50,0,3,0,2,0,2,0,4,2,35.73786333333334,139.6723663888889,7,3,9999,0,1,0
1,30,558,148,2,0,1,10240,0,120,2022,8,4,18,0,13,4,51,18,43,3,1,2,1,1,9,22,0,0,15,9,30,70,4,3,1,25,55,14,61,1,0,11,0,1,0,11,0,4,0,80,0,3,0,2,0,2,0,4,2,35.72188138888889,139.58760805555556,5,3,9999,0,5,0
1,30,558,156,2,0,1,30000,0,120,2022,8,18,19,40,22,5,2,18,27,1,1,1,14,7,0,0,0,0,2,9,1,70,5,4,1,1,45,36,61,31,0,0,0,0,0,11,0,10,0,40,0,4,0,0,0,0,0,4,2,35.75192472222222,139.5854563888889,5,3,9999,0,5,0
1,30,558,159,2,0,1,30000,0,120,2022,8,25,13,0,12,5,7,18,18,2,1,1,1,7,9,22,0,0,11,9,30,70,5,1,1,65,1,3,61,31,0,1,0,1,0,11,0,2,0,40,0,4,0,2,0,2,0,4,2,35.74785166666667,139.59331083333333,5,3,9999,0,9,0
1,30,558,168,2,0,1,30000,0,120,2022,8,26,14,50,12,5,8,18,17,1,1,1,14,7,0,0,0,0,2,9,1,70,5,3,1,65,35,3,61,31,0,1,0,1,0,11,0,1,0,40,0,4,0,2,0,2,0,4,2,35.75727194444445,139.59362777777778,6,3,9999,0,9,0
1,30,558,169,2,0,1,30000,0,120,2022,8,26,15,45,12,5,8,18,17,1,1,1,1,7,9,22,0,0,14,9,30,70,4,2,1,75,65,3,61,31,0,1,0,1,0,11,0,2,0,10,0,3,0,2,0,2,0,4,2,35.752343055555556,139.59421333333333,6,3,156,0,1,0
1,30,559,136,2,0,1,99000,0,119,2022,8,12,12,10,12,4,57,18,34,1,1,1,0,7,0,0,0,0,0,0,20,70,0,4,1,25,35,14,61,31,0,11,0,1,0,11,0,10,0,10,0,3,0,2,0,2,0,4,2,35.779759999999996,139.63000083333336,6,3,9999,0,1,0