資料区分,都道府県コード,警察署等コード,本票番号,事故内容,死者数,負傷者数,路線コード,地点コード,市区町村コード,発生日時　　年,発生日時　　月,発生日時　　日,発生日時　　時,発生日時　　分,昼夜,日の出時刻　　時,日の出時刻　　分,日の入り時刻　　時,日の入り時刻　　分,天候,地形,路面状態,道路形状,信号機,一時停止規制　標識（当事者A）,一時停止規制　表示（当事者A）,一時停止規制　標識（当事者B）,一時停止規制　表示（当事者B）,車道幅員,道路線形,衝突地点,ゾーン規制,中央分離帯施設等,歩車道区分,事故類型,年齢（当事者A）,年齢（当事者B）,当事者種別（当事者A）,当事者種別（当事者B）,用途別（当事者A）,用途別（当事者B）,車両形状等（当事者A）,車両形状等（当事者B）,オートマチック車（当事者A）,オートマチック車（当事者B）,サポカー（当事者A）,サポカー（当事者B）,速度規制（指定のみ）（当事者A）,速度規制（指定のみ）（当事者B）,車両の衝突部位（当事者A）,車両の衝突部位（当事者B）,車両の損壊程度（当事者A）,車両の損壊程度（当事者B）,エアバッグの装備（当事者A）,エアバッグの装備（当事者B）,サイドエアバッグの装備（当事者A）,サイドエアバッグの装備（当事者B）,人身損傷程度（当事者A）,人身損傷程度（当事者B）,lat,lon,曜日(発生年月日),祝日(発生年月日),認知機能検査経過日数（当事者A）,認知機能検査経過日数（当事者B）,運転練習の方法（当事者A）,運転練習の方法（当事者B）
1,30,559,139,2,0,1,30000,0,119,2022,8,1,14,30,12,4,49,18,45,1,1,1,1,7,9,22,0,0,11,9,30,1,5,3,1,55,1,13,61,31,0,11,0,1,0,11,0,2,0,10,0,3,0,2,0,2,0,4,2,35.7829775,139.67305305555556,2,3,9999,0,9,0
1,30,559,148,2,0,1,30000,0,119,2022,8,27,12,53,12,5,9,18,16,1,1,1,1,7,1,21,0,0,12,9,30,70,4,1,1,35,45,13,61,1,0,11,0,1,0,11,0,2,0,60,0,4,0,2,0,2,0,4,2,35.780251388888885,139.63920833333333,7,3,9999,0,1,0
1,30,560,228,2,0,1,30000,0,120,2022,8,1,9,5,12,4,49,18,45,1,1,1,1,7,9,22,0,0,15,9,30,70,5,3,1,45,1,3,61,31,0,1,0,1,0,11,0,2,0,40,0,3,0,2,0,2,0,4,2,35.757754722222224,139.6180488888889,2,3,9999,0,9,0
1,30,560,236,2,0,1,30000,0,120,2022,8,23,19,15,21,5,6,18,21,1,1,1,1,7,9,22,0,0,15,9,30,70,5,1,1,25,55,13,61,31,0,11,0,1,0,11,0,2,0,10,0,3,0,2,0,2,0,4,2,35.73958611111111,139.6182527777778,3,3,9999,0,1,0
1,30,560,245,2,0,1,30000,0,120,2022,8,30,12,35,12,5,11,18,12,2,1,1,1,7,7,21,0,0,12,9,30,70,5,3,1,45,75,3,61,31,0,1,0,1,0,11,0,1,0,40,0,3,0,2,0,2,0,4,2,35.76879111111111,139.64239833333332,3,3,9999,0,5,0
1,30,661,83,2,0,1,40,57,106,2022,8,3,19,55,22,4,50,18,44,1,1,1,14,7,0,0,0,0,6,9,1,70,4,1,1,45,65,51,61,41,0,0,0,0,0,0,0,0,0,10,0,3,0,0,0,0,0,4,2,35.72928138888889,139.7908913888889,4,3,0,0,0,0
1,30,662,80,2,0,1,30000,0,106,2022,8,3,16,30,12,4,50,18,44,1,1,3,1,1,7,22,0,0,18,9,30,70,1,2,1,65,75,4,61,31,0,1,0,1,0,11,0,2,0,10,0,3,0,2,0,2,0,4,2,35.716971388888894,139.80176916666667,4,3,9999,0,9,0
1,30,662,82,2,0,1,30000,0,106,2022,8,11,20,15,22,4,57,18,35,1,1,1,1,7,7,21,0,0,11,9,30,70,5,3,1,45,75,14,61,1,0,11,0,1,0,11,0,1,0,10,0,4,0,2,0,2,0,4,2,35.72222861111111,139.80300111111112,5,1,9999,0,5,0
1,30,662,89,2,0,1,30000,0,106,2022,4,6,9,10,12,5,21,18,7,1,1,1,7,7,0,0,0,0,2,9,1,70,1,1,1,1,35,51,61,41,0,0,0,0,0,0,0,0,0,40,0,4,0,0,0,0,0,4,2,35.71626222222223,139.80290055555557,4,3,0,0,0,0
1,30,665,75,2,0,1,30000,0,118,2022,7,10,16,40,12,4,33,18,59,1,1,1,1,7,9,22,0,0,15,9,30,70,1,1,1,55,25,4,61,31,0,1,0,1,0,11,0,3,0,10,0,3,0,2,0,2,0,4,2,35.73759694444445,139.80484,1,3,9999,0,9,0
1,30,665,78,2,0,1,20550,0,118,2022,8,16,7,15,12,5,0,18,30,1,1,1,1,1,9,22,0,0,15,9,30,70,4,1,1,45,1,51,61,41,0,0,0,0,0,0,0,0,0,10,0,3,0,0,0,0,0,4,2,35.73403388888889,139.79768222222222,3,3,0,0,0,0
1,30,667,72,2,0,1,30000,0,121,2022,8,16,6,3,12,5,0,18,30,1,1,1,14,7,0,0,0,0,3,9,1,70,5,3,1,35,25,13,61,31,0,11,0,1,0,11,0,10,0,20,0,3,0,2,0,2,0,4,2,35.74955027777778,139.79891833333332,3,3,9999,0,1,0
1,30,668,345,2,0,1,30000,0,121,2022,8,2,17,30,12,4,50,18,45,1,1,1,14,7,0,0,0,0,2,9,1,70,4,3,1,65,55,3,61,31,0,1,0,1,0,11,0,3,0,50,0,3,0,2,0,2,0,4,2,35.77292722222222,139.7699213888889,3,3,9999,0,1,0
1,30,668,365,2,0,1,99000,0,121,2022,7,23,7,48,12,4,42,18,53,1,1,1,0,7,0,0,0,0,0,0,20,70,0,4,1,55,35,51,61,41,0,0,0,0,0,0,0,0,0,10,0,3,0,0,0,0,0,4,2,35.755343333333336,139.7744538888889,7,3,0,0,0,0
1,30,668,373,2,0,1,30790,0,121,2022,8,24,14,40,12,5,7,18,20,2,1,1,1,7,9,22,0,0,14,9,30,70,5,2,1,25,65,51,61,41,0,0,0,0,0,0,0,0,0,10,0,3,0,0,0,0,0,4,2,35.773000277777776,139.78166055555556,4,3,0,0,0,0
1,30,668,381,2,0,1,30000,0,121,2022,8,30,18,36,21,5,11,18,12,3,1,2,14,7,0,0,0,0,3,9,1,70,1,2,1,75,0,61,0,0,0,0,0,0,0,0,0,0,0,0,0,0,0,0,0,0,0,2,0,35.77592611111111,139.76535277777776,3,3,0,0,0,0
1,30,669,422,2,0,1,30000,0,121,2022,7,19,10,30,12,4,39,18,55,2,1,1,1,1,1,21,0,0,12,9,30,70,5,1,1,65,75,3,61,31,0,1,0,1,0,11,0,2,0,20,0,3,0,2,0,2,0,4,2,35.76916638888889,139.80877972222223,3,3,9999,0,9,0
1,30,669,428,2,0,1,30000,0,121,2022,8,2,18,3,13,4,50,18,45,1,1,1,7,7,0,0,0,0,2,9,1,70,5,3,1,1,75,51,61,41,0,0,0,0,0,0,0,0,0,10,0,3,0,0,0,0,0,4,2,35.76880194444444,139.85180694444443,3,3,0,0,0,0
1,30,669,436,2,0,1,30000,0,121,2022,8,13,20,55,22,4,58,18,33,3,1,2,1,3,9,22,0,0,14,9,30,70,4,1,1,45,25,3,61,31,0,1,0,1,0,11,0,3,0,10,0,3,0,2,0,2,0,4,2,35.76879944444445,139.82348305555556,7,3,9999,0,1,0
1,30,669,445,2,0,1,30000,0,121,2022,8,16,12,40,12,5,0,18,30,1,1,1,14,7,0,0,0,0,2,9,1,70,5,3,1,65,75,3,61,1,0,1,0,1,0,11,0,4,0,10,0,3,0,2,0,2,0,4,2,35.7705075,139.85237055555555,3,3,9999,0,9,0
1,30,669,452,2,0,1,10130,0,121,2022,8,29,23,10,22,5,11,18,13,2,1,1,1,1,9,22,0,0,13,9,30,70,1,2,1,65,45,3,61,31,0,1,0,1,0,11,0,4,0,10,0,3,0,2,0,2,0,4,2,35.77733138888889,139.83364916666667,2,3,9999,0,9,0
1,30,670,244,2,0,1,30000,0,121,2022,8,2,19,18,21,4,50,18,45,1,1,1,1,7,9,22,0,0,14,9,30,70,4,1,1,25,1,13,61,31,0,11,0,1,0,11,0,2,0,10,0,3,0,2,0,2,0,4,2,35.806425,139.7832013888889,3,3,9999,0,1,0
1,30,670,249,2,0,1,30000,0,121,2022,8,6,15,50,12,4,53,18,41,1,1,1,14,7,0,0,0,0,2,9,1,70,5,4,1,25,55,13,61,31,0,11,0,1,0,11,0,10,0,30,0,4,0,2,0,2,0,4,2,35.814188888888886,139.76967972222224,7,3,9999,0,1,0
1,30,771,306,2,0,1,30000,0,108,2022,8,6,10,35,12,4,53,18,41,1,1,1,1,1,9,22,0,0,16,9,30,70,3,2,1,45,45,51,61,41,0,0,0,0,0,0,0,0,0,10,0,3,0,0,0,0,0,4,2,35.68206611111111,139.80095083333333,7,3,0,0,0,0
1,30,771,335,2,0,1,10350,0,108,2022,8,26,5,35,11,5,8,18,17,1,1,1,1,1,9,22,0,0,17,9,30,70,1,1,1,35,55,51,61,41,0,0,0,0,0,0,0,0,0,10,0,4,0,0,0,0,0,4,2,35.67533694444444,139.80456500000003,6,3,0,0,0,0
1,30,771,337,2,0,1,20000,0,108,2022,8,29,20,45,22,5,11,18,13,2,1,1,1,1,9,22,0,0,15,9,30,70,4,2,1,25,1,14,61,1,0,11,0,1,0,11,0,2,0,10,0,3,0,2,0,2,0,4,2,35.67378444444444,139.81178111111112,2,3,9999,0,1,0
1,30,771,340,2,0,1,10060,0,108,2021,12,22,9,9,12,6,47,16,32,1,1,1,14,7,0,0,0,0,5,9,1,70,1,1,1,45,65,1,61,1,0,1,0,2,0,11,0,4,0,10,0,4,0,2,0,2,0,4,2,35.68819388888888,139.80266444444445,4,3,9999,0,1,0
1,30,772,253,2,0,1,20540,0,108,2022,8,7,14,35,12,4,53,18,40,1,1,1,1,1,8,22,0,0,17,9,30,70,4,2,1,25,35,3,61,31,0,1,0,1,0,11,0,3,0,10,0,3,0,2,0,2,0,4,2,35.67942194444444,139.82374666666666,1,3,9999,0,1,0
1,30,772,264,2,0,1,99000,0,108,2022,8,11,21,28,22,4,57,18,35,1,1,1,0,7,0,0,0,0,0,0,20,70,0,4,1,55,0,61,0,0,0,0,0,0,0,0,0,0,0,0,0,0,0,0,0,0,0,2,0,35.671767777777774,139.82090777777776,5,1,0,0,0,0
1,30,772,269,2,0,1,20660,0,108,2022,8,19,18,5,13,5,3,18,26,1,1,1,1,1,8,22,0,0,17,9,30,70,4,1,1,1,45,3,61,31,0,1,0,1,0,11,0,3,0,10,0,3,0,2,0,2,0,4,2,35.67163083333333,139.84219027777777,6,3,9999,0,1,0
1,30,773,187,2,0,1,20680,0,107,2022,8,9,6,4,12,4,55,18,38,1,1,1,1,1,9,22,0,0,19,9,30,70,4,2,1,45,35,11,61,31,0,11,0,1,0,11,0,4,0,10,0,3,0,2,0,2,0,4,2,35.707481111111115,139.79847166666667,3,3,9999,0,9,0
1,30,774,135,2,0,1,60,69,107,2022,8,27,19,38,22,5,9,18,16,1,1,1,1,1,9,22,0,0,17,9,30,70,4,2,1,45,75,36,61,31,0,0,0,0,0,11,0,2,0,11,0,2,0,0,0,0,0,4,2,35.72475888888889,139.82077027777777,7,3,9999,0,9,0
1,30,774,136,2,0,1,20690,0,107,2022,8,30,15,5,12,5,11,18,12,2,1,1,1,1,9,22,0,0,14,9,30,70,4,2,1,25,1,3,61,31,0,1,0,1,0,11,0,3,0,40,0,3,0,2,0,2,0,4,2,35.71482027777778,139.81946333333332,3,3,9999,0,1,0
1,30,775,224,2,0,1,30000,0,122,2022,7,16,6,45,12,4,37,18,57,3,1,2,1,1,9,22,0,0,15,9,30,1,4,2,1,25,55,3,61,31,0,1,0,1,0,11,0,2,0,10,0,4,0,2,0,2,0,4,2,35.78033583333333,139.86074083333332,7,3,9999,0,1,0
1,30,775,234,2,0,1,60,126,122,2022,8,25,20,37,22,5,7,18,18,2,1,1,1,1,9,22,0,0,18,9,30,70,5,1,1,1,75,3,61,31,0,1,0,1,0,11,0,5,0,50,0,3,0,2,0,2,0,4,2,35.76271361111111,139.8636511111111,5,3,9999,0,1,0
1,30,776,264,2,0,1,10290,0,122,2022,8,10,3,52,22,4,56,18,37,1,1,1,1,1,9,22,0,0,16,9,30,70,1,2,1,45,75,12,61,31,0,11,0,1,0,11,0,4,0,10,0,4,0,2,0,2,0,4,2,35.72690166666667,139.8677661111111,4,2,9999,0,3,0
1,30,776,266,2,0,1,30000,0,122,2022,8,13,19,30,21,4,58,18,33,3,1,2,14,7,0,0,0,0,1,9,1,70,5,3,1,65,75,51,61,41,0,0,0,0,0,0,0,0,0,10,0,4,0,0,0,0,0,4,2,35.73437972222222,139.85642527777776,7,3,0,0,0,0
1,30,776,271,2,0,1,95000,0,122,2022,8,10,12,30,12,4,56,18,37,1,1,1,7,7,0,0,0,0,3,9,1,70,5,2,1,35,75,14,61,1,0,11,0,1,0,11,0,10,0,50,0,3,0,2,0,2,0,4,2,35.74091,139.875515,4,2,9999,0,1,0
1,30,776,274,2,0,1,10410,0,122,2022,8,24,8,35,12,5,7,18,20,1,1,1,14,7,0,0,0,0,1,9,1,70,4,2,1,45,65,51,61,41,0,0,0,0,0,0,0,0,0,20,0,3,0,0,0,0,0,2,4,35.73749222222222,139.85079222222222,4,3,0,0,0,0
1,30,776,276,2,0,1,30000,0,122,2022,8,25,17,20,13,5,7,18,18,2,1,1,14,7,0,0,0,0,2,9,1,70,5,3,1,25,65,51,61,41,0,0,0,0,0,0,0,0,0,10,0,3,0,0,0,0,0,4,2,35.73875833333334,139.85624222222222,5,3,0,0,0,0
1,30,777,491,2,0,1,30000,0,123,2022,8,2,12,50,12,4,50,18,45,1,1,1,14,7,0,0,0,0,3,9,1,1,5,3,1,25,75,17,61,31,0,11,0,2,0,11,0,2,0,22,0,3,0,2,0,2,0,4,2,35.70532138888889,139.9037052777778,3,3,9999,0,1,0
1,30,777,509,2,0,1,30000,0,123,2022,8,15,12,0,12,5,0,18,31,1,1,1,14,7,0,0,0,0,3,9,1,70,5,3,1,35,55,51,61,41,0,0,0,0,0,0,0,0,0,10,0,3,0,0,0,0,0,4,2,35.69505833333333,139.89379722222222,2,3,0,0,0,0
1,30,777,518,2,0,1,30000,0,123,2022,8,23,6,56,12,5,6,18,21,1,1,1,1,7,9,22,0,0,15,9,30,1,4,1,1,45,75,3,61,31,0,1,0,1,0,11,0,2,0,30,0,3,0,2,0,2,0,4,2,35.70795527777778,139.86907027777778,3,3,9999,0,1,0
1,30,777,529,2,0,1,95000,0,123,2022,8,28,20,40,22,5,10,18,14,1,1,1,0,7,0,0,0,0,0,0,20,70,0,3,1,25,35,4,61,31,0,1,0,1,0,11,0,10,0,10,0,4,0,2,0,2,0,4,2,35.70647972222223,139.87038805555557,1,3,9999,0,1,0
1,30,778,191,2,0,1,30000,0,123,2022,7,27,17,0,12,4,45,18,50,1,1,1,1,7,9,22,0,0,11,9,30,70,4,2,1,65,35,3,61,1,0,1,0,1,0,11,0,5,0,40,0,3,0,2,0,2,0,4,2,35.734275833333335,139.88298583333335,4,3,9999,0,9,0
1,30,778,196,2,0,1,30000,0,123,2022,8,19,10,25,12,5,3,18,26,1,1,1,14,7,0,0,0,0,1,9,1,70,5,2,1,65,75,51,61,41,0,0,0,0,0,0,0,0,0,10,0,3,0,0,0,0,0,4,2,35.73225194444445,139.88014750000002,6,3,0,0,0,0
1,30,778,200,2,0,1,30000,0,123,2022,8,26,15,40,12,5,8,18,17,2,1,1,14,7,0,0,0,0,2,9,1,70,5,2,1,1,75,51,61,41,0,0,0,0,0,0,0,0,0,10,0,3,0,0,0,0,0,4,2,35.72121527777778,139.88421416666665,6,3,0,0,0,0
1,30,778,204,2,0,1,30000,0,123,2022,8,29,8,20,12,5,11,18,13,1,1,1,14,7,0,0,0,0,2,9,1,70,5,3,1,75,45,3,61,31,0,1,0,1,0,11,0,10,0,40,0,3,0,2,0,2,0,4,2,35.73158166666667,139.879595,2,3,9999,0,9,0
1,30,779,153,2,0,1,30000,0,123,2022,6,23,7,59,12,4,26,19,1,1,1,1,1,1,1,21,0,0,14,9,30,70,4,2,1,1,1,51,61,41,0,0,0,0,0,0,0,0,0,10,0,4,0,0,0,0,0,4,2,35.666827777777776,139.86284388888888,5,3,0,0,0,0
1,30,779,161,2,0,1,30000,0,123,2022,8,26,8,2,12,5,8,18,17,2,1,1,7,7,0,0,0,0,2,9,1,70,5,3,1,45,1,12,61,31,0,11,0,2,0,11,0,2,0,40,0,4,0,2,0,2,0,4,2,35.66670222222222,139.85712388888888,6,3,9999,0,1,0
1,30,779,162,2,0,1,95000,0,123,2022,8,22,9,40,12,5,5,18,22,1,1,1,0,7,0,0,0,0,0,0,20,70,0,4,1,65,45,3,61,1,0,1,0,1,0,11,0,10,0,40,0,4,0,2,0,2,0,4,2,35.672420277777775,139.86148111111112,2,3,9999,0,9,0
1,30,876,227,2,0,2,30000,0,201,2022,8,20,19,54,22,5,4,18,25,3,1,2,1,1,9,22,0,0,19,9,30,70,1,2,1,45,1,3,61,31,0,1,0,1,0,11,0,4,0,10,0,4,0,2,0,2,0,4,2,35.63171805555556,139.32876194444444,7,3,9999,0,9,0
1,30,877,241,2,0,1,30000,0,201,2022,7,1,16,25,12,4,29,19,1,1,2,1,14,7,0,0,0,0,2,9,1,70,5,3,1,1,1,51,61,41,0,0,0,0,0,0,0,0,0,10,0,3,0,0,0,0,0,4,2,35.632911944444444,139.313265,6,3,0,0,0,0
1,30,877,247,2,0,1,30000,0,201,2022,8,4,16,25,12,4,51,18,43,3,1,2,1,1,9,22,0,0,15,9,30,70,4,1,1,55,75,3,61,31,0,1,0,1,0,11,0,3,0,10,0,3,0,2,0,2,0,4,2,35.65681416666666,139.29826055555554,5,3,9999,0,9,0
1,30,877,249,2,0,1,30000,0,201,2022,8,4,19,15,21,4,51,18,43,3,1,2,1,7,1,22,0,0,19,9,30,70,1,2,1,65,25,3,61,31,0,1,0,1,0,11,0,3,0,80,0,4,0,2,0,2,0,4,2,35.643207777777775,139.30714444444445,5,3,9999,0,4,0
1,30,877,259,2,0,2,30000,0,201,2022,8,14,20,0,22,4,59,18,32,1,1,1,1,1,9,22,0,0,12,9,30,70,4,2,1,45,75,14,61,31,0,11,0,1,0,11,0,2,0,10,0,3,0,2,0,2,0,4,2,35.654603888888886,139.295945,1,3,9999,0,9,0
1,30,877,261,2,0,1,99000,0,201,2022,8,17,11,55,12,5,1,18,28,1,2,1,0,7,0,0,0,0,0,0,20,70,0,4,1,75,45,14,61,31,0,11,0,1,0,11,0,10,0,10,0,3,0,2,0,2,0,4,2,35.63771944444444,139.30655694444445,4,3,41,0,9,0
1,30,877,263,2,0,1,20730,0,201,2022,8,21,15,0,12,5,4,18,23,2,3,1,14,7,0,0,0,0,3,9,1,70,4,2,1,35,75,36,61,31,0,0,0,0,0,11,0,10,0,30,0,4,0,0,0,0,0,4,2,35.676761388888885,139.28742583333334,1,3,9999,0,5,0
1,30,877,265,2,0,1,95000,0,201,2022,8,22,10,20,12,5,5,18,22,1,1,1,0,7,0,0,0,0,0,0,20,70,0,4,1,45,75,13,61,31,0,11,0,1,0,11,0,1,0,30,0,3,0,2,0,2,0,4,2,35.67233638888889,139.2599711111111,2,3,9999,0,1,0
1,30,877,268,2,0,1,99000,0,201,2022,8,3,16,30,12,4,50,18,44,2,3,5,0,7,0,0,0,0,0,0,20,70,0,4,1,65,75,3,61,31,0,1,0,1,0,11,0,10,0,60,0,4,0,2,0,2,0,4,2,35.681245,139.28660555555555,4,3,9999,0,9,0
1,30,878,268,2,0,2,30000,0,224,2022,8,5,17,8,12,4,52,18,42,2,3,1,14,7,0,0,0,0,2,9,1,70,4,2,1,45,75,1,61,1,0,1,0,1,0,11,0,3,0,0,0,4,0,2,0,2,0,2,2,35.6354525,139.4354338888889,6,3,9999,0,9,0
1,30,878,287,2,0,1,30000,0,224,2022,8,30,1,15,22,5,11,18,12,2,3,1,1,1,9,22,0,0,17,9,30,70,1,2,1,75,55,17,61,1,0,11,0,1,0,11,0,4,0,10,0,3,0,2,0,2,0,4,2,35.6347225,139.44236138888888,3,3,48,0,9,0
1,30,879,384,2,0,1,30590,0,220,2022,8,1,12,20,12,4,49,18,45,1,1,1,14,7,0,0,0,0,1,9,1,70,5,2,1,1,75,51,61,41,0,0,0,0,0,0,0,0,0,10,0,4,0,0,0,0,0,4,2,35.73554055555556,139.4276425,2,3,0,0,0,0
1,30,879,386,2,0,1,30000,0,220,2022,8,2,15,35,12,4,50,18,45,1,1,1,14,7,0,0,0,0,2,9,1,70,4,2,1,65,75,3,61,31,0,1,0,2,0,11,0,10,0,30,0,3,0,2,0,2,0,4,2,35.737941944444444,139.43518777777777,3,3,9999,0,9,0
1,30,879,409,2,0,1,30000,0,223,2022,8,19,19,45,22,5,3,18,26,1,1,1,14,7,0,0,0,0,2,9,1,70,4,2,1,65,65,3,61,31,0,1,0,1,0,11,0,3,0,10,0,3,0,2,0,2,0,4,2,35.74153527777778,139.40403916666668,6,3,9999,0,9,0
1,30,879,412,2,0,1,30000,0,223,2022,8,20,23,25,22,5,4,18,25,3,2,2,1,1,9,22,0,0,15,9,30,70,4,2,1,55,1,3,61,31,0,1,0,1,0,11,0,3,0,10,0,4,0,2,0,2,0,4,2,35.740025833333334,139.41086166666668,7,3,9999,0,9,0
1,30,879,419,2,0,1,99000,0,220,2022,8,20,13,0,12,5,4,18,25,2,2,1,0,7,0,0,0,0,0,0,20,70,0,4,1,55,75,3,61,31,0,1,0,1,0,11,0,10,0,0,0,4,0,2,0,2,0,4,2,35.73720388888889,139.41672388888887,7,3,9999,0,9,0
1,30,880,165,2,0,1,10450,0,205,2022,8,4,14,5,12,4,51,18,43,2,3,1,14,7,0,0,0,0,3,9,1,70,5,2,1,75,1,51,61,41,0,0,0,0,0,0,0,0,0,10,0,3,0,0,0,0,0,2,4,35.786485,139.28619305555554,5,3,0,0,0,0
1,30,880,183,2,0,1,10530,0,205,2022,8,28,16,0,12,5,10,18,14,2,2,1,1,1,9,22,0,0,14,9,30,70,4,2,1,55,65,13,61,31,0,11,0,1,0,11,0,10,0,10,0,3,0,2,0,2,0,4,2,35.778546666666664,139.29154138888887,1,3,9999,0,9,0
1,30,880,187,2,0,1,30000,0,205,2022,8,31,19,35,22,5,12,18,10,1,1,1,14,7,0,0,0,0,4,9,1,70,4,2,1,75,75,4,61,31,0,1,0,1,0,11,0,3,0,10,0,3,0,2,0,2,0,4,2,35.79044138888889,139.2768702777778,4,3,491,0,9,0
1,30,882,280,1,1,0,30000,0,228,2022,8,25,6,49,12,5,7,18,18,2,2,1,1,7,9,22,0,0,14,9,30,70,4,2,1,45,75,3,61,31,0,1,0,1,0,11,0,3,0,80,0,2,0,2,0,2,0,4,1,35.741686111111115,139.28670222222223,5,3,9999,0,1,0
1,30,882,283,2,0,1,30000,0,218,2022,7,15,11,0,12,4,36,18,57,3,2,2,14,7,0,0,0,0,2,9,1,70,4,2,1,1,45,51,61,41,0,0,0,0,0,0,0,0,0,0,0,3,0,0,0,0,0,4,2,35.74218194444445,139.33719361111113,6,3,0,0,0,0
1,30,882,287,2,0,1,30000,0,227,2022,8,13,20,15,22,4,58,18,33,3,1,2,1,1,9,22,0,0,11,9,30,70,4,1,1,75,55,4,61,31,0,1,0,1,0,11,0,2,0,40,0,3,0,2,0,2,0,4,2,35.759723055555554,139.32892277777776,7,3,134,0,9,0
1,30,882,288,2,0,1,95000,0,227,2022,8,14,18,12,13,4,59,18,32,1,1,1,1,7,9,22,0,0,14,9,30,70,5,2,1,45,65,51,61,41,0,0,0,0,0,0,0,0,0,10,0,4,0,0,0,0,0,4,2,35.77234472222222,139.30484305555558,1,3,0,0,0,0
1,30,882,292,2,0,1,30000,0,228,2022,8,20,12,50,12,5,4,18,25,2,1,1,14,7,0,0,0,0,3,9,1,70,5,2,1,1,55,4,61,31,0,1,0,1,0,11,0,2,0,10,0,4,0,2,0,2,0,4,2,35.73059222222222,139.3185725,7,3,9999,0,1,0
1,30,882,294,2,0,1,30000,0,228,2022,8,22,11,29,12,5,5,18,22,2,2,1,14,1,0,0,0,0,4,9,1,70,4,2,1,45,35,3,61,31,0,1,0,1,0,11,0,3,0,11,0,3,0,2,0,2,0,4,2,35.73661444444445,139.30300416666668,2,3,9999,0,1,0
1,30,882,298,2,0,1,10550,0,218,2022,8,13,20,0,22,4,58,18,33,3,1,2,1,1,9,22,0,0,15,9,30,70,4,2,1,45,35,4,61,31,0,1,0,1,0,11,0,3,0,10,0,3,0,2,0,2,0,4,2,35.74758388888889,139.32138194444445,7,3,9999,0,9,0
1,30,882,303,2,0,1,30000,0,227,2022,8,28,12,0,12,5,10,18,14,3,1,2,14,7,0,0,0,0,3,9,1,70,5,3,1,65,45,3,61,31,0,1,0,1,0,11,0,1,0,40,0,4,0,2,0,2,0,4,2,35.75526277777778,139.31746194444443,1,3,9999,0,9,0
1,30,882,304,2,0,1,30000,0,218,2022,8,28,14,58,12,5,10,18,14,2,1,1,14,7,0,0,0,0,3,9,1,70,5,3,1,45,45,3,61,31,0,1,0,1,0,11,0,2,0,40,0,4,0,2,0,2,0,4,2,35.73513833333333,139.33457611111112,1,3,9999,0,9,0
1,30,882,310,2,0,1,10260,0,218,2022,7,4,21,54,22,4,30,19,1,1,1,1,7,1,0,0,0,0,2,9,1,70,4,2,1,55,45,3,61,31,0,1,0,1,0,11,0,3,0,10,0,4,0,2,0,2,0,4,2,35.726287222222226,139.3536472222222,2,3,9999,0,9,0
1,30,883,338,2,0,1,30000,0,201,2022,8,3,13,15,12,4,50,18,44,1,1,1,14,1,0,0,0,0,1,9,1,70,4,2,1,35,75,51,61,41,0,0,0,0,0,0,0,0,0,10,0,3,0,0,0,0,0,4,2,35.656433888888884,139.31531305555558,4,3,0,0,0,0
1,30,883,370,2,0,1,160,0,201,2022,8,18,18,55,21,5,2,18,27,1,1,1,1,1,0,0,0,0,18,9,30,70,4,1,1,25,0,61,0,0,0,0,0,0,0,0,0,0,0,0,0,0,0,0,0,0,0,2,0,35.654586944444446,139.33279472222222,5,3,0,0,0,0
1,30,883,373,2,0,1,99000,0,201,2022,8,16,16,55,12,5,0,18,30,2,1,1,0,7,0,0,0,0,0,0,20,70,0,4,1,65,75,3,61,31,0,1,0,1,0,11,0,10,0,10,0,3,0,2,0,2,0,4,2,35.66741194444444,139.34207750000002,3,3,9999,0,9,0
1,30,884,537,2,0,1,30000,0,209,2022,8,1,4,55,11,4,49,18,45,1,1,1,1,2,9,22,0,0,17,7,30,70,1,2,1,45,45,14,61,31,0,11,0,1,0,11,0,3,0,10,0,2,0,2,0,2,0,4,2,35.57020861111111,139.42877916666666,2,3,9999,0,1,0
1,30,884,553,2,0,1,30000,0,209,2022,8,10,8,10,12,4,56,18,37,1,1,1,1,1,9,22,0,0,18,9,30,70,4,2,1,1,55,51,61,41,0,0,0,0,0,0,0,0,0,10,0,3,0,0,0,0,0,4,2,35.59705527777778,139.46087444444444,4,2,0,0,0,0
1,30,884,556,2,0,1,20000,0,209,2022,7,23,12,45,12,4,42,18,53,1,1,1,14,7,0,0,0,0,4,8,1,70,4,2,1,35,65,52,61,41,0,0,0,0,0,0,0,0,0,20,0,3,0,0,0,0,0,4,2,35.53454444444444,139.47383222222223,7,3,0,0,0,0
1,30,885,186,2,0,1,200,0,212,2022,8,7,16,10,12,4,53,18,40,1,2,1,1,1,9,22,0,0,15,9,30,70,4,1,1,25,75,3,61,31,0,1,0,1,0,11,0,4,0,10,0,3,0,2,0,2,0,4,2,35.679092499999996,139.39694972222222,1,3,9999,0,1,0
1,30,885,189,2,0,1,30000,0,212,2022,8,1,11,10,12,4,49,18,45,1,1,1,14,7,0,0,0,0,2,9,1,1,5,4,1,55,65,14,61,31,0,11,0,1,0,11,0,2,0,40,0,3,0,2,0,2,0,4,2,35.65166305555555,139.39096277777776,2,3,9999,0,9,0
1,30,885,200,2,0,1,21210,0,212,2022,8,26,22,10,22,5,8,18,17,1,2,1,14,7,0,0,0,0,4,9,1,70,4,2,1,55,0,61,0,0,0,0,0,0,0,0,0,0,0,0,0,0,0,0,0,0,0,2,0,35.662955833333335,139.37949444444445,6,3,0,0,0,0