資料区分,都道府県コード,警察署等コード,本票番号,事故内容,死者数,負傷者数,路線コード,地点コード,市区町村コード,発生日時　　年,発生日時　　月,発生日時　　日,発生日時　　時,発生日時　　分,昼夜,日の出時刻　　時,日の出時刻　　分,日の入り時刻　　時,日の入り時刻　　分,天候,地形,路面状態,道路形状,信号機,一時停止規制　標識（当事者A）,一時停止規制　表示（当事者A）,一時停止規制　標識（当事者B）,一時停止規制　表示（当事者B）,車道幅員,道路線形,衝突地点,ゾーン規制,中央分離帯施設等,歩車道区分,事故類型,年齢（当事者A）,年齢（当事者B）,当事者種別（当事者A）,当事者種別（当事者B）,用途別（当事者A）,用途別（当事者B）,車両形状等（当事者A）,車両形状等（当事者B）,オートマチック車（当事者A）,オートマチック車（当事者B）,サポカー（当事者A）,サポカー（当事者B）,速度規制（指定のみ）（当事者A）,速度規制（指定のみ）（当事者B）,車両の衝突部位（当事者A）,車両の衝突部位（当事者B）,車両の損壊程度（当事者A）,車両の損壊程度（当事者B）,エアバッグの装備（当事者A）,エアバッグの装備（当事者B）,サイドエアバッグの装備（当事者A）,サイドエアバッグの装備（当事者B）,人身損傷程度（当事者A）,人身損傷程度（当事者B）,lat,lon,曜日(発生年月日),祝日(発生年月日),認知機能検査経過日数（当事者A）,認知機能検査経過日数（当事者B）,運転練習の方法（当事者A）,運転練習の方法（当事者B）
1,30,886,257,2,0,1,30000,0,207,2022,8,3,12,0,12,4,50,18,44,1,1,1,14,7,0,0,0,0,3,9,1,70,5,4,1,1,0,61,0,0,0,0,0,0,0,0,0,0,0,0,0,0,0,0,0,0,0,2,0,35.7054575,139.38346694444445,4,3,0,0,0,0
1,30,886,266,2,0,1,30810,0,207,2022,8,9,8,10,12,4,55,18,38,1,1,1,1,7,1,22,0,0,12,9,30,70,5,2,1,45,25,3,61,31,0,1,0,1,0,11,0,10,0,10,0,3,0,2,0,2,0,4,2,35.713925555555555,139.35593166666666,3,3,9999,0,9,0
1,30,886,280,2,0,1,30810,0,207,2022,8,18,14,57,12,5,2,18,27,1,1,1,14,7,0,0,0,0,4,9,1,70,4,2,1,55,65,4,61,31,0,1,0,1,0,11,0,3,0,10,0,3,0,2,0,2,0,4,2,35.71666305555556,139.34804194444445,5,3,9999,0,9,0
1,30,887,423,2,0,1,30000,0,202,2022,7,28,15,50,12,4,46,18,49,1,2,1,1,3,9,22,0,0,15,9,30,70,5,2,1,1,55,4,61,31,0,1,0,1,0,11,0,2,0,10,0,4,0,2,0,2,0,4,2,35.72991416666667,139.39934888888888,5,3,9999,0,1,0
1,30,887,424,2,0,1,90000,0,202,2022,8,10,17,45,13,4,56,18,37,1,1,1,14,7,0,0,0,0,2,9,1,70,5,3,1,1,75,51,61,41,0,0,0,0,0,0,0,0,0,10,0,3,0,0,0,0,0,4,2,35.72531305555556,139.42071888888887,4,2,0,0,0,0
1,30,887,428,2,0,1,10520,0,202,2022,8,12,12,56,12,4,57,18,34,2,1,1,1,1,9,22,0,0,12,9,30,70,4,2,1,65,75,3,61,31,0,1,0,1,0,11,0,3,0,10,0,3,0,2,0,2,0,4,2,35.70528055555556,139.4190736111111,6,3,9999,0,9,0
1,30,887,434,2,0,1,30000,0,202,2022,6,17,18,0,13,4,25,18,59,1,2,1,14,7,0,0,0,0,2,9,1,70,5,3,1,25,0,61,0,0,0,0,0,0,0,0,0,0,0,0,0,0,0,0,0,0,0,2,0,35.689453611111105,139.42176416666666,6,3,0,0,0,0
1,30,887,435,2,0,1,30000,0,215,2022,8,18,20,40,22,5,2,18,27,1,1,1,1,1,9,22,0,0,11,9,30,70,4,2,1,45,65,3,61,31,0,1,0,1,0,11,0,3,0,10,0,4,0,2,0,2,0,4,2,35.690575277777775,139.4415711111111,5,3,9999,0,5,0
1,30,887,436,2,0,1,30000,0,202,2022,8,19,12,44,12,5,3,18,26,1,1,1,1,1,9,22,0,0,12,9,30,70,4,2,1,65,55,12,61,31,0,11,0,1,0,11,0,2,0,10,0,3,0,2,0,2,0,4,2,35.73265333333334,139.3755436111111,6,3,9999,0,5,0
1,30,887,453,2,0,1,30000,0,202,2022,8,31,17,5,12,5,12,18,10,1,1,1,1,7,9,22,0,0,12,9,30,70,5,2,1,25,1,4,61,31,0,1,0,1,0,11,0,2,0,10,0,3,0,2,0,2,0,4,2,35.733758611111114,139.36828861111113,4,3,9999,0,1,0
1,30,887,455,2,0,1,30000,0,202,2022,8,1,14,40,12,4,49,18,45,1,1,1,1,3,9,22,0,0,15,9,30,70,4,3,1,65,35,17,61,1,0,11,0,1,0,11,0,3,0,10,0,3,0,2,0,2,0,4,2,35.70177166666667,139.39459277777777,2,3,9999,0,9,0
1,30,888,162,2,0,1,10270,0,206,2022,8,11,5,33,11,4,57,18,35,1,1,1,14,7,0,0,0,0,2,9,1,70,5,3,1,35,25,3,61,31,0,1,0,1,0,11,0,2,0,10,0,3,0,2,0,2,0,4,2,35.67719944444444,139.51443722222223,5,1,9999,0,5,0
1,30,888,165,2,0,1,30000,0,206,2022,6,26,16,25,12,4,27,19,1,1,1,1,14,7,0,0,0,0,1,9,1,70,5,2,1,45,45,51,61,41,0,0,0,0,0,0,0,0,0,10,0,3,0,0,0,0,0,4,2,35.68076416666666,139.45902444444442,1,3,0,0,0,0
1,30,888,166,2,0,1,30000,0,206,2022,8,15,15,5,12,5,0,18,31,1,1,1,14,7,0,0,0,0,2,9,1,70,5,2,1,1,45,3,61,31,0,1,0,1,0,11,0,3,0,80,0,1,0,2,0,2,0,4,2,35.67099777777778,139.46567472222222,2,3,9999,0,1,0
1,30,888,173,2,0,1,10500,0,206,2022,8,22,19,53,22,5,5,18,22,1,1,1,1,7,9,22,0,0,12,9,30,70,4,1,1,55,55,3,61,31,0,1,0,1,0,11,0,3,0,10,0,4,0,2,0,2,0,4,2,35.67708416666667,139.47380055555556,2,3,9999,0,9,0
1,30,889,193,2,0,1,10560,0,210,2022,8,18,11,40,12,5,2,18,27,2,1,1,14,7,0,0,0,0,3,9,1,70,4,2,1,55,25,14,61,1,0,11,0,1,0,11,0,3,0,10,0,3,0,2,0,2,0,4,2,35.69413944444444,139.50486194444446,5,3,9999,0,9,0
1,30,889,202,2,0,1,30000,0,210,2022,8,26,5,50,11,5,8,18,17,2,1,1,1,1,9,22,0,0,15,9,30,70,4,2,1,25,45,17,61,1,0,11,0,2,0,11,0,10,0,10,0,4,0,2,0,2,0,4,2,35.70129194444445,139.50526861111112,6,3,9999,0,1,0
1,30,890,204,2,0,1,30000,0,229,2022,8,9,19,40,22,4,55,18,38,1,1,1,14,7,0,0,0,0,2,9,1,70,5,3,1,45,45,51,61,41,0,0,0,0,0,0,0,0,0,10,0,4,0,0,0,0,0,4,2,35.73192388888889,139.5615527777778,3,3,0,0,0,0
1,30,890,215,2,0,1,20000,0,222,2022,8,18,19,40,22,5,2,18,27,1,1,1,1,1,9,22,0,0,15,9,30,70,4,1,1,45,65,3,61,31,0,1,0,1,0,11,0,3,0,10,0,3,0,2,0,2,0,4,2,35.762543055555554,139.53975972222221,5,3,9999,0,9,0
1,30,890,220,2,0,1,20000,0,229,2022,8,5,7,0,12,4,52,18,42,2,1,1,7,7,0,0,0,0,2,9,1,70,4,2,1,1,45,51,61,41,0,0,0,0,0,0,0,0,0,10,0,3,0,0,0,0,0,4,2,35.74673,139.54285638888888,6,3,0,0,0,0
1,30,890,221,2,0,1,30000,0,229,2022,8,17,11,45,12,5,1,18,28,1,1,1,1,7,9,22,0,0,12,9,30,70,5,4,1,65,35,3,61,31,0,1,0,1,0,11,0,1,0,10,0,3,0,2,0,2,0,4,2,35.73644027777778,139.52474222222224,4,3,9999,0,9,0
1,30,890,224,2,0,1,95000,0,222,2022,8,28,12,12,12,5,10,18,14,3,1,2,1,1,9,22,0,0,12,9,30,70,4,1,1,25,65,3,61,31,0,1,0,1,0,11,0,3,0,10,0,3,0,2,0,2,0,4,2,35.755536666666664,139.49822749999998,1,3,9999,0,1,0
1,30,890,227,2,0,1,95000,0,229,2022,8,27,16,35,12,5,9,18,16,1,1,1,0,7,0,0,0,0,0,0,20,70,0,4,1,55,75,3,61,31,0,1,0,1,0,11,0,10,0,30,0,3,0,2,0,2,0,4,2,35.74368138888889,139.53648916666666,7,3,9999,0,9,0
1,30,891,222,2,0,1,30000,0,213,2022,8,10,10,0,12,4,56,18,37,1,3,1,14,7,0,0,0,0,3,9,1,70,5,3,1,75,1,4,61,31,0,1,0,1,0,11,0,2,0,10,0,3,0,2,0,2,0,4,4,35.77780083333333,139.49490916666664,4,2,0,0,0,0
1,30,891,227,2,0,1,30000,0,221,2022,8,12,21,22,22,4,57,18,34,3,1,2,14,7,0,0,0,0,3,9,1,70,5,4,1,25,45,14,61,31,0,11,0,2,0,11,0,5,0,10,0,3,0,2,0,2,0,4,2,35.77158333333333,139.5205038888889,6,3,0,0,0,0
1,30,891,242,2,0,1,30000,0,213,2022,8,22,20,45,22,5,5,18,22,1,1,1,1,7,1,21,0,0,12,9,30,70,4,3,1,45,1,3,61,31,0,1,0,1,0,11,0,1,0,80,0,4,0,2,0,2,0,4,2,35.76201888888889,139.46519305555555,2,3,9999,0,5,0
1,30,892,235,2,0,1,30000,0,203,2022,8,10,11,0,12,4,56,18,37,1,1,1,7,7,0,0,0,0,1,9,1,70,4,1,1,75,75,3,61,31,0,1,0,1,0,11,0,3,0,20,0,3,0,2,0,2,0,4,2,35.70082,139.54321222222222,4,2,546,0,9,0
1,30,892,246,2,0,1,30000,0,203,2022,8,12,22,5,22,4,57,18,34,2,1,1,14,7,0,0,0,0,2,9,1,70,5,4,1,45,45,35,61,31,0,0,0,0,0,11,0,5,0,10,0,4,0,0,0,0,0,4,2,35.70373472222222,139.58334833333333,6,3,9999,0,5,0
1,30,893,214,2,0,1,95000,0,204,2022,8,5,8,20,12,4,52,18,42,2,1,1,1,1,9,22,0,0,14,9,30,70,4,3,1,35,35,3,61,31,0,1,0,1,0,11,0,3,0,20,0,4,0,2,0,2,0,4,2,35.68786083333333,139.56122583333334,6,3,9999,0,1,0
1,30,893,221,2,0,1,30000,0,204,2022,8,18,16,57,12,5,2,18,27,1,1,1,1,7,9,22,0,0,15,9,30,70,5,2,1,45,65,1,61,1,0,1,0,1,0,11,0,10,0,10,0,3,0,2,0,2,0,4,2,35.70206777777778,139.5602663888889,5,3,9999,0,1,0
1,30,893,222,2,0,1,30000,0,204,2022,8,17,8,25,12,5,1,18,28,3,1,2,14,7,0,0,0,0,2,9,1,70,5,3,1,45,35,3,61,31,0,1,0,1,0,11,0,10,0,40,0,4,0,2,0,2,0,4,2,35.69604611111111,139.56182694444445,4,3,9999,0,9,0
1,30,893,228,2,0,1,20910,0,204,2022,8,28,13,15,12,5,10,18,14,3,1,2,14,1,0,0,0,0,3,9,1,70,4,2,1,75,45,13,61,31,0,11,0,1,0,11,0,3,0,30,0,4,0,2,0,2,0,4,2,35.671414999999996,139.53841083333333,1,3,348,0,9,0
1,30,894,347,2,0,1,10620,0,219,2022,8,5,7,35,12,4,52,18,42,2,1,1,1,7,9,22,0,0,12,9,30,70,5,2,1,25,75,3,61,31,0,1,0,1,0,11,0,3,0,10,0,3,0,2,0,2,0,4,2,35.63238583333333,139.58070166666667,6,3,9999,0,1,0
1,30,894,349,2,0,1,10620,0,219,2022,8,6,10,55,12,4,53,18,41,2,1,1,1,7,1,21,0,0,12,9,30,70,4,2,1,55,75,3,61,31,0,1,0,1,0,11,0,10,0,10,0,3,0,2,0,2,0,4,2,35.639627222222224,139.57179944444445,7,3,9999,0,9,0
1,30,894,352,2,0,1,30840,0,208,2022,8,10,20,15,22,4,56,18,37,1,1,1,14,7,0,0,0,0,4,9,1,70,4,2,1,1,25,51,61,41,0,0,0,0,0,0,0,0,0,10,0,3,0,0,0,0,0,4,2,35.65246833333333,139.56901027777778,4,2,0,0,0,0
1,30,894,353,2,0,1,30000,0,208,2022,8,10,21,20,22,4,56,18,37,1,1,1,1,1,9,22,0,0,15,9,30,70,4,2,1,55,65,3,61,31,0,1,0,1,0,11,0,2,0,10,0,3,0,2,0,2,0,4,2,35.643904722222224,139.5388152777778,4,2,9999,0,9,0
1,30,894,383,2,0,1,30000,0,208,2022,8,31,15,20,12,5,12,18,10,1,1,1,1,7,1,21,0,0,12,9,30,70,5,2,1,25,75,51,61,41,0,0,0,0,0,0,0,0,0,10,0,3,0,0,0,0,0,4,2,35.65866944444444,139.5215063888889,4,3,0,0,0,0
1,30,895,121,2,0,1,10240,0,211,2022,7,23,18,5,13,4,42,18,53,1,1,1,14,7,0,0,0,0,3,9,1,70,4,2,1,55,1,3,61,31,0,1,0,1,0,11,0,3,0,80,0,3,0,2,0,2,0,4,2,35.73294861111111,139.4367286111111,7,3,9999,0,9,0
1,30,897,2,2,0,1,30000,0,364,2022,8,13,16,50,12,4,58,18,33,3,2,2,1,7,9,22,0,0,11,9,30,70,5,4,1,75,1,14,61,31,0,11,0,2,0,11,0,1,0,20,0,4,0,2,0,2,0,4,2,34.203902500000005,139.13484583333332,7,3,614,0,9,0
1,30,100,127,2,0,1,30000,0,101,2022,9,1,16,45,12,5,13,18,9,2,1,1,14,7,0,0,0,0,3,9,1,70,5,2,1,25,75,3,61,1,0,1,0,1,0,11,0,2,0,80,0,4,0,2,0,2,0,4,2,35.6700425,139.74820194444442,5,3,9999,0,1,0
1,30,101,103,2,0,1,10020,0,101,2022,9,2,4,43,23,5,14,18,7,2,1,1,1,1,9,22,0,0,19,9,30,70,1,2,1,25,65,31,61,31,0,0,0,0,0,11,0,10,0,10,0,2,0,0,0,0,0,4,2,35.67346638888888,139.7619225,6,3,9999,0,1,0
1,30,101,106,2,0,1,30000,0,101,2022,9,20,19,25,22,5,27,17,41,3,1,2,14,7,0,0,0,0,3,9,1,70,5,2,1,45,55,51,61,41,0,0,0,0,0,0,0,0,0,10,0,4,0,0,0,0,0,4,2,35.676555,139.76166777777777,3,3,0,0,0,0
1,30,102,81,2,0,1,20000,0,101,2022,9,8,15,30,12,5,18,17,59,2,1,1,1,1,9,22,0,0,19,9,30,70,4,1,1,35,75,51,61,41,0,0,0,0,0,0,0,0,0,10,0,4,0,0,0,0,0,4,2,35.69329305555555,139.76752583333334,5,3,0,0,0,0
1,30,102,85,2,0,1,30000,0,101,2022,9,19,5,2,23,5,26,17,43,2,1,2,1,1,9,22,0,0,15,9,30,1,4,1,1,65,75,3,61,1,0,1,0,1,0,11,0,1,0,10,0,3,0,2,0,2,0,4,2,35.70240277777778,139.75179222222224,2,1,9999,0,9,0
1,30,102,87,2,0,2,30000,0,101,2022,9,16,10,35,12,5,24,17,47,1,1,1,1,7,9,22,0,0,15,9,30,1,5,2,1,1,1,51,61,41,0,0,0,0,0,0,0,0,0,10,0,4,0,0,0,0,0,4,2,35.700588611111115,139.75476055555555,6,3,0,0,0,0
1,30,103,100,2,0,1,30000,0,101,2022,9,7,9,35,12,5,17,18,0,2,1,1,1,1,9,22,0,0,19,9,30,70,4,2,1,45,1,31,61,31,0,0,0,0,0,11,0,3,0,10,0,4,0,0,0,0,0,4,2,35.69436972222222,139.77993166666667,4,3,9999,0,9,0
1,30,103,103,2,0,1,30000,0,101,2022,9,28,18,20,21,5,33,17,30,1,1,1,14,7,0,0,0,0,3,9,1,70,5,3,1,25,35,3,61,31,0,1,0,1,0,11,0,1,0,10,0,4,0,2,0,2,0,4,2,35.698629999999994,139.7709,4,3,9999,0,1,0
1,30,104,178,2,0,1,95000,0,102,2022,9,13,9,15,12,5,22,17,52,1,1,1,7,7,0,0,0,0,3,9,1,70,5,3,1,75,25,3,61,31,0,1,0,1,0,11,0,5,0,40,0,3,0,2,0,2,0,4,2,35.69074361111111,139.78196722222225,3,3,487,0,9,0
1,30,104,180,2,0,1,20020,0,102,2022,9,14,16,40,12,5,23,17,50,1,1,1,1,7,9,22,0,0,11,9,30,70,4,2,1,1,35,13,61,31,0,11,0,1,0,11,0,4,0,40,0,3,0,2,0,2,0,4,2,35.67479722222222,139.78051666666667,4,3,9999,0,1,0
1,30,104,190,2,0,1,95000,0,102,2022,9,29,14,0,12,5,34,17,28,2,1,1,0,7,0,0,0,0,0,0,20,70,0,4,1,65,55,3,61,31,0,1,0,1,0,11,0,10,0,20,0,3,0,2,0,2,0,4,2,35.68510111111111,139.7734238888889,5,3,9999,0,9,0
1,30,106,128,2,0,1,30000,0,102,2022,9,3,12,55,12,5,14,18,6,1,1,1,7,1,0,0,0,0,3,9,1,70,5,2,1,55,75,14,61,31,0,11,0,1,0,11,0,4,0,10,0,3,0,2,0,2,0,4,2,35.67151861111111,139.7623325,7,3,9999,0,9,0
1,30,106,131,2,0,1,30000,0,102,2022,9,7,10,35,12,5,17,18,0,2,1,2,1,7,4,21,0,0,15,9,30,70,5,2,1,45,35,13,61,31,0,11,0,1,0,11,0,2,0,10,0,3,0,2,0,2,0,4,2,35.668103888888886,139.76300138888888,4,3,9999,0,5,0
1,30,106,133,2,0,1,30000,0,102,2022,9,7,23,30,22,5,17,18,0,3,1,2,1,1,9,22,0,0,18,9,30,70,1,2,1,45,75,3,61,31,0,1,0,1,0,11,0,1,0,50,0,3,0,2,0,2,0,4,2,35.668164999999995,139.75981833333333,4,3,9999,0,1,0
1,30,106,134,2,0,1,30000,0,102,2022,9,15,19,46,22,5,23,17,49,1,1,1,14,7,0,0,0,0,3,9,1,70,5,3,1,1,25,13,61,31,0,11,0,1,0,11,0,1,0,40,0,3,0,2,0,2,0,4,2,35.66987944444444,139.7628511111111,5,3,9999,0,1,0
1,30,106,135,2,0,1,30000,0,102,2022,9,24,18,4,21,5,30,17,35,3,1,2,1,1,9,22,0,0,18,9,30,70,1,2,1,65,25,3,61,1,0,1,0,1,0,11,0,5,0,20,0,4,0,2,0,2,0,4,2,35.668596944444445,139.76626611111112,7,3,9999,0,9,0
1,30,106,136,2,0,1,20090,0,102,2022,9,26,18,40,22,5,32,17,33,1,1,1,1,1,9,22,0,0,15,9,30,70,4,1,1,55,35,35,61,31,0,0,0,0,0,11,0,5,0,10,0,3,0,0,0,0,0,4,2,35.674260555555556,139.76516083333334,2,3,9999,0,9,0
1,30,107,93,2,0,1,10020,0,102,2022,7,16,0,2,22,4,37,18,57,2,1,2,1,1,0,0,0,0,12,7,30,70,1,2,1,1,0,61,0,0,0,0,0,0,0,0,0,0,0,0,0,0,0,0,0,0,0,2,0,35.660353055555554,139.77693000000002,7,3,0,0,0,0
1,30,108,146,2,0,1,20030,0,103,2022,6,6,13,42,12,4,25,18,54,3,1,2,1,1,9,22,0,0,16,9,30,70,1,2,1,45,45,3,61,31,0,1,0,1,0,11,0,4,0,10,0,3,0,2,0,2,0,4,2,35.658771944444446,139.75056722222223,2,3,9999,0,5,0
1,30,108,150,2,0,1,20000,0,103,2022,8,17,14,35,12,5,1,18,28,2,1,1,1,7,9,22,0,0,15,9,30,70,5,1,1,35,1,3,61,1,0,1,0,1,0,11,0,5,0,10,0,4,0,2,0,2,0,4,2,35.6528075,139.76166666666666,4,3,9999,0,1,0
1,30,108,153,2,0,1,30000,0,103,2022,9,7,19,40,22,5,17,18,0,3,1,2,7,1,0,0,0,0,2,9,1,70,4,2,1,55,55,3,61,1,0,1,0,1,0,11,0,3,0,81,0,3,0,2,0,2,0,4,2,35.65640722222222,139.75815472222223,4,3,9999,0,5,0
1,30,108,161,2,0,1,30000,0,103,2022,9,29,10,52,12,5,34,17,28,1,1,1,14,7,0,0,0,0,3,9,1,70,4,1,1,45,55,14,61,31,0,11,0,1,0,11,0,10,0,20,0,3,0,2,0,2,0,4,2,35.66856138888889,139.74635388888888,5,3,9999,0,1,0
1,30,109,116,2,0,1,20000,0,103,2022,9,5,19,0,21,5,16,18,3,1,1,1,1,7,1,21,0,0,13,9,30,70,4,2,1,45,45,14,61,31,0,11,0,1,0,11,0,2,0,40,0,3,0,2,0,2,0,4,2,35.64240638888889,139.74623777777776,2,3,9999,0,9,0
1,30,109,118,2,0,1,10,0,103,2022,8,29,18,0,13,5,11,18,13,3,1,2,7,7,0,0,0,0,6,9,1,70,1,2,1,65,55,51,61,41,0,0,0,0,0,0,0,0,0,0,0,4,0,0,0,0,0,4,2,35.651786666666666,139.7448925,2,3,0,0,0,0
1,30,109,121,2,0,1,20030,0,103,2022,9,12,20,15,22,5,21,17,53,3,1,2,1,1,9,22,0,0,16,9,30,70,4,1,1,55,25,3,61,1,0,1,0,1,0,11,0,4,0,10,0,3,0,2,0,2,0,4,2,35.652750555555556,139.74979833333333,2,3,9999,0,9,0
1,30,110,102,2,0,1,30000,0,103,2022,8,28,19,20,22,5,10,18,14,2,1,1,14,7,0,0,0,0,3,9,1,70,4,1,1,1,55,5,61,31,0,1,0,1,0,11,0,10,0,10,0,4,0,2,0,2,0,4,2,35.62990666666667,139.74689222222221,1,3,9999,0,5,0
1,30,110,111,2,0,1,150,63,103,2022,9,15,20,30,22,5,23,17,49,1,1,1,1,1,9,22,0,0,16,9,30,70,1,1,1,25,25,51,61,41,0,0,0,0,0,0,0,0,0,10,0,4,0,0,0,0,0,4,2,35.63739666666667,139.7394636111111,5,3,0,0,0,0
1,30,110,113,2,0,1,10080,0,103,2022,9,26,18,24,21,5,32,17,33,1,1,1,14,7,0,0,0,0,3,9,1,70,1,2,1,1,25,51,61,41,0,0,0,0,0,0,0,0,0,10,0,4,0,0,0,0,0,4,2,35.6350625,139.72031305555555,2,3,0,0,0,0
1,30,110,116,2,0,1,150,75,103,2022,9,30,9,51,12,5,35,17,27,1,1,1,14,1,0,0,0,0,6,9,1,70,1,2,1,25,45,51,61,41,0,0,0,0,0,0,0,0,0,40,0,4,0,0,0,0,0,4,2,35.62661361111111,139.73763333333332,6,3,0,0,0,0
1,30,111,208,2,0,2,30000,0,103,2022,9,1,8,25,12,5,13,18,9,3,1,2,1,7,9,22,0,0,11,2,30,70,4,1,1,45,55,51,61,41,0,0,0,0,0,0,0,0,0,40,0,3,0,0,0,0,0,2,2,35.65101472222222,139.72358222222223,5,3,0,0,0,0
1,30,111,221,2,0,1,10,51,103,2022,8,29,12,22,12,5,11,18,13,1,1,1,14,7,0,0,0,0,4,9,1,70,1,1,1,1,55,3,61,31,0,1,0,1,0,11,0,10,0,60,0,3,0,2,0,2,0,4,2,35.66059722222222,139.74336388888887,2,3,9999,0,1,0
1,30,111,226,2,0,1,30000,0,103,2022,9,30,8,40,12,5,35,17,27,1,1,1,14,7,0,0,0,0,2,9,1,70,4,2,1,65,25,51,61,41,0,0,0,0,0,0,0,0,0,10,0,4,0,0,0,0,0,2,4,35.657245833333334,139.74359222222222,6,3,0,0,0,0
1,30,112,163,2,0,1,20090,0,103,2022,9,4,20,46,22,5,15,18,5,1,1,1,1,1,9,22,0,0,19,9,30,70,5,2,1,45,45,32,61,31,0,0,0,0,0,11,0,10,0,10,0,2,0,0,0,0,0,4,2,35.67091833333333,139.74316555555555,1,3,9999,0,9,0
1,30,112,164,2,0,1,2460,21,103,2022,9,6,10,13,12,5,17,18,2,1,1,1,7,7,0,0,0,0,2,7,1,70,1,2,1,35,45,51,61,41,0,0,0,0,0,0,0,0,0,10,0,3,0,0,0,0,0,4,2,35.673021388888884,139.7242236111111,3,3,0,0,0,0
1,30,112,167,2,0,1,20150,0,103,2022,9,10,14,0,12,5,20,17,56,1,1,1,1,7,9,22,0,0,14,9,30,70,4,1,1,25,45,3,61,31,0,1,0,1,0,11,0,3,0,10,0,3,0,2,0,2,0,4,2,35.673136666666664,139.73827722222222,7,3,9999,0,1,0
1,30,112,169,2,0,1,30000,0,103,2022,9,21,0,10,22,5,28,17,40,3,1,2,14,7,0,0,0,0,1,9,1,70,5,2,1,45,25,3,61,1,0,1,0,1,0,11,0,1,0,10,0,4,0,2,0,2,0,4,2,35.675041944444445,139.73612944444443,4,3,9999,0,9,0
1,30,112,171,2,0,1,30000,0,103,2022,9,22,9,55,12,5,29,17,38,1,1,1,14,7,0,0,0,0,2,8,1,70,5,2,1,45,25,13,61,31,0,11,0,1,0,11,0,1,0,10,0,3,0,2,0,2,0,4,2,35.67078222222222,139.72844361111112,5,2,9999,0,1,0
1,30,112,172,2,0,1,30000,0,103,2022,9,24,18,41,22,5,30,17,35,2,1,2,12,7,0,0,0,0,2,9,1,1,5,3,1,55,55,3,61,1,0,1,0,1,0,11,0,2,0,40,0,4,0,2,0,2,0,4,2,35.674416388888886,139.73623777777777,7,3,9999,0,9,0
1,30,113,270,2,0,1,20000,0,108,2022,9,24,15,35,12,5,30,17,35,2,1,1,14,7,0,0,0,0,4,9,1,70,4,2,1,65,35,51,61,41,0,0,0,0,0,0,0,0,0,40,0,3,0,0,0,0,0,2,4,35.642015,139.80034472222223,7,3,0,0,0,0
1,30,113,272,2,0,1,30000,0,108,2022,9,22,18,25,21,5,29,17,38,3,1,2,1,1,9,22,0,0,15,9,30,70,1,2,1,35,45,3,61,31,0,1,0,1,0,11,0,3,0,10,0,3,0,2,0,2,0,4,2,35.64561666666667,139.83630666666667,5,2,9999,0,1,0
1,30,113,277,2,0,1,30000,0,111,2022,9,17,17,17,13,5,25,17,46,2,1,1,14,7,0,0,0,0,2,9,1,70,5,2,1,65,55,3,61,31,0,1,0,1,0,11,0,10,0,20,0,4,0,2,0,2,0,4,2,35.579684444444446,139.78465416666666,7,3,9999,0,9,0
1,30,215,117,2,0,1,30000,0,109,2022,9,25,11,20,12,5,31,17,34,1,1,1,14,7,0,0,0,0,3,9,1,70,4,1,1,55,45,51,61,41,0,0,0,0,0,0,0,0,0,10,0,3,0,0,0,0,0,4,2,35.608515555555556,139.7375808333333,1,3,0,0,0,0
1,30,218,212,2,0,1,10,115,109,2021,12,16,14,45,12,6,44,16,29,1,1,1,1,7,0,0,0,0,17,9,30,70,1,3,1,1,0,61,0,0,0,0,0,0,0,0,0,0,0,0,0,0,0,0,0,0,0,2,0,35.61398777777778,139.71629555555555,5,3,0,0,0,0
1,30,218,215,2,0,1,10,114,109,2022,6,28,9,20,12,4,28,19,1,1,1,1,14,7,0,0,0,0,4,9,1,70,1,2,1,25,0,61,0,0,0,0,0,0,0,0,0,0,0,0,0,0,0,0,0,0,0,2,0,35.61485527777778,139.71661777777777,3,3,0,0,0,0
1,30,218,221,2,0,1,30000,0,109,2022,9,7,9,55,12,5,17,18,0,1,1,1,1,7,9,22,0,0,11,9,30,70,5,3,1,55,45,17,61,31,0,11,0,1,0,11,0,5,0,14,0,3,0,2,0,2,0,4,2,35.61566833333333,139.70594666666665,4,3,9999,0,9,0
1,30,218,234,2,0,1,30000,0,109,2022,9,30,7,5,12,5,35,17,27,1,1,1,1,7,1,21,0,0,11,9,30,70,5,3,1,1,75,17,61,31,0,11,0,2,0,11,0,2,0,80,0,4,0,2,0,2,0,4,2,35.62081694444444,139.7069672222222,6,3,9999,0,1,0
1,30,219,301,2,0,1,30000,0,111,2022,9,14,8,50,12,5,23,17,50,1,1,1,14,7,0,0,0,0,2,9,1,70,5,4,1,65,25,4,61,31,0,1,0,1,0,11,0,5,0,20,0,3,0,2,0,2,0,4,2,35.58645138888889,139.72682583333332,4,3,9999,0,9,0
1,30,220,164,2,0,1,99000,0,111,2022,9,3,10,25,12,5,14,18,6,2,1,1,0,7,0,0,0,0,0,0,20,70,0,4,1,55,25,51,61,41,0,0,0,0,0,0,0,0,0,10,0,3,0,0,0,0,0,4,2,35.57519833333334,139.67484888888887,7,3,0,0,0,0
1,30,220,181,2,0,1,30000,0,111,2022,9,28,14,25,12,5,33,17,30,1,1,1,14,7,0,0,0,0,3,9,1,70,5,3,1,35,1,36,61,31,0,0,0,0,0,11,0,2,0,10,0,3,0,0,0,0,0,4,2,35.586955833333334,139.69241027777778,4,3,9999,0,5,0