資料区分,都道府県コード,警察署等コード,本票番号,事故内容,死者数,負傷者数,路線コード,地点コード,市区町村コード,発生日時　　年,発生日時　　月,発生日時　　日,発生日時　　時,発生日時　　分,昼夜,日の出時刻　　時,日の出時刻　　分,日の入り時刻　　時,日の入り時刻　　分,天候,地形,路面状態,道路形状,信号機,一時停止規制　標識（当事者A）,一時停止規制　表示（当事者A）,一時停止規制　標識（当事者B）,一時停止規制　表示（当事者B）,車道幅員,道路線形,衝突地点,ゾーン規制,中央分離帯施設等,歩車道区分,事故類型,年齢（当事者A）,年齢（当事者B）,当事者種別（当事者A）,当事者種別（当事者B）,用途別（当事者A）,用途別（当事者B）,車両形状等（当事者A）,車両形状等（当事者B）,オートマチック車（当事者A）,オートマチック車（当事者B）,サポカー（当事者A）,サポカー（当事者B）,速度規制（指定のみ）（当事者A）,速度規制（指定のみ）（当事者B）,車両の衝突部位（当事者A）,車両の衝突部位（当事者B）,車両の損壊程度（当事者A）,車両の損壊程度（当事者B）,エアバッグの装備（当事者A）,エアバッグの装備（当事者B）,サイドエアバッグの装備（当事者A）,サイドエアバッグの装備（当事者B）,人身損傷程度（当事者A）,人身損傷程度（当事者B）,lat,lon,曜日(発生年月日),祝日(発生年月日),認知機能検査経過日数（当事者A）,認知機能検査経過日数（当事者B）,運転練習の方法（当事者A）,運転練習の方法（当事者B）
1,30,221,247,2,0,1,30000,0,111,2022,9,4,10,24,12,5,15,18,5,1,1,1,14,7,0,0,0,0,2,9,1,70,5,3,1,35,45,51,61,41,0,0,0,0,0,0,0,0,0,10,0,3,0,0,0,0,0,4,2,35.54857361111111,139.7141686111111,1,3,0,0,0,0
1,30,221,252,2,0,1,30000,0,111,2022,9,12,18,11,21,5,21,17,53,2,1,1,14,7,0,0,0,0,2,9,1,70,5,3,1,45,65,51,61,41,0,0,0,0,0,0,0,0,0,10,0,3,0,0,0,0,0,4,2,35.55560055555555,139.73624194444443,2,3,0,0,0,0
1,30,221,264,2,0,1,95000,0,111,2022,9,29,3,9,22,5,34,17,28,1,1,2,14,7,0,0,0,0,3,9,1,70,5,3,1,65,25,14,61,31,0,11,0,1,0,11,0,10,0,80,0,3,0,2,0,2,0,4,2,35.56025777777778,139.7249786111111,5,3,9999,0,9,0
1,30,221,266,2,0,1,30000,0,111,2022,9,26,7,53,12,5,32,17,33,1,1,1,14,7,0,0,0,0,2,9,1,70,5,3,1,1,0,61,0,0,0,0,0,0,0,0,0,0,0,0,0,0,0,0,0,0,0,2,0,35.564254166666665,139.70870277777777,2,3,0,0,0,0
1,30,222,240,2,0,1,10130,0,111,2022,9,11,11,15,12,5,20,17,55,2,1,1,1,1,9,22,0,0,14,9,30,70,1,1,1,45,1,3,61,31,0,1,0,1,0,11,0,4,0,40,0,3,0,2,0,2,0,4,2,35.59523,139.71214055555555,1,3,9999,0,5,0
1,30,223,15,2,0,1,90000,0,111,2022,7,4,23,0,22,4,30,19,1,1,1,1,13,7,0,0,0,0,2,3,1,70,5,1,1,55,45,3,61,1,0,1,0,1,0,11,0,1,0,10,0,4,0,2,0,2,0,4,2,35.54884055555555,139.7851677777778,2,3,9999,0,9,0
1,30,325,164,2,0,1,30000,0,112,2022,9,20,16,13,12,5,27,17,41,2,1,1,7,7,0,0,0,0,2,9,1,70,5,4,1,65,35,3,61,31,0,1,0,1,0,11,0,5,0,40,0,4,0,2,0,2,0,4,2,35.63432777777778,139.66405916666668,3,3,9999,0,9,0
1,30,325,165,2,0,1,21020,0,112,2022,9,23,15,20,12,5,29,17,37,2,1,2,14,7,0,0,0,0,3,9,1,70,4,2,1,25,1,3,61,1,0,1,0,1,0,11,0,3,0,40,0,4,0,2,0,2,0,4,2,35.642963611111114,139.68024749999998,6,1,9999,0,1,0
1,30,325,171,2,0,1,30000,0,112,2022,8,7,11,45,12,4,53,18,40,1,1,1,14,7,0,0,0,0,3,7,1,70,5,3,1,55,55,3,61,31,0,1,0,1,0,11,0,2,0,40,0,3,0,2,0,2,0,4,2,35.64628805555556,139.656215,1,3,9999,0,9,0
1,30,326,284,2,0,1,30000,0,112,2021,1,9,14,11,12,6,51,16,45,1,1,1,14,7,0,0,0,0,3,9,1,70,5,3,1,55,1,17,61,1,0,11,0,1,0,11,0,2,0,40,0,4,0,2,0,2,0,4,2,35.662570555555554,139.6657625,7,3,9999,0,9,0
1,30,326,288,2,0,1,30000,0,112,2022,8,27,18,50,21,5,9,18,16,1,1,1,1,7,9,22,0,0,11,9,30,70,5,1,1,65,75,51,61,41,0,0,0,0,0,0,0,0,0,10,0,3,0,0,0,0,0,4,2,35.650329166666666,139.63330666666667,7,3,0,0,0,0
1,30,326,292,2,0,1,30000,0,112,2022,9,4,17,15,13,5,15,18,5,1,1,1,13,7,0,0,0,0,1,4,1,70,5,4,1,75,45,3,61,1,0,1,0,1,0,11,0,10,0,40,0,4,0,2,0,2,0,4,2,35.65627055555555,139.66944583333333,1,3,201,0,9,0
1,30,326,296,2,0,1,30000,0,112,2022,9,9,8,47,12,5,19,17,57,2,1,1,1,7,1,21,0,0,11,9,30,70,5,1,1,55,55,3,61,31,0,1,0,1,0,11,0,10,0,10,0,4,0,2,0,2,0,4,2,35.65790916666666,139.66069666666667,6,3,9999,0,9,0
1,30,326,306,2,0,1,30740,0,112,2022,9,19,3,20,22,5,26,17,43,2,1,2,1,1,9,22,0,0,11,9,30,70,5,2,1,25,65,51,61,41,0,0,0,0,0,0,0,0,0,10,0,3,0,0,0,0,0,4,2,35.65383861111111,139.66717138888887,2,1,0,0,0,0
1,30,326,307,2,0,1,30000,0,112,2022,9,19,6,47,12,5,26,17,43,1,1,1,14,7,0,0,0,0,1,9,1,70,5,4,1,55,25,3,61,31,0,1,0,1,0,11,0,10,0,10,0,4,0,2,0,2,0,4,2,35.661993055555556,139.66233888888888,2,1,9999,0,9,0
1,30,326,309,2,0,1,30000,0,112,2022,9,20,12,35,12,5,27,17,41,3,1,2,14,7,0,0,0,0,3,8,1,70,5,1,1,55,45,51,61,41,0,0,0,0,0,0,0,0,0,10,0,3,0,0,0,0,0,4,2,35.65372722222222,139.6468563888889,3,3,0,0,0,0
1,30,326,317,2,0,1,30000,0,112,2022,9,27,18,3,21,5,32,17,31,1,1,1,1,7,1,21,0,0,12,9,30,70,5,3,1,35,1,14,61,1,0,11,0,1,0,11,0,10,0,10,0,3,0,2,0,2,0,4,2,35.655881388888886,139.6583997222222,3,3,9999,0,5,0
1,30,326,318,2,0,1,30000,0,112,2022,9,29,10,50,12,5,34,17,28,2,1,1,7,1,0,0,0,0,2,9,1,70,5,2,1,75,0,61,0,0,0,0,0,0,0,0,0,0,0,0,0,0,0,0,0,0,0,2,0,35.65178472222222,139.63705222222222,5,3,0,0,0,0
1,30,326,326,2,0,1,30000,0,112,2022,9,21,18,15,21,5,28,17,40,2,1,1,14,7,0,0,0,0,2,9,1,70,5,4,1,1,45,51,61,41,0,0,0,0,0,0,0,0,0,10,0,4,0,0,0,0,0,4,2,35.666423888888886,139.64685055555555,4,3,0,0,0,0
1,30,327,335,2,0,1,30000,0,112,2022,9,10,13,43,12,5,20,17,56,1,1,1,1,7,9,22,0,0,11,9,30,70,5,3,1,45,45,3,61,1,0,1,0,1,0,11,0,5,0,60,0,3,0,2,0,2,0,4,2,35.61000611111111,139.66203833333333,7,3,9999,0,9,0
1,30,327,342,2,0,1,10200,0,112,2022,9,15,19,20,22,5,23,17,49,2,1,1,14,7,0,0,0,0,1,9,1,70,1,2,1,35,1,3,61,31,0,1,0,1,0,11,0,5,0,10,0,3,0,2,0,2,0,4,2,35.60282138888889,139.65477944444444,5,3,9999,0,1,0
1,30,327,352,2,0,1,30000,0,112,2022,9,23,12,10,12,5,29,17,37,2,1,1,14,7,0,0,0,0,2,9,1,70,5,3,1,55,1,4,61,31,0,1,0,1,0,11,0,2,0,10,0,3,0,2,0,2,0,4,2,35.60281222222223,139.66065500000002,6,1,9999,0,9,0
1,30,327,353,2,0,1,30000,0,112,2022,9,24,15,27,12,5,30,17,35,3,1,2,14,7,0,0,0,0,1,9,1,70,5,2,1,75,45,51,61,41,0,0,0,0,0,0,0,0,0,10,0,4,0,0,0,0,0,4,2,35.63181388888889,139.64564444444443,7,3,0,0,0,0
1,30,327,357,2,0,1,30000,0,112,2022,9,25,19,50,22,5,31,17,34,1,1,1,1,1,9,22,0,0,15,9,30,70,4,2,1,35,25,3,61,31,0,1,0,1,0,11,0,3,0,10,0,3,0,2,0,2,0,4,2,35.61060194444445,139.65927055555557,1,3,9999,0,5,0
1,30,327,361,2,0,1,30000,0,112,2022,9,20,14,55,12,5,27,17,41,3,1,1,1,7,1,21,0,0,14,9,30,70,4,3,1,65,55,4,61,31,0,1,0,1,0,11,0,2,0,10,0,3,0,2,0,2,0,4,2,35.606362222222224,139.67127916666666,3,3,9999,0,9,0
1,30,327,362,2,0,1,30000,0,112,2022,9,20,13,40,12,5,27,17,41,3,1,2,14,7,0,0,0,0,2,9,1,70,5,3,1,45,1,3,61,1,0,1,0,1,0,11,0,5,0,40,0,4,0,2,0,2,0,4,2,35.6058875,139.65647416666667,3,3,9999,0,9,0
1,30,327,363,2,0,1,30000,0,112,2022,8,15,15,35,12,5,0,18,31,1,1,1,1,1,9,22,0,0,15,9,30,70,4,2,1,55,75,3,61,31,0,1,0,1,0,11,0,3,0,10,0,4,0,2,0,2,0,4,2,35.609075000000004,139.64747277777778,2,3,9999,0,9,0
1,30,327,366,2,0,1,95000,0,112,2022,8,5,19,30,21,4,52,18,42,2,1,1,0,7,0,0,0,0,0,0,20,70,0,4,1,1,0,61,0,0,0,0,0,0,0,0,0,0,0,0,0,0,0,0,0,0,0,2,0,35.62405611111111,139.66300722222223,6,3,0,0,0,0
1,30,328,367,2,0,1,30000,0,112,2022,8,29,18,43,21,5,11,18,13,2,1,1,1,7,9,22,0,0,15,8,30,1,4,3,1,55,35,3,61,31,0,1,0,1,0,11,0,2,0,10,0,3,0,2,0,2,0,4,2,35.62493277777778,139.6184863888889,2,3,9999,0,9,0
1,30,328,369,2,0,1,99000,0,112,2022,9,1,16,10,12,5,13,18,9,1,1,1,0,7,0,0,0,0,0,0,20,70,0,4,1,1,1,51,61,41,0,0,0,0,0,0,0,0,0,40,0,4,0,0,0,0,0,4,2,35.65877611111111,139.6326763888889,5,3,0,0,0,0
1,30,328,371,2,0,1,30000,0,112,2022,9,2,16,2,12,5,14,18,7,3,1,2,14,7,0,0,0,0,3,9,1,70,5,1,1,35,75,3,61,31,0,1,0,1,0,11,0,2,0,30,0,3,0,2,0,2,0,4,2,35.64438861111111,139.5925711111111,6,3,9999,0,1,0
1,30,328,400,2,0,1,30000,0,112,2022,9,22,5,50,11,5,29,17,38,1,1,1,1,7,9,22,0,0,14,9,30,70,5,3,1,25,65,51,61,41,0,0,0,0,0,0,0,0,0,10,0,3,0,0,0,0,0,4,2,35.65034305555555,139.60321194444444,5,2,0,0,0,0
1,30,328,401,2,0,1,99000,0,112,2022,7,31,17,5,12,4,48,18,46,1,1,1,0,7,0,0,0,0,0,0,20,70,0,4,1,65,55,3,61,31,0,1,0,1,0,11,0,10,0,30,0,3,0,2,0,2,0,4,2,35.660516944444446,139.60805083333332,1,3,9999,0,9,0
1,30,328,402,2,0,1,10210,0,112,2022,9,23,10,35,12,5,29,17,37,2,1,1,14,7,0,0,0,0,4,9,1,70,4,2,1,1,1,36,61,31,0,0,0,0,0,11,0,2,0,10,0,3,0,0,0,0,0,4,2,35.63484527777778,139.59539111111113,6,1,9999,0,1,0
1,30,328,414,2,0,1,30000,0,112,2022,8,29,19,5,21,5,11,18,13,2,1,1,1,7,1,21,0,0,12,9,30,1,5,3,1,25,25,3,61,31,0,1,0,1,0,11,0,2,0,10,0,3,0,2,0,2,0,4,2,35.63719,139.58789583333333,2,3,9999,0,1,0
1,30,328,415,2,0,1,30000,0,112,2022,9,30,10,55,12,5,35,17,27,1,1,1,1,7,9,22,0,0,11,9,30,70,5,4,1,25,45,35,61,31,0,0,0,0,0,11,0,10,0,10,0,4,0,0,0,0,0,4,2,35.64272222222222,139.60914138888887,6,3,9999,0,1,0
1,30,329,184,2,0,1,30000,0,110,2022,8,2,10,30,12,4,50,18,45,1,1,1,14,7,0,0,0,0,1,8,1,70,5,3,1,35,0,61,0,0,0,0,0,0,0,0,0,0,0,0,0,0,0,0,0,0,0,2,0,35.64751611111111,139.69079555555555,3,3,0,0,0,0
1,30,329,185,2,0,1,10080,0,110,2022,8,28,0,15,22,5,10,18,14,1,1,1,1,1,9,22,0,0,17,8,30,70,4,2,1,25,35,51,61,41,0,0,0,0,0,0,0,0,0,10,0,4,0,0,0,0,0,4,2,35.63410861111111,139.71148055555554,1,3,0,0,0,0
1,30,329,186,2,0,1,30000,0,110,2022,9,1,7,45,12,5,13,18,9,3,1,2,14,7,0,0,0,0,2,9,1,70,5,4,1,55,1,3,61,31,0,1,0,1,0,11,0,10,0,80,0,3,0,2,0,2,0,4,2,35.64434,139.68904083333334,5,3,9999,0,9,0
1,30,329,188,2,0,1,10160,0,110,2022,9,3,12,10,12,5,14,18,6,1,1,1,14,7,0,0,0,0,2,9,1,70,5,1,1,1,75,51,61,41,0,0,0,0,0,0,0,0,0,20,0,4,0,0,0,0,0,4,2,35.6443575,139.69932444444444,7,3,0,0,0,0
1,30,329,193,2,0,1,30000,0,110,2022,9,5,17,47,13,5,16,18,3,1,1,1,14,7,0,0,0,0,2,9,1,70,5,1,1,55,35,3,61,1,0,1,0,1,0,11,0,2,0,40,0,3,0,2,0,2,0,4,2,35.63294972222222,139.70568944444443,2,3,9999,0,9,0
1,30,329,194,2,0,1,10080,0,110,2022,9,5,19,7,22,5,16,18,3,1,1,1,1,1,9,22,0,0,15,9,30,70,4,2,1,25,45,51,61,41,0,0,0,0,0,0,0,0,0,10,0,3,0,0,0,0,0,4,2,35.633563055555555,139.71052638888887,2,3,0,0,0,0
1,30,329,199,2,0,1,30000,0,110,2022,9,10,9,15,12,5,20,17,56,1,1,1,1,7,9,22,0,0,15,9,30,70,4,1,1,35,55,52,61,41,0,0,0,0,0,0,0,0,0,10,0,4,0,0,0,0,0,4,2,35.63333055555555,139.71108944444444,7,3,0,0,0,0
1,30,329,200,2,0,1,30000,0,110,2022,8,5,20,0,22,4,52,18,42,2,1,1,14,7,0,0,0,0,4,9,1,70,4,2,1,35,1,3,61,31,0,1,0,1,0,11,0,3,0,10,0,3,0,2,0,2,0,4,2,35.641983055555556,139.71501944444444,6,3,9999,0,9,0
1,30,329,203,2,0,1,30720,0,110,2022,9,2,8,25,12,5,14,18,7,3,1,2,14,1,0,0,0,0,3,9,1,1,4,3,1,45,55,3,61,31,0,1,0,1,0,11,0,2,0,40,0,3,0,2,0,2,0,4,2,35.636446944444444,139.68689972222222,6,3,9999,0,5,0
1,30,329,208,2,0,1,20000,0,110,2022,9,25,12,30,12,5,31,17,34,1,1,1,14,7,0,0,0,0,3,9,1,70,5,3,1,65,65,3,61,31,0,1,0,1,0,11,0,1,0,40,0,3,0,2,0,2,0,4,2,35.63079583333333,139.70108472222222,1,3,9999,0,9,0
1,30,330,254,2,0,1,30000,0,110,2022,9,5,17,50,13,5,16,18,3,2,1,2,14,7,0,0,0,0,1,9,1,70,5,3,1,75,45,3,61,31,0,1,0,1,0,11,0,2,0,40,0,4,0,2,0,2,0,4,2,35.61869,139.67469194444445,2,3,437,0,9,0
1,30,330,259,2,0,1,30000,0,110,2022,9,12,8,30,12,5,21,17,53,1,1,1,14,7,0,0,0,0,3,9,1,70,5,3,1,65,35,3,61,31,0,1,0,1,0,11,0,1,0,40,0,3,0,2,0,2,0,4,2,35.624251111111114,139.68221083333333,2,3,9999,0,9,0
1,30,330,261,2,0,1,30000,0,110,2022,7,3,11,42,12,4,30,19,1,1,1,1,14,7,0,0,0,0,1,9,1,70,5,4,1,65,1,35,61,31,0,0,0,0,0,11,0,5,0,10,0,4,0,0,0,0,0,4,2,35.6076375,139.66765027777777,1,3,9999,0,9,0
1,30,330,265,2,0,1,30000,0,110,2022,9,10,17,35,13,5,20,17,56,1,1,1,14,7,0,0,0,0,1,9,1,70,5,3,1,55,45,3,61,31,0,1,0,1,0,11,0,2,0,40,0,4,0,2,0,2,0,4,2,35.62963888888889,139.68347777777777,7,3,9999,0,5,0
1,30,330,271,2,0,1,30000,0,110,2022,9,14,17,9,13,5,23,17,50,1,1,1,14,7,0,0,0,0,2,7,1,70,5,3,1,55,75,3,61,1,0,1,0,1,0,11,0,1,0,10,0,3,0,2,0,2,0,4,2,35.614113055555556,139.6637613888889,4,3,9999,0,1,0
1,30,330,273,2,0,1,30000,0,110,2022,9,19,17,0,13,5,26,17,43,2,1,2,1,7,1,22,0,0,15,9,30,1,1,3,1,45,35,3,61,31,0,1,0,1,0,11,0,2,0,10,0,4,0,2,0,2,0,4,2,35.61788555555555,139.69008416666668,2,1,9999,0,9,0
1,30,330,287,2,0,1,10080,0,110,2022,9,30,20,35,22,5,35,17,27,1,1,1,1,1,9,22,0,0,16,9,30,70,5,2,1,1,35,14,61,1,0,11,0,1,0,11,0,4,0,10,0,2,0,2,0,2,0,4,2,35.628343055555554,139.69444083333335,6,3,9999,0,1,0
1,30,331,232,2,0,1,30000,0,113,2022,8,31,21,15,22,5,12,18,10,1,1,1,13,7,0,0,0,0,2,3,1,70,5,3,1,65,35,3,61,1,0,1,0,1,0,11,0,2,0,10,0,3,0,2,0,2,0,4,2,35.6645,139.69384,4,3,9999,0,9,0
1,30,331,239,2,0,1,30000,0,113,2022,9,7,10,43,12,5,17,18,0,2,1,1,1,7,1,22,0,0,12,9,30,70,4,1,1,65,25,13,61,31,0,11,0,1,0,11,0,2,0,20,0,4,0,2,0,2,0,4,2,35.65670305555555,139.7035613888889,4,3,9999,0,9,0
1,30,331,240,2,0,1,30000,0,113,2022,9,12,21,35,22,5,21,17,53,3,1,2,14,7,0,0,0,0,2,9,1,70,5,3,1,55,65,12,61,31,0,11,0,1,0,11,0,10,0,20,0,4,0,2,0,2,0,4,2,35.64680944444444,139.71224277777776,2,3,9999,0,9,0
1,30,331,241,2,0,1,30000,0,113,2022,9,14,12,8,12,5,23,17,50,1,1,1,1,7,9,22,0,0,14,9,30,70,5,2,1,75,25,14,61,31,0,11,0,1,0,11,0,10,0,10,0,3,0,2,0,2,0,4,2,35.649764166666664,139.7053686111111,4,3,29,0,9,0
1,30,331,242,2,0,1,10650,0,110,2022,9,15,11,55,12,5,23,17,49,2,1,1,14,7,0,0,0,0,4,9,1,70,4,2,1,35,65,13,61,31,0,11,0,1,0,11,0,4,0,30,0,3,0,2,0,2,0,4,2,35.65271722222222,139.69458583333335,5,3,9999,0,5,0
1,30,331,246,2,0,1,30000,0,113,2022,9,3,10,4,12,5,14,18,6,1,1,1,1,8,9,22,0,0,16,9,30,70,4,2,1,45,55,51,61,41,0,0,0,0,0,0,0,0,0,10,0,4,0,0,0,0,0,4,2,35.660491388888886,139.69674555555557,7,3,0,0,0,0
1,30,331,247,2,0,1,30000,0,113,2022,3,11,9,32,12,5,58,17,45,1,1,1,1,1,0,0,0,0,19,8,30,70,4,1,1,35,0,61,0,0,0,0,0,0,0,0,0,0,0,0,0,0,0,0,0,0,0,2,0,35.663576666666664,139.70121805555556,6,3,0,0,0,0
1,30,331,249,2,0,1,30220,0,113,2022,9,20,17,35,13,5,27,17,41,3,1,2,14,7,0,0,0,0,3,9,1,70,4,2,1,75,1,3,61,1,0,1,0,1,0,11,0,3,0,10,0,4,0,2,0,2,0,4,2,35.65805583333333,139.69141555555555,3,3,245,0,9,0
1,30,331,254,2,0,1,30000,0,113,2022,9,10,16,11,12,5,20,17,56,1,1,1,14,7,0,0,0,0,2,9,1,70,5,3,1,45,35,3,61,31,0,1,0,1,0,11,0,5,0,20,0,4,0,2,0,2,0,4,2,35.66002722222222,139.70371749999998,7,3,9999,0,4,0
1,30,331,255,2,0,1,30000,0,113,2022,9,19,21,9,22,5,26,17,43,2,1,1,1,7,1,21,0,0,16,9,30,70,5,4,1,1,25,13,61,31,0,11,0,1,0,11,0,5,0,30,0,4,0,2,0,2,0,4,2,35.65834361111111,139.6955075,2,1,9999,0,1,0
1,30,331,256,2,0,1,30000,0,113,2022,9,28,10,45,12,5,33,17,30,1,1,1,1,7,9,22,0,0,11,8,30,70,5,2,1,1,35,51,61,41,0,0,0,0,0,0,0,0,0,10,0,3,0,0,0,0,0,4,2,35.662435277777774,139.7032233333333,4,3,0,0,0,0
1,30,332,109,2,0,1,30000,0,113,2022,9,14,9,38,12,5,23,17,50,1,1,1,1,1,9,22,0,0,16,7,30,70,5,3,1,1,1,51,61,41,0,0,0,0,0,0,0,0,0,10,0,3,0,0,0,0,0,4,2,35.68233111111111,139.69984,4,3,0,0,0,0
1,30,332,111,2,0,2,30000,0,113,2022,9,20,3,40,22,5,27,17,41,3,1,2,14,7,0,0,0,0,2,9,1,70,5,3,1,45,35,35,61,31,0,0,0,0,0,11,0,5,0,10,0,3,0,0,0,0,0,4,2,35.68362083333333,139.70124888888887,3,3,9999,0,9,0
1,30,333,242,2,0,1,99000,0,113,2022,9,16,9,40,12,5,24,17,47,1,1,1,0,7,0,0,0,0,0,0,20,70,0,4,1,25,35,3,61,31,0,1,0,1,0,11,0,10,0,58,0,3,0,2,0,2,0,4,2,35.6765325,139.7030947222222,6,3,9999,0,1,0
1,30,435,161,2,0,1,10090,0,104,2022,8,24,12,45,12,5,7,18,20,1,1,1,14,1,0,0,0,0,5,9,1,70,4,2,1,1,45,51,61,41,0,0,0,0,0,0,0,0,0,10,0,3,0,0,0,0,0,4,2,35.70496333333334,139.7085708333333,4,3,0,0,0,0
1,30,435,165,2,0,1,20290,0,104,2022,9,12,9,12,12,5,21,17,53,1,1,1,1,1,9,22,0,0,12,9,30,70,4,2,1,35,55,13,61,1,0,11,0,1,0,11,0,3,0,0,0,4,0,2,0,2,0,4,2,35.699709166666665,139.72356277777777,2,3,9999,0,1,0
1,30,435,166,2,0,1,30000,0,104,2022,9,12,15,48,12,5,21,17,53,1,1,1,7,7,0,0,0,0,1,9,1,70,5,3,1,35,1,3,61,1,0,1,0,1,0,11,0,1,0,10,0,3,0,2,0,2,0,4,2,35.69768638888888,139.71697527777778,2,3,9999,0,1,0
1,30,435,169,2,0,1,10050,0,104,2022,9,15,11,8,12,5,23,17,49,2,1,3,14,7,0,0,0,0,6,9,1,70,5,1,1,1,45,51,61,41,0,0,0,0,0,0,0,0,0,10,0,3,0,0,0,0,0,4,2,35.69161027777778,139.7267286111111,5,3,0,0,0,0
1,30,435,171,2,0,1,30000,0,104,2022,9,13,9,40,12,5,22,17,52,1,1,1,1,7,9,22,0,0,11,9,30,70,5,3,1,65,25,3,61,31,0,1,0,1,0,11,0,1,0,40,0,3,0,2,0,2,0,4,2,35.701281388888894,139.73123333333334,3,3,9999,0,9,0
1,30,436,155,2,0,1,30000,0,104,2022,9,1,17,45,13,5,13,18,9,3,1,2,14,7,0,0,0,0,3,9,1,70,5,3,1,55,35,3,61,1,0,1,0,1,0,11,0,2,0,30,0,3,0,2,0,2,0,4,2,35.696754166666665,139.70271027777775,5,3,9999,0,9,0
1,30,436,157,2,0,1,30000,0,104,2022,8,31,15,55,12,5,12,18,10,1,1,1,14,7,0,0,0,0,2,9,1,70,4,3,1,45,45,13,61,31,0,11,0,1,0,11,0,2,0,30,0,4,0,2,0,2,0,4,2,35.69493111111111,139.704625,4,3,9999,0,9,0
1,30,436,159,2,0,1,20320,0,104,2022,9,16,17,35,13,5,24,17,47,1,1,1,14,7,0,0,0,0,5,9,1,70,4,2,1,65,45,3,61,31,0,1,0,1,0,11,0,5,0,10,0,3,0,2,0,2,0,4,2,35.685380277777774,139.6898527777778,6,3,9999,0,9,0
1,30,436,167,2,0,1,95000,0,104,2022,9,7,2,30,22,5,17,18,0,1,1,1,1,7,9,22,0,0,15,9,30,70,5,3,1,45,45,12,61,31,0,11,0,1,0,11,0,10,0,40,0,4,0,2,0,2,0,4,2,35.694516666666665,139.7012983333333,4,3,9999,0,9,0
1,30,437,117,2,0,1,30000,0,104,2022,9,16,18,5,21,5,24,17,47,1,1,1,14,7,0,0,0,0,2,9,1,70,5,3,1,35,55,3,61,31,0,1,0,1,0,11,0,1,0,40,0,3,0,2,0,2,0,4,2,35.72203555555556,139.69971555555557,6,3,9999,0,5,0
1,30,437,120,2,0,1,10160,0,104,2022,9,14,17,30,13,5,23,17,50,1,1,1,14,7,0,0,0,0,4,7,1,70,1,2,1,35,75,51,61,41,0,0,0,0,0,0,0,0,0,10,0,4,0,0,0,0,0,4,2,35.720535000000005,139.690845,4,3,0,0,0,0
1,30,437,124,2,0,1,30000,0,104,2022,9,9,10,33,12,5,19,17,57,3,1,2,14,7,0,0,0,0,3,8,1,70,5,4,1,1,55,51,61,41,0,0,0,0,0,0,0,0,0,10,0,3,0,0,0,0,0,4,2,35.71287111111111,139.68423805555557,6,3,0,0,0,0
1,30,437,125,2,0,1,99000,0,104,2022,9,14,7,0,12,5,23,17,50,1,1,1,0,7,0,0,0,0,0,0,20,70,0,4,1,65,35,13,61,31,0,11,0,1,0,11,0,1,0,30,0,3,0,2,0,2,0,4,2,35.716595000000005,139.6949136111111,4,3,9999,0,9,0
1,30,438,152,2,0,1,20120,0,104,2022,8,30,21,49,22,5,11,18,12,3,1,2,1,1,9,22,0,0,19,9,30,70,1,2,1,55,1,3,61,1,0,1,0,1,0,11,0,1,0,80,0,3,0,2,0,2,0,4,2,35.68754305555555,139.71556888888887,3,3,9999,0,9,0
1,30,438,153,2,0,1,30000,0,104,2022,9,1,9,20,12,5,13,18,9,3,1,2,14,7,0,0,0,0,2,9,1,70,5,4,1,35,55,13,61,31,0,11,0,1,0,11,0,10,0,30,0,4,0,2,0,2,0,4,2,35.68899722222222,139.72875611111112,5,3,9999,0,1,0
1,30,438,154,2,0,1,30000,0,113,2022,9,8,18,25,21,5,18,17,59,2,1,1,14,7,0,0,0,0,2,9,1,70,5,3,1,55,45,51,61,41,0,0,0,0,0,0,0,0,0,10,0,3,0,0,0,0,0,4,2,35.68866111111111,139.70235916666667,5,3,0,0,0,0
1,30,438,160,2,0,1,10050,0,104,2022,8,15,22,38,22,5,0,18,31,1,1,1,14,7,0,0,0,0,2,9,1,70,5,4,1,55,35,17,61,1,0,11,0,1,0,11,0,5,0,30,0,4,0,2,0,2,0,4,2,35.69202833333333,139.70765194444442,2,3,9999,0,9,0
1,30,438,164,2,0,1,30000,0,104,2022,9,30,15,25,12,5,35,17,27,1,1,1,1,7,9,22,0,0,11,9,30,70,5,2,1,55,55,13,61,31,0,11,0,1,0,11,0,5,0,40,0,3,0,2,0,2,0,4,2,35.69226527777777,139.70442138888887,6,3,9999,0,9,0
1,30,439,180,2,0,1,90000,0,114,2022,8,30,18,6,13,5,11,18,12,3,1,2,0,7,0,0,0,0,0,0,20,70,0,4,1,1,55,36,61,31,0,0,0,0,0,11,0,10,0,10,0,4,0,0,0,0,0,4,2,35.698767499999995,139.66342194444445,3,3,9999,0,5,0
1,30,439,190,2,0,1,30000,0,114,2022,9,10,17,7,13,5,20,17,56,1,1,1,14,7,0,0,0,0,1,9,1,70,5,4,1,25,0,61,0,0,0,0,0,0,0,0,0,0,0,0,0,0,0,0,0,0,0,2,0,35.70475972222223,139.66274555555557,7,3,0,0,0,0
1,30,439,195,2,0,1,20280,0,114,2022,9,15,19,0,22,5,23,17,49,2,1,1,7,1,0,0,0,0,2,9,1,70,4,1,1,55,75,52,61,41,0,0,0,0,0,0,0,0,0,10,0,3,0,0,0,0,0,2,4,35.70538638888889,139.66532472222224,5,3,0,0,0,0
1,30,440,205,2,0,1,30000,0,114,2022,9,4,5,15,11,5,15,18,5,2,1,1,14,7,0,0,0,0,3,9,1,70,5,3,1,25,35,51,61,41,0,0,0,0,0,0,0,0,0,10,0,3,0,0,0,0,0,4,2,35.72293916666667,139.66271083333334,1,3,0,0,0,0