資料区分,都道府県コード,警察署等コード,本票番号,事故内容,死者数,負傷者数,路線コード,地点コード,市区町村コード,発生日時　　年,発生日時　　月,発生日時　　日,発生日時　　時,発生日時　　分,昼夜,日の出時刻　　時,日の出時刻　　分,日の入り時刻　　時,日の入り時刻　　分,天候,地形,路面状態,道路形状,信号機,一時停止規制　標識（当事者A）,一時停止規制　表示（当事者A）,一時停止規制　標識（当事者B）,一時停止規制　表示（当事者B）,車道幅員,道路線形,衝突地点,ゾーン規制,中央分離帯施設等,歩車道区分,事故類型,年齢（当事者A）,年齢（当事者B）,当事者種別（当事者A）,当事者種別（当事者B）,用途別（当事者A）,用途別（当事者B）,車両形状等（当事者A）,車両形状等（当事者B）,オートマチック車（当事者A）,オートマチック車（当事者B）,サポカー（当事者A）,サポカー（当事者B）,速度規制（指定のみ）（当事者A）,速度規制（指定のみ）（当事者B）,車両の衝突部位（当事者A）,車両の衝突部位（当事者B）,車両の損壊程度（当事者A）,車両の損壊程度（当事者B）,エアバッグの装備（当事者A）,エアバッグの装備（当事者B）,サイドエアバッグの装備（当事者A）,サイドエアバッグの装備（当事者B）,人身損傷程度（当事者A）,人身損傷程度（当事者B）,lat,lon,曜日(発生年月日),祝日(発生年月日),認知機能検査経過日数（当事者A）,認知機能検査経過日数（当事者B）,運転練習の方法（当事者A）,運転練習の方法（当事者B）
1,30,440,208,2,0,1,30000,0,114,2022,9,7,19,0,22,5,17,18,0,3,1,2,1,7,1,21,0,0,15,9,30,70,5,2,1,45,25,3,61,31,0,1,0,1,0,11,0,2,0,50,0,4,0,2,0,2,0,4,2,35.719593333333336,139.65386,4,3,9999,0,1,0
1,30,440,214,2,0,1,20280,0,114,2022,9,14,10,55,12,5,23,17,50,1,1,1,1,1,9,22,0,0,15,9,30,70,4,2,1,35,55,17,61,31,0,11,0,1,0,11,0,3,0,40,0,3,0,2,0,2,0,4,2,35.709946111111115,139.66483,4,3,9999,0,1,0
1,30,440,217,2,0,1,30000,0,114,2022,9,16,20,10,22,5,24,17,47,1,1,1,14,7,0,0,0,0,2,9,1,70,5,3,1,65,35,51,61,41,0,0,0,0,0,0,0,0,0,40,0,4,0,0,0,0,0,4,2,35.719164722222224,139.65178222222224,6,3,0,0,0,0
1,30,440,225,2,0,1,30000,0,114,2022,9,23,19,40,22,5,29,17,37,3,1,2,14,7,0,0,0,0,2,9,1,70,5,4,1,1,1,51,61,41,0,0,0,0,0,0,0,0,0,10,0,3,0,0,0,0,0,4,2,35.722655,139.64310999999998,6,1,0,0,0,0
1,30,440,226,2,0,1,30000,0,114,2022,9,25,9,40,12,5,31,17,34,1,1,1,14,7,0,0,0,0,3,8,1,70,5,3,1,1,45,51,61,41,0,0,0,0,0,0,0,0,0,10,0,3,0,0,0,0,0,4,2,35.71575694444445,139.65857111111112,1,3,0,0,0,0
1,30,440,234,2,0,1,30000,0,114,2022,9,30,15,10,12,5,35,17,27,1,1,1,14,7,0,0,0,0,2,9,1,70,5,4,1,75,55,3,61,31,0,1,0,1,0,11,0,10,0,10,0,4,0,2,0,2,0,4,2,35.734029166666666,139.6302013888889,6,3,350,0,9,0
1,30,441,188,2,0,1,10240,0,115,2022,9,8,12,10,12,5,18,17,59,2,1,1,14,7,0,0,0,0,5,9,1,70,4,2,1,55,25,3,61,31,0,1,0,1,0,11,0,10,0,41,0,3,0,2,0,2,0,4,2,35.69952138888888,139.635235,5,3,9999,0,9,0
1,30,441,189,2,0,1,10240,0,115,2022,9,10,1,30,22,5,20,17,56,2,1,2,1,1,9,22,0,0,15,9,30,70,5,2,1,55,45,3,61,1,0,1,0,1,0,11,0,5,0,80,0,3,0,2,0,2,0,4,2,35.69774722222222,139.64815444444443,7,3,9999,0,9,0
1,30,441,190,2,0,1,30000,0,115,2022,8,30,16,17,12,5,11,18,12,2,1,1,14,7,0,0,0,0,2,9,1,70,5,4,1,65,45,3,61,31,0,1,0,1,0,11,0,1,0,40,0,3,0,2,0,2,0,4,2,35.69650444444444,139.64152027777777,3,3,9999,0,9,0
1,30,441,202,2,0,1,95000,0,115,2022,9,18,16,50,13,5,26,17,44,3,1,2,14,7,0,0,0,0,4,9,1,70,4,2,1,65,35,51,61,41,0,0,0,0,0,0,0,0,0,10,0,3,0,0,0,0,0,4,2,35.70216222222223,139.63625944444445,1,2,0,0,0,0
1,30,441,204,2,0,1,30000,0,115,2022,9,20,21,30,22,5,27,17,41,2,1,1,1,7,9,22,0,0,11,9,30,70,5,3,1,55,1,3,61,1,0,1,0,1,0,11,0,2,0,10,0,3,0,2,0,2,0,4,2,35.70739944444445,139.64986444444443,3,3,9999,0,9,0
1,30,441,208,2,0,1,10130,0,115,2022,9,28,7,45,12,5,33,17,30,1,1,1,1,1,9,22,0,0,19,9,30,70,1,2,1,35,45,13,61,31,0,11,0,1,0,11,0,5,0,40,0,3,0,2,0,2,0,4,2,35.70125638888889,139.65479833333333,4,3,9999,0,5,0
1,30,442,257,2,0,1,30000,0,115,2022,8,25,12,27,12,5,7,18,18,2,1,1,1,7,9,22,0,0,11,9,30,70,5,3,1,55,35,3,61,31,0,1,0,1,0,11,0,2,0,30,0,3,0,2,0,2,0,4,2,35.70258638888889,139.60026472222222,5,3,9999,0,9,0
1,30,442,264,2,0,1,30000,0,115,2022,9,13,18,5,21,5,22,17,52,1,1,1,14,7,0,0,0,0,3,9,1,70,5,3,1,75,25,3,61,31,0,1,0,1,0,11,0,1,0,40,0,4,0,2,0,2,0,4,2,35.68548972222222,139.60812916666666,3,3,46,0,9,0
1,30,442,270,2,0,1,30000,0,115,2022,9,20,20,30,22,5,27,17,41,2,1,2,14,7,0,0,0,0,3,9,1,70,5,3,1,55,75,35,61,31,0,0,0,0,0,11,0,2,0,10,0,4,0,0,0,0,0,4,2,35.67603555555555,139.6576263888889,3,3,9999,0,9,0
1,30,442,275,2,0,1,30000,0,115,2022,9,27,10,48,12,5,32,17,31,1,1,1,1,7,1,21,0,0,12,9,30,70,5,3,1,75,65,3,61,31,0,1,0,1,0,11,0,1,0,10,0,4,0,2,0,2,0,4,2,35.67539138888888,139.65816416666667,3,3,809,0,9,0
1,30,443,142,2,0,1,30000,0,115,2022,9,11,15,26,12,5,20,17,55,1,1,1,1,7,9,22,0,0,11,9,30,70,4,1,1,25,1,3,61,31,0,1,0,1,0,11,0,10,0,50,0,3,0,2,0,2,0,4,2,35.70901972222222,139.60507277777776,1,3,9999,0,1,0
1,30,443,147,2,0,1,10200,0,115,2022,9,20,13,10,12,5,27,17,41,3,1,2,1,1,9,22,0,0,19,9,30,70,5,1,1,55,75,3,61,31,0,1,0,1,0,11,0,10,0,10,0,4,0,2,0,2,0,4,2,35.71920583333333,139.61399138888888,3,3,9999,0,9,0
1,30,443,151,2,0,1,30000,0,115,2022,9,28,2,26,22,5,33,17,30,2,1,1,14,7,0,0,0,0,1,7,1,70,5,1,1,75,45,3,61,1,0,1,0,1,0,11,0,2,0,10,0,4,0,2,0,2,0,4,2,35.70649388888889,139.60366555555555,4,3,161,0,9,0
1,30,546,67,2,0,1,30000,0,105,2022,9,7,8,3,12,5,17,18,0,2,1,1,14,7,0,0,0,0,1,9,1,70,5,4,1,55,45,13,61,31,0,11,0,1,0,11,0,10,0,30,0,4,0,2,0,2,0,4,2,35.713144166666666,139.73226194444445,4,3,9999,0,9,0
1,30,546,71,2,0,1,20380,0,105,2022,9,11,15,15,12,5,20,17,55,1,1,1,1,1,1,21,0,0,16,9,30,70,1,1,1,35,35,51,61,41,0,0,0,0,0,0,0,0,0,10,0,4,0,0,0,0,0,4,2,35.71112638888889,139.73122944444444,1,3,0,0,0,0
1,30,547,96,2,0,1,30000,0,105,2022,9,8,14,45,12,5,18,17,59,2,1,1,1,1,9,22,0,0,14,9,30,70,4,1,1,55,65,14,61,31,0,11,0,1,0,11,0,2,0,10,0,3,0,2,0,2,0,4,2,35.707390555555556,139.77010722222224,5,3,9999,0,9,0
1,30,547,99,2,0,1,10100,0,105,2022,9,16,18,45,21,5,24,17,47,1,1,1,1,1,9,22,0,0,18,9,30,70,5,1,1,65,75,14,61,1,0,11,0,1,0,11,0,10,0,10,0,3,0,2,0,2,0,4,2,35.71121055555556,139.75300388888888,6,3,9999,0,9,0
1,30,547,103,2,0,1,10300,0,105,2022,9,22,10,35,12,5,29,17,38,2,1,1,14,7,0,0,0,0,3,9,1,70,4,1,1,75,25,51,61,41,0,0,0,0,0,0,0,0,0,10,0,3,0,0,0,0,0,4,2,35.71830305555556,139.76581277777777,5,2,0,0,0,0
1,30,547,104,2,0,1,20090,0,105,2022,9,24,19,53,22,5,30,17,35,3,1,2,1,1,9,22,0,0,19,9,30,70,1,1,1,35,55,3,61,31,0,1,0,1,0,11,0,3,0,50,0,3,0,2,0,2,0,4,2,35.70235916666667,139.75565166666667,7,3,9999,0,1,0
1,30,548,66,2,0,1,30000,0,105,2022,9,12,17,10,13,5,21,17,53,1,1,1,7,1,0,0,0,0,4,9,1,70,4,2,1,35,65,1,61,1,0,1,0,1,0,11,0,3,0,0,0,4,0,2,0,2,0,4,2,35.722905555555556,139.75346972222223,2,3,9999,0,5,0
1,30,550,147,2,0,1,30000,0,116,2022,9,2,15,48,12,5,14,18,7,3,1,2,1,7,1,22,0,0,11,9,30,70,4,2,1,35,35,17,61,31,0,11,0,1,0,11,0,2,0,10,0,4,0,2,0,2,0,4,2,35.73307305555556,139.70782416666665,6,3,9999,0,1,0
1,30,550,153,2,0,1,30780,0,116,2022,7,11,0,35,22,4,34,18,59,1,1,1,7,7,0,0,0,0,4,9,1,70,1,2,1,65,75,3,61,1,0,1,0,1,0,11,0,3,0,80,0,3,0,2,0,2,0,4,2,35.73285444444445,139.7016086111111,2,3,9999,0,9,0
1,30,550,155,2,0,1,10090,0,116,2022,8,14,16,55,12,4,59,18,32,1,1,1,1,1,9,22,0,0,19,9,30,70,1,1,1,1,45,51,61,41,0,0,0,0,0,0,0,0,0,10,0,3,0,0,0,0,0,4,2,35.73449166666667,139.71793916666667,1,3,0,0,0,0
1,30,550,156,2,0,1,30000,0,116,2022,8,22,13,30,12,5,5,18,22,1,1,1,14,7,0,0,0,0,2,9,1,1,5,3,1,45,35,3,61,1,0,1,0,1,0,11,0,10,0,20,0,3,0,2,0,2,0,4,2,35.73676555555556,139.72009527777777,2,3,9999,0,1,0
1,30,550,158,2,0,1,30000,0,116,2022,9,2,17,32,13,5,14,18,7,2,1,1,14,7,0,0,0,0,1,9,1,70,5,3,1,55,35,13,61,31,0,11,0,1,0,11,0,10,0,40,0,4,0,2,0,2,0,4,2,35.7359375,139.71968222222222,6,3,9999,0,9,0
1,30,550,160,2,0,1,30000,0,116,2022,9,24,18,57,22,5,30,17,35,3,1,2,1,7,9,22,0,0,15,9,30,70,5,2,1,55,75,3,61,1,0,1,0,1,0,11,0,1,0,20,0,4,0,2,0,2,0,4,2,35.73261611111111,139.70762916666666,7,3,9999,0,9,0
1,30,550,161,2,0,1,30780,0,116,2022,9,25,0,7,22,5,31,17,34,2,1,2,14,7,0,0,0,0,5,9,1,70,4,2,1,75,75,3,61,31,0,1,0,1,0,11,0,1,0,10,0,3,0,2,0,2,0,4,2,35.73289722222223,139.7014886111111,1,3,353,0,9,0
1,30,550,162,2,0,1,30000,0,116,2022,9,25,13,38,12,5,31,17,34,1,1,1,1,7,0,0,0,0,11,9,30,70,5,3,1,25,0,61,0,0,0,0,0,0,0,0,0,0,0,0,0,0,0,0,0,0,0,2,0,35.73495361111111,139.7056275,1,3,0,0,0,0
1,30,550,167,2,0,1,10090,0,116,2022,9,23,19,50,22,5,29,17,37,3,1,2,14,7,0,0,0,0,4,9,1,70,1,1,1,1,35,51,61,41,0,0,0,0,0,0,0,0,0,10,0,3,0,0,0,0,0,4,2,35.73941277777778,139.72307666666666,6,1,0,0,0,0
1,30,551,144,2,0,1,30000,0,116,2022,8,16,13,45,12,5,0,18,30,1,1,1,14,7,0,0,0,0,1,9,1,70,5,3,1,25,35,51,61,41,0,0,0,0,0,0,0,0,0,10,0,3,0,0,0,0,0,4,2,35.740163333333335,139.69481222222223,3,3,0,0,0,0
1,30,553,92,2,0,1,20000,0,117,2022,9,14,17,0,13,5,23,17,50,1,1,1,1,1,9,22,0,0,15,9,30,70,4,2,1,65,75,3,61,1,0,1,0,1,0,11,0,3,0,50,0,3,0,2,0,2,0,4,2,35.763424722222226,139.73004666666668,4,3,9999,0,9,0
1,30,553,95,2,0,1,30000,0,117,2022,9,17,15,15,12,5,25,17,46,2,1,1,7,7,0,0,0,0,3,9,1,70,5,2,1,1,75,51,61,41,0,0,0,0,0,0,0,0,0,40,0,3,0,0,0,0,0,4,2,35.76716888888889,139.73156527777778,7,3,0,0,0,0
1,30,554,191,2,0,1,1220,0,117,2022,9,7,10,50,12,5,17,18,0,2,1,1,14,7,0,0,0,0,1,9,1,70,5,1,1,65,75,51,61,41,0,0,0,0,0,0,0,0,0,40,0,3,0,0,0,0,0,4,2,35.782891944444444,139.72434583333333,4,3,0,0,0,0
1,30,554,194,2,0,1,20000,0,117,2022,9,10,16,55,12,5,20,17,56,1,1,1,14,7,0,0,0,0,4,9,1,70,4,2,1,1,45,51,61,41,0,0,0,0,0,0,0,0,0,10,0,4,0,0,0,0,0,4,2,35.78254361111111,139.7113775,7,3,0,0,0,0
1,30,555,317,2,0,1,30000,0,119,2022,8,10,19,51,22,4,56,18,37,1,1,1,1,1,9,22,0,0,15,9,30,70,5,2,1,45,1,3,61,1,0,1,0,1,0,11,0,3,0,20,0,4,0,2,0,2,0,4,2,35.74729138888889,139.71904833333335,4,2,9999,0,1,0
1,30,555,318,2,0,1,2540,90,119,2022,8,31,7,27,12,5,12,18,10,1,1,1,14,7,0,0,0,0,5,9,1,70,1,2,1,35,25,35,61,31,0,0,0,0,0,11,0,10,0,10,0,3,0,0,0,0,0,4,2,35.756215555555556,139.68638361111113,4,3,9999,0,1,0
1,30,555,320,2,0,1,10130,0,119,2022,9,5,14,11,12,5,16,18,3,1,1,1,1,1,9,22,0,0,19,9,30,70,5,2,1,65,65,3,61,31,0,1,0,1,0,11,0,4,0,10,0,2,0,2,0,2,0,4,2,35.75634055555555,139.6899463888889,2,3,9999,0,1,0
1,30,555,327,2,0,1,170,93,119,2022,9,10,10,22,12,5,20,17,56,1,1,1,14,1,0,0,0,0,4,9,1,70,1,2,1,25,25,14,61,31,0,11,0,1,0,11,0,5,0,10,0,3,0,2,0,2,0,4,2,35.748936111111114,139.71978027777777,7,3,9999,0,1,0
1,30,555,329,2,0,1,30000,0,119,2022,9,2,19,37,22,5,14,18,7,2,1,1,14,7,0,0,0,0,2,9,1,70,5,3,1,25,0,61,0,0,0,0,0,0,0,0,0,0,0,0,0,0,0,0,0,0,0,2,0,35.74844111111111,139.70214222222222,6,3,0,0,0,0
1,30,555,332,2,0,1,30000,0,119,2022,9,9,18,20,21,5,19,17,57,1,1,1,14,7,0,0,0,0,2,9,1,70,5,3,1,35,45,51,61,41,0,0,0,0,0,0,0,0,0,10,0,3,0,0,0,0,0,4,2,35.74928805555555,139.7006888888889,6,3,0,0,0,0
1,30,555,337,2,0,1,30000,0,119,2022,7,7,12,33,12,4,32,19,0,1,1,1,14,7,0,0,0,0,2,9,1,1,5,3,1,45,55,3,61,1,0,1,0,1,0,11,0,2,0,40,0,3,0,2,0,2,0,4,2,35.75409416666667,139.70038138888887,5,3,9999,0,9,0
1,30,555,350,2,0,1,30000,0,119,2022,9,26,14,35,12,5,32,17,33,1,1,1,1,1,9,22,0,0,18,9,30,70,4,2,1,35,1,14,61,31,0,11,0,1,0,11,0,5,0,50,0,3,0,2,0,2,0,4,2,35.75219777777778,139.70818305555554,2,3,9999,0,1,0
1,30,555,357,2,0,1,30000,0,119,2022,9,15,14,45,12,5,23,17,49,1,1,1,14,7,0,0,0,0,1,9,1,70,4,3,1,45,1,3,61,31,0,1,0,1,0,11,0,10,0,10,0,3,0,2,0,2,0,4,2,35.76267055555556,139.67351083333332,5,3,9999,0,9,0
1,30,555,361,2,0,1,10130,0,119,2022,5,16,16,37,12,4,35,18,40,2,1,1,14,7,0,0,0,0,1,9,1,70,5,2,1,35,75,51,61,41,0,0,0,0,0,0,0,0,0,0,0,4,0,0,0,0,0,4,2,35.760979444444445,139.70361194444445,2,3,0,0,0,0
1,30,555,363,2,0,1,30000,0,119,2022,9,22,23,20,22,5,29,17,38,1,1,1,14,7,0,0,0,0,1,9,1,70,5,3,1,65,35,4,61,31,0,1,0,1,0,11,0,2,0,20,0,4,0,2,0,2,0,4,2,35.74895472222222,139.70411694444442,5,2,9999,0,9,0
1,30,556,189,2,0,1,30000,0,119,2022,9,13,18,15,21,5,22,17,52,1,1,1,7,7,0,0,0,0,3,9,1,70,4,2,1,45,1,4,61,31,0,1,0,1,0,11,0,3,0,20,0,3,0,2,0,2,0,4,2,35.772509722222225,139.69715194444444,3,3,9999,0,1,0
1,30,556,196,2,0,1,30000,0,119,2022,9,21,16,15,12,5,28,17,40,2,1,1,14,7,0,0,0,0,2,9,1,1,5,3,1,55,75,3,61,1,0,1,0,1,0,11,0,2,0,70,0,4,0,2,0,2,0,4,2,35.768839444444446,139.6790272222222,4,3,9999,0,9,0
1,30,556,197,2,0,1,30000,0,119,2022,9,21,20,54,22,5,28,17,40,2,1,1,14,7,0,0,0,0,2,9,1,70,5,3,1,25,0,61,0,0,0,0,0,0,0,0,0,0,0,0,0,0,0,0,0,0,0,2,0,35.77137638888889,139.69952666666666,4,3,0,0,0,0
1,30,556,199,2,0,1,170,155,119,2022,9,25,9,0,12,5,31,17,34,1,1,1,14,7,0,0,0,0,5,8,1,70,4,1,1,1,75,51,61,41,0,0,0,0,0,0,0,0,0,10,0,3,0,0,0,0,0,4,2,35.7919925,139.68548055555556,1,3,0,0,0,0
1,30,557,192,2,0,1,30000,0,120,2022,9,2,15,35,12,5,14,18,7,3,1,2,1,7,9,22,0,0,11,9,30,70,5,3,1,1,1,52,61,41,0,0,0,0,0,0,0,0,0,40,0,3,0,0,0,0,0,4,2,35.74656805555556,139.65662833333334,6,3,0,0,0,0
1,30,557,193,2,0,1,30000,0,120,2022,9,3,6,45,12,5,14,18,6,2,1,1,1,7,9,22,0,0,11,9,30,70,5,4,1,55,75,14,61,31,0,11,0,1,0,11,0,10,0,20,0,3,0,2,0,2,0,4,2,35.74527138888889,139.63905416666665,7,3,9999,0,9,0
1,30,557,200,2,0,1,30000,0,120,2022,9,12,8,42,12,5,21,17,53,1,1,1,1,1,1,21,0,0,15,9,30,70,4,2,1,55,75,3,61,31,0,1,0,1,0,11,0,2,0,50,0,3,0,2,0,2,0,4,2,35.75942722222222,139.64934694444443,2,3,9999,0,9,0
1,30,557,207,2,0,1,30000,0,120,2022,9,20,15,54,12,5,27,17,41,2,1,2,1,1,9,22,0,0,15,9,30,70,4,1,1,45,35,3,61,31,0,1,0,1,0,11,0,2,0,10,0,3,0,2,0,2,0,4,2,35.73990083333334,139.65352611111112,3,3,9999,0,9,0
1,30,558,171,2,0,1,10330,0,120,2022,8,26,18,15,13,5,8,18,17,1,1,1,13,7,0,0,0,0,2,3,1,70,4,1,1,45,1,4,61,31,0,1,0,1,0,11,0,3,0,50,0,3,0,2,0,2,0,4,2,35.74901111111111,139.57299361111112,6,3,9999,0,9,0
1,30,558,172,2,0,1,30000,0,120,2022,9,6,7,25,12,5,17,18,2,1,1,1,1,7,1,21,0,0,13,9,30,70,5,3,1,55,45,14,61,31,0,11,0,1,0,11,0,2,0,80,0,4,0,2,0,2,0,4,2,35.75417888888889,139.58424722222225,3,3,9999,0,9,0
1,30,558,174,2,0,1,30000,0,120,2022,9,8,7,30,12,5,18,17,59,3,1,2,14,7,0,0,0,0,2,9,1,70,5,3,1,35,25,35,61,31,0,0,0,0,0,11,0,2,0,10,0,3,0,0,0,0,0,4,2,35.725768888888894,139.58663194444446,5,3,9999,0,1,0
1,30,559,150,2,0,1,30000,0,119,2022,9,1,18,0,13,5,13,18,9,3,1,2,1,7,4,21,0,0,15,8,30,70,5,3,1,65,65,3,61,1,0,1,0,1,0,11,0,2,0,10,0,3,0,2,0,2,0,4,2,35.77152722222222,139.661945,5,3,9999,0,9,0
1,30,560,254,2,0,1,30000,0,120,2022,9,8,16,25,12,5,18,17,59,2,1,1,1,7,9,22,0,0,15,9,30,70,5,3,1,1,65,31,61,31,0,0,0,0,0,11,0,2,0,10,0,2,0,0,0,0,0,4,2,35.757085833333335,139.61475055555556,5,3,9999,0,1,0
1,30,560,257,2,0,1,10010,0,120,2022,8,29,22,35,22,5,11,18,13,1,1,1,1,1,9,22,0,0,16,9,30,70,5,2,1,35,45,3,61,31,0,1,0,1,0,11,0,4,0,10,0,3,0,2,0,2,0,4,2,35.756479722222224,139.6007075,2,3,9999,0,5,0
1,30,660,121,2,0,1,30000,0,106,2022,9,1,10,5,12,5,13,18,9,3,1,2,1,7,1,21,0,0,15,9,30,70,5,1,1,25,45,13,61,31,0,11,0,1,0,11,0,1,0,50,0,4,0,2,0,2,0,4,2,35.70614916666667,139.77797722222223,5,3,9999,0,1,0
1,30,660,122,2,0,1,30000,0,106,2022,9,9,8,35,12,5,19,17,57,2,1,1,14,7,0,0,0,0,3,9,1,70,5,3,1,25,1,14,61,31,0,11,0,1,0,11,0,2,0,60,0,4,0,2,0,2,0,4,2,35.71089083333334,139.7771641666667,6,3,9999,0,1,0
1,30,660,125,2,0,1,10290,0,106,2022,9,19,12,15,12,5,26,17,43,3,1,2,14,7,0,0,0,0,5,9,1,70,4,2,1,25,35,52,61,41,0,0,0,0,0,0,0,0,0,10,0,3,0,0,0,0,0,4,2,35.70241277777778,139.77763222222222,2,1,0,0,0,0
1,30,660,135,2,0,1,20390,0,106,2022,9,29,20,35,22,5,34,17,28,1,1,1,14,7,0,0,0,0,5,9,1,70,4,2,1,35,35,51,61,41,0,0,0,0,0,0,0,0,0,10,0,4,0,0,0,0,0,4,2,35.70798944444445,139.77396444444446,5,3,0,0,0,0
1,30,660,136,2,0,1,30000,0,106,2022,9,26,17,53,21,5,32,17,33,1,1,1,14,7,0,0,0,0,1,9,1,70,5,3,1,1,45,3,61,31,0,1,0,1,0,11,0,10,0,40,0,4,0,2,0,2,0,4,2,35.70339583333334,139.7771138888889,2,3,9999,0,1,0
1,30,661,98,2,0,1,20560,0,106,2022,9,12,8,20,12,5,21,17,53,1,1,1,14,1,0,0,0,0,4,9,1,70,1,2,1,75,1,51,61,41,0,0,0,0,0,0,0,0,0,10,0,4,0,0,0,0,0,4,2,35.72361472222222,139.79120388888887,2,3,0,0,0,0
1,30,662,95,2,0,1,10360,0,106,2022,9,4,11,30,12,5,15,18,5,1,1,1,14,7,0,0,0,0,5,9,1,70,5,2,1,1,0,61,0,0,0,0,0,0,0,0,0,0,0,0,0,0,0,0,0,0,0,2,0,35.715652777777784,139.80236916666667,1,3,0,0,0,0
1,30,663,107,2,0,1,30000,0,106,2022,9,7,17,40,13,5,17,18,0,3,1,2,7,1,0,0,0,0,4,9,1,70,4,2,1,35,45,3,61,31,0,1,0,1,0,11,0,3,0,10,0,4,0,2,0,2,0,4,2,35.70752277777778,139.78803638888888,4,3,9999,0,4,0
1,30,664,60,2,0,1,30000,0,118,2022,9,16,15,57,12,5,24,17,47,1,1,1,7,7,0,0,0,0,1,9,1,70,5,4,1,65,1,3,61,31,0,1,0,1,0,11,0,10,0,10,0,3,0,2,0,2,0,4,2,35.752833333333335,139.75624333333334,6,3,9999,0,9,0
1,30,665,86,2,0,1,30000,0,118,2022,9,5,11,30,12,5,16,18,3,1,1,1,14,7,0,0,0,0,3,9,1,70,4,2,1,65,75,3,61,31,0,1,0,1,0,11,0,2,0,10,0,3,0,2,0,2,0,4,2,35.73714777777778,139.79374277777777,2,3,9999,0,9,0
1,30,665,87,2,0,1,30000,0,118,2022,9,4,13,10,12,5,15,18,5,2,1,1,14,7,0,0,0,0,3,9,1,70,4,2,1,25,45,51,61,41,0,0,0,0,0,0,0,0,0,10,0,3,0,0,0,0,0,4,2,35.730360555555556,139.79268055555556,1,3,0,0,0,0
1,30,665,90,2,0,1,30000,0,118,2022,9,27,18,20,21,5,32,17,31,1,1,1,1,7,9,22,0,0,17,9,30,70,1,2,1,35,45,3,61,31,0,1,0,1,0,11,0,3,0,10,0,3,0,2,0,2,0,4,2,35.734105,139.8003561111111,3,3,9999,0,5,0
1,30,666,77,2,0,1,20000,0,118,2022,8,13,17,46,13,4,58,18,33,3,1,2,1,1,0,0,0,0,11,9,30,70,4,2,1,55,0,61,0,0,0,0,0,0,0,0,0,0,0,0,0,0,0,0,0,0,0,2,0,35.74866361111111,139.78447694444444,7,3,0,0,0,0
1,30,666,79,2,0,1,10090,0,118,2022,9,20,12,37,12,5,27,17,41,3,1,2,1,1,9,22,0,0,19,9,30,70,1,2,1,55,35,3,61,31,0,1,0,1,0,11,0,4,0,10,0,3,0,2,0,2,0,4,2,35.73627861111111,139.77962361111113,3,3,9999,0,9,0
1,30,666,81,2,0,1,30000,0,118,2022,7,29,10,57,12,4,46,18,48,1,1,1,14,1,0,0,0,0,3,9,1,70,5,2,1,55,75,14,61,31,0,11,0,1,0,11,0,1,0,40,0,3,0,2,0,2,0,4,2,35.73206638888889,139.76655555555556,6,3,9999,0,9,0
1,30,666,83,2,0,1,10340,0,118,2022,9,20,20,25,22,5,27,17,41,3,1,2,14,7,0,0,0,0,2,9,1,70,4,2,1,55,1,3,61,1,0,1,0,1,0,11,0,3,0,0,0,4,0,2,0,2,0,4,2,35.74072833333334,139.77919250000002,3,3,9999,0,9,0
1,30,668,395,2,0,1,30000,0,121,2022,9,7,10,50,12,5,17,18,0,2,1,1,1,1,9,22,0,0,16,9,30,70,5,2,1,55,75,3,61,31,0,1,0,1,0,11,0,3,0,10,0,3,0,2,0,2,0,4,2,35.78695166666667,139.7619261111111,4,3,9999,0,9,0
1,30,668,401,2,0,1,99000,0,121,2022,9,11,7,45,12,5,20,17,55,2,1,1,0,7,0,0,0,0,0,0,20,70,0,4,1,1,65,51,61,41,0,0,0,0,0,0,0,0,0,10,0,3,0,0,0,0,0,4,2,35.75682222222222,139.7659625,1,3,0,0,0,0
1,30,668,403,2,0,2,95000,0,121,2022,9,12,6,26,12,5,21,17,53,1,1,1,14,2,0,0,0,0,3,9,1,70,4,2,1,35,65,34,61,31,0,0,0,0,0,11,0,3,0,10,0,2,0,0,0,0,0,2,2,35.75495,139.77486611111112,2,3,9999,0,5,0
1,30,668,408,2,0,1,30000,0,121,2022,9,10,22,10,22,5,20,17,56,1,1,1,14,7,0,0,0,0,3,9,1,70,4,2,1,75,45,3,61,1,0,1,0,1,0,11,0,2,0,10,0,3,0,2,0,2,0,4,2,35.78775722222222,139.78423694444444,7,3,671,0,9,0
1,30,668,419,2,0,1,30000,0,121,2022,9,16,15,30,12,5,24,17,47,1,1,1,14,7,0,0,0,0,2,9,1,70,5,2,1,1,0,61,0,0,0,0,0,0,0,0,0,0,0,0,0,0,0,0,0,0,0,2,0,35.78709027777778,139.77396777777778,6,3,0,0,0,0
1,30,668,424,2,0,1,40,103,121,2022,9,20,5,12,23,5,27,17,41,3,1,2,1,1,9,22,0,0,17,9,30,70,1,1,1,55,65,17,61,1,0,11,0,1,0,11,0,10,0,10,0,3,0,2,0,2,0,4,2,35.768950277777776,139.8034761111111,3,3,9999,0,9,0
1,30,668,430,2,0,1,95000,0,121,2022,8,5,17,15,12,4,52,18,42,1,1,1,0,7,0,0,0,0,0,0,20,70,0,4,1,65,35,14,61,31,0,11,0,1,0,11,0,10,0,30,0,3,0,2,0,2,0,4,2,35.76450861111111,139.7671177777778,6,3,9999,0,9,0