資料区分,都道府県コード,警察署等コード,本票番号,事故内容,死者数,負傷者数,路線コード,地点コード,市区町村コード,発生日時　　年,発生日時　　月,発生日時　　日,発生日時　　時,発生日時　　分,昼夜,日の出時刻　　時,日の出時刻　　分,日の入り時刻　　時,日の入り時刻　　分,天候,地形,路面状態,道路形状,信号機,一時停止規制　標識（当事者A）,一時停止規制　表示（当事者A）,一時停止規制　標識（当事者B）,一時停止規制　表示（当事者B）,車道幅員,道路線形,衝突地点,ゾーン規制,中央分離帯施設等,歩車道区分,事故類型,年齢（当事者A）,年齢（当事者B）,当事者種別（当事者A）,当事者種別（当事者B）,用途別（当事者A）,用途別（当事者B）,車両形状等（当事者A）,車両形状等（当事者B）,オートマチック車（当事者A）,オートマチック車（当事者B）,サポカー（当事者A）,サポカー（当事者B）,速度規制（指定のみ）（当事者A）,速度規制（指定のみ）（当事者B）,車両の衝突部位（当事者A）,車両の衝突部位（当事者B）,車両の損壊程度（当事者A）,車両の損壊程度（当事者B）,エアバッグの装備（当事者A）,エアバッグの装備（当事者B）,サイドエアバッグの装備（当事者A）,サイドエアバッグの装備（当事者B）,人身損傷程度（当事者A）,人身損傷程度（当事者B）,lat,lon,曜日(発生年月日),祝日(発生年月日),認知機能検査経過日数（当事者A）,認知機能検査経過日数（当事者B）,運転練習の方法（当事者A）,運転練習の方法（当事者B）
1,30,668,436,2,0,1,30000,0,121,2022,9,26,21,2,22,5,32,17,33,1,1,1,1,1,9,22,0,0,15,9,30,70,4,2,1,55,65,3,61,31,0,1,0,1,0,11,0,2,0,10,0,3,0,2,0,2,0,4,2,35.78621555555555,139.78199333333333,2,3,9999,0,9,0
1,30,668,446,2,0,1,30960,0,121,2022,8,20,9,40,12,5,4,18,25,2,1,1,1,7,1,21,0,0,12,9,30,70,5,3,1,55,65,4,61,31,0,1,0,1,0,11,0,2,0,10,0,3,0,2,0,2,0,4,2,35.78310944444444,139.7659788888889,7,3,9999,0,9,0
1,30,668,447,2,0,1,30000,0,121,2022,9,29,11,35,12,5,34,17,28,1,1,1,7,7,0,0,0,0,2,9,1,70,5,2,1,35,55,3,61,31,0,1,0,1,0,11,0,2,0,80,0,4,0,2,0,2,0,4,2,35.776113055555555,139.78199916666668,5,3,9999,0,1,0
1,30,669,476,2,0,1,10130,0,121,2022,9,12,14,20,12,5,21,17,53,1,1,1,14,7,0,0,0,0,5,9,1,70,1,1,1,25,65,51,61,41,0,0,0,0,0,0,0,0,0,10,0,4,0,0,0,0,0,4,2,35.77713222222222,139.83688444444445,2,3,0,0,0,0
1,30,669,477,2,0,1,10130,0,121,2022,9,12,16,35,12,5,21,17,53,1,1,1,1,7,1,21,0,0,13,9,30,1,5,1,1,1,25,35,61,31,0,0,0,0,0,11,0,10,0,10,0,4,0,0,0,0,0,4,2,35.77747027777777,139.82972083333334,2,3,9999,0,1,0
1,30,669,488,2,0,1,30000,0,121,2022,9,23,8,45,12,5,29,17,37,2,1,1,14,1,0,0,0,0,3,9,1,70,4,2,1,1,55,51,61,41,0,0,0,0,0,0,0,0,0,10,0,3,0,0,0,0,0,4,2,35.77200833333333,139.85261416666665,6,1,0,0,0,0
1,30,669,499,2,0,1,30000,0,121,2022,9,30,16,5,12,5,35,17,27,1,1,1,1,1,9,22,0,0,15,9,30,70,4,3,1,55,1,3,61,31,0,1,0,1,0,11,0,2,0,10,0,3,0,2,0,2,0,4,2,35.79314861111111,139.836285,6,3,9999,0,9,0
1,30,669,505,2,0,1,30000,0,121,2022,9,29,17,55,21,5,34,17,28,1,1,1,1,7,1,21,0,0,12,9,30,70,5,3,1,55,75,3,61,31,0,1,0,1,0,11,0,1,0,20,0,4,0,2,0,2,0,4,2,35.77045444444445,139.8282375,5,3,9999,0,9,0
1,30,669,507,2,0,1,30000,0,121,2022,9,2,8,10,12,5,14,18,7,3,1,2,14,7,0,0,0,0,3,9,1,70,4,1,1,35,45,51,61,41,0,0,0,0,0,0,0,0,0,40,0,4,0,0,0,0,0,4,2,35.76151361111111,139.82059305555555,6,3,0,0,0,0
1,30,670,263,2,0,1,30000,0,121,2022,9,1,18,42,21,5,13,18,9,3,1,2,1,1,9,22,0,0,12,9,30,70,4,2,1,55,55,3,61,31,0,1,0,1,0,11,0,3,0,40,0,3,0,2,0,2,0,4,2,35.79812722222222,139.80993194444446,5,3,9999,0,9,0
1,30,670,270,2,0,1,30000,0,121,2022,9,8,9,57,12,5,18,17,59,3,1,2,14,7,0,0,0,0,5,9,1,70,4,2,1,1,0,61,0,0,0,0,0,0,0,0,0,0,0,0,0,0,0,0,0,0,0,2,0,35.79480611111111,139.82176333333334,5,3,0,0,0,0
1,30,670,290,2,0,1,30000,0,121,2022,9,26,10,57,12,5,32,17,33,1,1,1,1,7,1,22,0,0,11,9,30,70,5,3,1,35,55,3,61,31,0,1,0,1,0,11,0,2,0,12,0,4,0,2,0,2,0,4,2,35.789515277777774,139.81604222222222,2,3,9999,0,5,0
1,30,670,293,2,0,1,30000,0,121,2022,9,4,4,0,22,5,15,18,5,2,1,1,14,7,0,0,0,0,2,9,1,70,5,2,1,45,35,3,61,1,0,1,0,1,0,11,0,5,0,20,0,4,0,2,0,2,0,4,2,35.79723583333333,139.81017222222223,1,3,9999,0,1,0
1,30,771,352,2,0,2,30000,0,108,2022,9,8,8,33,12,5,18,17,59,2,1,1,14,7,0,0,0,0,2,8,1,70,1,2,1,1,45,51,61,41,0,0,0,0,0,0,0,0,0,10,0,3,0,0,0,0,0,2,2,35.65676055555556,139.79951138888887,5,3,0,0,0,0
1,30,771,364,2,0,1,30000,0,108,2022,9,16,15,24,12,5,24,17,47,1,1,1,7,1,0,0,0,0,3,9,1,1,4,1,1,1,0,61,0,0,0,0,0,0,0,0,0,0,0,0,0,0,0,0,0,0,0,2,0,35.68619277777778,139.81381777777779,6,3,0,0,0,0
1,30,771,367,2,0,3,20690,0,108,2022,9,17,11,0,12,5,25,17,46,1,1,1,14,7,0,0,0,0,6,9,1,70,4,2,1,45,1,31,61,31,0,0,0,0,0,11,0,10,0,10,0,2,0,0,0,0,0,2,2,35.68668083333333,139.8159425,7,3,9999,0,9,0
1,30,771,370,2,0,1,10040,0,108,2022,9,19,18,25,21,5,26,17,43,2,1,1,1,1,9,22,0,0,14,9,30,70,1,2,1,55,35,14,61,1,0,11,0,1,0,11,0,5,0,10,0,3,0,2,0,2,0,4,2,35.66941333333333,139.8028963888889,2,1,9999,0,9,0
1,30,771,387,2,0,1,30000,0,108,2022,9,15,8,54,12,5,23,17,49,2,1,1,14,7,0,0,0,0,4,9,1,70,5,3,1,45,55,14,61,31,0,11,0,1,0,11,0,5,0,20,0,3,0,2,0,2,0,4,2,35.667607777777775,139.79855388888888,5,3,9999,0,9,0
1,30,771,388,2,0,1,10040,0,108,2022,9,9,3,5,22,5,19,17,57,1,1,1,1,7,9,22,0,0,13,9,30,70,1,2,1,55,35,3,61,1,0,1,0,1,0,11,0,4,0,10,0,3,0,2,0,2,0,4,2,35.67179055555555,139.79595666666665,6,3,9999,0,9,0
1,30,772,294,2,0,1,30000,0,108,2022,9,9,16,15,12,5,19,17,57,1,1,1,14,7,0,0,0,0,3,9,1,70,4,2,1,55,1,3,61,1,0,1,0,1,0,11,0,2,0,10,0,3,0,2,0,2,0,4,2,35.698049999999995,139.84309166666668,6,3,9999,0,9,0
1,30,772,307,2,0,1,10350,0,108,2022,8,26,21,20,22,5,8,18,17,1,1,1,14,7,0,0,0,0,4,9,1,70,4,1,1,1,55,51,61,41,0,0,0,0,0,0,0,0,0,10,0,3,0,0,0,0,0,4,2,35.67388666666666,139.83120805555555,6,3,0,0,0,0
1,30,772,318,2,0,1,20540,0,108,2022,8,26,12,30,12,5,8,18,17,1,1,1,14,1,0,0,0,0,5,9,1,70,4,1,1,75,75,51,61,41,0,0,0,0,0,0,0,0,0,10,0,4,0,0,0,0,0,4,2,35.67577555555555,139.83709416666667,6,3,0,0,0,0
1,30,773,200,2,0,1,140,47,107,2022,7,16,5,50,12,4,37,18,57,3,1,2,1,1,9,22,0,0,18,9,30,70,1,2,1,65,65,3,61,31,0,1,0,1,0,11,0,5,0,10,0,3,0,2,0,2,0,4,2,35.69579777777778,139.8166736111111,7,3,9999,0,9,0
1,30,773,203,2,0,1,20680,0,107,2022,9,1,18,56,21,5,13,18,9,3,1,2,1,1,9,22,0,0,19,9,30,70,4,2,1,55,1,14,61,31,0,11,0,1,0,11,0,4,0,10,0,3,0,2,0,2,0,4,2,35.700270555555555,139.79734694444446,5,3,9999,0,9,0
1,30,773,206,2,0,1,30000,0,107,2022,9,5,20,10,22,5,16,18,3,1,1,1,7,7,0,0,0,0,4,9,1,70,5,3,1,45,35,3,61,31,0,1,0,1,0,11,0,5,0,70,0,3,0,2,0,2,0,4,2,35.689008888888885,139.80836444444446,2,3,9999,0,1,0
1,30,773,209,2,0,1,30000,0,107,2022,9,7,8,46,12,5,17,18,0,2,1,1,14,7,0,0,0,0,2,9,1,70,4,2,1,45,1,13,61,31,0,11,0,1,0,11,0,5,0,10,0,3,0,2,0,2,0,4,2,35.6914175,139.81047722222223,4,3,9999,0,9,0
1,30,773,225,2,0,1,30490,0,107,2022,9,19,10,55,12,5,26,17,43,1,1,1,14,7,0,0,0,0,4,9,1,70,5,2,1,65,55,51,61,41,0,0,0,0,0,0,0,0,0,10,0,4,0,0,0,0,0,4,2,35.71293027777778,139.81189972222222,2,1,0,0,0,0
1,30,773,233,2,0,1,30000,0,107,2022,9,16,11,5,12,5,24,17,47,1,1,1,14,7,0,0,0,0,4,9,1,70,4,3,1,45,25,12,61,1,0,11,0,1,0,11,0,10,0,30,0,4,0,2,0,2,0,4,2,35.706610833333336,139.80673861111111,6,3,9999,0,9,0
1,30,774,147,2,0,1,30000,0,107,2022,9,12,8,55,12,5,21,17,53,1,1,1,1,1,9,22,0,0,15,9,30,70,5,1,1,1,25,51,61,41,0,0,0,0,0,0,0,0,0,30,0,4,0,0,0,0,0,4,2,35.71742805555556,139.8185486111111,2,3,0,0,0,0
1,30,774,151,2,0,1,30000,0,107,2022,9,22,7,10,12,5,29,17,38,1,1,1,1,7,6,21,0,0,12,9,30,70,5,3,1,1,45,51,61,41,0,0,0,0,0,0,0,0,0,10,0,4,0,0,0,0,0,4,2,35.71226388888889,139.82452416666666,5,2,0,0,0,0
1,30,774,156,2,0,1,60,77,107,2022,9,29,15,35,12,5,34,17,28,1,1,1,1,1,9,22,0,0,12,9,30,70,4,1,1,25,1,13,61,1,0,11,0,1,0,11,0,3,0,80,0,3,0,2,0,2,0,4,2,35.73041083333334,139.8270922222222,5,3,9999,0,2,0
1,30,775,243,2,0,1,30000,0,122,2022,9,2,16,5,12,5,14,18,7,3,1,2,14,7,0,0,0,0,3,9,1,70,4,1,1,55,1,31,61,31,0,0,0,0,0,11,0,2,0,10,0,3,0,0,0,0,0,4,2,35.76446472222222,139.84523972222223,6,3,9999,0,9,0
1,30,775,256,2,0,1,30000,0,122,2022,9,1,15,48,12,5,13,18,9,2,1,1,1,7,1,21,0,0,14,9,30,70,5,3,1,55,1,3,61,31,0,1,0,1,0,11,0,2,0,10,0,3,0,2,0,2,0,4,2,35.77923777777778,139.85836361111112,5,3,9999,0,9,0
1,30,775,260,2,0,1,30000,0,122,2022,8,26,13,20,12,5,8,18,17,1,1,1,14,7,0,0,0,0,3,9,1,70,5,1,1,35,1,13,61,31,0,11,0,1,0,11,0,10,0,10,0,4,0,2,0,2,0,4,2,35.7643675,139.85360416666666,6,3,9999,0,5,0
1,30,775,272,2,0,1,30000,0,122,2022,9,1,18,35,21,5,13,18,9,3,1,2,14,7,0,0,0,0,2,9,1,70,5,3,1,65,65,35,61,31,0,0,0,0,0,11,0,2,0,40,0,3,0,0,0,0,0,4,2,35.74795805555556,139.83598805555556,5,3,9999,0,9,0
1,30,775,273,2,0,1,30000,0,122,2022,9,17,13,43,12,5,25,17,46,1,1,1,1,1,9,22,0,0,14,9,30,70,5,2,1,45,45,14,61,1,0,11,0,1,0,11,0,2,0,10,0,3,0,2,0,2,0,4,2,35.74653,139.84365694444446,7,3,9999,0,1,0
1,30,775,276,2,0,1,30000,0,122,2022,9,21,13,5,12,5,28,17,40,1,1,1,14,7,0,0,0,0,2,9,1,70,5,4,1,65,0,61,0,0,0,0,0,0,0,0,0,0,0,0,0,0,0,0,0,0,0,2,0,35.76655916666667,139.8466263888889,4,3,0,0,0,0
1,30,776,297,2,0,1,30000,0,122,2022,9,13,9,24,12,5,22,17,52,2,1,1,14,7,0,0,0,0,2,9,1,70,5,3,1,45,55,13,61,31,0,11,0,1,0,11,0,10,0,10,0,4,0,2,0,2,0,4,2,35.724002500000005,139.8577425,3,3,9999,0,9,0
1,30,776,309,2,0,1,10380,0,122,2022,9,11,13,55,12,5,20,17,55,1,1,1,1,7,9,22,0,0,11,9,30,70,5,2,1,35,55,3,61,31,0,1,0,1,0,11,0,2,0,20,0,3,0,2,0,2,0,4,2,35.74384694444444,139.88161555555556,1,3,9999,0,1,0
1,30,777,550,2,0,1,30000,0,123,2022,9,12,9,43,12,5,21,17,53,1,1,1,7,1,0,0,0,0,2,9,1,70,5,2,1,45,75,13,61,31,0,11,0,1,0,11,0,4,0,10,0,3,0,2,0,2,0,4,2,35.69047361111111,139.88404138888887,2,3,9999,0,1,0
1,30,777,557,2,0,1,99000,0,123,2022,9,6,9,55,12,5,17,18,2,1,1,1,0,7,0,0,0,0,0,0,20,70,0,4,1,65,75,51,61,41,0,0,0,0,0,0,0,0,0,40,0,3,0,0,0,0,0,4,2,35.709070833333335,139.84930083333333,3,3,0,0,0,0
1,30,777,563,2,0,1,30000,0,123,2022,9,7,19,30,22,5,17,18,0,3,1,2,1,7,9,22,0,0,11,9,30,70,1,1,1,35,55,4,61,31,0,1,0,1,0,11,0,5,0,50,0,3,0,2,0,2,0,4,2,35.686274999999995,139.88373027777777,4,3,9999,0,1,0
1,30,777,568,2,0,1,30520,0,123,2022,9,19,20,40,22,5,26,17,43,1,1,1,1,1,9,22,0,0,16,7,30,70,4,2,1,45,25,3,61,31,0,1,0,1,0,11,0,2,0,10,0,3,0,2,0,2,0,4,2,35.68546944444444,139.88522583333332,2,1,9999,0,1,0
1,30,777,570,2,0,1,30000,0,123,2022,9,20,9,55,12,5,27,17,41,3,1,2,14,7,0,0,0,0,1,9,1,70,5,4,1,55,75,24,61,0,0,0,0,0,0,11,0,10,0,10,0,3,0,0,0,0,0,4,2,35.6999425,139.8825013888889,3,3,9999,0,9,0
1,30,777,588,2,0,1,30000,0,123,2022,9,28,14,30,12,5,33,17,30,1,1,1,1,7,9,22,0,0,12,9,30,70,5,3,1,25,1,51,61,41,0,0,0,0,0,0,0,0,0,40,0,3,0,0,0,0,0,4,2,35.70964555555556,139.8777161111111,4,3,0,0,0,0
1,30,777,591,2,0,1,30000,0,123,2022,9,29,16,45,13,5,34,17,28,1,1,1,14,7,0,0,0,0,2,9,1,70,4,2,1,25,1,4,61,31,0,1,0,1,0,11,0,1,0,40,0,3,0,2,0,2,0,4,2,35.704321944444445,139.90332722222223,5,3,9999,0,1,0
1,30,778,207,2,0,1,30000,0,123,2022,9,1,19,25,22,5,13,18,9,3,1,2,1,7,9,22,0,0,11,9,30,70,5,2,1,45,25,3,61,31,0,1,0,1,0,11,0,2,0,10,0,3,0,2,0,2,0,4,2,35.74538027777778,139.88777944444445,5,3,9999,0,1,0
1,30,778,209,2,0,1,30000,0,123,2022,9,5,8,5,12,5,16,18,3,2,1,1,1,7,9,22,0,0,11,9,30,70,5,2,1,35,1,51,61,41,0,0,0,0,0,0,0,0,0,10,0,3,0,0,0,0,0,4,2,35.72087444444445,139.88496999999998,2,3,0,0,0,0
1,30,778,212,2,0,1,30000,0,123,2022,9,9,17,50,13,5,19,17,57,1,1,1,1,7,9,22,0,0,14,9,30,70,4,2,1,65,35,4,61,31,0,1,0,1,0,11,0,3,0,10,0,2,0,2,0,2,0,4,2,35.70834111111111,139.9032977777778,6,3,9999,0,9,0
1,30,778,217,2,0,1,30000,0,123,2022,9,13,9,2,12,5,22,17,52,2,1,1,14,7,0,0,0,0,2,9,1,70,5,3,1,65,1,3,61,31,0,1,0,1,0,11,0,10,0,10,0,3,0,2,0,2,0,4,2,35.70585694444445,139.89457861111111,3,3,9999,0,9,0
1,30,778,225,2,0,1,30000,0,123,2022,9,7,18,45,21,5,17,18,0,3,1,2,14,7,0,0,0,0,2,9,1,1,5,4,1,65,55,3,61,1,0,1,0,1,0,11,0,2,0,20,0,4,0,2,0,2,0,4,2,35.72500055555556,139.88954555555554,4,3,9999,0,9,0
1,30,778,232,2,0,1,30000,0,123,2022,9,28,10,0,12,5,33,17,30,1,1,1,14,7,0,0,0,0,1,9,1,70,5,4,1,25,1,14,61,1,0,11,0,1,0,11,0,2,0,40,0,3,0,2,0,2,0,4,2,35.73330666666667,139.8928936111111,4,3,9999,0,5,0
1,30,779,174,2,0,1,30000,0,123,2022,9,8,13,20,12,5,18,17,59,2,1,1,14,7,0,0,0,0,3,9,1,70,4,2,1,45,1,35,61,31,0,0,0,0,0,11,0,2,0,10,0,4,0,0,0,0,0,4,2,35.66166083333333,139.88100555555556,5,3,9999,0,5,0
1,30,779,179,2,0,1,30000,0,123,2022,9,10,14,30,12,5,20,17,56,1,1,1,1,1,9,22,0,0,15,9,30,70,4,2,1,55,25,3,61,31,0,1,0,1,0,11,0,3,0,10,0,4,0,2,0,2,0,4,2,35.661812777777776,139.8780013888889,7,3,9999,0,9,0
1,30,779,187,2,0,1,30000,0,123,2022,9,10,10,32,12,5,20,17,56,1,1,1,7,7,0,0,0,0,3,9,1,70,4,1,1,45,65,3,61,31,0,1,0,1,0,11,0,3,0,10,0,3,0,2,0,2,0,4,2,35.661635833333335,139.87839250000002,7,3,9999,0,1,0
1,30,779,197,2,0,1,30000,0,123,2022,4,16,18,50,21,5,7,18,15,1,1,1,1,7,9,22,0,0,11,9,30,70,5,2,1,55,55,36,61,31,0,0,0,0,0,11,0,2,0,10,0,3,0,0,0,0,0,4,2,35.65760777777778,139.88469805555556,7,3,9999,0,9,0
1,30,779,198,2,0,1,30000,0,123,2022,9,19,21,36,22,5,26,17,43,2,1,1,14,7,0,0,0,0,3,9,1,70,4,4,1,45,55,1,61,1,0,1,0,2,0,11,0,2,0,0,0,4,0,2,0,2,0,4,2,35.670156666666664,139.88368,2,1,9999,0,9,0
1,30,779,199,2,0,1,30000,0,123,2022,9,29,14,40,12,5,34,17,28,2,1,1,14,7,0,0,0,0,3,9,1,70,5,2,1,35,1,13,61,31,0,11,0,1,0,11,0,10,0,20,0,4,0,2,0,2,0,4,2,35.67217833333333,139.87526,5,3,9999,0,1,0
1,30,876,246,2,0,1,10490,0,209,2022,9,16,17,36,13,5,24,17,47,1,2,1,7,1,0,0,0,0,4,9,1,70,4,2,1,65,25,4,61,31,0,1,0,1,0,11,0,3,0,10,0,3,0,2,0,2,0,4,2,35.58903083333333,139.38789527777777,6,3,9999,0,9,0
1,30,876,259,2,0,1,10480,0,201,2022,9,1,15,0,12,5,13,18,9,2,1,1,14,7,0,0,0,0,6,9,1,70,5,2,1,1,35,51,61,41,0,0,0,0,0,0,0,0,0,10,0,3,0,0,0,0,0,4,2,35.62766055555556,139.39678194444443,5,3,0,0,0,0
1,30,877,289,2,0,1,30000,0,201,2022,9,10,16,10,12,5,20,17,56,2,1,1,14,7,0,0,0,0,2,9,1,70,5,4,1,75,1,3,61,31,0,1,0,1,0,11,0,10,0,10,0,3,0,2,0,2,0,4,2,35.66619611111111,139.29297499999998,7,3,9999,0,9,0
1,30,877,297,2,0,1,30000,0,201,2022,9,12,18,10,21,5,21,17,53,1,3,1,1,1,9,22,0,0,15,9,30,70,5,2,1,45,65,3,61,31,0,1,0,1,0,11,0,3,0,80,0,3,0,2,0,2,0,4,2,35.65458611111111,139.29593527777777,2,3,9999,0,1,0
1,30,877,299,2,0,1,30000,0,201,2022,9,23,11,30,12,5,29,17,37,2,1,1,1,7,9,22,0,0,11,9,30,70,5,4,1,45,1,51,61,41,0,0,0,0,0,0,0,0,0,20,0,3,0,0,0,0,0,4,2,35.65320055555556,139.29682555555556,6,1,0,0,0,0
1,30,878,291,2,0,1,21110,0,224,2022,8,26,19,58,22,5,8,18,17,1,1,1,1,1,9,22,0,0,18,9,30,70,1,2,1,25,65,3,61,31,0,1,0,1,0,11,0,10,0,10,0,3,0,2,0,2,0,4,2,35.62837638888889,139.42880777777776,6,3,9999,0,1,0
1,30,878,293,2,0,1,30000,0,225,2022,9,1,15,30,12,5,13,18,9,2,1,1,14,7,0,0,0,0,4,9,1,70,1,2,1,55,1,3,61,31,0,1,0,1,0,11,0,3,0,20,0,3,0,2,0,2,0,4,2,35.62393111111111,139.47828611111112,5,3,9999,0,9,0
1,30,878,297,2,0,1,30000,0,224,2022,9,7,19,30,22,5,17,18,0,3,2,2,1,1,9,22,0,0,19,9,30,70,1,2,1,75,25,4,61,31,0,1,0,1,0,11,0,3,0,10,0,3,0,2,0,2,0,4,2,35.624381944444444,139.4262063888889,4,3,737,0,9,0
1,30,878,298,2,0,1,95000,0,224,2022,9,9,18,26,21,5,19,17,57,2,1,1,1,7,9,22,0,0,15,9,30,70,4,2,1,65,25,4,61,31,0,1,0,1,0,11,0,3,0,10,0,3,0,2,0,2,0,4,2,35.61009527777778,139.43816111111113,6,3,23,0,9,0
1,30,878,301,2,0,1,10510,0,225,2022,9,12,10,25,12,5,21,17,53,1,1,1,1,7,1,22,0,0,12,9,30,70,5,2,1,45,25,3,61,31,0,1,0,1,0,11,0,10,0,40,0,3,0,2,0,2,0,4,2,35.64779194444444,139.48778138888886,2,3,9999,0,5,0
1,30,878,325,2,0,1,20000,0,224,2022,9,30,8,30,12,5,35,17,27,1,1,1,1,1,9,22,0,0,16,9,30,70,1,2,1,1,25,3,61,31,0,1,0,1,0,11,0,4,0,50,0,3,0,2,0,2,0,4,2,35.628969444444444,139.4552311111111,6,3,9999,0,1,0
1,30,879,439,2,0,1,30000,0,223,2022,9,2,9,5,12,5,14,18,7,2,1,1,1,1,9,22,0,0,14,3,30,70,4,1,1,55,45,4,61,31,0,1,0,1,0,11,0,3,0,11,0,3,0,2,0,2,0,4,2,35.743090555555554,139.39246083333333,6,3,9999,0,9,0
1,30,879,452,2,0,1,30000,0,223,2022,9,13,18,30,21,5,22,17,52,2,2,1,14,7,0,0,0,0,2,9,1,70,5,4,1,1,75,51,61,41,0,0,0,0,0,0,0,0,0,10,0,3,0,0,0,0,0,4,2,35.760669722222225,139.3644261111111,3,3,0,0,0,0
1,30,879,460,2,0,1,30000,0,223,2022,9,21,9,48,12,5,28,17,40,2,2,1,1,1,9,22,0,0,15,9,30,70,4,2,1,65,65,14,61,31,0,11,0,1,0,11,0,3,0,20,0,3,0,2,0,2,0,4,2,35.750435,139.36955472222223,4,3,9999,0,9,0
1,30,880,191,2,0,1,30000,0,205,2022,8,24,14,15,12,5,7,18,20,2,2,1,14,7,0,0,0,0,3,9,1,70,4,2,1,55,75,3,61,31,0,1,0,1,0,11,0,3,0,30,0,3,0,2,0,2,0,4,2,35.80059055555555,139.18295555555554,4,3,9999,0,9,0
1,30,880,192,2,0,1,30000,0,205,2022,9,2,9,10,12,5,14,18,7,3,3,2,1,1,9,22,0,0,11,9,30,70,4,2,1,55,65,4,61,31,0,1,0,1,0,11,0,3,0,50,0,3,0,2,0,2,0,4,2,35.784883055555554,139.27293888888892,6,3,9999,0,9,0
1,30,880,204,2,0,1,30000,0,205,2022,9,16,7,25,12,5,24,17,47,1,2,1,1,7,1,21,0,0,11,9,30,70,4,2,1,45,65,17,61,31,0,11,0,2,0,11,0,2,0,50,0,3,0,2,0,2,0,4,2,35.79161444444444,139.2826941666667,6,3,9999,0,9,0
1,30,880,207,2,0,1,30000,0,205,2022,9,16,20,0,22,5,24,17,47,1,1,1,1,1,9,22,0,0,19,9,30,70,1,2,1,25,45,4,61,31,0,1,0,2,0,11,0,3,0,10,0,3,0,2,0,2,0,4,2,35.779783333333334,139.3069291666667,6,3,9999,0,1,0
1,30,880,210,2,0,1,10240,0,205,2022,9,28,10,5,12,5,33,17,30,1,1,1,1,1,9,22,0,0,15,3,30,70,4,2,1,35,75,13,61,31,0,11,0,1,0,11,0,3,0,10,0,3,0,2,0,2,0,4,2,35.79004305555555,139.25275583333334,4,3,9999,0,1,0
1,30,880,213,2,0,1,10240,0,205,2022,6,15,20,45,22,4,25,18,58,1,1,1,14,7,0,0,0,0,6,8,1,70,4,1,1,55,65,51,61,41,0,0,0,0,0,0,0,0,0,10,0,3,0,0,0,0,0,4,2,35.78646555555555,139.27496083333335,4,3,0,0,0,0
1,30,882,313,2,0,1,20000,0,303,2022,9,1,19,30,22,5,13,18,9,3,2,2,1,1,9,21,0,0,19,9,30,70,4,2,1,55,25,3,61,31,0,1,0,1,0,11,0,3,0,10,0,3,0,2,0,2,0,4,2,35.76895361111111,139.34744472222224,5,3,9999,0,9,0
1,30,882,324,2,0,1,30000,0,227,2022,9,14,18,15,21,5,23,17,50,1,1,1,1,7,9,22,0,0,15,9,30,70,4,2,1,65,45,4,61,31,0,1,0,1,0,11,0,2,0,10,0,3,0,2,0,2,0,4,2,35.759121666666665,139.31685833333333,4,3,9999,0,9,0
1,30,882,340,2,0,1,10550,0,218,2022,9,30,18,45,22,5,35,17,27,1,1,1,1,7,9,22,0,0,14,9,30,70,4,2,1,35,55,14,61,31,0,11,0,1,0,11,0,3,0,10,0,3,0,2,0,2,0,4,2,35.72839972222222,139.33469361111113,6,3,9999,0,1,0
1,30,883,387,2,0,1,30000,0,201,2022,9,5,9,15,12,5,16,18,3,1,1,1,1,7,9,22,0,0,14,9,30,70,4,2,1,65,1,4,61,31,0,1,0,1,0,11,0,10,0,10,0,3,0,2,0,2,0,4,2,35.65652305555555,139.34390611111112,2,3,9999,0,9,0
1,30,883,389,2,0,1,30000,0,201,2022,9,6,9,50,12,5,17,18,2,1,1,1,1,1,9,22,0,0,16,9,30,70,4,2,1,1,35,3,61,31,0,1,0,1,0,11,0,1,0,50,0,3,0,2,0,2,0,4,2,35.65757111111111,139.34162,3,3,9999,0,1,0
1,30,883,397,2,0,1,30000,0,201,2022,9,10,12,45,12,5,20,17,56,1,1,1,14,7,0,0,0,0,1,9,1,70,5,2,1,1,75,4,61,31,0,1,0,1,0,11,0,1,0,30,0,4,0,2,0,2,0,4,2,35.664630555555554,139.32113555555554,7,3,9999,0,1,0
1,30,883,398,2,0,1,30000,0,201,2022,9,11,21,5,22,5,20,17,55,1,1,1,14,7,0,0,0,0,3,9,1,70,4,3,1,1,35,3,61,31,0,1,0,1,0,11,0,10,0,40,0,3,0,2,0,2,0,4,2,35.657735555555554,139.33674333333335,1,3,9999,0,5,0
1,30,883,403,2,0,1,30000,0,201,2022,9,14,21,17,22,5,23,17,50,1,1,1,1,7,9,22,0,0,16,9,30,70,4,1,1,45,55,3,61,31,0,1,0,1,0,11,0,3,0,10,0,3,0,2,0,2,0,4,2,35.669061111111105,139.362695,4,3,9999,0,9,0
1,30,883,408,2,0,1,30000,0,201,2022,9,20,16,20,12,5,27,17,41,2,1,1,13,7,0,0,0,0,1,6,1,70,5,2,1,1,55,36,61,31,0,0,0,0,0,11,0,10,0,10,0,3,0,0,0,0,0,4,2,35.67987,139.31165666666666,3,3,9999,0,5,0
1,30,883,410,2,0,1,30000,0,201,2022,9,23,16,15,12,5,29,17,37,3,3,2,14,7,0,0,0,0,2,9,1,70,5,4,1,45,75,36,61,31,0,0,0,0,0,11,0,2,0,10,0,3,0,0,0,0,0,4,2,35.6854775,139.29571305555555,6,1,9999,0,9,0
1,30,883,412,2,0,1,30000,0,201,2022,9,24,10,55,12,5,30,17,35,3,1,2,14,7,0,0,0,0,3,7,1,70,5,4,1,65,65,3,61,31,0,1,0,1,0,11,0,10,0,0,0,4,0,2,0,2,0,4,2,35.66412833333333,139.3574075,7,3,9999,0,9,0