資料区分,都道府県コード,警察署等コード,本票番号,事故内容,死者数,負傷者数,路線コード,地点コード,市区町村コード,発生日時　　年,発生日時　　月,発生日時　　日,発生日時　　時,発生日時　　分,昼夜,日の出時刻　　時,日の出時刻　　分,日の入り時刻　　時,日の入り時刻　　分,天候,地形,路面状態,道路形状,信号機,一時停止規制　標識（当事者A）,一時停止規制　表示（当事者A）,一時停止規制　標識（当事者B）,一時停止規制　表示（当事者B）,車道幅員,道路線形,衝突地点,ゾーン規制,中央分離帯施設等,歩車道区分,事故類型,年齢（当事者A）,年齢（当事者B）,当事者種別（当事者A）,当事者種別（当事者B）,用途別（当事者A）,用途別（当事者B）,車両形状等（当事者A）,車両形状等（当事者B）,オートマチック車（当事者A）,オートマチック車（当事者B）,サポカー（当事者A）,サポカー（当事者B）,速度規制（指定のみ）（当事者A）,速度規制（指定のみ）（当事者B）,車両の衝突部位（当事者A）,車両の衝突部位（当事者B）,車両の損壊程度（当事者A）,車両の損壊程度（当事者B）,エアバッグの装備（当事者A）,エアバッグの装備（当事者B）,サイドエアバッグの装備（当事者A）,サイドエアバッグの装備（当事者B）,人身損傷程度（当事者A）,人身損傷程度（当事者B）,lat,lon,曜日(発生年月日),祝日(発生年月日),認知機能検査経過日数（当事者A）,認知機能検査経過日数（当事者B）,運転練習の方法（当事者A）,運転練習の方法（当事者B）
1,30,883,414,2,0,1,30000,0,201,2022,9,25,10,0,12,5,31,17,34,1,1,1,14,7,0,0,0,0,3,9,1,70,4,1,1,55,65,4,61,31,0,1,0,1,0,11,0,10,0,10,0,3,0,2,0,2,0,4,2,35.656948888888884,139.31248833333333,1,3,9999,0,9,0
1,30,883,416,2,0,1,30000,0,201,2022,9,27,10,3,12,5,32,17,31,1,1,1,1,7,9,22,0,0,14,9,30,70,5,3,1,55,75,3,61,31,0,1,0,1,0,11,0,2,0,40,0,3,0,2,0,2,0,4,2,35.68302861111111,139.25957277777778,3,3,9999,0,9,0
1,30,883,422,2,0,1,30000,0,201,2022,7,31,10,15,12,4,48,18,46,1,1,1,14,7,0,0,0,0,3,9,1,70,4,1,1,25,65,3,61,31,0,1,0,1,0,11,0,3,0,80,0,3,0,2,0,2,0,4,2,35.66569861111111,139.34584777777778,1,3,9999,0,1,0
1,30,883,423,2,0,1,30000,0,201,2022,9,7,20,15,22,5,17,18,0,2,1,1,1,7,1,21,0,0,12,9,30,70,4,3,1,55,45,52,61,41,0,0,0,0,0,0,0,0,0,10,0,3,0,0,0,0,0,4,2,35.652158888888884,139.33594055555557,4,3,0,0,0,0
1,30,884,579,2,0,1,30000,0,209,2022,9,5,11,50,12,5,16,18,3,1,1,1,1,1,9,22,0,0,15,9,30,70,4,2,1,65,65,3,61,1,0,1,0,1,0,11,0,3,0,80,0,3,0,2,0,2,0,4,2,35.602983611111114,139.4680763888889,2,3,9999,0,9,0
1,30,884,591,2,0,1,99000,0,209,2022,9,12,19,53,22,5,21,17,53,2,1,1,0,7,0,0,0,0,0,0,20,70,0,4,1,45,35,3,61,31,0,1,0,1,0,11,0,10,0,40,0,3,0,2,0,2,0,4,2,35.54254361111111,139.46165805555555,2,3,9999,0,1,0
1,30,884,595,2,0,1,30000,0,209,2022,9,14,21,25,22,5,23,17,50,1,1,1,1,8,9,22,0,0,17,9,30,70,4,2,1,55,1,5,61,31,0,1,0,1,0,11,0,2,0,70,0,3,0,2,0,2,0,4,2,35.543440277777776,139.4472252777778,4,3,9999,0,9,0
1,30,884,598,2,0,1,30000,0,209,2022,9,15,18,15,21,5,23,17,49,1,2,1,14,7,0,0,0,0,3,7,1,70,5,3,1,45,1,13,61,31,0,11,0,1,0,11,0,10,0,10,0,3,0,2,0,2,0,4,2,35.598803611111116,139.4641861111111,5,3,9999,0,1,0
1,30,884,604,2,0,2,10490,0,209,2022,9,19,23,41,22,5,26,17,43,2,1,1,1,1,9,22,0,0,18,9,30,70,5,2,1,45,45,34,61,31,0,0,0,0,0,11,0,3,0,10,0,3,0,0,0,0,0,2,2,35.544959722222224,139.45064638888888,2,1,9999,0,9,0
1,30,884,605,2,0,1,30000,0,209,2022,8,27,12,55,12,5,9,18,16,1,1,1,14,7,0,0,0,0,2,9,1,70,5,3,1,75,55,4,61,31,0,1,0,1,0,11,0,10,0,40,0,4,0,2,0,2,0,4,2,35.579866111111116,139.49759527777778,7,3,163,0,9,0
1,30,885,225,2,0,1,30000,0,212,2022,9,19,12,30,12,5,26,17,43,1,2,1,14,7,0,0,0,0,2,9,1,70,5,4,1,65,65,3,61,1,0,1,0,1,0,11,0,10,0,40,0,4,0,2,0,2,0,4,2,35.65414305555555,139.39554416666667,2,1,9999,0,9,0
1,30,885,231,2,0,1,30000,0,212,2022,9,6,8,20,12,5,17,18,2,2,1,1,14,7,0,0,0,0,2,9,1,1,5,4,1,75,1,3,61,31,0,1,0,1,0,11,0,2,0,20,0,3,0,2,0,2,0,4,2,35.67225444444444,139.38765388888888,3,3,727,0,9,0
1,30,886,295,2,0,1,30810,0,207,2022,9,1,18,50,21,5,13,18,9,3,2,2,14,7,0,0,0,0,2,9,1,70,4,2,1,75,75,3,61,31,0,1,0,1,0,11,0,10,0,10,0,4,0,2,0,2,0,4,2,35.716547222222225,139.34822472222223,5,3,719,0,9,0
1,30,886,307,2,0,1,99000,0,207,2022,9,13,10,25,12,5,22,17,52,1,2,1,0,7,0,0,0,0,0,0,20,70,0,3,1,25,75,3,61,31,0,1,0,1,0,11,0,10,0,30,0,3,0,2,0,2,0,4,2,35.71520138888889,139.3812677777778,3,3,9999,0,9,0
1,30,886,315,2,0,1,95000,0,207,2022,9,18,13,0,12,5,26,17,44,3,1,2,0,7,0,0,0,0,0,0,20,70,0,4,1,45,65,3,61,31,0,1,0,1,0,11,0,10,0,20,0,3,0,2,0,2,0,4,2,35.71330027777778,139.36343527777777,1,2,9999,0,1,0
1,30,887,459,2,0,1,99000,0,202,2022,9,3,7,15,12,5,14,18,6,2,1,5,0,7,0,0,0,0,0,0,20,70,0,4,1,35,75,51,61,41,0,0,0,0,0,0,0,0,0,40,0,3,0,0,0,0,0,4,2,35.68353361111111,139.4178261111111,7,3,0,0,0,0
1,30,887,490,2,0,1,30000,0,215,2022,9,19,16,27,12,5,26,17,43,2,2,1,1,7,9,22,0,0,11,9,30,70,4,3,1,35,25,14,61,31,0,11,0,1,0,11,0,2,0,10,0,3,0,2,0,2,0,4,2,35.686195,139.43426583333334,2,1,9999,0,1,0
1,30,887,500,2,0,1,30000,0,215,2022,9,23,21,45,22,5,29,17,37,3,2,2,1,7,9,22,0,0,12,9,30,70,4,2,1,35,1,3,61,31,0,1,0,1,0,11,0,2,0,10,0,3,0,2,0,2,0,4,2,35.68527972222222,139.432435,6,1,9999,0,1,0
1,30,887,501,2,0,1,30000,0,202,2022,9,24,18,30,21,5,30,17,35,3,1,2,13,7,0,0,0,0,2,3,1,70,4,2,1,45,55,3,61,31,0,1,0,1,0,11,0,2,0,10,0,3,0,2,0,2,0,4,2,35.72897972222223,139.39251694444442,7,3,9999,0,1,0
1,30,887,517,2,0,1,30000,0,215,2022,9,30,12,48,12,5,35,17,27,1,2,1,1,1,9,22,0,0,15,9,30,70,4,2,1,55,65,4,61,31,0,1,0,1,0,11,0,3,0,10,0,3,0,2,0,2,0,4,2,35.69726138888888,139.4437213888889,6,3,9999,0,9,0
1,30,888,177,2,0,1,30000,0,206,2022,7,29,8,35,12,4,46,18,48,1,1,1,1,2,1,21,0,0,15,9,30,70,4,1,1,35,45,3,61,31,0,1,0,1,0,11,0,3,0,10,0,3,0,2,0,2,0,4,2,35.669649166666666,139.51868055555556,6,3,9999,0,1,0
1,30,888,180,2,0,1,30000,0,206,2022,9,5,18,36,21,5,16,18,3,1,1,1,13,7,0,0,0,0,2,3,1,70,5,2,1,45,75,3,61,31,0,1,0,1,0,11,0,10,0,10,0,3,0,2,0,2,0,4,2,35.69008833333333,139.48173666666668,2,3,9999,0,1,0
1,30,888,184,2,0,1,20890,0,206,2022,9,11,9,0,12,5,20,17,55,1,1,1,1,7,9,21,0,0,11,8,30,70,4,2,1,45,45,3,61,31,0,1,0,1,0,11,0,10,0,10,0,3,0,2,0,2,0,4,2,35.67009972222222,139.4692652777778,1,3,9999,0,9,0
1,30,888,186,2,0,1,30000,0,206,2022,9,2,21,0,22,5,14,18,7,2,1,1,1,1,9,22,0,0,18,9,30,70,4,2,1,35,35,17,61,31,0,11,0,1,0,11,0,4,0,10,0,3,0,2,0,2,0,4,2,35.673388055555556,139.48180555555555,6,3,9999,0,9,0
1,30,888,190,2,0,1,10500,0,206,2022,9,19,10,5,12,5,26,17,43,3,1,2,1,1,9,22,0,0,15,9,30,70,4,2,1,45,1,3,61,31,0,1,0,1,0,11,0,3,0,20,0,3,0,2,0,2,0,4,2,35.67836333333333,139.47306111111112,2,1,9999,0,1,0
1,30,888,194,2,0,1,30000,0,206,2022,9,26,17,18,13,5,32,17,33,1,1,1,1,1,9,22,0,0,15,9,30,70,4,2,1,25,65,17,61,31,0,11,0,1,0,11,0,10,0,10,0,3,0,2,0,2,0,4,2,35.661587777777775,139.4412827777778,2,3,9999,0,5,0
1,30,889,212,2,0,1,30000,0,214,2022,9,1,8,0,12,5,13,18,9,3,1,2,14,7,0,0,0,0,2,9,1,70,5,3,1,55,35,3,61,31,0,1,0,1,0,11,0,2,0,10,0,3,0,2,0,2,0,4,2,35.697179999999996,139.4891372222222,5,3,9999,0,1,0
1,30,889,213,2,0,1,30600,0,210,2022,9,1,13,40,12,5,13,18,9,1,1,1,1,1,9,22,0,0,18,9,30,70,4,2,1,55,1,14,61,31,0,11,0,1,0,11,0,3,0,10,0,3,0,2,0,2,0,4,2,35.705553055555555,139.5077188888889,5,3,9999,0,9,0
1,30,889,214,2,0,1,30000,0,214,2022,9,1,16,45,12,5,13,18,9,2,1,1,14,7,0,0,0,0,3,8,1,70,5,3,1,75,25,3,61,1,0,1,0,1,0,11,0,2,0,40,0,3,0,2,0,2,0,4,2,35.70074944444445,139.47799,5,3,9999,0,9,0
1,30,889,219,2,0,1,20880,0,210,2022,9,7,12,15,12,5,17,18,0,2,1,2,7,1,0,0,0,0,3,9,1,70,4,1,1,45,55,14,61,1,0,11,0,1,0,11,0,3,0,10,0,4,0,2,0,2,0,4,2,35.69866944444444,139.50623666666667,4,3,9999,0,1,0
1,30,889,223,2,0,1,95000,0,214,2022,9,12,8,15,12,5,21,17,53,1,1,1,14,7,0,0,0,0,2,9,1,70,5,3,1,75,1,3,61,31,0,1,0,1,0,11,0,2,0,40,0,3,0,2,0,2,0,4,2,35.69712,139.49003555555555,2,3,1019,0,9,0
1,30,889,224,2,0,1,10260,0,214,2022,9,13,7,54,12,5,22,17,52,1,1,1,1,7,9,22,0,0,12,9,30,70,4,2,1,65,1,4,61,31,0,1,0,1,0,11,0,3,0,10,0,3,0,2,0,2,0,4,2,35.717465000000004,139.44684777777778,3,3,9999,0,9,0
1,30,889,235,2,0,1,30000,0,214,2022,9,22,14,15,12,5,29,17,38,2,1,1,14,7,0,0,0,0,2,9,1,70,4,2,1,45,25,4,61,31,0,1,0,1,0,11,0,2,0,10,0,3,0,2,0,2,0,4,2,35.701053333333334,139.48010027777778,5,2,9999,0,1,0
1,30,889,239,2,0,1,95000,0,210,2022,9,25,17,30,13,5,31,17,34,1,1,1,14,7,0,0,0,0,1,9,1,70,5,3,1,55,75,3,61,31,0,1,0,1,0,11,0,2,0,40,0,4,0,2,0,2,0,4,2,35.69604527777778,139.49552305555554,1,3,9999,0,9,0
1,30,889,240,2,0,1,30000,0,210,2022,9,25,18,5,21,5,31,17,34,1,1,1,1,7,1,22,0,0,15,8,30,70,5,2,1,45,55,3,61,31,0,1,0,1,0,11,0,2,0,10,0,4,0,2,0,2,0,4,2,35.70216888888889,139.52282250000002,1,3,9999,0,5,0
1,30,890,234,2,0,1,95000,0,229,2022,9,13,18,32,21,5,22,17,52,2,1,1,14,7,0,0,0,0,1,9,1,70,5,1,1,1,1,51,61,41,0,0,0,0,0,0,0,0,0,10,0,3,0,0,0,0,0,4,2,35.738369444444444,139.56578694444445,3,3,0,0,0,0
1,30,890,236,2,0,1,95000,0,229,2022,9,19,5,40,11,5,26,17,43,1,1,2,1,7,9,22,0,0,14,9,30,70,4,2,1,55,55,13,61,1,0,11,0,1,0,11,0,2,0,10,0,3,0,2,0,2,0,4,2,35.74652444444445,139.54947583333333,2,1,9999,0,9,0
1,30,890,237,2,0,1,95000,0,222,2022,9,12,10,5,12,5,21,17,53,1,1,1,0,7,0,0,0,0,0,0,20,70,0,4,1,55,65,3,61,31,0,1,0,1,0,11,0,10,0,10,0,4,0,2,0,2,0,4,2,35.745576666666665,139.52724805555556,2,3,9999,0,9,0
1,30,890,239,2,0,1,30000,0,229,2022,9,10,13,45,12,5,20,17,56,1,1,1,14,7,0,0,0,0,2,9,1,70,5,4,1,65,25,14,61,1,0,11,0,1,0,11,0,1,0,40,0,4,0,2,0,2,0,4,2,35.752875,139.54455194444444,7,3,9999,0,1,0
1,30,890,240,2,0,1,30000,0,229,2022,9,14,18,35,21,5,23,17,50,1,1,1,1,7,9,22,0,0,14,9,30,1,4,2,1,25,45,14,61,31,0,11,0,1,0,11,0,2,0,10,0,4,0,2,0,2,0,4,2,35.7266125,139.53914194444445,4,3,9999,0,1,0
1,30,891,256,2,0,1,30000,0,213,2022,6,6,11,7,12,4,25,18,54,3,1,2,1,1,9,22,0,0,15,9,30,70,5,2,1,25,75,3,61,31,0,1,0,1,0,11,0,2,0,10,0,3,0,2,0,2,0,4,2,35.769912222222224,139.4687475,2,3,9999,0,1,0
1,30,891,257,2,0,1,10560,0,221,2022,9,9,13,40,12,5,19,17,57,1,1,1,1,1,9,22,0,0,15,9,30,70,4,2,1,65,1,14,61,1,0,11,0,1,0,11,0,2,0,10,0,3,0,2,0,2,0,4,2,35.77105722222222,139.51737,6,3,9999,0,1,0
1,30,892,257,2,0,1,30000,0,203,2022,9,3,11,30,12,5,14,18,6,2,1,1,14,7,0,0,0,0,2,9,1,70,5,2,1,1,75,51,61,41,0,0,0,0,0,0,0,0,0,10,0,3,0,0,0,0,0,4,2,35.702245833333336,139.5435713888889,7,3,0,0,0,0
1,30,892,258,2,0,1,30000,0,203,2022,9,8,17,35,13,5,18,17,59,2,1,1,14,7,0,0,0,0,2,9,1,70,5,4,1,55,55,3,61,31,0,1,0,1,0,11,0,10,0,20,0,4,0,2,0,2,0,4,2,35.70173472222223,139.5421638888889,5,3,9999,0,1,0
1,30,892,259,2,0,1,30000,0,203,2022,9,8,17,55,13,5,18,17,59,2,1,1,7,7,0,0,0,0,4,9,1,70,4,1,1,45,45,3,61,31,0,1,0,1,0,11,0,3,0,20,0,4,0,2,0,2,0,4,2,35.70364416666667,139.5641502777778,5,3,9999,0,5,0
1,30,892,261,2,0,1,30000,0,203,2022,9,12,8,55,12,5,21,17,53,1,1,1,1,1,9,22,0,0,15,9,30,1,4,2,1,35,45,52,61,41,0,0,0,0,0,0,0,0,0,20,0,3,0,0,0,0,0,4,2,35.698033055555555,139.54542833333332,2,3,0,0,0,0
1,30,893,232,2,0,1,10270,0,204,2022,9,1,18,15,21,5,13,18,9,3,1,2,1,1,9,22,0,0,15,9,30,1,4,3,1,45,25,4,61,31,0,1,0,1,0,11,0,2,0,10,0,3,0,2,0,2,0,4,2,35.682520555555556,139.5708775,5,3,9999,0,1,0
1,30,893,233,2,0,1,30000,0,204,2022,9,3,14,26,12,5,14,18,6,1,1,1,1,7,1,21,0,0,14,9,30,70,4,3,1,55,35,14,61,31,0,11,0,1,0,11,0,5,0,10,0,4,0,2,0,2,0,4,2,35.68869888888889,139.55597222222224,7,3,9999,0,9,0
1,30,893,242,2,0,1,20880,0,204,2022,8,27,8,10,12,5,9,18,16,1,1,1,14,7,0,0,0,0,3,9,1,70,4,3,1,55,35,3,61,1,0,1,0,1,0,11,0,3,0,20,0,3,0,2,0,2,0,4,2,35.689885555555556,139.57465833333333,7,3,9999,0,9,0
1,30,893,248,2,0,1,30000,0,204,2022,9,28,8,0,12,5,33,17,30,1,1,1,14,7,0,0,0,0,2,9,1,70,5,4,1,65,1,13,61,31,0,11,0,1,0,11,0,10,0,10,0,3,0,2,0,2,0,4,2,35.69666972222222,139.55122861111113,4,3,9999,0,9,0
1,30,893,254,2,0,1,20900,0,204,2022,9,30,9,25,12,5,35,17,27,1,1,1,1,1,1,21,0,0,11,9,30,70,4,2,1,75,75,3,61,31,0,1,0,1,0,11,0,3,0,10,0,3,0,2,0,2,0,4,2,35.696665277777775,139.55916833333333,6,3,957,0,9,0
1,30,893,256,2,0,2,30000,0,204,2022,8,20,16,40,12,5,4,18,25,2,1,1,1,1,9,22,0,0,15,9,30,70,4,2,1,55,1,3,61,31,0,1,0,1,0,11,0,1,0,10,0,4,0,2,0,2,0,4,2,35.692697777777774,139.58902833333335,7,3,9999,0,9,0
1,30,894,393,2,0,1,30000,0,208,2022,9,3,8,50,12,5,14,18,6,1,1,1,14,7,0,0,0,0,1,9,1,70,5,4,1,55,65,3,61,31,0,1,0,1,0,11,0,10,0,10,0,3,0,2,0,2,0,4,2,35.660843888888884,139.58507166666666,7,3,9999,0,5,0
1,30,894,406,2,0,1,30000,0,208,2022,9,11,6,52,12,5,20,17,55,1,1,1,14,7,0,0,0,0,1,9,1,70,5,4,1,1,65,51,61,41,0,0,0,0,0,0,0,0,0,10,0,4,0,0,0,0,0,4,2,35.638848333333335,139.54735416666665,1,3,0,0,0,0
1,30,894,407,2,0,1,30000,0,208,2022,8,22,7,15,12,5,5,18,22,1,1,1,1,7,9,22,0,0,11,9,30,70,4,1,1,25,45,51,61,41,0,0,0,0,0,0,0,0,0,10,0,3,0,0,0,0,0,4,2,35.659037777777776,139.55577333333335,2,3,0,0,0,0
1,30,894,409,2,0,1,30000,0,219,2022,8,5,6,40,12,4,52,18,42,2,1,1,14,7,0,0,0,0,1,9,1,70,5,4,1,45,45,51,61,41,0,0,0,0,0,0,0,0,0,10,0,4,0,0,0,0,0,4,2,35.623535000000004,139.57723972222223,6,3,0,0,0,0
1,30,894,410,2,0,1,30840,0,208,2022,8,31,15,37,12,5,12,18,10,1,1,1,14,7,0,0,0,0,2,9,1,70,5,3,1,1,25,3,61,31,0,1,0,1,0,11,0,10,0,50,0,3,0,2,0,2,0,4,2,35.66209333333333,139.5873277777778,4,3,9999,0,1,0
1,30,894,415,2,0,1,10620,0,219,2022,9,16,10,10,12,5,24,17,47,1,1,1,14,7,0,0,0,0,3,9,1,70,4,2,1,65,35,51,61,41,0,0,0,0,0,0,0,0,0,10,0,4,0,0,0,0,0,4,2,35.63451277777778,139.57798527777777,6,3,0,0,0,0
1,30,894,417,2,0,1,30000,0,208,2022,9,16,17,50,21,5,24,17,47,1,1,1,1,7,0,0,0,0,11,9,30,70,5,4,1,25,0,61,0,0,0,0,0,0,0,0,0,0,0,0,0,0,0,0,0,0,0,2,0,35.65182138888889,139.5453327777778,6,3,0,0,0,0
1,30,894,422,2,0,1,30000,0,208,2022,9,21,8,7,12,5,28,17,40,2,1,1,14,7,0,0,0,0,2,9,1,70,5,3,1,65,0,61,0,0,0,0,0,0,0,0,0,0,0,0,0,0,0,0,0,0,0,2,0,35.657670555555555,139.54905722222222,4,3,0,0,0,0
1,30,894,437,2,0,1,30000,0,208,2022,9,30,8,15,12,5,35,17,27,1,1,1,14,7,0,0,0,0,3,9,1,70,5,2,1,45,1,51,61,41,0,0,0,0,0,0,0,0,0,40,0,3,0,0,0,0,0,4,2,35.65097333333333,139.52622722222225,6,3,0,0,0,0
1,30,895,134,2,0,1,30000,0,211,2022,5,23,6,25,12,4,31,18,45,1,1,1,14,7,0,0,0,0,2,9,1,70,5,4,1,45,0,61,0,0,0,0,0,0,0,0,0,0,0,0,0,0,0,0,0,0,0,2,0,35.726798888888894,139.43519750000002,2,3,0,0,0,0
1,30,895,142,2,0,1,10660,0,211,2022,9,22,12,55,12,5,29,17,38,1,1,1,1,1,9,22,0,0,19,9,30,70,4,2,1,55,35,3,61,1,0,1,0,1,0,11,0,3,0,80,0,3,0,2,0,2,0,4,2,35.72264,139.4974961111111,5,2,9999,0,9,0
1,30,899,17,2,0,1,30000,0,401,2022,9,28,16,0,12,5,33,17,30,1,1,1,14,7,0,0,0,0,2,9,1,70,5,4,1,65,1,14,61,31,0,11,0,2,0,11,0,5,0,10,0,3,0,2,0,2,0,4,2,33.117084166666665,139.8005366666667,4,3,9999,0,9,0
1,30,100,144,1,1,0,30000,0,101,2022,10,26,11,35,12,5,57,16,53,1,1,1,14,7,0,0,0,0,2,7,1,70,5,3,1,45,65,17,61,31,0,11,0,1,0,11,0,2,0,30,0,4,0,2,0,2,0,4,1,35.69750444444444,139.74845555555555,4,3,9999,0,1,0
1,30,100,148,2,0,1,200,51,101,2022,10,12,7,45,12,5,45,17,10,2,1,1,14,1,0,0,0,0,5,9,1,70,1,2,1,25,1,51,61,41,0,0,0,0,0,0,0,0,0,10,0,4,0,0,0,0,0,4,2,35.68383444444444,139.73594083333333,4,3,0,0,0,0
1,30,101,114,2,0,1,90000,0,101,2022,9,21,20,50,22,5,28,17,40,1,1,1,0,7,0,0,0,0,0,0,20,70,0,2,1,45,55,1,61,1,0,1,0,1,0,11,0,5,0,40,0,3,0,2,0,2,0,4,2,35.68358055555555,139.7688552777778,4,3,9999,0,9,0
1,30,101,116,2,0,1,30000,0,101,2022,10,27,10,50,12,5,58,16,51,1,1,1,1,7,9,22,0,0,14,9,30,70,4,2,1,25,35,13,61,31,0,11,0,1,0,11,0,3,0,50,0,3,0,1,0,2,0,4,2,35.672131944444445,139.7599586111111,5,3,9999,0,1,0
1,30,102,89,2,0,1,10050,0,101,2022,9,15,9,50,12,5,23,17,49,2,1,2,14,1,0,0,0,0,5,9,1,70,1,1,1,65,75,51,61,41,0,0,0,0,0,0,0,0,0,10,0,3,0,0,0,0,0,4,2,35.69607305555555,139.75834583333332,5,3,0,0,0,0
1,30,102,91,2,0,1,10050,0,101,2022,10,1,15,40,12,5,36,17,25,1,1,1,1,1,9,22,0,0,19,9,30,70,4,2,1,65,45,11,61,31,0,11,0,2,0,11,0,5,0,12,0,3,0,2,0,2,0,4,2,35.69521916666666,139.76144555555555,7,3,9999,0,9,0
1,30,102,94,2,0,1,10050,0,101,2022,10,16,12,15,12,5,48,17,5,1,1,1,14,7,0,0,0,0,2,9,1,70,1,2,1,1,35,51,61,41,0,0,0,0,0,0,0,0,0,10,0,4,0,0,0,0,0,4,2,35.69479583333333,139.765395,1,3,0,0,0,0
1,30,102,96,2,0,1,30000,0,101,2022,9,23,16,30,12,5,29,17,37,1,1,1,14,7,0,0,0,0,2,9,1,70,5,4,1,55,65,3,61,1,0,1,0,1,0,11,0,10,0,40,0,4,0,2,0,2,0,4,2,35.69812694444444,139.76139722222223,6,1,9999,0,9,0
1,30,103,110,2,0,1,30000,0,101,2022,10,7,15,0,12,5,40,17,17,3,1,2,7,7,0,0,0,0,3,9,1,70,4,2,1,25,55,3,61,31,0,1,0,1,0,11,0,5,0,10,0,3,0,2,0,2,0,4,2,35.69974055555555,139.7705466666667,6,3,9999,0,1,0
1,30,103,111,2,0,1,30000,0,101,2022,10,12,17,5,13,5,45,17,10,2,1,1,1,1,9,22,0,0,16,9,30,70,5,2,1,65,1,14,61,1,0,11,0,1,0,11,0,2,0,10,0,3,0,2,0,2,0,4,2,35.69772333333333,139.78025083333335,4,3,9999,0,9,0
1,30,104,198,2,0,1,30000,0,102,2022,10,12,17,50,21,5,45,17,10,2,1,1,14,7,0,0,0,0,3,9,1,70,5,3,1,55,25,51,61,41,0,0,0,0,0,0,0,0,0,10,0,3,0,0,0,0,0,4,2,35.68694416666666,139.7788052777778,4,3,0,0,0,0
1,30,104,207,2,0,1,30000,0,102,2022,10,15,15,18,12,5,47,17,6,1,1,1,14,7,0,0,0,0,3,9,1,70,5,3,1,25,55,3,61,31,0,1,0,1,0,11,0,10,0,30,0,3,0,2,0,2,0,4,2,35.68094333333333,139.76982138888891,7,3,9999,0,1,0
1,30,104,213,2,0,1,95000,0,102,2022,10,31,16,40,13,6,2,16,47,1,1,1,1,7,9,22,0,0,11,9,30,70,5,2,1,65,75,13,61,1,0,11,0,1,0,11,0,5,0,10,0,3,0,2,0,2,0,4,2,35.675623888888886,139.76780472222222,2,3,9999,0,9,0
1,30,105,74,2,0,1,30000,0,102,2022,10,14,8,55,12,5,46,17,7,3,1,2,14,7,0,0,0,0,1,9,1,70,5,2,1,55,35,3,61,31,0,1,0,1,0,11,0,3,0,40,0,3,0,2,0,2,0,4,2,35.693065,139.78583083333334,6,3,9999,0,9,0
1,30,106,138,2,0,1,10060,0,102,2022,10,5,18,18,21,5,39,17,20,3,1,2,1,1,9,22,0,0,18,9,30,70,1,2,1,55,55,3,61,1,0,1,0,1,0,11,0,5,0,10,0,3,0,2,0,2,0,4,2,35.66426277777778,139.76764805555558,4,3,9999,0,9,0
1,30,106,140,2,0,1,30000,0,102,2022,10,1,3,30,22,5,36,17,25,1,1,1,1,7,1,21,0,0,12,9,30,70,5,2,1,55,35,3,61,1,0,1,0,1,0,11,0,1,0,10,0,4,0,2,0,2,0,4,2,35.66802166666666,139.76027833333333,7,3,9999,0,9,0
1,30,106,145,2,0,1,10060,0,102,2022,10,12,14,38,12,5,45,17,10,2,1,1,14,7,0,0,0,0,4,9,1,70,1,1,1,45,55,51,61,41,0,0,0,0,0,0,0,0,0,10,0,4,0,0,0,0,0,4,2,35.66744861111111,139.77203305555557,4,3,0,0,0,0
1,30,106,148,2,0,1,30000,0,102,2022,9,30,11,47,12,5,35,17,27,1,1,1,14,7,0,0,0,0,3,8,1,70,5,2,1,65,1,3,61,1,0,1,0,1,0,11,0,2,0,40,0,4,0,2,0,2,0,4,2,35.66914555555555,139.77003222222223,6,3,9999,0,9,0
1,30,107,102,2,0,1,30000,0,102,2022,10,2,13,35,12,5,36,17,24,1,1,1,14,7,0,0,0,0,3,9,1,70,5,2,1,1,55,51,61,41,0,0,0,0,0,0,0,0,0,10,0,3,0,0,0,0,0,4,2,35.66256027777778,139.77999805555558,1,3,0,0,0,0
1,30,107,108,2,0,1,30000,0,102,2022,10,15,10,10,12,5,47,17,6,2,1,1,14,7,0,0,0,0,3,9,1,70,5,1,1,75,75,35,61,31,0,0,0,0,0,11,0,2,0,20,0,3,0,0,0,0,0,2,4,35.66027861111111,139.77770583333336,7,3,267,0,9,0
1,30,107,116,2,0,1,10020,0,102,2022,10,27,18,5,22,5,58,16,51,1,1,1,12,7,0,0,0,0,2,8,1,70,1,2,1,35,45,51,61,41,0,0,0,0,0,0,0,0,0,10,0,3,0,0,0,0,0,2,4,35.65689277777778,139.77993444444445,5,3,0,0,0,0
1,30,108,165,2,0,1,99000,0,103,2022,10,4,8,55,12,5,38,17,21,1,1,1,0,7,0,0,0,0,0,0,20,70,0,2,1,35,35,3,61,31,0,1,0,1,0,11,0,10,0,50,0,4,0,2,0,2,0,4,2,35.654624166666665,139.76066555555556,3,3,9999,0,5,0
1,30,108,168,2,0,1,30000,0,103,2022,10,3,9,5,12,5,37,17,22,1,1,1,14,7,0,0,0,0,3,9,1,70,5,3,1,35,25,13,61,31,0,11,0,1,0,11,0,10,0,40,0,3,0,2,0,2,0,4,2,35.66424333333333,139.75721555555555,2,3,9999,0,5,0
1,30,108,169,2,0,1,20000,0,103,2022,9,29,18,19,21,5,34,17,28,2,1,1,14,7,0,0,0,0,3,9,1,70,1,2,1,55,45,3,61,1,0,1,0,1,0,11,0,5,0,30,0,4,0,2,0,2,0,4,2,35.663176388888886,139.76031333333333,5,3,9999,0,1,0