資料区分,都道府県コード,警察署等コード,本票番号,事故内容,死者数,負傷者数,路線コード,地点コード,市区町村コード,発生日時　　年,発生日時　　月,発生日時　　日,発生日時　　時,発生日時　　分,昼夜,日の出時刻　　時,日の出時刻　　分,日の入り時刻　　時,日の入り時刻　　分,天候,地形,路面状態,道路形状,信号機,一時停止規制　標識（当事者A）,一時停止規制　表示（当事者A）,一時停止規制　標識（当事者B）,一時停止規制　表示（当事者B）,車道幅員,道路線形,衝突地点,ゾーン規制,中央分離帯施設等,歩車道区分,事故類型,年齢（当事者A）,年齢（当事者B）,当事者種別（当事者A）,当事者種別（当事者B）,用途別（当事者A）,用途別（当事者B）,車両形状等（当事者A）,車両形状等（当事者B）,オートマチック車（当事者A）,オートマチック車（当事者B）,サポカー（当事者A）,サポカー（当事者B）,速度規制（指定のみ）（当事者A）,速度規制（指定のみ）（当事者B）,車両の衝突部位（当事者A）,車両の衝突部位（当事者B）,車両の損壊程度（当事者A）,車両の損壊程度（当事者B）,エアバッグの装備（当事者A）,エアバッグの装備（当事者B）,サイドエアバッグの装備（当事者A）,サイドエアバッグの装備（当事者B）,人身損傷程度（当事者A）,人身損傷程度（当事者B）,lat,lon,曜日(発生年月日),祝日(発生年月日),認知機能検査経過日数（当事者A）,認知機能検査経過日数（当事者B）,運転練習の方法（当事者A）,運転練習の方法（当事者B）
1,30,108,172,2,0,1,30000,0,103,2022,10,7,15,15,12,5,40,17,17,3,1,2,1,7,9,22,0,0,11,9,30,70,5,1,1,45,45,3,61,31,0,1,0,1,0,11,0,2,0,20,0,4,0,2,0,2,0,4,2,35.65868777777778,139.75651916666666,6,3,9999,0,5,0
1,30,108,178,2,0,1,30000,0,103,2022,10,28,9,30,12,5,59,16,50,2,1,1,14,7,0,0,0,0,4,9,1,70,4,2,1,55,55,3,61,31,0,1,0,1,0,11,0,3,0,10,0,3,0,2,0,2,0,4,2,35.66231305555556,139.75363027777777,6,3,9999,0,9,0
1,30,109,129,2,0,1,30000,0,103,2022,9,13,22,0,22,5,22,17,52,1,1,1,14,1,0,0,0,0,2,9,1,70,1,2,1,45,35,3,61,1,0,1,0,1,0,11,0,5,0,10,0,3,0,2,0,2,0,4,2,35.64544138888889,139.73841694444442,3,3,9999,0,1,0
1,30,109,132,2,0,1,30000,0,103,2022,10,7,18,30,22,5,40,17,17,3,1,2,14,7,0,0,0,0,3,9,1,70,4,2,1,45,55,13,61,31,0,11,0,1,0,11,0,2,0,10,0,3,0,2,0,2,0,4,2,35.64722138888889,139.7454461111111,6,3,9999,0,9,0
1,30,109,136,2,0,1,30000,0,103,2022,10,21,1,30,22,5,52,16,58,1,1,1,14,7,0,0,0,0,2,9,1,70,5,2,1,1,25,52,61,41,0,0,0,0,0,0,0,0,0,40,0,4,0,0,0,0,0,4,2,35.648465,139.7458922222222,6,3,0,0,0,0
1,30,109,138,2,0,1,150,40,103,2022,10,30,17,10,21,6,1,16,48,1,1,1,1,1,9,22,0,0,17,9,30,70,5,1,1,65,55,3,61,1,0,1,0,1,0,11,0,10,0,10,0,3,0,2,0,2,0,4,2,35.652966944444444,139.7540463888889,1,3,9999,0,1,0
1,30,110,121,2,0,2,30000,0,103,2022,10,12,15,29,12,5,45,17,10,2,1,1,14,7,0,0,0,0,4,9,1,70,5,1,1,75,45,3,61,31,0,1,0,1,0,11,0,3,0,10,0,2,0,2,0,2,0,4,2,35.64458944444444,139.73595555555553,4,3,338,0,9,0
1,30,110,127,2,0,1,21270,0,103,2022,9,3,8,24,12,5,14,18,6,1,1,1,1,1,9,22,0,0,15,3,30,70,4,1,1,65,1,14,61,31,0,11,0,1,0,11,0,2,0,20,0,3,0,2,0,2,0,4,2,35.644037499999996,139.72745416666666,7,3,9999,0,9,0
1,30,110,129,2,0,1,21270,0,103,2022,10,28,15,46,12,5,59,16,50,2,1,1,14,7,0,0,0,0,2,9,1,70,5,1,1,55,1,3,61,1,0,1,0,1,0,11,0,2,0,10,0,3,0,2,0,2,0,4,2,35.64331444444444,139.73322,6,3,9999,0,9,0
1,30,111,236,2,0,1,30000,0,103,2022,10,4,16,30,13,5,38,17,21,1,1,1,14,7,0,0,0,0,3,9,1,70,5,2,1,45,55,51,61,41,0,0,0,0,0,0,0,0,0,10,0,3,0,0,0,0,0,4,2,35.66330694444444,139.72015083333335,3,3,0,0,0,0
1,30,111,237,2,0,1,30000,0,103,2022,10,4,21,46,22,5,38,17,21,1,1,1,14,7,0,0,0,0,2,9,1,70,5,3,1,55,65,3,61,31,0,1,0,1,0,11,0,1,0,40,0,3,0,2,0,2,0,4,2,35.662308055555556,139.72916722222223,3,3,9999,0,9,0
1,30,111,243,2,0,1,10670,0,103,2022,10,13,21,40,22,5,45,17,9,3,1,1,1,8,9,22,0,0,18,9,30,70,1,1,1,55,65,3,61,1,0,1,0,1,0,11,0,4,0,10,0,3,0,2,0,2,0,4,2,35.657111666666665,139.73350666666664,5,3,9999,0,9,0
1,30,111,249,2,0,1,30000,0,103,2022,10,18,8,34,12,5,50,17,2,3,1,2,1,1,9,22,0,0,11,9,30,70,4,1,1,65,35,3,61,1,0,1,0,1,0,11,0,3,0,10,0,4,0,2,0,2,0,4,2,35.65833305555555,139.72751666666667,3,3,35,0,9,0
1,30,111,250,2,0,1,95000,0,103,2022,10,20,13,32,12,5,52,17,0,1,1,1,1,1,9,22,0,0,15,6,30,70,1,2,1,65,45,3,61,1,0,1,0,1,0,11,0,5,0,10,0,3,0,2,0,2,0,4,2,35.663824999999996,139.7383708333333,5,3,9999,0,9,0
1,30,111,252,2,0,1,30000,0,103,2022,10,24,9,30,12,5,55,16,55,2,1,1,14,7,0,0,0,0,3,9,1,70,5,2,1,65,55,3,61,1,0,1,0,1,0,11,0,10,0,60,0,4,0,2,0,2,0,4,2,35.64749222222222,139.73566083333333,2,3,9999,0,9,0
1,30,112,182,2,0,1,30000,0,103,2022,10,3,19,25,22,5,37,17,22,1,1,1,14,7,0,0,0,0,2,9,1,70,5,4,1,65,45,3,61,1,0,1,0,1,0,11,0,5,0,30,0,3,0,2,0,2,0,4,2,35.669108611111106,139.72016694444446,2,3,9999,0,9,0
1,30,112,184,2,0,1,30000,0,103,2022,10,7,16,26,13,5,40,17,17,3,1,2,1,7,9,22,0,0,12,9,30,70,4,3,1,55,25,3,61,31,0,1,0,1,0,11,0,3,0,10,0,3,0,2,0,2,0,4,2,35.67066722222222,139.74132138888888,6,3,9999,0,9,0
1,30,112,187,2,0,1,20150,0,103,2022,10,10,3,18,22,5,43,17,13,3,1,2,1,7,9,22,0,0,15,9,30,70,4,1,1,45,1,3,61,1,0,1,0,1,0,11,0,3,0,80,0,3,0,2,0,2,0,4,2,35.67305444444444,139.73790416666665,2,1,9999,0,9,0
1,30,112,188,2,0,1,30000,0,103,2022,10,12,5,26,23,5,45,17,10,1,1,1,7,7,0,0,0,0,4,9,1,1,5,3,1,55,25,3,61,1,0,1,0,1,0,11,0,5,0,50,0,4,0,2,0,2,0,4,2,35.67639555555555,139.73620888888888,4,3,9999,0,9,0
1,30,112,191,2,0,1,30000,0,103,2022,10,13,23,5,22,5,45,17,9,3,1,2,1,1,9,22,0,0,14,3,30,70,5,2,1,45,35,3,61,1,0,1,0,1,0,11,0,2,0,10,0,3,0,2,0,2,0,4,2,35.665395277777776,139.73234055555557,5,3,9999,0,9,0
1,30,112,192,2,0,1,30000,0,103,2022,10,15,4,50,23,5,47,17,6,2,1,1,1,7,9,22,0,0,14,9,30,70,5,1,1,65,65,3,61,1,0,1,0,1,0,11,0,2,0,50,0,3,0,2,0,2,0,4,2,35.670653611111106,139.74129527777777,7,3,9999,0,9,0
1,30,113,292,2,0,1,20000,0,108,2022,10,15,8,45,12,5,47,17,6,2,1,1,1,1,9,22,0,0,19,9,30,70,1,2,1,55,1,13,61,31,0,11,0,1,0,11,0,4,0,10,0,3,0,2,0,2,0,4,2,35.6409275,139.79518277777777,7,3,9999,0,9,0
1,30,113,294,2,0,1,20000,0,108,2022,10,16,21,15,22,5,48,17,5,2,1,1,14,7,0,0,0,0,1,9,1,70,5,2,1,45,35,3,61,31,0,1,0,1,0,11,0,2,0,80,0,3,0,2,0,2,0,4,2,35.63692388888889,139.7916461111111,1,3,9999,0,1,0
1,30,113,310,2,0,1,30000,0,108,2022,10,19,20,10,22,5,51,17,1,1,1,1,14,7,0,0,0,0,2,9,1,70,1,2,1,35,45,3,61,31,0,1,0,1,0,11,0,4,0,40,0,3,0,2,0,2,0,4,2,35.61761583333333,139.77934083333335,4,3,9999,0,1,0
1,30,215,124,2,0,1,30000,0,109,2022,10,3,8,20,12,5,37,17,22,1,1,1,1,7,9,22,0,0,11,9,30,70,5,1,1,45,1,36,61,31,0,0,0,0,0,11,0,2,0,14,0,3,0,0,0,0,0,4,2,35.61221972222222,139.74134416666666,2,3,9999,0,5,0
1,30,215,130,2,0,1,10140,0,109,2022,10,14,6,55,12,5,46,17,7,3,1,2,1,1,9,22,0,0,16,9,30,70,5,2,1,55,25,3,61,1,0,1,0,1,0,11,0,4,0,10,0,3,0,2,0,2,0,4,2,35.622080000000004,139.74553749999998,6,3,9999,0,9,0
1,30,216,161,2,0,1,30910,0,109,2022,10,5,19,40,22,5,39,17,20,3,1,2,1,1,9,22,0,0,19,9,30,70,1,1,1,45,65,11,61,1,0,11,0,1,0,11,0,4,0,10,0,3,0,2,0,2,0,4,2,35.59566,139.75141472222222,4,3,9999,0,9,0
1,30,216,164,2,0,1,30000,0,109,2022,10,12,16,30,13,5,45,17,10,2,1,1,14,7,0,0,0,0,2,9,1,70,5,4,1,45,1,3,61,31,0,1,0,1,0,11,0,10,0,40,0,4,0,2,0,2,0,4,2,35.60121111111111,139.7281075,4,3,9999,0,5,0
1,30,216,166,2,0,1,30000,0,109,2022,10,17,15,50,12,5,49,17,3,2,1,2,14,7,0,0,0,0,2,9,1,70,5,4,1,55,75,3,61,31,0,1,0,1,0,11,0,10,0,40,0,4,0,2,0,2,0,4,2,35.60629166666667,139.74355333333332,2,3,9999,0,9,0
1,30,216,168,2,0,1,30000,0,109,2022,10,23,22,10,22,5,54,16,56,2,1,1,1,1,9,22,0,0,17,9,30,70,4,1,1,55,25,3,61,1,0,1,0,1,0,11,0,1,0,10,0,3,0,2,0,2,0,4,2,35.598115,139.7452586111111,1,3,9999,0,9,0
1,30,216,171,2,0,1,30000,0,109,2022,10,2,14,30,12,5,36,17,24,1,1,1,1,1,9,22,0,0,12,9,30,70,1,1,1,55,55,3,61,31,0,1,0,1,0,11,0,4,0,40,0,3,0,2,0,2,0,4,2,35.595288611111116,139.75120527777779,1,3,9999,0,9,0
1,30,217,156,2,0,1,30000,0,109,2022,10,1,4,20,22,5,36,17,25,1,1,1,7,7,0,0,0,0,1,9,1,70,5,4,1,55,45,3,61,31,0,1,0,1,0,11,0,10,0,10,0,4,0,2,0,2,0,4,2,35.62508805555556,139.72336611111112,7,3,9999,0,9,0
1,30,217,158,2,0,1,30000,0,109,2022,10,3,17,2,13,5,37,17,22,1,1,1,1,7,9,22,0,0,11,9,30,70,5,2,1,1,75,13,61,31,0,11,0,1,0,11,0,2,0,30,0,3,0,2,0,2,0,4,2,35.62972111111111,139.7258752777778,2,3,9999,0,1,0
1,30,217,161,2,0,1,30000,0,109,2022,10,5,13,20,12,5,39,17,20,3,1,2,14,7,0,0,0,0,3,9,1,70,5,4,1,45,65,3,61,31,0,1,0,1,0,11,0,5,0,30,0,4,0,2,0,2,0,4,2,35.625034166666666,139.72515583333333,4,3,9999,0,5,0
1,30,217,173,2,0,1,30000,0,109,2022,10,31,16,40,13,6,2,16,47,1,1,1,1,7,9,22,0,0,15,9,30,70,4,2,1,45,65,51,61,41,0,0,0,0,0,0,0,0,0,40,0,3,0,0,0,0,0,2,4,35.629784722222226,139.7254988888889,2,3,0,0,0,0
1,30,218,236,2,0,1,30000,0,109,2022,9,17,12,30,12,5,25,17,46,2,1,1,14,7,0,0,0,0,3,9,1,70,5,3,1,25,65,51,61,41,0,0,0,0,0,0,0,0,0,10,0,3,0,0,0,0,0,4,2,35.61251611111111,139.72179777777777,7,3,0,0,0,0
1,30,218,237,2,0,1,99000,0,109,2022,9,17,18,5,21,5,25,17,46,1,1,1,0,7,0,0,0,0,0,0,20,70,0,4,1,25,45,14,61,31,0,11,0,1,0,11,0,10,0,10,0,3,0,2,0,2,0,4,2,35.618098333333336,139.71754611111112,7,3,9999,0,1,0
1,30,218,240,2,0,1,10,124,109,2022,10,1,10,0,12,5,36,17,25,1,1,1,1,1,9,22,0,0,12,7,30,70,5,2,1,35,55,51,61,41,0,0,0,0,0,0,0,0,0,10,0,3,0,0,0,0,0,4,2,35.606032500000005,139.7136836111111,7,3,0,0,0,0
1,30,218,245,2,0,1,10,128,109,2022,10,4,4,30,22,5,38,17,21,1,1,1,1,1,9,22,0,0,16,9,30,70,5,1,1,45,25,3,61,31,0,1,0,1,0,11,0,5,0,20,0,3,0,2,0,2,0,4,2,35.60264361111111,139.71313305555555,3,3,9999,0,9,0
1,30,218,246,2,0,1,20000,0,109,2022,10,5,18,25,22,5,39,17,20,3,1,2,14,7,0,0,0,0,2,9,1,70,5,3,1,55,55,3,61,1,0,1,0,1,0,11,0,2,0,10,0,4,0,2,0,2,0,4,2,35.61553305555556,139.7155322222222,4,3,9999,0,9,0
1,30,218,260,2,0,1,30000,0,109,2022,10,27,21,20,22,5,58,16,51,1,1,1,14,7,0,0,0,0,3,9,1,70,5,4,1,45,55,3,61,1,0,1,0,1,0,11,0,10,0,20,0,4,0,2,0,2,0,4,2,35.602582777777776,139.7209013888889,5,3,9999,0,1,0
1,30,219,324,2,0,1,150,125,111,2022,9,26,14,20,12,5,32,17,33,1,1,1,7,1,0,0,0,0,6,9,1,70,1,2,1,25,1,52,61,41,0,0,0,0,0,0,0,0,0,42,0,3,0,0,0,0,0,4,4,35.584296111111115,139.736065,2,3,0,0,0,0
1,30,219,326,2,0,2,1310,0,111,2022,9,28,20,42,22,5,33,17,30,1,1,1,1,1,9,22,0,0,15,9,30,70,4,2,1,45,45,33,61,31,0,0,0,0,0,11,0,4,0,10,0,3,0,0,0,0,0,2,2,35.57002777777778,139.7349233333333,4,3,9999,0,1,0
1,30,219,332,2,0,1,30000,0,111,2022,10,5,14,25,12,5,39,17,20,3,1,2,1,1,9,22,0,0,15,9,30,70,5,2,1,65,65,14,61,31,0,11,0,1,0,11,0,3,0,10,0,3,0,2,0,2,0,4,2,35.578946111111115,139.71881333333334,4,3,9999,0,9,0
1,30,219,335,2,0,1,30000,0,111,2022,10,6,11,5,12,5,40,17,18,3,1,2,1,1,9,22,0,0,13,9,30,70,5,2,1,1,75,3,61,31,0,1,0,1,0,11,0,3,0,20,0,3,0,2,0,2,0,4,2,35.58468111111112,139.7283538888889,5,3,9999,0,1,0
1,30,219,349,2,0,1,30000,0,111,2022,9,15,12,40,12,5,23,17,49,2,1,1,1,7,1,21,0,0,11,9,30,1,5,2,1,55,55,4,61,31,0,1,0,1,0,11,0,1,0,40,0,3,0,2,0,2,0,4,2,35.572861111111116,139.724135,5,3,9999,0,9,0
1,30,219,352,2,0,1,30700,0,111,2022,10,20,21,55,22,5,52,17,0,1,1,1,14,7,0,0,0,0,4,9,1,70,3,2,1,65,65,3,61,1,0,1,0,1,0,11,0,3,0,10,0,3,0,2,0,2,0,4,2,35.58635805555556,139.73169222222222,5,3,9999,0,9,0
1,30,220,185,2,0,1,30000,0,111,2022,10,4,15,50,12,5,38,17,21,1,1,1,14,7,0,0,0,0,1,9,1,70,5,3,1,1,75,51,61,41,0,0,0,0,0,0,0,0,0,10,0,4,0,0,0,0,0,4,2,35.58631722222223,139.67611777777776,3,3,0,0,0,0
1,30,220,187,2,0,1,30180,0,111,2022,10,7,8,10,12,5,40,17,17,3,1,2,1,7,9,22,0,0,14,8,30,70,5,2,1,75,25,3,61,31,0,1,0,1,0,11,0,3,0,10,0,4,0,2,0,2,0,4,2,35.59294277777778,139.6987863888889,6,3,680,0,9,0
1,30,220,191,2,0,1,30000,0,111,2022,10,14,17,42,21,5,46,17,7,2,1,1,14,7,0,0,0,0,2,9,1,70,5,2,1,65,35,13,61,31,0,11,0,1,0,11,0,2,0,30,0,3,0,2,0,2,0,4,2,35.59546027777778,139.67059694444444,6,3,9999,0,9,0
1,30,220,209,2,0,1,30000,0,111,2022,7,15,18,29,13,4,36,18,57,3,1,2,14,7,0,0,0,0,2,9,1,70,5,3,1,65,25,13,61,31,0,11,0,1,0,11,0,2,0,40,0,3,0,2,0,2,0,4,2,35.605249722222226,139.68549972222223,6,3,9999,0,9,0
1,30,221,271,2,0,1,150,159,111,2022,10,3,18,40,22,5,37,17,22,2,1,1,14,7,0,0,0,0,5,7,1,70,1,1,1,45,55,14,61,31,0,11,0,1,0,11,0,5,0,10,0,3,0,2,0,2,0,4,2,35.55636166666666,139.72096472222222,2,3,9999,0,9,0
1,30,221,278,2,0,1,30000,0,111,2022,10,8,12,8,12,5,41,17,15,1,1,1,14,7,0,0,0,0,2,9,1,70,5,2,1,45,75,52,61,41,0,0,0,0,0,0,0,0,0,10,0,3,0,0,0,0,0,4,2,35.56182472222222,139.71498444444444,7,3,0,0,0,0
1,30,221,283,2,0,1,95000,0,111,2022,10,13,17,50,21,5,45,17,9,3,1,2,14,7,0,0,0,0,3,9,1,70,4,1,1,75,55,51,61,41,0,0,0,0,0,0,0,0,0,10,0,3,0,0,0,0,0,4,2,35.56328638888888,139.73497333333333,5,3,0,0,0,0
1,30,221,284,2,0,1,30000,0,111,2022,10,6,19,26,22,5,40,17,18,2,1,1,14,7,0,0,0,0,2,9,1,70,5,3,1,45,35,14,61,1,0,11,0,1,0,11,0,2,0,20,0,3,0,2,0,1,0,4,2,35.55970333333333,139.71560333333332,5,3,9999,0,9,0
1,30,221,287,2,0,1,95000,0,111,2022,10,20,16,30,13,5,52,17,0,1,1,1,14,7,0,0,0,0,3,8,1,70,5,4,1,1,55,51,61,41,0,0,0,0,0,0,0,0,0,10,0,3,0,0,0,0,0,4,2,35.545679444444445,139.70265416666666,5,3,0,0,0,0
1,30,222,253,1,1,0,10200,0,111,2022,10,15,2,20,22,5,47,17,6,2,1,2,1,1,9,22,0,0,18,9,30,70,5,2,1,45,65,17,61,1,0,11,0,2,0,11,0,10,0,10,0,3,0,2,0,2,0,4,1,35.563741666666665,139.69900444444445,7,3,9999,0,1,0
1,30,222,261,2,0,1,20180,0,111,2022,10,13,13,0,12,5,45,17,9,1,1,1,14,7,0,0,0,0,3,9,1,70,5,1,1,55,25,3,61,31,0,1,0,1,0,11,0,3,0,48,0,2,0,2,0,2,0,4,2,35.572744722222225,139.70183805555556,5,3,9999,0,9,0
1,30,222,269,2,0,1,30000,0,111,2022,10,21,14,35,12,5,52,16,58,1,1,1,14,7,0,0,0,0,2,9,1,70,5,3,1,65,45,3,61,31,0,1,0,1,0,11,0,2,0,80,0,3,0,2,0,2,0,4,2,35.58486805555556,139.70217305555553,6,3,9999,0,9,0
1,30,222,271,2,0,1,10,134,111,2022,10,23,15,0,12,5,54,16,56,1,1,1,1,7,9,22,0,0,11,9,30,70,4,1,1,45,1,51,61,41,0,0,0,0,0,0,0,0,0,10,0,3,0,0,0,0,0,4,2,35.597416111111116,139.71192,1,3,0,0,0,0
1,30,222,274,2,0,1,30000,0,111,2022,10,29,12,23,12,6,0,16,49,1,1,1,1,7,1,21,0,0,11,9,30,70,5,3,1,65,1,3,61,31,0,1,0,1,0,11,0,5,0,40,0,3,0,2,0,2,0,4,2,35.58629638888889,139.70492194444444,7,3,9999,0,4,0
1,30,222,279,2,0,1,30000,0,111,2022,10,23,15,35,12,5,54,16,56,1,1,1,14,7,0,0,0,0,2,7,1,70,5,4,1,45,1,3,61,31,0,1,0,1,0,11,0,10,0,80,0,4,0,2,0,2,0,4,2,35.590786666666666,139.70246777777777,1,3,9999,0,9,0
1,30,325,185,2,0,1,10210,0,112,2022,9,6,5,55,11,5,17,18,2,1,1,1,1,7,9,22,0,0,14,9,30,70,4,2,1,35,45,34,61,31,0,0,0,0,0,11,0,3,0,10,0,3,0,0,0,0,0,4,2,35.64324444444444,139.66274722222224,3,3,9999,0,1,0
1,30,325,187,2,0,1,10210,0,112,2022,10,3,5,30,23,5,37,17,22,1,1,1,1,1,9,22,0,0,14,9,30,70,4,1,1,65,65,3,61,31,0,1,0,1,0,11,0,3,0,10,0,3,0,2,0,2,0,4,2,35.63818916666666,139.62462333333335,2,3,9999,0,9,0
1,30,325,189,2,0,1,99000,0,112,2022,8,23,10,0,12,5,6,18,21,1,1,1,0,7,0,0,0,0,0,0,20,70,0,4,1,35,75,14,61,31,0,11,0,1,0,11,0,10,0,30,0,3,0,2,0,2,0,4,2,35.639185,139.65133861111113,3,3,9999,0,1,0
1,30,325,195,2,0,1,10200,0,112,2022,10,31,10,5,12,6,2,16,47,1,1,1,14,7,0,0,0,0,6,9,1,70,1,2,1,1,35,3,61,31,0,1,0,1,0,11,0,5,0,10,0,3,0,2,0,2,0,4,2,35.638171666666665,139.62034111111112,2,3,9999,0,1,0
1,30,325,196,2,0,1,30000,0,112,2022,10,14,18,40,22,5,46,17,7,2,1,1,7,7,0,0,0,0,3,9,1,70,4,2,1,75,1,3,61,1,0,1,0,1,0,11,0,2,0,80,0,4,0,2,0,2,0,4,2,35.64498972222222,139.65146583333333,6,3,480,0,9,0
1,30,326,345,2,0,1,30000,0,112,2022,10,21,15,40,12,5,52,16,58,1,1,1,14,7,0,0,0,0,1,9,1,70,5,4,1,25,75,14,61,1,0,11,0,1,0,11,0,10,0,80,0,4,0,2,0,2,0,4,2,35.66281166666666,139.66778027777778,6,3,9999,0,1,0
1,30,326,347,2,0,1,30000,0,112,2022,9,20,17,40,13,5,27,17,41,2,1,1,1,7,9,22,0,0,11,9,30,70,5,4,1,1,55,51,61,41,0,0,0,0,0,0,0,0,0,10,0,4,0,0,0,0,0,4,2,35.660874166666666,139.6686286111111,3,3,0,0,0,0
1,30,326,359,2,0,1,20260,0,112,2022,10,29,14,21,12,6,0,16,49,1,1,1,14,7,0,0,0,0,2,8,1,70,5,2,1,65,75,51,61,41,0,0,0,0,0,0,0,0,0,30,0,3,0,0,0,0,0,4,2,35.65461611111111,139.67339583333333,7,3,0,0,0,0
1,30,326,361,2,0,1,30000,0,112,2022,5,31,16,42,12,4,27,18,51,2,1,1,14,7,0,0,0,0,2,9,1,70,5,3,1,75,45,4,61,31,0,1,0,1,0,11,0,2,0,20,0,4,0,2,0,2,0,4,2,35.65963361111111,139.66771694444444,3,3,134,0,9,0
1,30,326,362,2,0,1,10130,0,112,2022,10,30,22,5,22,6,1,16,48,1,1,1,1,1,9,22,0,0,19,9,30,70,1,2,1,45,35,33,61,31,0,0,0,0,0,11,0,4,0,10,0,3,0,0,0,0,0,4,2,35.669245555555555,139.66141916666666,1,3,9999,0,5,0
1,30,326,366,2,0,1,30000,0,112,2022,9,26,7,58,12,5,32,17,33,1,1,1,14,7,0,0,0,0,2,9,1,70,5,1,1,45,1,51,61,41,0,0,0,0,0,0,0,0,0,10,0,3,0,0,0,0,0,4,2,35.652589722222224,139.63937333333334,2,3,0,0,0,0
1,30,327,370,2,0,1,30000,0,112,2022,9,6,16,50,12,5,17,18,2,1,1,1,14,7,0,0,0,0,3,9,1,70,5,3,1,45,45,3,61,31,0,1,0,1,0,11,0,2,0,40,0,4,0,2,0,2,0,4,2,35.606299166666666,139.66984555555555,3,3,9999,0,1,0
1,30,327,377,2,0,2,30000,0,112,2022,10,7,20,54,22,5,40,17,17,3,1,2,1,7,9,22,0,0,15,9,30,70,4,1,1,55,25,36,61,31,0,0,0,0,0,11,0,2,0,20,0,3,0,0,0,0,0,2,2,35.627231111111115,139.63514666666666,6,3,9999,0,9,0
1,30,327,398,2,0,1,10080,0,112,2022,10,21,18,0,22,5,52,16,58,1,1,1,14,7,0,0,0,0,3,9,1,70,1,2,1,55,0,61,0,0,0,0,0,0,0,0,0,0,0,0,0,0,0,0,0,0,0,2,0,35.61199888888889,139.65388000000002,6,3,0,0,0,0
1,30,327,402,2,0,1,2460,100,112,2022,10,22,22,10,22,5,53,16,57,1,1,1,1,1,9,22,0,0,19,9,30,70,1,1,1,55,25,3,61,31,0,1,0,1,0,11,0,5,0,10,0,3,0,2,0,2,0,4,2,35.63114083333333,139.65665611111112,7,3,9999,0,9,0
1,30,327,403,2,0,1,30000,0,112,2022,10,25,8,36,12,5,56,16,54,2,1,1,1,7,9,22,0,0,15,7,30,70,5,3,1,35,25,3,61,31,0,1,0,1,0,11,0,2,0,20,0,2,0,2,0,2,0,4,2,35.619615555555555,139.65169694444444,3,3,9999,0,5,0
1,30,327,407,2,0,1,20240,0,112,2022,10,26,7,25,12,5,57,16,53,1,1,1,1,1,9,22,0,0,15,9,30,70,4,2,1,45,65,3,61,31,0,1,0,1,0,11,0,3,0,50,0,4,0,2,0,2,0,4,2,35.62129027777778,139.65204277777778,4,3,9999,0,9,0
1,30,327,411,2,0,1,30190,0,112,2022,10,28,6,50,11,5,59,16,50,1,1,1,14,7,0,0,0,0,3,9,1,70,4,1,1,1,75,51,61,41,0,0,0,0,0,0,0,0,0,10,0,4,0,0,0,0,0,4,2,35.63332111111111,139.6323838888889,6,3,0,0,0,0
1,30,327,417,2,0,1,30000,0,112,2022,10,31,14,25,12,6,2,16,47,1,1,1,1,7,9,22,0,0,14,9,30,70,5,3,1,45,65,14,61,31,0,11,0,1,0,11,0,2,0,10,0,3,0,2,0,2,0,4,2,35.61913527777778,139.66199305555557,2,3,9999,0,9,0
1,30,327,420,2,0,1,30190,0,112,2022,10,10,8,4,12,5,43,17,13,2,1,2,1,1,9,22,0,0,16,9,30,70,5,2,1,55,55,3,61,31,0,1,0,1,0,11,0,3,0,10,0,3,0,2,0,2,0,4,2,35.61288138888889,139.64792055555554,2,1,9999,0,9,0
1,30,328,420,2,0,1,30000,0,112,2022,10,7,15,40,12,5,40,17,17,3,1,2,1,1,9,22,0,0,15,9,30,70,4,2,1,65,45,3,61,31,0,1,0,1,0,11,0,3,0,10,0,3,0,2,0,2,0,4,2,35.65508416666667,139.61264111111112,6,3,9999,0,9,0
1,30,328,430,2,0,1,30000,0,112,2022,10,15,9,20,12,5,47,17,6,2,1,1,14,7,0,0,0,0,2,9,1,70,5,4,1,1,75,51,61,41,0,0,0,0,0,0,0,0,0,10,0,3,0,0,0,0,0,4,2,35.61815027777778,139.61452972222222,7,3,0,0,0,0
1,30,328,437,2,0,1,30000,0,112,2022,10,18,15,10,12,5,50,17,2,2,1,1,14,7,0,0,0,0,1,9,1,1,5,3,1,1,75,51,61,41,0,0,0,0,0,0,0,0,0,10,0,3,0,0,0,0,0,4,2,35.66314111111111,139.63263166666667,3,3,0,0,0,0
1,30,328,440,2,0,1,30000,0,112,2022,10,19,18,30,22,5,51,17,1,1,1,1,14,7,0,0,0,0,2,9,1,70,5,3,1,1,75,51,61,41,0,0,0,0,0,0,0,0,0,20,0,4,0,0,0,0,0,4,2,35.63303472222222,139.59965805555555,4,3,0,0,0,0
1,30,328,445,2,0,1,30000,0,112,2022,10,21,20,55,22,5,52,16,58,1,1,1,1,7,1,22,0,0,11,9,30,70,5,2,1,65,45,4,61,31,0,1,0,1,0,11,0,10,0,10,0,3,0,2,0,2,0,4,2,35.66061666666666,139.61622777777777,6,3,9999,0,9,0
1,30,328,456,2,0,1,30000,0,112,2022,10,5,16,11,12,5,39,17,20,3,1,1,14,7,0,0,0,0,4,8,1,70,4,2,1,55,35,1,61,1,0,1,0,1,0,11,0,3,0,10,0,4,0,2,0,2,0,4,2,35.63334777777778,139.60416055555555,4,3,9999,0,9,0