資料区分,都道府県コード,警察署等コード,本票番号,事故内容,死者数,負傷者数,路線コード,地点コード,市区町村コード,発生日時　　年,発生日時　　月,発生日時　　日,発生日時　　時,発生日時　　分,昼夜,日の出時刻　　時,日の出時刻　　分,日の入り時刻　　時,日の入り時刻　　分,天候,地形,路面状態,道路形状,信号機,一時停止規制　標識（当事者A）,一時停止規制　表示（当事者A）,一時停止規制　標識（当事者B）,一時停止規制　表示（当事者B）,車道幅員,道路線形,衝突地点,ゾーン規制,中央分離帯施設等,歩車道区分,事故類型,年齢（当事者A）,年齢（当事者B）,当事者種別（当事者A）,当事者種別（当事者B）,用途別（当事者A）,用途別（当事者B）,車両形状等（当事者A）,車両形状等（当事者B）,オートマチック車（当事者A）,オートマチック車（当事者B）,サポカー（当事者A）,サポカー（当事者B）,速度規制（指定のみ）（当事者A）,速度規制（指定のみ）（当事者B）,車両の衝突部位（当事者A）,車両の衝突部位（当事者B）,車両の損壊程度（当事者A）,車両の損壊程度（当事者B）,エアバッグの装備（当事者A）,エアバッグの装備（当事者B）,サイドエアバッグの装備（当事者A）,サイドエアバッグの装備（当事者B）,人身損傷程度（当事者A）,人身損傷程度（当事者B）,lat,lon,曜日(発生年月日),祝日(発生年月日),認知機能検査経過日数（当事者A）,認知機能検査経過日数（当事者B）,運転練習の方法（当事者A）,運転練習の方法（当事者B）
1,30,328,460,2,0,1,95000,0,112,2022,10,25,6,50,11,5,56,16,54,1,1,1,1,7,9,22,0,0,11,9,30,70,5,3,1,1,75,51,61,41,0,0,0,0,0,0,0,0,0,10,0,3,0,0,0,0,0,4,2,35.630698055555555,139.61096,3,3,0,0,0,0
1,30,328,461,2,0,1,30000,0,112,2022,9,1,7,50,12,5,13,18,9,2,1,1,14,7,0,0,0,0,1,9,1,70,5,1,1,1,75,51,61,41,0,0,0,0,0,0,0,0,0,10,0,3,0,0,0,0,0,4,2,35.62001638888889,139.61244333333332,5,3,0,0,0,0
1,30,329,214,2,0,1,30000,0,110,2022,6,15,21,55,22,4,25,18,58,1,1,1,13,7,0,0,0,0,2,3,1,70,5,3,1,35,0,61,0,0,0,0,0,0,0,0,0,0,0,0,0,0,0,0,0,0,0,2,0,35.65481805555555,139.68689972222222,4,3,0,0,0,0
1,30,329,224,2,0,1,30000,0,110,2022,10,13,19,47,22,5,45,17,9,3,1,2,1,7,1,21,0,0,12,9,30,70,5,3,1,55,35,3,61,31,0,1,0,1,0,11,0,2,0,70,0,4,0,2,0,2,0,4,2,35.64246361111111,139.69674,5,3,9999,0,1,0
1,30,329,228,2,0,1,30000,0,110,2022,10,26,16,25,13,5,57,16,53,1,1,1,1,7,9,22,0,0,15,9,30,70,5,1,1,65,45,3,61,1,0,1,0,1,0,11,0,10,0,40,0,4,0,2,0,2,0,4,2,35.63652916666667,139.70751888888887,4,3,9999,0,9,0
1,30,329,231,2,0,1,30000,0,110,2022,10,2,19,15,22,5,36,17,24,1,1,1,1,1,9,22,0,0,11,9,30,70,5,3,1,55,1,4,61,31,0,1,0,1,0,11,0,2,0,20,0,3,0,2,0,2,0,4,2,35.635335,139.69781166666667,1,3,9999,0,9,0
1,30,329,232,2,0,1,2460,62,110,2022,10,31,21,14,22,6,2,16,47,1,1,1,1,7,1,21,0,0,13,9,30,70,5,2,1,55,35,1,61,1,0,1,0,1,0,11,0,5,0,40,0,3,0,2,0,2,0,4,2,35.652699444444444,139.68872416666667,2,3,9999,0,9,0
1,30,329,233,2,0,1,20240,0,110,2022,6,30,21,45,22,4,28,19,1,1,1,1,1,1,9,22,0,0,15,9,30,70,5,1,1,65,25,3,61,1,0,1,0,1,0,11,0,3,0,10,0,4,0,2,0,2,0,4,2,35.63241444444444,139.68693694444445,5,3,9999,0,9,0
1,30,330,293,2,0,1,30000,0,110,2022,10,1,18,3,21,5,36,17,25,1,1,1,1,7,9,22,0,0,15,9,30,70,4,3,1,65,35,3,61,1,0,1,0,1,0,11,0,3,0,10,0,3,0,2,0,2,0,4,2,35.62832888888889,139.68336722222222,7,3,9999,0,9,0
1,30,330,295,2,0,1,30000,0,110,2022,10,1,17,28,21,5,36,17,25,1,1,1,14,7,0,0,0,0,2,9,1,70,5,3,1,35,45,51,61,41,0,0,0,0,0,0,0,0,0,10,0,4,0,0,0,0,0,4,2,35.606768055555555,139.66813888888888,7,3,0,0,0,0
1,30,330,300,2,0,1,30000,0,110,2022,10,6,19,40,22,5,40,17,18,2,1,2,14,7,0,0,0,0,3,9,1,70,4,1,1,1,75,36,61,31,0,0,0,0,0,11,0,2,0,10,0,4,0,0,0,0,0,4,2,35.62217805555556,139.67270194444444,5,3,9999,0,1,0
1,30,330,301,2,0,1,30000,0,110,2022,10,5,18,35,22,5,39,17,20,3,1,1,1,7,9,22,0,0,15,9,30,70,5,3,1,1,35,51,61,41,0,0,0,0,0,0,0,0,0,10,0,3,0,0,0,0,0,4,2,35.62947861111111,139.68979361111113,4,3,0,0,0,0
1,30,330,314,2,0,1,30000,0,110,2022,10,19,10,42,12,5,51,17,1,2,1,1,14,7,0,0,0,0,1,9,1,70,5,3,1,45,65,3,61,31,0,1,0,1,0,11,0,10,0,10,0,4,0,2,0,2,0,4,2,35.61728361111111,139.67607555555554,4,3,9999,0,9,0
1,30,330,318,2,0,1,30000,0,110,2022,10,23,13,20,12,5,54,16,56,1,1,1,14,7,0,0,0,0,3,9,1,70,4,3,1,35,25,3,61,31,0,1,0,1,0,11,0,2,0,40,0,3,0,2,0,2,0,4,2,35.60944444444445,139.66467861111113,1,3,9999,0,1,0
1,30,330,321,2,0,1,30000,0,110,2022,10,6,17,6,13,5,40,17,18,2,1,1,14,7,0,0,0,0,1,9,1,70,4,4,1,45,25,3,61,31,0,1,0,1,0,11,0,10,0,40,0,4,0,2,0,2,0,4,2,35.612341666666666,139.68393083333333,5,3,9999,0,5,0
1,30,331,263,2,0,1,30220,0,113,2022,10,5,19,40,22,5,39,17,20,3,1,2,1,7,1,21,0,0,14,9,30,70,4,1,1,35,55,4,61,31,0,1,0,1,0,11,0,2,0,10,0,3,0,2,0,2,0,4,2,35.65991333333333,139.7048697222222,4,3,9999,0,9,0
1,30,331,266,2,0,1,2460,40,113,2022,10,9,16,50,13,5,42,17,14,3,1,2,14,7,0,0,0,0,6,9,1,70,1,2,1,55,45,13,61,31,0,11,0,1,0,11,0,5,0,30,0,3,0,2,0,2,0,4,2,35.662326944444445,139.70904833333333,1,2,9999,0,9,0
1,30,331,267,2,0,1,30000,0,113,2022,10,4,19,35,22,5,38,17,21,1,1,1,1,7,1,21,0,0,12,9,30,70,5,2,1,55,55,3,61,1,0,1,0,1,0,11,0,10,0,10,0,4,0,2,0,2,0,4,2,35.64897833333333,139.70122138888888,3,3,9999,0,9,0
1,30,331,268,2,0,1,30000,0,113,2022,9,11,21,30,22,5,20,17,55,1,1,1,14,7,0,0,0,0,4,9,1,70,4,2,1,1,35,51,61,41,0,0,0,0,0,0,0,0,0,10,0,4,0,0,0,0,0,4,2,35.66410194444444,139.69908111111113,1,3,0,0,0,0
1,30,331,273,2,0,1,30000,0,113,2022,9,9,13,5,12,5,19,17,57,2,1,1,1,7,0,0,0,0,15,9,30,70,1,1,1,45,0,61,0,0,0,0,0,0,0,0,0,0,0,0,0,0,0,0,0,0,0,2,0,35.66412444444444,139.7029497222222,6,3,0,0,0,0
1,30,331,278,2,0,1,30000,0,113,2022,10,24,17,20,21,5,55,16,55,1,1,1,1,7,9,22,0,0,11,9,30,1,4,1,1,55,1,13,61,31,0,11,0,1,0,11,0,2,0,80,0,3,0,2,0,2,0,4,2,35.649389722222224,139.70065277777778,2,3,9999,0,9,0
1,30,331,286,2,0,1,30000,0,113,2022,10,24,11,15,12,5,55,16,55,3,1,1,1,7,9,22,0,0,11,9,30,70,4,1,1,45,35,3,61,31,0,1,0,1,0,11,0,2,0,20,0,3,0,2,0,2,0,4,2,35.65490805555555,139.69654833333334,2,3,9999,0,1,0
1,30,332,118,2,0,1,30000,0,113,2022,8,17,10,20,12,5,1,18,28,3,1,4,14,7,0,0,0,0,2,9,1,70,5,4,1,45,25,3,61,31,0,1,0,1,0,11,0,10,0,40,0,4,0,2,0,2,0,4,2,35.66872305555555,139.70331694444442,4,3,9999,0,9,0
1,30,332,125,2,0,1,10090,0,113,2022,10,12,8,25,12,5,45,17,10,2,1,1,14,7,0,0,0,0,5,9,1,70,4,1,1,45,1,51,61,41,0,0,0,0,0,0,0,0,0,10,0,4,0,0,0,0,0,4,2,35.66994916666666,139.706685,4,3,0,0,0,0
1,30,332,130,2,0,1,30000,0,113,2022,10,24,19,50,22,5,55,16,55,1,1,1,7,7,0,0,0,0,3,9,1,70,5,4,1,25,1,3,61,31,0,1,0,1,0,11,0,2,0,10,0,3,0,2,0,2,0,4,2,35.66744583333333,139.70719499999998,2,3,9999,0,1,0
1,30,333,254,1,1,1,10160,0,113,2022,10,23,21,23,22,5,54,16,56,1,1,1,14,7,0,0,0,0,5,9,1,70,1,2,1,45,75,34,61,31,0,0,0,0,0,11,0,10,0,10,0,3,0,0,0,0,0,2,1,35.67682972222222,139.6879536111111,1,3,9999,0,9,0
1,30,333,255,2,0,1,30000,0,113,2022,10,1,14,53,12,5,36,17,25,1,1,1,14,7,0,0,0,0,1,9,1,70,5,2,1,1,1,36,61,31,0,0,0,0,0,11,0,2,0,10,0,3,0,0,0,0,0,4,2,35.66367222222222,139.68114388888887,7,3,9999,0,4,0
1,30,333,263,2,0,1,30000,0,113,2022,10,7,14,25,12,5,40,17,17,3,1,2,14,7,0,0,0,0,3,9,1,70,5,1,1,1,65,51,61,41,0,0,0,0,0,0,0,0,0,10,0,3,0,0,0,0,0,4,2,35.68279027777778,139.68467666666666,6,3,0,0,0,0
1,30,333,272,2,0,1,30000,0,113,2022,10,15,13,0,12,5,47,17,6,1,1,1,14,5,0,0,0,0,4,9,1,70,5,1,1,35,75,3,61,31,0,1,0,1,0,11,0,4,0,40,0,3,0,2,0,2,0,4,2,35.679652499999996,139.69413777777777,7,3,9999,0,5,0
1,30,333,279,2,0,1,20280,0,113,2022,10,18,20,50,22,5,50,17,2,3,1,2,14,7,0,0,0,0,4,9,1,70,4,1,1,45,25,35,61,31,0,0,0,0,0,11,0,3,0,10,0,3,0,0,0,0,0,4,2,35.67838361111111,139.67022444444444,3,3,9999,0,5,0
1,30,333,283,2,0,1,20330,0,113,2022,10,22,22,23,22,5,53,16,57,1,1,1,1,1,9,22,0,0,15,9,30,70,1,3,1,55,55,3,61,1,0,1,0,1,0,11,0,3,0,10,0,3,0,2,0,2,0,4,2,35.679877499999996,139.67680166666665,7,3,9999,0,9,0
1,30,333,287,2,0,1,30000,0,113,2022,10,26,11,30,12,5,57,16,53,1,1,1,14,7,0,0,0,0,3,7,1,70,5,3,1,65,25,52,61,41,0,0,0,0,0,0,0,0,0,30,0,4,0,0,0,0,0,4,2,35.67495583333333,139.6628363888889,4,3,0,0,0,0
1,30,333,288,2,0,1,30000,0,113,2022,10,26,22,40,22,5,57,16,53,1,1,1,14,7,0,0,0,0,3,9,1,70,5,3,1,1,35,51,61,41,0,0,0,0,0,0,0,0,0,10,0,4,0,0,0,0,0,4,2,35.68424833333333,139.6839663888889,4,3,0,0,0,0
1,30,333,290,2,0,1,30000,0,113,2022,10,14,17,55,21,5,46,17,7,2,1,1,1,7,9,22,0,0,15,9,30,70,5,3,1,35,45,51,61,41,0,0,0,0,0,0,0,0,0,40,0,3,0,0,0,0,0,4,2,35.67626666666666,139.6770672222222,6,3,0,0,0,0
1,30,435,179,2,0,1,10050,0,104,2022,10,18,9,35,12,5,50,17,2,2,1,1,14,7,0,0,0,0,5,9,1,70,4,2,1,1,25,3,61,31,0,1,0,1,0,11,0,5,0,40,0,3,0,2,0,2,0,4,2,35.69135138888888,139.7178236111111,3,3,9999,0,4,0
1,30,435,180,2,0,1,30000,0,104,2022,10,18,17,55,21,5,50,17,2,2,1,1,14,7,0,0,0,0,2,8,1,70,5,3,1,25,65,51,61,41,0,0,0,0,0,0,0,0,0,10,0,3,0,0,0,0,0,4,2,35.702800833333335,139.73995083333332,3,3,0,0,0,0
1,30,435,184,2,0,1,30000,0,104,2022,10,24,9,20,12,5,55,16,55,3,1,2,14,7,0,0,0,0,3,7,1,1,5,3,1,45,75,14,61,1,0,11,0,1,0,11,0,2,0,10,0,4,0,2,0,2,0,4,2,35.692994166666665,139.73496944444443,2,3,9999,0,1,0
1,30,435,186,2,0,1,30000,0,104,2022,10,26,16,0,13,5,57,16,53,1,1,1,14,7,0,0,0,0,3,9,1,70,5,3,1,65,45,13,61,31,0,11,0,1,0,11,0,2,0,40,0,3,0,2,0,2,0,4,2,35.70474277777778,139.7093358333333,4,3,9999,0,9,0
1,30,435,189,2,0,1,20090,0,104,2022,10,29,20,10,22,6,0,16,49,1,1,1,1,1,9,22,0,0,17,9,30,70,3,1,1,65,55,3,61,1,0,1,0,1,0,11,0,2,0,80,0,3,0,2,0,2,0,4,2,35.70122083333334,139.74322055555555,7,3,9999,0,9,0
1,30,436,171,2,0,1,20000,0,104,2022,6,25,9,16,12,4,26,19,1,1,1,1,14,7,0,0,0,0,2,9,1,70,5,3,1,1,0,61,0,0,0,0,0,0,0,0,0,0,0,0,0,0,0,0,0,0,0,2,0,35.70457916666667,139.7052511111111,7,3,0,0,0,0
1,30,436,180,2,0,1,20000,0,104,2022,10,20,23,24,22,5,52,17,0,1,1,1,13,7,0,0,0,0,6,1,1,70,3,2,1,65,75,3,61,1,0,1,0,1,0,11,0,4,0,10,0,3,0,2,0,2,0,4,2,35.691689999999994,139.68879611111112,5,3,37,0,9,0
1,30,436,184,2,0,1,30000,0,104,2022,10,28,8,0,12,5,59,16,50,2,1,1,14,7,0,0,0,0,3,9,1,70,5,2,1,35,1,17,61,31,0,11,0,1,0,11,0,2,0,10,0,3,0,2,0,2,0,4,2,35.69397222222222,139.70159777777778,6,3,9999,0,1,0
1,30,436,187,2,0,1,10090,0,104,2022,10,14,13,45,12,5,46,17,7,2,1,1,14,7,0,0,0,0,3,8,1,70,1,2,1,1,35,51,61,41,0,0,0,0,0,0,0,0,0,10,0,4,0,0,0,0,0,4,2,35.69586527777778,139.70720944444443,6,3,0,0,0,0
1,30,436,188,2,0,1,95000,0,104,2022,9,27,10,25,12,5,32,17,31,1,1,1,1,1,9,22,0,0,19,9,30,70,1,2,1,25,55,3,61,31,0,1,0,1,0,11,0,10,0,80,0,3,0,2,0,2,0,4,2,35.68838722222222,139.69119750000002,3,3,9999,0,4,0
1,30,436,189,2,0,1,10240,0,104,2022,10,5,19,5,22,5,39,17,20,3,1,2,1,7,9,22,0,0,18,7,30,70,1,1,1,65,55,3,61,1,0,1,0,1,0,11,0,4,0,10,0,3,0,2,0,2,0,4,2,35.695567499999996,139.68963444444444,4,3,9999,0,9,0
1,30,437,132,2,0,1,10280,0,104,2022,10,15,10,32,12,5,47,17,6,1,1,1,1,1,9,22,0,0,16,9,30,70,4,2,1,65,75,3,61,31,0,1,0,1,0,11,0,4,0,10,0,3,0,2,0,2,0,4,2,35.712964444444445,139.71415138888887,7,3,9999,0,9,0
1,30,437,139,2,0,1,30000,0,104,2022,10,28,16,45,13,5,59,16,50,1,1,1,14,7,0,0,0,0,2,9,1,70,5,4,1,55,25,3,61,31,0,1,0,1,0,11,0,1,0,40,0,3,0,2,0,2,0,4,2,35.72128472222222,139.6930088888889,6,3,9999,0,9,0
1,30,438,171,2,0,1,30000,0,104,2022,9,24,7,25,12,5,30,17,35,3,1,2,14,7,0,0,0,0,2,9,1,70,5,3,1,1,55,52,61,41,0,0,0,0,0,0,0,0,0,10,0,3,0,0,0,0,0,4,2,35.68091944444444,139.72210194444443,7,3,0,0,0,0
1,30,438,175,2,0,1,20120,0,104,2022,10,1,8,47,12,5,36,17,25,1,1,1,14,7,0,0,0,0,5,8,1,70,1,2,1,55,75,3,61,1,0,1,0,1,0,11,0,4,0,40,0,4,0,2,0,2,0,4,2,35.683055833333334,139.71602888888887,7,3,9999,0,9,0
1,30,438,180,2,0,1,20090,0,104,2022,10,19,9,50,12,5,51,17,1,1,1,1,1,1,9,22,0,0,16,9,30,70,1,1,1,25,55,3,61,31,0,1,0,1,0,11,0,1,0,40,0,3,0,2,0,2,0,4,2,35.688067499999995,139.72991666666667,4,3,9999,0,1,0
1,30,439,207,2,0,1,30300,0,114,2022,10,9,12,57,12,5,42,17,14,2,1,1,1,1,9,22,0,0,14,9,30,70,5,1,1,55,45,3,61,1,0,1,0,1,0,11,0,3,0,10,0,3,0,2,0,2,0,4,2,35.691111388888885,139.67076694444444,1,2,9999,0,9,0
1,30,439,210,2,0,1,10240,0,114,2022,10,14,2,27,22,5,46,17,7,3,1,2,1,1,9,22,0,0,16,9,30,70,5,2,1,35,45,3,61,31,0,1,0,1,0,11,0,5,0,10,0,3,0,2,0,2,0,4,2,35.69755833333333,139.6711597222222,6,3,9999,0,5,0
1,30,439,220,2,0,1,30000,0,114,2022,10,24,21,3,22,5,55,16,55,1,1,1,7,1,0,0,0,0,1,9,1,70,4,2,1,45,1,3,61,1,0,1,0,1,0,11,0,3,0,20,0,3,0,2,0,2,0,4,2,35.69217055555555,139.67439777777776,2,3,9999,0,1,0
1,30,439,223,2,0,1,30000,0,114,2022,10,31,12,44,12,6,2,16,47,1,1,1,14,7,0,0,0,0,2,9,1,1,5,2,1,55,65,3,61,31,0,1,0,1,0,11,0,2,0,20,0,4,0,2,0,2,0,4,2,35.70523,139.66918222222222,2,3,9999,0,9,0
1,30,440,239,2,0,1,30000,0,114,2022,10,6,17,3,13,5,40,17,18,2,1,2,1,1,9,22,0,0,14,9,30,70,5,2,1,35,35,13,61,31,0,11,0,1,0,11,0,2,0,20,0,3,0,2,0,2,0,4,2,35.714712777777784,139.67004083333333,5,3,9999,0,9,0
1,30,440,242,2,0,1,20500,0,114,2022,10,12,6,28,11,5,45,17,10,2,1,1,14,7,0,0,0,0,3,9,1,70,4,2,1,65,55,3,61,31,0,1,0,1,0,11,0,2,0,10,0,3,0,2,0,2,0,4,2,35.720798055555555,139.63678944444445,4,3,9999,0,9,0
1,30,440,244,2,0,1,30000,0,114,2022,10,13,17,55,21,5,45,17,9,3,1,2,1,7,1,21,0,0,11,9,30,70,5,4,1,55,75,36,61,31,0,0,0,0,0,11,0,2,0,40,0,3,0,0,0,0,0,4,2,35.71527555555556,139.66416194444446,5,3,9999,0,9,0
1,30,440,251,2,0,1,30000,0,114,2022,10,16,14,15,12,5,48,17,5,1,1,1,14,7,0,0,0,0,2,9,1,70,5,3,1,1,45,51,61,41,0,0,0,0,0,0,0,0,0,10,0,4,0,0,0,0,0,4,2,35.72223805555556,139.6443625,1,3,0,0,0,0
1,30,440,259,2,0,1,20430,0,114,2022,10,26,13,42,12,5,57,16,53,1,1,1,14,7,0,0,0,0,1,9,1,70,4,2,1,75,45,51,61,41,0,0,0,0,0,0,0,0,0,20,0,3,0,0,0,0,0,4,2,35.73339722222222,139.62735916666668,4,3,0,0,0,0
1,30,441,212,1,1,0,20500,0,115,2022,10,7,15,55,12,5,40,17,17,3,1,2,1,1,9,22,0,0,18,9,30,70,5,1,1,65,65,13,61,31,0,11,0,1,0,11,0,3,0,10,0,3,0,2,0,2,0,4,1,35.69965805555555,139.63552888888887,6,3,9999,0,9,0
1,30,441,215,2,0,1,30000,0,115,2022,10,7,13,35,12,5,40,17,17,3,1,2,14,7,0,0,0,0,2,9,1,70,5,3,1,1,1,51,61,41,0,0,0,0,0,0,0,0,0,10,0,3,0,0,0,0,0,4,2,35.6900875,139.66074972222222,6,3,0,0,0,0
1,30,441,218,2,0,1,30000,0,115,2022,10,7,17,20,21,5,40,17,17,3,1,2,1,1,9,22,0,0,11,9,30,70,4,2,1,35,75,13,61,31,0,11,0,1,0,11,0,5,0,10,0,3,0,2,0,2,0,4,2,35.705088333333336,139.6495636111111,6,3,9999,0,1,0
1,30,441,227,2,0,1,10240,0,115,2022,10,24,9,40,12,5,55,16,55,3,1,2,0,7,0,0,0,0,0,0,20,70,0,2,1,35,75,3,61,31,0,1,0,1,0,11,0,10,0,30,0,3,0,2,0,2,0,4,2,35.70316027777778,139.62791416666667,2,3,9999,0,5,0
1,30,441,234,2,0,1,10240,0,115,2022,10,29,17,23,21,6,0,16,49,1,1,1,1,7,9,22,0,0,13,9,30,70,5,2,1,65,55,14,61,1,0,11,0,1,0,11,0,1,0,10,0,3,0,2,0,2,0,4,2,35.698056666666666,139.65048444444446,7,3,9999,0,9,0
1,30,442,294,2,0,1,20270,0,115,2022,10,7,10,42,12,5,40,17,17,3,1,2,14,7,0,0,0,0,4,9,1,70,4,1,1,25,25,14,61,31,0,11,0,1,0,11,0,3,0,10,0,3,0,2,0,2,0,4,2,35.68069,139.63498666666666,6,3,9999,0,1,0
1,30,442,298,2,0,1,30000,0,115,2022,10,7,15,40,12,5,40,17,17,3,1,2,14,7,0,0,0,0,2,9,1,70,5,3,1,25,45,51,61,41,0,0,0,0,0,0,0,0,0,10,0,4,0,0,0,0,0,4,2,35.682811944444445,139.62722333333335,6,3,0,0,0,0
1,30,442,304,2,0,1,30000,0,115,2022,9,10,19,30,22,5,20,17,56,1,1,1,14,7,0,0,0,0,2,9,1,70,5,3,1,75,45,3,61,31,0,1,0,1,0,11,0,2,0,40,0,3,0,2,0,2,0,4,2,35.67993388888889,139.62764444444446,7,3,184,0,9,0
1,30,442,305,2,0,1,20000,0,115,2022,10,21,12,25,12,5,52,16,58,1,1,1,1,1,9,22,0,0,12,9,30,70,5,2,1,75,1,3,61,31,0,1,0,1,0,11,0,4,0,10,0,3,0,2,0,2,0,4,2,35.68386722222222,139.59794944444445,6,3,226,0,9,0
1,30,442,313,2,0,1,95000,0,115,2022,10,29,22,45,22,6,0,16,49,1,1,1,14,1,0,0,0,0,2,9,1,70,5,3,1,1,45,3,61,31,0,1,0,1,0,11,0,2,0,40,0,3,0,2,0,2,0,4,2,35.688766666666666,139.60862555555556,7,3,9999,0,1,0
1,30,442,315,2,0,1,20270,0,115,2022,9,14,17,15,13,5,23,17,50,1,1,1,1,7,9,22,0,0,14,9,30,70,4,2,1,1,65,51,61,41,0,0,0,0,0,0,0,0,0,10,0,3,0,0,0,0,0,4,2,35.68528666666666,139.62579833333334,4,3,0,0,0,0
1,30,442,316,2,0,1,30000,0,115,2022,4,7,9,10,12,5,20,18,8,1,1,1,14,7,0,0,0,0,3,9,1,70,5,3,1,55,35,3,61,1,0,1,0,1,0,11,0,5,0,40,0,4,0,2,0,2,0,4,2,35.678710277777775,139.60993,5,3,9999,0,9,0
1,30,442,317,2,0,1,30000,0,115,2022,10,28,11,10,12,5,59,16,50,1,1,1,14,7,0,0,0,0,1,8,1,70,5,3,1,45,45,12,61,1,0,11,0,1,0,11,0,1,0,40,0,4,0,2,0,2,0,4,2,35.69818333333333,139.60017833333333,6,3,9999,0,9,0
1,30,443,157,2,0,1,30000,0,115,2022,10,4,20,53,22,5,38,17,21,1,1,1,1,1,9,22,0,0,12,9,30,70,4,2,1,1,35,3,61,31,0,1,0,1,0,11,0,3,0,10,0,3,0,2,0,2,0,4,2,35.727585833333336,139.6202225,3,3,9999,0,1,0
1,30,443,163,2,0,1,30000,0,115,2022,10,16,11,15,12,5,48,17,5,1,1,1,14,7,0,0,0,0,2,9,1,1,5,3,1,55,35,14,61,1,0,11,0,1,0,11,0,2,0,10,0,4,0,2,0,2,0,4,2,35.71499916666667,139.6241136111111,1,3,9999,0,9,0
1,30,443,164,2,0,1,30000,0,115,2022,10,17,17,19,21,5,49,17,3,2,1,2,1,7,9,22,0,0,13,9,30,70,4,1,1,45,1,3,61,31,0,1,0,1,0,11,0,2,0,10,0,3,0,2,0,2,0,4,2,35.725863333333336,139.60367194444444,2,3,9999,0,1,0
1,30,443,171,2,0,1,30000,0,115,2022,10,29,6,30,11,6,0,16,49,1,1,1,14,7,0,0,0,0,1,9,1,70,4,2,1,35,1,3,61,31,0,1,0,1,0,11,0,2,0,10,0,3,0,2,0,2,0,4,2,35.70356888888889,139.62599527777778,7,3,9999,0,5,0
1,30,545,88,2,0,1,20360,0,105,2022,10,18,9,15,12,5,50,17,2,1,1,1,14,7,0,0,0,0,4,9,1,70,4,2,1,45,55,24,61,0,0,0,0,0,0,11,0,10,0,10,0,3,0,0,0,0,0,4,2,35.718583333333335,139.74306388888888,3,3,9999,0,9,0
1,30,545,89,2,0,1,20000,0,105,2022,8,12,10,40,12,4,57,18,34,3,1,2,7,7,0,0,0,0,6,9,1,70,1,2,1,45,25,3,61,31,0,1,0,1,0,11,0,3,0,40,0,4,0,2,0,2,0,4,2,35.70554694444445,139.75413694444444,6,3,9999,0,1,0
1,30,545,92,2,0,1,30000,0,105,2022,10,24,16,35,13,5,55,16,55,2,1,1,14,7,0,0,0,0,1,9,1,70,5,2,1,35,35,51,61,41,0,0,0,0,0,0,0,0,0,10,0,3,0,0,0,0,0,4,2,35.70713361111111,139.75171972222222,2,3,0,0,0,0
1,30,547,114,2,0,1,10290,0,105,2022,10,25,23,47,22,5,56,16,54,3,1,2,1,1,9,22,0,0,18,9,30,70,4,2,1,55,25,36,61,31,0,0,0,0,0,11,0,2,0,10,0,3,0,0,0,0,0,4,2,35.70326166666667,139.76388194444445,3,3,9999,0,9,0
1,30,548,76,2,0,1,20370,0,105,2022,10,16,17,56,21,5,48,17,5,2,1,1,7,7,0,0,0,0,3,9,1,70,4,2,1,55,75,1,61,1,0,1,0,1,0,11,0,3,0,0,0,4,0,2,0,2,0,4,2,35.73202194444445,139.75893666666667,1,3,9999,0,9,0
1,30,548,77,2,0,1,30000,0,105,2022,10,18,17,42,21,5,50,17,2,3,1,2,1,7,9,22,0,0,15,9,30,70,4,1,1,45,55,3,61,1,0,1,0,1,0,11,0,2,0,10,0,4,0,2,0,2,0,4,2,35.732063333333336,139.75187027777778,3,3,9999,0,9,0
1,30,549,85,2,0,1,30000,0,116,2022,10,6,19,0,22,5,40,17,18,3,1,1,14,7,0,0,0,0,3,9,1,1,5,1,1,55,35,3,61,31,0,1,0,1,0,11,0,1,0,11,0,3,0,2,0,2,0,4,2,35.72763722222222,139.72308916666668,5,3,9999,0,9,0
1,30,549,86,2,0,1,30000,0,116,2022,10,4,1,40,22,5,38,17,21,1,1,1,14,7,0,0,0,0,3,9,1,70,5,3,1,55,25,3,61,1,0,1,0,1,0,11,0,2,0,20,0,3,0,2,0,2,0,4,2,35.72742388888889,139.7344436111111,3,3,9999,0,9,0
1,30,549,89,2,0,1,20000,0,116,2022,10,25,16,6,13,5,56,16,54,1,1,1,1,7,9,22,0,0,12,9,30,70,4,2,1,35,75,51,61,41,0,0,0,0,0,0,0,0,0,30,0,3,0,0,0,0,0,4,2,35.73172916666667,139.73044333333334,3,3,0,0,0,0
1,30,549,90,2,0,1,30000,0,116,2022,10,21,11,33,12,5,52,16,58,1,1,1,14,7,0,0,0,0,2,8,1,70,5,4,1,35,55,51,61,41,0,0,0,0,0,0,0,0,0,10,0,4,0,0,0,0,0,4,2,35.73638166666667,139.74643666666665,6,3,0,0,0,0
1,30,550,169,2,0,1,30000,0,116,2022,10,2,14,35,12,5,36,17,24,1,1,1,7,7,0,0,0,0,3,9,1,70,4,2,1,45,75,3,61,1,0,1,0,1,0,11,0,10,0,10,0,3,0,2,0,2,0,4,2,35.728213611111116,139.7073575,1,3,9999,0,1,0
1,30,550,172,2,0,1,30000,0,116,2022,10,5,18,0,21,5,39,17,20,3,1,2,7,7,0,0,0,0,3,9,1,70,5,2,1,55,1,52,61,41,0,0,0,0,0,0,0,0,0,12,0,3,0,0,0,0,0,4,2,35.73428583333333,139.70827388888887,4,3,0,0,0,0