資料区分,都道府県コード,警察署等コード,本票番号,事故内容,死者数,負傷者数,路線コード,地点コード,市区町村コード,発生日時　　年,発生日時　　月,発生日時　　日,発生日時　　時,発生日時　　分,昼夜,日の出時刻　　時,日の出時刻　　分,日の入り時刻　　時,日の入り時刻　　分,天候,地形,路面状態,道路形状,信号機,一時停止規制　標識（当事者A）,一時停止規制　表示（当事者A）,一時停止規制　標識（当事者B）,一時停止規制　表示（当事者B）,車道幅員,道路線形,衝突地点,ゾーン規制,中央分離帯施設等,歩車道区分,事故類型,年齢（当事者A）,年齢（当事者B）,当事者種別（当事者A）,当事者種別（当事者B）,用途別（当事者A）,用途別（当事者B）,車両形状等（当事者A）,車両形状等（当事者B）,オートマチック車（当事者A）,オートマチック車（当事者B）,サポカー（当事者A）,サポカー（当事者B）,速度規制（指定のみ）（当事者A）,速度規制（指定のみ）（当事者B）,車両の衝突部位（当事者A）,車両の衝突部位（当事者B）,車両の損壊程度（当事者A）,車両の損壊程度（当事者B）,エアバッグの装備（当事者A）,エアバッグの装備（当事者B）,サイドエアバッグの装備（当事者A）,サイドエアバッグの装備（当事者B）,人身損傷程度（当事者A）,人身損傷程度（当事者B）,lat,lon,曜日(発生年月日),祝日(発生年月日),認知機能検査経過日数（当事者A）,認知機能検査経過日数（当事者B）,運転練習の方法（当事者A）,運転練習の方法（当事者B）
1,30,550,173,2,0,1,30000,0,116,2022,10,5,18,37,22,5,39,17,20,3,1,2,13,7,0,0,0,0,3,3,1,70,5,2,1,45,35,3,61,1,0,1,0,1,0,11,0,5,0,11,0,3,0,2,0,2,0,4,2,35.731478055555556,139.7100236111111,4,3,9999,0,9,0
1,30,550,176,2,0,1,30780,0,116,2022,10,7,21,55,22,5,40,17,17,3,1,2,14,7,0,0,0,0,2,9,1,70,1,1,1,45,35,51,61,41,0,0,0,0,0,0,0,0,0,10,0,3,0,0,0,0,0,4,2,35.73218583333333,139.70533166666667,6,3,0,0,0,0
1,30,550,180,2,0,1,30000,0,116,2022,10,11,15,33,12,5,44,17,11,2,1,1,14,7,0,0,0,0,2,9,1,70,4,3,1,55,25,3,61,31,0,1,0,1,0,11,0,5,0,14,0,4,0,2,0,2,0,4,2,35.73083555555556,139.7153311111111,3,3,9999,0,9,0
1,30,550,184,2,0,1,95000,0,116,2022,10,14,10,45,12,5,46,17,7,2,1,2,1,7,1,21,0,0,14,9,30,70,4,2,1,65,75,17,61,31,0,11,0,1,0,11,0,2,0,20,0,3,0,2,0,2,0,4,2,35.73444777777778,139.7089172222222,6,3,9999,0,9,0
1,30,550,185,2,0,1,30000,0,116,2022,10,13,13,50,12,5,45,17,9,2,1,2,1,7,9,22,0,0,15,9,30,70,5,3,1,55,45,14,61,31,0,11,0,1,0,11,0,10,0,66,0,3,0,2,0,2,0,4,2,35.72851,139.71765222222223,5,3,9999,0,9,0
1,30,550,186,2,0,1,30000,0,116,2022,9,23,1,10,22,5,29,17,37,1,1,1,7,7,0,0,0,0,2,9,1,70,5,2,1,65,1,3,61,31,0,1,0,1,0,11,0,2,0,40,0,4,0,2,0,2,0,4,2,35.73278361111111,139.71102444444443,6,1,9999,0,9,0
1,30,550,188,2,0,1,30000,0,116,2022,10,27,18,10,22,5,58,16,51,1,1,1,1,7,9,21,0,0,11,9,30,70,5,2,1,55,55,3,61,1,0,1,0,1,0,11,0,3,0,10,0,4,0,2,0,2,0,4,2,35.73657166666667,139.71070138888888,5,3,9999,0,9,0
1,30,551,164,2,0,1,10090,0,116,2022,10,18,15,27,12,5,50,17,2,2,1,1,1,3,0,0,0,0,18,9,30,70,4,1,1,45,0,61,0,0,0,0,0,0,0,0,0,0,0,0,0,0,0,0,0,0,0,2,0,35.72385194444445,139.71162777777778,3,3,0,0,0,0
1,30,552,159,2,0,1,10090,0,117,2022,9,28,11,5,12,5,33,17,30,1,1,1,1,1,9,22,0,0,19,9,30,70,5,1,1,35,75,13,61,31,0,11,0,1,0,11,0,4,0,10,0,3,0,2,0,2,0,4,2,35.73944361111111,139.7686377777778,4,3,9999,0,1,0
1,30,552,164,2,0,1,10090,0,117,2022,10,13,17,51,21,5,45,17,9,3,1,2,14,7,0,0,0,0,2,9,1,70,5,1,1,55,1,4,61,31,0,1,0,1,0,11,0,10,0,10,0,3,0,2,0,2,0,4,2,35.743636111111115,139.72722972222223,5,3,9999,0,9,0
1,30,552,171,2,0,1,30000,0,117,2022,10,25,12,50,12,5,56,16,54,2,1,1,14,7,0,0,0,0,1,9,1,70,5,3,1,25,1,14,61,1,0,11,0,1,0,11,0,1,0,80,0,3,0,2,0,2,0,4,2,35.74272694444444,139.72470833333333,3,3,9999,0,9,0
1,30,552,176,2,0,1,30000,0,117,2022,10,23,21,20,22,5,54,16,56,2,1,1,1,7,1,21,0,0,14,9,30,70,4,2,1,45,35,3,61,31,0,1,0,1,0,11,0,2,0,10,0,4,0,2,0,2,0,4,2,35.73964055555555,139.7563638888889,1,3,9999,0,9,0
1,30,552,177,2,0,2,30000,0,117,2022,10,2,19,55,22,5,36,17,24,1,1,1,14,7,0,0,0,0,4,9,1,70,4,2,1,25,75,35,61,31,0,0,0,0,0,11,0,3,0,11,0,2,0,0,0,0,0,2,2,35.752786666666665,139.72930916666667,1,3,9999,0,1,0
1,30,553,107,2,0,1,10310,0,117,2022,10,12,12,21,12,5,45,17,10,2,1,1,14,7,0,0,0,0,2,9,1,70,4,2,1,35,1,3,61,31,0,1,0,1,0,11,0,2,0,10,0,3,0,2,0,2,0,4,2,35.76156666666667,139.74699999999999,4,3,9999,0,1,0
1,30,553,110,2,0,1,10130,0,117,2022,10,20,16,21,13,5,52,17,0,1,1,1,1,1,9,22,0,0,18,9,30,70,1,2,1,25,65,14,61,1,0,11,0,1,0,11,0,5,0,10,0,3,0,2,0,2,0,4,2,35.768095277777775,139.72937805555557,5,3,9999,0,1,0
1,30,553,112,2,0,1,30000,0,117,2022,10,19,19,3,22,5,51,17,1,1,1,1,14,7,0,0,0,0,1,9,1,70,5,4,1,55,45,3,61,31,0,1,0,1,0,11,0,5,0,20,0,4,0,2,0,2,0,4,2,35.76557805555556,139.71884722222222,4,3,9999,0,9,0
1,30,553,118,2,0,1,30000,0,117,2022,10,22,10,10,12,5,53,16,57,2,1,1,14,7,0,0,0,0,2,9,1,70,5,4,1,75,25,3,61,31,0,1,0,1,0,11,0,1,0,40,0,4,0,2,0,2,0,4,2,35.75989388888889,139.72495944444444,7,3,9999,0,9,0
1,30,554,212,2,0,1,1220,0,117,2022,10,4,5,30,23,5,38,17,21,1,1,1,1,1,9,22,0,0,18,9,30,70,5,1,1,55,65,3,61,31,0,1,0,1,0,11,0,5,0,50,0,3,0,2,0,2,0,4,2,35.769372777777775,139.73406722222222,3,3,9999,0,9,0
1,30,554,230,2,0,1,30000,0,117,2022,10,23,16,10,13,5,54,16,56,1,1,1,14,7,0,0,0,0,3,9,1,70,5,2,1,1,75,51,61,41,0,0,0,0,0,0,0,0,0,10,0,4,0,0,0,0,0,4,2,35.792015,139.69511166666666,1,3,0,0,0,0
1,30,554,232,2,0,1,30000,0,117,2022,10,24,9,30,12,5,55,16,55,3,1,2,1,7,9,22,0,0,11,9,30,70,5,4,1,35,45,51,61,41,0,0,0,0,0,0,0,0,0,10,0,3,0,0,0,0,0,4,2,35.78422305555555,139.71289027777777,2,3,0,0,0,0
1,30,554,234,2,0,1,20000,0,117,2022,10,28,21,40,22,5,59,16,50,1,1,1,14,7,0,0,0,0,3,9,1,70,5,2,1,65,75,3,61,1,0,1,0,1,0,11,0,3,0,40,0,4,0,2,0,2,0,4,2,35.77975083333333,139.72009500000001,6,3,9999,0,9,0
1,30,554,242,2,0,1,30000,0,117,2022,10,14,18,26,22,5,46,17,7,1,1,1,14,7,0,0,0,0,2,9,1,70,5,3,1,25,55,3,61,31,0,1,0,1,0,11,0,2,0,20,0,3,0,2,0,2,0,4,2,35.7763875,139.72980583333333,6,3,9999,0,1,0
1,30,555,364,1,1,0,170,97,119,2022,10,15,3,15,22,5,47,17,6,1,1,1,14,7,0,0,0,0,4,9,1,70,1,1,1,55,1,11,61,1,0,11,0,1,0,11,0,10,0,10,0,3,0,2,0,2,0,4,1,35.749274722222225,139.71608777777777,7,3,9999,0,9,0
1,30,555,394,2,0,1,30000,0,119,2022,10,21,13,15,12,5,52,16,58,1,1,1,14,7,0,0,0,0,1,9,1,70,4,2,1,1,65,51,61,41,0,0,0,0,0,0,0,0,0,10,0,4,0,0,0,0,0,4,2,35.754845277777775,139.68832833333335,6,3,0,0,0,0
1,30,555,395,2,0,1,10130,0,119,2022,10,6,21,55,22,5,40,17,18,2,1,2,14,7,0,0,0,0,3,9,1,70,5,2,1,1,45,51,61,41,0,0,0,0,0,0,0,0,0,10,0,4,0,0,0,0,0,4,2,35.75985555555555,139.6993363888889,5,3,0,0,0,0
1,30,555,399,2,0,1,20000,0,119,2022,10,25,7,30,12,5,56,16,54,2,1,1,14,7,0,0,0,0,3,9,1,70,4,1,1,35,1,13,61,31,0,11,0,1,0,11,0,2,0,40,0,3,0,2,0,2,0,4,2,35.761317222222225,139.7018786111111,3,3,9999,0,1,0
1,30,555,407,2,0,1,30000,0,119,2022,10,28,16,30,13,5,59,16,50,1,1,1,1,7,9,22,0,0,11,9,30,70,5,3,1,1,75,13,61,31,0,11,0,1,0,11,0,2,0,50,0,3,0,2,0,2,0,4,2,35.755966111111114,139.69830611111112,6,3,9999,0,5,0
1,30,555,410,2,0,1,30000,0,119,2022,10,22,18,54,22,5,53,16,57,1,1,1,1,7,9,22,0,0,11,9,30,70,5,2,1,55,55,3,61,31,0,1,0,1,0,11,0,2,0,10,0,3,0,2,0,2,0,4,2,35.76437722222222,139.67912694444445,7,3,9999,0,9,0
1,30,556,205,2,0,1,30760,0,119,2022,10,7,17,35,21,5,40,17,17,3,1,2,1,1,9,22,0,0,14,9,30,70,4,2,1,75,25,3,61,1,0,1,0,1,0,11,0,3,0,10,0,4,0,2,0,2,0,4,2,35.763306666666665,139.69044305555556,6,3,941,0,9,0
1,30,556,212,2,0,1,30000,0,119,2022,10,24,9,0,12,5,55,16,55,3,1,2,14,7,0,0,0,0,2,9,1,70,5,4,1,55,55,3,61,31,0,1,0,1,0,11,0,2,0,40,0,4,0,2,0,2,0,4,2,35.76237416666667,139.70431305555553,2,3,9999,0,9,0
1,30,556,215,2,0,1,30000,0,119,2022,10,25,14,0,12,5,56,16,54,2,1,1,1,1,9,22,0,0,15,9,30,70,4,1,1,1,1,51,61,41,0,0,0,0,0,0,0,0,0,10,0,4,0,0,0,0,0,4,2,35.779091944444446,139.70164444444444,3,3,0,0,0,0
1,30,556,216,2,0,1,30000,0,119,2022,10,8,12,53,12,5,41,17,15,2,1,1,13,7,0,0,0,0,3,3,1,70,4,1,1,45,55,4,61,31,0,1,0,1,0,11,0,2,0,40,0,3,0,2,0,2,0,4,2,35.767095,139.67751194444443,7,3,9999,0,9,0
1,30,556,217,2,0,1,30000,0,119,2022,10,26,7,20,12,5,57,16,53,1,1,1,14,7,0,0,0,0,1,9,1,70,5,3,1,25,55,3,61,31,0,1,0,1,0,11,0,1,0,40,0,3,0,2,0,2,0,4,2,35.77142472222222,139.69965083333335,4,3,9999,0,1,0
1,30,556,221,2,0,1,30000,0,119,2022,9,22,13,12,12,5,29,17,38,2,1,1,14,7,0,0,0,0,2,9,1,70,5,3,1,55,1,3,61,31,0,1,0,1,0,11,0,10,0,40,0,3,0,2,0,2,0,4,2,35.76290638888889,139.69700305555557,5,2,9999,0,9,0
1,30,557,215,2,0,1,20430,0,120,2022,5,19,7,50,12,4,33,18,42,1,1,1,14,7,0,0,0,0,4,9,1,70,4,2,1,25,45,51,61,41,0,0,0,0,0,0,0,0,0,10,0,3,0,0,0,0,0,4,2,35.737208055555556,139.65280805555557,5,3,0,0,0,0
1,30,557,229,2,0,1,30000,0,120,2022,10,7,23,35,22,5,40,17,17,1,1,2,1,1,9,22,0,0,17,9,30,70,4,2,1,1,55,3,61,31,0,1,0,1,0,11,0,3,0,20,0,3,0,2,0,2,0,4,2,35.737565833333335,139.65602694444445,6,3,9999,0,1,0
1,30,557,238,2,0,1,10200,0,120,2022,10,19,6,25,11,5,51,17,1,3,1,2,1,1,9,22,0,0,15,9,30,70,1,2,1,75,1,3,61,31,0,1,0,1,0,11,0,10,0,10,0,3,0,2,0,2,0,4,2,35.75613305555556,139.64920833333332,4,3,434,0,9,0
1,30,557,241,2,0,1,10130,0,120,2022,9,30,8,18,12,5,35,17,27,1,1,1,1,1,9,22,0,0,19,9,30,70,1,1,1,55,45,3,61,31,0,1,0,1,0,11,0,10,0,40,0,3,0,2,0,2,0,4,2,35.73503111111111,139.66260694444446,6,3,9999,0,9,0
1,30,557,242,2,0,1,20430,0,120,2022,10,24,18,30,22,5,55,16,55,1,1,1,1,1,9,22,0,0,12,9,30,70,4,2,1,65,65,3,61,31,0,1,0,1,0,11,0,2,0,10,0,4,0,2,0,2,0,4,2,35.73792888888889,139.65731444444444,2,3,9999,0,9,0
1,30,557,247,2,0,1,30000,0,120,2022,10,28,19,24,22,5,59,16,50,1,1,1,1,7,9,22,0,0,14,9,30,70,5,3,1,35,55,3,61,31,0,1,0,1,0,11,0,2,0,10,0,3,0,2,0,2,0,4,2,35.751578611111114,139.67357055555556,6,3,9999,0,1,0
1,30,557,251,2,0,1,30000,0,120,2022,10,11,18,15,22,5,44,17,11,1,1,1,1,7,1,21,0,0,15,9,30,70,4,3,1,35,45,3,61,31,0,1,0,1,0,11,0,2,0,10,0,3,0,2,0,2,0,4,2,35.74574861111111,139.64853694444443,3,3,9999,0,1,0
1,30,558,190,1,1,0,30000,0,120,2022,10,2,17,24,21,5,36,17,24,1,1,1,1,7,9,22,0,0,14,9,30,70,4,2,1,55,75,14,61,1,0,11,0,1,0,11,0,3,0,50,0,2,0,2,0,2,0,4,1,35.76130027777778,139.57080166666665,1,3,9999,0,9,0
1,30,558,195,2,0,1,30000,0,120,2022,10,16,8,13,12,5,48,17,5,2,1,1,14,7,0,0,0,0,2,9,1,70,5,3,1,25,65,13,61,31,0,11,0,1,0,11,0,2,0,80,0,3,0,2,0,2,0,4,2,35.750569166666665,139.59282777777779,1,3,9999,0,1,0
1,30,558,203,2,0,1,10250,0,120,2022,10,18,7,10,12,5,50,17,2,3,1,2,14,7,0,0,0,0,4,9,1,70,4,1,1,1,75,35,61,31,0,0,0,0,0,11,0,3,0,10,0,3,0,0,0,0,0,4,2,35.73140611111111,139.57402583333334,3,3,9999,0,1,0
1,30,559,168,2,0,1,30930,0,119,2022,10,3,16,42,13,5,37,17,22,1,1,1,1,7,9,22,0,0,15,9,30,70,4,1,1,65,65,34,61,31,0,0,0,0,0,11,0,3,0,10,0,3,0,0,0,0,0,4,2,35.79177555555555,139.65401722222222,2,3,9999,0,9,0
1,30,559,170,2,0,1,30000,0,119,2022,10,6,8,25,12,5,40,17,18,3,1,2,1,1,8,22,0,0,17,9,30,70,5,1,1,55,75,51,61,41,0,0,0,0,0,0,0,0,0,10,0,3,0,0,0,0,0,4,2,35.78868388888889,139.66015694444445,5,3,0,0,0,0
1,30,559,171,2,0,1,30000,0,119,2022,10,8,9,52,12,5,41,17,15,1,1,1,14,7,0,0,0,0,2,9,1,70,4,1,1,25,1,13,61,31,0,11,0,1,0,11,0,2,0,40,0,3,0,2,0,2,0,4,2,35.77360777777778,139.65552611111113,7,3,9999,0,4,0
1,30,559,175,2,0,1,30000,0,119,2022,10,15,19,40,22,5,47,17,6,1,1,1,1,7,9,22,0,0,11,9,30,70,5,3,1,65,65,36,61,31,0,0,0,0,0,11,0,2,0,10,0,3,0,0,0,0,0,4,2,35.78366694444444,139.63246777777778,7,3,9999,0,9,0
1,30,559,178,2,0,1,30000,0,119,2022,10,20,13,4,12,5,52,17,0,1,1,1,1,8,0,0,0,0,13,7,30,70,1,2,1,65,0,61,0,0,0,0,0,0,0,0,0,0,0,0,0,0,0,0,0,0,0,2,0,35.78997694444444,139.6362022222222,5,3,0,0,0,0
1,30,559,180,2,0,1,30000,0,119,2022,10,27,21,30,22,5,58,16,51,1,1,1,1,7,1,21,0,0,18,7,30,70,5,2,1,55,1,3,61,31,0,1,0,1,0,11,0,10,0,10,0,4,0,2,0,2,0,4,2,35.79496888888889,139.64461888888889,5,3,9999,0,9,0
1,30,560,280,2,0,1,90000,0,120,2022,9,11,16,5,12,5,20,17,55,2,1,1,13,7,0,0,0,0,1,6,1,70,5,4,1,25,55,51,61,41,0,0,0,0,0,0,0,0,0,10,0,3,0,0,0,0,0,4,2,35.73399611111111,139.61252527777776,1,3,0,0,0,0
1,30,560,284,2,0,1,20000,0,120,2022,10,20,8,40,12,5,52,17,0,1,1,1,14,7,0,0,0,0,3,9,1,70,5,1,1,45,55,51,61,41,0,0,0,0,0,0,0,0,0,10,0,3,0,0,0,0,0,4,2,35.758314444444444,139.6246625,5,3,0,0,0,0
1,30,560,290,2,0,1,30000,0,120,2022,10,28,12,50,12,5,59,16,50,1,1,1,1,7,1,21,0,0,14,9,30,1,4,3,1,75,65,3,61,31,0,1,0,1,0,11,0,2,0,10,0,2,0,2,0,2,0,4,2,35.747284444444446,139.62766722222224,6,3,322,0,9,0
1,30,660,140,2,0,1,20070,0,106,2022,10,7,12,15,12,5,40,17,17,3,1,1,1,1,9,22,0,0,19,9,30,70,4,2,1,35,55,51,61,41,0,0,0,0,0,0,0,0,0,10,0,4,0,0,0,0,0,4,2,35.70990861111111,139.77369611111112,6,3,0,0,0,0
1,30,660,141,2,0,1,30000,0,106,2022,10,7,14,35,12,5,40,17,17,3,1,2,1,1,9,22,0,0,15,9,30,70,4,2,1,45,35,13,61,31,0,11,0,1,0,11,0,2,0,10,0,4,0,2,0,2,0,4,2,35.70397666666667,139.77954611111113,6,3,9999,0,5,0
1,30,660,145,2,0,1,30000,0,106,2022,10,14,10,20,12,5,46,17,7,3,1,2,1,7,1,21,0,0,11,9,30,1,5,2,1,65,75,14,61,31,0,11,0,1,0,11,0,2,0,10,0,4,0,2,0,2,0,4,2,35.705938333333336,139.77482222222224,6,3,9999,0,9,0
1,30,660,151,2,0,1,30000,0,106,2022,10,21,10,50,12,5,52,16,58,1,1,1,14,7,0,0,0,0,3,9,1,70,5,2,1,25,75,51,61,41,0,0,0,0,0,0,0,0,0,10,0,4,0,0,0,0,0,4,2,35.70626888888889,139.77793000000003,6,3,0,0,0,0
1,30,660,155,2,0,1,30000,0,106,2022,10,19,22,30,22,5,51,17,1,1,1,1,14,7,0,0,0,0,3,9,1,70,5,2,1,45,55,59,61,0,0,0,0,0,0,0,0,0,0,10,0,4,0,0,0,0,0,4,2,35.708938055555556,139.77607111111112,4,3,0,0,0,0
1,30,660,159,2,0,1,30000,0,106,2022,10,29,12,45,12,6,0,16,49,1,1,1,7,7,0,0,0,0,2,9,1,70,5,2,1,45,1,3,61,31,0,1,0,1,0,11,0,2,0,80,0,3,0,2,0,2,0,4,2,35.70881583333334,139.77865972222224,7,3,9999,0,9,0
1,30,661,113,2,0,1,30000,0,106,2022,10,28,17,45,21,5,59,16,50,1,1,1,14,7,0,0,0,0,3,9,1,70,5,3,1,1,1,51,61,41,0,0,0,0,0,0,0,0,0,10,0,3,0,0,0,0,0,4,2,35.72695083333333,139.7949622222222,6,3,0,0,0,0
1,30,662,109,2,0,1,30000,0,106,2022,10,7,7,3,12,5,40,17,17,3,1,2,14,7,0,0,0,0,3,9,1,70,5,4,1,65,45,3,61,31,0,1,0,1,0,11,0,5,0,30,0,4,0,2,0,2,0,4,2,35.728097500000004,139.79901999999998,6,3,9999,0,9,0
1,30,662,114,2,0,1,30480,0,106,2022,10,31,20,15,22,6,2,16,47,2,1,1,14,1,0,0,0,0,5,9,1,70,4,2,1,75,45,4,61,31,0,1,0,1,0,11,0,3,0,80,0,3,0,2,0,2,0,4,2,35.71545416666667,139.79851805555555,2,3,153,0,9,0
1,30,662,115,2,0,1,30000,0,106,2022,10,26,16,0,13,5,57,16,53,1,1,1,1,1,9,22,0,0,15,9,30,70,4,1,1,25,75,51,61,41,0,0,0,0,0,0,0,0,0,10,0,3,0,0,0,0,0,4,2,35.71877388888889,139.79937611111112,4,3,0,0,0,0
1,30,663,116,2,0,1,30000,0,106,2022,8,26,15,10,12,5,8,18,17,2,1,1,1,1,9,22,0,0,15,9,30,70,4,2,1,45,65,13,61,31,0,11,0,1,0,11,0,2,0,10,0,4,0,2,0,2,0,4,2,35.70466166666667,139.7847277777778,6,3,9999,0,4,0
1,30,664,65,2,0,1,21060,0,118,2022,10,15,11,38,12,5,47,17,6,2,1,1,14,7,0,0,0,0,3,9,1,70,1,2,1,65,75,51,61,41,0,0,0,0,0,0,0,0,0,10,0,3,0,0,0,0,0,4,2,35.7504275,139.76242444444443,7,3,0,0,0,0
1,30,668,458,2,0,1,30000,0,121,2022,10,5,18,0,21,5,39,17,20,3,1,2,1,7,9,22,0,0,15,9,30,70,4,2,1,55,75,4,61,31,0,1,0,1,0,11,0,3,0,10,0,3,0,2,0,2,0,4,2,35.76591472222222,139.7674025,4,3,9999,0,9,0
1,30,668,460,2,0,1,30790,0,121,2022,10,7,10,41,12,5,40,17,17,3,1,2,1,1,9,22,0,0,14,9,30,70,4,1,1,25,75,14,61,31,0,11,0,1,0,11,0,2,0,80,0,3,0,2,0,2,0,4,2,35.769080555555554,139.78064833333335,6,3,9999,0,1,0
1,30,668,463,2,0,1,99000,0,121,2022,10,7,22,15,22,5,40,17,17,3,1,2,0,7,0,0,0,0,0,0,20,70,0,4,1,45,1,4,61,31,0,1,0,1,0,11,0,10,0,20,0,3,0,2,0,2,0,4,2,35.78657111111111,139.78625416666665,6,3,9999,0,9,0
1,30,668,479,2,0,1,10710,0,121,2022,10,15,14,10,12,5,47,17,6,1,1,1,1,7,1,21,0,0,15,9,30,70,1,1,1,25,65,4,61,31,0,1,0,1,0,11,0,1,0,10,0,4,0,2,0,2,0,4,2,35.77465333333333,139.77044166666667,7,3,9999,0,9,0
1,30,668,480,2,0,1,10710,0,121,2022,10,15,14,25,12,5,47,17,6,2,1,1,1,1,9,22,0,0,16,9,30,70,1,1,1,25,65,3,61,31,0,1,0,1,0,11,0,4,0,10,0,4,0,2,0,2,0,4,2,35.79309472222222,139.77004666666667,7,3,9999,0,1,0
1,30,668,484,2,0,1,10130,0,121,2022,10,17,19,32,22,5,49,17,3,3,1,2,1,1,9,22,0,0,19,9,30,70,1,1,1,1,45,5,61,31,0,1,0,1,0,11,0,4,0,10,0,3,0,2,0,2,0,4,2,35.778439166666665,139.79416722222223,2,3,9999,0,5,0
1,30,668,487,2,0,1,95000,0,121,2022,10,18,22,30,22,5,50,17,2,3,1,2,1,1,9,22,0,0,16,9,30,70,1,2,1,65,25,3,61,1,0,1,0,1,0,11,0,5,0,10,0,3,0,2,0,2,0,4,2,35.768948611111114,139.80349555555557,3,3,9999,0,9,0
1,30,668,503,2,0,1,30000,0,121,2022,10,1,19,20,22,5,36,17,25,1,1,1,1,1,9,22,0,0,19,9,30,70,1,2,1,25,55,3,61,31,0,1,0,1,0,11,0,1,0,51,0,4,0,2,0,2,0,4,2,35.76859111111111,139.76183777777777,7,3,9999,0,1,0
1,30,669,513,2,0,1,95000,0,121,2022,10,2,14,55,12,5,36,17,24,1,1,1,14,7,0,0,0,0,4,9,20,70,5,4,1,1,65,51,61,41,0,0,0,0,0,0,0,0,0,10,0,3,0,0,0,0,0,4,2,35.760379722222225,139.80584361111113,1,3,0,0,0,0
1,30,669,528,2,0,1,10130,0,121,2022,10,8,0,53,22,5,41,17,15,2,1,2,1,1,9,22,0,0,18,9,30,70,4,2,1,25,25,3,61,31,0,1,0,1,0,11,0,4,0,10,0,3,0,2,0,2,0,4,2,35.777521388888886,139.8304675,7,3,9999,0,1,0
1,30,669,539,2,0,1,10360,0,121,2022,10,14,8,5,12,5,46,17,7,2,1,1,1,7,0,0,0,0,13,9,30,70,5,1,1,1,0,61,0,0,0,0,0,0,0,0,0,0,0,0,0,0,0,0,0,0,0,2,0,35.77689055555555,139.83005694444444,6,3,0,0,0,0
1,30,669,540,2,0,1,99000,0,121,2022,10,19,16,50,13,5,51,17,1,1,1,1,0,7,0,0,0,0,0,0,20,70,0,4,1,65,45,3,61,1,0,1,0,1,0,11,0,10,0,30,0,4,0,2,0,2,0,4,2,35.76869277777778,139.82326694444444,4,3,9999,0,9,0
1,30,670,304,2,0,1,20000,0,121,2022,10,5,10,9,12,5,39,17,20,3,1,2,14,7,0,0,0,0,4,9,1,70,5,2,1,55,75,4,61,31,0,1,0,1,0,11,0,3,0,10,0,3,0,2,0,2,0,4,2,35.787464166666666,139.82208777777777,4,3,9999,0,1,0
1,30,670,308,2,0,1,30000,0,121,2022,10,13,18,50,22,5,45,17,9,3,1,2,1,7,1,22,0,0,11,9,30,70,4,2,1,1,55,3,61,31,0,1,0,1,0,11,0,2,0,20,0,3,0,2,0,2,0,4,2,35.7928125,139.80334472222222,5,3,9999,0,1,0
1,30,670,323,2,0,1,10710,0,121,2022,10,26,18,25,22,5,57,16,53,1,1,1,1,1,9,22,0,0,19,9,30,70,1,2,1,45,55,3,61,31,0,1,0,2,0,11,0,3,0,40,0,3,0,2,0,2,0,4,2,35.80167194444444,139.77025944444446,4,3,9999,0,9,0
1,30,670,331,2,0,1,30000,0,121,2022,10,29,14,50,12,6,0,16,49,1,1,1,7,7,0,0,0,0,1,9,1,70,4,2,1,1,75,51,61,41,0,0,0,0,0,0,0,0,0,40,0,4,0,0,0,0,0,4,2,35.80105388888889,139.81552194444447,7,3,0,0,0,0
1,30,771,395,2,0,1,10040,0,108,2022,9,20,11,5,12,5,27,17,41,3,1,2,14,7,0,0,0,0,6,9,1,70,4,1,1,1,75,51,61,41,0,0,0,0,0,0,0,0,0,40,0,4,0,0,0,0,0,4,2,35.669309444444444,139.81359583333335,3,3,0,0,0,0
1,30,771,399,2,0,1,10370,0,108,2022,10,2,11,40,12,5,36,17,24,1,1,1,14,7,0,0,0,0,3,9,1,70,1,2,1,1,65,51,61,41,0,0,0,0,0,0,0,0,0,40,0,4,0,0,0,0,0,4,2,35.679091388888885,139.80691833333336,1,3,0,0,0,0
1,30,771,402,2,0,1,30000,0,108,2022,10,3,15,40,12,5,37,17,22,1,1,1,1,7,9,22,0,0,15,9,30,70,5,2,1,55,1,14,61,1,0,11,0,1,0,11,0,10,0,10,0,3,0,2,0,2,0,4,2,35.68045333333333,139.819425,2,3,9999,0,9,0
1,30,771,403,2,0,1,30000,0,108,2022,10,7,12,50,12,5,40,17,17,3,1,2,7,1,0,0,0,0,5,9,1,70,1,2,1,55,1,13,61,31,0,11,0,1,0,11,0,4,0,40,0,3,0,2,0,2,0,4,2,35.65288888888889,139.79437583333333,6,3,9999,0,9,0
1,30,771,414,2,0,1,30000,0,108,2022,10,13,21,3,22,5,45,17,9,3,1,2,1,7,9,22,0,0,12,9,30,70,5,2,1,35,35,14,61,1,0,11,0,1,0,11,0,1,0,80,0,3,0,2,0,2,0,4,2,35.66760055555555,139.8078663888889,5,3,9999,0,1,0
1,30,771,416,2,0,1,30000,0,108,2022,10,15,7,27,12,5,47,17,6,2,1,1,14,7,0,0,0,0,3,9,1,70,5,3,1,25,1,14,61,31,0,11,0,1,0,11,0,10,0,10,0,4,0,2,0,2,0,4,2,35.68587861111111,139.81483972222225,7,3,9999,0,9,0