資料区分,都道府県コード,警察署等コード,本票番号,事故内容,死者数,負傷者数,路線コード,地点コード,市区町村コード,発生日時　　年,発生日時　　月,発生日時　　日,発生日時　　時,発生日時　　分,昼夜,日の出時刻　　時,日の出時刻　　分,日の入り時刻　　時,日の入り時刻　　分,天候,地形,路面状態,道路形状,信号機,一時停止規制　標識（当事者A）,一時停止規制　表示（当事者A）,一時停止規制　標識（当事者B）,一時停止規制　表示（当事者B）,車道幅員,道路線形,衝突地点,ゾーン規制,中央分離帯施設等,歩車道区分,事故類型,年齢（当事者A）,年齢（当事者B）,当事者種別（当事者A）,当事者種別（当事者B）,用途別（当事者A）,用途別（当事者B）,車両形状等（当事者A）,車両形状等（当事者B）,オートマチック車（当事者A）,オートマチック車（当事者B）,サポカー（当事者A）,サポカー（当事者B）,速度規制（指定のみ）（当事者A）,速度規制（指定のみ）（当事者B）,車両の衝突部位（当事者A）,車両の衝突部位（当事者B）,車両の損壊程度（当事者A）,車両の損壊程度（当事者B）,エアバッグの装備（当事者A）,エアバッグの装備（当事者B）,サイドエアバッグの装備（当事者A）,サイドエアバッグの装備（当事者B）,人身損傷程度（当事者A）,人身損傷程度（当事者B）,lat,lon,曜日(発生年月日),祝日(発生年月日),認知機能検査経過日数（当事者A）,認知機能検査経過日数（当事者B）,運転練習の方法（当事者A）,運転練習の方法（当事者B）
1,30,771,421,2,0,1,20680,0,108,2022,10,9,19,30,22,5,42,17,14,3,1,1,1,1,9,22,0,0,18,9,30,70,4,1,1,1,55,51,61,41,0,0,0,0,0,0,0,0,0,10,0,3,0,0,0,0,0,4,2,35.68209083333333,139.80092861111112,1,2,0,0,0,0
1,30,771,425,2,0,1,30000,0,108,2022,10,18,8,40,12,5,50,17,2,2,1,1,1,7,0,0,0,0,11,9,30,70,5,2,1,45,0,61,0,0,0,0,0,0,0,0,0,0,0,0,0,0,0,0,0,0,0,2,0,35.669305277777774,139.8196188888889,3,3,0,0,0,0
1,30,771,432,2,0,1,30000,0,108,2022,10,23,9,10,12,5,54,16,56,1,1,1,14,7,0,0,0,0,3,9,1,70,4,3,1,45,35,14,61,1,0,11,0,1,0,11,0,2,0,40,0,3,0,2,0,1,0,4,2,35.668748611111106,139.80941750000002,1,3,9999,0,9,0
1,30,771,435,2,0,1,30000,0,108,2022,10,18,18,38,22,5,50,17,2,2,1,1,1,7,1,21,0,0,11,9,30,70,5,2,1,35,25,3,61,31,0,1,0,1,0,11,0,3,0,40,0,4,0,2,0,2,0,4,2,35.690400555555556,139.8125188888889,3,3,9999,0,1,0
1,30,772,338,2,0,1,10090,0,108,2022,10,7,16,53,13,5,40,17,17,3,1,2,1,1,9,22,0,0,19,9,30,70,4,1,1,45,45,3,61,31,0,1,0,1,0,11,0,4,0,10,0,3,0,2,0,2,0,4,2,35.70165361111111,139.82534166666667,6,3,9999,0,1,0
1,30,772,339,2,0,1,10350,0,108,2022,10,7,19,40,22,5,40,17,17,2,1,2,1,1,9,22,0,0,19,9,30,70,4,2,1,35,1,3,61,31,0,1,0,1,0,11,0,4,0,10,0,3,0,2,0,2,0,4,2,35.67406472222222,139.8298525,6,3,9999,0,1,0
1,30,772,349,2,0,1,10090,0,108,2022,10,13,18,40,22,5,45,17,9,3,1,2,1,1,9,22,0,0,19,9,30,70,1,1,1,1,45,13,61,31,0,11,0,1,0,11,0,4,0,80,0,3,0,2,0,2,0,4,2,35.701640000000005,139.82539916666667,5,3,9999,0,1,0
1,30,772,354,2,0,1,30000,0,108,2022,10,15,13,20,12,5,47,17,6,1,1,1,14,7,0,0,0,0,3,9,1,1,5,1,1,1,75,51,61,41,0,0,0,0,0,0,0,0,0,10,0,4,0,0,0,0,0,4,2,35.69338861111111,139.83161833333332,7,3,0,0,0,0
1,30,772,369,2,0,1,30000,0,108,2022,10,28,14,20,12,5,59,16,50,1,1,1,14,7,0,0,0,0,2,9,1,70,5,1,1,65,45,51,61,41,0,0,0,0,0,0,0,0,0,20,0,3,0,0,0,0,0,4,2,35.67719222222222,139.82178416666667,6,3,0,0,0,0
1,30,773,235,2,0,1,95000,0,107,2022,10,2,20,15,22,5,36,17,24,1,1,1,14,7,0,0,0,0,6,9,1,70,4,2,1,75,0,61,0,0,0,0,0,0,0,0,0,0,0,0,0,0,0,0,0,0,0,2,0,35.69519583333333,139.79197166666665,1,3,0,0,0,0
1,30,773,242,2,0,1,30490,0,107,2022,10,5,18,46,22,5,39,17,20,3,1,2,14,7,0,0,0,0,4,9,1,70,5,2,1,45,75,14,61,31,0,11,0,1,0,11,0,3,0,10,0,3,0,2,0,2,0,4,2,35.711284444444445,139.80927916666667,4,3,9999,0,9,0
1,30,773,244,2,0,1,30000,0,107,2022,10,7,16,45,13,5,40,17,17,3,1,2,1,7,9,22,0,0,15,9,30,70,5,3,1,55,55,3,61,31,0,1,0,1,0,11,0,5,0,30,0,3,0,2,0,2,0,4,2,35.695203888888884,139.80089944444447,6,3,9999,0,9,0
1,30,773,250,2,0,1,30000,0,107,2022,10,6,18,5,21,5,40,17,18,2,1,1,1,7,1,21,0,0,15,9,30,70,5,3,1,75,65,3,61,31,0,1,0,1,0,11,0,10,0,17,0,3,0,2,0,2,0,4,2,35.70001388888889,139.8011913888889,5,3,623,0,9,0
1,30,773,257,2,0,1,30000,0,107,2022,8,8,16,30,12,4,54,18,39,1,1,1,1,7,1,21,0,0,15,9,30,70,5,2,1,65,25,3,61,31,0,1,0,1,0,11,0,5,0,10,0,4,0,2,0,2,0,4,2,35.70348888888889,139.8129138888889,2,3,9999,0,9,0
1,30,773,263,2,0,1,140,36,107,2022,10,26,22,50,22,5,57,16,53,1,1,1,14,7,0,0,0,0,6,9,1,70,4,1,1,25,1,51,61,41,0,0,0,0,0,0,0,0,0,30,0,3,0,0,0,0,0,4,2,35.69485861111111,139.80486305555556,4,3,0,0,0,0
1,30,774,167,2,0,1,30000,0,107,2022,9,19,13,20,12,5,26,17,43,3,1,2,1,7,9,22,0,0,11,9,30,70,5,4,1,75,55,3,61,31,0,1,0,1,0,11,0,10,0,0,0,4,0,2,0,2,0,4,2,35.72351666666667,139.83008722222223,2,1,266,0,9,0
1,30,774,170,2,0,1,30000,0,107,2022,10,30,11,15,12,6,1,16,48,1,1,1,1,1,9,22,0,0,11,9,30,70,4,1,1,45,65,51,61,41,0,0,0,0,0,0,0,0,0,10,0,3,0,0,0,0,0,4,2,35.708962500000005,139.8186725,1,3,0,0,0,0
1,30,775,297,2,0,1,30000,0,122,2022,10,3,11,12,12,5,37,17,22,1,1,1,1,7,9,22,0,0,12,9,30,70,4,2,1,65,65,3,61,31,0,1,0,1,0,11,0,2,0,20,0,3,0,2,0,2,0,4,2,35.753233888888886,139.87778583333335,2,3,9999,0,9,0
1,30,775,304,2,0,1,20000,0,122,2022,10,17,10,47,12,5,49,17,3,3,1,2,1,1,0,0,0,0,15,9,30,70,4,1,1,35,0,61,0,0,0,0,0,0,0,0,0,0,0,0,0,0,0,0,0,0,0,2,0,35.76331472222222,139.853805,2,3,0,0,0,0
1,30,775,311,2,0,1,30000,0,122,2022,10,22,20,10,22,5,53,16,57,1,1,1,7,7,0,0,0,0,4,9,1,70,4,2,1,65,65,3,61,31,0,1,0,1,0,11,0,2,0,10,0,3,0,2,0,2,0,4,2,35.77012388888889,139.87283222222223,7,3,9999,0,9,0
1,30,775,314,2,0,1,30000,0,122,2022,10,23,15,35,12,5,54,16,56,1,1,1,14,7,0,0,0,0,3,9,1,70,4,2,1,55,55,51,61,41,0,0,0,0,0,0,0,0,0,20,0,3,0,0,0,0,0,4,2,35.753795,139.82915083333333,1,3,0,0,0,0
1,30,775,318,2,0,1,30000,0,122,2022,10,26,8,0,12,5,57,16,53,1,1,1,1,7,9,22,0,0,15,9,30,1,5,4,1,75,1,3,61,31,0,1,0,1,0,11,0,2,0,10,0,3,0,2,0,2,0,4,2,35.74922472222222,139.85291055555555,4,3,188,0,9,0
1,30,776,316,2,0,2,30000,0,122,2022,10,4,10,7,12,5,38,17,21,1,1,1,7,7,0,0,0,0,2,9,1,70,5,3,1,75,75,51,61,41,0,0,0,0,0,0,0,0,0,10,0,3,0,0,0,0,0,4,2,35.74565361111111,139.85418972222223,3,3,0,0,0,0
1,30,776,328,2,0,1,10400,0,122,2022,10,9,17,30,21,5,42,17,14,3,1,2,1,1,9,22,0,0,12,9,30,70,4,2,1,45,45,35,61,31,0,0,0,0,0,11,0,3,0,10,0,4,0,0,0,0,0,4,2,35.720977222222224,139.85524277777776,1,2,9999,0,5,0
1,30,776,329,2,0,1,99000,0,122,2022,10,10,11,17,12,5,43,17,13,2,1,1,0,7,0,0,0,0,0,0,20,70,0,4,1,55,75,14,61,1,0,11,0,1,0,11,0,10,0,10,0,3,0,2,0,2,0,4,2,35.73717305555556,139.83897222222222,2,1,9999,0,9,0
1,30,776,331,2,0,1,10410,0,122,2022,10,11,17,40,21,5,44,17,11,1,1,1,14,7,0,0,0,0,1,9,1,70,5,2,1,25,65,51,61,41,0,0,0,0,0,0,0,0,0,10,0,3,0,0,0,0,0,4,2,35.73585638888889,139.85723333333334,3,3,0,0,0,0
1,30,776,350,2,0,1,30000,0,122,2022,10,29,18,5,22,6,0,16,49,1,1,1,1,7,1,21,0,0,11,9,30,70,4,1,1,35,45,4,61,31,0,1,0,1,0,11,0,3,0,10,0,3,0,2,0,2,0,4,2,35.74102722222222,139.87150666666668,7,3,9999,0,1,0
1,30,776,352,2,0,1,30000,0,122,2022,10,6,17,51,21,5,40,17,18,2,1,2,14,7,0,0,0,0,3,9,1,70,5,3,1,25,45,4,61,31,0,1,0,1,0,11,0,2,0,20,0,4,0,2,0,2,0,4,2,35.71758888888889,139.85740305555555,5,3,9999,0,1,0
1,30,777,615,2,0,1,30000,0,123,2022,10,9,10,15,12,5,42,17,14,1,1,1,14,7,0,0,0,0,4,9,1,70,4,4,1,55,45,51,61,41,0,0,0,0,0,0,0,0,0,10,0,2,0,0,0,0,0,4,2,35.69358388888889,139.85392888888887,1,2,0,0,0,0
1,30,777,616,2,0,1,30000,0,123,2022,10,10,12,5,12,5,43,17,13,2,1,2,14,7,0,0,0,0,3,9,1,70,5,2,1,25,1,51,61,41,0,0,0,0,0,0,0,0,0,30,0,3,0,0,0,0,0,4,2,35.70207944444445,139.90635861111113,2,1,0,0,0,0
1,30,777,617,2,0,1,140,101,123,2022,10,10,22,59,22,5,43,17,13,1,1,1,1,1,9,22,0,0,18,9,30,70,6,1,1,55,75,3,61,31,0,1,0,1,0,11,0,5,0,10,0,3,0,2,0,2,0,4,2,35.702980000000004,139.8751452777778,2,1,9999,0,9,0
1,30,777,640,2,0,1,30000,0,123,2022,10,11,20,30,22,5,44,17,11,1,1,1,1,7,1,21,0,0,15,9,30,70,4,2,1,65,35,3,61,1,0,1,0,1,0,11,0,5,0,10,0,3,0,2,0,2,0,4,2,35.706024722222224,139.90391055555557,3,3,9999,0,9,0
1,30,777,653,2,0,1,10290,0,123,2022,10,28,4,50,22,5,59,16,50,1,1,1,1,1,9,22,0,0,16,9,30,70,1,1,1,55,35,3,61,31,0,1,0,1,0,11,0,3,0,10,0,3,0,2,0,2,0,4,2,35.70929972222223,139.84279916666668,6,3,9999,0,5,0
1,30,777,658,2,0,1,95000,0,123,2022,10,29,15,55,13,6,0,16,49,1,1,1,14,7,0,0,0,0,2,9,1,70,4,4,1,1,35,51,61,41,0,0,0,0,0,0,0,0,0,11,0,3,0,0,0,0,0,4,2,35.68523138888889,139.84925166666667,7,3,0,0,0,0
1,30,777,661,2,0,1,140,0,123,2022,10,29,9,22,12,6,0,16,49,1,1,1,1,1,9,22,0,0,16,9,30,70,1,2,1,1,65,3,61,31,0,1,0,1,0,11,0,5,0,10,0,3,0,2,0,2,0,4,2,35.70467027777778,139.90713555555556,7,3,9999,0,1,0
1,30,778,242,2,0,1,30000,0,123,2022,10,14,17,0,13,5,46,17,7,1,1,1,1,7,9,22,0,0,11,9,30,70,4,3,1,35,1,3,61,31,0,1,0,1,0,11,0,1,0,10,0,4,0,2,0,2,0,4,2,35.72333166666667,139.87128444444446,6,3,9999,0,9,0
1,30,778,243,2,0,1,30000,0,123,2022,10,15,16,50,13,5,47,17,6,1,1,1,14,7,0,0,0,0,2,9,1,70,5,3,1,1,1,36,61,31,0,0,0,0,0,11,0,10,0,10,0,3,0,0,0,0,0,4,2,35.740519444444445,139.88461138888889,7,3,9999,0,5,0
1,30,778,246,2,0,1,30000,0,123,2022,10,20,23,30,22,5,52,17,0,1,1,1,14,7,0,0,0,0,2,9,1,70,4,2,1,45,25,3,61,31,0,1,0,1,0,11,0,5,0,10,0,3,0,2,0,2,0,4,2,35.735325555555555,139.88026694444446,5,3,9999,0,9,0
1,30,779,201,2,0,1,10720,0,123,2022,9,20,15,15,12,5,27,17,41,2,1,2,14,7,0,0,0,0,6,9,1,70,5,2,1,35,55,51,61,41,0,0,0,0,0,0,0,0,0,30,0,3,0,0,0,0,0,4,2,35.662595277777775,139.85882694444444,3,3,0,0,0,0
1,30,779,205,2,0,1,10130,0,123,2022,10,3,0,50,22,5,37,17,22,1,1,1,1,1,9,22,0,0,17,9,30,70,1,2,1,35,1,13,61,31,0,11,0,1,0,11,0,4,0,80,0,3,0,2,0,2,0,4,2,35.66380083333333,139.87318555555555,2,3,9999,0,1,0
1,30,779,206,2,0,1,30000,0,123,2022,10,3,18,5,21,5,37,17,22,1,1,1,1,7,9,22,0,0,14,7,30,70,5,4,1,55,35,13,61,31,0,11,0,1,0,11,0,2,0,20,0,3,0,2,0,2,0,4,2,35.655725,139.86994944444444,2,3,9999,0,9,0
1,30,779,210,2,0,1,30000,0,123,2022,9,28,2,48,22,5,33,17,30,1,1,1,14,7,0,0,0,0,2,9,1,70,4,2,1,65,45,3,61,31,0,1,0,1,0,11,0,3,0,80,0,4,0,2,0,2,0,4,2,35.663225,139.87003027777777,4,3,9999,0,1,0
1,30,779,213,2,0,1,30000,0,123,2022,10,14,15,40,12,5,46,17,7,2,1,1,1,7,9,22,0,0,15,9,30,70,4,2,1,45,1,4,61,31,0,1,0,1,0,11,0,2,0,80,0,3,0,2,0,2,0,4,2,35.65461388888889,139.86850166666667,6,3,9999,0,1,0
1,30,779,214,2,0,1,30000,0,123,2022,10,17,14,35,12,5,49,17,3,3,1,1,14,7,0,0,0,0,2,9,1,70,5,2,1,65,45,3,61,31,0,1,0,1,0,11,0,2,0,30,0,3,0,2,0,2,0,4,2,35.67885138888889,139.85777833333333,2,3,9999,0,9,0
1,30,779,224,2,0,1,30000,0,123,2022,8,29,11,35,12,5,11,18,13,1,1,1,14,7,0,0,0,0,1,9,1,70,5,2,1,25,75,52,61,41,0,0,0,0,0,0,0,0,0,40,0,4,0,0,0,0,0,4,2,35.66192833333333,139.8768475,2,3,0,0,0,0
1,30,779,225,2,0,1,30000,0,123,2022,10,31,17,30,21,6,2,16,47,1,1,1,14,7,0,0,0,0,3,9,20,70,5,1,1,45,55,51,61,41,0,0,0,0,0,0,0,0,0,20,0,4,0,0,0,0,0,4,2,35.66457333333333,139.85958027777778,2,3,0,0,0,0
1,30,876,263,2,0,1,30000,0,201,2022,9,28,14,30,12,5,33,17,30,1,2,1,7,7,0,0,0,0,3,6,1,70,5,3,1,75,75,14,61,31,0,11,0,1,0,11,0,2,0,30,0,3,0,2,0,2,0,4,2,35.61605055555556,139.35665388888887,4,3,660,0,9,0
1,30,876,267,2,0,1,20770,0,201,2022,10,2,16,55,13,5,36,17,24,1,1,1,1,1,9,22,0,0,14,9,30,70,4,2,1,65,65,3,61,31,0,1,0,1,0,11,0,3,0,10,0,3,0,2,0,2,0,4,2,35.64178138888889,139.36886305555555,1,3,9999,0,9,0
1,30,876,271,2,0,1,30000,0,201,2022,10,7,8,51,12,5,40,17,17,3,1,2,14,7,0,0,0,0,1,8,1,70,4,2,1,35,1,3,61,31,0,1,0,1,0,11,0,2,0,10,0,3,0,2,0,2,0,4,2,35.63999583333333,139.40168194444445,6,3,9999,0,1,0
1,30,876,272,2,0,1,30000,0,201,2022,10,7,9,44,12,5,40,17,17,3,1,2,14,7,0,0,0,0,2,9,1,70,4,2,1,35,75,4,61,31,0,1,0,1,0,11,0,2,0,40,0,3,0,2,0,2,0,4,2,35.61553277777778,139.38858472222222,6,3,9999,0,5,0
1,30,876,275,2,0,1,30000,0,201,2022,10,13,17,45,21,5,45,17,9,3,1,2,1,1,9,22,0,0,19,9,30,70,1,1,1,75,35,4,61,31,0,1,0,1,0,11,0,3,0,10,0,3,0,2,0,2,0,4,2,35.63364138888889,139.32998722222223,5,3,9999,0,9,0
1,30,876,285,2,0,1,99000,0,209,2022,10,24,13,35,12,5,55,16,55,2,1,1,0,7,0,0,0,0,0,0,20,70,0,2,1,65,35,3,61,31,0,1,0,1,0,11,0,10,0,30,0,4,0,2,0,2,0,4,2,35.593409722222226,139.3774236111111,2,3,9999,0,9,0
1,30,876,289,2,0,1,30000,0,201,2022,10,30,10,21,12,6,1,16,48,1,1,1,1,7,1,21,0,0,15,9,30,70,5,2,1,55,75,3,61,31,0,1,0,1,0,11,0,3,0,10,0,3,0,2,0,2,0,4,2,35.64167777777778,139.34130833333333,1,3,9999,0,9,0
1,30,877,314,2,0,1,30000,0,201,2022,8,16,2,16,22,5,0,18,30,1,3,1,14,7,0,0,0,0,4,8,1,70,4,2,1,1,1,51,61,41,0,0,0,0,0,0,0,0,0,0,0,4,0,0,0,0,0,4,2,35.662283333333335,139.28312583333334,3,3,0,0,0,0
1,30,877,326,2,0,1,200,499,201,2022,10,13,19,45,22,5,45,17,9,3,3,2,1,1,9,22,0,0,17,9,30,70,5,2,1,45,35,13,61,31,0,11,0,1,0,11,0,4,0,50,0,2,0,2,0,2,0,4,2,35.64592361111111,139.28777527777777,5,3,9999,0,9,0
1,30,877,328,2,0,1,30000,0,201,2022,10,14,18,10,22,5,46,17,7,2,2,2,1,7,1,21,0,0,11,9,30,70,5,3,1,45,55,3,61,31,0,1,0,1,0,11,0,10,0,50,0,4,0,2,0,2,0,4,2,35.64566888888889,139.29425083333334,6,3,9999,0,1,0
1,30,877,335,2,0,1,20730,0,201,2022,10,21,14,56,12,5,52,16,58,1,3,1,14,7,0,0,0,0,4,9,1,70,4,2,1,55,65,4,61,31,0,1,0,1,0,11,0,3,0,40,0,4,0,2,0,2,0,4,2,35.67286416666666,139.29611166666666,6,3,9999,0,9,0
1,30,877,341,2,0,1,30000,0,201,2022,10,7,18,10,21,5,40,17,17,3,3,1,1,1,9,22,0,0,15,9,30,70,5,2,1,65,35,3,61,31,0,1,0,1,0,11,0,3,0,10,0,3,0,2,0,2,0,4,2,35.68023972222222,139.27290166666668,6,3,9999,0,9,0
1,30,878,331,2,0,1,30000,0,224,2022,9,27,19,25,22,5,32,17,31,1,1,1,1,1,9,22,0,0,11,9,30,70,1,2,1,75,1,4,61,31,0,1,0,1,0,11,0,10,0,10,0,3,0,2,0,2,0,4,2,35.63164166666667,139.4471511111111,3,3,25,0,9,0
1,30,878,345,2,0,1,95000,0,225,2022,10,15,2,10,22,5,47,17,6,2,3,1,1,1,9,22,0,0,16,9,30,70,1,2,1,55,25,3,61,1,0,1,0,1,0,11,0,3,0,10,0,3,0,2,0,2,0,4,2,35.62067583333334,139.471915,7,3,9999,0,9,0
1,30,879,482,2,0,2,30000,0,223,2022,10,1,9,20,12,5,36,17,25,1,1,1,1,1,8,22,0,0,11,9,30,70,5,2,1,75,75,4,61,31,0,1,0,1,0,11,0,2,0,10,0,3,0,2,0,2,0,2,2,35.74974527777778,139.3894611111111,7,3,9999,0,9,0
1,30,879,501,2,0,1,30000,0,220,2022,10,19,11,20,12,5,51,17,1,1,2,1,14,7,0,0,0,0,2,9,1,70,5,4,1,55,55,12,61,1,0,11,0,1,0,11,0,10,0,60,0,3,0,2,0,2,0,4,2,35.74886611111111,139.43731305555556,4,3,9999,0,9,0
1,30,879,511,2,0,1,99000,0,220,2022,10,7,18,20,22,5,40,17,17,3,2,2,0,7,0,0,0,0,0,0,20,70,0,2,1,1,35,14,61,31,0,11,0,1,0,11,0,10,0,70,0,3,0,2,0,2,0,4,2,35.749633333333335,139.44459166666667,6,3,9999,0,1,0
1,30,880,219,2,0,1,99000,0,205,2022,10,8,15,5,12,5,41,17,15,2,3,5,0,7,0,0,0,0,0,0,20,70,0,4,1,45,75,4,61,31,0,1,0,2,0,11,0,10,0,30,0,4,0,2,0,2,0,4,2,35.81426027777778,139.26359222222223,7,3,9999,0,3,0
1,30,881,145,2,0,1,30000,0,305,2022,10,6,8,0,12,5,40,17,18,3,1,2,1,7,9,22,0,0,12,9,30,70,5,3,1,1,1,51,61,41,0,0,0,0,0,0,0,0,0,10,0,4,0,0,0,0,0,4,2,35.74212416666667,139.27053055555558,5,3,0,0,0,0
1,30,881,150,2,0,1,30000,0,305,2022,10,13,10,17,12,5,45,17,9,2,2,1,1,7,9,22,0,0,14,9,30,70,4,2,1,75,45,4,61,31,0,1,0,1,0,11,0,3,0,70,0,4,0,2,0,2,0,4,2,35.73337222222222,139.27401361111112,5,3,1063,0,1,0
1,30,881,155,2,0,1,90000,0,305,2022,10,23,12,5,12,5,54,16,56,1,1,1,0,7,0,0,0,0,0,0,20,70,0,2,1,65,75,4,61,31,0,1,0,1,0,11,0,10,0,10,0,4,0,2,0,2,0,4,2,35.73421722222222,139.27472805555556,1,3,9999,0,9,0
1,30,881,159,2,0,1,10260,0,228,2022,10,29,18,14,22,6,0,16,49,1,1,1,1,1,9,22,0,0,17,9,30,70,4,1,1,75,45,3,61,31,0,1,0,1,0,11,0,4,0,10,0,3,0,2,0,1,0,4,2,35.73085277777778,139.23092861111112,7,3,473,0,9,0
1,30,882,361,2,0,1,10740,0,228,2022,10,13,19,5,22,5,45,17,9,3,1,2,1,1,9,22,0,0,15,9,30,70,4,2,1,45,45,3,61,31,0,1,0,1,0,11,0,3,0,10,0,3,0,2,0,2,0,4,2,35.72063472222222,139.31712555555555,5,3,9999,0,9,0
1,30,882,367,2,0,1,30000,0,218,2022,9,15,19,45,22,5,23,17,49,1,1,1,14,7,0,0,0,0,3,9,1,70,5,3,1,45,1,3,61,1,0,1,0,1,0,11,0,2,0,40,0,3,0,2,0,2,0,4,2,35.73769888888889,139.33270583333334,5,3,9999,0,9,0
1,30,882,369,2,0,1,10550,0,218,2022,10,19,11,5,12,5,51,17,1,1,2,1,1,1,9,22,0,0,15,9,30,70,4,1,1,55,75,1,61,1,0,1,0,1,0,11,0,4,0,10,0,4,0,2,0,2,0,4,2,35.73658888888889,139.32846583333333,4,3,9999,0,9,0
1,30,882,373,2,0,1,30000,0,228,2022,10,24,17,5,21,5,55,16,55,3,1,2,1,1,9,22,0,0,11,9,30,70,4,2,1,55,65,3,61,31,0,1,0,1,0,11,0,10,0,10,0,3,0,2,0,2,0,4,2,35.73916222222223,139.30023861111113,2,3,9999,0,9,0
1,30,882,382,2,0,1,30000,0,303,2022,10,28,15,1,12,5,59,16,50,1,2,1,14,7,0,0,0,0,2,9,1,70,5,3,1,65,75,4,61,31,0,1,0,1,0,11,0,1,0,10,0,3,0,2,0,2,0,4,2,35.794109166666665,139.34998083333335,6,3,9999,0,9,0
1,30,883,437,2,0,1,30540,0,201,2022,10,7,14,1,12,5,40,17,17,3,1,2,1,1,9,22,0,0,12,9,30,70,4,1,1,65,65,3,61,31,0,1,0,1,0,11,0,3,0,10,0,3,0,2,0,2,0,4,2,35.66358805555556,139.333615,6,3,9999,0,9,0
1,30,883,440,2,0,1,30000,0,201,2022,10,9,18,10,21,5,42,17,14,3,2,2,1,7,9,22,0,0,14,9,30,70,5,2,1,25,1,13,61,31,0,11,0,1,0,11,0,5,0,50,0,4,0,2,0,2,0,4,2,35.65895305555556,139.3370891666667,1,2,9999,0,1,0
1,30,883,441,2,0,1,160,0,201,2022,10,9,18,15,22,5,42,17,14,3,2,2,14,7,0,0,0,0,3,7,1,70,5,2,1,45,1,3,61,31,0,1,0,1,0,11,0,5,0,80,0,3,0,2,0,2,0,4,2,35.68015583333333,139.34306722222223,1,2,9999,0,9,0
1,30,883,446,2,0,1,30000,0,201,2022,10,13,18,45,22,5,45,17,9,3,1,2,14,7,0,0,0,0,4,8,1,70,4,2,1,45,1,36,61,31,0,0,0,0,0,11,0,2,0,10,0,3,0,0,0,0,0,4,2,35.68781027777777,139.33020555555555,5,3,9999,0,5,0
1,30,883,447,2,0,1,30000,0,201,2022,10,10,18,40,22,5,43,17,13,2,1,1,14,7,0,0,0,0,2,9,1,70,5,4,1,65,55,3,61,31,0,1,0,1,0,11,0,2,0,40,0,3,0,2,0,2,0,4,2,35.68536527777778,139.30572583333336,2,1,9999,0,9,0
1,30,883,448,2,0,1,30000,0,201,2022,10,15,8,36,12,5,47,17,6,2,1,1,14,7,0,0,0,0,2,9,1,70,5,3,1,75,55,3,61,31,0,1,0,1,0,11,0,10,0,10,0,1,0,2,0,2,0,4,2,35.661873888888884,139.33288,7,3,207,0,9,0
1,30,883,451,2,0,1,30000,0,201,2022,10,18,16,30,13,5,50,17,2,2,1,1,1,7,9,22,0,0,11,9,30,70,5,3,1,1,1,4,61,31,0,1,0,1,0,11,0,2,0,10,0,3,0,2,0,2,0,4,2,35.66403388888889,139.3195761111111,3,3,9999,0,5,0
1,30,883,454,2,0,1,30000,0,201,2022,10,21,7,37,12,5,52,16,58,1,1,1,1,1,9,22,0,0,15,9,30,70,4,2,1,1,45,4,61,31,0,1,0,1,0,11,0,3,0,50,0,3,0,2,0,2,0,4,2,35.65394333333333,139.3383513888889,6,3,9999,0,1,0
1,30,883,458,2,0,1,30000,0,201,2022,10,3,22,35,22,5,37,17,22,1,2,1,1,7,9,22,0,0,15,9,30,70,4,1,1,65,55,4,61,31,0,1,0,1,0,11,0,2,0,10,0,3,0,2,0,2,0,4,2,35.65832972222222,139.345395,2,3,9999,0,9,0
1,30,883,466,2,0,1,10460,0,201,2022,10,28,17,58,22,5,59,16,50,1,1,1,7,7,0,0,0,0,3,9,1,70,4,1,1,45,75,14,61,31,0,11,0,1,0,11,0,3,0,10,0,3,0,2,0,2,0,4,2,35.68127972222222,139.306125,6,3,9999,0,1,0
1,30,883,468,2,0,1,30000,0,201,2022,10,31,8,47,12,6,2,16,47,1,1,1,14,7,0,0,0,0,2,9,1,70,4,3,1,75,25,3,61,31,0,1,0,1,0,11,0,2,0,40,0,3,0,2,0,2,0,4,2,35.667341944444445,139.33999083333333,2,3,313,0,9,0
1,30,883,471,2,0,1,161,0,201,2022,10,21,19,15,22,5,52,16,58,1,2,1,7,1,0,0,0,0,4,9,1,70,4,2,1,35,1,51,61,41,0,0,0,0,0,0,0,0,0,10,0,4,0,0,0,0,0,4,2,35.65780972222222,139.33316638888888,6,3,0,0,0,0
1,30,883,477,2,0,1,30540,0,201,2022,10,1,20,20,22,5,36,17,25,1,2,1,1,1,9,22,0,0,15,9,30,70,4,2,1,55,1,3,61,31,0,1,0,1,0,11,0,3,0,10,0,4,0,2,0,2,0,4,2,35.66359138888889,139.3336263888889,7,3,9999,0,9,0
1,30,884,626,2,0,1,30000,0,209,2022,10,1,14,0,12,5,36,17,25,1,1,1,1,7,1,21,0,0,14,9,30,70,4,1,1,75,35,3,61,31,0,1,0,1,0,11,0,2,0,10,0,3,0,2,0,2,0,4,2,35.549434999999995,139.44970694444444,7,3,557,0,9,0
1,30,884,628,2,0,1,21120,0,209,2022,10,4,6,15,11,5,38,17,21,1,1,1,14,1,0,0,0,0,4,9,1,70,4,2,1,45,45,51,61,41,0,0,0,0,0,0,0,0,0,10,0,3,0,0,0,0,0,4,2,35.53827361111111,139.48054555555555,3,3,0,0,0,0