資料区分,都道府県コード,警察署等コード,本票番号,事故内容,死者数,負傷者数,路線コード,地点コード,市区町村コード,発生日時　　年,発生日時　　月,発生日時　　日,発生日時　　時,発生日時　　分,昼夜,日の出時刻　　時,日の出時刻　　分,日の入り時刻　　時,日の入り時刻　　分,天候,地形,路面状態,道路形状,信号機,一時停止規制　標識（当事者A）,一時停止規制　表示（当事者A）,一時停止規制　標識（当事者B）,一時停止規制　表示（当事者B）,車道幅員,道路線形,衝突地点,ゾーン規制,中央分離帯施設等,歩車道区分,事故類型,年齢（当事者A）,年齢（当事者B）,当事者種別（当事者A）,当事者種別（当事者B）,用途別（当事者A）,用途別（当事者B）,車両形状等（当事者A）,車両形状等（当事者B）,オートマチック車（当事者A）,オートマチック車（当事者B）,サポカー（当事者A）,サポカー（当事者B）,速度規制（指定のみ）（当事者A）,速度規制（指定のみ）（当事者B）,車両の衝突部位（当事者A）,車両の衝突部位（当事者B）,車両の損壊程度（当事者A）,車両の損壊程度（当事者B）,エアバッグの装備（当事者A）,エアバッグの装備（当事者B）,サイドエアバッグの装備（当事者A）,サイドエアバッグの装備（当事者B）,人身損傷程度（当事者A）,人身損傷程度（当事者B）,lat,lon,曜日(発生年月日),祝日(発生年月日),認知機能検査経過日数（当事者A）,認知機能検査経過日数（当事者B）,運転練習の方法（当事者A）,運転練習の方法（当事者B）
1,30,884,644,2,0,1,10570,0,209,2022,10,13,17,30,21,5,45,17,9,3,1,2,1,1,9,22,0,0,11,7,30,70,5,2,1,55,1,4,61,31,0,1,0,1,0,11,0,3,0,40,0,3,0,2,0,2,0,4,2,35.57577777777778,139.4486838888889,5,3,9999,0,1,0
1,30,884,646,2,0,1,99000,0,209,2022,10,7,19,55,22,5,40,17,17,3,2,2,0,7,0,0,0,0,0,0,20,70,0,4,1,1,25,4,61,31,0,1,0,1,0,11,0,10,0,70,0,3,0,2,0,2,0,4,2,35.58522444444445,139.4719675,6,3,9999,0,9,0
1,30,884,662,2,0,1,20750,0,209,2022,9,29,16,10,12,5,34,17,28,2,2,1,1,1,1,21,0,0,15,9,30,70,4,2,1,75,65,3,61,31,0,1,0,1,0,11,0,3,0,50,0,3,0,2,0,2,0,4,2,35.585412222222224,139.433805,5,3,533,0,9,0
1,30,884,667,2,0,1,30560,0,209,2022,10,24,19,17,22,5,55,16,55,2,1,1,14,7,0,0,0,0,4,9,1,70,4,1,1,1,35,51,61,41,0,0,0,0,0,0,0,0,0,40,0,3,0,0,0,0,0,4,2,35.55950416666666,139.42379444444444,2,3,0,0,0,0
1,30,884,668,2,0,1,30570,0,209,2022,10,24,20,0,22,5,55,16,55,2,1,1,1,1,9,22,0,0,15,9,30,70,4,1,1,55,75,3,61,31,0,1,0,1,0,11,0,3,0,80,0,3,0,2,0,2,0,4,2,35.567843888888895,139.42726416666665,2,3,9999,0,9,0
1,30,884,670,2,0,1,30000,0,209,2022,10,14,8,18,12,5,46,17,7,3,1,2,7,1,0,0,0,0,2,9,1,70,4,2,1,1,45,51,61,41,0,0,0,0,0,0,0,0,0,10,0,3,0,0,0,0,0,4,2,35.54868277777778,139.4429227777778,6,3,0,0,0,0
1,30,884,671,2,0,1,10490,0,209,2022,10,25,21,55,22,5,56,16,54,2,1,1,1,1,0,0,0,0,16,9,30,70,5,2,1,45,0,61,0,0,0,0,0,0,0,0,0,0,0,0,0,0,0,0,0,0,0,2,0,35.53867722222222,139.45358194444444,3,3,0,0,0,0
1,30,884,678,2,0,1,30000,0,209,2022,10,17,8,50,12,5,49,17,3,1,1,1,1,7,9,22,0,0,15,9,30,70,5,2,1,45,75,4,61,31,0,1,0,1,0,11,0,3,0,10,0,4,0,2,0,2,0,4,2,35.564099166666665,139.44354694444445,2,3,9999,0,9,0
1,30,884,683,2,0,1,99000,0,209,2022,10,31,19,55,22,6,2,16,47,1,2,1,0,7,0,0,0,0,0,0,20,70,0,4,1,45,25,4,61,31,0,1,0,1,0,11,0,10,0,30,0,3,0,2,0,2,0,4,2,35.56482083333333,139.42646333333332,2,3,9999,0,9,0
1,30,885,237,2,0,1,30000,0,212,2022,10,4,16,40,13,5,38,17,21,1,1,1,14,7,0,0,0,0,1,9,1,70,5,4,1,45,75,4,61,31,0,1,0,1,0,11,0,10,0,10,0,4,0,2,0,2,0,4,2,35.65381277777777,139.41467722222222,3,3,9999,0,9,0
1,30,885,238,2,0,1,30000,0,212,2022,10,5,14,0,12,5,39,17,20,2,2,1,14,7,0,0,0,0,3,9,1,70,5,3,1,1,55,51,61,41,0,0,0,0,0,0,0,0,0,10,0,4,0,0,0,0,0,4,2,35.68345027777777,139.39065472222222,4,3,0,0,0,0
1,30,885,244,2,0,1,95000,0,212,2022,9,30,10,30,12,5,35,17,27,1,1,1,0,7,0,0,0,0,0,0,20,70,0,2,1,65,75,3,61,1,0,1,0,1,0,11,0,1,0,40,0,3,0,2,0,2,0,4,2,35.66724972222222,139.378895,6,3,9999,0,9,0
1,30,885,245,2,0,1,30000,0,212,2022,10,17,18,55,22,5,49,17,3,1,1,2,14,7,0,0,0,0,1,9,1,70,4,3,1,1,35,3,61,31,0,1,0,1,0,11,0,2,0,20,0,3,0,2,0,2,0,4,2,35.664068888888885,139.39574249999998,2,3,9999,0,1,0
1,30,885,246,2,0,1,20770,0,212,2022,10,19,17,33,21,5,51,17,1,1,1,1,14,7,0,0,0,0,3,9,1,70,4,2,1,65,45,3,61,31,0,1,0,1,0,11,0,3,0,10,0,3,0,2,0,2,0,4,2,35.65011194444444,139.3890233333333,4,3,105,0,9,0
1,30,886,336,2,0,1,30000,0,207,2022,10,5,15,54,12,5,39,17,20,3,1,2,1,1,9,22,0,0,18,9,30,70,1,2,1,55,55,3,61,31,0,1,0,1,0,11,0,2,0,10,0,3,0,2,0,2,0,4,2,35.70054972222223,139.34780305555557,4,3,9999,0,9,0
1,30,886,338,2,0,1,95000,0,207,2022,10,6,14,15,12,5,40,17,18,3,1,2,1,1,9,22,0,0,16,9,30,70,4,2,1,35,1,12,61,1,0,11,0,1,0,11,0,3,0,80,0,3,0,2,0,2,0,4,2,35.71480722222223,139.36125194444443,5,3,9999,0,1,0
1,30,886,341,2,0,1,30810,0,207,2022,10,7,14,10,12,5,40,17,17,3,2,2,1,1,9,22,0,0,12,9,30,70,4,1,1,1,25,3,61,31,0,1,0,1,0,11,0,4,0,10,0,3,0,2,0,2,0,4,2,35.71269083333333,139.36048916666667,6,3,9999,0,5,0
1,30,886,342,2,0,1,30000,0,207,2022,10,7,17,25,21,5,40,17,17,3,2,2,1,1,9,22,0,0,15,9,30,70,4,1,1,45,75,3,61,31,0,1,0,1,0,11,0,3,0,10,0,3,0,2,0,2,0,4,2,35.72107527777778,139.35145555555556,6,3,9999,0,5,0
1,30,886,346,2,0,1,21150,0,207,2022,10,11,16,37,13,5,44,17,11,1,2,1,14,7,0,0,0,0,4,9,1,70,4,2,1,35,1,12,61,31,0,11,0,1,0,11,0,3,0,40,0,3,0,2,0,2,0,4,2,35.69948888888889,139.37712861111112,3,3,9999,0,1,0
1,30,886,350,2,0,1,30000,0,207,2022,10,13,19,6,22,5,45,17,9,3,2,2,14,7,0,0,0,0,2,9,1,70,4,1,1,45,1,51,61,41,0,0,0,0,0,0,0,0,0,10,0,4,0,0,0,0,0,4,2,35.71266555555556,139.3741063888889,5,3,0,0,0,0
1,30,886,356,2,0,1,30000,0,207,2022,10,18,7,20,12,5,50,17,2,2,1,1,7,7,0,0,0,0,2,9,1,70,5,2,1,45,35,4,61,31,0,1,0,1,0,11,0,10,0,10,0,3,0,2,0,2,0,4,2,35.721204444444446,139.34284944444445,3,3,9999,0,9,0
1,30,886,364,2,0,1,21300,0,207,2022,10,25,19,55,22,5,56,16,54,1,1,1,1,1,9,22,0,0,15,9,30,70,4,1,1,1,55,3,61,31,0,1,0,1,0,11,0,3,0,50,0,3,0,2,0,2,0,4,2,35.71454055555556,139.37148583333334,3,3,9999,0,1,0
1,30,887,537,2,0,1,95000,0,202,2022,10,7,18,0,21,5,40,17,17,1,1,2,14,7,0,0,0,0,3,9,1,70,4,2,1,55,1,3,61,31,0,1,0,1,0,11,0,3,0,40,0,3,0,2,0,2,0,4,2,35.70056027777778,139.40848333333335,6,3,9999,0,9,0
1,30,887,543,2,0,1,30000,0,202,2022,10,9,7,30,12,5,42,17,14,2,1,1,1,7,1,21,0,0,12,9,30,70,4,2,1,45,55,3,61,31,0,1,0,1,0,11,0,2,0,10,0,3,0,2,0,2,0,4,2,35.72705583333334,139.43374194444445,1,2,9999,0,9,0
1,30,887,545,2,0,1,95000,0,202,2022,10,10,18,5,21,5,43,17,13,1,1,1,1,1,1,21,0,0,15,9,30,70,4,2,1,55,55,3,61,31,0,1,0,1,0,11,0,3,0,10,0,3,0,2,0,2,0,4,2,35.72094527777778,139.4139863888889,2,1,9999,0,9,0
1,30,887,550,2,0,1,95000,0,215,2022,10,13,17,20,21,5,45,17,9,3,1,2,1,1,9,22,0,0,19,9,30,70,4,2,1,65,55,3,61,31,0,1,0,1,0,11,0,3,0,50,0,3,0,2,0,2,0,4,2,35.685983611111105,139.44718527777778,5,3,9999,0,9,0
1,30,887,554,2,0,1,30000,0,215,2022,10,15,16,45,13,5,47,17,6,1,1,1,14,7,0,0,0,0,5,9,1,70,4,2,1,55,1,4,61,31,0,1,0,1,0,11,0,3,0,40,0,4,0,2,0,2,0,4,2,35.68486444444444,139.43976305555555,7,3,9999,0,9,0
1,30,887,566,2,0,1,30000,0,202,2022,10,17,23,45,22,5,49,17,3,3,2,2,1,7,9,22,0,0,14,9,30,70,4,2,1,1,25,14,61,1,0,11,0,1,0,11,0,2,0,10,0,3,0,2,0,2,0,4,2,35.72996305555556,139.40019305555555,2,3,9999,0,5,0
1,30,887,567,2,0,1,20000,0,215,2022,10,25,12,14,12,5,56,16,54,2,1,1,14,7,0,0,0,0,4,9,1,70,4,2,1,25,75,35,61,31,0,0,0,0,0,11,0,10,0,20,0,4,0,0,0,0,0,4,2,35.69964333333333,139.44631333333334,3,3,9999,0,1,0
1,30,887,576,2,0,1,30000,0,202,2022,10,28,15,45,12,5,59,16,50,1,2,1,0,7,0,0,0,0,0,0,20,70,0,4,1,45,65,13,61,31,0,11,0,1,0,11,0,1,0,40,0,3,0,2,0,2,0,4,2,35.72775,139.42025833333332,6,3,9999,0,1,0
1,30,887,585,2,0,1,30000,0,215,2022,10,18,17,20,21,5,50,17,2,2,1,1,1,7,9,22,0,0,14,9,30,70,4,2,1,65,35,14,61,31,0,11,0,1,0,11,0,3,0,10,0,3,0,2,0,2,0,4,2,35.69694083333333,139.44883361111113,3,3,9999,0,9,0
1,30,888,210,2,0,1,30000,0,206,2022,10,7,17,0,13,5,40,17,17,3,1,2,14,7,0,0,0,0,4,9,1,70,1,2,1,55,25,3,61,1,0,1,0,1,0,11,0,3,0,10,0,4,0,2,0,2,0,4,2,35.66712138888889,139.4868361111111,6,3,9999,0,9,0
1,30,888,215,2,0,1,30000,0,206,2022,10,11,9,12,12,5,44,17,11,1,1,1,14,7,0,0,0,0,2,9,1,70,5,3,1,65,1,3,61,31,0,1,0,1,0,11,0,2,0,50,0,4,0,2,0,2,0,4,2,35.66646861111111,139.50398055555556,3,3,9999,0,9,0
1,30,888,229,2,0,1,95000,0,206,2022,10,27,5,50,23,5,58,16,51,1,1,1,1,1,9,22,0,0,14,9,30,70,4,2,1,55,75,3,61,31,0,1,0,1,0,11,0,2,0,40,0,4,0,2,0,2,0,4,2,35.65269166666666,139.51639194444445,5,3,9999,0,9,0
1,30,889,251,2,0,1,10500,0,214,2022,10,6,10,10,12,5,40,17,18,3,1,2,1,1,9,22,0,0,14,9,30,70,4,2,1,45,75,3,61,31,0,1,0,1,0,11,0,3,0,50,0,3,0,2,0,2,0,4,2,35.70019055555556,139.46645305555555,5,3,9999,0,9,0
1,30,889,253,2,0,1,30000,0,214,2022,10,10,11,0,12,5,43,17,13,2,1,1,14,7,0,0,0,0,2,9,1,70,5,4,1,45,1,3,61,31,0,1,0,1,0,11,0,10,0,10,0,3,0,2,0,2,0,4,2,35.72019027777778,139.44949111111112,2,1,9999,0,1,0
1,30,889,258,2,0,1,30000,0,214,2022,10,14,17,50,21,5,46,17,7,3,1,2,14,7,0,0,0,0,3,9,1,70,4,2,1,65,75,14,61,31,0,11,0,1,0,11,0,3,0,10,0,3,0,2,0,2,0,4,2,35.698361388888884,139.46937333333332,6,3,9999,0,9,0
1,30,889,260,2,0,1,30000,0,214,2022,10,2,14,23,12,5,36,17,24,1,1,1,14,7,0,0,0,0,4,9,1,70,5,4,1,55,45,14,61,1,0,11,0,1,0,11,0,10,0,80,0,4,0,2,0,2,0,4,2,35.700092222222224,139.48789194444444,1,3,9999,0,9,0
1,30,889,269,2,0,1,30000,0,214,2022,10,25,8,0,12,5,56,16,54,2,1,1,14,7,0,0,0,0,2,9,1,70,5,4,1,25,1,3,61,31,0,1,0,1,0,11,0,10,0,40,0,3,0,2,0,2,0,4,2,35.703272777777784,139.44761722222222,3,3,9999,0,1,0
1,30,889,271,2,0,1,95000,0,210,2022,6,5,12,10,12,4,25,18,54,1,1,1,14,7,0,0,0,0,2,9,1,70,5,2,1,55,25,51,61,41,0,0,0,0,0,0,0,0,0,20,0,4,0,0,0,0,0,4,2,35.70004472222222,139.5057038888889,1,3,0,0,0,0
1,30,890,254,2,0,1,95000,0,222,2022,9,19,16,32,12,5,26,17,43,2,1,2,1,1,9,22,0,0,13,9,30,70,5,1,1,65,75,3,61,31,0,1,0,1,0,11,0,3,0,50,0,3,0,2,0,2,0,4,2,35.74507,139.50342944444444,2,1,9999,0,9,0
1,30,890,256,2,0,1,30000,0,222,2022,10,12,7,50,12,5,45,17,10,1,1,1,14,7,0,0,0,0,2,9,1,70,5,4,1,1,0,61,0,0,0,0,0,0,0,0,0,0,0,0,0,0,0,0,0,0,0,2,0,35.747574722222225,139.5001625,4,3,0,0,0,0
1,30,890,259,2,0,1,95000,0,229,2022,10,15,18,42,22,5,47,17,6,1,1,1,14,7,0,0,0,0,2,9,1,70,5,3,1,45,45,51,61,41,0,0,0,0,0,0,0,0,0,10,0,3,0,0,0,0,0,4,2,35.72773194444444,139.55938722222223,7,3,0,0,0,0
1,30,890,263,2,0,1,30000,0,229,2022,10,10,15,45,12,5,43,17,13,2,1,1,7,7,0,0,0,0,2,9,1,70,5,4,1,45,65,3,61,31,0,1,0,1,0,11,0,1,0,40,0,3,0,2,0,2,0,4,2,35.72221916666667,139.5428025,2,1,9999,0,1,0
1,30,890,267,2,0,1,10260,0,229,2022,10,24,20,53,22,5,55,16,55,3,1,2,1,8,9,22,0,0,15,9,30,70,1,2,1,1,1,3,61,31,0,1,0,1,0,11,0,3,0,10,0,3,0,2,0,2,0,4,2,35.71427944444445,139.54416027777776,2,3,9999,0,1,0
1,30,890,270,2,0,1,30000,0,229,2022,10,26,10,58,12,5,57,16,53,1,1,1,1,7,9,22,0,0,12,7,30,70,4,2,1,45,25,4,61,31,0,1,0,1,0,11,0,3,0,10,0,4,0,2,0,2,0,4,2,35.7265225,139.54108833333333,4,3,9999,0,5,0
1,30,890,275,2,0,1,30000,0,229,2022,10,25,9,40,12,5,56,16,54,2,1,1,14,7,0,0,0,0,2,9,1,70,5,4,1,55,25,17,61,1,0,11,0,1,0,11,0,10,0,30,0,4,0,2,0,2,0,4,2,35.7339725,139.54666527777778,3,3,9999,0,9,0
1,30,891,291,2,0,1,10500,0,213,2022,10,12,7,50,12,5,45,17,10,2,1,1,1,1,9,22,0,0,14,9,30,70,4,2,1,1,1,51,61,41,0,0,0,0,0,0,0,0,0,10,0,4,0,0,0,0,0,4,2,35.76642944444445,139.47068694444445,4,3,0,0,0,0
1,30,891,297,2,0,1,30000,0,213,2022,8,11,18,58,21,4,57,18,35,1,1,1,14,7,0,0,0,0,3,9,1,70,5,3,1,45,45,14,61,1,0,11,0,1,0,11,0,1,0,40,0,3,0,2,0,2,0,4,2,35.74892083333334,139.47190722222223,5,1,9999,0,9,0
1,30,891,303,2,0,1,10580,0,213,2022,10,19,20,5,22,5,51,17,1,1,1,1,1,1,9,22,0,0,15,9,30,70,4,2,1,45,55,13,61,31,0,11,0,1,0,11,0,3,0,80,0,3,0,2,0,2,0,4,2,35.76928861111111,139.4864572222222,4,3,9999,0,9,0
1,30,891,305,2,0,1,95000,0,213,2022,10,21,6,53,12,5,52,16,58,1,1,1,1,1,9,22,0,0,15,9,30,70,4,2,1,25,45,3,61,31,0,1,0,1,0,11,0,3,0,10,0,3,0,2,0,2,0,4,2,35.742936944444445,139.47552777777778,6,3,9999,0,5,0
1,30,891,306,2,0,1,30000,0,221,2022,10,21,6,30,11,5,52,16,58,1,1,1,14,7,0,0,0,0,2,7,1,70,5,4,1,25,55,13,61,31,0,11,0,1,0,11,0,10,0,10,0,3,0,2,0,2,0,4,2,35.77661361111111,139.50677055555556,6,3,9999,0,1,0
1,30,891,318,2,0,1,99000,0,213,2022,9,26,20,10,22,5,32,17,33,1,1,1,0,7,0,0,0,0,0,0,20,70,0,4,1,35,65,14,61,31,0,11,0,1,0,11,0,10,0,30,0,3,0,2,0,2,0,4,2,35.767334999999996,139.4850211111111,2,3,9999,0,1,0
1,30,892,272,2,0,1,30000,0,203,2022,10,1,19,30,22,5,36,17,25,1,1,1,1,1,9,22,0,0,14,9,30,70,5,2,1,35,65,51,61,41,0,0,0,0,0,0,0,0,0,10,0,3,0,0,0,0,0,4,2,35.71076611111111,139.53678083333332,7,3,0,0,0,0
1,30,892,273,2,0,1,30000,0,203,2022,10,7,17,25,21,5,40,17,17,3,1,2,14,7,0,0,0,0,3,9,1,70,5,3,1,55,75,51,61,41,0,0,0,0,0,0,0,0,0,10,0,3,0,0,0,0,0,4,2,35.708733055555555,139.56397166666667,6,3,0,0,0,0
1,30,892,282,2,0,1,30000,0,203,2022,10,13,10,20,12,5,45,17,9,2,1,2,1,1,9,22,0,0,16,9,30,70,5,1,1,65,65,51,61,41,0,0,0,0,0,0,0,0,0,10,0,4,0,0,0,0,0,4,2,35.70334527777778,139.58051527777778,5,3,0,0,0,0
1,30,892,284,2,0,1,20230,0,203,2022,10,15,11,35,12,5,47,17,6,1,1,1,14,7,0,0,0,0,3,9,1,70,4,2,1,1,65,51,61,41,0,0,0,0,0,0,0,0,0,10,0,4,0,0,0,0,0,4,2,35.7006475,139.57362416666666,7,3,0,0,0,0
1,30,892,286,2,0,1,95000,0,203,2022,10,17,11,15,12,5,49,17,3,3,1,1,0,7,0,0,0,0,0,0,20,70,0,4,1,75,35,14,61,31,0,11,0,1,0,11,0,10,0,10,0,3,0,2,0,2,0,4,2,35.711062222222225,139.54998555555557,2,3,630,0,9,0
1,30,892,289,2,0,1,20000,0,203,2022,10,5,18,15,21,5,39,17,20,3,1,2,14,7,0,0,0,0,3,9,1,70,5,3,1,1,65,36,61,31,0,0,0,0,0,11,0,2,0,20,0,3,0,0,0,0,0,4,2,35.70544916666667,139.57799083333333,4,3,9999,0,1,0
1,30,892,291,2,0,1,20270,0,203,2022,10,21,10,10,12,5,52,16,58,1,1,1,14,7,0,0,0,0,4,9,1,70,5,1,1,45,45,14,61,31,0,11,0,1,0,11,0,3,0,10,0,3,0,2,0,2,0,4,2,35.70323527777778,139.57633777777778,6,3,9999,0,9,0
1,30,892,292,2,0,1,30000,0,203,2022,10,22,1,25,22,5,53,16,57,1,1,1,1,7,4,21,0,0,11,9,30,70,5,3,1,45,25,3,61,1,0,1,0,1,0,11,0,2,0,80,0,3,0,2,0,2,0,4,2,35.70881555555556,139.5637986111111,7,3,9999,0,1,0
1,30,892,299,2,0,1,20230,0,203,2022,10,31,7,35,12,6,2,16,47,1,1,1,14,7,0,0,0,0,4,9,1,70,4,2,1,1,45,51,61,41,0,0,0,0,0,0,0,0,0,10,0,3,0,0,0,0,0,4,2,35.71266972222222,139.58204444444445,2,3,0,0,0,0
1,30,893,261,2,0,1,95000,0,204,2022,10,9,18,30,22,5,42,17,14,3,1,2,7,7,0,0,0,0,3,9,1,70,5,3,1,25,25,13,61,31,0,11,0,1,0,11,0,3,0,80,0,3,0,2,0,2,0,4,2,35.687953611111105,139.5606686111111,1,2,9999,0,5,0
1,30,893,269,2,0,1,30000,0,204,2022,10,14,16,10,13,5,46,17,7,2,1,1,1,7,1,21,0,0,12,9,30,70,4,2,1,75,75,3,61,31,0,1,0,1,0,11,0,2,0,10,0,3,0,2,0,2,0,4,2,35.67583583333333,139.57257333333334,6,3,445,0,9,0
1,30,893,277,2,0,1,20900,0,204,2022,9,21,15,33,12,5,28,17,40,1,1,1,1,1,9,22,0,0,15,9,30,70,5,2,1,65,75,51,61,41,0,0,0,0,0,0,0,0,0,10,0,4,0,0,0,0,0,4,2,35.68840583333333,139.55929944444446,4,3,0,0,0,0
1,30,894,447,2,0,1,30000,0,208,2022,9,21,8,20,12,5,28,17,40,1,1,1,1,7,9,22,0,0,11,9,30,70,5,3,1,45,25,3,61,31,0,1,0,1,0,11,0,2,0,40,0,4,0,2,0,2,0,4,2,35.66014222222222,139.58325833333333,4,3,9999,0,9,0
1,30,894,460,2,0,1,30000,0,208,2022,10,11,15,43,12,5,44,17,11,1,1,1,14,7,0,0,0,0,2,9,1,70,5,4,1,25,1,51,61,41,0,0,0,0,0,0,0,0,0,10,0,4,0,0,0,0,0,4,2,35.65049666666666,139.53181,3,3,0,0,0,0
1,30,894,461,2,0,1,20890,0,208,2022,10,11,18,20,22,5,44,17,11,1,1,1,14,7,0,0,0,0,3,9,1,70,4,2,1,1,65,51,61,41,0,0,0,0,0,0,0,0,0,10,0,4,0,0,0,0,0,4,2,35.65069027777778,139.55287083333334,3,3,0,0,0,0
1,30,894,463,2,0,1,30000,0,219,2022,10,13,18,52,22,5,45,17,9,3,1,2,14,7,0,0,0,0,2,9,1,70,5,3,1,25,55,51,61,41,0,0,0,0,0,0,0,0,0,10,0,3,0,0,0,0,0,4,2,35.62698555555556,139.59032416666668,5,3,0,0,0,0
1,30,894,475,2,0,1,10620,0,219,2022,9,20,17,15,13,5,27,17,41,2,1,1,1,1,9,22,0,0,15,9,30,70,4,2,1,65,25,14,61,31,0,11,0,1,0,11,0,3,0,10,0,3,0,2,0,2,0,4,2,35.63393305555555,139.5783972222222,3,3,9999,0,3,0
1,30,894,485,2,0,1,30000,0,208,2022,10,26,12,23,12,5,57,16,53,1,1,1,14,7,0,0,0,0,2,7,1,70,5,4,1,45,65,3,61,31,0,1,0,1,0,11,0,4,0,30,0,4,0,2,0,2,0,4,2,35.66638666666667,139.54838694444445,4,3,9999,0,9,0
1,30,894,486,2,0,1,30000,0,219,2022,10,26,12,45,12,5,57,16,53,1,1,1,1,7,9,22,0,0,11,9,30,70,5,2,1,75,65,51,61,41,0,0,0,0,0,0,0,0,0,10,0,4,0,0,0,0,0,4,2,35.63365388888889,139.57662805555555,4,3,0,0,0,0
1,30,894,489,2,0,1,30000,0,219,2022,10,28,15,0,12,5,59,16,50,1,1,1,14,7,0,0,0,0,3,9,1,70,5,3,1,65,1,1,61,1,0,1,0,1,0,11,0,2,0,20,0,3,0,2,0,2,0,4,2,35.63112916666667,139.58571944444446,6,3,9999,0,9,0
1,30,894,493,2,0,1,30000,0,208,2022,10,19,15,5,12,5,51,17,1,2,1,1,14,7,0,0,0,0,2,9,1,70,5,4,1,25,45,13,61,31,0,11,0,1,0,11,0,5,0,10,0,3,0,2,0,2,0,4,2,35.66105611111111,139.5849613888889,4,3,9999,0,1,0
1,30,894,496,2,0,1,21320,0,208,2022,10,28,21,5,22,5,59,16,50,1,1,1,1,1,9,22,0,0,12,9,30,70,4,2,1,65,35,3,61,31,0,1,0,1,0,11,0,3,0,10,0,3,0,2,0,2,0,4,2,35.63639388888889,139.56024944444445,6,3,9999,0,9,0
1,30,895,156,2,0,1,10660,0,211,2022,4,30,15,20,12,4,50,18,27,1,1,1,1,1,9,22,0,0,11,7,30,70,5,3,1,45,75,3,61,31,0,1,0,1,0,11,0,2,0,80,0,3,0,2,0,2,0,4,2,35.72764083333333,139.49811694444443,7,3,9999,0,1,0
1,30,895,157,2,0,1,10240,0,211,2022,10,17,7,58,12,5,49,17,3,2,1,1,14,7,0,0,0,0,2,9,1,70,4,1,1,25,1,51,61,41,0,0,0,0,0,0,0,0,0,10,0,4,0,0,0,0,0,4,2,35.73036138888889,139.46331055555555,2,3,0,0,0,0
1,30,100,164,2,0,1,10050,0,101,2022,11,16,13,5,12,6,17,16,34,1,1,1,14,7,0,0,0,0,5,9,1,70,4,1,1,65,35,3,61,1,0,1,0,1,0,11,0,10,0,10,0,3,0,2,0,2,0,4,2,35.692187777777775,139.7399186111111,4,3,9999,0,9,0
1,30,100,171,2,0,1,30000,0,101,2022,11,22,14,12,12,6,23,16,31,1,1,1,1,7,9,22,0,0,15,9,30,70,4,2,1,45,25,3,61,1,0,1,0,1,0,11,0,2,0,10,0,3,0,2,0,2,0,4,2,35.6796125,139.7384111111111,3,2,9999,0,1,0
1,30,101,123,2,0,1,20000,0,101,2022,10,21,17,40,21,5,52,16,58,1,1,1,14,7,0,0,0,0,3,9,1,70,5,2,1,55,35,3,61,1,0,1,0,1,0,11,0,10,0,10,0,3,0,2,0,2,0,4,2,35.686026111111104,139.76520027777778,6,3,9999,0,9,0
1,30,101,127,2,0,1,10040,0,101,2022,11,12,20,50,22,6,13,16,37,1,1,1,1,1,9,22,0,0,18,9,30,70,1,2,1,55,45,3,61,31,0,1,0,1,0,11,0,5,0,10,0,3,0,2,0,2,0,4,2,35.68492027777778,139.76461361111112,7,3,9999,0,9,0
1,30,101,129,2,0,1,10020,0,101,2022,11,27,16,15,13,6,28,16,29,1,1,1,14,7,0,0,0,0,5,9,1,70,1,2,1,45,25,3,61,1,0,1,0,1,0,11,0,10,0,30,0,3,0,2,0,2,0,4,2,35.67401777777778,139.76072916666666,1,3,9999,0,9,0
1,30,101,130,2,0,1,30000,0,101,2022,11,12,11,5,12,6,13,16,37,1,1,1,14,7,0,0,0,0,2,9,1,70,5,2,1,45,45,3,61,1,0,1,0,1,0,11,0,2,0,80,0,3,0,2,0,2,0,4,2,35.672801944444444,139.7617,7,3,9999,0,1,0
1,30,101,131,2,0,1,20030,0,101,2022,11,29,20,30,22,6,30,16,28,3,1,2,1,1,9,22,0,0,19,9,30,70,4,2,1,25,65,3,61,31,0,1,0,2,0,11,0,5,0,10,0,3,0,2,0,2,0,4,2,35.67526111111111,139.75958111111112,3,3,9999,0,1,0
1,30,102,101,2,0,1,30000,0,101,2022,11,1,13,0,12,6,3,16,46,2,1,1,1,1,9,22,0,0,16,9,30,70,4,2,1,45,65,3,61,31,0,1,0,1,0,11,0,3,0,10,0,4,0,2,0,2,0,4,2,35.69782166666666,139.76225527777777,3,3,9999,0,9,0
1,30,102,112,2,0,1,10050,0,101,2022,11,29,16,55,21,6,30,16,28,3,1,2,1,1,9,22,0,0,15,9,30,70,1,1,1,65,1,3,61,1,0,1,0,1,0,11,0,1,0,10,0,3,0,2,0,2,0,4,2,35.69597777777778,139.76028888888888,3,3,9999,0,9,0
1,30,103,115,2,0,1,30000,0,101,2022,9,17,15,0,12,5,25,17,46,1,1,1,14,7,0,0,0,0,2,9,1,70,5,3,1,25,45,14,61,31,0,11,0,2,0,11,0,2,0,40,0,3,0,2,0,2,0,4,2,35.69862944444444,139.77091222222222,7,3,9999,0,5,0
1,30,103,123,2,0,1,20080,0,101,2022,11,15,0,55,22,6,16,16,34,1,1,1,1,1,9,22,0,0,19,9,30,70,4,2,1,65,25,3,61,1,0,1,0,1,0,11,0,4,0,50,0,3,0,2,0,2,0,4,2,35.69894166666666,139.76900500000002,3,3,9999,0,9,0