資料区分,都道府県コード,警察署等コード,本票番号,事故内容,死者数,負傷者数,路線コード,地点コード,市区町村コード,発生日時　　年,発生日時　　月,発生日時　　日,発生日時　　時,発生日時　　分,昼夜,日の出時刻　　時,日の出時刻　　分,日の入り時刻　　時,日の入り時刻　　分,天候,地形,路面状態,道路形状,信号機,一時停止規制　標識（当事者A）,一時停止規制　表示（当事者A）,一時停止規制　標識（当事者B）,一時停止規制　表示（当事者B）,車道幅員,道路線形,衝突地点,ゾーン規制,中央分離帯施設等,歩車道区分,事故類型,年齢（当事者A）,年齢（当事者B）,当事者種別（当事者A）,当事者種別（当事者B）,用途別（当事者A）,用途別（当事者B）,車両形状等（当事者A）,車両形状等（当事者B）,オートマチック車（当事者A）,オートマチック車（当事者B）,サポカー（当事者A）,サポカー（当事者B）,速度規制（指定のみ）（当事者A）,速度規制（指定のみ）（当事者B）,車両の衝突部位（当事者A）,車両の衝突部位（当事者B）,車両の損壊程度（当事者A）,車両の損壊程度（当事者B）,エアバッグの装備（当事者A）,エアバッグの装備（当事者B）,サイドエアバッグの装備（当事者A）,サイドエアバッグの装備（当事者B）,人身損傷程度（当事者A）,人身損傷程度（当事者B）,lat,lon,曜日(発生年月日),祝日(発生年月日),認知機能検査経過日数（当事者A）,認知機能検査経過日数（当事者B）,運転練習の方法（当事者A）,運転練習の方法（当事者B）
1,30,103,125,2,0,1,40,19,101,2022,11,19,1,0,22,6,20,16,32,1,1,1,1,1,9,22,0,0,19,9,30,70,1,1,1,65,35,14,61,31,0,11,0,1,0,11,0,5,0,10,0,3,0,2,0,2,0,4,2,35.697578611111105,139.77534916666667,7,3,9999,0,9,0
1,30,103,126,2,0,1,20070,0,101,2022,11,24,20,30,22,6,25,16,30,1,1,1,1,1,9,22,0,0,19,9,30,70,1,2,1,55,45,3,61,1,0,1,0,1,0,11,0,3,0,10,0,3,0,2,0,2,0,4,2,35.69746305555555,139.77113833333334,5,3,9999,0,9,0
1,30,104,219,2,0,1,30080,0,102,2022,11,5,19,57,22,6,7,16,42,2,1,1,1,1,9,22,0,0,18,9,30,70,1,2,1,25,65,3,61,31,0,1,0,1,0,11,0,3,0,50,0,4,0,2,0,2,0,4,2,35.6851925,139.77152944444447,7,3,9999,0,1,0
1,30,104,228,2,0,1,30000,0,102,2022,11,15,12,5,12,6,16,16,34,3,1,2,14,7,0,0,0,0,3,9,1,70,5,3,1,65,55,3,61,1,0,1,0,1,0,11,0,5,0,10,0,4,0,2,0,2,0,4,2,35.68556722222222,139.77457944444447,3,3,9999,0,9,0
1,30,104,231,2,0,1,30000,0,102,2022,11,14,19,5,22,6,15,16,35,2,1,1,1,7,1,21,0,0,14,9,30,70,5,2,1,65,45,13,61,31,0,11,0,1,0,11,0,3,0,10,0,4,0,2,0,2,0,4,2,35.67952444444444,139.77528,2,3,9999,0,9,0
1,30,104,245,2,0,1,20020,0,102,2022,9,15,16,20,12,5,23,17,49,1,1,1,1,1,9,22,0,0,19,9,30,70,1,2,1,45,35,35,61,31,0,0,0,0,0,11,0,10,0,10,0,3,0,0,0,0,0,4,2,35.677115,139.767235,5,3,9999,0,9,0
1,30,104,246,2,0,1,30000,0,102,2022,11,29,16,55,21,6,30,16,28,3,1,2,1,7,9,22,0,0,11,9,30,70,5,2,1,75,65,3,61,1,0,1,0,1,0,11,0,10,0,10,0,3,0,2,0,2,0,4,2,35.67414083333333,139.78517333333332,3,3,218,0,9,0
1,30,104,247,2,0,1,20090,0,102,2022,11,30,13,20,12,6,31,16,28,2,1,1,7,1,0,0,0,0,5,9,1,70,1,2,1,55,25,3,61,1,0,1,0,1,0,11,0,5,0,10,0,4,0,2,0,2,0,4,2,35.67880638888889,139.76790722222225,4,3,9999,0,9,0
1,30,106,170,2,0,1,30000,0,102,2022,11,16,19,40,22,6,17,16,34,1,1,1,1,7,1,21,0,0,11,9,30,70,5,2,1,1,25,13,61,31,0,11,0,1,0,11,0,2,0,10,0,3,0,2,0,2,0,4,2,35.671460555555555,139.7603513888889,4,3,9999,0,1,0
1,30,106,173,2,0,1,10020,0,102,2022,11,30,18,5,22,6,31,16,28,2,1,1,14,7,0,0,0,0,5,7,1,70,1,2,1,35,35,51,61,41,0,0,0,0,0,0,0,0,0,10,0,4,0,0,0,0,0,4,2,35.66495888888889,139.77204944444446,4,3,0,0,0,0
1,30,106,175,2,0,1,30000,0,102,2022,11,29,22,20,22,6,30,16,28,3,1,2,1,1,9,22,0,0,15,9,30,70,4,2,1,75,45,3,61,1,0,1,0,1,0,11,0,2,0,10,0,3,0,2,0,2,0,4,2,35.67142777777777,139.77139222222223,3,3,645,0,9,0
1,30,107,128,2,0,1,99000,0,102,2022,11,10,15,55,13,6,11,16,38,1,1,1,0,7,0,0,0,0,0,0,20,70,0,4,1,55,35,4,61,31,0,1,0,1,0,11,0,10,0,30,0,4,0,2,0,2,0,4,2,35.66027611111111,139.77454722222222,5,3,9999,0,9,0
1,30,107,133,2,0,1,20000,0,102,2022,11,25,16,20,13,6,26,16,29,1,1,1,14,7,0,0,0,0,5,9,1,70,1,2,1,1,1,51,61,41,0,0,0,0,0,0,0,0,0,40,0,4,0,0,0,0,0,4,2,35.66470944444444,139.78430777777777,6,3,0,0,0,0
1,30,108,181,2,0,1,20030,0,103,2022,10,20,2,27,22,5,52,17,0,1,1,1,1,1,9,22,0,0,18,9,30,70,5,1,1,35,25,3,61,1,0,1,0,1,0,11,0,10,0,10,0,2,0,2,0,2,0,4,2,35.66705555555556,139.75420805555555,5,3,9999,0,1,0
1,30,108,186,2,0,1,150,35,103,2022,11,6,8,0,12,6,7,16,41,1,1,1,1,1,9,22,0,0,18,9,30,70,1,2,1,25,45,3,61,1,0,1,0,1,0,11,0,5,0,50,0,3,0,2,0,2,0,4,2,35.65695777777778,139.7546113888889,1,3,9999,0,1,0
1,30,108,191,2,0,1,10070,0,103,2022,11,13,12,50,12,6,14,16,36,2,1,1,14,7,0,0,0,0,4,9,1,70,1,2,1,1,45,51,61,41,0,0,0,0,0,0,0,0,0,10,0,4,0,0,0,0,0,4,2,35.65781805555555,139.75990194444444,1,3,0,0,0,0
1,30,108,192,2,0,1,10070,0,103,2022,11,16,21,12,22,6,17,16,34,1,1,1,1,1,9,22,0,0,19,9,30,70,1,1,1,45,55,3,61,31,0,1,0,1,0,11,0,4,0,20,0,3,0,2,0,2,0,4,2,35.656174444444446,139.76003916666667,4,3,9999,0,9,0
1,30,108,209,2,0,1,10640,0,103,2022,11,29,16,10,13,6,30,16,28,3,1,2,1,1,9,22,0,0,15,9,30,70,4,2,1,65,25,3,61,1,0,1,0,1,0,11,0,3,0,50,0,3,0,2,0,2,0,4,2,35.666091944444446,139.75017333333332,3,3,9999,0,9,0
1,30,109,147,2,0,1,95000,0,103,2022,11,25,14,40,12,6,26,16,29,1,1,1,0,7,0,0,0,0,0,0,20,70,0,4,1,25,25,3,61,31,0,1,0,1,0,11,0,10,0,10,0,3,0,2,0,2,0,4,2,35.64273222222222,139.7520272222222,6,3,9999,0,5,0
1,30,109,149,2,0,1,95000,0,103,2022,11,22,17,0,21,6,23,16,31,1,1,1,0,7,0,0,0,0,0,0,20,70,0,2,1,55,65,36,61,31,0,0,0,0,0,11,0,10,0,10,0,3,0,0,0,0,0,4,2,35.64408944444445,139.7368411111111,3,2,9999,0,9,0
1,30,110,131,2,0,2,10070,0,103,2022,10,4,8,10,12,5,38,17,21,1,1,1,1,1,9,22,0,0,16,9,30,70,1,1,1,25,45,36,61,31,0,0,0,0,0,11,0,2,0,10,0,3,0,0,0,0,0,2,2,35.628904166666665,139.75037777777777,3,3,9999,0,5,0
1,30,110,136,2,0,1,10070,0,103,2022,11,8,16,20,13,6,9,16,40,1,1,1,14,1,0,0,0,0,5,9,1,70,1,1,1,65,55,3,61,1,0,1,0,1,0,11,0,4,0,10,0,4,0,2,0,2,0,4,2,35.629845833333334,139.75045694444444,3,3,9999,0,9,0
1,30,111,260,2,0,1,30000,0,103,2022,11,6,17,5,21,6,7,16,41,1,1,1,14,7,0,0,0,0,1,9,1,70,5,2,1,55,65,51,61,41,0,0,0,0,0,0,0,0,0,10,0,3,0,0,0,0,0,2,4,35.64716416666666,139.7358061111111,1,3,0,0,0,0
1,30,111,265,2,0,1,30000,0,103,2022,11,4,15,22,12,6,6,16,43,1,1,1,1,7,1,21,0,0,11,9,30,70,5,2,1,45,45,3,61,1,0,1,0,1,0,11,0,1,0,10,0,4,0,2,0,2,0,4,2,35.66495694444444,139.74151277777776,6,3,9999,0,9,0
1,30,112,203,2,0,1,20150,0,103,2022,11,4,18,15,22,6,6,16,43,1,1,1,1,7,9,22,0,0,14,9,30,70,4,1,1,45,25,13,61,31,0,11,0,1,0,11,0,2,0,10,0,3,0,2,0,2,0,4,2,35.673157499999995,139.73830638888887,6,3,9999,0,5,0
1,30,112,217,2,0,1,95000,0,103,2022,11,23,18,50,22,6,24,16,30,3,1,2,1,1,9,22,0,0,15,9,30,70,1,1,1,55,65,3,61,1,0,1,0,1,0,11,0,5,0,50,0,4,0,2,0,2,0,4,2,35.67129222222222,139.71977055555556,4,1,9999,0,9,0
1,30,113,323,2,0,1,30000,0,108,2022,11,15,18,55,22,6,16,16,34,1,1,1,7,1,0,0,0,0,4,9,1,70,1,2,1,45,55,1,61,1,0,1,0,1,0,11,0,5,0,40,0,4,0,2,0,2,0,4,2,35.6447725,139.82737111111112,3,3,9999,0,9,0
1,30,215,134,2,0,1,30000,0,109,2022,9,12,16,20,12,5,21,17,53,1,1,1,14,7,0,0,0,0,2,9,1,70,5,3,1,75,35,3,61,1,0,1,0,1,0,11,0,2,0,40,0,3,0,2,0,2,0,4,2,35.61327055555556,139.7360922222222,2,3,9999,0,9,0
1,30,215,135,2,0,1,95000,0,109,2022,11,10,14,50,12,6,11,16,38,1,1,1,14,7,0,0,0,0,4,9,1,70,5,3,1,45,1,51,61,41,0,0,0,0,0,0,0,0,0,0,0,4,0,0,0,0,0,4,2,35.619997777777776,139.74210194444444,5,3,0,0,0,0
1,30,215,141,2,0,1,30000,0,109,2022,11,22,12,0,12,6,23,16,31,1,1,2,14,7,0,0,0,0,5,9,1,70,5,2,1,35,75,3,61,31,0,1,0,1,0,11,0,3,0,20,0,4,0,2,0,2,0,4,2,35.615274722222225,139.74523944444442,3,2,9999,0,9,0
1,30,215,142,2,0,1,10070,0,109,2022,11,11,22,55,22,6,12,16,37,1,1,1,1,1,8,22,0,0,12,9,30,70,4,1,1,65,1,3,61,1,0,1,0,1,0,11,0,4,0,10,0,3,0,2,0,2,0,4,2,35.61162916666667,139.74748277777778,6,3,9999,0,9,0
1,30,215,145,2,0,1,30000,0,109,2022,11,29,16,20,13,6,30,16,28,3,1,2,14,7,0,0,0,0,5,7,1,70,5,2,1,35,1,3,61,31,0,1,0,1,0,11,0,3,0,10,0,3,0,2,0,2,0,4,2,35.62314527777778,139.73494444444444,3,3,9999,0,1,0
1,30,216,175,2,0,1,10070,0,109,2022,10,3,12,10,12,5,37,17,22,1,1,1,14,7,0,0,0,0,6,9,1,70,1,2,1,45,75,17,61,31,0,11,0,2,0,11,0,4,0,10,0,3,0,2,0,2,0,4,2,35.58929083333334,139.7390111111111,2,3,9999,0,9,0
1,30,216,179,2,0,1,150,118,109,2022,10,18,8,19,12,5,50,17,2,1,1,1,1,1,0,0,0,0,13,9,30,70,1,1,1,1,0,61,0,0,0,0,0,0,0,0,0,0,0,0,0,0,0,0,0,0,0,2,0,35.59005833333334,139.7361736111111,3,3,0,0,0,0
1,30,216,188,2,0,1,150,103,109,2022,11,18,19,59,22,6,19,16,33,1,1,1,1,1,9,22,0,0,11,9,30,70,4,2,1,45,35,3,61,31,0,1,0,1,0,11,0,4,0,10,0,3,0,2,0,2,0,4,2,35.60346083333334,139.74069,6,3,9999,0,9,0
1,30,216,189,2,0,1,30000,0,109,2022,11,20,9,10,12,6,21,16,32,2,1,1,14,7,0,0,0,0,2,9,1,70,5,3,1,75,1,3,61,31,0,1,0,1,0,11,0,2,0,40,0,3,0,2,0,2,0,4,2,35.604105000000004,139.7431286111111,1,3,257,0,9,0
1,30,216,196,2,0,1,30000,0,109,2022,11,10,16,20,13,6,11,16,38,2,1,1,14,7,0,0,0,0,3,9,1,70,4,2,1,1,35,51,61,41,0,0,0,0,0,0,0,0,0,10,0,3,0,0,0,0,0,4,2,35.60763305555556,139.7323513888889,5,3,0,0,0,0
1,30,217,177,2,0,1,20130,0,109,2022,11,11,18,17,22,6,12,16,37,1,1,1,1,1,9,22,0,0,17,9,30,70,1,1,1,45,55,3,61,31,0,1,0,1,0,11,0,4,0,10,0,3,0,2,0,2,0,4,2,35.633875277777776,139.71994666666666,6,3,9999,0,5,0
1,30,217,181,2,0,1,10080,0,109,2022,10,12,19,10,22,5,45,17,10,2,1,1,14,7,0,0,0,0,5,9,1,70,1,2,1,45,45,51,61,41,0,0,0,0,0,0,0,0,0,20,0,4,0,0,0,0,0,4,2,35.634385277777774,139.71889972222223,4,3,0,0,0,0
1,30,217,186,2,0,1,10160,0,109,2022,11,24,10,32,12,6,25,16,30,1,1,1,14,7,0,0,0,0,5,9,1,70,1,1,1,35,65,51,61,41,0,0,0,0,0,0,0,0,0,10,0,4,0,0,0,0,0,4,2,35.624701944444446,139.71958444444445,5,3,0,0,0,0
1,30,217,189,2,0,1,30000,0,109,2022,11,26,11,20,12,6,27,16,29,2,1,2,14,7,0,0,0,0,2,9,1,70,1,2,1,35,0,61,0,0,0,0,0,0,0,0,0,0,0,0,0,0,0,0,0,0,0,2,0,35.62578972222222,139.72338722222221,7,3,0,0,0,0
1,30,219,355,2,0,1,30000,0,111,2022,7,16,11,18,12,4,37,18,57,3,1,2,14,7,0,0,0,0,2,7,1,70,5,4,1,55,55,3,61,31,0,1,0,1,0,11,0,5,0,20,0,4,0,1,0,1,0,4,2,35.589354444444446,139.72696305555556,7,3,9999,0,1,0
1,30,219,356,2,0,1,150,131,111,2022,9,23,21,42,22,5,29,17,37,3,1,2,1,1,9,22,0,0,15,9,30,70,5,1,1,25,65,4,61,31,0,1,0,1,0,11,0,10,0,50,0,3,0,2,0,2,0,4,2,35.57830444444445,139.73517833333332,6,1,9999,0,1,0
1,30,219,360,2,0,1,30000,0,111,2022,10,12,10,32,12,5,45,17,10,2,1,1,7,1,0,0,0,0,2,9,1,70,5,3,1,75,75,3,61,31,0,1,0,1,0,11,0,5,0,50,0,4,0,2,0,2,0,4,2,35.57961027777778,139.72628083333333,4,3,341,0,9,0
1,30,219,361,2,0,1,20180,0,111,2022,10,20,17,30,21,5,52,17,0,1,1,1,1,1,9,22,0,0,14,9,30,70,4,2,1,35,65,51,61,41,0,0,0,0,0,0,0,0,0,10,0,3,0,0,0,0,0,4,2,35.58356305555556,139.72351416666666,5,3,0,0,0,0
1,30,219,367,2,0,1,30000,0,111,2022,11,4,6,20,11,6,6,16,43,1,1,1,1,1,1,21,0,0,12,9,30,70,4,1,1,45,65,4,61,31,0,1,0,1,0,11,0,5,0,30,0,3,0,2,0,2,0,4,2,35.58712694444445,139.72811666666666,6,3,9999,0,1,0
1,30,219,373,2,0,1,1310,0,111,2022,11,2,21,25,22,6,4,16,45,1,1,1,7,7,0,0,0,0,5,9,1,70,4,2,1,45,75,35,61,31,0,0,0,0,0,11,0,4,0,10,0,3,0,0,0,0,0,4,2,35.5656925,139.7363911111111,4,2,9999,0,5,0
1,30,219,377,2,0,1,30000,0,111,2022,11,12,12,0,12,6,13,16,37,1,1,1,14,7,0,0,0,0,2,9,1,70,5,3,1,1,75,51,61,41,0,0,0,0,0,0,0,0,0,10,0,3,0,0,0,0,0,4,2,35.57147972222223,139.7336411111111,7,3,0,0,0,0
1,30,219,380,2,0,1,30000,0,111,2022,11,14,13,12,12,6,15,16,35,1,1,1,14,7,0,0,0,0,2,9,1,70,5,4,1,45,45,3,61,1,0,1,0,1,0,11,0,2,0,40,0,4,0,2,0,2,0,4,2,35.568177777777784,139.7394897222222,2,3,9999,0,4,0
1,30,219,384,2,0,1,10130,0,111,2022,11,18,12,40,12,6,19,16,33,1,1,1,14,7,0,0,0,0,5,7,1,70,1,2,1,55,45,34,61,31,0,0,0,0,0,11,0,4,0,10,0,3,0,0,0,0,0,4,2,35.579928611111114,139.72528694444443,6,3,9999,0,9,0
1,30,219,386,2,0,1,30000,0,111,2022,9,6,15,49,12,5,17,18,2,1,1,1,1,7,9,22,0,0,11,9,30,70,5,3,1,55,55,51,61,41,0,0,0,0,0,0,0,0,0,10,0,4,0,0,0,0,0,4,2,35.58749111111111,139.72810972222223,3,3,0,0,0,0
1,30,219,389,2,0,1,21140,0,111,2022,11,22,19,40,22,6,23,16,31,1,1,1,14,7,0,0,0,0,1,9,1,70,5,1,1,45,35,4,61,31,0,1,0,1,0,11,0,2,0,20,0,3,0,2,0,2,0,4,2,35.57788694444445,139.7271411111111,3,2,9999,0,9,0
1,30,219,393,2,0,1,30000,0,111,2022,11,28,5,40,23,6,29,16,28,1,1,1,1,7,1,21,0,0,11,9,30,70,5,4,1,35,35,14,61,31,0,11,0,1,0,11,0,1,0,50,0,3,0,2,0,2,0,4,2,35.57879305555556,139.73814583333333,2,3,9999,0,1,0
1,30,219,396,2,0,1,150,134,111,2022,11,30,19,20,22,6,31,16,28,2,1,1,14,7,0,0,0,0,1,9,1,70,1,2,1,55,25,51,61,41,0,0,0,0,0,0,0,0,0,10,0,3,0,0,0,0,0,2,4,35.57609555555556,139.73442527777777,4,3,0,0,0,0
1,30,221,303,2,0,1,10180,0,111,2022,11,18,8,10,12,6,19,16,33,1,1,1,14,7,0,0,0,0,2,9,1,70,5,2,1,1,65,51,61,41,0,0,0,0,0,0,0,0,0,10,0,4,0,0,0,0,0,4,2,35.55259777777778,139.74044833333332,6,3,0,0,0,0
1,30,221,307,2,0,1,95000,0,111,2022,11,25,7,5,11,6,26,16,29,1,1,1,14,7,0,0,0,0,2,9,1,70,4,1,1,55,55,51,61,41,0,0,0,0,0,0,0,0,0,10,0,3,0,0,0,0,0,4,2,35.56081694444444,139.7249613888889,6,3,0,0,0,0
1,30,221,310,2,0,1,10200,0,111,2022,11,30,9,50,12,6,31,16,28,2,1,1,1,1,9,22,0,0,17,9,30,70,1,2,1,25,35,51,61,41,0,0,0,0,0,0,0,0,0,10,0,3,0,0,0,0,0,4,2,35.558749166666665,139.7181675,4,3,0,0,0,0
1,30,222,287,2,0,1,30000,0,111,2022,11,14,15,40,13,6,15,16,35,1,1,1,14,7,0,0,0,0,1,9,1,70,5,3,1,25,65,3,61,31,0,1,0,1,0,11,0,2,0,80,0,3,0,2,0,2,0,4,2,35.57263416666667,139.71413527777776,2,3,9999,0,1,0
1,30,222,290,2,0,1,10,158,111,2022,11,19,17,50,22,6,20,16,32,1,1,1,1,1,9,22,0,0,19,9,30,70,1,2,1,35,65,14,61,31,0,11,0,1,0,11,0,5,0,10,0,4,0,2,0,2,0,4,2,35.578119722222226,139.70013666666665,7,3,9999,0,5,0
1,30,222,292,2,0,1,30000,0,111,2022,11,20,14,25,12,6,21,16,32,3,1,2,14,7,0,0,0,0,3,9,1,70,4,3,1,35,35,3,61,31,0,1,0,1,0,11,0,1,0,40,0,3,0,2,0,2,0,4,2,35.57308333333334,139.70156138888888,1,3,9999,0,1,0
1,30,222,293,2,0,1,10,162,111,2022,11,5,19,55,22,6,7,16,42,1,1,1,1,1,9,22,0,0,17,9,30,70,4,2,1,25,45,51,61,41,0,0,0,0,0,0,0,0,0,10,0,3,0,0,0,0,0,4,2,35.57489555555556,139.69866555555555,7,3,0,0,0,0
1,30,223,20,2,0,1,90000,0,111,2022,10,27,18,15,22,5,58,16,51,1,1,1,1,1,9,22,0,0,12,9,30,70,1,2,1,55,25,11,61,1,0,11,0,2,0,11,0,1,0,10,0,3,0,2,0,2,0,4,2,35.556149166666664,139.7811927777778,5,3,9999,0,9,0
1,30,325,205,2,0,1,10210,0,112,2022,11,11,9,13,12,6,12,16,37,1,1,1,14,7,0,0,0,0,4,9,1,70,4,2,1,65,65,3,61,31,0,1,0,1,0,11,0,3,0,40,0,3,0,2,0,2,0,4,2,35.643234722222225,139.6650377777778,6,3,9999,0,9,0
1,30,326,371,2,0,1,30000,0,112,2022,10,12,8,15,12,5,45,17,10,2,1,1,14,7,0,0,0,0,1,9,1,1,5,3,1,1,35,17,61,1,0,11,0,1,0,11,0,2,0,80,0,3,0,2,0,2,0,4,2,35.66487027777777,139.65697,4,3,9999,0,1,0
1,30,326,388,2,0,1,30000,0,112,2022,10,10,10,27,12,5,43,17,13,2,1,1,14,7,0,0,0,0,3,9,1,70,5,3,1,1,25,51,61,41,0,0,0,0,0,0,0,0,0,10,0,3,0,0,0,0,0,4,2,35.648669166666664,139.6343063888889,2,1,0,0,0,0
1,30,326,389,2,0,1,30000,0,112,2022,10,11,8,25,12,5,44,17,11,1,1,1,14,7,0,0,0,0,3,9,1,70,5,3,1,35,25,3,61,31,0,1,0,1,0,11,0,2,0,40,0,3,0,2,0,2,0,4,2,35.65210722222222,139.65664361111112,3,3,9999,0,1,0
1,30,326,393,2,0,1,30000,0,112,2022,11,13,19,50,22,6,14,16,36,3,1,2,14,7,0,0,0,0,1,9,1,70,5,3,1,1,0,61,0,0,0,0,0,0,0,0,0,0,0,0,0,0,0,0,0,0,0,2,0,35.66469416666666,139.63611,1,3,0,0,0,0
1,30,326,394,2,0,1,30000,0,112,2022,11,15,15,15,12,6,16,16,34,1,1,1,14,7,0,0,0,0,2,8,1,70,5,3,1,35,75,14,61,1,0,11,0,1,0,11,0,2,0,40,0,3,0,2,0,2,0,4,2,35.65483916666666,139.6652638888889,3,3,9999,0,5,0
1,30,326,403,2,0,1,30000,0,112,2022,11,21,9,30,12,6,22,16,31,2,1,1,1,7,9,22,0,0,11,9,30,70,5,3,1,55,45,51,61,41,0,0,0,0,0,0,0,0,0,20,0,3,0,0,0,0,0,2,4,35.66658222222222,139.65912055555557,2,3,0,0,0,0
1,30,326,406,2,0,1,30000,0,112,2022,11,23,16,18,13,6,24,16,30,3,1,2,14,7,0,0,0,0,1,8,1,70,5,3,1,55,0,61,0,0,0,0,0,0,0,0,0,0,0,0,0,0,0,0,0,0,0,2,0,35.655145555555556,139.6496111111111,4,1,0,0,0,0
1,30,327,430,2,0,1,2460,120,112,2022,11,1,6,40,11,6,3,16,46,1,1,2,1,1,9,22,0,0,16,9,30,70,1,2,1,55,55,3,61,31,0,1,0,1,0,11,0,5,0,10,0,3,0,2,0,2,0,4,2,35.62412666666667,139.6378288888889,3,3,9999,0,9,0
1,30,327,433,2,0,1,30000,0,112,2022,11,5,14,46,12,6,7,16,42,1,1,1,14,7,0,0,0,0,2,9,1,70,4,4,1,45,65,14,61,1,0,11,0,1,0,11,0,5,0,10,0,3,0,2,0,2,0,4,2,35.60899,139.66276416666668,7,3,9999,0,9,0
1,30,327,436,2,0,1,30200,0,112,2022,11,7,17,33,21,6,8,16,41,1,1,1,1,1,9,22,0,0,19,9,30,70,4,1,1,45,1,3,61,31,0,1,0,1,0,11,0,3,0,20,0,3,0,2,0,2,0,4,2,35.62185222222222,139.65410083333333,2,3,9999,0,9,0
1,30,327,438,2,0,1,95000,0,112,2022,11,6,13,20,12,6,7,16,41,1,1,1,1,7,1,21,0,0,12,9,30,70,5,3,1,65,25,14,61,1,0,11,0,1,0,11,0,2,0,10,0,4,0,2,0,2,0,4,2,35.610933055555556,139.66227972222222,1,3,9999,0,9,0
1,30,327,443,2,0,1,30000,0,112,2022,10,24,10,40,12,5,55,16,55,1,1,1,14,7,0,0,0,0,3,9,1,70,4,2,1,75,75,3,61,1,0,1,0,1,0,11,0,3,0,40,0,4,0,2,0,2,0,4,2,35.60949638888889,139.64595666666665,2,3,509,0,9,0
1,30,327,445,2,0,1,30000,0,112,2022,11,4,18,5,22,6,6,16,43,1,1,2,14,7,0,0,0,0,2,9,1,70,5,3,1,25,35,14,61,1,0,11,0,1,0,11,0,5,0,70,0,4,0,2,0,2,0,4,2,35.62492666666667,139.63685833333332,6,3,9999,0,5,0
1,30,327,448,2,0,1,30000,0,112,2022,11,13,19,35,22,6,14,16,36,1,1,2,14,7,0,0,0,0,1,9,1,70,5,3,1,55,0,61,0,0,0,0,0,0,0,0,0,0,0,0,0,0,0,0,0,0,0,2,0,35.602556666666665,139.67177888888887,1,3,0,0,0,0
1,30,327,450,2,0,1,30000,0,112,2022,10,29,8,0,12,6,0,16,49,1,1,1,1,7,1,21,0,0,15,9,30,70,5,3,1,45,1,3,61,31,0,1,0,1,0,11,0,2,0,10,0,4,0,2,0,2,0,4,2,35.63345527777778,139.64653277777776,7,3,9999,0,9,0
1,30,327,453,2,0,1,30000,0,112,2022,10,18,13,10,12,5,50,17,2,2,1,1,14,7,0,0,0,0,2,9,1,70,5,3,1,35,75,52,61,41,0,0,0,0,0,0,0,0,0,10,0,4,0,0,0,0,0,4,2,35.61935,139.65221722222222,3,3,0,0,0,0
1,30,327,460,2,0,1,20000,0,112,2022,11,20,14,27,12,6,21,16,32,3,1,2,14,7,0,0,0,0,3,9,1,70,5,2,1,45,35,51,61,41,0,0,0,0,0,0,0,0,0,10,0,4,0,0,0,0,0,4,2,35.63124361111111,139.64247916666665,1,3,0,0,0,0
1,30,327,475,2,0,1,95000,0,112,2022,11,21,7,30,12,6,22,16,31,3,1,2,14,7,0,0,0,0,2,9,1,70,4,2,1,35,1,3,61,31,0,1,0,1,0,11,0,5,0,30,0,4,0,2,0,2,0,4,2,35.631236111111114,139.63777861111112,2,3,9999,0,1,0
1,30,328,462,1,1,0,30000,0,112,2022,11,15,22,5,22,6,16,16,34,1,1,1,7,7,0,0,0,0,2,9,1,70,5,4,1,35,75,14,61,1,0,11,0,1,0,11,0,10,0,50,0,3,0,2,0,2,0,4,1,35.673925277777776,139.6151761111111,3,3,9999,0,5,0
1,30,328,466,2,0,1,200,186,112,2022,10,30,9,10,12,6,1,16,48,1,1,1,1,1,9,22,0,0,15,9,30,70,4,2,1,35,1,3,61,31,0,1,0,1,0,11,0,3,0,40,0,3,0,2,0,2,0,4,2,35.67105222222222,139.59733611111113,1,3,9999,0,1,0
1,30,328,474,2,0,1,30000,0,112,2022,11,5,23,37,22,6,7,16,42,1,1,2,14,7,0,0,0,0,2,9,1,1,5,3,1,1,35,3,61,31,0,1,0,1,0,11,0,2,0,20,0,3,0,2,0,2,0,4,2,35.66933944444444,139.62369083333334,7,3,9999,0,1,0
1,30,328,489,2,0,1,30000,0,112,2022,11,13,17,20,21,6,14,16,36,3,1,2,1,7,9,22,0,0,11,9,30,70,5,3,1,55,55,3,61,31,0,1,0,1,0,11,0,3,0,10,0,3,0,2,0,2,0,4,2,35.64059861111111,139.59686861111112,1,3,9999,0,9,0
1,30,328,490,2,0,1,30000,0,112,2022,9,10,14,30,12,5,20,17,56,1,1,1,7,7,0,0,0,0,3,9,1,70,4,1,1,45,1,14,61,1,0,11,0,1,0,11,0,3,0,10,0,3,0,2,0,2,0,4,2,35.64299833333333,139.6103011111111,7,3,9999,0,1,0
1,30,328,491,2,0,1,30000,0,112,2022,11,14,19,0,22,6,15,16,35,2,1,1,1,1,9,22,0,0,14,9,30,70,4,2,1,75,75,4,61,31,0,1,0,1,0,11,0,2,0,20,0,3,0,2,0,2,0,4,2,35.64158361111111,139.604915,2,3,458,0,9,0
1,30,328,495,2,0,1,30000,0,112,2022,11,11,8,10,12,6,12,16,37,1,1,1,14,7,0,0,0,0,1,9,1,70,5,3,1,1,75,51,61,41,0,0,0,0,0,0,0,0,0,10,0,4,0,0,0,0,0,4,2,35.66514027777777,139.62342555555557,6,3,0,0,0,0