資料区分,都道府県コード,警察署等コード,本票番号,事故内容,死者数,負傷者数,路線コード,地点コード,市区町村コード,発生日時　　年,発生日時　　月,発生日時　　日,発生日時　　時,発生日時　　分,昼夜,日の出時刻　　時,日の出時刻　　分,日の入り時刻　　時,日の入り時刻　　分,天候,地形,路面状態,道路形状,信号機,一時停止規制　標識（当事者A）,一時停止規制　表示（当事者A）,一時停止規制　標識（当事者B）,一時停止規制　表示（当事者B）,車道幅員,道路線形,衝突地点,ゾーン規制,中央分離帯施設等,歩車道区分,事故類型,年齢（当事者A）,年齢（当事者B）,当事者種別（当事者A）,当事者種別（当事者B）,用途別（当事者A）,用途別（当事者B）,車両形状等（当事者A）,車両形状等（当事者B）,オートマチック車（当事者A）,オートマチック車（当事者B）,サポカー（当事者A）,サポカー（当事者B）,速度規制（指定のみ）（当事者A）,速度規制（指定のみ）（当事者B）,車両の衝突部位（当事者A）,車両の衝突部位（当事者B）,車両の損壊程度（当事者A）,車両の損壊程度（当事者B）,エアバッグの装備（当事者A）,エアバッグの装備（当事者B）,サイドエアバッグの装備（当事者A）,サイドエアバッグの装備（当事者B）,人身損傷程度（当事者A）,人身損傷程度（当事者B）,lat,lon,曜日(発生年月日),祝日(発生年月日),認知機能検査経過日数（当事者A）,認知機能検査経過日数（当事者B）,運転練習の方法（当事者A）,運転練習の方法（当事者B）
1,30,328,498,2,0,1,30000,0,112,2022,11,16,11,55,12,6,17,16,34,1,1,1,1,7,9,22,0,0,15,9,30,70,5,2,1,55,45,13,61,31,0,11,0,1,0,11,0,3,0,20,0,3,0,2,0,2,0,4,2,35.655991666666665,139.5961138888889,4,3,9999,0,9,0
1,30,328,510,2,0,1,95000,0,112,2022,11,6,9,30,12,6,7,16,41,1,1,1,14,7,0,0,0,0,2,9,20,70,4,2,1,55,1,51,61,41,0,0,0,0,0,0,0,0,0,20,0,4,0,0,0,0,0,4,2,35.64741083333333,139.62121194444444,1,3,0,0,0,0
1,30,328,513,2,0,1,10190,0,112,2022,10,28,12,20,12,5,59,16,50,1,1,1,14,7,0,0,0,0,3,9,1,70,4,2,1,65,35,51,61,41,0,0,0,0,0,0,0,0,0,10,0,3,0,0,0,0,0,4,2,35.61904444444445,139.61683555555555,6,3,0,0,0,0
1,30,328,516,2,0,1,30000,0,112,2022,11,25,15,15,12,6,26,16,29,1,1,1,1,7,9,22,0,0,11,9,30,70,5,3,1,45,25,17,61,31,0,11,0,1,0,11,0,10,0,10,0,3,0,2,0,2,0,4,2,35.64967194444444,139.60839694444445,6,3,9999,0,1,0
1,30,328,518,2,0,1,30000,0,112,2022,11,27,14,35,12,6,28,16,29,1,1,1,14,7,0,0,0,0,3,9,1,70,4,3,1,45,75,36,61,31,0,0,0,0,0,11,0,2,0,10,0,3,0,0,0,0,0,4,2,35.66945833333333,139.5992688888889,1,3,9999,0,1,0
1,30,328,519,2,0,1,30000,0,112,2022,11,27,15,22,12,6,28,16,29,1,1,1,14,7,0,0,0,0,2,9,1,70,5,3,1,45,35,3,61,31,0,1,0,1,0,11,0,5,0,10,0,4,0,2,0,2,0,4,2,35.63713194444444,139.58720333333335,1,3,9999,0,9,0
1,30,328,520,2,0,1,30000,0,112,2022,11,28,11,35,12,6,29,16,28,2,1,1,1,7,9,22,0,0,15,6,30,70,5,3,1,45,45,3,61,1,0,1,0,1,0,11,0,10,0,30,0,3,0,2,0,2,0,4,2,35.63566138888889,139.61235444444443,2,3,9999,0,9,0
1,30,328,522,2,0,1,30000,0,112,2022,11,16,12,42,12,6,17,16,34,1,1,1,1,1,9,22,0,0,12,9,30,70,4,2,1,1,35,51,61,41,0,0,0,0,0,0,0,0,0,10,0,3,0,0,0,0,0,4,2,35.64717805555556,139.62187527777778,4,3,0,0,0,0
1,30,329,235,2,0,1,10080,0,110,2022,11,1,5,40,23,6,3,16,46,1,1,1,13,7,0,0,0,0,2,6,1,70,4,2,1,65,35,3,61,31,0,1,0,1,0,11,0,3,0,40,0,2,0,2,0,2,0,4,2,35.63446805555556,139.71200777777776,3,3,9999,0,9,0
1,30,329,237,2,0,1,30000,0,110,2022,11,8,16,57,21,6,9,16,40,1,1,1,14,7,0,0,0,0,2,9,1,70,4,3,1,55,1,36,61,31,0,0,0,0,0,11,0,2,0,10,0,3,0,0,0,0,0,4,2,35.63211444444445,139.70249777777778,3,3,9999,0,9,0
1,30,329,251,2,0,1,30000,0,110,2022,11,30,13,5,12,6,31,16,28,2,1,1,14,7,0,0,0,0,1,9,1,70,5,3,1,45,35,3,61,31,0,1,0,1,0,11,0,5,0,20,0,4,0,2,0,2,0,4,2,35.64304944444444,139.69935,4,3,9999,0,1,0
1,30,330,327,2,0,1,30000,0,110,2022,11,4,17,15,21,6,6,16,43,1,1,1,1,1,9,22,0,0,15,9,30,70,4,2,1,1,35,4,61,31,0,1,0,1,0,11,0,2,0,10,0,3,0,2,0,2,0,4,2,35.611537500000004,139.69326527777778,6,3,9999,0,1,0
1,30,330,330,2,0,1,30000,0,110,2022,11,6,3,30,22,6,7,16,41,1,1,1,1,7,9,22,0,0,11,9,30,70,5,3,1,65,25,3,61,1,0,1,0,1,0,11,0,2,0,10,0,3,0,2,0,2,0,4,2,35.63072805555556,139.68652833333334,1,3,9999,0,9,0
1,30,330,334,2,0,1,30000,0,110,2022,11,8,23,0,22,6,9,16,40,1,1,1,1,7,9,22,0,0,15,9,30,70,4,3,1,55,35,3,61,1,0,1,0,1,0,11,0,2,0,10,0,3,0,2,0,2,0,4,2,35.61725277777778,139.676455,3,3,9999,0,9,0
1,30,330,336,2,0,1,30000,0,110,2022,10,29,12,32,12,6,0,16,49,1,1,1,14,7,0,0,0,0,4,9,1,70,4,3,1,55,25,3,61,31,0,1,0,1,0,11,0,2,0,40,0,3,0,2,0,2,0,4,2,35.60851111111111,139.672225,7,3,9999,0,9,0
1,30,330,339,2,0,1,30000,0,110,2022,11,11,11,45,12,6,12,16,37,1,1,1,1,7,9,22,0,0,11,9,30,70,4,1,1,65,65,3,61,1,0,1,0,1,0,11,0,2,0,10,0,3,0,2,0,2,0,4,2,35.618764722222224,139.67502944444445,6,3,9999,0,9,0
1,30,330,341,2,0,1,30000,0,110,2022,11,6,17,54,22,6,7,16,41,1,1,1,14,7,0,0,0,0,2,9,1,70,5,4,1,35,25,3,61,31,0,1,0,1,0,11,0,10,0,40,0,4,0,2,0,2,0,4,2,35.609791944444446,139.66860499999999,1,3,9999,0,1,0
1,30,330,343,2,0,1,20190,0,110,2022,11,16,17,5,21,6,17,16,34,1,1,1,14,7,0,0,0,0,3,9,1,70,4,3,1,45,65,51,61,41,0,0,0,0,0,0,0,0,0,40,0,4,0,0,0,0,0,4,2,35.630157777777775,139.68432222222222,4,3,0,0,0,0
1,30,330,344,2,0,1,30000,0,110,2022,11,17,12,40,12,6,18,16,33,1,1,1,1,7,9,22,0,0,11,9,30,70,5,3,1,45,1,51,61,41,0,0,0,0,0,0,0,0,0,40,0,3,0,0,0,0,0,4,2,35.62835444444445,139.66982527777776,5,3,0,0,0,0
1,30,330,346,2,0,1,95000,0,110,2022,11,19,14,15,12,6,20,16,32,1,1,1,14,7,0,0,0,0,2,9,1,70,4,3,1,55,1,3,61,31,0,1,0,1,0,11,0,2,0,10,0,4,0,2,0,2,0,4,2,35.61250583333334,139.6934302777778,7,3,9999,0,9,0
1,30,330,347,2,0,1,30000,0,110,2022,11,18,21,30,22,6,19,16,33,1,1,1,14,7,0,0,0,0,4,9,1,70,4,3,1,35,35,3,61,31,0,1,0,1,0,11,0,3,0,40,0,4,0,2,0,2,0,4,2,35.61550694444445,139.6770086111111,6,3,9999,0,5,0
1,30,330,349,2,0,1,20210,0,110,2022,11,13,15,15,12,6,14,16,36,2,1,2,14,7,0,0,0,0,1,9,1,70,4,3,1,1,35,36,61,31,0,0,0,0,0,11,0,2,0,10,0,3,0,0,0,0,0,4,2,35.60951777777778,139.6703,1,3,9999,0,5,0
1,30,330,353,2,0,1,30000,0,110,2022,11,26,11,30,12,6,27,16,29,1,1,1,21,7,0,0,0,0,3,9,20,70,5,4,1,45,45,59,61,0,0,0,0,0,0,0,0,0,0,10,0,4,0,0,0,0,0,4,2,35.607775555555556,139.66985555555556,7,3,0,0,0,0
1,30,331,288,2,0,1,20240,0,113,2022,11,2,5,0,22,6,4,16,45,1,1,1,7,7,0,0,0,0,5,9,1,70,1,1,1,25,25,17,61,1,0,11,0,2,0,11,0,4,0,80,0,3,0,2,0,2,0,4,2,35.64799361111111,139.70980166666666,4,2,9999,0,1,0
1,30,331,290,2,0,1,2460,52,113,2022,11,7,5,30,23,6,8,16,41,1,1,1,14,7,0,0,0,0,3,8,1,70,1,2,1,65,1,3,61,1,0,1,0,1,0,11,0,5,0,10,0,1,0,2,0,2,0,4,2,35.65674444444444,139.69868944444445,2,3,9999,0,9,0
1,30,331,293,2,0,1,30000,0,113,2022,11,11,9,35,12,6,12,16,37,1,1,1,14,7,0,0,0,0,4,9,1,70,4,2,1,35,65,51,61,41,0,0,0,0,0,0,0,0,0,10,0,4,0,0,0,0,0,4,2,35.64981,139.70754777777776,6,3,0,0,0,0
1,30,331,304,2,0,1,30000,0,113,2022,11,7,13,5,12,6,8,16,41,2,1,1,14,7,0,0,0,0,1,9,1,1,5,3,1,25,35,14,61,1,0,11,0,1,0,11,0,2,0,10,0,4,0,2,0,2,0,4,2,35.64924222222222,139.72157416666667,2,3,9999,0,1,0
1,30,331,307,2,0,1,30000,0,113,2022,11,2,16,15,13,6,4,16,45,1,1,1,7,7,0,0,0,0,3,8,1,70,5,3,1,25,25,3,61,31,0,1,0,1,0,11,0,2,0,20,0,3,0,2,0,2,0,4,2,35.661029444444445,139.70307027777775,4,2,9999,0,1,0
1,30,331,308,2,0,1,30000,0,113,2022,11,11,11,50,12,6,12,16,37,1,1,1,1,7,0,0,0,0,11,9,30,70,5,3,1,25,0,61,0,0,0,0,0,0,0,0,0,0,0,0,0,0,0,0,0,0,0,2,0,35.6613225,139.69705305555556,6,3,0,0,0,0
1,30,331,314,2,0,1,30000,0,113,2022,11,28,15,10,12,6,29,16,28,1,1,1,1,7,9,22,0,0,15,9,30,70,5,3,1,55,1,3,61,1,0,1,0,1,0,11,0,10,0,40,0,4,0,2,0,2,0,4,2,35.664566666666666,139.70818694444444,2,3,9999,0,9,0
1,30,331,315,2,0,1,30000,0,113,2022,11,29,18,12,22,6,30,16,28,3,1,2,1,7,9,22,0,0,16,9,30,70,4,3,1,35,55,13,61,31,0,11,0,1,0,11,0,3,0,10,0,3,0,2,0,2,0,4,2,35.65972,139.7065236111111,3,3,9999,0,1,0
1,30,332,142,2,0,1,30000,0,113,2022,11,28,7,35,12,6,29,16,28,2,1,1,14,1,0,0,0,0,3,9,1,70,4,1,1,35,75,51,61,41,0,0,0,0,0,0,0,0,0,10,0,3,0,0,0,0,0,4,2,35.67023333333333,139.70289166666666,2,3,0,0,0,0
1,30,333,294,2,0,1,21000,0,113,2022,11,8,18,50,22,6,9,16,40,1,1,1,14,7,0,0,0,0,4,9,1,70,1,2,1,55,35,3,61,1,0,1,0,1,0,11,0,4,0,0,0,3,0,2,0,2,0,4,2,35.668795277777775,139.7013386111111,3,3,9999,0,9,0
1,30,333,298,2,0,1,30000,0,113,2022,11,11,10,31,12,6,12,16,37,1,1,1,1,7,1,21,0,0,15,9,30,70,4,3,1,65,1,3,61,31,0,1,0,1,0,11,0,2,0,10,0,4,0,2,0,2,0,4,2,35.675398055555554,139.67574805555554,6,3,9999,0,9,0
1,30,333,300,2,0,1,30000,0,113,2022,11,12,12,30,12,6,13,16,37,1,1,1,14,7,0,0,0,0,1,9,1,70,5,2,1,35,25,14,61,31,0,11,0,1,0,11,0,3,0,30,0,3,0,2,0,2,0,4,2,35.67397833333333,139.68663722222223,7,3,9999,0,1,0
1,30,333,305,2,0,1,200,117,113,2022,9,5,9,10,12,5,16,18,3,1,1,1,1,1,9,22,0,0,14,9,30,70,1,2,1,25,45,51,61,41,0,0,0,0,0,0,0,0,0,10,0,3,0,0,0,0,0,4,2,35.67458333333333,139.6680175,2,3,0,0,0,0
1,30,333,306,2,0,1,200,117,113,2022,11,21,22,10,22,6,22,16,31,1,1,1,1,1,9,22,0,0,15,9,30,70,1,2,1,45,35,14,61,31,0,11,0,1,0,11,0,3,0,20,0,3,0,2,0,2,0,4,2,35.67532666666666,139.67070027777777,2,3,9999,0,1,0
1,30,333,313,2,0,1,99000,0,113,2022,11,30,13,0,12,6,31,16,28,2,1,1,0,7,0,0,0,0,0,0,20,70,0,4,1,55,1,17,61,1,0,11,0,2,0,11,0,10,0,50,0,4,0,2,0,2,0,4,2,35.68631388888888,139.69457111111112,4,3,9999,0,9,0
1,30,435,196,2,0,1,20290,0,104,2022,11,10,16,5,13,6,11,16,38,1,1,1,1,1,1,21,0,0,17,9,30,70,4,2,1,45,55,3,61,31,0,1,0,1,0,11,0,2,0,50,0,3,0,2,0,2,0,4,2,35.70135805555556,139.7121647222222,5,3,9999,0,1,0
1,30,435,197,2,0,1,30000,0,104,2022,11,10,16,49,21,6,11,16,38,1,1,1,14,7,0,0,0,0,2,9,1,70,5,2,1,65,35,3,61,31,0,1,0,1,0,11,0,1,0,50,0,3,0,2,0,2,0,4,2,35.6995325,139.73835083333333,5,3,9999,0,9,0
1,30,435,200,2,0,1,30000,0,104,2022,11,13,10,5,12,6,14,16,36,1,1,1,1,7,9,22,0,0,11,9,30,70,5,3,1,55,35,17,61,1,0,11,0,1,0,11,0,10,0,50,0,3,0,2,0,2,0,4,2,35.69555944444444,139.7127047222222,1,3,9999,0,9,0
1,30,435,201,2,0,1,20290,0,104,2022,11,15,5,38,23,6,16,16,34,3,1,2,1,1,9,22,0,0,15,9,30,70,5,1,1,1,55,3,61,31,0,1,0,1,0,11,0,3,0,10,0,3,0,2,0,2,0,4,2,35.70084472222222,139.70871277777778,3,3,9999,0,1,0
1,30,435,204,2,0,1,10220,0,104,2022,11,5,13,25,12,6,7,16,42,1,1,1,1,1,9,22,0,0,14,9,30,70,4,2,1,45,1,13,61,31,0,11,0,1,0,11,0,3,0,80,0,3,0,2,0,2,0,4,2,35.70226916666667,139.73808277777778,7,3,9999,0,1,0
1,30,436,195,2,0,2,20000,0,104,2022,9,23,3,59,22,5,29,17,37,3,1,2,1,1,9,22,0,0,16,7,30,70,1,2,1,65,45,3,61,1,0,1,0,1,0,11,0,4,0,14,0,2,0,2,0,2,0,4,2,35.698052222222216,139.69787416666668,6,1,9999,0,9,0
1,30,436,197,2,0,1,30000,0,104,2022,11,11,14,25,12,6,12,16,37,1,1,1,14,7,0,0,0,0,2,9,1,70,5,3,1,65,25,3,61,31,0,1,0,1,0,11,0,2,0,40,0,4,0,2,0,2,0,4,2,35.69339861111111,139.7087461111111,6,3,9999,0,9,0
1,30,436,203,2,0,1,30260,0,104,2022,11,23,23,38,22,6,24,16,30,1,1,2,1,1,9,22,0,0,16,9,30,70,1,1,1,25,25,13,61,31,0,11,0,1,0,11,0,4,0,50,0,3,0,2,0,2,0,4,2,35.697695555555555,139.70997305555554,4,1,9999,0,1,0
1,30,436,207,2,0,1,30000,0,104,2022,11,26,1,39,22,6,27,16,29,1,1,1,14,7,0,0,0,0,1,8,1,70,5,3,1,1,45,3,61,31,0,1,0,1,0,11,0,2,0,40,0,4,0,2,0,2,0,4,2,35.69598499999999,139.70358694444442,7,3,9999,0,1,0
1,30,437,141,2,0,1,10280,0,104,2022,8,24,19,19,21,5,7,18,20,2,1,1,14,7,0,0,0,0,4,9,1,70,4,2,1,55,25,51,61,41,0,0,0,0,0,0,0,0,0,40,0,4,0,0,0,0,0,4,2,35.71645222222222,139.70144249999998,4,3,0,0,0,0
1,30,437,144,2,0,1,10160,0,104,2022,11,3,13,25,12,6,5,16,44,1,1,1,1,1,9,22,0,0,19,9,30,70,1,2,1,25,55,51,61,41,0,0,0,0,0,0,0,0,0,10,0,4,0,0,0,0,0,4,2,35.71908333333334,139.6894802777778,5,1,0,0,0,0
1,30,437,145,2,0,1,30000,0,104,2022,11,3,18,5,22,6,5,16,44,1,1,1,14,7,0,0,0,0,3,9,1,70,5,3,1,45,55,51,61,41,0,0,0,0,0,0,0,0,0,10,0,4,0,0,0,0,0,4,2,35.721362222222226,139.67897833333333,5,1,0,0,0,0
1,30,437,149,2,0,1,10010,0,104,2022,11,10,12,30,12,6,11,16,38,1,1,1,14,1,0,0,0,0,3,9,1,70,4,2,1,1,45,51,61,41,0,0,0,0,0,0,0,0,0,10,0,3,0,0,0,0,0,4,2,35.722255833333335,139.6998113888889,5,3,0,0,0,0
1,30,437,151,2,0,1,30000,0,104,2022,11,11,14,45,12,6,12,16,37,1,1,1,1,7,9,22,0,0,11,9,30,70,4,1,1,35,1,3,61,31,0,1,0,1,0,11,0,2,0,20,0,4,0,2,0,2,0,4,2,35.71588944444445,139.69452833333332,6,3,9999,0,5,0
1,30,437,152,2,0,1,95000,0,104,2022,11,12,10,50,12,6,13,16,37,1,1,1,1,1,9,22,0,0,15,9,30,70,4,1,1,55,75,52,61,41,0,0,0,0,0,0,0,0,0,10,0,4,0,0,0,0,0,4,2,35.71029916666667,139.70376055555553,7,3,0,0,0,0
1,30,437,154,2,0,1,10220,0,104,2022,11,13,0,30,22,6,14,16,36,1,1,1,14,1,0,0,0,0,5,9,1,70,4,2,1,65,45,3,61,1,0,1,0,1,0,11,0,4,0,40,0,4,0,2,0,2,0,4,2,35.71297527777778,139.70585083333333,1,3,9999,0,9,0
1,30,437,156,2,0,1,10280,0,104,2022,11,13,18,52,22,6,14,16,36,3,1,2,1,1,9,22,0,0,19,9,30,70,1,1,1,65,1,3,61,1,0,1,0,1,0,11,0,3,0,10,0,3,0,2,0,2,0,4,2,35.712229722222226,139.71744055555556,1,3,9999,0,9,0
1,30,437,162,2,0,1,30000,0,104,2022,11,25,11,55,12,6,26,16,29,1,1,1,1,1,9,22,0,0,15,9,30,70,4,2,1,1,45,51,61,41,0,0,0,0,0,0,0,0,0,10,0,4,0,0,0,0,0,4,2,35.71017388888889,139.70364416666666,6,3,0,0,0,0
1,30,438,190,2,0,2,10090,0,104,2022,9,5,12,23,12,5,16,18,3,1,1,1,1,1,9,22,0,0,18,9,30,70,1,2,1,55,25,3,61,1,0,1,0,1,0,11,0,4,0,10,0,1,0,2,0,2,0,4,2,35.690011111111104,139.70423499999998,2,3,9999,0,9,0
1,30,438,192,2,0,1,20000,0,104,2022,9,6,8,18,12,5,17,18,2,1,1,1,14,7,0,0,0,0,3,9,1,70,5,1,1,1,0,61,0,0,0,0,0,0,0,0,0,0,0,0,0,0,0,0,0,0,0,2,0,35.68921444444444,139.7067211111111,3,3,0,0,0,0
1,30,438,193,2,0,1,10050,0,104,2022,11,3,19,30,22,6,5,16,44,1,1,1,1,1,9,22,0,0,19,9,30,70,4,1,1,55,25,3,61,1,0,1,0,1,0,11,0,5,0,80,0,3,0,2,0,2,0,4,2,35.692050277777774,139.72550777777778,5,1,9999,0,9,0
1,30,438,199,2,0,1,20090,0,104,2022,11,12,17,16,21,6,13,16,37,1,1,1,1,1,9,22,0,0,19,9,30,70,1,1,1,65,35,3,61,1,0,1,0,1,0,11,0,3,0,10,0,3,0,2,0,2,0,4,2,35.68413305555555,139.72912916666667,7,3,9999,0,9,0
1,30,438,206,2,0,1,10090,0,104,2022,11,17,14,40,12,6,18,16,33,2,1,1,14,7,0,0,0,0,3,9,1,70,5,2,1,35,35,13,61,31,0,11,0,1,0,11,0,1,0,30,0,3,0,2,0,2,0,4,2,35.69450388888889,139.70689805555554,5,3,9999,0,1,0
1,30,438,207,2,0,1,21030,0,104,2022,11,22,11,54,12,6,23,16,31,1,1,1,1,1,9,22,0,0,15,8,30,70,1,2,1,65,45,3,61,1,0,1,0,1,0,11,0,5,0,10,0,3,0,2,0,2,0,4,2,35.68788694444444,139.72288833333334,3,2,9999,0,9,0
1,30,438,212,2,0,1,30000,0,104,2022,11,29,6,15,23,6,30,16,28,2,1,1,14,7,0,0,0,0,3,9,1,70,5,3,1,45,75,52,61,41,0,0,0,0,0,0,0,0,0,10,0,3,0,0,0,0,0,4,2,35.6908075,139.71131138888887,3,3,0,0,0,0
1,30,438,216,2,0,1,20000,0,104,2022,11,30,18,50,22,6,31,16,28,3,1,2,1,1,9,22,0,0,14,9,30,70,5,2,1,25,25,13,61,31,0,11,0,1,0,11,0,10,0,10,0,3,0,2,0,2,0,4,2,35.679810555555555,139.71426666666665,4,3,9999,0,5,0
1,30,439,229,2,0,1,10160,0,114,2022,11,1,21,10,22,6,3,16,46,2,1,1,1,1,9,22,0,0,18,9,30,70,1,2,1,45,55,35,61,31,0,0,0,0,0,11,0,6,0,10,0,2,0,0,0,0,0,4,2,35.706792500000006,139.68289833333333,3,3,9999,0,5,0
1,30,439,246,2,0,1,30000,0,114,2022,11,22,9,56,12,6,23,16,31,1,1,1,14,7,0,0,0,0,2,9,1,70,5,3,1,65,45,51,61,41,0,0,0,0,0,0,0,0,0,20,0,3,0,0,0,0,0,2,4,35.696417499999995,139.68457583333333,3,2,0,0,0,0
1,30,439,247,2,0,1,10240,0,114,2022,11,22,10,10,12,6,23,16,31,1,1,1,14,7,0,0,0,0,5,9,1,70,4,1,1,55,1,3,61,31,0,1,0,1,0,11,0,10,0,10,0,2,0,2,0,2,0,4,2,35.69756944444444,139.67732972222223,3,2,9999,0,9,0
1,30,439,249,2,0,1,10160,0,114,2022,11,14,14,0,12,6,15,16,35,1,1,1,1,1,9,22,0,0,18,9,30,70,1,2,1,45,25,51,61,41,0,0,0,0,0,0,0,0,0,10,0,4,0,0,0,0,0,4,2,35.70105138888889,139.68307055555556,2,3,0,0,0,0
1,30,440,266,2,0,1,30000,0,114,2022,11,2,8,10,12,6,4,16,45,1,1,1,14,7,0,0,0,0,1,9,1,70,5,4,1,25,1,51,61,41,0,0,0,0,0,0,0,0,0,40,0,3,0,0,0,0,0,2,4,35.71335777777778,139.6612838888889,4,2,0,0,0,0
1,30,440,270,2,0,1,30000,0,114,2022,11,5,10,30,12,6,7,16,42,1,1,1,14,7,0,0,0,0,2,9,1,70,5,3,1,55,25,51,61,41,0,0,0,0,0,0,0,0,0,20,0,3,0,0,0,0,0,4,2,35.72077361111111,139.6523338888889,7,3,0,0,0,0
1,30,440,273,2,0,1,10130,0,114,2022,11,8,15,6,12,6,9,16,40,1,1,1,14,7,0,0,0,0,3,9,1,70,1,1,1,75,25,3,61,31,0,1,0,1,0,11,0,4,0,10,0,2,0,1,0,2,0,4,2,35.716034444444446,139.65383888888888,3,3,1074,0,9,0
1,30,440,276,2,0,1,30000,0,114,2022,11,6,11,40,12,6,7,16,41,1,1,1,14,7,0,0,0,0,3,8,1,70,4,2,1,75,75,3,61,31,0,1,0,1,0,11,0,2,0,80,0,3,0,1,0,2,0,4,2,35.72949333333334,139.66662055555557,1,3,149,0,1,0
1,30,440,277,2,0,1,20280,0,114,2022,11,14,12,40,12,6,15,16,35,1,1,1,1,8,9,22,0,0,19,9,30,70,1,2,1,35,75,51,61,41,0,0,0,0,0,0,0,0,0,10,0,4,0,0,0,0,0,4,2,35.706725000000006,139.665355,2,3,0,0,0,0
1,30,441,240,2,0,1,30000,0,115,2022,11,3,16,55,21,6,5,16,44,1,1,1,1,7,9,22,0,0,11,9,30,70,5,3,1,55,1,34,61,31,0,0,0,0,0,11,0,1,0,10,0,3,0,0,0,0,0,4,2,35.69950972222222,139.64522055555554,5,1,9999,0,9,0
1,30,441,244,2,0,1,30000,0,115,2022,11,8,16,21,13,6,9,16,40,1,1,1,1,1,0,0,0,0,11,9,30,70,5,4,1,1,0,61,0,0,0,0,0,0,0,0,0,0,0,0,0,0,0,0,0,0,0,2,0,35.703180833333334,139.62851194444445,3,3,0,0,0,0
1,30,442,334,2,0,1,30000,0,115,2022,9,12,8,0,12,5,21,17,53,1,1,1,14,7,0,0,0,0,2,7,1,70,5,4,1,55,45,3,61,1,0,1,0,1,0,11,0,1,0,40,0,3,0,2,0,2,0,4,2,35.67451555555555,139.66137333333333,2,3,9999,0,9,0
1,30,442,338,2,0,1,10260,0,115,2022,11,18,23,40,22,6,19,16,33,1,1,1,1,7,1,21,0,0,12,9,30,70,4,2,1,35,55,3,61,31,0,1,0,1,0,11,0,3,0,40,0,3,0,2,0,2,0,4,2,35.69980388888889,139.59509055555557,6,3,9999,0,1,0
1,30,442,340,2,0,1,20270,0,115,2022,11,23,6,20,23,6,24,16,30,3,1,2,14,7,0,0,0,0,4,9,1,70,4,2,1,25,55,51,61,41,0,0,0,0,0,0,0,0,0,10,0,3,0,0,0,0,0,4,2,35.68144722222222,139.63334,4,1,0,0,0,0
1,30,442,341,2,0,1,30000,0,115,2022,11,13,15,0,12,6,14,16,36,1,1,1,14,7,0,0,0,0,3,9,1,70,5,3,1,1,35,3,61,31,0,1,0,1,0,11,0,5,0,40,0,3,0,2,0,2,0,4,2,35.69146694444444,139.60927277777776,1,3,9999,0,1,0
1,30,442,343,2,0,1,20000,0,115,2022,11,25,9,27,12,6,26,16,29,1,1,1,14,7,0,0,0,0,2,9,1,70,5,3,1,75,55,3,61,31,0,1,0,1,0,11,0,1,0,40,0,4,0,2,0,2,0,4,2,35.6810075,139.62912916666667,6,3,311,0,9,0
1,30,442,344,2,0,1,30000,0,115,2022,11,24,18,45,22,6,25,16,30,1,1,1,7,7,0,0,0,0,3,9,1,70,5,3,1,65,45,3,61,31,0,1,0,1,0,11,0,2,0,40,0,3,0,2,0,2,0,4,2,35.70237305555556,139.60050972222223,5,3,9999,0,9,0
1,30,442,348,2,0,1,30000,0,115,2022,11,24,9,40,12,6,25,16,30,1,1,1,1,7,1,21,0,0,12,9,30,70,4,1,1,65,55,3,61,31,0,1,0,1,0,11,0,10,0,10,0,4,0,2,0,2,0,4,2,35.681152499999996,139.6342263888889,5,3,9999,0,9,0
1,30,442,349,2,0,1,20000,0,115,2022,11,19,17,29,21,6,20,16,32,1,1,1,14,7,0,0,0,0,2,7,1,70,5,2,1,1,65,51,61,41,0,0,0,0,0,0,0,0,0,10,0,4,0,0,0,0,0,4,2,35.68297722222222,139.6426186111111,7,3,0,0,0,0
1,30,443,175,2,0,1,10240,0,115,2022,11,2,13,17,12,6,4,16,45,1,1,1,1,7,1,21,0,0,13,9,30,70,3,2,1,55,45,14,61,1,0,11,0,1,0,11,0,10,0,30,0,4,0,2,0,2,0,4,2,35.70492666666667,139.62337444444447,4,2,9999,0,9,0
1,30,443,177,2,0,1,10240,0,115,2022,11,4,15,20,12,6,6,16,43,1,1,1,14,7,0,0,0,0,5,9,1,70,4,2,1,55,75,11,61,1,0,11,0,1,0,11,0,10,0,10,0,3,0,2,0,2,0,4,2,35.70559305555556,139.6197202777778,6,3,9999,0,9,0
1,30,443,185,2,0,2,10240,0,115,2022,11,19,10,25,12,6,20,16,32,1,1,1,14,7,0,0,0,0,5,9,1,70,4,1,1,55,55,3,61,31,0,1,0,1,0,11,0,10,0,10,0,1,0,2,0,2,0,4,2,35.71045388888889,139.61010861111112,7,3,9999,0,5,0
1,30,443,188,2,0,1,30000,0,115,2022,11,25,8,25,12,6,26,16,29,1,1,1,14,7,0,0,0,0,2,9,1,70,5,3,1,45,35,1,61,1,0,1,0,2,0,11,0,10,0,10,0,3,0,2,0,2,0,4,2,35.704058611111115,139.61602666666667,6,3,9999,0,9,0
1,30,443,189,2,0,1,30000,0,115,2022,11,25,16,30,21,6,26,16,29,1,1,1,14,7,0,0,0,0,2,9,1,70,4,3,1,45,1,3,61,31,0,1,0,1,0,11,0,2,0,10,0,3,0,2,0,2,0,4,2,35.71501361111111,139.61384833333332,6,3,9999,0,1,0