資料区分,都道府県コード,警察署等コード,本票番号,事故内容,死者数,負傷者数,路線コード,地点コード,市区町村コード,発生日時　　年,発生日時　　月,発生日時　　日,発生日時　　時,発生日時　　分,昼夜,日の出時刻　　時,日の出時刻　　分,日の入り時刻　　時,日の入り時刻　　分,天候,地形,路面状態,道路形状,信号機,一時停止規制　標識（当事者A）,一時停止規制　表示（当事者A）,一時停止規制　標識（当事者B）,一時停止規制　表示（当事者B）,車道幅員,道路線形,衝突地点,ゾーン規制,中央分離帯施設等,歩車道区分,事故類型,年齢（当事者A）,年齢（当事者B）,当事者種別（当事者A）,当事者種別（当事者B）,用途別（当事者A）,用途別（当事者B）,車両形状等（当事者A）,車両形状等（当事者B）,オートマチック車（当事者A）,オートマチック車（当事者B）,サポカー（当事者A）,サポカー（当事者B）,速度規制（指定のみ）（当事者A）,速度規制（指定のみ）（当事者B）,車両の衝突部位（当事者A）,車両の衝突部位（当事者B）,車両の損壊程度（当事者A）,車両の損壊程度（当事者B）,エアバッグの装備（当事者A）,エアバッグの装備（当事者B）,サイドエアバッグの装備（当事者A）,サイドエアバッグの装備（当事者B）,人身損傷程度（当事者A）,人身損傷程度（当事者B）,lat,lon,曜日(発生年月日),祝日(発生年月日),認知機能検査経過日数（当事者A）,認知機能検査経過日数（当事者B）,運転練習の方法（当事者A）,運転練習の方法（当事者B）
1,30,545,98,2,0,1,30000,0,105,2022,11,24,9,20,12,6,25,16,30,1,1,1,1,1,9,22,0,0,11,9,30,70,1,2,1,25,35,51,61,41,0,0,0,0,0,0,0,0,0,10,0,4,0,0,0,0,0,4,2,35.720734722222225,139.7403411111111,5,3,0,0,0,0
1,30,546,79,2,0,1,30000,0,105,2022,11,2,20,0,22,6,4,16,45,1,1,4,7,7,0,0,0,0,2,9,1,70,5,1,1,45,55,3,61,1,0,1,0,1,0,11,0,2,0,10,0,4,0,2,0,2,0,4,2,35.70846944444445,139.74145194444444,4,2,9999,0,1,0
1,30,546,81,2,0,1,20370,0,105,2022,11,17,18,16,22,6,18,16,33,1,1,1,14,7,0,0,0,0,2,8,1,70,3,2,1,1,1,51,61,41,0,0,0,0,0,0,0,0,0,10,0,4,0,0,0,0,0,4,2,35.722433888888894,139.7359447222222,5,3,0,0,0,0
1,30,547,117,2,0,1,30000,0,105,2022,11,10,12,30,12,6,11,16,38,1,1,1,14,1,0,0,0,0,4,9,1,70,4,1,1,55,45,51,61,41,0,0,0,0,0,0,0,0,0,10,0,3,0,0,0,0,0,4,2,35.71301666666667,139.7565913888889,5,3,0,0,0,0
1,30,547,124,2,0,1,20090,0,105,2022,11,30,19,19,22,6,31,16,28,2,1,1,14,7,0,0,0,0,5,8,1,70,4,1,1,45,45,35,61,31,0,0,0,0,0,11,0,4,0,10,0,3,0,0,0,0,0,4,2,35.70026555555556,139.76497361111112,4,3,9999,0,1,0
1,30,548,86,2,0,1,21170,0,105,2022,11,19,11,20,12,6,20,16,32,1,1,1,14,7,0,0,0,0,3,9,1,70,4,2,1,35,45,51,61,41,0,0,0,0,0,0,0,0,0,10,0,4,0,0,0,0,0,2,4,35.728743055555555,139.75693194444443,7,3,0,0,0,0
1,30,549,93,2,0,1,30000,0,116,2022,10,24,14,55,12,5,55,16,55,2,1,1,14,7,0,0,0,0,3,9,1,70,5,4,1,25,75,14,61,1,0,11,0,1,0,11,0,1,0,13,0,3,0,2,0,2,0,4,2,35.74064722222222,139.744205,2,3,9999,0,5,0
1,30,550,194,2,0,1,30000,0,116,2022,11,1,18,15,22,6,3,16,46,1,1,1,1,2,9,22,0,0,14,9,30,70,5,2,1,55,1,13,61,1,0,11,0,1,0,11,0,5,0,84,0,4,0,2,0,2,0,4,2,35.73292,139.7176313888889,3,3,9999,0,9,0
1,30,550,195,2,0,1,95000,0,116,2022,11,7,16,20,13,6,8,16,41,1,1,1,1,7,9,22,0,0,12,9,30,70,4,2,1,35,65,51,61,41,0,0,0,0,0,0,0,0,0,40,0,4,0,0,0,0,0,4,2,35.73306388888889,139.70998583333332,2,3,0,0,0,0
1,30,550,196,2,0,1,30000,0,116,2022,11,7,18,22,22,6,8,16,41,1,1,1,1,7,9,22,0,0,11,6,30,70,1,2,1,45,35,3,61,31,0,1,0,1,0,11,0,1,0,10,0,3,0,2,0,2,0,4,2,35.73383888888889,139.7163138888889,2,3,9999,0,1,0
1,30,550,200,2,0,1,30000,0,116,2022,10,20,17,45,21,5,52,17,0,1,1,1,14,7,0,0,0,0,2,9,1,70,5,4,1,65,1,3,61,31,0,1,0,1,0,11,0,10,0,40,0,4,0,2,0,2,0,4,2,35.73708305555556,139.71707555555557,5,3,9999,0,9,0
1,30,550,201,2,0,1,30000,0,116,2022,11,14,2,55,22,6,15,16,35,1,1,1,1,1,9,22,0,0,19,9,30,70,1,2,1,75,45,3,61,1,0,1,0,1,0,11,0,4,0,10,0,4,0,2,0,2,0,4,2,35.73368333333333,139.71654055555555,2,3,272,0,9,0
1,30,550,205,2,0,1,95000,0,116,2022,11,15,17,50,22,6,16,16,34,2,1,1,14,7,0,0,0,0,1,9,1,70,5,3,1,65,65,51,61,41,0,0,0,0,0,0,0,0,0,10,0,3,0,0,0,0,0,4,2,35.74485027777778,139.71413666666666,3,3,0,0,0,0
1,30,550,207,2,0,1,30000,0,116,2022,10,19,13,20,12,5,51,17,1,1,1,1,1,7,1,22,0,0,14,9,30,70,4,2,1,45,45,13,61,31,0,11,0,1,0,11,0,5,0,10,0,4,0,2,0,2,0,4,2,35.734298611111114,139.70825527777777,4,3,9999,0,9,0
1,30,550,208,2,0,1,30000,0,116,2022,11,23,18,13,22,6,24,16,30,3,1,2,14,7,0,0,0,0,1,9,1,70,5,4,1,35,35,3,61,31,0,1,0,1,0,11,0,2,0,10,0,3,0,2,0,2,0,4,2,35.72607527777778,139.702595,4,1,9999,0,1,0
1,30,550,211,2,0,1,20000,0,116,2022,11,28,13,52,12,6,29,16,28,2,1,1,7,7,0,0,0,0,2,9,1,70,5,3,1,45,45,13,61,1,0,11,0,1,0,11,0,4,0,20,0,4,0,2,0,2,0,4,2,35.73331833333334,139.71719833333333,2,3,9999,0,5,0
1,30,550,215,2,0,1,30000,0,116,2022,11,18,22,25,22,6,19,16,33,1,1,1,14,7,0,0,0,0,3,9,1,70,5,1,1,25,35,51,61,41,0,0,0,0,0,0,0,0,0,10,0,4,0,0,0,0,0,4,2,35.73008222222222,139.70933277777777,6,3,0,0,0,0
1,30,551,180,2,0,1,30000,0,116,2022,11,1,13,30,12,6,3,16,46,2,1,1,1,7,9,22,0,0,12,9,30,70,4,2,1,35,25,3,61,31,0,1,0,1,0,11,0,3,0,20,0,3,0,2,0,2,0,4,2,35.727443055555554,139.71250055555555,3,3,9999,0,5,0
1,30,552,178,2,0,1,10090,0,117,2022,11,4,8,40,12,6,6,16,43,1,1,1,1,7,9,22,0,0,11,9,30,70,5,1,1,1,45,51,61,41,0,0,0,0,0,0,0,0,0,10,0,3,0,0,0,0,0,4,2,35.74211916666667,139.72612694444445,6,3,0,0,0,0
1,30,552,182,2,0,1,10090,0,117,2022,11,11,10,35,12,6,12,16,37,1,1,1,7,1,0,0,0,0,2,9,1,70,5,2,1,65,75,51,61,41,0,0,0,0,0,0,0,0,0,40,0,4,0,0,0,0,0,4,2,35.74279888888889,139.7622661111111,6,3,0,0,0,0
1,30,552,188,2,0,1,30000,0,117,2022,10,29,0,30,22,6,0,16,49,1,1,1,13,7,0,0,0,0,3,2,1,70,4,1,1,35,45,51,61,41,0,0,0,0,0,0,0,0,0,10,0,3,0,0,0,0,0,4,2,35.738598333333336,139.7593222222222,7,3,0,0,0,0
1,30,552,192,2,0,1,30000,0,117,2022,11,29,18,50,22,6,30,16,28,3,1,2,7,7,0,0,0,0,2,9,1,70,5,3,1,1,45,36,61,31,0,0,0,0,0,11,0,2,0,10,0,3,0,0,0,0,0,4,2,35.74318388888889,139.7606975,3,3,9999,0,5,0
1,30,553,120,2,0,1,10310,0,117,2022,11,8,13,33,12,6,9,16,40,1,1,1,14,1,0,0,0,0,2,9,1,70,4,2,1,25,75,51,61,41,0,0,0,0,0,0,0,0,0,10,0,4,0,0,0,0,0,4,2,35.7611575,139.74673777777775,3,3,0,0,0,0
1,30,553,125,2,0,1,20450,0,117,2022,11,13,17,10,21,6,14,16,36,3,1,2,14,7,0,0,0,0,5,9,1,70,5,2,1,35,75,36,61,31,0,0,0,0,0,11,0,2,0,10,0,3,0,0,0,0,0,4,2,35.76014555555555,139.7204027777778,1,3,9999,0,1,0
1,30,553,132,2,0,2,30000,0,117,2022,11,25,16,20,13,6,26,16,29,1,1,1,7,7,0,0,0,0,3,9,1,70,4,1,1,25,45,52,61,41,0,0,0,0,0,0,0,0,0,20,0,3,0,0,0,0,0,2,4,35.76734722222222,139.738735,6,3,0,0,0,0
1,30,553,134,2,0,1,30000,0,117,2022,11,27,16,50,21,6,28,16,29,1,1,1,1,1,9,22,0,0,15,8,30,70,4,2,1,45,75,51,61,41,0,0,0,0,0,0,0,0,0,10,0,3,0,0,0,0,0,4,2,35.754219722222224,139.73574333333332,1,3,0,0,0,0
1,30,554,246,2,0,1,30000,0,117,2022,11,7,8,25,12,6,8,16,41,1,1,1,14,7,0,0,0,0,3,9,1,70,5,2,1,35,35,52,61,41,0,0,0,0,0,0,0,0,0,10,0,3,0,0,0,0,0,4,2,35.777342777777775,139.72183083333334,2,3,0,0,0,0
1,30,554,249,2,0,1,30000,0,117,2022,11,5,13,10,12,6,7,16,42,1,1,1,7,7,0,0,0,0,2,9,1,70,5,4,1,55,35,3,61,31,0,1,0,1,0,11,0,10,0,30,0,4,0,2,0,2,0,4,2,35.78496277777778,139.72216805555556,7,3,9999,0,9,0
1,30,554,262,2,0,1,30370,0,117,2022,11,30,0,15,22,6,31,16,28,3,1,2,1,8,9,22,0,0,17,9,30,70,1,1,1,1,1,3,61,31,0,1,0,1,0,11,0,4,0,10,0,2,0,2,0,2,0,4,2,35.77809083333333,139.72281305555555,4,3,9999,0,5,0
1,30,555,418,2,0,1,30000,0,119,2022,10,26,7,30,12,5,57,16,53,1,1,1,14,7,0,0,0,0,3,9,1,70,5,3,1,45,35,13,61,31,0,11,0,1,0,11,0,5,0,20,0,3,0,2,0,2,0,4,2,35.76040388888889,139.7063472222222,4,3,9999,0,5,0
1,30,555,437,2,0,1,30000,0,119,2022,11,23,16,44,21,6,24,16,30,3,1,2,1,7,1,21,0,0,15,9,30,70,5,3,1,35,65,3,61,31,0,1,0,1,0,11,0,2,0,10,0,4,0,2,0,2,0,4,2,35.750343055555554,139.68677222222223,4,1,9999,0,1,0
1,30,555,438,2,0,1,30000,0,119,2022,11,23,19,48,22,6,24,16,30,3,1,2,1,7,9,22,0,0,11,9,30,70,5,2,1,35,1,3,61,31,0,1,0,1,0,11,0,2,0,10,0,3,0,2,0,2,0,4,2,35.76229222222222,139.68179805555553,4,1,9999,0,1,0
1,30,555,446,2,0,1,30000,0,119,2022,11,29,17,35,22,6,30,16,28,1,1,2,1,7,9,22,0,0,14,9,30,70,4,2,1,55,65,35,61,31,0,0,0,0,0,11,0,10,0,10,0,4,0,0,0,0,0,4,2,35.747817500000004,139.71605027777775,3,3,9999,0,9,0
1,30,555,447,2,0,1,10160,0,119,2022,11,29,18,5,22,6,30,16,28,3,1,2,1,1,9,22,0,0,15,9,30,70,1,1,1,45,55,14,61,31,0,11,0,1,0,11,0,1,0,10,0,3,0,2,0,2,0,4,2,35.745599166666665,139.70830833333332,3,3,9999,0,1,0
1,30,555,448,2,0,1,99000,0,119,2022,11,24,7,17,11,6,25,16,30,1,1,1,0,7,0,0,0,0,0,0,20,70,0,4,1,45,65,3,61,31,0,1,0,1,0,11,0,10,0,50,0,4,0,2,0,2,0,4,2,35.75443666666666,139.69843055555555,5,3,9999,0,1,0
1,30,556,232,2,0,1,30000,0,119,2022,11,8,17,20,21,6,9,16,40,1,1,1,1,7,9,22,0,0,12,5,30,70,4,1,1,75,55,3,61,31,0,1,0,1,0,11,0,3,0,80,0,3,0,2,0,2,0,4,2,35.77878361111111,139.6986036111111,3,3,147,0,9,0
1,30,556,251,2,0,1,170,132,119,2022,11,22,12,3,12,6,23,16,31,1,1,1,14,7,0,0,0,0,4,9,1,70,4,2,1,65,75,17,61,1,0,11,0,1,0,11,0,5,0,40,0,3,0,2,0,2,0,4,2,35.775015555555555,139.69612666666666,3,2,9999,0,9,0
1,30,556,254,2,0,1,30000,0,119,2022,10,29,17,10,21,6,0,16,49,1,1,1,14,7,0,0,0,0,4,9,1,70,4,2,1,65,55,51,61,41,0,0,0,0,0,0,0,0,0,20,0,3,0,0,0,0,0,4,2,35.77657583333333,139.69540583333333,7,3,0,0,0,0
1,30,556,257,2,0,1,170,118,119,2022,11,29,17,0,21,6,30,16,28,3,1,2,14,7,0,0,0,0,6,9,1,70,1,1,1,25,0,61,0,0,0,0,0,0,0,0,0,0,0,0,0,0,0,0,0,0,0,2,0,35.763821666666665,139.70436833333332,3,3,0,0,0,0
1,30,557,254,2,0,1,30000,0,120,2022,10,16,12,25,12,5,48,17,5,1,1,1,14,7,0,0,0,0,3,8,1,70,5,3,1,35,55,51,61,41,0,0,0,0,0,0,0,0,0,10,0,3,0,0,0,0,0,4,2,35.73886027777778,139.6742761111111,1,3,0,0,0,0
1,30,557,256,2,0,1,10010,0,120,2022,10,28,23,0,22,5,59,16,50,1,1,1,1,1,9,22,0,0,14,9,30,70,1,2,1,25,65,3,61,31,0,1,0,1,0,11,0,4,0,10,0,3,0,2,0,2,0,4,2,35.733156944444445,139.66884194444444,6,3,9999,0,5,0
1,30,557,260,2,0,1,30000,0,120,2022,11,2,18,15,22,6,4,16,45,1,1,1,1,7,9,22,0,0,12,9,30,1,4,3,1,45,65,51,61,41,0,0,0,0,0,0,0,0,0,10,0,3,0,0,0,0,0,4,2,35.7351825,139.65310861111112,4,2,0,0,0,0
1,30,557,276,2,0,1,10010,0,120,2022,11,8,1,30,22,6,9,16,40,1,1,1,1,1,9,22,0,0,12,9,30,70,4,2,1,45,25,3,61,31,0,1,0,1,0,11,0,4,0,10,0,3,0,2,0,2,0,4,2,35.73524388888889,139.65660333333335,3,3,9999,0,9,0
1,30,557,277,2,0,1,30000,0,120,2022,11,25,14,0,12,6,26,16,29,1,1,1,1,1,9,22,0,0,13,9,30,70,5,2,1,75,55,3,61,31,0,1,0,1,0,11,0,2,0,10,0,3,0,2,0,2,0,4,2,35.73162166666667,139.66309,6,3,183,0,9,0
1,30,557,279,2,0,1,30000,0,120,2022,11,27,16,20,13,6,28,16,29,1,1,1,14,7,0,0,0,0,2,9,1,70,5,2,1,55,75,4,61,31,0,1,0,1,0,11,0,2,0,40,0,3,0,2,0,2,0,4,2,35.73838638888889,139.6544602777778,1,3,9999,0,1,0
1,30,557,280,2,0,1,10010,0,120,2022,11,4,20,59,22,6,6,16,43,1,1,1,1,1,9,22,0,0,19,9,30,70,4,2,1,25,1,51,61,41,0,0,0,0,0,0,0,0,0,10,0,3,0,0,0,0,0,4,2,35.73551194444445,139.65370944444444,6,3,0,0,0,0
1,30,558,214,2,0,1,30380,0,120,2022,11,1,5,36,23,6,3,16,46,1,1,1,1,1,9,22,0,0,12,9,30,70,4,2,1,55,45,3,61,31,0,1,0,1,0,11,0,3,0,50,0,3,0,2,0,2,0,4,2,35.77344861111111,139.58628416666667,3,3,9999,0,9,0
1,30,558,220,2,0,1,30000,0,120,2022,11,16,9,52,12,6,17,16,34,1,1,1,1,7,1,21,0,0,11,9,30,70,4,3,1,55,65,3,61,31,0,1,0,1,0,11,0,2,0,50,0,3,0,2,0,2,0,4,2,35.72459555555556,139.58079138888888,4,3,9999,0,9,0
1,30,558,221,2,0,1,30380,0,120,2022,11,17,21,48,22,6,18,16,33,1,1,1,14,7,0,0,0,0,3,9,1,70,4,2,1,35,35,3,61,31,0,1,0,1,0,11,0,2,0,10,0,3,0,2,0,2,0,4,2,35.77095277777778,139.58667250000002,5,3,9999,0,5,0
1,30,558,235,2,0,1,30000,0,120,2022,11,25,17,10,21,6,26,16,29,1,1,1,14,7,0,0,0,0,3,9,1,70,5,3,1,65,55,51,61,41,0,0,0,0,0,0,0,0,0,10,0,3,0,0,0,0,0,4,2,35.75056,139.58706055555555,6,3,0,0,0,0
1,30,559,184,1,1,0,30000,0,119,2022,11,25,10,0,12,6,26,16,29,1,1,1,1,1,9,22,0,0,15,9,30,70,5,2,1,75,75,17,61,1,0,11,0,1,0,11,0,3,0,10,0,3,0,2,0,2,0,4,1,35.78060861111111,139.6386561111111,6,3,298,0,9,0
1,30,559,185,2,0,1,20000,0,119,2022,10,3,12,56,12,5,37,17,22,1,1,1,1,7,1,21,0,0,15,9,30,70,1,1,1,75,45,3,61,31,0,1,0,1,0,11,0,10,0,10,0,4,0,2,0,2,0,4,2,35.78095805555555,139.6702236111111,2,3,458,0,9,0
1,30,560,305,2,0,1,10010,0,120,2022,11,10,19,20,22,6,11,16,38,1,1,1,1,1,9,22,0,0,18,9,30,70,4,2,1,45,1,14,61,31,0,11,0,1,0,11,0,4,0,10,0,4,0,2,0,2,0,4,2,35.7564525,139.60076305555555,5,3,9999,0,1,0
1,30,560,306,2,0,1,10200,0,120,2022,9,17,17,54,21,5,25,17,46,1,1,1,1,7,1,21,0,0,13,9,30,70,1,2,1,25,45,3,61,31,0,1,0,1,0,11,0,5,0,10,0,3,0,2,0,2,0,4,2,35.73482527777778,139.6162486111111,7,3,9999,0,1,0
1,30,560,311,2,0,1,30000,0,120,2022,10,30,12,40,12,6,1,16,48,1,1,1,14,7,0,0,0,0,3,9,1,70,4,2,1,1,65,51,61,41,0,0,0,0,0,0,0,0,0,10,0,3,0,0,0,0,0,4,2,35.7540775,139.60933,1,3,0,0,0,0
1,30,560,312,2,0,1,30000,0,120,2022,11,20,22,52,22,6,21,16,32,3,1,2,1,7,1,21,0,0,15,9,30,70,1,2,1,75,35,3,61,1,0,1,0,1,0,11,0,3,0,50,0,3,0,1,0,2,0,4,2,35.75874638888889,139.62944666666667,1,3,9999,0,9,0
1,30,560,314,2,0,1,30000,0,120,2022,11,23,9,58,12,6,24,16,30,3,1,2,1,1,9,22,0,0,15,9,30,70,1,2,1,45,65,3,61,31,0,1,0,1,0,11,0,5,0,10,0,4,0,2,0,2,0,4,2,35.73588638888889,139.61711916666667,4,1,9999,0,9,0
1,30,560,316,2,0,1,30000,0,120,2022,11,25,18,20,22,6,26,16,29,1,1,2,7,7,0,0,0,0,3,9,1,1,5,3,1,55,55,51,61,41,0,0,0,0,0,0,0,0,0,10,0,3,0,0,0,0,0,4,2,35.75379083333333,139.61549777777776,6,3,0,0,0,0
1,30,560,321,2,0,1,30000,0,120,2022,11,30,9,15,12,6,31,16,28,2,1,2,14,7,0,0,0,0,2,7,1,70,5,3,1,45,1,35,61,31,0,0,0,0,0,11,0,2,0,10,0,4,0,0,0,0,0,4,2,35.75372472222222,139.60173361111111,4,3,9999,0,1,0
1,30,660,160,2,0,1,30000,0,106,2022,11,1,15,40,12,6,3,16,46,2,1,1,14,7,0,0,0,0,4,9,1,70,4,2,1,35,75,59,61,0,0,0,0,0,0,0,0,0,0,10,0,4,0,0,0,0,0,4,2,35.70026361111111,139.7803638888889,3,3,0,0,0,0
1,30,660,161,2,0,1,40,26,106,2022,11,8,18,50,22,6,9,16,40,1,1,1,14,7,0,0,0,0,4,9,1,70,5,2,1,55,1,51,61,41,0,0,0,0,0,0,0,0,0,40,0,3,0,0,0,0,0,2,4,35.705623055555556,139.77631972222224,3,3,0,0,0,0
1,30,660,163,2,0,1,30000,0,105,2022,11,14,7,57,12,6,15,16,35,1,1,1,1,1,9,22,0,0,15,9,30,70,5,2,1,45,1,17,61,31,0,11,0,1,0,11,0,10,0,80,0,4,0,2,0,2,0,4,2,35.70723944444445,139.77225472222224,2,3,9999,0,9,0
1,30,660,165,2,0,1,20370,0,106,2022,10,16,20,5,22,5,48,17,5,1,1,1,14,7,0,0,0,0,5,9,1,70,4,2,1,25,25,51,61,41,0,0,0,0,0,0,0,0,0,40,0,3,0,0,0,0,0,4,2,35.70981583333334,139.77213305555557,1,3,0,0,0,0
1,30,660,166,2,0,1,20390,0,106,2022,11,14,19,0,22,6,15,16,35,2,1,1,14,7,0,0,0,0,5,9,1,70,4,2,1,55,45,51,61,41,0,0,0,0,0,0,0,0,0,10,0,4,0,0,0,0,0,4,2,35.70750138888889,139.7784325,2,3,0,0,0,0
1,30,661,122,2,0,1,30000,0,106,2022,11,19,8,5,12,6,20,16,32,1,1,1,14,7,0,0,0,0,2,9,1,70,5,4,1,75,35,52,61,41,0,0,0,0,0,0,0,0,0,40,0,3,0,0,0,0,0,2,4,35.72461416666667,139.78476027777776,7,3,0,0,0,0
1,30,661,125,2,0,1,20000,0,106,2022,11,30,1,20,22,6,31,16,28,3,1,2,1,1,9,22,0,0,16,9,30,70,4,1,1,1,35,3,61,31,0,1,0,1,0,11,0,2,0,10,0,3,0,2,0,2,0,4,2,35.72718888888889,139.7885711111111,4,3,9999,0,1,0
1,30,662,117,2,0,1,10090,0,106,2022,11,7,5,15,23,6,8,16,41,1,1,1,1,1,9,22,0,0,17,9,30,70,4,2,1,55,25,12,61,1,0,11,0,1,0,11,0,3,0,10,0,4,0,2,0,2,0,4,2,35.72893972222222,139.80268166666667,2,3,9999,0,9,0
1,30,662,119,2,0,1,30000,0,106,2022,11,6,11,50,12,6,7,16,41,1,1,1,1,1,9,22,0,0,12,9,30,70,5,2,1,75,25,3,61,31,0,1,0,1,0,11,0,1,0,10,0,4,0,2,0,2,0,4,2,35.720621944444446,139.8044125,1,3,410,0,9,0
1,30,662,123,2,0,1,30000,0,106,2022,11,14,14,40,12,6,15,16,35,2,1,1,14,7,0,0,0,0,2,9,1,70,5,2,1,75,1,51,61,41,0,0,0,0,0,0,0,0,0,40,0,4,0,0,0,0,0,4,2,35.7134275,139.79360472222223,2,3,0,0,0,0
1,30,662,127,2,0,1,30000,0,106,2022,11,19,21,54,22,6,20,16,32,1,1,1,14,7,0,0,0,0,3,9,1,70,5,2,1,25,1,3,61,31,0,1,0,1,0,11,0,2,0,80,0,3,0,2,0,2,0,4,2,35.715091388888894,139.79218805555556,7,3,9999,0,4,0
1,30,663,136,2,0,1,60,30,106,2022,11,4,15,2,12,6,6,16,43,1,1,1,1,1,0,0,0,0,12,9,30,70,1,2,1,35,0,61,0,0,0,0,0,0,0,0,0,0,0,0,0,0,0,0,0,0,0,2,0,35.70433333333334,139.79217916666667,6,3,0,0,0,0
1,30,663,139,2,0,1,30000,0,106,2022,11,13,9,10,12,6,14,16,36,1,1,1,1,7,1,21,0,0,15,9,30,1,5,3,1,55,45,3,61,31,0,1,0,1,0,11,0,2,0,10,0,4,0,2,0,2,0,4,2,35.69909777777777,139.785255,1,3,9999,0,9,0
1,30,664,75,2,0,1,20570,0,118,2022,11,14,17,20,21,6,15,16,35,2,1,1,1,1,9,22,0,0,14,9,30,70,5,2,1,55,75,51,61,41,0,0,0,0,0,0,0,0,0,10,0,3,0,0,0,0,0,4,2,35.74873638888889,139.7624325,2,3,0,0,0,0
1,30,665,104,2,0,1,30000,0,118,2022,11,24,1,5,22,6,25,16,30,3,1,2,14,7,0,0,0,0,1,9,1,70,5,2,1,35,75,51,61,41,0,0,0,0,0,0,0,0,0,20,0,4,0,0,0,0,0,4,2,35.73283,139.79287277777777,5,3,0,0,0,0
1,30,666,91,2,0,1,30000,0,118,2022,11,11,15,45,13,6,12,16,37,1,1,1,1,7,9,22,0,0,11,9,30,70,5,3,1,1,65,51,61,41,0,0,0,0,0,0,0,0,0,10,0,4,0,0,0,0,0,4,2,35.74074111111111,139.7876825,6,3,0,0,0,0
1,30,666,95,2,0,1,30000,0,118,2022,11,15,10,11,12,6,16,16,34,1,1,1,14,7,0,0,0,0,1,9,1,70,5,4,1,65,25,3,61,31,0,1,0,1,0,11,0,10,0,10,0,4,0,2,0,2,0,4,2,35.741995833333334,139.7778125,3,3,9999,0,9,0
1,30,667,95,1,1,0,30000,0,121,2022,11,19,2,8,22,6,20,16,32,1,1,1,7,7,0,0,0,0,3,9,1,70,4,2,1,65,55,3,61,31,0,1,0,1,0,11,0,3,0,10,0,3,0,2,0,2,0,4,1,35.74691833333333,139.80499666666668,7,3,9999,0,9,0
1,30,667,100,2,0,1,30000,0,121,2022,11,11,11,12,12,6,12,16,37,1,1,1,14,7,0,0,0,0,2,9,1,70,5,4,1,35,1,3,61,31,0,1,0,1,0,11,0,3,0,40,0,3,0,2,0,2,0,4,2,35.757084444444445,139.79363444444445,6,3,9999,0,1,0
1,30,667,103,2,0,1,30000,0,121,2022,11,19,0,0,22,6,20,16,32,1,1,1,1,7,9,22,0,0,15,9,30,70,4,2,1,55,25,3,61,31,0,1,0,1,0,11,0,3,0,10,0,4,0,2,0,2,0,4,2,35.746724444444446,139.80653916666668,7,3,9999,0,9,0
1,30,667,106,2,0,1,30000,0,121,2022,11,21,22,5,22,6,22,16,31,1,1,1,1,7,1,21,0,0,11,9,30,1,5,3,1,65,25,3,61,1,0,1,0,1,0,11,0,2,0,40,0,3,0,2,0,2,0,4,2,35.74449888888889,139.80350833333335,2,3,9999,0,9,0
1,30,667,110,2,0,1,30000,0,121,2022,11,29,12,35,12,6,30,16,28,2,1,1,1,7,9,22,0,0,11,9,30,1,5,3,1,75,35,3,61,31,0,1,0,1,0,11,0,2,0,80,0,4,0,2,0,2,0,4,2,35.750548888888886,139.80288305555555,3,3,63,0,9,0
1,30,668,511,1,1,0,21080,0,121,2022,11,7,17,46,22,6,8,16,41,1,1,1,1,1,9,22,0,0,18,9,30,70,5,2,1,45,75,13,61,31,0,11,0,1,0,11,0,10,0,10,0,3,0,2,0,2,0,4,1,35.76220388888889,139.79877416666668,2,3,9999,0,4,0
1,30,668,513,2,0,1,30000,0,121,2022,5,10,5,50,12,4,40,18,35,1,1,1,1,7,0,0,0,0,11,9,30,70,5,2,1,25,0,61,0,0,0,0,0,0,0,0,0,0,0,0,0,0,0,0,0,0,0,2,0,35.76871916666666,139.78816111111112,3,3,0,0,0,0
1,30,668,529,2,0,1,30000,0,121,2022,10,17,17,0,13,5,49,17,3,3,1,1,14,7,0,0,0,0,2,9,1,70,4,3,1,25,25,3,61,31,0,1,0,1,0,11,0,2,0,10,0,3,0,2,0,2,0,4,2,35.77278222222222,139.76974472222224,2,3,9999,0,1,0
1,30,669,568,2,0,1,30000,0,121,2022,11,2,16,28,13,6,4,16,45,1,1,1,14,7,0,0,0,0,4,9,1,70,4,2,1,45,1,3,61,31,0,1,0,1,0,11,0,3,0,10,0,3,0,2,0,2,0,4,2,35.76342555555556,139.81203000000002,4,2,9999,0,9,0
1,30,669,573,2,0,1,30000,0,121,2022,11,6,5,0,22,6,7,16,41,1,1,1,14,7,0,0,0,0,1,9,1,70,5,4,1,45,65,36,61,31,0,0,0,0,0,11,0,10,0,10,0,3,0,0,0,0,0,4,2,35.784187777777774,139.804255,1,3,9999,0,5,0
1,30,669,578,2,0,1,30000,0,121,2022,11,7,16,55,21,6,8,16,41,1,1,1,1,7,9,22,0,0,14,9,30,70,5,2,1,65,1,4,61,31,0,1,0,1,0,11,0,3,0,80,0,4,0,2,0,2,0,4,2,35.770090555555555,139.84394111111112,2,3,9999,0,9,0
1,30,669,583,2,0,1,30000,0,121,2022,11,11,8,15,12,6,12,16,37,1,1,1,1,7,1,21,0,0,14,9,30,70,5,3,1,55,25,14,61,31,0,11,0,1,0,11,0,1,0,10,0,4,0,2,0,2,0,4,2,35.77509722222222,139.82077638888887,6,3,9999,0,9,0
1,30,669,584,2,0,1,30000,0,121,2022,11,11,7,20,12,6,12,16,37,1,1,1,7,7,0,0,0,0,3,9,1,70,5,3,1,1,0,61,0,0,0,0,0,0,0,0,0,0,0,0,0,0,0,0,0,0,0,2,0,35.78175888888889,139.82197333333332,6,3,0,0,0,0