資料区分,都道府県コード,警察署等コード,本票番号,事故内容,死者数,負傷者数,路線コード,地点コード,市区町村コード,発生日時　　年,発生日時　　月,発生日時　　日,発生日時　　時,発生日時　　分,昼夜,日の出時刻　　時,日の出時刻　　分,日の入り時刻　　時,日の入り時刻　　分,天候,地形,路面状態,道路形状,信号機,一時停止規制　標識（当事者A）,一時停止規制　表示（当事者A）,一時停止規制　標識（当事者B）,一時停止規制　表示（当事者B）,車道幅員,道路線形,衝突地点,ゾーン規制,中央分離帯施設等,歩車道区分,事故類型,年齢（当事者A）,年齢（当事者B）,当事者種別（当事者A）,当事者種別（当事者B）,用途別（当事者A）,用途別（当事者B）,車両形状等（当事者A）,車両形状等（当事者B）,オートマチック車（当事者A）,オートマチック車（当事者B）,サポカー（当事者A）,サポカー（当事者B）,速度規制（指定のみ）（当事者A）,速度規制（指定のみ）（当事者B）,車両の衝突部位（当事者A）,車両の衝突部位（当事者B）,車両の損壊程度（当事者A）,車両の損壊程度（当事者B）,エアバッグの装備（当事者A）,エアバッグの装備（当事者B）,サイドエアバッグの装備（当事者A）,サイドエアバッグの装備（当事者B）,人身損傷程度（当事者A）,人身損傷程度（当事者B）,lat,lon,曜日(発生年月日),祝日(発生年月日),認知機能検査経過日数（当事者A）,認知機能検査経過日数（当事者B）,運転練習の方法（当事者A）,運転練習の方法（当事者B）
1,30,669,597,2,0,1,30000,0,121,2022,11,17,8,20,12,6,18,16,33,1,1,1,14,7,0,0,0,0,3,9,1,70,4,3,1,25,45,4,61,31,0,1,0,1,0,11,0,2,0,40,0,3,0,2,0,2,0,4,2,35.7643325,139.80797805555557,5,3,9999,0,1,0
1,30,669,603,2,0,1,30450,0,121,2022,11,20,18,55,22,6,21,16,32,3,1,2,1,1,9,22,0,0,15,9,30,70,4,2,1,45,55,3,61,31,0,1,0,1,0,11,0,3,0,10,0,3,0,2,0,2,0,4,2,35.795067499999995,139.84003777777778,1,3,9999,0,9,0
1,30,669,604,2,0,1,30000,0,121,2022,11,11,11,50,12,6,12,16,37,1,1,1,1,2,9,22,0,0,14,9,30,70,5,2,1,25,45,51,61,41,0,0,0,0,0,0,0,0,0,10,0,3,0,0,0,0,0,4,2,35.76356638888889,139.83077944444443,6,3,0,0,0,0
1,30,669,605,2,0,1,30000,0,121,2022,11,19,14,53,12,6,20,16,32,1,1,1,1,1,9,22,0,0,11,9,30,70,5,3,1,75,75,3,61,31,0,1,0,1,0,11,0,5,0,10,0,4,0,2,0,2,0,4,2,35.78823944444444,139.83349111111113,7,3,414,0,9,0
1,30,670,352,2,0,1,30460,0,121,2022,11,5,18,35,22,6,7,16,42,1,1,1,7,7,0,0,0,0,1,9,1,70,5,2,1,45,75,3,61,31,0,1,0,1,0,11,0,3,0,10,0,2,0,2,0,2,0,4,2,35.808078055555555,139.8107552777778,7,3,9999,0,9,0
1,30,670,355,2,0,1,30000,0,121,2022,11,8,20,45,22,6,9,16,40,1,1,1,14,7,0,0,0,0,3,9,1,70,4,2,1,35,1,36,61,31,0,0,0,0,0,11,0,2,0,10,0,3,0,0,0,0,0,4,2,35.801092222222216,139.81013333333334,3,3,9999,0,1,0
1,30,670,371,2,0,1,20620,0,121,2022,11,21,18,15,22,6,22,16,31,1,1,1,1,7,9,22,0,0,11,9,30,70,5,2,1,55,55,3,61,31,0,1,0,1,0,11,0,3,0,10,0,3,0,2,0,2,0,4,2,35.796749444444444,139.7979136111111,2,3,9999,0,9,0
1,30,670,385,2,0,1,30000,0,121,2022,11,29,18,31,22,6,30,16,28,3,1,2,1,1,9,22,0,0,11,9,30,70,5,2,1,55,25,4,61,31,0,1,0,1,0,11,0,3,0,20,0,3,0,2,0,2,0,4,2,35.79209833333333,139.82467194444445,3,3,9999,0,1,0
1,30,670,386,2,0,1,30000,0,121,2022,11,17,9,53,12,6,18,16,33,1,1,1,14,7,0,0,0,0,4,9,1,70,4,2,1,65,45,17,61,1,0,11,0,2,0,11,0,3,0,10,0,3,0,2,0,2,0,4,2,35.809710555555554,139.75649944444444,5,3,9999,0,9,0
1,30,771,460,2,0,1,30000,0,108,2022,11,1,7,30,12,6,3,16,46,1,1,1,1,7,9,22,0,0,15,9,30,70,4,1,1,35,1,51,61,41,0,0,0,0,0,0,0,0,0,10,0,3,0,0,0,0,0,4,2,35.6772875,139.7946802777778,3,3,0,0,0,0
1,30,771,468,2,0,1,20680,0,108,2022,11,8,17,50,22,6,9,16,40,1,1,1,1,1,9,22,0,0,19,9,30,70,5,1,1,1,55,4,61,31,0,1,0,1,0,11,0,1,0,10,0,4,0,2,0,2,0,4,2,35.68546,139.79842694444443,3,3,9999,0,1,0
1,30,771,472,2,0,1,30000,0,108,2022,11,11,9,50,12,6,12,16,37,1,1,1,14,7,0,0,0,0,2,9,1,70,5,2,1,25,75,51,61,41,0,0,0,0,0,0,0,0,0,10,0,3,0,0,0,0,0,4,2,35.654131666666665,139.79666444444445,6,3,0,0,0,0
1,30,771,475,2,0,1,30000,0,108,2022,11,11,13,20,12,6,12,16,37,1,1,1,1,1,9,22,0,0,14,9,30,70,1,2,1,75,65,3,61,31,0,1,0,1,0,11,0,3,0,10,0,3,0,2,0,2,0,4,2,35.66403583333333,139.81662583333335,6,3,9999,0,9,0
1,30,771,476,2,0,1,30000,0,108,2022,11,11,8,5,12,6,12,16,37,1,1,1,1,1,9,22,0,0,19,9,30,70,1,2,1,65,1,3,61,1,0,1,0,1,0,11,0,3,0,70,0,3,0,2,0,2,0,4,2,35.65287277777777,139.7946186111111,6,3,9999,0,9,0
1,30,771,480,2,0,1,20000,0,108,2022,11,12,17,45,22,6,13,16,37,1,1,1,1,1,9,22,0,0,16,9,30,70,4,1,1,65,1,3,61,1,0,1,0,1,0,11,0,2,0,40,0,3,0,2,0,2,0,4,2,35.65386916666667,139.79950666666667,7,3,9999,0,1,0
1,30,771,498,2,0,1,30000,0,108,2022,11,21,18,30,22,6,22,16,31,1,1,1,14,7,0,0,0,0,3,9,1,70,5,3,1,45,35,51,61,41,0,0,0,0,0,0,0,0,0,10,0,3,0,0,0,0,0,4,2,35.67336916666667,139.79462666666666,2,3,0,0,0,0
1,30,771,503,2,0,1,30000,0,108,2022,11,26,13,39,12,6,27,16,29,2,1,1,14,7,0,0,0,0,4,9,1,70,4,1,1,45,1,51,61,41,0,0,0,0,0,0,0,0,0,10,0,3,0,0,0,0,0,4,2,35.65378166666667,139.79356388888888,7,3,0,0,0,0
1,30,771,509,2,0,1,10040,0,108,2022,10,20,15,5,12,5,52,17,0,1,1,1,14,7,0,0,0,0,6,9,1,70,5,1,1,35,55,51,61,41,0,0,0,0,0,0,0,0,0,10,0,4,0,0,0,0,0,4,2,35.671750555555555,139.7960711111111,5,3,0,0,0,0
1,30,772,380,2,0,1,10350,0,108,2022,11,7,9,58,12,6,8,16,41,2,1,1,1,1,9,22,0,0,11,9,30,70,5,2,1,65,75,3,61,31,0,1,0,1,0,11,0,10,0,10,0,3,0,2,0,2,0,4,2,35.675933888888885,139.82050583333333,2,3,9999,0,9,0
1,30,772,402,2,0,1,10090,0,108,2022,11,28,17,50,22,6,29,16,28,2,1,1,1,1,9,22,0,0,19,9,30,70,1,2,1,65,65,3,61,1,0,1,0,1,0,11,0,4,0,10,0,3,0,2,0,2,0,4,2,35.67714194444444,139.82685916666665,2,3,9999,0,9,0
1,30,773,279,2,0,1,20680,0,107,2022,11,14,10,2,12,6,15,16,35,1,1,1,1,7,1,21,0,0,16,9,30,70,4,2,1,75,55,3,61,31,0,1,0,1,0,11,0,10,0,10,0,3,0,2,0,2,0,4,2,35.69048333333333,139.7979136111111,2,3,1000,0,9,0
1,30,773,283,2,0,1,20530,0,107,2022,11,15,22,25,22,6,16,16,34,2,1,1,14,7,0,0,0,0,5,9,1,70,1,1,1,25,0,61,0,0,0,0,0,0,0,0,0,0,0,0,0,0,0,0,0,0,0,2,0,35.70914027777778,139.81345333333334,3,3,0,0,0,0
1,30,773,285,2,0,1,31030,0,107,2022,11,18,14,10,12,6,19,16,33,1,1,1,1,1,9,22,0,0,15,9,30,70,5,2,1,55,35,3,61,31,0,1,0,1,0,11,0,2,0,10,0,3,0,2,0,2,0,4,2,35.697447777777775,139.80759305555557,6,3,9999,0,9,0
1,30,773,288,2,0,1,10290,0,107,2022,11,21,5,27,23,6,22,16,31,3,1,2,1,1,9,22,0,0,19,9,30,70,1,2,1,25,35,17,61,1,0,11,0,1,0,11,0,4,0,10,0,3,0,2,0,2,0,4,2,35.700090833333334,139.79721333333333,2,3,9999,0,5,0
1,30,773,291,2,0,2,20680,0,107,2022,11,22,19,31,22,6,23,16,31,1,1,1,1,1,9,22,0,0,19,9,30,70,1,2,1,45,1,3,61,31,0,1,0,1,0,11,0,5,0,10,0,3,0,2,0,2,0,4,2,35.708401111111115,139.80182361111113,3,2,9999,0,9,0
1,30,773,293,2,0,1,30000,0,107,2022,11,27,15,30,13,6,28,16,29,1,1,1,14,7,0,0,0,0,3,8,1,70,4,2,1,25,0,61,0,0,0,0,0,0,0,0,0,0,0,0,0,0,0,0,0,0,0,2,0,35.69814805555555,139.81858027777778,1,3,0,0,0,0
1,30,773,295,2,0,1,20690,0,107,2022,9,1,8,46,12,5,13,18,9,3,1,2,14,7,0,0,0,0,6,9,1,70,1,2,1,45,45,51,61,41,0,0,0,0,0,0,0,0,0,0,0,4,0,0,0,0,0,4,2,35.69502,139.81492111111112,5,3,0,0,0,0
1,30,773,296,2,0,1,30000,0,107,2022,11,30,16,30,21,6,31,16,28,3,1,2,7,7,0,0,0,0,2,9,1,70,5,4,1,35,75,52,61,41,0,0,0,0,0,0,0,0,0,10,0,3,0,0,0,0,0,4,2,35.713791111111114,139.8137311111111,4,3,0,0,0,0
1,30,774,174,2,0,1,10090,0,107,2022,11,2,23,20,22,6,4,16,45,1,1,1,1,1,9,22,0,0,16,9,30,70,4,2,1,55,25,4,61,31,0,1,0,1,0,11,0,4,0,50,0,2,0,2,0,2,0,4,2,35.71463555555556,139.82584555555556,4,2,9999,0,9,0
1,30,774,175,2,0,1,60,72,107,2022,11,4,21,30,22,6,6,16,43,2,1,1,1,1,9,22,0,0,13,9,30,70,4,1,1,1,35,35,61,31,0,0,0,0,0,11,0,10,0,10,0,2,0,0,0,0,0,4,2,35.72704027777778,139.82338027777777,6,3,0,0,0,0
1,30,774,176,2,0,1,20640,0,107,2022,11,5,5,0,22,6,7,16,42,1,1,1,14,1,0,0,0,0,3,9,1,70,5,1,1,25,75,32,61,31,0,0,0,0,0,11,0,3,0,10,0,1,0,0,0,0,0,4,2,35.73127027777778,139.8263497222222,7,3,9999,0,1,0
1,30,774,182,2,0,1,30000,0,107,2022,11,27,11,55,12,6,28,16,29,1,1,1,1,1,9,22,0,0,12,9,30,70,4,3,1,65,75,3,61,31,0,1,0,1,0,11,0,10,0,10,0,3,0,2,0,2,0,4,2,35.730085,139.82335361111112,1,3,9999,0,9,0
1,30,775,338,2,0,1,30000,0,122,2022,10,10,17,35,21,5,43,17,13,1,1,1,1,7,1,21,0,0,15,9,30,70,4,2,1,25,45,3,61,31,0,1,0,1,0,11,0,5,0,10,0,3,0,2,0,2,0,4,2,35.765954444444446,139.85181722222222,2,1,9999,0,5,0
1,30,775,339,2,0,1,20000,0,122,2022,10,4,8,40,12,5,38,17,21,1,1,1,1,7,9,22,0,0,14,9,30,70,5,1,1,55,35,3,61,31,0,1,0,1,0,11,0,10,0,40,0,3,0,2,0,2,0,4,2,35.763129444444445,139.85250249999999,3,3,9999,0,9,0
1,30,775,341,2,0,1,30000,0,122,2022,11,18,11,10,12,6,19,16,33,1,1,1,14,7,0,0,0,0,3,9,1,70,5,3,1,65,35,4,61,31,0,1,0,1,0,11,0,2,0,20,0,3,0,2,0,2,0,4,2,35.761359166666665,139.824835,6,3,9999,0,9,0
1,30,775,345,2,0,1,30000,0,122,2022,11,19,6,10,23,6,20,16,32,1,1,1,1,1,9,22,0,0,15,9,30,70,4,1,1,25,35,4,61,31,0,1,0,1,0,11,0,2,0,50,0,3,0,2,0,2,0,4,2,35.78031166666666,139.86071555555554,7,3,9999,0,1,0
1,30,775,346,2,0,1,10130,0,122,2022,11,26,4,50,22,6,27,16,29,3,1,2,1,1,9,22,0,0,16,9,30,70,5,2,1,65,45,17,61,1,0,11,0,2,0,11,0,4,0,20,0,3,0,2,0,2,0,4,2,35.76304472222222,139.85180888888888,7,3,9999,0,9,0
1,30,775,349,2,0,1,30000,0,122,2022,11,28,6,56,11,6,29,16,28,1,1,1,1,2,9,22,0,0,15,9,30,70,4,2,1,25,65,3,61,31,0,1,0,1,0,11,0,5,0,10,0,3,0,2,0,2,0,4,2,35.7731425,139.88005972222223,2,3,9999,0,1,0
1,30,775,354,2,0,1,30000,0,122,2022,11,25,9,45,12,6,26,16,29,1,1,1,1,7,9,22,0,0,11,9,30,70,4,2,1,65,25,17,61,31,0,11,0,2,0,11,0,5,0,20,0,4,0,2,0,2,0,4,2,35.747038611111115,139.85360305555554,6,3,9999,0,9,0
1,30,776,392,2,0,1,30000,0,122,2022,11,20,17,25,21,6,21,16,32,3,1,2,1,1,9,22,0,0,12,9,30,70,5,1,1,55,35,3,61,31,0,1,0,1,0,11,0,2,0,10,0,3,0,2,0,2,0,4,2,35.74693305555556,139.870855,1,3,9999,0,9,0
1,30,777,669,2,0,1,10130,0,123,2022,11,1,8,5,12,6,3,16,46,1,1,1,1,1,9,22,0,0,18,9,30,70,1,2,1,1,55,51,61,41,0,0,0,0,0,0,0,0,0,10,0,3,0,0,0,0,0,4,2,35.690778888888886,139.8826877777778,3,3,0,0,0,0
1,30,777,673,2,0,1,10400,0,123,2022,11,3,0,42,22,6,5,16,44,1,1,1,1,7,9,22,0,0,15,9,30,70,4,1,1,55,65,3,61,1,0,1,0,1,0,11,0,2,0,10,0,2,0,2,0,2,0,4,2,35.708916111111115,139.86698,5,1,9999,0,9,0
1,30,777,684,2,0,1,30000,0,123,2022,11,7,20,20,22,6,8,16,41,1,1,1,1,1,9,22,0,0,14,9,30,70,5,2,1,35,45,3,61,31,0,1,0,1,0,11,0,2,0,21,0,3,0,2,0,2,0,4,2,35.68740361111111,139.87724472222223,2,3,9999,0,1,0
1,30,777,687,2,0,1,30000,0,123,2022,11,4,9,8,12,6,6,16,43,1,1,1,14,2,0,0,0,0,3,9,1,70,5,2,1,75,1,36,61,31,0,0,0,0,0,11,0,2,0,10,0,3,0,0,0,0,0,4,2,35.688649999999996,139.87805472222223,6,3,370,0,5,0
1,30,777,696,2,0,1,30000,0,123,2022,11,12,15,40,13,6,13,16,37,1,1,1,7,7,0,0,0,0,3,9,1,70,5,2,1,45,65,51,61,41,0,0,0,0,0,0,0,0,0,10,0,3,0,0,0,0,0,4,2,35.707121111111114,139.84232972222225,7,3,0,0,0,0
1,30,777,697,2,0,1,30000,0,123,2022,11,14,6,55,11,6,15,16,35,1,1,1,1,1,9,22,0,0,15,9,30,70,5,2,1,35,75,3,61,31,0,1,0,1,0,11,0,2,0,10,0,4,0,2,0,2,0,4,2,35.68993,139.88813416666665,2,3,9999,0,5,0
1,30,777,712,2,0,1,30000,0,123,2022,11,18,14,45,12,6,19,16,33,1,1,1,14,7,0,0,0,0,3,9,1,70,5,3,1,55,1,13,61,31,0,11,0,1,0,11,0,2,0,20,0,3,0,2,0,2,0,4,2,35.69441777777777,139.8941436111111,6,3,9999,0,9,0
1,30,777,716,2,0,1,30000,0,123,2022,11,21,17,45,22,6,22,16,31,1,1,1,1,7,1,21,0,0,11,9,30,70,5,3,1,65,1,2,61,31,0,1,0,1,0,11,0,10,0,40,0,3,0,2,0,2,0,4,2,35.70792277777778,139.8471263888889,2,3,9999,0,9,0
1,30,777,721,2,0,1,30000,0,123,2022,11,22,14,3,12,6,23,16,31,1,1,1,14,7,0,0,0,0,2,9,1,1,5,4,1,55,55,3,61,31,0,1,0,1,0,11,0,2,0,40,0,3,0,2,0,2,0,4,2,35.68699583333333,139.89284777777777,3,2,9999,0,9,0
1,30,777,732,2,0,1,30000,0,123,2022,11,29,18,0,22,6,30,16,28,3,1,2,1,1,9,22,0,0,11,9,30,70,4,3,1,1,1,51,61,41,0,0,0,0,0,0,0,0,0,10,0,3,0,0,0,0,0,4,2,35.69261611111111,139.88426305555555,3,3,0,0,0,0
1,30,777,733,2,0,1,30000,0,123,2022,11,29,19,40,22,6,30,16,28,3,1,2,1,7,9,22,0,0,15,9,30,70,5,3,1,55,35,14,61,1,0,11,0,1,0,11,0,10,0,50,0,3,0,2,0,2,0,4,2,35.68622111111111,139.8777166666667,3,3,9999,0,9,0
1,30,777,735,2,0,1,30000,0,123,2022,11,30,15,10,12,6,31,16,28,2,1,1,14,7,0,0,0,0,3,9,1,70,5,3,1,1,1,35,61,31,0,0,0,0,0,11,0,2,0,10,0,3,0,0,0,0,0,4,2,35.69398472222222,139.90785722222222,4,3,9999,0,1,0
1,30,778,264,2,0,1,30000,0,123,2022,10,29,11,30,12,6,0,16,49,1,1,1,1,1,9,22,0,0,12,9,30,70,5,2,1,25,1,3,61,31,0,1,0,1,0,11,0,2,0,10,0,3,0,2,0,2,0,4,2,35.71940305555556,139.8884997222222,7,3,9999,0,1,0
1,30,778,273,2,0,1,95000,0,123,2022,11,29,10,20,12,6,30,16,28,2,1,1,0,7,0,0,0,0,0,0,20,70,0,4,1,75,65,3,61,31,0,1,0,1,0,11,0,2,0,40,0,1,0,2,0,2,0,4,2,35.728926666666666,139.88792166666667,3,3,977,0,9,0
1,30,778,274,2,0,1,10130,0,123,2022,11,29,17,52,22,6,30,16,28,3,1,2,1,1,9,22,0,0,18,9,30,70,1,2,1,45,35,3,61,31,0,1,0,1,0,11,0,4,0,20,0,4,0,2,0,2,0,4,2,35.72086166666667,139.87598555555556,3,3,9999,0,1,0
1,30,779,227,2,0,1,10130,0,123,2022,9,20,17,51,21,5,27,17,41,3,1,2,1,1,9,22,0,0,19,9,30,70,5,1,1,55,55,17,61,1,0,11,0,1,0,11,0,4,0,10,0,3,0,2,0,2,0,4,2,35.645408055555556,139.86955972222222,3,3,9999,0,9,0
1,30,779,231,2,0,1,30000,0,123,2022,11,4,8,20,12,6,6,16,43,1,1,1,1,1,9,22,0,0,15,9,30,70,1,2,1,35,25,14,61,31,0,11,0,1,0,11,0,3,0,10,0,3,0,2,0,2,0,4,2,35.663444444444444,139.8816775,6,3,9999,0,1,0
1,30,779,240,2,0,1,30000,0,123,2022,11,12,12,20,12,6,13,16,37,1,1,1,7,7,0,0,0,0,2,9,1,70,5,3,1,25,75,4,61,31,0,1,0,1,0,11,0,2,0,20,0,3,0,2,0,2,0,4,2,35.6652025,139.88233861111112,7,3,9999,0,1,0
1,30,779,242,2,0,1,30000,0,123,2022,11,13,19,40,22,6,14,16,36,2,1,2,14,7,0,0,0,0,2,9,1,70,4,2,1,1,1,36,61,31,0,0,0,0,0,11,0,2,0,10,0,3,0,0,0,0,0,4,2,35.66409916666667,139.86395805555554,1,3,9999,0,1,0
1,30,779,253,2,0,2,10130,0,123,2022,11,23,20,15,22,6,24,16,30,3,1,2,1,1,9,22,0,0,16,9,30,70,1,2,1,45,45,3,61,31,0,1,0,1,0,11,0,4,0,50,0,3,0,2,0,2,0,4,2,35.66202611111111,139.8730752777778,4,1,9999,0,5,0
1,30,779,254,2,0,1,30000,0,123,2022,11,17,15,15,12,6,18,16,33,2,1,1,1,7,1,21,0,0,12,9,30,70,4,2,1,65,35,3,61,31,0,1,0,1,0,11,0,2,0,10,0,3,0,2,0,2,0,4,2,35.66692444444444,139.86267,5,3,9999,0,9,0
1,30,779,256,2,0,1,10350,0,123,2022,11,28,16,45,21,6,29,16,28,2,1,1,1,1,9,22,0,0,16,9,30,70,1,2,1,65,1,14,61,1,0,11,0,1,0,11,0,4,0,10,0,3,0,2,0,2,0,4,2,35.66752444444444,139.87351944444444,2,3,9999,0,9,0
1,30,779,257,2,0,1,30000,0,123,2022,11,28,17,40,22,6,29,16,28,2,1,1,14,7,0,0,0,0,3,9,1,70,4,2,1,35,65,1,61,1,0,1,0,1,0,11,0,3,0,0,0,3,0,2,0,2,0,4,2,35.6673775,139.8601261111111,2,3,9999,0,1,0
1,30,876,291,1,1,0,30000,0,201,2022,11,3,13,46,12,6,5,16,44,1,1,1,1,7,9,22,0,0,15,9,30,70,5,2,1,45,75,11,61,1,0,11,0,1,0,11,0,4,0,10,0,3,0,2,0,2,0,4,1,35.62215194444445,139.37041305555556,5,1,9999,0,1,0
1,30,876,304,2,0,1,30000,0,201,2022,11,13,8,10,12,6,14,16,36,1,1,1,1,7,1,21,0,0,11,9,30,70,5,1,1,65,55,3,61,31,0,1,0,1,0,11,0,2,0,10,0,3,0,2,0,2,0,4,2,35.628728333333335,139.3917825,1,3,9999,0,9,0
1,30,876,305,2,0,1,30000,0,201,2022,11,9,6,44,11,6,10,16,39,1,1,1,1,1,9,22,0,0,11,9,30,70,4,2,1,45,1,3,61,31,0,1,0,1,0,11,0,3,0,10,0,4,0,2,0,2,0,4,2,35.61282722222222,139.38685972222223,4,3,9999,0,1,0
1,30,876,309,2,0,1,30000,0,209,2022,11,17,13,5,12,6,18,16,33,2,1,1,1,1,9,22,0,0,14,9,30,70,5,2,1,75,1,3,61,31,0,1,0,1,0,11,0,2,0,10,0,3,0,2,0,2,0,4,2,35.605002222222225,139.36096,5,3,9999,0,9,0
1,30,876,313,2,0,1,10490,0,209,2022,11,20,18,11,22,6,21,16,32,1,1,2,1,1,9,22,0,0,14,9,30,70,4,2,1,75,75,35,61,31,0,0,0,0,0,11,0,3,0,40,0,4,0,0,0,0,0,4,2,35.60557861111111,139.31575444444445,1,3,76,0,9,0
1,30,876,316,2,0,1,30000,0,201,2022,11,22,18,0,22,6,23,16,31,1,1,1,14,7,0,0,0,0,2,9,1,70,5,4,1,1,55,51,61,41,0,0,0,0,0,0,0,0,0,10,0,3,0,0,0,0,0,4,2,35.63935166666666,139.34232166666666,3,2,0,0,0,0
1,30,876,317,2,0,1,30000,0,201,2022,11,5,18,0,22,6,7,16,42,1,1,1,1,7,9,22,0,0,12,9,30,1,5,2,1,55,55,3,61,31,0,1,0,1,0,11,0,2,0,10,0,3,0,2,0,2,0,4,2,35.64438083333333,139.36635194444443,7,3,9999,0,9,0
1,30,876,323,2,0,1,30000,0,201,2022,11,8,18,40,22,6,9,16,40,2,1,1,14,7,0,0,0,0,3,9,1,70,4,2,1,1,0,61,0,0,0,0,0,0,0,0,0,0,0,0,0,0,0,0,0,0,0,2,0,35.637168333333335,139.40446500000002,3,3,0,0,0,0
1,30,877,347,2,0,1,20770,0,201,2022,11,2,20,5,22,6,4,16,45,1,1,1,1,1,9,22,0,0,15,9,30,70,1,1,1,35,45,3,61,31,0,1,0,1,0,11,0,3,0,10,0,3,0,2,0,2,0,4,2,35.63442972222222,139.31187666666668,4,2,9999,0,1,0
1,30,877,348,2,0,1,30000,0,201,2022,11,3,14,25,12,6,5,16,44,1,3,1,14,7,0,0,0,0,3,9,1,70,5,3,1,55,1,36,61,31,0,0,0,0,0,11,0,2,0,10,0,3,0,0,0,0,0,4,2,35.674861666666665,139.3011461111111,5,1,9999,0,9,0
1,30,877,349,2,0,1,20730,0,201,2022,11,4,20,58,22,6,6,16,43,3,2,2,1,1,9,22,0,0,11,9,30,70,4,1,1,55,25,14,61,31,0,11,0,1,0,11,0,2,0,10,0,4,0,2,0,2,0,4,2,35.6776425,139.2855788888889,6,3,9999,0,9,0
1,30,877,360,2,0,1,30000,0,201,2022,11,17,8,23,12,6,18,16,33,1,2,1,1,7,1,21,0,0,13,9,30,70,5,3,1,55,55,4,61,31,0,1,0,1,0,11,0,2,0,44,0,3,0,2,0,2,0,4,2,35.674548055555555,139.2929325,5,3,9999,0,9,0
1,30,877,361,2,0,1,30000,0,201,2022,11,4,17,24,21,6,6,16,43,3,2,1,14,7,0,0,0,0,1,9,1,70,5,4,1,75,25,3,61,31,0,1,0,1,0,11,0,1,0,40,0,3,0,2,0,2,0,4,2,35.643525277777776,139.27950055555556,6,3,1072,0,9,0
1,30,877,365,2,0,1,30000,0,201,2022,11,8,20,5,22,6,9,16,40,1,3,1,14,7,0,0,0,0,4,9,1,70,5,2,1,1,35,51,61,41,0,0,0,0,0,0,0,0,0,10,0,4,0,0,0,0,0,4,2,35.64179083333333,139.2869838888889,3,3,0,0,0,0
1,30,877,370,2,0,1,30000,0,201,2022,11,26,17,26,21,6,27,16,29,1,1,1,14,7,0,0,0,0,2,9,1,70,5,3,1,35,35,3,61,31,0,1,0,1,0,11,0,2,0,40,0,3,0,2,0,2,0,4,2,35.65468166666667,139.31006305555556,7,3,9999,0,1,0
1,30,878,366,2,0,1,30000,0,224,2022,10,26,8,0,12,5,57,16,53,1,2,1,1,1,0,0,0,0,15,9,30,70,4,2,1,1,0,61,0,0,0,0,0,0,0,0,0,0,0,0,0,0,0,0,0,0,0,2,0,35.62648222222222,139.44619,4,3,0,0,0,0
1,30,878,370,2,0,1,30000,0,224,2022,11,3,0,35,22,6,5,16,44,1,2,1,14,7,0,0,0,0,2,9,1,70,5,4,1,1,55,51,61,41,0,0,0,0,0,0,0,0,0,10,0,3,0,0,0,0,0,4,2,35.64932944444445,139.43617777777777,5,1,0,0,0,0
1,30,878,382,2,0,1,30000,0,224,2022,11,11,4,50,22,6,12,16,37,1,2,1,14,7,0,0,0,0,2,9,1,70,5,3,1,1,75,51,61,41,0,0,0,0,0,0,0,0,0,10,0,3,0,0,0,0,0,4,2,35.626085555555555,139.42639555555556,6,3,0,0,0,0
1,30,878,385,2,0,1,30000,0,224,2022,11,12,12,15,12,6,13,16,37,1,1,1,1,1,1,21,0,0,16,9,30,70,1,2,1,65,45,4,61,31,0,1,0,1,0,11,0,3,0,10,0,3,0,2,0,2,0,4,2,35.63479111111111,139.4500325,7,3,9999,0,9,0
1,30,878,387,2,0,1,30000,0,225,2022,11,14,16,58,21,6,15,16,35,1,2,1,1,1,9,22,0,0,15,9,30,70,4,1,1,65,65,3,61,31,0,1,0,1,0,11,0,4,0,10,0,3,0,2,0,2,0,4,2,35.623176666666666,139.47718916666668,2,3,9999,0,9,0
1,30,878,388,2,0,1,10570,0,224,2022,11,16,6,30,11,6,17,16,34,1,2,1,1,1,9,22,0,0,16,9,30,70,1,2,1,75,65,3,61,31,0,1,0,1,0,11,0,2,0,10,0,3,0,2,0,2,0,4,2,35.620375833333334,139.44260888888888,4,3,77,0,9,0
1,30,878,392,2,0,1,30000,0,224,2022,11,20,17,0,21,6,21,16,32,3,1,2,1,1,9,22,0,0,18,9,30,70,1,1,1,45,55,4,61,31,0,1,0,1,0,11,0,3,0,10,0,3,0,2,0,2,0,4,2,35.64265555555556,139.4360825,1,3,9999,0,9,0
1,30,878,393,2,0,1,30000,0,224,2022,11,20,18,18,22,6,21,16,32,3,1,2,1,1,9,22,0,0,15,9,30,70,4,1,1,45,65,4,61,31,0,1,0,1,0,11,0,3,0,10,0,2,0,2,0,2,0,4,2,35.647374444444445,139.45231666666666,1,3,9999,0,1,0
1,30,878,394,2,0,1,30000,0,225,2022,11,21,0,44,22,6,22,16,31,3,1,3,1,7,9,22,0,0,15,9,30,70,4,1,1,35,25,14,61,31,0,11,0,2,0,11,0,4,0,70,0,3,0,2,0,2,0,4,2,35.632304166666664,139.51484861111112,2,3,9999,0,1,0
1,30,878,397,2,0,1,10570,0,224,2022,11,6,19,25,22,6,7,16,41,1,2,1,1,7,1,21,0,0,13,9,30,70,1,1,1,65,35,3,61,1,0,1,0,1,0,11,0,2,0,10,0,3,0,2,0,2,0,4,2,35.650623055555556,139.45445027777777,1,3,9999,0,9,0