資料区分,都道府県コード,警察署等コード,本票番号,事故内容,死者数,負傷者数,路線コード,地点コード,市区町村コード,発生日時　　年,発生日時　　月,発生日時　　日,発生日時　　時,発生日時　　分,昼夜,日の出時刻　　時,日の出時刻　　分,日の入り時刻　　時,日の入り時刻　　分,天候,地形,路面状態,道路形状,信号機,一時停止規制　標識（当事者A）,一時停止規制　表示（当事者A）,一時停止規制　標識（当事者B）,一時停止規制　表示（当事者B）,車道幅員,道路線形,衝突地点,ゾーン規制,中央分離帯施設等,歩車道区分,事故類型,年齢（当事者A）,年齢（当事者B）,当事者種別（当事者A）,当事者種別（当事者B）,用途別（当事者A）,用途別（当事者B）,車両形状等（当事者A）,車両形状等（当事者B）,オートマチック車（当事者A）,オートマチック車（当事者B）,サポカー（当事者A）,サポカー（当事者B）,速度規制（指定のみ）（当事者A）,速度規制（指定のみ）（当事者B）,車両の衝突部位（当事者A）,車両の衝突部位（当事者B）,車両の損壊程度（当事者A）,車両の損壊程度（当事者B）,エアバッグの装備（当事者A）,エアバッグの装備（当事者B）,サイドエアバッグの装備（当事者A）,サイドエアバッグの装備（当事者B）,人身損傷程度（当事者A）,人身損傷程度（当事者B）,lat,lon,曜日(発生年月日),祝日(発生年月日),認知機能検査経過日数（当事者A）,認知機能検査経過日数（当事者B）,運転練習の方法（当事者A）,運転練習の方法（当事者B）
1,30,878,398,2,0,1,30000,0,225,2022,11,15,7,15,11,6,16,16,34,3,1,2,1,1,9,22,0,0,19,9,30,70,1,2,1,45,45,3,61,31,0,1,0,1,0,11,0,4,0,10,0,4,0,2,0,2,0,4,2,35.64980611111111,139.48825777777776,3,3,9999,0,1,0
1,30,878,400,2,0,1,30000,0,225,2022,10,26,21,15,22,5,57,16,53,1,2,1,14,7,0,0,0,0,2,9,1,70,5,3,1,1,55,51,61,41,0,0,0,0,0,0,0,0,0,10,0,3,0,0,0,0,0,4,2,35.64443861111111,139.50808083333334,4,3,0,0,0,0
1,30,879,518,2,0,1,30580,0,220,2022,11,1,18,40,22,6,3,16,46,3,2,2,1,1,9,22,0,0,12,9,30,70,4,2,1,45,1,3,61,31,0,1,0,1,0,11,0,1,0,20,0,3,0,2,0,2,0,4,2,35.742715000000004,139.41408805555557,3,3,9999,0,2,0
1,30,879,521,2,0,1,30000,0,220,2022,11,3,9,15,12,6,5,16,44,1,1,1,14,7,0,0,0,0,3,9,1,1,5,2,1,45,1,4,61,31,0,1,0,1,0,11,0,1,0,10,0,3,0,2,0,2,0,4,2,35.74604222222222,139.41705166666665,5,1,9999,0,1,0
1,30,879,529,2,0,1,30000,0,220,2022,9,22,5,52,11,5,29,17,38,2,2,1,14,7,0,0,0,0,1,9,1,70,5,4,1,35,1,34,61,31,0,0,0,0,0,11,0,1,0,10,0,3,0,0,0,0,0,4,2,35.73211805555556,139.41678083333332,5,2,9999,0,1,0
1,30,879,537,2,0,1,30000,0,220,2022,11,16,6,10,23,6,17,16,34,1,1,1,1,7,1,21,0,0,12,9,30,70,4,2,1,55,75,3,61,31,0,1,0,1,0,11,0,3,0,80,0,3,0,2,0,2,0,4,2,35.749273333333335,139.44434777777778,4,3,9999,0,9,0
1,30,879,540,2,0,1,30000,0,220,2022,10,7,17,40,21,5,40,17,17,3,2,2,1,7,9,22,0,0,11,9,30,70,5,2,1,25,75,4,61,31,0,1,0,1,0,11,0,2,0,30,0,3,0,2,0,2,0,4,2,35.74467777777778,139.45052944444444,6,3,9999,0,1,0
1,30,879,558,2,0,1,10240,0,220,2022,11,30,17,50,22,6,31,16,28,2,1,1,1,1,9,22,0,0,15,9,30,70,5,3,1,45,75,3,61,31,0,1,0,1,0,11,0,2,0,50,0,3,0,2,0,2,0,4,2,35.75407583333333,139.4200625,4,3,9999,0,1,0
1,30,879,560,2,0,1,30000,0,223,2022,11,28,14,0,12,6,29,16,28,2,2,1,14,7,0,0,0,0,2,9,1,70,5,3,1,65,1,3,61,31,0,1,0,1,0,11,0,2,0,80,0,3,0,2,0,2,0,4,2,35.73783777777778,139.40130055555557,2,3,9999,0,9,0
1,30,880,251,2,0,1,30000,0,205,2022,11,18,17,5,21,6,19,16,33,2,2,1,1,7,9,22,0,0,14,9,30,70,4,2,1,45,75,4,61,31,0,1,0,1,0,11,0,3,0,50,0,4,0,2,0,2,0,4,2,35.79123,139.28076750000002,6,3,9999,0,9,0
1,30,880,258,2,0,1,30000,0,205,2022,11,28,10,46,12,6,29,16,28,2,1,1,1,1,9,22,0,0,14,9,30,70,4,2,1,75,75,4,61,31,0,1,0,1,0,11,0,3,0,10,0,4,0,2,0,2,0,4,2,35.789788333333334,139.3032202777778,2,3,315,0,9,0
1,30,881,164,2,0,1,99000,0,305,2022,11,9,12,25,12,6,10,16,39,1,3,1,0,7,0,0,0,0,0,0,20,70,0,2,1,55,55,3,61,31,0,1,0,1,0,11,0,10,0,52,0,3,0,2,0,2,0,4,2,35.734405833333334,139.27291472222223,4,3,9999,0,9,0
1,30,881,170,2,0,1,10460,0,305,2022,11,19,9,20,12,6,20,16,32,1,3,1,1,1,9,22,0,0,11,9,30,70,4,2,1,55,35,4,61,31,0,1,0,1,0,11,0,3,0,31,0,4,0,2,0,2,0,4,2,35.74266055555556,139.25663472222223,7,3,9999,0,9,0
1,30,882,391,2,0,1,30000,0,218,2022,11,2,8,40,12,6,4,16,45,1,1,1,14,7,0,0,0,0,2,9,1,70,5,3,1,35,65,3,61,31,0,1,0,1,0,11,0,2,0,40,0,3,0,2,0,2,0,4,2,35.73613805555556,139.3339002777778,4,2,9999,0,5,0
1,30,882,402,2,0,1,30000,0,227,2022,11,7,8,10,12,6,8,16,41,1,1,1,1,7,1,21,0,0,11,8,30,70,5,3,1,65,25,14,61,31,0,11,0,1,0,11,0,2,0,10,0,4,0,2,0,2,0,4,2,35.760153333333335,139.3199097222222,2,3,9999,0,9,0
1,30,882,409,2,0,1,95000,0,228,2022,11,18,12,15,12,6,19,16,33,1,3,1,0,7,0,0,0,0,0,0,20,70,0,4,1,35,65,14,61,31,0,11,0,1,0,11,0,10,0,33,0,3,0,2,0,2,0,4,2,35.729219444444446,139.29494805555555,6,3,9999,0,9,0
1,30,882,412,2,0,1,30000,0,228,2022,11,10,6,1,23,6,11,16,38,1,1,1,14,7,0,0,0,0,2,9,1,70,5,3,1,45,65,4,61,31,0,1,0,1,0,11,0,2,0,10,0,3,0,2,0,2,0,4,2,35.74011472222222,139.31061944444446,5,3,9999,0,1,0
1,30,882,413,2,0,1,30000,0,303,2022,11,17,13,50,12,6,18,16,33,1,1,1,14,7,0,0,0,0,3,9,1,70,5,4,1,65,55,3,61,31,0,1,0,1,0,11,0,10,0,40,0,3,0,2,0,2,0,4,2,35.77457277777778,139.34663916666668,5,3,9999,0,9,0
1,30,882,415,2,0,1,30000,0,227,2022,11,20,16,45,21,6,21,16,32,3,1,2,14,7,0,0,0,0,2,9,1,70,4,2,1,65,55,3,61,31,0,1,0,1,0,11,0,2,0,10,0,3,0,2,0,2,0,4,2,35.777030555555555,139.30210944444445,1,3,9999,0,1,0
1,30,882,418,2,0,1,99000,0,303,2022,11,21,22,45,22,6,22,16,31,1,2,1,0,7,0,0,0,0,0,0,20,70,0,4,1,35,65,3,61,31,0,1,0,1,0,11,0,10,0,40,0,3,0,2,0,2,0,4,2,35.786340833333334,139.345165,2,3,9999,0,5,0
1,30,882,421,2,0,1,30000,0,227,2022,11,22,17,8,21,6,23,16,31,1,2,1,14,7,0,0,0,0,3,9,1,70,4,2,1,45,55,4,61,31,0,1,0,1,0,11,0,3,0,10,0,3,0,2,0,2,0,4,2,35.77325388888889,139.298095,3,2,9999,0,1,0
1,30,882,423,2,0,1,30000,0,227,2022,11,24,10,45,12,6,25,16,30,1,1,1,1,7,1,21,0,0,15,9,30,70,5,3,1,25,65,4,61,31,0,1,0,1,0,11,0,2,0,10,0,3,0,2,0,2,0,4,2,35.76491222222222,139.31902333333332,5,3,9999,0,1,0
1,30,882,424,2,0,1,95000,0,227,2022,11,24,19,10,22,6,25,16,30,1,1,1,0,7,0,0,0,0,0,0,20,70,0,4,1,35,25,3,61,31,0,1,0,1,0,11,0,10,0,30,0,4,0,2,0,2,0,4,2,35.77232444444444,139.29802944444444,5,3,9999,0,5,0
1,30,882,431,2,0,1,95000,0,228,2022,11,29,20,20,22,6,30,16,28,3,3,2,1,1,9,22,0,0,14,9,30,70,4,1,1,35,1,4,61,31,0,1,0,1,0,11,0,4,0,10,0,3,0,2,0,2,0,4,2,35.72375277777778,139.28703916666666,3,3,9999,0,1,0
1,30,882,432,2,0,1,30000,0,303,2022,11,30,14,55,12,6,31,16,28,2,2,1,1,7,1,21,0,0,11,6,30,70,5,2,1,65,75,4,61,31,0,1,0,1,0,11,0,2,0,40,0,3,0,2,0,2,0,4,2,35.75774666666667,139.3382038888889,4,3,9999,0,9,0
1,30,882,435,2,0,1,30000,0,228,2022,11,24,12,25,12,6,25,16,30,1,1,1,1,7,1,21,0,0,14,8,30,70,4,3,1,65,65,3,61,31,0,1,0,1,0,11,0,2,0,10,0,3,0,2,0,2,0,4,2,35.740362222222224,139.31388916666668,5,3,9999,0,9,0
1,30,883,478,1,1,0,21150,0,201,2022,11,11,9,44,12,6,12,16,37,1,1,1,1,7,1,21,0,0,12,9,30,70,4,2,1,75,75,4,61,31,0,1,0,1,0,11,0,10,0,11,0,3,0,2,0,2,0,4,1,35.67987972222222,139.36647833333333,6,3,80,0,9,0
1,30,883,483,2,0,1,30000,0,201,2022,11,3,15,13,12,6,5,16,44,1,1,1,1,1,9,22,0,0,12,9,30,70,5,2,1,55,75,3,61,31,0,1,0,1,0,11,0,2,0,50,0,3,0,2,0,2,0,4,2,35.65767694444445,139.34796083333333,5,1,9999,0,9,0
1,30,883,487,2,0,1,30000,0,201,2022,11,6,12,18,12,6,7,16,41,1,1,1,14,7,0,0,0,0,2,9,1,70,4,1,1,1,75,51,61,41,0,0,0,0,0,0,0,0,0,10,0,3,0,0,0,0,0,4,2,35.68751472222222,139.30716166666667,1,3,0,0,0,0
1,30,883,499,2,0,1,30000,0,201,2022,11,12,18,15,22,6,13,16,37,1,1,1,1,7,9,22,0,0,15,9,30,70,4,2,1,45,55,3,61,31,0,1,0,1,0,11,0,2,0,10,0,3,0,2,0,2,0,4,2,35.663673055555556,139.35226055555555,7,3,9999,0,1,0
1,30,883,500,2,0,1,30000,0,201,2022,11,12,19,35,22,6,13,16,37,1,1,1,14,7,0,0,0,0,2,9,1,70,5,3,1,35,0,61,0,0,0,0,0,0,0,0,0,0,0,0,0,0,0,0,0,0,0,2,0,35.68000277777777,139.31094361111113,7,3,0,0,0,0
1,30,883,501,2,0,1,99000,0,201,2022,11,13,17,5,21,6,14,16,36,1,1,1,0,7,0,0,0,0,0,0,20,70,0,4,1,35,75,14,61,1,0,11,0,1,0,11,0,10,0,50,0,3,0,2,0,2,0,4,2,35.66430361111111,139.36213527777778,1,3,9999,0,5,0
1,30,883,505,2,0,1,30000,0,201,2022,11,16,10,30,12,6,17,16,34,1,1,1,1,1,9,22,0,0,18,6,30,70,4,2,1,75,75,3,61,31,0,1,0,1,0,11,0,3,0,10,0,3,0,2,0,2,0,4,2,35.64984888888889,139.3235136111111,4,3,258,0,9,0
1,30,883,508,2,0,1,30000,0,201,2022,11,5,17,35,21,6,7,16,42,1,1,1,14,7,0,0,0,0,2,9,1,70,4,2,1,45,35,14,61,1,0,11,0,2,0,11,0,3,0,50,0,3,0,2,0,2,0,4,2,35.68779833333333,139.30604611111113,7,3,9999,0,1,0
1,30,883,513,2,0,1,99000,0,201,2022,11,19,21,40,22,6,20,16,32,1,1,1,0,7,0,0,0,0,0,0,20,70,0,4,1,55,65,3,61,31,0,1,0,1,0,11,0,10,0,30,0,3,0,2,0,2,0,4,2,35.664275833333335,139.3680913888889,7,3,9999,0,9,0
1,30,883,515,2,0,1,30000,0,201,2022,11,21,17,50,22,6,22,16,31,1,1,1,14,7,0,0,0,0,1,9,1,70,5,4,1,35,65,51,61,41,0,0,0,0,0,0,0,0,0,10,0,3,0,0,0,0,0,4,2,35.67571944444444,139.30570305555557,2,3,0,0,0,0
1,30,883,525,2,0,1,30000,0,201,2022,11,4,17,0,21,6,6,16,43,3,1,2,14,7,0,0,0,0,2,9,1,70,5,2,1,45,25,4,61,31,0,1,0,1,0,11,0,5,0,50,0,3,0,2,0,2,0,4,2,35.65812416666667,139.3405213888889,6,3,9999,0,9,0
1,30,883,527,2,0,1,30000,0,201,2022,11,28,14,55,12,6,29,16,28,1,1,1,1,7,3,21,0,0,11,9,30,70,4,3,1,35,45,14,61,1,0,11,0,1,0,11,0,5,0,10,0,3,0,2,0,2,0,4,2,35.65703277777778,139.31188500000002,2,3,9999,0,5,0
1,30,884,692,2,0,1,30000,0,209,2022,11,2,7,0,11,6,4,16,45,1,1,1,14,7,0,0,0,0,3,9,1,70,4,2,1,75,65,3,61,31,0,1,0,1,0,11,0,3,0,20,0,3,0,2,0,2,0,4,2,35.50911083333333,139.46765833333333,4,2,663,0,9,0
1,30,884,693,2,0,1,30000,0,209,2022,11,3,23,30,22,6,5,16,44,1,1,1,1,1,9,22,0,0,19,9,30,70,4,2,1,55,1,3,61,1,0,1,0,1,0,11,0,3,0,20,0,3,0,2,0,2,0,4,2,35.538356111111106,139.45389,5,1,9999,0,9,0
1,30,884,694,2,0,1,30000,0,209,2022,11,5,17,20,21,6,7,16,42,1,1,1,1,1,9,22,0,0,17,7,30,70,4,2,1,25,1,35,61,31,0,0,0,0,0,11,0,3,0,10,0,3,0,0,0,0,0,4,2,35.54296194444444,139.44652416666668,7,3,9999,0,1,0
1,30,884,703,2,0,1,30000,0,209,2022,11,10,18,40,22,6,11,16,38,1,1,1,14,7,0,0,0,0,1,9,1,70,4,2,1,65,45,3,61,31,0,1,0,1,0,11,0,2,0,10,0,3,0,2,0,2,0,4,2,35.591191388888895,139.4029111111111,5,3,9999,0,9,0
1,30,884,704,2,0,1,30000,0,209,2022,11,8,12,5,12,6,9,16,40,1,1,1,1,1,9,22,0,0,11,9,30,70,5,2,1,45,75,3,61,31,0,1,0,1,0,11,0,3,0,80,0,3,0,2,0,2,0,4,2,35.5909075,139.48252666666667,3,3,9999,0,9,0
1,30,884,717,2,0,1,30000,0,209,2022,10,11,11,20,12,5,44,17,11,1,1,1,14,7,0,0,0,0,2,9,1,70,5,2,1,75,55,3,61,31,0,1,0,1,0,11,0,2,0,80,0,3,0,2,0,2,0,4,2,35.56314444444444,139.46353499999998,3,3,474,0,9,0
1,30,884,723,2,0,1,30000,0,209,2022,11,17,12,55,12,6,18,16,33,1,1,1,13,7,0,0,0,0,3,3,1,70,5,4,1,55,75,3,61,31,0,1,0,1,0,11,0,10,0,50,0,3,0,2,0,2,0,4,2,35.583264444444445,139.48097805555557,5,3,9999,0,9,0
1,30,884,730,2,0,1,10490,0,209,2022,11,19,18,5,22,6,20,16,32,1,1,1,1,1,9,22,0,0,12,9,30,70,4,2,1,35,25,3,61,31,0,1,0,1,0,11,0,3,0,10,0,3,0,2,0,2,0,4,2,35.54627,139.44939527777777,7,3,9999,0,1,0
1,30,884,731,2,0,1,10610,0,209,2022,11,20,19,50,22,6,21,16,32,3,2,2,1,1,9,22,0,0,15,3,30,70,4,2,1,55,65,3,61,31,0,1,0,1,0,11,0,3,0,10,0,3,0,2,0,2,0,4,2,35.58532944444445,139.49032083333333,1,3,9999,0,9,0
1,30,884,732,2,0,1,160,163,209,2022,11,21,0,52,22,6,22,16,31,3,1,2,1,1,9,22,0,0,18,9,30,70,1,2,1,25,1,3,61,31,0,1,0,1,0,11,0,5,0,10,0,3,0,2,0,2,0,4,2,35.50949694444444,139.4752511111111,2,3,9999,0,1,0
1,30,884,733,2,0,1,30560,0,209,2022,11,14,16,3,13,6,15,16,35,2,1,1,1,7,9,22,0,0,11,8,30,70,5,2,1,65,35,3,61,31,0,1,0,1,0,11,0,3,0,10,0,4,0,2,0,2,0,4,2,35.544535833333335,139.44312916666667,2,3,9999,0,9,0
1,30,884,734,2,0,1,95000,0,209,2022,11,15,19,50,22,6,16,16,34,1,1,1,13,7,0,0,0,0,3,5,1,70,4,2,1,45,65,3,61,31,0,1,0,1,0,11,0,2,0,40,0,3,0,2,0,2,0,4,2,35.56507111111111,139.46832555555557,3,3,9999,0,9,0
1,30,884,736,2,0,1,30000,0,209,2022,11,22,8,0,12,6,23,16,31,1,1,1,14,2,0,0,0,0,3,8,1,70,4,1,1,1,1,51,61,41,0,0,0,0,0,0,0,0,0,10,0,3,0,0,0,0,0,4,2,35.59036305555556,139.4815047222222,3,2,0,0,0,0
1,30,884,737,2,0,1,30000,0,209,2022,11,22,12,20,12,6,23,16,31,1,1,1,1,1,9,22,0,0,15,9,30,70,4,1,1,45,75,4,61,31,0,1,0,1,0,11,0,4,0,0,0,4,0,2,0,2,0,4,2,35.5110625,139.4661336111111,3,2,9999,0,1,0
1,30,884,742,2,0,1,30560,0,209,2022,11,24,0,30,22,6,25,16,30,2,1,2,1,1,9,22,0,0,16,9,30,70,4,2,1,1,35,3,61,31,0,1,0,1,0,11,0,3,0,10,0,3,0,2,0,2,0,4,2,35.55862833333333,139.42447249999998,5,3,9999,0,1,0
1,30,884,751,2,0,1,99000,0,209,2022,11,29,17,50,22,6,30,16,28,3,1,2,0,7,0,0,0,0,0,0,20,70,0,4,1,45,75,3,61,31,0,1,0,1,0,11,0,10,0,10,0,3,0,2,0,2,0,4,2,35.577889444444445,139.43522722222224,3,3,9999,0,1,0
1,30,884,753,2,0,1,30000,0,209,2022,11,22,18,45,22,6,23,16,31,1,1,1,1,7,1,21,0,0,11,9,30,70,5,4,1,45,35,3,61,31,0,1,0,1,0,11,0,5,0,10,0,3,0,2,0,2,0,4,2,35.54580722222222,139.44724416666668,3,2,9999,0,5,0
1,30,885,265,2,0,1,95000,0,212,2022,10,15,18,15,22,5,47,17,6,1,1,1,0,7,0,0,0,0,0,0,20,70,0,4,1,25,55,4,61,31,0,1,0,1,0,11,0,10,0,40,0,3,0,2,0,2,0,4,2,35.6842,139.38796083333332,7,3,9999,0,1,0
1,30,885,270,2,0,1,30000,0,212,2022,11,2,8,50,12,6,4,16,45,1,1,1,14,7,0,0,0,0,1,9,1,70,5,2,1,55,55,51,61,41,0,0,0,0,0,0,0,0,0,10,0,4,0,0,0,0,0,4,2,35.68049694444444,139.38713666666666,4,2,0,0,0,0
1,30,885,274,2,0,1,30000,0,212,2022,11,12,18,2,22,6,13,16,37,1,1,1,1,1,9,22,0,0,15,9,30,70,4,2,1,75,45,3,61,31,0,1,0,1,0,11,0,2,0,10,0,3,0,2,0,2,0,4,2,35.65725777777778,139.37207972222222,7,3,226,0,9,0
1,30,885,278,2,0,1,95000,0,212,2022,11,21,5,20,22,6,22,16,31,3,1,2,1,1,9,22,0,0,18,9,30,70,1,1,1,35,45,14,61,31,0,11,0,1,0,11,0,5,0,50,0,3,0,2,0,2,0,4,2,35.67054361111111,139.4206563888889,2,3,9999,0,5,0
1,30,885,283,2,0,1,30000,0,212,2022,11,30,17,40,22,6,31,16,28,2,1,1,1,7,9,22,0,0,13,9,30,70,5,2,1,55,75,4,61,31,0,1,0,1,0,11,0,2,0,80,0,3,0,2,0,2,0,4,2,35.66815833333333,139.37906555555557,4,3,9999,0,9,0
1,30,886,374,1,1,0,30000,0,207,2022,11,23,3,35,22,6,24,16,30,3,1,2,14,7,0,0,0,0,3,9,1,1,5,3,1,1,45,3,61,31,0,1,0,1,0,11,0,3,0,10,0,3,0,2,0,2,0,4,1,35.710479444444445,139.37129555555558,4,1,9999,0,1,0
1,30,886,378,2,0,1,10530,0,207,2022,11,3,16,0,13,6,5,16,44,1,1,1,14,7,0,0,0,0,3,9,1,70,4,2,1,35,55,51,61,41,0,0,0,0,0,0,0,0,0,10,0,3,0,0,0,0,0,4,2,35.704505000000005,139.34660250000002,5,1,0,0,0,0
1,30,886,387,2,0,1,95000,0,207,2022,11,7,11,30,12,6,8,16,41,1,1,1,1,1,9,22,0,0,17,6,30,70,4,2,1,45,75,13,61,31,0,11,0,1,0,11,0,3,0,50,0,3,0,2,0,2,0,4,2,35.714778888888894,139.36157388888887,2,3,9999,0,9,0
1,30,886,391,2,0,1,30000,0,207,2022,11,8,19,30,22,6,9,16,40,1,1,1,14,7,0,0,0,0,3,9,1,70,4,1,1,25,55,3,61,31,0,1,0,1,0,11,0,3,0,40,0,3,0,2,0,2,0,4,2,35.71535166666667,139.36523166666666,3,3,9999,0,1,0
1,30,886,397,2,0,1,30000,0,207,2022,11,14,7,15,12,6,15,16,35,2,1,1,1,1,9,22,0,0,15,9,30,70,4,2,1,65,65,3,61,31,0,1,0,1,0,11,0,3,0,20,0,3,0,2,0,2,0,4,2,35.70520055555556,139.35398277777776,2,3,9999,0,9,0
1,30,886,403,2,0,1,30000,0,207,2022,11,17,11,25,12,6,18,16,33,1,1,1,14,7,0,0,0,0,2,9,1,70,5,2,1,25,75,4,61,31,0,1,0,1,0,11,0,10,0,30,0,3,0,2,0,2,0,4,2,35.708019722222225,139.3758563888889,5,3,9999,0,5,0
1,30,886,404,2,0,1,21150,0,207,2022,11,18,18,15,22,6,19,16,33,1,2,1,14,7,0,0,0,0,4,9,1,70,4,2,1,1,45,51,61,41,0,0,0,0,0,0,0,0,0,10,0,4,0,0,0,0,0,4,2,35.71912388888889,139.38234583333335,6,3,0,0,0,0
1,30,886,415,2,0,1,21150,0,207,2022,11,29,5,15,22,6,30,16,28,1,2,1,1,1,9,22,0,0,14,9,30,70,4,2,1,55,75,14,61,1,0,11,0,1,0,11,0,3,0,10,0,3,0,2,0,2,0,4,2,35.69703944444444,139.37600444444445,3,3,9999,0,9,0
1,30,886,418,2,0,1,21300,0,207,2022,11,29,17,30,22,6,30,16,28,2,1,1,14,7,0,0,0,0,3,9,1,70,4,2,1,75,55,4,61,31,0,1,0,1,0,11,0,3,0,80,0,3,0,2,0,2,0,4,2,35.71597194444445,139.3718788888889,3,3,900,0,9,0
1,30,886,419,2,0,1,30000,0,207,2022,11,30,8,15,12,6,31,16,28,2,2,1,14,7,0,0,0,0,3,9,1,70,5,2,1,55,0,61,0,0,0,0,0,0,0,0,0,0,0,0,0,0,0,0,0,0,0,2,0,35.71679888888889,139.37362583333334,4,3,0,0,0,0
1,30,887,594,2,0,1,95000,0,202,2022,11,3,15,10,12,6,5,16,44,1,1,1,7,7,0,0,0,0,4,9,1,70,4,2,1,55,1,3,61,31,0,1,0,1,0,11,0,3,0,20,0,3,0,2,0,2,0,4,2,35.73508527777778,139.3763238888889,5,1,9999,0,1,0
1,30,887,604,2,0,1,30000,0,202,2022,11,8,14,50,12,6,9,16,40,1,1,1,1,1,9,22,0,0,13,9,30,70,4,2,1,45,1,3,61,31,0,1,0,1,0,11,0,3,0,40,0,3,0,2,0,2,0,4,2,35.69790388888889,139.40150722222222,3,3,9999,0,5,0
1,30,887,607,2,0,1,30000,0,202,2022,11,9,18,15,22,6,10,16,39,1,2,1,1,7,9,22,0,0,15,9,30,70,5,1,1,55,55,14,61,31,0,11,0,1,0,11,0,3,0,10,0,3,0,2,0,2,0,4,2,35.69969777777777,139.4047775,4,3,9999,0,2,0
1,30,887,610,2,0,1,30000,0,202,2022,10,17,10,50,12,5,49,17,3,2,2,1,14,7,0,0,0,0,2,9,1,70,5,4,1,35,45,3,61,31,0,1,0,1,0,11,0,10,0,30,0,3,0,2,0,2,0,4,2,35.695541388888884,139.40692416666667,2,3,9999,0,1,0
1,30,887,612,2,0,1,10260,0,202,2022,11,12,16,47,21,6,13,16,37,1,1,1,1,7,9,22,0,0,13,9,30,70,4,2,1,55,1,3,61,31,0,1,0,1,0,1,0,3,0,20,0,3,0,2,0,2,0,4,2,35.72415361111111,139.40055361111112,7,3,9999,0,9,0
1,30,887,629,2,0,1,30000,0,202,2022,11,22,17,40,22,6,23,16,31,1,1,1,1,1,9,22,0,0,11,9,30,70,5,2,1,45,65,3,61,31,0,1,0,1,0,11,0,2,0,20,0,3,0,2,0,2,0,4,2,35.69030444444444,139.42031333333333,3,2,9999,0,9,0
1,30,887,630,2,0,1,30000,0,215,2022,11,23,8,50,12,6,24,16,30,3,2,2,1,1,9,22,0,0,15,9,30,70,4,1,1,55,1,3,61,31,0,1,0,1,0,11,0,3,0,50,0,3,0,2,0,2,0,4,2,35.690216666666664,139.4338725,4,1,9999,0,9,0
1,30,888,240,2,0,1,30000,0,206,2022,11,9,8,25,12,6,10,16,39,1,1,1,14,7,0,0,0,0,1,9,1,70,5,4,1,35,65,51,61,41,0,0,0,0,0,0,0,0,0,0,0,3,0,0,0,0,0,4,2,35.65756694444444,139.44712694444445,4,3,0,0,0,0
1,30,888,244,2,0,1,30000,0,206,2022,11,15,12,8,12,6,16,16,34,3,1,2,1,7,9,22,0,0,11,9,30,70,4,2,1,55,35,3,61,31,0,1,0,1,0,11,0,2,0,10,0,3,0,2,0,2,0,4,2,35.663644999999995,139.51193416666666,3,3,9999,0,9,0
1,30,888,248,2,0,1,30000,0,206,2022,11,19,10,57,12,6,20,16,32,1,1,1,14,7,0,0,0,0,1,9,1,70,5,4,1,45,25,51,61,41,0,0,0,0,0,0,0,0,0,10,0,4,0,0,0,0,0,4,2,35.671351666666666,139.4306575,7,3,0,0,0,0
1,30,888,249,2,0,1,30000,0,206,2022,11,19,11,15,12,6,20,16,32,1,1,1,14,7,0,0,0,0,1,9,1,70,5,4,1,45,25,51,61,41,0,0,0,0,0,0,0,0,0,10,0,4,0,0,0,0,0,4,2,35.67138166666666,139.4306161111111,7,3,0,0,0,0
1,30,888,253,2,0,1,30000,0,206,2022,11,21,5,50,23,6,22,16,31,3,1,2,1,1,9,22,0,0,12,9,30,70,4,3,1,45,1,3,61,31,0,1,0,1,0,11,0,2,0,10,0,3,0,2,0,2,0,4,2,35.675668888888886,139.50576444444445,2,3,9999,0,1,0
1,30,888,254,2,0,1,10500,0,206,2022,11,21,6,53,11,6,22,16,31,3,1,2,1,1,9,22,0,0,15,9,30,70,4,2,1,55,65,3,61,31,0,1,0,1,0,11,0,2,0,10,0,3,0,2,0,2,0,4,2,35.67840555555555,139.47310166666668,2,3,9999,0,9,0
1,30,889,286,2,0,1,30000,0,210,2022,11,19,16,35,21,6,20,16,32,1,1,1,14,7,0,0,0,0,3,9,1,70,5,2,1,45,45,3,61,31,0,1,0,1,0,11,0,3,0,40,0,3,0,2,0,2,0,4,2,35.70130527777778,139.514015,7,3,9999,0,1,0
1,30,889,289,2,0,1,30600,0,210,2022,11,20,18,25,22,6,21,16,32,3,1,2,1,1,9,22,0,0,15,9,30,70,4,2,1,55,1,3,61,31,0,1,0,1,0,11,0,3,0,80,0,4,0,2,0,2,0,4,2,35.70555277777778,139.51400805555556,1,3,9999,0,9,0
1,30,889,294,2,0,1,30000,0,214,2022,9,29,17,37,21,5,34,17,28,1,1,1,14,7,0,0,0,0,3,9,1,70,4,3,1,65,65,51,61,41,0,0,0,0,0,0,0,0,0,10,0,3,0,0,0,0,0,4,2,35.703026388888894,139.4810097222222,5,3,0,0,0,0
1,30,890,282,2,0,1,20000,0,222,2022,10,5,23,42,22,5,39,17,20,3,1,3,1,1,9,22,0,0,15,9,30,70,4,1,1,25,25,3,61,31,0,1,0,1,0,11,0,3,0,10,0,3,0,2,0,2,0,4,2,35.74189111111111,139.51330472222222,4,3,9999,0,1,0
1,30,890,288,2,0,1,20840,0,222,2022,10,5,16,25,13,5,39,17,20,1,1,2,14,7,0,0,0,0,3,9,1,70,4,3,1,25,35,51,61,41,0,0,0,0,0,0,0,0,0,10,0,3,0,0,0,0,0,4,2,35.762990555555554,139.53697833333334,4,3,0,0,0,0