資料区分,都道府県コード,警察署等コード,本票番号,事故内容,死者数,負傷者数,路線コード,地点コード,市区町村コード,発生日時　　年,発生日時　　月,発生日時　　日,発生日時　　時,発生日時　　分,昼夜,日の出時刻　　時,日の出時刻　　分,日の入り時刻　　時,日の入り時刻　　分,天候,地形,路面状態,道路形状,信号機,一時停止規制　標識（当事者A）,一時停止規制　表示（当事者A）,一時停止規制　標識（当事者B）,一時停止規制　表示（当事者B）,車道幅員,道路線形,衝突地点,ゾーン規制,中央分離帯施設等,歩車道区分,事故類型,年齢（当事者A）,年齢（当事者B）,当事者種別（当事者A）,当事者種別（当事者B）,用途別（当事者A）,用途別（当事者B）,車両形状等（当事者A）,車両形状等（当事者B）,オートマチック車（当事者A）,オートマチック車（当事者B）,サポカー（当事者A）,サポカー（当事者B）,速度規制（指定のみ）（当事者A）,速度規制（指定のみ）（当事者B）,車両の衝突部位（当事者A）,車両の衝突部位（当事者B）,車両の損壊程度（当事者A）,車両の損壊程度（当事者B）,エアバッグの装備（当事者A）,エアバッグの装備（当事者B）,サイドエアバッグの装備（当事者A）,サイドエアバッグの装備（当事者B）,人身損傷程度（当事者A）,人身損傷程度（当事者B）,lat,lon,曜日(発生年月日),祝日(発生年月日),認知機能検査経過日数（当事者A）,認知機能検査経過日数（当事者B）,運転練習の方法（当事者A）,運転練習の方法（当事者B）
1,30,890,292,2,0,1,10250,0,229,2022,11,13,16,40,21,6,14,16,36,2,1,1,1,1,9,22,0,0,15,9,30,70,4,2,1,65,1,3,61,31,0,1,0,1,0,11,0,4,0,10,0,3,0,2,0,2,0,4,2,35.73159972222222,139.54774388888887,1,3,9999,0,9,0
1,30,890,298,2,0,1,30000,0,222,2022,11,7,5,40,23,6,8,16,41,1,1,1,1,1,9,22,0,0,15,9,30,70,4,2,1,45,75,3,61,31,0,1,0,1,0,11,0,3,0,10,0,3,0,2,0,2,0,4,2,35.757484444444444,139.52770694444445,2,3,9999,0,9,0
1,30,890,301,2,0,1,30000,0,222,2022,11,14,8,38,12,6,15,16,35,1,1,1,14,7,0,0,0,0,2,8,1,70,5,4,1,45,45,51,61,41,0,0,0,0,0,0,0,0,0,10,0,3,0,0,0,0,0,4,2,35.755697222222224,139.53506444444443,2,3,0,0,0,0
1,30,890,302,2,0,1,10000,0,222,2022,11,21,2,45,22,6,22,16,31,1,1,1,1,1,9,22,0,0,12,9,30,70,5,1,1,65,75,14,61,31,0,11,0,1,0,11,0,3,0,20,0,3,0,2,0,2,0,4,2,35.75758305555556,139.52777166666667,2,3,9999,0,9,0
1,30,891,322,1,1,0,30000,0,213,2022,11,20,3,20,22,6,21,16,32,1,1,1,7,7,0,0,0,0,1,9,1,70,5,3,1,25,25,3,61,31,0,1,0,1,0,11,0,2,0,10,0,3,0,2,0,2,0,4,1,35.774182777777774,139.4861925,1,3,9999,0,5,0
1,30,891,324,2,0,1,30000,0,213,2022,7,26,19,43,21,4,44,18,50,2,1,1,1,7,9,22,0,0,15,9,30,70,5,2,1,35,1,3,61,31,0,1,0,1,0,11,0,3,0,10,0,3,0,2,0,2,0,4,2,35.76057222222222,139.46868972222222,3,3,9999,0,9,0
1,30,891,325,2,0,1,10580,0,213,2022,9,15,1,18,22,5,23,17,49,2,3,1,14,7,0,0,0,0,4,8,1,70,1,2,1,1,35,51,61,41,0,0,0,0,0,0,0,0,0,10,0,3,0,0,0,0,0,4,2,35.775057499999996,139.4764086111111,5,3,0,0,0,0
1,30,891,334,2,0,1,95000,0,213,2022,11,5,18,38,22,6,7,16,42,1,1,1,14,7,0,0,0,0,2,9,1,70,4,3,1,45,1,3,61,31,0,1,0,1,0,11,0,2,0,10,0,3,0,2,0,2,0,4,2,35.7490825,139.46823305555554,7,3,9999,0,5,0
1,30,891,339,2,0,1,30000,0,213,2022,10,19,19,50,22,5,51,17,1,1,1,1,1,1,9,22,0,0,15,9,30,70,4,2,1,45,25,3,61,31,0,1,0,1,0,11,0,3,0,10,0,3,0,2,0,2,0,4,2,35.76083777777778,139.4782813888889,4,3,9999,0,9,0
1,30,891,346,2,0,1,95000,0,213,2022,11,21,18,14,22,6,22,16,31,1,1,1,14,7,0,0,0,0,3,9,1,70,4,2,1,75,65,52,61,41,0,0,0,0,0,0,0,0,0,10,0,3,0,0,0,0,0,4,2,35.76090111111111,139.47309194444443,2,3,0,0,0,0
1,30,891,347,2,0,1,95000,0,213,2022,11,23,22,0,22,6,24,16,30,2,3,2,1,7,1,21,0,0,11,9,20,70,4,2,1,1,45,4,61,31,0,1,0,1,0,11,0,10,0,10,0,3,0,2,0,2,0,4,2,35.76148861111111,139.48420138888886,4,1,9999,0,1,0
1,30,891,356,2,0,1,30000,0,213,2022,10,31,19,0,22,6,2,16,47,1,1,1,1,7,9,22,0,0,16,9,30,70,4,2,1,1,1,3,61,31,0,1,0,1,0,11,0,1,0,10,0,3,0,2,0,2,0,4,2,35.75095611111111,139.4695975,2,3,9999,0,1,0
1,30,892,303,2,0,1,30000,0,203,2022,11,2,14,45,12,6,4,16,45,1,1,1,14,7,0,0,0,0,3,9,1,70,5,1,1,1,0,61,0,0,0,0,0,0,0,0,0,0,0,0,0,0,0,0,0,0,0,2,0,35.69803972222222,139.54322222222223,4,2,0,0,0,0
1,30,892,308,2,0,1,30000,0,203,2022,10,8,10,50,12,5,41,17,15,1,1,1,14,7,0,0,0,0,1,9,1,70,5,4,1,65,45,3,61,31,0,1,0,1,0,11,0,2,0,40,0,3,0,2,0,2,0,4,2,35.70451805555556,139.5769875,7,3,9999,0,9,0
1,30,892,310,2,0,1,30000,0,203,2022,10,7,22,20,22,5,40,17,17,3,1,2,1,7,0,0,0,0,12,9,30,70,5,3,1,35,0,61,0,0,0,0,0,0,0,0,0,0,0,0,0,0,0,0,0,0,0,2,0,35.70928111111112,139.5793786111111,6,3,0,0,0,0
1,30,892,311,2,0,1,30000,0,203,2022,10,22,0,57,22,5,53,16,57,1,1,1,1,7,9,22,0,0,11,9,30,70,5,3,1,65,35,3,61,31,0,1,0,1,0,11,0,2,0,20,0,3,0,2,0,2,0,4,2,35.70393694444445,139.58290805555555,7,3,9999,0,9,0
1,30,892,320,2,0,1,30000,0,203,2022,11,14,17,55,22,6,15,16,35,1,1,1,14,7,0,0,0,0,2,9,1,70,5,2,1,65,55,3,61,1,0,1,0,1,0,11,0,5,0,40,0,3,0,2,0,2,0,4,2,35.70336666666667,139.55988472222222,2,3,9999,0,9,0
1,30,892,328,2,0,1,30000,0,203,2022,11,18,18,35,22,6,19,16,33,1,1,1,1,7,1,21,0,0,15,9,30,70,5,3,1,45,75,3,61,31,0,1,0,1,0,11,0,2,0,10,0,4,0,2,0,2,0,4,2,35.71113166666667,139.55146305555556,6,3,9999,0,1,0
1,30,892,337,2,0,2,20230,0,203,2022,11,23,16,50,21,6,24,16,30,3,1,2,1,1,9,22,0,0,15,9,30,70,4,1,1,45,45,3,61,31,0,1,0,1,0,11,0,3,0,10,0,3,0,2,0,2,0,4,2,35.713594722222226,139.58247805555555,4,1,9999,0,9,0
1,30,892,343,2,0,1,30000,0,203,2022,11,26,10,45,12,6,27,16,29,2,1,2,14,7,0,0,0,0,2,9,1,70,5,4,1,55,45,3,61,31,0,1,0,1,0,11,0,10,0,40,0,4,0,2,0,2,0,4,2,35.70907916666667,139.5882588888889,7,3,9999,0,9,0
1,30,893,287,2,0,1,30000,0,204,2022,11,8,21,15,22,6,9,16,40,1,1,1,14,7,0,0,0,0,3,8,1,70,5,4,1,25,35,51,61,41,0,0,0,0,0,0,0,0,0,10,0,3,0,0,0,0,0,4,2,35.661651666666664,139.57754555555556,3,3,0,0,0,0
1,30,893,308,2,0,1,20910,0,204,2022,11,30,0,20,22,6,31,16,28,3,1,2,1,1,9,22,0,0,15,9,30,70,4,1,1,45,45,12,61,1,0,11,0,1,0,11,0,3,0,10,0,3,0,2,0,2,0,4,2,35.695187499999996,139.53788055555555,4,3,9999,0,9,0
1,30,894,498,2,0,1,30000,0,208,2022,11,1,22,35,22,6,3,16,46,2,1,1,1,7,1,21,0,0,11,9,30,70,5,2,1,45,55,3,61,31,0,1,0,1,0,11,0,5,0,10,0,4,0,2,0,1,0,4,2,35.66370111111111,139.56833833333332,3,3,9999,0,9,0
1,30,894,505,2,0,2,21230,0,219,2022,11,7,9,0,12,6,8,16,41,1,1,1,1,1,9,22,0,0,19,9,30,70,4,1,1,75,1,3,61,31,0,1,0,1,0,11,0,3,0,10,0,3,0,2,0,2,0,4,2,35.6274275,139.57164333333333,2,3,871,0,9,0
1,30,894,507,2,0,1,10610,0,208,2022,11,10,12,30,12,6,11,16,38,1,1,1,1,1,9,22,0,0,16,9,30,70,1,2,1,45,1,3,61,1,0,1,0,1,0,11,0,5,0,0,0,4,0,2,0,2,0,4,2,35.644754166666665,139.52673083333335,5,3,9999,0,9,0
1,30,894,509,2,0,1,21230,0,208,2022,11,10,17,40,22,6,11,16,38,1,1,1,14,7,0,0,0,0,3,9,1,70,4,2,1,45,75,51,61,41,0,0,0,0,0,0,0,0,0,40,0,3,0,0,0,0,0,4,2,35.6516775,139.58336833333334,5,3,0,0,0,0
1,30,894,526,2,0,1,10750,0,208,2022,11,23,19,20,22,6,24,16,30,3,1,2,1,1,9,22,0,0,19,9,30,70,4,1,1,65,55,3,61,31,0,1,0,1,0,11,0,5,0,11,0,3,0,2,0,2,0,4,2,35.68113777777778,139.55767916666667,4,1,9999,0,1,0
1,30,894,542,2,0,1,30000,0,208,2022,10,3,14,50,12,5,37,17,22,1,1,1,14,7,0,0,0,0,2,9,1,70,5,4,1,1,0,61,0,0,0,0,0,0,0,0,0,0,0,0,0,0,0,0,0,0,0,2,0,35.64944611111111,139.5423888888889,2,3,0,0,0,0
1,30,895,169,2,0,1,30000,0,211,2022,11,11,8,42,12,6,12,16,37,1,1,1,14,7,0,0,0,0,2,9,1,70,5,3,1,35,55,3,61,31,0,1,0,1,0,11,0,2,0,40,0,3,0,2,0,2,0,4,2,35.71563694444445,139.47489833333333,6,3,9999,0,1,0
1,30,895,171,2,0,1,30000,0,211,2022,11,16,13,45,12,6,17,16,34,1,1,1,14,7,0,0,0,0,1,9,1,70,5,3,1,35,1,4,61,31,0,1,0,1,0,11,0,1,0,80,0,3,0,2,0,2,0,4,2,35.72700444444445,139.50855361111113,4,3,9999,0,1,0
1,30,895,174,2,0,1,30000,0,211,2022,11,19,16,30,13,6,20,16,32,1,1,1,1,7,1,21,0,0,11,9,30,70,5,3,1,35,75,3,61,31,0,1,0,1,0,11,0,2,0,10,0,3,0,2,0,2,0,4,2,35.725429444444444,139.5038425,7,3,9999,0,1,0
1,30,895,175,2,0,1,10240,0,211,2022,11,21,6,43,11,6,22,16,31,2,1,2,1,1,9,22,0,0,14,9,30,70,4,1,1,55,35,3,61,31,0,1,0,1,0,11,0,3,0,10,0,3,0,2,0,2,0,4,2,35.730265555555555,139.4726836111111,2,3,9999,0,1,0
1,30,100,172,2,0,1,30000,0,101,2022,11,30,18,0,22,6,31,16,28,2,1,1,14,7,0,0,0,0,1,9,1,1,5,3,1,55,55,3,61,31,0,1,0,1,0,11,0,2,0,30,0,3,0,2,0,2,0,4,2,35.69040527777778,139.73505777777777,4,3,9999,0,1,0
1,30,100,173,2,0,1,200,53,101,2022,12,1,7,56,12,6,32,16,28,2,1,1,1,8,0,0,0,0,17,9,30,70,1,2,1,1,0,61,0,0,0,0,0,0,0,0,0,0,0,0,0,0,0,0,0,0,0,2,0,35.68473694444444,139.73318444444445,5,3,0,0,0,0
1,30,100,175,2,0,1,2460,0,101,2022,12,5,15,45,13,6,35,16,28,3,1,2,14,7,0,0,0,0,4,9,1,70,4,2,1,65,25,51,61,41,0,0,0,0,0,0,0,0,0,10,0,4,0,0,0,0,0,4,2,35.670766944444445,139.7450825,2,3,0,0,0,0
1,30,100,179,2,0,1,10010,0,101,2022,11,28,17,30,22,6,29,16,28,1,1,1,1,1,9,22,0,0,17,9,30,70,5,2,1,55,1,3,61,31,0,1,0,1,0,11,0,3,0,10,0,4,0,2,0,2,0,4,2,35.69659111111111,139.75084611111112,2,3,9999,0,9,0
1,30,101,143,2,0,1,10110,0,101,2022,12,13,18,15,22,6,42,16,28,2,1,1,14,7,0,0,0,0,6,9,1,70,1,2,1,45,45,51,61,41,0,0,0,0,0,0,0,0,0,10,0,3,0,0,0,0,0,4,2,35.68104916666667,139.7584461111111,3,3,0,0,0,0
1,30,101,145,2,0,1,30000,0,101,2022,12,13,16,0,13,6,42,16,28,2,1,1,14,7,0,0,0,0,3,9,1,70,5,2,1,55,75,3,61,31,0,1,0,1,0,11,0,10,0,10,0,3,0,2,0,2,0,4,2,35.675110555555555,139.76399194444446,3,3,9999,0,9,0
1,30,101,146,2,0,1,30000,0,101,2022,12,18,11,35,12,6,45,16,30,1,1,1,14,7,0,0,0,0,2,9,1,70,5,2,1,45,1,3,61,31,0,1,0,1,0,11,0,1,0,10,0,3,0,2,0,2,0,4,2,35.67252194444444,139.76020027777778,1,3,9999,0,1,0
1,30,102,113,2,0,1,30000,0,101,2022,12,1,17,15,21,6,32,16,28,2,1,1,1,7,9,22,0,0,14,9,30,1,5,1,1,65,1,14,61,31,0,11,0,1,0,11,0,3,0,30,0,4,0,2,0,2,0,4,2,35.69701,139.7548727777778,5,3,9999,0,9,0
1,30,102,115,2,0,1,10100,0,101,2022,12,6,18,55,22,6,36,16,28,2,1,1,1,1,9,22,0,0,14,9,30,70,4,1,1,1,45,51,61,41,0,0,0,0,0,0,0,0,0,10,0,3,0,0,0,0,0,4,2,35.69387833333333,139.7584875,3,3,0,0,0,0
1,30,103,132,2,0,1,30000,0,101,2022,12,2,20,30,22,6,33,16,28,1,1,1,14,7,0,0,0,0,3,9,1,1,5,3,1,45,25,3,61,31,0,1,0,1,0,11,0,2,0,20,0,4,0,2,0,2,0,4,2,35.69157944444444,139.77002055555556,6,3,9999,0,1,0
1,30,103,135,2,0,1,10050,0,101,2022,12,17,22,27,22,6,44,16,30,3,1,2,1,1,9,22,0,0,18,9,30,70,1,2,1,35,25,3,61,31,0,1,0,1,0,11,0,1,0,20,0,3,0,2,0,2,0,4,2,35.69537222222222,139.77978416666667,7,3,9999,0,1,0
1,30,103,137,2,0,1,20000,0,101,2022,12,28,12,0,12,6,49,16,35,1,1,1,1,1,9,22,0,0,19,9,30,70,4,1,1,25,75,14,61,31,0,11,0,1,0,11,0,3,0,10,0,3,0,2,0,2,0,4,2,35.69889222222222,139.76895805555557,4,3,9999,0,5,0
1,30,104,257,2,0,1,30000,0,102,2022,12,9,17,15,21,6,39,16,28,1,1,1,14,7,0,0,0,0,2,9,1,70,5,4,1,65,0,61,0,0,0,0,0,0,0,0,0,0,0,0,0,0,0,0,0,0,0,2,0,35.67646694444444,139.7713538888889,6,3,0,0,0,0
1,30,104,258,2,0,1,30000,0,102,2022,12,13,12,40,12,6,42,16,28,3,1,2,14,7,0,0,0,0,3,9,1,70,5,3,1,35,65,59,61,0,0,0,0,0,0,0,0,0,0,10,0,3,0,0,0,0,0,4,2,35.686230555555554,139.77862583333334,3,3,0,0,0,0
1,30,104,263,2,0,1,30000,0,102,2022,12,13,9,5,12,6,42,16,28,3,1,2,14,7,0,0,0,0,3,9,1,70,5,4,1,55,25,13,61,31,0,11,0,1,0,11,0,2,0,10,0,3,0,2,0,2,0,4,2,35.67577027777777,139.78519444444444,3,3,9999,0,9,0
1,30,104,272,2,0,1,95000,0,102,2022,12,26,15,42,13,6,49,16,34,1,1,1,0,7,0,0,0,0,0,0,20,70,0,4,1,45,55,3,61,31,0,1,0,1,0,11,0,10,0,10,0,4,0,2,0,2,0,4,2,35.681173611111106,139.7741875,2,3,9999,0,1,0
1,30,104,273,2,0,1,20090,0,102,2022,12,27,16,0,13,6,49,16,35,1,1,1,14,7,0,0,0,0,5,9,1,70,7,1,1,65,35,3,61,1,0,1,0,1,0,11,0,5,0,40,0,4,0,2,0,2,0,4,2,35.68134388888889,139.76943083333336,3,3,9999,0,9,0
1,30,104,274,2,0,1,10030,0,102,2022,12,15,10,0,12,6,43,16,29,1,1,1,14,7,0,0,0,0,4,9,1,70,1,2,1,65,1,3,61,1,0,1,0,1,0,11,0,5,0,40,0,4,0,2,0,2,0,4,2,35.68606138888889,139.7766213888889,5,3,9999,0,9,0
1,30,104,276,2,0,1,20020,0,102,2022,12,30,23,30,22,6,50,16,37,1,1,1,14,1,0,0,0,0,5,9,1,70,1,1,1,35,55,3,61,1,0,1,0,1,0,11,0,4,0,10,0,3,0,2,0,2,0,4,2,35.67451555555555,139.77691194444446,6,3,9999,0,1,0
1,30,105,92,2,0,1,30080,0,102,2022,11,27,20,37,22,6,28,16,29,1,1,1,14,7,0,0,0,0,5,9,1,70,4,2,1,1,1,51,61,41,0,0,0,0,0,0,0,0,0,12,0,4,0,0,0,0,0,4,2,35.68420055555555,139.78434333333334,1,3,0,0,0,0
1,30,105,94,2,0,1,30000,0,102,2022,12,15,19,35,22,6,43,16,29,1,1,1,7,7,0,0,0,0,3,9,1,70,4,2,1,55,45,3,61,1,0,1,0,1,0,11,0,2,0,10,0,3,0,2,0,2,0,4,2,35.68244416666666,139.7873911111111,5,3,9999,0,9,0
1,30,105,98,2,0,1,140,20,102,2022,12,18,4,7,22,6,45,16,30,2,1,1,14,7,0,0,0,0,1,9,1,70,1,1,1,65,45,3,61,1,0,1,0,1,0,11,0,4,0,10,0,3,0,2,0,2,0,4,2,35.694606111111106,139.78702944444444,1,3,9999,0,9,0
1,30,105,101,2,0,1,140,20,102,2022,12,26,18,0,22,6,49,16,34,2,1,1,1,1,9,22,0,0,19,9,30,70,4,2,1,45,35,51,61,41,0,0,0,0,0,0,0,0,0,10,0,4,0,0,0,0,0,4,2,35.69485833333333,139.78558166666667,2,3,0,0,0,0
1,30,106,180,2,0,1,30000,0,102,2022,12,4,20,5,22,6,34,16,28,1,1,1,1,1,9,22,0,0,12,9,30,70,5,2,1,55,45,3,61,1,0,1,0,1,0,11,0,2,0,51,0,3,0,2,0,2,0,4,2,35.67084944444444,139.7731988888889,1,3,9999,0,9,0
1,30,106,181,2,0,1,20090,0,102,2022,10,10,11,30,12,5,43,17,13,2,1,1,7,1,0,0,0,0,5,3,1,70,4,1,1,25,45,59,61,0,0,0,0,0,0,0,0,0,0,0,0,4,0,0,0,0,0,4,2,35.67335166666666,139.76418305555555,2,1,0,0,0,0
1,30,106,182,2,0,1,30000,0,102,2022,12,5,16,31,21,6,35,16,28,3,1,2,1,7,9,22,0,0,15,9,30,70,5,2,1,55,35,3,61,31,0,1,0,1,0,11,0,2,0,10,0,4,0,2,0,2,0,4,2,35.669420833333334,139.76094277777779,2,3,9999,0,9,0
1,30,106,183,2,0,2,10060,0,102,2022,11,26,18,50,22,6,27,16,29,1,1,1,1,1,9,22,0,0,16,9,30,70,1,1,1,45,45,35,61,31,0,0,0,0,0,11,0,3,0,10,0,3,0,0,0,0,0,2,2,35.66448305555556,139.77247194444445,7,3,9999,0,1,0
1,30,106,184,2,0,1,30000,0,102,2022,12,23,15,0,12,6,48,16,32,1,1,1,1,7,9,22,0,0,15,9,30,70,5,2,1,75,45,14,61,31,0,11,0,1,0,11,0,2,0,10,0,3,0,2,0,2,0,4,2,35.67019305555555,139.76202361111112,6,3,932,0,9,0
1,30,106,185,2,0,1,30000,0,102,2022,12,26,13,14,12,6,49,16,34,1,1,1,1,1,1,21,0,0,12,9,30,70,5,2,1,45,65,3,61,31,0,1,0,1,0,11,0,10,0,20,0,3,0,2,0,2,0,4,2,35.66941194444444,139.77214805555556,2,3,9999,0,9,0
1,30,106,186,2,0,1,10060,0,102,2022,12,27,9,10,12,6,49,16,35,1,1,1,1,1,9,22,0,0,16,9,30,70,1,2,1,65,25,17,61,31,0,11,0,1,0,11,0,10,0,40,0,4,0,2,0,2,0,4,2,35.665593888888885,139.76945750000002,3,3,9999,0,9,0
1,30,106,189,2,0,1,10020,0,102,2022,12,27,17,28,21,6,49,16,35,1,1,1,1,1,9,22,0,0,15,9,30,70,1,2,1,45,1,3,61,1,0,1,0,1,0,11,0,10,0,80,0,4,0,2,0,2,0,4,2,35.667495833333334,139.76974805555557,3,3,9999,0,9,0
1,30,106,192,2,0,1,30000,0,102,2022,12,13,10,4,12,6,42,16,28,2,1,1,1,7,9,22,0,0,15,9,30,70,4,1,1,55,35,3,61,31,0,1,0,1,0,11,0,3,0,20,0,4,0,2,0,2,0,4,2,35.67410333333333,139.76998194444445,3,3,9999,0,9,0
1,30,106,193,2,0,1,30000,0,102,2022,12,29,11,59,12,6,50,16,36,1,1,1,1,1,9,22,0,0,15,9,30,70,4,2,1,45,25,3,61,31,0,1,0,1,0,11,0,2,0,50,0,3,0,2,0,2,0,4,4,35.66691083333333,139.77609611111112,5,3,9999,0,9,0
1,30,106,194,2,0,1,30000,0,102,2022,12,17,11,10,12,6,44,16,30,2,1,1,14,7,0,0,0,0,2,9,1,70,5,4,1,35,1,24,61,0,0,0,0,0,0,11,0,5,0,10,0,3,0,0,0,0,0,4,2,35.66549638888889,139.77068555555556,7,3,9999,0,1,0
1,30,107,134,2,0,1,20680,0,102,2022,12,3,5,35,23,6,34,16,28,1,1,1,7,1,0,0,0,0,3,7,1,70,1,2,1,45,25,17,61,31,0,11,0,1,0,11,0,4,0,10,0,3,0,2,0,2,0,4,2,35.66345638888889,139.7834572222222,7,3,9999,0,9,0
1,30,107,142,2,0,1,20000,0,102,2022,12,23,7,45,11,6,48,16,32,1,1,1,14,7,0,0,0,0,1,9,1,70,5,2,1,1,45,51,61,41,0,0,0,0,0,0,0,0,0,10,0,3,0,0,0,0,0,4,2,35.65584305555556,139.77411583333335,6,3,0,0,0,0
1,30,107,143,2,0,1,20680,0,102,2022,11,7,19,30,22,6,8,16,41,1,1,1,14,7,0,0,0,0,6,9,1,70,1,2,1,1,0,61,0,0,0,0,0,0,0,0,0,0,0,0,0,0,0,0,0,0,0,2,0,35.65873166666667,139.77658555555556,2,3,0,0,0,0
1,30,107,144,2,0,1,20680,0,102,2022,8,10,8,18,12,4,56,18,37,1,1,1,14,7,0,0,0,0,5,9,1,70,1,2,1,1,0,61,0,0,0,0,0,0,0,0,0,0,0,0,0,0,0,0,0,0,0,2,0,35.65574111111111,139.77216583333336,4,2,0,0,0,0
1,30,107,145,2,0,1,20680,0,102,2022,12,21,11,0,12,6,47,16,31,2,1,1,1,1,9,22,0,0,16,9,30,70,1,2,1,35,55,51,61,41,0,0,0,0,0,0,0,0,0,20,0,3,0,0,0,0,0,4,2,35.66558805555555,139.78614833333333,4,3,0,0,0,0
1,30,108,214,2,0,1,30000,0,103,2022,11,7,23,11,22,6,8,16,41,1,1,1,14,7,0,0,0,0,1,8,1,1,4,2,1,75,25,3,61,1,0,1,0,1,0,11,0,3,0,10,0,4,0,2,0,2,0,4,2,35.664520555555555,139.74432499999998,2,3,273,0,9,0
1,30,108,235,2,0,1,20030,0,103,2022,12,25,22,40,22,6,48,16,34,1,1,1,1,1,9,22,0,0,16,9,30,70,1,2,1,65,35,3,61,1,0,1,0,1,0,11,0,4,0,10,0,2,0,2,0,2,0,4,2,35.66522583333333,139.75340444444444,1,3,9999,0,9,0
1,30,109,155,2,0,1,30000,0,103,2022,12,19,10,0,12,6,45,16,31,1,1,1,1,7,1,21,0,0,11,9,30,70,4,2,1,45,45,13,61,31,0,11,0,1,0,11,0,5,0,10,0,3,0,2,0,2,0,4,2,35.65012222222222,139.74817388888889,2,3,9999,0,9,0
1,30,110,142,2,0,1,30000,0,103,2022,10,11,12,30,12,5,44,17,11,1,1,1,14,7,0,0,0,0,2,9,1,70,5,3,1,55,1,3,61,1,0,1,0,1,0,11,0,10,0,40,0,3,0,2,0,2,0,4,2,35.63448138888889,139.73035805555557,3,3,9999,0,9,0
1,30,111,283,2,0,1,30000,0,103,2022,11,26,11,42,12,6,27,16,29,2,1,1,14,7,0,0,0,0,1,8,1,70,5,3,1,25,25,51,61,41,0,0,0,0,0,0,0,0,0,10,0,3,0,0,0,0,0,4,2,35.651936666666664,139.7239377777778,7,3,0,0,0,0
1,30,111,287,2,0,1,20170,0,103,2022,12,8,17,45,22,6,38,16,28,1,1,1,1,7,9,22,0,0,12,9,30,70,5,2,1,65,45,3,61,1,0,1,0,1,0,11,0,5,0,10,0,3,0,2,0,2,0,4,2,35.660065277777775,139.72422666666668,5,3,9999,0,9,0
1,30,111,288,2,0,1,30000,0,103,2022,12,9,11,20,12,6,39,16,28,1,1,1,14,7,0,0,0,0,2,9,1,70,4,2,1,45,1,3,61,1,0,1,0,1,0,11,0,4,0,10,0,3,0,2,0,2,0,4,2,35.654087499999996,139.72649611111112,6,3,9999,0,1,0
1,30,111,293,2,0,1,20120,0,103,2022,12,17,23,30,22,6,44,16,30,3,1,2,1,1,9,22,0,0,17,9,30,70,4,2,1,55,55,3,61,31,0,1,0,1,0,11,0,4,0,10,0,4,0,2,0,2,0,4,2,35.65290916666667,139.72205583333334,7,3,9999,0,9,0
1,30,111,298,2,0,1,30000,0,103,2022,12,23,16,0,13,6,48,16,32,1,1,1,14,7,0,0,0,0,3,9,1,70,5,3,1,45,75,59,61,0,0,0,0,0,0,0,0,0,0,10,0,4,0,0,0,0,0,4,2,35.65066111111111,139.72348888888888,6,3,0,0,0,0
1,30,111,304,2,0,1,10120,0,103,2022,12,28,23,39,22,6,49,16,35,1,1,1,14,7,0,0,0,0,5,9,1,70,4,1,1,55,25,3,61,1,0,1,0,1,0,11,0,4,0,20,0,3,0,2,0,2,0,4,2,35.66374777777778,139.73173888888888,4,3,9999,0,9,0
1,30,111,305,2,0,1,30000,0,103,2022,11,20,5,59,23,6,21,16,32,2,1,1,1,7,9,22,0,0,12,9,30,70,5,4,1,45,1,3,61,1,0,1,0,1,0,11,0,10,0,40,0,4,0,2,0,2,0,4,2,35.662615555555554,139.73500472222221,1,3,9999,0,1,0
1,30,112,225,2,0,1,99000,0,103,2022,11,27,15,30,13,6,28,16,29,1,1,1,0,7,0,0,0,0,0,0,20,70,0,4,1,45,35,51,61,41,0,0,0,0,0,0,0,0,0,10,0,4,0,0,0,0,0,4,2,35.66744472222222,139.713155,1,3,0,0,0,0
1,30,112,231,2,0,1,30000,0,103,2022,12,3,14,10,12,6,34,16,28,1,1,1,14,7,0,0,0,0,1,9,1,70,5,3,1,35,25,13,61,31,0,11,0,1,0,11,0,10,0,20,0,4,0,2,0,2,0,4,2,35.67270444444444,139.72839222222223,7,3,9999,0,1,0
1,30,112,235,2,0,1,20170,0,103,2022,12,6,18,35,22,6,36,16,28,1,1,1,1,7,9,22,0,0,14,9,30,70,4,2,1,55,1,3,61,1,0,1,0,1,0,11,0,5,0,10,0,3,0,2,0,2,0,4,2,35.67115916666666,139.74142333333333,3,3,9999,0,9,0
1,30,112,239,2,0,1,30000,0,103,2022,12,12,12,0,12,6,41,16,28,1,1,1,14,7,0,0,0,0,3,9,1,70,4,2,1,35,45,51,61,41,0,0,0,0,0,0,0,0,0,10,0,3,0,0,0,0,0,4,2,35.66980361111111,139.74466027777777,2,3,0,0,0,0
1,30,112,241,2,0,1,95000,0,103,2022,12,16,20,45,22,6,44,16,29,1,1,1,1,1,9,22,0,0,14,3,30,70,5,2,1,65,75,3,61,31,0,1,0,1,0,11,0,10,0,10,0,4,0,2,0,2,0,4,2,35.666937499999996,139.74292999999997,6,3,9999,0,9,0
1,30,112,242,2,0,1,30000,0,103,2022,12,19,9,40,12,6,45,16,31,1,1,1,14,7,0,0,0,0,1,9,1,70,5,3,1,55,25,3,61,31,0,1,0,1,0,11,0,5,0,88,0,4,0,2,0,2,0,4,2,35.66266777777778,139.71194805555555,2,3,9999,0,9,0