資料区分,都道府県コード,警察署等コード,本票番号,事故内容,死者数,負傷者数,路線コード,地点コード,市区町村コード,発生日時　　年,発生日時　　月,発生日時　　日,発生日時　　時,発生日時　　分,昼夜,日の出時刻　　時,日の出時刻　　分,日の入り時刻　　時,日の入り時刻　　分,天候,地形,路面状態,道路形状,信号機,一時停止規制　標識（当事者A）,一時停止規制　表示（当事者A）,一時停止規制　標識（当事者B）,一時停止規制　表示（当事者B）,車道幅員,道路線形,衝突地点,ゾーン規制,中央分離帯施設等,歩車道区分,事故類型,年齢（当事者A）,年齢（当事者B）,当事者種別（当事者A）,当事者種別（当事者B）,用途別（当事者A）,用途別（当事者B）,車両形状等（当事者A）,車両形状等（当事者B）,オートマチック車（当事者A）,オートマチック車（当事者B）,サポカー（当事者A）,サポカー（当事者B）,速度規制（指定のみ）（当事者A）,速度規制（指定のみ）（当事者B）,車両の衝突部位（当事者A）,車両の衝突部位（当事者B）,車両の損壊程度（当事者A）,車両の損壊程度（当事者B）,エアバッグの装備（当事者A）,エアバッグの装備（当事者B）,サイドエアバッグの装備（当事者A）,サイドエアバッグの装備（当事者B）,人身損傷程度（当事者A）,人身損傷程度（当事者B）,lat,lon,曜日(発生年月日),祝日(発生年月日),認知機能検査経過日数（当事者A）,認知機能検査経過日数（当事者B）,運転練習の方法（当事者A）,運転練習の方法（当事者B）
1,30,112,244,2,0,1,30000,0,103,2022,12,19,18,58,22,6,45,16,31,1,1,1,1,1,9,22,0,0,16,9,30,70,4,1,1,25,45,3,61,31,0,1,0,1,0,11,0,3,0,33,0,3,0,2,0,2,0,4,2,35.660554999999995,139.71564944444444,2,3,9999,0,1,0
1,30,113,338,1,1,0,85010,0,111,2022,12,28,13,35,12,6,49,16,35,1,1,1,1,1,9,22,0,0,16,9,30,70,1,2,1,35,75,11,61,1,0,11,0,1,0,11,0,10,0,50,0,3,0,2,0,2,0,4,1,35.589205,139.7721827777778,4,3,9999,0,5,0
1,30,113,343,2,0,1,30000,0,108,2022,12,6,17,0,21,6,36,16,28,2,1,1,14,7,0,0,0,0,2,9,1,70,5,2,1,65,35,3,61,1,0,1,0,1,0,11,0,3,0,40,0,3,0,2,0,2,0,4,2,35.631370833333335,139.78915083333334,3,3,9999,0,9,0
1,30,113,345,2,0,1,30000,0,108,2022,12,8,15,40,13,6,38,16,28,1,1,1,14,7,0,0,0,0,3,9,1,70,4,1,1,55,1,2,61,31,0,1,0,1,0,11,0,1,0,10,0,3,0,2,0,2,0,4,2,35.64810055555556,139.80436277777778,5,3,9999,0,9,0
1,30,113,352,2,0,1,3570,375,111,2022,12,18,20,15,22,6,45,16,30,1,1,1,1,1,9,22,0,0,19,9,30,70,1,1,1,45,55,4,61,31,0,1,0,1,0,11,0,5,0,40,0,3,0,2,0,2,0,4,2,35.584831388888894,139.75484972222222,1,3,9999,0,1,0
1,30,113,354,2,0,1,85000,0,103,2022,12,19,19,45,22,6,45,16,31,1,1,1,1,1,9,22,0,0,15,9,30,70,4,2,1,45,45,11,61,1,0,11,0,2,0,11,0,5,0,50,0,3,0,2,0,2,0,4,2,35.62923972222222,139.757595,2,3,9999,0,5,0
1,30,113,358,2,0,1,95000,0,111,2022,12,26,12,55,12,6,49,16,34,1,1,1,0,7,0,0,0,0,0,0,20,70,0,4,1,35,55,3,61,31,0,1,0,1,0,11,0,10,0,30,0,3,0,2,0,2,0,4,2,35.58092444444445,139.77479333333335,2,3,9999,0,5,0
1,30,215,147,2,0,1,30000,0,109,2022,12,9,13,25,12,6,39,16,28,1,1,1,14,7,0,0,0,0,2,9,1,70,5,3,1,55,1,3,61,1,0,1,0,1,0,11,0,10,0,80,0,3,0,2,0,2,0,4,2,35.61232388888889,139.73809999999997,6,3,9999,0,9,0
1,30,216,200,2,0,1,30000,0,109,2022,12,6,16,45,21,6,36,16,28,2,1,1,1,1,9,22,0,0,17,9,30,70,5,1,1,55,1,3,61,1,0,1,0,1,0,11,0,3,0,20,0,4,0,2,0,2,0,4,2,35.60643638888889,139.7340072222222,3,3,9999,0,9,0
1,30,216,202,2,0,1,30910,0,109,2022,11,18,15,23,12,6,19,16,33,1,1,1,7,7,0,0,0,0,1,9,1,70,1,1,1,35,0,61,0,0,0,0,0,0,0,0,0,0,0,0,0,0,0,0,0,0,0,2,0,35.596041944444444,139.74466166666664,6,3,0,0,0,0
1,30,216,214,2,0,1,30000,0,109,2022,12,22,17,35,22,6,47,16,32,1,1,1,14,7,0,0,0,0,3,9,1,70,5,2,1,25,45,14,61,1,0,11,0,1,0,11,0,1,0,10,0,3,0,2,0,2,0,4,2,35.60664833333333,139.73317472222223,5,3,9999,0,1,0
1,30,217,198,2,0,1,30000,0,109,2022,12,6,20,45,22,6,36,16,28,1,1,1,1,1,0,0,0,0,13,9,30,70,5,2,1,75,0,61,0,0,0,0,0,0,0,0,0,0,0,0,0,0,0,0,0,0,0,2,0,35.62692027777778,139.7259486111111,3,3,0,0,0,0
1,30,217,200,2,0,1,30000,0,109,2022,12,10,11,30,12,6,39,16,28,1,1,1,1,7,9,22,0,0,14,9,30,70,5,3,1,75,1,3,61,31,0,1,0,1,0,11,0,1,0,10,0,3,0,2,0,2,0,4,2,35.63407111111111,139.72110833333335,7,3,297,0,9,0
1,30,217,205,2,0,1,30000,0,109,2022,12,15,7,45,12,6,43,16,29,1,1,1,1,7,9,22,0,0,11,9,30,70,5,2,1,45,75,13,61,31,0,11,0,1,0,11,0,2,0,20,0,3,0,2,0,2,0,4,2,35.62421444444445,139.71270583333333,5,3,9999,0,1,0
1,30,218,279,2,0,1,30000,0,109,2022,7,31,14,50,12,4,48,18,46,1,1,1,14,7,0,0,0,0,3,9,1,70,5,3,1,45,55,3,61,31,0,1,0,1,0,11,0,2,0,30,0,3,0,2,0,2,0,4,2,35.61617138888889,139.7120797222222,1,3,9999,0,9,0
1,30,218,280,2,0,1,30000,0,109,2022,10,2,10,47,12,5,36,17,24,1,1,1,14,7,0,0,0,0,3,9,1,70,4,3,1,45,75,3,61,31,0,1,0,1,0,11,0,2,0,10,0,3,0,2,0,2,0,4,2,35.615139444444445,139.71748833333334,1,3,9999,0,1,0
1,30,218,287,2,0,1,30000,0,109,2022,11,14,15,30,12,6,15,16,35,1,1,1,1,7,1,21,0,0,14,9,30,70,5,1,1,75,1,11,61,31,0,11,0,1,0,11,0,3,0,10,0,3,0,2,0,2,0,4,2,35.61876388888889,139.71765527777777,2,3,57,0,9,0
1,30,218,289,2,0,1,30000,0,109,2022,11,8,11,34,12,6,9,16,40,1,1,1,14,7,0,0,0,0,3,9,1,70,5,2,1,75,1,3,61,31,0,1,0,1,0,11,0,5,0,33,0,3,0,2,0,2,0,4,2,35.619948055555554,139.70410833333332,3,3,616,0,9,0
1,30,218,291,2,0,1,30000,0,109,2022,11,24,11,5,12,6,25,16,30,1,1,1,14,7,0,0,0,0,2,9,1,1,5,3,1,65,25,4,61,31,0,1,0,1,0,11,0,2,0,42,0,3,0,2,0,2,0,4,2,35.61519055555556,139.71713722222222,5,3,9999,0,9,0
1,30,218,298,2,0,1,30130,0,109,2022,11,29,16,59,21,6,30,16,28,3,1,2,14,7,0,0,0,0,3,9,20,70,5,3,1,35,75,51,61,41,0,0,0,0,0,0,0,0,0,10,0,4,0,0,0,0,0,4,2,35.604484444444445,139.7019475,3,3,0,0,0,0
1,30,219,407,2,0,1,1310,0,111,2022,12,7,21,0,22,6,37,16,28,1,1,1,1,1,9,22,0,0,16,9,30,70,4,2,1,65,45,13,61,31,0,11,0,1,0,11,0,4,0,10,0,3,0,2,0,2,0,4,2,35.56845138888889,139.7356472222222,4,3,9999,0,9,0
1,30,219,408,2,0,1,150,131,111,2022,12,9,14,50,12,6,39,16,28,1,1,1,1,1,9,22,0,0,14,9,30,70,1,1,1,1,35,3,61,31,0,1,0,1,0,11,0,5,0,20,0,3,0,2,0,2,0,4,2,35.578290833333334,139.7351733333333,6,3,9999,0,1,0
1,30,219,414,2,0,1,30710,0,111,2022,12,16,14,25,12,6,44,16,29,1,1,1,14,7,0,0,0,0,2,9,1,70,5,4,1,65,75,3,61,1,0,1,0,1,0,11,0,3,0,20,0,3,0,2,0,2,0,4,2,35.59176027777778,139.71909805555555,6,3,9999,0,9,0
1,30,219,418,2,0,1,30000,0,111,2022,12,3,17,45,22,6,34,16,28,1,1,1,14,7,0,0,0,0,1,9,1,70,5,4,1,45,55,17,61,1,0,11,0,1,0,11,0,10,0,40,0,3,0,2,0,2,0,4,2,35.575075000000005,139.72771944444446,7,3,9999,0,1,0
1,30,220,240,2,0,1,30000,0,111,2022,12,13,9,58,12,6,42,16,28,2,1,2,1,7,1,21,0,0,12,9,30,70,5,3,1,55,65,3,61,31,0,1,0,1,0,11,0,10,0,21,0,3,0,2,0,2,0,4,2,35.5791575,139.6740663888889,3,3,9999,0,3,0
1,30,220,249,2,0,1,30000,0,111,2022,12,31,12,20,12,6,50,16,38,1,1,1,14,7,0,0,0,0,1,9,1,70,5,3,1,35,75,51,61,41,0,0,0,0,0,0,0,0,0,20,0,4,0,0,0,0,0,4,2,35.60171777777778,139.6976586111111,7,2,0,0,0,0
1,30,221,313,2,0,1,30000,0,111,2022,11,23,19,40,22,6,24,16,30,3,1,2,1,7,1,21,0,0,13,9,30,70,5,3,1,65,25,14,61,1,0,11,0,1,0,11,0,2,0,10,0,3,0,2,0,2,0,4,2,35.56278416666667,139.72500916666667,4,1,9999,0,9,0
1,30,221,317,2,0,1,95000,0,111,2022,12,16,15,40,13,6,44,16,29,1,1,1,7,7,0,0,0,0,1,9,1,70,5,3,1,65,1,3,61,31,0,1,0,1,0,11,0,2,0,30,0,3,0,2,0,2,0,4,2,35.55322916666666,139.70960305555553,6,3,9999,0,9,0
1,30,221,319,2,0,1,95000,0,111,2022,12,15,8,45,12,6,43,16,29,1,1,1,14,7,0,0,0,0,5,9,20,70,1,1,1,1,1,51,61,41,0,0,0,0,0,0,0,0,0,10,0,4,0,0,0,0,0,4,2,35.55683777777777,139.73887444444443,5,3,0,0,0,0
1,30,221,320,2,0,1,95000,0,111,2022,12,13,18,0,22,6,42,16,28,1,1,1,1,1,9,22,0,0,14,9,30,70,4,2,1,45,25,13,61,31,0,11,0,1,0,11,0,3,0,80,0,4,0,2,0,2,0,4,2,35.54502166666666,139.71740805555555,3,3,9999,0,9,0
1,30,221,327,2,0,1,30000,0,111,2022,12,23,13,40,12,6,48,16,32,1,1,1,14,7,0,0,0,0,2,9,1,70,5,3,1,25,25,3,61,31,0,1,0,1,0,11,0,2,0,40,0,3,0,2,0,2,0,4,2,35.55006611111111,139.71990083333333,6,3,9999,0,1,0
1,30,221,329,2,0,1,30000,0,111,2022,12,17,20,45,22,6,44,16,30,3,1,2,1,7,9,22,0,0,15,9,30,70,5,1,1,55,25,3,61,1,0,1,0,1,0,11,0,2,0,70,0,4,0,2,0,2,0,4,2,35.56153972222222,139.7139361111111,7,3,9999,0,9,0
1,30,221,331,2,0,1,30000,0,111,2022,12,29,13,10,12,6,50,16,36,1,1,1,14,7,0,0,0,0,2,9,1,70,5,3,1,75,45,14,61,31,0,11,0,2,0,11,0,2,0,80,0,3,0,2,0,2,0,4,2,35.55409944444444,139.7356375,5,3,266,0,9,0
1,30,221,332,2,0,1,30000,0,111,2022,11,19,15,21,12,6,20,16,32,1,1,1,1,7,9,22,0,0,12,9,30,70,5,3,1,45,35,52,61,41,0,0,0,0,0,0,0,0,0,20,0,4,0,0,0,0,0,4,2,35.564365555555554,139.7176761111111,7,3,0,0,0,0
1,30,221,335,2,0,1,95000,0,111,2022,12,23,19,10,22,6,48,16,32,1,1,1,14,7,0,0,0,0,2,9,1,70,5,4,1,75,45,36,61,31,0,0,0,0,0,11,0,2,0,10,0,4,0,0,0,0,0,4,2,35.56454305555555,139.7178663888889,6,3,205,0,9,0
1,30,222,307,2,0,1,10,155,111,2022,12,7,6,20,23,6,37,16,28,1,1,1,1,1,9,22,0,0,17,9,30,1,1,1,1,55,55,3,61,31,0,1,0,1,0,11,0,10,0,20,0,3,0,2,0,2,0,4,2,35.58032277777778,139.7014286111111,4,3,9999,0,9,0
1,30,222,309,2,0,1,20180,0,111,2022,11,28,14,40,12,6,29,16,28,1,1,1,1,1,9,22,0,0,15,9,30,70,4,1,1,75,75,51,61,41,0,0,0,0,0,0,0,0,0,10,0,4,0,0,0,0,0,4,2,35.573054444444445,139.7050258333333,2,3,0,0,0,0
1,30,222,315,2,0,1,30000,0,111,2022,12,16,18,15,22,6,44,16,29,1,1,1,1,7,9,22,0,0,13,9,30,70,5,3,1,65,65,3,61,31,0,1,0,1,0,11,0,5,0,50,0,3,0,2,0,2,0,4,2,35.56914305555556,139.69030111111113,6,3,9999,0,9,0
1,30,222,317,2,0,1,10190,0,111,2022,12,21,9,50,12,6,47,16,31,1,1,1,1,7,9,22,0,0,15,9,30,70,5,2,1,65,55,3,61,31,0,1,0,1,0,11,0,2,0,10,0,4,0,2,0,2,0,4,2,35.563761666666664,139.7001636111111,4,3,9999,0,9,0
1,30,222,318,2,0,1,30000,0,111,2022,12,21,18,0,22,6,47,16,31,1,1,1,1,7,9,22,0,0,15,9,30,70,5,2,1,1,75,36,61,31,0,0,0,0,0,11,0,2,0,20,0,3,0,0,0,0,0,4,2,35.58396805555556,139.7122425,4,3,9999,0,1,0
1,30,222,323,2,0,1,10,170,111,2022,12,26,12,20,12,6,49,16,34,1,1,1,1,1,9,22,0,0,16,9,30,70,1,1,1,1,75,51,61,41,0,0,0,0,0,0,0,0,0,10,0,4,0,0,0,0,0,4,2,35.56807305555556,139.69631111111113,2,3,0,0,0,0
1,30,222,325,2,0,1,30000,0,111,2022,12,27,12,10,12,6,49,16,35,1,1,1,14,7,0,0,0,0,3,9,1,70,5,1,1,35,65,51,61,41,0,0,0,0,0,0,0,0,0,10,0,3,0,0,0,0,0,4,2,35.56497861111111,139.6847627777778,3,3,0,0,0,0
1,30,325,231,2,0,1,30980,0,112,2022,12,13,7,55,12,6,42,16,28,3,1,2,14,7,0,0,0,0,4,9,1,70,4,2,1,45,75,51,61,41,0,0,0,0,0,0,0,0,0,10,0,4,0,0,0,0,0,4,2,35.63829666666667,139.67466444444443,3,3,0,0,0,0
1,30,325,240,2,0,1,2460,92,112,2022,7,30,21,40,22,4,47,18,47,1,1,1,1,1,9,22,0,0,19,9,30,70,1,2,1,25,35,11,61,1,0,11,0,2,0,11,0,5,0,40,0,3,0,2,0,2,0,4,2,35.635266944444446,139.6645286111111,7,3,9999,0,5,0
1,30,325,241,2,0,1,30000,0,112,2022,12,13,19,55,22,6,42,16,28,1,1,1,1,7,9,22,0,0,11,7,30,70,5,3,1,35,55,4,61,31,0,1,0,1,0,11,0,5,0,20,0,3,0,2,0,2,0,4,2,35.641506666666665,139.66677833333333,3,3,9999,0,1,0
1,30,326,423,2,0,1,30000,0,112,2022,11,17,8,15,12,6,18,16,33,1,1,1,14,7,0,0,0,0,2,9,1,70,5,4,1,55,45,3,61,31,0,1,0,1,0,11,0,10,0,40,0,3,0,2,0,2,0,4,2,35.65756388888889,139.6607336111111,5,3,9999,0,9,0
1,30,326,430,2,0,1,30000,0,112,2022,11,23,19,20,22,6,24,16,30,3,1,2,14,7,0,0,0,0,2,9,1,70,5,4,1,1,75,3,61,31,0,1,0,1,0,11,0,10,0,80,0,4,0,2,0,2,0,4,2,35.661674444444444,139.66516305555555,4,1,9999,0,1,0
1,30,326,431,2,0,1,30000,0,112,2022,12,13,10,15,12,6,42,16,28,2,1,2,1,7,9,22,0,0,15,9,30,70,4,2,1,35,1,51,61,41,0,0,0,0,0,0,0,0,0,10,0,3,0,0,0,0,0,4,2,35.651448333333335,139.6349997222222,3,3,0,0,0,0
1,30,326,439,2,0,1,30740,0,112,2022,12,18,18,30,22,6,45,16,30,1,1,1,14,1,0,0,0,0,3,9,1,70,4,2,1,25,45,51,61,41,0,0,0,0,0,0,0,0,0,10,0,3,0,0,0,0,0,4,2,35.66191138888889,139.6698486111111,1,3,0,0,0,0
1,30,326,441,2,0,1,30000,0,112,2022,12,20,12,50,12,6,46,16,31,1,1,1,14,7,0,0,0,0,2,9,1,70,5,3,1,55,75,14,61,31,0,11,0,1,0,11,0,10,0,40,0,3,0,2,0,2,0,4,2,35.66571527777778,139.64058083333333,3,3,9999,0,9,0
1,30,326,444,2,0,1,30000,0,112,2022,12,24,15,15,12,6,48,16,33,1,1,1,14,5,0,0,0,0,2,9,1,70,5,3,1,45,1,4,61,31,0,1,0,1,0,11,0,2,0,10,0,3,0,2,0,2,0,4,2,35.669466111111106,139.66444805555557,7,3,9999,0,9,0
1,30,327,480,2,0,1,30000,0,112,2022,11,16,8,40,12,6,17,16,34,1,1,1,14,7,0,0,0,0,3,9,1,70,5,3,1,35,75,51,61,41,0,0,0,0,0,0,0,0,0,10,0,3,0,0,0,0,0,4,2,35.620981388888886,139.64891694444444,4,3,0,0,0,0
1,30,327,481,2,0,1,95000,0,112,2022,11,29,17,35,22,6,30,16,28,3,1,2,14,7,0,0,0,0,3,9,1,70,4,2,1,55,65,34,61,31,0,0,0,0,0,11,0,5,0,10,0,3,0,0,0,0,0,4,2,35.60890555555556,139.6483175,3,3,9999,0,9,0
1,30,327,494,2,0,1,30000,0,112,2022,12,9,18,20,22,6,39,16,28,1,1,1,1,7,1,21,0,0,16,9,30,1,5,3,1,45,1,3,61,31,0,1,0,1,0,11,0,2,0,20,0,3,0,2,0,2,0,4,2,35.61580333333333,139.62544944444446,6,3,9999,0,9,0
1,30,327,500,2,0,1,30000,0,112,2022,8,11,19,47,22,4,57,18,35,1,1,1,1,7,1,21,0,0,15,9,30,70,5,4,1,45,45,3,61,31,0,1,0,1,0,11,0,5,0,10,0,4,0,2,0,2,0,4,2,35.598425,139.64554166666665,5,1,9999,0,9,0
1,30,327,503,2,0,1,30000,0,112,2022,12,18,13,25,12,6,45,16,30,1,1,1,1,1,9,22,0,0,15,9,30,70,5,2,1,65,1,3,61,31,0,1,0,1,0,1,0,4,0,20,0,3,0,2,0,2,0,4,2,35.62179444444445,139.65427055555557,1,3,9999,0,5,0
1,30,327,507,2,0,1,99000,0,112,2022,12,20,12,40,12,6,46,16,31,1,1,1,0,7,0,0,0,0,0,0,20,70,0,4,1,75,75,3,61,1,0,1,0,1,0,11,0,10,0,40,0,3,0,2,0,2,0,4,2,35.620872222222225,139.62432777777778,3,3,77,0,9,0
1,30,327,510,2,0,1,30000,0,112,2022,12,23,16,20,13,6,48,16,32,1,1,1,14,7,0,0,0,0,3,9,1,70,5,3,1,1,75,17,61,31,0,11,0,1,0,11,0,5,0,10,0,4,0,2,0,2,0,4,2,35.606971111111115,139.64411527777776,6,3,9999,0,1,0
1,30,327,513,2,0,1,30000,0,112,2022,12,27,13,34,12,6,49,16,35,1,1,1,14,7,0,0,0,0,1,9,1,70,4,2,1,65,75,3,61,31,0,1,0,1,0,11,0,3,0,10,0,4,0,2,0,2,0,4,2,35.62317888888889,139.6547475,3,3,9999,0,9,0
1,30,327,519,2,0,1,95000,0,112,2022,12,31,9,40,12,6,50,16,38,1,1,1,14,7,0,0,0,0,3,9,1,70,4,2,1,75,1,3,61,31,0,1,0,1,0,11,0,3,0,10,0,3,0,2,0,2,0,4,2,35.63055444444444,139.64390833333331,7,2,551,0,9,0
1,30,328,529,2,0,1,30000,0,112,2022,12,23,16,45,21,6,48,16,32,1,1,1,1,7,9,22,0,0,14,9,30,70,4,2,1,75,1,3,61,31,0,1,0,1,0,11,0,2,0,80,0,4,0,2,0,2,0,4,2,35.66482027777778,139.5887263888889,6,3,644,0,9,0
1,30,328,531,2,0,1,95000,0,112,2022,11,26,18,25,22,6,27,16,29,1,1,1,7,7,0,0,0,0,3,9,1,70,4,3,1,45,55,35,61,31,0,0,0,0,0,11,0,2,0,10,0,3,0,0,0,0,0,4,2,35.66830083333333,139.59638055555556,7,3,9999,0,9,0
1,30,328,540,2,0,1,30000,0,112,2022,11,9,7,50,12,6,10,16,39,1,1,1,1,7,9,22,0,0,11,9,30,70,5,4,1,25,45,14,61,31,0,11,0,1,0,11,0,10,0,10,0,4,0,2,0,2,0,4,2,35.66945694444444,139.6243663888889,4,3,9999,0,5,0
1,30,328,541,2,0,1,200,183,112,2022,10,16,13,7,12,5,48,17,5,1,1,1,14,7,0,0,0,0,2,9,1,70,4,2,1,45,35,3,61,31,0,1,0,1,0,11,0,4,0,10,0,3,0,2,0,2,0,4,2,35.672108333333334,139.59970305555555,1,3,9999,0,9,0
1,30,328,542,2,0,1,30000,0,112,2022,12,12,10,27,12,6,41,16,28,1,1,1,14,7,0,0,0,0,2,9,1,70,5,4,1,45,45,3,61,31,0,1,0,1,0,11,0,10,0,30,0,3,0,2,0,2,0,4,2,35.64377777777778,139.60528166666666,2,3,9999,0,9,0
1,30,328,543,2,0,1,30000,0,112,2022,12,12,9,20,12,6,41,16,28,1,1,1,7,7,0,0,0,0,3,9,1,1,5,3,1,65,25,3,61,31,0,1,0,1,0,11,0,2,0,10,0,3,0,2,0,2,0,4,2,35.66798583333333,139.61580722222223,2,3,9999,0,9,0
1,30,328,548,2,0,1,200,165,112,2022,12,16,13,20,12,6,44,16,29,1,1,1,1,7,0,0,0,0,13,9,30,70,4,1,1,1,0,61,0,0,0,0,0,0,0,0,0,0,0,0,0,0,0,0,0,0,0,2,0,35.67130083333333,139.61915000000002,6,3,0,0,0,0
1,30,328,557,2,0,1,30000,0,112,2022,12,31,17,0,21,6,50,16,38,1,1,1,14,7,0,0,0,0,1,9,1,70,5,2,1,45,45,35,61,31,0,0,0,0,0,11,0,5,0,10,0,3,0,0,0,0,0,4,2,35.65646944444444,139.6278861111111,7,2,9999,0,9,0
1,30,329,260,2,0,1,30000,0,110,2022,12,1,7,30,11,6,32,16,28,2,1,1,14,7,0,0,0,0,2,9,1,70,5,4,1,65,75,3,61,1,0,1,0,1,0,11,0,5,0,40,0,4,0,2,0,2,0,4,2,35.63901361111111,139.7111897222222,5,3,9999,0,9,0
1,30,329,270,2,0,1,30000,0,110,2022,12,20,17,0,21,6,46,16,31,1,1,1,1,7,9,22,0,0,12,9,30,70,4,3,1,55,75,3,61,1,0,1,0,1,0,11,0,2,0,10,0,4,0,2,0,2,0,4,2,35.64172888888889,139.69337166666668,3,3,9999,0,9,0
1,30,329,273,2,0,1,30000,0,110,2022,12,21,9,31,12,6,47,16,31,1,1,1,14,7,0,0,0,0,1,9,1,70,4,3,1,75,65,3,61,31,0,1,0,1,0,11,0,2,0,10,0,3,0,2,0,2,0,4,2,35.62656,139.7010486111111,4,3,588,0,9,0
1,30,329,274,2,0,1,30000,0,110,2022,12,21,18,20,22,6,47,16,31,1,1,1,14,7,0,0,0,0,1,9,1,70,5,3,1,65,35,3,61,31,0,1,0,1,0,11,0,10,0,40,0,3,0,2,0,2,0,4,2,35.65058,139.68666777777779,4,3,9999,0,9,0
1,30,329,283,2,0,1,99000,0,110,2022,12,16,14,0,12,6,44,16,29,1,1,1,0,7,0,0,0,0,0,0,20,70,0,4,1,65,45,3,61,1,0,1,0,1,0,11,0,10,0,20,0,3,0,2,0,2,0,4,2,35.642000277777775,139.71477944444445,6,3,9999,0,9,0
1,30,329,284,2,0,1,30000,0,110,2022,11,11,21,8,22,6,12,16,37,1,1,1,13,7,0,0,0,0,2,6,1,70,5,3,1,65,45,3,61,1,0,1,0,1,0,11,0,10,0,40,0,4,0,2,0,2,0,4,2,35.643923888888885,139.70155138888887,6,3,9999,0,9,0
1,30,330,361,1,1,0,30000,0,110,2022,12,19,10,35,12,6,45,16,31,1,1,1,1,1,9,22,0,0,15,9,30,70,5,2,1,35,75,17,61,31,0,11,0,1,0,11,0,2,0,10,0,3,0,2,0,2,0,4,1,35.61991555555556,139.68662333333333,2,3,9999,0,1,0
1,30,330,363,2,0,1,10130,0,110,2022,12,4,18,5,22,6,34,16,28,1,1,1,1,7,2,21,0,0,12,9,30,70,4,2,1,35,55,4,61,31,0,1,0,1,0,11,0,2,0,10,0,4,0,2,0,2,0,4,2,35.6192175,139.68106944444443,1,3,9999,0,5,0
1,30,330,376,2,0,1,30000,0,110,2022,12,19,20,10,22,6,45,16,31,1,1,1,1,1,9,22,0,0,12,9,30,70,5,3,1,45,1,4,61,31,0,1,0,1,0,1,0,2,0,50,0,3,0,2,0,2,0,4,2,35.6088025,139.66731055555556,2,3,9999,0,1,0
1,30,330,377,2,0,1,30000,0,110,2022,12,19,22,35,22,6,45,16,31,1,1,1,14,7,0,0,0,0,2,9,1,70,5,2,1,25,65,51,61,41,0,0,0,0,0,0,0,0,0,10,0,3,0,0,0,0,0,4,2,35.61137138888889,139.67951,2,3,0,0,0,0
1,30,330,381,2,0,1,30000,0,110,2022,12,21,10,20,12,6,47,16,31,1,1,1,14,7,0,0,0,0,2,9,1,70,4,3,1,55,1,13,61,1,0,11,0,1,0,11,0,2,0,40,0,4,0,2,0,2,0,4,2,35.60827472222223,139.6706975,4,3,9999,0,9,0
1,30,330,384,2,0,1,30000,0,110,2022,12,22,14,25,12,6,47,16,32,2,1,1,1,7,9,22,0,0,15,9,30,70,4,2,1,35,1,4,61,31,0,1,0,1,0,11,0,2,0,10,0,3,0,2,0,2,0,4,2,35.61921638888889,139.68531333333334,5,3,9999,0,1,0
1,30,330,385,2,0,1,10080,0,110,2022,12,23,11,10,12,6,48,16,32,1,1,1,14,7,0,0,0,0,1,9,1,70,5,1,1,65,45,51,61,41,0,0,0,0,0,0,0,0,0,10,0,3,0,0,0,0,0,4,2,35.628709444444446,139.69509416666668,6,3,0,0,0,0
1,30,330,386,2,0,1,30000,0,110,2022,12,23,14,45,12,6,48,16,32,1,1,1,14,7,0,0,0,0,1,9,1,70,6,2,1,1,75,3,61,1,0,1,0,1,0,11,0,3,0,80,0,4,0,2,0,2,0,4,2,35.62210861111111,139.70316305555554,6,3,9999,0,1,0
1,30,330,388,2,0,1,30000,0,110,2022,12,20,7,42,11,6,46,16,31,1,1,1,14,7,0,0,0,0,1,9,1,70,5,4,1,1,35,51,61,41,0,0,0,0,0,0,0,0,0,0,0,4,0,0,0,0,0,4,2,35.61695944444445,139.67607972222223,3,3,0,0,0,0
1,30,330,398,2,0,1,30000,0,110,2022,12,19,11,0,12,6,45,16,31,1,1,1,14,7,0,0,0,0,1,9,1,70,5,3,1,75,0,61,0,0,0,0,0,0,0,0,0,0,0,0,0,0,0,0,0,0,0,2,0,35.62497611111111,139.69472166666668,2,3,0,0,0,0
1,30,331,331,2,0,1,30000,0,113,2022,12,6,10,40,12,6,36,16,28,3,1,1,14,7,0,0,0,0,2,9,1,70,5,3,1,55,25,14,61,1,0,11,0,1,0,11,0,2,0,70,0,4,0,2,0,2,0,4,2,35.662148888888886,139.70034638888887,3,3,9999,0,9,0
1,30,331,334,2,0,1,30000,0,113,2022,12,16,12,25,12,6,44,16,29,1,1,1,14,7,0,0,0,0,2,9,1,70,5,2,1,35,55,52,61,41,0,0,0,0,0,0,0,0,0,10,0,3,0,0,0,0,0,4,2,35.66296472222222,139.69623388888888,6,3,0,0,0,0
1,30,331,337,2,0,1,30000,0,113,2022,11,11,8,46,12,6,12,16,37,1,1,1,14,7,0,0,0,0,3,9,1,70,4,4,1,55,35,3,61,31,0,1,0,1,0,11,0,5,0,80,0,4,0,2,0,2,0,4,2,35.65792777777778,139.69932083333333,6,3,9999,0,9,0
1,30,331,339,2,0,1,30000,0,113,2022,12,7,12,45,12,6,37,16,28,1,1,1,14,7,0,0,0,0,2,9,1,70,4,2,1,55,35,3,61,1,0,1,0,1,0,11,0,3,0,40,0,4,0,2,0,2,0,4,2,35.652535,139.70468916666667,4,3,9999,0,9,0