資料区分,都道府県コード,警察署等コード,本票番号,事故内容,死者数,負傷者数,路線コード,地点コード,市区町村コード,発生日時　　年,発生日時　　月,発生日時　　日,発生日時　　時,発生日時　　分,昼夜,日の出時刻　　時,日の出時刻　　分,日の入り時刻　　時,日の入り時刻　　分,天候,地形,路面状態,道路形状,信号機,一時停止規制　標識（当事者A）,一時停止規制　表示（当事者A）,一時停止規制　標識（当事者B）,一時停止規制　表示（当事者B）,車道幅員,道路線形,衝突地点,ゾーン規制,中央分離帯施設等,歩車道区分,事故類型,年齢（当事者A）,年齢（当事者B）,当事者種別（当事者A）,当事者種別（当事者B）,用途別（当事者A）,用途別（当事者B）,車両形状等（当事者A）,車両形状等（当事者B）,オートマチック車（当事者A）,オートマチック車（当事者B）,サポカー（当事者A）,サポカー（当事者B）,速度規制（指定のみ）（当事者A）,速度規制（指定のみ）（当事者B）,車両の衝突部位（当事者A）,車両の衝突部位（当事者B）,車両の損壊程度（当事者A）,車両の損壊程度（当事者B）,エアバッグの装備（当事者A）,エアバッグの装備（当事者B）,サイドエアバッグの装備（当事者A）,サイドエアバッグの装備（当事者B）,人身損傷程度（当事者A）,人身損傷程度（当事者B）,lat,lon,曜日(発生年月日),祝日(発生年月日),認知機能検査経過日数（当事者A）,認知機能検査経過日数（当事者B）,運転練習の方法（当事者A）,運転練習の方法（当事者B）
1,30,331,343,2,0,1,30000,0,113,2022,12,27,23,10,22,6,49,16,35,1,1,1,14,7,0,0,0,0,2,9,1,70,5,3,1,25,55,35,61,31,0,0,0,0,0,11,0,2,0,20,0,3,0,0,0,0,0,4,2,35.66334888888889,139.68870055555556,3,3,9999,0,9,0
1,30,332,146,2,0,1,30000,0,113,2022,11,15,15,20,12,6,16,16,34,1,1,1,14,7,0,0,0,0,2,9,1,70,5,4,1,55,25,3,61,31,0,1,0,1,0,11,0,5,0,30,0,4,0,2,0,2,0,4,2,35.67047861111111,139.7042447222222,3,3,9999,0,1,0
1,30,332,152,2,0,1,30000,0,113,2022,12,15,9,45,12,6,43,16,29,1,1,1,14,7,0,0,0,0,2,9,1,1,5,1,1,55,35,3,61,31,0,1,0,1,0,11,0,2,0,40,0,3,0,2,0,2,0,4,2,35.68094222222222,139.7097047222222,5,3,9999,0,9,0
1,30,333,317,2,0,1,30000,0,113,2022,12,5,8,56,12,6,35,16,28,2,1,1,14,7,0,0,0,0,1,9,1,70,5,4,1,65,35,3,61,31,0,1,0,1,0,11,0,1,0,80,0,4,0,2,0,2,0,4,2,35.68328138888889,139.69187916666667,2,3,9999,0,9,0
1,30,333,319,2,0,1,30000,0,113,2022,12,7,13,55,12,6,37,16,28,1,1,1,14,7,0,0,0,0,1,9,1,70,5,4,1,45,45,14,61,1,0,11,0,1,0,11,0,1,0,20,0,3,0,2,0,2,0,4,2,35.68102666666667,139.6927713888889,4,3,9999,0,1,0
1,30,333,322,2,0,1,30000,0,113,2022,12,9,15,25,12,6,39,16,28,1,1,1,1,7,9,22,0,0,12,9,30,70,5,3,1,55,1,14,61,1,0,11,0,1,0,11,0,10,0,10,0,3,0,2,0,2,0,4,2,35.685221111111105,139.6766722222222,6,3,9999,0,9,0
1,30,333,324,2,0,1,21000,0,113,2022,12,11,12,33,12,6,40,16,28,1,1,1,14,1,0,0,0,0,5,9,1,70,1,2,1,35,1,52,61,41,0,0,0,0,0,0,0,0,0,10,0,3,0,0,0,0,0,4,2,35.67530027777777,139.6922113888889,1,3,0,0,0,0
1,30,333,330,2,0,1,10160,0,113,2022,12,18,0,5,22,6,45,16,30,3,1,2,1,1,9,22,0,0,16,9,30,70,1,2,1,55,25,3,61,31,0,1,0,1,0,11,0,3,0,10,0,3,0,2,0,2,0,4,2,35.688936388888884,139.68211333333332,1,3,9999,0,9,0
1,30,333,338,2,0,1,200,93,113,2022,12,27,8,5,12,6,49,16,35,1,1,1,14,7,0,0,0,0,4,9,1,70,1,2,1,35,55,52,61,41,0,0,0,0,0,0,0,0,0,10,0,3,0,0,0,0,0,4,2,35.68581972222222,139.69352138888888,3,3,0,0,0,0
1,30,435,214,2,0,1,30000,0,104,2022,12,3,9,22,12,6,34,16,28,2,1,1,1,1,1,21,0,0,14,6,30,70,1,2,1,65,35,3,61,31,0,1,0,1,0,11,0,1,0,80,0,3,0,2,0,2,0,4,2,35.69410583333333,139.71801055555557,7,3,9999,0,9,0
1,30,435,221,2,0,1,30000,0,104,2022,12,16,11,20,12,6,44,16,29,1,1,1,14,7,0,0,0,0,2,9,1,70,5,4,1,25,35,14,61,1,0,11,0,1,0,11,0,10,0,20,0,3,0,2,0,2,0,4,2,35.69066833333333,139.73151416666667,6,3,9999,0,1,0
1,30,435,223,2,0,1,10050,0,104,2022,12,17,16,0,13,6,44,16,30,1,1,1,1,1,9,22,0,0,14,9,30,70,4,2,1,45,75,1,61,1,0,1,0,1,0,11,0,4,0,10,0,3,0,2,0,2,0,4,2,35.69228805555555,139.7211213888889,7,3,9999,0,5,0
1,30,435,229,2,0,1,20290,0,104,2022,12,24,17,8,21,6,48,16,33,1,1,1,14,7,0,0,0,0,4,9,1,70,5,2,1,55,75,3,61,1,0,1,0,1,0,11,0,3,0,10,0,3,0,2,0,2,0,4,2,35.70058222222222,139.7349972222222,7,3,9999,0,9,0
1,30,436,215,2,0,1,21030,0,104,2022,12,7,19,45,22,6,37,16,28,1,1,1,1,7,9,22,0,0,12,9,30,70,5,2,1,65,45,3,61,31,0,1,0,1,0,11,0,5,0,10,0,3,0,2,0,2,0,4,2,35.69627277777777,139.70077194444443,4,3,9999,0,5,0
1,30,436,223,2,0,1,20300,0,104,2022,12,21,12,0,12,6,47,16,31,1,1,1,1,1,9,22,0,0,16,9,30,70,1,2,1,55,65,51,61,41,0,0,0,0,0,0,0,0,0,10,0,3,0,0,0,0,0,4,2,35.698343055555554,139.70488777777777,4,3,0,0,0,0
1,30,436,226,2,0,1,10090,0,104,2022,12,25,20,56,22,6,48,16,34,1,1,1,1,1,9,22,0,0,14,9,30,70,1,2,1,45,45,3,61,1,0,1,0,1,0,11,0,4,0,81,0,2,0,2,0,2,0,4,2,35.69954027777777,139.7077138888889,1,3,9999,0,9,0
1,30,436,232,2,0,1,10090,0,104,2022,10,25,1,30,22,5,56,16,54,3,1,1,1,1,9,22,0,0,18,9,30,70,5,2,1,65,25,3,61,1,0,1,0,1,0,11,0,4,0,10,0,3,0,2,0,2,0,4,2,35.69500138888888,139.70681249999998,3,3,9999,0,9,0
1,30,437,166,2,0,1,30000,0,104,2022,12,4,21,5,22,6,34,16,28,1,1,1,14,7,0,0,0,0,3,7,1,70,4,3,1,75,1,3,61,31,0,1,0,1,0,11,0,2,0,40,0,3,0,2,0,2,0,4,2,35.71886888888889,139.6735383333333,1,3,45,0,9,0
1,30,437,170,2,0,1,30000,0,104,2022,12,20,16,30,13,6,46,16,31,1,1,1,1,1,1,21,0,0,16,7,30,70,4,2,1,45,75,51,61,41,0,0,0,0,0,0,0,0,0,20,0,4,0,0,0,0,0,4,2,35.70909666666667,139.6953122222222,3,3,0,0,0,0
1,30,438,220,2,0,1,10090,0,104,2022,11,5,11,37,12,6,7,16,42,1,1,1,1,1,9,22,0,0,15,9,30,70,5,2,1,35,75,51,61,41,0,0,0,0,0,0,0,0,0,10,0,3,0,0,0,0,0,4,2,35.687933611111106,139.7029433333333,7,3,0,0,0,0
1,30,438,221,2,0,1,20000,0,104,2022,11,13,23,5,22,6,14,16,36,2,1,2,1,1,9,22,0,0,18,9,30,70,1,1,1,1,25,4,61,31,0,1,0,1,0,11,0,4,0,10,0,3,0,2,0,2,0,4,2,35.693504999999995,139.70693916666664,1,3,9999,0,1,0
1,30,438,231,2,0,1,10050,0,104,2022,12,10,23,14,22,6,39,16,28,1,1,1,14,1,0,0,0,0,6,9,1,70,1,2,1,1,25,35,61,31,0,0,0,0,0,11,0,5,0,10,0,3,0,0,0,0,0,4,2,35.69204222222222,139.7074911111111,7,3,9999,0,1,0
1,30,438,236,2,0,1,10050,0,104,2022,12,15,17,35,22,6,43,16,29,1,1,1,7,1,0,0,0,0,4,9,1,70,4,1,1,25,45,51,61,41,0,0,0,0,0,0,0,0,0,10,0,3,0,0,0,0,0,4,2,35.69212722222222,139.72508,5,3,0,0,0,0
1,30,438,238,2,0,1,20090,0,104,2022,12,21,1,59,22,6,47,16,31,1,1,1,1,1,9,22,0,0,12,9,30,70,1,2,1,45,45,3,61,1,0,1,0,1,0,11,0,5,0,10,0,3,0,2,0,2,0,4,2,35.68597666666666,139.72964944444445,4,3,9999,0,9,0
1,30,438,242,2,0,1,10050,0,104,2022,12,13,16,45,21,6,42,16,28,2,1,2,1,1,9,22,0,0,13,9,30,70,1,1,1,45,65,51,61,41,0,0,0,0,0,0,0,0,0,10,0,3,0,0,0,0,0,4,2,35.69172555555555,139.70884055555555,3,3,0,0,0,0
1,30,438,243,2,0,1,30000,0,104,2022,12,26,17,47,22,6,49,16,34,1,1,1,1,7,9,22,0,0,11,9,30,70,5,3,1,55,25,51,61,41,0,0,0,0,0,0,0,0,0,10,0,4,0,0,0,0,0,4,2,35.68902444444444,139.71199944444444,2,3,0,0,0,0
1,30,438,246,2,0,1,30000,0,104,2022,8,20,17,28,13,5,4,18,25,2,1,1,14,7,0,0,0,0,3,9,1,70,5,2,1,45,25,51,61,41,0,0,0,0,0,0,0,0,0,10,0,3,0,0,0,0,0,4,2,35.67594388888889,139.7175538888889,7,3,0,0,0,0
1,30,438,247,2,0,1,10090,0,104,2022,12,28,9,26,12,6,49,16,35,1,1,1,1,7,0,0,0,0,11,9,30,70,5,2,1,45,0,61,0,0,0,0,0,0,0,0,0,0,0,0,0,0,0,0,0,0,0,2,0,35.69045111111111,139.70468583333331,4,3,0,0,0,0
1,30,439,254,2,0,1,10240,0,114,2022,11,25,16,55,21,6,26,16,29,1,1,1,7,1,0,0,0,0,3,9,1,70,4,1,1,75,1,51,61,41,0,0,0,0,0,0,0,0,0,32,0,4,0,0,0,0,0,4,2,35.697332499999995,139.6672172222222,6,3,0,0,0,0
1,30,439,255,2,0,1,30000,0,114,2022,12,3,11,24,12,6,34,16,28,1,1,1,14,7,0,0,0,0,2,8,1,70,5,3,1,35,1,14,61,1,0,11,0,1,0,11,0,1,0,20,0,4,0,2,0,2,0,4,2,35.695209999999996,139.67646555555555,7,3,9999,0,1,0
1,30,439,258,2,0,1,10160,0,114,2022,12,7,5,15,22,6,37,16,28,1,1,1,1,1,9,22,0,0,15,9,30,70,4,2,1,75,45,3,61,1,0,1,0,1,0,11,0,5,0,10,0,3,0,2,0,2,0,4,2,35.7009975,139.6829813888889,4,3,55,0,9,0
1,30,439,269,2,0,1,30000,0,114,2022,12,17,16,46,21,6,44,16,30,2,1,1,14,7,0,0,0,0,2,9,1,70,4,2,1,1,55,51,61,41,0,0,0,0,0,0,0,0,0,30,0,4,0,0,0,0,0,4,2,35.691312222222216,139.674445,7,3,0,0,0,0
1,30,439,274,2,0,1,20280,0,114,2022,12,9,11,50,12,6,39,16,28,1,1,1,14,1,0,0,0,0,5,9,1,70,4,2,1,55,35,51,61,41,0,0,0,0,0,0,0,0,0,10,0,3,0,0,0,0,0,4,2,35.70535888888889,139.66533305555555,6,3,0,0,0,0
1,30,439,280,2,0,1,30000,0,114,2022,12,29,17,0,21,6,50,16,36,1,1,1,1,1,9,22,0,0,16,7,30,70,4,1,1,35,75,51,61,41,0,0,0,0,0,0,0,0,0,10,0,4,0,0,0,0,0,4,2,35.705441944444445,139.66521555555556,5,3,0,0,0,0
1,30,439,283,2,0,1,30000,0,114,2022,12,24,13,30,12,6,48,16,33,1,1,1,14,7,0,0,0,0,2,9,1,70,5,2,1,55,55,51,61,41,0,0,0,0,0,0,0,0,0,10,0,3,0,0,0,0,0,4,2,35.70713055555556,139.68730277777777,7,3,0,0,0,0
1,30,440,285,2,0,1,30000,0,114,2022,12,5,16,30,21,6,35,16,28,3,1,2,1,7,1,21,0,0,11,9,30,70,5,3,1,65,65,3,61,31,0,1,0,1,0,11,0,10,0,50,0,3,0,2,0,2,0,4,2,35.729931944444445,139.67285833333332,2,3,9999,0,9,0
1,30,440,294,2,0,1,30000,0,114,2022,12,14,7,45,12,6,42,16,29,1,1,1,7,7,0,0,0,0,2,9,1,70,5,3,1,45,1,51,61,41,0,0,0,0,0,0,0,0,0,10,0,4,0,0,0,0,0,4,2,35.71950638888889,139.65408861111112,4,3,0,0,0,0
1,30,440,296,2,0,1,30000,0,114,2022,12,14,16,55,21,6,42,16,29,1,1,1,1,7,9,22,0,0,11,9,30,70,5,4,1,45,75,3,61,1,0,1,0,1,0,11,0,5,0,40,0,3,0,2,0,2,0,4,2,35.7115175,139.64705527777778,4,3,9999,0,9,0
1,30,440,300,2,0,1,10220,0,114,2022,12,11,17,52,22,6,40,16,28,3,1,2,1,7,9,22,0,0,12,9,30,70,4,2,1,35,35,3,61,31,0,1,0,1,0,11,0,2,0,10,0,4,0,2,0,2,0,4,2,35.709826944444444,139.6561352777778,1,3,9999,0,1,0
1,30,441,264,2,0,1,30000,0,115,2022,12,31,14,30,12,6,50,16,38,1,1,1,14,7,0,0,0,0,1,9,1,70,5,4,1,75,45,3,61,1,0,1,0,1,0,11,0,10,0,10,0,3,0,2,0,2,0,4,2,35.6958925,139.64959527777776,7,2,178,0,9,0
1,30,441,281,2,0,1,10130,0,115,2022,12,17,17,50,22,6,44,16,30,2,1,1,1,1,9,22,0,0,17,9,30,70,1,1,1,1,55,51,61,41,0,0,0,0,0,0,0,0,0,10,0,3,0,0,0,0,0,4,2,35.68870194444444,139.65540055555556,7,3,0,0,0,0
1,30,441,287,2,0,1,10220,0,115,2022,12,24,17,30,21,6,48,16,33,1,1,1,14,7,0,0,0,0,3,9,1,70,4,1,1,45,45,14,61,31,0,11,0,1,0,11,0,3,0,30,0,3,0,2,0,2,0,4,2,35.71276166666667,139.63914749999998,7,3,9999,0,9,0
1,30,441,294,2,0,1,30000,0,115,2022,12,27,8,29,12,6,49,16,35,1,1,1,14,7,0,0,0,0,2,9,1,70,5,3,1,55,35,4,61,31,0,1,0,1,0,11,0,1,0,40,0,3,0,2,0,2,0,4,2,35.69385166666666,139.65945944444445,3,3,9999,0,9,0
1,30,442,359,2,0,1,30000,0,115,2022,12,8,18,15,22,6,38,16,28,1,1,1,14,7,0,0,0,0,3,9,1,70,4,3,1,45,45,51,61,41,0,0,0,0,0,0,0,0,0,10,0,4,0,0,0,0,0,4,2,35.671902499999995,139.61079083333334,5,3,0,0,0,0
1,30,442,361,2,0,1,20270,0,115,2022,12,9,18,20,22,6,39,16,28,1,1,1,14,7,0,0,0,0,4,9,1,70,4,2,1,35,1,14,61,31,0,11,0,1,0,11,0,3,0,10,0,3,0,2,0,2,0,4,2,35.68057972222222,139.63517916666666,6,3,9999,0,1,0
1,30,442,362,2,0,1,10230,0,115,2022,11,9,7,38,12,6,10,16,39,1,1,1,14,7,0,0,0,0,4,9,1,70,4,1,1,45,75,51,61,41,0,0,0,0,0,0,0,0,0,10,0,3,0,0,0,0,0,4,2,35.68392055555555,139.65851333333333,4,3,0,0,0,0
1,30,442,370,2,0,1,30000,0,115,2022,11,3,14,20,12,6,5,16,44,1,1,1,14,7,0,0,0,0,4,9,1,70,4,2,1,35,1,51,61,41,0,0,0,0,0,0,0,0,0,10,0,4,0,0,0,0,0,4,2,35.68320972222222,139.655015,5,1,0,0,0,0
1,30,442,374,2,0,1,30000,0,115,2022,11,17,15,30,12,6,18,16,33,2,1,1,14,7,0,0,0,0,2,9,1,70,5,4,1,65,35,3,61,31,0,1,0,1,0,11,0,10,0,40,0,4,0,2,0,2,0,4,2,35.68143805555555,139.6153197222222,5,3,9999,0,9,0
1,30,442,381,2,0,1,30000,0,115,2022,12,23,16,40,21,6,48,16,32,1,1,1,14,7,0,0,0,0,1,9,1,70,5,3,1,45,0,61,0,0,0,0,0,0,0,0,0,0,0,0,0,0,0,0,0,0,0,2,0,35.682450833333334,139.60652805555554,6,3,0,0,0,0
1,30,443,195,2,0,1,30000,0,115,2022,12,3,16,10,13,6,34,16,28,1,1,1,14,7,0,0,0,0,1,9,1,1,5,3,1,65,1,51,61,41,0,0,0,0,0,0,0,0,0,10,0,3,0,0,0,0,0,4,2,35.72065527777778,139.6151025,7,3,0,0,0,0
1,30,443,196,2,0,1,10240,0,115,2022,12,5,16,15,13,6,35,16,28,1,1,2,1,7,9,22,0,0,18,9,30,70,4,1,1,55,35,17,61,31,0,11,0,1,0,11,0,10,0,10,0,3,0,2,0,2,0,4,2,35.70546416666667,139.6197063888889,2,3,9999,0,9,0
1,30,443,200,2,0,1,95000,0,115,2022,10,21,12,45,12,5,52,16,58,1,1,1,0,7,0,0,0,0,0,0,20,70,0,4,1,45,55,3,61,31,0,1,0,1,0,11,0,10,0,40,0,4,0,2,0,2,0,4,2,35.70469583333334,139.62007333333335,6,3,9999,0,1,0
1,30,443,206,2,0,1,30000,0,115,2022,12,16,18,30,22,6,44,16,29,1,1,1,14,7,0,0,0,0,3,9,1,70,4,2,1,55,25,1,61,1,0,1,0,1,0,11,0,3,0,40,0,4,0,2,0,2,0,4,2,35.720846388888894,139.6256911111111,6,3,9999,0,9,0
1,30,443,215,2,0,1,30000,0,115,2022,12,26,17,25,21,6,49,16,34,1,1,1,12,7,0,0,0,0,1,9,1,70,5,3,1,35,55,51,61,41,0,0,0,0,0,0,0,0,0,10,0,3,0,0,0,0,0,4,2,35.69781333333333,139.62072694444444,2,3,0,0,0,0
1,30,443,217,2,0,1,10240,0,115,2022,12,29,20,24,22,6,50,16,36,1,1,1,1,1,9,22,0,0,19,9,30,70,5,2,1,55,75,12,61,1,0,11,0,1,0,11,0,10,0,80,0,2,0,2,0,2,0,4,2,35.708202222222226,139.6147797222222,5,3,9999,0,9,0
1,30,545,101,2,0,1,20360,0,105,2022,12,6,0,40,22,6,36,16,28,1,1,2,1,1,9,22,0,0,19,9,30,70,4,1,1,55,45,3,61,1,0,1,0,1,0,11,0,4,0,80,0,3,0,2,0,2,0,4,2,35.70834111111111,139.75190083333334,3,3,9999,0,1,0
1,30,545,106,2,0,1,170,61,105,2022,12,24,10,50,12,6,48,16,33,1,1,1,14,7,0,0,0,0,6,9,1,70,1,2,1,45,35,17,61,31,0,11,0,1,0,11,0,10,0,40,0,3,0,2,0,2,0,4,2,35.729171666666666,139.74352916666666,7,3,9999,0,1,0
1,30,545,111,2,0,1,95000,0,105,2022,12,17,15,3,12,6,44,16,30,1,1,1,14,7,0,0,0,0,5,9,1,70,1,1,1,35,1,51,61,41,0,0,0,0,0,0,0,0,0,10,0,3,0,0,0,0,0,4,2,35.71306722222222,139.7421811111111,7,3,0,0,0,0
1,30,546,83,2,0,1,30000,0,105,2022,9,29,9,11,12,5,34,17,28,1,1,1,13,7,0,0,0,0,2,3,1,70,5,4,1,25,0,61,0,0,0,0,0,0,0,0,0,0,0,0,0,0,0,0,0,0,0,2,0,35.724630000000005,139.72776472222222,5,3,0,0,0,0
1,30,546,84,2,0,1,20380,0,105,2022,10,29,21,47,22,6,0,16,49,1,1,1,1,1,0,0,0,0,16,9,30,70,1,1,1,1,0,61,0,0,0,0,0,0,0,0,0,0,0,0,0,0,0,0,0,0,0,2,0,35.71705361111111,139.7285388888889,7,3,0,0,0,0
1,30,546,85,2,0,1,20370,0,105,2022,12,3,17,9,21,6,34,16,28,1,1,1,1,1,9,22,0,0,17,7,30,70,5,2,1,55,25,13,61,31,0,11,0,1,0,11,0,3,0,0,0,3,0,2,0,2,0,4,2,35.72118666666667,139.73004305555557,7,3,9999,0,9,0
1,30,546,86,2,0,1,2540,37,105,2022,12,9,19,10,22,6,39,16,28,1,1,1,14,7,0,0,0,0,4,9,1,70,4,2,1,35,55,51,61,41,0,0,0,0,0,0,0,0,0,10,0,3,0,0,0,0,0,4,2,35.72468333333334,139.7304611111111,6,3,0,0,0,0
1,30,546,92,2,0,1,30000,0,105,2022,12,25,9,40,12,6,48,16,34,1,1,1,14,7,0,0,0,0,2,9,1,70,4,2,1,65,35,3,61,1,0,1,0,1,0,11,0,1,0,40,0,4,0,2,0,2,0,4,2,35.71423333333334,139.71936861111112,1,3,9999,0,9,0
1,30,547,128,1,1,0,20080,0,105,2022,12,24,0,43,22,6,48,16,33,1,1,1,1,1,9,22,0,0,18,9,30,70,5,2,1,45,75,3,61,1,0,1,0,1,0,11,0,4,0,10,0,3,0,2,0,2,0,4,1,35.707325833333336,139.76994305555556,7,3,9999,0,1,0
1,30,547,134,2,0,1,20390,0,105,2022,12,17,16,45,21,6,44,16,30,2,1,1,1,1,9,22,0,0,19,8,30,70,4,2,1,45,75,51,61,41,0,0,0,0,0,0,0,0,0,40,0,3,0,0,0,0,0,4,2,35.7077425,139.76703500000002,7,3,0,0,0,0
1,30,547,135,2,0,1,20390,0,105,2022,12,18,2,28,22,6,45,16,30,2,1,2,14,7,0,0,0,0,4,9,1,70,4,2,1,55,75,14,61,1,0,11,0,1,0,11,0,3,0,10,0,2,0,2,0,2,0,4,2,35.70820888888889,139.77025722222223,1,3,9999,0,9,0
1,30,548,92,2,0,1,30000,0,105,2022,12,10,12,0,12,6,39,16,28,1,1,1,14,7,0,0,0,0,2,9,1,70,5,3,1,35,55,51,61,41,0,0,0,0,0,0,0,0,0,40,0,4,0,0,0,0,0,4,2,35.72690888888889,139.7646163888889,7,3,0,0,0,0
1,30,548,99,2,0,1,99000,0,105,2022,12,22,17,17,21,6,47,16,32,3,1,2,0,7,0,0,0,0,0,0,20,70,0,4,1,25,45,3,61,31,0,1,0,1,0,11,0,10,0,20,0,3,0,2,0,2,0,4,2,35.731319166666665,139.7480361111111,5,3,9999,0,1,0
1,30,548,100,2,0,1,21160,0,105,2022,12,23,15,45,13,6,48,16,32,1,1,1,1,1,9,22,0,0,14,9,30,70,4,3,1,75,45,51,61,41,0,0,0,0,0,0,0,0,0,10,0,3,0,0,0,0,0,4,2,35.7247575,139.7578775,6,3,0,0,0,0
1,30,549,101,2,0,1,30000,0,116,2022,11,9,7,42,12,6,10,16,39,1,1,1,1,7,1,21,0,0,11,9,30,70,5,3,1,35,1,3,61,1,0,1,0,1,0,11,0,2,0,10,0,4,0,2,0,2,0,4,2,35.732958333333336,139.72498222222222,4,3,9999,0,1,0
1,30,549,102,2,0,1,30000,0,116,2022,12,19,6,5,23,6,45,16,31,1,1,1,7,1,0,0,0,0,2,9,1,70,4,2,1,35,35,3,61,31,0,1,0,1,0,11,0,3,0,10,0,3,0,2,0,2,0,4,2,35.726846944444446,139.7197786111111,2,3,9999,0,1,0
1,30,549,103,2,0,1,170,80,116,2022,12,22,8,20,12,6,47,16,32,3,1,2,1,1,9,22,0,0,18,9,30,70,1,1,1,65,1,2,61,31,0,1,0,1,0,11,0,5,0,10,0,3,0,2,0,2,0,4,2,35.74161138888889,139.73047916666667,5,3,9999,0,9,0
1,30,550,219,2,0,1,30000,0,116,2022,12,3,2,0,22,6,34,16,28,1,1,1,1,1,9,22,0,0,15,9,30,1,5,1,1,55,45,3,61,1,0,1,0,1,0,11,0,2,0,20,0,4,0,2,0,2,0,4,2,35.73323694444445,139.7108313888889,7,3,9999,0,9,0
1,30,550,220,2,0,1,30000,0,116,2022,12,3,13,15,12,6,34,16,28,1,1,1,1,7,9,22,0,0,14,9,30,70,5,3,1,25,55,13,61,31,0,11,0,1,0,11,0,4,0,50,0,4,0,2,0,2,0,4,2,35.738484166666666,139.7180475,7,3,9999,0,1,0
1,30,550,224,2,0,1,95000,0,116,2022,12,2,5,48,23,6,33,16,28,1,1,1,14,7,0,0,0,0,3,9,1,70,1,1,1,55,55,51,61,41,0,0,0,0,0,0,0,0,0,10,0,3,0,0,0,0,0,4,2,35.73333111111111,139.71720222222223,6,3,0,0,0,0
1,30,550,226,2,0,1,2540,60,116,2022,12,11,9,21,12,6,40,16,28,1,1,1,1,1,9,22,0,0,19,9,30,70,1,2,1,35,25,14,61,31,0,11,0,1,0,11,0,5,0,40,0,4,0,2,0,2,0,4,2,35.73885194444445,139.71097972222222,1,3,9999,0,1,0
1,30,550,232,2,0,2,20000,0,116,2022,12,16,7,4,11,6,44,16,29,1,1,1,1,1,8,22,0,0,19,9,30,70,1,2,1,25,1,4,61,31,0,1,0,1,0,11,0,4,0,10,0,3,0,2,0,2,0,4,2,35.7388675,139.71093305555556,6,3,9999,0,1,0
1,30,551,205,2,0,1,30000,0,116,2022,12,12,17,10,21,6,41,16,28,1,1,1,14,7,0,0,0,0,3,9,1,70,5,3,1,35,1,36,61,31,0,0,0,0,0,11,0,10,0,10,0,3,0,0,0,0,0,4,2,35.73420888888889,139.69063111111112,2,3,9999,0,1,0
1,30,552,196,2,0,1,30000,0,117,2022,12,2,9,45,12,6,33,16,28,2,1,1,1,7,9,22,0,0,15,9,30,70,5,1,1,75,65,13,61,31,0,11,0,1,0,11,0,2,0,10,0,3,0,2,0,2,0,4,2,35.73722888888889,139.76379444444444,6,3,752,0,9,0
1,30,552,210,2,0,1,10090,0,117,2022,12,25,2,49,22,6,48,16,34,1,1,1,1,1,9,22,0,0,18,9,30,70,4,1,1,65,35,3,61,1,0,1,0,1,0,11,0,4,0,10,0,3,0,2,0,2,0,4,2,35.74294388888889,139.76233222222223,1,3,9999,0,9,0
1,30,552,213,2,0,1,30000,0,117,2022,12,27,23,33,22,6,49,16,35,1,1,1,14,7,0,0,0,0,2,9,1,70,4,2,1,65,55,3,61,1,0,1,0,1,0,11,0,2,0,10,0,4,0,2,0,2,0,4,2,35.744080833333335,139.73283583333333,3,3,9999,0,1,0
1,30,553,141,2,0,1,20450,0,117,2022,12,8,8,40,12,6,38,16,28,1,1,1,14,7,0,0,0,0,4,9,1,70,4,2,1,25,75,51,61,41,0,0,0,0,0,0,0,0,0,10,0,4,0,0,0,0,0,4,2,35.76079555555555,139.71883944444446,5,3,0,0,0,0
1,30,553,152,2,0,1,20000,0,117,2022,12,5,16,35,21,6,35,16,28,3,1,2,1,1,9,21,0,0,12,9,30,70,4,2,1,75,55,3,61,31,0,1,0,1,0,11,0,1,0,10,0,3,0,2,0,2,0,4,2,35.75842333333333,139.72780138888888,2,3,333,0,9,0
1,30,553,156,2,0,1,30000,0,117,2022,11,24,8,16,12,6,25,16,30,1,1,1,14,7,0,0,0,0,2,9,1,1,5,3,1,25,45,3,61,31,0,1,0,1,0,11,0,2,0,40,0,3,0,2,0,2,0,4,2,35.764288055555554,139.72419972222224,5,3,9999,0,1,0
1,30,553,157,2,0,2,1220,0,117,2022,12,22,4,30,22,6,47,16,32,3,1,2,1,1,9,22,0,0,13,9,30,70,4,2,1,55,65,17,61,1,0,11,0,1,0,11,0,3,0,10,0,4,0,2,0,2,0,4,2,35.76136972222222,139.73751444444443,5,3,9999,0,9,0
1,30,554,265,2,0,1,30000,0,117,2022,12,9,16,20,13,6,39,16,28,1,1,1,14,7,0,0,0,0,3,9,1,70,5,2,1,65,1,3,61,31,0,1,0,1,0,11,0,2,0,10,0,3,0,2,0,2,0,4,2,35.765095277777775,139.70960083333333,6,3,9999,0,9,0
1,30,554,266,2,0,1,30000,0,117,2022,12,10,5,44,23,6,39,16,28,1,1,1,1,1,9,22,0,0,15,9,30,70,4,1,1,55,25,3,61,1,0,1,0,1,0,11,0,2,0,18,0,3,0,2,0,2,0,4,2,35.77455638888889,139.72375583333334,7,3,9999,0,9,0
1,30,554,270,2,0,1,20000,0,117,2022,12,17,8,50,12,6,44,16,30,2,1,1,1,1,9,22,0,0,17,9,30,70,1,1,1,45,65,13,61,31,0,11,0,1,0,11,0,4,0,18,0,3,0,2,0,2,0,4,2,35.7765125,139.72290194444446,7,3,9999,0,9,0