資料区分,都道府県コード,警察署等コード,本票番号,事故内容,死者数,負傷者数,路線コード,地点コード,市区町村コード,発生日時　　年,発生日時　　月,発生日時　　日,発生日時　　時,発生日時　　分,昼夜,日の出時刻　　時,日の出時刻　　分,日の入り時刻　　時,日の入り時刻　　分,天候,地形,路面状態,道路形状,信号機,一時停止規制　標識（当事者A）,一時停止規制　表示（当事者A）,一時停止規制　標識（当事者B）,一時停止規制　表示（当事者B）,車道幅員,道路線形,衝突地点,ゾーン規制,中央分離帯施設等,歩車道区分,事故類型,年齢（当事者A）,年齢（当事者B）,当事者種別（当事者A）,当事者種別（当事者B）,用途別（当事者A）,用途別（当事者B）,車両形状等（当事者A）,車両形状等（当事者B）,オートマチック車（当事者A）,オートマチック車（当事者B）,サポカー（当事者A）,サポカー（当事者B）,速度規制（指定のみ）（当事者A）,速度規制（指定のみ）（当事者B）,車両の衝突部位（当事者A）,車両の衝突部位（当事者B）,車両の損壊程度（当事者A）,車両の損壊程度（当事者B）,エアバッグの装備（当事者A）,エアバッグの装備（当事者B）,サイドエアバッグの装備（当事者A）,サイドエアバッグの装備（当事者B）,人身損傷程度（当事者A）,人身損傷程度（当事者B）,lat,lon,曜日(発生年月日),祝日(発生年月日),認知機能検査経過日数（当事者A）,認知機能検査経過日数（当事者B）,運転練習の方法（当事者A）,運転練習の方法（当事者B）
1,30,554,277,2,0,1,30000,0,117,2022,12,23,6,14,23,6,48,16,32,1,1,1,14,7,0,0,0,0,3,9,1,70,5,2,1,45,1,35,61,31,0,0,0,0,0,11,0,10,0,10,0,3,0,0,0,0,0,4,2,35.77810638888889,139.71971527777777,6,3,9999,0,1,0
1,30,555,454,2,0,1,30000,0,119,2022,11,28,18,25,22,6,29,16,28,2,1,1,14,7,0,0,0,0,2,9,1,70,5,3,1,55,55,13,61,1,0,11,0,1,0,11,0,1,0,10,0,3,0,2,0,2,0,4,2,35.746851666666664,139.7115725,2,3,9999,0,9,0
1,30,555,465,2,0,1,30000,0,119,2022,12,9,14,2,12,6,39,16,28,1,1,1,1,7,9,22,0,0,11,9,30,70,5,3,1,45,75,3,61,31,0,1,0,1,0,11,0,5,0,70,0,4,0,2,0,2,0,4,2,35.750638611111114,139.70913694444442,6,3,9999,0,9,0
1,30,555,481,2,0,1,10130,0,119,2022,12,27,16,31,13,6,49,16,35,1,1,1,1,1,9,22,0,0,19,9,30,70,1,2,1,55,75,17,61,31,0,11,0,1,0,11,0,4,0,10,0,4,0,2,0,2,0,4,2,35.755341666666666,139.68810944444445,3,3,9999,0,1,0
1,30,555,482,2,0,1,30000,0,119,2022,12,16,16,20,13,6,44,16,29,1,1,1,14,7,0,0,0,0,2,9,1,70,1,3,1,1,75,52,61,41,0,0,0,0,0,0,0,0,0,10,0,3,0,0,0,0,0,4,2,35.749475555555556,139.70796944444444,6,3,0,0,0,0
1,30,556,262,2,0,1,30000,0,119,2022,12,8,18,25,22,6,38,16,28,1,1,1,1,1,9,22,0,0,11,9,30,70,4,1,1,55,55,4,61,31,0,1,0,1,0,11,0,5,0,50,0,3,0,2,0,2,0,4,2,35.76694861111111,139.69422111111112,5,3,9999,0,9,0
1,30,556,267,2,0,1,30000,0,119,2022,12,5,16,50,21,6,35,16,28,2,1,2,14,7,0,0,0,0,1,9,1,70,5,3,1,55,75,51,61,41,0,0,0,0,0,0,0,0,0,10,0,4,0,0,0,0,0,4,2,35.77643805555555,139.70181694444443,2,3,0,0,0,0
1,30,556,269,2,0,1,30000,0,119,2022,12,13,17,30,22,6,42,16,28,1,1,1,14,7,0,0,0,0,3,8,1,70,4,2,1,35,75,35,61,31,0,0,0,0,0,11,0,2,0,10,0,3,0,0,0,0,0,4,2,35.766689722222225,139.67774583333332,3,3,9999,0,9,0
1,30,556,270,2,0,1,30000,0,119,2022,12,14,8,45,12,6,42,16,29,1,1,1,7,7,0,0,0,0,3,8,1,70,4,1,1,1,75,51,61,41,0,0,0,0,0,0,0,0,0,10,0,3,0,0,0,0,0,4,2,35.781935555555556,139.6965052777778,4,3,0,0,0,0
1,30,556,273,2,0,1,95000,0,119,2022,12,9,17,0,21,6,39,16,28,1,1,1,14,7,0,0,0,0,1,9,1,70,5,1,1,65,75,52,61,41,0,0,0,0,0,0,0,0,0,10,0,4,0,0,0,0,0,4,2,35.7644625,139.6845013888889,6,3,0,0,0,0
1,30,556,278,2,0,1,30750,0,119,2022,12,20,18,0,22,6,46,16,31,1,1,1,1,1,9,22,0,0,15,8,30,70,4,1,1,45,1,52,61,41,0,0,0,0,0,0,0,0,0,10,0,3,0,0,0,0,0,4,2,35.77695833333333,139.6876988888889,3,3,0,0,0,0
1,30,556,283,2,0,1,10200,0,119,2022,12,21,15,10,12,6,47,16,31,1,1,1,1,1,9,22,0,0,17,9,30,70,1,2,1,1,65,51,61,41,0,0,0,0,0,0,0,0,0,10,0,3,0,0,0,0,0,4,2,35.7785175,139.68516527777777,4,3,0,0,0,0
1,30,557,290,2,0,1,30000,0,120,2022,11,21,15,1,12,6,22,16,31,1,1,1,1,7,1,21,0,0,11,9,30,70,5,3,1,55,45,36,61,31,0,0,0,0,0,11,0,10,0,10,0,3,0,0,0,0,0,4,2,35.737299722222225,139.64137916666667,2,3,9999,0,9,0
1,30,558,248,2,0,1,30000,0,120,2022,12,1,16,45,21,6,32,16,28,3,1,1,14,7,0,0,0,0,3,9,1,70,4,2,1,65,75,3,61,31,0,1,0,1,0,11,0,3,0,10,0,3,0,2,0,2,0,4,2,35.77412388888889,139.59378833333335,5,3,9999,0,9,0
1,30,558,251,2,0,1,30000,0,120,2022,12,8,13,20,12,6,38,16,28,1,1,1,14,7,0,0,0,0,1,9,1,70,5,3,1,35,45,13,61,31,0,11,0,1,0,11,0,10,0,80,0,4,0,2,0,2,0,4,2,35.74386861111111,139.6050447222222,5,3,9999,0,1,0
1,30,558,266,2,0,1,20000,0,120,2022,12,24,23,10,22,6,48,16,33,1,1,1,1,1,9,22,0,0,15,9,30,70,5,2,1,65,45,3,61,31,0,1,0,1,0,11,0,2,0,20,0,3,0,2,0,2,0,4,2,35.77304,139.5948952777778,7,3,9999,0,9,0
1,30,559,206,2,0,1,30000,0,119,2022,12,12,12,54,12,6,41,16,28,1,1,1,1,7,1,22,0,0,11,8,30,70,5,3,1,45,25,51,61,41,0,0,0,0,0,0,0,0,0,10,0,3,0,0,0,0,0,2,4,35.78152,139.63016805555557,2,3,0,0,0,0
1,30,559,214,2,0,1,30000,0,119,2022,12,20,6,20,23,6,46,16,31,1,1,1,1,1,8,22,0,0,14,9,30,70,4,1,1,55,45,3,61,31,0,1,0,1,0,11,0,3,0,10,0,3,0,2,0,2,0,4,2,35.78992583333333,139.66364083333335,3,3,9999,0,9,0
1,30,559,216,2,0,1,30000,0,119,2022,12,22,6,45,23,6,47,16,32,3,1,2,1,1,9,22,0,0,19,9,30,70,1,2,1,45,55,17,61,1,0,11,0,1,0,11,0,3,0,10,0,3,0,2,0,2,0,4,2,35.788713888888886,139.6600125,5,3,9999,0,1,0
1,30,560,327,2,0,1,30000,0,120,2022,11,7,11,10,12,6,8,16,41,1,1,1,1,1,9,22,0,0,11,9,30,70,4,1,1,45,75,17,61,31,0,11,0,1,0,11,0,2,0,0,0,4,0,2,0,2,0,4,2,35.75960777777778,139.63570416666667,2,3,9999,0,5,0
1,30,560,329,2,0,1,10010,0,120,2022,12,1,5,50,23,6,32,16,28,2,1,1,1,1,9,22,0,0,19,9,30,70,1,1,1,1,1,13,61,31,0,11,0,1,0,11,0,4,0,10,0,3,0,2,0,2,0,4,2,35.749250277777776,139.61845027777778,5,3,9999,0,5,0
1,30,560,333,2,0,1,30000,0,120,2022,12,16,17,15,21,6,44,16,29,1,1,1,14,7,0,0,0,0,3,9,1,1,5,3,1,1,65,36,61,31,0,0,0,0,0,11,0,1,0,10,0,2,0,0,0,0,0,4,2,35.771625,139.62897583333333,6,3,9999,0,1,0
1,30,560,336,2,0,1,95000,0,120,2022,10,3,18,15,21,5,37,17,22,1,1,1,0,7,0,0,0,0,0,0,20,70,0,4,1,25,45,51,61,41,0,0,0,0,0,0,0,0,0,40,0,3,0,0,0,0,0,4,2,35.758785555555555,139.62515000000002,2,3,0,0,0,0
1,30,560,341,2,0,1,30000,0,120,2022,12,11,16,30,21,6,40,16,28,2,1,2,14,7,0,0,0,0,2,9,1,70,4,1,1,55,35,3,61,31,0,1,0,1,0,11,0,3,0,10,0,4,0,2,0,2,0,4,2,35.75356388888889,139.61121166666666,1,3,9999,0,9,0
1,30,560,346,2,0,1,30000,0,120,2022,11,17,20,7,22,6,18,16,33,2,1,1,14,7,0,0,0,0,3,9,1,70,5,3,1,65,55,3,61,31,0,1,0,1,0,11,0,2,0,80,0,3,0,2,0,2,0,4,2,35.760486666666665,139.60598555555555,5,3,9999,0,9,0
1,30,560,350,2,0,1,30000,0,120,2022,11,25,12,5,12,6,26,16,29,1,1,1,1,7,9,22,0,0,11,9,30,70,5,3,1,65,35,3,61,31,0,1,0,1,0,11,0,5,0,10,0,3,0,2,0,2,0,4,2,35.76846694444444,139.66226972222222,6,3,9999,0,9,0
1,30,560,353,2,0,1,20510,0,120,2022,12,14,10,5,12,6,42,16,29,1,1,1,7,7,0,0,0,0,1,9,1,70,1,2,1,25,75,51,61,41,0,0,0,0,0,0,0,0,0,10,0,3,0,0,0,0,0,4,2,35.759705277777776,139.6202866666667,4,3,0,0,0,0
1,30,560,356,2,0,1,30000,0,120,2022,12,27,8,0,12,6,49,16,35,1,1,1,1,7,9,22,0,0,14,9,30,70,5,3,1,35,1,12,61,31,0,11,0,1,0,11,0,5,0,40,0,3,0,2,0,2,0,4,2,35.755138055555555,139.6102711111111,3,3,9999,0,1,0
1,30,560,358,2,0,1,30000,0,120,2022,11,11,11,20,12,6,12,16,37,1,1,1,1,7,1,21,0,0,16,9,30,70,5,3,1,75,25,3,61,31,0,1,0,1,0,11,0,2,0,80,0,3,0,2,0,2,0,4,2,35.76139388888889,139.61462583333332,6,3,1059,0,9,0
1,30,560,360,2,0,1,30000,0,120,2022,11,27,15,28,12,6,28,16,29,1,1,1,14,7,0,0,0,0,3,9,1,70,5,3,1,55,75,4,61,31,0,1,0,1,0,11,0,2,0,50,0,3,0,2,0,2,0,4,2,35.73976861111111,139.61797583333333,1,3,9999,0,9,0
1,30,560,365,2,0,1,30000,0,120,2022,12,31,14,35,12,6,50,16,38,1,1,1,1,1,9,22,0,0,15,9,30,70,4,2,1,65,35,4,61,31,0,1,0,1,0,11,0,2,0,20,0,3,0,2,0,2,0,4,2,35.764423055555554,139.6360586111111,7,2,9999,0,9,0
1,30,560,366,2,0,1,2540,127,120,2022,12,4,13,45,12,6,34,16,28,1,1,1,7,7,0,0,0,0,3,9,1,70,1,2,1,75,65,4,61,31,0,1,0,1,0,11,0,5,0,10,0,3,0,2,0,2,0,4,2,35.7682475,139.64840694444445,1,3,222,0,9,0
1,30,660,176,2,0,1,30000,0,106,2022,12,6,15,35,13,6,36,16,28,2,1,2,7,7,0,0,0,0,3,9,1,70,5,3,1,1,55,51,61,41,0,0,0,0,0,0,0,0,0,10,0,4,0,0,0,0,0,4,2,35.70411361111111,139.77656722222224,3,3,0,0,0,0
1,30,660,177,2,0,1,30000,0,106,2022,12,10,11,30,12,6,39,16,28,1,1,1,14,7,0,0,0,0,2,9,1,70,5,2,1,45,25,17,61,31,0,11,0,1,0,11,0,10,0,10,0,3,0,2,0,2,0,4,2,35.70919972222222,139.77368944444447,7,3,9999,0,9,0
1,30,660,180,2,0,1,30000,0,106,2022,12,15,8,36,12,6,43,16,29,1,1,1,1,1,9,22,0,0,11,9,30,70,5,2,1,65,25,13,61,31,0,11,0,1,0,11,0,2,0,10,0,3,0,2,0,2,0,4,2,35.71242666666667,139.7771641666667,5,3,9999,0,9,0
1,30,660,185,2,0,1,30000,0,106,2022,12,6,16,55,21,6,36,16,28,2,1,1,14,7,0,0,0,0,3,9,1,70,5,2,1,45,0,61,0,0,0,0,0,0,0,0,0,0,0,0,0,0,0,0,0,0,0,2,0,35.70588,139.77281666666667,3,3,0,0,0,0
1,30,660,187,2,0,1,30000,0,106,2022,12,24,23,40,22,6,48,16,33,1,1,1,7,7,0,0,0,0,2,9,1,70,5,2,1,55,45,3,61,31,0,1,0,1,0,11,0,2,0,50,0,3,0,2,0,2,0,4,2,35.707010833333335,139.7744438888889,7,3,9999,0,9,0
1,30,660,189,2,0,1,20070,0,106,2022,12,31,14,20,12,6,50,16,38,1,1,1,7,1,0,0,0,0,4,9,1,70,5,1,1,65,45,3,61,1,0,1,0,1,0,11,0,4,0,40,0,4,0,1,0,1,0,4,2,35.70785416666667,139.77313333333333,7,2,9999,0,9,0
1,30,661,132,2,0,1,30000,0,106,2022,12,12,11,23,12,6,41,16,28,1,1,1,1,1,9,22,0,0,15,9,30,70,5,2,1,35,75,3,61,31,0,1,0,1,0,11,0,2,0,10,0,4,0,2,0,2,0,4,2,35.721181388888894,139.7863011111111,2,3,9999,0,5,0
1,30,661,134,2,0,1,40,50,106,2022,12,14,14,20,12,6,42,16,29,1,1,1,14,7,0,0,0,0,6,9,1,70,4,2,1,65,1,52,61,41,0,0,0,0,0,0,0,0,0,10,0,3,0,0,0,0,0,4,2,35.724540833333336,139.78764722222223,4,3,0,0,0,0
1,30,662,133,2,0,1,30000,0,106,2022,11,26,0,23,22,6,27,16,29,1,1,1,14,7,0,0,0,0,2,9,1,70,5,3,1,25,1,3,61,31,0,1,0,1,0,11,0,10,0,20,0,4,0,2,0,2,0,4,2,35.72672861111111,139.80147194444444,7,3,9999,0,4,0
1,30,662,134,2,0,1,20530,0,106,2022,12,6,2,8,22,6,36,16,28,3,1,2,7,7,0,0,0,0,5,9,1,70,4,1,1,55,25,3,61,1,0,1,0,1,0,11,0,10,0,10,0,2,0,2,0,2,0,4,2,35.70943611111112,139.79242055555557,3,3,9999,0,9,0
1,30,662,138,2,0,1,30000,0,106,2022,12,17,10,57,12,6,44,16,30,2,1,1,7,7,0,0,0,0,3,9,1,70,5,3,1,45,1,51,61,41,0,0,0,0,0,0,0,0,0,40,0,3,0,0,0,0,0,4,2,35.72561805555556,139.79711805555556,7,3,0,0,0,0
1,30,663,150,2,0,1,20560,0,106,2022,12,6,12,0,12,6,36,16,28,2,1,2,1,1,9,22,0,0,18,9,30,70,1,2,1,1,75,52,61,41,0,0,0,0,0,0,0,0,0,10,0,4,0,0,0,0,0,4,2,35.70820444444445,139.79103138888888,3,3,0,0,0,0
1,30,663,162,2,0,1,30000,0,106,2022,12,23,9,40,12,6,48,16,32,1,1,1,1,7,1,21,0,0,15,7,30,70,5,3,1,45,25,13,61,31,0,11,0,1,0,11,0,2,0,10,0,4,0,2,0,2,0,4,2,35.70093416666667,139.78717361111111,6,3,9999,0,1,0
1,30,663,164,2,0,2,60,23,106,2022,12,26,20,40,22,6,49,16,34,1,1,1,1,1,9,22,0,0,15,9,30,70,4,2,1,1,25,31,61,31,0,0,0,0,0,11,0,4,0,10,0,3,0,0,0,0,0,2,2,35.698543055555554,139.78693388888888,2,3,9999,0,1,0
1,30,663,167,2,0,1,20390,0,106,2022,12,30,15,37,13,6,50,16,37,1,1,1,7,1,0,0,0,0,3,9,1,70,4,2,1,75,75,59,61,0,0,0,0,0,0,0,0,0,0,10,0,4,0,0,0,0,0,4,2,35.70664805555556,139.78478694444445,6,3,0,0,0,0
1,30,664,83,2,0,1,10090,0,118,2022,12,11,20,25,22,6,40,16,28,3,1,2,1,1,9,22,0,0,18,9,30,70,4,2,1,55,75,51,61,41,0,0,0,0,0,0,0,0,0,10,0,3,0,0,0,0,0,4,2,35.74523222222222,139.75812472222222,1,3,0,0,0,0
1,30,664,86,2,0,1,30000,0,118,2022,12,27,17,55,22,6,49,16,35,1,1,1,1,7,1,21,0,0,11,9,30,70,5,3,1,75,55,51,61,41,0,0,0,0,0,0,0,0,0,10,0,4,0,0,0,0,0,4,2,35.751350277777775,139.74991166666666,3,3,0,0,0,0
1,30,665,109,2,0,1,30000,0,118,2022,12,7,18,30,22,6,37,16,28,1,1,1,14,7,0,0,0,0,3,9,1,70,5,1,1,45,75,3,61,31,0,1,0,1,0,11,0,2,0,10,0,4,0,2,0,2,0,4,2,35.73553583333334,139.80670805555556,4,3,9999,0,1,0
1,30,665,111,2,0,1,99000,0,118,2022,12,13,16,20,13,6,42,16,28,1,1,1,0,7,0,0,0,0,0,0,20,70,0,4,1,1,1,14,61,1,0,11,0,1,0,11,0,10,0,10,0,3,0,2,0,2,0,4,2,35.7380875,139.81057833333335,3,3,9999,0,1,0
1,30,665,115,2,0,1,40,68,118,2022,12,7,5,40,23,6,37,16,28,1,1,2,1,1,9,22,0,0,19,9,30,70,4,2,1,55,45,3,61,31,0,1,0,1,0,11,0,3,0,10,0,3,0,2,0,2,0,4,2,35.737723055555556,139.79683805555555,4,3,9999,0,9,0
1,30,666,106,2,0,1,10340,0,118,2022,12,8,9,20,12,6,38,16,28,1,1,1,14,7,0,0,0,0,4,9,1,70,4,2,1,25,75,51,61,41,0,0,0,0,0,0,0,0,0,10,0,4,0,0,0,0,0,4,2,35.734234444444446,139.77827555555558,5,3,0,0,0,0
1,30,666,107,2,0,1,30000,0,118,2022,12,4,9,0,12,6,34,16,28,2,1,3,14,7,0,0,0,0,2,9,1,70,5,3,1,65,25,3,61,31,0,1,0,1,0,11,0,1,0,40,0,3,0,2,0,2,0,4,2,35.72975,139.7674313888889,1,3,9999,0,9,0
1,30,666,109,2,0,1,30000,0,118,2022,12,12,10,30,12,6,41,16,28,1,1,1,1,7,9,22,0,0,11,9,30,1,5,3,1,1,65,3,61,31,0,1,0,1,0,11,0,1,0,30,0,3,0,2,0,2,0,4,2,35.730697500000005,139.78000416666669,2,3,9999,0,1,0
1,30,666,118,2,0,1,30000,0,118,2022,12,28,11,25,12,6,49,16,35,1,1,1,1,7,9,22,0,0,11,9,30,70,5,3,1,45,75,3,61,31,0,1,0,1,0,11,0,5,0,10,0,3,0,2,0,2,0,4,2,35.74666583333333,139.7814991666667,4,3,9999,0,9,0
1,30,667,113,2,0,1,30000,0,121,2022,12,19,17,40,22,6,45,16,31,1,1,1,14,7,0,0,0,0,2,9,1,1,5,4,1,1,0,61,0,0,0,0,0,0,0,0,0,0,0,0,0,0,0,0,0,0,0,2,0,35.74823472222222,139.81374861111112,2,3,0,0,0,0
1,30,667,114,2,0,1,40,74,121,2022,12,23,6,26,23,6,48,16,32,1,1,1,1,1,9,22,0,0,19,9,30,70,1,1,1,35,55,13,61,31,0,11,0,1,0,11,0,5,0,10,0,3,0,2,0,2,0,4,2,35.74418777777778,139.79778583333334,6,3,9999,0,1,0
1,30,667,116,2,0,1,30000,0,121,2022,12,23,13,0,12,6,48,16,32,1,1,1,14,1,0,0,0,0,1,9,1,1,5,3,1,45,75,3,61,31,0,1,0,1,0,11,0,2,0,20,0,4,0,2,0,2,0,4,2,35.75534694444445,139.79838083333334,6,3,9999,0,9,0
1,30,668,566,2,0,1,10340,0,121,2022,12,2,18,55,22,6,33,16,28,1,1,1,1,1,9,22,0,0,13,9,30,70,1,1,1,25,55,3,61,31,0,1,0,1,0,11,0,3,0,10,0,3,0,2,0,2,0,4,2,35.767296944444446,139.78610944444443,6,3,9999,0,1,0
1,30,668,572,2,0,1,30000,0,121,2022,12,4,17,15,21,6,34,16,28,1,1,1,7,7,0,0,0,0,4,9,1,70,4,2,1,1,75,35,61,31,0,0,0,0,0,11,0,3,0,11,0,4,0,0,0,0,0,4,2,35.76374333333333,139.79026,1,3,9999,0,1,0
1,30,668,574,2,0,1,30000,0,121,2022,12,5,16,58,21,6,35,16,28,3,1,2,1,1,9,22,0,0,14,9,30,70,4,2,1,75,55,13,61,31,0,11,0,1,0,11,0,2,0,10,0,3,0,2,0,2,0,4,2,35.78440194444444,139.78939666666668,2,3,119,0,9,0
1,30,668,577,2,0,1,30000,0,121,2022,12,7,5,45,23,6,37,16,28,1,1,1,0,7,0,0,0,0,0,0,20,70,0,4,1,55,75,51,61,41,0,0,0,0,0,0,0,0,0,10,0,3,0,0,0,0,0,4,2,35.777790833333334,139.74060305555554,4,3,0,0,0,0
1,30,668,582,2,0,1,40,107,121,2022,12,9,18,45,22,6,39,16,28,1,1,1,1,1,9,22,0,0,14,9,30,70,1,2,1,55,45,51,61,41,0,0,0,0,0,0,0,0,0,30,0,4,0,0,0,0,0,4,2,35.7717425,139.80341833333335,6,3,0,0,0,0
1,30,668,586,2,0,1,40,102,121,2022,12,10,19,27,22,6,39,16,28,1,1,1,1,1,9,22,0,0,16,9,30,70,1,1,1,55,35,3,61,31,0,1,0,1,0,11,0,10,0,50,0,4,0,2,0,2,0,4,2,35.76860638888889,139.80360222222222,7,3,9999,0,4,0
1,30,668,603,2,0,1,30000,0,121,2022,12,17,1,50,22,6,44,16,30,1,1,1,1,7,0,0,0,0,13,9,30,70,5,3,1,45,0,61,0,0,0,0,0,0,0,0,0,0,0,0,0,0,0,0,0,0,0,2,0,35.76764722222222,139.76854555555556,7,3,0,0,0,0
1,30,668,609,2,0,1,30000,0,121,2022,12,20,19,40,22,6,46,16,31,1,1,1,1,7,9,22,0,0,11,9,30,70,4,2,1,1,25,33,61,1,0,0,0,0,0,11,0,3,0,10,0,4,0,0,0,0,0,4,2,35.774543055555554,139.79309722222223,3,3,9999,0,1,0
1,30,668,615,2,0,1,30000,0,121,2022,12,24,7,38,11,6,48,16,33,1,1,1,14,7,0,0,0,0,2,9,1,70,5,4,1,1,55,51,61,41,0,0,0,0,0,0,0,0,0,10,0,3,0,0,0,0,0,4,2,35.7729075,139.7365761111111,7,3,0,0,0,0
1,30,668,624,2,0,1,10340,0,121,2022,12,27,15,10,12,6,49,16,35,1,1,1,14,7,0,0,0,0,1,9,1,70,4,2,1,35,75,51,61,41,0,0,0,0,0,0,0,0,0,10,0,3,0,0,0,0,0,4,2,35.77205194444444,139.78458416666666,3,3,0,0,0,0
1,30,668,632,2,0,1,99000,0,121,2022,12,15,10,50,12,6,43,16,29,1,1,1,0,7,0,0,0,0,0,0,20,70,0,4,1,1,25,14,61,1,0,11,0,1,0,11,0,10,0,30,0,3,0,2,0,2,0,4,2,35.765497777777775,139.78639,5,3,9999,0,1,0
1,30,668,633,2,0,1,30790,0,121,2022,12,23,10,27,12,6,48,16,32,1,1,1,1,1,9,22,0,0,14,9,30,70,4,2,1,55,45,3,61,31,0,1,0,1,0,11,0,2,0,10,0,3,0,2,0,2,0,4,2,35.771566944444444,139.78106305555556,6,3,9999,0,9,0
1,30,669,629,2,0,1,30000,0,121,2022,12,28,11,50,12,6,49,16,35,1,1,1,1,7,9,22,0,0,11,9,30,70,5,2,1,65,1,4,61,31,0,1,0,1,0,11,0,3,0,10,0,3,0,2,0,2,0,4,2,35.793909166666666,139.83469861111112,4,3,9999,0,9,0
1,30,669,644,2,0,1,30000,0,121,2022,12,7,17,0,21,6,37,16,28,1,1,1,14,7,0,0,0,0,1,9,1,70,4,2,1,35,45,51,61,41,0,0,0,0,0,0,0,0,0,10,0,4,0,0,0,0,0,4,2,35.79142083333333,139.83548000000002,4,3,0,0,0,0
1,30,669,681,2,0,1,20000,0,121,2022,12,22,6,52,11,6,47,16,32,3,1,2,1,1,9,22,0,0,18,9,30,70,4,2,1,35,25,13,61,31,0,11,0,1,0,11,0,1,0,10,0,3,0,2,0,2,0,4,2,35.7840425,139.82175055555555,5,3,9999,0,9,0
1,30,670,389,2,0,1,30000,0,121,2022,12,3,5,46,23,6,34,16,28,1,1,1,1,7,9,22,0,0,15,9,30,70,5,2,1,65,75,3,61,31,0,1,0,1,0,11,0,3,0,10,0,3,0,2,0,2,0,4,2,35.79015861111111,139.7792875,7,3,9999,0,9,0
1,30,670,390,2,0,1,30460,0,121,2022,12,5,6,5,23,6,35,16,28,2,1,1,1,7,9,22,0,0,14,9,30,70,5,2,1,65,65,4,61,31,0,1,0,1,0,11,0,2,0,50,0,3,0,2,0,2,0,4,2,35.815825555555556,139.7660725,2,3,9999,0,9,0
1,30,670,400,2,0,1,30000,0,121,2022,12,10,16,30,21,6,39,16,28,1,1,1,1,1,9,22,0,0,15,9,30,70,4,2,1,75,1,4,61,31,0,1,0,1,0,11,0,3,0,40,0,3,0,2,0,2,0,4,2,35.807336666666664,139.7577625,7,3,3,0,9,0
1,30,670,402,2,0,1,10340,0,121,2022,12,11,17,40,22,6,40,16,28,2,1,1,1,1,9,22,0,0,15,9,30,70,4,2,1,45,1,3,61,31,0,1,0,1,0,11,0,3,0,10,0,3,0,2,0,2,0,4,2,35.796,139.78843111111112,1,3,9999,0,1,0
1,30,670,403,2,0,1,30000,0,121,2022,12,12,18,5,22,6,41,16,28,1,1,1,1,1,9,22,0,0,15,9,30,70,5,2,1,55,55,11,61,1,0,11,0,1,0,11,0,10,0,40,0,3,0,2,0,2,0,4,2,35.80311888888889,139.79129277777778,2,3,9999,0,9,0
1,30,670,414,2,0,1,30000,0,121,2022,12,16,18,10,22,6,44,16,29,1,1,1,1,7,9,22,0,0,11,9,30,70,5,3,1,35,55,51,61,41,0,0,0,0,0,0,0,0,0,10,0,3,0,0,0,0,0,4,2,35.79236222222222,139.79960138888887,6,3,0,0,0,0
1,30,670,419,2,0,1,40,128,121,2022,12,26,10,15,12,6,49,16,34,1,1,1,1,1,9,22,0,0,19,9,30,70,1,2,1,25,55,13,61,31,0,11,0,1,0,11,0,5,0,10,0,3,0,2,0,2,0,4,2,35.79273027777778,139.8025475,2,3,9999,0,1,0
1,30,670,428,2,0,1,30000,0,121,2022,12,1,8,1,12,6,32,16,28,2,1,1,1,1,0,0,0,0,11,9,30,70,5,3,1,1,0,61,0,0,0,0,0,0,0,0,0,0,0,0,0,0,0,0,0,0,0,2,0,35.791875555555556,139.80769111111113,5,3,0,0,0,0
1,30,771,517,2,0,1,30000,0,108,2022,12,8,12,25,12,6,38,16,28,1,1,1,1,7,9,22,0,0,17,9,30,70,1,2,1,45,75,13,61,1,0,11,0,1,0,11,0,10,0,10,0,3,0,2,0,2,0,4,2,35.67585666666666,139.79529472222222,5,3,9999,0,9,0
1,30,771,525,2,0,1,30000,0,108,2022,12,10,13,10,12,6,39,16,28,1,1,1,1,1,0,0,0,0,15,9,30,70,4,2,1,75,0,61,0,0,0,0,0,0,0,0,0,0,0,0,0,0,0,0,0,0,0,2,0,35.68591194444444,139.80854027777778,7,3,0,0,0,0
1,30,771,527,2,0,1,30000,0,108,2022,12,12,8,30,12,6,41,16,28,1,1,1,14,7,0,0,0,0,4,9,1,70,4,1,1,35,1,3,61,31,0,1,0,1,0,11,0,5,0,80,0,3,0,2,0,2,0,4,2,35.683235555555555,139.80089972222223,2,3,9999,0,1,0
1,30,771,528,2,0,1,10060,0,108,2022,12,12,10,55,12,6,41,16,28,1,1,1,1,1,9,22,0,0,18,9,30,70,1,1,1,1,65,17,61,1,0,11,0,1,0,11,0,4,0,10,0,3,0,2,0,2,0,4,2,35.68878055555555,139.81360083333334,2,3,9999,0,1,0
1,30,771,531,2,0,1,30000,0,108,2022,12,12,17,55,22,6,41,16,28,1,1,1,14,7,0,0,0,0,4,9,1,70,4,2,1,45,1,14,61,31,0,11,0,1,0,11,0,3,0,20,0,3,0,2,0,2,0,4,2,35.6818325,139.8010541666667,2,3,9999,0,9,0
1,30,771,541,2,0,1,30000,0,108,2022,12,8,12,15,12,6,38,16,28,1,1,1,1,7,9,22,0,0,14,9,30,70,5,2,1,45,75,3,61,31,0,1,0,1,0,11,0,2,0,10,0,3,0,2,0,2,0,4,2,35.66954888888888,139.79771055555554,5,3,9999,0,9,0