資料区分,都道府県コード,警察署等コード,本票番号,事故内容,死者数,負傷者数,路線コード,地点コード,市区町村コード,発生日時　　年,発生日時　　月,発生日時　　日,発生日時　　時,発生日時　　分,昼夜,日の出時刻　　時,日の出時刻　　分,日の入り時刻　　時,日の入り時刻　　分,天候,地形,路面状態,道路形状,信号機,一時停止規制　標識（当事者A）,一時停止規制　表示（当事者A）,一時停止規制　標識（当事者B）,一時停止規制　表示（当事者B）,車道幅員,道路線形,衝突地点,ゾーン規制,中央分離帯施設等,歩車道区分,事故類型,年齢（当事者A）,年齢（当事者B）,当事者種別（当事者A）,当事者種別（当事者B）,用途別（当事者A）,用途別（当事者B）,車両形状等（当事者A）,車両形状等（当事者B）,オートマチック車（当事者A）,オートマチック車（当事者B）,サポカー（当事者A）,サポカー（当事者B）,速度規制（指定のみ）（当事者A）,速度規制（指定のみ）（当事者B）,車両の衝突部位（当事者A）,車両の衝突部位（当事者B）,車両の損壊程度（当事者A）,車両の損壊程度（当事者B）,エアバッグの装備（当事者A）,エアバッグの装備（当事者B）,サイドエアバッグの装備（当事者A）,サイドエアバッグの装備（当事者B）,人身損傷程度（当事者A）,人身損傷程度（当事者B）,lat,lon,曜日(発生年月日),祝日(発生年月日),認知機能検査経過日数（当事者A）,認知機能検査経過日数（当事者B）,運転練習の方法（当事者A）,運転練習の方法（当事者B）
1,30,771,548,2,0,1,30000,0,108,2022,9,29,6,45,12,5,34,17,28,1,1,1,14,7,0,0,0,0,1,9,1,70,5,2,1,75,45,3,61,1,0,1,0,1,0,11,0,1,0,30,0,4,0,2,0,1,0,4,2,35.65812444444445,139.81076055555556,5,3,57,0,9,0
1,30,772,412,2,0,1,10090,0,108,2022,12,7,3,58,22,6,37,16,28,1,1,1,1,1,9,22,0,0,19,9,30,70,4,2,1,35,75,11,61,1,0,11,0,2,0,11,0,4,0,10,0,4,0,2,0,2,0,4,2,35.70179777777778,139.82552333333334,4,3,9999,0,5,0
1,30,772,424,2,0,1,30000,0,108,2022,12,8,18,0,22,6,38,16,28,1,1,1,14,7,0,0,0,0,2,9,1,70,5,2,1,65,55,3,61,31,0,1,0,1,0,11,0,1,0,21,0,4,0,2,0,2,0,4,2,35.677305277777776,139.82671861111112,5,3,9999,0,9,0
1,30,772,425,2,0,1,10090,0,108,2022,12,17,18,39,22,6,44,16,30,2,1,1,1,1,1,22,0,0,19,9,30,70,4,2,1,25,1,3,61,31,0,1,0,1,0,11,0,4,0,10,0,3,0,2,0,2,0,4,2,35.68951388888888,139.82626194444444,7,3,9999,0,1,0
1,30,772,428,2,0,2,20660,0,108,2022,11,25,14,55,12,6,26,16,29,1,1,1,1,1,9,22,0,0,19,9,30,70,1,2,1,35,35,36,61,31,0,0,0,0,0,11,0,2,0,20,0,3,0,0,0,0,0,2,2,35.69049083333333,139.8445413888889,6,3,9999,0,5,0
1,30,772,434,2,0,1,10090,0,108,2022,12,25,10,55,12,6,48,16,34,1,1,1,1,1,9,22,0,0,18,9,30,70,4,1,1,1,65,3,61,31,0,1,0,1,0,11,0,4,0,10,0,3,0,2,0,2,0,4,2,35.69454861111111,139.8258747222222,1,3,9999,0,1,0
1,30,772,436,2,0,1,10090,0,108,2022,12,27,5,55,23,6,49,16,35,1,1,1,1,1,9,22,0,0,18,9,30,70,4,2,1,35,65,11,61,1,0,11,0,2,0,11,0,1,0,10,0,4,0,2,0,2,0,4,2,35.667968055555555,139.82578777777778,3,3,9999,0,1,0
1,30,773,303,2,0,1,20530,0,107,2022,12,10,5,40,23,6,39,16,28,1,1,1,1,1,9,22,0,0,17,9,30,70,1,2,1,35,25,4,61,31,0,1,0,1,0,11,0,4,0,50,0,2,0,2,0,2,0,4,2,35.70841638888889,139.80194083333333,7,3,9999,0,1,0
1,30,773,307,2,0,1,30000,0,107,2022,12,13,14,26,12,6,42,16,28,2,1,1,7,7,0,0,0,0,3,9,1,70,5,1,1,55,75,13,61,31,0,11,0,1,0,11,0,5,0,10,0,3,0,2,0,2,0,4,2,35.69589472222222,139.81406166666667,3,3,9999,0,9,0
1,30,773,308,2,0,1,20530,0,107,2022,12,14,4,40,22,6,42,16,29,2,1,1,1,1,9,22,0,0,15,9,30,70,4,1,1,65,35,3,61,1,0,1,0,1,0,11,0,4,0,10,0,3,0,2,0,2,0,4,2,35.70798611111111,139.81776861111112,4,3,9999,0,9,0
1,30,773,332,2,0,1,30000,0,107,2022,10,30,10,25,12,6,1,16,48,1,1,1,1,7,9,22,0,0,14,9,30,70,5,3,1,55,1,51,61,41,0,0,0,0,0,0,0,0,0,10,0,3,0,0,0,0,0,4,2,35.693662499999995,139.79916805555555,1,3,0,0,0,0
1,30,775,360,2,0,1,30000,0,122,2022,12,2,11,0,12,6,33,16,28,1,1,1,14,7,0,0,0,0,2,9,1,70,5,2,1,55,75,51,61,41,0,0,0,0,0,0,0,0,0,10,0,3,0,0,0,0,0,4,2,35.770109166666664,139.87215166666667,6,3,0,0,0,0
1,30,775,366,2,0,1,30000,0,122,2022,12,17,16,10,13,6,44,16,30,1,1,1,14,7,0,0,0,0,2,9,1,70,5,2,1,1,55,51,61,41,0,0,0,0,0,0,0,0,0,40,0,3,0,0,0,0,0,4,2,35.757935555555555,139.87056944444444,7,3,0,0,0,0
1,30,776,408,2,0,1,30000,0,122,2022,12,1,15,30,13,6,32,16,28,1,1,1,1,7,9,22,0,0,14,9,30,70,5,2,1,55,1,13,61,31,0,11,0,1,0,11,0,5,0,10,0,3,0,2,0,2,0,4,2,35.73665472222223,139.86406222222223,5,3,9999,0,9,0
1,30,776,414,2,0,1,10410,0,122,2022,12,6,14,20,12,6,36,16,28,1,1,1,1,1,9,22,0,0,15,9,30,70,4,2,1,1,75,51,61,41,0,0,0,0,0,0,0,0,0,10,0,3,0,0,0,0,0,4,2,35.73649277777778,139.84542944444445,3,3,0,0,0,0
1,30,776,415,2,0,1,30000,0,122,2022,12,6,14,29,12,6,36,16,28,2,1,1,1,7,9,22,0,0,14,9,30,70,4,2,1,75,1,14,61,31,0,11,0,1,0,11,0,3,0,10,0,3,0,2,0,2,0,4,2,35.72622777777778,139.8604863888889,3,3,560,0,9,0
1,30,776,436,2,0,1,30000,0,122,2022,12,20,14,40,12,6,46,16,31,1,1,1,1,7,1,21,0,0,14,9,30,70,5,2,1,45,75,3,61,31,0,1,0,1,0,11,0,2,0,10,0,3,0,2,0,2,0,4,2,35.74657027777778,139.85580666666667,3,3,9999,0,9,0
1,30,776,442,2,0,1,10290,0,122,2022,12,24,10,0,12,6,48,16,33,1,1,3,14,7,0,0,0,0,2,9,1,1,5,2,1,25,45,3,61,31,0,1,0,1,0,11,0,2,0,10,0,3,0,2,0,2,0,4,2,35.71742694444445,139.85417944444444,7,3,9999,0,1,0
1,30,777,752,2,0,1,95000,0,123,2022,12,7,17,45,22,6,37,16,28,1,1,1,14,7,0,0,0,0,3,9,1,70,5,4,1,45,45,51,61,41,0,0,0,0,0,0,0,0,0,10,0,3,0,0,0,0,0,4,2,35.70902805555556,139.84931583333335,4,3,0,0,0,0
1,30,777,753,2,0,1,10130,0,123,2022,12,8,2,50,22,6,38,16,28,1,1,1,1,1,9,22,0,0,19,9,30,70,1,2,1,65,45,3,61,31,0,1,0,1,0,11,0,10,0,80,0,3,0,2,0,2,0,4,2,35.68322111111111,139.8817077777778,5,3,9999,0,9,0
1,30,777,755,2,0,1,10380,0,123,2022,12,8,15,55,13,6,38,16,28,1,1,1,1,1,9,22,0,0,15,9,30,70,4,2,1,45,1,13,61,31,0,11,0,1,0,11,0,3,0,40,0,4,0,2,0,2,0,4,2,35.699840277777774,139.89883305555554,5,3,9999,0,5,0
1,30,777,778,2,0,1,30000,0,123,2022,12,19,17,10,21,6,45,16,31,1,1,1,14,7,0,0,0,0,3,9,1,70,5,3,1,1,75,51,61,41,0,0,0,0,0,0,0,0,0,10,0,3,0,0,0,0,0,4,2,35.70712027777778,139.84596055555556,2,3,0,0,0,0
1,30,777,783,2,0,1,30000,0,123,2022,12,14,7,50,12,6,42,16,29,1,1,1,14,7,0,0,0,0,1,9,1,70,5,3,1,55,55,4,61,31,0,1,0,1,0,11,0,5,0,20,0,3,0,2,0,2,0,4,2,35.702421388888894,139.89132999999998,4,3,9999,0,9,0
1,30,777,785,2,0,1,21190,0,123,2022,12,21,19,2,22,6,47,16,31,1,1,1,1,1,9,22,0,0,15,9,30,70,4,2,1,45,75,14,61,1,0,11,0,1,0,11,0,3,0,20,0,3,0,2,0,2,0,4,2,35.71185416666667,139.84068805555557,4,3,9999,0,1,0
1,30,777,791,2,0,1,30000,0,123,2022,12,24,10,10,12,6,48,16,33,1,1,1,1,1,9,22,0,0,14,9,30,70,5,2,1,1,65,4,61,31,0,1,0,1,0,11,0,3,0,10,0,3,0,2,0,2,0,4,2,35.69710416666666,139.9054788888889,7,3,9999,0,1,0
1,30,777,795,2,0,1,30000,0,123,2022,12,27,7,35,11,6,49,16,35,1,1,1,1,7,9,22,0,0,12,9,30,70,4,3,1,45,1,3,61,31,0,1,0,1,0,11,0,3,0,10,0,3,0,2,0,2,0,4,2,35.70793916666667,139.86890916666667,3,3,9999,0,9,0
1,30,778,277,2,0,1,30000,0,123,2022,12,28,19,0,22,6,49,16,35,1,1,1,14,7,0,0,0,0,1,9,1,70,5,4,1,65,35,3,61,31,0,1,0,1,0,11,0,10,0,20,0,4,0,2,0,2,0,4,2,35.72069055555556,139.87761500000002,4,3,9999,0,9,0
1,30,778,284,2,0,1,10380,0,123,2022,12,8,21,20,22,6,38,16,28,1,1,1,1,1,9,22,0,0,12,9,30,70,5,1,1,25,45,3,61,31,0,1,0,1,0,11,0,2,0,10,0,3,0,2,0,2,0,4,2,35.74136055555556,139.88256777777778,5,3,9999,0,1,0
1,30,778,290,2,0,1,30000,0,123,2022,12,16,10,22,12,6,44,16,29,1,1,1,1,7,9,22,0,0,12,9,30,70,5,1,1,45,55,14,61,1,0,11,0,1,0,11,0,2,0,30,0,3,0,2,0,2,0,4,2,35.74251,139.88425138888888,6,3,9999,0,9,0
1,30,778,292,2,0,1,30000,0,123,2022,12,17,18,15,22,6,44,16,30,2,1,1,1,7,9,22,0,0,11,9,30,70,4,2,1,45,55,3,61,31,0,1,0,1,0,11,0,3,0,10,0,3,0,2,0,2,0,4,2,35.72673638888889,139.87722944444445,7,3,9999,0,9,0
1,30,778,312,2,0,1,30530,0,123,2022,12,28,16,40,21,6,49,16,35,1,1,1,1,1,9,22,0,0,15,9,30,70,5,2,1,45,65,35,61,31,0,0,0,0,0,11,0,3,0,10,0,4,0,0,0,0,0,4,2,35.709657222222226,139.89869833333333,4,3,9999,0,9,0
1,30,778,313,2,0,1,31040,0,123,2022,12,28,19,25,22,6,49,16,35,1,1,1,1,1,9,22,0,0,12,9,30,70,5,2,1,65,45,3,61,1,0,1,0,1,0,11,0,3,0,20,0,3,0,2,0,2,0,4,2,35.73019222222222,139.87699527777778,4,3,9999,0,9,0
1,30,779,261,2,0,1,30000,0,123,2022,12,1,0,27,22,6,32,16,28,1,1,1,1,1,9,22,0,0,15,9,30,70,4,2,1,65,45,3,61,1,0,1,0,1,0,11,0,2,0,10,0,4,0,2,0,2,0,4,2,35.658833888888886,139.8764563888889,5,3,9999,0,9,0
1,30,779,264,2,0,1,10130,0,123,2022,12,4,9,39,12,6,34,16,28,1,1,1,1,1,9,22,0,0,18,9,30,70,1,1,1,45,1,14,61,31,0,11,0,1,0,11,0,3,0,10,0,2,0,2,0,2,0,4,2,35.647351666666665,139.87171750000002,1,3,9999,0,9,0
1,30,779,266,2,0,1,30000,0,123,2022,12,6,0,25,22,6,36,16,28,3,1,2,1,7,9,22,0,0,11,9,30,70,5,2,1,1,55,14,61,31,0,11,0,1,0,11,0,10,0,10,0,3,0,2,0,2,0,4,2,35.66143472222222,139.87142805555555,3,3,9999,0,1,0
1,30,779,275,2,0,1,30000,0,123,2022,12,24,17,50,22,6,48,16,33,1,1,1,1,1,9,22,0,0,14,9,30,70,1,1,1,65,75,3,61,31,0,1,0,1,0,11,0,3,0,10,0,3,0,2,0,2,0,4,2,35.65661611111111,139.88117416666668,7,3,9999,0,9,0
1,30,779,276,2,0,1,30000,0,123,2022,12,25,11,50,12,6,48,16,34,1,1,1,14,7,0,0,0,0,2,9,1,70,5,3,1,35,45,3,61,31,0,1,0,1,0,11,0,2,0,40,0,3,0,2,0,2,0,4,2,35.675331666666665,139.87745111111113,1,3,9999,0,1,0
1,30,779,277,2,0,1,10720,0,123,2022,12,26,6,45,23,6,49,16,34,1,1,1,14,7,0,0,0,0,4,9,1,70,1,2,1,75,65,3,61,31,0,1,0,1,0,11,0,10,0,10,0,3,0,2,0,2,0,4,2,35.661427777777774,139.86586055555554,2,3,692,0,9,0
1,30,779,279,2,0,1,30000,0,123,2022,12,28,6,36,23,6,49,16,35,1,1,1,1,7,9,22,0,0,12,9,30,70,4,2,1,35,75,3,61,31,0,1,0,1,0,11,0,3,0,10,0,3,0,2,0,2,0,4,2,35.65000777777777,139.88356666666667,4,3,9999,0,1,0
1,30,779,280,2,0,1,30000,0,123,2022,12,30,15,10,12,6,50,16,37,1,1,1,14,7,0,0,0,0,2,9,1,70,4,2,1,1,75,51,61,41,0,0,0,0,0,0,0,0,0,10,0,3,0,0,0,0,0,4,2,35.67130694444444,139.86186416666666,6,3,0,0,0,0
1,30,876,327,2,0,1,30000,0,201,2022,9,18,20,25,22,5,26,17,44,3,1,2,1,1,9,22,0,0,15,9,30,70,5,1,1,45,55,4,61,31,0,1,0,1,0,11,0,3,0,10,0,3,0,2,0,2,0,4,2,35.609654444444445,139.36588194444442,1,2,9999,0,1,0
1,30,876,329,2,0,1,10490,0,209,2022,10,26,23,54,22,5,57,16,53,1,1,1,14,7,0,0,0,0,5,9,1,70,1,1,1,55,35,3,61,1,0,1,0,1,0,11,0,3,0,40,0,4,0,2,0,2,0,4,2,35.597077500000005,139.36801611111113,4,3,9999,0,9,0
1,30,876,330,2,0,1,10490,0,209,2022,10,31,16,5,13,6,2,16,47,1,2,1,1,1,9,22,0,0,15,9,30,70,5,1,1,45,65,3,61,31,0,1,0,1,0,11,0,3,0,10,0,3,0,2,0,2,0,4,2,35.60563138888889,139.3062013888889,2,3,9999,0,5,0
1,30,876,346,2,0,1,30000,0,201,2022,12,13,17,5,21,6,42,16,28,1,2,2,1,7,1,21,0,0,14,8,30,70,4,2,1,55,65,3,61,31,0,1,0,1,0,11,0,2,0,10,0,3,0,2,0,2,0,4,2,35.63213861111111,139.3734238888889,3,3,9999,0,9,0
1,30,876,347,2,0,1,30000,0,201,2022,12,13,22,58,22,6,42,16,28,2,1,1,14,7,0,0,0,0,2,9,1,70,4,2,1,55,1,4,61,31,0,1,0,1,0,11,0,3,0,70,0,3,0,2,0,2,0,4,2,35.61850527777778,139.36859944444444,3,3,9999,0,9,0
1,30,876,352,2,0,1,30000,0,201,2022,12,17,9,20,12,6,44,16,30,2,1,1,1,7,9,22,0,0,11,7,30,70,5,2,1,35,25,13,61,31,0,11,0,1,0,11,0,3,0,10,0,3,0,2,0,2,0,4,2,35.64134333333333,139.33211333333333,7,3,9999,0,5,0
1,30,876,353,2,0,1,99000,0,201,2022,12,18,14,15,12,6,45,16,30,1,1,1,0,7,0,0,0,0,0,0,20,70,0,4,1,45,35,14,61,1,0,11,0,1,0,11,0,10,0,50,0,4,0,2,0,2,0,4,2,35.644804444444446,139.35126027777778,1,3,9999,0,5,0
1,30,876,354,2,0,1,30000,0,201,2022,12,23,17,5,21,6,48,16,32,1,1,1,1,7,9,22,0,0,16,9,30,70,4,2,1,65,75,14,61,31,0,11,0,1,0,11,0,3,0,50,0,3,0,2,0,2,0,4,2,35.630406944444445,139.34571250000002,6,3,9999,0,5,0
1,30,876,355,2,0,1,99000,0,201,2022,12,24,18,20,22,6,48,16,33,1,1,1,0,7,0,0,0,0,0,0,20,70,0,4,1,45,65,3,61,31,0,1,0,1,0,11,0,10,0,30,0,3,0,2,0,2,0,4,2,35.637414444444445,139.41734888888888,7,3,9999,0,4,0
1,30,876,356,2,0,2,10490,0,209,2022,12,25,14,15,12,6,48,16,34,1,1,1,1,1,9,22,0,0,14,9,30,70,5,1,1,65,65,3,61,1,0,1,0,1,0,11,0,3,0,10,0,3,0,2,0,2,0,4,2,35.60448638888889,139.33268999999999,1,3,27,0,9,0
1,30,876,357,2,0,1,30000,0,209,2022,12,25,19,1,22,6,48,16,34,1,1,1,14,7,0,0,0,0,2,9,1,70,4,2,1,25,1,51,61,41,0,0,0,0,0,0,0,0,0,10,0,4,0,0,0,0,0,4,2,35.607957222222225,139.3511988888889,1,3,0,0,0,0
1,30,876,360,2,0,1,21110,0,209,2022,12,29,11,26,12,6,50,16,36,1,1,1,1,1,0,0,0,0,14,9,30,70,1,2,1,65,0,61,0,0,0,0,0,0,0,0,0,0,0,0,0,0,0,0,0,0,0,2,0,35.59969055555556,139.36257777777777,5,3,0,0,0,0
1,30,877,390,2,0,1,30000,0,201,2022,12,8,7,50,12,6,38,16,28,1,1,1,14,7,0,0,0,0,2,9,1,70,5,4,1,65,1,3,61,31,0,1,0,1,0,11,0,10,0,20,0,3,0,2,0,2,0,4,2,35.665305,139.3083788888889,5,3,9999,0,9,0
1,30,877,391,2,0,1,30000,0,201,2022,12,8,16,30,21,6,38,16,28,1,2,1,1,7,9,22,0,0,11,9,30,70,5,3,1,65,1,3,61,31,0,1,0,1,0,11,0,2,0,50,0,3,0,2,0,2,0,4,2,35.653260833333334,139.2973963888889,5,3,9999,0,9,0
1,30,877,392,2,0,1,95000,0,201,2022,12,6,18,47,22,6,36,16,28,2,2,1,0,7,0,0,0,0,0,0,20,70,0,4,1,35,45,4,61,31,0,1,0,1,0,11,0,10,0,21,0,3,0,2,0,2,0,4,2,35.67807083333333,139.26982694444445,3,3,9999,0,1,0
1,30,877,394,2,0,1,99000,0,201,2022,12,15,9,20,12,6,43,16,29,1,1,1,0,7,0,0,0,0,0,0,20,70,0,4,1,25,65,3,61,31,0,1,0,1,0,11,0,10,0,30,0,3,0,2,0,2,0,4,2,35.674252499999994,139.2658775,5,3,9999,0,5,0
1,30,877,398,2,0,1,20730,0,201,2022,12,8,8,50,12,6,38,16,28,1,3,1,1,1,0,0,0,0,15,9,30,70,4,2,1,75,0,61,0,0,0,0,0,0,0,0,0,0,0,0,0,0,0,0,0,0,0,2,0,35.66862888888889,139.25307222222222,5,3,0,0,0,0
1,30,878,410,2,0,2,10610,0,225,2022,10,22,13,0,12,5,53,16,57,1,2,1,1,1,9,22,0,0,15,9,30,70,1,2,1,65,55,4,61,31,0,1,0,1,0,11,0,5,0,10,0,3,0,2,0,2,0,4,2,35.63813583333333,139.5053761111111,7,3,9999,0,9,0
1,30,878,412,2,0,1,30000,0,225,2022,11,16,15,30,12,6,17,16,34,1,2,1,1,7,9,22,0,0,15,9,30,70,4,2,1,75,75,4,61,31,0,1,0,1,0,11,0,10,0,10,0,3,0,2,0,2,0,4,2,35.63746555555556,139.50523166666667,4,3,986,0,9,0
1,30,878,414,2,0,1,95000,0,224,2022,12,1,20,20,22,6,32,16,28,2,2,1,1,7,9,22,0,0,15,7,30,70,5,1,1,45,55,3,61,31,0,1,0,1,0,11,0,2,0,10,0,3,0,2,0,2,0,4,2,35.62455833333333,139.44104694444445,5,3,9999,0,9,0
1,30,878,417,2,0,1,21110,0,224,2022,12,3,8,15,12,6,34,16,28,2,2,1,1,7,9,22,0,0,12,7,30,70,1,2,1,25,55,51,61,41,0,0,0,0,0,0,0,0,0,10,0,3,0,0,0,0,0,4,2,35.633693888888885,139.44448972222222,7,3,0,0,0,0
1,30,878,419,2,0,1,10500,0,225,2022,12,5,8,0,12,6,35,16,28,2,2,1,1,1,9,22,0,0,16,9,30,70,1,2,1,65,25,3,61,31,0,1,0,1,0,11,0,3,0,10,0,3,0,2,0,2,0,4,2,35.64982972222222,139.48824166666665,2,3,9999,0,9,0
1,30,878,423,2,0,1,95000,0,224,2022,12,10,14,55,12,6,39,16,28,1,2,1,1,1,9,22,0,0,15,9,30,70,4,2,1,55,75,3,61,31,0,1,0,1,0,11,0,3,0,50,0,3,0,2,0,2,0,4,2,35.61622138888889,139.44860305555557,7,3,9999,0,1,0
1,30,878,426,2,0,1,30000,0,225,2022,12,12,16,35,21,6,41,16,28,1,2,1,1,7,1,21,0,0,12,9,30,70,4,2,1,55,65,14,61,31,0,11,0,1,0,11,0,1,0,10,0,3,0,2,0,2,0,4,2,35.63758305555555,139.5052736111111,2,3,9999,0,9,0
1,30,878,428,2,0,1,30000,0,224,2022,12,13,17,46,22,6,42,16,28,2,2,2,1,7,9,22,0,0,12,9,30,70,4,2,1,75,1,3,61,31,0,1,0,1,0,11,0,3,0,10,0,3,0,2,0,2,0,4,2,35.62180472222222,139.44615611111112,3,3,235,0,9,0
1,30,878,431,2,0,1,30000,0,224,2022,12,14,17,30,22,6,42,16,29,1,1,1,14,7,0,0,0,0,3,9,1,70,5,3,1,35,75,36,61,31,0,0,0,0,0,11,0,2,0,10,0,2,0,0,0,0,0,4,2,35.629800833333334,139.43970805555557,4,3,9999,0,5,0
1,30,878,438,2,0,1,30000,0,225,2022,12,9,17,0,21,6,39,16,28,1,2,1,14,7,0,0,0,0,2,9,1,70,5,4,1,45,35,14,61,31,0,11,0,1,0,11,0,10,0,30,0,4,0,2,0,2,0,4,2,35.647572777777775,139.5090925,6,3,9999,0,1,0
1,30,878,443,2,0,1,30000,0,225,2022,12,20,13,10,12,6,46,16,31,1,2,1,1,1,9,22,0,0,15,9,30,70,4,2,1,75,55,3,61,31,0,1,0,1,0,11,0,3,0,10,0,3,0,2,0,2,0,4,2,35.6257575,139.46676527777777,3,3,726,0,9,0
1,30,878,444,2,0,1,30000,0,224,2022,12,20,17,40,22,6,46,16,31,1,2,1,14,7,0,0,0,0,2,9,1,70,4,2,1,1,25,36,61,31,0,0,0,0,0,11,0,2,0,10,0,2,0,0,0,0,0,4,2,35.62016805555555,139.4187986111111,3,3,9999,0,1,0
1,30,878,447,2,0,1,95000,0,225,2022,12,22,7,52,12,6,47,16,32,3,1,2,1,1,0,0,0,0,15,9,30,70,4,2,1,1,0,61,0,0,0,0,0,0,0,0,0,0,0,0,0,0,0,0,0,0,0,2,0,35.61179166666667,139.4872436111111,5,3,0,0,0,0
1,30,878,457,2,0,1,95000,0,224,2022,12,28,20,30,22,6,49,16,35,1,2,1,14,7,0,0,0,0,2,9,1,70,5,4,1,45,1,14,61,1,0,11,0,1,0,11,0,5,0,40,0,3,0,2,0,2,0,4,2,35.617471111111115,139.4361211111111,4,3,9999,0,9,0
1,30,878,459,2,0,1,95000,0,224,2022,12,22,19,15,22,6,47,16,32,1,1,1,1,1,9,22,0,0,15,9,30,70,4,1,1,1,75,14,61,1,0,11,0,2,0,11,0,4,0,30,0,3,0,2,0,2,0,4,2,35.65181611111111,139.44666055555555,5,3,9999,0,1,0
1,30,878,460,2,0,1,30000,0,224,2022,12,22,20,0,22,6,47,16,32,1,2,1,1,1,9,22,0,0,12,9,30,70,4,2,1,35,1,3,61,31,0,1,0,1,0,11,0,3,0,10,0,3,0,2,0,2,0,4,2,35.63546,139.4361388888889,5,3,9999,0,5,0
1,30,879,567,2,0,1,30000,0,220,2022,12,2,15,25,12,6,33,16,28,1,2,1,14,7,0,0,0,0,2,9,1,70,5,4,1,1,25,51,61,41,0,0,0,0,0,0,0,0,0,10,0,3,0,0,0,0,0,4,2,35.74974666666667,139.44200361111112,6,3,0,0,0,0
1,30,879,573,2,0,1,99000,0,220,2022,12,7,10,0,12,6,37,16,28,1,1,1,0,7,0,0,0,0,0,0,20,70,0,4,1,25,65,3,61,31,0,1,0,1,0,11,0,1,0,10,0,3,0,2,0,2,0,4,2,35.7521625,139.42758972222222,4,3,9999,0,1,0
1,30,879,587,2,0,2,30000,0,220,2022,9,30,17,40,21,5,35,17,27,1,2,1,14,7,0,0,0,0,1,9,1,70,5,3,1,1,1,3,61,31,0,1,0,1,0,11,0,2,0,40,0,3,0,2,0,2,0,4,2,35.75019861111111,139.43976138888888,6,3,9999,0,1,0
1,30,879,588,2,0,1,10240,0,223,2022,12,14,16,0,13,6,42,16,29,1,1,1,1,7,9,22,0,0,11,9,30,70,4,3,1,55,55,4,61,31,0,1,0,1,0,11,0,3,0,40,0,3,0,2,0,2,0,4,2,35.75487611111111,139.3895375,4,3,9999,0,9,0
1,30,879,597,2,0,1,30000,0,220,2022,12,22,19,0,22,6,47,16,32,1,2,2,1,1,9,22,0,0,11,9,30,70,4,2,1,65,35,36,61,31,0,0,0,0,0,11,0,2,0,10,0,3,0,0,0,0,0,2,4,35.74470277777778,139.41402722222222,5,3,9999,0,9,0
1,30,879,598,2,0,1,30590,0,220,2022,12,23,17,0,21,6,48,16,32,1,2,1,14,7,0,0,0,0,1,9,1,70,5,2,1,1,65,51,61,41,0,0,0,0,0,0,0,0,0,40,0,3,0,0,0,0,0,4,2,35.73686888888889,139.42292555555554,6,3,0,0,0,0
1,30,880,264,2,0,1,30000,0,205,2022,12,9,13,39,12,6,39,16,28,1,1,1,14,7,0,0,0,0,3,9,1,70,5,3,1,65,75,4,61,31,0,1,0,1,0,11,0,10,0,80,0,3,0,2,0,2,0,4,2,35.785152777777775,139.28615527777777,6,3,9999,0,9,0
1,30,880,266,2,0,1,30000,0,205,2022,12,13,17,50,22,6,42,16,28,1,1,1,1,1,9,22,0,0,19,9,30,70,4,2,1,65,45,3,61,31,0,1,0,1,0,11,0,3,0,10,0,3,0,2,0,2,0,4,2,35.79682833333333,139.29788944444445,3,3,9999,0,9,0
1,30,880,267,2,0,1,30000,0,205,2022,12,18,0,0,22,6,45,16,30,3,1,2,1,7,1,21,0,0,14,9,30,70,4,2,1,65,55,3,61,31,0,1,0,1,0,11,0,3,0,50,0,3,0,2,0,2,0,4,2,35.78342361111111,139.30316194444447,1,3,9999,0,9,0
1,30,880,269,2,0,1,30000,0,205,2022,12,20,7,50,12,6,46,16,31,1,1,1,1,1,9,22,0,0,15,7,30,70,4,1,1,45,1,13,61,31,0,11,0,1,0,11,0,3,0,10,0,3,0,2,0,2,0,4,2,35.80820583333333,139.30357555555557,3,3,9999,0,5,0
1,30,880,273,2,0,1,10000,0,205,2022,12,22,6,30,23,6,47,16,32,3,3,2,1,1,0,0,0,0,15,9,30,70,1,2,1,35,0,61,0,0,0,0,0,0,0,0,0,0,0,0,0,0,0,0,0,0,0,2,0,35.77846833333333,139.31022750000002,5,3,0,0,0,0
1,30,882,437,2,0,1,99000,0,228,2021,7,21,9,30,12,4,41,18,54,1,2,1,0,7,0,0,0,0,0,0,20,70,0,4,1,55,65,3,61,31,0,1,0,1,0,11,0,10,0,30,0,3,0,2,0,2,0,4,2,35.72622777777778,139.28047,4,2,9999,0,9,0
1,30,882,440,2,0,1,30000,0,218,2022,12,27,17,20,21,6,49,16,35,1,1,1,1,7,1,21,0,0,12,9,30,70,4,2,1,65,75,3,61,31,0,1,0,1,0,11,0,3,0,10,0,3,0,2,0,2,0,4,2,35.75264111111111,139.32333277777778,3,3,9999,0,9,0
1,30,882,447,2,0,1,30000,0,218,2022,12,4,11,30,12,6,34,16,28,1,1,1,1,1,9,22,0,0,11,9,30,70,4,2,1,55,45,3,61,31,0,1,0,1,0,11,0,2,0,10,0,4,0,2,0,2,0,4,2,35.74858722222222,139.33286555555554,1,3,9999,0,1,0