資料区分,都道府県コード,警察署等コード,本票番号,事故内容,死者数,負傷者数,路線コード,地点コード,市区町村コード,発生日時　　年,発生日時　　月,発生日時　　日,発生日時　　時,発生日時　　分,昼夜,日の出時刻　　時,日の出時刻　　分,日の入り時刻　　時,日の入り時刻　　分,天候,地形,路面状態,道路形状,信号機,一時停止規制　標識（当事者A）,一時停止規制　表示（当事者A）,一時停止規制　標識（当事者B）,一時停止規制　表示（当事者B）,車道幅員,道路線形,衝突地点,ゾーン規制,中央分離帯施設等,歩車道区分,事故類型,年齢（当事者A）,年齢（当事者B）,当事者種別（当事者A）,当事者種別（当事者B）,用途別（当事者A）,用途別（当事者B）,車両形状等（当事者A）,車両形状等（当事者B）,オートマチック車（当事者A）,オートマチック車（当事者B）,サポカー（当事者A）,サポカー（当事者B）,速度規制（指定のみ）（当事者A）,速度規制（指定のみ）（当事者B）,車両の衝突部位（当事者A）,車両の衝突部位（当事者B）,車両の損壊程度（当事者A）,車両の損壊程度（当事者B）,エアバッグの装備（当事者A）,エアバッグの装備（当事者B）,サイドエアバッグの装備（当事者A）,サイドエアバッグの装備（当事者B）,人身損傷程度（当事者A）,人身損傷程度（当事者B）,lat,lon,曜日(発生年月日),祝日(発生年月日),認知機能検査経過日数（当事者A）,認知機能検査経過日数（当事者B）,運転練習の方法（当事者A）,運転練習の方法（当事者B）
1,30,882,448,2,0,1,30000,0,218,2022,12,5,7,48,12,6,35,16,28,2,1,1,1,7,9,22,0,0,11,9,30,70,4,2,1,35,1,3,61,31,0,1,0,1,0,11,0,2,0,40,0,3,0,2,0,2,0,4,2,35.73545222222222,139.33155444444444,2,3,9999,0,1,0
1,30,882,450,2,0,1,30000,0,218,2022,12,5,19,35,22,6,35,16,28,3,1,2,1,7,1,22,0,0,11,9,30,70,5,3,1,35,45,3,61,31,0,1,0,1,0,11,0,2,0,20,0,3,0,2,0,2,0,4,2,35.74386138888889,139.3313122222222,2,3,9999,0,5,0
1,30,882,453,2,0,1,10000,0,303,2022,12,8,6,38,11,6,38,16,28,1,1,1,7,1,0,0,0,0,3,9,1,70,4,2,1,55,25,3,61,31,0,1,0,1,0,11,0,3,0,20,0,3,0,2,0,2,0,4,2,35.777769444444445,139.35266,5,3,9999,0,9,0
1,30,882,455,2,0,1,30000,0,228,2022,12,8,22,40,22,6,38,16,28,1,2,1,1,1,9,22,0,0,18,9,30,70,4,2,1,55,55,4,61,31,0,1,0,1,0,11,0,3,0,10,0,3,0,2,0,2,0,4,2,35.72392305555556,139.31042583333334,5,3,9999,0,9,0
1,30,882,456,2,0,1,10260,0,228,2022,12,10,13,0,12,6,39,16,28,1,1,1,1,1,9,22,0,0,15,9,30,70,4,2,1,55,75,14,61,31,0,11,0,1,0,11,0,3,0,10,0,3,0,2,0,2,0,4,2,35.728792222222225,139.28794194444444,7,3,9999,0,9,0
1,30,882,467,2,0,1,10550,0,218,2022,12,14,10,24,12,6,42,16,29,1,1,1,1,7,9,22,0,0,14,9,30,70,3,3,1,65,45,4,61,31,0,1,0,1,0,11,0,4,0,10,0,4,0,2,0,2,0,4,2,35.7496475,139.319735,4,3,9999,0,9,0
1,30,882,475,2,0,1,160,522,218,2022,12,19,14,10,12,6,45,16,31,1,2,1,14,7,0,0,0,0,5,9,1,70,1,1,1,55,75,4,61,31,0,1,0,1,0,11,0,5,0,11,0,1,0,2,0,2,0,4,2,35.74883722222222,139.33796583333336,2,3,9999,0,1,0
1,30,882,479,2,0,1,10550,0,227,2022,12,20,18,45,22,6,46,16,31,1,3,1,1,7,9,22,0,0,15,9,30,70,4,2,1,45,35,5,61,31,0,1,0,1,0,11,0,3,0,10,0,3,0,2,0,2,0,4,2,35.76357083333333,139.30928500000002,3,3,9999,0,5,0
1,30,883,541,2,0,1,30000,0,201,2022,12,1,5,30,22,6,32,16,28,1,1,1,14,7,0,0,0,0,2,8,1,70,4,2,1,35,75,51,61,41,0,0,0,0,0,0,0,0,0,10,0,3,0,0,0,0,0,4,2,35.67073305555555,139.31679194444445,5,3,0,0,0,0
1,30,883,546,2,0,1,99000,0,201,2022,12,5,17,35,22,6,35,16,28,1,1,1,0,7,0,0,0,0,0,0,20,70,0,4,1,55,65,14,61,31,0,11,0,1,0,11,0,10,0,20,0,3,0,2,0,2,0,4,2,35.66924972222222,139.36268027777777,2,3,9999,0,9,0
1,30,883,550,2,0,2,20740,0,201,2022,12,6,22,40,22,6,36,16,28,1,1,2,13,7,0,0,0,0,3,5,1,70,4,1,1,35,45,35,61,31,0,0,0,0,0,11,0,3,0,10,0,3,0,0,0,0,0,2,2,35.69700972222222,139.30188416666667,3,3,9999,0,1,0
1,30,883,551,2,0,1,160,442,201,2022,12,7,4,50,22,6,37,16,28,1,1,1,1,1,9,22,0,0,15,9,30,70,1,3,1,45,25,12,61,1,0,11,0,1,0,11,0,5,0,10,0,3,0,2,0,2,0,4,2,35.68546361111111,139.34720305555555,4,3,9999,0,9,0
1,30,883,553,2,0,1,21150,0,201,2022,12,7,23,21,22,6,37,16,28,1,1,1,1,7,9,22,0,0,15,9,30,70,4,2,1,45,65,3,61,31,0,1,0,1,0,11,0,3,0,10,0,3,0,2,0,2,0,4,2,35.67988138888889,139.36647527777777,4,3,9999,0,9,0
1,30,883,561,2,0,1,30000,0,201,2022,12,12,16,5,13,6,41,16,28,1,2,1,14,7,0,0,0,0,3,9,1,70,5,3,1,55,75,3,61,31,0,1,0,1,0,11,0,2,0,30,0,3,0,2,0,2,0,4,2,35.65791055555555,139.31354833333336,2,3,9999,0,9,0
1,30,883,563,2,0,1,30000,0,201,2022,12,15,18,30,22,6,43,16,29,1,1,1,1,7,1,22,0,0,14,9,30,70,4,1,1,1,55,36,61,31,0,0,0,0,0,11,0,10,0,10,0,3,0,0,0,0,0,4,2,35.651756388888884,139.31924083333334,5,3,9999,0,1,0
1,30,883,570,2,0,1,30000,0,201,2022,12,17,17,10,21,6,44,16,30,2,2,1,1,1,9,22,0,0,14,9,30,70,4,2,1,45,55,14,61,31,0,11,0,1,0,11,0,3,0,20,0,4,0,2,0,2,0,4,2,35.66497333333333,139.31723888888888,7,3,9999,0,9,0
1,30,883,576,2,0,1,95000,0,201,2022,12,20,17,5,21,6,46,16,31,1,1,1,1,7,9,22,0,0,11,9,30,70,4,1,1,55,75,3,61,31,0,1,0,1,0,11,0,3,0,20,0,3,0,2,0,2,0,4,2,35.65286833333333,139.34418027777778,3,3,9999,0,4,0
1,30,883,578,2,0,1,30000,0,201,2022,11,24,19,55,22,6,25,16,30,2,1,1,1,1,9,22,0,0,15,9,30,70,4,1,1,25,65,14,61,1,0,11,0,1,0,11,0,10,0,10,0,3,0,2,0,2,0,4,2,35.65632222222222,139.30686055555557,5,3,9999,0,5,0
1,30,883,581,2,0,1,200,479,201,2022,12,22,19,40,22,6,47,16,32,1,1,1,1,1,9,22,0,0,13,9,30,70,4,1,1,35,65,3,61,31,0,1,0,1,0,11,0,4,0,10,0,3,0,2,0,2,0,4,2,35.65499361111111,139.30653555555557,5,3,9999,0,1,0
1,30,883,582,2,0,1,30000,0,201,2022,12,26,10,2,12,6,49,16,34,1,1,1,1,7,9,22,0,0,11,9,30,70,5,2,1,65,65,4,61,31,0,1,0,1,0,11,0,2,0,50,0,3,0,2,0,2,0,4,2,35.65309,139.34129611111112,2,3,9999,0,9,0
1,30,884,759,2,0,1,30000,0,209,2022,12,3,10,40,12,6,34,16,28,2,1,1,1,1,9,22,0,0,15,8,30,70,4,2,1,25,1,52,61,41,0,0,0,0,0,0,0,0,0,10,0,3,0,0,0,0,0,4,2,35.54175027777777,139.45067805555556,7,3,0,0,0,0
1,30,884,761,2,0,1,95000,0,209,2022,12,4,5,36,23,6,34,16,28,1,1,1,0,7,0,0,0,0,0,0,20,70,0,4,1,25,55,3,61,31,0,1,0,1,0,11,0,10,0,30,0,3,0,2,0,2,0,4,2,35.58305777777778,139.42460694444443,1,3,9999,0,1,0
1,30,884,764,2,0,1,30000,0,209,2022,12,9,16,55,21,6,39,16,28,1,1,1,1,7,9,22,0,0,14,9,30,70,4,2,1,25,65,14,61,31,0,11,0,1,0,11,0,3,0,20,0,3,0,2,0,2,0,4,2,35.537614999999995,139.46710777777778,6,3,9999,0,5,0
1,30,884,769,2,0,1,30560,0,209,2022,11,28,19,38,22,6,29,16,28,2,1,1,14,7,0,0,0,0,3,8,1,70,4,2,1,35,45,51,61,41,0,0,0,0,0,0,0,0,0,0,0,4,0,0,0,0,0,4,2,35.539269999999995,139.45122583333332,2,3,0,0,0,0
1,30,884,777,2,0,1,30000,0,209,2022,12,14,17,10,21,6,42,16,29,1,2,1,1,1,9,22,0,0,12,6,30,70,4,2,1,75,35,3,61,31,0,1,0,1,0,11,0,3,0,80,0,3,0,2,0,2,0,4,2,35.537054166666664,139.4740747222222,4,3,169,0,9,0
1,30,884,781,2,0,1,30000,0,209,2022,12,16,7,48,12,6,44,16,29,1,2,1,14,7,0,0,0,0,3,9,1,70,5,2,1,55,1,4,61,31,0,1,0,1,0,11,0,3,0,40,0,3,0,2,0,2,0,4,2,35.57452666666667,139.41116222222223,6,3,9999,0,9,0
1,30,884,788,2,0,1,30000,0,209,2022,12,17,21,0,22,6,44,16,30,3,1,2,1,7,9,22,0,0,11,7,30,70,4,2,1,45,65,14,61,1,0,11,0,1,0,11,0,3,0,10,0,3,0,2,0,2,0,4,2,35.590276111111116,139.48144,7,3,9999,0,9,0
1,30,884,790,2,0,1,90000,0,209,2022,12,19,16,40,21,6,45,16,31,1,1,1,0,7,0,0,0,0,0,0,20,70,0,4,1,65,65,3,61,31,0,1,0,1,0,11,0,10,0,30,0,2,0,2,0,2,0,4,2,35.56122944444444,139.4545122222222,2,3,9999,0,1,0
1,30,884,804,2,0,1,30000,0,209,2022,12,25,20,43,22,6,48,16,34,1,1,1,14,7,0,0,0,0,1,8,1,70,4,2,1,1,75,36,61,31,0,0,0,0,0,11,0,2,0,10,0,3,0,0,0,0,0,4,2,35.55215444444444,139.4548072222222,1,3,9999,0,1,0
1,30,884,824,2,0,1,30000,0,209,2022,12,22,19,10,22,6,47,16,32,1,2,1,1,1,9,22,0,0,12,3,30,70,4,2,1,45,75,3,61,31,0,1,0,1,0,11,0,3,0,80,0,3,0,2,0,2,0,4,2,35.526827222222224,139.47806916666667,5,3,9999,0,9,0
1,30,884,825,2,0,1,30000,0,209,2022,12,31,16,4,13,6,50,16,38,1,1,1,1,7,9,22,0,0,12,9,30,70,5,4,1,35,25,3,61,31,0,1,0,1,0,11,0,3,0,10,0,3,0,2,0,2,0,4,2,35.556132777777776,139.45504305555554,7,2,9999,0,1,0
1,30,884,826,2,0,1,10610,0,209,2022,12,30,17,2,21,6,50,16,37,1,1,1,14,7,0,0,0,0,3,9,1,70,4,2,1,25,65,3,61,31,0,1,0,1,0,11,0,3,0,20,0,3,0,2,0,2,0,4,2,35.583174722222225,139.47116805555555,6,3,9999,0,1,0
1,30,884,827,2,0,1,30000,0,209,2022,12,13,5,58,23,6,42,16,28,2,1,2,1,1,9,22,0,0,12,9,30,70,4,2,1,35,75,3,61,31,0,1,0,1,0,11,0,3,0,10,0,3,0,2,0,2,0,4,2,35.587717500000004,139.48007083333334,3,3,9999,0,1,0
1,30,885,286,1,1,0,30000,0,212,2022,12,26,10,58,12,6,49,16,34,1,1,1,1,7,9,22,0,0,12,9,30,70,5,2,1,55,35,13,61,31,0,11,0,1,0,11,0,3,0,10,0,3,0,2,0,2,0,4,1,35.65287277777777,139.37678111111111,2,3,9999,0,9,0
1,30,885,292,2,0,1,30000,0,212,2022,12,3,17,10,21,6,34,16,28,1,1,1,1,7,9,22,0,0,12,9,30,70,4,1,1,75,65,3,61,31,0,1,0,1,0,11,0,3,0,50,0,3,0,2,0,2,0,4,2,35.66054388888889,139.39229388888887,7,3,344,0,9,0
1,30,885,293,2,0,1,30000,0,212,2022,12,4,14,55,12,6,34,16,28,1,1,1,1,1,9,22,0,0,12,9,30,70,4,1,1,65,75,51,61,41,0,0,0,0,0,0,0,0,0,40,0,3,0,0,0,0,0,4,2,35.66004361111111,139.36823805555557,1,3,0,0,0,0
1,30,885,304,2,0,1,30000,0,212,2022,12,18,12,35,12,6,45,16,30,1,1,1,1,7,9,22,0,0,11,7,30,70,5,4,1,55,75,4,61,31,0,1,0,1,0,11,0,2,0,30,0,4,0,2,0,2,0,4,2,35.65835,139.41694999999999,1,3,9999,0,4,0
1,30,886,439,2,0,1,30000,0,207,2022,12,14,8,35,12,6,42,16,29,1,2,1,1,7,1,21,0,0,11,9,30,70,5,3,1,25,65,3,61,31,0,1,0,1,0,11,0,5,0,10,0,3,0,2,0,2,0,4,2,35.710838333333335,139.3761363888889,4,3,9999,0,1,0
1,30,886,441,2,0,1,30000,0,207,2022,12,15,7,20,11,6,43,16,29,1,2,1,14,7,0,0,0,0,1,9,1,70,5,3,1,35,35,34,61,31,0,0,0,0,0,11,0,2,0,10,0,3,0,0,0,0,0,4,2,35.71239555555556,139.36456527777779,5,3,9999,0,5,0
1,30,886,448,2,0,1,30000,0,207,2022,12,19,16,23,13,6,45,16,31,1,1,1,14,7,0,0,0,0,2,9,1,70,5,3,1,45,0,61,0,0,0,0,0,0,0,0,0,0,0,0,0,0,0,0,0,0,0,2,0,35.71002611111111,139.37563666666668,2,3,0,0,0,0
1,30,886,454,2,0,1,21150,0,207,2022,12,22,5,10,22,6,47,16,32,3,1,2,1,1,9,22,0,0,15,9,30,70,4,2,1,75,45,14,61,1,0,11,0,1,0,11,0,3,0,10,0,3,0,2,0,2,0,4,2,35.70302,139.37754805555556,5,3,17,0,9,0
1,30,886,459,2,0,1,30810,0,207,2022,12,24,11,5,12,6,48,16,33,1,1,1,14,7,0,0,0,0,2,9,1,70,4,2,1,1,45,51,61,41,0,0,0,0,0,0,0,0,0,40,0,3,0,0,0,0,0,4,2,35.70869166666667,139.3713666666667,7,3,0,0,0,0
1,30,886,460,2,0,1,30000,0,207,2022,12,17,17,43,22,6,44,16,30,2,1,1,14,7,0,0,0,0,1,9,1,70,5,3,1,55,35,3,61,31,0,1,0,1,0,11,0,2,0,20,0,3,0,2,0,2,0,4,2,35.711826388888895,139.36671166666667,7,3,9999,0,3,0
1,30,887,645,2,0,1,10260,0,202,2022,12,2,11,45,12,6,33,16,28,1,1,1,1,1,1,21,0,0,15,9,30,70,4,4,1,75,75,4,61,31,0,1,0,1,0,11,0,3,0,50,0,4,0,2,0,2,0,4,2,35.723704444444444,139.40206805555556,6,3,422,0,9,0
1,30,887,663,2,0,1,30000,0,202,2022,12,10,14,0,12,6,39,16,28,1,2,1,14,7,0,0,0,0,2,9,1,70,5,1,1,75,75,51,61,41,0,0,0,0,0,0,0,0,0,10,0,4,0,0,0,0,0,4,2,35.70037472222222,139.4133363888889,7,3,0,0,0,0
1,30,887,667,2,0,1,30000,0,202,2022,12,10,10,23,12,6,39,16,28,1,1,1,7,1,0,0,0,0,4,9,1,70,1,2,1,35,65,4,61,31,0,1,0,1,0,11,0,1,0,10,0,3,0,2,0,2,0,4,2,35.70050138888889,139.41476916666667,7,3,9999,0,4,0
1,30,887,684,2,0,1,30000,0,215,2022,12,18,17,15,21,6,45,16,30,1,1,1,1,1,9,22,0,0,15,9,30,70,4,2,1,55,25,3,61,31,0,1,0,1,0,11,0,3,0,10,0,3,0,2,0,2,0,4,2,35.69045222222222,139.44138138888889,1,3,9999,0,9,0
1,30,887,693,2,0,1,30000,0,202,2022,12,21,18,10,22,6,47,16,31,1,1,1,1,7,1,21,0,0,12,9,30,70,5,3,1,55,55,3,61,31,0,1,0,1,0,11,0,2,0,80,0,4,0,2,0,2,0,4,2,35.69510277777778,139.41809777777777,4,3,9999,0,9,0
1,30,887,700,2,0,1,30000,0,202,2022,12,25,21,40,22,6,48,16,34,1,1,1,1,7,1,21,0,0,12,9,30,70,4,2,1,65,55,3,61,31,0,1,0,1,0,11,0,2,0,10,0,3,0,2,0,2,0,4,2,35.69665083333333,139.4142036111111,1,3,9999,0,9,0
1,30,887,706,2,0,1,95000,0,202,2022,12,29,14,14,12,6,50,16,36,1,1,1,0,7,0,0,0,0,0,0,20,70,0,4,1,45,55,3,61,31,0,1,0,1,0,11,0,10,0,30,0,3,0,2,0,2,0,4,2,35.71966972222222,139.43740583333334,5,3,9999,0,9,0
1,30,888,270,2,0,1,30000,0,206,2022,12,8,20,0,22,6,38,16,28,1,1,1,1,7,9,22,0,0,11,9,30,70,4,2,1,35,55,35,61,31,0,0,0,0,0,11,0,3,0,20,0,4,0,0,0,0,0,4,2,35.668949166666664,139.4570561111111,5,3,9999,0,9,0
1,30,888,272,2,0,1,20000,0,206,2022,12,10,4,43,22,6,39,16,28,1,1,1,14,7,0,0,0,0,5,9,1,70,4,2,1,65,55,17,61,31,0,11,0,2,0,11,0,2,0,14,0,3,0,2,0,2,0,4,2,35.672712222222216,139.51031083333334,7,3,9999,0,9,0
1,30,888,276,2,0,1,30000,0,206,2022,12,12,19,0,22,6,41,16,28,1,1,1,14,7,0,0,0,0,2,8,1,70,5,4,1,1,65,51,61,41,0,0,0,0,0,0,0,0,0,10,0,3,0,0,0,0,0,4,2,35.66105222222222,139.4415088888889,2,3,0,0,0,0
1,30,888,282,2,0,1,30000,0,206,2022,12,21,5,12,22,6,47,16,31,1,1,1,14,7,0,0,0,0,3,9,1,70,5,2,1,55,55,3,61,31,0,1,0,1,0,11,0,3,0,10,0,2,0,2,0,2,0,4,2,35.67231833333333,139.47917555555557,4,3,9999,0,9,0
1,30,888,283,2,0,1,10500,0,206,2022,12,22,9,58,12,6,47,16,32,3,1,2,1,1,9,22,0,0,17,9,30,70,1,2,1,55,55,3,61,31,0,1,0,1,0,11,0,2,0,10,0,4,0,2,0,2,0,4,2,35.664873888888884,139.47910638888888,5,3,9999,0,9,0
1,30,888,285,2,0,1,30000,0,206,2022,12,23,9,20,12,6,48,16,32,1,1,1,1,7,9,22,0,0,11,9,30,70,5,3,1,65,75,3,61,31,0,1,0,1,0,11,0,10,0,20,0,4,0,2,0,2,0,4,2,35.67173111111111,139.47374277777777,6,3,9999,0,9,0
1,30,889,303,2,0,1,30000,0,210,2022,11,22,20,10,22,6,23,16,31,3,1,2,14,7,0,0,0,0,3,8,1,70,5,4,1,35,35,51,61,41,0,0,0,0,0,0,0,0,0,40,0,3,0,0,0,0,0,2,4,35.69728166666666,139.5049752777778,3,2,0,0,0,0
1,30,889,308,2,0,1,30000,0,214,2022,11,17,17,0,21,6,18,16,33,1,1,1,14,7,0,0,0,0,2,9,1,70,5,4,1,75,25,3,61,31,0,1,0,1,0,11,0,10,0,80,0,3,0,2,0,2,0,4,2,35.70142305555556,139.48170666666667,5,3,447,0,9,0
1,30,889,317,2,0,1,30000,0,214,2022,12,16,8,25,12,6,44,16,29,1,1,1,14,7,0,0,0,0,1,9,1,70,5,3,1,75,1,4,61,31,0,1,0,1,0,11,0,2,0,80,0,3,0,2,0,2,0,4,2,35.71084555555556,139.46412833333332,6,3,242,0,9,0
1,30,889,318,2,0,1,10500,0,214,2022,12,11,12,40,12,6,40,16,28,1,1,1,14,7,0,0,0,0,3,9,1,70,4,2,1,1,1,51,61,41,0,0,0,0,0,0,0,0,0,10,0,3,0,0,0,0,0,4,2,35.69061361111111,139.46875305555557,1,3,0,0,0,0
1,30,889,321,2,0,1,30000,0,210,2022,12,19,18,20,22,6,45,16,31,1,1,1,1,7,9,22,0,0,14,9,30,70,4,2,1,55,45,4,61,31,0,1,0,1,0,11,0,2,0,10,0,3,0,2,0,2,0,4,2,35.701280000000004,139.51255944444443,2,3,9999,0,4,0
1,30,890,314,2,0,1,95000,0,229,2022,12,10,11,50,12,6,39,16,28,1,1,1,1,7,9,22,0,0,11,9,30,70,5,2,1,55,75,51,61,41,0,0,0,0,0,0,0,0,0,10,0,3,0,0,0,0,0,4,2,35.71640388888889,139.54535555555555,7,3,0,0,0,0
1,30,890,317,2,0,1,30000,0,229,2022,12,10,12,20,12,6,39,16,28,1,1,1,14,7,0,0,0,0,3,9,1,70,5,3,1,55,35,3,61,31,0,1,0,1,0,11,0,2,0,40,0,4,0,2,0,2,0,4,2,35.74742888888889,139.56503972222222,7,3,9999,0,9,0
1,30,890,320,2,0,1,30000,0,229,2022,12,12,9,25,12,6,41,16,28,1,1,1,1,1,9,22,0,0,15,9,30,70,4,2,1,55,55,3,61,31,0,1,0,1,0,11,0,2,0,40,0,3,0,2,0,2,0,4,2,35.744863611111114,139.54308333333333,2,3,9999,0,4,0
1,30,890,323,2,0,1,10000,0,222,2022,12,7,22,20,22,6,37,16,28,1,1,1,14,7,0,0,0,0,2,9,1,70,4,3,1,65,25,14,61,1,0,11,0,1,0,11,0,2,0,40,0,3,0,2,0,2,0,4,2,35.76043638888889,139.52922166666667,4,3,9999,0,9,0
1,30,890,327,2,0,1,30000,0,222,2022,12,10,12,10,12,6,39,16,28,1,1,1,14,7,0,0,0,0,2,9,1,70,5,4,1,1,45,51,61,41,0,0,0,0,0,0,0,0,0,10,0,3,0,0,0,0,0,4,2,35.7662375,139.53951138888888,7,3,0,0,0,0
1,30,891,358,2,0,1,10500,0,211,2022,11,3,10,40,12,6,5,16,44,1,1,1,1,1,9,22,0,0,17,9,30,70,1,2,1,1,75,51,61,41,0,0,0,0,0,0,0,0,0,10,0,4,0,0,0,0,0,4,2,35.74391416666667,139.46670472222223,5,1,0,0,0,0
1,30,891,359,2,0,1,95000,0,221,2022,11,3,12,15,12,6,5,16,44,1,2,1,7,7,0,0,0,0,3,9,1,70,4,2,1,45,1,3,61,31,0,1,0,1,0,11,0,4,0,80,0,3,0,2,0,2,0,4,2,35.779044999999996,139.5302577777778,5,1,9999,0,1,0
1,30,891,360,2,0,1,30000,0,221,2022,12,6,18,5,22,6,36,16,28,1,1,1,1,1,9,22,0,0,15,9,30,70,4,2,1,65,25,14,61,1,0,11,0,1,0,11,0,3,0,40,0,3,0,2,0,2,0,4,2,35.787842777777776,139.53443277777777,3,3,9999,0,9,0
1,30,891,361,2,0,1,30000,0,213,2022,12,8,9,5,12,6,38,16,28,1,2,1,1,1,9,22,0,0,12,9,30,70,4,2,1,45,45,3,61,31,0,1,0,1,0,11,0,3,0,10,0,2,0,2,0,2,0,4,2,35.76904333333333,139.4864597222222,5,3,9999,0,1,0
1,30,891,363,2,0,1,10560,0,221,2022,9,9,19,5,22,5,19,17,57,1,1,1,14,7,0,0,0,0,3,9,1,70,4,2,1,25,35,51,61,41,0,0,0,0,0,0,0,0,0,40,0,4,0,0,0,0,0,4,2,35.77956611111111,139.51617666666667,6,3,0,0,0,0
1,30,891,374,2,0,2,30000,0,213,2022,12,21,16,51,21,6,47,16,31,2,1,1,14,7,0,0,0,0,3,9,1,70,1,1,1,1,1,51,61,41,0,0,0,0,0,0,0,0,0,10,0,3,0,0,0,0,0,2,2,35.7608875,139.47708,4,3,0,0,0,0
1,30,891,375,2,0,1,30000,0,213,2022,12,22,11,50,12,6,47,16,32,3,1,2,1,7,9,22,0,0,14,9,30,70,4,2,1,75,1,4,61,31,0,1,0,1,0,11,0,3,0,80,0,4,0,2,0,2,0,4,2,35.74990861111111,139.47078916666666,5,3,1053,0,9,0
1,30,891,377,2,0,1,30000,0,213,2022,11,29,13,0,12,6,30,16,28,2,1,1,1,7,9,22,0,0,11,9,30,70,5,2,1,55,65,3,61,31,0,1,0,1,0,11,0,2,0,30,0,3,0,2,0,2,0,4,2,35.749163333333335,139.47159861111112,3,3,9999,0,9,0
1,30,891,387,2,0,1,10580,0,213,2022,12,26,19,0,22,6,49,16,34,1,1,1,1,7,0,0,0,0,16,9,30,70,5,4,1,45,0,61,0,0,0,0,0,0,0,0,0,0,0,0,0,0,0,0,0,0,0,2,0,35.76726305555555,139.48887083333332,2,3,0,0,0,0
1,30,891,396,2,0,1,30000,0,221,2022,11,29,7,55,12,6,30,16,28,2,1,1,1,7,1,21,0,0,15,8,30,70,5,4,1,45,75,3,61,31,0,1,0,1,0,11,0,2,0,40,0,4,0,2,0,2,0,4,2,35.794689166666664,139.5364925,3,3,9999,0,1,0
1,30,891,398,2,0,1,30000,0,213,2022,12,15,14,36,12,6,43,16,29,1,1,1,14,7,0,0,0,0,2,9,1,70,5,4,1,65,35,4,61,31,0,1,0,1,0,11,0,2,0,10,0,3,0,2,0,2,0,4,2,35.74877527777778,139.47272972222223,5,3,9999,0,9,0
1,30,892,356,2,0,1,30000,0,203,2022,12,8,19,45,22,6,38,16,28,2,1,1,14,7,0,0,0,0,1,9,1,70,5,4,1,55,45,51,61,41,0,0,0,0,0,0,0,0,0,10,0,4,0,0,0,0,0,4,2,35.705635,139.53788722222222,5,3,0,0,0,0
1,30,892,358,2,0,1,30000,0,203,2022,11,26,23,45,22,6,27,16,29,1,1,1,1,7,0,0,0,0,13,9,30,70,5,3,1,75,0,61,0,0,0,0,0,0,0,0,0,0,0,0,0,0,0,0,0,0,0,2,0,35.700562500000004,139.5896727777778,7,3,0,0,0,0
1,30,892,360,2,0,1,30000,0,203,2022,12,6,21,0,22,6,36,16,28,1,1,1,14,7,0,0,0,0,2,9,1,70,5,3,1,75,35,51,61,41,0,0,0,0,0,0,0,0,0,10,0,3,0,0,0,0,0,4,2,35.70514444444445,139.56352944444447,3,3,0,0,0,0
1,30,892,362,2,0,1,20230,0,203,2022,12,7,12,30,12,6,37,16,28,1,1,1,14,7,0,0,0,0,4,9,1,70,4,2,1,1,55,51,61,41,0,0,0,0,0,0,0,0,0,40,0,4,0,0,0,0,0,4,2,35.70194,139.57597916666666,4,3,0,0,0,0
1,30,892,368,2,0,1,20000,0,203,2022,12,20,18,40,22,6,46,16,31,1,1,1,1,1,9,22,0,0,13,9,30,70,4,1,1,65,55,3,61,31,0,1,0,1,0,11,0,3,0,10,0,3,0,2,0,2,0,4,2,35.707575000000006,139.54374638888888,3,3,9999,0,9,0
1,30,892,373,2,0,1,30000,0,203,2022,12,22,16,56,21,6,47,16,32,1,1,1,14,7,0,0,0,0,1,9,1,70,5,4,1,1,55,3,61,31,0,1,0,1,0,11,0,10,0,60,0,3,0,2,0,2,0,4,2,35.70337138888889,139.5669236111111,5,3,9999,0,1,0
1,30,892,382,2,0,1,10600,0,203,2022,12,26,9,20,12,6,49,16,34,1,1,1,14,7,0,0,0,0,3,9,1,70,4,2,1,1,55,51,61,41,0,0,0,0,0,0,0,0,0,10,0,3,0,0,0,0,0,4,2,35.705092500000006,139.5441575,2,3,0,0,0,0
1,30,892,386,2,0,1,30000,0,203,2022,12,30,17,50,22,6,50,16,37,1,1,1,7,7,0,0,0,0,2,9,1,70,5,3,1,45,75,51,61,41,0,0,0,0,0,0,0,0,0,10,0,3,0,0,0,0,0,4,2,35.70871,139.55719694444446,6,3,0,0,0,0
1,30,893,315,2,0,1,30000,0,204,2022,12,7,8,25,12,6,37,16,28,1,1,1,13,7,0,0,0,0,2,6,1,70,5,4,1,45,75,3,61,31,0,1,0,1,0,11,0,10,0,20,0,3,0,2,0,2,0,4,2,35.67717444444444,139.5709086111111,4,3,9999,0,9,0
1,30,893,319,2,0,1,30000,0,204,2022,12,9,18,40,22,6,39,16,28,1,1,1,1,7,9,22,0,0,11,9,30,70,5,3,1,35,35,14,61,31,0,11,0,1,0,11,0,1,0,10,0,3,0,2,0,2,0,4,2,35.69002416666666,139.5512638888889,6,3,9999,0,1,0
1,30,893,327,2,0,1,10270,0,204,2022,12,19,18,20,22,6,45,16,31,1,1,1,14,7,0,0,0,0,3,9,1,70,4,2,1,75,65,4,61,31,0,1,0,1,0,11,0,3,0,20,0,4,0,2,0,2,0,4,2,35.683079444444445,139.5398313888889,2,3,801,0,9,0