資料区分,都道府県コード,警察署等コード,本票番号,事故内容,死者数,負傷者数,路線コード,地点コード,市区町村コード,発生日時　　年,発生日時　　月,発生日時　　日,発生日時　　時,発生日時　　分,昼夜,日の出時刻　　時,日の出時刻　　分,日の入り時刻　　時,日の入り時刻　　分,天候,地形,路面状態,道路形状,信号機,一時停止規制　標識（当事者A）,一時停止規制　表示（当事者A）,一時停止規制　標識（当事者B）,一時停止規制　表示（当事者B）,車道幅員,道路線形,衝突地点,ゾーン規制,中央分離帯施設等,歩車道区分,事故類型,年齢（当事者A）,年齢（当事者B）,当事者種別（当事者A）,当事者種別（当事者B）,用途別（当事者A）,用途別（当事者B）,車両形状等（当事者A）,車両形状等（当事者B）,オートマチック車（当事者A）,オートマチック車（当事者B）,サポカー（当事者A）,サポカー（当事者B）,速度規制（指定のみ）（当事者A）,速度規制（指定のみ）（当事者B）,車両の衝突部位（当事者A）,車両の衝突部位（当事者B）,車両の損壊程度（当事者A）,車両の損壊程度（当事者B）,エアバッグの装備（当事者A）,エアバッグの装備（当事者B）,サイドエアバッグの装備（当事者A）,サイドエアバッグの装備（当事者B）,人身損傷程度（当事者A）,人身損傷程度（当事者B）,lat,lon,曜日(発生年月日),祝日(発生年月日),認知機能検査経過日数（当事者A）,認知機能検査経過日数（当事者B）,運転練習の方法（当事者A）,運転練習の方法（当事者B）
1,30,893,339,2,0,1,20880,0,204,2022,12,27,12,25,12,6,49,16,35,1,1,1,1,1,9,22,0,0,16,9,30,70,4,2,1,25,1,3,61,31,0,1,0,1,0,11,0,3,0,10,0,4,0,2,0,2,0,4,2,35.69208,139.56478833333335,3,3,9999,0,1,0
1,30,893,340,2,0,1,30000,0,204,2022,9,13,7,50,12,5,22,17,52,1,1,1,14,7,0,0,0,0,1,9,1,70,5,4,1,1,0,61,0,0,0,0,0,0,0,0,0,0,0,0,0,0,0,0,0,0,0,2,0,35.68866805555555,139.539495,3,3,0,0,0,0
1,30,894,556,2,0,2,30000,0,208,2022,12,8,17,45,22,6,38,16,28,1,1,1,14,7,0,0,0,0,2,9,1,70,5,3,1,45,75,51,61,41,0,0,0,0,0,0,0,0,0,10,0,3,0,0,0,0,0,4,2,35.66697972222222,139.56271944444447,5,3,0,0,0,0
1,30,894,579,2,0,1,30000,0,208,2022,12,21,17,54,22,6,47,16,31,1,1,1,1,7,9,22,0,0,12,9,30,70,4,1,1,35,55,51,61,41,0,0,0,0,0,0,0,0,0,10,0,3,0,0,0,0,0,4,2,35.65721361111111,139.58947750000002,4,3,0,0,0,0
1,30,894,597,2,0,1,30000,0,208,2022,12,6,13,20,12,6,36,16,28,2,1,1,14,7,0,0,0,0,2,9,1,70,5,3,1,75,45,3,61,31,0,1,0,1,0,11,0,4,0,40,0,4,0,2,0,2,0,4,2,35.65927388888889,139.58821,3,3,789,0,9,0
1,30,895,188,2,0,1,30000,0,211,2022,11,8,12,26,12,6,9,16,40,1,1,1,1,1,9,22,0,0,14,9,30,70,4,2,1,45,75,17,61,1,0,11,0,1,0,11,0,1,0,10,0,4,0,2,0,2,0,4,2,35.738456666666664,139.48751472222222,3,3,9999,0,9,0
1,30,895,192,2,0,1,30000,0,211,2022,12,10,15,23,12,6,39,16,28,1,1,1,14,7,0,0,0,0,2,9,1,70,5,3,1,75,35,14,61,31,0,11,0,1,0,11,0,2,0,10,0,4,0,2,0,2,0,4,2,35.717415,139.46791277777777,7,3,267,0,9,0
1,30,895,193,2,0,1,95000,0,211,2022,12,11,19,10,22,6,40,16,28,2,1,1,1,1,9,22,0,0,15,9,30,70,4,2,1,45,35,4,61,31,0,1,0,1,0,11,0,10,0,10,0,4,0,2,0,2,0,4,2,35.72748583333333,139.4784325,1,3,9999,0,9,0
1,30,898,1,2,0,1,20000,0,381,2022,12,20,5,18,22,6,46,16,31,2,2,1,14,7,0,0,0,0,2,9,1,70,4,1,1,45,75,17,61,1,0,11,0,1,0,11,0,3,0,10,0,3,0,2,0,2,0,4,2,34.0637875,139.55061444444445,3,3,9999,0,1,0
1,30,100,6,2,0,1,30000,0,101,2023,1,11,13,50,12,6,51,16,47,1,1,1,1,1,9,22,0,0,14,9,30,70,4,3,1,65,35,3,61,31,0,1,0,1,0,11,0,3,0,20,0,3,0,2,0,2,0,4,2,35.69685583333333,139.75228,4,3,9999,0,9,0
1,30,100,11,2,0,1,10050,0,101,2023,1,20,19,0,22,6,49,16,55,1,1,1,1,1,9,22,0,0,18,7,30,70,4,1,1,65,35,3,61,1,0,1,0,1,0,11,0,10,0,80,0,3,0,2,0,2,0,4,2,35.69515722222222,139.74872749999997,6,3,9999,0,9,0
1,30,101,4,2,0,1,20000,0,101,2023,1,18,14,47,12,6,49,16,53,2,1,1,1,8,0,0,0,0,18,9,30,70,4,2,1,55,0,61,0,0,0,0,0,0,0,0,0,0,0,0,0,0,0,0,0,0,0,2,0,35.686346666666665,139.76619527777777,4,3,0,0,0,0
1,30,101,6,2,0,1,30000,0,101,2023,1,30,6,49,11,6,43,17,6,1,1,1,1,7,9,22,0,0,15,9,30,70,5,2,1,35,55,12,61,31,0,11,0,2,0,11,0,5,0,10,0,3,0,2,0,2,0,4,2,35.66878583333333,139.75789333333333,2,3,9999,0,9,0
1,30,102,1,2,0,1,10100,0,101,2022,12,16,11,55,12,6,44,16,29,1,1,1,1,1,9,22,0,0,19,9,30,70,4,1,1,55,55,13,61,31,0,11,0,1,0,11,0,4,0,40,0,4,0,2,0,2,0,4,2,35.69300305555555,139.7586511111111,6,3,9999,0,9,0
1,30,102,5,2,0,1,30000,0,101,2023,1,17,13,40,12,6,50,16,52,2,1,1,14,7,0,0,0,0,3,9,1,70,5,3,1,55,35,3,61,1,0,1,0,1,0,11,0,2,0,40,0,4,0,2,0,2,0,4,2,35.696443888888886,139.7569836111111,3,3,9999,0,9,0
1,30,102,7,2,0,1,30000,0,101,2023,1,18,13,18,12,6,49,16,53,1,1,1,14,7,0,0,0,0,3,9,1,1,5,4,1,55,1,3,61,31,0,1,0,1,0,11,0,2,0,25,0,4,0,2,0,2,0,4,2,35.696642499999996,139.7603411111111,4,3,9999,0,1,0
1,30,103,3,2,0,1,40,19,101,2023,1,14,12,40,12,6,50,16,50,3,1,2,14,1,0,0,0,0,4,9,1,70,1,2,1,25,1,13,61,31,0,11,0,1,0,11,0,5,0,10,0,3,0,2,0,2,0,4,2,35.69815416666666,139.775605,7,3,9999,0,1,0
1,30,103,4,2,0,1,20070,0,101,2023,1,17,0,40,22,6,50,16,52,1,1,1,1,7,9,22,0,0,18,9,30,70,4,2,1,35,1,12,61,1,0,11,0,1,0,11,0,4,0,20,0,3,0,2,0,2,0,4,2,35.70187305555556,139.77178722222223,3,3,9999,0,5,0
1,30,104,9,2,0,1,30000,0,102,2023,1,13,17,8,21,6,51,16,49,1,1,1,1,7,9,22,0,0,14,9,30,70,4,2,1,65,25,3,61,31,0,1,0,1,0,11,0,2,0,10,0,3,0,2,0,2,0,4,2,35.67666527777777,139.78365305555556,6,3,9999,0,9,0
1,30,104,16,2,0,1,30000,0,102,2023,1,21,12,5,12,6,48,16,56,1,1,1,14,7,0,0,0,0,3,9,1,70,5,3,1,65,45,3,61,1,0,1,0,1,0,11,0,2,0,10,0,3,0,2,0,2,0,4,2,35.68517055555555,139.77344416666668,7,3,9999,0,9,0
1,30,104,22,2,0,1,30000,0,102,2023,1,28,1,20,22,6,44,17,4,1,1,1,1,7,1,21,0,0,14,9,30,70,5,2,1,65,35,3,61,1,0,1,0,1,0,11,0,2,0,10,0,1,0,2,0,2,0,4,2,35.687996111111104,139.76975222222222,7,3,9999,0,9,0
1,30,104,24,2,0,1,20090,0,102,2023,1,27,9,45,12,6,45,17,3,1,1,1,1,1,9,22,0,0,19,9,30,70,4,2,1,45,45,59,61,0,0,0,0,0,0,0,0,0,0,10,0,4,0,0,0,0,0,4,2,35.685025555555555,139.7711677777778,6,3,0,0,0,0
1,30,105,3,2,0,1,30000,0,102,2023,1,4,14,55,12,6,51,16,41,1,1,1,14,7,0,0,0,0,3,9,1,70,5,3,1,75,0,61,0,0,0,0,0,0,0,0,0,0,0,0,0,0,0,0,0,0,0,2,0,35.694111666666664,139.78421833333334,4,3,0,0,0,0
1,30,106,2,2,0,1,30000,0,102,2022,11,16,17,20,21,6,17,16,34,1,1,1,14,7,0,0,0,0,3,9,1,70,5,2,1,35,65,51,61,41,0,0,0,0,0,0,0,0,0,10,0,2,0,0,0,0,0,4,2,35.67214611111111,139.7656802777778,4,3,0,0,0,0
1,30,106,5,2,0,1,10020,0,102,2022,12,12,23,26,22,6,41,16,28,1,1,1,7,7,0,0,0,0,5,9,1,70,1,2,1,55,35,3,61,1,0,1,0,1,0,11,0,5,0,40,0,4,0,2,0,2,0,4,2,35.6637075,139.77358416666667,2,3,9999,0,9,0
1,30,106,6,2,0,1,30000,0,102,2022,12,30,14,30,12,6,50,16,37,1,1,1,7,8,0,0,0,0,3,9,1,70,1,1,1,55,45,3,61,31,0,1,0,1,0,11,0,5,0,10,0,3,0,2,0,2,0,4,2,35.67169611111111,139.76867055555556,6,3,9999,0,9,0
1,30,106,8,2,0,1,30000,0,102,2023,1,6,13,18,12,6,51,16,42,1,1,1,1,7,1,21,0,0,15,9,30,70,5,2,1,25,35,3,61,1,0,1,0,1,0,11,0,2,0,50,0,4,0,2,0,2,0,4,2,35.67194833333333,139.7683188888889,6,3,9999,0,1,0
1,30,106,11,2,0,1,30000,0,102,2023,1,11,17,48,22,6,51,16,47,1,1,1,1,7,9,22,0,0,15,9,30,70,4,2,1,55,45,35,61,31,0,0,0,0,0,11,0,2,0,10,0,4,0,0,0,0,0,4,2,35.67299388888889,139.77554083333334,4,3,9999,0,1,0
1,30,106,12,2,0,1,10030,0,102,2023,1,11,15,58,13,6,51,16,47,1,1,1,1,1,9,22,0,0,17,9,30,70,1,2,1,45,45,3,61,31,0,1,0,1,0,11,0,10,0,40,0,4,0,2,0,2,0,4,2,35.671704722222216,139.76864333333336,4,3,9999,0,1,0
1,30,106,17,2,0,2,30000,0,102,2023,1,28,16,58,13,6,44,17,4,1,1,1,1,7,9,22,0,0,14,9,30,70,4,2,1,1,1,35,61,31,0,0,0,0,0,11,0,3,0,10,0,2,0,0,0,0,0,2,2,35.66386472222222,139.77421444444445,7,3,9999,0,5,0
1,30,107,6,2,0,1,10020,0,102,2023,1,20,3,0,22,6,49,16,55,1,1,1,1,1,9,22,0,0,19,9,30,70,1,2,1,75,35,17,61,31,0,11,0,1,0,11,0,10,0,10,0,3,0,2,0,2,0,4,2,35.65916055555555,139.77773194444447,6,3,270,0,3,0
1,30,107,7,2,0,1,20000,0,102,2023,1,24,6,20,23,6,47,17,0,3,1,2,14,7,0,0,0,0,5,8,1,70,5,2,1,45,45,51,61,41,0,0,0,0,0,0,0,0,0,10,0,3,0,0,0,0,0,4,2,35.65423194444444,139.7832138888889,3,3,0,0,0,0
1,30,107,8,2,0,1,30000,0,102,2023,1,25,7,0,11,6,46,17,1,1,1,1,1,7,9,22,0,0,15,9,30,70,5,4,1,25,55,12,61,1,0,11,0,1,0,11,0,2,0,20,0,3,0,2,0,2,0,4,2,35.651624166666664,139.7699213888889,4,3,9999,0,5,0
1,30,107,10,2,0,1,10020,0,102,2023,1,8,20,4,22,6,51,16,44,1,1,1,7,1,0,0,0,0,2,9,1,70,1,2,1,35,0,61,0,0,0,0,0,0,0,0,0,0,0,0,0,0,0,0,0,0,0,2,0,35.66046055555555,139.77673750000002,1,2,0,0,0,0
1,30,108,4,2,0,1,30000,0,103,2022,12,26,19,12,22,6,49,16,34,1,1,1,14,7,0,0,0,0,3,9,1,70,5,2,1,1,45,3,61,31,0,1,0,1,0,11,0,2,0,40,0,3,0,2,0,2,0,4,2,35.667741944444444,139.75930305555556,2,3,9999,0,1,0
1,30,108,6,2,0,1,150,25,103,2023,1,12,1,12,22,6,51,16,48,1,1,1,1,7,8,22,0,0,18,9,30,70,1,1,1,55,55,3,61,1,0,1,0,1,0,11,0,5,0,40,0,4,0,2,0,2,0,4,2,35.66531055555556,139.75907833333332,5,3,9999,0,9,0
1,30,108,7,2,0,1,30000,0,103,2023,1,19,19,15,22,6,49,16,54,3,1,1,1,7,9,22,0,0,15,9,30,70,5,2,1,55,25,3,61,1,0,1,0,1,0,11,0,2,0,50,0,4,0,2,0,2,0,4,2,35.66321055555555,139.75519416666666,5,3,9999,0,9,0
1,30,108,9,2,0,1,30000,0,103,2023,1,25,17,30,21,6,46,17,1,1,1,1,1,7,9,22,0,0,15,9,30,70,5,2,1,45,45,3,61,31,0,1,0,1,0,11,0,2,0,10,0,3,0,2,0,2,0,4,2,35.66218055555555,139.7531197222222,4,3,9999,0,9,0
1,30,108,11,2,0,1,30000,0,103,2023,1,28,14,32,12,6,44,17,4,1,1,1,14,7,0,0,0,0,3,9,1,1,4,1,1,65,55,51,61,41,0,0,0,0,0,0,0,0,0,40,0,3,0,0,0,0,0,2,4,35.65994416666666,139.75575916666668,7,3,0,0,0,0
1,30,108,12,2,0,1,30000,0,103,2023,1,27,16,50,13,6,45,17,3,2,1,1,14,7,0,0,0,0,2,9,1,70,5,4,1,65,35,14,61,31,0,11,0,1,0,11,0,10,0,40,0,4,0,2,0,2,0,4,2,35.65451777777778,139.75300194444443,6,3,9999,0,9,0
1,30,109,4,2,0,1,150,53,103,2022,8,31,15,6,12,5,12,18,10,1,1,1,14,7,0,0,0,0,4,9,1,70,1,1,1,35,0,61,0,0,0,0,0,0,0,0,0,0,0,0,0,0,0,0,0,0,0,2,0,35.64573444444444,139.74486638888888,4,3,0,0,0,0
1,30,109,11,2,0,1,95000,0,103,2023,1,14,10,18,12,6,50,16,50,2,1,1,0,7,0,0,0,0,0,0,20,70,0,4,1,25,1,51,61,41,0,0,0,0,0,0,0,0,0,40,0,4,0,0,0,0,0,4,2,35.65233138888889,139.7451783333333,7,3,0,0,0,0
1,30,109,15,2,0,1,150,51,103,2023,1,22,14,47,12,6,48,16,57,1,1,1,1,1,9,22,0,0,15,9,30,70,1,1,1,55,75,35,61,31,0,0,0,0,0,11,0,4,0,10,0,3,0,0,0,0,0,4,2,35.646615833333335,139.74687138888888,1,3,9999,0,9,0
1,30,110,4,2,0,1,30000,0,103,2022,12,26,18,54,22,6,49,16,34,1,1,1,14,7,0,0,0,0,3,9,1,70,5,1,1,55,65,3,61,1,0,1,0,1,0,11,0,10,0,80,0,3,0,2,0,2,0,4,2,35.644824444444446,139.7330761111111,2,3,9999,0,9,0
1,30,111,11,2,0,1,10670,0,103,2023,1,2,21,38,22,6,51,16,39,1,1,1,14,7,0,0,0,0,3,9,1,70,1,2,1,45,55,3,61,1,0,1,0,1,0,11,0,4,0,10,0,3,0,2,0,2,0,4,2,35.65510555555555,139.74337888888888,2,1,9999,0,1,0
1,30,111,15,2,0,1,30000,0,103,2023,1,13,17,10,21,6,51,16,49,1,1,1,1,7,9,22,0,0,15,9,30,70,4,2,1,55,55,3,61,1,0,1,0,1,0,11,0,3,0,10,0,3,0,2,0,2,0,4,2,35.657049444444446,139.71830444444444,6,3,9999,0,9,0
1,30,111,17,2,0,2,20140,0,103,2023,1,14,18,10,22,6,50,16,50,2,1,2,1,7,2,21,0,0,18,9,30,70,5,2,1,45,45,3,61,31,0,1,0,1,0,11,0,10,0,10,0,4,0,2,0,2,0,4,2,35.66671861111111,139.73928305555555,7,3,9999,0,9,0
1,30,111,23,2,0,2,20170,0,103,2023,1,22,4,25,22,6,48,16,57,1,1,1,1,1,9,22,0,0,19,9,30,70,5,1,1,55,1,3,61,31,0,1,0,1,0,11,0,5,0,10,0,2,0,2,0,2,0,4,2,35.66302666666667,139.73211666666666,1,3,9999,0,9,0
1,30,111,25,2,0,1,10670,0,103,2023,1,22,4,44,22,6,48,16,57,1,1,1,1,1,9,22,0,0,17,9,30,70,1,1,1,45,1,36,61,31,0,0,0,0,0,11,0,2,0,10,0,3,0,0,0,0,0,4,2,35.65669777777778,139.73540805555555,1,3,9999,0,1,0
1,30,112,4,2,0,1,30000,0,103,2022,12,6,17,40,22,6,36,16,28,1,1,1,1,7,9,22,0,0,15,8,30,70,4,1,1,65,75,3,61,1,0,1,0,1,0,11,0,2,0,0,0,4,0,2,0,2,0,4,2,35.66652027777778,139.74373694444444,3,3,9999,0,9,0
1,30,112,12,2,0,1,30000,0,103,2023,1,13,9,30,12,6,51,16,49,1,1,1,14,7,0,0,0,0,2,9,1,70,5,4,1,45,25,3,61,1,0,1,0,1,0,11,0,10,0,40,0,4,0,2,0,2,0,4,2,35.66434916666667,139.70893055555555,6,3,9999,0,1,0
1,30,112,13,2,0,1,30000,0,103,2023,1,16,22,0,22,6,50,16,51,2,1,2,1,1,9,22,0,0,14,9,30,70,4,1,1,55,25,3,61,1,0,1,0,1,0,11,0,1,0,10,0,3,0,2,0,2,0,4,2,35.66695416666666,139.7335675,2,3,9999,0,9,0
1,30,112,14,2,0,1,30000,0,103,2023,1,19,9,55,12,6,49,16,54,1,1,1,1,7,9,22,0,0,14,8,30,70,5,2,1,25,35,3,61,31,0,1,0,1,0,11,0,2,0,20,0,3,0,2,0,2,0,4,2,35.670653611111106,139.73760499999997,5,3,9999,0,1,0
1,30,112,15,2,0,1,30000,0,103,2023,1,11,22,50,22,6,51,16,47,1,1,1,14,7,0,0,0,0,3,9,1,70,5,3,1,35,25,12,61,31,0,11,0,1,0,11,0,10,0,40,0,3,0,2,0,2,0,4,2,35.66759222222222,139.71538388888888,4,3,9999,0,1,0
1,30,112,16,2,0,1,30000,0,103,2023,1,28,16,30,13,6,44,17,4,1,1,1,14,7,0,0,0,0,1,9,1,70,4,2,1,25,1,3,61,31,0,1,0,1,0,11,0,2,0,10,0,3,0,2,0,2,0,4,2,35.67148333333333,139.73315916666667,7,3,9999,0,1,0
1,30,215,2,2,0,1,30000,0,109,2022,10,20,11,19,12,5,52,17,0,1,1,1,1,7,9,22,0,0,11,3,30,70,5,3,1,25,55,12,61,1,0,11,0,1,0,11,0,1,0,40,0,4,0,2,0,2,0,4,2,35.61422861111111,139.7383597222222,5,3,9999,0,1,0
1,30,215,4,2,0,1,20000,0,109,2023,1,9,8,4,12,6,51,16,45,1,1,1,1,1,9,22,0,0,15,9,30,70,4,2,1,65,75,17,61,1,0,11,0,1,0,11,0,3,0,10,0,3,0,2,0,2,0,4,2,35.610953611111114,139.74512833333333,2,1,9999,0,9,0
1,30,215,5,2,0,1,30000,0,109,2023,1,11,9,34,12,6,51,16,47,1,1,1,14,7,0,0,0,0,4,9,1,70,4,2,1,45,35,3,61,1,0,1,0,1,0,11,0,3,0,10,0,3,0,2,0,2,0,4,2,35.62370777777778,139.72979194444446,4,3,9999,0,9,0
1,30,215,6,2,0,1,20180,0,109,2023,1,13,17,30,21,6,51,16,49,1,1,1,1,1,9,22,0,0,18,9,30,70,4,2,1,65,75,3,61,31,0,1,0,1,0,11,0,3,0,10,0,3,0,2,0,2,0,4,2,35.60995361111111,139.7427336111111,6,3,9999,0,9,0
1,30,215,8,2,0,1,10070,0,109,2023,1,15,19,35,22,6,50,16,50,3,1,2,14,1,0,0,0,0,5,9,1,70,4,1,1,1,45,51,61,41,0,0,0,0,0,0,0,0,0,10,0,3,0,0,0,0,0,4,2,35.61392166666667,139.74762638888888,1,3,0,0,0,0
1,30,215,9,2,0,1,30000,0,109,2023,1,15,21,13,22,6,50,16,50,3,1,2,1,1,9,22,0,0,18,9,30,70,4,1,1,65,35,3,61,1,0,1,0,1,0,11,0,2,0,10,0,3,0,2,0,2,0,4,2,35.616483055555555,139.7303413888889,1,3,9999,0,9,0
1,30,215,11,2,0,1,10070,0,109,2023,1,17,8,21,12,6,50,16,52,1,1,1,14,7,0,0,0,0,1,9,1,70,5,2,1,35,0,61,0,0,0,0,0,0,0,0,0,0,0,0,0,0,0,0,0,0,0,2,0,35.609186944444446,139.74745138888886,3,3,0,0,0,0
1,30,216,4,2,0,1,30000,0,109,2023,1,6,9,40,12,6,51,16,42,1,1,1,14,7,0,0,0,0,2,9,1,70,5,3,1,55,45,3,61,31,0,1,0,1,0,11,0,10,0,40,0,4,0,2,0,2,0,4,2,35.60012138888889,139.73484694444443,6,3,9999,0,9,0
1,30,216,5,2,0,1,30000,0,109,2023,1,6,18,13,22,6,51,16,42,1,1,1,14,7,0,0,0,0,4,9,1,70,4,2,1,35,25,3,61,31,0,1,0,1,0,11,0,3,0,40,0,3,0,2,0,2,0,4,2,35.58994861111111,139.73012527777777,6,3,9999,0,1,0
1,30,216,6,2,0,1,30000,0,109,2023,1,12,21,43,22,6,51,16,48,1,1,1,7,7,0,0,0,0,2,9,1,70,5,3,1,45,55,12,61,1,0,11,0,2,0,11,0,10,0,20,0,3,0,2,0,2,0,4,2,35.59572472222222,139.73622638888887,5,3,9999,0,9,0
1,30,216,8,2,0,1,95000,0,109,2023,1,15,12,10,12,6,50,16,50,2,1,1,0,7,0,0,0,0,0,0,20,70,0,4,1,65,55,3,61,31,0,1,0,1,0,11,0,10,0,40,0,4,0,2,0,2,0,4,2,35.594589444444445,139.74326749999997,1,3,9999,0,9,0
1,30,216,9,2,0,1,30000,0,109,2023,1,16,10,20,12,6,50,16,51,3,1,2,14,7,0,0,0,0,1,7,1,70,5,4,1,45,75,13,61,31,0,11,0,1,0,11,0,5,0,80,0,4,0,2,0,2,0,4,2,35.605023055555556,139.73144833333333,2,3,9999,0,9,0
1,30,216,13,2,0,1,20180,0,109,2023,1,24,8,0,12,6,47,17,0,2,1,2,1,1,9,22,0,0,15,9,30,70,4,1,1,55,1,3,61,1,0,1,0,1,0,11,0,3,0,40,0,3,0,2,0,2,0,4,2,35.59899666666667,139.7306661111111,3,3,9999,0,9,0
1,30,217,15,2,0,1,30000,0,109,2023,1,19,10,45,12,6,49,16,54,1,1,1,1,1,9,22,0,0,15,9,30,70,5,2,1,35,75,52,61,41,0,0,0,0,0,0,0,0,0,0,0,4,0,0,0,0,0,4,2,35.627741666666665,139.7225175,5,3,0,0,0,0
1,30,217,23,2,0,1,10,104,109,2023,1,31,21,23,22,6,42,17,7,1,1,1,1,1,9,22,0,0,19,9,30,70,1,2,1,45,65,3,61,31,0,1,0,1,0,11,0,5,0,20,0,3,0,2,0,2,0,4,2,35.62373027777778,139.7208488888889,3,3,9999,0,1,0
1,30,218,1,2,0,2,20190,0,109,2022,11,19,13,35,12,6,20,16,32,1,1,1,1,1,9,22,0,0,18,9,30,70,4,2,1,35,25,3,61,31,0,1,0,1,0,11,0,2,0,10,0,4,0,2,0,2,0,4,2,35.61188055555556,139.7145861111111,7,3,9999,0,9,0
1,30,218,3,2,0,1,30000,0,109,2022,11,17,8,15,12,6,18,16,33,1,1,1,1,7,0,0,0,0,11,8,30,70,5,3,1,1,0,61,0,0,0,0,0,0,0,0,0,0,0,0,0,0,0,0,0,0,0,2,0,35.608670000000004,139.72650388888889,5,3,0,0,0,0
1,30,218,6,2,0,1,30000,0,109,2022,12,10,13,10,12,6,39,16,28,1,1,1,7,7,0,0,0,0,3,7,1,70,5,3,1,45,45,3,61,31,0,1,0,1,0,11,0,1,0,10,0,4,0,2,0,2,0,4,2,35.61025777777778,139.7013625,7,3,9999,0,9,0
1,30,218,16,2,0,1,30000,0,109,2023,1,31,21,35,22,6,42,17,7,1,1,1,14,7,0,0,0,0,3,9,1,70,5,3,1,45,45,51,61,41,0,0,0,0,0,0,0,0,0,10,0,3,0,0,0,0,0,4,2,35.61293805555556,139.71122333333332,3,3,0,0,0,0
1,30,219,4,2,0,1,150,136,111,2022,12,25,10,13,12,6,48,16,34,1,1,1,14,7,0,0,0,0,2,9,1,70,5,3,1,75,75,3,61,1,0,1,0,1,0,11,0,4,0,0,0,4,0,2,0,2,0,4,2,35.57401194444445,139.73398277777775,1,3,272,0,9,0
1,30,219,8,2,0,1,30000,0,111,2023,1,6,17,25,21,6,51,16,42,1,1,1,14,7,0,0,0,0,1,9,1,70,5,1,1,1,1,51,61,41,0,0,0,0,0,0,0,0,0,10,0,3,0,0,0,0,0,4,2,35.588025,139.72831638888889,6,3,0,0,0,0
1,30,219,30,2,0,1,30000,0,111,2023,1,25,7,43,11,6,46,17,1,1,1,1,1,7,1,22,0,0,15,9,30,70,5,2,1,25,35,51,61,41,0,0,0,0,0,0,0,0,0,10,0,3,0,0,0,0,0,4,2,35.5767375,139.72263916666668,4,3,0,0,0,0
1,30,219,31,2,0,1,10130,0,111,2023,1,25,15,45,12,6,46,17,1,1,1,1,1,1,9,22,0,0,18,9,30,70,5,1,1,35,75,13,61,31,0,11,0,1,0,11,0,4,0,10,0,3,0,2,0,2,0,4,2,35.57890611111112,139.73889777777777,4,3,9999,0,1,0
1,30,219,32,2,0,1,20180,0,111,2023,1,26,12,17,12,6,46,17,2,1,1,1,14,7,0,0,0,0,3,9,1,70,4,2,1,55,75,1,61,1,0,1,0,1,0,11,0,3,0,50,0,3,0,2,0,2,0,4,2,35.57907416666667,139.7190586111111,5,3,9999,0,9,0
1,30,219,40,2,0,1,30000,0,111,2023,1,31,18,20,22,6,42,17,7,2,1,1,14,7,0,0,0,0,1,9,1,70,5,2,1,45,1,51,61,41,0,0,0,0,0,0,0,0,0,10,0,3,0,0,0,0,0,4,2,35.57826666666667,139.72964305555556,3,3,0,0,0,0
1,30,221,3,2,0,1,95000,0,111,2023,1,4,5,37,22,6,51,16,41,1,1,1,1,1,9,22,0,0,15,9,30,70,1,2,1,25,1,35,61,31,0,0,0,0,0,11,0,4,0,10,0,3,0,0,0,0,0,4,2,35.55559638888889,139.7393511111111,4,3,9999,0,5,0
1,30,221,4,2,0,1,30000,0,111,2023,1,5,8,40,12,6,51,16,41,1,1,1,1,7,0,0,0,0,15,9,30,70,5,3,1,75,0,61,0,0,0,0,0,0,0,0,0,0,0,0,0,0,0,0,0,0,0,2,0,35.563292777777775,139.7143611111111,5,3,0,0,0,0
1,30,221,7,2,0,1,95000,0,111,2023,1,1,7,55,12,6,50,16,38,1,1,1,14,7,0,0,0,0,2,9,1,70,5,4,1,55,45,51,61,41,0,0,0,0,0,0,0,0,0,10,0,4,0,0,0,0,0,4,2,35.545565833333335,139.7373261111111,1,1,0,0,0,0
1,30,221,23,2,0,1,1310,0,111,2023,1,13,8,0,12,6,51,16,49,1,1,1,1,1,9,22,0,0,18,9,30,70,1,2,1,25,45,36,61,31,0,0,0,0,0,11,0,2,0,10,0,3,0,0,0,0,0,4,2,35.54914472222222,139.74109222222222,6,3,9999,0,1,0
1,30,221,26,2,0,1,150,162,111,2023,1,22,15,50,12,6,48,16,57,1,1,1,1,1,9,22,0,0,17,9,30,70,1,2,1,45,65,51,61,41,0,0,0,0,0,0,0,0,0,10,0,4,0,0,0,0,0,4,2,35.5545075,139.71967944444444,1,3,0,0,0,0
1,30,221,27,2,0,1,30000,0,111,2023,1,23,7,55,12,6,47,16,59,3,1,2,14,7,0,0,0,0,1,9,1,70,5,3,1,35,75,52,61,41,0,0,0,0,0,0,0,0,0,10,0,4,0,0,0,0,0,4,2,35.54670472222222,139.70566694444443,2,3,0,0,0,0
1,30,221,29,2,0,1,30000,0,111,2023,1,24,17,50,21,6,47,17,0,2,1,1,1,1,9,22,0,0,15,9,30,70,4,1,1,65,55,17,61,31,0,11,0,1,0,11,0,1,0,10,0,4,0,2,0,2,0,4,2,35.54796222222222,139.72837361111112,3,3,9999,0,9,0
1,30,221,30,2,0,1,30000,0,111,2023,1,25,16,26,13,6,46,17,1,1,1,1,1,7,9,22,0,0,15,9,30,70,4,2,1,45,1,13,61,31,0,11,0,1,0,11,0,2,0,10,0,3,0,2,0,2,0,4,2,35.55794861111111,139.7424725,4,3,9999,0,9,0
1,30,221,33,2,0,1,30000,0,111,2023,1,22,17,5,21,6,48,16,57,1,1,1,1,7,9,22,0,0,14,9,30,70,5,2,1,55,25,35,61,31,0,0,0,0,0,11,0,3,0,10,0,3,0,0,0,0,0,4,4,35.54139833333333,139.70732638888887,1,3,9999,0,9,0