資料区分,都道府県コード,警察署等コード,本票番号,事故内容,死者数,負傷者数,路線コード,地点コード,市区町村コード,発生日時　　年,発生日時　　月,発生日時　　日,発生日時　　時,発生日時　　分,昼夜,日の出時刻　　時,日の出時刻　　分,日の入り時刻　　時,日の入り時刻　　分,天候,地形,路面状態,道路形状,信号機,一時停止規制　標識（当事者A）,一時停止規制　表示（当事者A）,一時停止規制　標識（当事者B）,一時停止規制　表示（当事者B）,車道幅員,道路線形,衝突地点,ゾーン規制,中央分離帯施設等,歩車道区分,事故類型,年齢（当事者A）,年齢（当事者B）,当事者種別（当事者A）,当事者種別（当事者B）,用途別（当事者A）,用途別（当事者B）,車両形状等（当事者A）,車両形状等（当事者B）,オートマチック車（当事者A）,オートマチック車（当事者B）,サポカー（当事者A）,サポカー（当事者B）,速度規制（指定のみ）（当事者A）,速度規制（指定のみ）（当事者B）,車両の衝突部位（当事者A）,車両の衝突部位（当事者B）,車両の損壊程度（当事者A）,車両の損壊程度（当事者B）,エアバッグの装備（当事者A）,エアバッグの装備（当事者B）,サイドエアバッグの装備（当事者A）,サイドエアバッグの装備（当事者B）,人身損傷程度（当事者A）,人身損傷程度（当事者B）,lat,lon,曜日(発生年月日),祝日(発生年月日),認知機能検査経過日数（当事者A）,認知機能検査経過日数（当事者B）,運転練習の方法（当事者A）,運転練習の方法（当事者B）
1,30,221,37,2,0,1,30000,0,111,2023,1,30,11,31,12,6,43,17,6,1,1,1,14,7,0,0,0,0,1,9,1,70,5,3,1,65,1,3,61,1,0,1,0,1,0,11,0,10,0,80,0,3,0,2,0,2,0,4,2,35.55388027777777,139.72991416666667,2,3,9999,0,9,0
1,30,222,1,2,0,1,30000,0,111,2023,1,4,18,30,22,6,51,16,41,1,1,1,14,7,0,0,0,0,1,9,1,70,5,3,1,1,65,51,61,41,0,0,0,0,0,0,0,0,0,10,0,3,0,0,0,0,0,4,2,35.6014925,139.70306944444442,4,3,0,0,0,0
1,30,222,9,2,0,1,10130,0,111,2023,1,23,17,41,21,6,47,16,59,1,1,1,7,7,0,0,0,0,4,9,1,70,1,2,1,55,65,3,61,31,0,1,0,1,0,11,0,4,0,30,0,4,0,2,0,2,0,4,2,35.58344833333334,139.72040027777777,2,3,9999,0,9,0
1,30,222,13,2,0,1,10190,0,111,2023,1,29,11,5,12,6,44,17,5,1,1,1,1,1,9,22,0,0,15,9,30,70,4,2,1,35,75,3,61,31,0,1,0,1,0,11,0,2,0,20,0,4,0,2,0,2,0,4,2,35.56426305555555,139.70621888888888,1,3,9999,0,1,0
1,30,222,14,2,0,1,30000,0,111,2023,1,25,7,30,11,6,46,17,1,1,1,1,1,7,9,22,0,0,11,9,30,70,5,3,1,45,1,13,61,31,0,11,0,1,0,11,0,5,0,10,0,3,0,2,0,2,0,4,2,35.58056833333334,139.70121666666665,4,3,9999,0,1,0
1,30,325,1,2,0,1,2460,86,112,2022,12,18,14,45,12,6,45,16,30,1,1,1,1,1,9,22,0,0,11,9,30,70,1,2,1,45,65,12,61,1,0,11,0,2,0,11,0,5,0,41,0,4,0,2,0,2,0,4,2,35.639853333333335,139.66793027777777,1,3,9999,0,9,0
1,30,325,3,2,0,1,30000,0,112,2022,7,2,12,55,12,4,29,19,1,1,1,1,13,7,0,0,0,0,3,4,1,70,5,2,1,75,55,3,61,31,0,1,0,1,0,11,0,3,0,40,0,3,0,2,0,2,0,4,2,35.650663333333334,139.6761138888889,7,3,1059,0,9,0
1,30,325,10,2,0,1,30000,0,112,2023,1,19,22,50,22,6,49,16,54,2,1,1,1,7,9,22,0,0,11,9,30,70,5,1,1,1,1,3,61,31,0,1,0,1,0,11,0,2,0,14,0,4,0,2,0,2,0,4,2,35.6400275,139.67328972222222,5,3,9999,0,5,0
1,30,325,13,2,0,1,30000,0,112,2023,1,7,10,50,12,6,51,16,43,1,1,1,14,7,0,0,0,0,1,9,1,70,5,4,1,55,45,3,61,31,0,1,0,1,0,11,0,5,0,20,0,3,0,2,0,2,0,4,2,35.6385875,139.62542416666668,7,3,9999,0,9,0
1,30,325,15,2,0,1,30000,0,112,2023,1,24,16,40,13,6,47,17,0,1,1,1,14,7,0,0,0,0,2,9,1,1,5,3,1,75,1,3,61,31,0,1,0,1,0,11,0,2,0,12,0,3,0,2,0,2,0,4,2,35.64962861111111,139.67400444444442,3,3,1220,0,9,0
1,30,325,19,2,0,1,30000,0,112,2023,1,11,18,50,22,6,51,16,47,1,1,1,1,7,9,22,0,0,11,9,30,70,5,2,1,45,25,14,61,1,0,11,0,1,0,11,0,2,0,14,0,3,0,2,0,2,0,4,2,35.64503055555556,139.65154666666666,4,3,9999,0,9,0
1,30,326,5,2,0,1,30000,0,112,2022,11,21,6,46,11,6,22,16,31,1,1,1,14,7,0,0,0,0,3,9,1,70,5,3,1,45,1,12,61,31,0,11,0,1,0,11,0,1,0,40,0,3,0,2,0,2,0,4,2,35.660109722222224,139.66731249999998,2,3,9999,0,9,0
1,30,326,7,2,0,1,200,124,115,2022,12,24,10,52,12,6,48,16,33,2,1,1,1,1,9,22,0,0,19,8,30,70,4,2,1,65,25,51,61,41,0,0,0,0,0,0,0,0,0,10,0,3,0,0,0,0,0,4,2,35.67274111111111,139.66073500000002,7,3,0,0,0,0
1,30,326,10,2,0,1,30000,0,112,2023,1,4,10,18,12,6,51,16,41,1,1,1,14,7,0,0,0,0,2,9,1,70,5,3,1,65,55,3,61,31,0,1,0,2,0,11,0,10,0,20,0,4,0,2,0,2,0,4,2,35.65206833333333,139.64663277777777,4,3,9999,0,9,0
1,30,326,15,2,0,1,30000,0,112,2023,1,11,16,0,13,6,51,16,47,1,1,1,14,7,0,0,0,0,1,9,1,70,5,3,1,75,35,51,61,41,0,0,0,0,0,0,0,0,0,20,0,3,0,0,0,0,0,4,2,35.65013666666667,139.63693638888887,4,3,0,0,0,0
1,30,326,19,2,0,1,30000,0,112,2023,1,6,20,0,22,6,51,16,42,1,1,1,1,7,1,21,0,0,11,9,30,70,4,2,1,55,25,3,61,1,0,1,0,1,0,11,0,2,0,10,0,3,0,2,0,2,0,4,2,35.65379111111111,139.6664038888889,6,3,9999,0,9,0
1,30,326,21,2,0,1,30000,0,112,2023,1,19,18,15,22,6,49,16,54,1,1,1,1,7,9,22,0,0,11,9,30,70,5,3,1,55,55,3,61,31,0,1,0,1,0,11,0,2,0,20,0,3,0,2,0,2,0,4,2,35.66484027777778,139.67419166666664,5,3,9999,0,5,0
1,30,327,2,2,0,1,30000,0,112,2022,8,5,11,30,12,4,52,18,42,2,1,1,14,7,0,0,0,0,2,9,1,70,5,1,1,25,55,3,61,31,0,1,0,1,0,11,0,2,0,40,0,3,0,2,0,2,0,4,2,35.62320277777778,139.64754555555555,6,3,9999,0,1,0
1,30,327,6,2,0,1,30000,0,112,2022,9,27,14,44,12,5,32,17,31,1,1,1,14,7,0,0,0,0,1,9,1,70,1,3,1,65,1,3,61,31,0,1,0,1,0,11,0,10,0,40,0,4,0,2,0,2,0,4,2,35.602291666666666,139.65915222222222,3,3,9999,0,9,0
1,30,327,24,2,0,1,30000,0,112,2023,1,13,16,20,13,6,51,16,49,1,1,1,1,7,9,22,0,0,14,9,30,70,4,2,1,45,1,3,61,31,0,1,0,1,0,11,0,3,0,10,0,3,0,2,0,2,0,4,2,35.60639916666667,139.66648555555557,6,3,9999,0,1,0
1,30,327,27,2,0,1,30000,0,112,2023,1,14,19,20,22,6,50,16,50,2,1,1,1,1,9,22,0,0,15,9,30,70,4,1,1,25,35,3,61,31,0,1,0,1,0,11,0,3,0,10,0,3,0,2,0,2,0,4,2,35.606546944444446,139.6579477777778,7,3,9999,0,1,0
1,30,327,30,2,0,1,30000,0,112,2023,1,11,14,25,12,6,51,16,47,1,1,1,1,7,1,22,0,0,14,9,30,70,5,2,1,65,25,14,61,31,0,11,0,1,0,11,0,5,0,10,0,3,0,2,0,2,0,4,2,35.63069138888889,139.65220694444446,4,3,9999,0,9,0
1,30,327,37,2,0,1,20240,0,112,2023,1,20,18,55,22,6,49,16,55,1,1,1,1,1,9,22,0,0,15,9,30,70,4,2,1,55,75,3,61,31,0,1,0,1,0,11,0,3,0,10,0,4,0,2,0,2,0,4,2,35.615940555555554,139.63855611111111,6,3,9999,0,9,0
1,30,327,39,2,0,1,30000,0,112,2022,12,2,16,50,21,6,33,16,28,1,1,1,14,7,0,0,0,0,2,9,1,70,5,4,1,55,45,3,61,31,0,1,0,1,0,1,0,5,0,40,0,3,0,2,0,2,0,4,2,35.62471361111111,139.65606055555557,6,3,9999,0,1,0
1,30,327,43,2,0,1,30000,0,112,2023,1,11,18,20,22,6,51,16,47,1,1,1,14,7,0,0,0,0,1,9,1,70,5,3,1,1,35,51,61,41,0,0,0,0,0,0,0,0,0,10,0,3,0,0,0,0,0,4,2,35.62909861111111,139.64043222222222,4,3,0,0,0,0
1,30,328,9,2,0,1,30000,0,112,2022,12,10,7,24,11,6,39,16,28,1,1,1,14,7,0,0,0,0,1,9,1,70,5,3,1,45,45,3,61,31,0,1,0,1,0,11,0,10,0,70,0,4,0,2,0,2,0,4,2,35.67951361111111,139.59468805555557,7,3,9999,0,1,0
1,30,328,19,2,0,1,30000,0,112,2023,1,7,17,10,21,6,51,16,43,1,1,1,1,7,1,22,0,0,11,9,30,70,5,3,1,75,55,14,61,31,0,11,0,1,0,11,0,2,0,10,0,4,0,2,0,2,0,4,2,35.627428611111114,139.59939333333335,7,3,556,0,9,0
1,30,328,24,2,0,1,95000,0,112,2023,1,15,23,10,22,6,50,16,50,3,1,2,12,7,0,0,0,0,2,9,1,70,4,3,1,55,45,4,61,31,0,1,0,1,0,11,0,2,0,80,0,3,0,2,0,2,0,4,2,35.62862583333333,139.61448805555554,1,3,9999,0,9,0
1,30,328,25,2,0,1,30000,0,112,2023,1,16,22,44,22,6,50,16,51,1,1,1,1,7,9,22,0,0,15,9,30,70,5,2,1,55,55,3,61,1,0,1,0,1,0,11,0,3,0,10,0,4,0,2,0,2,0,4,2,35.64165111111111,139.5964991666667,2,3,9999,0,9,0
1,30,328,27,2,0,1,200,179,112,2023,1,19,11,17,12,6,49,16,54,2,1,1,14,7,0,0,0,0,6,9,1,70,4,1,1,65,25,51,61,41,0,0,0,0,0,0,0,0,0,40,0,4,0,0,0,0,0,4,2,35.67308694444444,139.6045163888889,5,3,0,0,0,0
1,30,328,34,2,0,1,30000,0,112,2023,1,26,11,30,12,6,46,17,2,1,1,1,14,7,0,0,0,0,2,9,1,70,5,2,1,75,45,51,61,41,0,0,0,0,0,0,0,0,0,10,0,4,0,0,0,0,0,4,2,35.66835638888889,139.60164388888887,5,3,0,0,0,0
1,30,328,36,2,0,1,99000,0,112,2023,1,28,12,15,12,6,44,17,4,1,1,1,0,7,0,0,0,0,0,0,20,70,0,4,1,45,1,3,61,31,0,1,0,1,0,11,0,10,0,30,0,3,0,2,0,2,0,4,2,35.669195555555554,139.61386083333332,7,3,9999,0,5,0
1,30,329,1,2,0,1,20000,0,110,2022,12,30,14,40,12,6,50,16,37,1,1,1,1,7,1,21,0,0,11,7,30,1,5,3,1,45,1,51,61,41,0,0,0,0,0,0,0,0,0,10,0,3,0,0,0,0,0,4,2,35.63554694444444,139.69865416666667,6,3,0,0,0,0
1,30,329,10,2,0,1,95000,0,110,2023,1,16,15,45,12,6,50,16,51,1,1,2,1,7,9,22,0,0,15,9,30,70,4,3,1,65,75,3,61,31,0,1,0,1,0,11,0,2,0,50,0,3,0,2,0,2,0,4,2,35.62695055555555,139.70891277777775,2,3,9999,0,9,0
1,30,329,13,2,0,1,30000,0,110,2023,1,18,14,50,12,6,49,16,53,1,1,1,14,7,0,0,0,0,1,9,1,70,5,3,1,55,55,3,61,1,0,1,0,1,0,11,0,2,0,80,0,3,0,2,0,2,0,4,2,35.64584111111111,139.69889750000002,4,3,9999,0,9,0
1,30,329,21,2,0,1,30000,0,110,2023,1,22,4,10,22,6,48,16,57,1,1,1,1,7,1,21,0,0,11,9,30,70,5,3,1,55,25,3,61,1,0,1,0,1,0,11,0,2,0,80,0,3,0,2,0,2,0,4,2,35.62903638888889,139.71289888888887,1,3,9999,0,9,0
1,30,329,26,2,0,1,10160,0,110,2023,1,27,23,18,22,6,45,17,3,2,1,1,14,7,0,0,0,0,1,9,1,70,5,2,1,35,25,51,61,41,0,0,0,0,0,0,0,0,0,10,0,3,0,0,0,0,0,4,2,35.63399555555556,139.70770055555553,6,3,0,0,0,0
1,30,329,29,2,0,1,10080,0,110,2023,1,31,9,39,12,6,42,17,7,1,1,1,14,7,0,0,0,0,5,8,1,70,4,1,1,25,25,13,61,31,0,11,0,1,0,11,0,4,0,80,0,3,0,2,0,2,0,4,2,35.63247472222222,139.70786194444443,3,3,9999,0,1,0
1,30,330,3,2,0,1,20240,0,110,2023,1,4,17,25,21,6,51,16,41,1,1,1,14,7,0,0,0,0,3,9,1,70,5,2,1,25,1,35,61,31,0,0,0,0,0,11,0,2,0,10,0,3,0,0,0,0,0,4,2,35.62616916666667,139.67149305555554,4,3,9999,0,5,0
1,30,330,5,2,0,1,30000,0,110,2023,1,8,0,15,22,6,51,16,44,1,1,1,1,7,9,22,0,0,15,9,30,70,5,3,1,65,35,51,61,41,0,0,0,0,0,0,0,0,0,10,0,3,0,0,0,0,0,4,2,35.62901388888889,139.6860788888889,1,2,0,0,0,0
1,30,331,4,2,0,1,10090,0,113,2022,11,12,2,5,22,6,13,16,37,1,1,1,14,7,0,0,0,0,5,9,1,70,1,2,1,45,35,3,61,31,0,1,0,1,0,11,0,5,0,10,0,3,0,2,0,2,0,4,2,35.666934166666664,139.70423944444443,7,3,9999,0,5,0
1,30,331,5,2,0,1,30000,0,113,2022,12,6,13,35,12,6,36,16,28,2,1,1,14,7,0,0,0,0,3,9,1,70,5,2,1,55,45,14,61,31,0,11,0,1,0,11,0,10,0,80,0,4,0,2,0,2,0,4,2,35.65821611111111,139.69866611111112,3,3,9999,0,9,0
1,30,331,6,2,0,1,30000,0,113,2022,10,10,20,47,22,5,43,17,13,1,1,1,1,7,0,0,0,0,11,9,30,70,5,4,1,25,0,61,0,0,0,0,0,0,0,0,0,0,0,0,0,0,0,0,0,0,0,2,0,35.65909305555555,139.69696666666667,2,1,0,0,0,0
1,30,331,11,2,0,1,30000,0,113,2023,1,6,10,40,12,6,51,16,42,1,1,1,14,7,0,0,0,0,2,7,1,70,4,2,1,45,65,35,61,31,0,0,0,0,0,11,0,2,0,10,0,3,0,0,0,0,0,4,2,35.64586222222222,139.71216249999998,6,3,9999,0,9,0
1,30,331,14,2,0,1,20120,0,113,2023,1,11,10,0,12,6,51,16,47,1,1,1,14,7,0,0,0,0,5,9,1,70,3,2,1,55,45,3,61,1,0,1,0,1,0,11,0,4,0,80,0,3,0,2,0,2,0,4,2,35.649654166666664,139.72250527777777,4,3,9999,0,9,0
1,30,331,15,2,0,1,30000,0,113,2023,1,13,10,3,12,6,51,16,49,1,1,1,1,1,1,22,0,0,14,8,30,70,4,2,1,25,45,51,61,41,0,0,0,0,0,0,0,0,0,10,0,3,0,0,0,0,0,4,2,35.643905277777776,139.71526083333333,6,3,0,0,0,0
1,30,331,16,2,0,1,30000,0,113,2023,1,13,23,20,22,6,51,16,49,2,1,1,1,7,9,22,0,0,15,9,30,70,4,3,1,75,45,3,61,1,0,1,0,1,0,11,0,2,0,10,0,4,0,2,0,2,0,4,2,35.65569277777777,139.6976138888889,6,3,214,0,5,0
1,30,331,17,2,0,1,30000,0,113,2023,1,14,6,40,23,6,50,16,50,1,1,1,1,7,9,22,0,0,11,9,30,70,5,3,1,75,45,51,61,41,0,0,0,0,0,0,0,0,0,10,0,4,0,0,0,0,0,4,2,35.653773888888885,139.6989675,7,3,0,0,0,0
1,30,331,22,2,0,1,30000,0,113,2023,1,18,12,0,12,6,49,16,53,1,1,1,1,1,2,22,0,0,15,7,30,70,4,2,1,55,65,11,61,1,0,11,0,2,0,11,0,3,0,10,0,4,0,2,0,2,0,4,2,35.662191666666665,139.70093694444444,4,3,9999,0,9,0
1,30,331,24,2,0,1,30000,0,113,2023,1,20,22,20,22,6,49,16,55,1,1,1,14,7,0,0,0,0,2,9,1,70,5,2,1,45,25,3,61,1,0,1,0,1,0,11,0,2,0,10,0,4,0,2,0,2,0,4,2,35.66220111111111,139.7042872222222,6,3,9999,0,1,0
1,30,331,27,2,0,1,30000,0,113,2023,1,24,7,50,12,6,47,17,0,3,1,1,14,7,0,0,0,0,3,9,1,70,4,2,1,45,45,3,61,31,0,1,0,1,0,11,0,3,0,40,0,3,0,2,0,2,0,4,2,35.656550833333334,139.69554805555555,3,3,9999,0,4,0
1,30,332,11,2,0,1,10090,0,113,2023,1,26,9,0,12,6,46,17,2,1,1,3,14,7,0,0,0,0,2,9,1,70,5,2,1,25,1,51,61,41,0,0,0,0,0,0,0,0,0,10,0,3,0,0,0,0,0,4,2,35.66875333333333,139.70576,5,3,0,0,0,0
1,30,333,8,2,0,1,10160,0,113,2023,1,17,18,15,22,6,50,16,52,3,1,2,1,1,9,22,0,0,14,9,30,70,5,2,1,45,75,4,61,31,0,1,0,1,0,11,0,5,0,80,0,4,0,2,0,2,0,4,2,35.67363861111111,139.68753583333333,3,3,9999,0,9,0
1,30,333,15,2,0,1,30250,0,113,2023,1,27,19,0,22,6,45,17,3,2,1,1,7,1,0,0,0,0,3,9,1,70,4,2,1,1,45,51,61,41,0,0,0,0,0,0,0,0,0,10,0,3,0,0,0,0,0,4,2,35.679451944444445,139.69410333333335,6,3,0,0,0,0
1,30,435,4,2,0,1,30000,0,104,2023,1,5,1,52,22,6,51,16,41,1,1,1,1,1,9,22,0,0,14,8,30,70,4,2,1,65,45,3,61,1,0,1,0,1,0,11,0,2,0,0,0,3,0,2,0,2,0,4,2,35.704532500000006,139.71604027777778,5,3,9999,0,9,0
1,30,435,6,2,0,1,20290,0,104,2023,1,11,11,30,12,6,51,16,47,1,1,1,14,7,0,0,0,0,1,8,1,70,5,2,1,45,35,52,61,41,0,0,0,0,0,0,0,0,0,10,0,3,0,0,0,0,0,4,2,35.702806388888895,139.74365916666665,4,3,0,0,0,0
1,30,435,10,2,0,1,30000,0,104,2023,1,18,9,25,12,6,49,16,53,1,1,1,1,1,9,22,0,0,17,9,30,70,4,2,1,25,1,59,61,0,0,0,0,0,0,0,0,0,0,10,0,3,0,0,0,0,0,4,2,35.69933888888889,139.7292336111111,4,3,0,0,0,0
1,30,435,12,2,0,1,30280,0,104,2023,1,18,17,30,21,6,49,16,53,1,1,1,1,1,9,22,0,0,17,9,30,70,4,2,1,55,1,3,61,1,0,1,0,1,0,11,0,3,0,40,0,3,0,2,0,2,0,4,2,35.69782166666666,139.73406999999997,4,3,9999,0,9,0
1,30,435,14,2,0,1,30000,0,104,2023,1,24,13,5,12,6,47,17,0,1,1,1,14,7,0,0,0,0,2,9,1,70,5,3,1,55,65,3,61,31,0,1,0,1,0,11,0,2,0,50,0,3,0,2,0,2,0,4,2,35.69997111111111,139.71724444444445,3,3,9999,0,9,0
1,30,435,15,2,0,1,30000,0,104,2023,1,24,15,10,12,6,47,17,0,1,1,1,14,7,0,0,0,0,3,9,1,70,4,3,1,55,1,3,61,1,0,1,0,1,0,11,0,2,0,80,0,3,0,2,0,2,0,4,2,35.708015,139.73049805555556,3,3,9999,0,9,0
1,30,436,2,2,0,1,30290,0,104,2022,12,27,16,50,21,6,49,16,35,1,1,1,14,7,0,0,0,0,3,9,1,70,4,2,1,45,25,5,61,31,0,1,0,1,0,11,0,3,0,10,0,3,0,2,0,2,0,4,2,35.70207722222222,139.69512666666668,3,3,9999,0,1,0
1,30,436,5,2,0,1,10240,0,104,2022,11,23,16,35,21,6,24,16,30,3,1,2,1,1,9,22,0,0,19,9,30,70,1,2,1,45,25,3,61,31,0,1,0,1,0,11,0,4,0,10,0,3,0,2,0,2,0,4,2,35.693619722222216,139.69504111111112,4,1,9999,0,1,0
1,30,436,6,2,0,1,30000,0,104,2022,9,20,16,15,12,5,27,17,41,2,1,1,14,7,0,0,0,0,3,9,1,70,5,3,1,65,45,3,61,1,0,1,0,1,0,11,0,1,0,40,0,4,0,2,0,2,0,4,2,35.69496916666667,139.70518055555556,3,3,9999,0,9,0
1,30,436,10,2,0,1,200,87,104,2022,9,20,15,11,12,5,27,17,41,2,1,1,7,1,0,0,0,0,5,9,1,70,1,2,1,55,35,3,61,1,0,1,0,1,0,11,0,1,0,40,0,4,0,2,0,2,0,4,2,35.68861916666666,139.698675,3,3,9999,0,9,0
1,30,436,20,2,0,1,95000,0,104,2022,5,9,8,20,12,4,41,18,34,2,1,1,14,7,0,0,0,0,2,9,1,70,5,4,1,65,45,3,61,1,0,1,0,1,0,11,0,10,0,40,0,4,0,2,0,2,0,4,2,35.70531666666667,139.6884861111111,2,3,33,0,9,0
1,30,436,22,2,0,1,30000,0,104,2023,1,30,19,5,22,6,43,17,6,1,1,1,14,7,0,0,0,0,4,9,1,70,4,2,1,25,25,36,61,31,0,0,0,0,0,11,0,2,0,10,0,4,0,0,0,0,0,4,2,35.68995444444444,139.68476833333332,2,3,9999,0,1,0
1,30,437,3,2,0,1,10220,0,104,2022,12,14,12,40,12,6,42,16,29,1,1,1,14,1,0,0,0,0,4,9,1,70,4,1,1,55,0,61,0,0,0,0,0,0,0,0,0,0,0,0,0,0,0,0,0,0,0,2,0,35.713800000000006,139.7037636111111,4,3,0,0,0,0
1,30,437,6,2,0,1,10280,0,104,2023,1,6,17,47,22,6,51,16,42,1,1,1,1,1,9,22,0,0,17,9,30,70,1,2,1,65,25,3,61,1,0,1,0,1,0,11,0,4,0,50,0,3,0,2,0,2,0,4,2,35.71303,139.71404694444442,6,3,9999,0,9,0
1,30,437,7,2,0,1,10280,0,104,2023,1,7,3,45,22,6,51,16,43,1,1,1,1,7,1,22,0,0,17,9,30,70,1,1,1,65,1,3,61,1,0,1,0,1,0,11,0,5,0,10,0,3,0,2,0,2,0,4,2,35.716570555555556,139.6974125,7,3,9999,0,9,0
1,30,437,9,2,0,1,10090,0,104,2023,1,9,0,15,22,6,51,16,45,1,1,1,14,7,0,0,0,0,4,9,1,70,4,1,1,65,65,3,61,1,0,1,0,1,0,11,0,4,0,10,0,3,0,2,0,2,0,4,2,35.70969916666667,139.70945972222222,2,1,9999,0,9,0
1,30,437,10,2,0,1,30000,0,104,2023,1,11,12,46,12,6,51,16,47,1,1,1,14,7,0,0,0,0,2,9,1,70,5,4,1,65,55,3,61,1,0,1,0,1,0,11,0,10,0,10,0,4,0,2,0,2,0,4,2,35.71516805555556,139.7033397222222,4,3,9999,0,1,0
1,30,437,21,2,0,1,30000,0,104,2023,1,31,9,30,12,6,42,17,7,1,1,1,14,7,0,0,0,0,3,9,1,70,5,3,1,55,25,14,61,31,0,11,0,1,0,11,0,1,0,60,0,4,0,2,0,2,0,4,2,35.71708777777778,139.69839444444446,3,3,9999,0,9,0
1,30,437,23,2,0,1,10220,0,104,2023,1,24,8,48,12,6,47,17,0,3,1,1,14,7,0,0,0,0,3,9,1,70,4,1,1,65,35,51,61,41,0,0,0,0,0,0,0,0,0,10,0,3,0,0,0,0,0,4,2,35.71236638888889,139.69992972222224,3,3,0,0,0,0
1,30,438,2,2,0,1,10050,0,104,2022,12,17,2,20,22,6,44,16,30,1,1,1,7,7,0,0,0,0,4,9,1,70,4,2,1,45,25,51,61,41,0,0,0,0,0,0,0,0,0,10,0,3,0,0,0,0,0,4,2,35.69267027777777,139.70536944444444,7,3,0,0,0,0
1,30,438,3,2,0,1,21030,0,104,2023,1,6,7,39,11,6,51,16,42,1,1,1,14,1,0,0,0,0,1,9,1,70,5,2,1,75,45,51,61,41,0,0,0,0,0,0,0,0,0,10,0,3,0,0,0,0,0,4,2,35.68870027777778,139.70977055555554,6,3,0,0,0,0
1,30,438,5,2,0,1,30000,0,104,2023,1,11,16,15,13,6,51,16,47,1,1,1,1,1,9,22,0,0,14,9,30,70,4,2,1,45,75,12,61,1,0,11,0,1,0,11,0,5,0,10,0,4,0,2,0,2,0,4,2,35.690305555555554,139.7100911111111,4,3,9999,0,9,0
1,30,438,8,2,0,1,30000,0,104,2023,1,14,7,40,11,6,50,16,50,2,1,1,7,7,0,0,0,0,2,9,1,70,1,2,1,35,45,51,61,41,0,0,0,0,0,0,0,0,0,10,0,3,0,0,0,0,0,4,2,35.69050555555555,139.7071161111111,7,3,0,0,0,0
1,30,439,5,2,0,1,20280,0,114,2022,12,19,20,25,22,6,45,16,31,1,1,1,14,7,0,0,0,0,5,9,1,70,1,2,1,35,45,51,61,41,0,0,0,0,0,0,0,0,0,0,0,4,0,0,0,0,0,4,2,35.706918611111114,139.66535833333333,2,3,0,0,0,0
1,30,439,6,2,0,1,10240,0,114,2023,1,12,22,0,22,6,51,16,48,1,1,1,1,1,9,22,0,0,17,9,30,70,5,1,1,45,55,51,61,41,0,0,0,0,0,0,0,0,0,40,0,4,0,0,0,0,0,4,2,35.697379444444444,139.66478527777778,5,3,0,0,0,0
1,30,439,13,2,0,1,10230,0,114,2023,1,1,15,49,13,6,50,16,38,1,1,1,14,7,0,0,0,0,3,8,1,70,4,2,1,45,55,51,61,41,0,0,0,0,0,0,0,0,0,20,0,4,0,0,0,0,0,4,2,35.68452805555555,139.6618227777778,1,1,0,0,0,0
1,30,440,2,2,0,1,30000,0,114,2023,1,5,10,15,12,6,51,16,41,1,1,1,14,7,0,0,0,0,4,9,1,70,4,2,1,55,75,3,61,1,0,1,0,1,0,11,0,2,0,40,0,4,0,2,0,2,0,4,2,35.707056666666666,139.6633341666667,5,3,9999,0,9,0
1,30,440,4,2,0,1,10250,0,114,2023,1,9,19,0,22,6,51,16,45,1,1,1,7,7,0,0,0,0,3,9,1,70,4,2,1,55,1,14,61,31,0,11,0,1,0,11,0,3,0,10,0,3,0,2,0,2,0,4,2,35.72386055555556,139.66534916666666,2,1,9999,0,9,0
1,30,440,6,2,0,1,10010,0,114,2023,1,11,18,30,22,6,51,16,47,1,1,1,14,7,0,0,0,0,5,9,1,70,4,2,1,45,75,3,61,31,0,1,0,1,0,11,0,4,0,50,0,3,0,2,0,2,0,4,2,35.729800833333336,139.67708527777776,4,3,9999,0,9,0
1,30,440,14,2,0,1,10250,0,114,2023,1,27,18,35,22,6,45,17,3,2,1,1,1,1,9,22,0,0,18,7,30,70,4,2,1,45,55,51,61,41,0,0,0,0,0,0,0,0,0,20,0,3,0,0,0,0,0,4,2,35.723914444444446,139.6673913888889,6,3,0,0,0,0
1,30,440,15,2,0,1,10130,0,114,2023,1,30,3,55,22,6,43,17,6,1,1,1,14,7,0,0,0,0,6,9,1,70,6,2,1,65,25,17,61,1,0,11,0,1,0,11,0,4,0,80,0,3,0,2,0,2,0,4,2,35.72576527777778,139.6538988888889,2,3,9999,0,9,0
1,30,441,1,2,0,1,30000,0,115,2022,10,16,10,0,12,5,48,17,5,1,1,1,14,7,0,0,0,0,1,9,1,70,5,4,1,25,0,61,0,0,0,0,0,0,0,0,0,0,0,0,0,0,0,0,0,0,0,2,0,35.69435111111111,139.65045944444444,1,3,0,0,0,0
1,30,441,5,2,0,1,30000,0,115,2023,1,2,11,50,12,6,51,16,39,1,1,1,14,7,0,0,0,0,2,9,1,70,5,3,1,35,75,14,61,1,0,11,0,1,0,11,0,2,0,10,0,3,0,2,0,2,0,4,2,35.702378333333336,139.64936388888887,2,1,9999,0,5,0
1,30,441,13,2,0,1,30000,0,115,2023,1,17,14,55,12,6,50,16,52,1,1,1,1,7,9,22,0,0,11,9,30,70,5,3,1,65,75,3,61,31,0,1,0,1,0,11,0,2,0,10,0,4,0,2,0,2,0,4,2,35.693171944444444,139.62702472222222,3,3,9999,0,9,0
1,30,441,14,2,0,1,30000,0,115,2023,1,18,1,57,22,6,49,16,53,2,1,1,14,7,0,0,0,0,3,9,1,70,4,2,1,55,45,3,61,1,0,1,0,1,0,11,0,3,0,40,0,4,0,2,0,2,0,4,2,35.70323944444445,139.64968166666665,4,3,9999,0,9,0