資料区分,都道府県コード,警察署等コード,本票番号,事故内容,死者数,負傷者数,路線コード,地点コード,市区町村コード,発生日時　　年,発生日時　　月,発生日時　　日,発生日時　　時,発生日時　　分,昼夜,日の出時刻　　時,日の出時刻　　分,日の入り時刻　　時,日の入り時刻　　分,天候,地形,路面状態,道路形状,信号機,一時停止規制　標識（当事者A）,一時停止規制　表示（当事者A）,一時停止規制　標識（当事者B）,一時停止規制　表示（当事者B）,車道幅員,道路線形,衝突地点,ゾーン規制,中央分離帯施設等,歩車道区分,事故類型,年齢（当事者A）,年齢（当事者B）,当事者種別（当事者A）,当事者種別（当事者B）,用途別（当事者A）,用途別（当事者B）,車両形状等（当事者A）,車両形状等（当事者B）,オートマチック車（当事者A）,オートマチック車（当事者B）,サポカー（当事者A）,サポカー（当事者B）,速度規制（指定のみ）（当事者A）,速度規制（指定のみ）（当事者B）,車両の衝突部位（当事者A）,車両の衝突部位（当事者B）,車両の損壊程度（当事者A）,車両の損壊程度（当事者B）,エアバッグの装備（当事者A）,エアバッグの装備（当事者B）,サイドエアバッグの装備（当事者A）,サイドエアバッグの装備（当事者B）,人身損傷程度（当事者A）,人身損傷程度（当事者B）,lat,lon,曜日(発生年月日),祝日(発生年月日),認知機能検査経過日数（当事者A）,認知機能検査経過日数（当事者B）,運転練習の方法（当事者A）,運転練習の方法（当事者B）
1,30,441,15,2,0,1,30000,0,115,2023,1,19,16,45,13,6,49,16,54,1,1,1,14,7,0,0,0,0,1,9,1,70,5,3,1,25,1,3,61,31,0,1,0,1,0,11,0,10,0,10,0,3,0,2,0,2,0,4,2,35.702665,139.65003055555556,5,3,9999,0,1,0
1,30,441,16,2,0,1,10260,0,115,2023,1,21,9,38,12,6,48,16,56,1,1,1,14,1,0,0,0,0,3,9,1,70,4,2,1,55,35,3,61,31,0,1,0,1,0,11,0,3,0,10,0,3,0,2,0,2,0,4,2,35.69183777777778,139.63346194444443,7,3,9999,0,1,0
1,30,441,18,2,0,1,30000,0,115,2022,12,30,19,0,22,6,50,16,37,1,1,1,1,7,9,22,0,0,11,9,30,70,5,4,1,1,25,3,61,31,0,1,0,1,0,11,0,1,0,20,0,3,0,2,0,2,0,4,2,35.70640055555556,139.63603777777777,6,3,9999,0,1,0
1,30,441,21,2,0,1,10240,0,115,2023,1,26,7,30,11,6,46,17,2,1,1,1,1,7,9,22,0,0,11,9,30,70,4,1,1,65,65,51,61,41,0,0,0,0,0,0,0,0,0,10,0,4,0,0,0,0,0,4,2,35.6978875,139.6580138888889,5,3,0,0,0,0
1,30,441,24,2,0,1,10130,0,115,2023,1,25,16,0,12,6,46,17,1,2,1,1,14,7,0,0,0,0,4,9,1,70,1,1,1,45,55,51,61,41,0,0,0,0,0,0,0,0,0,20,0,4,0,0,0,0,0,4,2,35.68701083333333,139.65602222222222,4,3,0,0,0,0
1,30,442,4,2,0,1,30000,0,115,2022,12,23,7,40,11,6,48,16,32,1,1,1,1,7,9,22,0,0,11,9,30,70,4,2,1,25,75,51,61,41,0,0,0,0,0,0,0,0,0,10,0,3,0,0,0,0,0,4,2,35.672285277777775,139.6426675,6,3,0,0,0,0
1,30,442,5,2,0,1,30000,0,115,2022,12,28,6,25,23,6,49,16,35,1,1,1,1,1,9,22,0,0,14,9,30,70,4,3,1,55,45,13,61,31,0,11,0,1,0,11,0,3,0,10,0,3,0,2,0,2,0,4,2,35.69061388888888,139.62072222222224,4,3,9999,0,5,0
1,30,442,7,2,0,1,30000,0,115,2023,1,5,9,10,12,6,51,16,41,1,1,1,14,7,0,0,0,0,2,9,1,70,5,3,1,45,45,3,61,31,0,1,0,1,0,11,0,5,0,20,0,4,0,2,0,2,0,4,2,35.676338888888885,139.62937333333335,5,3,9999,0,1,0
1,30,442,27,2,0,1,20270,0,115,2023,1,26,20,40,22,6,46,17,2,1,1,1,1,1,9,22,0,0,14,9,30,70,4,2,1,1,35,14,61,31,0,11,0,1,0,11,0,3,0,50,0,3,0,2,0,2,0,4,2,35.67235861111111,139.6510638888889,5,3,9999,0,1,0
1,30,442,28,2,0,1,30000,0,115,2023,1,20,20,15,22,6,49,16,55,1,1,1,1,7,9,22,0,0,11,9,30,70,5,3,1,45,65,3,61,31,0,1,0,1,0,11,0,1,0,10,0,3,0,2,0,2,0,4,2,35.68215444444444,139.62541694444445,6,3,9999,0,1,0
1,30,442,29,2,0,1,20270,0,115,2023,1,17,20,4,22,6,50,16,52,3,1,2,14,7,0,0,0,0,5,9,1,70,4,2,1,1,55,51,61,41,0,0,0,0,0,0,0,0,0,40,0,4,0,0,0,0,0,4,2,35.67612027777778,139.64413249999998,3,3,0,0,0,0
1,30,443,10,2,0,1,30000,0,115,2023,1,12,0,20,22,6,51,16,48,1,1,1,14,7,0,0,0,0,2,9,1,70,5,3,1,25,35,3,61,31,0,1,0,1,0,11,0,10,0,50,0,2,0,2,0,2,0,4,2,35.72576027777778,139.60540944444443,5,3,9999,0,1,0
1,30,547,4,2,0,1,30000,0,105,2023,1,18,8,43,12,6,49,16,53,1,1,1,1,7,1,21,0,0,11,9,30,70,5,3,1,65,45,3,61,31,0,1,0,1,0,11,0,2,0,10,0,3,0,2,0,2,0,4,2,35.71387444444445,139.75518555555556,4,3,9999,0,9,0
1,30,548,2,2,0,1,30000,0,105,2023,1,7,16,43,21,6,51,16,43,1,1,1,14,7,0,0,0,0,3,9,1,70,5,3,1,25,1,3,61,1,0,1,0,1,0,11,0,2,0,10,0,3,0,2,0,2,0,4,2,35.73231444444445,139.75164833333332,7,3,9999,0,9,0
1,30,548,4,2,0,1,20400,0,105,2023,1,1,10,8,12,6,50,16,38,1,1,1,1,7,9,22,0,0,17,9,30,70,1,2,1,55,45,3,61,31,0,1,0,1,0,11,0,4,0,30,0,4,0,2,0,2,0,4,2,35.72922694444445,139.75161166666666,1,1,9999,0,9,0
1,30,548,5,2,0,1,20370,0,105,2023,1,29,11,45,12,6,44,17,5,1,1,1,7,1,0,0,0,0,3,9,1,70,4,2,1,1,65,51,61,41,0,0,0,0,0,0,0,0,0,40,0,4,0,0,0,0,0,4,2,35.733711944444444,139.75559805555557,1,3,0,0,0,0
1,30,549,5,2,0,1,30000,0,116,2023,1,30,14,30,12,6,43,17,6,2,1,1,14,7,0,0,0,0,4,9,1,70,4,1,1,65,75,17,61,1,0,11,0,1,0,11,0,3,0,10,0,3,0,2,0,2,0,4,2,35.72949694444445,139.72189111111112,2,3,9999,0,9,0
1,30,550,5,2,0,1,30000,0,116,2023,1,10,18,25,22,6,51,16,46,1,1,1,1,7,9,22,0,0,11,9,30,70,5,2,1,25,55,51,61,41,0,0,0,0,0,0,0,0,0,10,0,4,0,0,0,0,0,4,2,35.74279,139.7087938888889,3,3,0,0,0,0
1,30,550,9,2,0,1,30000,0,116,2023,1,11,17,50,22,6,51,16,47,1,1,1,13,7,0,0,0,0,1,6,1,70,5,3,1,1,1,51,61,41,0,0,0,0,0,0,0,0,0,10,0,4,0,0,0,0,0,4,2,35.73191944444444,139.70136888888888,4,3,0,0,0,0
1,30,550,10,2,0,1,30000,0,116,2023,1,21,11,14,12,6,48,16,56,1,1,1,14,7,0,0,0,0,3,9,1,70,5,4,1,25,55,3,61,31,0,1,0,1,0,11,0,10,0,30,0,3,0,2,0,2,0,4,2,35.730267222222224,139.7135497222222,7,3,9999,0,1,0
1,30,550,11,2,0,1,30770,0,116,2023,1,22,16,52,13,6,48,16,57,1,1,1,1,1,9,22,0,0,17,9,30,70,5,2,1,45,1,3,61,31,0,1,0,1,0,11,0,3,0,10,0,3,0,2,0,2,0,4,2,35.73072333333334,139.70794916666665,1,3,9999,0,1,0
1,30,551,1,2,0,1,30000,0,116,2022,12,20,21,37,22,6,46,16,31,1,1,1,14,7,0,0,0,0,3,9,1,70,5,1,1,75,35,3,61,1,0,1,0,1,0,11,0,10,0,40,0,4,0,2,0,2,0,4,2,35.72611333333334,139.69523194444446,3,3,474,0,9,0
1,30,551,10,2,0,1,30000,0,116,2023,1,25,18,33,22,6,46,17,1,1,1,1,1,7,9,22,0,0,15,9,30,70,5,3,1,35,25,51,61,41,0,0,0,0,0,0,0,0,0,10,0,4,0,0,0,0,0,4,2,35.72603166666667,139.69557111111112,4,3,0,0,0,0
1,30,551,11,2,0,1,30000,0,116,2023,1,29,20,10,22,6,44,17,5,1,1,1,1,7,1,21,0,0,11,9,30,70,5,3,1,45,25,36,61,31,0,0,0,0,0,11,0,10,0,10,0,3,0,0,0,0,0,4,2,35.72231444444444,139.71986333333334,1,3,9999,0,1,0
1,30,551,12,2,0,1,30000,0,116,2022,12,29,13,25,12,6,50,16,36,1,1,1,1,1,9,22,0,0,15,9,30,70,4,1,1,35,35,3,61,31,0,1,0,1,0,11,0,3,0,40,0,4,0,2,0,2,0,4,2,35.72669833333334,139.71198416666667,5,3,9999,0,1,0
1,30,552,4,2,0,1,170,90,117,2023,1,7,7,45,11,6,51,16,43,1,1,1,1,1,9,22,0,0,17,9,30,70,1,1,1,35,65,51,61,41,0,0,0,0,0,0,0,0,0,10,0,3,0,0,0,0,0,4,2,35.74759888888889,139.72309166666668,7,3,0,0,0,0
1,30,552,5,2,0,1,20000,0,117,2023,1,8,14,35,12,6,51,16,44,1,1,1,14,7,0,0,0,0,4,9,1,70,4,1,1,35,75,14,61,1,0,11,0,1,0,11,0,3,0,30,0,4,0,2,0,2,0,4,2,35.73312027777778,139.75881388888888,1,2,9999,0,1,0
1,30,552,6,2,0,1,30000,0,117,2023,1,9,19,0,22,6,51,16,45,1,1,1,1,7,1,21,0,0,14,9,30,70,5,1,1,1,35,51,61,41,0,0,0,0,0,0,0,0,0,10,0,4,0,0,0,0,0,4,2,35.737183333333334,139.75452,2,1,0,0,0,0
1,30,553,6,2,0,1,30000,0,117,2023,1,12,8,20,12,6,51,16,48,1,1,1,1,7,9,22,0,0,11,9,30,70,4,1,1,35,45,35,61,31,0,0,0,0,0,11,0,2,0,10,0,3,0,0,0,0,0,4,2,35.761116944444446,139.72689833333334,5,3,9999,0,5,0
1,30,553,7,2,0,1,20450,0,117,2023,1,13,13,10,12,6,51,16,49,1,1,1,14,7,0,0,0,0,4,9,1,70,4,2,1,75,45,51,61,41,0,0,0,0,0,0,0,0,0,10,0,3,0,0,0,0,0,2,4,35.75888027777778,139.72460555555557,6,3,0,0,0,0
1,30,554,13,2,0,1,20000,0,117,2023,1,17,18,45,22,6,50,16,52,3,1,2,1,1,9,22,0,0,15,9,30,70,5,1,1,55,1,51,61,41,0,0,0,0,0,0,0,0,0,10,0,3,0,0,0,0,0,4,2,35.775666666666666,139.7204722222222,3,3,0,0,0,0
1,30,555,4,2,0,1,30000,0,119,2022,12,19,13,26,12,6,45,16,31,1,1,1,1,7,9,22,0,0,14,9,30,70,4,2,1,45,25,51,61,41,0,0,0,0,0,0,0,0,0,20,0,4,0,0,0,0,0,4,2,35.75809805555556,139.68971472222222,2,3,0,0,0,0
1,30,555,14,2,0,1,30000,0,119,2023,1,10,18,7,22,6,51,16,46,1,1,1,14,7,0,0,0,0,3,9,1,70,5,3,1,45,75,14,61,1,0,11,0,1,0,11,0,5,0,80,0,4,0,2,0,2,0,4,2,35.74872638888889,139.70323444444443,3,3,9999,0,9,0
1,30,555,18,2,0,1,30000,0,119,2023,1,14,21,0,22,6,50,16,50,2,1,1,1,7,9,22,0,0,15,9,30,70,4,1,1,45,55,14,61,1,0,11,0,1,0,11,0,2,0,20,0,3,0,2,0,2,0,4,2,35.7463475,139.7138508333333,7,3,9999,0,9,0
1,30,555,19,2,0,1,30000,0,119,2023,1,15,14,38,12,6,50,16,50,1,1,1,14,7,0,0,0,0,2,9,1,70,5,3,1,55,25,3,61,31,0,1,0,1,0,11,0,2,0,40,0,4,0,2,0,2,0,4,2,35.75107,139.71182499999998,1,3,9999,0,9,0
1,30,555,21,2,0,1,30000,0,119,2023,1,19,8,20,12,6,49,16,54,1,1,1,1,7,9,22,0,0,14,9,30,70,4,1,1,1,1,51,61,41,0,0,0,0,0,0,0,0,0,10,0,3,0,0,0,0,0,4,2,35.75768472222222,139.71611249999998,5,3,0,0,0,0
1,30,556,7,2,0,1,30000,0,119,2023,1,4,23,28,22,6,51,16,41,1,1,1,1,7,9,22,0,0,14,9,30,70,5,2,1,35,55,3,61,31,0,1,0,1,0,11,0,2,0,10,0,2,0,2,0,2,0,4,2,35.780345,139.6749558333333,4,3,9999,0,1,0
1,30,556,8,2,0,1,170,134,119,2023,1,5,10,45,12,6,51,16,41,1,1,1,14,7,0,0,0,0,5,9,1,70,4,1,1,1,25,51,61,41,0,0,0,0,0,0,0,0,0,10,0,3,0,0,0,0,0,4,2,35.77596333333333,139.69500638888888,5,3,0,0,0,0
1,30,556,9,2,0,1,30760,0,119,2023,1,6,19,5,22,6,51,16,42,1,1,1,14,7,0,0,0,0,2,9,1,70,4,2,1,65,75,35,61,31,0,0,0,0,0,11,0,2,0,10,0,3,0,0,0,0,0,4,2,35.76360666666667,139.68642722222222,6,3,9999,0,9,0
1,30,556,17,2,0,1,30000,0,119,2023,1,18,10,26,12,6,49,16,53,1,1,1,14,7,0,0,0,0,3,9,1,70,4,3,1,65,75,3,61,31,0,1,0,1,0,11,0,2,0,30,0,3,0,2,0,2,0,4,2,35.77144666666666,139.69014611111112,4,3,9999,0,9,0
1,30,556,19,2,0,1,30760,0,119,2023,1,10,8,25,12,6,51,16,46,1,1,1,1,7,9,22,0,0,14,9,30,70,4,1,1,35,35,52,61,41,0,0,0,0,0,0,0,0,0,10,0,4,0,0,0,0,0,4,2,35.763555833333335,139.68646333333334,3,3,0,0,0,0
1,30,556,20,2,0,1,95000,0,119,2023,1,5,14,15,12,6,51,16,41,1,1,1,14,7,0,0,0,0,2,9,1,70,5,4,1,25,45,14,61,1,0,11,0,1,0,11,0,10,0,30,0,4,0,2,0,2,0,4,2,35.76682611111111,139.68280916666666,5,3,9999,0,1,0
1,30,557,6,2,0,1,30000,0,120,2023,1,11,6,25,23,6,51,16,47,1,1,1,1,7,1,21,0,0,11,9,30,70,5,3,1,55,55,3,61,31,0,1,0,1,0,11,0,2,0,80,0,3,0,2,0,2,0,4,2,35.7443125,139.65175222222223,4,3,9999,0,9,0
1,30,557,9,2,0,1,30000,0,120,2023,1,15,17,20,21,6,50,16,50,3,1,2,1,7,9,22,0,0,14,9,30,70,4,2,1,65,75,3,61,31,0,1,0,1,0,11,0,3,0,10,0,3,0,2,0,2,0,4,2,35.75763611111111,139.65407166666668,1,3,9999,0,9,0
1,30,557,19,2,0,1,99000,0,120,2023,1,28,16,20,13,6,44,17,4,1,1,1,0,7,0,0,0,0,0,0,20,70,0,4,1,65,55,3,61,31,0,1,0,1,0,11,0,10,0,10,0,3,0,1,0,2,0,4,2,35.751128055555554,139.66977444444444,7,3,9999,0,9,0
1,30,557,21,2,0,1,30000,0,120,2023,1,30,15,15,12,6,43,17,6,1,1,1,14,7,0,0,0,0,2,9,1,70,5,4,1,1,65,51,61,41,0,0,0,0,0,0,0,0,0,10,0,3,0,0,0,0,0,4,2,35.740437222222226,139.64711722222222,2,3,0,0,0,0
1,30,557,24,2,0,1,30000,0,120,2023,1,21,8,48,12,6,48,16,56,1,1,1,14,7,0,0,0,0,2,9,1,70,5,3,1,55,65,3,61,31,0,1,0,1,0,11,0,10,0,40,0,3,0,2,0,2,0,4,2,35.74961916666667,139.66527027777778,7,3,9999,0,9,0
1,30,558,1,2,0,1,30000,0,120,2022,12,15,17,0,21,6,43,16,29,1,1,1,1,7,9,22,0,0,14,9,30,70,5,3,1,75,65,3,61,31,0,1,0,1,0,11,0,5,0,50,0,4,0,2,0,2,0,4,2,35.72222277777778,139.57980444444445,5,3,909,0,9,0
1,30,558,2,2,0,1,30000,0,120,2022,12,5,7,0,11,6,35,16,28,2,1,1,14,7,0,0,0,0,3,9,1,70,5,1,1,35,0,61,0,0,0,0,0,0,0,0,0,0,0,0,0,0,0,0,0,0,0,2,0,35.74776361111111,139.58625,2,3,0,0,0,0
1,30,558,14,2,0,1,30000,0,120,2022,12,29,20,10,22,6,50,16,36,1,1,1,14,7,0,0,0,0,2,9,1,70,5,4,1,65,35,51,61,41,0,0,0,0,0,0,0,0,0,10,0,3,0,0,0,0,0,4,2,35.74709083333333,139.56797972222222,5,3,0,0,0,0
1,30,558,16,2,0,1,30000,0,120,2023,1,23,18,15,22,6,47,16,59,1,1,1,1,7,9,22,0,0,14,8,30,70,5,3,1,35,65,51,61,41,0,0,0,0,0,0,0,0,0,10,0,3,0,0,0,0,0,4,2,35.728257222222226,139.57288194444445,2,3,0,0,0,0
1,30,558,18,2,0,1,30000,0,120,2023,1,24,11,50,12,6,47,17,0,1,1,1,14,7,0,0,0,0,2,9,1,70,4,2,1,35,75,14,61,1,0,11,0,1,0,11,0,2,0,30,0,3,0,2,0,2,0,4,2,35.769440555555555,139.58685944444446,3,3,9999,0,5,0
1,30,559,1,2,0,1,30000,0,119,2023,1,7,13,20,12,6,51,16,43,1,1,1,14,7,0,0,0,0,3,9,1,70,4,1,1,45,65,51,61,41,0,0,0,0,0,0,0,0,0,10,0,4,0,0,0,0,0,4,2,35.77262361111111,139.6386897222222,7,3,0,0,0,0
1,30,559,9,2,0,1,30000,0,119,2023,1,26,14,30,12,6,46,17,2,1,1,1,1,7,9,22,0,0,15,9,30,70,5,4,1,55,1,35,61,31,0,0,0,0,0,11,0,10,0,10,0,3,0,0,0,0,0,4,2,35.77907111111111,139.65198361111112,5,3,9999,0,9,0
1,30,559,11,2,0,1,30000,0,119,2023,1,28,17,1,13,6,44,17,4,1,1,1,7,7,0,0,0,0,1,9,1,70,5,3,1,45,1,13,61,31,0,11,0,1,0,11,0,2,0,40,0,3,0,2,0,2,0,4,2,35.77017083333333,139.6595513888889,7,3,9999,0,5,0
1,30,560,4,2,0,1,20000,0,120,2023,1,11,17,0,21,6,51,16,47,1,1,1,1,7,9,22,0,0,15,9,30,70,5,2,1,45,75,14,61,31,0,11,0,1,0,11,0,1,0,40,0,3,0,2,0,2,0,4,2,35.76191,139.61295055555556,4,3,9999,0,9,0
1,30,560,10,2,0,1,30000,0,120,2023,1,13,20,15,22,6,51,16,49,2,1,2,13,7,0,0,0,0,2,3,1,70,5,3,1,35,45,4,61,31,0,1,0,1,0,11,0,2,0,20,0,3,0,2,0,2,0,4,2,35.76044638888889,139.6063886111111,6,3,9999,0,1,0
1,30,560,11,2,0,1,30000,0,120,2023,1,20,18,35,22,6,49,16,55,1,1,1,1,7,9,22,0,0,15,9,30,70,4,2,1,45,75,3,61,31,0,1,0,1,0,11,0,3,0,20,0,3,0,2,0,2,0,4,2,35.75262027777778,139.6144897222222,6,3,9999,0,9,0
1,30,660,4,2,0,1,30000,0,106,2023,1,6,8,35,12,6,51,16,42,1,1,1,1,7,9,22,0,0,11,9,30,70,5,3,1,25,45,24,61,0,0,31,0,0,0,11,0,2,0,40,0,4,0,0,0,0,0,4,2,35.70486416666667,139.77456583333336,6,3,9999,0,5,0
1,30,660,12,2,0,1,20070,0,106,2023,1,21,16,59,21,6,48,16,56,1,1,1,14,7,0,0,0,0,3,9,1,70,4,2,1,55,0,61,0,0,0,0,0,0,0,0,0,0,0,0,0,0,0,0,0,0,0,2,0,35.706096388888895,139.7724202777778,7,3,0,0,0,0
1,30,660,13,2,0,1,20070,0,106,2023,1,24,4,51,22,6,47,17,0,2,1,1,1,1,9,22,0,0,19,9,30,70,4,1,1,55,45,14,61,31,0,11,0,1,0,11,0,4,0,50,0,3,0,2,0,2,0,4,2,35.708175000000004,139.7731763888889,3,3,9999,0,9,0
1,30,660,14,2,0,1,20390,0,106,2023,1,24,20,5,22,6,47,17,0,2,1,1,1,1,9,22,0,0,18,9,30,70,5,2,1,1,55,51,61,41,0,0,0,0,0,0,0,0,0,40,0,4,0,0,0,0,0,4,2,35.707321944444445,139.77989250000002,3,3,0,0,0,0
1,30,660,16,2,0,1,20370,0,106,2023,1,29,15,27,12,6,44,17,5,1,1,1,1,1,0,0,0,0,18,9,30,70,4,2,1,75,0,61,0,0,0,0,0,0,0,0,0,0,0,0,0,0,0,0,0,0,0,2,0,35.714618333333334,139.76772333333335,1,3,0,0,0,0
1,30,662,4,2,0,1,10300,0,106,2022,12,28,17,20,21,6,49,16,35,1,1,1,1,1,9,22,0,0,19,9,30,70,4,2,1,1,45,3,61,31,0,1,0,1,0,11,0,3,0,10,0,3,0,2,0,2,0,4,2,35.71514027777778,139.8015611111111,4,3,9999,0,1,0
1,30,662,6,2,0,1,30000,0,106,2023,1,15,13,5,12,6,50,16,50,2,1,1,14,7,0,0,0,0,3,9,1,70,5,4,1,35,75,3,61,31,0,1,0,1,0,11,0,5,0,10,0,3,0,2,0,2,0,4,2,35.712505,139.79282722222223,1,3,9999,0,1,0
1,30,662,8,2,0,1,30000,0,106,2023,1,24,17,20,21,6,47,17,0,2,1,1,1,7,9,22,0,0,11,9,30,70,5,3,1,55,55,14,61,31,0,11,0,1,0,11,0,10,0,40,0,3,0,2,0,2,0,4,2,35.723551111111114,139.80095500000002,3,3,9999,0,9,0
1,30,662,13,2,0,1,10300,0,106,2023,1,21,13,50,12,6,48,16,56,1,1,1,7,7,0,0,0,0,5,9,1,70,4,2,1,55,25,3,61,1,0,1,0,1,0,11,0,10,0,30,0,4,0,2,0,2,0,4,2,35.717667222222225,139.7909163888889,7,3,9999,0,9,0
1,30,663,6,2,0,1,95000,0,106,2023,1,5,17,44,22,6,51,16,41,1,1,1,1,1,9,22,0,0,19,9,30,70,4,2,1,75,55,14,61,31,0,11,0,1,0,11,0,4,0,10,0,3,0,2,0,2,0,4,2,35.705083055555555,139.79324694444443,5,3,188,0,9,0
1,30,663,7,2,0,1,30000,0,106,2023,1,6,8,45,12,6,51,16,42,1,1,1,1,7,9,22,0,0,11,9,30,70,5,3,1,45,45,51,61,41,0,0,0,0,0,0,0,0,0,40,0,3,0,0,0,0,0,4,2,35.71264333333334,139.79172944444446,6,3,0,0,0,0
1,30,663,9,2,0,1,30000,0,106,2023,1,10,21,50,22,6,51,16,46,1,1,1,14,7,0,0,0,0,3,9,1,70,5,2,1,55,45,35,61,31,0,0,0,0,0,11,0,2,0,10,0,3,0,0,0,0,0,4,2,35.712541944444446,139.78651472222222,3,3,9999,0,9,0
1,30,663,14,2,0,1,30000,0,106,2023,1,14,16,40,13,6,50,16,50,2,1,2,14,7,0,0,0,0,2,9,1,70,5,3,1,65,35,3,61,31,0,1,0,1,0,11,0,2,0,50,0,3,0,2,0,2,0,4,2,35.698122777777776,139.78966722222222,7,3,9999,0,9,0
1,30,663,15,2,0,1,30000,0,106,2022,12,20,10,38,12,6,46,16,31,1,1,1,14,7,0,0,0,0,3,9,1,70,5,2,1,75,45,3,61,31,0,1,0,1,0,11,0,10,0,40,0,3,0,2,0,2,0,4,2,35.69754277777778,139.78420777777777,3,3,11,0,9,0
1,30,664,10,2,0,1,20570,0,118,2023,1,30,6,4,23,6,43,17,6,1,1,1,7,1,0,0,0,0,4,9,1,70,4,2,1,35,45,12,61,31,0,11,0,1,0,11,0,3,0,10,0,3,0,2,0,2,0,4,2,35.75036583333333,139.76202944444444,2,3,9999,0,1,0
1,30,665,1,2,0,1,99000,0,118,2022,12,9,16,45,21,6,39,16,28,1,1,1,0,7,0,0,0,0,0,0,20,70,0,4,1,1,1,51,61,41,0,0,0,0,0,0,0,0,0,10,0,3,0,0,0,0,0,4,2,35.73926361111111,139.8079825,6,3,0,0,0,0
1,30,665,4,2,0,1,10090,0,118,2023,1,10,17,40,21,6,51,16,46,1,1,1,14,7,0,0,0,0,1,9,1,70,1,2,1,45,45,51,61,41,0,0,0,0,0,0,0,0,0,10,0,3,0,0,0,0,0,4,2,35.729035555555555,139.79635194444444,3,3,0,0,0,0
1,30,666,1,2,0,1,30000,0,118,2022,11,17,19,35,22,6,18,16,33,1,1,1,14,7,0,0,0,0,2,9,1,70,5,2,1,65,45,3,61,31,0,1,0,1,0,11,0,2,0,10,0,3,0,2,0,2,0,4,2,35.730672222222225,139.76933472222223,5,3,9999,0,9,0
1,30,666,8,2,0,1,10340,0,118,2023,1,16,17,43,21,6,50,16,51,2,1,1,1,7,9,22,0,0,11,9,30,70,4,1,1,65,75,3,61,31,0,1,0,1,0,11,0,3,0,10,0,3,0,2,0,2,0,4,2,35.73206666666667,139.7787091666667,2,3,9999,0,9,0
1,30,666,11,2,0,1,30000,0,118,2023,1,31,11,30,12,6,42,17,7,1,1,1,1,7,1,21,0,0,11,9,30,70,4,2,1,55,65,17,61,31,0,11,0,1,0,11,0,1,0,10,0,4,0,2,0,2,0,4,2,35.72515361111111,139.77750555555556,3,3,9999,0,9,0
1,30,666,12,2,0,1,99000,0,118,2023,1,18,14,36,12,6,49,16,53,1,1,1,0,7,0,0,0,0,0,0,20,70,0,4,1,55,35,13,61,31,0,11,0,1,0,11,0,10,0,30,0,3,0,2,0,2,0,4,2,35.728764444444444,139.7766241666667,4,3,9999,0,9,0
1,30,667,3,2,0,1,30390,0,121,2023,1,5,17,7,21,6,51,16,41,1,1,1,1,1,9,22,0,0,14,9,30,1,5,2,1,25,1,51,61,41,0,0,0,0,0,0,0,0,0,20,0,4,0,0,0,0,0,4,2,35.75027722222222,139.8027277777778,5,3,0,0,0,0
1,30,667,7,2,0,1,30390,0,121,2023,1,30,16,8,13,6,43,17,6,2,1,1,1,1,9,22,0,0,15,9,30,70,4,1,1,65,75,3,61,31,0,1,0,1,0,11,0,5,0,10,0,4,0,2,0,2,0,4,2,35.749989722222224,139.80374861111113,2,3,9999,0,9,0
1,30,668,21,2,0,1,30000,0,121,2023,1,17,9,35,12,6,50,16,52,1,1,1,1,1,9,22,0,0,14,9,30,70,5,2,1,65,75,3,61,1,0,1,0,1,0,11,0,3,0,10,0,3,0,2,0,2,0,4,2,35.76783611111111,139.78050777777779,3,3,9999,0,9,0
1,30,668,40,2,0,1,30000,0,121,2023,1,26,11,30,12,6,46,17,2,1,1,1,14,7,0,0,0,0,3,9,1,70,4,1,1,45,55,4,61,31,0,1,0,1,0,11,0,10,0,40,0,4,0,2,0,2,0,4,2,35.77850333333333,139.77398611111113,5,3,9999,0,9,0
1,30,669,12,2,0,1,30000,0,121,2023,1,7,12,35,12,6,51,16,43,1,1,1,14,7,0,0,0,0,2,9,1,70,5,4,1,25,45,4,61,31,0,1,0,1,0,11,0,1,0,40,0,4,0,2,0,2,0,4,2,35.76311194444445,139.826745,7,3,9999,0,1,0
1,30,669,23,2,0,1,30000,0,121,2023,1,17,6,25,23,6,50,16,52,1,1,1,1,7,1,21,0,0,14,9,30,70,5,3,1,45,1,14,61,31,0,11,0,1,0,11,0,10,0,10,0,3,0,2,0,2,0,4,2,35.779159166666666,139.8375375,3,3,9999,0,9,0
1,30,669,30,2,0,1,30000,0,121,2023,1,21,21,13,22,6,48,16,56,1,1,1,1,7,9,22,0,0,14,9,30,70,4,2,1,25,25,13,61,31,0,11,0,1,0,11,0,3,0,50,0,3,0,2,0,2,0,4,2,35.772127222222224,139.82535166666668,7,3,9999,0,1,0
1,30,669,31,2,0,1,30000,0,121,2023,1,23,6,20,23,6,47,16,59,3,1,1,7,7,0,0,0,0,2,9,1,70,5,3,1,1,45,3,61,31,0,1,0,1,0,11,0,2,0,10,0,4,0,2,0,2,0,4,2,35.79218861111111,139.82829916666665,2,3,9999,0,5,0
1,30,669,35,2,0,1,99000,0,121,2023,1,26,18,55,22,6,46,17,2,1,1,1,0,7,0,0,0,0,0,0,20,70,0,1,1,65,35,14,61,31,0,11,0,1,0,11,0,10,0,10,0,3,0,2,0,2,0,4,2,35.76361722222222,139.81711027777777,5,3,9999,0,9,0
1,30,669,36,2,0,1,30000,0,121,2023,1,27,15,10,12,6,45,17,3,2,1,1,1,7,9,22,0,0,14,9,30,70,4,2,1,75,35,3,61,31,0,1,0,1,0,11,0,2,0,40,0,4,0,2,0,2,0,4,2,35.783403888888884,139.8162391666667,6,3,135,0,9,0