資料区分,都道府県コード,警察署等コード,本票番号,事故内容,死者数,負傷者数,路線コード,地点コード,市区町村コード,発生日時　　年,発生日時　　月,発生日時　　日,発生日時　　時,発生日時　　分,昼夜,日の出時刻　　時,日の出時刻　　分,日の入り時刻　　時,日の入り時刻　　分,天候,地形,路面状態,道路形状,信号機,一時停止規制　標識（当事者A）,一時停止規制　表示（当事者A）,一時停止規制　標識（当事者B）,一時停止規制　表示（当事者B）,車道幅員,道路線形,衝突地点,ゾーン規制,中央分離帯施設等,歩車道区分,事故類型,年齢（当事者A）,年齢（当事者B）,当事者種別（当事者A）,当事者種別（当事者B）,用途別（当事者A）,用途別（当事者B）,車両形状等（当事者A）,車両形状等（当事者B）,オートマチック車（当事者A）,オートマチック車（当事者B）,サポカー（当事者A）,サポカー（当事者B）,速度規制（指定のみ）（当事者A）,速度規制（指定のみ）（当事者B）,車両の衝突部位（当事者A）,車両の衝突部位（当事者B）,車両の損壊程度（当事者A）,車両の損壊程度（当事者B）,エアバッグの装備（当事者A）,エアバッグの装備（当事者B）,サイドエアバッグの装備（当事者A）,サイドエアバッグの装備（当事者B）,人身損傷程度（当事者A）,人身損傷程度（当事者B）,lat,lon,曜日(発生年月日),祝日(発生年月日),認知機能検査経過日数（当事者A）,認知機能検査経過日数（当事者B）,運転練習の方法（当事者A）,運転練習の方法（当事者B）
1,30,669,47,2,0,1,99000,0,121,2023,1,29,9,15,12,6,44,17,5,1,1,1,0,7,0,0,0,0,0,0,20,70,0,4,1,45,45,3,61,31,0,1,0,1,0,11,0,10,0,60,0,4,0,2,0,2,0,4,2,35.77842805555555,139.80488194444445,1,3,9999,0,1,0
1,30,670,11,2,0,1,30000,0,121,2023,1,13,7,45,11,6,51,16,49,1,1,1,14,7,0,0,0,0,2,9,1,70,5,3,1,55,55,3,61,31,0,1,0,1,0,11,0,10,0,20,0,3,0,2,0,2,0,4,2,35.79457027777777,139.7872975,6,3,9999,0,9,0
1,30,670,23,2,0,1,30000,0,121,2023,1,23,16,10,13,6,47,16,59,2,1,1,14,7,0,0,0,0,3,9,1,70,5,2,1,25,1,14,61,1,0,11,0,1,0,11,0,2,0,50,0,3,0,2,0,2,0,4,2,35.79125694444444,139.77414444444446,2,3,9999,0,1,0
1,30,670,24,2,0,1,30000,0,121,2023,1,23,17,55,21,6,47,16,59,2,1,1,1,7,9,22,0,0,14,9,30,70,4,2,1,65,1,3,61,31,0,1,0,1,0,11,0,2,0,10,0,4,0,2,0,2,0,4,2,35.81122944444444,139.76311805555557,2,3,9999,0,9,0
1,30,670,30,2,0,1,30000,0,121,2023,1,28,10,5,12,6,44,17,4,1,1,1,1,1,9,22,0,0,14,9,30,70,4,3,1,35,75,3,61,31,0,1,0,1,0,11,0,2,0,50,0,3,0,2,0,2,0,4,2,35.80516194444444,139.80434722222225,7,3,9999,0,1,0
1,30,771,1,2,0,1,10000,0,108,2022,12,26,17,30,21,6,49,16,34,1,1,1,7,1,0,0,0,0,6,9,1,70,1,1,1,65,45,51,61,41,0,0,0,0,0,0,0,0,0,10,0,4,0,0,0,0,0,4,2,35.652899166666664,139.7984661111111,2,3,0,0,0,0
1,30,771,2,2,0,2,30000,0,108,2022,11,23,19,36,22,6,24,16,30,3,1,2,1,1,9,22,0,0,15,9,30,70,4,2,1,45,35,13,61,31,0,11,0,1,0,11,0,10,0,50,0,3,0,2,0,2,0,2,2,35.67852972222222,139.795455,4,1,9999,0,1,0
1,30,771,21,2,0,1,30000,0,108,2023,1,25,15,40,12,6,46,17,1,1,1,1,1,1,9,22,0,0,19,9,30,70,1,2,1,35,75,14,61,31,0,11,0,1,0,11,0,3,0,10,0,3,0,2,0,2,0,4,2,35.66397444444444,139.8166936111111,4,3,9999,0,5,0
1,30,771,26,2,0,1,30000,0,108,2023,1,16,14,30,12,6,50,16,51,2,1,2,14,7,0,0,0,0,2,9,1,70,5,4,1,65,45,4,61,31,0,1,0,1,0,11,0,1,0,40,0,3,0,2,0,2,0,4,2,35.67438194444444,139.796815,2,3,9999,0,9,0
1,30,771,38,2,0,1,10350,0,108,2023,1,28,1,0,22,6,44,17,4,2,1,1,1,1,9,22,0,0,19,9,30,70,4,1,1,25,35,3,61,31,0,1,0,1,0,11,0,4,0,10,0,3,0,2,0,2,0,4,2,35.675331944444444,139.80262000000002,7,3,9999,0,1,0
1,30,772,1,2,0,1,10060,0,108,2022,12,23,15,27,12,6,48,16,32,1,1,1,7,1,0,0,0,0,5,9,1,70,4,1,1,35,45,51,61,41,0,0,0,0,0,0,0,0,0,20,0,3,0,0,0,0,0,4,2,35.68924111111111,139.82902944444444,6,3,0,0,0,0
1,30,772,4,2,0,1,20640,0,108,2023,1,1,14,10,12,6,50,16,38,1,1,1,14,7,0,0,0,0,3,9,1,70,5,4,1,55,45,51,61,41,0,0,0,0,0,0,0,0,0,10,0,4,0,0,0,0,0,4,2,35.661566944444445,139.84271972222223,1,1,0,0,0,0
1,30,772,8,2,0,1,30000,0,108,2023,1,4,10,45,12,6,51,16,41,1,1,1,14,7,0,0,0,0,1,9,1,70,5,4,1,65,75,3,61,31,0,1,0,1,0,11,0,10,0,10,0,3,0,2,0,2,0,4,2,35.67713277777778,139.82823277777777,4,3,9999,0,9,0
1,30,772,9,2,0,1,10090,0,108,2023,1,6,5,10,22,6,51,16,42,1,1,1,1,1,9,22,0,0,17,9,30,70,4,2,1,55,75,4,61,31,0,1,0,1,0,11,0,4,0,10,0,3,0,2,0,2,0,4,2,35.70160305555556,139.82538722222222,6,3,9999,0,9,0
1,30,772,27,2,0,1,20650,0,108,2023,1,17,23,7,22,6,50,16,52,2,1,2,1,1,9,22,0,0,18,9,30,70,1,2,1,25,45,12,61,1,0,11,0,2,0,11,0,4,0,10,0,3,0,2,0,2,0,4,2,35.68445777777777,139.83621166666669,3,3,9999,0,5,0
1,30,772,34,2,0,1,30000,0,108,2023,1,15,12,30,12,6,50,16,50,2,1,1,7,1,0,0,0,0,5,9,1,70,4,1,1,55,75,51,61,41,0,0,0,0,0,0,0,0,0,10,0,3,0,0,0,0,0,4,2,35.672872777777776,139.83589111111112,1,3,0,0,0,0
1,30,773,7,2,0,1,10000,0,107,2023,1,10,18,35,22,6,51,16,46,1,1,1,1,7,9,22,0,0,15,9,30,70,5,3,1,25,45,51,61,41,0,0,0,0,0,0,0,0,0,10,0,4,0,0,0,0,0,4,2,35.70304361111111,139.80417861111113,3,3,0,0,0,0
1,30,773,10,2,0,1,10060,0,107,2023,1,12,8,57,12,6,51,16,48,1,1,1,1,1,9,22,0,0,18,9,30,70,1,2,1,25,45,3,61,31,0,1,0,1,0,11,0,4,0,10,0,3,0,2,0,2,0,4,2,35.68850888888888,139.80829666666668,5,3,9999,0,5,0
1,30,773,12,2,0,1,10290,0,107,2023,1,16,3,55,22,6,50,16,51,3,1,2,1,1,9,22,0,0,18,9,30,70,4,2,1,35,75,35,61,31,0,0,0,0,0,11,0,4,0,10,0,3,0,0,0,0,0,4,2,35.70131416666667,139.81648472222224,2,3,9999,0,4,0
1,30,773,15,2,0,1,10000,0,107,2023,1,10,11,10,12,6,51,16,46,1,1,1,1,1,9,22,0,0,17,9,30,70,5,3,1,65,55,17,61,31,0,11,0,1,0,11,0,2,0,50,0,4,0,2,0,2,0,4,2,35.69020277777778,139.80812694444447,3,3,9999,0,9,0
1,30,773,25,2,0,1,30000,0,107,2023,1,28,9,43,12,6,44,17,4,1,1,1,14,7,0,0,0,0,2,9,1,70,5,2,1,65,45,51,61,41,0,0,0,0,0,0,0,0,0,10,0,3,0,0,0,0,0,2,4,35.70461416666667,139.8113541666667,7,3,0,0,0,0
1,30,773,27,2,0,1,140,40,107,2023,1,29,23,15,22,6,44,17,5,1,1,1,1,1,9,22,0,0,18,9,30,70,4,2,1,45,35,13,61,31,0,11,0,1,0,11,0,5,0,10,0,3,0,2,0,2,0,4,2,35.69515055555555,139.8091836111111,1,3,9999,0,9,0
1,30,773,29,2,0,1,20680,0,107,2023,1,31,18,15,22,6,42,17,7,1,1,1,14,7,0,0,0,0,5,9,1,70,4,2,1,55,75,51,61,41,0,0,0,0,0,0,0,0,0,40,0,4,0,0,0,0,0,4,2,35.6904525,139.79796777777779,3,3,0,0,0,0
1,30,774,6,2,0,1,30000,0,107,2023,1,17,19,20,22,6,50,16,52,3,1,2,1,7,9,22,0,0,15,8,30,70,4,2,1,35,45,34,61,31,0,0,0,0,0,11,0,10,0,10,0,3,0,0,0,0,0,4,2,35.706244444444444,139.8238675,3,3,9999,0,1,0
1,30,774,8,2,0,1,30000,0,107,2023,1,26,13,35,12,6,46,17,2,1,1,1,7,7,0,0,0,0,3,9,1,70,4,2,1,65,75,3,61,31,0,1,0,1,0,11,0,3,0,11,0,4,0,2,0,2,0,4,2,35.719724444444445,139.83016555555554,5,3,9999,0,9,0
1,30,774,9,2,0,1,20690,0,107,2023,1,27,12,8,12,6,45,17,3,2,1,1,1,1,9,22,0,0,14,9,30,70,4,1,1,75,75,14,61,31,0,11,0,1,0,11,0,3,0,10,0,3,0,2,0,2,0,4,2,35.71664138888889,139.822145,6,3,470,0,9,0
1,30,774,13,2,0,1,30000,0,107,2023,1,31,17,36,21,6,42,17,7,1,1,1,14,7,0,0,0,0,2,9,1,70,5,1,1,35,45,4,61,31,0,1,0,1,0,11,0,2,0,10,0,3,0,2,0,2,0,4,2,35.72502111111111,139.819555,3,3,9999,0,1,0
1,30,775,22,2,0,1,20000,0,122,2023,1,24,11,50,12,6,47,17,0,1,1,1,1,1,9,22,0,0,18,9,30,70,1,1,1,75,45,3,61,31,0,1,0,1,0,11,0,2,0,10,0,3,0,2,0,2,0,4,2,35.7712875,139.8764052777778,3,3,9999,0,9,0
1,30,776,1,2,0,1,30000,0,122,2022,12,14,8,48,12,6,42,16,29,1,1,1,1,7,1,21,0,0,15,9,30,70,5,4,1,1,75,51,61,41,0,0,0,0,0,0,0,0,0,10,0,3,0,0,0,0,0,4,2,35.745554444444444,139.85630555555554,4,3,0,0,0,0
1,30,776,5,2,0,1,10360,0,122,2023,1,4,17,30,21,6,51,16,41,1,1,1,14,7,0,0,0,0,2,9,1,70,5,1,1,1,35,51,61,41,0,0,0,0,0,0,0,0,0,10,0,4,0,0,0,0,0,4,2,35.74764555555556,139.82689638888888,4,3,0,0,0,0
1,30,776,15,2,0,1,30000,0,122,2023,1,13,8,35,12,6,51,16,49,1,1,1,1,7,9,22,0,0,11,9,30,70,5,2,1,75,45,51,61,41,0,0,0,0,0,0,0,0,0,20,0,3,0,0,0,0,0,2,4,35.74505527777778,139.86438388888888,6,3,0,0,0,0
1,30,776,19,2,0,1,60,85,122,2023,1,17,22,54,22,6,50,16,52,3,1,2,1,1,9,22,0,0,17,9,30,70,1,2,1,55,55,3,61,31,0,1,0,1,0,11,0,4,0,10,0,3,0,2,0,2,0,4,2,35.73527,139.8334475,3,3,9999,0,9,0
1,30,776,21,2,0,1,10400,0,122,2023,1,19,19,55,22,6,49,16,54,1,1,1,14,7,0,0,0,0,2,9,1,70,4,2,1,65,65,14,61,1,0,11,0,1,0,11,0,3,0,10,0,2,0,2,0,2,0,4,2,35.73748277777778,139.83911916666668,5,3,9999,0,9,0
1,30,776,30,2,0,1,95000,0,122,2023,1,29,12,9,12,6,44,17,5,1,1,1,14,7,0,0,0,0,6,9,20,70,5,4,1,55,75,3,61,31,0,1,0,1,0,11,0,1,0,30,0,3,0,2,0,2,0,4,2,35.72578138888889,139.85708555555556,1,3,0,0,0,0
1,30,776,31,2,0,1,10410,0,122,2023,1,29,13,55,12,6,44,17,5,1,1,1,1,1,9,22,0,0,18,9,30,70,5,2,1,45,75,3,61,31,0,1,0,1,0,11,0,3,0,10,0,3,0,2,0,2,0,4,2,35.73410694444445,139.86840750000002,1,3,9999,0,9,0
1,30,776,35,2,0,1,30000,0,122,2023,1,24,8,10,12,6,47,17,0,3,1,2,14,7,0,0,0,0,3,9,1,70,5,3,1,25,0,61,0,0,0,0,0,0,0,0,0,0,0,0,0,0,0,0,0,0,0,2,0,35.74279083333334,139.8317747222222,3,3,0,0,0,0
1,30,777,5,2,0,1,30000,0,123,2022,10,11,13,10,12,5,44,17,11,1,1,1,14,7,0,0,0,0,1,9,1,70,5,3,1,65,1,4,61,31,0,1,0,1,0,11,0,2,0,20,0,4,0,2,0,2,0,4,2,35.692281666666666,139.89800472222223,3,3,9999,0,9,0
1,30,777,12,2,0,1,30000,0,123,2023,1,6,8,5,12,6,51,16,42,1,1,1,14,7,0,0,0,0,3,9,1,70,4,3,1,35,65,51,61,41,0,0,0,0,0,0,0,0,0,10,0,3,0,0,0,0,0,4,2,35.70462805555556,139.90410166666666,6,3,0,0,0,0
1,30,777,15,2,0,1,30000,0,123,2023,1,7,7,50,11,6,51,16,43,1,1,1,14,7,0,0,0,0,3,9,1,70,5,4,1,55,25,4,61,31,0,1,0,1,0,11,0,5,0,20,0,3,0,2,0,2,0,4,2,35.70507722222222,139.90668694444446,7,3,9999,0,9,0
1,30,777,21,2,0,1,95000,0,123,2023,1,9,6,20,23,6,51,16,45,1,1,1,0,7,0,0,0,0,0,0,20,70,0,4,1,75,65,51,61,41,0,0,0,0,0,0,0,0,0,10,0,3,0,0,0,0,0,4,2,35.694198611111105,139.85071083333332,2,1,0,0,0,0
1,30,777,29,2,0,1,99000,0,123,2022,12,21,18,15,22,6,47,16,31,1,1,1,0,7,0,0,0,0,0,0,20,70,0,4,1,75,45,3,61,31,0,1,0,1,0,11,0,10,0,30,0,3,0,2,0,2,0,4,2,35.712183888888895,139.8647225,4,3,377,0,9,0
1,30,777,46,2,0,2,30000,0,123,2023,1,22,14,0,12,6,48,16,57,1,1,1,1,7,1,21,0,0,11,9,30,70,5,3,1,65,35,3,61,31,0,1,0,1,0,11,0,10,0,50,0,3,0,2,0,2,0,4,2,35.70522527777778,139.84749555555555,1,3,9999,0,9,0
1,30,777,50,2,0,1,30000,0,123,2023,1,23,17,50,21,6,47,16,59,1,1,1,1,1,9,22,0,0,11,9,30,70,5,3,1,75,25,4,61,31,0,1,0,1,0,11,0,2,0,10,0,3,0,2,0,2,0,4,2,35.68884,139.8712627777778,2,3,115,0,9,0
1,30,777,52,2,0,1,30000,0,123,2023,1,24,13,15,12,6,47,17,0,1,1,1,1,7,1,21,0,0,11,9,30,70,5,2,1,25,65,14,61,1,0,11,0,1,0,11,0,3,0,10,0,2,0,2,0,2,0,4,2,35.69860694444444,139.85121027777777,3,3,9999,0,9,0
1,30,777,55,2,0,1,30000,0,123,2023,1,27,18,55,22,6,45,17,3,3,1,1,1,1,9,22,0,0,15,9,30,70,4,2,1,25,55,3,61,31,0,1,0,1,0,11,0,2,0,20,0,3,0,2,0,2,0,4,2,35.70375833333333,139.90767611111113,6,3,9999,0,1,0
1,30,778,4,2,0,1,30000,0,123,2023,1,6,15,20,12,6,51,16,42,1,1,1,14,7,0,0,0,0,1,9,1,70,4,2,1,55,65,51,61,41,0,0,0,0,0,0,0,0,0,10,0,4,0,0,0,0,0,4,2,35.72984888888889,139.8815475,6,3,0,0,0,0
1,30,778,7,2,0,1,141,200,123,2023,1,7,22,0,22,6,51,16,43,1,1,1,1,1,9,22,0,0,15,9,30,70,5,2,1,55,55,35,61,31,0,0,0,0,0,11,0,3,0,10,0,3,0,0,0,0,0,4,2,35.722635000000004,139.88100833333334,7,3,9999,0,9,0
1,30,778,10,2,0,1,10380,0,123,2023,1,16,0,20,22,6,50,16,51,3,1,2,1,1,9,22,0,0,14,9,30,70,4,2,1,65,65,14,61,1,0,11,0,1,0,11,0,3,0,10,0,4,0,2,0,2,0,4,2,35.730558333333335,139.88688027777778,2,3,9999,0,9,0
1,30,778,23,2,0,1,30000,0,123,2023,1,30,5,38,22,6,43,17,6,1,1,1,14,7,0,0,0,0,3,9,1,70,5,4,1,55,45,51,61,41,0,0,0,0,0,0,0,0,0,10,0,3,0,0,0,0,0,4,2,35.710589722222224,139.90959750000002,2,3,0,0,0,0
1,30,779,1,1,1,0,10130,0,123,2023,1,15,6,11,23,6,50,16,50,2,1,2,1,1,9,22,0,0,18,9,30,70,5,2,1,45,75,13,61,31,0,11,0,1,0,11,0,4,0,10,0,3,0,2,0,2,0,4,1,35.65598,139.87267111111112,1,3,9999,0,1,0
1,30,779,7,2,0,1,30000,0,123,2023,1,9,21,40,22,6,51,16,45,1,1,1,1,1,9,22,0,0,15,9,30,70,4,2,1,55,1,3,61,31,0,1,0,1,0,11,0,2,0,10,0,3,0,2,0,2,0,4,2,35.656460277777775,139.86661583333333,2,1,9999,0,9,0
1,30,779,10,2,0,1,95000,0,123,2023,1,12,23,28,22,6,51,16,48,1,1,1,1,7,1,21,0,0,11,9,30,70,5,2,1,75,45,3,61,1,0,1,0,1,0,11,0,2,0,10,0,4,0,2,0,2,0,4,2,35.66538861111111,139.8578086111111,5,3,687,0,9,0
1,30,779,18,2,0,1,10720,0,123,2023,1,27,7,20,11,6,45,17,3,1,1,1,1,1,1,22,0,0,18,9,30,70,1,2,1,55,55,51,61,41,0,0,0,0,0,0,0,0,0,10,0,3,0,0,0,0,0,4,2,35.65965972222222,139.87701805555557,6,3,0,0,0,0
1,30,779,19,2,0,1,30000,0,123,2023,1,30,5,50,23,6,43,17,6,1,1,1,1,1,9,22,0,0,15,9,30,70,4,2,1,65,1,3,61,1,0,1,0,1,0,11,0,3,0,50,0,4,0,2,0,2,0,4,2,35.661854166666664,139.87793722222224,2,3,9999,0,9,0
1,30,876,3,2,0,1,10490,0,209,2023,1,3,5,0,22,6,51,16,40,1,1,1,1,8,9,22,0,0,18,9,30,70,1,2,1,45,75,3,61,31,0,1,0,1,0,11,0,4,0,80,0,3,0,2,0,2,0,4,2,35.595635,139.37233777777777,3,3,9999,0,9,0
1,30,876,4,2,0,1,10490,0,209,2023,1,4,16,45,21,6,51,16,41,1,1,1,1,1,9,22,0,0,18,9,30,70,4,2,1,55,65,3,61,31,0,1,0,1,0,11,0,2,0,10,0,3,0,2,0,2,0,4,2,35.598995,139.364225,4,3,9999,0,9,0
1,30,876,7,2,0,1,30000,0,201,2023,1,11,19,35,22,6,51,16,47,1,1,1,14,7,0,0,0,0,1,9,1,70,5,4,1,65,35,14,61,1,0,11,0,1,0,11,0,5,0,20,0,4,0,2,0,2,0,4,2,35.644708055555554,139.3391977777778,4,3,9999,0,9,0
1,30,876,8,2,0,1,30000,0,209,2023,1,12,8,12,12,6,51,16,48,1,1,1,1,7,1,21,0,0,11,9,30,70,5,3,1,65,65,3,61,31,0,1,0,1,0,11,0,5,0,20,0,4,0,2,0,2,0,4,2,35.60660027777778,139.32719972222222,5,3,9999,0,9,0
1,30,876,13,2,0,1,30000,0,201,2023,1,19,10,15,12,6,49,16,54,1,1,1,14,7,0,0,0,0,2,8,1,70,4,2,1,1,45,4,61,31,0,1,0,1,0,11,0,3,0,11,0,2,0,2,0,2,0,4,2,35.6333125,139.35204944444445,5,3,9999,0,1,0
1,30,876,14,2,0,1,30000,0,201,2023,1,19,12,23,12,6,49,16,54,1,1,1,14,7,0,0,0,0,1,9,1,70,4,4,1,25,1,13,61,31,0,11,0,1,0,11,0,2,0,80,0,3,0,2,0,2,0,4,2,35.63580388888889,139.34098694444447,5,3,9999,0,1,0
1,30,876,19,2,0,1,30000,0,201,2023,1,30,13,45,12,6,43,17,6,1,1,1,1,1,9,22,0,0,17,9,30,70,4,2,1,35,75,4,61,31,0,1,0,1,0,11,0,3,0,10,0,3,0,2,0,2,0,4,2,35.63169555555556,139.32618277777777,2,3,9999,0,1,0
1,30,877,1,2,0,1,30000,0,201,2022,12,21,15,45,13,6,47,16,31,1,3,1,1,1,9,22,0,0,15,9,30,70,4,2,1,45,45,3,61,31,0,1,0,1,0,11,0,3,0,10,0,3,0,2,0,2,0,4,2,35.65539138888889,139.3135302777778,4,3,9999,0,1,0
1,30,877,4,2,0,1,30000,0,201,2022,12,25,10,30,12,6,48,16,34,1,2,1,1,1,9,22,0,0,15,9,30,70,1,1,1,65,45,3,61,31,0,1,0,1,0,11,0,4,0,10,0,3,0,2,0,2,0,4,2,35.63820305555556,139.3010702777778,1,3,9999,0,9,0
1,30,877,11,2,0,1,30000,0,201,2022,12,26,14,35,12,6,49,16,34,1,1,1,1,1,9,22,0,0,11,9,30,70,4,1,1,45,75,14,61,31,0,11,0,1,0,11,0,3,0,10,0,4,0,2,0,2,0,4,2,35.6569625,139.2982847222222,2,3,9999,0,9,0
1,30,877,12,2,0,1,200,524,201,2023,1,9,14,55,12,6,51,16,45,1,2,1,14,7,0,0,0,0,3,9,1,70,4,2,1,1,45,51,61,41,0,0,0,0,0,0,0,0,0,10,0,3,0,0,0,0,0,4,2,35.63161638888889,139.26999305555557,2,1,0,0,0,0
1,30,877,25,2,0,1,30000,0,201,2023,1,18,16,45,13,6,49,16,53,1,3,1,14,7,0,0,0,0,2,9,1,70,5,2,1,35,75,51,61,41,0,0,0,0,0,0,0,0,0,10,0,3,0,0,0,0,0,4,2,35.64525888888889,139.2953175,4,3,0,0,0,0
1,30,877,29,2,0,1,30000,0,201,2023,1,21,18,35,22,6,48,16,56,1,1,1,1,7,9,22,0,0,14,9,30,70,4,2,1,25,1,4,61,31,0,1,0,1,0,11,0,3,0,10,0,3,0,2,0,2,0,4,2,35.65417861111111,139.29429833333333,7,3,9999,0,1,0
1,30,877,36,2,0,1,20730,0,201,2023,1,25,6,4,23,6,46,17,1,1,2,1,14,7,0,0,0,0,3,9,1,70,4,2,1,25,45,1,61,1,0,1,0,1,0,11,0,3,0,0,0,4,0,2,0,2,0,4,2,35.66599305555555,139.3033038888889,4,3,9999,0,1,0
1,30,877,38,2,0,1,30000,0,201,2023,1,25,18,15,22,6,46,17,1,1,1,1,1,1,9,22,0,0,14,9,30,70,4,2,1,55,55,3,61,31,0,1,0,1,0,11,0,3,0,10,0,4,0,2,0,2,0,4,2,35.65250555555556,139.29189722222222,4,3,9999,0,9,0
1,30,877,39,2,0,1,99000,0,201,2023,1,26,11,55,12,6,46,17,2,1,1,1,0,7,0,0,0,0,0,0,20,70,0,4,1,45,75,13,61,31,0,11,0,1,0,11,0,10,0,10,0,3,0,2,0,2,0,4,2,35.66534166666666,139.30433972222224,5,3,9999,0,9,0
1,30,877,41,2,0,1,30000,0,201,2023,1,27,17,50,21,6,45,17,3,3,2,2,14,7,0,0,0,0,2,9,1,70,4,3,1,35,75,35,61,31,0,0,0,0,0,11,0,2,0,40,0,3,0,0,0,0,0,4,2,35.67250444444444,139.2803202777778,6,3,9999,0,1,0
1,30,877,42,2,0,1,30000,0,201,2023,1,28,14,2,12,6,44,17,4,1,3,1,1,1,9,22,0,0,15,9,30,70,4,2,1,75,65,14,61,31,0,11,0,1,0,11,0,2,0,50,0,2,0,2,0,2,0,4,2,35.636605833333334,139.29429027777778,7,3,2,0,9,0
1,30,878,5,2,0,1,30000,0,224,2022,11,7,7,30,12,6,8,16,41,1,1,1,1,7,0,0,0,0,11,9,30,70,5,3,1,1,0,61,0,0,0,0,0,0,0,0,0,0,0,0,0,0,0,0,0,0,0,2,0,35.642313055555555,139.44768055555556,2,3,0,0,0,0
1,30,878,9,2,0,1,30000,0,225,2022,12,26,16,20,13,6,49,16,34,1,2,1,1,7,1,21,0,0,17,9,30,70,1,1,1,55,35,3,61,31,0,1,0,1,0,11,0,10,0,80,0,4,0,2,0,2,0,4,2,35.63766527777778,139.49869277777776,2,3,9999,0,1,0
1,30,878,15,2,0,1,30000,0,224,2023,1,15,19,19,22,6,50,16,50,3,1,2,14,7,0,0,0,0,2,9,1,70,5,4,1,25,25,17,61,1,0,11,0,1,0,11,0,10,0,10,0,4,0,2,0,2,0,4,2,35.619794444444445,139.4475786111111,1,3,9999,0,1,0
1,30,878,26,2,0,1,30000,0,224,2023,1,21,20,45,22,6,48,16,56,1,2,1,1,7,8,22,0,0,15,9,30,70,4,2,1,45,65,4,61,31,0,1,0,1,0,11,0,2,0,50,0,3,0,2,0,2,0,4,2,35.64386,139.45553833333332,7,3,9999,0,1,0
1,30,878,31,2,0,1,20000,0,224,2023,1,24,6,0,23,6,47,17,0,2,1,1,14,7,0,0,0,0,6,9,1,70,1,1,1,55,55,3,61,31,0,1,0,1,0,11,0,4,0,30,0,3,0,2,0,2,0,4,2,35.64006972222222,139.43709833333332,3,3,9999,0,9,0
1,30,878,37,2,0,1,30000,0,225,2023,1,30,8,0,12,6,43,17,6,1,2,1,14,7,0,0,0,0,3,9,1,70,4,3,1,55,1,51,61,41,0,0,0,0,0,0,0,0,0,10,0,3,0,0,0,0,0,4,2,35.64473638888889,139.49447888888886,2,3,0,0,0,0
1,30,878,39,2,0,1,30000,0,224,2023,1,27,21,48,22,6,45,17,3,1,2,1,1,1,9,22,0,0,15,9,30,70,1,2,1,45,45,3,61,31,0,1,0,1,0,11,0,10,0,10,0,3,0,2,0,2,0,4,2,35.623289722222225,139.42073555555555,6,3,9999,0,9,0
1,30,879,6,2,0,1,10250,0,220,2023,1,3,15,40,13,6,51,16,40,1,2,1,14,7,0,0,0,0,5,9,1,70,4,2,1,35,55,51,61,41,0,0,0,0,0,0,0,0,0,10,0,3,0,0,0,0,0,4,2,35.74680722222222,139.43807611111112,3,3,0,0,0,0
1,30,879,7,2,0,1,30000,0,220,2023,1,4,8,20,12,6,51,16,41,1,2,1,1,1,9,22,0,0,14,9,30,70,1,2,1,25,35,4,61,31,0,1,0,1,0,11,0,3,0,10,0,3,0,2,0,2,0,4,2,35.74975583333333,139.41588833333333,4,3,9999,0,1,0
1,30,879,23,2,0,1,30000,0,223,2023,1,20,6,50,11,6,49,16,55,1,2,1,1,1,9,22,0,0,15,9,30,70,5,2,1,45,55,11,61,31,0,11,0,1,0,11,0,3,0,10,0,3,0,2,0,2,0,4,2,35.744392222222224,139.3867725,6,3,9999,0,9,0
1,30,879,26,2,0,1,30000,0,220,2023,1,20,16,35,13,6,49,16,55,1,1,1,1,7,1,21,0,0,11,9,30,70,5,3,1,55,75,3,61,31,0,1,0,1,0,11,0,2,0,10,0,3,0,2,0,2,0,4,2,35.736874444444446,139.41659833333333,6,3,9999,0,9,0
1,30,879,41,2,0,1,30000,0,223,2023,1,21,12,5,12,6,48,16,56,1,2,1,7,1,0,0,0,0,1,9,1,70,5,3,1,65,45,3,61,31,0,1,0,1,0,11,0,2,0,10,0,3,0,2,0,2,0,4,2,35.7362625,139.39898444444444,7,3,9999,0,9,0
1,30,879,52,2,0,1,10540,0,220,2023,1,31,17,50,21,6,42,17,7,2,2,1,14,7,0,0,0,0,2,9,1,70,5,2,1,35,55,51,61,41,0,0,0,0,0,0,0,0,0,10,0,3,0,0,0,0,0,4,2,35.74590694444444,139.4159877777778,3,3,0,0,0,0
1,30,880,1,1,1,0,10240,0,308,2023,1,5,8,50,12,6,51,16,41,1,3,1,11,7,0,0,0,0,3,9,1,70,4,3,1,75,65,14,61,31,0,11,0,1,0,11,0,3,0,10,0,3,0,2,0,2,0,4,1,35.77782055555556,139.01549416666666,5,3,443,0,9,0
1,30,880,2,1,1,0,30000,0,205,2023,1,20,11,52,12,6,49,16,55,1,1,1,1,7,1,21,0,0,11,9,30,70,5,3,1,65,65,3,61,31,0,1,0,1,0,11,0,10,0,10,0,3,0,2,0,2,0,4,1,35.778530833333335,139.32083333333333,6,3,9999,0,9,0
1,30,880,3,2,0,1,30000,0,205,2023,1,1,17,10,21,6,50,16,38,1,3,1,1,7,9,22,0,0,17,8,30,70,4,2,1,45,45,4,61,31,0,1,0,1,0,11,0,3,0,10,0,3,0,2,0,2,0,4,2,35.791240277777774,139.28075222222225,1,1,9999,0,1,0
1,30,880,4,2,0,1,30000,0,205,2023,1,2,22,5,22,6,51,16,39,1,1,1,1,7,9,22,0,0,15,9,30,70,4,2,1,45,35,4,61,31,0,1,0,1,0,11,0,3,0,50,0,3,0,2,0,2,0,4,2,35.791243888888886,139.28079055555557,2,1,9999,0,1,0