資料区分,都道府県コード,警察署等コード,本票番号,事故内容,死者数,負傷者数,路線コード,地点コード,市区町村コード,発生日時　　年,発生日時　　月,発生日時　　日,発生日時　　時,発生日時　　分,昼夜,日の出時刻　　時,日の出時刻　　分,日の入り時刻　　時,日の入り時刻　　分,天候,地形,路面状態,道路形状,信号機,一時停止規制　標識（当事者A）,一時停止規制　表示（当事者A）,一時停止規制　標識（当事者B）,一時停止規制　表示（当事者B）,車道幅員,道路線形,衝突地点,ゾーン規制,中央分離帯施設等,歩車道区分,事故類型,年齢（当事者A）,年齢（当事者B）,当事者種別（当事者A）,当事者種別（当事者B）,用途別（当事者A）,用途別（当事者B）,車両形状等（当事者A）,車両形状等（当事者B）,オートマチック車（当事者A）,オートマチック車（当事者B）,サポカー（当事者A）,サポカー（当事者B）,速度規制（指定のみ）（当事者A）,速度規制（指定のみ）（当事者B）,車両の衝突部位（当事者A）,車両の衝突部位（当事者B）,車両の損壊程度（当事者A）,車両の損壊程度（当事者B）,エアバッグの装備（当事者A）,エアバッグの装備（当事者B）,サイドエアバッグの装備（当事者A）,サイドエアバッグの装備（当事者B）,人身損傷程度（当事者A）,人身損傷程度（当事者B）,lat,lon,曜日(発生年月日),祝日(発生年月日),認知機能検査経過日数（当事者A）,認知機能検査経過日数（当事者B）,運転練習の方法（当事者A）,運転練習の方法（当事者B）
1,30,880,16,2,0,1,95000,0,205,2023,1,23,8,20,12,6,47,16,59,2,1,1,14,7,0,0,0,0,3,9,20,70,4,3,1,1,1,51,61,41,0,0,0,0,0,0,0,0,0,10,0,3,0,0,0,0,0,4,2,35.796706388888886,139.2934488888889,2,3,0,0,0,0
1,30,882,7,2,0,1,10260,0,228,2023,1,9,13,33,12,6,51,16,45,1,2,1,1,1,9,22,0,0,19,9,30,70,4,1,1,65,75,4,61,31,0,1,0,1,0,11,0,4,0,50,0,3,0,2,0,2,0,4,2,35.72272916666667,139.29779222222223,2,1,9999,0,9,0
1,30,882,19,2,0,1,30000,0,303,2023,1,18,17,34,21,6,49,16,53,1,1,1,1,7,1,21,0,0,14,9,30,70,4,2,1,35,35,3,61,31,0,1,0,1,0,11,0,2,0,10,0,3,0,2,0,2,0,4,2,35.76671416666667,139.33676055555557,4,3,9999,0,1,0
1,30,883,1,2,0,1,30000,0,201,2022,12,26,13,0,12,6,49,16,34,1,1,1,1,1,9,22,0,0,14,9,30,70,4,2,1,75,75,4,61,31,0,1,0,1,0,11,0,5,0,10,0,3,0,2,0,2,0,4,2,35.66216166666666,139.3315738888889,2,3,433,0,9,0
1,30,883,2,2,0,1,30000,0,201,2022,12,20,12,25,12,6,46,16,31,1,2,1,1,7,9,22,0,0,14,9,30,70,5,4,1,55,55,3,61,31,0,1,0,1,0,11,0,2,0,40,0,4,0,2,0,2,0,4,2,35.683542499999994,139.30608777777778,3,3,9999,0,9,0
1,30,883,7,2,0,1,160,0,201,2022,11,20,21,0,22,6,21,16,32,3,1,1,1,1,9,22,0,0,17,9,30,70,4,2,1,55,45,4,61,31,0,1,0,1,0,11,0,4,0,50,0,3,0,2,0,2,0,4,2,35.66233083333333,139.32917777777777,1,3,9999,0,9,0
1,30,883,11,2,0,1,30000,0,201,2023,1,3,5,50,22,6,51,16,40,1,1,1,1,1,9,22,0,0,15,9,30,70,4,1,1,65,65,14,61,31,0,11,0,1,0,11,0,2,0,10,0,3,0,2,0,2,0,4,2,35.66156611111111,139.31378055555555,3,3,9999,0,9,0
1,30,883,12,2,0,1,30000,0,201,2023,1,5,8,45,12,6,51,16,41,1,2,1,14,7,0,0,0,0,3,9,1,70,4,2,1,35,1,3,61,31,0,1,0,1,0,11,0,5,0,10,0,3,0,2,0,2,0,4,2,35.67256555555555,139.36562166666667,5,3,9999,0,1,0
1,30,883,13,2,0,1,200,434,201,2023,1,8,21,35,22,6,51,16,44,1,1,1,1,1,9,22,0,0,18,9,30,70,4,2,1,75,45,3,61,31,0,1,0,1,0,11,0,4,0,50,0,3,0,2,0,2,0,4,2,35.663473055555556,139.35294333333331,1,2,303,0,9,0
1,30,883,14,2,0,1,10460,0,201,2023,1,11,17,40,21,6,51,16,47,1,1,1,1,7,1,21,0,0,15,9,30,70,4,1,1,75,25,3,61,31,0,1,0,1,0,11,0,3,0,50,0,4,0,2,0,2,0,4,2,35.678557777777776,139.3097388888889,4,3,502,0,9,0
1,30,883,15,2,0,1,30000,0,201,2023,1,12,9,27,12,6,51,16,48,1,1,1,14,7,0,0,0,0,1,9,1,70,5,4,1,45,65,51,61,41,0,0,0,0,0,0,0,0,0,10,0,3,0,0,0,0,0,4,2,35.66287416666667,139.3114561111111,5,3,0,0,0,0
1,30,883,27,2,0,1,30000,0,201,2023,1,14,15,20,12,6,50,16,50,2,1,1,14,7,0,0,0,0,3,9,1,70,5,3,1,55,65,3,61,31,0,1,0,1,0,11,0,10,0,40,0,3,0,2,0,2,0,4,2,35.659282222222224,139.34027472222223,7,3,9999,0,9,0
1,30,883,29,2,0,1,30000,0,201,2023,1,21,6,0,23,6,48,16,56,1,1,1,14,7,0,0,0,0,2,9,1,70,5,4,1,25,25,4,61,31,0,1,0,1,0,11,0,5,0,10,0,3,0,2,0,2,0,4,2,35.675289444444445,139.31310361111113,7,3,9999,0,5,0
1,30,883,31,2,0,1,10460,0,201,2023,1,24,21,0,22,6,47,17,0,1,1,1,14,7,0,0,0,0,2,9,1,70,4,2,1,45,45,3,61,31,0,1,0,1,0,11,0,3,0,50,0,3,0,2,0,2,0,4,2,35.68664083333333,139.29568916666668,3,3,9999,0,5,0
1,30,883,33,2,0,1,95000,0,201,2023,1,25,9,24,12,6,46,17,1,1,1,1,1,7,1,21,0,0,14,9,30,70,4,2,1,65,25,3,61,31,0,1,0,1,0,11,0,10,0,50,0,4,0,2,0,2,0,4,2,35.663624444444444,139.35247166666667,4,3,9999,0,9,0
1,30,883,38,2,0,1,30000,0,201,2023,1,23,7,25,11,6,47,16,59,2,1,1,1,7,1,21,0,0,11,9,30,70,4,3,1,45,25,4,61,31,0,1,0,1,0,11,0,10,0,10,0,3,0,2,0,2,0,4,2,35.65819,139.3143327777778,2,3,9999,0,5,0
1,30,883,39,2,0,1,30000,0,201,2023,1,26,18,10,22,6,46,17,2,1,1,1,1,1,9,22,0,0,15,9,30,70,4,2,1,65,75,3,61,31,0,1,0,1,0,11,0,5,0,10,0,3,0,2,0,2,0,4,2,35.662105833333335,139.33350111111113,5,3,9999,0,9,0
1,30,884,2,2,0,1,30000,0,209,2022,12,23,10,45,12,6,48,16,32,1,2,1,1,1,9,22,0,0,18,9,30,70,5,2,1,75,75,3,61,31,0,1,0,1,0,11,0,3,0,10,0,3,0,2,0,2,0,4,2,35.53406722222222,139.47354916666666,6,3,407,0,9,0
1,30,884,9,2,0,1,30000,0,209,2023,1,5,17,55,22,6,51,16,41,1,1,1,1,1,9,22,0,0,14,9,30,70,4,2,1,65,45,3,61,31,0,1,0,1,0,11,0,3,0,10,0,3,0,2,0,2,0,4,2,35.519440555555555,139.47738805555556,5,3,9999,0,9,0
1,30,884,10,2,0,1,10610,0,209,2023,1,6,10,25,12,6,51,16,42,1,1,1,1,1,9,22,0,0,18,9,30,70,4,2,1,75,35,3,61,31,0,1,0,1,0,11,0,3,0,10,0,3,0,2,0,2,0,4,2,35.58786583333334,139.4804263888889,6,3,0,0,0,0
1,30,884,19,2,0,1,10610,0,209,2023,1,16,17,55,22,6,50,16,51,2,1,1,14,7,0,0,0,0,3,9,1,70,4,2,1,65,1,3,61,31,0,1,0,1,0,11,0,3,0,20,0,3,0,2,0,2,0,4,2,35.59357,139.4759913888889,2,3,9999,0,9,0
1,30,884,21,2,0,1,10490,0,209,2023,1,20,10,2,12,6,49,16,55,1,2,1,1,1,9,22,0,0,14,9,30,70,4,2,1,75,65,4,61,31,0,1,0,1,0,11,0,3,0,20,0,3,0,2,0,2,0,4,2,35.54821388888889,139.4477425,6,3,316,0,9,0
1,30,884,24,2,0,1,30000,0,209,2023,1,4,23,55,22,6,51,16,41,1,1,1,14,7,0,0,0,0,2,9,1,70,5,3,1,1,25,4,61,31,0,1,0,1,0,11,0,3,0,20,0,3,0,2,0,2,0,4,2,35.54400527777778,139.44815305555557,4,3,9999,0,1,0
1,30,884,28,2,0,4,30000,0,209,2023,1,23,15,40,12,6,47,16,59,2,1,1,1,7,9,22,0,0,11,7,30,1,5,4,1,55,1,36,61,31,0,0,0,0,0,11,0,10,0,10,0,3,0,0,0,0,0,2,2,35.557451944444445,139.42905805555554,2,3,9999,0,9,0
1,30,884,29,2,0,1,30000,0,209,2023,1,23,18,55,22,6,47,16,59,1,2,2,1,7,9,22,0,0,17,9,30,70,4,2,1,1,55,51,61,41,0,0,0,0,0,0,0,0,0,10,0,3,0,0,0,0,0,4,2,35.56073361111111,139.46149555555556,2,3,0,0,0,0
1,30,884,31,2,0,1,30000,0,209,2023,1,25,13,10,12,6,46,17,1,1,1,1,1,7,1,21,0,0,11,9,30,70,5,3,1,55,45,3,61,1,0,1,0,1,0,11,0,2,0,10,0,3,0,2,0,2,0,4,2,35.55363694444444,139.43974916666667,4,3,9999,0,9,0
1,30,884,38,2,0,1,30000,0,209,2023,1,31,18,20,22,6,42,17,7,2,1,1,1,7,1,21,0,0,15,9,30,70,4,2,1,55,65,3,61,31,0,1,0,2,0,11,0,3,0,10,0,3,0,2,0,2,0,4,2,35.562801388888886,139.46251888888887,3,3,9999,0,9,0
1,30,884,45,2,0,1,30000,0,209,2023,1,30,8,25,12,6,43,17,6,1,1,1,14,7,0,0,0,0,3,7,1,70,4,3,1,65,45,3,61,31,0,1,0,1,0,11,0,3,0,40,0,3,0,2,0,2,0,4,2,35.588655833333334,139.4157588888889,2,3,9999,0,9,0
1,30,885,2,2,0,1,30000,0,212,2022,9,17,0,55,22,5,25,17,46,1,3,1,1,7,1,21,0,0,14,9,30,70,5,2,1,55,25,3,61,1,0,1,0,1,0,11,0,2,0,10,0,3,0,2,0,2,0,4,2,35.660352777777774,139.41332055555557,7,3,9999,0,9,0
1,30,885,4,2,0,1,21200,0,212,2023,1,5,10,0,12,6,51,16,41,1,1,1,1,1,9,22,0,0,15,9,30,70,4,2,1,55,55,3,61,31,0,1,0,1,0,11,0,3,0,10,0,3,0,2,0,2,0,4,2,35.64144916666667,139.38784055555556,5,3,9999,0,9,0
1,30,885,8,2,0,1,10510,0,212,2023,1,11,5,15,22,6,51,16,47,1,2,1,1,1,9,22,0,0,15,9,30,70,4,2,1,65,55,14,61,1,0,11,0,1,0,11,0,1,0,10,0,3,0,2,0,2,0,4,2,35.663222499999996,139.40666333333334,4,3,9999,0,1,0
1,30,885,12,2,0,1,30000,0,212,2023,1,17,11,10,12,6,50,16,52,2,1,1,14,7,0,0,0,0,1,9,1,70,5,4,1,25,75,51,61,41,0,0,0,0,0,0,0,0,0,20,0,3,0,0,0,0,0,4,2,35.66269805555555,139.39856194444442,3,3,0,0,0,0
1,30,885,14,2,0,1,30000,0,212,2023,1,17,20,25,22,6,50,16,52,1,1,1,1,1,9,22,0,0,14,9,30,70,5,2,1,65,55,4,61,31,0,1,0,1,0,11,0,3,0,10,0,3,0,2,0,2,0,4,2,35.66400222222222,139.37917861111112,3,3,9999,0,9,0
1,30,885,20,2,0,1,30000,0,212,2023,1,24,19,10,22,6,47,17,0,2,2,1,1,7,1,21,0,0,11,9,30,70,5,3,1,45,25,3,61,31,0,1,0,1,0,11,0,2,0,50,0,3,0,2,0,2,0,4,2,35.655701666666666,139.39102305555554,3,3,9999,0,1,0
1,30,886,2,2,0,1,30000,0,207,2022,10,24,11,4,12,5,55,16,55,2,1,2,14,5,0,0,0,0,2,9,1,70,5,3,1,25,25,3,61,31,0,1,0,1,0,11,0,5,0,20,0,3,0,2,0,2,0,4,2,35.705530833333334,139.37759222222223,2,3,9999,0,1,0
1,30,886,6,2,0,1,10550,0,207,2023,1,5,21,25,22,6,51,16,41,1,1,1,1,1,9,22,0,0,14,9,30,70,4,1,1,55,25,14,61,31,0,11,0,1,0,11,0,4,0,10,0,3,0,2,0,2,0,4,2,35.70179916666667,139.3585672222222,5,3,9999,0,9,0
1,30,886,17,2,0,1,30000,0,207,2023,1,17,16,15,13,6,50,16,52,1,2,1,14,7,0,0,0,0,3,9,1,70,5,3,1,1,75,51,61,41,0,0,0,0,0,0,0,0,0,10,0,4,0,0,0,0,0,4,2,35.707300833333335,139.34985055555558,3,3,0,0,0,0
1,30,886,39,2,0,1,99000,0,207,2023,1,28,10,25,12,6,44,17,4,1,1,1,0,7,0,0,0,0,0,0,20,70,0,4,1,55,35,12,61,1,0,11,0,1,0,11,0,10,0,60,0,3,0,2,0,2,0,4,2,35.717375277777776,139.35445027777777,7,3,9999,0,9,0
1,30,887,6,2,0,1,30000,0,215,2023,1,2,17,50,22,6,51,16,39,1,1,1,14,7,0,0,0,0,2,9,1,70,4,3,1,55,55,3,61,31,0,1,0,1,0,11,0,3,0,40,0,3,0,2,0,2,0,4,2,35.68211222222222,139.44600666666668,2,1,9999,0,9,0
1,30,887,22,2,0,1,30000,0,202,2023,1,11,16,18,13,6,51,16,47,1,1,1,1,1,9,22,0,0,17,9,30,70,1,1,1,45,75,3,61,31,0,1,0,1,0,11,0,3,0,10,0,3,0,2,0,2,0,4,2,35.69470833333333,139.41171194444445,4,3,9999,0,9,0
1,30,887,34,2,0,1,30000,0,215,2023,1,18,10,45,12,6,49,16,53,1,2,1,1,7,9,22,0,0,14,9,30,70,5,2,1,75,65,3,61,31,0,1,0,1,0,11,0,1,0,10,0,3,0,2,0,2,0,4,2,35.68516472222222,139.45190055555554,4,3,510,0,9,0
1,30,887,36,2,0,1,30000,0,215,2023,1,19,18,47,22,6,49,16,54,1,1,1,14,7,0,0,0,0,2,9,1,70,4,1,1,45,45,4,61,31,0,1,0,1,0,11,0,3,0,10,0,3,0,2,0,2,0,4,2,35.686274722222215,139.44366972222224,5,3,9999,0,1,0
1,30,887,41,2,0,2,20890,0,202,2023,1,21,13,5,12,6,48,16,56,1,1,1,1,7,9,22,0,0,14,9,30,70,5,3,1,55,25,51,61,41,0,0,0,0,0,0,0,0,0,40,0,4,0,0,0,0,0,2,2,35.68611833333333,139.41598333333334,7,3,0,0,0,0
1,30,887,45,2,0,1,30000,0,202,2023,1,23,13,30,12,6,47,16,59,2,1,1,14,7,0,0,0,0,2,9,1,70,5,3,1,75,1,14,61,31,0,11,0,1,0,11,0,1,0,20,0,3,0,2,0,2,0,4,2,35.701142222222224,139.4186486111111,2,3,552,0,9,0
1,30,887,48,2,0,1,95000,0,202,2023,1,25,16,10,13,6,46,17,1,1,1,1,1,7,1,21,0,0,11,9,30,70,4,1,1,65,25,3,61,31,0,1,0,1,0,11,0,3,0,10,0,4,0,2,0,2,0,4,2,35.6964275,139.4089088888889,4,3,9999,0,9,0
1,30,887,57,2,0,1,30000,0,202,2023,1,28,13,25,12,6,44,17,4,1,2,1,14,7,0,0,0,0,3,9,1,70,4,3,1,45,45,3,61,31,0,1,0,1,0,11,0,10,0,40,0,4,0,2,0,2,0,4,2,35.701640000000005,139.41704638888888,7,3,9999,0,9,0
1,30,887,58,2,0,1,30000,0,215,2023,1,28,14,0,12,6,44,17,4,1,2,2,12,7,0,0,0,0,4,9,1,70,4,2,1,1,75,51,61,41,0,0,0,0,0,0,0,0,0,10,0,4,0,0,0,0,0,4,2,35.70025305555556,139.43496333333334,7,3,0,0,0,0
1,30,888,2,2,0,1,10570,0,206,2022,12,15,18,8,22,6,43,16,29,1,1,1,14,1,0,0,0,0,6,9,1,70,1,2,1,65,35,4,61,31,0,1,0,1,0,11,0,10,0,20,0,4,0,2,0,2,0,4,2,35.657179166666666,139.4565822222222,5,3,9999,0,9,0
1,30,888,6,2,0,1,20000,0,206,2023,1,10,9,28,12,6,51,16,46,1,1,1,14,7,0,0,0,0,5,9,1,70,4,2,1,45,65,14,61,31,0,11,0,1,0,11,0,2,0,10,0,3,0,2,0,2,0,4,2,35.66990861111111,139.4938858333333,3,3,9999,0,9,0
1,30,888,9,2,0,1,30000,0,206,2023,1,14,17,40,21,6,50,16,50,2,1,1,14,7,0,0,0,0,3,9,1,70,4,2,1,35,65,51,61,41,0,0,0,0,0,0,0,0,0,20,0,4,0,0,0,0,0,4,2,35.67541611111111,139.4745536111111,7,3,0,0,0,0
1,30,888,17,2,0,1,20000,0,206,2023,1,27,7,0,11,6,45,17,3,2,1,1,14,7,0,0,0,0,5,9,1,70,4,2,1,75,35,17,61,31,0,11,0,2,0,11,0,3,0,10,0,3,0,2,0,2,0,4,2,35.66730138888889,139.46265416666665,6,3,896,0,9,0
1,30,889,2,2,0,1,30000,0,214,2022,12,19,17,45,22,6,45,16,31,1,1,1,1,1,1,21,0,0,14,9,30,70,4,1,1,65,35,13,61,31,0,11,0,1,0,11,0,3,0,10,0,4,0,2,0,2,0,4,2,35.70798611111111,139.46049666666664,2,3,9999,0,9,0
1,30,889,17,2,0,1,30000,0,214,2023,1,25,17,20,21,6,46,17,1,1,1,1,1,7,1,21,0,0,14,9,30,70,5,3,1,45,75,3,61,31,0,1,0,1,0,11,0,3,0,50,0,3,0,2,0,2,0,4,2,35.69391861111111,139.48337666666666,4,3,9999,0,5,0
1,30,889,20,2,0,1,30000,0,214,2023,1,26,8,57,12,6,46,17,2,1,1,1,14,7,0,0,0,0,2,8,1,70,5,4,1,65,1,51,61,41,0,0,0,0,0,0,0,0,0,40,0,3,0,0,0,0,0,2,4,35.699295,139.45698694444442,5,3,0,0,0,0
1,30,889,23,2,0,1,10660,0,210,2023,1,31,6,50,11,6,42,17,7,1,1,1,1,1,9,22,0,0,19,9,30,70,1,2,1,65,65,17,61,31,0,11,0,2,0,11,0,3,0,10,0,3,0,2,0,2,0,4,2,35.68943083333333,139.5010213888889,3,3,9999,0,3,0
1,30,890,1,2,0,1,30000,0,229,2022,4,12,16,50,12,5,13,18,12,1,1,1,14,7,0,0,0,0,2,9,1,70,5,3,1,1,0,61,0,0,0,0,0,0,0,0,0,0,0,0,0,0,0,0,0,0,0,2,0,35.72992722222222,139.56717,3,3,0,0,0,0
1,30,890,7,2,0,1,21220,0,229,2022,12,16,9,45,12,6,44,16,29,1,1,1,1,1,1,21,0,0,17,9,30,70,1,1,1,35,65,3,61,31,0,1,0,1,0,11,0,2,0,80,0,3,0,2,0,2,0,4,2,35.75297194444445,139.5596927777778,6,3,9999,0,1,0
1,30,890,11,2,0,1,30000,0,229,2022,12,23,17,5,21,6,48,16,32,1,1,1,1,7,9,22,0,0,14,9,30,70,5,3,1,65,35,14,61,31,0,11,0,1,0,11,0,2,0,80,0,3,0,2,0,2,0,4,2,35.725881111111114,139.55438416666667,6,3,9999,0,9,0
1,30,890,15,2,0,1,95000,0,222,2023,1,9,17,15,21,6,51,16,45,1,1,1,1,1,9,22,0,0,18,9,30,70,4,2,1,45,65,3,61,31,0,1,0,1,0,11,0,2,0,20,0,3,0,2,0,2,0,4,2,35.749429444444445,139.50955805555554,2,1,9999,0,9,0
1,30,890,17,2,0,1,95000,0,229,2023,1,11,17,46,21,6,51,16,47,1,1,1,1,7,1,21,0,0,14,9,30,70,5,2,1,55,35,3,61,31,0,1,0,1,0,11,0,10,0,10,0,3,0,2,0,2,0,4,2,35.74679916666667,139.56627694444447,4,3,9999,0,9,0
1,30,890,19,2,0,1,30000,0,229,2023,1,16,18,25,22,6,50,16,51,1,1,2,1,7,9,22,0,0,11,9,30,70,4,3,1,35,65,3,61,31,0,1,0,1,0,11,0,3,0,10,0,3,0,2,0,2,0,4,2,35.729798055555555,139.53081972222225,2,3,9999,0,1,0
1,30,890,22,2,0,2,30000,0,222,2023,1,21,17,49,21,6,48,16,56,1,1,1,1,7,9,22,0,0,15,9,30,70,5,2,1,45,45,14,61,1,0,11,0,1,0,11,0,2,0,20,0,4,0,2,0,2,0,4,2,35.761285,139.51020805555555,7,3,9999,0,9,0
1,30,890,24,2,0,1,30000,0,229,2023,1,7,9,45,12,6,51,16,43,1,1,1,1,7,9,22,0,0,11,9,30,70,5,4,1,35,45,3,61,31,0,1,0,1,0,11,0,2,0,11,0,3,0,2,0,2,0,4,2,35.74952861111111,139.55622277777778,7,3,9999,0,1,0
1,30,891,8,2,0,1,30000,0,213,2023,1,9,9,27,12,6,51,16,45,1,1,1,1,7,9,22,0,0,11,9,30,70,5,1,1,45,75,3,61,31,0,1,0,1,0,11,0,10,0,10,0,3,0,2,0,2,0,4,2,35.75954361111111,139.4704213888889,2,1,9999,0,1,0
1,30,891,10,2,0,1,95000,0,213,2023,1,11,11,20,12,6,51,16,47,1,1,1,0,7,0,0,0,0,0,0,20,70,0,4,1,35,35,3,61,31,0,1,0,1,0,11,0,10,0,30,0,3,0,2,0,2,0,4,2,35.76204111111111,139.4913986111111,4,3,9999,0,1,0
1,30,891,12,2,0,1,30000,0,213,2023,1,13,8,30,12,6,51,16,49,1,1,1,1,1,9,22,0,0,15,9,30,70,5,2,1,35,75,3,61,31,0,1,0,1,0,11,0,2,0,50,0,4,0,2,0,2,0,4,2,35.76328888888889,139.45315166666666,6,3,9999,0,1,0
1,30,891,21,2,0,1,30000,0,221,2023,1,16,17,55,22,6,50,16,51,2,1,1,1,7,9,22,0,0,14,9,30,70,5,2,1,55,55,4,61,31,0,1,0,1,0,11,0,2,0,20,0,3,0,2,0,2,0,4,2,35.805652499999994,139.54443,2,3,9999,0,1,0
1,30,892,2,2,0,1,20270,0,203,2022,12,9,9,4,12,6,39,16,28,1,1,1,1,1,9,22,0,0,14,9,30,70,4,2,1,25,1,52,61,41,0,0,0,0,0,0,0,0,0,10,0,3,0,0,0,0,0,4,2,35.70135611111112,139.58177666666666,6,3,0,0,0,0
1,30,892,3,2,0,1,20000,0,203,2023,1,5,17,5,21,6,51,16,41,1,1,1,1,1,9,22,0,0,15,9,30,70,4,1,1,1,65,51,61,41,0,0,0,0,0,0,0,0,0,10,0,3,0,0,0,0,0,4,2,35.70898027777778,139.58025416666666,5,3,0,0,0,0
1,30,892,4,2,0,1,20230,0,203,2023,1,12,11,54,12,6,51,16,48,1,1,1,14,1,0,0,0,0,4,9,1,70,4,2,1,35,1,3,61,31,0,1,0,1,0,11,0,2,0,20,0,3,0,2,0,2,0,4,2,35.70517527777778,139.57828972222222,5,3,9999,0,1,0
1,30,892,5,2,0,1,99000,0,203,2023,1,13,9,15,12,6,51,16,49,1,1,1,0,7,0,0,0,0,0,0,20,70,0,4,1,45,55,3,61,31,0,1,0,1,0,11,0,10,0,30,0,3,0,2,0,2,0,4,2,35.70925805555556,139.5634525,6,3,9999,0,1,0
1,30,892,12,2,0,1,30000,0,203,2023,1,23,17,57,21,6,47,16,59,2,1,1,14,7,0,0,0,0,3,9,1,70,4,2,1,35,1,51,61,41,0,0,0,0,0,0,0,0,0,10,0,3,0,0,0,0,0,4,2,35.698742777777774,139.54527083333332,2,3,0,0,0,0
1,30,892,14,2,0,1,21310,0,203,2023,1,26,17,0,13,6,46,17,2,1,1,1,1,1,9,22,0,0,17,9,30,70,5,2,1,65,1,3,61,31,0,1,0,1,0,11,0,5,0,10,0,3,0,2,0,2,0,4,2,35.70249388888889,139.5502127777778,5,3,9999,0,9,0
1,30,892,21,2,0,1,30000,0,203,2023,1,22,21,0,22,6,48,16,57,2,1,1,14,7,0,0,0,0,2,9,1,1,5,1,1,35,25,3,61,31,0,1,0,1,0,11,0,2,0,44,0,3,0,2,0,2,0,4,2,35.70664916666667,139.57492638888888,1,3,9999,0,1,0
1,30,893,4,2,0,1,10750,0,204,2023,1,9,11,40,12,6,51,16,45,1,1,1,14,7,0,0,0,0,2,9,1,70,5,2,1,1,55,51,61,41,0,0,0,0,0,0,0,0,0,10,0,4,0,0,0,0,0,4,2,35.68152361111111,139.54484277777777,2,1,0,0,0,0
1,30,893,10,2,0,1,10750,0,204,2023,1,18,18,5,22,6,49,16,53,1,1,1,1,1,9,22,0,0,15,9,30,70,4,2,1,75,45,3,61,31,0,1,0,1,0,11,0,4,0,10,0,3,0,2,0,2,0,4,2,35.68117222222222,139.56992583333334,4,3,244,0,9,0
1,30,893,11,2,0,1,95000,0,204,2023,1,19,8,28,12,6,49,16,54,1,1,1,1,1,9,22,0,0,15,9,30,70,4,1,1,25,75,51,61,41,0,0,0,0,0,0,0,0,0,10,0,4,0,0,0,0,0,4,2,35.69020333333333,139.54581861111112,5,3,0,0,0,0
1,30,893,14,2,0,1,20880,0,204,2023,1,27,11,59,12,6,45,17,3,2,1,1,1,7,9,22,0,0,14,9,30,70,4,2,1,1,55,51,61,41,0,0,0,0,0,0,0,0,0,10,0,4,0,0,0,0,0,4,2,35.69163916666666,139.566875,6,3,0,0,0,0
1,30,894,3,2,0,1,30000,0,208,2022,12,24,11,44,12,6,48,16,33,1,1,1,14,7,0,0,0,0,2,9,1,70,5,3,1,35,1,3,61,31,0,1,0,1,0,11,0,2,0,40,0,3,0,2,0,2,0,4,2,35.64751,139.5682422222222,7,3,9999,0,5,0
1,30,894,4,2,0,1,30000,0,208,2023,1,1,12,15,12,6,50,16,38,1,1,1,1,1,9,22,0,0,14,9,30,70,4,2,1,45,65,3,61,31,0,1,0,1,0,11,0,2,0,50,0,3,0,2,0,2,0,4,2,35.66861,139.53647194444443,1,1,9999,0,9,0
1,30,894,7,2,0,1,30000,0,208,2023,1,6,17,10,21,6,51,16,42,1,1,1,14,7,0,0,0,0,3,9,1,70,4,2,1,35,1,51,61,41,0,0,0,0,0,0,0,0,0,10,0,3,0,0,0,0,0,4,2,35.6602825,139.55473222222224,6,3,0,0,0,0
1,30,894,25,2,0,1,30000,0,208,2023,1,30,6,30,23,6,43,17,6,1,1,1,1,1,9,22,0,0,14,9,30,70,4,2,1,45,55,3,61,31,0,1,0,1,0,11,0,2,0,10,0,3,0,2,0,2,0,4,2,35.640885555555556,139.5554027777778,2,3,9999,0,1,0
1,30,894,29,2,0,1,30000,0,208,2023,1,30,17,50,21,6,43,17,6,1,1,1,1,7,0,0,0,0,14,9,30,70,5,3,1,35,0,61,0,0,0,0,0,0,0,0,0,0,0,0,0,0,0,0,0,0,0,2,0,35.66366444444444,139.57028083333333,2,3,0,0,0,0
1,30,895,8,2,0,1,30000,0,211,2023,1,19,8,40,12,6,49,16,54,1,1,1,1,7,9,22,0,0,11,9,30,70,5,2,1,1,75,51,61,41,0,0,0,0,0,0,0,0,0,40,0,4,0,0,0,0,0,4,2,35.73256277777778,139.4788625,5,3,0,0,0,0
1,30,895,11,2,0,1,10240,0,211,2023,1,25,18,55,22,6,46,17,1,2,1,1,1,1,9,22,0,0,17,9,30,70,4,2,1,55,55,3,61,31,0,1,0,1,0,11,0,3,0,10,0,3,0,2,0,2,0,4,2,35.73129277777778,139.44990027777777,4,3,9999,0,9,0
1,30,100,18,2,0,1,30000,0,101,2023,1,17,8,0,12,6,50,16,52,1,1,1,1,1,0,0,0,0,11,9,30,70,4,2,1,1,0,61,0,0,0,0,0,0,0,0,0,0,0,0,0,0,0,0,0,0,0,2,0,35.689837777777775,139.74004472222222,3,3,0,0,0,0
1,30,100,19,2,0,1,30000,0,101,2023,1,18,18,42,22,6,49,16,53,1,1,1,14,7,0,0,0,0,2,9,1,70,5,4,1,25,45,3,61,31,0,1,0,1,0,11,0,2,0,20,0,3,0,2,0,2,0,4,2,35.68543138888889,139.74231694444444,4,3,9999,0,1,0
1,30,102,11,2,0,1,30000,0,101,2023,2,9,10,20,12,6,35,17,16,1,1,1,1,7,1,21,0,0,14,9,30,1,5,2,1,45,65,4,61,31,0,1,0,1,0,11,0,1,0,10,0,3,0,2,0,2,0,4,2,35.69806694444444,139.75564305555557,5,3,9999,0,1,0