資料区分,都道府県コード,警察署等コード,本票番号,事故内容,死者数,負傷者数,路線コード,地点コード,市区町村コード,発生日時　　年,発生日時　　月,発生日時　　日,発生日時　　時,発生日時　　分,昼夜,日の出時刻　　時,日の出時刻　　分,日の入り時刻　　時,日の入り時刻　　分,天候,地形,路面状態,道路形状,信号機,一時停止規制　標識（当事者A）,一時停止規制　表示（当事者A）,一時停止規制　標識（当事者B）,一時停止規制　表示（当事者B）,車道幅員,道路線形,衝突地点,ゾーン規制,中央分離帯施設等,歩車道区分,事故類型,年齢（当事者A）,年齢（当事者B）,当事者種別（当事者A）,当事者種別（当事者B）,用途別（当事者A）,用途別（当事者B）,車両形状等（当事者A）,車両形状等（当事者B）,オートマチック車（当事者A）,オートマチック車（当事者B）,サポカー（当事者A）,サポカー（当事者B）,速度規制（指定のみ）（当事者A）,速度規制（指定のみ）（当事者B）,車両の衝突部位（当事者A）,車両の衝突部位（当事者B）,車両の損壊程度（当事者A）,車両の損壊程度（当事者B）,エアバッグの装備（当事者A）,エアバッグの装備（当事者B）,サイドエアバッグの装備（当事者A）,サイドエアバッグの装備（当事者B）,人身損傷程度（当事者A）,人身損傷程度（当事者B）,lat,lon,曜日(発生年月日),祝日(発生年月日),認知機能検査経過日数（当事者A）,認知機能検査経過日数（当事者B）,運転練習の方法（当事者A）,運転練習の方法（当事者B）
1,30,102,12,2,0,1,10050,0,101,2023,2,8,22,5,22,6,36,17,15,2,1,2,1,1,9,22,0,0,17,9,30,70,1,1,1,25,25,51,61,41,0,0,0,0,0,0,0,0,0,10,0,4,0,0,0,0,0,4,2,35.69462138888888,139.7650238888889,4,3,0,0,0,0
1,30,102,13,2,0,1,30000,0,101,2023,2,15,12,36,12,6,29,17,22,1,1,1,1,1,9,22,0,0,15,9,30,70,4,2,1,45,55,14,61,31,0,11,0,1,0,11,0,2,0,10,0,3,0,2,0,2,0,4,2,35.696888611111106,139.75269472222223,4,3,9999,0,9,0
1,30,103,6,2,0,1,40,18,101,2023,2,1,4,5,22,6,41,17,8,1,1,1,1,1,9,22,0,0,18,9,30,70,1,2,1,55,25,3,61,1,0,1,0,1,0,11,0,5,0,10,0,3,0,2,0,2,0,4,2,35.69929583333333,139.77541333333335,4,3,9999,0,9,0
1,30,104,26,2,0,1,30000,0,102,2023,2,6,15,50,12,6,37,17,13,2,1,1,14,7,0,0,0,0,3,9,1,70,5,3,1,55,1,3,61,1,0,1,0,1,0,11,0,2,0,10,0,3,0,2,0,2,0,4,2,35.676207777777776,139.78312444444447,2,3,9999,0,9,0
1,30,104,30,2,0,1,10040,0,102,2023,2,13,19,10,22,6,31,17,20,3,1,2,1,1,9,22,0,0,18,9,30,70,4,2,1,45,45,13,61,31,0,11,0,1,0,11,0,4,0,80,0,4,0,2,0,2,0,4,2,35.68086777777778,139.7782975,2,3,9999,0,9,0
1,30,104,31,2,0,1,20100,0,102,2023,2,13,20,20,22,6,31,17,20,3,1,2,1,7,9,22,0,0,14,9,30,70,4,2,1,75,25,3,61,1,0,1,0,1,0,11,0,4,0,10,0,4,0,2,0,2,0,4,2,35.674389444444444,139.78217833333335,2,3,9999,0,9,0
1,30,104,33,2,0,1,10030,0,102,2023,2,14,11,20,12,6,30,17,21,1,1,1,1,7,1,21,0,0,14,9,30,70,1,2,1,55,55,17,61,1,0,11,0,1,0,11,0,1,0,10,0,3,0,2,0,2,0,4,2,35.67916611111111,139.77393833333335,3,3,9999,0,9,0
1,30,104,34,2,0,1,10060,0,102,2023,2,16,7,30,12,6,27,17,23,1,1,1,14,1,0,0,0,0,3,9,1,70,1,1,1,65,55,51,61,41,0,0,0,0,0,0,0,0,0,30,0,4,0,0,0,0,0,4,2,35.67677583333333,139.77833416666667,5,3,0,0,0,0
1,30,104,36,2,0,1,30000,0,102,2023,2,20,8,47,12,6,23,17,27,1,1,1,1,7,1,21,0,0,11,9,30,70,5,2,1,55,35,3,61,31,0,1,0,1,0,11,0,2,0,10,0,3,0,2,0,2,0,4,2,35.686770555555555,139.7754713888889,2,3,9999,0,9,0
1,30,104,39,2,0,1,20100,0,102,2023,2,21,8,40,12,6,22,17,28,1,1,1,14,7,0,0,0,0,1,9,1,70,5,2,1,25,0,61,0,0,0,0,0,0,0,0,0,0,0,0,0,0,0,0,0,0,0,2,0,35.67816805555555,139.77400833333334,3,3,0,0,0,0
1,30,105,8,2,0,1,30000,0,102,2023,2,1,12,50,12,6,41,17,8,1,1,1,1,7,9,22,0,0,14,9,30,70,4,2,1,45,25,3,61,1,0,1,0,1,0,11,0,10,0,40,0,3,0,2,0,2,0,4,2,35.67997027777778,139.78475722222223,4,3,9999,0,1,0
1,30,105,11,2,0,1,30000,0,102,2023,2,8,18,45,22,6,36,17,15,2,1,2,1,7,1,21,0,0,18,9,30,70,5,2,1,75,25,3,61,1,0,1,0,1,0,11,0,2,0,10,0,4,0,2,0,2,0,4,2,35.68747333333333,139.78527583333334,4,3,299,0,9,0
1,30,105,16,2,0,2,10050,0,102,2023,2,26,20,48,22,6,16,17,33,1,1,1,1,1,9,22,0,0,19,9,30,70,1,1,1,1,75,34,61,31,0,0,0,0,0,11,0,4,0,10,0,3,0,0,0,0,0,2,2,35.694941944444444,139.78420722222222,1,3,9999,0,1,0
1,30,106,20,2,0,1,10060,0,102,2023,2,5,15,53,12,6,38,17,12,1,1,1,1,1,9,22,0,0,18,9,30,70,1,2,1,35,35,3,61,31,0,1,0,1,0,11,0,4,0,10,0,4,0,2,0,2,0,4,2,35.67296361111111,139.77597222222224,1,3,9999,0,1,0
1,30,106,22,2,0,1,10030,0,102,2023,2,7,16,0,12,6,36,17,14,1,1,1,14,7,0,0,0,0,6,9,1,70,1,2,1,35,45,59,61,0,0,0,0,0,0,0,0,0,0,10,0,3,0,0,0,0,0,4,2,35.66853694444444,139.76548777777776,3,3,0,0,0,0
1,30,106,24,2,0,1,30000,0,102,2023,2,12,13,50,12,6,32,17,19,1,1,1,14,7,0,0,0,0,4,9,1,70,4,1,1,45,65,51,61,41,0,0,0,0,0,0,0,0,0,10,0,4,0,0,0,0,0,4,2,35.66499555555556,139.7758638888889,1,3,0,0,0,0
1,30,106,25,2,0,1,10020,0,102,2023,2,12,15,29,12,6,32,17,19,1,1,2,14,7,0,0,0,0,5,9,1,70,4,1,1,65,25,3,61,1,0,1,0,1,0,11,0,10,0,10,0,3,0,2,0,2,0,4,2,35.670402499999994,139.76623055555555,1,3,9999,0,9,0
1,30,106,32,2,0,1,10020,0,102,2023,2,23,2,30,22,6,19,17,30,2,1,1,1,1,9,22,0,0,17,9,30,70,5,2,1,65,35,3,61,1,0,1,0,1,0,11,0,10,0,10,0,2,0,2,0,2,0,4,2,35.668033333333334,139.76873,5,1,9999,0,9,0
1,30,106,37,2,0,1,10020,0,102,2023,2,27,14,0,12,6,14,17,34,1,1,1,1,1,9,22,0,0,18,9,30,70,1,4,1,55,75,3,61,31,0,1,0,1,0,11,0,5,0,50,0,3,0,2,0,2,0,4,2,35.66467,139.77250722222223,2,3,9999,0,9,0
1,30,106,38,2,0,1,30000,0,102,2023,2,1,16,30,13,6,41,17,8,1,1,1,1,7,1,21,0,0,15,9,30,70,4,2,1,25,55,13,61,31,0,11,0,1,0,11,0,3,0,10,0,3,0,2,0,2,0,4,2,35.673029444444445,139.7755302777778,4,3,9999,0,1,0
1,30,108,15,2,0,1,30000,0,103,2023,2,3,18,30,22,6,40,17,10,1,1,1,1,7,1,21,0,0,18,9,30,70,1,3,1,55,45,3,61,31,0,1,0,1,0,11,0,5,0,10,0,3,0,2,0,2,0,4,2,35.668231388888884,139.75786277777777,6,3,9999,0,1,0
1,30,108,16,2,0,1,150,25,103,2023,1,27,21,19,22,6,45,17,3,3,1,2,1,1,9,22,0,0,19,9,30,70,1,1,1,45,65,3,61,1,0,1,0,1,0,11,0,5,0,20,0,4,0,2,0,2,0,4,2,35.66542027777778,139.75947333333335,6,3,9999,0,9,0
1,30,108,18,2,0,1,30000,0,103,2023,2,11,2,15,22,6,33,17,18,1,1,1,14,7,0,0,0,0,3,9,1,70,4,2,1,45,25,3,61,31,0,1,0,1,0,11,0,10,0,10,0,2,0,2,0,2,0,4,2,35.666133888888886,139.75918833333333,7,1,9999,0,1,0
1,30,108,21,2,0,1,30000,0,103,2023,2,14,11,35,12,6,30,17,21,1,1,1,14,7,0,0,0,0,3,9,1,70,5,4,1,75,45,3,61,31,0,1,0,1,0,11,0,1,0,70,0,4,0,2,0,2,0,4,2,35.66887722222222,139.74965555555553,3,3,200,0,9,0
1,30,108,30,2,0,1,20030,0,103,2023,2,28,8,45,12,6,13,17,35,1,1,1,14,7,0,0,0,0,6,9,1,70,1,1,1,55,55,51,61,41,0,0,0,0,0,0,0,0,0,0,0,4,0,0,0,0,0,4,2,35.669396666666664,139.75512833333335,3,3,0,0,0,0
1,30,108,31,2,0,1,30000,0,103,2023,2,8,21,50,22,6,36,17,15,2,1,1,1,7,9,22,0,0,15,9,30,70,5,2,1,45,35,3,61,1,0,1,0,1,0,11,0,10,0,10,0,3,0,2,0,2,0,4,2,35.66833305555555,139.75775444444446,4,3,9999,0,9,0
1,30,109,20,2,0,1,10,71,103,2022,11,29,16,48,21,6,30,16,28,3,1,2,14,7,0,0,0,0,5,9,1,70,4,1,1,45,0,61,0,0,0,0,0,0,0,0,0,0,0,0,0,0,0,0,0,0,0,2,0,35.64661777777778,139.74019583333333,3,3,0,0,0,0
1,30,109,22,2,0,1,30000,0,103,2023,2,8,17,25,21,6,36,17,15,2,1,1,14,7,0,0,0,0,2,9,1,70,5,2,1,25,65,51,61,41,0,0,0,0,0,0,0,0,0,10,0,3,0,0,0,0,0,4,2,35.643555,139.74944277777777,4,3,0,0,0,0
1,30,109,26,2,0,1,30000,0,103,2023,2,24,9,47,12,6,18,17,31,2,1,1,1,7,9,22,0,0,11,9,30,70,4,2,1,75,65,3,61,1,0,1,0,1,0,11,0,2,0,10,0,3,0,2,0,2,0,4,2,35.647245,139.744925,6,3,164,0,9,0
1,30,110,16,2,0,1,10070,0,103,2023,1,18,19,0,22,6,49,16,53,2,1,1,1,1,9,22,0,0,19,9,30,70,1,2,1,55,1,3,61,1,0,1,0,1,0,11,0,4,0,50,0,3,0,2,0,2,0,4,2,35.628701666666664,139.7503,4,3,9999,0,9,0
1,30,111,34,2,0,1,30000,0,103,2023,2,2,15,47,12,6,41,17,9,1,1,1,14,7,0,0,0,0,3,9,1,70,4,1,1,65,55,3,61,1,0,1,0,1,0,11,0,3,0,50,0,3,0,2,0,2,0,4,2,35.66370583333333,139.73902055555556,5,3,9999,0,9,0
1,30,111,41,2,0,1,20120,0,103,2023,2,16,23,48,22,6,27,17,23,1,1,1,14,7,0,0,0,0,3,9,1,70,1,2,1,75,35,3,61,1,0,1,0,1,0,11,0,4,0,10,0,4,0,2,0,2,0,4,2,35.659218055555556,139.72364055555556,5,3,9999,0,9,0
1,30,111,43,2,0,1,30000,0,103,2023,2,21,18,50,22,6,22,17,28,1,1,1,1,7,9,22,0,0,14,9,30,70,4,1,1,65,35,3,61,1,0,1,0,1,0,11,0,10,0,10,0,3,0,2,0,2,0,4,2,35.660560277777776,139.72809444444445,3,3,9999,0,9,0
1,30,111,44,2,0,1,10670,0,103,2023,2,22,0,20,22,6,21,17,29,1,1,1,1,1,9,22,0,0,18,9,30,70,1,1,1,55,35,3,61,31,0,1,0,1,0,11,0,4,0,10,0,3,0,2,0,2,0,4,2,35.65826583333333,139.73255138888888,4,2,9999,0,9,0
1,30,111,46,2,0,1,30000,0,103,2023,2,14,21,0,22,6,30,17,21,1,1,1,14,7,0,0,0,0,2,7,1,70,5,2,1,25,25,3,61,1,0,1,0,1,0,11,0,2,0,20,0,3,0,2,0,2,0,4,2,35.66001722222222,139.73661694444442,3,3,9999,0,5,0
1,30,112,24,2,0,1,20150,0,103,2023,2,7,14,10,12,6,36,17,14,1,1,1,14,7,0,0,0,0,4,9,1,70,4,1,1,25,35,51,61,41,0,0,0,0,0,0,0,0,0,10,0,4,0,0,0,0,0,4,2,35.671387777777774,139.73549527777777,3,3,0,0,0,0
1,30,112,25,2,0,1,2460,22,103,2023,2,8,18,0,21,6,36,17,15,2,1,1,1,1,9,22,0,0,18,9,30,70,1,2,1,25,45,3,61,31,0,1,0,1,0,11,0,5,0,10,0,3,0,2,0,2,0,4,2,35.67259027777777,139.72382305555556,4,3,9999,0,5,0
1,30,112,30,2,0,2,30000,0,103,2023,2,22,3,35,22,6,21,17,29,1,1,1,1,1,9,22,0,0,14,9,30,70,4,2,1,65,1,3,61,1,0,1,0,1,0,11,0,2,0,10,0,3,0,2,0,2,0,4,2,35.67194722222222,139.73901833333332,4,2,9999,0,9,0
1,30,112,33,2,0,1,20000,0,103,2023,2,22,20,20,22,6,21,17,29,1,1,1,1,1,9,22,0,0,15,9,30,70,4,1,1,35,75,51,61,41,0,0,0,0,0,0,0,0,0,40,0,4,0,0,0,0,0,4,2,35.672243888888886,139.72595305555555,4,2,0,0,0,0
1,30,112,34,2,0,1,30000,0,103,2023,2,21,21,40,22,6,22,17,28,1,1,1,1,7,9,22,0,0,11,9,30,70,5,3,1,55,35,12,61,1,0,11,0,1,0,11,0,10,0,20,0,4,0,2,0,2,0,4,2,35.676581666666664,139.73673444444444,3,3,9999,0,9,0
1,30,112,37,2,0,1,30000,0,103,2023,2,26,15,45,12,6,16,17,33,1,1,1,14,7,0,0,0,0,2,9,1,70,5,3,1,45,35,3,61,31,0,1,0,1,0,11,0,2,0,30,0,3,0,2,0,2,0,4,2,35.66899333333333,139.73874888888886,1,3,9999,0,9,0
1,30,215,17,2,0,1,30000,0,109,2023,2,8,16,40,13,6,36,17,15,3,1,2,14,7,0,0,0,0,2,8,1,70,5,4,1,65,65,51,61,41,0,0,0,0,0,0,0,0,0,40,0,3,0,0,0,0,0,4,2,35.62166138888889,139.74057833333333,4,3,0,0,0,0
1,30,215,18,2,0,1,30000,0,109,2023,2,13,17,46,21,6,31,17,20,3,1,2,7,1,0,0,0,0,4,9,1,70,4,2,1,65,25,3,61,31,0,1,0,1,0,11,0,1,0,50,0,3,0,2,0,2,0,4,2,35.60689,139.7453138888889,2,3,9999,0,9,0
1,30,215,19,2,0,1,30000,0,109,2023,2,14,20,8,22,6,30,17,21,1,1,1,14,7,0,0,0,0,3,9,1,70,5,2,1,35,65,51,61,41,0,0,0,0,0,0,0,0,0,10,0,3,0,0,0,0,0,4,2,35.61457416666667,139.74190499999997,3,3,0,0,0,0
1,30,216,28,2,0,1,30000,0,111,2023,2,17,12,30,12,6,26,17,24,1,1,1,14,7,0,0,0,0,4,9,1,70,4,4,1,65,75,3,61,1,0,1,0,1,0,11,0,2,0,10,0,3,0,2,0,2,0,4,2,35.592111111111116,139.71936277777777,6,3,9999,0,9,0
1,30,217,31,2,0,1,10170,0,109,2023,1,26,10,30,12,6,46,17,2,1,1,1,14,7,0,0,0,0,2,9,1,70,5,1,1,1,45,51,61,41,0,0,0,0,0,0,0,0,0,10,0,4,0,0,0,0,0,4,2,35.621296111111114,139.71997472222222,5,3,0,0,0,0
1,30,218,23,2,0,1,30000,0,109,2023,1,23,11,35,12,6,47,16,59,2,1,1,14,7,0,0,0,0,3,9,1,70,5,3,1,55,75,13,61,31,0,11,0,1,0,11,0,2,0,40,0,4,0,2,0,2,0,4,2,35.61460805555556,139.72019222222224,2,3,9999,0,9,0
1,30,218,25,2,0,1,30000,0,109,2023,2,8,10,40,12,6,36,17,15,1,1,1,14,7,0,0,0,0,3,9,1,70,5,3,1,65,25,3,61,31,0,1,0,1,0,11,0,2,0,40,0,3,0,2,0,2,0,4,2,35.606033333333336,139.70378527777777,4,3,9999,0,9,0
1,30,218,26,2,0,1,30000,0,109,2023,2,1,16,30,13,6,41,17,8,1,1,1,14,7,0,0,0,0,1,9,1,70,5,3,1,25,1,51,61,41,0,0,0,0,0,0,0,0,0,14,0,3,0,0,0,0,0,4,2,35.6127425,139.69585833333335,4,3,0,0,0,0
1,30,218,27,2,0,1,30000,0,109,2023,2,20,7,15,11,6,23,17,27,1,1,1,1,7,7,21,0,0,14,9,30,70,5,3,1,1,55,17,61,31,0,11,0,2,0,11,0,10,0,10,0,4,0,2,0,2,0,4,2,35.616124444444445,139.7124988888889,2,3,9999,0,1,0
1,30,218,28,2,0,1,10,114,109,2023,2,20,10,20,12,6,23,17,27,1,1,1,1,1,9,22,0,0,18,9,30,70,5,2,1,25,65,3,61,31,0,1,0,1,0,11,0,10,0,10,0,4,0,2,0,2,0,4,2,35.615361944444444,139.7166777777778,2,3,9999,0,5,0
1,30,218,31,2,0,1,30000,0,109,2023,2,15,13,10,12,6,29,17,22,1,1,1,14,7,0,0,0,0,3,9,1,70,5,3,1,45,45,3,61,31,0,1,0,1,0,11,0,10,0,30,0,4,0,2,0,2,0,4,2,35.6146325,139.71557666666666,4,3,9999,0,1,0
1,30,219,47,2,0,1,10130,0,111,2023,1,28,15,35,12,6,44,17,4,1,1,1,14,7,0,0,0,0,2,9,1,70,5,4,1,65,25,51,61,41,0,0,0,0,0,0,0,0,0,10,0,3,0,0,0,0,0,4,2,35.581830555555555,139.72093138888889,7,3,0,0,0,0
1,30,219,49,2,0,1,30000,0,111,2023,2,9,0,40,22,6,35,17,16,1,1,1,1,1,9,22,0,0,15,9,30,70,4,2,1,75,65,51,61,41,0,0,0,0,0,0,0,0,0,10,0,4,0,0,0,0,0,4,2,35.58706611111111,139.72990305555555,5,3,0,0,0,0
1,30,219,55,2,0,1,30000,0,111,2023,2,16,16,45,13,6,27,17,23,1,1,1,14,7,0,0,0,0,3,9,1,70,5,4,1,65,35,3,61,31,0,1,0,1,0,11,0,5,0,10,0,3,0,2,0,2,0,4,2,35.58655138888889,139.72715555555556,5,3,9999,0,5,0
1,30,219,60,2,0,1,30700,0,111,2023,2,10,20,30,22,6,34,17,17,3,1,2,1,1,9,22,0,0,18,9,30,70,5,1,1,45,45,4,61,31,0,1,0,1,0,11,0,3,0,10,0,3,0,2,0,2,0,4,2,35.58464638888889,139.73077166666667,6,2,9999,0,1,0
1,30,219,61,2,0,1,30000,0,111,2023,2,20,15,50,12,6,23,17,27,2,1,1,7,7,0,0,0,0,1,9,1,70,5,3,1,45,1,3,61,31,0,1,0,1,0,11,0,10,0,20,0,3,0,2,0,2,0,4,2,35.57064416666667,139.7343225,2,3,9999,0,5,0
1,30,220,24,2,0,1,30000,0,111,2023,1,27,8,15,12,6,45,17,3,1,1,1,1,7,9,22,0,0,11,9,30,70,5,3,1,35,55,52,61,41,0,0,0,0,0,0,0,0,0,10,0,4,0,0,0,0,0,4,2,35.57913138888889,139.6740988888889,6,3,0,0,0,0
1,30,220,25,2,0,1,30000,0,111,2023,2,11,11,45,12,6,33,17,18,1,1,1,14,7,0,0,0,0,2,9,1,70,5,3,1,65,65,51,61,41,0,0,0,0,0,0,0,0,0,10,0,4,0,0,0,0,0,4,2,35.5796025,139.68461083333332,7,1,0,0,0,0
1,30,220,30,2,0,1,10170,0,111,2023,2,24,5,55,23,6,18,17,31,1,1,1,1,1,9,22,0,0,14,9,30,70,1,2,1,35,75,3,61,31,0,1,0,1,0,11,0,4,0,10,0,3,0,2,0,2,0,4,2,35.599897222222225,139.68845361111113,6,3,9999,0,1,0
1,30,221,45,2,0,1,95000,0,111,2023,2,10,20,5,22,6,34,17,17,3,1,2,1,7,1,21,0,0,17,9,30,70,5,3,1,55,25,51,61,41,0,0,0,0,0,0,0,0,0,10,0,3,0,0,0,0,0,4,2,35.55371694444444,139.74217527777776,6,2,0,0,0,0
1,30,221,50,2,0,1,1310,0,111,2023,2,17,3,30,22,6,26,17,24,1,1,1,14,1,0,0,0,0,5,9,1,70,5,2,1,55,25,22,61,0,0,0,0,0,0,11,0,4,0,80,0,3,0,0,0,0,0,4,2,35.565102777777774,139.7365908333333,6,3,9999,0,9,0
1,30,221,52,2,0,1,30000,0,111,2023,2,20,8,30,12,6,23,17,27,1,1,1,14,7,0,0,0,0,4,9,1,70,5,3,1,65,1,3,61,31,0,1,0,1,0,11,0,2,0,20,0,3,0,2,0,2,0,4,2,35.54556083333333,139.72641083333335,2,3,9999,0,9,0
1,30,221,58,2,0,1,95000,0,111,2023,2,18,10,10,12,6,25,17,25,1,1,1,14,7,0,0,0,0,1,9,1,70,5,3,1,25,25,51,61,41,0,0,0,0,0,0,0,0,0,10,0,3,0,0,0,0,0,4,2,35.55825944444444,139.71393777777777,7,3,0,0,0,0
1,30,222,28,2,0,1,30000,0,111,2023,2,16,12,40,12,6,27,17,23,1,1,1,1,1,9,22,0,0,14,9,30,70,4,2,1,45,75,3,61,31,0,1,0,1,0,11,0,3,0,0,0,4,0,2,0,2,0,4,2,35.57376194444445,139.70360194444444,5,3,9999,0,1,0
1,30,222,29,2,0,1,30000,0,111,2023,2,10,18,30,22,6,34,17,17,3,1,2,1,7,1,21,0,0,14,9,30,70,5,3,1,55,25,3,61,1,0,1,0,1,0,11,0,5,0,20,0,3,0,2,0,2,0,4,2,35.57253777777778,139.70523805555555,6,2,9999,0,9,0
1,30,222,38,2,0,1,30000,0,111,2023,2,3,11,30,12,6,40,17,10,2,1,1,1,7,1,21,0,0,15,9,30,1,5,2,1,65,75,3,61,31,0,1,0,1,0,11,0,2,0,10,0,4,0,2,0,2,0,4,2,35.56531194444444,139.6929211111111,6,3,9999,0,4,0
1,30,223,3,2,0,1,95000,0,111,2022,12,11,10,53,12,6,40,16,28,1,1,1,0,7,0,0,0,0,0,0,20,70,0,1,1,35,1,51,61,41,0,0,0,0,0,0,0,0,0,30,0,4,0,0,0,0,0,4,2,35.54279805555555,139.7659972222222,1,3,0,0,0,0
1,30,223,4,2,0,1,10200,0,111,2022,10,19,19,30,22,5,51,17,1,1,1,1,1,1,9,22,0,0,18,9,30,70,1,1,1,45,45,3,61,1,0,1,0,1,0,11,0,5,0,10,0,2,0,2,0,2,0,4,2,35.550059166666664,139.75495722222223,4,3,9999,0,9,0
1,30,325,28,2,0,1,30000,0,112,2023,1,28,10,51,12,6,44,17,4,1,1,1,7,7,0,0,0,0,1,9,1,70,5,3,1,75,65,3,61,31,0,1,0,1,0,11,0,5,0,50,0,3,0,2,0,2,0,4,2,35.639115555555556,139.6389822222222,7,3,163,0,9,0
1,30,325,29,2,0,1,95000,0,112,2023,2,3,16,55,13,6,40,17,10,1,1,1,0,7,0,0,0,0,0,0,20,70,0,4,1,25,55,14,61,1,0,11,0,1,0,11,0,10,0,20,0,3,0,2,0,2,0,4,2,35.64474388888889,139.6698175,6,3,9999,0,1,0
1,30,325,32,2,0,1,21020,0,112,2023,2,6,10,10,12,6,37,17,13,1,1,1,14,7,0,0,0,0,3,9,1,70,5,2,1,35,1,52,61,41,0,0,0,0,0,0,0,0,0,10,0,4,0,0,0,0,0,4,2,35.64209861111111,139.68080333333333,2,3,0,0,0,0
1,30,325,33,2,0,1,30000,0,112,2023,2,12,10,50,12,6,32,17,19,1,1,1,1,7,9,22,0,0,14,9,30,70,5,3,1,45,1,3,61,31,0,1,0,1,0,11,0,2,0,54,0,3,0,2,0,2,0,4,2,35.633919166666665,139.6694775,1,3,9999,0,9,0
1,30,325,36,2,0,1,30740,0,112,2023,2,20,7,25,12,6,23,17,27,1,1,1,14,7,0,0,0,0,4,7,1,70,4,1,1,25,55,51,61,41,0,0,0,0,0,0,0,0,0,10,0,3,0,0,0,0,0,4,2,35.64765527777778,139.66894916666666,2,3,0,0,0,0
1,30,325,37,2,0,1,10210,0,112,2023,2,28,11,40,12,6,13,17,35,1,1,1,1,1,9,22,0,0,11,9,30,70,4,2,1,45,45,14,61,31,0,11,0,1,0,11,0,3,0,24,0,3,0,2,0,2,0,4,2,35.64247694444445,139.65284194444445,3,3,9999,0,1,0
1,30,326,32,2,0,2,99000,0,112,2022,10,27,14,58,12,5,58,16,51,1,1,1,0,7,0,0,0,0,0,0,20,70,0,1,1,55,25,52,61,41,0,0,0,0,0,0,0,0,0,0,0,4,0,0,0,0,0,2,2,35.6600925,139.66532166666667,5,3,0,0,0,0
1,30,326,40,2,0,1,30000,0,112,2023,2,2,16,30,13,6,41,17,9,1,1,1,1,1,9,22,0,0,11,9,30,70,5,1,1,1,55,3,61,31,0,1,0,1,0,11,0,3,0,80,0,4,0,2,0,2,0,4,2,35.64744944444445,139.62456666666668,5,3,9999,0,1,0
1,30,326,41,2,0,1,95000,0,112,2023,2,4,10,5,12,6,39,17,11,1,1,1,14,7,0,0,0,0,1,9,1,70,5,3,1,55,1,51,61,41,0,0,0,0,0,0,0,0,0,10,0,3,0,0,0,0,0,4,2,35.66757416666666,139.66594138888888,7,3,0,0,0,0
1,30,326,50,2,0,1,30000,0,112,2023,2,1,17,10,21,6,41,17,8,1,1,1,14,7,0,0,0,0,2,9,1,70,5,3,1,1,1,51,61,41,0,0,0,0,0,0,0,0,0,10,0,3,0,0,0,0,0,4,2,35.665858888888884,139.65140666666667,4,3,0,0,0,0
1,30,326,57,2,0,1,30000,0,112,2023,2,21,15,5,12,6,22,17,28,1,1,1,14,7,0,0,0,0,3,9,1,70,5,3,1,75,35,3,61,1,0,1,0,1,0,11,0,10,0,10,0,3,0,2,0,2,0,4,2,35.658454166666665,139.64389583333332,3,3,9999,0,9,0
1,30,326,59,2,0,1,30740,0,112,2023,2,24,12,30,12,6,18,17,31,2,1,1,1,1,9,22,0,0,15,9,30,70,4,1,1,25,65,51,61,41,0,0,0,0,0,0,0,0,0,10,0,3,0,0,0,0,0,4,2,35.657605,139.6677672222222,6,3,0,0,0,0
1,30,326,60,2,0,1,30000,0,112,2023,2,16,12,32,12,6,27,17,23,1,1,1,14,7,0,0,0,0,2,9,1,70,5,3,1,45,75,51,61,41,0,0,0,0,0,0,0,0,0,10,0,3,0,0,0,0,0,4,2,35.660827499999996,139.6727311111111,5,3,0,0,0,0
1,30,327,60,2,0,1,30000,0,112,2023,2,4,8,55,12,6,39,17,11,1,1,1,1,7,1,21,0,0,14,9,30,70,5,3,1,55,35,3,61,31,0,1,0,1,0,11,0,2,0,10,0,3,0,2,0,2,0,4,2,35.62963416666667,139.63908305555555,7,3,9999,0,9,0
1,30,327,62,2,0,1,30000,0,112,2023,2,6,7,59,12,6,37,17,13,1,1,1,1,7,9,22,0,0,14,9,30,70,4,2,1,55,65,3,61,31,0,1,0,1,0,11,0,3,0,10,0,3,0,2,0,2,0,4,2,35.608935555555554,139.6481347222222,2,3,9999,0,9,0
1,30,327,65,2,0,1,30000,0,112,2023,1,25,8,3,12,6,46,17,1,1,1,1,14,7,0,0,0,0,2,9,1,70,5,3,1,45,25,3,61,31,0,1,0,1,0,11,0,2,0,50,0,4,0,2,0,2,0,4,2,35.63099666666667,139.63733138888887,4,3,9999,0,9,0
1,30,327,68,2,0,1,30000,0,112,2023,2,9,7,55,12,6,35,17,16,1,1,1,1,7,1,21,0,0,15,9,30,70,5,3,1,25,1,51,61,41,0,0,0,0,0,0,0,0,0,40,0,3,0,0,0,0,0,4,2,35.634568333333334,139.62848250000002,5,3,0,0,0,0
1,30,327,74,2,0,1,30000,0,112,2023,2,15,8,3,12,6,29,17,22,2,1,1,1,1,9,22,0,0,14,9,30,70,5,3,1,1,1,51,61,41,0,0,0,0,0,0,0,0,0,10,0,4,0,0,0,0,0,4,2,35.62865,139.6440761111111,4,3,0,0,0,0
1,30,327,85,2,0,1,99000,0,112,2023,1,11,13,20,12,6,51,16,47,1,1,1,0,7,0,0,0,0,0,0,20,70,0,4,1,75,45,3,61,31,0,1,0,1,0,11,0,10,0,30,0,3,0,2,0,2,0,4,2,35.620983611111114,139.62396055555556,4,3,817,0,9,0
1,30,328,47,2,0,1,30000,0,112,2023,1,26,11,50,12,6,46,17,2,1,1,1,1,7,9,22,0,0,14,9,30,70,5,4,1,1,55,51,61,41,0,0,0,0,0,0,0,0,0,20,0,3,0,0,0,0,0,4,2,35.65886527777778,139.59812944444445,5,3,0,0,0,0