資料区分,都道府県コード,警察署等コード,本票番号,事故内容,死者数,負傷者数,路線コード,地点コード,市区町村コード,発生日時　　年,発生日時　　月,発生日時　　日,発生日時　　時,発生日時　　分,昼夜,日の出時刻　　時,日の出時刻　　分,日の入り時刻　　時,日の入り時刻　　分,天候,地形,路面状態,道路形状,信号機,一時停止規制　標識（当事者A）,一時停止規制　表示（当事者A）,一時停止規制　標識（当事者B）,一時停止規制　表示（当事者B）,車道幅員,道路線形,衝突地点,ゾーン規制,中央分離帯施設等,歩車道区分,事故類型,年齢（当事者A）,年齢（当事者B）,当事者種別（当事者A）,当事者種別（当事者B）,用途別（当事者A）,用途別（当事者B）,車両形状等（当事者A）,車両形状等（当事者B）,オートマチック車（当事者A）,オートマチック車（当事者B）,サポカー（当事者A）,サポカー（当事者B）,速度規制（指定のみ）（当事者A）,速度規制（指定のみ）（当事者B）,車両の衝突部位（当事者A）,車両の衝突部位（当事者B）,車両の損壊程度（当事者A）,車両の損壊程度（当事者B）,エアバッグの装備（当事者A）,エアバッグの装備（当事者B）,サイドエアバッグの装備（当事者A）,サイドエアバッグの装備（当事者B）,人身損傷程度（当事者A）,人身損傷程度（当事者B）,lat,lon,曜日(発生年月日),祝日(発生年月日),認知機能検査経過日数（当事者A）,認知機能検査経過日数（当事者B）,運転練習の方法（当事者A）,運転練習の方法（当事者B）
1,30,328,55,2,0,1,10200,0,112,2023,2,10,8,31,12,6,34,17,17,5,1,2,1,7,9,22,0,0,17,9,30,70,4,1,1,25,45,13,61,31,0,11,0,1,0,11,0,10,0,10,0,3,0,2,0,2,0,4,2,35.645091944444445,139.61809055555557,6,2,9999,0,1,0
1,30,328,56,2,0,1,200,163,112,2023,2,11,9,35,12,6,33,17,18,1,1,1,1,1,9,22,0,0,17,9,30,70,4,2,1,75,1,3,61,31,0,1,0,1,0,11,0,5,0,10,0,4,0,2,0,2,0,4,2,35.67086777777777,139.62194250000002,7,1,837,0,9,0
1,30,328,60,2,0,1,10210,0,112,2023,2,12,15,20,12,6,32,17,19,1,1,1,1,7,9,22,0,0,11,9,30,70,5,1,1,45,1,4,61,31,0,1,0,1,0,11,0,2,0,80,0,4,0,2,0,2,0,4,2,35.6171825,139.60903472222222,1,3,9999,0,9,0
1,30,328,64,2,0,1,30000,0,112,2023,2,14,23,16,22,6,30,17,21,1,1,1,14,7,0,0,0,0,3,9,1,70,5,3,1,45,45,13,61,31,0,11,0,1,0,11,0,3,0,10,0,4,0,2,0,2,0,4,2,35.63626722222222,139.6105125,3,3,9999,0,5,0
1,30,328,69,2,0,1,20230,0,112,2023,2,19,11,42,12,6,24,17,26,2,1,1,14,7,0,0,0,0,2,9,1,70,5,1,1,45,45,51,61,41,0,0,0,0,0,0,0,0,0,40,0,4,0,0,0,0,0,4,2,35.669423055555555,139.5915388888889,1,3,0,0,0,0
1,30,329,33,2,0,1,30000,0,110,2023,2,3,18,0,21,6,40,17,10,1,1,1,14,7,0,0,0,0,1,9,1,70,5,2,1,45,35,3,61,1,0,1,0,1,0,11,0,10,0,30,0,3,0,2,0,2,0,4,2,35.664076944444446,139.67723916666665,6,3,9999,0,1,0
1,30,329,34,2,0,1,30000,0,110,2023,2,3,19,0,22,6,40,17,10,1,1,1,14,7,0,0,0,0,2,9,1,70,5,3,1,45,55,3,61,1,0,1,0,1,0,11,0,10,0,40,0,3,0,2,0,2,0,4,2,35.650036388888886,139.69167305555555,6,3,9999,0,1,0
1,30,329,35,2,0,1,10160,0,110,2023,2,4,23,10,22,6,39,17,11,1,1,1,14,7,0,0,0,0,4,9,1,70,4,2,1,1,35,3,61,31,0,1,0,1,0,11,0,5,0,40,0,3,0,2,0,2,0,4,2,35.63627416666667,139.70606777777778,7,3,9999,0,1,0
1,30,329,42,2,0,1,30000,0,110,2023,2,14,18,30,22,6,30,17,21,1,1,1,14,7,0,0,0,0,1,9,1,70,5,3,1,45,45,3,61,31,0,1,0,1,0,11,0,2,0,40,0,3,0,2,0,2,0,4,2,35.645513333333334,139.68886944444444,3,3,9999,0,1,0
1,30,329,51,2,0,1,30000,0,110,2023,2,22,10,55,12,6,21,17,29,1,1,1,14,7,0,0,0,0,1,9,1,70,5,3,1,25,55,3,61,31,0,1,0,1,0,11,0,2,0,20,0,3,0,2,0,2,0,4,2,35.64433388888889,139.70245527777777,4,2,9999,0,1,0
1,30,329,54,2,0,1,30000,0,110,2023,2,24,13,41,12,6,18,17,31,1,1,1,1,7,9,22,0,0,11,9,30,70,5,3,1,65,45,3,61,31,0,1,0,1,0,11,0,1,0,70,0,3,0,2,0,2,0,4,2,35.647133333333336,139.69683833333335,6,3,9999,0,9,0
1,30,330,31,2,0,1,30000,0,110,2023,2,12,13,45,12,6,32,17,19,1,1,1,14,7,0,0,0,0,1,9,1,70,4,3,1,1,35,51,61,41,0,0,0,0,0,0,0,0,0,10,0,3,0,0,0,0,0,4,2,35.6092575,139.66544833333333,1,3,0,0,0,0
1,30,330,38,2,0,1,20210,0,110,2023,2,20,12,35,12,6,23,17,27,1,1,1,1,7,1,21,0,0,15,9,30,70,4,3,1,55,45,3,61,1,0,1,0,1,0,11,0,2,0,40,0,3,0,2,0,2,0,4,2,35.609948333333335,139.6699275,2,3,9999,0,9,0
1,30,331,34,2,0,1,10090,0,113,2023,2,2,11,0,12,6,41,17,9,1,1,1,14,7,0,0,0,0,2,9,1,70,5,1,1,75,75,52,61,41,0,0,0,0,0,0,0,0,0,10,0,3,0,0,0,0,0,4,2,35.654046666666666,139.7081086111111,5,3,0,0,0,0
1,30,331,37,2,0,1,30000,0,113,2023,2,5,18,45,22,6,38,17,12,1,1,1,14,7,0,0,0,0,1,9,1,70,5,4,1,25,1,14,61,31,0,11,0,1,0,11,0,10,0,10,0,4,0,2,0,2,0,4,2,35.66236111111111,139.69798277777778,1,3,9999,0,1,0
1,30,331,39,2,0,1,30000,0,113,2023,2,8,10,20,12,6,36,17,15,1,1,1,7,7,0,0,0,0,3,9,1,70,4,2,1,55,55,3,61,31,0,1,0,1,0,11,0,3,0,30,0,3,0,2,0,2,0,4,2,35.65855777777777,139.69240861111112,4,3,9999,0,9,0
1,30,331,44,2,0,1,10090,0,113,2023,2,14,21,50,22,6,30,17,21,1,1,1,1,1,9,22,0,0,19,9,30,70,1,1,1,45,25,3,61,31,0,1,0,1,0,11,0,4,0,10,0,3,0,2,0,2,0,4,2,35.65811305555555,139.70829527777778,3,3,9999,0,9,0
1,30,331,48,2,0,1,30240,0,113,2023,2,18,17,7,13,6,25,17,25,1,1,1,1,1,9,22,0,0,18,9,30,70,4,2,1,25,45,51,61,41,0,0,0,0,0,0,0,0,0,10,0,3,0,0,0,0,0,4,2,35.65015111111111,139.70277416666664,7,3,0,0,0,0
1,30,331,49,2,0,1,30000,0,113,2022,12,28,21,43,22,6,49,16,35,1,1,1,1,7,9,22,0,0,11,9,30,70,5,1,1,1,35,3,61,31,0,1,0,1,0,11,0,5,0,20,0,4,0,2,0,2,0,4,2,35.660961666666665,139.6979038888889,4,3,9999,0,9,0
1,30,331,51,2,0,1,20170,0,113,2023,2,24,19,50,22,6,18,17,31,3,1,2,1,1,9,22,0,0,19,9,30,70,1,3,1,65,25,3,61,31,0,1,0,1,0,11,0,5,0,20,0,4,0,2,0,2,0,4,2,35.65825972222222,139.70820138888888,6,3,9999,0,9,0
1,30,331,53,2,0,1,20000,0,113,2023,2,7,12,4,12,6,36,17,14,1,1,1,14,7,0,0,0,0,2,9,1,70,5,2,1,55,35,3,61,1,0,1,0,1,0,11,0,2,0,50,0,4,0,2,0,2,0,4,2,35.661680277777776,139.697775,3,3,9999,0,9,0
1,30,332,16,2,0,1,10090,0,113,2023,1,10,13,6,12,6,51,16,46,1,1,1,1,1,9,22,0,0,17,9,30,70,4,1,1,35,45,14,61,1,0,11,0,1,0,11,0,4,0,10,0,1,0,1,0,2,0,4,2,35.668252777777774,139.70529277777777,3,3,9999,0,9,0
1,30,332,18,2,0,1,10090,0,113,2023,2,1,18,45,22,6,41,17,8,1,1,1,1,1,9,22,0,0,18,9,30,70,1,1,1,55,1,3,61,1,0,1,0,1,0,11,0,4,0,20,0,3,0,2,0,2,0,4,2,35.678308055555554,139.7055447222222,4,3,9999,0,9,0
1,30,333,29,2,0,1,30250,0,113,2023,2,19,16,27,13,6,24,17,26,1,1,1,14,7,0,0,0,0,3,9,1,70,1,1,1,55,55,3,61,31,0,1,0,1,0,11,0,4,0,30,0,3,0,2,0,2,0,4,2,35.66829527777777,139.6936838888889,1,3,9999,0,9,0
1,30,333,30,2,0,1,30000,0,113,2023,2,9,10,25,12,6,35,17,16,1,1,1,14,7,0,0,0,0,4,9,1,70,4,2,1,25,45,31,61,31,0,0,0,0,0,11,0,10,0,40,0,3,0,0,0,0,0,4,2,35.66484472222222,139.69452444444445,5,3,9999,0,1,0
1,30,333,31,2,0,1,30000,0,113,2023,2,20,12,10,12,6,23,17,27,1,1,1,14,7,0,0,0,0,2,9,1,70,5,3,1,45,75,51,61,41,0,0,0,0,0,0,0,0,0,10,0,3,0,0,0,0,0,4,2,35.67307916666667,139.66721833333332,2,3,0,0,0,0
1,30,333,33,2,0,1,20330,0,113,2023,2,22,19,18,22,6,21,17,29,1,1,1,14,7,0,0,0,0,4,9,1,70,4,1,1,55,35,14,61,31,0,11,0,1,0,11,0,4,0,80,0,3,0,2,0,2,0,4,2,35.681397777777775,139.6809286111111,4,2,9999,0,9,0
1,30,333,34,2,0,1,30250,0,113,2023,2,23,17,20,13,6,19,17,30,1,1,1,14,2,0,0,0,0,5,9,1,70,3,1,1,45,25,34,61,31,0,0,0,0,0,11,0,4,0,40,0,3,0,0,0,0,0,4,2,35.672255,139.6911761111111,5,1,9999,0,9,0
1,30,333,35,2,0,1,30250,0,113,2023,2,24,22,15,22,6,18,17,31,2,1,2,14,2,0,0,0,0,4,9,1,70,3,2,1,55,35,3,61,1,0,1,0,1,0,11,0,4,0,10,0,2,0,2,0,2,0,4,2,35.67224694444444,139.69119361111112,6,3,9999,0,9,0
1,30,435,24,2,0,1,20290,0,104,2023,2,9,10,20,12,6,35,17,16,1,1,1,1,1,9,22,0,0,14,9,30,70,4,2,1,35,55,4,61,31,0,1,0,1,0,11,0,3,0,50,0,3,0,2,0,2,0,4,2,35.70216777777778,139.7381147222222,5,3,9999,0,1,0
1,30,435,32,2,0,1,30280,0,104,2023,2,20,19,3,22,6,23,17,27,1,1,1,1,7,1,21,0,0,14,9,30,70,5,2,1,65,55,14,61,31,0,11,0,1,0,11,0,2,0,80,0,3,0,2,0,2,0,4,2,35.697075,139.73453444444442,2,3,9999,0,9,0
1,30,436,27,2,0,1,30000,0,104,2023,2,2,17,15,21,6,41,17,9,1,1,1,7,1,0,0,0,0,3,9,1,70,5,2,1,45,1,36,61,31,0,0,0,0,0,11,0,1,0,10,0,4,0,0,0,0,0,4,2,35.69483555555555,139.7061211111111,5,3,9999,0,1,0
1,30,436,28,2,0,1,30000,0,104,2023,2,10,0,0,22,6,34,17,17,1,1,1,14,7,0,0,0,0,4,9,1,70,5,3,1,1,25,3,61,31,0,1,0,1,0,11,0,2,0,10,0,4,0,2,0,2,0,4,2,35.69405055555555,139.70259277777777,6,2,9999,0,5,0
1,30,436,30,2,0,1,30000,0,104,2023,1,16,2,32,22,6,50,16,51,3,1,2,14,7,0,0,0,0,2,9,1,70,5,3,1,65,35,3,61,1,0,1,0,1,0,11,0,2,0,20,0,4,0,2,0,2,0,4,2,35.69586555555555,139.70352388888887,2,3,9999,0,5,0
1,30,436,34,2,0,1,30290,0,104,2023,2,14,19,55,22,6,30,17,21,1,1,1,1,1,9,22,0,0,15,9,30,70,5,2,1,55,25,3,61,1,0,1,0,1,0,11,0,1,0,12,0,4,0,2,0,2,0,4,2,35.70194027777778,139.6951913888889,3,3,9999,0,9,0
1,30,436,38,2,0,1,30000,0,104,2023,2,11,3,30,22,6,33,17,18,1,1,1,7,8,0,0,0,0,5,9,1,70,1,2,1,25,25,3,61,31,0,1,0,1,0,11,0,1,0,10,0,4,0,2,0,2,0,4,2,35.6980325,139.69756333333333,7,1,9999,0,1,0
1,30,436,40,2,0,1,30000,0,104,2023,2,26,23,52,22,6,16,17,33,1,1,1,14,1,0,0,0,0,4,9,1,70,4,2,1,65,45,3,61,1,0,1,0,2,0,11,0,3,0,50,0,3,0,2,0,2,0,4,2,35.693347777777774,139.70354055555555,1,3,9999,0,9,0
1,30,437,26,2,0,1,30000,0,104,2023,1,28,13,15,12,6,44,17,4,1,1,1,1,7,9,22,0,0,11,9,30,70,4,3,1,35,1,3,61,31,0,1,0,1,0,11,0,2,0,40,0,3,0,2,0,2,0,4,2,35.71929527777778,139.67890277777778,7,3,9999,0,1,0
1,30,437,27,2,0,1,10160,0,104,2023,2,2,19,28,22,6,41,17,9,2,1,1,1,1,9,22,0,0,19,9,30,70,1,2,1,55,35,13,61,31,0,11,0,1,0,11,0,5,0,10,0,3,0,2,0,2,0,4,2,35.71922666666667,139.689315,5,3,9999,0,9,0
1,30,437,31,2,0,1,10220,0,114,2023,2,16,14,3,12,6,27,17,23,1,1,1,14,7,0,0,0,0,4,9,1,70,4,2,1,25,55,3,61,31,0,1,0,1,0,11,0,3,0,80,0,4,0,2,0,2,0,4,2,35.71020361111111,139.69311833333333,5,3,9999,0,1,0
1,30,437,32,2,0,1,30000,0,104,2023,2,17,17,45,21,6,26,17,24,1,1,1,1,7,9,22,0,0,14,3,30,70,5,2,1,75,1,3,61,31,0,1,0,1,0,11,0,1,0,50,0,4,0,2,0,2,0,4,2,35.70781361111111,139.6975852777778,6,3,184,0,9,0
1,30,437,35,2,0,1,30000,0,104,2023,2,25,18,15,21,6,17,17,32,2,1,1,14,7,0,0,0,0,1,7,1,70,5,4,1,35,25,3,61,31,0,1,0,1,0,11,0,10,0,20,0,3,0,2,0,2,0,4,2,35.71087444444445,139.70379722222222,7,3,9999,0,9,0
1,30,437,37,2,0,1,30000,0,104,2023,2,27,7,50,12,6,14,17,34,1,1,1,13,1,0,0,0,0,3,3,1,70,4,2,1,45,65,13,61,31,0,11,0,1,0,11,0,2,0,20,0,3,0,2,0,2,0,4,2,35.720304722222224,139.6751422222222,2,3,9999,0,1,0
1,30,437,39,2,0,1,10160,0,104,2023,2,27,21,41,22,6,14,17,34,1,1,1,1,1,9,22,0,0,18,9,30,70,1,1,1,55,45,3,61,31,0,1,0,1,0,11,0,4,0,20,0,3,0,2,0,2,0,4,2,35.718829444444445,139.68910805555555,2,3,9999,0,9,0
1,30,438,21,2,0,1,10090,0,104,2023,1,26,5,35,22,6,46,17,2,1,1,1,7,7,0,0,0,0,5,9,1,70,4,2,1,1,25,13,61,31,0,11,0,1,0,11,0,10,0,10,0,2,0,2,0,2,0,4,2,35.69042194444444,139.7046211111111,5,3,9999,0,1,0
1,30,438,24,2,0,1,30000,0,104,2023,2,4,13,45,12,6,39,17,11,1,1,1,14,7,0,0,0,0,1,9,1,70,5,4,1,45,65,35,61,31,0,0,0,0,0,11,0,10,0,10,0,4,0,0,0,0,0,4,2,35.68832888888888,139.72129777777778,7,3,9999,0,5,0
1,30,438,28,2,0,1,30000,0,104,2023,1,25,20,5,22,6,46,17,1,1,1,1,1,7,9,22,0,0,14,9,30,70,4,2,1,45,25,14,61,1,0,11,0,1,0,11,0,10,0,30,0,3,0,2,0,2,0,4,2,35.69191444444444,139.7253386111111,4,3,9999,0,9,0
1,30,438,35,2,0,1,10120,0,104,2023,2,27,18,19,21,6,14,17,34,1,1,1,14,7,0,0,0,0,5,9,1,70,4,1,1,1,35,51,61,41,0,0,0,0,0,0,0,0,0,10,0,4,0,0,0,0,0,4,2,35.687395277777775,139.72043250000002,2,3,0,0,0,0
1,30,439,34,2,0,1,30000,0,114,2023,2,13,16,7,12,6,31,17,20,3,1,2,14,7,0,0,0,0,2,9,1,1,5,3,1,65,35,3,61,31,0,1,0,1,0,11,0,2,0,40,0,4,0,2,0,2,0,4,2,35.69562416666666,139.68590416666666,2,3,9999,0,9,0
1,30,440,18,2,0,1,30000,0,114,2022,11,14,10,30,12,6,15,16,35,1,1,1,1,7,9,22,0,0,11,9,30,70,5,3,1,65,55,14,61,31,0,11,0,1,0,11,0,2,0,50,0,4,0,2,0,2,0,4,2,35.72028388888889,139.63305333333335,2,3,9999,0,9,0
1,30,440,26,2,0,1,30000,0,114,2023,2,9,22,10,22,6,35,17,16,1,1,1,1,7,9,22,0,0,15,9,30,70,5,1,1,55,25,3,61,1,0,1,0,1,0,11,0,10,0,10,0,3,0,2,0,2,0,4,2,35.71851527777778,139.65386416666666,5,3,9999,0,9,0
1,30,440,28,2,0,1,10220,0,114,2023,2,15,7,50,12,6,29,17,22,1,1,1,14,1,0,0,0,0,2,9,1,70,4,2,1,1,55,51,61,41,0,0,0,0,0,0,0,0,0,10,0,4,0,0,0,0,0,4,2,35.71046833333334,139.64723444444445,4,3,0,0,0,0
1,30,440,39,2,0,1,30000,0,114,2023,2,27,10,0,12,6,14,17,34,1,1,1,14,7,0,0,0,0,3,9,1,70,4,3,1,75,45,3,61,31,0,1,0,1,0,11,0,2,0,40,0,4,0,2,0,2,0,4,2,35.727563611111115,139.66430916666667,2,3,556,0,9,0
1,30,441,30,2,0,1,30000,0,115,2023,2,5,19,17,22,6,38,17,12,1,1,1,14,7,0,0,0,0,2,9,1,70,5,3,1,65,25,3,61,31,0,1,0,1,0,11,0,1,0,80,0,3,0,2,0,2,0,4,2,35.69849388888888,139.6368586111111,1,3,9999,0,9,0
1,30,441,33,2,0,1,10130,0,115,2023,2,8,19,52,22,6,36,17,15,3,1,2,1,1,9,22,0,0,17,9,30,70,1,2,1,45,35,14,61,31,0,11,0,1,0,11,0,4,0,10,0,3,0,2,0,2,0,4,2,35.70123944444445,139.65481722222222,4,3,9999,0,9,0
1,30,441,37,2,0,1,99000,0,115,2023,2,19,0,5,22,6,24,17,26,1,1,1,0,7,0,0,0,0,0,0,20,70,0,4,1,25,35,3,61,31,0,1,0,1,0,11,0,10,0,10,0,4,0,2,0,2,0,4,2,35.690599444444445,139.62510111111112,1,3,9999,0,1,0
1,30,441,38,2,0,1,95000,0,115,2023,2,21,12,50,12,6,22,17,28,1,1,1,14,7,0,0,0,0,2,9,1,70,5,3,1,55,55,14,61,1,0,11,0,1,0,11,0,1,0,10,0,4,0,2,0,2,0,4,2,35.70671,139.63594638888887,3,3,9999,0,9,0
1,30,441,39,2,0,1,10240,0,115,2023,2,21,8,45,12,6,22,17,28,1,1,1,1,1,9,22,0,0,14,9,30,70,4,2,1,35,35,51,61,41,0,0,0,0,0,0,0,0,0,20,0,3,0,0,0,0,0,4,2,35.697966666666666,139.6581263888889,3,3,0,0,0,0
1,30,442,36,2,0,1,30000,0,115,2023,2,8,13,9,12,6,36,17,15,2,1,1,14,7,0,0,0,0,3,9,1,70,5,4,1,55,1,35,61,31,0,0,0,0,0,11,0,1,0,10,0,3,0,0,0,0,0,4,2,35.68771638888889,139.61632944444443,4,3,9999,0,9,0
1,30,442,37,2,0,1,20270,0,115,2023,2,10,10,30,12,6,34,17,17,5,1,4,1,1,9,22,0,0,15,9,30,70,4,2,1,45,35,3,61,31,0,1,0,1,0,11,0,3,0,10,0,4,0,2,0,2,0,4,2,35.68341472222222,139.6296927777778,6,2,9999,0,1,0
1,30,442,38,2,0,1,10200,0,115,2023,2,10,21,36,22,6,34,17,17,3,1,2,1,1,0,0,0,0,18,9,30,70,1,2,1,45,0,61,0,0,0,0,0,0,0,0,0,0,0,0,0,0,0,0,0,0,0,2,0,35.69268833333333,139.61684916666667,6,2,0,0,0,0
1,30,442,41,2,0,1,200,152,115,2023,2,16,7,27,12,6,27,17,23,1,1,1,14,7,0,0,0,0,5,9,1,70,1,1,1,45,45,51,61,41,0,0,0,0,0,0,0,0,0,10,0,3,0,0,0,0,0,4,2,35.66924611111111,139.63342916666667,5,3,0,0,0,0
1,30,443,22,2,0,1,30000,0,115,2023,2,10,11,18,12,6,34,17,17,5,1,4,7,7,0,0,0,0,2,6,1,70,5,3,1,25,25,52,61,41,0,0,0,0,0,0,0,0,0,10,0,4,0,0,0,0,0,4,2,35.7076075,139.62368333333333,6,2,0,0,0,0
1,30,443,24,2,0,1,10200,0,115,2023,2,15,12,55,12,6,29,17,22,1,1,1,1,1,9,22,0,0,17,9,30,70,1,2,1,65,65,14,61,1,0,11,0,1,0,11,0,3,0,10,0,4,0,2,0,2,0,4,2,35.72340722222222,139.61416333333332,4,3,9999,0,9,0
1,30,443,28,2,0,1,30000,0,115,2023,2,19,18,50,22,6,24,17,26,1,1,1,14,7,0,0,0,0,1,9,1,70,4,2,1,45,55,51,61,41,0,0,0,0,0,0,0,0,0,10,0,3,0,0,0,0,0,4,2,35.72358805555556,139.62415777777778,1,3,0,0,0,0
1,30,443,30,2,0,1,10240,0,115,2023,2,23,1,45,22,6,19,17,30,1,1,1,7,1,0,0,0,0,5,9,1,70,4,1,1,65,45,3,61,1,0,1,0,1,0,11,0,5,0,10,0,3,0,2,0,2,0,4,2,35.70526944444445,139.62056833333335,5,1,9999,0,9,0
1,30,443,32,2,0,1,30000,0,115,2023,2,26,15,35,12,6,16,17,33,1,1,1,1,7,1,21,0,0,14,9,30,70,4,2,1,55,75,3,61,31,0,1,0,1,0,11,0,3,0,50,0,3,0,2,0,2,0,4,2,35.71089805555556,139.6018222222222,1,3,9999,0,1,0
1,30,545,6,2,0,1,10100,0,105,2023,2,10,10,26,12,6,34,17,17,5,1,2,1,1,9,22,0,0,17,9,30,70,5,2,1,45,75,4,61,31,0,1,0,1,0,11,0,10,0,10,0,3,0,2,0,2,0,4,2,35.72600361111111,139.74580805555553,6,2,9999,0,1,0
1,30,545,8,2,0,1,30000,0,105,2023,2,27,18,20,21,6,14,17,34,1,1,1,14,7,0,0,0,0,4,9,1,70,4,1,1,65,75,14,61,1,0,11,0,1,0,11,0,3,0,10,0,3,0,2,0,2,0,4,2,35.712159166666666,139.7513788888889,2,3,9999,0,9,0
1,30,546,8,2,0,1,20370,0,105,2023,2,6,16,3,12,6,37,17,13,1,1,1,7,7,0,0,0,0,6,7,1,70,4,1,1,45,45,13,61,1,0,11,0,1,0,11,0,3,0,40,0,4,0,2,0,2,0,4,2,35.72159777777778,139.73277055555556,2,3,9999,0,9,0
1,30,546,11,2,0,1,95000,0,105,2023,2,27,14,0,12,6,14,17,34,1,1,1,0,7,0,0,0,0,0,0,20,70,0,4,1,35,1,13,61,31,0,11,0,1,0,11,0,10,0,40,0,4,0,2,0,2,0,4,2,35.72076,139.72676361111112,2,3,9999,0,3,0
1,30,547,7,2,0,1,95000,0,105,2023,2,3,7,50,12,6,40,17,10,2,1,1,14,7,0,0,0,0,1,9,1,70,5,2,1,25,45,51,61,41,0,0,0,0,0,0,0,0,0,10,0,3,0,0,0,0,0,4,2,35.7122625,139.764925,6,3,0,0,0,0
1,30,547,8,2,0,1,30000,0,105,2023,2,6,11,0,12,6,37,17,13,1,1,1,1,1,9,22,0,0,14,9,30,70,5,2,1,45,65,51,61,41,0,0,0,0,0,0,0,0,0,10,0,4,0,0,0,0,0,4,2,35.70727611111111,139.77215527777778,2,3,0,0,0,0
1,30,548,6,2,0,1,30000,0,105,2023,2,15,18,15,21,6,29,17,22,1,1,1,14,7,0,0,0,0,2,7,1,70,5,3,1,35,0,61,0,0,0,0,0,0,0,0,0,0,0,0,0,0,0,0,0,0,0,2,0,35.73253638888889,139.75546305555557,4,3,0,0,0,0
1,30,549,9,2,0,1,170,82,116,2023,2,9,5,35,23,6,35,17,16,1,1,1,14,1,0,0,0,0,4,9,1,70,1,2,1,45,45,13,61,31,0,11,0,1,0,11,0,5,0,10,0,3,0,2,0,2,0,4,2,35.7424275,139.72968111111112,5,3,9999,0,9,0
1,30,549,15,2,0,1,30000,0,116,2023,2,20,19,55,22,6,23,17,27,1,1,1,14,7,0,0,0,0,2,9,1,70,5,2,1,1,45,51,61,41,0,0,0,0,0,0,0,0,0,10,0,3,0,0,0,0,0,4,2,35.739045833333336,139.7480633333333,2,3,0,0,0,0
1,30,549,19,2,0,1,30000,0,116,2023,2,9,20,10,22,6,35,17,16,1,1,1,14,7,0,0,0,0,2,9,1,70,4,3,1,1,45,51,61,41,0,0,0,0,0,0,0,0,0,10,0,3,0,0,0,0,0,4,2,35.73563055555556,139.73503444444444,5,3,0,0,0,0
1,30,549,20,2,0,1,2540,34,116,2023,2,20,10,32,12,6,23,17,27,1,1,1,1,1,9,22,0,0,14,9,30,70,4,2,1,55,65,13,61,31,0,11,0,1,0,11,0,2,0,40,0,4,0,2,0,2,0,4,2,35.74158416666667,139.7308625,2,3,9999,0,9,0
1,30,550,16,2,0,1,30000,0,116,2022,11,16,9,45,12,6,17,16,34,1,1,1,1,1,9,22,0,0,17,9,30,70,4,2,1,1,1,3,61,31,0,1,0,1,0,11,0,10,0,20,0,3,0,2,0,2,0,4,2,35.73139861111111,139.70627833333333,4,3,9999,0,1,0
1,30,550,18,2,0,1,30000,0,116,2023,1,18,12,2,12,6,49,16,53,1,1,1,14,7,0,0,0,0,1,9,1,70,5,3,1,35,0,61,0,0,0,0,0,0,0,0,0,0,0,0,0,0,0,0,0,0,0,2,0,35.72644583333334,139.7024061111111,4,3,0,0,0,0
1,30,550,19,2,0,1,30000,0,116,2023,1,25,17,41,21,6,46,17,1,1,1,1,14,7,0,0,0,0,2,9,1,70,5,3,1,25,25,3,61,31,0,1,0,1,0,11,0,10,0,40,0,4,0,2,0,2,0,4,2,35.73596361111111,139.71048138888887,4,3,9999,0,1,0
1,30,550,21,2,0,1,30000,0,116,2023,2,4,11,42,12,6,39,17,11,1,1,1,7,7,0,0,0,0,1,9,1,70,5,3,1,1,0,61,0,0,0,0,0,0,0,0,0,0,0,0,0,0,0,0,0,0,0,2,0,35.733045000000004,139.70567138888887,7,3,0,0,0,0
1,30,550,22,2,0,1,30000,0,116,2023,2,5,9,10,12,6,38,17,12,1,1,1,1,7,1,22,0,0,15,9,30,70,5,2,1,25,25,3,61,31,0,1,0,1,0,11,0,5,0,20,0,4,0,2,0,2,0,4,2,35.73167333333333,139.71121666666664,1,3,9999,0,1,0
1,30,550,24,2,0,1,30000,0,116,2023,2,8,13,43,12,6,36,17,15,2,1,1,14,7,0,0,0,0,1,9,1,70,4,3,1,75,55,52,61,41,0,0,0,0,0,0,0,0,0,40,0,4,0,0,0,0,0,4,2,35.7275975,139.7089836111111,4,3,0,0,0,0
1,30,550,27,2,0,1,30000,0,116,2023,2,11,11,30,12,6,33,17,18,1,1,1,14,7,0,0,0,0,2,9,1,70,5,3,1,45,25,3,61,31,0,1,0,1,0,11,0,10,0,20,0,3,0,2,0,2,0,4,2,35.72969722222222,139.71533305555553,7,1,9999,0,9,0
1,30,550,29,2,0,1,30000,0,116,2023,1,28,18,3,21,6,44,17,4,1,1,1,14,7,0,0,0,0,2,9,1,70,5,3,1,45,1,14,61,1,0,11,0,1,0,11,0,2,0,30,0,4,0,2,0,2,0,4,2,35.732261666666666,139.7138936111111,7,3,9999,0,5,0
1,30,550,35,2,0,1,30770,0,116,2023,2,24,13,28,12,6,18,17,31,2,1,1,14,7,0,0,0,0,5,9,1,70,1,1,1,55,45,13,61,1,0,11,0,1,0,11,0,3,0,30,0,4,0,2,0,2,0,4,2,35.73358694444445,139.7092536111111,6,3,9999,0,9,0
1,30,551,26,2,0,1,10090,0,116,2023,2,20,18,15,21,6,23,17,27,1,1,1,1,1,9,22,0,0,15,9,30,70,1,2,1,55,25,34,61,31,0,0,0,0,0,11,0,5,0,10,0,3,0,0,0,0,0,4,2,35.727960555555555,139.71207166666665,2,3,9999,0,9,0
1,30,552,19,2,0,1,30000,0,117,2023,2,6,13,30,12,6,37,17,13,1,1,1,14,7,0,0,0,0,2,9,1,70,5,4,1,25,1,17,61,1,0,11,0,1,0,11,0,10,0,60,0,4,0,2,0,2,0,4,2,35.743453055555555,139.75029055555555,2,3,9999,0,1,0