資料区分,都道府県コード,警察署等コード,本票番号,事故内容,死者数,負傷者数,路線コード,地点コード,市区町村コード,発生日時　　年,発生日時　　月,発生日時　　日,発生日時　　時,発生日時　　分,昼夜,日の出時刻　　時,日の出時刻　　分,日の入り時刻　　時,日の入り時刻　　分,天候,地形,路面状態,道路形状,信号機,一時停止規制　標識（当事者A）,一時停止規制　表示（当事者A）,一時停止規制　標識（当事者B）,一時停止規制　表示（当事者B）,車道幅員,道路線形,衝突地点,ゾーン規制,中央分離帯施設等,歩車道区分,事故類型,年齢（当事者A）,年齢（当事者B）,当事者種別（当事者A）,当事者種別（当事者B）,用途別（当事者A）,用途別（当事者B）,車両形状等（当事者A）,車両形状等（当事者B）,オートマチック車（当事者A）,オートマチック車（当事者B）,サポカー（当事者A）,サポカー（当事者B）,速度規制（指定のみ）（当事者A）,速度規制（指定のみ）（当事者B）,車両の衝突部位（当事者A）,車両の衝突部位（当事者B）,車両の損壊程度（当事者A）,車両の損壊程度（当事者B）,エアバッグの装備（当事者A）,エアバッグの装備（当事者B）,サイドエアバッグの装備（当事者A）,サイドエアバッグの装備（当事者B）,人身損傷程度（当事者A）,人身損傷程度（当事者B）,lat,lon,曜日(発生年月日),祝日(発生年月日),認知機能検査経過日数（当事者A）,認知機能検査経過日数（当事者B）,運転練習の方法（当事者A）,運転練習の方法（当事者B）
1,30,552,29,2,0,1,10090,0,117,2023,2,24,0,50,22,6,18,17,31,2,1,1,7,7,0,0,0,0,1,9,1,70,5,1,1,1,25,52,61,41,0,0,0,0,0,0,0,0,0,10,0,3,0,0,0,0,0,4,2,35.740522222222225,139.7662897222222,6,3,0,0,0,0
1,30,553,20,2,0,1,30000,0,117,2023,2,2,13,7,12,6,41,17,9,1,1,1,14,7,0,0,0,0,2,9,1,70,5,3,1,55,35,4,61,31,0,1,0,1,0,11,0,10,0,10,0,3,0,2,0,2,0,4,2,35.75884111111111,139.7386586111111,5,3,9999,0,9,0
1,30,553,22,2,0,1,20450,0,117,2023,1,19,17,50,21,6,49,16,54,1,1,1,1,7,9,22,0,0,14,9,30,70,4,2,1,55,35,13,61,31,0,11,0,1,0,11,0,3,0,10,0,3,0,2,0,2,0,4,2,35.758407222222225,139.72893611111112,5,3,9999,0,9,0
1,30,553,23,2,0,1,10130,0,117,2023,2,6,8,35,12,6,37,17,13,1,1,1,14,7,0,0,0,0,1,9,1,70,5,2,1,25,35,51,61,41,0,0,0,0,0,0,0,0,0,10,0,4,0,0,0,0,0,4,2,35.76778083333333,139.7276125,2,3,0,0,0,0
1,30,554,20,2,0,1,30000,0,117,2022,12,8,13,5,12,6,38,16,28,1,1,1,14,7,0,0,0,0,4,9,1,70,5,1,1,55,0,61,0,0,0,0,0,0,0,0,0,0,0,0,0,0,0,0,0,0,0,2,0,35.77903861111111,139.7202211111111,5,3,0,0,0,0
1,30,554,25,2,0,1,30000,0,117,2023,2,6,11,55,12,6,37,17,13,1,1,1,1,7,1,21,0,0,15,9,30,70,5,1,1,45,45,3,61,31,0,1,0,1,0,11,0,2,0,50,0,3,0,2,0,2,0,4,2,35.77789222222222,139.71397249999998,2,3,9999,0,4,0
1,30,554,32,2,0,1,30000,0,117,2023,2,15,16,50,13,6,29,17,22,1,1,1,1,7,1,21,0,0,15,9,30,1,5,2,1,35,75,51,61,41,0,0,0,0,0,0,0,0,0,10,0,3,0,0,0,0,0,4,2,35.77782861111111,139.7294025,4,3,0,0,0,0
1,30,554,35,2,0,1,20000,0,117,2023,2,23,13,45,12,6,19,17,30,1,1,1,14,7,0,0,0,0,3,9,1,70,4,1,1,1,45,51,61,41,0,0,0,0,0,0,0,0,0,10,0,3,0,0,0,0,0,4,2,35.77882388888889,139.71360277777777,5,1,0,0,0,0
1,30,555,49,2,0,1,30000,0,119,2023,2,10,17,45,21,6,34,17,17,3,1,2,1,1,9,22,0,0,11,9,30,70,4,2,1,45,75,14,61,31,0,11,0,1,0,11,0,5,0,10,0,4,0,2,0,2,0,4,2,35.746720555555555,139.71760472222223,6,2,9999,0,9,0
1,30,555,55,2,0,1,30000,0,119,2023,2,14,16,25,13,6,30,17,21,1,1,1,14,7,0,0,0,0,1,9,1,1,5,3,1,55,65,3,61,31,0,1,0,1,0,11,0,2,0,40,0,3,0,2,0,2,0,4,2,35.75382361111111,139.68354277777777,3,3,9999,0,9,0
1,30,555,62,2,0,1,30000,0,119,2023,2,24,7,20,12,6,18,17,31,1,1,1,1,1,9,22,0,0,15,9,30,70,4,3,1,25,75,51,61,41,0,0,0,0,0,0,0,0,0,10,0,4,0,0,0,0,0,4,2,35.76178055555555,139.6751297222222,6,3,0,0,0,0
1,30,555,66,2,0,1,10160,0,119,2023,2,28,15,10,12,6,13,17,35,1,1,1,1,1,9,22,0,0,18,9,30,70,1,2,1,1,65,14,61,31,0,11,0,1,0,11,0,5,0,50,0,3,0,2,0,2,0,4,2,35.73862888888889,139.70382916666665,3,3,9999,0,1,0
1,30,556,32,2,0,1,30000,0,119,2023,2,12,16,45,13,6,32,17,19,2,1,1,14,7,0,0,0,0,2,9,1,70,5,3,1,55,1,3,61,31,0,1,0,1,0,11,0,2,0,10,0,4,0,2,0,2,0,4,2,35.774657222222224,139.69006833333333,1,3,9999,0,9,0
1,30,556,41,2,0,1,30000,0,119,2023,2,18,14,5,12,6,25,17,25,1,1,1,1,7,9,22,0,0,14,9,30,70,5,3,1,65,1,3,61,31,0,1,0,1,0,11,0,2,0,20,0,3,0,2,0,2,0,4,2,35.76889805555555,139.67769277777776,7,3,9999,0,9,0
1,30,556,45,2,0,1,30000,0,119,2023,2,21,15,10,12,6,22,17,28,1,1,1,14,7,0,0,0,0,2,9,1,70,5,3,1,45,1,35,61,31,0,0,0,0,0,11,0,2,0,40,0,3,0,0,0,0,0,4,2,35.780410833333335,139.70076583333332,3,3,9999,0,4,0
1,30,557,33,2,0,1,30000,0,120,2023,2,8,18,26,22,6,36,17,15,3,1,2,1,1,9,22,0,0,14,9,30,70,4,2,1,45,65,4,61,31,0,1,0,1,0,11,0,2,0,10,0,3,0,2,0,2,0,4,2,35.74458333333333,139.63449111111112,4,3,9999,0,9,0
1,30,557,37,2,0,1,30000,0,120,2023,1,31,8,45,12,6,42,17,7,1,1,1,14,7,0,0,0,0,3,9,1,70,5,3,1,55,65,13,61,31,0,11,0,2,0,11,0,10,0,20,0,3,0,2,0,2,0,4,2,35.75136972222222,139.66771333333332,3,3,9999,0,9,0
1,30,557,38,2,0,1,30000,0,120,2023,2,20,12,25,12,6,23,17,27,1,1,1,14,7,0,0,0,0,2,9,1,70,5,3,1,75,55,3,61,31,0,1,0,1,0,11,0,1,0,40,0,4,0,2,0,2,0,4,2,35.73936833333333,139.66675416666666,2,3,952,0,9,0
1,30,557,44,2,0,1,30000,0,120,2023,2,28,18,30,21,6,13,17,35,1,1,1,14,7,0,0,0,0,2,9,1,70,5,3,1,1,75,13,61,31,0,11,0,1,0,11,0,2,0,10,0,3,0,2,0,2,0,4,2,35.735173055555556,139.67189055555554,3,3,9999,0,9,0
1,30,557,45,2,0,1,30000,0,120,2023,2,14,18,20,21,6,30,17,21,1,1,1,1,1,9,22,0,0,15,9,30,70,4,3,1,45,1,17,61,31,0,11,0,1,0,11,0,2,0,50,0,3,0,2,0,2,0,4,2,35.752030833333336,139.67272666666665,3,3,9999,0,1,0
1,30,558,40,2,0,1,30000,0,120,2023,2,13,18,15,21,6,31,17,20,1,1,2,7,7,0,0,0,0,3,8,1,70,4,3,1,25,65,36,61,31,0,0,0,0,0,11,0,2,0,10,0,3,0,0,0,0,0,4,2,35.72693833333334,139.57293833333333,2,3,9999,0,1,0
1,30,558,43,2,0,1,30000,0,120,2023,2,15,8,4,12,6,29,17,22,1,1,1,14,7,0,0,0,0,3,9,1,70,5,3,1,55,1,3,61,31,0,1,0,1,0,11,0,2,0,21,0,3,0,2,0,2,0,4,2,35.72184055555556,139.59153777777777,4,3,9999,0,9,0
1,30,558,53,2,0,2,30000,0,120,2023,2,28,6,0,23,6,13,17,35,1,1,1,14,1,0,0,0,0,2,9,1,70,4,1,1,45,75,34,61,31,0,0,0,0,0,11,0,3,0,10,0,2,0,0,0,0,0,2,2,35.737879444444445,139.5988886111111,3,3,9999,0,9,0
1,30,558,55,2,0,1,30000,0,120,2023,1,9,19,6,22,6,51,16,45,1,1,1,1,1,9,22,0,0,18,8,30,70,5,1,1,35,45,51,61,41,0,0,0,0,0,0,0,0,0,0,0,4,0,0,0,0,0,4,2,35.75062472222222,139.5926938888889,2,1,0,0,0,0
1,30,558,56,2,0,1,10320,0,120,2023,2,26,16,20,12,6,16,17,33,1,1,1,14,7,0,0,0,0,4,9,1,70,5,1,1,55,55,4,61,31,0,1,0,1,0,11,0,2,0,40,0,3,0,2,0,2,0,4,2,35.74422083333334,139.60426305555555,1,3,9999,0,9,0
1,30,559,19,2,0,1,95000,0,119,2023,2,16,7,15,11,6,27,17,23,1,1,1,0,7,0,0,0,0,0,0,20,70,0,4,1,45,35,35,61,31,0,0,0,0,0,11,0,10,0,10,0,3,0,0,0,0,0,4,2,35.77111416666666,139.63592749999998,5,3,9999,0,5,0
1,30,559,21,2,0,1,30000,0,119,2023,2,17,19,5,22,6,26,17,24,1,1,1,1,7,9,22,0,0,17,9,30,70,5,3,1,55,55,5,61,31,0,1,0,1,0,11,0,5,0,10,0,3,0,2,0,2,0,4,2,35.78080333333333,139.63600138888887,6,3,9999,0,1,0
1,30,560,22,2,0,1,30000,0,120,2023,2,8,15,45,12,6,36,17,15,2,1,1,1,7,2,21,0,0,14,9,30,70,4,1,1,55,45,3,61,31,0,1,0,1,0,11,0,3,0,10,0,4,0,2,0,2,0,4,2,35.7516675,139.61719944444445,4,3,9999,0,9,0
1,30,560,30,2,0,1,95000,0,120,2023,2,17,12,18,12,6,26,17,24,1,1,1,1,1,9,22,0,0,18,9,30,70,1,2,1,55,25,3,61,31,0,1,0,1,0,11,0,4,0,40,0,3,0,2,0,2,0,4,2,35.7637625,139.6538336111111,6,3,9999,0,9,0
1,30,660,20,2,0,1,20080,0,105,2023,2,12,11,0,12,6,32,17,19,1,1,1,7,1,0,0,0,0,1,9,1,70,4,2,1,55,1,4,61,31,0,1,0,1,0,11,0,4,0,20,0,3,0,2,0,2,0,4,2,35.70652861111111,139.76994111111114,1,3,9999,0,9,0
1,30,661,12,2,0,1,10300,0,106,2023,2,2,5,57,23,6,41,17,9,1,1,1,1,7,1,21,0,0,17,9,30,70,5,1,1,35,1,17,61,1,0,11,0,2,0,11,0,3,0,10,0,3,0,2,0,2,0,4,2,35.71991416666667,139.78347472222222,5,3,9999,0,5,0
1,30,662,20,2,0,1,20560,0,106,2023,2,10,21,30,22,6,34,17,17,3,1,2,1,3,9,22,0,0,17,9,30,70,6,2,1,45,55,3,61,31,0,1,0,1,0,11,0,4,0,80,0,4,0,2,0,2,0,4,2,35.71861972222222,139.79274583333333,6,2,9999,0,1,0
1,30,662,22,2,0,1,30000,0,106,2023,2,12,11,45,12,6,32,17,19,1,1,1,1,7,1,21,0,0,14,9,30,70,4,3,1,35,55,3,61,31,0,1,0,1,0,11,0,10,0,80,0,4,0,2,0,2,0,4,2,35.717153333333336,139.80000222222225,1,3,9999,0,1,0
1,30,662,24,2,0,1,10300,0,106,2023,2,10,21,5,22,6,34,17,17,3,1,2,1,1,9,22,0,0,18,9,30,70,4,2,1,65,45,3,61,1,0,1,0,1,0,11,0,4,0,50,0,4,0,2,0,2,0,4,2,35.71646361111112,139.79612194444445,6,2,9999,0,9,0
1,30,662,26,2,0,1,10300,0,106,2023,2,14,18,15,21,6,30,17,21,1,1,1,1,1,9,22,0,0,19,9,30,70,4,2,1,55,1,3,61,31,0,1,0,1,0,11,0,3,0,50,0,4,0,2,0,2,0,4,2,35.71801527777778,139.78933722222223,3,3,9999,0,9,0
1,30,663,25,2,0,1,30000,0,106,2023,2,8,11,50,12,6,36,17,15,1,1,1,7,7,0,0,0,0,2,9,1,70,5,2,1,65,35,3,61,31,0,1,0,1,0,11,0,2,0,40,0,4,0,2,0,2,0,4,2,35.69743444444444,139.78560222222222,4,3,9999,0,9,0
1,30,665,12,2,0,1,30000,0,118,2023,2,25,15,20,12,6,17,17,32,2,1,1,1,7,9,22,0,0,18,9,30,70,5,1,1,65,55,3,61,31,0,1,0,1,0,11,0,2,0,10,0,4,0,2,0,2,0,4,2,35.73311666666667,139.79862666666668,7,3,9999,0,1,0
1,30,666,14,2,0,1,30000,0,118,2023,2,1,6,32,23,6,41,17,8,1,1,1,1,7,1,21,0,0,11,9,30,70,5,2,1,65,55,13,61,31,0,11,0,1,0,11,0,2,0,50,0,3,0,2,0,2,0,4,2,35.72955027777778,139.77305361111112,4,3,9999,0,9,0
1,30,666,15,2,0,1,10090,0,118,2023,2,7,9,25,12,6,36,17,14,1,1,1,14,7,0,0,0,0,1,9,1,70,5,1,1,65,1,51,61,41,0,0,0,0,0,0,0,0,0,10,0,3,0,0,0,0,0,4,2,35.737499166666666,139.7732941666667,3,3,0,0,0,0
1,30,666,18,2,0,1,30000,0,118,2023,2,8,17,30,21,6,36,17,15,2,1,1,1,7,1,21,0,0,11,9,30,70,5,4,1,45,35,52,61,41,0,0,0,0,0,0,0,0,0,40,0,4,0,0,0,0,0,4,2,35.74317,139.7801577777778,4,3,0,0,0,0
1,30,666,20,2,0,1,30000,0,118,2023,2,9,18,10,21,6,35,17,16,1,1,1,14,7,0,0,0,0,2,9,1,70,4,1,1,45,65,35,61,31,0,0,0,0,0,11,0,3,0,10,0,2,0,0,0,0,0,2,4,35.73922388888889,139.78429777777777,5,3,9999,0,9,0
1,30,668,52,2,0,1,30000,0,121,2023,1,12,20,5,22,6,51,16,48,1,1,1,14,7,0,0,0,0,2,9,1,70,5,2,1,1,45,51,61,41,0,0,0,0,0,0,0,0,0,10,0,3,0,0,0,0,0,4,2,35.77759916666667,139.74116666666666,5,3,0,0,0,0
1,30,668,63,2,0,1,30000,0,121,2023,2,16,8,5,12,6,27,17,23,1,1,1,1,7,1,21,0,0,17,8,30,70,5,1,1,25,55,3,61,31,0,1,0,1,0,11,0,3,0,10,0,2,0,1,0,2,0,4,2,35.78507388888889,139.75160277777778,5,3,9999,0,1,0
1,30,668,70,2,0,1,95000,0,121,2023,2,18,15,35,12,6,25,17,25,1,1,1,14,7,0,0,0,0,3,9,1,70,4,1,1,75,1,3,61,31,0,1,0,1,0,11,0,3,0,40,0,3,0,2,0,2,0,4,2,35.77318472222222,139.78772972222222,7,3,563,0,9,0
1,30,668,80,2,0,1,30000,0,121,2023,2,24,18,45,22,6,18,17,31,3,1,2,1,1,9,22,0,0,15,9,30,70,5,1,1,55,35,4,61,31,0,1,0,1,0,11,0,2,0,10,0,3,0,2,0,2,0,4,2,35.7782525,139.79019277777778,6,3,9999,0,9,0
1,30,668,83,2,0,1,30000,0,121,2023,2,26,15,55,12,6,16,17,33,1,1,1,1,7,9,22,0,0,11,9,30,70,5,4,1,45,1,3,61,31,0,1,0,1,0,11,0,10,0,20,0,4,0,2,0,2,0,4,2,35.78825555555555,139.75823555555556,1,3,9999,0,5,0
1,30,668,85,2,0,1,95000,0,121,2023,2,27,5,50,23,6,14,17,34,1,1,1,1,7,1,21,0,0,14,9,30,70,4,2,1,55,65,14,61,31,0,11,0,1,0,11,0,3,0,10,0,3,0,2,0,2,0,4,2,35.779649722222224,139.78290916666668,2,3,9999,0,9,0
1,30,669,53,2,0,1,10310,0,121,2023,1,15,21,28,22,6,50,16,50,3,1,2,1,1,9,22,0,0,14,9,30,70,4,2,1,25,35,3,61,31,0,1,0,1,0,11,0,2,0,10,0,3,0,2,0,2,0,4,2,35.76356694444444,139.80746222222223,1,3,9999,0,1,0
1,30,669,54,2,0,1,30460,0,121,2023,1,17,18,33,22,6,50,16,52,2,1,2,1,1,9,22,0,0,18,9,30,1,5,2,1,35,65,4,61,31,0,1,0,1,0,11,0,3,0,10,0,4,0,2,0,2,0,4,2,35.7800525,139.81109305555557,3,3,9999,0,5,0
1,30,669,71,2,0,1,30000,0,121,2023,2,10,17,50,21,6,34,17,17,3,1,2,1,1,9,22,0,0,14,9,30,70,4,2,1,1,1,51,61,41,0,0,0,0,0,0,0,0,0,10,0,3,0,0,0,0,0,4,2,35.77357638888889,139.83956972222222,6,2,0,0,0,0
1,30,670,42,2,0,1,30000,0,121,2023,2,4,16,16,13,6,39,17,11,1,1,1,1,1,9,22,0,0,15,9,30,70,4,2,1,45,65,3,61,31,0,1,0,1,0,11,0,3,0,10,0,3,0,2,0,2,0,4,2,35.80659277777777,139.81064055555558,7,3,9999,0,9,0
1,30,670,44,2,0,1,30000,0,121,2023,2,9,0,0,22,6,35,17,16,2,1,1,1,1,9,22,0,0,14,9,30,70,4,2,1,25,1,3,61,31,0,1,0,2,0,11,0,2,0,50,0,3,0,2,0,2,0,4,2,35.7892375,139.7978736111111,5,3,9999,0,1,0
1,30,670,52,2,0,1,20000,0,121,2023,2,13,18,30,22,6,31,17,20,3,1,2,1,1,9,22,0,0,18,9,30,70,5,2,1,45,1,34,61,31,0,0,0,0,0,11,0,5,0,10,0,3,0,0,0,0,0,4,2,35.79591361111111,139.77037222222225,2,3,9999,0,5,0
1,30,670,64,2,0,1,30000,0,121,2023,2,24,19,30,22,6,18,17,31,3,1,2,1,7,1,21,0,0,15,9,30,70,5,3,1,65,45,3,61,31,0,1,0,1,0,11,0,2,0,10,0,3,0,2,0,2,0,4,2,35.799500555555554,139.7774788888889,6,3,9999,0,9,0
1,30,771,42,2,0,1,10370,0,108,2023,2,1,14,50,12,6,41,17,8,1,1,1,14,7,0,0,0,0,5,9,1,70,4,1,1,1,1,51,61,41,0,0,0,0,0,0,0,0,0,10,0,3,0,0,0,0,0,4,2,35.68322777777777,139.80659305555557,4,3,0,0,0,0
1,30,771,59,2,0,3,10040,0,108,2023,2,18,11,33,12,6,25,17,25,1,1,1,1,1,9,22,0,0,18,9,30,70,3,2,1,55,25,1,61,1,0,1,0,1,0,11,0,10,0,50,0,4,0,2,0,2,0,4,4,35.669376666666665,139.8132913888889,7,3,9999,0,9,0
1,30,771,66,2,0,2,30000,0,108,2023,2,23,16,5,12,6,19,17,30,1,1,1,14,7,0,0,0,0,2,9,1,70,5,2,1,25,1,3,61,1,0,1,0,1,0,11,0,2,0,10,0,3,0,2,0,2,0,4,2,35.68122888888889,139.80442361111113,5,1,9999,0,1,0
1,30,771,69,2,0,2,10060,0,108,2023,2,26,0,40,22,6,16,17,33,1,1,4,1,1,9,22,0,0,18,9,30,70,3,2,1,55,35,3,61,31,0,1,0,1,0,11,0,1,0,10,0,3,0,2,0,2,0,4,2,35.687954166666664,139.79507222222222,1,3,9999,0,9,0
1,30,771,72,2,0,2,30000,0,108,2023,2,28,13,45,12,6,13,17,35,1,1,1,1,1,8,22,0,0,15,9,30,70,5,1,1,45,55,13,61,31,0,11,0,1,0,11,0,2,0,10,0,4,0,2,0,2,0,4,2,35.67827944444444,139.80109694444445,3,3,9999,0,9,0
1,30,771,76,2,0,1,30000,0,108,2023,2,15,15,0,12,6,29,17,22,1,1,1,1,7,9,22,0,0,15,9,30,1,5,2,1,65,1,4,61,31,0,1,0,1,0,11,0,5,0,10,0,3,0,2,0,2,0,4,2,35.670113611111105,139.8093663888889,4,3,9999,0,9,0
1,30,772,46,1,1,0,10090,0,108,2023,2,7,7,45,12,6,36,17,14,1,1,1,1,1,9,22,0,0,19,9,30,70,5,2,1,45,35,22,61,0,0,0,0,0,0,11,0,4,0,11,0,4,0,0,0,0,0,4,1,35.66793444444444,139.8255411111111,3,3,9999,0,9,0
1,30,772,48,2,0,3,140,50,108,2022,12,24,21,30,22,6,48,16,33,1,1,1,1,1,9,22,0,0,18,9,30,70,1,2,1,65,55,3,61,31,0,1,0,1,0,11,0,5,0,10,0,3,0,2,0,2,0,4,2,35.69616277777777,139.81965944444445,7,3,9999,0,9,0
1,30,772,62,2,0,1,140,50,108,2023,2,9,20,52,22,6,35,17,16,1,1,1,1,1,9,22,0,0,15,9,30,70,1,1,1,25,35,3,61,31,0,1,0,1,0,11,0,1,0,10,0,3,0,2,0,2,0,4,2,35.696220555555556,139.8196538888889,5,3,9999,0,1,0
1,30,772,67,2,0,1,20650,0,108,2023,2,15,15,10,12,6,29,17,22,1,1,1,1,1,1,21,0,0,17,9,30,70,1,2,1,45,75,3,61,31,0,1,0,1,0,11,0,3,0,50,0,3,0,2,0,2,0,4,2,35.68308694444444,139.83579972222222,4,3,9999,0,5,0
1,30,772,85,2,0,1,20650,0,108,2023,2,25,19,0,22,6,17,17,32,1,1,1,1,1,9,22,0,0,19,9,30,70,1,2,1,25,55,51,61,41,0,0,0,0,0,0,0,0,0,10,0,4,0,0,0,0,0,4,2,35.701639166666666,139.83433944444445,7,3,0,0,0,0
1,30,772,90,2,0,1,30000,0,108,2023,2,26,15,56,12,6,16,17,33,1,1,1,14,7,0,0,0,0,2,9,1,70,5,3,1,45,35,3,61,31,0,1,0,1,0,11,0,10,0,20,0,4,0,2,0,2,0,4,2,35.69906472222222,139.82860083333333,1,3,9999,0,9,0
1,30,773,35,2,0,1,10370,0,107,2023,2,5,21,5,22,6,38,17,12,1,1,1,14,7,0,0,0,0,4,9,1,70,4,2,1,25,25,4,61,31,0,1,0,1,0,11,0,4,0,10,0,3,0,2,0,2,0,4,2,35.693620277777775,139.8056711111111,1,3,9999,0,1,0
1,30,773,44,2,0,1,30000,0,107,2023,2,19,19,18,22,6,24,17,26,2,1,1,14,7,0,0,0,0,4,9,1,70,4,3,1,65,45,51,61,41,0,0,0,0,0,0,0,0,0,10,0,3,0,0,0,0,0,4,2,35.69213611111111,139.80475694444445,1,3,0,0,0,0
1,30,774,20,2,0,1,30000,0,107,2023,1,13,14,30,12,6,51,16,49,2,1,1,14,7,0,0,0,0,2,9,1,70,4,3,1,65,45,7,61,31,0,1,0,1,0,11,0,2,0,40,0,3,0,2,0,2,0,4,2,35.728031111111115,139.82087805555554,6,3,9999,0,9,0
1,30,774,26,2,0,1,30490,0,107,2023,2,24,22,40,22,6,18,17,31,2,1,2,1,1,9,22,0,0,15,9,30,70,4,1,1,65,35,3,61,1,0,1,0,1,0,11,0,3,0,10,0,3,0,2,0,2,0,4,2,35.71722444444445,139.81682694444444,6,3,9999,0,9,0
1,30,774,27,2,0,1,99000,0,107,2023,2,16,8,5,12,6,27,17,23,1,1,1,0,7,0,0,0,0,0,0,20,70,0,4,1,25,35,4,61,31,0,1,0,1,0,11,0,10,0,10,0,4,0,2,0,2,0,4,2,35.72799361111111,139.8292811111111,5,3,9999,0,1,0
1,30,774,28,2,0,1,95000,0,107,2023,2,25,10,30,12,6,17,17,32,1,1,1,14,7,0,0,0,0,3,9,20,70,5,4,1,45,75,51,61,41,0,0,0,0,0,0,0,0,0,10,0,3,0,0,0,0,0,4,2,35.73604777777778,139.8222786111111,7,3,0,0,0,0
1,30,774,29,2,0,1,21190,0,107,2023,2,25,17,25,13,6,17,17,32,2,1,1,14,7,0,0,0,0,3,9,1,70,5,1,1,75,45,3,61,1,0,1,0,1,0,11,0,3,0,40,0,4,0,2,0,2,0,4,2,35.723778888888894,139.83039777777776,7,3,162,0,9,0
1,30,775,33,2,0,1,30000,0,122,2023,2,7,7,50,12,6,36,17,14,1,1,1,14,7,0,0,0,0,3,9,1,70,4,2,1,1,45,51,61,41,0,0,0,0,0,0,0,0,0,10,0,3,0,0,0,0,0,4,2,35.74917555555556,139.82786638888888,3,3,0,0,0,0
1,30,775,39,2,0,1,30000,0,122,2023,2,12,10,17,12,6,32,17,19,1,1,1,1,7,1,21,0,0,15,9,30,70,4,2,1,1,65,3,61,31,0,1,0,1,0,11,0,2,0,50,0,4,0,2,0,2,0,4,2,35.77012166666667,139.87282833333333,1,3,9999,0,1,0
1,30,775,40,2,0,1,30000,0,122,2023,2,14,18,38,22,6,30,17,21,1,1,1,1,7,1,22,0,0,15,9,30,70,4,2,1,35,75,3,61,31,0,1,0,1,0,11,0,2,0,80,0,4,0,2,0,2,0,4,2,35.78825055555556,139.85694527777778,3,3,9999,0,5,0
1,30,775,44,2,0,1,30000,0,122,2023,2,22,8,20,12,6,21,17,29,1,1,1,7,7,0,0,0,0,2,9,1,70,5,3,1,45,55,17,61,31,0,11,0,1,0,11,0,2,0,50,0,3,0,2,0,2,0,4,2,35.755275,139.82690472222222,4,2,9999,0,1,0
1,30,776,46,2,0,1,30000,0,122,2023,2,7,16,5,12,6,36,17,14,1,1,1,14,7,0,0,0,0,2,9,1,70,4,2,1,65,1,3,61,31,0,1,0,1,0,11,0,2,0,10,0,3,0,2,0,2,0,4,2,35.74979916666667,139.8639836111111,3,3,9999,0,9,0
1,30,776,47,2,0,1,30000,0,122,2023,2,7,18,42,22,6,36,17,14,1,1,1,14,7,0,0,0,0,2,9,1,70,4,2,1,25,35,51,61,41,0,0,0,0,0,0,0,0,0,10,0,3,0,0,0,0,0,4,2,35.750684166666666,139.8691763888889,3,3,0,0,0,0
1,30,776,52,2,0,1,30000,0,122,2023,2,9,17,28,21,6,35,17,16,1,1,1,1,7,1,21,0,0,11,9,30,70,5,3,1,55,65,3,61,31,0,1,0,1,0,11,0,10,0,10,0,3,0,2,0,2,0,4,2,35.738076944444444,139.82876833333333,5,3,9999,0,9,0
1,30,776,72,2,0,1,30000,0,122,2023,2,22,14,53,12,6,21,17,29,1,1,1,1,7,9,22,0,0,14,9,30,70,4,2,1,25,1,17,61,31,0,11,0,1,0,11,0,5,0,10,0,3,0,2,0,2,0,4,2,35.728075277777776,139.83934833333333,4,2,9999,0,1,0
1,30,777,76,2,0,1,10130,0,123,2023,2,4,11,2,12,6,39,17,11,1,1,1,1,1,9,22,0,0,18,9,30,70,5,2,1,45,75,17,61,1,0,11,0,1,0,11,0,4,0,10,0,3,0,2,0,2,0,4,2,35.70812611111111,139.88003083333334,7,3,9999,0,9,0
1,30,777,87,2,0,1,10290,0,123,2023,2,11,23,55,22,6,33,17,18,1,1,1,1,1,9,22,0,0,19,9,30,70,1,2,1,25,25,3,61,31,0,1,0,1,0,11,0,4,0,10,0,3,0,2,0,2,0,4,2,35.709316944444446,139.84283583333334,7,1,9999,0,1,0
1,30,777,89,2,0,1,30000,0,123,2023,2,12,12,40,12,6,32,17,19,1,1,1,14,1,0,0,0,0,2,9,1,70,5,2,1,45,1,17,61,31,0,11,0,1,0,11,0,2,0,40,0,4,0,2,0,2,0,4,2,35.70410638888889,139.8999175,1,3,9999,0,9,0
1,30,777,95,2,0,1,30000,0,123,2023,2,14,10,6,12,6,30,17,21,2,1,1,1,7,1,22,0,0,14,9,30,70,4,2,1,55,75,17,61,1,0,11,0,1,0,11,0,10,0,20,0,3,0,2,0,2,0,4,2,35.69931861111111,139.90775722222222,3,3,9999,0,9,0
1,30,777,96,2,0,1,30000,0,123,2023,2,15,13,40,12,6,29,17,22,1,1,1,1,7,1,21,0,0,14,9,30,70,5,1,1,35,75,35,61,31,0,0,0,0,0,11,0,10,0,10,0,4,0,0,0,0,0,4,2,35.7068725,139.8426763888889,4,3,9999,0,1,0
1,30,777,109,2,0,1,30000,0,123,2023,2,14,21,55,22,6,30,17,21,2,1,1,1,7,9,22,0,0,14,9,30,70,5,1,1,25,25,3,61,31,0,1,0,1,0,11,0,1,0,10,0,4,0,2,0,2,0,4,2,35.71158833333334,139.84607611111113,3,3,9999,0,1,0
1,30,778,27,2,0,1,30000,0,123,2023,2,3,18,40,22,6,40,17,10,1,1,1,1,7,9,22,0,0,11,9,30,70,5,2,1,25,1,3,61,31,0,1,0,1,0,11,0,3,0,10,0,3,0,2,0,2,0,4,2,35.732483611111114,139.88032111111113,6,3,9999,0,1,0
1,30,778,29,2,0,1,30000,0,123,2023,2,6,16,50,13,6,37,17,13,1,1,1,14,7,0,0,0,0,4,9,1,70,4,1,1,25,65,36,61,31,0,0,0,0,0,11,0,2,0,10,0,3,0,0,0,0,0,4,2,35.70653472222222,139.88899388888888,2,3,9999,0,1,0