資料区分,都道府県コード,警察署等コード,本票番号,事故内容,死者数,負傷者数,路線コード,地点コード,市区町村コード,発生日時　　年,発生日時　　月,発生日時　　日,発生日時　　時,発生日時　　分,昼夜,日の出時刻　　時,日の出時刻　　分,日の入り時刻　　時,日の入り時刻　　分,天候,地形,路面状態,道路形状,信号機,一時停止規制　標識（当事者A）,一時停止規制　表示（当事者A）,一時停止規制　標識（当事者B）,一時停止規制　表示（当事者B）,車道幅員,道路線形,衝突地点,ゾーン規制,中央分離帯施設等,歩車道区分,事故類型,年齢（当事者A）,年齢（当事者B）,当事者種別（当事者A）,当事者種別（当事者B）,用途別（当事者A）,用途別（当事者B）,車両形状等（当事者A）,車両形状等（当事者B）,オートマチック車（当事者A）,オートマチック車（当事者B）,サポカー（当事者A）,サポカー（当事者B）,速度規制（指定のみ）（当事者A）,速度規制（指定のみ）（当事者B）,車両の衝突部位（当事者A）,車両の衝突部位（当事者B）,車両の損壊程度（当事者A）,車両の損壊程度（当事者B）,エアバッグの装備（当事者A）,エアバッグの装備（当事者B）,サイドエアバッグの装備（当事者A）,サイドエアバッグの装備（当事者B）,人身損傷程度（当事者A）,人身損傷程度（当事者B）,lat,lon,曜日(発生年月日),祝日(発生年月日),認知機能検査経過日数（当事者A）,認知機能検査経過日数（当事者B）,運転練習の方法（当事者A）,運転練習の方法（当事者B）
1,30,778,30,2,0,1,30000,0,123,2023,2,6,18,15,22,6,37,17,13,1,1,1,14,7,0,0,0,0,4,9,1,70,5,2,1,45,35,3,61,31,0,1,0,1,0,11,0,2,0,10,0,4,0,2,0,2,0,4,2,35.73346333333333,139.88150000000002,2,3,9999,0,9,0
1,30,778,35,2,0,1,30000,0,123,2023,2,13,17,50,21,6,31,17,20,3,1,2,14,7,0,0,0,0,3,9,1,70,5,4,1,1,55,51,61,41,0,0,0,0,0,0,0,0,0,10,0,4,0,0,0,0,0,4,2,35.729398611111115,139.8736513888889,2,3,0,0,0,0
1,30,778,37,2,0,1,31040,0,123,2023,2,14,10,6,12,6,30,17,21,2,1,1,1,1,9,22,0,0,15,9,30,70,5,2,1,45,55,3,61,31,0,1,0,1,0,11,0,3,0,10,0,4,0,2,0,2,0,4,2,35.71438861111111,139.8848136111111,3,3,9999,0,1,0
1,30,778,40,2,0,1,30000,0,123,2023,2,19,14,45,12,6,24,17,26,2,1,1,1,7,9,22,0,0,11,9,30,70,5,4,1,25,75,14,61,1,0,11,0,1,0,11,0,5,0,40,0,3,0,2,0,2,0,4,2,35.71193944444445,139.88387083333333,1,3,9999,0,5,0
1,30,779,25,2,0,1,30000,0,123,2022,12,8,12,7,12,6,38,16,28,1,1,1,1,1,9,22,0,0,14,9,30,70,5,2,1,35,75,3,61,31,0,1,0,1,0,11,0,2,0,10,0,4,0,2,0,2,0,4,2,35.680281666666666,139.8692513888889,5,3,9999,0,1,0
1,30,779,26,2,0,1,10130,0,123,2023,1,12,16,45,13,6,51,16,48,1,1,1,1,1,9,22,0,0,14,9,30,70,1,3,1,75,1,35,61,31,0,0,0,0,0,11,0,4,0,10,0,3,0,0,0,0,0,4,2,35.6637975,139.8732177777778,5,3,9999,0,9,0
1,30,779,31,2,0,1,30000,0,123,2023,1,29,16,15,13,6,44,17,5,1,1,1,14,7,0,0,0,0,3,9,1,70,5,4,1,45,1,3,61,31,0,1,0,1,0,11,0,10,0,10,0,4,0,2,0,2,0,4,2,35.656417777777776,139.87825750000002,1,3,9999,0,1,0
1,30,779,34,2,0,1,30000,0,123,2023,2,14,18,34,22,6,30,17,21,1,1,1,1,7,9,22,0,0,14,3,30,70,4,2,1,45,75,14,61,1,0,11,0,1,0,11,0,2,0,10,0,4,0,2,0,2,0,4,2,35.673898888888885,139.85323499999998,3,3,9999,0,1,0
1,30,779,35,2,0,1,30000,0,123,2023,2,7,18,42,22,6,36,17,14,1,1,1,1,7,1,21,0,0,15,9,30,70,4,2,1,65,1,3,61,1,0,1,0,1,0,11,0,1,0,50,0,3,0,2,0,2,0,4,2,35.67935472222222,139.87189750000002,3,3,9999,0,9,0
1,30,779,37,2,0,1,30000,0,123,2023,2,16,8,45,12,6,27,17,23,1,1,1,1,7,9,22,0,0,14,9,30,1,5,3,1,45,45,12,61,31,0,11,0,1,0,11,0,2,0,80,0,3,0,2,0,2,0,4,2,35.66491972222222,139.85636527777777,5,3,9999,0,1,0
1,30,779,40,2,0,1,20000,0,123,2023,2,22,11,30,12,6,21,17,29,1,1,1,14,7,0,0,0,0,4,9,1,70,4,2,1,55,75,14,61,1,0,11,0,1,0,11,0,3,0,10,0,4,0,2,0,2,0,4,2,35.66783583333333,139.86048694444443,4,2,9999,0,9,0
1,30,779,44,2,0,1,30000,0,123,2023,2,9,18,15,21,6,35,17,16,1,1,1,14,7,0,0,0,0,4,9,1,70,5,2,1,25,45,3,61,31,0,1,0,1,0,11,0,2,0,10,0,3,0,2,0,2,0,4,2,35.64594638888889,139.87184027777778,5,3,9999,0,5,0
1,30,779,45,2,0,1,30000,0,123,2023,2,24,7,8,11,6,18,17,31,2,1,1,1,1,9,22,0,0,15,3,30,70,4,2,1,55,35,51,61,41,0,0,0,0,0,0,0,0,0,10,0,3,0,0,0,0,0,4,2,35.659031388888884,139.85886944444445,6,3,0,0,0,0
1,30,876,25,2,0,1,30000,0,201,2022,12,22,7,10,11,6,47,16,32,3,1,2,14,1,0,0,0,0,3,9,1,70,1,2,1,45,35,35,61,31,0,0,0,0,0,11,0,3,0,10,0,3,0,0,0,0,0,4,2,35.60552583333333,139.38089250000002,5,3,9999,0,1,0
1,30,876,32,2,0,1,30000,0,209,2023,2,6,13,45,12,6,37,17,13,1,1,1,14,7,0,0,0,0,2,9,1,70,5,4,1,55,75,4,61,31,0,1,0,1,0,11,0,5,0,50,0,4,0,2,0,2,0,4,2,35.58847388888889,139.38959333333332,2,3,9999,0,1,0
1,30,876,33,2,0,1,95000,0,209,2023,2,9,13,0,12,6,35,17,16,1,1,1,0,7,0,0,0,0,0,0,20,70,0,4,1,75,65,3,61,31,0,1,0,1,0,11,0,10,0,10,0,3,0,2,0,2,0,4,2,35.60423416666667,139.36068694444444,5,3,619,0,9,0
1,30,876,36,2,0,1,99000,0,209,2023,2,11,14,32,12,6,33,17,18,1,1,1,0,7,0,0,0,0,0,0,20,70,0,4,1,55,75,12,61,1,0,11,0,2,0,11,0,1,0,10,0,4,0,2,0,2,0,4,2,35.60420861111111,139.3603283333333,7,1,9999,0,9,0
1,30,876,42,2,0,1,10490,0,209,2023,2,16,18,55,22,6,27,17,23,1,1,1,14,7,0,0,0,0,3,9,1,70,4,2,1,55,75,51,61,41,0,0,0,0,0,0,0,0,0,20,0,3,0,0,0,0,0,4,2,35.59397472222223,139.37652055555557,5,3,0,0,0,0
1,30,876,55,2,0,1,21110,0,209,2023,2,24,19,29,22,6,18,17,31,3,1,2,1,1,9,22,0,0,19,9,30,70,1,1,1,25,1,3,61,31,0,1,0,1,0,11,0,5,0,10,0,3,0,2,0,2,0,4,2,35.60300388888889,139.36614055555555,6,3,9999,0,1,0
1,30,877,47,2,0,1,30000,0,201,2022,12,23,17,20,21,6,48,16,32,1,1,1,14,7,0,0,0,0,2,9,1,70,5,3,1,65,1,4,61,31,0,1,0,1,0,11,0,10,0,40,0,3,0,2,0,2,0,4,2,35.67541611111111,139.3028363888889,6,3,9999,0,9,0
1,30,877,52,2,0,1,30000,0,201,2023,2,6,12,55,12,6,37,17,13,1,1,2,1,7,9,22,0,0,14,9,30,70,5,2,1,35,75,51,61,41,0,0,0,0,0,0,0,0,0,0,0,4,0,0,0,0,0,4,2,35.63869444444445,139.2929736111111,2,3,0,0,0,0
1,30,877,58,2,0,1,30000,0,201,2023,2,12,10,15,12,6,32,17,19,1,2,1,1,7,1,21,0,0,11,9,30,70,5,3,1,55,75,51,61,41,0,0,0,0,0,0,0,0,0,10,0,3,0,0,0,0,0,4,2,35.64695694444445,139.2965875,1,3,0,0,0,0
1,30,877,59,2,0,1,30000,0,201,2023,2,9,19,15,22,6,35,17,16,1,2,1,14,7,0,0,0,0,3,9,1,70,5,1,1,45,0,61,0,0,0,0,0,0,0,0,0,0,0,0,0,0,0,0,0,0,0,2,0,35.68000166666666,139.2980902777778,5,3,0,0,0,0
1,30,877,73,2,0,1,20730,0,201,2023,1,25,8,7,12,6,46,17,1,1,1,1,14,7,0,0,0,0,3,9,1,70,4,2,1,45,1,51,61,41,0,0,0,0,0,0,0,0,0,10,0,4,0,0,0,0,0,4,2,35.674012777777776,139.29346277777776,4,3,0,0,0,0
1,30,877,74,2,0,1,20770,0,201,2023,2,27,22,32,22,6,14,17,34,1,3,1,14,7,0,0,0,0,4,9,1,70,5,2,1,25,1,3,61,31,0,1,0,1,0,11,0,3,0,10,0,3,0,2,0,2,0,4,2,35.63534166666667,139.30112805555558,2,3,9999,0,1,0
1,30,878,47,2,0,1,30000,0,224,2023,1,27,17,55,21,6,45,17,3,1,2,1,1,1,9,22,0,0,18,9,30,70,1,2,1,75,65,3,61,31,0,1,0,1,0,11,0,3,0,10,0,3,0,2,0,2,0,4,2,35.612476111111114,139.41553861111112,6,3,114,0,5,0
1,30,878,48,2,0,1,20000,0,224,2023,2,4,18,0,21,6,39,17,11,1,2,1,1,7,9,22,0,0,17,8,30,70,1,2,1,1,55,3,61,31,0,1,0,1,0,11,0,4,0,10,0,3,0,2,0,2,0,4,2,35.635554444444445,139.4489786111111,7,3,9999,0,1,0
1,30,878,59,2,0,1,21110,0,224,2023,2,14,20,35,22,6,30,17,21,1,2,1,7,1,0,0,0,0,3,9,1,70,1,2,1,55,55,3,61,31,0,1,0,1,0,11,0,4,0,10,0,3,0,2,0,2,0,4,2,35.626640555555554,139.42484249999998,3,3,9999,0,5,0
1,30,878,60,2,0,1,95000,0,224,2023,2,9,10,35,12,6,35,17,16,1,1,1,1,1,9,22,0,0,14,9,30,70,4,2,1,65,65,3,61,31,0,1,0,1,0,11,0,5,0,10,0,3,0,2,0,1,0,4,2,35.647303888888885,139.44671,5,3,9999,0,9,0
1,30,878,61,2,0,1,30000,0,224,2023,2,19,17,37,21,6,24,17,26,1,2,1,14,7,0,0,0,0,2,9,1,70,4,2,1,45,1,4,61,31,0,1,0,1,0,11,0,3,0,10,0,3,0,2,0,2,0,4,2,35.6316325,139.45029027777775,1,3,9999,0,9,0
1,30,878,68,2,0,1,21110,0,224,2023,2,25,4,55,22,6,17,17,32,1,1,1,1,1,9,22,0,0,19,9,30,70,1,1,1,55,55,3,61,31,0,1,0,1,0,11,0,4,0,80,0,3,0,2,0,2,0,4,2,35.62838,139.42879527777777,7,3,9999,0,5,0
1,30,878,69,2,0,1,30000,0,225,2023,2,25,10,20,12,6,17,17,32,2,1,1,1,7,9,22,0,0,11,9,30,70,5,2,1,45,75,13,61,31,0,11,0,1,0,11,0,3,0,10,0,3,0,2,0,2,0,4,2,35.642984444444444,139.5225702777778,7,3,9999,0,1,0
1,30,878,70,2,0,1,90000,0,224,2023,2,25,12,35,12,6,17,17,32,2,1,1,14,7,0,0,0,0,2,9,20,70,5,3,1,65,1,51,61,41,0,0,0,0,0,0,0,0,0,10,0,3,0,0,0,0,0,4,2,35.62269805555555,139.42426666666665,7,3,0,0,0,0
1,30,878,72,2,0,1,30000,0,224,2023,2,27,10,43,12,6,14,17,34,1,2,1,1,7,9,22,0,0,11,7,30,70,5,2,1,45,55,4,61,31,0,1,0,1,0,11,0,3,0,10,0,3,0,2,0,2,0,4,2,35.62091916666667,139.4285547222222,2,3,9999,0,1,0
1,30,878,73,2,0,1,30000,0,224,2023,2,27,19,10,22,6,14,17,34,1,2,1,7,7,0,0,0,0,1,8,1,1,5,2,1,65,75,3,61,31,0,1,0,1,0,11,0,2,0,40,0,4,0,2,0,2,0,4,2,35.625126111111115,139.42570638888887,2,3,9999,0,9,0
1,30,878,75,2,0,1,21110,0,224,2023,2,28,15,0,12,6,13,17,35,1,2,1,1,1,9,22,0,0,18,9,30,70,1,2,1,55,1,17,61,31,0,11,0,1,0,11,0,5,0,10,0,3,0,2,0,2,0,4,2,35.631991944444444,139.43708555555557,3,3,9999,0,1,0
1,30,879,62,2,0,1,30000,0,220,2023,2,2,12,10,12,6,41,17,9,1,2,1,1,1,9,22,0,0,11,9,30,70,5,2,1,65,75,3,61,31,0,1,0,1,0,11,0,2,0,10,0,3,0,2,0,2,0,4,2,35.750504444444445,139.42018055555553,5,3,9999,0,9,0
1,30,879,65,2,0,1,30000,0,223,2023,2,4,14,30,12,6,39,17,11,1,2,1,14,7,0,0,0,0,3,9,1,70,5,4,1,75,75,4,61,31,0,1,0,1,0,11,0,3,0,10,0,4,0,2,0,2,0,4,2,35.744704166666665,139.37464722222222,7,3,856,0,9,0
1,30,879,72,2,0,1,10240,0,220,2023,2,9,8,5,12,6,35,17,16,1,1,1,14,7,0,0,0,0,3,9,1,70,4,3,1,45,1,3,61,31,0,1,0,1,0,11,0,2,0,10,0,3,0,2,0,2,0,4,2,35.75268916666667,139.43293305555554,5,3,9999,0,5,0
1,30,879,88,2,0,1,30000,0,223,2023,2,23,15,15,12,6,19,17,30,1,1,1,1,7,8,22,0,0,11,9,30,70,5,2,1,35,65,3,61,31,0,1,0,1,0,11,0,3,0,80,0,3,0,2,0,2,0,4,2,35.74246361111111,139.37409250000002,5,1,9999,0,1,0
1,30,879,90,2,0,1,30000,0,220,2023,2,10,18,25,22,6,34,17,17,3,2,2,1,7,9,22,0,0,15,9,30,70,5,3,1,25,45,3,61,31,0,1,0,1,0,11,0,2,0,20,0,3,0,2,0,2,0,4,2,35.75102861111111,139.43487333333334,6,2,9999,0,1,0
1,30,879,95,2,0,1,30000,0,220,2023,2,28,16,16,12,6,13,17,35,1,2,1,14,7,0,0,0,0,3,9,1,70,4,2,1,45,1,14,61,31,0,11,0,1,0,11,0,2,0,10,0,3,0,2,0,2,0,4,2,35.73913638888889,139.4386127777778,3,3,9999,0,1,0
1,30,880,31,2,0,1,30000,0,205,2023,2,4,10,55,12,6,39,17,11,1,1,1,14,7,0,0,0,0,1,9,1,70,5,2,1,55,35,3,61,31,0,1,0,1,0,11,0,3,0,40,0,3,0,2,0,2,0,4,2,35.78254666666667,139.31715277777778,7,3,9999,0,9,0
1,30,880,40,2,0,1,30000,0,205,2023,2,22,17,50,21,6,21,17,29,1,2,1,14,7,0,0,0,0,2,9,1,70,5,3,1,55,45,3,61,31,0,1,0,1,0,11,0,10,0,40,0,4,0,2,0,2,0,4,2,35.77956833333333,139.3193586111111,4,2,9999,0,9,0
1,30,880,44,2,0,1,30000,0,205,2023,2,27,14,53,12,6,14,17,34,1,1,1,1,7,9,22,0,0,15,9,30,70,4,2,1,1,1,4,61,31,0,1,0,1,0,11,0,3,0,10,0,3,0,2,0,2,0,4,2,35.785306388888884,139.29880305555557,2,3,9999,0,1,0
1,30,880,45,2,0,1,30000,0,205,2023,2,27,20,5,22,6,14,17,34,1,1,1,1,7,9,22,0,0,15,9,30,70,5,4,1,1,55,35,61,31,0,0,0,0,0,11,0,3,0,10,0,3,0,0,0,0,0,4,2,35.77816305555555,139.291205,2,3,9999,0,1,0
1,30,881,11,2,0,1,10260,0,228,2023,2,18,14,55,12,6,25,17,25,1,2,1,14,7,0,0,0,0,4,9,1,70,4,2,1,75,75,4,61,31,0,1,0,1,0,11,0,4,0,80,0,3,0,2,0,2,0,4,2,35.731409444444445,139.22873777777778,7,3,456,0,9,0
1,30,882,34,2,0,1,30000,0,303,2023,2,20,10,12,12,6,23,17,27,1,1,1,1,1,9,22,0,0,15,9,30,70,4,2,1,45,65,4,61,31,0,1,0,1,0,11,0,3,0,10,0,3,0,2,0,2,0,4,2,35.7756725,139.3508097222222,2,3,9999,0,1,0
1,30,882,35,2,0,2,95000,0,303,2023,2,21,1,10,22,6,22,17,28,1,1,1,0,7,0,0,0,0,0,0,20,70,0,4,1,35,45,3,61,31,0,1,0,1,0,11,0,10,0,10,0,4,0,2,0,2,0,4,2,35.79098333333333,139.3625186111111,3,3,9999,0,1,0
1,30,882,36,2,0,1,95000,0,228,2023,1,30,17,23,21,6,43,17,6,1,1,1,1,1,9,22,0,0,17,9,20,70,4,2,1,65,45,4,61,31,0,1,0,1,0,11,0,2,0,10,0,3,0,2,0,2,0,4,2,35.72577027777778,139.2877225,2,3,9999,0,9,0
1,30,883,51,2,0,1,30000,0,201,2023,1,20,17,25,21,6,49,16,55,2,1,1,12,7,0,0,0,0,3,9,1,70,5,4,1,65,55,3,61,31,0,1,0,1,0,11,0,2,0,10,0,4,0,2,0,2,0,4,2,35.67545666666666,139.35436055555556,6,3,9999,0,9,0
1,30,883,52,2,0,1,30000,0,201,2023,1,27,7,46,12,6,45,17,3,1,1,1,1,7,1,22,0,0,14,9,30,70,5,2,1,65,75,3,61,1,0,1,0,1,0,11,0,2,0,10,0,4,0,2,0,2,0,4,2,35.65839416666667,139.34900361111113,6,3,9999,0,9,0
1,30,883,60,2,0,1,161,0,201,2023,2,3,6,20,23,6,40,17,10,2,1,1,7,1,0,0,0,0,5,9,1,70,1,2,1,55,1,12,61,31,0,11,0,1,0,11,0,5,0,40,0,3,0,2,0,2,0,4,2,35.66625166666667,139.35406583333332,6,3,9999,0,9,0
1,30,883,79,2,0,1,30000,0,201,2023,2,14,12,10,12,6,30,17,21,1,1,1,0,7,0,0,0,0,0,0,20,70,0,3,1,45,45,17,61,1,0,11,0,1,0,11,0,10,0,10,0,4,0,2,0,2,0,4,2,35.680164999999995,139.35792972222222,3,3,9999,0,1,0
1,30,883,80,2,0,1,160,1,201,2023,2,26,9,3,12,6,16,17,33,1,2,1,14,7,0,0,0,0,1,9,1,70,5,2,1,55,45,51,61,41,0,0,0,0,0,0,0,0,0,40,0,3,0,0,0,0,0,4,2,35.665122777777775,139.32976833333333,1,3,0,0,0,0
1,30,884,49,2,0,1,30000,0,209,2023,2,2,7,54,12,6,41,17,9,1,1,1,1,7,9,22,0,0,14,8,30,70,4,2,1,35,75,4,61,31,0,1,0,1,0,11,0,3,0,10,0,3,0,2,0,2,0,4,2,35.523717777777776,139.48300194444445,5,3,9999,0,1,0
1,30,884,56,2,0,1,30000,0,209,2023,2,7,19,54,22,6,36,17,14,1,2,1,1,1,9,22,0,0,15,7,30,70,4,2,1,45,1,12,61,31,0,11,0,1,0,11,0,3,0,10,0,3,0,2,0,2,0,4,2,35.55148305555555,139.47899527777778,3,3,9999,0,9,0
1,30,884,59,2,0,1,30000,0,209,2023,1,16,17,55,22,6,50,16,51,2,1,2,14,7,0,0,0,0,3,9,1,70,5,3,1,35,55,3,61,31,0,1,0,1,0,11,0,5,0,40,0,3,0,2,0,2,0,4,2,35.59756222222222,139.408525,2,3,9999,0,1,0
1,30,884,61,2,0,1,10490,0,209,2023,2,10,21,20,22,6,34,17,17,3,1,2,1,1,9,22,0,0,15,9,30,70,5,2,1,35,65,3,61,31,0,1,0,1,0,11,0,3,0,10,0,3,0,2,0,2,0,4,2,35.585773055555556,139.39500888888887,6,2,9999,0,1,0
1,30,884,63,2,0,1,10610,0,209,2023,2,1,13,48,12,6,41,17,8,1,1,1,1,1,9,22,0,0,15,9,30,70,4,2,1,25,1,3,61,31,0,1,0,1,0,11,0,3,0,10,0,3,0,2,0,2,0,4,2,35.57277333333334,139.46221388888887,4,3,9999,0,1,0
1,30,884,65,2,0,1,30000,0,209,2023,1,28,18,30,22,6,44,17,4,1,1,1,14,7,0,0,0,0,2,8,1,70,5,3,1,55,1,4,61,31,0,1,0,1,0,11,0,3,0,80,0,3,0,2,0,2,0,4,2,35.50663361111111,139.47100972222222,7,3,9999,0,9,0
1,30,884,69,2,0,1,30000,0,209,2023,1,5,19,55,22,6,51,16,41,1,1,1,1,1,9,22,0,0,11,9,30,70,4,2,1,55,25,3,61,31,0,1,0,1,0,11,0,3,0,10,0,3,0,2,0,2,0,4,2,35.58535805555556,139.49032916666664,5,3,9999,0,5,0
1,30,884,78,2,0,1,30000,0,209,2023,2,22,10,30,12,6,21,17,29,1,1,1,14,7,0,0,0,0,4,9,1,70,4,2,1,55,75,3,61,31,0,1,0,1,0,11,0,3,0,10,0,3,0,2,0,2,0,4,2,35.527345555555556,139.48437166666665,4,2,9999,0,9,0
1,30,884,80,2,0,1,30000,0,209,2023,2,23,17,50,21,6,19,17,30,1,2,1,7,7,0,0,0,0,3,9,1,70,4,2,1,75,75,3,61,31,0,1,0,1,0,11,0,2,0,10,0,3,0,2,0,2,0,4,2,35.57721138888889,139.43645055555555,5,1,877,0,9,0
1,30,884,81,2,0,1,30000,0,209,2023,2,23,21,40,22,6,19,17,30,1,1,1,1,7,9,22,0,0,11,9,30,70,5,4,1,45,45,3,61,31,0,1,0,1,0,11,0,10,0,30,0,3,0,2,0,2,0,4,2,35.558611388888885,139.47176305555556,5,1,9999,0,1,0
1,30,884,83,2,0,1,30000,0,209,2023,2,24,13,15,12,6,18,17,31,2,1,1,1,1,9,22,0,0,15,6,30,70,4,2,1,35,55,51,61,41,0,0,0,0,0,0,0,0,0,40,0,3,0,0,0,0,0,4,2,35.539248055555554,139.4469038888889,6,3,0,0,0,0
1,30,884,85,2,0,1,30000,0,209,2023,2,24,21,55,22,6,18,17,31,2,1,2,1,1,9,22,0,0,14,9,30,70,4,2,1,55,1,3,61,31,0,1,0,1,0,11,0,3,0,10,0,2,0,2,0,2,0,4,2,35.53343805555556,139.48035777777778,6,3,9999,0,9,0
1,30,884,94,2,0,1,99000,0,209,2023,2,27,8,30,12,6,14,17,34,1,1,1,0,7,0,0,0,0,0,0,20,70,0,4,1,35,55,3,61,31,0,1,0,1,0,11,0,10,0,30,0,3,0,2,0,2,0,4,2,35.540260277777776,139.44957194444444,2,3,9999,0,1,0
1,30,884,100,2,0,1,30000,0,209,2023,1,18,8,50,12,6,49,16,53,1,1,1,1,7,9,22,0,0,14,9,30,70,5,4,1,65,55,51,61,41,0,0,0,0,0,0,0,0,0,10,0,3,0,0,0,0,0,4,2,35.579369722222225,139.4740213888889,4,3,0,0,0,0
1,30,885,25,2,0,1,20780,0,212,2022,12,19,20,18,22,6,45,16,31,1,1,1,14,7,0,0,0,0,2,9,1,70,1,2,1,1,55,51,61,41,0,0,0,0,0,0,0,0,0,10,0,3,0,0,0,0,0,4,2,35.67644833333333,139.4123713888889,2,3,0,0,0,0
1,30,885,26,2,0,1,10510,0,212,2022,11,24,21,0,22,6,25,16,30,1,1,1,1,1,9,22,0,0,15,8,30,70,4,2,1,1,45,4,61,31,0,1,0,1,0,11,0,3,0,10,0,3,0,2,0,2,0,4,2,35.665952777777775,139.40777972222222,5,3,9999,0,5,0
1,30,885,30,2,0,1,20000,0,212,2023,2,1,13,20,12,6,41,17,8,1,1,1,14,7,0,0,0,0,1,9,1,70,5,2,1,35,1,3,61,31,0,1,0,1,0,11,0,10,0,30,0,3,0,2,0,2,0,4,2,35.67390972222222,139.38503416666666,4,3,9999,0,1,0
1,30,885,32,2,0,2,30000,0,212,2023,2,3,8,53,12,6,40,17,10,2,2,1,1,1,9,22,0,0,15,9,30,70,5,2,1,55,35,3,61,31,0,1,0,1,0,11,0,3,0,10,0,3,0,2,0,2,0,4,2,35.67111861111111,139.39773083333333,6,3,9999,0,9,0
1,30,885,35,2,0,1,30000,0,212,2023,2,7,14,35,12,6,36,17,14,1,2,1,14,7,0,0,0,0,2,9,1,70,5,1,1,55,1,3,61,31,0,1,0,1,0,11,0,2,0,10,0,3,0,2,0,2,0,4,2,35.661539999999995,139.3905111111111,3,3,9999,0,9,0
1,30,885,36,2,0,1,95000,0,212,2023,2,7,17,30,21,6,36,17,14,1,1,1,14,7,0,0,0,0,2,9,20,70,5,1,1,35,35,3,61,31,0,1,0,1,0,11,0,10,0,10,0,3,0,2,0,2,0,4,2,35.659909166666665,139.38128972222222,3,3,9999,0,1,0
1,30,885,39,2,0,1,10510,0,212,2023,1,31,20,20,22,6,42,17,7,1,1,1,14,7,0,0,0,0,3,9,1,70,4,2,1,45,1,3,61,31,0,1,0,1,0,11,0,3,0,10,0,3,0,2,0,2,0,4,2,35.65737305555555,139.42733333333334,3,3,9999,0,9,0
1,30,885,41,2,0,1,30000,0,212,2023,2,20,17,35,21,6,23,17,27,1,1,1,1,1,9,22,0,0,15,9,30,70,4,1,1,55,1,17,61,31,0,11,0,2,0,11,0,3,0,10,0,3,0,2,0,2,0,4,2,35.67824472222222,139.396315,2,3,9999,0,9,0
1,30,885,48,2,0,1,30000,0,212,2023,2,27,18,53,22,6,14,17,34,1,2,1,14,7,0,0,0,0,3,9,1,70,5,1,1,1,65,35,61,31,0,0,0,0,0,11,0,10,0,10,0,3,0,0,0,0,0,4,2,35.65025611111111,139.38181472222223,2,3,9999,0,1,0
1,30,886,45,2,0,1,30000,0,207,2023,2,2,18,15,22,6,41,17,9,1,1,1,14,7,0,0,0,0,3,9,1,70,4,2,1,75,75,4,61,31,0,1,0,1,0,11,0,3,0,10,0,3,0,2,0,2,0,4,2,35.72197972222222,139.3561861111111,5,3,336,0,9,0
1,30,886,61,2,0,1,10550,0,207,2023,2,21,7,54,12,6,22,17,28,1,2,1,1,1,9,22,0,0,15,9,30,70,4,1,1,35,65,3,61,31,0,1,0,1,0,11,0,4,0,10,0,4,0,2,0,2,0,4,2,35.696932222222216,139.37578472222222,3,3,9999,0,5,0
1,30,886,67,2,0,1,30000,0,207,2023,2,25,13,5,12,6,17,17,32,2,1,1,14,7,0,0,0,0,4,9,1,70,4,2,1,1,1,51,61,41,0,0,0,0,0,0,0,0,0,10,0,4,0,0,0,0,0,4,2,35.7147025,139.36155916666667,7,3,0,0,0,0
1,30,886,69,2,0,1,30000,0,207,2023,2,26,9,7,12,6,16,17,33,1,2,1,1,1,9,22,0,0,17,9,30,70,4,2,1,35,75,3,61,31,0,1,0,1,0,11,0,3,0,80,0,4,0,2,0,2,0,4,2,35.71966027777778,139.38299777777777,1,3,9999,0,1,0
1,30,887,76,2,0,1,10260,0,202,2023,2,7,17,21,21,6,36,17,14,1,1,1,1,1,9,22,0,0,14,9,30,70,4,2,1,25,1,13,61,31,0,11,0,1,0,11,0,4,0,60,0,3,0,2,0,2,0,4,2,35.7301775,139.36566861111112,3,3,9999,0,1,0
1,30,887,96,2,0,1,95000,0,202,2023,2,14,18,38,22,6,30,17,21,1,1,1,1,7,9,22,0,0,14,9,30,70,4,2,1,35,25,3,61,31,0,1,0,1,0,11,0,2,0,10,0,4,0,2,0,2,0,4,2,35.72995944444445,139.40016972222222,3,3,9999,0,5,0
1,30,887,100,2,0,1,30000,0,202,2023,2,21,11,45,12,6,22,17,28,1,2,1,14,7,0,0,0,0,1,9,1,70,5,3,1,1,75,13,61,31,0,11,0,1,0,11,0,1,0,80,0,3,0,2,0,2,0,4,2,35.69711472222222,139.42201416666666,3,3,9999,0,1,0
1,30,887,105,2,0,1,30000,0,202,2023,2,9,7,55,12,6,35,17,16,1,1,2,14,7,0,0,0,0,1,9,1,70,5,3,1,1,0,61,0,0,0,0,0,0,0,0,0,0,0,0,0,0,0,0,0,0,0,2,0,35.71735805555556,139.4267725,5,3,0,0,0,0
1,30,887,106,2,0,1,30000,0,215,2023,2,20,20,30,22,6,23,17,27,1,1,1,7,1,0,0,0,0,1,9,1,70,5,3,1,55,35,3,61,31,0,1,0,1,0,11,0,2,0,40,0,3,0,2,0,2,0,4,2,35.69639027777777,139.43385416666666,2,3,9999,0,9,0
1,30,887,113,2,0,1,95000,0,202,2023,2,27,13,55,12,6,14,17,34,1,2,1,1,1,9,22,0,0,15,9,30,70,1,2,1,45,65,3,61,31,0,1,0,1,0,11,0,3,0,50,0,3,0,2,0,2,0,4,2,35.68763777777777,139.40840444444444,2,3,9999,0,1,0