資料区分,都道府県コード,警察署等コード,本票番号,事故内容,死者数,負傷者数,路線コード,地点コード,市区町村コード,発生日時　　年,発生日時　　月,発生日時　　日,発生日時　　時,発生日時　　分,昼夜,日の出時刻　　時,日の出時刻　　分,日の入り時刻　　時,日の入り時刻　　分,天候,地形,路面状態,道路形状,信号機,一時停止規制　標識（当事者A）,一時停止規制　表示（当事者A）,一時停止規制　標識（当事者B）,一時停止規制　表示（当事者B）,車道幅員,道路線形,衝突地点,ゾーン規制,中央分離帯施設等,歩車道区分,事故類型,年齢（当事者A）,年齢（当事者B）,当事者種別（当事者A）,当事者種別（当事者B）,用途別（当事者A）,用途別（当事者B）,車両形状等（当事者A）,車両形状等（当事者B）,オートマチック車（当事者A）,オートマチック車（当事者B）,サポカー（当事者A）,サポカー（当事者B）,速度規制（指定のみ）（当事者A）,速度規制（指定のみ）（当事者B）,車両の衝突部位（当事者A）,車両の衝突部位（当事者B）,車両の損壊程度（当事者A）,車両の損壊程度（当事者B）,エアバッグの装備（当事者A）,エアバッグの装備（当事者B）,サイドエアバッグの装備（当事者A）,サイドエアバッグの装備（当事者B）,人身損傷程度（当事者A）,人身損傷程度（当事者B）,lat,lon,曜日(発生年月日),祝日(発生年月日),認知機能検査経過日数（当事者A）,認知機能検査経過日数（当事者B）,運転練習の方法（当事者A）,運転練習の方法（当事者B）
1,30,887,118,2,0,1,10260,0,202,2023,2,21,11,35,12,6,22,17,28,1,1,1,7,7,0,0,0,0,2,9,1,70,5,4,1,55,25,3,61,31,0,1,0,1,0,11,0,2,0,10,0,3,0,2,0,2,0,4,2,35.71985305555556,139.4388602777778,3,3,9999,0,9,0
1,30,888,24,2,0,1,10500,0,206,2023,2,1,20,2,22,6,41,17,8,1,1,1,1,1,9,22,0,0,15,9,30,70,1,2,1,55,25,3,61,31,0,1,0,1,0,11,0,3,0,10,0,3,0,2,0,2,0,4,2,35.66497277777778,139.47894305555556,4,3,9999,0,9,0
1,30,888,28,2,0,1,30000,0,206,2023,2,5,1,10,22,6,38,17,12,1,1,1,1,7,9,22,0,0,11,9,30,70,5,2,1,1,35,3,61,31,0,1,0,1,0,11,0,10,0,80,0,3,0,2,0,2,0,4,2,35.67119638888889,139.4791402777778,1,3,9999,0,1,0
1,30,888,32,2,0,1,30000,0,206,2023,2,9,10,30,12,6,35,17,16,1,1,1,14,7,0,0,0,0,3,9,1,70,5,3,1,25,55,3,61,31,0,1,0,1,0,11,0,10,0,30,0,4,0,2,0,2,0,4,2,35.67259416666666,139.47846611111112,5,3,9999,0,1,0
1,30,888,35,2,0,1,30000,0,206,2023,1,20,8,13,12,6,49,16,55,1,1,1,1,7,1,21,0,0,14,9,30,70,4,2,1,75,25,3,61,31,0,1,0,1,0,11,0,2,0,50,0,4,0,2,0,2,0,4,2,35.66843472222222,139.4703788888889,6,3,79,0,9,0
1,30,888,37,2,0,1,30000,0,206,2023,2,15,19,20,22,6,29,17,22,1,1,1,14,7,0,0,0,0,2,9,1,70,5,3,1,65,55,3,61,1,0,1,0,1,0,11,0,2,0,40,0,4,0,2,0,2,0,4,2,35.67548055555555,139.50453083333332,4,3,9999,0,9,0
1,30,888,44,2,0,1,20820,0,206,2023,2,21,23,57,22,6,22,17,28,1,1,1,14,7,0,0,0,0,3,9,1,70,4,2,1,75,1,3,61,1,0,1,0,1,0,11,0,2,0,15,0,4,0,2,0,2,0,4,2,35.67416138888888,139.47924194444445,3,3,764,0,9,0
1,30,888,45,2,0,1,10480,0,206,2023,2,23,14,51,12,6,19,17,30,1,1,1,14,1,0,0,0,0,5,9,1,70,1,2,1,45,1,3,61,31,0,1,0,1,0,11,0,4,0,10,0,3,0,2,0,2,0,4,2,35.666603888888886,139.4446725,5,1,9999,0,9,0
1,30,888,46,2,0,1,20890,0,206,2023,2,23,16,30,13,6,19,17,30,1,1,1,1,1,9,22,0,0,15,9,30,70,5,2,1,35,75,4,61,31,0,1,0,1,0,11,0,3,0,10,0,4,0,2,0,2,0,4,2,35.668862777777775,139.50474027777778,5,1,9999,0,1,0
1,30,889,32,2,0,1,30000,0,214,2023,2,10,21,25,22,6,34,17,17,2,1,2,14,7,0,0,0,0,1,8,1,70,4,2,1,45,25,3,61,31,0,1,0,1,0,11,0,2,0,80,0,3,0,1,0,2,0,4,2,35.70530194444445,139.47392944444445,6,2,9999,0,4,0
1,30,889,33,2,0,1,30600,0,210,2023,2,13,7,40,12,6,31,17,20,2,1,1,1,1,9,22,0,0,14,9,30,70,4,2,1,35,75,51,61,41,0,0,0,0,0,0,0,0,0,40,0,3,0,0,0,0,0,4,2,35.705426111111116,139.50424555555554,2,3,0,0,0,0
1,30,889,35,2,0,1,30000,0,214,2023,2,11,19,0,22,6,33,17,18,1,1,1,14,7,0,0,0,0,2,9,1,70,5,4,1,1,45,51,61,41,0,0,0,0,0,0,0,0,0,10,0,4,0,0,0,0,0,4,2,35.702374444444445,139.48473555555555,7,1,0,0,0,0
1,30,889,36,2,0,1,30000,0,214,2023,2,14,19,55,22,6,30,17,21,1,1,1,1,7,9,22,0,0,14,9,30,70,5,2,1,55,55,3,61,31,0,1,0,1,0,11,0,10,0,10,0,4,0,2,0,2,0,4,2,35.69853083333333,139.46570749999998,3,3,9999,0,9,0
1,30,890,36,2,0,1,95000,0,229,2023,1,27,10,25,12,6,45,17,3,2,1,1,14,7,0,0,0,0,2,9,1,70,5,3,1,75,55,14,61,31,0,11,0,1,0,11,0,1,0,40,0,3,0,2,0,2,0,4,2,35.746856111111114,139.55070472222224,6,3,74,0,9,0
1,30,890,42,2,0,1,30000,0,229,2023,2,13,19,0,22,6,31,17,20,3,1,1,14,7,0,0,0,0,2,9,1,70,5,3,1,55,55,51,61,41,0,0,0,0,0,0,0,0,0,10,0,4,0,0,0,0,0,4,2,35.72729388888889,139.5409911111111,2,3,0,0,0,0
1,30,890,46,2,0,1,10250,0,229,2023,1,24,15,0,12,6,47,17,0,1,1,1,14,7,0,0,0,0,2,9,1,70,4,1,1,35,1,51,61,41,0,0,0,0,0,0,0,0,0,12,0,3,0,0,0,0,0,4,2,35.734587777777776,139.52826111111114,3,3,0,0,0,0
1,30,891,40,2,0,1,10250,0,213,2023,2,8,18,50,22,6,36,17,15,3,1,2,14,7,0,0,0,0,5,9,1,70,4,1,1,1,75,51,61,41,0,0,0,0,0,0,0,0,0,10,0,3,0,0,0,0,0,4,2,35.74967,139.47590861111112,4,3,0,0,0,0
1,30,891,49,2,0,1,30000,0,213,2023,2,3,16,40,13,6,40,17,10,2,1,1,14,7,0,0,0,0,3,9,1,70,5,3,1,25,65,4,61,31,0,1,0,1,0,11,0,2,0,20,0,4,0,2,0,2,0,4,2,35.76194916666667,139.46522694444442,6,3,9999,0,5,0
1,30,891,51,2,0,1,10500,0,213,2023,1,29,18,35,22,6,44,17,5,1,2,1,1,7,1,22,0,0,14,9,30,70,1,2,1,35,45,4,61,31,0,1,0,1,0,11,0,3,0,10,0,3,0,2,0,2,0,4,2,35.76365194444445,139.46862027777777,1,3,9999,0,9,0
1,30,891,52,2,0,1,30000,0,221,2023,2,19,4,50,22,6,24,17,26,1,2,1,13,7,0,0,0,0,3,4,1,70,5,3,1,55,55,36,61,31,0,0,0,0,0,11,0,2,0,10,0,3,0,0,0,0,0,4,2,35.788890277777774,139.53381055555556,1,3,9999,0,5,0
1,30,892,33,2,0,1,30000,0,203,2023,2,14,9,40,12,6,30,17,21,2,1,1,14,7,0,0,0,0,3,9,1,70,5,3,1,45,75,4,61,31,0,1,0,1,0,11,0,2,0,10,0,2,0,2,0,2,0,4,2,35.710797500000005,139.58622222222223,3,3,9999,0,9,0
1,30,892,38,2,0,1,30000,0,203,2023,2,23,18,53,22,6,19,17,30,1,1,1,14,7,0,0,0,0,2,9,1,70,5,3,1,45,55,51,61,41,0,0,0,0,0,0,0,0,0,10,0,3,0,0,0,0,0,4,2,35.70059722222223,139.58487194444444,5,1,0,0,0,0
1,30,892,43,2,0,1,30000,0,203,2023,2,27,12,55,12,6,14,17,34,1,1,1,14,7,0,0,0,0,2,9,1,70,5,3,1,75,25,52,61,41,0,0,0,0,0,0,0,0,0,20,0,3,0,0,0,0,0,2,4,35.703849444444444,139.5765013888889,2,3,0,0,0,0
1,30,893,18,2,0,1,30000,0,204,2023,2,1,18,0,21,6,41,17,8,1,1,1,1,7,1,21,0,0,15,9,30,70,4,2,1,35,25,3,61,31,0,1,0,1,0,11,0,10,0,20,0,3,0,2,0,2,0,4,2,35.69209444444444,139.58855944444446,4,3,9999,0,1,0
1,30,893,24,2,0,1,95000,0,204,2023,2,10,7,58,12,6,34,17,17,3,1,1,1,1,9,22,0,0,15,9,30,70,4,2,1,55,45,3,61,31,0,1,0,1,0,11,0,3,0,50,0,3,0,2,0,2,0,4,2,35.692163055555554,139.56469444444446,6,2,9999,0,9,0
1,30,893,25,2,0,1,30000,0,204,2023,2,12,10,15,12,6,32,17,19,1,1,1,14,7,0,0,0,0,2,8,1,70,5,4,1,45,25,51,61,41,0,0,0,0,0,0,0,0,0,10,0,3,0,0,0,0,0,4,2,35.695784999999994,139.58013944444443,1,3,0,0,0,0
1,30,893,26,2,0,1,30000,0,204,2023,2,8,1,35,22,6,36,17,15,1,1,1,14,7,0,0,0,0,2,9,1,70,5,3,1,55,55,3,61,1,0,1,0,1,0,11,0,3,0,80,0,3,0,2,0,2,0,4,2,35.686211388888886,139.58325666666667,4,3,9999,0,9,0
1,30,893,34,2,0,1,20910,0,204,2023,2,27,9,15,12,6,14,17,34,1,1,1,14,7,0,0,0,0,1,9,1,70,5,2,1,45,45,51,61,41,0,0,0,0,0,0,0,0,0,10,0,4,0,0,0,0,0,4,2,35.67771361111111,139.53891,2,3,0,0,0,0
1,30,893,38,2,0,1,30000,0,204,2023,2,26,15,30,12,6,16,17,33,1,1,1,14,7,0,0,0,0,1,9,1,70,5,4,1,1,0,61,0,0,0,0,0,0,0,0,0,0,0,0,0,0,0,0,0,0,0,2,0,35.697941666666665,139.58150527777778,1,3,0,0,0,0
1,30,893,39,2,0,1,20230,0,204,2023,2,23,19,47,22,6,19,17,30,1,1,1,1,1,9,22,0,0,15,9,30,70,4,2,1,45,45,3,61,31,0,1,0,1,0,11,0,3,0,10,0,3,0,2,0,2,0,4,2,35.68673388888889,139.5687475,5,1,9999,0,9,0
1,30,894,32,2,0,1,30000,0,208,2023,2,1,10,20,12,6,41,17,8,1,1,1,1,7,9,22,0,0,11,9,30,70,5,4,1,25,1,51,61,41,0,0,0,0,0,0,0,0,0,10,0,3,0,0,0,0,0,2,4,35.65680333333333,139.53176722222224,4,3,0,0,0,0
1,30,894,33,2,0,1,20000,0,208,2023,2,3,8,0,12,6,40,17,10,2,1,1,1,1,9,22,0,0,14,9,30,70,5,2,1,65,65,3,61,31,0,1,0,1,0,11,0,2,0,10,0,4,0,2,0,2,0,4,2,35.65568527777778,139.53624583333334,6,3,9999,0,9,0
1,30,894,39,2,0,1,30840,0,208,2023,2,6,16,15,13,6,37,17,13,1,1,1,7,1,0,0,0,0,3,9,1,70,4,2,1,65,75,3,61,31,0,1,0,1,0,11,0,3,0,20,0,3,0,2,0,2,0,4,2,35.64779083333333,139.54523722222223,2,3,9999,0,9,0
1,30,894,51,2,0,1,20900,0,208,2023,2,14,21,15,22,6,30,17,21,1,1,1,14,7,0,0,0,0,3,9,1,70,4,2,1,45,55,3,61,31,0,1,0,1,0,11,0,3,0,10,0,3,0,2,0,2,0,4,2,35.682049166666665,139.5580116666667,3,3,9999,0,1,0
1,30,894,53,2,0,1,30000,0,208,2023,2,16,23,8,22,6,27,17,23,1,1,1,14,3,0,0,0,0,1,9,1,1,5,4,1,35,0,61,0,0,0,0,0,0,0,0,0,0,0,0,0,0,0,0,0,0,0,2,0,35.65967416666667,139.5707075,5,3,0,0,0,0
1,30,894,55,2,0,1,30000,0,219,2023,1,21,16,7,13,6,48,16,56,1,1,1,14,7,0,0,0,0,2,9,1,70,5,4,1,45,45,3,61,31,0,1,0,1,0,11,0,5,0,40,0,3,0,2,0,2,0,4,2,35.632842777777775,139.5904627777778,7,3,9999,0,9,0
1,30,894,62,2,0,1,30000,0,219,2023,2,24,16,50,13,6,18,17,31,3,1,2,14,7,0,0,0,0,2,9,1,70,5,4,1,65,1,3,61,31,0,1,0,1,0,11,0,10,0,20,0,4,0,2,0,2,0,4,2,35.63682555555555,139.5707522222222,6,3,9999,0,9,0
1,30,894,67,2,0,1,30000,0,208,2023,2,27,11,30,12,6,14,17,34,1,1,1,1,1,9,22,0,0,15,9,30,70,5,2,1,75,75,3,61,31,0,1,0,1,0,11,0,5,0,10,0,4,0,2,0,2,0,4,2,35.651038888888884,139.54217805555555,2,3,1056,0,9,0
1,30,895,21,2,0,1,10660,0,211,2023,2,6,18,10,21,6,37,17,13,1,1,1,14,7,0,0,0,0,4,9,1,70,4,2,1,55,0,61,0,0,0,0,0,0,0,0,0,0,0,0,0,0,0,0,0,0,0,2,0,35.72889027777778,139.49817166666665,2,3,0,0,0,0
1,30,895,24,2,0,1,30000,0,211,2023,2,20,15,35,12,6,23,17,27,1,1,1,1,7,9,22,0,0,11,9,30,70,5,3,1,1,1,51,61,41,0,0,0,0,0,0,0,0,0,40,0,4,0,0,0,0,0,4,2,35.72859833333334,139.4414377777778,2,3,0,0,0,0
1,30,895,25,2,0,1,10500,0,211,2023,2,22,18,7,21,6,21,17,29,1,1,1,14,7,0,0,0,0,1,9,1,70,4,2,1,35,45,51,61,41,0,0,0,0,0,0,0,0,0,10,0,4,0,0,0,0,0,4,2,35.720128333333335,139.46476166666665,4,2,0,0,0,0
1,30,895,27,2,0,1,10240,0,211,2023,2,28,21,48,22,6,13,17,35,1,1,1,14,7,0,0,0,0,2,9,1,70,5,2,1,45,1,3,61,31,0,1,0,1,0,11,0,3,0,80,0,3,0,2,0,2,0,4,2,35.730494166666666,139.47709666666668,3,3,9999,0,1,0
1,30,895,28,2,0,1,30000,0,211,2023,2,9,18,50,22,6,35,17,16,1,1,1,14,7,0,0,0,0,1,9,1,70,4,1,1,45,55,51,61,41,0,0,0,0,0,0,0,0,0,10,0,3,0,0,0,0,0,4,2,35.72293361111111,139.49965444444445,5,3,0,0,0,0
1,30,100,21,2,0,1,30000,0,101,2023,3,6,17,14,13,6,5,17,40,1,1,1,14,7,0,0,0,0,2,9,1,70,5,4,1,55,75,3,61,1,0,1,0,1,0,11,0,2,0,40,0,3,0,2,0,2,0,4,2,35.70019833333333,139.74540138888887,2,3,9999,0,9,0
1,30,100,22,2,0,1,30000,0,101,2023,3,7,9,58,12,6,4,17,41,1,1,1,1,7,6,21,0,0,15,9,30,1,4,2,1,45,45,3,61,31,0,1,0,1,0,11,0,2,0,50,0,3,0,2,0,2,0,4,2,35.67959361111111,139.73839194444443,3,3,9999,0,1,0
1,30,100,26,2,0,1,30000,0,101,2023,3,19,9,0,12,5,47,17,51,1,1,1,1,7,9,22,0,0,14,7,30,70,5,2,1,55,55,3,61,1,0,1,0,1,0,11,0,3,0,10,0,3,0,2,0,2,0,4,2,35.679630277777775,139.73838694444444,1,3,9999,0,9,0
1,30,100,33,2,0,1,10010,0,101,2023,3,27,14,0,12,5,36,17,58,1,1,1,1,7,9,22,0,0,18,9,30,70,5,2,1,25,35,3,61,31,0,1,0,1,0,11,0,3,0,20,0,4,0,2,0,2,0,4,2,35.690930277777774,139.7587561111111,2,3,9999,0,1,0
1,30,103,9,2,0,1,10050,0,101,2023,1,26,8,13,12,6,46,17,2,1,1,1,1,1,9,22,0,0,19,9,30,70,1,2,1,35,65,51,61,41,0,0,0,0,0,0,0,0,0,10,0,3,0,0,0,0,0,4,2,35.69544055555555,139.7761641666667,5,3,0,0,0,0
1,30,103,10,2,0,1,30000,0,101,2023,3,9,11,27,12,6,1,17,43,1,1,1,14,7,0,0,0,0,5,9,1,70,4,2,1,45,75,51,61,41,0,0,0,0,0,0,0,0,0,10,0,4,0,0,0,0,0,4,2,35.69981416666666,139.77056222222222,5,3,0,0,0,0
1,30,103,13,2,0,1,20540,0,101,2023,3,20,18,54,22,5,46,17,52,1,1,1,1,1,9,22,0,0,18,9,30,70,5,2,1,55,25,3,61,1,0,1,0,1,0,11,0,1,0,10,0,3,0,2,0,2,0,4,2,35.69632027777777,139.78001527777778,2,2,9999,0,9,0
1,30,103,16,2,0,1,30000,0,101,2023,3,28,15,55,12,5,34,17,59,1,1,1,14,7,0,0,0,0,4,9,1,1,5,1,1,35,55,51,61,41,0,0,0,0,0,0,0,0,0,10,0,4,0,0,0,0,0,4,2,35.695230277777775,139.77427222222224,3,3,0,0,0,0
1,30,104,44,2,0,1,30000,0,102,2023,3,8,15,55,12,6,3,17,42,1,1,1,14,7,0,0,0,0,3,9,1,70,4,2,1,55,75,17,61,1,0,11,0,1,0,11,0,2,0,10,0,3,0,2,0,2,0,4,2,35.678107222222216,139.76989611111114,4,3,9999,0,9,0
1,30,104,48,2,0,1,95000,0,102,2023,3,9,9,15,12,6,1,17,43,1,1,1,1,1,9,22,0,0,17,7,30,70,4,2,1,55,25,13,61,31,0,11,0,1,0,11,0,5,0,50,0,3,0,2,0,2,0,4,2,35.692161111111105,139.78081111111112,5,3,9999,0,1,0
1,30,104,50,2,0,1,20090,0,102,2023,3,1,21,48,22,6,12,17,36,1,1,1,1,1,9,22,0,0,18,9,30,70,4,2,1,35,25,3,61,1,0,1,0,1,0,11,0,4,0,10,0,3,0,2,0,2,0,4,2,35.68751083333333,139.77011194444447,4,3,9999,0,1,0
1,30,104,55,2,0,1,20100,0,102,2023,3,19,12,15,12,5,47,17,51,1,1,1,14,7,0,0,0,0,5,9,1,70,4,2,1,45,35,51,61,41,0,0,0,0,0,0,0,0,0,20,0,4,0,0,0,0,0,4,2,35.676608055555555,139.77863944444445,1,3,0,0,0,0
1,30,104,63,2,0,1,30000,0,102,2023,3,24,13,0,12,5,40,17,56,2,1,1,1,7,9,22,0,0,14,9,30,70,5,2,1,25,25,3,61,31,0,1,0,1,0,11,0,10,0,30,0,3,0,2,0,2,0,4,2,35.6818125,139.77831500000002,6,3,9999,0,1,0
1,30,104,71,2,0,1,95000,0,102,2023,3,29,10,45,12,5,33,18,0,1,1,1,0,7,0,0,0,0,0,0,20,70,0,2,1,55,45,51,61,41,0,0,0,0,0,0,0,0,0,20,0,4,0,0,0,0,0,4,2,35.68015222222222,139.77409250000002,4,3,0,0,0,0
1,30,106,41,2,0,1,10020,0,102,2023,3,3,12,47,12,6,9,17,37,1,1,1,14,7,0,0,0,0,6,9,1,70,1,2,1,45,75,51,61,41,0,0,0,0,0,0,0,0,0,10,0,3,0,0,0,0,0,4,2,35.66495888888889,139.77211250000002,6,3,0,0,0,0
1,30,106,46,2,0,1,30000,0,102,2023,3,18,12,18,12,5,49,17,51,3,1,2,1,7,1,21,0,0,15,9,30,70,5,2,1,45,55,3,61,31,0,1,0,1,0,11,0,10,0,10,0,3,0,2,0,2,0,4,2,35.67348305555555,139.76826083333336,7,3,9999,0,9,0
1,30,107,25,2,0,1,10020,0,102,2023,3,15,16,45,12,5,53,17,48,1,1,1,14,7,0,0,0,0,3,9,1,70,1,1,1,65,1,51,61,41,0,0,0,0,0,0,0,0,0,10,0,4,0,0,0,0,0,4,2,35.658945555555555,139.77788777777778,4,3,0,0,0,0
1,30,107,31,2,0,1,10020,0,102,2023,3,31,15,0,12,5,30,18,1,2,1,1,1,1,9,22,0,0,19,9,30,70,1,1,1,55,75,51,61,41,0,0,0,0,0,0,0,0,0,40,0,3,0,0,0,0,0,4,2,35.660264999999995,139.7765938888889,6,3,0,0,0,0
1,30,108,34,2,0,1,10,48,103,2023,3,1,7,20,12,6,12,17,36,1,1,1,1,1,9,22,0,0,18,9,30,70,1,1,1,55,55,51,61,41,0,0,0,0,0,0,0,0,0,20,0,3,0,0,0,0,0,4,2,35.66328472222222,139.74513,4,3,0,0,0,0
1,30,108,35,2,0,1,20000,0,103,2023,3,1,15,50,12,6,12,17,36,1,1,1,14,7,0,0,0,0,5,9,1,70,4,1,1,25,65,51,61,41,0,0,0,0,0,0,0,0,0,10,0,3,0,0,0,0,0,4,2,35.666957777777775,139.76051027777777,4,3,0,0,0,0
1,30,108,39,2,0,1,30000,0,103,2023,3,8,19,23,22,6,3,17,42,1,1,1,14,7,0,0,0,0,2,9,1,1,5,4,1,35,25,3,61,31,0,1,0,1,0,11,0,2,0,40,0,4,0,2,0,2,0,4,2,35.66452666666667,139.75159166666666,4,3,9999,0,1,0
1,30,108,42,2,0,1,95000,0,103,2023,3,11,14,0,12,5,58,17,45,1,1,1,1,1,9,22,0,0,17,9,30,70,1,1,1,75,25,3,61,1,0,1,0,1,0,11,0,10,0,80,0,3,0,2,0,2,0,4,2,35.66166861111111,139.75890027777777,7,3,485,0,9,0
1,30,108,48,2,0,1,30000,0,103,2023,3,20,14,5,12,5,46,17,52,1,1,3,14,7,0,0,0,0,4,9,1,70,4,2,1,45,55,52,61,41,0,0,0,0,0,0,0,0,0,20,0,4,0,0,0,0,0,4,2,35.66650583333333,139.75538305555557,2,2,0,0,0,0
1,30,108,53,2,0,1,30000,0,103,2023,3,30,12,35,12,5,31,18,1,1,1,1,1,7,9,22,0,0,11,9,30,70,5,2,1,55,65,13,61,31,0,11,0,1,0,11,0,10,0,20,0,3,0,2,0,2,0,4,2,35.66227222222222,139.75473027777778,5,3,9999,0,9,0
1,30,109,28,2,0,1,30000,0,103,2023,3,2,15,50,12,6,11,17,37,2,1,1,7,1,0,0,0,0,3,9,1,70,4,3,1,65,55,3,61,31,0,1,0,1,0,11,0,1,0,80,0,3,0,2,0,2,0,4,2,35.64250333333333,139.73896277777777,5,3,9999,0,9,0
1,30,109,39,2,0,1,30000,0,103,2023,3,23,8,2,12,5,41,17,55,1,1,1,1,7,1,21,0,0,17,9,30,70,5,2,1,25,75,13,61,31,0,11,0,1,0,11,0,5,0,10,0,3,0,2,0,2,0,4,2,35.64962055555556,139.74606888888889,5,3,9999,0,9,0
1,30,110,21,2,0,1,10140,0,103,2023,2,4,5,32,22,6,39,17,11,2,1,1,14,7,0,0,0,0,5,9,1,70,1,2,1,25,55,51,61,41,0,0,0,0,0,0,0,0,0,10,0,4,0,0,0,0,0,4,2,35.62646,139.7449572222222,7,3,0,0,0,0
1,30,110,22,2,0,1,30000,0,103,2023,2,16,9,12,12,6,27,17,23,1,1,1,14,7,0,0,0,0,2,8,1,70,1,3,1,35,75,3,61,31,0,1,0,1,0,11,0,5,0,10,0,3,0,2,0,2,0,4,2,35.640168055555556,139.73199027777778,5,3,9999,0,1,0
1,30,110,25,2,0,1,150,67,103,2023,3,9,8,55,12,6,1,17,43,1,1,1,1,1,9,22,0,0,14,9,30,70,1,1,1,55,55,3,61,31,0,1,0,1,0,11,0,5,0,10,0,3,0,2,0,2,0,4,2,35.634147222222225,139.73803777777778,5,3,9999,0,1,0
1,30,110,28,2,0,1,30000,0,103,2023,2,24,20,15,22,6,18,17,31,3,1,2,14,7,0,0,0,0,2,9,1,1,5,4,1,45,45,3,61,1,0,1,0,1,0,11,0,2,0,30,0,3,0,2,0,2,0,4,2,35.64535305555555,139.73408166666664,6,3,9999,0,1,0
1,30,110,29,2,0,1,30100,0,103,2023,2,17,11,25,12,6,26,17,24,1,1,1,14,7,0,0,0,0,3,9,1,70,5,1,1,55,75,3,61,31,0,1,0,1,0,11,0,3,0,20,0,4,0,2,0,2,0,4,2,35.630408333333335,139.73237361111111,6,3,9999,0,9,0
1,30,110,32,2,0,1,10140,0,103,2023,2,22,4,55,22,6,21,17,29,1,1,1,1,1,9,22,0,0,17,9,30,70,1,1,1,65,65,3,61,31,0,1,0,1,0,11,0,3,0,10,0,3,0,2,0,2,0,4,2,35.624471944444444,139.7451386111111,4,2,9999,0,9,0
1,30,111,50,2,0,1,10090,0,103,2022,12,20,19,30,22,6,46,16,31,1,1,1,1,1,9,22,0,0,17,9,30,70,5,1,1,45,1,3,61,31,0,1,0,1,0,11,0,4,0,10,0,4,0,2,0,2,0,4,2,35.647306666666665,139.73148583333332,3,3,9999,0,9,0
1,30,111,51,2,0,1,30000,0,103,2023,2,8,9,13,12,6,36,17,15,1,1,1,14,7,0,0,0,0,3,9,1,70,5,2,1,45,35,17,61,1,0,11,0,1,0,11,0,2,0,80,0,4,0,2,0,2,0,4,2,35.65083027777778,139.73409194444443,4,3,9999,0,2,0
1,30,111,53,2,0,1,30000,0,103,2023,2,23,2,53,22,6,19,17,30,1,1,1,1,7,9,22,0,0,11,8,30,70,5,4,1,25,25,3,61,31,0,1,0,1,0,11,0,2,0,14,0,4,0,2,0,2,0,4,2,35.66461722222222,139.73030972222222,5,1,9999,0,1,0
1,30,111,54,2,0,1,30000,0,103,2023,2,26,10,21,12,6,16,17,33,1,1,1,14,7,0,0,0,0,2,9,1,70,5,3,1,25,0,61,0,0,0,0,0,0,0,0,0,0,0,0,0,0,0,0,0,0,0,2,0,35.64890305555556,139.73554027777777,1,3,0,0,0,0
1,30,111,55,2,0,1,10670,0,103,2023,2,27,18,53,22,6,14,17,34,1,1,1,1,1,9,22,0,0,18,8,30,70,1,1,1,35,65,51,61,41,0,0,0,0,0,0,0,0,0,10,0,3,0,0,0,0,0,4,2,35.65766027777778,139.73672138888887,2,3,0,0,0,0
1,30,111,56,2,0,1,20140,0,103,2023,3,1,2,38,22,6,12,17,36,1,1,1,1,1,9,22,0,0,19,9,30,70,1,2,1,45,45,3,61,1,0,1,0,1,0,11,0,5,0,20,0,3,0,2,0,2,0,4,2,35.66674361111111,139.7389411111111,4,3,9999,0,9,0
1,30,111,61,2,0,1,95000,0,103,2023,3,7,16,5,12,6,4,17,41,1,1,1,14,7,0,0,0,0,4,9,20,70,1,2,1,35,65,3,61,31,0,1,0,1,0,11,0,10,0,10,0,2,0,2,0,2,0,4,2,35.660715277777776,139.73744833333333,3,3,9999,0,5,0
1,30,111,63,2,0,1,10670,0,103,2023,3,8,20,35,22,6,3,17,42,1,1,1,1,1,9,22,0,0,18,9,30,70,1,2,1,65,75,3,61,1,0,1,0,1,0,11,0,4,0,80,0,4,0,2,0,2,0,4,2,35.65923861111111,139.73229555555557,4,3,9999,0,9,0
1,30,111,64,2,0,1,10090,0,103,2023,3,9,11,57,12,6,1,17,43,1,1,1,14,7,0,0,0,0,4,9,1,70,1,1,1,45,45,51,61,41,0,0,0,0,0,0,0,0,0,10,0,4,0,0,0,0,0,4,2,35.6472525,139.72918694444445,5,3,0,0,0,0
1,30,111,65,2,0,1,30000,0,103,2023,3,9,20,34,22,6,1,17,43,1,1,1,14,7,0,0,0,0,2,9,1,70,5,4,1,35,55,5,61,31,0,1,0,1,0,11,0,1,0,10,0,3,0,2,0,2,0,4,2,35.664695277777774,139.72932222222224,5,3,9999,0,1,0
1,30,111,73,2,0,1,10120,0,103,2023,3,17,18,32,21,5,50,17,50,2,1,1,14,7,0,0,0,0,2,9,1,70,4,1,1,25,75,51,61,41,0,0,0,0,0,0,0,0,0,10,0,4,0,0,0,0,0,4,2,35.663490555555555,139.73184111111112,6,3,0,0,0,0
1,30,111,74,2,0,1,30000,0,103,2023,3,21,14,32,12,5,44,17,53,2,1,1,14,7,0,0,0,0,2,9,1,70,5,1,1,55,1,3,61,31,0,1,0,1,0,11,0,10,0,50,0,4,0,2,0,2,0,4,2,35.65127416666667,139.7274011111111,3,1,9999,0,9,0
1,30,111,80,2,0,1,30000,0,103,2023,3,28,12,25,12,5,34,17,59,3,1,2,7,7,0,0,0,0,2,9,1,1,5,2,1,55,75,52,61,41,0,0,0,0,0,0,0,0,0,10,0,4,0,0,0,0,0,4,2,35.65511138888889,139.7349086111111,3,3,0,0,0,0
1,30,112,42,2,0,1,95000,0,103,2023,3,6,16,10,12,6,5,17,40,1,1,1,14,7,0,0,0,0,1,9,20,70,5,4,1,35,65,3,61,31,0,1,0,1,0,11,0,10,0,40,0,4,0,2,0,2,0,4,2,35.67241055555555,139.72628277777778,2,3,9999,0,1,0