資料区分,都道府県コード,警察署等コード,本票番号,事故内容,死者数,負傷者数,路線コード,地点コード,市区町村コード,発生日時　　年,発生日時　　月,発生日時　　日,発生日時　　時,発生日時　　分,昼夜,日の出時刻　　時,日の出時刻　　分,日の入り時刻　　時,日の入り時刻　　分,天候,地形,路面状態,道路形状,信号機,一時停止規制　標識（当事者A）,一時停止規制　表示（当事者A）,一時停止規制　標識（当事者B）,一時停止規制　表示（当事者B）,車道幅員,道路線形,衝突地点,ゾーン規制,中央分離帯施設等,歩車道区分,事故類型,年齢（当事者A）,年齢（当事者B）,当事者種別（当事者A）,当事者種別（当事者B）,用途別（当事者A）,用途別（当事者B）,車両形状等（当事者A）,車両形状等（当事者B）,オートマチック車（当事者A）,オートマチック車（当事者B）,サポカー（当事者A）,サポカー（当事者B）,速度規制（指定のみ）（当事者A）,速度規制（指定のみ）（当事者B）,車両の衝突部位（当事者A）,車両の衝突部位（当事者B）,車両の損壊程度（当事者A）,車両の損壊程度（当事者B）,エアバッグの装備（当事者A）,エアバッグの装備（当事者B）,サイドエアバッグの装備（当事者A）,サイドエアバッグの装備（当事者B）,人身損傷程度（当事者A）,人身損傷程度（当事者B）,lat,lon,曜日(発生年月日),祝日(発生年月日),認知機能検査経過日数（当事者A）,認知機能検査経過日数（当事者B）,運転練習の方法（当事者A）,運転練習の方法（当事者B）
1,30,112,52,2,0,1,30000,0,103,2023,3,17,13,20,12,5,50,17,50,2,1,1,1,1,9,22,0,0,14,9,30,70,4,2,1,25,25,14,61,1,0,11,0,1,0,11,0,2,0,10,0,4,0,2,0,2,0,4,2,35.671953055555555,139.73900777777777,6,3,9999,0,9,0
1,30,112,55,2,0,1,20170,0,103,2023,3,22,18,35,21,5,43,17,54,1,1,1,1,1,9,22,0,0,18,9,30,70,1,1,1,45,35,51,61,41,0,0,0,0,0,0,0,0,0,10,0,3,0,0,0,0,0,4,2,35.66956333333333,139.74129472222222,4,3,0,0,0,0
1,30,215,34,2,0,1,10070,0,109,2023,3,30,8,30,12,5,31,18,1,1,1,1,14,7,0,0,0,0,5,9,1,70,4,2,1,35,45,51,61,41,0,0,0,0,0,0,0,0,0,10,0,4,0,0,0,0,0,4,2,35.610860833333334,139.7475836111111,5,3,0,0,0,0
1,30,216,39,2,0,1,30000,0,109,2023,3,1,20,15,22,6,12,17,36,1,1,1,14,7,0,0,0,0,5,9,1,70,4,2,1,1,25,51,61,41,0,0,0,0,0,0,0,0,0,10,0,3,0,0,0,0,0,4,2,35.59817944444445,139.74532916666666,4,3,0,0,0,0
1,30,216,41,2,0,1,30000,0,109,2023,3,3,22,53,22,6,9,17,37,1,1,1,1,7,1,21,0,0,14,9,30,70,4,2,1,65,35,3,61,1,0,1,0,1,0,11,0,5,0,10,0,3,0,2,0,2,0,4,2,35.60190388888889,139.7221497222222,6,3,9999,0,9,0
1,30,216,49,2,0,1,150,99,109,2023,3,19,1,33,22,5,47,17,51,2,1,1,1,7,9,22,0,0,14,9,30,70,1,1,1,45,55,13,61,31,0,11,0,1,0,11,0,10,0,10,0,1,0,2,0,2,0,4,2,35.606680555555556,139.74324277777777,1,3,9999,0,9,0
1,30,217,43,2,0,1,10,98,109,2023,3,2,0,25,22,6,11,17,37,1,1,1,14,1,0,0,0,0,6,9,1,70,1,1,1,25,35,14,61,31,0,11,0,1,0,11,0,10,0,10,0,3,0,2,0,2,0,4,2,35.62725805555556,139.72433444444445,5,3,9999,0,1,0
1,30,217,44,2,0,1,10,101,109,2023,3,6,20,47,22,6,5,17,40,1,1,1,1,1,9,22,0,0,14,9,30,70,1,1,1,1,35,51,61,41,0,0,0,0,0,0,0,0,0,10,0,3,0,0,0,0,0,4,2,35.62506388888889,139.72172555555557,2,3,0,0,0,0
1,30,217,51,2,0,1,10160,0,109,2023,3,17,13,0,12,5,50,17,50,2,1,1,1,1,9,22,0,0,18,9,30,70,1,1,1,25,65,51,61,41,0,0,0,0,0,0,0,0,0,10,0,3,0,0,0,0,0,4,2,35.62663722222222,139.71532944444442,6,3,0,0,0,0
1,30,217,70,2,0,1,10,104,109,2023,3,18,2,45,22,5,49,17,51,3,1,2,1,3,9,22,0,0,19,9,30,70,1,1,1,45,55,3,61,1,0,1,0,1,0,11,0,10,0,40,0,4,0,2,0,2,0,4,2,35.62365055555556,139.72099666666668,7,3,9999,0,5,0
1,30,218,33,2,0,1,10,125,109,2023,2,20,15,32,12,6,23,17,27,1,1,1,7,7,0,0,0,0,4,9,1,70,1,2,1,35,1,51,61,41,0,0,0,0,0,0,0,0,0,20,0,4,0,0,0,0,0,4,2,35.60540138888889,139.71352694444442,2,3,0,0,0,0
1,30,218,36,2,0,1,30000,0,109,2023,3,3,13,50,12,6,9,17,37,1,1,1,14,7,0,0,0,0,2,9,1,70,5,3,1,65,35,14,61,1,0,11,0,1,0,11,0,2,0,10,0,3,0,2,0,2,0,4,2,35.606031944444446,139.71342944444444,6,3,9999,0,9,0
1,30,218,37,2,0,1,10170,0,109,2023,3,5,5,50,23,6,7,17,39,2,1,1,1,1,9,22,0,0,18,8,30,70,4,1,1,35,65,51,61,41,0,0,0,0,0,0,0,0,0,0,0,3,0,0,0,0,0,4,2,35.616640000000004,139.7108008333333,1,3,0,0,0,0
1,30,218,38,2,0,1,30000,0,109,2023,3,6,15,28,12,6,5,17,40,1,1,1,14,7,0,0,0,0,1,9,1,1,5,2,1,1,1,51,61,41,0,0,0,0,0,0,0,0,0,14,0,4,0,0,0,0,0,4,2,35.60295333333333,139.7040375,2,3,0,0,0,0
1,30,218,39,2,0,1,30000,0,109,2023,1,31,15,55,12,6,42,17,7,1,1,1,7,7,0,0,0,0,3,9,1,70,5,3,1,35,45,3,61,31,0,1,0,1,0,11,0,2,0,20,0,4,0,2,0,2,0,4,2,35.618608333333334,139.70462777777777,3,3,9999,0,1,0
1,30,219,75,2,0,1,30000,0,111,2023,2,25,8,55,12,6,17,17,32,1,1,1,1,7,1,21,0,0,15,9,30,70,5,2,1,45,55,52,61,41,0,0,0,0,0,0,0,0,0,10,0,3,0,0,0,0,0,4,2,35.588118333333334,139.72845055555555,7,3,0,0,0,0
1,30,219,77,2,0,1,20180,0,111,2023,3,1,1,0,22,6,12,17,36,1,1,1,14,7,0,0,0,0,3,9,1,70,5,1,1,45,35,3,61,1,0,1,0,1,0,11,0,3,0,10,0,2,0,2,0,2,0,4,2,35.590135000000004,139.72807972222222,4,3,9999,0,1,0
1,30,219,88,2,0,1,30000,0,111,2023,3,7,10,45,12,6,4,17,41,1,1,1,14,7,0,0,0,0,2,9,1,70,5,4,1,65,75,3,61,1,0,1,0,1,0,11,0,10,0,10,0,3,0,2,0,2,0,4,2,35.56858666666667,139.72635194444445,3,3,9999,0,9,0
1,30,219,94,2,0,1,70000,0,111,2023,3,4,9,20,12,6,8,17,38,1,1,1,1,7,1,21,0,0,11,9,30,1,5,3,1,65,25,14,61,1,0,11,0,1,0,11,0,2,0,10,0,4,0,2,0,2,0,4,2,35.56846916666667,139.72684083333334,7,3,9999,0,9,0
1,30,219,100,2,0,1,30000,0,111,2023,2,22,11,10,12,6,21,17,29,1,1,1,14,7,0,0,0,0,1,9,1,1,5,3,1,65,55,3,61,31,0,1,0,1,0,11,0,2,0,40,0,4,0,2,0,2,0,4,2,35.56724861111111,139.73563027777777,4,2,9999,0,9,0
1,30,219,105,2,0,1,30000,0,111,2023,2,27,11,18,12,6,14,17,34,1,1,1,1,7,4,21,0,0,11,9,30,70,4,2,1,55,35,13,61,31,0,11,0,1,0,11,0,10,0,10,0,3,0,2,0,2,0,4,2,35.58730027777778,139.72915472222223,2,3,9999,0,9,0
1,30,219,106,2,0,1,30000,0,111,2023,3,27,13,50,12,5,36,17,58,1,1,1,1,1,9,22,0,0,11,9,30,70,4,3,1,25,75,51,61,41,0,0,0,0,0,0,0,0,0,40,0,4,0,0,0,0,0,4,2,35.58263111111111,139.7169186111111,2,3,0,0,0,0
1,30,219,111,2,0,1,20180,0,111,2023,2,20,14,20,12,6,23,17,27,1,1,1,14,7,0,0,0,0,4,9,1,70,4,1,1,35,65,34,61,31,0,0,0,0,0,11,0,1,0,10,0,3,0,0,0,0,0,4,2,35.58999777777778,139.72801166666667,2,3,9999,0,1,0
1,30,220,41,2,0,1,10190,0,111,2023,3,1,9,35,12,6,12,17,36,1,1,1,1,1,9,22,0,0,14,9,30,70,5,3,1,1,55,3,61,31,0,1,0,1,0,11,0,2,0,10,0,3,0,2,0,2,0,4,2,35.582702222222224,139.67405833333333,4,3,9999,0,1,0
1,30,220,51,2,0,1,10130,0,111,2023,3,25,1,52,22,5,39,17,56,3,1,2,1,1,9,22,0,0,17,9,30,70,1,1,1,45,55,3,61,31,0,1,0,1,0,11,0,4,0,10,0,2,0,2,0,2,0,4,2,35.6017725,139.6996102777778,7,3,9999,0,9,0
1,30,220,55,2,0,1,30000,0,111,2023,3,21,11,45,12,5,44,17,53,2,1,1,1,1,9,22,0,0,15,9,30,70,5,2,1,55,55,3,61,31,0,1,0,1,0,11,0,2,0,10,0,3,0,2,0,2,0,4,2,35.58660388888889,139.67576916666667,3,1,9999,0,9,0
1,30,221,67,1,1,0,30000,0,111,2023,3,15,21,2,22,5,53,17,48,1,1,1,14,7,0,0,0,0,3,9,1,70,4,2,1,65,65,17,61,31,0,11,0,1,0,11,0,2,0,10,0,3,0,2,0,2,0,4,1,35.55748722222222,139.74246499999998,4,3,9999,0,9,0
1,30,221,71,2,0,1,95000,0,111,2023,3,8,15,5,12,6,3,17,42,1,1,1,1,7,1,21,0,0,11,9,30,70,5,2,1,75,55,3,61,31,0,1,0,1,0,11,0,10,0,10,0,3,0,2,0,2,0,4,2,35.562056388888884,139.71969944444444,4,3,332,0,9,0
1,30,221,88,2,0,1,30000,0,111,2023,2,24,15,10,12,6,18,17,31,2,1,1,1,7,9,22,0,0,14,9,30,70,5,3,1,55,55,3,61,31,0,1,0,1,0,11,0,1,0,80,0,3,0,1,0,2,0,4,2,35.54652111111111,139.74345722222222,6,3,9999,0,9,0
1,30,221,98,2,0,1,30000,0,111,2023,3,11,15,23,12,5,58,17,45,1,1,1,14,7,0,0,0,0,2,9,1,70,5,3,1,35,55,51,61,41,0,0,0,0,0,0,0,0,0,10,0,3,0,0,0,0,0,4,2,35.54432027777778,139.72340916666667,7,3,0,0,0,0
1,30,222,62,2,0,1,30000,0,111,2023,3,19,12,10,12,5,47,17,51,1,1,1,14,7,0,0,0,0,3,9,1,70,5,3,1,65,65,3,61,31,0,1,0,1,0,11,0,1,0,80,0,3,0,2,0,2,0,4,2,35.56010055555555,139.6976236111111,1,3,9999,0,9,0
1,30,222,63,2,0,1,30000,0,111,2023,3,19,13,20,12,5,47,17,51,1,1,1,1,7,9,22,0,0,15,9,30,70,5,2,1,75,1,3,61,31,0,1,0,1,0,11,0,5,0,80,0,4,0,2,0,2,0,4,2,35.56705055555556,139.69330805555555,1,3,304,0,9,0
1,30,325,42,2,0,1,10210,0,112,2023,3,3,17,10,13,6,9,17,37,1,1,1,1,3,9,22,0,0,18,9,30,70,5,2,1,45,75,3,61,31,0,1,0,1,0,11,0,1,0,60,0,4,0,2,0,2,0,4,2,35.64000388888889,139.63751055555554,6,3,9999,0,1,0
1,30,325,44,2,0,1,30980,0,112,2023,3,7,8,35,12,6,4,17,41,1,1,1,1,7,9,22,0,0,15,9,30,70,5,2,1,25,35,3,61,31,0,1,0,1,0,11,0,3,0,80,0,3,0,2,0,2,0,4,2,35.63906305555555,139.6712961111111,3,3,9999,0,1,0
1,30,325,45,2,0,1,30000,0,112,2023,3,10,0,50,22,6,0,17,44,1,1,1,1,1,8,22,0,0,15,9,30,70,5,1,1,75,55,3,61,1,0,1,0,1,0,11,0,3,0,50,0,3,0,2,0,2,0,4,2,35.64588361111111,139.68175194444444,6,3,543,0,9,0
1,30,325,46,2,0,1,30740,0,112,2023,2,28,18,35,22,6,13,17,35,1,1,1,14,8,0,0,0,0,2,9,1,70,4,2,1,55,45,51,61,41,0,0,0,0,0,0,0,0,0,11,0,4,0,0,0,0,0,4,2,35.646435,139.66969444444445,3,3,0,0,0,0
1,30,325,52,2,0,1,10210,0,112,2023,3,22,13,7,12,5,43,17,54,1,1,1,14,7,0,0,0,0,4,9,1,70,5,1,1,45,55,51,61,41,0,0,0,0,0,0,0,0,0,40,0,3,0,0,0,0,0,4,2,35.63743888888889,139.62210055555556,4,3,0,0,0,0
1,30,325,54,2,0,1,30000,0,112,2023,3,23,21,20,22,5,41,17,55,3,1,2,14,1,0,0,0,0,2,9,1,70,5,2,1,45,35,5,61,31,0,1,0,2,0,11,0,1,0,10,0,3,0,2,0,2,0,4,2,35.64400388888889,139.67275944444444,5,3,9999,0,3,0
1,30,325,63,2,0,1,10210,0,112,2023,3,16,13,25,12,5,51,17,49,1,1,1,14,7,0,0,0,0,2,9,1,70,4,2,1,45,45,51,61,41,0,0,0,0,0,0,0,0,0,11,0,4,0,0,0,0,0,4,2,35.64191833333333,139.65898194444446,5,3,0,0,0,0
1,30,326,71,2,0,1,30000,0,112,2023,1,23,10,50,12,6,47,16,59,2,1,1,14,7,0,0,0,0,3,9,1,70,5,2,1,45,75,14,61,1,0,11,0,1,0,11,0,10,0,30,0,3,0,2,0,2,0,4,2,35.66814027777777,139.6515013888889,2,3,9999,0,1,0
1,30,326,77,2,0,1,20260,0,112,2023,3,1,18,18,21,6,12,17,36,2,1,1,1,1,9,22,0,0,15,9,30,70,4,1,1,25,25,17,61,31,0,11,0,1,0,11,0,3,0,41,0,4,0,2,0,2,0,4,2,35.65091638888889,139.66725805555555,4,3,9999,0,1,0
1,30,326,82,2,0,1,30000,0,112,2023,2,5,15,0,12,6,38,17,12,1,1,1,14,7,0,0,0,0,1,7,1,70,5,3,1,75,35,3,61,1,0,1,0,1,0,11,0,5,0,40,0,4,0,2,0,2,0,4,2,35.661184999999996,139.66780083333333,1,3,212,0,9,0
1,30,326,85,2,0,1,30000,0,112,2023,3,7,15,30,12,6,4,17,41,1,1,1,14,7,0,0,0,0,1,9,1,70,5,3,1,75,25,3,61,31,0,1,0,1,0,11,0,2,0,40,0,4,0,2,0,2,0,4,2,35.653605,139.63438472222222,3,3,328,0,5,0
1,30,326,86,2,0,1,95000,0,112,2023,3,11,13,45,12,5,58,17,45,1,1,1,14,7,0,0,0,0,2,9,1,70,5,3,1,25,45,3,61,31,0,1,0,1,0,11,0,2,0,80,0,3,0,2,0,2,0,4,2,35.64979777777778,139.63671527777777,7,3,9999,0,1,0
1,30,326,92,2,0,1,30000,0,112,2023,3,14,15,10,12,5,54,17,47,1,1,1,14,7,0,0,0,0,3,9,1,70,5,3,1,65,35,3,61,31,0,1,0,1,0,11,0,10,0,10,0,3,0,2,0,2,0,4,2,35.6558825,139.65208444444445,3,3,9999,0,9,0
1,30,326,98,2,0,1,95000,0,112,2023,3,20,23,25,22,5,46,17,52,1,1,1,1,1,0,0,0,0,15,9,30,70,1,1,1,45,0,61,0,0,0,0,0,0,0,0,0,0,0,0,0,0,0,0,0,0,0,2,0,35.65531027777778,139.67622333333333,2,2,0,0,0,0
1,30,326,102,2,0,1,30000,0,112,2023,3,31,17,30,13,5,30,18,1,1,1,1,14,7,0,0,0,0,1,9,1,70,5,3,1,25,55,51,61,41,0,0,0,0,0,0,0,0,0,10,0,4,0,0,0,0,0,4,2,35.65215055555555,139.63675194444443,6,3,0,0,0,0
1,30,327,98,2,0,1,20000,0,112,2023,3,4,11,10,12,6,8,17,38,1,1,1,1,1,9,22,0,0,11,9,30,70,4,2,1,55,65,3,61,31,0,1,0,1,0,11,0,3,0,10,0,4,0,2,0,2,0,4,2,35.62439,139.63248388888888,7,3,9999,0,9,0
1,30,327,100,2,0,1,30000,0,112,2023,3,7,18,9,21,6,4,17,41,1,1,1,14,7,0,0,0,0,3,9,1,70,5,3,1,65,1,3,61,31,0,1,0,1,0,11,0,5,0,10,0,3,0,2,0,2,0,4,2,35.61520055555556,139.65707527777778,3,3,9999,0,9,0
1,30,327,111,2,0,1,30000,0,112,2023,3,8,12,39,12,6,3,17,42,1,1,1,1,7,1,22,0,0,15,9,30,70,5,3,1,55,35,3,61,31,0,1,0,1,0,11,0,3,0,10,0,3,0,2,0,2,0,4,2,35.61149527777778,139.6304388888889,4,3,9999,0,9,0
1,30,327,113,2,0,1,30000,0,112,2023,3,23,13,35,12,5,41,17,55,3,1,2,1,1,9,22,0,0,14,9,30,70,5,1,1,75,1,3,61,1,0,1,0,1,0,11,0,10,0,20,0,4,0,2,0,2,0,4,2,35.62609,139.6310877777778,5,3,105,0,9,0
1,30,327,115,2,0,1,30000,0,112,2023,3,20,10,3,12,5,46,17,52,1,1,1,14,7,0,0,0,0,3,9,1,70,5,3,1,55,65,51,61,41,0,0,0,0,0,0,0,0,0,10,0,3,0,0,0,0,0,4,2,35.628345277777775,139.64371083333333,2,2,0,0,0,0
1,30,327,117,2,0,1,30000,0,112,2023,3,7,10,45,12,6,4,17,41,1,1,1,1,1,9,22,0,0,15,9,30,70,5,1,1,45,1,17,61,1,0,11,0,1,0,11,0,3,0,10,0,3,0,2,0,2,0,4,2,35.62451111111111,139.6325341666667,3,3,9999,0,9,0
1,30,328,78,2,0,1,30000,0,112,2023,1,12,16,30,13,6,51,16,48,1,1,1,14,7,0,0,0,0,3,9,1,70,5,3,1,45,75,52,61,41,0,0,0,0,0,0,0,0,0,40,0,4,0,0,0,0,0,4,2,35.64640027777778,139.60855583333333,5,3,0,0,0,0
1,30,328,83,2,0,1,200,167,112,2023,3,4,1,15,22,6,8,17,38,1,1,1,1,1,9,22,0,0,18,9,30,70,4,1,1,65,25,17,61,31,0,11,0,1,0,11,0,5,0,10,0,3,0,2,0,2,0,4,2,35.67154472222222,139.6166022222222,7,3,9999,0,9,0
1,30,328,88,2,0,1,30000,0,112,2023,3,5,10,10,12,6,7,17,39,1,1,1,14,7,0,0,0,0,2,9,1,70,5,3,1,65,45,14,61,31,0,11,0,1,0,11,0,2,0,20,0,4,0,2,0,2,0,4,2,35.61823527777778,139.60444805555554,1,3,9999,0,9,0
1,30,328,94,2,0,1,30000,0,112,2023,3,10,16,44,13,6,0,17,44,1,1,1,14,7,0,0,0,0,2,9,1,70,4,4,1,55,1,14,61,1,0,11,0,1,0,11,0,10,0,10,0,3,0,2,0,2,0,4,2,35.65259527777778,139.62335944444445,6,3,9999,0,9,0
1,30,328,105,2,0,1,30000,0,208,2023,3,17,8,55,12,5,50,17,50,2,1,1,1,1,9,22,0,0,14,9,30,1,4,3,1,65,55,3,61,31,0,1,0,1,0,11,0,2,0,10,0,3,0,2,0,2,0,4,2,35.64733,139.59214916666667,6,3,9999,0,9,0
1,30,328,111,2,0,1,30000,0,112,2023,3,21,18,17,21,5,44,17,53,1,1,1,1,7,1,21,0,0,11,9,30,70,5,3,1,65,35,3,61,31,0,1,0,1,0,11,0,10,0,40,0,4,0,2,0,2,0,4,2,35.624836944444446,139.62211722222224,3,1,9999,0,9,0
1,30,328,124,2,0,1,30000,0,112,2023,2,26,7,18,12,6,16,17,33,1,1,1,14,7,0,0,0,0,2,9,1,70,5,3,1,75,55,3,61,31,0,1,0,1,0,11,0,2,0,40,0,4,0,2,0,2,0,4,2,35.64020583333333,139.60800583333332,1,3,486,0,9,0
1,30,329,60,2,0,1,2460,62,110,2023,3,6,22,20,22,6,5,17,40,1,1,1,14,7,0,0,0,0,1,9,1,70,1,1,1,1,25,51,61,41,0,0,0,0,0,0,0,0,0,0,0,3,0,0,0,0,0,4,2,35.652815555555556,139.6890627777778,2,3,0,0,0,0
1,30,329,67,2,0,1,30000,0,110,2023,3,11,10,35,12,5,58,17,45,1,1,1,14,7,0,0,0,0,1,9,1,70,5,1,1,25,35,3,61,31,0,1,0,1,0,11,0,2,0,10,0,3,0,2,0,2,0,4,2,35.63086805555555,139.6905277777778,7,3,9999,0,1,0
1,30,329,79,2,0,1,10160,0,110,2023,2,26,12,40,12,6,16,17,33,1,1,1,1,1,9,22,0,0,18,9,30,70,1,1,1,45,75,51,61,41,0,0,0,0,0,0,0,0,0,10,0,3,0,0,0,0,0,4,2,35.64483055555556,139.69836055555555,1,3,0,0,0,0
1,30,329,83,2,0,1,99000,0,110,2023,3,22,8,50,12,5,43,17,54,1,1,1,0,7,0,0,0,0,0,0,20,70,0,4,1,45,45,3,61,31,0,1,0,1,0,11,0,10,0,40,0,3,0,2,0,2,0,4,2,35.64451944444444,139.68952694444445,4,3,9999,0,9,0
1,30,330,63,2,0,1,30000,0,110,2023,3,13,1,20,22,5,56,17,46,2,1,2,14,7,0,0,0,0,1,9,1,1,5,3,1,75,75,3,61,31,0,1,0,1,0,11,0,1,0,80,0,4,0,2,0,2,0,4,2,35.628998333333335,139.68581722222223,2,3,650,0,9,0
1,30,330,64,2,0,1,95000,0,110,2023,3,5,16,7,12,6,7,17,39,2,1,1,14,7,0,0,0,0,1,9,1,70,4,3,1,65,25,3,61,31,0,1,0,1,0,11,0,2,0,40,0,4,0,2,0,2,0,4,2,35.60863027777778,139.66725777777776,1,3,9999,0,9,0
1,30,330,74,2,0,1,30000,0,110,2023,3,26,17,20,13,5,37,17,57,3,1,2,14,1,0,0,0,0,3,9,1,70,4,2,1,65,35,3,61,31,0,1,0,1,0,11,0,2,0,40,0,4,0,2,0,2,0,4,2,35.61762027777778,139.67612777777777,1,3,9999,0,9,0
1,30,330,75,2,0,1,20240,0,110,2023,3,28,0,0,22,5,34,17,59,3,1,2,14,7,0,0,0,0,2,9,1,70,4,1,1,65,55,3,61,1,0,1,0,1,0,11,0,3,0,10,0,3,0,2,0,2,0,4,2,35.626105833333334,139.67108694444443,3,3,9999,0,9,0
1,30,330,81,2,0,1,10080,0,110,2023,3,31,16,55,12,5,30,18,1,1,1,1,7,1,0,0,0,0,3,9,1,70,1,2,1,65,45,3,61,31,0,1,0,1,0,11,0,4,0,40,0,3,0,2,0,2,0,4,2,35.624338888888886,139.68711638888888,6,3,9999,0,1,0
1,30,331,54,2,0,1,30000,0,113,2022,12,27,2,49,22,6,49,16,35,1,1,1,14,7,0,0,0,0,1,7,1,70,5,4,1,65,65,3,61,1,0,1,0,1,0,11,0,10,0,10,0,3,0,2,0,2,0,4,2,35.653285833333335,139.7146672222222,3,3,9999,0,9,0
1,30,331,60,2,0,1,30000,0,113,2023,3,3,21,10,22,6,9,17,37,1,1,1,1,1,9,22,0,0,15,9,30,70,4,2,1,25,55,12,61,1,0,11,0,2,0,11,0,2,0,40,0,4,0,2,0,2,0,4,2,35.65859361111111,139.70851888888888,6,3,9999,0,5,0
1,30,331,64,2,0,1,30000,0,113,2023,3,10,7,20,12,6,0,17,44,1,1,2,1,7,9,22,0,0,15,7,30,70,4,3,1,35,65,3,61,31,0,1,0,1,0,11,0,2,0,11,0,2,0,2,0,2,0,4,2,35.66394,139.7036086111111,6,3,9999,0,1,0
1,30,331,69,2,0,1,30000,0,103,2023,3,15,12,25,12,5,53,17,48,1,1,1,14,7,0,0,0,0,2,9,1,70,5,3,1,45,55,51,61,41,0,0,0,0,0,0,0,0,0,10,0,3,0,0,0,0,0,4,2,35.661294444444444,139.71184472222222,4,3,0,0,0,0
1,30,331,74,2,0,1,30000,0,113,2023,3,16,19,40,22,5,51,17,49,1,1,1,1,7,1,21,0,0,14,9,30,70,4,2,1,35,45,3,61,1,0,1,0,1,0,11,0,5,0,10,0,4,0,2,0,2,0,4,2,35.66090444444444,139.70482916666666,5,3,9999,0,1,0
1,30,331,76,2,0,1,20240,0,113,2023,3,24,10,45,12,5,40,17,56,2,1,1,1,1,9,22,0,0,18,9,30,70,4,1,1,25,55,3,61,31,0,1,0,1,0,11,0,4,0,40,0,3,0,2,0,2,0,4,2,35.64612888888889,139.7075908333333,6,3,9999,0,5,0
1,30,332,30,2,0,1,30000,0,113,2023,3,1,9,20,12,6,12,17,36,1,1,1,14,7,0,0,0,0,3,9,1,70,5,3,1,45,1,3,61,31,0,1,0,1,0,11,0,5,0,40,0,3,0,2,0,2,0,4,2,35.6714,139.70390527777778,4,3,9999,0,1,0
1,30,332,35,2,0,1,30000,0,113,2023,3,12,17,25,13,5,57,17,45,1,1,1,14,7,0,0,0,0,3,9,1,1,4,2,1,45,1,3,61,1,0,1,0,1,0,11,0,2,0,10,0,4,0,2,0,2,0,4,2,35.686656111111105,139.7024772222222,1,3,9999,0,9,0
1,30,332,36,2,0,1,30000,0,113,2023,3,14,17,0,13,5,54,17,47,1,1,1,1,7,9,22,0,0,15,9,30,70,5,2,1,55,75,3,61,31,0,1,0,1,0,11,0,2,0,30,0,3,0,2,0,2,0,4,2,35.683742499999994,139.7029936111111,3,3,9999,0,9,0
1,30,332,37,2,0,1,10090,0,113,2023,3,13,7,15,12,5,56,17,46,2,1,1,1,1,9,22,0,0,18,9,30,70,4,2,1,25,45,51,61,41,0,0,0,0,0,0,0,0,0,10,0,3,0,0,0,0,0,4,2,35.6782575,139.7056622222222,2,3,0,0,0,0
1,30,332,39,2,0,1,30000,0,113,2023,3,22,10,25,12,5,43,17,54,1,1,1,14,7,0,0,0,0,2,9,1,70,5,4,1,25,75,51,61,41,0,0,0,0,0,0,0,0,0,10,0,3,0,0,0,0,0,4,2,35.67122527777777,139.7081083333333,4,3,0,0,0,0
1,30,332,40,2,0,1,30000,0,113,2023,3,28,17,1,13,5,34,17,59,1,1,1,14,7,0,0,0,0,2,9,1,1,5,3,1,65,65,3,61,1,0,1,0,1,0,11,0,2,0,80,0,4,0,2,0,2,0,4,2,35.66874083333333,139.71242777777778,3,3,9999,0,9,0
1,30,333,41,2,0,1,30000,0,113,2023,3,2,15,50,12,6,11,17,37,3,1,1,1,1,9,22,0,0,15,9,30,70,4,2,1,1,35,51,61,41,0,0,0,0,0,0,0,0,0,10,0,3,0,0,0,0,0,4,2,35.673836666666666,139.67119944444443,5,3,0,0,0,0
1,30,333,43,2,0,1,20280,0,113,2023,3,9,18,45,22,6,1,17,43,1,1,1,7,7,0,0,0,0,4,9,1,70,4,2,1,75,0,61,0,0,0,0,0,0,0,0,0,0,0,0,0,0,0,0,0,0,0,2,0,35.67748388888889,139.67046277777777,5,3,0,0,0,0
1,30,333,54,2,0,1,95000,0,113,2023,3,26,14,58,12,5,37,17,57,3,1,2,1,7,1,21,0,0,14,9,30,70,1,2,1,55,35,17,61,31,0,11,0,2,0,11,0,5,0,10,0,3,0,2,0,2,0,4,2,35.674993055555554,139.66981638888888,1,3,9999,0,9,0
1,30,435,40,2,0,1,10220,0,104,2023,3,2,19,0,22,6,11,17,37,1,1,1,1,7,0,0,0,0,14,8,30,70,5,2,1,1,0,61,0,0,0,0,0,0,0,0,0,0,0,0,0,0,0,0,0,0,0,2,0,35.70316027777778,139.73665388888887,5,3,0,0,0,0
1,30,435,48,2,0,1,20290,0,104,2023,3,15,10,5,12,5,53,17,48,1,1,1,1,1,9,22,0,0,19,9,30,70,5,2,1,65,65,3,61,31,0,1,0,1,0,11,0,2,0,40,0,3,0,2,0,2,0,4,2,35.70263138888889,139.74421583333333,4,3,9999,0,9,0
1,30,435,50,2,0,1,30000,0,104,2023,3,16,14,20,12,5,51,17,49,1,1,1,1,7,9,22,0,0,14,9,30,70,5,3,1,45,1,4,61,31,0,1,0,1,0,11,0,2,0,80,0,3,0,2,0,2,0,4,2,35.70553888888889,139.74070666666665,5,3,9999,0,1,0
1,30,435,52,2,0,1,30000,0,104,2023,3,17,9,40,12,5,50,17,50,2,1,1,14,7,0,0,0,0,1,9,1,70,5,3,1,55,25,13,61,31,0,11,0,1,0,11,0,1,0,26,0,3,0,2,0,2,0,4,2,35.70008611111111,139.73133,6,3,9999,0,9,0
1,30,435,53,2,0,1,30260,0,104,2023,3,24,21,20,22,5,40,17,56,3,1,2,14,7,0,0,0,0,3,9,1,70,5,2,1,1,75,36,61,31,0,0,0,0,0,11,0,10,0,10,0,3,0,0,0,0,0,4,2,35.699710277777776,139.71978000000001,6,3,9999,0,1,0