資料区分,都道府県コード,警察署等コード,本票番号,事故内容,死者数,負傷者数,路線コード,地点コード,市区町村コード,発生日時　　年,発生日時　　月,発生日時　　日,発生日時　　時,発生日時　　分,昼夜,日の出時刻　　時,日の出時刻　　分,日の入り時刻　　時,日の入り時刻　　分,天候,地形,路面状態,道路形状,信号機,一時停止規制　標識（当事者A）,一時停止規制　表示（当事者A）,一時停止規制　標識（当事者B）,一時停止規制　表示（当事者B）,車道幅員,道路線形,衝突地点,ゾーン規制,中央分離帯施設等,歩車道区分,事故類型,年齢（当事者A）,年齢（当事者B）,当事者種別（当事者A）,当事者種別（当事者B）,用途別（当事者A）,用途別（当事者B）,車両形状等（当事者A）,車両形状等（当事者B）,オートマチック車（当事者A）,オートマチック車（当事者B）,サポカー（当事者A）,サポカー（当事者B）,速度規制（指定のみ）（当事者A）,速度規制（指定のみ）（当事者B）,車両の衝突部位（当事者A）,車両の衝突部位（当事者B）,車両の損壊程度（当事者A）,車両の損壊程度（当事者B）,エアバッグの装備（当事者A）,エアバッグの装備（当事者B）,サイドエアバッグの装備（当事者A）,サイドエアバッグの装備（当事者B）,人身損傷程度（当事者A）,人身損傷程度（当事者B）,lat,lon,曜日(発生年月日),祝日(発生年月日),認知機能検査経過日数（当事者A）,認知機能検査経過日数（当事者B）,運転練習の方法（当事者A）,運転練習の方法（当事者B）
1,30,435,54,2,0,1,30000,0,104,2023,3,25,18,50,21,5,39,17,56,2,1,2,13,7,0,0,0,0,1,5,1,70,5,4,1,65,35,3,61,1,0,1,0,1,0,11,0,10,0,40,0,3,0,2,0,2,0,4,2,35.695726388888886,139.71906555555555,7,3,9999,0,9,0
1,30,436,43,2,0,1,30000,0,104,2022,7,10,14,35,12,4,33,18,59,1,1,1,14,7,0,0,0,0,2,9,1,70,5,4,1,35,25,3,61,1,0,1,0,1,0,11,0,5,0,80,0,3,0,2,0,2,0,4,2,35.69487694444444,139.70263166666666,1,3,9999,0,1,0
1,30,436,47,2,0,1,30000,0,104,2023,2,16,8,20,12,6,27,17,23,1,1,1,14,7,0,0,0,0,2,9,1,70,5,3,1,25,25,13,61,31,0,11,0,1,0,11,0,2,0,10,0,4,0,2,0,2,0,4,2,35.703296944444446,139.69990805555557,5,3,9999,0,1,0
1,30,436,51,2,0,1,20290,0,104,2023,3,12,19,25,22,5,57,17,45,1,1,1,14,7,0,0,0,0,3,9,1,70,4,2,1,55,1,3,61,1,0,1,0,1,0,11,0,3,0,10,0,3,0,2,0,2,0,4,2,35.7014475,139.70111944444443,1,3,9999,0,9,0
1,30,436,53,2,0,2,30000,0,104,2023,3,14,20,26,22,5,54,17,47,1,1,1,14,7,0,0,0,0,3,9,1,70,5,1,1,65,1,3,61,31,0,1,0,1,0,11,0,10,0,10,0,3,0,2,0,2,0,4,2,35.697250277777776,139.70096916666665,3,3,9999,0,9,0
1,30,436,54,2,0,1,21030,0,104,2023,2,16,15,58,12,6,27,17,23,1,1,1,14,7,0,0,0,0,3,9,1,70,4,2,1,55,75,3,61,1,0,1,0,1,0,11,0,3,0,40,0,4,0,2,0,2,0,4,4,35.69172444444444,139.70278444444443,5,3,9999,0,9,0
1,30,436,65,2,0,1,30000,0,104,2023,3,30,23,59,22,5,31,18,1,1,1,1,14,7,0,0,0,0,3,9,1,70,5,2,1,1,1,3,61,31,0,1,0,1,0,11,0,2,0,50,0,4,0,2,0,2,0,4,2,35.69739833333333,139.70036055555553,5,3,9999,0,1,0
1,30,436,68,2,0,1,20300,0,104,2023,3,19,14,26,12,5,47,17,51,1,1,1,1,1,9,22,0,0,18,9,30,70,1,2,1,45,35,51,61,41,0,0,0,0,0,0,0,0,0,10,0,3,0,0,0,0,0,4,2,35.69835388888889,139.70488055555555,1,3,0,0,0,0
1,30,436,72,2,0,1,30000,0,104,2023,3,21,15,45,12,5,44,17,53,2,1,1,14,7,0,0,0,0,4,9,1,70,4,2,1,45,25,3,61,31,0,1,0,1,0,11,0,10,0,10,0,3,0,2,0,2,0,4,2,35.69622222222222,139.7009461111111,3,1,9999,0,9,0
1,30,436,73,2,0,1,30000,0,104,2023,2,3,14,16,12,6,40,17,10,2,1,1,14,7,0,0,0,0,3,9,1,70,5,3,1,65,25,3,61,31,0,1,0,1,0,11,0,5,0,30,0,4,0,2,0,2,0,4,2,35.697042222222215,139.7027361111111,6,3,9999,0,9,0
1,30,436,74,2,0,1,10050,0,104,2023,3,10,1,29,22,6,0,17,44,1,1,1,1,1,9,22,0,0,17,9,30,70,1,2,1,25,25,52,61,41,0,0,0,0,0,0,0,0,0,10,0,3,0,0,0,0,0,4,2,35.69360555555555,139.70156416666666,6,3,0,0,0,0
1,30,437,48,2,0,1,95000,0,104,2023,3,12,18,35,21,5,57,17,45,1,1,1,1,7,9,22,0,0,14,8,30,70,4,2,1,65,45,3,61,1,0,1,0,1,0,11,0,2,0,50,0,4,0,2,0,2,0,4,2,35.71230416666667,139.7044922222222,1,3,9999,0,9,0
1,30,437,57,2,0,1,30000,0,104,2023,3,30,13,4,12,5,31,18,1,1,1,1,1,7,9,22,0,0,14,7,30,70,4,2,1,35,1,3,61,31,0,1,0,1,0,11,0,2,0,10,0,3,0,2,0,2,0,4,2,35.71227027777778,139.70449472222222,5,3,9999,0,5,0
1,30,437,59,2,0,1,30000,0,104,2023,3,31,17,0,12,5,30,18,1,1,1,1,1,7,1,21,0,0,14,9,30,70,4,1,1,75,45,3,61,31,0,1,0,1,0,11,0,2,0,10,0,3,0,2,0,2,0,4,2,35.712201944444445,139.7044733333333,6,3,9999,0,3,0
1,30,438,43,2,0,1,20120,0,104,2023,3,12,9,29,12,5,57,17,45,2,1,1,1,1,9,22,0,0,15,8,30,70,1,2,1,1,45,51,61,41,0,0,0,0,0,0,0,0,0,10,0,3,0,0,0,0,0,4,2,35.683387222222215,139.7160086111111,1,3,0,0,0,0
1,30,438,53,2,0,1,20000,0,104,2023,3,21,17,55,21,5,44,17,53,1,1,1,14,7,0,0,0,0,6,9,1,70,1,1,1,55,25,17,61,1,0,11,0,1,0,11,0,4,0,30,0,3,0,2,0,2,0,4,2,35.694041111111105,139.70692777777776,3,1,9999,0,9,0
1,30,439,38,2,0,1,30000,0,114,2023,3,8,19,55,22,6,3,17,42,1,1,1,1,1,9,22,0,0,14,9,30,70,5,2,1,55,55,3,61,1,0,1,0,1,0,11,0,3,0,10,0,3,0,2,0,2,0,4,2,35.69777444444444,139.68408888888888,4,3,9999,0,9,0
1,30,439,39,2,0,1,20280,0,114,2022,11,6,16,0,13,6,7,16,41,1,1,1,14,7,0,0,0,0,5,9,1,70,4,1,1,35,0,61,0,0,0,0,0,0,0,0,0,0,0,0,0,0,0,0,0,0,0,2,0,35.70825361111111,139.66520805555555,1,3,0,0,0,0
1,30,439,45,2,0,1,95000,0,114,2023,3,18,18,10,21,5,49,17,51,2,1,2,0,7,0,0,0,0,0,0,20,70,0,4,1,65,55,3,61,31,0,1,0,1,0,11,0,10,0,20,0,4,0,2,0,2,0,4,2,35.69582388888889,139.67420222222222,7,3,9999,0,9,0
1,30,439,51,2,0,1,99000,0,114,2023,3,23,14,19,12,5,41,17,55,3,1,1,0,7,0,0,0,0,0,0,20,70,0,4,1,55,65,59,61,0,0,0,0,0,0,0,0,0,0,10,0,4,0,0,0,0,0,4,2,35.709163333333336,139.6657402777778,5,3,0,0,0,0
1,30,440,47,2,0,1,10220,0,114,2023,3,7,8,15,12,6,4,17,41,1,1,1,1,1,9,22,0,0,11,9,30,70,4,2,1,1,75,51,61,41,0,0,0,0,0,0,0,0,0,10,0,3,0,0,0,0,0,4,2,35.71169166666667,139.64287666666667,3,3,0,0,0,0
1,30,440,48,2,0,1,30000,0,114,2023,3,10,14,25,12,6,0,17,44,1,1,1,14,7,0,0,0,0,2,9,1,1,5,3,1,1,55,51,61,41,0,0,0,0,0,0,0,0,0,10,0,3,0,0,0,0,0,4,2,35.723644166666666,139.63973583333333,6,3,0,0,0,0
1,30,440,49,2,0,1,20000,0,114,2023,2,27,19,25,22,6,14,17,34,1,1,1,14,7,0,0,0,0,3,9,1,70,4,3,1,35,55,3,61,31,0,1,0,1,0,11,0,2,0,40,0,4,0,2,0,2,0,4,2,35.716878055555554,139.6722883333333,2,3,9999,0,1,0
1,30,440,57,2,0,1,20000,0,114,2023,3,17,22,15,22,5,50,17,50,3,1,2,1,7,9,22,0,0,17,7,30,70,4,3,1,65,55,36,61,31,0,0,0,0,0,11,0,2,0,10,0,3,0,0,0,0,0,4,2,35.71870722222222,139.6734161111111,6,3,9999,0,9,0
1,30,440,71,2,0,1,10250,0,114,2023,3,20,6,42,11,5,46,17,52,1,1,1,1,1,9,22,0,0,15,7,30,70,4,1,1,25,25,13,61,31,0,11,0,1,0,11,0,3,0,10,0,4,0,2,0,2,0,4,2,35.72349277777778,139.6738961111111,2,2,9999,0,4,0
1,30,440,72,2,0,1,20280,0,114,2023,3,30,18,25,21,5,31,18,1,1,1,1,14,7,0,0,0,0,4,9,1,70,4,2,1,1,25,51,61,41,0,0,0,0,0,0,0,0,0,0,0,4,0,0,0,0,0,4,2,35.71035472222223,139.66520583333335,5,3,0,0,0,0
1,30,441,47,2,0,1,10130,0,115,2023,3,3,12,30,12,6,9,17,37,1,1,1,14,7,0,0,0,0,3,8,1,70,1,2,1,55,35,51,61,41,0,0,0,0,0,0,0,0,0,10,0,3,0,0,0,0,0,4,2,35.703725000000006,139.65504,6,3,0,0,0,0
1,30,441,54,2,0,1,10240,0,115,2023,3,10,12,20,12,6,0,17,44,1,1,1,7,1,0,0,0,0,4,9,1,70,4,2,1,1,75,51,61,41,0,0,0,0,0,0,0,0,0,10,0,3,0,0,0,0,0,4,2,35.698949999999996,139.6371497222222,6,3,0,0,0,0
1,30,441,67,2,0,1,30000,0,115,2023,3,27,11,54,12,5,36,17,58,1,1,1,1,7,9,22,0,0,11,9,30,70,5,3,1,65,35,3,61,31,0,1,0,1,0,11,0,1,0,40,0,4,0,2,0,2,0,4,2,35.69595222222222,139.6441561111111,2,3,9999,0,9,0
1,30,442,54,2,0,1,30000,0,115,2022,12,1,15,20,12,6,32,16,28,2,1,1,1,7,1,21,0,0,11,9,30,70,5,4,1,65,1,36,61,31,0,0,0,0,0,11,0,2,0,40,0,4,0,0,0,0,0,4,2,35.6792625,139.65067194444444,5,3,9999,0,9,0
1,30,442,55,2,0,1,20270,0,115,2022,12,31,17,40,22,6,50,16,38,1,1,1,14,7,0,0,0,0,3,9,1,70,4,2,1,55,35,51,61,41,0,0,0,0,0,0,0,0,0,10,0,3,0,0,0,0,0,4,2,35.68313833333333,139.62999972222224,7,2,0,0,0,0
1,30,442,74,2,0,1,30000,0,115,2023,3,19,11,40,12,5,47,17,51,1,1,1,14,7,0,0,0,0,2,9,1,70,5,3,1,55,1,51,61,41,0,0,0,0,0,0,0,0,0,10,0,4,0,0,0,0,0,4,2,35.68463083333333,139.59853527777778,1,3,0,0,0,0
1,30,443,41,2,0,1,30000,0,115,2023,3,6,18,15,21,6,5,17,40,1,1,1,1,1,9,22,0,0,15,9,30,70,5,3,1,25,1,3,61,31,0,1,0,1,0,11,0,5,0,10,0,4,0,2,0,2,0,4,2,35.70268333333333,139.60252194444445,2,3,9999,0,1,0
1,30,443,46,2,0,1,20340,0,115,2023,3,13,8,55,12,5,56,17,46,3,1,1,1,7,9,22,0,0,14,9,30,70,4,1,1,25,35,3,61,31,0,1,0,1,0,11,0,10,0,80,0,3,0,2,0,2,0,4,2,35.70911916666667,139.59142805555555,2,3,9999,0,1,0
1,30,443,58,2,0,1,10200,0,115,2023,3,19,18,55,22,5,47,17,51,1,1,1,1,1,9,22,0,0,18,9,30,70,5,1,1,55,75,3,61,1,0,1,0,1,0,11,0,3,0,40,0,4,0,2,0,2,0,4,2,35.719168333333336,139.61424722222222,1,3,9999,0,9,0
1,30,443,62,2,0,1,30000,0,115,2023,3,19,11,40,12,5,47,17,51,1,1,1,14,7,0,0,0,0,2,9,1,70,5,4,1,35,35,51,61,41,0,0,0,0,0,0,0,0,0,20,0,4,0,0,0,0,0,4,2,35.704281388888894,139.6000325,1,3,0,0,0,0
1,30,545,15,2,0,1,10100,0,105,2023,2,24,19,46,22,6,18,17,31,3,1,2,1,1,9,22,0,0,19,9,30,70,1,1,1,45,75,3,61,31,0,1,0,1,0,11,0,5,0,20,0,3,0,2,0,2,0,4,2,35.728770833333336,139.74367888888887,6,3,9999,0,1,0
1,30,545,17,2,0,1,20000,0,105,2023,3,13,12,15,12,5,56,17,46,3,1,2,1,1,9,22,0,0,14,9,30,70,5,2,1,65,25,3,61,1,0,1,0,1,0,11,0,3,0,50,0,3,0,2,0,2,0,4,2,35.70483305555556,139.74442555555555,2,3,9999,0,9,0
1,30,547,23,2,0,1,30000,0,105,2023,3,22,11,58,12,5,43,17,54,1,1,1,14,7,0,0,0,0,2,9,1,70,5,3,1,75,25,3,61,1,0,1,0,1,0,11,0,10,0,40,0,4,0,2,0,2,0,4,2,35.71427083333334,139.76430055555556,4,3,363,0,9,0
1,30,547,29,2,0,1,30000,0,105,2023,3,31,10,38,12,5,30,18,1,1,1,1,1,7,1,21,0,0,11,9,30,70,5,2,1,1,35,14,61,31,0,11,0,1,0,11,0,10,0,10,0,3,0,2,0,2,0,4,2,35.703898055555555,139.75564583333335,6,3,9999,0,1,0
1,30,548,10,2,0,1,30000,0,105,2023,3,11,11,35,12,5,58,17,45,1,1,1,7,7,0,0,0,0,2,9,1,70,5,3,1,55,55,51,61,41,0,0,0,0,0,0,0,0,0,40,0,3,0,0,0,0,0,2,4,35.72848444444445,139.7644736111111,7,3,0,0,0,0
1,30,549,21,2,0,1,30000,0,116,2023,3,2,18,35,21,6,11,17,37,1,1,1,1,7,9,22,0,0,11,9,30,70,5,3,1,1,65,51,61,41,0,0,0,0,0,0,0,0,0,10,0,3,0,0,0,0,0,4,2,35.733334444444445,139.72911833333333,5,3,0,0,0,0
1,30,549,24,2,0,1,170,71,116,2023,3,17,21,30,22,5,50,17,50,3,1,2,1,7,9,22,0,0,18,9,30,70,5,2,1,55,35,1,61,1,0,1,0,1,0,11,0,5,0,40,0,3,0,2,0,2,0,4,2,35.73476888888889,139.73733583333333,6,3,9999,0,9,0
1,30,549,25,2,0,1,30000,0,116,2023,3,20,9,49,12,5,46,17,52,1,1,1,1,7,1,21,0,0,14,9,30,70,5,3,1,45,55,13,61,31,0,11,0,1,0,11,0,10,0,12,0,3,0,2,0,2,0,4,2,35.7313125,139.72648805555556,2,2,9999,0,5,0
1,30,549,26,2,0,1,30000,0,116,2023,3,24,10,45,12,5,40,17,56,2,1,1,14,7,0,0,0,0,2,8,1,70,4,2,1,65,45,52,61,41,0,0,0,0,0,0,0,0,0,20,0,4,0,0,0,0,0,4,2,35.73216277777778,139.7305425,6,3,0,0,0,0
1,30,549,29,2,0,1,30000,0,116,2023,3,2,11,15,12,6,11,17,37,1,1,1,1,7,0,0,0,0,15,9,30,70,5,3,1,55,0,61,0,0,0,0,0,0,0,0,0,0,0,0,0,0,0,0,0,0,0,2,0,35.73343861111111,139.73731555555554,5,3,0,0,0,0
1,30,550,41,2,0,1,30770,0,116,2023,3,15,10,30,12,5,53,17,48,1,1,1,1,1,0,0,0,0,19,9,30,70,4,2,1,25,0,61,0,0,0,0,0,0,0,0,0,0,0,0,0,0,0,0,0,0,0,2,0,35.73153472222222,139.7080786111111,4,3,0,0,0,0
1,30,550,44,2,0,1,30000,0,116,2023,3,23,15,32,12,5,41,17,55,2,1,1,14,7,0,0,0,0,2,9,1,70,5,3,1,35,1,3,61,31,0,1,0,1,0,11,0,1,0,10,0,4,0,2,0,2,0,4,2,35.72998388888889,139.71615138888887,5,3,9999,0,1,0
1,30,550,48,2,0,1,95000,0,116,2023,3,31,13,25,12,5,30,18,1,1,1,1,14,7,0,0,0,0,3,9,1,70,4,2,1,1,45,51,61,41,0,0,0,0,0,0,0,0,0,10,0,3,0,0,0,0,0,4,2,35.733068888888894,139.71031444444444,6,3,0,0,0,0
1,30,551,27,2,0,1,30000,0,116,2023,3,5,18,15,21,6,7,17,39,2,1,1,14,7,0,0,0,0,2,9,1,70,5,3,1,45,1,51,61,41,0,0,0,0,0,0,0,0,0,20,0,3,0,0,0,0,0,4,2,35.715678611111116,139.70786638888887,1,3,0,0,0,0
1,30,551,28,2,0,1,30000,0,116,2023,3,8,15,30,12,6,3,17,42,1,1,1,1,1,9,22,0,0,19,9,30,70,1,2,1,1,65,51,61,41,0,0,0,0,0,0,0,0,0,40,0,4,0,0,0,0,0,4,2,35.72683111111111,139.71203666666665,4,3,0,0,0,0
1,30,551,31,2,0,1,30000,0,116,2023,3,11,17,20,13,5,58,17,45,1,1,1,7,7,0,0,0,0,2,9,1,70,5,4,1,25,1,51,61,41,0,0,0,0,0,0,0,0,0,10,0,4,0,0,0,0,0,4,2,35.73284027777778,139.6996838888889,7,3,0,0,0,0
1,30,551,33,2,0,1,30000,0,116,2023,3,11,6,44,11,5,58,17,45,1,1,1,1,7,1,21,0,0,11,9,30,70,5,3,1,45,65,3,61,31,0,1,0,1,0,11,0,10,0,10,0,4,0,2,0,2,0,4,2,35.727334722222224,139.69276944444445,7,3,9999,0,1,0
1,30,552,32,2,0,1,30000,0,117,2023,3,1,18,0,21,6,12,17,36,1,1,1,14,7,0,0,0,0,3,9,1,70,4,2,1,45,35,3,61,31,0,1,0,1,0,11,0,2,0,10,0,4,0,2,0,2,0,4,2,35.741885,139.76150222222222,4,3,9999,0,1,0
1,30,552,39,2,0,1,30000,0,117,2023,3,14,8,15,12,5,54,17,47,2,1,1,1,7,9,22,0,0,11,9,30,70,5,4,1,55,65,13,61,31,0,11,0,1,0,11,0,5,0,30,0,3,0,2,0,2,0,4,2,35.73750833333333,139.75722166666668,3,3,9999,0,9,0
1,30,552,51,2,0,1,30000,0,117,2023,3,24,19,40,22,5,40,17,56,1,1,2,1,7,9,22,0,0,15,9,30,70,5,1,1,55,25,4,61,31,0,1,0,1,0,11,0,3,0,50,0,2,0,2,0,2,0,4,2,35.735081944444445,139.75871222222221,6,3,9999,0,9,0
1,30,552,53,2,0,1,30470,0,117,2023,3,29,18,45,21,5,33,18,0,3,1,2,1,7,9,22,0,0,14,3,30,70,5,2,1,55,35,3,61,1,0,1,0,1,0,11,0,2,0,10,0,3,0,2,0,2,0,4,2,35.733961111111114,139.75830444444443,4,3,9999,0,9,0
1,30,553,38,2,0,1,1220,0,117,2023,3,1,18,50,22,6,12,17,36,1,1,1,1,7,9,22,0,0,17,9,30,70,4,1,1,55,65,3,61,31,0,1,0,1,0,11,0,4,0,10,0,3,0,2,0,2,0,4,2,35.75830444444444,139.7373922222222,4,3,9999,0,9,0
1,30,553,43,2,0,1,30000,0,117,2023,3,23,18,55,22,5,41,17,55,3,1,2,1,3,9,22,0,0,15,9,30,70,1,1,1,45,35,52,61,41,0,0,0,0,0,0,0,0,0,10,0,3,0,0,0,0,0,4,2,35.75763472222222,139.7395836111111,5,3,0,0,0,0
1,30,554,43,2,0,1,30000,0,117,2022,11,16,15,35,13,6,17,16,34,1,1,1,1,7,9,22,0,0,14,9,30,70,5,2,1,35,55,3,61,31,0,1,0,1,0,11,0,10,0,10,0,3,0,2,0,2,0,4,2,35.7747775,139.7225463888889,4,3,9999,0,1,0
1,30,554,45,2,0,1,30370,0,117,2023,3,7,13,25,12,6,4,17,41,1,1,1,1,7,9,22,0,0,15,9,30,70,4,1,1,55,55,13,61,1,0,11,0,1,0,11,0,2,0,10,0,3,0,2,0,2,0,4,2,35.77452944444445,139.7237775,3,3,9999,0,9,0
1,30,554,49,2,0,1,30000,0,117,2023,3,11,22,45,22,5,58,17,45,1,1,1,14,7,0,0,0,0,3,9,1,70,5,3,1,1,45,51,61,41,0,0,0,0,0,0,0,0,0,20,0,4,0,0,0,0,0,4,2,35.777338888888885,139.72231472222222,7,3,0,0,0,0
1,30,554,51,2,0,1,30000,0,117,2023,3,14,8,55,12,5,54,17,47,1,1,1,1,7,9,22,0,0,11,9,30,70,5,4,1,65,1,3,61,31,0,1,0,1,0,11,0,10,0,20,0,3,0,2,0,2,0,4,2,35.784443055555556,139.72793444444446,3,3,9999,0,9,0
1,30,554,55,2,0,1,30000,0,117,2023,3,23,17,15,13,5,41,17,55,3,1,2,1,1,1,21,0,0,15,9,30,70,5,3,1,45,55,13,61,31,0,11,0,1,0,11,0,10,0,10,0,3,0,2,0,2,0,4,2,35.76855,139.72863361111112,5,3,9999,0,9,0
1,30,554,56,2,0,1,30000,0,117,2023,3,24,14,55,12,5,40,17,56,3,1,2,1,7,9,22,0,0,15,9,30,70,5,1,1,55,45,3,61,1,0,1,0,1,0,11,0,3,0,20,0,3,0,2,0,2,0,4,2,35.78471222222222,139.7078311111111,6,3,9999,0,9,0
1,30,555,71,2,0,1,2540,72,119,2022,11,28,20,50,22,6,29,16,28,2,1,1,1,1,9,22,0,0,14,9,30,70,1,2,1,45,65,3,61,31,0,1,0,1,0,11,0,5,0,10,0,3,0,2,0,2,0,4,2,35.74594388888889,139.70076055555555,2,3,9999,0,9,0
1,30,555,80,2,0,1,30000,0,119,2023,1,11,7,11,11,6,51,16,47,1,1,1,1,7,9,22,0,0,14,9,30,70,5,1,1,35,1,3,61,31,0,1,0,1,0,11,0,5,0,10,0,3,0,2,0,2,0,4,2,35.74975555555556,139.70176055555555,4,3,9999,0,1,0
1,30,555,81,2,0,1,30000,0,119,2023,2,22,7,55,12,6,21,17,29,1,1,1,1,7,9,22,0,0,14,9,30,70,4,1,1,65,35,3,61,1,0,1,0,1,0,11,0,3,0,20,0,4,0,2,0,2,0,4,2,35.759103333333336,139.71248527777777,4,2,9999,0,9,0
1,30,555,87,2,0,1,30000,0,119,2023,3,12,11,20,12,5,57,17,45,1,1,1,14,7,0,0,0,0,2,9,1,70,4,1,1,35,1,36,61,31,0,0,0,0,0,11,0,2,0,10,0,3,0,0,0,0,0,4,2,35.759299444444444,139.68848805555555,1,3,9999,0,1,0
1,30,555,88,2,0,1,30000,0,119,2023,2,28,10,25,12,6,13,17,35,1,1,1,7,7,0,0,0,0,3,9,1,70,5,3,1,65,65,3,61,1,0,1,0,1,0,11,0,2,0,40,0,3,0,2,0,1,0,4,2,35.75542138888889,139.6953,3,3,9999,0,9,0
1,30,555,90,2,0,1,30000,0,119,2022,10,12,5,3,23,5,45,17,10,1,1,1,1,1,9,22,0,0,14,9,30,70,5,1,1,55,55,3,61,1,0,1,0,1,0,11,0,2,0,10,0,4,0,2,0,2,0,4,2,35.759144722222224,139.71645833333332,4,3,9999,0,9,0
1,30,555,97,2,0,1,170,108,119,2022,11,20,19,45,22,6,21,16,32,3,1,2,1,1,9,22,0,0,19,9,30,70,1,2,1,65,1,51,61,41,0,0,0,0,0,0,0,0,0,10,0,3,0,0,0,0,0,4,2,35.755224444444444,139.70775083333334,1,3,0,0,0,0
1,30,555,99,2,0,1,2540,82,119,2023,3,25,10,25,12,5,39,17,56,3,1,2,14,7,0,0,0,0,5,9,1,70,1,2,1,45,35,51,61,41,0,0,0,0,0,0,0,0,0,10,0,3,0,0,0,0,0,4,2,35.75158944444444,139.69347833333333,7,3,0,0,0,0
1,30,556,54,2,0,1,30920,0,119,2023,3,8,18,35,21,6,3,17,42,1,1,1,14,7,0,0,0,0,4,9,1,70,4,2,1,65,45,3,61,31,0,1,0,1,0,11,0,3,0,10,0,4,0,2,0,2,0,4,2,35.78087333333333,139.665265,4,3,9999,0,9,0
1,30,556,63,2,0,1,10200,0,119,2023,3,17,16,59,13,5,50,17,50,2,1,1,1,1,9,22,0,0,14,9,30,70,2,2,1,55,55,51,61,41,0,0,0,0,0,0,0,0,0,10,0,3,0,0,0,0,0,4,2,35.781395833333335,139.6986061111111,6,3,0,0,0,0
1,30,556,64,2,0,1,30000,0,119,2023,2,7,15,50,12,6,36,17,14,2,1,1,14,7,0,0,0,0,2,9,1,70,5,3,1,65,1,14,61,1,0,11,0,1,0,11,0,5,0,40,0,4,0,2,0,2,0,4,2,35.76893027777778,139.67960277777777,3,3,9999,0,9,0
1,30,556,66,2,0,1,30000,0,119,2023,3,23,11,44,12,5,41,17,55,3,1,2,1,7,9,22,0,0,15,9,30,70,5,3,1,55,75,3,61,31,0,1,0,1,0,11,0,2,0,40,0,2,0,2,0,2,0,4,2,35.77804111111111,139.6953163888889,5,3,9999,0,9,0
1,30,557,51,2,0,1,95000,0,120,2023,3,2,19,57,22,6,11,17,37,2,1,1,0,7,0,0,0,0,0,0,20,70,0,4,1,35,35,3,61,31,0,1,0,1,0,11,0,10,0,30,0,3,0,2,0,2,0,4,2,35.75966944444444,139.65653305555557,5,3,9999,0,1,0
1,30,557,57,2,0,1,20430,0,120,2023,3,20,18,17,21,5,46,17,52,1,1,1,1,1,9,22,0,0,14,9,30,70,4,2,1,1,45,13,61,31,0,11,0,1,0,11,0,2,0,40,0,3,0,2,0,2,0,4,2,35.73711166666667,139.65291027777778,2,2,9999,0,9,0
1,30,557,58,2,0,1,10130,0,120,2023,3,24,8,20,12,5,40,17,56,1,1,1,1,1,9,22,0,0,15,9,30,70,4,2,1,65,65,3,61,31,0,1,0,1,0,11,0,4,0,10,0,3,0,2,0,2,0,4,2,35.743724722222225,139.6723136111111,6,3,9999,0,9,0
1,30,557,60,2,0,1,30000,0,120,2023,3,24,10,0,12,5,40,17,56,1,1,1,14,7,0,0,0,0,2,9,1,70,5,4,1,35,75,14,61,1,0,11,0,1,0,11,0,2,0,40,0,3,0,2,0,2,0,4,2,35.75823527777778,139.64594527777777,6,3,9999,0,9,0
1,30,557,61,2,0,2,10130,0,120,2023,3,25,5,15,23,5,39,17,56,3,1,2,1,1,9,22,0,0,15,9,30,70,1,2,1,35,45,51,61,41,0,0,0,0,0,0,0,0,0,10,0,3,0,0,0,0,0,2,2,35.73208277777778,139.65937250000002,7,3,0,0,0,0
1,30,557,63,2,0,1,20000,0,120,2023,3,26,17,5,13,5,37,17,57,2,1,1,1,7,1,21,0,0,14,9,30,70,4,3,1,55,65,3,61,31,0,1,0,1,0,11,0,2,0,50,0,3,0,2,0,2,0,4,2,35.74823583333333,139.64461027777776,1,3,9999,0,9,0
1,30,557,67,2,0,1,30000,0,120,2023,3,15,9,53,12,5,53,17,48,1,1,1,14,7,0,0,0,0,3,9,1,70,5,2,1,75,45,3,61,31,0,1,0,1,0,11,0,4,0,80,0,3,0,2,0,2,0,4,2,35.735258611111114,139.6558875,4,3,3,0,9,0
1,30,558,57,1,1,0,20000,0,120,2023,3,21,1,56,22,5,44,17,53,1,1,1,14,1,0,0,0,0,2,9,1,70,5,4,1,45,25,3,61,1,0,1,0,1,0,11,0,3,0,10,0,3,0,2,0,2,0,4,1,35.735015555555556,139.60005972222223,3,1,9999,0,9,0
1,30,558,81,2,0,1,30000,0,120,2023,3,20,10,12,12,5,46,17,52,1,1,1,1,7,8,21,0,0,11,9,30,1,5,3,1,55,75,3,61,31,0,1,0,1,0,11,0,1,0,40,0,3,0,2,0,2,0,4,2,35.717467222222226,139.58236805555555,2,2,9999,0,9,0
1,30,558,92,2,0,1,30000,0,120,2023,2,16,14,15,12,6,27,17,23,1,1,1,14,7,0,0,0,0,2,9,1,70,5,3,1,55,0,61,0,0,0,0,0,0,0,0,0,0,0,0,0,0,0,0,0,0,0,2,0,35.727381111111114,139.57612722222223,5,3,0,0,0,0
1,30,559,25,2,0,1,30000,0,119,2023,3,3,9,11,12,6,9,17,37,1,1,1,1,7,9,22,0,0,15,9,30,70,4,2,1,45,55,3,61,31,0,1,0,1,0,11,0,3,0,20,0,3,0,2,0,2,0,4,2,35.783724444444445,139.67310388888887,6,3,9999,0,1,0