資料区分,都道府県コード,警察署等コード,本票番号,事故内容,死者数,負傷者数,路線コード,地点コード,市区町村コード,発生日時　　年,発生日時　　月,発生日時　　日,発生日時　　時,発生日時　　分,昼夜,日の出時刻　　時,日の出時刻　　分,日の入り時刻　　時,日の入り時刻　　分,天候,地形,路面状態,道路形状,信号機,一時停止規制　標識（当事者A）,一時停止規制　表示（当事者A）,一時停止規制　標識（当事者B）,一時停止規制　表示（当事者B）,車道幅員,道路線形,衝突地点,ゾーン規制,中央分離帯施設等,歩車道区分,事故類型,年齢（当事者A）,年齢（当事者B）,当事者種別（当事者A）,当事者種別（当事者B）,用途別（当事者A）,用途別（当事者B）,車両形状等（当事者A）,車両形状等（当事者B）,オートマチック車（当事者A）,オートマチック車（当事者B）,サポカー（当事者A）,サポカー（当事者B）,速度規制（指定のみ）（当事者A）,速度規制（指定のみ）（当事者B）,車両の衝突部位（当事者A）,車両の衝突部位（当事者B）,車両の損壊程度（当事者A）,車両の損壊程度（当事者B）,エアバッグの装備（当事者A）,エアバッグの装備（当事者B）,サイドエアバッグの装備（当事者A）,サイドエアバッグの装備（当事者B）,人身損傷程度（当事者A）,人身損傷程度（当事者B）,lat,lon,曜日(発生年月日),祝日(発生年月日),認知機能検査経過日数（当事者A）,認知機能検査経過日数（当事者B）,運転練習の方法（当事者A）,運転練習の方法（当事者B）
1,30,559,33,2,0,1,2540,142,119,2023,3,13,17,7,13,5,56,17,46,2,1,1,14,7,0,0,0,0,1,9,1,70,5,2,1,25,75,51,61,41,0,0,0,0,0,0,0,0,0,10,0,4,0,0,0,0,0,4,2,35.7751725,139.6343858333333,2,3,0,0,0,0
1,30,559,37,2,0,1,30000,0,119,2023,3,18,20,55,22,5,49,17,51,2,1,1,1,7,1,21,0,0,11,9,30,70,5,3,1,75,75,4,61,31,0,1,0,1,0,11,0,2,0,40,0,3,0,2,0,2,0,4,2,35.79078861111111,139.65654583333333,7,3,85,0,9,0
1,30,560,42,2,0,2,30000,0,120,2023,1,26,8,20,12,6,46,17,2,1,1,1,14,7,0,0,0,0,1,9,1,70,5,1,1,35,1,51,61,41,0,0,0,0,0,0,0,0,0,12,0,3,0,0,0,0,0,2,2,35.75378833333333,139.6244863888889,5,3,0,0,0,0
1,30,560,43,2,0,1,30000,0,120,2023,3,1,12,15,12,6,12,17,36,1,1,1,13,7,0,0,0,0,2,3,1,70,5,2,1,55,75,36,61,31,0,0,0,0,0,11,0,2,0,20,0,3,0,0,0,0,0,4,2,35.765363055555554,139.66689027777778,4,3,9999,0,9,0
1,30,560,53,2,0,1,20000,0,120,2023,3,20,17,1,13,5,46,17,52,1,1,1,1,1,9,22,0,0,19,9,30,70,1,2,1,75,25,3,61,31,0,1,0,1,0,11,0,3,0,70,0,3,0,2,0,2,0,4,2,35.75847,139.62190750000002,2,2,312,0,9,0
1,30,560,59,2,0,1,171,0,120,2023,3,23,20,0,22,5,41,17,55,3,1,1,1,1,9,22,0,0,18,9,30,70,1,1,1,55,45,3,61,31,0,1,0,1,0,11,0,3,0,50,0,4,0,2,0,2,0,4,2,35.764023055555555,139.65361583333333,5,3,9999,0,9,0
1,30,560,60,2,0,1,30000,0,120,2023,3,16,16,55,13,5,51,17,49,1,1,1,1,7,1,21,0,0,14,9,30,70,1,1,1,55,55,3,61,31,0,1,0,1,0,11,0,3,0,10,0,3,0,2,0,2,0,4,2,35.7600525,139.65215777777777,5,3,9999,0,9,0
1,30,560,73,2,0,1,95000,0,120,2023,2,26,20,23,22,6,16,17,33,1,1,1,0,7,0,0,0,0,0,0,20,70,0,4,1,25,35,4,61,31,0,1,0,1,0,11,0,10,0,70,0,3,0,2,0,2,0,4,2,35.75375833333333,139.6110575,1,3,9999,0,1,0
1,30,660,33,2,0,1,20390,0,106,2023,3,10,19,25,22,6,0,17,44,1,1,1,1,7,1,21,0,0,17,9,30,70,4,2,1,65,25,14,61,31,0,11,0,1,0,11,0,10,0,10,0,4,0,2,0,2,0,4,2,35.70796083333334,139.77415833333333,6,3,9999,0,9,0
1,30,660,47,2,0,1,20530,0,106,2023,3,8,12,45,12,6,3,17,42,1,1,1,7,7,0,0,0,0,1,9,1,70,4,1,1,1,45,51,61,41,0,0,0,0,0,0,0,0,0,10,0,4,0,0,0,0,0,4,2,35.71123638888889,139.7824988888889,4,3,0,0,0,0
1,30,661,25,2,0,1,30000,0,106,2023,3,2,17,40,21,6,11,17,37,2,1,1,7,7,0,0,0,0,1,9,1,70,4,2,1,65,65,51,61,41,0,0,0,0,0,0,0,0,0,10,0,3,0,0,0,0,0,4,2,35.72667527777778,139.78951361111112,5,3,0,0,0,0
1,30,661,33,2,0,1,30000,0,106,2023,3,22,8,53,12,5,43,17,54,1,1,1,1,7,9,22,0,0,11,9,30,70,5,3,1,45,25,13,61,31,0,11,0,1,0,11,0,2,0,20,0,3,0,2,0,2,0,4,2,35.72734194444445,139.79260638888888,4,3,9999,0,1,0
1,30,662,34,2,0,1,10090,0,106,2023,3,3,5,50,23,6,9,17,37,1,1,1,1,1,9,22,0,0,18,9,30,70,5,2,1,75,65,3,61,1,0,1,0,1,0,11,0,4,0,50,0,4,0,2,0,2,0,4,2,35.72806666666667,139.80850694444445,6,3,293,0,9,0
1,30,662,35,2,0,1,60,40,106,2023,3,8,13,20,12,6,3,17,42,1,1,1,7,1,0,0,0,0,5,9,1,70,4,1,1,55,75,3,61,1,0,1,0,1,0,11,0,4,0,40,0,4,0,2,0,2,0,4,2,35.71120055555556,139.79796,4,3,9999,0,9,0
1,30,662,36,2,0,1,10300,0,106,2023,3,10,17,25,13,6,0,17,44,1,1,1,1,1,9,22,0,0,11,9,30,70,4,2,1,45,55,3,61,31,0,1,0,1,0,11,0,3,0,10,0,4,0,2,0,2,0,4,2,35.71610388888889,139.79732388888888,6,3,9999,0,1,0
1,30,662,37,2,0,1,30000,0,106,2023,3,14,10,35,12,5,54,17,47,1,1,1,14,7,0,0,0,0,4,9,1,70,4,2,1,75,75,3,61,1,0,1,0,1,0,11,0,3,0,30,0,4,0,2,0,2,0,4,2,35.710997222222225,139.79607416666667,3,3,9999,0,9,0
1,30,662,39,2,0,1,30000,0,106,2023,3,16,12,15,12,5,51,17,49,1,1,1,1,1,9,22,0,0,15,9,30,70,4,2,1,55,75,3,61,31,0,1,0,1,0,11,0,3,0,50,0,4,0,2,0,2,0,4,2,35.72575472222223,139.80786277777779,5,3,9999,0,9,0
1,30,662,40,2,0,1,20560,0,106,2023,3,18,3,7,22,5,49,17,51,3,1,2,1,1,9,22,0,0,14,9,30,70,1,2,1,45,35,13,61,1,0,11,0,1,0,11,0,3,0,10,0,3,0,2,0,2,0,4,2,35.71384916666667,139.79250555555555,7,3,9999,0,9,0
1,30,662,41,2,0,1,10300,0,106,2023,3,19,10,5,12,5,47,17,51,1,1,1,1,7,9,22,0,0,17,9,30,70,4,1,1,55,25,3,61,31,0,1,0,1,0,11,0,4,0,50,0,3,0,2,0,2,0,4,2,35.71596416666667,139.7982525,1,3,9999,0,9,0
1,30,665,26,2,0,1,10360,0,118,2023,3,15,20,10,22,5,53,17,48,1,1,1,1,1,9,22,0,0,19,9,30,70,4,2,1,55,45,3,61,31,0,1,0,1,0,11,0,3,0,10,0,3,0,2,0,2,0,4,2,35.7366525,139.81274222222223,4,3,9999,0,9,0
1,30,667,21,2,0,1,30000,0,121,2023,3,11,7,5,12,5,58,17,45,1,1,1,14,7,0,0,0,0,3,9,1,70,4,3,1,65,45,3,61,31,0,1,0,1,0,11,0,2,0,40,0,3,0,2,0,2,0,4,2,35.74725166666667,139.80546,7,3,9999,0,9,0
1,30,668,115,2,0,1,95000,0,121,2023,3,11,19,22,22,5,58,17,45,1,1,1,14,7,0,0,0,0,2,9,1,70,5,2,1,65,0,61,0,0,0,0,0,0,0,0,0,0,0,0,0,0,0,0,0,0,0,2,0,35.78888305555555,139.75728416666666,7,3,0,0,0,0
1,30,668,117,2,0,1,99000,0,121,2023,3,13,7,8,12,5,56,17,46,2,1,1,0,7,0,0,0,0,0,0,20,70,0,4,1,25,55,3,61,31,0,1,0,1,0,11,0,10,0,33,0,4,0,2,0,2,0,4,2,35.78953694444444,139.77038944444445,2,3,9999,0,1,0
1,30,668,121,2,0,1,30000,0,121,2023,3,15,14,30,12,5,53,17,48,1,1,1,14,7,0,0,0,0,2,9,1,70,5,3,1,1,1,51,61,41,0,0,0,0,0,0,0,0,0,30,0,3,0,0,0,0,0,4,2,35.780275277777775,139.7542225,4,3,0,0,0,0
1,30,668,126,2,0,1,30000,0,121,2023,3,10,19,20,22,6,0,17,44,1,1,1,1,7,1,21,0,0,11,9,30,70,5,3,1,65,25,3,61,1,0,1,0,1,0,11,0,1,0,10,0,3,0,2,0,2,0,4,2,35.764004444444446,139.78340888888889,6,3,9999,0,9,0
1,30,668,128,2,0,1,20000,0,121,2023,3,22,19,45,22,5,43,17,54,1,1,1,1,7,9,22,0,0,11,9,30,70,4,1,1,75,45,3,61,31,0,1,0,1,0,11,0,3,0,10,0,3,0,2,0,2,0,4,2,35.76383833333333,139.78831833333334,4,3,9999,0,9,0
1,30,668,130,2,0,1,30000,0,121,2023,3,24,4,40,23,5,40,17,56,2,1,2,1,7,1,21,0,0,14,9,30,70,5,1,1,55,55,3,61,31,0,1,0,1,0,11,0,2,0,80,0,4,0,2,0,2,0,4,2,35.78713694444444,139.80174472222222,6,3,9999,0,9,0
1,30,668,141,2,0,1,30000,0,121,2023,3,17,15,3,12,5,50,17,50,2,1,1,1,7,9,22,0,0,15,9,30,70,5,2,1,45,65,14,61,31,0,11,0,1,0,11,0,3,0,10,0,3,0,2,0,2,0,4,2,35.77503111111111,139.79255583333332,6,3,9999,0,1,0
1,30,669,110,2,0,1,30000,0,121,2023,3,6,19,0,22,6,5,17,40,1,1,1,1,1,9,22,0,0,14,9,30,70,4,3,1,65,45,3,61,31,0,1,0,1,0,11,0,2,0,10,0,3,0,2,0,2,0,4,2,35.7858425,139.81628083333334,2,3,9999,0,9,0
1,30,669,113,2,0,1,30000,0,121,2023,3,7,20,3,22,6,4,17,41,1,1,1,14,7,0,0,0,0,4,9,1,70,5,4,1,25,45,51,61,41,0,0,0,0,0,0,0,0,0,10,0,3,0,0,0,0,0,4,2,35.7693575,139.85748638888887,3,3,0,0,0,0
1,30,669,125,2,0,1,20000,0,121,2023,3,14,15,0,12,5,54,17,47,1,1,1,1,1,9,22,0,0,17,9,30,70,4,2,1,35,65,3,61,31,0,1,0,1,0,11,0,1,0,10,0,4,0,2,0,2,0,4,2,35.764475555555556,139.83399,3,3,9999,0,1,0
1,30,669,135,2,0,1,30000,0,121,2023,3,16,19,45,22,5,51,17,49,1,1,1,1,1,9,22,0,0,11,9,30,1,4,2,1,55,55,4,61,31,0,1,0,1,0,11,0,2,0,20,0,3,0,2,0,2,0,4,2,35.77731472222222,139.81115722222222,5,3,9999,0,9,0
1,30,669,146,2,0,1,30000,0,121,2023,3,24,14,55,12,5,40,17,56,3,1,2,14,7,0,0,0,0,3,9,1,70,5,3,1,75,45,3,61,31,0,1,0,1,0,11,0,5,0,10,0,3,0,2,0,2,0,4,2,35.768054444444445,139.80857555555556,6,3,745,0,9,0
1,30,670,70,2,0,1,30000,0,121,2023,3,3,14,21,12,6,9,17,37,1,1,1,1,7,9,22,0,0,15,9,30,70,4,2,1,65,1,3,61,31,0,1,0,1,0,11,0,2,0,10,0,3,0,2,0,2,0,4,2,35.80407111111111,139.80666055555557,6,3,9999,0,9,0
1,30,670,73,2,0,1,20620,0,121,2023,3,6,5,45,23,6,5,17,40,3,1,2,14,7,0,0,0,0,4,9,1,70,4,1,1,25,25,3,61,31,0,1,0,1,0,11,0,3,0,10,0,3,0,2,0,2,0,4,2,35.79221305555556,139.79784694444444,2,3,9999,0,1,0
1,30,670,78,2,0,1,30000,0,121,2023,2,17,13,25,12,6,26,17,24,1,1,1,14,7,0,0,0,0,2,9,1,70,5,4,1,65,75,3,61,31,0,1,0,1,0,11,0,10,0,40,0,4,0,2,0,2,0,4,2,35.79910805555556,139.79831444444443,6,3,9999,0,9,0
1,30,670,80,2,0,1,30000,0,121,2023,3,15,7,0,12,5,53,17,48,1,1,1,1,1,9,22,0,0,17,9,30,70,5,2,1,55,45,3,61,31,0,1,0,1,0,11,0,2,0,20,0,4,0,2,0,2,0,4,2,35.806394166666664,139.81761666666665,4,3,9999,0,9,0
1,30,670,92,2,0,1,30000,0,121,2023,3,24,9,50,12,5,40,17,56,2,1,1,1,1,9,22,0,0,11,9,30,70,5,2,1,45,75,4,61,31,0,1,0,1,0,11,0,3,0,50,0,3,0,2,0,2,0,4,2,35.81030222222222,139.75490472222222,6,3,9999,0,9,0
1,30,670,102,2,0,1,10710,0,121,2023,3,29,18,50,21,5,33,18,0,3,1,2,1,1,9,22,0,0,15,9,30,70,1,2,1,25,35,3,61,31,0,1,0,1,0,11,0,3,0,10,0,3,0,2,0,2,0,4,2,35.81507583333333,139.77072138888892,4,3,9999,0,9,0
1,30,771,81,2,0,1,10370,0,108,2023,2,10,21,10,22,6,34,17,17,3,1,2,1,1,9,22,0,0,19,9,30,70,5,2,1,45,45,11,61,1,0,11,0,2,0,11,0,4,0,50,0,4,0,2,0,2,0,4,2,35.65598388888889,139.81067555555558,6,2,9999,0,1,0
1,30,771,91,2,0,1,30000,0,108,2023,3,16,14,20,12,5,51,17,49,1,1,1,14,7,0,0,0,0,3,9,1,70,4,1,1,65,35,3,61,1,0,1,0,1,0,11,0,3,0,40,0,4,0,2,0,2,0,4,2,35.66867472222222,139.79190472222223,5,3,9999,0,9,0
1,30,771,92,2,0,1,20680,0,108,2023,3,15,0,10,22,5,53,17,48,1,1,1,1,1,9,22,0,0,18,9,30,70,4,2,1,55,25,12,61,31,0,11,0,1,0,11,0,3,0,50,0,3,0,2,0,2,0,4,2,35.68545388888889,139.7984336111111,4,3,9999,0,9,0
1,30,771,96,2,0,1,20690,0,108,2023,3,21,10,44,12,5,44,17,53,2,1,1,14,7,0,0,0,0,5,9,1,70,3,2,1,45,75,1,61,1,0,1,0,1,0,11,0,4,0,0,0,4,0,2,0,2,0,4,2,35.67512361111111,139.8159663888889,3,1,9999,0,5,0
1,30,771,107,2,0,1,10370,0,108,2023,3,24,10,45,12,5,40,17,56,1,1,1,1,1,9,22,0,0,19,9,30,70,4,1,1,45,75,51,61,41,0,0,0,0,0,0,0,0,0,20,0,3,0,0,0,0,0,4,2,35.66945638888889,139.80553055555558,6,3,0,0,0,0
1,30,772,112,2,0,1,30000,0,108,2023,3,14,8,55,12,5,54,17,47,1,1,1,14,7,0,0,0,0,2,9,1,70,5,3,1,45,75,14,61,1,0,11,0,1,0,11,0,2,0,20,0,4,0,2,0,2,0,4,2,35.69794361111111,139.82917722222223,3,3,9999,0,1,0
1,30,772,115,2,0,1,30000,0,108,2023,3,21,14,40,12,5,44,17,53,1,1,1,14,7,0,0,0,0,3,9,1,70,4,3,1,25,1,14,61,1,0,11,0,1,0,11,0,2,0,41,0,3,0,2,0,2,0,4,2,35.70088638888889,139.82912222222222,3,1,9999,0,1,0
1,30,772,125,2,0,1,30000,0,108,2023,1,27,18,55,22,6,45,17,3,2,1,1,14,7,0,0,0,0,2,9,1,70,5,3,1,55,55,3,61,1,0,1,0,1,0,11,0,2,0,40,0,4,0,2,0,2,0,4,2,35.700475833333336,139.82481388888888,6,3,9999,0,9,0
1,30,772,128,2,0,1,10040,0,108,2023,3,29,11,5,12,5,33,18,0,1,1,1,14,7,0,0,0,0,5,9,1,70,1,1,1,75,0,61,0,0,0,0,0,0,0,0,0,0,0,0,0,0,0,0,0,0,0,2,0,35.670069999999996,139.8254597222222,4,3,0,0,0,0
1,30,772,131,2,0,1,20660,0,108,2023,3,16,10,30,12,5,51,17,49,1,1,1,1,1,9,22,0,0,15,9,30,70,5,2,1,65,25,3,61,31,0,1,0,1,0,11,0,1,0,40,0,3,0,2,0,2,0,4,2,35.686569999999996,139.84525055555557,5,3,9999,0,9,0
1,30,773,52,2,0,1,140,26,107,2022,11,19,11,10,12,6,20,16,32,1,1,1,14,7,0,0,0,0,5,9,1,70,1,2,1,25,25,52,61,41,0,0,0,0,0,0,0,0,0,40,0,3,0,0,0,0,0,4,2,35.69443166666667,139.79337444444445,7,3,0,0,0,0
1,30,773,54,2,0,1,30000,0,107,2023,3,3,8,52,12,6,9,17,37,1,1,1,1,7,9,22,0,0,14,8,30,70,5,2,1,35,25,3,61,31,0,1,0,1,0,11,0,5,0,80,0,3,0,2,0,2,0,4,2,35.699279999999995,139.80899055555557,6,3,9999,0,1,0
1,30,773,55,2,0,1,30000,0,107,2023,3,3,13,15,12,6,9,17,37,1,1,1,14,7,0,0,0,0,2,9,1,70,5,2,1,35,65,13,61,31,0,11,0,2,0,11,0,10,0,30,0,3,0,2,0,2,0,4,2,35.69571694444444,139.79236583333332,6,3,9999,0,1,0
1,30,773,68,2,0,1,140,31,107,2023,3,15,15,30,12,5,53,17,48,1,1,1,1,1,9,22,0,0,18,9,30,70,1,2,1,25,1,3,61,31,0,1,0,1,0,11,0,4,0,10,0,3,0,2,0,2,0,4,2,35.69462138888888,139.79890055555555,4,3,9999,0,1,0
1,30,773,72,2,0,1,10370,0,107,2023,3,18,1,37,22,5,49,17,51,1,1,2,1,1,9,22,0,0,19,9,30,70,1,2,1,35,25,3,61,31,0,1,0,1,0,11,0,4,0,10,0,3,0,2,0,2,0,4,2,35.70854194444445,139.80409277777778,7,3,9999,0,1,0
1,30,773,77,2,0,1,10290,0,107,2023,3,24,19,25,22,5,40,17,56,3,1,2,1,1,9,22,0,0,18,9,30,70,1,1,1,45,65,4,61,31,0,1,0,1,0,11,0,4,0,80,0,3,0,2,0,2,0,4,2,35.70127111111111,139.81779111111112,6,3,9999,0,9,0
1,30,774,42,2,0,1,20670,0,107,2023,3,18,18,20,21,5,49,17,51,2,1,2,1,1,9,22,0,0,14,9,30,70,5,1,1,55,75,3,61,31,0,1,0,1,0,11,0,4,0,10,0,3,0,2,0,2,0,4,2,35.72613611111111,139.81286805555555,7,3,9999,0,9,0
1,30,775,53,2,0,1,30000,0,122,2023,3,6,17,10,13,6,5,17,40,1,1,1,14,7,0,0,0,0,2,9,1,70,5,2,1,1,75,34,61,31,0,0,0,0,0,11,0,2,0,10,0,3,0,0,0,0,0,4,2,35.776938888888886,139.8625375,2,3,9999,0,1,0
1,30,775,65,2,0,1,30000,0,122,2023,3,15,16,0,12,5,53,17,48,1,1,1,14,7,0,0,0,0,2,9,1,70,4,1,1,25,1,3,61,31,0,1,0,1,0,11,0,2,0,10,0,3,0,2,0,2,0,4,2,35.76217027777778,139.86696333333333,4,3,9999,0,1,0
1,30,776,86,2,0,1,30000,0,122,2023,3,11,11,20,12,5,58,17,45,1,1,2,14,7,0,0,0,0,2,9,1,70,5,3,1,1,75,3,61,31,0,1,0,1,0,11,0,10,0,10,0,4,0,2,0,2,0,4,2,35.74313055555556,139.8350538888889,7,3,9999,0,1,0
1,30,776,90,2,0,1,10400,0,122,2023,3,15,10,40,12,5,53,17,48,1,1,1,1,3,9,22,0,0,14,9,30,70,5,2,1,65,25,12,61,31,0,11,0,1,0,11,0,3,0,10,0,3,0,2,0,2,0,4,2,35.741619166666666,139.83462555555556,4,3,9999,0,9,0
1,30,776,92,2,0,1,10400,0,122,2023,3,12,23,41,22,5,57,17,45,2,1,1,1,1,9,22,0,0,18,9,30,70,4,1,1,75,25,3,61,31,0,1,0,1,0,11,0,3,0,50,0,4,0,2,0,2,0,4,2,35.73422194444444,139.8428025,1,3,45,0,9,0
1,30,776,96,2,0,1,30000,0,122,2023,3,17,15,14,12,5,50,17,50,1,1,1,1,1,9,22,0,0,18,9,30,70,4,2,1,45,45,51,61,41,0,0,0,0,0,0,0,0,0,10,0,3,0,0,0,0,0,4,2,35.74071166666667,139.84969444444445,6,3,0,0,0,0
1,30,776,97,2,0,1,99000,0,122,2023,3,9,10,55,12,6,1,17,43,1,1,1,0,7,0,0,0,0,0,0,20,70,0,4,1,45,55,3,61,31,0,1,0,1,0,11,0,10,0,30,0,4,0,2,0,2,0,4,2,35.719030555555555,139.85242,5,3,9999,0,1,0
1,30,776,109,2,0,1,30000,0,122,2023,3,24,22,25,22,5,40,17,56,3,1,1,1,7,9,22,0,0,14,9,30,70,5,2,1,25,1,51,61,41,0,0,0,0,0,0,0,0,0,10,0,3,0,0,0,0,0,4,2,35.717825833333336,139.85776527777776,6,3,0,0,0,0
1,30,776,110,2,0,1,30000,0,122,2023,3,28,4,45,23,5,34,17,59,3,1,2,14,7,0,0,0,0,2,9,1,70,4,1,1,55,65,3,61,1,0,1,0,1,0,11,0,3,0,10,0,3,0,2,0,1,0,4,2,35.742271111111116,139.8484777777778,3,3,9999,0,9,0
1,30,777,122,2,0,1,30000,0,123,2023,3,2,15,45,12,6,11,17,37,1,1,1,14,7,0,0,0,0,3,9,1,70,4,1,1,35,55,51,61,41,0,0,0,0,0,0,0,0,0,10,0,3,0,0,0,0,0,4,2,35.68885694444444,139.89599083333331,5,3,0,0,0,0
1,30,777,124,2,0,1,30520,0,123,2023,3,2,1,48,22,6,11,17,37,1,1,1,1,1,9,22,0,0,15,9,30,70,4,2,1,45,35,3,61,31,0,1,0,1,0,11,0,2,0,80,0,3,0,2,0,2,0,4,2,35.69392305555555,139.87395472222224,5,3,9999,0,5,0
1,30,777,139,2,0,1,10390,0,123,2023,3,14,8,35,12,5,54,17,47,2,1,1,14,7,0,0,0,0,2,9,1,70,4,2,1,1,25,36,61,31,0,0,0,0,0,11,0,2,0,10,0,3,0,0,0,0,0,4,2,35.69250694444444,139.86768472222224,3,3,9999,0,5,0
1,30,777,156,2,0,1,99000,0,123,2023,3,25,3,30,22,5,39,17,56,3,1,2,0,7,0,0,0,0,0,0,20,70,0,4,1,75,35,3,61,1,0,1,0,1,0,11,0,10,0,40,0,4,0,2,0,2,0,4,2,35.709811388888895,139.84335416666667,7,3,9999,0,9,0
1,30,777,159,2,0,1,30000,0,123,2023,3,27,9,25,12,5,36,17,58,2,1,1,14,7,0,0,0,0,2,9,1,70,4,2,1,75,25,4,61,31,0,1,0,1,0,11,0,2,0,40,0,2,0,2,0,2,0,4,2,35.69329694444444,139.89963444444444,2,3,161,0,9,0
1,30,777,163,2,0,1,30000,0,123,2023,3,28,17,30,13,5,34,17,59,2,1,1,1,7,1,21,0,0,11,9,30,70,4,2,1,55,25,13,61,1,0,11,0,1,0,11,0,2,0,10,0,3,0,2,0,2,0,4,2,35.685403055555554,139.87978583333333,3,3,9999,0,9,0
1,30,777,165,2,0,1,30000,0,123,2023,2,8,6,30,23,6,36,17,15,2,1,1,1,7,1,21,0,0,11,9,30,70,5,2,1,55,75,3,61,31,0,1,0,1,0,11,0,2,0,10,0,3,0,2,0,2,0,4,2,35.69862749999999,139.89254083333333,4,3,9999,0,9,0
1,30,777,172,2,0,1,30000,0,123,2023,3,26,10,30,12,5,37,17,57,3,1,2,14,7,0,0,0,0,2,9,1,70,5,3,1,65,45,51,61,41,0,0,0,0,0,0,0,0,0,10,0,3,0,0,0,0,0,4,2,35.700699166666666,139.862335,1,3,0,0,0,0
1,30,777,173,2,0,1,30000,0,123,2023,3,30,18,30,21,5,31,18,1,1,1,1,1,7,9,22,0,0,15,9,30,70,1,2,1,65,65,13,61,31,0,11,0,1,0,11,0,2,0,20,0,3,0,2,0,2,0,4,2,35.700858888888895,139.8964661111111,5,3,9999,0,9,0
1,30,777,175,2,0,1,30000,0,123,2023,3,2,16,13,12,6,11,17,37,2,1,2,1,1,9,22,0,0,15,9,30,70,5,1,1,25,1,3,61,31,0,1,0,1,0,11,0,2,0,10,0,3,0,2,0,2,0,4,2,35.710409444444444,139.84143305555557,5,3,9999,0,1,0
1,30,778,56,2,0,1,30000,0,123,2023,3,7,18,10,21,6,4,17,41,1,1,1,1,7,9,22,0,0,11,9,30,70,4,2,1,55,55,3,61,31,0,1,0,1,0,11,0,3,0,20,0,3,0,2,0,2,0,4,2,35.7168225,139.8693066666667,3,3,9999,0,9,0
1,30,778,59,2,0,1,95000,0,123,2023,3,13,7,35,12,5,56,17,46,1,1,1,0,7,0,0,0,0,0,0,20,70,0,4,1,35,35,13,61,1,0,11,0,1,0,11,0,10,0,60,0,3,0,2,0,2,0,4,2,35.70848388888889,139.89789305555556,2,3,9999,0,1,0
1,30,778,65,2,0,1,10290,0,123,2023,3,20,20,0,22,5,46,17,52,1,1,1,1,1,9,22,0,0,18,9,30,70,1,2,1,45,45,3,61,31,0,1,0,1,0,11,0,4,0,10,0,3,0,2,0,2,0,4,2,35.73750361111111,139.88887555555556,2,2,9999,0,9,0
1,30,778,66,2,0,1,30000,0,123,2023,3,21,14,40,12,5,44,17,53,2,1,1,14,7,0,0,0,0,3,9,1,70,5,3,1,65,75,14,61,31,0,11,0,1,0,11,0,2,0,30,0,3,0,2,0,2,0,4,2,35.72496027777778,139.8743613888889,3,1,9999,0,9,0
1,30,778,67,2,0,1,30000,0,123,2023,3,23,8,45,12,5,41,17,55,3,1,2,14,7,0,0,0,0,3,9,1,70,5,2,1,45,1,14,61,31,0,11,0,1,0,11,0,5,0,30,0,4,0,2,0,2,0,4,2,35.72094833333333,139.8935522222222,5,3,9999,0,1,0
1,30,779,46,2,0,1,30000,0,123,2023,3,2,8,16,12,6,11,17,37,1,1,1,14,7,0,0,0,0,2,9,1,70,5,2,1,1,55,51,61,41,0,0,0,0,0,0,0,0,0,10,0,3,0,0,0,0,0,4,2,35.67244944444444,139.876595,5,3,0,0,0,0
1,30,779,56,2,0,1,30000,0,123,2023,3,14,20,50,22,5,54,17,47,1,1,1,1,1,9,22,0,0,14,9,30,70,5,2,1,45,1,3,61,31,0,1,0,1,0,11,0,2,0,10,0,4,0,2,0,2,0,4,2,35.67892305555555,139.88261055555557,3,3,9999,0,9,0
1,30,779,61,2,0,1,30000,0,123,2023,3,16,20,20,22,5,51,17,49,1,1,1,14,7,0,0,0,0,2,9,1,70,5,2,1,25,65,4,61,31,0,1,0,1,0,11,0,2,0,30,0,3,0,2,0,2,0,4,2,35.673029444444445,139.87824,5,3,9999,0,1,0
1,30,779,62,2,0,1,30000,0,123,2023,3,17,16,25,12,5,50,17,50,2,1,1,1,1,9,22,0,0,14,9,30,70,5,2,1,65,1,4,61,31,0,1,0,1,0,11,0,2,0,20,0,3,0,2,0,2,0,4,2,35.657226944444446,139.8844336111111,6,3,9999,0,9,0
1,30,779,63,2,0,1,10130,0,123,2023,3,18,10,25,12,5,49,17,51,3,1,2,1,1,9,22,0,0,18,9,30,70,5,2,1,1,65,13,61,31,0,11,0,1,0,11,0,4,0,10,0,3,0,2,0,2,0,4,2,35.654494166666666,139.87242222222224,7,3,9999,0,1,0
1,30,779,66,2,0,1,30000,0,123,2023,2,21,20,10,22,6,22,17,28,1,1,1,14,1,0,0,0,0,3,9,1,70,5,1,1,45,45,51,61,41,0,0,0,0,0,0,0,0,0,10,0,4,0,0,0,0,0,4,2,35.66482444444444,139.85638,3,3,0,0,0,0
1,30,876,56,2,0,1,30000,0,201,2022,12,23,13,55,12,6,48,16,32,1,1,1,1,7,9,22,0,0,11,9,30,70,5,2,1,25,25,51,61,41,0,0,0,0,0,0,0,0,0,10,0,3,0,0,0,0,0,4,2,35.628675,139.32546166666665,6,3,0,0,0,0
1,30,876,57,2,0,1,30820,0,209,2023,2,7,5,49,23,6,36,17,14,1,1,1,1,1,9,22,0,0,18,9,30,70,1,2,1,65,75,4,61,31,0,1,0,1,0,11,0,3,0,10,0,3,0,2,0,2,0,4,2,35.60319333333334,139.36648416666665,3,3,9999,0,9,0
1,30,876,63,2,0,1,20770,0,201,2023,3,4,15,0,12,6,8,17,38,1,1,1,1,1,9,22,0,0,15,9,30,70,5,1,1,75,75,3,61,31,0,1,0,1,0,11,0,4,0,10,0,3,0,2,0,2,0,4,2,35.63834,139.3185025,7,3,180,0,9,0