資料区分,都道府県コード,警察署等コード,本票番号,事故内容,死者数,負傷者数,路線コード,地点コード,市区町村コード,発生日時　　年,発生日時　　月,発生日時　　日,発生日時　　時,発生日時　　分,昼夜,日の出時刻　　時,日の出時刻　　分,日の入り時刻　　時,日の入り時刻　　分,天候,地形,路面状態,道路形状,信号機,一時停止規制　標識（当事者A）,一時停止規制　表示（当事者A）,一時停止規制　標識（当事者B）,一時停止規制　表示（当事者B）,車道幅員,道路線形,衝突地点,ゾーン規制,中央分離帯施設等,歩車道区分,事故類型,年齢（当事者A）,年齢（当事者B）,当事者種別（当事者A）,当事者種別（当事者B）,用途別（当事者A）,用途別（当事者B）,車両形状等（当事者A）,車両形状等（当事者B）,オートマチック車（当事者A）,オートマチック車（当事者B）,サポカー（当事者A）,サポカー（当事者B）,速度規制（指定のみ）（当事者A）,速度規制（指定のみ）（当事者B）,車両の衝突部位（当事者A）,車両の衝突部位（当事者B）,車両の損壊程度（当事者A）,車両の損壊程度（当事者B）,エアバッグの装備（当事者A）,エアバッグの装備（当事者B）,サイドエアバッグの装備（当事者A）,サイドエアバッグの装備（当事者B）,人身損傷程度（当事者A）,人身損傷程度（当事者B）,lat,lon,曜日(発生年月日),祝日(発生年月日),認知機能検査経過日数（当事者A）,認知機能検査経過日数（当事者B）,運転練習の方法（当事者A）,運転練習の方法（当事者B）
1,30,876,73,2,0,2,30000,0,201,2023,3,18,14,10,12,5,49,17,51,3,1,2,1,1,9,22,0,0,18,9,30,1,1,2,1,55,45,3,61,31,0,1,0,1,0,11,0,4,0,10,0,3,0,2,0,2,0,4,2,35.62754694444445,139.3270836111111,7,3,9999,0,9,0
1,30,876,78,2,0,2,30000,0,201,2023,3,20,6,40,11,5,46,17,52,1,1,1,14,7,0,0,0,0,2,9,1,70,5,4,1,25,35,36,61,31,0,0,0,0,0,11,0,1,0,10,0,3,0,0,0,0,0,4,2,35.61833111111111,139.32312194444444,2,2,9999,0,1,0
1,30,876,79,2,0,1,95000,0,201,2023,3,20,18,20,21,5,46,17,52,1,1,1,14,7,0,0,0,0,2,9,1,70,1,1,1,45,1,3,61,31,0,1,0,1,0,11,0,4,0,40,0,3,0,2,0,2,0,4,2,35.62213944444444,139.370405,2,2,9999,0,5,0
1,30,876,85,2,0,1,30000,0,201,2023,3,22,18,30,21,5,43,17,54,1,1,1,1,7,9,22,0,0,11,9,30,70,4,3,1,65,1,4,61,31,0,1,0,1,0,11,0,2,0,50,0,3,0,2,0,2,0,4,2,35.621567222222225,139.36702583333334,4,3,9999,0,9,0
1,30,877,79,2,0,1,30000,0,201,2022,12,24,14,0,12,6,48,16,33,1,2,1,1,7,2,21,0,0,18,9,30,70,1,2,1,75,65,3,61,31,0,1,0,1,0,11,0,3,0,50,0,4,0,2,0,2,0,4,2,35.64092,139.3081952777778,7,3,481,0,9,0
1,30,877,82,2,0,1,30000,0,201,2023,2,17,14,59,12,6,26,17,24,1,1,1,14,7,0,0,0,0,2,7,1,70,5,3,1,75,75,3,61,31,0,1,0,1,0,11,0,10,0,10,0,3,0,2,0,2,0,4,2,35.64124388888889,139.2900097222222,6,3,36,0,9,0
1,30,877,91,2,0,1,10490,0,201,2023,3,6,9,41,12,6,5,17,40,1,1,1,1,1,1,21,0,0,14,9,30,70,4,1,1,55,1,14,61,1,0,11,0,1,0,11,0,10,0,10,0,3,0,2,0,2,0,4,2,35.6433525,139.28581222222223,2,3,9999,0,9,0
1,30,877,94,2,0,1,20730,0,201,2023,3,10,8,5,12,6,0,17,44,1,1,1,1,7,9,22,0,0,14,9,30,70,5,2,1,35,1,51,61,41,0,0,0,0,0,0,0,0,0,10,0,3,0,0,0,0,0,4,2,35.66667388888889,139.30267694444444,6,3,0,0,0,0
1,30,877,97,2,0,1,30000,0,201,2023,3,13,8,20,12,5,56,17,46,3,1,2,1,7,1,21,0,0,14,7,30,70,5,2,1,65,1,14,61,31,0,11,0,1,0,11,0,10,0,10,0,3,0,2,0,2,0,4,2,35.633876666666666,139.30717916666669,2,3,9999,0,9,0
1,30,877,98,2,0,1,30000,0,201,2023,3,13,11,10,12,5,56,17,46,3,2,2,1,7,9,22,0,0,15,9,30,70,5,2,1,65,75,3,61,31,0,1,0,1,0,11,0,2,0,0,0,4,0,2,0,2,0,4,2,35.64203166666667,139.28402888888888,2,3,9999,0,9,0
1,30,877,104,2,0,1,30000,0,201,2023,3,17,19,53,22,5,50,17,50,2,3,1,1,7,9,22,0,0,15,8,30,70,1,2,1,25,65,4,61,31,0,1,0,1,0,11,0,3,0,80,0,3,0,2,0,2,0,4,2,35.64087194444444,139.30807305555555,6,3,9999,0,5,0
1,30,877,110,2,0,1,30000,0,201,2023,3,21,14,3,12,5,44,17,53,2,1,1,14,7,0,0,0,0,3,9,1,70,4,3,1,65,25,4,61,31,0,1,0,1,0,11,0,3,0,40,0,3,0,2,0,2,0,4,2,35.67205166666666,139.29186277777777,3,1,9999,0,9,0
1,30,877,111,2,0,1,200,481,201,2023,3,22,7,15,12,5,43,17,54,1,1,1,14,7,0,0,0,0,2,9,1,70,5,2,1,45,45,51,61,41,0,0,0,0,0,0,0,0,0,10,0,3,0,0,0,0,0,4,2,35.65390194444444,139.30425972222224,4,3,0,0,0,0
1,30,877,113,2,0,1,99000,0,201,2023,2,18,14,19,12,6,25,17,25,1,2,1,0,7,0,0,0,0,0,0,20,70,0,4,1,75,65,3,61,31,0,1,0,1,0,11,0,10,0,10,0,4,0,2,0,2,0,4,2,35.63776416666666,139.29321555555555,7,3,122,0,9,0
1,30,877,116,2,0,1,95000,0,201,2023,3,23,16,20,12,5,41,17,55,1,3,1,0,7,0,0,0,0,0,0,20,70,0,4,1,45,45,3,61,31,0,1,0,1,0,11,0,10,0,10,0,3,0,2,0,2,0,4,2,35.64309138888889,139.28925027777777,5,3,9999,0,9,0
1,30,877,119,2,0,1,30000,0,201,2023,3,24,17,40,13,5,40,17,56,3,2,2,1,1,9,22,0,0,14,9,30,70,4,1,1,45,1,4,61,31,0,1,0,1,0,11,0,3,0,50,0,3,0,2,0,2,0,4,2,35.66828694444444,139.30164722222224,6,3,9999,0,9,0
1,30,877,130,2,0,1,30000,0,201,2023,3,31,16,6,12,5,30,18,1,1,1,1,14,1,0,0,0,0,4,9,1,70,1,2,1,75,0,61,0,0,0,0,0,0,0,0,0,0,0,0,0,0,0,0,0,0,0,2,0,35.64374333333333,139.3070313888889,6,3,0,0,0,0
1,30,878,79,2,0,1,30000,0,224,2023,3,2,19,10,22,6,11,17,37,1,2,1,14,7,0,0,0,0,1,9,1,70,1,2,1,1,65,51,61,41,0,0,0,0,0,0,0,0,0,10,0,4,0,0,0,0,0,4,2,35.62429638888889,139.4203672222222,5,3,0,0,0,0
1,30,878,82,2,0,1,21110,0,225,2023,3,4,11,25,12,6,8,17,38,1,1,1,14,7,0,0,0,0,3,9,1,70,4,2,1,45,1,3,61,31,0,1,0,1,0,11,0,3,0,10,0,3,0,1,0,2,0,4,2,35.63106527777778,139.48300777777777,7,3,9999,0,4,0
1,30,878,84,2,0,1,30000,0,224,2023,3,8,18,45,22,6,3,17,42,1,2,1,1,1,9,22,0,0,15,9,30,70,4,2,1,65,45,3,61,31,0,1,0,1,0,11,0,3,0,10,0,3,0,2,0,2,0,4,2,35.63627472222222,139.45824888888887,4,3,9999,0,1,0
1,30,878,89,2,0,1,10610,0,225,2023,3,2,18,25,21,6,11,17,37,2,2,1,1,1,9,22,0,0,19,9,30,70,1,2,1,75,35,4,61,31,0,1,0,1,0,11,0,4,0,10,0,3,0,2,0,2,0,4,2,35.63776111111111,139.4983261111111,5,3,567,0,9,0
1,30,878,94,2,0,1,30000,0,224,2023,3,13,8,5,12,5,56,17,46,2,1,1,14,7,0,0,0,0,4,9,1,70,4,2,1,45,1,3,61,31,0,1,0,1,0,11,0,2,0,80,0,3,0,2,0,2,0,4,2,35.626178611111115,139.43506555555555,2,3,9999,0,1,0
1,30,878,106,2,0,1,30000,0,224,2023,3,18,10,40,12,5,49,17,51,3,2,2,1,1,9,22,0,0,15,9,30,70,4,2,1,55,65,3,61,1,0,1,0,1,0,11,0,2,0,10,0,4,0,2,0,2,0,4,2,35.633358055555554,139.46354194444444,7,3,9999,0,9,0
1,30,878,109,2,0,1,10610,0,225,2023,3,20,17,48,13,5,46,17,52,1,1,1,1,1,9,22,0,0,18,9,30,70,4,1,1,55,25,3,61,31,0,1,0,1,0,11,0,10,0,20,0,3,0,2,0,2,0,4,2,35.638908055555554,139.5176802777778,2,2,9999,0,9,0
1,30,878,111,2,0,1,21100,0,224,2023,3,21,14,45,12,5,44,17,53,2,2,1,14,7,0,0,0,0,3,9,1,70,4,2,1,35,75,51,61,41,0,0,0,0,0,0,0,0,0,0,0,4,0,0,0,0,0,4,2,35.62163527777778,139.45978722222222,3,1,0,0,0,0
1,30,878,114,2,0,1,30000,0,224,2023,3,24,22,30,22,5,40,17,56,3,2,2,1,7,9,22,0,0,15,8,30,70,5,3,1,65,25,3,61,1,0,1,0,1,0,11,0,3,0,20,0,3,0,2,0,2,0,4,2,35.627761944444444,139.43205277777776,6,3,77,0,9,0
1,30,878,123,2,0,1,30000,0,225,2023,3,25,12,15,12,5,39,17,56,3,1,2,1,1,9,22,0,0,15,9,30,70,5,2,1,55,35,3,61,31,0,1,0,1,0,11,0,3,0,40,0,4,0,2,0,2,0,4,2,35.64051944444444,139.4930547222222,7,3,9999,0,9,0
1,30,878,127,2,0,1,30000,0,224,2023,3,26,20,15,22,5,37,17,57,2,2,2,1,1,9,22,0,0,15,9,30,70,1,2,1,55,1,13,61,31,0,11,0,1,0,11,0,5,0,10,0,3,0,2,0,2,0,4,2,35.63146777777778,139.44706694444446,1,3,9999,0,9,0
1,30,879,115,2,0,1,10240,0,223,2023,3,20,15,40,12,5,46,17,52,1,2,1,1,1,9,22,0,0,14,9,30,70,4,2,1,45,1,3,61,31,0,1,0,1,0,11,0,3,0,10,0,3,0,2,0,2,0,4,2,35.75913416666667,139.3769063888889,2,2,9999,0,9,0
1,30,879,116,2,0,1,30000,0,220,2023,3,21,11,50,12,5,44,17,53,1,2,1,14,7,0,0,0,0,3,9,1,70,4,2,1,35,75,35,61,31,0,0,0,0,0,11,0,3,0,10,0,3,0,0,0,0,0,4,2,35.73686,139.42511805555554,3,1,9999,0,5,0
1,30,880,56,2,0,1,10450,0,205,2023,3,16,5,35,23,5,51,17,49,1,2,1,13,7,0,0,0,0,4,6,1,70,4,2,1,1,75,3,61,31,0,1,0,1,0,11,0,3,0,10,0,3,0,2,0,2,0,4,2,35.77459694444445,139.28138361111112,5,3,9999,0,1,0
1,30,880,59,2,0,1,30000,0,205,2023,3,9,18,40,21,6,1,17,43,1,3,1,14,7,0,0,0,0,1,9,1,70,5,2,1,45,45,14,61,31,0,11,0,1,0,11,0,3,0,50,0,3,0,2,0,2,0,4,2,35.78472083333333,139.29160583333334,5,3,9999,0,1,0
1,30,882,43,2,0,1,20000,0,228,2023,3,8,16,20,12,6,3,17,42,1,1,1,1,7,9,22,0,0,14,9,30,70,4,1,1,75,1,3,61,31,0,1,0,1,0,11,0,3,0,10,0,3,0,2,0,2,0,4,2,35.737251944444445,139.29635805555554,4,3,351,0,9,0
1,30,882,44,2,0,1,10250,0,303,2023,3,7,6,40,11,6,4,17,41,1,2,1,1,1,9,22,0,0,19,9,30,70,4,2,1,55,65,17,61,31,0,11,0,1,0,11,0,5,0,10,0,3,0,2,0,2,0,4,2,35.76687361111111,139.35098722222222,3,3,9999,0,9,0
1,30,882,52,2,0,1,30000,0,218,2023,3,10,8,8,12,6,0,17,44,1,2,1,1,1,9,22,0,0,15,9,30,70,4,2,1,75,65,3,61,31,0,1,0,1,0,11,0,3,0,0,0,4,0,2,0,2,0,4,2,35.75013555555556,139.33408527777777,6,3,669,0,9,0
1,30,882,54,2,0,1,30000,0,218,2023,3,20,18,40,21,5,46,17,52,1,1,1,14,7,0,0,0,0,2,9,1,70,4,3,1,55,45,3,61,31,0,1,0,1,0,11,0,2,0,40,0,3,0,2,0,2,0,4,2,35.73635361111111,139.33370027777778,2,2,9999,0,9,0
1,30,882,65,2,0,1,21340,0,227,2023,3,31,0,15,22,5,30,18,1,1,2,1,1,1,9,22,0,0,18,9,30,70,1,2,1,1,1,3,61,31,0,1,0,1,0,11,0,10,0,80,0,3,0,2,0,2,0,4,2,35.762909444444446,139.3222413888889,6,3,9999,0,5,0
1,30,882,72,2,0,1,30000,0,303,2022,12,30,14,0,12,6,50,16,37,1,1,1,1,7,0,0,0,0,11,9,30,70,5,4,1,1,0,61,0,0,0,0,0,0,0,0,0,0,0,0,0,0,0,0,0,0,0,2,0,35.77701027777778,139.34946694444446,6,3,0,0,0,0
1,30,882,74,2,0,1,30000,0,227,2023,3,25,14,30,12,5,39,17,56,3,1,2,1,7,1,21,0,0,15,9,30,70,5,3,1,45,35,3,61,31,0,1,0,1,0,11,0,10,0,10,0,3,0,2,0,2,0,4,2,35.773870555555554,139.30243000000002,7,3,9999,0,9,0
1,30,883,91,2,0,1,30000,0,201,2023,3,2,8,20,12,6,11,17,37,1,1,1,1,1,9,22,0,0,15,9,30,70,5,1,1,55,75,3,61,31,0,1,0,1,0,11,0,3,0,10,0,3,0,2,0,2,0,4,2,35.656078055555554,139.34984583333335,5,3,9999,0,9,0
1,30,883,94,2,0,1,30000,0,201,2023,3,5,19,12,22,6,7,17,39,1,1,2,1,1,9,22,0,0,14,9,30,70,4,2,1,1,65,3,61,31,0,1,0,1,0,11,0,3,0,20,0,3,0,2,0,2,0,4,2,35.655163333333334,139.3445275,1,3,9999,0,1,0
1,30,883,95,2,0,1,10480,0,201,2023,2,10,8,40,12,6,34,17,17,5,1,4,14,7,0,0,0,0,2,8,1,70,5,3,1,1,0,61,0,0,0,0,0,0,0,0,0,0,0,0,0,0,0,0,0,0,0,2,0,35.65521583333333,139.33644944444444,6,2,0,0,0,0
1,30,883,123,2,0,1,30000,0,201,2023,3,24,8,42,12,5,40,17,56,1,1,1,14,7,0,0,0,0,1,9,1,70,5,4,1,55,75,51,61,41,0,0,0,0,0,0,0,0,0,10,0,3,0,0,0,0,0,4,2,35.675374166666664,139.3239088888889,6,3,0,0,0,0
1,30,883,124,2,0,1,30000,0,201,2023,3,24,11,35,12,5,40,17,56,2,1,1,1,7,1,21,0,0,17,9,30,70,5,2,1,75,45,4,61,31,0,1,0,1,0,11,0,2,0,10,0,3,0,2,0,2,0,4,2,35.676116944444445,139.37104555555555,6,3,115,0,9,0
1,30,883,125,2,0,1,99000,0,201,2023,3,9,14,55,12,6,1,17,43,1,1,1,0,7,0,0,0,0,0,0,20,70,0,1,1,55,45,51,61,41,0,0,0,0,0,0,0,0,0,40,0,3,0,0,0,0,0,4,2,35.65505722222222,139.33713055555558,5,3,0,0,0,0
1,30,883,126,2,0,1,30000,0,201,2023,3,16,12,21,12,5,51,17,49,1,1,1,14,7,0,0,0,0,3,9,1,70,4,3,1,35,45,17,61,31,0,11,0,1,0,11,0,2,0,80,0,4,0,2,0,2,0,4,2,35.66758111111111,139.33839694444444,5,3,9999,0,1,0
1,30,883,127,2,0,1,30000,0,201,2023,3,14,13,50,12,5,54,17,47,1,1,1,1,1,9,22,0,0,18,9,30,70,5,2,1,55,55,3,61,1,0,1,0,1,0,11,0,10,0,10,0,3,0,2,0,1,0,4,2,35.658705,139.3442141666667,3,3,9999,0,9,0
1,30,883,133,2,0,1,30000,0,201,2023,2,17,11,50,12,6,26,17,24,1,1,1,14,7,0,0,0,0,3,9,1,70,5,3,1,75,45,3,61,1,0,1,0,1,0,11,0,2,0,30,0,3,0,2,0,2,0,4,2,35.65967888888889,139.3267813888889,6,3,738,0,9,0
1,30,884,102,2,0,1,30000,0,209,2023,3,1,11,5,12,6,12,17,36,1,1,1,14,7,0,0,0,0,2,7,1,70,5,4,1,1,1,14,61,1,0,11,0,1,0,11,0,1,0,80,0,3,0,2,0,2,0,4,2,35.55787027777777,139.46551666666664,4,3,9999,0,9,0
1,30,884,105,2,0,1,30000,0,209,2023,3,2,17,52,21,6,11,17,37,3,1,2,1,7,9,22,0,0,11,9,30,1,4,2,1,55,55,3,61,31,0,1,0,1,0,11,0,2,0,10,0,3,0,2,0,2,0,4,2,35.545360555555554,139.4395827777778,5,3,9999,0,1,0
1,30,884,112,2,0,1,10490,0,209,2023,3,7,11,0,12,6,4,17,41,2,1,1,1,1,9,22,0,0,15,9,30,70,4,2,1,75,55,3,61,31,0,1,0,1,0,11,0,2,0,80,0,3,0,2,0,2,0,4,2,35.56362416666666,139.426425,3,3,845,0,1,0
1,30,884,116,2,0,1,20000,0,209,2023,3,9,18,25,21,6,1,17,43,1,1,1,1,7,1,21,0,0,11,9,30,70,5,2,1,55,25,14,61,31,0,11,0,1,0,11,0,2,0,10,0,3,0,2,0,2,0,4,2,35.577533888888894,139.42133583333333,5,3,9999,0,9,0
1,30,884,119,2,0,1,95000,0,209,2023,3,12,16,50,13,5,57,17,45,2,2,1,14,7,0,0,0,0,2,8,1,70,5,4,1,55,1,3,61,31,0,1,0,1,0,11,0,10,0,80,0,3,0,2,0,2,0,4,2,35.56413472222222,139.4341413888889,1,3,9999,0,1,0
1,30,884,128,2,0,1,30000,0,209,2023,2,17,10,30,12,6,26,17,24,1,1,1,14,7,0,0,0,0,2,9,1,70,5,2,1,65,65,3,61,1,0,1,0,1,0,11,0,2,0,80,0,4,0,2,0,2,0,4,2,35.54143638888889,139.44956694444446,6,3,9999,0,9,0
1,30,884,131,2,0,1,30000,0,209,2023,2,28,10,45,12,6,13,17,35,1,1,1,14,7,0,0,0,0,1,9,1,70,5,3,1,65,65,3,61,31,0,1,0,1,0,11,0,10,0,40,0,4,0,2,0,2,0,4,2,35.545476388888886,139.4447063888889,3,3,9999,0,9,0
1,30,884,136,2,0,1,30000,0,209,2023,3,23,18,15,21,5,41,17,55,3,1,2,1,1,9,22,0,0,15,9,30,70,4,2,1,55,1,3,61,31,0,1,0,1,0,11,0,2,0,80,0,3,0,2,0,2,0,4,2,35.52677944444444,139.47825694444444,5,3,9999,0,9,0
1,30,884,139,2,0,1,10610,0,209,2023,3,16,20,20,22,5,51,17,49,1,1,1,1,1,9,22,0,0,15,9,30,70,4,1,1,55,55,4,61,31,0,1,0,1,0,11,0,3,0,50,0,4,0,2,0,2,0,4,2,35.57276944444445,139.46223694444444,5,3,9999,0,9,0
1,30,884,142,2,0,1,30000,0,209,2023,3,24,19,50,22,5,40,17,56,3,2,2,1,1,9,22,0,0,15,9,30,70,4,2,1,35,25,3,61,31,0,1,0,1,0,11,0,3,0,10,0,3,0,2,0,2,0,4,2,35.571152500000004,139.4281313888889,6,3,9999,0,9,0
1,30,884,149,2,0,1,30000,0,209,2023,3,30,9,10,12,5,31,18,1,1,2,1,14,7,0,0,0,0,1,8,1,70,5,2,1,45,1,52,61,41,0,0,0,0,0,0,0,0,0,10,0,3,0,0,0,0,0,4,2,35.588792222222224,139.46779166666667,5,3,0,0,0,0
1,30,884,158,2,0,1,30000,0,209,2023,3,12,18,5,21,5,57,17,45,2,1,1,1,1,9,22,0,0,15,9,30,70,4,2,1,55,55,3,61,31,0,1,0,1,0,11,0,2,0,10,0,3,0,2,0,2,0,4,2,35.56784305555556,139.4272261111111,1,3,9999,0,9,0
1,30,885,52,2,0,1,95000,0,212,2023,1,20,15,33,12,6,49,16,55,1,2,1,14,7,0,0,0,0,3,9,1,70,4,3,1,45,1,4,61,31,0,1,0,1,0,11,0,10,0,50,0,3,0,2,0,2,0,4,2,35.65747111111111,139.36827027777778,6,3,9999,0,1,0
1,30,885,58,2,0,1,200,0,212,2023,2,24,18,0,21,6,18,17,31,3,1,2,1,1,9,22,0,0,19,9,30,70,5,1,1,35,55,3,61,31,0,1,0,1,0,11,0,3,0,50,0,3,0,2,0,2,0,4,2,35.66739583333333,139.37739805555557,6,3,9999,0,1,0
1,30,885,59,2,0,1,30000,0,212,2023,2,24,19,20,22,6,18,17,31,3,1,2,14,7,0,0,0,0,3,9,1,70,5,4,1,1,25,36,61,31,0,0,0,0,0,11,0,10,0,10,0,3,0,0,0,0,0,4,2,35.663173888888885,139.37797222222224,6,3,9999,0,1,0
1,30,885,63,2,0,1,30000,0,212,2023,3,10,10,50,12,6,0,17,44,1,1,1,1,7,1,21,0,0,11,9,30,1,4,2,1,45,75,4,61,31,0,1,0,1,0,11,0,2,0,10,0,3,0,2,0,2,0,4,2,35.66485055555555,139.41804777777776,6,3,9999,0,1,0
1,30,885,65,2,0,1,30000,0,212,2023,3,17,16,37,12,5,50,17,50,2,1,1,14,7,0,0,0,0,2,7,1,70,5,3,1,65,1,3,61,31,0,1,0,1,0,11,0,2,0,10,0,3,0,2,0,2,0,4,2,35.65724055555555,139.4000227777778,6,3,9999,0,9,0
1,30,885,66,2,0,1,30000,0,212,2023,3,20,15,13,12,5,46,17,52,1,1,1,1,1,9,22,0,0,15,9,30,70,4,1,1,55,55,4,61,31,0,1,0,1,0,11,0,3,0,10,0,3,0,2,0,2,0,4,2,35.660000555555555,139.36812833333335,2,2,9999,0,9,0
1,30,885,69,2,0,1,21200,0,212,2023,3,22,18,10,21,5,43,17,54,1,1,1,1,1,9,22,0,0,14,9,30,70,5,2,1,45,65,3,61,31,0,1,0,1,0,11,0,3,0,10,0,3,0,2,0,2,0,4,2,35.65907472222222,139.37014361111113,4,3,9999,0,1,0
1,30,885,75,2,0,1,21200,0,212,2023,3,28,5,25,23,5,34,17,59,3,3,2,1,1,9,22,0,0,18,9,30,1,4,1,1,25,65,13,61,1,0,11,0,1,0,11,0,3,0,10,0,3,0,2,0,2,0,4,2,35.65922638888889,139.36811055555557,3,3,9999,0,5,0
1,30,885,79,2,0,1,30000,0,212,2023,3,21,15,30,12,5,44,17,53,2,2,1,14,7,0,0,0,0,1,9,1,70,5,4,1,45,55,51,61,41,0,0,0,0,0,0,0,0,0,10,0,3,0,0,0,0,0,4,2,35.66417277777778,139.4097436111111,3,1,0,0,0,0
1,30,886,91,2,0,1,95000,0,207,2023,3,15,19,12,22,5,53,17,48,1,1,1,1,1,1,21,0,0,18,9,20,70,4,2,1,55,45,3,61,31,0,1,0,1,0,11,0,5,0,50,0,3,0,2,0,2,0,4,2,35.700074444444446,139.3932147222222,4,3,9999,0,9,0
1,30,886,92,2,0,1,30000,0,207,2023,3,17,12,10,12,5,50,17,50,2,1,1,14,7,0,0,0,0,2,9,1,70,5,3,1,45,35,12,61,31,0,11,0,1,0,11,0,10,0,10,0,4,0,2,0,2,0,4,2,35.694068888888886,139.38382055555556,6,3,9999,0,9,0
1,30,886,113,2,0,1,95000,0,207,2023,3,31,16,10,12,5,30,18,1,1,1,1,14,7,0,0,0,0,1,9,20,70,4,1,1,1,35,51,61,41,0,0,0,0,0,0,0,0,0,10,0,3,0,0,0,0,0,4,2,35.720040555555556,139.36612499999998,6,3,0,0,0,0
1,30,886,117,2,0,1,30000,0,207,2023,3,9,8,40,12,6,1,17,43,1,1,1,1,7,1,22,0,0,14,9,30,70,5,3,1,55,55,3,61,31,0,1,0,1,0,11,0,2,0,10,0,3,0,2,0,2,0,4,2,35.708799444444445,139.36090444444443,5,3,9999,0,9,0
1,30,887,139,2,0,1,30000,0,202,2023,3,11,13,10,12,5,58,17,45,1,1,1,7,1,0,0,0,0,2,9,1,70,1,2,1,45,1,51,61,41,0,0,0,0,0,0,0,0,0,10,0,3,0,0,0,0,0,4,2,35.713842500000005,139.41641388888888,7,3,0,0,0,0
1,30,887,144,2,0,1,30000,0,202,2023,3,18,19,56,22,5,49,17,51,2,1,1,1,1,9,22,0,0,19,9,30,70,5,2,1,25,75,14,61,1,0,11,0,1,0,11,0,3,0,25,0,3,0,2,0,2,0,4,2,35.71183972222222,139.4120738888889,7,3,9999,0,5,0
1,30,887,147,2,0,1,30000,0,202,2023,2,22,18,0,21,6,21,17,29,1,1,1,1,7,9,22,0,0,11,9,30,70,5,3,1,65,35,3,61,31,0,1,0,1,0,11,0,1,0,40,0,3,0,2,0,2,0,4,2,35.69723944444444,139.4221947222222,4,2,9999,0,1,0
1,30,887,151,2,0,1,30000,0,202,2023,3,23,8,52,12,5,41,17,55,3,1,2,1,1,0,0,0,0,15,9,30,70,5,2,1,1,0,61,0,0,0,0,0,0,0,0,0,0,0,0,0,0,0,0,0,0,0,2,0,35.727113611111115,139.3656163888889,5,3,0,0,0,0
1,30,887,154,2,0,1,30000,0,215,2023,3,24,19,10,22,5,40,17,56,3,2,2,1,7,1,21,0,0,15,9,30,70,5,2,1,55,55,3,61,31,0,1,0,1,0,11,0,10,0,10,0,3,0,2,0,2,0,4,2,35.698995277777776,139.44810194444446,6,3,9999,0,9,0
1,30,887,159,2,0,1,30000,0,215,2023,3,27,15,40,12,5,36,17,58,2,1,1,14,7,0,0,0,0,2,9,1,70,5,3,1,45,1,51,61,41,0,0,0,0,0,0,0,0,0,30,0,3,0,0,0,0,0,2,4,35.69396222222222,139.43044194444442,2,3,0,0,0,0
1,30,887,170,2,0,1,30000,0,215,2023,3,2,19,7,22,6,11,17,37,2,1,1,14,7,0,0,0,0,2,9,1,70,5,3,1,35,25,4,61,1,0,1,0,1,0,11,0,2,0,10,0,3,0,2,0,2,0,4,2,35.671791666666664,139.4357777777778,5,3,9999,0,9,0
1,30,888,60,2,0,1,10500,0,206,2023,3,7,18,15,21,6,4,17,41,1,1,1,1,1,9,22,0,0,14,9,30,70,4,2,1,75,45,3,61,31,0,1,0,1,0,11,0,3,0,10,0,4,0,2,0,2,0,4,2,35.67834527777777,139.47306305555557,3,3,189,0,9,0
1,30,888,62,2,0,1,30000,0,206,2023,2,22,12,14,12,6,21,17,29,1,1,1,1,7,9,22,0,0,11,9,30,70,5,4,1,65,25,3,61,31,0,1,0,1,0,11,0,1,0,50,0,3,0,2,0,2,0,4,2,35.67263888888888,139.47293083333332,4,2,9999,0,1,0
1,30,889,61,2,0,1,30600,0,210,2023,3,15,9,36,12,5,53,17,48,1,1,1,1,1,9,22,0,0,14,9,30,70,4,1,1,35,65,3,61,31,0,1,0,1,0,11,0,3,0,10,0,3,0,2,0,2,0,4,2,35.70497666666667,139.52013194444444,4,3,9999,0,1,0
1,30,889,64,2,0,1,20820,0,214,2023,3,15,21,15,22,5,53,17,48,1,1,1,1,7,9,22,0,0,11,9,30,70,5,3,1,65,25,3,61,31,0,1,0,1,0,11,0,10,0,80,0,4,0,2,0,2,0,4,2,35.69101305555555,139.48053666666667,4,3,9999,0,9,0
1,30,889,68,2,0,1,20880,0,210,2023,3,6,14,50,12,6,5,17,40,1,1,1,14,1,0,0,0,0,1,9,1,70,4,2,1,45,55,17,61,31,0,11,0,1,0,11,0,3,0,80,0,3,0,2,0,2,0,4,2,35.694406388888886,139.52634500000002,2,3,9999,0,9,0
1,30,889,75,2,0,1,30000,0,210,2023,3,24,23,55,22,5,40,17,56,3,1,2,1,1,9,22,0,0,15,9,30,70,4,2,1,65,25,3,61,1,0,1,0,1,0,11,0,3,0,20,0,3,0,2,0,2,0,4,2,35.70229055555556,139.49738805555555,6,3,9999,0,9,0
1,30,890,54,2,0,1,30000,0,229,2023,3,3,8,10,12,6,9,17,37,1,1,1,14,7,0,0,0,0,1,9,1,70,4,2,1,35,1,3,61,31,0,1,0,1,0,11,0,2,0,20,0,3,0,2,0,2,0,4,2,35.733602222222224,139.5232877777778,6,3,9999,0,1,0
1,30,890,60,2,0,1,95000,0,229,2023,3,16,15,0,12,5,51,17,49,1,1,1,14,7,0,0,0,0,1,9,20,70,5,4,1,35,75,51,61,41,0,0,0,0,0,0,0,0,0,10,0,3,0,0,0,0,0,4,2,35.720085555555556,139.5255052777778,5,3,0,0,0,0