資料区分,都道府県コード,警察署等コード,本票番号,事故内容,死者数,負傷者数,路線コード,地点コード,市区町村コード,発生日時　　年,発生日時　　月,発生日時　　日,発生日時　　時,発生日時　　分,昼夜,日の出時刻　　時,日の出時刻　　分,日の入り時刻　　時,日の入り時刻　　分,天候,地形,路面状態,道路形状,信号機,一時停止規制　標識（当事者A）,一時停止規制　表示（当事者A）,一時停止規制　標識（当事者B）,一時停止規制　表示（当事者B）,車道幅員,道路線形,衝突地点,ゾーン規制,中央分離帯施設等,歩車道区分,事故類型,年齢（当事者A）,年齢（当事者B）,当事者種別（当事者A）,当事者種別（当事者B）,用途別（当事者A）,用途別（当事者B）,車両形状等（当事者A）,車両形状等（当事者B）,オートマチック車（当事者A）,オートマチック車（当事者B）,サポカー（当事者A）,サポカー（当事者B）,速度規制（指定のみ）（当事者A）,速度規制（指定のみ）（当事者B）,車両の衝突部位（当事者A）,車両の衝突部位（当事者B）,車両の損壊程度（当事者A）,車両の損壊程度（当事者B）,エアバッグの装備（当事者A）,エアバッグの装備（当事者B）,サイドエアバッグの装備（当事者A）,サイドエアバッグの装備（当事者B）,人身損傷程度（当事者A）,人身損傷程度（当事者B）,lat,lon,曜日(発生年月日),祝日(発生年月日),認知機能検査経過日数（当事者A）,認知機能検査経過日数（当事者B）,運転練習の方法（当事者A）,運転練習の方法（当事者B）
1,30,890,66,2,0,1,30000,0,229,2023,2,25,12,40,12,6,17,17,32,2,1,1,14,7,0,0,0,0,1,9,1,70,5,3,1,35,25,3,61,31,0,1,0,1,0,11,0,3,0,80,0,3,0,2,0,2,0,4,2,35.73043027777778,139.55456805555556,7,3,9999,0,1,0
1,30,890,70,2,0,1,30000,0,222,2023,3,5,10,55,12,6,7,17,39,2,1,1,14,7,0,0,0,0,1,9,1,70,5,4,1,55,1,13,61,31,0,11,0,1,0,11,0,5,0,50,0,3,0,2,0,2,0,4,2,35.76562222222222,139.52684861111112,1,3,9999,0,9,0
1,30,891,78,2,0,1,30000,0,221,2023,3,16,17,59,21,5,51,17,49,1,1,1,14,7,0,0,0,0,3,9,1,70,5,2,1,45,75,13,61,31,0,11,0,1,0,11,0,2,0,30,0,3,0,2,0,2,0,4,2,35.77760583333333,139.53483944444443,5,3,9999,0,9,0
1,30,891,90,2,0,1,30000,0,221,2023,3,22,6,31,11,5,43,17,54,1,1,1,1,1,9,22,0,0,15,9,30,70,5,2,1,45,45,12,61,31,0,11,0,2,0,11,0,3,0,10,0,3,0,2,0,2,0,4,2,35.79450666666666,139.53583472222223,4,3,9999,0,1,0
1,30,892,49,2,0,1,20270,0,203,2023,3,4,9,58,12,6,8,17,38,1,1,1,1,7,9,22,0,0,14,9,30,70,4,1,1,45,65,31,61,31,0,0,0,0,0,11,0,2,0,10,0,3,0,0,0,0,0,4,2,35.70349055555556,139.57541722222223,7,3,9999,0,9,0
1,30,892,50,2,0,1,99000,0,203,2023,3,5,13,40,12,6,7,17,39,2,1,1,0,7,0,0,0,0,0,0,20,70,0,4,1,1,55,51,61,41,0,0,0,0,0,0,0,0,0,10,0,3,0,0,0,0,0,4,2,35.697936388888884,139.57244083333333,1,3,0,0,0,0
1,30,892,62,2,0,1,30000,0,203,2023,3,14,8,5,12,5,54,17,47,1,1,1,1,1,9,22,0,0,15,9,30,70,5,2,1,35,1,51,61,41,0,0,0,0,0,0,0,0,0,0,0,3,0,0,0,0,0,4,2,35.70464666666667,139.56755444444445,3,3,0,0,0,0
1,30,892,76,2,0,1,30000,0,203,2023,3,26,12,20,12,5,37,17,57,3,1,2,14,7,0,0,0,0,3,9,1,70,5,1,1,55,1,51,61,41,0,0,0,0,0,0,0,0,0,10,0,3,0,0,0,0,0,4,2,35.70354805555556,139.56100944444447,1,3,0,0,0,0
1,30,893,53,2,0,1,20230,0,204,2023,1,25,7,40,11,6,46,17,1,1,1,1,1,1,9,22,0,0,14,9,30,70,4,2,1,1,1,51,61,41,0,0,0,0,0,0,0,0,0,10,0,3,0,0,0,0,0,4,2,35.695186666666665,139.56980166666665,4,3,0,0,0,0
1,30,893,54,2,0,1,10750,0,204,2023,3,5,7,44,12,6,7,17,39,2,1,1,1,1,9,22,0,0,19,9,30,70,1,2,1,25,25,13,61,31,0,11,0,1,0,11,0,5,0,10,0,4,0,2,0,2,0,4,2,35.68195305555555,139.54809833333334,1,3,9999,0,1,0
1,30,893,55,2,0,1,10270,0,204,2023,3,14,5,26,23,5,54,17,47,1,1,1,14,7,0,0,0,0,3,9,1,70,4,2,1,45,75,14,61,1,0,11,0,1,0,11,0,3,0,10,0,3,0,2,0,2,0,4,2,35.67945333333333,139.5302475,3,3,9999,0,1,0
1,30,893,56,2,0,1,10270,0,204,2023,3,3,20,16,22,6,9,17,37,1,1,1,1,1,0,0,0,0,14,9,30,70,4,2,1,1,0,61,0,0,0,0,0,0,0,0,0,0,0,0,0,0,0,0,0,0,0,2,0,35.68553972222222,139.58990111111112,6,3,0,0,0,0
1,30,893,67,2,0,1,30000,0,204,2023,2,20,13,30,12,6,23,17,27,1,1,1,7,7,0,0,0,0,2,9,1,70,5,3,1,45,25,51,61,41,0,0,0,0,0,0,0,0,0,10,0,3,0,0,0,0,0,2,4,35.68845444444444,139.54239027777777,2,3,0,0,0,0
1,30,894,81,2,0,1,30000,0,208,2023,3,11,10,5,12,5,58,17,45,1,1,1,1,1,9,22,0,0,14,9,30,70,4,2,1,75,75,3,61,31,0,1,0,1,0,11,0,2,0,10,0,3,0,2,0,2,0,4,2,35.65762222222222,139.5863513888889,7,3,9999,0,9,0
1,30,894,98,2,0,1,30000,0,208,2023,3,21,14,40,12,5,44,17,53,1,1,1,14,7,0,0,0,0,1,9,1,70,5,4,1,1,75,51,61,41,0,0,0,0,0,0,0,0,0,10,0,3,0,0,0,0,0,4,2,35.63634222222222,139.55930805555556,3,1,0,0,0,0
1,30,895,34,2,0,1,10240,0,211,2023,3,2,8,15,12,6,11,17,37,1,1,1,1,1,9,22,0,0,14,9,30,70,4,2,1,45,1,3,61,31,0,1,0,1,0,11,0,3,0,10,0,3,0,2,0,2,0,4,2,35.73068333333334,139.45822194444443,5,3,9999,0,9,0
1,30,895,37,2,0,1,10560,0,211,2023,3,9,11,45,12,6,1,17,43,1,1,1,14,7,0,0,0,0,3,9,1,70,4,2,1,75,1,3,61,31,0,1,0,1,0,11,0,3,0,10,0,3,0,2,0,2,0,4,2,35.72527222222222,139.51061166666668,5,3,55,0,9,0
1,30,895,39,2,0,1,30000,0,211,2023,3,11,8,40,12,5,58,17,45,1,1,1,1,7,9,22,0,0,11,9,30,70,5,2,1,45,55,3,61,31,0,1,0,1,0,11,0,10,0,20,0,3,0,2,0,2,0,4,2,35.737341666666666,139.5102525,7,3,9999,0,9,0
1,30,895,41,2,0,1,30000,0,211,2023,3,14,12,38,12,5,54,17,47,1,1,1,14,7,0,0,0,0,2,9,1,70,1,2,1,75,55,3,61,31,0,1,0,1,0,11,0,2,0,40,0,3,0,2,0,2,0,4,2,35.724090277777776,139.4522061111111,3,3,9999,0,9,0
1,30,897,1,2,0,1,30000,0,363,2023,3,2,10,0,12,6,11,17,37,1,1,1,14,7,0,0,0,0,1,9,1,70,5,4,1,75,75,3,61,31,0,1,0,1,0,11,0,10,0,20,0,4,0,2,0,2,0,4,2,34.329396111111116,139.22132416666668,5,3,9999,0,9,0
1,30,100,45,2,0,1,95000,0,101,2023,4,23,17,35,13,4,59,18,20,1,1,1,0,7,0,0,0,0,0,0,20,70,0,4,1,1,1,51,61,41,0,0,0,0,0,0,0,0,0,20,0,4,0,0,0,0,0,4,2,35.68709805555555,139.73661416666664,1,3,0,0,0,0
1,30,101,32,2,0,1,20030,0,101,2023,4,1,14,30,12,5,29,18,2,1,1,1,1,1,9,22,0,0,19,9,30,70,1,2,1,35,65,11,61,1,0,11,0,1,0,11,0,5,0,10,0,3,0,2,0,2,0,4,2,35.678507777777774,139.76069972222223,7,3,9999,0,5,0
1,30,101,39,2,0,1,10040,0,101,2023,4,27,23,10,22,4,54,18,24,1,1,1,1,1,9,22,0,0,19,9,30,70,1,2,1,65,55,3,61,1,0,1,0,1,0,11,0,10,0,10,0,3,0,2,0,2,0,4,2,35.68417055555555,139.76764277777778,5,3,9999,0,9,0
1,30,102,30,2,0,1,95000,0,101,2023,3,28,15,0,12,5,34,17,59,1,1,1,14,7,0,0,0,0,3,9,20,70,5,1,1,45,25,13,61,31,0,11,0,1,0,11,0,2,0,10,0,4,0,2,0,2,0,4,2,35.69996027777778,139.75951944444444,3,3,9999,0,9,0
1,30,102,33,2,0,1,30000,0,101,2023,4,3,19,36,22,5,26,18,4,1,1,1,14,7,0,0,0,0,3,9,1,70,5,3,1,25,65,3,61,31,0,1,0,1,0,11,0,10,0,30,0,3,0,2,0,2,0,4,2,35.69737083333333,139.7559463888889,2,3,9999,0,1,0
1,30,102,37,2,0,1,30000,0,101,2023,3,31,7,24,12,5,30,18,1,1,1,1,1,1,9,22,0,0,15,9,30,70,5,1,1,45,55,13,61,1,0,11,0,1,0,11,0,2,0,50,0,3,0,2,0,2,0,4,2,35.69875805555555,139.75246,6,3,9999,0,3,0
1,30,102,41,2,0,1,20090,0,101,2023,4,28,15,29,12,4,53,18,25,1,1,1,1,1,9,22,0,0,18,9,30,70,4,2,1,45,65,31,61,31,0,0,0,0,0,11,0,4,0,10,0,4,0,0,0,0,0,4,2,35.698005277777774,139.76864472222223,6,2,9999,0,1,0
1,30,103,18,2,0,1,20070,0,101,2023,4,7,22,6,22,5,20,18,7,3,1,2,1,1,9,22,0,0,19,9,30,70,5,1,1,1,1,3,61,31,0,1,0,1,0,11,0,4,0,10,0,3,0,2,0,2,0,4,2,35.69770666666666,139.77089722222223,6,3,9999,0,1,0
1,30,103,20,2,0,1,20540,0,101,2023,4,8,22,35,22,5,19,18,8,1,1,1,1,1,9,22,0,0,14,9,30,70,5,2,1,45,25,3,61,31,0,1,0,1,0,11,0,4,0,20,0,4,0,2,0,2,0,4,2,35.696329999999996,139.78004444444446,7,3,9999,0,9,0
1,30,104,78,2,0,1,10040,0,102,2023,4,5,16,20,12,5,23,18,5,1,1,1,1,1,9,22,0,0,18,9,30,70,5,1,1,25,65,13,61,31,0,11,0,1,0,11,0,5,0,10,0,3,0,2,0,2,0,4,2,35.67859055555555,139.78268722222222,4,3,9999,0,1,0
1,30,104,82,2,0,1,20020,0,102,2023,4,14,9,5,12,5,11,18,13,2,1,1,1,1,9,22,0,0,17,9,30,70,5,2,1,65,55,3,61,1,0,1,0,1,0,11,0,2,0,20,0,3,0,2,0,2,0,4,2,35.67477944444444,139.77325861111112,6,3,9999,0,1,0
1,30,104,84,2,0,1,30000,0,102,2023,4,14,17,5,12,5,11,18,13,2,1,1,1,7,1,21,0,0,11,9,30,70,5,2,1,45,35,14,61,1,0,11,0,1,0,11,0,2,0,10,0,3,0,2,0,2,0,4,2,35.68528499999999,139.7759841666667,6,3,9999,0,1,0
1,30,104,92,2,0,1,10060,0,102,2023,4,25,0,10,22,4,57,18,22,2,1,1,1,1,9,22,0,0,19,9,30,70,5,2,1,45,35,3,61,31,0,1,0,1,0,11,0,4,0,10,0,3,0,2,0,2,0,4,2,35.679795,139.78011444444445,3,3,9999,0,9,0
1,30,104,94,2,0,1,30000,0,102,2023,4,25,8,57,12,4,57,18,22,1,1,1,14,1,0,0,0,0,2,9,1,70,5,2,1,35,35,12,61,1,0,11,0,1,0,11,0,10,0,10,0,2,0,2,0,2,0,4,2,35.687754999999996,139.77894472222223,3,3,9999,0,1,0
1,30,104,97,2,0,1,20090,0,102,2023,4,28,12,50,12,4,53,18,25,1,1,1,1,7,9,22,0,0,17,9,30,70,4,2,1,45,55,51,61,41,0,0,0,0,0,0,0,0,0,10,0,4,0,0,0,0,0,4,2,35.68841444444444,139.76937527777778,6,2,0,0,0,0
1,30,105,28,2,0,1,30000,0,102,2023,4,15,21,6,22,5,9,18,14,3,1,2,1,1,9,22,0,0,17,9,30,70,5,2,1,35,55,3,61,31,0,1,0,1,0,11,0,2,0,10,0,3,0,2,0,2,0,4,2,35.68901638888889,139.78171361111112,7,3,9999,0,1,0
1,30,105,30,2,0,1,20540,0,102,2023,4,20,10,19,12,5,3,18,18,1,1,1,7,7,0,0,0,0,5,9,1,70,5,2,1,65,75,3,61,1,0,1,0,1,0,11,0,4,0,40,0,4,0,2,0,2,0,4,2,35.68805277777778,139.7864211111111,5,3,9999,0,9,0
1,30,106,50,2,0,1,10060,0,102,2023,4,8,18,20,21,5,19,18,8,3,1,2,1,1,9,22,0,0,18,9,30,70,1,2,1,1,35,13,61,31,0,11,0,1,0,11,0,4,0,50,0,3,0,2,0,2,0,4,2,35.66565416666666,139.76956611111112,7,3,9999,0,1,0
1,30,106,52,2,0,1,30000,0,102,2023,3,30,12,41,12,5,31,18,1,1,1,1,1,1,9,22,0,0,15,8,30,70,5,2,1,45,25,3,61,31,0,1,0,1,0,11,0,2,0,10,0,3,0,2,0,2,0,4,2,35.669125,139.7699838888889,5,3,9999,0,5,0
1,30,106,54,2,0,1,30000,0,102,2023,4,18,3,2,22,5,5,18,16,1,1,1,7,7,0,0,0,0,3,9,1,1,5,1,1,55,35,3,61,1,0,1,0,1,0,11,0,1,0,30,0,4,0,2,0,2,0,4,2,35.66777111111111,139.7606861111111,3,3,9999,0,9,0
1,30,106,56,2,0,1,30000,0,102,2023,4,26,13,21,12,4,56,18,23,1,1,2,1,1,9,22,0,0,15,9,30,70,5,1,1,55,45,13,61,31,0,11,0,1,0,11,0,10,0,10,0,3,0,2,0,2,0,4,2,35.67321611111111,139.77299583333334,4,3,9999,0,9,0
1,30,106,57,2,0,1,30000,0,102,2023,4,28,0,30,22,4,53,18,25,1,1,1,1,7,1,21,0,0,14,9,30,70,5,2,1,75,45,3,61,1,0,1,0,1,0,11,0,5,0,50,0,4,0,2,0,2,0,4,2,35.67201583333333,139.76843583333334,6,2,828,0,9,0
1,30,106,58,2,0,1,30000,0,102,2023,2,6,17,55,21,6,37,17,13,1,1,1,14,7,0,0,0,0,2,9,1,70,5,3,1,55,55,3,61,1,0,1,0,1,0,11,0,5,0,20,0,4,0,2,0,2,0,4,2,35.66902361111111,139.76197472222222,2,3,9999,0,9,0
1,30,107,33,2,0,1,30000,0,102,2023,4,7,9,10,12,5,20,18,7,3,1,2,1,7,8,21,0,0,11,9,30,70,5,2,1,55,65,11,61,1,0,11,0,2,0,11,0,5,0,60,0,3,0,2,0,2,0,4,2,35.6522425,139.76918805555556,6,3,9999,0,9,0
1,30,107,35,2,0,1,10020,0,102,2023,4,11,16,35,12,5,15,18,10,1,1,1,14,7,0,0,0,0,6,9,1,70,1,2,1,1,1,51,61,41,0,0,0,0,0,0,0,0,0,10,0,3,0,0,0,0,0,4,2,35.659887222222224,139.77734944444447,3,3,0,0,0,0
1,30,108,58,2,0,1,150,25,103,2023,3,24,21,39,22,5,40,17,56,3,1,2,1,1,9,22,0,0,19,9,30,70,1,1,1,35,25,4,61,31,0,1,0,1,0,11,0,10,0,10,0,2,0,2,0,2,0,4,2,35.66545194444444,139.75933333333333,6,3,9999,0,1,0
1,30,108,59,2,0,1,30000,0,103,2023,4,4,13,43,12,5,24,18,5,1,1,1,1,7,9,22,0,0,11,9,30,70,5,1,1,35,25,34,61,31,0,0,0,0,0,11,0,10,0,10,0,3,0,0,0,0,0,4,2,35.664501944444446,139.75354444444446,3,3,9999,0,5,0
1,30,108,65,2,0,1,20090,0,103,2023,2,4,4,26,22,6,39,17,11,1,1,1,1,1,9,22,0,0,15,9,30,70,1,1,1,65,35,3,61,1,0,1,0,1,0,11,0,5,0,0,0,4,0,2,0,2,0,4,2,35.66763916666667,139.75754666666666,7,3,9999,0,9,0
1,30,108,66,2,0,1,30000,0,103,2023,4,18,8,25,12,5,5,18,16,2,1,1,14,7,0,0,0,0,2,9,1,1,5,4,1,25,0,61,0,0,0,0,0,0,0,0,0,0,0,0,0,0,0,0,0,0,0,2,0,35.66508666666667,139.75735805555556,3,3,0,0,0,0
1,30,108,67,2,0,1,10640,0,103,2023,4,19,9,45,12,5,4,18,17,1,1,1,1,7,9,22,0,0,18,9,30,70,5,2,1,1,45,51,61,41,0,0,0,0,0,0,0,0,0,40,0,3,0,0,0,0,0,4,2,35.667003055555554,139.75046777777777,4,3,0,0,0,0
1,30,108,69,2,0,1,10640,0,103,2023,4,19,17,30,13,5,4,18,17,1,1,1,1,7,9,22,0,0,14,9,30,70,4,2,1,45,55,3,61,1,0,1,0,1,0,11,0,4,0,10,0,3,0,2,0,2,0,4,2,35.66916555555555,139.75125055555554,4,3,9999,0,1,0
1,30,108,74,2,0,1,10000,0,103,2023,3,31,21,20,22,5,30,18,1,1,1,2,14,7,0,0,0,0,3,9,1,1,5,2,1,25,45,14,61,1,0,11,0,1,0,11,0,2,0,10,0,4,0,2,0,2,0,4,2,35.665326944444445,139.75628472222223,6,3,9999,0,1,0
1,30,108,75,2,0,2,20030,0,103,2023,4,7,8,48,12,5,20,18,7,2,1,1,14,7,0,0,0,0,5,9,1,70,1,2,1,25,25,11,61,1,0,11,0,1,0,11,0,4,0,30,0,3,0,2,0,2,0,4,2,35.664210833333335,139.75308416666667,6,3,9999,0,5,0
1,30,109,57,2,0,1,10,61,103,2023,4,27,14,31,12,4,54,18,24,1,1,1,1,7,1,22,0,0,17,9,30,70,1,2,1,55,75,13,61,31,0,11,0,1,0,11,0,1,0,10,0,3,0,2,0,2,0,4,2,35.65219416666667,139.74519777777778,5,3,9999,0,9,0
1,30,110,34,2,0,1,21270,0,103,2023,2,8,8,46,12,6,36,17,15,1,1,1,14,7,0,0,0,0,3,9,1,70,4,1,1,25,55,31,61,31,0,0,0,0,0,11,0,4,0,40,0,4,0,0,0,0,0,4,2,35.644508055555555,139.725135,4,3,9999,0,1,0
1,30,110,38,2,0,1,10,75,103,2023,4,18,20,20,22,5,5,18,16,1,1,1,1,1,9,22,0,0,18,9,30,70,1,1,1,1,55,51,61,41,0,0,0,0,0,0,0,0,0,10,0,3,0,0,0,0,0,4,2,35.644064166666666,139.73624944444444,3,3,0,0,0,0
1,30,110,39,2,0,1,30000,0,103,2023,4,20,10,20,12,5,3,18,18,1,1,1,1,7,9,22,0,0,11,9,30,1,5,3,1,55,25,14,61,1,0,11,0,1,0,11,0,2,0,40,0,4,0,2,0,2,0,4,2,35.644059722222224,139.7230638888889,5,3,9999,0,9,0
1,30,111,91,2,0,1,20140,0,103,2023,4,13,8,30,12,5,12,18,12,1,1,1,14,7,0,0,0,0,4,9,1,70,1,1,1,35,35,3,61,1,0,1,0,1,0,11,0,4,0,60,0,3,0,2,0,2,0,4,2,35.651564444444446,139.73688666666666,5,3,9999,0,4,0
1,30,112,65,1,1,0,2460,12,103,2023,4,28,21,35,22,4,53,18,25,1,1,1,14,7,0,0,0,0,5,9,1,70,1,1,1,45,35,3,61,31,0,1,0,1,0,11,0,10,0,50,0,3,0,2,0,2,0,4,1,35.67594611111111,139.733055,6,2,9999,0,1,0
1,30,112,67,2,0,1,30000,0,103,2023,2,28,22,33,22,6,13,17,35,1,1,1,14,7,0,0,0,0,3,9,1,70,5,4,1,65,45,3,61,1,0,1,0,1,0,11,0,1,0,40,0,4,0,2,0,2,0,4,2,35.67648888888888,139.73653555555555,3,3,9999,0,9,0
1,30,112,76,2,0,1,99000,0,103,2023,4,9,23,7,22,5,17,18,9,1,1,1,0,7,0,0,0,0,0,0,20,70,0,4,1,65,35,3,61,31,0,1,0,1,0,11,0,10,0,30,0,3,0,2,0,2,0,4,2,35.65682111111111,139.716715,1,3,9999,0,9,0
1,30,112,83,2,0,1,30000,0,103,2023,4,16,16,40,12,5,8,18,15,3,1,2,14,7,0,0,0,0,3,9,1,70,5,2,1,1,65,51,61,41,0,0,0,0,0,0,0,0,0,10,0,3,0,0,0,0,0,4,2,35.67628805555555,139.73689277777777,1,3,0,0,0,0
1,30,112,84,2,0,1,95000,0,103,2023,4,17,9,35,12,5,7,18,15,1,1,5,14,7,0,0,0,0,3,9,1,70,4,1,1,35,45,51,61,41,0,0,0,0,0,0,0,0,0,10,0,4,0,0,0,0,0,4,2,35.6707225,139.71693583333334,2,3,0,0,0,0
1,30,112,85,2,0,1,30000,0,103,2023,4,11,23,42,22,5,15,18,10,1,1,1,14,7,0,0,0,0,3,9,1,70,5,3,1,55,1,3,61,1,0,1,0,1,0,11,0,2,0,80,0,4,0,2,0,2,0,4,2,35.675263611111106,139.73686305555555,3,3,9999,0,9,0
1,30,112,87,2,0,1,30000,0,103,2023,4,19,13,0,12,5,4,18,17,2,1,1,1,7,9,22,0,0,11,9,30,70,5,2,1,55,35,3,61,1,0,1,0,1,0,11,0,5,0,30,0,3,0,2,0,2,0,4,2,35.669945,139.7445997222222,4,3,9999,0,9,0
1,30,112,89,2,0,1,95000,0,103,2023,4,22,11,28,12,5,0,18,20,2,1,1,7,7,0,0,0,0,3,9,1,70,5,4,1,45,55,13,61,31,0,11,0,1,0,11,0,5,0,60,0,4,0,2,0,2,0,4,2,35.673789166666666,139.7375872222222,7,3,9999,0,9,0
1,30,112,94,2,0,1,2460,21,103,2023,4,20,19,0,21,5,3,18,18,1,1,1,1,1,9,22,0,0,19,9,30,70,1,1,1,45,55,3,61,1,0,1,0,1,0,11,0,5,0,80,0,4,0,2,0,2,0,4,2,35.672960555555555,139.72389944444444,5,3,9999,0,5,0
1,30,112,98,2,0,1,30000,0,103,2023,4,27,16,26,12,4,54,18,24,1,1,1,14,7,0,0,0,0,2,9,1,70,5,4,1,25,55,3,61,31,0,1,0,1,0,11,0,5,0,50,0,4,0,2,0,2,0,4,2,35.66384083333333,139.7099988888889,5,3,9999,0,1,0
1,30,113,62,2,0,1,85010,0,111,2022,11,22,5,0,22,6,23,16,31,1,1,1,14,7,0,0,0,0,4,9,1,70,4,2,1,45,45,36,61,31,0,0,0,0,0,11,0,2,0,0,0,4,0,0,0,0,0,4,2,35.5885325,139.77290722222224,3,2,9999,0,1,0
1,30,113,64,2,0,1,30000,0,108,2023,4,5,18,10,21,5,23,18,5,1,1,1,14,7,0,0,0,0,2,9,1,70,4,2,1,1,1,51,61,41,0,0,0,0,0,0,0,0,0,20,0,4,0,0,0,0,0,4,2,35.63612972222222,139.7834411111111,4,3,0,0,0,0
1,30,113,78,2,0,1,30000,0,108,2023,4,25,19,15,21,4,57,18,22,2,1,1,1,1,9,22,0,0,14,9,30,70,1,2,1,55,55,12,61,1,0,11,0,2,0,11,0,4,0,10,0,3,0,2,0,2,0,4,2,35.63688555555556,139.78828027777777,3,3,9999,0,9,0
1,30,113,84,2,0,1,20000,0,108,2023,4,16,16,50,12,5,8,18,15,1,1,1,7,7,0,0,0,0,2,9,1,70,1,2,1,1,0,61,0,0,0,0,0,0,0,0,0,0,0,0,0,0,0,0,0,0,0,2,0,35.64576,139.8017225,1,3,0,0,0,0
1,30,216,57,2,0,1,30000,0,109,2023,4,1,14,11,12,5,29,18,2,1,1,2,14,7,0,0,0,0,2,9,1,70,5,2,1,45,75,1,61,1,0,1,0,1,0,11,0,3,0,0,0,4,0,2,0,2,0,4,2,35.60674916666667,139.73439555555555,7,3,9999,0,5,0
1,30,216,61,2,0,1,30000,0,109,2023,4,11,16,40,12,5,15,18,10,1,1,1,7,7,0,0,0,0,3,9,1,70,5,3,1,1,0,61,0,0,0,0,0,0,0,0,0,0,0,0,0,0,0,0,0,0,0,2,0,35.604731944444445,139.73257222222222,3,3,0,0,0,0
1,30,216,65,2,0,1,30000,0,109,2023,4,14,10,25,12,5,11,18,13,2,1,1,14,7,0,0,0,0,2,9,1,70,4,3,1,75,65,3,61,31,0,1,0,1,0,11,0,2,0,10,0,4,0,2,0,2,0,4,2,35.599071388888895,139.73033527777778,6,3,9999,0,9,0
1,30,216,70,2,0,1,30000,0,109,2023,4,18,21,53,22,5,5,18,16,1,1,1,14,7,0,0,0,0,1,9,1,70,5,2,1,45,0,61,0,0,0,0,0,0,0,0,0,0,0,0,0,0,0,0,0,0,0,2,0,35.606409722222224,139.73620277777778,3,3,0,0,0,0
1,30,216,73,2,0,1,30000,0,109,2023,4,14,16,15,12,5,11,18,13,2,1,1,7,1,0,0,0,0,3,7,1,70,4,3,1,65,25,3,61,31,0,1,0,1,0,11,0,2,0,40,0,3,0,2,0,2,0,4,2,35.60458972222222,139.73873055555555,6,3,9999,0,9,0
1,30,217,71,2,0,1,20130,0,109,2023,4,3,8,45,12,5,26,18,4,1,1,1,14,7,0,0,0,0,4,9,1,70,1,2,1,45,45,3,61,31,0,1,0,1,0,11,0,4,0,85,0,3,0,2,0,2,0,4,2,35.63419722222222,139.72007250000001,2,3,9999,0,1,0
1,30,217,81,2,0,1,10150,0,109,2023,4,7,23,35,22,5,20,18,7,3,1,2,1,1,9,22,0,0,17,9,30,70,1,1,1,45,35,3,61,1,0,1,0,1,0,11,0,4,0,10,0,3,0,2,0,2,0,4,2,35.62343444444444,139.7223675,6,3,9999,0,9,0
1,30,217,82,2,0,1,10150,0,109,2023,4,21,15,47,12,5,2,18,19,1,1,1,14,7,0,0,0,0,1,9,1,70,5,2,1,25,35,51,61,41,0,0,0,0,0,0,0,0,0,10,0,4,0,0,0,0,0,4,2,35.62464638888889,139.7231711111111,6,3,0,0,0,0
1,30,217,83,2,0,1,10080,0,109,2023,4,2,12,35,12,5,27,18,3,1,1,1,7,1,0,0,0,0,6,9,1,70,5,1,1,65,55,51,61,41,0,0,0,0,0,0,0,0,0,20,0,4,0,0,0,0,0,4,2,35.63359888888889,139.71601638888887,1,3,0,0,0,0
1,30,217,87,2,0,1,20130,0,109,2023,4,30,17,25,12,4,51,18,26,2,1,1,14,1,0,0,0,0,5,9,1,70,1,2,1,1,35,51,61,41,0,0,0,0,0,0,0,0,0,10,0,3,0,0,0,0,0,4,2,35.62859638888889,139.7196661111111,1,3,0,0,0,0
1,30,218,52,2,0,1,10,109,109,2023,3,15,15,15,12,5,53,17,48,1,1,1,1,1,9,22,0,0,19,9,30,70,5,1,1,35,65,51,61,41,0,0,0,0,0,0,0,0,0,10,0,4,0,0,0,0,0,4,2,35.619256666666665,139.7169725,4,3,0,0,0,0
1,30,218,55,2,0,1,30000,0,109,2023,4,19,16,55,12,5,4,18,17,1,1,1,14,7,0,0,0,0,1,8,1,70,5,3,1,25,45,51,61,41,0,0,0,0,0,0,0,0,0,10,0,3,0,0,0,0,0,4,2,35.606121111111115,139.7128875,4,3,0,0,0,0
1,30,218,56,2,0,1,30000,0,109,2023,4,21,14,44,12,5,2,18,19,1,1,1,1,7,9,22,0,0,18,9,30,70,5,2,1,65,35,13,61,31,0,11,0,1,0,11,0,2,0,10,0,3,0,2,0,2,0,4,2,35.61557833333333,139.69944055555555,6,3,9999,0,9,0
1,30,219,113,2,0,1,30000,0,111,2023,2,21,21,5,22,6,22,17,28,1,1,1,14,7,0,0,0,0,2,9,1,70,5,1,1,25,65,51,61,41,0,0,0,0,0,0,0,0,0,10,0,4,0,0,0,0,0,4,2,35.57738638888889,139.72297722222223,3,3,0,0,0,0
1,30,219,114,2,0,1,20180,0,111,2023,3,17,18,5,21,5,50,17,50,2,1,1,1,1,9,22,0,0,15,9,30,70,4,1,1,55,1,51,61,41,0,0,0,0,0,0,0,0,0,10,0,3,0,0,0,0,0,4,2,35.586936388888894,139.7266563888889,6,3,0,0,0,0
1,30,219,119,2,0,1,30000,0,111,2023,4,1,14,45,12,5,29,18,2,1,1,1,7,7,0,0,0,0,1,9,1,70,5,3,1,55,75,51,61,41,0,0,0,0,0,0,0,0,0,10,0,4,0,0,0,0,0,4,2,35.56749444444445,139.72725555555556,7,3,0,0,0,0
1,30,219,129,2,0,1,30000,0,111,2023,4,12,11,10,12,5,13,18,11,1,1,1,14,7,0,0,0,0,2,9,1,70,5,3,1,65,65,3,61,31,0,1,0,1,0,11,0,2,0,10,0,4,0,2,0,2,0,4,2,35.567370000000004,139.72784916666666,4,3,9999,0,9,0
1,30,219,132,2,0,1,30000,0,111,2023,3,16,23,5,22,5,51,17,49,1,1,1,14,7,0,0,0,0,3,9,1,70,5,2,1,1,35,51,61,41,0,0,0,0,0,0,0,0,0,40,0,4,0,0,0,0,0,4,2,35.58725388888889,139.72736694444444,5,3,0,0,0,0