資料区分,都道府県コード,警察署等コード,本票番号,事故内容,死者数,負傷者数,路線コード,地点コード,市区町村コード,発生日時　　年,発生日時　　月,発生日時　　日,発生日時　　時,発生日時　　分,昼夜,日の出時刻　　時,日の出時刻　　分,日の入り時刻　　時,日の入り時刻　　分,天候,地形,路面状態,道路形状,信号機,一時停止規制　標識（当事者A）,一時停止規制　表示（当事者A）,一時停止規制　標識（当事者B）,一時停止規制　表示（当事者B）,車道幅員,道路線形,衝突地点,ゾーン規制,中央分離帯施設等,歩車道区分,事故類型,年齢（当事者A）,年齢（当事者B）,当事者種別（当事者A）,当事者種別（当事者B）,用途別（当事者A）,用途別（当事者B）,車両形状等（当事者A）,車両形状等（当事者B）,オートマチック車（当事者A）,オートマチック車（当事者B）,サポカー（当事者A）,サポカー（当事者B）,速度規制（指定のみ）（当事者A）,速度規制（指定のみ）（当事者B）,車両の衝突部位（当事者A）,車両の衝突部位（当事者B）,車両の損壊程度（当事者A）,車両の損壊程度（当事者B）,エアバッグの装備（当事者A）,エアバッグの装備（当事者B）,サイドエアバッグの装備（当事者A）,サイドエアバッグの装備（当事者B）,人身損傷程度（当事者A）,人身損傷程度（当事者B）,lat,lon,曜日(発生年月日),祝日(発生年月日),認知機能検査経過日数（当事者A）,認知機能検査経過日数（当事者B）,運転練習の方法（当事者A）,運転練習の方法（当事者B）
1,30,219,137,2,0,1,20180,0,111,2023,4,18,11,15,12,5,5,18,16,1,1,1,7,7,0,0,0,0,4,9,1,70,5,1,1,75,25,51,61,41,0,0,0,0,0,0,0,0,0,10,0,3,0,0,0,0,0,2,4,35.59043944444445,139.72829777777778,3,3,0,0,0,0
1,30,219,138,2,0,1,30000,0,111,2023,4,10,10,50,12,5,16,18,10,1,1,1,14,7,0,0,0,0,2,9,1,70,5,3,1,65,25,3,61,31,0,1,0,1,0,11,0,2,0,40,0,4,0,2,0,2,0,4,2,35.57260305555556,139.72588972222223,2,3,9999,0,9,0
1,30,219,140,2,0,1,30000,0,111,2023,4,22,6,15,12,5,0,18,20,1,1,1,1,7,9,22,0,0,11,9,30,70,5,3,1,75,55,3,61,31,0,1,0,1,0,11,0,2,0,10,0,1,0,2,0,1,0,4,2,35.589555833333335,139.72288055555555,7,3,813,0,9,0
1,30,219,147,2,0,1,30000,0,111,2023,4,25,10,44,12,4,57,18,22,2,1,1,1,7,1,22,0,0,14,9,30,70,4,1,1,65,65,14,61,31,0,11,0,1,0,11,0,10,0,40,0,4,0,2,0,2,0,4,2,35.586595,139.73033027777777,3,3,9999,0,9,0
1,30,220,58,2,0,1,10170,0,111,2023,4,4,18,55,21,5,24,18,5,2,1,1,14,7,0,0,0,0,2,9,1,70,1,1,1,35,45,51,61,41,0,0,0,0,0,0,0,0,0,10,0,3,0,0,0,0,0,4,2,35.60004138888889,139.69047305555557,3,3,0,0,0,0
1,30,220,60,2,0,1,10170,0,111,2023,4,9,8,23,12,5,17,18,9,1,1,1,1,1,9,22,0,0,17,9,30,70,5,2,1,45,55,51,61,41,0,0,0,0,0,0,0,0,0,10,0,3,0,0,0,0,0,4,2,35.59174305555556,139.68050138888887,1,3,0,0,0,0
1,30,220,71,2,0,1,30000,0,111,2023,3,30,8,20,12,5,31,18,1,1,1,1,1,7,9,22,0,0,14,9,30,70,4,2,1,55,1,4,61,31,0,1,0,1,0,11,0,2,0,40,0,3,0,2,0,2,0,4,2,35.606571111111116,139.6870963888889,5,3,9999,0,1,0
1,30,220,72,2,0,1,30000,0,111,2023,4,24,8,35,12,4,58,18,21,2,1,1,14,7,0,0,0,0,3,9,1,70,5,3,1,45,25,17,61,1,0,11,0,1,0,11,0,10,0,40,0,4,0,2,0,2,0,4,2,35.579527222222225,139.68456583333332,2,3,9999,0,1,0
1,30,221,114,2,0,1,95000,0,111,2023,4,7,9,35,12,5,20,18,7,2,1,1,1,1,9,22,0,0,14,9,30,70,4,1,1,45,75,12,61,31,0,11,0,1,0,11,0,1,0,10,0,3,0,2,0,2,0,4,2,35.55022222222222,139.7448475,6,3,9999,0,9,0
1,30,221,115,2,0,1,95000,0,111,2023,3,4,14,36,12,6,8,17,38,1,1,1,14,7,0,0,0,0,2,9,20,70,5,3,1,45,35,3,61,1,0,1,0,1,0,11,0,2,0,40,0,3,0,2,0,2,0,4,2,35.54552972222222,139.7483447222222,7,3,9999,0,9,0
1,30,221,117,2,0,1,30000,0,111,2023,4,20,19,40,22,5,3,18,18,1,1,1,7,7,0,0,0,0,5,9,1,70,4,2,1,35,55,3,61,31,0,1,0,1,0,11,0,3,0,20,0,4,0,2,0,2,0,4,2,35.56287194444444,139.71873,5,3,9999,0,1,0
1,30,221,119,2,0,1,30000,0,111,2023,4,28,15,3,12,4,53,18,25,1,1,1,1,7,9,22,0,0,11,9,30,70,5,3,1,45,1,4,61,31,0,1,0,1,0,11,0,2,0,20,0,3,0,2,0,2,0,4,2,35.54534388888889,139.71738722222221,6,2,9999,0,9,0
1,30,222,86,2,0,1,30000,0,111,2023,4,9,16,0,12,5,17,18,9,1,1,1,1,1,9,22,0,0,15,9,30,70,5,3,1,65,45,3,61,31,0,1,0,1,0,11,0,5,0,20,0,3,0,2,0,2,0,4,2,35.57213444444445,139.69107583333334,1,3,9999,0,9,0
1,30,222,91,2,0,1,30000,0,111,2023,4,12,12,56,12,5,13,18,11,1,1,1,14,7,0,0,0,0,3,9,1,70,5,4,1,55,75,3,61,1,0,1,0,1,0,11,0,1,0,40,0,4,0,2,0,2,0,4,2,35.57745361111112,139.70205305555555,4,3,9999,0,9,0
1,30,222,101,2,0,1,30000,0,111,2023,4,20,8,9,12,5,3,18,18,1,1,1,14,7,0,0,0,0,1,9,1,1,5,4,1,45,1,51,61,41,0,0,0,0,0,0,0,0,0,10,0,4,0,0,0,0,0,4,2,35.5598125,139.69056194444445,5,3,0,0,0,0
1,30,222,103,2,0,1,10000,0,111,2023,4,22,13,30,12,5,0,18,20,2,1,1,1,7,9,22,0,0,14,9,30,70,5,3,1,25,25,14,61,31,0,11,0,1,0,11,0,5,0,50,0,3,0,2,0,2,0,4,2,35.595824722222225,139.7141413888889,7,3,9999,0,1,0
1,30,325,68,2,0,1,21020,0,112,2022,11,9,8,0,12,6,10,16,39,1,1,1,14,7,0,0,0,0,4,9,1,70,4,2,1,1,1,51,61,41,0,0,0,0,0,0,0,0,0,10,0,3,0,0,0,0,0,4,2,35.64588888888889,139.67877888888887,4,3,0,0,0,0
1,30,325,70,2,0,1,30000,0,112,2023,4,7,20,45,22,5,20,18,7,3,1,2,7,7,0,0,0,0,3,9,1,70,5,2,1,45,55,4,61,31,0,1,0,1,0,11,0,3,0,20,0,3,0,2,0,2,0,4,2,35.65126194444444,139.67869805555554,6,3,9999,0,1,0
1,30,325,71,2,0,3,10210,0,112,2023,4,8,18,18,21,5,19,18,8,3,1,2,1,1,9,22,0,0,15,9,30,70,5,2,1,1,25,35,61,31,0,0,0,0,0,11,0,3,0,10,0,3,0,0,0,0,0,4,2,35.64227361111111,139.6547952777778,7,3,9999,0,5,0
1,30,325,79,2,0,1,30740,0,112,2023,4,24,18,23,21,4,58,18,21,1,1,1,14,7,0,0,0,0,3,9,1,70,4,2,1,1,55,51,61,41,0,0,0,0,0,0,0,0,0,10,0,3,0,0,0,0,0,4,2,35.64438472222222,139.67072888888887,2,3,0,0,0,0
1,30,325,82,2,0,1,30000,0,112,2023,4,18,8,10,12,5,5,18,16,1,1,1,1,1,9,22,0,0,11,9,30,1,5,1,1,55,25,3,61,1,0,1,0,1,0,11,0,2,0,10,0,3,0,2,0,2,0,4,2,35.635558333333336,139.65970944444445,3,3,9999,0,9,0
1,30,326,106,2,0,1,30000,0,112,2023,2,22,11,20,12,6,21,17,29,1,1,1,1,7,1,21,0,0,18,9,30,70,4,2,1,1,55,3,61,31,0,1,0,1,0,11,0,3,0,60,0,4,0,2,0,2,0,4,2,35.66865611111111,139.6499433333333,4,2,0,0,0,0
1,30,326,119,2,0,1,30000,0,112,2023,4,14,23,10,22,5,11,18,13,2,1,1,14,7,0,0,0,0,1,9,1,70,5,3,1,25,55,51,61,41,0,0,0,0,0,0,0,0,0,10,0,4,0,0,0,0,0,4,2,35.66343361111111,139.67472333333333,6,3,0,0,0,0
1,30,326,126,2,0,1,31000,0,112,2023,4,22,10,5,12,5,0,18,20,2,1,1,1,7,9,22,0,0,14,9,30,70,4,3,1,35,1,3,61,31,0,1,0,1,0,11,0,2,0,50,0,3,0,2,0,2,0,4,2,35.654896944444445,139.65948527777778,7,3,9999,0,1,0
1,30,326,137,2,0,1,30000,0,112,2023,3,2,13,50,12,6,11,17,37,1,1,1,1,7,1,21,0,0,14,9,30,70,4,2,1,1,25,13,61,31,0,11,0,1,0,11,0,10,0,80,0,3,0,2,0,2,0,4,2,35.660582777777776,139.65203222222223,5,3,9999,0,1,0
1,30,327,123,1,1,0,30000,0,112,2023,4,27,16,30,12,4,54,18,24,1,1,1,1,7,9,22,0,0,15,9,30,70,4,1,1,25,55,13,61,31,0,11,0,1,0,11,0,2,0,10,0,2,0,2,0,2,0,4,1,35.61844111111111,139.65894277777778,5,3,9999,0,1,0
1,30,327,129,2,0,1,95000,0,112,2023,4,2,9,18,12,5,27,18,3,1,1,1,0,7,0,0,0,0,0,0,20,70,0,4,1,35,1,17,61,31,0,11,0,1,0,11,0,10,0,30,0,3,0,2,0,2,0,4,2,35.61192666666667,139.6432497222222,1,3,9999,0,1,0
1,30,327,134,2,0,1,30000,0,112,2023,4,6,18,32,21,5,22,18,6,1,1,1,1,7,9,22,0,0,11,9,30,70,5,2,1,1,75,3,61,31,0,1,0,1,0,11,0,5,0,10,0,3,0,2,0,2,0,4,2,35.62381361111111,139.63613527777778,5,3,9999,0,1,0
1,30,327,150,2,0,1,2460,127,112,2023,3,31,17,15,13,5,30,18,1,1,1,1,14,7,0,0,0,0,1,7,1,70,5,2,1,55,1,52,61,41,0,0,0,0,0,0,0,0,0,20,0,4,0,0,0,0,0,4,2,35.62042888888889,139.63029583333335,6,3,0,0,0,0
1,30,327,164,2,0,1,30190,0,112,2023,1,5,17,0,21,6,51,16,41,1,1,1,1,1,9,22,0,0,15,9,30,70,5,2,1,55,75,12,61,31,0,11,0,2,0,11,0,2,0,0,0,4,0,2,0,2,0,4,2,35.63083972222222,139.633555,5,3,9999,0,9,0
1,30,328,133,2,0,1,30000,0,112,2023,4,11,18,10,21,5,15,18,10,1,1,1,14,7,0,0,0,0,3,9,1,70,5,4,1,55,35,3,61,31,0,1,0,1,0,11,0,10,0,40,0,3,0,2,0,2,0,4,2,35.64679916666667,139.60618027777778,3,3,9999,0,9,0
1,30,328,137,2,0,1,30000,0,112,2023,4,17,7,45,12,5,7,18,15,1,1,1,1,7,9,22,0,0,11,9,30,70,5,1,1,1,55,51,61,41,0,0,0,0,0,0,0,0,0,10,0,3,0,0,0,0,0,4,2,35.654395,139.59623222222223,2,3,0,0,0,0
1,30,328,138,2,0,1,30000,0,112,2023,4,17,16,25,12,5,7,18,15,1,1,1,1,1,9,22,0,0,11,9,30,70,4,2,1,65,55,51,61,41,0,0,0,0,0,0,0,0,0,30,0,3,0,0,0,0,0,2,4,35.669708888888884,139.6007111111111,2,3,0,0,0,0
1,30,328,140,2,0,1,30000,0,112,2023,4,19,8,15,12,5,4,18,17,1,1,1,14,7,0,0,0,0,3,9,1,70,5,3,1,1,55,51,61,41,0,0,0,0,0,0,0,0,0,10,0,3,0,0,0,0,0,4,2,35.66809388888888,139.63267222222223,4,3,0,0,0,0
1,30,328,141,2,0,1,30000,0,112,2023,4,3,15,29,12,5,26,18,4,1,1,1,14,7,0,0,0,0,2,9,1,70,5,4,1,75,55,3,61,31,0,1,0,1,0,11,0,3,0,40,0,3,0,2,0,2,0,4,2,35.66692111111111,139.61631111111112,2,3,934,0,9,0
1,30,328,149,2,0,1,30000,0,112,2023,4,23,11,49,12,4,59,18,20,1,1,1,1,7,9,22,0,0,14,9,30,70,4,2,1,35,1,3,61,31,0,1,0,1,0,11,0,2,0,10,0,3,0,2,0,2,0,4,2,35.62482083333333,139.6014711111111,1,3,9999,0,1,0
1,30,328,150,2,0,1,20230,0,112,2023,4,13,11,50,12,5,12,18,12,1,1,1,21,7,0,0,0,0,2,9,20,70,5,3,1,55,55,3,61,31,0,1,0,1,0,11,0,10,0,20,0,4,0,2,0,2,0,4,2,35.669671944444445,139.60549722222223,5,3,9999,0,9,0
1,30,328,154,2,0,1,30000,0,112,2023,4,26,10,15,12,4,56,18,23,3,1,2,14,7,0,0,0,0,1,9,1,70,5,3,1,75,1,3,61,31,0,1,0,1,0,11,0,2,0,80,0,3,0,2,0,2,0,4,2,35.63797833333333,139.60774055555555,4,3,895,0,9,0
1,30,328,155,2,0,1,30000,0,112,2023,4,1,15,46,12,5,29,18,2,1,1,1,1,7,9,22,0,0,14,7,30,70,5,3,1,65,1,3,61,31,0,1,0,1,0,11,0,5,0,10,0,4,0,2,0,2,0,4,2,35.64006833333333,139.60128,7,3,9999,0,9,0
1,30,329,91,2,0,1,30000,0,110,2023,4,1,16,25,12,5,29,18,2,1,1,1,14,7,0,0,0,0,1,9,1,70,5,3,1,1,75,3,61,31,0,1,0,1,0,11,0,5,0,10,0,3,0,2,0,2,0,4,2,35.64682194444445,139.69689944444445,7,3,9999,0,1,0
1,30,329,94,2,0,1,20260,0,110,2023,4,10,8,25,12,5,16,18,10,1,1,1,14,7,0,0,0,0,3,8,1,70,1,2,1,1,35,51,61,41,0,0,0,0,0,0,0,0,0,10,0,4,0,0,0,0,0,4,2,35.65548777777778,139.68923416666667,2,3,0,0,0,0
1,30,329,97,2,0,1,10160,0,110,2023,2,27,20,12,22,6,14,17,34,1,1,1,14,7,0,0,0,0,3,9,1,70,1,1,1,55,65,1,61,1,0,1,0,2,0,11,0,1,0,40,0,3,0,2,0,2,0,4,2,35.64899833333333,139.6920563888889,2,3,9999,0,9,0
1,30,329,100,2,0,1,30000,0,110,2023,4,14,11,10,12,5,11,18,13,1,1,1,1,1,9,22,0,0,15,9,30,70,5,1,1,45,75,3,61,31,0,1,0,1,0,11,0,1,0,50,0,3,0,2,0,2,0,4,2,35.64736111111111,139.69855666666666,6,3,9999,0,1,0
1,30,329,106,2,0,1,20240,0,110,2023,4,20,15,16,12,5,3,18,18,1,1,1,14,7,0,0,0,0,2,9,1,70,4,1,1,45,1,3,61,31,0,1,0,1,0,11,0,3,0,10,0,3,0,2,0,2,0,4,2,35.633294166666666,139.6886438888889,5,3,9999,0,9,0
1,30,329,107,2,0,1,30000,0,110,2023,4,21,8,57,12,5,2,18,19,1,1,1,14,7,0,0,0,0,2,9,1,70,5,3,1,25,75,51,61,41,0,0,0,0,0,0,0,0,0,10,0,3,0,0,0,0,0,4,2,35.63981916666667,139.7007886111111,6,3,0,0,0,0
1,30,329,108,2,0,1,30000,0,110,2023,4,23,11,30,12,4,59,18,20,1,1,1,14,7,0,0,0,0,3,9,1,1,5,3,1,45,55,3,61,1,0,1,0,1,0,11,0,2,0,10,0,4,0,2,0,2,0,4,2,35.64442611111111,139.69816916666667,1,3,9999,0,1,0
1,30,329,112,2,0,1,30000,0,110,2023,4,27,14,45,12,4,54,18,24,1,1,1,1,7,9,22,0,0,11,7,30,70,5,3,1,65,45,14,61,1,0,11,0,1,0,11,0,5,0,40,0,3,0,2,0,1,0,4,2,35.64661111111111,139.69345444444446,5,3,9999,0,9,0
1,30,330,85,2,0,1,20190,0,110,2023,4,8,20,42,22,5,19,18,8,2,1,1,1,7,9,22,0,0,14,9,30,1,5,1,1,65,35,3,61,1,0,1,0,1,0,11,0,2,0,10,0,4,0,2,0,2,0,4,2,35.630228333333335,139.68412944444444,7,3,9999,0,5,0
1,30,330,86,2,0,1,30000,0,110,2023,2,20,11,0,12,6,23,17,27,1,1,1,14,1,0,0,0,0,3,9,1,70,4,3,1,25,35,3,61,1,0,1,0,1,0,11,0,2,0,30,0,4,0,2,0,2,0,4,2,35.60896527777778,139.66738777777778,2,3,9999,0,1,0
1,30,330,89,2,0,1,30000,0,110,2023,3,26,16,4,12,5,37,17,57,3,1,2,14,7,0,0,0,0,3,9,1,70,5,3,1,35,25,3,61,31,0,1,0,1,0,11,0,2,0,20,0,4,0,2,0,2,0,4,2,35.62981166666667,139.6897463888889,1,3,9999,0,1,0
1,30,330,91,2,0,1,99000,0,112,2023,4,10,16,10,12,5,16,18,10,1,1,1,0,7,0,0,0,0,0,0,20,70,0,4,1,55,1,3,61,31,0,1,0,1,0,11,0,10,0,40,0,3,0,2,0,2,0,4,2,35.621738055555554,139.66610083333333,2,3,9999,0,9,0
1,30,330,93,2,0,1,10130,0,110,2023,4,13,12,20,12,5,12,18,12,1,1,1,1,1,9,22,0,0,18,9,30,70,1,1,1,65,75,4,61,31,0,1,0,1,0,11,0,2,0,10,0,3,0,2,0,2,0,4,2,35.61333666666667,139.68653972222222,5,3,9999,0,9,0
1,30,330,99,2,0,1,30000,0,110,2023,4,19,15,44,12,5,4,18,17,1,1,1,14,7,0,0,0,0,3,9,1,70,5,3,1,35,75,36,61,31,0,0,0,0,0,11,0,2,0,10,0,4,0,0,0,0,0,4,2,35.60838777777778,139.6682588888889,4,3,0,0,0,0
1,30,330,109,2,0,1,30000,0,110,2023,4,15,16,21,12,5,9,18,14,3,1,2,14,7,0,0,0,0,3,7,1,70,4,3,1,35,25,3,61,31,0,1,0,1,0,11,0,2,0,40,0,4,0,2,0,2,0,4,2,35.61353611111111,139.66985,7,3,9999,0,1,0
1,30,330,114,2,0,1,30000,0,110,2023,4,27,12,10,12,4,54,18,24,1,1,1,1,7,9,22,0,0,14,9,30,70,5,4,1,45,75,13,61,31,0,11,0,1,0,11,0,2,0,80,0,4,0,2,0,2,0,4,2,35.61752472222222,139.67510027777777,5,3,9999,0,9,0
1,30,330,116,2,0,1,30000,0,110,2023,4,28,13,43,12,4,53,18,25,1,1,1,14,7,0,0,0,0,2,9,1,70,5,3,1,45,55,35,61,31,0,0,0,0,0,11,0,3,0,10,0,3,0,0,0,0,0,4,2,35.60785333333334,139.67078194444443,6,2,9999,0,9,0
1,30,330,117,2,0,2,30000,0,110,2023,4,28,16,10,12,4,53,18,25,1,1,1,1,7,9,22,0,0,14,9,30,70,5,1,1,75,1,13,61,31,0,11,0,1,0,11,0,2,0,10,0,3,0,2,0,2,0,4,2,35.616863333333335,139.6863938888889,6,2,9999,0,9,0
1,30,331,86,2,0,1,30220,0,113,2023,4,1,3,20,22,5,29,18,2,1,1,1,7,7,0,0,0,0,5,7,1,70,5,2,1,55,25,12,61,31,0,11,0,1,0,11,0,3,0,40,0,3,0,2,0,2,0,4,2,35.66013888888889,139.70548472222222,7,3,9999,0,9,0
1,30,331,87,2,0,2,30000,0,113,2023,4,2,17,10,13,5,27,18,3,2,1,1,1,7,1,22,0,0,18,9,30,70,4,2,1,1,25,51,61,41,0,0,0,0,0,0,0,0,0,10,0,3,0,0,0,0,0,4,2,35.66235916666667,139.69855305555555,1,3,0,0,0,0
1,30,331,90,2,0,1,30000,0,113,2023,4,8,13,14,12,5,19,18,8,2,1,1,14,7,0,0,0,0,1,9,1,70,5,2,1,25,1,14,61,1,0,11,0,1,0,11,0,10,0,10,0,4,0,2,0,2,0,4,2,35.64904055555556,139.702045,7,3,9999,0,1,0
1,30,331,93,2,0,1,30000,0,113,2023,4,11,19,50,22,5,15,18,10,1,1,1,1,1,9,22,0,0,15,9,30,70,4,1,1,65,55,3,61,1,0,1,0,1,0,11,0,4,0,40,0,4,0,2,0,2,0,4,2,35.654719444444446,139.69280277777779,3,3,9999,0,2,0
1,30,331,99,2,0,1,30000,0,113,2023,4,15,11,40,12,5,9,18,14,3,1,2,7,7,0,0,0,0,4,9,1,70,4,2,1,1,55,51,61,41,0,0,0,0,0,0,0,0,0,10,0,4,0,0,0,0,0,4,2,35.660159444444446,139.6957325,7,3,0,0,0,0
1,30,331,102,2,0,1,2460,56,113,2023,4,15,19,11,21,5,9,18,14,3,1,2,1,1,9,22,0,0,19,9,30,70,1,2,1,45,45,4,61,31,0,1,0,1,0,11,0,5,0,10,0,4,0,2,0,2,0,4,2,35.65418333333333,139.69333138888888,7,3,9999,0,1,0
1,30,331,110,2,0,1,30220,0,113,2023,4,28,7,2,12,4,53,18,25,1,1,1,14,7,0,0,0,0,4,7,1,70,4,2,1,25,1,3,61,1,0,1,0,1,0,11,0,1,0,70,0,4,0,2,0,2,0,4,2,35.658995,139.697825,6,2,9999,0,1,0
1,30,331,115,2,0,1,30000,0,113,2023,4,9,3,0,22,5,17,18,9,1,1,1,14,7,0,0,0,0,2,9,1,70,5,4,1,65,25,3,61,1,0,1,0,1,0,11,0,2,0,0,0,3,0,2,0,2,0,4,2,35.650237777777775,139.70918305555554,1,3,9999,0,9,0
1,30,332,41,2,0,1,10090,0,113,2023,3,30,1,17,22,5,31,18,1,2,1,2,1,1,9,22,0,0,18,9,30,70,1,1,1,55,35,12,61,1,0,11,0,1,0,11,0,1,0,10,0,3,0,2,0,2,0,4,2,35.684481388888884,139.7039611111111,5,3,9999,0,9,0
1,30,332,42,2,0,1,10090,0,113,2023,4,3,23,5,22,5,26,18,4,1,1,1,1,1,9,22,0,0,18,2,30,70,5,1,1,25,45,3,61,31,0,1,0,1,0,11,0,4,0,10,0,2,0,2,0,2,0,4,2,35.67216611111111,139.70818027777776,2,3,9999,0,1,0
1,30,333,62,2,0,1,21000,0,113,2023,4,5,20,40,22,5,23,18,5,2,1,1,14,2,0,0,0,0,6,9,1,70,1,2,1,65,45,3,61,1,0,1,0,1,0,11,0,4,0,40,0,3,0,2,0,2,0,4,2,35.66831277777778,139.69756805555556,4,3,9999,0,9,0
1,30,333,63,2,0,1,20270,0,113,2023,4,6,16,28,12,5,22,18,6,1,1,1,1,8,9,22,0,0,14,9,30,70,4,2,1,1,65,51,61,41,0,0,0,0,0,0,0,0,0,40,0,3,0,0,0,0,0,4,2,35.66818,139.67891999999998,5,3,0,0,0,0
1,30,333,70,2,0,1,30000,0,113,2023,4,16,19,52,22,5,8,18,15,1,1,1,13,7,0,0,0,0,3,6,1,70,4,2,1,45,1,3,61,31,0,1,0,1,0,11,0,3,0,10,0,3,0,2,0,2,0,4,2,35.663085833333334,139.6826275,1,3,9999,0,1,0
1,30,435,68,2,0,1,30000,0,104,2023,4,25,15,15,12,4,57,18,22,2,1,1,1,1,9,22,0,0,14,9,30,70,5,3,1,25,45,4,61,31,0,1,0,1,0,11,0,1,0,20,0,3,0,2,0,2,0,4,2,35.70784277777778,139.73576888888888,3,3,9999,0,1,0
1,30,435,70,2,0,1,30000,0,104,2023,4,27,20,35,22,4,54,18,24,1,1,1,14,7,0,0,0,0,2,9,1,70,5,3,1,45,45,51,61,41,0,0,0,0,0,0,0,0,0,10,0,3,0,0,0,0,0,4,2,35.69434444444444,139.72076083333334,5,3,0,0,0,0
1,30,435,73,2,0,1,21280,0,104,2023,3,22,7,40,12,5,43,17,54,1,1,1,14,7,0,0,0,0,4,9,1,70,1,3,1,1,55,3,61,31,0,1,0,1,0,11,0,3,0,10,0,3,0,2,0,2,0,4,2,35.69701805555555,139.7139225,4,3,9999,0,1,0
1,30,436,75,2,0,1,30260,0,104,2023,4,5,1,3,22,5,23,18,5,1,1,1,1,1,9,22,0,0,14,9,30,70,1,2,1,55,75,3,61,31,0,1,0,1,0,11,0,10,0,10,0,3,0,2,0,2,0,4,2,35.69764027777777,139.71312166666667,4,3,9999,0,5,0
1,30,436,81,2,0,1,30000,0,104,2023,4,13,22,0,22,5,12,18,12,1,1,1,1,1,9,22,0,0,17,9,30,70,4,2,1,45,45,3,61,31,0,1,0,1,0,11,0,4,0,10,0,3,0,2,0,2,0,4,2,35.69202472222222,139.6964563888889,5,3,9999,0,9,0
1,30,436,83,2,0,1,30000,0,104,2023,2,25,19,15,22,6,17,17,32,1,1,1,1,7,9,22,0,0,17,9,30,70,5,4,1,1,55,51,61,41,0,0,0,0,0,0,0,0,0,10,0,3,0,0,0,0,0,4,2,35.693063055555555,139.70105833333332,7,3,0,0,0,0
1,30,436,84,2,0,1,20000,0,104,2023,4,17,10,0,12,5,7,18,15,1,1,1,1,3,9,22,0,0,19,9,30,70,5,2,1,1,45,51,61,41,0,0,0,0,0,0,0,0,0,20,0,4,0,0,0,0,0,4,2,35.69210722222222,139.69197333333335,2,3,0,0,0,0
1,30,436,86,2,0,1,30000,0,104,2023,4,12,13,20,12,5,13,18,11,1,1,1,1,7,9,22,0,0,11,9,30,70,5,2,1,35,25,14,61,1,0,11,0,1,0,11,0,10,0,10,0,4,0,2,0,2,0,4,2,35.69500305555555,139.70739638888887,4,3,9999,0,1,0
1,30,436,89,2,0,1,10240,0,104,2023,3,29,16,47,12,5,33,18,0,2,1,1,1,1,9,22,0,0,19,9,30,70,1,2,1,55,45,14,61,1,0,11,0,1,0,11,0,3,0,20,0,3,0,2,0,2,0,4,2,35.693466666666666,139.69923055555557,4,3,9999,0,9,0
1,30,437,66,2,0,1,10220,0,104,2023,4,9,12,0,12,5,17,18,9,1,1,1,14,7,0,0,0,0,4,9,1,70,4,1,1,35,75,3,61,31,0,1,0,1,0,11,0,3,0,60,0,4,0,2,0,2,0,4,2,35.71020027777778,139.69509250000002,1,3,9999,0,9,0
1,30,437,70,2,0,1,95000,0,104,2023,4,13,13,50,12,5,12,18,12,1,1,1,1,1,9,22,0,0,18,6,30,70,4,2,1,25,55,51,61,41,0,0,0,0,0,0,0,0,0,10,0,3,0,0,0,0,0,4,2,35.72079527777778,139.67564833333333,5,3,0,0,0,0
1,30,438,61,1,1,0,10090,0,104,2023,4,4,3,55,22,5,24,18,5,1,1,1,7,7,0,0,0,0,5,9,1,70,4,1,1,55,1,3,61,1,0,1,0,1,0,11,0,10,0,10,0,2,0,2,0,2,0,4,1,35.69142083333333,139.70525888888886,3,3,9999,0,9,0
1,30,438,66,2,0,1,20090,0,104,2023,4,1,17,0,12,5,29,18,2,1,1,1,14,7,0,0,0,0,5,9,1,70,1,2,1,1,65,51,61,41,0,0,0,0,0,0,0,0,0,10,0,3,0,0,0,0,0,4,2,35.68664472222222,139.7294936111111,7,3,0,0,0,0
1,30,438,68,2,0,1,200,81,104,2023,4,2,0,31,22,5,27,18,3,3,1,2,1,1,9,22,0,0,19,9,30,70,5,1,1,45,45,1,61,1,0,1,0,2,0,11,0,10,0,10,0,3,0,2,0,2,0,4,2,35.689652499999994,139.70385222222222,1,3,9999,0,9,0
1,30,438,70,2,0,1,30000,0,104,2023,4,1,17,2,13,5,29,18,2,1,1,1,14,7,0,0,0,0,2,9,1,70,5,3,1,25,35,3,61,31,0,1,0,1,0,11,0,5,0,20,0,4,0,2,0,2,0,4,2,35.69141722222222,139.7082908333333,7,3,9999,0,1,0
1,30,438,71,2,0,1,10090,0,104,2023,2,25,12,10,12,6,17,17,32,1,1,1,14,7,0,0,0,0,4,9,1,70,4,1,1,45,35,3,61,1,0,1,0,1,0,11,0,4,0,40,0,3,0,2,0,2,0,4,2,35.69128305555555,139.70518777777778,7,3,9999,0,9,0
1,30,438,72,2,0,1,20000,0,104,2023,4,4,20,32,22,5,24,18,5,1,1,1,1,1,9,22,0,0,19,9,30,70,5,2,1,55,35,3,61,1,0,1,0,1,0,11,0,4,0,10,0,4,0,2,0,2,0,4,2,35.689922777777774,139.7069797222222,3,3,9999,0,1,0
1,30,438,74,2,0,1,10090,0,104,2023,4,12,13,30,12,5,13,18,11,2,1,1,1,1,9,22,0,0,18,9,30,70,5,2,1,45,35,13,61,31,0,11,0,1,0,11,0,4,0,80,0,3,0,2,0,2,0,4,2,35.69222638888888,139.7057536111111,4,3,9999,0,9,0