資料区分,都道府県コード,警察署等コード,本票番号,事故内容,死者数,負傷者数,路線コード,地点コード,市区町村コード,発生日時　　年,発生日時　　月,発生日時　　日,発生日時　　時,発生日時　　分,昼夜,日の出時刻　　時,日の出時刻　　分,日の入り時刻　　時,日の入り時刻　　分,天候,地形,路面状態,道路形状,信号機,一時停止規制　標識（当事者A）,一時停止規制　表示（当事者A）,一時停止規制　標識（当事者B）,一時停止規制　表示（当事者B）,車道幅員,道路線形,衝突地点,ゾーン規制,中央分離帯施設等,歩車道区分,事故類型,年齢（当事者A）,年齢（当事者B）,当事者種別（当事者A）,当事者種別（当事者B）,用途別（当事者A）,用途別（当事者B）,車両形状等（当事者A）,車両形状等（当事者B）,オートマチック車（当事者A）,オートマチック車（当事者B）,サポカー（当事者A）,サポカー（当事者B）,速度規制（指定のみ）（当事者A）,速度規制（指定のみ）（当事者B）,車両の衝突部位（当事者A）,車両の衝突部位（当事者B）,車両の損壊程度（当事者A）,車両の損壊程度（当事者B）,エアバッグの装備（当事者A）,エアバッグの装備（当事者B）,サイドエアバッグの装備（当事者A）,サイドエアバッグの装備（当事者B）,人身損傷程度（当事者A）,人身損傷程度（当事者B）,lat,lon,曜日(発生年月日),祝日(発生年月日),認知機能検査経過日数（当事者A）,認知機能検査経過日数（当事者B）,運転練習の方法（当事者A）,運転練習の方法（当事者B）
1,30,438,76,2,0,1,20120,0,104,2023,4,15,19,10,21,5,9,18,14,3,1,2,1,1,9,22,0,0,18,9,30,70,1,2,1,55,25,13,61,31,0,11,0,1,0,11,0,2,0,10,0,3,0,2,0,2,0,4,2,35.69007722222222,139.71541416666665,7,3,9999,0,9,0
1,30,438,78,2,0,1,30000,0,104,2023,4,18,3,42,22,5,5,18,16,1,1,1,7,7,0,0,0,0,1,9,1,70,5,3,1,65,45,3,61,1,0,1,0,1,0,11,0,10,0,40,0,4,0,2,0,2,0,4,2,35.69161944444444,139.7068175,3,3,9999,0,9,0
1,30,438,85,2,0,1,20090,0,104,2023,4,25,18,30,21,4,57,18,22,1,1,1,14,7,0,0,0,0,3,8,1,70,4,2,1,35,25,51,61,41,0,0,0,0,0,0,0,0,0,10,0,4,0,0,0,0,0,4,2,35.68082694444444,139.7268725,3,3,0,0,0,0
1,30,439,64,2,0,1,20280,0,114,2023,4,3,16,33,12,5,26,18,4,1,1,1,14,7,0,0,0,0,4,9,1,70,4,1,1,35,75,31,61,31,0,0,0,0,0,11,0,3,0,10,0,4,0,0,0,0,0,4,2,35.68509083333333,139.66916055555555,2,3,9999,0,1,0
1,30,439,70,2,0,1,10240,0,114,2023,4,11,12,0,12,5,15,18,10,1,1,1,1,1,8,22,0,0,11,8,30,70,4,1,1,25,65,51,61,41,0,0,0,0,0,0,0,0,0,10,0,4,0,0,0,0,0,4,2,35.6907,139.66703027777777,3,3,0,0,0,0
1,30,439,79,2,0,1,10240,0,114,2023,4,18,11,15,12,5,5,18,16,1,1,1,14,1,0,0,0,0,5,8,1,70,1,2,1,75,75,3,61,31,0,1,0,1,0,11,0,5,0,30,0,4,0,2,0,2,0,4,2,35.69672222222222,139.68474138888888,3,3,965,0,9,0
1,30,439,87,2,0,1,30000,0,114,2023,4,28,22,0,22,4,53,18,25,1,1,1,1,7,9,22,0,0,11,9,30,70,5,3,1,65,25,3,61,1,0,1,0,1,0,11,0,5,0,10,0,4,0,2,0,2,0,4,2,35.69731861111111,139.679265,6,2,9999,0,9,0
1,30,439,88,2,0,1,30000,0,114,2023,4,29,12,15,12,4,52,18,25,1,1,1,14,7,0,0,0,0,1,9,1,1,5,2,1,45,1,3,61,31,0,1,0,1,0,11,0,2,0,10,0,4,0,2,0,2,0,4,2,35.685563888888886,139.66710999999998,7,1,9999,0,1,0
1,30,439,90,2,0,1,30000,0,114,2023,4,7,17,0,12,5,20,18,7,2,1,2,1,7,9,22,0,0,11,9,30,70,5,4,1,65,25,51,61,41,0,0,0,0,0,0,0,0,0,10,0,3,0,0,0,0,0,4,2,35.7062575,139.67868944444444,6,3,0,0,0,0
1,30,440,74,2,0,1,30000,0,114,2023,4,2,10,30,12,5,27,18,3,2,1,1,14,7,0,0,0,0,2,9,1,70,5,4,1,55,45,3,61,1,0,1,0,1,0,11,0,10,0,10,0,4,0,2,0,2,0,4,2,35.719528333333336,139.6649277777778,1,3,9999,0,9,0
1,30,440,79,2,0,1,30000,0,114,2023,4,5,20,45,22,5,23,18,5,1,1,1,14,7,0,0,0,0,2,9,1,70,5,4,1,65,45,3,61,31,0,1,0,1,0,11,0,10,0,80,0,3,0,2,0,2,0,4,2,35.729396944444446,139.6321861111111,4,3,9999,0,9,0
1,30,440,86,2,0,1,20500,0,114,2023,3,18,10,43,12,5,49,17,51,3,1,2,1,1,9,22,0,0,15,9,30,70,5,2,1,35,25,51,61,41,0,0,0,0,0,0,0,0,0,20,0,4,0,0,0,0,0,4,2,35.7264575,139.6386636111111,7,3,0,0,0,0
1,30,440,92,2,0,1,30000,0,114,2023,4,19,8,30,12,5,4,18,17,1,1,1,14,7,0,0,0,0,2,9,1,70,5,3,1,65,35,51,61,41,0,0,0,0,0,0,0,0,0,10,0,4,0,0,0,0,0,2,4,35.71991722222222,139.66239444444446,4,3,0,0,0,0
1,30,440,101,2,0,1,30000,0,114,2023,4,25,16,5,12,4,57,18,22,2,1,1,14,7,0,0,0,0,1,9,1,70,5,2,1,75,0,61,0,0,0,0,0,0,0,0,0,0,0,0,0,0,0,0,0,0,0,2,0,35.72510805555556,139.64103388888887,3,3,0,0,0,0
1,30,440,104,2,0,1,30000,0,114,2023,4,27,14,10,12,4,54,18,24,1,1,1,1,1,9,22,0,0,15,9,30,70,4,2,1,75,25,3,61,31,0,1,0,1,0,11,0,3,0,10,0,3,0,2,0,2,0,4,2,35.708353888888894,139.66023305555555,5,3,741,0,9,0
1,30,441,78,2,0,1,30000,0,115,2023,4,4,14,55,12,5,24,18,5,1,1,1,14,7,0,0,0,0,2,9,1,70,5,3,1,65,75,14,61,31,0,11,0,1,0,11,0,1,0,10,0,4,0,2,0,2,0,4,2,35.70751722222222,139.64961666666665,3,3,9999,0,9,0
1,30,441,83,2,0,1,30000,0,115,2023,4,10,8,56,12,5,16,18,10,1,1,1,1,7,1,21,0,0,11,9,30,70,5,3,1,55,75,13,61,31,0,11,0,1,0,11,0,2,0,20,0,4,0,2,0,2,0,4,2,35.69132055555555,139.6414822222222,2,3,9999,0,1,0
1,30,441,89,2,0,1,30000,0,115,2023,4,19,3,5,22,5,4,18,17,1,1,1,1,7,9,22,0,0,11,9,30,70,5,4,1,65,35,3,61,1,0,1,0,1,0,11,0,10,0,10,0,3,0,2,0,2,0,4,2,35.702517500000006,139.62998472222222,4,3,9999,0,5,0
1,30,441,99,2,0,1,20500,0,115,2023,3,22,11,45,12,5,43,17,54,1,1,1,14,7,0,0,0,0,3,9,1,70,4,2,1,55,45,51,61,41,0,0,0,0,0,0,0,0,0,10,0,3,0,0,0,0,0,4,2,35.70364055555556,139.63659416666667,4,3,0,0,0,0
1,30,442,86,1,1,0,10130,0,115,2023,4,14,20,22,22,5,11,18,13,1,1,1,14,7,0,0,0,0,6,9,1,70,1,1,1,35,65,17,61,1,0,11,0,2,0,11,0,4,0,50,0,3,0,2,0,2,0,4,1,35.684691666666666,139.65660222222223,6,3,9999,0,1,0
1,30,442,87,2,0,1,200,173,115,2023,1,10,17,32,21,6,51,16,46,1,1,1,1,1,0,0,0,0,14,9,30,70,1,2,1,1,0,61,0,0,0,0,0,0,0,0,0,0,0,0,0,0,0,0,0,0,0,2,0,35.67248444444444,139.61073333333331,3,3,0,0,0,0
1,30,442,94,2,0,1,20270,0,115,2023,4,14,6,55,12,5,11,18,13,1,1,1,1,7,1,21,0,0,18,9,30,70,4,2,1,55,45,3,61,31,0,1,0,1,0,11,0,5,0,80,0,3,0,2,0,2,0,4,2,35.68072972222222,139.63507888888887,6,3,9999,0,9,0
1,30,442,103,2,0,1,30000,0,115,2023,4,10,18,25,21,5,16,18,10,1,1,1,14,7,0,0,0,0,2,9,1,70,5,4,1,45,55,51,61,41,0,0,0,0,0,0,0,0,0,10,0,4,0,0,0,0,0,4,2,35.686389166666665,139.5969838888889,2,3,0,0,0,0
1,30,442,108,2,0,1,30000,0,115,2023,1,24,18,15,22,6,47,17,0,2,1,1,14,7,0,0,0,0,3,9,1,70,4,2,1,25,1,36,61,31,0,0,0,0,0,11,0,10,0,10,0,3,0,0,0,0,0,4,2,35.68363722222222,139.6316013888889,3,3,9999,0,1,0
1,30,443,79,2,0,1,10220,0,115,2023,4,12,22,50,22,5,13,18,11,1,1,1,14,7,0,0,0,0,4,9,1,70,4,1,1,65,45,3,61,1,0,1,0,1,0,11,0,3,0,80,0,3,0,2,0,2,0,4,2,35.71449194444445,139.63354777777778,4,3,9999,0,9,0
1,30,443,81,2,0,1,30000,0,115,2023,4,6,8,20,12,5,22,18,6,3,1,2,1,7,9,22,0,0,15,9,30,70,4,1,1,55,1,17,61,31,0,11,0,1,0,11,0,2,0,80,0,3,0,2,0,2,0,4,2,35.71798722222223,139.61088805555556,5,3,9999,0,9,0
1,30,443,84,2,0,1,30000,0,115,2023,4,19,7,30,12,5,4,18,17,1,1,1,14,7,0,0,0,0,2,9,1,70,5,3,1,55,55,51,61,41,0,0,0,0,0,0,0,0,0,10,0,3,0,0,0,0,0,4,2,35.715007222222226,139.6220111111111,4,3,0,0,0,0
1,30,443,88,2,0,1,30000,0,115,2023,4,7,20,30,22,5,20,18,7,3,1,2,7,7,0,0,0,0,3,9,1,70,5,3,1,55,1,4,61,31,0,1,0,1,0,11,0,10,0,40,0,4,0,2,0,2,0,4,2,35.71677861111111,139.6134888888889,6,3,9999,0,9,0
1,30,443,90,2,0,1,10240,0,115,2023,4,25,10,5,12,4,57,18,22,1,1,1,1,1,9,22,0,0,18,9,30,70,4,3,1,35,35,14,61,31,0,11,0,1,0,11,0,5,0,10,0,3,0,2,0,2,0,4,2,35.70992583333334,139.61156444444444,3,3,9999,0,1,0
1,30,443,94,2,0,1,10200,0,115,2023,4,27,10,30,12,4,54,18,24,1,1,1,1,1,9,22,0,0,18,9,30,70,1,1,1,35,75,3,61,31,0,1,0,1,0,11,0,5,0,10,0,3,0,2,0,2,0,4,2,35.71500777777778,139.61449861111112,5,3,9999,0,5,0
1,30,443,95,2,0,1,30000,0,115,2023,4,27,11,45,12,4,54,18,24,1,1,1,1,2,1,21,0,0,14,9,30,70,5,3,1,45,65,4,61,31,0,1,0,1,0,11,0,2,0,10,0,3,0,2,0,2,0,4,2,35.70947916666667,139.61866833333335,5,3,9999,0,5,0
1,30,545,24,2,0,1,30000,0,105,2023,3,24,21,39,22,5,40,17,56,3,1,2,1,1,9,22,0,0,14,9,30,70,4,2,1,65,55,3,61,1,0,1,0,1,0,11,0,2,0,20,0,3,0,2,0,2,0,4,2,35.70484472222223,139.7462225,6,3,9999,0,9,0
1,30,546,21,2,0,1,2540,37,105,2023,3,16,8,20,12,5,51,17,49,1,1,1,1,1,9,22,0,0,19,9,30,70,4,1,1,45,25,51,61,41,0,0,0,0,0,0,0,0,0,0,0,4,0,0,0,0,0,4,2,35.72593888888889,139.72993305555556,5,3,0,0,0,0
1,30,546,24,2,0,1,2540,0,105,2023,4,17,8,20,12,5,7,18,15,1,1,1,1,1,9,22,0,0,15,9,30,70,4,2,1,35,55,36,61,31,0,0,0,0,0,11,0,2,0,10,0,4,0,0,0,0,0,4,2,35.72571805555556,139.73004722222223,2,3,9999,0,1,0
1,30,547,34,2,0,1,20390,0,105,2023,4,12,22,20,22,5,13,18,11,2,1,1,14,7,0,0,0,0,3,9,1,70,4,1,1,55,35,3,61,1,0,1,0,1,0,11,0,3,0,52,0,4,0,2,0,2,0,4,2,35.70806555555556,139.77210055555557,4,3,9999,0,9,0
1,30,548,18,2,0,1,21160,0,105,2023,4,3,10,15,12,5,26,18,4,1,1,1,1,7,9,22,0,0,11,9,30,70,4,3,1,45,75,36,61,31,0,0,0,0,0,11,0,2,0,10,0,2,0,0,0,0,0,4,2,35.725100000000005,139.76058972222222,2,3,9999,0,5,0
1,30,548,19,2,0,1,20370,0,105,2023,4,5,9,50,12,5,23,18,5,1,1,1,14,7,0,0,0,0,1,9,1,70,4,2,1,25,75,51,61,41,0,0,0,0,0,0,0,0,0,40,0,4,0,0,0,0,0,4,2,35.722257500000005,139.76238083333334,4,3,0,0,0,0
1,30,548,20,2,0,1,20370,0,105,2023,3,29,19,54,22,5,33,18,0,3,1,2,1,7,1,21,0,0,18,9,30,70,4,2,1,1,45,13,61,31,0,11,0,1,0,11,0,10,0,10,0,4,0,2,0,2,0,4,2,35.731834166666665,139.75896166666666,4,3,9999,0,1,0
1,30,548,21,2,0,1,20400,0,105,2023,3,17,20,46,22,5,50,17,50,3,1,2,1,1,9,22,0,0,17,9,30,70,1,1,1,55,55,3,61,1,0,1,0,1,0,11,0,3,0,30,0,4,0,2,0,2,0,4,2,35.724741388888894,139.75364833333333,6,3,9999,0,9,0
1,30,548,23,2,0,1,20370,0,105,2023,4,28,17,50,13,4,53,18,25,1,1,1,14,7,0,0,0,0,4,9,1,70,2,1,1,55,55,52,61,41,0,0,0,0,0,0,0,0,0,40,0,3,0,0,0,0,0,2,4,35.726528055555555,139.76363194444446,6,2,0,0,0,0
1,30,549,35,2,0,1,170,69,116,2023,4,9,18,59,21,5,17,18,9,1,1,1,1,1,9,22,0,0,18,9,30,70,1,1,1,65,75,3,61,31,0,1,0,1,0,11,0,10,0,80,0,3,0,2,0,2,0,4,2,35.73335888888889,139.73877055555553,1,3,9999,0,1,0
1,30,549,38,2,0,1,30000,0,105,2023,4,9,12,15,12,5,17,18,9,1,1,1,14,7,0,0,0,0,2,9,1,70,5,4,1,65,75,3,61,31,0,1,0,1,0,11,0,1,0,10,0,3,0,2,0,2,0,4,2,35.740675,139.74411305555554,1,3,9999,0,9,0
1,30,549,39,2,0,3,170,75,116,2023,4,14,11,9,12,5,11,18,13,1,1,1,1,1,9,22,0,0,17,9,30,70,5,1,1,45,65,1,61,1,0,1,0,1,0,11,0,5,0,10,0,3,0,2,0,2,0,4,2,35.73824055555556,139.73378055555554,6,3,9999,0,5,0
1,30,549,46,2,0,1,30000,0,116,2023,4,11,7,50,12,5,15,18,10,1,1,1,14,7,0,0,0,0,1,9,1,70,5,4,1,1,55,51,61,41,0,0,0,0,0,0,0,0,0,10,0,4,0,0,0,0,0,4,2,35.73925722222222,139.73762666666664,3,3,0,0,0,0
1,30,549,48,2,0,1,170,74,116,2023,4,27,19,22,21,4,54,18,24,1,1,1,1,7,1,21,0,0,17,9,30,70,4,2,1,35,1,14,61,1,0,11,0,1,0,11,0,5,0,10,0,3,0,2,0,2,0,4,2,35.737275833333335,139.73449277777777,5,3,9999,0,1,0
1,30,550,59,2,0,1,30770,0,116,2023,4,15,15,40,12,5,9,18,14,3,1,2,7,7,0,0,0,0,5,9,1,70,1,2,1,45,35,52,61,41,0,0,0,0,0,0,0,0,0,12,0,3,0,0,0,0,0,4,2,35.73558833333333,139.7095525,7,3,0,0,0,0
1,30,550,64,2,0,1,30000,0,116,2023,4,19,14,55,12,5,4,18,17,1,1,1,14,7,0,0,0,0,3,9,1,70,5,3,1,75,25,14,61,31,0,11,0,1,0,11,0,10,0,50,0,4,0,2,0,2,0,4,2,35.733493055555556,139.71169638888887,4,3,835,0,1,0
1,30,550,68,2,0,1,30000,0,116,2023,4,23,18,30,21,4,59,18,20,1,1,1,1,7,1,21,0,0,15,9,30,70,4,2,1,25,35,3,61,31,0,1,0,1,0,11,0,2,0,12,0,3,0,2,0,2,0,4,2,35.732295,139.71605749999998,1,3,9999,0,1,0
1,30,550,70,2,0,1,30000,0,116,2023,4,27,18,0,13,4,54,18,24,1,1,1,1,7,9,22,0,0,11,9,30,70,4,2,1,25,35,3,61,31,0,1,0,1,0,11,0,5,0,18,0,3,0,2,0,2,0,4,2,35.731660833333336,139.7107763888889,5,3,9999,0,1,0
1,30,550,71,2,0,1,30000,0,116,2023,1,23,14,47,12,6,47,16,59,2,1,1,14,7,0,0,0,0,4,8,1,70,5,2,1,65,35,3,61,31,0,1,0,2,0,11,0,2,0,41,0,3,0,2,0,1,0,4,2,35.73056277777778,139.70995472222222,2,3,9999,0,9,0
1,30,553,52,2,0,1,30000,0,117,2023,4,10,16,35,12,5,16,18,10,1,1,1,1,7,9,22,0,0,15,9,30,70,4,2,1,35,75,51,61,41,0,0,0,0,0,0,0,0,0,40,0,4,0,0,0,0,0,4,2,35.75794888888889,139.72905583333335,2,3,0,0,0,0
1,30,553,56,2,0,1,30000,0,117,2023,4,7,22,10,22,5,20,18,7,3,1,2,1,1,9,22,0,0,15,9,30,70,5,2,1,65,1,3,61,1,0,1,0,1,0,11,0,2,0,10,0,3,0,2,0,2,0,4,2,35.762005555555554,139.72607527777777,6,3,9999,0,9,0
1,30,553,60,2,0,1,10090,0,117,2023,4,23,23,5,22,4,59,18,20,1,1,1,7,7,0,0,0,0,5,9,1,70,4,1,1,55,75,3,61,31,0,1,0,1,0,11,0,4,0,10,0,3,0,2,0,2,0,4,2,35.753704722222224,139.74445027777776,1,3,9999,0,9,0
1,30,554,64,2,0,1,30000,0,117,2023,4,10,14,40,12,5,16,18,10,1,1,1,1,1,9,22,0,0,15,9,30,70,5,2,1,45,25,3,61,31,0,1,0,1,0,11,0,3,0,10,0,3,0,2,0,2,0,4,2,35.77455194444445,139.72376583333335,2,3,9999,0,9,0
1,30,554,65,2,0,1,1220,0,117,2023,4,10,14,45,12,5,16,18,10,1,1,1,14,7,0,0,0,0,6,9,1,70,1,2,1,35,35,51,61,41,0,0,0,0,0,0,0,0,0,10,0,3,0,0,0,0,0,4,2,35.784503888888885,139.72094916666666,2,3,0,0,0,0
1,30,554,67,2,0,1,95000,0,117,2023,4,11,13,15,12,5,15,18,10,1,1,1,14,7,0,0,0,0,5,9,1,70,1,1,1,35,75,3,61,31,0,1,0,1,0,11,0,5,0,30,0,4,0,2,0,2,0,4,2,35.78277638888889,139.72481472222222,3,3,9999,0,5,0
1,30,554,70,2,0,1,20000,0,117,2023,4,15,11,15,12,5,9,18,14,3,1,2,1,1,9,22,0,0,15,9,30,70,5,1,1,65,75,17,61,31,0,11,0,2,0,11,0,3,0,10,0,3,0,2,0,2,0,4,2,35.77510083333333,139.7046022222222,7,3,9999,0,9,0
1,30,554,73,2,0,1,30000,0,117,2023,4,19,19,5,21,5,4,18,17,1,1,1,14,7,0,0,0,0,4,9,1,70,4,2,1,45,1,3,61,31,0,1,0,1,0,11,0,3,0,10,0,4,0,2,0,2,0,4,2,35.78899583333333,139.70438305555555,4,3,9999,0,9,0
1,30,554,74,2,0,1,99000,0,117,2023,4,17,8,35,12,5,7,18,15,1,1,1,0,7,0,0,0,0,0,0,20,70,0,1,1,35,45,4,61,31,0,1,0,1,0,11,0,1,0,80,0,4,0,2,0,2,0,4,2,35.7851925,139.6989125,2,3,9999,0,5,0
1,30,554,79,2,0,1,30000,0,117,2023,4,21,12,47,12,5,2,18,19,1,1,1,14,7,0,0,0,0,3,9,1,70,5,2,1,75,35,52,61,41,0,0,0,0,0,0,0,0,0,10,0,4,0,0,0,0,0,4,2,35.77913777777778,139.72036555555556,6,3,0,0,0,0
1,30,555,105,2,0,1,30000,0,119,2023,4,6,9,20,12,5,22,18,6,1,1,1,14,7,0,0,0,0,1,9,1,70,5,3,1,55,25,2,61,31,0,1,0,1,0,11,0,1,0,30,0,3,0,2,0,2,0,4,2,35.75459277777778,139.69681833333334,5,3,9999,0,9,0
1,30,555,107,2,0,1,30000,0,119,2023,4,7,22,0,22,5,20,18,7,3,1,2,1,1,9,22,0,0,11,9,30,70,4,2,1,55,1,3,61,1,0,1,0,1,0,11,0,5,0,10,0,3,0,2,0,2,0,4,2,35.75340111111111,139.70097916666666,6,3,9999,0,9,0
1,30,555,112,2,0,1,170,105,119,2023,3,19,20,28,22,5,47,17,51,1,1,1,14,7,0,0,0,0,1,9,1,70,1,1,1,1,65,52,61,41,0,0,0,0,0,0,0,0,0,40,0,3,0,0,0,0,0,4,2,35.751911944444444,139.70979555555553,1,3,0,0,0,0
1,30,555,114,2,0,1,30000,0,119,2023,3,30,21,48,22,5,31,18,1,1,1,1,1,1,9,22,0,0,15,9,30,70,5,3,1,1,35,51,61,41,0,0,0,0,0,0,0,0,0,10,0,3,0,0,0,0,0,4,2,35.761795,139.67510277777777,5,3,0,0,0,0
1,30,555,127,2,0,1,10130,0,119,2023,4,26,8,31,12,4,56,18,23,3,1,2,1,1,9,22,0,0,15,9,30,70,4,1,1,1,55,3,61,31,0,1,0,1,0,11,0,5,0,10,0,4,0,2,0,2,0,4,2,35.75270888888889,139.68478972222223,4,3,9999,0,1,0
1,30,556,82,2,0,1,30000,0,119,2023,4,4,17,30,13,5,24,18,5,1,1,2,14,7,0,0,0,0,2,9,1,70,5,3,1,45,75,51,61,41,0,0,0,0,0,0,0,0,0,10,0,4,0,0,0,0,0,4,2,35.777433055555555,139.68465194444445,3,3,0,0,0,0
1,30,556,92,2,0,1,30000,0,119,2023,4,21,10,15,12,5,2,18,19,1,1,1,1,1,9,22,0,0,15,9,30,70,4,1,1,75,75,3,61,31,0,1,0,1,0,11,0,2,0,40,0,4,0,2,0,2,0,4,2,35.77255833333333,139.668895,6,3,60,0,3,0
1,30,556,96,2,0,1,30000,0,119,2023,4,25,19,40,22,4,57,18,22,2,1,1,1,1,9,22,0,0,15,9,30,70,4,2,1,45,65,3,61,31,0,1,0,1,0,11,0,2,0,10,0,3,0,2,0,2,0,4,2,35.7896425,139.67865833333332,3,3,9999,0,9,0
1,30,557,75,2,0,1,30000,0,120,2023,4,5,9,2,12,5,23,18,5,1,1,1,1,7,9,22,0,0,11,9,30,70,5,3,1,75,65,14,61,1,0,11,0,1,0,11,0,1,0,20,0,4,0,2,0,2,0,4,2,35.74193861111111,139.62725527777778,4,3,156,0,9,0
1,30,557,78,2,0,1,30000,0,120,2023,4,14,10,58,12,5,11,18,13,1,1,1,14,7,0,0,0,0,2,9,1,70,5,2,1,25,75,17,61,31,0,11,0,1,0,11,0,10,0,30,0,4,0,2,0,2,0,4,2,35.73763638888889,139.65139583333334,6,3,9999,0,5,0
1,30,557,82,2,0,1,30000,0,120,2023,4,20,8,15,12,5,3,18,18,1,1,1,1,7,9,22,0,0,14,9,30,70,5,3,1,45,65,51,61,41,0,0,0,0,0,0,0,0,0,10,0,3,0,0,0,0,0,4,2,35.73115111111111,139.64344749999998,5,3,0,0,0,0
1,30,557,89,2,0,1,30000,0,120,2023,4,20,7,45,12,5,3,18,18,1,1,1,14,7,0,0,0,0,3,9,1,70,5,3,1,55,25,4,61,31,0,1,0,1,0,11,0,5,0,10,0,3,0,2,0,2,0,4,2,35.73124694444444,139.65509694444444,5,3,9999,0,9,0
1,30,557,90,2,0,1,30000,0,120,2023,4,30,18,49,21,4,51,18,26,2,1,1,1,1,9,22,0,0,15,9,30,70,4,2,1,65,45,3,61,31,0,1,0,1,0,11,0,2,0,20,0,3,0,2,0,2,0,4,2,35.73227583333333,139.65661527777777,1,3,9999,0,4,0
1,30,558,97,2,0,1,30000,0,120,2023,3,18,11,55,12,5,49,17,51,3,1,2,13,7,0,0,0,0,3,6,1,70,5,3,1,45,75,3,61,31,0,1,0,1,0,11,0,2,0,42,0,3,0,2,0,2,0,4,2,35.75387694444444,139.58115555555554,7,3,9999,0,5,0
1,30,558,104,2,0,1,10320,0,120,2023,4,9,9,35,12,5,17,18,9,1,1,1,1,1,9,22,0,0,15,9,30,70,5,1,1,65,1,3,61,31,0,1,0,1,0,11,0,2,0,10,0,3,0,2,0,2,0,4,2,35.745365,139.6080372222222,1,3,9999,0,9,0
1,30,558,115,2,0,1,30000,0,120,2023,1,20,8,30,12,6,49,16,55,1,1,1,1,7,0,0,0,0,15,9,30,70,5,1,1,55,0,61,0,0,0,0,0,0,0,0,0,0,0,0,0,0,0,0,0,0,0,2,0,35.7445625,139.60372416666667,6,3,0,0,0,0
1,30,560,80,2,0,1,30000,0,120,2023,4,4,10,3,12,5,24,18,5,1,1,1,12,7,0,0,0,0,1,7,1,70,5,4,1,55,75,51,61,41,0,0,0,0,0,0,0,0,0,20,0,3,0,0,0,0,0,4,2,35.761000833333334,139.62664972222223,3,3,0,0,0,0
1,30,560,90,2,0,1,30000,0,120,2023,3,31,15,0,12,5,30,18,1,1,1,1,14,7,0,0,0,0,4,9,1,70,5,1,1,1,1,51,61,41,0,0,0,0,0,0,0,0,0,10,0,3,0,0,0,0,0,4,2,35.75365333333333,139.62164305555555,6,3,0,0,0,0
1,30,560,91,2,0,1,30000,0,120,2023,4,11,8,0,12,5,15,18,10,1,1,1,14,7,0,0,0,0,5,9,1,70,5,4,1,45,25,51,61,41,0,0,0,0,0,0,0,0,0,40,0,4,0,0,0,0,0,4,2,35.75993416666667,139.6289075,3,3,0,0,0,0
1,30,660,48,2,0,1,20370,0,106,2022,11,30,8,21,12,6,31,16,28,1,1,1,1,1,9,22,0,0,18,9,30,70,4,2,1,45,45,51,61,41,0,0,0,0,0,0,0,0,0,10,0,4,0,0,0,0,0,4,2,35.70914555555556,139.76985083333335,4,3,0,0,0,0
1,30,660,51,2,0,1,20070,0,106,2023,4,6,22,30,22,5,22,18,6,1,1,1,14,7,0,0,0,0,6,9,1,70,4,1,1,45,45,59,61,0,0,0,0,0,0,0,0,0,0,50,0,4,0,0,0,0,0,4,2,35.70913,139.7731613888889,5,3,0,0,0,0
1,30,660,58,2,0,2,30000,0,106,2023,4,24,17,25,13,4,58,18,21,2,1,1,14,7,0,0,0,0,2,9,1,70,5,4,1,25,25,51,61,41,0,0,0,0,0,0,0,0,0,10,0,4,0,0,0,0,0,4,2,35.702976944444444,139.77374166666667,2,3,0,0,0,0
1,30,661,38,2,0,1,30000,0,106,2023,4,20,8,44,12,5,3,18,18,1,1,1,1,1,9,22,0,0,18,9,30,70,5,1,1,1,25,51,61,41,0,0,0,0,0,0,0,0,0,10,0,4,0,0,0,0,0,4,2,35.72612138888889,139.79579638888887,5,3,0,0,0,0
1,30,661,45,2,0,1,40,58,106,2023,3,18,7,23,12,5,49,17,51,3,1,2,14,7,0,0,0,0,5,9,1,70,4,2,1,35,45,51,61,41,0,0,0,0,0,0,0,0,0,10,0,3,0,0,0,0,0,4,2,35.7307275,139.79216,7,3,0,0,0,0
1,30,662,60,2,0,1,30480,0,106,2023,4,7,18,30,21,5,20,18,7,3,1,2,1,3,9,22,0,0,14,9,30,70,4,3,1,25,35,51,61,41,0,0,0,0,0,0,0,0,0,10,0,4,0,0,0,0,0,4,2,35.71342305555556,139.79795222222222,6,3,0,0,0,0
1,30,662,62,2,0,1,20000,0,106,2023,4,17,14,27,12,5,7,18,15,1,1,1,1,1,9,22,0,0,18,9,30,70,5,1,1,75,65,4,61,31,0,1,0,1,0,11,0,3,0,10,0,3,0,2,0,2,0,4,2,35.72296888888889,139.79872472222223,2,3,853,0,9,0
1,30,662,66,2,0,1,30000,0,106,2023,4,28,13,55,12,4,53,18,25,1,1,1,14,7,0,0,0,0,2,9,1,70,5,4,1,45,75,13,61,1,0,11,0,2,0,11,0,10,0,40,0,3,0,2,0,2,0,4,2,35.727022777777776,139.8002502777778,6,2,9999,0,9,0
1,30,662,67,2,0,1,30000,0,106,2023,4,29,13,40,12,4,52,18,25,1,1,1,7,7,0,0,0,0,4,9,1,70,4,3,1,65,1,3,61,1,0,1,0,1,0,11,0,2,0,20,0,3,0,2,0,2,0,4,2,35.724473611111115,139.7953447222222,7,1,9999,0,9,0
1,30,663,46,2,0,1,20530,0,106,2023,4,5,16,13,12,5,23,18,5,1,1,1,1,1,9,22,0,0,15,9,30,70,4,2,1,55,65,3,61,1,0,1,0,1,0,11,0,2,0,10,0,3,0,2,0,2,0,4,2,35.70914472222223,139.79420055555556,4,3,9999,0,9,0
1,30,663,58,2,0,1,30000,0,106,2023,4,25,20,40,22,4,57,18,22,2,1,3,14,7,0,0,0,0,3,9,1,70,5,3,1,75,65,3,61,31,0,1,0,1,0,11,0,2,0,10,0,3,0,2,0,2,0,4,2,35.697381944444444,139.7859838888889,3,3,263,0,9,0