資料区分,都道府県コード,警察署等コード,本票番号,事故内容,死者数,負傷者数,路線コード,地点コード,市区町村コード,発生日時　　年,発生日時　　月,発生日時　　日,発生日時　　時,発生日時　　分,昼夜,日の出時刻　　時,日の出時刻　　分,日の入り時刻　　時,日の入り時刻　　分,天候,地形,路面状態,道路形状,信号機,一時停止規制　標識（当事者A）,一時停止規制　表示（当事者A）,一時停止規制　標識（当事者B）,一時停止規制　表示（当事者B）,車道幅員,道路線形,衝突地点,ゾーン規制,中央分離帯施設等,歩車道区分,事故類型,年齢（当事者A）,年齢（当事者B）,当事者種別（当事者A）,当事者種別（当事者B）,用途別（当事者A）,用途別（当事者B）,車両形状等（当事者A）,車両形状等（当事者B）,オートマチック車（当事者A）,オートマチック車（当事者B）,サポカー（当事者A）,サポカー（当事者B）,速度規制（指定のみ）（当事者A）,速度規制（指定のみ）（当事者B）,車両の衝突部位（当事者A）,車両の衝突部位（当事者B）,車両の損壊程度（当事者A）,車両の損壊程度（当事者B）,エアバッグの装備（当事者A）,エアバッグの装備（当事者B）,サイドエアバッグの装備（当事者A）,サイドエアバッグの装備（当事者B）,人身損傷程度（当事者A）,人身損傷程度（当事者B）,lat,lon,曜日(発生年月日),祝日(発生年月日),認知機能検査経過日数（当事者A）,認知機能検査経過日数（当事者B）,運転練習の方法（当事者A）,運転練習の方法（当事者B）
1,30,663,59,2,0,1,60,26,106,2023,4,26,4,35,23,4,56,18,23,2,1,2,1,1,9,22,0,0,19,9,30,70,1,1,1,25,25,13,61,31,0,11,0,1,0,11,0,4,0,10,0,2,0,2,0,2,0,4,2,35.70163083333333,139.78942055555555,4,3,9999,0,1,0
1,30,663,62,2,0,1,30000,0,106,2023,4,30,17,5,12,4,51,18,26,2,1,1,14,7,0,0,0,0,3,9,1,70,5,2,1,45,45,51,61,41,0,0,0,0,0,0,0,0,0,10,0,4,0,0,0,0,0,4,2,35.704573333333336,139.78476805555556,1,3,0,0,0,0
1,30,664,25,2,0,1,21060,0,118,2023,4,10,22,15,22,5,16,18,10,1,1,1,1,7,1,21,0,0,14,9,30,70,5,2,1,35,75,51,61,41,0,0,0,0,0,0,0,0,0,10,0,4,0,0,0,0,0,4,2,35.74540694444445,139.77417861111113,2,3,0,0,0,0
1,30,665,27,2,0,1,30000,0,118,2023,4,6,17,30,13,5,22,18,6,1,1,1,1,7,9,22,0,0,15,9,30,70,5,2,1,55,1,13,61,31,0,11,0,1,0,11,0,3,0,10,0,4,0,2,0,2,0,4,2,35.734210555555556,139.79997333333333,5,3,9999,0,9,0
1,30,665,32,2,0,1,30940,0,118,2023,4,19,16,45,12,5,4,18,17,1,1,1,14,7,0,0,0,0,3,9,1,70,4,2,1,1,45,51,61,41,0,0,0,0,0,0,0,0,0,40,0,3,0,0,0,0,0,2,4,35.7381875,139.80301555555556,4,3,0,0,0,0
1,30,666,33,2,0,1,30000,0,118,2023,4,5,15,27,12,5,23,18,5,1,1,1,14,7,0,0,0,0,3,9,1,70,4,3,1,45,75,36,61,31,0,0,0,0,0,11,0,2,0,10,0,3,0,0,0,0,0,4,2,35.743096944444446,139.78314833333334,4,3,9999,0,5,0
1,30,666,35,2,0,1,30000,0,118,2023,4,12,15,15,12,5,13,18,11,1,1,1,14,7,0,0,0,0,1,9,1,70,5,3,1,45,75,4,61,31,0,1,0,1,0,11,0,10,0,40,0,4,0,2,0,2,0,4,2,35.73415666666667,139.78081472222223,4,3,9999,0,1,0
1,30,667,29,2,0,1,40,74,121,2023,4,15,19,10,21,5,9,18,14,3,1,2,1,1,9,22,0,0,18,9,30,70,1,1,1,65,75,3,61,1,0,1,0,1,0,11,0,1,0,10,0,3,0,2,0,2,0,4,2,35.74418416666667,139.7977872222222,7,3,9999,0,9,0
1,30,667,30,2,0,1,40,74,121,2023,4,19,15,0,12,5,4,18,17,1,1,1,1,1,9,22,0,0,18,9,30,70,1,1,1,35,75,3,61,31,0,1,0,1,0,11,0,5,0,10,0,3,0,2,0,2,0,4,2,35.74417833333334,139.7978225,4,3,9999,0,5,0
1,30,668,153,2,0,1,30960,0,121,2023,4,9,14,15,12,5,17,18,9,1,1,1,1,1,9,22,0,0,15,9,30,70,5,2,1,55,75,4,61,31,0,1,0,1,0,11,0,3,0,10,0,3,0,2,0,2,0,4,2,35.78338111111111,139.75598638888889,1,3,9999,0,9,0
1,30,668,156,2,0,1,30000,0,121,2023,4,6,14,40,12,5,22,18,6,1,1,1,1,7,1,21,0,0,17,9,30,70,1,1,1,45,35,3,61,31,0,1,0,1,0,11,0,5,0,10,0,3,0,2,0,2,0,4,2,35.781771388888885,139.77022805555558,5,3,9999,0,1,0
1,30,668,170,2,0,1,30000,0,121,2023,4,17,11,5,12,5,7,18,15,1,1,1,14,7,0,0,0,0,3,9,1,70,5,2,1,75,75,51,61,41,0,0,0,0,0,0,0,0,0,10,0,3,0,0,0,0,0,4,2,35.77421361111111,139.79008444444443,2,3,0,0,0,0
1,30,668,172,2,0,1,30790,0,121,2023,4,18,6,2,11,5,5,18,16,1,1,1,1,1,9,22,0,0,15,9,30,70,5,2,1,25,65,51,61,41,0,0,0,0,0,0,0,0,0,0,0,4,0,0,0,0,0,4,2,35.776874444444445,139.78191111111113,3,3,0,0,0,0
1,30,668,179,2,0,1,30000,0,121,2023,4,19,17,5,12,5,4,18,17,1,1,1,14,7,0,0,0,0,3,9,1,70,4,2,1,1,1,51,61,41,0,0,0,0,0,0,0,0,0,40,0,3,0,0,0,0,0,4,2,35.77015222222222,139.77387083333335,4,3,0,0,0,0
1,30,668,187,2,0,1,30000,0,121,2023,4,21,18,35,21,5,2,18,19,1,1,1,1,7,9,22,0,0,11,9,30,70,5,3,1,55,45,4,61,31,0,1,0,1,0,11,0,5,0,10,0,4,0,2,0,2,0,4,2,35.771093888888885,139.7607886111111,6,3,9999,0,9,0
1,30,669,148,1,1,1,10360,0,121,2023,4,16,21,30,22,5,8,18,15,1,1,1,1,1,9,22,0,0,17,9,30,70,5,1,1,25,75,35,61,31,0,0,0,0,0,11,0,3,0,10,0,3,0,0,0,0,0,2,1,35.76231972222222,139.8290763888889,1,3,9999,0,1,0
1,30,669,153,2,0,1,30000,0,121,2023,4,3,18,50,21,5,26,18,4,1,1,1,14,7,0,0,0,0,2,9,1,70,5,2,1,1,75,51,61,41,0,0,0,0,0,0,0,0,0,10,0,3,0,0,0,0,0,4,2,35.79121444444444,139.83634527777778,2,3,0,0,0,0
1,30,669,156,2,0,1,30450,0,121,2023,3,24,22,30,22,5,40,17,56,3,1,2,1,1,9,22,0,0,18,9,30,70,4,2,1,55,45,3,61,31,0,1,0,1,0,11,0,3,0,10,0,4,0,2,0,2,0,4,2,35.795095833333335,139.84007055555557,6,3,9999,0,9,0
1,30,669,176,2,0,1,10130,0,121,2023,4,20,8,25,12,5,3,18,18,1,1,1,14,7,0,0,0,0,2,9,1,70,5,2,1,1,55,51,61,41,0,0,0,0,0,0,0,0,0,10,0,4,0,0,0,0,0,4,2,35.77480416666666,139.84510527777778,5,3,0,0,0,0
1,30,669,183,2,0,1,30000,0,121,2023,4,18,3,25,22,5,5,18,16,1,1,1,14,7,0,0,0,0,4,9,1,70,4,2,1,55,1,14,61,1,0,11,0,1,0,11,0,3,0,10,0,3,0,2,0,2,0,4,2,35.76177888888889,139.8240986111111,3,3,9999,0,9,0
1,30,669,188,2,0,1,30000,0,121,2023,4,29,11,6,12,4,52,18,25,1,1,1,1,7,9,22,0,0,17,9,30,70,5,1,1,45,1,3,61,31,0,1,0,1,0,11,0,10,0,10,0,3,0,2,0,2,0,4,2,35.76024777777778,139.81586611111112,7,1,9999,0,5,0
1,30,669,189,2,0,1,30000,0,121,2023,4,11,22,40,22,5,15,18,10,1,1,1,14,7,0,0,0,0,1,9,1,70,5,3,1,1,65,51,61,41,0,0,0,0,0,0,0,0,0,10,0,4,0,0,0,0,0,4,2,35.77334333333333,139.83878944444444,3,3,0,0,0,0
1,30,670,110,2,0,1,30000,0,121,2023,4,2,9,55,12,5,27,18,3,2,1,1,1,1,9,22,0,0,15,9,30,70,4,2,1,55,75,13,61,31,0,11,0,1,0,11,0,2,0,10,0,3,0,2,0,2,0,4,2,35.79484166666666,139.80681472222224,1,3,9999,0,1,0
1,30,670,117,2,0,1,30000,0,121,2023,4,13,10,10,12,5,12,18,12,1,1,1,1,1,1,22,0,0,11,9,30,70,4,3,1,55,35,4,61,31,0,1,0,1,0,11,0,2,0,10,0,4,0,2,0,2,0,4,2,35.78633833333333,139.82399083333334,5,3,9999,0,9,0
1,30,670,119,2,0,1,30000,0,121,2023,4,13,17,13,13,5,12,18,12,1,1,1,1,1,9,22,0,0,11,9,30,70,4,2,1,35,1,3,61,31,0,1,0,1,0,11,0,2,0,10,0,3,0,2,0,2,0,4,2,35.79819027777778,139.81017972222224,5,3,9999,0,1,0
1,30,670,126,2,0,1,30000,0,121,2023,4,6,23,24,22,5,22,18,6,2,1,1,14,7,0,0,0,0,3,9,1,70,5,3,1,65,0,61,0,0,0,0,0,0,0,0,0,0,0,0,0,0,0,0,0,0,0,2,0,35.81202527777778,139.7691966666667,5,3,0,0,0,0
1,30,670,128,2,0,1,40,128,121,2023,4,21,12,25,12,5,2,18,19,1,1,1,14,7,0,0,0,0,2,9,1,70,5,2,1,25,25,51,61,41,0,0,0,0,0,0,0,0,0,10,0,3,0,0,0,0,0,4,2,35.79066777777778,139.80279555555558,6,3,0,0,0,0
1,30,670,131,2,0,1,30000,0,121,2023,4,19,16,30,12,5,4,18,17,1,1,1,14,7,0,0,0,0,2,9,1,70,5,3,1,65,75,4,61,31,0,1,0,1,0,11,0,10,0,60,0,4,0,2,0,2,0,4,2,35.79197305555555,139.80452361111114,4,3,9999,0,9,0
1,30,670,138,2,0,1,99000,0,121,2023,4,16,11,30,12,5,8,18,15,1,1,1,0,7,0,0,0,0,0,0,20,70,0,4,1,45,75,3,61,31,0,1,0,1,0,11,0,10,0,30,0,3,0,2,0,2,0,4,2,35.79008972222222,139.80787500000002,1,3,9999,0,9,0
1,30,771,124,2,0,1,20690,0,108,2023,4,3,16,20,12,5,26,18,4,1,1,1,7,1,0,0,0,0,5,9,1,70,4,1,1,35,75,51,61,41,0,0,0,0,0,0,0,0,0,20,0,3,0,0,0,0,0,4,2,35.67885083333333,139.81608111111112,2,3,0,0,0,0
1,30,771,130,2,0,1,30000,0,108,2023,3,5,12,10,12,6,7,17,39,1,1,1,7,1,0,0,0,0,1,9,1,70,1,2,1,55,75,51,61,41,0,0,0,0,0,0,0,0,0,40,0,3,0,0,0,0,0,4,2,35.66015861111111,139.7934486111111,1,3,0,0,0,0
1,30,771,131,2,0,1,20680,0,108,2023,3,21,15,21,12,5,44,17,53,2,1,1,14,7,0,0,0,0,3,9,1,70,4,2,1,55,75,3,61,1,0,1,0,1,0,11,0,2,0,0,0,4,0,2,0,2,0,4,2,35.68230277777778,139.79879555555556,3,1,9999,0,9,0
1,30,771,136,2,0,1,30000,0,108,2023,4,12,18,30,21,5,13,18,11,2,1,1,14,7,0,0,0,0,3,9,1,70,5,2,1,45,35,3,61,1,0,1,0,1,0,11,0,5,0,10,0,3,0,2,0,2,0,4,2,35.65347361111111,139.7957975,4,3,9999,0,1,0
1,30,771,138,2,0,1,20690,0,108,2023,4,13,7,55,12,5,12,18,12,1,1,1,14,1,0,0,0,0,4,9,1,70,4,1,1,1,35,51,61,41,0,0,0,0,0,0,0,0,0,10,0,3,0,0,0,0,0,4,2,35.67867611111111,139.81602222222224,5,3,0,0,0,0
1,30,771,143,2,0,1,10350,0,108,2023,1,27,16,30,13,6,45,17,3,3,1,2,14,7,0,0,0,0,6,9,1,70,1,1,1,45,45,51,61,41,0,0,0,0,0,0,0,0,0,40,0,4,0,0,0,0,0,4,2,35.6753925,139.80303055555558,6,3,0,0,0,0
1,30,771,159,2,0,1,30000,0,108,2023,4,3,14,55,12,5,26,18,4,1,1,1,1,1,9,22,0,0,15,9,30,70,5,1,1,45,25,3,61,31,0,1,0,1,0,11,0,2,0,60,0,3,0,2,0,2,0,4,2,35.67304194444444,139.80210222222223,2,3,9999,0,1,0
1,30,771,165,2,0,1,10370,0,108,2023,4,29,16,39,12,4,52,18,25,2,1,1,1,1,9,22,0,0,15,9,30,70,5,2,1,35,1,13,61,31,0,11,0,1,0,11,0,4,0,10,0,3,0,2,0,2,0,4,2,35.66708666666666,139.8051066666667,7,1,9999,0,1,0
1,30,772,134,2,0,1,30000,0,108,2023,4,4,16,45,12,5,24,18,5,1,1,1,14,7,0,0,0,0,1,9,1,70,4,1,1,1,65,13,61,31,0,11,0,1,0,11,0,2,0,10,0,3,0,2,0,2,0,4,2,35.67158277777777,139.84094805555557,3,3,9999,0,1,0
1,30,772,147,2,0,1,10350,0,108,2023,4,20,8,15,12,5,3,18,18,1,1,1,1,1,8,22,0,0,17,9,30,70,4,1,1,1,25,51,61,41,0,0,0,0,0,0,0,0,0,10,0,3,0,0,0,0,0,4,2,35.672508888888885,139.83749694444447,5,3,0,0,0,0
1,30,772,149,2,0,1,30000,0,108,2023,4,22,15,30,12,5,0,18,20,2,1,1,1,7,1,22,0,0,11,9,30,70,5,4,1,75,45,36,61,31,0,0,0,0,0,11,0,10,0,10,0,4,0,0,0,0,0,4,2,35.67991527777777,139.83290499999998,7,3,654,0,9,0
1,30,772,158,2,0,1,10090,0,108,2023,4,19,9,20,12,5,4,18,17,1,1,1,14,7,0,0,0,0,5,9,1,70,4,2,1,25,55,51,61,41,0,0,0,0,0,0,0,0,0,10,0,3,0,0,0,0,0,4,2,35.67656472222222,139.82691305555556,4,3,0,0,0,0
1,30,773,90,2,0,1,20000,0,107,2023,4,4,11,10,12,5,24,18,5,1,1,1,14,7,0,0,0,0,3,9,1,1,5,3,1,35,75,3,61,31,0,1,0,1,0,11,0,1,0,10,0,3,0,2,0,2,0,4,2,35.69020611111111,139.80951055555556,3,3,9999,0,5,0
1,30,773,95,2,0,2,30000,0,107,2023,4,10,19,25,22,5,16,18,10,1,1,1,1,7,9,22,0,0,11,9,30,70,5,3,1,65,25,51,61,41,0,0,0,0,0,0,0,0,0,10,0,3,0,0,0,0,0,2,2,35.69855027777778,139.81407111111113,2,3,0,0,0,0
1,30,773,110,2,0,1,30000,0,107,2023,3,15,15,42,12,5,53,17,48,1,1,1,1,7,9,22,0,0,15,9,30,70,5,2,1,45,45,3,61,31,0,1,0,1,0,11,0,10,0,40,0,3,0,2,0,2,0,4,2,35.69458944444444,139.81602472222224,4,3,9999,0,9,0
1,30,773,114,2,0,1,10370,0,107,2023,4,26,8,57,12,4,56,18,23,3,1,2,1,1,9,22,0,0,15,9,30,70,4,2,1,45,55,17,61,1,0,11,0,1,0,11,0,4,0,50,0,3,0,2,0,2,0,4,2,35.706447222222224,139.80456861111114,4,3,9999,0,1,0
1,30,773,116,2,0,1,20690,0,107,2023,4,27,20,55,22,4,54,18,24,1,1,1,1,1,9,22,0,0,15,9,30,70,4,2,1,25,25,3,61,31,0,1,0,1,0,11,0,4,0,50,0,3,0,2,0,2,0,4,2,35.7112725,139.81531944444447,5,3,9999,0,1,0
1,30,773,117,2,0,1,20680,0,107,2023,4,28,13,10,12,4,53,18,25,1,1,1,1,7,9,22,0,0,17,9,30,70,4,2,1,55,35,3,61,31,0,1,0,1,0,11,0,4,0,10,0,3,0,2,0,2,0,4,2,35.69178888888889,139.79779277777777,6,2,9999,0,9,0
1,30,774,52,2,0,1,60,71,107,2023,4,5,16,20,12,5,23,18,5,1,1,1,1,7,1,21,0,0,17,9,30,70,5,1,1,35,45,3,61,31,0,1,0,1,0,11,0,4,0,80,0,3,0,2,0,2,0,4,2,35.72654583333333,139.82293305555555,4,3,9999,0,1,0
1,30,774,59,2,0,2,20670,0,107,2023,4,16,13,12,12,5,8,18,15,1,1,1,14,7,0,0,0,0,5,7,1,70,3,2,1,25,75,36,61,31,0,0,0,0,0,11,0,2,0,11,0,2,0,0,0,0,0,2,2,35.72303083333333,139.81250944444446,1,3,9999,0,5,0
1,30,774,61,2,0,1,30000,0,107,2023,1,21,20,46,22,6,48,16,56,1,1,1,14,7,0,0,0,0,2,9,1,70,5,4,1,45,45,3,61,31,0,1,0,1,0,11,0,10,0,40,0,3,0,2,0,2,0,4,2,35.72036166666667,139.82375888888888,7,3,9999,0,9,0
1,30,775,85,2,0,1,30000,0,122,2023,4,11,14,58,12,5,15,18,10,1,1,1,1,1,9,22,0,0,15,9,30,70,5,1,1,35,75,13,61,31,0,11,0,1,0,11,0,5,0,50,0,3,0,2,0,2,0,4,2,35.75882166666667,139.86241777777778,3,3,9999,0,1,0
1,30,775,86,2,0,1,60,103,122,2023,4,11,19,47,22,5,15,18,10,1,1,1,1,7,1,21,0,0,18,9,30,1,5,1,1,35,25,3,61,31,0,1,0,1,0,11,0,2,0,80,0,3,0,2,0,2,0,4,2,35.74716194444444,139.84597361111113,3,3,9999,0,1,0
1,30,775,100,2,0,1,30000,0,122,2023,4,27,19,13,21,4,54,18,24,1,1,1,14,7,0,0,0,0,2,9,1,70,5,1,1,65,45,51,61,41,0,0,0,0,0,0,0,0,0,10,0,3,0,0,0,0,0,4,2,35.74881611111111,139.84134166666666,5,3,0,0,0,0
1,30,776,115,2,0,1,30000,0,122,2023,4,1,13,12,12,5,29,18,2,1,1,1,1,7,1,21,0,0,14,9,30,70,4,4,1,35,45,3,61,31,0,1,0,1,0,11,0,2,0,10,0,3,0,2,0,2,0,4,2,35.73745027777778,139.83905083333335,7,3,9999,0,1,0
1,30,776,120,2,0,1,99000,0,122,2023,4,8,11,20,12,5,19,18,8,3,1,1,0,7,0,0,0,0,0,0,20,70,0,4,1,55,75,3,61,31,0,1,0,1,0,11,0,10,0,20,0,3,0,2,0,2,0,4,2,35.736041944444445,139.8565538888889,7,3,9999,0,9,0
1,30,776,135,2,0,1,10410,0,122,2023,4,7,18,35,21,5,20,18,7,3,1,2,14,1,0,0,0,0,1,9,1,1,5,2,1,65,25,3,61,31,0,1,0,1,0,11,0,2,0,40,0,4,0,2,0,2,0,4,2,35.73679388888889,139.847925,6,3,9999,0,1,0
1,30,776,147,2,0,1,10400,0,122,2023,4,26,19,20,21,4,56,18,23,2,1,1,1,1,9,22,0,0,14,9,30,70,4,2,1,25,55,51,61,41,0,0,0,0,0,0,0,0,0,10,0,3,0,0,0,0,0,4,2,35.71586638888889,139.86047222222223,4,3,0,0,0,0
1,30,777,188,2,0,1,30520,0,123,2023,4,2,12,0,12,5,27,18,3,1,1,1,14,7,0,0,0,0,1,9,1,70,5,2,1,1,25,51,61,41,0,0,0,0,0,0,0,0,0,10,0,3,0,0,0,0,0,4,2,35.688559444444444,139.881115,1,3,0,0,0,0
1,30,777,201,2,0,1,10390,0,123,2023,4,10,8,21,12,5,16,18,10,1,1,1,1,1,9,22,0,0,17,9,30,70,5,2,1,25,45,11,61,31,0,11,0,1,0,11,0,3,0,10,0,3,0,2,0,2,0,4,2,35.691136388888886,139.86755305555556,2,3,9999,0,5,0
1,30,777,206,2,0,1,30000,0,123,2023,4,12,18,30,21,5,13,18,11,1,1,1,1,7,9,22,0,0,15,9,30,70,4,4,1,65,75,4,61,31,0,1,0,1,0,11,0,4,0,0,0,4,0,2,0,2,0,4,2,35.69747472222222,139.8888922222222,4,3,9999,0,9,0
1,30,777,214,2,0,1,30000,0,123,2023,4,9,18,20,21,5,17,18,9,1,1,1,7,7,0,0,0,0,2,9,1,70,5,4,1,25,25,14,61,1,0,11,0,1,0,11,0,2,0,10,0,3,0,2,0,2,0,4,2,35.68912805555555,139.88858777777776,1,3,9999,0,1,0
1,30,777,230,2,0,1,30000,0,123,2023,4,20,15,47,12,5,3,18,18,1,1,1,14,7,0,0,0,0,4,9,1,70,4,4,1,35,65,1,61,1,0,1,0,2,0,11,0,3,0,12,0,3,0,2,0,2,0,4,2,35.699166111111104,139.86161166666665,5,3,9999,0,1,0
1,30,777,237,2,0,1,21190,0,123,2023,4,12,14,30,12,5,13,18,11,1,1,1,14,7,0,0,0,0,4,9,1,70,5,2,1,1,1,51,61,41,0,0,0,0,0,0,0,0,0,10,0,3,0,0,0,0,0,4,2,35.71163333333334,139.83931555555557,4,3,0,0,0,0
1,30,777,242,2,0,1,30000,0,123,2023,4,24,16,40,12,4,58,18,21,2,1,1,14,7,0,0,0,0,4,9,1,70,4,1,1,1,65,51,61,41,0,0,0,0,0,0,0,0,0,10,0,3,0,0,0,0,0,4,2,35.69634,139.89464166666667,2,3,0,0,0,0
1,30,777,243,2,0,1,140,92,123,2023,4,8,10,21,12,5,19,18,8,2,1,1,1,7,1,21,0,0,17,9,30,70,4,1,1,75,65,3,61,31,0,1,0,1,0,11,0,5,0,10,0,3,0,2,0,2,0,4,2,35.702555000000004,139.86531499999998,7,3,894,0,9,0
1,30,777,256,2,0,1,95000,0,123,2023,4,4,18,40,21,5,24,18,5,1,1,1,14,7,0,0,0,0,4,9,1,70,5,1,1,25,55,51,61,41,0,0,0,0,0,0,0,0,0,30,0,3,0,0,0,0,0,4,2,35.692975,139.8976197222222,3,3,0,0,0,0
1,30,778,75,2,0,1,30000,0,123,2023,4,7,23,5,22,5,20,18,7,3,1,2,1,7,0,0,0,0,15,9,30,70,5,2,1,55,0,61,0,0,0,0,0,0,0,0,0,0,0,0,0,0,0,0,0,0,0,2,0,35.73251527777778,139.8803988888889,6,3,0,0,0,0
1,30,778,77,2,0,1,30000,0,123,2023,4,13,17,0,12,5,12,18,12,1,1,1,1,7,9,22,0,0,14,9,30,70,5,4,1,35,1,3,61,31,0,1,0,1,0,11,0,5,0,10,0,3,0,2,0,2,0,4,2,35.713503333333335,139.87351555555557,5,3,9999,0,5,0
1,30,778,86,2,0,1,30000,0,123,2023,4,20,15,45,12,5,3,18,18,1,1,1,14,7,0,0,0,0,1,9,1,70,4,2,1,1,45,51,61,41,0,0,0,0,0,0,0,0,0,10,0,3,0,0,0,0,0,4,2,35.74294527777778,139.8904922222222,5,3,0,0,0,0
1,30,778,89,2,0,1,30000,0,123,2023,4,23,1,0,22,4,59,18,20,1,1,1,1,7,9,22,0,0,14,9,30,70,4,2,1,75,25,3,61,1,0,1,0,1,0,11,0,2,0,10,0,3,0,2,0,2,0,4,2,35.73207111111111,139.88408305555555,1,3,163,0,9,0
1,30,778,93,2,0,1,20000,0,123,2023,4,28,8,5,12,4,53,18,25,1,1,1,14,7,0,0,0,0,1,9,1,70,4,1,1,1,1,17,61,1,0,11,0,1,0,11,0,2,0,10,0,4,0,2,0,2,0,4,2,35.73610111111111,139.89285166666667,6,2,9999,0,5,0
1,30,779,77,2,0,1,30000,0,123,2023,3,16,17,15,13,5,51,17,49,1,1,1,14,7,0,0,0,0,3,9,1,70,5,2,1,65,1,3,61,1,0,1,0,1,0,11,0,2,0,10,0,3,0,2,0,2,0,4,2,35.67095388888889,139.8800813888889,5,3,9999,0,9,0
1,30,779,83,2,0,1,30000,0,123,2023,4,4,7,55,12,5,24,18,5,1,1,1,14,7,0,0,0,0,3,9,1,70,4,2,1,25,45,51,61,41,0,0,0,0,0,0,0,0,0,10,0,4,0,0,0,0,0,4,2,35.679945,139.865455,3,3,0,0,0,0
1,30,779,91,2,0,1,30000,0,123,2023,4,15,20,15,22,5,9,18,14,3,1,2,1,7,1,21,0,0,11,9,30,70,5,2,1,35,1,3,61,31,0,1,0,1,0,11,0,2,0,20,0,3,0,2,0,2,0,4,2,35.658294999999995,139.88205944444445,7,3,9999,0,1,0
1,30,779,92,2,0,1,30000,0,123,2023,4,16,11,45,12,5,8,18,15,1,1,1,1,7,9,22,0,0,14,9,30,1,4,2,1,75,65,3,61,31,0,1,0,1,0,11,0,2,0,10,0,4,0,2,0,2,0,4,2,35.667876944444444,139.8564961111111,1,3,356,0,9,0
1,30,779,93,2,0,1,10350,0,123,2023,1,16,19,25,22,6,50,16,51,2,1,1,14,7,0,0,0,0,2,9,1,70,1,1,1,1,55,51,61,41,0,0,0,0,0,0,0,0,0,10,0,3,0,0,0,0,0,4,2,35.66815027777778,139.86972444444444,2,3,0,0,0,0
1,30,779,105,2,0,1,10130,0,123,2023,4,28,7,8,12,4,53,18,25,1,1,1,1,1,9,22,0,0,18,9,30,70,1,2,1,25,55,13,61,31,0,11,0,1,0,11,0,4,0,50,0,4,0,2,0,2,0,4,2,35.66201111111111,139.87306527777778,6,2,9999,0,1,0
1,30,876,92,2,0,1,90000,0,201,2023,4,1,15,28,12,5,29,18,2,1,1,1,0,7,0,0,0,0,0,0,20,70,0,1,1,75,25,3,61,31,0,1,0,1,0,11,0,1,0,30,0,3,0,2,0,2,0,4,2,35.642898055555555,139.35468277777778,7,3,796,0,9,0
1,30,876,93,2,0,1,30000,0,201,2023,4,1,22,13,22,5,29,18,2,3,1,2,1,7,9,22,0,0,14,9,30,70,4,2,1,1,55,3,61,31,0,1,0,1,0,11,0,3,0,10,0,3,0,2,0,2,0,4,2,35.62877944444445,139.3840275,7,3,9999,0,1,0
1,30,876,96,2,0,1,30000,0,201,2023,4,1,18,37,21,5,29,18,2,1,1,1,1,7,9,22,0,0,14,9,30,70,4,1,1,25,35,33,61,31,0,0,0,0,0,11,0,4,0,10,0,3,0,0,0,0,0,4,2,35.60546527777778,139.38533055555556,7,3,9999,0,1,0
1,30,876,97,2,0,1,30000,0,201,2023,4,4,13,55,12,5,24,18,5,1,3,1,1,1,9,22,0,0,15,9,30,70,4,2,1,25,45,3,61,31,0,1,0,1,0,11,0,3,0,10,0,3,0,2,0,2,0,4,2,35.61288166666667,139.35818666666665,3,3,9999,0,5,0
1,30,876,109,2,0,1,30000,0,201,2023,4,20,15,0,12,5,3,18,18,1,1,1,14,7,0,0,0,0,1,9,1,70,4,3,1,25,1,3,61,31,0,1,0,1,0,11,0,3,0,40,0,4,0,2,0,2,0,4,2,35.62690055555556,139.37988555555557,5,3,9999,0,1,0
1,30,876,110,2,0,1,30820,0,209,2023,4,20,18,47,21,5,3,18,18,1,1,1,14,7,0,0,0,0,2,9,1,70,4,2,1,45,55,3,61,31,0,1,0,1,0,11,0,3,0,50,0,4,0,2,0,2,0,4,2,35.60062194444445,139.37891027777778,5,3,9999,0,1,0
1,30,876,121,2,0,1,10480,0,201,2023,3,10,16,45,13,6,0,17,44,1,1,1,14,1,0,0,0,0,5,9,1,70,1,2,1,45,1,4,61,31,0,1,0,1,0,11,0,4,0,10,0,3,0,2,0,2,0,4,2,35.630273333333335,139.37651027777778,6,3,9999,0,1,0
1,30,876,125,2,0,1,10480,0,201,2023,4,29,15,52,12,4,52,18,25,2,1,1,1,1,9,22,0,0,18,9,30,70,5,2,1,1,65,51,61,41,0,0,0,0,0,0,0,0,0,10,0,4,0,0,0,0,0,4,2,35.63952694444444,139.4229922222222,7,1,0,0,0,0
1,30,877,149,2,0,1,30000,0,201,2023,4,19,14,57,12,5,4,18,17,1,2,1,14,7,0,0,0,0,1,9,1,70,5,3,1,75,55,4,61,31,0,1,0,1,0,11,0,2,0,40,0,4,0,2,0,2,0,4,2,35.67762916666666,139.25447722222222,4,3,663,0,9,0
1,30,877,150,2,0,1,20730,0,201,2023,4,21,10,50,12,5,2,18,19,1,2,1,14,7,0,0,0,0,4,9,1,70,4,2,1,75,0,61,0,0,0,0,0,0,0,0,0,0,0,0,0,0,0,0,0,0,0,2,0,35.67287361111111,139.296045,6,3,0,0,0,0
1,30,878,131,2,0,1,30000,0,224,2023,3,24,19,4,22,5,40,17,56,1,2,2,1,1,9,22,0,0,15,9,30,70,4,2,1,45,55,14,61,1,0,11,0,1,0,11,0,3,0,10,0,3,0,2,0,2,0,4,2,35.61537944444444,139.41192833333335,6,3,9999,0,9,0