資料区分,都道府県コード,警察署等コード,本票番号,事故内容,死者数,負傷者数,路線コード,地点コード,市区町村コード,発生日時　　年,発生日時　　月,発生日時　　日,発生日時　　時,発生日時　　分,昼夜,日の出時刻　　時,日の出時刻　　分,日の入り時刻　　時,日の入り時刻　　分,天候,地形,路面状態,道路形状,信号機,一時停止規制　標識（当事者A）,一時停止規制　表示（当事者A）,一時停止規制　標識（当事者B）,一時停止規制　表示（当事者B）,車道幅員,道路線形,衝突地点,ゾーン規制,中央分離帯施設等,歩車道区分,事故類型,年齢（当事者A）,年齢（当事者B）,当事者種別（当事者A）,当事者種別（当事者B）,用途別（当事者A）,用途別（当事者B）,車両形状等（当事者A）,車両形状等（当事者B）,オートマチック車（当事者A）,オートマチック車（当事者B）,サポカー（当事者A）,サポカー（当事者B）,速度規制（指定のみ）（当事者A）,速度規制（指定のみ）（当事者B）,車両の衝突部位（当事者A）,車両の衝突部位（当事者B）,車両の損壊程度（当事者A）,車両の損壊程度（当事者B）,エアバッグの装備（当事者A）,エアバッグの装備（当事者B）,サイドエアバッグの装備（当事者A）,サイドエアバッグの装備（当事者B）,人身損傷程度（当事者A）,人身損傷程度（当事者B）,lat,lon,曜日(発生年月日),祝日(発生年月日),認知機能検査経過日数（当事者A）,認知機能検査経過日数（当事者B）,運転練習の方法（当事者A）,運転練習の方法（当事者B）
1,30,878,132,2,0,1,21110,0,224,2023,3,30,17,33,13,5,31,18,1,1,1,1,1,1,9,22,0,0,17,9,30,70,5,2,1,35,65,3,61,31,0,1,0,1,0,11,0,4,0,10,0,4,0,2,0,2,0,4,2,35.628065,139.428565,5,3,9999,0,1,0
1,30,878,143,2,0,1,10510,0,225,2023,4,3,8,55,12,5,26,18,4,1,2,1,14,7,0,0,0,0,5,9,1,70,1,1,1,25,25,4,61,31,0,1,0,1,0,11,0,4,0,10,0,3,0,2,0,2,0,4,2,35.640656388888885,139.51991750000002,2,3,9999,0,1,0
1,30,878,144,2,0,1,20000,0,224,2023,4,13,15,25,12,5,12,18,12,1,1,1,14,7,0,0,0,0,5,8,1,70,4,1,1,1,75,52,61,41,0,0,0,0,0,0,0,0,0,10,0,4,0,0,0,0,0,4,2,35.625725,139.44968222222224,5,3,0,0,0,0
1,30,878,149,2,0,1,95000,0,224,2023,4,6,16,25,12,5,22,18,6,1,1,1,1,1,9,22,0,0,18,9,30,70,1,2,1,75,45,3,61,31,0,1,0,1,0,11,0,3,0,10,0,3,0,2,0,2,0,4,2,35.6228125,139.42834527777777,5,3,399,0,9,0
1,30,878,150,2,0,1,30000,0,224,2023,4,20,21,5,22,5,3,18,18,1,2,1,1,1,9,22,0,0,14,9,30,70,5,2,1,55,1,3,61,31,0,1,0,1,0,11,0,3,0,10,0,3,0,2,0,2,0,4,2,35.63550361111111,139.4442752777778,5,3,9999,0,9,0
1,30,878,156,2,0,1,30000,0,224,2023,4,24,18,45,21,4,58,18,21,1,2,1,7,7,0,0,0,0,1,7,1,1,5,3,1,1,1,34,61,1,0,0,0,0,0,11,0,2,0,10,0,4,0,0,0,0,0,4,2,35.627810833333335,139.4314897222222,2,3,9999,0,5,0
1,30,879,138,2,0,1,30000,0,220,2023,4,4,19,10,22,5,24,18,5,1,1,1,14,7,0,0,0,0,4,9,1,70,4,1,1,45,75,13,61,1,0,11,0,1,0,11,0,3,0,10,0,2,0,2,0,2,0,4,2,35.74145638888889,139.41063444444444,3,3,9999,0,9,0
1,30,879,161,2,0,1,30000,0,223,2023,4,17,17,45,13,5,7,18,15,1,2,1,1,7,9,22,0,0,14,9,30,70,5,2,1,55,75,3,61,31,0,1,0,1,0,11,0,2,0,10,0,3,0,2,0,2,0,4,2,35.746739444444444,139.4061377777778,2,3,9999,0,9,0
1,30,879,172,2,0,1,30000,0,220,2023,4,22,14,55,12,5,0,18,20,1,1,1,14,7,0,0,0,0,2,9,1,70,5,3,1,35,1,3,61,31,0,1,0,1,0,11,0,2,0,10,0,2,0,2,0,2,0,4,2,35.737072500000004,139.41568,7,3,9999,0,1,0
1,30,879,187,2,0,1,30000,0,223,2023,4,25,17,30,13,4,57,18,22,1,2,1,14,7,0,0,0,0,1,9,1,70,5,2,1,1,55,51,61,41,0,0,0,0,0,0,0,0,0,10,0,3,0,0,0,0,0,4,2,35.746227777777776,139.3724238888889,3,3,0,0,0,0
1,30,880,73,2,0,1,30000,0,205,2023,4,5,19,5,22,5,23,18,5,1,1,1,14,7,0,0,0,0,3,9,1,70,5,4,1,55,25,36,61,31,0,0,0,0,0,11,0,2,0,10,0,3,0,0,0,0,0,4,2,35.795345,139.30742916666668,4,3,9999,0,9,0
1,30,882,76,2,0,1,10260,0,218,2023,4,4,9,35,12,5,24,18,5,1,1,1,1,1,9,22,0,0,14,9,30,70,4,2,1,55,75,3,61,31,0,1,0,1,0,11,0,2,0,10,0,3,0,2,0,2,0,4,2,35.73359388888889,139.33564,3,3,9999,0,9,0
1,30,882,77,2,0,1,30000,0,227,2023,4,7,10,15,12,5,20,18,7,2,1,1,1,7,9,22,0,0,14,9,30,70,5,2,1,75,75,3,61,31,0,1,0,1,0,11,0,2,0,70,0,3,0,2,0,2,0,4,2,35.775108333333336,139.30054777777778,6,3,105,0,9,0
1,30,882,103,2,0,1,30000,0,303,2023,4,27,16,10,12,4,54,18,24,1,1,2,1,7,9,22,0,0,14,9,30,70,5,2,1,55,1,3,61,31,0,1,0,1,0,11,0,2,0,12,0,3,0,2,0,1,0,4,2,35.76666111111111,139.33685861111113,5,3,9999,0,9,0
1,30,882,105,2,0,1,10260,0,228,2023,4,19,16,20,12,5,4,18,17,1,1,1,1,1,9,22,0,0,14,9,30,70,4,2,1,35,75,3,61,31,0,1,0,1,0,11,0,3,0,10,0,4,0,2,0,2,0,4,2,35.72604194444445,139.27596083333336,4,3,9999,0,1,0
1,30,883,137,2,0,1,200,452,201,2023,1,16,12,40,12,6,50,16,51,1,1,2,14,1,0,0,0,0,5,9,1,70,5,2,1,1,65,51,61,41,0,0,0,0,0,0,0,0,0,10,0,3,0,0,0,0,0,4,2,35.660025,139.33207638888888,2,3,0,0,0,0
1,30,883,138,2,0,2,30000,0,201,2023,3,12,3,10,22,5,57,17,45,1,1,1,14,7,0,0,0,0,3,9,1,70,5,3,1,45,35,35,61,31,0,0,0,0,0,11,0,10,0,0,0,3,0,0,0,0,0,2,2,35.65767861111111,139.3208725,1,3,9999,0,9,0
1,30,883,146,2,0,1,30000,0,201,2023,4,5,17,10,13,5,23,18,5,2,1,1,1,7,1,21,0,0,11,9,30,70,5,3,1,1,75,3,61,31,0,1,0,1,0,11,0,10,0,20,0,3,0,2,0,2,0,4,2,35.68926861111111,139.36587944444443,4,3,9999,0,5,0
1,30,883,147,2,0,1,30000,0,201,2023,4,6,14,0,12,5,22,18,6,2,1,1,1,7,1,21,0,0,15,9,30,70,5,3,1,45,1,3,61,31,0,1,0,1,0,11,0,2,0,50,0,3,0,2,0,2,0,4,2,35.657690555555554,139.32075972222222,5,3,9999,0,5,0
1,30,883,164,2,0,1,30000,0,201,2023,4,14,20,40,22,5,11,18,13,1,1,1,14,7,0,0,0,0,2,9,1,70,4,3,1,45,75,34,61,31,0,0,0,0,0,11,0,2,0,10,0,3,0,0,0,0,0,4,2,35.65869361111111,139.3151363888889,6,3,9999,0,5,0
1,30,883,177,2,0,1,30000,0,201,2023,4,21,9,50,12,5,2,18,19,1,1,1,1,7,9,22,0,0,14,9,30,70,4,2,1,75,75,13,61,31,0,11,0,1,0,11,0,3,0,10,0,3,0,2,0,2,0,4,2,35.66717277777778,139.34640583333334,6,3,135,0,9,0
1,30,884,162,2,0,1,30000,0,209,2022,12,21,20,40,22,6,47,16,31,1,1,1,1,7,1,21,0,0,15,9,30,70,4,2,1,35,25,14,61,31,0,11,0,1,0,11,0,3,0,20,0,3,0,2,0,2,0,4,2,35.50845,139.47296416666666,4,3,9999,0,5,0
1,30,884,163,2,0,1,30000,0,209,2022,12,29,8,30,12,6,50,16,36,1,1,1,14,7,0,0,0,0,2,9,1,70,5,3,1,25,45,3,61,31,0,1,0,1,0,11,0,10,0,40,0,3,0,2,0,2,0,4,2,35.55128055555555,139.43943472222222,5,3,9999,0,5,0
1,30,884,168,2,0,1,30000,0,209,2023,4,3,20,10,22,5,26,18,4,1,1,1,1,1,8,22,0,0,11,9,30,70,5,2,1,45,1,3,61,31,0,1,0,1,0,11,0,3,0,10,0,3,0,2,0,2,0,4,2,35.57826472222222,139.42996194444444,2,3,9999,0,9,0
1,30,884,172,2,0,1,30000,0,209,2023,4,6,16,50,12,5,22,18,6,2,1,1,1,7,9,22,0,0,11,9,30,70,5,3,1,1,55,51,61,41,0,0,0,0,0,0,0,0,0,10,0,3,0,0,0,0,0,4,2,35.57918027777778,139.42956027777777,5,3,0,0,0,0
1,30,884,177,2,0,1,30000,0,209,2023,3,28,17,40,13,5,34,17,59,1,2,1,14,7,0,0,0,0,2,9,1,70,5,4,1,55,55,4,61,31,0,1,0,1,0,11,0,5,0,20,0,3,0,2,0,2,0,4,2,35.58278166666667,139.48007944444444,3,3,9999,0,9,0
1,30,884,178,2,0,1,30000,0,209,2023,4,10,16,32,12,5,16,18,10,1,1,1,1,7,9,22,0,0,15,9,30,70,5,2,1,55,75,36,61,31,0,0,0,0,0,11,0,2,0,10,0,3,0,0,0,0,0,4,2,35.555703333333334,139.45310527777778,2,3,9999,0,9,0
1,30,884,179,2,0,1,10490,0,209,2023,3,8,8,35,12,6,3,17,42,1,1,1,1,1,9,22,0,0,14,9,30,70,4,2,1,1,25,51,61,41,0,0,0,0,0,0,0,0,0,10,0,3,0,0,0,0,0,4,2,35.56525,139.42494083333332,4,3,0,0,0,0
1,30,884,180,2,0,1,10490,0,209,2023,4,11,19,40,22,5,15,18,10,1,1,1,14,1,0,0,0,0,2,9,1,70,4,2,1,55,75,4,61,31,0,1,0,1,0,11,0,3,0,10,0,2,0,2,0,2,0,4,2,35.55327722222222,139.44317166666667,3,3,9999,0,9,0
1,30,884,181,2,0,1,30000,0,209,2023,4,11,19,10,22,5,15,18,10,1,1,1,1,7,1,21,0,0,14,9,30,70,4,2,1,55,65,3,61,31,0,1,0,1,0,11,0,3,0,10,0,3,0,2,0,2,0,4,2,35.51728722222222,139.47886194444445,3,3,9999,0,9,0
1,30,884,185,2,0,1,30000,0,209,2023,3,19,8,2,12,5,47,17,51,1,2,1,14,1,0,0,0,0,3,9,1,70,4,3,1,25,0,61,0,0,0,0,0,0,0,0,0,0,0,0,0,0,0,0,0,0,0,2,0,35.58844333333334,139.45195166666664,1,3,0,0,0,0
1,30,884,195,2,0,1,30000,0,209,2023,3,24,20,17,22,5,40,17,56,1,1,2,1,7,9,22,0,0,14,9,30,70,5,2,1,45,45,3,61,31,0,1,0,1,0,11,0,10,0,50,0,3,0,2,0,2,0,4,2,35.54431388888889,139.44479555555557,6,3,9999,0,1,0
1,30,884,196,2,0,1,30000,0,209,2023,4,6,20,30,22,5,22,18,6,1,1,1,14,7,0,0,0,0,2,9,1,70,5,3,1,35,25,51,61,41,0,0,0,0,0,0,0,0,0,10,0,3,0,0,0,0,0,4,2,35.54470194444444,139.44737694444444,5,3,0,0,0,0
1,30,884,211,2,0,1,10490,0,209,2023,4,27,8,15,12,4,54,18,24,1,1,1,14,7,0,0,0,0,4,9,1,70,5,2,1,1,75,51,61,41,0,0,0,0,0,0,0,0,0,10,0,3,0,0,0,0,0,4,2,35.53266722222222,139.4610708333333,5,3,0,0,0,0
1,30,884,213,2,0,1,30000,0,209,2023,4,16,12,15,12,5,8,18,15,1,1,1,14,7,0,0,0,0,1,9,1,70,5,4,1,55,35,3,61,31,0,1,0,1,0,11,0,1,0,40,0,3,0,2,0,2,0,4,2,35.58846694444445,139.4664733333333,1,3,9999,0,9,0
1,30,884,215,2,0,1,10490,0,209,2023,4,28,0,55,22,4,53,18,25,1,1,1,1,1,9,22,0,0,18,9,30,70,4,2,1,35,1,3,61,31,0,1,0,1,0,11,0,3,0,10,0,3,0,2,0,2,0,4,2,35.53839361111111,139.4539036111111,6,2,9999,0,1,0
1,30,884,221,2,0,1,30000,0,209,2023,4,17,22,24,22,5,7,18,15,1,1,1,1,7,1,21,0,0,14,9,30,70,5,1,1,45,35,3,61,31,0,1,0,1,0,11,0,2,0,10,0,3,0,2,0,2,0,4,2,35.54263222222222,139.44964583333334,2,3,9999,0,9,0
1,30,885,86,2,0,1,95000,0,212,2023,4,7,22,10,22,5,20,18,7,3,1,2,1,1,9,22,0,0,15,9,30,70,5,2,1,1,65,3,61,31,0,1,0,1,0,11,0,4,0,10,0,3,0,2,0,2,0,4,2,35.67903805555555,139.39686805555556,6,3,9999,0,1,0
1,30,886,131,2,0,1,30810,0,207,2023,4,9,11,20,12,5,17,18,9,1,2,1,14,7,0,0,0,0,3,9,1,70,4,1,1,35,35,3,61,31,0,1,0,1,0,11,0,3,0,10,0,4,0,2,0,2,0,4,2,35.71011722222222,139.36768583333335,1,3,9999,0,1,0
1,30,886,143,2,0,1,30000,0,207,2023,4,20,8,15,12,5,3,18,18,1,1,1,14,7,0,0,0,0,3,9,1,70,4,2,1,45,1,4,61,31,0,1,0,1,0,11,0,3,0,20,0,3,0,2,0,2,0,4,2,35.71915555555556,139.37860722222223,5,3,9999,0,1,0
1,30,886,148,2,0,1,20000,0,207,2023,4,22,9,40,12,5,0,18,20,2,1,1,14,7,0,0,0,0,3,9,1,70,4,2,1,35,35,3,61,31,0,1,0,1,0,11,0,3,0,20,0,3,0,2,0,2,0,4,2,35.721744722222226,139.35630194444443,7,3,9999,0,1,0
1,30,886,161,2,0,1,30000,0,207,2023,4,25,10,51,12,4,57,18,22,1,2,1,14,7,0,0,0,0,2,9,1,70,5,2,1,45,25,4,61,31,0,1,0,1,0,11,0,5,0,30,0,4,0,2,0,2,0,4,2,35.708596944444444,139.37581666666668,3,3,9999,0,1,0
1,30,887,174,2,0,1,95000,0,202,2023,4,1,15,45,12,5,29,18,2,1,1,1,14,7,0,0,0,0,1,8,1,70,1,1,1,1,75,51,61,41,0,0,0,0,0,0,0,0,0,10,0,4,0,0,0,0,0,4,2,35.68976194444444,139.40946833333334,7,3,0,0,0,0
1,30,887,179,2,0,1,30000,0,202,2023,4,4,9,45,12,5,24,18,5,1,1,1,14,7,0,0,0,0,3,9,1,70,4,2,1,25,35,51,61,41,0,0,0,0,0,0,0,0,0,10,0,3,0,0,0,0,0,4,2,35.693909444444444,139.41696944444445,3,3,0,0,0,0
1,30,887,195,2,0,1,90000,0,215,2023,4,13,13,40,12,5,12,18,12,1,1,1,14,7,0,0,0,0,1,9,1,70,5,4,1,25,75,3,61,31,0,1,0,1,0,11,0,10,0,30,0,3,0,2,0,2,0,4,2,35.684373055555554,139.44787027777778,5,3,9999,0,1,0
1,30,887,204,2,0,1,30000,0,215,2023,4,19,16,45,12,5,4,18,17,1,2,1,14,7,0,0,0,0,3,8,1,70,5,3,1,55,35,17,61,31,0,11,0,1,0,11,0,2,0,80,0,3,0,2,0,2,0,4,2,35.67308,139.45118444444444,4,3,9999,0,9,0
1,30,887,209,2,0,1,30000,0,202,2023,4,23,16,15,12,4,59,18,20,1,1,1,14,7,0,0,0,0,2,9,1,70,4,2,1,1,75,51,61,41,0,0,0,0,0,0,0,0,0,10,0,3,0,0,0,0,0,4,2,35.69703944444444,139.41597861111111,1,3,0,0,0,0
1,30,887,218,2,0,1,20000,0,202,2023,4,9,13,46,12,5,17,18,9,1,1,1,1,7,1,21,0,0,17,9,30,70,1,2,1,55,25,13,61,31,0,11,0,1,0,11,0,10,0,80,0,4,0,2,0,2,0,4,2,35.70378083333333,139.41456333333335,1,3,9999,0,9,0
1,30,888,80,2,0,1,30000,0,206,2023,4,1,12,10,12,5,29,18,2,1,1,1,1,1,9,22,0,0,14,9,30,70,4,2,1,65,55,4,61,31,0,1,0,1,0,11,0,3,0,10,0,3,0,2,0,2,0,4,2,35.66647388888889,139.46457999999998,7,3,9999,0,9,0
1,30,888,83,2,0,1,30000,0,206,2023,4,5,16,12,12,5,23,18,5,1,1,1,14,7,0,0,0,0,2,9,1,70,5,3,1,55,75,13,61,31,0,11,0,1,0,11,0,1,0,30,0,4,0,2,0,2,0,4,2,35.67258277777778,139.47854666666666,4,3,9999,0,9,0
1,30,888,84,2,0,1,20820,0,206,2023,4,3,15,54,12,5,26,18,4,1,1,1,1,7,1,21,0,0,11,9,30,70,5,3,1,45,75,13,61,31,0,11,0,1,0,11,0,10,0,10,0,3,0,2,0,2,0,4,2,35.690038611111106,139.4802363888889,2,3,9999,0,1,0
1,30,888,98,2,0,1,30000,0,206,2023,4,28,14,22,12,4,53,18,25,1,1,1,14,7,0,0,0,0,2,9,1,70,5,2,1,45,65,14,61,31,0,11,0,1,0,11,0,10,0,30,0,3,0,2,0,2,0,4,2,35.67051583333333,139.47911694444446,6,2,9999,0,1,0
1,30,889,83,2,0,1,10750,0,210,2023,4,10,6,47,12,5,16,18,10,1,1,1,1,1,9,22,0,0,17,9,30,70,1,1,1,25,35,3,61,31,0,1,0,1,0,11,0,5,0,10,0,3,0,2,0,2,0,4,2,35.68936083333333,139.50047138888888,2,3,9999,0,1,0
1,30,889,89,2,0,1,10750,0,210,2023,4,16,10,6,12,5,8,18,15,1,1,1,1,1,9,22,0,0,15,9,30,70,1,2,1,25,35,3,61,31,0,1,0,1,0,11,0,4,0,80,0,4,0,2,0,2,0,4,2,35.689281666666666,139.5061325,1,3,9999,0,1,0
1,30,889,93,2,0,1,30000,0,214,2023,4,3,13,47,12,5,26,18,4,1,1,1,7,1,0,0,0,0,3,9,1,70,4,2,1,1,25,13,61,31,0,11,0,1,0,11,0,3,0,50,0,3,0,2,0,2,0,4,2,35.69681555555555,139.47643194444444,2,3,9999,0,5,0
1,30,889,105,2,0,1,30000,0,210,2023,4,30,17,30,13,4,51,18,26,2,1,1,14,7,0,0,0,0,2,9,1,70,5,1,1,25,1,3,61,31,0,1,0,1,0,11,0,10,0,80,0,3,0,2,0,2,0,4,2,35.70236805555556,139.5262277777778,1,3,9999,0,1,0
1,30,890,83,2,0,1,30000,0,222,2023,3,30,22,26,22,5,31,18,1,1,1,1,14,7,0,0,0,0,1,9,1,70,5,2,1,55,55,3,61,31,0,1,0,1,0,11,0,2,0,20,0,4,0,2,0,2,0,4,2,35.74974861111111,139.515405,5,3,9999,0,9,0
1,30,891,95,2,0,1,30000,0,213,2022,10,31,17,50,22,6,2,16,47,1,1,1,1,7,1,21,0,0,18,9,30,70,4,2,1,55,45,3,61,31,0,1,0,1,0,11,0,3,0,10,0,3,0,2,0,2,0,4,2,35.75414083333333,139.47419861111112,2,3,9999,0,9,0
1,30,891,96,2,0,1,30000,0,213,2022,1,11,9,25,12,6,51,16,47,1,1,1,14,7,0,0,0,0,3,9,1,70,5,4,1,75,35,3,61,31,0,1,0,1,0,11,0,2,0,30,0,3,0,2,0,2,0,4,2,35.74941916666667,139.47049194444443,3,3,995,0,9,0
1,30,891,109,2,0,1,10250,0,213,2023,4,12,18,30,21,5,13,18,11,3,1,2,1,1,9,22,0,0,18,9,30,70,4,1,1,25,55,3,61,31,0,1,0,1,0,11,0,4,0,10,0,4,0,2,0,2,0,4,2,35.749138333333335,139.4496438888889,4,3,9999,0,1,0
1,30,891,115,2,0,1,95000,0,221,2023,4,14,15,50,12,5,11,18,13,2,1,1,0,7,0,0,0,0,0,0,20,70,0,4,1,65,45,36,61,31,0,0,0,0,0,11,0,10,0,10,0,4,0,0,0,0,0,4,2,35.789631388888886,139.52776416666669,6,3,9999,0,9,0
1,30,891,128,2,0,1,30000,0,221,2023,4,25,10,20,12,4,57,18,22,1,1,1,1,1,9,22,0,0,11,9,30,70,4,2,1,65,75,4,61,31,0,1,0,1,0,11,0,3,0,10,0,3,0,2,0,2,0,4,2,35.781373888888886,139.52221222222224,3,3,9999,0,9,0
1,30,891,130,2,0,1,30000,0,213,2023,4,25,17,50,13,4,57,18,22,2,1,1,1,7,9,22,0,0,17,9,30,70,5,3,1,55,1,4,61,31,0,1,0,1,0,11,0,2,0,10,0,3,0,2,0,2,0,4,2,35.76879972222222,139.47964861111112,3,3,9999,0,9,0
1,30,891,134,2,0,1,30000,0,221,2023,4,28,8,3,12,4,53,18,25,1,1,1,7,7,0,0,0,0,3,9,1,70,4,2,1,45,45,3,61,31,0,1,0,1,0,11,0,2,0,70,0,4,0,2,0,2,0,4,2,35.79203138888889,139.53792944444444,6,2,9999,0,9,0
1,30,892,90,2,0,1,30000,0,203,2023,4,1,16,50,12,5,29,18,2,1,1,1,14,7,0,0,0,0,2,9,1,1,5,4,1,1,75,51,61,41,0,0,0,0,0,0,0,0,0,10,0,3,0,0,0,0,0,4,2,35.71041666666667,139.5687075,7,3,0,0,0,0
1,30,892,108,2,0,1,30000,0,203,2023,4,18,18,50,21,5,5,18,16,2,1,1,14,7,0,0,0,0,2,9,1,70,5,4,1,65,75,51,61,41,0,0,0,0,0,0,0,0,0,20,0,3,0,0,0,0,0,4,4,35.70241888888889,139.54744055555557,3,3,0,0,0,0
1,30,892,113,2,0,1,20270,0,203,2023,4,29,15,23,12,4,52,18,25,1,1,1,14,7,0,0,0,0,3,9,1,70,4,2,1,1,55,51,61,41,0,0,0,0,0,0,0,0,0,10,0,3,0,0,0,0,0,4,2,35.70796527777778,139.55794583333335,7,1,0,0,0,0
1,30,892,115,2,0,1,99000,0,203,2023,4,21,15,0,12,5,2,18,19,2,1,1,0,7,0,0,0,0,0,0,20,70,0,4,1,45,55,3,61,31,0,1,0,1,0,11,0,10,0,40,0,3,0,2,0,2,0,4,2,35.704753888888895,139.5815161111111,6,3,9999,0,5,0
1,30,893,70,2,0,1,30000,0,204,2023,4,2,18,30,21,5,27,18,3,2,1,1,14,7,0,0,0,0,2,8,1,70,5,2,1,1,75,51,61,41,0,0,0,0,0,0,0,0,0,10,0,3,0,0,0,0,0,4,2,35.66126777777777,139.57529527777777,1,3,0,0,0,0
1,30,893,71,2,0,1,30000,0,204,2023,4,5,12,10,12,5,23,18,5,1,1,1,14,7,0,0,0,0,1,9,1,70,5,2,1,55,35,51,61,41,0,0,0,0,0,0,0,0,0,20,0,3,0,0,0,0,0,2,4,35.70451833333333,139.55590500000002,4,3,0,0,0,0
1,30,893,78,2,0,1,10270,0,204,2023,4,14,13,55,12,5,11,18,13,1,1,1,1,7,1,21,0,0,14,9,30,70,4,2,1,65,1,13,61,31,0,11,0,1,0,11,0,5,0,80,0,3,0,2,0,2,0,4,2,35.68352333333333,139.56227111111113,6,3,9999,0,9,0
1,30,893,79,2,0,1,10270,0,204,2023,4,16,1,3,22,5,8,18,15,3,1,2,14,7,0,0,0,0,1,9,1,70,4,3,1,65,25,3,61,1,0,1,0,1,0,11,0,3,0,40,0,3,0,2,0,2,0,4,2,35.68689055555555,139.5784297222222,1,3,9999,0,9,0
1,30,893,86,2,0,1,30000,0,204,2023,4,20,18,20,21,5,3,18,18,1,1,1,14,7,0,0,0,0,3,9,1,70,4,2,1,25,55,51,61,41,0,0,0,0,0,0,0,0,0,10,0,3,0,0,0,0,0,4,2,35.700100000000006,139.56108472222223,5,3,0,0,0,0
1,30,893,91,2,0,1,30000,0,204,2023,4,24,21,45,22,4,58,18,21,1,1,1,1,1,9,22,0,0,15,9,30,1,5,2,1,65,55,4,61,31,0,1,0,1,0,11,0,3,0,10,0,3,0,2,0,2,0,4,2,35.704523333333334,139.55646555555558,2,3,9999,0,9,0
1,30,894,117,2,0,1,30000,0,208,2022,12,11,0,0,22,6,40,16,28,1,1,1,14,7,0,0,0,0,2,9,1,70,5,2,1,45,75,51,61,41,0,0,0,0,0,0,0,0,0,10,0,4,0,0,0,0,0,4,2,35.64960277777778,139.55582694444445,1,3,0,0,0,0
1,30,894,122,2,0,1,10210,0,219,2023,4,2,19,45,22,5,27,18,3,1,1,1,14,7,0,0,0,0,2,9,1,70,4,2,1,45,75,3,61,31,0,1,0,1,0,11,0,3,0,10,0,3,0,2,0,2,0,4,2,35.63285055555556,139.58692972222224,1,3,9999,0,5,0
1,30,894,131,2,0,1,30000,0,208,2023,4,10,9,41,12,5,16,18,10,1,1,1,7,1,0,0,0,0,3,9,1,70,4,2,1,45,55,3,61,31,0,1,0,1,0,11,0,2,0,10,0,4,0,2,0,2,0,4,2,35.64080805555555,139.5554663888889,2,3,9999,0,1,0
1,30,894,135,2,0,2,20890,0,208,2023,4,15,10,15,12,5,9,18,14,2,1,2,14,7,0,0,0,0,1,9,1,70,4,2,1,55,45,3,61,31,0,1,0,1,0,11,0,3,0,10,0,2,0,1,0,1,0,4,2,35.65168027777778,139.54955416666667,7,3,9999,0,9,0
1,30,894,136,2,0,1,30000,0,208,2023,4,15,19,10,21,5,9,18,14,3,1,2,1,7,1,21,0,0,14,9,30,70,5,2,1,55,35,3,61,31,0,1,0,1,0,11,0,2,0,10,0,3,0,2,0,2,0,4,2,35.65156555555556,139.5293888888889,7,3,9999,0,9,0
1,30,894,137,2,0,1,95000,0,208,2023,4,16,15,30,12,5,8,18,15,2,1,1,14,7,0,0,0,0,2,9,1,70,4,4,1,1,75,51,61,41,0,0,0,0,0,0,0,0,0,10,0,3,0,0,0,0,0,4,2,35.63778861111111,139.55135166666668,1,3,0,0,0,0
1,30,894,148,2,0,1,30000,0,219,2023,4,26,10,10,12,4,56,18,23,3,1,2,1,7,1,21,0,0,14,9,30,70,4,3,1,75,75,3,61,31,0,1,0,1,0,11,0,2,0,10,0,3,0,2,0,2,0,4,2,35.64680166666667,139.56823555555556,4,3,58,0,9,0
1,30,895,49,2,0,1,95000,0,211,2023,3,16,13,20,12,5,51,17,49,1,1,1,14,7,0,0,0,0,1,9,1,70,5,3,1,1,0,61,0,0,0,0,0,0,0,0,0,0,0,0,0,0,0,0,0,0,0,2,0,35.72707972222222,139.46221277777778,5,3,0,0,0,0
1,30,895,53,2,0,1,30000,0,211,2023,4,3,16,0,12,5,26,18,4,1,1,1,1,7,9,22,0,0,11,9,30,70,5,3,1,65,65,51,61,41,0,0,0,0,0,0,0,0,0,40,0,3,0,0,0,0,0,4,2,35.723778611111115,139.480015,2,3,0,0,0,0
1,30,895,58,2,0,1,30000,0,211,2023,4,17,13,0,12,5,7,18,15,2,1,2,1,1,9,22,0,0,11,9,30,70,5,3,1,45,75,3,61,31,0,1,0,1,0,11,0,2,0,10,0,3,0,2,0,2,0,4,2,35.71195638888889,139.48745694444443,2,3,9999,0,1,0
1,30,895,59,2,0,1,30000,0,211,2023,3,6,7,50,12,6,5,17,40,1,1,1,14,7,0,0,0,0,2,9,1,70,5,2,1,45,1,3,61,31,0,1,0,1,0,11,0,10,0,40,0,4,0,2,0,2,0,4,2,35.72597666666667,139.43839527777777,2,3,9999,0,9,0
1,30,896,3,2,0,1,30000,0,362,2023,4,6,17,0,12,5,22,18,6,2,2,1,14,7,0,0,0,0,1,9,1,70,5,4,1,35,55,4,61,31,0,1,0,1,0,11,0,5,0,30,0,4,0,2,0,2,0,4,2,34.52912027777778,139.2775963888889,5,3,9999,0,1,0
1,30,100,48,2,0,1,30000,0,101,2023,5,9,16,43,12,4,42,18,34,1,1,1,14,7,0,0,0,0,2,9,1,70,5,4,1,25,1,3,61,1,0,1,0,1,0,11,0,2,0,40,0,3,0,2,0,2,0,4,2,35.68872305555555,139.74201499999998,3,3,9999,0,1,0
1,30,101,43,2,0,1,30000,0,101,2023,3,15,19,0,22,5,53,17,48,1,1,1,1,1,9,22,0,0,15,9,30,70,5,2,1,65,25,3,61,1,0,1,0,1,0,11,0,4,0,30,0,3,0,2,0,2,0,4,2,35.67565361111111,139.76359166666666,4,3,9999,0,1,0
1,30,101,50,2,0,1,30000,0,101,2023,5,28,15,50,12,4,28,18,48,1,1,1,1,7,9,22,0,0,15,9,30,70,5,2,1,35,35,51,61,41,0,0,0,0,0,0,0,0,0,30,0,3,0,0,0,0,0,4,2,35.67375222222222,139.76400444444445,1,3,0,0,0,0