資料区分,都道府県コード,警察署等コード,本票番号,事故内容,死者数,負傷者数,路線コード,地点コード,市区町村コード,発生日時　　年,発生日時　　月,発生日時　　日,発生日時　　時,発生日時　　分,昼夜,日の出時刻　　時,日の出時刻　　分,日の入り時刻　　時,日の入り時刻　　分,天候,地形,路面状態,道路形状,信号機,一時停止規制　標識（当事者A）,一時停止規制　表示（当事者A）,一時停止規制　標識（当事者B）,一時停止規制　表示（当事者B）,車道幅員,道路線形,衝突地点,ゾーン規制,中央分離帯施設等,歩車道区分,事故類型,年齢（当事者A）,年齢（当事者B）,当事者種別（当事者A）,当事者種別（当事者B）,用途別（当事者A）,用途別（当事者B）,車両形状等（当事者A）,車両形状等（当事者B）,オートマチック車（当事者A）,オートマチック車（当事者B）,サポカー（当事者A）,サポカー（当事者B）,速度規制（指定のみ）（当事者A）,速度規制（指定のみ）（当事者B）,車両の衝突部位（当事者A）,車両の衝突部位（当事者B）,車両の損壊程度（当事者A）,車両の損壊程度（当事者B）,エアバッグの装備（当事者A）,エアバッグの装備（当事者B）,サイドエアバッグの装備（当事者A）,サイドエアバッグの装備（当事者B）,人身損傷程度（当事者A）,人身損傷程度（当事者B）,lat,lon,曜日(発生年月日),祝日(発生年月日),認知機能検査経過日数（当事者A）,認知機能検査経過日数（当事者B）,運転練習の方法（当事者A）,運転練習の方法（当事者B）
1,30,102,44,2,0,1,30000,0,101,2023,5,6,21,38,22,4,45,18,31,2,1,1,1,7,1,21,0,0,14,9,30,70,5,1,1,65,35,3,61,1,0,1,0,1,0,11,0,1,0,10,0,3,0,2,0,2,0,4,2,35.69463333333333,139.76107555555555,7,3,9999,0,9,0
1,30,102,47,2,0,1,30000,0,101,2023,5,27,16,18,12,4,29,18,48,1,1,1,14,7,0,0,0,0,3,9,1,1,5,1,1,1,0,61,0,0,0,0,0,0,0,0,0,0,0,0,0,0,0,0,0,0,0,2,0,35.70036527777778,139.76155944444446,7,3,0,0,0,0
1,30,102,48,2,0,1,30000,0,101,2023,5,29,22,46,22,4,28,18,49,3,1,2,1,1,9,22,0,0,15,9,30,70,4,2,1,45,35,13,61,31,0,11,0,1,0,11,0,4,0,10,0,3,0,2,0,2,0,4,2,35.69285,139.75885888888888,2,3,9999,0,5,0
1,30,102,49,2,0,1,10050,0,101,2023,5,30,11,35,12,4,28,18,50,2,1,1,1,1,9,22,0,0,15,9,30,70,1,1,1,35,55,51,61,41,0,0,0,0,0,0,0,0,0,10,0,4,0,0,0,0,0,4,2,35.69595555555555,139.76034277777777,3,3,0,0,0,0
1,30,103,24,2,0,1,30000,0,101,2023,5,1,23,23,22,4,50,18,27,1,1,1,14,7,0,0,0,0,2,9,1,70,5,3,1,55,35,3,61,31,0,1,0,1,0,11,0,2,0,40,0,4,0,2,0,2,0,4,2,35.69102722222222,139.77094472222223,2,3,9999,0,9,0
1,30,103,25,2,0,1,20540,0,101,2023,5,5,19,5,21,4,46,18,30,1,1,1,1,1,9,22,0,0,15,9,30,70,4,1,1,25,35,51,61,41,0,0,0,0,0,0,0,0,0,40,0,4,0,0,0,0,0,4,2,35.69961583333333,139.7727966666667,6,1,0,0,0,0
1,30,103,27,2,0,1,20070,0,101,2023,5,9,20,56,22,4,42,18,34,1,1,5,1,1,9,22,0,0,19,3,30,70,5,4,1,65,1,14,61,31,0,11,0,1,0,11,0,3,0,20,0,4,0,2,0,2,0,4,2,35.697512222222215,139.77118555555558,3,3,9999,0,9,0
1,30,103,28,2,0,1,20000,0,101,2023,5,12,15,37,12,4,39,18,36,1,1,1,1,1,9,22,0,0,19,9,30,70,4,2,1,55,35,4,61,31,0,1,0,1,0,11,0,3,0,20,0,3,0,2,0,2,0,4,2,35.69863888888889,139.76917916666667,6,3,9999,0,9,0
1,30,103,34,2,0,1,30000,0,101,2023,5,26,4,5,23,4,29,18,47,1,1,1,14,7,0,0,0,0,3,9,1,70,5,2,1,55,25,3,61,1,0,1,0,1,0,11,0,2,0,80,0,3,0,2,0,2,0,4,2,35.696018055555555,139.76875222222225,6,3,9999,0,9,0
1,30,103,35,2,0,1,10050,0,101,2023,5,26,14,35,12,4,29,18,47,1,1,2,1,1,9,22,0,0,17,9,30,70,1,2,1,1,45,14,61,31,0,11,0,1,0,11,0,4,0,50,0,4,0,2,0,2,0,4,2,35.69566138888889,139.77374722222223,6,3,9999,0,5,0
1,30,103,36,2,0,1,20070,0,101,2023,5,26,22,20,22,4,29,18,47,1,1,1,1,7,9,22,0,0,17,9,30,70,1,2,1,55,45,3,61,1,0,1,0,1,0,11,0,4,0,10,0,4,0,2,0,2,0,4,2,35.69643833333333,139.77088472222223,6,3,9999,0,9,0
1,30,104,101,2,0,1,95000,0,102,2023,5,2,18,5,13,4,49,18,28,1,1,1,1,1,9,22,0,0,19,9,30,70,5,2,1,35,45,13,61,31,0,11,0,1,0,11,0,4,0,10,0,4,0,2,0,2,0,4,2,35.689355,139.77546222222225,3,2,9999,0,4,0
1,30,104,102,2,0,1,30000,0,102,2023,5,5,11,41,12,4,46,18,30,1,1,1,1,7,9,22,0,0,11,9,30,70,5,2,1,45,35,3,61,31,0,1,0,1,0,11,0,1,0,10,0,3,0,2,0,2,0,4,2,35.686747777777775,139.77545083333334,6,1,9999,0,9,0
1,30,104,103,2,0,1,30000,0,102,2023,5,10,18,0,13,4,41,18,35,1,1,1,1,7,9,22,0,0,14,9,30,70,5,2,1,65,55,3,61,1,0,1,0,1,0,11,0,10,0,10,0,3,0,2,0,2,0,4,2,35.678645833333334,139.76973194444446,4,3,9999,0,9,0
1,30,104,106,2,0,1,95000,0,102,2023,5,12,14,15,12,4,39,18,36,1,1,1,0,7,0,0,0,0,0,0,20,70,0,2,1,1,65,51,61,41,0,0,0,0,0,0,0,0,0,10,0,3,0,0,0,0,0,4,2,35.67451166666667,139.78568027777777,6,3,0,0,0,0
1,30,104,125,2,0,1,30000,0,102,2023,5,7,22,5,22,4,44,18,32,3,1,2,1,7,1,22,0,0,14,9,30,70,5,3,1,25,45,14,61,1,0,11,0,1,0,11,0,5,0,10,0,3,0,2,0,2,0,4,2,35.67411444444444,139.77864972222224,1,3,9999,0,1,0
1,30,104,131,2,0,1,30000,0,102,2023,5,31,22,20,22,4,27,18,50,1,1,1,1,7,9,22,0,0,14,9,30,70,5,1,1,55,25,3,61,1,0,1,0,1,0,11,0,3,0,40,0,4,0,2,0,2,0,4,2,35.6757475,139.77514222222223,4,3,9999,0,9,0
1,30,105,34,2,0,1,30080,0,102,2022,10,7,17,25,21,5,40,17,17,3,1,2,1,3,8,22,0,0,17,9,30,70,5,2,1,1,35,51,61,41,0,0,0,0,0,0,0,0,0,10,0,4,0,0,0,0,0,4,2,35.68646722222222,139.78223305555557,6,3,0,0,0,0
1,30,105,39,2,0,1,99000,0,102,2023,5,10,13,0,12,4,41,18,35,1,1,1,0,7,0,0,0,0,0,0,20,70,0,4,1,65,75,3,61,1,0,1,0,1,0,11,0,10,0,40,0,3,0,2,0,2,0,4,2,35.68223694444444,139.78636333333333,4,3,9999,0,9,0
1,30,105,43,2,0,1,20000,0,102,2023,5,23,16,35,12,4,31,18,45,3,1,2,1,1,9,22,0,0,19,9,30,70,4,1,1,55,1,11,61,31,0,11,0,1,0,11,0,3,0,84,0,4,0,2,0,2,0,4,2,35.686209722222216,139.78212944444445,3,3,9999,0,1,0
1,30,105,44,2,0,1,30090,0,102,2023,5,25,7,35,12,4,30,18,46,2,1,1,1,1,9,22,0,0,17,9,30,70,1,1,1,55,25,14,61,1,0,11,0,1,0,11,0,4,0,10,0,3,0,2,0,1,0,4,2,35.69277638888889,139.78493,5,3,9999,0,9,0
1,30,105,46,2,0,1,30000,0,102,2023,5,27,11,2,12,4,29,18,48,1,1,1,1,7,1,21,0,0,14,9,30,1,5,2,1,35,25,36,61,31,0,0,0,0,0,11,0,2,0,10,0,4,0,0,0,0,0,4,2,35.691564166666666,139.78175416666667,7,3,9999,0,1,0
1,30,106,65,2,0,1,30000,0,102,2023,5,22,16,22,12,4,32,18,44,1,1,1,14,7,0,0,0,0,2,9,1,70,5,3,1,55,45,3,61,31,0,1,0,1,0,11,0,2,0,40,0,4,0,2,0,2,0,4,2,35.672173055555554,139.76469805555556,2,3,9999,0,9,0
1,30,106,69,2,0,1,30000,0,102,2023,3,24,17,30,13,5,40,17,56,1,1,1,14,7,0,0,0,0,3,9,1,70,4,2,1,55,45,3,61,31,0,1,0,1,0,11,0,5,0,30,0,4,0,2,0,2,0,4,2,35.66994472222222,139.7726088888889,6,3,9999,0,9,0
1,30,106,72,2,0,1,30000,0,102,2023,5,31,11,30,12,4,27,18,50,2,1,1,1,7,9,22,0,0,14,9,30,1,5,1,1,65,65,3,61,1,0,1,0,1,0,11,0,2,0,50,0,3,0,2,0,2,0,4,2,35.667223888888884,139.762385,4,3,9999,0,9,0
1,30,106,73,2,0,1,30000,0,102,2023,5,13,17,0,12,4,38,18,37,2,1,2,1,1,9,22,0,0,18,9,30,70,1,1,1,75,25,3,61,31,0,1,0,1,0,11,0,4,0,10,0,3,0,2,0,2,0,4,2,35.66563722222222,139.76924611111113,7,3,409,0,9,0
1,30,106,74,2,0,1,30000,0,102,2023,5,21,21,0,22,4,32,18,43,1,1,1,7,7,0,0,0,0,2,9,1,70,5,2,1,1,35,14,61,31,0,11,0,1,0,11,0,5,0,40,0,4,0,2,0,2,0,4,2,35.67173583333333,139.78094583333333,1,3,9999,0,1,0
1,30,106,75,2,0,1,10020,0,102,2023,5,9,1,15,22,4,42,18,34,1,1,1,1,1,9,22,0,0,19,9,30,70,5,1,1,55,35,3,61,1,0,1,0,1,0,11,0,5,0,10,0,3,0,2,0,2,0,4,2,35.67115666666666,139.76492805555554,3,3,9999,0,9,0
1,30,107,50,2,0,1,30000,0,102,2023,5,26,19,40,21,4,29,18,47,2,1,1,14,7,0,0,0,0,4,9,1,70,4,2,1,25,1,3,61,31,0,1,0,1,0,11,0,3,0,44,0,3,0,2,0,2,0,4,2,35.65575694444444,139.7846461111111,6,3,9999,0,1,0
1,30,107,52,2,0,1,20680,0,102,2023,5,19,17,15,12,4,34,18,42,3,1,2,14,7,0,0,0,0,3,9,1,70,1,2,1,35,65,51,61,41,0,0,0,0,0,0,0,0,0,20,0,4,0,0,0,0,0,4,2,35.65735083333333,139.77452861111112,6,3,0,0,0,0
1,30,108,79,2,0,1,95000,0,103,2023,3,19,14,20,12,5,47,17,51,1,1,1,0,7,0,0,0,0,0,0,20,70,0,2,1,35,1,24,61,0,0,31,0,0,0,11,0,2,0,0,0,4,0,0,0,0,0,4,2,35.653189166666664,139.75699916666667,1,3,9999,0,1,0
1,30,108,80,2,0,2,150,36,103,2023,3,28,23,31,22,5,34,17,59,1,1,1,1,1,9,22,0,0,18,9,30,70,1,1,1,55,55,34,61,31,0,0,0,0,0,11,0,5,0,20,0,2,0,0,0,0,0,2,2,35.65674611111111,139.7546963888889,3,3,9999,0,5,0
1,30,108,82,2,0,1,150,25,103,2023,4,26,1,51,22,4,56,18,23,2,1,1,1,1,9,22,0,0,19,9,30,70,1,1,1,65,25,3,61,1,0,1,0,1,0,11,0,10,0,10,0,3,0,2,0,2,0,4,2,35.66536555555555,139.75949,4,3,9999,0,9,0
1,30,108,87,2,0,1,30000,0,103,2023,5,13,13,55,12,4,38,18,37,3,1,2,1,1,9,22,0,0,14,9,30,70,4,2,1,55,75,13,61,31,0,11,0,1,0,11,0,10,0,10,0,3,0,2,0,2,0,4,2,35.6549675,139.75269722222222,7,3,9999,0,9,0
1,30,108,92,2,0,1,30000,0,103,2023,5,24,21,39,22,4,30,18,46,1,1,1,14,7,0,0,0,0,2,9,1,70,5,3,1,35,55,3,61,1,0,1,0,1,0,11,0,5,0,40,0,4,0,2,0,2,0,4,2,35.66506944444444,139.75811777777778,4,3,9999,0,9,0
1,30,108,93,2,0,1,30000,0,103,2023,5,18,0,14,22,4,34,18,41,1,1,1,1,7,8,21,0,0,15,9,30,70,5,3,1,45,25,3,61,1,0,1,0,1,0,11,0,1,0,70,0,4,0,2,0,2,0,4,2,35.66468305555556,139.75742555555556,5,3,9999,0,9,0
1,30,108,94,2,0,1,30000,0,103,2023,5,22,3,25,22,4,32,18,44,2,1,1,1,7,1,21,0,0,14,9,30,70,5,2,1,55,55,14,61,1,0,11,0,1,0,11,0,2,0,40,0,3,0,2,0,2,0,4,2,35.65931305555556,139.75106333333332,2,3,9999,0,9,0
1,30,109,65,2,0,1,30000,0,103,2023,5,10,14,21,12,4,41,18,35,1,1,1,14,7,0,0,0,0,3,8,1,70,4,1,1,35,1,51,61,41,0,0,0,0,0,0,0,0,0,10,0,3,0,0,0,0,0,4,2,35.64557694444444,139.74199833333333,4,3,0,0,0,0
1,30,109,68,2,0,1,1300,0,103,2023,5,18,1,38,22,4,34,18,41,1,1,1,1,1,9,22,0,0,15,8,30,70,1,2,1,45,25,3,61,1,0,1,0,1,0,11,0,10,0,10,0,3,0,2,0,2,0,4,2,35.64680277777778,139.74721277777778,5,3,9999,0,9,0
1,30,109,73,2,0,1,30000,0,103,2023,5,23,12,15,12,4,31,18,45,3,1,2,1,7,1,21,0,0,18,9,30,70,4,2,1,35,25,14,61,1,0,11,0,1,0,11,0,10,0,10,0,3,0,2,0,2,0,4,2,35.64989277777778,139.75029472222224,3,3,9999,0,1,0
1,30,109,75,2,0,1,10,66,103,2023,5,13,14,0,12,4,38,18,37,3,1,1,7,7,0,0,0,0,6,9,1,70,1,2,1,1,25,51,61,41,0,0,0,0,0,0,0,0,0,10,0,3,0,0,0,0,0,4,2,35.648095833333336,139.74470416666665,7,3,0,0,0,0
1,30,110,41,2,0,1,30000,0,103,2023,4,15,15,10,12,5,9,18,14,3,1,2,14,7,0,0,0,0,3,9,1,70,5,3,1,75,25,3,61,31,0,1,0,1,0,11,0,10,0,80,0,3,0,2,0,2,0,4,2,35.644932222222224,139.7315475,7,3,24,0,1,0
1,30,110,42,2,0,1,30000,0,103,2023,4,23,17,15,12,4,59,18,20,1,1,1,14,7,0,0,0,0,3,9,1,70,5,2,1,45,25,13,61,31,0,11,0,1,0,11,0,3,0,80,0,3,0,2,0,2,0,4,2,35.62905027777778,139.73666166666666,1,3,9999,0,9,0
1,30,110,43,2,0,1,10140,0,103,2023,4,23,17,26,13,4,59,18,20,1,1,1,1,1,9,22,0,0,19,9,30,70,4,2,1,45,65,3,61,31,0,1,0,1,0,11,0,4,0,10,0,3,0,2,0,2,0,4,2,35.62911388888889,139.7452275,1,3,9999,0,5,0
1,30,111,104,2,0,1,30000,0,103,2023,4,6,19,19,22,5,22,18,6,2,1,1,1,1,9,22,0,0,18,7,30,70,1,1,1,25,1,34,61,31,0,0,0,0,0,11,0,5,0,21,0,3,0,0,0,0,0,4,2,35.656437499999996,139.74448416666667,5,3,9999,0,1,0
1,30,111,109,2,0,1,20170,0,103,2023,5,10,3,2,22,4,41,18,35,1,1,1,14,7,0,0,0,0,5,9,1,70,1,1,1,25,25,3,61,1,0,1,0,1,0,11,0,10,0,10,0,3,0,2,0,2,0,4,2,35.66092277777778,139.72713805555557,4,3,9999,0,5,0
1,30,111,125,2,0,1,30000,0,103,2023,5,26,18,36,13,4,29,18,47,2,1,1,14,7,0,0,0,0,5,9,1,70,4,1,1,45,25,17,61,1,0,11,0,1,0,11,0,4,0,30,0,3,0,2,0,2,0,4,2,35.6642125,139.72441750000002,6,3,9999,0,5,0
1,30,111,129,2,0,1,10670,0,103,2023,5,29,8,25,12,4,28,18,49,3,1,2,1,1,9,22,0,0,19,9,30,70,4,1,1,55,65,17,61,1,0,11,0,1,0,11,0,4,0,80,0,3,0,2,0,2,0,4,2,35.66597333333333,139.7246477777778,2,3,9999,0,9,0
1,30,112,102,2,0,1,20090,0,101,2023,4,30,21,20,22,4,51,18,26,2,1,1,1,1,9,22,0,0,15,9,30,70,1,2,1,65,55,3,61,1,0,1,0,1,0,11,0,5,0,10,0,3,0,2,0,2,0,4,2,35.670409444444445,139.74597083333333,1,3,9999,0,9,0
1,30,112,109,2,0,1,20170,0,103,2023,5,13,14,30,12,4,38,18,37,3,1,2,14,7,0,0,0,0,6,9,1,70,1,1,1,25,55,51,61,41,0,0,0,0,0,0,0,0,0,10,0,3,0,0,0,0,0,4,2,35.659015,139.7170725,7,3,0,0,0,0
1,30,112,113,2,0,1,2460,34,103,2023,5,17,9,30,12,4,35,18,40,1,1,1,1,7,9,22,0,0,14,9,30,70,1,1,1,35,45,51,61,41,0,0,0,0,0,0,0,0,0,10,0,3,0,0,0,0,0,4,2,35.66606888888889,139.7131,4,3,0,0,0,0
1,30,112,114,2,0,1,20150,0,103,2023,4,25,10,52,12,4,57,18,22,1,1,1,1,7,9,22,0,0,14,9,30,70,4,1,1,75,35,3,61,1,0,1,0,1,0,11,0,3,0,40,0,3,0,2,0,2,0,4,2,35.67319416666666,139.73827527777777,3,3,9999,0,9,0
1,30,112,121,2,0,1,20090,0,103,2023,5,29,10,5,12,4,28,18,49,3,1,2,1,1,9,22,0,0,18,9,30,70,1,1,1,25,1,13,61,31,0,11,0,1,0,11,0,4,0,10,0,3,0,2,0,2,0,4,2,35.67207111111111,139.74111833333333,2,3,9999,0,1,0
1,30,113,91,2,0,1,3570,0,108,2023,5,5,14,30,12,4,46,18,30,1,1,1,12,7,0,0,0,0,5,8,1,70,1,1,1,65,55,51,61,41,0,0,0,0,0,0,0,0,0,10,0,3,0,0,0,0,0,2,4,35.64780777777778,139.84135916666668,6,1,0,0,0,0
1,30,113,94,2,0,2,85000,0,103,2023,5,10,11,50,12,4,41,18,35,1,1,1,1,1,9,22,0,0,19,9,30,70,4,2,1,45,25,17,61,31,0,11,0,2,0,11,0,3,0,80,0,2,0,2,0,2,0,4,2,35.629179444444446,139.75760583333334,4,3,9999,0,1,0
1,30,113,100,2,0,1,30000,0,108,2023,5,24,9,55,12,4,30,18,46,1,1,1,13,7,0,0,0,0,3,6,1,70,3,1,1,35,75,3,61,1,0,1,0,1,0,11,0,3,0,10,0,4,0,2,0,2,0,4,2,35.63371,139.83444555555556,4,3,9999,0,9,0
1,30,215,47,2,0,1,30000,0,109,2023,5,16,8,40,12,4,36,18,39,1,1,1,1,7,1,21,0,0,11,8,30,70,5,3,1,25,35,51,61,41,0,0,0,0,0,0,0,0,0,10,0,3,0,0,0,0,0,4,2,35.61589138888889,139.7300275,3,3,0,0,0,0
1,30,215,58,2,0,1,30000,0,109,2023,5,30,15,25,12,4,28,18,50,1,1,1,1,7,9,22,0,0,11,9,30,70,5,1,1,55,1,35,61,31,0,0,0,0,0,11,0,3,0,10,0,3,0,0,0,0,0,4,2,35.6104275,139.73678777777778,3,3,9999,0,9,0
1,30,216,85,2,0,1,99000,0,109,2023,5,12,16,15,12,4,39,18,36,1,1,1,0,7,0,0,0,0,0,0,20,70,0,4,1,55,55,13,61,31,0,11,0,1,0,11,0,10,0,60,0,4,0,2,0,2,0,4,2,35.60529416666667,139.75256972222223,6,3,9999,0,9,0
1,30,216,90,2,0,1,30910,0,109,2023,5,26,16,45,12,4,29,18,47,1,1,1,7,1,0,0,0,0,5,9,1,70,1,1,1,75,35,52,61,41,0,0,0,0,0,0,0,0,0,10,0,4,0,0,0,0,0,2,4,35.596182222222225,139.7425625,6,3,0,0,0,0
1,30,217,94,2,0,1,30000,0,109,2023,5,27,16,0,12,4,29,18,48,1,1,1,14,7,0,0,0,0,3,9,1,70,5,2,1,35,0,61,0,0,0,0,0,0,0,0,0,0,0,0,0,0,0,0,0,0,0,2,0,35.625840277777776,139.71389638888888,7,3,0,0,0,0
1,30,217,95,2,0,1,30000,0,109,2023,5,18,16,39,12,4,34,18,41,1,1,1,14,7,0,0,0,0,1,9,1,70,5,3,1,65,35,3,61,1,0,1,0,1,0,11,0,1,0,40,0,4,0,2,0,2,0,4,2,35.623415,139.7239952777778,5,3,9999,0,9,0
1,30,217,98,2,0,1,30000,0,109,2023,5,27,11,15,12,4,29,18,48,1,1,1,14,7,0,0,0,0,3,9,1,70,5,2,1,35,55,51,61,41,0,0,0,0,0,0,0,0,0,10,0,4,0,0,0,0,0,4,2,35.63350166666667,139.7151436111111,7,3,0,0,0,0
1,30,218,63,2,0,1,30000,0,109,2023,5,9,11,37,12,4,42,18,34,1,1,1,1,7,9,22,0,0,11,9,30,70,5,4,1,25,75,14,61,1,0,11,0,1,0,11,0,2,0,40,0,4,0,2,0,2,0,4,2,35.614865555555554,139.6971902777778,3,3,9999,0,5,0
1,30,218,73,2,0,1,90000,0,109,2023,5,31,8,45,12,4,27,18,50,2,1,1,0,7,0,0,0,0,0,0,20,70,0,4,1,55,65,3,61,1,0,1,0,1,0,11,0,10,0,40,0,4,0,2,0,2,0,4,2,35.60825222222223,139.70398444444444,4,3,9999,0,9,0
1,30,219,155,2,0,1,30000,0,111,2023,3,11,13,58,12,5,58,17,45,1,1,1,1,7,9,22,0,0,11,9,30,70,5,2,1,65,75,3,61,31,0,1,0,1,0,11,0,10,0,10,0,3,0,2,0,2,0,4,2,35.57613916666667,139.72274833333333,7,3,9999,0,9,0
1,30,219,157,2,0,1,10130,0,111,2023,3,23,8,40,12,5,41,17,55,3,1,2,1,1,9,22,0,0,18,9,30,70,1,2,1,35,25,14,61,1,0,11,0,1,0,11,0,4,0,10,0,3,0,2,0,2,0,4,2,35.58548388888889,139.7478722222222,5,3,9999,0,1,0
1,30,219,191,2,0,1,150,124,111,2023,5,25,17,20,12,4,30,18,46,1,1,1,14,7,0,0,0,0,2,9,1,70,5,1,1,1,75,51,61,41,0,0,0,0,0,0,0,0,0,20,0,4,0,0,0,0,0,4,2,35.58542861111111,139.7363758333333,5,3,0,0,0,0
1,30,219,196,2,0,1,30000,0,111,2023,5,29,16,7,12,4,28,18,49,3,1,2,14,7,0,0,0,0,3,9,1,1,5,3,1,45,65,3,61,1,0,1,0,1,0,11,0,2,0,60,0,4,0,2,0,2,0,4,2,35.58629444444445,139.7287363888889,2,3,9999,0,9,0
1,30,219,197,2,0,1,30000,0,111,2023,5,29,13,55,12,4,28,18,49,3,1,2,7,1,0,0,0,0,1,9,1,70,5,2,1,45,55,13,61,31,0,11,0,1,0,11,0,2,0,40,0,4,0,2,0,1,0,4,2,35.569120277777785,139.72841333333332,2,3,9999,0,1,0
1,30,220,82,2,0,1,10130,0,111,2023,5,12,22,0,22,4,39,18,36,1,1,1,1,1,9,22,0,0,18,9,30,70,1,2,1,55,45,3,61,31,0,1,0,1,0,11,0,4,0,80,0,3,0,2,0,2,0,4,2,35.58892277777778,139.67768999999998,6,3,9999,0,9,0
1,30,220,88,2,0,1,10170,0,111,2023,5,20,10,45,12,4,33,18,43,2,1,2,1,1,9,22,0,0,18,9,30,70,1,1,1,65,65,34,61,31,0,0,0,0,0,11,0,4,0,10,0,3,0,0,0,0,0,4,2,35.58600222222223,139.6697272222222,7,3,9999,0,9,0
1,30,220,90,2,0,1,30000,0,111,2023,5,20,14,55,12,4,33,18,43,1,1,1,14,7,0,0,0,0,2,9,1,70,5,3,1,35,75,52,61,41,0,0,0,0,0,0,0,0,0,10,0,4,0,0,0,0,0,4,2,35.59166805555556,139.68190805555554,7,3,0,0,0,0
1,30,220,93,2,0,1,30000,0,111,2023,5,25,7,35,12,4,30,18,46,2,1,1,1,7,9,22,0,0,15,9,30,1,5,1,1,1,1,51,61,41,0,0,0,0,0,0,0,0,0,10,0,4,0,0,0,0,0,4,2,35.57208277777778,139.68090027777777,5,3,0,0,0,0
1,30,221,125,2,0,1,95000,0,111,2023,4,26,7,40,12,4,56,18,23,3,1,2,14,7,0,0,0,0,1,9,1,70,5,4,1,25,0,61,0,0,0,0,0,0,0,0,0,0,0,0,0,0,0,0,0,0,0,2,0,35.562484999999995,139.71973222222223,4,3,0,0,0,0
1,30,221,127,2,0,1,99000,0,111,2023,5,2,8,54,12,4,49,18,28,1,1,1,0,7,0,0,0,0,0,0,20,70,0,3,1,55,1,51,61,41,0,0,0,0,0,0,0,0,0,20,0,3,0,0,0,0,0,4,2,35.55499111111111,139.70907527777777,3,2,0,0,0,0
1,30,221,136,2,0,1,10190,0,111,2023,5,14,19,45,22,4,37,18,38,3,1,2,1,1,9,22,0,0,19,9,30,70,5,2,1,35,25,4,61,31,0,1,0,1,0,11,0,3,0,50,0,3,0,2,0,2,0,4,2,35.56278138888889,139.7211436111111,1,3,9999,0,1,0
1,30,221,144,2,0,1,30000,0,111,2023,5,22,18,25,13,4,32,18,44,2,1,1,14,7,0,0,0,0,2,9,1,70,5,3,1,75,1,3,61,31,0,1,0,1,0,11,0,2,0,10,0,3,0,2,0,2,0,4,2,35.55023527777777,139.74729472222222,2,3,9999,0,9,0
1,30,221,155,2,0,1,30000,0,111,2023,4,29,13,10,12,4,52,18,25,1,1,1,14,7,0,0,0,0,2,9,1,70,5,3,1,65,55,51,61,41,0,0,0,0,0,0,0,0,0,10,0,3,0,0,0,0,0,4,2,35.551359999999995,139.71184416666665,7,1,0,0,0,0
1,30,221,157,2,0,1,10200,0,111,2023,5,19,16,50,12,4,34,18,42,3,1,2,1,1,9,22,0,0,14,9,30,70,5,2,1,65,75,3,61,31,0,1,0,1,0,11,0,5,0,50,0,4,0,2,0,2,0,4,2,35.55296,139.73358888888887,6,3,9999,0,1,0
1,30,222,106,2,0,1,20180,0,111,2023,5,3,15,40,12,4,48,18,29,1,1,1,1,1,9,22,0,0,15,9,30,70,4,2,1,55,45,3,61,31,0,1,0,1,0,11,0,3,0,70,0,4,0,2,0,2,0,4,2,35.57556277777778,139.71213944444443,4,1,9999,0,9,0
1,30,222,108,2,0,1,30000,0,111,2023,5,6,6,50,12,4,45,18,31,1,1,1,14,7,0,0,0,0,1,9,1,70,5,4,1,1,75,51,61,41,0,0,0,0,0,0,0,0,0,10,0,3,0,0,0,0,0,4,2,35.575517500000004,139.7085913888889,7,3,0,0,0,0
1,30,222,110,2,0,1,30000,0,111,2023,5,8,7,8,12,4,43,18,33,3,1,2,7,7,0,0,0,0,2,9,1,70,5,3,1,45,1,3,61,1,0,1,0,1,0,11,0,2,0,10,0,3,0,2,0,2,0,4,2,35.59954305555556,139.71131499999998,2,3,9999,0,1,0
1,30,222,119,2,0,1,30000,0,111,2023,5,12,12,20,12,4,39,18,36,1,1,1,1,7,1,21,0,0,11,9,30,70,4,3,1,65,45,13,61,1,0,11,0,1,0,11,0,2,0,10,0,3,0,2,0,2,0,4,2,35.574041111111114,139.70134694444442,6,3,9999,0,9,0
1,30,222,120,2,0,1,10190,0,111,2023,5,15,8,33,12,4,37,18,39,3,1,2,1,7,9,22,0,0,11,9,30,70,4,2,1,55,75,4,61,31,0,1,0,1,0,11,0,3,0,10,0,3,0,2,0,2,0,4,2,35.56450472222222,139.70861055555554,2,3,9999,0,9,0
1,30,222,135,2,0,1,30000,0,111,2023,5,30,18,10,13,4,28,18,50,1,1,1,14,7,0,0,0,0,2,9,1,70,5,2,1,1,1,51,61,41,0,0,0,0,0,0,0,0,0,10,0,4,0,0,0,0,0,4,2,35.581175,139.69935777777778,3,3,0,0,0,0
1,30,223,17,2,0,1,90000,0,111,2023,5,19,20,42,22,4,34,18,42,3,1,2,14,7,0,0,0,0,6,9,1,70,5,2,1,45,55,4,61,31,0,1,0,1,0,11,0,3,0,0,0,4,0,2,0,2,0,4,2,35.55002694444444,139.7885797222222,6,3,9999,0,1,0
1,30,325,95,2,0,1,2460,82,112,2023,5,23,2,30,22,4,31,18,45,3,1,2,1,1,9,22,0,0,19,9,30,70,1,2,1,55,35,3,61,31,0,1,0,1,0,11,0,10,0,10,0,4,0,2,0,2,0,4,2,35.64326444444444,139.67091555555555,3,3,9999,0,9,0
1,30,325,96,2,0,1,10210,0,112,2023,5,16,3,26,22,4,36,18,39,2,1,1,1,1,9,22,0,0,18,9,30,70,1,2,1,65,25,3,61,1,0,1,0,1,0,11,0,4,0,10,0,3,0,2,0,2,0,4,2,35.63702444444444,139.62124972222222,3,3,9999,0,9,0