資料区分,都道府県コード,警察署等コード,本票番号,事故内容,死者数,負傷者数,路線コード,地点コード,市区町村コード,発生日時　　年,発生日時　　月,発生日時　　日,発生日時　　時,発生日時　　分,昼夜,日の出時刻　　時,日の出時刻　　分,日の入り時刻　　時,日の入り時刻　　分,天候,地形,路面状態,道路形状,信号機,一時停止規制　標識（当事者A）,一時停止規制　表示（当事者A）,一時停止規制　標識（当事者B）,一時停止規制　表示（当事者B）,車道幅員,道路線形,衝突地点,ゾーン規制,中央分離帯施設等,歩車道区分,事故類型,年齢（当事者A）,年齢（当事者B）,当事者種別（当事者A）,当事者種別（当事者B）,用途別（当事者A）,用途別（当事者B）,車両形状等（当事者A）,車両形状等（当事者B）,オートマチック車（当事者A）,オートマチック車（当事者B）,サポカー（当事者A）,サポカー（当事者B）,速度規制（指定のみ）（当事者A）,速度規制（指定のみ）（当事者B）,車両の衝突部位（当事者A）,車両の衝突部位（当事者B）,車両の損壊程度（当事者A）,車両の損壊程度（当事者B）,エアバッグの装備（当事者A）,エアバッグの装備（当事者B）,サイドエアバッグの装備（当事者A）,サイドエアバッグの装備（当事者B）,人身損傷程度（当事者A）,人身損傷程度（当事者B）,lat,lon,曜日(発生年月日),祝日(発生年月日),認知機能検査経過日数（当事者A）,認知機能検査経過日数（当事者B）,運転練習の方法（当事者A）,運転練習の方法（当事者B）
1,30,325,100,2,0,1,30000,0,112,2023,5,30,8,50,12,4,28,18,50,1,1,1,1,7,9,22,0,0,15,9,30,70,5,2,1,25,1,51,61,41,0,0,0,0,0,0,0,0,0,10,0,3,0,0,0,0,0,4,2,35.64794555555555,139.67211555555554,3,3,0,0,0,0
1,30,325,101,2,0,1,95000,0,112,2023,5,30,16,25,12,4,28,18,50,1,1,1,14,7,0,0,0,0,2,9,20,70,5,3,1,75,1,3,61,1,0,1,0,1,0,11,0,2,0,40,0,3,0,2,0,2,0,4,2,35.63300888888889,139.67076527777778,3,3,488,0,1,0
1,30,325,103,2,0,1,10210,0,112,2023,4,29,18,55,21,4,52,18,25,1,1,1,1,1,9,22,0,0,14,9,30,70,1,2,1,55,55,3,61,31,0,1,0,1,0,11,0,3,0,10,0,3,0,2,0,2,0,4,2,35.642466666666664,139.65284472222223,7,1,9999,0,9,0
1,30,325,105,2,0,1,30740,0,112,2023,5,7,9,7,12,4,44,18,32,3,1,2,14,7,0,0,0,0,3,9,1,70,5,2,1,65,55,3,61,31,0,1,0,1,0,11,0,2,0,20,0,3,0,2,0,2,0,4,2,35.64458916666667,139.67068,1,3,9999,0,9,0
1,30,326,138,2,0,1,200,135,112,2023,1,24,2,35,22,6,47,17,0,2,1,1,1,1,9,22,0,0,15,9,30,70,1,1,1,25,65,31,61,31,0,0,0,0,0,11,0,10,0,10,0,3,0,0,0,0,0,4,2,35.67048944444444,139.652695,3,3,9999,0,9,0
1,30,326,142,2,0,1,30000,0,112,2023,4,12,15,30,12,5,13,18,11,2,1,1,14,7,0,0,0,0,2,9,1,70,5,4,1,45,1,51,61,41,0,0,0,0,0,0,0,0,0,20,0,3,0,0,0,0,0,4,2,35.64702055555556,139.6500002777778,4,3,0,0,0,0
1,30,326,143,2,0,1,30000,0,112,2023,4,20,15,10,12,5,3,18,18,1,1,1,1,7,9,22,0,0,14,9,30,70,5,2,1,35,75,12,61,1,0,11,0,1,0,11,0,2,0,80,0,3,0,2,0,2,0,4,2,35.64993055555556,139.6543861111111,5,3,9999,0,1,0
1,30,326,146,2,0,1,30000,0,112,2023,5,2,13,2,12,4,49,18,28,1,1,1,1,7,1,21,0,0,11,9,30,70,5,3,1,45,75,14,61,31,0,11,0,1,0,11,0,10,0,50,0,3,0,2,0,2,0,4,2,35.665506666666666,139.6387961111111,3,2,9999,0,9,0
1,30,326,165,2,0,1,10130,0,112,2023,5,29,19,40,21,4,28,18,49,3,1,2,1,1,9,22,0,0,19,9,30,70,1,2,1,65,35,3,61,31,0,1,0,1,0,11,0,4,0,10,0,3,0,2,0,2,0,4,2,35.66921166666666,139.6614175,2,3,9999,0,9,0
1,30,326,168,2,0,1,20260,0,112,2023,5,2,16,45,12,4,49,18,28,1,1,1,7,7,0,0,0,0,1,9,1,70,5,1,1,1,45,51,61,41,0,0,0,0,0,0,0,0,0,10,0,3,0,0,0,0,0,4,2,35.65110722222222,139.66938138888887,3,2,0,0,0,0
1,30,327,171,2,0,1,30000,0,112,2023,4,9,19,15,22,5,17,18,9,1,1,1,14,7,0,0,0,0,4,9,1,70,5,4,1,45,25,3,61,31,0,1,0,1,0,11,0,5,0,20,0,3,0,2,0,2,0,4,2,35.59277416666667,139.65627305555557,1,3,9999,0,9,0
1,30,327,172,2,0,1,30000,0,112,2023,4,17,8,25,12,5,7,18,15,1,1,1,1,7,9,22,0,0,11,9,30,70,5,4,1,45,75,51,61,41,0,0,0,0,0,0,0,0,0,0,0,3,0,0,0,0,0,4,2,35.60303833333334,139.64036388888888,2,3,0,0,0,0
1,30,327,175,2,0,1,10080,0,112,2023,5,10,15,44,12,4,41,18,35,1,1,1,1,1,9,22,0,0,18,9,30,70,1,1,1,65,75,3,61,31,0,1,0,1,0,11,0,4,0,0,0,4,0,2,0,2,0,4,2,35.613911944444446,139.66041361111112,4,3,9999,0,9,0
1,30,327,178,2,0,1,30190,0,112,2023,4,7,22,45,22,5,20,18,7,3,1,2,1,1,9,22,0,0,15,9,30,70,4,2,1,45,55,3,61,1,0,1,0,1,0,11,0,3,0,10,0,4,0,2,0,2,0,4,2,35.62797277777778,139.63553166666665,6,3,9999,0,5,0
1,30,327,179,2,0,1,10080,0,112,2023,5,14,9,10,12,4,37,18,38,2,1,1,14,7,0,0,0,0,3,9,1,70,5,2,1,35,1,3,61,31,0,1,0,1,0,11,0,3,0,10,0,3,0,2,0,2,0,4,2,35.59940111111111,139.64644222222222,1,3,9999,0,1,0
1,30,327,181,2,0,1,30000,0,112,2023,5,14,16,55,12,4,37,18,38,3,1,2,7,7,0,0,0,0,2,9,1,70,5,3,1,65,55,3,61,1,0,1,0,1,0,11,0,5,0,20,0,3,0,2,0,2,0,4,2,35.6279325,139.63331250000002,1,3,9999,0,9,0
1,30,327,184,2,0,1,30000,0,112,2023,5,18,8,10,12,4,34,18,41,1,1,1,1,7,9,22,0,0,11,9,30,70,5,3,1,1,1,52,61,41,0,0,0,0,0,0,0,0,0,40,0,4,0,0,0,0,0,4,2,35.59911972222223,139.6533388888889,5,3,0,0,0,0
1,30,327,185,2,0,1,30200,0,112,2023,5,20,7,15,12,4,33,18,43,3,1,2,1,1,9,22,0,0,15,9,30,70,4,2,1,1,75,51,61,41,0,0,0,0,0,0,0,0,0,10,0,4,0,0,0,0,0,4,2,35.62548833333334,139.65566,7,3,0,0,0,0
1,30,327,197,2,0,1,30000,0,112,2023,5,29,13,55,12,4,28,18,49,3,1,2,1,1,9,22,0,0,15,9,30,70,5,1,1,55,35,13,61,31,0,11,0,1,0,11,0,2,0,50,0,4,0,2,0,2,0,4,2,35.61770138888889,139.65559722222224,2,3,9999,0,9,0
1,30,327,198,2,0,1,30000,0,112,2023,2,24,23,10,22,6,18,17,31,2,1,2,1,1,9,22,0,0,15,9,30,70,4,3,1,75,25,3,61,1,0,1,0,1,0,11,0,2,0,10,0,3,0,2,0,2,0,4,2,35.60984666666667,139.66283583333333,6,3,9999,0,9,0
1,30,328,169,2,0,1,30000,0,112,2023,5,9,8,0,12,4,42,18,34,1,1,1,13,7,0,0,0,0,1,6,1,70,5,3,1,45,45,51,61,41,0,0,0,0,0,0,0,0,0,12,0,4,0,0,0,0,0,4,2,35.65284111111111,139.6039663888889,3,3,0,0,0,0
1,30,328,175,2,0,1,30000,0,112,2023,5,16,18,10,13,4,36,18,39,1,1,1,14,7,0,0,0,0,1,9,1,70,5,4,1,1,1,51,61,41,0,0,0,0,0,0,0,0,0,10,0,3,0,0,0,0,0,4,2,35.62679638888889,139.59901444444446,3,3,0,0,0,0
1,30,328,183,2,0,1,30000,0,112,2023,5,25,15,30,12,4,30,18,46,1,1,1,14,7,0,0,0,0,2,9,1,70,5,4,1,35,1,3,61,1,0,1,0,1,0,11,0,1,0,10,0,3,0,2,0,2,0,4,2,35.65295888888889,139.6181563888889,5,3,9999,0,1,0
1,30,328,186,2,0,1,30000,0,112,2023,5,27,12,37,12,4,29,18,48,1,1,1,14,7,0,0,0,0,2,9,1,70,5,3,1,55,55,3,61,31,0,1,0,1,0,11,0,2,0,40,0,3,0,2,0,2,0,4,2,35.641801666666666,139.60425805555556,7,3,9999,0,9,0
1,30,328,187,2,0,1,30000,0,112,2023,5,27,17,20,12,4,29,18,48,1,1,1,14,7,0,0,0,0,2,9,1,70,5,3,1,1,75,51,61,41,0,0,0,0,0,0,0,0,0,10,0,3,0,0,0,0,0,4,2,35.6566725,139.61311388888888,7,3,0,0,0,0
1,30,328,192,2,0,1,30000,0,112,2023,4,14,10,50,12,5,11,18,13,1,1,1,14,7,0,0,0,0,2,9,1,1,5,3,1,25,0,61,0,0,0,0,0,0,0,0,0,0,0,0,0,0,0,0,0,0,0,2,0,35.622195833333336,139.61233166666665,6,3,0,0,0,0
1,30,329,120,2,0,1,30000,0,110,2023,5,11,9,14,12,4,40,18,35,1,1,1,1,1,1,21,0,0,15,9,30,70,4,2,1,75,1,14,61,1,0,11,0,1,0,11,0,2,0,10,0,3,0,2,0,2,0,4,2,35.64100888888889,139.68563916666668,5,3,269,0,9,0
1,30,329,125,2,0,1,30210,0,110,2023,5,25,13,45,12,4,30,18,46,2,1,1,1,1,9,22,0,0,14,8,30,70,5,1,1,55,55,3,61,1,0,1,0,1,0,11,0,3,0,10,0,3,0,2,0,2,0,4,2,35.646950555555556,139.6930086111111,5,3,9999,0,9,0
1,30,329,128,2,0,1,30000,0,110,2023,5,29,14,30,12,4,28,18,49,3,1,2,14,7,0,0,0,0,1,9,1,70,5,3,1,55,75,3,61,1,0,1,0,1,0,11,0,2,0,40,0,3,0,2,0,2,0,4,2,35.641715,139.69714472222222,2,3,9999,0,9,0
1,30,330,120,2,0,1,20000,0,110,2023,5,28,19,9,21,4,28,18,48,2,1,1,1,1,0,0,0,0,15,9,30,70,4,2,1,1,0,61,0,0,0,0,0,0,0,0,0,0,0,0,0,0,0,0,0,0,0,2,0,35.62214111111111,139.7034711111111,1,3,0,0,0,0
1,30,330,127,2,0,1,20190,0,110,2023,5,7,13,35,12,4,44,18,32,1,1,2,14,1,0,0,0,0,3,9,1,70,4,1,1,25,55,51,61,41,0,0,0,0,0,0,0,0,0,10,0,3,0,0,0,0,0,4,2,35.62336,139.69808527777778,1,3,0,0,0,0
1,30,330,130,2,0,1,30000,0,110,2023,5,11,14,0,12,4,40,18,35,3,1,2,14,7,0,0,0,0,2,8,1,70,5,3,1,45,75,51,61,41,0,0,0,0,0,0,0,0,0,10,0,4,0,0,0,0,0,4,2,35.6067875,139.6787436111111,5,3,0,0,0,0
1,30,330,131,2,0,1,30000,0,110,2023,5,11,16,30,12,4,40,18,35,3,1,2,1,1,9,22,0,0,15,9,30,70,4,3,1,35,45,3,61,31,0,1,0,1,0,11,0,2,0,80,0,4,0,2,0,2,0,4,2,35.60922027777778,139.6656163888889,5,3,9999,0,1,0
1,30,330,133,2,0,1,20190,0,110,2023,5,6,10,0,12,4,45,18,31,1,1,1,1,7,9,22,0,0,14,9,30,70,4,1,1,75,75,3,61,1,0,1,0,1,0,11,0,3,0,40,0,4,0,2,0,2,0,4,2,35.622505277777776,139.6994338888889,7,3,460,0,9,0
1,30,330,135,2,0,1,20210,0,110,2023,5,16,13,22,12,4,36,18,39,1,1,1,1,1,9,22,0,0,15,9,30,70,4,2,1,35,55,36,61,31,0,31,0,0,0,11,0,10,0,10,0,3,0,0,0,0,0,4,2,35.628251666666664,139.66383166666668,3,3,0,0,0,0
1,30,330,141,2,0,1,30000,0,110,2023,5,23,17,10,12,4,31,18,45,2,1,2,7,7,0,0,0,0,2,9,1,70,4,1,1,45,1,14,61,31,0,11,0,1,0,11,0,2,0,50,0,3,0,2,0,2,0,4,2,35.62201805555556,139.6927347222222,3,3,9999,0,9,0
1,30,330,143,2,0,1,30000,0,110,2023,5,24,6,23,12,4,30,18,46,1,1,1,1,7,9,22,0,0,14,9,30,70,4,3,1,55,35,17,61,31,0,11,0,1,0,11,0,2,0,10,0,3,0,2,0,2,0,4,2,35.62934638888889,139.68348833333334,4,3,9999,0,9,0
1,30,330,149,2,0,1,30000,0,110,2023,5,27,7,40,12,4,29,18,48,1,1,1,1,1,9,22,0,0,11,9,30,70,4,3,1,45,45,3,61,31,0,1,0,1,0,11,0,2,0,10,0,3,0,2,0,2,0,4,2,35.60886333333333,139.66725055555554,7,3,9999,0,9,0
1,30,330,155,2,0,1,10080,0,110,2023,5,29,21,50,22,4,28,18,49,3,1,3,14,7,0,0,0,0,5,9,1,70,1,2,1,1,1,51,61,41,0,0,0,0,0,0,0,0,0,20,0,4,0,0,0,0,0,4,2,35.627475555555556,139.69253805555556,2,3,0,0,0,0
1,30,330,157,2,0,1,10080,0,110,2023,3,2,12,5,12,6,11,17,37,1,1,1,1,1,9,22,0,0,15,9,30,70,5,3,1,45,25,51,61,41,0,0,0,0,0,0,0,0,0,10,0,3,0,0,0,0,0,2,4,35.6240875,139.68682444444445,5,3,0,0,0,0
1,30,330,158,2,0,1,20210,0,110,2023,5,22,7,30,12,4,32,18,44,1,1,1,1,1,0,0,0,0,18,9,30,70,4,2,1,25,0,61,0,0,0,0,0,0,0,0,0,0,0,0,0,0,0,0,0,0,0,2,0,35.62495694444444,139.66578722222224,2,3,0,0,0,0
1,30,331,121,2,0,1,30000,0,113,2023,4,27,12,15,12,4,54,18,24,1,1,1,14,7,0,0,0,0,2,9,1,70,5,2,1,75,75,3,61,1,0,1,0,1,0,11,0,5,0,40,0,4,0,2,0,2,0,4,2,35.657759444444444,139.70110194444445,5,3,9999,0,1,0
1,30,331,122,2,0,1,30000,0,113,2023,5,1,9,15,12,4,50,18,27,1,1,1,1,7,1,21,0,0,14,9,30,70,5,3,1,55,35,13,61,31,0,11,0,2,0,11,0,5,0,10,0,4,0,2,0,2,0,4,2,35.663936666666665,139.7038022222222,2,3,9999,0,9,0
1,30,331,128,2,0,1,30000,0,113,2023,5,12,10,20,12,4,39,18,36,1,1,1,1,7,1,21,0,0,15,9,30,1,4,2,1,75,65,3,61,31,0,1,0,1,0,11,0,2,0,10,0,3,0,2,0,2,0,4,2,35.66148833333333,139.6959325,6,3,480,0,9,0
1,30,331,130,2,0,1,30000,0,113,2023,5,15,16,25,12,4,37,18,39,3,1,2,7,1,0,0,0,0,2,9,1,70,5,2,1,1,65,51,61,41,0,0,0,0,0,0,0,0,0,14,0,3,0,0,0,0,0,4,2,35.64534388888889,139.70818916666664,2,3,0,0,0,0
1,30,331,131,2,0,1,30220,0,113,2023,5,16,9,40,12,4,36,18,39,1,1,1,14,7,0,0,0,0,3,7,1,70,5,1,1,25,35,51,61,41,0,0,0,0,0,0,0,0,0,10,0,4,0,0,0,0,0,4,2,35.656972777777774,139.69566,3,3,0,0,0,0
1,30,331,133,2,0,1,30000,0,113,2023,5,17,17,2,12,4,35,18,40,1,1,1,1,1,2,22,0,0,14,9,30,70,4,2,1,35,1,51,61,41,0,0,0,0,0,0,0,0,0,10,0,4,0,0,0,0,0,4,2,35.662445,139.69924222222224,4,3,0,0,0,0
1,30,331,134,2,0,1,30000,0,113,2023,5,18,19,15,21,4,34,18,41,1,1,1,1,7,9,22,0,0,14,9,30,70,1,1,1,45,55,3,61,1,0,1,0,1,0,11,0,10,0,10,0,3,0,2,0,2,0,4,2,35.64967388888889,139.7041997222222,5,3,9999,0,1,0
1,30,331,139,2,0,1,2460,55,113,2023,5,24,18,30,13,4,30,18,46,1,1,1,1,1,9,22,0,0,15,9,30,70,1,2,1,75,35,3,61,1,0,1,0,1,0,11,0,10,0,10,0,3,0,2,0,2,0,4,2,35.655834722222224,139.69516444444446,4,3,58,0,9,0
1,30,331,148,2,0,1,20240,0,113,2023,3,25,3,55,22,5,39,17,56,3,1,2,14,1,0,0,0,0,5,9,1,70,6,1,1,75,25,3,61,1,0,1,0,1,0,11,0,4,0,30,0,3,0,2,0,2,0,4,2,35.647040277777776,139.70862888888888,7,3,719,0,9,0
1,30,331,149,2,0,1,30000,0,113,2023,5,12,20,3,22,4,39,18,36,1,1,1,14,7,0,0,0,0,4,9,1,70,4,1,1,55,1,3,61,31,0,1,0,1,0,11,0,3,0,40,0,3,0,2,0,2,0,4,2,35.661385833333334,139.70089249999998,6,3,9999,0,3,0
1,30,332,54,2,0,1,30000,0,113,2023,5,16,12,35,12,4,36,18,39,1,1,1,14,7,0,0,0,0,2,9,1,1,5,3,1,75,55,3,61,1,0,1,0,1,0,11,0,2,0,10,0,3,0,2,0,2,0,4,2,35.669934166666664,139.70712916666665,3,3,33,0,9,0
1,30,332,60,2,0,1,30000,0,113,2023,5,29,10,35,12,4,28,18,49,2,1,1,1,7,3,21,0,0,14,9,30,70,5,3,1,65,25,3,61,1,0,1,0,1,0,11,0,10,0,30,0,3,0,2,0,2,0,4,2,35.66827361111111,139.71189666666666,2,3,9999,0,9,0
1,30,332,61,2,0,1,30000,0,113,2023,3,29,19,30,22,5,33,18,0,3,1,2,13,7,0,0,0,0,3,5,1,70,4,1,1,45,45,51,61,41,0,0,0,0,0,0,0,0,0,10,0,4,0,0,0,0,0,4,2,35.68089194444444,139.71248194444442,4,3,0,0,0,0
1,30,333,90,2,0,1,30000,0,113,2023,5,11,16,35,12,4,40,18,35,3,1,2,1,7,1,21,0,0,14,9,30,70,4,2,1,35,1,14,61,1,0,11,0,1,0,11,0,2,0,20,0,3,0,2,0,2,0,4,2,35.66912722222222,139.68891194444444,5,3,9999,0,5,0
1,30,333,92,2,0,1,30000,0,113,2023,5,17,20,25,22,4,35,18,40,1,1,1,1,1,9,22,0,0,14,9,30,70,4,2,1,55,75,3,61,1,0,1,0,1,0,11,0,1,0,0,0,4,0,2,0,2,0,4,2,35.664545833333335,139.68353638888888,4,3,9999,0,1,0
1,30,435,78,2,0,1,20090,0,104,2023,5,12,7,58,12,4,39,18,36,1,1,1,14,7,0,0,0,0,6,9,1,70,1,1,1,45,0,61,0,0,0,0,0,0,0,0,0,0,0,0,0,0,0,0,0,0,0,2,0,35.70168694444445,139.74345138888887,6,3,0,0,0,0
1,30,435,79,2,0,1,20290,0,104,2023,5,12,12,0,12,4,39,18,36,1,1,1,1,1,9,22,0,0,14,8,30,70,4,2,1,25,55,51,61,41,0,0,0,0,0,0,0,0,0,20,0,3,0,0,0,0,0,4,2,35.7030125,139.74244888888887,6,3,0,0,0,0
1,30,435,85,2,0,1,30000,0,104,2023,5,19,18,10,13,4,34,18,42,3,1,2,1,1,9,22,0,0,14,9,30,70,5,1,1,65,1,3,61,1,0,1,0,1,0,11,0,2,0,50,0,3,0,2,0,2,0,4,2,35.70469083333334,139.71606916666664,6,3,9999,0,9,0
1,30,435,97,2,0,1,30000,0,104,2023,5,22,15,45,12,4,32,18,44,1,1,1,14,7,0,0,0,0,2,9,1,1,5,3,1,55,45,13,61,31,0,11,0,1,0,11,0,2,0,43,0,3,0,2,0,2,0,4,2,35.69374222222222,139.7361511111111,2,3,9999,0,9,0
1,30,436,94,2,0,1,200,91,104,2023,4,30,18,10,13,4,51,18,26,1,1,1,1,1,9,22,0,0,17,9,30,70,1,1,1,25,1,51,61,41,0,0,0,0,0,0,0,0,0,10,0,3,0,0,0,0,0,4,2,35.687283055555554,139.69419,1,3,0,0,0,0
1,30,436,99,2,0,1,30000,0,104,2022,7,8,3,35,23,4,32,19,0,1,1,1,14,7,0,0,0,0,2,9,1,70,4,2,1,45,35,3,61,1,0,1,0,1,0,11,0,3,0,0,0,3,0,2,0,2,0,4,2,35.69479138888889,139.70418944444444,6,3,9999,0,9,0
1,30,436,101,2,0,1,20290,0,104,2023,3,9,18,0,21,6,1,17,43,1,1,1,14,7,0,0,0,0,4,9,1,70,4,2,1,55,25,3,61,31,0,1,0,1,0,11,0,4,0,30,0,3,0,2,0,2,0,4,2,35.70160555555556,139.6990025,5,3,9999,0,9,0
1,30,436,111,2,0,1,30000,0,104,2023,5,24,9,50,12,4,30,18,46,1,1,1,14,7,0,0,0,0,3,9,1,70,4,3,1,45,65,51,61,41,0,0,0,0,0,0,0,0,0,10,0,3,0,0,0,0,0,4,2,35.704102500000005,139.7011122222222,4,3,0,0,0,0
1,30,436,116,2,0,1,20000,0,104,2023,5,22,21,22,22,4,32,18,44,3,1,2,1,7,0,0,0,0,17,9,30,70,4,2,1,55,0,61,0,0,0,0,0,0,0,0,0,0,0,0,0,0,0,0,0,0,0,2,0,35.69155555555555,139.68808305555555,2,3,0,0,0,0
1,30,437,88,2,0,1,30000,0,104,2023,5,8,8,5,12,4,43,18,33,3,1,2,14,7,0,0,0,0,2,9,1,70,5,3,1,1,0,61,0,0,0,0,0,0,0,0,0,0,0,0,0,0,0,0,0,0,0,2,0,35.71584305555556,139.6875486111111,2,3,0,0,0,0
1,30,437,89,2,0,1,30000,0,104,2023,5,8,14,25,12,4,43,18,33,2,1,1,14,7,0,0,0,0,3,9,1,70,4,1,1,25,35,51,61,41,0,0,0,0,0,0,0,0,0,10,0,3,0,0,0,0,0,4,2,35.71420333333334,139.69203555555555,2,3,0,0,0,0
1,30,437,98,2,0,1,10160,0,104,2023,5,23,17,54,13,4,31,18,45,1,1,2,14,7,0,0,0,0,6,8,1,70,1,2,1,25,65,51,61,41,0,0,0,0,0,0,0,0,0,10,0,3,0,0,0,0,0,4,2,35.71255416666667,139.6854625,3,3,0,0,0,0
1,30,437,103,2,0,1,10220,0,114,2023,5,27,14,24,12,4,29,18,48,1,1,1,14,7,0,0,0,0,3,9,1,70,4,2,1,35,35,35,61,31,0,0,0,0,0,11,0,3,0,10,0,3,0,0,0,0,0,4,2,35.710253333333334,139.69302666666667,7,3,9999,0,1,0
1,30,438,92,2,0,1,30000,0,104,2023,4,13,12,55,12,5,12,18,12,1,1,1,14,7,0,0,0,0,4,9,1,70,4,1,1,35,0,61,0,0,0,0,0,0,0,0,0,0,0,0,0,0,0,0,0,0,0,2,0,35.68928527777778,139.72397527777778,5,3,0,0,0,0
1,30,439,95,2,0,1,30000,0,114,2023,5,2,17,34,13,4,49,18,28,1,1,1,1,7,9,22,0,0,15,9,30,70,5,3,1,45,45,31,61,31,0,0,0,0,0,11,0,2,0,40,0,3,0,0,0,0,0,4,2,35.70722222222223,139.68720277777777,3,2,9999,0,1,0
1,30,439,97,2,0,1,10160,0,114,2023,5,5,13,18,12,4,46,18,30,1,1,1,7,7,0,0,0,0,6,9,1,70,1,1,1,55,35,3,61,31,0,1,0,1,0,11,0,5,0,10,0,4,0,2,0,1,0,4,2,35.69863833333333,139.68290638888888,6,1,9999,0,9,0
1,30,439,101,2,0,1,10240,0,114,2023,5,7,23,13,22,4,44,18,32,3,1,2,14,7,0,0,0,0,4,9,1,70,4,2,1,65,45,3,61,31,0,1,0,1,0,11,0,5,0,10,0,3,0,2,0,2,0,4,2,35.697468888888885,139.67046083333332,1,3,9999,0,9,0
1,30,439,110,2,0,1,30000,0,114,2023,5,16,12,21,12,4,36,18,39,1,1,1,14,7,0,0,0,0,2,9,1,70,5,4,1,45,55,3,61,31,0,1,0,1,0,11,0,10,0,40,0,3,0,2,0,2,0,4,2,35.70543805555556,139.65852833333335,3,3,9999,0,5,0
1,30,439,112,2,0,1,30000,0,114,2023,5,17,9,20,12,4,35,18,40,1,1,1,14,7,0,0,0,0,2,9,1,70,5,4,1,65,35,51,61,41,0,0,0,0,0,0,0,0,0,20,0,3,0,0,0,0,0,2,4,35.708691388888894,139.68157888888888,4,3,0,0,0,0
1,30,439,119,2,0,1,30000,0,114,2023,5,19,16,34,12,4,34,18,42,3,1,2,14,7,0,0,0,0,2,9,1,70,5,4,1,45,55,3,61,31,0,1,0,1,0,11,0,1,0,80,0,4,0,2,0,2,0,4,2,35.70217777777778,139.66439583333334,6,3,9999,0,9,0
1,30,439,120,2,0,1,30000,0,114,2023,5,26,7,50,12,4,29,18,47,1,1,1,1,7,9,22,0,0,14,8,30,70,5,1,1,25,55,51,61,41,0,0,0,0,0,0,0,0,0,10,0,4,0,0,0,0,0,4,2,35.705423611111115,139.6644075,6,3,0,0,0,0
1,30,439,124,2,0,1,10160,0,114,2023,5,31,14,13,12,4,27,18,50,2,1,1,1,1,9,22,0,0,18,9,30,70,1,2,1,1,1,51,61,41,0,0,0,0,0,0,0,0,0,10,0,3,0,0,0,0,0,4,2,35.71027416666667,139.68475111111113,4,3,0,0,0,0
1,30,440,111,2,0,1,30000,0,115,2023,4,17,18,0,13,5,7,18,15,1,1,1,1,7,8,22,0,0,11,9,30,70,5,2,1,25,55,52,61,41,0,0,0,0,0,0,0,0,0,10,0,4,0,0,0,0,0,4,2,35.71544,139.6400461111111,2,3,0,0,0,0
1,30,440,118,2,0,1,30000,0,114,2023,5,23,19,10,21,4,31,18,45,3,1,2,1,1,9,22,0,0,15,9,30,1,4,3,1,45,25,13,61,31,0,11,0,1,0,11,0,2,0,40,0,3,0,2,0,2,0,4,2,35.72495166666667,139.67271833333334,3,3,9999,0,9,0
1,30,440,123,2,0,1,95000,0,114,2023,5,29,12,15,12,4,28,18,49,2,1,2,0,7,0,0,0,0,0,0,20,70,0,2,1,55,75,3,61,31,0,1,0,1,0,11,0,10,0,70,0,4,0,2,0,2,0,4,2,35.708872222222226,139.65975833333334,2,3,9999,0,9,0
1,30,441,102,2,0,1,30000,0,115,2023,5,5,11,25,12,4,46,18,30,1,1,1,1,7,9,22,0,0,11,9,30,70,5,2,1,55,75,17,61,1,0,11,0,1,0,11,0,2,0,30,0,4,0,2,0,2,0,4,2,35.69637805555555,139.65811277777777,6,1,9999,0,9,0
1,30,441,111,2,0,1,30000,0,115,2023,5,16,13,5,12,4,36,18,39,1,1,5,14,7,0,0,0,0,2,9,1,70,5,4,1,45,55,14,61,31,0,11,0,1,0,11,0,10,0,30,0,3,0,2,0,2,0,4,2,35.69178972222222,139.66021916666668,3,3,9999,0,1,0
1,30,441,119,2,0,1,10240,0,115,2023,5,21,11,20,12,4,32,18,43,1,1,1,7,7,0,0,0,0,1,9,1,70,4,2,1,35,35,51,61,41,0,0,0,0,0,0,0,0,0,40,0,4,0,0,0,0,0,4,2,35.69813388888888,139.6568863888889,1,3,0,0,0,0
1,30,441,120,2,0,1,95000,0,115,2023,4,9,16,29,12,5,17,18,9,1,1,1,14,7,0,0,0,0,1,9,20,70,5,4,1,65,1,51,61,41,0,0,0,0,0,0,0,0,0,10,0,3,0,0,0,0,0,4,2,35.70515555555556,139.64411027777777,1,3,0,0,0,0
1,30,442,123,2,0,1,30000,0,115,2023,5,9,11,27,12,4,42,18,34,1,1,1,14,7,0,0,0,0,2,9,1,70,5,4,1,65,25,51,61,41,0,0,0,0,0,0,0,0,0,10,0,3,0,0,0,0,0,2,4,35.68342972222222,139.62767916666667,3,3,0,0,0,0
1,30,442,129,2,0,1,10200,0,115,2023,5,16,15,20,12,4,36,18,39,1,1,1,1,1,9,22,0,0,14,9,30,70,4,2,1,65,75,17,61,31,0,11,0,2,0,11,0,5,0,50,0,4,0,2,0,2,0,4,2,35.69271305555555,139.61683638888888,3,3,9999,0,9,0
1,30,442,130,2,0,1,30000,0,115,2023,5,17,10,40,12,4,35,18,40,1,1,1,1,7,9,22,0,0,11,9,30,70,5,3,1,75,75,3,61,31,0,1,0,1,0,11,0,10,0,80,0,2,0,2,0,2,0,4,2,35.68125944444444,139.6077588888889,4,3,371,0,9,0
1,30,442,150,2,0,1,30000,0,115,2023,5,30,12,45,12,4,28,18,50,1,1,1,14,7,0,0,0,0,2,9,1,70,5,3,1,45,1,51,61,41,0,0,0,0,0,0,0,0,0,10,0,4,0,0,0,0,0,2,4,35.68845194444444,139.6085608333333,3,3,0,0,0,0