資料区分,都道府県コード,警察署等コード,本票番号,事故内容,死者数,負傷者数,路線コード,地点コード,市区町村コード,発生日時　　年,発生日時　　月,発生日時　　日,発生日時　　時,発生日時　　分,昼夜,日の出時刻　　時,日の出時刻　　分,日の入り時刻　　時,日の入り時刻　　分,天候,地形,路面状態,道路形状,信号機,一時停止規制　標識（当事者A）,一時停止規制　表示（当事者A）,一時停止規制　標識（当事者B）,一時停止規制　表示（当事者B）,車道幅員,道路線形,衝突地点,ゾーン規制,中央分離帯施設等,歩車道区分,事故類型,年齢（当事者A）,年齢（当事者B）,当事者種別（当事者A）,当事者種別（当事者B）,用途別（当事者A）,用途別（当事者B）,車両形状等（当事者A）,車両形状等（当事者B）,オートマチック車（当事者A）,オートマチック車（当事者B）,サポカー（当事者A）,サポカー（当事者B）,速度規制（指定のみ）（当事者A）,速度規制（指定のみ）（当事者B）,車両の衝突部位（当事者A）,車両の衝突部位（当事者B）,車両の損壊程度（当事者A）,車両の損壊程度（当事者B）,エアバッグの装備（当事者A）,エアバッグの装備（当事者B）,サイドエアバッグの装備（当事者A）,サイドエアバッグの装備（当事者B）,人身損傷程度（当事者A）,人身損傷程度（当事者B）,lat,lon,曜日(発生年月日),祝日(発生年月日),認知機能検査経過日数（当事者A）,認知機能検査経過日数（当事者B）,運転練習の方法（当事者A）,運転練習の方法（当事者B）
1,30,442,153,2,0,1,10200,0,115,2023,2,8,18,50,22,6,36,17,15,3,1,2,1,1,0,0,0,0,17,9,30,70,1,1,1,45,0,61,0,0,0,0,0,0,0,0,0,0,0,0,0,0,0,0,0,0,0,2,0,35.69276,139.61678750000002,4,3,0,0,0,0
1,30,443,105,2,0,1,10240,0,115,2023,5,29,20,35,22,4,28,18,49,3,1,2,1,1,9,22,0,0,19,9,30,70,1,1,1,55,45,3,61,31,0,1,0,1,0,11,0,5,0,10,0,3,0,2,0,2,0,4,2,35.7083675,139.614905,2,3,9999,0,9,0
1,30,443,108,2,0,1,10200,0,115,2023,5,31,8,3,12,4,27,18,50,2,1,1,1,1,9,22,0,0,19,9,30,70,1,2,1,25,1,12,61,31,0,11,0,2,0,11,0,5,0,40,0,4,0,2,0,2,0,4,2,35.72974055555556,139.61465666666666,4,3,9999,0,4,0
1,30,546,28,2,0,1,30000,0,105,2023,5,22,9,1,12,4,32,18,44,1,1,1,14,7,0,0,0,0,3,9,1,1,5,3,1,45,45,3,61,31,0,1,0,1,0,11,0,2,0,20,0,3,0,2,0,2,0,4,2,35.71059027777778,139.73348444444443,2,3,9999,0,1,0
1,30,547,43,2,0,1,20390,0,105,2023,5,13,10,5,12,4,38,18,37,3,1,2,1,1,9,22,0,0,19,9,30,70,5,1,1,75,55,3,61,31,0,1,0,1,0,11,0,4,0,40,0,4,0,2,0,2,0,4,2,35.708266111111115,139.77008861111113,7,3,208,0,9,0
1,30,547,44,2,0,1,30000,0,105,2023,5,28,9,20,12,4,28,18,48,1,1,1,7,7,0,0,0,0,1,9,1,70,5,4,1,55,55,3,61,1,0,1,0,1,0,11,0,3,0,80,0,4,0,2,0,2,0,4,2,35.71824638888889,139.7654861111111,1,3,9999,0,9,0
1,30,547,45,2,0,1,30000,0,105,2023,5,18,0,0,22,4,34,18,41,1,1,1,14,7,0,0,0,0,3,9,1,70,4,1,1,1,25,51,61,41,0,0,0,0,0,0,0,0,0,10,0,3,0,0,0,0,0,4,4,35.70596583333334,139.76261305555556,5,3,0,0,0,0
1,30,548,29,2,0,1,30000,0,105,2023,5,14,11,50,12,4,37,18,38,1,1,1,14,7,0,0,0,0,1,9,1,70,5,4,1,55,75,3,61,31,0,1,0,1,0,11,0,5,0,40,0,3,0,2,0,2,0,4,2,35.730872500000004,139.76191777777777,1,3,9999,0,9,0
1,30,549,50,2,0,1,30340,0,116,2023,4,10,20,5,22,5,16,18,10,1,1,1,14,7,0,0,0,0,3,9,1,1,4,2,1,55,25,35,61,31,0,0,0,0,0,11,0,2,0,14,0,3,0,0,0,0,0,4,2,35.73385444444445,139.7298986111111,2,3,9999,0,9,0
1,30,549,52,2,0,1,30000,0,116,2023,5,1,14,51,12,4,50,18,27,1,1,1,1,1,9,22,0,0,18,9,30,70,1,1,1,45,25,3,61,31,0,1,0,1,0,11,0,3,0,10,0,4,0,2,0,2,0,4,2,35.73047388888889,139.71821472222223,2,3,9999,0,4,0
1,30,549,60,2,0,1,170,70,116,2023,5,24,14,5,12,4,30,18,46,1,1,1,7,7,0,0,0,0,6,9,1,70,4,2,1,45,75,51,61,41,0,0,0,0,0,0,0,0,0,30,0,3,0,0,0,0,0,4,2,35.73428472222222,139.73721305555554,4,3,0,0,0,0
1,30,550,74,2,0,1,30770,0,116,2023,4,24,8,40,12,4,58,18,21,2,1,1,14,7,0,0,0,0,3,9,1,70,1,2,1,1,45,51,61,41,0,0,0,0,0,0,0,0,0,10,0,3,0,0,0,0,0,4,2,35.735115,139.70945083333334,2,3,0,0,0,0
1,30,550,82,2,0,1,30000,0,116,2023,4,21,13,15,12,5,2,18,19,1,1,1,1,7,9,22,0,0,15,9,30,70,5,1,1,65,1,3,61,1,0,1,0,1,0,11,0,10,0,10,0,4,0,2,0,2,0,4,2,35.73087666666667,139.70540749999998,6,3,9999,0,9,0
1,30,550,85,2,0,1,30000,0,116,2023,5,22,15,22,12,4,32,18,44,1,1,1,7,7,0,0,0,0,3,9,1,70,5,2,1,65,1,51,61,41,0,0,0,0,0,0,0,0,0,10,0,4,0,0,0,0,0,4,2,35.729933888888894,139.7130311111111,2,3,0,0,0,0
1,30,550,86,2,0,1,30000,0,116,2023,5,10,18,45,21,4,41,18,35,1,1,1,14,7,0,0,0,0,1,9,1,70,5,1,1,35,1,51,61,41,0,0,0,0,0,0,0,0,0,20,0,4,0,0,0,0,0,4,2,35.728681388888894,139.71375555555554,4,3,0,0,0,0
1,30,550,89,2,0,1,30770,0,116,2023,5,26,20,35,22,4,29,18,47,1,1,1,14,7,0,0,0,0,1,9,1,70,3,2,1,25,25,36,61,31,0,0,0,0,0,11,0,2,0,20,0,3,0,0,0,0,0,4,2,35.73061694444445,139.70786777777778,6,3,9999,0,1,0
1,30,550,90,2,0,1,30000,0,116,2023,5,26,20,50,22,4,29,18,47,1,1,1,1,1,9,22,0,0,18,9,30,70,1,2,1,25,75,3,61,31,0,1,0,1,0,11,0,4,0,50,0,3,0,2,0,2,0,4,2,35.729326944444445,139.71373972222221,6,3,9999,0,1,0
1,30,550,97,2,0,1,30000,0,116,2023,5,26,7,55,12,4,29,18,47,1,1,1,7,7,0,0,0,0,4,9,1,70,1,2,1,35,35,24,61,0,0,31,0,0,0,11,0,1,0,22,0,3,0,0,0,0,0,4,2,35.72837194444445,139.70017916666666,6,3,9999,0,1,0
1,30,551,68,2,0,1,30000,0,116,2023,5,18,8,50,12,4,34,18,41,1,1,1,1,7,9,22,0,0,15,9,30,70,5,3,1,1,1,51,61,41,0,0,0,0,0,0,0,0,0,10,0,3,0,0,0,0,0,4,2,35.72586472222223,139.7221686111111,5,3,0,0,0,0
1,30,551,69,2,0,1,10010,0,116,2023,4,4,18,0,13,5,24,18,5,1,1,1,1,1,9,22,0,0,17,9,30,70,4,1,1,25,45,51,61,41,0,0,0,0,0,0,0,0,0,10,0,4,0,0,0,0,0,4,2,35.72256638888889,139.70471694444444,3,3,0,0,0,0
1,30,551,72,2,0,1,10090,0,116,2023,5,30,12,5,12,4,28,18,50,2,1,1,1,1,0,0,0,0,18,9,30,70,5,1,1,55,0,61,0,0,0,0,0,0,0,0,0,0,0,0,0,0,0,0,0,0,0,2,0,35.71559277777778,139.71203166666666,3,3,0,0,0,0
1,30,551,73,2,0,1,30000,0,116,2023,5,30,14,40,12,4,28,18,50,2,1,1,7,7,0,0,0,0,5,9,1,70,4,1,1,65,1,51,61,41,0,0,0,0,0,0,0,0,0,10,0,3,0,0,0,0,0,4,2,35.733406111111115,139.6987063888889,3,3,0,0,0,0
1,30,551,75,2,0,1,30000,0,116,2023,5,26,18,52,21,4,29,18,47,1,1,1,1,1,9,22,0,0,18,9,30,70,4,2,1,55,55,3,61,31,0,1,0,1,0,11,0,4,0,40,0,3,0,2,0,2,0,4,2,35.726908055555555,139.7119588888889,6,3,9999,0,9,0
1,30,552,81,2,0,1,30000,0,117,2023,5,12,16,30,12,4,39,18,36,1,1,1,1,7,9,22,0,0,18,9,30,70,5,3,1,25,75,3,61,31,0,1,0,1,0,11,0,2,0,50,0,4,0,2,0,2,0,4,2,35.748599166666665,139.75328972222223,6,3,9999,0,1,0
1,30,552,86,2,0,1,30000,0,117,2023,5,17,14,25,12,4,35,18,40,1,1,1,1,7,9,22,0,0,11,9,30,70,5,3,1,25,1,36,61,31,0,0,0,0,0,11,0,10,0,10,0,3,0,0,0,0,0,4,2,35.744570277777775,139.72562027777778,4,3,9999,0,1,0
1,30,552,87,2,0,1,30000,0,117,2023,5,19,8,30,12,4,34,18,42,2,1,1,1,1,9,22,0,0,15,9,30,70,4,1,1,1,55,51,61,41,0,0,0,0,0,0,0,0,0,10,0,3,0,0,0,0,0,4,2,35.739380000000004,139.76169583333333,6,3,0,0,0,0
1,30,552,88,2,0,1,30000,0,117,2023,5,21,16,0,12,4,32,18,43,1,1,1,14,7,0,0,0,0,3,9,1,70,4,1,1,75,65,51,61,41,0,0,0,0,0,0,0,0,0,20,0,4,0,0,0,0,0,4,2,35.746625,139.73994027777778,1,3,0,0,0,0
1,30,552,89,2,0,1,30000,0,117,2023,5,8,6,40,12,4,43,18,33,3,1,2,14,7,0,0,0,0,1,9,1,70,5,3,1,55,45,3,61,1,0,1,0,1,0,11,0,4,0,20,0,3,0,2,0,2,0,4,2,35.7432,139.73716055555553,2,3,9999,0,1,0
1,30,553,65,2,0,1,30000,0,117,2023,5,2,8,34,12,4,49,18,28,1,1,1,14,7,0,0,0,0,2,9,1,70,5,4,1,1,75,51,61,41,0,0,0,0,0,0,0,0,0,10,0,3,0,0,0,0,0,4,2,35.76533027777778,139.7201486111111,3,2,0,0,0,0
1,30,553,66,2,0,1,30000,0,117,2023,5,2,15,25,12,4,49,18,28,1,1,1,14,7,0,0,0,0,2,9,1,70,5,4,1,65,45,3,61,31,0,1,0,1,0,11,0,10,0,80,0,4,0,2,0,2,0,4,2,35.76300166666667,139.72103805555557,3,2,9999,0,9,0
1,30,553,77,2,0,1,30000,0,117,2023,5,16,19,5,21,4,36,18,39,1,1,1,14,7,0,0,0,0,2,9,1,70,5,4,1,25,45,3,61,31,0,1,0,1,0,11,0,3,0,20,0,4,0,2,0,2,0,4,2,35.75308611111111,139.74264749999998,3,3,9999,0,1,0
1,30,554,94,2,0,1,30000,0,117,2023,5,22,9,25,12,4,32,18,44,1,1,1,1,1,9,22,0,0,15,9,30,1,5,1,1,25,25,14,61,1,0,11,0,1,0,11,0,2,0,10,0,3,0,2,0,2,0,4,2,35.7751175,139.72609500000002,2,3,9999,0,1,0
1,30,554,102,2,0,1,95000,0,117,2023,5,19,16,45,12,4,34,18,42,3,1,2,0,7,0,0,0,0,0,0,20,70,0,2,1,75,75,3,61,31,0,1,0,1,0,11,0,10,0,30,0,3,0,2,0,2,0,4,2,35.776893055555554,139.71832055555555,6,3,422,0,9,0
1,30,555,133,2,0,1,30000,0,119,2023,4,4,8,22,12,5,24,18,5,1,1,1,7,7,0,0,0,0,2,9,1,70,5,4,1,1,25,4,61,31,0,1,0,1,0,11,0,2,0,80,0,3,0,2,0,2,0,4,2,35.74574,139.70724805555554,3,3,9999,0,1,0
1,30,555,135,2,0,1,30000,0,119,2023,4,27,7,40,12,4,54,18,24,1,1,1,1,7,9,22,0,0,11,9,30,70,5,3,1,55,45,51,61,41,0,0,0,0,0,0,0,0,0,10,0,4,0,0,0,0,0,4,2,35.76611861111111,139.67496694444444,5,3,0,0,0,0
1,30,555,136,2,0,1,2540,95,119,2023,5,1,10,0,12,4,50,18,27,1,1,1,1,1,9,22,0,0,18,9,30,70,1,2,1,45,75,17,61,31,0,11,0,2,0,11,0,10,0,10,0,3,0,2,0,2,0,4,2,35.75871361111111,139.68162666666666,2,3,9999,0,9,0
1,30,555,143,2,0,1,30000,0,119,2023,5,9,9,7,12,4,42,18,34,1,1,1,1,7,9,22,0,0,11,9,30,70,5,2,1,55,65,3,61,1,0,1,0,1,0,11,0,3,0,40,0,3,0,2,0,2,0,4,2,35.754804722222225,139.71954055555557,3,3,9999,0,9,0
1,30,555,168,2,0,1,2540,78,119,2023,5,20,12,36,12,4,33,18,43,2,1,1,14,7,0,0,0,0,1,9,1,70,1,1,1,55,35,52,61,41,0,0,0,0,0,0,0,0,0,10,0,3,0,0,0,0,0,4,2,35.749384722222224,139.69653250000002,7,3,0,0,0,0
1,30,555,169,2,0,1,30000,0,119,2023,5,31,8,44,12,4,27,18,50,2,1,1,14,7,0,0,0,0,1,9,1,70,5,1,1,55,35,3,61,1,0,1,0,1,0,11,0,10,0,20,0,4,0,2,0,2,0,4,2,35.76163861111111,139.67964305555554,4,3,9999,0,9,0
1,30,556,110,2,0,1,20470,0,119,2023,5,11,9,8,12,4,40,18,35,1,1,1,14,7,0,0,0,0,5,9,1,70,1,2,1,25,25,52,61,41,0,0,0,0,0,0,0,0,0,10,0,3,0,0,0,0,0,4,2,35.77628555555555,139.6772697222222,5,3,0,0,0,0
1,30,556,111,2,0,1,30760,0,119,2023,5,12,7,15,12,4,39,18,36,1,1,1,14,7,0,0,0,0,3,9,1,70,4,2,1,55,1,14,61,31,0,11,0,1,0,11,0,3,0,10,0,2,0,2,0,2,0,4,2,35.7635675,139.68812277777778,6,3,9999,0,9,0
1,30,556,121,2,0,1,20480,0,119,2023,3,31,8,45,12,5,30,18,1,1,1,1,1,1,9,22,0,0,15,9,30,70,1,1,1,25,75,3,61,31,0,1,0,1,0,11,0,5,0,40,0,3,0,2,0,2,0,4,2,35.78536833333333,139.67925277777778,6,3,9999,0,1,0
1,30,556,123,2,0,1,30000,0,119,2023,5,28,15,10,12,4,28,18,48,1,1,1,1,1,9,22,0,0,15,9,30,70,4,2,1,65,75,4,61,31,0,1,0,1,0,11,0,2,0,10,0,3,0,2,0,2,0,4,2,35.780988888888885,139.68170916666665,1,3,9999,0,9,0
1,30,557,91,2,0,1,20000,0,120,2023,2,22,11,55,12,6,21,17,29,1,1,1,1,1,9,22,0,0,14,9,30,70,4,1,1,45,75,14,61,31,0,11,0,1,0,11,0,2,0,10,0,3,0,2,0,2,0,4,2,35.745176666666666,139.6482061111111,4,2,9999,0,5,0
1,30,557,95,2,0,1,20430,0,120,2023,4,24,7,29,12,4,58,18,21,1,1,1,14,7,0,0,0,0,4,9,1,70,4,1,1,25,45,35,61,31,0,0,0,0,0,11,0,3,0,10,0,3,0,0,0,0,0,4,2,35.734679722222225,139.67468499999998,2,3,9999,0,9,0
1,30,557,98,2,0,1,30000,0,120,2023,5,8,14,23,12,4,43,18,33,2,1,1,1,1,9,22,0,0,18,9,30,70,1,1,1,1,35,3,61,31,0,1,0,1,0,11,0,2,0,14,0,3,0,2,0,2,0,4,2,35.736961944444445,139.64977694444443,2,3,9999,0,1,0
1,30,557,103,2,0,1,30000,0,120,2023,5,14,9,55,12,4,37,18,38,2,1,1,1,7,9,22,0,0,14,9,30,70,4,2,1,65,45,3,61,31,0,1,0,1,0,11,0,2,0,30,0,3,0,2,0,2,0,4,2,35.73564916666667,139.65947722222222,1,3,9999,0,9,0
1,30,557,107,2,0,1,20430,0,120,2023,5,18,3,29,22,4,34,18,41,1,1,1,1,7,9,22,0,0,17,9,30,70,4,1,1,1,45,5,61,31,0,1,0,1,0,11,0,3,0,10,0,3,0,2,0,2,0,4,2,35.736357777777776,139.6396758333333,5,3,9999,0,1,0
1,30,557,109,2,0,1,30000,0,120,2023,5,9,7,55,12,4,42,18,34,1,1,1,1,7,8,22,0,0,14,9,30,70,4,2,1,65,25,3,61,1,0,1,0,1,0,11,0,5,0,10,0,3,0,2,0,2,0,4,2,35.73314166666667,139.67091305555556,3,3,9999,0,9,0
1,30,557,117,2,0,1,30000,0,120,2023,5,29,20,30,22,4,28,18,49,3,1,2,14,7,0,0,0,0,3,9,1,70,5,2,1,55,1,13,61,31,0,11,0,1,0,11,0,1,0,10,0,3,0,2,0,2,0,4,2,35.73838333333333,139.65031361111113,2,3,9999,0,9,0
1,30,558,132,2,0,1,30000,0,120,2023,5,2,16,25,12,4,49,18,28,1,1,1,1,7,9,22,0,0,15,8,30,70,5,3,1,25,1,13,61,1,0,11,0,1,0,11,0,2,0,10,0,3,0,2,0,2,0,4,2,35.73215666666667,139.5889077777778,3,2,9999,0,1,0
1,30,558,139,2,0,1,30000,0,120,2023,5,5,2,50,22,4,46,18,30,1,1,1,14,1,0,0,0,0,3,9,1,70,5,3,1,1,45,3,61,31,0,1,0,1,0,11,0,2,0,40,0,4,0,2,0,2,0,4,2,35.74296611111111,139.60480527777779,6,1,9999,0,1,0
1,30,558,155,2,0,1,30000,0,120,2023,5,25,8,30,12,4,30,18,46,2,1,1,1,7,1,21,0,0,11,9,30,70,5,3,1,35,35,3,61,31,0,1,0,1,0,11,0,2,0,50,0,3,0,2,0,2,0,4,2,35.72006722222223,139.5800211111111,5,3,9999,0,1,0
1,30,558,159,2,0,1,30000,0,120,2023,5,9,10,51,12,4,42,18,34,1,1,1,1,7,0,0,0,0,11,9,30,70,5,3,1,45,0,61,0,0,0,0,0,0,0,0,0,0,0,0,0,0,0,0,0,0,0,2,0,35.732974722222224,139.57432,3,3,0,0,0,0
1,30,559,72,2,0,1,2540,133,119,2023,5,17,11,30,12,4,35,18,40,1,1,1,14,7,0,0,0,0,5,9,1,70,1,2,1,65,45,51,61,41,0,0,0,0,0,0,0,0,0,10,0,3,0,0,0,0,0,4,2,35.770939166666665,139.64250333333334,4,3,0,0,0,0
1,30,559,83,2,0,1,30000,0,119,2023,5,29,21,40,22,4,28,18,49,3,1,2,1,2,1,22,0,0,11,9,30,70,4,2,1,55,35,3,61,31,0,1,0,1,0,11,0,3,0,20,0,4,0,2,0,2,0,4,2,35.77336111111111,139.64651194444443,2,3,9999,0,9,0
1,30,559,85,2,0,1,30000,0,119,2023,5,30,14,0,12,4,28,18,50,1,1,1,1,1,9,22,0,0,18,9,30,70,5,1,1,75,65,4,61,31,0,1,0,1,0,11,0,3,0,10,0,3,0,2,0,2,0,4,2,35.78557027777778,139.65155611111112,3,3,497,0,9,0
1,30,560,115,2,0,1,30000,0,120,2023,3,20,19,51,22,5,46,17,52,1,1,1,1,7,9,22,0,0,11,9,30,70,5,2,1,45,35,3,61,31,0,1,0,1,0,11,0,5,0,50,0,4,0,2,0,2,0,4,2,35.768927777777776,139.6435436111111,2,2,9999,0,9,0
1,30,560,119,2,0,1,30000,0,120,2023,5,11,7,20,12,4,40,18,35,1,1,1,1,1,9,22,0,0,18,9,30,70,1,2,1,65,55,14,61,31,0,11,0,1,0,11,0,2,0,50,0,3,0,2,0,2,0,4,2,35.75849,139.62191777777778,5,3,9999,0,9,0
1,30,560,125,2,0,1,30000,0,120,2023,5,9,10,48,12,4,42,18,34,1,1,1,1,7,9,22,0,0,11,9,30,70,5,4,1,75,75,3,61,1,0,1,0,1,0,11,0,10,0,30,0,4,0,2,0,2,0,4,2,35.776715555555555,139.62905666666668,3,3,69,0,9,0
1,30,660,67,2,0,1,20070,0,106,2023,5,7,21,5,22,4,44,18,32,3,1,2,14,7,0,0,0,0,6,9,1,70,4,2,1,45,25,3,61,1,0,1,0,1,0,11,0,4,0,10,0,4,0,2,0,2,0,4,2,35.71162833333334,139.77545305555557,1,3,9999,0,1,0
1,30,660,73,2,0,1,30000,0,106,2023,5,17,9,35,12,4,35,18,40,1,1,1,14,7,0,0,0,0,2,9,1,70,5,3,1,65,65,3,61,1,0,1,0,1,0,11,0,2,0,50,0,4,0,2,0,2,0,4,2,35.70993166666667,139.77978861111112,4,3,9999,0,9,0
1,30,662,68,2,0,1,20560,0,106,2023,3,5,12,50,12,6,7,17,39,2,1,1,14,7,0,0,0,0,5,9,1,70,1,1,1,55,1,51,61,41,0,0,0,0,0,0,0,0,0,40,0,4,0,0,0,0,0,4,2,35.71584666666667,139.79276833333333,1,3,0,0,0,0
1,30,662,70,2,0,1,30000,0,106,2023,5,6,13,50,12,4,45,18,31,1,1,1,1,1,9,22,0,0,15,9,30,70,4,3,1,45,55,51,61,41,0,0,0,0,0,0,0,0,0,10,0,3,0,0,0,0,0,4,2,35.722006944444445,139.79617861111112,7,3,0,0,0,0
1,30,662,73,2,0,1,10090,0,106,2023,5,19,6,40,12,4,34,18,42,2,1,1,1,7,1,21,0,0,18,9,30,70,4,2,1,65,75,3,61,1,0,1,0,1,0,11,0,10,0,40,0,3,0,2,0,2,0,4,2,35.72827527777778,139.80694277777778,6,3,9999,0,9,0
1,30,663,64,2,0,1,30000,0,106,2023,3,29,14,25,12,5,33,18,0,1,1,1,1,7,9,22,0,0,14,9,30,70,5,2,1,35,55,3,61,31,0,1,0,1,0,11,0,2,0,80,0,3,0,2,0,2,0,4,2,35.69956694444444,139.78984583333335,4,3,9999,0,5,0
1,30,663,66,2,0,1,10290,0,106,2023,5,11,10,45,12,4,40,18,35,1,1,1,14,1,0,0,0,0,5,9,1,70,5,2,1,1,65,51,61,41,0,0,0,0,0,0,0,0,0,10,0,3,0,0,0,0,0,4,2,35.70157666666667,139.79033944444444,5,3,0,0,0,0
1,30,663,72,2,0,1,20530,0,106,2023,5,14,7,25,12,4,37,18,38,2,1,1,1,1,9,22,0,0,18,9,30,70,5,1,1,65,45,3,61,1,0,1,0,1,0,11,0,10,0,0,0,4,0,2,0,2,0,4,2,35.71098027777778,139.7849586111111,1,3,9999,0,9,0
1,30,665,37,2,0,1,40,65,118,2023,5,5,15,4,12,4,46,18,30,1,1,1,14,7,0,0,0,0,6,9,1,70,5,1,1,55,0,61,0,0,0,0,0,0,0,0,0,0,0,0,0,0,0,0,0,0,0,2,0,35.735445,139.79555249999999,6,1,0,0,0,0
1,30,665,42,2,0,1,10090,0,118,2023,5,19,7,40,12,4,34,18,42,2,1,1,1,1,9,22,0,0,15,9,30,70,1,2,1,25,55,51,61,41,0,0,0,0,0,0,0,0,0,10,0,3,0,0,0,0,0,4,2,35.72915638888889,139.80097194444446,6,3,0,0,0,0
1,30,665,45,2,0,1,40,60,118,2023,5,29,20,51,22,4,28,18,49,3,1,2,14,8,0,0,0,0,5,8,1,70,4,2,1,45,65,13,61,31,0,11,0,1,0,11,0,5,0,10,0,3,0,2,0,2,0,4,2,35.73187527777778,139.79242638888888,2,3,9999,0,5,0
1,30,666,42,2,0,1,10090,0,118,2023,4,13,13,30,12,5,12,18,12,1,1,1,14,7,0,0,0,0,6,9,1,70,1,2,1,25,1,51,61,41,0,0,0,0,0,0,0,0,0,10,0,4,0,0,0,0,0,4,2,35.73625777777778,139.77894583333335,5,3,0,0,0,0
1,30,667,37,2,0,1,95000,0,121,2023,4,1,12,8,12,5,29,18,2,1,1,1,1,1,9,22,0,0,14,9,30,70,5,1,1,45,1,3,61,31,0,1,0,1,0,11,0,3,0,50,0,3,0,2,0,2,0,4,2,35.746650555555554,139.80123444444445,7,3,9999,0,1,0
1,30,667,45,2,0,1,10340,0,121,2023,3,4,17,47,21,6,8,17,38,1,1,1,14,7,0,0,0,0,3,9,1,70,4,2,1,35,55,1,61,1,0,1,0,1,0,11,0,3,0,40,0,4,0,2,0,2,0,4,2,35.75526722222222,139.7894886111111,7,3,9999,0,5,0
1,30,668,208,1,1,0,30960,0,121,2023,5,16,16,17,12,4,36,18,39,1,1,1,7,7,0,0,0,0,3,9,1,70,4,2,1,35,1,13,61,31,0,11,0,1,0,11,0,3,0,50,0,3,0,2,0,2,0,4,1,35.78236805555555,139.79175722222223,3,3,9999,0,1,0
1,30,669,206,2,0,1,10360,0,121,2023,5,1,17,58,13,4,50,18,27,1,1,1,14,7,0,0,0,0,4,9,1,70,4,2,1,1,65,51,61,41,0,0,0,0,0,0,0,0,0,10,0,3,0,0,0,0,0,4,2,35.77117138888889,139.82975222222223,2,3,0,0,0,0
1,30,669,216,2,0,1,30000,0,121,2023,5,19,13,25,12,4,34,18,42,2,1,2,1,7,9,22,0,0,11,3,30,70,4,2,1,25,45,35,61,31,0,0,0,0,0,11,0,10,0,10,0,3,0,0,0,0,0,4,2,35.76359083333333,139.8233275,6,3,9999,0,1,0
1,30,669,219,2,0,1,10360,0,121,2023,4,6,0,10,22,5,22,18,6,1,1,1,1,1,9,22,0,0,17,9,30,70,4,2,1,25,55,51,61,41,0,0,0,0,0,0,0,0,0,10,0,3,0,0,0,0,0,4,2,35.76181111111111,139.82903861111112,5,3,0,0,0,0
1,30,669,221,2,0,1,30000,0,121,2023,5,21,16,10,12,4,32,18,43,1,1,1,1,7,9,22,0,0,11,9,30,70,5,3,1,35,1,3,61,31,0,1,0,1,0,11,0,10,0,20,0,4,0,2,0,2,0,4,2,35.79045611111111,139.8427838888889,1,3,9999,0,1,0
1,30,669,225,2,0,1,10130,0,121,2023,5,23,20,15,22,4,31,18,45,2,1,2,1,1,9,22,0,0,18,9,30,70,5,1,1,55,25,3,61,31,0,1,0,1,0,11,0,3,0,80,0,4,0,2,0,2,0,4,2,35.77586,139.84315305555558,3,3,9999,0,9,0
1,30,669,227,2,0,1,20000,0,121,2023,5,24,5,25,11,4,30,18,46,1,1,1,1,1,9,22,0,0,15,9,30,70,5,2,1,65,65,11,61,31,0,11,0,2,0,11,0,3,0,10,0,4,0,2,0,2,0,4,2,35.782691388888885,139.81601472222223,4,3,9999,0,9,0
1,30,669,232,2,0,1,30000,0,121,2023,5,8,7,50,12,4,43,18,33,3,1,2,1,7,9,22,0,0,14,9,30,70,4,3,1,55,45,4,61,31,0,1,0,1,0,11,0,2,0,40,0,3,0,2,0,2,0,4,2,35.766399722222225,139.8092366666667,2,3,9999,0,9,0
1,30,669,237,2,0,1,30000,0,121,2023,5,31,7,47,12,4,27,18,50,2,1,1,1,7,9,22,0,0,11,9,30,70,5,2,1,25,1,51,61,41,0,0,0,0,0,0,0,0,0,10,0,4,0,0,0,0,0,4,2,35.79745722222222,139.83724083333334,4,3,0,0,0,0
1,30,670,139,2,0,1,30430,0,121,2023,4,27,13,4,12,4,54,18,24,1,1,1,14,7,0,0,0,0,3,9,1,70,4,2,1,25,75,36,61,31,0,0,0,0,0,11,0,2,0,10,0,3,0,0,0,0,0,4,2,35.798270277777775,139.81100805555556,5,3,9999,0,1,0
1,30,670,146,2,0,1,30000,0,121,2023,5,9,7,15,12,4,42,18,34,1,1,1,14,7,0,0,0,0,3,9,1,70,4,1,1,1,65,51,61,41,0,0,0,0,0,0,0,0,0,10,0,3,0,0,0,0,0,4,2,35.79266027777778,139.8134852777778,3,3,0,0,0,0
1,30,670,150,2,0,1,30000,0,121,2023,5,11,7,50,12,4,40,18,35,1,1,1,1,7,9,22,0,0,11,9,30,70,5,3,1,35,1,51,61,41,0,0,0,0,0,0,0,0,0,40,0,4,0,0,0,0,0,4,2,35.791578333333334,139.77311666666668,5,3,0,0,0,0
1,30,670,154,2,0,1,30000,0,121,2023,5,13,7,15,12,4,38,18,37,2,1,1,1,1,9,22,0,0,14,9,30,70,1,2,1,45,25,13,61,31,0,11,0,1,0,11,0,3,0,10,0,3,0,2,0,2,0,4,2,35.801916388888884,139.76572638888888,7,3,9999,0,9,0
1,30,670,158,2,0,1,30000,0,121,2023,5,21,22,38,22,4,32,18,43,2,1,1,1,7,9,22,0,0,11,9,30,70,5,2,1,45,75,4,61,31,0,1,0,1,0,11,0,2,0,20,0,3,0,2,0,2,0,4,2,35.80036972222222,139.77854361111113,1,3,9999,0,1,0