資料区分,都道府県コード,警察署等コード,本票番号,事故内容,死者数,負傷者数,路線コード,地点コード,市区町村コード,発生日時　　年,発生日時　　月,発生日時　　日,発生日時　　時,発生日時　　分,昼夜,日の出時刻　　時,日の出時刻　　分,日の入り時刻　　時,日の入り時刻　　分,天候,地形,路面状態,道路形状,信号機,一時停止規制　標識（当事者A）,一時停止規制　表示（当事者A）,一時停止規制　標識（当事者B）,一時停止規制　表示（当事者B）,車道幅員,道路線形,衝突地点,ゾーン規制,中央分離帯施設等,歩車道区分,事故類型,年齢（当事者A）,年齢（当事者B）,当事者種別（当事者A）,当事者種別（当事者B）,用途別（当事者A）,用途別（当事者B）,車両形状等（当事者A）,車両形状等（当事者B）,オートマチック車（当事者A）,オートマチック車（当事者B）,サポカー（当事者A）,サポカー（当事者B）,速度規制（指定のみ）（当事者A）,速度規制（指定のみ）（当事者B）,車両の衝突部位（当事者A）,車両の衝突部位（当事者B）,車両の損壊程度（当事者A）,車両の損壊程度（当事者B）,エアバッグの装備（当事者A）,エアバッグの装備（当事者B）,サイドエアバッグの装備（当事者A）,サイドエアバッグの装備（当事者B）,人身損傷程度（当事者A）,人身損傷程度（当事者B）,lat,lon,曜日(発生年月日),祝日(発生年月日),認知機能検査経過日数（当事者A）,認知機能検査経過日数（当事者B）,運転練習の方法（当事者A）,運転練習の方法（当事者B）
1,30,771,172,2,0,1,30000,0,108,2023,5,5,15,45,12,4,46,18,30,1,1,1,14,7,0,0,0,0,3,9,1,70,5,3,1,35,1,4,61,31,0,1,0,1,0,11,0,10,0,80,0,3,0,2,0,2,0,4,2,35.681622777777775,139.79933499999999,6,1,9999,0,1,0
1,30,771,174,2,0,1,30000,0,108,2023,5,6,8,47,12,4,45,18,31,1,1,1,14,7,0,0,0,0,4,9,1,70,4,2,1,25,0,61,0,0,0,0,0,0,0,0,0,0,0,0,0,0,0,0,0,0,0,2,0,35.68570833333333,139.80552500000002,7,3,0,0,0,0
1,30,771,188,2,0,1,10370,0,108,2023,5,19,9,35,12,4,34,18,42,2,1,1,14,7,0,0,0,0,6,9,1,70,1,1,1,1,75,51,61,41,0,0,0,0,0,0,0,0,0,10,0,3,0,0,0,0,0,4,2,35.66180611111111,139.80637444444446,6,3,0,0,0,0
1,30,771,194,2,0,1,10040,0,108,2023,5,22,21,30,22,4,32,18,44,3,1,2,1,1,9,22,0,0,18,9,30,70,4,1,1,55,45,35,61,31,0,0,0,0,0,11,0,10,0,10,0,3,0,0,0,0,0,4,2,35.66967138888889,139.81952222222222,2,3,9999,0,9,0
1,30,771,201,2,0,1,30000,0,108,2023,5,26,18,0,13,4,29,18,47,1,1,1,1,7,9,22,0,0,15,9,30,70,5,2,1,35,1,3,61,31,0,1,0,1,0,11,0,2,0,10,0,3,0,2,0,2,0,4,2,35.680795277777776,139.81726527777778,6,3,9999,0,5,0
1,30,771,207,2,0,1,30000,0,108,2023,5,31,14,35,12,4,27,18,50,2,1,1,14,7,0,0,0,0,2,9,1,70,4,2,1,35,75,51,61,41,0,0,0,0,0,0,0,0,0,10,0,3,0,0,0,0,0,4,2,35.66838361111111,139.79713027777777,4,3,0,0,0,0
1,30,772,163,2,0,1,20650,0,108,2023,5,6,16,45,12,4,45,18,31,1,1,1,1,1,9,22,0,0,15,9,30,70,4,1,1,1,75,51,61,41,0,0,0,0,0,0,0,0,0,10,0,3,0,0,0,0,0,4,2,35.690625,139.83548027777778,7,3,0,0,0,0
1,30,772,165,2,0,1,20650,0,108,2023,5,9,11,0,12,4,42,18,34,1,1,1,1,1,9,22,0,0,18,9,30,70,1,2,1,65,55,51,61,41,0,0,0,0,0,0,0,0,0,40,0,4,0,0,0,0,0,4,2,35.70030944444445,139.83434333333335,3,3,0,0,0,0
1,30,773,124,2,0,1,30000,0,107,2023,4,9,1,0,22,5,17,18,9,1,1,1,14,7,0,0,0,0,2,9,1,70,1,4,1,55,45,3,61,1,0,1,0,1,0,11,0,10,0,40,0,3,0,2,0,2,0,4,2,35.70263694444445,139.79609666666667,1,3,9999,0,9,0
1,30,773,125,2,0,1,30000,0,107,2023,4,22,11,35,12,5,0,18,20,2,1,1,1,7,1,21,0,0,17,9,30,70,4,2,1,55,25,3,61,31,0,1,0,1,0,11,0,3,0,40,0,3,0,2,0,2,0,4,2,35.68787361111111,139.80620027777778,7,3,9999,0,9,0
1,30,773,127,2,0,1,30000,0,107,2023,5,7,8,5,12,4,44,18,32,3,1,2,1,1,9,22,0,0,15,9,30,70,4,2,1,55,65,13,61,31,0,11,0,1,0,11,0,10,0,50,0,3,0,2,0,2,0,4,2,35.691226666666665,139.79475833333333,1,3,9999,0,9,0
1,30,773,129,2,0,1,140,0,107,2023,5,8,8,56,12,4,43,18,33,3,1,2,1,1,9,22,0,0,19,9,30,70,5,2,1,45,75,22,61,0,0,0,0,0,0,11,0,3,0,10,0,3,0,0,0,0,0,4,2,35.694847499999995,139.8055652777778,2,3,9999,0,9,0
1,30,773,137,2,0,1,30000,0,107,2023,5,14,19,35,21,4,37,18,38,2,1,1,14,7,0,0,0,0,3,9,1,70,4,3,1,35,65,36,61,31,0,0,0,0,0,11,0,2,0,10,0,3,0,0,0,0,0,4,2,35.6912525,139.79526333333334,1,3,9999,0,1,0
1,30,773,146,2,0,1,140,26,107,2023,5,24,13,13,12,4,30,18,46,1,1,1,14,7,0,0,0,0,6,9,1,70,5,1,1,45,45,51,61,41,0,0,0,0,0,0,0,0,0,10,0,3,0,0,0,0,0,2,4,35.69421694444444,139.79340277777777,4,3,0,0,0,0
1,30,773,157,2,0,1,20690,0,107,2023,5,31,18,20,13,4,27,18,50,2,1,1,1,1,9,22,0,0,19,9,30,70,1,2,1,55,65,51,61,41,0,0,0,0,0,0,0,0,0,40,0,3,0,0,0,0,0,4,2,35.70126916666667,139.81495972222223,4,3,0,0,0,0
1,30,773,158,2,0,1,30000,0,107,2023,3,27,16,10,12,5,36,17,58,2,1,1,14,7,0,0,0,0,2,9,1,70,5,3,1,55,45,4,61,31,0,1,0,1,0,11,0,5,0,30,0,3,0,2,0,2,0,4,2,35.698078055555555,139.81417166666668,2,3,9999,0,9,0
1,30,774,73,2,0,1,60,61,107,2023,5,17,20,20,22,4,35,18,40,1,1,1,1,7,9,22,0,0,17,9,30,70,4,1,1,1,45,51,61,41,0,0,0,0,0,0,0,0,0,10,0,3,0,0,0,0,0,4,2,35.7194975,139.8151813888889,4,3,0,0,0,0
1,30,775,118,2,0,1,95000,0,122,2023,5,7,10,10,12,4,44,18,32,3,1,1,13,7,0,0,0,0,3,1,1,70,4,4,1,75,35,4,61,31,0,1,0,1,0,11,0,10,0,10,0,2,0,2,0,2,0,4,2,35.76947583333333,139.86481722222223,1,3,159,0,9,0
1,30,775,119,2,0,1,30000,0,122,2023,5,11,8,10,12,4,40,18,35,1,1,1,1,1,0,0,0,0,19,9,30,70,1,1,1,1,0,61,0,0,0,0,0,0,0,0,0,0,0,0,0,0,0,0,0,0,0,2,0,35.7502375,139.84184722222224,5,3,0,0,0,0
1,30,775,121,2,0,1,60,99,122,2023,5,15,22,40,22,4,37,18,39,2,1,1,1,1,9,22,0,0,18,9,30,70,5,2,1,25,75,34,61,31,0,0,0,0,0,11,0,5,0,10,0,2,0,0,0,0,0,4,2,35.74437,139.84379222222222,2,3,9999,0,5,0
1,30,775,128,2,0,1,10700,0,122,2023,5,27,23,43,22,4,29,18,48,1,1,1,7,7,0,0,0,0,3,6,1,1,5,3,1,75,75,3,61,31,0,1,0,1,0,11,0,2,0,10,0,2,0,2,0,2,0,4,2,35.78910194444444,139.86394805555554,7,3,527,0,1,0
1,30,775,135,2,0,1,90000,0,122,2023,5,29,15,40,12,4,28,18,49,3,1,2,14,7,0,0,0,0,2,9,1,70,5,4,1,65,45,3,61,31,0,1,0,1,0,11,0,10,0,30,0,4,0,2,0,2,0,4,2,35.78866055555555,139.85889027777776,2,3,9999,0,9,0
1,30,776,152,2,0,1,30000,0,122,2023,5,2,18,55,21,4,49,18,28,1,1,1,14,7,0,0,0,0,1,9,1,70,4,2,1,25,1,14,61,31,0,11,0,1,0,11,0,2,0,10,0,3,0,2,0,2,0,4,2,35.73369111111111,139.8502186111111,3,2,9999,0,5,0
1,30,776,162,2,0,1,10400,0,122,2023,5,12,17,43,13,4,39,18,36,1,1,1,7,1,0,0,0,0,1,9,1,70,5,2,1,45,65,51,61,41,0,0,0,0,0,0,0,0,0,10,0,3,0,0,0,0,0,4,2,35.721137222222225,139.85509333333331,6,3,0,0,0,0
1,30,776,187,2,0,1,30000,0,122,2023,1,21,3,20,22,6,48,16,56,1,1,1,14,7,0,0,0,0,1,9,1,70,5,3,1,65,55,3,61,31,0,1,0,1,0,11,0,10,0,40,0,4,0,2,0,2,0,4,2,35.742984722222225,139.8412477777778,7,3,9999,0,9,0
1,30,777,262,2,0,2,10130,0,123,2023,5,3,11,5,12,4,48,18,29,1,1,1,14,7,0,0,0,0,4,9,1,70,4,2,1,35,55,51,61,41,0,0,0,0,0,0,0,0,0,10,0,3,0,0,0,0,0,4,2,35.68578333333333,139.8820488888889,4,1,0,0,0,0
1,30,777,265,2,0,1,20700,0,123,2023,5,4,13,5,12,4,47,18,30,1,1,1,1,7,9,22,0,0,14,9,30,70,4,2,1,75,1,3,61,31,0,1,0,1,0,11,0,2,0,10,0,3,0,2,0,2,0,4,2,35.69473027777777,139.90974111111112,5,1,1051,0,9,0
1,30,777,269,2,0,1,30000,0,123,2023,5,4,18,50,21,4,47,18,30,1,1,1,1,7,9,22,0,0,14,9,30,70,5,3,1,45,45,14,61,1,0,11,0,1,0,11,0,2,0,40,0,3,0,2,0,2,0,4,2,35.704706388888894,139.87991583333334,5,1,9999,0,9,0
1,30,777,282,2,0,1,10390,0,123,2023,5,14,12,58,12,4,37,18,38,2,1,1,7,1,0,0,0,0,2,9,1,70,4,1,1,45,75,13,61,31,0,11,0,1,0,11,0,3,0,80,0,3,0,2,0,2,0,4,2,35.703135555555555,139.86803500000002,1,3,9999,0,9,0
1,30,777,283,2,0,1,30000,0,123,2023,5,6,20,0,22,4,45,18,31,1,1,1,1,1,0,0,0,0,15,9,30,70,4,1,1,25,0,61,0,0,0,0,0,0,0,0,0,0,0,0,0,0,0,0,0,0,0,2,0,35.70627888888889,139.90411555555556,7,3,0,0,0,0
1,30,777,297,2,0,1,99000,0,123,2023,5,13,20,28,22,4,38,18,37,2,1,1,0,7,0,0,0,0,0,0,20,70,0,2,1,55,25,3,61,1,0,1,0,1,0,11,0,1,0,30,0,4,0,2,0,2,0,4,2,35.693123611111105,139.9023038888889,7,3,9999,0,9,0
1,30,777,298,2,0,1,10390,0,123,2023,5,14,7,25,12,4,37,18,38,2,1,2,1,1,9,22,0,0,15,9,30,70,5,2,1,55,1,3,61,1,0,1,0,1,0,11,0,1,0,10,0,4,0,2,0,2,0,4,2,35.70128694444445,139.8679025,1,3,9999,0,9,0
1,30,777,300,2,0,1,30000,0,123,2023,5,22,21,25,22,4,32,18,44,3,1,2,14,7,0,0,0,0,3,9,1,70,5,3,1,1,45,51,61,41,0,0,0,0,0,0,0,0,0,10,0,4,0,0,0,0,0,4,2,35.694003055555555,139.89922222222222,2,3,0,0,0,0
1,30,777,302,2,0,1,30000,0,123,2023,5,23,8,5,12,4,31,18,45,3,1,2,1,7,9,22,0,0,15,9,30,70,4,1,1,45,1,12,61,31,0,11,0,2,0,11,0,2,0,40,0,3,0,2,0,2,0,4,2,35.695279166666666,139.84936444444446,3,3,9999,0,9,0
1,30,777,306,2,0,1,30000,0,123,2023,5,24,7,0,12,4,30,18,46,1,1,1,12,7,0,0,0,0,3,9,1,70,4,2,1,45,75,51,61,41,0,0,0,0,0,0,0,0,0,10,0,3,0,0,0,0,0,4,2,35.68015638888889,139.88626805555555,4,3,0,0,0,0
1,30,777,316,2,0,1,30520,0,123,2023,5,28,11,26,12,4,28,18,48,1,1,1,1,7,9,22,0,0,17,9,30,70,4,2,1,45,75,3,61,31,0,1,0,1,0,11,0,2,0,0,0,3,0,2,0,2,0,4,2,35.68623611111111,139.88413888888888,1,3,9999,0,4,0
1,30,778,101,2,0,1,30000,0,123,2023,5,3,12,20,12,4,48,18,29,1,1,1,1,7,9,22,0,0,11,9,30,70,5,2,1,35,75,35,61,31,0,0,0,0,0,11,0,10,0,10,0,3,0,0,0,0,0,4,2,35.71158638888889,139.89467416666665,4,1,9999,0,5,0
1,30,778,109,2,0,1,30000,0,123,2023,5,21,9,5,12,4,32,18,43,1,1,1,14,7,0,0,0,0,3,9,1,70,5,4,1,65,1,51,61,41,0,0,0,0,0,0,0,0,0,10,0,3,0,0,0,0,0,4,2,35.71711083333334,139.90174861111112,1,3,0,0,0,0
1,30,778,113,2,0,1,30000,0,123,2023,4,1,10,0,12,5,29,18,2,1,1,1,7,7,0,0,0,0,2,9,1,70,5,3,1,35,65,3,61,31,0,1,0,1,0,11,0,2,0,40,0,3,0,2,0,2,0,4,2,35.736174444444444,139.89204083333334,7,3,9999,0,1,0
1,30,778,115,2,0,1,30000,0,123,2023,5,10,15,22,12,4,41,18,35,1,1,1,14,7,0,0,0,0,3,9,1,70,5,2,1,65,35,51,61,41,0,0,0,0,0,0,0,0,0,10,0,3,0,0,0,0,0,4,2,35.73002777777778,139.88156472222224,4,3,0,0,0,0
1,30,778,117,2,0,1,30000,0,123,2023,5,3,17,42,13,4,48,18,29,1,1,1,14,7,0,0,0,0,3,9,1,70,5,4,1,25,0,61,0,0,0,0,0,0,0,0,0,0,0,0,0,0,0,0,0,0,0,2,0,35.73142333333333,139.88427,4,1,0,0,0,0
1,30,778,119,2,0,1,95000,0,123,2023,4,28,17,4,12,4,53,18,25,1,1,1,0,7,0,0,0,0,0,0,20,70,0,4,1,55,35,35,61,31,0,0,0,0,0,11,0,10,0,10,0,4,0,0,0,0,0,4,2,35.72192277777778,139.87462277777777,6,2,9999,0,9,0
1,30,779,115,2,0,1,30000,0,123,2023,5,20,23,42,22,4,33,18,43,1,1,1,1,1,9,22,0,0,19,9,30,70,1,2,1,1,1,3,61,31,0,1,0,1,0,11,0,3,0,50,0,2,0,2,0,2,0,4,2,35.65143722222222,139.88011944444446,7,3,9999,0,1,0
1,30,876,126,2,0,1,30000,0,201,2022,10,24,18,30,22,5,55,16,55,2,1,1,1,7,1,21,0,0,14,9,30,70,4,2,1,65,35,3,61,31,0,1,0,1,0,11,0,2,0,10,0,3,0,2,0,2,0,4,2,35.626275,139.38173277777778,2,3,9999,0,9,0
1,30,876,137,2,0,1,30000,0,201,2023,5,16,16,0,12,4,36,18,39,1,2,1,1,7,9,22,0,0,14,9,30,70,4,2,1,55,1,3,61,31,0,1,0,1,0,11,0,10,0,10,0,3,0,2,0,2,0,4,2,35.62518166666667,139.39206055555556,3,3,9999,0,9,0
1,30,876,141,2,0,1,30000,0,201,2023,5,20,18,30,13,4,33,18,43,2,1,1,1,1,9,22,0,0,15,9,30,70,4,2,1,65,25,3,61,1,0,1,0,1,0,11,0,3,0,10,0,4,0,2,0,2,0,4,2,35.63145638888889,139.33230388888887,7,3,9999,0,9,0
1,30,876,142,2,0,1,21200,0,201,2023,5,22,7,42,12,4,32,18,44,1,2,1,1,1,9,22,0,0,14,8,30,70,1,2,1,45,45,3,61,31,0,1,0,1,0,11,0,3,0,50,0,3,0,2,0,2,0,4,2,35.62289805555556,139.3990575,2,3,9999,0,1,0
1,30,876,146,2,0,2,99000,0,201,2023,5,15,11,1,12,4,37,18,39,3,1,2,0,7,0,0,0,0,0,0,20,70,0,4,1,1,45,3,61,31,0,1,0,1,0,11,0,10,0,40,0,4,0,2,0,2,0,4,2,35.62545111111111,139.39772444444444,2,3,9999,0,1,0
1,30,877,162,2,0,1,30000,0,201,2023,5,2,14,45,12,4,49,18,28,1,1,1,1,1,9,22,0,0,15,9,30,70,4,1,1,75,55,3,61,31,0,1,0,1,0,11,0,3,0,10,0,3,0,2,0,2,0,4,2,35.66123111111111,139.26844222222223,3,2,573,0,9,0
1,30,877,166,2,0,1,99000,0,201,2023,5,4,20,14,22,4,47,18,30,1,3,1,0,7,0,0,0,0,0,0,20,70,0,4,1,45,45,3,61,31,0,1,0,1,0,11,0,10,0,50,0,4,0,2,0,2,0,4,2,35.638286666666666,139.29269333333332,5,1,9999,0,1,0
1,30,877,167,2,0,1,30000,0,201,2023,5,7,12,40,12,4,44,18,32,3,2,2,1,7,1,21,0,0,14,9,30,70,5,4,1,65,45,3,61,31,0,1,0,1,0,11,0,2,0,10,0,3,0,2,0,2,0,4,2,35.64165805555555,139.28594666666666,1,3,9999,0,9,0
1,30,877,173,2,0,1,30000,0,201,2023,5,13,12,55,12,4,38,18,37,2,1,2,1,1,9,22,0,0,18,9,30,70,5,2,1,65,65,12,61,31,0,11,0,1,0,11,0,3,0,10,0,4,0,2,0,2,0,4,2,35.6293225,139.3105288888889,7,3,9999,0,9,0
1,30,877,186,2,0,1,30000,0,201,2023,5,23,20,21,22,4,31,18,45,3,2,2,1,1,9,22,0,0,18,9,30,70,4,2,1,75,35,14,61,31,0,11,0,1,0,11,0,3,0,14,0,3,0,2,0,2,0,4,2,35.63126694444445,139.31172111111113,3,3,468,0,9,0
1,30,878,174,2,0,1,30000,0,224,2023,5,4,14,50,12,4,47,18,30,1,3,1,1,7,9,22,0,0,14,4,30,70,4,2,1,65,75,3,61,31,0,1,0,1,0,11,0,2,0,10,0,2,0,2,0,2,0,4,2,35.612409722222225,139.4265088888889,5,1,9999,0,1,0
1,30,878,192,2,0,1,30000,0,225,2023,5,24,9,40,12,4,30,18,46,1,1,1,1,7,9,22,0,0,11,7,30,70,4,2,1,75,75,3,61,31,0,1,0,1,0,11,0,3,0,10,0,4,0,2,0,2,0,4,2,35.636919722222224,139.49938305555554,4,3,140,0,9,0
1,30,878,193,2,0,1,95000,0,225,2023,5,25,0,20,22,4,30,18,46,1,1,1,1,1,9,22,0,0,14,9,30,70,1,2,1,35,35,17,61,31,0,11,0,1,0,11,0,3,0,10,0,4,0,2,0,2,0,4,2,35.64084111111111,139.50873083333335,5,3,9999,0,1,0
1,30,879,198,2,0,1,30000,0,223,2023,5,8,11,45,12,4,43,18,33,2,2,1,14,7,0,0,0,0,2,9,1,70,4,2,1,65,75,4,61,31,0,1,0,1,0,11,0,10,0,40,0,3,0,2,0,2,0,4,2,35.74558805555556,139.37440055555555,2,3,9999,0,9,0
1,30,879,203,2,0,1,95000,0,223,2023,5,9,17,45,13,4,42,18,34,1,1,1,14,7,0,0,0,0,1,9,1,70,4,1,1,45,25,51,61,41,0,0,0,0,0,0,0,0,0,20,0,4,0,0,0,0,0,4,2,35.74289861111111,139.39488527777777,3,3,0,0,0,0
1,30,879,225,2,0,1,30000,0,223,2023,5,26,7,45,12,4,29,18,47,1,1,1,14,7,0,0,0,0,2,7,1,70,5,3,1,25,55,3,61,31,0,1,0,1,0,11,0,2,0,40,0,3,0,2,0,2,0,4,2,35.75103388888889,139.40453305555556,6,3,9999,0,1,0
1,30,879,227,2,0,1,30000,0,223,2023,5,27,0,20,22,4,29,18,48,1,1,1,1,1,9,22,0,0,14,9,30,70,4,1,1,55,55,11,61,31,0,11,0,1,0,11,0,2,0,10,0,3,0,2,0,2,0,4,2,35.74207166666667,139.38295444444447,7,3,9999,0,9,0
1,30,879,228,2,0,1,30000,0,223,2023,5,11,12,20,12,4,40,18,35,1,2,1,1,7,0,0,0,0,14,9,30,70,5,2,1,75,0,61,0,0,0,0,0,0,0,0,0,0,0,0,0,0,0,0,0,0,0,2,0,35.74220444444445,139.40127361111112,5,3,0,0,0,0
1,30,879,230,2,0,1,90000,0,220,2023,5,27,14,35,12,4,29,18,48,1,2,1,0,7,0,0,0,0,0,0,20,70,0,4,1,35,75,14,61,1,0,11,0,1,0,11,0,10,0,30,0,3,0,2,0,2,0,4,2,35.75223777777778,139.43901416666668,7,3,9999,0,1,0
1,30,880,82,2,0,1,20000,0,205,2023,5,4,11,15,12,4,47,18,30,1,3,1,1,7,1,21,0,0,14,9,30,70,5,1,1,45,45,4,61,31,0,1,0,1,0,11,0,2,0,40,0,4,0,2,0,2,0,4,2,35.79851416666666,139.28816,5,1,9999,0,9,0
1,30,880,99,2,0,1,99000,0,205,2023,5,11,20,40,22,4,40,18,35,1,2,1,0,7,0,0,0,0,0,0,20,70,0,4,1,1,55,14,61,31,0,11,0,1,0,11,0,10,0,30,0,3,0,2,0,1,0,4,2,35.78651194444444,139.27347444444445,5,3,9999,0,1,0
1,30,880,102,2,0,1,30000,0,205,2023,5,26,16,25,12,4,29,18,47,1,1,1,14,7,0,0,0,0,2,9,1,70,5,3,1,45,1,4,61,31,0,1,0,1,0,11,0,2,0,10,0,3,0,2,0,2,0,4,2,35.77974694444444,139.25520194444445,6,3,9999,0,9,0
1,30,881,54,2,0,1,30000,0,228,2023,5,21,8,35,12,4,32,18,43,1,1,1,14,7,0,0,0,0,2,9,1,70,5,3,1,35,75,4,61,31,0,1,0,1,0,11,0,10,0,20,0,3,0,2,0,2,0,4,2,35.730224722222225,139.2285938888889,1,3,9999,0,1,0
1,30,882,120,2,0,1,10530,0,227,2023,4,27,15,20,12,4,54,18,24,1,2,1,14,7,0,0,0,0,3,9,1,70,4,2,1,65,55,4,61,31,0,1,0,1,0,11,0,3,0,40,0,4,0,2,0,2,0,4,2,35.767807499999996,139.29957527777776,5,3,9999,0,9,0
1,30,882,130,2,0,1,30000,0,218,2023,4,30,19,5,21,4,51,18,26,1,2,1,13,7,0,0,0,0,3,3,1,70,5,1,1,25,25,3,61,31,0,1,0,1,0,11,0,2,0,50,0,4,0,2,0,2,0,4,2,35.721585555555556,139.3442288888889,1,3,9999,0,1,0
1,30,882,135,2,0,1,10240,0,303,2023,5,23,0,18,22,4,31,18,45,3,2,2,7,7,0,0,0,0,3,9,1,70,4,3,1,45,35,3,61,31,0,1,0,1,0,11,0,2,0,80,0,3,0,2,0,2,0,4,2,35.76719,139.3575686111111,3,3,9999,0,1,0
1,30,882,136,2,0,1,95000,0,218,2023,5,29,13,50,12,4,28,18,49,2,3,1,0,7,0,0,0,0,0,0,20,70,0,4,1,75,55,3,61,31,0,1,0,1,0,11,0,10,0,30,0,3,0,2,0,2,0,4,2,35.7150175,139.33549277777777,2,3,40,0,9,0
1,30,882,137,2,0,2,30000,0,227,2023,5,30,7,23,12,4,28,18,50,2,1,1,14,7,0,0,0,0,3,9,1,70,4,1,1,55,55,36,61,31,0,0,0,0,0,11,0,2,0,10,0,3,0,0,0,0,0,2,2,35.76555972222222,139.32779722222222,3,3,9999,0,9,0
1,30,882,150,2,0,1,30000,0,218,2023,5,11,17,0,12,4,40,18,35,2,2,1,1,1,9,22,0,0,11,9,30,70,4,2,1,65,1,13,61,31,0,11,0,1,0,11,0,2,0,40,0,3,0,2,0,2,0,4,2,35.733513611111114,139.33871444444446,5,3,9999,0,9,0
1,30,883,203,2,0,1,160,0,201,2023,4,9,23,48,22,5,17,18,9,1,1,1,1,2,9,22,0,0,14,9,30,70,4,1,1,35,45,36,61,31,0,0,0,0,0,11,0,10,0,10,0,3,0,0,0,0,0,4,2,35.651114444444445,139.33371194444445,1,3,9999,0,5,0
1,30,883,214,2,0,1,30000,0,201,2023,5,10,18,18,13,4,41,18,35,1,1,1,1,7,9,22,0,0,11,9,30,70,4,1,1,25,25,51,61,41,0,0,0,0,0,0,0,0,0,10,0,3,0,0,0,0,0,4,2,35.6551575,139.3291275,4,3,0,0,0,0
1,30,883,217,2,0,1,30000,0,201,2023,5,13,9,55,12,4,38,18,37,1,1,2,1,1,9,22,0,0,15,9,30,70,4,2,1,65,25,3,61,31,0,1,0,1,0,11,0,1,0,10,0,3,0,2,0,2,0,4,2,35.66495583333333,139.3171847222222,7,3,9999,0,9,0
1,30,883,218,2,0,1,10480,0,201,2023,3,23,8,0,12,5,41,17,55,3,1,2,14,7,0,0,0,0,2,9,1,70,5,3,1,35,0,61,0,0,0,0,0,0,0,0,0,0,0,0,0,0,0,0,0,0,0,2,0,35.653328055555555,139.34089583333335,5,3,0,0,0,0
1,30,883,223,2,0,1,30000,0,201,2023,5,17,15,55,12,4,35,18,40,1,1,1,14,7,0,0,0,0,2,9,1,70,5,2,1,45,55,3,61,31,0,1,0,1,0,11,0,10,0,20,0,4,0,2,0,2,0,4,2,35.65905055555555,139.33839972222222,4,3,9999,0,9,0
1,30,883,235,2,0,1,30000,0,201,2023,5,22,9,19,12,4,32,18,44,1,1,1,14,7,0,0,0,0,2,9,1,70,5,3,1,25,45,14,61,31,0,11,0,1,0,11,0,10,0,20,0,3,0,2,0,2,0,4,2,35.65529305555555,139.3332386111111,2,3,9999,0,1,0
1,30,883,238,2,0,1,30000,0,201,2023,5,27,12,55,12,4,29,18,48,1,1,1,1,7,9,22,0,0,11,9,30,70,5,3,1,45,1,3,61,31,0,1,0,1,0,11,0,10,0,10,0,3,0,2,0,2,0,4,2,35.64559833333333,139.31888583333333,7,3,9999,0,9,0
1,30,883,239,2,0,1,30000,0,201,2023,5,28,8,0,12,4,28,18,48,2,1,1,14,7,0,0,0,0,4,9,1,70,4,1,1,55,55,3,61,31,0,1,0,1,0,11,0,3,0,30,0,3,0,2,0,2,0,4,2,35.654105277777774,139.32732555555555,1,3,9999,0,9,0
1,30,883,244,2,0,1,200,0,201,2023,5,31,15,15,12,4,27,18,50,1,1,1,14,7,0,0,0,0,4,9,1,70,4,1,1,1,1,51,61,41,0,0,0,0,0,0,0,0,0,10,0,3,0,0,0,0,0,4,2,35.66026361111111,139.3305597222222,4,3,0,0,0,0
1,30,883,245,2,0,1,30000,0,201,2023,5,31,16,30,12,4,27,18,50,2,1,1,14,7,0,0,0,0,1,9,1,70,5,3,1,75,1,4,61,31,0,1,0,1,0,11,0,2,0,40,0,3,0,2,0,2,0,4,2,35.68382611111111,139.30654805555557,4,3,9999,0,9,0
1,30,883,250,2,0,1,30000,0,201,2023,5,25,8,0,12,4,30,18,46,2,1,1,14,7,0,0,0,0,1,9,1,70,5,3,1,65,35,4,61,31,0,1,0,1,0,11,0,2,0,40,0,3,0,2,0,2,0,4,2,35.68315472222222,139.2999788888889,5,3,9999,0,9,0
1,30,884,224,2,0,1,30000,0,209,2023,3,28,10,0,12,5,34,17,59,3,1,2,1,1,9,22,0,0,15,9,30,70,4,2,1,75,35,3,61,31,0,1,0,1,0,11,0,3,0,80,0,3,0,2,0,2,0,4,2,35.533676666666665,139.48030500000002,3,3,1008,0,9,0
1,30,884,232,2,0,1,30000,0,209,2023,5,9,9,15,12,4,42,18,34,1,1,1,1,1,9,22,0,0,14,9,30,70,5,2,1,65,45,3,61,31,0,1,0,1,0,11,0,2,0,80,0,3,0,2,0,2,0,4,2,35.542581388888884,139.4710797222222,3,3,9999,0,9,0
1,30,884,236,2,0,1,30000,0,209,2023,5,10,13,37,12,4,41,18,35,1,1,1,1,7,1,21,0,0,15,9,30,70,5,2,1,55,75,3,61,31,0,1,0,1,0,11,0,10,0,30,0,3,0,2,0,2,0,4,2,35.59013111111111,139.46972333333335,4,3,9999,0,9,0
1,30,884,245,2,0,1,10490,0,209,2023,4,4,20,25,22,5,24,18,5,1,1,1,1,1,9,22,0,0,18,9,30,70,4,3,1,35,55,3,61,31,0,1,0,1,0,11,0,3,0,10,0,3,0,2,0,2,0,4,2,35.53839277777777,139.45393166666665,3,3,9999,0,1,0
1,30,884,247,2,0,1,30000,0,209,2023,5,15,19,10,21,4,37,18,39,2,2,2,1,7,0,0,0,0,14,9,30,70,4,2,1,65,0,61,0,0,0,0,0,0,0,0,0,0,0,0,0,0,0,0,0,0,0,2,0,35.554615,139.47713916666666,2,3,0,0,0,0
1,30,884,252,2,0,1,30000,0,209,2023,4,22,17,20,13,5,0,18,20,1,1,1,1,7,9,22,0,0,11,9,30,70,5,4,1,55,1,3,61,31,0,1,0,1,0,11,0,2,0,30,0,3,0,2,0,2,0,4,2,35.60250111111111,139.46256916666667,7,3,9999,0,9,0