資料区分,都道府県コード,警察署等コード,本票番号,事故内容,死者数,負傷者数,路線コード,地点コード,市区町村コード,発生日時　　年,発生日時　　月,発生日時　　日,発生日時　　時,発生日時　　分,昼夜,日の出時刻　　時,日の出時刻　　分,日の入り時刻　　時,日の入り時刻　　分,天候,地形,路面状態,道路形状,信号機,一時停止規制　標識（当事者A）,一時停止規制　表示（当事者A）,一時停止規制　標識（当事者B）,一時停止規制　表示（当事者B）,車道幅員,道路線形,衝突地点,ゾーン規制,中央分離帯施設等,歩車道区分,事故類型,年齢（当事者A）,年齢（当事者B）,当事者種別（当事者A）,当事者種別（当事者B）,用途別（当事者A）,用途別（当事者B）,車両形状等（当事者A）,車両形状等（当事者B）,オートマチック車（当事者A）,オートマチック車（当事者B）,サポカー（当事者A）,サポカー（当事者B）,速度規制（指定のみ）（当事者A）,速度規制（指定のみ）（当事者B）,車両の衝突部位（当事者A）,車両の衝突部位（当事者B）,車両の損壊程度（当事者A）,車両の損壊程度（当事者B）,エアバッグの装備（当事者A）,エアバッグの装備（当事者B）,サイドエアバッグの装備（当事者A）,サイドエアバッグの装備（当事者B）,人身損傷程度（当事者A）,人身損傷程度（当事者B）,lat,lon,曜日(発生年月日),祝日(発生年月日),認知機能検査経過日数（当事者A）,認知機能検査経過日数（当事者B）,運転練習の方法（当事者A）,運転練習の方法（当事者B）
1,30,884,254,2,0,1,30000,0,209,2023,5,19,7,50,12,4,34,18,42,2,1,1,1,7,9,22,0,0,14,9,30,70,4,2,1,55,1,4,61,31,0,1,0,1,0,11,0,2,0,40,0,2,0,2,0,2,0,4,2,35.576191944444446,139.49876388888887,6,3,9999,0,9,0
1,30,884,261,2,0,1,30000,0,209,2023,5,24,16,36,12,4,30,18,46,1,1,1,1,7,9,22,0,0,11,9,30,70,5,4,1,65,1,3,61,31,0,1,0,1,0,11,0,3,0,20,0,3,0,2,0,2,0,4,2,35.54537083333333,139.4397275,4,3,9999,0,9,0
1,30,884,266,2,0,1,30000,0,209,2023,5,26,8,30,12,4,29,18,47,1,1,1,7,7,0,0,0,0,2,9,1,70,5,3,1,1,65,51,61,41,0,0,0,0,0,0,0,0,0,10,0,3,0,0,0,0,0,4,2,35.54213277777777,139.46920277777778,6,3,0,0,0,0
1,30,884,271,2,0,1,30000,0,209,2023,4,19,2,19,22,5,4,18,17,1,2,1,1,1,9,22,0,0,14,6,30,70,4,2,1,1,1,3,61,31,0,1,0,1,0,11,0,3,0,10,0,1,0,1,0,1,0,4,2,35.59378,139.42473777777778,4,3,0,0,0,0
1,30,884,277,2,0,1,20750,0,209,2023,4,11,16,55,12,5,15,18,10,1,1,1,14,7,0,0,0,0,1,9,1,70,4,2,1,1,25,51,61,41,0,0,0,0,0,0,0,0,0,20,0,3,0,0,0,0,0,4,2,35.58667861111111,139.47043027777778,3,3,0,0,0,0
1,30,884,283,2,0,1,30000,0,209,2023,5,29,21,10,22,4,28,18,49,3,1,2,14,7,0,0,0,0,1,9,1,1,4,2,1,45,1,3,61,31,0,1,0,1,0,11,0,2,0,10,0,3,0,1,0,2,0,4,2,35.515612222222224,139.46776305555557,2,3,9999,0,9,0
1,30,885,99,2,0,1,20780,0,212,2023,4,1,15,55,12,5,29,18,2,1,1,1,1,1,9,22,0,0,15,9,30,70,1,1,1,35,65,3,61,31,0,1,0,1,0,11,0,4,0,10,0,3,0,2,0,2,0,4,2,35.678954999999995,139.40794194444445,7,3,9999,0,5,0
1,30,885,110,2,0,1,20890,0,212,2023,4,26,7,20,12,4,56,18,23,3,1,2,1,1,9,22,0,0,15,9,30,70,4,2,1,45,35,3,61,31,0,1,0,1,0,11,0,1,0,40,0,3,0,2,0,2,0,4,2,35.67963722222222,139.3929336111111,4,3,9999,0,9,0
1,30,885,113,2,0,1,30000,0,212,2023,5,14,19,20,21,4,37,18,38,3,3,2,14,7,0,0,0,0,1,9,1,70,4,1,1,1,65,51,61,41,0,0,0,0,0,0,0,0,0,10,0,3,0,0,0,0,0,4,2,35.658765555555554,139.37824305555557,1,3,0,0,0,0
1,30,886,163,2,0,1,30000,0,207,2023,5,2,17,0,12,4,49,18,28,1,1,1,1,7,9,22,0,0,15,9,30,70,4,2,1,65,1,3,61,31,0,1,0,1,0,11,0,3,0,10,0,3,0,2,0,2,0,4,2,35.70167055555556,139.39187305555555,3,2,9999,0,9,0
1,30,886,166,2,0,1,31050,0,207,2023,5,7,22,7,22,4,44,18,32,3,2,2,14,7,0,0,0,0,2,9,1,70,4,2,1,1,35,51,61,41,0,0,0,0,0,0,0,0,0,10,0,4,0,0,0,0,0,4,2,35.71073583333334,139.36087083333334,1,3,0,0,0,0
1,30,887,224,2,0,1,30000,0,202,2023,5,6,8,10,12,4,45,18,31,2,1,1,7,7,0,0,0,0,2,9,1,70,5,3,1,1,0,61,0,0,0,0,0,0,0,0,0,0,0,0,0,0,0,0,0,0,0,2,0,35.69290055555555,139.41419416666668,7,3,0,0,0,0
1,30,887,234,2,0,1,30000,0,202,2023,5,11,18,5,13,4,40,18,35,2,1,2,1,7,9,22,0,0,14,9,30,70,5,3,1,45,1,51,61,41,0,0,0,0,0,0,0,0,0,40,0,4,0,0,0,0,0,4,2,35.6992475,139.40339222222224,5,3,0,0,0,0
1,30,887,236,2,0,1,10260,0,202,2023,5,11,23,45,22,4,40,18,35,1,1,1,1,7,9,22,0,0,14,9,30,70,4,2,1,55,55,14,61,31,0,11,0,1,0,11,0,3,0,10,0,3,0,2,0,2,0,4,2,35.72284166666667,139.4207997222222,5,3,9999,0,1,0
1,30,887,238,2,0,1,95000,0,202,2023,5,12,19,15,21,4,39,18,36,1,1,1,1,1,9,22,0,0,14,9,30,70,1,2,1,1,65,4,61,31,0,1,0,1,0,11,0,3,0,10,0,3,0,2,0,2,0,4,2,35.699972499999994,139.4220322222222,6,3,9999,0,1,0
1,30,887,252,2,0,1,30000,0,202,2023,5,20,17,50,13,4,33,18,43,1,1,1,14,7,0,0,0,0,5,9,1,70,5,2,1,35,25,4,61,31,0,1,0,1,0,11,0,10,0,30,0,4,0,2,0,2,0,4,2,35.70004194444445,139.4115238888889,7,3,9999,0,1,0
1,30,887,264,2,0,1,99000,0,215,2023,5,29,7,53,12,4,28,18,49,3,3,2,0,7,0,0,0,0,0,0,20,70,0,4,1,65,45,24,61,0,0,0,0,0,0,11,0,10,0,10,0,4,0,0,0,0,0,4,2,35.67422555555555,139.4466075,2,3,0,0,0,0
1,30,888,101,2,0,1,30000,0,206,2023,4,15,3,28,22,5,9,18,14,3,1,2,1,1,9,22,0,0,15,9,30,70,4,2,1,75,1,3,61,1,0,1,0,1,0,11,0,2,0,10,0,4,0,2,0,2,0,4,2,35.66641555555555,139.4648922222222,7,3,99,0,9,0
1,30,888,107,2,0,1,30000,0,206,2023,5,8,20,20,22,4,43,18,33,2,1,1,14,7,0,0,0,0,3,9,1,70,5,3,1,25,65,51,61,41,0,0,0,0,0,0,0,0,0,10,0,4,0,0,0,0,0,4,2,35.67288444444444,139.4764236111111,2,3,0,0,0,0
1,30,888,116,2,0,1,30000,0,206,2023,5,26,18,10,13,4,29,18,47,2,1,1,14,7,0,0,0,0,2,8,1,70,5,2,1,1,55,51,61,41,0,0,0,0,0,0,0,0,0,40,0,4,0,0,0,0,0,4,2,35.676809444444444,139.51736805555558,6,3,0,0,0,0
1,30,888,117,2,0,1,20890,0,206,2023,5,31,14,28,12,4,27,18,50,1,1,1,1,7,9,22,0,0,15,9,30,70,4,2,1,25,1,13,61,31,0,11,0,1,0,11,0,2,0,10,0,3,0,2,0,2,0,4,2,35.66468666666667,139.51793500000002,4,3,9999,0,1,0
1,30,889,109,2,0,1,90000,0,210,2023,5,3,13,40,12,4,48,18,29,1,1,1,14,7,0,0,0,0,1,9,1,70,5,4,1,35,1,14,61,1,0,11,0,1,0,11,0,10,0,30,0,3,0,2,0,2,0,4,2,35.69497833333333,139.5172177777778,4,1,9999,0,1,0
1,30,889,115,2,0,1,30000,0,210,2023,5,8,7,51,12,4,43,18,33,3,1,2,14,7,0,0,0,0,2,7,1,70,5,3,1,45,35,3,61,31,0,1,0,1,0,11,0,1,0,40,0,3,0,2,0,2,0,4,2,35.69817888888888,139.50459555555557,2,3,9999,0,1,0
1,30,889,124,2,0,1,30000,0,210,2023,4,13,18,45,21,5,12,18,12,1,1,1,7,1,0,0,0,0,2,9,1,70,4,2,1,1,0,61,0,0,0,0,0,0,0,0,0,0,0,0,0,0,0,0,0,0,0,2,0,35.699487777777776,139.5220352777778,5,3,0,0,0,0
1,30,889,126,2,0,1,10660,0,210,2023,5,20,11,36,12,4,33,18,43,1,1,1,1,1,9,22,0,0,17,9,30,70,5,3,1,25,75,4,61,31,0,1,0,1,0,11,0,2,0,10,0,3,0,2,0,2,0,4,2,35.694823888888884,139.49792722222222,7,3,9999,0,1,0
1,30,889,128,2,0,1,30000,0,214,2023,4,9,10,15,12,5,17,18,9,1,1,1,14,7,0,0,0,0,3,9,1,70,4,2,1,55,45,3,61,31,0,1,0,1,0,11,0,3,0,10,0,3,0,2,0,2,0,4,2,35.71097527777778,139.43375361111111,1,3,9999,0,9,0
1,30,889,136,2,0,1,10560,0,210,2023,5,28,18,10,13,4,28,18,48,2,1,1,1,1,9,22,0,0,18,9,30,70,4,2,1,35,25,3,61,31,0,1,0,1,0,11,0,3,0,10,0,3,0,2,0,2,0,4,2,35.689236666666666,139.50059805555554,1,3,9999,0,1,0
1,30,889,139,2,0,1,30000,0,210,2023,5,31,13,55,12,4,27,18,50,1,1,1,1,7,1,21,0,0,14,9,30,70,5,3,1,1,75,51,61,41,0,0,0,0,0,0,0,0,0,10,0,3,0,0,0,0,0,4,2,35.70597083333334,139.50378722222223,4,3,0,0,0,0
1,30,890,98,2,0,1,30000,0,222,2023,2,17,10,40,12,6,26,17,24,1,1,1,14,7,0,0,0,0,3,9,1,70,4,2,1,75,1,51,61,41,0,0,0,0,0,0,0,0,0,10,0,3,0,0,0,0,0,4,2,35.757266666666666,139.52698722222223,6,3,0,0,0,0
1,30,890,100,2,0,1,10600,0,229,2023,4,30,19,30,22,4,51,18,26,1,1,1,1,7,9,22,0,0,14,9,30,70,5,3,1,45,55,3,61,31,0,1,0,1,0,11,0,3,0,10,0,3,0,2,0,2,0,4,2,35.726462222222224,139.5411863888889,1,3,9999,0,1,0
1,30,890,118,2,0,1,30000,0,229,2023,5,19,22,55,22,4,34,18,42,3,1,2,1,1,9,22,0,0,15,9,30,70,4,2,1,55,65,3,61,1,0,1,0,1,0,11,0,3,0,20,0,3,0,2,0,2,0,4,2,35.74659666666667,139.549415,6,3,9999,0,9,0
1,30,890,131,2,0,1,30000,0,229,2023,5,30,16,55,12,4,28,18,50,1,1,1,14,7,0,0,0,0,3,9,1,70,5,2,1,25,1,3,61,31,0,1,0,1,0,11,0,2,0,10,0,3,0,2,0,2,0,2,4,35.72625194444445,139.53766944444445,3,3,9999,0,1,0
1,30,890,132,2,0,1,30000,0,222,2023,5,30,23,25,22,4,28,18,50,2,1,2,1,7,9,22,0,0,15,9,30,70,4,1,1,25,25,3,61,31,0,1,0,1,0,11,0,5,0,50,0,3,0,2,0,2,0,4,2,35.77251805555555,139.54584666666668,3,3,9999,0,1,0
1,30,891,138,2,0,1,95000,0,213,2023,3,27,19,3,22,5,36,17,58,2,2,1,14,7,0,0,0,0,3,9,1,70,4,2,1,1,65,51,61,41,0,0,0,0,0,0,0,0,0,10,0,3,0,0,0,0,0,4,2,35.76087555555556,139.4718861111111,2,3,0,0,0,0
1,30,891,145,2,0,1,30000,0,213,2023,5,6,16,40,12,4,45,18,31,1,2,1,1,7,1,21,0,0,11,9,30,70,5,2,1,55,65,3,61,31,0,1,0,1,0,11,0,2,0,50,0,3,0,2,0,2,0,4,2,35.77169305555555,139.49515666666665,7,3,9999,0,9,0
1,30,891,152,2,0,1,30000,0,213,2023,5,13,10,43,12,4,38,18,37,2,1,1,13,7,0,0,0,0,3,6,1,70,4,3,1,55,35,4,61,31,0,1,0,1,0,11,0,2,0,40,0,4,0,2,0,2,0,4,2,35.76182083333333,139.45327194444442,7,3,9999,0,1,0
1,30,891,159,2,0,1,10590,0,213,2023,5,20,8,20,12,4,33,18,43,3,1,2,1,1,9,22,0,0,15,9,30,70,4,1,1,1,25,3,61,31,0,1,0,1,0,11,0,3,0,10,0,3,0,2,0,2,0,4,2,35.77363666666667,139.49728444444443,7,3,9999,0,1,0
1,30,891,162,2,0,1,30000,0,213,2023,5,21,17,35,12,4,32,18,43,1,2,1,7,7,0,0,0,0,2,9,1,70,5,4,1,1,1,51,61,41,0,0,0,0,0,0,0,0,0,20,0,3,0,0,0,0,0,4,2,35.74711833333333,139.45425055555555,1,3,0,0,0,0
1,30,891,163,2,0,1,95000,0,213,2023,5,23,19,10,21,4,31,18,45,3,1,2,14,7,0,0,0,0,1,9,1,70,4,1,1,45,65,51,61,41,0,0,0,0,0,0,0,0,0,10,0,4,0,0,0,0,0,4,2,35.7439625,139.46708,3,3,0,0,0,0
1,30,891,168,2,0,1,20000,0,213,2023,4,26,10,35,12,4,56,18,23,3,1,2,1,1,9,22,0,0,14,9,30,70,4,2,1,75,55,2,61,31,0,1,0,1,0,11,0,3,0,10,0,4,0,2,0,2,0,4,2,35.7554625,139.48038944444446,4,3,515,0,1,0
1,30,892,116,2,0,1,30000,0,203,2023,4,25,15,15,12,4,57,18,22,1,1,1,14,7,0,0,0,0,2,9,1,70,4,2,1,1,75,51,61,41,0,0,0,0,0,0,0,0,0,10,0,4,0,0,0,0,0,4,2,35.715795,139.56314083333334,3,3,0,0,0,0
1,30,892,119,2,0,1,30000,0,203,2023,5,2,7,10,12,4,49,18,28,1,1,1,1,1,9,22,0,0,14,9,30,70,5,2,1,45,35,51,61,41,0,0,0,0,0,0,0,0,0,10,0,3,0,0,0,0,0,4,2,35.70428833333334,139.54510944444445,3,2,0,0,0,0
1,30,892,123,2,0,1,30000,0,203,2023,5,6,17,17,12,4,45,18,31,1,1,1,1,7,0,0,0,0,11,9,30,70,5,4,1,45,0,61,0,0,0,0,0,0,0,0,0,0,0,0,0,0,0,0,0,0,0,2,0,35.71342944444445,139.526235,7,3,0,0,0,0
1,30,892,134,2,0,1,10260,0,203,2023,5,23,20,37,22,4,31,18,45,3,1,2,1,1,9,22,0,0,11,9,30,70,4,2,1,1,35,14,61,1,0,11,0,1,0,11,0,3,0,50,0,3,0,2,0,2,0,4,2,35.70968583333334,139.57265194444443,3,3,9999,0,5,0
1,30,892,135,2,0,1,30000,0,203,2023,5,9,8,4,12,4,42,18,34,1,1,1,14,7,0,0,0,0,3,9,1,70,5,2,1,1,35,51,61,41,0,0,0,0,0,0,0,0,0,10,0,3,0,0,0,0,0,4,2,35.70622055555556,139.5623202777778,3,3,0,0,0,0
1,30,893,98,2,0,1,95000,0,204,2023,5,1,19,40,22,4,50,18,27,2,1,1,1,7,9,22,0,0,11,9,30,70,4,2,1,45,45,3,61,31,0,1,0,1,0,11,0,5,0,30,0,4,0,2,0,2,0,4,2,35.700555,139.5615325,2,3,9999,0,1,0
1,30,893,99,2,0,1,30000,0,204,2023,5,2,11,40,12,4,49,18,28,1,1,1,1,1,9,22,0,0,15,9,30,70,4,2,1,65,55,51,61,41,0,0,0,0,0,0,0,0,0,10,0,3,0,0,0,0,0,4,2,35.67831666666667,139.56790388888888,3,2,0,0,0,0
1,30,893,105,2,0,1,10270,0,204,2023,5,11,19,40,22,4,40,18,35,2,1,1,1,1,9,22,0,0,15,9,30,70,5,2,1,55,55,4,61,31,0,1,0,1,0,11,0,3,0,50,0,3,0,2,0,2,0,4,2,35.683746111111105,139.5582527777778,5,3,9999,0,9,0
1,30,893,106,2,0,1,30000,0,204,2023,5,12,20,50,22,4,39,18,36,1,1,1,14,7,0,0,0,0,2,7,1,70,5,3,1,55,35,51,61,41,0,0,0,0,0,0,0,0,0,10,0,3,0,0,0,0,0,4,2,35.68678361111111,139.5768675,6,3,0,0,0,0
1,30,893,117,2,0,1,30000,0,204,2023,5,18,7,40,12,4,34,18,41,1,1,1,1,7,1,21,0,0,14,9,30,70,5,2,1,25,25,3,61,31,0,1,0,2,0,11,0,3,0,10,0,4,0,2,0,2,0,4,2,35.68266444444444,139.54500888888887,5,3,9999,0,1,0
1,30,894,168,2,0,1,21230,0,208,2023,5,4,18,0,13,4,47,18,30,1,1,1,13,7,0,0,0,0,3,6,1,70,4,2,1,25,75,34,61,31,0,0,0,0,0,11,0,3,0,10,0,3,0,0,0,0,0,4,2,35.65576333333333,139.5874988888889,5,1,9999,0,4,0
1,30,894,178,2,0,1,20890,0,208,2023,5,10,13,55,12,4,41,18,35,1,1,1,14,7,0,0,0,0,3,9,1,70,4,2,1,35,65,2,61,31,0,1,0,1,0,11,0,3,0,30,0,3,0,2,0,2,0,4,2,35.65843972222222,139.53071944444446,4,3,9999,0,5,0
1,30,894,191,2,0,1,30000,0,208,2023,5,16,6,25,12,4,36,18,39,1,1,1,14,7,0,0,0,0,1,9,1,70,5,4,1,55,65,51,61,41,0,0,0,0,0,0,0,0,0,10,0,3,0,0,0,0,0,4,2,35.64611333333333,139.58612583333334,3,3,0,0,0,0
1,30,894,202,2,0,1,30000,0,208,2023,5,24,10,40,12,4,30,18,46,1,1,1,1,7,9,22,0,0,14,9,30,70,4,2,1,75,65,3,61,31,0,1,0,1,0,11,0,2,0,10,0,3,0,2,0,2,0,4,2,35.647219166666666,139.56512111111113,4,3,587,0,9,0
1,30,894,206,2,0,2,30000,0,208,2023,5,25,7,38,12,4,30,18,46,1,1,1,14,7,0,0,0,0,4,9,1,70,4,2,1,35,45,36,61,31,0,0,0,0,0,11,0,2,0,10,0,3,0,0,0,0,0,2,2,35.6504925,139.54346611111112,5,3,9999,0,9,0
1,30,894,212,2,0,1,30840,0,208,2023,5,28,19,45,21,4,28,18,48,2,1,1,1,1,9,22,0,0,14,9,30,70,4,2,1,55,45,14,61,31,0,11,0,1,0,11,0,3,0,10,0,3,0,2,0,2,0,4,2,35.64538777777778,139.5561952777778,1,3,9999,0,9,0
1,30,894,213,2,0,1,95000,0,219,2023,5,15,15,30,12,4,37,18,39,2,1,1,1,7,9,22,0,0,14,9,20,70,5,4,1,65,25,3,61,1,0,1,0,1,0,11,0,2,0,10,0,3,0,2,0,2,0,4,2,35.64456916666666,139.56651305555556,2,3,9999,0,9,0
1,30,894,215,2,0,1,30000,0,208,2023,5,30,11,40,12,4,28,18,50,1,1,1,1,7,9,22,0,0,14,9,30,70,5,3,1,45,45,3,61,31,0,1,0,1,0,11,0,2,0,10,0,4,0,2,0,2,0,4,2,35.673740555555554,139.54351472222223,3,3,9999,0,1,0
1,30,894,216,2,0,1,30000,0,208,2023,5,30,11,55,12,4,28,18,50,1,1,1,14,7,0,0,0,0,2,9,1,70,5,3,1,45,75,51,61,41,0,0,0,0,0,0,0,0,0,10,0,4,0,0,0,0,0,4,2,35.65228222222222,139.5454638888889,3,3,0,0,0,0
1,30,895,66,2,0,1,10500,0,211,2023,5,9,20,50,22,4,42,18,34,1,1,1,14,7,0,0,0,0,4,9,1,70,1,1,1,45,75,4,61,31,0,1,0,1,0,11,0,3,0,50,0,1,0,2,0,2,0,4,2,35.732908333333334,139.46527583333332,3,3,9999,0,9,0
1,30,895,70,2,0,1,10240,0,211,2023,5,12,13,45,12,4,39,18,36,1,1,1,1,1,9,22,0,0,15,9,30,70,4,2,1,45,65,3,61,31,0,1,0,1,0,11,0,3,0,50,0,2,0,2,0,2,0,4,2,35.73081888888889,139.492065,6,3,9999,0,1,0
1,30,101,54,2,0,1,30000,0,101,2023,6,8,13,30,12,4,25,18,55,1,1,1,14,7,0,0,0,0,3,9,1,70,5,2,1,55,45,14,61,31,0,11,0,1,0,11,0,10,0,50,0,4,0,2,0,2,0,4,2,35.67078361111111,139.75137777777778,5,3,9999,0,9,0
1,30,101,60,2,0,1,20020,0,101,2023,6,12,19,55,21,4,25,18,57,3,1,2,1,1,9,22,0,0,19,9,30,70,4,2,1,45,45,3,61,1,0,1,0,1,0,11,0,5,0,10,0,3,0,2,0,2,0,4,2,35.67814527777777,139.76345055555555,2,3,9999,0,1,0
1,30,101,67,2,0,1,20030,0,101,2023,6,23,22,38,22,4,26,19,0,2,1,1,1,1,9,22,0,0,19,9,30,70,5,2,1,55,55,51,61,41,0,0,0,0,0,0,0,0,0,10,0,3,0,0,0,0,0,4,2,35.678690277777775,139.76113222222222,6,3,0,0,0,0
1,30,102,50,2,0,1,20000,0,101,2023,6,2,22,20,22,4,26,18,52,3,1,2,1,1,9,22,0,0,18,9,30,70,4,1,1,45,25,4,61,31,0,1,0,1,0,11,0,4,0,50,0,3,0,2,0,2,0,4,2,35.69087555555555,139.76477527777777,6,3,9999,0,2,0
1,30,102,52,2,0,1,30000,0,101,2023,6,7,14,45,12,4,25,18,55,1,1,1,1,7,9,22,0,0,15,9,30,70,5,1,1,55,65,3,61,31,0,1,0,1,0,11,0,2,0,10,0,4,0,2,0,2,0,4,2,35.699303611111105,139.76470805555556,4,3,9999,0,9,0
1,30,102,54,2,0,1,30000,0,101,2023,5,24,13,40,12,4,30,18,46,1,1,1,7,7,0,0,0,0,5,9,1,70,5,1,1,45,65,14,61,31,0,11,0,1,0,11,0,3,0,30,0,3,0,2,0,2,0,4,2,35.69782305555555,139.75329194444444,4,3,9999,0,1,0
1,30,104,134,2,0,1,20020,0,102,2023,6,7,12,10,12,4,25,18,55,1,1,1,1,1,9,22,0,0,14,9,30,70,5,2,1,1,35,3,61,31,0,1,0,1,0,11,0,4,0,10,0,2,0,2,0,2,0,4,2,35.674638333333334,139.77874972222224,4,3,9999,0,5,0
1,30,104,138,2,0,1,20090,0,102,2023,6,2,9,35,12,4,26,18,52,3,1,2,1,1,9,22,0,0,19,9,30,70,1,2,1,55,55,3,61,31,0,1,0,1,0,11,0,4,0,40,0,4,0,2,0,2,0,4,2,35.677390277777775,139.76700444444447,6,3,9999,0,9,0
1,30,104,145,2,0,1,30000,0,102,2023,6,20,12,40,12,4,25,19,0,1,1,1,14,7,0,0,0,0,3,9,1,70,5,2,1,55,65,3,61,31,0,1,0,1,0,11,0,1,0,10,0,3,0,2,0,2,0,4,2,35.68095861111111,139.7769413888889,3,3,9999,0,9,0
1,30,104,151,2,0,1,30000,0,102,2023,6,17,8,35,12,4,25,18,59,1,1,1,14,7,0,0,0,0,3,9,1,70,4,2,1,35,35,51,61,41,0,0,0,0,0,0,0,0,0,20,0,3,0,0,0,0,0,4,2,35.687848055555556,139.7789513888889,7,3,0,0,0,0
1,30,104,153,2,0,1,99000,0,102,2023,6,23,9,47,12,4,26,19,0,1,1,1,0,7,0,0,0,0,0,0,20,70,0,2,1,35,0,61,0,0,0,0,0,0,0,0,0,0,0,0,0,0,0,0,0,0,0,2,0,35.67832527777777,139.78224972222225,6,3,0,0,0,0
1,30,105,52,2,0,1,10060,0,102,2023,6,14,9,0,12,4,25,18,58,2,1,2,1,1,9,22,0,0,19,9,30,70,4,2,1,25,55,51,61,41,0,0,0,0,0,0,0,0,0,20,0,4,0,0,0,0,0,4,2,35.68363722222222,139.78443972222223,4,3,0,0,0,0
1,30,105,53,2,0,1,30000,0,102,2023,6,14,16,0,12,4,25,18,58,2,1,1,14,7,0,0,0,0,4,9,1,70,5,4,1,65,75,51,61,41,0,0,0,0,0,0,0,0,0,10,0,4,0,0,0,0,0,2,4,35.69148333333333,139.78185666666667,4,3,0,0,0,0
1,30,105,54,2,0,1,20540,0,102,2023,6,14,20,0,22,4,25,18,58,2,1,1,14,7,0,0,0,0,6,9,1,70,4,2,1,1,1,51,61,41,0,0,0,0,0,0,0,0,0,40,0,4,0,0,0,0,0,4,2,35.68765611111111,139.78641333333334,4,3,0,0,0,0
1,30,105,55,2,0,1,10060,0,102,2023,6,21,8,29,12,4,25,19,0,1,1,1,1,1,9,22,0,0,18,9,30,70,5,2,1,1,55,51,61,41,0,0,0,0,0,0,0,0,0,10,0,3,0,0,0,0,0,4,2,35.68524027777777,139.78718055555555,4,3,0,0,0,0
1,30,106,78,2,0,1,30000,0,102,2023,6,8,19,50,21,4,25,18,55,3,1,2,1,7,9,22,0,0,15,9,30,1,5,1,1,65,45,3,61,31,0,1,0,1,0,11,0,2,0,10,0,3,0,2,0,2,0,4,2,35.672649444444446,139.76739305555557,5,3,9999,0,9,0
1,30,106,79,2,0,1,30000,0,102,2023,6,1,23,3,22,4,27,18,51,3,1,2,14,7,0,0,0,0,3,9,1,70,5,2,1,45,1,3,61,1,0,1,0,1,0,11,0,2,0,20,0,4,0,2,0,2,0,4,2,35.670876111111106,139.7610772222222,5,3,9999,0,5,0
1,30,106,82,2,0,1,30000,0,102,2023,5,31,10,40,12,4,27,18,50,2,1,1,1,7,9,22,0,0,15,9,30,1,5,2,1,65,45,3,61,1,0,1,0,1,0,11,0,2,0,10,0,3,0,2,0,2,0,4,2,35.67379555555555,139.7655986111111,4,3,9999,0,9,0
1,30,106,91,2,0,1,30000,0,102,2023,6,27,10,0,12,4,27,19,1,3,1,1,14,7,0,0,0,0,5,9,1,70,5,2,1,35,35,51,61,41,0,0,0,0,0,0,0,0,0,10,0,3,0,0,0,0,0,4,2,35.66986194444444,139.77254833333333,3,3,0,0,0,0
1,30,107,55,2,0,1,30000,0,102,2023,6,1,15,40,12,4,27,18,51,1,1,1,1,7,1,21,0,0,15,9,30,70,4,2,1,45,1,14,61,1,0,11,0,1,0,11,0,2,0,20,0,3,0,2,0,2,0,4,2,35.65996972222222,139.77517305555557,5,3,9999,0,1,0
1,30,107,60,2,0,1,20680,0,102,2023,6,12,23,10,22,4,25,18,57,3,1,2,1,1,9,22,0,0,14,9,30,70,1,2,1,65,75,3,61,1,0,1,0,1,0,11,0,5,0,10,0,3,0,2,0,2,0,4,2,35.66276833333333,139.78239472222222,2,3,9999,0,5,0
1,30,107,63,2,0,1,99000,0,102,2023,5,29,4,0,23,4,28,18,49,3,1,2,0,7,0,0,0,0,0,0,20,70,0,4,1,1,35,51,61,41,0,0,0,0,0,0,0,0,0,10,0,4,0,0,0,0,0,4,2,35.65864555555555,139.7774988888889,2,3,0,0,0,0
1,30,107,67,2,0,1,10020,0,102,2023,6,24,19,33,21,4,26,19,1,1,1,1,7,7,0,0,0,0,3,9,1,70,4,1,1,35,35,51,61,41,0,0,0,0,0,0,0,0,0,44,0,4,0,0,0,0,0,4,2,35.66039527777777,139.77687111111112,7,3,0,0,0,0
1,30,107,68,2,0,1,10020,0,102,2023,6,22,8,35,12,4,26,19,0,2,1,2,14,7,0,0,0,0,6,9,1,70,1,2,1,1,25,51,61,41,0,0,0,0,0,0,0,0,0,10,0,3,0,0,0,0,0,4,2,35.66040638888889,139.77638722222224,5,3,0,0,0,0
1,30,107,70,2,0,1,10020,0,102,2023,5,24,7,51,12,4,30,18,46,1,1,1,14,1,0,0,0,0,3,9,1,70,1,2,1,1,0,61,0,0,0,0,0,0,0,0,0,0,0,0,0,0,0,0,0,0,0,2,0,35.6562225,139.78276555555556,4,3,0,0,0,0
1,30,108,96,2,0,1,150,29,103,2023,6,2,21,7,22,4,26,18,52,3,1,2,1,1,9,22,0,0,18,9,30,70,1,2,1,45,45,3,61,1,0,1,0,1,0,11,0,3,0,10,0,3,0,2,0,2,0,4,2,35.662545,139.75670666666667,6,3,9999,0,9,0
1,30,108,97,2,0,1,10,43,103,2023,6,2,23,55,22,4,26,18,52,3,1,2,1,1,9,22,0,0,18,9,30,70,1,2,1,55,1,3,61,1,0,1,0,1,0,11,0,4,0,10,0,3,0,2,0,2,0,4,2,35.66679833333333,139.74766499999998,6,3,9999,0,9,0
1,30,108,98,2,0,1,20090,0,103,2023,6,3,2,3,22,4,26,18,52,3,1,2,1,1,9,22,0,0,18,8,30,70,1,2,1,45,35,3,61,1,0,1,0,1,0,11,0,5,0,10,0,3,0,2,0,2,0,4,2,35.66740361111111,139.7583775,7,3,9999,0,4,0