資料区分,都道府県コード,警察署等コード,本票番号,事故内容,死者数,負傷者数,路線コード,地点コード,市区町村コード,発生日時　　年,発生日時　　月,発生日時　　日,発生日時　　時,発生日時　　分,昼夜,日の出時刻　　時,日の出時刻　　分,日の入り時刻　　時,日の入り時刻　　分,天候,地形,路面状態,道路形状,信号機,一時停止規制　標識（当事者A）,一時停止規制　表示（当事者A）,一時停止規制　標識（当事者B）,一時停止規制　表示（当事者B）,車道幅員,道路線形,衝突地点,ゾーン規制,中央分離帯施設等,歩車道区分,事故類型,年齢（当事者A）,年齢（当事者B）,当事者種別（当事者A）,当事者種別（当事者B）,用途別（当事者A）,用途別（当事者B）,車両形状等（当事者A）,車両形状等（当事者B）,オートマチック車（当事者A）,オートマチック車（当事者B）,サポカー（当事者A）,サポカー（当事者B）,速度規制（指定のみ）（当事者A）,速度規制（指定のみ）（当事者B）,車両の衝突部位（当事者A）,車両の衝突部位（当事者B）,車両の損壊程度（当事者A）,車両の損壊程度（当事者B）,エアバッグの装備（当事者A）,エアバッグの装備（当事者B）,サイドエアバッグの装備（当事者A）,サイドエアバッグの装備（当事者B）,人身損傷程度（当事者A）,人身損傷程度（当事者B）,lat,lon,曜日(発生年月日),祝日(発生年月日),認知機能検査経過日数（当事者A）,認知機能検査経過日数（当事者B）,運転練習の方法（当事者A）,運転練習の方法（当事者B）
1,30,108,99,2,0,2,20030,0,103,2023,6,5,13,48,12,4,26,18,54,1,1,1,1,1,9,22,0,0,14,9,30,70,4,1,1,35,1,35,61,31,0,0,0,0,0,11,0,3,0,20,0,3,0,0,0,0,0,4,2,35.659553333333335,139.75057916666665,2,3,9999,0,1,0
1,30,108,104,2,0,1,30000,0,103,2023,6,8,15,55,12,4,25,18,55,1,1,1,1,7,9,22,0,0,15,9,30,1,4,1,1,65,45,13,61,1,0,11,0,1,0,11,0,2,0,30,0,3,0,2,0,2,0,4,2,35.665366388888884,139.75065166666667,5,3,9999,0,9,0
1,30,108,113,2,0,1,30000,0,103,2023,6,13,21,3,22,4,25,18,57,1,1,1,14,7,0,0,0,0,3,9,1,70,4,1,1,65,35,3,61,1,0,1,0,1,0,11,0,3,0,40,0,3,0,2,0,2,0,4,2,35.656687777777776,139.75552583333334,3,3,9999,0,9,0
1,30,109,80,2,0,1,10140,0,103,2023,6,4,19,10,21,4,26,18,53,1,1,1,1,1,9,22,0,0,18,9,30,70,1,2,1,75,35,3,61,31,0,1,0,1,0,11,0,4,0,10,0,3,0,2,0,2,0,4,2,35.64288388888889,139.7521536111111,1,3,437,0,9,0
1,30,109,87,2,0,1,30000,0,103,2023,6,16,15,51,12,4,25,18,59,1,1,1,14,7,0,0,0,0,2,9,1,70,4,2,1,35,1,3,61,31,0,1,0,1,0,11,0,2,0,10,0,3,0,2,0,2,0,4,2,35.64058361111111,139.7488425,6,3,9999,0,5,0
1,30,110,58,2,0,1,99000,0,103,2022,10,15,0,2,22,5,47,17,6,1,1,1,0,7,0,0,0,0,0,0,20,70,0,2,1,45,45,3,61,1,0,1,0,1,0,11,0,10,0,40,0,4,0,2,0,2,0,4,2,35.6291175,139.73776638888887,7,3,9999,0,9,0
1,30,110,62,2,0,1,30000,0,103,2023,6,20,14,55,12,4,25,19,0,1,1,1,14,7,0,0,0,0,1,9,1,70,5,3,1,35,75,52,61,41,0,0,0,0,0,0,0,0,0,10,0,4,0,0,0,0,0,4,2,35.64612833333333,139.72600805555555,3,3,0,0,0,0
1,30,110,64,2,0,1,10080,0,103,2023,5,24,10,46,12,4,30,18,46,1,1,1,14,7,0,0,0,0,5,9,1,70,1,1,1,65,75,51,61,41,0,0,0,0,0,0,0,0,0,10,0,3,0,0,0,0,0,4,2,35.638353333333335,139.72680444444444,4,3,0,0,0,0
1,30,110,65,2,0,1,30000,0,103,2023,6,17,8,48,12,4,25,18,59,1,1,1,14,7,0,0,0,0,5,9,1,70,1,1,1,45,45,51,61,41,0,0,0,0,0,0,0,0,0,10,0,3,0,0,0,0,0,4,2,35.629415,139.74231999999998,7,3,0,0,0,0
1,30,111,134,2,0,1,30000,0,103,2023,6,1,21,11,22,4,27,18,51,1,1,1,1,1,0,0,0,0,15,9,30,70,5,1,1,45,0,61,0,0,0,0,0,0,0,0,0,0,0,0,0,0,0,0,0,0,0,2,0,35.651356388888885,139.7237563888889,5,3,0,0,0,0
1,30,111,135,2,0,1,30000,0,103,2023,6,6,11,33,12,4,25,18,54,2,1,1,7,7,0,0,0,0,3,9,1,70,5,3,1,25,0,61,0,0,0,0,0,0,0,0,0,0,0,0,0,0,0,0,0,0,0,2,0,35.64951027777778,139.731725,3,3,0,0,0,0
1,30,111,136,2,0,1,30000,0,103,2023,6,8,14,45,12,4,25,18,55,2,1,1,14,7,0,0,0,0,2,9,1,70,5,3,1,65,45,14,61,31,0,11,0,1,0,11,0,2,0,10,0,3,0,2,0,2,0,4,2,35.652411388888886,139.73412444444443,5,3,9999,0,9,0
1,30,111,137,2,0,1,10120,0,103,2023,6,10,8,44,12,4,25,18,56,2,1,1,14,7,0,0,0,0,5,9,1,70,4,1,1,35,45,13,61,31,0,11,0,1,0,11,0,3,0,40,0,4,0,2,0,2,0,4,2,35.664115833333334,139.73145472222222,7,3,9999,0,1,0
1,30,111,147,2,0,1,30000,0,103,2023,6,21,14,28,12,4,25,19,0,1,1,1,14,7,0,0,0,0,3,9,1,70,4,2,1,25,75,5,61,31,0,1,0,1,0,11,0,10,0,10,0,4,0,2,0,2,0,4,2,35.65534611111111,139.73404833333333,4,3,9999,0,1,0
1,30,111,151,2,0,1,30000,0,103,2023,6,27,9,13,12,4,27,19,1,3,1,2,14,7,0,0,0,0,1,9,1,70,5,1,1,35,1,51,61,41,0,0,0,0,0,0,0,0,0,10,0,3,0,0,0,0,0,4,2,35.65205666666667,139.73056472222223,3,3,0,0,0,0
1,30,112,128,2,0,1,20170,0,103,2023,4,21,23,0,22,5,2,18,19,1,1,1,7,1,0,0,0,0,4,9,1,70,1,1,1,45,65,35,61,31,0,0,0,0,0,11,0,4,0,10,0,4,0,0,0,0,0,4,2,35.67126361111111,139.74297027777777,6,3,9999,0,9,0
1,30,112,135,2,0,1,30000,0,103,2023,6,8,22,32,22,4,25,18,55,3,1,2,14,7,0,0,0,0,3,9,1,70,4,2,1,35,0,61,0,0,0,0,0,0,0,0,0,0,0,0,0,0,0,0,0,0,0,2,0,35.67213972222222,139.73895277777777,5,3,0,0,0,0
1,30,112,140,2,0,1,30000,0,103,2023,6,12,10,50,12,4,25,18,57,3,1,2,1,1,9,22,0,0,15,9,30,70,4,2,1,55,35,3,61,1,0,1,0,1,0,11,0,1,0,10,0,3,0,2,0,2,0,4,2,35.668189444444444,139.73291972222222,2,3,9999,0,9,0
1,30,112,141,2,0,1,30000,0,103,2023,6,13,17,0,12,4,25,18,57,2,1,1,14,7,0,0,0,0,2,9,1,70,4,2,1,35,55,3,61,31,0,1,0,1,0,11,0,3,0,30,0,4,0,2,0,2,0,4,2,35.661743055555554,139.7131311111111,3,3,9999,0,1,0
1,30,112,145,2,0,1,10120,0,103,2023,5,18,22,48,22,4,34,18,41,2,1,1,14,7,0,0,0,0,5,8,1,70,1,1,1,35,65,51,61,41,0,0,0,0,0,0,0,0,0,20,0,4,0,0,0,0,0,4,2,35.672244166666665,139.72441361111112,5,3,0,0,0,0
1,30,112,146,2,0,1,30000,0,103,2023,6,19,7,46,12,4,25,19,0,1,1,1,7,7,0,0,0,0,2,9,1,70,5,4,1,35,25,12,61,31,0,11,0,2,0,11,0,5,0,80,0,3,0,2,0,2,0,4,2,35.66784944444444,139.73898694444443,2,3,9999,0,9,0
1,30,112,149,2,0,1,30000,0,103,2023,6,20,10,44,12,4,25,19,0,1,1,1,14,7,0,0,0,0,2,9,1,70,5,2,1,45,45,3,61,1,0,1,0,1,0,11,0,5,0,40,0,4,0,2,0,2,0,4,2,35.671865555555556,139.72349861111113,3,3,9999,0,1,0
1,30,112,150,2,0,1,30000,0,103,2023,6,22,9,50,12,4,26,19,0,2,1,1,14,7,0,0,0,0,1,9,1,70,5,3,1,65,25,3,61,1,0,1,0,1,0,11,0,5,0,80,0,3,0,2,0,2,0,4,2,35.67174055555555,139.72356611111113,5,3,9999,0,9,0
1,30,112,152,2,0,1,30000,0,103,2023,6,22,8,35,12,4,26,19,0,3,1,2,14,7,0,0,0,0,3,9,1,70,4,1,1,25,35,3,61,1,0,1,0,1,0,11,0,2,0,70,0,4,0,2,0,2,0,4,2,35.67023638888889,139.73518666666666,5,3,9999,0,1,0
1,30,112,159,2,0,1,2460,9,103,2023,6,29,18,20,13,4,28,19,1,1,1,1,1,1,9,22,0,0,18,9,30,70,1,1,1,1,55,32,61,31,0,0,0,0,0,11,0,5,0,22,0,4,0,0,0,0,0,4,2,35.67787944444444,139.736305,5,3,9999,0,1,0
1,30,113,129,2,0,1,99000,0,108,2023,6,14,8,10,12,4,25,18,58,2,1,1,0,7,0,0,0,0,0,0,20,70,0,4,1,55,75,3,61,31,0,1,0,1,0,11,0,10,0,70,0,4,0,2,0,2,0,4,2,35.65199861111111,139.81095666666667,4,3,9999,0,9,0
1,30,113,142,2,0,2,20000,0,111,2023,6,27,12,45,12,4,27,19,1,1,1,1,14,7,0,0,0,0,4,9,1,70,1,2,1,45,1,1,61,1,0,1,0,1,0,11,0,3,0,40,0,3,0,2,0,2,0,4,2,35.58446416666667,139.75920527777777,3,3,9999,0,1,0
1,30,215,63,2,0,1,10070,0,109,2023,6,6,20,50,22,4,25,18,54,1,1,2,14,7,0,0,0,0,5,9,1,70,5,2,1,45,55,3,61,1,0,1,0,1,0,11,0,3,0,30,0,3,0,2,0,2,0,4,2,35.607515,139.74719638888888,3,3,9999,0,5,0
1,30,215,64,2,0,1,10070,0,109,2023,6,2,16,30,12,4,26,18,52,1,1,1,14,7,0,0,0,0,5,9,1,70,1,2,1,1,25,51,61,41,0,0,0,0,0,0,0,0,0,10,0,3,0,0,0,0,0,4,2,35.6188275,139.74718916666666,6,3,0,0,0,0
1,30,215,81,2,0,1,10070,0,109,2023,4,30,20,38,22,4,51,18,26,1,1,1,1,7,0,0,0,0,11,9,30,70,5,2,1,55,0,61,0,0,0,0,0,0,0,0,0,0,0,0,0,0,0,0,0,0,0,2,0,35.61456333333334,139.74786138888888,1,3,0,0,0,0
1,30,215,85,2,0,1,30000,0,109,2023,3,25,15,33,12,5,39,17,56,2,1,2,14,7,0,0,0,0,1,9,1,1,5,3,1,75,45,14,61,31,0,11,0,1,0,11,0,2,0,40,0,3,0,2,0,2,0,4,2,35.61434277777778,139.72500194444444,7,3,26,0,9,0
1,30,215,86,2,0,1,150,92,109,2023,5,30,12,10,12,4,28,18,50,1,1,1,14,7,0,0,0,0,2,9,1,70,1,2,1,45,25,3,61,31,0,1,0,1,0,11,0,4,0,40,0,3,0,2,0,2,0,4,2,35.612700555555556,139.74175555555553,3,3,9999,0,4,0
1,30,216,95,2,0,1,30000,0,109,2023,6,2,10,5,12,4,26,18,52,3,1,2,14,7,0,0,0,0,2,8,1,70,5,2,1,45,75,17,61,1,0,11,0,1,0,11,0,5,0,20,0,4,0,2,0,2,0,4,2,35.59679527777778,139.72718805555556,6,3,9999,0,9,0
1,30,216,96,2,0,1,30000,0,109,2023,6,4,20,55,22,4,26,18,53,1,1,1,14,7,0,0,0,0,1,9,1,70,5,4,1,55,45,51,61,41,0,0,0,0,0,0,0,0,0,10,0,3,0,0,0,0,0,4,2,35.60022416666667,139.72068333333334,1,3,0,0,0,0
1,30,216,98,2,0,1,95000,0,109,2023,6,6,12,45,12,4,25,18,54,2,1,1,0,7,0,0,0,0,0,0,20,70,0,4,1,55,25,3,61,31,0,1,0,1,0,11,0,1,0,70,0,3,0,2,0,2,0,4,2,35.59703777777778,139.74465638888887,3,3,9999,0,9,0
1,30,216,102,2,0,1,30000,0,109,2023,6,17,10,52,12,4,25,18,59,1,1,1,14,7,0,0,0,0,2,9,1,70,5,2,1,55,25,4,61,31,0,1,0,1,0,11,0,2,0,40,0,3,0,2,0,2,0,4,2,35.59325666666667,139.7375661111111,7,3,9999,0,9,0
1,30,216,107,2,0,1,30000,0,109,2023,6,26,8,5,12,4,27,19,1,1,1,1,1,1,9,22,0,0,15,9,30,70,4,2,1,1,75,51,61,41,0,0,0,0,0,0,0,0,0,10,0,3,0,0,0,0,0,2,4,35.60622388888889,139.7300988888889,2,3,0,0,0,0
1,30,216,108,2,0,1,30000,0,109,2023,6,19,17,0,12,4,25,19,0,1,1,1,14,7,0,0,0,0,2,9,1,70,5,4,1,65,35,3,61,31,0,1,0,1,0,11,0,10,0,20,0,4,0,2,0,2,0,4,2,35.59618444444445,139.73374416666664,2,3,9999,0,9,0
1,30,216,112,2,0,1,30000,0,109,2023,6,28,21,18,22,4,27,19,1,1,1,1,14,3,0,0,0,0,2,9,1,70,4,2,1,35,0,61,0,0,0,0,0,0,0,0,0,0,0,0,0,0,0,0,0,0,0,2,0,35.596089444444445,139.74515777777776,4,3,0,0,0,0
1,30,216,113,2,0,1,30000,0,109,2023,5,25,8,14,12,4,30,18,46,2,1,1,14,7,0,0,0,0,2,9,1,70,5,1,1,1,1,51,61,41,0,0,0,0,0,0,0,0,0,10,0,3,0,0,0,0,0,4,2,35.60628166666667,139.73452027777776,5,3,0,0,0,0
1,30,217,109,2,0,1,99000,0,109,2023,6,19,8,39,12,4,25,19,0,1,1,1,0,7,0,0,0,0,0,0,20,70,0,1,1,55,75,3,61,1,0,1,0,1,0,11,0,10,0,40,0,3,0,2,0,2,0,4,2,35.61863666666667,139.72828972222223,2,3,9999,0,9,0
1,30,218,77,2,0,1,30000,0,109,2023,2,21,15,0,12,6,22,17,28,1,1,1,1,1,0,0,0,0,18,9,30,70,5,1,1,1,0,61,0,0,0,0,0,0,0,0,0,0,0,0,0,0,0,0,0,0,0,2,0,35.62269222222222,139.70494805555555,3,3,0,0,0,0
1,30,218,79,2,0,1,30000,0,109,2023,4,14,8,50,12,5,11,18,13,1,1,1,1,1,9,22,0,0,14,9,30,70,5,2,1,55,75,3,61,31,0,1,0,1,0,11,0,2,0,50,0,3,0,2,0,2,0,4,2,35.60149333333334,139.71869388888888,6,3,9999,0,9,0
1,30,218,89,2,0,1,30000,0,109,2023,6,11,9,55,12,4,25,18,57,3,1,2,1,7,9,22,0,0,15,9,30,70,5,3,1,45,1,51,61,41,0,0,0,0,0,0,0,0,0,10,0,3,0,0,0,0,0,4,2,35.60951861111111,139.71910583333334,1,3,0,0,0,0
1,30,218,95,2,0,1,10,114,109,2023,6,20,21,0,22,4,25,19,0,1,1,1,1,1,9,22,0,0,17,9,30,70,1,2,1,1,75,51,61,41,0,0,0,0,0,0,0,0,0,11,0,4,0,0,0,0,0,4,2,35.61537472222222,139.71657305555556,3,3,0,0,0,0
1,30,218,98,2,0,1,10,124,109,2023,6,24,22,0,22,4,26,19,1,1,1,1,1,1,9,22,0,0,18,9,30,70,5,2,1,65,55,3,61,1,0,1,0,1,0,11,0,10,0,10,0,3,0,2,0,2,0,4,2,35.605895277777776,139.7137972222222,7,3,9999,0,9,0
1,30,218,101,2,0,1,30000,0,109,2023,6,28,13,52,12,4,27,19,1,1,1,1,14,7,0,0,0,0,3,9,1,70,5,3,1,75,55,3,61,31,0,1,0,1,0,11,0,2,0,40,0,4,0,2,0,2,0,4,2,35.614376666666665,139.72129944444444,4,3,328,0,9,0
1,30,218,102,2,0,1,30000,0,109,2023,6,29,11,50,12,4,28,19,1,1,1,1,14,7,0,0,0,0,2,9,1,70,5,3,1,45,25,17,61,1,0,11,0,1,0,11,0,2,0,70,0,4,0,2,0,2,0,4,2,35.60509694444445,139.70378416666665,5,3,9999,0,5,0
1,30,218,103,2,0,1,30000,0,109,2023,6,30,8,0,12,4,28,19,1,1,1,1,14,7,0,0,0,0,2,9,1,70,5,3,1,45,35,3,61,31,0,1,0,1,0,11,0,2,0,40,0,4,0,2,0,2,0,4,2,35.60810083333333,139.70216166666665,6,3,9999,0,1,0
1,30,219,213,2,0,1,150,133,111,2023,5,30,21,35,22,4,28,18,50,1,1,1,14,7,0,0,0,0,6,9,1,70,1,1,1,35,1,51,61,41,0,0,0,0,0,0,0,0,0,40,0,3,0,0,0,0,0,4,2,35.57680972222222,139.73461833333332,3,3,0,0,0,0
1,30,219,222,2,0,1,30000,0,111,2023,6,20,18,8,13,4,25,19,0,1,1,1,1,7,9,22,0,0,15,9,30,70,5,1,1,55,45,3,61,1,0,1,0,1,0,11,0,10,0,10,0,3,0,2,0,2,0,4,2,35.588168055555556,139.72862305555554,3,3,9999,0,1,0
1,30,219,227,2,0,1,30000,0,111,2023,6,9,21,45,22,4,25,18,56,1,1,1,14,7,0,0,0,0,2,9,1,70,5,3,1,75,45,3,61,1,0,1,0,1,0,11,0,1,0,40,0,3,0,2,0,2,0,4,2,35.588574722222226,139.7232213888889,6,3,4,0,9,0
1,30,219,231,2,0,1,30000,0,111,2023,6,23,16,0,12,4,26,19,0,1,1,1,1,7,9,22,0,0,11,9,30,1,5,3,1,45,55,13,61,31,0,11,0,1,0,11,0,1,0,70,0,3,0,2,0,2,0,4,2,35.56952972222223,139.72494,6,3,9999,0,1,0
1,30,220,120,2,0,1,10170,0,111,2023,5,24,21,5,22,4,30,18,46,1,1,1,1,1,3,22,0,0,17,9,30,70,1,1,1,75,35,14,61,31,0,11,0,1,0,11,0,4,0,10,0,3,0,2,0,2,0,4,2,35.603497222222224,139.69740777777778,4,3,324,0,9,0
1,30,220,124,2,0,1,30000,0,111,2023,6,19,17,7,12,4,25,19,0,1,1,1,14,7,0,0,0,0,2,9,1,70,5,3,1,75,25,3,61,31,0,1,0,1,0,11,0,10,0,10,0,3,0,2,0,2,0,4,2,35.60697305555556,139.69335166666667,2,3,647,0,9,0
1,30,221,158,2,0,1,95000,0,111,2023,4,6,10,47,12,5,22,18,6,1,1,1,1,1,9,22,0,0,18,9,30,70,5,2,1,55,75,13,61,1,0,11,0,1,0,11,0,10,0,40,0,3,0,2,0,2,0,4,2,35.56108611111111,139.72463916666666,5,3,9999,0,9,0
1,30,221,160,2,0,1,30000,0,111,2023,6,1,10,42,12,4,27,18,51,1,1,1,1,7,1,21,0,0,11,9,30,70,5,3,1,45,25,12,61,1,0,11,0,2,0,11,0,10,0,40,0,3,0,2,0,2,0,4,2,35.55449333333333,139.74349249999997,5,3,9999,0,1,0
1,30,221,163,2,0,1,30000,0,111,2023,6,8,13,50,12,4,25,18,55,2,1,1,1,7,9,22,0,0,15,3,30,70,5,1,1,45,45,14,61,31,0,11,0,1,0,11,0,2,0,50,0,4,0,2,0,2,0,4,2,35.56320888888889,139.71927222222223,5,3,9999,0,5,0
1,30,221,164,2,0,1,30000,0,111,2023,6,9,20,25,22,4,25,18,56,2,1,1,1,7,9,22,0,0,15,9,30,70,5,3,1,45,45,35,61,31,0,0,0,0,0,11,0,2,0,10,0,3,0,0,0,0,0,4,2,35.55729972222222,139.7289738888889,6,3,9999,0,9,0
1,30,221,167,2,0,1,30000,0,111,2023,6,14,8,35,12,4,25,18,58,1,1,1,14,7,0,0,0,0,2,9,1,70,5,2,1,55,55,51,61,41,0,0,0,0,0,0,0,0,0,10,0,3,0,0,0,0,0,4,2,35.562373055555554,139.70879,4,3,0,0,0,0
1,30,221,170,2,0,1,30000,0,111,2023,6,9,17,10,12,4,25,18,56,2,1,1,7,7,0,0,0,0,2,9,1,70,4,3,1,65,45,3,61,31,0,1,0,1,0,11,0,2,0,20,0,3,0,2,0,2,0,4,2,35.54987027777778,139.71382527777777,6,3,9999,0,9,0
1,30,221,179,2,0,1,150,155,111,2023,5,28,10,15,12,4,28,18,48,1,1,1,14,7,0,0,0,0,4,9,1,70,5,1,1,45,25,51,61,41,0,0,0,0,0,0,0,0,0,10,0,4,0,0,0,0,0,4,2,35.55981,139.72380444444445,1,3,0,0,0,0
1,30,221,181,2,0,1,30000,0,111,2023,6,25,20,0,21,4,26,19,1,1,1,1,14,7,0,0,0,0,2,9,1,70,5,3,1,65,45,51,61,41,0,0,0,0,0,0,0,0,0,10,0,4,0,0,0,0,0,4,2,35.55868888888889,139.70701138888887,1,3,0,0,0,0
1,30,221,182,2,0,1,30000,0,111,2023,6,20,8,6,12,4,25,19,0,1,1,1,1,7,0,0,0,0,14,9,30,70,5,1,1,1,0,61,0,0,0,0,0,0,0,0,0,0,0,0,0,0,0,0,0,0,0,2,0,35.54963861111111,139.71674805555557,3,3,0,0,0,0
1,30,222,137,2,0,1,30000,0,111,2023,6,1,23,50,22,4,27,18,51,3,1,2,1,7,9,22,0,0,11,9,30,70,5,1,1,45,65,51,61,41,0,0,0,0,0,0,0,0,0,10,0,3,0,0,0,0,0,4,2,35.584546111111116,139.70787416666664,5,3,0,0,0,0
1,30,222,146,2,0,1,30000,0,111,2023,6,13,8,20,12,4,25,18,57,2,1,1,14,7,0,0,0,0,2,9,1,70,4,3,1,1,75,51,61,41,0,0,0,0,0,0,0,0,0,10,0,3,0,0,0,0,0,4,2,35.586443611111115,139.71517555555553,3,3,0,0,0,0
1,30,222,151,2,0,1,30000,0,111,2023,6,16,11,35,12,4,25,18,59,1,1,1,1,1,9,22,0,0,15,9,30,70,4,3,1,45,65,3,61,1,0,1,0,1,0,11,0,2,0,10,0,4,0,2,0,2,0,4,2,35.55853222222222,139.69727305555557,6,3,9999,0,9,0
1,30,222,156,2,0,1,10,155,111,2023,6,24,12,5,12,4,26,19,1,1,1,1,1,1,9,22,0,0,18,9,30,70,4,2,1,45,25,13,61,31,0,11,0,1,0,11,0,2,0,40,0,3,0,2,0,2,0,4,2,35.58065138888889,139.70138166666666,7,3,9999,0,1,0
1,30,222,158,2,0,1,30000,0,111,2023,6,25,14,5,12,4,26,19,1,1,1,1,1,7,1,21,0,0,11,9,30,70,5,2,1,1,75,51,61,41,0,0,0,0,0,0,0,0,0,10,0,3,0,0,0,0,0,4,2,35.571871388888894,139.68293805555555,1,3,0,0,0,0
1,30,223,20,2,0,1,30000,0,111,2023,5,30,5,31,12,4,28,18,50,2,1,2,14,7,0,0,0,0,3,9,1,70,5,2,1,65,45,3,61,31,0,1,0,1,0,11,0,3,0,10,0,3,0,2,0,2,0,4,2,35.548832499999996,139.78515777777778,3,3,9999,0,9,0
1,30,325,106,2,0,2,2460,73,112,2023,6,2,3,46,23,4,26,18,52,3,1,2,1,1,0,0,0,0,19,9,30,70,1,2,1,25,0,61,0,0,0,0,0,0,0,0,0,0,0,0,0,0,0,0,0,0,0,2,0,35.64736555555555,139.67809388888887,6,3,0,0,0,0
1,30,325,108,2,0,1,30000,0,112,2023,6,6,21,10,22,4,25,18,54,3,1,2,14,7,0,0,0,0,1,9,1,70,5,3,1,65,55,17,61,31,0,11,0,1,0,11,0,3,0,50,0,3,0,2,0,2,0,4,2,35.64463055555556,139.66981777777778,3,3,9999,0,9,0
1,30,325,111,2,0,1,30000,0,112,2023,6,8,17,45,12,4,25,18,55,2,1,1,1,7,9,22,0,0,14,9,30,1,5,4,1,45,1,4,61,31,0,1,0,1,0,11,0,2,0,10,0,3,0,2,0,2,0,4,2,35.63438111111111,139.67032138888888,5,3,9999,0,1,0
1,30,325,117,2,0,1,2460,67,112,2023,6,15,11,46,12,4,25,18,58,2,1,1,7,1,0,0,0,0,4,9,1,70,1,2,1,25,1,33,61,31,0,0,0,0,0,11,0,3,0,10,0,3,0,0,0,0,0,4,2,35.65030055555555,139.68399833333334,5,3,9999,0,5,0
1,30,325,118,2,0,1,30000,0,112,2023,6,15,21,25,22,4,25,18,58,3,1,2,14,7,0,0,0,0,2,9,1,1,5,3,1,45,45,3,61,1,0,1,0,1,0,11,0,2,0,40,0,4,0,2,0,2,0,4,2,35.638353055555555,139.6680247222222,5,3,9999,0,9,0
1,30,325,119,2,0,1,30000,0,112,2023,1,17,8,30,12,6,50,16,52,1,1,1,1,1,9,22,0,0,14,9,30,70,4,1,1,25,65,51,61,41,0,0,0,0,0,0,0,0,0,10,0,3,0,0,0,0,0,4,2,35.64317833333333,139.64674916666667,3,3,0,0,0,0
1,30,325,120,2,0,1,21020,0,112,2023,6,19,7,5,12,4,25,19,0,1,1,1,14,7,0,0,0,0,4,9,1,70,4,1,1,25,45,11,61,31,0,11,0,1,0,11,0,10,0,40,0,3,0,2,0,2,0,4,2,35.648582222222224,139.67776027777776,2,3,9999,0,5,0
1,30,326,170,2,0,1,10130,0,112,2023,4,26,8,30,12,4,56,18,23,3,1,2,7,7,0,0,0,0,6,9,1,70,1,2,1,1,35,51,61,41,0,0,0,0,0,0,0,0,0,10,0,3,0,0,0,0,0,4,2,35.66348611111111,139.66038305555557,4,3,0,0,0,0
1,30,326,178,2,0,1,30000,0,112,2023,6,3,16,30,12,4,26,18,52,1,1,1,14,7,0,0,0,0,1,9,1,70,5,3,1,1,55,51,61,41,0,0,0,0,0,0,0,0,0,10,0,4,0,0,0,0,0,4,2,35.64944,139.6365947222222,7,3,0,0,0,0
1,30,326,179,2,0,1,30000,0,112,2023,6,6,20,5,22,4,25,18,54,3,1,2,14,7,0,0,0,0,2,9,1,70,5,3,1,65,55,51,61,41,0,0,0,0,0,0,0,0,0,10,0,3,0,0,0,0,0,4,2,35.65379166666666,139.6413961111111,3,3,0,0,0,0
1,30,326,183,2,0,1,30000,0,112,2023,5,9,8,15,12,4,42,18,34,1,1,1,14,7,0,0,0,0,2,9,1,70,5,4,1,45,25,3,61,31,0,1,0,1,0,11,0,2,0,40,0,4,0,2,0,2,0,4,2,35.65971555555556,139.64624,3,3,9999,0,1,0
1,30,326,184,2,0,1,30000,0,112,2023,6,12,17,35,12,4,25,18,57,3,1,2,14,7,0,0,0,0,2,9,1,70,5,4,1,1,65,51,61,41,0,0,0,0,0,0,0,0,0,10,0,3,0,0,0,0,0,4,2,35.66813416666666,139.65019944444444,2,3,0,0,0,0
1,30,326,186,2,0,1,10130,0,115,2023,6,13,2,3,22,4,25,18,57,3,1,2,1,1,9,22,0,0,19,9,30,70,1,2,1,55,1,3,61,1,0,1,0,1,0,11,0,4,0,50,0,3,0,2,0,2,0,4,2,35.67274,139.6604822222222,3,3,9999,0,9,0
1,30,326,190,2,0,1,30000,0,112,2023,6,1,18,42,13,4,27,18,51,1,1,1,14,7,0,0,0,0,1,9,1,70,5,3,1,55,25,4,61,31,0,1,0,1,0,11,0,5,0,40,0,3,0,2,0,2,0,4,2,35.66586222222222,139.63897277777778,5,3,9999,0,9,0
1,30,326,201,2,0,1,30000,0,113,2023,6,29,15,5,12,4,28,19,1,1,1,1,14,7,0,0,0,0,2,9,1,70,4,2,1,25,1,3,61,31,0,1,0,1,0,11,0,2,0,10,0,3,0,2,0,2,0,4,2,35.6660725,139.6736086111111,5,3,9999,0,5,0
1,30,326,205,2,0,1,30000,0,112,2023,6,29,10,10,12,4,28,19,1,1,1,1,14,7,0,0,0,0,2,9,1,70,5,1,1,45,55,52,61,41,0,0,0,0,0,0,0,0,0,40,0,4,0,0,0,0,0,4,2,35.64836944444444,139.6275888888889,5,3,0,0,0,0
1,30,327,205,2,0,1,30000,0,112,2023,4,9,15,25,12,5,17,18,9,1,1,1,1,7,1,21,0,0,11,9,30,70,5,3,1,1,1,51,61,41,0,0,0,0,0,0,0,0,0,10,0,3,0,0,0,0,0,4,2,35.63263722222222,139.64378,1,3,0,0,0,0
1,30,327,207,2,0,1,30000,0,112,2023,5,27,11,5,12,4,29,18,48,1,1,1,14,7,0,0,0,0,2,9,1,70,5,4,1,45,1,3,61,31,0,1,0,1,0,11,0,2,0,10,0,3,0,2,0,2,0,4,2,35.639316944444445,139.6320166666667,7,3,9999,0,9,0
1,30,327,224,2,0,1,30000,0,112,2023,5,20,10,0,12,4,33,18,43,2,1,1,14,7,0,0,0,0,3,9,1,70,5,3,1,55,55,3,61,31,0,1,0,1,0,11,0,10,0,30,0,3,0,2,0,2,0,4,2,35.63039777777778,139.63258805555557,7,3,9999,0,9,0