資料区分,都道府県コード,警察署等コード,本票番号,事故内容,死者数,負傷者数,路線コード,地点コード,市区町村コード,発生日時　　年,発生日時　　月,発生日時　　日,発生日時　　時,発生日時　　分,昼夜,日の出時刻　　時,日の出時刻　　分,日の入り時刻　　時,日の入り時刻　　分,天候,地形,路面状態,道路形状,信号機,一時停止規制　標識（当事者A）,一時停止規制　表示（当事者A）,一時停止規制　標識（当事者B）,一時停止規制　表示（当事者B）,車道幅員,道路線形,衝突地点,ゾーン規制,中央分離帯施設等,歩車道区分,事故類型,年齢（当事者A）,年齢（当事者B）,当事者種別（当事者A）,当事者種別（当事者B）,用途別（当事者A）,用途別（当事者B）,車両形状等（当事者A）,車両形状等（当事者B）,オートマチック車（当事者A）,オートマチック車（当事者B）,サポカー（当事者A）,サポカー（当事者B）,速度規制（指定のみ）（当事者A）,速度規制（指定のみ）（当事者B）,車両の衝突部位（当事者A）,車両の衝突部位（当事者B）,車両の損壊程度（当事者A）,車両の損壊程度（当事者B）,エアバッグの装備（当事者A）,エアバッグの装備（当事者B）,サイドエアバッグの装備（当事者A）,サイドエアバッグの装備（当事者B）,人身損傷程度（当事者A）,人身損傷程度（当事者B）,lat,lon,曜日(発生年月日),祝日(発生年月日),認知機能検査経過日数（当事者A）,認知機能検査経過日数（当事者B）,運転練習の方法（当事者A）,運転練習の方法（当事者B）
1,30,327,231,2,0,1,30000,0,112,2023,6,14,8,25,12,4,25,18,58,2,1,1,1,2,9,22,0,0,14,9,30,70,5,2,1,1,1,51,61,41,0,0,0,0,0,0,0,0,0,40,0,4,0,0,0,0,0,4,2,35.63066972222222,139.65211833333333,4,3,0,0,0,0
1,30,327,232,2,0,1,30000,0,112,2023,6,14,15,40,12,4,25,18,58,2,1,1,1,7,9,22,0,0,15,9,30,70,4,2,1,55,75,36,61,31,0,0,0,0,0,11,0,10,0,10,0,4,0,0,0,0,0,4,2,35.61289027777778,139.63975527777777,4,3,9999,0,9,0
1,30,327,241,2,0,1,30000,0,112,2023,6,4,10,15,12,4,26,18,53,1,1,1,1,7,9,22,0,0,15,9,30,70,5,2,1,35,55,51,61,41,0,0,0,0,0,0,0,0,0,20,0,3,0,0,0,0,0,4,2,35.630717777777775,139.65663416666666,1,3,0,0,0,0
1,30,328,198,2,0,1,30000,0,112,2023,4,1,2,12,22,5,29,18,2,1,1,1,7,7,0,0,0,0,2,9,1,70,5,4,1,45,45,12,61,1,0,11,0,2,0,11,0,1,0,10,0,3,0,2,0,2,0,4,2,35.65261833333333,139.6145688888889,7,3,9999,0,1,0
1,30,328,231,2,0,1,200,0,112,2023,6,26,15,55,12,4,27,19,1,1,1,1,14,7,0,0,0,0,2,9,1,70,5,3,1,45,75,14,61,31,0,11,0,1,0,11,0,10,0,10,0,3,0,2,0,2,0,4,2,35.645628888888886,139.60859444444444,2,3,9999,0,9,0
1,30,329,137,2,0,1,30000,0,110,2023,5,12,12,35,12,4,39,18,36,1,1,1,13,7,0,0,0,0,2,6,1,70,5,3,1,65,25,3,61,31,0,1,0,1,0,11,0,10,0,40,0,4,0,2,0,2,0,4,2,35.63599388888889,139.68989027777778,6,3,9999,0,9,0
1,30,329,142,2,0,1,30000,0,110,2023,6,12,17,6,12,4,25,18,57,3,1,1,1,7,9,22,0,0,11,9,30,1,5,3,1,35,1,3,61,31,0,1,0,1,0,11,0,1,0,10,0,3,0,2,0,2,0,4,2,35.63536472222222,139.71028249999998,2,3,9999,0,9,0
1,30,329,143,2,0,1,10160,0,110,2023,6,15,19,30,21,4,25,18,58,3,1,2,1,1,9,22,0,0,18,9,30,70,5,1,1,55,45,3,61,1,0,1,0,1,0,11,0,5,0,10,0,4,0,2,0,2,0,4,2,35.64886055555556,139.6921025,5,3,9999,0,9,0
1,30,329,151,2,0,1,10160,0,110,2023,6,23,7,20,12,4,26,19,0,2,1,2,14,7,0,0,0,0,4,8,1,70,4,2,1,45,45,4,61,31,0,1,0,1,0,11,0,2,0,50,0,3,0,2,0,2,0,4,2,35.65180083333333,139.6886575,6,3,9999,0,1,0
1,30,330,161,2,0,1,30000,0,110,2023,6,2,19,23,21,4,26,18,52,1,1,2,1,7,9,22,0,0,14,9,30,70,5,3,1,75,35,3,61,31,0,1,0,1,0,11,0,2,0,40,0,3,0,2,0,2,0,4,2,35.61063055555556,139.69473083333332,6,3,220,0,9,0
1,30,330,175,2,0,1,30000,0,110,2023,6,20,12,20,12,4,25,19,0,1,1,1,14,7,0,0,0,0,3,9,1,70,5,3,1,45,55,51,61,41,0,0,0,0,0,0,0,0,0,20,0,4,0,0,0,0,0,4,2,35.60786888888889,139.6696413888889,3,3,0,0,0,0
1,30,330,178,2,0,1,30000,0,110,2023,6,15,20,30,22,4,25,18,58,3,1,2,1,7,9,22,0,0,14,9,30,70,4,1,1,55,55,3,61,1,0,1,0,1,0,11,0,2,0,10,0,3,0,2,0,2,0,4,2,35.62276388888889,139.69117444444444,5,3,9999,0,9,0
1,30,330,180,2,0,1,30000,0,110,2023,4,27,8,53,12,4,54,18,24,1,1,1,1,7,1,22,0,0,14,8,30,70,5,3,1,25,65,51,61,41,0,0,0,0,0,0,0,0,0,10,0,3,0,0,0,0,0,4,2,35.6199425,139.66839861111112,5,3,0,0,0,0
1,30,330,184,2,0,1,30000,0,110,2023,6,23,11,1,12,4,26,19,0,2,1,1,14,7,0,0,0,0,3,9,1,70,5,3,1,65,25,3,61,31,0,1,0,1,0,11,0,2,0,10,0,4,0,2,0,2,0,4,2,35.62123972222222,139.69751416666668,6,3,9999,0,1,0
1,30,331,153,2,0,1,30000,0,113,2023,4,1,11,19,12,5,29,18,2,1,1,1,1,1,9,22,0,0,15,9,30,70,4,2,1,55,75,11,61,31,0,11,0,2,0,11,0,3,0,50,0,4,0,2,0,2,0,4,2,35.64871027777778,139.70191722222222,7,3,9999,0,9,0
1,30,331,160,2,0,1,30000,0,113,2023,6,9,17,20,12,4,25,18,56,1,1,1,14,7,0,0,0,0,2,9,1,70,5,3,1,25,35,31,61,31,0,0,0,0,0,11,0,2,0,10,0,3,0,0,0,0,0,4,2,35.66325722222222,139.6998063888889,6,3,9999,0,1,0
1,30,331,164,2,0,1,30000,0,113,2023,5,24,12,59,12,4,30,18,46,1,1,1,14,7,0,0,0,0,1,9,1,70,5,1,1,1,35,3,61,31,0,1,0,1,0,11,0,10,0,40,0,3,0,2,0,2,0,4,2,35.66280805555555,139.69507916666666,4,3,9999,0,5,0
1,30,331,165,2,0,1,30000,0,113,2023,6,21,14,18,12,4,25,19,0,2,1,1,14,7,0,0,0,0,2,9,1,70,5,1,1,1,25,3,61,1,0,1,0,1,0,11,0,2,0,80,0,3,0,2,0,2,0,4,2,35.66072361111111,139.6989561111111,4,3,9999,0,1,0
1,30,331,175,2,0,1,30000,0,113,2023,6,29,9,5,12,4,28,19,1,1,1,1,1,7,4,21,0,0,11,9,30,70,5,2,1,25,1,3,61,1,0,1,0,1,0,11,0,5,0,10,0,3,0,2,0,2,0,4,2,35.655920277777774,139.7005538888889,5,3,9999,0,9,0
1,30,332,64,2,0,1,20160,0,113,2023,5,22,16,30,12,4,32,18,44,1,1,1,1,1,9,22,0,0,19,9,30,70,1,2,1,35,35,3,61,1,0,1,0,1,0,11,0,4,0,40,0,4,0,2,0,2,0,4,2,35.668365277777774,139.7054386111111,2,3,9999,0,1,0
1,30,332,80,2,0,1,30000,0,113,2023,6,24,17,10,12,4,26,19,1,1,1,1,1,7,9,22,0,0,11,8,30,70,5,4,1,25,25,3,61,31,0,1,0,1,0,11,0,10,0,80,0,4,0,2,0,2,0,4,2,35.68276833333333,139.6964313888889,7,3,9999,0,1,0
1,30,332,83,2,0,1,10090,0,113,2023,6,13,16,30,12,4,25,18,57,1,1,1,13,7,0,0,0,0,5,1,1,70,1,1,1,35,25,51,61,41,0,0,0,0,0,0,0,0,0,10,0,3,0,0,0,0,0,2,4,35.677775277777776,139.7060158333333,3,3,0,0,0,0
1,30,333,120,2,0,1,20270,0,113,2023,6,7,14,6,12,4,25,18,55,1,1,1,1,1,9,22,0,0,19,9,30,70,1,1,1,75,65,3,61,1,0,1,0,1,0,11,0,4,0,10,0,3,0,2,0,2,0,4,2,35.66854472222222,139.67298888888888,4,3,359,0,9,0
1,30,333,125,2,0,1,30000,0,113,2023,6,19,22,45,22,4,25,19,0,1,1,1,1,1,9,22,0,0,14,9,30,70,4,2,1,75,1,3,61,1,0,1,0,1,0,11,0,3,0,10,0,3,0,2,0,2,0,4,2,35.664050555555555,139.6751775,2,3,231,0,9,0
1,30,333,128,2,0,1,10160,0,113,2023,6,22,19,11,21,4,26,19,0,3,1,2,1,1,9,22,0,0,17,9,30,1,4,1,1,45,25,11,61,1,0,11,0,2,0,11,0,5,0,10,0,3,0,2,0,2,0,4,2,35.67352333333333,139.68783305555556,5,3,9999,0,9,0
1,30,435,100,2,0,1,30280,0,104,2023,6,8,10,30,12,4,25,18,55,1,1,1,1,1,9,22,0,0,14,9,30,70,5,3,1,1,45,51,61,41,0,0,0,0,0,0,0,0,0,10,0,4,0,0,0,0,0,4,2,35.70063638888889,139.73291138888888,5,3,0,0,0,0
1,30,435,101,2,0,1,30000,0,104,2023,6,8,10,50,12,4,25,18,55,1,1,1,1,1,9,22,0,0,14,9,30,70,5,2,1,45,65,52,61,41,0,0,0,0,0,0,0,0,0,10,0,4,0,0,0,0,0,4,2,35.69719666666666,139.7206538888889,5,3,0,0,0,0
1,30,436,119,2,0,1,30000,0,104,2023,6,9,20,50,22,4,25,18,56,2,1,1,7,7,0,0,0,0,4,9,1,70,4,2,1,45,35,4,61,31,0,1,0,1,0,11,0,10,0,10,0,3,0,2,0,2,0,4,2,35.68964583333333,139.69526333333334,6,3,9999,0,1,0
1,30,436,120,2,0,1,30290,0,104,2023,5,8,8,26,12,4,43,18,33,3,1,2,14,7,0,0,0,0,3,9,1,70,4,2,1,65,25,7,61,1,0,1,0,1,0,11,0,3,0,40,0,3,0,2,0,2,0,4,2,35.698456388888886,139.69720583333333,2,3,9999,0,9,0
1,30,436,129,2,0,1,30000,0,104,2023,5,31,11,55,12,4,27,18,50,1,1,1,1,7,9,22,0,0,11,9,30,70,4,2,1,35,1,3,61,31,0,1,0,1,0,11,0,2,0,80,0,3,0,2,0,2,0,4,2,35.695922777777774,139.70180499999998,4,3,9999,0,1,0
1,30,436,130,2,0,1,30000,0,104,2023,6,26,7,40,12,4,27,19,1,1,1,1,14,7,0,0,0,0,4,9,1,70,4,2,1,65,25,3,61,1,0,1,0,1,0,11,0,2,0,0,0,4,0,2,0,2,0,4,2,35.694870277777774,139.70619833333333,2,3,9999,0,9,0
1,30,436,135,2,0,1,30000,0,104,2023,5,5,23,0,22,4,46,18,30,1,1,1,7,1,0,0,0,0,4,9,1,70,5,1,1,55,25,3,61,1,0,1,0,1,0,11,0,3,0,40,0,4,0,2,0,2,0,4,2,35.69507944444444,139.70436055555555,6,1,9999,0,9,0
1,30,437,109,2,0,1,10010,0,104,2023,6,9,3,55,23,4,25,18,56,3,1,2,1,1,9,22,0,0,19,9,30,70,4,1,1,45,55,17,61,1,0,11,0,1,0,11,0,4,0,50,0,3,0,2,0,2,0,4,2,35.72943777777778,139.67747083333333,6,3,9999,0,9,0
1,30,437,110,2,0,1,10220,0,104,2023,6,1,8,44,12,4,27,18,51,1,1,1,14,7,0,0,0,0,3,9,1,70,4,1,1,75,55,11,61,31,0,11,0,2,0,11,0,3,0,30,0,4,0,2,0,2,0,4,2,35.71178666666667,139.6978636111111,5,3,405,0,9,0
1,30,437,116,2,0,1,10250,0,104,2023,6,16,16,55,12,4,25,18,59,1,1,1,1,1,9,22,0,0,15,9,30,1,4,2,1,35,35,52,61,41,0,0,0,0,0,0,0,0,0,10,0,4,0,0,0,0,0,4,2,35.722408333333334,139.6828661111111,6,3,0,0,0,0
1,30,437,117,2,0,1,30000,0,104,2023,6,17,17,11,12,4,25,18,59,1,1,1,1,7,9,22,0,0,15,8,30,70,4,1,1,35,1,3,61,31,0,1,0,1,0,11,0,3,0,10,0,3,0,2,0,2,0,4,2,35.7122875,139.70446027777777,7,3,9999,0,1,0
1,30,437,124,2,0,1,30000,0,104,2023,6,23,15,5,12,4,26,19,0,1,1,1,14,7,0,0,0,0,2,7,1,1,4,2,1,35,55,51,61,41,0,0,0,0,0,0,0,0,0,10,0,3,0,0,0,0,0,4,2,35.71373527777778,139.7050672222222,6,3,0,0,0,0
1,30,437,125,2,0,1,10220,0,104,2023,6,24,11,0,12,4,26,19,1,1,1,1,14,7,0,0,0,0,5,9,1,70,4,2,1,1,45,51,61,41,0,0,0,0,0,0,0,0,0,10,0,3,0,0,0,0,0,4,2,35.712088333333334,139.70752416666664,7,3,0,0,0,0
1,30,437,127,2,0,1,30000,0,104,2023,6,27,8,17,12,4,27,19,1,2,1,1,14,7,0,0,0,0,2,9,1,70,5,3,1,1,55,3,61,31,0,1,0,2,0,11,0,10,0,10,0,3,0,2,0,2,0,4,2,35.718581111111114,139.6946788888889,3,3,9999,0,1,0
1,30,437,131,2,0,1,30000,0,104,2023,6,28,16,56,12,4,27,19,1,1,1,1,11,7,0,0,0,0,1,9,1,70,5,1,1,1,1,51,61,41,0,0,0,0,0,0,0,0,0,10,0,3,0,0,0,0,0,4,2,35.70955166666667,139.7026061111111,4,3,0,0,0,0
1,30,437,133,2,0,1,30000,0,104,2023,6,30,6,43,12,4,28,19,1,2,1,1,1,7,1,21,0,0,15,9,30,70,4,2,1,75,45,3,61,31,0,1,0,1,0,11,0,1,0,10,0,3,0,2,0,2,0,4,2,35.710061111111116,139.68272944444445,6,3,9999,0,1,0
1,30,438,107,2,0,1,20000,0,103,2023,6,3,11,55,12,4,26,18,52,1,1,2,13,7,0,0,0,0,4,2,1,70,3,1,1,1,55,59,61,0,0,0,0,0,0,0,0,0,0,13,0,3,0,0,0,0,0,4,2,35.679395,139.72591722222222,7,3,0,0,0,0
1,30,438,111,2,0,1,30000,0,104,2023,4,28,21,35,22,4,53,18,25,1,1,1,1,7,1,21,0,0,14,8,30,70,4,2,1,55,45,3,61,1,0,1,0,1,0,11,0,2,0,50,0,3,0,2,0,2,0,4,2,35.69067944444444,139.71484138888889,6,2,9999,0,9,0
1,30,438,115,2,0,1,30000,0,104,2023,2,17,21,29,22,6,26,17,24,1,1,1,14,7,0,0,0,0,3,9,1,70,4,2,1,55,45,3,61,1,0,1,0,1,0,11,0,2,0,40,0,4,0,2,0,2,0,4,2,35.68061833333333,139.7173575,6,3,9999,0,9,0
1,30,438,129,2,0,1,30000,0,104,2023,6,30,15,0,12,4,28,19,1,3,1,2,1,7,9,22,0,0,14,9,30,70,4,2,1,55,1,13,61,31,0,11,0,1,0,11,0,2,0,10,0,3,0,2,0,2,0,4,2,35.68868972222222,139.7143111111111,6,3,9999,0,9,0
1,30,439,125,2,0,1,10240,0,114,2023,3,21,18,5,21,5,44,17,53,2,1,1,1,1,9,22,0,0,17,9,30,70,4,2,1,35,55,51,61,41,0,0,0,0,0,0,0,0,0,10,0,4,0,0,0,0,0,4,2,35.69748583333333,139.6644988888889,3,1,0,0,0,0
1,30,439,126,2,0,1,10160,0,114,2023,5,28,19,30,21,4,28,18,48,2,1,1,14,1,0,0,0,0,3,9,1,70,1,1,1,45,1,13,61,31,0,11,0,1,0,11,0,1,0,40,0,3,0,2,0,2,0,4,2,35.70691416666667,139.68310944444443,1,3,9999,0,9,0
1,30,439,129,2,0,1,10240,0,114,2023,6,3,0,55,22,4,26,18,52,3,1,2,14,2,0,0,0,0,4,9,1,70,4,1,1,45,55,3,61,31,0,1,0,1,0,11,0,10,0,10,0,3,0,2,0,2,0,4,2,35.697448055555554,139.66906416666666,7,3,9999,0,1,0
1,30,439,130,2,0,1,30000,0,114,2023,6,3,16,43,12,4,26,18,52,1,1,1,14,7,0,0,0,0,1,9,1,1,5,2,1,1,45,36,61,31,0,0,0,0,0,11,0,2,0,10,0,3,0,0,0,0,0,4,2,35.704753888888895,139.67213194444443,7,3,9999,0,5,0
1,30,439,133,2,0,1,99000,0,114,2023,6,5,12,20,12,4,26,18,54,1,1,1,0,7,0,0,0,0,0,0,20,70,0,4,1,55,65,3,61,31,0,1,0,1,0,11,0,10,0,26,0,3,0,2,0,2,0,4,2,35.706044722222224,139.68113277777778,2,3,9999,0,9,0
1,30,439,134,2,0,1,30300,0,114,2023,6,6,7,22,12,4,25,18,54,2,1,1,1,1,9,22,0,0,15,9,30,70,5,2,1,25,35,4,61,31,0,1,0,1,0,11,0,3,0,10,0,3,0,2,0,2,0,4,2,35.69148111111111,139.67457027777778,3,3,9999,0,1,0
1,30,440,129,2,0,1,30000,0,114,2023,6,3,0,25,22,4,26,18,52,3,1,2,1,7,9,22,0,0,11,9,30,70,5,4,1,1,1,51,61,41,0,0,0,0,0,0,0,0,0,40,0,3,0,0,0,0,0,4,2,35.71089277777778,139.6747511111111,7,3,0,0,0,0
1,30,440,136,2,0,1,30000,0,114,2023,6,7,21,5,22,4,25,18,55,1,1,1,14,7,0,0,0,0,2,9,1,70,5,4,1,25,75,51,61,41,0,0,0,0,0,0,0,0,0,20,0,4,0,0,0,0,0,4,2,35.722166388888894,139.64398777777777,4,3,0,0,0,0
1,30,440,140,2,0,1,30000,0,114,2023,6,11,23,0,22,4,25,18,57,2,1,2,14,7,0,0,0,0,1,9,1,70,5,3,1,45,0,61,0,0,0,0,0,0,0,0,0,0,0,0,0,0,0,0,0,0,0,2,0,35.71456555555556,139.66798944444443,1,3,0,0,0,0
1,30,440,146,2,0,1,30000,0,114,2023,6,15,7,5,12,4,25,18,58,2,1,1,7,7,0,0,0,0,2,9,1,70,5,3,1,25,75,51,61,41,0,0,0,0,0,0,0,0,0,40,0,4,0,0,0,0,0,4,2,35.71679638888889,139.67074805555555,5,3,0,0,0,0
1,30,440,148,2,0,1,30000,0,114,2023,6,17,11,55,12,4,25,18,59,1,1,1,1,7,9,22,0,0,11,8,30,70,5,4,1,45,1,51,61,41,0,0,0,0,0,0,0,0,0,20,0,4,0,0,0,0,0,4,2,35.71742277777778,139.64241333333334,7,3,0,0,0,0
1,30,440,156,2,0,1,10220,0,114,2023,6,24,12,0,12,4,26,19,1,2,1,1,1,8,9,22,0,0,15,9,30,70,4,1,1,1,25,51,61,41,0,0,0,0,0,0,0,0,0,20,0,3,0,0,0,0,0,4,2,35.7099175,139.66351805555556,7,3,0,0,0,0
1,30,441,134,2,0,1,10220,0,115,2023,6,7,20,20,22,4,25,18,55,1,1,1,14,1,0,0,0,0,3,9,1,70,4,2,1,1,45,51,61,41,0,0,0,0,0,0,0,0,0,10,0,3,0,0,0,0,0,4,2,35.71167055555556,139.6427511111111,4,3,0,0,0,0
1,30,442,155,2,0,1,30000,0,115,2023,6,1,18,25,13,4,27,18,51,1,1,1,7,1,0,0,0,0,2,9,1,1,5,3,1,55,0,61,0,0,0,0,0,0,0,0,0,0,0,0,0,0,0,0,0,0,0,2,0,35.68747166666666,139.5996813888889,5,3,0,0,0,0
1,30,442,157,2,0,1,10230,0,115,2023,6,2,22,50,22,4,26,18,52,3,1,2,1,1,9,22,0,0,18,9,30,70,4,2,1,45,1,3,61,1,0,1,0,1,0,11,0,3,0,10,0,3,0,2,0,2,0,4,2,35.68283972222222,139.64754833333333,6,3,9999,0,9,0
1,30,442,175,2,0,1,10200,0,115,2023,6,27,0,30,22,4,27,19,1,2,1,1,14,7,0,0,0,0,5,9,1,70,1,2,1,65,75,3,61,31,0,1,0,1,0,11,0,10,0,10,0,2,0,2,0,2,0,4,2,35.67958861111111,139.61454833333332,3,3,9999,0,9,0
1,30,443,110,2,0,1,10250,0,120,2023,6,1,15,58,12,4,27,18,51,1,1,1,1,1,9,22,0,0,15,9,30,70,4,1,1,75,1,3,61,31,0,1,0,1,0,11,0,3,0,10,0,3,0,2,0,2,0,4,2,35.728125,139.6084975,5,3,1088,0,9,0
1,30,443,113,2,0,1,30000,0,115,2023,6,9,18,45,13,4,25,18,56,1,1,1,1,7,9,22,0,0,14,9,30,70,5,2,1,55,45,3,61,31,0,1,0,1,0,11,0,10,0,10,0,3,0,2,0,2,0,4,2,35.70413833333333,139.61975805555556,6,3,9999,0,9,0
1,30,443,117,2,0,2,20430,0,115,2023,6,15,15,15,12,4,25,18,58,3,1,2,1,1,9,22,0,0,14,9,30,70,4,1,1,45,75,14,61,31,0,11,0,1,0,11,0,2,0,50,0,4,0,2,0,2,0,4,2,35.72726361111111,139.60607666666667,5,3,9999,0,9,0
1,30,545,42,2,0,1,30000,0,105,2023,6,19,14,13,12,4,25,19,0,1,1,1,1,1,9,22,0,0,15,8,30,70,4,1,1,45,65,17,61,31,0,11,0,1,0,11,0,3,0,10,0,4,0,2,0,2,0,4,2,35.71814083333334,139.74364638888886,2,3,9999,0,9,0
1,30,546,30,2,0,1,2540,25,105,2023,6,2,8,35,12,4,26,18,52,3,1,2,1,1,9,22,0,0,17,9,30,70,4,3,1,65,45,4,61,31,0,1,0,1,0,11,0,4,0,10,0,3,0,2,0,2,0,4,2,35.718186111111116,139.73634944444444,6,3,9999,0,9,0
1,30,547,58,2,0,1,20390,0,105,2023,6,26,22,43,22,4,27,19,1,1,1,1,1,1,9,22,0,0,18,9,30,70,4,1,1,45,25,2,61,1,0,1,0,1,0,11,0,4,0,10,0,4,0,2,0,2,0,4,2,35.708241944444445,139.7701613888889,2,3,9999,0,9,0
1,30,547,63,2,0,1,20390,0,105,2023,6,29,5,10,11,4,28,19,1,2,1,1,1,7,1,21,0,0,14,9,30,70,5,2,1,75,45,51,61,41,0,0,0,0,0,0,0,0,0,14,0,4,0,0,0,0,0,4,2,35.70763305555556,139.7611063888889,5,3,0,0,0,0
1,30,548,34,2,0,1,20400,0,105,2023,6,16,10,10,12,4,25,18,59,1,1,1,14,1,0,0,0,0,1,9,1,70,5,2,1,45,55,51,61,41,0,0,0,0,0,0,0,0,0,10,0,4,0,0,0,0,0,4,2,35.723115,139.7539725,6,3,0,0,0,0
1,30,548,36,2,0,1,21170,0,105,2023,6,20,12,20,12,4,25,19,0,1,1,1,7,7,0,0,0,0,3,9,1,70,4,1,1,55,65,1,61,1,0,1,0,1,0,11,0,3,0,0,0,4,0,2,0,2,0,4,2,35.73028416666667,139.75747388888888,3,3,9999,0,9,0
1,30,548,37,2,0,1,21160,0,105,2023,6,21,14,18,12,4,25,19,0,1,1,1,1,7,9,22,0,0,14,9,30,70,4,3,1,45,1,36,61,31,0,0,0,0,0,11,0,2,0,10,0,4,0,0,0,0,0,4,2,35.723826111111116,139.75563777777776,4,3,9999,0,1,0
1,30,549,63,2,0,1,30000,0,116,2023,6,2,19,8,21,4,26,18,52,3,1,2,1,1,9,22,0,0,17,9,30,70,1,1,1,65,45,3,61,31,0,1,0,1,0,11,0,3,0,10,0,3,0,2,0,2,0,4,2,35.72832722222223,139.7190975,6,3,9999,0,9,0
1,30,549,65,2,0,1,30000,0,116,2023,6,13,6,53,12,4,25,18,57,1,1,1,14,7,0,0,0,0,2,9,1,70,5,3,1,45,25,14,61,31,0,11,0,1,0,11,0,2,0,30,0,3,0,2,0,2,0,4,2,35.729888888888894,139.72617083333333,3,3,9999,0,4,0
1,30,549,68,2,0,1,99000,0,116,2023,6,21,13,55,12,4,25,19,0,1,1,1,0,7,0,0,0,0,0,0,20,70,0,2,1,25,65,51,61,41,0,0,0,0,0,0,0,0,0,10,0,3,0,0,0,0,0,4,2,35.73457555555556,139.73702527777778,4,3,0,0,0,0
1,30,549,71,2,0,1,2540,46,116,2023,6,30,12,50,12,4,28,19,1,2,1,1,1,1,9,22,0,0,18,9,30,70,4,2,1,25,35,36,61,31,0,0,0,0,0,11,0,2,0,10,0,3,0,0,0,0,0,4,2,35.73048555555556,139.72263388888888,6,3,0,0,0,0
1,30,550,99,1,1,0,30000,0,116,2023,6,20,14,27,12,4,25,19,0,1,1,1,14,7,0,0,0,0,2,9,1,70,5,3,1,45,45,17,61,1,0,11,0,1,0,11,0,2,0,10,0,4,0,2,0,2,0,4,1,35.74140666666667,139.71604499999998,3,3,9999,0,1,0
1,30,550,100,2,0,1,30000,0,116,2023,6,1,18,20,13,4,27,18,51,1,1,1,14,7,0,0,0,0,2,9,1,70,5,3,1,45,1,3,61,31,0,1,0,1,0,11,0,10,0,10,0,3,0,2,0,2,0,4,2,35.72901027777778,139.70361888888888,5,3,9999,0,1,0
1,30,550,105,2,0,1,30000,0,116,2023,6,6,6,45,12,4,25,18,54,1,1,1,1,1,9,22,0,0,11,9,30,70,5,2,1,1,65,51,61,41,0,0,0,0,0,0,0,0,0,40,0,4,0,0,0,0,0,4,2,35.72909,139.70297055555554,3,3,0,0,0,0
1,30,550,107,2,0,1,10090,0,116,2023,5,21,17,15,12,4,32,18,43,1,1,1,14,7,0,0,0,0,3,9,1,70,4,1,1,35,75,51,61,41,0,0,0,0,0,0,0,0,0,20,0,3,0,0,0,0,0,4,2,35.732619444444445,139.7149825,1,3,0,0,0,0
1,30,550,110,2,0,1,30000,0,116,2023,6,12,11,35,12,4,25,18,57,2,1,1,14,7,0,0,0,0,2,9,1,70,5,3,1,55,55,35,61,31,0,0,0,0,0,11,0,2,0,40,0,3,0,0,0,0,0,4,2,35.738479444444444,139.70657694444444,2,3,9999,0,9,0
1,30,550,112,2,0,1,10090,0,116,2023,6,15,12,55,12,4,25,18,58,2,1,1,1,2,9,22,0,0,17,9,30,70,4,2,1,35,75,51,61,41,0,0,0,0,0,0,0,0,0,10,0,4,0,0,0,0,0,4,2,35.73529444444445,139.71856305555556,5,3,0,0,0,0
1,30,550,114,2,0,1,30000,0,116,2023,6,16,15,50,12,4,25,18,59,1,1,1,1,7,9,22,0,0,14,9,30,70,4,1,1,35,25,3,61,31,0,1,0,1,0,11,0,10,0,10,0,4,0,2,0,2,0,4,2,35.73310444444444,139.7099511111111,6,3,9999,0,9,0
1,30,550,117,2,0,1,30000,0,116,2023,6,13,21,2,22,4,25,18,57,1,1,1,1,7,1,22,0,0,11,9,30,70,5,3,1,65,35,3,61,31,0,1,0,1,0,11,0,10,0,20,0,4,0,2,0,2,0,4,2,35.72813305555556,139.70347305555555,3,3,9999,0,1,0
1,30,550,118,2,0,1,10090,0,116,2023,6,22,10,5,12,4,26,19,0,3,1,2,1,1,9,22,0,0,15,9,30,70,6,1,1,65,35,3,61,1,0,1,0,1,0,11,0,4,0,10,0,3,0,2,0,2,0,4,2,35.731943333333334,139.71390527777777,5,3,9999,0,9,0
1,30,550,120,2,0,1,20000,0,116,2023,6,23,12,13,12,4,26,19,0,1,1,1,1,1,9,22,0,0,19,9,30,70,4,2,1,45,55,51,61,41,0,0,0,0,0,0,0,0,0,10,0,3,0,0,0,0,0,4,2,35.729130833333336,139.71690666666666,6,3,0,0,0,0
1,30,550,122,2,0,1,30000,0,116,2023,6,26,9,30,12,4,27,19,1,1,1,1,14,7,0,0,0,0,1,8,1,70,5,1,1,75,0,61,0,0,0,0,0,0,0,0,0,0,0,0,0,0,0,0,0,0,0,2,0,35.74015444444444,139.72036194444445,2,3,0,0,0,0
1,30,550,123,2,0,1,30000,0,116,2023,6,27,19,25,21,4,27,19,1,2,1,1,14,7,0,0,0,0,3,9,1,70,4,2,1,35,35,51,61,41,0,0,0,0,0,0,0,0,0,10,0,4,0,0,0,0,0,4,2,35.73227888888889,139.71164166666665,3,3,0,0,0,0
1,30,550,124,2,0,1,30000,0,116,2023,6,10,8,40,12,4,25,18,56,2,1,1,1,7,9,22,0,0,11,9,30,70,5,3,1,45,25,51,61,41,0,0,0,0,0,0,0,0,0,10,0,3,0,0,0,0,0,4,2,35.739444166666665,139.71252166666665,7,3,0,0,0,0
1,30,550,125,2,0,1,30770,0,116,2023,6,13,12,11,12,4,25,18,57,1,1,1,1,1,9,22,0,0,15,9,30,70,1,1,1,55,45,3,61,31,0,1,0,1,0,11,0,3,0,10,0,3,0,2,0,2,0,4,2,35.73312444444445,139.70925583333332,3,3,9999,0,9,0