資料区分,都道府県コード,警察署等コード,本票番号,事故内容,死者数,負傷者数,路線コード,地点コード,市区町村コード,発生日時　　年,発生日時　　月,発生日時　　日,発生日時　　時,発生日時　　分,昼夜,日の出時刻　　時,日の出時刻　　分,日の入り時刻　　時,日の入り時刻　　分,天候,地形,路面状態,道路形状,信号機,一時停止規制　標識（当事者A）,一時停止規制　表示（当事者A）,一時停止規制　標識（当事者B）,一時停止規制　表示（当事者B）,車道幅員,道路線形,衝突地点,ゾーン規制,中央分離帯施設等,歩車道区分,事故類型,年齢（当事者A）,年齢（当事者B）,当事者種別（当事者A）,当事者種別（当事者B）,用途別（当事者A）,用途別（当事者B）,車両形状等（当事者A）,車両形状等（当事者B）,オートマチック車（当事者A）,オートマチック車（当事者B）,サポカー（当事者A）,サポカー（当事者B）,速度規制（指定のみ）（当事者A）,速度規制（指定のみ）（当事者B）,車両の衝突部位（当事者A）,車両の衝突部位（当事者B）,車両の損壊程度（当事者A）,車両の損壊程度（当事者B）,エアバッグの装備（当事者A）,エアバッグの装備（当事者B）,サイドエアバッグの装備（当事者A）,サイドエアバッグの装備（当事者B）,人身損傷程度（当事者A）,人身損傷程度（当事者B）,lat,lon,曜日(発生年月日),祝日(発生年月日),認知機能検査経過日数（当事者A）,認知機能検査経過日数（当事者B）,運転練習の方法（当事者A）,運転練習の方法（当事者B）
1,30,551,85,2,0,2,30000,0,116,2023,6,10,12,55,12,4,25,18,56,2,1,1,1,7,9,22,0,0,14,9,30,70,5,3,1,1,1,51,61,41,0,0,0,0,0,0,0,0,0,10,0,3,0,0,0,0,0,2,2,35.71559805555556,139.70955777777777,7,3,0,0,0,0
1,30,551,90,2,0,1,30000,0,116,2023,6,15,18,3,13,4,25,18,58,3,1,2,7,7,0,0,0,0,2,9,1,70,5,3,1,45,75,51,61,41,0,0,0,0,0,0,0,0,0,10,0,3,0,0,0,0,0,4,2,35.72002527777778,139.71389472222222,5,3,0,0,0,0
1,30,551,99,2,0,1,30000,0,116,2023,6,26,9,40,12,4,27,19,1,1,1,1,7,7,0,0,0,0,2,9,1,70,5,3,1,1,75,51,61,41,0,0,0,0,0,0,0,0,0,10,0,4,0,0,0,0,0,4,2,35.73242027777778,139.68391583333334,2,3,0,0,0,0
1,30,552,96,2,0,1,30000,0,117,2023,6,11,18,28,13,4,25,18,57,3,1,2,1,1,9,22,0,0,11,8,30,70,4,2,1,45,1,51,61,41,0,0,0,0,0,0,0,0,0,10,0,4,0,0,0,0,0,4,2,35.748556666666666,139.73102416666666,1,3,0,0,0,0
1,30,552,98,2,0,1,20000,0,117,2023,6,20,1,20,22,4,25,19,0,2,1,1,1,1,9,22,0,0,17,9,30,70,1,1,1,45,75,5,61,31,0,1,0,1,0,11,0,4,0,10,0,3,0,2,0,2,0,4,2,35.74999666666667,139.7381147222222,3,3,9999,0,1,0
1,30,553,81,2,0,1,30000,0,117,2023,6,1,15,0,12,4,27,18,51,1,1,1,14,7,0,0,0,0,3,9,1,70,4,3,1,65,45,3,61,31,0,1,0,1,0,11,0,4,0,10,0,4,0,2,0,2,0,4,2,35.76429111111111,139.72195666666667,5,3,9999,0,9,0
1,30,553,90,2,0,1,30000,0,117,2023,6,22,20,14,22,4,26,19,0,3,1,2,1,1,9,22,0,0,15,9,30,70,4,1,1,45,55,4,61,31,0,1,0,1,0,11,0,2,0,10,0,2,0,2,0,2,0,4,2,35.76093361111111,139.73585777777777,5,3,9999,0,1,0
1,30,553,91,2,0,1,10130,0,117,2023,6,22,21,35,22,4,26,19,0,3,1,2,1,1,9,22,0,0,18,7,30,70,1,1,1,35,55,14,61,1,0,11,0,1,0,11,0,4,0,10,0,2,0,2,0,2,0,4,2,35.76651833333333,139.7238338888889,5,3,9999,0,1,0
1,30,553,92,2,0,1,30000,0,117,2023,6,26,13,29,12,4,27,19,1,1,1,1,1,1,9,22,0,0,18,9,30,70,5,2,1,55,65,3,61,31,0,1,0,1,0,11,0,3,0,10,0,4,0,2,0,2,0,4,2,35.75299777777778,139.73493638888888,2,3,9999,0,9,0
1,30,554,108,2,0,1,30000,0,117,2023,6,5,17,5,12,4,26,18,54,1,1,1,14,7,0,0,0,0,2,9,1,70,5,4,1,55,35,4,61,31,0,1,0,1,0,11,0,10,0,30,0,3,0,2,0,2,0,4,2,35.76349,139.71200638888888,2,3,9999,0,9,0
1,30,554,112,2,0,1,20000,0,117,2023,6,13,0,37,22,4,25,18,57,3,1,2,1,1,9,22,0,0,15,9,30,70,5,1,1,65,75,3,61,1,0,1,0,1,0,11,0,3,0,50,0,3,0,2,0,2,0,4,2,35.77574888888889,139.70807138888887,3,3,9999,0,9,0
1,30,554,121,2,0,2,30000,0,117,2023,6,22,9,5,12,4,26,19,0,2,1,1,14,7,0,0,0,0,3,9,1,70,5,2,1,55,65,51,61,41,0,0,0,0,0,0,0,0,0,10,0,3,0,0,0,0,0,2,2,35.77939861111111,139.7241786111111,5,3,0,0,0,0
1,30,554,122,2,0,1,30000,0,117,2023,6,22,19,23,21,4,26,19,0,3,1,2,1,1,9,22,0,0,19,9,30,70,4,1,1,55,45,3,61,31,0,1,0,1,0,11,0,3,0,10,0,3,0,2,0,2,0,4,2,35.77491361111111,139.7046433333333,5,3,9999,0,9,0
1,30,554,123,2,0,1,20000,0,117,2023,6,26,16,10,12,4,27,19,1,1,1,1,1,1,9,22,0,0,15,9,30,70,5,1,1,55,75,51,61,41,0,0,0,0,0,0,0,0,0,10,0,3,0,0,0,0,0,4,2,35.783030833333335,139.71039055555553,2,3,0,0,0,0
1,30,555,172,2,0,1,30000,0,119,2022,12,13,15,30,13,6,42,16,28,2,1,1,14,7,0,0,0,0,4,9,1,70,5,1,1,75,65,3,61,1,0,1,0,1,0,11,0,10,0,0,0,4,0,2,0,2,0,4,2,35.75996694444444,139.71357527777778,3,3,46,0,9,0
1,30,555,175,2,0,1,30000,0,119,2023,6,3,13,25,12,4,26,18,52,1,1,1,7,7,0,0,0,0,3,9,1,70,5,3,1,1,75,51,61,41,0,0,0,0,0,0,0,0,0,10,0,4,0,0,0,0,0,4,2,35.75786611111111,139.70861527777777,7,3,0,0,0,0
1,30,555,177,2,0,1,10160,0,119,2023,6,7,7,3,12,4,25,18,55,1,1,1,1,1,9,22,0,0,18,9,30,70,1,1,1,35,1,13,61,31,0,11,0,1,0,11,0,4,0,10,0,3,0,2,0,2,0,4,2,35.738305000000004,139.70420805555554,4,3,9999,0,1,0
1,30,555,180,2,0,1,30000,0,119,2023,4,25,22,38,22,4,57,18,22,1,1,1,1,7,0,0,0,0,11,9,30,70,5,1,1,45,0,61,0,0,0,0,0,0,0,0,0,0,0,0,0,0,0,0,0,0,0,2,0,35.74604583333333,139.71756666666667,3,3,0,0,0,0
1,30,555,186,2,0,1,30000,0,119,2023,5,17,0,7,22,4,35,18,40,1,1,1,14,7,0,0,0,0,4,9,1,70,5,3,1,75,75,51,61,41,0,0,0,0,0,0,0,0,0,20,0,4,0,0,0,0,0,4,2,35.752555,139.7103322222222,4,3,0,0,0,0
1,30,555,190,2,0,1,30000,0,119,2023,6,17,7,33,12,4,25,18,59,1,1,1,1,1,9,22,0,0,14,9,30,70,1,1,1,1,25,14,61,31,0,11,0,1,0,11,0,2,0,40,0,4,0,2,0,2,0,4,2,35.755766111111114,139.6971625,7,3,9999,0,1,0
1,30,555,192,2,0,1,30000,0,119,2023,6,30,23,55,22,4,28,19,1,2,1,1,14,7,0,0,0,0,2,9,1,70,4,3,1,25,1,14,61,31,0,11,0,1,0,11,0,2,0,10,0,1,0,2,0,2,0,4,2,35.75750027777778,139.70389944444443,6,3,9999,0,9,0
1,30,556,128,2,0,3,170,132,119,2023,6,3,13,45,12,4,26,18,52,1,1,1,14,7,0,0,0,0,4,9,1,70,4,2,1,55,1,3,61,31,0,1,0,1,0,11,0,5,0,10,0,1,0,1,0,2,0,4,2,35.774612499999996,139.69698277777778,7,3,9999,0,9,0
1,30,556,132,2,0,1,30000,0,119,2023,6,12,15,30,12,4,25,18,57,3,1,2,1,7,1,21,0,0,14,9,30,70,5,3,1,75,65,3,61,31,0,1,0,1,0,11,0,3,0,10,0,3,0,2,0,2,0,4,2,35.76509583333333,139.69833277777778,2,3,986,0,9,0
1,30,556,141,2,0,1,30000,0,119,2023,6,24,13,30,12,4,26,19,1,2,1,1,1,1,9,22,0,0,14,9,30,70,4,1,1,65,65,51,61,41,0,0,0,0,0,0,0,0,0,40,0,4,0,0,0,0,0,4,2,35.792368055555556,139.68819333333334,7,3,0,0,0,0
1,30,556,144,2,0,1,30000,0,119,2023,6,12,16,50,12,4,25,18,57,3,1,2,14,7,0,0,0,0,2,9,1,70,5,3,1,25,45,52,61,41,0,0,0,0,0,0,0,0,0,10,0,3,0,0,0,0,0,4,2,35.77459861111111,139.69486777777777,2,3,0,0,0,0
1,30,557,124,2,0,1,30000,0,120,2023,5,26,8,5,12,4,29,18,47,2,1,1,14,7,0,0,0,0,2,9,1,70,5,2,1,45,1,14,61,31,0,11,0,1,0,11,0,2,0,80,0,3,0,2,0,2,0,4,2,35.74881333333333,139.66965194444444,6,3,9999,0,1,0
1,30,557,127,2,0,1,20000,0,120,2023,6,1,18,30,13,4,27,18,51,2,1,1,14,7,0,0,0,0,3,9,1,70,4,2,1,55,65,51,61,41,0,0,0,0,0,0,0,0,0,40,0,4,0,0,0,0,0,4,2,35.75367055555556,139.63212583333333,5,3,0,0,0,0
1,30,557,129,2,0,1,10010,0,120,2023,6,2,22,10,22,4,26,18,52,3,1,2,1,1,9,22,0,0,19,9,30,70,6,1,1,35,25,13,61,31,0,11,0,1,0,11,0,4,0,10,0,3,0,2,0,2,0,4,2,35.73487388888889,139.66236777777777,6,3,9999,0,1,0
1,30,557,137,2,0,1,30000,0,120,2023,6,9,8,8,12,4,25,18,56,3,1,2,1,7,9,22,0,0,15,9,30,70,5,3,1,45,1,3,61,31,0,1,0,2,0,11,0,2,0,10,0,3,0,2,0,2,0,4,2,35.75143222222222,139.6694811111111,6,3,9999,0,1,0
1,30,557,139,2,0,1,10010,0,120,2023,6,10,23,20,22,4,25,18,56,1,1,1,1,1,9,22,0,0,17,9,30,70,4,1,1,65,35,12,61,31,0,11,0,2,0,11,0,4,0,10,0,3,0,2,0,2,0,4,2,35.735146944444445,139.65675916666666,7,3,9999,0,9,0
1,30,557,143,2,0,1,30000,0,120,2023,6,16,9,35,12,4,25,18,59,1,1,1,1,7,1,21,0,0,15,9,30,70,5,2,1,55,75,3,61,31,0,1,0,1,0,11,0,3,0,80,0,3,0,2,0,2,0,4,2,35.7546375,139.66770416666665,6,3,9999,0,9,0
1,30,557,146,2,0,1,20000,0,120,2023,4,22,9,36,12,5,0,18,20,1,1,1,1,1,9,22,0,0,15,9,30,70,4,2,1,55,75,51,61,41,0,0,0,0,0,0,0,0,0,10,0,3,0,0,0,0,0,4,2,35.748063055555555,139.66644555555555,7,3,0,0,0,0
1,30,557,149,2,0,1,30000,0,120,2023,6,20,17,25,12,4,25,19,0,1,1,1,14,7,0,0,0,0,3,9,1,70,4,2,1,55,35,14,61,31,0,11,0,1,0,11,0,2,0,10,0,3,0,2,0,2,0,4,2,35.73469416666667,139.64989027777776,3,3,9999,0,9,0
1,30,557,157,2,0,1,30000,0,120,2023,6,25,20,31,22,4,26,19,1,1,1,1,1,7,9,22,0,0,11,9,30,70,5,2,1,45,45,35,61,31,0,0,0,0,0,11,0,2,0,10,0,3,0,0,0,0,0,4,2,35.737610000000004,139.65278555555557,1,3,9999,0,1,0
1,30,558,161,2,0,1,30000,0,120,2023,6,4,11,55,12,4,26,18,53,1,1,1,14,7,0,0,0,0,2,9,1,70,5,3,1,75,45,3,61,31,0,1,0,1,0,11,0,2,0,40,0,4,0,2,0,2,0,4,2,35.74186861111111,139.6053247222222,1,3,929,0,9,0
1,30,558,168,2,0,1,20230,0,120,2023,6,13,18,8,13,4,25,18,57,2,1,1,14,7,0,0,0,0,3,9,1,70,4,1,1,65,1,3,61,1,0,1,0,1,0,11,0,2,0,18,0,3,0,2,0,2,0,4,2,35.718583333333335,139.58279777777778,3,3,9999,0,9,0
1,30,558,169,2,0,1,30000,0,120,2023,6,14,13,18,12,4,25,18,58,3,1,2,14,7,0,0,0,0,2,9,1,70,5,3,1,45,1,35,61,31,0,0,0,0,0,11,0,2,0,10,0,3,0,0,0,0,0,4,2,35.76856861111111,139.59375583333335,4,3,9999,0,9,0
1,30,558,181,2,0,1,30000,0,120,2023,6,29,17,20,12,4,28,19,1,1,1,1,14,7,0,0,0,0,3,9,1,70,4,3,1,55,75,3,61,1,0,1,0,1,0,11,0,2,0,30,0,4,0,2,0,2,0,4,2,35.75555472222222,139.58927083333333,5,3,9999,0,9,0
1,30,559,95,2,0,1,30000,0,119,2023,6,15,2,55,22,4,25,18,58,2,1,2,14,7,0,0,0,0,4,9,1,70,1,3,1,45,25,3,61,31,0,1,0,1,0,11,0,2,0,10,0,3,0,2,0,2,0,4,2,35.76982972222222,139.65183694444445,5,3,9999,0,9,0
1,30,559,98,2,0,1,30000,0,119,2023,6,17,8,0,12,4,25,18,59,1,1,1,14,7,0,0,0,0,3,9,1,70,5,4,1,55,35,51,61,41,0,0,0,0,0,0,0,0,0,10,0,3,0,0,0,0,0,4,2,35.79675527777778,139.65093305555556,7,3,0,0,0,0
1,30,559,106,2,0,1,30000,0,119,2023,6,25,16,50,12,4,26,19,1,1,1,1,13,7,0,0,0,0,1,5,1,70,5,4,1,1,75,51,61,41,0,0,0,0,0,0,0,0,0,10,0,3,0,0,0,0,0,4,2,35.78197055555555,139.64357611111112,1,3,0,0,0,0
1,30,559,108,2,0,1,30000,0,119,2023,6,26,13,35,12,4,27,19,1,1,1,1,7,7,0,0,0,0,3,9,1,70,5,4,1,75,25,3,61,31,0,1,0,1,0,11,0,10,0,10,0,4,0,2,0,2,0,4,2,35.774479722222225,139.64952083333333,2,3,76,0,9,0
1,30,560,141,2,0,1,30000,0,120,2023,6,13,12,10,12,4,25,18,57,1,1,1,7,7,0,0,0,0,3,9,1,70,5,2,1,35,35,3,61,31,0,1,0,1,0,11,0,5,0,60,0,3,0,2,0,2,0,4,2,35.74697138888889,139.62222194444445,3,3,9999,0,5,0
1,30,660,88,2,0,1,20070,0,106,2023,6,10,13,46,12,4,25,18,56,1,1,1,14,7,0,0,0,0,5,9,1,70,4,1,1,35,0,61,0,0,0,0,0,0,0,0,0,0,0,0,0,0,0,0,0,0,0,2,0,35.708444166666666,139.77302833333334,7,3,0,0,0,0
1,30,660,93,2,0,1,30000,0,106,2023,6,19,14,24,12,4,25,19,0,1,1,1,1,1,9,22,0,0,17,9,30,70,5,2,1,55,45,3,61,1,0,1,0,1,0,11,0,2,0,10,0,4,0,2,0,2,0,4,2,35.7024075,139.7771477777778,2,3,9999,0,9,0
1,30,660,97,2,0,1,95000,0,106,2023,6,28,15,20,12,4,27,19,1,2,1,1,0,7,0,0,0,0,0,0,20,70,0,4,1,65,35,51,61,41,0,0,0,0,0,0,0,0,0,20,0,3,0,0,0,0,0,4,2,35.71582055555556,139.77378111111113,4,3,0,0,0,0
1,30,661,56,2,0,1,10340,0,106,2023,6,3,17,18,12,4,26,18,52,1,1,1,1,1,9,22,0,0,18,9,30,70,5,2,1,25,1,36,61,31,0,0,0,0,0,11,0,2,0,10,0,2,0,0,0,0,0,4,2,35.72425333333334,139.77876222222224,7,3,9999,0,1,0
1,30,661,57,2,0,1,40,48,106,2023,6,4,14,10,12,4,26,18,53,2,1,1,1,1,9,22,0,0,18,9,30,70,5,2,1,55,25,51,61,41,0,0,0,0,0,0,0,0,0,40,0,3,0,0,0,0,0,4,2,35.722858333333335,139.78610111111112,1,3,0,0,0,0
1,30,661,63,2,0,1,20560,0,106,2023,6,9,15,0,12,4,25,18,56,2,1,1,14,7,0,0,0,0,3,9,1,70,1,2,1,35,35,51,61,41,0,0,0,0,0,0,0,0,0,40,0,3,0,0,0,0,0,4,2,35.7248675,139.79117055555557,6,3,0,0,0,0
1,30,661,65,2,0,1,30000,0,106,2023,6,30,13,42,12,4,28,19,1,1,1,1,14,7,0,0,0,0,2,9,1,70,5,4,1,45,1,51,61,41,0,0,0,0,0,0,0,0,0,40,0,3,0,0,0,0,0,4,2,35.72672361111111,139.79370444444444,6,3,0,0,0,0
1,30,662,78,2,0,1,20530,0,106,2023,6,1,17,19,12,4,27,18,51,1,1,1,14,7,0,0,0,0,5,9,1,70,4,2,1,55,55,14,61,1,0,11,0,1,0,11,0,4,0,30,0,3,0,2,0,2,0,4,2,35.70954694444445,139.79227944444443,5,3,9999,0,9,0
1,30,662,79,2,0,1,60,45,106,2023,6,4,10,35,12,4,26,18,53,1,1,1,14,7,0,0,0,0,5,9,1,70,4,1,1,55,1,3,61,31,0,1,0,2,0,11,0,10,0,10,0,4,0,2,0,2,0,4,2,35.714953333333334,139.80194500000002,1,3,9999,0,1,0
1,30,662,82,2,0,1,10300,0,106,2023,6,8,0,30,22,4,25,18,55,1,1,1,14,7,0,0,0,0,4,9,1,70,4,1,1,65,35,3,61,1,0,1,0,1,0,11,0,3,0,70,0,3,0,2,0,2,0,4,2,35.71649111111111,139.7960511111111,5,3,59,0,9,0
1,30,662,87,2,0,1,60,45,106,2023,6,20,7,53,12,4,25,19,0,1,1,1,14,7,0,0,0,0,5,9,1,70,4,4,1,55,45,17,61,1,0,11,0,2,0,11,0,3,0,10,0,3,0,2,0,2,0,4,2,35.71463833333333,139.80127000000002,3,3,9999,0,9,0
1,30,662,88,2,0,1,30000,0,106,2023,6,16,17,30,12,4,25,18,59,1,1,1,1,7,9,22,0,0,14,9,30,70,4,2,1,25,65,51,61,41,0,0,0,0,0,0,0,0,0,10,0,3,0,0,0,0,0,4,2,35.71724888888889,139.79429777777779,6,3,0,0,0,0
1,30,662,94,2,0,1,30000,0,106,2023,6,29,11,53,12,4,28,19,1,1,1,1,14,1,0,0,0,0,5,9,1,70,4,2,1,55,55,13,61,31,0,11,0,1,0,11,0,3,0,30,0,3,0,2,0,2,0,4,2,35.71561972222222,139.78906777777777,5,3,9999,0,9,0
1,30,662,95,2,0,1,10090,0,106,2023,6,29,18,3,13,4,28,19,1,1,1,1,14,7,0,0,0,0,5,9,1,70,1,1,1,55,65,36,61,31,0,0,0,0,0,11,0,2,0,14,0,3,0,0,0,0,0,2,4,35.728970277777776,139.80219444444447,5,3,9999,0,9,0
1,30,663,74,2,0,1,10290,0,106,2023,5,22,21,26,22,4,32,18,44,3,1,2,7,1,0,0,0,0,5,9,1,70,1,2,1,25,25,3,61,31,0,1,0,1,0,11,0,4,0,50,0,3,0,2,0,2,0,4,2,35.70160277777778,139.78945333333334,2,3,9999,0,4,0
1,30,663,79,2,0,1,30000,0,106,2023,6,10,18,0,13,4,25,18,56,2,1,1,14,7,0,0,0,0,2,9,1,70,5,3,1,25,1,3,61,31,0,1,0,1,0,11,0,10,0,20,0,4,0,2,0,2,0,4,2,35.702732222222224,139.7846663888889,7,3,9999,0,1,0
1,30,665,48,2,0,1,99000,0,118,2023,6,10,14,4,12,4,25,18,56,2,1,1,0,7,0,0,0,0,0,0,20,70,0,1,1,1,25,51,61,41,0,0,0,0,0,0,0,0,0,10,0,4,0,0,0,0,0,4,2,35.73345611111111,139.79890555555556,7,3,0,0,0,0
1,30,666,50,2,0,1,30000,0,118,2023,6,20,8,18,12,4,25,19,0,1,1,1,14,7,0,0,0,0,1,9,1,70,5,3,1,65,25,4,61,31,0,1,0,1,0,11,0,1,0,40,0,4,0,2,0,2,0,4,2,35.736201666666666,139.77834972222223,3,3,9999,0,9,0
1,30,666,54,2,0,1,30000,0,118,2023,6,22,13,52,12,4,26,19,0,2,1,1,7,7,0,0,0,0,2,9,1,70,5,4,1,65,1,13,61,31,0,11,0,1,0,11,0,1,0,20,0,3,0,2,0,2,0,4,2,35.73285361111111,139.77956805555556,5,3,9999,0,9,0
1,30,667,48,2,0,2,99000,0,121,2023,5,28,9,35,12,4,28,18,48,1,1,1,0,7,0,0,0,0,0,0,20,70,0,4,1,45,1,51,61,41,0,0,0,0,0,0,0,0,0,10,0,3,0,0,0,0,0,4,2,35.757216666666665,139.8035002777778,1,3,0,0,0,0
1,30,667,50,2,0,1,40,75,121,2023,6,7,13,15,12,4,25,18,55,1,1,1,1,1,9,22,0,0,18,9,30,70,1,2,1,1,1,13,61,1,0,11,0,1,0,11,0,5,0,40,0,4,0,2,0,2,0,4,2,35.744593333333334,139.79776416666667,4,3,9999,0,1,0
1,30,667,55,2,0,1,30000,0,121,2023,6,15,11,16,12,4,25,18,58,2,1,1,7,7,0,0,0,0,2,9,1,1,4,3,1,55,45,3,61,31,0,1,0,1,0,11,0,1,0,30,0,4,0,2,0,2,0,4,2,35.74874138888889,139.80196861111114,5,3,9999,0,9,0
1,30,667,63,2,0,1,40,72,121,2023,6,25,8,50,12,4,26,19,1,1,1,1,7,7,0,0,0,0,1,9,1,70,5,2,1,55,1,51,61,41,0,0,0,0,0,0,0,0,0,10,0,3,0,0,0,0,0,4,2,35.74239166666667,139.7976225,1,3,0,0,0,0
1,30,668,262,2,0,1,95000,0,121,2023,6,3,14,50,12,4,26,18,52,1,1,1,14,7,0,0,0,0,2,9,1,70,5,4,1,35,25,51,61,41,0,0,0,0,0,0,0,0,0,10,0,3,0,0,0,0,0,4,2,35.76144,139.79954972222222,7,3,0,0,0,0
1,30,668,274,2,0,1,30000,0,121,2023,6,9,20,19,22,4,25,18,56,2,1,1,14,7,0,0,0,0,3,9,1,70,4,3,1,45,75,1,61,1,0,1,0,2,0,11,0,3,0,40,0,3,0,2,0,2,0,4,2,35.782578055555554,139.7609125,6,3,9999,0,2,0
1,30,668,283,2,0,1,99000,0,121,2023,6,16,17,13,12,4,25,18,59,1,1,1,0,7,0,0,0,0,0,0,20,70,0,4,1,45,75,14,61,1,0,11,0,1,0,11,0,10,0,10,0,3,0,2,0,2,0,4,2,35.788220555555554,139.76973111111113,6,3,9999,0,1,0
1,30,668,294,2,0,1,30000,0,121,2023,6,21,18,50,13,4,25,19,0,1,1,1,1,7,1,22,0,0,11,9,30,70,5,3,1,1,55,51,61,41,0,0,0,0,0,0,0,0,0,10,0,4,0,0,0,0,0,4,2,35.777385277777775,139.78045083333333,4,3,0,0,0,0
1,30,668,309,2,0,1,30000,0,121,2023,6,27,12,44,12,4,27,19,1,2,1,1,14,7,0,0,0,0,3,9,1,70,4,3,1,55,25,4,61,31,0,1,0,1,0,11,0,2,0,80,0,2,0,2,0,2,0,4,2,35.77951777777778,139.78286305555557,3,3,9999,0,9,0
1,30,669,245,2,0,1,30460,0,121,2023,6,2,6,10,12,4,26,18,52,3,1,2,1,1,9,22,0,0,15,9,30,70,5,2,1,55,65,3,61,31,0,1,0,1,0,11,0,3,0,10,0,3,0,2,0,2,0,4,2,35.78,139.8110252777778,6,3,9999,0,9,0
1,30,669,252,2,0,1,30000,0,121,2023,6,3,20,40,22,4,26,18,52,1,1,1,14,7,0,0,0,0,2,9,1,70,4,2,1,45,65,35,61,31,0,0,0,0,0,11,0,5,0,10,0,3,0,0,0,0,0,4,2,35.77011638888889,139.84391611111113,7,3,9999,0,5,0
1,30,669,255,2,0,1,30000,0,121,2023,6,5,11,25,12,4,26,18,54,1,1,1,14,7,0,0,0,0,3,9,1,70,4,3,1,45,1,14,61,31,0,11,0,1,0,11,0,2,0,40,0,3,0,2,0,2,0,4,2,35.7654575,139.80832833333335,2,3,9999,0,1,0
1,30,670,170,2,0,1,20000,0,121,2023,5,29,17,17,12,4,28,18,49,3,1,2,1,1,9,22,0,0,15,9,30,70,5,2,1,1,55,51,61,41,0,0,0,0,0,0,0,0,0,10,0,3,0,0,0,0,0,4,2,35.78924416666666,139.79989416666666,2,3,0,0,0,0
1,30,670,171,2,0,1,30410,0,121,2023,6,2,14,28,12,4,26,18,52,3,1,2,14,7,0,0,0,0,3,9,1,70,4,2,1,1,65,51,61,41,0,0,0,0,0,0,0,0,0,10,0,3,0,0,0,0,0,4,2,35.79369972222222,139.78999416666667,6,3,0,0,0,0
1,30,670,173,2,0,1,30000,0,121,2023,6,6,17,16,12,4,25,18,54,2,1,1,1,7,9,22,0,0,15,9,30,70,5,2,1,35,1,3,61,31,0,1,0,1,0,11,0,3,0,50,0,3,0,2,0,2,0,4,2,35.794646944444445,139.81695944444445,3,3,9999,0,9,0
1,30,670,189,2,0,1,20000,0,121,2023,6,16,10,0,12,4,25,18,59,1,1,1,14,7,0,0,0,0,3,9,1,70,4,1,1,45,65,3,61,31,0,1,0,1,0,11,0,3,0,80,0,4,0,2,0,2,0,4,2,35.80059722222222,139.78166805555557,6,3,9999,0,1,0
1,30,670,201,2,0,1,30410,0,121,2023,6,24,6,35,12,4,26,19,1,1,1,1,14,7,0,0,0,0,4,9,1,70,4,2,1,45,45,35,61,31,0,0,0,0,0,11,0,2,0,10,0,3,0,0,0,0,0,4,2,35.79286555555555,139.79088694444445,7,3,9999,0,9,0
1,30,771,225,2,0,1,30000,0,108,2023,6,8,9,12,12,4,25,18,55,1,1,1,1,2,9,22,0,0,15,9,30,70,5,2,1,55,1,3,61,1,0,1,0,1,0,11,0,10,0,20,0,3,0,2,0,2,0,4,2,35.67164833333333,139.80151972222222,5,3,9999,0,9,0
1,30,771,230,2,0,1,30000,0,108,2023,6,10,15,53,12,4,25,18,56,2,1,1,14,7,0,0,0,0,3,9,1,70,5,2,1,55,1,14,61,1,0,11,0,1,0,11,0,2,0,20,0,3,0,2,0,2,0,4,2,35.66774861111111,139.79626027777778,7,3,9999,0,9,0
1,30,771,232,2,0,1,20690,0,108,2023,5,26,11,0,12,4,29,18,47,1,1,1,1,1,9,22,0,0,18,9,30,70,4,1,1,75,75,51,61,41,0,0,0,0,0,0,0,0,0,20,0,3,0,0,0,0,0,4,2,35.68612888888889,139.81612083333334,6,3,0,0,0,0
1,30,771,235,2,0,1,10020,0,108,2023,6,12,9,15,12,4,25,18,57,3,1,2,1,1,9,22,0,0,19,9,30,70,1,1,1,35,75,3,61,31,0,1,0,1,0,11,0,5,0,50,0,3,0,2,0,2,0,4,2,35.65816777777778,139.79301027777777,2,3,9999,0,5,0
1,30,771,240,2,0,1,20000,0,108,2023,6,17,12,0,12,4,25,18,59,1,1,1,14,7,0,0,0,0,2,8,1,70,5,1,1,35,1,51,61,41,0,0,0,0,0,0,0,0,0,0,0,3,0,0,0,0,0,2,4,35.64967222222222,139.78761444444444,7,3,0,0,0,0
1,30,771,246,2,0,1,10350,0,108,2023,5,19,19,42,22,4,34,18,42,3,1,2,1,1,9,22,0,0,18,9,30,70,4,1,1,45,35,13,61,31,0,11,0,1,0,11,0,4,0,40,0,3,0,2,0,2,0,4,2,35.67587777777778,139.81592444444445,6,3,9999,0,1,0
1,30,771,250,2,0,1,30000,0,108,2023,6,24,12,10,12,4,26,19,1,1,1,1,14,7,0,0,0,0,3,9,1,70,5,2,1,1,75,51,61,41,0,0,0,0,0,0,0,0,0,10,0,3,0,0,0,0,0,4,2,35.66439444444444,139.79675,7,3,0,0,0,0
1,30,771,251,2,0,1,10040,0,108,2023,6,25,20,20,22,4,26,19,1,1,1,1,1,1,9,22,0,0,19,9,30,70,4,1,1,45,1,3,61,31,0,1,0,1,0,11,0,5,0,10,0,3,0,2,0,2,0,4,2,35.67370722222222,139.7920575,1,3,9999,0,1,0
1,30,771,254,2,0,1,10040,0,108,2023,6,28,9,55,12,4,27,19,1,1,1,1,1,1,9,22,0,0,18,9,30,70,1,1,1,75,75,51,61,41,0,0,0,0,0,0,0,0,0,20,0,4,0,0,0,0,0,4,2,35.669174166666664,139.80877333333333,4,3,0,0,0,0