資料区分,都道府県コード,警察署等コード,本票番号,事故内容,死者数,負傷者数,路線コード,地点コード,市区町村コード,発生日時　　年,発生日時　　月,発生日時　　日,発生日時　　時,発生日時　　分,昼夜,日の出時刻　　時,日の出時刻　　分,日の入り時刻　　時,日の入り時刻　　分,天候,地形,路面状態,道路形状,信号機,一時停止規制　標識（当事者A）,一時停止規制　表示（当事者A）,一時停止規制　標識（当事者B）,一時停止規制　表示（当事者B）,車道幅員,道路線形,衝突地点,ゾーン規制,中央分離帯施設等,歩車道区分,事故類型,年齢（当事者A）,年齢（当事者B）,当事者種別（当事者A）,当事者種別（当事者B）,用途別（当事者A）,用途別（当事者B）,車両形状等（当事者A）,車両形状等（当事者B）,オートマチック車（当事者A）,オートマチック車（当事者B）,サポカー（当事者A）,サポカー（当事者B）,速度規制（指定のみ）（当事者A）,速度規制（指定のみ）（当事者B）,車両の衝突部位（当事者A）,車両の衝突部位（当事者B）,車両の損壊程度（当事者A）,車両の損壊程度（当事者B）,エアバッグの装備（当事者A）,エアバッグの装備（当事者B）,サイドエアバッグの装備（当事者A）,サイドエアバッグの装備（当事者B）,人身損傷程度（当事者A）,人身損傷程度（当事者B）,lat,lon,曜日(発生年月日),祝日(発生年月日),認知機能検査経過日数（当事者A）,認知機能検査経過日数（当事者B）,運転練習の方法（当事者A）,運転練習の方法（当事者B）
1,30,772,197,2,0,1,30000,0,108,2023,6,14,19,40,21,4,25,18,58,2,1,1,1,7,9,22,0,0,11,9,30,70,5,3,1,45,35,35,61,31,0,0,0,0,0,11,0,2,0,10,0,3,0,0,0,0,0,4,2,35.68565333333333,139.82874611111112,4,3,9999,0,9,0
1,30,772,213,2,0,1,140,68,108,2023,6,22,7,19,12,4,26,19,0,1,1,1,1,1,9,22,0,0,19,9,30,70,1,2,1,25,25,17,61,31,0,11,0,1,0,11,0,5,0,10,0,3,0,2,0,2,0,4,2,35.69726583333333,139.83964055555558,5,3,9999,0,1,0
1,30,772,217,2,0,1,20650,0,108,2023,6,15,12,22,12,4,25,18,58,2,1,1,1,1,9,22,0,0,18,9,30,70,1,2,1,65,65,3,61,31,0,1,0,1,0,11,0,5,0,10,0,3,0,2,0,2,0,4,2,35.6676625,139.8304838888889,5,3,9999,0,1,0
1,30,773,161,2,0,1,10290,0,107,2023,6,2,18,44,13,4,26,18,52,3,1,2,1,1,9,22,0,0,19,9,30,70,5,1,1,65,45,3,61,31,0,1,0,1,0,11,0,4,0,10,0,3,0,2,0,2,0,4,2,35.700272222222225,139.79729305555554,6,3,9999,0,9,0
1,30,773,165,2,0,1,20690,0,107,2023,6,8,14,29,12,4,25,18,55,2,1,1,1,1,9,22,0,0,18,9,30,70,4,2,1,55,1,13,61,31,0,11,0,1,0,11,0,4,0,80,0,3,0,2,0,2,0,4,2,35.71047888888889,139.8147275,5,3,9999,0,9,0
1,30,773,166,2,0,1,30000,0,107,2023,6,8,15,13,12,4,25,18,55,2,1,1,1,7,9,22,0,0,15,9,30,70,4,2,1,65,1,3,61,1,0,1,0,1,0,11,0,5,0,10,0,3,0,2,0,2,0,4,2,35.70672861111112,139.81196472222223,5,3,9999,0,1,0
1,30,773,167,2,0,2,60,0,107,2023,6,9,2,45,22,4,25,18,56,3,1,2,1,1,9,22,0,0,19,9,30,70,5,2,1,65,75,35,61,31,0,0,0,0,0,11,0,10,0,10,0,3,0,0,0,0,0,2,2,35.71572583333334,139.81002361111112,6,3,9999,0,9,0
1,30,773,175,2,0,1,30000,0,107,2023,6,12,18,10,13,4,25,18,57,3,1,2,14,7,0,0,0,0,3,9,1,70,5,2,1,45,1,51,61,41,0,0,0,0,0,0,0,0,0,10,0,3,0,0,0,0,0,4,2,35.70710027777778,139.79779305555556,2,3,0,0,0,0
1,30,773,179,2,0,1,30000,0,107,2023,6,14,8,10,12,4,25,18,58,2,1,1,1,1,9,22,0,0,15,9,30,70,4,1,1,45,25,13,61,31,0,11,0,1,0,11,0,3,0,10,0,3,0,2,0,2,0,4,2,35.69726583333333,139.80284111111112,4,3,9999,0,1,0
1,30,773,184,2,0,1,30000,0,107,2023,6,16,18,35,13,4,25,18,59,1,1,1,14,7,0,0,0,0,4,9,1,70,5,2,1,55,25,3,61,31,0,1,0,1,0,11,0,10,0,50,0,3,0,2,0,2,0,4,2,35.69711083333333,139.81186250000002,6,3,9999,0,9,0
1,30,773,187,2,0,1,31030,0,107,2023,6,20,15,30,12,4,25,19,0,1,1,1,14,7,0,0,0,0,2,9,1,70,5,2,1,45,1,51,61,41,0,0,0,0,0,0,0,0,0,10,0,3,0,0,0,0,0,4,2,35.697179444444444,139.80061222222224,3,3,0,0,0,0
1,30,773,192,2,0,1,30000,0,107,2023,6,28,23,0,22,4,27,19,1,2,1,1,1,7,1,21,0,0,11,9,30,70,5,1,1,75,35,3,61,1,0,1,0,1,0,11,0,10,0,10,0,4,0,2,0,2,0,4,2,35.693686944444444,139.81137805555556,4,3,5,0,9,0
1,30,773,194,2,0,1,30000,0,107,2023,6,30,16,30,12,4,28,19,1,3,1,2,1,7,1,21,0,0,14,9,30,70,4,2,1,75,55,13,61,31,0,11,0,1,0,11,0,10,0,10,0,3,0,2,0,2,0,4,2,35.69613333333333,139.81187861111113,6,3,232,0,9,0
1,30,773,196,2,0,1,140,33,107,2023,6,30,20,0,21,4,28,19,1,3,1,2,1,1,9,22,0,0,18,9,30,70,4,2,1,45,65,3,61,31,0,1,0,1,0,11,0,5,0,10,0,3,0,2,0,2,0,4,2,35.694739444444444,139.8014963888889,6,3,9999,0,1,0
1,30,774,85,2,0,1,20670,0,107,2023,6,5,18,30,13,4,26,18,54,1,1,1,14,7,0,0,0,0,4,9,1,70,1,2,1,1,55,51,61,41,0,0,0,0,0,0,0,0,0,10,0,4,0,0,0,0,0,4,2,35.72995777777778,139.81360555555557,2,3,0,0,0,0
1,30,774,86,2,0,1,10090,0,107,2023,6,6,18,55,21,4,25,18,54,3,1,2,1,7,9,22,0,0,17,9,30,70,4,2,1,45,75,35,61,31,0,0,0,0,0,11,0,4,0,40,0,3,0,0,0,0,0,4,2,35.708961111111115,139.8276911111111,3,3,9999,0,1,0
1,30,774,88,2,0,1,30000,0,107,2023,6,6,7,26,12,4,25,18,54,1,1,1,1,7,9,22,0,0,11,9,30,70,5,4,1,1,25,51,61,41,0,0,0,0,0,0,0,0,0,10,0,4,0,0,0,0,0,4,2,35.727877222222226,139.82717722222222,3,3,0,0,0,0
1,30,774,89,2,0,1,20650,0,107,2023,6,13,18,15,13,4,25,18,57,1,1,1,1,7,9,22,0,0,18,9,30,70,1,2,1,1,75,51,61,41,0,0,0,0,0,0,0,0,0,20,0,4,0,0,0,0,0,4,2,35.70697277777778,139.83234055555556,3,3,0,0,0,0
1,30,774,91,2,0,1,30000,0,107,2023,6,17,13,20,12,4,25,18,59,1,1,1,14,7,0,0,0,0,2,9,1,70,5,3,1,75,45,35,61,31,0,0,0,0,0,11,0,10,0,40,0,4,0,0,0,0,0,4,2,35.706501111111116,139.8230288888889,7,3,529,0,9,0
1,30,774,92,2,0,1,30000,0,107,2023,6,20,14,20,12,4,25,19,0,1,1,1,1,7,1,21,0,0,11,9,30,70,5,4,1,35,55,17,61,31,0,11,0,1,0,11,0,2,0,40,0,3,0,2,0,2,0,4,2,35.72758805555556,139.81984722222222,3,3,9999,0,5,0
1,30,774,93,2,0,1,10090,0,107,2023,6,18,13,30,12,4,25,18,59,1,1,1,14,7,0,0,0,0,4,9,1,70,4,2,1,45,25,51,61,41,0,0,0,0,0,0,0,0,0,40,0,3,0,0,0,0,0,4,2,35.719657500000004,139.82088666666667,1,3,0,0,0,0
1,30,775,143,2,0,1,60,108,122,2023,6,1,8,39,12,4,27,18,51,1,1,1,7,7,0,0,0,0,5,9,1,70,5,2,1,1,45,51,61,41,0,0,0,0,0,0,0,0,0,10,0,3,0,0,0,0,0,4,2,35.75104388888889,139.84915444444445,5,3,0,0,0,0
1,30,775,164,2,0,1,30000,0,122,2023,6,9,14,51,12,4,25,18,56,2,1,1,1,7,9,22,0,0,15,9,30,70,4,1,1,45,1,4,61,31,0,1,0,1,0,11,0,3,0,10,0,3,0,2,0,2,0,4,2,35.78661972222222,139.8625725,6,3,9999,0,9,0
1,30,775,165,2,0,1,30000,0,122,2023,6,28,18,45,13,4,27,19,1,1,1,1,1,1,9,22,0,0,14,9,30,70,5,2,1,55,65,13,61,31,0,11,0,1,0,11,0,10,0,10,0,4,0,2,0,2,0,4,2,35.757559722222226,139.83053388888888,4,3,9999,0,9,0
1,30,776,199,2,0,1,30000,0,122,2023,6,8,9,40,12,4,25,18,55,1,1,1,1,1,9,22,0,0,14,9,30,70,4,2,1,1,75,51,61,41,0,0,0,0,0,0,0,0,0,20,0,3,0,0,0,0,0,4,2,35.743496666666665,139.85599249999999,5,3,0,0,0,0
1,30,776,200,2,0,2,10400,0,122,2023,6,8,22,5,22,4,25,18,55,3,1,2,1,1,9,22,0,0,15,9,30,70,5,2,1,65,35,3,61,1,0,1,0,1,0,11,0,3,0,10,0,3,0,2,0,2,0,4,2,35.72552,139.85080222222223,5,3,9999,0,9,0
1,30,776,224,2,0,1,10400,0,122,2023,6,29,13,25,12,4,28,19,1,1,1,1,1,1,9,22,0,0,18,9,30,70,4,2,1,55,55,3,61,31,0,1,0,1,0,11,0,4,0,10,0,3,0,2,0,2,0,4,2,35.71528888888889,139.86115277777776,5,3,9999,0,1,0
1,30,777,338,2,0,1,99000,0,123,2023,6,7,14,30,12,4,25,18,55,1,1,1,0,7,0,0,0,0,0,0,20,70,0,4,1,75,75,51,61,41,0,0,0,0,0,0,0,0,0,10,0,3,0,0,0,0,0,4,2,35.68879583333333,139.8764911111111,4,3,0,0,0,0
1,30,777,353,2,0,1,30000,0,123,2023,5,24,16,30,12,4,30,18,46,1,1,1,1,7,9,22,0,0,11,9,30,70,5,1,1,55,25,3,61,31,0,1,0,1,0,11,0,10,0,20,0,3,0,2,0,2,0,4,2,35.691447222222216,139.86578416666666,4,3,9999,0,9,0
1,30,777,367,2,0,1,10400,0,123,2023,6,24,0,30,22,4,26,19,1,2,1,1,14,7,0,0,0,0,3,9,1,70,5,2,1,1,55,51,61,41,0,0,0,0,0,0,0,0,0,10,0,3,0,0,0,0,0,4,2,35.71298138888889,139.86375833333332,7,3,0,0,0,0
1,30,777,379,2,0,1,30000,0,123,2023,6,29,16,5,12,4,28,19,1,1,1,1,14,7,0,0,0,0,2,9,1,70,5,4,1,25,1,51,61,41,0,0,0,0,0,0,0,0,0,10,0,3,0,0,0,0,0,4,2,35.69203861111111,139.86957416666667,5,3,0,0,0,0
1,30,777,381,2,0,1,30000,0,123,2023,6,29,18,45,13,4,28,19,1,1,1,1,14,7,0,0,0,0,3,9,1,70,5,3,1,65,1,51,61,41,0,0,0,0,0,0,0,0,0,10,0,3,0,0,0,0,0,2,4,35.70711611111111,139.84865083333335,5,3,0,0,0,0
1,30,777,382,2,0,1,30520,0,123,2023,4,11,8,47,12,5,15,18,10,1,1,1,1,1,9,22,0,0,15,9,30,70,4,2,1,75,35,3,61,31,0,1,0,1,0,11,0,2,0,40,0,3,0,2,0,2,0,4,2,35.687150277777775,139.88291166666667,3,3,994,0,9,0
1,30,777,386,2,0,1,30000,0,123,2023,6,27,7,15,12,4,27,19,1,1,1,1,14,7,0,0,0,0,1,9,1,70,5,4,1,25,35,3,61,31,0,1,0,1,0,11,0,5,0,40,0,3,0,2,0,2,0,4,2,35.70771166666667,139.84506472222222,3,3,9999,0,1,0
1,30,778,124,2,0,1,10290,0,123,2023,6,2,13,50,12,4,26,18,52,3,1,2,14,7,0,0,0,0,3,9,1,70,5,1,1,45,35,3,61,31,0,1,0,1,0,11,0,10,0,30,0,3,0,2,0,2,0,4,2,35.73704472222222,139.89113,6,3,9999,0,4,0
1,30,778,126,2,0,1,30000,0,123,2023,6,2,17,55,13,4,26,18,52,3,1,2,1,1,9,22,0,0,14,9,30,70,5,2,1,75,55,51,61,41,0,0,0,0,0,0,0,0,0,10,0,3,0,0,0,0,0,4,2,35.72647722222222,139.87386305555557,6,3,0,0,0,0
1,30,778,128,2,0,1,30000,0,123,2023,6,7,8,55,12,4,25,18,55,1,1,1,14,7,0,0,0,0,1,9,1,70,5,3,1,55,35,51,61,41,0,0,0,0,0,0,0,0,0,40,0,4,0,0,0,0,0,4,2,35.73443555555556,139.8840997222222,4,3,0,0,0,0
1,30,778,143,2,0,1,30000,0,123,2023,3,24,22,0,22,5,40,17,56,3,1,2,1,7,1,21,0,0,14,9,30,70,4,2,1,35,25,3,61,31,0,1,0,1,0,11,0,10,0,10,0,4,0,2,0,2,0,4,2,35.74140583333333,139.88331555555555,6,3,9999,0,1,0
1,30,779,128,2,0,1,30000,0,123,2023,6,12,0,7,22,4,25,18,57,3,1,2,14,7,0,0,0,0,2,9,1,70,5,3,1,55,0,61,0,0,0,0,0,0,0,0,0,0,0,0,0,0,0,0,0,0,0,2,0,35.6632375,139.8830102777778,2,3,0,0,0,0
1,30,779,130,2,0,1,30000,0,123,2023,6,16,17,10,12,4,25,18,59,1,1,1,14,7,0,0,0,0,3,9,1,70,5,2,1,1,65,51,61,41,0,0,0,0,0,0,0,0,0,10,0,3,0,0,0,0,0,4,2,35.66594305555555,139.85678833333333,6,3,0,0,0,0
1,30,779,133,2,0,1,10390,0,123,2023,6,16,22,5,22,4,25,18,59,1,1,1,14,7,0,0,0,0,3,8,1,70,4,1,1,45,55,51,61,41,0,0,0,0,0,0,0,0,0,10,0,3,0,0,0,0,0,4,2,35.68311305555555,139.863385,6,3,0,0,0,0
1,30,876,159,2,0,1,99000,0,209,2023,2,8,20,1,22,6,36,17,15,1,1,1,0,7,0,0,0,0,0,0,20,70,0,4,1,75,45,3,61,31,0,1,0,1,0,11,0,10,0,30,0,3,0,2,0,2,0,4,2,35.60617444444445,139.35504555555556,4,3,630,0,9,0
1,30,876,161,2,0,1,30000,0,201,2023,5,29,15,17,12,4,28,18,49,2,2,1,1,7,9,22,0,0,14,9,30,70,4,2,1,65,1,3,61,31,0,1,0,1,0,11,0,3,0,10,0,3,0,2,0,2,0,4,2,35.642717222222224,139.33168916666665,2,3,9999,0,9,0
1,30,876,173,2,0,1,20000,0,201,2023,6,12,14,25,12,4,25,18,57,3,1,2,1,2,9,22,0,0,14,9,30,70,5,2,1,75,55,4,61,31,0,1,0,1,0,11,0,3,0,80,0,2,0,2,0,2,0,4,2,35.642001944444445,139.37120444444446,2,3,4,0,5,0
1,30,876,174,2,0,1,90000,0,201,2023,6,12,16,45,12,4,25,18,57,3,1,2,13,7,0,0,0,0,3,4,20,70,5,4,1,25,55,3,61,31,0,1,0,1,0,11,0,10,0,80,0,3,0,2,0,2,0,4,2,35.618180277777775,139.3751363888889,2,3,9999,0,5,0
1,30,876,182,2,0,1,21200,0,201,2023,6,19,21,4,22,4,25,19,0,3,1,2,1,1,9,22,0,0,18,3,30,70,1,2,1,55,45,4,61,31,0,1,0,1,0,11,0,4,0,10,0,4,0,2,0,2,0,4,2,35.61698166666667,139.3966086111111,2,3,9999,0,9,0
1,30,876,183,2,0,1,90000,0,201,2023,6,21,16,55,12,4,25,19,0,1,1,1,0,7,0,0,0,0,0,0,20,70,0,4,1,1,1,51,61,41,0,0,0,0,0,0,0,0,0,10,0,3,0,0,0,0,0,4,2,35.61157861111111,139.37039166666668,4,3,0,0,0,0
1,30,877,199,2,0,1,30000,0,201,2023,4,22,15,30,12,5,0,18,20,2,1,1,1,7,9,22,0,0,14,9,30,70,5,3,1,45,1,3,61,31,0,1,0,1,0,11,0,10,0,20,0,3,0,2,0,2,0,4,2,35.65287055555555,139.305935,7,3,9999,0,9,0
1,30,877,202,2,0,1,30000,0,201,2023,6,1,19,15,21,4,27,18,51,1,2,1,13,7,0,0,0,0,3,2,1,70,5,4,1,1,75,52,61,41,0,0,0,0,0,0,0,0,0,10,0,3,0,0,0,0,0,4,2,35.66647888888889,139.24324194444443,5,3,0,0,0,0
1,30,877,208,2,0,1,30000,0,201,2023,6,6,15,20,12,4,25,18,54,2,1,1,14,7,0,0,0,0,2,8,1,70,5,4,1,45,1,35,61,31,0,0,0,0,0,11,0,2,0,10,0,3,0,0,0,0,0,4,2,35.65665944444444,139.29651305555555,3,3,9999,0,9,0
1,30,877,209,2,0,1,20000,0,201,2023,6,7,11,32,12,4,25,18,55,1,2,1,14,7,0,0,0,0,3,9,1,70,4,2,1,25,1,14,61,31,0,11,0,1,0,11,0,2,0,50,0,3,0,2,0,2,0,4,2,35.63046333333333,139.2833013888889,4,3,9999,0,1,0
1,30,877,220,2,0,1,30000,0,201,2023,6,14,18,35,13,4,25,18,58,2,1,2,1,1,9,22,0,0,14,9,30,70,5,4,1,1,65,51,61,41,0,0,0,0,0,0,0,0,0,10,0,3,0,0,0,0,0,4,2,35.67521472222222,139.29713416666667,4,3,0,0,0,0
1,30,877,230,2,0,1,20740,0,201,2023,6,24,10,25,12,4,26,19,1,2,2,1,14,7,0,0,0,0,4,9,1,70,4,2,1,65,75,3,61,31,0,1,0,1,0,11,0,3,0,52,0,3,0,2,0,2,0,4,2,35.65867472222222,139.2819838888889,7,3,9999,0,9,0
1,30,878,207,2,0,1,30000,0,224,2023,5,4,16,50,12,4,47,18,30,1,1,1,14,7,0,0,0,0,2,9,1,70,4,2,1,25,65,51,61,41,0,0,0,0,0,0,0,0,0,20,0,3,0,0,0,0,0,4,2,35.619016944444446,139.45324888888888,5,1,0,0,0,0
1,30,878,213,2,0,1,30000,0,224,2023,6,8,1,30,22,4,25,18,55,1,2,1,14,7,0,0,0,0,2,9,1,70,5,2,1,65,75,36,61,31,0,0,0,0,0,11,0,2,0,10,0,3,0,0,0,0,0,4,2,35.624878333333335,139.45324916666667,5,3,9999,0,9,0
1,30,878,229,2,0,1,30000,0,225,2023,6,22,19,20,21,4,26,19,0,3,2,2,1,1,9,22,0,0,15,9,30,70,4,2,1,35,55,4,61,31,0,1,0,1,0,11,0,3,0,10,0,4,0,2,0,2,0,4,2,35.64964638888889,139.49048888888888,5,3,9999,0,5,0
1,30,878,235,2,0,1,10610,0,225,2023,6,29,20,6,22,4,28,19,1,2,1,1,14,1,0,0,0,0,6,9,1,70,5,2,1,35,45,3,61,31,0,1,0,2,0,11,0,4,0,10,0,2,0,2,0,2,0,4,2,35.63968138888889,139.51892833333335,5,3,9999,0,5,0
1,30,878,236,2,0,1,30000,0,225,2023,6,30,7,55,12,4,28,19,1,2,1,1,14,7,0,0,0,0,3,9,1,70,5,4,1,1,55,51,61,41,0,0,0,0,0,0,0,0,0,10,0,3,0,0,0,0,0,4,2,35.627184722222225,139.48127472222222,6,3,0,0,0,0
1,30,879,257,2,0,1,30000,0,223,2023,6,17,11,35,12,4,25,18,59,1,1,1,14,7,0,0,0,0,2,9,1,70,5,4,1,55,55,4,61,31,0,1,0,1,0,11,0,2,0,40,0,3,0,2,0,2,0,4,2,35.73296833333333,139.40914444444445,7,3,9999,0,9,0
1,30,879,260,2,0,1,21150,0,223,2023,6,20,0,0,22,4,25,19,0,2,1,1,1,1,9,22,0,0,17,9,30,70,4,1,1,65,25,4,61,31,0,1,0,1,0,11,0,3,0,20,0,3,0,2,0,2,0,4,2,35.74205444444445,139.38297916666667,3,3,9999,0,9,0
1,30,879,261,2,0,1,10240,0,220,2023,6,21,8,15,12,4,25,19,0,1,2,1,14,7,0,0,0,0,3,9,1,70,4,2,1,55,1,3,61,31,0,1,0,1,0,11,0,3,0,10,0,3,0,2,0,2,0,4,2,35.752719166666665,139.42569583333332,4,3,9999,0,9,0
1,30,879,264,2,0,1,30000,0,223,2023,6,27,15,25,12,4,27,19,1,1,2,1,1,7,9,22,0,0,11,9,30,70,5,3,1,45,1,3,61,31,0,1,0,1,0,11,0,1,0,80,0,4,0,2,0,2,0,4,2,35.738126111111114,139.41074277777778,3,3,9999,0,5,0
1,30,880,110,2,0,1,30000,0,205,2023,6,11,10,0,12,4,25,18,57,3,1,2,1,1,9,22,0,0,15,9,30,70,1,1,1,55,65,3,61,31,0,1,0,1,0,11,0,3,0,10,0,3,0,2,0,2,0,4,2,35.798787499999996,139.30783694444446,1,3,9999,0,9,0
1,30,881,70,2,0,1,30000,0,305,2023,6,12,11,10,12,4,25,18,57,3,1,2,7,7,0,0,0,0,3,9,1,70,4,2,1,65,75,3,61,31,0,1,0,1,0,11,0,3,0,10,0,3,0,2,0,2,0,4,2,35.738956944444446,139.27038833333336,2,3,9999,0,9,0
1,30,881,75,2,0,1,30000,0,228,2023,6,21,9,0,12,4,25,19,0,1,2,1,14,7,0,0,0,0,1,9,1,70,4,4,1,65,65,3,61,31,0,1,0,1,0,11,0,2,0,40,0,3,0,2,0,2,0,4,2,35.72304166666667,139.22342583333332,4,3,9999,0,9,0
1,30,881,78,2,0,1,30000,0,228,2023,6,28,10,45,12,4,27,19,1,1,1,1,13,7,0,0,0,0,3,3,1,70,5,4,1,75,45,4,61,31,0,1,0,1,0,11,0,3,0,40,0,4,0,2,0,2,0,4,2,35.73943944444444,139.22170222222223,4,3,9,0,9,0
1,30,882,152,2,0,1,30000,0,228,2023,6,2,17,45,12,4,26,18,52,3,2,2,1,1,9,22,0,0,18,9,30,70,1,2,1,55,65,4,61,31,0,1,0,2,0,11,0,3,0,50,0,3,0,2,0,2,0,4,2,35.73843166666667,139.30366111111113,6,3,9999,0,9,0
1,30,882,155,2,0,1,99000,0,228,2023,6,7,10,50,12,4,25,18,55,1,1,1,0,7,0,0,0,0,0,0,20,70,0,4,1,75,65,4,61,31,0,1,0,1,0,11,0,10,0,30,0,3,0,2,0,2,0,4,2,35.71983138888889,139.32259249999998,4,3,48,0,1,0
1,30,882,162,2,0,1,10740,0,228,2023,6,12,19,15,21,4,25,18,57,3,2,2,1,1,9,22,0,0,18,9,30,70,4,2,1,75,55,3,61,31,0,1,0,1,0,11,0,4,0,10,0,3,0,2,0,2,0,4,2,35.71976638888889,139.32358166666666,2,3,380,0,9,0
1,30,882,163,2,0,1,99000,0,218,2023,6,9,12,46,12,4,25,18,56,2,2,1,0,7,0,0,0,0,0,0,20,70,0,4,1,45,55,17,61,31,0,11,0,2,0,11,0,10,0,30,0,3,0,2,0,2,0,4,2,35.72927111111111,139.3423402777778,6,3,9999,0,9,0
1,30,882,165,2,0,1,30000,0,228,2023,6,14,8,0,12,4,25,18,58,2,1,1,7,7,0,0,0,0,2,9,1,70,5,4,1,45,75,3,61,31,0,1,0,1,0,11,0,10,0,70,0,3,0,2,0,2,0,4,2,35.72308888888889,139.31767583333334,4,3,9999,0,9,0
1,30,882,166,2,0,1,30000,0,228,2023,6,10,19,30,21,4,25,18,56,1,2,2,14,7,0,0,0,0,1,9,1,70,5,4,1,65,45,3,61,31,0,1,0,1,0,11,0,10,0,20,0,3,0,2,0,2,0,4,2,35.734245,139.29578972222222,7,3,9999,0,9,0
1,30,882,171,2,0,1,30000,0,303,2023,6,13,3,20,22,4,25,18,57,3,2,2,13,7,0,0,0,0,2,3,1,70,5,3,1,55,45,36,61,31,0,0,0,0,0,11,0,10,0,10,0,3,0,0,0,0,0,4,2,35.777971388888886,139.32581638888888,3,3,9999,0,9,0
1,30,882,173,2,0,1,30000,0,218,2023,5,23,12,20,12,4,31,18,45,3,1,2,14,7,0,0,0,0,1,9,1,70,5,3,1,55,25,13,61,31,0,11,0,1,0,11,0,2,0,30,0,3,0,2,0,2,0,4,2,35.720977222222224,139.33067944444443,3,3,9999,0,9,0
1,30,882,184,2,0,1,10550,0,218,2023,6,28,6,40,12,4,27,19,1,2,1,1,1,1,9,22,0,0,15,9,30,70,4,2,1,45,55,12,61,1,0,11,0,1,0,11,0,3,0,10,0,3,0,2,0,2,0,4,2,35.73643555555556,139.32825277777778,4,3,9999,0,1,0
1,30,883,252,1,1,0,10460,0,201,2023,6,29,20,20,22,4,28,19,1,3,1,2,1,1,9,22,0,0,17,9,30,70,4,1,1,55,75,4,61,31,0,1,0,1,0,11,0,3,0,10,0,2,0,2,0,2,0,4,1,35.67280777777778,139.31501555555556,5,3,9999,0,5,0
1,30,883,259,2,0,1,30000,0,201,2023,6,4,9,49,12,4,26,18,53,1,1,1,7,1,0,0,0,0,3,9,1,70,4,3,1,55,35,4,61,31,0,1,0,1,0,11,0,3,0,10,0,3,0,2,0,2,0,4,2,35.652031666666666,139.33822166666667,1,3,9999,0,9,0
1,30,883,264,2,0,1,30000,0,201,2023,6,9,11,13,12,4,25,18,56,2,1,1,1,7,9,22,0,0,11,9,30,70,4,3,1,55,75,4,61,31,0,1,0,1,0,11,0,2,0,10,0,2,0,2,0,2,0,4,2,35.669328888888884,139.33422222222222,6,3,9999,0,5,0
1,30,883,265,2,0,1,30000,0,201,2023,6,10,19,40,21,4,25,18,56,1,1,1,1,7,1,21,0,0,14,9,30,70,4,2,1,55,1,4,61,31,0,1,0,1,0,11,0,1,0,50,0,3,0,2,0,2,0,4,2,35.658182499999995,139.31432,7,3,9999,0,1,0
1,30,883,274,2,0,1,30000,0,201,2023,6,17,9,27,12,4,25,18,59,1,1,1,14,7,0,0,0,0,3,9,1,70,5,1,1,25,1,3,61,31,0,1,0,1,0,11,0,1,0,10,0,3,0,2,0,2,0,4,2,35.65206027777778,139.32887722222222,7,3,9999,0,1,0
1,30,883,279,2,0,1,30540,0,201,2023,6,21,19,55,21,4,25,19,0,1,1,1,1,7,1,21,0,0,11,9,30,70,5,1,1,45,55,13,61,31,0,11,0,1,0,11,0,5,0,20,0,3,0,2,0,2,0,4,2,35.65889416666666,139.3384613888889,4,3,9999,0,1,0
1,30,884,289,2,0,1,30000,0,209,2023,3,10,10,14,12,6,0,17,44,1,3,1,14,7,0,0,0,0,1,9,1,70,5,4,1,75,35,14,61,31,0,11,0,1,0,11,0,10,0,10,0,3,0,2,0,2,0,4,2,35.53742722222222,139.45537833333333,6,3,233,0,9,0
1,30,884,309,2,0,1,10570,0,209,2023,2,20,9,45,12,6,23,17,27,1,1,1,14,7,0,0,0,0,4,9,1,70,4,2,1,75,45,4,61,31,0,1,0,1,0,11,0,10,0,10,0,3,0,2,0,2,0,4,2,35.58882611111111,139.4588011111111,2,3,423,0,9,0
1,30,884,310,2,0,1,30560,0,209,2023,6,12,23,15,22,4,25,18,57,3,1,2,1,1,9,22,0,0,14,9,30,70,5,2,1,45,1,4,61,31,0,1,0,1,0,11,0,3,0,80,0,4,0,2,0,2,0,4,2,35.54987222222222,139.43397583333334,2,3,9999,0,1,0
1,30,884,314,2,0,1,30000,0,209,2023,6,13,17,0,12,4,25,18,57,2,1,1,1,7,9,22,0,0,11,9,30,70,4,4,1,1,1,3,61,31,0,1,0,1,0,11,0,2,0,40,0,3,0,2,0,2,0,4,2,35.57902833333333,139.40214583333335,3,3,9999,0,1,0
1,30,884,319,2,0,1,30000,0,209,2023,6,16,15,40,12,4,25,18,59,1,1,1,1,7,9,22,0,0,15,7,30,70,4,2,1,25,1,36,61,31,0,0,0,0,0,11,0,10,0,10,0,3,0,0,0,0,0,4,2,35.53137944444445,139.45707527777776,6,3,9999,0,5,0
1,30,884,323,2,0,1,30000,0,209,2023,6,1,19,20,21,4,27,18,51,2,1,1,14,7,0,0,0,0,3,9,1,70,5,2,1,45,25,51,61,41,0,0,0,0,0,0,0,0,0,10,0,3,0,0,0,0,0,4,2,35.54902861111111,139.4426752777778,5,3,0,0,0,0
1,30,884,327,2,0,1,30000,0,209,2023,6,19,19,20,21,4,25,19,0,2,1,1,13,7,0,0,0,0,3,3,1,70,4,3,1,55,1,4,61,31,0,1,0,1,0,11,0,2,0,40,0,3,0,2,0,2,0,4,2,35.539970555555556,139.4610772222222,2,3,9999,0,9,0
1,30,884,330,2,0,1,30000,0,209,2023,6,21,16,50,12,4,25,19,0,1,1,1,14,7,0,0,0,0,2,8,1,70,5,4,1,45,1,14,61,1,0,11,0,1,0,11,0,2,0,40,0,3,0,2,0,2,0,4,2,35.54964888888889,139.4652825,4,3,9999,0,9,0