資料区分,都道府県コード,警察署等コード,本票番号,事故内容,死者数,負傷者数,路線コード,地点コード,市区町村コード,発生日時　　年,発生日時　　月,発生日時　　日,発生日時　　時,発生日時　　分,昼夜,日の出時刻　　時,日の出時刻　　分,日の入り時刻　　時,日の入り時刻　　分,天候,地形,路面状態,道路形状,信号機,一時停止規制　標識（当事者A）,一時停止規制　表示（当事者A）,一時停止規制　標識（当事者B）,一時停止規制　表示（当事者B）,車道幅員,道路線形,衝突地点,ゾーン規制,中央分離帯施設等,歩車道区分,事故類型,年齢（当事者A）,年齢（当事者B）,当事者種別（当事者A）,当事者種別（当事者B）,用途別（当事者A）,用途別（当事者B）,車両形状等（当事者A）,車両形状等（当事者B）,オートマチック車（当事者A）,オートマチック車（当事者B）,サポカー（当事者A）,サポカー（当事者B）,速度規制（指定のみ）（当事者A）,速度規制（指定のみ）（当事者B）,車両の衝突部位（当事者A）,車両の衝突部位（当事者B）,車両の損壊程度（当事者A）,車両の損壊程度（当事者B）,エアバッグの装備（当事者A）,エアバッグの装備（当事者B）,サイドエアバッグの装備（当事者A）,サイドエアバッグの装備（当事者B）,人身損傷程度（当事者A）,人身損傷程度（当事者B）,lat,lon,曜日(発生年月日),祝日(発生年月日),認知機能検査経過日数（当事者A）,認知機能検査経過日数（当事者B）,運転練習の方法（当事者A）,運転練習の方法（当事者B）
1,30,884,334,2,0,1,10610,0,209,2023,6,6,10,50,12,4,25,18,54,1,1,1,14,7,0,0,0,0,3,9,1,70,4,2,1,35,1,35,61,31,0,0,0,0,0,11,0,3,0,40,0,3,0,0,0,0,0,4,2,35.5852625,139.49063888888887,3,3,9999,0,9,0
1,30,884,336,2,0,1,30000,0,209,2023,6,25,0,35,22,4,26,19,1,2,1,1,14,7,0,0,0,0,3,9,1,70,5,4,1,1,1,36,61,31,0,0,0,0,0,11,0,2,0,10,0,3,0,0,0,0,0,4,2,35.543859166666664,139.4435936111111,1,3,0,0,0,0
1,30,884,339,2,0,1,10610,0,209,2023,6,23,8,30,12,4,26,19,0,2,1,1,14,7,0,0,0,0,2,8,1,70,4,2,1,45,55,51,61,41,0,0,0,0,0,0,0,0,0,10,0,3,0,0,0,0,0,4,2,35.56661222222222,139.45342888888888,6,3,0,0,0,0
1,30,884,353,2,0,1,30000,0,209,2023,6,21,7,40,12,4,25,19,0,1,2,1,7,7,0,0,0,0,2,9,1,70,5,2,1,55,45,3,61,31,0,1,0,1,0,11,0,3,0,40,0,3,0,2,0,2,0,4,2,35.543480277777775,139.4472,4,3,9999,0,9,0
1,30,885,124,2,0,1,10510,0,212,2023,6,10,13,15,12,4,25,18,56,1,1,1,14,7,0,0,0,0,3,9,1,70,5,2,1,25,75,4,61,31,0,1,0,1,0,11,0,3,0,10,0,3,0,2,0,2,0,4,2,35.65976916666666,139.4134811111111,7,3,9999,0,1,0
1,30,885,125,2,0,1,30000,0,212,2023,6,13,8,37,12,4,25,18,57,1,1,1,14,7,0,0,0,0,3,9,1,70,5,4,1,45,75,51,61,41,0,0,0,0,0,0,0,0,0,10,0,3,0,0,0,0,0,4,2,35.66228666666667,139.38598222222222,3,3,0,0,0,0
1,30,885,133,2,0,1,20770,0,212,2023,6,11,21,2,22,4,25,18,57,3,2,2,1,1,9,22,0,0,17,9,30,70,4,2,1,55,35,3,61,31,0,1,0,1,0,11,0,3,0,10,0,3,0,2,0,2,0,4,2,35.66300777777778,139.40654055555555,1,3,9999,0,9,0
1,30,886,201,2,0,1,99000,0,207,2023,6,9,11,40,12,4,25,18,56,2,1,1,0,7,0,0,0,0,0,0,20,70,0,3,1,75,65,3,61,31,0,1,0,1,0,11,0,10,0,20,0,3,0,2,0,2,0,4,2,35.72005444444444,139.35231916666666,6,3,29,0,9,0
1,30,886,202,2,0,1,31050,0,207,2023,6,10,11,55,12,4,25,18,56,2,2,1,1,1,9,22,0,0,18,9,30,70,4,2,1,45,25,3,61,31,0,1,0,1,0,11,0,3,0,80,0,3,0,2,0,2,0,4,2,35.71382277777778,139.35067555555554,7,3,9999,0,9,0
1,30,886,214,2,0,1,20000,0,207,2023,6,18,16,30,12,4,25,18,59,1,2,1,14,1,0,0,0,0,2,9,1,1,5,3,1,45,45,3,61,31,0,1,0,1,0,11,0,2,0,40,0,4,0,2,0,2,0,4,2,35.711910833333334,139.36232416666667,1,3,9999,0,9,0
1,30,886,220,2,0,1,99000,0,207,2023,6,22,14,10,12,4,26,19,0,2,1,2,0,7,0,0,0,0,0,0,20,70,0,4,1,55,75,4,61,31,0,1,0,1,0,11,0,10,0,20,0,3,0,2,0,2,0,4,2,35.69810833333333,139.37575,5,3,9999,0,9,0
1,30,886,223,2,0,1,30000,0,207,2023,6,23,15,5,12,4,26,19,0,2,1,1,14,7,0,0,0,0,3,9,1,70,4,2,1,25,1,4,61,31,0,1,0,1,0,11,0,3,0,10,0,3,0,2,0,2,0,4,2,35.71792222222222,139.36642833333332,6,3,9999,0,1,0
1,30,886,229,2,0,1,10530,0,207,2023,6,23,6,9,12,4,26,19,0,1,1,1,14,7,0,0,0,0,3,9,1,70,4,1,1,75,0,61,0,0,0,0,0,0,0,0,0,0,0,0,0,0,0,0,0,0,0,2,0,35.70968333333334,139.3379927777778,6,3,0,0,0,0
1,30,887,282,2,0,1,30000,0,202,2023,6,8,15,29,12,4,25,18,55,2,1,1,14,7,0,0,0,0,2,9,1,70,5,3,1,45,1,1,61,31,0,1,0,1,0,11,0,2,0,20,0,4,0,2,0,2,0,4,2,35.69727916666666,139.39884972222222,5,3,9999,0,1,0
1,30,887,298,2,0,1,30000,0,202,2023,6,16,14,10,12,4,25,18,59,1,1,1,13,7,0,0,0,0,3,6,1,70,4,2,1,45,55,13,61,31,0,11,0,1,0,11,0,2,0,10,0,3,0,2,0,2,0,4,2,35.69861472222222,139.4145713888889,6,3,9999,0,1,0
1,30,887,315,2,0,1,30000,0,202,2023,6,24,16,0,12,4,26,19,1,1,1,1,14,7,0,0,0,0,4,9,1,70,1,2,1,25,1,51,61,41,0,0,0,0,0,0,0,0,0,10,0,3,0,0,0,0,0,4,2,35.70192111111111,139.40861805555556,7,3,0,0,0,0
1,30,887,318,2,0,1,30000,0,202,2023,6,25,21,28,22,4,26,19,1,1,1,1,1,1,9,22,0,0,15,9,30,70,4,2,1,55,55,3,61,31,0,1,0,1,0,11,0,3,0,10,0,3,0,2,0,2,0,4,2,35.72654444444445,139.40002472222224,1,3,9999,0,9,0
1,30,888,122,1,1,0,10750,0,206,2023,6,29,3,20,22,4,28,19,1,2,1,1,14,7,0,0,0,0,4,9,1,70,1,2,1,55,55,14,61,31,0,11,0,1,0,11,0,5,0,10,0,3,0,2,0,2,0,4,1,35.68743388888888,139.46662666666666,5,3,9999,0,9,0
1,30,888,127,2,0,1,30000,0,206,2023,6,6,20,37,22,4,25,18,54,3,1,2,1,1,9,22,0,0,15,9,30,70,5,2,1,55,45,3,61,31,0,1,0,1,0,11,0,2,0,10,0,3,0,2,0,2,0,4,2,35.6754725,139.47824722222222,3,3,9999,0,1,0
1,30,888,128,2,0,1,20890,0,206,2023,6,7,9,18,12,4,25,18,55,1,1,1,14,7,0,0,0,0,3,9,1,70,4,3,1,45,1,3,61,31,0,1,0,1,0,11,0,3,0,10,0,3,0,2,0,2,0,4,2,35.669288888888886,139.49958027777777,4,3,9999,0,1,0
1,30,888,129,2,0,1,30000,0,206,2023,6,7,13,30,12,4,25,18,55,1,1,1,1,7,9,22,0,0,11,9,30,1,5,4,1,75,1,3,61,31,0,1,0,1,0,11,0,2,0,40,0,3,0,2,0,2,0,4,2,35.66274972222222,139.47509694444446,4,3,659,0,9,0
1,30,888,132,2,0,1,10500,0,206,2023,6,10,16,30,12,4,25,18,56,1,1,1,1,1,9,22,0,0,15,9,30,70,4,2,1,75,1,3,61,31,0,1,0,1,0,11,0,3,0,10,0,3,0,2,0,2,0,4,2,35.66992555555555,139.4767061111111,7,3,191,0,9,0
1,30,889,159,2,0,1,30000,0,214,2023,6,9,8,10,12,4,25,18,56,3,1,2,14,7,0,0,0,0,1,9,1,70,5,3,1,55,35,3,61,31,0,1,0,1,0,11,0,2,0,40,0,3,0,2,0,2,0,4,2,35.70431638888889,139.4691977777778,6,3,9999,0,9,0
1,30,889,160,2,0,1,20880,0,210,2023,6,14,7,20,12,4,25,18,58,3,1,2,14,7,0,0,0,0,4,9,1,70,4,2,1,45,0,61,0,0,0,0,0,0,0,0,0,0,0,0,0,0,0,0,0,0,0,2,0,35.69519916666666,139.51582694444446,4,3,0,0,0,0
1,30,889,175,2,0,1,30000,0,210,2023,5,10,7,53,12,4,41,18,35,1,1,1,14,7,0,0,0,0,1,9,1,70,4,2,1,1,1,51,61,41,0,0,0,0,0,0,0,0,0,10,0,4,0,0,0,0,0,4,2,35.705644722222225,139.50923083333333,4,3,0,0,0,0
1,30,889,176,2,0,1,30000,0,214,2023,6,16,17,30,12,4,25,18,59,1,1,1,14,7,0,0,0,0,2,9,1,70,5,2,1,55,75,51,61,41,0,0,0,0,0,0,0,0,0,10,0,3,0,0,0,0,0,4,2,35.703964444444445,139.45806472222222,6,3,0,0,0,0
1,30,889,180,2,0,1,30000,0,210,2023,5,26,20,15,22,4,29,18,47,1,1,1,1,7,9,22,0,0,11,8,30,70,5,4,1,1,65,51,61,41,0,0,0,0,0,0,0,0,0,10,0,4,0,0,0,0,0,4,2,35.69866611111111,139.49616777777777,6,3,0,0,0,0
1,30,889,194,2,0,1,20820,0,214,2023,6,25,11,45,12,4,26,19,1,1,1,1,14,7,0,0,0,0,3,9,1,70,4,3,1,45,0,61,0,0,0,0,0,0,0,0,0,0,0,0,0,0,0,0,0,0,0,2,0,35.692633055555554,139.48093527777777,1,3,0,0,0,0
1,30,890,138,2,0,1,30000,0,222,2023,2,26,9,59,12,6,16,17,33,1,1,3,14,7,0,0,0,0,1,9,1,70,5,2,1,1,45,51,61,41,0,0,0,0,0,0,0,0,0,0,0,3,0,0,0,0,0,4,2,35.758201944444444,139.50987694444444,1,3,0,0,0,0
1,30,890,140,2,0,1,10250,0,229,2023,3,14,12,40,12,5,54,17,47,1,1,1,1,1,9,22,0,0,17,9,30,70,1,1,1,1,75,51,61,41,0,0,0,0,0,0,0,0,0,10,0,3,0,0,0,0,0,4,2,35.733938333333334,139.5309036111111,3,3,0,0,0,0
1,30,890,148,2,0,1,30000,0,229,2023,5,19,11,5,12,4,34,18,42,3,1,2,1,7,9,22,0,0,11,9,30,70,5,4,1,55,75,17,61,1,0,11,0,1,0,11,0,10,0,0,0,4,0,2,0,2,0,4,2,35.732875,139.53813,6,3,9999,0,9,0
1,30,890,162,2,0,1,10600,0,229,2023,6,12,18,9,13,4,25,18,57,2,1,2,1,1,9,22,0,0,14,9,30,70,4,3,1,55,55,13,61,31,0,11,0,1,0,11,0,3,0,10,0,3,0,2,0,2,0,4,2,35.725587222222224,139.54146333333333,2,3,9999,0,9,0
1,30,890,165,2,0,1,21220,0,229,2023,6,15,19,20,21,4,25,18,58,3,1,2,1,1,1,21,0,0,18,9,30,70,1,2,1,55,65,3,61,31,0,1,0,1,0,11,0,5,0,10,0,3,0,2,0,2,0,4,2,35.73454944444445,139.55719222222223,5,3,9999,0,9,0
1,30,890,170,2,0,1,10580,0,222,2023,6,18,17,10,12,4,25,18,59,1,1,1,1,7,9,22,0,0,14,9,30,70,1,2,1,55,1,4,61,31,0,1,0,1,0,11,0,3,0,20,0,3,0,2,0,2,0,4,2,35.749189722222226,139.51347638888888,1,3,9999,0,9,0
1,30,890,176,2,0,1,99000,0,222,2023,6,20,22,13,22,4,25,19,0,1,1,1,0,7,0,0,0,0,0,0,20,70,0,4,1,75,1,3,61,31,0,1,0,1,0,11,0,10,0,70,0,3,0,2,0,2,0,4,2,35.74957888888889,139.49618249999997,3,3,372,0,9,0
1,30,890,177,2,0,1,30000,0,222,2023,6,23,10,30,12,4,26,19,0,1,1,1,1,7,9,22,0,0,11,9,30,70,5,3,1,75,55,3,61,31,0,1,0,1,0,11,0,1,0,40,0,3,0,2,0,2,0,4,2,35.768909444444446,139.53891694444445,6,3,13,0,9,0
1,30,890,181,2,0,2,30000,0,229,2023,6,19,13,18,12,4,25,19,0,1,1,1,1,1,9,22,0,0,15,9,30,70,4,3,1,75,75,3,61,31,0,1,0,1,0,11,0,2,0,10,0,3,0,2,0,2,0,4,2,35.71846333333333,139.52748833333334,2,3,388,0,9,0
1,30,890,190,2,0,1,30000,0,222,2023,6,28,8,30,12,4,27,19,1,1,1,1,1,1,1,21,0,0,14,9,30,70,4,3,1,65,1,4,61,31,0,1,0,1,0,11,0,3,0,40,0,4,0,2,0,2,0,4,2,35.75070861111111,139.51065472222223,4,3,9999,0,1,0
1,30,890,191,2,0,1,20000,0,229,2023,6,28,21,0,22,4,27,19,1,2,1,2,14,7,0,0,0,0,1,9,1,70,4,1,1,1,55,51,61,41,0,0,0,0,0,0,0,0,0,10,0,3,0,0,0,0,0,4,2,35.73254222222222,139.54310194444443,4,3,0,0,0,0
1,30,890,194,2,0,1,30000,0,229,2023,4,23,16,40,12,4,59,18,20,1,1,1,14,7,0,0,0,0,4,9,1,70,5,2,1,55,1,51,61,41,0,0,0,0,0,0,0,0,0,10,0,3,0,0,0,0,0,4,2,35.74849527777778,139.56762138888888,1,3,0,0,0,0
1,30,891,173,1,1,0,10590,0,221,2023,6,1,1,21,22,4,27,18,51,1,1,1,1,7,9,22,0,0,15,9,30,70,5,2,1,65,65,12,61,1,0,11,0,2,0,11,0,3,0,80,0,3,0,2,0,2,0,4,1,35.78725722222222,139.54290777777777,5,3,9999,0,9,0
1,30,891,184,2,0,2,30000,0,213,2023,6,9,8,0,12,4,25,18,56,3,1,2,14,7,0,0,0,0,3,9,1,70,5,3,1,1,45,36,61,31,0,0,0,0,0,11,0,2,0,10,0,3,0,0,0,0,0,4,2,35.75909388888889,139.4686861111111,6,3,9999,0,1,0
1,30,891,207,2,0,1,10590,0,221,2023,6,28,16,20,12,4,27,19,1,1,1,1,14,7,0,0,0,0,3,9,1,70,4,2,1,35,1,3,61,31,0,1,0,1,0,11,0,3,0,10,0,3,0,2,0,2,0,4,2,35.78292916666667,139.53437027777778,4,3,9999,0,1,0
1,30,892,147,2,0,1,95000,0,203,2023,5,12,6,26,12,4,39,18,36,1,1,1,1,1,9,22,0,0,15,9,30,70,4,2,1,45,35,51,61,41,0,0,0,0,0,0,0,0,0,10,0,4,0,0,0,0,0,4,2,35.702891388888894,139.5773988888889,6,3,0,0,0,0
1,30,892,149,2,0,1,30000,0,203,2023,6,4,8,30,12,4,26,18,53,1,1,1,14,7,0,0,0,0,2,9,1,70,5,4,1,35,45,17,61,1,0,11,0,1,0,11,0,1,0,10,0,4,0,2,0,2,0,4,2,35.70615138888889,139.58103166666666,1,3,9999,0,1,0
1,30,892,152,2,0,2,10260,0,203,2023,6,8,1,0,22,4,25,18,55,1,1,1,1,7,9,22,0,0,17,9,30,70,4,2,1,35,25,31,61,31,0,0,0,0,0,11,0,3,0,10,0,3,0,0,0,0,0,2,2,35.70384111111112,139.5867352777778,5,3,9999,0,1,0
1,30,892,155,2,0,1,30000,0,203,2023,6,8,11,53,12,4,25,18,55,1,1,1,14,7,0,0,0,0,1,9,1,70,5,3,1,55,45,14,61,1,0,11,0,1,0,11,0,1,0,10,0,3,0,2,0,2,0,4,2,35.70272972222222,139.57908138888888,5,3,9999,0,9,0
1,30,892,159,2,0,1,10260,0,203,2023,6,15,14,50,12,4,25,18,58,3,1,2,14,7,0,0,0,0,4,9,1,70,4,2,1,45,55,51,61,41,0,0,0,0,0,0,0,0,0,10,0,3,0,0,0,0,0,4,2,35.70914416666667,139.57431777777776,5,3,0,0,0,0
1,30,892,167,2,0,1,30000,0,203,2023,6,2,16,35,12,4,26,18,52,3,1,2,14,7,0,0,0,0,3,9,1,70,4,2,1,35,45,3,61,1,0,1,0,1,0,11,0,10,0,50,0,4,0,2,0,2,0,4,2,35.70136305555556,139.54400166666667,6,3,9999,0,1,0
1,30,892,169,2,0,1,20270,0,203,2023,6,10,11,25,12,4,25,18,56,2,1,1,7,7,0,0,0,0,4,9,1,70,4,2,1,65,45,51,61,41,0,0,0,0,0,0,0,0,0,20,0,4,0,0,0,0,0,4,2,35.69840527777777,139.59008166666666,7,3,0,0,0,0
1,30,892,173,2,0,1,20270,0,203,2023,6,30,16,18,12,4,28,19,1,3,1,2,1,1,9,22,0,0,18,9,30,70,4,2,1,55,1,14,61,1,0,11,0,1,0,11,0,3,0,20,0,3,0,2,0,2,0,4,2,35.70188277777778,139.58036055555556,6,3,9999,0,9,0
1,30,893,137,2,0,1,30000,0,204,2023,6,16,16,15,12,4,25,18,59,1,1,1,1,7,9,22,0,0,15,9,30,70,4,2,1,45,1,36,61,31,0,0,0,0,0,11,0,2,0,10,0,3,0,0,0,0,0,4,2,35.68805277777778,139.5603363888889,6,3,9999,0,1,0
1,30,893,140,2,0,1,10270,0,204,2023,6,14,15,20,12,4,25,18,58,3,1,1,14,7,0,0,0,0,3,9,1,70,4,2,1,55,65,4,61,31,0,1,0,1,0,11,0,10,0,30,0,4,0,2,0,2,0,4,2,35.68368972222222,139.56026694444446,4,3,9999,0,1,0
1,30,893,144,2,0,1,10750,0,204,2023,6,20,18,30,13,4,25,19,0,1,1,1,14,7,0,0,0,0,2,9,1,70,1,1,1,1,55,51,61,41,0,0,0,0,0,0,0,0,0,10,0,3,0,0,0,0,0,4,2,35.68109027777778,139.57309666666666,3,3,0,0,0,0
1,30,894,225,2,0,1,30000,0,208,2022,12,2,19,25,22,6,33,16,28,1,1,1,14,7,0,0,0,0,1,9,1,70,5,3,1,25,0,61,0,0,0,0,0,0,0,0,0,0,0,0,0,0,0,0,0,0,0,2,0,35.65781722222222,139.57186833333333,6,3,0,0,0,0
1,30,894,228,2,0,1,30000,0,208,2023,6,4,11,20,12,4,26,18,53,1,1,1,14,7,0,0,0,0,3,9,1,70,4,3,1,45,1,52,61,41,0,0,0,0,0,0,0,0,0,10,0,3,0,0,0,0,0,4,2,35.65343055555555,139.59128583333333,1,3,0,0,0,0
1,30,894,254,2,0,1,30000,0,219,2023,6,23,12,55,12,4,26,19,0,2,1,1,14,7,0,0,0,0,2,9,1,70,5,4,1,65,65,51,61,41,0,0,0,0,0,0,0,0,0,10,0,3,0,0,0,0,0,2,4,35.63614222222222,139.58609472222224,6,3,0,0,0,0
1,30,894,255,2,0,1,30000,0,208,2023,6,23,9,0,12,4,26,19,0,1,1,1,1,1,9,22,0,0,11,9,30,70,4,2,1,45,65,11,61,31,0,11,0,2,0,11,0,2,0,20,0,3,0,2,0,2,0,4,2,35.643879166666665,139.53878277777778,6,3,9999,0,9,0
1,30,894,266,2,0,1,200,221,208,2023,6,19,13,30,12,4,25,19,0,1,1,1,14,7,0,0,0,0,4,9,1,70,4,2,1,45,55,14,61,1,0,11,0,1,0,11,0,3,0,40,0,4,0,2,0,2,0,4,2,35.65483611111111,139.56532,2,3,9999,0,1,0
1,30,895,78,2,0,1,30000,0,211,2023,6,6,12,40,12,4,25,18,54,1,1,1,14,7,0,0,0,0,2,9,1,70,5,3,1,75,1,3,61,31,0,1,0,1,0,11,0,2,0,40,0,4,0,2,0,2,0,4,2,35.72424166666667,139.4531147222222,3,3,67,0,4,0
1,30,895,81,2,0,1,30000,0,211,2023,6,12,9,10,12,4,25,18,57,3,1,2,1,7,9,22,0,0,11,9,30,70,5,2,1,55,75,3,61,31,0,1,0,1,0,11,0,2,0,50,0,3,0,2,0,2,0,4,2,35.726665000000004,139.5138188888889,2,3,9999,0,9,0
1,30,895,88,2,0,1,10560,0,211,2023,6,25,1,45,22,4,26,19,1,1,1,1,1,1,9,22,0,0,15,9,30,70,4,1,1,55,35,3,61,31,0,1,0,1,0,11,0,3,0,10,0,3,0,2,0,2,0,4,2,35.72851638888889,139.51160277777777,1,3,9999,0,9,0
1,30,100,77,2,0,1,30000,0,101,2023,7,4,8,28,12,4,30,19,1,1,1,1,14,7,0,0,0,0,2,9,1,70,4,2,1,45,55,51,61,41,0,0,0,0,0,0,0,0,0,10,0,3,0,0,0,0,0,4,2,35.68088083333333,139.73832694444442,3,3,0,0,0,0
1,30,100,84,2,0,1,30030,0,101,2023,7,17,15,10,12,4,37,18,57,1,1,1,14,7,0,0,0,0,4,8,1,1,4,2,1,45,1,51,61,41,0,0,0,0,0,0,0,0,0,10,0,4,0,0,0,0,0,4,2,35.69100472222222,139.74457166666664,2,1,0,0,0,0
1,30,101,70,2,0,1,10630,0,101,2023,6,8,13,30,12,4,25,18,55,1,1,1,1,1,9,22,0,0,15,9,30,70,1,2,1,65,65,13,61,31,0,11,0,1,0,11,0,4,0,80,0,3,0,2,0,2,0,4,2,35.67377083333333,139.75379555555557,5,3,9999,0,9,0
1,30,102,67,2,0,1,30000,0,101,2023,7,5,8,50,12,4,30,19,1,2,1,1,1,7,9,22,0,0,14,7,30,70,5,2,1,55,1,17,61,1,0,11,0,1,0,11,0,5,0,20,0,3,0,2,0,2,0,4,2,35.70110444444445,139.75842666666668,4,3,9999,0,9,0
1,30,102,68,2,0,1,30000,0,101,2023,7,12,12,30,12,4,34,18,59,1,1,1,1,7,9,22,0,0,17,9,30,1,4,1,1,65,25,3,61,31,0,1,0,1,0,11,0,2,0,50,0,4,0,2,0,2,0,4,2,35.69640416666666,139.75492972222222,4,3,9999,0,9,0
1,30,102,71,2,0,1,20090,0,101,2023,7,20,17,35,12,4,40,18,55,1,1,1,14,7,0,0,0,0,5,9,1,70,4,1,1,45,45,51,61,41,0,0,0,0,0,0,0,0,0,40,0,4,0,0,0,0,0,4,2,35.696347777777774,139.76767083333334,5,3,0,0,0,0
1,30,103,49,2,0,1,30000,0,101,2023,7,4,13,30,12,4,30,19,1,1,1,1,14,7,0,0,0,0,1,9,1,70,5,4,1,25,25,13,61,31,0,11,0,1,0,11,0,10,0,50,0,3,0,2,0,2,0,4,2,35.69394722222222,139.77312222222224,3,3,9999,0,1,0
1,30,103,53,2,0,1,30000,0,101,2023,7,29,4,6,23,4,46,18,49,1,1,1,14,7,0,0,0,0,2,9,1,1,5,3,1,55,35,17,61,31,0,11,0,1,0,11,0,2,0,80,0,3,0,2,0,2,0,4,2,35.700387222222226,139.7704277777778,7,3,9999,0,9,0
1,30,103,55,2,0,1,20070,0,101,2023,7,31,7,50,12,4,48,18,47,1,1,1,1,1,9,22,0,0,17,9,30,70,1,2,1,65,55,3,61,1,0,1,0,1,0,11,0,5,0,10,0,3,0,2,0,2,0,4,2,35.692523611111106,139.7713466666667,2,3,9999,0,9,0
1,30,103,56,2,0,1,30000,0,101,2023,7,24,16,10,12,4,42,18,52,1,1,1,14,7,0,0,0,0,3,9,1,70,5,4,1,65,55,17,61,1,0,11,0,1,0,11,0,10,0,10,0,3,0,2,0,2,0,4,2,35.70232805555556,139.77008805555556,2,3,9999,0,9,0
1,30,104,164,2,0,1,60,0,102,2023,7,11,16,50,12,4,34,18,59,1,1,1,1,1,9,22,0,0,19,9,30,70,5,2,1,65,65,3,61,1,0,1,0,1,0,11,0,3,0,80,0,3,0,2,0,2,0,4,2,35.69081472222222,139.7785738888889,3,3,9999,0,9,0
1,30,104,167,2,0,1,20000,0,102,2023,7,13,12,0,12,4,35,18,58,2,1,1,14,7,0,0,0,0,4,9,1,70,5,2,1,25,45,3,61,1,0,1,0,1,0,11,0,4,0,40,0,4,0,2,0,2,0,4,2,35.684930277777774,139.77783083333335,5,3,9999,0,1,0
1,30,104,170,2,0,1,10,1,102,2023,7,25,13,25,12,4,43,18,52,1,1,1,14,7,0,0,0,0,5,9,1,70,4,2,1,1,65,51,61,41,0,0,0,0,0,0,0,0,0,10,0,4,0,0,0,0,0,4,2,35.68337388888889,139.7740813888889,3,3,0,0,0,0
1,30,105,59,2,0,1,10060,0,102,2023,7,1,1,55,22,4,29,19,1,2,1,2,1,1,9,22,0,0,18,9,30,70,1,2,1,65,35,3,61,1,0,1,0,1,0,11,0,4,0,10,0,3,0,2,0,2,0,4,2,35.681688055555554,139.78114833333333,7,3,9999,0,9,0
1,30,105,67,2,0,1,30000,0,102,2023,7,25,23,16,22,4,43,18,52,1,1,1,14,7,0,0,0,0,3,9,1,70,5,3,1,35,25,3,61,1,0,1,0,1,0,11,0,10,0,40,0,3,0,2,0,2,0,4,2,35.69244861111111,139.78448694444444,3,3,9999,0,9,0
1,30,106,94,2,0,1,10060,0,102,2023,7,4,17,12,12,4,30,19,1,1,1,1,1,1,9,22,0,0,18,9,30,70,1,1,1,65,35,3,61,31,0,1,0,1,0,11,0,1,0,50,0,3,0,2,0,2,0,4,2,35.663872222222224,139.7675825,3,3,9999,0,1,0
1,30,106,102,2,0,1,30000,0,102,2023,7,22,21,10,22,4,41,18,54,1,1,1,7,7,0,0,0,0,3,9,1,70,5,2,1,55,55,3,61,1,0,1,0,1,0,11,0,5,0,40,0,3,0,2,0,2,0,4,2,35.6739725,139.77171972222223,7,3,9999,0,9,0
1,30,106,104,2,0,1,30000,0,102,2023,6,21,21,45,22,4,25,19,0,1,1,1,14,7,0,0,0,0,3,9,1,70,5,2,1,75,45,3,61,1,0,1,0,1,0,11,0,2,0,40,0,4,0,2,0,2,0,4,2,35.66960222222222,139.76515083333334,4,3,147,0,9,0
1,30,106,107,2,0,1,30000,0,102,2023,7,12,21,15,22,4,34,18,59,1,1,1,1,7,1,21,0,0,14,9,30,70,5,2,1,55,55,3,61,1,0,1,0,1,0,11,0,5,0,10,0,3,0,2,0,2,0,4,2,35.670808611111106,139.76320083333334,4,3,9999,0,1,0
1,30,107,72,2,0,1,30000,0,102,2023,7,4,17,13,12,4,30,19,1,1,1,1,12,7,0,0,0,0,2,8,1,70,1,2,1,75,25,51,61,41,0,0,0,0,0,0,0,0,0,20,0,3,0,0,0,0,0,2,4,35.661517499999995,139.78790583333333,3,3,0,0,0,0
1,30,107,74,2,0,1,20680,0,102,2023,7,3,10,15,12,4,29,19,1,1,1,1,14,7,0,0,0,0,3,9,1,70,5,2,1,45,65,51,61,41,0,0,0,0,0,0,0,0,0,10,0,3,0,0,0,0,0,4,2,35.66080972222222,139.7800188888889,2,3,0,0,0,0
1,30,107,83,2,0,1,20680,0,102,2023,7,12,8,50,12,4,34,18,59,1,1,1,7,1,0,0,0,0,2,9,1,70,1,2,1,35,0,61,0,0,0,0,0,0,0,0,0,0,0,0,0,0,0,0,0,0,0,2,0,35.65954027777778,139.7776977777778,4,3,0,0,0,0
1,30,107,84,2,0,1,99000,0,102,2023,6,15,21,33,22,4,25,18,58,3,1,2,0,7,0,0,0,0,0,0,20,70,0,2,1,45,45,51,61,41,0,0,0,0,0,0,0,0,0,20,0,3,0,0,0,0,0,4,2,35.657089166666665,139.77195277777778,5,3,0,0,0,0
1,30,107,86,2,0,1,10020,0,102,2023,7,25,10,0,12,4,43,18,52,1,1,1,14,7,0,0,0,0,5,9,1,70,1,2,1,35,75,51,61,41,0,0,0,0,0,0,0,0,0,10,0,3,0,0,0,0,0,4,2,35.6596425,139.77717944444447,3,3,0,0,0,0
1,30,107,89,2,0,1,30000,0,102,2023,7,31,19,4,21,4,48,18,47,1,1,1,7,1,0,0,0,0,3,9,1,70,4,2,1,65,65,3,61,1,0,1,0,1,0,11,0,2,0,10,0,4,0,2,0,2,0,4,2,35.66643583333333,139.7852922222222,2,3,9999,0,9,0
1,30,108,125,2,0,1,20000,0,103,2023,7,13,15,3,12,4,35,18,58,2,1,1,14,7,0,0,0,0,2,9,1,70,4,2,1,25,55,51,61,41,0,0,0,0,0,0,0,0,0,10,0,4,0,0,0,0,0,4,2,35.65707222222222,139.75228166666668,5,3,0,0,0,0