資料区分,都道府県コード,警察署等コード,本票番号,事故内容,死者数,負傷者数,路線コード,地点コード,市区町村コード,発生日時　　年,発生日時　　月,発生日時　　日,発生日時　　時,発生日時　　分,昼夜,日の出時刻　　時,日の出時刻　　分,日の入り時刻　　時,日の入り時刻　　分,天候,地形,路面状態,道路形状,信号機,一時停止規制　標識（当事者A）,一時停止規制　表示（当事者A）,一時停止規制　標識（当事者B）,一時停止規制　表示（当事者B）,車道幅員,道路線形,衝突地点,ゾーン規制,中央分離帯施設等,歩車道区分,事故類型,年齢（当事者A）,年齢（当事者B）,当事者種別（当事者A）,当事者種別（当事者B）,用途別（当事者A）,用途別（当事者B）,車両形状等（当事者A）,車両形状等（当事者B）,オートマチック車（当事者A）,オートマチック車（当事者B）,サポカー（当事者A）,サポカー（当事者B）,速度規制（指定のみ）（当事者A）,速度規制（指定のみ）（当事者B）,車両の衝突部位（当事者A）,車両の衝突部位（当事者B）,車両の損壊程度（当事者A）,車両の損壊程度（当事者B）,エアバッグの装備（当事者A）,エアバッグの装備（当事者B）,サイドエアバッグの装備（当事者A）,サイドエアバッグの装備（当事者B）,人身損傷程度（当事者A）,人身損傷程度（当事者B）,lat,lon,曜日(発生年月日),祝日(発生年月日),認知機能検査経過日数（当事者A）,認知機能検査経過日数（当事者B）,運転練習の方法（当事者A）,運転練習の方法（当事者B）
1,30,108,126,2,0,1,30000,0,103,2023,6,13,8,5,12,4,25,18,57,2,1,1,14,7,0,0,0,0,2,9,1,70,5,3,1,75,65,3,61,31,0,1,0,1,0,11,0,1,0,10,0,4,0,2,0,2,0,4,2,35.65788083333333,139.75429555555556,3,3,398,0,9,0
1,30,108,131,2,0,1,30000,0,103,2023,7,20,20,18,22,4,40,18,55,1,1,1,1,7,8,22,0,0,11,9,30,70,5,4,1,65,35,3,61,1,0,1,0,1,0,11,0,5,0,70,0,3,0,2,0,2,0,4,2,35.66528611111111,139.75721972222223,5,3,9999,0,9,0
1,30,108,137,2,0,1,30000,0,103,2023,7,31,11,15,12,4,48,18,47,1,1,1,1,7,9,22,0,0,15,9,30,1,4,2,1,65,75,14,61,1,0,11,0,1,0,11,0,2,0,10,0,3,0,2,0,2,0,4,2,35.663155277777776,139.7552711111111,2,3,9999,0,9,0
1,30,110,68,2,0,1,150,0,103,2023,7,21,3,13,22,4,40,18,54,1,1,1,7,7,0,0,0,0,5,9,1,70,1,2,1,65,55,3,61,1,0,1,0,1,0,11,0,10,0,10,0,2,0,2,0,2,0,4,2,35.629995,139.7376122222222,6,3,9999,0,9,0
1,30,111,158,2,0,1,30000,0,103,2023,7,1,9,40,12,4,29,19,1,3,1,2,1,7,7,21,0,0,15,9,30,1,4,2,1,55,35,13,61,31,0,11,0,1,0,11,0,2,0,10,0,4,0,2,0,2,0,4,2,35.655227777777775,139.7347783333333,7,3,9999,0,9,0
1,30,111,171,2,0,1,20140,0,103,2023,7,22,22,50,22,4,41,18,54,1,1,1,1,1,9,22,0,0,18,9,30,70,1,2,1,55,45,13,61,31,0,11,0,1,0,11,0,5,0,40,0,4,0,2,0,2,0,4,2,35.652499166666665,139.736755,7,3,9999,0,1,0
1,30,112,162,2,0,1,20150,0,103,2023,6,28,13,27,12,4,27,19,1,1,1,1,1,1,9,22,0,0,14,9,30,70,4,2,1,1,1,36,61,31,0,0,0,0,0,11,0,2,0,10,0,3,0,0,0,0,0,4,2,35.668947777777774,139.73191222222223,4,3,9999,0,1,0
1,30,112,167,2,0,1,30000,0,103,2023,7,10,10,10,12,4,33,18,59,1,1,1,14,7,0,0,0,0,3,7,1,1,5,4,1,25,45,59,61,0,0,0,0,0,0,0,0,0,0,10,0,4,0,0,0,0,0,4,2,35.67733166666667,139.73590555555555,2,3,0,0,0,0
1,30,112,168,2,0,1,30000,0,103,2023,6,29,22,47,22,4,28,19,1,1,1,1,7,7,0,0,0,0,2,9,1,70,5,4,1,45,55,4,61,31,0,1,0,1,0,11,0,5,0,40,0,4,0,2,0,2,0,4,2,35.67466833333333,139.73703777777777,5,3,9999,0,5,0
1,30,112,173,2,0,1,30000,0,103,2023,7,20,12,8,12,4,40,18,55,1,1,1,1,7,9,22,0,0,14,9,30,70,5,2,1,1,25,51,61,41,0,0,0,0,0,0,0,0,0,10,0,3,0,0,0,0,0,4,2,35.66504972222222,139.71573555555554,5,3,0,0,0,0
1,30,112,174,2,0,1,2460,25,103,2023,7,20,15,50,12,4,40,18,55,1,1,1,14,7,0,0,0,0,6,9,1,70,1,2,1,65,55,3,61,1,0,1,0,1,0,11,0,5,0,10,0,3,0,2,0,2,0,4,2,35.67167305555555,139.7203575,5,3,9999,0,9,0
1,30,112,177,2,0,1,20150,0,103,2023,7,21,21,25,22,4,40,18,54,1,1,1,1,1,9,22,0,0,18,9,30,70,4,1,1,45,35,13,61,31,0,11,0,1,0,11,0,3,0,10,0,3,0,2,0,2,0,4,2,35.66896222222222,139.73190666666667,6,3,9999,0,5,0
1,30,112,178,2,0,1,30000,0,103,2023,7,22,10,30,12,4,41,18,54,1,1,1,14,7,0,0,0,0,2,9,1,70,5,4,1,45,1,3,61,1,0,1,0,1,0,11,0,5,0,80,0,3,0,2,0,2,0,4,2,35.675086111111106,139.73405333333332,7,3,9999,0,1,0
1,30,112,182,2,0,1,20150,0,103,2023,7,28,16,12,12,4,45,18,49,1,1,1,1,7,9,22,0,0,14,9,30,70,4,2,1,45,1,3,61,31,0,1,0,1,0,11,0,3,0,10,0,3,0,2,0,2,0,4,2,35.67315444444444,139.73827916666664,6,3,9999,0,1,0
1,30,112,184,2,0,1,30000,0,103,2023,7,4,18,30,13,4,30,19,1,1,1,1,1,7,9,22,0,0,11,9,30,70,5,4,1,45,35,3,61,1,0,1,0,1,0,11,0,2,0,10,0,3,0,2,0,2,0,4,2,35.676431388888886,139.73635194444444,3,3,9999,0,1,0
1,30,112,185,2,0,1,30000,0,103,2023,7,21,11,25,12,4,40,18,54,1,1,1,14,7,0,0,0,0,2,9,1,70,5,3,1,65,35,3,61,1,0,1,0,1,0,11,0,2,0,10,0,3,0,2,0,2,0,4,2,35.675014166666664,139.73697444444443,6,3,9999,0,9,0
1,30,113,157,2,0,1,85010,0,109,2023,7,7,20,25,22,4,31,19,0,1,1,1,14,7,0,0,0,0,3,9,1,70,1,2,1,45,35,13,61,1,0,11,0,1,0,11,0,10,0,10,0,3,0,2,0,2,0,4,2,35.597411111111114,139.7664975,6,3,9999,0,1,0
1,30,113,172,2,0,1,30000,0,108,2023,7,20,15,58,12,4,40,18,55,1,1,1,1,7,1,21,0,0,15,9,30,70,4,1,1,45,35,3,61,1,0,1,0,1,0,11,0,10,0,30,0,3,0,2,0,2,0,4,2,35.64351222222222,139.81676055555556,5,3,9999,0,5,0
1,30,215,91,2,0,1,20000,0,109,2023,7,6,12,35,12,4,31,19,0,1,1,1,1,7,9,22,0,0,14,9,30,70,4,2,1,65,1,14,61,1,0,11,0,2,0,11,0,3,0,40,0,3,0,2,0,2,0,4,2,35.61117027777778,139.74631166666666,5,3,9999,0,9,0
1,30,215,92,2,0,1,150,81,109,2023,7,7,20,49,22,4,31,19,0,1,1,1,14,7,0,0,0,0,1,9,1,70,1,1,1,45,35,3,61,31,0,1,0,1,0,11,0,4,0,80,0,4,0,2,0,2,0,4,2,35.62194777777778,139.7388486111111,6,3,9999,0,1,0
1,30,215,93,2,0,1,10160,0,109,2023,7,10,7,30,12,4,33,18,59,1,1,1,14,7,0,0,0,0,4,9,1,70,5,2,1,35,35,32,61,31,0,0,0,0,0,11,0,2,0,10,0,3,0,0,0,0,0,4,2,35.61691361111111,139.74014555555553,2,3,9999,0,1,0
1,30,215,94,2,0,1,30000,0,109,2023,7,11,8,0,12,4,34,18,59,1,1,1,14,1,0,0,0,0,4,8,1,70,4,1,1,1,0,61,0,0,0,0,0,0,0,0,0,0,0,0,0,0,0,0,0,0,0,2,0,35.60910166666667,139.7381561111111,3,3,0,0,0,0
1,30,215,98,2,0,1,30000,0,109,2023,7,15,17,35,12,4,36,18,57,2,1,1,14,7,0,0,0,0,2,9,1,1,5,3,1,65,1,3,61,31,0,1,0,1,0,11,0,2,0,20,0,3,0,2,0,2,0,4,2,35.620468611111114,139.73734166666665,7,3,9999,0,9,0
1,30,215,103,2,0,1,30000,0,109,2023,7,27,1,36,22,4,45,18,50,1,1,1,14,7,0,0,0,0,3,9,1,70,5,2,1,45,1,3,61,31,0,1,0,1,0,11,0,2,0,10,0,3,0,2,0,2,0,4,2,35.61318583333333,139.7440533333333,5,3,9999,0,5,0
1,30,215,104,2,0,1,30000,0,109,2023,6,4,18,13,13,4,26,18,53,1,1,1,14,7,0,0,0,0,2,9,1,70,5,3,1,55,1,3,61,31,0,1,0,1,0,11,0,1,0,40,0,4,0,2,0,2,0,4,2,35.61363722222222,139.72841305555556,1,3,9999,0,9,0
1,30,215,108,2,0,1,10070,0,109,2023,7,31,20,30,22,4,48,18,47,1,1,1,1,1,9,22,0,0,18,9,30,70,1,1,1,55,65,3,61,1,0,1,0,1,0,11,0,4,0,20,0,4,0,2,0,2,0,4,2,35.61564916666667,139.74774527777777,2,3,9999,0,9,0
1,30,216,146,2,0,1,30000,0,109,2023,7,23,16,5,12,4,42,18,53,1,1,1,7,7,0,0,0,0,1,9,1,70,5,3,1,55,25,3,61,31,0,1,0,1,0,11,0,2,0,20,0,3,0,2,0,2,0,4,2,35.60271388888889,139.73262416666668,1,3,9999,0,9,0
1,30,217,117,2,0,1,30000,0,109,2023,7,1,16,13,12,4,29,19,1,2,1,1,1,7,1,22,0,0,15,9,30,70,4,3,1,25,1,3,61,1,0,1,0,1,0,11,0,2,0,50,0,3,0,2,0,2,0,4,2,35.62977,139.7255111111111,7,3,9999,0,1,0
1,30,217,121,2,0,1,10,98,109,2023,7,7,17,28,12,4,31,19,0,1,1,1,14,7,0,0,0,0,6,9,1,70,1,1,1,35,1,51,61,41,0,0,0,0,0,0,0,0,0,10,0,3,0,0,0,0,0,4,2,35.627364444444446,139.7243263888889,6,3,0,0,0,0
1,30,218,105,2,0,1,30000,0,109,2023,5,9,7,38,12,4,42,18,34,1,1,1,1,1,9,21,0,0,14,9,30,70,4,2,1,35,25,13,61,31,0,11,0,1,0,11,0,3,0,50,0,3,0,2,0,2,0,4,2,35.62225611111111,139.7036858333333,3,3,9999,0,1,0
1,30,218,106,2,0,1,30000,0,109,2023,5,26,14,15,12,4,29,18,47,1,1,1,14,7,0,0,0,0,3,9,1,70,5,3,1,45,75,59,61,0,0,0,0,0,0,0,0,0,0,10,0,4,0,0,0,0,0,4,2,35.60351638888889,139.7077675,6,3,0,0,0,0
1,30,218,107,2,0,1,10,124,109,2023,6,2,4,40,11,4,26,18,52,1,1,2,1,1,9,22,0,0,17,9,30,70,4,1,1,65,45,13,61,31,0,11,0,1,0,11,0,5,0,50,0,3,0,2,0,2,0,4,2,35.60598805555556,139.7137525,6,3,9999,0,9,0
1,30,218,124,2,0,1,30000,0,109,2023,5,9,12,55,12,4,42,18,34,1,1,1,14,7,0,0,0,0,1,9,1,70,5,3,1,75,1,3,61,31,0,1,0,1,0,11,0,2,0,10,0,3,0,2,0,2,0,4,2,35.6055425,139.7037886111111,3,3,553,0,9,0
1,30,219,244,2,0,1,30000,0,111,2023,6,28,7,5,12,4,27,19,1,1,1,1,14,7,0,0,0,0,2,9,1,70,5,3,1,45,45,36,61,31,0,0,0,0,0,11,0,2,0,10,0,3,0,0,0,0,0,4,2,35.57929638888889,139.71988277777777,4,3,9999,0,1,0
1,30,219,259,2,0,1,30000,0,111,2023,7,23,17,25,12,4,42,18,53,1,1,1,1,7,9,22,0,0,14,9,30,70,5,3,1,65,45,51,61,41,0,0,0,0,0,0,0,0,0,40,0,4,0,0,0,0,0,4,2,35.58801833333334,139.7287738888889,1,3,0,0,0,0
1,30,220,129,2,0,1,30000,0,111,2023,7,6,8,25,12,4,31,19,0,1,1,1,14,7,0,0,0,0,3,9,1,70,4,3,1,25,75,3,61,31,0,1,0,1,0,11,0,2,0,40,0,3,0,2,0,2,0,4,2,35.59549694444445,139.7031061111111,5,3,9999,0,1,0
1,30,220,131,2,0,1,30000,0,111,2023,7,7,12,45,12,4,31,19,0,1,1,1,1,7,1,21,0,0,11,8,30,70,5,3,1,35,75,3,61,31,0,1,0,1,0,11,0,2,0,20,0,4,0,2,0,2,0,4,2,35.60568138888889,139.6907613888889,6,3,9999,0,5,0
1,30,220,135,2,0,1,10170,0,111,2023,6,12,10,35,12,4,25,18,57,3,1,1,1,1,9,22,0,0,15,9,30,70,1,2,1,45,25,17,61,1,0,11,0,2,0,11,0,4,0,80,0,3,0,2,0,2,0,4,2,35.60334833333334,139.69711583333333,2,3,9999,0,9,0
1,30,220,139,2,0,1,10170,0,111,2023,7,18,19,23,21,4,38,18,56,1,1,1,1,1,9,22,0,0,17,9,30,70,3,1,1,35,55,51,61,41,0,0,0,0,0,0,0,0,0,10,0,3,0,0,0,0,0,4,2,35.60010583333334,139.69135472222223,3,3,0,0,0,0
1,30,222,174,2,0,1,30000,0,111,2023,7,7,8,10,12,4,31,19,0,1,1,1,1,1,9,22,0,0,17,9,30,70,5,2,1,25,1,51,61,41,0,0,0,0,0,0,0,0,0,10,0,3,0,0,0,0,0,4,2,35.58513361111111,139.70636416666665,6,3,0,0,0,0
1,30,222,176,2,0,1,30000,0,111,2023,7,7,19,40,21,4,31,19,0,1,1,1,13,7,0,0,0,0,1,4,1,70,4,1,1,25,65,51,61,41,0,0,0,0,0,0,0,0,0,10,0,3,0,0,0,0,0,4,2,35.59598944444445,139.7122986111111,6,3,0,0,0,0
1,30,222,179,2,0,1,30000,0,111,2023,7,12,13,15,12,4,34,18,59,1,1,1,7,7,0,0,0,0,2,9,1,70,5,4,1,75,45,3,61,31,0,1,0,1,0,11,0,5,0,80,0,3,0,2,0,2,0,4,2,35.57814694444445,139.70620305555553,4,3,309,0,9,0
1,30,222,180,2,0,1,30000,0,111,2023,7,12,13,42,12,4,34,18,59,1,1,1,1,1,9,22,0,0,15,9,30,1,5,3,1,45,1,4,61,31,0,1,0,1,0,11,0,2,0,80,0,3,0,2,0,2,0,4,2,35.58462222222222,139.71090555555554,4,3,9999,0,1,0
1,30,222,186,2,0,1,30000,0,111,2023,7,13,15,0,12,4,35,18,58,1,1,1,14,7,0,0,0,0,3,9,1,70,5,3,1,75,55,3,61,31,0,1,0,1,0,11,0,2,0,40,0,4,0,2,0,2,0,4,2,35.580472500000006,139.70821916666665,5,3,610,0,9,0
1,30,222,188,2,0,1,30000,0,111,2023,7,18,15,20,12,4,38,18,56,1,1,1,14,7,0,0,0,0,3,9,1,70,5,3,1,45,1,3,61,31,0,1,0,1,0,11,0,2,0,40,0,3,0,2,0,2,0,4,2,35.567711111111116,139.70137777777776,3,3,9999,0,9,0
1,30,222,192,2,0,1,30000,0,111,2023,7,20,17,5,12,4,40,18,55,1,1,1,1,7,1,21,0,0,17,9,30,70,5,3,1,35,65,51,61,41,0,0,0,0,0,0,0,0,0,0,0,3,0,0,0,0,0,4,2,35.58992611111111,139.71466666666666,5,3,0,0,0,0
1,30,222,203,2,0,1,30000,0,111,2023,7,28,8,29,12,4,45,18,49,1,1,1,14,7,0,0,0,0,3,9,1,70,4,2,1,1,35,51,61,41,0,0,0,0,0,0,0,0,0,10,0,3,0,0,0,0,0,4,2,35.574047500000006,139.70522166666666,6,3,0,0,0,0
1,30,325,129,2,0,1,10210,0,112,2023,5,14,22,8,22,4,37,18,38,3,1,2,14,7,0,0,0,0,2,9,1,70,5,4,1,45,75,4,61,31,0,1,0,1,0,11,0,3,0,10,0,3,0,2,0,2,0,4,2,35.642355555555554,139.65385444444445,1,3,9999,0,1,0
1,30,325,132,2,0,1,30000,0,112,2023,7,2,10,24,12,4,29,19,1,1,1,1,1,1,9,22,0,0,15,9,30,70,4,2,1,45,1,3,61,31,0,1,0,1,0,11,0,3,0,10,0,3,0,2,0,2,0,4,2,35.632623333333335,139.671585,1,3,9999,0,9,0
1,30,325,136,2,0,1,21020,0,112,2023,7,10,9,10,12,4,33,18,59,1,1,1,1,1,9,22,0,0,15,9,30,70,5,1,1,55,75,14,61,1,0,11,0,1,0,11,0,3,0,50,0,3,0,2,0,2,0,4,2,35.64090861111111,139.6817747222222,2,3,9999,0,9,0
1,30,325,139,2,0,1,30000,0,112,2023,5,8,15,49,12,4,43,18,33,2,1,1,7,1,0,0,0,0,3,9,1,70,4,2,1,75,35,3,61,1,0,1,0,1,0,11,0,2,0,10,0,3,0,2,0,2,0,4,2,35.6333025,139.6610175,2,3,146,0,9,0
1,30,326,212,2,0,1,30000,0,112,2023,7,6,17,55,12,4,31,19,0,1,1,1,14,7,0,0,0,0,2,9,1,70,5,4,1,55,25,3,61,31,0,1,0,1,0,11,0,10,0,10,0,3,0,2,0,2,0,4,2,35.668656388888884,139.64913833333333,5,3,9999,0,9,0
1,30,326,216,2,0,1,10130,0,112,2023,7,5,20,38,22,4,30,19,1,3,1,2,1,1,9,22,0,0,18,9,30,70,1,1,1,55,25,3,61,1,0,1,0,1,0,11,0,4,0,50,0,3,0,2,0,2,0,4,2,35.654780277777775,139.66001861111113,4,3,9999,0,9,0
1,30,326,219,2,0,1,30000,0,112,2023,7,10,14,25,12,4,33,18,59,1,1,1,14,7,0,0,0,0,3,9,1,70,5,3,1,1,0,61,0,0,0,0,0,0,0,0,0,0,0,0,0,0,0,0,0,0,0,2,0,35.65795444444444,139.66171583333335,2,3,0,0,0,0
1,30,326,225,2,0,1,10130,0,112,2023,7,21,4,25,23,4,40,18,54,1,1,1,1,1,8,22,0,0,19,9,30,70,1,2,1,45,1,3,61,31,0,1,0,1,0,11,0,4,0,10,0,3,0,2,0,2,0,4,2,35.669244444444445,139.66137944444446,6,3,9999,0,9,0
1,30,326,226,2,0,1,30000,0,112,2023,6,19,20,50,22,4,25,19,0,1,1,1,14,7,0,0,0,0,1,9,1,70,5,3,1,65,35,4,61,31,0,1,0,1,0,11,0,10,0,20,0,4,0,2,0,2,0,4,2,35.65275277777778,139.64686416666666,2,3,9999,0,9,0
1,30,326,228,2,0,1,30000,0,112,2023,7,23,2,25,22,4,42,18,53,1,1,1,7,7,0,0,0,0,2,9,1,70,5,3,1,65,1,3,61,31,0,1,0,1,0,11,0,2,0,20,0,4,0,2,0,2,0,4,2,35.66001166666666,139.6679536111111,1,3,9999,0,9,0
1,30,326,231,2,0,1,30000,0,112,2023,7,25,16,5,12,4,43,18,52,1,1,1,1,7,1,21,0,0,11,9,30,70,5,4,1,75,75,3,61,31,0,1,0,1,0,11,0,10,0,80,0,3,0,2,0,2,0,4,2,35.65043,139.63777194444444,3,3,9999,0,1,0
1,30,326,233,2,0,1,30000,0,112,2023,7,21,6,20,12,4,40,18,54,1,1,1,14,7,0,0,0,0,2,9,1,70,5,3,1,75,45,3,61,31,0,1,0,1,0,11,0,2,0,40,0,3,0,2,0,2,0,4,2,35.66845472222222,139.65250777777777,6,3,1019,0,1,0
1,30,326,235,2,0,1,20260,0,112,2023,7,27,16,12,12,4,45,18,50,1,1,1,1,1,0,0,0,0,14,9,30,70,5,3,1,35,0,61,0,0,0,0,0,0,0,0,0,0,0,0,0,0,0,0,0,0,0,2,0,35.65045361111111,139.66513361111112,5,3,0,0,0,0
1,30,327,257,2,0,1,10200,0,112,2023,5,27,17,40,12,4,29,18,48,1,1,1,14,7,0,0,0,0,5,9,1,70,1,2,1,1,25,14,61,31,0,11,0,1,0,11,0,5,0,20,0,3,0,2,0,2,0,4,2,35.60360277777778,139.6524638888889,7,3,9999,0,5,0
1,30,327,258,2,0,1,2460,125,112,2023,5,28,23,20,22,4,28,18,48,2,1,1,1,1,9,22,0,0,19,9,30,70,1,1,1,25,35,3,61,31,0,1,0,1,0,11,0,5,0,10,0,3,0,2,0,2,0,4,2,35.62135888888889,139.63144666666668,1,3,9999,0,9,0
1,30,327,259,2,0,1,10200,0,112,2023,6,1,1,48,22,4,27,18,51,2,1,1,1,7,9,22,0,0,15,9,30,70,1,1,1,35,25,4,61,31,0,1,0,1,0,11,0,10,0,40,0,4,0,2,0,2,0,4,2,35.622012777777776,139.62989666666667,5,3,9999,0,1,0
1,30,327,263,2,0,1,10190,0,112,2023,6,27,6,55,12,4,27,19,1,1,1,1,14,2,0,0,0,0,3,9,1,70,5,1,1,25,1,4,61,31,0,1,0,1,0,11,0,5,0,10,0,3,0,2,0,2,0,4,2,35.604593055555554,139.6364175,3,3,9999,0,1,0
1,30,327,271,2,0,1,30000,0,112,2023,7,7,6,50,12,4,31,19,0,1,1,1,7,7,0,0,0,0,2,9,1,70,5,3,1,55,35,51,61,41,0,0,0,0,0,0,0,0,0,10,0,3,0,0,0,0,0,4,2,35.61507666666667,139.64226277777777,6,3,0,0,0,0
1,30,327,278,2,0,1,30000,0,112,2023,7,14,13,40,12,4,36,18,58,1,1,1,14,1,0,0,0,0,2,9,1,70,5,3,1,55,1,3,61,31,0,1,0,1,0,11,0,2,0,40,0,4,0,2,0,2,0,4,2,35.6247025,139.64660305555554,6,3,9999,0,9,0
1,30,327,285,2,0,1,30000,0,112,2023,7,18,7,45,12,4,38,18,56,1,1,1,1,7,9,22,0,0,15,9,30,70,4,1,1,55,1,3,61,31,0,1,0,1,0,11,0,3,0,10,0,4,0,2,0,2,0,4,2,35.60133166666667,139.66471472222221,3,3,9999,0,1,0
1,30,327,288,2,0,1,10190,0,112,2023,7,19,23,0,22,4,39,18,55,1,1,1,14,7,0,0,0,0,3,9,1,70,4,2,1,35,35,11,61,1,0,11,0,1,0,11,0,5,0,10,0,3,0,2,0,2,0,4,2,35.60576277777778,139.63480055555556,4,3,9999,0,5,0
1,30,327,296,2,0,1,99000,0,112,2023,7,26,15,30,12,4,44,18,51,1,1,1,0,7,0,0,0,0,0,0,20,70,0,4,1,65,65,3,61,31,0,1,0,1,0,11,0,10,0,40,0,4,0,2,0,2,0,4,2,35.631592777777776,139.64631388888887,4,3,9999,0,9,0
1,30,327,299,2,0,1,30000,0,112,2023,7,31,19,0,21,4,48,18,47,1,1,1,1,7,1,21,0,0,15,9,30,70,5,2,1,25,35,51,61,41,0,0,0,0,0,0,0,0,0,0,0,4,0,0,0,0,0,4,2,35.61933444444445,139.6626736111111,2,3,0,0,0,0
1,30,328,242,1,1,0,99000,0,112,2023,7,25,10,59,12,4,43,18,52,1,1,1,0,7,0,0,0,0,0,0,20,70,0,4,1,45,65,17,61,31,0,11,0,1,0,11,0,10,0,30,0,3,0,2,0,2,0,4,1,35.65694611111111,139.59629944444444,3,3,9999,0,1,0
1,30,328,253,2,0,1,10200,0,112,2023,7,3,15,40,12,4,29,19,1,1,1,1,1,1,9,22,0,0,18,9,30,70,4,1,1,65,1,14,61,31,0,11,0,1,0,11,0,3,0,20,0,3,0,2,0,2,0,4,2,35.6555975,139.61536972222223,2,3,9999,0,9,0
1,30,328,259,2,0,1,30000,0,112,2023,7,5,8,15,12,4,30,19,1,1,1,1,14,7,0,0,0,0,3,9,1,1,5,3,1,55,1,3,61,31,0,1,0,1,0,11,0,10,0,20,0,3,0,2,0,2,0,4,2,35.62403055555556,139.61598722222223,4,3,9999,0,9,0
1,30,328,260,2,0,1,30000,0,112,2023,7,7,15,0,12,4,31,19,0,1,1,1,14,1,0,0,0,0,3,9,1,1,5,3,1,55,75,12,61,1,0,11,0,1,0,11,0,2,0,10,0,3,0,2,0,2,0,4,2,35.63989611111111,139.6000488888889,6,3,9999,0,9,0
1,30,328,261,2,0,1,30000,0,112,2023,6,7,13,0,12,4,25,18,55,1,1,1,14,7,0,0,0,0,2,9,20,70,5,4,1,65,75,3,61,31,0,1,0,1,0,11,0,10,0,30,0,3,0,2,0,2,0,4,2,35.63507416666667,139.58998083333336,4,3,9999,0,9,0
1,30,328,262,2,0,1,30000,0,112,2023,5,10,16,50,12,4,41,18,35,1,1,1,1,7,9,22,0,0,11,9,30,70,5,1,1,55,25,3,61,31,0,1,0,1,0,11,0,3,0,0,0,4,0,2,0,2,0,4,2,35.67205305555555,139.5956027777778,4,3,9999,0,9,0
1,30,328,282,2,0,1,10210,0,112,2023,5,29,19,35,21,4,28,18,49,3,1,2,14,7,0,0,0,0,3,9,1,70,4,2,1,45,55,3,61,31,0,1,0,1,0,11,0,3,0,10,0,3,0,2,0,2,0,4,2,35.63480472222222,139.61299666666667,2,3,9999,0,9,0
1,30,328,292,2,0,1,30000,0,112,2023,6,4,17,20,12,4,26,18,53,1,1,1,14,7,0,0,0,0,2,9,1,70,5,3,1,55,35,3,61,31,0,1,0,1,0,11,0,2,0,40,0,4,0,2,0,2,0,4,2,35.640095277777775,139.60797833333334,1,3,9999,0,9,0
1,30,329,166,2,0,1,30000,0,110,2023,7,5,8,50,12,4,30,19,1,1,1,1,14,7,0,0,0,0,2,9,1,70,5,3,1,65,25,3,61,31,0,1,0,1,0,11,0,2,0,40,0,3,0,2,0,2,0,4,2,35.631915,139.70985499999998,4,3,9999,0,1,0
1,30,329,169,2,0,1,30000,0,110,2023,7,6,22,45,22,4,31,19,0,1,1,1,1,7,1,21,0,0,14,8,30,70,5,3,1,55,45,51,61,41,0,0,0,0,0,0,0,0,0,10,0,3,0,0,0,0,0,4,2,35.645382222222224,139.70072444444443,5,3,0,0,0,0
1,30,329,171,2,0,1,30000,0,110,2023,7,7,20,55,22,4,31,19,0,1,1,1,14,7,0,0,0,0,3,9,1,70,4,2,1,35,1,51,61,41,0,0,0,0,0,0,0,0,0,20,0,4,0,0,0,0,0,4,2,35.644555555555556,139.68968583333333,6,3,0,0,0,0
1,30,329,177,2,0,1,20240,0,110,2023,7,12,20,55,22,4,34,18,59,1,1,1,1,1,9,22,0,0,14,9,30,70,5,1,1,35,55,13,61,31,0,11,0,1,0,11,0,3,0,10,0,3,0,2,0,2,0,4,2,35.63556611111111,139.6929147222222,4,3,9999,0,1,0
1,30,329,178,2,0,1,30000,0,110,2023,7,13,18,7,13,4,35,18,58,1,1,1,14,7,0,0,0,0,1,7,1,70,5,3,1,1,1,36,61,31,0,0,0,0,0,11,0,2,0,10,0,4,0,0,0,0,0,4,2,35.633113888888886,139.71380888888888,5,3,9999,0,1,0
1,30,329,181,2,0,1,10080,0,110,2023,7,14,13,17,12,4,36,18,58,2,1,1,1,1,9,22,0,0,17,9,30,70,4,2,1,65,45,17,61,31,0,11,0,1,0,11,0,4,0,10,0,3,0,2,0,2,0,4,2,35.631009444444445,139.70286638888888,6,3,9999,0,9,0
1,30,329,193,2,0,1,30000,0,110,2023,7,27,17,15,12,4,45,18,50,1,1,1,14,7,0,0,0,0,3,9,1,70,5,3,1,1,65,3,61,31,0,1,0,1,0,11,0,2,0,40,0,3,0,2,0,2,0,4,2,35.64453388888889,139.69823222222223,5,3,9999,0,1,0
1,30,329,194,2,0,1,30000,0,110,2023,7,27,19,10,21,4,45,18,50,1,1,1,1,7,9,22,0,0,15,9,30,70,4,1,1,65,55,3,61,1,0,1,0,1,0,11,0,3,0,50,0,3,0,2,0,2,0,4,2,35.6410675,139.71352138888886,5,3,9999,0,9,0
1,30,330,191,2,0,1,20190,0,110,2023,7,9,14,39,12,4,33,19,0,3,1,1,13,7,0,0,0,0,2,6,1,70,4,3,1,35,35,3,61,31,0,1,0,1,0,11,0,2,0,40,0,4,0,2,0,2,0,4,2,35.628188055555555,139.6909777777778,1,3,9999,0,1,0
1,30,330,194,2,0,1,30000,0,110,2023,7,12,13,24,12,4,34,18,59,1,1,1,14,7,0,0,0,0,2,9,1,70,5,1,1,55,0,61,0,0,0,0,0,0,0,0,0,0,0,0,0,0,0,0,0,0,0,2,0,35.60803472222222,139.66823166666666,4,3,0,0,0,0
1,30,330,213,2,0,1,30000,0,110,2023,7,30,17,3,12,4,47,18,48,1,1,1,1,7,9,22,0,0,14,9,30,70,4,3,1,55,55,3,61,1,0,1,0,1,0,11,0,2,0,10,0,3,0,2,0,2,0,4,2,35.6293975,139.68346861111112,1,3,9999,0,9,0