資料区分,都道府県コード,警察署等コード,本票番号,事故内容,死者数,負傷者数,路線コード,地点コード,市区町村コード,発生日時　　年,発生日時　　月,発生日時　　日,発生日時　　時,発生日時　　分,昼夜,日の出時刻　　時,日の出時刻　　分,日の入り時刻　　時,日の入り時刻　　分,天候,地形,路面状態,道路形状,信号機,一時停止規制　標識（当事者A）,一時停止規制　表示（当事者A）,一時停止規制　標識（当事者B）,一時停止規制　表示（当事者B）,車道幅員,道路線形,衝突地点,ゾーン規制,中央分離帯施設等,歩車道区分,事故類型,年齢（当事者A）,年齢（当事者B）,当事者種別（当事者A）,当事者種別（当事者B）,用途別（当事者A）,用途別（当事者B）,車両形状等（当事者A）,車両形状等（当事者B）,オートマチック車（当事者A）,オートマチック車（当事者B）,サポカー（当事者A）,サポカー（当事者B）,速度規制（指定のみ）（当事者A）,速度規制（指定のみ）（当事者B）,車両の衝突部位（当事者A）,車両の衝突部位（当事者B）,車両の損壊程度（当事者A）,車両の損壊程度（当事者B）,エアバッグの装備（当事者A）,エアバッグの装備（当事者B）,サイドエアバッグの装備（当事者A）,サイドエアバッグの装備（当事者B）,人身損傷程度（当事者A）,人身損傷程度（当事者B）,lat,lon,曜日(発生年月日),祝日(発生年月日),認知機能検査経過日数（当事者A）,認知機能検査経過日数（当事者B）,運転練習の方法（当事者A）,運転練習の方法（当事者B）
1,30,330,216,2,0,1,30000,0,110,2023,7,21,13,5,12,4,40,18,54,1,1,1,1,7,1,21,0,0,11,9,30,70,4,3,1,65,1,3,61,31,0,1,0,1,0,11,0,3,0,10,0,3,0,2,0,2,0,4,2,35.60960888888889,139.66399111111113,6,3,9999,0,9,0
1,30,331,180,2,0,1,99000,0,113,2023,6,29,16,16,12,4,28,19,1,1,1,1,0,7,0,0,0,0,0,0,20,70,0,4,1,35,25,51,61,41,0,0,0,0,0,0,0,0,0,20,0,3,0,0,0,0,0,4,2,35.65871805555555,139.69956083333335,5,3,0,0,0,0
1,30,331,181,2,0,1,30220,0,113,2023,6,29,21,3,22,4,28,19,1,3,1,2,14,1,0,0,0,0,5,9,1,70,4,1,1,25,45,51,61,41,0,0,0,0,0,0,0,0,0,20,0,4,0,0,0,0,0,4,2,35.65954694444444,139.69962027777777,5,3,0,0,0,0
1,30,331,182,2,0,1,20170,0,113,2023,7,1,16,0,12,4,29,19,1,2,1,1,1,1,9,22,0,0,17,9,30,70,1,2,1,45,65,3,61,1,0,1,0,1,0,11,0,3,0,10,0,3,0,2,0,2,0,4,2,35.658638055555556,139.71231083333333,7,3,9999,0,9,0
1,30,331,185,2,0,1,30000,0,113,2023,7,7,13,15,12,4,31,19,0,1,1,1,1,1,9,22,0,0,18,8,30,70,4,1,1,55,1,3,61,31,0,1,0,1,0,11,0,3,0,10,0,3,0,2,0,2,0,4,2,35.661814444444445,139.702415,6,3,9999,0,9,0
1,30,331,192,2,0,1,30000,0,113,2023,7,14,17,15,12,4,36,18,58,1,1,1,14,7,0,0,0,0,3,9,1,70,4,2,1,25,35,3,61,31,0,1,0,1,0,11,0,3,0,20,0,4,0,2,0,2,0,4,2,35.64622388888889,139.71176138888887,6,3,9999,0,1,0
1,30,331,206,2,0,1,30000,0,113,2023,5,17,10,22,12,4,35,18,40,1,1,1,1,7,1,21,0,0,15,9,30,70,5,2,1,1,35,3,61,31,0,1,0,1,0,11,0,2,0,50,0,4,0,2,0,2,0,4,2,35.661492777777774,139.6959402777778,4,3,9999,0,1,0
1,30,331,207,2,0,1,30000,0,113,2023,6,23,22,1,22,4,26,19,0,1,1,1,1,7,9,22,0,0,14,9,30,70,4,1,1,55,1,3,61,1,0,1,0,1,0,11,0,2,0,10,0,4,0,2,0,2,0,4,2,35.66051972222222,139.69467166666666,6,3,9999,0,9,0
1,30,332,84,2,0,1,30000,0,113,2023,7,2,13,48,12,4,29,19,1,1,1,1,14,7,0,0,0,0,3,7,1,70,4,2,1,45,1,34,61,31,0,0,0,0,0,11,0,2,0,10,0,4,0,0,0,0,0,4,2,35.68583388888889,139.69890055555555,1,3,9999,0,9,0
1,30,333,136,2,0,1,30000,0,113,2023,7,4,13,25,12,4,30,19,1,1,1,1,7,7,0,0,0,0,3,9,1,70,5,4,1,55,65,3,61,31,0,1,0,1,0,11,0,5,0,10,0,4,0,2,0,2,0,4,2,35.67345722222222,139.66463972222223,3,3,9999,0,9,0
1,30,333,138,2,0,1,30000,0,113,2023,7,8,11,21,12,4,32,19,0,2,1,1,14,7,0,0,0,0,2,9,1,70,5,4,1,25,65,51,61,41,0,0,0,0,0,0,0,0,0,20,0,3,0,0,0,0,0,4,2,35.67509027777778,139.66807305555554,7,3,0,0,0,0
1,30,333,145,2,0,1,10160,0,113,2023,7,16,15,48,12,4,37,18,57,1,1,2,14,7,0,0,0,0,6,7,1,70,1,1,1,55,25,51,61,41,0,0,0,0,0,0,0,0,0,10,0,3,0,0,0,0,0,2,4,35.668818888888886,139.6880461111111,1,2,0,0,0,0
1,30,333,148,2,0,1,30000,0,113,2023,7,18,8,5,12,4,38,18,56,1,1,1,14,7,0,0,0,0,1,9,1,70,5,4,1,35,35,3,61,31,0,1,0,1,0,11,0,10,0,40,0,3,0,2,0,2,0,4,2,35.66672833333333,139.6911777777778,3,3,9999,0,4,0
1,30,435,128,2,0,1,30260,0,104,2023,7,17,12,48,12,4,37,18,57,1,1,1,7,1,0,0,0,0,3,9,1,70,4,2,1,45,75,51,61,41,0,0,0,0,0,0,0,0,0,10,0,3,0,0,0,0,0,4,2,35.70146694444445,139.71504805555554,2,1,0,0,0,0
1,30,435,131,2,0,1,20290,0,104,2023,7,7,16,38,12,4,31,19,0,1,1,1,13,7,0,0,0,0,4,1,1,70,4,2,1,25,75,51,61,41,0,0,0,0,0,0,0,0,0,0,0,4,0,0,0,0,0,4,2,35.700946944444446,139.70991888888886,6,3,0,0,0,0
1,30,435,132,2,0,1,31020,0,104,2023,7,24,11,27,12,4,42,18,52,1,1,1,7,1,0,0,0,0,5,9,1,70,1,2,1,25,65,51,61,41,0,0,0,0,0,0,0,0,0,10,0,3,0,0,0,0,0,4,2,35.70825416666667,139.72244944444444,2,3,0,0,0,0
1,30,435,135,2,0,1,30000,0,104,2023,7,25,15,45,12,4,43,18,52,1,1,1,14,7,0,0,0,0,3,9,1,70,5,3,1,1,45,14,61,31,0,11,0,1,0,11,0,2,0,30,0,3,0,2,0,2,0,4,2,35.697625277777774,139.7397936111111,3,3,9999,0,1,0
1,30,436,136,2,0,1,10090,0,104,2023,7,2,19,30,21,4,29,19,1,1,1,1,1,1,9,22,0,0,15,9,30,70,1,2,1,45,1,14,61,31,0,11,0,1,0,11,0,4,0,10,0,3,0,2,0,2,0,4,2,35.69787055555555,139.70770444444443,1,3,9999,0,1,0
1,30,436,139,2,0,1,30000,0,104,2023,6,16,11,10,12,4,25,18,59,1,1,1,14,7,0,0,0,0,1,9,1,70,5,2,1,45,1,51,61,41,0,0,0,0,0,0,0,0,0,10,0,4,0,0,0,0,0,4,2,35.69191111111111,139.7027461111111,6,3,0,0,0,0
1,30,436,140,2,0,1,10240,0,104,2023,6,16,22,55,22,4,25,18,59,1,1,1,1,1,9,22,0,0,15,9,30,70,1,2,1,55,25,3,61,1,0,1,0,1,0,11,0,3,0,10,0,3,0,2,0,2,0,4,2,35.695836111111106,139.6885327777778,6,3,9999,0,9,0
1,30,436,143,2,0,1,10090,0,104,2023,6,22,21,50,22,4,26,19,0,3,1,2,7,7,0,0,0,0,5,9,1,70,5,1,1,25,25,35,61,31,0,0,0,0,0,11,0,4,0,40,0,3,0,0,0,0,0,4,2,35.695275555555554,139.7067522222222,5,3,9999,0,1,0
1,30,436,145,2,0,1,20290,0,104,2023,7,17,1,32,22,4,37,18,57,1,1,1,14,7,0,0,0,0,2,9,1,70,5,1,1,65,35,3,61,1,0,1,0,1,0,11,0,3,0,10,0,2,0,2,0,2,0,4,2,35.701190833333335,139.70387305555553,2,1,9999,0,9,0
1,30,436,149,2,0,1,30000,0,104,2023,4,29,5,56,12,4,52,18,25,1,1,1,14,7,0,0,0,0,3,9,1,70,5,4,1,55,55,3,61,1,0,1,0,1,0,11,0,2,0,10,0,4,0,2,0,2,0,4,2,35.69624638888889,139.7040872222222,7,1,9999,0,1,0
1,30,436,151,2,0,1,99000,0,104,2023,7,24,10,15,12,4,42,18,52,1,1,1,0,7,0,0,0,0,0,0,20,70,0,4,1,25,55,14,61,1,0,11,0,1,0,11,0,10,0,40,0,4,0,2,0,2,0,4,2,35.696931944444444,139.69802722222224,2,3,9999,0,1,0
1,30,436,152,2,0,1,30000,0,104,2023,4,1,1,25,22,5,29,18,2,1,1,1,14,7,0,0,0,0,3,9,1,70,4,4,1,1,1,36,61,31,0,0,0,0,0,11,0,2,0,10,0,3,0,0,0,0,0,4,2,35.69549249999999,139.70164416666665,7,3,9999,0,5,0
1,30,436,154,2,0,1,30000,0,104,2023,6,13,18,0,13,4,25,18,57,2,1,1,14,7,0,0,0,0,1,9,1,70,5,4,1,35,55,3,61,31,0,1,0,1,0,11,0,3,0,30,0,4,0,2,0,2,0,4,2,35.70158111111111,139.7023172222222,3,3,9999,0,2,0
1,30,436,156,2,0,1,30000,0,104,2023,7,29,8,55,12,4,46,18,49,1,1,1,14,7,0,0,0,0,1,9,1,70,5,4,1,35,1,13,61,31,0,11,0,1,0,11,0,5,0,50,0,4,0,2,0,2,0,4,2,35.69318444444444,139.711445,7,3,9999,0,1,0
1,30,437,138,2,0,1,10220,0,104,2023,7,2,16,25,12,4,29,19,1,1,1,1,13,1,0,0,0,0,5,6,1,70,4,2,1,35,55,36,61,31,0,0,0,0,0,11,0,2,0,10,0,3,0,0,0,0,0,4,2,35.71371055555556,139.7040636111111,1,3,9999,0,5,0
1,30,437,146,2,0,1,10010,0,104,2023,7,13,0,45,22,4,35,18,58,1,1,1,1,7,9,22,0,0,14,9,30,70,4,2,1,75,1,3,61,1,0,1,0,1,0,11,0,3,0,80,0,3,0,2,0,2,0,4,2,35.72273666666667,139.68504833333333,5,3,451,0,9,0
1,30,437,147,2,0,1,10010,0,104,2023,7,16,11,35,12,4,37,18,57,1,1,1,14,7,0,0,0,0,4,9,1,70,4,1,1,1,1,36,61,31,0,31,0,0,0,11,0,10,0,10,0,3,0,0,0,0,0,4,2,35.72254083333333,139.70275277777776,1,2,0,0,0,0
1,30,437,154,2,0,1,30000,0,104,2023,7,22,18,4,13,4,41,18,54,1,1,1,1,7,9,22,0,0,11,9,30,70,4,1,1,55,55,51,61,41,0,0,0,0,0,0,0,0,0,20,0,4,0,0,0,0,0,4,2,35.72194833333334,139.69427583333334,7,3,0,0,0,0
1,30,438,135,2,0,1,20000,0,104,2023,7,6,15,35,12,4,31,19,0,1,1,1,14,7,0,0,0,0,5,9,1,70,1,2,1,25,75,36,61,31,0,31,0,0,0,11,0,2,0,10,0,4,0,0,0,0,0,4,2,35.68970583333333,139.70683444444444,5,3,9999,0,1,0
1,30,438,141,2,0,1,30000,0,104,2023,7,13,21,40,22,4,35,18,58,1,1,1,14,7,0,0,0,0,3,9,1,70,5,3,1,25,35,3,61,1,0,1,0,1,0,11,0,1,0,60,0,3,0,2,0,2,0,4,2,35.67935444444444,139.7201275,5,3,9999,0,1,0
1,30,438,144,2,0,1,30000,0,104,2023,7,16,20,50,22,4,37,18,57,1,1,1,14,7,0,0,0,0,2,9,1,70,5,3,1,55,45,3,61,1,0,1,0,1,0,11,0,1,0,80,0,3,0,2,0,2,0,4,2,35.688649999999996,139.72841722222222,1,2,9999,0,9,0
1,30,438,146,2,0,1,30000,0,104,2023,7,17,17,40,12,4,37,18,57,1,1,1,1,7,9,22,0,0,11,8,30,70,5,1,1,1,55,51,61,41,0,0,0,0,0,0,0,0,0,40,0,4,0,0,0,0,0,4,2,35.691847777777774,139.70400305555555,2,1,0,0,0,0
1,30,438,154,2,0,1,30000,0,104,2023,7,31,18,30,13,4,48,18,47,1,1,1,14,7,0,0,0,0,2,9,1,1,5,1,1,25,65,35,61,31,0,0,0,0,0,11,0,2,0,0,0,4,0,0,0,0,0,4,2,35.6887,139.72494111111112,2,3,9999,0,1,0
1,30,439,151,2,0,1,10240,0,114,2022,10,27,1,15,22,5,58,16,51,1,1,1,14,7,0,0,0,0,4,7,1,70,1,1,1,1,35,4,61,31,0,1,0,1,0,11,0,1,0,10,0,3,0,2,0,2,0,4,2,35.69654722222222,139.6845575,5,3,9999,0,5,0
1,30,439,158,2,0,1,10240,0,114,2023,7,6,20,27,22,4,31,19,0,1,1,1,7,7,0,0,0,0,5,9,1,70,4,1,1,75,75,3,61,31,0,1,0,1,0,11,0,10,0,50,0,2,0,2,0,2,0,4,2,35.69766388888888,139.6746375,5,3,29,0,9,0
1,30,439,164,2,0,1,10240,0,114,2023,7,12,11,35,12,4,34,18,59,1,1,1,7,7,0,0,0,0,4,9,1,70,4,1,1,45,45,3,61,1,0,1,0,2,0,11,0,5,0,40,0,3,0,2,0,2,0,4,2,35.69760944444444,139.67670777777778,4,3,9999,0,5,0
1,30,439,168,2,0,1,30000,0,114,2023,7,21,8,57,12,4,40,18,54,1,1,1,1,7,9,22,0,0,15,9,30,1,4,2,1,25,45,13,61,31,0,11,0,1,0,11,0,2,0,10,0,3,0,2,0,2,0,4,2,35.70662194444445,139.686645,6,3,9999,0,5,0
1,30,439,170,2,0,1,30000,0,114,2023,6,27,16,15,12,4,27,19,1,1,1,1,14,7,0,0,0,0,2,9,1,70,5,4,1,45,1,14,61,1,0,11,0,1,0,11,0,10,0,10,0,3,0,2,0,2,0,4,2,35.70580861111112,139.67910138888888,3,3,9999,0,1,0
1,30,440,175,2,0,2,30000,0,114,2023,7,13,23,44,22,4,35,18,58,3,1,1,14,7,0,0,0,0,3,8,1,70,4,1,1,35,45,51,61,41,0,0,0,0,0,0,0,0,0,10,0,3,0,0,0,0,0,2,2,35.714312500000005,139.67739999999998,5,3,0,0,0,0
1,30,440,186,2,0,1,30000,0,114,2023,7,24,6,25,12,4,42,18,52,1,1,1,14,7,0,0,0,0,3,9,1,70,5,3,1,25,55,51,61,41,0,0,0,0,0,0,0,0,0,40,0,3,0,0,0,0,0,4,2,35.71187861111111,139.66317472222224,2,3,0,0,0,0
1,30,441,162,2,0,1,10130,0,115,2023,7,9,21,21,22,4,33,19,0,1,1,1,1,1,9,22,0,0,17,9,30,70,1,2,1,25,35,4,61,31,0,1,0,1,0,11,0,4,0,20,0,4,0,2,0,2,0,4,2,35.702376111111114,139.65487555555555,1,3,9999,0,1,0
1,30,441,165,2,0,1,30000,0,115,2023,7,12,10,47,12,4,34,18,59,1,1,1,1,7,9,22,0,0,11,9,30,70,5,4,1,35,35,4,61,31,0,1,0,1,0,11,0,10,0,10,0,3,0,2,0,2,0,4,2,35.70270861111111,139.64775194444445,4,3,9999,0,1,0
1,30,441,167,2,0,1,10260,0,115,2023,7,14,12,3,12,4,36,18,58,1,1,1,14,7,0,0,0,0,2,9,1,70,4,1,1,45,75,1,61,1,0,1,0,1,0,11,0,4,0,40,0,3,0,2,0,2,0,4,2,35.69175027777777,139.6339422222222,6,3,9999,0,1,0
1,30,441,169,2,0,1,30000,0,115,2023,7,15,15,30,12,4,36,18,57,2,1,1,14,7,0,0,0,0,1,9,1,70,5,4,1,75,75,51,61,41,0,0,0,0,0,0,0,0,0,10,0,4,0,0,0,0,0,4,2,35.70510194444445,139.64107277777777,7,3,0,0,0,0
1,30,441,170,2,0,1,30000,0,115,2023,7,15,11,0,12,4,36,18,57,2,1,1,14,7,0,0,0,0,1,9,1,70,5,4,1,45,45,51,61,41,0,0,0,0,0,0,0,0,0,10,0,4,0,0,0,0,0,4,2,35.706564722222225,139.64259027777777,7,3,0,0,0,0
1,30,441,171,2,0,1,30000,0,115,2023,7,16,12,15,12,4,37,18,57,1,1,1,7,7,0,0,0,0,2,9,1,70,5,4,1,55,55,3,61,31,0,1,0,1,0,11,0,2,0,10,0,4,0,2,0,2,0,4,2,35.69862027777778,139.63457083333333,1,2,9999,0,4,0
1,30,441,173,2,0,1,20500,0,115,2023,6,23,14,59,12,4,26,19,0,1,1,1,7,3,0,0,0,0,3,9,1,70,5,2,1,55,55,51,61,41,0,0,0,0,0,0,0,0,0,20,0,4,0,0,0,0,0,4,2,35.704657222222224,139.63679666666667,6,3,0,0,0,0
1,30,441,180,2,0,1,10130,0,115,2023,7,18,20,35,22,4,38,18,56,1,1,1,14,1,0,0,0,0,4,9,1,70,1,1,1,25,35,51,61,41,0,0,0,0,0,0,0,0,0,10,0,3,0,0,0,0,0,4,2,35.68724527777778,139.65567388888888,3,3,0,0,0,0
1,30,441,185,2,0,1,30000,0,115,2023,7,20,18,40,13,4,40,18,55,1,1,1,14,7,0,0,0,0,3,9,1,70,5,4,1,45,75,17,61,31,0,11,0,2,0,11,0,10,0,20,0,3,0,2,0,2,0,4,2,35.70131805555556,139.64421472222222,5,3,9999,0,1,0
1,30,441,194,2,0,1,10220,0,115,2023,7,24,18,13,13,4,42,18,52,1,1,1,14,7,0,0,0,0,3,9,1,70,4,2,1,35,45,3,61,31,0,1,0,1,0,11,0,3,0,10,0,4,0,2,0,2,0,4,2,35.71156472222223,139.6431925,2,3,9999,0,1,0
1,30,442,180,2,0,1,10230,0,115,2023,7,1,11,40,12,4,29,19,1,3,1,2,1,1,9,22,0,0,15,9,30,70,4,2,1,1,75,51,61,41,0,0,0,0,0,0,0,0,0,30,0,3,0,0,0,0,0,4,2,35.68359861111111,139.65830833333334,7,3,0,0,0,0
1,30,442,187,2,0,1,20000,0,115,2023,7,6,17,7,12,4,31,19,0,1,1,1,14,7,0,0,0,0,2,9,1,70,5,3,1,75,75,3,61,31,0,1,0,1,0,11,0,2,0,10,0,4,0,2,0,2,0,4,2,35.672264166666665,139.62450805555557,5,3,616,0,9,0
1,30,442,194,2,0,1,30000,0,115,2023,6,8,16,57,12,4,25,18,55,2,1,1,1,7,1,21,0,0,14,9,30,70,5,2,1,65,55,3,61,31,0,1,0,1,0,11,0,1,0,10,0,4,0,2,0,2,0,4,2,35.68362527777777,139.65795805555555,5,3,9999,0,9,0
1,30,442,199,2,0,1,30000,0,115,2023,6,27,13,55,12,4,27,19,1,2,1,1,14,7,0,0,0,0,1,9,1,70,5,3,1,75,55,4,61,31,0,1,0,1,0,11,0,1,0,40,0,4,0,2,0,2,0,4,2,35.68861277777778,139.59877555555556,3,3,762,0,9,0
1,30,443,146,2,0,1,30000,0,115,2023,7,26,6,28,12,4,44,18,51,1,1,1,1,7,9,22,0,0,11,9,30,1,5,3,1,25,55,51,61,41,0,0,0,0,0,0,0,0,0,10,0,4,0,0,0,0,0,4,2,35.729913333333336,139.6233063888889,4,3,0,0,0,0
1,30,443,150,2,0,1,10240,0,115,2023,7,18,13,0,12,4,38,18,56,1,1,1,7,1,0,0,0,0,5,9,1,70,4,1,1,45,25,52,61,41,0,0,0,0,0,0,0,0,0,20,0,4,0,0,0,0,0,4,2,35.71448055555556,139.59857944444445,3,3,0,0,0,0
1,30,443,152,2,0,1,30000,0,115,2023,7,31,17,36,12,4,48,18,47,1,1,1,14,7,0,0,0,0,3,9,1,70,5,3,1,1,1,14,61,1,0,11,0,1,0,11,0,2,0,50,0,3,0,2,0,2,0,4,2,35.704521944444444,139.5983341666667,2,3,9999,0,1,0
1,30,545,51,2,0,1,20360,0,105,2023,6,29,18,35,13,4,28,19,1,1,1,1,14,7,0,0,0,0,3,9,1,70,5,4,1,1,1,14,61,1,0,11,0,1,0,11,0,2,0,20,0,3,0,2,0,2,0,4,2,35.71132555555556,139.75073805555556,5,3,9999,0,1,0
1,30,545,53,2,0,1,30000,0,105,2023,7,22,19,57,22,4,41,18,54,1,1,1,14,7,0,0,0,0,1,9,1,70,1,2,1,1,45,51,61,41,0,0,0,0,0,0,0,0,0,10,0,3,0,0,0,0,0,4,2,35.70707277777778,139.75147444444445,7,3,0,0,0,0
1,30,545,55,2,0,1,30000,0,105,2023,7,14,19,10,21,4,36,18,58,1,1,1,14,7,0,0,0,0,2,9,1,70,5,2,1,1,1,51,61,41,0,0,0,0,0,0,0,0,0,10,0,3,0,0,0,0,0,4,2,35.7068675,139.7465097222222,6,3,0,0,0,0
1,30,546,40,2,0,1,10010,0,105,2023,7,20,0,13,22,4,40,18,55,1,1,1,7,1,0,0,0,0,5,9,1,70,4,1,1,65,65,3,61,1,0,1,0,1,0,11,0,4,0,70,0,4,0,2,0,2,0,4,2,35.71206388888889,139.73092,5,3,9999,0,9,0
1,30,547,68,2,0,1,20390,0,105,2023,7,9,0,20,22,4,33,19,0,1,1,1,14,7,0,0,0,0,4,9,1,70,4,2,1,25,1,3,61,1,0,1,0,1,0,11,0,3,0,40,0,3,0,2,0,2,0,4,2,35.708017500000004,139.77240500000002,1,3,9999,0,1,0
1,30,547,74,2,0,1,30000,0,105,2023,7,24,9,20,12,4,42,18,52,1,1,1,14,7,0,0,0,0,3,9,1,70,5,3,1,45,25,59,61,0,0,0,0,0,0,0,0,0,0,10,0,4,0,0,0,0,0,4,2,35.70262555555556,139.76582166666665,2,3,0,0,0,0
1,30,548,42,2,0,1,170,0,105,2023,7,10,7,51,12,4,33,18,59,1,1,1,14,7,0,0,0,0,2,9,1,70,5,4,1,45,0,61,0,0,0,0,0,0,0,0,0,0,0,0,0,0,0,0,0,0,0,2,0,35.72864666666667,139.75908805555557,2,3,0,0,0,0
1,30,549,74,2,0,1,170,1,116,2023,7,2,11,15,12,4,29,19,1,1,1,1,1,1,9,22,0,0,19,9,30,70,1,2,1,75,75,51,61,41,0,0,0,0,0,0,0,0,0,40,0,4,0,0,0,0,0,4,2,35.74404638888889,139.72791138888888,1,3,0,0,0,0
1,30,549,78,2,0,1,30000,0,116,2023,7,9,18,59,13,4,33,19,0,2,1,1,1,7,9,22,0,0,14,9,30,70,4,3,1,45,55,3,61,31,0,1,0,1,0,11,0,5,0,10,0,4,0,2,0,2,0,4,2,35.73694138888889,139.73009333333334,1,3,9999,0,1,0
1,30,549,80,2,0,1,10090,0,116,2023,7,18,23,20,22,4,38,18,56,1,1,1,7,7,0,0,0,0,5,9,1,70,4,2,1,55,45,12,61,31,0,11,0,1,0,11,0,4,0,80,0,3,0,2,0,2,0,4,2,35.74133194444445,139.72541416666667,3,3,9999,0,9,0
1,30,550,126,2,0,1,30000,0,116,2023,7,3,21,17,22,4,29,19,1,1,1,1,13,1,0,0,0,0,3,3,1,70,4,2,1,45,55,17,61,31,0,11,0,1,0,11,0,3,0,10,0,4,0,2,0,2,0,4,2,35.73072888888889,139.70989194444442,2,3,9999,0,1,0
1,30,550,127,2,0,1,30000,0,116,2023,7,6,13,33,12,4,31,19,0,1,1,1,14,7,0,0,0,0,3,9,1,70,5,2,1,55,25,3,61,31,0,1,0,1,0,11,0,2,0,10,0,4,0,2,0,2,0,4,2,35.735009166666664,139.71061916666665,5,3,9999,0,9,0
1,30,550,128,2,0,1,10090,0,116,2023,7,6,20,30,22,4,31,19,0,1,1,1,1,8,9,22,0,0,18,3,30,70,1,1,1,75,45,3,61,1,0,1,0,1,0,11,0,4,0,50,0,4,0,2,0,2,0,4,2,35.731228055555555,139.71286444444442,5,3,9999,0,9,0
1,30,550,130,2,0,1,30000,0,116,2023,6,30,12,55,12,4,28,19,1,1,1,1,1,1,0,0,0,0,18,9,30,70,1,1,1,45,0,61,0,0,0,0,0,0,0,0,0,0,0,0,0,0,0,0,0,0,0,2,0,35.729847500000005,139.71290444444443,6,3,0,0,0,0
1,30,550,144,2,0,1,30000,0,116,2023,7,31,2,47,22,4,48,18,47,1,1,1,7,7,0,0,0,0,3,8,1,70,4,1,1,55,35,3,61,1,0,1,0,1,0,11,0,10,0,30,0,4,0,2,0,2,0,4,2,35.73312333333334,139.7100986111111,2,3,9999,0,9,0
1,30,551,120,2,0,1,10090,0,116,2023,7,21,11,21,12,4,40,18,54,2,1,1,14,7,0,0,0,0,5,9,1,70,4,2,1,1,25,3,61,31,0,1,0,1,0,11,0,4,0,10,0,3,0,2,0,2,0,4,2,35.726376111111115,139.71156833333333,6,3,9999,0,1,0
1,30,551,123,2,0,1,10010,0,116,2023,7,4,1,55,22,4,30,19,1,2,1,1,14,1,0,0,0,0,3,9,1,70,4,2,1,35,25,3,61,31,0,1,0,1,0,11,0,4,0,80,0,3,0,2,0,2,0,4,2,35.718405833333335,139.7145463888889,3,3,9999,0,1,0
1,30,551,124,2,0,1,20420,0,116,2023,7,29,20,5,22,4,46,18,49,1,1,1,1,1,9,22,0,0,17,9,30,70,1,2,1,45,65,13,61,31,0,11,0,1,0,11,0,4,0,20,0,3,0,2,0,2,0,4,2,35.734855277777775,139.69415,7,3,9999,0,1,0
1,30,552,112,2,0,1,30000,0,117,2023,7,4,17,30,12,4,30,19,1,1,1,1,14,7,0,0,0,0,1,7,1,1,5,4,1,65,0,61,0,0,0,0,0,0,0,0,0,0,0,0,0,0,0,0,0,0,0,2,0,35.740988055555555,139.7491797222222,3,3,0,0,0,0
1,30,552,121,2,0,1,30000,0,117,2023,7,3,17,45,12,4,29,19,1,1,1,1,14,7,0,0,0,0,2,9,1,70,4,2,1,35,35,51,61,41,0,0,0,0,0,0,0,0,0,20,0,4,0,0,0,0,0,4,2,35.7399925,139.75586055555556,2,3,0,0,0,0
1,30,552,123,2,0,1,30000,0,117,2023,7,16,11,10,12,4,37,18,57,1,1,1,1,1,9,22,0,0,11,9,30,70,4,2,1,25,75,51,61,41,0,0,0,0,0,0,0,0,0,10,0,4,0,0,0,0,0,4,2,35.742955,139.74798277777776,1,2,0,0,0,0
1,30,553,98,2,0,1,30000,0,117,2023,7,4,6,55,12,4,30,19,1,1,1,1,7,1,0,0,0,0,3,9,1,70,4,2,1,45,75,13,61,31,0,11,0,1,0,11,0,2,0,10,0,3,0,2,0,2,0,4,2,35.754018611111114,139.74772444444443,3,3,9999,0,9,0
1,30,553,105,2,0,1,30000,0,117,2023,7,13,17,33,12,4,35,18,58,2,1,1,14,7,0,0,0,0,5,9,1,70,1,1,1,1,55,51,61,41,0,0,0,0,0,0,0,0,0,10,0,4,0,0,0,0,0,4,2,35.763185,139.71272777777776,5,3,0,0,0,0
1,30,553,108,2,0,1,30000,0,117,2023,7,21,10,40,12,4,40,18,54,2,1,1,14,7,0,0,0,0,3,9,1,70,5,3,1,55,65,51,61,41,0,0,0,0,0,0,0,0,0,40,0,3,0,0,0,0,0,2,4,35.76598833333333,139.7282775,6,3,0,0,0,0
1,30,553,109,2,0,1,30000,0,117,2023,7,18,16,54,12,4,38,18,56,1,1,1,14,7,0,0,0,0,2,9,1,70,5,4,1,75,55,51,61,41,0,0,0,0,0,0,0,0,0,40,0,4,0,0,0,0,0,4,2,35.76157833333333,139.72064444444445,3,3,0,0,0,0
1,30,554,127,2,0,1,30000,0,117,2023,7,5,8,24,12,4,30,19,1,1,1,1,14,7,0,0,0,0,3,9,1,70,1,2,1,45,55,51,61,41,0,0,0,0,0,0,0,0,0,40,0,3,0,0,0,0,0,4,2,35.77651916666667,139.7178275,4,3,0,0,0,0
1,30,554,136,2,0,1,30000,0,117,2023,7,21,10,13,12,4,40,18,54,1,1,1,14,7,0,0,0,0,3,9,1,70,5,3,1,25,1,14,61,1,0,11,0,1,0,11,0,10,0,40,0,3,0,2,0,2,0,4,2,35.767335833333334,139.7325313888889,6,3,9999,0,1,0
1,30,554,141,2,0,1,30000,0,117,2023,7,29,9,40,12,4,46,18,49,1,1,1,1,7,9,22,0,0,11,9,30,70,5,1,1,1,65,51,61,41,0,0,0,0,0,0,0,0,0,10,0,3,0,0,0,0,0,4,2,35.77686861111111,139.72201055555556,7,3,0,0,0,0
1,30,555,193,2,0,1,30000,0,119,2023,5,17,18,25,13,4,35,18,40,1,1,1,1,7,9,22,0,0,11,9,30,70,4,2,1,55,55,35,61,31,0,0,0,0,0,11,0,2,0,10,0,3,0,0,0,0,0,4,2,35.75496444444445,139.67537027777777,4,3,9999,0,9,0