資料区分,都道府県コード,警察署等コード,本票番号,事故内容,死者数,負傷者数,路線コード,地点コード,市区町村コード,発生日時　　年,発生日時　　月,発生日時　　日,発生日時　　時,発生日時　　分,昼夜,日の出時刻　　時,日の出時刻　　分,日の入り時刻　　時,日の入り時刻　　分,天候,地形,路面状態,道路形状,信号機,一時停止規制　標識（当事者A）,一時停止規制　表示（当事者A）,一時停止規制　標識（当事者B）,一時停止規制　表示（当事者B）,車道幅員,道路線形,衝突地点,ゾーン規制,中央分離帯施設等,歩車道区分,事故類型,年齢（当事者A）,年齢（当事者B）,当事者種別（当事者A）,当事者種別（当事者B）,用途別（当事者A）,用途別（当事者B）,車両形状等（当事者A）,車両形状等（当事者B）,オートマチック車（当事者A）,オートマチック車（当事者B）,サポカー（当事者A）,サポカー（当事者B）,速度規制（指定のみ）（当事者A）,速度規制（指定のみ）（当事者B）,車両の衝突部位（当事者A）,車両の衝突部位（当事者B）,車両の損壊程度（当事者A）,車両の損壊程度（当事者B）,エアバッグの装備（当事者A）,エアバッグの装備（当事者B）,サイドエアバッグの装備（当事者A）,サイドエアバッグの装備（当事者B）,人身損傷程度（当事者A）,人身損傷程度（当事者B）,lat,lon,曜日(発生年月日),祝日(発生年月日),認知機能検査経過日数（当事者A）,認知機能検査経過日数（当事者B）,運転練習の方法（当事者A）,運転練習の方法（当事者B）
1,30,555,194,2,0,1,170,96,119,2023,5,29,13,20,12,4,28,18,49,3,1,1,1,1,9,22,0,0,18,9,30,70,5,2,1,75,55,14,61,31,0,11,0,1,0,11,0,10,0,50,0,4,0,2,0,2,0,4,2,35.74937333333333,139.71422305555555,2,3,637,0,9,0
1,30,555,197,2,0,1,30000,0,119,2023,7,4,18,40,13,4,30,19,1,1,1,1,14,7,0,0,0,0,1,9,1,70,4,2,1,75,75,51,61,41,0,0,0,0,0,0,0,0,0,20,0,3,0,0,0,0,0,4,2,35.74664361111111,139.6918936111111,3,3,0,0,0,0
1,30,555,206,2,0,1,10130,0,119,2023,7,14,10,18,12,4,36,18,58,1,1,1,1,1,9,22,0,0,18,9,30,70,1,2,1,65,25,3,61,31,0,1,0,1,0,11,0,4,0,10,0,3,0,2,0,2,0,4,2,35.749671666666664,139.68057555555555,6,3,9999,0,9,0
1,30,555,210,2,0,1,30000,0,119,2023,7,23,15,35,12,4,42,18,53,1,1,1,1,7,9,22,0,0,14,9,30,70,4,3,1,1,25,3,61,31,0,1,0,1,0,11,0,2,0,40,0,3,0,2,0,2,0,4,2,35.746295277777776,139.69884333333334,1,3,9999,0,1,0
1,30,555,217,2,0,1,30000,0,119,2023,7,28,12,50,12,4,45,18,49,1,1,1,14,7,0,0,0,0,2,9,1,70,4,3,1,35,75,3,61,31,0,1,0,1,0,11,0,1,0,30,0,3,0,2,0,2,0,4,2,35.760574444444444,139.67754166666666,6,3,9999,0,1,0
1,30,556,148,1,1,2,170,154,119,2023,7,1,20,32,22,4,29,19,1,3,1,2,7,7,0,0,0,0,4,9,1,70,6,2,1,1,35,14,61,1,0,11,0,1,0,11,0,5,0,10,0,1,0,1,0,2,0,2,1,35.79142916666667,139.6854025,7,3,9999,0,5,0
1,30,556,149,2,0,1,30000,0,119,2023,6,27,9,50,12,4,27,19,1,2,1,1,14,7,0,0,0,0,2,9,1,70,5,3,1,55,75,51,61,41,0,0,0,0,0,0,0,0,0,10,0,3,0,0,0,0,0,4,2,35.78399944444444,139.68019166666664,3,3,0,0,0,0
1,30,557,160,2,0,1,20000,0,120,2023,5,24,13,52,12,4,30,18,46,1,1,1,1,1,1,21,0,0,15,9,30,70,4,2,1,45,35,3,61,31,0,1,0,1,0,11,0,2,0,20,0,3,0,2,0,2,0,4,2,35.737813333333335,139.65061222222224,4,3,9999,0,9,0
1,30,557,166,2,0,1,30000,0,120,2023,7,2,16,30,12,4,29,19,1,1,1,1,21,7,0,0,0,0,2,9,20,70,5,3,1,55,1,3,61,31,0,1,0,1,0,11,0,1,0,80,0,3,0,2,0,2,0,4,2,35.737252777777776,139.67373638888887,1,3,9999,0,9,0
1,30,557,167,2,0,1,30000,0,120,2023,5,20,20,26,22,4,33,18,43,2,1,1,14,7,0,0,0,0,2,9,1,70,5,1,1,1,1,35,61,31,0,0,0,0,0,11,0,5,0,10,0,4,0,0,0,0,0,4,2,35.73440333333333,139.64082083333332,7,3,9999,0,1,0
1,30,558,191,2,0,1,30000,0,120,2023,7,4,23,25,22,4,30,19,1,1,1,1,14,7,0,0,0,0,2,9,1,70,5,3,1,35,65,3,61,31,0,1,0,1,0,11,0,2,0,52,0,3,0,2,0,2,0,4,2,35.74500194444445,139.59833555555556,3,3,9999,0,4,0
1,30,558,207,2,0,1,30000,0,120,2023,7,19,19,45,21,4,39,18,55,1,1,1,14,7,0,0,0,0,3,9,1,70,5,1,1,1,45,51,61,41,0,0,0,0,0,0,0,0,0,10,0,3,0,0,0,0,0,4,2,35.733068333333335,139.5903988888889,4,3,0,0,0,0
1,30,558,213,2,0,1,30000,0,120,2023,6,26,15,30,12,4,27,19,1,1,1,1,14,7,0,0,0,0,3,9,1,70,5,2,1,55,1,3,61,1,0,1,0,1,0,11,0,2,0,10,0,3,0,2,0,2,0,4,2,35.74523583333333,139.60124055555556,2,3,9999,0,9,0
1,30,559,131,2,0,1,30000,0,119,2023,6,2,7,25,12,4,26,18,52,3,1,2,14,7,0,0,0,0,3,8,1,70,5,3,1,45,55,34,61,31,0,0,0,0,0,11,0,3,0,20,0,4,0,0,0,0,0,4,2,35.77834861111111,139.6630536111111,6,3,9999,0,9,0
1,30,559,136,2,0,1,30000,0,119,2023,7,24,15,30,12,4,42,18,52,1,1,1,1,7,1,21,0,0,15,9,30,70,4,2,1,45,75,13,61,31,0,11,0,1,0,11,0,3,0,10,0,3,0,2,0,2,0,4,2,35.77335333333333,139.6464925,2,3,9999,0,9,0
1,30,560,154,2,0,1,30000,0,120,2023,5,11,23,0,22,4,40,18,35,2,1,1,7,7,0,0,0,0,2,9,1,70,5,3,1,45,35,51,61,41,0,0,0,0,0,0,0,0,0,10,0,4,0,0,0,0,0,4,2,35.7336075,139.62549416666667,5,3,0,0,0,0
1,30,560,158,2,0,1,30000,0,120,2023,6,6,11,38,12,4,25,18,54,2,1,1,1,7,9,22,0,0,11,9,30,70,5,4,1,35,35,17,61,31,0,11,0,1,0,11,0,10,0,30,0,4,0,2,0,2,0,4,2,35.76903361111111,139.61568138888887,3,3,9999,0,1,0
1,30,560,163,2,0,1,30000,0,120,2023,7,14,17,0,12,4,36,18,58,2,1,1,14,7,0,0,0,0,3,9,1,70,5,2,1,25,65,51,61,41,0,0,0,0,0,0,0,0,0,10,0,3,0,0,0,0,0,4,2,35.74012972222222,139.61804944444447,6,3,0,0,0,0
1,30,560,164,2,0,1,10200,0,120,2023,4,21,9,20,12,5,2,18,19,1,1,1,7,1,0,0,0,0,5,9,1,70,1,2,1,1,45,51,61,41,0,0,0,0,0,0,0,0,0,10,0,4,0,0,0,0,0,4,2,35.758271944444445,139.65296472222224,6,3,0,0,0,0
1,30,560,170,2,0,1,30000,0,120,2023,7,25,8,18,12,4,43,18,52,1,1,1,1,7,9,22,0,0,11,9,30,70,5,3,1,45,45,3,61,31,0,1,0,1,0,11,0,1,0,40,0,4,0,2,0,2,0,4,2,35.768769166666665,139.64473305555555,3,3,9999,0,9,0
1,30,660,99,2,0,1,30000,0,106,2023,7,1,12,20,12,4,29,19,1,3,1,2,1,7,9,22,0,0,15,9,30,70,5,3,1,35,75,17,61,1,0,11,0,1,0,11,0,2,0,40,0,4,0,2,0,2,0,4,2,35.706762222222224,139.77487361111113,7,3,9999,0,1,0
1,30,660,100,2,0,1,20070,0,106,2023,7,2,16,52,12,4,29,19,1,1,1,1,7,1,0,0,0,0,6,9,1,70,4,2,1,1,25,51,61,41,0,0,0,0,0,0,0,0,0,20,0,4,0,0,0,0,0,4,2,35.71143027777778,139.77571805555556,1,3,0,0,0,0
1,30,661,69,2,0,1,30000,0,106,2023,7,3,11,30,12,4,29,19,1,1,1,1,1,1,9,22,0,0,14,9,30,70,4,2,1,65,75,3,61,31,0,1,0,1,0,11,0,2,0,10,0,4,0,2,0,2,0,4,2,35.7235275,139.7691163888889,2,3,9999,0,9,0
1,30,661,70,2,0,1,40,47,106,2023,7,5,7,56,12,4,30,19,1,1,1,1,1,7,9,22,0,0,18,9,30,70,4,1,1,1,35,51,61,41,0,0,0,0,0,0,0,0,0,10,0,4,0,0,0,0,0,4,2,35.72234666666667,139.7859375,4,3,0,0,0,0
1,30,661,71,2,0,1,10300,0,106,2023,7,9,14,0,12,4,33,19,0,1,1,1,14,7,0,0,0,0,3,9,1,70,4,2,1,35,1,51,61,41,0,0,0,0,0,0,0,0,0,40,0,3,0,0,0,0,0,4,2,35.72092305555556,139.77014555555556,1,3,0,0,0,0
1,30,661,75,2,0,3,30000,0,106,2023,7,17,16,20,12,4,37,18,57,1,1,1,1,7,9,22,0,0,11,9,30,70,5,4,1,65,1,3,61,1,0,1,0,1,0,11,0,10,0,50,0,3,0,2,0,2,0,4,2,35.72434638888889,139.76422722222222,2,1,9999,0,9,0
1,30,661,76,2,0,1,30000,0,106,2023,7,17,20,25,22,4,37,18,57,1,1,1,7,7,0,0,0,0,1,9,20,70,5,4,1,65,35,4,61,31,0,1,0,1,0,11,0,10,0,70,0,3,0,2,0,2,0,4,2,35.720933888888894,139.77991500000002,2,1,9999,0,9,0
1,30,661,82,2,0,1,10300,0,106,2023,6,11,18,55,13,4,25,18,57,3,1,2,14,7,0,0,0,0,4,7,1,70,1,1,1,25,1,51,61,41,0,0,0,0,0,0,0,0,0,20,0,3,0,0,0,0,0,4,2,35.72260916666667,139.7790813888889,1,3,0,0,0,0
1,30,662,104,2,0,1,30000,0,106,2023,7,8,19,0,21,4,32,19,0,1,1,1,14,7,0,0,0,0,3,9,1,70,5,2,1,65,45,3,61,1,0,1,0,1,0,11,0,10,0,40,0,3,0,2,0,2,0,4,2,35.71322416666667,139.79390361111112,7,3,9999,0,9,0
1,30,662,107,2,0,1,10090,0,106,2023,7,22,5,35,11,4,41,18,54,2,1,1,1,1,0,0,0,0,17,9,30,70,4,2,1,65,0,61,0,0,0,0,0,0,0,0,0,0,0,0,0,0,0,0,0,0,0,2,0,35.72813333333333,139.8086227777778,7,3,0,0,0,0
1,30,662,108,2,0,1,30000,0,106,2023,7,25,8,20,12,4,43,18,52,1,1,1,1,7,9,22,0,0,14,9,30,70,4,2,1,25,1,51,61,41,0,0,0,0,0,0,0,0,0,10,0,3,0,0,0,0,0,4,2,35.71770222222222,139.8038438888889,3,3,0,0,0,0
1,30,663,90,2,0,1,30000,0,106,2023,7,3,11,10,12,4,29,19,1,1,1,1,14,1,0,0,0,0,5,9,1,70,5,2,1,55,0,61,0,0,0,0,0,0,0,0,0,0,0,0,0,0,0,0,0,0,0,2,0,35.70353777777778,139.78436861111112,2,3,0,0,0,0
1,30,663,94,2,0,1,20530,0,106,2023,7,14,11,30,12,4,36,18,58,2,1,1,14,7,0,0,0,0,5,9,1,70,4,1,1,35,45,51,61,41,0,0,0,0,0,0,0,0,0,20,0,4,0,0,0,0,0,4,2,35.710728055555556,139.78669333333332,6,3,0,0,0,0
1,30,663,100,2,0,1,30000,0,106,2023,7,27,4,0,23,4,45,18,50,1,1,1,14,7,0,0,0,0,3,7,1,70,5,3,1,1,65,51,61,41,0,0,0,0,0,0,0,0,0,10,0,4,0,0,0,0,0,4,2,35.70905833333334,139.78470972222223,5,3,0,0,0,0
1,30,664,53,2,0,1,10710,0,118,2023,7,22,19,0,21,4,41,18,54,1,1,1,14,1,0,0,0,0,2,9,1,70,1,2,1,1,1,36,61,31,0,0,0,0,0,11,0,2,0,10,0,3,0,0,0,0,0,4,2,35.7504475,139.76962555555556,7,3,9999,0,5,0
1,30,665,59,2,0,1,30000,0,118,2023,7,23,19,8,21,4,42,18,53,1,1,1,14,7,0,0,0,0,2,9,1,70,5,1,1,65,0,61,0,0,0,0,0,0,0,0,0,0,0,0,0,0,0,0,0,0,0,2,0,35.736986111111115,139.8068827777778,1,3,0,0,0,0
1,30,666,62,2,0,1,10340,0,118,2023,7,7,7,50,12,4,31,19,0,1,1,1,1,1,9,22,0,0,14,9,30,70,5,1,1,25,25,51,61,41,0,0,0,0,0,0,0,0,0,10,0,3,0,0,0,0,0,2,4,35.74058111111111,139.7791177777778,6,3,0,0,0,0
1,30,667,67,2,0,1,30000,0,121,2023,7,2,17,4,12,4,29,19,1,1,1,1,14,7,0,0,0,0,1,9,1,70,5,4,1,55,65,13,61,31,0,11,0,1,0,11,0,10,0,40,0,4,0,2,0,2,0,4,2,35.745808333333336,139.81265333333334,1,3,9999,0,9,0
1,30,667,72,2,0,1,20670,0,121,2023,7,9,4,8,23,4,33,19,0,3,1,2,14,7,0,0,0,0,4,9,1,70,1,2,1,45,65,3,61,31,0,1,0,1,0,11,0,1,0,10,0,4,0,2,0,2,0,4,2,35.74418472222222,139.81053722222222,1,3,9999,0,9,0
1,30,667,76,2,0,1,95000,0,121,2023,7,20,16,15,12,4,40,18,55,1,1,1,14,7,0,0,0,0,3,9,20,70,5,4,1,1,75,51,61,41,0,0,0,0,0,0,0,0,0,10,0,3,0,0,0,0,0,4,2,35.75620027777778,139.78636111111112,5,3,0,0,0,0
1,30,667,77,2,0,1,30000,0,121,2023,7,25,9,45,12,4,43,18,52,1,1,1,1,7,9,22,0,0,11,9,30,1,5,3,1,55,1,4,61,31,0,1,0,1,0,11,0,2,0,10,0,4,0,2,0,2,0,4,2,35.747280555555555,139.80986166666668,3,3,9999,0,1,0
1,30,667,79,2,0,1,30000,0,121,2023,7,22,21,5,22,4,41,18,54,1,1,1,14,7,0,0,0,0,3,9,1,70,4,1,1,55,25,51,61,41,0,0,0,0,0,0,0,0,0,10,0,3,0,0,0,0,0,4,2,35.7488825,139.7955061111111,7,3,0,0,0,0
1,30,668,321,2,0,1,40,104,121,2023,7,2,12,0,12,4,29,19,1,1,1,1,14,7,0,0,0,0,5,9,1,70,1,2,1,45,75,51,61,41,0,0,0,0,0,0,0,0,0,10,0,3,0,0,0,0,0,4,2,35.769976388888885,139.80360083333335,1,3,0,0,0,0
1,30,668,322,2,0,1,30000,0,121,2023,7,2,13,44,12,4,29,19,1,1,1,1,1,7,1,21,0,0,14,9,30,70,5,1,1,65,65,3,61,31,0,1,0,1,0,11,0,2,0,20,0,3,0,2,0,2,0,4,2,35.757469444444446,139.75720638888887,1,3,9999,0,9,0
1,30,668,331,2,0,1,30000,0,121,2023,7,10,18,5,13,4,33,18,59,2,1,1,1,7,9,22,0,0,11,9,30,70,4,3,1,45,75,3,61,31,0,1,0,1,0,11,0,2,0,50,0,4,0,2,0,2,0,4,2,35.7677325,139.77467333333334,2,3,9999,0,9,0
1,30,668,359,2,0,1,30960,0,121,2023,7,20,15,30,12,4,40,18,55,1,1,1,1,1,1,22,0,0,17,9,30,70,1,2,1,45,1,3,61,1,0,1,0,1,0,11,0,4,0,10,0,3,0,2,0,2,0,4,2,35.78678333333333,139.78609277777778,5,3,9999,0,1,0
1,30,668,378,2,0,1,10710,0,121,2023,7,27,21,46,22,4,45,18,50,1,1,1,1,1,9,22,0,0,14,9,30,70,1,2,1,25,25,34,61,31,0,0,0,0,0,11,0,4,0,14,0,3,0,0,0,0,0,4,2,35.76701166666667,139.77083861111112,5,3,9999,0,1,0
1,30,668,380,2,0,1,10130,0,121,2023,7,29,12,22,12,4,46,18,49,1,1,1,1,1,9,22,0,0,18,9,30,70,1,1,1,25,75,13,61,31,0,11,0,1,0,11,0,4,0,80,0,4,0,2,0,2,0,4,2,35.778142777777774,139.78220222222222,7,3,0,0,0,0
1,30,669,315,2,0,1,30000,0,121,2023,7,7,11,17,12,4,31,19,0,1,1,1,1,7,9,22,0,0,15,9,30,70,4,3,1,55,75,51,61,41,0,0,0,0,0,0,0,0,0,10,0,3,0,0,0,0,0,4,2,35.767517222222224,139.82735472222222,6,3,0,0,0,0
1,30,669,319,2,0,1,30000,0,121,2023,7,8,16,55,12,4,32,19,0,2,1,1,1,7,9,22,0,0,11,9,30,70,5,4,1,65,45,51,61,41,0,0,0,0,0,0,0,0,0,40,0,3,0,0,0,0,0,4,2,35.767049444444446,139.8125288888889,7,3,0,0,0,0
1,30,669,326,2,0,1,10130,0,121,2023,7,12,16,30,12,4,34,18,59,1,1,1,1,1,0,0,0,0,19,9,30,70,1,1,1,1,0,61,0,0,0,0,0,0,0,0,0,0,0,0,0,0,0,0,0,0,0,2,0,35.778820277777776,139.80335472222222,4,3,0,0,0,0
1,30,669,327,2,0,1,30000,0,121,2023,7,14,11,45,12,4,36,18,58,2,1,1,14,7,0,0,0,0,3,9,1,70,5,1,1,1,1,51,61,41,0,0,0,0,0,0,0,0,0,10,0,3,0,0,0,0,0,4,2,35.78966305555555,139.83726111111113,6,3,0,0,0,0
1,30,669,336,2,0,1,30000,0,121,2023,6,29,16,30,12,4,28,19,1,1,1,1,1,7,9,22,0,0,11,9,30,70,5,4,1,35,75,13,61,31,0,11,0,1,0,11,0,10,0,40,0,4,0,2,0,2,0,4,2,35.776741666666666,139.80644916666668,5,3,9999,0,5,0
1,30,669,355,2,0,1,30000,0,121,2023,7,11,10,56,12,4,34,18,59,1,1,1,14,7,0,0,0,0,2,9,1,70,5,3,1,25,55,3,61,31,0,1,0,1,0,11,0,2,0,40,0,4,0,2,0,2,0,4,2,35.787425,139.83092083333332,3,3,9999,0,1,0
1,30,669,369,2,0,1,30000,0,121,2023,7,28,15,0,12,4,45,18,49,1,1,1,14,7,0,0,0,0,3,9,1,70,5,2,1,55,65,51,61,41,0,0,0,0,0,0,0,0,0,10,0,3,0,0,0,0,0,4,2,35.77602777777778,139.8444252777778,6,3,0,0,0,0
1,30,670,220,2,0,1,30000,0,121,2022,11,19,15,0,12,6,20,16,32,1,1,1,1,1,9,22,0,0,11,9,30,70,5,2,1,1,75,51,61,41,0,0,0,0,0,0,0,0,0,10,0,3,0,0,0,0,0,4,2,35.79426361111111,139.78770444444444,7,3,0,0,0,0
1,30,670,224,2,0,1,20620,0,121,2023,6,16,23,51,22,4,25,18,59,1,1,1,1,7,1,21,0,0,11,9,30,70,4,4,1,65,1,3,61,1,0,1,0,1,0,11,0,1,0,30,0,4,0,2,0,2,0,4,2,35.804069722222216,139.79767388888888,6,3,9999,0,9,0
1,30,670,230,2,0,1,30000,0,121,2023,7,4,15,55,12,4,30,19,1,1,1,1,7,7,0,0,0,0,3,9,1,70,4,2,1,65,75,4,61,31,0,1,0,1,0,11,0,2,0,10,0,3,0,2,0,2,0,4,2,35.791755277777774,139.8052188888889,3,3,9999,0,9,0
1,30,670,249,2,0,1,30000,0,121,2023,7,22,17,4,12,4,41,18,54,1,1,1,1,1,9,22,0,0,15,9,30,70,4,2,1,55,75,13,61,31,0,11,0,1,0,11,0,3,0,10,0,3,0,2,0,2,0,4,2,35.80866444444444,139.76299194444445,7,3,9999,0,1,0
1,30,771,265,2,0,1,20540,0,108,2023,7,4,10,0,12,4,30,19,1,1,1,1,14,7,0,0,0,0,5,9,1,70,4,2,1,75,75,51,61,41,0,0,0,0,0,0,0,0,0,10,0,4,0,0,0,0,0,4,2,35.681936944444445,139.79840333333334,3,3,0,0,0,0
1,30,771,268,2,0,2,30000,0,108,2023,7,5,13,51,12,4,30,19,1,2,1,1,1,7,9,22,0,0,19,4,30,70,1,1,1,1,75,51,61,41,0,0,0,0,0,0,0,0,0,10,0,4,0,0,0,0,0,2,2,35.66014888888889,139.81300583333334,4,3,0,0,0,0
1,30,771,277,2,0,1,20000,0,108,2023,7,10,19,58,21,4,33,18,59,1,1,1,1,1,9,22,0,0,19,9,30,70,5,2,1,75,45,3,61,31,0,1,0,1,0,11,0,4,0,10,0,2,0,2,0,2,0,4,2,35.65715888888889,139.8157163888889,2,3,81,0,9,0
1,30,771,278,2,0,1,20000,0,108,2023,7,10,18,35,13,4,33,18,59,1,1,1,7,7,0,0,0,0,5,9,1,70,4,2,1,65,1,3,61,1,0,1,0,1,0,11,0,4,0,50,0,3,0,2,0,2,0,4,2,35.68612833333333,139.81566333333333,2,3,9999,0,9,0
1,30,771,282,2,0,1,30000,0,108,2023,7,13,17,30,12,4,35,18,58,2,1,1,1,1,9,22,0,0,14,9,30,70,5,2,1,45,1,13,61,31,0,11,0,1,0,11,0,2,0,40,0,3,0,2,0,2,0,4,2,35.678909166666664,139.81721916666666,5,3,9999,0,9,0
1,30,772,228,2,0,1,30000,0,108,2023,7,4,7,30,12,4,30,19,1,1,1,1,1,7,9,22,0,0,18,9,30,70,4,2,1,1,75,51,61,41,0,0,0,0,0,0,0,0,0,10,0,4,0,0,0,0,0,4,2,35.70459972222223,139.8216525,3,3,0,0,0,0
1,30,772,241,2,0,1,10060,0,108,2023,7,10,16,30,12,4,33,18,59,1,1,1,1,1,9,22,0,0,15,9,30,70,4,2,1,55,75,3,61,31,0,1,0,1,0,11,0,1,0,50,0,4,0,2,0,2,0,4,2,35.689521666666664,139.82630472222223,2,3,9999,0,1,0
1,30,772,245,2,0,1,95000,0,108,2023,7,13,11,42,12,4,35,18,58,1,1,1,14,7,0,0,0,0,1,9,20,70,5,4,1,45,55,51,61,41,0,0,0,0,0,0,0,0,0,10,0,3,0,0,0,0,0,4,2,35.67505,139.84366277777778,5,3,0,0,0,0
1,30,772,247,2,0,1,10060,0,108,2023,7,15,14,38,12,4,36,18,57,1,1,1,1,1,9,22,0,0,17,9,30,70,4,2,1,55,45,3,61,31,0,1,0,1,0,11,0,1,0,80,0,3,0,2,0,2,0,4,2,35.690218611111106,139.839335,7,3,9999,0,9,0
1,30,772,253,2,0,1,30000,0,108,2023,7,21,16,52,12,4,40,18,54,1,1,1,1,7,9,22,0,0,11,9,30,70,5,2,1,25,55,36,61,31,0,0,0,0,0,11,0,1,0,10,0,3,0,0,0,0,0,4,2,35.68494777777777,139.82459138888888,6,3,9999,0,1,0
1,30,772,256,2,0,1,30000,0,108,2023,6,28,14,40,12,4,27,19,1,1,1,1,14,7,0,0,0,0,4,9,1,70,4,2,1,25,1,36,61,31,0,0,0,0,0,11,0,2,0,40,0,4,0,0,0,0,0,4,2,35.68424833333333,139.83415611111113,4,3,9999,0,1,0
1,30,772,269,2,0,1,30000,0,108,2023,7,31,8,20,12,4,48,18,47,1,1,1,14,7,0,0,0,0,3,9,1,70,5,3,1,75,45,36,61,31,0,0,0,0,0,11,0,2,0,40,0,4,0,0,0,0,0,4,2,35.68081166666666,139.82803694444445,2,3,136,0,9,0
1,30,772,270,2,0,1,30000,0,108,2023,7,31,16,44,12,4,48,18,47,1,1,1,14,7,0,0,0,0,3,9,1,70,4,1,1,55,1,34,61,31,0,0,0,0,0,11,0,2,0,10,0,4,0,0,0,0,0,4,2,35.68526055555555,139.83498472222223,2,3,9999,0,9,0
1,30,773,201,2,0,1,30000,0,107,2023,7,1,18,55,13,4,29,19,1,3,1,1,14,7,0,0,0,0,2,9,1,70,5,4,1,55,55,3,61,31,0,1,0,1,0,11,0,1,0,20,0,3,0,2,0,2,0,4,2,35.696661666666664,139.81667583333333,7,3,9999,0,9,0
1,30,773,208,2,0,1,30000,0,107,2023,7,10,11,52,12,4,33,18,59,1,1,1,14,7,0,0,0,0,3,9,1,70,5,3,1,55,65,24,61,0,0,0,0,0,0,11,0,2,0,20,0,3,0,0,0,0,0,4,2,35.69531361111111,139.80088694444444,2,3,9999,0,9,0
1,30,773,210,2,0,1,20680,0,107,2023,7,14,11,43,12,4,36,18,58,1,1,1,1,1,9,22,0,0,15,9,30,70,1,1,1,75,35,51,61,41,0,0,0,0,0,0,0,0,0,40,0,3,0,0,0,0,0,2,4,35.69702611111111,139.79743916666666,6,3,0,0,0,0
1,30,775,178,2,0,1,30000,0,122,2023,7,5,9,15,12,4,30,19,1,2,1,1,7,1,0,0,0,0,3,9,1,70,5,3,1,65,65,14,61,1,0,11,0,1,0,11,0,1,0,10,0,3,0,2,0,2,0,4,2,35.77037333333333,139.87845611111112,4,3,9999,0,9,0
1,30,775,189,2,0,1,30000,0,122,2023,6,29,7,27,12,4,28,19,1,1,1,1,1,7,1,21,0,0,15,9,30,1,5,3,1,35,65,14,61,1,0,11,0,1,0,11,0,2,0,10,0,4,0,2,0,2,0,4,2,35.74829305555556,139.83208666666667,5,3,0,0,0,0
1,30,775,203,2,0,1,95000,0,122,2023,7,26,7,30,12,4,44,18,51,1,1,1,14,7,0,0,0,0,2,9,20,70,5,4,1,1,45,51,61,41,0,0,0,0,0,0,0,0,0,10,0,3,0,0,0,0,0,4,2,35.75170583333333,139.8182486111111,4,3,0,0,0,0
1,30,776,232,2,0,1,30000,0,122,2023,7,3,18,55,13,4,29,19,1,1,1,1,14,7,0,0,0,0,3,9,1,70,5,1,1,45,75,3,61,31,0,1,0,1,0,11,0,3,0,10,0,3,0,2,0,2,0,4,2,35.74254666666667,139.850715,2,3,9999,0,1,0
1,30,776,248,2,0,1,95000,0,122,2023,5,26,10,15,12,4,29,18,47,1,1,1,0,7,0,0,0,0,0,0,20,70,0,4,1,75,0,61,0,0,0,0,0,0,0,0,0,0,0,0,0,0,0,0,0,0,0,2,0,35.71585277777778,139.85552166666668,6,3,0,0,0,0
1,30,776,252,2,0,1,30000,0,122,2023,7,20,7,30,12,4,40,18,55,1,1,1,14,7,0,0,0,0,3,9,1,70,5,3,1,75,45,4,61,31,0,1,0,1,0,11,0,5,0,30,0,3,0,2,0,2,0,4,2,35.728215,139.8442488888889,5,3,866,0,9,0
1,30,776,254,2,0,1,30000,0,122,2023,7,20,8,55,12,4,40,18,55,1,1,1,1,7,9,22,0,0,11,9,30,70,5,4,1,25,1,14,61,31,0,11,0,1,0,11,0,2,0,10,0,3,0,2,0,2,0,4,2,35.73310277777778,139.85011027777776,5,3,9999,0,1,0
1,30,776,262,2,0,1,30000,0,122,2023,7,25,16,35,12,4,43,18,52,1,1,1,14,7,0,0,0,0,2,9,1,70,4,3,1,25,35,14,61,1,0,11,0,1,0,11,0,2,0,10,0,3,0,2,0,2,0,4,2,35.717442500000004,139.85718055555554,3,3,9999,0,1,0
1,30,776,267,2,0,1,30000,0,122,2023,7,31,17,58,13,4,48,18,47,1,1,1,14,7,0,0,0,0,1,9,1,70,5,3,1,1,75,51,61,41,0,0,0,0,0,0,0,0,0,10,0,3,0,0,0,0,0,4,2,35.737161111111114,139.8439913888889,2,3,0,0,0,0
1,30,777,387,1,1,0,10290,0,123,2023,7,5,2,0,22,4,30,19,1,1,1,1,1,8,9,22,0,0,19,9,30,70,1,2,1,55,65,3,61,31,0,1,0,1,0,11,0,4,0,10,0,1,0,1,0,2,0,4,1,35.707301666666666,139.8405561111111,4,3,9999,0,1,0
1,30,777,407,2,0,1,30000,0,123,2023,7,12,12,0,12,4,34,18,59,1,1,1,14,7,0,0,0,0,2,9,1,70,4,2,1,55,75,13,61,31,0,11,0,1,0,11,0,2,0,10,0,3,0,2,0,2,0,4,2,35.68190305555555,139.88879972222222,4,3,9999,0,9,0
1,30,777,415,2,0,1,30000,0,123,2023,7,14,17,23,12,4,36,18,58,2,1,1,14,7,0,0,0,0,4,9,1,70,5,2,1,1,75,51,61,41,0,0,0,0,0,0,0,0,0,10,0,3,0,0,0,0,0,4,2,35.692634444444444,139.89743055555556,6,3,0,0,0,0
1,30,777,417,2,0,1,30000,0,123,2023,7,14,21,15,22,4,36,18,58,2,1,1,14,7,0,0,0,0,3,9,1,70,4,2,1,1,1,36,61,31,0,0,0,0,0,11,0,10,0,10,0,3,0,0,0,0,0,4,2,35.69269805555555,139.9088013888889,6,3,9999,0,5,0
1,30,777,424,2,0,1,30000,0,123,2023,7,18,13,40,12,4,38,18,56,1,1,1,14,7,0,0,0,0,3,9,1,70,4,2,1,1,55,51,61,41,0,0,0,0,0,0,0,0,0,10,0,3,0,0,0,0,0,4,2,35.705795,139.84437111111112,3,3,0,0,0,0