資料区分,都道府県コード,警察署等コード,本票番号,事故内容,死者数,負傷者数,路線コード,地点コード,市区町村コード,発生日時　　年,発生日時　　月,発生日時　　日,発生日時　　時,発生日時　　分,昼夜,日の出時刻　　時,日の出時刻　　分,日の入り時刻　　時,日の入り時刻　　分,天候,地形,路面状態,道路形状,信号機,一時停止規制　標識（当事者A）,一時停止規制　表示（当事者A）,一時停止規制　標識（当事者B）,一時停止規制　表示（当事者B）,車道幅員,道路線形,衝突地点,ゾーン規制,中央分離帯施設等,歩車道区分,事故類型,年齢（当事者A）,年齢（当事者B）,当事者種別（当事者A）,当事者種別（当事者B）,用途別（当事者A）,用途別（当事者B）,車両形状等（当事者A）,車両形状等（当事者B）,オートマチック車（当事者A）,オートマチック車（当事者B）,サポカー（当事者A）,サポカー（当事者B）,速度規制（指定のみ）（当事者A）,速度規制（指定のみ）（当事者B）,車両の衝突部位（当事者A）,車両の衝突部位（当事者B）,車両の損壊程度（当事者A）,車両の損壊程度（当事者B）,エアバッグの装備（当事者A）,エアバッグの装備（当事者B）,サイドエアバッグの装備（当事者A）,サイドエアバッグの装備（当事者B）,人身損傷程度（当事者A）,人身損傷程度（当事者B）,lat,lon,曜日(発生年月日),祝日(発生年月日),認知機能検査経過日数（当事者A）,認知機能検査経過日数（当事者B）,運転練習の方法（当事者A）,運転練習の方法（当事者B）
1,30,777,426,2,0,1,10380,0,123,2023,7,18,14,24,12,4,38,18,56,1,1,1,1,1,9,22,0,0,15,9,30,70,4,2,1,45,35,3,61,31,0,1,0,1,0,11,0,3,0,10,0,4,0,2,0,2,0,4,2,35.69759583333333,139.89997833333334,3,3,9999,0,9,0
1,30,777,428,2,0,1,10130,0,123,2023,7,20,12,0,12,4,40,18,55,1,1,1,1,1,9,22,0,0,15,9,30,70,1,2,1,75,45,13,61,31,0,11,0,1,0,11,0,2,0,10,0,3,0,2,0,2,0,4,2,35.68751194444444,139.88259083333335,5,3,9999,0,9,0
1,30,777,436,2,0,1,30000,0,123,2023,7,24,12,40,12,4,42,18,52,1,1,1,1,7,9,22,0,0,15,9,30,70,4,2,1,25,65,51,61,41,0,0,0,0,0,0,0,0,0,10,0,3,0,0,0,0,0,4,2,35.71237805555556,139.86307,2,3,0,0,0,0
1,30,777,445,2,0,1,21190,0,123,2023,6,24,9,55,12,4,26,19,1,1,1,1,14,7,0,0,0,0,4,9,1,70,4,1,1,35,75,52,61,41,0,0,0,0,0,0,0,0,0,0,0,4,0,0,0,0,0,4,2,35.70496638888889,139.8458916666667,7,3,0,0,0,0
1,30,777,460,2,0,1,30000,0,123,2023,7,28,12,30,12,4,45,18,49,1,1,1,14,7,0,0,0,0,3,9,1,70,4,2,1,75,35,3,61,31,0,1,0,1,0,11,0,2,0,10,0,3,0,2,0,2,0,4,2,35.69872722222222,139.8903686111111,6,3,854,0,9,0
1,30,778,149,2,0,1,30000,0,123,2023,7,4,8,43,12,4,30,19,1,1,1,1,14,7,0,0,0,0,2,9,1,70,5,3,1,65,35,3,61,31,0,1,0,1,0,11,0,10,0,40,0,3,0,2,0,2,0,4,2,35.73394166666667,139.88826805555556,3,3,9999,0,9,0
1,30,778,150,2,0,1,30000,0,123,2023,7,4,13,32,12,4,30,19,1,1,1,1,14,7,0,0,0,0,3,9,1,70,5,2,1,1,75,51,61,41,0,0,0,0,0,0,0,0,0,10,0,3,0,0,0,0,0,4,2,35.732974444444444,139.8811186111111,3,3,0,0,0,0
1,30,779,150,2,0,1,30000,0,123,2023,7,5,17,55,12,4,30,19,1,2,1,1,1,7,9,22,0,0,14,8,30,70,4,2,1,35,45,51,61,41,0,0,0,0,0,0,0,0,0,10,0,3,0,0,0,0,0,4,2,35.66495805555555,139.88487027777776,4,3,0,0,0,0
1,30,779,155,2,0,1,30000,0,123,2023,7,28,20,0,22,4,45,18,49,1,1,1,14,7,0,0,0,0,2,9,1,70,4,1,1,45,45,4,61,31,0,1,0,1,0,11,0,1,0,10,0,3,0,2,0,2,0,4,2,35.68563333333333,139.86245666666667,6,3,9999,0,9,0
1,30,779,157,2,0,1,95000,0,123,2023,7,29,19,20,21,4,46,18,49,1,1,1,14,7,0,0,0,0,3,9,20,70,4,4,1,1,45,51,61,41,0,0,0,0,0,0,0,0,0,40,0,4,0,0,0,0,0,4,2,35.65953611111111,139.8510597222222,7,3,0,0,0,0
1,30,876,203,2,0,1,30000,0,201,2023,6,5,7,55,12,4,26,18,54,1,1,1,14,7,0,0,0,0,1,9,1,70,4,1,1,1,35,51,61,41,0,0,0,0,0,0,0,0,0,10,0,4,0,0,0,0,0,4,2,35.626158333333336,139.3284997222222,2,3,0,0,0,0
1,30,876,207,2,0,1,30000,0,201,2023,7,13,13,15,12,4,35,18,58,2,1,1,1,1,9,22,0,0,14,9,30,70,4,2,1,75,75,4,61,31,0,1,0,1,0,11,0,3,0,80,0,3,0,2,0,2,0,4,2,35.63789333333333,139.35836749999999,5,3,209,0,9,0
1,30,876,216,2,0,1,99000,0,201,2023,7,23,20,22,22,4,42,18,53,1,1,1,0,7,0,0,0,0,0,0,20,70,0,4,1,45,1,51,61,41,0,0,0,0,0,0,0,0,0,10,0,4,0,0,0,0,0,4,2,35.61449833333334,139.37940361111112,1,3,0,0,0,0
1,30,876,217,2,0,1,99000,0,201,2023,4,4,7,50,12,5,24,18,5,1,1,1,0,7,0,0,0,0,0,0,20,70,0,4,1,65,55,3,61,31,0,1,0,1,0,11,0,10,0,30,0,4,0,2,0,2,0,4,2,35.63169555555556,139.3953175,3,3,9999,0,9,0
1,30,876,227,2,0,1,30000,0,201,2023,7,31,10,10,12,4,48,18,47,1,1,1,1,7,9,22,0,0,14,9,30,70,5,2,1,75,1,4,61,31,0,1,0,1,0,11,0,3,0,10,0,3,0,2,0,2,0,4,2,35.6267225,139.40348472222223,2,3,488,0,9,0
1,30,877,249,2,0,1,30000,0,201,2023,7,7,18,50,13,4,31,19,0,1,3,1,14,7,0,0,0,0,2,7,1,70,5,2,1,75,1,3,61,31,0,1,0,1,0,11,0,2,0,40,0,4,0,2,0,2,0,4,2,35.640907222222225,139.29075444444445,6,3,998,0,9,0
1,30,877,253,2,0,1,30000,0,201,2023,7,11,18,2,13,4,34,18,59,1,1,1,1,7,1,21,0,0,15,9,30,70,4,3,1,45,1,3,61,31,0,1,0,1,0,11,0,2,0,10,0,3,0,2,0,2,0,4,2,35.64559527777778,139.3058988888889,3,3,9999,0,5,0
1,30,877,255,2,0,1,20770,0,201,2023,7,13,7,45,12,4,35,18,58,3,2,2,1,1,9,22,0,0,14,9,30,70,4,1,1,55,75,17,61,31,0,11,0,2,0,11,0,3,0,50,0,2,0,2,0,2,0,4,2,35.63418333333333,139.3139013888889,5,3,9999,0,9,0
1,30,877,258,2,0,1,30000,0,201,2023,7,14,14,45,12,4,36,18,58,1,2,1,1,7,9,22,0,0,14,9,30,70,4,1,1,25,1,4,61,31,0,1,0,1,0,11,0,2,0,10,0,3,0,2,0,2,0,4,2,35.68284833333333,139.28998444444443,6,3,9999,0,1,0
1,30,877,260,2,0,1,30000,0,201,2023,7,18,20,52,22,4,38,18,56,1,2,1,14,7,0,0,0,0,3,8,1,70,4,2,1,25,45,51,61,41,0,0,0,0,0,0,0,0,0,12,0,3,0,0,0,0,0,2,4,35.62490138888889,139.31607722222225,3,3,0,0,0,0
1,30,877,273,2,0,1,30000,0,201,2023,7,30,8,8,12,4,47,18,48,1,2,1,14,7,0,0,0,0,1,9,1,70,5,4,1,65,75,52,61,41,0,0,0,0,0,0,0,0,0,40,0,3,0,0,0,0,0,4,2,35.63926166666667,139.2925261111111,1,3,0,0,0,0
1,30,878,243,2,0,1,30000,0,224,2023,6,3,1,40,22,4,26,18,52,3,1,2,1,1,9,22,0,0,14,7,30,70,1,2,1,35,75,36,61,31,0,0,0,0,0,11,0,10,0,10,0,3,0,0,0,0,0,4,2,35.62587777777778,139.42563194444443,7,3,9999,0,9,0
1,30,878,251,2,0,1,30000,0,224,2023,7,5,19,10,21,4,30,19,1,3,2,2,1,7,9,22,0,0,11,7,30,70,4,2,1,45,25,3,61,31,0,1,0,1,0,11,0,3,0,20,0,3,0,2,0,2,0,4,2,35.63478694444444,139.45257805555553,4,3,9999,0,9,0
1,30,878,262,2,0,1,30000,0,224,2023,7,13,19,50,21,4,35,18,58,2,2,1,1,7,9,22,0,0,11,9,30,70,5,2,1,65,55,3,61,31,0,1,0,1,0,11,0,5,0,10,0,3,0,1,0,2,0,4,2,35.642380277777775,139.44066083333334,5,3,9999,0,9,0
1,30,878,266,2,0,1,30000,0,225,2023,7,16,18,40,13,4,37,18,57,1,2,1,14,7,0,0,0,0,2,9,1,70,4,2,1,45,1,51,61,41,0,0,0,0,0,0,0,0,0,10,0,3,0,0,0,0,0,4,2,35.60769972222222,139.49912666666665,1,2,0,0,0,0
1,30,878,268,2,0,1,30000,0,224,2023,7,17,19,40,21,4,37,18,57,1,2,1,14,7,0,0,0,0,3,9,1,70,4,1,1,55,55,3,61,1,0,1,0,1,0,11,0,3,0,10,0,3,0,2,0,2,0,4,2,35.624635,139.4242561111111,2,1,9999,0,9,0
1,30,879,272,2,0,1,30000,0,223,2023,7,1,22,10,22,4,29,19,1,3,1,2,14,7,0,0,0,0,3,9,1,70,4,1,1,55,25,3,61,31,0,1,0,1,0,11,0,2,0,80,0,3,0,2,0,2,0,4,2,35.74610388888889,139.3965797222222,7,3,9999,0,9,0
1,30,879,287,2,0,1,10250,0,223,2023,7,14,17,35,12,4,36,18,58,2,2,1,14,7,0,0,0,0,3,9,1,70,4,2,1,55,35,4,61,31,0,1,0,1,0,11,0,4,0,30,0,3,0,2,0,2,0,4,2,35.752205,139.38346027777777,6,3,9999,0,9,0
1,30,879,310,2,0,1,30000,0,223,2023,7,30,13,55,12,4,47,18,48,1,2,1,14,7,0,0,0,0,3,9,1,70,4,2,1,25,1,51,61,41,0,0,0,0,0,0,0,0,0,10,0,3,0,0,0,0,0,4,2,35.734989722222224,139.39617222222222,1,3,0,0,0,0
1,30,880,120,2,0,1,30000,0,205,2023,7,5,20,40,22,4,30,19,1,3,1,2,1,1,9,22,0,0,15,9,30,70,4,2,1,55,45,3,61,31,0,1,0,1,0,11,0,3,0,10,0,3,0,2,0,2,0,4,2,35.79073111111111,139.28997722222223,4,3,9999,0,9,0
1,30,880,124,2,0,1,30000,0,205,2023,6,20,17,5,12,4,25,19,0,1,2,1,1,1,9,22,0,0,15,9,30,70,5,2,1,75,1,4,61,31,0,1,0,1,0,11,0,5,0,10,0,4,0,2,0,2,0,4,2,35.79242444444444,139.29272833333334,3,3,775,0,9,0
1,30,880,127,2,0,1,99000,0,205,2023,7,16,11,15,12,4,37,18,57,1,2,1,0,7,0,0,0,0,0,0,20,70,0,4,1,45,25,4,61,31,0,1,0,1,0,11,0,10,0,60,0,4,0,2,0,2,0,4,2,35.79074055555555,139.30911694444447,1,2,9999,0,5,0
1,30,880,130,2,0,1,10240,0,205,2023,7,20,9,20,12,4,40,18,55,1,1,1,1,1,9,22,0,0,17,9,30,70,4,2,1,55,65,14,61,31,0,11,0,1,0,11,0,2,0,10,0,3,0,2,0,2,0,4,2,35.78633472222222,139.26263,5,3,9999,0,9,0
1,30,880,133,2,0,1,30000,0,205,2023,7,26,16,47,12,4,44,18,51,1,1,1,1,1,9,22,0,0,15,9,30,70,4,2,1,55,75,3,61,31,0,1,0,1,0,11,0,3,0,50,0,3,0,2,0,2,0,4,2,35.79429416666667,139.2917338888889,4,3,9999,0,9,0
1,30,880,134,2,0,1,10240,0,205,2023,7,2,11,25,12,4,29,19,1,1,3,1,14,7,0,0,0,0,3,9,1,70,4,3,1,65,55,3,61,31,0,1,0,1,0,11,0,3,0,0,0,4,0,2,0,2,0,4,2,35.80283361111111,139.17662444444443,1,3,9999,0,9,0
1,30,882,193,2,0,1,20000,0,228,2023,7,3,5,10,11,4,29,19,1,1,2,1,12,1,0,0,0,0,4,2,1,70,4,1,1,35,75,51,61,41,0,0,0,0,0,0,0,0,0,10,0,3,0,0,0,0,0,4,2,35.74921694444445,139.30924972222223,2,3,0,0,0,0
1,30,882,196,2,0,1,30000,0,227,2023,7,4,20,27,22,4,30,19,1,1,2,1,1,1,9,22,0,0,15,9,30,70,4,2,1,55,1,4,61,31,0,1,0,1,0,11,0,3,0,50,0,3,0,2,0,2,0,4,2,35.77711083333333,139.32061222222222,3,3,9999,0,9,0
1,30,883,322,2,0,1,30000,0,201,2023,7,17,12,0,12,4,37,18,57,1,1,1,14,7,0,0,0,0,1,9,1,70,5,3,1,55,65,4,61,31,0,1,0,1,0,11,0,2,0,10,0,3,0,2,0,2,0,4,2,35.65715222222222,139.31213861111112,2,1,9999,0,9,0
1,30,883,325,2,0,1,30000,0,201,2023,7,6,19,30,21,4,31,19,0,1,1,1,1,7,1,21,0,0,14,9,30,70,5,3,1,65,55,4,61,31,0,1,0,1,0,11,0,1,0,10,0,3,0,2,0,2,0,4,2,35.65705472222222,139.31188444444444,5,3,9999,0,1,0
1,30,883,334,2,0,1,30000,0,201,2023,7,12,18,0,13,4,34,18,59,2,2,1,1,7,8,21,0,0,14,9,30,70,5,1,1,65,45,3,61,31,0,1,0,1,0,11,0,5,0,20,0,3,0,2,0,2,0,4,2,35.6586225,139.34257861111112,4,3,9999,0,9,0
1,30,883,336,2,0,1,21200,0,201,2023,7,26,17,11,12,4,44,18,51,1,1,1,14,7,0,0,0,0,1,7,1,70,5,4,1,65,55,3,61,31,0,1,0,1,0,11,0,10,0,80,0,4,0,2,0,2,0,4,2,35.66402361111111,139.3238963888889,4,3,9999,0,9,0
1,30,883,337,2,0,1,30000,0,201,2023,7,27,7,35,12,4,45,18,50,1,1,1,14,7,0,0,0,0,2,9,1,70,5,2,1,45,45,3,61,1,0,1,0,1,0,11,0,10,0,10,0,3,0,2,0,2,0,4,2,35.65631555555555,139.31268722222222,5,3,9999,0,9,0
1,30,883,343,2,0,1,30000,0,201,2023,7,1,12,40,12,4,29,19,1,2,3,1,21,7,0,0,0,0,1,9,20,70,5,3,1,55,25,3,61,31,0,1,0,1,0,11,0,2,0,20,0,3,0,2,0,2,0,4,2,35.67944527777777,139.36956944444447,7,3,9999,0,9,0
1,30,884,358,2,0,1,30560,0,209,2023,7,3,10,50,12,4,29,19,1,1,2,1,1,1,9,22,0,0,15,9,30,70,4,1,1,75,65,4,61,31,0,1,0,1,0,11,0,3,0,10,0,3,0,2,0,2,0,4,2,35.549861111111106,139.43413611111112,2,3,777,0,9,0
1,30,884,364,2,0,1,30000,0,209,2023,7,5,21,15,22,4,30,19,1,3,1,2,1,1,9,22,0,0,18,9,30,70,1,2,1,65,35,3,61,1,0,1,0,1,0,11,0,3,0,10,0,3,0,2,0,2,0,4,2,35.544939166666666,139.45043555555554,4,3,9999,0,9,0
1,30,884,367,2,0,1,30570,0,209,2023,3,24,16,30,12,5,40,17,56,3,2,2,14,7,0,0,0,0,4,9,1,1,4,2,1,75,75,35,61,31,0,0,0,0,0,11,0,3,0,10,0,3,0,0,0,0,0,4,2,35.56685388888889,139.42461555555553,6,3,1096,0,9,0
1,30,884,373,2,0,1,30000,0,209,2023,4,6,18,5,13,5,22,18,6,1,1,1,1,7,9,22,0,0,11,8,30,70,5,3,1,55,1,14,61,1,0,11,0,1,0,11,0,5,0,10,0,3,0,2,0,2,0,4,2,35.56135416666666,139.46479777777776,5,3,9999,0,9,0
1,30,884,379,2,0,1,20750,0,209,2023,7,13,12,30,12,4,35,18,58,2,1,1,7,1,0,0,0,0,3,9,1,70,4,2,1,35,75,14,61,1,0,11,0,1,0,11,0,3,0,10,0,3,0,2,0,2,0,4,2,35.582862777777784,139.42375249999998,5,3,9999,0,5,0
1,30,884,382,2,0,1,10490,0,209,2023,7,14,10,30,12,4,36,18,58,1,2,1,1,1,9,22,0,0,15,9,30,70,4,2,1,45,65,3,61,31,0,1,0,1,0,11,0,3,0,10,0,3,0,2,0,2,0,4,2,35.572681388888896,139.42024277777776,6,3,9999,0,1,0
1,30,884,391,2,0,1,20000,0,209,2023,7,20,12,28,12,4,40,18,55,1,1,1,1,2,9,22,0,0,15,9,30,70,5,2,1,25,1,4,61,31,0,1,0,1,0,11,0,3,0,40,0,3,0,2,0,2,0,4,2,35.57819305555556,139.43285805555556,5,3,9999,0,9,0
1,30,884,393,2,0,2,30000,0,209,2023,7,20,20,26,22,4,40,18,55,1,2,1,14,7,0,0,0,0,3,9,1,70,4,2,1,1,65,36,61,31,0,0,0,0,0,11,0,2,0,10,0,3,0,0,0,0,0,2,2,35.54696361111111,139.44441361111112,5,3,9999,0,5,0
1,30,884,402,2,0,1,30000,0,209,2023,7,24,14,5,12,4,42,18,52,1,1,1,1,7,9,22,0,0,11,9,30,70,4,2,1,35,1,3,61,31,0,1,0,1,0,11,0,2,0,10,0,3,0,2,0,2,0,4,2,35.54751888888889,139.44390972222223,2,3,9999,0,5,0
1,30,884,404,2,0,1,10490,0,209,2023,4,27,19,35,22,4,54,18,24,1,1,1,14,7,0,0,0,0,3,9,1,1,4,3,1,45,1,3,61,31,0,1,0,1,0,11,0,3,0,50,0,3,0,2,0,2,0,4,2,35.51914083333333,139.47214194444445,5,3,9999,0,9,0
1,30,884,406,2,0,1,10610,0,209,2023,7,26,9,50,12,4,44,18,51,1,1,1,1,7,9,22,0,0,14,9,30,70,1,2,1,45,65,3,61,31,0,1,0,1,0,11,0,3,0,50,0,3,0,2,0,2,0,4,2,35.57246277777778,139.46540666666667,4,3,9999,0,9,0
1,30,885,141,2,0,1,30000,0,212,2023,7,2,18,33,13,4,29,19,1,1,1,1,14,7,0,0,0,0,2,9,1,70,5,4,1,1,25,51,61,41,0,0,0,0,0,0,0,0,0,10,0,4,0,0,0,0,0,4,2,35.65844166666667,139.41531166666667,1,3,0,0,0,0
1,30,885,145,2,0,1,30000,0,212,2023,6,28,18,44,13,4,27,19,1,1,1,1,14,7,0,0,0,0,4,9,1,70,5,2,1,55,1,3,61,1,0,1,0,1,0,11,0,2,0,40,0,3,0,2,0,2,0,4,2,35.65994305555555,139.38154666666668,4,3,9999,0,9,0
1,30,885,154,2,0,1,20780,0,212,2023,7,29,14,40,12,4,46,18,49,1,2,1,1,1,9,22,0,0,18,9,30,70,1,2,1,25,1,11,61,1,0,11,0,1,0,11,0,1,0,10,0,3,0,2,0,2,0,4,2,35.67889472222222,139.40827555555555,7,3,9999,0,5,0
1,30,886,241,2,0,1,30000,0,207,2023,7,4,7,35,12,4,30,19,1,1,1,1,1,7,9,22,0,0,14,9,30,70,5,2,1,55,55,51,61,41,0,0,0,0,0,0,0,0,0,10,0,3,0,0,0,0,0,4,2,35.70877,139.37597333333335,3,3,0,0,0,0
1,30,886,242,2,0,1,30810,0,207,2023,7,4,11,13,12,4,30,19,1,1,2,1,1,1,9,22,0,0,15,9,30,70,4,2,1,45,75,3,61,31,0,1,0,1,0,11,0,3,0,10,0,4,0,2,0,2,0,4,2,35.71906555555556,139.34387750000002,3,3,9999,0,1,0
1,30,886,246,2,0,1,21300,0,207,2023,7,6,18,14,13,4,31,19,0,1,2,1,14,7,0,0,0,0,3,8,1,70,4,1,1,55,25,3,61,31,0,1,0,1,0,11,0,3,0,60,0,4,0,2,0,2,0,4,2,35.70075416666667,139.3675702777778,5,3,9999,0,9,0
1,30,886,254,2,0,1,30810,0,207,2023,7,12,11,31,12,4,34,18,59,1,2,1,1,1,9,22,0,0,15,9,30,70,4,2,1,25,1,3,61,31,0,1,0,2,0,11,0,3,0,50,0,4,0,2,0,2,0,4,2,35.71337527777778,139.3585986111111,4,3,9999,0,1,0
1,30,886,260,2,0,1,30000,0,207,2023,7,19,19,55,22,4,39,18,55,1,1,1,1,7,9,22,0,0,17,9,30,1,5,3,1,25,25,3,61,31,0,1,0,1,0,11,0,3,0,10,0,3,0,2,0,2,0,4,2,35.70979861111111,139.37292250000002,4,3,9999,0,1,0
1,30,886,268,2,0,1,30810,0,207,2023,7,25,7,30,12,4,43,18,52,1,1,1,14,7,0,0,0,0,3,9,1,70,4,1,1,55,45,51,61,41,0,0,0,0,0,0,0,0,0,10,0,3,0,0,0,0,0,4,2,35.71890166666667,139.34403583333335,3,3,0,0,0,0
1,30,886,271,2,0,1,30810,0,207,2023,7,27,11,40,12,4,45,18,50,1,1,1,1,1,9,22,0,0,11,9,30,70,4,2,1,65,35,4,61,31,0,1,0,1,0,11,0,3,0,10,0,3,0,2,0,2,0,4,2,35.70848666666667,139.37159861111112,5,3,9999,0,9,0
1,30,887,336,2,0,1,30000,0,215,2023,7,1,18,50,13,4,29,19,1,2,1,2,1,7,1,21,0,0,15,9,30,70,1,2,1,45,65,4,61,31,0,1,0,1,0,11,0,2,0,10,0,3,0,2,0,2,0,4,2,35.68664555555555,139.42318583333332,7,3,9999,0,1,0
1,30,887,337,2,0,1,10520,0,202,2023,7,1,22,55,22,4,29,19,1,3,1,2,1,1,9,22,0,0,19,9,30,70,4,1,1,25,1,3,61,31,0,1,0,1,0,11,0,3,0,10,0,3,0,2,0,2,0,4,2,35.721830555555556,139.43259944444443,7,3,9999,0,5,0
1,30,887,344,2,0,1,30000,0,202,2023,7,3,11,20,12,4,29,19,1,1,2,1,14,7,0,0,0,0,1,9,1,70,5,4,1,55,55,2,61,31,0,1,0,2,0,11,0,10,0,30,0,3,0,2,0,2,0,4,2,35.72784472222222,139.35824722222222,2,3,9999,0,9,0
1,30,887,345,2,0,1,30000,0,215,2023,7,3,14,38,12,4,29,19,1,1,2,1,1,1,9,22,0,0,14,9,30,70,4,2,1,65,1,3,61,31,0,1,0,1,0,11,0,2,0,10,0,3,0,2,0,2,0,4,2,35.683548888888886,139.44730305555555,2,3,9999,0,9,0
1,30,887,362,2,0,1,30000,0,202,2023,7,4,7,45,12,4,30,19,1,1,2,1,14,7,0,0,0,0,1,9,1,70,5,3,1,75,55,3,61,31,0,1,0,1,0,11,0,2,0,40,0,3,0,2,0,2,0,4,2,35.730019722222224,139.40366083333333,3,3,579,0,9,0
1,30,887,380,2,0,1,30000,0,202,2023,7,14,20,5,22,4,36,18,58,1,1,1,1,7,1,21,0,0,14,9,30,70,5,2,1,35,35,4,61,31,0,1,0,1,0,11,0,10,0,20,0,3,0,2,0,2,0,4,2,35.69859388888889,139.41519333333335,6,3,9999,0,1,0
1,30,887,385,2,0,1,10520,0,202,2023,7,2,19,30,21,4,29,19,1,1,1,1,1,7,1,21,0,0,14,9,30,70,4,1,1,25,25,4,61,31,0,1,0,1,0,11,0,3,0,10,0,3,0,2,0,2,0,4,2,35.70549805555556,139.4192997222222,1,3,9999,0,1,0
1,30,887,389,2,0,1,30000,0,202,2023,5,19,23,50,22,4,34,18,42,3,1,2,14,7,0,0,0,0,3,9,1,70,5,3,1,1,45,34,61,31,0,0,0,0,0,11,0,2,0,10,0,3,0,0,0,0,0,4,2,35.727695000000004,139.39517388888888,6,3,9999,0,1,0
1,30,888,163,2,0,1,30000,0,206,2023,6,21,7,40,12,4,25,19,0,1,1,1,14,7,0,0,0,0,1,9,1,70,5,2,1,45,1,51,61,41,0,0,0,0,0,0,0,0,0,10,0,4,0,0,0,0,0,4,2,35.68462972222222,139.48862055555554,4,3,0,0,0,0
1,30,888,165,2,0,1,30000,0,206,2023,5,2,16,0,12,4,49,18,28,1,1,1,14,7,0,0,0,0,3,9,1,70,5,3,1,55,35,3,61,31,0,1,0,1,0,11,0,2,0,40,0,3,0,2,0,2,0,4,2,35.67660222222222,139.46736583333333,3,2,9999,0,9,0
1,30,888,166,2,0,1,30000,0,206,2023,7,10,0,25,22,4,33,18,59,1,1,1,14,7,0,0,0,0,2,9,1,70,5,2,1,25,35,13,61,31,0,11,0,1,0,11,0,10,0,70,0,4,0,2,0,2,0,4,2,35.66426361111111,139.51143055555556,2,3,9999,0,1,0
1,30,888,167,2,0,1,20890,0,206,2023,7,16,16,0,12,4,37,18,57,1,1,1,1,1,9,22,0,0,14,9,30,70,4,2,1,65,1,3,61,31,0,1,0,1,0,11,0,2,0,40,0,3,0,2,0,2,0,4,2,35.66887666666666,139.50495,1,2,9999,0,9,0
1,30,889,199,2,0,1,30000,0,214,2023,7,3,6,0,12,4,29,19,1,1,1,1,14,7,0,0,0,0,2,9,1,70,5,3,1,55,55,14,61,31,0,11,0,1,0,11,0,1,0,80,0,3,0,2,0,2,0,4,2,35.693060277777775,139.47499666666667,2,3,9999,0,9,0
1,30,889,215,2,0,1,30000,0,214,2023,7,20,8,15,12,4,40,18,55,1,1,1,14,7,0,0,0,0,2,9,1,70,5,3,1,45,1,36,61,31,0,0,0,0,0,11,0,10,0,10,0,3,0,0,0,0,0,4,2,35.69759166666666,139.464995,5,3,9999,0,1,0
1,30,889,218,2,0,1,30000,0,214,2023,7,23,17,5,12,4,42,18,53,1,1,1,14,7,0,0,0,0,2,9,1,70,5,3,1,55,45,3,61,31,0,1,0,1,0,11,0,2,0,40,0,3,0,2,0,2,0,4,2,35.71991916666667,139.45051194444443,1,3,9999,0,9,0
1,30,889,226,2,0,1,10750,0,210,2023,7,28,22,14,22,4,45,18,49,1,1,1,1,1,9,22,0,0,15,9,30,70,1,1,1,45,25,3,61,31,0,1,0,1,0,11,0,5,0,10,0,3,0,2,0,2,0,4,2,35.689339999999994,139.50044277777778,6,3,9999,0,9,0
1,30,889,230,2,0,1,10560,0,210,2023,7,31,9,10,12,4,48,18,47,1,1,1,1,1,9,22,0,0,14,9,30,70,4,2,1,75,35,3,61,31,0,1,0,1,0,11,0,2,0,20,0,3,0,2,0,2,0,4,2,35.69100861111111,139.50246083333334,2,3,196,0,5,0
1,30,890,197,2,0,1,30000,0,222,2023,7,2,13,5,12,4,29,19,1,1,1,1,1,1,9,22,0,0,18,9,30,70,4,2,1,65,35,4,61,31,0,1,0,1,0,11,0,2,0,10,0,3,0,2,0,2,0,4,2,35.76542527777778,139.54266777777778,1,3,9999,0,9,0
1,30,890,204,2,0,1,30000,0,222,2023,6,22,14,40,12,4,26,19,0,2,1,1,1,1,9,22,0,0,15,9,30,70,4,1,1,45,1,3,61,31,0,1,0,1,0,11,0,1,0,10,0,3,0,2,0,2,0,4,2,35.75098,139.50686972222223,5,3,9999,0,9,0
1,30,890,206,2,0,1,30000,0,222,2023,7,6,18,10,13,4,31,19,0,1,1,1,14,7,0,0,0,0,1,9,1,70,5,4,1,1,75,51,61,41,0,0,0,0,0,0,0,0,0,10,0,3,0,0,0,0,0,4,2,35.76018888888889,139.54111083333333,5,3,0,0,0,0
1,30,890,214,2,0,1,30000,0,229,2023,7,29,18,11,13,4,46,18,49,1,1,1,1,1,9,22,0,0,14,9,30,70,4,1,1,55,75,3,61,31,0,1,0,1,0,11,0,3,0,10,0,3,0,2,0,2,0,4,2,35.75222388888889,139.55479416666668,7,3,9999,0,9,0
1,30,890,216,2,0,1,30000,0,229,2023,7,31,8,10,12,4,48,18,47,1,1,1,1,7,9,22,0,0,11,9,30,70,4,2,1,35,35,3,61,31,0,1,0,1,0,11,0,1,0,50,0,3,0,2,0,2,0,4,2,35.75145111111111,139.54456916666666,2,3,9999,0,1,0
1,30,890,222,2,0,1,30000,0,222,2023,5,26,9,45,12,4,29,18,47,1,1,1,1,1,9,22,0,0,15,9,30,70,5,1,1,75,75,3,61,31,0,1,0,1,0,11,0,2,0,10,0,3,0,2,0,2,0,4,2,35.77007277777778,139.54292694444445,6,3,535,0,9,0
1,30,891,229,2,0,1,30000,0,213,2023,7,5,13,20,12,4,30,19,1,2,1,1,1,7,9,22,0,0,14,9,30,70,4,3,1,75,65,3,61,31,0,1,0,1,0,11,0,2,0,10,0,3,0,2,0,2,0,4,2,35.76199555555556,139.46518555555554,4,3,280,0,9,0