資料区分,都道府県コード,警察署等コード,本票番号,事故内容,死者数,負傷者数,路線コード,地点コード,市区町村コード,発生日時　　年,発生日時　　月,発生日時　　日,発生日時　　時,発生日時　　分,昼夜,日の出時刻　　時,日の出時刻　　分,日の入り時刻　　時,日の入り時刻　　分,天候,地形,路面状態,道路形状,信号機,一時停止規制　標識（当事者A）,一時停止規制　表示（当事者A）,一時停止規制　標識（当事者B）,一時停止規制　表示（当事者B）,車道幅員,道路線形,衝突地点,ゾーン規制,中央分離帯施設等,歩車道区分,事故類型,年齢（当事者A）,年齢（当事者B）,当事者種別（当事者A）,当事者種別（当事者B）,用途別（当事者A）,用途別（当事者B）,車両形状等（当事者A）,車両形状等（当事者B）,オートマチック車（当事者A）,オートマチック車（当事者B）,サポカー（当事者A）,サポカー（当事者B）,速度規制（指定のみ）（当事者A）,速度規制（指定のみ）（当事者B）,車両の衝突部位（当事者A）,車両の衝突部位（当事者B）,車両の損壊程度（当事者A）,車両の損壊程度（当事者B）,エアバッグの装備（当事者A）,エアバッグの装備（当事者B）,サイドエアバッグの装備（当事者A）,サイドエアバッグの装備（当事者B）,人身損傷程度（当事者A）,人身損傷程度（当事者B）,lat,lon,曜日(発生年月日),祝日(発生年月日),認知機能検査経過日数（当事者A）,認知機能検査経過日数（当事者B）,運転練習の方法（当事者A）,運転練習の方法（当事者B）
1,30,891,232,2,0,1,30000,0,213,2023,7,10,13,20,12,4,33,18,59,1,1,1,1,1,9,22,0,0,15,9,30,70,4,2,1,45,25,3,61,31,0,1,0,1,0,11,0,3,0,10,0,3,0,2,0,2,0,4,2,35.749609166666666,139.46965666666668,2,3,9999,0,9,0
1,30,891,233,2,0,1,30000,0,221,2023,7,10,17,20,12,4,33,18,59,1,1,1,1,1,9,22,0,0,15,9,30,70,4,2,1,75,1,4,61,31,0,1,0,1,0,11,0,3,0,10,0,3,0,2,0,2,0,4,2,35.800467499999996,139.54118444444444,2,3,90,0,9,0
1,30,891,234,2,0,1,30000,0,213,2023,6,8,17,50,12,4,25,18,55,2,1,1,14,7,0,0,0,0,3,7,1,70,5,3,1,25,25,3,61,31,0,1,0,1,0,11,0,1,0,40,0,4,0,2,0,2,0,4,2,35.7784475,139.4944172222222,5,3,9999,0,1,0
1,30,891,247,2,0,1,30000,0,213,2023,7,21,11,25,12,4,40,18,54,1,1,1,1,1,9,22,0,0,14,9,30,70,5,2,1,55,65,3,61,31,0,1,0,1,0,11,0,3,0,10,0,3,0,2,0,2,0,4,2,35.75161361111111,139.47479083333334,6,3,9999,0,9,0
1,30,892,178,1,1,0,30000,0,203,2023,7,17,2,55,22,4,37,18,57,1,1,1,14,7,0,0,0,0,3,9,1,70,5,3,1,25,35,3,61,31,0,1,0,1,0,11,0,2,0,10,0,3,0,2,0,2,0,4,1,35.70283194444445,139.58496611111113,2,1,9999,0,1,0
1,30,892,180,2,0,1,20270,0,203,2023,5,19,2,25,22,4,34,18,42,1,1,1,14,7,0,0,0,0,4,8,1,70,4,2,1,35,1,51,61,41,0,0,0,0,0,0,0,0,0,10,0,3,0,0,0,0,0,4,2,35.70607277777778,139.56657416666667,6,3,0,0,0,0
1,30,892,187,2,0,1,30000,0,203,2023,7,3,20,23,22,4,29,19,1,1,1,1,14,7,0,0,0,0,3,9,1,70,4,1,1,1,0,61,0,0,0,0,0,0,0,0,0,0,0,0,0,0,0,0,0,0,0,2,0,35.703586388888894,139.56101055555555,2,3,0,0,0,0
1,30,892,193,2,0,1,30000,0,203,2023,7,9,0,18,22,4,33,19,0,2,1,1,14,7,0,0,0,0,2,9,1,70,5,4,1,1,55,3,61,31,0,1,0,1,0,11,0,5,0,40,0,3,0,2,0,2,0,4,2,35.70364166666667,139.54286555555555,1,3,9999,0,1,0
1,30,892,196,2,0,1,30000,0,203,2023,7,4,2,40,22,4,30,19,1,2,1,1,1,3,9,22,0,0,17,9,30,70,4,2,1,55,65,3,61,1,0,1,0,1,0,11,0,2,0,50,0,3,0,2,0,2,0,4,2,35.700969722222226,139.56628722222223,3,3,9999,0,9,0
1,30,892,203,2,0,1,20910,0,203,2023,7,22,23,35,22,4,41,18,54,1,1,1,1,1,9,22,0,0,15,9,30,70,4,2,1,55,45,3,61,1,0,1,0,1,0,11,0,3,0,0,0,4,0,2,0,2,0,4,2,35.70074944444445,139.5385263888889,7,3,9999,0,9,0
1,30,892,209,2,0,1,30000,0,203,2023,7,9,22,28,22,4,33,19,0,1,1,1,14,7,0,0,0,0,5,9,1,70,5,1,1,1,55,3,61,31,0,1,0,1,0,11,0,5,0,10,0,3,0,2,0,2,0,4,2,35.702332222222225,139.544265,1,3,9999,0,1,0
1,30,893,152,2,0,1,99000,0,204,2023,7,3,11,45,12,4,29,19,1,1,1,1,0,7,0,0,0,0,0,0,20,70,0,2,1,65,75,51,61,41,0,0,0,0,0,0,0,0,0,10,0,4,0,0,0,0,0,4,2,35.70189277777778,139.5604866666667,2,3,0,0,0,0
1,30,893,157,2,0,1,30000,0,204,2023,5,30,8,25,12,4,28,18,50,1,1,1,14,7,0,0,0,0,3,9,1,70,5,2,1,65,25,51,61,41,0,0,0,0,0,0,0,0,0,10,0,3,0,0,0,0,0,4,2,35.67740666666666,139.56762694444444,3,3,0,0,0,0
1,30,893,162,2,0,1,20910,0,204,2023,7,15,12,50,12,4,36,18,57,1,1,1,7,7,0,0,0,0,3,9,1,70,5,2,1,75,75,51,61,41,0,0,0,0,0,0,0,0,0,10,0,4,0,0,0,0,0,4,2,35.68022138888889,139.53869527777778,7,3,0,0,0,0
1,30,893,165,2,0,1,30000,0,204,2023,7,11,16,7,12,4,34,18,59,1,1,1,14,7,0,0,0,0,3,9,1,70,5,2,1,75,1,3,61,31,0,1,0,1,0,11,0,3,0,10,0,3,0,2,0,2,0,4,2,35.698899999999995,139.56600222222224,3,3,893,0,9,0
1,30,893,181,2,0,1,20880,0,204,2023,7,29,19,25,21,4,46,18,49,1,1,1,14,7,0,0,0,0,2,9,1,70,4,3,1,25,65,51,61,41,0,0,0,0,0,0,0,0,0,10,0,3,0,0,0,0,0,4,2,35.69015361111111,139.57392277777777,7,3,0,0,0,0
1,30,893,182,2,0,1,10270,0,204,2023,7,30,9,9,12,4,47,18,48,1,1,1,1,1,9,22,0,0,11,9,30,70,1,3,1,45,75,4,61,31,0,1,0,1,0,11,0,3,0,10,0,3,0,2,0,2,0,4,2,35.68375972222222,139.54763,1,3,9999,0,1,0
1,30,894,278,2,0,2,30000,0,219,2023,6,15,17,17,12,4,25,18,58,1,1,2,14,7,0,0,0,0,2,9,1,70,5,3,1,65,25,4,61,31,0,1,0,1,0,11,0,2,0,10,0,4,0,2,0,2,0,2,2,35.6467,139.57869055555554,5,3,9999,0,9,0
1,30,894,284,2,0,1,30000,0,208,2023,7,7,8,15,12,4,31,19,0,1,1,1,14,7,0,0,0,0,3,9,1,70,4,2,1,1,1,51,61,41,0,0,0,0,0,0,0,0,0,10,0,3,0,0,0,0,0,4,2,35.65422888888889,139.57409694444445,6,3,0,0,0,0
1,30,894,285,2,0,1,30000,0,208,2023,7,8,12,57,12,4,32,19,0,2,1,1,14,7,0,0,0,0,1,9,1,70,5,4,1,35,35,51,61,41,0,0,0,0,0,0,0,0,0,10,0,3,0,0,0,0,0,4,2,35.65774666666667,139.5749761111111,7,3,0,0,0,0
1,30,894,288,2,0,1,99000,0,219,2023,7,3,16,27,12,4,29,19,1,1,1,1,0,7,0,0,0,0,0,0,20,70,0,4,1,45,75,3,61,31,0,1,0,1,0,11,0,10,0,30,0,4,0,2,0,2,0,4,2,35.643245,139.56687666666667,2,3,9999,0,1,0
1,30,894,303,2,0,1,30000,0,219,2023,7,17,23,40,22,4,37,18,57,1,1,1,1,7,1,21,0,0,11,9,30,70,5,3,1,65,65,3,61,1,0,1,0,1,0,11,0,1,0,41,0,4,0,2,0,2,0,4,2,35.642651944444445,139.58493166666668,2,1,9999,0,9,0
1,30,894,318,2,0,1,30000,0,219,2023,7,25,17,16,12,4,43,18,52,1,1,1,1,7,9,22,0,0,14,9,30,70,4,2,1,45,65,35,61,31,0,0,0,0,0,11,0,5,0,10,0,3,0,0,0,0,0,4,2,35.63119694444445,139.57785777777778,3,3,9999,0,5,0
1,30,894,323,2,0,1,30000,0,219,2023,7,27,10,18,12,4,45,18,50,1,1,1,1,1,9,22,0,0,14,9,30,70,4,2,1,25,75,14,61,31,0,11,0,1,0,11,0,2,0,10,0,3,0,2,0,2,0,4,2,35.62563,139.57505166666667,5,3,9999,0,1,0
1,30,894,324,2,0,1,10620,0,219,2023,7,27,13,15,12,4,45,18,50,1,1,1,14,7,0,0,0,0,2,9,1,70,4,2,1,1,75,51,61,41,0,0,0,0,0,0,0,0,0,10,0,3,0,0,0,0,0,4,2,35.635399444444445,139.57719305555554,5,3,0,0,0,0
1,30,894,328,2,0,1,30000,0,208,2023,7,5,16,20,12,4,30,19,1,1,1,1,14,7,0,0,0,0,2,9,1,70,5,4,1,25,65,3,61,31,0,1,0,1,0,11,0,1,0,44,0,3,0,2,0,2,0,4,2,35.656306944444445,139.52894083333334,4,3,9999,0,1,0
1,30,895,94,2,0,1,99000,0,211,2023,6,26,10,0,12,4,27,19,1,1,1,1,0,7,0,0,0,0,0,0,20,70,0,4,1,65,25,3,61,31,0,1,0,1,0,11,0,10,0,30,0,3,0,2,0,2,0,4,2,35.71609472222222,139.47816194444445,2,3,9999,0,9,0
1,30,895,95,2,0,1,30000,0,211,2023,7,7,18,55,13,4,31,19,0,1,1,1,1,7,9,22,0,0,11,9,30,70,5,3,1,65,45,4,61,31,0,1,0,1,0,11,0,10,0,10,0,4,0,2,0,2,0,4,2,35.73318944444445,139.46667444444444,6,3,9999,0,9,0
1,30,895,99,2,0,1,30000,0,211,2023,6,28,7,25,12,4,27,19,1,1,1,1,14,7,0,0,0,0,1,9,1,70,5,3,1,25,35,3,61,31,0,1,0,1,0,11,0,1,0,40,0,3,0,2,0,2,0,4,2,35.72483277777778,139.47139166666668,4,3,9999,0,1,0
1,30,895,104,2,0,1,30000,0,211,2023,5,15,8,40,12,4,37,18,39,3,1,1,1,1,9,22,0,0,11,8,30,70,5,3,1,45,35,59,61,0,0,0,0,0,0,0,0,0,0,10,0,3,0,0,0,0,0,4,2,35.73751138888889,139.46161833333332,2,3,0,0,0,0
1,30,100,96,2,0,1,10050,0,101,2023,8,8,21,10,22,4,54,18,39,2,1,1,1,1,9,22,0,0,17,9,30,70,5,1,1,65,65,3,61,1,0,1,0,1,0,11,0,10,0,80,0,4,0,2,0,2,0,4,2,35.69197611111111,139.7389413888889,3,3,9999,0,9,0
1,30,100,97,2,0,1,10010,0,101,2023,8,4,23,52,22,4,51,18,43,1,1,1,1,1,9,22,0,0,19,8,30,70,4,2,1,65,65,3,61,1,0,1,0,1,0,11,0,5,0,10,0,3,0,2,0,2,0,4,2,35.69568666666666,139.75125916666667,6,3,9999,0,9,0
1,30,100,98,2,0,1,10050,0,101,2023,8,18,12,40,12,5,2,18,28,1,1,1,14,7,0,0,0,0,5,9,1,70,4,2,1,45,45,3,61,31,0,1,0,1,0,11,0,5,0,40,0,3,0,2,0,2,0,4,2,35.691601111111105,139.737825,6,3,9999,0,1,0
1,30,100,106,2,0,1,30000,0,101,2023,8,28,8,43,12,5,9,18,15,1,1,1,1,1,9,22,0,0,11,9,30,70,5,2,1,75,45,3,61,31,0,1,0,1,0,11,0,2,0,10,0,3,0,2,0,2,0,4,2,35.699774166666664,139.74395888888887,2,3,383,0,9,0
1,30,101,81,2,0,1,30000,0,101,2023,7,17,12,17,12,4,37,18,57,1,1,1,1,7,9,22,0,0,15,9,30,70,5,2,1,45,55,13,61,31,0,11,0,1,0,11,0,2,0,80,0,4,0,2,0,2,0,4,2,35.674865277777776,139.76106805555557,2,1,9999,0,5,0
1,30,101,82,2,0,1,10110,0,101,2023,7,20,6,15,12,4,40,18,55,1,1,1,1,1,9,22,0,0,17,7,30,70,1,2,1,25,45,51,61,41,0,0,0,0,0,0,0,0,0,10,0,3,0,0,0,0,0,4,2,35.6901975,139.7590486111111,5,3,0,0,0,0
1,30,101,87,2,0,1,30000,0,101,2023,8,18,17,15,12,5,2,18,28,1,1,1,1,7,1,21,0,0,18,9,30,70,5,2,1,55,55,3,61,31,0,1,0,1,0,11,0,10,0,50,0,3,0,2,0,2,0,4,2,35.67448694444444,139.75936611111112,6,3,9999,0,9,0
1,30,102,82,2,0,1,30000,0,101,2023,8,22,8,0,12,5,5,18,23,2,1,1,7,7,0,0,0,0,3,9,1,70,5,2,1,45,65,51,61,41,0,0,0,0,0,0,0,0,0,40,0,4,0,0,0,0,0,4,2,35.693551111111105,139.76948416666667,3,3,0,0,0,0
1,30,102,83,2,0,1,30000,0,101,2023,8,24,14,25,12,5,6,18,20,1,1,1,7,7,0,0,0,0,5,9,1,70,4,2,1,45,75,14,61,31,0,11,0,1,0,11,0,3,0,30,0,3,0,2,0,2,0,4,2,35.69557361111111,139.7556072222222,5,3,9999,0,1,0
1,30,102,85,2,0,1,10100,0,101,2023,8,25,8,30,12,5,7,18,19,1,1,1,1,1,9,22,0,0,15,9,30,70,4,2,1,35,45,3,61,31,0,1,0,1,0,11,0,4,0,10,0,3,0,2,0,2,0,4,2,35.69148027777778,139.75896277777778,6,3,9999,0,5,0
1,30,103,61,2,0,1,30000,0,101,2023,7,25,22,5,22,4,43,18,52,1,1,1,1,1,9,22,0,0,14,9,30,70,1,2,1,1,45,3,61,31,0,1,0,1,0,11,0,10,0,40,0,3,0,2,0,2,0,4,2,35.698228888888885,139.77571944444446,3,3,9999,0,1,0
1,30,103,69,2,0,1,30000,0,101,2023,8,31,0,20,22,5,12,18,11,1,1,1,1,7,9,22,0,0,11,9,30,1,5,3,1,65,25,3,61,1,0,1,0,1,0,11,0,2,0,60,0,4,0,2,0,2,0,4,2,35.692453888888885,139.77085694444446,5,3,9999,0,9,0
1,30,104,177,2,0,1,20020,0,102,2023,8,1,13,55,12,4,48,18,46,2,1,1,14,7,0,0,0,0,2,9,1,70,5,2,1,25,45,51,61,41,0,0,0,0,0,0,0,0,0,40,0,3,0,0,0,0,0,4,2,35.67478916666666,139.77360972222223,3,3,0,0,0,0
1,30,104,182,2,0,1,40,0,102,2023,8,5,15,20,12,4,52,18,42,1,1,1,14,7,0,0,0,0,3,9,1,70,4,2,1,1,65,51,61,41,0,0,0,0,0,0,0,0,0,40,0,4,0,0,0,0,0,4,2,35.683751388888886,139.7742491666667,7,3,0,0,0,0
1,30,104,186,2,0,1,10060,0,102,2023,8,9,20,0,22,4,55,18,38,2,1,1,14,7,0,0,0,0,5,9,1,70,1,1,1,45,35,51,61,41,0,0,0,0,0,0,0,0,0,10,0,3,0,0,0,0,0,2,4,35.679493611111106,139.77968694444445,4,3,0,0,0,0
1,30,104,190,2,0,1,10040,0,102,2023,8,1,9,5,12,4,48,18,46,1,1,1,1,1,9,22,0,0,19,9,30,70,4,2,1,35,35,51,61,41,0,0,0,0,0,0,0,0,0,10,0,3,0,0,0,0,0,4,2,35.678643611111106,139.78238416666667,3,3,0,0,0,0
1,30,104,193,2,0,1,20090,0,102,2023,8,13,16,7,12,4,58,18,34,3,1,2,1,1,9,22,0,0,18,9,30,70,1,1,1,45,25,3,61,31,0,1,0,1,0,11,0,5,0,10,0,4,0,2,0,2,0,4,2,35.68510222222222,139.77138833333333,1,3,9999,0,9,0
1,30,104,195,2,0,1,10030,0,102,2023,8,15,18,40,21,4,59,18,31,2,1,1,7,7,0,0,0,0,4,9,1,70,1,2,1,45,25,3,61,31,0,1,0,1,0,11,0,10,0,50,0,3,0,2,0,2,0,4,2,35.68622361111111,139.77656694444445,3,3,9999,0,1,0
1,30,104,196,2,0,1,30000,0,102,2023,8,22,14,0,12,5,5,18,23,2,1,1,14,7,0,0,0,0,3,9,1,70,5,4,1,35,35,17,61,1,0,11,0,1,0,11,0,10,0,40,0,4,0,2,0,2,0,4,2,35.68676333333333,139.77869944444447,3,3,9999,0,5,0
1,30,104,207,2,0,1,30000,0,102,2023,8,28,12,50,12,5,9,18,15,1,1,1,1,7,9,22,0,0,14,9,30,70,5,2,1,45,35,13,61,31,0,11,0,1,0,11,0,2,0,10,0,4,0,2,0,2,0,4,2,35.692742499999994,139.78011166666667,2,3,9999,0,9,0
1,30,105,69,2,0,1,30000,0,102,2023,8,10,11,3,12,4,55,18,37,1,1,1,14,7,0,0,0,0,1,9,1,70,5,3,1,55,35,4,61,31,0,1,0,1,0,11,0,2,0,10,0,3,0,2,0,2,0,4,2,35.692501666666665,139.78219083333335,5,2,9999,0,9,0
1,30,105,72,2,0,1,60,14,102,2023,8,21,19,0,21,5,4,18,24,1,1,1,1,7,1,21,0,0,18,9,30,70,5,3,1,55,45,13,61,31,0,11,0,2,0,11,0,10,0,10,0,4,0,2,0,2,0,4,2,35.69534722222222,139.78477,2,3,9999,0,9,0
1,30,105,75,2,0,1,30000,0,102,2023,8,29,10,10,12,5,10,18,14,1,1,1,14,7,0,0,0,0,3,9,1,70,5,1,1,35,65,51,61,41,0,0,0,0,0,0,0,0,0,40,0,4,0,0,0,0,0,4,2,35.68609222222222,139.78501833333334,3,3,0,0,0,0
1,30,106,117,2,0,1,30000,0,102,2023,8,22,21,20,22,5,5,18,23,2,1,1,7,7,0,0,0,0,3,9,1,70,5,2,1,65,35,3,61,1,0,1,0,1,0,11,0,2,0,40,0,3,0,2,0,2,0,4,2,35.67320888888889,139.76648,3,3,9999,0,9,0
1,30,106,122,2,0,1,30000,0,102,2023,8,25,23,55,22,5,7,18,19,1,1,1,7,7,0,0,0,0,2,9,1,70,5,3,1,35,45,3,61,1,0,1,0,1,0,11,0,2,0,50,0,4,0,2,0,2,0,4,2,35.67088194444444,139.76333166666666,6,3,9999,0,1,0
1,30,107,98,2,0,1,30000,0,102,2023,8,24,6,9,12,5,6,18,20,1,1,1,14,7,0,0,0,0,3,9,1,70,5,4,1,55,1,51,61,41,0,0,0,0,0,0,0,0,0,10,0,3,0,0,0,0,0,4,2,35.66661444444444,139.7832838888889,5,3,0,0,0,0
1,30,108,144,2,0,1,10640,0,103,2023,8,4,8,35,12,4,51,18,43,1,1,1,1,1,9,22,0,0,18,9,30,70,5,1,1,55,55,13,61,31,0,11,0,1,0,11,0,4,0,10,0,4,0,2,0,2,0,4,2,35.669509444444444,139.75152055555554,6,3,9999,0,9,0
1,30,108,154,2,0,1,30000,0,103,2023,8,18,23,15,22,5,2,18,28,1,1,1,1,1,9,22,0,0,11,3,30,70,1,1,1,25,35,3,61,31,0,1,0,1,0,11,0,10,0,10,0,3,0,2,0,2,0,4,2,35.65515694444444,139.76262277777778,6,3,9999,0,1,0
1,30,109,108,2,0,1,20030,0,103,2023,8,7,10,15,12,4,53,18,40,1,1,1,1,1,9,22,0,0,14,9,30,70,5,1,1,55,55,3,61,31,0,1,0,1,0,11,0,4,0,10,0,3,0,2,0,2,0,4,2,35.65009277777778,139.7493683333333,2,3,9999,0,9,0
1,30,109,110,2,0,1,10,67,103,2023,8,14,13,12,12,4,59,18,33,1,1,1,1,1,9,22,0,0,18,9,30,70,4,1,1,35,65,51,61,41,0,0,0,0,0,0,0,0,0,10,0,4,0,0,0,0,0,4,2,35.64801083333333,139.7427961111111,2,3,0,0,0,0
1,30,109,114,2,0,1,30000,0,103,2023,8,13,0,12,22,4,58,18,34,2,1,1,14,7,0,0,0,0,3,7,1,70,4,1,1,75,25,3,61,1,0,1,0,1,0,11,0,2,0,0,0,4,0,2,0,2,0,4,2,35.651961666666665,139.74331305555555,1,3,135,0,9,0
1,30,109,117,2,0,1,150,46,103,2023,4,2,9,0,12,5,27,18,3,1,1,1,1,1,9,22,0,0,11,9,30,70,1,2,1,1,1,51,61,41,0,0,0,0,0,0,0,0,0,20,0,3,0,0,0,0,0,4,2,35.64857527777778,139.7512213888889,1,3,0,0,0,0
1,30,110,72,2,0,1,30000,0,103,2023,7,30,10,30,12,4,47,18,48,1,1,1,7,7,0,0,0,0,1,9,1,1,5,4,1,45,55,51,61,41,0,0,0,0,0,0,0,0,0,10,0,4,0,0,0,0,0,4,2,35.64381888888889,139.72524638888888,1,3,0,0,0,0
1,30,110,78,2,0,1,99000,0,103,2023,8,18,10,45,12,5,2,18,28,1,1,1,0,7,0,0,0,0,0,0,20,70,0,4,1,65,35,13,61,31,0,11,0,1,0,11,0,10,0,20,0,4,0,2,0,2,0,4,2,35.62784416666667,139.7407086111111,6,3,9999,0,9,0
1,30,111,184,2,0,1,30000,0,103,2023,8,3,11,34,12,4,50,18,44,1,1,1,14,7,0,0,0,0,3,9,1,70,5,4,1,75,1,3,61,31,0,1,0,1,0,11,0,10,0,20,0,3,0,2,0,2,0,4,2,35.66332388888889,139.73385555555555,5,3,65,0,9,0
1,30,111,189,2,0,2,30000,0,103,2023,8,10,20,20,22,4,55,18,37,1,1,1,1,7,9,22,0,0,14,9,30,70,5,2,1,25,65,3,61,31,0,1,0,1,0,11,0,10,0,30,0,3,0,2,0,2,0,4,2,35.665675,139.73582916666666,5,2,9999,0,5,0
1,30,111,193,2,0,1,20140,0,103,2023,8,16,9,10,12,5,0,18,30,1,1,1,14,7,0,0,0,0,5,9,1,70,1,1,1,45,55,51,61,41,0,0,0,0,0,0,0,0,0,10,0,3,0,0,0,0,0,4,2,35.654325,139.73674805555555,4,3,0,0,0,0
1,30,111,195,2,0,1,20120,0,103,2023,8,19,4,30,23,5,2,18,27,1,1,1,14,7,0,0,0,0,6,9,1,70,4,2,1,55,1,3,61,31,0,1,0,1,0,11,0,4,0,10,0,3,0,2,0,2,0,4,2,35.660533055555554,139.7231177777778,7,3,9999,0,9,0
1,30,112,187,2,0,1,2460,34,103,2023,6,24,18,50,13,4,26,19,1,1,1,1,14,7,0,0,0,0,5,9,1,70,1,1,1,55,45,3,61,31,0,1,0,1,0,11,0,5,0,30,0,4,0,2,0,2,0,4,2,35.66628083333333,139.71371416666665,7,3,9999,0,9,0
1,30,112,200,2,0,1,30000,0,103,2023,8,23,8,40,12,5,6,18,22,1,1,1,14,7,0,0,0,0,3,9,1,70,4,2,1,25,45,35,61,31,0,0,0,0,0,11,0,2,0,10,0,3,0,0,0,0,0,4,2,35.67113333333333,139.7362897222222,4,3,9999,0,1,0
1,30,112,203,2,0,1,2460,37,103,2023,8,30,16,15,12,5,11,18,12,1,1,1,7,7,0,0,0,0,1,9,1,70,5,1,1,1,1,14,61,1,0,11,0,1,0,11,0,5,0,10,0,3,0,2,0,2,0,4,2,35.66391222222222,139.71116527777778,4,3,9999,0,1,0
1,30,113,183,2,0,1,21180,0,108,2023,8,8,8,50,12,4,54,18,39,1,1,1,7,7,0,0,0,0,3,9,1,70,1,2,1,35,45,51,61,41,0,0,0,0,0,0,0,0,0,10,0,3,0,0,0,0,0,4,2,35.63417277777778,139.79388944444443,3,3,0,0,0,0
1,30,113,186,2,0,1,30000,0,108,2023,7,18,18,5,13,4,38,18,56,1,1,1,1,1,9,22,0,0,15,9,30,70,1,1,1,55,25,1,61,1,0,1,0,1,0,11,0,4,0,40,0,4,0,2,0,2,0,4,2,35.63457527777778,139.78444805555554,3,3,9999,0,9,0
1,30,113,201,2,0,1,99000,0,108,2023,8,19,16,20,12,5,2,18,27,1,1,1,0,7,0,0,0,0,0,0,20,70,0,4,1,1,25,51,61,41,0,0,0,0,0,0,0,0,0,10,0,4,0,0,0,0,0,4,2,35.64619916666667,139.80682194444447,7,3,0,0,0,0
1,30,215,110,1,1,0,10070,0,109,2023,8,12,10,20,12,4,57,18,35,1,1,1,1,1,9,22,0,0,18,9,30,70,5,2,1,25,75,17,61,1,0,11,0,2,0,11,0,4,0,10,0,3,0,2,0,2,0,4,1,35.61304388888889,139.7475761111111,7,3,9999,0,1,0
1,30,215,117,2,0,1,10160,0,109,2023,8,11,19,5,21,4,56,18,36,1,1,1,1,1,9,22,0,0,18,9,30,70,1,1,1,75,55,3,61,1,0,1,0,1,0,11,0,3,0,10,0,3,0,2,0,2,0,4,2,35.618047777777775,139.74392027777776,6,1,9999,0,9,0
1,30,215,122,2,0,1,10070,0,109,2023,8,19,17,40,13,5,2,18,27,1,1,1,1,1,9,22,0,0,18,9,30,70,5,1,1,65,75,3,61,1,0,1,0,1,0,11,0,4,0,10,0,3,0,2,0,2,0,4,2,35.61394138888889,139.7476625,7,3,9999,0,9,0
1,30,215,125,2,0,1,30000,0,109,2023,8,29,17,5,12,5,10,18,14,1,1,1,14,7,0,0,0,0,2,9,1,1,5,3,1,55,65,3,61,1,0,1,0,1,0,11,0,1,0,21,0,3,0,2,0,2,0,4,2,35.62054916666667,139.73958805555554,3,3,9999,0,9,0
1,30,216,153,2,0,1,30910,0,109,2023,7,9,3,59,23,4,33,19,0,1,1,1,1,1,9,22,0,0,18,9,30,70,6,1,1,25,45,51,61,41,0,0,0,0,0,0,0,0,0,10,0,3,0,0,0,0,0,4,2,35.596629166666666,139.73941166666665,1,3,0,0,0,0
1,30,216,164,2,0,1,30000,0,109,2023,8,13,0,5,22,4,58,18,34,2,1,1,14,7,0,0,0,0,2,9,1,70,5,3,1,25,25,51,61,41,0,0,0,0,0,0,0,0,0,20,0,3,0,0,0,0,0,4,2,35.60062277777778,139.7338175,1,3,0,0,0,0
1,30,216,168,2,0,1,99000,0,109,2023,8,19,12,12,12,5,2,18,27,1,1,1,0,7,0,0,0,0,0,0,20,70,0,4,1,55,1,4,61,31,0,1,0,1,0,11,0,10,0,10,0,4,0,2,0,2,0,4,2,35.597590555555556,139.73440749999997,7,3,9999,0,9,0
1,30,217,138,2,0,1,20130,0,109,2023,8,14,9,50,12,4,59,18,33,3,1,2,1,1,9,22,0,0,18,9,30,70,2,1,1,65,25,3,61,31,0,1,0,1,0,11,0,4,0,80,0,3,0,2,0,2,0,4,2,35.63218861111111,139.7207888888889,2,3,9999,0,9,0
1,30,217,142,2,0,1,10160,0,109,2023,8,23,18,16,13,5,6,18,22,1,1,1,1,1,9,22,0,0,14,9,30,70,1,2,1,55,65,35,61,31,0,0,0,0,0,11,0,3,0,10,0,3,0,0,0,0,0,4,2,35.62261111111111,139.72352916666668,4,3,9999,0,9,0
1,30,217,145,2,0,1,10,100,109,2023,8,30,9,40,12,5,11,18,12,1,1,1,1,1,9,22,0,0,18,9,30,70,2,1,1,75,75,51,61,41,0,0,0,0,0,0,0,0,0,10,0,3,0,0,0,0,0,4,2,35.62618472222222,139.7231763888889,4,3,0,0,0,0
1,30,217,148,2,0,1,10150,0,109,2023,7,28,0,16,22,4,45,18,49,1,1,1,1,1,9,22,0,0,14,9,30,70,4,2,1,1,45,51,61,41,0,0,0,0,0,0,0,0,0,10,0,3,0,0,0,0,0,4,2,35.62516638888889,139.72352777777778,6,3,0,0,0,0
1,30,218,141,2,0,1,30000,0,109,2023,8,1,8,30,12,4,48,18,46,1,1,1,1,7,9,22,0,0,11,9,30,70,5,3,1,55,75,3,61,31,0,1,0,1,0,11,0,2,0,80,0,3,0,2,0,1,0,4,2,35.611890833333334,139.69836055555555,3,3,9999,0,9,0
1,30,218,145,2,0,1,30000,0,109,2023,8,10,9,30,12,4,55,18,37,1,1,1,14,7,0,0,0,0,3,9,1,70,5,3,1,35,1,51,61,41,0,0,0,0,0,0,0,0,0,40,0,4,0,0,0,0,0,4,2,35.61107416666667,139.70894416666667,5,2,0,0,0,0
1,30,218,156,2,0,1,30000,0,109,2023,8,25,20,13,22,5,7,18,19,1,1,1,14,7,0,0,0,0,2,9,1,70,5,3,1,35,45,51,61,41,0,0,0,0,0,0,0,0,0,0,0,4,0,0,0,0,0,4,2,35.614734166666665,139.71953472222222,6,3,0,0,0,0
1,30,218,157,2,0,1,30000,0,109,2023,8,26,22,58,22,5,8,18,18,1,1,1,14,7,0,0,0,0,4,9,1,70,5,3,1,45,35,3,61,1,0,1,0,1,0,11,0,2,0,40,0,3,0,2,0,2,0,4,2,35.60548388888889,139.70378777777776,7,3,9999,0,9,0