資料区分,都道府県コード,警察署等コード,本票番号,事故内容,死者数,負傷者数,路線コード,地点コード,市区町村コード,発生日時　　年,発生日時　　月,発生日時　　日,発生日時　　時,発生日時　　分,昼夜,日の出時刻　　時,日の出時刻　　分,日の入り時刻　　時,日の入り時刻　　分,天候,地形,路面状態,道路形状,信号機,一時停止規制　標識（当事者A）,一時停止規制　表示（当事者A）,一時停止規制　標識（当事者B）,一時停止規制　表示（当事者B）,車道幅員,道路線形,衝突地点,ゾーン規制,中央分離帯施設等,歩車道区分,事故類型,年齢（当事者A）,年齢（当事者B）,当事者種別（当事者A）,当事者種別（当事者B）,用途別（当事者A）,用途別（当事者B）,車両形状等（当事者A）,車両形状等（当事者B）,オートマチック車（当事者A）,オートマチック車（当事者B）,サポカー（当事者A）,サポカー（当事者B）,速度規制（指定のみ）（当事者A）,速度規制（指定のみ）（当事者B）,車両の衝突部位（当事者A）,車両の衝突部位（当事者B）,車両の損壊程度（当事者A）,車両の損壊程度（当事者B）,エアバッグの装備（当事者A）,エアバッグの装備（当事者B）,サイドエアバッグの装備（当事者A）,サイドエアバッグの装備（当事者B）,人身損傷程度（当事者A）,人身損傷程度（当事者B）,lat,lon,曜日(発生年月日),祝日(発生年月日),認知機能検査経過日数（当事者A）,認知機能検査経過日数（当事者B）,運転練習の方法（当事者A）,運転練習の方法（当事者B）
1,30,219,286,2,0,1,30000,0,111,2023,6,28,19,38,21,4,27,19,1,1,1,1,1,7,9,22,0,0,17,9,30,70,4,1,1,45,65,3,61,31,0,1,0,1,0,11,0,10,0,40,0,3,0,2,0,2,0,4,2,35.586936666666666,139.73218055555554,4,3,9999,0,1,0
1,30,219,290,2,0,1,30000,0,111,2023,8,17,18,0,13,5,1,18,29,1,1,1,7,7,0,0,0,0,2,9,1,70,5,3,1,45,25,3,61,31,0,1,0,1,0,11,0,2,0,20,0,3,0,2,0,2,0,4,2,35.56204722222222,139.74127166666665,5,3,9999,0,5,0
1,30,219,303,2,0,1,30000,0,111,2023,8,30,14,35,12,5,11,18,12,1,1,1,1,7,9,22,0,0,11,9,30,70,5,2,1,1,55,51,61,41,0,0,0,0,0,0,0,0,0,10,0,3,0,0,0,0,0,4,2,35.58683666666667,139.7318711111111,4,3,0,0,0,0
1,30,220,154,2,0,1,10170,0,111,2023,8,4,9,48,12,4,51,18,43,1,1,1,1,7,1,21,0,0,11,9,30,70,5,3,1,55,35,14,61,1,0,11,0,1,0,11,0,2,0,10,0,4,0,2,0,2,0,4,2,35.586396111111114,139.67095694444444,6,3,9999,0,1,0
1,30,220,158,2,0,1,10170,0,111,2023,8,8,19,20,21,4,54,18,39,1,1,1,1,8,9,22,0,0,14,9,30,70,1,2,1,1,1,51,61,41,0,0,0,0,0,0,0,0,0,10,0,4,0,0,0,0,0,4,2,35.602965555555556,139.69642027777778,3,3,0,0,0,0
1,30,221,215,2,0,1,10200,0,111,2023,5,15,19,22,21,4,37,18,39,2,1,1,1,1,9,22,0,0,19,9,30,70,5,1,1,55,25,3,61,31,0,1,0,1,0,11,0,10,0,0,0,3,0,2,0,2,0,4,2,35.55181527777778,139.745745,2,3,9999,0,9,0
1,30,221,218,2,0,1,30000,0,111,2023,8,1,14,25,12,4,48,18,46,2,1,1,1,7,9,22,0,0,14,9,30,70,4,3,1,55,65,13,61,31,0,11,0,1,0,11,0,2,0,50,0,3,0,2,0,2,0,4,2,35.551339166666665,139.732205,3,3,9999,0,9,0
1,30,221,224,2,0,1,30000,0,111,2023,7,28,12,20,12,4,45,18,49,1,1,1,1,1,9,22,0,0,14,9,30,1,5,3,1,1,45,3,61,31,0,1,0,1,0,11,0,2,0,10,0,4,0,2,0,2,0,4,2,35.56351027777777,139.71326694444443,6,3,9999,0,1,0
1,30,221,227,2,0,1,99000,0,111,2023,8,14,18,32,13,4,59,18,33,1,1,1,0,7,0,0,0,0,0,0,20,70,0,4,1,1,1,51,61,41,0,0,0,0,0,0,0,0,0,10,0,3,0,0,0,0,0,4,2,35.543328055555556,139.72158638888888,2,3,0,0,0,0
1,30,221,231,2,0,1,10200,0,111,2023,8,12,14,25,12,4,57,18,35,1,1,1,14,7,0,0,0,0,3,9,1,70,1,1,1,1,1,51,61,41,0,0,0,0,0,0,0,0,0,10,0,3,0,0,0,0,0,4,2,35.55976166666667,139.71181833333333,7,3,0,0,0,0
1,30,221,233,2,0,1,30000,0,111,2023,8,17,9,8,12,5,1,18,29,1,1,1,14,7,0,0,0,0,1,9,1,70,5,4,1,65,1,14,61,31,0,11,0,1,0,11,0,10,0,10,0,3,0,2,0,2,0,4,2,35.56183333333333,139.7131786111111,5,3,9999,0,9,0
1,30,221,234,2,0,1,30000,0,111,2023,8,20,14,25,12,5,3,18,25,1,1,1,7,7,0,0,0,0,2,8,1,70,4,3,1,55,1,3,61,31,0,1,0,1,0,11,0,2,0,40,0,4,0,2,0,2,0,4,2,35.564454166666664,139.72953833333332,1,3,9999,0,9,0
1,30,221,242,2,0,2,30000,0,111,2023,8,18,22,2,22,5,2,18,28,1,1,1,1,7,9,22,0,0,11,9,30,70,5,4,1,75,25,3,61,1,0,1,0,1,0,11,0,10,0,22,0,4,0,2,0,2,0,4,2,35.56185083333333,139.71310777777776,6,3,56,0,9,0
1,30,222,209,1,1,0,10200,0,111,2023,8,20,21,47,22,5,3,18,25,1,1,1,1,8,9,22,0,0,15,9,30,70,5,2,1,35,75,3,61,31,0,1,0,1,0,11,0,5,0,10,0,2,0,2,0,2,0,4,1,35.56788138888889,139.6932013888889,1,3,9999,0,5,0
1,30,222,213,2,0,1,30000,0,111,2023,8,4,8,50,12,4,51,18,43,1,1,1,14,7,0,0,0,0,3,9,1,1,4,1,1,25,25,51,61,41,0,0,0,0,0,0,0,0,0,10,0,3,0,0,0,0,0,4,2,35.58443638888889,139.7065722222222,6,3,0,0,0,0
1,30,222,228,2,0,1,10130,0,111,2023,8,23,7,15,12,5,6,18,22,2,1,1,14,7,0,0,0,0,5,9,1,70,1,1,1,65,45,51,61,41,0,0,0,0,0,0,0,0,0,10,0,4,0,0,0,0,0,2,4,35.592467222222226,139.71703305555556,4,3,0,0,0,0
1,30,222,233,2,0,1,30000,0,111,2023,8,26,22,35,22,5,8,18,18,1,1,1,1,7,1,21,0,0,15,9,30,70,5,4,1,45,65,3,61,31,0,1,0,1,0,11,0,2,0,50,0,4,0,2,0,2,0,4,2,35.572451388888894,139.68817416666667,7,3,9999,0,1,0
1,30,222,242,2,0,1,30000,0,111,2023,8,7,18,20,13,4,53,18,40,1,1,1,14,7,0,0,0,0,2,9,1,70,5,3,1,65,45,3,61,31,0,1,0,1,0,11,0,2,0,40,0,3,0,2,0,2,0,4,2,35.58421111111112,139.7119061111111,2,3,9999,0,9,0
1,30,223,32,2,0,1,90000,0,111,2023,7,24,6,30,12,4,42,18,52,1,1,1,14,7,0,0,0,0,3,9,1,70,5,2,1,25,55,13,61,31,0,11,0,1,0,11,0,4,0,10,0,3,0,2,0,2,0,4,2,35.53930638888889,139.79460194444445,2,3,9999,0,9,0
1,30,326,239,2,0,1,31010,0,112,2022,6,27,7,30,12,4,27,19,1,1,1,1,1,1,9,22,0,0,15,9,30,70,4,1,1,25,35,51,61,41,0,0,0,0,0,0,0,0,0,10,0,3,0,0,0,0,0,4,2,35.656931388888886,139.63799527777778,2,3,0,0,0,0
1,30,326,246,2,0,1,20270,0,112,2023,8,10,17,20,12,4,55,18,37,1,1,1,1,7,9,22,0,0,14,9,30,70,4,3,1,65,1,13,61,31,0,11,0,1,0,11,0,2,0,10,0,3,0,2,0,2,0,4,2,35.669156666666666,139.65987194444446,5,2,9999,0,9,0
1,30,326,247,2,0,1,10130,0,112,2023,8,11,0,15,22,4,56,18,36,1,1,1,1,1,9,22,0,0,15,9,30,70,1,1,1,65,55,3,61,1,0,1,0,1,0,11,0,4,0,50,0,3,0,2,0,2,0,4,2,35.669194166666664,139.66141805555557,6,1,9999,0,9,0
1,30,326,253,2,0,1,30000,0,112,2023,7,21,8,30,12,4,40,18,54,1,1,1,14,7,0,0,0,0,1,9,1,70,5,3,1,65,35,14,61,31,0,11,0,1,0,11,0,2,0,40,0,4,0,2,0,2,0,4,2,35.66604777777778,139.65930333333333,6,3,9999,0,9,0
1,30,326,257,2,0,2,30000,0,112,2023,8,24,14,25,12,5,6,18,20,1,1,1,14,1,0,0,0,0,3,9,1,70,4,1,1,55,35,34,61,31,0,0,0,0,0,11,0,2,0,10,0,3,0,0,0,0,0,2,2,35.649007777777776,139.6517861111111,5,3,9999,0,5,0
1,30,326,259,2,0,1,30000,0,112,2023,8,26,15,25,12,5,8,18,18,1,1,1,1,7,9,22,0,0,11,9,30,70,5,1,1,25,1,36,61,31,0,31,0,0,0,11,0,10,0,10,0,4,0,0,0,0,0,4,2,35.66375055555555,139.67067083333333,7,3,0,0,0,0
1,30,326,260,2,0,1,30000,0,112,2023,8,19,12,25,12,5,2,18,27,1,1,1,7,7,0,0,0,0,2,9,1,70,5,3,1,45,25,51,61,41,0,0,0,0,0,0,0,0,0,10,0,3,0,0,0,0,0,4,2,35.65983305555555,139.64930055555556,7,3,0,0,0,0
1,30,326,261,2,0,1,20270,0,112,2023,8,27,14,50,12,5,9,18,16,1,1,1,13,7,0,0,0,0,3,6,1,70,4,3,1,45,35,51,61,41,0,0,0,0,0,0,0,0,0,10,0,3,0,0,0,0,0,2,4,35.6703275,139.653295,1,3,0,0,0,0
1,30,327,307,2,0,1,30000,0,112,2023,7,24,15,55,12,4,42,18,52,1,1,1,14,7,0,0,0,0,3,9,1,70,4,1,1,1,55,51,61,41,0,0,0,0,0,0,0,0,0,10,0,3,0,0,0,0,0,4,2,35.617110833333335,139.6214852777778,2,3,0,0,0,0
1,30,327,308,2,0,1,10200,0,112,2023,7,26,17,5,12,4,44,18,51,1,1,1,1,1,9,22,0,0,15,9,30,70,1,2,1,35,1,3,61,31,0,1,0,1,0,11,0,10,0,10,0,4,0,2,0,2,0,4,2,35.61192472222223,139.6383875,4,3,9999,0,1,0
1,30,327,320,2,0,1,30000,0,112,2023,7,12,8,10,12,4,34,18,59,1,1,1,14,7,0,0,0,0,3,9,1,70,5,3,1,25,45,3,61,31,0,1,0,1,0,11,0,5,0,20,0,3,0,2,0,2,0,4,2,35.626954166666664,139.62992222222223,4,3,9999,0,1,0
1,30,327,325,2,0,1,30000,0,112,2023,8,15,14,53,12,4,59,18,31,1,1,1,14,7,0,0,0,0,2,9,1,70,5,3,1,1,75,51,61,41,0,0,0,0,0,0,0,0,0,10,0,3,0,0,0,0,0,4,2,35.6232325,139.62352416666667,3,3,0,0,0,0
1,30,327,326,2,0,1,30000,0,112,2023,7,15,14,0,12,4,36,18,57,1,1,1,14,7,0,0,0,0,3,9,1,70,5,3,1,65,25,3,61,31,0,1,0,1,0,11,0,2,0,40,0,4,0,2,0,2,0,4,2,35.606254444444446,139.6695758333333,7,3,9999,0,9,0
1,30,327,329,2,0,1,30000,0,112,2023,8,17,9,40,12,5,1,18,29,1,1,1,1,2,1,21,0,0,14,9,30,70,5,2,1,65,75,3,61,31,0,1,0,1,0,11,0,10,0,50,0,3,0,2,0,2,0,4,2,35.62945555555556,139.62675472222222,5,3,9999,0,9,0
1,30,327,332,2,0,1,30000,0,112,2023,8,21,14,55,12,5,4,18,24,1,1,1,14,7,0,0,0,0,4,9,1,70,5,2,1,45,25,3,61,31,0,1,0,1,0,11,0,5,0,10,0,3,0,2,0,2,0,4,2,35.61383666666667,139.64813388888888,2,3,9999,0,1,0
1,30,327,340,2,0,1,30000,0,112,2023,8,27,11,27,12,5,9,18,16,1,1,1,1,1,9,22,0,0,15,9,30,70,5,2,1,45,35,3,61,31,0,1,0,1,0,11,0,5,0,20,0,4,0,2,0,2,0,4,2,35.612365000000004,139.63909444444442,1,3,9999,0,1,0
1,30,327,348,2,0,1,99000,0,112,2023,7,8,11,59,12,4,32,19,0,2,1,1,0,7,0,0,0,0,0,0,20,70,0,4,1,45,1,3,61,31,0,1,0,1,0,11,0,10,0,20,0,4,0,2,0,2,0,4,2,35.627453333333335,139.63092916666668,7,3,9999,0,9,0
1,30,327,350,2,0,1,20000,0,112,2023,6,19,19,7,21,4,25,19,0,1,1,1,12,7,0,0,0,0,1,9,1,70,5,1,1,35,55,51,61,41,0,0,0,0,0,0,0,0,0,0,0,4,0,0,0,0,0,4,2,35.611939166666666,139.62649805555557,2,3,0,0,0,0
1,30,328,298,2,0,1,30000,0,112,2023,7,26,19,10,21,4,44,18,51,1,1,1,14,7,0,0,0,0,3,9,1,70,4,3,1,25,45,51,61,41,0,0,0,0,0,0,0,0,0,10,0,3,0,0,0,0,0,4,2,35.667473055555554,139.59320277777778,4,3,0,0,0,0
1,30,328,300,2,0,1,200,182,112,2023,7,30,5,45,11,4,47,18,48,1,1,1,1,1,9,22,0,0,15,9,30,70,4,2,1,45,75,3,61,31,0,1,0,1,0,11,0,4,0,80,0,3,0,2,0,2,0,4,2,35.67247916666666,139.60142249999998,1,3,9999,0,1,0
1,30,328,310,2,0,1,99000,0,112,2023,8,10,9,40,12,4,55,18,37,1,1,1,0,7,0,0,0,0,0,0,20,70,0,4,1,75,45,3,61,31,0,1,0,1,0,11,0,10,0,10,0,3,0,2,0,2,0,4,2,35.62266916666667,139.60895666666667,5,2,111,0,9,0
1,30,328,315,2,0,1,30000,0,112,2023,8,16,17,36,13,5,0,18,30,1,1,1,14,7,0,0,0,0,3,9,1,1,5,3,1,25,45,51,61,41,0,0,0,0,0,0,0,0,0,10,0,4,0,0,0,0,0,4,2,35.64404444444445,139.6087761111111,4,3,0,0,0,0
1,30,328,324,2,0,1,30000,0,112,2023,8,22,8,5,12,5,5,18,23,2,1,1,14,7,0,0,0,0,1,9,1,70,5,4,1,35,65,3,61,31,0,1,0,1,0,11,0,2,0,40,0,3,0,2,0,2,0,4,2,35.616864722222225,139.61123166666667,3,3,9999,0,5,0
1,30,328,329,2,0,1,30000,0,112,2023,8,24,6,10,12,5,6,18,20,1,1,1,14,7,0,0,0,0,3,9,1,70,4,2,1,35,65,17,61,31,0,11,0,2,0,11,0,3,0,80,0,3,0,2,0,2,0,4,2,35.67567416666667,139.59241277777778,5,3,9999,0,1,0
1,30,328,336,2,0,1,99000,0,112,2023,8,27,15,37,12,5,9,18,16,1,1,1,0,7,0,0,0,0,0,0,20,70,0,4,1,55,45,3,61,31,0,1,0,1,0,11,0,10,0,60,0,3,0,2,0,2,0,4,2,35.667002777777775,139.61381388888887,1,3,9999,0,9,0
1,30,328,339,2,0,1,30000,0,112,2023,8,19,16,43,12,5,2,18,27,1,1,1,14,7,0,0,0,0,2,9,1,70,4,3,1,65,35,3,61,31,0,1,0,1,0,11,0,2,0,40,0,3,0,2,0,2,0,4,2,35.6458225,139.5923136111111,7,3,9999,0,9,0
1,30,328,341,2,0,1,30000,0,112,2023,8,30,18,11,13,5,11,18,12,1,1,1,7,7,0,0,0,0,1,9,1,70,5,4,1,65,55,3,61,31,0,1,0,1,0,11,0,10,0,10,0,4,0,2,0,2,0,4,2,35.65389861111111,139.60882527777778,4,3,9999,0,9,0
1,30,328,343,2,0,1,30000,0,112,2023,6,16,15,15,12,4,25,18,59,1,1,1,1,7,1,21,0,0,15,9,30,70,5,2,1,75,1,51,61,41,0,0,0,0,0,0,0,0,0,10,0,3,0,0,0,0,0,4,2,35.67043888888889,139.59333222222224,6,3,0,0,0,0
1,30,329,211,2,0,1,10160,0,110,2023,8,19,15,24,12,5,2,18,27,1,1,1,14,7,0,0,0,0,2,9,1,70,1,2,1,1,75,36,61,31,0,31,0,0,0,11,0,10,0,40,0,3,0,0,0,0,0,4,2,35.64315583333333,139.70018666666667,7,3,0,0,0,0
1,30,329,212,2,0,1,30000,0,110,2023,8,29,6,10,12,5,10,18,14,1,1,1,13,7,0,0,0,0,2,3,1,70,5,1,1,55,65,3,61,31,0,1,0,1,0,11,0,2,0,20,0,3,0,2,0,2,0,4,2,35.628641944444446,139.7096536111111,3,3,9999,0,9,0
1,30,330,224,2,0,1,20210,0,110,2023,8,14,20,20,22,4,59,18,33,1,1,1,14,7,0,0,0,0,2,8,1,70,4,3,1,1,55,51,61,41,0,0,0,0,0,0,0,0,0,20,0,3,0,0,0,0,0,4,2,35.6190975,139.66785,2,3,0,0,0,0
1,30,330,237,2,0,1,30000,0,110,2023,8,21,11,55,12,5,4,18,24,1,1,1,14,7,0,0,0,0,4,9,1,70,5,3,1,65,55,3,61,31,0,1,0,1,0,11,0,2,0,40,0,4,0,2,0,2,0,4,2,35.60870638888889,139.66864999999999,2,3,9999,0,9,0
1,30,330,239,2,0,1,30000,0,110,2023,8,25,15,0,12,5,7,18,19,1,1,1,1,7,9,22,0,0,11,9,30,70,5,2,1,25,65,3,61,31,0,1,0,2,0,11,0,1,0,10,0,4,0,2,0,2,0,4,2,35.62797916666667,139.68769472222223,6,3,9999,0,1,0
1,30,331,212,2,0,1,30000,0,113,2023,8,1,20,43,22,4,48,18,46,2,1,1,1,7,9,22,0,0,15,9,30,70,5,1,1,65,25,3,61,1,0,1,0,1,0,11,0,2,0,10,0,3,0,2,0,2,0,4,2,35.65511,139.71609888888887,3,3,9999,0,9,0
1,30,331,216,2,0,1,30000,0,113,2023,8,4,11,45,12,4,51,18,43,1,1,1,7,1,0,0,0,0,4,9,1,70,4,2,1,1,55,51,61,41,0,0,0,0,0,0,0,0,0,10,0,3,0,0,0,0,0,4,2,35.65999611111111,139.6954022222222,6,3,0,0,0,0
1,30,331,217,2,0,1,10090,0,113,2023,8,5,3,42,22,4,52,18,42,1,1,1,14,7,0,0,0,0,5,7,1,70,1,2,1,45,1,12,61,31,0,11,0,1,0,11,0,4,0,10,0,4,0,2,0,2,0,4,2,35.64830305555555,139.71339638888887,7,3,9999,0,9,0
1,30,331,220,2,0,1,30000,0,113,2023,8,13,1,54,22,4,58,18,34,1,1,1,14,7,0,0,0,0,3,9,1,70,5,3,1,35,1,3,61,31,0,1,0,1,0,11,0,5,0,10,0,4,0,2,0,2,0,4,2,35.655698888888885,139.6929111111111,1,3,9999,0,9,0
1,30,331,222,2,0,1,30000,0,113,2023,8,3,6,0,12,4,50,18,44,1,1,1,14,7,0,0,0,0,2,9,1,70,4,2,1,45,35,3,61,1,0,1,0,1,0,11,0,2,0,30,0,4,0,2,0,2,0,4,2,35.646164999999996,139.71169555555554,5,3,9999,0,1,0
1,30,331,224,2,0,1,2460,55,113,2023,8,9,22,45,22,4,55,18,38,2,1,1,1,7,1,22,0,0,11,9,30,70,5,3,1,35,25,3,61,31,0,1,0,1,0,11,0,10,0,10,0,3,0,2,0,2,0,4,2,35.65529444444444,139.69478833333335,4,3,9999,0,1,0
1,30,331,226,2,0,2,30220,0,113,2023,8,19,14,5,12,5,2,18,27,1,1,1,7,7,0,0,0,0,3,7,1,70,4,1,1,45,1,3,61,31,0,1,0,1,0,11,0,3,0,10,0,3,0,2,0,2,0,4,2,35.659793888888885,139.7038188888889,7,3,9999,0,1,0
1,30,331,228,2,0,1,30000,0,113,2023,8,22,20,15,22,5,5,18,23,2,1,1,1,1,3,22,0,0,11,9,30,70,4,2,1,65,1,3,61,1,0,1,0,1,0,11,0,2,0,10,0,4,0,2,0,2,0,4,2,35.65083027777778,139.7080722222222,3,3,9999,0,9,0
1,30,331,229,2,0,1,30000,0,113,2023,8,22,23,0,22,5,5,18,23,2,1,1,7,7,0,0,0,0,2,9,1,70,5,3,1,65,25,3,61,31,0,1,0,1,0,11,0,10,0,10,0,3,0,2,0,2,0,4,2,35.658858055555555,139.69713444444446,3,3,9999,0,1,0
1,30,331,234,2,0,1,30000,0,113,2023,8,26,16,10,12,5,8,18,18,1,1,1,14,7,0,0,0,0,1,9,1,70,4,1,1,55,75,3,61,31,0,1,0,1,0,11,0,2,0,60,0,4,0,2,0,2,0,4,2,35.65159055555556,139.70163027777775,7,3,9999,0,9,0
1,30,331,239,2,0,1,30000,0,113,2023,7,21,21,52,22,4,40,18,54,2,1,1,14,7,0,0,0,0,1,9,1,70,5,3,1,25,1,3,61,31,0,1,0,1,0,11,0,10,0,10,0,3,0,2,0,2,0,4,2,35.65894222222222,139.69705916666666,6,3,9999,0,1,0
1,30,331,240,2,0,1,30000,0,113,2023,8,30,15,41,12,5,11,18,12,1,1,1,14,7,0,0,0,0,1,9,1,70,5,1,1,35,45,3,61,1,0,1,0,1,0,11,0,10,0,20,0,4,0,2,0,2,0,4,2,35.662818333333334,139.69731972222223,4,3,9999,0,5,0
1,30,331,244,2,0,1,30000,0,113,2023,8,31,15,7,12,5,12,18,11,1,1,1,7,7,0,0,0,0,3,8,1,70,5,3,1,1,25,51,61,41,0,0,0,0,0,0,0,0,0,10,0,4,0,0,0,0,0,4,2,35.65254888888889,139.69821805555557,5,3,0,0,0,0
1,30,332,104,2,0,1,20160,0,113,2023,8,3,9,50,12,4,50,18,44,1,1,1,14,7,0,0,0,0,6,8,1,70,1,2,1,25,35,52,61,41,0,0,0,0,0,0,0,0,0,40,0,4,0,0,0,0,0,4,2,35.667407777777775,139.70740527777775,5,3,0,0,0,0
1,30,332,105,2,0,1,20000,0,113,2023,8,4,10,15,12,4,51,18,43,1,1,1,1,1,9,22,0,0,19,8,30,70,4,1,1,25,45,13,61,1,0,11,0,1,0,11,0,3,0,80,0,3,0,2,0,2,0,4,2,35.68055416666667,139.70521777777776,6,3,9999,0,1,0
1,30,332,108,2,0,1,30000,0,113,2023,8,17,22,40,22,5,1,18,29,1,1,1,14,7,0,0,0,0,3,9,1,70,4,3,1,45,75,51,61,41,0,0,0,0,0,0,0,0,0,40,0,3,0,0,0,0,0,4,4,35.683816666666665,139.70106666666666,5,3,0,0,0,0
1,30,333,171,2,0,1,30000,0,113,2023,8,18,11,25,12,5,2,18,28,1,1,1,1,1,9,22,0,0,14,6,30,70,4,2,1,25,45,51,61,41,0,0,0,0,0,0,0,0,0,10,0,3,0,0,0,0,0,4,2,35.66407805555556,139.67514166666666,6,3,0,0,0,0
1,30,333,175,2,0,1,10160,0,113,2023,8,19,19,0,21,5,2,18,27,1,1,1,14,7,0,0,0,0,5,9,1,70,1,2,1,1,1,51,61,41,0,0,0,0,0,0,0,0,0,20,0,3,0,0,0,0,0,4,2,35.688246666666664,139.68313916666665,7,3,0,0,0,0
1,30,333,180,2,0,1,30000,0,113,2023,8,24,15,40,12,5,6,18,20,1,1,1,14,7,0,0,0,0,1,9,1,70,5,2,1,45,1,35,61,31,0,0,0,0,0,11,0,10,0,40,0,3,0,0,0,0,0,4,2,35.67341861111111,139.66665722222223,5,3,9999,0,1,0
1,30,435,147,2,0,1,10050,0,104,2023,8,2,13,55,12,4,49,18,45,1,1,1,1,1,9,22,0,0,18,9,30,70,1,2,1,75,55,13,61,31,0,11,0,1,0,11,0,10,0,10,0,3,0,2,0,2,0,4,2,35.69108444444444,139.71660083333333,4,3,251,0,9,0
1,30,435,148,2,0,1,30000,0,104,2023,8,4,8,55,12,4,51,18,43,1,1,1,1,7,9,22,0,0,14,9,30,70,1,1,1,55,65,3,61,1,0,1,0,1,0,11,0,3,0,10,0,3,0,2,0,2,0,4,2,35.69259361111111,139.71443055555554,6,3,9999,0,9,0
1,30,435,150,2,0,1,30000,0,104,2023,8,6,16,30,12,4,52,18,41,1,1,1,1,7,9,22,0,0,11,9,30,70,5,2,1,65,1,3,61,1,0,1,0,1,0,11,0,3,0,10,0,3,0,2,0,2,0,4,2,35.70689027777778,139.7206402777778,1,3,9999,0,9,0
1,30,435,158,2,0,1,20290,0,104,2023,8,14,21,55,22,4,59,18,33,1,1,1,7,7,0,0,0,0,2,7,1,70,4,2,1,25,45,35,61,31,0,0,0,0,0,11,0,3,0,42,0,3,0,0,0,0,0,4,2,35.69945138888889,139.72557361111112,2,3,9999,0,5,0
1,30,435,159,2,0,1,10220,0,104,2023,7,16,20,0,22,4,37,18,57,1,1,1,1,7,1,21,0,0,11,8,30,70,5,2,1,65,65,3,61,1,0,1,0,1,0,11,0,1,0,80,0,4,0,2,0,2,0,4,2,35.70101972222223,139.74121666666665,1,2,9999,0,9,0
1,30,435,162,2,0,1,20290,0,104,2023,8,21,9,31,12,5,4,18,24,1,1,1,14,1,0,0,0,0,5,9,1,70,4,2,1,35,25,13,61,31,0,11,0,1,0,11,0,1,0,80,0,3,0,2,0,2,0,4,2,35.702735555555556,139.73864277777776,2,3,9999,0,1,0
1,30,435,165,2,0,1,10220,0,104,2023,8,26,10,52,12,5,8,18,18,1,1,1,1,1,9,22,0,0,18,9,30,70,1,2,1,1,65,51,61,41,0,0,0,0,0,0,0,0,0,10,0,3,0,0,0,0,0,4,2,35.70664416666667,139.71889444444446,7,3,0,0,0,0
1,30,435,170,2,0,1,30000,0,104,2023,8,23,16,40,12,5,6,18,22,1,1,1,14,7,0,0,0,0,1,9,1,70,5,4,1,35,25,13,61,31,0,11,0,1,0,11,0,1,0,40,0,3,0,2,0,2,0,4,2,35.70431638888889,139.73521,4,3,9999,0,1,0
1,30,436,164,2,0,1,20000,0,104,2023,5,9,15,40,12,4,42,18,34,1,1,1,14,7,0,0,0,0,2,9,1,70,5,2,1,55,35,14,61,31,0,11,0,1,0,11,0,1,0,50,0,4,0,2,0,1,0,4,2,35.69004555555555,139.6967138888889,3,3,9999,0,9,0
1,30,436,165,2,0,1,99000,0,104,2023,7,21,2,15,22,4,40,18,54,1,1,1,0,7,0,0,0,0,0,0,20,70,0,4,1,25,0,61,0,0,0,0,0,0,0,0,0,0,0,0,0,0,0,0,0,0,0,2,0,35.696172777777775,139.70288555555555,6,3,0,0,0,0
1,30,436,166,2,0,1,99000,0,104,2023,7,28,7,58,12,4,45,18,49,1,1,1,0,7,0,0,0,0,0,0,20,70,0,4,1,1,1,3,61,31,0,1,0,1,0,11,0,10,0,30,0,4,0,2,0,2,0,4,2,35.695445,139.7075336111111,6,3,9999,0,1,0
1,30,436,168,2,0,1,200,85,104,2023,8,6,1,0,22,4,52,18,41,1,1,1,14,1,0,0,0,0,5,9,1,70,1,1,1,65,55,3,61,1,0,1,0,1,0,11,0,5,0,10,0,3,0,2,0,2,0,4,2,35.68895972222222,139.70042138888888,1,3,9999,0,9,0
1,30,436,174,2,0,1,10240,0,104,2023,6,23,8,15,12,4,26,19,0,2,1,1,14,7,0,0,0,0,2,9,1,70,1,2,1,45,25,51,61,41,0,0,0,0,0,0,0,0,0,20,0,4,0,0,0,0,0,4,2,35.69480972222222,139.69203638888888,6,3,0,0,0,0
1,30,436,182,2,0,1,30000,0,104,2023,8,20,9,27,12,5,3,18,25,1,1,1,14,7,0,0,0,0,2,9,1,70,5,3,1,25,35,3,61,31,0,1,0,1,0,11,0,2,0,40,0,3,0,2,0,2,0,4,2,35.69497583333333,139.7010675,1,3,9999,0,4,0
1,30,436,183,2,0,1,20320,0,104,2023,2,14,2,21,22,6,30,17,21,1,1,1,7,1,0,0,0,0,5,9,1,70,4,2,1,55,45,3,61,1,0,1,0,1,0,11,0,4,0,40,0,4,0,2,0,2,0,4,2,35.69090444444444,139.687275,3,3,9999,0,9,0
1,30,437,159,2,0,1,10220,0,104,2023,7,13,20,20,22,4,35,18,58,1,1,1,14,1,0,0,0,0,3,9,1,70,4,1,1,1,1,51,61,41,0,0,0,0,0,0,0,0,0,10,0,3,0,0,0,0,0,4,2,35.711795,139.70824333333331,5,3,0,0,0,0
1,30,437,163,2,0,1,10220,0,104,2023,8,1,12,57,12,4,48,18,46,3,1,2,1,1,9,22,0,0,14,9,30,70,4,2,1,25,25,51,61,41,0,0,0,0,0,0,0,0,0,10,0,3,0,0,0,0,0,4,2,35.71376888888889,139.70387416666665,3,3,0,0,0,0
1,30,437,165,2,0,1,10220,0,104,2023,8,3,19,22,21,4,50,18,44,1,1,1,14,7,0,0,0,0,4,9,1,70,4,1,1,25,45,51,61,41,0,0,0,0,0,0,0,0,0,20,0,3,0,0,0,0,0,4,2,35.713368055555556,139.70181888888888,5,3,0,0,0,0