資料区分,都道府県コード,警察署等コード,本票番号,事故内容,死者数,負傷者数,路線コード,地点コード,市区町村コード,発生日時　　年,発生日時　　月,発生日時　　日,発生日時　　時,発生日時　　分,昼夜,日の出時刻　　時,日の出時刻　　分,日の入り時刻　　時,日の入り時刻　　分,天候,地形,路面状態,道路形状,信号機,一時停止規制　標識（当事者A）,一時停止規制　表示（当事者A）,一時停止規制　標識（当事者B）,一時停止規制　表示（当事者B）,車道幅員,道路線形,衝突地点,ゾーン規制,中央分離帯施設等,歩車道区分,事故類型,年齢（当事者A）,年齢（当事者B）,当事者種別（当事者A）,当事者種別（当事者B）,用途別（当事者A）,用途別（当事者B）,車両形状等（当事者A）,車両形状等（当事者B）,オートマチック車（当事者A）,オートマチック車（当事者B）,サポカー（当事者A）,サポカー（当事者B）,速度規制（指定のみ）（当事者A）,速度規制（指定のみ）（当事者B）,車両の衝突部位（当事者A）,車両の衝突部位（当事者B）,車両の損壊程度（当事者A）,車両の損壊程度（当事者B）,エアバッグの装備（当事者A）,エアバッグの装備（当事者B）,サイドエアバッグの装備（当事者A）,サイドエアバッグの装備（当事者B）,人身損傷程度（当事者A）,人身損傷程度（当事者B）,lat,lon,曜日(発生年月日),祝日(発生年月日),認知機能検査経過日数（当事者A）,認知機能検査経過日数（当事者B）,運転練習の方法（当事者A）,運転練習の方法（当事者B）
1,30,437,166,2,0,1,30000,0,104,2023,8,3,19,55,22,4,50,18,44,1,1,1,1,7,9,22,0,0,11,9,30,70,5,1,1,55,1,17,61,31,0,11,0,2,0,11,0,10,0,30,0,3,0,2,0,2,0,4,2,35.71214194444445,139.70525888888886,5,3,9999,0,9,0
1,30,437,167,2,0,1,30000,0,104,2023,8,4,8,10,12,4,51,18,43,1,1,1,14,7,0,0,0,0,3,9,1,1,5,3,1,45,25,17,61,1,0,11,0,1,0,11,0,10,0,80,0,4,0,2,0,2,0,4,2,35.717155000000005,139.69147,6,3,9999,0,1,0
1,30,437,177,2,0,1,30000,0,104,2023,8,10,17,47,13,4,55,18,37,1,1,1,14,7,0,0,0,0,3,9,1,1,5,3,1,55,0,61,0,0,0,0,0,0,0,0,0,0,0,0,0,0,0,0,0,0,0,2,0,35.71427472222223,139.70356833333332,5,2,0,0,0,0
1,30,437,188,2,0,1,10010,0,104,2023,8,30,12,0,12,5,11,18,12,1,1,1,14,7,0,0,0,0,1,9,1,70,4,1,1,1,75,51,61,41,0,0,0,0,0,0,0,0,0,40,0,4,0,0,0,0,0,4,2,35.721873055555555,139.697765,4,3,0,0,0,0
1,30,438,159,2,0,1,30000,0,104,2023,8,6,12,50,12,4,52,18,41,1,1,1,1,7,1,21,0,0,17,9,30,70,1,1,1,55,35,3,61,31,0,1,0,1,0,11,0,1,0,10,0,4,0,2,0,2,0,4,2,35.69344555555555,139.70703083333333,1,3,9999,0,9,0
1,30,438,162,2,0,1,10090,0,104,2023,8,13,18,44,21,4,58,18,34,3,1,2,14,1,0,0,0,0,4,9,1,70,5,2,1,45,25,3,61,31,0,1,0,1,0,11,0,4,0,50,0,3,0,2,0,2,0,4,2,35.69352472222222,139.70688777777778,1,3,9999,0,1,0
1,30,439,174,2,0,1,30000,0,114,2023,2,25,16,35,13,6,17,17,32,1,1,1,1,7,9,22,0,0,11,9,30,70,5,3,1,65,35,3,61,1,0,1,0,1,0,11,0,10,0,80,0,3,0,2,0,2,0,4,2,35.69956944444444,139.675595,7,3,9999,0,9,0
1,30,439,182,2,0,1,30000,0,114,2023,8,9,18,45,21,4,55,18,38,2,1,1,14,7,0,0,0,0,3,9,1,70,4,1,1,45,1,3,61,31,0,1,0,1,0,11,0,3,0,20,0,3,0,2,0,2,0,4,2,35.701166111111114,139.68345083333332,4,3,9999,0,9,0
1,30,439,189,2,0,1,10160,0,114,2023,8,15,0,58,22,4,59,18,31,3,1,2,1,1,9,22,0,0,19,9,30,70,1,2,1,35,35,36,61,31,0,0,0,0,0,11,0,2,0,10,0,3,0,0,0,0,0,4,2,35.71019166666667,139.6845661111111,3,3,9999,0,5,0
1,30,439,190,2,0,1,30000,0,114,2023,8,17,18,17,13,5,1,18,29,1,1,1,1,7,9,22,0,0,11,1,30,70,5,4,1,65,35,3,61,1,0,1,0,1,0,11,0,10,0,20,0,3,0,2,0,2,0,4,2,35.703582222222224,139.67948027777777,5,3,9999,0,9,0
1,30,439,202,2,0,1,10160,0,114,2023,8,29,22,50,22,5,10,18,14,1,1,1,1,7,1,21,0,0,18,9,30,70,1,2,1,45,25,4,61,31,0,1,0,1,0,11,0,10,0,10,0,3,0,2,0,2,0,4,2,35.695876111111104,139.68282638888888,3,3,9999,0,1,0
1,30,440,199,2,0,1,30000,0,114,2023,8,4,18,20,13,4,51,18,43,1,1,1,14,7,0,0,0,0,2,9,1,70,5,3,1,55,45,3,61,31,0,1,0,1,0,11,0,10,0,80,0,3,0,2,0,2,0,4,2,35.71111833333334,139.67603722222222,6,3,9999,0,9,0
1,30,440,204,2,0,1,10220,0,114,2023,8,11,1,25,22,4,56,18,36,1,1,1,14,7,0,0,0,0,3,9,1,70,4,2,1,55,45,3,61,1,0,1,0,1,0,11,0,3,0,10,0,3,0,2,0,2,0,4,2,35.70983527777778,139.65979388888888,6,1,9999,0,9,0
1,30,440,210,2,0,1,20500,0,114,2023,8,15,6,15,12,4,59,18,31,2,1,2,14,7,0,0,0,0,2,9,1,70,4,1,1,25,25,51,61,41,0,0,0,0,0,0,0,0,0,10,0,4,0,0,0,0,0,4,2,35.723642500000004,139.63812833333333,3,3,0,0,0,0
1,30,440,220,2,0,1,30000,0,114,2023,8,24,18,56,21,5,6,18,20,1,1,1,7,7,0,0,0,0,2,8,1,1,5,3,1,55,75,3,61,31,0,1,0,1,0,11,0,2,0,10,0,4,0,2,0,2,0,4,2,35.716278333333335,139.6471475,5,3,9999,0,9,0
1,30,440,223,2,0,1,10130,0,114,2023,8,25,10,43,12,5,7,18,19,1,1,1,1,1,9,22,0,0,15,9,30,70,4,2,1,55,65,3,61,31,0,1,0,1,0,11,0,3,0,10,0,3,0,2,0,2,0,4,2,35.72305277777778,139.6536638888889,6,3,9999,0,9,0
1,30,440,229,2,0,1,10220,0,114,2023,8,23,17,5,12,5,6,18,22,1,1,1,7,1,0,0,0,0,3,9,1,70,4,2,1,35,0,61,0,0,0,0,0,0,0,0,0,0,0,0,0,0,0,0,0,0,0,2,0,35.7098425,139.6573013888889,4,3,0,0,0,0
1,30,441,203,2,0,1,10260,0,115,2023,4,22,19,55,22,5,0,18,20,1,1,1,14,7,0,0,0,0,2,9,1,70,4,1,1,35,45,51,61,41,0,0,0,0,0,0,0,0,0,20,0,4,0,0,0,0,0,4,2,35.69459527777777,139.64179916666666,7,3,0,0,0,0
1,30,441,205,2,0,1,30000,0,115,2023,8,1,15,30,12,4,48,18,46,2,1,2,14,7,0,0,0,0,2,9,1,70,4,2,1,25,1,51,61,41,0,0,0,0,0,0,0,0,0,10,0,3,0,0,0,0,0,4,2,35.70556972222222,139.65156222222222,3,3,0,0,0,0
1,30,441,213,2,0,1,30000,0,115,2023,8,8,17,25,12,4,54,18,39,1,1,1,14,7,0,0,0,0,2,9,1,70,5,4,1,55,1,4,61,31,0,1,0,1,0,11,0,10,0,20,0,4,0,2,0,2,0,4,2,35.70282027777778,139.65811277777777,3,3,9999,0,9,0
1,30,441,214,2,0,1,30000,0,115,2023,7,28,13,50,12,4,45,18,49,1,1,1,14,7,0,0,0,0,3,9,1,70,5,4,1,45,45,36,61,31,0,0,0,0,0,11,0,10,0,40,0,3,0,0,0,0,0,4,2,35.69142944444444,139.66550944444444,6,3,9999,0,9,0
1,30,441,215,2,0,1,30000,0,115,2023,8,3,16,50,12,4,50,18,44,1,1,1,14,7,0,0,0,0,2,9,1,70,5,4,1,35,1,13,61,31,0,11,0,1,0,11,0,2,0,80,0,3,0,2,0,2,0,4,2,35.70639666666667,139.65814944444446,5,3,9999,0,1,0
1,30,441,221,2,0,1,10240,0,115,2023,8,24,23,55,22,5,6,18,20,1,1,1,7,7,0,0,0,0,4,9,1,70,4,1,1,35,45,31,61,31,0,0,0,0,0,11,0,5,0,10,0,3,0,0,0,0,0,4,2,35.69797333333333,139.65245083333335,5,3,9999,0,1,0
1,30,441,234,2,0,1,30000,0,115,2023,8,30,17,20,13,5,11,18,12,1,1,1,14,7,0,0,0,0,2,9,1,70,5,4,1,75,1,3,61,31,0,1,0,1,0,11,0,1,0,40,0,3,0,2,0,2,0,4,2,35.69414361111111,139.6461608333333,4,3,422,0,9,0
1,30,442,208,2,0,1,30000,0,115,2023,5,13,23,25,22,4,38,18,37,1,1,1,14,7,0,0,0,0,2,9,1,70,5,3,1,75,35,4,61,31,0,1,0,1,0,11,0,2,0,60,0,4,0,2,0,2,0,4,2,35.703606944444445,139.59852750000002,7,3,58,0,1,0
1,30,442,214,2,0,2,30000,0,115,2023,8,5,8,50,12,4,52,18,42,1,1,1,1,8,9,22,0,0,14,9,30,70,5,2,1,1,45,51,61,41,0,0,0,0,0,0,0,0,0,10,0,3,0,0,0,0,0,2,2,35.675418055555554,139.62684000000002,7,3,0,0,0,0
1,30,442,215,2,0,1,20270,0,115,2023,8,5,21,49,22,4,52,18,42,1,1,1,14,7,0,0,0,0,4,9,1,70,5,2,1,45,25,3,61,31,0,1,0,1,0,11,0,3,0,11,0,3,0,2,0,2,0,4,2,35.68742472222222,139.61967055555556,7,3,9999,0,1,0
1,30,442,234,2,0,2,10260,0,115,2023,8,24,9,43,12,5,6,18,20,1,1,1,14,7,0,0,0,0,3,9,1,70,4,2,1,75,1,3,61,31,0,1,0,1,0,11,0,3,0,10,0,3,0,2,0,2,0,4,2,35.68977527777778,139.61991305555557,5,3,9999,0,9,0
1,30,443,153,2,0,1,30000,0,115,2023,8,3,7,55,12,4,50,18,44,1,1,1,14,7,0,0,0,0,2,9,1,70,5,4,1,25,45,51,61,41,0,0,0,0,0,0,0,0,0,10,0,4,0,0,0,0,0,4,2,35.70428555555556,139.59782944444444,5,3,0,0,0,0
1,30,443,158,2,0,1,30000,0,115,2023,8,16,13,35,12,5,0,18,30,2,1,1,14,7,0,0,0,0,3,9,1,70,5,3,1,65,25,3,61,31,0,1,0,1,0,11,0,2,0,40,0,3,0,2,0,2,0,4,2,35.70856666666667,139.61369333333332,4,3,9999,0,1,0
1,30,443,161,2,0,1,30000,0,115,2023,8,20,10,10,12,5,3,18,25,1,1,1,14,7,0,0,0,0,2,9,1,70,5,3,1,25,65,51,61,41,0,0,0,0,0,0,0,0,0,10,0,3,0,0,0,0,0,4,2,35.72179611111111,139.62398444444446,1,3,0,0,0,0
1,30,443,168,2,0,1,10200,0,115,2023,8,30,21,32,22,5,11,18,12,1,1,1,1,1,9,22,0,0,18,3,30,70,5,2,1,65,45,12,61,1,0,11,0,2,0,11,0,10,0,10,0,3,0,2,0,2,0,4,2,35.695994444444445,139.61783944444446,4,3,9999,0,9,0
1,30,547,80,2,0,1,30000,0,105,2023,8,1,12,5,12,4,48,18,46,2,1,1,14,7,0,0,0,0,3,8,1,70,5,2,1,45,1,1,61,1,0,1,0,1,0,11,0,10,0,10,0,4,0,2,0,2,0,4,2,35.708354722222225,139.76812944444447,3,3,9999,0,1,0
1,30,547,90,2,0,1,30000,0,105,2023,8,18,14,40,12,5,2,18,28,1,1,1,1,7,1,21,0,0,11,9,30,70,5,1,1,75,35,3,61,31,0,1,0,1,0,11,0,10,0,10,0,4,0,2,0,2,0,4,2,35.70469138888889,139.76027277777777,6,3,226,0,9,0
1,30,548,48,2,0,1,20370,0,105,2023,8,12,1,15,22,4,57,18,35,1,1,1,14,7,0,0,0,0,3,9,1,70,4,2,1,45,0,61,0,0,0,0,0,0,0,0,0,0,0,0,0,0,0,0,0,0,0,2,0,35.724967222222226,139.76299416666666,7,3,0,0,0,0
1,30,549,92,2,0,1,30000,0,116,2023,8,20,8,11,12,5,3,18,25,1,1,1,14,7,0,0,0,0,1,7,1,70,4,2,1,65,55,51,61,41,0,0,0,0,0,0,0,0,0,20,0,3,0,0,0,0,0,4,2,35.72698805555556,139.71996805555557,1,3,0,0,0,0
1,30,550,148,2,0,1,30000,0,116,2023,7,4,17,10,12,4,30,19,1,1,1,1,14,7,0,0,0,0,2,9,1,70,5,3,1,45,75,3,61,31,0,1,0,1,0,11,0,10,0,30,0,4,0,2,0,2,0,4,2,35.732081111111114,139.70707833333333,3,3,9999,0,1,0
1,30,550,150,2,0,1,30000,0,116,2023,7,23,19,2,21,4,42,18,53,1,1,1,1,8,0,0,0,0,15,9,30,70,5,2,1,75,0,61,0,0,0,0,0,0,0,0,0,0,0,0,0,0,0,0,0,0,0,2,0,35.727670555555555,139.70870333333332,1,3,0,0,0,0
1,30,550,157,2,0,1,30000,0,116,2023,8,14,20,26,22,4,59,18,33,1,1,1,14,7,0,0,0,0,2,9,1,70,5,3,1,35,0,61,0,0,0,0,0,0,0,0,0,0,0,0,0,0,0,0,0,0,0,2,0,35.73416916666667,139.71160305555554,2,3,0,0,0,0
1,30,550,161,2,0,1,30000,0,116,2023,8,24,7,27,12,5,6,18,20,1,1,1,1,1,9,22,0,0,17,9,30,70,1,2,1,45,35,51,61,41,0,0,0,0,0,0,0,0,0,10,0,4,0,0,0,0,0,4,2,35.72866194444445,139.71675583333334,5,3,0,0,0,0
1,30,551,127,2,0,1,30000,0,116,2023,8,1,18,27,13,4,48,18,46,2,1,1,1,7,9,22,0,0,14,9,30,70,5,3,1,55,75,35,61,31,0,0,0,0,0,11,0,2,0,10,0,3,0,0,0,0,0,4,2,35.71347638888889,139.71793583333334,3,3,9999,0,9,0
1,30,552,138,2,0,1,30000,0,117,2023,8,9,9,50,12,4,55,18,38,2,1,1,1,7,9,22,0,0,11,7,30,70,5,2,1,65,1,14,61,1,0,11,0,1,0,11,0,1,0,50,0,3,0,2,0,2,0,4,2,35.73667611111111,139.7593652777778,4,3,9999,0,9,0
1,30,552,152,2,0,1,30000,0,117,2023,8,18,18,30,21,5,2,18,28,1,1,1,7,7,0,0,0,0,1,9,1,70,4,3,1,45,25,51,61,41,0,0,0,0,0,0,0,0,0,10,0,4,0,0,0,0,0,4,2,35.74503527777778,139.72300222222222,6,3,0,0,0,0
1,30,553,114,2,0,1,10130,0,117,2023,8,1,15,0,12,4,48,18,46,3,1,1,14,7,0,0,0,0,6,9,1,70,1,1,1,45,75,51,61,41,0,0,0,0,0,0,0,0,0,14,0,3,0,0,0,0,0,4,2,35.765886944444446,139.7206852777778,3,3,0,0,0,0
1,30,553,118,2,0,2,30000,0,117,2023,8,8,20,30,22,4,54,18,39,1,1,1,7,7,0,0,0,0,3,9,1,70,4,3,1,55,75,35,61,31,0,0,0,0,0,11,0,2,0,10,0,3,0,0,0,0,0,2,2,35.76467638888889,139.72483944444446,3,3,9999,0,9,0
1,30,553,121,2,0,1,20000,0,117,2023,8,14,9,49,12,4,59,18,33,3,1,1,14,7,0,0,0,0,3,9,1,70,4,1,1,1,75,51,61,41,0,0,0,0,0,0,0,0,0,40,0,3,0,0,0,0,0,4,2,35.763958055555555,139.75195805555555,2,3,0,0,0,0
1,30,553,125,2,0,1,30000,0,117,2023,8,15,3,5,22,4,59,18,31,2,1,2,7,7,0,0,0,0,3,9,1,70,5,3,1,25,35,3,61,1,0,1,0,1,0,11,0,2,0,10,0,3,0,2,0,2,0,4,2,35.765366388888886,139.7268636111111,3,3,9999,0,1,0
1,30,554,151,2,0,1,30000,0,117,2023,8,10,18,5,13,4,55,18,37,1,1,1,14,7,0,0,0,0,3,8,1,70,5,3,1,35,35,3,61,31,0,1,0,1,0,11,0,10,0,40,0,4,0,2,0,2,0,4,2,35.77438333333333,139.71920416666666,5,2,9999,0,1,0
1,30,555,231,2,0,1,30000,0,119,2023,8,2,15,20,12,4,49,18,45,1,1,1,1,1,9,22,0,0,18,9,30,1,5,3,1,25,75,14,61,31,0,11,0,1,0,11,0,1,0,10,0,3,0,2,0,2,0,4,2,35.75958055555556,139.70761499999998,4,3,9999,0,1,0
1,30,555,239,2,0,1,30000,0,119,2023,8,3,8,40,12,4,50,18,44,1,1,1,14,7,0,0,0,0,3,9,1,70,4,1,1,55,25,3,61,1,0,1,0,1,0,11,0,2,0,10,0,3,0,2,0,2,0,4,2,35.748449722222226,139.7139147222222,5,3,9999,0,1,0
1,30,555,248,2,0,1,30000,0,119,2023,7,17,21,40,22,4,37,18,57,1,1,1,14,7,0,0,0,0,2,9,1,70,5,3,1,1,35,51,61,41,0,0,0,0,0,0,0,0,0,10,0,3,0,0,0,0,0,4,2,35.75485222222222,139.69831194444444,2,1,0,0,0,0
1,30,555,250,2,0,1,30000,0,119,2023,8,21,16,40,12,5,4,18,24,1,1,1,14,7,0,0,0,0,2,8,1,70,5,3,1,1,45,51,61,41,0,0,0,0,0,0,0,0,0,10,0,4,0,0,0,0,0,4,2,35.75392166666666,139.70950555555555,2,3,0,0,0,0
1,30,555,251,2,0,1,30000,0,119,2023,8,7,17,27,12,4,53,18,40,2,1,1,14,7,0,0,0,0,2,9,1,70,4,3,1,55,25,4,61,31,0,1,0,1,0,11,0,2,0,10,0,4,0,2,0,2,0,4,2,35.75557888888889,139.69645083333333,2,3,9999,0,9,0
1,30,556,171,2,0,1,30000,0,119,2023,7,24,11,17,12,4,42,18,52,1,1,1,14,7,0,0,0,0,2,9,1,70,5,1,1,65,75,3,61,31,0,1,0,1,0,11,0,3,0,30,0,3,0,2,0,2,0,4,2,35.77787027777778,139.68655555555557,2,3,9999,0,9,0
1,30,556,175,2,0,1,170,131,119,2023,8,5,22,20,22,4,52,18,42,1,1,1,14,7,0,0,0,0,5,9,1,70,4,2,1,25,35,34,61,31,0,0,0,0,0,11,0,5,0,10,0,3,0,0,0,0,0,4,2,35.77423527777778,139.6971511111111,7,3,9999,0,1,0
1,30,556,179,2,0,1,30760,0,119,2023,8,10,14,34,12,4,55,18,37,1,1,1,1,7,9,22,0,0,11,9,30,70,4,2,1,75,75,4,61,31,0,1,0,1,0,11,0,3,0,80,0,3,0,2,0,2,0,4,2,35.763147777777775,139.69229944444444,5,2,9999,0,9,0
1,30,556,180,2,0,1,30000,0,119,2023,8,16,16,40,12,5,0,18,30,1,1,1,14,7,0,0,0,0,3,9,1,70,4,1,1,25,25,52,61,41,0,0,0,0,0,0,0,0,0,40,0,4,0,0,0,0,0,4,2,35.76780027777777,139.688015,4,3,0,0,0,0
1,30,556,181,2,0,1,30000,0,119,2023,7,21,11,20,12,4,40,18,54,1,1,1,14,7,0,0,0,0,1,9,1,70,5,2,1,65,75,51,61,41,0,0,0,0,0,0,0,0,0,10,0,4,0,0,0,0,0,4,2,35.787416944444445,139.67963055555555,6,3,0,0,0,0
1,30,556,187,2,0,1,170,155,119,2023,8,12,12,35,12,4,57,18,35,1,1,1,14,7,0,0,0,0,1,9,1,70,4,1,1,45,75,51,61,41,0,0,0,0,0,0,0,0,0,10,0,3,0,0,0,0,0,4,2,35.79185222222222,139.68554305555557,7,3,0,0,0,0
1,30,556,192,2,0,1,10200,0,119,2023,8,30,18,35,21,5,11,18,12,1,1,1,1,1,9,22,0,0,18,9,30,70,1,1,1,65,45,3,61,31,0,1,0,1,0,11,0,5,0,20,0,3,0,2,0,2,0,4,2,35.777809166666664,139.68193777777776,4,3,9999,0,9,0
1,30,557,185,2,0,1,30000,0,120,2023,8,8,22,45,22,4,54,18,39,3,1,2,14,7,0,0,0,0,2,9,1,70,5,3,1,25,0,61,0,0,0,0,0,0,0,0,0,0,0,0,0,0,0,0,0,0,0,2,0,35.74939555555556,139.65938083333333,3,3,0,0,0,0
1,30,557,188,2,0,1,30000,0,120,2023,4,22,10,35,12,5,0,18,20,2,1,1,14,7,0,0,0,0,2,9,1,70,4,2,1,45,25,51,61,41,0,0,0,0,0,0,0,0,0,20,0,4,0,0,0,0,0,4,2,35.75803805555555,139.67280888888888,7,3,0,0,0,0
1,30,557,195,2,0,1,30000,0,120,2023,8,19,20,15,22,5,2,18,27,1,1,1,1,1,9,22,0,0,14,9,30,70,4,1,1,35,25,3,61,1,0,1,0,1,0,11,0,2,0,50,0,3,0,2,0,2,0,4,2,35.74643805555556,139.64797944444445,7,3,9999,0,1,0
1,30,558,220,2,0,1,30000,0,120,2023,7,28,19,24,21,4,45,18,49,1,1,1,14,7,0,0,0,0,2,9,1,70,5,4,1,55,55,3,61,31,0,1,0,1,0,11,0,2,0,40,0,3,0,2,0,2,0,4,2,35.74348333333334,139.590495,6,3,9999,0,9,0
1,30,558,221,2,0,1,30000,0,120,2023,8,1,5,30,11,4,48,18,46,2,1,1,1,1,9,22,0,0,14,9,30,70,4,2,1,55,65,36,61,31,0,0,0,0,0,11,0,2,0,10,0,3,0,0,0,0,0,4,2,35.75371805555555,139.5863888888889,3,3,9999,0,9,0
1,30,558,230,2,0,1,30000,0,120,2023,8,3,16,30,12,4,50,18,44,1,1,1,1,7,9,22,0,0,11,9,30,70,5,3,1,1,45,51,61,41,0,0,0,0,0,0,0,0,0,10,0,3,0,0,0,0,0,4,2,35.7442125,139.6078025,5,3,0,0,0,0
1,30,558,231,2,0,1,30000,0,120,2023,7,16,16,35,12,4,37,18,57,1,1,1,1,7,9,22,0,0,11,9,30,70,5,3,1,45,25,3,61,31,0,1,0,1,0,11,0,10,0,40,0,4,0,2,0,2,0,4,2,35.76508333333334,139.59371416666667,1,2,9999,0,1,0
1,30,558,235,2,0,1,20430,0,120,2023,6,6,18,15,13,4,25,18,54,3,1,2,14,7,0,0,0,0,3,9,1,70,4,1,1,45,25,51,61,41,0,0,0,0,0,0,0,0,0,20,0,4,0,0,0,0,0,4,2,35.728702222222225,139.61000527777776,3,3,0,0,0,0
1,30,558,239,2,0,1,30000,0,120,2023,8,24,14,50,12,5,6,18,20,1,1,1,1,7,9,22,0,0,11,9,30,70,5,3,1,55,75,3,61,1,0,1,0,1,0,11,0,2,0,20,0,3,0,2,0,2,0,4,2,35.746788333333335,139.58124361111112,5,3,9999,0,9,0
1,30,558,251,2,0,1,30000,0,120,2023,7,20,12,40,12,4,40,18,55,1,1,1,14,1,0,0,0,0,2,9,1,70,4,3,1,65,55,4,61,31,0,1,0,1,0,11,0,2,0,40,0,4,0,2,0,2,0,4,2,35.74771888888889,139.56814916666667,5,3,9999,0,9,0
1,30,559,144,2,0,1,30000,0,119,2023,6,14,9,45,12,4,25,18,58,2,1,1,14,7,0,0,0,0,2,9,1,70,4,1,1,65,45,17,61,1,0,11,0,1,0,11,0,1,0,20,0,4,0,2,0,2,0,4,2,35.77941388888889,139.63279916666667,4,3,9999,0,9,0
1,30,559,146,2,0,1,2540,132,119,2023,8,21,16,52,12,5,4,18,24,1,1,1,1,7,8,22,0,0,14,9,30,70,1,1,1,25,65,51,61,41,0,0,0,0,0,0,0,0,0,10,0,3,0,0,0,0,0,4,2,35.77055166666666,139.64321416666667,2,3,0,0,0,0
1,30,559,147,2,0,1,30000,0,119,2023,8,15,13,40,12,4,59,18,31,1,1,1,14,7,0,0,0,0,3,9,1,70,4,2,1,45,55,12,61,31,0,11,0,1,0,11,0,10,0,20,0,4,0,2,0,2,0,4,2,35.77551166666667,139.6343038888889,3,3,9999,0,1,0
1,30,560,186,2,0,1,30000,0,120,2023,8,20,18,40,21,5,3,18,25,1,1,1,14,7,0,0,0,0,4,8,1,70,4,2,1,1,35,51,61,41,0,0,0,0,0,0,0,0,0,40,0,4,0,0,0,0,0,4,2,35.76209361111111,139.61273416666666,1,3,0,0,0,0
1,30,660,108,2,0,1,20390,0,106,2023,8,2,18,9,13,4,49,18,45,1,1,1,1,1,9,22,0,0,17,9,30,70,5,2,1,45,55,51,61,41,0,0,0,0,0,0,0,0,0,40,0,4,0,0,0,0,0,4,2,35.707776388888895,139.77452250000002,4,3,0,0,0,0
1,30,660,111,2,0,1,30000,0,106,2023,7,25,11,25,12,4,43,18,52,1,1,1,1,7,1,21,0,0,11,9,30,70,5,3,1,75,35,3,61,31,0,1,0,1,0,11,0,2,0,50,0,3,0,2,0,2,0,4,2,35.70647972222223,139.77434305555556,3,3,1085,0,9,0
1,30,660,117,2,0,1,30000,0,106,2023,8,17,14,45,12,5,1,18,29,1,1,1,1,7,9,22,0,0,11,9,30,70,5,2,1,75,75,3,61,31,0,1,0,1,0,11,0,2,0,10,0,4,0,2,0,2,0,4,2,35.705607500000006,139.77423333333334,5,3,240,0,9,0
1,30,660,126,2,0,1,30000,0,106,2023,8,3,12,20,12,4,50,18,44,1,1,1,14,7,0,0,0,0,2,9,1,70,5,2,1,65,35,13,61,31,0,11,0,1,0,11,0,5,0,70,0,3,0,2,0,2,0,4,2,35.708935555555556,139.77531555555558,5,3,9999,0,9,0
1,30,660,129,2,0,1,20530,0,106,2023,8,7,14,34,12,4,53,18,40,1,1,1,1,1,9,22,0,0,19,9,30,70,4,2,1,55,45,51,61,41,0,0,0,0,0,0,0,0,0,40,0,4,0,0,0,0,0,4,2,35.71203916666667,139.77888972222223,2,3,0,0,0,0
1,30,660,130,2,0,1,20390,0,106,2023,8,27,12,5,12,5,9,18,16,1,1,1,1,8,9,22,0,0,18,9,30,70,4,2,1,35,45,51,61,41,0,0,0,0,0,0,0,0,0,0,0,4,0,0,0,0,0,4,2,35.70780861111111,139.77459694444445,1,3,0,0,0,0
1,30,661,83,2,0,1,30000,0,106,2023,8,2,7,7,12,4,49,18,45,1,1,1,14,7,0,0,0,0,3,9,1,70,5,3,1,45,45,3,61,31,0,1,0,1,0,11,0,2,0,30,0,3,0,2,0,2,0,4,2,35.73006916666667,139.76353416666666,4,3,9999,0,5,0
1,30,661,91,2,0,1,30000,0,106,2023,8,15,19,30,21,4,59,18,31,3,1,2,1,1,9,22,0,0,15,9,30,70,4,2,1,55,45,3,61,31,0,1,0,1,0,11,0,3,0,50,0,3,0,2,0,2,0,4,2,35.72337666666667,139.7846152777778,3,3,9999,0,9,0
1,30,661,93,2,0,1,30000,0,106,2023,8,21,21,20,22,5,4,18,24,1,1,1,1,1,9,22,0,0,15,9,30,70,5,2,1,65,75,51,61,41,0,0,0,0,0,0,0,0,0,10,0,3,0,0,0,0,0,4,2,35.723711388888894,139.78428944444445,2,3,0,0,0,0
1,30,662,113,1,1,0,30000,0,106,2023,8,12,22,2,22,4,57,18,35,1,1,1,1,3,9,22,0,0,17,9,30,70,5,2,1,35,75,3,61,31,0,1,0,1,0,11,0,3,0,10,0,3,0,2,0,2,0,4,1,35.7236825,139.7981386111111,7,3,9999,0,1,0
1,30,662,114,2,0,1,10000,0,106,2023,8,7,7,10,12,4,53,18,40,2,1,1,1,1,9,22,0,0,11,9,30,70,5,2,1,45,35,17,61,31,0,11,0,1,0,11,0,1,0,80,0,4,0,2,0,2,0,4,2,35.711439722222224,139.79300944444444,2,3,9999,0,1,0
1,30,662,115,2,0,1,30000,0,106,2023,8,15,20,5,22,4,59,18,31,3,1,2,14,7,0,0,0,0,5,9,1,70,4,2,1,65,65,3,61,1,0,1,0,1,0,11,0,3,0,12,0,3,0,2,0,2,0,4,2,35.711464444444445,139.79352805555556,3,3,9999,0,9,0
1,30,663,107,2,0,1,60,23,106,2023,8,9,16,0,12,4,55,18,38,3,1,2,1,1,9,22,0,0,18,9,30,70,4,2,1,35,65,3,61,31,0,1,0,1,0,11,0,2,0,10,0,3,0,2,0,2,0,4,2,35.69853888888888,139.78701944444444,4,3,9999,0,9,0
1,30,663,111,2,0,2,30000,0,106,2023,8,17,13,55,12,5,1,18,29,1,1,1,14,7,0,0,0,0,3,9,1,70,5,2,1,45,55,51,61,41,0,0,0,0,0,0,0,0,0,10,0,3,0,0,0,0,0,2,2,35.71239916666667,139.78808194444443,5,3,0,0,0,0