資料区分,都道府県コード,警察署等コード,本票番号,事故内容,死者数,負傷者数,路線コード,地点コード,市区町村コード,発生日時　　年,発生日時　　月,発生日時　　日,発生日時　　時,発生日時　　分,昼夜,日の出時刻　　時,日の出時刻　　分,日の入り時刻　　時,日の入り時刻　　分,天候,地形,路面状態,道路形状,信号機,一時停止規制　標識（当事者A）,一時停止規制　表示（当事者A）,一時停止規制　標識（当事者B）,一時停止規制　表示（当事者B）,車道幅員,道路線形,衝突地点,ゾーン規制,中央分離帯施設等,歩車道区分,事故類型,年齢（当事者A）,年齢（当事者B）,当事者種別（当事者A）,当事者種別（当事者B）,用途別（当事者A）,用途別（当事者B）,車両形状等（当事者A）,車両形状等（当事者B）,オートマチック車（当事者A）,オートマチック車（当事者B）,サポカー（当事者A）,サポカー（当事者B）,速度規制（指定のみ）（当事者A）,速度規制（指定のみ）（当事者B）,車両の衝突部位（当事者A）,車両の衝突部位（当事者B）,車両の損壊程度（当事者A）,車両の損壊程度（当事者B）,エアバッグの装備（当事者A）,エアバッグの装備（当事者B）,サイドエアバッグの装備（当事者A）,サイドエアバッグの装備（当事者B）,人身損傷程度（当事者A）,人身損傷程度（当事者B）,lat,lon,曜日(発生年月日),祝日(発生年月日),認知機能検査経過日数（当事者A）,認知機能検査経過日数（当事者B）,運転練習の方法（当事者A）,運転練習の方法（当事者B）
1,30,665,71,2,0,1,99000,0,118,2023,8,30,11,40,12,5,11,18,12,1,1,1,0,7,0,0,0,0,0,0,20,70,0,4,1,45,75,3,61,31,0,1,0,1,0,11,0,10,0,30,0,3,0,2,0,2,0,4,2,35.73311277777778,139.79353916666668,4,3,9999,0,1,0
1,30,666,75,2,0,1,30000,0,118,2023,7,13,10,32,12,4,35,18,58,2,1,1,1,7,9,22,0,0,14,9,30,70,5,3,1,25,35,14,61,1,0,11,0,1,0,11,0,10,0,30,0,3,0,2,0,2,0,4,2,35.72811888888889,139.7742688888889,5,3,9999,0,1,0
1,30,666,77,2,0,1,30000,0,118,2023,8,4,9,36,12,4,51,18,43,1,1,1,14,7,0,0,0,0,3,9,1,1,5,2,1,65,45,3,61,31,0,1,0,1,0,11,0,2,0,10,0,3,0,2,0,2,0,4,2,35.73699777777778,139.77054861111114,6,3,9999,0,9,0
1,30,668,410,2,0,1,30000,0,121,2023,8,14,11,8,12,4,59,18,33,3,1,1,1,1,9,22,0,0,14,9,30,70,4,2,1,65,65,3,61,31,0,1,0,1,0,11,0,2,0,80,0,4,0,2,0,2,0,4,2,35.765860555555555,139.7984213888889,2,3,9999,0,9,0
1,30,668,420,2,0,1,30000,0,121,2023,8,20,20,30,22,5,3,18,25,1,1,1,1,7,9,22,0,0,14,9,30,70,4,2,1,45,75,3,61,31,0,1,0,1,0,11,0,3,0,10,0,3,0,2,0,2,0,4,2,35.76370305555555,139.79033277777776,1,3,9999,0,1,0
1,30,668,438,2,0,1,10130,0,121,2023,8,29,1,20,22,5,10,18,14,1,1,1,1,1,9,22,0,0,18,9,30,70,1,2,1,55,75,3,61,31,0,1,0,1,0,11,0,3,0,10,0,3,0,2,0,2,0,4,2,35.778464722222225,139.76497472222223,3,3,9999,0,9,0
1,30,669,375,2,0,1,30000,0,121,2023,8,1,12,15,12,4,48,18,46,3,1,2,14,7,0,0,0,0,4,9,1,70,4,2,1,55,0,61,0,0,0,0,0,0,0,0,0,0,0,0,0,0,0,0,0,0,0,2,0,35.775264444444446,139.81103444444446,3,3,0,0,0,0
1,30,669,392,2,0,1,30000,0,121,2023,8,15,20,10,22,4,59,18,31,3,1,2,1,7,9,22,0,0,11,9,30,70,5,2,1,25,25,36,61,31,0,0,0,0,0,11,0,2,0,10,0,3,0,0,0,0,0,4,2,35.76363194444444,139.80623277777778,3,3,9999,0,9,0
1,30,669,397,2,0,1,10130,0,121,2023,8,19,9,5,12,5,2,18,27,1,1,1,1,1,9,22,0,0,18,9,30,70,3,2,1,65,75,17,61,1,0,11,0,1,0,11,0,3,0,10,0,3,0,2,0,2,0,4,2,35.77023638888889,139.84831944444446,7,3,9999,0,9,0
1,30,669,404,2,0,1,30000,0,121,2023,8,24,9,45,12,5,6,18,20,1,1,1,1,7,9,22,0,0,14,9,30,70,5,2,1,35,25,3,61,31,0,1,0,1,0,11,0,2,0,30,0,3,0,2,0,2,0,4,2,35.77243583333333,139.84434333333334,5,3,9999,0,1,0
1,30,669,409,2,0,1,30000,0,121,2023,8,25,16,52,12,5,7,18,19,1,1,1,14,7,0,0,0,0,3,9,1,70,4,2,1,25,75,3,61,1,0,1,0,1,0,11,0,10,0,0,0,4,0,2,0,2,0,4,2,35.77197527777778,139.8096763888889,6,3,9999,0,1,0
1,30,669,410,2,0,1,30000,0,121,2023,8,26,11,30,12,5,8,18,18,2,1,1,14,7,0,0,0,0,4,9,1,70,5,2,1,35,45,51,61,41,0,0,0,0,0,0,0,0,0,10,0,3,0,0,0,0,0,4,2,35.782764444444446,139.8152877777778,7,3,0,0,0,0
1,30,670,269,2,0,1,10710,0,121,2023,8,5,13,57,12,4,52,18,42,1,1,1,14,7,0,0,0,0,3,9,1,70,5,1,1,1,55,51,61,41,0,0,0,0,0,0,0,0,0,10,0,3,0,0,0,0,0,4,2,35.803745,139.77032000000003,7,3,0,0,0,0
1,30,670,274,2,0,1,30000,0,121,2023,8,15,22,41,22,4,59,18,31,2,1,1,1,1,9,22,0,0,15,9,30,70,5,2,1,55,55,3,61,31,0,1,0,1,0,11,0,2,0,10,0,3,0,2,0,2,0,4,2,35.81318805555555,139.82240055555556,3,3,9999,0,9,0
1,30,670,287,2,0,1,99000,0,121,2023,8,27,10,35,12,5,9,18,16,1,1,1,0,7,0,0,0,0,0,0,20,70,0,4,1,65,45,4,61,31,0,1,0,1,0,11,0,10,0,10,0,4,0,2,0,2,0,4,2,35.80124055555555,139.7830127777778,1,3,144,0,9,0
1,30,670,288,2,0,1,30000,0,121,2023,8,29,11,35,12,5,10,18,14,1,1,1,1,7,1,21,0,0,11,9,30,70,5,4,1,65,75,3,61,31,0,1,0,1,0,11,0,2,0,10,0,3,0,2,0,2,0,4,2,35.794351666666664,139.79287916666667,3,3,9999,0,9,0
1,30,771,324,2,0,1,20680,0,108,2023,8,10,15,25,12,4,55,18,37,1,1,1,1,7,1,21,0,0,17,9,30,70,1,3,1,35,75,13,61,31,0,11,0,1,0,11,0,2,0,10,0,3,0,2,0,2,0,4,2,35.67337333333333,139.79566833333334,5,2,9999,0,1,0
1,30,771,338,2,0,1,30000,0,108,2023,7,22,7,16,12,4,41,18,54,1,1,1,14,7,0,0,0,0,3,9,1,70,5,1,1,55,25,51,61,41,0,0,0,0,0,0,0,0,0,40,0,4,0,0,0,0,0,4,2,35.69233305555555,139.8174422222222,7,3,0,0,0,0
1,30,771,344,2,0,1,30000,0,108,2023,8,21,10,0,12,5,4,18,24,1,1,1,1,1,9,22,0,0,15,9,30,70,5,2,1,1,25,3,61,31,0,1,0,1,0,11,0,10,0,50,0,3,0,2,0,2,0,4,2,35.65918944444444,139.79465694444445,2,3,9999,0,1,0
1,30,771,350,2,0,1,30000,0,108,2023,8,25,6,25,12,5,7,18,19,1,1,1,1,1,9,22,0,0,17,9,30,70,1,2,1,35,75,36,61,31,0,31,0,0,0,11,0,1,0,10,0,3,0,0,0,0,0,4,2,35.65550944444444,139.79810138888888,6,3,0,0,0,0
1,30,771,357,2,0,1,30000,0,108,2023,8,31,22,45,22,5,12,18,11,1,1,1,1,1,9,22,0,0,18,9,30,70,5,1,1,65,55,3,61,1,0,1,0,1,0,11,0,10,0,10,0,4,0,2,0,2,0,4,2,35.64691,139.78758305555556,5,3,9999,0,9,0
1,30,772,273,2,0,1,10290,0,108,2023,5,29,20,25,22,4,28,18,49,3,1,2,1,1,9,22,0,0,18,9,30,70,4,2,1,35,25,4,61,31,0,1,0,1,0,11,0,4,0,10,0,3,0,2,0,2,0,4,2,35.70182055555556,139.82561555555554,2,3,9999,0,4,0
1,30,772,274,2,0,1,20650,0,108,2023,8,1,11,23,12,4,48,18,46,2,1,1,1,1,9,22,0,0,15,9,30,70,4,2,1,35,25,3,61,31,0,1,0,1,0,11,0,4,0,10,0,3,0,2,0,2,0,4,2,35.671775,139.83243,3,3,9999,0,1,0
1,30,772,275,2,0,1,10090,0,108,2023,8,1,13,10,12,4,48,18,46,3,1,2,14,7,0,0,0,0,5,9,1,70,4,2,1,65,55,51,61,41,0,0,0,0,0,0,0,0,0,10,0,3,0,0,0,0,0,4,2,35.69526166666666,139.82574083333333,3,3,0,0,0,0
1,30,772,280,2,0,1,20650,0,108,2023,8,4,10,30,12,4,51,18,43,1,1,1,14,1,0,0,0,0,4,9,1,70,4,2,1,45,75,13,61,31,0,11,0,1,0,11,0,3,0,80,0,4,0,2,0,2,0,4,2,35.67995916666666,139.8348491666667,6,3,9999,0,5,0
1,30,773,249,2,0,1,30000,0,107,2023,8,19,16,0,12,5,2,18,27,1,1,1,1,7,1,21,0,0,15,9,30,70,5,1,1,55,65,3,61,31,0,1,0,1,0,11,0,2,0,10,0,3,0,2,0,2,0,4,2,35.70193972222223,139.79633555555554,7,3,9999,0,9,0
1,30,773,250,2,0,1,30000,0,107,2023,8,22,23,50,22,5,5,18,23,3,1,2,14,7,0,0,0,0,3,9,1,70,5,3,1,25,25,3,61,31,0,1,0,1,0,11,0,2,0,40,0,3,0,2,0,2,0,4,2,35.69811333333333,139.81251833333334,3,3,9999,0,1,0
1,30,774,144,2,0,1,30000,0,107,2023,8,31,11,55,12,5,12,18,11,1,1,1,14,7,0,0,0,0,2,9,1,70,4,1,1,65,1,3,61,1,0,1,0,1,0,11,0,10,0,10,0,3,0,2,0,2,0,4,2,35.718090555555555,139.81955333333332,5,3,9999,0,9,0
1,30,775,215,2,0,1,30000,0,122,2023,8,6,14,16,12,4,52,18,41,1,1,1,14,7,0,0,0,0,3,9,1,70,5,2,1,75,35,3,61,31,0,1,0,1,0,11,0,10,0,30,0,3,0,2,0,2,0,4,2,35.74700083333333,139.84771472222224,1,3,696,0,9,0
1,30,775,233,2,0,1,30000,0,122,2023,8,25,21,20,22,5,7,18,19,1,1,1,1,7,9,22,0,0,11,9,30,70,5,4,1,1,1,51,61,41,0,0,0,0,0,0,0,0,0,10,0,3,0,0,0,0,0,4,2,35.749967777777776,139.8289725,6,3,0,0,0,0
1,30,775,235,2,0,1,30000,0,122,2023,8,26,3,54,22,5,8,18,18,1,1,1,7,7,0,0,0,0,3,9,1,70,4,2,1,1,55,3,61,31,0,1,0,1,0,11,0,4,0,10,0,3,0,2,0,2,0,4,2,35.76591527777778,139.8457977777778,7,3,9999,0,1,0
1,30,775,240,2,0,2,30000,0,122,2023,8,26,7,40,12,5,8,18,18,1,1,1,14,7,0,0,0,0,1,9,1,70,5,2,1,45,25,51,61,41,0,0,0,0,0,0,0,0,0,10,0,4,0,0,0,0,0,4,2,35.76114583333333,139.84768611111113,7,3,0,0,0,0
1,30,776,299,2,0,1,30000,0,122,2023,8,23,16,25,12,5,6,18,22,1,1,1,1,7,9,22,0,0,11,9,30,70,5,3,1,65,45,3,61,31,0,1,0,1,0,11,0,2,0,30,0,3,0,2,0,2,0,4,2,35.7356275,139.8352825,4,3,9999,0,9,0
1,30,777,461,1,1,0,30000,0,123,2023,8,24,0,50,22,5,6,18,20,1,1,1,1,7,1,21,0,0,14,9,30,70,5,3,1,25,55,3,61,31,0,1,0,1,0,11,0,2,0,10,0,4,0,2,0,2,0,4,1,35.70453138888889,139.8431163888889,5,3,9999,0,9,0
1,30,777,462,2,0,1,30000,0,123,2023,6,24,9,19,12,4,26,19,1,1,1,1,1,7,9,22,0,0,11,3,30,70,4,1,1,25,1,51,61,41,0,0,0,0,0,0,0,0,0,10,0,4,0,0,0,0,0,4,2,35.689878888888884,139.87862333333334,7,3,0,0,0,0
1,30,777,478,2,0,1,30000,0,123,2023,8,12,11,35,12,4,57,18,35,1,1,1,14,7,0,0,0,0,2,9,1,70,4,2,1,35,35,51,61,41,0,0,0,0,0,0,0,0,0,10,0,3,0,0,0,0,0,4,2,35.714537500000006,139.8437052777778,7,3,0,0,0,0
1,30,777,480,2,0,1,30000,0,123,2023,7,20,19,21,21,4,40,18,55,1,1,1,1,1,9,22,0,0,19,9,30,70,5,2,1,25,25,11,61,1,0,11,0,1,0,11,0,2,0,40,0,3,0,2,0,2,0,4,2,35.68226055555555,139.88959,5,3,9999,0,5,0
1,30,777,497,2,0,1,30000,0,123,2023,8,21,19,40,22,5,4,18,24,1,1,1,1,7,1,21,0,0,14,9,30,70,5,2,1,55,45,51,61,41,0,0,0,0,0,0,0,0,0,10,0,3,0,0,0,0,0,4,2,35.692297499999995,139.90097111111112,2,3,0,0,0,0
1,30,777,498,2,0,1,30000,0,123,2023,8,23,18,0,13,5,6,18,22,1,1,1,1,7,1,21,0,0,14,9,30,70,5,3,1,75,75,51,61,41,0,0,0,0,0,0,0,0,0,40,0,3,0,0,0,0,0,4,2,35.71413555555556,139.8570425,4,3,0,0,0,0
1,30,777,507,2,0,1,140,79,123,2023,7,16,21,0,22,4,37,18,57,1,1,1,1,1,9,22,0,0,19,9,30,70,1,1,1,1,1,4,61,31,0,1,0,1,0,11,0,10,0,40,0,3,0,2,0,2,0,4,2,35.69929027777778,139.8493777777778,1,2,9999,0,1,0
1,30,778,174,2,0,1,30000,0,123,2023,8,5,20,30,22,4,52,18,42,1,1,1,1,7,9,22,0,0,14,9,30,1,5,3,1,1,55,34,61,31,0,0,0,0,0,11,0,2,0,10,0,3,0,0,0,0,0,4,2,35.71113583333334,139.90206555555557,7,3,9999,0,1,0
1,30,778,180,2,0,1,10290,0,123,2023,8,7,18,20,13,4,53,18,40,1,1,1,14,7,0,0,0,0,2,9,1,70,1,2,1,45,55,51,61,41,0,0,0,0,0,0,0,0,0,10,0,3,0,0,0,0,0,4,2,35.73544555555556,139.88181833333334,2,3,0,0,0,0
1,30,779,167,2,0,1,10130,0,123,2023,7,15,7,50,12,4,36,18,57,2,1,1,1,7,9,22,0,0,18,9,30,70,5,2,1,55,65,3,61,31,0,1,0,1,0,11,0,10,0,80,0,3,0,2,0,2,0,4,2,35.66885194444444,139.87387805555556,7,3,9999,0,9,0
1,30,779,170,2,0,1,30000,0,123,2023,7,28,15,45,12,4,45,18,49,1,1,1,1,1,9,22,0,0,15,9,30,70,4,3,1,55,45,3,61,1,0,1,0,1,0,11,0,2,0,40,0,3,0,2,0,2,0,4,2,35.67227944444444,139.87447333333333,6,3,9999,0,9,0
1,30,876,233,1,1,0,20770,0,201,2023,8,9,22,12,22,4,55,18,38,1,2,1,1,7,9,22,0,0,18,7,30,70,4,2,1,1,45,14,61,1,0,11,0,1,0,11,0,3,0,10,0,3,0,2,0,2,0,4,1,35.64281666666667,139.37466444444445,4,3,9999,0,1,0
1,30,876,245,2,0,1,30000,0,201,2023,8,8,8,20,12,4,54,18,39,1,1,1,1,1,9,22,0,0,15,9,30,70,4,2,1,75,45,3,61,31,0,1,0,1,0,11,0,3,0,10,0,3,0,2,0,2,0,4,2,35.612876666666665,139.38685805555554,3,3,574,0,9,0
1,30,876,255,2,0,1,21110,0,209,2023,8,18,10,35,12,5,2,18,28,1,1,1,1,7,9,22,0,0,18,9,30,70,1,2,1,75,55,3,61,31,0,1,0,1,0,11,0,5,0,10,0,3,0,2,0,2,0,4,2,35.601695,139.36507805555556,6,3,302,0,9,0
1,30,876,267,2,0,1,30820,0,209,2023,7,29,13,57,12,4,46,18,49,1,1,1,14,7,0,0,0,0,2,9,1,70,5,2,1,75,45,52,61,41,0,0,0,0,0,0,0,0,0,0,0,4,0,0,0,0,0,4,2,35.60446555555556,139.35921166666665,7,3,0,0,0,0
1,30,876,268,2,0,1,10480,0,201,2023,8,24,0,40,22,5,6,18,20,3,2,2,14,7,0,0,0,0,1,9,1,70,4,2,1,35,1,51,61,41,0,0,0,0,0,0,0,0,0,10,0,3,0,0,0,0,0,4,2,35.62373888888889,139.37544194444445,5,3,0,0,0,0
1,30,877,281,2,0,1,30000,0,201,2023,8,3,10,35,12,4,50,18,44,1,2,1,1,7,9,22,0,0,17,9,30,70,5,3,1,25,35,4,61,31,0,1,0,1,0,11,0,2,0,10,0,3,0,2,0,2,0,4,2,35.653065,139.3114791666667,5,3,9999,0,5,0
1,30,877,283,2,0,1,30000,0,201,2023,8,6,10,45,12,4,52,18,41,1,1,1,14,7,0,0,0,0,3,8,1,70,4,2,1,55,75,3,61,31,0,1,0,1,0,11,0,10,0,30,0,3,0,2,0,2,0,4,2,35.6517625,139.27204277777778,1,3,9999,0,9,0
1,30,877,295,2,0,1,99000,0,201,2023,8,20,14,8,12,5,3,18,25,1,2,1,0,7,0,0,0,0,0,0,20,70,0,4,1,45,55,4,61,31,0,1,0,1,0,11,0,10,0,10,0,3,0,2,0,2,0,4,2,35.65548222222222,139.3045252777778,1,3,9999,0,1,0
1,30,877,298,2,0,1,30000,0,201,2023,8,26,23,28,22,5,8,18,18,1,2,1,14,7,0,0,0,0,2,9,1,70,5,3,1,1,1,3,61,31,0,1,0,1,0,11,0,10,0,10,0,4,0,2,0,2,0,4,2,35.670651111111106,139.2903063888889,7,3,9999,0,1,0
1,30,877,303,2,0,1,10490,0,201,2023,8,29,19,15,22,5,10,18,14,1,1,1,1,1,9,22,0,0,14,9,30,70,4,2,1,55,35,4,61,31,0,1,0,1,0,11,0,4,0,10,0,3,0,2,0,2,0,4,2,35.63323694444445,139.28705166666666,3,3,9999,0,9,0
1,30,877,304,2,0,1,20000,0,201,2023,8,30,20,40,22,5,11,18,12,1,1,1,14,7,0,0,0,0,3,9,1,70,4,2,1,35,45,3,61,31,0,1,0,1,0,11,0,3,0,10,0,3,0,2,0,2,0,4,2,35.61962916666667,139.3146163888889,4,3,9999,0,1,0
1,30,878,312,2,0,1,30000,0,225,2023,8,18,11,10,12,5,2,18,28,1,2,1,14,7,0,0,0,0,3,9,1,70,4,2,1,55,65,35,61,31,0,0,0,0,0,11,0,3,0,10,0,3,0,0,0,0,0,4,2,35.61085472222222,139.49369583333333,6,3,9999,0,9,0
1,30,878,318,2,0,1,20780,0,224,2023,8,20,22,47,22,5,3,18,25,1,1,1,1,1,9,22,0,0,19,9,30,70,1,2,1,45,1,35,61,31,0,0,0,0,0,11,0,4,0,10,0,3,0,0,0,0,0,4,2,35.62336777777778,139.42244138888887,1,3,9999,0,9,0
1,30,878,319,2,0,1,30000,0,224,2023,8,21,6,55,12,5,4,18,24,1,1,1,1,1,9,22,0,0,18,9,30,70,1,2,1,65,1,14,61,31,0,11,0,1,0,11,0,3,0,10,0,1,0,2,0,2,0,4,2,35.631949166666665,139.44823333333335,2,3,9999,0,9,0
1,30,878,320,2,0,1,99000,0,224,2023,8,21,19,15,21,5,4,18,24,1,1,1,0,7,0,0,0,0,0,0,20,70,0,2,1,35,75,13,61,31,0,11,0,1,0,11,0,10,0,30,0,4,0,2,0,2,0,4,2,35.63564916666667,139.43526833333334,2,3,9999,0,1,0
1,30,878,334,2,0,1,30000,0,225,2023,8,29,15,15,12,5,10,18,14,1,1,1,1,1,9,22,0,0,14,9,30,70,4,2,1,65,45,3,61,31,0,1,0,1,0,11,0,3,0,10,0,3,0,2,0,2,0,4,2,35.610045,139.49586305555553,3,3,9999,0,9,0
1,30,879,336,2,0,1,30000,0,223,2023,7,22,12,20,12,4,41,18,54,1,2,1,1,1,9,22,0,0,15,9,30,70,5,2,1,1,55,4,61,31,0,1,0,1,0,11,0,2,0,80,0,3,0,2,0,2,0,4,2,35.73945277777778,139.40637916666668,7,3,9999,0,1,0
1,30,879,340,2,0,1,30000,0,220,2023,8,19,21,35,22,5,2,18,27,3,2,2,1,1,9,22,0,0,14,9,30,70,4,2,1,35,55,14,61,31,0,11,0,1,0,11,0,3,0,10,0,3,0,2,0,2,0,4,2,35.750886666666666,139.42265638888887,7,3,9999,0,5,0
1,30,879,349,2,0,1,30000,0,220,2023,8,25,8,55,12,5,7,18,19,1,1,1,14,7,0,0,0,0,2,9,1,70,5,3,1,1,65,51,61,41,0,0,0,0,0,0,0,0,0,20,0,4,0,0,0,0,0,4,2,35.74143083333333,139.42634444444442,6,3,0,0,0,0
1,30,879,355,2,0,1,20000,0,220,2023,8,29,20,40,22,5,10,18,14,1,1,1,14,7,0,0,0,0,2,9,1,70,4,3,1,25,45,34,61,31,0,0,0,0,0,11,0,2,0,10,0,3,0,0,0,0,0,4,2,35.745733333333334,139.41534694444445,3,3,9999,0,1,0
1,30,879,356,2,0,1,30000,0,223,2023,8,30,19,0,21,5,11,18,12,1,1,1,1,7,9,22,0,0,14,9,30,70,4,1,1,65,55,4,61,31,0,1,0,1,0,11,0,2,0,10,0,3,0,2,0,2,0,4,2,35.745584722222226,139.39298055555554,4,3,9999,0,1,0
1,30,881,108,2,0,1,30000,0,305,2023,8,30,10,33,12,5,11,18,12,1,3,1,1,1,9,22,0,0,11,9,30,70,5,2,1,65,65,3,61,31,0,1,0,1,0,11,0,3,0,41,0,4,0,2,0,2,0,4,2,35.7366725,139.25723472222222,4,3,9999,0,9,0
1,30,882,232,2,0,1,21340,0,227,2023,8,3,15,10,12,4,50,18,44,1,1,1,1,1,9,22,0,0,14,9,30,70,1,3,1,55,55,3,61,31,0,1,0,1,0,11,0,2,0,10,0,3,0,2,0,2,0,4,2,35.758319166666666,139.32568583333332,5,3,9999,0,9,0
1,30,882,243,2,0,1,90000,0,218,2023,8,19,16,20,12,5,2,18,27,1,2,1,7,7,0,0,0,0,2,9,1,70,5,2,1,1,75,14,61,1,0,11,0,1,0,11,0,10,0,10,0,3,0,2,0,2,0,4,2,35.72707333333334,139.33060916666668,7,3,9999,0,5,0
1,30,882,248,2,0,1,30000,0,218,2023,8,11,11,2,12,4,56,18,36,1,2,1,14,7,0,0,0,0,3,9,1,70,5,2,1,65,75,3,61,31,0,1,0,1,0,11,0,2,0,10,0,3,0,2,0,2,0,4,2,35.721468333333334,139.34496666666666,6,1,9999,0,9,0
1,30,882,249,2,0,1,30000,0,227,2023,8,19,7,45,12,5,2,18,27,1,2,1,1,1,9,22,0,0,18,9,30,70,5,1,1,55,25,32,61,31,0,0,0,0,0,11,0,5,0,10,0,3,0,0,0,0,0,4,2,35.7793825,139.30116138888891,7,3,9999,0,9,0
1,30,883,355,2,0,1,30000,0,201,2023,8,4,18,35,13,4,51,18,43,1,1,1,14,7,0,0,0,0,3,9,1,70,5,4,1,35,45,4,61,31,0,1,0,1,0,11,0,2,0,40,0,3,0,2,0,2,0,4,2,35.66074305555556,139.33492583333333,6,3,9999,0,5,0
1,30,883,359,2,0,1,30000,0,201,2023,8,8,8,36,12,4,54,18,39,1,2,1,1,1,9,22,0,0,18,9,30,70,5,1,1,55,55,11,61,1,0,11,0,1,0,11,0,3,0,50,0,3,0,2,0,2,0,4,2,35.671190833333334,139.3680963888889,3,3,9999,0,9,0
1,30,883,373,2,0,1,30000,0,201,2023,8,15,17,30,12,4,59,18,31,2,1,2,1,1,9,22,0,0,15,9,30,70,4,1,1,55,45,3,61,31,0,1,0,1,0,11,0,10,0,10,0,3,0,2,0,2,0,4,2,35.66404861111111,139.35079249999998,3,3,9999,0,9,0
1,30,883,374,2,0,1,30540,0,201,2023,7,21,15,46,12,4,40,18,54,1,1,1,14,7,0,0,0,0,2,9,1,70,4,1,1,1,45,51,61,41,0,0,0,0,0,0,0,0,0,10,0,3,0,0,0,0,0,4,2,35.663579166666665,139.33541194444444,6,3,0,0,0,0
1,30,884,426,2,0,1,99000,0,209,2023,8,2,10,25,12,4,49,18,45,1,1,1,0,7,0,0,0,0,0,0,20,70,0,4,1,45,55,35,61,31,0,0,0,0,0,11,0,10,0,30,0,3,0,0,0,0,0,4,2,35.58822444444445,139.46418916666664,4,3,9999,0,1,0
1,30,884,448,2,0,1,10490,0,209,2023,8,10,13,10,12,4,55,18,37,1,2,1,1,1,9,22,0,0,14,9,30,70,4,2,1,35,35,3,61,31,0,1,0,1,0,11,0,3,0,30,0,3,0,2,0,2,0,4,2,35.54627611111111,139.44944166666667,5,2,9999,0,1,0
1,30,884,451,2,0,1,30000,0,209,2023,8,18,13,33,12,5,2,18,28,1,1,1,14,7,0,0,0,0,2,9,1,70,5,2,1,55,75,4,61,31,0,1,0,1,0,11,0,10,0,10,0,4,0,2,0,2,0,4,2,35.54412277777777,139.44465527777777,6,3,9999,0,9,0
1,30,884,458,2,0,1,10610,0,209,2023,8,26,20,5,22,5,8,18,18,1,2,1,14,7,0,0,0,0,4,9,1,70,4,2,1,55,75,34,61,31,0,0,0,0,0,11,0,3,0,10,0,3,0,0,0,0,0,4,2,35.60072027777778,139.46584055555553,7,3,9999,0,9,0
1,30,884,459,2,0,1,30000,0,209,2023,7,13,21,38,22,4,35,18,58,1,1,1,14,7,0,0,0,0,3,9,1,70,5,3,1,55,45,3,61,31,0,1,0,1,0,11,0,10,0,20,0,3,0,2,0,2,0,4,2,35.546225,139.446675,5,3,9999,0,9,0
1,30,884,464,2,0,1,30000,0,209,2023,8,28,20,55,22,5,9,18,15,1,1,1,14,7,0,0,0,0,2,9,1,70,5,4,1,25,1,3,61,1,0,1,0,1,0,11,0,2,0,10,0,3,0,2,0,2,0,4,2,35.544600277777775,139.44832,2,3,9999,0,1,0
1,30,884,466,2,0,1,30000,0,209,2023,8,29,11,13,12,5,10,18,14,1,1,1,1,7,1,22,0,0,15,9,30,70,5,3,1,65,55,3,61,31,0,1,0,1,0,11,0,10,0,10,0,3,0,2,0,2,0,4,2,35.520001666666666,139.4821327777778,3,3,9999,0,1,0
1,30,885,163,2,0,1,99000,0,212,2023,8,17,12,45,12,5,1,18,29,1,1,1,0,7,0,0,0,0,0,0,20,70,0,1,1,1,75,51,61,41,0,0,0,0,0,0,0,0,0,10,0,3,0,0,0,0,0,4,2,35.64431277777778,139.38635166666666,5,3,0,0,0,0
1,30,886,290,2,0,1,30000,0,207,2023,8,11,11,0,12,4,56,18,36,1,2,1,14,7,0,0,0,0,1,9,1,70,5,3,1,65,75,3,61,31,0,1,0,1,0,11,0,2,0,80,0,3,0,2,0,2,0,4,2,35.72031666666667,139.35118555555556,6,1,9999,0,9,0
1,30,886,294,2,0,1,30000,0,207,2023,8,15,21,50,22,4,59,18,31,3,2,2,1,7,9,22,0,0,11,9,30,70,5,1,1,45,1,3,61,31,0,1,0,1,0,11,0,3,0,10,0,3,0,2,0,2,0,4,2,35.704033333333335,139.3703927777778,3,3,9999,0,9,0
1,30,886,302,2,0,1,30000,0,207,2023,8,22,10,38,12,5,5,18,23,2,1,1,14,7,0,0,0,0,3,9,1,70,5,2,1,55,65,4,61,31,0,1,0,1,0,11,0,2,0,80,0,3,0,2,0,2,0,4,2,35.71776027777778,139.37574333333333,3,3,9999,0,1,0
1,30,886,312,2,0,1,30000,0,207,2023,8,28,13,36,12,5,9,18,15,1,1,1,7,7,0,0,0,0,2,9,1,70,5,3,1,45,65,17,61,31,0,11,0,1,0,11,0,10,0,70,0,3,0,2,0,2,0,4,2,35.70874388888889,139.3579711111111,2,3,9999,0,9,0
1,30,886,313,2,0,1,30000,0,207,2023,8,29,7,45,12,5,10,18,14,1,1,1,14,7,0,0,0,0,2,9,1,70,5,2,1,45,1,51,61,41,0,0,0,0,0,0,0,0,0,10,0,3,0,0,0,0,0,2,4,35.70577055555556,139.38378694444444,3,3,0,0,0,0
1,30,887,434,2,0,1,30000,0,202,2023,8,11,17,45,13,4,56,18,36,1,1,1,14,7,0,0,0,0,2,9,1,70,5,2,1,45,35,51,61,41,0,0,0,0,0,0,0,0,0,20,0,3,0,0,0,0,0,4,2,35.69540361111111,139.41922722222222,6,1,0,0,0,0