資料区分,都道府県コード,警察署等コード,本票番号,事故内容,死者数,負傷者数,路線コード,地点コード,市区町村コード,発生日時　　年,発生日時　　月,発生日時　　日,発生日時　　時,発生日時　　分,昼夜,日の出時刻　　時,日の出時刻　　分,日の入り時刻　　時,日の入り時刻　　分,天候,地形,路面状態,道路形状,信号機,一時停止規制　標識（当事者A）,一時停止規制　表示（当事者A）,一時停止規制　標識（当事者B）,一時停止規制　表示（当事者B）,車道幅員,道路線形,衝突地点,ゾーン規制,中央分離帯施設等,歩車道区分,事故類型,年齢（当事者A）,年齢（当事者B）,当事者種別（当事者A）,当事者種別（当事者B）,用途別（当事者A）,用途別（当事者B）,車両形状等（当事者A）,車両形状等（当事者B）,オートマチック車（当事者A）,オートマチック車（当事者B）,サポカー（当事者A）,サポカー（当事者B）,速度規制（指定のみ）（当事者A）,速度規制（指定のみ）（当事者B）,車両の衝突部位（当事者A）,車両の衝突部位（当事者B）,車両の損壊程度（当事者A）,車両の損壊程度（当事者B）,エアバッグの装備（当事者A）,エアバッグの装備（当事者B）,サイドエアバッグの装備（当事者A）,サイドエアバッグの装備（当事者B）,人身損傷程度（当事者A）,人身損傷程度（当事者B）,lat,lon,曜日(発生年月日),祝日(発生年月日),認知機能検査経過日数（当事者A）,認知機能検査経過日数（当事者B）,運転練習の方法（当事者A）,運転練習の方法（当事者B）
1,30,887,437,2,0,1,99000,0,215,2023,8,12,7,13,12,4,57,18,35,1,3,1,0,7,0,0,0,0,0,0,20,70,0,4,1,65,55,24,61,0,0,0,0,0,0,11,0,10,0,30,0,4,0,0,0,0,0,4,2,35.675019444444445,139.44646777777777,7,3,0,0,0,0
1,30,887,438,2,0,1,30000,0,215,2023,8,13,11,45,12,4,58,18,34,1,1,1,14,7,0,0,0,0,3,9,1,70,4,2,1,45,1,14,61,31,0,11,0,1,0,11,0,3,0,10,0,3,0,2,0,2,0,4,2,35.695698611111105,139.44059388888888,1,3,9999,0,9,0
1,30,887,465,2,0,1,30000,0,202,2023,8,29,19,11,21,5,10,18,14,1,1,1,1,7,1,21,0,0,17,9,30,70,4,2,1,25,35,14,61,1,0,11,0,1,0,11,0,1,0,20,0,3,0,2,0,2,0,4,2,35.70037388888889,139.40959111111113,3,3,9999,0,1,0
1,30,888,181,2,0,1,30000,0,206,2023,8,4,2,5,22,4,51,18,43,1,1,1,1,7,9,22,0,0,15,9,30,70,4,2,1,55,35,3,61,31,0,1,0,1,0,11,0,2,0,10,0,4,0,2,0,2,0,4,2,35.6858575,139.5122475,6,3,9999,0,9,0
1,30,888,188,2,0,1,30000,0,206,2023,8,21,19,15,21,5,4,18,24,1,1,1,1,1,9,22,0,0,15,9,30,70,4,2,1,75,1,4,61,31,0,1,0,1,0,11,0,3,0,40,0,3,0,2,0,2,0,4,2,35.66497944444444,139.44982722222224,2,3,902,0,5,0
1,30,888,192,2,0,1,10500,0,206,2023,8,31,19,25,22,5,12,18,11,1,1,1,14,7,0,0,0,0,3,9,1,70,4,2,1,45,25,3,61,31,0,1,0,1,0,11,0,3,0,10,0,4,0,2,0,2,0,4,2,35.67574361111111,139.51391444444445,5,3,9999,0,9,0
1,30,889,234,2,0,1,10500,0,214,2023,5,24,8,20,12,4,30,18,46,1,1,1,1,1,9,22,0,0,15,9,30,70,4,2,1,1,55,51,61,41,0,0,0,0,0,0,0,0,0,10,0,3,0,0,0,0,0,4,2,35.70920944444445,139.46843611111112,4,3,0,0,0,0
1,30,889,244,2,0,1,30000,0,214,2023,8,15,8,35,12,4,59,18,31,1,1,1,14,7,0,0,0,0,1,9,1,70,5,3,1,25,45,3,61,31,0,1,0,1,0,11,0,2,0,40,0,4,0,2,0,2,0,4,2,35.70431444444445,139.46896833333332,3,3,9999,0,1,0
1,30,889,246,2,0,1,30000,0,214,2023,8,18,5,55,11,5,2,18,28,1,1,1,1,7,1,21,0,0,11,9,30,70,5,3,1,25,75,51,61,41,0,0,0,0,0,0,0,0,0,10,0,3,0,0,0,0,0,4,2,35.71226805555556,139.4578336111111,6,3,0,0,0,0
1,30,889,257,2,0,1,30000,0,214,2023,8,28,9,30,12,5,9,18,15,1,1,1,14,7,0,0,0,0,3,9,1,70,5,3,1,35,75,4,61,31,0,1,0,1,0,11,0,1,0,40,0,3,0,2,0,2,0,4,2,35.69293,139.47985722222222,2,3,9999,0,5,0
1,30,890,224,2,0,1,30000,0,229,2023,7,20,12,52,12,4,40,18,55,1,1,1,14,7,0,0,0,0,3,9,1,70,5,3,1,1,1,51,61,41,0,0,0,0,0,0,0,0,0,10,0,3,0,0,0,0,0,4,2,35.72316416666667,139.55185972222225,5,3,0,0,0,0
1,30,890,228,2,0,1,10580,0,229,2023,7,18,7,55,12,4,38,18,56,1,1,1,14,7,0,0,0,0,3,9,1,70,4,2,1,35,1,3,61,31,0,1,0,1,0,11,0,3,0,50,0,2,0,2,0,2,0,4,2,35.736847222222224,139.5357813888889,3,3,9999,0,5,0
1,30,890,236,2,0,1,30000,0,222,2023,8,23,21,5,22,5,6,18,22,1,1,1,1,1,9,22,0,0,15,9,30,70,4,2,1,25,55,3,61,31,0,1,0,1,0,11,0,2,0,10,0,3,0,2,0,2,0,4,2,35.74592166666667,139.52627,4,3,9999,0,1,0
1,30,890,237,2,0,1,30000,0,222,2023,8,12,12,57,12,4,57,18,35,1,1,2,1,7,1,21,0,0,17,9,30,70,4,2,1,75,75,3,61,31,0,1,0,1,0,11,0,2,0,0,0,4,0,2,0,2,0,4,2,35.75913027777778,139.53389666666666,7,3,499,0,9,0
1,30,890,242,2,0,1,30000,0,229,2023,8,25,6,0,11,5,7,18,19,1,1,1,1,7,9,22,0,0,14,9,30,70,5,2,1,45,45,3,61,31,0,1,0,1,0,11,0,2,0,10,0,4,0,2,0,2,0,4,2,35.74685222222222,139.55824916666668,6,3,9999,0,9,0
1,30,890,244,2,0,1,20000,0,222,2023,8,31,17,50,13,5,12,18,11,1,1,1,14,7,0,0,0,0,3,9,1,70,4,2,1,1,65,34,61,31,0,0,0,0,0,11,0,3,0,10,0,3,0,0,0,0,0,4,2,35.752343333333336,139.4982322222222,5,3,9999,0,5,0
1,30,890,246,2,0,1,30000,0,229,2023,1,31,12,50,12,6,42,17,7,1,1,1,1,7,9,22,0,0,11,9,30,70,5,2,1,35,1,3,61,31,0,1,0,1,0,11,0,2,0,40,0,3,0,2,0,2,0,4,2,35.73941583333333,139.5339936111111,3,3,9999,0,1,0
1,30,891,255,1,1,0,10560,0,221,2023,8,21,8,56,12,5,4,18,24,1,2,1,14,7,0,0,0,0,3,9,1,70,4,2,1,45,75,1,61,1,0,1,0,1,0,11,0,3,0,50,0,4,0,2,0,2,0,4,1,35.76992666666666,139.51687777777778,2,3,9999,0,5,0
1,30,891,256,2,0,1,99000,0,221,2023,6,13,12,9,12,4,25,18,57,2,2,1,0,7,0,0,0,0,0,0,20,70,0,4,1,35,65,13,61,1,0,11,0,1,0,11,0,10,0,60,0,3,0,2,0,2,0,4,2,35.77429305555555,139.5061925,3,3,9999,0,1,0
1,30,891,267,2,0,1,99000,0,213,2023,8,14,8,0,12,4,59,18,33,1,2,1,0,7,0,0,0,0,0,0,20,70,0,4,1,45,65,3,61,31,0,1,0,1,0,11,0,10,0,50,0,4,0,2,0,2,0,4,2,35.75427305555556,139.45402666666666,2,3,9999,0,1,0
1,30,891,277,2,0,1,30000,0,221,2023,8,30,2,3,22,5,11,18,12,1,2,1,1,7,1,22,0,0,15,9,30,70,4,2,1,45,75,3,61,1,0,1,0,1,0,11,0,3,0,40,0,3,0,2,0,2,0,4,2,35.78370361111111,139.5243713888889,4,3,9999,0,1,0
1,30,891,282,2,0,1,30000,0,213,2023,8,30,20,55,22,5,11,18,12,1,1,1,14,7,0,0,0,0,2,9,1,70,5,3,1,65,45,3,61,31,0,1,0,1,0,11,0,1,0,40,0,3,0,2,0,1,0,4,2,35.77386388888889,139.49512888888887,4,3,9999,0,9,0
1,30,892,210,2,0,1,30000,0,203,2023,8,1,9,45,12,4,48,18,46,1,1,1,14,7,0,0,0,0,1,9,1,70,5,4,1,45,45,13,61,31,0,11,0,1,0,11,0,10,0,30,0,3,0,2,0,2,0,4,2,35.70563777777778,139.57553027777777,3,3,9999,0,9,0
1,30,892,211,2,0,1,30000,0,203,2023,8,1,14,20,12,4,48,18,46,2,1,1,14,7,0,0,0,0,3,9,1,70,4,1,1,45,65,14,61,31,0,11,0,1,0,11,0,3,0,20,0,3,0,2,0,2,0,4,2,35.70545472222223,139.57939777777779,3,3,9999,0,9,0
1,30,892,218,2,0,1,20230,0,203,2023,7,22,11,30,12,4,41,18,54,1,1,1,1,7,9,22,0,0,15,9,30,70,4,3,1,35,35,51,61,41,0,0,0,0,0,0,0,0,0,20,0,3,0,0,0,0,0,4,2,35.705308611111114,139.578505,7,3,0,0,0,0
1,30,892,219,2,0,1,30000,0,203,2023,8,8,22,50,22,4,54,18,39,3,1,2,14,7,0,0,0,0,2,9,1,70,5,4,1,1,55,51,61,41,0,0,0,0,0,0,0,0,0,10,0,3,0,0,0,0,0,4,2,35.70626305555556,139.58304333333334,3,3,0,0,0,0
1,30,892,221,2,0,1,30000,0,203,2023,8,10,19,10,21,4,55,18,37,1,1,1,7,7,0,0,0,0,5,9,1,70,4,2,1,1,25,51,61,41,0,0,0,0,0,0,0,0,0,10,0,3,0,0,0,0,0,4,2,35.70446583333334,139.55673750000003,5,2,0,0,0,0
1,30,892,228,2,0,1,30000,0,203,2023,8,10,13,25,12,4,55,18,37,1,1,1,14,7,0,0,0,0,2,9,1,70,5,3,1,45,25,59,61,0,0,0,0,0,0,0,0,0,0,10,0,3,0,0,0,0,0,4,2,35.7047925,139.57396083333333,5,2,0,0,0,0
1,30,892,229,2,0,1,30000,0,203,2023,8,19,11,15,12,5,2,18,27,1,1,1,1,7,1,22,0,0,14,9,30,70,5,3,1,75,65,51,61,41,0,0,0,0,0,0,0,0,0,20,0,3,0,0,0,0,0,2,4,35.70543138888889,139.56177194444444,7,3,0,0,0,0
1,30,892,232,2,0,1,30000,0,203,2023,8,17,12,45,12,5,1,18,29,1,1,1,14,7,0,0,0,0,2,9,1,70,5,3,1,45,1,51,61,41,0,0,0,0,0,0,0,0,0,20,0,4,0,0,0,0,0,4,2,35.704890000000006,139.57716833333333,5,3,0,0,0,0
1,30,892,234,2,0,1,20270,0,203,2023,8,21,19,30,22,5,4,18,24,1,1,1,14,7,0,0,0,0,1,9,1,70,5,1,1,25,75,51,61,41,0,0,0,0,0,0,0,0,0,10,0,4,0,0,0,0,0,4,2,35.70191027777778,139.58048083333333,2,3,0,0,0,0
1,30,892,243,2,0,1,30000,0,203,2023,8,25,21,26,22,5,7,18,19,1,1,1,1,1,9,22,0,0,18,9,30,70,4,1,1,45,1,3,61,31,0,1,0,1,0,11,0,3,0,10,0,3,0,2,0,2,0,4,2,35.70921222222223,139.53331805555558,6,3,9999,0,1,0
1,30,892,244,2,0,1,10600,0,203,2023,8,27,13,15,12,5,9,18,16,1,1,1,1,7,9,22,0,0,18,9,30,70,5,2,1,65,35,3,61,31,0,1,0,1,0,11,0,4,0,20,0,3,0,2,0,2,0,4,2,35.713887500000006,139.54400722222223,1,3,9999,0,9,0
1,30,892,249,2,0,1,30000,0,203,2023,8,16,16,39,12,5,0,18,30,1,1,1,7,7,0,0,0,0,4,9,1,70,1,2,1,45,35,1,61,1,0,1,0,1,0,11,0,5,0,40,0,3,0,2,0,2,0,4,2,35.703363888888894,139.58043944444444,4,3,9999,0,1,0
1,30,894,331,2,0,1,30000,0,219,2023,8,1,8,30,12,4,48,18,46,1,1,1,1,1,9,22,0,0,14,9,30,70,5,1,1,35,1,51,61,41,0,0,0,0,0,0,0,0,0,40,0,3,0,0,0,0,0,4,2,35.63616527777778,139.58511194444446,3,3,0,0,0,0
1,30,894,335,2,0,1,30840,0,208,2023,8,8,10,38,12,4,54,18,39,1,1,1,12,7,0,0,0,0,4,9,1,70,4,2,1,1,65,51,61,41,0,0,0,0,0,0,0,0,0,20,0,3,0,0,0,0,0,4,2,35.64691194444445,139.54745277777778,3,3,0,0,0,0
1,30,894,338,2,0,1,10210,0,208,2023,8,9,16,41,12,4,55,18,38,1,1,1,1,1,9,22,0,0,14,9,30,70,4,2,1,45,65,3,61,31,0,1,0,1,0,11,0,3,0,10,0,3,0,2,0,2,0,4,2,35.6491725,139.54160194444444,4,3,9999,0,9,0
1,30,894,341,2,0,1,30000,0,208,2023,8,10,17,20,12,4,55,18,37,1,1,1,14,7,0,0,0,0,3,9,1,70,5,4,1,75,75,51,61,41,0,0,0,0,0,0,0,0,0,10,0,3,0,0,0,0,0,4,2,35.6579575,139.5738725,5,2,0,0,0,0
1,30,894,375,2,0,1,30000,0,208,2023,8,29,16,27,12,5,10,18,14,1,1,1,1,7,9,22,0,0,17,9,30,70,4,2,1,35,65,3,61,31,0,1,0,1,0,11,0,2,0,10,0,3,0,2,0,2,0,4,2,35.65832388888889,139.54691583333334,3,3,9999,0,1,0
1,30,895,121,2,0,1,30000,0,211,2023,2,26,7,15,11,6,16,17,33,1,1,1,14,7,0,0,0,0,2,9,1,70,4,1,1,35,35,3,61,31,0,1,0,1,0,11,0,3,0,10,0,2,0,2,0,2,0,4,2,35.737755,139.46159,1,3,9999,0,1,0
1,30,895,129,2,0,2,30000,0,211,2023,8,25,17,20,13,5,7,18,19,1,1,1,14,7,0,0,0,0,2,9,1,70,5,4,1,65,55,3,61,31,0,1,0,1,0,11,0,2,0,10,0,4,0,2,0,2,0,4,2,35.71420166666667,139.4778227777778,6,3,9999,0,9,0
1,30,895,131,2,0,1,30000,0,211,2023,8,23,17,38,13,5,6,18,22,1,1,1,14,7,0,0,0,0,3,9,1,70,5,1,1,75,55,3,61,31,0,1,0,1,0,11,0,1,0,80,0,4,0,2,0,2,0,4,2,35.71434638888889,139.50215777777777,4,3,531,0,9,0
1,30,895,132,2,0,1,30000,0,211,2023,8,24,16,10,12,5,6,18,20,1,1,1,14,7,0,0,0,0,1,9,1,70,5,3,1,75,1,3,61,1,0,1,0,1,0,11,0,10,0,10,0,4,0,2,0,2,0,4,2,35.72689388888889,139.51256083333334,5,3,654,0,9,0
1,30,69,405,1,1,0,50170,0,107,2023,9,21,2,14,22,5,28,17,41,1,1,1,14,7,0,0,0,0,4,9,1,70,1,4,1,55,45,12,61,1,0,11,0,1,0,11,0,5,0,10,0,3,0,2,0,2,0,4,1,35.70431027777778,139.79613111111112,5,3,9999,0,9,0
1,30,100,116,2,0,1,30000,0,101,2023,8,19,16,10,12,5,2,18,27,1,1,1,7,7,0,0,0,0,3,9,1,1,5,2,1,65,25,3,61,31,0,1,0,1,0,11,0,2,0,30,0,4,0,2,0,2,0,4,2,35.68685,139.7418722222222,7,3,9999,0,9,0
1,30,100,120,2,0,1,30000,0,101,2023,9,22,8,15,12,5,28,17,39,2,1,2,1,7,9,22,0,0,11,9,30,70,4,2,1,55,1,3,61,1,0,1,0,1,0,11,0,2,0,10,0,4,0,2,0,2,0,4,2,35.69802222222222,139.7423638888889,6,2,9999,0,9,0
1,30,100,122,2,0,1,30010,0,101,2023,9,23,12,30,12,5,29,17,38,2,1,1,1,1,9,22,0,0,14,9,30,70,4,1,1,45,55,51,61,41,0,0,0,0,0,0,0,0,0,40,0,3,0,0,0,0,0,4,2,35.68621444444444,139.73678777777778,7,1,0,0,0,0
1,30,101,99,2,0,1,20030,0,101,2023,9,8,7,5,12,5,18,18,0,3,1,2,1,1,9,22,0,0,19,9,30,70,1,2,1,55,25,13,61,1,0,11,0,1,0,11,0,1,0,10,0,3,0,2,0,2,0,4,2,35.68478555555555,139.76593916666667,6,3,9999,0,9,0
1,30,101,103,2,0,1,90000,0,101,2023,9,29,15,20,12,5,34,17,29,1,1,1,14,7,0,0,0,0,2,9,1,70,5,2,1,45,45,3,61,1,0,1,0,1,0,11,0,10,0,10,0,3,0,2,0,2,0,4,2,35.680973055555555,139.76881500000002,6,3,9999,0,1,0
1,30,102,88,2,0,1,30000,0,101,2023,9,1,15,5,12,5,12,18,9,1,1,1,14,7,0,0,0,0,2,9,1,70,5,3,1,35,65,59,61,0,0,0,0,0,0,0,0,0,0,10,0,4,0,0,0,0,0,4,2,35.699102499999995,139.76416472222223,6,3,0,0,0,0
1,30,102,93,2,0,1,30000,0,101,2023,9,9,9,56,12,5,18,17,58,3,1,2,1,1,9,22,0,0,15,9,30,70,4,1,1,35,25,51,61,41,0,0,0,0,0,0,0,0,0,10,0,4,0,0,0,0,0,4,2,35.699773611111105,139.7634611111111,7,3,0,0,0,0
1,30,103,75,2,0,1,40,18,101,2023,9,9,16,15,12,5,18,17,58,1,1,1,14,1,0,0,0,0,6,9,1,70,1,2,1,45,25,51,61,41,0,0,0,0,0,0,0,0,0,10,0,3,0,0,0,0,0,4,2,35.69885472222222,139.77536972222222,7,3,0,0,0,0
1,30,104,209,2,0,1,10030,0,102,2023,9,6,4,20,23,5,16,18,2,2,1,1,1,1,9,22,0,0,19,9,30,70,5,2,1,45,65,13,61,31,0,11,0,1,0,11,0,5,0,10,0,3,0,2,0,2,0,4,2,35.68158333333333,139.77581194444446,4,3,9999,0,9,0
1,30,104,225,2,0,1,30000,0,102,2023,9,25,8,30,12,5,31,17,35,1,1,1,1,1,9,22,0,0,19,9,30,70,5,2,1,45,45,3,61,31,0,1,0,1,0,11,0,10,0,40,0,3,0,2,0,2,0,4,2,35.67641277777778,139.7861472222222,2,3,9999,0,1,0
1,30,104,226,2,0,1,150,4,102,2023,9,29,13,33,12,5,34,17,29,1,1,1,1,1,9,22,0,0,18,9,30,70,4,2,1,55,65,3,61,31,0,1,0,1,0,11,0,5,0,10,0,4,0,2,0,2,0,4,2,35.680702777777775,139.77268472222224,6,3,9999,0,9,0
1,30,106,130,2,0,1,10020,0,102,2023,9,29,19,20,22,5,34,17,29,1,1,1,1,7,9,22,0,0,18,9,30,70,4,2,1,55,35,3,61,1,0,1,0,1,0,11,0,5,0,40,0,4,0,2,0,2,0,4,2,35.66988694444444,139.7664975,6,3,9999,0,9,0
1,30,107,101,2,0,1,30000,0,102,2023,9,3,20,17,22,5,14,18,7,1,1,1,1,7,1,21,0,0,14,9,30,70,5,2,1,25,25,3,61,1,0,1,0,1,0,11,0,10,0,10,0,3,0,2,0,2,0,4,2,35.65455027777778,139.78287916666667,1,3,9999,0,5,0
1,30,107,102,2,0,1,21180,0,102,2023,9,9,10,40,12,5,18,17,58,2,1,1,14,7,0,0,0,0,5,9,1,70,1,2,1,25,1,51,61,41,0,0,0,0,0,0,0,0,0,10,0,3,0,0,0,0,0,4,2,35.656054166666664,139.77393527777778,7,3,0,0,0,0
1,30,108,161,2,0,1,20090,0,103,2023,9,16,16,59,13,5,24,17,48,1,1,1,1,7,1,22,0,0,14,9,30,70,5,2,1,25,35,13,61,31,0,11,0,1,0,11,0,5,0,10,0,3,0,2,0,2,0,4,2,35.668186666666664,139.75867027777778,7,3,9999,0,1,0
1,30,108,168,2,0,1,10,50,103,2023,9,8,17,50,13,5,18,18,0,3,1,2,1,1,9,22,0,0,18,9,30,70,1,1,1,35,35,3,61,31,0,1,0,1,0,11,0,4,0,10,0,4,0,2,0,2,0,4,2,35.66191083333333,139.74408666666665,6,3,9999,0,1,0
1,30,108,178,2,0,1,30000,0,103,2023,9,20,22,30,22,5,27,17,42,2,1,1,14,7,0,0,0,0,3,9,1,70,5,3,1,65,55,3,61,31,0,1,0,1,0,11,0,10,0,10,0,3,0,2,0,2,0,4,2,35.66715138888889,139.7564827777778,4,3,9999,0,9,0
1,30,108,184,2,0,1,30000,0,103,2023,9,29,19,0,22,5,34,17,29,1,1,1,14,7,0,0,0,0,2,9,1,1,5,4,1,55,55,3,61,31,0,1,0,1,0,11,0,2,0,40,0,3,0,2,0,2,0,4,2,35.66605472222222,139.75439722222222,6,3,9999,0,9,0
1,30,109,120,2,0,1,30000,0,103,2023,9,7,15,55,12,5,17,18,1,2,1,1,14,2,0,0,0,0,4,9,1,70,4,1,1,25,25,51,61,41,0,0,0,0,0,0,0,0,0,10,0,3,0,0,0,0,0,4,2,35.64937111111111,139.75200194444446,5,3,0,0,0,0
1,30,109,123,2,0,1,10,75,103,2023,6,27,9,35,12,4,27,19,1,1,1,1,1,1,9,22,0,0,18,9,30,70,5,2,1,75,45,3,61,1,0,1,0,1,0,11,0,4,0,80,0,3,0,2,0,2,0,4,2,35.643950555555556,139.73647805555555,3,3,99,0,9,0
1,30,109,127,2,0,1,30000,0,103,2023,9,22,21,20,22,5,28,17,39,3,1,2,14,7,0,0,0,0,2,9,1,70,5,3,1,45,0,61,0,0,0,0,0,0,0,0,0,0,0,0,0,0,0,0,0,0,0,2,0,35.65195694444444,139.74866388888887,6,2,0,0,0,0
1,30,109,130,2,0,1,99000,0,103,2023,8,29,16,26,12,5,10,18,14,1,1,1,0,7,0,0,0,0,0,0,20,70,0,4,1,75,25,3,61,31,0,1,0,1,0,11,0,10,0,30,0,4,0,2,0,2,0,4,2,35.64014972222222,139.74110305555556,3,3,390,0,9,0
1,30,110,90,2,0,1,30000,0,103,2023,9,14,15,10,12,5,22,17,51,1,1,1,14,7,0,0,0,0,2,9,1,70,5,2,1,1,75,51,61,41,0,0,0,0,0,0,0,0,0,10,0,3,0,0,0,0,0,4,2,35.64479,139.73309361111112,5,3,0,0,0,0
1,30,110,99,2,0,1,30000,0,103,2023,8,21,14,23,12,5,4,18,24,1,1,1,1,7,9,22,0,0,11,9,30,70,5,4,1,45,65,51,61,41,0,0,0,0,0,0,0,0,0,10,0,3,0,0,0,0,0,4,2,35.64416888888889,139.72182805555556,2,3,0,0,0,0
1,30,110,101,2,0,1,10080,0,103,2023,5,14,9,5,12,4,37,18,38,2,1,1,14,7,0,0,0,0,6,9,1,70,1,2,1,35,1,51,61,41,0,0,0,0,0,0,0,0,0,40,0,4,0,0,0,0,0,4,2,35.635466944444445,139.72044888888888,1,3,0,0,0,0
1,30,111,203,2,0,1,20140,0,103,2023,9,5,17,35,13,5,15,18,4,1,1,1,14,7,0,0,0,0,6,9,1,70,1,1,1,35,1,51,61,41,0,0,0,0,0,0,0,0,0,10,0,3,0,0,0,0,0,4,2,35.65486527777777,139.73723555555554,3,3,0,0,0,0
1,30,111,215,2,0,1,30000,0,103,2023,9,20,20,55,22,5,27,17,42,1,1,1,14,7,0,0,0,0,3,9,1,70,5,3,1,55,55,3,61,31,0,1,0,1,0,11,0,1,0,40,0,3,0,2,0,2,0,4,2,35.65914611111111,139.71895583333333,4,3,9999,0,9,0
1,30,111,218,2,0,1,30000,0,103,2023,8,25,20,10,22,5,7,18,19,1,1,1,1,7,1,21,0,0,11,9,30,70,5,2,1,65,25,3,61,1,0,1,0,1,0,11,0,2,0,10,0,4,0,2,0,2,0,4,2,35.65302722222222,139.73444638888887,6,3,9999,0,9,0
1,30,111,222,2,0,1,30000,0,103,2023,9,21,2,40,22,5,28,17,41,1,1,1,1,7,1,21,0,0,14,9,30,70,5,4,1,65,45,3,61,1,0,1,0,1,0,11,0,10,0,10,0,4,0,2,0,2,0,4,2,35.66409083333333,139.73429055555553,5,3,9999,0,9,0
1,30,112,208,2,0,1,30000,0,103,2023,9,1,18,20,21,5,12,18,9,1,1,1,1,1,9,22,0,0,14,9,30,70,4,2,1,45,55,3,61,31,0,1,0,1,0,11,0,2,0,10,0,4,0,2,0,2,0,4,2,35.67164666666667,139.73692416666665,6,3,9999,0,9,0
1,30,112,214,2,0,1,20150,0,103,2023,9,18,15,55,12,5,25,17,45,1,1,1,1,7,9,22,0,0,11,9,30,70,5,2,1,75,25,3,61,1,0,1,0,1,0,11,0,3,0,10,0,3,0,2,0,2,0,4,2,35.67305666666667,139.73800277777775,2,1,348,0,9,0
1,30,112,216,2,0,1,2460,37,103,2023,9,19,20,15,22,5,26,17,44,1,1,1,14,7,0,0,0,0,5,9,1,70,1,1,1,45,45,13,61,31,0,11,0,1,0,11,0,5,0,22,0,4,0,2,0,2,0,4,2,35.66397972222222,139.7116361111111,3,3,9999,0,1,0
1,30,112,217,2,0,1,10120,0,103,2023,9,20,19,40,22,5,27,17,42,1,1,1,1,1,9,22,0,0,19,9,30,70,4,1,1,25,55,3,61,31,0,1,0,1,0,11,0,3,0,11,0,3,0,1,0,2,0,4,2,35.6643875,139.7310038888889,4,3,9999,0,1,0
1,30,112,218,2,0,1,20090,0,103,2023,9,21,15,30,12,5,28,17,41,3,1,2,1,1,9,22,0,0,17,9,30,70,1,1,1,55,35,36,61,31,0,31,0,0,0,11,0,1,0,40,0,3,0,0,0,0,0,4,2,35.670409166666666,139.7447036111111,5,3,0,0,0,0
1,30,112,221,2,0,1,30000,0,103,2023,9,22,18,32,21,5,28,17,39,3,1,2,1,1,9,22,0,0,18,9,30,70,4,2,1,65,55,51,61,41,0,0,0,0,0,0,0,0,0,10,0,3,0,0,0,0,0,4,2,35.67197916666667,139.73898027777776,6,2,0,0,0,0
1,30,112,225,2,0,1,30000,0,103,2023,9,25,18,0,21,5,31,17,35,1,1,1,14,7,0,0,0,0,1,9,1,70,5,3,1,1,45,3,61,1,0,1,0,1,0,11,0,10,0,40,0,4,0,2,0,2,0,4,2,35.66426583333333,139.71506833333333,2,3,9999,0,1,0
1,30,215,140,2,0,2,30000,0,109,2023,9,8,9,0,12,5,18,18,0,3,1,3,14,7,0,0,0,0,2,9,1,70,5,3,1,45,35,13,61,31,0,11,0,1,0,11,0,1,0,40,0,3,0,2,0,2,0,4,2,35.622213611111114,139.74199555555555,6,3,9999,0,9,0
1,30,216,184,2,0,1,30000,0,109,2023,9,19,10,0,12,5,26,17,44,1,1,1,14,7,0,0,0,0,3,9,1,70,5,3,1,45,35,3,61,31,0,1,0,1,0,11,0,2,0,40,0,4,0,2,0,2,0,4,2,35.597790555555555,139.71922333333333,3,3,9999,0,9,0
1,30,216,191,2,0,1,30000,0,109,2023,9,30,11,50,12,5,34,17,27,2,1,1,14,7,0,0,0,0,2,8,1,70,5,3,1,25,45,3,61,31,0,1,0,1,0,11,0,2,0,40,0,3,0,2,0,2,0,4,2,35.59814027777778,139.73303944444444,7,3,9999,0,2,0
1,30,217,165,2,0,1,30000,0,109,2023,9,5,11,30,12,5,15,18,4,1,1,1,1,7,9,22,0,0,14,9,30,70,5,3,1,45,55,59,61,0,0,0,0,0,0,0,0,0,0,10,0,3,0,0,0,0,0,4,2,35.62453444444444,139.72235416666666,3,3,0,0,0,0
1,30,218,161,2,0,1,10,128,109,2023,8,8,0,35,22,4,54,18,39,1,1,1,1,1,9,22,0,0,18,9,30,70,5,1,1,65,45,17,61,1,0,11,0,1,0,11,0,2,0,10,0,3,0,2,0,2,0,4,2,35.60265888888889,139.71307277777777,3,3,9999,0,9,0
1,30,218,164,2,0,1,30000,0,109,2023,9,1,12,45,12,5,12,18,9,1,1,1,14,7,0,0,0,0,1,9,1,70,5,4,1,35,0,61,0,0,0,0,0,0,0,0,0,0,0,0,0,0,0,0,0,0,0,2,0,35.616658055555554,139.71879722222224,6,3,0,0,0,0
1,30,218,174,2,0,1,10170,0,109,2023,9,12,9,5,12,5,21,17,54,1,1,1,14,7,0,0,0,0,6,9,1,70,4,2,1,25,75,14,61,1,0,11,0,1,0,11,0,4,0,30,0,3,0,2,0,2,0,4,2,35.6150375,139.70873444444445,3,3,9999,0,1,0
1,30,218,176,2,0,1,30000,0,109,2023,8,22,9,0,12,5,5,18,23,1,1,1,14,1,0,0,0,0,1,9,1,70,5,1,1,35,1,51,61,41,0,0,0,0,0,0,0,0,0,10,0,3,0,0,0,0,0,4,2,35.607950833333334,139.72964666666667,3,3,0,0,0,0
1,30,218,179,2,0,1,30000,0,109,2023,9,25,10,30,12,5,31,17,35,1,1,1,14,7,0,0,0,0,2,9,1,70,5,3,1,55,65,3,61,31,0,1,0,1,0,11,0,2,0,80,0,4,0,2,0,2,0,4,2,35.605000277777776,139.70378499999998,2,3,9999,0,9,0