資料区分,都道府県コード,警察署等コード,本票番号,事故内容,死者数,負傷者数,路線コード,地点コード,市区町村コード,発生日時　　年,発生日時　　月,発生日時　　日,発生日時　　時,発生日時　　分,昼夜,日の出時刻　　時,日の出時刻　　分,日の入り時刻　　時,日の入り時刻　　分,天候,地形,路面状態,道路形状,信号機,一時停止規制　標識（当事者A）,一時停止規制　表示（当事者A）,一時停止規制　標識（当事者B）,一時停止規制　表示（当事者B）,車道幅員,道路線形,衝突地点,ゾーン規制,中央分離帯施設等,歩車道区分,事故類型,年齢（当事者A）,年齢（当事者B）,当事者種別（当事者A）,当事者種別（当事者B）,用途別（当事者A）,用途別（当事者B）,車両形状等（当事者A）,車両形状等（当事者B）,オートマチック車（当事者A）,オートマチック車（当事者B）,サポカー（当事者A）,サポカー（当事者B）,速度規制（指定のみ）（当事者A）,速度規制（指定のみ）（当事者B）,車両の衝突部位（当事者A）,車両の衝突部位（当事者B）,車両の損壊程度（当事者A）,車両の損壊程度（当事者B）,エアバッグの装備（当事者A）,エアバッグの装備（当事者B）,サイドエアバッグの装備（当事者A）,サイドエアバッグの装備（当事者B）,人身損傷程度（当事者A）,人身損傷程度（当事者B）,lat,lon,曜日(発生年月日),祝日(発生年月日),認知機能検査経過日数（当事者A）,認知機能検査経過日数（当事者B）,運転練習の方法（当事者A）,運転練習の方法（当事者B）
1,30,218,185,2,0,1,20000,0,109,2023,9,21,19,30,22,5,28,17,41,1,1,1,1,7,0,0,0,0,11,9,30,70,4,2,1,55,0,61,0,0,0,0,0,0,0,0,0,0,0,0,0,0,0,0,0,0,0,2,0,35.623421388888886,139.7112136111111,5,3,0,0,0,0
1,30,219,310,2,0,1,30000,0,111,2023,9,3,16,40,12,5,14,18,7,1,1,1,14,7,0,0,0,0,3,9,1,70,5,3,1,1,65,51,61,41,0,0,0,0,0,0,0,0,0,10,0,4,0,0,0,0,0,4,2,35.58538888888889,139.72638750000002,1,3,0,0,0,0
1,30,219,322,2,0,1,20180,0,111,2023,9,9,15,54,12,5,18,17,58,1,1,1,14,1,0,0,0,0,4,8,1,70,4,1,1,1,35,4,61,31,0,1,0,1,0,11,0,3,0,40,0,3,0,2,0,2,0,4,2,35.5882175,139.72730194444443,7,3,9999,0,1,0
1,30,219,323,2,0,1,10130,0,111,2023,9,11,11,48,12,5,20,17,55,1,1,1,1,1,9,22,0,0,19,9,30,70,1,1,1,25,45,3,61,31,0,1,0,1,0,11,0,4,0,10,0,3,0,2,0,2,0,4,2,35.58227388888889,139.74853666666667,2,3,9999,0,1,0
1,30,219,336,2,0,1,30000,0,111,2023,9,11,7,25,12,5,20,17,55,1,1,1,7,7,0,0,0,0,3,9,1,70,5,2,1,65,25,3,61,1,0,1,0,1,0,11,0,1,0,50,0,4,0,2,0,2,0,4,2,35.58704222222222,139.72740666666667,2,3,9999,0,9,0
1,30,219,342,2,0,2,150,126,111,2023,9,21,23,53,22,5,28,17,41,3,1,2,1,1,9,22,0,0,19,9,30,70,5,1,1,1,45,33,61,1,0,0,0,0,0,11,0,10,0,10,0,3,0,0,0,0,0,2,2,35.58317138888889,139.73663194444444,5,3,9999,0,1,0
1,30,219,347,2,0,1,30000,0,111,2023,9,26,10,55,12,5,31,17,33,1,1,1,1,7,1,21,0,0,15,9,30,70,4,3,1,65,65,3,61,1,0,1,0,1,0,11,0,1,0,10,0,4,0,2,0,2,0,4,2,35.564816666666665,139.74700166666665,3,3,9999,0,9,0
1,30,220,183,2,0,1,99000,0,111,2023,9,6,9,8,12,5,16,18,2,2,1,1,0,7,0,0,0,0,0,0,20,70,0,3,1,55,25,17,61,1,0,11,0,1,0,11,0,10,0,30,0,4,0,2,0,2,0,4,2,35.59769472222222,139.69662027777778,4,3,9999,0,9,0
1,30,221,259,2,0,1,30000,0,111,2023,9,14,15,30,12,5,22,17,51,1,1,1,1,7,1,21,0,0,11,9,30,70,4,3,1,1,75,51,61,41,0,0,0,0,0,0,0,0,0,10,0,3,0,0,0,0,0,4,2,35.56754333333334,139.71372499999998,5,3,0,0,0,0
1,30,222,248,2,0,1,30000,0,111,2023,9,1,19,33,22,5,12,18,9,1,1,1,14,7,0,0,0,0,2,7,1,70,4,3,1,25,55,51,61,41,0,0,0,0,0,0,0,0,0,10,0,3,0,0,0,0,0,4,2,35.58178305555556,139.70249027777777,6,3,0,0,0,0
1,30,222,255,2,0,1,30000,0,111,2023,9,15,16,32,12,5,23,17,49,3,1,2,1,7,9,22,0,0,15,9,30,70,5,2,1,65,45,3,61,1,0,1,0,1,0,11,0,1,0,10,0,4,0,2,0,2,0,4,2,35.57763722222222,139.70269527777776,6,3,9999,0,9,0
1,30,222,267,2,0,1,10130,0,111,2023,9,22,21,43,22,5,28,17,39,3,1,2,1,1,9,22,0,0,18,9,30,70,1,2,1,1,25,3,61,31,0,1,0,1,0,11,0,4,0,80,0,2,0,2,0,2,0,4,2,35.59299555555556,139.7163447222222,6,2,9999,0,1,0
1,30,222,276,2,0,1,30000,0,111,2023,9,28,8,5,12,5,33,17,30,1,1,1,1,7,9,22,0,0,11,8,30,1,5,1,1,65,1,3,61,31,0,1,0,1,0,11,0,2,0,10,0,4,0,2,0,2,0,4,2,35.59780083333334,139.7123661111111,5,3,9999,0,9,0
1,30,222,282,2,0,1,30000,0,111,2023,9,30,13,11,12,5,34,17,27,3,1,2,1,7,1,21,0,0,14,9,30,70,5,3,1,1,75,14,61,1,0,11,0,1,0,11,0,2,0,10,0,3,0,2,0,2,0,4,2,35.56457777777778,139.69296861111113,7,3,9999,0,1,0
1,30,223,35,2,0,1,90000,0,111,2023,8,8,15,0,12,4,54,18,39,1,1,1,14,7,0,0,0,0,4,9,1,70,5,2,1,25,35,3,61,31,0,1,0,1,0,11,0,3,0,30,0,4,0,2,0,2,0,4,2,35.54559333333333,139.76756444444445,3,3,0,0,0,0
1,30,325,166,2,0,1,10130,0,112,2023,9,1,9,35,12,5,12,18,9,1,1,1,1,1,9,22,0,0,19,9,30,70,1,2,1,45,25,3,61,31,0,1,0,1,0,11,0,3,0,80,0,3,0,2,0,2,0,4,2,35.637015,139.62132444444444,6,3,9999,0,1,0
1,30,325,169,2,0,2,2460,81,112,2023,9,8,0,30,22,5,18,18,0,3,1,2,1,1,9,22,0,0,18,6,30,70,1,2,1,35,25,35,61,31,0,0,0,0,0,11,0,5,0,10,0,2,0,0,0,0,0,2,2,35.643498888888885,139.67120083333333,6,3,9999,0,1,0
1,30,325,170,2,0,1,30000,0,112,2023,9,11,13,20,12,5,20,17,55,1,1,1,14,7,0,0,0,0,3,9,1,70,5,2,1,45,75,3,61,31,0,1,0,1,0,11,0,1,0,30,0,3,0,2,0,2,0,4,2,35.6438625,139.6550036111111,2,3,9999,0,1,0
1,30,325,171,2,0,1,10210,0,112,2023,9,16,9,7,12,5,24,17,48,1,1,1,14,7,0,0,0,0,3,9,1,70,5,2,1,55,55,52,61,41,0,0,0,0,0,0,0,0,0,10,0,3,0,0,0,0,0,4,2,35.641689722222225,139.64471027777776,7,3,0,0,0,0
1,30,325,184,2,0,1,20240,0,112,2023,9,11,17,10,13,5,20,17,55,1,1,1,14,7,0,0,0,0,5,9,1,1,4,2,1,45,45,51,61,41,0,0,0,0,0,0,0,0,0,20,0,3,0,0,0,0,0,4,2,35.62826416666667,139.67908305555554,2,3,0,0,0,0
1,30,325,190,2,0,2,30000,0,112,2023,7,19,15,13,12,4,39,18,55,1,1,1,7,7,0,0,0,0,2,9,1,70,5,3,1,45,75,3,61,31,0,1,0,1,0,11,0,5,0,30,0,3,0,2,0,2,0,4,2,35.63493666666667,139.6742536111111,4,3,9999,0,9,0
1,30,326,266,2,0,1,30000,0,112,2023,8,29,17,30,13,5,10,18,14,1,1,1,14,7,0,0,0,0,2,9,1,70,5,2,1,45,45,3,61,31,0,1,0,1,0,11,0,10,0,20,0,4,0,2,0,2,0,4,2,35.6557325,139.65342222222222,3,3,9999,0,1,0
1,30,326,271,2,0,1,200,139,112,2023,9,6,13,55,12,5,16,18,2,2,1,1,14,7,0,0,0,0,3,9,1,70,1,2,1,45,45,14,61,1,0,11,0,1,0,11,0,10,0,10,0,2,0,1,0,2,0,4,2,35.668709166666666,139.64776972222222,4,3,9999,0,1,0
1,30,326,274,2,0,1,30000,0,112,2023,9,12,11,20,12,5,21,17,54,1,1,1,1,1,9,22,0,0,15,9,30,70,4,1,1,45,75,51,61,41,0,0,0,0,0,0,0,0,0,20,0,4,0,0,0,0,0,4,2,35.651649166666665,139.63732888888887,3,3,0,0,0,0
1,30,326,275,2,0,1,30000,0,112,2023,9,12,13,45,12,5,21,17,54,1,1,1,1,7,1,21,0,0,15,9,30,70,4,2,1,35,75,3,61,31,0,1,0,1,0,11,0,2,0,50,0,3,0,2,0,2,0,4,2,35.659821666666666,139.64030027777778,3,3,9999,0,1,0
1,30,326,283,2,0,1,30000,0,112,2023,9,22,8,4,12,5,28,17,39,3,1,2,14,7,0,0,0,0,1,8,1,70,5,4,1,1,55,51,61,41,0,0,0,0,0,0,0,0,0,10,0,3,0,0,0,0,0,4,2,35.656625,139.6352247222222,6,2,0,0,0,0
1,30,326,284,2,0,2,31010,0,112,2023,9,22,17,50,21,5,28,17,39,3,1,2,14,7,0,0,0,0,2,9,1,70,5,3,1,1,45,51,61,41,0,0,0,0,0,0,0,0,0,10,0,3,0,0,0,0,0,2,2,35.6593225,139.64664222222223,6,2,0,0,0,0
1,30,326,286,2,0,1,30000,0,112,2023,9,24,13,35,12,5,30,17,36,1,1,1,14,7,0,0,0,0,2,9,1,70,5,3,1,1,1,3,61,31,0,1,0,1,0,11,0,1,0,20,0,4,0,2,0,2,0,4,2,35.66822055555555,139.64904777777778,1,3,9999,0,1,0
1,30,326,287,2,0,1,30000,0,112,2023,9,9,23,20,22,5,18,17,58,1,1,1,14,7,0,0,0,0,2,9,1,70,5,1,1,65,35,3,61,1,0,1,0,1,0,11,0,2,0,40,0,3,0,2,0,2,0,4,2,35.64805555555556,139.62573472222223,7,3,9999,0,9,0
1,30,326,297,2,0,1,30000,0,112,2023,9,7,17,35,13,5,17,18,1,2,1,1,1,7,1,22,0,0,11,9,30,70,5,4,1,1,1,51,61,41,0,0,0,0,0,0,0,0,0,10,0,4,0,0,0,0,0,4,2,35.65949222222222,139.67283166666667,5,3,0,0,0,0
1,30,327,352,1,1,0,30000,0,112,2023,9,9,1,11,22,5,18,17,58,3,1,2,7,7,0,0,0,0,3,9,1,70,4,1,1,55,55,3,61,1,0,1,0,1,0,11,0,2,0,10,0,3,0,2,0,2,0,4,1,35.61615972222222,139.6238875,7,3,9999,0,9,0
1,30,327,354,2,0,1,30000,0,112,2023,7,31,8,15,12,4,48,18,47,1,1,1,14,7,0,0,0,0,3,9,1,70,5,3,1,65,1,3,61,31,0,1,0,1,0,11,0,2,0,0,0,4,0,2,0,2,0,4,2,35.60603722222223,139.66770444444444,2,3,9999,0,9,0
1,30,327,357,2,0,1,30000,0,112,2023,8,24,9,20,12,5,6,18,20,1,1,1,7,7,0,0,0,0,3,9,1,70,4,2,1,35,75,51,61,41,0,0,0,0,0,0,0,0,0,10,0,3,0,0,0,0,0,4,2,35.61351583333334,139.64062333333334,5,3,0,0,0,0
1,30,327,376,2,0,1,10190,0,112,2023,9,18,17,36,13,5,25,17,45,1,1,1,14,7,0,0,0,0,3,9,1,70,4,3,1,25,55,3,61,31,0,1,0,1,0,11,0,3,0,40,0,3,0,2,0,2,0,4,2,35.61240388888889,139.62593166666667,2,1,9999,0,1,0
1,30,327,378,2,0,1,30000,0,112,2023,9,9,1,10,22,5,18,17,58,3,1,2,7,7,0,0,0,0,3,9,1,70,4,2,1,65,55,35,61,31,0,0,0,0,0,11,0,2,0,10,0,3,0,0,0,0,0,4,2,35.61614138888889,139.62392722222222,7,3,9999,0,9,0
1,30,327,379,2,0,1,10200,0,112,2023,9,20,7,55,12,5,27,17,42,1,1,1,14,7,0,0,0,0,4,9,1,70,1,1,1,25,1,51,61,41,0,0,0,0,0,0,0,0,0,10,0,3,0,0,0,0,0,4,2,35.613645,139.63729222222221,4,3,0,0,0,0
1,30,327,385,2,0,1,30000,0,112,2023,7,7,7,45,12,4,31,19,0,1,1,1,14,7,0,0,0,0,3,9,1,70,5,3,1,1,55,51,61,41,0,0,0,0,0,0,0,0,0,10,0,3,0,0,0,0,0,4,2,35.62699,139.64292833333332,6,3,0,0,0,0
1,30,327,389,2,0,1,30000,0,112,2023,9,28,22,52,22,5,33,17,30,1,1,1,14,7,0,0,0,0,2,9,1,70,5,3,1,35,55,13,61,31,0,11,0,1,0,11,0,10,0,0,0,4,0,2,0,2,0,4,2,35.622479444444444,139.6281952777778,5,3,9999,0,5,0
1,30,328,346,2,0,1,30000,0,112,2023,8,30,19,20,22,5,11,18,12,1,1,1,13,7,0,0,0,0,3,2,1,70,5,4,1,65,0,61,0,0,0,0,0,0,0,0,0,0,0,0,0,0,0,0,0,0,0,2,0,35.62158194444444,139.62278333333333,4,3,0,0,0,0
1,30,328,351,2,0,1,30000,0,112,2023,9,5,16,34,12,5,15,18,4,1,1,1,14,7,0,0,0,0,3,9,1,70,5,3,1,45,75,3,61,31,0,1,0,1,0,11,0,10,0,30,0,4,0,2,0,2,0,4,2,35.656865555555555,139.6187011111111,3,3,9999,0,1,0
1,30,328,352,2,0,1,30000,0,112,2023,9,7,7,50,12,5,17,18,1,1,1,1,1,1,9,22,0,0,14,9,30,70,4,3,1,35,1,51,61,41,0,0,0,0,0,0,0,0,0,10,0,3,0,0,0,0,0,4,2,35.66932166666666,139.59866833333334,5,3,0,0,0,0
1,30,328,369,2,0,1,30000,0,112,2023,9,13,14,25,12,5,21,17,52,1,1,1,14,7,0,0,0,0,2,8,1,1,5,3,1,1,65,51,61,41,0,0,0,0,0,0,0,0,0,10,0,3,0,0,0,0,0,4,2,35.65622694444444,139.61714583333335,4,3,0,0,0,0
1,30,328,371,2,0,1,10200,0,112,2023,9,15,22,54,22,5,23,17,49,1,1,1,14,7,0,0,0,0,4,9,1,70,1,2,1,25,1,3,61,31,0,1,0,1,0,11,0,10,0,10,0,4,0,2,0,2,0,4,2,35.669602499999996,139.61346333333333,6,3,9999,0,1,0
1,30,328,381,2,0,1,30000,0,112,2023,9,27,15,25,12,5,32,17,32,1,1,1,14,7,0,0,0,0,3,9,1,70,5,3,1,65,35,36,61,31,0,0,0,0,0,11,0,2,0,10,0,3,0,0,0,0,0,4,2,35.647533333333335,139.6227311111111,4,3,9999,0,9,0
1,30,329,223,2,0,1,20240,0,110,2023,9,5,16,57,12,5,15,18,4,1,1,1,14,7,0,0,0,0,4,9,1,70,4,1,1,25,1,4,61,31,0,1,0,1,0,11,0,3,0,50,0,3,0,2,0,2,0,4,2,35.63152916666667,139.68542305555556,3,3,9999,0,1,0
1,30,329,226,2,0,1,10080,0,110,2023,9,9,12,33,12,5,18,17,58,2,1,1,14,7,0,0,0,0,5,9,1,70,4,2,1,35,1,52,61,41,0,0,0,0,0,0,0,0,0,40,0,3,0,0,0,0,0,4,2,35.631790555555554,139.7056622222222,7,3,0,0,0,0
1,30,329,228,2,0,1,30000,0,110,2023,9,12,23,5,22,5,21,17,54,1,1,1,14,7,0,0,0,0,2,7,1,70,5,3,1,25,1,36,61,31,0,0,0,0,0,11,0,2,0,10,0,3,0,0,0,0,0,4,2,35.637970277777775,139.6883738888889,3,3,9999,0,1,0
1,30,329,230,2,0,1,30000,0,110,2023,9,8,8,35,12,5,18,18,0,3,1,2,7,7,0,0,0,0,3,9,1,70,5,3,1,45,25,3,61,31,0,1,0,1,0,11,0,2,0,40,0,4,0,2,0,2,0,4,2,35.650083055555555,139.68574666666666,6,3,9999,0,1,0
1,30,329,231,2,0,1,30120,0,103,2023,9,16,14,36,12,5,24,17,48,1,1,1,1,1,9,22,0,0,15,9,30,70,1,1,1,75,25,14,61,1,0,11,0,1,0,11,0,3,0,50,0,4,0,2,0,2,0,4,2,35.64069138888889,139.71215194444443,7,3,765,0,9,0
1,30,329,232,2,0,1,30000,0,110,2023,8,22,9,49,12,5,5,18,23,2,1,1,14,7,0,0,0,0,2,9,1,1,5,3,1,25,45,51,61,41,0,0,0,0,0,0,0,0,0,10,0,4,0,0,0,0,0,4,2,35.631815833333334,139.71237055555554,3,3,0,0,0,0
1,30,329,239,2,0,1,20240,0,110,2023,9,29,8,30,12,5,34,17,29,1,1,1,1,1,9,22,0,0,14,8,30,70,4,1,1,25,1,51,61,41,0,0,0,0,0,0,0,0,0,10,0,3,0,0,0,0,0,4,2,35.641400555555556,139.69960055555555,6,3,0,0,0,0
1,30,330,254,2,0,1,30000,0,110,2023,9,9,13,48,12,5,18,17,58,1,1,1,14,7,0,0,0,0,3,9,1,70,4,3,1,45,35,3,61,31,0,1,0,1,0,11,0,3,0,40,0,3,0,2,0,2,0,4,2,35.60898916666667,139.66664833333334,7,3,9999,0,1,0
1,30,330,256,2,0,1,30000,0,110,2023,9,18,21,0,22,5,25,17,45,1,1,1,14,7,0,0,0,0,2,9,1,70,5,3,1,25,75,51,61,41,0,0,0,0,0,0,0,0,0,10,0,3,0,0,0,0,0,4,2,35.623397777777775,139.6846713888889,2,1,0,0,0,0
1,30,330,258,2,0,1,10130,0,110,2023,9,19,12,30,12,5,26,17,44,1,1,1,1,1,9,22,0,0,18,9,30,70,1,1,1,25,75,3,61,31,0,1,0,1,0,11,0,1,0,20,0,3,0,2,0,2,0,4,2,35.613330833333336,139.68658277777777,3,3,9999,0,1,0
1,30,330,264,2,0,1,30000,0,110,2023,9,22,13,56,12,5,28,17,39,1,1,1,1,1,9,22,0,0,15,9,30,70,5,3,1,45,55,3,61,31,0,1,0,1,0,11,0,1,0,30,0,4,0,2,0,1,0,4,2,35.62817277777778,139.68475583333333,6,2,9999,0,9,0
1,30,330,268,2,0,1,30000,0,110,2023,9,29,9,35,12,5,34,17,29,1,1,1,14,7,0,0,0,0,2,9,1,70,5,4,1,45,75,3,61,31,0,1,0,1,0,11,0,2,0,70,0,4,0,2,0,2,0,4,2,35.63012138888889,139.68688111111112,6,3,9999,0,9,0
1,30,331,245,2,0,1,30220,0,113,2022,12,22,15,0,12,6,47,16,32,1,1,1,14,7,0,0,0,0,4,9,1,70,4,1,1,55,35,13,61,31,0,11,0,1,0,11,0,3,0,30,0,4,0,2,0,2,0,4,2,35.65644222222222,139.69555222222223,5,3,9999,0,9,0
1,30,331,250,2,0,1,30240,0,113,2023,9,2,10,52,12,5,13,18,8,1,1,1,14,7,0,0,0,0,5,7,1,70,4,2,1,25,35,14,61,31,0,11,0,1,0,11,0,3,0,10,0,2,0,2,0,2,0,4,2,35.654088333333334,139.7058808333333,7,3,9999,0,1,0
1,30,331,255,2,0,1,10090,0,113,2023,9,8,9,45,12,5,18,18,0,1,1,2,1,1,9,22,0,0,18,9,30,70,1,2,1,45,1,13,61,31,0,11,0,1,0,11,0,4,0,10,0,4,0,2,0,2,0,4,2,35.656993888888884,139.70412833333333,6,3,9999,0,1,0
1,30,331,256,2,0,1,30000,0,113,2023,9,8,19,30,22,5,18,18,0,1,1,2,14,7,0,0,0,0,3,9,1,70,5,3,1,45,25,14,61,1,0,11,0,1,0,11,0,2,0,80,0,3,0,2,0,2,0,4,2,35.65416166666667,139.69654333333332,6,3,9999,0,1,0
1,30,331,257,2,0,1,30000,0,113,2023,9,9,1,25,22,5,18,17,58,3,1,2,14,7,0,0,0,0,3,9,1,70,5,2,1,25,45,36,61,31,0,31,0,0,0,11,0,1,0,10,0,3,0,0,0,0,0,4,2,35.66021972222222,139.69796972222224,7,3,0,0,0,0
1,30,331,264,2,0,1,30000,0,113,2023,7,5,17,50,12,4,30,19,1,2,1,1,14,7,0,0,0,0,2,7,1,70,5,3,1,65,35,3,61,1,0,1,0,1,0,11,0,10,0,30,0,3,0,2,0,2,0,4,2,35.65559555555556,139.7030847222222,4,3,9999,0,9,0
1,30,331,266,2,0,1,30000,0,113,2023,9,19,8,20,12,5,26,17,44,1,1,1,7,1,0,0,0,0,4,9,1,70,4,2,1,35,1,51,61,41,0,0,0,0,0,0,0,0,0,10,0,4,0,0,0,0,0,4,2,35.6456925,139.7165125,3,3,0,0,0,0
1,30,331,271,2,0,1,30000,0,113,2023,9,23,20,50,22,5,29,17,38,2,1,1,1,8,9,22,0,0,15,9,30,70,4,2,1,1,55,3,61,31,0,1,0,1,0,11,0,2,0,10,0,3,0,2,0,2,0,4,2,35.662368888888885,139.69942222222224,7,1,9999,0,1,0
1,30,331,272,2,0,1,30000,0,113,2023,9,24,3,35,22,5,30,17,36,1,1,1,14,7,0,0,0,0,2,9,1,70,5,4,1,55,25,3,61,1,0,1,0,1,0,11,0,5,0,80,0,3,0,2,0,2,0,4,2,35.658741388888885,139.69485333333333,1,3,9999,0,9,0
1,30,331,274,2,0,1,30000,0,113,2023,9,6,19,25,22,5,16,18,2,2,1,2,1,7,1,21,0,0,14,9,30,70,5,2,1,55,45,3,61,1,0,1,0,1,0,11,0,5,0,10,0,3,0,2,0,2,0,4,2,35.64940194444444,139.7202325,4,3,9999,0,9,0
1,30,331,281,2,0,1,30000,0,113,2023,9,19,22,40,22,5,26,17,44,1,1,1,1,7,9,22,0,0,17,9,30,70,4,2,1,35,35,3,61,31,0,1,0,1,0,11,0,10,0,40,0,3,0,2,0,2,0,4,2,35.65710555555555,139.69661555555555,3,3,9999,0,2,0
1,30,332,117,2,0,1,30000,0,113,2023,9,4,14,19,12,5,15,18,5,2,1,1,14,7,0,0,0,0,1,9,1,1,5,4,1,45,45,3,61,31,0,1,0,1,0,11,0,10,0,30,0,4,0,2,0,2,0,4,2,35.66709972222222,139.71180638888887,2,3,9999,0,3,0
1,30,332,118,2,0,1,20000,0,113,2023,9,5,16,45,12,5,15,18,4,1,1,1,7,7,0,0,0,0,4,9,1,70,4,1,1,55,45,3,61,1,0,1,0,1,0,11,0,3,0,40,0,3,0,2,0,2,0,4,2,35.68124666666667,139.70883916666665,3,3,9999,0,9,0
1,30,332,124,2,0,1,30000,0,113,2023,9,2,3,1,22,5,13,18,8,1,1,1,7,7,0,0,0,0,1,9,1,70,5,4,1,25,0,61,0,0,0,0,0,0,0,0,0,0,0,0,0,0,0,0,0,0,0,2,0,35.66950472222222,139.70596166666667,7,3,0,0,0,0
1,30,332,128,2,0,1,30000,0,113,2023,9,25,19,50,22,5,31,17,35,1,1,1,1,7,3,22,0,0,14,9,30,70,4,2,1,25,25,3,61,1,0,1,0,1,0,11,0,2,0,10,0,3,0,2,0,2,0,4,2,35.67333555555555,139.70981333333333,2,3,9999,0,1,0
1,30,332,135,2,0,1,30000,0,113,2023,9,21,1,51,22,5,28,17,41,1,1,1,14,7,0,0,0,0,4,9,1,70,4,1,1,55,35,3,61,1,0,1,0,1,0,11,0,3,0,40,0,4,0,2,0,2,0,4,2,35.675259999999994,139.71082222222222,5,3,9999,0,9,0
1,30,333,194,2,0,1,30000,0,113,2023,8,25,9,20,12,5,7,18,19,1,1,1,14,7,0,0,0,0,3,9,1,70,5,3,1,25,45,14,61,1,0,11,0,1,0,11,0,2,0,40,0,3,0,2,0,2,0,4,2,35.67847527777778,139.69305500000002,6,3,9999,0,5,0
1,30,333,212,2,0,1,30000,0,113,2023,9,28,16,25,12,5,33,17,30,1,1,1,14,7,0,0,0,0,3,9,1,70,4,3,1,65,1,3,61,1,0,1,0,1,0,11,0,1,0,10,0,3,0,2,0,2,0,4,2,35.67375194444444,139.68728472222222,5,3,9999,0,9,0
1,30,333,214,2,0,1,30000,0,113,2023,4,29,18,30,21,4,52,18,25,1,1,1,14,7,0,0,0,0,1,9,1,70,5,4,1,1,25,36,61,31,0,0,0,0,0,11,0,2,0,20,0,3,0,0,0,0,0,4,2,35.66908472222222,139.68992305555557,7,1,9999,0,1,0
1,30,435,182,2,0,1,30000,0,104,2023,9,19,9,5,12,5,26,17,44,1,1,1,14,7,0,0,0,0,2,9,1,70,5,2,1,65,55,3,61,1,0,1,0,1,0,11,0,10,0,40,0,3,0,2,0,2,0,4,2,35.69471111111111,139.7124413888889,3,3,9999,0,9,0
1,30,435,184,2,0,1,30000,0,104,2023,9,9,10,30,12,5,18,17,58,1,1,1,1,7,1,21,0,0,17,7,30,70,4,2,1,35,55,14,61,31,0,11,0,1,0,11,0,2,0,10,0,3,0,2,0,2,0,4,2,35.700744722222225,139.70959916666666,7,3,9999,0,1,0
1,30,435,185,2,0,1,10050,0,104,2023,9,12,17,40,13,5,21,17,54,1,1,1,1,1,1,22,0,0,17,9,30,70,5,3,1,55,35,3,61,31,0,1,0,1,0,11,0,2,0,40,0,4,0,2,0,2,0,4,2,35.691541388888886,139.71894722222223,3,3,9999,0,9,0
1,30,436,189,2,0,1,30290,0,104,2023,8,6,12,40,12,4,52,18,41,1,1,1,1,7,9,22,0,0,15,9,30,70,4,2,1,1,75,14,61,1,0,11,0,1,0,11,0,3,0,15,0,3,0,2,0,2,0,4,2,35.70396027777778,139.69471027777777,1,3,9999,0,9,0
1,30,436,201,2,0,1,10050,0,104,2023,9,3,6,35,12,5,14,18,7,1,1,1,14,7,0,0,0,0,5,9,1,70,1,2,1,25,35,13,61,31,0,11,0,1,0,11,0,1,0,10,0,4,0,2,0,2,0,4,2,35.69354416666666,139.70206527777776,1,3,9999,0,5,0
1,30,436,203,2,0,2,30000,0,104,2023,6,30,21,45,22,4,28,19,1,3,1,2,14,7,0,0,0,0,2,9,1,70,5,3,1,35,35,3,61,1,0,1,0,1,0,11,0,5,0,40,0,4,0,2,0,2,0,4,4,35.689009999999996,139.69754277777778,6,3,9999,0,1,0
1,30,436,208,2,0,1,30000,0,104,2023,9,15,12,30,12,5,23,17,49,2,1,1,14,7,0,0,0,0,1,9,1,1,5,3,1,1,45,3,61,31,0,1,0,1,0,11,0,1,0,40,0,3,0,2,0,2,0,4,2,35.70377444444445,139.691575,6,3,9999,0,1,0
1,30,436,209,2,0,1,10240,0,104,2023,9,21,17,25,13,5,28,17,41,2,1,1,1,1,9,22,0,0,19,9,30,70,4,2,1,1,45,51,61,41,0,0,0,0,0,0,0,0,0,10,0,3,0,0,0,0,0,4,2,35.69376972222222,139.69938611111112,5,3,0,0,0,0
1,30,437,192,2,0,2,30000,0,104,2023,9,1,16,40,12,5,12,18,9,1,1,1,1,7,1,22,0,0,15,9,30,70,4,3,1,75,45,3,61,31,0,1,0,1,0,11,0,3,0,10,0,3,0,2,0,2,0,4,2,35.72594638888889,139.68147055555553,6,3,442,0,9,0
1,30,437,195,2,0,1,30000,0,104,2023,9,7,7,10,12,5,17,18,1,1,1,1,14,7,0,0,0,0,2,8,1,70,5,3,1,55,45,14,61,31,0,11,0,1,0,11,0,10,0,40,0,4,0,2,0,2,0,4,2,35.714084722222225,139.68693472222222,5,3,9999,0,9,0
1,30,437,204,2,0,1,30000,0,104,2023,9,16,21,25,22,5,24,17,48,1,1,1,7,7,0,0,0,0,3,9,1,70,5,2,1,45,65,3,61,31,0,1,0,1,0,11,0,3,0,10,0,3,0,2,0,2,0,4,2,35.71154388888889,139.69181472222223,7,3,9999,0,1,0
1,30,437,205,2,0,1,10160,0,104,2023,9,21,12,12,12,5,28,17,41,2,1,1,14,7,0,0,0,0,5,9,1,70,1,1,1,25,45,51,61,41,0,0,0,0,0,0,0,0,0,10,0,3,0,0,0,0,0,4,2,35.720115,139.6900013888889,5,3,0,0,0,0
1,30,437,215,2,0,1,30000,0,104,2023,9,10,19,50,22,5,19,17,57,1,1,1,14,7,0,0,0,0,3,7,1,70,4,3,1,65,1,3,61,31,0,1,0,1,0,11,0,2,0,40,0,3,0,2,0,2,0,4,2,35.71888472222222,139.67354694444444,1,3,9999,0,9,0
1,30,438,177,2,0,1,10120,0,104,2023,9,8,15,37,12,5,18,18,0,3,1,2,14,7,0,0,0,0,4,9,1,70,4,2,1,65,45,3,61,31,0,1,0,1,0,11,0,4,0,10,0,3,0,2,0,2,0,4,2,35.69083416666666,139.7225547222222,6,3,9999,0,9,0