資料区分,都道府県コード,警察署等コード,本票番号,事故内容,死者数,負傷者数,路線コード,地点コード,市区町村コード,発生日時　　年,発生日時　　月,発生日時　　日,発生日時　　時,発生日時　　分,昼夜,日の出時刻　　時,日の出時刻　　分,日の入り時刻　　時,日の入り時刻　　分,天候,地形,路面状態,道路形状,信号機,一時停止規制　標識（当事者A）,一時停止規制　表示（当事者A）,一時停止規制　標識（当事者B）,一時停止規制　表示（当事者B）,車道幅員,道路線形,衝突地点,ゾーン規制,中央分離帯施設等,歩車道区分,事故類型,年齢（当事者A）,年齢（当事者B）,当事者種別（当事者A）,当事者種別（当事者B）,用途別（当事者A）,用途別（当事者B）,車両形状等（当事者A）,車両形状等（当事者B）,オートマチック車（当事者A）,オートマチック車（当事者B）,サポカー（当事者A）,サポカー（当事者B）,速度規制（指定のみ）（当事者A）,速度規制（指定のみ）（当事者B）,車両の衝突部位（当事者A）,車両の衝突部位（当事者B）,車両の損壊程度（当事者A）,車両の損壊程度（当事者B）,エアバッグの装備（当事者A）,エアバッグの装備（当事者B）,サイドエアバッグの装備（当事者A）,サイドエアバッグの装備（当事者B）,人身損傷程度（当事者A）,人身損傷程度（当事者B）,lat,lon,曜日(発生年月日),祝日(発生年月日),認知機能検査経過日数（当事者A）,認知機能検査経過日数（当事者B）,運転練習の方法（当事者A）,運転練習の方法（当事者B）
1,30,438,180,2,0,1,30000,0,104,2023,3,20,11,22,12,5,46,17,52,1,1,1,14,7,0,0,0,0,3,9,1,70,1,2,1,55,35,3,61,1,0,1,0,1,0,11,0,5,0,20,0,3,0,2,0,2,0,4,2,35.68911583333333,139.70663472222222,2,2,9999,0,9,0
1,30,438,183,2,0,1,200,65,104,2023,9,13,16,5,12,5,21,17,52,1,1,1,14,7,0,0,0,0,6,9,1,70,1,2,1,45,45,59,61,0,0,0,0,0,0,0,0,0,0,10,0,4,0,0,0,0,0,4,2,35.68788277777777,139.7210625,4,3,0,0,0,0
1,30,438,185,2,0,1,21030,0,104,2023,8,28,18,19,21,5,9,18,15,1,1,1,1,1,0,0,0,0,15,9,30,70,4,2,1,45,0,61,0,0,0,0,0,0,0,0,0,0,0,0,0,0,0,0,0,0,0,2,0,35.69141861111111,139.7038122222222,2,3,0,0,0,0
1,30,438,195,2,0,1,10090,0,104,2023,9,29,13,0,12,5,34,17,29,1,1,1,14,7,0,0,0,0,3,9,1,70,4,2,1,35,25,51,61,41,0,0,0,0,0,0,0,0,0,10,0,3,0,0,0,0,0,4,2,35.68812138888889,139.70283916666665,6,3,0,0,0,0
1,30,439,210,2,0,1,30000,0,114,2023,9,5,20,38,22,5,15,18,4,1,1,1,1,7,0,0,0,0,11,9,30,70,5,3,1,25,0,61,0,0,0,0,0,0,0,0,0,0,0,0,0,0,0,0,0,0,0,2,0,35.67885333333333,139.66586138888889,3,3,0,0,0,0
1,30,439,217,2,0,2,10240,0,114,2023,9,12,23,5,22,5,21,17,54,1,1,1,14,7,0,0,0,0,6,9,1,70,4,1,1,45,35,51,61,41,0,0,0,0,0,0,0,0,0,0,0,4,0,0,0,0,0,2,2,35.69749083333333,139.67247694444444,3,3,0,0,0,0
1,30,439,223,2,0,1,20280,0,114,2023,9,19,18,30,21,5,26,17,44,1,1,1,7,7,0,0,0,0,3,9,1,70,4,1,1,25,55,4,61,31,0,1,0,1,0,11,0,3,0,10,0,3,0,2,0,2,0,4,2,35.70288805555556,139.6676711111111,3,3,9999,0,5,0
1,30,439,229,2,0,1,30000,0,114,2023,9,23,11,45,12,5,29,17,38,2,1,1,14,7,0,0,0,0,1,9,1,70,5,4,1,25,75,14,61,1,0,11,0,1,0,11,0,10,0,60,0,3,0,2,0,2,0,4,2,35.696532499999996,139.66751194444444,7,1,9999,0,1,0
1,30,439,232,2,0,1,30000,0,114,2023,9,26,8,10,12,5,31,17,33,1,1,1,1,1,9,22,0,0,14,9,30,70,4,2,1,25,1,4,61,31,0,1,0,1,0,11,0,2,0,40,0,3,0,2,0,2,0,4,2,35.7072475,139.68641916666667,3,3,9999,0,1,0
1,30,440,238,2,0,1,30000,0,114,2023,9,7,14,45,12,5,17,18,1,1,1,1,1,7,1,22,0,0,11,9,30,70,5,4,1,65,45,13,61,31,0,11,0,1,0,11,0,2,0,40,0,4,0,2,0,2,0,4,2,35.713507222222226,139.67448027777777,5,3,9999,0,9,0
1,30,440,243,2,0,1,20280,0,114,2023,9,11,18,45,21,5,20,17,55,1,1,1,14,1,0,0,0,0,4,9,1,70,4,2,1,75,65,3,61,1,0,1,0,1,0,11,0,3,0,70,0,3,0,2,0,2,0,4,2,35.707234722222225,139.66527472222222,2,3,367,0,9,0
1,30,440,254,2,0,1,20280,0,114,2023,9,25,8,0,12,5,31,17,35,1,1,1,1,1,9,22,0,0,11,9,30,70,4,2,1,25,45,51,61,41,0,0,0,0,0,0,0,0,0,0,0,4,0,0,0,0,0,4,2,35.71550333333334,139.66746027777776,2,3,0,0,0,0
1,30,440,259,2,0,1,30000,0,114,2023,9,30,23,26,22,5,34,17,27,1,1,1,1,7,9,22,0,0,11,9,30,70,5,3,1,35,1,3,61,31,0,1,0,1,0,11,0,10,0,50,0,3,0,2,0,2,0,4,2,35.720710833333335,139.66192722222223,7,3,9999,0,2,0
1,30,441,245,2,0,1,30000,0,115,2023,9,8,15,35,12,5,18,18,0,3,1,2,14,7,0,0,0,0,3,9,1,70,5,4,1,1,35,51,61,41,0,0,0,0,0,0,0,0,0,10,0,3,0,0,0,0,0,4,2,35.70299583333334,139.6483988888889,6,3,0,0,0,0
1,30,441,247,2,0,1,10240,0,115,2023,9,15,13,50,12,5,23,17,49,3,1,2,1,1,9,22,0,0,17,9,30,70,1,1,1,75,45,3,61,31,0,1,0,1,0,11,0,10,0,10,0,3,0,2,0,2,0,4,2,35.69882083333333,139.6371375,6,3,268,0,9,0
1,30,441,252,2,0,1,10240,0,115,2023,9,20,23,56,22,5,27,17,42,1,1,1,1,7,9,22,0,0,17,9,30,70,4,2,1,65,65,4,61,31,0,1,0,1,0,11,0,10,0,10,0,2,0,2,0,2,0,4,2,35.69799555555555,139.65233416666666,4,3,9999,0,9,0
1,30,441,253,2,0,1,30000,0,115,2023,9,21,19,25,22,5,28,17,41,1,1,1,14,7,0,0,0,0,3,9,1,70,5,4,1,65,55,13,61,31,0,11,0,1,0,11,0,2,0,10,0,3,0,2,0,2,0,4,2,35.69693611111111,139.64971833333334,5,3,9999,0,9,0
1,30,441,255,2,0,1,99000,0,115,2023,9,22,13,10,12,5,28,17,39,2,1,1,0,7,0,0,0,0,0,0,20,70,0,4,1,75,75,3,61,1,0,1,0,1,0,11,0,10,0,30,0,3,0,2,0,2,0,4,2,35.689477499999995,139.6563377777778,6,2,416,0,9,0
1,30,442,252,2,0,1,30000,0,115,2023,7,29,17,15,12,4,46,18,49,1,1,1,14,7,0,0,0,0,1,9,1,70,5,3,1,35,25,13,61,31,0,11,0,1,0,11,0,10,0,20,0,4,0,2,0,2,0,4,2,35.68832416666666,139.6032225,7,3,9999,0,1,0
1,30,442,265,2,0,1,99000,0,115,2023,7,17,12,30,12,4,37,18,57,1,1,1,0,7,0,0,0,0,0,0,20,70,0,4,1,55,45,35,61,31,0,0,0,0,0,11,0,10,0,30,0,4,0,0,0,0,0,4,2,35.671611388888884,139.62531166666668,2,1,9999,0,9,0
1,30,442,266,2,0,1,30000,0,115,2023,9,29,18,51,22,5,34,17,29,1,1,1,14,7,0,0,0,0,1,9,1,70,5,4,1,45,25,3,61,31,0,1,0,1,0,11,0,10,0,80,0,3,0,2,0,2,0,4,2,35.670850277777774,139.62584583333333,6,3,9999,0,1,0
1,30,442,267,2,0,1,30000,0,115,2023,9,25,16,5,12,5,31,17,35,1,1,1,14,7,0,0,0,0,1,9,1,70,5,3,1,65,25,3,61,31,0,1,0,1,0,11,0,10,0,20,0,4,0,2,0,2,0,4,2,35.675844999999995,139.60999583333333,2,3,9999,0,9,0
1,30,443,171,2,0,1,10220,0,115,2023,9,7,7,25,12,5,17,18,1,1,1,1,14,7,0,0,0,0,1,9,1,70,4,2,1,45,1,3,61,31,0,1,0,1,0,11,0,3,0,10,0,3,0,2,0,2,0,4,2,35.717066111111116,139.625395,5,3,9999,0,1,0
1,30,443,172,2,0,1,10240,0,115,2023,9,7,19,0,21,5,17,18,1,1,1,1,14,7,0,0,0,0,5,9,1,70,4,2,1,1,45,51,61,41,0,0,0,0,0,0,0,0,0,10,0,3,0,0,0,0,0,4,2,35.70585777777778,139.61879000000002,5,3,0,0,0,0
1,30,443,175,2,0,1,30000,0,115,2023,8,21,16,55,12,5,4,18,24,1,1,1,14,7,0,0,0,0,3,9,1,70,4,1,1,55,55,3,61,31,0,1,0,1,0,11,0,2,0,40,0,3,0,2,0,2,0,4,2,35.71481305555556,139.61081694444445,2,3,9999,0,9,0
1,30,443,180,2,0,1,30000,0,115,2023,9,13,12,55,12,5,21,17,52,1,1,1,14,7,0,0,0,0,2,9,1,70,5,3,1,45,1,51,61,41,0,0,0,0,0,0,0,0,0,10,0,3,0,0,0,0,0,4,2,35.714111111111116,139.63275583333333,4,3,0,0,0,0
1,30,443,183,2,0,1,30000,0,115,2023,9,24,9,23,12,5,30,17,36,1,1,1,1,7,9,22,0,0,11,9,30,70,5,2,1,55,25,3,61,31,0,1,0,1,0,11,0,2,0,10,0,2,0,1,0,2,0,4,2,35.704327500000005,139.62332111111112,1,3,9999,0,1,0
1,30,545,75,2,0,1,90000,0,105,2023,9,9,19,40,22,5,18,17,58,1,1,1,0,7,0,0,0,0,0,0,20,70,0,4,1,55,45,1,61,1,0,1,0,1,0,11,0,10,0,20,0,3,0,2,0,2,0,4,2,35.70336944444445,139.75357722222222,7,3,9999,0,9,0
1,30,545,81,2,0,1,20000,0,105,2023,9,11,14,20,12,5,20,17,55,1,1,1,14,7,0,0,0,0,4,9,1,70,4,1,1,65,0,61,0,0,0,0,0,0,0,0,0,0,0,0,0,0,0,0,0,0,0,2,0,35.72023111111111,139.75182194444446,2,3,0,0,0,0
1,30,546,55,2,0,1,30000,0,105,2023,9,13,10,20,12,5,21,17,52,1,1,1,7,7,0,0,0,0,3,9,1,70,4,2,1,35,55,51,61,41,0,0,0,0,0,0,0,0,0,30,0,4,0,0,0,0,0,4,2,35.711038055555555,139.73233027777778,4,3,0,0,0,0
1,30,546,57,2,0,1,30000,0,105,2023,9,25,9,29,12,5,31,17,35,2,1,1,14,7,0,0,0,0,3,9,1,70,5,3,1,55,1,14,61,1,0,11,0,1,0,11,0,1,0,40,0,4,0,2,0,2,0,4,2,35.70888416666667,139.7328222222222,2,3,9999,0,9,0
1,30,547,99,2,0,1,10290,0,105,2023,9,16,9,58,12,5,24,17,48,1,1,1,1,1,9,22,0,0,18,9,30,70,4,1,1,55,1,3,61,1,0,1,0,1,0,11,0,4,0,50,0,3,0,2,0,2,0,4,2,35.703245,139.76383444444446,7,3,9999,0,9,0
1,30,547,100,2,0,1,20090,0,105,2023,9,16,18,48,22,5,24,17,48,1,1,1,1,1,9,22,0,0,19,9,30,70,5,1,1,65,75,3,61,31,0,1,0,1,0,11,0,3,0,80,0,3,0,2,0,2,0,4,2,35.70056666666667,139.76407666666665,7,3,9999,0,9,0
1,30,548,55,2,0,1,21170,0,105,2023,8,13,11,10,12,4,58,18,34,1,1,1,1,1,9,22,0,0,14,9,30,70,4,2,1,45,65,3,61,1,0,1,0,1,0,11,0,3,0,40,0,4,0,2,0,2,0,4,2,35.731029722222225,139.75770194444445,1,3,9999,0,9,0
1,30,548,56,2,0,1,30000,0,105,2023,9,1,12,0,12,5,12,18,9,1,1,1,1,7,9,22,0,0,14,9,30,70,4,2,1,45,65,13,61,31,0,11,0,1,0,11,0,2,0,20,0,3,0,2,0,2,0,4,2,35.73094722222223,139.75322111111112,6,3,9999,0,9,0
1,30,549,95,2,0,1,30000,0,116,2023,9,13,13,6,12,5,21,17,52,1,1,1,7,8,0,0,0,0,3,9,1,70,5,3,1,55,0,61,0,0,0,0,0,0,0,0,0,0,0,0,0,0,0,0,0,0,0,2,0,35.733825,139.72655083333333,4,3,0,0,0,0
1,30,549,96,2,0,1,30000,0,116,2023,9,19,18,1,21,5,26,17,44,1,1,1,7,7,0,0,0,0,4,9,1,70,4,1,1,75,65,4,61,31,0,1,0,1,0,11,0,3,0,10,0,2,0,2,0,2,0,4,2,35.73480055555556,139.72732972222224,3,3,565,0,9,0
1,30,549,101,2,0,1,30000,0,116,2023,9,26,18,0,21,5,31,17,33,1,1,1,14,7,0,0,0,0,2,9,1,70,5,3,1,65,45,3,61,31,0,1,0,1,0,11,0,2,0,40,0,3,0,2,0,2,0,4,2,35.73782333333333,139.74087444444444,3,3,9999,0,9,0
1,30,549,103,2,0,1,30000,0,116,2023,9,30,13,35,12,5,34,17,27,1,1,1,14,7,0,0,0,0,2,9,1,70,5,4,1,75,55,3,61,31,0,1,0,1,0,11,0,10,0,40,0,4,0,2,0,2,0,4,2,35.733235,139.72297472222223,7,3,325,0,1,0
1,30,549,104,2,0,1,30340,0,116,2023,9,27,13,15,12,5,32,17,32,1,1,1,1,7,9,22,0,0,14,9,30,70,4,2,1,65,25,3,61,31,0,1,0,1,0,11,0,2,0,10,0,3,0,2,0,2,0,4,2,35.7338575,139.7299136111111,4,3,9999,0,9,0
1,30,550,168,2,0,1,10090,0,116,2023,9,6,11,14,12,5,16,18,2,2,1,1,1,1,1,21,0,0,19,9,30,70,4,2,1,35,55,17,61,1,0,11,0,1,0,11,0,4,0,10,0,4,0,2,0,2,0,4,2,35.731250833333334,139.7127325,4,3,9999,0,9,0
1,30,550,169,2,0,1,30000,0,116,2023,9,6,15,52,12,5,16,18,2,1,1,1,14,7,0,0,0,0,3,8,1,70,5,2,1,1,55,36,61,31,0,31,0,0,0,11,0,1,0,10,0,4,0,0,0,0,0,4,2,35.731433055555556,139.7124638888889,4,3,9999,0,1,0
1,30,550,176,2,0,1,30000,0,116,2023,8,27,11,25,12,5,9,18,16,1,1,2,14,7,0,0,0,0,1,9,1,70,5,3,1,75,35,51,61,41,0,0,0,0,0,0,0,0,0,20,0,4,0,0,0,0,0,4,2,35.734114444444444,139.70258388888888,1,3,0,0,0,0
1,30,550,178,2,0,1,30000,0,116,2023,9,30,3,45,22,5,34,17,27,1,1,1,1,7,1,22,0,0,15,9,30,70,4,2,1,35,25,3,61,1,0,1,0,1,0,11,0,10,0,10,0,3,0,2,0,2,0,4,2,35.73047833333334,139.70709694444443,7,3,9999,0,5,0
1,30,551,140,2,0,1,30000,0,116,2023,9,1,9,20,12,5,12,18,9,1,1,1,1,7,9,22,0,0,14,9,30,70,5,2,1,45,25,14,61,1,0,11,0,1,0,11,0,10,0,30,0,3,0,2,0,2,0,4,2,35.72378555555556,139.72201611111112,6,3,9999,0,1,0
1,30,551,152,2,0,1,20420,0,116,2023,9,25,22,1,22,5,31,17,35,1,1,1,7,7,0,0,0,0,5,9,1,70,1,2,1,45,0,61,0,0,0,0,0,0,0,0,0,0,0,0,0,0,0,0,0,0,0,2,0,35.733492500000004,139.69678333333334,2,3,0,0,0,0
1,30,552,163,2,0,1,30000,0,117,2023,9,13,17,17,13,5,21,17,52,1,1,1,1,7,9,22,0,0,14,9,30,70,5,4,1,45,1,3,61,31,0,1,0,1,0,11,0,10,0,40,0,3,0,2,0,2,0,4,2,35.73801,139.76996444444447,4,3,9999,0,1,0
1,30,552,166,2,0,1,10090,0,117,2023,9,22,19,15,22,5,28,17,39,3,1,2,14,7,0,0,0,0,5,9,1,70,1,1,1,65,75,51,61,41,0,0,0,0,0,0,0,0,0,10,0,3,0,0,0,0,0,4,2,35.73811555555556,139.7704425,6,2,0,0,0,0
1,30,552,170,2,0,1,10090,0,117,2023,9,26,15,10,12,5,31,17,33,2,1,1,14,7,0,0,0,0,2,9,1,70,5,2,1,65,1,51,61,41,0,0,0,0,0,0,0,0,0,10,0,4,0,0,0,0,0,2,4,35.7481075,139.7330661111111,3,3,0,0,0,0
1,30,553,139,2,0,1,10130,0,117,2023,8,26,11,5,12,5,8,18,18,2,1,1,1,1,9,22,0,0,17,9,30,70,5,2,1,55,75,13,61,31,0,11,0,1,0,11,0,4,0,10,0,4,0,2,0,2,0,4,2,35.76812361111111,139.72932111111112,7,3,9999,0,9,0
1,30,554,160,2,0,1,1220,1,117,2023,9,1,4,55,23,5,12,18,9,1,1,1,14,7,0,0,0,0,3,9,1,70,6,1,1,25,45,13,61,31,0,11,0,1,0,11,0,4,0,10,0,3,0,2,0,2,0,4,2,35.785552777777774,139.72170194444445,6,3,9999,0,1,0
1,30,554,166,2,0,2,30370,0,117,2023,9,24,10,2,12,5,30,17,36,1,1,1,1,1,9,22,0,0,14,9,30,70,1,1,1,55,65,3,61,31,0,1,0,1,0,11,0,4,0,20,0,3,0,2,0,2,0,4,2,35.78176666666666,139.722465,1,3,9999,0,1,0
1,30,554,170,2,0,1,30000,0,117,2023,9,22,23,58,22,5,28,17,39,3,1,2,1,7,1,21,0,0,14,9,30,70,5,3,1,45,45,12,61,31,0,11,0,1,0,11,0,2,0,55,0,3,0,2,0,2,0,4,2,35.7704575,139.71537416666666,6,2,9999,0,1,0
1,30,555,271,2,0,1,30000,0,119,2023,9,5,12,38,12,5,15,18,4,1,1,1,1,7,9,22,0,0,11,9,30,70,5,1,1,25,55,51,61,41,0,0,0,0,0,0,0,0,0,10,0,3,0,0,0,0,0,4,2,35.755163333333336,139.69832444444444,3,3,0,0,0,0
1,30,555,281,2,0,1,30000,0,119,2023,7,12,20,36,22,4,34,18,59,1,1,1,14,7,0,0,0,0,1,9,1,70,5,3,1,55,75,51,61,41,0,0,0,0,0,0,0,0,0,10,0,3,0,0,0,0,0,4,2,35.750705555555555,139.71246527777777,4,3,0,0,0,0
1,30,555,285,2,0,1,10130,0,119,2023,9,25,16,40,13,5,31,17,35,1,1,1,1,1,9,22,0,0,18,9,30,70,1,1,1,45,75,17,61,31,0,11,0,2,0,11,0,4,0,80,0,4,0,2,0,2,0,4,2,35.76240555555555,139.70928416666666,2,3,9999,0,5,0
1,30,555,289,2,0,1,30000,0,119,2023,9,29,14,9,12,5,34,17,29,1,1,1,1,7,9,22,0,0,14,9,30,70,5,3,1,65,75,3,61,31,0,1,0,1,0,11,0,10,0,50,0,4,0,2,0,2,0,4,2,35.74603444444445,139.7175677777778,6,3,9999,0,9,0
1,30,556,195,2,0,1,30000,0,119,2023,7,24,9,15,12,4,42,18,52,1,1,1,14,7,0,0,0,0,2,9,1,70,5,4,1,65,35,3,61,31,0,1,0,1,0,11,0,1,0,80,0,3,0,2,0,2,0,4,2,35.768705555555556,139.69871916666668,2,3,9999,0,9,0
1,30,556,196,2,0,1,10200,0,119,2023,9,4,21,40,22,5,15,18,5,3,1,2,1,1,9,22,0,0,17,9,30,70,1,1,1,25,1,33,61,31,0,0,0,0,0,11,0,5,0,10,0,2,0,0,0,0,0,4,2,35.78191805555556,139.70033666666666,2,3,9999,0,1,0
1,30,556,201,2,0,1,30000,0,119,2023,9,9,9,32,12,5,18,17,58,3,1,2,1,1,9,22,0,0,15,9,30,70,1,1,1,65,55,14,61,1,0,11,0,1,0,11,0,2,0,50,0,3,0,2,0,2,0,4,2,35.786724166666666,139.67815222222222,7,3,9999,0,9,0
1,30,556,209,2,0,1,30000,0,119,2023,9,27,10,25,12,5,32,17,32,1,1,1,1,7,1,21,0,0,11,9,30,70,5,1,1,65,75,17,61,1,0,11,0,1,0,11,0,1,0,10,0,3,0,2,0,2,0,4,2,35.774654444444444,139.68521305555555,4,3,9999,0,9,0
1,30,556,210,2,0,1,30000,0,119,2023,9,28,16,35,13,5,33,17,30,1,1,1,14,7,0,0,0,0,3,9,1,70,4,1,1,35,1,14,61,1,0,11,0,1,0,11,0,3,0,40,0,3,0,2,0,2,0,4,2,35.78883722222222,139.67984333333334,5,3,9999,0,1,0
1,30,557,207,2,0,1,30000,0,120,2023,9,1,16,43,12,5,12,18,9,1,1,1,14,7,0,0,0,0,2,9,1,70,5,2,1,65,55,51,61,41,0,0,0,0,0,0,0,0,0,10,0,4,0,0,0,0,0,4,2,35.75166472222222,139.63937694444445,6,3,0,0,0,0
1,30,557,214,2,0,1,20430,0,120,2023,9,22,18,25,21,5,28,17,39,3,1,2,1,1,9,22,0,0,15,9,30,70,4,1,1,35,55,3,61,31,0,1,0,1,0,11,0,3,0,10,0,3,0,2,0,2,0,4,2,35.736354444444444,139.6390375,6,2,9999,0,1,0
1,30,557,216,2,0,1,30000,0,120,2023,8,31,17,4,12,5,12,18,11,1,1,1,14,7,0,0,0,0,2,9,1,70,5,3,1,25,35,4,61,31,0,1,0,1,0,11,0,2,0,40,0,3,0,2,0,2,0,4,2,35.739400833333335,139.66428000000002,5,3,9999,0,1,0
1,30,557,218,2,0,1,30000,0,120,2023,9,30,17,55,21,5,34,17,27,1,1,1,1,1,9,22,0,0,15,9,30,70,4,1,1,45,1,3,61,31,0,1,0,1,0,11,0,2,0,10,0,4,0,2,0,2,0,4,2,35.732332500000005,139.65444305555556,7,3,9999,0,9,0
1,30,558,252,1,1,0,20000,0,120,2023,9,17,2,58,22,5,24,17,46,1,1,1,7,1,0,0,0,0,3,9,1,70,4,1,1,45,25,13,61,31,0,11,0,1,0,11,0,3,0,80,0,3,0,2,0,2,0,4,1,35.736224444444446,139.5997375,1,2,9999,0,5,0
1,30,558,273,2,0,1,20230,0,120,2023,7,4,8,10,12,4,30,19,1,1,1,1,1,1,9,22,0,0,14,9,30,70,4,2,1,45,1,11,61,31,0,11,0,2,0,11,0,3,0,70,0,3,0,2,0,2,0,4,2,35.72023666666667,139.58264777777777,3,3,9999,0,5,0
1,30,559,180,2,0,1,30920,0,119,2023,9,22,0,16,22,5,28,17,39,3,1,2,14,7,0,0,0,0,3,9,1,70,4,2,1,65,75,34,61,31,0,0,0,0,0,11,0,3,0,20,0,3,0,0,0,0,0,4,2,35.77532611111111,139.6642763888889,6,2,9999,0,9,0
1,30,559,181,2,0,1,95000,0,119,2023,4,5,20,15,22,5,23,18,5,1,1,1,1,1,9,22,0,0,18,9,30,70,4,1,1,25,55,51,61,41,0,0,0,0,0,0,0,0,0,10,0,3,0,0,0,0,0,4,2,35.769265,139.66140166666668,4,3,0,0,0,0
1,30,559,182,2,0,1,30000,0,119,2023,9,22,11,0,12,5,28,17,39,1,1,1,1,7,9,22,0,0,15,9,30,70,5,3,1,55,55,12,61,1,0,11,0,2,0,11,0,10,0,40,0,4,0,2,0,2,0,4,2,35.778261666666666,139.6310936111111,6,2,9999,0,1,0
1,30,559,186,2,0,1,30000,0,119,2023,9,27,17,55,21,5,32,17,32,1,1,1,1,7,1,21,0,0,15,9,30,70,5,3,1,65,65,3,61,31,0,1,0,1,0,11,0,10,0,10,0,3,0,2,0,2,0,4,2,35.7954775,139.6447447222222,4,3,9999,0,9,0
1,30,560,195,2,0,1,20510,0,120,2023,5,9,20,47,22,4,42,18,34,1,1,1,14,7,0,0,0,0,1,9,1,70,5,2,1,65,0,61,0,0,0,0,0,0,0,0,0,0,0,0,0,0,0,0,0,0,0,2,0,35.76087805555556,139.62036361111112,3,3,0,0,0,0
1,30,560,215,2,0,1,30000,0,120,2023,6,23,17,50,12,4,26,19,0,2,1,1,21,7,0,0,0,0,3,9,20,70,5,4,1,55,1,36,61,31,0,0,0,0,0,11,0,2,0,10,0,4,0,0,0,0,0,4,2,35.76752916666666,139.6671686111111,6,3,9999,0,4,0
1,30,560,218,2,0,1,30000,0,120,2023,9,9,10,47,12,5,18,17,58,3,1,2,1,7,9,22,0,0,11,9,30,70,5,3,1,55,75,3,61,1,0,1,0,1,0,11,0,2,0,30,0,3,0,2,0,2,0,4,2,35.75687972222222,139.61710638888889,7,3,9999,0,9,0
1,30,660,131,2,0,1,20390,0,106,2023,9,1,9,45,12,5,12,18,9,1,1,1,1,7,9,22,0,0,18,9,30,70,4,2,1,35,25,3,61,1,0,1,0,1,0,11,0,3,0,10,0,3,0,2,0,2,0,4,2,35.707347500000004,139.77915055555556,6,3,9999,0,5,0
1,30,660,133,2,0,1,30000,0,106,2023,9,5,13,57,12,5,15,18,4,1,1,1,14,7,0,0,0,0,2,9,1,1,5,3,1,55,0,61,0,0,0,0,0,0,0,0,0,0,0,0,0,0,0,0,0,0,0,2,0,35.70236083333334,139.77635444444445,3,3,0,0,0,0
1,30,660,134,2,0,1,40,30,106,2023,9,10,3,10,22,5,19,17,57,1,1,1,14,7,0,0,0,0,4,9,1,70,1,1,1,25,0,61,0,0,0,0,0,0,0,0,0,0,0,0,0,0,0,0,0,0,0,2,0,35.708804722222226,139.77624694444447,1,3,0,0,0,0
1,30,660,139,2,0,1,20390,0,106,2023,9,15,10,55,12,5,23,17,49,2,1,1,7,7,0,0,0,0,5,9,1,70,4,1,1,25,75,14,61,1,0,11,0,1,0,11,0,4,0,10,0,3,0,2,0,2,0,4,2,35.70738194444445,139.7791711111111,6,3,9999,0,5,0
1,30,660,144,2,0,1,20390,0,106,2023,9,22,17,0,13,5,28,17,39,3,1,2,1,1,9,22,0,0,19,9,30,70,4,2,1,45,55,3,61,31,0,1,0,1,0,11,0,3,0,80,0,4,0,2,0,2,0,4,2,35.70787888888889,139.7731141666667,6,2,9999,0,9,0
1,30,660,148,2,0,1,30000,0,106,2023,9,14,12,30,12,5,22,17,51,1,1,1,14,7,0,0,0,0,2,9,1,70,5,4,1,25,0,61,0,0,0,0,0,0,0,0,0,0,0,0,0,0,0,0,0,0,0,2,0,35.71568861111111,139.7683613888889,5,3,0,0,0,0
1,30,662,120,1,1,0,30000,0,106,2023,9,27,20,56,22,5,32,17,32,1,1,1,1,1,9,22,0,0,15,9,30,70,5,2,1,55,55,3,61,31,0,1,0,1,0,11,0,2,0,10,0,3,0,2,0,2,0,4,1,35.72626527777778,139.80299166666668,4,3,9999,0,9,0
1,30,663,119,2,0,1,60,29,106,2023,9,9,8,40,12,5,18,17,58,3,1,2,1,1,9,22,0,0,19,9,30,70,1,1,1,45,25,3,61,31,0,1,0,1,0,11,0,5,0,10,0,4,0,2,0,2,0,4,2,35.703588333333336,139.79135861111112,7,3,9999,0,1,0
1,30,663,124,2,0,1,30000,0,106,2023,9,28,14,47,12,5,33,17,30,1,1,1,14,7,0,0,0,0,2,9,1,70,5,3,1,55,75,3,61,1,0,1,0,1,0,11,0,2,0,40,0,4,0,2,0,2,0,4,2,35.70547083333334,139.78365916666667,5,3,9999,0,9,0
1,30,666,90,2,0,1,10710,0,118,2023,8,27,19,30,22,5,9,18,16,1,1,1,7,7,0,0,0,0,4,9,1,70,1,1,1,75,55,51,61,41,0,0,0,0,0,0,0,0,0,40,0,4,0,0,0,0,0,4,2,35.72960944444445,139.77179805555556,1,3,0,0,0,0
1,30,666,97,2,0,1,10340,0,118,2023,9,10,16,17,12,5,19,17,57,1,1,1,14,7,0,0,0,0,3,9,1,70,4,1,1,45,25,3,61,31,0,1,0,1,0,11,0,3,0,30,0,4,0,2,0,2,0,4,2,35.72634861111111,139.7788025,1,3,9999,0,1,0
1,30,668,455,2,0,1,30000,0,121,2023,9,4,7,50,12,5,15,18,5,3,1,2,1,7,1,21,0,0,15,9,30,70,5,3,1,55,25,3,61,31,0,1,0,1,0,11,0,2,0,10,0,3,0,2,0,2,0,4,2,35.756149444444446,139.75831444444444,2,3,9999,0,9,0
1,30,668,481,2,0,1,30000,0,121,2023,9,14,16,40,12,5,22,17,51,1,1,1,14,7,0,0,0,0,3,9,1,70,5,3,1,45,25,3,61,31,0,1,0,1,0,11,0,2,0,40,0,3,0,2,0,2,0,4,2,35.78890055555556,139.77322611111111,5,3,9999,0,5,0