資料区分,都道府県コード,警察署等コード,本票番号,事故内容,死者数,負傷者数,路線コード,地点コード,市区町村コード,発生日時　　年,発生日時　　月,発生日時　　日,発生日時　　時,発生日時　　分,昼夜,日の出時刻　　時,日の出時刻　　分,日の入り時刻　　時,日の入り時刻　　分,天候,地形,路面状態,道路形状,信号機,一時停止規制　標識（当事者A）,一時停止規制　表示（当事者A）,一時停止規制　標識（当事者B）,一時停止規制　表示（当事者B）,車道幅員,道路線形,衝突地点,ゾーン規制,中央分離帯施設等,歩車道区分,事故類型,年齢（当事者A）,年齢（当事者B）,当事者種別（当事者A）,当事者種別（当事者B）,用途別（当事者A）,用途別（当事者B）,車両形状等（当事者A）,車両形状等（当事者B）,オートマチック車（当事者A）,オートマチック車（当事者B）,サポカー（当事者A）,サポカー（当事者B）,速度規制（指定のみ）（当事者A）,速度規制（指定のみ）（当事者B）,車両の衝突部位（当事者A）,車両の衝突部位（当事者B）,車両の損壊程度（当事者A）,車両の損壊程度（当事者B）,エアバッグの装備（当事者A）,エアバッグの装備（当事者B）,サイドエアバッグの装備（当事者A）,サイドエアバッグの装備（当事者B）,人身損傷程度（当事者A）,人身損傷程度（当事者B）,lat,lon,曜日(発生年月日),祝日(発生年月日),認知機能検査経過日数（当事者A）,認知機能検査経過日数（当事者B）,運転練習の方法（当事者A）,運転練習の方法（当事者B）
1,30,668,503,2,0,1,30000,0,121,2023,9,21,9,40,12,5,28,17,41,1,1,1,1,7,9,22,0,0,11,9,30,70,5,4,1,55,35,3,61,31,0,1,0,1,0,11,0,10,0,40,0,3,0,2,0,2,0,4,2,35.77316638888889,139.7381313888889,5,3,9999,0,5,0
1,30,669,422,2,0,1,30000,0,121,2023,9,5,12,25,12,5,15,18,4,1,1,1,1,7,9,22,0,0,15,9,30,70,5,2,1,45,75,3,61,31,0,1,0,1,0,11,0,3,0,50,0,4,0,2,0,2,0,4,2,35.761498055555556,139.82417611111111,3,3,9999,0,9,0
1,30,669,423,2,0,1,30000,0,121,2023,9,7,11,45,12,5,17,18,1,2,1,1,1,7,9,22,0,0,14,9,30,70,4,2,1,65,75,35,61,31,0,0,0,0,0,11,0,2,0,10,0,4,0,0,0,0,0,4,2,35.78010916666666,139.8395188888889,5,3,9999,0,5,0
1,30,669,434,2,0,1,30460,0,121,2023,9,13,0,0,22,5,21,17,52,1,1,1,14,7,0,0,0,0,5,9,1,70,4,2,1,45,25,4,61,31,0,1,0,1,0,11,0,10,0,10,0,4,0,2,0,2,0,4,2,35.78673805555555,139.81053916666667,4,3,9999,0,1,0
1,30,669,438,2,0,1,99000,0,121,2023,9,14,21,10,22,5,22,17,51,1,1,1,0,7,0,0,0,0,0,0,20,70,0,4,1,1,25,51,61,41,0,0,0,0,0,0,0,0,0,40,0,3,0,0,0,0,0,4,2,35.78991805555555,139.84379916666668,5,3,0,0,0,0
1,30,669,440,2,0,1,20000,0,121,2023,9,15,7,40,12,5,23,17,49,1,1,1,12,7,0,0,0,0,1,9,1,70,5,2,1,1,35,51,61,41,0,0,0,0,0,0,0,0,0,10,0,3,0,0,0,0,0,4,2,35.77802611111111,139.84999222222223,6,3,0,0,0,0
1,30,669,443,2,0,1,10130,0,121,2023,8,21,15,0,12,5,4,18,24,1,1,1,1,1,9,22,0,0,18,9,30,70,1,2,1,25,75,51,61,41,0,0,0,0,0,0,0,0,0,10,0,3,0,0,0,0,0,4,2,35.77855777777778,139.81106111111112,2,3,0,0,0,0
1,30,669,444,2,0,1,30000,0,121,2023,9,8,6,10,11,5,18,18,0,3,1,2,1,7,1,21,0,0,11,9,30,70,5,1,1,35,45,4,61,31,0,1,0,1,0,11,0,10,0,10,0,4,0,2,0,2,0,4,2,35.763914722222225,139.82098527777777,6,3,9999,0,1,0
1,30,669,453,2,0,1,30000,0,122,2023,9,22,17,50,21,5,28,17,39,2,1,2,1,1,9,22,0,0,11,9,30,70,4,2,1,25,75,3,61,31,0,1,0,1,0,11,0,3,0,80,0,3,0,2,0,2,0,4,2,35.760536944444446,139.82413777777776,6,2,9999,0,1,0
1,30,669,470,2,0,1,30000,0,121,2023,9,9,6,50,12,5,18,17,58,2,1,1,14,7,0,0,0,0,3,9,1,70,5,3,1,25,35,3,61,31,0,1,0,1,0,11,0,3,0,40,0,4,0,2,0,2,0,4,2,35.764451111111114,139.80810027777778,7,3,9999,0,5,0
1,30,669,471,2,0,1,30000,0,121,2023,9,14,8,8,12,5,22,17,51,1,1,1,7,1,0,0,0,0,1,9,1,70,4,3,1,65,35,3,61,31,0,1,0,1,0,11,0,1,0,40,0,3,0,2,0,2,0,4,2,35.765164444444444,139.80846250000002,5,3,9999,0,9,0
1,30,670,296,2,0,1,30000,0,121,2023,9,5,15,33,12,5,15,18,4,1,1,1,14,7,0,0,0,0,1,9,1,70,5,3,1,55,1,4,61,31,0,1,0,1,0,11,0,10,0,10,0,3,0,2,0,2,0,4,2,35.79977638888889,139.8160177777778,3,3,9999,0,9,0
1,30,771,376,2,0,1,20690,0,108,2023,9,14,12,0,12,5,22,17,51,1,1,1,1,7,9,22,0,0,17,9,30,70,5,2,1,25,35,14,61,31,0,11,0,1,0,11,0,1,0,80,0,3,0,2,0,2,0,4,2,35.68385194444444,139.8159977777778,5,3,9999,0,1,0
1,30,771,377,2,0,1,10060,0,108,2023,9,14,15,50,12,5,22,17,51,1,1,1,7,7,0,0,0,0,5,9,1,70,4,2,1,35,35,51,61,41,0,0,0,0,0,0,0,0,0,10,0,4,0,0,0,0,0,4,2,35.68815222222222,139.7984661111111,5,3,0,0,0,0
1,30,771,378,2,0,1,10350,0,108,2023,9,14,16,45,12,5,22,17,51,1,1,1,1,1,9,22,0,0,15,9,30,70,4,2,1,25,35,1,61,1,0,1,0,1,0,11,0,4,0,40,0,3,0,2,0,2,0,4,2,35.675730277777774,139.81577611111112,5,3,9999,0,5,0
1,30,771,385,2,0,1,30000,0,108,2023,9,23,9,49,12,5,29,17,38,3,1,2,1,7,9,22,0,0,14,9,30,70,4,2,1,25,75,3,61,1,0,1,0,1,0,11,0,2,0,10,0,3,0,2,0,2,0,4,2,35.65556972222222,139.7989188888889,7,1,9999,0,1,0
1,30,771,389,2,0,1,10040,0,108,2023,9,25,8,25,12,5,31,17,35,2,1,1,14,7,0,0,0,0,4,9,1,70,3,1,1,35,1,51,61,41,0,0,0,0,0,0,0,0,0,10,0,3,0,0,0,0,0,4,2,35.67289833333333,139.79339638888888,2,3,0,0,0,0
1,30,771,393,2,0,1,10040,0,108,2023,9,27,15,45,12,5,32,17,32,1,1,1,1,1,9,22,0,0,17,9,30,70,5,2,1,45,55,13,61,1,0,11,0,1,0,11,0,5,0,10,0,3,0,2,0,2,0,4,2,35.66943055555555,139.81649166666668,4,3,9999,0,9,0
1,30,772,316,2,0,1,20650,0,108,2023,9,8,10,24,12,5,18,18,0,3,1,2,1,1,8,22,0,0,19,9,30,70,4,2,1,65,35,3,61,1,0,1,0,1,0,11,0,4,0,10,0,4,0,2,0,2,0,4,2,35.68990194444444,139.83597277777778,6,3,9999,0,9,0
1,30,772,319,2,0,1,10090,0,108,2023,9,9,13,30,12,5,18,17,58,1,1,1,14,7,0,0,0,0,4,8,1,70,4,2,1,1,1,51,61,41,0,0,0,0,0,0,0,0,0,10,0,4,0,0,0,0,0,4,2,35.684597777777775,139.82684055555555,7,3,0,0,0,0
1,30,772,322,2,0,1,10060,0,108,2023,9,11,17,0,13,5,20,17,55,1,1,1,1,1,9,22,0,0,15,9,30,70,4,1,1,45,75,22,61,0,0,0,0,0,0,11,0,4,0,20,0,3,0,0,0,0,0,4,2,35.68925333333333,139.82639694444444,2,3,9999,0,9,0
1,30,772,327,2,0,1,30000,0,108,2023,9,4,0,20,22,5,15,18,5,3,1,2,1,7,9,22,0,0,15,9,30,70,5,3,1,1,55,51,61,41,0,0,0,0,0,0,0,0,0,10,0,3,0,0,0,0,0,4,2,35.69802583333333,139.82830277777776,2,3,0,0,0,0
1,30,772,331,2,0,1,140,72,108,2023,8,19,19,36,22,5,2,18,27,1,1,1,1,1,9,22,0,0,14,9,30,70,4,2,1,25,75,51,61,41,0,0,0,0,0,0,0,0,0,10,0,3,0,0,0,0,0,4,2,35.69760722222222,139.8436475,7,3,0,0,0,0
1,30,772,337,2,0,1,30000,0,108,2023,9,20,13,17,12,5,27,17,42,1,1,1,1,7,9,22,0,0,11,9,30,70,5,3,1,65,1,14,61,31,0,11,0,1,0,11,0,1,0,10,0,3,0,2,0,2,0,4,2,35.681104166666664,139.84203083333335,4,3,9999,0,9,0
1,30,772,339,2,0,2,30000,0,108,2023,9,21,10,30,12,5,28,17,41,2,1,1,14,7,0,0,0,0,1,9,1,70,5,2,1,45,75,17,61,31,0,11,0,2,0,11,0,10,0,10,0,3,0,2,0,2,0,4,2,35.6658,139.8345513888889,5,3,9999,0,9,0
1,30,772,354,2,0,1,10040,0,108,2023,7,15,9,27,12,4,36,18,57,2,1,1,1,1,9,22,0,0,18,9,30,70,4,1,1,35,65,51,61,41,0,0,0,0,0,0,0,0,0,10,0,4,0,0,0,0,0,4,2,35.669889999999995,139.82080277777777,7,3,0,0,0,0
1,30,773,274,2,0,1,30000,0,107,2023,7,28,17,35,12,4,45,18,49,1,1,1,14,7,0,0,0,0,3,9,1,70,5,2,1,45,1,13,61,31,0,11,0,1,0,11,0,2,0,40,0,4,0,2,0,2,0,4,2,35.717192222222224,139.80913777777778,6,3,9999,0,1,0
1,30,773,286,2,0,1,30000,0,107,2023,9,8,3,3,22,5,18,18,0,3,1,2,1,7,9,22,0,0,11,9,30,70,5,3,1,25,35,3,61,31,0,1,0,1,0,11,0,10,0,10,0,3,0,2,0,2,0,4,2,35.70219277777778,139.8155436111111,6,3,9999,0,1,0
1,30,773,291,2,0,1,30000,0,107,2023,9,17,11,35,12,5,24,17,46,1,1,1,7,7,0,0,0,0,3,9,1,70,4,2,1,35,55,14,61,1,0,11,0,1,0,11,0,2,0,20,0,3,0,2,0,2,0,4,2,35.69531083333333,139.7948761111111,1,2,9999,0,1,0
1,30,774,165,2,0,1,30490,0,107,2023,9,10,15,8,12,5,19,17,57,1,1,1,1,7,1,21,0,0,14,9,30,70,5,2,1,65,55,3,61,31,0,1,0,1,0,11,0,3,0,80,0,4,0,2,0,2,0,4,2,35.727040555555554,139.82539083333333,1,3,9999,0,9,0
1,30,775,256,2,0,1,30000,0,122,2023,9,15,21,40,22,5,23,17,49,2,1,1,14,7,0,0,0,0,1,9,1,70,5,4,1,55,75,17,61,31,0,11,0,1,0,11,0,5,0,50,0,3,0,2,0,2,0,4,2,35.75098555555556,139.82377166666666,6,3,9999,0,3,0
1,30,775,259,2,0,1,30000,0,122,2023,9,17,18,0,21,5,24,17,46,1,1,1,13,7,0,0,0,0,2,6,1,70,5,1,1,25,75,34,61,31,0,0,0,0,0,11,0,2,0,20,0,3,0,0,0,0,0,4,2,35.79002833333333,139.85564888888888,1,2,9999,0,5,0
1,30,775,262,2,0,1,30000,0,122,2023,9,21,8,0,12,5,28,17,41,2,1,1,14,7,0,0,0,0,1,9,1,70,4,2,1,55,55,52,61,41,0,0,0,0,0,0,0,0,0,10,0,3,0,0,0,0,0,4,2,35.75774305555556,139.8484852777778,5,3,0,0,0,0
1,30,775,263,2,0,1,10130,0,122,2023,9,21,10,48,12,5,28,17,41,2,1,1,14,7,0,0,0,0,2,9,1,70,1,2,1,25,55,52,61,41,0,0,0,0,0,0,0,0,0,10,0,3,0,0,0,0,0,4,2,35.75348638888889,139.85598194444444,5,3,0,0,0,0
1,30,775,267,2,0,1,60,114,122,2023,4,7,21,23,22,5,20,18,7,3,1,2,1,1,9,22,0,0,19,9,30,70,4,2,1,25,25,35,61,31,0,0,0,0,0,11,0,5,0,10,0,3,0,0,0,0,0,4,2,35.757626944444446,139.8546961111111,6,3,9999,0,5,0
1,30,776,301,2,0,1,30000,0,122,2023,9,1,15,20,12,5,12,18,9,1,1,1,1,7,9,22,0,0,15,9,30,70,4,2,1,75,35,3,61,31,0,1,0,1,0,11,0,3,0,10,0,3,0,2,0,2,0,4,2,35.74067138888889,139.87294916666667,6,3,967,0,9,0
1,30,776,302,2,0,1,30000,0,122,2023,9,3,8,55,12,5,14,18,7,1,1,1,14,7,0,0,0,0,2,9,1,70,4,3,1,45,75,3,61,31,0,1,0,1,0,11,0,3,0,10,0,3,0,2,0,2,0,4,2,35.736667777777775,139.86302583333332,1,3,9999,0,1,0
1,30,776,313,2,0,1,30000,0,122,2023,9,14,8,55,12,5,22,17,51,1,1,1,1,1,9,22,0,0,11,9,30,70,4,2,1,35,35,51,61,41,0,0,0,0,0,0,0,0,0,40,0,3,0,0,0,0,0,4,2,35.74456722222222,139.85365861111111,5,3,0,0,0,0
1,30,776,323,2,0,1,30000,0,122,2023,9,13,19,34,22,5,21,17,52,1,1,1,14,7,0,0,0,0,4,9,1,70,5,4,1,35,0,61,0,0,0,0,0,0,0,0,0,0,0,0,0,0,0,0,0,0,0,2,0,35.71619916666667,139.85897916666667,4,3,0,0,0,0
1,30,777,515,2,0,1,30520,0,123,2023,9,4,19,40,22,5,15,18,5,2,1,1,1,1,9,22,0,0,18,9,30,70,4,1,1,1,25,3,61,31,0,1,0,1,0,11,0,2,0,40,0,3,0,2,0,2,0,4,2,35.68335361111111,139.8878897222222,2,3,9999,0,1,0
1,30,777,531,2,0,1,30000,0,123,2023,9,13,5,44,11,5,21,17,52,1,1,1,7,7,0,0,0,0,3,9,1,70,5,3,1,55,25,3,61,31,0,1,0,1,0,11,0,10,0,10,0,3,0,2,0,2,0,4,2,35.70610666666667,139.9030936111111,4,3,9999,0,9,0
1,30,777,553,2,0,1,99000,0,107,2023,9,28,18,23,21,5,33,17,30,1,1,1,0,7,0,0,0,0,0,0,20,70,0,4,1,1,35,51,61,41,0,0,0,0,0,0,0,0,0,10,0,4,0,0,0,0,0,4,2,35.70050555555556,139.86137499999998,5,3,0,0,0,0
1,30,777,554,2,0,1,30000,0,123,2023,9,16,9,20,12,5,24,17,48,1,1,1,1,1,9,22,0,0,15,9,30,70,4,2,1,45,75,51,61,41,0,0,0,0,0,0,0,0,0,20,0,3,0,0,0,0,0,4,2,35.69090361111111,139.88040333333333,7,3,0,0,0,0
1,30,777,556,2,0,1,30000,0,123,2023,9,30,12,20,12,5,34,17,27,1,1,1,14,7,0,0,0,0,1,9,1,70,5,2,1,25,75,3,61,31,0,1,0,1,0,11,0,5,0,30,0,3,0,2,0,2,0,4,2,35.70344777777778,139.86471416666666,7,3,9999,0,5,0
1,30,777,561,2,0,1,30000,0,123,2023,9,9,14,45,12,5,18,17,58,1,1,1,14,7,0,0,0,0,3,9,1,70,5,3,1,55,55,4,61,31,0,1,0,1,0,11,0,10,0,10,0,3,0,2,0,2,0,4,2,35.706608333333335,139.90277500000002,7,3,9999,0,1,0
1,30,778,196,2,0,1,99000,0,123,2023,9,6,8,37,12,5,16,18,2,2,1,1,0,7,0,0,0,0,0,0,20,70,0,4,1,55,45,11,61,1,0,11,0,2,0,11,0,10,0,20,0,4,0,2,0,2,0,4,2,35.708510555555556,139.88632388888888,4,3,9999,0,3,0
1,30,778,206,2,0,1,30000,0,123,2023,9,13,9,50,12,5,21,17,52,1,1,1,1,7,9,22,0,0,15,9,30,70,5,3,1,55,55,3,61,31,0,1,0,1,0,11,0,2,0,80,0,3,0,2,0,2,0,4,2,35.723240000000004,139.87123416666668,4,3,9999,0,9,0
1,30,778,216,2,0,1,30000,0,123,2023,9,21,10,36,12,5,28,17,41,2,1,1,14,7,0,0,0,0,2,9,1,70,5,4,1,45,25,3,61,31,0,1,0,1,0,11,0,5,0,20,0,4,0,2,0,2,0,4,2,35.719232500000004,139.86917305555556,5,3,9999,0,9,0
1,30,779,181,2,0,1,30000,0,123,2023,9,4,17,15,13,5,15,18,5,1,1,1,1,7,1,21,0,0,11,9,30,70,5,2,1,35,65,3,61,31,0,1,0,1,0,11,0,2,0,10,0,3,0,2,0,2,0,4,2,35.65988888888889,139.86680416666667,2,3,9999,0,1,0
1,30,779,199,2,0,1,30000,0,123,2023,9,19,15,48,12,5,26,17,44,1,1,1,14,7,0,0,0,0,3,9,1,70,5,3,1,35,35,3,61,31,0,1,0,1,0,11,0,2,0,40,0,4,0,2,0,2,0,4,2,35.66399194444444,139.85815305555556,3,3,9999,0,1,0
1,30,779,200,2,0,1,30000,0,123,2023,9,29,10,45,12,5,34,17,29,1,1,1,1,1,9,22,0,0,15,9,30,70,4,2,1,45,25,3,61,31,0,1,0,1,0,11,0,3,0,20,0,3,0,2,0,2,0,4,2,35.66180833333333,139.87780111111113,6,3,9999,0,5,0
1,30,876,276,2,0,1,99000,0,209,2023,9,5,17,30,13,5,15,18,4,1,1,1,0,7,0,0,0,0,0,0,20,70,0,4,1,65,45,3,61,31,0,1,0,1,0,11,0,10,0,10,0,3,0,2,0,2,0,4,2,35.60429333333334,139.36023805555556,3,3,9999,0,9,0
1,30,876,294,2,0,1,30000,0,201,2023,9,21,8,52,12,5,28,17,41,2,1,1,1,1,9,22,0,0,15,9,30,70,4,2,1,35,25,3,61,31,0,1,0,1,0,11,0,10,0,10,0,3,0,2,0,2,0,4,2,35.61591888888889,139.39391083333334,5,3,9999,0,5,0
1,30,877,312,2,0,1,30000,0,201,2023,7,25,7,40,12,4,43,18,52,1,1,1,1,7,1,21,0,0,15,9,30,70,4,2,1,65,65,3,61,31,0,1,0,1,0,11,0,3,0,10,0,3,0,2,0,2,0,4,2,35.67299527777777,139.2752538888889,3,3,9999,0,9,0
1,30,877,313,2,0,1,30000,0,201,2023,7,25,18,10,13,4,43,18,52,1,3,1,1,1,9,22,0,0,15,9,30,70,4,2,1,45,45,4,61,31,0,1,0,1,0,11,0,3,0,20,0,3,0,2,0,2,0,4,2,35.656953055555554,139.29827527777778,3,3,9999,0,1,0
1,30,877,314,2,0,1,30000,0,201,2023,8,30,9,20,12,5,11,18,12,1,1,1,1,7,1,22,0,0,14,9,30,70,4,4,1,35,65,3,61,31,0,1,0,1,0,11,0,2,0,10,0,3,0,2,0,2,0,4,2,35.64563305555556,139.30915722222224,4,3,9999,0,1,0
1,30,877,326,2,0,1,20740,0,201,2023,9,9,9,25,12,5,18,17,58,3,2,2,7,1,0,0,0,0,4,9,1,70,1,2,1,45,75,4,61,31,0,1,0,1,0,11,0,3,0,80,0,4,0,2,0,2,0,4,2,35.664366666666666,139.28655527777778,7,3,9999,0,1,0
1,30,877,335,2,0,1,30000,0,201,2023,9,14,11,4,12,5,22,17,51,1,2,1,14,7,0,0,0,0,4,9,1,70,5,2,1,75,35,3,61,31,0,1,0,1,0,11,0,2,0,10,0,3,0,2,0,2,0,4,2,35.642361666666666,139.28164333333334,5,3,51,0,9,0
1,30,877,344,2,0,1,99000,0,201,2023,9,25,8,45,12,5,31,17,35,1,2,1,0,7,0,0,0,0,0,0,20,70,0,4,1,45,55,13,61,31,0,11,0,1,0,11,0,10,0,30,0,3,0,2,0,2,0,4,2,35.67337361111111,139.29562666666666,2,3,9999,0,1,0
1,30,878,340,2,0,1,30000,0,224,2023,9,4,23,30,22,5,15,18,5,3,1,2,1,1,9,22,0,0,19,9,30,70,1,2,1,35,1,14,61,1,0,11,0,1,0,11,0,3,0,10,0,3,0,2,0,2,0,4,2,35.634721666666664,139.44235805555556,2,3,9999,0,5,0
1,30,878,343,2,0,1,30000,0,224,2023,9,6,9,8,12,5,16,18,2,1,2,1,1,1,9,22,0,0,15,9,30,70,5,1,1,75,75,14,61,31,0,11,0,1,0,11,0,5,0,10,0,3,0,2,0,2,0,4,2,35.639739444444444,139.43373722222222,4,3,520,0,9,0
1,30,878,346,2,0,1,30000,0,224,2023,9,9,19,20,22,5,18,17,58,2,3,1,14,7,0,0,0,0,2,9,1,70,4,2,1,55,75,51,61,41,0,0,0,0,0,0,0,0,0,40,0,4,0,0,0,0,0,4,2,35.6486925,139.4379,7,3,0,0,0,0
1,30,878,351,2,0,1,10610,0,225,2023,8,23,17,25,13,5,6,18,22,1,3,1,1,1,9,22,0,0,18,9,30,70,1,2,1,1,1,51,61,41,0,0,0,0,0,0,0,0,0,10,0,3,0,0,0,0,0,4,2,35.63809805555555,139.5053313888889,4,3,0,0,0,0
1,30,878,360,2,0,1,30000,0,224,2023,9,17,18,10,21,5,24,17,46,1,2,1,1,1,9,22,0,0,18,9,30,70,1,2,1,55,25,3,61,31,0,1,0,1,0,11,0,4,0,10,0,2,0,2,0,2,0,4,2,35.624448055555554,139.42619888888888,1,2,9999,0,5,0
1,30,878,368,2,0,1,30000,0,224,2023,9,26,19,6,22,5,31,17,33,1,2,1,1,1,9,22,0,0,14,9,30,70,5,2,1,55,1,3,61,31,0,1,0,1,0,11,0,3,0,10,0,3,0,2,0,2,0,4,2,35.620174444444444,139.4446275,3,3,9999,0,9,0
1,30,879,363,2,0,1,30000,0,223,2023,9,1,6,15,12,5,12,18,9,1,2,1,14,7,0,0,0,0,2,9,1,70,5,4,1,45,65,13,61,31,0,11,0,1,0,11,0,1,0,50,0,3,0,2,0,2,0,4,2,35.75081138888889,139.38065083333333,6,3,9999,0,9,0
1,30,879,368,2,0,1,99000,0,220,2023,9,6,13,0,12,5,16,18,2,1,1,1,0,7,0,0,0,0,0,0,20,70,0,4,1,55,55,3,61,31,0,1,0,1,0,11,0,10,0,10,0,3,0,2,0,2,0,4,2,35.74661611111111,139.41708888888888,4,3,9999,0,9,0
1,30,879,379,2,0,1,30000,0,223,2023,9,15,7,30,12,5,23,17,49,1,1,1,14,7,0,0,0,0,2,9,1,70,5,4,1,1,65,3,61,31,0,1,0,1,0,11,0,10,0,10,0,4,0,2,0,2,0,4,2,35.760756944444445,139.36134888888887,6,3,9999,0,1,0
1,30,879,385,2,0,1,30000,0,220,2023,9,19,11,20,12,5,26,17,44,1,2,1,1,1,9,22,0,0,14,9,30,70,4,2,1,75,75,3,61,31,0,1,0,1,0,11,0,3,0,20,0,3,0,2,0,2,0,4,2,35.750816944444445,139.4226425,3,3,470,0,9,0
1,30,879,386,2,0,1,10240,0,223,2023,9,19,14,30,12,5,26,17,44,1,2,1,14,7,0,0,0,0,2,9,1,70,4,2,1,65,1,12,61,31,0,11,0,1,0,11,0,3,0,20,0,3,0,2,0,2,0,4,2,35.76005611111111,139.3717352777778,3,3,9999,0,9,0
1,30,879,401,2,0,1,30000,0,223,2023,9,21,18,45,22,5,28,17,41,2,1,1,14,7,0,0,0,0,1,9,1,70,5,4,1,45,55,4,61,31,0,1,0,1,0,11,0,2,0,20,0,3,0,2,0,2,0,4,2,35.74378361111111,139.3911861111111,5,3,9999,0,1,0
1,30,879,404,2,0,1,30000,0,220,2023,9,8,7,50,12,5,18,18,0,3,2,2,1,1,9,22,0,0,15,9,30,70,5,2,1,35,55,3,61,31,0,1,0,1,0,11,0,2,0,10,0,4,0,2,0,2,0,4,2,35.73903861111111,139.4382036111111,6,3,9999,0,1,0
1,30,880,155,1,1,0,30000,0,205,2023,9,19,4,24,22,5,26,17,44,1,2,1,1,1,9,22,0,0,15,9,30,70,4,2,1,65,75,11,61,1,0,11,0,1,0,11,0,3,0,40,0,3,0,2,0,2,0,4,1,35.80870722222222,139.30145666666667,3,3,9999,0,9,0
1,30,880,161,2,0,1,30000,0,205,2023,9,10,16,35,12,5,19,17,57,1,2,1,1,1,9,22,0,0,15,9,30,70,5,1,1,45,25,4,61,31,0,1,0,1,0,11,0,3,0,10,0,3,0,2,0,2,0,4,2,35.7850725,139.28830694444443,1,3,9999,0,1,0
1,30,880,164,2,0,1,99000,0,205,2023,9,18,10,45,12,5,25,17,45,1,2,1,0,7,0,0,0,0,0,0,20,70,0,4,1,45,1,3,61,31,0,1,0,1,0,11,0,10,0,30,0,3,0,2,0,2,0,4,2,35.79461194444444,139.27078305555557,2,1,9999,0,9,0
1,30,882,277,2,0,1,30000,0,228,2023,9,14,11,20,12,5,22,17,51,1,1,1,1,7,1,21,0,0,14,9,30,70,5,2,1,1,45,3,61,31,0,1,0,1,0,11,0,10,0,10,0,3,0,2,0,2,0,4,2,35.727943333333336,139.28346638888888,5,3,9999,0,9,0
1,30,882,281,2,0,1,30000,0,218,2023,9,13,18,25,21,5,21,17,52,1,1,1,14,7,0,0,0,0,1,9,1,70,5,3,1,65,75,3,61,31,0,1,0,1,0,11,0,2,0,80,0,3,0,2,0,2,0,4,2,35.733245555555555,139.33874472222223,4,3,9999,0,9,0
1,30,882,282,2,0,1,99000,0,303,2023,9,22,16,41,13,5,28,17,39,3,1,2,0,7,0,0,0,0,0,0,20,70,0,4,1,25,25,12,61,31,0,11,0,2,0,11,0,10,0,60,0,3,0,2,0,2,0,4,2,35.78810194444444,139.34557,6,2,9999,0,1,0
1,30,882,285,2,0,1,99000,0,303,2023,9,23,12,10,12,5,29,17,38,2,1,1,0,7,0,0,0,0,0,0,20,70,0,4,1,55,45,11,61,1,0,11,0,2,0,11,0,10,0,30,0,3,0,2,0,2,0,4,2,35.79309277777777,139.34441361111112,7,1,9999,0,9,0
1,30,882,287,2,0,1,10740,0,228,2023,9,27,22,35,22,5,32,17,32,1,3,1,1,7,9,22,0,0,18,9,30,70,5,2,1,55,55,14,61,1,0,11,0,1,0,11,0,4,0,12,0,3,0,2,0,2,0,4,2,35.72515277777778,139.27600472222224,4,3,9999,0,9,0
1,30,883,403,2,0,1,30000,0,201,2023,9,8,17,50,13,5,18,18,0,3,1,2,1,7,9,22,0,0,14,9,30,70,5,2,1,55,25,3,61,1,0,1,0,1,0,11,0,10,0,10,0,3,0,2,0,2,0,4,2,35.65767777777778,139.31313805555556,6,3,9999,0,9,0
1,30,883,421,2,0,1,30000,0,201,2023,9,12,20,40,22,5,21,17,54,1,1,2,13,7,0,0,0,0,1,6,1,70,5,3,1,1,55,51,61,41,0,0,0,0,0,0,0,0,0,10,0,3,0,0,0,0,0,4,2,35.651851944444445,139.3326136111111,3,3,0,0,0,0
1,30,883,423,2,0,1,30000,0,201,2023,9,14,7,30,12,5,22,17,51,1,1,1,1,7,9,22,0,0,15,9,30,70,5,1,1,45,45,35,61,31,0,0,0,0,0,11,0,2,0,10,0,3,0,0,0,0,0,4,2,35.674368888888885,139.31989222222222,5,3,9999,0,5,0
1,30,883,429,2,0,1,21150,0,201,2023,9,15,18,40,21,5,23,17,49,3,1,2,1,1,9,22,0,0,15,9,30,70,4,1,1,35,1,14,61,31,0,11,0,1,0,11,0,3,0,10,0,3,0,2,0,2,0,4,2,35.689770555555555,139.37051416666668,6,3,9999,0,1,0
1,30,883,433,2,0,1,200,467,201,2023,9,19,6,55,12,5,26,17,44,1,2,1,1,1,9,22,0,0,18,9,30,70,5,2,1,45,1,4,61,31,0,1,0,1,0,11,0,4,0,40,0,3,0,2,0,2,0,4,2,35.66037222222222,139.31724416666665,3,3,9999,0,1,0
1,30,883,437,2,0,2,30000,0,201,2023,9,21,18,5,21,5,28,17,41,2,1,1,14,7,0,0,0,0,2,9,1,70,5,3,1,45,35,3,61,31,0,1,0,1,0,11,0,1,0,20,0,3,0,2,0,2,0,4,2,35.65211222222222,139.3450552777778,5,3,9999,0,1,0
1,30,883,444,2,0,1,10460,0,201,2023,9,28,16,0,12,5,33,17,30,1,1,1,14,1,0,0,0,0,2,9,1,70,4,2,1,75,1,3,61,31,0,1,0,1,0,11,0,3,0,40,0,3,0,2,0,2,0,4,2,35.68839361111111,139.28779333333333,5,3,9999,0,9,0
1,30,883,448,2,0,1,30000,0,201,2023,9,21,8,48,12,5,28,17,41,1,1,1,14,7,0,0,0,0,2,9,1,70,5,3,1,45,1,3,61,31,0,1,0,1,0,11,0,2,0,10,0,3,0,2,0,2,0,4,2,35.692142499999996,139.29100083333333,5,3,9999,0,9,0