資料区分,都道府県コード,警察署等コード,本票番号,事故内容,死者数,負傷者数,路線コード,地点コード,市区町村コード,発生日時　　年,発生日時　　月,発生日時　　日,発生日時　　時,発生日時　　分,昼夜,日の出時刻　　時,日の出時刻　　分,日の入り時刻　　時,日の入り時刻　　分,天候,地形,路面状態,道路形状,信号機,一時停止規制　標識（当事者A）,一時停止規制　表示（当事者A）,一時停止規制　標識（当事者B）,一時停止規制　表示（当事者B）,車道幅員,道路線形,衝突地点,ゾーン規制,中央分離帯施設等,歩車道区分,事故類型,年齢（当事者A）,年齢（当事者B）,当事者種別（当事者A）,当事者種別（当事者B）,用途別（当事者A）,用途別（当事者B）,車両形状等（当事者A）,車両形状等（当事者B）,オートマチック車（当事者A）,オートマチック車（当事者B）,サポカー（当事者A）,サポカー（当事者B）,速度規制（指定のみ）（当事者A）,速度規制（指定のみ）（当事者B）,車両の衝突部位（当事者A）,車両の衝突部位（当事者B）,車両の損壊程度（当事者A）,車両の損壊程度（当事者B）,エアバッグの装備（当事者A）,エアバッグの装備（当事者B）,サイドエアバッグの装備（当事者A）,サイドエアバッグの装備（当事者B）,人身損傷程度（当事者A）,人身損傷程度（当事者B）,lat,lon,曜日(発生年月日),祝日(発生年月日),認知機能検査経過日数（当事者A）,認知機能検査経過日数（当事者B）,運転練習の方法（当事者A）,運転練習の方法（当事者B）
1,30,884,498,2,0,1,30000,0,209,2023,9,15,18,20,21,5,23,17,49,2,1,1,7,7,0,0,0,0,1,9,1,70,5,3,1,65,45,3,61,31,0,1,0,1,0,11,0,1,0,10,0,4,0,2,0,2,0,4,2,35.54534583333333,139.44455722222222,6,3,28,0,9,0
1,30,884,499,2,0,1,10610,0,209,2023,9,17,9,55,12,5,24,17,46,1,2,1,1,7,1,21,0,0,11,9,30,70,5,2,1,65,65,3,61,31,0,1,0,1,0,11,0,3,0,80,0,3,0,2,0,2,0,4,2,35.57060611111111,139.45455222222222,1,2,9999,0,9,0
1,30,884,503,2,0,1,10490,0,209,2023,9,19,10,55,12,5,26,17,44,1,1,1,1,1,9,22,0,0,14,9,30,70,4,2,1,65,75,4,61,31,0,1,0,1,0,11,0,3,0,10,0,3,0,2,0,2,0,4,2,35.55373916666667,139.43807333333334,3,3,9999,0,9,0
1,30,884,514,2,0,1,30000,0,209,2023,9,22,16,12,12,5,28,17,39,3,1,2,14,7,0,0,0,0,2,9,1,70,4,2,1,55,75,3,61,31,0,1,0,1,0,11,0,3,0,10,0,3,0,2,0,2,0,4,2,35.59261055555556,139.42505749999998,6,2,9999,0,9,0
1,30,884,515,2,0,1,30000,0,209,2023,9,22,19,45,22,5,28,17,39,3,1,2,14,7,0,0,0,0,1,9,1,70,5,4,1,35,75,3,61,31,0,1,0,1,0,11,0,5,0,80,0,4,0,2,0,2,0,4,2,35.5430725,139.44901805555557,6,2,9999,0,1,0
1,30,884,518,2,0,1,30000,0,209,2023,9,23,17,55,21,5,29,17,38,2,1,1,1,1,9,22,0,0,11,9,30,70,5,2,1,55,75,4,61,31,0,1,0,1,0,11,0,3,0,10,0,3,0,2,0,2,0,4,2,35.577642222222224,139.49566694444442,7,1,9999,0,9,0
1,30,884,525,2,0,1,10490,0,209,2023,9,29,4,50,23,5,34,17,29,1,2,1,1,1,9,22,0,0,14,3,30,70,4,2,1,75,45,3,61,31,0,1,0,1,0,11,0,3,0,10,0,3,0,2,0,2,0,4,2,35.54981472222222,139.44640444444445,6,3,532,0,5,0
1,30,884,540,2,0,1,30000,0,209,2023,9,29,10,0,12,5,34,17,29,1,1,1,14,7,0,0,0,0,1,9,1,70,5,1,1,75,75,51,61,41,0,0,0,0,0,0,0,0,0,20,0,4,0,0,0,0,0,4,2,35.58403805555556,139.48272166666666,6,3,0,0,0,0
1,30,885,177,2,0,1,30000,0,212,2023,8,5,7,48,12,4,52,18,42,1,2,1,14,7,0,0,0,0,2,9,1,70,5,4,1,45,75,3,61,31,0,1,0,1,0,11,0,2,0,10,0,3,0,2,0,2,0,4,2,35.66235694444444,139.39838833333332,7,3,9999,0,5,0
1,30,885,191,2,0,1,21200,0,212,2023,9,20,8,50,12,5,27,17,42,1,1,1,1,1,9,22,0,0,14,9,30,70,5,2,1,35,25,3,61,31,0,1,0,1,0,11,0,3,0,10,0,3,0,2,0,2,0,4,2,35.65886833333333,139.3732486111111,4,3,9999,0,1,0
1,30,885,195,2,0,1,30000,0,212,2023,9,27,17,59,21,5,32,17,32,1,1,1,14,7,0,0,0,0,3,9,1,70,4,2,1,35,45,3,61,31,0,1,0,1,0,11,0,3,0,30,0,3,0,2,0,2,0,4,2,35.66563361111111,139.40632972222224,4,3,9999,0,9,0
1,30,885,196,2,0,1,30000,0,212,2023,9,20,17,0,13,5,27,17,42,2,1,1,14,7,0,0,0,0,3,9,1,70,5,3,1,75,1,4,61,31,0,1,0,1,0,11,0,5,0,10,0,3,0,2,0,2,0,4,2,35.65803972222222,139.39540166666666,4,3,253,0,9,0
1,30,885,197,2,0,1,30000,0,212,2023,9,4,9,30,12,5,15,18,5,3,1,2,1,7,9,22,0,0,14,9,30,70,4,2,1,45,25,12,61,1,0,11,0,1,0,11,0,1,0,80,0,3,0,2,0,2,0,4,2,35.67751,139.39252638888888,2,3,9999,0,9,0
1,30,885,203,2,0,1,20780,0,212,2023,9,14,18,15,21,5,22,17,51,1,1,1,1,7,1,21,0,0,14,9,30,70,5,2,1,65,25,4,61,31,0,1,0,1,0,11,0,2,0,40,0,3,0,2,0,2,0,4,2,35.65987583333333,139.41415555555557,5,3,9999,0,1,0
1,30,886,323,2,0,1,30000,0,207,2023,9,9,18,0,21,5,18,17,58,2,1,1,14,7,0,0,0,0,2,9,1,70,5,3,1,75,0,61,0,0,0,0,0,0,0,0,0,0,0,0,0,0,0,0,0,0,0,2,0,35.70973083333334,139.35115944444445,7,3,0,0,0,0
1,30,886,339,2,0,1,31050,0,207,2023,9,20,13,55,12,5,27,17,42,2,1,1,14,7,0,0,0,0,3,9,1,70,4,1,1,35,75,3,61,31,0,1,0,1,0,11,0,3,0,50,0,3,0,2,0,2,0,4,2,35.71492611111111,139.34744694444444,4,3,9999,0,1,0
1,30,886,344,2,0,1,30810,0,207,2023,9,26,14,50,12,5,31,17,33,1,1,1,14,7,0,0,0,0,4,9,1,70,4,2,1,35,1,13,61,31,0,11,0,1,0,11,0,3,0,10,0,3,0,2,0,2,0,4,2,35.71867027777778,139.34442694444445,3,3,9999,0,5,0
1,30,887,479,2,0,1,30000,0,202,2023,9,5,12,0,12,5,15,18,4,1,1,1,13,7,0,0,0,0,1,3,1,70,5,4,1,35,25,3,61,31,0,1,0,1,0,11,0,1,0,20,0,3,0,1,0,2,0,4,2,35.68967249999999,139.4144752777778,3,3,9999,0,5,0
1,30,887,481,2,0,1,99000,0,202,2023,9,5,14,30,12,5,15,18,4,1,2,1,0,7,0,0,0,0,0,0,20,70,0,4,1,65,75,4,61,31,0,1,0,1,0,11,0,10,0,10,0,3,0,2,0,2,0,4,2,35.71826361111111,139.4209936111111,3,3,9999,0,9,0
1,30,887,491,2,0,1,90000,0,202,2023,8,12,15,45,12,4,57,18,35,1,1,1,14,7,0,0,0,0,2,9,20,70,5,4,1,75,25,3,61,31,0,1,0,1,0,11,0,10,0,10,0,4,0,2,0,2,0,4,2,35.69938055555555,139.4125463888889,7,3,66,0,1,0
1,30,887,502,2,0,1,30000,0,202,2023,9,2,2,0,22,5,13,18,8,1,1,1,1,7,9,22,0,0,17,9,30,70,5,2,1,1,35,3,61,31,0,1,0,1,0,11,0,3,0,10,0,3,0,2,0,2,0,4,2,35.697158888888886,139.41535472222222,7,3,9999,0,5,0
1,30,887,511,2,0,1,10260,0,202,2023,9,21,18,18,21,5,28,17,41,2,1,1,1,7,9,22,0,0,14,9,30,70,4,3,1,65,1,4,61,31,0,1,0,1,0,11,0,3,0,10,0,3,0,2,0,2,0,4,2,35.72631666666667,139.38713888888887,5,3,9999,0,9,0
1,30,887,514,2,0,1,30000,0,202,2023,8,26,21,18,22,5,8,18,18,1,1,1,14,7,0,0,0,0,3,9,1,70,5,1,1,45,35,51,61,41,0,0,0,0,0,0,0,0,0,10,0,4,0,0,0,0,0,4,2,35.700498611111115,139.41505305555557,7,3,0,0,0,0
1,30,887,516,2,0,1,30000,0,215,2023,9,13,17,45,13,5,21,17,52,1,1,1,14,7,0,0,0,0,1,9,1,70,5,3,1,35,55,3,61,31,0,1,0,1,0,11,0,1,0,20,0,3,0,2,0,2,0,4,2,35.686727777777776,139.4497086111111,4,3,9999,0,5,0
1,30,887,524,2,0,1,99000,0,202,2023,9,28,8,0,12,5,33,17,30,1,1,1,0,7,0,0,0,0,0,0,20,70,0,4,1,1,45,51,61,41,0,0,0,0,0,0,0,0,0,11,0,3,0,0,0,0,0,4,2,35.73233916666667,139.37567111111113,5,3,0,0,0,0
1,30,888,195,1,1,0,30000,0,206,2023,9,30,1,25,22,5,34,17,27,1,1,1,14,7,0,0,0,0,2,9,1,70,5,4,1,25,35,3,61,31,0,1,0,1,0,11,0,10,0,50,0,3,0,2,0,2,0,4,1,35.6640375,139.50812333333334,7,3,9999,0,1,0
1,30,888,199,2,0,1,99000,0,206,2023,9,3,11,40,12,5,14,18,7,1,1,1,0,7,0,0,0,0,0,0,20,70,0,4,1,25,75,3,61,31,0,1,0,1,0,11,0,10,0,30,0,4,0,2,0,2,0,4,2,35.676768055555556,139.50536666666667,1,3,9999,0,1,0
1,30,888,203,2,0,1,20890,0,206,2023,8,23,7,41,12,5,6,18,22,2,1,2,1,1,9,22,0,0,14,9,30,70,4,2,1,25,25,11,61,1,0,11,0,1,0,11,0,3,0,20,0,4,0,2,0,2,0,4,2,35.66589611111111,139.5152486111111,4,3,9999,0,5,0
1,30,888,204,2,0,1,30000,0,206,2023,8,22,17,30,13,5,5,18,23,2,1,1,7,7,0,0,0,0,2,9,1,70,5,1,1,1,1,51,61,41,0,0,0,0,0,0,0,0,0,10,0,4,0,0,0,0,0,4,2,35.68673638888889,139.49404694444442,3,3,0,0,0,0
1,30,889,268,2,0,1,30000,0,214,2023,9,2,12,50,12,5,13,18,8,1,1,1,7,1,0,0,0,0,1,9,1,70,4,3,1,75,35,4,61,31,0,1,0,1,0,11,0,1,0,40,0,4,0,2,0,2,0,4,2,35.711041388888894,139.4441336111111,7,3,676,0,9,0
1,30,889,272,2,0,1,30000,0,210,2023,9,7,19,20,22,5,17,18,1,1,1,1,14,7,0,0,0,0,2,9,1,70,5,3,1,65,35,3,61,1,0,1,0,1,0,11,0,2,0,40,0,4,0,2,0,2,0,4,2,35.692788611111105,139.49541333333332,5,3,9999,0,9,0
1,30,889,273,2,0,1,30000,0,214,2023,9,8,12,26,12,5,18,18,0,3,1,2,14,7,0,0,0,0,3,9,1,70,1,2,1,55,55,3,61,1,0,1,0,1,0,11,0,2,0,40,0,4,0,2,0,2,0,4,2,35.70115805555556,139.48021166666666,6,3,9999,0,9,0
1,30,889,275,2,0,1,30000,0,210,2023,9,16,17,11,13,5,24,17,48,1,1,1,1,1,9,22,0,0,15,9,30,70,5,1,1,65,75,1,61,1,0,1,0,2,0,11,0,3,0,40,0,3,0,2,0,2,0,4,2,35.70131861111111,139.50416666666666,7,3,9999,0,9,0
1,30,889,278,2,0,1,30000,0,210,2023,9,19,8,20,12,5,26,17,44,1,1,1,1,7,9,22,0,0,11,9,30,70,5,2,1,25,55,3,61,31,0,1,0,1,0,11,0,10,0,50,0,3,0,2,0,2,0,4,2,35.70467166666667,139.51949861111112,3,3,9999,0,1,0
1,30,889,279,2,0,1,30000,0,214,2023,9,20,13,10,12,5,27,17,42,1,1,1,14,7,0,0,0,0,2,9,1,70,5,1,1,35,1,51,61,41,0,0,0,0,0,0,0,0,0,10,0,3,0,0,0,0,0,4,2,35.69557138888889,139.4694088888889,4,3,0,0,0,0
1,30,889,282,2,0,1,20000,0,214,2023,9,23,8,45,12,5,29,17,38,2,1,2,14,7,0,0,0,0,1,8,1,70,5,2,1,45,35,3,61,31,0,1,0,1,0,11,0,2,0,40,0,4,0,2,0,2,0,4,2,35.69932083333333,139.4597288888889,7,1,9999,0,1,0
1,30,889,284,2,0,1,30000,0,210,2023,9,23,15,54,12,5,29,17,38,1,1,1,14,7,0,0,0,0,1,9,1,70,5,3,1,75,35,3,61,31,0,1,0,1,0,11,0,2,0,80,0,3,0,2,0,2,0,4,2,35.69387694444444,139.49074277777777,7,1,4,0,9,0
1,30,889,287,2,0,1,30000,0,210,2023,9,25,10,35,12,5,31,17,35,2,1,1,14,7,0,0,0,0,3,9,1,70,4,2,1,75,75,51,61,41,0,0,0,0,0,0,0,0,0,10,0,3,0,0,0,0,0,4,2,35.700210000000006,139.50394972222222,2,3,0,0,0,0
1,30,889,290,2,0,1,30000,0,214,2023,9,24,14,20,12,5,30,17,36,1,1,1,14,7,0,0,0,0,2,9,1,70,5,2,1,55,45,3,61,31,0,1,0,1,0,11,0,2,0,40,0,4,0,2,0,2,0,4,2,35.70489305555556,139.46732277777778,1,3,9999,0,9,0
1,30,889,293,2,0,1,10500,0,214,2023,6,16,18,45,13,4,25,18,59,1,1,1,1,1,9,22,0,0,14,8,30,70,4,1,1,45,35,51,61,41,0,0,0,0,0,0,0,0,0,10,0,3,0,0,0,0,0,4,2,35.709360833333335,139.46842083333334,6,3,0,0,0,0
1,30,890,260,2,0,1,21220,0,229,2023,9,16,21,46,22,5,24,17,48,2,1,1,1,1,9,22,0,0,11,7,30,70,1,2,1,25,45,3,61,31,0,1,0,1,0,11,0,4,0,10,0,3,0,2,0,2,0,4,2,35.723552777777776,139.5576788888889,7,3,9999,0,1,0
1,30,890,266,2,0,1,30000,0,229,2023,7,20,1,45,22,4,40,18,55,1,1,1,14,7,0,0,0,0,1,9,1,70,4,3,1,25,45,3,61,31,0,1,0,1,0,11,0,2,0,70,0,3,0,2,0,2,0,4,2,35.72861805555556,139.5554216666667,5,3,9999,0,1,0
1,30,890,267,2,0,1,99000,0,229,2023,9,24,18,55,22,5,30,17,36,1,1,1,0,7,0,0,0,0,0,0,20,70,0,4,1,35,75,3,61,31,0,1,0,1,0,11,0,10,0,30,0,3,0,2,0,2,0,4,2,35.72963055555556,139.53688222222223,1,3,9999,0,5,0
1,30,890,268,2,0,1,30000,0,229,2023,9,29,21,45,22,5,34,17,29,2,1,1,14,7,0,0,0,0,2,9,1,70,4,2,1,45,1,3,61,31,0,1,0,1,0,11,0,2,0,80,0,3,0,2,0,2,0,4,2,35.74210638888889,139.5402286111111,6,3,9999,0,9,0
1,30,891,284,2,0,1,30000,0,221,2023,5,1,16,20,12,4,50,18,27,1,2,1,14,7,0,0,0,0,3,9,1,70,5,3,1,75,1,4,61,31,0,1,0,1,0,11,0,10,0,10,0,3,0,2,0,2,0,4,2,35.786654166666665,139.52947555555556,2,3,866,0,9,0
1,30,891,303,2,0,1,30000,0,221,2023,9,25,10,54,12,5,31,17,35,1,1,1,14,7,0,0,0,0,2,9,1,70,4,1,1,25,65,4,61,31,0,1,0,1,0,11,0,3,0,10,0,3,0,2,0,2,0,4,2,35.77356277777778,139.52432722222224,2,3,9999,0,1,0
1,30,891,304,2,0,1,30000,0,221,2023,9,25,18,50,22,5,31,17,35,1,2,1,1,7,9,22,0,0,14,9,30,70,5,3,1,75,25,4,61,31,0,1,0,1,0,11,0,2,0,10,0,3,0,2,0,2,0,4,2,35.76996444444444,139.50127277777779,2,3,9999,0,9,0
1,30,892,254,2,0,1,30000,0,203,2023,9,5,11,55,12,5,15,18,4,1,1,1,14,7,0,0,0,0,3,9,1,70,5,2,1,45,25,4,61,31,0,1,0,1,0,11,0,5,0,10,0,3,0,2,0,2,0,4,2,35.70340222222222,139.58143333333334,3,3,9999,0,1,0
1,30,892,264,2,0,1,30000,0,203,2023,9,14,18,5,21,5,22,17,51,1,1,1,14,7,0,0,0,0,4,9,1,70,4,1,1,55,75,1,61,1,0,1,0,1,0,11,0,2,0,40,0,3,0,2,0,2,0,4,2,35.71427111111112,139.56215861111113,5,3,9999,0,9,0
1,30,892,266,2,0,1,21310,0,203,2023,7,19,18,20,13,4,39,18,55,1,1,1,7,8,0,0,0,0,4,9,1,70,4,2,1,1,45,51,61,41,0,0,0,0,0,0,0,0,0,10,0,3,0,0,0,0,0,4,2,35.71504222222222,139.56261722222223,4,3,0,0,0,0
1,30,892,277,2,0,1,30000,0,203,2023,9,27,13,20,12,5,32,17,32,1,1,1,14,7,0,0,0,0,1,9,1,70,5,4,1,65,75,14,61,1,0,11,0,1,0,11,0,5,0,30,0,3,0,2,0,2,0,4,2,35.70601138888889,139.58317055555554,4,3,9999,0,5,0
1,30,892,280,2,0,2,30000,0,203,2023,9,28,19,52,22,5,33,17,30,2,1,1,1,7,1,22,0,0,15,9,30,1,5,2,1,65,25,51,61,41,0,0,0,0,0,0,0,0,0,10,0,3,0,0,0,0,0,4,2,35.70341583333334,139.5827486111111,5,3,0,0,0,0
1,30,892,284,2,0,1,30000,0,203,2023,9,3,16,30,12,5,14,18,7,1,1,1,14,7,0,0,0,0,2,9,1,70,5,2,1,65,35,51,61,41,0,0,0,0,0,0,0,0,0,10,0,3,0,0,0,0,0,4,2,35.70396138888889,139.57854666666665,1,3,0,0,0,0
1,30,893,222,2,0,1,30000,0,204,2023,9,14,16,10,12,5,22,17,51,1,1,1,14,7,0,0,0,0,2,9,1,70,4,2,1,35,75,51,61,41,0,0,0,0,0,0,0,0,0,10,0,3,0,0,0,0,0,4,2,35.69685,139.56113416666668,5,3,0,0,0,0
1,30,893,227,2,0,1,20230,0,204,2023,9,20,17,14,13,5,27,17,42,2,1,1,1,7,9,22,0,0,11,9,30,70,4,2,1,75,1,3,61,31,0,1,0,1,0,11,0,3,0,10,0,3,0,2,0,2,0,4,2,35.680319999999995,139.57109972222221,4,3,309,0,9,0
1,30,894,383,2,0,1,30000,0,208,2022,12,10,13,50,12,6,39,16,28,1,1,1,14,7,0,0,0,0,2,9,1,70,5,3,1,55,35,3,61,31,0,1,0,1,0,11,0,2,0,40,0,3,0,2,0,2,0,4,2,35.65377055555555,139.54597555555554,7,3,9999,0,4,0
1,30,894,403,2,0,1,99000,0,208,2023,9,13,18,35,21,5,21,17,52,1,1,1,0,7,0,0,0,0,0,0,20,70,0,4,1,25,25,51,61,41,0,0,0,0,0,0,0,0,0,10,0,3,0,0,0,0,0,4,2,35.63899,139.54675833333334,4,3,0,0,0,0
1,30,894,404,2,0,1,30000,0,208,2023,9,14,8,20,12,5,22,17,51,1,1,1,14,7,0,0,0,0,1,9,1,70,5,3,1,65,35,13,61,31,0,11,0,1,0,11,0,2,0,20,0,4,0,2,0,2,0,4,2,35.64978277777778,139.53889583333333,5,3,9999,0,9,0
1,30,894,408,2,0,1,20000,0,208,2023,9,16,16,18,12,5,24,17,48,1,1,1,1,1,9,22,0,0,15,9,30,70,5,2,1,65,1,3,61,31,0,1,0,1,0,11,0,2,0,10,0,3,0,2,0,2,0,4,2,35.66155944444444,139.52333000000002,7,3,9999,0,9,0
1,30,894,433,2,0,1,30000,0,208,2023,9,27,23,55,22,5,32,17,32,1,1,1,1,7,9,22,0,0,14,9,30,70,4,2,1,25,75,3,61,31,0,1,0,1,0,11,0,3,0,10,0,3,0,2,0,2,0,4,2,35.642803055555554,139.5309913888889,4,3,9999,0,1,0
1,30,894,434,2,0,1,30000,0,219,2023,9,28,5,55,11,5,33,17,30,2,1,1,7,7,0,0,0,0,1,9,1,70,5,4,1,55,25,14,61,31,0,11,0,1,0,11,0,10,0,10,0,3,0,2,0,2,0,4,2,35.632218055555555,139.57938277777777,5,3,9999,0,1,0
1,30,894,442,2,0,1,30840,0,208,2023,9,30,17,50,21,5,34,17,27,1,1,1,14,7,0,0,0,0,4,9,1,70,4,2,1,35,35,3,61,31,0,1,0,1,0,11,0,3,0,80,0,3,0,2,0,2,0,4,2,35.649565277777775,139.54033916666666,7,3,9999,0,1,0
1,30,895,140,2,0,1,30000,0,211,2023,9,3,13,10,12,5,14,18,7,1,1,1,14,7,0,0,0,0,2,9,1,70,5,3,1,1,45,3,61,31,0,1,0,1,0,11,0,2,0,40,0,3,0,2,0,2,0,4,2,35.7277725,139.45785694444444,1,3,9999,0,1,0
1,30,895,146,2,0,1,30000,0,211,2023,8,22,11,0,12,5,5,18,23,2,1,1,1,7,9,22,0,0,11,9,30,70,5,3,1,75,1,4,61,31,0,1,0,1,0,11,0,2,0,40,0,3,0,2,0,2,0,4,2,35.72576111111111,139.4494813888889,3,3,346,0,9,0
1,30,899,10,2,0,1,30000,0,401,2023,9,12,14,30,12,5,21,17,54,1,3,1,14,7,0,0,0,0,3,9,1,70,5,2,1,1,1,3,61,31,0,1,0,1,0,11,0,3,0,10,0,3,0,2,0,2,0,4,2,33.107285000000005,139.78359416666666,3,3,9999,0,1,0
1,30,100,141,2,0,1,30000,0,101,2023,10,17,17,44,21,5,48,17,4,1,1,1,1,1,9,22,0,0,15,9,30,70,5,1,1,25,65,51,61,41,0,0,0,0,0,0,0,0,0,20,0,3,0,0,0,0,0,4,2,35.699908888888885,139.74392916666665,3,3,0,0,0,0
1,30,100,149,2,0,1,200,43,101,2023,10,26,18,40,22,5,57,16,53,1,1,1,1,7,9,22,0,0,17,9,30,70,1,1,1,55,55,3,61,1,0,1,0,1,0,11,0,5,0,10,0,3,0,2,0,2,0,4,2,35.683766388888884,139.74381722222222,5,3,9999,0,9,0
1,30,101,116,2,0,1,10020,0,101,2023,10,23,23,10,22,5,54,16,57,1,1,1,1,1,9,22,0,0,19,9,30,70,5,2,1,1,35,36,61,31,0,31,0,0,0,11,0,1,0,10,0,3,0,0,0,0,0,4,2,35.67374611111111,139.76114166666667,2,3,0,0,0,0
1,30,101,117,2,0,1,99000,0,101,2023,10,11,14,0,12,5,43,17,12,1,1,1,0,7,0,0,0,0,0,0,20,70,0,4,1,35,45,51,61,41,0,0,0,0,0,0,0,0,0,10,0,4,0,0,0,0,0,4,2,35.67863305555555,139.75370305555555,4,3,0,0,0,0
1,30,101,119,2,0,1,99000,0,101,2023,10,29,18,30,22,5,59,16,50,1,1,1,0,7,0,0,0,0,0,0,20,70,0,4,1,35,35,14,61,31,0,11,0,1,0,11,0,1,0,30,0,4,0,2,0,2,0,4,2,35.67750222222222,139.76455027777777,1,3,9999,0,9,0
1,30,102,104,2,0,1,10100,0,101,2023,10,3,18,35,22,5,37,17,23,2,1,1,1,1,9,22,0,0,19,9,30,70,5,1,1,45,1,3,61,31,0,1,0,1,0,11,0,5,0,70,0,4,0,2,0,2,0,4,2,35.69610972222222,139.75796,3,3,9999,0,1,0
1,30,102,108,2,0,2,30000,0,101,2023,10,11,11,0,12,5,43,17,12,1,1,1,14,7,0,0,0,0,3,9,1,70,5,2,1,65,25,51,61,41,0,0,0,0,0,0,0,0,0,40,0,3,0,0,0,0,0,2,2,35.70004222222222,139.7624538888889,4,3,0,0,0,0
1,30,102,110,2,0,1,30000,0,101,2023,10,12,17,50,21,5,44,17,11,1,1,1,1,1,9,22,0,0,11,9,30,70,1,3,1,55,35,3,61,31,0,1,0,1,0,11,0,2,0,10,0,3,0,1,0,2,0,4,2,35.69074888888888,139.76585166666666,5,3,9999,0,9,0
1,30,102,112,2,0,1,30000,0,101,2023,10,16,15,5,12,5,48,17,5,1,1,1,14,7,0,0,0,0,2,9,1,70,5,3,1,45,45,13,61,1,0,11,0,1,0,11,0,10,0,40,0,3,0,2,0,2,0,4,2,35.69885277777777,139.76447083333332,2,3,9999,0,3,0
1,30,102,113,2,0,1,30000,0,101,2023,10,16,18,23,22,5,48,17,5,1,1,1,1,1,9,22,0,0,15,9,30,70,5,2,1,25,45,3,61,31,0,1,0,1,0,11,0,10,0,10,0,3,0,2,0,2,0,4,2,35.69877444444444,139.7524913888889,2,3,9999,0,1,0
1,30,102,114,2,0,1,30000,0,101,2023,8,25,21,0,22,5,7,18,19,1,1,1,14,7,0,0,0,0,1,9,1,70,5,2,1,55,25,3,61,1,0,1,0,1,0,11,0,2,0,44,0,3,0,2,0,2,0,4,2,35.69110027777777,139.76901916666668,6,3,9999,0,9,0
1,30,102,119,2,0,1,30000,0,101,2023,10,12,12,45,12,5,44,17,11,1,1,1,14,7,0,0,0,0,3,9,1,70,5,4,1,45,75,3,61,1,0,1,0,1,0,11,0,1,0,10,0,3,0,2,0,2,0,4,2,35.69107472222222,139.76662805555554,5,3,9999,0,1,0
1,30,102,123,2,0,1,30000,0,101,2023,10,30,18,43,22,6,0,16,49,1,1,1,14,7,0,0,0,0,5,9,1,70,5,1,1,35,0,61,0,0,0,0,0,0,0,0,0,0,0,0,0,0,0,0,0,0,0,2,0,35.69228527777778,139.76566416666665,2,3,0,0,0,0
1,30,103,93,2,0,1,40,18,101,2023,9,18,12,50,12,5,25,17,45,1,1,1,1,1,9,22,0,0,19,9,30,70,1,2,1,25,65,3,61,31,0,1,0,1,0,11,0,5,0,10,0,3,0,2,0,2,0,4,2,35.699285277777776,139.77540694444446,2,1,9999,0,1,0
1,30,104,233,2,0,1,20020,0,102,2023,10,7,11,45,12,5,40,17,17,1,1,1,14,7,0,0,0,0,4,9,1,70,4,2,1,35,75,51,61,41,0,0,0,0,0,0,0,0,0,10,0,4,0,0,0,0,0,4,2,35.67472333333333,139.7750063888889,7,3,0,0,0,0
1,30,104,237,2,0,1,30000,0,102,2023,10,14,22,45,22,5,46,17,8,3,1,2,1,7,9,22,0,0,14,9,30,70,5,2,1,65,35,3,61,1,0,1,0,1,0,11,0,5,0,10,0,4,0,2,0,2,0,4,2,35.67591777777778,139.7680325,7,3,9999,0,9,0
1,30,104,238,2,0,1,20090,0,102,2023,10,15,15,50,12,5,47,17,7,2,1,2,7,1,0,0,0,0,5,9,1,70,1,2,1,65,1,3,61,1,0,1,0,1,0,11,0,4,0,10,0,3,0,2,0,2,0,4,2,35.677568611111106,139.76713444444445,1,3,9999,0,9,0
1,30,104,243,2,0,1,10030,0,102,2023,10,18,17,25,21,5,49,17,3,1,1,1,1,1,9,22,0,0,17,9,30,70,5,2,1,65,25,14,61,1,0,11,0,1,0,11,0,10,0,20,0,3,0,2,0,2,0,4,2,35.682743055555555,139.77626055555558,4,3,9999,0,9,0
1,30,104,246,2,0,1,30000,0,102,2023,10,26,16,30,13,5,57,16,53,1,1,1,1,7,9,22,0,0,14,9,30,70,4,2,1,1,55,51,61,41,0,0,0,0,0,0,0,0,0,10,0,3,0,0,0,0,0,4,2,35.67666583333333,139.78368277777778,5,3,0,0,0,0
1,30,106,132,2,0,1,30000,0,102,2023,10,4,0,19,22,5,38,17,22,1,1,1,1,7,1,21,0,0,11,9,30,70,5,1,1,55,35,3,61,1,0,1,0,1,0,11,0,2,0,20,0,4,0,2,0,2,0,4,2,35.66742194444444,139.7620638888889,4,3,9999,0,9,0
1,30,106,135,2,0,1,70000,0,102,2023,9,15,13,30,12,5,23,17,49,1,1,2,1,1,9,22,0,0,14,9,30,70,5,2,1,55,1,7,61,1,0,1,0,1,0,11,0,3,0,40,0,3,0,2,0,2,0,4,2,35.67437944444444,139.7646061111111,6,3,9999,0,9,0
1,30,106,138,2,0,1,30000,0,102,2023,10,10,13,39,12,5,43,17,13,1,1,1,14,7,0,0,0,0,3,9,1,70,5,2,1,75,75,3,61,31,0,1,0,1,0,11,0,5,0,10,0,3,0,2,0,2,0,4,2,35.664743055555554,139.77026,3,3,251,0,9,0
1,30,107,114,2,0,1,20680,0,102,2023,10,6,8,5,12,5,39,17,19,1,1,1,1,7,9,22,0,0,17,9,30,70,4,2,1,1,1,51,61,41,0,0,0,0,0,0,0,0,0,0,0,3,0,0,0,0,0,4,2,35.6613225,139.78028611111114,6,3,0,0,0,0