資料区分,都道府県コード,警察署等コード,本票番号,事故内容,死者数,負傷者数,路線コード,地点コード,市区町村コード,発生日時　　年,発生日時　　月,発生日時　　日,発生日時　　時,発生日時　　分,昼夜,日の出時刻　　時,日の出時刻　　分,日の入り時刻　　時,日の入り時刻　　分,天候,地形,路面状態,道路形状,信号機,一時停止規制　標識（当事者A）,一時停止規制　表示（当事者A）,一時停止規制　標識（当事者B）,一時停止規制　表示（当事者B）,車道幅員,道路線形,衝突地点,ゾーン規制,中央分離帯施設等,歩車道区分,事故類型,年齢（当事者A）,年齢（当事者B）,当事者種別（当事者A）,当事者種別（当事者B）,用途別（当事者A）,用途別（当事者B）,車両形状等（当事者A）,車両形状等（当事者B）,オートマチック車（当事者A）,オートマチック車（当事者B）,サポカー（当事者A）,サポカー（当事者B）,速度規制（指定のみ）（当事者A）,速度規制（指定のみ）（当事者B）,車両の衝突部位（当事者A）,車両の衝突部位（当事者B）,車両の損壊程度（当事者A）,車両の損壊程度（当事者B）,エアバッグの装備（当事者A）,エアバッグの装備（当事者B）,サイドエアバッグの装備（当事者A）,サイドエアバッグの装備（当事者B）,人身損傷程度（当事者A）,人身損傷程度（当事者B）,lat,lon,曜日(発生年月日),祝日(発生年月日),認知機能検査経過日数（当事者A）,認知機能検査経過日数（当事者B）,運転練習の方法（当事者A）,運転練習の方法（当事者B）
1,30,108,193,2,0,1,30000,0,103,2023,10,4,19,42,22,5,38,17,22,3,1,2,1,7,9,22,0,0,14,9,30,70,4,2,1,65,45,3,61,1,0,1,0,1,0,11,0,3,0,50,0,4,0,2,0,2,0,4,2,35.66210722222222,139.7575563888889,4,3,9999,0,9,0
1,30,108,198,2,0,1,30000,0,103,2023,10,10,11,18,12,5,43,17,13,1,1,1,1,7,9,22,0,0,15,9,30,1,4,2,1,75,25,3,61,31,0,1,0,1,0,11,0,2,0,20,0,4,0,2,0,2,0,4,2,35.660201944444445,139.755995,3,3,708,0,9,0
1,30,108,199,2,0,1,90000,0,103,2023,10,16,9,50,12,5,48,17,5,1,1,1,13,7,0,0,0,0,1,5,20,70,5,4,1,55,75,3,61,31,0,1,0,1,0,11,0,10,0,40,0,3,0,2,0,2,0,4,2,35.66673222222222,139.74932027777777,2,3,9999,0,9,0
1,30,108,200,2,0,1,30000,0,103,2023,9,7,10,36,12,5,17,18,1,1,1,1,1,7,1,21,0,0,11,9,30,70,5,3,1,75,45,3,61,1,0,1,0,1,0,11,0,5,0,20,0,4,0,2,0,2,0,4,2,35.66471277777778,139.7581277777778,5,3,744,0,9,0
1,30,108,201,2,0,1,30000,0,103,2023,10,16,14,56,12,5,48,17,5,1,1,1,14,7,0,0,0,0,3,9,1,70,5,2,1,25,55,3,61,31,0,1,0,1,0,11,0,5,0,10,0,3,0,2,0,2,0,4,2,35.666313333333335,139.7556313888889,2,3,9999,0,1,0
1,30,109,133,2,0,1,30000,0,103,2023,7,25,22,58,22,4,43,18,52,1,1,1,1,1,9,22,0,0,11,9,30,70,4,1,1,55,45,3,61,1,0,1,0,1,0,11,0,4,0,10,0,3,0,2,0,2,0,4,2,35.64092194444444,139.73787305555555,3,3,9999,0,9,0
1,30,109,135,2,0,1,30000,0,103,2023,9,9,5,50,11,5,18,17,58,2,1,2,14,7,0,0,0,0,2,9,1,70,4,2,1,25,55,13,61,31,0,11,0,1,0,11,0,1,0,10,0,3,0,2,0,2,0,4,2,35.650376944444446,139.75773166666667,7,3,9999,0,9,0
1,30,109,139,2,0,1,30000,0,103,2023,10,3,6,0,11,5,37,17,23,1,1,1,14,7,0,0,0,0,5,9,1,70,4,2,1,25,1,3,61,31,0,1,0,1,0,11,0,3,0,40,0,3,0,2,0,2,0,4,2,35.65471972222222,139.74056083333332,3,3,9999,0,9,0
1,30,109,145,2,0,1,10,63,103,2023,10,16,19,23,22,5,48,17,5,1,1,1,1,1,9,22,0,0,17,9,30,70,1,2,1,25,1,51,61,41,0,0,0,0,0,0,0,0,0,10,0,3,0,0,0,0,0,4,2,35.65029972222222,139.74476638888888,2,3,0,0,0,0
1,30,109,153,2,0,1,150,48,103,2023,10,31,21,10,22,6,1,16,48,1,1,1,1,1,8,22,0,0,19,9,30,70,1,1,1,35,25,3,61,1,0,1,0,1,0,11,0,5,0,10,0,3,0,2,0,2,0,4,2,35.64764805555556,139.7490511111111,3,3,9999,0,1,0
1,30,110,103,2,0,1,10070,0,103,2023,10,2,7,0,12,5,36,17,25,1,1,1,1,1,9,22,0,0,17,7,30,70,5,2,1,75,65,12,61,31,0,11,0,2,0,11,0,10,0,40,0,3,0,2,0,2,0,4,2,35.629890833333334,139.75015666666667,2,3,627,0,9,0
1,30,110,104,2,0,1,30000,0,103,2023,10,3,12,38,12,5,37,17,23,1,1,1,14,7,0,0,0,0,2,9,1,70,5,2,1,45,55,3,61,1,0,1,0,1,0,11,0,10,0,60,0,4,0,2,0,2,0,4,2,35.62884722222222,139.74294777777777,3,3,9999,0,9,0
1,30,110,105,2,0,1,30000,0,103,2023,10,17,17,25,21,5,48,17,4,1,1,1,14,7,0,0,0,0,4,9,1,70,4,1,1,1,75,51,61,41,0,0,0,0,0,0,0,0,0,10,0,3,0,0,0,0,0,4,2,35.632980833333335,139.7476936111111,3,3,0,0,0,0
1,30,110,106,2,0,1,30000,0,103,2023,10,18,16,0,12,5,49,17,3,1,1,1,1,7,9,22,0,0,11,9,30,70,5,3,1,45,1,17,61,31,0,11,0,1,0,11,0,10,0,40,0,4,0,2,0,2,0,4,2,35.6436325,139.72313805555555,4,3,9999,0,5,0
1,30,110,109,2,0,1,150,63,103,2023,10,28,0,40,22,5,58,16,51,1,1,1,1,1,9,22,0,0,19,9,30,70,5,1,1,1,75,36,61,31,0,31,0,0,0,11,0,1,0,10,0,3,0,0,0,0,0,4,2,35.63740527777778,139.7392322222222,7,3,0,0,0,0
1,30,111,233,2,0,2,30000,0,103,2023,9,29,8,10,12,5,34,17,29,1,1,1,14,1,0,0,0,0,2,9,1,70,4,1,1,35,1,51,61,41,0,0,0,0,0,0,0,0,0,40,0,3,0,0,0,0,0,4,2,35.65445416666667,139.72620916666668,6,3,0,0,0,0
1,30,111,235,2,0,1,20170,0,103,2023,10,4,19,45,22,5,38,17,22,3,1,2,1,1,9,22,0,0,19,9,30,70,1,1,1,65,45,3,61,1,0,1,0,1,0,11,0,4,0,10,0,3,0,2,0,2,0,4,2,35.661225277777774,139.72846777777778,4,3,9999,0,9,0
1,30,111,236,2,0,1,20170,0,103,2023,10,6,15,7,12,5,39,17,19,1,1,1,1,1,9,22,0,0,17,9,30,70,1,1,1,45,1,3,61,31,0,1,0,1,0,11,0,5,0,40,0,4,0,2,0,2,0,4,2,35.659195555555556,139.71902833333334,6,3,9999,0,9,0
1,30,111,238,2,0,1,20170,0,103,2023,10,8,0,35,22,5,41,17,16,1,1,1,1,1,9,22,0,0,18,9,30,70,1,1,1,45,25,3,61,1,0,1,0,1,0,11,0,5,0,10,0,2,0,2,0,2,0,4,2,35.665258333333334,139.7365297222222,1,2,9999,0,9,0
1,30,111,242,2,0,1,30000,0,103,2023,10,13,12,55,12,5,45,17,9,1,1,1,14,7,0,0,0,0,3,9,1,70,4,2,1,35,35,17,61,31,0,11,0,2,0,11,0,2,0,10,0,4,0,2,0,2,0,4,2,35.664878333333334,139.72805027777778,6,3,9999,0,1,0
1,30,111,243,2,0,1,30000,0,103,2023,10,13,18,20,22,5,45,17,9,1,1,1,14,7,0,0,0,0,3,8,1,70,4,1,1,25,55,51,61,41,0,0,0,0,0,0,0,0,0,10,0,3,0,0,0,0,0,4,2,35.65300416666666,139.72535,6,3,0,0,0,0
1,30,111,250,2,0,1,20120,0,103,2023,10,9,1,30,22,5,42,17,15,3,1,2,1,1,9,22,0,0,19,9,30,70,1,2,1,35,1,5,61,31,0,1,0,1,0,11,0,4,0,10,0,3,0,2,0,2,0,4,2,35.659911666666666,139.723335,2,1,9999,0,5,0
1,30,111,254,2,0,1,30000,0,103,2023,10,13,5,15,23,5,45,17,9,1,1,1,14,7,0,0,0,0,4,9,1,70,1,1,1,35,25,3,61,1,0,1,0,1,0,11,0,10,0,40,0,3,0,2,0,2,0,4,2,35.66616166666667,139.72567527777778,6,3,9999,0,1,0
1,30,111,255,2,0,1,20120,0,103,2023,10,26,11,48,12,5,57,16,53,1,1,1,1,7,9,22,0,0,17,9,30,70,4,2,1,45,25,5,61,31,0,1,0,1,0,11,0,5,0,10,0,3,0,2,0,2,0,4,2,35.65443583333333,139.72291944444444,5,3,9999,0,9,0
1,30,111,257,2,0,1,30000,0,103,2023,10,30,20,20,22,6,0,16,49,1,1,1,1,7,1,21,0,0,14,9,30,70,4,1,1,25,45,3,61,31,0,1,0,1,0,11,0,5,0,10,0,4,0,2,0,2,0,4,2,35.653510555555556,139.72602444444445,2,3,9999,0,1,0
1,30,112,231,2,0,1,30000,0,103,2023,10,17,13,25,12,5,48,17,4,1,1,1,1,7,9,22,0,0,15,9,30,70,4,1,1,25,25,35,61,31,0,0,0,0,0,11,0,3,0,20,0,3,0,0,0,0,0,4,2,35.671747777777775,139.73694805555553,3,3,9999,0,9,0
1,30,112,234,2,0,1,30000,0,103,2023,10,25,16,5,13,5,56,16,54,1,1,1,14,7,0,0,0,0,2,9,1,70,5,2,1,45,45,3,61,31,0,1,0,1,0,11,0,2,0,80,0,3,0,2,0,2,0,4,2,35.67704666666666,139.73660027777777,4,3,9999,0,1,0
1,30,113,239,2,0,1,30000,0,108,2023,10,12,19,20,22,5,44,17,11,1,1,1,14,7,0,0,0,0,2,9,1,70,5,1,1,65,55,3,61,1,0,1,0,1,0,11,0,5,0,18,0,3,0,2,0,2,0,4,2,35.632172777777775,139.79068305555555,5,3,114,0,9,0
1,30,215,150,2,0,1,30000,0,109,2023,10,16,10,35,12,5,48,17,5,1,1,1,14,7,0,0,0,0,2,9,1,70,5,4,1,35,75,3,61,1,0,1,0,1,0,11,0,1,0,40,0,4,0,2,0,2,0,4,2,35.62121861111111,139.73215666666667,2,3,9999,0,5,0
1,30,215,151,2,0,1,30000,0,109,2023,10,16,17,40,21,5,48,17,5,1,1,1,11,7,0,0,0,0,2,9,1,70,5,3,1,55,25,3,61,31,0,1,0,1,0,11,0,5,0,70,0,4,0,2,0,2,0,4,2,35.61444111111111,139.73602,2,3,9999,0,9,0
1,30,215,152,2,0,1,30000,0,109,2023,10,15,17,45,21,5,47,17,7,2,1,1,1,7,9,22,0,0,11,9,30,70,4,2,1,55,75,3,61,31,0,1,0,1,0,11,0,2,0,20,0,3,0,2,0,2,0,4,2,35.61219944444444,139.74023944444443,1,3,9999,0,9,0
1,30,216,202,2,0,1,30000,0,109,2023,10,13,10,7,12,5,45,17,9,1,1,1,1,1,9,22,0,0,14,9,30,1,4,1,1,1,55,51,61,41,0,0,0,0,0,0,0,0,0,10,0,4,0,0,0,0,0,4,2,35.60807277777778,139.72983583333334,6,3,0,0,0,0
1,30,216,203,2,0,1,30000,0,109,2023,10,16,13,57,12,5,48,17,5,1,1,1,7,7,0,0,0,0,1,8,1,70,5,3,1,1,25,3,61,1,0,1,0,1,0,11,0,1,0,80,0,3,0,2,0,2,0,4,2,35.60693638888889,139.7354161111111,2,3,9999,0,1,0
1,30,216,205,2,0,1,30000,0,109,2023,10,16,7,43,12,5,48,17,5,1,1,1,14,7,0,0,0,0,2,9,1,70,5,1,1,75,0,61,0,0,0,0,0,0,0,0,0,0,0,0,0,0,0,0,0,0,0,2,0,35.60619138888889,139.73451277777775,2,3,0,0,0,0
1,30,216,213,2,0,1,30000,0,109,2023,10,27,11,26,12,5,57,16,52,1,1,1,1,7,9,22,0,0,11,9,30,70,5,3,1,35,75,3,61,31,0,1,0,1,0,11,0,2,0,10,0,4,0,2,0,2,0,4,2,35.60472638888889,139.74304916666665,6,3,9999,0,5,0
1,30,216,216,2,0,1,30000,0,109,2023,10,20,7,40,12,5,51,17,0,1,1,1,14,7,0,0,0,0,3,9,20,70,5,4,1,1,65,51,61,41,0,0,0,0,0,0,0,0,0,10,0,3,0,0,0,0,0,4,2,35.60626777777778,139.7345222222222,6,3,0,0,0,0
1,30,216,217,2,0,1,30000,0,109,2023,10,30,20,35,22,6,0,16,49,1,1,1,7,1,0,0,0,0,3,9,1,70,4,3,1,35,55,3,61,31,0,1,0,1,0,11,0,2,0,40,0,4,0,2,0,2,0,4,2,35.59912388888889,139.7303513888889,2,3,9999,0,2,0
1,30,217,170,2,0,1,10160,0,109,2023,10,3,10,25,12,5,37,17,23,1,1,1,14,7,0,0,0,0,5,9,1,70,1,2,1,35,45,51,61,41,0,0,0,0,0,0,0,0,0,10,0,3,0,0,0,0,0,2,4,35.62345194444445,139.72154472222223,3,3,0,0,0,0
1,30,217,174,2,0,1,30000,0,109,2023,10,15,21,7,22,5,47,17,7,2,1,1,1,1,9,22,0,0,11,9,30,70,4,2,1,65,35,3,61,1,0,1,0,1,0,11,0,1,0,40,0,3,0,2,0,2,0,4,2,35.626375555555555,139.71264083333332,1,3,9999,0,9,0
1,30,217,181,2,0,1,30000,0,109,2023,10,24,20,37,22,5,55,16,55,1,1,1,14,7,0,0,0,0,3,9,1,70,5,1,1,75,35,3,61,1,0,1,0,1,0,11,0,5,0,10,0,3,0,2,0,1,0,4,2,35.62434722222222,139.71751444444445,3,3,981,0,9,0
1,30,217,186,2,0,1,10160,0,109,2023,10,30,18,30,22,6,0,16,49,1,1,1,1,1,9,22,0,0,14,9,30,70,1,2,1,25,45,51,61,41,0,0,0,0,0,0,0,0,0,10,0,3,0,0,0,0,0,4,2,35.62621388888889,139.71611249999998,2,3,0,0,0,0
1,30,218,186,2,0,1,30000,0,109,2023,3,16,10,10,12,5,51,17,49,1,1,1,14,7,0,0,0,0,2,9,1,70,5,1,1,65,45,51,61,41,0,0,0,0,0,0,0,0,0,10,0,4,0,0,0,0,0,4,2,35.608071111111116,139.70411166666665,5,3,0,0,0,0
1,30,218,189,2,0,1,10170,0,109,2023,10,1,10,20,12,5,35,17,26,1,1,1,1,1,9,22,0,0,15,9,30,70,5,1,1,75,55,59,61,0,0,0,0,0,0,0,0,0,0,0,0,3,0,0,0,0,0,4,2,35.61564388888889,139.70890527777777,1,3,0,0,0,0
1,30,218,192,2,0,1,30000,0,109,2023,9,22,17,35,13,5,28,17,39,3,1,2,1,7,1,21,0,0,14,9,30,70,5,3,1,55,55,3,61,31,0,1,0,1,0,11,0,2,0,20,0,4,0,2,0,2,0,4,2,35.61124777777778,139.72296083333333,6,2,9999,0,9,0
1,30,218,194,2,0,1,99000,0,109,2023,10,9,19,15,22,5,42,17,15,2,1,2,0,7,0,0,0,0,0,0,20,70,0,3,1,35,1,3,61,31,0,1,0,1,0,11,0,10,0,40,0,4,0,2,0,2,0,4,2,35.61134,139.71301916666667,2,1,9999,0,1,0
1,30,218,196,2,0,1,30000,0,109,2023,10,15,18,5,21,5,47,17,7,2,1,2,1,7,1,21,0,0,11,9,30,70,4,2,1,45,25,3,61,31,0,1,0,1,0,11,0,1,0,20,0,4,0,2,0,2,0,4,2,35.61900972222222,139.7173575,1,3,9999,0,9,0
1,30,219,367,2,0,1,30000,0,111,2023,10,14,12,40,12,5,46,17,8,1,1,1,14,7,0,0,0,0,2,9,1,70,4,3,1,35,65,51,61,41,0,0,0,0,0,0,0,0,0,10,0,4,0,0,0,0,0,4,2,35.56939916666667,139.73420388888889,7,3,0,0,0,0
1,30,219,371,2,0,1,30000,0,111,2023,10,10,18,40,22,5,43,17,13,2,1,2,1,7,1,21,0,0,14,9,30,70,5,3,1,35,25,14,61,31,0,11,0,1,0,11,0,10,0,10,0,3,0,2,0,2,0,4,2,35.58562916666667,139.72659805555557,3,3,9999,0,1,0
1,30,219,372,2,0,1,30000,0,111,2023,10,19,7,50,12,5,50,17,2,1,1,1,1,7,9,22,0,0,14,9,30,70,4,3,1,45,1,14,61,1,0,11,0,1,0,11,0,10,0,40,0,3,0,2,0,2,0,4,2,35.56617222222222,139.7460811111111,5,3,9999,0,9,0
1,30,220,206,2,0,1,30000,0,111,2023,10,3,9,29,12,5,37,17,23,1,1,1,1,7,9,22,0,0,11,9,30,70,5,3,1,45,75,3,61,1,0,1,0,1,0,11,0,2,0,10,0,3,0,2,0,2,0,4,2,35.59339888888889,139.69216222222224,3,3,9999,0,9,0
1,30,220,218,2,0,1,30000,0,111,2023,10,28,10,30,12,5,58,16,51,1,1,1,1,1,9,22,0,0,15,9,30,70,5,1,1,45,75,51,61,41,0,0,0,0,0,0,0,0,0,10,0,3,0,0,0,0,0,4,2,35.60751611111111,139.6867877777778,7,3,0,0,0,0
1,30,220,219,2,0,1,10200,0,111,2023,10,29,4,55,22,5,59,16,50,3,1,2,1,1,9,22,0,0,19,9,30,70,5,1,1,45,35,3,61,31,0,1,0,1,0,11,0,5,0,50,0,3,0,2,0,2,0,4,2,35.585625,139.67990305555554,1,3,9999,0,1,0
1,30,221,275,2,0,1,30000,0,111,2023,10,4,10,15,12,5,38,17,22,2,1,2,14,7,0,0,0,0,3,9,1,70,4,2,1,75,75,14,61,31,0,11,0,1,0,11,0,3,0,30,0,4,0,2,0,2,0,4,2,35.557163055555556,139.74179805555553,4,3,720,0,9,0
1,30,221,281,2,0,2,1310,0,111,2023,9,14,7,50,12,5,22,17,51,1,1,1,14,7,0,0,0,0,6,9,1,70,1,1,1,1,1,51,61,41,0,0,0,0,0,0,0,0,0,10,0,3,0,0,0,0,0,2,2,35.55454083333333,139.739555,5,3,0,0,0,0
1,30,221,283,2,0,1,30000,0,111,2023,10,11,14,10,12,5,43,17,12,1,1,1,1,1,9,22,0,0,15,9,30,70,4,1,1,45,75,14,61,1,0,11,0,1,0,11,0,2,0,80,0,3,0,2,0,2,0,4,2,35.55555583333333,139.71660916666664,4,3,9999,0,9,0
1,30,221,286,2,0,1,30000,0,111,2023,10,14,13,20,12,5,46,17,8,1,1,1,1,7,9,22,0,0,15,9,30,70,5,1,1,1,65,51,61,41,0,0,0,0,0,0,0,0,0,10,0,3,0,0,0,0,0,4,2,35.56146611111111,139.7149061111111,7,3,0,0,0,0
1,30,222,302,2,0,1,30000,0,111,2023,10,12,17,50,21,5,44,17,11,1,1,1,1,7,1,21,0,0,11,9,30,70,5,3,1,35,35,51,61,41,0,0,0,0,0,0,0,0,0,10,0,3,0,0,0,0,0,4,2,35.57458166666667,139.7033708333333,5,3,0,0,0,0
1,30,222,309,2,0,1,30000,0,111,2023,10,17,17,30,21,5,48,17,4,1,1,1,14,7,0,0,0,0,2,9,1,70,5,3,1,55,1,3,61,1,0,1,0,1,0,11,0,5,0,10,0,4,0,2,0,2,0,4,2,35.57587361111111,139.70987944444443,3,3,9999,0,9,0
1,30,222,313,2,0,1,10130,0,111,2023,10,19,15,1,12,5,50,17,2,1,1,1,14,7,0,0,0,0,2,9,1,70,1,1,1,35,0,61,0,0,0,0,0,0,0,0,0,0,0,0,0,0,0,0,0,0,0,2,0,35.59491694444445,139.71287805555554,5,3,0,0,0,0
1,30,222,314,2,0,1,30000,0,111,2023,10,19,18,20,22,5,50,17,2,1,1,1,1,7,1,21,0,0,11,9,30,70,5,3,1,25,25,14,61,1,0,11,0,1,0,11,0,5,0,70,0,3,0,2,0,2,0,4,2,35.56142611111111,139.70537472222222,5,3,9999,0,1,0
1,30,222,315,2,0,1,30000,0,111,2023,10,20,8,26,12,5,51,17,0,1,1,1,1,1,9,22,0,0,11,9,30,70,5,2,1,65,35,3,61,31,0,1,0,1,0,11,0,2,0,10,0,3,0,2,0,2,0,4,2,35.57040166666667,139.70375777777775,6,3,9999,0,9,0
1,30,222,321,2,0,1,30000,0,111,2023,10,26,12,25,12,5,57,16,53,1,1,1,14,7,0,0,0,0,3,9,1,70,5,2,1,65,75,51,61,41,0,0,0,0,0,0,0,0,0,10,0,3,0,0,0,0,0,2,4,35.572408611111115,139.6839225,5,3,0,0,0,0
1,30,222,322,2,0,1,30000,0,111,2023,10,26,17,40,21,5,57,16,53,1,1,1,7,7,0,0,0,0,3,9,1,70,5,3,1,45,1,13,61,31,0,11,0,1,0,11,0,2,0,40,0,3,0,2,0,2,0,4,2,35.58038500000001,139.7082761111111,5,3,9999,0,9,0
1,30,222,325,2,0,1,30000,0,111,2023,10,30,15,0,12,6,0,16,49,1,1,1,14,7,0,0,0,0,2,9,1,1,5,3,1,75,1,3,61,31,0,1,0,1,0,11,0,1,0,20,0,4,0,2,0,2,0,4,2,35.58040805555556,139.69480000000001,2,3,861,0,9,0
1,30,325,202,2,0,1,30000,0,112,2023,10,12,17,43,21,5,44,17,11,1,1,1,14,7,0,0,0,0,4,8,1,70,4,2,1,1,1,51,61,41,0,0,0,0,0,0,0,0,0,12,0,3,0,0,0,0,0,4,2,35.64212194444445,139.64240638888887,5,3,0,0,0,0
1,30,325,213,2,0,1,30730,0,112,2023,3,5,13,30,12,6,7,17,39,1,1,1,1,1,9,22,0,0,14,6,30,70,5,2,1,65,55,51,61,41,0,0,0,0,0,0,0,0,0,10,0,3,0,0,0,0,0,2,4,35.643303055555556,139.6280113888889,1,3,0,0,0,0
1,30,325,218,2,0,1,30980,0,112,2023,10,26,6,36,11,5,57,16,53,1,1,1,1,7,1,21,0,0,11,9,30,70,4,2,1,35,75,51,61,41,0,0,0,0,0,0,0,0,0,12,0,3,0,0,0,0,0,4,2,35.63911944444445,139.67129694444444,5,3,0,0,0,0
1,30,325,221,2,0,1,21020,0,112,2023,6,7,11,52,12,4,25,18,55,1,1,1,1,7,9,22,0,0,17,8,30,70,4,2,1,75,35,51,61,41,0,0,0,0,0,0,0,0,0,10,0,3,0,0,0,0,0,4,2,35.65074111111111,139.67753944444445,4,3,0,0,0,0
1,30,325,224,2,0,1,20260,0,112,2023,10,24,19,15,22,5,55,16,55,1,1,1,1,1,9,22,0,0,14,9,30,70,5,1,1,75,35,3,61,31,0,1,0,1,0,11,0,4,0,10,0,3,0,2,0,2,0,4,2,35.65010638888889,139.66033833333333,3,3,48,0,9,0
1,30,326,299,1,1,0,30000,0,112,2023,10,23,10,30,12,5,54,16,57,1,1,1,1,7,1,21,0,0,14,9,30,70,5,3,1,45,65,3,61,31,0,1,0,1,0,11,0,10,0,10,0,4,0,2,0,2,0,4,1,35.648652222222225,139.6320427777778,2,3,9999,0,9,0
1,30,326,305,2,0,1,30000,0,112,2023,10,3,15,10,12,5,37,17,23,1,1,1,1,7,9,22,0,0,14,9,30,70,5,3,1,1,75,3,61,31,0,1,0,1,0,11,0,2,0,40,0,4,0,2,0,2,0,4,2,35.64992888888889,139.6367833333333,3,3,9999,0,1,0
1,30,326,308,2,0,1,10130,0,115,2023,10,6,3,35,22,5,39,17,19,1,1,1,1,1,9,22,0,0,19,9,30,70,1,1,1,55,35,3,61,31,0,1,0,1,0,11,0,4,0,16,0,3,0,2,0,2,0,4,2,35.67275194444444,139.6605013888889,6,3,9999,0,9,0
1,30,326,310,2,0,1,30000,0,112,2023,10,6,17,0,13,5,39,17,19,1,1,1,1,7,9,22,0,0,17,9,30,70,5,3,1,45,1,4,61,31,0,1,0,1,0,11,0,2,0,80,0,3,0,2,0,2,0,4,2,35.651220277777774,139.65946555555556,6,3,9999,0,9,0
1,30,326,313,2,0,1,20260,0,112,2023,10,14,13,15,12,5,46,17,8,1,1,1,1,7,1,21,0,0,14,9,30,1,5,3,1,75,45,3,61,31,0,1,0,1,0,11,0,2,0,40,0,4,0,2,0,2,0,4,2,35.655136666666664,139.67449138888887,7,3,102,0,9,0
1,30,326,316,2,0,1,30000,0,112,2023,10,16,17,59,21,5,48,17,5,1,1,1,14,7,0,0,0,0,2,9,1,70,5,3,1,45,1,51,61,41,0,0,0,0,0,0,0,0,0,10,0,3,0,0,0,0,0,2,4,35.66461916666667,139.6364536111111,2,3,0,0,0,0
1,30,326,317,2,0,1,30000,0,112,2023,10,1,14,58,12,5,35,17,26,2,1,2,14,7,0,0,0,0,3,9,1,70,5,3,1,25,25,3,61,31,0,1,0,1,0,11,0,10,0,40,0,3,0,2,0,2,0,4,2,35.65101722222222,139.6349688888889,1,3,9999,0,5,0
1,30,326,322,2,0,1,20260,0,112,2023,10,20,20,55,22,5,51,17,0,1,1,1,1,7,9,22,0,0,17,9,30,70,5,2,1,55,25,3,61,1,0,1,0,1,0,11,0,2,0,20,0,3,0,2,0,2,0,4,2,35.654853333333335,139.67347055555555,6,3,9999,0,9,0
1,30,326,323,2,0,1,20260,0,112,2023,10,20,20,45,22,5,51,17,0,1,1,1,1,1,9,22,0,0,15,9,30,70,5,2,1,1,25,14,61,1,0,11,0,1,0,11,0,3,0,10,0,2,0,2,0,2,0,4,2,35.65037111111111,139.665185,6,3,9999,0,1,0
1,30,326,324,2,0,1,30000,0,112,2023,10,22,23,0,22,5,53,16,58,1,1,1,13,7,0,0,0,0,2,5,1,70,5,4,1,65,65,3,61,31,0,1,0,1,0,11,0,10,0,10,0,3,0,2,0,2,0,4,2,35.66034166666667,139.67593916666667,1,3,9999,0,9,0
1,30,326,330,2,0,1,30000,0,112,2023,10,28,21,10,22,5,58,16,51,2,1,1,14,7,0,0,0,0,3,9,1,70,5,2,1,25,1,3,61,31,0,1,0,1,0,11,0,2,0,40,0,3,0,2,0,2,0,4,2,35.667898055555554,139.67292194444443,7,3,9999,0,1,0
1,30,327,399,2,0,1,30000,0,112,2023,9,9,11,15,12,5,18,17,58,1,1,2,14,7,0,0,0,0,2,9,1,70,5,3,1,75,55,3,61,31,0,1,0,1,0,11,0,2,0,40,0,4,0,2,0,2,0,4,2,35.60628777777778,139.66677194444443,7,3,810,0,9,0
1,30,327,409,2,0,1,30000,0,112,2023,10,4,13,35,12,5,38,17,22,2,1,2,14,7,0,0,0,0,3,9,1,70,5,3,1,55,65,3,61,31,0,1,0,1,0,11,0,10,0,40,0,4,0,2,0,2,0,4,2,35.60552388888889,139.67815249999998,4,3,9999,0,9,0
1,30,327,421,2,0,1,30000,0,112,2023,10,15,18,35,22,5,47,17,7,3,1,2,14,7,0,0,0,0,3,7,1,70,4,1,1,45,75,51,61,41,0,0,0,0,0,0,0,0,0,10,0,3,0,0,0,0,0,4,2,35.61348805555556,139.66014583333333,1,3,0,0,0,0
1,30,327,426,2,0,1,30000,0,112,2023,10,17,10,0,12,5,48,17,4,1,1,1,14,7,0,0,0,0,2,9,1,70,5,4,1,25,65,51,61,41,0,0,0,0,0,0,0,0,0,10,0,2,0,0,0,0,0,4,2,35.628295,139.63557777777777,3,3,0,0,0,0
1,30,327,443,2,0,1,20240,0,112,2023,10,30,10,36,12,6,0,16,49,1,1,1,1,1,9,22,0,0,15,9,30,70,4,1,1,25,75,17,61,1,0,11,0,1,0,11,0,3,0,40,0,3,0,2,0,2,0,4,2,35.621359166666664,139.65220444444444,2,3,9999,0,5,0
1,30,328,388,2,0,1,30000,0,112,2023,10,3,7,17,12,5,37,17,23,1,1,1,14,7,0,0,0,0,3,9,1,1,4,1,1,55,35,4,61,31,0,1,0,1,0,11,0,2,0,10,0,3,0,2,0,2,0,4,2,35.668906666666665,139.61683472222222,3,3,9999,0,9,0
1,30,328,389,2,0,1,30000,0,112,2023,10,3,14,55,12,5,37,17,23,1,1,1,14,7,0,0,0,0,1,9,1,70,5,3,1,65,1,3,61,1,0,1,0,1,0,11,0,10,0,80,0,4,0,2,0,2,0,4,2,35.62958722222222,139.60809916666665,3,3,9999,0,9,0
1,30,328,393,2,0,1,20000,0,112,2023,10,6,12,54,12,5,39,17,19,1,1,1,14,7,0,0,0,0,3,9,1,70,4,3,1,1,75,51,61,41,0,0,0,0,0,0,0,0,0,10,0,3,0,0,0,0,0,4,2,35.658519166666665,139.62595916666666,6,3,0,0,0,0
1,30,328,395,2,0,1,30000,0,112,2023,10,7,8,3,12,5,40,17,17,1,1,1,14,7,0,0,0,0,3,9,1,70,5,4,1,25,1,13,61,31,0,11,0,1,0,11,0,10,0,80,0,3,0,2,0,2,0,4,2,35.65633833333333,139.61079027777777,7,3,9999,0,1,0