資料区分,都道府県コード,警察署等コード,本票番号,事故内容,死者数,負傷者数,路線コード,地点コード,市区町村コード,発生日時　　年,発生日時　　月,発生日時　　日,発生日時　　時,発生日時　　分,昼夜,日の出時刻　　時,日の出時刻　　分,日の入り時刻　　時,日の入り時刻　　分,天候,地形,路面状態,道路形状,信号機,一時停止規制　標識（当事者A）,一時停止規制　表示（当事者A）,一時停止規制　標識（当事者B）,一時停止規制　表示（当事者B）,車道幅員,道路線形,衝突地点,ゾーン規制,中央分離帯施設等,歩車道区分,事故類型,年齢（当事者A）,年齢（当事者B）,当事者種別（当事者A）,当事者種別（当事者B）,用途別（当事者A）,用途別（当事者B）,車両形状等（当事者A）,車両形状等（当事者B）,オートマチック車（当事者A）,オートマチック車（当事者B）,サポカー（当事者A）,サポカー（当事者B）,速度規制（指定のみ）（当事者A）,速度規制（指定のみ）（当事者B）,車両の衝突部位（当事者A）,車両の衝突部位（当事者B）,車両の損壊程度（当事者A）,車両の損壊程度（当事者B）,エアバッグの装備（当事者A）,エアバッグの装備（当事者B）,サイドエアバッグの装備（当事者A）,サイドエアバッグの装備（当事者B）,人身損傷程度（当事者A）,人身損傷程度（当事者B）,lat,lon,曜日(発生年月日),祝日(発生年月日),認知機能検査経過日数（当事者A）,認知機能検査経過日数（当事者B）,運転練習の方法（当事者A）,運転練習の方法（当事者B）
1,30,328,401,2,0,1,30000,0,112,2023,3,14,16,56,13,5,54,17,47,1,1,1,14,7,0,0,0,0,3,9,1,70,4,1,1,45,45,51,61,41,0,0,0,0,0,0,0,0,0,40,0,3,0,0,0,0,0,4,2,35.64724638888889,139.62180305555557,3,3,0,0,0,0
1,30,328,402,2,0,1,30000,0,112,2023,8,1,18,56,21,4,48,18,46,2,1,1,14,7,0,0,0,0,3,9,1,70,4,1,1,25,45,51,61,41,0,0,0,0,0,0,0,0,0,20,0,4,0,0,0,0,0,4,2,35.65902111111111,139.61019638888888,3,3,0,0,0,0
1,30,328,404,2,0,1,10200,0,112,2023,6,15,18,2,13,4,25,18,58,3,1,2,14,7,0,0,0,0,4,9,1,70,1,1,1,55,1,52,61,41,0,0,0,0,0,0,0,0,0,10,0,3,0,0,0,0,0,4,2,35.64271194444444,139.61868722222223,5,3,0,0,0,0
1,30,328,406,2,0,1,99000,0,112,2023,10,14,12,30,12,5,46,17,8,1,1,1,0,7,0,0,0,0,0,0,20,70,0,4,1,55,1,3,61,31,0,1,0,1,0,11,0,10,0,20,0,3,0,2,0,2,0,4,2,35.65712416666666,139.6093161111111,7,3,9999,0,9,0
1,30,328,408,2,0,1,30000,0,112,2023,10,14,14,25,12,5,46,17,8,1,1,1,14,7,0,0,0,0,3,9,1,70,5,3,1,65,75,3,61,31,0,1,0,1,0,11,0,2,0,80,0,3,0,2,0,2,0,4,2,35.63980027777778,139.60159416666667,7,3,9999,0,9,0
1,30,328,418,2,0,1,30000,0,112,2023,10,20,13,25,12,5,51,17,0,1,1,1,14,7,0,0,0,0,2,7,1,70,5,3,1,65,35,31,61,31,0,0,0,0,0,11,0,2,0,40,0,3,0,0,0,0,0,4,2,35.62383888888889,139.61567694444443,6,3,9999,0,9,0
1,30,328,422,2,0,2,30000,0,112,2023,10,7,20,35,22,5,40,17,17,1,1,1,14,7,0,0,0,0,3,8,1,70,4,4,1,45,65,51,61,41,0,0,0,0,0,0,0,0,0,10,0,3,0,0,0,0,0,2,2,35.65994583333333,139.59752055555558,7,3,0,0,0,0
1,30,328,426,2,0,1,30000,0,112,2023,10,25,5,10,23,5,56,16,54,1,1,1,14,7,0,0,0,0,2,7,1,70,5,4,1,1,75,36,61,31,0,0,0,0,0,11,0,2,0,10,0,4,0,0,0,0,0,4,2,35.63865388888889,139.6176125,4,3,9999,0,5,0
1,30,328,434,2,0,1,30000,0,112,2023,10,30,11,5,12,6,0,16,49,1,1,1,1,1,9,22,0,0,14,9,30,70,4,2,1,65,65,3,61,31,0,1,0,1,0,11,0,10,0,50,0,3,0,2,0,2,0,4,2,35.64091472222222,139.60513444444445,2,3,9999,0,1,0
1,30,329,246,2,0,1,30000,0,110,2023,9,28,18,10,21,5,33,17,30,1,1,1,1,7,9,22,0,0,11,9,30,1,5,3,1,65,25,3,61,1,0,1,0,1,0,11,0,2,0,40,0,3,0,2,0,2,0,4,2,35.63944194444444,139.71149194444445,5,3,9999,0,9,0
1,30,329,254,2,0,1,10080,0,110,2023,10,26,21,0,22,5,57,16,53,1,1,1,1,1,9,22,0,0,15,9,30,70,4,1,1,45,65,14,61,1,0,11,0,1,0,11,0,2,0,80,0,3,0,2,0,2,0,4,2,35.62882361111111,139.69594555555557,5,3,9999,0,1,0
1,30,329,258,2,0,1,30000,0,110,2023,10,31,19,54,22,6,1,16,48,1,1,1,1,7,9,22,0,0,14,8,30,70,4,1,1,55,35,13,61,31,0,11,0,1,0,11,0,10,0,10,0,3,0,2,0,2,0,4,2,35.639073333333336,139.7076661111111,3,3,9999,0,9,0
1,30,330,275,2,0,1,30000,0,110,2023,10,3,10,5,12,5,37,17,23,1,1,1,1,7,1,21,0,0,11,8,30,70,5,3,1,75,65,14,61,31,0,11,0,1,0,11,0,5,0,10,0,3,0,2,0,2,0,4,2,35.616530833333336,139.69355666666667,3,3,9999,0,9,0
1,30,330,281,2,0,1,30000,0,110,2023,10,12,16,45,13,5,44,17,11,1,1,1,1,7,9,22,0,0,14,9,30,70,4,2,1,45,45,3,61,31,0,1,0,1,0,11,0,3,0,10,0,4,0,2,0,2,0,4,2,35.61877805555556,139.6750236111111,5,3,9999,0,1,0
1,30,330,282,2,0,1,10080,0,110,2023,10,12,15,35,12,5,44,17,11,1,1,1,1,7,1,21,0,0,11,9,30,70,4,2,1,55,75,3,61,31,0,1,0,1,0,11,0,2,0,40,0,4,0,2,0,2,0,4,2,35.6216225,139.6893738888889,5,3,9999,0,5,0
1,30,330,284,2,0,1,10080,0,110,2023,10,13,7,35,12,5,45,17,9,1,1,1,14,7,0,0,0,0,5,9,1,70,4,2,1,65,55,3,61,31,0,1,0,1,0,11,0,4,0,10,0,3,0,2,0,2,0,4,2,35.61851305555555,139.67601305555556,6,3,9999,0,9,0
1,30,330,288,2,0,1,30000,0,110,2023,10,14,16,55,13,5,46,17,8,1,1,1,14,7,0,0,0,0,2,9,1,70,5,3,1,1,55,51,61,41,0,0,0,0,0,0,0,0,0,10,0,3,0,0,0,0,0,4,2,35.61029472222222,139.69251111111112,7,3,0,0,0,0
1,30,330,290,2,0,1,30000,0,110,2023,9,27,6,45,12,5,32,17,32,1,1,1,14,7,0,0,0,0,2,8,1,70,5,3,1,65,45,3,61,31,0,1,0,1,0,11,0,10,0,40,0,3,0,2,0,2,0,4,2,35.61772583333333,139.67475277777777,4,3,9999,0,9,0
1,30,330,293,2,0,1,30000,0,110,2023,10,18,11,30,12,5,49,17,3,1,1,1,14,7,0,0,0,0,3,9,1,70,4,3,1,65,35,3,61,31,0,1,0,1,0,11,0,2,0,10,0,4,0,2,0,2,0,4,2,35.60835638888889,139.6712575,4,3,9999,0,9,0
1,30,330,294,2,0,1,20240,0,110,2023,9,26,8,0,12,5,31,17,33,1,1,1,14,7,0,0,0,0,3,9,1,70,5,2,1,1,55,51,61,41,0,0,0,0,0,0,0,0,0,40,0,4,0,0,0,0,0,4,2,35.62939222222222,139.68171027777777,3,3,0,0,0,0
1,30,331,282,1,1,0,10090,0,113,2023,10,22,6,52,11,5,53,16,58,1,1,1,1,1,9,22,0,0,17,9,30,70,5,3,1,25,75,34,61,31,0,0,0,0,0,11,0,4,0,10,0,3,0,0,0,0,0,4,1,35.64877166666667,139.7193925,1,3,9999,0,1,0
1,30,331,284,2,0,1,95000,0,113,2023,10,5,10,22,12,5,38,17,20,2,1,1,13,7,0,0,0,0,5,3,20,70,5,1,1,35,55,1,61,1,0,1,0,1,0,11,0,10,0,70,0,3,0,2,0,2,0,4,2,35.65879666666667,139.70226749999998,5,3,9999,0,1,0
1,30,331,287,2,0,7,30220,0,113,2023,10,7,19,30,22,5,40,17,17,1,1,1,7,8,0,0,0,0,5,9,1,70,4,2,1,1,1,3,61,31,0,1,0,1,0,11,0,10,0,10,0,2,0,2,0,2,0,4,2,35.659504444444444,139.69993722222222,7,3,9999,0,1,0
1,30,331,288,2,0,1,30000,0,113,2023,10,7,15,0,12,5,40,17,17,1,1,1,1,7,9,22,0,0,19,9,30,70,4,1,1,1,45,51,61,41,0,0,0,0,0,0,0,0,0,10,0,4,0,0,0,0,0,4,2,35.66050861111111,139.7006997222222,7,3,0,0,0,0
1,30,331,298,2,0,1,10090,0,113,2023,9,1,8,38,12,5,12,18,9,1,1,1,14,7,0,0,0,0,6,9,1,70,1,1,1,65,35,3,61,1,0,1,0,1,0,11,0,4,0,40,0,3,0,2,0,2,0,4,2,35.65875138888889,139.70294388888888,6,3,9999,0,9,0
1,30,331,301,2,0,1,30000,0,113,2023,10,6,19,21,22,5,39,17,19,1,1,1,14,7,0,0,0,0,2,9,1,70,5,3,1,25,25,4,61,31,0,1,0,1,0,11,0,5,0,40,0,4,0,2,0,2,0,4,2,35.661520833333334,139.69734583333334,6,3,9999,0,1,0
1,30,331,302,2,0,1,30000,0,113,2023,9,30,22,9,22,5,34,17,27,1,1,1,1,7,9,22,0,0,18,9,30,70,5,2,1,65,55,3,61,31,0,1,0,1,0,11,0,2,0,10,0,3,0,2,0,2,0,4,2,35.66094,139.69826416666666,7,3,9999,0,9,0
1,30,332,137,1,1,0,30000,0,113,2023,10,12,18,54,22,5,44,17,11,1,1,1,14,7,0,0,0,0,4,9,1,70,4,2,1,45,55,3,61,31,0,1,0,1,0,11,0,3,0,10,0,3,0,2,0,2,0,4,1,35.68112361111111,139.71007166666666,5,3,9999,0,1,0
1,30,332,144,2,0,1,30000,0,113,2023,10,10,16,47,13,5,43,17,13,3,1,2,14,7,0,0,0,0,3,9,1,70,4,1,1,45,1,13,61,31,0,11,0,1,0,11,0,2,0,40,0,3,0,2,0,2,0,4,2,35.68586694444444,139.69891083333334,3,3,9999,0,1,0
1,30,332,150,2,0,1,20160,0,113,2023,10,26,2,20,22,5,57,16,53,1,1,1,1,1,9,22,0,0,19,8,30,70,1,1,1,65,25,3,61,1,0,1,0,1,0,11,0,1,0,10,0,3,0,2,0,2,0,4,2,35.66847527777777,139.70554277777777,5,3,9999,0,9,0
1,30,333,219,2,0,1,30000,0,113,2023,10,8,14,20,12,5,41,17,16,2,1,1,14,7,0,0,0,0,1,7,1,70,5,3,1,25,65,3,61,31,0,1,0,1,0,11,0,1,0,40,0,4,0,2,0,2,0,4,2,35.678909999999995,139.68885500000002,1,2,9999,0,1,0
1,30,333,235,2,0,1,200,109,113,2023,10,11,19,0,22,5,43,17,12,1,1,1,14,7,0,0,0,0,3,9,1,70,1,2,1,55,25,3,61,31,0,1,0,1,0,11,0,10,0,30,0,3,0,2,0,2,0,4,2,35.67803416666666,139.67887694444443,4,3,9999,0,9,0
1,30,333,242,2,0,1,30000,0,113,2023,10,30,13,2,12,6,0,16,49,1,1,1,14,7,0,0,0,0,1,9,1,70,5,3,1,25,25,35,61,31,0,0,0,0,0,11,0,1,0,10,0,3,0,0,0,0,0,4,2,35.67663805555555,139.67766444444445,2,3,9999,0,1,0
1,30,435,191,2,0,1,30000,0,104,2023,10,5,11,50,12,5,38,17,20,1,1,1,14,7,0,0,0,0,1,9,1,70,5,2,1,65,35,14,61,1,0,11,0,1,0,11,0,1,0,40,0,3,0,2,0,2,0,4,2,35.70289888888889,139.74084138888887,5,3,9999,0,9,0
1,30,435,197,2,0,1,30000,0,104,2023,10,16,8,25,12,5,48,17,5,1,1,1,1,7,1,21,0,0,11,9,30,70,5,3,1,35,35,13,61,31,0,11,0,1,0,11,0,1,0,10,0,3,0,2,0,2,0,4,2,35.707235833333336,139.72392083333332,2,3,9999,0,5,0
1,30,435,199,2,0,1,30000,0,104,2023,8,22,8,50,12,5,5,18,23,1,1,1,14,7,0,0,0,0,2,9,1,70,5,4,1,45,35,3,61,31,0,1,0,1,0,11,0,10,0,80,0,3,0,2,0,2,0,4,2,35.7029975,139.74090777777778,3,3,9999,0,1,0
1,30,435,205,2,0,1,20290,0,104,2023,10,22,11,10,12,5,53,16,58,1,1,1,14,8,0,0,0,0,4,8,1,70,5,1,1,35,75,52,61,41,0,0,0,0,0,0,0,0,0,10,0,3,0,0,0,0,0,4,2,35.70086027777778,139.70968166666665,1,3,0,0,0,0
1,30,435,208,2,0,1,10220,0,104,2023,10,27,20,31,22,5,57,16,52,1,1,1,14,7,0,0,0,0,3,8,1,70,4,2,1,75,45,3,61,31,0,1,0,1,0,11,0,3,0,84,0,3,0,2,0,2,0,4,2,35.70422666666667,139.7323127777778,6,3,319,0,9,0
1,30,435,210,2,0,1,30000,0,104,2023,10,31,16,30,13,6,1,16,48,2,1,1,1,1,9,22,0,0,11,8,30,1,4,1,1,65,65,3,61,31,0,1,0,1,0,11,0,1,0,20,0,3,0,2,0,2,0,4,2,35.70469388888889,139.71607416666666,3,3,9999,0,9,0
1,30,435,211,2,0,1,30000,0,104,2023,10,2,15,0,12,5,36,17,25,1,1,1,14,7,0,0,0,0,2,9,1,70,5,1,1,45,45,13,61,31,0,11,0,1,0,11,0,2,0,41,0,3,0,2,0,2,0,4,2,35.70155388888889,139.72125916666667,2,3,9999,0,1,0
1,30,436,212,2,0,1,20300,0,104,2023,10,7,0,0,22,5,40,17,17,1,1,1,1,1,9,22,0,0,14,9,30,70,1,2,1,55,1,3,61,31,0,1,0,1,0,11,0,3,0,40,0,3,0,2,0,2,0,4,2,35.698166666666665,139.7005411111111,7,3,9999,0,4,0
1,30,436,216,2,0,1,10050,0,104,2023,7,16,15,45,12,4,37,18,57,1,1,1,14,7,0,0,0,0,4,9,1,1,1,3,1,25,35,51,61,41,0,0,0,0,0,0,0,0,0,10,0,4,0,0,0,0,0,4,2,35.69335722222222,139.70186444444442,1,2,0,0,0,0
1,30,436,217,2,0,1,10050,0,104,2023,2,20,4,28,22,6,23,17,27,1,1,1,13,7,0,0,0,0,5,6,1,70,1,2,1,65,45,3,61,1,0,1,0,1,0,11,0,1,0,0,0,4,0,2,0,2,0,4,2,35.69356416666666,139.70078666666666,2,3,9999,0,9,0
1,30,436,222,2,0,1,20300,0,104,2023,10,16,19,45,22,5,48,17,5,1,1,1,7,7,0,0,0,0,6,9,1,70,1,1,1,35,45,3,61,31,0,1,0,1,0,11,0,5,0,10,0,3,0,2,0,2,0,4,2,35.69807888888889,139.69794833333333,2,3,9999,0,5,0
1,30,436,226,2,0,1,20000,0,104,2023,10,25,5,55,23,5,56,16,54,1,1,1,7,1,0,0,0,0,6,9,1,70,1,2,1,55,55,3,61,1,0,1,0,1,0,11,0,1,0,10,0,3,0,2,0,2,0,4,2,35.6887675,139.69100944444446,4,3,9999,0,9,0
1,30,436,228,2,0,1,20300,0,104,2023,8,8,19,55,22,4,54,18,39,1,1,1,1,1,9,22,0,0,19,9,30,70,1,2,1,55,35,3,61,1,0,1,0,1,0,11,0,1,0,50,0,3,0,2,0,2,0,4,2,35.69793277777777,139.70773305555554,3,3,9999,0,9,0
1,30,436,229,2,0,1,20290,0,104,2023,10,15,15,35,12,5,47,17,7,2,1,1,14,7,0,0,0,0,2,9,1,70,4,2,1,55,45,4,61,31,0,1,0,1,0,11,0,5,0,50,0,4,0,2,0,2,0,4,2,35.70125666666667,139.70241416666664,1,3,9999,0,9,0
1,30,436,233,2,0,1,30000,0,104,2023,10,23,15,0,12,5,54,16,57,1,1,1,14,7,0,0,0,0,3,9,1,70,4,2,1,55,1,3,61,1,0,1,0,1,0,11,0,3,0,40,0,3,0,2,0,2,0,4,2,35.6932225,139.69248305555556,2,3,9999,0,9,0
1,30,436,235,2,0,1,10090,0,104,2022,8,25,0,47,22,5,7,18,18,2,1,1,7,1,0,0,0,0,1,9,1,70,1,2,1,25,0,61,0,0,0,0,0,0,0,0,0,0,0,0,0,0,0,0,0,0,0,2,0,35.69503888888889,139.70678055555555,5,3,0,0,0,0
1,30,436,237,2,0,1,30000,0,104,2023,10,29,1,36,22,5,59,16,50,1,1,1,14,7,0,0,0,0,4,9,1,70,5,1,1,25,45,3,61,1,0,1,0,1,0,11,0,3,0,70,0,4,0,2,0,2,0,4,2,35.693683888888884,139.70370722222222,1,3,9999,0,5,0
1,30,437,223,2,0,1,30000,0,104,2023,10,11,21,20,22,5,43,17,12,1,1,1,1,7,9,22,0,0,14,8,30,70,4,2,1,55,1,3,61,1,0,1,0,1,0,11,0,2,0,20,0,3,0,2,0,2,0,4,2,35.71228138888889,139.70449722222222,4,3,9999,0,9,0
1,30,437,225,2,0,1,30000,0,104,2023,10,5,7,15,12,5,38,17,20,2,1,1,14,7,0,0,0,0,1,9,1,70,5,3,1,55,1,14,61,31,0,11,0,1,0,11,0,2,0,40,0,3,0,2,0,2,0,4,2,35.71869166666667,139.69265611111112,5,3,9999,0,9,0
1,30,437,227,2,0,1,10010,0,104,2023,10,14,14,5,12,5,46,17,8,1,1,1,14,7,0,0,0,0,5,9,1,70,4,1,1,55,75,51,61,41,0,0,0,0,0,0,0,0,0,40,0,3,0,0,0,0,0,4,2,35.72188,139.6978736111111,7,3,0,0,0,0
1,30,437,234,2,0,1,30000,0,104,2023,10,30,11,41,12,6,0,16,49,1,1,1,1,7,9,22,0,0,11,8,30,70,5,4,1,75,25,51,61,41,0,0,0,0,0,0,0,0,0,20,0,3,0,0,0,0,0,4,2,35.711530833333335,139.68756972222224,2,3,0,0,0,0
1,30,438,203,2,0,3,10050,0,104,2023,10,4,18,0,21,5,38,17,22,3,1,2,1,1,1,21,0,0,17,9,30,70,1,2,1,35,65,13,61,31,0,11,0,1,0,11,0,5,0,80,0,3,0,2,0,2,0,4,2,35.691786388888886,139.70887499999998,4,3,9999,0,1,0
1,30,438,205,2,0,1,200,66,104,2023,10,5,4,23,22,5,38,17,20,2,1,1,1,1,9,22,0,0,18,9,30,70,5,1,1,45,25,3,61,31,0,1,0,1,0,11,0,10,0,10,0,3,0,2,0,2,0,4,2,35.688044722222216,139.72058722222224,5,3,9999,0,1,0
1,30,438,206,2,0,1,21030,0,104,2023,10,6,19,0,22,5,39,17,19,1,1,1,1,1,9,22,0,0,18,9,30,70,1,1,1,45,55,3,61,31,0,1,0,1,0,11,0,5,0,40,0,3,0,2,0,2,0,4,2,35.6879,139.72283583333333,6,3,9999,0,5,0
1,30,438,208,2,0,1,30000,0,104,2023,10,9,23,17,22,5,42,17,15,3,1,2,14,7,0,0,0,0,2,9,1,70,5,3,1,55,75,13,61,31,0,11,0,1,0,11,0,1,0,80,0,3,0,2,0,2,0,4,2,35.68094694444444,139.7227413888889,2,1,9999,0,9,0
1,30,438,209,2,0,1,30000,0,104,2023,9,19,17,53,21,5,26,17,44,1,1,1,7,1,0,0,0,0,2,9,1,70,4,2,1,45,45,13,61,31,0,11,0,1,0,11,0,1,0,40,0,4,0,2,0,2,0,4,2,35.68821222222222,139.70994944444442,3,3,9999,0,1,0
1,30,438,213,2,0,1,30000,0,104,2023,9,4,13,30,12,5,15,18,5,1,1,1,1,7,1,21,0,0,14,9,30,70,5,3,1,55,35,3,61,31,0,1,0,1,0,11,0,5,0,10,0,4,0,2,0,2,0,4,2,35.68569194444444,139.72846833333332,2,3,9999,0,9,0
1,30,438,224,2,0,1,30000,0,104,2023,10,17,15,50,12,5,48,17,4,1,1,1,14,7,0,0,0,0,2,9,1,70,1,1,1,45,25,3,61,31,0,1,0,1,0,11,0,1,0,10,0,3,0,2,0,2,0,4,2,35.689322222222216,139.7023661111111,3,3,9999,0,9,0
1,30,438,226,2,0,1,30000,0,104,2023,9,30,12,5,12,5,34,17,27,2,1,1,1,7,9,22,0,0,11,9,30,70,5,3,1,45,35,51,61,41,0,0,0,0,0,0,0,0,0,10,0,3,0,0,0,0,0,4,2,35.69159722222222,139.70617,7,3,0,0,0,0
1,30,439,249,2,0,1,30000,0,114,2023,10,6,8,10,12,5,39,17,19,1,1,1,1,7,9,22,0,0,11,9,30,70,5,3,1,55,1,17,61,1,0,11,0,1,0,11,0,3,0,60,0,3,0,2,0,2,0,4,2,35.70126583333334,139.6755411111111,6,3,9999,0,9,0
1,30,439,267,2,0,1,30000,0,114,2023,10,29,22,38,22,5,59,16,50,1,1,1,14,7,0,0,0,0,2,8,20,70,5,4,1,25,25,4,61,31,0,1,0,1,0,11,0,5,0,60,0,3,0,2,0,2,0,4,2,35.706723888888895,139.67288694444443,1,3,9999,0,1,0
1,30,439,268,2,0,1,10230,0,114,2023,9,13,0,50,22,5,21,17,52,1,1,1,14,7,0,0,0,0,4,9,1,70,4,1,1,75,65,3,61,1,0,1,0,1,0,11,0,3,0,80,0,3,0,2,0,2,0,4,2,35.68526444444444,139.66430805555555,4,3,154,0,9,0
1,30,440,268,2,0,1,30000,0,114,2023,10,11,11,50,12,5,43,17,12,1,1,1,14,7,0,0,0,0,1,9,1,70,5,1,1,1,75,51,61,41,0,0,0,0,0,0,0,0,0,10,0,3,0,0,0,0,0,4,2,35.71564555555556,139.66505055555555,4,3,0,0,0,0
1,30,440,275,2,0,1,20280,0,114,2023,10,18,23,20,22,5,49,17,3,1,1,1,1,1,9,22,0,0,15,9,30,70,4,2,1,65,25,3,61,1,0,1,0,1,0,11,0,3,0,80,0,3,0,2,0,2,0,4,2,35.70846527777778,139.66503055555557,4,3,9999,0,9,0
1,30,440,278,2,0,1,30000,0,114,2023,10,16,10,55,12,5,48,17,5,1,1,1,14,7,0,0,0,0,2,9,1,70,5,3,1,65,65,3,61,31,0,1,0,1,0,11,0,10,0,80,0,4,0,2,0,2,0,4,2,35.711909722222224,139.65063722222223,2,3,9999,0,1,0
1,30,440,281,2,0,1,30000,0,114,2023,10,26,5,5,23,5,57,16,53,1,1,1,14,7,0,0,0,0,1,9,1,70,5,3,1,35,35,3,61,31,0,1,0,1,0,11,0,2,0,10,0,3,0,2,0,2,0,4,2,35.713366944444445,139.67623527777778,5,3,9999,0,1,0
1,30,440,290,2,0,1,10220,0,114,2023,10,30,11,55,12,6,0,16,49,1,1,1,1,1,9,22,0,0,18,9,30,70,5,2,1,35,75,3,61,31,0,1,0,1,0,11,0,3,0,10,0,3,0,2,0,2,0,4,2,35.70971194444445,139.6539502777778,2,3,9999,0,5,0
1,30,441,269,2,0,1,30000,0,115,2023,10,2,11,50,12,5,36,17,25,1,1,1,1,7,9,22,0,0,15,9,30,70,5,1,1,25,75,51,61,41,0,0,0,0,0,0,0,0,0,10,0,4,0,0,0,0,0,4,2,35.70514166666667,139.65024083333333,2,3,0,0,0,0
1,30,441,273,2,0,1,10240,0,115,2023,10,2,13,10,12,5,36,17,25,2,1,1,1,1,9,22,0,0,18,9,30,70,4,1,1,35,75,51,61,41,0,0,0,0,0,0,0,0,0,0,0,4,0,0,0,0,0,4,2,35.69768111111111,139.6440086111111,2,3,0,0,0,0
1,30,441,280,2,0,1,30000,0,115,2023,10,7,17,35,21,5,40,17,17,1,1,1,1,1,9,22,0,0,11,9,30,70,4,2,1,75,55,3,61,1,0,1,0,1,0,11,0,10,0,70,0,3,0,2,0,2,0,4,2,35.690665555555555,139.66655111111112,7,3,66,0,9,0
1,30,441,288,2,0,1,10130,0,115,2023,10,12,16,10,12,5,44,17,11,1,1,1,14,7,0,0,0,0,1,9,1,70,1,2,1,1,25,51,61,41,0,0,0,0,0,0,0,0,0,10,0,3,0,0,0,0,0,4,2,35.70589666666667,139.65445666666668,5,3,0,0,0,0
1,30,441,289,2,0,1,30000,0,115,2023,9,19,11,0,12,5,26,17,44,1,1,1,14,7,0,0,0,0,1,9,1,70,5,4,1,55,35,51,61,41,0,0,0,0,0,0,0,0,0,40,0,4,0,0,0,0,0,4,2,35.70883805555556,139.65132,3,3,0,0,0,0
1,30,441,301,2,0,1,10130,0,115,2023,10,25,7,25,12,5,56,16,54,1,1,1,1,1,9,22,0,0,19,9,30,70,1,2,1,35,45,51,61,41,0,0,0,0,0,0,0,0,0,10,0,3,0,0,0,0,0,2,4,35.697827499999995,139.65464111111112,4,3,0,0,0,0
1,30,441,302,2,0,1,30000,0,115,2023,10,25,16,15,13,5,56,16,54,1,1,1,1,7,9,22,0,0,11,9,30,70,5,4,1,75,1,3,61,31,0,1,0,1,0,11,0,2,0,40,0,3,0,2,0,2,0,4,2,35.70411583333333,139.6577225,4,3,512,0,9,0
1,30,441,304,2,0,1,10130,0,115,2023,10,28,10,35,12,5,58,16,51,1,1,1,14,7,0,0,0,0,5,9,1,70,1,2,1,35,55,51,61,41,0,0,0,0,0,0,0,0,0,10,0,4,0,0,0,0,0,4,2,35.696036666666664,139.65422333333333,7,3,0,0,0,0
1,30,441,308,2,0,1,10220,0,115,2023,10,30,8,18,12,6,0,16,49,1,1,1,14,7,0,0,0,0,3,9,1,70,4,2,1,1,45,51,61,41,0,0,0,0,0,0,0,0,0,10,0,2,0,0,0,0,0,4,2,35.71228388888889,139.64062638888888,2,3,0,0,0,0
1,30,442,269,2,0,1,10270,0,115,2023,6,21,15,23,12,4,25,19,0,2,1,1,1,1,9,22,0,0,14,9,30,70,5,2,1,75,1,35,61,31,0,0,0,0,0,11,0,1,0,10,0,3,0,0,0,0,0,4,2,35.68498916666666,139.6248763888889,4,3,9999,0,9,0
1,30,442,272,2,0,1,30000,0,115,2023,9,9,15,30,12,5,18,17,58,1,1,1,14,7,0,0,0,0,1,9,1,70,5,3,1,45,35,3,61,31,0,1,0,1,0,11,0,1,0,40,0,4,0,2,0,2,0,4,2,35.68486972222222,139.60802333333334,7,3,9999,0,9,0
1,30,442,280,2,0,1,30000,0,115,2023,9,23,11,25,12,5,29,17,38,2,1,1,1,7,1,21,0,0,14,9,30,70,5,3,1,25,25,36,61,31,0,0,0,0,0,11,0,2,0,30,0,4,0,0,0,0,0,4,2,35.674750277777775,139.65868805555556,7,1,9999,0,1,0
1,30,442,294,2,0,1,30000,0,115,2023,8,16,12,7,12,5,0,18,30,2,1,1,14,7,0,0,0,0,2,9,1,70,5,3,1,55,35,3,61,31,0,1,0,1,0,11,0,1,0,40,0,3,0,2,0,2,0,4,2,35.68514111111111,139.60805194444444,4,3,9999,0,9,0
1,30,443,187,2,0,1,10200,0,115,2023,10,1,17,40,21,5,35,17,26,2,1,1,1,1,9,22,0,0,17,9,30,70,1,1,1,55,65,3,61,31,0,1,0,1,0,11,0,3,0,10,0,4,0,2,0,2,0,4,2,35.70001444444445,139.61715416666667,1,3,9999,0,9,0
1,30,443,201,2,0,1,30000,0,115,2023,10,16,15,55,12,5,48,17,5,1,1,1,1,7,9,22,0,0,11,9,30,70,1,2,1,75,75,14,61,31,0,11,0,1,0,11,0,2,0,10,0,3,0,2,0,2,0,4,2,35.72500083333333,139.61434166666666,2,3,40,0,9,0
1,30,443,212,2,0,1,30000,0,115,2023,10,31,18,15,22,6,1,16,48,1,1,1,1,7,9,22,0,0,14,9,30,70,4,1,1,65,25,3,61,31,0,1,0,1,0,11,0,10,0,20,0,3,0,2,0,2,0,4,2,35.70331361111111,139.60033972222223,3,3,9999,0,1,0
1,30,545,89,2,0,1,20370,0,105,2023,10,6,23,30,22,5,39,17,19,1,1,1,1,1,0,0,0,0,15,9,30,70,5,2,1,1,0,61,0,0,0,0,0,0,0,0,0,0,0,0,0,0,0,0,0,0,0,2,0,35.72712138888889,139.7423047222222,6,3,0,0,0,0
1,30,545,94,2,0,1,2540,23,105,2023,10,23,15,50,12,5,54,16,57,1,1,1,1,7,9,22,0,0,11,9,30,70,5,3,1,35,25,51,61,41,0,0,0,0,0,0,0,0,0,40,0,4,0,0,0,0,0,4,2,35.71627527777778,139.73918305555554,2,3,0,0,0,0