資料区分,都道府県コード,警察署等コード,本票番号,事故内容,死者数,負傷者数,路線コード,地点コード,市区町村コード,発生日時　　年,発生日時　　月,発生日時　　日,発生日時　　時,発生日時　　分,昼夜,日の出時刻　　時,日の出時刻　　分,日の入り時刻　　時,日の入り時刻　　分,天候,地形,路面状態,道路形状,信号機,一時停止規制　標識（当事者A）,一時停止規制　表示（当事者A）,一時停止規制　標識（当事者B）,一時停止規制　表示（当事者B）,車道幅員,道路線形,衝突地点,ゾーン規制,中央分離帯施設等,歩車道区分,事故類型,年齢（当事者A）,年齢（当事者B）,当事者種別（当事者A）,当事者種別（当事者B）,用途別（当事者A）,用途別（当事者B）,車両形状等（当事者A）,車両形状等（当事者B）,オートマチック車（当事者A）,オートマチック車（当事者B）,サポカー（当事者A）,サポカー（当事者B）,速度規制（指定のみ）（当事者A）,速度規制（指定のみ）（当事者B）,車両の衝突部位（当事者A）,車両の衝突部位（当事者B）,車両の損壊程度（当事者A）,車両の損壊程度（当事者B）,エアバッグの装備（当事者A）,エアバッグの装備（当事者B）,サイドエアバッグの装備（当事者A）,サイドエアバッグの装備（当事者B）,人身損傷程度（当事者A）,人身損傷程度（当事者B）,lat,lon,曜日(発生年月日),祝日(発生年月日),認知機能検査経過日数（当事者A）,認知機能検査経過日数（当事者B）,運転練習の方法（当事者A）,運転練習の方法（当事者B）
1,30,546,62,2,0,1,2540,25,105,2023,9,22,15,10,12,5,28,17,39,2,1,1,14,7,0,0,0,0,6,9,1,70,1,2,1,55,1,51,61,41,0,0,0,0,0,0,0,0,0,10,0,4,0,0,0,0,0,4,2,35.717420555555556,139.73755999999997,6,2,0,0,0,0
1,30,546,63,2,0,1,10010,0,105,2023,10,17,17,30,21,5,48,17,4,1,1,1,1,1,9,22,0,0,19,9,30,70,1,2,1,45,45,14,61,31,0,11,0,1,0,11,0,4,0,80,0,3,0,2,0,2,0,4,2,35.71029,139.73140527777778,3,3,9999,0,9,0
1,30,546,64,2,0,1,30000,0,105,2023,10,26,11,20,12,5,57,16,53,1,1,1,14,7,0,0,0,0,2,9,1,70,5,4,1,45,25,13,61,31,0,11,0,1,0,11,0,5,0,40,0,3,0,2,0,2,0,4,2,35.708284444444445,139.7324175,5,3,9999,0,1,0
1,30,547,111,2,0,1,20390,0,105,2023,10,8,8,50,12,5,41,17,16,1,1,1,14,7,0,0,0,0,5,9,1,70,1,1,1,45,1,51,61,41,0,0,0,0,0,0,0,0,0,20,0,4,0,0,0,0,0,4,2,35.70757416666667,139.75969805555556,1,2,0,0,0,0
1,30,547,112,2,0,1,30000,0,105,2023,10,5,8,25,12,5,38,17,20,1,1,1,1,7,9,22,0,0,11,9,30,70,5,2,1,35,45,51,61,41,0,0,0,0,0,0,0,0,0,10,0,3,0,0,0,0,0,4,2,35.70384972222222,139.76267305555555,5,3,0,0,0,0
1,30,547,116,2,0,1,30000,0,105,2023,10,13,17,5,13,5,45,17,9,1,1,1,14,7,0,0,0,0,2,9,1,70,5,3,1,35,45,51,61,41,0,0,0,0,0,0,0,0,0,10,0,4,0,0,0,0,0,4,2,35.70717305555556,139.7581663888889,6,3,0,0,0,0
1,30,547,119,2,0,1,20390,0,105,2023,10,26,1,0,22,5,57,16,53,1,1,1,1,1,9,22,0,0,14,8,30,70,4,2,1,55,35,3,61,31,0,1,0,1,0,11,0,4,0,20,0,3,0,2,0,2,0,4,2,35.70772388888889,139.76705,5,3,9999,0,1,0
1,30,548,69,2,0,1,30000,0,105,2023,10,3,4,30,22,5,37,17,23,1,1,1,14,7,0,0,0,0,2,9,1,70,5,3,1,55,35,4,61,31,0,1,0,1,0,11,0,5,0,40,0,4,0,2,0,2,0,4,2,35.73274055555556,139.74965083333333,3,3,9999,0,9,0
1,30,548,70,2,0,1,20000,0,105,2023,10,20,15,45,12,5,51,17,0,1,1,1,14,7,0,0,0,0,3,9,1,70,4,1,1,45,75,4,61,31,0,1,0,1,0,11,0,2,0,10,0,3,0,2,0,2,0,4,2,35.72473027777778,139.76368027777778,6,3,9999,0,9,0
1,30,548,73,2,0,1,30000,0,105,2023,9,23,12,33,12,5,29,17,38,1,1,1,14,7,0,0,0,0,2,9,1,70,5,3,1,25,45,3,61,31,0,1,0,1,0,11,0,1,0,30,0,3,0,2,0,2,0,4,2,35.72628805555556,139.76440861111112,7,1,9999,0,1,0
1,30,548,75,2,0,1,20400,0,105,2023,10,27,7,25,12,5,57,16,52,1,1,1,1,1,9,22,0,0,18,9,30,70,4,1,1,35,35,51,61,41,0,0,0,0,0,0,0,0,0,10,0,3,0,0,0,0,0,4,2,35.72298416666667,139.7542613888889,6,3,0,0,0,0
1,30,549,106,2,0,1,30000,0,116,2023,10,3,5,19,23,5,37,17,23,1,1,1,14,7,0,0,0,0,2,9,20,70,5,3,1,25,65,14,61,1,0,11,0,1,0,11,0,4,0,10,0,3,0,2,0,2,0,4,2,35.73812638888889,139.73468,3,3,9999,0,1,0
1,30,550,181,2,0,1,30000,0,116,2023,9,15,14,40,12,5,23,17,49,3,1,2,1,1,9,22,0,0,11,9,30,70,5,2,1,45,75,13,61,31,0,11,0,1,0,11,0,10,0,50,0,3,0,2,0,2,0,4,2,35.73293138888889,139.71764083333335,6,3,9999,0,1,0
1,30,550,182,2,0,1,30000,0,116,2023,9,15,19,30,22,5,23,17,49,3,1,2,1,7,9,22,0,0,15,9,30,70,4,2,1,25,25,3,61,31,0,1,0,1,0,11,0,10,0,50,0,3,0,2,0,2,0,4,2,35.73170805555556,139.710805,6,3,9999,0,4,0
1,30,550,188,2,0,1,30000,0,116,2023,10,2,15,40,12,5,36,17,25,1,1,1,14,7,0,0,0,0,2,9,1,70,5,3,1,1,35,13,61,31,0,11,0,1,0,11,0,2,0,80,0,3,0,2,0,2,0,4,2,35.739266111111114,139.71542694444443,2,3,9999,0,1,0
1,30,551,160,2,0,1,30000,0,116,2023,10,6,10,45,12,5,39,17,19,1,1,1,14,7,0,0,0,0,1,9,1,70,5,3,1,45,35,51,61,41,0,0,0,0,0,0,0,0,0,10,0,3,0,0,0,0,0,4,2,35.72634027777778,139.71335444444443,6,3,0,0,0,0
1,30,551,163,2,0,1,30000,0,116,2023,10,10,0,5,22,5,43,17,13,3,1,2,7,1,0,0,0,0,3,9,1,70,5,2,1,25,1,3,61,31,0,1,0,1,0,11,0,2,0,50,0,3,0,2,0,2,0,4,2,35.73159444444445,139.69669916666666,3,3,9999,0,1,0
1,30,551,167,2,0,1,10280,0,116,2023,10,4,21,15,22,5,38,17,22,3,1,2,1,1,9,22,0,0,18,9,30,70,1,1,1,55,1,3,61,1,0,1,0,1,0,11,0,4,0,20,0,4,0,2,0,2,0,4,2,35.71593277777778,139.70556888888888,4,3,9999,0,9,0
1,30,552,176,2,0,1,20570,0,117,2023,10,3,15,53,12,5,37,17,23,2,1,1,14,7,0,0,0,0,3,9,1,70,1,1,1,65,55,51,61,41,0,0,0,0,0,0,0,0,0,10,0,3,0,0,0,0,0,2,4,35.743139444444445,139.74748722222222,3,3,0,0,0,0
1,30,552,184,2,0,1,20570,0,117,2023,10,18,8,20,12,5,49,17,3,1,1,1,14,1,0,0,0,0,2,9,1,70,4,2,1,45,1,51,61,41,0,0,0,0,0,0,0,0,0,10,0,3,0,0,0,0,0,4,2,35.743476111111114,139.76304611111112,4,3,0,0,0,0
1,30,553,152,2,0,1,10130,0,117,2023,10,8,20,5,22,5,41,17,16,2,1,1,1,1,9,22,0,0,18,9,30,70,5,2,1,45,45,3,61,31,0,1,0,1,0,11,0,4,0,40,0,3,0,2,0,2,0,4,2,35.76667638888889,139.72376222222223,1,2,9999,0,1,0
1,30,553,153,2,0,1,30000,0,117,2023,9,27,15,50,12,5,32,17,32,1,1,1,14,7,0,0,0,0,2,9,1,70,5,2,1,35,45,51,61,41,0,0,0,0,0,0,0,0,0,10,0,4,0,0,0,0,0,4,2,35.75483638888889,139.7478436111111,4,3,0,0,0,0
1,30,553,160,2,0,1,10090,0,117,2023,10,25,18,45,22,5,56,16,54,1,1,1,14,1,0,0,0,0,5,9,1,70,4,1,1,25,45,51,61,41,0,0,0,0,0,0,0,0,0,10,0,4,0,0,0,0,0,4,2,35.755203055555555,139.74035916666665,4,3,0,0,0,0
1,30,553,162,2,0,1,30000,0,117,2023,10,27,15,0,12,5,57,16,52,1,1,1,14,7,0,0,0,0,3,9,1,70,4,1,1,1,1,31,61,31,0,0,0,0,0,11,0,2,0,10,0,3,0,0,0,0,0,4,2,35.76291472222222,139.73593027777775,6,3,9999,0,1,0
1,30,554,181,2,0,1,30000,0,117,2023,10,21,17,47,21,5,52,16,59,1,1,1,1,7,9,22,0,0,11,9,30,70,5,1,1,45,75,51,61,41,0,0,0,0,0,0,0,0,0,10,0,3,0,0,0,0,0,4,2,35.7797325,139.72466666666668,7,3,0,0,0,0
1,30,554,182,2,0,1,20000,0,117,2023,10,21,18,15,22,5,52,16,59,1,1,1,14,7,0,0,0,0,4,9,1,70,4,1,1,45,45,51,61,41,0,0,0,0,0,0,0,0,0,20,0,3,0,0,0,0,0,4,2,35.776986666666666,139.71994555555557,7,3,0,0,0,0
1,30,554,183,2,0,1,30000,0,117,2023,10,25,16,0,13,5,56,16,54,1,1,1,14,7,0,0,0,0,2,9,1,70,5,4,1,65,65,51,61,41,0,0,0,0,0,0,0,0,0,10,0,3,0,0,0,0,0,2,4,35.77620527777778,139.70800555555553,4,3,0,0,0,0
1,30,555,296,2,0,1,30000,0,119,2023,10,2,19,57,22,5,36,17,25,1,1,1,1,7,9,22,0,0,11,9,30,70,5,3,1,55,75,3,61,31,0,1,0,1,0,11,0,5,0,40,0,3,0,2,0,2,0,4,2,35.75679972222222,139.70879666666664,2,3,9999,0,1,0
1,30,555,299,2,0,1,30000,0,119,2023,8,13,20,30,22,4,58,18,34,2,1,1,14,7,0,0,0,0,2,9,1,70,5,3,1,55,45,59,61,0,0,0,0,0,0,0,0,0,0,10,0,3,0,0,0,0,0,4,2,35.74903305555556,139.69992638888888,1,3,0,0,0,0
1,30,555,301,2,0,1,30000,0,119,2023,10,10,12,40,12,5,43,17,13,1,1,1,14,7,0,0,0,0,3,9,1,70,5,3,1,45,75,51,61,41,0,0,0,0,0,0,0,0,0,10,0,4,0,0,0,0,0,4,2,35.75617277777778,139.70886416666664,3,3,0,0,0,0
1,30,555,305,2,0,1,30000,0,119,2023,10,13,18,5,21,5,45,17,9,1,1,1,1,7,0,0,0,0,11,9,30,70,5,3,1,25,0,61,0,0,0,0,0,0,0,0,0,0,0,0,0,0,0,0,0,0,0,2,0,35.74791805555556,139.71944055555556,6,3,0,0,0,0
1,30,555,307,2,0,1,99000,0,119,2023,8,26,13,50,12,5,8,18,18,1,1,1,0,7,0,0,0,0,0,0,20,70,0,4,1,45,25,14,61,1,0,11,0,1,0,11,0,10,0,30,0,4,0,2,0,2,0,4,2,35.74632777777778,139.71298916666666,7,3,9999,0,1,0
1,30,556,219,1,1,0,170,124,119,2023,10,3,23,37,22,5,37,17,23,2,1,1,1,1,9,22,0,0,18,9,30,70,5,1,1,25,65,14,61,31,0,11,0,1,0,11,0,5,0,10,0,1,0,2,0,2,0,4,1,35.76869583333333,139.7022061111111,3,3,9999,0,5,0
1,30,556,228,2,0,1,30000,0,119,2023,10,17,11,15,12,5,48,17,4,1,1,1,14,7,0,0,0,0,2,9,1,70,5,3,1,55,25,36,61,31,0,0,0,0,0,11,0,10,0,10,0,3,0,0,0,0,0,4,2,35.76790944444444,139.692475,3,3,9999,0,9,0
1,30,556,230,2,0,1,10200,0,119,2023,10,20,16,45,13,5,51,17,0,1,1,1,1,1,9,22,0,0,14,9,30,70,4,2,1,75,75,51,61,41,0,0,0,0,0,0,0,0,0,30,0,4,0,0,0,0,0,4,2,35.77724305555555,139.68015305555554,6,3,0,0,0,0
1,30,556,232,2,0,1,30000,0,119,2023,10,23,7,10,12,5,54,16,57,1,1,1,14,1,0,0,0,0,3,9,1,70,4,1,1,1,65,14,61,31,0,11,0,1,0,11,0,3,0,40,0,4,0,2,0,2,0,4,2,35.76691944444444,139.69430972222221,2,3,9999,0,5,0
1,30,556,234,2,0,1,20000,0,119,2023,10,25,17,51,21,5,56,16,54,1,1,1,7,7,0,0,0,0,3,9,1,70,4,2,1,45,45,34,61,31,0,0,0,0,0,11,0,3,0,10,0,3,0,0,0,0,0,4,2,35.77412138888889,139.70068166666667,4,3,9999,0,1,0
1,30,556,242,2,0,1,30000,0,119,2023,10,31,17,10,21,6,1,16,48,1,1,1,1,7,9,22,0,0,14,9,30,70,4,2,1,35,1,14,61,31,0,11,0,1,0,11,0,2,0,10,0,3,0,2,0,2,0,4,2,35.775731666666665,139.68967833333335,3,3,9999,0,1,0
1,30,557,222,2,0,1,30000,0,120,2023,8,25,17,40,13,5,7,18,19,1,1,1,7,7,0,0,0,0,3,9,1,70,4,2,1,35,1,17,61,31,0,11,0,1,0,11,0,2,0,20,0,3,0,2,0,2,0,4,2,35.741573611111114,139.66789722222222,6,3,9999,0,1,0
1,30,557,240,2,0,1,30000,0,120,2023,10,20,18,25,22,5,51,17,0,1,1,1,14,7,0,0,0,0,3,8,1,70,5,2,1,1,55,51,61,41,0,0,0,0,0,0,0,0,0,10,0,3,0,0,0,0,0,4,2,35.74281,139.68010666666666,6,3,0,0,0,0
1,30,558,287,2,0,1,20000,0,120,2023,10,19,15,30,12,5,50,17,2,1,1,1,1,1,9,22,0,0,15,9,30,1,4,2,1,75,45,13,61,31,0,11,0,2,0,11,0,3,0,50,0,4,0,2,0,2,0,4,2,35.77695361111111,139.59526861111112,5,3,275,0,9,0
1,30,558,307,2,0,1,90000,0,120,2023,10,24,18,15,22,5,55,16,55,1,1,1,1,7,9,22,0,0,14,9,30,70,4,1,1,45,55,3,61,31,0,1,0,1,0,11,0,5,0,80,0,3,0,2,0,2,0,4,2,35.74556861111111,139.60887444444444,3,3,9999,0,1,0
1,30,559,202,2,0,1,30000,0,119,2023,10,10,19,50,22,5,43,17,13,1,1,1,7,1,0,0,0,0,3,9,1,70,4,2,1,55,75,3,61,31,0,1,0,1,0,11,0,3,0,10,0,3,0,2,0,2,0,4,2,35.79508583333333,139.6616138888889,3,3,9999,0,9,0
1,30,559,204,2,0,1,30000,0,119,2023,10,13,16,54,13,5,45,17,9,1,1,1,1,7,9,22,0,0,14,9,30,70,5,3,1,65,75,4,61,31,0,1,0,1,0,11,0,2,0,0,0,3,0,2,0,2,0,4,2,35.770200555555554,139.65996666666666,6,3,9999,0,9,0
1,30,559,209,2,0,2,30920,0,119,2023,10,16,7,35,12,5,48,17,5,1,1,1,1,1,9,22,0,0,11,9,30,70,5,2,1,55,75,36,61,31,0,0,0,0,0,11,0,10,0,10,0,3,0,0,0,0,0,2,2,35.79046972222222,139.66066083333334,2,3,9999,0,1,0
1,30,559,211,2,0,1,2540,144,119,2023,10,17,17,50,21,5,48,17,4,1,1,1,14,7,0,0,0,0,3,9,1,70,1,2,1,25,1,51,61,41,0,0,0,0,0,0,0,0,0,40,0,4,0,0,0,0,0,4,2,35.77580527777778,139.63275083333335,3,3,0,0,0,0
1,30,559,213,2,0,1,2540,142,119,2023,10,20,19,20,22,5,51,17,0,1,1,1,14,7,0,0,0,0,5,8,1,70,1,2,1,55,65,51,61,41,0,0,0,0,0,0,0,0,0,40,0,4,0,0,0,0,0,4,2,35.77442666666666,139.63484138888887,6,3,0,0,0,0
1,30,559,225,2,0,1,30000,0,119,2023,10,25,17,48,21,5,56,16,54,1,1,1,14,7,0,0,0,0,2,9,20,70,5,4,1,55,45,3,61,31,0,1,0,1,0,11,0,1,0,30,0,3,0,2,0,2,0,4,2,35.78843916666666,139.6336147222222,4,3,9999,0,9,0
1,30,560,232,2,0,1,30000,0,120,2023,10,1,16,42,13,5,35,17,26,2,1,1,7,1,0,0,0,0,1,9,1,1,5,3,1,25,45,3,61,31,0,1,0,1,0,11,0,1,0,50,0,3,0,2,0,2,0,4,2,35.76690222222222,139.64468305555556,1,3,9999,0,1,0
1,30,560,242,2,0,1,30000,0,120,2023,10,26,18,5,22,5,57,16,53,1,1,1,1,7,9,22,0,0,14,9,30,70,4,1,1,75,75,3,61,31,0,1,0,1,0,11,0,2,0,10,0,3,0,2,0,2,0,4,2,35.766580833333336,139.6174677777778,5,3,203,0,9,0
1,30,660,149,2,0,1,20070,0,106,2023,10,6,3,40,22,5,39,17,19,1,1,1,1,1,9,22,0,0,19,9,30,70,5,1,1,45,1,13,61,31,0,11,0,1,0,11,0,4,0,10,0,3,0,2,0,2,0,4,2,35.70815916666667,139.77305333333334,6,3,9999,0,1,0
1,30,661,119,2,0,1,20000,0,106,2023,10,4,18,58,22,5,38,17,22,3,1,2,1,1,9,22,0,0,15,6,30,70,1,1,1,55,45,51,61,41,0,0,0,0,0,0,0,0,0,10,0,3,0,0,0,0,0,4,2,35.7173375,139.78095694444445,4,3,0,0,0,0
1,30,661,124,2,0,1,30000,0,106,2023,10,13,22,0,22,5,45,17,9,1,1,1,1,7,9,22,0,0,15,9,30,70,5,2,1,45,25,3,61,31,0,1,0,1,0,11,0,5,0,30,0,4,0,2,0,2,0,4,2,35.72265027777778,139.7775088888889,6,3,9999,0,9,0
1,30,661,130,2,0,1,30000,0,106,2023,10,26,18,3,22,5,57,16,53,1,1,1,1,1,9,22,0,0,11,9,30,70,5,3,1,55,1,3,61,31,0,1,0,1,0,11,0,2,0,20,0,4,0,2,0,2,0,4,2,35.72818055555556,139.7888661111111,5,3,9999,0,9,0
1,30,662,140,2,0,1,20560,0,106,2023,10,29,18,25,22,5,59,16,50,1,1,1,1,1,9,22,0,0,18,9,30,70,1,1,1,1,75,51,61,41,0,0,0,0,0,0,0,0,0,10,0,3,0,0,0,0,0,4,2,35.713704444444446,139.79249777777778,1,3,0,0,0,0
1,30,663,127,2,0,1,30000,0,106,2023,10,2,20,20,22,5,36,17,25,1,1,2,14,7,0,0,0,0,3,9,1,70,5,3,1,1,55,51,61,41,0,0,0,0,0,0,0,0,0,40,0,3,0,0,0,0,0,4,2,35.69737416666666,139.78377361111112,2,3,0,0,0,0
1,30,663,128,2,0,1,10290,0,106,2023,10,4,19,30,22,5,38,17,22,3,1,2,14,7,0,0,0,0,5,9,1,70,4,2,1,35,75,52,61,41,0,0,0,0,0,0,0,0,0,0,0,4,0,0,0,0,0,4,2,35.70177972222223,139.78475277777778,4,3,0,0,0,0
1,30,663,129,2,0,1,30000,0,106,2023,10,7,16,55,13,5,40,17,17,2,1,1,14,7,0,0,0,0,3,9,1,70,5,3,1,65,1,14,61,1,0,11,0,1,0,11,0,1,0,40,0,4,0,2,0,2,0,4,2,35.71055833333334,139.79122555555554,7,3,9999,0,9,0
1,30,664,64,2,0,1,30000,0,118,2023,10,7,17,15,13,5,40,17,17,2,1,1,1,7,9,22,0,0,15,9,30,70,5,4,1,65,65,51,61,41,0,0,0,0,0,0,0,0,0,20,0,3,0,0,0,0,0,4,2,35.74692388888889,139.76045694444446,7,3,0,0,0,0
1,30,664,66,2,0,1,10710,0,118,2023,10,9,11,30,12,5,42,17,15,3,1,2,1,1,9,22,0,0,15,9,30,70,1,2,1,25,55,3,61,31,0,1,0,1,0,11,0,4,0,20,0,3,0,2,0,2,0,4,2,35.740450555555555,139.7688075,2,1,9999,0,5,0
1,30,664,73,2,0,1,21060,0,118,2023,9,18,14,33,12,5,25,17,45,1,1,1,1,1,9,22,0,0,19,9,30,70,5,1,1,45,75,3,61,31,0,1,0,1,0,11,0,3,0,10,0,3,0,2,0,2,0,4,2,35.749143611111116,139.76935944444446,2,1,9999,0,1,0
1,30,664,76,2,0,1,30000,0,118,2023,10,22,9,45,12,5,53,16,58,1,1,1,14,7,0,0,0,0,2,9,1,70,4,1,1,1,75,51,61,41,0,0,0,0,0,0,0,0,0,40,0,3,0,0,0,0,0,4,2,35.74957111111111,139.77493750000002,1,3,0,0,0,0
1,30,666,111,2,0,1,10340,0,118,2023,10,8,9,22,12,5,41,17,16,2,1,1,1,1,0,0,0,0,11,9,30,70,4,2,1,25,0,61,0,0,0,0,0,0,0,0,0,0,0,0,0,0,0,0,0,0,0,2,0,35.74235027777778,139.78017805555558,1,2,0,0,0,0
1,30,666,115,2,0,1,10710,0,118,2023,10,17,21,20,22,5,48,17,4,1,1,1,1,1,9,22,0,0,15,9,30,70,1,2,1,45,25,35,61,31,0,0,0,0,0,11,0,5,0,10,0,3,0,0,0,0,0,4,2,35.72965555555556,139.77184916666667,3,3,9999,0,1,0
1,30,666,118,2,0,1,10340,0,118,2023,10,3,11,20,12,5,37,17,23,1,1,1,14,7,0,0,0,0,3,9,1,70,4,2,1,25,25,51,61,41,0,0,0,0,0,0,0,0,0,10,0,3,0,0,0,0,0,4,2,35.73161,139.778805,3,3,0,0,0,0
1,30,667,111,2,0,1,30000,0,121,2023,10,22,16,13,13,5,53,16,58,1,1,1,14,7,0,0,0,0,2,9,1,70,4,1,1,55,45,3,61,31,0,1,0,1,0,11,0,3,0,20,0,3,0,2,0,2,0,4,2,35.75054361111111,139.80406055555557,1,3,9999,0,9,0
1,30,667,114,2,0,1,30000,0,121,2023,10,28,13,25,12,5,58,16,51,1,1,1,14,7,0,0,0,0,2,9,1,1,5,3,1,25,75,51,61,41,0,0,0,0,0,0,0,0,0,30,0,3,0,0,0,0,0,4,2,35.751110833333335,139.8007475,7,3,0,0,0,0
1,30,668,527,2,0,1,95000,0,121,2023,10,6,16,10,12,5,39,17,19,1,1,1,0,7,0,0,0,0,0,0,20,70,0,4,1,1,65,51,61,41,0,0,0,0,0,0,0,0,0,10,0,3,0,0,0,0,0,4,2,35.76813277777778,139.75208916666668,6,3,0,0,0,0
1,30,668,528,2,0,1,99000,0,121,2023,10,6,19,5,22,5,39,17,19,1,1,1,0,7,0,0,0,0,0,0,20,70,0,4,1,25,45,3,61,31,0,1,0,1,0,11,0,10,0,70,0,3,0,2,0,2,0,4,2,35.76831,139.7796863888889,6,3,9999,0,1,0
1,30,668,530,2,0,1,30000,0,121,2023,10,7,0,47,22,5,40,17,17,1,1,1,14,7,0,0,0,0,1,9,1,70,5,4,1,45,1,5,61,31,0,1,0,1,0,11,0,10,0,10,0,3,0,2,0,2,0,4,2,35.77247527777778,139.79053166666665,7,3,9999,0,9,0
1,30,668,538,2,0,1,30000,0,121,2023,10,11,16,15,13,5,43,17,12,1,1,1,14,7,0,0,0,0,2,9,1,70,4,3,1,65,75,13,61,31,0,11,0,2,0,11,0,2,0,40,0,3,0,2,0,2,0,4,2,35.77231833333333,139.76888944444445,4,3,9999,0,1,0
1,30,668,540,2,0,1,30000,0,121,2023,10,12,8,10,12,5,44,17,11,1,1,1,1,1,9,22,0,0,15,9,30,70,4,2,1,1,1,51,61,41,0,0,0,0,0,0,0,0,0,40,0,3,0,0,0,0,0,4,2,35.77086527777778,139.79637944444445,5,3,0,0,0,0
1,30,668,547,2,0,1,30000,0,121,2023,10,15,0,3,22,5,47,17,7,3,1,2,1,1,9,22,0,0,19,9,30,70,1,2,1,35,65,3,61,31,0,1,0,1,0,11,0,4,0,10,0,3,0,2,0,2,0,4,2,35.778506388888886,139.75107583333335,1,3,9999,0,5,0
1,30,668,555,2,0,1,30000,0,121,2023,10,3,22,25,22,5,37,17,23,1,1,1,1,1,9,22,0,0,18,9,30,70,1,1,1,45,55,13,61,31,0,11,0,1,0,11,0,4,0,50,0,4,0,2,0,2,0,4,2,35.77805583333333,139.7470808333333,3,3,9999,0,9,0
1,30,668,556,2,0,1,30000,0,121,2023,10,19,7,20,12,5,50,17,2,1,1,1,12,7,0,0,0,0,5,9,1,70,1,1,1,25,1,51,61,41,0,0,0,0,0,0,0,0,0,10,0,3,0,0,0,0,0,2,4,35.755921944444445,139.77049972222224,5,3,0,0,0,0
1,30,668,561,2,0,1,30000,0,121,2023,10,22,15,25,12,5,53,16,58,1,1,1,1,7,1,21,0,0,11,9,30,70,5,3,1,55,55,3,61,31,0,1,0,1,0,11,0,2,0,70,0,3,0,2,0,2,0,4,2,35.77186666666667,139.78429527777777,1,3,9999,0,9,0
1,30,668,567,2,0,2,30000,0,121,2023,10,25,19,5,22,5,56,16,54,1,1,1,14,7,0,0,0,0,2,9,1,70,4,3,1,1,45,51,61,41,0,0,0,0,0,0,0,0,0,10,0,3,0,0,0,0,0,2,2,35.77058777777778,139.79616416666667,4,3,0,0,0,0
1,30,668,571,2,0,1,30000,0,121,2023,10,27,12,44,12,5,57,16,52,1,1,1,1,1,9,22,0,0,14,9,30,70,5,2,1,1,75,17,61,31,0,11,0,1,0,11,0,2,0,10,0,3,0,2,0,2,0,4,2,35.79037361111111,139.76779222222223,6,3,9999,0,5,0
1,30,668,572,2,0,1,30000,0,121,2023,10,27,17,40,21,5,57,16,52,1,1,1,13,7,0,0,0,0,3,5,1,70,4,2,1,1,75,51,61,41,0,0,0,0,0,0,0,0,0,10,0,4,0,0,0,0,0,4,2,35.77106527777778,139.74654916666665,6,3,0,0,0,0
1,30,669,489,2,0,1,30000,0,121,2023,10,16,6,5,11,5,48,17,5,1,1,1,1,7,9,22,0,0,17,9,30,70,4,1,1,45,25,13,61,31,0,11,0,1,0,11,0,2,0,10,0,3,0,2,0,2,0,4,2,35.76636388888889,139.83250444444445,2,3,9999,0,1,0
1,30,669,493,2,0,1,30460,0,121,2023,10,17,16,35,13,5,48,17,4,1,1,1,14,7,0,0,0,0,4,9,1,70,4,2,1,55,65,51,61,41,0,0,0,0,0,0,0,0,0,20,0,4,0,0,0,0,0,4,2,35.787150555555556,139.81054166666667,3,3,0,0,0,0
1,30,669,506,2,0,1,30000,0,121,2023,10,26,11,20,12,5,57,16,53,1,1,1,1,1,9,22,0,0,14,9,30,70,5,2,1,55,55,14,61,31,0,11,0,1,0,11,0,3,0,10,0,3,0,2,0,2,0,4,2,35.76340972222222,139.81316083333334,5,3,9999,0,9,0
1,30,669,518,2,0,1,30000,0,121,2023,10,26,8,43,12,5,57,16,53,1,1,1,14,7,0,0,0,0,2,9,1,70,4,2,1,25,45,3,61,31,0,1,0,1,0,11,0,2,0,10,0,3,0,2,0,2,0,4,2,35.76620416666667,139.80909611111113,5,3,9999,0,1,0
1,30,670,323,2,0,1,20620,0,121,2023,10,3,19,25,22,5,37,17,23,1,1,1,1,7,9,22,0,0,14,9,30,70,4,3,1,35,75,35,61,31,0,0,0,0,0,11,0,2,0,10,0,3,0,0,0,0,0,4,2,35.805702777777775,139.79950416666665,3,3,9999,0,5,0
1,30,670,324,2,0,1,30000,0,121,2023,10,6,13,38,12,5,39,17,19,1,1,1,14,7,0,0,0,0,1,9,1,70,4,2,1,25,1,52,61,41,0,0,0,0,0,0,0,0,0,10,0,4,0,0,0,0,0,4,2,35.7947625,139.78937833333333,6,3,0,0,0,0
1,30,670,332,2,0,1,30410,0,121,2023,9,28,18,55,22,5,33,17,30,1,1,1,1,7,9,22,0,0,15,9,30,70,4,3,1,55,45,3,61,31,0,1,0,1,0,11,0,10,0,10,0,3,0,2,0,2,0,4,2,35.80163777777778,139.78346805555555,5,3,9999,0,9,0
1,30,670,341,2,0,1,30000,0,121,2023,10,19,8,30,12,5,50,17,2,1,1,1,14,7,0,0,0,0,3,9,1,70,5,2,1,1,75,51,61,41,0,0,0,0,0,0,0,0,0,10,0,4,0,0,0,0,0,4,2,35.79658055555555,139.8124975,5,3,0,0,0,0
1,30,771,403,2,0,1,10040,0,108,2023,9,5,8,31,12,5,15,18,4,1,1,1,14,1,0,0,0,0,5,8,1,70,4,2,1,35,1,3,61,31,0,1,0,1,0,11,0,5,0,18,0,3,0,2,0,2,0,4,2,35.673160833333334,139.79325972222222,3,3,9999,0,9,0