資料区分,都道府県コード,警察署等コード,本票番号,事故内容,死者数,負傷者数,路線コード,地点コード,市区町村コード,発生日時　　年,発生日時　　月,発生日時　　日,発生日時　　時,発生日時　　分,昼夜,日の出時刻　　時,日の出時刻　　分,日の入り時刻　　時,日の入り時刻　　分,天候,地形,路面状態,道路形状,信号機,一時停止規制　標識（当事者A）,一時停止規制　表示（当事者A）,一時停止規制　標識（当事者B）,一時停止規制　表示（当事者B）,車道幅員,道路線形,衝突地点,ゾーン規制,中央分離帯施設等,歩車道区分,事故類型,年齢（当事者A）,年齢（当事者B）,当事者種別（当事者A）,当事者種別（当事者B）,用途別（当事者A）,用途別（当事者B）,車両形状等（当事者A）,車両形状等（当事者B）,オートマチック車（当事者A）,オートマチック車（当事者B）,サポカー（当事者A）,サポカー（当事者B）,速度規制（指定のみ）（当事者A）,速度規制（指定のみ）（当事者B）,車両の衝突部位（当事者A）,車両の衝突部位（当事者B）,車両の損壊程度（当事者A）,車両の損壊程度（当事者B）,エアバッグの装備（当事者A）,エアバッグの装備（当事者B）,サイドエアバッグの装備（当事者A）,サイドエアバッグの装備（当事者B）,人身損傷程度（当事者A）,人身損傷程度（当事者B）,lat,lon,曜日(発生年月日),祝日(発生年月日),認知機能検査経過日数（当事者A）,認知機能検査経過日数（当事者B）,運転練習の方法（当事者A）,運転練習の方法（当事者B）
1,30,771,411,2,0,1,20680,0,108,2023,10,7,1,5,22,5,40,17,17,1,1,1,1,1,9,22,0,0,19,9,30,70,4,2,1,65,25,3,61,1,0,1,0,1,0,11,0,4,0,20,0,3,0,2,0,2,0,4,2,35.67260805555555,139.79493555555555,7,3,9999,0,9,0
1,30,771,415,2,0,1,10370,0,108,2023,10,12,9,20,12,5,44,17,11,1,1,1,1,1,9,22,0,0,18,9,30,70,1,1,1,55,65,3,61,31,0,1,0,1,0,11,0,4,0,10,0,3,0,2,0,2,0,4,2,35.67916555555556,139.80683361111113,5,3,9999,0,9,0
1,30,771,419,2,0,1,30000,0,108,2023,10,8,15,20,12,5,41,17,16,2,1,1,14,7,0,0,0,0,3,9,1,70,5,2,1,65,75,3,61,31,0,1,0,1,0,11,0,5,0,80,0,3,0,2,0,2,0,4,2,35.68755333333333,139.80215,1,2,9999,0,9,0
1,30,771,421,2,0,1,20540,0,108,2023,10,16,17,35,21,5,48,17,5,1,1,1,1,1,9,22,0,0,15,9,30,70,4,2,1,35,1,51,61,41,0,0,0,0,0,0,0,0,0,10,0,4,0,0,0,0,0,4,2,35.682222777777774,139.80366416666666,2,3,0,0,0,0
1,30,771,423,2,0,1,20690,0,108,2023,10,8,10,18,12,5,41,17,16,1,1,1,14,7,0,0,0,0,4,9,1,70,4,2,1,45,55,51,61,41,0,0,0,0,0,0,0,0,0,10,0,4,0,0,0,0,0,4,2,35.686118888888885,139.81608555555556,1,2,0,0,0,0
1,30,771,430,2,0,1,10370,0,108,2023,10,20,11,45,12,5,51,17,0,1,1,1,1,1,9,22,0,0,15,9,30,70,1,2,1,35,35,1,61,1,0,1,0,1,0,11,0,4,0,80,0,3,0,2,0,2,0,4,2,35.67925361111111,139.80685555555556,6,3,9999,0,5,0
1,30,771,437,2,0,1,30000,0,108,2023,10,22,16,35,13,5,53,16,58,1,1,1,14,7,0,0,0,0,3,9,1,70,4,2,1,35,65,51,61,41,0,0,0,0,0,0,0,0,0,10,0,3,0,0,0,0,0,4,2,35.690711666666665,139.81347250000002,1,3,0,0,0,0
1,30,771,442,2,0,1,30000,0,108,2023,10,25,10,40,12,5,56,16,54,1,1,1,1,7,1,21,0,0,11,9,30,70,5,2,1,45,55,17,61,1,0,11,0,2,0,11,0,2,0,10,0,3,0,2,0,2,0,4,2,35.67879083333333,139.79436694444445,4,3,9999,0,9,0
1,30,771,450,2,0,1,10350,0,108,2023,10,29,17,41,21,5,59,16,50,1,1,1,14,7,0,0,0,0,5,9,1,70,4,1,1,35,75,3,61,31,0,1,0,1,0,11,0,4,0,10,0,3,0,2,0,2,0,4,2,35.67579333333333,139.81786694444443,1,3,9999,0,1,0
1,30,771,452,2,0,1,10020,0,108,2023,10,30,17,0,21,6,0,16,49,1,1,1,1,1,9,22,0,0,18,9,30,70,1,2,1,45,25,3,61,31,0,1,0,1,0,11,0,4,0,20,0,3,0,2,0,2,0,4,2,35.65307166666666,139.79814944444445,2,3,9999,0,9,0
1,30,772,357,2,0,1,10090,0,108,2023,10,2,8,2,12,5,36,17,25,1,1,1,14,1,0,0,0,0,6,9,1,70,1,2,1,45,55,51,61,41,0,0,0,0,0,0,0,0,0,10,0,3,0,0,0,0,0,4,2,35.6600075,139.82377777777776,2,3,0,0,0,0
1,30,772,371,2,0,1,30000,0,108,2023,10,7,17,10,13,5,40,17,17,1,1,1,1,7,1,21,0,0,15,9,30,70,5,3,1,45,75,3,61,31,0,1,0,1,0,11,0,1,0,20,0,4,0,2,0,2,0,4,2,35.68053111111111,139.84082777777778,7,3,9999,0,1,0
1,30,772,372,2,0,1,30000,0,108,2023,10,8,17,18,21,5,41,17,16,3,1,2,1,7,9,22,0,0,11,9,30,70,4,2,1,55,35,3,61,1,0,1,0,1,0,11,0,2,0,10,0,3,0,2,0,2,0,4,2,35.67061472222222,139.83401972222222,1,2,9999,0,1,0
1,30,772,381,2,0,1,30000,0,108,2023,10,20,0,20,22,5,51,17,0,1,1,1,14,7,0,0,0,0,3,9,1,70,4,2,1,65,1,51,61,41,0,0,0,0,0,0,0,0,0,10,0,3,0,0,0,0,0,2,4,35.69987861111111,139.82329027777777,6,3,0,0,0,0
1,30,772,396,2,0,1,30000,0,108,2023,10,28,22,5,22,5,58,16,51,1,1,1,14,7,0,0,0,0,3,9,1,70,4,2,1,45,45,51,61,41,0,0,0,0,0,0,0,0,0,40,0,3,0,0,0,0,0,4,2,35.70451666666667,139.82013777777777,7,3,0,0,0,0
1,30,773,303,2,0,1,20690,0,107,2023,10,3,23,12,22,5,37,17,23,1,1,1,1,1,9,22,0,0,17,9,30,70,5,2,1,1,55,33,61,31,0,0,0,0,0,11,0,4,0,10,0,3,0,0,0,0,0,4,2,35.69629694444444,139.81499361111113,3,3,9999,0,1,0
1,30,773,307,2,0,1,20680,0,107,2023,10,10,5,30,23,5,43,17,13,3,1,2,1,1,9,22,0,0,19,9,30,70,1,1,1,65,55,3,61,31,0,1,0,1,0,11,0,4,0,50,0,3,0,2,0,2,0,4,2,35.694535555555554,139.79752583333334,3,3,9999,0,9,0
1,30,773,310,2,0,1,20690,0,107,2023,9,30,17,50,21,5,34,17,27,1,1,1,14,7,0,0,0,0,3,9,1,70,4,1,1,1,35,51,61,41,0,0,0,0,0,0,0,0,0,20,0,3,0,0,0,0,0,4,2,35.70785666666667,139.8140702777778,7,3,0,0,0,0
1,30,773,312,2,0,1,30000,0,107,2023,10,13,5,27,23,5,45,17,9,1,1,1,1,7,1,21,0,0,15,9,30,70,4,3,1,45,35,3,61,31,0,1,0,1,0,11,0,10,0,80,0,3,0,2,0,2,0,4,2,35.69313611111111,139.81032194444447,6,3,9999,0,1,0
1,30,773,316,2,0,1,30000,0,107,2023,10,14,11,6,12,5,46,17,8,1,1,1,1,1,9,22,0,0,15,9,30,1,5,3,1,75,75,3,61,31,0,1,0,1,0,11,0,2,0,10,0,3,0,2,0,2,0,4,2,35.70206055555556,139.80092722222224,7,3,752,0,9,0
1,30,773,323,2,0,1,10370,0,107,2023,10,21,11,50,12,5,52,16,59,1,1,1,1,1,9,22,0,0,19,9,30,70,1,1,1,35,1,35,61,31,0,0,0,0,0,11,0,4,0,40,0,3,0,0,0,0,0,4,2,35.69513694444444,139.80540666666667,7,3,9999,0,5,0
1,30,773,324,2,0,1,10290,0,107,2023,10,23,1,2,22,5,54,16,57,1,1,1,1,1,9,22,0,0,15,9,30,70,1,2,1,45,55,3,61,1,0,1,0,1,0,11,0,5,0,84,0,3,0,2,0,2,0,4,2,35.701076944444445,139.81152277777778,2,3,9999,0,9,0
1,30,773,325,2,0,1,30000,0,107,2023,10,24,13,10,12,5,55,16,55,1,1,1,1,1,9,22,0,0,15,9,30,70,5,3,1,55,75,13,61,31,0,11,0,1,0,11,0,2,0,10,0,3,0,2,0,2,0,4,2,35.6911475,139.79331472222222,3,3,9999,0,9,0
1,30,773,328,2,0,1,30000,0,107,2023,10,22,20,50,22,5,53,16,58,1,1,1,1,7,1,21,0,0,14,9,30,70,4,2,1,35,25,3,61,31,0,1,0,1,0,11,0,2,0,20,0,3,0,2,0,2,0,4,2,35.694823611111104,139.79498083333334,1,3,9999,0,1,0
1,30,773,329,2,0,1,60,49,107,2023,10,30,8,5,12,6,0,16,49,1,1,1,14,7,0,0,0,0,5,8,1,70,4,1,1,1,55,51,61,41,0,0,0,0,0,0,0,0,0,40,0,3,0,0,0,0,0,4,2,35.713456944444445,139.80441305555556,2,3,0,0,0,0
1,30,774,169,2,0,1,21190,0,107,2023,10,6,17,50,21,5,39,17,19,1,1,1,1,1,1,21,0,0,14,9,30,70,4,1,1,35,25,14,61,31,0,11,0,1,0,11,0,3,0,10,0,3,0,2,0,2,0,4,2,35.72576027777778,139.8284197222222,6,3,9999,0,1,0
1,30,774,172,2,0,1,30000,0,107,2023,10,13,11,5,12,5,45,17,9,1,1,1,1,1,9,22,0,0,11,9,30,70,4,2,1,25,75,4,61,31,0,1,0,1,0,11,0,3,0,11,0,3,0,2,0,2,0,4,2,35.708957500000004,139.81862638888887,6,3,9999,0,1,0
1,30,774,181,2,0,1,30000,0,107,2023,10,20,17,59,21,5,51,17,0,1,1,1,7,7,0,0,0,0,2,9,1,70,4,3,1,55,1,13,61,31,0,11,0,1,0,11,0,2,0,10,0,3,0,2,0,2,0,4,2,35.73342666666667,139.81946666666667,6,3,9999,0,9,0
1,30,775,292,2,0,1,60,136,122,2023,10,11,15,59,12,5,43,17,12,1,1,1,1,1,0,0,0,0,19,9,30,70,1,1,1,1,0,61,0,0,0,0,0,0,0,0,0,0,0,0,0,0,0,0,0,0,0,2,0,35.76756777777778,139.87246083333335,4,3,0,0,0,0
1,30,775,297,2,0,1,60,127,122,2023,10,15,15,20,12,5,47,17,7,1,1,1,1,1,9,22,0,0,18,9,30,70,5,2,1,65,65,3,61,31,0,1,0,1,0,11,0,5,0,80,0,3,0,2,0,2,0,4,2,35.76284722222222,139.8637861111111,1,3,9999,0,9,0
1,30,775,298,2,0,1,30000,0,122,2023,10,16,15,45,12,5,48,17,5,1,1,1,14,7,0,0,0,0,1,9,1,70,4,3,1,1,0,61,0,0,0,0,0,0,0,0,0,0,0,0,0,0,0,0,0,0,0,2,0,35.76898166666667,139.84716333333336,2,3,0,0,0,0
1,30,776,344,2,0,1,10400,0,122,2023,9,17,11,45,12,5,24,17,46,1,1,1,14,7,0,0,0,0,4,9,1,70,4,2,1,1,75,51,61,41,0,0,0,0,0,0,0,0,0,10,0,3,0,0,0,0,0,4,2,35.71586333333334,139.8604286111111,1,2,0,0,0,0
1,30,776,367,2,0,1,30000,0,122,2023,10,27,16,55,21,5,57,16,52,1,1,1,14,7,0,0,0,0,2,9,1,70,5,2,1,65,1,35,61,31,0,0,0,0,0,11,0,3,0,40,0,3,0,0,0,0,0,4,2,35.72693944444445,139.8584588888889,6,3,9999,0,9,0
1,30,776,368,2,0,1,30000,0,122,2023,10,27,19,5,22,5,57,16,52,1,1,1,14,7,0,0,0,0,3,9,1,70,5,3,1,1,65,51,61,41,0,0,0,0,0,0,0,0,0,10,0,3,0,0,0,0,0,4,2,35.71758861111111,139.85554555555555,6,3,0,0,0,0
1,30,776,373,2,0,1,60,88,122,2023,10,29,8,30,12,5,59,16,50,3,1,2,14,7,0,0,0,0,3,9,1,70,1,2,1,35,55,51,61,41,0,0,0,0,0,0,0,0,0,10,0,3,0,0,0,0,0,4,2,35.7369725,139.835585,1,3,0,0,0,0
1,30,777,577,2,0,1,30520,0,123,2023,9,15,6,22,11,5,23,17,49,1,1,1,1,1,9,22,0,0,18,9,30,70,4,2,1,75,45,3,61,31,0,1,0,1,0,11,0,2,0,10,0,3,0,2,0,2,0,4,2,35.682246666666664,139.88958555555556,6,3,508,0,9,0
1,30,777,585,2,0,1,30000,0,123,2023,10,11,19,0,22,5,43,17,12,1,1,1,1,1,9,22,0,0,15,9,30,70,1,2,1,45,45,5,61,31,0,1,0,1,0,11,0,2,0,50,0,3,0,2,0,2,0,4,2,35.70789805555556,139.8697825,4,3,9999,0,9,0
1,30,777,594,2,0,1,30000,0,123,2023,9,8,7,50,12,5,18,18,0,3,1,2,1,7,9,22,0,0,11,9,30,70,5,2,1,55,25,3,61,31,0,1,0,1,0,11,0,2,0,30,0,3,0,2,0,2,0,4,2,35.69468916666666,139.90863694444445,6,3,9999,0,9,0
1,30,777,612,2,0,1,30000,0,123,2023,10,21,14,20,12,5,52,16,59,1,1,1,7,1,0,0,0,0,3,9,1,70,4,2,1,1,75,51,61,41,0,0,0,0,0,0,0,0,0,10,0,4,0,0,0,0,0,4,2,35.686035277777776,139.8844325,7,3,0,0,0,0
1,30,778,219,2,0,1,141,4205,123,2023,10,2,8,1,12,5,36,17,25,1,1,1,1,1,9,22,0,0,15,9,30,1,4,2,1,1,25,3,61,31,0,1,0,1,0,11,0,2,0,20,0,3,0,2,0,2,0,4,2,35.73196305555556,139.89087805555556,2,3,9999,0,1,0
1,30,778,220,2,0,1,30000,0,123,2023,10,3,17,5,13,5,37,17,23,1,1,1,1,7,9,22,0,0,14,9,30,70,5,3,1,35,1,4,61,31,0,1,0,1,0,11,0,2,0,40,0,3,0,2,0,2,0,4,2,35.74698527777778,139.8845575,3,3,9999,0,5,0
1,30,778,222,2,0,1,30000,0,123,2023,10,6,7,20,12,5,39,17,19,1,1,1,14,7,0,0,0,0,1,9,1,70,4,3,1,1,75,51,61,41,0,0,0,0,0,0,0,0,0,10,0,3,0,0,0,0,0,4,2,35.720554722222225,139.89216305555556,6,3,0,0,0,0
1,30,778,225,2,0,1,141,0,123,2023,10,9,15,45,12,5,42,17,15,3,1,2,14,7,0,0,0,0,3,8,1,70,1,2,1,55,55,3,61,31,0,1,0,1,0,11,0,4,0,10,0,4,0,2,0,2,0,4,2,35.73542694444445,139.8955188888889,2,1,9999,0,5,0
1,30,778,226,2,0,1,10380,0,123,2023,10,11,15,27,12,5,43,17,12,1,1,1,1,1,9,22,0,0,15,9,30,70,5,2,1,35,75,3,61,31,0,1,0,1,0,11,0,2,0,10,0,3,0,2,0,2,0,4,2,35.74259222222222,139.8820413888889,4,3,9999,0,5,0
1,30,778,229,2,0,1,30000,0,123,2023,10,15,4,30,22,5,47,17,7,3,1,2,14,7,0,0,0,0,2,9,1,70,5,4,1,55,1,17,61,1,0,11,0,1,0,11,0,2,0,40,0,3,0,2,0,2,0,4,2,35.745824444444445,139.8908847222222,1,3,9999,0,9,0
1,30,778,246,2,0,1,30000,0,123,2023,10,30,17,25,21,6,0,16,49,1,1,1,1,1,9,22,0,0,11,9,30,70,4,2,1,55,55,4,61,31,0,1,0,1,0,11,0,2,0,40,0,3,0,2,0,2,0,4,2,35.71546722222222,139.8896761111111,2,3,9999,0,9,0
1,30,778,249,2,0,1,10290,0,123,2023,10,16,13,5,12,5,48,17,5,1,1,1,14,7,0,0,0,0,4,9,1,70,1,2,1,45,35,51,61,41,0,0,0,0,0,0,0,0,0,20,0,4,0,0,0,0,0,4,2,35.73444111111111,139.87916805555557,2,3,0,0,0,0
1,30,779,207,2,0,1,30000,0,123,2023,10,5,17,35,21,5,38,17,20,1,1,1,7,7,0,0,0,0,3,9,1,70,4,1,1,55,45,13,61,31,0,11,0,1,0,11,0,2,0,10,0,3,0,2,0,2,0,4,2,35.66190972222222,139.8766038888889,5,3,9999,0,9,0
1,30,779,208,2,0,1,30000,0,123,2023,10,6,12,26,12,5,39,17,19,1,1,1,1,7,1,21,0,0,14,9,30,70,4,1,1,35,1,3,61,31,0,1,0,1,0,11,0,1,0,10,0,3,0,2,0,2,0,4,2,35.66140111111111,139.8611588888889,6,3,9999,0,1,0
1,30,779,210,2,0,1,10130,0,123,2023,10,12,14,10,12,5,44,17,11,1,1,1,1,1,9,22,0,0,14,9,30,70,4,2,1,55,35,13,61,31,0,11,0,1,0,11,0,2,0,10,0,3,0,2,0,2,0,4,2,35.654356388888885,139.87268805555556,5,3,9999,0,9,0
1,30,779,215,2,0,1,20700,0,123,2023,10,16,14,15,12,5,48,17,5,1,1,1,14,7,0,0,0,0,3,9,1,70,5,2,1,25,75,51,61,41,0,0,0,0,0,0,0,0,0,10,0,3,0,0,0,0,0,4,2,35.643143888888886,139.87272222222222,2,3,0,0,0,0
1,30,779,216,2,0,1,30000,0,123,2023,10,16,19,43,22,5,48,17,5,1,1,1,14,7,0,0,0,0,2,9,1,70,5,4,1,55,75,51,61,41,0,0,0,0,0,0,0,0,0,10,0,3,0,0,0,0,0,4,2,35.65942888888889,139.8686075,2,3,0,0,0,0
1,30,779,219,2,0,1,10350,0,123,2023,10,18,9,15,12,5,49,17,3,1,1,1,14,7,0,0,0,0,5,9,1,70,5,2,1,45,55,51,61,41,0,0,0,0,0,0,0,0,0,10,0,3,0,0,0,0,0,4,2,35.6698975,139.85837166666667,4,3,0,0,0,0
1,30,876,309,2,0,1,30000,0,209,2023,9,22,13,22,12,5,28,17,39,2,1,1,7,7,0,0,0,0,2,9,1,70,5,1,1,25,25,51,61,41,0,0,0,0,0,0,0,0,0,10,0,3,0,0,0,0,0,4,2,35.59259333333333,139.3869447222222,6,2,0,0,0,0
1,30,876,318,2,0,1,30820,0,209,2023,10,8,8,55,12,5,41,17,16,1,2,1,14,7,0,0,0,0,1,9,1,70,5,2,1,65,1,51,61,41,0,0,0,0,0,0,0,0,0,10,0,3,0,0,0,0,0,4,2,35.60585444444445,139.35503888888888,1,2,0,0,0,0
1,30,876,323,2,0,1,30000,0,201,2023,9,15,11,11,12,5,23,17,49,2,1,1,14,7,0,0,0,0,3,9,1,70,5,3,1,75,35,4,61,31,0,1,0,1,0,11,0,1,0,40,0,3,0,2,0,2,0,4,2,35.64622027777778,139.3549275,6,3,9999,0,9,0
1,30,876,324,2,0,1,30000,0,201,2023,10,4,19,50,22,5,38,17,22,3,1,2,1,1,9,22,0,0,19,9,30,70,1,2,1,55,75,3,61,31,0,1,0,1,0,11,0,4,0,10,0,3,0,2,0,2,0,4,2,35.633626388888885,139.33000333333334,4,3,9999,0,9,0
1,30,876,328,2,0,1,30000,0,201,2023,10,17,13,17,12,5,48,17,4,1,1,1,1,1,9,22,0,0,15,9,30,70,4,2,1,35,45,34,61,31,0,0,0,0,0,11,0,3,0,10,0,3,0,0,0,0,0,4,2,35.61304194444445,139.36853333333335,3,3,9999,0,5,0
1,30,876,331,2,0,1,10490,0,209,2023,10,21,14,3,12,5,52,16,59,1,2,1,14,7,0,0,0,0,3,9,1,70,4,2,1,45,1,3,61,31,0,1,0,1,0,11,0,2,0,10,0,2,0,2,0,2,0,4,2,35.606435000000005,139.3195525,7,3,9999,0,1,0
1,30,876,332,2,0,1,160,0,201,2023,10,23,8,25,12,5,54,16,57,1,1,1,14,7,0,0,0,0,3,9,1,70,5,1,1,1,65,51,61,41,0,0,0,0,0,0,0,0,0,10,0,3,0,0,0,0,0,4,2,35.62550888888889,139.33816166666668,2,3,0,0,0,0
1,30,876,334,2,0,1,30000,0,201,2023,10,24,7,55,12,5,55,16,55,1,1,1,14,7,0,0,0,0,3,9,1,70,4,3,1,45,1,3,61,31,0,1,0,1,0,11,0,2,0,20,0,4,0,2,0,2,0,4,2,35.624715,139.3905372222222,3,3,9999,0,9,0
1,30,876,343,2,0,1,161,0,201,2023,10,30,10,32,12,6,0,16,49,1,1,1,1,7,9,22,0,0,11,9,30,70,5,3,1,75,55,3,61,31,0,1,0,1,0,11,0,2,0,80,0,3,0,2,0,2,0,4,2,35.646392222222225,139.3512863888889,2,3,9999,0,1,0
1,30,877,349,2,0,1,99000,0,201,2023,9,14,11,21,12,5,22,17,51,1,2,1,0,7,0,0,0,0,0,0,20,70,0,4,1,75,45,4,61,31,0,1,0,1,0,11,0,10,0,10,0,3,0,2,0,2,0,4,2,35.65489916666667,139.28816805555556,5,3,483,0,5,0
1,30,877,352,2,0,1,200,501,201,2023,9,22,19,0,22,5,28,17,39,3,1,2,7,1,0,0,0,0,3,9,1,70,4,1,1,75,35,3,61,31,0,1,0,1,0,11,0,10,0,10,0,3,0,2,0,2,0,4,2,35.64503027777778,139.285035,6,2,526,0,9,0
1,30,877,363,2,0,1,20740,0,201,2023,10,10,17,41,21,5,43,17,13,3,2,2,1,1,9,22,0,0,18,6,30,70,4,2,1,55,45,3,61,31,0,1,0,1,0,11,0,1,0,10,0,4,0,2,0,2,0,4,2,35.655232777777776,139.27797527777778,3,3,9999,0,1,0
1,30,877,366,2,0,1,30000,0,201,2023,10,13,19,5,22,5,45,17,9,1,1,1,14,7,0,0,0,0,2,9,1,70,5,2,1,1,35,51,61,41,0,0,0,0,0,0,0,0,0,10,0,4,0,0,0,0,0,4,2,35.641662777777775,139.28697944444446,6,3,0,0,0,0
1,30,877,369,2,0,1,200,505,201,2023,10,15,17,25,21,5,47,17,7,1,2,1,1,1,9,22,0,0,18,9,30,70,4,2,1,75,65,4,61,31,0,1,0,1,0,11,0,4,0,50,0,3,0,2,0,2,0,4,2,35.64300472222222,139.2816341666667,1,3,723,0,9,0
1,30,877,370,2,0,1,30000,0,201,2023,7,4,8,24,12,4,30,19,1,1,1,1,14,7,0,0,0,0,2,9,1,70,5,3,1,1,0,61,0,0,0,0,0,0,0,0,0,0,0,0,0,0,0,0,0,0,0,2,0,35.644485555555555,139.29519833333333,3,3,0,0,0,0
1,30,877,373,2,0,1,30000,0,201,2023,10,18,14,5,12,5,49,17,3,1,2,1,14,7,0,0,0,0,3,9,1,70,5,3,1,25,0,61,0,0,0,0,0,0,0,0,0,0,0,0,0,0,0,0,0,0,0,2,0,35.674834999999995,139.30112833333334,4,3,0,0,0,0
1,30,877,376,2,0,1,30000,0,201,2023,10,10,18,37,22,5,43,17,13,2,2,1,14,7,0,0,0,0,3,7,1,70,4,3,1,65,55,4,61,31,0,1,0,1,0,11,0,2,0,40,0,4,0,2,0,2,0,4,2,35.67887833333333,139.26423555555556,3,3,9999,0,9,0
1,30,877,378,2,0,1,30000,0,201,2023,10,20,15,5,12,5,51,17,0,1,1,1,14,7,0,0,0,0,2,9,1,70,4,2,1,75,1,4,61,31,0,1,0,1,0,11,0,3,0,10,0,3,0,2,0,2,0,4,2,35.64096111111111,139.28316555555557,6,3,417,0,9,0
1,30,877,386,2,0,1,30000,0,201,2023,10,25,11,30,12,5,56,16,54,1,1,1,1,1,9,22,0,0,14,9,30,70,4,1,1,75,55,14,61,31,0,11,0,1,0,11,0,3,0,10,0,4,0,2,0,2,0,4,2,35.657465555555554,139.30298861111112,4,3,645,0,9,0
1,30,878,392,2,0,1,10570,0,224,2023,10,4,22,6,22,5,38,17,22,3,2,2,1,1,9,22,0,0,18,9,30,70,5,2,1,45,1,3,61,31,0,1,0,1,0,11,0,5,0,10,0,3,0,2,0,2,0,4,2,35.645247222222224,139.4520922222222,4,3,9999,0,5,0
1,30,878,393,2,0,1,30000,0,224,2023,10,5,17,35,21,5,38,17,20,1,2,1,1,7,1,21,0,0,14,9,30,70,4,2,1,25,65,3,61,31,0,1,0,1,0,11,0,3,0,10,0,3,0,2,0,2,0,4,2,35.65038611111111,139.4482888888889,5,3,9999,0,5,0
1,30,878,410,2,0,1,30000,0,225,2023,10,20,19,5,22,5,51,17,0,1,2,1,1,1,9,22,0,0,18,9,30,70,1,2,1,55,1,3,61,31,0,1,0,1,0,11,0,3,0,40,0,3,0,2,0,2,0,4,2,35.62313944444445,139.47717722222222,6,3,9999,0,9,0
1,30,879,411,2,0,1,30000,0,223,2023,10,8,14,15,12,5,41,17,16,2,2,1,1,7,1,21,0,0,11,9,30,70,4,3,1,35,65,3,61,31,0,1,0,1,0,11,0,2,0,10,0,3,0,2,0,2,0,4,2,35.74674777777778,139.40610805555556,1,2,9999,0,1,0
1,30,879,415,2,0,1,30000,0,223,2023,10,9,18,0,21,5,42,17,15,2,1,2,1,7,1,21,0,0,11,9,30,70,5,3,1,35,55,4,61,31,0,1,0,1,0,11,0,2,0,10,0,3,0,2,0,2,0,4,2,35.742513611111114,139.3725113888889,2,1,9999,0,1,0
1,30,879,419,2,0,1,30000,0,223,2023,10,6,6,55,12,5,39,17,19,1,2,1,14,7,0,0,0,0,2,8,1,70,5,4,1,65,25,3,61,31,0,1,0,1,0,11,0,10,0,20,0,3,0,2,0,2,0,4,2,35.75336472222222,139.3703352777778,6,3,9999,0,9,0
1,30,879,434,2,0,1,30000,0,220,2023,10,17,16,0,12,5,48,17,4,1,2,1,1,1,9,22,0,0,14,9,30,70,4,2,1,65,1,3,61,31,0,1,0,1,0,11,0,2,0,10,0,3,0,2,0,2,0,4,2,35.742622777777775,139.4475236111111,3,3,9999,0,9,0
1,30,879,439,2,0,1,99000,0,220,2023,10,19,17,3,21,5,50,17,2,2,1,1,0,7,0,0,0,0,0,0,20,70,0,4,1,35,75,3,61,31,0,1,0,1,0,11,0,10,0,30,0,4,0,2,0,2,0,4,2,35.75354055555555,139.43666222222222,5,3,9999,0,1,0
1,30,879,450,2,0,1,30000,0,220,2023,10,25,14,30,12,5,56,16,54,1,1,1,14,1,0,0,0,0,3,9,1,70,4,2,1,65,1,3,61,31,0,1,0,1,0,11,0,2,0,14,0,3,0,2,0,2,0,4,2,35.740856388888886,139.43997333333334,4,3,9999,0,9,0
1,30,879,452,2,0,1,30000,0,223,2023,10,26,17,43,21,5,57,16,53,1,2,1,1,7,1,21,0,0,17,9,30,70,5,4,1,65,75,3,61,31,0,1,0,1,0,11,0,2,0,20,0,3,0,2,0,2,0,4,2,35.736783333333335,139.40310277777778,5,3,9999,0,9,0
1,30,880,182,2,0,1,30000,0,205,2023,10,12,6,55,12,5,44,17,11,1,2,1,1,7,9,22,0,0,14,9,30,70,5,2,1,45,65,13,61,31,0,11,0,1,0,11,0,10,0,10,0,4,0,2,0,2,0,4,2,35.782756666666664,139.3011702777778,5,3,9999,0,1,0
1,30,880,183,2,0,1,30000,0,205,2023,10,12,13,5,12,5,44,17,11,1,2,1,14,7,0,0,0,0,2,8,1,70,5,3,1,35,75,14,61,31,0,11,0,1,0,11,0,2,0,30,0,3,0,2,0,2,0,4,2,35.781621944444446,139.25006083333332,5,3,9999,0,1,0
1,30,880,184,2,0,1,10550,0,205,2023,10,12,9,5,12,5,44,17,11,1,2,1,1,1,9,22,0,0,18,9,30,70,5,1,1,55,35,13,61,31,0,11,0,1,0,11,0,3,0,50,0,3,0,2,0,2,0,4,2,35.777570833333336,139.29520805555555,5,3,9999,0,1,0
1,30,880,186,2,0,1,10450,0,205,2023,10,17,9,33,12,5,48,17,4,1,1,1,1,1,9,22,0,0,11,9,30,70,4,2,1,55,75,3,61,31,0,1,0,1,0,11,0,3,0,10,0,3,0,2,0,2,0,4,2,35.77301111111111,139.28475138888888,3,3,9999,0,9,0
1,30,880,188,2,0,1,30000,0,205,2023,10,18,15,25,12,5,49,17,3,1,2,1,1,7,9,22,0,0,11,9,30,70,5,3,1,35,1,3,61,31,0,1,0,1,0,11,0,2,0,80,0,3,0,2,0,2,0,4,2,35.78100944444444,139.28059388888892,4,3,9999,0,5,0
1,30,880,196,2,0,1,30000,0,205,2023,10,26,17,50,21,5,57,16,53,1,2,1,1,7,1,22,0,0,11,9,30,70,5,3,1,1,75,3,61,31,0,1,0,1,0,11,0,5,0,20,0,3,0,2,0,2,0,4,2,35.797201666666666,139.30662527777778,5,3,9999,0,1,0