資料区分,都道府県コード,警察署等コード,本票番号,事故内容,死者数,負傷者数,路線コード,地点コード,市区町村コード,発生日時　　年,発生日時　　月,発生日時　　日,発生日時　　時,発生日時　　分,昼夜,日の出時刻　　時,日の出時刻　　分,日の入り時刻　　時,日の入り時刻　　分,天候,地形,路面状態,道路形状,信号機,一時停止規制　標識（当事者A）,一時停止規制　表示（当事者A）,一時停止規制　標識（当事者B）,一時停止規制　表示（当事者B）,車道幅員,道路線形,衝突地点,ゾーン規制,中央分離帯施設等,歩車道区分,事故類型,年齢（当事者A）,年齢（当事者B）,当事者種別（当事者A）,当事者種別（当事者B）,用途別（当事者A）,用途別（当事者B）,車両形状等（当事者A）,車両形状等（当事者B）,オートマチック車（当事者A）,オートマチック車（当事者B）,サポカー（当事者A）,サポカー（当事者B）,速度規制（指定のみ）（当事者A）,速度規制（指定のみ）（当事者B）,車両の衝突部位（当事者A）,車両の衝突部位（当事者B）,車両の損壊程度（当事者A）,車両の損壊程度（当事者B）,エアバッグの装備（当事者A）,エアバッグの装備（当事者B）,サイドエアバッグの装備（当事者A）,サイドエアバッグの装備（当事者B）,人身損傷程度（当事者A）,人身損傷程度（当事者B）,lat,lon,曜日(発生年月日),祝日(発生年月日),認知機能検査経過日数（当事者A）,認知機能検査経過日数（当事者B）,運転練習の方法（当事者A）,運転練習の方法（当事者B）
1,30,881,142,2,0,1,30000,0,228,2023,10,26,16,20,13,5,57,16,53,1,1,1,1,7,9,22,0,0,11,9,30,1,5,3,1,65,1,3,61,31,0,1,0,1,0,11,0,3,0,10,0,3,0,2,0,2,0,4,2,35.728635833333335,139.25496361111112,5,3,9999,0,9,0
1,30,881,146,2,0,1,10460,0,305,2023,10,30,15,36,12,6,0,16,49,1,2,1,1,1,9,22,0,0,14,9,30,70,4,2,1,75,1,4,61,31,0,1,0,1,0,11,0,3,0,10,0,3,0,2,0,2,0,4,2,35.745087500000004,139.23774972222222,2,3,783,0,9,0
1,30,882,298,2,0,1,30000,0,227,2023,10,5,10,10,12,5,38,17,20,1,1,1,1,1,9,22,0,0,14,9,30,70,4,2,1,75,75,3,61,31,0,1,0,1,0,11,0,2,0,10,0,3,0,2,0,2,0,4,2,35.76943194444444,139.31230722222224,5,3,7,0,9,0
1,30,882,301,2,0,1,30000,0,227,2023,10,10,11,30,12,5,43,17,13,1,1,1,1,1,9,22,0,0,18,9,30,70,5,3,1,75,55,3,61,31,0,1,0,1,0,11,0,2,0,10,0,3,0,2,0,2,0,4,2,35.767878333333336,139.31817027777777,3,3,546,0,9,0
1,30,882,317,2,0,1,20000,0,228,2023,10,25,9,10,12,5,56,16,54,1,2,1,1,1,9,22,0,0,14,8,30,70,4,2,1,55,75,3,61,31,0,1,0,1,0,11,0,3,0,10,0,4,0,2,0,2,0,4,2,35.74887916666667,139.30917861111112,4,3,9999,0,9,0
1,30,882,320,2,0,2,30000,0,218,2023,10,25,17,42,21,5,56,16,54,1,1,1,14,7,0,0,0,0,2,9,1,70,5,3,1,35,75,36,61,31,0,0,0,0,0,11,0,2,0,10,0,2,0,0,0,0,0,2,2,35.73468472222223,139.33495166666668,4,3,9999,0,1,0
1,30,882,321,2,0,1,30000,0,303,2023,10,18,13,0,12,5,49,17,3,1,2,1,1,7,9,22,0,0,11,9,30,70,4,2,1,45,1,51,61,41,0,0,0,0,0,0,0,0,0,10,0,3,0,0,0,0,0,4,2,35.76627416666667,139.33703555555556,4,3,0,0,0,0
1,30,883,457,2,0,1,10460,0,201,2023,8,25,10,5,12,5,7,18,19,1,2,1,14,7,0,0,0,0,3,9,1,70,4,2,1,65,65,14,61,31,0,11,0,1,0,11,0,3,0,30,0,4,0,2,0,2,0,4,2,35.71145277777778,139.2354486111111,6,3,9999,0,9,0
1,30,883,458,2,0,1,30000,0,201,2023,10,1,23,38,22,5,35,17,26,2,1,1,7,1,0,0,0,0,3,9,1,70,5,3,1,1,75,3,61,31,0,1,0,1,0,11,0,2,0,10,0,3,0,2,0,2,0,4,2,35.6569675,139.33807861111111,1,3,9999,0,5,0
1,30,883,459,2,0,2,30000,0,201,2023,10,3,5,0,23,5,37,17,23,1,1,1,1,7,1,21,0,0,11,9,30,70,5,2,1,45,75,3,61,31,0,1,0,1,0,11,0,5,0,10,0,3,0,2,0,2,0,4,2,35.657642777777774,139.34145972222223,3,3,9999,0,9,0
1,30,883,462,2,0,1,161,0,201,2023,10,5,18,35,22,5,38,17,20,2,1,1,1,1,9,22,0,0,18,9,30,70,5,1,1,25,55,4,61,31,0,1,0,1,0,11,0,5,0,10,0,3,0,2,0,2,0,4,2,35.666201666666666,139.3538736111111,5,3,9999,0,1,0
1,30,883,469,2,0,1,30000,0,201,2023,10,3,9,54,12,5,37,17,23,1,1,1,14,7,0,0,0,0,2,7,1,70,5,3,1,45,45,3,61,31,0,1,0,1,0,11,0,2,0,40,0,3,0,2,0,2,0,4,2,35.67821444444444,139.3546386111111,3,3,9999,0,9,0
1,30,883,472,2,0,1,30000,0,201,2023,10,13,6,30,11,5,45,17,9,1,2,1,14,7,0,0,0,0,1,9,1,70,5,3,1,55,65,4,61,31,0,1,0,1,0,11,0,2,0,40,0,3,0,2,0,2,0,4,2,35.667563611111106,139.32157583333333,6,3,9999,0,9,0
1,30,883,491,2,0,1,200,439,201,2023,10,24,12,40,12,5,55,16,55,1,2,1,1,1,9,22,0,0,18,9,30,70,4,2,1,1,55,14,61,31,0,11,0,1,0,11,0,10,0,10,0,3,0,2,0,2,0,4,2,35.66076527777778,139.3471477777778,3,3,9999,0,1,0
1,30,883,492,2,0,1,30000,0,201,2023,10,15,17,20,21,5,47,17,7,1,2,1,1,7,1,21,0,0,11,9,30,70,5,3,1,45,35,3,61,31,0,1,0,1,0,11,0,2,0,40,0,3,0,2,0,2,0,4,2,35.678675,139.32379305555554,1,3,9999,0,1,0
1,30,883,497,2,0,1,10460,0,201,2023,10,25,17,49,21,5,56,16,54,1,1,1,14,7,0,0,0,0,3,9,1,70,4,1,1,25,75,14,61,1,0,11,0,1,0,11,0,3,0,10,0,2,0,2,0,2,0,4,2,35.694111111111106,139.27896055555556,4,3,9999,0,1,0
1,30,883,504,2,0,1,30000,0,201,2023,10,30,6,40,11,6,0,16,49,1,1,1,1,1,9,22,0,0,11,9,30,70,5,1,1,55,25,3,61,31,0,1,0,1,0,11,0,3,0,10,0,3,0,2,0,2,0,4,2,35.70455888888889,139.30846694444446,2,3,9999,0,9,0
1,30,884,551,2,0,1,20750,0,209,2023,10,3,11,33,12,5,37,17,23,1,2,1,14,7,0,0,0,0,1,9,1,70,4,2,1,25,35,3,61,31,0,1,0,1,0,11,0,3,0,80,0,3,0,2,0,2,0,4,2,35.588839166666666,139.46051333333332,3,3,9999,0,1,0
1,30,884,552,2,0,1,30000,0,209,2023,10,3,14,54,12,5,37,17,23,1,1,1,1,1,9,22,0,0,15,9,30,70,4,2,1,75,1,4,61,31,0,1,0,1,0,11,0,3,0,10,0,3,0,2,0,2,0,4,2,35.54944166666667,139.47191722222223,3,3,260,0,9,0
1,30,884,558,2,0,1,10490,0,209,2023,10,5,12,0,12,5,38,17,20,1,1,1,1,1,9,22,0,0,18,9,30,70,1,1,1,55,75,51,61,41,0,0,0,0,0,0,0,0,0,10,0,4,0,0,0,0,0,4,2,35.538671388888886,139.45364944444444,5,3,0,0,0,0
1,30,884,562,2,0,1,30000,0,209,2023,10,6,14,35,12,5,39,17,19,1,1,1,1,7,9,22,0,0,14,8,30,70,4,2,1,1,1,4,61,31,0,1,0,1,0,11,0,3,0,0,0,4,0,2,0,2,0,4,2,35.54755888888889,139.47600055555554,6,3,9999,0,1,0
1,30,884,565,2,0,1,30000,0,209,2023,10,6,22,14,22,5,39,17,19,1,2,1,14,7,0,0,0,0,1,9,1,70,4,2,1,35,25,3,61,31,0,1,0,1,0,11,0,3,0,30,0,3,0,2,0,2,0,4,2,35.53565222222222,139.47446944444445,6,3,9999,0,1,0
1,30,884,566,2,0,1,30000,0,209,2023,10,10,8,0,12,5,43,17,13,2,2,1,1,1,9,22,0,0,15,8,30,70,4,2,1,75,55,3,61,31,0,1,0,1,0,11,0,3,0,10,0,3,0,2,0,2,0,4,2,35.534125555555555,139.47364277777777,3,3,182,0,9,0
1,30,884,567,2,0,1,20000,0,209,2023,9,27,9,50,12,5,32,17,32,1,1,1,1,7,9,22,0,0,11,9,30,70,5,3,1,55,35,3,61,31,0,1,0,1,0,11,0,3,0,40,0,3,0,2,0,2,0,4,2,35.53973444444444,139.4542311111111,4,3,9999,0,9,0
1,30,884,570,2,0,1,30000,0,209,2023,10,12,6,30,11,5,44,17,11,1,1,1,1,1,9,22,0,0,14,9,30,70,4,2,1,35,55,3,61,31,0,1,0,1,0,11,0,3,0,10,0,3,0,2,0,2,0,4,2,35.52433388888889,139.47942416666666,5,3,9999,0,1,0
1,30,884,574,2,0,1,30000,0,209,2023,9,20,5,5,23,5,27,17,42,1,2,1,1,7,1,22,0,0,14,8,30,70,5,2,1,65,45,4,61,31,0,1,0,1,0,11,0,5,0,10,0,3,0,2,0,2,0,4,2,35.553644444444444,139.43314055555555,4,3,9999,0,9,0
1,30,884,580,2,0,1,30000,0,209,2023,10,16,16,35,13,5,48,17,5,1,1,1,1,7,9,22,0,0,11,7,30,70,4,2,1,45,1,3,61,31,0,1,0,1,0,11,0,3,0,40,0,3,0,2,0,2,0,4,2,35.5360775,139.48045638888888,2,3,9999,0,1,0
1,30,884,582,2,0,1,30000,0,209,2023,10,16,15,50,12,5,48,17,5,1,1,1,14,7,0,0,0,0,2,9,1,70,5,2,1,55,1,4,61,31,0,1,0,1,0,11,0,2,0,50,0,4,0,2,0,2,0,4,2,35.53002,139.46441305555555,2,3,9999,0,1,0
1,30,884,587,2,0,1,99000,0,209,2023,9,9,20,40,22,5,18,17,58,1,1,1,0,7,0,0,0,0,0,0,20,70,0,4,1,55,1,51,61,41,0,0,0,0,0,0,0,0,0,10,0,4,0,0,0,0,0,4,2,35.56136083333333,139.42001666666667,7,3,0,0,0,0
1,30,884,588,2,0,1,30000,0,209,2023,10,19,8,55,12,5,50,17,2,1,1,1,14,7,0,0,0,0,2,8,1,70,5,4,1,55,25,3,61,31,0,1,0,1,0,11,0,10,0,30,0,3,0,2,0,2,0,4,2,35.513665,139.47314166666666,5,3,9999,0,9,0
1,30,884,607,2,0,1,30000,0,209,2023,10,28,16,40,13,5,58,16,51,2,1,1,14,7,0,0,0,0,1,7,1,70,4,2,1,1,75,51,61,41,0,0,0,0,0,0,0,0,0,10,0,3,0,0,0,0,0,4,2,35.57629472222222,139.4551875,7,3,0,0,0,0
1,30,884,613,2,0,1,10490,0,209,2023,10,30,13,0,12,6,0,16,49,1,1,1,14,7,0,0,0,0,4,9,1,70,4,2,1,45,35,51,61,41,0,0,0,0,0,0,0,0,0,10,0,3,0,0,0,0,0,4,2,35.57903666666667,139.4073088888889,2,3,0,0,0,0
1,30,885,222,2,0,1,200,0,212,2023,10,30,12,45,12,6,0,16,49,1,1,1,1,1,9,22,0,0,17,9,30,70,1,1,1,75,65,3,61,31,0,1,0,1,0,11,0,2,0,10,0,3,0,2,0,2,0,4,2,35.66986,139.4120925,2,3,9999,0,9,0
1,30,886,365,2,0,1,30000,0,207,2023,10,14,12,20,12,5,46,17,8,1,1,1,1,7,9,22,0,0,15,9,30,70,5,2,1,45,65,3,61,31,0,1,0,1,0,11,0,10,0,20,0,3,0,2,0,2,0,4,2,35.69759888888888,139.35762916666667,7,3,9999,0,9,0
1,30,886,369,2,0,1,30000,0,207,2023,10,16,18,39,22,5,48,17,5,1,1,1,1,7,9,22,0,0,14,9,30,70,4,1,1,45,65,3,61,31,0,1,0,1,0,11,0,2,0,10,0,3,0,2,0,2,0,4,2,35.706586388888894,139.36085527777777,2,3,9999,0,1,0
1,30,886,371,2,0,1,30000,0,207,2023,10,17,17,6,21,5,48,17,4,1,2,1,1,1,9,22,0,0,17,9,30,70,4,2,1,65,45,17,61,31,0,11,0,1,0,11,0,10,0,50,0,3,0,2,0,2,0,4,2,35.69418388888889,139.38614166666665,3,3,9999,0,9,0
1,30,886,374,2,0,1,30000,0,207,2023,10,18,18,10,22,5,49,17,3,1,1,1,1,7,1,22,0,0,14,9,30,70,5,3,1,1,35,51,61,41,0,0,0,0,0,0,0,0,0,10,0,4,0,0,0,0,0,4,2,35.71300555555556,139.3617711111111,4,3,0,0,0,0
1,30,886,379,2,0,1,30810,0,207,2023,10,22,11,13,12,5,53,16,58,1,1,1,14,7,0,0,0,0,3,9,1,70,4,1,1,1,65,4,61,31,0,1,0,1,0,11,0,3,0,10,0,3,0,2,0,2,0,4,2,35.71868388888889,139.34447333333335,1,3,9999,0,1,0
1,30,886,388,2,0,1,99000,0,207,2023,10,30,18,40,22,6,0,16,49,1,1,1,0,7,0,0,0,0,0,0,20,70,0,4,1,25,1,51,61,41,0,0,0,0,0,0,0,0,0,10,0,3,0,0,0,0,0,4,2,35.70015638888889,139.3851136111111,2,3,0,0,0,0
1,30,887,536,2,0,1,30000,0,202,2023,10,4,19,30,22,5,38,17,22,3,2,2,1,7,9,22,0,0,11,9,30,70,5,2,1,45,75,3,61,31,0,1,0,1,0,11,0,3,0,10,0,3,0,2,0,2,0,4,2,35.71439055555556,139.42578444444445,4,3,9999,0,1,0
1,30,887,553,2,0,1,10550,0,202,2023,10,12,4,51,23,5,44,17,11,1,1,1,1,1,9,22,0,0,18,9,30,70,4,1,1,45,55,3,61,1,0,1,0,1,0,11,0,3,0,10,0,3,0,2,0,2,0,4,2,35.69233027777778,139.3926886111111,5,3,9999,0,9,0
1,30,887,558,2,0,1,30000,0,215,2023,10,13,9,55,12,5,45,17,9,1,1,1,14,7,0,0,0,0,2,9,1,70,5,3,1,35,55,3,61,31,0,1,0,1,0,11,0,2,0,40,0,3,0,2,0,2,0,4,2,35.69690277777777,139.44107416666668,6,3,9999,0,1,0
1,30,887,560,2,0,1,10540,0,202,2023,10,13,15,10,12,5,45,17,9,1,1,1,1,1,9,22,0,0,18,9,30,70,1,1,1,25,65,4,61,31,0,1,0,1,0,11,0,1,0,0,0,4,0,2,0,2,0,4,2,35.719475,139.41909194444443,6,3,9999,0,1,0
1,30,887,566,2,0,1,10550,0,202,2023,10,16,10,0,12,5,48,17,5,1,2,1,1,1,9,22,0,0,17,9,30,70,4,2,1,55,75,3,61,31,0,1,0,1,0,11,0,4,0,10,0,3,0,2,0,2,0,4,2,35.692321666666665,139.3926672222222,2,3,9999,0,9,0
1,30,887,571,2,0,1,30000,0,202,2023,10,17,8,50,12,5,48,17,4,1,1,1,1,7,9,22,0,0,15,9,30,70,4,2,1,55,45,3,61,1,0,1,0,1,0,11,0,3,0,40,0,3,0,2,0,2,0,4,2,35.69721777777777,139.41572027777778,3,3,9999,0,9,0
1,30,887,582,2,0,1,30000,0,215,2023,10,22,0,35,22,5,53,16,58,1,1,1,14,7,0,0,0,0,3,9,1,70,5,2,1,35,1,51,61,41,0,0,0,0,0,0,0,0,0,10,0,3,0,0,0,0,0,4,2,35.6984225,139.44705805555557,1,3,0,0,0,0
1,30,887,586,2,0,1,30000,0,202,2023,9,13,8,42,12,5,21,17,52,1,1,1,14,7,0,0,0,0,3,9,1,70,1,2,1,45,55,3,61,31,0,1,0,1,0,11,0,3,0,40,0,3,0,2,0,2,0,4,2,35.70027777777778,139.41711583333333,4,3,9999,0,5,0
1,30,887,587,2,0,1,30000,0,215,2023,10,25,7,11,12,5,56,16,54,1,1,1,1,1,9,22,0,0,17,9,30,70,4,2,1,55,75,3,61,31,0,1,0,1,0,11,0,2,0,10,0,4,0,2,0,2,0,4,2,35.69440694444444,139.45595944444443,4,3,9999,0,9,0
1,30,887,593,2,0,1,30000,0,215,2023,10,28,17,23,21,5,58,16,51,1,2,1,1,7,1,21,0,0,14,9,30,70,4,2,1,65,65,3,61,31,0,1,0,1,0,11,0,3,0,10,0,3,0,2,0,2,0,4,2,35.688444999999994,139.43399527777777,7,3,8,0,9,0
1,30,887,595,2,0,1,30000,0,202,2023,10,28,18,35,22,5,58,16,51,3,1,2,1,1,9,22,0,0,15,9,30,70,4,3,1,35,65,14,61,1,0,11,0,1,0,11,0,3,0,10,0,3,0,2,0,2,0,4,2,35.70177138888889,139.39461083333333,7,3,9999,0,9,0
1,30,888,216,2,0,1,30000,0,206,2023,10,5,7,15,12,5,38,17,20,2,1,1,14,7,0,0,0,0,3,9,1,70,5,2,1,45,65,3,61,31,0,1,0,1,0,11,0,2,0,20,0,3,0,2,0,2,0,4,2,35.67918222222222,139.47646722222223,5,3,9999,0,9,0
1,30,888,217,2,0,1,30000,0,206,2023,10,7,11,25,12,5,40,17,17,1,1,1,14,7,0,0,0,0,2,9,1,70,5,4,1,75,55,3,61,31,0,1,0,1,0,11,0,10,0,40,0,4,0,2,0,2,0,4,2,35.669601388888886,139.4858725,7,3,890,0,9,0
1,30,888,218,2,0,1,90000,0,206,2023,10,1,14,5,12,5,35,17,26,2,1,1,14,7,0,0,0,0,3,9,20,70,5,4,1,35,55,3,61,31,0,1,0,1,0,11,0,1,0,50,0,4,0,2,0,2,0,4,2,35.69015944444444,139.45765055555555,1,3,9999,0,9,0
1,30,888,223,2,0,1,30000,0,206,2023,10,13,8,10,12,5,45,17,9,1,1,1,1,7,9,22,0,0,14,9,30,70,4,2,1,35,1,3,61,31,0,1,0,1,0,11,0,2,0,10,0,3,0,2,0,2,0,4,2,35.679608888888886,139.45728777777776,6,3,9999,0,1,0
1,30,888,226,2,0,1,200,280,206,2023,10,16,18,58,22,5,48,17,5,1,1,1,1,1,9,22,0,0,15,9,30,70,4,2,1,55,45,4,61,31,0,1,0,1,0,11,0,4,0,10,0,3,0,2,0,2,0,4,2,35.67030333333333,139.5050961111111,2,3,9999,0,9,0
1,30,888,228,2,0,1,20000,0,206,2023,10,2,6,36,12,5,36,17,25,1,1,1,14,7,0,0,0,0,2,9,1,70,5,4,1,35,65,14,61,31,0,11,0,1,0,11,0,1,0,22,0,4,0,2,0,2,0,4,2,35.689211388888886,139.4888633333333,2,3,9999,0,1,0
1,30,888,229,2,0,1,30000,0,206,2023,10,8,13,36,12,5,41,17,16,1,1,1,14,7,0,0,0,0,2,9,1,70,5,2,1,45,45,3,61,31,0,1,0,1,0,11,0,2,0,40,0,3,0,2,0,2,0,4,2,35.66504833333333,139.4449675,1,2,9999,0,1,0
1,30,888,230,2,0,1,95000,0,206,2023,10,21,8,28,12,5,52,16,59,1,1,1,14,7,0,0,0,0,1,9,1,70,5,2,1,25,1,3,61,31,0,1,0,1,0,11,0,3,0,10,0,3,0,2,0,2,0,4,2,35.65655861111111,139.45022138888888,7,3,9999,0,1,0
1,30,889,297,2,0,1,30000,0,214,2023,10,2,13,55,12,5,36,17,25,1,1,1,14,7,0,0,0,0,3,9,1,70,5,2,1,75,45,4,61,31,0,1,0,1,0,11,0,2,0,30,0,4,0,2,0,2,0,4,2,35.70120444444445,139.4773775,2,3,388,0,9,0
1,30,889,301,2,0,1,30000,0,210,2023,10,6,18,15,21,5,39,17,19,1,1,1,14,7,0,0,0,0,2,9,1,70,4,2,1,1,35,51,61,41,0,0,0,0,0,0,0,0,0,10,0,3,0,0,0,0,0,4,4,35.71053472222223,139.5259841666667,6,3,0,0,0,0
1,30,889,305,2,0,1,30000,0,214,2023,10,8,16,50,13,5,41,17,16,2,1,1,1,7,9,22,0,0,11,9,30,70,5,4,1,45,1,14,61,1,0,11,0,1,0,11,0,1,0,20,0,3,0,2,0,2,0,4,2,35.69761111111111,139.48722611111108,1,2,9999,0,1,0
1,30,889,310,2,0,1,30000,0,214,2023,9,19,14,50,12,5,26,17,44,1,1,1,14,1,0,0,0,0,2,8,1,70,5,2,1,1,45,51,61,41,0,0,0,0,0,0,0,0,0,10,0,2,0,0,0,0,0,4,2,35.69961138888888,139.48292111111112,3,3,0,0,0,0
1,30,889,317,2,0,1,30000,0,214,2023,10,7,8,50,12,5,40,17,17,2,1,1,1,7,0,0,0,0,11,9,30,70,5,2,1,1,0,61,0,0,0,0,0,0,0,0,0,0,0,0,0,0,0,0,0,0,0,2,0,35.714467500000005,139.43825944444444,7,3,0,0,0,0
1,30,889,326,2,0,1,20820,0,214,2023,10,24,18,55,22,5,55,16,55,1,1,1,14,7,0,0,0,0,3,9,1,70,4,2,1,75,35,3,61,31,0,1,0,1,0,11,0,3,0,40,0,3,0,2,0,2,0,4,2,35.69101444444444,139.4805275,3,3,526,0,9,0
1,30,890,274,2,0,1,20840,0,222,2023,9,22,14,35,12,5,28,17,39,2,1,1,14,7,0,0,0,0,3,8,1,70,4,3,1,65,1,13,61,1,0,11,0,1,0,11,0,3,0,20,0,4,0,2,0,2,0,4,2,35.75554916666667,139.51699361111113,6,2,9999,0,9,0
1,30,890,283,2,0,1,30000,0,222,2023,10,18,12,10,12,5,49,17,3,1,1,1,1,7,1,21,0,0,11,8,30,70,5,2,1,35,75,3,61,31,0,1,0,1,0,11,0,2,0,10,0,3,0,2,0,2,0,4,2,35.75163527777778,139.54095805555556,4,3,9999,0,1,0
1,30,890,287,2,0,1,30000,0,229,2023,9,21,14,55,12,5,28,17,41,2,1,1,14,7,0,0,0,0,2,9,1,70,5,3,1,75,1,4,61,31,0,1,0,1,0,11,0,10,0,10,0,3,0,2,0,2,0,4,2,35.75351527777778,139.5461063888889,5,3,910,0,9,0
1,30,890,290,2,0,1,30000,0,222,2023,9,29,17,45,21,5,34,17,29,1,1,1,14,7,0,0,0,0,3,9,1,70,4,2,1,65,75,3,61,1,0,1,0,1,0,11,0,3,0,10,0,3,0,2,0,2,0,4,2,35.759966666666664,139.53272305555558,6,3,9999,0,9,0
1,30,891,307,1,1,0,20000,0,213,2023,10,10,15,38,12,5,43,17,13,2,2,1,1,1,9,22,0,0,17,9,30,70,5,2,1,45,75,3,61,31,0,1,0,1,0,11,0,3,0,10,0,3,0,2,0,2,0,4,1,35.74960638888889,139.46985,3,3,9999,0,9,0
1,30,891,313,2,0,1,30000,0,221,2023,10,1,19,45,22,5,35,17,26,2,1,1,1,1,9,22,0,0,15,9,30,70,4,1,1,45,55,3,61,31,0,1,0,1,0,11,0,3,0,40,0,4,0,2,0,2,0,4,2,35.78310388888889,139.53529722222223,1,3,9999,0,9,0
1,30,891,314,2,0,1,30000,0,213,2023,10,2,19,10,22,5,36,17,25,1,1,1,14,7,0,0,0,0,2,9,1,70,5,2,1,1,45,51,61,41,0,0,0,0,0,0,0,0,0,10,0,3,0,0,0,0,0,4,2,35.77753027777778,139.49288916666666,2,3,0,0,0,0
1,30,891,316,2,0,1,30000,0,221,2023,10,5,7,52,12,5,38,17,20,2,1,1,1,1,9,22,0,0,15,9,30,70,4,2,1,1,1,4,61,31,0,1,0,1,0,11,0,3,0,20,0,4,0,2,0,2,0,4,2,35.79440388888889,139.53591527777778,5,3,9999,0,1,0
1,30,891,324,2,0,1,30000,0,213,2023,9,10,15,8,12,5,19,17,57,1,1,1,14,7,0,0,0,0,2,9,1,70,5,3,1,45,45,3,61,31,0,1,0,1,0,11,0,1,0,40,0,4,0,2,0,2,0,4,2,35.77719305555556,139.49497694444443,1,3,9999,0,5,0
1,30,891,329,2,0,1,10580,0,213,2023,10,15,18,6,21,5,47,17,7,3,1,2,1,1,9,22,0,0,15,9,30,70,5,2,1,55,75,3,61,31,0,1,0,1,0,11,0,3,0,40,0,3,0,2,0,2,0,4,2,35.77229472222222,139.48089027777777,1,3,9999,0,9,0
1,30,891,333,2,0,1,30000,0,213,2023,10,18,12,30,12,5,49,17,3,1,1,1,1,1,9,22,0,0,14,9,30,70,4,2,1,55,75,14,61,31,0,11,0,1,0,11,0,3,0,10,0,3,0,2,0,2,0,4,2,35.758693055555554,139.4687863888889,4,3,9999,0,9,0
1,30,891,341,2,0,1,30000,0,213,2023,10,23,7,50,12,5,54,16,57,1,1,1,1,7,9,22,0,0,11,9,30,70,5,4,1,55,1,3,61,31,0,1,0,1,0,11,0,2,0,80,0,3,0,2,0,2,0,4,2,35.75060527777778,139.4512883333333,2,3,9999,0,9,0
1,30,891,348,2,0,1,30000,0,213,2023,9,5,15,40,12,5,15,18,4,1,2,1,1,1,0,0,0,0,15,9,30,70,5,2,1,35,0,61,0,0,0,0,0,0,0,0,0,0,0,0,0,0,0,0,0,0,0,2,0,35.74744722222222,139.45794999999998,3,3,0,0,0,0
1,30,891,359,2,0,1,30000,0,213,2023,10,12,6,25,11,5,44,17,11,1,1,1,14,7,0,0,0,0,2,9,1,70,4,2,1,35,65,51,61,41,0,0,0,0,0,0,0,0,0,10,0,3,0,0,0,0,0,4,2,35.76087166666667,139.46866916666667,5,3,0,0,0,0
1,30,891,360,2,0,1,30000,0,221,2023,10,31,19,0,22,6,1,16,48,1,1,1,14,7,0,0,0,0,1,9,1,70,4,2,1,45,45,14,61,31,0,11,0,1,0,11,0,2,0,10,0,4,0,2,0,2,0,4,2,35.7732025,139.52288805555557,3,3,9999,0,1,0
1,30,892,292,2,0,2,10600,0,203,2023,10,8,17,0,13,5,41,17,16,2,1,1,14,7,0,0,0,0,3,9,1,70,4,2,1,65,25,52,61,41,0,0,0,0,0,0,0,0,0,10,0,3,0,0,0,0,0,4,2,35.705288055555556,139.5440188888889,1,2,0,0,0,0
1,30,892,297,2,0,1,20270,0,203,2023,10,12,18,0,21,5,44,17,11,1,1,1,14,7,0,0,0,0,3,9,1,70,4,2,1,65,1,4,61,31,0,1,0,1,0,11,0,3,0,10,0,3,0,2,0,2,0,4,2,35.710948333333334,139.54763194444445,5,3,50,0,9,0
1,30,892,304,2,0,1,20900,0,203,2023,10,19,13,43,12,5,50,17,2,1,1,1,14,7,0,0,0,0,4,9,1,70,4,1,1,65,55,14,61,1,0,11,0,1,0,11,0,10,0,10,0,3,0,2,0,2,0,4,2,35.709985,139.56252916666668,5,3,9999,0,9,0
1,30,892,307,2,0,1,30000,0,203,2023,10,22,11,50,12,5,53,16,58,1,1,1,1,1,9,22,0,0,18,9,30,70,5,2,1,45,45,51,61,41,0,0,0,0,0,0,0,0,0,10,0,3,0,0,0,0,0,4,2,35.71063277777778,139.55326805555558,1,3,0,0,0,0
1,30,893,242,2,0,1,30000,0,204,2023,10,3,12,28,12,5,37,17,23,1,1,1,1,7,9,22,0,0,14,9,30,70,5,2,1,35,65,3,61,31,0,1,0,1,0,11,0,3,0,10,0,3,0,2,0,2,0,4,2,35.675313055555556,139.567345,3,3,9999,0,5,0
1,30,893,251,2,0,1,30000,0,204,2023,10,22,8,57,12,5,53,16,58,1,1,1,1,1,9,22,0,0,11,9,30,70,4,2,1,75,25,4,61,31,0,1,0,1,0,11,0,2,0,20,0,3,0,2,0,2,0,4,2,35.67921194444444,139.5289263888889,1,3,636,0,9,0
1,30,893,254,2,0,1,30000,0,204,2023,10,9,19,20,22,5,42,17,15,2,1,1,14,7,0,0,0,0,1,9,1,70,5,4,1,35,45,14,61,31,0,11,0,1,0,11,0,5,0,30,0,3,0,2,0,2,0,4,2,35.68894694444444,139.56805777777777,2,1,9999,0,1,0
1,30,894,455,2,0,1,30000,0,208,2023,10,6,16,40,13,5,39,17,19,1,1,1,1,1,9,22,0,0,14,9,30,70,4,1,1,65,45,3,61,31,0,1,0,1,0,11,0,2,0,10,0,4,0,2,0,2,0,4,2,35.65038361111111,139.58983833333335,6,3,9999,0,1,0
1,30,894,457,2,0,1,30000,0,219,2023,10,4,17,35,21,5,38,17,22,3,1,1,7,7,0,0,0,0,2,9,1,70,5,3,1,75,25,3,61,1,0,1,0,1,0,11,0,1,0,40,0,4,0,2,0,2,0,4,2,35.64900305555555,139.57246694444444,4,3,266,0,9,0