資料区分,都道府県コード,警察署等コード,本票番号,事故内容,死者数,負傷者数,路線コード,地点コード,市区町村コード,発生日時　　年,発生日時　　月,発生日時　　日,発生日時　　時,発生日時　　分,昼夜,日の出時刻　　時,日の出時刻　　分,日の入り時刻　　時,日の入り時刻　　分,天候,地形,路面状態,道路形状,信号機,一時停止規制　標識（当事者A）,一時停止規制　表示（当事者A）,一時停止規制　標識（当事者B）,一時停止規制　表示（当事者B）,車道幅員,道路線形,衝突地点,ゾーン規制,中央分離帯施設等,歩車道区分,事故類型,年齢（当事者A）,年齢（当事者B）,当事者種別（当事者A）,当事者種別（当事者B）,用途別（当事者A）,用途別（当事者B）,車両形状等（当事者A）,車両形状等（当事者B）,オートマチック車（当事者A）,オートマチック車（当事者B）,サポカー（当事者A）,サポカー（当事者B）,速度規制（指定のみ）（当事者A）,速度規制（指定のみ）（当事者B）,車両の衝突部位（当事者A）,車両の衝突部位（当事者B）,車両の損壊程度（当事者A）,車両の損壊程度（当事者B）,エアバッグの装備（当事者A）,エアバッグの装備（当事者B）,サイドエアバッグの装備（当事者A）,サイドエアバッグの装備（当事者B）,人身損傷程度（当事者A）,人身損傷程度（当事者B）,lat,lon,曜日(発生年月日),祝日(発生年月日),認知機能検査経過日数（当事者A）,認知機能検査経過日数（当事者B）,運転練習の方法（当事者A）,運転練習の方法（当事者B）
1,30,894,471,2,0,1,30000,0,208,2023,10,16,7,45,12,5,48,17,5,1,1,1,14,7,0,0,0,0,2,9,1,70,4,1,1,45,1,3,61,31,0,1,0,1,0,11,0,2,0,40,0,3,0,2,0,2,0,4,2,35.65213194444444,139.59193666666667,2,3,9999,0,1,0
1,30,894,477,2,0,1,30000,0,208,2023,10,18,13,10,12,5,49,17,3,1,1,1,1,7,9,22,0,0,14,9,30,70,5,2,1,45,1,3,61,31,0,1,0,1,0,11,0,2,0,22,0,3,0,2,0,2,0,4,2,35.662351666666666,139.56360833333335,4,3,9999,0,9,0
1,30,894,479,2,0,1,30000,0,208,2023,10,18,16,45,13,5,49,17,3,1,1,1,1,7,9,22,0,0,11,9,30,70,5,2,1,65,1,14,61,31,0,11,0,1,0,11,0,3,0,10,0,3,0,2,0,2,0,4,2,35.658657777777776,139.53542416666667,4,3,9999,0,9,0
1,30,894,481,2,0,1,30000,0,208,2023,10,19,15,45,12,5,50,17,2,1,1,1,14,7,0,0,0,0,2,9,1,70,5,4,1,75,45,3,61,31,0,1,0,1,0,11,0,5,0,40,0,4,0,2,0,2,0,4,2,35.656690555555556,139.53260444444444,5,3,9999,0,9,0
1,30,894,492,2,0,1,30000,0,208,2023,10,23,7,43,12,5,54,16,57,1,1,1,14,7,0,0,0,0,2,9,1,70,5,4,1,1,75,51,61,41,0,0,0,0,0,0,0,0,0,10,0,3,0,0,0,0,0,4,2,35.644975,139.53353277777776,2,3,0,0,0,0
1,30,894,493,2,0,1,20890,0,208,2023,10,23,8,35,12,5,54,16,57,1,1,1,1,7,9,22,0,0,15,9,30,70,4,3,1,35,25,14,61,31,0,11,0,1,0,11,0,2,0,20,0,3,0,2,0,2,0,4,2,35.651158333333335,139.55822472222223,2,3,9999,0,5,0
1,30,894,511,2,0,1,30000,0,208,2023,9,3,7,56,12,5,14,18,7,1,1,1,14,7,0,0,0,0,3,9,1,70,5,3,1,35,35,3,61,31,0,1,0,1,0,11,0,5,0,40,0,4,0,2,0,2,0,4,2,35.654586944444446,139.56972861111112,1,3,9999,0,1,0
1,30,894,518,2,0,1,30000,0,208,2023,10,31,8,40,12,6,1,16,48,1,1,1,14,7,0,0,0,0,2,9,1,70,5,3,1,55,45,3,61,31,0,1,0,1,0,11,0,10,0,20,0,3,0,2,0,2,0,4,2,35.65246166666667,139.54547861111112,3,3,9999,0,9,0
1,30,894,519,2,0,1,99000,0,208,2023,10,30,17,37,21,6,0,16,49,1,1,1,0,7,0,0,0,0,0,0,20,70,0,4,1,45,75,14,61,31,0,11,0,1,0,11,0,1,0,30,0,3,0,2,0,2,0,4,2,35.64839361111111,139.5798597222222,2,3,9999,0,9,0
1,30,894,523,2,0,1,30000,0,208,2023,10,31,17,0,21,6,1,16,48,1,1,1,14,7,0,0,0,0,2,9,1,70,5,3,1,75,0,61,0,0,0,0,0,0,0,0,0,0,0,0,0,0,0,0,0,0,0,2,0,35.660515277777776,139.5871638888889,3,3,0,0,0,0
1,30,894,524,2,0,1,30000,0,208,2023,10,14,11,50,12,5,46,17,8,1,1,1,14,7,0,0,0,0,2,9,1,70,5,3,1,35,35,3,61,31,0,1,0,1,0,11,0,10,0,40,0,3,0,2,0,2,0,4,2,35.648024444444445,139.56816416666666,7,3,9999,0,1,0
1,30,895,149,2,0,1,10240,0,211,2023,9,20,16,42,13,5,27,17,42,3,1,1,14,7,0,0,0,0,3,9,1,70,4,2,1,1,0,61,0,0,0,0,0,0,0,0,0,0,0,0,0,0,0,0,0,0,0,2,0,35.73111888888889,139.4536536111111,4,3,0,0,0,0
1,30,895,153,2,0,1,99000,0,211,2023,10,2,18,2,21,5,36,17,25,1,1,1,0,7,0,0,0,0,0,0,20,70,0,3,1,45,1,3,61,31,0,1,0,1,0,11,0,10,0,70,0,3,0,2,0,2,0,4,2,35.740408333333335,139.45953749999998,2,3,9999,0,9,0
1,30,895,156,2,0,1,30000,0,211,2023,10,22,13,46,12,5,53,16,58,1,1,1,1,7,1,21,0,0,14,9,30,70,5,1,1,65,65,3,61,31,0,1,0,1,0,11,0,2,0,80,0,3,0,2,0,2,0,4,2,35.72900833333333,139.43333777777778,1,3,9999,0,9,0
1,30,895,166,2,0,1,10560,0,211,2023,7,11,14,40,12,4,34,18,59,1,1,1,1,1,9,22,0,0,11,9,30,70,4,1,1,1,45,51,61,41,0,0,0,0,0,0,0,0,0,10,0,4,0,0,0,0,0,4,2,35.728585833333334,139.5115686111111,3,3,0,0,0,0
1,30,100,155,2,0,1,30000,0,101,2023,11,1,19,0,22,6,2,16,47,1,1,1,1,7,9,22,0,0,14,9,30,70,4,2,1,65,35,3,61,1,0,1,0,1,0,11,0,2,0,10,0,3,0,2,0,2,0,4,2,35.682512499999994,139.73830249999997,4,3,9999,0,9,0
1,30,100,166,2,0,1,30000,0,101,2023,11,14,11,25,12,6,15,16,35,1,1,1,1,1,9,22,0,0,15,9,30,1,5,1,1,45,45,13,61,31,0,11,0,1,0,11,0,2,0,20,0,3,0,2,0,2,0,4,2,35.688179166666664,139.74367583333333,3,3,9999,0,9,0
1,30,100,167,2,0,1,30000,0,101,2023,11,17,3,35,22,6,18,16,33,3,1,2,14,7,0,0,0,0,2,8,1,70,4,2,1,1,25,36,61,31,0,0,0,0,0,11,0,2,0,12,0,3,0,0,0,0,0,4,2,35.686524999999996,139.74171083333331,6,3,9999,0,1,0
1,30,100,175,2,0,2,30010,0,101,2023,11,27,9,3,12,6,28,16,29,1,1,1,1,1,9,22,0,0,17,9,30,70,4,4,1,55,45,51,61,41,0,0,0,0,0,0,0,0,0,10,0,3,0,0,0,0,0,2,2,35.68495972222222,139.73730333333333,2,3,0,0,0,0
1,30,100,176,2,0,1,30000,0,101,2023,11,27,15,10,12,6,28,16,29,1,1,1,1,1,9,22,0,0,17,9,30,70,4,1,1,35,45,3,61,31,0,1,0,1,0,11,0,2,0,10,0,3,0,2,0,2,0,4,2,35.70169611111111,139.7478325,2,3,9999,0,4,0
1,30,100,177,2,0,1,99000,0,101,2023,11,29,8,20,12,6,30,16,28,1,1,1,0,7,0,0,0,0,0,0,20,70,0,4,1,55,75,3,61,1,0,1,0,1,0,11,0,10,0,40,0,4,0,2,0,2,0,4,2,35.68123222222222,139.7338011111111,4,3,9999,0,9,0
1,30,100,178,2,0,1,30000,0,101,2023,11,4,13,4,12,6,5,16,44,1,1,1,7,1,0,0,0,0,3,9,1,1,4,1,1,45,25,11,61,1,0,11,0,2,0,11,0,2,0,10,0,4,0,2,0,2,0,4,2,35.68465944444444,139.7414436111111,7,3,9999,0,1,0
1,30,100,180,2,0,1,30010,0,101,2023,11,16,10,53,12,6,17,16,34,1,1,1,1,1,9,22,0,0,14,9,30,1,5,2,1,45,1,4,61,31,0,1,0,1,0,11,0,2,0,80,0,2,0,2,0,2,0,4,2,35.686209166666664,139.73679444444443,5,3,9999,0,1,0
1,30,101,121,2,0,1,20030,0,101,2023,10,24,17,30,21,5,55,16,55,1,1,1,1,1,9,22,0,0,19,9,30,70,1,2,1,25,55,51,61,41,0,0,0,0,0,0,0,0,0,10,0,3,0,0,0,0,0,4,2,35.68189361111111,139.76221777777778,3,3,0,0,0,0
1,30,101,124,2,0,1,30000,0,101,2023,8,29,11,11,12,5,10,18,14,1,1,1,14,7,0,0,0,0,4,9,1,70,4,2,1,35,25,13,61,1,0,11,0,1,0,11,0,5,0,10,0,4,0,2,0,2,0,4,2,35.67948833333333,139.76316833333334,3,3,9999,0,5,0
1,30,101,127,2,0,1,90000,0,101,2023,10,15,18,41,22,5,47,17,7,1,1,1,14,7,0,0,0,0,3,9,1,70,5,2,1,55,35,3,61,1,0,1,0,1,0,11,0,5,0,40,0,3,0,2,0,2,0,4,2,35.680749999999996,139.76521916666667,1,3,9999,0,9,0
1,30,102,131,2,0,1,10050,0,101,2023,11,16,11,42,12,6,17,16,34,1,1,1,14,1,0,0,0,0,5,9,1,70,1,2,1,45,0,61,0,0,0,0,0,0,0,0,0,0,0,0,0,0,0,0,0,0,0,2,0,35.69423722222222,139.76351583333334,5,3,0,0,0,0
1,30,103,95,2,0,1,20070,0,101,2023,11,3,17,45,22,6,4,16,45,1,1,1,1,7,9,22,0,0,18,9,30,70,4,2,1,1,1,34,61,31,0,0,0,0,0,11,0,4,0,10,0,3,0,0,0,0,0,4,2,35.701818611111115,139.77165166666668,6,1,9999,0,1,0
1,30,103,97,2,0,1,30000,0,101,2023,11,9,23,10,22,6,10,16,39,1,1,1,14,7,0,0,0,0,3,9,1,70,5,3,1,55,45,3,61,31,0,1,0,1,0,11,0,1,0,80,0,3,0,2,0,2,0,4,2,35.69086055555555,139.77002583333334,5,3,9999,0,9,0
1,30,103,102,2,0,1,30000,0,101,2023,11,14,17,45,22,6,15,16,35,1,1,1,1,1,9,22,0,0,18,9,30,70,5,2,1,45,55,3,61,31,0,1,0,1,0,11,0,2,0,10,0,3,0,2,0,2,0,4,2,35.691295,139.77330111111112,3,3,9999,0,1,0
1,30,104,258,2,0,1,10030,0,102,2023,10,12,19,40,22,5,44,17,11,1,1,1,1,7,9,22,0,0,11,9,30,70,5,2,1,35,35,51,61,41,0,0,0,0,0,0,0,0,0,10,0,3,0,0,0,0,0,4,2,35.691003055555555,139.7752663888889,5,3,0,0,0,0
1,30,104,270,2,0,1,30000,0,102,2023,11,7,17,50,22,6,8,16,41,1,1,1,14,7,0,0,0,0,4,9,1,70,5,2,1,65,25,3,61,1,0,1,0,1,0,11,0,1,0,10,0,4,0,2,0,2,0,4,2,35.68632805555555,139.77384555555557,3,3,9999,0,9,0
1,30,104,273,2,0,1,20000,0,102,2023,11,27,23,5,22,6,28,16,29,1,1,1,1,1,9,22,0,0,18,8,30,70,5,2,1,45,45,17,61,1,0,11,0,1,0,11,0,4,0,10,0,3,0,2,0,2,0,4,2,35.67788833333333,139.7707577777778,2,3,9999,0,9,0
1,30,104,276,2,0,1,20100,0,102,2023,11,28,21,11,22,6,29,16,29,2,1,1,1,1,9,22,0,0,18,9,30,70,1,2,1,25,25,3,61,1,0,1,0,1,0,11,0,4,0,80,0,4,0,2,0,2,0,4,2,35.67705861111111,139.77725611111111,3,3,9999,0,1,0
1,30,106,144,1,1,0,10060,0,102,2023,11,28,3,23,22,6,29,16,29,1,1,1,1,1,9,22,0,0,18,9,30,70,5,1,1,65,65,4,61,31,0,1,0,1,0,11,0,5,0,10,0,2,0,2,0,2,0,4,1,35.668367777777775,139.77304222222224,3,3,9999,0,9,0
1,30,106,146,2,0,1,30000,0,102,2023,11,10,12,4,12,6,11,16,38,3,1,2,1,7,9,22,0,0,15,9,30,1,5,2,1,65,35,3,61,31,0,1,0,1,0,11,0,2,0,10,0,3,0,2,0,2,0,4,2,35.670834444444445,139.76994166666668,6,3,9999,0,9,0
1,30,106,150,2,0,1,30000,0,102,2023,11,20,20,5,22,6,21,16,32,1,1,1,14,7,0,0,0,0,3,9,1,70,5,2,1,65,25,3,61,1,0,1,0,1,0,11,0,2,0,20,0,4,0,2,0,2,0,4,2,35.670453333333334,139.76221833333332,2,3,9999,0,9,0
1,30,106,151,2,0,1,30000,0,102,2023,11,27,12,48,12,6,28,16,29,1,1,1,1,7,9,22,0,0,15,9,30,70,5,2,1,45,55,3,61,31,0,1,0,1,0,11,0,5,0,10,0,3,0,2,0,2,0,4,2,35.67134,139.77629416666667,2,3,9999,0,1,0
1,30,106,152,2,0,1,150,21,102,2023,10,26,4,54,22,5,57,16,53,1,1,1,14,7,0,0,0,0,6,9,1,70,5,4,1,55,35,3,61,1,0,1,0,1,0,11,0,4,0,40,0,3,0,2,0,2,0,4,2,35.6680675,139.76159972222223,5,3,9999,0,9,0
1,30,107,124,2,0,1,30000,0,102,2023,11,5,5,40,23,6,6,16,43,1,1,1,1,1,9,22,0,0,15,9,30,70,4,2,1,45,45,3,61,31,0,1,0,1,0,11,0,2,0,50,0,4,0,2,0,2,0,4,2,35.66632222222222,139.78520277777778,1,3,9999,0,1,0
1,30,108,221,2,0,1,30000,0,103,2023,11,17,12,0,12,6,18,16,33,3,1,2,14,7,0,0,0,0,3,9,1,70,5,2,1,65,45,14,61,1,0,11,0,1,0,11,0,2,0,30,0,3,0,2,0,2,0,4,2,35.662440277777776,139.75763,6,3,9999,0,9,0
1,30,109,157,2,0,1,30000,0,103,2023,11,1,17,5,21,6,2,16,47,1,1,1,1,7,9,22,0,0,11,9,30,70,5,3,1,65,35,3,61,1,0,1,0,1,0,11,0,2,0,70,0,3,0,2,0,2,0,4,2,35.64619,139.73612666666665,4,3,9999,0,9,0
1,30,109,164,2,0,1,30000,0,103,2023,11,18,22,10,22,6,19,16,33,1,1,1,1,1,9,22,0,0,18,9,30,70,4,1,1,1,75,3,61,31,0,1,0,1,0,11,0,10,0,10,0,4,0,2,0,2,0,4,2,35.642646666666664,139.74965083333333,7,3,9999,0,1,0
1,30,109,166,2,0,1,30000,0,103,2023,11,25,13,40,12,6,26,16,30,2,1,1,14,7,0,0,0,0,3,9,1,1,4,2,1,65,1,3,61,31,0,1,0,1,0,11,0,2,0,10,0,4,0,2,0,2,0,4,2,35.646208055555554,139.7504725,7,3,9999,0,9,0
1,30,109,167,2,0,1,10,62,103,2023,8,30,9,48,12,5,11,18,12,1,1,1,14,7,0,0,0,0,6,9,1,70,1,1,1,35,25,51,61,41,0,0,0,0,0,0,0,0,0,40,0,4,0,0,0,0,0,4,2,35.65145972222222,139.74513277777777,4,3,0,0,0,0
1,30,110,113,2,0,1,20000,0,103,2023,10,22,17,18,21,5,53,16,58,1,1,1,1,1,9,22,0,0,19,9,30,70,1,1,1,75,55,3,61,31,0,1,0,1,0,11,0,4,0,80,0,3,0,2,0,2,0,4,2,35.64288472222222,139.73392555555554,1,3,716,0,9,0
1,30,110,119,2,0,1,30000,0,103,2023,11,16,8,43,12,6,17,16,34,1,1,1,1,1,9,22,0,0,19,9,30,70,5,1,1,45,25,3,61,1,0,1,0,1,0,11,0,3,0,10,0,3,0,2,0,2,0,4,2,35.62825472222222,139.74246944444442,5,3,9999,0,1,0
1,30,110,120,2,0,1,30100,0,103,2023,11,24,15,20,12,6,25,16,30,1,1,1,1,1,9,22,0,0,15,9,30,70,5,2,1,65,1,13,61,31,0,11,0,1,0,11,0,1,0,40,0,3,0,2,0,2,0,4,2,35.635595555555554,139.73307333333332,6,3,9999,0,9,0
1,30,111,261,2,0,1,30000,0,103,2023,10,12,22,0,22,5,44,17,11,1,1,1,1,7,9,22,0,0,14,9,30,70,5,3,1,65,35,3,61,1,0,1,0,1,0,11,0,5,0,10,0,3,0,2,0,2,0,4,2,35.663420277777774,139.73370916666664,5,3,9999,0,9,0
1,30,111,263,2,0,1,20170,0,103,2023,11,8,4,13,22,6,9,16,40,1,1,1,1,1,9,22,0,0,19,9,30,70,1,1,1,55,25,3,61,1,0,1,0,1,0,11,0,5,0,10,0,4,0,2,0,2,0,4,2,35.66302388888889,139.73210916666667,4,3,9999,0,9,0
1,30,111,265,2,0,1,30000,0,103,2023,11,13,9,15,12,6,14,16,36,1,1,1,14,7,0,0,0,0,2,7,1,1,5,1,1,75,25,36,61,31,0,0,0,0,0,11,0,2,0,10,0,3,0,0,0,0,0,4,2,35.659889166666666,139.73658527777778,2,3,1064,0,9,0
1,30,111,266,2,0,1,30000,0,103,2023,11,13,13,30,12,6,14,16,36,1,1,1,14,7,0,0,0,0,2,9,1,70,5,3,1,65,45,3,61,1,0,1,0,1,0,11,0,2,0,10,0,3,0,2,0,2,0,4,2,35.65665944444444,139.7292113888889,2,3,9999,0,9,0
1,30,111,267,2,0,1,10090,0,103,2023,11,13,17,55,22,6,14,16,36,1,1,1,1,1,9,22,0,0,19,9,30,70,1,1,1,75,35,3,61,31,0,1,0,1,0,11,0,5,0,10,0,3,0,2,0,2,0,4,2,35.64657694444444,139.73560305555554,2,3,616,0,9,0
1,30,111,268,2,0,1,20120,0,103,2023,11,14,12,9,12,6,15,16,35,1,1,1,14,7,0,0,0,0,6,9,1,70,5,2,1,45,35,51,61,41,0,0,0,0,0,0,0,0,0,10,0,4,0,0,0,0,0,2,4,35.65703361111111,139.72397555555557,3,3,0,0,0,0
1,30,111,269,2,0,1,20140,0,103,2023,11,14,16,0,13,6,15,16,35,1,1,1,14,7,0,0,0,0,6,9,1,70,1,2,1,1,1,51,61,41,0,0,0,0,0,0,0,0,0,10,0,4,0,0,0,0,0,4,2,35.65225861111111,139.7367588888889,3,3,0,0,0,0
1,30,111,272,2,0,1,30000,0,103,2023,11,16,18,0,22,6,17,16,34,1,1,1,1,7,1,21,0,0,14,9,30,70,5,3,1,25,35,3,61,31,0,1,0,1,0,11,0,5,0,80,0,4,0,2,0,2,0,4,2,35.661966666666665,139.7261572222222,5,3,9999,0,5,0
1,30,111,273,2,0,1,30000,0,103,2023,11,17,13,30,12,6,18,16,33,2,1,1,1,7,1,21,0,0,15,9,30,70,5,1,1,35,55,3,61,31,0,1,0,1,0,11,0,3,0,50,0,4,0,2,0,2,0,4,2,35.65857166666667,139.73151000000001,6,3,9999,0,1,0
1,30,111,278,2,0,1,20120,0,103,2023,11,23,22,0,22,6,24,16,30,1,1,1,1,1,9,22,0,0,17,9,30,70,4,1,1,25,45,51,61,41,0,0,0,0,0,0,0,0,0,40,0,4,0,0,0,0,0,4,2,35.65793166666666,139.72385027777779,5,1,0,0,0,0
1,30,111,279,2,0,1,20120,0,103,2023,11,17,13,45,12,6,18,16,33,2,1,1,14,7,0,0,0,0,4,9,1,70,4,1,1,75,45,3,61,31,0,1,0,1,0,11,0,4,0,10,0,3,0,2,0,2,0,4,2,35.65699361111111,139.72384083333333,6,3,508,0,9,0
1,30,111,284,2,0,1,30000,0,103,2023,11,30,15,58,13,6,30,16,28,1,1,1,1,1,9,22,0,0,15,9,30,1,5,3,1,55,55,3,61,1,0,1,0,1,0,11,0,2,0,40,0,4,0,2,0,2,0,4,2,35.657215,139.74277555555554,5,3,9999,0,9,0
1,30,112,244,2,0,1,30000,0,103,2023,11,6,16,45,21,6,7,16,42,2,1,1,1,1,9,22,0,0,14,9,30,70,5,2,1,65,45,3,61,31,0,1,0,1,0,11,0,2,0,50,0,4,0,2,0,2,0,4,2,35.66540277777778,139.73234611111113,2,3,9999,0,9,0
1,30,112,253,2,0,1,20090,0,103,2023,11,16,17,3,21,6,17,16,34,1,1,1,1,1,9,22,0,0,19,9,30,70,1,2,1,65,55,3,61,1,0,1,0,1,0,11,0,10,0,10,0,3,0,2,0,2,0,4,2,35.672129444444444,139.740985,5,3,9999,0,9,0
1,30,112,255,2,0,1,20170,0,103,2023,11,18,3,45,22,6,19,16,33,1,1,1,1,1,9,22,0,0,19,9,30,70,1,2,1,35,25,3,61,1,0,1,0,1,0,11,0,10,0,80,0,3,0,2,0,2,0,4,2,35.65938055555556,139.71882861111112,7,3,9999,0,5,0
1,30,112,259,2,0,1,30000,0,103,2023,11,22,21,30,22,6,23,16,31,1,1,1,1,1,9,22,0,0,19,9,30,70,1,1,1,45,1,3,61,1,0,1,0,1,0,11,0,5,0,10,0,3,0,2,0,2,0,4,2,35.67862861111111,139.7362497222222,4,2,9999,0,1,0
1,30,112,263,2,0,1,20150,0,103,2023,11,27,10,4,12,6,28,16,29,1,1,1,1,7,9,22,0,0,15,9,30,70,4,2,1,35,1,17,61,31,0,11,0,2,0,11,0,3,0,10,0,3,0,2,0,2,0,4,2,35.67315166666666,139.73830916666665,2,3,9999,0,1,0
1,30,113,261,2,0,1,85010,0,103,2023,11,2,9,2,12,6,3,16,46,1,1,1,14,7,0,0,0,0,3,9,1,70,4,2,1,55,1,35,61,31,0,0,0,0,0,11,0,3,0,10,0,3,0,0,0,0,0,4,2,35.62949805555556,139.77559222222223,5,2,9999,0,1,0
1,30,216,223,2,0,1,30000,0,109,2023,11,4,17,15,21,6,5,16,44,1,1,1,14,7,0,0,0,0,1,9,1,70,5,3,1,45,35,14,61,31,0,11,0,1,0,11,0,1,0,10,0,3,0,2,0,2,0,4,2,35.598693611111116,139.72654527777777,7,3,9999,0,3,0
1,30,216,246,2,0,1,99000,0,109,2023,11,28,12,2,12,6,29,16,29,1,1,1,0,7,0,0,0,0,0,0,20,70,0,2,1,75,0,61,0,0,0,0,0,0,0,0,0,0,0,0,0,0,0,0,0,0,0,2,0,35.59834777777778,139.75029416666666,3,3,0,0,0,0
1,30,216,247,2,0,1,30000,0,109,2023,11,29,13,55,12,6,30,16,28,1,1,1,1,1,9,22,0,0,11,9,30,70,5,2,1,45,45,13,61,31,0,11,0,1,0,11,0,2,0,10,0,3,0,2,0,2,0,4,2,35.59877138888889,139.75094611111112,4,3,9999,0,9,0
1,30,217,199,2,0,1,30000,0,109,2023,11,18,13,50,12,6,19,16,33,1,1,1,14,7,0,0,0,0,1,9,1,1,5,3,1,55,1,3,61,1,0,1,0,1,0,11,0,2,0,10,0,4,0,2,0,2,0,4,2,35.62768916666667,139.71434722222222,7,3,9999,0,9,0
1,30,217,203,2,0,1,10080,0,109,2023,11,21,16,0,13,6,22,16,31,1,1,1,7,3,0,0,0,0,5,9,1,70,4,2,1,1,1,3,61,31,0,1,0,1,0,11,0,3,0,10,0,3,0,2,0,2,0,4,2,35.63412916666667,139.71817722222224,3,3,9999,0,1,0
1,30,217,205,2,0,1,30000,0,109,2023,11,24,8,55,12,6,25,16,30,1,1,1,1,7,1,21,0,0,11,9,30,70,4,2,1,25,25,14,61,1,0,11,0,1,0,11,0,2,0,10,0,3,0,2,0,2,0,4,2,35.616975000000004,139.72486305555555,6,3,9999,0,1,0
1,30,217,209,2,0,1,10170,0,109,2023,11,17,19,55,22,6,18,16,33,1,1,1,14,7,0,0,0,0,1,9,1,70,5,2,1,65,25,51,61,41,0,0,0,0,0,0,0,0,0,10,0,3,0,0,0,0,0,4,2,35.622755833333336,139.72172944444443,6,3,0,0,0,0
1,30,218,210,2,0,1,30000,0,109,2023,9,3,1,38,22,5,14,18,7,1,1,1,14,7,0,0,0,0,4,9,1,70,5,3,1,55,35,3,61,1,0,1,0,1,0,11,0,10,0,50,0,4,0,2,0,2,0,4,2,35.61239583333334,139.71576638888888,1,3,9999,0,9,0
1,30,218,217,2,0,1,30000,0,109,2023,11,8,8,55,12,6,9,16,40,1,1,1,1,1,9,22,0,0,14,9,30,70,5,2,1,45,75,13,61,31,0,11,0,1,0,11,0,2,0,20,0,3,0,2,0,2,0,4,2,35.602383055555556,139.71421333333333,4,3,9999,0,5,0
1,30,218,218,2,0,1,30000,0,109,2023,11,10,19,40,22,6,11,16,38,2,1,2,1,7,1,21,0,0,14,9,30,70,5,3,1,65,45,3,61,31,0,1,0,1,0,11,0,5,0,10,0,4,0,2,0,2,0,4,2,35.60500805555556,139.69789583333335,6,3,9999,0,9,0
1,30,219,385,1,1,0,30000,0,111,2023,11,21,21,44,22,6,22,16,31,1,1,1,14,7,0,0,0,0,3,9,1,1,5,3,1,55,25,3,61,31,0,1,0,1,0,11,0,2,0,10,0,4,0,2,0,2,0,4,1,35.568428611111116,139.72262138888888,3,3,9999,0,9,0
1,30,219,390,2,0,1,30000,0,111,2023,11,8,15,25,12,6,9,16,40,1,1,1,1,7,1,21,0,0,15,9,30,70,1,2,1,35,45,13,61,31,0,11,0,1,0,11,0,5,0,10,0,4,0,2,0,2,0,4,2,35.583710833333335,139.74830166666666,4,3,9999,0,5,0
1,30,220,233,2,0,1,30000,0,111,2023,10,28,16,50,13,5,58,16,51,1,1,1,14,7,0,0,0,0,2,9,1,70,5,3,1,65,25,3,61,31,0,1,0,1,0,11,0,2,0,40,0,3,0,2,0,2,0,4,2,35.60288888888889,139.6965788888889,7,3,9999,0,9,0
1,30,220,234,2,0,2,30000,0,111,2023,11,14,8,30,12,6,15,16,35,1,1,1,1,7,9,22,0,0,14,9,30,70,5,3,1,25,1,51,61,41,0,0,0,0,0,0,0,0,0,10,0,3,0,0,0,0,0,2,2,35.59168277777778,139.68876694444444,3,3,0,0,0,0
1,30,220,241,2,0,1,30000,0,111,2023,11,29,20,0,22,6,30,16,28,1,1,1,1,7,0,0,0,0,11,9,30,70,5,3,1,45,0,61,0,0,0,0,0,0,0,0,0,0,0,0,0,0,0,0,0,0,0,2,0,35.575697222222225,139.680175,4,3,0,0,0,0
1,30,221,324,2,0,1,30000,0,111,2023,11,17,10,35,12,6,18,16,33,3,1,2,1,1,9,22,0,0,15,9,30,70,5,3,1,35,65,3,61,31,0,1,0,1,0,11,0,2,0,10,0,3,0,2,0,2,0,4,2,35.549186666666664,139.74812944444443,6,3,9999,0,9,0
1,30,221,325,2,0,1,30000,0,111,2023,11,17,20,2,22,6,18,16,33,1,1,1,1,7,9,22,0,0,18,9,30,70,4,1,1,45,25,3,61,31,0,1,0,1,0,11,0,3,0,10,0,3,0,2,0,2,0,4,2,35.56289694444444,139.7183877777778,6,3,9999,0,1,0
1,30,221,326,2,0,1,30000,0,111,2023,11,19,14,15,12,6,20,16,32,1,1,1,1,7,1,21,0,0,11,9,30,70,5,3,1,1,75,51,61,41,0,0,0,0,0,0,0,0,0,10,0,4,0,0,0,0,0,4,2,35.550241111111106,139.7152511111111,1,3,0,0,0,0
1,30,221,328,2,0,1,150,175,111,2023,10,29,13,30,12,5,59,16,50,1,1,1,1,1,9,22,0,0,19,9,30,70,5,2,1,55,65,17,61,1,0,11,0,1,0,11,0,10,0,10,0,4,0,2,0,2,0,4,2,35.54503888888889,139.7124147222222,1,3,9999,0,9,0
1,30,221,337,2,0,1,30000,0,111,2023,10,28,17,26,21,5,58,16,51,1,1,1,14,7,0,0,0,0,1,9,1,70,5,3,1,45,1,3,61,31,0,1,0,1,0,11,0,2,0,10,0,3,0,2,0,2,0,4,2,35.54968888888889,139.74652444444442,7,3,9999,0,5,0
1,30,222,332,2,0,1,30000,0,111,2023,11,8,0,58,22,6,9,16,40,1,1,1,1,7,9,22,0,0,11,9,30,70,5,3,1,75,55,3,61,31,0,1,0,1,0,11,0,2,0,80,0,3,0,2,0,2,0,4,2,35.58497722222222,139.70221555555554,4,3,386,0,9,0
1,30,222,347,2,0,1,10190,0,111,2023,11,22,9,55,12,6,23,16,31,1,1,1,1,7,9,22,0,0,15,9,30,70,5,2,1,25,25,3,61,1,0,1,0,1,0,11,0,1,0,10,0,4,0,2,0,2,0,4,2,35.5644475,139.70868444444443,4,2,9999,0,5,0