資料区分,都道府県コード,警察署等コード,本票番号,事故内容,死者数,負傷者数,路線コード,地点コード,市区町村コード,発生日時　　年,発生日時　　月,発生日時　　日,発生日時　　時,発生日時　　分,昼夜,日の出時刻　　時,日の出時刻　　分,日の入り時刻　　時,日の入り時刻　　分,天候,地形,路面状態,道路形状,信号機,一時停止規制　標識（当事者A）,一時停止規制　表示（当事者A）,一時停止規制　標識（当事者B）,一時停止規制　表示（当事者B）,車道幅員,道路線形,衝突地点,ゾーン規制,中央分離帯施設等,歩車道区分,事故類型,年齢（当事者A）,年齢（当事者B）,当事者種別（当事者A）,当事者種別（当事者B）,用途別（当事者A）,用途別（当事者B）,車両形状等（当事者A）,車両形状等（当事者B）,オートマチック車（当事者A）,オートマチック車（当事者B）,サポカー（当事者A）,サポカー（当事者B）,速度規制（指定のみ）（当事者A）,速度規制（指定のみ）（当事者B）,車両の衝突部位（当事者A）,車両の衝突部位（当事者B）,車両の損壊程度（当事者A）,車両の損壊程度（当事者B）,エアバッグの装備（当事者A）,エアバッグの装備（当事者B）,サイドエアバッグの装備（当事者A）,サイドエアバッグの装備（当事者B）,人身損傷程度（当事者A）,人身損傷程度（当事者B）,lat,lon,曜日(発生年月日),祝日(発生年月日),認知機能検査経過日数（当事者A）,認知機能検査経過日数（当事者B）,運転練習の方法（当事者A）,運転練習の方法（当事者B）
1,30,222,348,2,0,1,20180,0,111,2023,11,24,10,10,12,6,25,16,30,1,1,1,14,7,0,0,0,0,2,9,1,70,5,2,1,75,1,51,61,41,0,0,0,0,0,0,0,0,0,10,0,3,0,0,0,0,0,4,2,35.57613611111111,139.71309,6,3,0,0,0,0
1,30,325,229,2,0,1,2460,70,112,2023,11,2,5,15,23,6,3,16,46,1,1,1,1,1,9,22,0,0,19,9,30,70,1,1,1,1,75,51,61,41,0,0,0,0,0,0,0,0,0,12,0,3,0,0,0,0,0,4,2,35.64917527777778,139.6814436111111,5,2,0,0,0,0
1,30,325,237,2,0,1,30990,0,112,2023,10,27,13,25,12,5,57,16,52,1,1,1,14,7,0,0,0,0,2,9,1,70,4,2,1,35,55,3,61,31,0,1,0,1,0,11,0,3,0,80,0,3,0,2,0,2,0,4,2,35.64006916666666,139.6671413888889,6,3,9999,0,4,0
1,30,325,239,2,0,1,30000,0,112,2023,11,17,18,25,22,6,18,16,33,2,1,1,14,7,0,0,0,0,3,9,1,70,4,3,1,45,1,36,61,31,0,0,0,0,0,11,0,2,0,12,0,3,0,0,0,0,0,4,2,35.641354166666666,139.65728361111113,6,3,9999,0,5,0
1,30,325,245,2,0,1,30000,0,112,2023,10,23,17,16,21,5,54,16,57,1,1,1,14,7,0,0,0,0,1,9,1,70,5,2,1,65,35,3,61,31,0,1,0,1,0,11,0,1,0,40,0,3,0,2,0,2,0,4,2,35.64738055555556,139.67309,2,3,9999,0,9,0
1,30,326,337,2,0,1,30000,0,112,2023,11,1,8,5,12,6,2,16,47,1,1,1,1,1,9,22,0,0,15,9,30,70,4,1,1,1,1,51,61,41,0,0,0,0,0,0,0,0,0,10,0,3,0,0,0,0,0,4,2,35.64760944444444,139.62889666666666,4,3,0,0,0,0
1,30,326,339,2,0,1,31000,0,112,2023,11,3,13,5,12,6,4,16,45,1,1,1,1,7,9,22,0,0,14,9,30,70,5,2,1,35,75,35,61,31,0,0,0,0,0,11,0,3,0,10,0,3,0,0,0,0,0,4,2,35.65376805555555,139.66647777777777,6,1,9999,0,1,0
1,30,326,350,2,0,1,30000,0,112,2023,11,14,8,0,12,6,15,16,35,1,1,1,1,7,1,21,0,0,15,9,30,70,5,2,1,55,45,14,61,31,0,11,0,1,0,11,0,2,0,10,0,4,0,2,0,2,0,4,2,35.65812694444444,139.66033833333333,3,3,9999,0,1,0
1,30,326,358,2,0,1,20260,0,112,2023,11,23,0,30,22,6,24,16,30,1,1,2,1,7,9,22,0,0,14,9,30,70,4,2,1,45,45,3,61,1,0,1,0,1,0,11,0,3,0,10,0,3,0,2,0,2,0,4,2,35.654046944444445,139.6727383333333,5,1,9999,0,1,0
1,30,326,359,2,0,1,30000,0,112,2023,11,24,10,50,12,6,25,16,30,1,1,1,7,7,0,0,0,0,1,9,1,70,5,3,1,65,55,14,61,1,0,11,0,1,0,11,0,2,0,40,0,4,0,2,0,2,0,4,2,35.66114111111111,139.6676197222222,6,3,9999,0,9,0
1,30,327,446,2,0,1,99000,0,112,2023,8,16,11,56,12,5,0,18,30,1,1,1,0,7,0,0,0,0,0,0,20,70,0,4,1,35,75,3,61,31,0,1,0,1,0,11,0,5,0,60,0,4,0,2,0,2,0,4,2,35.62694944444444,139.62614083333335,4,3,9999,0,1,0
1,30,327,449,2,0,1,30000,0,112,2023,10,21,10,30,12,5,52,16,59,1,1,1,1,7,1,21,0,0,14,9,30,70,4,2,1,75,75,13,61,31,0,11,0,1,0,11,0,2,0,10,0,4,0,2,0,2,0,4,2,35.61577722222222,139.655505,7,3,1019,0,9,0
1,30,327,456,2,0,1,99000,0,112,2023,11,4,22,45,22,6,5,16,44,1,1,1,0,7,0,0,0,0,0,0,20,70,0,4,1,35,55,3,61,31,0,1,0,1,0,11,0,5,0,30,0,4,0,2,0,2,0,4,2,35.622395833333336,139.63151083333335,7,3,9999,0,4,0
1,30,327,459,2,0,1,30000,0,112,2023,11,8,13,32,12,6,9,16,40,1,1,1,1,1,9,22,0,0,15,9,30,70,5,3,1,65,1,1,61,1,0,1,0,1,0,11,0,2,0,10,0,3,0,2,0,2,0,4,2,35.6098875,139.66286694444446,4,3,9999,0,9,0
1,30,327,461,2,0,1,30000,0,112,2023,9,16,16,52,13,5,24,17,48,1,1,1,1,7,1,21,0,0,17,9,30,70,5,3,1,55,45,3,61,31,0,1,0,1,0,11,0,2,0,10,0,4,0,2,0,2,0,4,2,35.604377222222226,139.6679047222222,7,3,9999,0,9,0
1,30,327,463,2,0,1,99000,0,112,2023,11,7,13,35,12,6,8,16,41,2,1,1,0,7,0,0,0,0,0,0,20,70,0,4,1,35,35,14,61,31,0,11,0,1,0,11,0,10,0,30,0,4,0,2,0,2,0,4,2,35.60581083333334,139.6578861111111,3,3,9999,0,9,0
1,30,327,471,2,0,1,99000,0,112,2023,11,15,14,25,12,6,16,16,35,2,1,5,0,7,0,0,0,0,0,0,20,70,0,4,1,35,55,13,61,31,0,11,0,1,0,11,0,10,0,40,0,4,0,2,0,2,0,4,2,35.60696527777778,139.63712527777778,4,3,9999,0,1,0
1,30,327,477,2,0,1,2460,114,112,2023,11,21,11,50,12,6,22,16,31,1,1,1,14,7,0,0,0,0,1,9,1,70,5,1,1,45,35,51,61,41,0,0,0,0,0,0,0,0,0,10,0,3,0,0,0,0,0,2,4,35.626530833333334,139.64274027777776,3,3,0,0,0,0
1,30,327,481,2,0,1,30000,0,112,2023,11,27,15,45,13,6,28,16,29,1,1,1,14,7,0,0,0,0,2,9,1,70,5,3,1,35,55,3,61,31,0,1,0,1,0,11,0,1,0,40,0,4,0,2,0,2,0,4,2,35.605982222222224,139.66778722222222,2,3,9999,0,1,0
1,30,328,444,2,0,1,30000,0,112,2023,7,8,2,9,22,4,32,19,0,2,1,1,13,7,0,0,0,0,2,3,1,70,5,4,1,55,55,3,61,1,0,1,0,1,0,11,0,10,0,10,0,3,0,2,0,2,0,4,2,35.67686722222222,139.60680666666667,7,3,9999,0,9,0
1,30,328,447,2,0,1,200,178,112,2023,10,16,7,20,12,5,48,17,5,1,1,1,14,7,0,0,0,0,5,9,1,70,4,2,1,25,25,34,61,31,0,0,0,0,0,11,0,4,0,11,0,3,0,0,0,0,0,4,2,35.67321666666666,139.60561083333332,2,3,9999,0,5,0
1,30,328,452,2,0,1,10200,0,112,2023,11,8,7,5,11,6,9,16,40,1,1,1,7,7,0,0,0,0,6,9,1,70,1,1,1,35,75,51,61,41,0,0,0,0,0,0,0,0,0,40,0,4,0,0,0,0,0,4,2,35.66847194444444,139.61317527777777,4,3,0,0,0,0
1,30,328,457,2,0,1,30000,0,112,2023,11,10,16,40,21,6,11,16,38,3,1,2,1,7,9,22,0,0,14,9,30,70,5,3,1,55,65,51,61,41,0,0,0,0,0,0,0,0,0,10,0,4,0,0,0,0,0,4,2,35.64727222222222,139.62310972222224,6,3,0,0,0,0
1,30,328,463,2,0,1,30000,0,112,2023,11,10,17,15,21,6,11,16,38,3,1,2,1,7,9,22,0,0,15,9,30,70,5,3,1,65,35,3,61,31,0,1,0,1,0,11,0,10,0,40,0,4,0,2,0,2,0,4,2,35.652095277777775,139.62279472222224,6,3,9999,0,9,0
1,30,328,465,2,0,1,99000,0,112,2023,7,13,15,55,12,4,35,18,58,2,1,1,0,7,0,0,0,0,0,0,20,70,0,4,1,25,75,51,61,41,0,0,0,0,0,0,0,0,0,10,0,4,0,0,0,0,0,4,2,35.65825861111111,139.61960027777778,5,3,0,0,0,0
1,30,328,480,2,0,1,10190,0,112,2023,11,29,8,31,12,6,30,16,28,1,1,1,7,1,0,0,0,0,5,9,1,70,5,1,1,1,55,51,61,41,0,0,0,0,0,0,0,0,0,10,0,3,0,0,0,0,0,4,2,35.62692777777778,139.60380416666666,4,3,0,0,0,0
1,30,328,483,2,0,1,30000,0,112,2023,11,27,13,36,12,6,28,16,29,1,1,1,1,7,9,22,0,0,15,9,30,70,5,3,1,1,25,3,61,31,0,1,0,1,0,11,0,10,0,80,0,3,0,2,0,2,0,4,2,35.640305,139.61022972222221,2,3,9999,0,1,0
1,30,328,486,2,0,1,30000,0,112,2023,11,30,8,30,12,6,30,16,28,1,1,1,14,7,0,0,0,0,3,9,1,1,5,2,1,65,45,4,61,31,0,1,0,1,0,11,0,2,0,10,0,3,0,2,0,2,0,4,2,35.64429861111111,139.61298166666666,5,3,9999,0,9,0
1,30,329,262,2,0,1,30000,0,110,2023,10,6,13,35,12,5,39,17,19,1,1,1,1,1,9,22,0,0,15,9,30,70,4,2,1,25,75,52,61,41,0,0,0,0,0,0,0,0,0,10,0,4,0,0,0,0,0,4,2,35.632394166666664,139.68700361111112,6,3,0,0,0,0
1,30,329,263,2,0,1,30000,0,110,2023,10,13,15,30,12,5,45,17,9,1,1,1,1,7,9,22,0,0,15,9,30,70,4,2,1,55,25,3,61,1,0,1,0,1,0,11,0,2,0,10,0,3,0,2,0,2,0,4,2,35.64852888888889,139.69445444444446,6,3,9999,0,9,0
1,30,329,265,2,0,1,10160,0,110,2023,10,29,14,20,12,5,59,16,50,1,1,1,7,1,0,0,0,0,5,9,1,70,1,2,1,45,25,35,61,31,0,0,0,0,0,11,0,5,0,10,0,4,0,0,0,0,0,4,2,35.65314472222222,139.68946,1,3,9999,0,9,0
1,30,329,268,2,0,1,10160,0,110,2023,11,3,20,22,22,6,4,16,45,1,1,1,14,7,0,0,0,0,5,9,1,70,1,1,1,35,1,51,61,41,0,0,0,0,0,0,0,0,0,20,0,4,0,0,0,0,0,4,2,35.65060416666667,139.68975777777777,6,1,0,0,0,0
1,30,329,273,2,0,1,30000,0,110,2023,10,20,22,15,22,5,51,17,0,1,1,1,14,7,0,0,0,0,1,9,1,70,5,3,1,55,35,3,61,1,0,1,0,1,0,11,0,5,0,80,0,3,0,2,0,2,0,4,2,35.63171833333333,139.68315305555555,6,3,9999,0,9,0
1,30,329,276,2,0,1,30000,0,110,2023,11,16,11,25,12,6,17,16,34,1,1,1,1,7,9,22,0,0,11,9,30,70,1,1,1,1,45,3,61,31,0,1,0,1,0,11,0,10,0,40,0,3,0,2,0,2,0,4,2,35.65355361111111,139.6893938888889,5,3,9999,0,1,0
1,30,329,277,2,0,1,20240,0,110,2023,11,20,17,55,22,6,21,16,32,1,1,1,14,7,0,0,0,0,4,9,1,70,4,2,1,45,75,33,61,31,0,0,0,0,0,11,0,3,0,10,0,3,0,0,0,0,0,4,2,35.634275555555554,139.69054416666668,2,3,9999,0,1,0
1,30,329,278,2,0,1,10080,0,110,2023,11,23,7,40,12,6,24,16,30,2,1,1,1,1,9,22,0,0,18,9,30,1,4,1,1,45,65,51,61,41,0,0,0,0,0,0,0,0,0,20,0,4,0,0,0,0,0,4,2,35.63047111111111,139.70094555555553,5,1,0,0,0,0
1,30,329,279,2,0,1,30000,0,110,2023,11,25,14,40,12,6,26,16,30,1,1,1,14,7,0,0,0,0,2,9,1,70,5,1,1,35,35,51,61,41,0,0,0,0,0,0,0,0,0,10,0,3,0,0,0,0,0,4,2,35.63803,139.7133611111111,7,3,0,0,0,0
1,30,329,285,2,0,1,10080,0,110,2023,9,26,9,50,12,5,31,17,33,1,1,1,14,7,0,0,0,0,5,9,1,70,4,1,1,25,55,51,61,41,0,0,0,0,0,0,0,0,0,10,0,3,0,0,0,0,0,2,4,35.63044111111111,139.70128027777776,3,3,0,0,0,0
1,30,330,308,2,0,1,20190,0,110,2023,10,29,17,50,22,5,59,16,50,1,1,1,1,7,9,22,0,0,17,9,30,70,4,1,1,1,35,4,61,31,0,1,0,1,0,11,0,3,0,50,0,3,0,2,0,2,0,4,2,35.62162416666667,139.70067583333332,1,3,9999,0,1,0
1,30,330,325,2,0,1,30000,0,110,2023,4,2,12,18,12,5,27,18,3,2,1,1,14,7,0,0,0,0,2,9,1,70,4,3,1,45,45,3,61,31,0,1,0,1,0,11,0,2,0,40,0,3,0,2,0,2,0,4,2,35.61192888888889,139.66668833333333,1,3,9999,0,1,0
1,30,330,326,2,0,1,10080,0,110,2023,11,20,20,43,22,6,21,16,32,1,1,1,14,7,0,0,0,0,3,8,1,70,1,2,1,65,45,3,61,31,0,1,0,1,0,11,0,4,0,10,0,3,0,2,0,2,0,4,2,35.61991611111111,139.67958027777777,2,3,9999,0,5,0
1,30,330,330,2,0,1,30000,0,110,2023,11,24,17,35,22,6,25,16,30,1,1,1,14,7,0,0,0,0,1,7,1,70,4,1,1,25,1,13,61,31,0,11,0,1,0,11,0,2,0,20,0,4,0,2,0,2,0,4,2,35.61058694444445,139.66702333333333,6,3,9999,0,5,0
1,30,330,335,2,0,1,30000,0,110,2023,11,28,15,39,13,6,29,16,29,1,1,1,14,7,0,0,0,0,1,9,1,70,5,3,1,75,25,3,61,1,0,1,0,1,0,11,0,1,0,80,0,3,0,2,0,2,0,4,2,35.60808611111111,139.6688511111111,3,3,151,0,9,0
1,30,330,339,2,0,1,20240,0,110,2023,11,30,16,45,21,6,30,16,28,1,1,1,1,1,9,22,0,0,15,8,30,70,4,1,1,1,65,51,61,41,0,0,0,0,0,0,0,0,0,10,0,3,0,0,0,0,0,4,2,35.629397777777776,139.68164888888887,5,3,0,0,0,0
1,30,331,317,2,0,1,30000,0,113,2023,10,24,21,5,22,5,55,16,55,1,1,1,14,7,0,0,0,0,1,9,1,70,5,2,1,45,45,3,61,1,0,1,0,1,0,11,0,5,0,40,0,3,0,2,0,2,0,4,2,35.65502111111111,139.6998838888889,3,3,9999,0,1,0
1,30,331,335,2,0,1,10090,0,113,2023,11,27,14,42,12,6,28,16,29,1,1,1,7,1,0,0,0,0,5,9,1,70,1,1,1,55,35,3,61,1,0,1,0,1,0,11,0,5,0,40,0,4,0,2,0,2,0,4,2,35.657271944444446,139.7041625,2,3,9999,0,9,0
1,30,331,340,2,0,1,10650,0,110,2023,10,31,18,10,22,6,1,16,48,1,1,1,14,7,0,0,0,0,4,9,1,70,4,2,1,25,55,51,61,41,0,0,0,0,0,0,0,0,0,10,0,4,0,0,0,0,0,4,2,35.653349999999996,139.69380611111112,3,3,0,0,0,0
1,30,332,156,2,0,1,10090,0,113,2023,11,1,9,8,12,6,2,16,47,1,1,1,14,7,0,0,0,0,5,9,1,70,1,1,1,25,45,51,61,41,0,0,0,0,0,0,0,0,0,10,0,3,0,0,0,0,0,4,2,35.67837472222222,139.70540138888887,4,3,0,0,0,0
1,30,332,167,2,0,1,20160,0,113,2023,11,24,20,16,22,6,25,16,30,1,1,1,14,1,0,0,0,0,6,8,1,70,5,2,1,25,35,51,61,41,0,0,0,0,0,0,0,0,0,10,0,3,0,0,0,0,0,4,2,35.66718944444444,139.70805833333333,6,3,0,0,0,0
1,30,332,172,2,0,1,30000,0,113,2023,11,23,20,33,22,6,24,16,30,1,1,1,14,7,0,0,0,0,1,9,1,70,5,3,1,45,55,3,61,31,0,1,0,1,0,11,0,2,0,20,0,4,0,2,0,2,0,4,2,35.68273555555555,139.70217722222222,5,1,9999,0,5,0
1,30,333,258,2,0,1,30250,0,113,2023,11,19,14,55,12,6,20,16,32,1,1,1,14,7,0,0,0,0,2,9,1,70,4,2,1,1,45,3,61,1,0,1,0,1,0,11,0,1,0,40,0,3,0,2,0,2,0,4,2,35.68012833333333,139.69379194444446,1,3,9999,0,1,0
1,30,333,261,2,0,1,21000,0,113,2023,11,28,7,55,12,6,29,16,29,1,1,1,14,7,0,0,0,0,2,9,1,70,4,2,1,1,55,51,61,41,0,0,0,0,0,0,0,0,0,40,0,3,0,0,0,0,0,4,2,35.6678575,139.6923238888889,3,3,0,0,0,0
1,30,435,212,2,0,2,20290,0,104,2023,11,1,9,0,12,6,2,16,47,1,1,1,14,7,0,0,0,0,4,9,1,70,4,2,1,55,1,51,61,41,0,0,0,0,0,0,0,0,0,40,0,3,0,0,0,0,0,2,2,35.69962361111111,139.72343222222221,4,3,0,0,0,0
1,30,435,213,2,0,1,30000,0,104,2023,11,3,16,46,21,6,4,16,45,1,1,1,14,7,0,0,0,0,1,9,1,70,5,3,1,45,45,3,61,31,0,1,0,1,0,11,0,1,0,40,0,3,0,2,0,2,0,4,2,35.69399555555555,139.72152194444445,6,1,9999,0,4,0
1,30,435,216,2,0,1,10220,0,104,2023,11,5,16,50,21,6,6,16,43,3,1,2,1,7,9,22,0,0,11,7,30,70,5,2,1,1,65,51,61,41,0,0,0,0,0,0,0,0,0,10,0,3,0,0,0,0,0,4,2,35.70246166666667,139.73769944444444,1,3,0,0,0,0
1,30,435,221,2,0,1,10120,0,104,2023,11,12,11,46,12,6,13,16,37,2,1,2,14,2,0,0,0,0,4,9,1,70,5,1,1,35,45,51,61,41,0,0,0,0,0,0,0,0,0,12,0,4,0,0,0,0,0,4,2,35.70406555555556,139.72667305555555,1,3,0,0,0,0
1,30,436,240,2,0,1,30290,0,104,2023,11,3,11,20,12,6,4,16,45,1,1,1,14,7,0,0,0,0,4,9,1,70,4,2,1,35,55,3,61,31,0,1,0,1,0,11,0,4,0,10,0,3,0,2,0,2,0,4,2,35.703699444444446,139.69490333333334,6,1,9999,0,1,0
1,30,436,242,2,0,1,30000,0,104,2023,10,31,17,50,22,6,1,16,48,1,1,1,1,7,1,22,0,0,11,9,30,70,5,4,1,55,45,4,61,31,0,1,0,1,0,11,0,5,0,10,0,3,0,2,0,2,0,4,2,35.69635666666667,139.70521027777778,3,3,9999,0,9,0
1,30,436,246,2,0,1,30000,0,104,2023,11,3,23,55,22,6,4,16,45,1,1,1,14,7,0,0,0,0,2,9,1,70,5,3,1,25,1,3,61,31,0,1,0,1,0,11,0,3,0,20,0,4,0,2,0,2,0,4,2,35.69584888888888,139.70514972222222,6,1,9999,0,1,0
1,30,436,248,2,0,1,30000,0,104,2023,11,13,9,50,12,6,14,16,36,1,1,1,14,7,0,0,0,0,1,9,1,70,5,4,1,35,75,14,61,31,0,11,0,1,0,11,0,10,0,30,0,4,0,2,0,2,0,4,2,35.70088861111111,139.7050933333333,2,3,9999,0,5,0
1,30,436,249,2,0,1,30000,0,104,2023,11,13,18,35,22,6,14,16,36,1,1,1,14,7,0,0,0,0,3,8,1,70,5,1,1,1,25,3,61,1,0,1,0,1,0,11,0,5,0,30,0,4,0,2,0,2,0,4,2,35.69631888888888,139.70837083333333,2,3,9999,0,1,0
1,30,436,251,2,0,1,30000,0,104,2023,10,29,14,30,12,5,59,16,50,1,1,1,1,7,1,21,0,0,11,9,30,70,5,2,1,35,35,3,61,1,0,1,0,1,0,11,0,2,0,40,0,3,0,2,0,2,0,4,2,35.69579916666666,139.7022461111111,1,3,9999,0,1,0
1,30,436,255,2,0,1,30260,0,104,2023,10,5,14,20,12,5,38,17,20,1,1,1,14,1,0,0,0,0,2,7,1,70,1,2,1,55,35,51,61,41,0,0,0,0,0,0,0,0,0,30,0,3,0,0,0,0,0,4,2,35.69759638888888,139.71141638888886,5,3,0,0,0,0
1,30,436,259,2,0,1,10050,0,104,2023,11,24,7,20,11,6,25,16,30,1,1,1,1,1,9,22,0,0,14,9,30,70,1,2,1,45,25,12,61,1,0,11,0,1,0,11,0,5,0,34,0,4,0,2,0,2,0,4,2,35.69355083333333,139.70177777777778,6,3,9999,0,5,0
1,30,436,260,2,0,1,30000,0,104,2023,11,10,18,45,22,6,11,16,38,3,1,1,1,1,9,22,0,0,14,9,30,70,1,2,1,65,1,3,61,31,0,1,0,1,0,11,0,5,0,10,0,4,0,2,0,2,0,4,2,35.693515,139.69493555555556,6,3,9999,0,9,0
1,30,436,263,2,0,1,30000,0,104,2023,11,28,12,45,12,6,29,16,29,1,1,1,7,7,0,0,0,0,3,9,1,70,4,2,1,65,55,3,61,1,0,1,0,1,0,11,0,3,0,10,0,3,0,2,0,2,0,4,2,35.69417333333333,139.70396194444444,3,3,9999,0,9,0
1,30,436,270,2,0,1,30000,0,104,2023,11,29,23,15,22,6,30,16,28,1,1,1,7,7,0,0,0,0,2,9,1,70,5,3,1,1,45,3,61,1,0,1,0,1,0,11,0,3,0,40,0,4,0,2,0,2,0,4,2,35.69472888888888,139.70349166666665,4,3,9999,0,1,0
1,30,436,274,2,0,1,20320,0,104,2023,10,26,18,10,22,5,57,16,53,1,1,1,14,7,0,0,0,0,4,9,1,70,4,2,1,55,35,3,61,1,0,1,0,1,0,11,0,4,0,30,0,4,0,2,0,2,0,4,2,35.6924925,139.68706666666668,5,3,9999,0,9,0
1,30,437,237,2,0,1,10220,0,104,2023,11,1,9,29,12,6,2,16,47,1,1,1,1,1,9,22,0,0,14,1,30,70,5,2,1,45,1,13,61,31,0,11,0,1,0,11,0,3,0,10,0,3,0,2,0,2,0,4,2,35.71333916666667,139.70166166666667,4,3,9999,0,1,0
1,30,437,244,2,0,1,10220,0,104,2023,11,3,14,37,12,6,4,16,45,1,1,1,14,7,0,0,0,0,4,9,1,70,5,1,1,1,1,51,61,41,0,0,0,0,0,0,0,0,0,10,0,4,0,0,0,0,0,4,2,35.71323916666667,139.70127555555555,6,1,0,0,0,0
1,30,437,248,2,0,1,30000,0,104,2023,10,14,17,35,21,5,46,17,8,1,1,1,1,7,9,22,0,0,11,9,30,70,5,3,1,65,1,3,61,1,0,1,0,1,0,11,0,2,0,30,0,4,0,2,0,2,0,4,2,35.72242972222222,139.67773527777777,7,3,9999,0,9,0
1,30,437,249,2,0,1,10220,0,104,2023,11,13,15,10,12,6,14,16,36,2,1,1,1,1,9,22,0,0,14,7,30,70,4,1,1,45,25,51,61,41,0,0,0,0,0,0,0,0,0,10,0,3,0,0,0,0,0,4,2,35.711310277777784,139.6894725,2,3,0,0,0,0
1,30,437,261,2,0,1,30000,0,104,2023,11,14,14,12,12,6,15,16,35,1,1,1,14,7,0,0,0,0,1,9,1,70,5,4,1,35,1,14,61,1,0,11,0,1,0,11,0,10,0,40,0,3,0,2,0,2,0,4,2,35.71089111111112,139.70049999999998,3,3,9999,0,1,0
1,30,438,230,2,0,1,30000,0,104,2023,10,31,5,25,23,6,1,16,48,1,1,1,1,1,9,22,0,0,18,9,30,70,1,1,1,75,45,3,61,31,0,1,0,1,0,11,0,5,0,10,0,3,0,2,0,2,0,4,2,35.69239777777778,139.7251711111111,3,3,586,0,9,0
1,30,438,238,2,0,1,10050,0,104,2023,11,14,16,35,21,6,15,16,35,1,1,1,1,1,9,22,0,0,17,9,30,70,1,2,1,55,55,35,61,31,0,0,0,0,0,11,0,4,0,10,0,3,0,0,0,0,0,4,2,35.69201611111111,139.70752416666664,3,3,9999,0,9,0
1,30,439,270,1,1,0,10240,0,114,2023,11,24,10,20,12,6,25,16,30,1,1,1,14,7,0,0,0,0,5,9,1,70,4,1,1,65,1,17,61,31,0,11,0,1,0,11,0,10,0,50,0,3,0,2,0,2,0,4,1,35.69729222222222,139.68000194444443,6,3,9999,0,9,0
1,30,439,271,2,0,2,20290,0,114,2023,9,5,17,30,13,5,15,18,4,1,1,1,14,7,0,0,0,0,3,9,1,70,4,1,1,35,75,35,61,31,0,0,0,0,0,11,0,3,0,10,0,3,0,0,0,0,0,2,2,35.702530833333334,139.67114805555553,3,3,9999,0,9,0
1,30,439,276,2,0,1,30000,0,114,2023,11,3,15,10,12,6,4,16,45,1,1,1,1,7,9,22,0,0,11,9,30,70,5,4,1,55,1,14,61,31,0,11,0,1,0,11,0,10,0,10,0,3,0,2,0,2,0,4,2,35.70820972222222,139.67484638888888,6,1,9999,0,9,0
1,30,439,280,2,0,1,10240,0,114,2023,11,8,17,5,21,6,9,16,40,1,1,1,14,7,0,0,0,0,6,9,1,70,1,2,1,1,25,34,61,1,0,0,0,0,0,11,0,10,0,10,0,3,0,0,0,0,0,4,2,35.69666083333333,139.68404472222224,4,3,9999,0,1,0
1,30,439,291,2,0,1,30000,0,114,2023,11,28,9,30,12,6,29,16,29,1,1,1,1,1,9,22,0,0,15,9,30,70,5,1,1,55,75,3,61,31,0,1,0,1,0,11,0,3,0,10,0,4,0,2,0,2,0,4,2,35.71120833333334,139.68957222222224,3,3,9999,0,9,0
1,30,439,293,2,0,1,30000,0,114,2023,11,29,21,20,22,6,30,16,28,1,1,1,14,7,0,0,0,0,2,9,1,70,5,3,1,75,55,52,61,41,0,0,0,0,0,0,0,0,0,10,0,3,0,0,0,0,0,2,4,35.695833888888885,139.6675872222222,4,3,0,0,0,0
1,30,439,294,2,0,1,30000,0,114,2023,11,30,5,32,23,6,30,16,28,1,1,1,14,7,0,0,0,0,4,9,1,70,4,2,1,35,25,35,61,31,0,0,0,0,0,11,0,3,0,10,0,3,0,0,0,0,0,4,2,35.706070000000004,139.6727672222222,5,3,9999,0,1,0
1,30,441,320,2,0,1,10240,0,115,2023,10,15,5,25,23,5,47,17,7,3,1,2,1,1,9,22,0,0,18,9,30,70,4,2,1,35,25,14,61,31,0,11,0,1,0,11,0,5,0,50,0,3,0,2,0,2,0,4,2,35.69801083333333,139.6549225,1,3,9999,0,9,0
1,30,441,323,2,0,1,30000,0,115,2023,9,30,17,30,21,5,34,17,27,1,1,1,14,7,0,0,0,0,2,9,1,70,5,4,1,25,35,3,61,31,0,1,0,1,0,11,0,1,0,10,0,3,0,2,0,2,0,4,2,35.70625944444445,139.65153111111113,7,3,9999,0,1,0
1,30,441,325,2,0,1,10240,0,115,2023,11,18,12,45,12,6,19,16,33,1,1,1,14,7,0,0,0,0,2,9,1,70,4,2,1,35,1,51,61,41,0,0,0,0,0,0,0,0,0,10,0,4,0,0,0,0,0,4,2,35.699483611111106,139.6357211111111,7,3,0,0,0,0
1,30,441,337,2,0,1,10240,0,115,2023,11,25,14,35,12,6,26,16,30,1,1,1,14,7,0,0,0,0,5,9,1,70,4,2,1,25,65,51,61,41,0,0,0,0,0,0,0,0,0,0,0,4,0,0,0,0,0,4,2,35.69795527777777,139.65749444444444,7,3,0,0,0,0
1,30,441,339,2,0,1,10240,0,115,2023,11,27,10,30,12,6,28,16,29,1,1,1,1,1,9,22,0,0,18,9,30,70,4,2,1,1,75,51,61,41,0,0,0,0,0,0,0,0,0,10,0,4,0,0,0,0,0,4,2,35.69790444444444,139.64796305555555,2,3,0,0,0,0
1,30,441,342,2,0,2,10260,0,115,2023,11,27,16,15,13,6,28,16,29,1,1,1,1,7,9,22,0,0,14,9,30,70,4,1,1,65,35,3,61,31,0,1,0,1,0,11,0,3,0,10,0,3,0,2,0,2,0,4,2,35.693115,139.63946805555554,2,3,9999,0,9,0