資料区分,都道府県コード,警察署等コード,本票番号,事故内容,死者数,負傷者数,路線コード,地点コード,市区町村コード,発生日時　　年,発生日時　　月,発生日時　　日,発生日時　　時,発生日時　　分,昼夜,日の出時刻　　時,日の出時刻　　分,日の入り時刻　　時,日の入り時刻　　分,天候,地形,路面状態,道路形状,信号機,一時停止規制　標識（当事者A）,一時停止規制　表示（当事者A）,一時停止規制　標識（当事者B）,一時停止規制　表示（当事者B）,車道幅員,道路線形,衝突地点,ゾーン規制,中央分離帯施設等,歩車道区分,事故類型,年齢（当事者A）,年齢（当事者B）,当事者種別（当事者A）,当事者種別（当事者B）,用途別（当事者A）,用途別（当事者B）,車両形状等（当事者A）,車両形状等（当事者B）,オートマチック車（当事者A）,オートマチック車（当事者B）,サポカー（当事者A）,サポカー（当事者B）,速度規制（指定のみ）（当事者A）,速度規制（指定のみ）（当事者B）,車両の衝突部位（当事者A）,車両の衝突部位（当事者B）,車両の損壊程度（当事者A）,車両の損壊程度（当事者B）,エアバッグの装備（当事者A）,エアバッグの装備（当事者B）,サイドエアバッグの装備（当事者A）,サイドエアバッグの装備（当事者B）,人身損傷程度（当事者A）,人身損傷程度（当事者B）,lat,lon,曜日(発生年月日),祝日(発生年月日),認知機能検査経過日数（当事者A）,認知機能検査経過日数（当事者B）,運転練習の方法（当事者A）,運転練習の方法（当事者B）
1,30,442,309,2,0,1,10270,0,115,2023,9,1,16,25,12,5,12,18,9,1,1,1,14,7,0,0,0,0,2,9,1,70,4,3,1,65,35,3,61,31,0,1,0,1,0,11,0,2,0,10,0,3,0,2,0,2,0,4,2,35.68761527777777,139.61056666666667,6,3,9999,0,9,0
1,30,442,310,2,0,1,30000,0,115,2023,10,27,11,17,12,5,57,16,52,1,1,1,1,7,1,22,0,0,11,9,30,70,5,3,1,75,1,3,61,1,0,1,0,1,0,11,0,1,0,10,0,3,0,2,0,2,0,4,2,35.693957777777776,139.6154636111111,6,3,122,0,9,0
1,30,442,320,2,0,1,20270,0,115,2023,10,27,21,10,22,5,57,16,52,1,1,1,14,7,0,0,0,0,3,9,1,70,1,2,1,35,35,51,61,41,0,0,0,0,0,0,0,0,0,10,0,4,0,0,0,0,0,4,2,35.687352777777775,139.62017555555556,6,3,0,0,0,0
1,30,442,330,2,0,1,10200,0,115,2023,11,12,9,3,12,6,13,16,37,3,1,1,1,1,9,22,0,0,18,9,30,70,1,1,1,45,55,3,61,31,0,1,0,1,0,11,0,3,0,10,0,3,0,2,0,2,0,4,2,35.68172166666666,139.6150088888889,1,3,9999,0,1,0
1,30,442,347,2,0,1,10260,0,115,2023,11,6,15,10,12,6,7,16,42,1,1,1,14,7,0,0,0,0,3,9,1,70,4,2,1,35,75,51,61,41,0,0,0,0,0,0,0,0,0,10,0,4,0,0,0,0,0,4,2,35.69521555555555,139.60342777777777,2,3,0,0,0,0
1,30,443,229,2,0,1,30000,0,115,2023,11,27,11,15,12,6,28,16,29,1,1,1,14,7,0,0,0,0,2,9,1,70,5,4,1,45,65,51,61,41,0,0,0,0,0,0,0,0,0,10,0,3,0,0,0,0,0,4,2,35.70411194444445,139.59981333333334,2,3,0,0,0,0
1,30,443,230,2,0,2,30000,0,115,2023,11,28,15,10,12,6,29,16,29,1,1,1,14,7,0,0,0,0,3,9,1,70,5,3,1,65,65,52,61,41,0,0,0,0,0,0,0,0,0,10,0,3,0,0,0,0,0,2,2,35.72047194444445,139.6206527777778,3,3,0,0,0,0
1,30,545,95,2,0,1,2540,23,105,2023,9,17,14,33,12,5,24,17,46,1,1,1,14,7,0,0,0,0,6,9,1,70,1,2,1,1,65,51,61,41,0,0,0,0,0,0,0,0,0,10,0,3,0,0,0,0,0,4,2,35.71611638888889,139.73931638888888,1,2,0,0,0,0
1,30,545,98,2,0,1,10100,0,105,2023,11,3,22,10,22,6,4,16,45,1,1,1,1,7,1,21,0,0,17,9,30,70,1,4,1,25,35,4,61,31,0,1,0,1,0,11,0,1,0,10,0,3,0,2,0,2,0,4,2,35.73078944444445,139.74191138888887,6,1,9999,0,1,0
1,30,545,106,2,0,1,30000,0,105,2023,11,24,18,15,22,6,25,16,30,1,1,1,1,1,8,22,0,0,14,9,30,70,5,1,1,45,35,13,61,31,0,11,0,1,0,11,0,1,0,10,0,3,0,2,0,2,0,4,2,35.720240555555556,139.7394836111111,6,3,9999,0,5,0
1,30,546,68,2,0,1,10010,0,105,2023,11,10,20,10,22,6,11,16,38,3,1,2,14,7,0,0,0,0,5,9,1,70,4,2,1,1,35,52,61,41,0,0,0,0,0,0,0,0,0,0,0,4,0,0,0,0,0,4,2,35.715273611111115,139.7244938888889,6,3,0,0,0,0
1,30,546,72,2,0,1,2540,30,105,2023,11,27,10,40,12,6,28,16,29,1,1,1,1,1,9,22,0,0,14,9,30,70,1,1,1,25,1,51,61,41,0,0,0,0,0,0,0,0,0,10,0,3,0,0,0,0,0,4,2,35.719931111111116,139.73355888888887,2,3,0,0,0,0
1,30,547,125,2,0,2,30000,0,105,2023,11,11,15,24,12,6,12,16,38,2,1,1,1,7,9,22,0,0,14,9,30,70,5,2,1,65,55,51,61,41,0,0,0,0,0,0,0,0,0,10,0,3,0,0,0,0,0,2,2,35.7072975,139.77188527777778,7,3,0,0,0,0
1,30,548,86,2,0,1,20370,0,105,2023,11,29,12,10,12,6,30,16,28,1,1,1,1,1,9,22,0,0,15,9,30,70,4,2,1,45,65,51,61,41,0,0,0,0,0,0,0,0,0,10,0,4,0,0,0,0,0,4,2,35.72475444444444,139.76315083333333,4,3,0,0,0,0
1,30,549,121,2,0,1,30000,0,116,2023,11,13,18,16,22,6,14,16,36,1,1,1,14,7,0,0,0,0,1,9,1,70,5,4,1,75,0,61,0,0,0,0,0,0,0,0,0,0,0,0,0,0,0,0,0,0,0,2,0,35.737521944444445,139.74484305555555,2,3,0,0,0,0
1,30,549,122,2,0,1,30000,0,116,2023,11,10,18,23,22,6,11,16,38,3,1,2,1,1,9,22,0,0,11,9,30,70,4,1,1,25,25,13,61,31,0,11,0,1,0,11,0,2,0,10,0,3,0,2,0,2,0,4,2,35.727955,139.72323916666667,6,3,9999,0,1,0
1,30,549,125,2,0,1,30000,0,116,2023,11,7,10,0,12,6,8,16,41,2,1,1,14,7,0,0,0,0,1,9,1,70,5,4,1,1,75,51,61,41,0,0,0,0,0,0,0,0,0,10,0,3,0,0,0,0,0,4,2,35.733853333333336,139.72073333333333,3,3,0,0,0,0
1,30,550,200,2,0,1,30000,0,116,2023,11,1,11,15,12,6,2,16,47,1,1,1,1,1,9,22,0,0,18,9,30,70,1,1,1,1,75,51,61,41,0,0,0,0,0,0,0,0,0,10,0,3,0,0,0,0,0,4,2,35.728925833333335,139.71396222222222,4,3,0,0,0,0
1,30,550,206,2,0,1,20000,0,116,2023,11,6,11,0,12,6,7,16,42,2,1,1,1,1,9,22,0,0,19,9,30,70,1,2,1,1,45,51,61,41,0,0,0,0,0,0,0,0,0,10,0,4,0,0,0,0,0,4,2,35.727491944444445,139.71659444444444,2,3,0,0,0,0
1,30,550,207,2,0,1,10090,0,116,2023,11,9,13,20,12,6,10,16,39,1,1,1,1,1,9,22,0,0,14,9,30,70,4,2,1,25,55,51,61,41,0,0,0,0,0,0,0,0,0,10,0,2,0,0,0,0,0,4,2,35.732577222222226,139.71495194444444,5,3,0,0,0,0
1,30,550,209,2,0,1,30000,0,116,2023,10,24,13,11,12,5,55,16,55,1,1,1,1,7,1,21,0,0,14,9,30,1,5,3,1,65,55,3,61,31,0,1,0,1,0,11,0,2,0,10,0,4,0,2,0,2,0,4,2,35.729078055555554,139.7088797222222,3,3,9999,0,9,0
1,30,550,210,2,0,1,20000,0,116,2023,10,1,23,18,22,5,35,17,26,2,1,1,14,7,0,0,0,0,4,9,1,70,4,2,1,35,1,3,61,31,0,1,0,1,0,11,0,3,0,80,0,3,0,2,0,2,0,4,2,35.72880694444444,139.70534138888888,1,3,9999,0,1,0
1,30,550,217,2,0,1,30000,0,116,2023,9,15,22,17,22,5,23,17,49,2,1,1,1,7,9,22,0,0,15,9,30,70,4,2,1,1,45,3,61,31,0,1,0,1,0,11,0,10,0,50,0,3,0,2,0,2,0,4,2,35.73254,139.71089055555555,6,3,9999,0,1,0
1,30,551,178,2,0,1,30000,0,116,2023,11,7,12,23,12,6,8,16,41,1,1,1,14,7,0,0,0,0,1,9,1,70,5,3,1,75,45,3,61,31,0,1,0,1,0,11,0,5,0,40,0,3,0,2,0,2,0,4,2,35.73144055555556,139.6828886111111,3,3,496,0,9,0
1,30,551,180,2,0,1,30000,0,116,2023,11,9,9,47,12,6,10,16,39,1,1,1,14,7,0,0,0,0,1,9,1,70,5,3,1,55,25,3,61,31,0,1,0,1,0,11,0,2,0,20,0,3,0,2,0,2,0,4,2,35.720774722222224,139.71069194444442,5,3,9999,0,9,0
1,30,551,188,2,0,1,10010,0,116,2023,11,23,16,55,21,6,24,16,30,1,1,1,1,1,9,22,0,0,14,9,30,70,4,2,1,75,1,3,61,31,0,1,0,1,0,11,0,4,0,10,0,3,0,2,0,2,0,4,2,35.722252222222224,139.69452055555556,5,1,56,0,9,0
1,30,551,191,2,0,1,10010,0,116,2023,11,29,21,30,22,6,30,16,28,1,1,1,1,1,9,22,0,0,14,9,30,70,4,1,1,1,25,36,61,31,0,31,0,0,0,11,0,1,0,10,0,4,0,0,0,0,0,4,2,35.717463611111114,139.7167975,4,3,0,0,0,0
1,30,552,198,2,0,1,30000,0,117,2023,11,6,16,20,13,6,7,16,42,2,1,1,14,7,0,0,0,0,1,9,1,1,4,2,1,75,75,51,61,41,0,0,0,0,0,0,0,0,0,40,0,3,0,0,0,0,0,4,2,35.75151555555556,139.730475,2,3,0,0,0,0
1,30,552,210,2,0,1,30000,0,117,2023,11,9,21,0,22,6,10,16,39,1,1,1,14,7,0,0,0,0,2,9,1,70,5,4,1,45,0,61,0,0,0,0,0,0,0,0,0,0,0,0,0,0,0,0,0,0,0,2,0,35.748895,139.74223333333333,5,3,0,0,0,0
1,30,552,211,2,0,1,10090,0,117,2023,11,29,13,25,12,6,30,16,28,1,1,1,1,1,1,22,0,0,18,9,30,70,4,1,1,65,65,14,61,1,0,11,0,2,0,11,0,4,0,20,0,4,0,2,0,2,0,4,2,35.74364694444444,139.76109833333334,4,3,9999,0,9,0
1,30,552,212,2,0,1,30470,0,117,2023,11,30,19,17,22,6,30,16,28,1,1,1,14,7,0,0,0,0,1,9,1,70,4,2,1,1,75,51,61,41,0,0,0,0,0,0,0,0,0,10,0,3,0,0,0,0,0,4,2,35.73618166666667,139.7520336111111,5,3,0,0,0,0
1,30,552,213,2,0,1,30000,0,117,2023,11,20,17,20,21,6,21,16,32,1,1,1,1,7,9,22,0,0,11,9,30,70,5,4,1,55,65,17,61,31,0,11,0,1,0,11,0,10,0,40,0,4,0,2,0,2,0,4,2,35.74913083333333,139.72714194444444,2,3,9999,0,9,0
1,30,553,168,2,0,1,90000,0,117,2023,11,4,16,50,21,6,5,16,44,1,1,1,1,7,9,22,0,0,18,9,20,70,5,4,1,1,65,51,61,41,0,0,0,0,0,0,0,0,0,10,0,3,0,0,0,0,0,4,2,35.76569527777778,139.75330055555557,7,3,0,0,0,0
1,30,553,173,2,0,1,30000,0,117,2023,11,15,8,15,12,6,16,16,35,2,1,1,14,7,0,0,0,0,1,9,1,70,5,2,1,1,55,51,61,41,0,0,0,0,0,0,0,0,0,20,0,4,0,0,0,0,0,4,2,35.76389611111111,139.75138527777779,4,3,0,0,0,0
1,30,553,174,2,0,1,30000,0,117,2023,11,16,10,50,12,6,17,16,34,1,1,1,14,7,0,0,0,0,2,9,1,70,5,2,1,45,65,13,61,31,0,11,0,1,0,11,0,5,0,70,0,4,0,2,0,2,0,4,2,35.75435111111111,139.73679027777777,5,3,9999,0,9,0
1,30,553,175,2,0,1,20000,0,117,2023,11,17,17,54,22,6,18,16,33,2,1,1,1,1,9,22,0,0,19,9,30,70,5,2,1,65,75,3,61,31,0,1,0,1,0,11,0,3,0,10,0,3,0,2,0,2,0,4,2,35.763423055555556,139.71365583333332,6,3,9999,0,9,0
1,30,553,180,2,0,1,10130,0,117,2023,11,29,15,49,13,6,30,16,28,1,1,1,1,1,9,22,0,0,17,9,30,70,1,1,1,45,75,3,61,31,0,1,0,1,0,11,0,4,0,40,0,3,0,2,0,2,0,4,2,35.765927777777776,139.7207,4,3,9999,0,9,0
1,30,554,195,2,0,1,20000,0,117,2023,11,10,17,43,22,6,11,16,38,3,1,2,14,7,0,0,0,0,3,9,1,70,4,1,1,25,65,51,61,41,0,0,0,0,0,0,0,0,0,10,0,3,0,0,0,0,0,4,2,35.787837777777774,139.70291083333333,6,3,0,0,0,0
1,30,555,338,2,0,1,30000,0,119,2023,10,25,11,20,12,5,56,16,54,1,1,1,14,7,0,0,0,0,3,9,1,70,5,3,1,75,1,52,61,41,0,0,0,0,0,0,0,0,0,10,0,4,0,0,0,0,0,4,2,35.76420777777778,139.67123999999998,4,3,0,0,0,0
1,30,555,348,2,0,1,30000,0,119,2023,11,23,17,0,21,6,24,16,30,1,1,1,14,7,0,0,0,0,1,9,1,70,5,4,1,1,75,51,61,41,0,0,0,0,0,0,0,0,0,30,0,3,0,0,0,0,0,4,2,35.76280611111111,139.69376305555556,5,1,0,0,0,0
1,30,555,354,2,0,1,30000,0,119,2023,8,2,19,41,21,4,49,18,45,1,1,1,14,7,0,0,0,0,3,9,1,70,5,1,1,35,45,3,61,31,0,1,0,1,0,11,0,2,0,40,0,3,0,2,0,2,0,4,2,35.75203,139.71048888888888,4,3,9999,0,9,0
1,30,555,355,2,0,1,99000,0,119,2023,11,27,16,13,13,6,28,16,29,1,1,1,0,7,0,0,0,0,0,0,20,70,0,4,1,55,1,3,61,31,0,1,0,1,0,11,0,10,0,10,0,2,0,2,0,2,0,4,2,35.74319333333334,139.6970861111111,2,3,9999,0,9,0
1,30,555,356,2,0,1,30000,0,119,2023,5,27,16,20,12,4,29,18,48,1,1,1,1,1,9,22,0,0,14,9,30,70,5,2,1,65,55,3,61,31,0,1,0,1,0,11,0,10,0,10,0,4,0,2,0,2,0,4,2,35.76053611111111,139.68234888888887,7,3,9999,0,9,0
1,30,556,243,2,0,1,30000,0,119,2023,11,2,10,55,12,6,3,16,46,1,1,1,14,7,0,0,0,0,2,9,1,70,5,3,1,35,45,12,61,1,0,11,0,2,0,11,0,2,0,80,0,3,0,2,0,2,0,4,2,35.77908194444444,139.68483194444445,5,2,9999,0,1,0
1,30,556,244,2,0,1,20000,0,119,2023,11,3,5,0,22,6,4,16,45,1,1,1,7,1,0,0,0,0,3,9,1,70,4,1,1,1,1,3,61,31,0,1,0,2,0,11,0,5,0,10,0,3,0,2,0,2,0,4,2,35.79364138888889,139.68520527777778,6,1,9999,0,1,0
1,30,556,245,2,0,1,30000,0,119,2023,11,5,13,35,12,6,6,16,43,2,1,1,1,1,9,22,0,0,11,9,30,70,4,3,1,55,75,35,61,31,0,0,0,0,0,11,0,2,0,10,0,4,0,0,0,0,0,4,2,35.76528027777778,139.6790025,1,3,9999,0,9,0
1,30,556,256,2,0,1,30000,0,119,2023,11,14,17,35,22,6,15,16,35,1,1,1,1,7,9,22,0,0,15,9,30,70,5,2,1,65,65,11,61,31,0,11,0,1,0,11,0,2,0,50,0,3,0,2,0,2,0,4,2,35.792456666666666,139.68609972222222,3,3,9999,0,9,0
1,30,557,258,2,0,1,30000,0,120,2023,6,11,15,0,12,4,25,18,57,3,1,2,14,7,0,0,0,0,2,9,1,70,5,3,1,25,75,35,61,31,0,0,0,0,0,11,0,2,0,10,0,3,0,0,0,0,0,4,2,35.75286,139.64013805555555,1,3,9999,0,5,0
1,30,557,268,2,0,1,30000,0,120,2023,11,5,15,50,13,6,6,16,43,2,1,1,14,7,0,0,0,0,3,9,1,70,5,2,1,1,1,51,61,41,0,0,0,0,0,0,0,0,0,10,0,3,0,0,0,0,0,4,2,35.730021944444445,139.65107805555556,1,3,0,0,0,0
1,30,557,284,2,0,1,30000,0,120,2023,11,27,18,2,22,6,28,16,29,1,1,1,1,7,9,22,0,0,11,9,30,70,4,2,1,45,25,3,61,31,0,1,0,2,0,11,0,2,0,10,0,3,0,2,0,2,0,4,2,35.74557305555555,139.66770472222223,2,3,9999,0,9,0
1,30,557,288,2,0,1,30000,0,120,2023,10,25,18,31,22,5,56,16,54,1,1,1,1,7,9,22,0,0,14,9,30,70,5,1,1,25,45,51,61,41,0,0,0,0,0,0,0,0,0,40,0,4,0,0,0,0,0,4,2,35.73781833333334,139.65284305555556,4,3,0,0,0,0
1,30,558,322,2,0,1,30000,0,120,2023,11,14,15,52,13,6,15,16,35,1,1,1,14,7,0,0,0,0,3,9,1,70,4,3,1,25,1,4,61,31,0,1,0,1,0,11,0,2,0,10,0,3,0,2,0,2,0,4,2,35.73076777777778,139.57741944444444,3,3,9999,0,1,0
1,30,558,328,2,0,1,30000,0,120,2023,11,19,17,30,21,6,20,16,32,1,1,1,1,1,9,22,0,0,14,9,30,70,4,2,1,65,45,3,61,31,0,1,0,1,0,11,0,2,0,10,0,3,0,2,0,2,0,4,2,35.77668611111111,139.58994611111112,1,3,9999,0,9,0
1,30,558,332,2,0,1,30380,0,120,2023,11,21,6,35,11,6,22,16,31,1,1,1,14,7,0,0,0,0,1,9,1,70,4,2,1,35,55,51,61,41,0,0,0,0,0,0,0,0,0,10,0,3,0,0,0,0,0,4,2,35.75743666666666,139.58819472222223,3,3,0,0,0,0
1,30,558,334,2,0,1,10240,0,120,2023,11,4,6,47,11,6,5,16,44,1,1,1,1,1,9,22,0,0,19,9,30,70,1,2,1,55,65,3,61,31,0,1,0,1,0,11,0,2,0,50,0,4,0,2,0,2,0,4,2,35.719615555555556,139.59212805555558,7,3,9999,0,9,0
1,30,558,342,2,0,1,30000,0,120,2023,11,30,16,42,21,6,30,16,28,1,1,1,1,7,9,22,0,0,11,9,30,70,5,3,1,45,75,35,61,31,0,0,0,0,0,11,0,2,0,10,0,3,0,0,0,0,0,4,2,35.74341138888889,139.57807722222222,5,3,9999,0,1,0
1,30,559,239,2,0,1,30000,0,119,2023,11,2,23,30,22,6,3,16,46,1,1,1,1,1,9,22,0,0,14,9,30,70,4,2,1,35,1,3,61,31,0,1,0,1,0,11,0,3,0,20,0,4,0,2,0,2,0,4,2,35.7894125,139.66975333333332,5,2,9999,0,1,0
1,30,559,254,2,0,1,30000,0,119,2023,11,14,16,33,13,6,15,16,35,1,1,1,14,7,0,0,0,0,2,9,1,70,5,3,1,1,0,61,0,0,0,0,0,0,0,0,0,0,0,0,0,0,0,0,0,0,0,2,0,35.79239166666667,139.6598211111111,3,3,0,0,0,0
1,30,559,256,2,0,1,30000,0,119,2023,11,15,18,15,22,6,16,16,35,1,1,1,1,7,9,22,0,0,11,9,30,70,5,1,1,45,25,14,61,31,0,11,0,1,0,11,0,10,0,20,0,3,0,2,0,2,0,4,2,35.77675333333333,139.6326625,4,3,9999,0,1,0
1,30,559,265,2,0,1,30000,0,119,2023,11,15,17,48,22,6,16,16,35,1,1,1,1,7,9,22,0,0,14,9,30,70,4,1,1,55,35,3,61,31,0,1,0,1,0,11,0,3,0,10,0,3,0,2,0,2,0,4,2,35.779558055555555,139.65742972222222,4,3,9999,0,9,0
1,30,559,274,2,0,1,30000,0,119,2023,11,29,10,25,12,6,30,16,28,1,1,1,1,7,1,21,0,0,15,9,30,70,4,2,1,25,55,3,61,31,0,1,0,1,0,11,0,2,0,10,0,3,0,2,0,2,0,4,2,35.77004111111111,139.6410186111111,4,3,9999,0,1,0
1,30,559,275,2,0,1,30000,0,119,2023,11,29,16,55,21,6,30,16,28,1,1,1,1,1,9,22,0,0,14,9,30,70,5,3,1,55,65,3,61,31,0,1,0,1,0,11,0,2,0,40,0,3,0,2,0,2,0,4,2,35.782043055555555,139.6298725,4,3,9999,0,9,0
1,30,559,278,2,0,1,30000,0,119,2023,10,11,10,30,12,5,43,17,12,1,1,1,14,7,0,0,0,0,2,9,1,70,5,3,1,55,1,13,61,31,0,11,0,1,0,11,0,10,0,40,0,4,0,2,0,2,0,4,2,35.778015555555555,139.63118583333335,4,3,9999,0,9,0
1,30,560,259,2,0,1,30000,0,120,2023,10,12,13,20,12,5,44,17,11,1,1,1,7,1,0,0,0,0,1,9,1,70,5,2,1,45,75,51,61,41,0,0,0,0,0,0,0,0,0,10,0,3,0,0,0,0,0,4,2,35.75333555555556,139.62431972222222,5,3,0,0,0,0
1,30,560,262,2,0,1,30000,0,120,2023,11,22,16,10,13,6,23,16,31,1,1,1,1,1,9,22,0,0,14,9,30,70,5,2,1,65,75,14,61,31,0,11,0,1,0,11,0,3,0,10,0,3,0,2,0,2,0,4,2,35.76253416666667,139.63539555555556,4,2,9999,0,9,0
1,30,660,163,2,0,1,20070,0,106,2023,11,4,18,59,22,6,5,16,44,1,1,1,14,1,0,0,0,0,5,9,1,70,4,2,1,75,25,3,61,1,0,1,0,1,0,11,0,4,0,50,0,2,0,2,0,2,0,4,2,35.711689722222225,139.77498916666667,7,3,406,0,9,0
1,30,660,165,2,0,1,40,33,106,2023,11,2,23,43,22,6,3,16,46,1,1,1,14,7,0,0,0,0,3,9,1,70,1,1,1,65,65,3,61,1,0,1,0,1,0,11,0,10,0,40,0,4,0,2,0,2,0,4,2,35.711985000000006,139.77669916666667,5,2,9999,0,9,0
1,30,660,172,2,0,1,40,30,106,2023,11,17,19,20,22,6,18,16,33,1,1,1,1,7,9,22,0,0,15,9,30,70,1,2,1,65,35,3,61,1,0,1,0,1,0,11,0,5,0,70,0,4,0,2,0,2,0,4,2,35.70848083333333,139.77615,6,3,9999,0,5,0
1,30,660,181,2,0,1,30000,0,106,2023,11,23,17,17,21,6,24,16,30,1,1,1,14,7,0,0,0,0,4,9,1,70,4,1,1,25,35,14,61,31,0,11,0,1,0,11,0,10,0,10,0,3,0,2,0,2,0,4,2,35.701972500000004,139.77452305555556,5,1,9999,0,5,0
1,30,660,183,2,0,1,30000,0,106,2023,11,28,13,36,12,6,29,16,29,1,1,1,1,7,9,22,0,0,18,9,30,70,5,2,1,45,25,51,61,41,0,0,0,0,0,0,0,0,0,0,0,4,0,0,0,0,0,4,2,35.70646638888889,139.77143333333333,3,3,0,0,0,0
1,30,661,142,2,0,1,10090,0,106,2023,11,20,23,8,22,6,21,16,32,1,1,1,1,1,9,22,0,0,18,9,30,70,1,1,1,55,25,4,61,31,0,1,0,1,0,11,0,3,0,30,0,4,0,2,0,2,0,4,2,35.72897694444445,139.79348861111112,2,3,9999,0,9,0
1,30,662,145,2,0,1,30000,0,106,2023,11,3,18,57,22,6,4,16,45,1,1,1,14,7,0,0,0,0,2,9,1,70,5,3,1,1,65,51,61,41,0,0,0,0,0,0,0,0,0,10,0,3,0,0,0,0,0,4,2,35.72492916666667,139.80566944444445,6,1,0,0,0,0
1,30,662,153,2,0,1,30000,0,106,2023,11,22,9,3,12,6,23,16,31,1,1,1,14,7,0,0,0,0,4,9,1,70,5,2,1,1,55,51,61,41,0,0,0,0,0,0,0,0,0,10,0,3,0,0,0,0,0,4,2,35.719183055555554,139.7949661111111,4,2,0,0,0,0
1,30,663,139,2,0,1,30000,0,106,2023,11,2,13,45,12,6,3,16,46,1,1,1,14,7,0,0,0,0,3,9,1,70,5,2,1,25,65,51,61,41,0,0,0,0,0,0,0,0,0,10,0,3,0,0,0,0,0,4,2,35.713432222222224,139.79044222222223,5,2,0,0,0,0
1,30,663,144,2,0,1,30000,0,106,2023,9,12,8,40,12,5,21,17,54,1,1,1,14,7,0,0,0,0,2,9,1,70,5,3,1,65,65,51,61,41,0,0,0,0,0,0,0,0,0,20,0,4,0,0,0,0,0,4,2,35.71299833333334,139.78984944444446,3,3,0,0,0,0
1,30,663,145,2,0,1,20540,0,106,2023,11,14,14,20,12,6,15,16,35,1,1,1,1,1,9,22,0,0,15,9,30,70,4,2,1,1,1,4,61,31,0,1,0,1,0,11,0,3,0,10,0,3,0,2,0,2,0,4,2,35.712763611111114,139.7830625,3,3,9999,0,1,0
1,30,663,146,2,0,1,30000,0,106,2023,11,14,20,5,22,6,15,16,35,1,1,1,1,7,1,21,0,0,14,9,30,70,5,2,1,75,65,14,61,31,0,11,0,1,0,11,0,2,0,50,0,3,0,2,0,2,0,4,2,35.703604722222224,139.78280083333334,3,3,146,0,9,0
1,30,663,154,2,0,1,60,30,106,2023,11,29,8,25,12,6,30,16,28,1,1,1,1,1,9,22,0,0,17,7,30,70,1,3,1,25,45,51,61,41,0,0,0,0,0,0,0,0,0,20,0,3,0,0,0,0,0,4,2,35.7042975,139.7923361111111,4,3,0,0,0,0
1,30,664,80,2,0,1,30000,0,118,2023,10,17,8,0,12,5,48,17,4,1,1,1,7,1,0,0,0,0,1,9,1,70,5,2,1,55,45,51,61,41,0,0,0,0,0,0,0,0,0,10,0,3,0,0,0,0,0,4,2,35.749567222222225,139.77454722222222,3,3,0,0,0,0
1,30,664,83,2,0,1,30000,0,118,2023,11,3,18,25,22,6,4,16,45,1,1,1,1,7,9,22,0,0,11,6,30,70,5,4,1,65,45,14,61,31,0,11,0,1,0,11,0,10,0,40,0,4,0,2,0,2,0,4,2,35.74315222222222,139.7743741666667,6,1,9999,0,9,0
1,30,664,86,2,0,1,21060,0,118,2023,11,7,12,15,12,6,8,16,41,2,1,1,14,7,0,0,0,0,5,9,1,70,1,1,1,45,75,51,61,41,0,0,0,0,0,0,0,0,0,10,0,4,0,0,0,0,0,4,2,35.75062888888889,139.76236,3,3,0,0,0,0
1,30,664,90,2,0,1,30000,0,118,2023,11,13,9,5,12,6,14,16,36,1,1,1,1,7,1,21,0,0,11,7,30,70,5,3,1,65,75,17,61,31,0,11,0,2,0,11,0,2,0,30,0,3,0,2,0,2,0,4,2,35.75024472222222,139.7567186111111,2,3,9999,0,9,0
1,30,666,124,2,0,1,30000,0,118,2023,11,14,20,10,22,6,15,16,35,1,1,1,1,7,8,21,0,0,14,9,30,70,5,3,1,45,35,14,61,1,0,11,0,1,0,11,0,10,0,10,0,4,0,2,0,2,0,4,2,35.73400222222222,139.78171222222224,3,3,9999,0,5,0
1,30,667,117,2,0,1,30000,0,121,2023,10,10,10,40,12,5,43,17,13,1,1,1,14,7,0,0,0,0,2,9,1,70,5,4,1,45,75,13,61,31,0,11,0,1,0,11,0,10,0,30,0,3,0,2,0,2,0,4,2,35.74282916666667,139.7971897222222,3,3,9999,0,9,0
1,30,667,120,2,0,2,90000,0,121,2023,11,4,12,3,12,6,5,16,44,1,1,1,14,7,0,0,0,0,3,9,1,70,5,4,1,35,1,51,61,41,0,0,0,0,0,0,0,0,0,10,0,2,0,0,0,0,0,2,2,35.75784888888889,139.79901777777778,7,3,0,0,0,0
1,30,667,133,2,0,1,30000,0,121,2023,11,27,18,5,22,6,28,16,29,1,1,1,14,7,0,0,0,0,3,9,1,70,4,1,1,55,55,3,61,31,0,1,0,1,0,11,0,3,0,30,0,3,0,2,0,2,0,4,2,35.75618611111111,139.78929305555556,2,3,9999,0,9,0
1,30,667,134,2,0,1,10340,0,121,2023,11,15,17,35,22,6,16,16,35,2,1,1,12,7,0,0,0,0,4,9,1,70,4,1,1,45,45,51,61,41,0,0,0,0,0,0,0,0,0,10,0,4,0,0,0,0,0,4,2,35.756949722222224,139.78962027777777,4,3,0,0,0,0
1,30,668,597,2,0,1,10710,0,121,2023,11,10,18,40,22,6,11,16,38,3,1,2,1,1,9,22,0,0,18,9,30,70,4,1,1,35,65,34,61,31,0,0,0,0,0,11,0,5,0,10,0,3,0,0,0,0,0,4,2,35.76489611111111,139.77097194444445,6,3,9999,0,5,0