資料区分,都道府県コード,警察署等コード,本票番号,事故内容,死者数,負傷者数,路線コード,地点コード,市区町村コード,発生日時　　年,発生日時　　月,発生日時　　日,発生日時　　時,発生日時　　分,昼夜,日の出時刻　　時,日の出時刻　　分,日の入り時刻　　時,日の入り時刻　　分,天候,地形,路面状態,道路形状,信号機,一時停止規制　標識（当事者A）,一時停止規制　表示（当事者A）,一時停止規制　標識（当事者B）,一時停止規制　表示（当事者B）,車道幅員,道路線形,衝突地点,ゾーン規制,中央分離帯施設等,歩車道区分,事故類型,年齢（当事者A）,年齢（当事者B）,当事者種別（当事者A）,当事者種別（当事者B）,用途別（当事者A）,用途別（当事者B）,車両形状等（当事者A）,車両形状等（当事者B）,オートマチック車（当事者A）,オートマチック車（当事者B）,サポカー（当事者A）,サポカー（当事者B）,速度規制（指定のみ）（当事者A）,速度規制（指定のみ）（当事者B）,車両の衝突部位（当事者A）,車両の衝突部位（当事者B）,車両の損壊程度（当事者A）,車両の損壊程度（当事者B）,エアバッグの装備（当事者A）,エアバッグの装備（当事者B）,サイドエアバッグの装備（当事者A）,サイドエアバッグの装備（当事者B）,人身損傷程度（当事者A）,人身損傷程度（当事者B）,lat,lon,曜日(発生年月日),祝日(発生年月日),認知機能検査経過日数（当事者A）,認知機能検査経過日数（当事者B）,運転練習の方法（当事者A）,運転練習の方法（当事者B）
1,30,668,609,2,0,1,30000,0,121,2023,11,17,18,9,22,6,18,16,33,1,1,1,1,1,9,22,0,0,15,9,30,70,4,2,1,35,1,3,61,31,0,1,0,1,0,11,0,2,0,10,0,3,0,2,0,2,0,4,2,35.788708888888884,139.76752805555557,6,3,9999,0,9,0
1,30,668,627,2,0,1,21080,0,121,2023,11,13,19,10,22,6,14,16,36,1,1,1,14,7,0,0,0,0,2,9,1,70,4,2,1,65,45,3,61,1,0,1,0,1,0,11,0,5,0,10,0,3,0,2,0,2,0,4,2,35.77758055555555,139.79077361111112,2,3,9999,0,9,0
1,30,669,533,2,0,1,30450,0,121,2023,11,9,5,44,23,6,10,16,39,1,1,1,1,1,9,22,0,0,15,9,30,70,5,2,1,1,65,13,61,31,0,11,0,1,0,11,0,3,0,10,0,3,0,2,0,2,0,4,2,35.78366833333333,139.84217083333334,5,3,9999,0,1,0
1,30,669,541,2,0,1,10130,0,121,2023,11,14,13,25,12,6,15,16,35,1,1,1,14,7,0,0,0,0,3,9,1,70,1,2,1,1,55,51,61,41,0,0,0,0,0,0,0,0,0,10,0,3,0,0,0,0,0,4,2,35.77781611111111,139.8270188888889,3,3,0,0,0,0
1,30,669,543,2,0,1,30000,0,121,2023,11,16,8,20,12,6,17,16,34,1,1,1,12,7,0,0,0,0,1,8,1,70,5,1,1,25,35,51,61,41,0,0,0,0,0,0,0,0,0,40,0,3,0,0,0,0,0,4,2,35.77779888888889,139.84946472222222,5,3,0,0,0,0
1,30,669,545,2,0,1,30000,0,121,2023,11,16,16,20,13,6,17,16,34,1,1,1,1,7,9,22,0,0,15,9,30,70,4,2,1,55,1,3,61,31,0,1,0,1,0,11,0,2,0,10,0,4,0,2,0,2,0,4,2,35.762212777777776,139.82334416666666,5,3,0,0,0,0
1,30,669,547,2,0,1,30000,0,121,2023,11,17,15,15,12,6,18,16,33,1,1,1,1,1,9,22,0,0,15,9,30,70,4,2,1,25,1,13,61,31,0,11,0,1,0,11,0,2,0,10,0,3,0,2,0,2,0,4,2,35.76958194444445,139.84782611111112,6,3,9999,0,1,0
1,30,669,550,2,0,1,30000,0,121,2023,11,9,7,25,12,6,10,16,39,1,1,1,14,7,0,0,0,0,2,7,1,70,5,1,1,45,45,51,61,41,0,0,0,0,0,0,0,0,0,10,0,4,0,0,0,0,0,4,2,35.77780111111111,139.85019194444445,5,3,0,0,0,0
1,30,669,553,2,0,1,30000,0,121,2023,11,13,13,25,12,6,14,16,36,1,1,1,1,7,9,22,0,0,14,9,30,70,4,2,1,35,75,3,61,31,0,1,0,1,0,11,0,5,0,10,0,3,0,2,0,2,0,4,2,35.762388055555554,139.82505083333334,2,3,9999,0,1,0
1,30,669,565,2,0,1,30460,0,121,2023,11,26,16,58,21,6,27,16,29,2,1,2,1,1,9,22,0,0,18,9,30,70,4,2,1,45,45,13,61,31,0,11,0,1,0,11,0,3,0,10,0,2,0,2,0,2,0,4,2,35.78382222222222,139.81073333333333,1,3,9999,0,9,0
1,30,669,570,2,0,1,30000,0,121,2023,11,30,18,40,22,6,30,16,28,1,1,1,7,7,0,0,0,0,2,9,1,70,5,2,1,75,75,3,61,31,0,1,0,1,0,11,0,2,0,10,0,4,0,2,0,2,0,4,2,35.76583611111111,139.8199275,5,3,967,0,9,0
1,30,669,573,2,0,1,30000,0,121,2023,11,23,11,30,12,6,24,16,30,1,1,1,14,7,0,0,0,0,3,9,1,70,5,3,1,65,25,3,61,31,0,1,0,1,0,11,0,2,0,40,0,3,0,2,0,2,0,4,2,35.76870666666667,139.85266222222222,5,1,9999,0,9,0
1,30,670,372,2,0,1,30000,0,121,2023,10,18,22,15,22,5,49,17,3,1,1,1,14,7,0,0,0,0,1,9,1,70,4,2,1,45,55,1,61,1,0,1,0,1,0,11,0,3,0,40,0,4,0,2,0,2,0,4,2,35.80856194444444,139.7684191666667,4,3,9999,0,9,0
1,30,670,373,2,0,1,30000,0,121,2023,10,4,15,45,12,5,38,17,22,2,1,1,14,7,0,0,0,0,2,9,1,70,5,2,1,65,65,3,61,31,0,1,0,1,0,11,0,5,0,20,0,3,0,2,0,2,0,4,2,35.78694722222222,139.80557861111112,4,3,9999,0,9,0
1,30,670,386,2,0,1,30000,0,121,2023,11,21,0,30,22,6,22,16,31,1,1,1,7,7,0,0,0,0,4,9,1,70,4,2,1,1,55,51,61,41,0,0,0,0,0,0,0,0,0,30,0,3,0,0,0,0,0,4,2,35.79479472222222,139.8075961111111,3,3,0,0,0,0
1,30,670,388,2,0,1,30000,0,121,2023,11,30,10,45,12,6,30,16,28,1,1,1,1,7,1,21,0,0,15,9,30,70,5,3,1,75,55,3,61,31,0,1,0,1,0,11,0,3,0,10,0,3,0,2,0,2,0,4,2,35.793954444444445,139.79838055555555,5,3,252,0,9,0
1,30,771,464,2,0,1,30000,0,108,2023,8,18,20,25,22,5,2,18,28,1,1,1,1,7,0,0,0,0,15,9,30,70,5,2,1,25,0,61,0,0,0,0,0,0,0,0,0,0,0,0,0,0,0,0,0,0,0,2,0,35.68800722222222,139.7932311111111,6,3,0,0,0,0
1,30,771,466,2,0,1,10350,0,108,2023,11,15,7,40,12,6,16,16,35,1,1,1,14,7,0,0,0,0,5,9,1,70,4,1,1,35,55,51,61,41,0,0,0,0,0,0,0,0,0,10,0,3,0,0,0,0,0,4,2,35.67595111111111,139.818895,4,3,0,0,0,0
1,30,771,471,2,0,1,10040,0,108,2023,11,20,5,35,23,6,21,16,32,1,1,1,1,1,9,22,0,0,19,9,30,70,1,1,1,65,65,3,61,31,0,1,0,1,0,11,0,10,0,10,0,3,0,2,0,2,0,4,2,35.66941944444444,139.80554722222223,2,3,86,0,9,0
1,30,771,476,2,0,1,99000,0,108,2023,11,22,8,20,12,6,23,16,31,1,1,1,0,7,0,0,0,0,0,0,20,70,0,1,1,45,1,51,61,41,0,0,0,0,0,0,0,0,0,10,0,3,0,0,0,0,0,4,2,35.66016638888889,139.79387083333333,4,2,0,0,0,0
1,30,771,481,2,0,1,10350,0,108,2023,11,27,19,25,22,6,28,16,29,1,1,1,7,1,0,0,0,0,4,9,1,70,5,1,1,65,55,51,61,41,0,0,0,0,0,0,0,0,0,20,0,3,0,0,0,0,0,4,2,35.675885,139.81582277777778,2,3,0,0,0,0
1,30,771,488,2,0,1,30000,0,108,2023,11,28,17,30,22,6,29,16,29,1,1,1,1,7,9,22,0,0,15,9,30,70,5,3,1,65,55,14,61,1,0,11,0,1,0,11,0,10,0,20,0,4,0,2,0,2,0,4,2,35.67224777777778,139.80358750000002,3,3,9999,0,9,0
1,30,771,489,2,0,1,30000,0,108,2023,11,30,22,50,22,6,30,16,28,1,1,1,1,7,9,22,0,0,14,9,30,70,5,2,1,35,35,3,61,1,0,1,0,1,0,11,0,4,0,10,0,3,0,2,0,2,0,4,2,35.680727777777776,139.79182,5,3,9999,0,1,0
1,30,772,428,2,0,1,10090,0,108,2023,11,16,6,50,11,6,17,16,34,1,1,1,14,7,0,0,0,0,5,9,1,70,4,1,1,25,75,14,61,1,0,11,0,1,0,11,0,4,0,10,0,2,0,2,0,2,0,4,2,35.691763055555555,139.82618333333332,5,3,9999,0,9,0
1,30,772,456,2,0,1,20540,0,108,2023,11,30,20,58,22,6,30,16,28,1,1,1,1,7,1,21,0,0,19,9,30,70,4,2,1,35,45,3,61,31,0,1,0,1,0,11,0,3,0,10,0,4,0,2,0,2,0,4,2,35.68011083333333,139.82310916666665,5,3,9999,0,1,0
1,30,773,333,2,0,1,10060,0,107,2023,10,14,12,3,12,5,46,17,8,1,1,1,14,7,0,0,0,0,5,8,1,70,1,2,1,35,55,51,61,41,0,0,0,0,0,0,0,0,0,10,0,3,0,0,0,0,0,4,2,35.68878583333333,139.81003722222223,7,3,0,0,0,0
1,30,773,339,2,0,1,30000,0,107,2023,11,7,17,7,21,6,8,16,41,1,1,1,1,7,9,22,0,0,14,9,30,1,5,2,1,75,75,4,61,31,0,1,0,1,0,11,0,2,0,10,0,3,0,2,0,2,0,4,2,35.707618611111116,139.81596666666667,3,3,330,0,9,0
1,30,773,344,2,0,1,30000,0,107,2023,10,30,11,20,12,6,0,16,49,1,1,1,1,7,1,21,0,0,15,9,30,70,5,3,1,35,25,3,61,31,0,1,0,1,0,11,0,2,0,50,0,3,0,2,0,2,0,4,2,35.69490944444444,139.79627694444443,2,3,9999,0,5,0
1,30,773,349,2,0,1,20530,0,107,2023,11,1,19,15,22,6,2,16,47,1,1,1,1,1,9,22,0,0,19,9,30,70,1,1,1,45,45,51,61,41,0,0,0,0,0,0,0,0,0,0,0,4,0,0,0,0,0,4,2,35.70889916666667,139.80868944444447,4,3,0,0,0,0
1,30,773,350,2,0,1,30000,0,107,2023,11,16,18,11,22,6,17,16,34,1,1,1,1,7,9,22,0,0,15,9,30,70,4,3,1,55,1,3,61,1,0,1,0,1,0,11,0,10,0,10,0,3,0,2,0,2,0,4,2,35.70652777777778,139.80389611111113,5,3,9999,0,9,0
1,30,773,361,2,0,1,30000,0,107,2023,11,25,14,30,12,6,26,16,30,1,1,1,14,7,0,0,0,0,2,9,1,70,5,1,1,45,1,51,61,41,0,0,0,0,0,0,0,0,0,10,0,4,0,0,0,0,0,4,2,35.709607777777784,139.8094925,7,3,0,0,0,0
1,30,775,322,2,0,1,30000,0,122,2023,11,13,7,55,12,6,14,16,36,1,1,1,14,7,0,0,0,0,1,9,1,70,5,1,1,1,55,51,61,41,0,0,0,0,0,0,0,0,0,10,0,3,0,0,0,0,0,4,2,35.762927777777776,139.85008583333334,2,3,0,0,0,0
1,30,775,326,2,0,1,30000,0,122,2023,9,27,17,40,21,5,32,17,32,1,1,1,14,7,0,0,0,0,2,9,1,70,5,4,1,35,1,3,61,31,0,1,0,1,0,11,0,5,0,10,0,4,0,2,0,2,0,4,2,35.764738888888886,139.84382166666668,4,3,9999,0,1,0
1,30,775,327,2,0,1,30000,0,122,2023,10,28,16,20,13,5,58,16,51,1,1,1,14,7,0,0,0,0,4,9,1,70,5,1,1,1,1,51,61,41,0,0,0,0,0,0,0,0,0,10,0,4,0,0,0,0,0,4,2,35.77043166666667,139.86462444444444,7,3,0,0,0,0
1,30,775,328,2,0,1,30000,0,122,2023,11,16,15,15,12,6,17,16,34,1,1,1,7,7,0,0,0,0,1,9,1,70,5,3,1,35,1,3,61,31,0,1,0,1,0,11,0,2,0,40,0,3,0,2,0,2,0,4,2,35.79066805555556,139.8670275,5,3,9999,0,9,0
1,30,775,336,2,0,1,30000,0,122,2023,11,24,11,5,12,6,25,16,30,1,1,1,14,1,0,0,0,0,3,9,1,70,4,1,1,35,25,3,61,31,0,1,0,1,0,11,0,2,0,80,0,4,0,2,0,2,0,4,2,35.751192777777774,139.82923055555554,6,3,9999,0,1,0
1,30,775,338,2,0,1,30000,0,122,2023,11,27,9,1,12,6,28,16,29,1,1,1,14,7,0,0,0,0,3,9,1,70,4,1,1,1,55,51,61,41,0,0,0,0,0,0,0,0,0,10,0,3,0,0,0,0,0,4,2,35.74946027777778,139.83708222222222,2,3,0,0,0,0
1,30,775,346,2,0,1,30000,0,122,2023,8,24,17,26,13,5,6,18,20,1,1,1,14,7,0,0,0,0,2,9,1,70,5,3,1,75,45,14,61,31,0,11,0,1,0,11,0,2,0,20,0,4,0,2,0,2,0,4,2,35.768637222222225,139.84626,5,3,722,0,9,0
1,30,776,378,2,0,1,30000,0,122,2023,11,2,10,15,12,6,3,16,46,1,1,1,14,7,0,0,0,0,2,9,1,70,5,3,1,55,75,3,61,31,0,1,0,1,0,11,0,5,0,30,0,3,0,2,0,2,0,4,2,35.74368888888889,139.8819075,5,2,9999,0,9,0
1,30,776,392,2,0,1,30000,0,122,2023,11,18,16,50,21,6,19,16,33,2,1,1,1,7,9,22,0,0,14,9,30,70,5,2,1,1,65,14,61,1,0,11,0,1,0,11,0,2,0,10,0,3,0,2,0,2,0,4,2,35.75067222222222,139.86375972222223,7,3,9999,0,1,0
1,30,776,400,2,0,1,30000,0,122,2023,11,26,13,15,12,6,27,16,29,2,1,2,1,7,9,22,0,0,11,9,30,70,5,2,1,55,65,51,61,41,0,0,0,0,0,0,0,0,0,10,0,4,0,0,0,0,0,4,2,35.74153444444445,139.84175222222223,1,3,0,0,0,0
1,30,777,636,2,0,1,10390,0,123,2023,11,1,11,0,12,6,2,16,47,1,1,1,14,7,0,0,0,0,2,9,1,70,4,1,1,65,45,14,61,31,0,11,0,1,0,11,0,3,0,40,0,3,0,2,0,2,0,4,2,35.69974361111111,139.867905,4,3,103,0,9,0
1,30,777,651,2,0,1,30000,0,123,2023,11,1,17,10,21,6,2,16,47,1,1,1,14,7,0,0,0,0,2,9,1,70,5,3,1,65,65,3,61,31,0,1,0,1,0,11,0,5,0,40,0,3,0,2,0,2,0,4,2,35.70655888888889,139.86751777777778,4,3,9999,0,9,0
1,30,777,656,2,0,1,30000,0,123,2023,11,10,18,20,22,6,11,16,38,3,1,2,14,7,0,0,0,0,3,9,1,70,5,2,1,75,55,4,61,31,0,1,0,1,0,11,0,10,0,10,0,3,0,2,0,2,0,4,2,35.706518055555556,139.8665561111111,6,3,228,0,9,0
1,30,777,657,2,0,1,30000,0,123,2023,11,3,12,55,12,6,4,16,45,1,1,1,14,7,0,0,0,0,4,9,1,70,4,2,1,65,75,14,61,31,0,11,0,1,0,11,0,2,0,10,0,3,0,2,0,2,0,4,2,35.68400361111111,139.8888211111111,6,1,9999,0,9,0
1,30,777,664,2,0,1,30000,0,123,2023,11,14,8,5,12,6,15,16,35,1,1,1,1,7,9,22,0,0,11,9,30,70,5,3,1,55,75,3,61,31,0,1,0,1,0,11,0,1,0,10,0,3,0,2,0,2,0,4,2,35.71135055555556,139.86888916666666,3,3,9999,0,9,0
1,30,777,669,2,0,1,30000,0,123,2023,11,18,9,40,12,6,19,16,33,1,1,1,14,7,0,0,0,0,3,9,1,70,5,3,1,55,1,17,61,1,0,11,0,2,0,11,0,10,0,80,0,3,0,2,0,2,0,4,2,35.68550888888888,139.8756686111111,7,3,9999,0,9,0
1,30,777,685,2,0,1,30000,0,123,2023,11,25,21,32,22,6,26,16,30,1,1,1,14,7,0,0,0,0,2,9,1,70,5,3,1,45,45,3,61,31,0,1,0,1,0,11,0,2,0,10,0,3,0,2,0,2,0,4,2,35.70369222222222,139.87504694444445,7,3,9999,0,9,0
1,30,778,252,1,1,0,30000,0,123,2023,11,21,17,55,22,6,22,16,31,1,1,1,14,7,0,0,0,0,2,9,1,70,5,2,1,75,35,3,61,31,0,1,0,1,0,11,0,2,0,10,0,3,0,2,0,2,0,4,1,35.72177861111111,139.88283611111112,3,3,389,0,9,0
1,30,778,255,2,0,1,30000,0,123,2023,11,2,14,15,12,6,3,16,46,1,1,1,1,7,9,22,0,0,11,9,30,70,4,3,1,45,65,17,61,31,0,11,0,2,0,11,0,5,0,10,0,3,0,2,0,2,0,4,2,35.723505,139.88520833333334,5,2,9999,0,5,0
1,30,778,265,2,0,1,30000,0,123,2023,11,15,18,0,22,6,16,16,35,1,1,1,1,7,9,22,0,0,11,9,30,70,4,2,1,1,65,51,61,41,0,0,0,0,0,0,0,0,0,10,0,3,0,0,0,0,0,4,2,35.728973611111115,139.88161972222224,4,3,0,0,0,0
1,30,778,266,2,0,1,30000,0,123,2023,11,16,12,11,12,6,17,16,34,1,1,1,1,7,1,21,0,0,14,9,30,70,5,2,1,55,75,4,61,31,0,1,0,1,0,11,0,2,0,10,0,3,0,2,0,2,0,4,2,35.71695944444445,139.89447666666666,5,3,9999,0,9,0
1,30,778,268,2,0,1,30000,0,123,2023,11,16,16,16,13,6,17,16,34,1,1,1,14,7,0,0,0,0,3,9,1,70,4,1,1,65,1,4,61,31,0,1,0,1,0,11,0,2,0,10,0,4,0,2,0,2,0,4,2,35.715359722222225,139.88781,5,3,9999,0,9,0
1,30,778,269,2,0,1,10380,0,123,2023,11,17,8,5,12,6,18,16,33,3,1,2,14,7,0,0,0,0,1,9,1,70,5,2,1,1,35,51,61,41,0,0,0,0,0,0,0,0,0,40,0,4,0,0,0,0,0,4,2,35.7409275,139.8828077777778,6,3,0,0,0,0
1,30,778,274,2,0,2,30000,0,123,2023,11,29,8,7,12,6,30,16,28,1,1,1,14,7,0,0,0,0,2,9,1,70,5,3,1,25,1,51,61,41,0,0,0,0,0,0,0,0,0,10,0,3,0,0,0,0,0,2,2,35.72811666666667,139.87887777777777,4,3,0,0,0,0
1,30,779,238,2,0,1,30000,0,123,2023,7,22,14,45,12,4,41,18,54,1,1,1,14,7,0,0,0,0,2,9,1,70,5,2,1,45,35,3,61,31,0,1,0,1,0,11,0,2,0,20,0,3,0,2,0,2,0,4,2,35.684884999999994,139.86277805555554,7,3,9999,0,9,0
1,30,779,240,2,0,1,30000,0,123,2023,11,10,17,50,22,6,11,16,38,3,1,2,1,1,9,22,0,0,15,9,30,70,5,1,1,25,55,51,61,41,0,0,0,0,0,0,0,0,0,10,0,3,0,0,0,0,0,4,2,35.68371861111111,139.86496277777778,6,3,0,0,0,0
1,30,779,245,2,0,1,30000,0,123,2023,11,14,22,5,22,6,15,16,35,3,1,2,1,1,9,22,0,0,14,9,30,70,5,2,1,55,65,13,61,31,0,11,0,1,0,11,0,2,0,50,0,3,0,2,0,2,0,4,2,35.646790555555555,139.87749166666669,3,3,9999,0,9,0
1,30,779,250,2,0,1,30000,0,123,2023,11,20,13,21,12,6,21,16,32,1,1,1,1,7,0,0,0,0,11,9,30,1,5,3,1,45,0,61,0,0,0,0,0,0,0,0,0,0,0,0,0,0,0,0,0,0,0,2,0,35.663956666666664,139.86570027777776,2,3,0,0,0,0
1,30,876,352,2,0,1,30000,0,201,2023,7,21,12,10,12,4,40,18,54,1,1,1,14,7,0,0,0,0,1,8,1,70,5,4,1,45,1,51,61,41,0,0,0,0,0,0,0,0,0,20,0,3,0,0,0,0,0,2,4,35.643074444444444,139.32593833333334,6,3,0,0,0,0
1,30,876,358,2,0,1,10490,0,209,2023,11,6,17,0,21,6,7,16,42,1,1,1,1,1,9,22,0,0,15,9,30,1,4,2,1,75,75,4,61,31,0,1,0,1,0,11,0,3,0,10,0,3,0,2,0,2,0,4,2,35.59215833333334,139.38009472222222,2,3,510,0,9,0
1,30,876,360,2,0,1,10490,0,209,2023,11,11,3,15,22,6,12,16,38,1,1,1,1,1,9,22,0,0,18,9,30,70,4,2,1,65,1,3,61,31,0,1,0,1,0,11,0,3,0,10,0,3,0,2,0,2,0,4,2,35.60293194444444,139.3488411111111,7,3,9999,0,9,0
1,30,876,362,2,0,1,30000,0,201,2023,11,11,17,40,22,6,12,16,38,1,1,1,14,7,0,0,0,0,3,9,1,70,5,2,1,1,55,14,61,1,0,11,0,1,0,11,0,2,0,40,0,3,0,2,0,2,0,4,2,35.62428472222222,139.35407416666666,7,3,9999,0,1,0
1,30,876,367,2,0,1,90000,0,201,2023,11,15,19,10,22,6,16,16,35,1,1,1,14,7,0,0,0,0,2,9,1,70,5,4,1,25,25,51,61,41,0,0,0,0,0,0,0,0,0,10,0,3,0,0,0,0,0,4,2,35.65419055555555,139.35589444444443,4,3,0,0,0,0
1,30,876,388,2,0,1,30000,0,201,2023,11,28,11,38,12,6,29,16,29,1,1,1,1,7,9,22,0,0,18,9,30,70,4,2,1,45,65,13,61,31,0,11,0,1,0,11,0,3,0,10,0,3,0,2,0,2,0,4,2,35.64888888888889,139.35840555555555,3,3,9999,0,9,0
1,30,877,396,2,0,1,30000,0,201,2023,10,7,18,20,22,5,40,17,17,2,1,1,1,1,9,22,0,0,18,9,30,70,4,2,1,25,65,3,61,31,0,1,0,1,0,11,0,3,0,10,0,3,0,2,0,2,0,4,2,35.66736583333333,139.2916336111111,7,3,9999,0,1,0
1,30,877,397,2,0,1,30000,0,201,2023,10,8,17,40,21,5,41,17,16,3,1,1,14,7,0,0,0,0,3,8,1,70,1,2,1,55,75,4,61,31,0,1,0,1,0,11,0,3,0,10,0,3,0,2,0,2,0,4,2,35.64906972222222,139.30749,1,2,9999,0,9,0
1,30,877,402,2,0,1,99000,0,201,2023,10,29,16,10,13,5,59,16,50,1,2,1,0,7,0,0,0,0,0,0,20,70,0,2,1,45,65,3,61,31,0,1,0,1,0,11,0,10,0,10,0,3,0,2,0,2,0,4,2,35.6315025,139.2903286111111,1,3,9999,0,1,0
1,30,877,405,2,0,1,200,501,201,2023,11,6,16,50,21,6,7,16,42,1,1,1,14,7,0,0,0,0,3,8,1,70,4,2,1,1,35,51,61,41,0,0,0,0,0,0,0,0,0,10,0,3,0,0,0,0,0,2,4,35.620558055555556,139.26241305555556,2,3,0,0,0,0
1,30,877,412,2,0,1,200,489,201,2023,11,13,14,17,12,6,14,16,36,1,1,1,14,7,0,0,0,0,3,9,1,70,4,2,1,1,55,51,61,41,0,0,0,0,0,0,0,0,0,10,0,3,0,0,0,0,0,4,2,35.64961805555556,139.29718722222222,2,3,0,0,0,0
1,30,877,416,2,0,1,200,501,201,2023,11,17,6,20,11,6,18,16,33,3,2,2,1,1,9,22,0,0,18,9,30,70,1,2,1,35,55,14,61,31,0,11,0,1,0,11,0,4,0,20,0,3,0,2,0,2,0,4,2,35.64503888888889,139.28505805555557,6,3,9999,0,1,0
1,30,877,427,2,0,1,99000,0,201,2023,11,24,8,0,12,6,25,16,30,1,1,1,0,7,0,0,0,0,0,0,20,70,0,4,1,35,75,1,61,1,0,1,0,1,0,11,0,1,0,20,0,3,0,2,0,2,0,4,2,35.62923555555555,139.2694213888889,6,3,9999,0,1,0
1,30,877,429,2,0,1,30000,0,201,2023,11,24,10,30,12,6,25,16,30,1,1,1,1,1,9,22,0,0,15,9,30,70,4,2,1,45,75,3,61,31,0,1,0,1,0,11,0,3,0,20,0,3,0,2,0,2,0,4,2,35.6539,139.31071222222224,6,3,9999,0,1,0
1,30,877,432,2,0,1,20740,0,201,2023,11,22,12,5,12,6,23,16,31,1,1,1,1,1,9,22,0,0,14,9,30,70,4,2,1,55,35,14,61,31,0,11,0,1,0,11,0,3,0,10,0,4,0,2,0,2,0,4,2,35.67145361111111,139.29350722222222,4,2,9999,0,9,0
1,30,878,434,2,0,1,30000,0,225,2023,11,7,21,38,22,6,8,16,41,2,2,1,1,7,1,21,0,0,15,9,30,70,5,2,1,25,25,14,61,1,0,11,0,1,0,11,0,5,0,10,0,2,0,2,0,2,0,4,2,35.638038888888886,139.513475,3,3,9999,0,1,0
1,30,878,442,2,0,1,10480,0,224,2023,10,31,15,55,13,6,1,16,48,1,1,1,14,7,0,0,0,0,5,9,1,70,1,2,1,45,75,14,61,1,0,11,0,1,0,11,0,4,0,30,0,3,0,2,0,2,0,4,2,35.648765833333336,139.43671472222223,3,3,9999,0,5,0
1,30,878,446,2,0,1,30000,0,225,2023,11,20,15,0,12,6,21,16,32,1,3,1,1,7,9,22,0,0,15,2,30,70,4,2,1,65,1,35,61,31,0,0,0,0,0,11,0,3,0,10,0,4,0,0,0,0,0,4,2,35.61131,139.48303638888888,2,3,9999,0,9,0
1,30,878,455,2,0,1,21100,0,224,2023,11,27,19,40,22,6,28,16,29,1,2,1,1,1,9,22,0,0,19,9,30,70,1,2,1,45,35,3,61,31,0,1,0,1,0,11,0,4,0,10,0,3,0,2,0,2,0,4,2,35.611075,139.44310583333333,2,3,9999,0,1,0
1,30,878,463,2,0,1,99000,0,225,2023,11,15,18,0,22,6,16,16,35,1,2,1,0,7,0,0,0,0,0,0,20,70,0,4,1,45,45,51,61,41,0,0,0,0,0,0,0,0,0,10,0,3,0,0,0,0,0,4,2,35.64221027777778,139.52379611111112,4,3,0,0,0,0
1,30,879,459,2,0,1,30000,0,223,2023,11,1,14,20,12,6,2,16,47,1,2,1,1,8,9,22,0,0,15,9,30,70,5,2,1,45,1,3,61,31,0,1,0,1,0,11,0,3,0,50,0,3,0,2,0,2,0,4,2,35.74554472222222,139.37223222222224,4,3,9999,0,1,0
1,30,879,479,2,0,3,30000,0,223,2023,11,16,8,40,12,6,17,16,34,1,1,1,14,7,0,0,0,0,2,9,1,70,5,4,1,25,25,3,61,31,0,1,0,1,0,11,0,2,0,30,0,3,0,2,0,2,0,4,2,35.754598333333334,139.37250972222222,5,3,9999,0,1,0
1,30,879,491,2,0,1,30000,0,220,2023,11,22,8,20,12,6,23,16,31,1,2,1,14,7,0,0,0,0,1,9,1,70,5,4,1,35,1,3,61,31,0,1,0,1,0,11,0,2,0,10,0,3,0,2,0,2,0,4,2,35.75143722222222,139.42338027777777,4,2,9999,0,1,0
1,30,879,500,2,0,1,30000,0,220,2023,11,27,18,0,22,6,28,16,29,1,1,1,7,7,0,0,0,0,1,9,1,70,5,3,1,35,1,3,61,31,0,1,0,1,0,11,0,2,0,20,0,3,0,2,0,2,0,4,2,35.73695583333333,139.41907416666666,2,3,9999,0,5,0
1,30,880,206,2,0,1,30000,0,205,2023,11,6,22,5,22,6,7,16,42,1,1,1,1,1,9,22,0,0,15,9,30,70,4,2,1,25,45,3,61,31,0,1,0,1,0,11,0,2,0,10,0,2,0,2,0,2,0,4,2,35.78601361111111,139.2836011111111,2,3,9999,0,1,0
1,30,880,207,2,0,1,30000,0,205,2023,11,6,8,50,12,6,7,16,42,1,1,1,14,7,0,0,0,0,3,9,1,70,4,2,1,35,25,3,61,31,0,1,0,1,0,11,0,3,0,10,0,4,0,2,0,2,0,4,2,35.78424611111111,139.28793305555556,2,3,9999,0,5,0
1,30,880,208,2,0,1,99000,0,205,2023,11,8,16,0,13,6,9,16,40,1,3,1,0,7,0,0,0,0,0,0,20,70,0,4,1,45,75,12,61,1,0,11,0,2,0,11,0,10,0,80,0,3,0,2,0,2,0,4,2,35.79372722222222,139.31473861111112,4,3,9999,0,5,0
1,30,880,209,2,0,1,20000,0,205,2023,10,27,8,5,12,5,57,16,52,1,2,1,1,7,9,22,0,0,14,9,30,70,4,3,1,25,1,3,61,31,0,1,0,2,0,11,0,2,0,40,0,4,0,2,0,2,0,4,2,35.80887472222222,139.30985222222225,6,3,9999,0,1,0
1,30,880,214,2,0,1,30000,0,205,2023,11,16,8,39,12,6,17,16,34,1,3,1,14,7,0,0,0,0,1,9,1,70,5,2,1,75,75,3,61,31,0,1,0,1,0,11,0,10,0,80,0,3,0,2,0,2,0,4,2,35.790417777777776,139.28599666666668,5,3,9999,0,9,0