資料区分,都道府県コード,警察署等コード,本票番号,事故内容,死者数,負傷者数,路線コード,地点コード,市区町村コード,発生日時　　年,発生日時　　月,発生日時　　日,発生日時　　時,発生日時　　分,昼夜,日の出時刻　　時,日の出時刻　　分,日の入り時刻　　時,日の入り時刻　　分,天候,地形,路面状態,道路形状,信号機,一時停止規制　標識（当事者A）,一時停止規制　表示（当事者A）,一時停止規制　標識（当事者B）,一時停止規制　表示（当事者B）,車道幅員,道路線形,衝突地点,ゾーン規制,中央分離帯施設等,歩車道区分,事故類型,年齢（当事者A）,年齢（当事者B）,当事者種別（当事者A）,当事者種別（当事者B）,用途別（当事者A）,用途別（当事者B）,車両形状等（当事者A）,車両形状等（当事者B）,オートマチック車（当事者A）,オートマチック車（当事者B）,サポカー（当事者A）,サポカー（当事者B）,速度規制（指定のみ）（当事者A）,速度規制（指定のみ）（当事者B）,車両の衝突部位（当事者A）,車両の衝突部位（当事者B）,車両の損壊程度（当事者A）,車両の損壊程度（当事者B）,エアバッグの装備（当事者A）,エアバッグの装備（当事者B）,サイドエアバッグの装備（当事者A）,サイドエアバッグの装備（当事者B）,人身損傷程度（当事者A）,人身損傷程度（当事者B）,lat,lon,曜日(発生年月日),祝日(発生年月日),認知機能検査経過日数（当事者A）,認知機能検査経過日数（当事者B）,運転練習の方法（当事者A）,運転練習の方法（当事者B）
1,30,881,147,1,1,0,10470,0,228,2023,11,8,17,15,21,6,9,16,40,1,1,1,1,1,9,22,0,0,15,9,30,70,5,1,1,75,65,3,61,31,0,1,0,1,0,11,0,3,0,50,0,3,0,2,0,2,0,4,1,35.72762166666667,139.22043861111112,4,3,125,0,9,0
1,30,881,150,2,0,1,30000,0,305,2023,11,13,7,35,12,6,14,16,36,2,1,1,14,7,0,0,0,0,3,9,1,70,4,1,1,1,1,51,61,41,0,0,0,0,0,0,0,0,0,10,0,4,0,0,0,0,0,4,2,35.74362666666667,139.24893027777776,2,3,0,0,0,0
1,30,882,334,2,0,1,30000,0,227,2023,11,2,13,42,12,6,3,16,46,1,3,1,14,7,0,0,0,0,3,9,1,70,5,3,1,75,1,3,61,31,0,1,0,1,0,11,0,3,0,50,0,3,0,2,0,2,0,4,2,35.75480388888889,139.32043638888888,5,2,778,0,9,0
1,30,882,335,2,0,1,30000,0,303,2023,11,2,19,45,22,6,3,16,46,1,1,1,1,1,9,22,0,0,11,9,30,70,4,2,1,45,55,3,61,31,0,1,0,1,0,11,0,2,0,50,0,3,0,2,0,2,0,4,2,35.779890277777774,139.35263972222222,5,2,9999,0,9,0
1,30,882,337,2,0,1,30000,0,303,2023,11,6,11,1,12,6,7,16,42,1,2,1,7,7,0,0,0,0,3,9,1,70,5,2,1,75,75,14,61,31,0,11,0,1,0,11,0,10,0,30,0,3,0,2,0,2,0,4,2,35.76075361111111,139.3554786111111,2,3,376,0,9,0
1,30,882,343,2,0,1,30000,0,218,2023,11,9,10,0,12,6,10,16,39,1,1,1,14,7,0,0,0,0,1,9,1,70,5,2,1,65,75,51,61,41,0,0,0,0,0,0,0,0,0,10,0,3,0,0,0,0,0,4,2,35.72738277777778,139.33048027777778,5,3,0,0,0,0
1,30,882,344,2,0,1,30000,0,227,2023,11,4,16,0,13,6,5,16,44,1,2,1,1,1,9,22,0,0,15,9,30,70,4,1,1,65,65,4,61,31,0,1,0,1,0,11,0,3,0,40,0,4,0,2,0,2,0,4,2,35.768368055555555,139.31089111111112,7,3,9999,0,9,0
1,30,882,354,2,0,1,20000,0,228,2023,11,1,17,10,21,6,2,16,47,1,1,1,1,1,9,22,0,0,15,9,30,70,5,3,1,65,1,52,61,41,0,0,0,0,0,0,0,0,0,10,0,3,0,0,0,0,0,4,2,35.72392527777778,139.3104538888889,4,3,0,0,0,0
1,30,882,355,2,0,1,30000,0,218,2023,11,11,10,20,12,6,12,16,38,2,2,1,14,7,0,0,0,0,3,9,1,70,4,3,1,55,35,3,61,31,0,1,0,1,0,11,0,2,0,40,0,3,0,2,0,2,0,4,2,35.74553916666667,139.324265,7,3,9999,0,5,0
1,30,882,363,2,0,1,30000,0,218,2023,11,16,18,25,22,6,17,16,34,1,1,1,1,7,1,21,0,0,11,9,30,70,5,2,1,65,55,52,61,41,0,0,0,0,0,0,0,0,0,10,0,3,0,0,0,0,0,4,2,35.745536944444446,139.3309847222222,5,3,0,0,0,0
1,30,882,367,2,0,1,30000,0,227,2023,11,14,18,25,22,6,15,16,35,1,2,1,1,1,9,22,0,0,15,9,30,70,4,2,1,55,55,14,61,31,0,11,0,1,0,11,0,2,0,10,0,3,0,2,0,2,0,4,2,35.76943416666666,139.31242527777778,3,3,9999,0,9,0
1,30,882,368,2,0,1,30000,0,218,2023,11,23,13,58,12,6,24,16,30,1,1,1,1,1,9,22,0,0,14,9,30,70,4,2,1,65,75,13,61,31,0,11,0,1,0,11,0,3,0,10,0,3,0,2,0,2,0,4,2,35.733608333333336,139.33565777777778,5,1,9999,0,9,0
1,30,882,369,2,0,1,10260,0,218,2023,11,23,14,45,12,6,24,16,30,1,1,1,1,7,9,22,0,0,15,9,30,70,4,2,1,75,1,3,61,31,0,1,0,1,0,11,0,3,0,10,0,4,0,2,0,2,0,4,2,35.73358944444445,139.32249666666667,5,1,9999,0,9,0
1,30,882,374,2,0,1,99000,0,228,2023,11,26,8,45,12,6,27,16,29,2,2,1,0,7,0,0,0,0,0,0,20,70,0,4,1,25,1,3,61,31,0,1,0,1,0,11,0,10,0,50,0,4,0,2,0,2,0,4,2,35.740384444444445,139.2900675,1,3,9999,0,1,0
1,30,882,378,2,0,1,30000,0,303,2023,11,14,7,30,12,6,15,16,35,1,1,1,1,7,0,0,0,0,17,9,30,70,4,2,1,25,0,61,0,0,0,0,0,0,0,0,0,0,0,0,0,0,0,0,0,0,0,2,0,35.7680275,139.3485486111111,3,3,0,0,0,0
1,30,883,516,2,0,1,20730,0,201,2023,11,5,17,30,21,6,6,16,43,1,1,1,14,7,0,0,0,0,3,9,1,70,4,2,1,55,75,36,61,31,0,0,0,0,0,11,0,10,0,10,0,3,0,0,0,0,0,4,2,35.66197138888889,139.31206194444445,1,3,9999,0,1,0
1,30,883,529,2,0,1,30000,0,201,2023,11,12,18,30,22,6,13,16,37,2,2,1,1,7,9,22,0,0,11,9,30,70,5,3,1,75,75,3,61,31,0,1,0,1,0,11,0,10,0,10,0,3,0,2,0,2,0,4,2,35.67225444444444,139.3292886111111,1,3,409,0,9,0
1,30,883,535,2,0,1,30000,0,201,2023,11,16,7,59,12,6,17,16,34,1,2,1,1,1,9,22,0,0,15,9,30,70,4,1,1,55,1,4,61,31,0,1,0,1,0,11,0,3,0,10,0,2,0,2,0,1,0,4,2,35.680765,139.35444972222223,5,3,9999,0,9,0
1,30,883,546,2,0,1,31060,0,201,2023,11,22,12,55,12,6,23,16,31,1,2,1,1,1,9,22,0,0,15,9,30,70,4,2,1,65,1,3,61,31,0,1,0,1,0,11,0,3,0,10,0,3,0,2,0,2,0,4,2,35.68707027777778,139.32504472222223,4,2,9999,0,9,0
1,30,883,563,2,0,1,30000,0,201,2023,10,29,17,0,21,5,59,16,50,1,1,1,1,7,1,21,0,0,11,9,30,70,5,2,1,25,45,3,61,31,0,1,0,1,0,11,0,3,0,0,0,4,0,2,0,2,0,4,2,35.65534638888889,139.34705944444445,1,3,9999,0,1,0
1,30,884,622,2,0,1,30000,0,209,2023,9,13,18,30,21,5,21,17,52,1,1,1,14,7,0,0,0,0,3,9,1,70,5,3,1,1,65,51,61,41,0,0,0,0,0,0,0,0,0,10,0,3,0,0,0,0,0,4,2,35.553285833333334,139.44007444444443,4,3,0,0,0,0
1,30,884,633,2,0,1,30000,0,209,2023,11,7,10,50,12,6,8,16,41,2,1,1,1,7,9,22,0,0,18,9,30,70,4,2,1,75,65,3,61,31,0,1,0,1,0,11,0,3,0,10,0,3,0,2,0,2,0,4,2,35.54941777777778,139.47602194444445,3,3,208,0,9,0
1,30,884,634,2,0,1,30000,0,209,2023,11,7,13,45,12,6,8,16,41,1,1,1,1,7,1,21,0,0,14,9,30,70,5,2,1,75,55,3,61,31,0,1,0,1,0,11,0,2,0,40,0,3,0,2,0,2,0,4,2,35.57915611111112,139.42063666666667,3,3,9999,0,9,0
1,30,884,635,2,0,2,30000,0,209,2023,11,7,18,10,22,6,8,16,41,1,2,1,14,7,0,0,0,0,3,7,1,70,5,4,1,45,55,51,61,41,0,0,0,0,0,0,0,0,0,10,0,3,0,0,0,0,0,2,2,35.519463333333334,139.47769444444444,3,3,0,0,0,0
1,30,884,637,2,0,1,10490,0,209,2023,11,8,19,58,22,6,9,16,40,1,1,1,14,7,0,0,0,0,3,9,1,70,4,2,1,25,55,52,61,41,0,0,0,0,0,0,0,0,0,40,0,3,0,0,0,0,0,4,2,35.535145,139.45789888888888,4,3,0,0,0,0
1,30,884,640,2,0,1,30000,0,209,2023,11,9,17,30,21,6,10,16,39,1,1,1,1,1,9,22,0,0,15,9,30,70,4,2,1,75,25,3,61,31,0,1,0,1,0,11,0,3,0,20,0,3,0,2,0,2,0,4,2,35.53887222222222,139.47366277777778,5,3,633,0,9,0
1,30,884,651,2,0,1,30000,0,209,2023,11,12,18,46,22,6,13,16,37,2,1,1,1,7,9,22,0,0,11,9,30,70,5,4,1,35,1,4,61,31,0,1,0,1,0,11,0,1,0,10,0,3,0,2,0,2,0,4,2,35.544533333333334,139.43913555555557,1,3,9999,0,1,0
1,30,884,653,2,0,1,10610,0,209,2023,11,13,18,20,22,6,14,16,36,1,1,1,14,1,0,0,0,0,2,9,1,70,4,2,1,1,65,51,61,41,0,0,0,0,0,0,0,0,0,10,0,3,0,0,0,0,0,4,2,35.572343333333336,139.46532805555555,2,3,0,0,0,0
1,30,884,660,2,0,1,30000,0,209,2023,11,16,19,20,22,6,17,16,34,2,1,1,14,7,0,0,0,0,3,9,1,70,5,2,1,1,1,51,61,41,0,0,0,0,0,0,0,0,0,20,0,3,0,0,0,0,0,4,2,35.55352805555555,139.4485275,5,3,0,0,0,0
1,30,884,670,2,0,1,30000,0,209,2023,11,19,12,40,12,6,20,16,32,1,2,1,1,1,9,22,0,0,15,9,30,70,4,2,1,65,55,3,61,31,0,1,0,1,0,11,0,3,0,10,0,3,0,2,0,2,0,4,2,35.50782638888889,139.46884444444444,1,3,9999,0,9,0
1,30,884,672,2,0,1,20750,0,209,2023,11,20,7,30,12,6,21,16,32,1,1,1,1,7,1,21,0,0,14,8,30,70,4,2,1,25,45,13,61,31,0,11,0,1,0,1,0,3,0,10,0,3,0,2,0,2,0,4,2,35.58267083333334,139.421865,2,3,9999,0,5,0
1,30,884,674,2,0,1,30000,0,209,2023,10,12,7,40,12,5,44,17,11,1,1,1,14,7,0,0,0,0,4,9,1,70,1,2,1,35,65,51,61,41,0,0,0,0,0,0,0,0,0,40,0,3,0,0,0,0,0,4,2,35.54409166666667,139.44847416666667,5,3,0,0,0,0
1,30,884,677,2,0,1,99000,0,209,2023,11,21,13,35,12,6,22,16,31,1,1,1,0,7,0,0,0,0,0,0,20,70,0,4,1,35,75,3,61,31,0,1,0,1,0,11,0,10,0,10,0,3,0,2,0,2,0,4,2,35.55476888888889,139.43589527777777,3,3,9999,0,9,0
1,30,884,679,2,0,1,30000,0,209,2023,11,21,19,35,22,6,22,16,31,1,1,1,14,7,0,0,0,0,2,9,1,1,5,3,1,35,45,36,61,31,0,0,0,0,0,11,0,2,0,40,0,3,0,0,0,0,0,4,2,35.59645611111112,139.41051833333333,3,3,9999,0,1,0
1,30,884,680,2,0,1,30000,0,209,2023,11,21,21,10,22,6,22,16,31,1,2,1,7,7,0,0,0,0,1,9,1,70,5,2,1,55,45,35,61,31,0,0,0,0,0,11,0,2,0,10,0,3,0,0,0,0,0,4,2,35.57575972222222,139.40509972222222,3,3,9999,0,9,0
1,30,884,681,2,0,1,30000,0,209,2023,11,22,6,4,23,6,23,16,31,1,1,1,14,7,0,0,0,0,3,9,1,70,4,3,1,25,75,4,61,31,0,1,0,1,0,11,0,2,0,80,0,3,0,2,0,2,0,4,2,35.54184333333333,139.45306555555555,4,2,9999,0,5,0
1,30,884,686,2,0,1,30000,0,209,2023,11,20,18,0,22,6,21,16,32,1,1,1,14,7,0,0,0,0,2,9,1,70,5,4,1,35,55,4,61,31,0,1,0,1,0,11,0,10,0,10,0,3,0,2,0,2,0,4,2,35.535291944444445,139.4591736111111,2,3,9999,0,1,0
1,30,884,687,2,0,1,30000,0,209,2023,11,23,17,28,21,6,24,16,30,1,2,1,1,7,9,22,0,0,15,9,30,70,4,2,1,25,1,3,61,31,0,1,0,1,0,11,0,2,0,10,0,3,0,2,0,2,0,4,2,35.57705916666667,139.49263499999998,5,1,9999,0,1,0
1,30,884,688,2,0,1,30000,0,209,2023,11,23,18,20,22,6,24,16,30,1,2,1,1,1,9,22,0,0,14,3,30,70,5,2,1,45,1,3,61,31,0,1,0,1,0,11,0,3,0,10,0,3,0,2,0,2,0,4,2,35.58352333333334,139.4566536111111,5,1,9999,0,5,0
1,30,884,693,2,0,1,10610,0,209,2023,11,22,13,22,12,6,23,16,31,1,1,1,1,1,9,22,0,0,15,9,30,70,4,1,1,75,65,3,61,31,0,1,0,1,0,11,0,3,0,80,0,4,0,2,0,2,0,4,2,35.58432416666667,139.48168583333333,4,2,309,0,9,0
1,30,884,695,2,0,2,30000,0,209,2023,11,26,11,10,12,6,27,16,29,2,1,1,7,7,0,0,0,0,2,9,1,1,5,3,1,65,45,4,61,31,0,1,0,1,0,11,0,2,0,10,0,1,0,1,0,1,0,4,2,35.585189166666666,139.3951113888889,1,3,9999,0,9,0
1,30,884,700,2,0,1,30000,0,209,2023,11,28,9,50,12,6,29,16,29,1,1,1,1,1,9,22,0,0,14,9,30,70,4,2,1,55,75,51,61,41,0,0,0,0,0,0,0,0,0,10,0,3,0,0,0,0,0,4,2,35.537056666666665,139.47093916666668,3,3,0,0,0,0
1,30,884,709,2,0,1,10490,0,209,2023,11,25,17,10,21,6,26,16,30,1,1,1,14,7,0,0,0,0,3,9,1,70,4,2,1,65,55,4,61,31,0,1,0,1,0,11,0,3,0,10,0,3,0,2,0,2,0,4,2,35.52830222222222,139.4634411111111,7,3,9999,0,9,0
1,30,884,712,2,0,1,30000,0,209,2023,10,23,16,5,13,5,54,16,57,1,1,1,13,7,0,0,0,0,2,1,1,70,5,3,1,65,75,3,61,31,0,1,0,1,0,11,0,10,0,40,0,3,0,2,0,2,0,4,2,35.57292027777778,139.49262027777777,2,3,9999,0,9,0
1,30,885,232,2,0,1,30000,0,212,2023,11,6,21,5,22,6,7,16,42,2,1,1,1,7,1,21,0,0,15,9,30,70,5,2,1,55,55,4,61,31,0,1,0,1,0,11,0,2,0,80,0,3,0,2,0,1,0,4,2,35.65986916666667,139.41414166666667,2,3,9999,0,1,0
1,30,885,233,2,0,1,21210,0,212,2023,10,27,7,10,12,5,57,16,52,1,1,1,14,7,0,0,0,0,2,9,1,70,4,1,1,55,45,51,61,41,0,0,0,0,0,0,0,0,0,10,0,3,0,0,0,0,0,4,4,35.6619825,139.37962000000002,6,3,0,0,0,0
1,30,885,236,2,0,1,99000,0,212,2023,11,14,10,30,12,6,15,16,35,1,1,1,0,7,0,0,0,0,0,0,20,70,0,4,1,65,75,3,61,1,0,1,0,1,0,11,0,10,0,0,0,4,0,2,0,2,0,4,2,35.666417777777774,139.37775055555556,3,3,9999,0,9,0
1,30,886,392,2,0,1,30000,0,207,2023,11,1,12,5,12,6,2,16,47,1,1,1,14,1,0,0,0,0,2,9,1,70,5,3,1,35,55,17,61,1,0,11,0,2,0,11,0,2,0,10,0,3,0,2,0,2,0,4,2,35.69438555555555,139.38617055555554,4,3,9999,0,1,0
1,30,886,406,2,0,1,99000,0,207,2023,11,16,10,33,12,6,17,16,34,1,1,2,0,7,0,0,0,0,0,0,20,70,0,3,1,65,65,4,61,31,0,1,0,1,0,11,0,10,0,10,0,2,0,2,0,2,0,4,2,35.70168694444445,139.39368249999998,5,3,9999,0,9,0
1,30,886,407,2,0,1,30000,0,207,2023,11,17,15,25,12,6,18,16,33,2,1,1,1,7,9,22,0,0,15,9,30,70,5,3,1,75,75,51,61,41,0,0,0,0,0,0,0,0,0,10,0,3,0,0,0,0,0,2,4,35.708780833333336,139.37593555555557,6,3,0,0,0,0
1,30,886,415,2,0,1,31050,0,207,2023,11,20,13,31,12,6,21,16,32,1,1,1,1,1,9,22,0,0,11,9,30,70,4,1,1,75,25,3,61,31,0,1,0,1,0,11,0,2,0,10,0,3,0,2,0,2,0,4,2,35.71389444444445,139.35058638888887,2,3,725,0,9,0
1,30,886,421,2,0,1,30000,0,207,2023,11,25,12,0,12,6,26,16,30,1,1,1,14,7,0,0,0,0,2,9,1,1,5,3,1,45,1,3,61,31,0,1,0,1,0,11,0,2,0,80,0,3,0,2,0,2,0,4,2,35.70655611111111,139.3472311111111,7,3,9999,0,1,0
1,30,886,425,2,0,1,30810,0,207,2023,11,28,13,3,12,6,29,16,29,1,1,1,1,1,9,22,0,0,14,9,30,70,4,1,1,75,65,4,61,31,0,1,0,1,0,11,0,3,0,10,0,3,0,2,0,2,0,4,2,35.707155,139.3766313888889,3,3,210,0,9,0
1,30,886,432,2,0,1,30000,0,207,2023,11,28,10,30,12,6,29,16,29,1,1,1,14,7,0,0,0,0,2,9,1,70,5,3,1,1,0,61,0,0,0,0,0,0,0,0,0,0,0,0,0,0,0,0,0,0,0,2,0,35.70827944444445,139.35050194444443,3,3,0,0,0,0
1,30,887,608,2,0,1,30000,0,215,2023,11,2,18,5,22,6,3,16,46,1,1,1,1,7,9,22,0,0,15,9,30,70,5,2,1,25,55,14,61,1,0,11,0,1,0,11,0,2,0,20,0,3,0,2,0,2,0,4,2,35.67357305555555,139.4318661111111,5,2,9999,0,1,0
1,30,887,631,2,0,1,30000,0,202,2023,11,15,19,30,22,6,16,16,35,1,2,1,14,7,0,0,0,0,2,9,1,70,4,2,1,35,65,51,61,41,0,0,0,0,0,0,0,0,0,20,0,3,0,0,0,0,0,4,2,35.696254999999994,139.42004555555553,4,3,0,0,0,0
1,30,887,634,2,0,2,30000,0,202,2023,11,17,18,31,22,6,18,16,33,1,2,1,1,1,9,22,0,0,14,9,30,70,4,2,1,45,25,3,61,31,0,1,0,1,0,11,0,3,0,10,0,3,0,2,0,2,0,4,2,35.71817638888889,139.42363444444445,6,3,9999,0,9,0
1,30,887,637,2,0,1,30000,0,202,2023,11,18,20,20,22,6,19,16,33,1,1,1,14,7,0,0,0,0,2,9,1,70,4,2,1,45,75,51,61,41,0,0,0,0,0,0,0,0,0,10,0,3,0,0,0,0,0,4,2,35.70665888888889,139.42120749999998,7,3,0,0,0,0
1,30,887,639,2,0,1,99000,0,202,2023,11,19,15,50,13,6,20,16,32,1,1,1,0,7,0,0,0,0,0,0,20,1,0,2,1,1,55,51,61,41,0,0,0,0,0,0,0,0,0,30,0,4,0,0,0,0,0,4,2,35.69710333333333,139.41290416666666,1,3,0,0,0,0
1,30,887,646,2,0,1,30000,0,215,2023,11,22,14,15,12,6,23,16,31,1,1,1,1,7,9,22,0,0,14,9,30,70,5,4,1,25,1,51,61,41,0,0,0,0,0,0,0,0,0,10,0,3,0,0,0,0,0,4,2,35.697783888888885,139.4319588888889,4,2,0,0,0,0
1,30,887,653,2,0,1,30000,0,215,2023,10,28,14,16,12,5,58,16,51,1,2,1,1,7,1,21,0,0,17,9,30,70,4,2,1,55,1,4,61,31,0,1,0,1,0,11,0,1,0,10,0,3,0,2,0,2,0,4,2,35.683125277777776,139.42475472222222,7,3,9999,0,9,0
1,30,887,659,2,0,1,30000,0,202,2023,11,28,7,35,12,6,29,16,29,1,1,1,1,1,9,22,0,0,15,9,30,70,4,1,1,75,35,3,61,31,0,1,0,1,0,11,0,3,0,10,0,3,0,2,0,2,0,4,2,35.70021833333334,139.40568694444445,3,3,956,0,9,0
1,30,887,664,2,0,1,30000,0,215,2023,11,30,10,10,12,6,30,16,28,1,1,1,14,7,0,0,0,0,3,9,1,70,5,4,1,55,45,13,61,31,0,11,0,1,0,11,0,2,0,40,0,3,0,2,0,2,0,4,2,35.69625194444444,139.4437538888889,5,3,9999,0,9,0
1,30,888,239,2,0,1,10270,0,206,2023,11,9,7,53,12,6,10,16,39,1,1,1,14,7,0,0,0,0,3,9,1,70,5,4,1,25,55,3,61,31,0,1,0,1,0,11,0,2,0,40,0,4,0,2,0,2,0,4,2,35.6777175,139.5175102777778,5,3,9999,0,1,0
1,30,888,245,2,0,1,10500,0,206,2023,11,17,5,22,23,6,18,16,33,3,1,2,1,1,9,22,0,0,19,6,30,70,1,2,1,75,1,3,61,31,0,1,0,1,0,11,0,3,0,10,0,3,0,2,0,2,0,4,2,35.65744972222222,139.487215,6,3,889,0,1,0
1,30,888,246,2,0,1,30000,0,206,2023,8,24,18,57,21,5,6,18,20,1,1,1,7,1,0,0,0,0,2,9,1,70,5,3,1,65,35,3,61,31,0,1,0,1,0,11,0,2,0,40,0,4,0,2,0,2,0,4,2,35.65423166666667,139.51730055555558,5,3,9999,0,5,0
1,30,888,247,2,0,1,20000,0,206,2023,11,10,21,50,22,6,11,16,38,2,1,1,14,7,0,0,0,0,1,9,1,70,5,1,1,45,35,51,61,41,0,0,0,0,0,0,0,0,0,10,0,4,0,0,0,0,0,4,2,35.65492916666666,139.45946027777777,6,3,0,0,0,0
1,30,888,256,2,0,1,10680,0,206,2023,11,25,17,45,22,6,26,16,30,1,1,1,14,1,0,0,0,0,2,9,1,70,1,2,1,45,25,3,61,31,0,1,0,1,0,11,0,4,0,10,0,3,0,2,0,2,0,4,2,35.684423055555555,139.4592772222222,7,3,9999,0,1,0
1,30,888,260,2,0,1,10500,0,206,2023,10,26,17,53,22,5,57,16,53,1,1,1,1,1,9,22,0,0,14,9,30,70,5,2,1,65,25,3,61,1,0,1,0,1,0,11,0,3,0,10,0,3,0,2,0,2,0,4,2,35.68575944444444,139.47046472222223,5,3,9999,0,9,0
1,30,889,340,2,0,1,10750,0,210,2023,11,15,15,45,13,6,16,16,35,1,1,1,14,7,0,0,0,0,6,9,1,70,1,1,1,1,25,51,61,41,0,0,0,0,0,0,0,0,0,10,0,3,0,0,0,0,0,4,2,35.68960611111111,139.49858805555553,4,3,0,0,0,0
1,30,889,342,2,0,1,10560,0,210,2023,11,18,0,23,22,6,19,16,33,1,1,1,14,7,0,0,0,0,4,9,1,70,4,2,1,55,55,1,61,31,0,1,0,1,0,11,0,3,0,10,0,3,0,2,0,2,0,4,2,35.70282277777778,139.50742222222223,7,3,9999,0,9,0
1,30,889,345,2,0,1,10500,0,214,2023,10,25,12,43,12,5,56,16,54,1,1,1,14,7,0,0,0,0,3,9,1,70,4,1,1,35,35,51,61,41,0,0,0,0,0,0,0,0,0,10,0,4,0,0,0,0,0,4,2,35.707326111111115,139.46818305555556,4,3,0,0,0,0
1,30,889,352,2,0,1,30000,0,210,2023,11,30,15,0,12,6,30,16,28,1,1,1,14,7,0,0,0,0,3,9,1,70,5,4,1,45,1,51,61,41,0,0,0,0,0,0,0,0,0,10,0,3,0,0,0,0,0,4,2,35.706232500000006,139.51765805555556,5,3,0,0,0,0
1,30,890,300,2,0,1,30000,0,229,2023,10,13,4,30,22,5,45,17,9,1,1,1,14,7,0,0,0,0,2,9,1,70,5,4,1,55,35,3,61,1,0,1,0,1,0,11,0,2,0,30,0,3,0,2,0,2,0,4,2,35.75295083333334,139.5445447222222,6,3,9999,0,9,0
1,30,890,303,2,0,1,30000,0,229,2023,11,6,16,45,21,6,7,16,42,1,1,1,14,7,0,0,0,0,2,9,1,70,5,1,1,65,75,13,61,31,0,11,0,2,0,11,0,2,0,10,0,3,0,2,0,2,0,4,2,35.75169138888889,139.54462694444445,2,3,9999,0,9,0
1,30,890,310,2,0,1,30000,0,222,2023,11,19,17,17,21,6,20,16,32,1,1,1,1,1,9,22,0,0,14,9,30,70,4,2,1,45,55,3,61,31,0,1,0,1,0,11,0,5,0,10,0,3,0,2,0,2,0,4,2,35.75525527777778,139.506735,1,3,9999,0,9,0
1,30,890,319,2,0,1,30000,0,222,2023,10,18,18,13,22,5,49,17,3,1,1,1,14,7,0,0,0,0,3,9,1,70,4,3,1,45,1,3,61,1,0,1,0,1,0,11,0,2,0,10,0,4,0,2,0,2,0,4,2,35.76085833333333,139.52969388888891,4,3,9999,0,1,0
1,30,890,320,2,0,1,30000,0,222,2023,10,17,8,10,12,5,48,17,4,1,1,1,1,7,9,22,0,0,14,9,30,70,5,2,1,1,1,51,61,41,0,0,0,0,0,0,0,0,0,40,0,3,0,0,0,0,0,4,2,35.76042611111111,139.5177377777778,3,3,0,0,0,0
1,30,890,322,2,0,1,30000,0,229,2023,11,27,21,38,22,6,28,16,29,1,1,1,1,7,9,22,0,0,14,9,30,70,5,3,1,1,75,51,61,41,0,0,0,0,0,0,0,0,0,10,0,3,0,0,0,0,0,4,2,35.719615555555556,139.53916416666667,2,3,0,0,0,0
1,30,890,326,2,0,1,30000,0,222,2023,11,30,12,53,12,6,30,16,28,1,1,1,14,7,0,0,0,0,3,9,1,70,5,4,1,65,45,3,61,1,0,1,0,1,0,11,0,1,0,20,0,3,0,2,0,2,0,4,2,35.75322083333333,139.54167611111112,5,3,9999,0,9,0
1,30,891,366,2,0,1,30000,0,221,2023,11,2,7,25,12,6,3,16,46,1,2,1,7,7,0,0,0,0,2,9,1,70,5,2,1,55,55,3,61,31,0,1,0,1,0,11,0,10,0,20,0,4,0,2,0,2,0,4,2,35.77153944444444,139.5199225,5,2,9999,0,1,0
1,30,891,368,2,0,1,10590,0,213,2023,11,3,16,15,13,6,4,16,45,1,1,1,1,1,9,22,0,0,14,9,30,70,4,2,1,75,55,3,61,31,0,1,0,1,0,11,0,3,0,10,0,3,0,2,0,2,0,4,2,35.77204277777778,139.48792027777776,6,1,542,0,9,0
1,30,891,373,2,0,1,30000,0,213,2023,10,30,11,15,12,6,0,16,49,1,1,1,1,7,1,21,0,0,14,9,30,70,5,3,1,75,55,3,61,31,0,1,0,1,0,11,0,2,0,10,0,3,0,2,0,2,0,4,2,35.763174722222224,139.46311388888887,2,3,616,0,9,0
1,30,891,376,2,0,1,30000,0,221,2023,11,9,18,35,22,6,10,16,39,1,2,1,1,1,9,22,0,0,15,9,30,70,4,2,1,45,55,3,61,31,0,1,0,1,0,11,0,10,0,10,0,4,0,2,0,2,0,4,2,35.77335583333333,139.52300222222223,5,3,9999,0,1,0
1,30,891,377,2,0,1,99000,0,213,2023,11,12,18,5,22,6,13,16,37,2,2,1,0,7,0,0,0,0,0,0,20,70,0,4,1,1,55,51,61,41,0,0,0,0,0,0,0,0,0,10,0,3,0,0,0,0,0,4,2,35.750618333333335,139.45507416666666,1,3,0,0,0,0
1,30,891,378,2,0,1,30000,0,213,2023,10,31,16,20,13,6,1,16,48,1,1,1,14,7,0,0,0,0,3,9,1,70,4,2,1,45,65,3,61,31,0,1,0,1,0,11,0,2,0,30,0,3,0,2,0,2,0,4,2,35.7559875,139.44465333333335,3,3,9999,0,1,0
1,30,891,379,2,0,1,30000,0,213,2023,11,15,17,35,22,6,16,16,35,2,1,1,1,7,9,22,0,0,18,9,30,70,5,2,1,45,25,4,61,31,0,1,0,1,0,11,0,2,0,10,0,3,0,2,0,2,0,4,2,35.760894444444446,139.4680236111111,4,3,9999,0,1,0
1,30,891,380,2,0,1,30000,0,221,2023,11,16,8,12,12,6,17,16,34,1,1,1,1,7,9,22,0,0,11,9,30,70,5,4,1,55,1,3,61,31,0,1,0,1,0,11,0,10,0,20,0,3,0,2,0,2,0,4,2,35.78337527777778,139.52041722222225,5,3,9999,0,9,0