資料区分,都道府県コード,警察署等コード,本票番号,事故内容,死者数,負傷者数,路線コード,地点コード,市区町村コード,発生日時　　年,発生日時　　月,発生日時　　日,発生日時　　時,発生日時　　分,昼夜,日の出時刻　　時,日の出時刻　　分,日の入り時刻　　時,日の入り時刻　　分,天候,地形,路面状態,道路形状,信号機,一時停止規制　標識（当事者A）,一時停止規制　表示（当事者A）,一時停止規制　標識（当事者B）,一時停止規制　表示（当事者B）,車道幅員,道路線形,衝突地点,ゾーン規制,中央分離帯施設等,歩車道区分,事故類型,年齢（当事者A）,年齢（当事者B）,当事者種別（当事者A）,当事者種別（当事者B）,用途別（当事者A）,用途別（当事者B）,車両形状等（当事者A）,車両形状等（当事者B）,オートマチック車（当事者A）,オートマチック車（当事者B）,サポカー（当事者A）,サポカー（当事者B）,速度規制（指定のみ）（当事者A）,速度規制（指定のみ）（当事者B）,車両の衝突部位（当事者A）,車両の衝突部位（当事者B）,車両の損壊程度（当事者A）,車両の損壊程度（当事者B）,エアバッグの装備（当事者A）,エアバッグの装備（当事者B）,サイドエアバッグの装備（当事者A）,サイドエアバッグの装備（当事者B）,人身損傷程度（当事者A）,人身損傷程度（当事者B）,lat,lon,曜日(発生年月日),祝日(発生年月日),認知機能検査経過日数（当事者A）,認知機能検査経過日数（当事者B）,運転練習の方法（当事者A）,運転練習の方法（当事者B）
1,30,891,381,2,0,1,30000,0,221,2023,11,16,8,5,12,6,17,16,34,1,1,1,14,7,0,0,0,0,3,9,1,70,5,3,1,75,1,3,61,31,0,1,0,1,0,11,0,10,0,80,0,4,0,2,0,2,0,4,2,35.79868944444444,139.54025694444445,5,3,659,0,9,0
1,30,891,385,2,0,1,30000,0,213,2023,10,23,14,40,12,5,54,16,57,1,1,1,1,7,9,22,0,0,11,9,30,70,5,3,1,25,1,4,61,31,0,1,0,1,0,11,0,2,0,10,0,4,0,2,0,2,0,4,2,35.76228916666667,139.48363944444444,2,3,9999,0,1,0
1,30,891,387,2,0,1,99000,0,221,2023,11,14,17,12,21,6,15,16,35,1,1,1,0,7,0,0,0,0,0,0,20,70,0,4,1,65,75,3,61,31,0,1,0,1,0,11,0,10,0,30,0,3,0,2,0,2,0,4,2,35.762636111111114,139.50894555555556,3,3,9999,0,9,0
1,30,891,390,2,0,1,30000,0,213,2023,11,1,6,0,23,6,2,16,47,1,1,1,1,7,1,22,0,0,14,9,30,70,4,2,1,45,35,14,61,31,0,11,0,1,0,11,0,3,0,40,0,3,0,2,0,2,0,4,2,35.75015944444444,139.47159055555557,4,3,9999,0,5,0
1,30,891,391,2,0,1,30000,0,213,2023,10,27,16,0,13,5,57,16,52,1,1,1,1,7,9,22,0,0,11,9,30,70,5,4,1,75,75,3,61,31,0,1,0,1,0,11,0,10,0,40,0,3,0,2,0,2,0,4,2,35.75872,139.4904422222222,6,3,1004,0,9,0
1,30,892,320,2,0,1,30000,0,203,2023,8,23,23,10,22,5,6,18,22,2,1,1,14,7,0,0,0,0,2,9,1,70,5,3,1,75,35,3,61,31,0,1,0,1,0,11,0,2,0,10,0,3,0,2,0,2,0,4,2,35.70464055555556,139.57438444444443,4,3,616,0,9,0
1,30,892,329,2,0,1,30000,0,203,2023,11,6,17,10,21,6,7,16,42,1,1,1,1,7,0,0,0,0,14,9,30,70,5,3,1,1,0,61,0,0,0,0,0,0,0,0,0,0,0,0,0,0,0,0,0,0,0,2,0,35.71401222222222,139.54965333333334,2,3,0,0,0,0
1,30,892,333,2,0,1,30000,0,203,2023,11,14,12,55,12,6,15,16,35,1,1,1,14,7,0,0,0,0,2,9,1,70,5,2,1,1,1,51,61,41,0,0,0,0,0,0,0,0,0,20,0,3,0,0,0,0,0,4,2,35.70547361111112,139.58268333333334,3,3,0,0,0,0
1,30,892,338,2,0,1,30000,0,203,2023,11,18,10,15,12,6,19,16,33,1,1,1,14,7,0,0,0,0,3,9,1,70,5,4,1,25,75,51,61,41,0,0,0,0,0,0,0,0,0,10,0,4,0,0,0,0,0,4,2,35.69951777777777,139.54179888888888,7,3,0,0,0,0
1,30,892,348,2,0,1,20900,0,203,2023,11,10,10,44,12,6,11,16,38,3,1,2,1,1,9,22,0,0,14,9,30,70,4,2,1,65,35,3,61,31,0,1,0,1,0,11,0,1,0,10,0,4,0,2,0,2,0,4,2,35.709496944444446,139.56230194444444,6,3,9999,0,9,0
1,30,892,356,2,0,1,30000,0,203,2023,11,15,18,30,22,6,16,16,35,2,1,1,1,1,9,22,0,0,14,9,30,70,4,2,1,45,65,36,61,31,0,0,0,0,0,11,0,2,0,10,0,3,0,0,0,0,0,4,2,35.70563388888889,139.54627166666666,4,3,9999,0,1,0
1,30,893,263,2,0,1,30000,0,204,2023,11,4,9,55,12,6,5,16,44,1,1,1,14,7,0,0,0,0,2,9,1,70,4,2,1,45,55,3,61,31,0,1,0,1,0,11,0,3,0,10,0,3,0,2,0,2,0,4,2,35.68800611111111,139.56055055555558,7,3,9999,0,1,0
1,30,893,267,2,0,1,30000,0,204,2023,11,9,7,50,12,6,10,16,39,1,1,1,13,7,0,0,0,0,3,5,1,70,5,2,1,1,65,51,61,41,0,0,0,0,0,0,0,0,0,10,0,3,0,0,0,0,0,4,2,35.689209166666664,139.53289833333335,5,3,0,0,0,0
1,30,893,272,2,0,1,30000,0,204,2023,11,22,4,40,22,6,23,16,31,1,1,1,1,7,1,22,0,0,15,9,30,70,5,2,1,55,55,3,61,1,0,1,0,1,0,11,0,10,0,10,0,4,0,2,0,2,0,4,2,35.67301305555555,139.5297413888889,4,2,9999,0,9,0
1,30,893,274,2,0,1,30000,0,204,2023,11,22,7,30,12,6,23,16,31,1,1,1,14,7,0,0,0,0,3,9,1,70,5,2,1,35,55,51,61,41,0,0,0,0,0,0,0,0,0,10,0,3,0,0,0,0,0,4,2,35.676853333333334,139.5680952777778,4,2,0,0,0,0
1,30,894,525,2,0,1,30000,0,219,2023,10,17,9,50,12,5,48,17,4,1,1,1,14,7,0,0,0,0,3,9,1,70,5,2,1,45,75,3,61,31,0,1,0,1,0,11,0,3,0,30,0,3,0,2,0,2,0,4,2,35.64386611111111,139.5769036111111,3,3,9999,0,1,0
1,30,894,535,2,0,1,95000,0,208,2023,11,5,15,10,12,6,6,16,43,1,1,1,14,7,0,0,0,0,1,9,20,70,5,4,1,25,1,3,61,31,0,1,0,1,0,11,0,5,0,10,0,3,0,2,0,2,0,4,2,35.66786027777778,139.52571111111112,1,3,9999,0,1,0
1,30,894,545,2,0,1,30000,0,219,2023,11,3,14,0,12,6,4,16,45,1,1,1,14,7,0,0,0,0,2,9,1,70,5,3,1,75,45,3,61,31,0,1,0,1,0,11,0,5,0,40,0,3,0,2,0,2,0,4,2,35.63362222222222,139.5889202777778,6,1,595,0,9,0
1,30,894,546,2,0,1,30000,0,208,2023,10,11,17,22,21,5,43,17,12,1,1,1,14,7,0,0,0,0,3,9,1,70,5,3,1,1,25,51,61,41,0,0,0,0,0,0,0,0,0,20,0,3,0,0,0,0,0,4,4,35.65518611111111,139.54091916666667,4,3,0,0,0,0
1,30,894,548,2,0,1,30000,0,208,2023,11,10,17,30,21,6,11,16,38,3,1,2,14,7,0,0,0,0,2,9,1,70,5,3,1,25,35,51,61,41,0,0,0,0,0,0,0,0,0,10,0,3,0,0,0,0,0,4,2,35.65683055555555,139.53037694444447,6,3,0,0,0,0
1,30,894,553,2,0,1,30000,0,219,2023,11,14,18,30,22,6,15,16,35,1,1,1,14,7,0,0,0,0,3,9,1,70,4,2,1,35,65,51,61,41,0,0,0,0,0,0,0,0,0,10,0,3,0,0,0,0,0,4,2,35.63347666666667,139.56918333333334,3,3,0,0,0,0
1,30,894,561,2,0,2,20890,0,208,2023,11,19,20,15,22,6,20,16,32,1,1,1,14,7,0,0,0,0,3,9,1,70,4,2,1,35,55,36,61,31,0,0,0,0,0,11,0,10,0,12,0,3,0,0,0,0,0,2,2,35.652747777777776,139.54534722222223,1,3,9999,0,1,0
1,30,894,565,2,0,1,30000,0,208,2023,10,25,11,50,12,5,56,16,54,1,1,1,1,7,9,22,0,0,11,9,30,70,5,4,1,45,75,4,61,31,0,1,0,1,0,11,0,10,0,30,0,4,0,2,0,2,0,4,2,35.66977472222222,139.54357416666667,4,3,9999,0,5,0
1,30,894,567,2,0,1,30000,0,208,2023,11,22,14,45,12,6,23,16,31,1,1,1,1,7,1,21,0,0,11,9,30,70,4,2,1,65,75,3,61,31,0,1,0,1,0,11,0,2,0,10,0,3,0,2,0,2,0,4,2,35.656413888888885,139.54783027777776,4,2,9999,0,9,0
1,30,894,572,2,0,1,10000,0,208,2023,11,25,10,35,12,6,26,16,30,1,1,1,1,1,9,22,0,0,14,9,30,70,4,2,1,75,75,3,61,31,0,1,0,1,0,11,0,2,0,10,0,4,0,2,0,2,0,4,2,35.665083055555556,139.58301722222222,7,3,585,0,9,0
1,30,894,580,2,0,1,20890,0,208,2023,11,9,15,44,13,6,10,16,39,1,1,1,14,7,0,0,0,0,3,9,1,70,4,2,1,55,25,3,61,31,0,1,0,1,0,11,0,1,0,10,0,4,0,2,0,2,0,4,2,35.652294166666664,139.54714583333333,5,3,9999,0,1,0
1,30,894,581,2,0,1,99000,0,208,2023,11,28,4,40,22,6,29,16,29,1,1,1,0,7,0,0,0,0,0,0,20,70,0,4,1,45,55,51,61,41,0,0,0,0,0,0,0,0,0,10,0,4,0,0,0,0,0,4,2,35.64002388888889,139.5432172222222,3,3,0,0,0,0
1,30,895,169,2,0,1,30000,0,211,2023,10,27,23,24,22,5,57,16,52,1,1,1,1,7,9,22,0,0,15,9,30,70,4,2,1,1,45,3,61,31,0,1,0,1,0,11,0,2,0,10,0,3,0,2,0,2,0,4,2,35.726440555555556,139.51372555555557,6,3,9999,0,1,0
1,30,895,173,2,0,1,10260,0,211,2023,11,8,19,32,22,6,9,16,40,1,1,1,1,7,9,22,0,0,14,9,30,70,5,2,1,75,1,3,61,31,0,1,0,1,0,11,0,3,0,10,0,2,0,2,0,2,0,4,2,35.712603333333334,139.50432805555556,4,3,58,0,9,0
1,30,895,183,2,0,1,30000,0,211,2023,11,14,17,45,22,6,15,16,35,1,1,1,1,7,1,21,0,0,11,9,30,70,4,2,1,45,45,3,61,31,0,1,0,1,0,11,0,3,0,10,0,3,0,2,0,2,0,4,2,35.73478166666667,139.4519686111111,3,3,9999,0,9,0
1,30,895,186,2,0,1,30000,0,211,2023,11,15,16,30,13,6,16,16,35,2,1,1,14,7,0,0,0,0,3,9,1,70,5,4,1,55,25,4,61,31,0,1,0,1,0,11,0,2,0,20,0,4,0,2,0,2,0,4,2,35.73656277777778,139.46282666666664,4,3,9999,0,1,0
1,30,895,188,2,0,1,20000,0,211,2023,11,10,8,25,12,6,11,16,38,1,1,1,14,7,0,0,0,0,1,9,1,70,4,4,1,1,45,51,61,41,0,0,0,0,0,0,0,0,0,10,0,4,0,0,0,0,0,4,2,35.72587166666667,139.51221722222223,6,3,0,0,0,0
1,30,895,190,2,0,1,10250,0,211,2023,11,28,11,11,12,6,29,16,29,1,1,1,1,1,9,22,0,0,17,9,30,70,4,2,1,45,75,3,61,31,0,1,0,1,0,11,0,4,0,10,0,3,0,2,0,2,0,4,2,35.737296944444445,139.5169052777778,3,3,9999,0,1,0
1,30,895,192,2,0,1,30000,0,211,2023,11,30,13,10,12,6,30,16,28,1,1,1,1,1,9,22,0,0,11,9,30,70,4,2,1,75,75,3,61,31,0,1,0,1,0,11,0,10,0,10,0,3,0,2,0,2,0,4,2,35.72739916666667,139.4783825,5,3,285,0,9,0
1,30,100,181,2,0,1,10100,0,101,2023,12,1,22,22,22,6,31,16,28,1,1,1,1,7,1,21,0,0,14,9,30,70,5,2,1,45,35,4,61,31,0,1,0,1,0,11,0,2,0,10,0,4,0,2,0,2,0,4,2,35.690914166666666,139.7587475,6,3,9999,0,5,0
1,30,100,195,2,0,1,99000,0,101,2023,12,24,16,51,21,6,48,16,33,1,1,1,0,7,0,0,0,0,0,0,20,70,0,2,1,55,55,3,61,1,0,1,0,1,0,11,0,2,0,40,0,4,0,2,0,1,0,4,2,35.692877499999994,139.74929916666665,1,3,9999,0,9,0
1,30,100,199,2,0,1,20000,0,101,2023,12,30,12,59,12,6,50,16,37,1,1,1,1,7,9,22,0,0,15,8,30,70,4,2,1,25,25,52,61,41,0,0,0,0,0,0,0,0,0,10,0,4,0,0,0,0,0,4,2,35.70030166666667,139.74424833333333,7,3,0,0,0,0
1,30,101,134,2,0,1,20030,0,101,2023,11,20,8,40,12,6,21,16,32,1,1,1,14,7,0,0,0,0,6,9,1,70,1,2,1,25,45,51,61,41,0,0,0,0,0,0,0,0,0,10,0,4,0,0,0,0,0,4,2,35.68439222222222,139.76299,2,3,0,0,0,0
1,30,101,135,2,0,1,30000,0,101,2023,11,17,9,25,12,6,18,16,33,3,1,2,14,7,0,0,0,0,2,9,1,70,5,3,1,45,25,13,61,31,0,11,0,1,0,11,0,1,0,50,0,3,0,2,0,2,0,4,2,35.673156388888884,139.76069583333333,6,3,9999,0,1,0
1,30,101,140,2,0,1,20030,0,101,2023,12,8,18,50,22,6,37,16,28,1,1,1,14,7,0,0,0,0,5,9,1,1,4,2,1,55,45,14,61,31,0,11,0,1,0,11,0,5,0,30,0,4,0,2,0,2,0,4,2,35.6844775,139.76279444444444,6,3,9999,0,5,0
1,30,102,144,2,0,1,30000,0,101,2023,12,29,12,10,12,6,50,16,36,1,1,1,14,7,0,0,0,0,3,9,1,70,5,2,1,55,0,61,0,0,0,0,0,0,0,0,0,0,0,0,0,0,0,0,0,0,0,2,0,35.692625,139.76290694444444,6,3,0,0,0,0
1,30,103,109,2,0,1,10000,0,101,2023,12,11,8,15,12,6,40,16,28,2,1,1,14,7,0,0,0,0,5,9,1,70,5,2,1,45,45,51,61,41,0,0,0,0,0,0,0,0,0,10,0,4,0,0,0,0,0,4,2,35.69339222222222,139.77239972222225,2,3,0,0,0,0
1,30,103,111,2,0,1,40,16,101,2023,12,6,16,30,21,6,36,16,28,1,1,1,14,7,0,0,0,0,6,9,1,70,1,2,1,65,25,51,61,41,0,0,0,0,0,0,0,0,0,0,0,4,0,0,0,0,0,4,2,35.69614444444444,139.7752788888889,4,3,0,0,0,0
1,30,103,116,2,0,1,20540,0,101,2023,12,28,14,8,12,6,49,16,35,1,1,1,1,1,9,22,0,0,15,9,30,70,4,1,1,55,35,51,61,41,0,0,0,0,0,0,0,0,0,10,0,4,0,0,0,0,0,4,2,35.69974972222222,139.7689688888889,5,3,0,0,0,0
1,30,104,279,2,0,1,30000,0,102,2023,12,7,0,38,22,6,37,16,28,2,1,1,1,1,9,22,0,0,18,9,30,70,5,2,1,35,65,51,61,41,0,0,0,0,0,0,0,0,0,10,0,3,0,0,0,0,0,4,2,35.684978055555554,139.77313111111113,5,3,0,0,0,0
1,30,104,284,2,0,1,30000,0,102,2023,12,10,19,20,22,6,39,16,28,1,1,1,1,7,9,22,0,0,15,9,30,70,5,2,1,65,55,3,61,31,0,1,0,1,0,11,0,2,0,50,0,4,0,2,0,2,0,4,2,35.68020361111111,139.7738463888889,1,3,9999,0,9,0
1,30,104,290,2,0,1,10060,0,102,2023,12,14,9,25,12,6,42,16,29,1,1,1,1,7,9,22,0,0,11,9,30,70,5,2,1,35,1,51,61,41,0,0,0,0,0,0,0,0,0,10,0,3,0,0,0,0,0,4,2,35.67740361111111,139.77875833333334,5,3,0,0,0,0
1,30,104,294,2,0,1,10,1,102,2023,12,22,14,10,12,6,47,16,32,1,1,1,7,7,0,0,0,0,4,9,1,70,5,2,1,35,55,11,61,1,0,11,0,1,0,11,0,10,0,60,0,3,0,2,0,2,0,4,2,35.68315888888888,139.77423611111112,6,3,9999,0,5,0
1,30,105,99,2,0,1,30000,0,102,2023,12,12,12,3,12,6,41,16,28,2,1,1,14,7,0,0,0,0,1,9,1,70,5,4,1,55,25,14,61,1,0,11,0,1,0,11,0,2,0,10,0,3,0,2,0,2,0,4,2,35.68104388888889,139.78208583333335,3,3,9999,0,9,0
1,30,105,102,2,0,1,30000,0,102,2023,12,21,11,45,12,6,46,16,31,1,1,1,7,7,0,0,0,0,4,9,1,70,4,2,1,55,35,51,61,41,0,0,0,0,0,0,0,0,0,10,0,4,0,0,0,0,0,4,2,35.682989444444445,139.78141027777778,5,3,0,0,0,0
1,30,106,154,2,0,1,30000,0,102,2023,12,7,18,14,22,6,37,16,28,1,1,1,1,7,9,22,0,0,14,9,30,70,5,2,1,55,65,3,61,31,0,1,0,1,0,11,0,2,0,10,0,4,0,2,0,2,0,4,2,35.67404666666666,139.77018416666667,5,3,9999,0,1,0
1,30,106,155,2,0,1,150,0,102,2023,12,5,6,15,23,6,35,16,28,2,1,1,1,1,9,22,0,0,18,9,30,70,5,2,1,45,35,3,61,1,0,1,0,1,0,11,0,4,0,50,0,4,0,2,0,2,0,4,2,35.66996472222222,139.76042972222223,3,3,9999,0,1,0
1,30,106,158,2,0,1,30000,0,102,2023,11,18,19,10,22,6,19,16,33,1,1,1,1,7,9,22,0,0,15,9,30,70,5,1,1,45,35,3,61,31,0,1,0,1,0,11,0,2,0,10,0,3,0,2,0,2,0,4,2,35.66730277777778,139.76212833333332,7,3,9999,0,1,0
1,30,106,161,2,0,1,10020,0,102,2023,12,21,18,37,22,6,46,16,31,1,1,1,7,1,0,0,0,0,4,9,1,70,4,2,1,35,65,3,61,1,0,1,0,1,0,11,0,5,0,10,0,3,0,2,0,2,0,4,2,35.671435555555554,139.76490083333334,5,3,9999,0,5,0
1,30,106,162,2,0,1,10020,0,102,2023,11,3,13,16,12,6,4,16,45,1,1,1,7,7,0,0,0,0,4,9,1,70,4,2,1,25,0,61,0,0,0,0,0,0,0,0,0,0,0,0,0,0,0,0,0,0,0,2,0,35.670563333333334,139.76571694444445,6,1,0,0,0,0
1,30,106,163,2,0,1,30000,0,102,2023,12,22,19,4,22,6,47,16,32,1,1,1,1,1,9,22,0,0,14,9,30,1,4,2,1,25,45,14,61,31,0,11,0,1,0,11,0,2,0,40,0,4,0,2,0,2,0,4,2,35.66443888888889,139.77505222222223,6,3,9999,0,1,0
1,30,106,165,2,0,1,30000,0,102,2023,12,16,4,45,22,6,43,16,29,1,1,1,1,7,9,22,0,0,14,9,30,70,5,2,1,55,25,3,61,1,0,1,0,1,0,11,0,2,0,80,0,4,0,2,0,2,0,4,2,35.67032638888889,139.75964972222224,7,3,9999,0,9,0
1,30,107,137,2,0,1,10020,0,102,2023,12,1,16,55,21,6,31,16,28,1,1,1,14,7,0,0,0,0,3,9,1,70,1,2,1,75,55,51,61,41,0,0,0,0,0,0,0,0,0,10,0,3,0,0,0,0,0,2,4,35.656895,139.78376666666665,6,3,0,0,0,0
1,30,107,143,2,0,1,20680,0,102,2023,12,15,15,8,12,6,43,16,29,2,1,1,1,1,9,22,0,0,19,9,30,70,1,1,1,55,1,51,61,41,0,0,0,0,0,0,0,0,0,10,0,3,0,0,0,0,0,4,2,35.659455277777774,139.7777988888889,6,3,0,0,0,0
1,30,108,229,2,0,1,30000,0,103,2023,11,30,9,55,12,6,30,16,28,1,1,1,1,1,9,22,0,0,17,9,30,70,5,1,1,35,35,3,61,31,0,1,0,1,0,11,0,4,0,20,0,3,0,2,0,2,0,4,2,35.66310583333333,139.74509166666667,5,3,9999,0,5,0
1,30,108,236,2,0,1,30000,0,103,2023,12,2,3,6,22,6,32,16,28,1,1,1,1,1,9,22,0,0,15,9,30,70,5,2,1,75,45,3,61,1,0,1,0,1,0,11,0,2,0,10,0,4,0,2,0,2,0,4,2,35.66612583333333,139.75686,7,3,369,0,9,0
1,30,108,243,2,0,1,30000,0,103,2023,12,28,3,0,22,6,49,16,35,1,1,1,1,1,9,22,0,0,15,9,30,70,4,1,1,65,45,3,61,1,0,1,0,1,0,11,0,3,0,10,0,3,0,2,0,2,0,4,2,35.665411666666664,139.75511333333333,5,3,9999,0,1,0
1,30,109,169,2,0,1,30000,0,103,2023,10,5,16,28,13,5,38,17,20,1,1,1,14,7,0,0,0,0,3,9,1,70,4,2,1,1,0,61,0,0,0,0,0,0,0,0,0,0,0,0,0,0,0,0,0,0,0,2,0,35.650214999999996,139.74667555555556,5,3,0,0,0,0
1,30,109,172,2,0,1,10,68,103,2023,12,4,20,13,22,6,34,16,28,1,1,1,14,7,0,0,0,0,5,8,1,70,1,1,1,45,55,51,61,41,0,0,0,0,0,0,0,0,0,10,0,4,0,0,0,0,0,4,2,35.64782916666667,139.74170222222222,2,3,0,0,0,0
1,30,109,175,2,0,1,30000,0,103,2023,12,12,8,5,12,6,41,16,28,3,1,2,14,7,0,0,0,0,5,9,1,70,1,2,1,1,55,51,61,41,0,0,0,0,0,0,0,0,0,10,0,3,0,0,0,0,0,4,2,35.64783833333333,139.74198527777776,3,3,0,0,0,0
1,30,110,126,2,0,1,21250,0,103,2023,11,27,18,13,22,6,28,16,29,1,1,1,1,7,1,21,0,0,14,8,30,70,4,3,1,1,45,51,61,41,0,0,0,0,0,0,0,0,0,10,0,4,0,0,0,0,0,4,2,35.64366638888889,139.73635805555554,2,3,0,0,0,0
1,30,110,127,2,0,1,30000,0,103,2023,12,5,14,50,12,6,35,16,28,2,1,1,1,7,9,22,0,0,11,9,30,1,5,4,1,65,1,3,61,1,0,1,0,1,0,11,0,10,0,80,0,4,0,2,0,2,0,4,2,35.64654111111111,139.72899611111112,3,3,9999,0,9,0
1,30,111,292,2,0,1,20140,0,103,2023,12,1,16,40,21,6,31,16,28,1,1,1,1,1,9,22,0,0,18,9,30,70,1,1,1,65,35,3,61,1,0,1,0,1,0,11,0,5,0,10,0,3,0,2,0,2,0,4,2,35.66103972222222,139.73794805555553,6,3,9999,0,9,0
1,30,111,293,2,0,1,30000,0,103,2023,12,4,11,25,12,6,34,16,28,1,1,1,13,7,0,0,0,0,3,3,1,70,5,3,1,65,55,3,61,1,0,1,0,1,0,11,0,5,0,40,0,4,0,2,0,2,0,4,2,35.65659611111111,139.73233555555555,2,3,9999,0,9,0
1,30,111,297,2,0,1,30000,0,103,2023,12,5,22,20,22,6,35,16,28,3,1,2,1,7,0,0,0,0,14,9,30,70,5,3,1,25,0,61,0,0,0,0,0,0,0,0,0,0,0,0,0,0,0,0,0,0,0,2,0,35.65904861111111,139.71893666666668,3,3,0,0,0,0
1,30,111,306,2,0,1,30000,0,103,2023,12,16,13,5,12,6,43,16,29,1,1,1,14,7,0,0,0,0,1,9,1,70,5,3,1,65,55,3,61,1,0,1,0,1,0,11,0,1,0,50,0,3,0,2,0,2,0,4,2,35.64859666666666,139.72464194444444,7,3,9999,0,9,0
1,30,111,312,2,0,1,30000,0,103,2023,12,20,1,53,22,6,46,16,31,1,1,1,14,7,0,0,0,0,3,9,1,70,5,2,1,45,1,3,61,1,0,1,0,1,0,11,0,10,0,10,0,4,0,2,0,2,0,4,2,35.66247416666666,139.73504444444444,4,3,9999,0,1,0
1,30,111,315,2,0,1,30000,0,103,2023,12,21,12,35,12,6,46,16,31,1,1,1,14,7,0,0,0,0,2,9,1,70,5,3,1,35,55,51,61,41,0,0,0,0,0,0,0,0,0,10,0,3,0,0,0,0,0,4,2,35.64859777777778,139.72463277777777,5,3,0,0,0,0
1,30,111,318,2,0,1,30000,0,103,2023,12,22,14,55,12,6,47,16,32,1,1,1,14,7,0,0,0,0,2,9,1,70,5,2,1,35,1,3,61,31,0,1,0,1,0,11,0,2,0,10,0,3,0,2,0,2,0,4,2,35.66524694444444,139.72872666666666,6,3,9999,0,1,0
1,30,111,319,2,0,1,20120,0,103,2023,12,22,21,37,22,6,47,16,32,1,1,1,1,1,9,22,0,0,17,9,30,70,1,2,1,25,35,14,61,1,0,11,0,1,0,11,0,4,0,10,0,3,0,2,0,2,0,4,2,35.66443694444445,139.7204738888889,6,3,9999,0,9,0
1,30,112,271,2,0,1,30000,0,103,2023,12,9,12,56,12,6,38,16,28,1,1,1,14,7,0,0,0,0,2,8,1,70,5,2,1,1,45,3,61,1,0,1,0,1,0,11,0,5,0,88,0,4,0,2,0,2,0,4,2,35.67663583333333,139.73676805555553,7,3,9999,0,1,0
1,30,112,274,2,0,1,30000,0,103,2023,12,13,14,56,12,6,41,16,28,1,1,1,14,7,0,0,0,0,3,8,1,70,1,2,1,65,35,3,61,1,0,1,0,1,0,11,0,1,0,10,0,3,0,2,0,2,0,4,2,35.67661888888889,139.7362461111111,4,3,9999,0,9,0
1,30,112,277,2,0,1,30000,0,103,2023,12,14,1,14,22,6,42,16,29,1,1,1,7,7,0,0,0,0,3,8,1,70,4,1,1,65,45,34,61,31,0,0,0,0,0,11,0,2,0,0,0,4,0,0,0,0,0,4,2,35.67746583333333,139.73227194444445,5,3,9999,0,9,0
1,30,112,278,2,0,1,30000,0,103,2023,12,18,8,25,12,6,45,16,30,1,1,1,1,7,9,22,0,0,15,9,30,70,5,2,1,35,35,3,61,31,0,1,0,1,0,11,0,2,0,80,0,3,0,2,0,2,0,4,2,35.67084861111111,139.7374875,2,3,9999,0,1,0
1,30,112,283,2,0,1,30000,0,103,2023,12,21,17,27,21,6,46,16,31,1,1,1,1,7,1,21,0,0,17,9,30,70,5,2,1,45,35,3,61,1,0,1,0,1,0,11,0,2,0,10,0,3,0,2,0,2,0,4,2,35.6666575,139.71720444444443,5,3,9999,0,5,0
1,30,112,287,2,0,1,30000,0,103,2023,12,15,10,34,12,6,43,16,29,2,1,1,1,7,9,22,0,0,11,9,30,70,5,2,1,35,1,13,61,31,0,11,0,1,0,11,0,5,0,40,0,3,0,2,0,2,0,4,2,35.670651111111106,139.7413058333333,6,3,9999,0,5,0
1,30,112,288,2,0,1,30000,0,103,2023,12,19,15,35,13,6,45,16,30,1,1,1,14,7,0,0,0,0,4,9,1,70,4,1,1,45,35,3,61,1,0,1,0,1,0,11,0,4,0,40,0,3,0,2,0,2,0,4,2,35.65749861111111,139.71470333333332,3,3,9999,0,1,0
1,30,112,292,2,0,1,30000,0,103,2023,12,8,9,14,12,6,37,16,28,1,1,1,14,7,0,0,0,0,2,9,1,70,5,1,1,35,25,51,61,41,0,0,0,0,0,0,0,0,0,10,0,4,0,0,0,0,0,4,2,35.67762666666666,139.73636,6,3,0,0,0,0
1,30,113,282,1,1,0,85010,0,111,2023,12,22,17,20,21,6,47,16,32,1,1,1,14,7,0,0,0,0,6,9,1,70,1,2,1,35,75,4,61,31,0,1,0,1,0,11,0,5,0,10,0,3,0,2,0,2,0,4,1,35.58619916666667,139.7685788888889,6,3,9999,0,1,0
1,30,215,167,2,0,1,30000,0,109,2023,12,16,12,15,12,6,43,16,29,1,1,1,14,7,0,0,0,0,2,9,1,70,5,3,1,1,45,51,61,41,0,0,0,0,0,0,0,0,0,30,0,3,0,0,0,0,0,4,2,35.611093611111116,139.7441686111111,7,3,0,0,0,0
1,30,215,171,2,0,1,30000,0,109,2023,12,22,11,50,12,6,47,16,32,1,1,1,14,7,0,0,0,0,2,9,1,70,5,4,1,35,65,51,61,41,0,0,0,0,0,0,0,0,0,40,0,3,0,0,0,0,0,4,2,35.60962583333333,139.74299083333332,6,3,0,0,0,0
1,30,215,174,2,0,1,30000,0,109,2023,12,27,17,0,21,6,49,16,35,1,1,1,14,1,0,0,0,0,4,9,1,70,5,2,1,55,65,3,61,31,0,1,0,1,0,11,0,3,0,10,0,3,0,2,0,2,0,4,2,35.61138388888889,139.75008527777777,4,3,9999,0,9,0
1,30,215,175,2,0,1,30000,0,109,2023,12,28,7,50,12,6,49,16,35,1,1,1,14,7,0,0,0,0,3,9,1,1,5,3,1,45,45,13,61,31,0,11,0,1,0,11,0,2,0,10,0,3,0,2,0,2,0,4,2,35.61146361111111,139.74017305555554,5,3,9999,0,1,0
1,30,216,253,2,0,1,30000,0,109,2023,12,1,10,50,12,6,31,16,28,1,1,1,14,7,0,0,0,0,4,9,1,70,4,2,1,1,75,59,61,0,0,0,0,0,0,0,0,0,0,10,0,3,0,0,0,0,0,4,2,35.60779194444444,139.73198694444446,6,3,0,0,0,0