資料区分,都道府県コード,警察署等コード,本票番号,事故内容,死者数,負傷者数,路線コード,地点コード,市区町村コード,発生日時　　年,発生日時　　月,発生日時　　日,発生日時　　時,発生日時　　分,昼夜,日の出時刻　　時,日の出時刻　　分,日の入り時刻　　時,日の入り時刻　　分,天候,地形,路面状態,道路形状,信号機,一時停止規制　標識（当事者A）,一時停止規制　表示（当事者A）,一時停止規制　標識（当事者B）,一時停止規制　表示（当事者B）,車道幅員,道路線形,衝突地点,ゾーン規制,中央分離帯施設等,歩車道区分,事故類型,年齢（当事者A）,年齢（当事者B）,当事者種別（当事者A）,当事者種別（当事者B）,用途別（当事者A）,用途別（当事者B）,車両形状等（当事者A）,車両形状等（当事者B）,オートマチック車（当事者A）,オートマチック車（当事者B）,サポカー（当事者A）,サポカー（当事者B）,速度規制（指定のみ）（当事者A）,速度規制（指定のみ）（当事者B）,車両の衝突部位（当事者A）,車両の衝突部位（当事者B）,車両の損壊程度（当事者A）,車両の損壊程度（当事者B）,エアバッグの装備（当事者A）,エアバッグの装備（当事者B）,サイドエアバッグの装備（当事者A）,サイドエアバッグの装備（当事者B）,人身損傷程度（当事者A）,人身損傷程度（当事者B）,lat,lon,曜日(発生年月日),祝日(発生年月日),認知機能検査経過日数（当事者A）,認知機能検査経過日数（当事者B）,運転練習の方法（当事者A）,運転練習の方法（当事者B）
1,30,216,257,2,0,1,30000,0,109,2023,12,3,13,35,12,6,33,16,28,1,1,1,14,7,0,0,0,0,1,9,1,70,1,1,1,75,75,3,61,31,0,1,0,1,0,11,0,2,0,10,0,3,0,2,0,2,0,4,2,35.601016666666666,139.7509225,1,3,696,0,9,0
1,30,216,260,2,0,1,30910,0,109,2023,12,5,18,5,22,6,35,16,28,2,1,1,1,1,9,22,0,0,18,9,30,70,1,2,1,35,1,3,61,31,0,1,0,1,0,11,0,4,0,10,0,3,0,2,0,2,0,4,2,35.595550555555555,139.7509513888889,3,3,9999,0,1,0
1,30,216,262,2,0,1,30000,0,109,2023,12,6,15,37,13,6,36,16,28,1,1,1,14,7,0,0,0,0,3,9,1,70,4,3,1,25,35,3,61,31,0,1,0,1,0,11,0,2,0,40,0,3,0,2,0,2,0,4,2,35.59121416666667,139.73570916666665,4,3,9999,0,1,0
1,30,216,270,2,0,1,20180,0,109,2023,12,18,11,35,12,6,45,16,30,1,1,1,14,7,0,0,0,0,5,9,1,70,4,2,1,75,75,3,61,1,0,1,0,1,0,11,0,3,0,40,0,4,0,2,0,2,0,4,2,35.60663888888889,139.73884277777776,2,3,161,0,9,0
1,30,216,272,2,0,1,30000,0,109,2023,12,18,0,10,22,6,45,16,30,1,1,1,14,7,0,0,0,0,3,9,1,70,5,3,1,45,35,12,61,31,0,11,0,1,0,11,0,3,0,10,0,4,0,2,0,2,0,4,2,35.60740722222222,139.73597666666666,2,3,9999,0,1,0
1,30,217,221,2,0,2,30000,0,109,2023,12,15,7,28,11,6,43,16,29,2,1,2,14,7,0,0,0,0,3,9,1,70,4,2,1,55,45,35,61,31,0,0,0,0,0,11,0,3,0,10,0,3,0,0,0,0,0,2,2,35.61730194444444,139.72985944444446,6,3,9999,0,4,0
1,30,217,223,2,0,1,10150,0,109,2023,4,3,17,55,13,5,26,18,4,1,1,1,7,1,0,0,0,0,4,6,1,70,4,2,1,55,45,35,61,31,0,0,0,0,0,11,0,3,0,20,0,3,0,0,0,0,0,4,2,35.62569194444445,139.7241402777778,2,3,9999,0,9,0
1,30,218,237,2,0,1,30000,0,109,2023,12,4,15,45,13,6,34,16,28,1,1,1,7,7,0,0,0,0,3,9,1,70,5,3,1,75,1,3,61,1,0,1,0,1,0,11,0,5,0,80,0,4,0,2,0,2,0,4,2,35.621876944444445,139.7046386111111,2,3,46,0,9,0
1,30,218,240,2,0,1,30000,0,109,2023,12,4,8,0,12,6,34,16,28,2,1,1,14,7,0,0,0,0,3,9,1,70,5,2,1,45,45,51,61,41,0,0,0,0,0,0,0,0,0,10,0,4,0,0,0,0,0,4,2,35.60890444444445,139.72317444444445,2,3,0,0,0,0
1,30,218,242,2,0,1,10,126,109,2023,10,24,17,55,22,5,55,16,55,1,1,1,14,1,0,0,0,0,4,9,1,70,4,2,1,45,75,51,61,41,0,0,0,0,0,0,0,0,0,10,0,4,0,0,0,0,0,4,2,35.60409361111111,139.7135233333333,3,3,0,0,0,0
1,30,218,243,2,0,1,10170,0,109,2023,10,23,16,28,13,5,54,16,57,1,1,1,1,1,9,22,0,0,14,9,30,70,4,1,1,75,1,13,61,31,0,11,0,1,0,11,0,2,0,10,0,4,0,2,0,2,0,4,2,35.61736722222222,139.71292888888888,2,3,528,0,9,0
1,30,218,246,2,0,1,10170,0,109,2023,12,22,15,20,12,6,47,16,32,1,1,1,1,1,9,22,0,0,19,9,30,70,1,2,1,65,1,3,61,1,0,1,0,1,0,11,0,5,0,10,0,4,0,2,0,2,0,4,2,35.61945527777778,139.71668694444443,6,3,9999,0,9,0
1,30,218,249,2,0,1,30000,0,109,2023,12,14,8,12,12,6,42,16,29,1,1,1,1,7,9,22,0,0,14,9,30,70,5,3,1,1,35,51,61,41,0,0,0,0,0,0,0,0,0,40,0,4,0,0,0,0,0,4,2,35.610998611111114,139.70965944444444,5,3,0,0,0,0
1,30,219,430,2,0,1,21140,0,111,2023,12,8,14,50,12,6,37,16,28,1,1,1,1,7,9,22,0,0,14,9,30,70,4,2,1,1,75,3,61,31,0,1,0,1,0,11,0,3,0,20,0,4,0,2,0,2,0,4,2,35.57784111111111,139.7271061111111,6,3,9999,0,4,0
1,30,219,432,2,0,1,30000,0,111,2023,11,28,15,25,12,6,29,16,29,1,1,1,14,7,0,0,0,0,2,9,1,70,5,3,1,55,55,17,61,31,0,11,0,1,0,11,0,10,0,80,0,4,0,2,0,2,0,4,2,35.579638333333335,139.72388111111113,3,3,9999,0,9,0
1,30,219,434,2,0,1,30000,0,111,2023,11,29,9,10,12,6,30,16,28,1,1,1,14,7,0,0,0,0,1,9,1,70,5,3,1,65,45,3,61,31,0,1,0,1,0,11,0,1,0,10,0,3,0,2,0,2,0,4,2,35.5796275,139.73434749999998,4,3,9999,0,9,0
1,30,219,448,2,0,1,21140,0,111,2023,12,21,8,10,12,6,46,16,31,1,1,1,1,6,9,22,0,0,11,9,30,70,5,2,1,65,1,17,61,1,0,11,0,1,0,11,0,10,0,40,0,3,0,2,0,2,0,4,2,35.57196583333334,139.72446527777777,5,3,9999,0,9,0
1,30,219,449,2,0,1,30000,0,111,2023,12,21,13,35,12,6,46,16,31,1,1,1,14,7,0,0,0,0,2,9,1,70,5,3,1,75,75,51,61,41,0,0,0,0,0,0,0,0,0,10,0,3,0,0,0,0,0,4,2,35.56790111111111,139.72495666666666,5,3,0,0,0,0
1,30,219,452,2,0,1,30000,0,111,2023,12,23,12,25,12,6,47,16,32,1,1,1,1,7,9,22,0,0,14,8,30,70,4,3,1,55,35,3,61,1,0,1,0,1,0,11,0,2,0,10,0,4,0,2,0,2,0,4,2,35.58660166666667,139.72616194444444,7,3,9999,0,9,0
1,30,220,243,1,1,1,30000,0,111,2023,12,23,8,20,12,6,47,16,32,1,1,1,14,7,0,0,0,0,3,9,1,70,5,3,1,75,55,4,61,31,0,1,0,1,0,11,0,2,0,10,0,1,0,1,0,1,0,2,1,35.610572222222224,139.684565,7,3,187,0,9,0
1,30,220,245,2,0,1,30000,0,111,2023,12,3,14,50,12,6,33,16,28,1,1,1,1,7,1,21,0,0,14,9,30,1,5,3,1,65,1,3,61,31,0,1,0,1,0,11,0,2,0,10,0,4,0,2,0,2,0,4,2,35.581363055555556,139.68324249999998,1,3,9999,0,9,0
1,30,220,246,2,0,1,30000,0,111,2023,12,5,19,25,22,6,35,16,28,2,1,1,14,7,0,0,0,0,2,9,1,70,5,3,1,1,55,51,61,41,0,0,0,0,0,0,0,0,0,10,0,4,0,0,0,0,0,4,2,35.5939975,139.6585511111111,3,3,0,0,0,0
1,30,220,248,2,0,1,10130,0,111,2023,12,7,16,45,21,6,37,16,28,1,1,1,1,1,0,0,0,0,19,9,30,70,1,1,1,75,0,61,0,0,0,0,0,0,0,0,0,0,0,0,0,0,0,0,0,0,0,2,0,35.60933111111111,139.6927813888889,5,3,0,0,0,0
1,30,220,249,2,0,1,30000,0,111,2023,12,8,9,55,12,6,37,16,28,1,1,1,1,7,1,21,0,0,15,9,30,70,5,3,1,65,35,14,61,31,0,11,0,1,0,11,0,2,0,81,0,3,0,2,0,2,0,4,2,35.57415916666667,139.67790638888889,6,3,9999,0,9,0
1,30,220,256,2,0,1,30000,0,111,2023,12,18,17,40,22,6,45,16,30,1,1,1,14,7,0,0,0,0,2,9,1,70,5,4,1,25,35,4,61,31,0,1,0,1,0,11,0,10,0,20,0,4,0,2,0,1,0,4,2,35.57979416666667,139.6760138888889,2,3,9999,0,5,0
1,30,220,260,2,0,1,10190,0,111,2023,12,24,0,39,22,6,48,16,33,1,1,1,14,7,0,0,0,0,1,9,1,70,4,1,1,55,75,35,61,31,0,0,0,0,0,11,0,2,0,40,0,3,0,0,0,0,0,4,2,35.57530194444445,139.6813636111111,1,3,9999,0,9,0
1,30,220,261,2,0,1,30000,0,111,2023,12,25,19,20,22,6,48,16,33,1,1,1,14,7,0,0,0,0,1,9,1,70,5,2,1,25,65,51,61,41,0,0,0,0,0,0,0,0,0,10,0,4,0,0,0,0,0,4,2,35.607528333333335,139.68699111111113,2,3,0,0,0,0
1,30,221,341,2,0,1,30000,0,111,2023,10,13,16,5,12,5,45,17,9,1,1,1,14,7,0,0,0,0,4,9,1,70,4,2,1,45,75,51,61,41,0,0,0,0,0,0,0,0,0,10,0,4,0,0,0,0,0,4,2,35.56108527777778,139.72374555555555,6,3,0,0,0,0
1,30,221,349,2,0,1,10200,0,111,2023,12,8,16,50,21,6,37,16,28,1,1,1,7,7,0,0,0,0,2,9,1,70,5,1,1,1,55,51,61,41,0,0,0,0,0,0,0,0,0,10,0,3,0,0,0,0,0,4,2,35.55183361111111,139.74606805555555,6,3,0,0,0,0
1,30,221,350,2,0,1,1310,0,111,2023,12,9,17,30,22,6,38,16,28,1,1,1,14,7,0,0,0,0,2,9,1,70,1,2,1,55,55,51,61,41,0,0,0,0,0,0,0,0,0,10,0,4,0,0,0,0,0,4,2,35.55963972222222,139.7383097222222,7,3,0,0,0,0
1,30,221,351,2,0,1,30000,0,111,2023,11,16,10,23,12,6,17,16,34,1,1,1,1,7,1,21,0,0,14,9,30,70,5,2,1,75,75,3,61,31,0,1,0,1,0,11,0,10,0,10,0,3,0,2,0,2,0,4,2,35.5536575,139.74233666666666,5,3,9999,0,9,0
1,30,221,358,2,0,1,150,153,111,2023,12,8,15,55,13,6,37,16,28,1,1,1,1,7,9,22,0,0,11,9,30,70,1,3,1,25,45,17,61,1,0,11,0,1,0,11,0,1,0,70,0,4,0,2,0,2,0,4,2,35.56174583333333,139.72509083333333,6,3,9999,0,1,0
1,30,221,362,2,0,1,30000,0,111,2023,12,22,9,35,12,6,47,16,32,1,1,1,1,1,9,22,0,0,18,3,30,1,4,3,1,55,55,14,61,31,0,11,0,1,0,11,0,2,0,80,0,4,0,2,0,2,0,4,2,35.55600722222222,139.70670666666666,6,3,9999,0,9,0
1,30,222,362,2,0,1,30000,0,111,2023,12,6,13,5,12,6,36,16,28,1,1,1,14,7,0,0,0,0,2,9,1,70,5,2,1,35,55,3,61,31,0,1,0,1,0,11,0,2,0,10,0,3,0,2,0,2,0,4,2,35.58955166666667,139.7012411111111,4,3,9999,0,1,0
1,30,222,364,2,0,1,30000,0,111,2023,12,7,7,58,12,6,37,16,28,1,1,1,14,7,0,0,0,0,2,9,1,70,5,3,1,1,0,61,0,0,0,0,0,0,0,0,0,0,0,0,0,0,0,0,0,0,0,2,0,35.57229416666667,139.71569472222222,5,3,0,0,0,0
1,30,222,366,2,0,1,90000,0,111,2023,12,2,7,34,12,6,32,16,28,1,1,1,0,7,0,0,0,0,0,0,20,70,0,4,1,55,25,3,61,31,0,1,0,1,0,11,0,10,0,30,0,4,0,2,0,2,0,4,2,35.56256861111111,139.70096694444445,7,3,9999,0,9,0
1,30,222,377,2,0,1,30000,0,111,2023,12,8,20,10,22,6,37,16,28,1,1,1,1,1,9,22,0,0,11,9,30,70,5,3,1,65,25,3,61,1,0,1,0,1,0,11,0,5,0,50,0,4,0,2,0,2,0,4,2,35.56017138888889,139.69884611111112,6,3,9999,0,9,0
1,30,222,385,2,0,1,30000,0,111,2023,12,21,19,25,22,6,46,16,31,1,1,1,1,7,9,22,0,0,11,9,30,70,5,4,1,35,55,3,61,31,0,1,0,1,0,11,0,2,0,10,0,3,0,2,0,2,0,4,2,35.556577777777775,139.69998166666667,5,3,9999,0,1,0
1,30,222,386,2,0,1,30000,0,111,2023,12,21,17,35,22,6,46,16,31,1,1,1,14,7,0,0,0,0,2,9,1,70,5,2,1,75,55,3,61,31,0,1,0,1,0,11,0,2,0,10,0,1,0,2,0,2,0,4,2,35.56276277777778,139.68520055555555,5,3,178,0,9,0
1,30,222,388,2,0,1,30000,0,111,2023,12,22,22,30,22,6,47,16,32,1,1,1,14,7,0,0,0,0,2,9,1,70,5,2,1,1,65,36,61,31,0,0,0,0,0,11,0,2,0,10,0,3,0,0,0,0,0,4,2,35.56936055555556,139.68590166666667,6,3,9999,0,1,0
1,30,222,397,2,0,1,20180,0,111,2023,12,19,11,17,12,6,45,16,30,1,1,1,1,1,9,22,0,0,17,9,30,70,5,2,1,75,55,3,61,31,0,1,0,1,0,11,0,3,0,10,0,3,0,2,0,2,0,4,2,35.57286194444445,139.70358416666664,3,3,893,0,9,0
1,30,222,403,2,0,1,30000,0,111,2023,12,7,11,55,12,6,37,16,28,1,1,1,14,7,0,0,0,0,2,9,1,70,4,3,1,35,35,3,61,31,0,1,0,1,0,1,0,10,0,40,0,3,0,2,0,2,0,4,2,35.558555,139.69712694444445,5,3,9999,0,1,0
1,30,325,250,2,0,1,2460,74,112,2023,11,4,18,10,22,6,5,16,44,1,1,1,1,1,9,22,0,0,15,9,30,70,1,2,1,75,45,14,61,31,0,11,0,1,0,11,0,5,0,50,0,3,0,1,0,1,0,4,2,35.64709916666666,139.67789,7,3,373,0,9,0
1,30,325,255,2,0,1,30210,0,112,2023,12,7,8,15,12,6,37,16,28,1,1,1,1,1,9,22,0,0,11,9,30,70,5,2,1,55,1,13,61,31,0,11,0,1,0,11,0,3,0,80,0,3,0,2,0,2,0,4,2,35.632623611111114,139.67159777777778,5,3,9999,0,9,0
1,30,325,260,2,0,1,2460,84,112,2023,12,10,3,20,22,6,39,16,28,1,1,1,1,1,9,22,0,0,11,9,30,70,1,1,1,1,25,34,61,31,0,0,0,0,0,11,0,5,0,20,0,2,0,0,0,0,0,4,2,35.64162777777778,139.6695738888889,1,3,9999,0,5,0
1,30,325,261,2,0,1,10210,0,112,2023,11,24,18,30,22,6,25,16,30,1,1,1,1,1,9,22,0,0,15,9,30,70,4,2,1,25,75,51,61,41,0,0,0,0,0,0,0,0,0,10,0,3,0,0,0,0,0,4,2,35.643432777777775,139.66985277777778,6,3,0,0,0,0
1,30,325,263,2,0,1,30000,0,112,2023,12,11,16,45,21,6,40,16,28,2,1,1,14,7,0,0,0,0,3,9,1,70,4,2,1,65,1,4,61,31,0,1,0,1,0,11,0,3,0,14,0,3,0,2,0,2,0,4,2,35.643748611111114,139.6503627777778,2,3,9999,0,9,0
1,30,325,270,2,0,1,2460,73,112,2023,11,13,22,45,22,6,14,16,36,1,1,1,1,1,9,22,0,0,19,9,30,70,1,1,1,35,75,51,61,41,0,0,0,0,0,0,0,0,0,40,0,3,0,0,0,0,0,4,2,35.647194722222224,139.67820666666665,2,3,0,0,0,0
1,30,325,275,2,0,1,30000,0,112,2023,12,12,14,15,12,6,41,16,28,1,1,1,14,7,0,0,0,0,2,9,1,70,5,3,1,65,55,3,61,1,0,1,0,1,0,11,0,2,0,44,0,4,0,2,0,2,0,4,2,35.64575361111111,139.66966916666667,3,3,9999,0,9,0
1,30,325,283,2,0,1,10210,0,112,2023,12,24,21,50,22,6,48,16,33,1,1,1,14,7,0,0,0,0,5,9,1,70,4,2,1,35,25,3,61,1,0,1,0,1,0,11,0,4,0,20,0,4,0,2,0,2,0,4,2,35.64356,139.67023944444443,1,3,9999,0,1,0
1,30,325,286,2,0,1,30000,0,112,2023,12,2,11,23,12,6,32,16,28,1,1,1,14,7,0,0,0,0,2,9,1,70,5,3,1,1,45,51,61,41,0,0,0,0,0,0,0,0,0,10,0,3,0,0,0,0,0,4,2,35.63950666666667,139.66566194444445,7,3,0,0,0,0
1,30,325,297,2,0,1,30000,0,112,2023,12,30,0,20,22,6,50,16,37,1,1,1,1,7,1,21,0,0,15,9,30,1,5,3,1,65,25,3,61,1,0,1,0,1,0,11,0,2,0,10,0,3,0,2,0,2,0,4,2,35.63365861111111,139.6748147222222,7,3,9999,0,9,0
1,30,326,373,2,0,1,30000,0,112,2023,12,6,10,20,12,6,36,16,28,1,1,1,1,7,9,22,0,0,11,9,30,70,5,4,1,55,75,3,61,1,0,1,0,1,0,11,0,10,0,10,0,4,0,2,0,2,0,4,2,35.670988055555554,139.65727666666666,4,3,9999,0,9,0
1,30,326,376,2,0,1,30000,0,112,2023,12,5,13,48,12,6,35,16,28,2,1,1,14,7,0,0,0,0,2,9,1,70,5,3,1,45,25,4,61,31,0,1,0,1,0,11,0,2,0,20,0,3,0,2,0,2,0,4,2,35.663193888888884,139.665605,3,3,9999,0,1,0
1,30,326,390,2,0,1,31010,0,112,2023,12,21,18,5,22,6,46,16,31,1,1,1,1,1,9,22,0,0,15,9,30,70,4,1,1,65,45,51,61,41,0,0,0,0,0,0,0,0,0,10,0,4,0,0,0,0,0,4,2,35.65689583333333,139.64743833333333,5,3,0,0,0,0
1,30,326,391,2,0,1,30000,0,112,2023,12,22,10,55,12,6,47,16,32,1,1,1,1,7,9,22,0,0,14,9,30,70,4,2,1,45,75,51,61,41,0,0,0,0,0,0,0,0,0,10,0,3,0,0,0,0,0,4,2,35.65978666666666,139.6420036111111,6,3,0,0,0,0
1,30,326,393,2,0,1,30000,0,112,2023,12,22,18,30,22,6,47,16,32,1,1,1,14,7,0,0,0,0,2,9,1,70,5,4,1,55,1,3,61,1,0,1,0,1,0,11,0,2,0,30,0,4,0,2,0,2,0,4,2,35.65598555555555,139.66720055555555,6,3,9999,0,9,0
1,30,327,497,2,0,1,30000,0,112,2023,9,26,13,25,12,5,31,17,33,1,1,1,14,7,0,0,0,0,3,9,1,70,4,2,1,75,45,52,61,41,0,0,0,0,0,0,0,0,0,10,0,3,0,0,0,0,0,2,4,35.63151027777778,139.64944027777776,3,3,0,0,0,0
1,30,327,507,2,0,1,30000,0,112,2023,12,13,13,45,12,6,41,16,28,1,1,1,1,7,9,22,0,0,14,9,30,70,5,3,1,45,75,17,61,1,0,11,0,2,0,11,0,2,0,0,0,4,0,2,0,2,0,4,2,35.6163825,139.6338725,4,3,9999,0,9,0
1,30,327,508,2,0,1,30000,0,112,2023,12,15,17,25,21,6,43,16,29,1,1,1,1,7,9,22,0,0,15,9,30,70,5,2,1,45,55,3,61,31,0,1,0,1,0,11,0,1,0,50,0,3,0,2,0,2,0,4,2,35.61918444444444,139.63040944444444,6,3,9999,0,3,0
1,30,327,510,2,0,1,2460,0,112,2023,11,13,19,50,22,6,14,16,36,1,1,1,14,7,0,0,0,0,5,9,1,70,1,1,1,35,1,51,61,41,0,0,0,0,0,0,0,0,0,10,0,4,0,0,0,0,0,4,2,35.61235611111111,139.62687027777778,2,3,0,0,0,0
1,30,327,512,2,0,1,99000,0,112,2023,12,17,14,30,12,6,44,16,30,1,1,1,0,7,0,0,0,0,0,0,20,70,0,4,1,45,1,3,61,31,0,1,0,1,0,11,0,10,0,10,0,3,0,2,0,2,0,4,2,35.62271638888889,139.66176722222224,1,3,9999,0,1,0
1,30,327,528,2,0,1,30000,0,112,2023,11,21,16,25,13,6,22,16,31,1,1,1,1,7,9,22,0,0,14,9,30,70,4,3,1,65,1,4,61,31,0,1,0,1,0,11,0,3,0,10,0,4,0,2,0,2,0,4,2,35.613955833333335,139.65870944444444,3,3,9999,0,1,0
1,30,327,530,2,0,1,30000,0,112,2023,11,29,8,50,12,6,30,16,28,1,1,1,1,7,0,0,0,0,15,9,30,70,5,3,1,55,0,61,0,0,0,0,0,0,0,0,0,0,0,0,0,0,0,0,0,0,0,2,0,35.60599166666667,139.66497388888888,4,3,0,0,0,0
1,30,328,488,1,1,0,30000,0,112,2023,12,19,13,54,12,6,45,16,30,1,1,1,14,7,0,0,0,0,2,9,1,70,5,1,1,35,1,17,61,1,0,11,0,2,0,11,0,2,0,10,0,3,0,2,0,2,0,4,1,35.67887222222222,139.60384555555555,3,3,9999,0,1,0
1,30,328,492,2,0,1,10200,0,112,2023,11,24,19,52,22,6,25,16,30,1,1,1,1,1,9,22,0,0,18,9,30,70,4,2,1,55,55,3,61,31,0,1,0,1,0,11,0,5,0,10,0,3,0,2,0,2,0,4,2,35.655635833333335,139.6154263888889,6,3,9999,0,9,0
1,30,328,493,2,0,1,200,175,112,2023,11,24,20,30,22,6,25,16,30,1,1,1,1,1,9,22,0,0,15,9,30,70,4,2,1,25,25,3,61,31,0,1,0,1,0,11,0,4,0,20,0,4,0,2,0,2,0,4,2,35.67290361111111,139.60873305555555,6,3,9999,0,1,0
1,30,328,497,2,0,1,30000,0,112,2023,12,2,12,10,12,6,32,16,28,1,1,1,14,7,0,0,0,0,2,9,20,70,5,1,1,65,75,51,61,41,0,0,0,0,0,0,0,0,0,10,0,3,0,0,0,0,0,4,2,35.633068333333334,139.60432666666665,7,3,0,0,0,0
1,30,328,502,2,0,1,30000,0,112,2023,12,3,19,35,22,6,33,16,28,1,1,1,1,7,9,22,0,0,11,9,30,70,5,4,1,55,45,3,61,31,0,1,0,1,0,11,0,2,0,50,0,3,0,2,0,2,0,4,2,35.66285722222222,139.59658555555558,1,3,9999,0,4,0
1,30,328,503,2,0,1,30000,0,112,2023,12,4,7,40,12,6,34,16,28,1,1,1,1,7,9,22,0,0,11,9,30,70,5,4,1,1,35,36,61,31,0,0,0,0,0,11,0,2,0,10,0,3,0,0,0,0,0,4,2,35.618456111111115,139.60369083333333,2,3,9999,0,1,0
1,30,328,504,2,0,1,30000,0,112,2023,11,23,17,45,22,6,24,16,30,1,1,1,1,7,9,22,0,0,14,9,30,70,5,2,1,55,1,3,61,31,0,1,0,1,0,11,0,2,0,50,0,4,0,2,0,2,0,4,2,35.66840916666666,139.6248138888889,5,1,9999,0,9,0
1,30,328,511,2,0,1,30000,0,112,2023,12,9,18,58,22,6,38,16,28,1,1,1,14,7,0,0,0,0,2,9,1,70,5,2,1,55,45,3,61,31,0,1,0,1,0,11,0,2,0,20,0,3,0,2,0,2,0,4,2,35.6740875,139.6011611111111,7,3,9999,0,9,0
1,30,328,518,2,0,1,30000,0,112,2023,12,13,18,30,22,6,41,16,28,1,1,1,14,7,0,0,0,0,2,9,20,70,5,4,1,75,55,51,61,41,0,0,0,0,0,0,0,0,0,10,0,3,0,0,0,0,0,2,4,35.63921388888889,139.60251305555556,4,3,0,0,0,0
1,30,328,520,2,0,1,10190,0,112,2023,12,12,17,40,22,6,41,16,28,2,1,1,14,7,0,0,0,0,3,9,1,70,4,1,1,1,35,51,61,41,0,0,0,0,0,0,0,0,0,0,0,4,0,0,0,0,0,4,2,35.61859444444445,139.6179111111111,3,3,0,0,0,0
1,30,328,523,2,0,1,30000,0,112,2023,12,16,13,0,12,6,43,16,29,1,1,1,14,7,0,0,0,0,1,9,1,70,5,4,1,1,75,51,61,41,0,0,0,0,0,0,0,0,0,10,0,3,0,0,0,0,0,4,2,35.65229138888889,139.62369777777778,7,3,0,0,0,0
1,30,328,524,2,0,1,30000,0,112,2023,12,18,17,5,21,6,45,16,30,1,1,1,14,7,0,0,0,0,3,9,1,70,5,3,1,45,75,36,61,31,0,0,0,0,0,11,0,10,0,10,0,3,0,0,0,0,0,4,2,35.64084666666667,139.60356222222222,2,3,9999,0,1,0
1,30,328,527,2,0,1,30000,0,112,2023,12,19,12,40,12,6,45,16,30,1,1,1,14,7,0,0,0,0,2,9,1,70,5,3,1,45,55,51,61,41,0,0,0,0,0,0,0,0,0,40,0,4,0,0,0,0,0,4,2,35.65050972222222,139.60845277777779,3,3,0,0,0,0
1,30,328,528,2,0,1,30000,0,112,2023,12,19,16,15,13,6,45,16,30,1,1,1,14,7,0,0,0,0,3,9,1,70,4,3,1,35,35,36,61,31,0,0,0,0,0,11,0,2,0,10,0,3,0,0,0,0,0,4,2,35.66701083333333,139.60196583333334,3,3,9999,0,5,0
1,30,328,537,2,0,1,99000,0,112,2023,12,29,9,50,12,6,50,16,36,1,1,1,0,7,0,0,0,0,0,0,20,70,0,4,1,55,75,4,61,31,0,1,0,1,0,11,0,10,0,30,0,4,0,2,0,2,0,4,2,35.63287916666667,139.59956111111111,6,3,9999,0,9,0
1,30,328,538,2,0,1,30000,0,112,2023,12,24,9,15,12,6,48,16,33,1,1,1,14,7,0,0,0,0,2,9,1,70,5,3,1,75,35,3,61,31,0,1,0,1,0,11,0,2,0,80,0,4,0,2,0,2,0,4,2,35.620532777777775,139.60857583333333,1,3,9999,0,9,0
1,30,328,540,2,0,1,30000,0,112,2023,12,6,18,10,22,6,36,16,28,1,1,1,1,7,9,22,0,0,14,9,30,1,4,2,1,1,25,51,61,41,0,0,0,0,0,0,0,0,0,10,0,4,0,0,0,0,0,4,2,35.6413125,139.60331638888889,4,3,0,0,0,0
1,30,329,288,2,0,1,30000,0,110,2023,11,14,11,0,12,6,15,16,35,1,1,1,14,7,0,0,0,0,1,9,1,70,5,4,1,25,75,13,61,31,0,11,0,2,0,11,0,5,0,30,0,4,0,2,0,2,0,4,2,35.651293333333335,139.69031611111112,3,3,0,0,0,0
1,30,329,289,2,0,1,20240,0,110,2023,11,16,1,45,22,6,17,16,34,1,1,1,14,1,0,0,0,0,3,9,1,70,5,2,1,25,55,35,61,31,0,0,0,0,0,11,0,4,0,10,0,3,0,0,0,0,0,4,2,35.634794166666666,139.6915113888889,5,3,9999,0,1,0
1,30,329,290,2,0,1,30000,0,110,2023,12,1,12,32,12,6,31,16,28,2,1,1,14,7,0,0,0,0,3,9,1,70,5,3,1,35,65,51,61,41,0,0,0,0,0,0,0,0,0,10,0,3,0,0,0,0,0,4,2,35.641664166666665,139.69071277777778,6,3,0,0,0,0
1,30,329,291,2,0,1,10080,0,110,2023,12,4,7,20,11,6,34,16,28,1,1,1,14,7,0,0,0,0,1,9,1,70,5,2,1,1,65,51,61,41,0,0,0,0,0,0,0,0,0,10,0,3,0,0,0,0,0,4,2,35.62888638888889,139.6966072222222,2,3,0,0,0,0
1,30,329,295,2,0,1,99000,0,110,2023,12,8,13,38,12,6,37,16,28,1,1,1,0,7,0,0,0,0,0,0,20,70,0,4,1,65,55,3,61,1,0,1,0,1,0,11,0,10,0,30,0,4,0,2,0,2,0,4,2,35.63563,139.70958666666667,6,3,9999,0,9,0
1,30,329,303,2,0,1,90000,0,110,2023,12,21,9,10,12,6,46,16,31,1,1,1,0,7,0,0,0,0,0,0,20,70,0,4,1,45,75,14,61,1,0,11,0,1,0,11,0,10,0,30,0,3,0,2,0,2,0,4,2,35.62984388888889,139.71178583333332,5,3,9999,0,9,0
1,30,329,309,2,0,1,30000,0,110,2023,11,5,14,0,12,6,6,16,43,1,1,1,1,7,9,22,0,0,11,7,30,70,5,3,1,35,75,59,61,0,0,0,0,0,0,0,0,0,0,80,0,3,0,0,0,0,0,4,2,35.64549861111111,139.69936444444446,1,3,0,0,0,0