資料区分,都道府県コード,警察署等コード,本票番号,事故内容,死者数,負傷者数,路線コード,地点コード,市区町村コード,発生日時　　年,発生日時　　月,発生日時　　日,発生日時　　時,発生日時　　分,昼夜,日の出時刻　　時,日の出時刻　　分,日の入り時刻　　時,日の入り時刻　　分,天候,地形,路面状態,道路形状,信号機,一時停止規制　標識（当事者A）,一時停止規制　表示（当事者A）,一時停止規制　標識（当事者B）,一時停止規制　表示（当事者B）,車道幅員,道路線形,衝突地点,ゾーン規制,中央分離帯施設等,歩車道区分,事故類型,年齢（当事者A）,年齢（当事者B）,当事者種別（当事者A）,当事者種別（当事者B）,用途別（当事者A）,用途別（当事者B）,車両形状等（当事者A）,車両形状等（当事者B）,オートマチック車（当事者A）,オートマチック車（当事者B）,サポカー（当事者A）,サポカー（当事者B）,速度規制（指定のみ）（当事者A）,速度規制（指定のみ）（当事者B）,車両の衝突部位（当事者A）,車両の衝突部位（当事者B）,車両の損壊程度（当事者A）,車両の損壊程度（当事者B）,エアバッグの装備（当事者A）,エアバッグの装備（当事者B）,サイドエアバッグの装備（当事者A）,サイドエアバッグの装備（当事者B）,人身損傷程度（当事者A）,人身損傷程度（当事者B）,lat,lon,曜日(発生年月日),祝日(発生年月日),認知機能検査経過日数（当事者A）,認知機能検査経過日数（当事者B）,運転練習の方法（当事者A）,運転練習の方法（当事者B）
1,30,330,340,2,0,1,20240,0,110,2023,12,1,1,51,22,6,31,16,28,1,1,1,1,1,9,22,0,0,19,9,30,70,4,1,1,55,35,3,61,1,0,1,0,1,0,11,0,3,0,10,0,3,0,2,0,2,0,4,2,35.627429166666666,139.67628833333333,6,3,9999,0,9,0
1,30,330,341,2,0,1,30000,0,110,2023,12,1,13,20,12,6,31,16,28,1,1,1,1,7,9,22,0,0,11,9,30,70,4,3,1,45,75,51,61,41,0,0,0,0,0,0,0,0,0,10,0,4,0,0,0,0,0,4,2,35.60585388888889,139.68014777777776,6,3,0,0,0,0
1,30,330,344,2,0,1,30000,0,110,2023,12,4,7,58,12,6,34,16,28,1,1,1,14,7,0,0,0,0,2,9,1,70,5,4,1,55,65,4,61,31,0,1,0,1,0,11,0,10,0,40,0,3,0,2,0,2,0,4,2,35.60781888888889,139.6723113888889,2,3,9999,0,9,0
1,30,330,347,2,0,1,20210,0,110,2023,12,8,8,43,12,6,37,16,28,1,1,1,14,7,0,0,0,0,4,9,1,70,4,3,1,65,1,3,61,31,0,1,0,1,0,11,0,2,0,40,0,3,0,2,0,2,0,4,2,35.610796111111114,139.6699325,6,3,9999,0,9,0
1,30,330,348,2,0,1,30000,0,110,2023,12,7,20,5,22,6,37,16,28,1,1,1,14,7,0,0,0,0,2,9,1,70,5,3,1,45,25,17,61,1,0,11,0,1,0,11,0,2,0,80,0,3,0,2,0,2,0,4,2,35.624920277777775,139.67067972222222,5,3,9999,0,9,0
1,30,330,352,2,0,1,30000,0,110,2023,12,13,8,45,12,6,41,16,28,1,1,1,1,7,9,22,0,0,14,9,30,70,5,3,1,75,25,3,61,31,0,1,0,1,0,11,0,10,0,40,0,4,0,2,0,2,0,4,2,35.608000833333335,139.6677475,4,3,586,0,1,0
1,30,330,362,2,0,1,30000,0,110,2023,12,22,10,40,12,6,47,16,32,1,1,1,14,7,0,0,0,0,4,9,1,70,5,4,1,65,75,4,61,31,0,1,0,1,0,11,0,10,0,30,0,2,0,2,0,2,0,4,2,35.61471138888889,139.67880194444444,6,3,9999,0,9,0
1,30,330,363,2,0,1,30000,0,110,2023,12,22,17,40,22,6,47,16,32,1,1,1,7,7,0,0,0,0,2,9,1,70,5,3,1,45,1,14,61,1,0,11,0,1,0,11,0,2,0,50,0,3,0,2,0,2,0,4,2,35.62256222222222,139.66534194444446,6,3,9999,0,9,0
1,30,330,366,2,0,1,20190,0,110,2023,12,26,16,43,21,6,49,16,34,1,1,1,1,1,9,22,0,0,11,9,30,70,4,2,1,55,1,14,61,31,0,11,0,1,0,11,0,3,0,80,0,4,0,2,0,2,0,4,2,35.62098527777778,139.70146166666666,3,3,9999,0,9,0
1,30,330,370,2,0,1,10080,0,110,2023,12,30,5,15,22,6,50,16,37,1,1,1,14,7,0,0,0,0,5,9,1,70,1,2,1,35,25,51,61,41,0,0,0,0,0,0,0,0,0,20,0,3,0,0,0,0,0,4,2,35.6218175,139.68276777777777,7,3,0,0,0,0
1,30,331,347,2,0,1,20240,0,113,2023,11,6,22,44,22,6,7,16,42,1,1,1,1,1,0,0,0,0,19,9,30,70,5,2,1,55,0,61,0,0,0,0,0,0,0,0,0,0,0,0,0,0,0,0,0,0,0,2,0,35.64700138888889,139.70869499999998,2,3,0,0,0,0
1,30,331,356,2,0,1,10650,0,113,2023,9,22,8,0,12,5,28,17,39,1,1,1,1,1,9,22,0,0,19,9,30,70,4,2,1,55,25,3,61,31,0,1,0,1,0,11,0,4,0,10,0,3,0,2,0,2,0,4,2,35.646856666666665,139.70239055555555,6,2,9999,0,9,0
1,30,331,358,2,0,1,10090,0,113,2023,12,14,17,10,21,6,42,16,29,1,1,1,7,1,0,0,0,0,5,9,1,70,5,1,1,25,75,36,61,31,0,0,0,0,0,11,0,10,0,10,0,3,0,0,0,0,0,4,2,35.652280555555556,139.70903027777777,5,3,9999,0,1,0
1,30,331,359,2,0,1,30000,0,113,2023,12,8,12,2,12,6,37,16,28,1,1,1,14,7,0,0,0,0,3,9,1,70,4,2,1,45,35,3,61,1,0,1,0,1,0,11,0,2,0,40,0,3,0,2,0,2,0,4,2,35.643076944444445,139.7121161111111,6,3,9999,0,9,0
1,30,331,371,2,0,1,30000,0,113,2023,12,8,17,3,21,6,37,16,28,1,1,1,14,7,0,0,0,0,3,9,1,70,5,2,1,1,35,51,61,41,0,0,0,0,0,0,0,0,0,10,0,4,0,0,0,0,0,4,2,35.659195555555556,139.70188888888887,6,3,0,0,0,0
1,30,331,372,2,0,1,30000,0,113,2023,11,30,9,0,12,6,30,16,28,1,1,1,14,7,0,0,0,0,2,7,1,70,5,3,1,35,1,3,61,31,0,1,0,1,0,11,0,5,0,20,0,4,0,2,0,2,0,4,2,35.65919944444444,139.7132011111111,5,3,9999,0,5,0
1,30,331,375,2,0,1,30000,0,113,2023,12,9,16,43,21,6,38,16,28,1,1,1,1,7,9,22,0,0,17,9,30,70,4,2,1,65,55,3,61,1,0,1,0,1,0,11,0,2,0,50,0,3,0,2,0,2,0,4,2,35.649764166666664,139.7043222222222,7,3,9999,0,9,0
1,30,331,376,2,0,1,20250,0,113,2023,12,27,17,30,21,6,49,16,35,1,1,1,1,1,9,22,0,0,15,9,30,70,4,2,1,55,45,3,61,1,0,1,0,1,0,11,0,3,0,10,0,3,0,2,0,2,0,4,2,35.64512111111111,139.71916944444445,4,3,9999,0,9,0
1,30,331,378,2,0,1,30000,0,113,2023,12,29,23,10,22,6,50,16,36,1,1,1,1,1,9,22,0,0,15,9,30,70,4,2,1,65,25,3,61,1,0,1,0,1,0,11,0,3,0,50,0,3,0,2,0,2,0,4,2,35.64389194444444,139.7152688888889,6,3,9999,0,4,0
1,30,332,175,2,0,1,30000,0,113,2023,11,19,12,10,12,6,20,16,32,1,1,1,14,7,0,0,0,0,3,9,1,70,4,3,1,25,75,51,61,41,0,0,0,0,0,0,0,0,0,10,0,4,0,0,0,0,0,4,2,35.683927222222216,139.7009586111111,1,3,0,0,0,0
1,30,332,176,2,0,1,20120,0,113,2023,12,2,4,44,22,6,32,16,28,1,1,1,1,1,9,22,0,0,17,2,30,70,1,2,1,45,25,13,61,31,0,11,0,1,0,11,0,4,0,10,0,2,0,2,0,2,0,4,2,35.6723,139.71254666666667,7,3,9999,0,9,0
1,30,332,181,2,0,1,10090,0,113,2023,12,7,13,50,12,6,37,16,28,1,1,1,14,7,0,0,0,0,3,9,1,70,6,1,1,25,25,33,61,31,0,0,0,0,0,11,0,4,0,10,0,3,0,0,0,0,0,4,2,35.66781666666667,139.70494333333332,5,3,9999,0,1,0
1,30,332,187,2,0,1,30000,0,113,2023,11,12,1,25,22,6,13,16,37,1,1,1,1,7,9,22,0,0,15,3,30,70,4,2,1,55,1,3,61,1,0,1,0,1,0,11,0,2,0,10,0,3,0,2,0,2,0,4,2,35.68004638888889,139.70264388888887,1,3,9999,0,9,0
1,30,332,189,2,0,1,30000,0,113,2023,12,17,17,43,22,6,44,16,30,1,1,1,14,7,0,0,0,0,2,8,1,1,5,4,1,55,45,3,61,1,0,1,0,1,0,11,0,2,0,10,0,3,0,2,0,2,0,4,2,35.679735,139.7067336111111,1,3,9999,0,9,0
1,30,332,194,2,0,1,30000,0,113,2023,12,20,12,14,12,6,46,16,31,1,1,1,14,7,0,0,0,0,4,9,1,70,4,1,1,45,0,61,0,0,0,0,0,0,0,0,0,0,0,0,0,0,0,0,0,0,0,2,0,35.68792138888889,139.69918083333334,4,3,0,0,0,0
1,30,332,195,2,0,1,20000,0,113,2023,12,23,15,20,12,6,47,16,32,1,1,1,1,1,9,22,0,0,14,9,30,70,5,1,1,25,45,3,61,31,0,1,0,1,0,11,0,2,0,10,0,3,0,2,0,2,0,4,2,35.68050361111111,139.7114675,7,3,9999,0,1,0
1,30,333,262,2,0,1,20330,0,113,2023,12,2,12,45,12,6,32,16,28,1,1,1,7,7,0,0,0,0,3,9,1,70,4,2,1,25,55,51,61,41,0,0,0,0,0,0,0,0,0,10,0,3,0,0,0,0,0,4,2,35.67440277777778,139.6615038888889,7,3,0,0,0,0
1,30,333,263,2,0,1,30000,0,113,2023,12,1,20,32,22,6,31,16,28,1,1,1,14,7,0,0,0,0,2,9,1,70,5,4,1,25,25,14,61,1,0,11,0,1,0,11,0,2,0,80,0,3,0,2,0,2,0,4,2,35.67869361111111,139.68296444444442,6,3,9999,0,5,0
1,30,333,264,2,0,1,30000,0,113,2023,12,4,14,40,12,6,34,16,28,1,1,1,14,7,0,0,0,0,2,9,1,70,5,3,1,55,1,3,61,31,0,1,0,1,0,11,0,1,0,50,0,3,0,2,0,2,0,4,2,35.67780555555555,139.6892525,2,3,9999,0,9,0
1,30,333,268,2,0,1,30000,0,113,2023,10,16,21,20,22,5,48,17,5,1,1,1,14,7,0,0,0,0,1,9,1,70,5,4,1,45,55,36,61,31,0,31,0,0,0,11,0,1,0,10,0,3,0,0,0,0,0,4,2,35.67222583333333,139.66590166666668,2,3,0,0,0,0
1,30,333,269,2,0,1,30000,0,113,2023,12,7,12,18,12,6,37,16,28,1,1,1,7,7,0,0,0,0,1,9,1,70,5,3,1,65,45,14,61,31,0,11,0,1,0,11,0,10,0,40,0,3,0,2,0,2,0,4,2,35.67581,139.6799475,5,3,9999,0,9,0
1,30,333,271,2,0,1,10230,0,113,2023,12,10,11,17,12,6,39,16,28,1,1,1,7,1,0,0,0,0,4,9,1,70,4,2,1,65,1,52,61,41,0,0,0,0,0,0,0,0,0,40,0,3,0,0,0,0,0,4,2,35.687623055555555,139.67822583333333,1,3,0,0,0,0
1,30,333,273,2,0,1,20330,0,113,2023,12,14,10,37,12,6,42,16,29,1,1,1,14,1,0,0,0,0,4,9,1,70,5,2,1,55,75,14,61,31,0,11,0,1,0,11,0,3,0,10,0,3,0,2,0,2,0,4,2,35.67902055555555,139.6743263888889,5,3,9999,0,9,0
1,30,333,283,2,0,1,30000,0,113,2023,11,7,18,30,22,6,8,16,41,1,1,1,14,7,0,0,0,0,2,9,1,70,5,3,1,75,55,3,61,31,0,1,0,1,0,11,0,10,0,40,0,3,0,2,0,2,0,4,2,35.68059694444444,139.67759388888888,3,3,358,0,9,0
1,30,333,284,2,0,1,30000,0,113,2023,12,17,22,50,22,6,44,16,30,1,1,1,14,7,0,0,0,0,1,9,1,70,5,4,1,55,25,3,61,1,0,1,0,1,0,11,0,10,0,80,0,3,0,2,0,2,0,4,2,35.68438416666666,139.67943333333332,1,3,9999,0,9,0
1,30,435,242,2,0,1,30000,0,104,2023,12,27,15,10,12,6,49,16,35,1,1,1,14,7,0,0,0,0,3,9,1,70,5,4,1,75,35,3,61,31,0,1,0,1,0,11,0,2,0,40,0,3,0,2,0,2,0,4,2,35.70125083333333,139.7400511111111,4,3,35,0,9,0
1,30,436,281,2,0,1,90000,0,104,2023,11,26,14,5,12,6,27,16,29,2,1,1,14,7,0,0,0,0,2,9,1,1,5,4,1,35,25,35,61,31,0,0,0,0,0,11,0,2,0,10,0,3,0,0,0,0,0,4,2,35.69931833333333,139.6931052777778,1,3,9999,0,1,0
1,30,436,282,2,0,1,30000,0,104,2023,12,7,17,10,21,6,37,16,28,1,1,1,14,7,0,0,0,0,2,9,1,70,5,4,1,25,55,3,61,31,0,1,0,2,0,11,0,2,0,80,0,4,0,2,0,2,0,4,2,35.69967361111111,139.70072555555555,5,3,9999,0,9,0
1,30,436,283,2,0,1,30000,0,104,2023,9,24,12,40,12,5,30,17,36,1,1,1,14,7,0,0,0,0,3,9,1,70,5,2,1,1,35,36,61,31,0,0,0,0,0,11,0,2,0,40,0,3,0,0,0,0,0,4,2,35.69528777777777,139.70858888888887,1,3,9999,0,1,0
1,30,436,285,2,0,1,10230,0,104,2023,11,21,21,50,22,6,22,16,31,1,1,1,14,7,0,0,0,0,2,9,1,70,4,2,1,55,45,3,61,1,0,1,0,1,0,11,0,3,0,0,0,4,0,2,0,2,0,4,2,35.69018694444444,139.68512833333332,3,3,9999,0,9,0
1,30,436,288,2,0,1,30000,0,104,2023,12,16,18,0,22,6,43,16,29,1,1,1,1,1,9,22,0,0,19,9,30,70,1,2,1,55,25,3,61,1,0,1,0,1,0,11,0,4,0,50,0,4,0,2,0,2,0,4,2,35.69103777777777,139.69472305555556,7,3,9999,0,1,0
1,30,436,292,2,0,1,30000,0,104,2023,12,18,19,45,22,6,45,16,30,1,1,1,14,7,0,0,0,0,2,9,1,70,5,4,1,25,25,3,61,31,0,1,0,1,0,11,0,5,0,10,0,3,0,2,0,2,0,4,2,35.69714361111111,139.70220944444443,2,3,9999,0,1,0
1,30,437,276,2,0,1,30000,0,104,2023,12,5,17,45,22,6,35,16,28,1,1,1,7,7,0,0,0,0,2,7,1,70,5,4,1,35,55,14,61,1,0,11,0,1,0,11,0,5,0,80,0,3,0,2,0,2,0,4,2,35.71291527777778,139.69996,3,3,9999,0,1,0
1,30,437,282,2,0,1,10280,0,104,2023,12,17,19,7,22,6,44,16,30,1,1,1,1,1,9,22,0,0,19,9,30,70,1,1,1,35,65,31,61,31,0,0,0,0,0,11,0,4,0,20,0,3,0,0,0,0,0,4,2,35.71221611111111,139.71745055555556,1,3,9999,0,5,0
1,30,437,284,2,0,1,30000,0,104,2023,12,17,11,35,12,6,44,16,30,1,1,1,14,7,0,0,0,0,2,9,1,70,5,4,1,45,25,52,61,41,0,0,0,0,0,0,0,0,0,40,0,3,0,0,0,0,0,4,2,35.72130305555556,139.69614583333333,1,3,0,0,0,0
1,30,438,262,2,0,1,30000,0,104,2023,12,12,9,10,12,6,41,16,28,3,1,2,14,7,0,0,0,0,3,9,1,70,5,3,1,35,45,13,61,31,0,11,0,1,0,11,0,2,0,83,0,3,0,2,0,2,0,4,2,35.691450555555555,139.7088411111111,3,3,9999,0,1,0
1,30,438,264,2,0,1,30000,0,104,2023,12,13,13,55,12,6,41,16,28,1,1,1,1,7,1,21,0,0,18,6,30,70,5,3,1,25,75,51,61,41,0,0,0,0,0,0,0,0,0,10,0,3,0,0,0,0,0,4,2,35.68906333333333,139.7203186111111,4,3,0,0,0,0
1,30,438,267,2,0,1,10120,0,104,2023,12,8,22,10,22,6,37,16,28,1,1,1,14,7,0,0,0,0,6,9,1,70,1,1,1,55,45,51,61,41,0,0,0,0,0,0,0,0,0,10,0,4,0,0,0,0,0,4,2,35.68127277777778,139.71922138888888,6,3,0,0,0,0
1,30,439,297,2,0,1,30000,0,114,2023,9,21,11,53,12,5,28,17,41,2,1,1,14,7,0,0,0,0,2,9,1,70,5,4,1,45,0,61,0,0,0,0,0,0,0,0,0,0,0,0,0,0,0,0,0,0,0,2,0,35.70412972222223,139.66569833333335,5,3,0,0,0,0
1,30,439,304,2,0,1,30000,0,114,2023,12,2,12,20,12,6,32,16,28,1,1,1,14,7,0,0,0,0,1,9,1,70,5,4,1,65,55,13,61,31,0,11,0,1,0,11,0,10,0,30,0,4,0,2,0,2,0,4,2,35.70707,139.66622138888889,7,3,9999,0,9,0
1,30,439,306,2,0,1,30000,0,114,2023,12,4,9,5,12,6,34,16,28,1,1,1,14,7,0,0,0,0,4,9,1,70,5,2,1,25,35,51,61,41,0,0,0,0,0,0,0,0,0,10,0,3,0,0,0,0,0,4,2,35.684285277777775,139.66055833333334,2,3,0,0,0,0
1,30,439,309,2,0,1,20280,0,114,2023,12,8,0,37,22,6,37,16,28,1,1,1,1,1,9,22,0,0,18,9,30,70,4,2,1,45,55,3,61,31,0,1,0,1,0,11,0,3,0,40,0,3,0,2,0,2,0,4,2,35.68353777777777,139.6693038888889,6,3,9999,0,9,0
1,30,439,311,2,0,1,30000,0,114,2023,12,8,17,58,22,6,37,16,28,1,1,1,14,7,0,0,0,0,1,8,1,70,5,3,1,25,25,3,61,31,0,1,0,1,0,11,0,2,0,10,0,3,0,2,0,2,0,4,2,35.69580388888888,139.66671194444444,6,3,9999,0,1,0
1,30,439,312,2,0,1,10240,0,114,2023,12,9,16,54,21,6,38,16,28,1,1,1,1,1,0,0,0,0,17,9,30,70,5,1,1,65,0,61,0,0,0,0,0,0,0,0,0,0,0,0,0,0,0,0,0,0,0,2,0,35.69748583333333,139.66248583333333,7,3,0,0,0,0
1,30,439,316,2,0,1,10240,0,114,2023,12,11,20,30,22,6,40,16,28,2,1,1,14,1,0,0,0,0,5,9,1,70,4,1,1,35,35,51,61,41,0,0,0,0,0,0,0,0,0,10,0,3,0,0,0,0,0,4,2,35.69717972222222,139.68065222222222,2,3,0,0,0,0
1,30,439,322,2,0,1,30000,0,114,2023,12,18,7,15,11,6,45,16,30,1,1,3,14,7,0,0,0,0,2,7,1,70,5,2,1,55,45,13,61,31,0,11,0,1,0,11,0,3,0,80,0,3,0,2,0,2,0,4,2,35.70545027777778,139.66610083333333,2,3,9999,0,1,0
1,30,440,329,2,0,1,10250,0,114,2023,12,5,14,45,12,6,35,16,28,2,1,1,1,7,1,21,0,0,14,7,30,70,5,3,1,75,25,3,61,31,0,1,0,1,0,11,0,2,0,10,0,3,0,2,0,2,0,4,2,35.72366805555556,139.6607538888889,3,3,968,0,9,0
1,30,440,338,2,0,2,30000,0,114,2023,12,22,1,46,22,6,47,16,32,1,1,1,7,1,0,0,0,0,3,9,1,70,4,3,1,45,25,34,61,31,0,0,0,0,0,11,0,5,0,10,0,3,0,0,0,0,0,2,2,35.71198166666667,139.6779961111111,6,3,9999,0,1,0
1,30,440,339,2,0,1,30000,0,114,2023,12,22,14,52,12,6,47,16,32,1,1,1,21,7,0,0,0,0,2,9,20,70,5,3,1,1,0,61,0,0,0,0,0,0,0,0,0,0,0,0,0,0,0,0,0,0,0,2,0,35.719925555555555,139.65246333333334,6,3,0,0,0,0
1,30,440,340,2,0,1,30000,0,114,2023,12,22,21,12,22,6,47,16,32,1,1,1,1,7,9,22,0,0,11,9,30,70,5,3,1,1,65,51,61,41,0,0,0,0,0,0,0,0,0,0,0,4,0,0,0,0,0,4,2,35.71922138888889,139.66343916666668,6,3,0,0,0,0
1,30,440,347,2,0,1,30000,0,114,2023,12,31,15,25,12,6,50,16,37,2,1,1,1,7,9,22,0,0,11,8,30,70,5,4,1,35,75,51,61,41,0,0,0,0,0,0,0,0,0,10,0,4,0,0,0,0,0,4,2,35.714977222222224,139.65149083333333,1,2,0,0,0,0
1,30,440,348,2,0,1,30000,0,114,2023,12,24,16,35,21,6,48,16,33,1,1,1,14,7,0,0,0,0,2,9,1,70,5,4,1,1,65,51,61,41,0,0,0,0,0,0,0,0,0,10,0,3,0,0,0,0,0,4,2,35.710796111111115,139.66595777777778,1,3,0,0,0,0
1,30,441,349,2,0,1,20500,0,115,2023,12,2,18,55,22,6,32,16,28,1,1,1,14,7,0,0,0,0,4,9,1,70,5,2,1,25,0,61,0,0,0,0,0,0,0,0,0,0,0,0,0,0,0,0,0,0,0,2,0,35.70556527777778,139.63663138888887,7,3,0,0,0,0
1,30,441,357,2,0,1,10260,0,115,2023,12,12,9,17,12,6,41,16,28,1,1,1,7,1,0,0,0,0,2,9,1,70,4,2,1,1,1,51,61,41,0,0,0,0,0,0,0,0,0,40,0,4,0,0,0,0,0,4,2,35.69009472222222,139.62158444444447,3,3,0,0,0,0
1,30,441,359,2,0,1,10240,0,115,2023,12,5,19,20,22,6,35,16,28,1,1,1,1,7,9,22,0,0,17,9,30,70,4,2,1,45,65,4,61,31,0,1,0,1,0,11,0,5,0,10,0,3,0,2,0,2,0,4,2,35.69774888888889,139.64082583333334,3,3,9999,0,5,0
1,30,441,366,2,0,1,30000,0,115,2023,12,20,11,49,12,6,46,16,31,1,1,1,1,7,1,21,0,0,11,9,30,70,5,3,1,45,55,14,61,1,0,11,0,1,0,11,0,1,0,10,0,3,0,2,0,2,0,4,2,35.706791111111116,139.64980666666665,4,3,9999,0,4,0
1,30,441,368,2,0,1,30000,0,115,2023,12,2,10,33,12,6,32,16,28,1,1,1,14,7,0,0,0,0,3,9,1,70,5,4,1,65,55,14,61,31,0,11,0,1,0,11,0,10,0,20,0,3,0,2,0,2,0,4,2,35.70554722222222,139.64890805555555,7,3,9999,0,9,0
1,30,442,348,1,2,0,20270,0,115,2023,12,26,17,7,21,6,49,16,34,1,1,1,14,7,0,0,0,0,4,9,1,70,4,1,1,45,35,3,61,31,0,1,0,1,0,11,0,3,0,30,0,3,0,2,0,2,0,4,1,35.68657444444444,139.62186944444446,3,3,9999,0,1,0
1,30,442,355,2,0,1,30000,0,115,2023,12,1,19,10,22,6,31,16,28,1,1,1,1,7,1,22,0,0,11,9,30,70,5,4,1,35,25,3,61,1,0,1,0,1,0,11,0,10,0,70,0,3,0,2,0,2,0,4,2,35.683904444444444,139.65615666666667,6,3,9999,0,5,0
1,30,442,362,2,0,1,10270,0,115,2023,11,2,2,42,22,6,3,16,46,1,1,1,14,7,0,0,0,0,2,9,1,70,4,3,1,25,25,3,61,31,0,1,0,1,0,11,0,2,0,40,0,3,0,2,0,2,0,4,2,35.68724361111111,139.61186416666666,5,2,9999,0,1,0
1,30,442,377,2,0,1,30000,0,115,2023,11,16,17,45,22,6,17,16,34,1,1,1,14,7,0,0,0,0,2,9,1,70,5,3,1,25,25,3,61,31,0,1,0,1,0,11,0,1,0,40,0,3,0,2,0,2,0,4,2,35.68178555555555,139.60640444444445,5,3,9999,0,1,0
1,30,443,235,1,1,0,30000,0,115,2023,12,2,3,25,22,6,32,16,28,1,1,1,14,7,0,0,0,0,2,9,1,1,5,3,1,45,45,12,61,31,0,11,0,2,0,11,0,2,0,50,0,3,0,2,0,2,0,4,1,35.703116944444446,139.6006436111111,7,3,9999,0,9,0
1,30,443,241,2,0,1,30000,0,115,2023,12,6,8,18,12,6,36,16,28,1,1,2,14,7,0,0,0,0,2,9,1,70,5,3,1,75,35,4,61,31,0,1,0,1,0,11,0,2,0,40,0,3,0,2,0,2,0,4,2,35.709379444444444,139.62267555555556,4,3,672,0,9,0
1,30,443,256,2,0,1,30000,0,115,2023,12,21,14,15,12,6,46,16,31,1,1,1,14,7,0,0,0,0,2,9,1,70,5,4,1,65,45,3,61,31,0,1,0,1,0,11,0,2,0,40,0,3,0,2,0,2,0,4,2,35.704772777777784,139.6176311111111,5,3,9999,0,9,0
1,30,545,116,2,0,1,2540,23,105,2023,12,8,3,43,22,6,37,16,28,1,1,1,14,7,0,0,0,0,5,9,1,70,4,1,1,65,25,12,61,1,0,11,0,1,0,11,0,4,0,50,0,3,0,2,0,2,0,4,2,35.71611805555556,139.73918833333332,6,3,9999,0,9,0
1,30,545,119,2,0,1,30000,0,105,2023,12,16,12,18,12,6,43,16,29,1,1,1,1,7,9,22,0,0,11,9,30,70,5,1,1,1,1,51,61,41,0,0,0,0,0,0,0,0,0,10,0,4,0,0,0,0,0,4,2,35.71636638888889,139.74639444444443,7,3,0,0,0,0
1,30,545,121,2,0,1,30000,0,105,2023,12,19,16,45,21,6,45,16,30,2,1,1,14,7,0,0,0,0,2,9,1,70,5,3,1,25,45,34,61,31,0,0,0,0,0,11,0,10,0,10,0,3,0,0,0,0,0,4,2,35.70922083333333,139.75120777777778,3,3,9999,0,5,0
1,30,545,122,2,0,2,20000,0,105,2023,12,19,22,35,22,6,45,16,30,1,1,1,1,1,9,22,0,0,17,9,30,70,5,1,1,1,55,31,61,31,0,0,0,0,0,11,0,3,0,10,0,2,0,0,0,0,0,4,2,35.70475527777778,139.7444861111111,3,3,9999,0,1,0
1,30,546,74,2,0,1,10010,0,105,2023,11,28,8,48,12,6,29,16,29,1,1,1,1,1,9,22,0,0,19,9,30,70,4,2,1,45,45,51,61,41,0,0,0,0,0,0,0,0,0,10,0,3,0,0,0,0,0,4,2,35.71225972222223,139.73067916666668,3,3,0,0,0,0
1,30,546,81,2,0,1,99000,0,105,2023,12,23,14,16,12,6,47,16,32,1,1,1,0,7,0,0,0,0,0,0,20,70,0,4,1,55,75,3,61,1,0,1,0,1,0,11,0,10,0,30,0,4,0,2,0,2,0,4,2,35.72094972222222,139.72652277777777,7,3,9999,0,9,0
1,30,547,138,2,0,1,20370,0,105,2023,12,8,0,33,22,6,37,16,28,1,1,1,14,7,0,0,0,0,3,9,1,70,4,2,1,25,65,51,61,41,0,0,0,0,0,0,0,0,0,10,0,3,0,0,0,0,0,4,2,35.718715,139.7642925,6,3,0,0,0,0
1,30,547,141,2,0,1,170,41,105,2023,12,14,20,20,22,6,42,16,29,1,1,1,14,7,0,0,0,0,1,9,1,70,4,1,1,35,25,52,61,41,0,0,0,0,0,0,0,0,0,10,0,3,0,0,0,0,0,4,2,35.715631111111115,139.75859027777778,5,3,0,0,0,0
1,30,547,142,2,0,1,30000,0,105,2023,12,15,16,10,13,6,43,16,29,1,1,1,14,7,0,0,0,0,2,9,1,70,5,1,1,45,1,3,61,31,0,1,0,1,0,11,0,10,0,10,0,3,0,2,0,2,0,4,2,35.70838333333334,139.75676416666667,6,3,9999,0,9,0
1,30,548,88,2,0,1,20400,0,105,2023,11,29,5,35,23,6,30,16,28,1,1,1,1,1,9,22,0,0,18,9,30,70,4,2,1,55,1,34,61,31,0,0,0,0,0,11,0,3,0,10,0,3,0,0,0,0,0,4,2,35.722972222222225,139.75426277777777,4,3,9999,0,9,0
1,30,548,100,2,0,1,30000,0,105,2023,12,16,9,0,12,6,43,16,29,1,1,1,14,7,0,0,0,0,2,9,1,70,5,2,1,35,75,51,61,41,0,0,0,0,0,0,0,0,0,10,0,4,0,0,0,0,0,4,2,35.72769,139.76042444444445,7,3,0,0,0,0
1,30,549,127,2,0,1,30000,0,116,2023,12,4,9,15,12,6,34,16,28,1,1,1,1,1,9,22,0,0,18,9,30,70,4,1,1,1,75,51,61,41,0,0,0,0,0,0,0,0,0,11,0,4,0,0,0,0,0,4,2,35.72901888888889,139.72138666666666,2,3,0,0,0,0
1,30,549,135,2,0,1,30000,0,116,2023,12,15,9,5,12,6,43,16,29,1,1,1,0,7,0,0,0,0,0,0,20,70,0,2,1,25,25,36,61,31,0,31,0,0,0,11,0,10,0,10,0,4,0,0,0,0,0,4,2,35.72929222222223,139.71758472222223,6,3,0,0,0,0
1,30,550,224,2,0,1,30000,0,116,2023,12,1,19,0,22,6,31,16,28,1,1,1,14,7,0,0,0,0,2,9,1,70,5,3,1,1,65,51,61,41,0,0,0,0,0,0,0,0,0,10,0,3,0,0,0,0,0,4,2,35.74139527777778,139.70955333333333,6,3,0,0,0,0