資料区分,都道府県コード,警察署等コード,本票番号,事故内容,死者数,負傷者数,路線コード,地点コード,市区町村コード,発生日時　　年,発生日時　　月,発生日時　　日,発生日時　　時,発生日時　　分,昼夜,日の出時刻　　時,日の出時刻　　分,日の入り時刻　　時,日の入り時刻　　分,天候,地形,路面状態,道路形状,信号機,一時停止規制　標識（当事者A）,一時停止規制　表示（当事者A）,一時停止規制　標識（当事者B）,一時停止規制　表示（当事者B）,車道幅員,道路線形,衝突地点,ゾーン規制,中央分離帯施設等,歩車道区分,事故類型,年齢（当事者A）,年齢（当事者B）,当事者種別（当事者A）,当事者種別（当事者B）,用途別（当事者A）,用途別（当事者B）,車両形状等（当事者A）,車両形状等（当事者B）,オートマチック車（当事者A）,オートマチック車（当事者B）,サポカー（当事者A）,サポカー（当事者B）,速度規制（指定のみ）（当事者A）,速度規制（指定のみ）（当事者B）,車両の衝突部位（当事者A）,車両の衝突部位（当事者B）,車両の損壊程度（当事者A）,車両の損壊程度（当事者B）,エアバッグの装備（当事者A）,エアバッグの装備（当事者B）,サイドエアバッグの装備（当事者A）,サイドエアバッグの装備（当事者B）,人身損傷程度（当事者A）,人身損傷程度（当事者B）,lat,lon,曜日(発生年月日),祝日(発生年月日),認知機能検査経過日数（当事者A）,認知機能検査経過日数（当事者B）,運転練習の方法（当事者A）,運転練習の方法（当事者B）
1,30,550,230,2,0,1,30000,0,116,2023,12,21,21,45,22,6,46,16,31,1,1,1,1,7,1,21,0,0,11,9,30,70,5,2,1,45,1,51,61,41,0,0,0,0,0,0,0,0,0,40,0,3,0,0,0,0,0,4,2,35.73170972222223,139.71118777777775,5,3,0,0,0,0
1,30,550,232,2,0,1,30000,0,116,2023,12,16,3,6,22,6,43,16,29,1,1,1,1,7,1,21,0,0,15,9,30,70,4,1,1,35,35,12,61,31,0,11,0,1,0,11,0,10,0,30,0,4,0,2,0,2,0,4,2,35.73225027777778,139.70755722222222,7,3,9999,0,1,0
1,30,550,234,2,0,1,30000,0,116,2023,12,26,11,15,12,6,49,16,34,1,1,1,1,7,9,22,0,0,11,9,30,70,5,2,1,65,45,3,61,31,0,1,0,1,0,11,0,10,0,10,0,4,0,2,0,2,0,4,2,35.730160833333336,139.71628805555554,3,3,9999,0,9,0
1,30,551,200,2,0,1,30000,0,116,2023,11,14,15,50,13,6,15,16,35,1,1,1,7,7,0,0,0,0,3,9,1,70,5,3,1,45,25,13,61,31,0,11,0,1,0,11,0,1,0,10,0,3,0,2,0,2,0,4,2,35.72931916666667,139.68427833333334,3,3,9999,0,9,0
1,30,551,202,2,0,1,10010,0,116,2023,12,20,8,40,12,6,46,16,31,1,1,1,1,1,9,22,0,0,14,9,30,70,1,1,1,1,65,51,61,41,0,0,0,0,0,0,0,0,0,10,0,4,0,0,0,0,0,4,2,35.722126111111116,139.70580333333334,4,3,0,0,0,0
1,30,551,204,2,0,1,30000,0,116,2023,12,18,12,24,12,6,45,16,30,1,1,1,14,7,0,0,0,0,2,9,1,70,5,3,1,1,1,3,61,31,0,1,0,1,0,11,0,2,0,10,0,3,0,2,0,2,0,4,2,35.723080555555555,139.70380944444443,2,3,9999,0,1,0
1,30,551,208,2,0,1,10090,0,116,2023,12,28,17,30,21,6,49,16,35,1,1,1,14,7,0,0,0,0,3,9,1,70,5,2,1,45,75,51,61,41,0,0,0,0,0,0,0,0,0,40,0,3,0,0,0,0,0,4,2,35.72335916666667,139.7119033333333,5,3,0,0,0,0
1,30,552,218,2,0,1,30000,0,117,2023,12,8,11,40,12,6,37,16,28,1,1,1,14,7,0,0,0,0,1,9,1,70,5,4,1,65,75,3,61,31,0,1,0,1,0,11,0,1,0,30,0,3,0,2,0,2,0,4,2,35.74371305555556,139.75012305555555,6,3,9999,0,9,0
1,30,552,219,2,0,1,30000,0,117,2023,12,8,0,30,22,6,37,16,28,1,1,1,14,7,0,0,0,0,1,9,1,70,5,3,1,35,35,51,61,41,0,0,0,0,0,0,0,0,0,10,0,3,0,0,0,0,0,4,2,35.7355875,139.75921222222223,6,3,0,0,0,0
1,30,552,228,2,0,1,30000,0,117,2023,12,16,8,0,12,6,43,16,29,1,1,1,1,7,1,21,0,0,15,9,30,70,5,1,1,55,65,12,61,31,0,11,0,1,0,11,0,10,0,30,0,4,0,2,0,2,0,4,2,35.74512361111111,139.72790750000001,7,3,9999,0,9,0
1,30,552,230,2,0,1,30000,0,117,2023,12,18,13,5,12,6,45,16,30,1,1,1,14,7,0,0,0,0,2,7,1,70,5,3,1,65,55,51,61,41,0,0,0,0,0,0,0,0,0,40,0,4,0,0,0,0,0,4,2,35.743881944444446,139.7226227777778,2,3,0,0,0,0
1,30,552,231,2,0,2,20400,0,117,2023,12,19,8,31,12,6,45,16,30,2,1,1,14,7,0,0,0,0,5,9,1,70,4,1,1,55,45,14,61,31,0,11,0,1,0,11,0,4,0,40,0,2,0,2,0,2,0,2,2,35.74454138888889,139.74470749999998,3,3,9999,0,9,0
1,30,552,237,2,0,1,10090,0,117,2023,12,27,0,30,22,6,49,16,35,1,1,1,1,1,9,22,0,0,17,9,30,70,4,1,1,45,45,3,61,1,0,1,0,1,0,11,0,4,0,10,0,3,0,2,0,2,0,4,2,35.74231888888889,139.7262886111111,4,3,9999,0,9,0
1,30,553,184,2,0,1,30000,0,117,2023,12,2,7,10,11,6,32,16,28,1,1,1,14,7,0,0,0,0,3,9,1,70,4,2,1,1,65,51,61,41,0,0,0,0,0,0,0,0,0,30,0,4,0,0,0,0,0,4,2,35.75369527777778,139.7527775,7,3,0,0,0,0
1,30,553,191,2,0,1,10130,0,117,2023,12,15,22,24,22,6,43,16,29,1,1,1,1,1,9,22,0,0,18,9,30,70,5,1,1,45,45,3,61,31,0,1,0,1,0,11,0,4,0,20,0,3,0,2,0,2,0,4,2,35.766595555555554,139.72378527777778,6,3,9999,0,1,0
1,30,553,194,2,0,1,30000,0,117,2023,12,18,22,26,22,6,45,16,30,1,1,1,1,3,9,22,0,0,17,9,30,70,5,1,1,45,35,3,61,31,0,1,0,1,0,11,0,10,0,10,0,3,0,2,0,2,0,4,2,35.76031694444445,139.7458022222222,2,3,9999,0,9,0
1,30,554,209,2,0,1,20000,0,117,2023,12,8,16,45,21,6,37,16,28,1,1,1,14,7,0,0,0,0,4,9,1,70,4,1,1,55,35,3,61,31,0,1,0,1,0,11,0,3,0,20,0,3,0,2,0,2,0,4,2,35.775779166666666,139.72045222222224,6,3,9999,0,1,0
1,30,554,222,2,0,1,30000,0,117,2023,12,26,19,20,22,6,49,16,34,1,1,1,1,1,9,22,0,0,15,9,30,70,4,1,1,65,55,3,61,1,0,1,0,1,0,11,0,2,0,10,0,4,0,2,0,2,0,4,2,35.76965638888889,139.70650999999998,3,3,9999,0,9,0
1,30,555,359,2,0,1,30000,0,119,2023,8,9,21,50,22,4,55,18,38,1,1,1,21,7,0,0,0,0,2,9,20,70,5,3,1,55,45,3,61,1,0,1,0,1,0,11,0,2,0,40,0,3,0,2,0,2,0,4,2,35.74885416666667,139.70223,4,3,9999,0,9,0
1,30,555,372,2,0,1,10160,0,119,2023,12,11,16,53,21,6,40,16,28,2,1,1,14,7,0,0,0,0,4,9,1,70,4,2,1,25,35,13,61,31,0,11,0,1,0,11,0,10,0,10,0,3,0,2,0,2,0,4,2,35.74870861111111,139.708565,2,3,9999,0,1,0
1,30,555,373,2,0,1,30000,0,119,2023,12,12,9,27,12,6,41,16,28,3,1,2,1,7,1,21,0,0,14,9,30,70,5,3,1,65,65,17,61,31,0,11,0,1,0,11,0,1,0,70,0,4,0,2,0,2,0,4,2,35.74635694444444,139.69055194444445,3,3,9999,0,9,0
1,30,555,375,2,0,1,30000,0,119,2023,12,9,18,50,22,6,38,16,28,1,1,1,1,7,9,21,0,0,15,9,30,70,5,1,1,65,1,3,61,31,0,1,0,1,0,11,0,10,0,20,0,4,0,2,0,2,0,4,2,35.738101944444445,139.70240833333332,7,3,9999,0,9,0
1,30,555,381,2,0,1,30000,0,119,2023,12,14,15,11,12,6,42,16,29,1,1,1,14,7,0,0,0,0,2,9,1,70,5,3,1,65,75,3,61,31,0,1,0,1,0,11,0,2,0,60,0,4,0,2,0,2,0,4,2,35.7486525,139.6998438888889,5,3,9999,0,9,0
1,30,555,389,2,0,1,10130,0,119,2023,5,19,8,38,12,4,34,18,42,1,1,1,14,7,0,0,0,0,5,9,1,70,1,1,1,35,35,22,61,0,0,0,0,0,0,11,0,10,0,40,0,3,0,0,0,0,0,4,2,35.76152861111111,139.70619027777778,6,3,9999,0,1,0
1,30,555,390,2,0,1,30000,0,119,2023,12,5,13,38,12,6,35,16,28,1,1,1,1,7,9,22,0,0,15,9,30,70,5,1,1,45,75,3,61,31,0,1,0,1,0,11,0,10,0,80,0,3,0,2,0,2,0,4,2,35.74849722222222,139.69990055555556,3,3,9999,0,1,0
1,30,555,391,2,0,1,30000,0,119,2023,12,21,15,25,12,6,46,16,31,1,1,1,14,7,0,0,0,0,3,9,1,70,5,3,1,65,1,14,61,1,0,11,0,1,0,11,0,2,0,10,0,3,0,2,0,2,0,4,2,35.75944833333333,139.6971438888889,5,3,9999,0,9,0
1,30,555,394,2,0,1,2540,95,119,2023,12,22,17,40,22,6,47,16,32,1,1,1,1,1,9,22,0,0,17,9,30,70,1,1,1,35,45,36,61,31,0,0,0,0,0,11,0,2,0,10,0,4,0,0,0,0,0,4,2,35.759880555555554,139.67886805555554,6,3,9999,0,1,0
1,30,555,399,2,0,1,30000,0,119,2023,12,26,8,18,12,6,49,16,34,1,1,1,1,1,9,22,0,0,15,9,30,70,5,1,1,45,65,36,61,31,0,0,0,0,0,11,0,2,0,20,0,3,0,0,0,0,0,2,4,35.76170277777778,139.6830125,3,3,9999,0,5,0
1,30,555,404,2,0,1,30000,0,119,2023,11,17,7,35,12,6,18,16,33,1,1,1,1,7,9,22,0,0,11,9,30,70,4,2,1,25,55,51,61,41,0,0,0,0,0,0,0,0,0,10,0,4,0,0,0,0,0,4,2,35.76128805555555,139.70193166666667,6,3,0,0,0,0
1,30,555,407,2,0,1,170,106,119,2023,12,23,11,57,12,6,47,16,32,1,1,1,14,7,0,0,0,0,5,8,1,70,1,2,1,75,45,3,61,31,0,1,0,1,0,11,0,5,0,80,0,3,0,2,0,2,0,4,2,35.75418388888889,139.7081636111111,7,3,299,0,9,0
1,30,556,268,2,0,1,30000,0,119,2023,12,4,20,50,22,6,34,16,28,1,1,1,7,1,0,0,0,0,2,9,1,70,4,2,1,45,75,51,61,41,0,0,0,0,0,0,0,0,0,10,0,4,0,0,0,0,0,4,2,35.77038888888889,139.69159277777777,2,3,0,0,0,0
1,30,556,269,2,0,1,170,130,119,2023,12,5,10,2,12,6,35,16,28,2,1,1,1,1,9,22,0,0,17,9,30,70,4,1,1,45,1,17,61,1,0,11,0,1,0,11,0,5,0,40,0,4,0,2,0,2,0,4,2,35.77319027777778,139.69841666666667,3,3,9999,0,1,0
1,30,556,272,2,0,1,30760,0,119,2023,12,12,10,0,12,6,41,16,28,2,1,2,14,7,0,0,0,0,3,9,1,70,4,2,1,55,45,4,61,31,0,1,0,1,0,11,0,2,0,10,0,3,0,2,0,2,0,4,2,35.76317944444445,139.69191722222223,3,3,9999,0,5,0
1,30,556,282,2,0,1,30760,0,119,2023,12,18,17,10,21,6,45,16,30,1,1,1,1,7,9,22,0,0,14,9,30,70,4,2,1,25,1,3,61,31,0,1,0,1,0,11,0,5,0,20,0,3,0,2,0,2,0,4,2,35.764270833333335,139.68525,2,3,9999,0,1,0
1,30,556,297,2,0,1,170,124,119,2023,12,29,22,0,22,6,50,16,36,1,1,1,7,1,0,0,0,0,3,9,1,70,4,1,1,25,55,51,61,41,0,0,0,0,0,0,0,0,0,40,0,3,0,0,0,0,0,4,2,35.768729444444446,139.70236888888888,6,3,0,0,0,0
1,30,557,306,2,0,1,30000,0,120,2023,12,11,22,17,22,6,40,16,28,2,1,1,1,1,9,22,0,0,11,9,30,70,5,1,1,65,65,13,61,31,0,11,0,1,0,11,0,2,0,10,0,3,0,2,0,2,0,4,2,35.73780888888889,139.6507138888889,2,3,9999,0,9,0
1,30,557,311,2,0,1,30000,0,120,2023,12,17,18,20,22,6,44,16,30,1,1,1,1,1,9,22,0,0,15,9,30,70,4,2,1,45,75,3,61,31,0,1,0,1,0,11,0,2,0,40,0,4,0,2,0,2,0,4,2,35.72913277777778,139.6394836111111,1,3,9999,0,1,0
1,30,558,357,2,0,1,30000,0,120,2023,12,7,14,5,12,6,37,16,28,1,1,1,1,7,9,22,0,0,11,9,30,70,5,4,1,35,1,36,61,31,0,0,0,0,0,11,0,2,0,10,0,3,0,0,0,0,0,4,2,35.7301325,139.60010138888887,5,3,9999,0,1,0
1,30,558,363,2,0,1,30000,0,120,2023,12,14,11,55,12,6,42,16,29,1,1,1,14,7,0,0,0,0,2,9,1,70,5,3,1,65,55,3,61,31,0,1,0,1,0,11,0,2,0,10,0,3,0,2,0,2,0,4,2,35.74695194444445,139.58142333333333,5,3,100,0,9,0
1,30,558,381,2,0,1,30000,0,120,2023,12,25,7,50,12,6,48,16,33,1,1,1,1,1,9,22,0,0,15,9,30,1,5,3,1,25,45,51,61,41,0,0,0,0,0,0,0,0,0,10,0,3,0,0,0,0,0,4,2,35.725974722222226,139.59043583333334,2,3,0,0,0,0
1,30,558,384,2,0,1,30000,0,120,2023,11,7,17,30,21,6,8,16,41,1,1,1,7,7,0,0,0,0,1,3,1,70,5,3,1,55,75,3,61,31,0,1,0,1,0,11,0,2,0,20,0,3,0,2,0,2,0,4,2,35.75587138888889,139.58419194444446,3,3,9999,0,9,0
1,30,558,388,2,0,1,30000,0,120,2023,12,30,9,44,12,6,50,16,37,1,1,1,1,7,1,22,0,0,14,9,30,70,5,3,1,55,45,3,61,31,0,1,0,1,0,11,0,10,0,40,0,4,0,2,0,2,0,4,2,35.76826222222222,139.59699055555558,7,3,9999,0,9,0
1,30,559,280,2,0,1,30000,0,119,2023,12,3,14,20,12,6,33,16,28,1,1,1,14,7,0,0,0,0,2,9,1,70,5,3,1,55,65,4,61,31,0,1,0,1,0,11,0,2,0,80,0,3,0,2,0,2,0,4,2,35.79036694444444,139.66256555555557,1,3,9999,0,9,0
1,30,559,292,2,0,1,30000,0,119,2023,11,30,11,33,12,6,30,16,28,1,1,1,14,7,0,0,0,0,2,9,1,70,5,4,1,45,55,3,61,1,0,1,0,1,0,11,0,2,0,10,0,4,0,2,0,2,0,4,2,35.77247555555555,139.64043694444445,5,3,9999,0,1,0
1,30,559,298,2,0,1,30000,0,119,2023,12,22,18,10,22,6,47,16,32,1,1,1,1,7,9,22,0,0,14,9,30,70,4,2,1,55,65,36,61,31,0,0,0,0,0,11,0,2,0,10,0,4,0,0,0,0,0,4,2,35.7780025,139.64720916666667,6,3,9999,0,9,0
1,30,560,279,2,0,1,20000,0,120,2023,9,1,14,25,12,5,12,18,9,1,1,1,1,7,9,22,0,0,14,9,30,70,5,3,1,1,75,51,61,41,0,0,0,0,0,0,0,0,0,10,0,4,0,0,0,0,0,4,2,35.76800583333333,139.66161222222223,6,3,0,0,0,0
1,30,560,281,2,0,1,30000,0,120,2023,12,4,7,29,11,6,34,16,28,1,1,1,1,7,9,22,0,0,11,9,30,70,4,4,1,55,75,14,61,31,0,11,0,1,0,11,0,2,0,10,0,3,0,2,0,2,0,4,2,35.745239166666664,139.6332413888889,2,3,9999,0,5,0
1,30,560,292,2,0,1,30000,0,120,2023,12,14,19,35,22,6,42,16,29,1,1,1,1,7,9,22,0,0,15,9,30,70,4,2,1,45,75,14,61,1,0,11,0,1,0,11,0,2,0,30,0,3,0,2,0,2,0,4,2,35.75971388888889,139.6471186111111,5,3,9999,0,1,0
1,30,660,184,2,0,1,20370,0,106,2023,12,2,15,55,13,6,32,16,28,1,1,1,7,8,0,0,0,0,5,9,1,70,4,1,1,65,45,51,61,41,0,0,0,0,0,0,0,0,0,10,0,4,0,0,0,0,0,4,2,35.70937444444445,139.7694713888889,7,3,0,0,0,0
1,30,660,187,2,0,1,20070,0,106,2023,12,8,6,0,23,6,37,16,28,1,1,1,1,1,9,22,0,0,17,9,30,70,5,2,1,45,55,34,61,31,0,0,0,0,0,11,0,4,0,20,0,4,0,0,0,0,0,4,2,35.70568555555556,139.77210222222223,6,3,9999,0,9,0
1,30,660,195,2,0,1,30000,0,106,2023,10,1,19,50,22,5,35,17,26,1,1,1,14,7,0,0,0,0,3,9,1,70,5,3,1,1,1,3,61,31,0,1,0,1,0,11,0,10,0,20,0,4,0,2,0,2,0,4,2,35.70700111111111,139.77415861111112,1,3,9999,0,1,0
1,30,660,196,2,0,1,20370,0,106,2023,12,22,14,10,12,6,47,16,32,1,1,1,14,7,0,0,0,0,3,9,1,70,4,1,1,1,75,51,61,41,0,0,0,0,0,0,0,0,0,0,0,4,0,0,0,0,0,4,2,35.70956555555556,139.7708752777778,6,3,0,0,0,0
1,30,660,197,2,0,1,40,24,106,2023,12,22,14,30,12,6,47,16,32,1,1,1,1,7,1,21,0,0,17,9,30,70,5,2,1,45,35,51,61,41,0,0,0,0,0,0,0,0,0,10,0,3,0,0,0,0,0,4,2,35.70352888888889,139.7761102777778,6,3,0,0,0,0
1,30,660,199,2,0,1,20390,0,106,2023,12,26,10,0,12,6,49,16,34,1,1,1,1,1,9,22,0,0,17,9,30,70,4,2,1,35,75,51,61,41,0,0,0,0,0,0,0,0,0,10,0,3,0,0,0,0,0,4,2,35.707282222222226,139.78009194444445,3,3,0,0,0,0
1,30,660,200,2,0,1,30000,0,106,2023,11,24,11,10,12,6,25,16,30,1,1,1,14,7,0,0,0,0,2,9,1,70,5,3,1,65,35,17,61,31,0,11,0,1,0,11,0,5,0,80,0,4,0,2,0,2,0,4,2,35.710053611111114,139.77553194444445,6,3,9999,0,9,0
1,30,660,201,2,0,1,30000,0,106,2023,12,29,17,57,22,6,50,16,36,1,1,4,14,7,0,0,0,0,2,9,1,70,5,3,1,55,25,3,61,1,0,1,0,1,0,11,0,2,0,40,0,3,0,2,0,2,0,4,2,35.70734305555556,139.77451194444447,6,3,9999,0,9,0
1,30,661,146,1,1,0,40,51,106,2023,12,14,4,58,22,6,42,16,29,1,1,1,14,7,0,0,0,0,6,9,1,70,1,1,1,35,55,11,61,1,0,11,0,2,0,11,0,5,0,10,0,4,0,2,0,2,0,4,1,35.725482500000005,139.78810916666666,5,3,9999,0,1,0
1,30,661,153,2,0,1,30000,0,106,2023,12,13,14,20,12,6,41,16,28,1,1,1,1,1,9,22,0,0,19,9,30,70,4,2,1,45,1,13,61,31,0,11,0,1,0,11,0,3,0,40,0,3,0,2,0,2,0,4,2,35.72510583333334,139.78618333333333,4,3,9999,0,9,0
1,30,661,154,2,0,1,30000,0,106,2023,12,14,7,25,11,6,42,16,29,1,1,1,1,1,9,22,0,0,15,9,30,70,5,2,1,45,55,13,61,31,0,11,0,2,0,11,0,1,0,10,0,3,0,2,0,2,0,4,2,35.7230725,139.78511666666665,5,3,9999,0,1,0
1,30,661,156,2,0,1,20560,0,106,2023,12,16,12,40,12,6,43,16,29,1,1,1,1,7,9,22,0,0,15,9,30,70,1,1,1,55,25,51,61,41,0,0,0,0,0,0,0,0,0,10,0,3,0,0,0,0,0,2,4,35.72828638888889,139.79063222222223,7,3,0,0,0,0
1,30,662,155,2,0,1,30000,0,106,2023,10,15,9,5,12,5,47,17,7,3,1,2,1,7,0,0,0,0,17,9,30,70,4,1,1,45,0,61,0,0,0,0,0,0,0,0,0,0,0,0,0,0,0,0,0,0,0,2,0,35.71133444444445,139.7937163888889,1,3,0,0,0,0
1,30,662,156,2,0,1,20550,0,106,2023,12,7,12,36,12,6,37,16,28,1,1,1,1,1,9,22,0,0,18,9,30,70,4,2,1,55,65,51,61,41,0,0,0,0,0,0,0,0,0,10,0,4,0,0,0,0,0,4,2,35.71850972222222,139.80179694444445,5,3,0,0,0,0
1,30,662,159,2,0,1,10090,0,106,2023,12,17,19,6,22,6,44,16,30,1,1,1,1,1,9,22,0,0,17,9,30,70,5,2,1,55,75,32,61,31,0,0,0,0,0,11,0,4,0,10,0,2,0,0,0,0,0,4,2,35.72886833333334,139.79687777777778,1,3,9999,0,9,0
1,30,662,162,2,0,1,30480,0,106,2023,12,22,11,5,12,6,47,16,32,1,1,1,14,7,0,0,0,0,4,9,1,70,4,1,1,1,75,51,61,41,0,0,0,0,0,0,0,0,0,10,0,3,0,0,0,0,0,4,2,35.71660722222222,139.79876916666666,6,3,0,0,0,0
1,30,663,157,2,0,1,20560,0,106,2023,12,7,21,57,22,6,37,16,28,1,1,1,1,1,9,22,0,0,19,9,30,70,5,2,1,1,55,3,61,31,0,1,0,1,0,11,0,3,0,10,0,4,0,2,0,2,0,4,2,35.70984527777778,139.79140777777778,5,3,9999,0,1,0
1,30,663,158,2,0,1,20560,0,106,2023,12,12,18,1,22,6,41,16,28,2,1,1,7,1,0,0,0,0,3,9,1,70,1,2,1,45,75,3,61,31,0,1,0,1,0,11,0,4,0,10,0,3,0,2,0,2,0,4,2,35.71250916666667,139.79215027777778,3,3,9999,0,1,0
1,30,663,166,2,0,1,60,36,106,2023,12,26,20,30,22,6,49,16,34,1,1,1,1,1,1,22,0,0,19,9,30,70,4,2,1,55,25,3,61,1,0,1,0,1,0,11,0,4,0,80,0,3,0,2,0,2,0,4,2,35.70852083333334,139.7959775,3,3,9999,0,9,0
1,30,663,169,2,0,2,30000,0,106,2023,12,31,23,30,22,6,50,16,37,1,1,1,1,1,9,22,0,0,15,9,30,70,4,2,1,25,25,51,61,41,0,0,0,0,0,0,0,0,0,10,0,3,0,0,0,0,0,2,2,35.71411555555556,139.7905761111111,1,2,0,0,0,0
1,30,664,93,1,1,2,30000,0,118,2023,12,16,15,43,13,6,43,16,29,1,1,1,14,7,0,0,0,0,2,9,1,70,5,4,1,75,75,3,61,31,0,1,0,1,0,11,0,10,0,10,0,2,0,1,0,2,0,2,1,35.74384111111111,139.77061666666668,7,3,666,0,9,0
1,30,664,99,2,0,1,20570,0,118,2023,12,24,11,15,12,6,48,16,33,1,1,1,14,7,0,0,0,0,2,9,1,70,4,2,1,45,35,3,61,31,0,1,0,1,0,11,0,3,0,20,0,4,0,2,0,2,0,4,2,35.74435944444445,139.76350222222223,1,3,9999,0,9,0
1,30,665,101,2,0,1,30000,0,118,2023,12,17,2,15,22,6,44,16,30,1,1,1,1,1,9,22,0,0,15,9,30,70,4,2,1,65,35,3,61,31,0,1,0,1,0,11,0,3,0,10,0,3,0,2,0,2,0,4,2,35.736649166666666,139.81274972222224,1,3,9999,0,9,0
1,30,665,106,2,0,1,10090,0,118,2023,12,26,10,5,12,6,49,16,34,1,1,1,1,1,9,22,0,0,18,9,30,70,1,2,1,25,75,3,61,31,0,1,0,1,0,11,0,2,0,20,0,3,0,2,0,2,0,4,2,35.72892027777778,139.7959811111111,3,3,9999,0,1,0
1,30,666,130,2,0,1,30000,0,118,2023,10,13,21,7,22,5,45,17,9,1,1,1,14,7,0,0,0,0,2,9,1,70,5,3,1,1,25,51,61,41,0,0,0,0,0,0,0,0,0,10,0,3,0,0,0,0,0,4,2,35.748581944444446,139.7847013888889,6,3,0,0,0,0
1,30,666,132,2,0,1,30000,0,118,2023,12,3,17,0,21,6,33,16,28,1,1,1,14,7,0,0,0,0,2,9,1,70,5,3,1,1,1,36,61,31,0,0,0,0,0,11,0,2,0,30,0,4,0,0,0,0,0,4,2,35.73314888888889,139.7766466666667,1,3,9999,0,5,0
1,30,666,140,2,0,1,10090,0,118,2023,12,11,20,20,22,6,40,16,28,2,1,1,1,1,9,22,0,0,18,9,30,70,4,2,1,45,25,13,61,31,0,11,0,1,0,11,0,4,0,10,0,3,0,2,0,2,0,4,2,35.73456222222222,139.78536277777778,2,3,9999,0,9,0
1,30,666,144,2,0,1,30000,0,118,2023,12,25,8,5,12,6,48,16,33,1,1,1,14,7,0,0,0,0,3,9,1,70,4,1,1,1,25,51,61,41,0,0,0,0,0,0,0,0,0,10,0,3,0,0,0,0,0,4,2,35.74749166666667,139.7763588888889,2,3,0,0,0,0
1,30,667,143,2,0,1,30000,0,121,2023,12,7,20,10,22,6,37,16,28,1,1,1,14,7,0,0,0,0,3,9,1,70,5,4,1,35,45,51,61,41,0,0,0,0,0,0,0,0,0,20,0,3,0,0,0,0,0,4,2,35.75080305555556,139.81281416666667,5,3,0,0,0,0
1,30,667,150,2,0,1,30390,0,121,2023,12,30,18,35,22,6,50,16,37,1,1,1,1,1,0,0,0,0,14,9,30,70,4,1,1,35,0,61,0,0,0,0,0,0,0,0,0,0,0,0,0,0,0,0,0,0,0,2,0,35.75091333333334,139.79678555555554,7,3,0,0,0,0
1,30,668,641,2,0,1,30000,0,121,2023,12,6,15,22,12,6,36,16,28,1,1,1,14,7,0,0,0,0,1,9,1,70,5,2,1,55,1,4,61,31,0,1,0,1,0,11,0,10,0,10,0,3,0,2,0,2,0,4,2,35.76596527777778,139.77761111111113,4,3,9999,0,9,0
1,30,668,642,2,0,1,20620,0,121,2023,12,6,19,20,22,6,36,16,28,1,1,1,1,1,9,22,0,0,15,9,30,70,5,2,1,55,45,3,61,31,0,1,0,1,0,11,0,2,0,10,0,3,0,2,0,2,0,4,2,35.76587694444444,139.79836777777777,4,3,9999,0,9,0
1,30,668,648,2,0,1,30000,0,121,2023,12,8,0,11,22,6,37,16,28,1,1,1,1,1,9,22,0,0,15,9,30,70,4,2,1,55,25,13,61,1,0,11,0,1,0,11,0,4,0,10,0,3,0,2,0,2,0,4,2,35.77521055555555,139.75679166666666,6,3,9999,0,9,0
1,30,668,655,2,0,1,30000,0,121,2023,12,10,12,36,12,6,39,16,28,1,1,1,14,7,0,0,0,0,1,9,1,70,5,4,1,25,35,3,61,31,0,1,0,1,0,11,0,10,0,10,0,3,0,2,0,2,0,4,2,35.77280777777778,139.78887361111111,1,3,9999,0,5,0
1,30,668,665,2,0,1,30000,0,121,2023,12,19,8,45,12,6,45,16,30,1,1,1,1,7,1,21,0,0,17,9,30,70,5,3,1,45,75,3,61,31,0,1,0,1,0,11,0,5,0,10,0,3,0,2,0,2,0,4,2,35.774695277777774,139.80318194444445,3,3,9999,0,1,0
1,30,668,675,2,0,1,40,108,121,2023,10,5,15,25,12,5,38,17,20,1,1,1,1,1,9,22,0,0,18,9,30,70,1,2,1,1,45,51,61,41,0,0,0,0,0,0,0,0,0,41,0,4,0,0,0,0,0,4,2,35.77374888888889,139.803425,5,3,0,0,0,0
1,30,668,676,2,0,1,30000,0,121,2023,12,24,16,38,21,6,48,16,33,1,1,1,1,7,9,22,0,0,11,9,30,70,4,2,1,25,1,34,61,1,0,0,0,0,0,11,0,3,0,10,0,4,0,0,0,0,0,4,2,35.77442083333333,139.78649444444443,1,3,9999,0,1,0
1,30,668,678,2,0,1,30000,0,121,2023,12,25,16,2,13,6,48,16,33,1,1,1,1,1,9,22,0,0,14,9,30,70,4,2,1,35,1,3,61,31,0,1,0,1,0,11,0,5,0,10,0,4,0,2,0,2,0,4,2,35.77458194444444,139.76553722222224,2,3,9999,0,1,0
1,30,668,684,2,0,1,30000,0,121,2023,12,27,13,30,12,6,49,16,35,1,1,1,14,7,0,0,0,0,3,9,1,70,4,2,1,25,1,3,61,31,0,1,0,1,0,11,0,3,0,10,0,3,0,2,0,2,0,4,2,35.78735444444444,139.78499916666667,4,3,9999,0,1,0
1,30,669,578,2,0,1,30000,0,121,2023,11,28,8,1,12,6,29,16,29,1,1,1,14,7,0,0,0,0,3,9,1,70,4,1,1,65,1,51,61,41,0,0,0,0,0,0,0,0,0,10,0,4,0,0,0,0,0,4,2,35.78277055555555,139.81537444444444,3,3,0,0,0,0