資料区分,都道府県コード,警察署等コード,本票番号,事故内容,死者数,負傷者数,路線コード,地点コード,市区町村コード,発生日時　　年,発生日時　　月,発生日時　　日,発生日時　　時,発生日時　　分,昼夜,日の出時刻　　時,日の出時刻　　分,日の入り時刻　　時,日の入り時刻　　分,天候,地形,路面状態,道路形状,信号機,一時停止規制　標識（当事者A）,一時停止規制　表示（当事者A）,一時停止規制　標識（当事者B）,一時停止規制　表示（当事者B）,車道幅員,道路線形,衝突地点,ゾーン規制,中央分離帯施設等,歩車道区分,事故類型,年齢（当事者A）,年齢（当事者B）,当事者種別（当事者A）,当事者種別（当事者B）,用途別（当事者A）,用途別（当事者B）,車両形状等（当事者A）,車両形状等（当事者B）,オートマチック車（当事者A）,オートマチック車（当事者B）,サポカー（当事者A）,サポカー（当事者B）,速度規制（指定のみ）（当事者A）,速度規制（指定のみ）（当事者B）,車両の衝突部位（当事者A）,車両の衝突部位（当事者B）,車両の損壊程度（当事者A）,車両の損壊程度（当事者B）,エアバッグの装備（当事者A）,エアバッグの装備（当事者B）,サイドエアバッグの装備（当事者A）,サイドエアバッグの装備（当事者B）,人身損傷程度（当事者A）,人身損傷程度（当事者B）,lat,lon,曜日(発生年月日),祝日(発生年月日),認知機能検査経過日数（当事者A）,認知機能検査経過日数（当事者B）,運転練習の方法（当事者A）,運転練習の方法（当事者B）
1,30,669,583,2,0,1,10130,0,121,2023,12,5,17,54,22,6,35,16,28,1,1,1,1,7,9,22,0,0,19,9,30,70,4,2,1,45,35,3,61,31,0,1,0,1,0,11,0,4,0,10,0,3,0,2,0,2,0,4,2,35.777544999999996,139.83055305555555,3,3,9999,0,1,0
1,30,669,586,2,0,1,30000,0,121,2023,12,7,8,0,12,6,37,16,28,1,1,1,1,7,9,22,0,0,15,9,30,70,4,2,1,65,45,3,61,31,0,1,0,1,0,11,0,2,0,10,0,3,0,2,0,2,0,4,2,35.77776611111111,139.8363341666667,5,3,9999,0,9,0
1,30,669,600,2,0,1,30000,0,121,2023,12,18,13,45,12,6,45,16,30,1,1,1,7,7,0,0,0,0,2,9,1,70,5,2,1,75,45,3,61,1,0,1,0,1,0,11,0,2,0,10,0,3,0,2,0,2,0,4,2,35.77039472222222,139.8069788888889,2,3,342,0,9,0
1,30,669,606,2,0,1,30000,0,121,2023,12,21,17,18,21,6,46,16,31,1,1,1,1,7,1,21,0,0,14,9,30,70,5,3,1,55,75,3,61,31,0,1,0,1,0,11,0,5,0,10,0,4,0,2,0,2,0,4,2,35.77146805555555,139.85424138888888,5,3,9999,0,9,0
1,30,669,610,2,0,1,30000,0,121,2023,12,23,11,5,12,6,47,16,32,1,1,1,14,7,0,0,0,0,3,9,1,70,5,3,1,65,45,3,61,31,0,1,0,1,0,11,0,2,0,40,0,3,0,2,0,2,0,4,2,35.77956555555556,139.84145472222224,7,3,9999,0,9,0
1,30,669,611,2,0,1,99000,0,121,2023,12,23,13,15,12,6,47,16,32,1,1,1,0,7,0,0,0,0,0,0,20,70,0,4,1,25,45,3,61,31,0,1,0,1,0,11,0,10,0,30,0,3,0,2,0,2,0,4,2,35.785081388888884,139.82707083333332,7,3,9999,0,1,0
1,30,670,392,2,0,1,99000,0,121,2023,12,1,9,50,12,6,31,16,28,1,1,1,0,7,0,0,0,0,0,0,20,70,0,4,1,1,75,3,61,31,0,1,0,1,0,11,0,10,0,30,0,3,0,2,0,2,0,4,2,35.791581944444445,139.821975,6,3,9999,0,1,0
1,30,670,393,2,0,1,30000,0,121,2023,12,4,14,5,12,6,34,16,28,1,1,1,1,7,9,22,0,0,11,9,30,70,5,2,1,35,75,13,61,31,0,11,0,1,0,11,0,10,0,40,0,3,0,2,0,2,0,4,2,35.796575555555556,139.79362972222222,2,3,9999,0,9,0
1,30,670,396,2,0,1,30000,0,121,2023,12,5,22,30,22,6,35,16,28,3,1,2,1,7,9,22,0,0,15,9,30,70,5,2,1,35,55,36,61,31,0,0,0,0,0,11,0,2,0,10,0,3,0,0,0,0,0,4,2,35.800910277777774,139.81182777777778,3,3,9999,0,1,0
1,30,670,400,2,0,1,30000,0,121,2023,12,1,8,45,12,6,31,16,28,1,1,1,14,7,0,0,0,0,1,9,1,70,5,1,1,1,35,51,61,41,0,0,0,0,0,0,0,0,0,10,0,3,0,0,0,0,0,4,2,35.80265194444444,139.75763166666667,6,3,0,0,0,0
1,30,670,404,2,0,1,20610,0,121,2023,12,11,18,20,22,6,40,16,28,2,1,1,1,1,9,22,0,0,18,9,30,70,5,1,1,55,35,3,61,31,0,1,0,1,0,11,0,3,0,10,0,3,0,2,0,2,0,4,2,35.80716888888889,139.7576838888889,2,3,9999,0,1,0
1,30,771,498,2,0,1,30000,0,108,2023,12,6,11,6,12,6,36,16,28,1,1,1,1,7,9,22,0,0,11,9,30,70,5,3,1,45,65,14,61,31,0,11,0,1,0,11,0,4,0,10,0,3,0,2,0,2,0,4,2,35.672444166666665,139.7967177777778,4,3,9999,0,9,0
1,30,771,501,2,0,1,10370,0,108,2023,11,25,11,35,12,6,26,16,30,2,1,1,14,7,0,0,0,0,5,9,1,70,1,2,1,65,35,3,61,31,0,1,0,1,0,11,0,10,0,80,0,3,0,2,0,2,0,4,2,35.67259,139.80646833333336,7,3,9999,0,9,0
1,30,771,504,2,0,1,20690,0,108,2023,12,10,10,21,12,6,39,16,28,1,1,1,1,1,9,22,0,0,17,9,30,70,1,2,1,55,75,3,61,31,0,1,0,1,0,11,0,4,0,10,0,3,0,2,0,2,0,4,2,35.681683888888884,139.81605305555556,1,3,9999,0,9,0
1,30,771,510,2,0,1,30000,0,108,2023,10,27,12,8,12,5,57,16,52,1,1,2,13,7,0,0,0,0,4,3,1,70,4,1,1,65,35,4,61,31,0,1,0,1,0,11,0,10,0,10,0,4,0,2,0,2,0,4,2,35.65461611111111,139.79313472222222,6,3,9999,0,9,0
1,30,771,515,2,0,1,30000,0,108,2023,12,21,8,50,12,6,46,16,31,1,1,1,14,7,0,0,0,0,3,9,1,70,4,1,1,55,45,51,61,41,0,0,0,0,0,0,0,0,0,40,0,3,0,0,0,0,0,4,2,35.67332222222222,139.81968555555557,5,3,0,0,0,0
1,30,771,521,2,0,1,20680,0,108,2023,12,24,19,5,22,6,48,16,33,1,1,1,1,1,8,22,0,0,18,9,30,70,1,1,1,45,25,4,61,31,0,1,0,1,0,11,0,2,0,10,0,3,0,2,0,2,0,4,2,35.68548472222222,139.79839944444444,1,3,9999,0,9,0
1,30,771,523,2,0,1,30000,0,108,2023,12,10,0,5,22,6,39,16,28,1,1,1,1,7,9,22,0,0,14,9,30,70,5,2,1,45,25,51,61,41,0,0,0,0,0,0,0,0,0,10,0,3,0,0,0,0,0,4,2,35.68773833333333,139.8020963888889,1,3,0,0,0,0
1,30,771,524,2,0,1,30000,0,108,2023,12,26,6,50,11,6,49,16,34,1,1,1,1,1,9,22,0,0,15,9,30,70,1,2,1,55,55,12,61,1,0,11,0,1,0,11,0,3,0,50,0,3,0,2,0,2,0,4,2,35.65717305555555,139.81572472222223,3,3,9999,0,9,0
1,30,771,526,2,0,1,30000,0,108,2023,12,26,18,45,22,6,49,16,34,1,1,1,14,7,0,0,0,0,3,9,1,1,5,3,1,65,65,3,61,1,0,1,0,1,0,11,0,10,0,36,0,3,0,2,0,2,0,4,2,35.666180833333335,139.79984611111112,3,3,68,0,1,0
1,30,771,527,2,0,1,20690,0,108,2023,12,27,10,50,12,6,49,16,35,2,1,1,14,7,0,0,0,0,4,9,1,70,4,2,1,55,25,3,61,31,0,1,0,1,0,11,0,4,0,50,0,4,0,2,0,2,0,4,2,35.675221388888886,139.8161113888889,4,3,9999,0,9,0
1,30,771,538,2,0,1,95000,0,108,2023,11,5,12,10,12,6,6,16,43,1,1,1,14,7,0,0,0,0,4,9,1,70,5,4,1,25,1,51,61,41,0,0,0,0,0,0,0,0,0,10,0,3,0,0,0,0,0,4,2,35.649904166666666,139.787635,1,3,0,0,0,0
1,30,772,459,2,0,1,20650,0,108,2023,12,1,12,10,12,6,31,16,28,1,1,1,14,7,0,0,0,0,4,9,1,70,4,1,1,35,55,51,61,41,0,0,0,0,0,0,0,0,0,10,0,3,0,0,0,0,0,4,2,35.66917833333333,139.83153277777777,6,3,0,0,0,0
1,30,772,471,2,0,1,10090,0,108,2023,9,29,22,40,22,5,34,17,29,1,1,1,14,7,0,0,0,0,5,9,1,70,4,2,1,55,25,3,61,1,0,1,0,1,0,11,0,4,0,40,0,4,0,2,0,2,0,4,2,35.698987499999994,139.82564027777778,6,3,9999,0,9,0
1,30,772,473,2,0,1,30000,0,108,2023,12,11,7,25,11,6,40,16,28,2,1,1,14,7,0,0,0,0,2,9,1,70,5,3,1,55,1,3,61,1,0,1,0,1,0,11,0,2,0,50,0,4,0,2,0,2,0,4,2,35.67178777777777,139.83210138888887,2,3,9999,0,9,0
1,30,772,474,2,0,1,140,59,108,2023,11,1,9,30,12,6,2,16,47,1,1,1,14,7,0,0,0,0,6,9,1,70,4,2,1,1,55,51,61,41,0,0,0,0,0,0,0,0,0,10,0,3,0,0,0,0,0,4,2,35.69664888888889,139.82926444444445,4,3,0,0,0,0
1,30,772,475,2,0,1,10090,0,108,2023,11,26,18,10,22,6,27,16,29,2,1,1,14,7,0,0,0,0,4,9,1,70,4,1,1,25,1,36,61,31,0,0,0,0,0,11,0,2,0,10,0,3,0,0,0,0,0,4,2,35.68785388888889,139.82643694444445,1,3,9999,0,1,0
1,30,772,480,2,0,1,10090,0,108,2023,11,30,8,55,12,6,30,16,28,1,1,1,1,1,9,22,0,0,18,9,30,70,4,2,1,25,25,52,61,41,0,0,0,0,0,0,0,0,0,40,0,4,0,0,0,0,0,4,2,35.681641388888885,139.82755805555556,5,3,0,0,0,0
1,30,772,483,2,0,1,10090,0,108,2023,12,17,18,30,22,6,44,16,30,1,1,1,14,7,0,0,0,0,4,9,1,70,4,1,1,1,55,51,61,41,0,0,0,0,0,0,0,0,0,10,0,3,0,0,0,0,0,4,2,35.68187722222222,139.8273313888889,1,3,0,0,0,0
1,30,772,484,2,0,1,30000,0,108,2023,12,18,13,47,12,6,45,16,30,1,1,1,14,7,0,0,0,0,2,9,1,70,5,3,1,65,75,13,61,31,0,11,0,1,0,11,0,1,0,50,0,4,0,2,0,2,0,4,2,35.679296944444445,139.82446777777778,2,3,9999,0,9,0
1,30,772,489,2,0,1,30000,0,108,2023,12,22,10,40,12,6,47,16,32,1,1,1,1,7,1,21,0,0,11,9,30,70,5,3,1,65,75,3,61,31,0,1,0,1,0,11,0,10,0,10,0,3,0,2,0,2,0,4,2,35.688917499999995,139.8424225,6,3,9999,0,1,0
1,30,772,493,2,0,1,20650,0,108,2023,9,11,12,45,12,5,20,17,55,1,1,1,14,7,0,0,0,0,4,9,1,70,4,1,1,35,75,1,61,1,0,1,0,2,0,11,0,4,0,40,0,3,0,2,0,2,0,4,2,35.69205722222222,139.8349488888889,2,3,9999,0,1,0
1,30,773,365,1,1,0,140,25,107,2023,12,2,3,31,22,6,32,16,28,1,1,1,1,1,9,22,0,0,18,9,30,70,5,1,1,55,75,12,61,1,0,11,0,2,0,11,0,3,0,50,0,3,0,2,0,2,0,4,1,35.69421749999999,139.7908997222222,7,3,9999,0,9,0
1,30,773,367,2,0,1,140,41,107,2023,11,15,17,7,21,6,16,16,35,1,1,1,1,7,9,22,0,0,18,9,30,70,1,2,1,75,75,51,61,41,0,0,0,0,0,0,0,0,0,20,0,3,0,0,0,0,0,4,2,35.69546972222222,139.80997666666667,4,3,0,0,0,0
1,30,773,371,2,0,1,10370,0,107,2023,12,2,8,36,12,6,32,16,28,1,1,1,14,7,0,0,0,0,1,9,1,70,4,2,1,1,0,61,0,0,0,0,0,0,0,0,0,0,0,0,0,0,0,0,0,0,0,2,0,35.69364333333333,139.80550000000002,7,3,0,0,0,0
1,30,773,374,2,0,1,140,27,107,2023,12,11,16,7,13,6,40,16,28,1,1,1,14,1,0,0,0,0,5,9,1,70,1,1,1,65,35,51,61,41,0,0,0,0,0,0,0,0,0,10,0,4,0,0,0,0,0,4,2,35.69447444444444,139.79460805555556,2,3,0,0,0,0
1,30,773,384,2,0,1,30000,0,107,2023,12,18,7,53,12,6,45,16,30,1,1,1,1,7,9,22,0,0,15,9,30,70,4,3,1,25,25,13,61,31,0,11,0,1,0,11,0,2,0,20,0,3,0,2,0,2,0,4,2,35.69331527777778,139.81316166666667,2,3,9999,0,1,0
1,30,773,385,2,0,1,10370,0,107,2023,12,18,10,20,12,6,45,16,30,1,1,1,1,1,9,22,0,0,19,9,30,70,5,1,1,65,75,11,61,1,0,11,0,1,0,11,0,3,0,40,0,3,0,2,0,2,0,4,2,35.69752305555555,139.80521444444446,2,3,9999,0,9,0
1,30,773,387,2,0,1,30000,0,107,2023,12,18,21,15,22,6,45,16,30,1,1,1,1,1,9,22,0,0,15,9,30,70,4,2,1,55,45,3,61,1,0,1,0,1,0,11,0,2,0,20,0,3,0,2,0,2,0,4,2,35.69795333333333,139.79288555555556,2,3,9999,0,1,0
1,30,773,388,2,0,1,30890,0,107,2023,12,20,18,19,22,6,46,16,31,1,1,1,14,7,0,0,0,0,3,9,1,70,4,2,1,1,55,51,61,41,0,0,0,0,0,0,0,0,0,40,0,4,0,0,0,0,0,4,2,35.70142472222223,139.81727444444445,4,3,0,0,0,0
1,30,773,394,2,0,1,20390,0,107,2023,12,26,23,55,22,6,49,16,34,1,1,1,1,1,9,22,0,0,18,9,30,70,5,2,1,75,45,3,61,1,0,1,0,1,0,11,0,4,0,10,0,3,0,2,0,2,0,4,2,35.704327222222226,139.81295305555557,3,3,342,0,9,0
1,30,773,396,2,0,1,10370,0,107,2023,12,28,6,35,23,6,49,16,35,1,1,1,7,7,0,0,0,0,5,9,1,70,4,2,1,35,1,17,61,31,0,11,0,1,0,11,0,4,0,10,0,3,0,2,0,2,0,4,2,35.70729666666667,139.80441833333333,5,3,9999,0,1,0
1,30,773,400,2,0,1,20390,0,107,2023,12,29,17,25,21,6,50,16,36,1,1,1,1,1,9,22,0,0,19,9,30,70,5,2,1,55,65,3,61,31,0,1,0,1,0,11,0,10,0,10,0,3,0,2,0,2,0,4,2,35.70435444444445,139.81422,6,3,9999,0,9,0
1,30,774,214,2,0,1,30000,0,107,2023,11,13,16,40,21,6,14,16,36,1,1,1,1,7,1,21,0,0,14,9,30,70,5,4,1,55,35,14,61,31,0,11,0,1,0,11,0,10,0,10,0,3,0,2,0,2,0,4,2,35.719298333333334,139.8191786111111,2,3,9999,0,9,0
1,30,775,349,2,0,1,30000,0,122,2023,11,24,14,54,12,6,25,16,30,1,1,1,1,1,1,21,0,0,14,9,30,70,4,2,1,75,1,3,61,31,0,1,0,1,0,11,0,10,0,50,0,3,0,2,0,2,0,4,2,35.756479166666665,139.84185416666668,6,3,416,0,9,0
1,30,775,352,2,0,1,30000,0,122,2023,12,7,15,48,13,6,37,16,28,1,1,1,1,7,1,21,0,0,11,9,30,70,5,3,1,55,75,13,61,1,0,11,0,1,0,11,0,10,0,50,0,4,0,2,0,2,0,4,2,35.77072611111111,139.8720563888889,5,3,9999,0,9,0
1,30,775,353,2,0,1,30000,0,122,2023,12,8,17,6,21,6,37,16,28,1,1,1,1,7,1,21,0,0,11,9,30,70,5,4,1,35,1,3,61,31,0,1,0,1,0,11,0,5,0,10,0,3,0,2,0,2,0,4,2,35.77471361111111,139.8675738888889,6,3,9999,0,9,0
1,30,775,365,2,0,1,30000,0,122,2023,12,22,18,3,22,6,47,16,32,1,1,1,1,1,9,22,0,0,11,9,30,70,4,3,1,75,1,4,61,31,0,1,0,1,0,11,0,5,0,50,0,3,0,2,0,2,0,4,2,35.74722805555556,139.84094000000002,6,3,312,0,1,0
1,30,775,367,2,0,1,30000,0,122,2023,12,23,13,35,12,6,47,16,32,1,1,1,1,7,1,21,0,0,11,9,30,70,5,1,1,75,55,3,61,31,0,1,0,1,0,11,0,10,0,10,0,4,0,2,0,2,0,4,2,35.770089166666665,139.87284083333333,7,3,180,0,9,0
1,30,775,375,2,0,1,30000,0,122,2023,12,29,7,15,11,6,50,16,36,1,1,1,1,1,9,22,0,0,14,9,30,70,4,2,1,65,45,13,61,31,0,11,0,1,0,11,0,5,0,10,0,3,0,2,0,2,0,4,2,35.78006833333333,139.8587738888889,6,3,9999,0,9,0
1,30,776,422,2,0,1,30000,0,122,2023,12,8,13,20,12,6,37,16,28,1,1,1,1,7,1,21,0,0,11,9,30,70,5,3,1,75,45,3,61,1,0,1,0,1,0,11,0,2,0,30,0,3,0,2,0,2,0,4,2,35.76376888888889,139.85433805555556,6,3,127,0,9,0
1,30,776,423,2,0,1,30000,0,122,2023,12,8,17,20,21,6,37,16,28,1,1,1,7,7,0,0,0,0,2,9,1,70,4,2,1,35,45,51,61,41,0,0,0,0,0,0,0,0,0,40,0,3,0,0,0,0,0,4,2,35.747592222222224,139.82680472222222,6,3,0,0,0,0
1,30,776,437,2,0,1,10130,0,122,2023,12,21,0,20,22,6,46,16,31,1,1,1,14,7,0,0,0,0,3,9,1,70,1,2,1,65,0,61,0,0,0,0,0,0,0,0,0,0,0,0,0,0,0,0,0,0,0,2,0,35.73634555555556,139.86512222222223,5,3,0,0,0,0
1,30,776,452,2,0,1,10380,0,122,2023,12,27,8,40,12,6,49,16,35,1,1,1,1,7,9,22,0,0,11,9,30,70,4,1,1,55,25,14,61,1,0,11,0,1,0,11,0,3,0,20,0,3,0,2,0,2,0,4,2,35.74767,139.87989333333334,4,3,9999,0,9,0
1,30,777,710,2,0,1,140,0,123,2023,12,5,11,5,12,6,35,16,28,2,1,1,1,1,9,22,0,0,18,9,30,70,1,2,1,55,65,13,61,31,0,11,0,1,0,11,0,5,0,10,0,3,0,2,0,2,0,4,2,35.702646111111115,139.9013763888889,3,3,9999,0,9,0
1,30,777,720,2,0,1,141,123,123,2023,12,12,17,50,22,6,41,16,28,1,1,1,1,1,1,22,0,0,18,9,30,70,1,2,1,25,1,14,61,31,0,11,0,1,0,11,0,3,0,10,0,3,0,2,0,2,0,4,2,35.708398333333335,139.86749500000002,3,3,9999,0,1,0
1,30,777,722,2,0,1,30000,0,123,2023,12,13,14,39,12,6,41,16,28,1,1,1,14,7,0,0,0,0,3,9,1,70,5,3,1,1,75,3,61,31,0,1,0,1,0,11,0,5,0,10,0,3,0,2,0,2,0,4,2,35.713143055555555,139.86254833333334,4,3,9999,0,1,0
1,30,777,731,2,0,1,30000,0,123,2023,12,16,8,35,12,6,43,16,29,1,1,1,14,7,0,0,0,0,2,9,1,70,5,4,1,1,65,51,61,41,0,0,0,0,0,0,0,0,0,20,0,3,0,0,0,0,0,4,2,35.700858888888895,139.91560611111112,7,3,0,0,0,0
1,30,777,739,2,0,1,21190,0,123,2023,12,18,2,35,22,6,45,16,30,1,1,1,14,7,0,0,0,0,3,9,1,70,4,1,1,25,25,35,61,31,0,0,0,0,0,11,0,3,0,20,0,3,0,0,0,0,0,4,2,35.70781,139.8443363888889,2,3,9999,0,1,0
1,30,777,743,2,0,1,30000,0,123,2023,12,19,14,20,12,6,45,16,30,1,1,1,14,7,0,0,0,0,5,9,1,70,4,2,1,55,65,3,61,31,0,1,0,1,0,11,0,1,0,10,0,3,0,2,0,2,0,4,2,35.7049175,139.86521888888888,3,3,9999,0,1,0
1,30,777,745,2,0,1,21190,0,123,2023,12,19,15,45,13,6,45,16,30,2,1,1,1,7,9,22,0,0,18,9,30,70,5,2,1,35,1,3,61,31,0,1,0,1,0,11,0,3,0,80,0,3,0,2,0,2,0,4,2,35.703813333333336,139.8466413888889,3,3,9999,0,9,0
1,30,777,747,2,0,1,30000,0,123,2023,12,21,9,50,12,6,46,16,31,1,1,1,14,7,0,0,0,0,2,9,1,70,5,3,1,65,25,3,61,31,0,1,0,1,0,11,0,2,0,10,0,3,0,2,0,2,0,4,2,35.70223416666667,139.86828944444446,5,3,9999,0,9,0
1,30,777,752,2,0,1,95000,0,123,2023,12,22,5,50,23,6,47,16,32,1,1,1,0,7,0,0,0,0,0,0,20,70,0,4,1,1,55,51,61,41,0,0,0,0,0,0,0,0,0,10,0,3,0,0,0,0,0,2,4,35.68398055555555,139.84841333333335,6,3,0,0,0,0
1,30,777,755,2,0,1,30000,0,123,2023,11,23,11,30,12,6,24,16,30,1,1,1,14,7,0,0,0,0,1,9,1,70,5,4,1,75,55,3,61,31,0,1,0,1,0,11,0,2,0,10,0,4,0,2,0,2,0,4,2,35.70153527777778,139.84366416666668,5,1,1045,0,9,0
1,30,777,767,2,0,1,10130,0,123,2023,12,15,17,20,21,6,43,16,29,1,1,1,14,7,0,0,0,0,1,9,1,70,5,2,1,35,25,51,61,41,0,0,0,0,0,0,0,0,0,10,0,3,0,0,0,0,0,4,2,35.68677916666666,139.88233277777778,6,3,0,0,0,0
1,30,778,276,1,1,0,31040,0,123,2023,12,30,0,30,22,6,50,16,37,1,1,1,7,1,0,0,0,0,3,9,1,70,5,1,1,55,75,14,61,31,0,11,0,2,0,11,0,3,0,10,0,3,0,2,0,2,0,4,1,35.70691472222222,139.89054249999998,7,3,9999,0,9,0
1,30,778,278,2,0,1,30000,0,123,2023,12,2,13,30,12,6,32,16,28,1,1,1,14,7,0,0,0,0,3,9,1,70,5,3,1,1,75,51,61,41,0,0,0,0,0,0,0,0,0,40,0,4,0,0,0,0,0,4,2,35.71841305555556,139.89052555555554,7,3,0,0,0,0
1,30,778,279,2,0,1,141,2282,123,2023,12,3,13,20,12,6,33,16,28,1,1,1,1,1,9,22,0,0,18,9,30,70,1,1,1,55,75,51,61,41,0,0,0,0,0,0,0,0,0,10,0,3,0,0,0,0,0,4,2,35.71931333333333,139.8772763888889,1,3,0,0,0,0
1,30,778,284,2,0,1,30000,0,123,2023,12,9,18,40,22,6,38,16,28,1,1,1,1,1,9,22,0,0,11,9,30,70,4,2,1,65,65,4,61,31,0,1,0,1,0,11,0,10,0,10,0,3,0,2,0,2,0,4,2,35.71436888888889,139.88801416666666,7,3,9999,0,9,0
1,30,778,288,2,0,1,20700,0,123,2023,12,13,7,28,11,6,41,16,28,1,1,1,7,1,0,0,0,0,2,9,1,70,4,2,1,35,45,13,61,31,0,11,0,1,0,11,0,2,0,40,0,1,0,2,0,2,0,4,2,35.708467500000005,139.90880666666666,4,3,9999,0,5,0
1,30,778,290,2,0,2,30000,0,123,2023,12,21,11,7,12,6,46,16,31,1,1,1,1,1,9,22,0,0,15,9,30,70,4,2,1,45,1,3,61,31,0,1,0,1,0,11,0,3,0,10,0,3,0,2,0,2,0,4,2,35.71972,139.87259916666667,5,3,9999,0,9,0
1,30,778,291,2,0,1,30000,0,123,2023,12,20,16,50,21,6,46,16,31,1,1,1,14,7,0,0,0,0,2,9,1,70,5,2,1,35,35,3,61,31,0,1,0,1,0,11,0,10,0,40,0,3,0,2,0,2,0,4,2,35.71595861111111,139.87242555555557,4,3,9999,0,4,0
1,30,779,265,2,0,1,30000,0,123,2023,12,11,10,30,12,6,40,16,28,1,1,1,14,7,0,0,0,0,2,9,1,1,5,3,1,75,1,51,61,41,0,0,0,0,0,0,0,0,0,10,0,4,0,0,0,0,0,4,2,35.664366944444446,139.8602111111111,2,3,0,0,0,0
1,30,779,275,2,0,1,30000,0,123,2023,12,21,8,20,12,6,46,16,31,1,1,1,1,7,9,22,0,0,14,9,30,1,1,2,1,1,1,51,61,41,0,0,0,0,0,0,0,0,0,10,0,3,0,0,0,0,0,4,2,35.66707694444444,139.86556833333333,5,3,0,0,0,0
1,30,779,280,2,0,1,20000,0,123,2023,12,23,20,39,22,6,47,16,32,1,1,1,1,1,9,22,0,0,18,9,30,70,5,2,1,45,1,3,61,31,0,1,0,1,0,11,0,4,0,10,0,3,0,2,0,2,0,4,2,35.65261583333333,139.86935333333335,7,3,9999,0,9,0
1,30,779,282,2,0,1,30000,0,123,2023,12,25,19,40,22,6,48,16,33,1,1,1,1,1,9,22,0,0,14,9,30,70,4,2,1,55,45,51,61,41,0,0,0,0,0,0,0,0,0,20,0,4,0,0,0,0,0,4,2,35.66881333333333,139.86037833333333,2,3,0,0,0,0
1,30,876,398,2,0,1,10490,0,209,2023,12,5,6,7,23,6,35,16,28,2,1,1,14,7,0,0,0,0,3,9,1,70,4,2,1,55,65,36,61,31,0,0,0,0,0,11,0,2,0,10,0,2,0,0,0,0,0,4,2,35.606340833333334,139.32179722222222,3,3,9999,0,9,0
1,30,876,408,2,0,1,30000,0,201,2023,12,17,9,45,12,6,44,16,30,1,1,1,13,7,0,0,0,0,3,3,1,70,5,3,1,35,1,3,61,31,0,1,0,1,0,11,0,3,0,10,0,3,0,2,0,2,0,4,2,35.62423166666667,139.4001127777778,1,3,9999,0,1,0
1,30,876,414,2,0,1,10480,0,201,2023,12,21,10,5,12,6,46,16,31,1,2,1,1,1,9,22,0,0,15,9,30,70,4,2,1,75,75,3,61,31,0,1,0,1,0,11,0,4,0,10,0,3,0,2,0,2,0,4,2,35.63159388888889,139.37141888888888,5,3,588,0,9,0
1,30,876,420,2,0,1,10480,0,201,2023,12,23,11,45,12,6,47,16,32,1,1,1,1,1,9,22,0,0,18,9,30,70,1,2,1,65,55,4,61,31,0,1,0,1,0,11,0,4,0,10,0,4,0,2,0,2,0,4,2,35.63357638888889,139.40717,7,3,9999,0,1,0
1,30,876,421,2,0,1,30000,0,201,2023,12,25,8,14,12,6,48,16,33,1,1,1,14,7,0,0,0,0,3,9,1,70,4,1,1,35,65,3,61,31,0,1,0,1,0,11,0,3,0,10,0,3,0,2,0,2,0,4,2,35.615699444444445,139.36782250000002,2,3,9999,0,1,0
1,30,876,425,2,0,1,30000,0,201,2023,12,29,6,5,23,6,50,16,36,1,1,1,1,7,9,22,0,0,14,8,30,70,5,2,1,55,75,35,61,31,0,0,0,0,0,11,0,2,0,10,0,3,0,0,0,0,0,4,2,35.63498,139.38065972222222,6,3,9999,0,9,0
1,30,876,429,2,0,1,99000,0,201,2023,12,28,11,56,12,6,49,16,35,1,1,1,0,7,0,0,0,0,0,0,20,70,0,4,1,75,45,4,61,31,0,1,0,1,0,11,0,10,0,10,0,4,0,2,0,2,0,4,2,35.643187777777776,139.34218083333334,5,3,324,0,9,0
1,30,876,430,2,0,1,99000,0,201,2023,12,28,12,15,12,6,49,16,35,1,1,1,0,7,0,0,0,0,0,0,20,70,0,4,1,45,35,4,61,31,0,1,0,1,0,11,0,10,0,40,0,4,0,2,0,2,0,4,2,35.61172611111111,139.3971675,5,3,9999,0,1,0
1,30,876,432,2,0,1,20770,0,201,2023,12,30,14,30,12,6,50,16,37,1,1,1,1,1,9,22,0,0,15,9,30,70,4,2,1,55,35,4,61,31,0,1,0,1,0,11,0,3,0,50,0,3,0,2,0,2,0,4,2,35.638325277777774,139.31847916666666,7,3,9999,0,9,0
1,30,877,443,2,0,1,30000,0,201,2023,11,28,8,30,12,6,29,16,29,1,2,1,14,7,0,0,0,0,2,9,1,70,5,3,1,45,1,3,61,31,0,1,0,1,0,11,0,2,0,40,0,3,0,2,0,2,0,4,2,35.682633055555556,139.26644,3,3,9999,0,9,0
1,30,877,452,2,0,1,30000,0,201,2023,12,3,8,28,12,6,33,16,28,1,2,1,1,7,1,21,0,0,17,9,30,70,5,4,1,1,35,35,61,31,0,0,0,0,0,11,0,5,0,20,0,3,0,0,0,0,0,4,2,35.67623611111111,139.29466916666667,1,3,9999,0,5,0