資料区分,都道府県コード,警察署等コード,本票番号,事故内容,死者数,負傷者数,路線コード,地点コード,市区町村コード,発生日時　　年,発生日時　　月,発生日時　　日,発生日時　　時,発生日時　　分,昼夜,日の出時刻　　時,日の出時刻　　分,日の入り時刻　　時,日の入り時刻　　分,天候,地形,路面状態,道路形状,信号機,一時停止規制　標識（当事者A）,一時停止規制　表示（当事者A）,一時停止規制　標識（当事者B）,一時停止規制　表示（当事者B）,車道幅員,道路線形,衝突地点,ゾーン規制,中央分離帯施設等,歩車道区分,事故類型,年齢（当事者A）,年齢（当事者B）,当事者種別（当事者A）,当事者種別（当事者B）,用途別（当事者A）,用途別（当事者B）,車両形状等（当事者A）,車両形状等（当事者B）,オートマチック車（当事者A）,オートマチック車（当事者B）,サポカー（当事者A）,サポカー（当事者B）,速度規制（指定のみ）（当事者A）,速度規制（指定のみ）（当事者B）,車両の衝突部位（当事者A）,車両の衝突部位（当事者B）,車両の損壊程度（当事者A）,車両の損壊程度（当事者B）,エアバッグの装備（当事者A）,エアバッグの装備（当事者B）,サイドエアバッグの装備（当事者A）,サイドエアバッグの装備（当事者B）,人身損傷程度（当事者A）,人身損傷程度（当事者B）,lat,lon,曜日(発生年月日),祝日(発生年月日),認知機能検査経過日数（当事者A）,認知機能検査経過日数（当事者B）,運転練習の方法（当事者A）,運転練習の方法（当事者B）
1,30,877,453,2,0,1,30000,0,201,2023,12,4,7,25,11,6,34,16,28,1,1,1,1,7,9,22,0,0,15,9,30,70,5,3,1,35,45,3,61,31,0,1,0,1,0,11,0,10,0,10,0,3,0,2,0,2,0,4,2,35.64768138888889,139.29612833333334,2,3,9999,0,1,0
1,30,877,455,2,0,1,200,485,201,2023,12,7,17,10,21,6,37,16,28,1,1,1,14,7,0,0,0,0,2,9,1,70,4,2,1,1,65,51,61,41,0,0,0,0,0,0,0,0,0,10,0,3,0,0,0,0,0,4,2,35.65186666666666,139.30068611111113,5,3,0,0,0,0
1,30,877,457,2,0,1,20000,0,201,2023,12,8,7,13,11,6,37,16,28,1,2,1,1,7,9,22,0,0,17,9,30,70,1,2,1,25,35,3,61,31,0,1,0,1,0,11,0,2,0,10,0,3,0,2,0,2,0,4,2,35.64706361111111,139.291015,6,3,9999,0,1,0
1,30,877,460,2,0,1,99000,0,201,2023,11,28,19,40,22,6,29,16,29,1,2,1,0,7,0,0,0,0,0,0,20,70,0,4,1,25,1,14,61,31,0,11,0,1,0,11,0,5,0,10,0,3,0,2,0,2,0,4,2,35.63514722222222,139.30108416666667,3,3,9999,0,1,0
1,30,877,461,2,0,1,30000,0,201,2023,12,10,11,9,12,6,39,16,28,1,1,1,1,7,9,22,0,0,15,8,30,70,5,2,1,1,75,14,61,1,0,11,0,1,0,11,0,10,0,30,0,3,0,2,0,2,0,4,2,35.62094888888889,139.30374472222223,1,3,9999,0,1,0
1,30,877,464,2,0,1,30000,0,201,2023,12,20,17,25,21,6,46,16,31,1,1,1,14,7,0,0,0,0,4,9,1,70,1,1,1,65,1,51,61,41,0,0,0,0,0,0,0,0,0,20,0,3,0,0,0,0,0,2,4,35.637985,139.30270000000002,4,3,0,0,0,0
1,30,877,471,2,0,1,10490,0,201,2023,11,24,8,30,12,6,25,16,30,1,2,1,14,7,0,0,0,0,4,9,1,70,4,1,1,1,0,61,0,0,0,0,0,0,0,0,0,0,0,0,0,0,0,0,0,0,0,2,0,35.6378525,139.28750472222222,6,3,0,0,0,0
1,30,878,466,2,0,1,99000,0,224,2023,9,2,14,40,12,5,13,18,8,1,2,1,0,7,0,0,0,0,0,0,20,70,0,4,1,55,0,61,0,0,0,0,0,0,0,0,0,0,0,0,0,0,0,0,0,0,0,2,0,35.647373055555555,139.4353127777778,7,3,0,0,0,0
1,30,878,474,2,0,1,30000,0,224,2023,12,10,11,0,12,6,39,16,28,1,1,1,1,1,9,22,0,0,15,9,30,70,5,2,1,65,45,3,61,31,0,1,0,1,0,11,0,5,0,10,0,3,0,2,0,2,0,4,2,35.61377944444445,139.41631333333333,1,3,9999,0,9,0
1,30,878,488,2,0,1,10510,0,224,2023,12,22,12,49,12,6,47,16,32,1,3,1,1,1,0,0,0,0,17,9,30,70,1,2,1,1,0,61,0,0,0,0,0,0,0,0,0,0,0,0,0,0,0,0,0,0,0,2,0,35.64058111111111,139.4648772222222,6,3,0,0,0,0
1,30,878,494,2,0,1,30000,0,224,2023,12,25,17,20,21,6,48,16,33,1,2,1,14,7,0,0,0,0,2,9,1,70,5,3,1,45,75,4,61,31,0,1,0,1,0,11,0,10,0,50,0,3,0,2,0,2,0,4,2,35.63003527777778,139.43990944444445,2,3,9999,0,1,0
1,30,878,495,2,0,1,30000,0,224,2023,12,25,18,50,22,6,48,16,33,1,2,1,1,7,9,22,0,0,14,9,30,70,5,2,1,55,1,3,61,31,0,1,0,1,0,11,0,2,0,10,0,3,0,2,0,2,0,4,2,35.64937583333333,139.44331805555555,2,3,9999,0,9,0
1,30,879,511,2,0,1,99000,0,223,2023,12,2,16,0,13,6,32,16,28,1,1,1,0,7,0,0,0,0,0,0,20,70,0,4,1,35,1,4,61,31,0,1,0,1,0,11,0,10,0,20,0,3,0,2,0,2,0,4,2,35.74507694444445,139.38523527777778,7,3,9999,0,5,0
1,30,879,527,2,0,1,99000,0,223,2023,11,19,15,55,13,6,20,16,32,1,2,1,0,7,0,0,0,0,0,0,20,70,0,4,1,65,45,4,61,31,0,1,0,1,0,11,0,10,0,10,0,3,0,2,0,2,0,4,2,35.74471833333333,139.38497194444443,1,3,9999,0,9,0
1,30,879,528,2,0,1,30000,0,220,2023,12,1,20,35,22,6,31,16,28,2,2,1,14,7,0,0,0,0,3,9,1,70,5,2,1,45,25,3,61,31,0,1,0,1,0,11,0,2,0,40,0,3,0,2,0,2,0,4,2,35.751779166666665,139.4099136111111,6,3,9999,0,1,0
1,30,879,546,2,0,1,30000,0,220,2023,12,21,17,10,21,6,46,16,31,1,1,1,1,1,9,22,0,0,11,9,30,70,4,2,1,75,65,3,61,31,0,1,0,1,0,11,0,3,0,80,0,3,0,2,0,2,0,4,2,35.747973611111114,139.41920638888888,5,3,23,0,9,0
1,30,879,552,2,0,1,30000,0,220,2023,12,27,11,0,12,6,49,16,35,2,1,1,14,7,0,0,0,0,1,9,1,70,5,4,1,1,55,3,61,31,0,1,0,1,0,11,0,10,0,30,0,3,0,2,0,2,0,4,2,35.742734722222224,139.43336305555556,4,3,9999,0,1,0
1,30,880,236,2,0,1,30000,0,205,2023,12,6,15,40,13,6,36,16,28,1,2,1,14,7,0,0,0,0,3,9,1,70,4,2,1,65,35,4,61,31,0,1,0,1,0,11,0,3,0,10,0,3,0,2,0,2,0,4,2,35.79969416666666,139.305755,4,3,9999,0,9,0
1,30,880,238,2,0,1,10440,0,205,2023,12,8,8,0,12,6,37,16,28,1,2,1,1,1,9,22,0,0,14,6,30,70,5,2,1,1,35,4,61,31,0,1,0,2,0,11,0,4,0,10,0,3,0,2,0,2,0,4,2,35.808343055555554,139.30338,6,3,9999,0,1,0
1,30,880,240,2,0,1,30000,0,205,2023,12,9,13,40,12,6,38,16,28,1,1,1,7,1,0,0,0,0,3,9,1,70,5,2,1,65,65,3,61,31,0,1,0,1,0,11,0,1,0,50,0,3,0,2,0,2,0,4,2,35.799279444444444,139.30463333333336,7,3,9999,0,9,0
1,30,880,243,2,0,1,30000,0,205,2023,12,13,10,20,12,6,41,16,28,1,2,1,1,7,1,21,0,0,11,9,30,70,5,3,1,75,75,4,61,31,0,1,0,1,0,11,0,2,0,50,0,3,0,2,0,2,0,4,2,35.78573972222222,139.26960722222225,4,3,1136,0,9,0
1,30,880,244,2,0,1,10240,0,205,2023,12,13,18,20,22,6,41,16,28,1,2,1,1,7,9,22,0,0,11,8,30,70,5,2,1,45,45,4,61,31,0,1,0,1,0,11,0,2,0,10,0,3,0,2,0,2,0,4,2,35.796765,139.22352305555555,4,3,9999,0,1,0
1,30,880,254,2,0,1,30000,0,205,2023,12,12,17,40,22,6,41,16,28,1,1,1,1,7,9,22,0,0,11,9,30,70,4,3,1,75,1,4,61,31,0,1,0,1,0,11,0,2,0,10,0,3,0,2,0,2,0,4,2,35.79189777777778,139.28182361111112,3,3,41,0,9,0
1,30,880,257,2,0,1,30000,0,205,2023,8,12,11,20,12,4,57,18,35,1,3,1,14,7,0,0,0,0,1,9,1,70,5,3,1,75,35,3,61,31,0,1,0,1,0,11,0,10,0,50,0,3,0,2,0,2,0,4,2,35.79138861111111,139.2724452777778,7,3,495,0,9,0
1,30,880,258,2,0,1,30000,0,205,2023,12,25,20,20,22,6,48,16,33,1,1,1,7,7,0,0,0,0,2,9,1,70,5,3,1,45,25,3,61,31,0,1,0,1,0,11,0,2,0,40,0,3,0,2,0,2,0,4,2,35.80309527777778,139.3000186111111,2,3,9999,0,9,0
1,30,880,260,2,0,1,30000,0,205,2023,12,27,18,35,22,6,49,16,35,1,3,1,1,7,9,22,0,0,14,9,30,70,4,2,1,75,65,4,61,31,0,1,0,1,0,11,0,3,0,50,0,3,0,2,0,2,0,4,2,35.78574,139.2865661111111,4,3,9999,0,9,0
1,30,881,154,2,0,1,30000,0,305,2023,12,2,6,15,23,6,32,16,28,1,2,1,1,1,9,22,0,0,11,9,30,70,5,3,1,45,65,3,61,31,0,1,0,1,0,11,0,3,0,10,0,3,0,2,0,2,0,2,4,35.73950222222222,139.27852361111113,7,3,9999,0,9,0
1,30,881,161,2,0,1,10260,0,228,2023,12,12,6,24,23,6,41,16,28,3,2,2,1,1,9,22,0,0,15,9,30,70,4,2,1,55,65,3,61,31,0,1,0,1,0,11,0,3,0,50,0,3,0,2,0,2,0,4,2,35.72674111111111,139.25471694444445,3,3,9999,0,9,0
1,30,881,166,2,0,1,30000,0,305,2023,12,16,11,52,12,6,43,16,29,2,1,1,1,7,9,22,0,0,14,9,30,70,4,2,1,75,55,4,61,31,0,1,0,1,0,11,0,3,0,0,0,4,0,2,0,2,0,4,2,35.73717194444445,139.2778963888889,7,3,144,0,9,0
1,30,881,179,2,0,1,30000,0,305,2023,12,30,11,10,12,6,50,16,37,1,2,1,1,1,9,22,0,0,11,9,30,70,4,2,1,75,65,3,61,31,0,1,0,1,0,11,0,3,0,10,0,4,0,2,0,2,0,4,2,35.73558333333333,139.2707902777778,7,3,694,0,9,0
1,30,882,392,2,0,1,10260,0,228,2023,12,8,7,35,11,6,37,16,28,1,1,1,1,1,9,22,0,0,14,9,30,70,4,2,1,65,45,14,61,31,0,11,0,1,0,11,0,4,0,10,0,3,0,2,0,2,0,4,2,35.72555583333334,139.2714527777778,6,3,9999,0,9,0
1,30,882,393,2,0,1,99000,0,228,2023,12,8,13,0,12,6,37,16,28,1,3,1,0,7,0,0,0,0,0,0,20,70,0,4,1,75,45,4,61,31,0,1,0,1,0,11,0,10,0,30,0,3,0,2,0,2,0,4,2,35.73116666666667,139.2885361111111,6,3,438,0,1,0
1,30,882,413,2,0,1,30000,0,227,2023,12,23,12,50,12,6,47,16,32,1,3,1,7,1,0,0,0,0,3,9,1,70,4,2,1,45,55,3,61,31,0,1,0,1,0,11,0,2,0,50,0,2,0,2,0,2,0,4,2,35.75964027777778,139.32883638888887,7,3,9999,0,1,0
1,30,882,421,2,0,1,30000,0,228,2023,11,16,8,30,12,6,17,16,34,1,1,1,1,7,9,22,0,0,11,8,30,70,5,3,1,1,1,51,61,41,0,0,0,0,0,0,0,0,0,10,0,3,0,0,0,0,0,4,2,35.72674388888889,139.30908805555558,5,3,0,0,0,0
1,30,882,427,2,0,1,10530,0,218,2023,12,22,19,22,22,6,47,16,32,1,1,1,1,7,9,22,0,0,18,9,30,70,4,2,1,55,65,14,61,31,0,11,0,1,0,11,0,3,0,10,0,3,0,2,0,2,0,4,2,35.72683777777778,139.33474777777778,6,3,9999,0,1,0
1,30,883,566,2,0,1,30000,0,201,2023,11,30,8,0,12,6,30,16,28,1,2,1,7,7,0,0,0,0,3,9,1,70,4,3,1,45,75,3,61,31,0,1,0,1,0,11,0,5,0,10,0,3,0,2,0,2,0,4,2,35.66477111111111,139.34899388888888,5,3,9999,0,1,0
1,30,883,569,2,0,1,30000,0,201,2023,12,3,2,8,22,6,33,16,28,1,1,1,1,7,9,22,0,0,14,9,30,70,4,2,1,45,35,17,61,1,0,11,0,1,0,11,0,3,0,10,0,3,0,2,0,2,0,4,2,35.65226805555555,139.33095138888888,1,3,9999,0,5,0
1,30,883,576,2,0,1,200,476,201,2023,12,8,20,40,22,6,37,16,28,1,1,1,1,1,9,22,0,0,17,9,30,70,4,2,1,75,1,14,61,31,0,11,0,1,0,11,0,4,0,10,0,3,0,2,0,2,0,4,2,35.656146944444444,139.30890083333335,6,3,936,0,9,0
1,30,883,585,2,0,1,30000,0,201,2023,12,7,11,30,12,6,37,16,28,1,1,1,1,1,9,22,0,0,14,9,30,70,5,3,1,35,45,14,61,31,0,11,0,1,0,11,0,3,0,20,0,3,0,2,0,2,0,4,2,35.66345638888889,139.3371413888889,5,3,9999,0,1,0
1,30,883,594,2,0,1,30000,0,201,2023,12,23,19,32,22,6,47,16,32,1,1,1,1,1,9,22,0,0,17,9,30,70,1,2,1,25,55,3,61,31,0,1,0,1,0,11,0,10,0,10,0,3,0,2,0,2,0,4,2,35.658834444444445,139.33952333333335,7,3,9999,0,1,0
1,30,883,598,2,0,1,20890,0,201,2023,12,26,18,20,22,6,49,16,34,1,1,1,1,1,9,22,0,0,19,9,30,70,4,1,1,75,45,4,61,31,0,1,0,1,0,11,0,4,0,10,0,3,0,2,0,2,0,4,2,35.66730638888889,139.36695583333335,3,3,9999,0,9,0
1,30,883,599,2,0,1,10460,0,201,2023,12,27,7,10,11,6,49,16,35,1,1,1,14,7,0,0,0,0,2,9,1,70,4,1,1,1,55,51,61,41,0,0,0,0,0,0,0,0,0,10,0,3,0,0,0,0,0,4,2,35.670202499999995,139.319085,4,3,0,0,0,0
1,30,883,602,2,0,1,160,414,201,2023,11,27,7,35,12,6,28,16,29,1,1,1,1,1,9,22,0,0,15,9,30,70,4,1,1,45,25,4,61,31,0,1,0,1,0,11,0,3,0,10,0,3,0,2,0,2,0,4,2,35.67078972222222,139.35336638888887,2,3,9999,0,1,0
1,30,883,604,2,0,1,30000,0,201,2023,12,31,18,45,22,6,50,16,37,1,1,1,13,7,0,0,0,0,2,2,1,70,5,3,1,55,55,51,61,41,0,0,0,0,0,0,0,0,0,10,0,3,0,0,0,0,0,4,2,35.67933361111111,139.3656111111111,1,2,0,0,0,0
1,30,884,726,2,0,1,30000,0,209,2023,12,2,17,40,22,6,32,16,28,1,1,1,1,7,1,21,0,0,17,9,30,70,5,2,1,1,75,3,61,31,0,1,0,1,0,11,0,2,0,10,0,3,0,2,0,2,0,4,2,35.54853416666666,139.44577361111112,7,3,9999,0,1,0
1,30,884,729,2,0,1,30000,0,209,2023,12,2,21,40,22,6,32,16,28,1,1,1,1,7,9,22,0,0,14,9,30,70,4,2,1,1,45,4,61,31,0,1,0,1,0,11,0,2,0,50,0,3,0,2,0,2,0,4,2,35.54019666666667,139.46517333333333,7,3,9999,0,1,0
1,30,884,738,2,0,1,30000,0,209,2023,12,6,9,20,12,6,36,16,28,1,2,1,1,1,9,22,0,0,14,6,30,70,4,2,1,75,65,4,61,31,0,1,0,1,0,11,0,3,0,10,0,3,0,2,0,2,0,4,2,35.55437305555555,139.4787875,4,3,324,0,9,0
1,30,884,749,2,0,1,30000,0,209,2023,12,11,16,25,13,6,40,16,28,1,2,1,14,7,0,0,0,0,3,8,1,70,4,3,1,45,55,51,61,41,0,0,0,0,0,0,0,0,0,10,0,4,0,0,0,0,0,4,2,35.587876666666666,139.39580777777778,2,3,0,0,0,0
1,30,884,754,2,0,1,30000,0,209,2023,12,12,19,35,22,6,41,16,28,1,1,2,1,7,1,21,0,0,11,9,30,70,5,3,1,45,55,3,61,31,0,1,0,1,0,11,0,2,0,10,0,3,0,2,0,2,0,4,2,35.55852194444444,139.438185,3,3,9999,0,1,0
1,30,884,755,2,0,1,21120,0,209,2023,12,12,22,20,22,6,41,16,28,3,1,1,1,1,9,22,0,0,15,9,30,70,5,2,1,35,35,12,61,1,0,11,0,2,0,11,0,3,0,10,0,3,0,2,0,2,0,4,2,35.5433625,139.47390027777777,3,3,9999,0,9,0
1,30,884,757,2,0,1,30000,0,209,2023,12,13,16,50,21,6,41,16,28,1,1,1,1,7,9,22,0,0,14,9,30,70,5,2,1,55,1,3,61,31,0,1,0,1,0,11,0,2,0,10,0,3,0,2,0,2,0,4,2,35.55381027777778,139.44430972222221,4,3,9999,0,1,0
1,30,884,760,2,0,1,10610,0,209,2023,12,13,20,50,22,6,41,16,28,1,2,1,1,1,9,22,0,0,15,9,30,70,4,2,1,55,55,3,61,1,0,1,0,1,0,11,0,3,0,50,0,3,0,2,0,2,0,4,2,35.585211111111114,139.4903536111111,4,3,9999,0,9,0
1,30,884,762,2,0,1,10610,0,209,2023,12,6,15,5,12,6,36,16,28,1,1,1,14,7,0,0,0,0,3,9,1,70,5,3,1,55,1,3,61,31,0,1,0,1,0,11,0,1,0,40,0,3,0,2,0,2,0,4,2,35.552815555555554,139.44828388888888,4,3,9999,0,9,0
1,30,884,768,2,0,1,30000,0,209,2023,12,17,0,13,22,6,44,16,30,1,2,1,1,7,1,21,0,0,15,9,30,70,4,2,1,55,35,3,61,1,0,1,0,1,0,11,0,3,0,10,0,3,0,2,0,2,0,4,2,35.559664999999995,139.4260661111111,1,3,9999,0,9,0
1,30,884,769,2,0,1,10490,0,209,2023,12,17,8,45,12,6,44,16,30,1,1,1,14,1,0,0,0,0,3,9,1,70,4,2,1,55,35,51,61,41,0,0,0,0,0,0,0,0,0,10,0,3,0,0,0,0,0,4,2,35.581475833333336,139.40443972222224,1,3,0,0,0,0
1,30,884,772,2,0,1,30000,0,209,2023,12,18,17,10,21,6,45,16,30,1,1,1,1,7,9,22,0,0,11,9,30,1,5,3,1,45,55,36,61,31,0,0,0,0,0,11,0,2,0,10,0,3,0,0,0,0,0,4,2,35.560940555555554,139.4519322222222,2,3,9999,0,1,0
1,30,884,776,2,0,1,30000,0,209,2023,12,20,8,35,12,6,46,16,31,1,1,1,1,7,9,21,0,0,14,9,30,70,5,3,1,45,25,35,61,31,0,0,0,0,0,11,0,2,0,10,0,3,0,0,0,0,0,4,2,35.551673888888885,139.44818805555556,4,3,9999,0,1,0
1,30,884,777,2,0,1,160,168,209,2023,11,26,15,30,13,6,27,16,29,2,1,1,1,1,9,22,0,0,11,9,30,70,5,2,1,1,55,3,61,31,0,1,0,1,0,11,0,5,0,40,0,3,0,2,0,2,0,4,2,35.512462222222226,139.47050777777778,1,3,9999,0,1,0
1,30,884,779,2,0,1,10490,0,209,2023,12,20,20,24,22,6,46,16,31,1,1,1,1,7,9,22,0,0,15,9,30,70,4,2,1,55,25,3,61,31,0,1,0,1,0,11,0,3,0,10,0,3,0,2,0,2,0,4,2,35.54435111111111,139.45116388888889,4,3,9999,0,9,0
1,30,884,780,2,0,1,30000,0,209,2023,11,27,9,45,12,6,28,16,29,1,1,1,14,7,0,0,0,0,1,9,1,70,5,2,1,75,45,51,61,41,0,0,0,0,0,0,0,0,0,20,0,4,0,0,0,0,0,4,2,35.557533888888884,139.42367194444444,2,3,0,0,0,0
1,30,884,782,2,0,1,30000,0,209,2023,12,22,5,16,22,6,47,16,32,1,1,1,1,7,1,21,0,0,15,8,30,70,5,2,1,45,65,3,61,31,0,1,0,1,0,11,0,2,0,10,0,3,0,2,0,2,0,4,2,35.53863027777778,139.4550747222222,6,3,9999,0,1,0
1,30,884,790,2,0,1,30000,0,209,2023,12,24,22,25,22,6,48,16,33,1,2,1,1,1,9,22,0,0,18,9,30,70,4,2,1,65,1,3,61,31,0,1,0,1,0,11,0,3,0,10,0,3,0,2,0,2,0,4,2,35.587117500000005,139.47543472222222,1,3,9999,0,9,0
1,30,884,792,2,0,1,30000,0,209,2023,12,25,15,15,12,6,48,16,33,1,2,1,1,7,9,22,0,0,14,3,30,70,4,2,1,45,75,4,61,31,0,1,0,1,0,11,0,3,0,80,0,3,0,2,0,2,0,4,2,35.57731944444445,139.42037777777776,2,3,9999,0,9,0
1,30,884,799,2,0,1,30000,0,209,2023,12,27,10,32,12,6,49,16,35,1,1,1,14,7,0,0,0,0,2,9,1,70,5,3,1,65,65,3,61,31,0,1,0,1,0,11,0,2,0,40,0,3,0,2,0,2,0,4,2,35.54509638888889,139.44472805555557,4,3,9999,0,9,0
1,30,884,803,2,0,1,30000,0,209,2023,12,28,17,55,22,6,49,16,35,1,1,1,1,7,1,21,0,0,11,9,30,70,5,2,1,1,75,14,61,1,0,11,0,1,0,11,0,3,0,10,0,3,0,2,0,2,0,4,2,35.587939444444444,139.48156555555556,5,3,9999,0,5,0
1,30,884,809,2,0,1,30000,0,209,2023,12,26,18,15,22,6,49,16,34,1,1,1,1,7,9,22,0,0,14,9,30,70,5,4,1,1,45,51,61,41,0,0,0,0,0,0,0,0,0,10,0,3,0,0,0,0,0,4,2,35.57914666666667,139.41136777777777,3,3,0,0,0,0
1,30,885,247,1,1,0,30000,0,212,2023,12,23,23,7,22,6,47,16,32,1,1,1,7,7,0,0,0,0,3,9,1,70,5,4,1,55,45,3,61,1,0,1,0,1,0,11,0,5,0,10,0,3,0,2,0,2,0,4,1,35.67211138888889,139.41672527777777,7,3,9999,0,1,0
1,30,885,253,2,0,1,30000,0,212,2023,12,6,8,53,12,6,36,16,28,1,1,1,14,7,0,0,0,0,3,9,1,70,5,2,1,25,75,3,61,31,0,1,0,1,0,11,0,2,0,40,0,3,0,2,0,2,0,4,2,35.67077472222222,139.3949558333333,4,3,9999,0,1,0
1,30,885,254,2,0,1,20780,0,212,2023,12,7,10,5,12,6,37,16,28,1,1,1,1,1,9,22,0,0,14,9,30,70,1,2,1,45,55,3,61,31,0,1,0,1,0,11,0,4,0,10,0,3,0,2,0,2,0,4,2,35.64727472222222,139.40347111111112,5,3,9999,0,5,0
1,30,885,255,2,0,1,30000,0,212,2023,11,28,17,0,21,6,29,16,29,1,2,2,14,7,0,0,0,0,1,9,1,70,4,2,1,75,35,51,61,41,0,0,0,0,0,0,0,0,0,40,0,4,0,0,0,0,0,4,2,35.67202416666667,139.39386805555554,3,3,0,0,0,0
1,30,885,259,2,0,1,30000,0,212,2023,12,14,15,55,13,6,42,16,29,1,2,1,14,1,0,0,0,0,1,9,1,70,4,2,1,65,0,61,0,0,0,0,0,0,0,0,0,0,0,0,0,0,0,0,0,0,0,2,0,35.66084472222222,139.40241777777777,5,3,0,0,0,0
1,30,885,262,2,0,1,30000,0,212,2023,12,19,16,55,21,6,45,16,30,1,1,1,1,1,9,22,0,0,14,9,30,70,5,2,1,65,75,3,61,31,0,1,0,1,0,11,0,3,0,80,0,3,0,2,0,2,0,4,2,35.6640675,139.3838213888889,3,3,9999,0,9,0
1,30,885,263,2,0,1,20770,0,212,2023,12,21,13,50,12,6,46,16,31,1,1,1,1,1,1,21,0,0,15,9,30,70,4,1,1,75,65,3,61,31,0,1,0,1,0,11,0,3,0,10,0,3,0,2,0,2,0,4,2,35.65749611111111,139.4268211111111,5,3,1024,0,9,0
1,30,886,439,2,0,1,30000,0,207,2023,12,1,8,30,12,6,31,16,28,1,2,1,1,7,9,22,0,0,14,9,30,70,5,4,1,55,55,3,61,31,0,1,0,1,0,11,0,5,0,20,0,4,0,2,0,2,0,4,2,35.69789333333333,139.36911055555555,6,3,9999,0,9,0
1,30,886,444,2,0,1,30000,0,207,2023,12,8,1,30,22,6,37,16,28,1,1,1,14,7,0,0,0,0,3,9,1,1,5,3,1,55,35,13,61,31,0,11,0,1,0,11,0,2,0,10,0,3,0,2,0,2,0,4,2,35.70777694444445,139.34322083333333,6,3,9999,0,9,0
1,30,886,450,2,0,1,30810,0,207,2023,12,4,12,29,12,6,34,16,28,1,2,1,14,7,0,0,0,0,3,9,1,70,4,2,1,55,75,4,61,31,0,1,0,1,0,11,0,3,0,80,0,4,0,2,0,2,0,4,2,35.712229722222226,139.36220666666665,2,3,9999,0,9,0
1,30,886,451,2,0,1,30000,0,207,2023,12,11,18,30,22,6,40,16,28,2,1,1,1,1,1,21,0,0,18,9,30,70,5,1,1,55,55,3,61,31,0,1,0,1,0,11,0,3,0,50,0,4,0,2,0,2,0,4,2,35.71399388888889,139.36672472222222,2,3,9999,0,9,0
1,30,886,460,2,0,1,30000,0,207,2023,12,14,17,25,21,6,42,16,29,1,1,1,1,7,1,22,0,0,11,9,30,70,5,3,1,75,45,3,61,31,0,1,0,1,0,11,0,10,0,10,0,3,0,2,0,2,0,4,2,35.70921694444445,139.3746838888889,5,3,70,0,9,0
1,30,886,466,2,0,1,30000,0,207,2023,12,19,16,36,21,6,45,16,30,1,1,1,14,7,0,0,0,0,3,9,1,70,5,3,1,35,35,4,61,31,0,1,0,1,0,11,0,3,0,40,0,4,0,2,0,2,0,4,2,35.72318194444445,139.3793652777778,3,3,9999,0,1,0
1,30,887,671,2,0,1,30000,0,202,2023,12,4,4,50,22,6,34,16,28,1,2,1,14,7,0,0,0,0,1,7,1,70,5,3,1,75,35,14,61,31,0,11,0,1,0,11,0,2,0,20,0,3,0,2,0,2,0,4,2,35.72293416666667,139.43222055555555,2,3,346,0,9,0
1,30,887,674,2,0,1,20000,0,215,2023,12,6,8,0,12,6,36,16,28,1,1,1,1,7,9,22,0,0,15,9,30,70,5,2,1,35,1,3,61,31,0,1,0,1,0,11,0,10,0,50,0,4,0,2,0,2,0,4,2,35.69965305555555,139.44674583333332,4,3,9999,0,5,0
1,30,887,679,2,0,1,30000,0,202,2023,12,9,9,45,12,6,38,16,28,1,2,1,1,7,1,22,0,0,11,9,30,70,5,3,1,65,75,3,61,31,0,1,0,1,0,11,0,3,0,10,0,4,0,2,0,2,0,4,2,35.70039055555556,139.40125111111112,7,3,9999,0,9,0
1,30,887,681,2,0,1,30000,0,215,2023,12,9,10,45,12,6,38,16,28,1,2,1,14,7,0,0,0,0,1,9,1,70,5,4,1,45,35,3,61,31,0,1,0,1,0,11,0,1,0,10,0,3,0,2,0,2,0,4,2,35.69914694444444,139.43798055555555,7,3,9999,0,1,0
1,30,887,686,2,0,1,30000,0,202,2023,11,25,16,40,21,6,26,16,30,1,1,1,14,7,0,0,0,0,2,9,1,70,5,3,1,55,25,36,61,31,0,0,0,0,0,11,0,2,0,20,0,3,0,0,0,0,0,4,2,35.687576388888886,139.41587416666667,7,3,9999,0,9,0
1,30,887,687,2,0,1,30000,0,202,2023,12,11,19,15,22,6,40,16,28,1,2,1,1,7,1,22,0,0,11,9,30,70,1,2,1,25,35,14,61,1,0,11,0,1,0,11,0,2,0,10,0,3,0,2,0,2,0,4,2,35.70017694444445,139.41559361111112,2,3,9999,0,9,0
1,30,887,693,2,0,1,30000,0,202,2023,12,13,18,35,22,6,41,16,28,1,1,1,14,7,0,0,0,0,3,9,1,70,5,1,1,75,1,3,61,31,0,1,0,1,0,11,0,10,0,10,0,3,0,2,0,2,0,4,2,35.71566694444445,139.42119499999998,4,3,1024,0,9,0
1,30,887,694,2,0,1,30000,0,215,2023,12,14,6,25,23,6,42,16,29,1,1,1,14,7,0,0,0,0,3,9,1,70,5,1,1,55,25,3,61,31,0,1,0,1,0,11,0,5,0,10,0,3,0,2,0,2,0,4,2,35.68164833333333,139.44662055555557,5,3,9999,0,9,0
1,30,887,698,2,0,1,99000,0,202,2023,12,16,13,35,12,6,43,16,29,1,2,1,0,7,0,0,0,0,0,0,20,70,0,4,1,45,75,3,61,31,0,1,0,1,0,11,0,10,0,30,0,3,0,2,0,2,0,4,2,35.6937825,139.41982527777776,7,3,9999,0,1,0