資料区分,都道府県コード,警察署等コード,本票番号,事故内容,死者数,負傷者数,路線コード,地点コード,市区町村コード,発生日時　　年,発生日時　　月,発生日時　　日,発生日時　　時,発生日時　　分,昼夜,日の出時刻　　時,日の出時刻　　分,日の入り時刻　　時,日の入り時刻　　分,天候,地形,路面状態,道路形状,信号機,一時停止規制　標識（当事者A）,一時停止規制　表示（当事者A）,一時停止規制　標識（当事者B）,一時停止規制　表示（当事者B）,車道幅員,道路線形,衝突地点,ゾーン規制,中央分離帯施設等,歩車道区分,事故類型,年齢（当事者A）,年齢（当事者B）,当事者種別（当事者A）,当事者種別（当事者B）,用途別（当事者A）,用途別（当事者B）,車両形状等（当事者A）,車両形状等（当事者B）,オートマチック車（当事者A）,オートマチック車（当事者B）,サポカー（当事者A）,サポカー（当事者B）,速度規制（指定のみ）（当事者A）,速度規制（指定のみ）（当事者B）,車両の衝突部位（当事者A）,車両の衝突部位（当事者B）,車両の損壊程度（当事者A）,車両の損壊程度（当事者B）,エアバッグの装備（当事者A）,エアバッグの装備（当事者B）,サイドエアバッグの装備（当事者A）,サイドエアバッグの装備（当事者B）,人身損傷程度（当事者A）,人身損傷程度（当事者B）,lat,lon,曜日(発生年月日),祝日(発生年月日),認知機能検査経過日数（当事者A）,認知機能検査経過日数（当事者B）,運転練習の方法（当事者A）,運転練習の方法（当事者B）
1,30,887,703,2,0,1,30000,0,202,2023,12,9,8,43,12,6,38,16,28,1,2,1,1,7,9,22,0,0,15,9,30,70,1,2,1,45,25,3,61,31,0,1,0,1,0,11,0,4,0,10,0,3,0,2,0,2,0,4,2,35.71190861111111,139.41232611111113,7,3,0,0,0,0
1,30,887,704,2,0,1,30000,0,202,2023,12,18,5,50,23,6,45,16,30,1,2,1,1,7,7,21,0,0,14,9,30,70,5,2,1,65,55,4,61,31,0,1,0,1,0,11,0,3,0,10,0,4,0,2,0,2,0,4,2,35.69649694444444,139.41776833333333,2,3,9999,0,9,0
1,30,887,705,2,0,1,30000,0,202,2023,12,18,6,55,11,6,45,16,30,1,2,1,1,1,9,22,0,0,17,9,30,70,5,2,1,25,45,14,61,1,0,11,0,1,0,11,0,3,0,10,0,3,0,2,0,2,0,4,2,35.69072055555555,139.4236,2,3,9999,0,1,0
1,30,887,706,2,0,1,30000,0,215,2023,12,18,13,0,12,6,45,16,30,1,1,1,1,7,1,21,0,0,14,9,30,70,4,3,1,25,35,14,61,31,0,11,0,1,0,11,0,2,0,20,0,3,0,2,0,2,0,4,2,35.70012138888889,139.44011722222223,2,3,9999,0,1,0
1,30,887,710,2,0,1,30000,0,202,2023,12,19,9,7,12,6,45,16,30,1,2,1,14,7,0,0,0,0,1,9,1,70,5,3,1,25,45,3,61,31,0,1,0,1,0,11,0,5,0,10,0,3,0,2,0,2,0,4,2,35.724536944444445,139.43250916666665,3,3,9999,0,1,0
1,30,887,714,2,0,1,30000,0,202,2023,12,21,9,0,12,6,46,16,31,1,1,1,1,7,9,22,0,0,15,9,30,70,4,2,1,35,1,3,61,31,0,1,0,1,0,11,0,3,0,10,0,3,0,2,0,2,0,4,2,35.69499138888889,139.41413972222222,5,3,9999,0,1,0
1,30,887,722,2,0,1,200,0,215,2023,12,22,17,20,21,6,47,16,32,1,1,1,1,7,9,22,0,0,17,9,30,70,4,1,1,45,1,3,61,31,0,1,0,1,0,11,0,4,0,10,0,3,0,2,0,2,0,4,2,35.681622777777775,139.44007611111113,6,3,9999,0,9,0
1,30,887,729,2,0,1,30000,0,202,2023,12,24,10,30,12,6,48,16,33,1,1,1,1,7,9,22,0,0,11,9,30,70,4,2,1,75,65,3,61,31,0,1,0,1,0,11,0,2,0,10,0,3,0,2,0,2,0,4,2,35.69660416666666,139.41411222222223,1,3,236,0,9,0
1,30,888,261,2,0,1,30000,0,206,2023,11,20,20,40,22,6,21,16,32,1,1,1,1,1,9,22,0,0,11,9,30,70,4,2,1,35,45,51,61,41,0,0,0,0,0,0,0,0,0,34,0,4,0,0,0,0,0,4,2,35.67111805555555,139.48169722222224,2,3,0,0,0,0
1,30,888,267,2,0,1,20000,0,206,2023,12,6,19,25,22,6,36,16,28,1,1,1,14,7,0,0,0,0,3,9,1,70,5,4,1,45,1,3,61,31,0,1,0,1,0,11,0,10,0,14,0,4,0,2,0,2,0,4,2,35.67245916666666,139.47919027777778,4,3,9999,0,1,0
1,30,888,268,2,0,1,20890,0,206,2023,12,8,16,20,13,6,37,16,28,1,1,1,7,7,0,0,0,0,1,9,1,70,5,3,1,75,1,4,61,31,0,1,0,1,0,11,0,2,0,10,0,3,0,2,0,2,0,4,2,35.668928055555554,139.50443361111112,6,3,169,0,9,0
1,30,888,276,2,0,1,30000,0,206,2023,11,24,12,10,12,6,25,16,30,1,1,1,1,7,9,22,0,0,11,9,30,70,5,4,1,75,35,36,61,31,0,0,0,0,0,11,0,2,0,10,0,3,0,0,0,0,0,4,2,35.658250833333334,139.4775775,6,3,777,0,9,0
1,30,888,280,2,0,1,30000,0,206,2023,12,9,19,49,22,6,38,16,28,1,1,1,1,1,9,22,0,0,14,9,30,70,4,1,1,45,25,3,61,31,0,1,0,1,0,11,0,3,0,10,0,3,0,2,0,2,0,4,2,35.66014361111111,139.50670916666667,7,3,9999,0,9,0
1,30,888,286,2,0,1,30000,0,206,2023,12,24,15,20,12,6,48,16,33,1,1,1,1,1,9,22,0,0,11,9,30,70,5,2,1,65,75,3,61,31,0,1,0,1,0,11,0,3,0,10,0,3,0,2,0,2,0,4,2,35.65857472222222,139.48992083333331,1,3,9999,0,9,0
1,30,888,287,2,0,1,30000,0,206,2023,12,25,18,16,22,6,48,16,33,1,1,1,1,7,9,22,0,0,15,9,30,70,4,2,1,55,55,4,61,31,0,1,0,1,0,11,0,10,0,20,0,3,0,2,0,2,0,4,2,35.65914583333333,139.47314472222223,2,3,9999,0,9,0
1,30,888,288,2,0,1,30000,0,206,2023,12,28,12,50,12,6,49,16,35,1,1,1,14,7,0,0,0,0,2,9,1,70,5,3,1,55,35,3,61,31,0,1,0,1,0,11,0,1,0,70,0,3,0,2,0,2,0,4,2,35.67259833333333,139.47842222222224,5,3,9999,0,9,0
1,30,889,358,2,0,1,30000,0,214,2023,12,6,23,15,22,6,36,16,28,1,1,1,1,7,9,22,0,0,11,8,30,70,5,3,1,45,35,51,61,41,0,0,0,0,0,0,0,0,0,10,0,3,0,0,0,0,0,4,2,35.707393333333336,139.47610527777778,4,3,0,0,0,0
1,30,889,361,2,0,1,10520,0,214,2023,12,10,10,25,12,6,39,16,28,1,1,1,14,7,0,0,0,0,1,9,1,70,4,2,1,25,75,51,61,41,0,0,0,0,0,0,0,0,0,20,0,3,0,0,0,0,0,4,2,35.717109444444446,139.43054055555555,1,3,0,0,0,0
1,30,889,362,2,0,1,30000,0,210,2023,12,4,17,25,21,6,34,16,28,1,1,1,14,7,0,0,0,0,2,9,1,70,5,3,1,55,45,3,61,31,0,1,0,1,0,11,0,2,0,10,0,3,0,2,0,2,0,4,2,35.698656666666665,139.5114888888889,2,3,9999,0,9,0
1,30,889,365,2,0,1,30000,0,210,2023,12,15,17,35,22,6,43,16,29,1,1,1,14,7,0,0,0,0,3,9,1,70,5,3,1,1,75,51,61,41,0,0,0,0,0,0,0,0,0,10,0,3,0,0,0,0,0,4,2,35.71243333333334,139.51419083333334,6,3,0,0,0,0
1,30,889,371,2,0,1,30000,0,214,2023,12,9,18,5,22,6,38,16,28,1,1,1,1,7,9,22,0,0,14,9,30,70,5,1,1,45,45,3,61,31,0,1,0,1,0,11,0,2,0,10,0,3,0,2,0,2,0,4,2,35.7067525,139.46346527777777,7,3,9999,0,1,0
1,30,889,374,2,0,1,30000,0,210,2023,12,21,11,35,12,6,46,16,31,1,1,1,1,7,9,22,0,0,11,9,30,70,4,3,1,65,65,3,61,31,0,1,0,1,0,11,0,2,0,50,0,3,0,2,0,2,0,4,2,35.705373333333334,139.50591166666666,5,3,9999,0,4,0
1,30,889,375,2,0,1,10660,0,210,2023,12,23,8,45,12,6,47,16,32,1,1,1,1,1,9,22,0,0,14,9,30,70,4,1,1,55,55,3,61,31,0,1,0,1,0,11,0,4,0,10,0,3,0,2,0,2,0,4,2,35.694671111111106,139.49798444444443,7,3,9999,0,9,0
1,30,889,382,2,0,1,30000,0,210,2023,12,26,11,0,12,6,49,16,34,1,1,1,14,7,0,0,0,0,3,9,1,70,1,3,1,65,65,51,61,41,0,0,0,0,0,0,0,0,0,10,0,3,0,0,0,0,0,4,2,35.712447222222224,139.5167066666667,3,3,0,0,0,0
1,30,889,387,2,0,1,10660,0,210,2023,12,28,18,10,22,6,49,16,35,1,1,1,14,1,0,0,0,0,2,9,1,70,4,2,1,1,65,51,61,41,0,0,0,0,0,0,0,0,0,10,0,3,0,0,0,0,0,4,2,35.70519666666667,139.49643444444442,5,3,0,0,0,0
1,30,889,390,2,0,1,30600,0,210,2023,12,22,13,25,12,6,47,16,32,1,1,1,1,1,1,21,0,0,11,9,30,70,4,2,1,45,25,3,61,31,0,1,0,1,0,11,0,2,0,20,0,3,0,2,0,2,0,4,2,35.70563805555556,139.5025288888889,6,3,9999,0,1,0
1,30,889,393,2,0,1,10660,0,210,2023,12,30,21,10,22,6,50,16,37,1,1,1,1,1,9,22,0,0,15,9,30,70,4,1,1,55,55,3,61,31,0,1,0,1,0,11,0,4,0,10,0,3,0,2,0,2,0,4,2,35.707798333333336,139.49583194444443,7,3,9999,0,9,0
1,30,890,342,2,0,1,10250,0,222,2023,9,26,22,35,22,5,31,17,33,1,1,1,14,7,0,0,0,0,5,9,1,70,4,2,1,1,55,35,61,31,0,0,0,0,0,11,0,4,0,10,0,3,0,0,0,0,0,4,2,35.73623333333333,139.52132722222223,3,3,9999,0,1,0
1,30,890,346,2,0,1,21220,0,229,2023,12,5,10,20,12,6,35,16,28,2,1,1,1,7,9,22,0,0,11,9,30,70,5,3,1,55,45,51,61,41,0,0,0,0,0,0,0,0,0,10,0,4,0,0,0,0,0,4,2,35.73047277777778,139.54127888888888,3,3,0,0,0,0
1,30,890,348,2,0,1,30000,0,222,2023,12,7,6,40,11,6,37,16,28,1,1,1,1,1,9,22,0,0,18,9,30,70,4,2,1,55,45,3,61,31,0,1,0,1,0,11,0,2,0,10,0,3,0,2,0,2,0,4,2,35.741704444444444,139.51364527777778,5,3,9999,0,3,0
1,30,890,351,2,0,1,30000,0,229,2023,12,5,16,40,21,6,35,16,28,2,1,1,1,7,1,21,0,0,11,9,30,70,4,2,1,45,75,3,61,31,0,1,0,1,0,11,0,1,0,10,0,3,0,2,0,2,0,4,2,35.72510972222222,139.52864833333334,3,3,9999,0,9,0
1,30,890,352,2,0,1,30000,0,222,2023,11,17,19,50,22,6,18,16,33,1,1,1,14,7,0,0,0,0,2,9,1,70,5,4,1,75,55,4,61,31,0,1,0,1,0,11,0,10,0,50,0,3,0,2,0,2,0,4,2,35.76678111111111,139.54137944444443,6,3,794,0,9,0
1,30,890,353,2,0,1,30000,0,229,2023,11,25,6,20,23,6,26,16,30,1,1,1,1,1,9,22,0,0,15,9,30,70,4,2,1,65,55,4,61,31,0,1,0,1,0,11,0,3,0,50,0,3,0,2,0,2,0,4,2,35.75560388888889,139.56682944444444,7,3,9999,0,9,0
1,30,890,364,2,0,1,30000,0,222,2023,11,20,17,50,22,6,21,16,32,1,1,1,1,1,9,22,0,0,14,9,30,70,4,2,1,45,35,3,61,31,0,1,0,1,0,11,0,3,0,10,0,3,0,2,0,2,0,4,2,35.744707500000004,139.5235125,2,3,9999,0,9,0
1,30,890,365,2,0,1,30000,0,229,2023,12,2,8,35,12,6,32,16,28,1,1,1,1,7,1,21,0,0,11,9,30,70,5,3,1,45,75,3,61,31,0,1,0,1,0,11,0,10,0,20,0,3,0,2,0,2,0,4,2,35.75378444444444,139.55605277777778,7,3,9999,0,1,0
1,30,890,368,2,0,1,30000,0,229,2023,12,24,15,0,12,6,48,16,33,1,1,1,1,1,9,22,0,0,15,9,30,70,4,1,1,35,55,3,61,31,0,1,0,1,0,11,0,3,0,10,0,4,0,2,0,2,0,4,2,35.73628638888889,139.54326361111112,1,3,9999,0,1,0
1,30,890,369,2,0,1,30000,0,229,2023,12,24,17,15,21,6,48,16,33,1,1,1,14,7,0,0,0,0,2,9,1,70,5,3,1,65,25,3,61,31,0,1,0,1,0,11,0,1,0,40,0,4,0,2,0,2,0,4,2,35.74606583333333,139.55676027777778,1,3,9999,0,9,0
1,30,890,371,2,0,1,99000,0,229,2023,12,20,11,15,12,6,46,16,31,1,1,1,0,7,0,0,0,0,0,0,20,70,0,4,1,65,55,4,61,31,0,1,0,1,0,11,0,10,0,50,0,3,0,2,0,2,0,4,2,35.725388055555555,139.53041666666667,4,3,9999,0,9,0
1,30,891,413,2,0,1,30000,0,221,2023,12,6,13,12,12,6,36,16,28,1,2,1,14,7,0,0,0,0,3,9,1,70,4,2,1,75,1,4,61,31,0,1,0,1,0,11,0,3,0,40,0,3,0,2,0,2,0,4,2,35.78429722222222,139.525755,4,3,838,0,9,0
1,30,891,416,2,0,1,30000,0,213,2023,12,1,17,0,21,6,31,16,28,1,1,1,1,7,1,21,0,0,11,9,30,70,5,3,1,55,65,4,61,31,0,1,0,1,0,11,0,10,0,80,0,3,0,2,0,2,0,4,2,35.77188861111111,139.48088194444443,6,3,9999,0,1,0
1,30,891,423,2,0,1,30610,0,211,2023,11,17,17,0,21,6,18,16,33,2,1,1,7,7,0,0,0,0,3,9,1,70,4,2,1,1,0,61,0,0,0,0,0,0,0,0,0,0,0,0,0,0,0,0,0,0,0,2,0,35.73997111111111,139.47747027777777,6,3,0,0,0,0
1,30,891,429,2,0,1,20000,0,213,2023,11,8,18,40,22,6,9,16,40,1,1,1,14,7,0,0,0,0,3,9,1,70,5,4,1,45,75,51,61,41,0,0,0,0,0,0,0,0,0,0,0,4,0,0,0,0,0,4,2,35.737228333333334,139.48588305555555,4,3,0,0,0,0
1,30,891,443,2,0,1,30000,0,213,2023,12,27,17,50,22,6,49,16,35,1,1,1,14,7,0,0,0,0,2,9,1,70,5,2,1,75,55,51,61,41,0,0,0,0,0,0,0,0,0,20,0,3,0,0,0,0,0,2,4,35.747056111111114,139.46710222222222,4,3,0,0,0,0
1,30,891,447,2,0,1,30000,0,213,2023,12,23,6,15,23,6,47,16,32,1,1,1,14,7,0,0,0,0,2,9,1,70,5,3,1,75,55,51,61,41,0,0,0,0,0,0,0,0,0,10,0,3,0,0,0,0,0,4,2,35.750635,139.48042111111113,7,3,0,0,0,0
1,30,891,449,2,0,1,30000,0,221,2023,12,25,22,20,22,6,48,16,33,1,1,1,14,7,0,0,0,0,2,9,1,70,5,2,1,25,0,61,0,0,0,0,0,0,0,0,0,0,0,0,0,0,0,0,0,0,0,2,0,35.76763416666667,139.5145125,2,3,0,0,0,0
1,30,891,451,2,0,1,30000,0,221,2023,12,26,21,19,22,6,49,16,34,1,1,1,14,7,0,0,0,0,3,9,1,70,4,2,1,45,1,3,61,31,0,1,0,1,0,11,0,3,0,10,0,3,0,2,0,2,0,4,2,35.783187777777776,139.5232713888889,3,3,9999,0,1,0
1,30,891,455,2,0,1,30000,0,213,2023,12,30,9,58,12,6,50,16,37,1,2,1,14,7,0,0,0,0,2,9,1,70,5,3,1,1,75,51,61,41,0,0,0,0,0,0,0,0,0,10,0,3,0,0,0,0,0,4,2,35.75288472222222,139.48280055555557,7,3,0,0,0,0
1,30,891,456,2,0,1,30000,0,213,2023,12,30,17,45,22,6,50,16,37,1,1,1,1,1,9,22,0,0,15,9,30,70,4,1,1,45,45,14,61,31,0,11,0,1,0,11,0,1,0,10,0,3,0,2,0,2,0,4,2,35.760801111111114,139.4673575,7,3,9999,0,1,0
1,30,892,359,2,0,1,30000,0,203,2023,11,29,8,5,12,6,30,16,28,1,1,1,1,7,9,22,0,0,11,9,30,1,5,3,1,35,1,51,61,41,0,0,0,0,0,0,0,0,0,10,0,3,0,0,0,0,0,4,2,35.71222388888889,139.5297602777778,4,3,0,0,0,0
1,30,892,361,2,0,1,20270,0,203,2023,12,1,20,0,22,6,31,16,28,2,1,1,1,1,9,22,0,0,14,9,30,70,4,2,1,1,35,3,61,31,0,1,0,1,0,11,0,3,0,40,0,3,0,2,0,2,0,4,2,35.70135666666667,139.58178305555555,6,3,9999,0,1,0
1,30,892,365,2,0,1,20910,0,203,2023,12,6,8,37,12,6,36,16,28,1,1,1,14,7,0,0,0,0,3,9,1,70,4,2,1,25,55,51,61,41,0,0,0,0,0,0,0,0,0,10,0,3,0,0,0,0,0,4,2,35.69933861111111,139.5381363888889,4,3,0,0,0,0
1,30,892,387,2,0,1,20230,0,203,2023,12,22,18,30,22,6,47,16,32,1,1,1,14,7,0,0,0,0,4,9,1,70,4,2,1,1,1,51,61,41,0,0,0,0,0,0,0,0,0,10,0,3,0,0,0,0,0,4,2,35.70987055555556,139.5807825,6,3,0,0,0,0
1,30,892,389,2,0,1,30000,0,120,2023,12,9,11,30,12,6,38,16,28,1,1,1,14,7,0,0,0,0,3,9,1,70,4,2,1,35,45,52,61,41,0,0,0,0,0,0,0,0,0,20,0,4,0,0,0,0,0,4,2,35.713770000000004,139.58225527777776,7,3,0,0,0,0
1,30,892,393,2,0,1,30000,0,203,2023,12,28,13,3,12,6,49,16,35,1,1,1,1,7,1,21,0,0,15,9,30,70,4,2,1,65,25,14,61,31,0,11,0,1,0,11,0,10,0,80,0,3,0,2,0,2,0,4,2,35.70367027777778,139.56535722222225,5,3,9999,0,9,0
1,30,893,284,2,0,1,20880,0,204,2023,12,3,9,39,12,6,33,16,28,1,1,1,1,1,9,22,0,0,14,9,30,70,4,2,1,45,75,3,61,31,0,1,0,1,0,11,0,3,0,10,0,3,0,2,0,2,0,4,2,35.69286472222222,139.56013666666666,1,3,9999,0,9,0
1,30,893,295,2,0,1,30000,0,204,2023,11,16,12,20,12,6,17,16,34,1,1,1,7,1,0,0,0,0,4,9,1,70,4,2,1,55,75,51,61,41,0,0,0,0,0,0,0,0,0,10,0,3,0,0,0,0,0,4,2,35.68374138888888,139.56037166666667,5,3,0,0,0,0
1,30,893,303,2,0,1,30000,0,204,2023,12,26,6,45,23,6,49,16,34,1,1,1,1,1,1,21,0,0,14,9,30,70,4,2,1,45,55,3,61,1,0,1,0,1,0,11,0,3,0,10,0,4,0,2,0,2,0,4,2,35.68833083333333,139.54570555555554,3,3,9999,0,9,0
1,30,894,600,2,0,1,200,221,208,2023,12,6,11,58,12,6,36,16,28,1,1,1,14,1,0,0,0,0,4,9,1,70,4,2,1,55,1,3,61,31,0,1,0,1,0,11,0,4,0,50,0,3,0,2,0,2,0,4,2,35.65485833333333,139.56517861111112,4,3,9999,0,9,0
1,30,894,606,2,0,1,30000,0,208,2023,12,10,11,30,12,6,39,16,28,1,1,1,14,7,0,0,0,0,1,9,1,70,5,3,1,65,1,3,61,31,0,1,0,1,0,11,0,2,0,40,0,3,0,2,0,2,0,4,2,35.65779166666667,139.57424361111111,1,3,9999,0,9,0
1,30,894,615,2,0,1,10620,0,219,2023,12,16,16,10,13,6,43,16,29,1,1,1,14,7,0,0,0,0,1,9,1,70,5,2,1,65,45,51,61,41,0,0,0,0,0,0,0,0,0,10,0,3,0,0,0,0,0,4,2,35.634459444444445,139.57802944444444,7,3,0,0,0,0
1,30,894,618,2,0,1,20900,0,208,2023,11,26,19,30,22,6,27,16,29,1,1,1,1,1,9,22,0,0,14,9,30,70,4,2,1,35,75,3,61,31,0,1,0,1,0,11,0,1,0,10,0,3,0,2,0,2,0,4,2,35.67783333333333,139.55554750000002,1,3,9999,0,1,0
1,30,894,625,2,0,1,30000,0,208,2023,10,18,9,18,12,5,49,17,3,1,1,1,1,7,9,22,0,0,11,9,30,70,4,2,1,55,45,14,61,31,0,11,0,1,0,11,0,2,0,20,0,4,0,2,0,2,0,4,2,35.65098555555556,139.5745286111111,4,3,9999,0,9,0
1,30,895,200,2,0,1,30000,0,211,2023,12,9,14,25,12,6,38,16,28,1,1,1,1,7,9,22,0,0,11,9,30,70,5,2,1,65,1,13,61,31,0,11,0,1,0,11,0,1,0,80,0,3,0,2,0,2,0,4,2,35.72714527777778,139.4527475,7,3,9999,0,9,0
1,30,895,201,2,0,1,10500,0,211,2023,12,9,20,0,22,6,38,16,28,1,1,1,14,7,0,0,0,0,3,9,1,70,4,2,1,35,25,3,61,31,0,1,0,1,0,11,0,3,0,80,0,3,0,2,0,2,0,4,2,35.72799444444445,139.46557777777775,7,3,9999,0,1,0
1,30,895,204,2,0,1,10000,0,211,2023,12,15,18,10,22,6,43,16,29,2,1,1,1,7,9,22,0,0,11,9,30,70,5,2,1,55,25,3,61,31,0,1,0,1,0,11,0,2,0,10,0,3,0,2,0,2,0,4,2,35.73537,139.4612536111111,6,3,9999,0,9,0
1,30,69,28,2,0,1,42610,0,201,2024,1,5,9,1,12,6,51,16,41,1,2,1,0,7,0,0,0,0,0,0,20,70,0,2,1,35,55,3,61,31,0,1,0,1,0,11,0,5,0,60,0,3,0,2,0,2,0,4,2,35.68007444444444,139.37486166666667,6,3,9999,0,1,0
1,30,100,6,2,0,1,30000,0,101,2024,1,10,22,20,22,6,51,16,46,1,1,1,1,7,1,21,0,0,14,9,30,70,5,3,1,55,55,12,61,31,0,11,0,1,0,11,0,2,0,10,0,4,0,2,0,2,0,4,2,35.68262972222222,139.73932388888886,4,3,9999,0,9,0
1,30,100,8,2,0,1,30000,0,101,2024,1,10,12,50,12,6,51,16,46,1,1,1,1,7,9,22,0,0,14,9,30,70,5,2,1,25,45,3,61,1,0,1,0,1,0,11,0,2,0,30,0,4,0,2,0,2,0,4,2,35.68344138888889,139.73697888888887,4,3,9999,0,1,0
1,30,100,10,2,0,1,30000,0,101,2024,1,18,13,38,12,6,49,16,53,1,1,1,14,7,0,0,0,0,3,9,1,1,5,3,1,65,1,3,61,1,0,1,0,2,0,11,0,2,0,50,0,3,0,2,0,2,0,4,2,35.691738055555554,139.73911805555554,5,3,9999,0,9,0
1,30,100,12,2,0,1,30000,0,101,2024,1,23,18,5,22,6,47,16,58,1,1,1,14,7,0,0,0,0,4,9,1,70,4,2,1,1,55,52,61,41,0,0,0,0,0,0,0,0,0,10,0,3,0,0,0,0,0,4,2,35.68170833333333,139.7350286111111,3,3,0,0,0,0
1,30,100,13,2,0,1,30030,0,101,2024,1,25,19,0,22,6,46,17,0,2,1,1,1,7,1,21,0,0,17,6,30,70,5,2,1,25,35,3,61,1,0,1,0,1,0,11,0,2,0,40,0,4,0,2,0,2,0,4,2,35.69002333333333,139.75358527777777,5,3,9999,0,1,0
1,30,100,17,2,0,1,30000,0,101,2024,1,30,12,44,12,6,43,17,6,1,1,1,1,1,9,22,0,0,18,9,30,1,5,2,1,65,45,4,61,31,0,1,0,1,0,11,0,2,0,10,0,3,0,2,0,2,0,4,2,35.688179444444444,139.74366277777776,3,3,9999,0,9,0
1,30,100,18,2,0,1,10050,0,101,2024,1,22,21,25,22,6,48,16,57,2,1,1,14,1,0,0,0,0,4,7,1,70,4,1,1,35,45,51,61,41,0,0,0,0,0,0,0,0,0,10,0,3,0,0,0,0,0,4,2,35.694955,139.74831138888888,2,3,0,0,0,0
1,30,102,2,2,0,1,30000,0,101,2023,9,25,12,10,12,5,31,17,35,1,1,1,1,7,9,22,0,0,15,9,30,70,5,1,1,45,55,51,61,41,0,0,0,0,0,0,0,0,0,10,0,3,0,0,0,0,0,4,2,35.70070444444445,139.75694833333333,2,3,0,0,0,0
1,30,102,10,2,0,1,30000,0,101,2024,1,18,21,10,22,6,49,16,53,1,1,1,1,1,9,22,0,0,17,9,30,70,4,1,1,45,1,36,61,31,0,0,0,0,0,11,0,2,0,10,0,3,0,0,0,0,0,4,2,35.699205,139.76567972222222,5,3,9999,0,1,0
1,30,102,12,2,0,1,10050,0,101,2024,1,13,17,23,21,6,51,16,48,3,1,1,1,1,9,22,0,0,17,9,30,70,1,2,1,45,25,51,61,41,0,0,0,0,0,0,0,0,0,40,0,4,0,0,0,0,0,4,2,35.69465972222222,139.76494444444444,7,3,0,0,0,0
1,30,103,7,2,0,1,30000,0,101,2024,1,24,11,5,12,6,47,16,59,1,1,1,1,7,9,22,0,0,11,9,30,70,5,4,1,75,45,3,61,31,0,1,0,1,0,11,0,10,0,10,0,3,0,2,0,2,0,4,2,35.6925275,139.7739775,4,3,434,0,9,0
1,30,104,1,2,0,1,20020,0,102,2023,12,27,19,50,22,6,49,16,35,1,1,1,1,7,9,22,0,0,17,9,30,70,4,2,1,75,25,3,61,31,0,1,0,1,0,11,0,4,0,10,0,4,0,2,0,2,0,4,2,35.67621861111111,139.78533611111112,4,3,428,0,9,0
1,30,104,7,2,0,1,20090,0,102,2024,1,21,0,40,22,6,48,16,56,3,1,2,1,1,9,22,0,0,19,9,30,70,1,2,1,55,25,3,61,1,0,1,0,1,0,11,0,5,0,10,0,3,0,2,0,2,0,4,2,35.683769722222216,139.77095555555556,1,3,9999,0,1,0
1,30,104,13,2,0,1,10040,0,102,2024,1,28,12,0,12,6,44,17,3,2,1,1,7,1,0,0,0,0,5,9,1,70,1,2,1,1,0,61,0,0,0,0,0,0,0,0,0,0,0,0,0,0,0,0,0,0,0,2,0,35.67802833333333,139.78375194444445,1,3,0,0,0,0
1,30,105,2,2,0,1,20540,0,102,2023,12,20,17,15,21,6,46,16,31,2,1,1,14,7,0,0,0,0,1,9,1,70,5,2,1,45,1,51,61,41,0,0,0,0,0,0,0,0,0,10,0,4,0,0,0,0,0,4,2,35.6833525,139.79048694444444,4,3,0,0,0,0
1,30,105,6,2,0,1,30000,0,102,2024,1,24,16,8,13,6,47,16,59,1,1,1,1,7,9,22,0,0,15,9,30,70,5,2,1,75,25,3,61,31,0,1,0,1,0,11,0,2,0,10,0,4,0,2,0,2,0,4,2,35.68898333333333,139.7872986111111,4,3,275,0,9,0
1,30,106,5,2,0,1,30000,0,102,2024,1,14,17,50,22,6,50,16,49,1,1,1,14,7,0,0,0,0,2,9,1,70,5,2,1,65,65,35,61,31,0,0,0,0,0,11,0,3,0,10,0,3,0,0,0,0,0,4,2,35.67285972222222,139.77773722222224,1,3,9999,0,9,0
1,30,106,7,2,0,1,10020,0,102,2024,1,15,17,53,22,6,50,16,50,1,1,1,1,1,9,22,0,0,19,9,30,70,4,2,1,35,45,4,61,31,0,1,0,1,0,11,0,10,0,10,0,3,0,2,0,2,0,4,2,35.67254944444444,139.7630536111111,2,3,9999,0,1,0
1,30,106,10,2,0,1,10030,0,102,2024,1,23,21,18,22,6,47,16,58,1,1,1,1,1,9,22,0,0,17,9,30,70,1,1,1,25,55,14,61,1,0,11,0,1,0,11,0,5,0,10,0,3,0,2,0,2,0,4,2,35.671547777777775,139.76867777777778,3,3,9999,0,1,0
1,30,107,9,2,0,2,20680,0,102,2024,1,14,12,1,12,6,50,16,49,1,1,1,1,1,9,22,0,0,18,9,30,70,1,2,1,75,65,51,61,41,0,0,0,0,0,0,0,0,0,10,0,4,0,0,0,0,0,4,2,35.658725555555556,139.77657250000001,1,3,0,0,0,0
1,30,107,13,2,0,1,20680,0,102,2024,1,25,7,55,12,6,46,17,0,1,1,1,1,1,9,22,0,0,15,9,30,70,1,2,1,45,65,51,61,41,0,0,0,0,0,0,0,0,0,10,0,4,0,0,0,0,0,4,2,35.65918444444444,139.77762055555556,5,3,0,0,0,0
1,30,107,14,2,0,1,20680,0,102,2024,1,27,10,3,12,6,45,17,2,1,1,1,14,7,0,0,0,0,5,9,1,70,1,1,1,75,65,51,61,41,0,0,0,0,0,0,0,0,0,10,0,3,0,0,0,0,0,4,2,35.65621611111111,139.77286,7,3,0,0,0,0