資料区分,都道府県コード,警察署等コード,本票番号,事故内容,死者数,負傷者数,路線コード,地点コード,市区町村コード,発生日時　　年,発生日時　　月,発生日時　　日,発生日時　　時,発生日時　　分,昼夜,日の出時刻　　時,日の出時刻　　分,日の入り時刻　　時,日の入り時刻　　分,天候,地形,路面状態,道路形状,信号機,一時停止規制　標識（当事者A）,一時停止規制　表示（当事者A）,一時停止規制　標識（当事者B）,一時停止規制　表示（当事者B）,車道幅員,道路線形,衝突地点,ゾーン規制,中央分離帯施設等,歩車道区分,事故類型,年齢（当事者A）,年齢（当事者B）,当事者種別（当事者A）,当事者種別（当事者B）,用途別（当事者A）,用途別（当事者B）,車両形状等（当事者A）,車両形状等（当事者B）,オートマチック車（当事者A）,オートマチック車（当事者B）,サポカー（当事者A）,サポカー（当事者B）,速度規制（指定のみ）（当事者A）,速度規制（指定のみ）（当事者B）,車両の衝突部位（当事者A）,車両の衝突部位（当事者B）,車両の損壊程度（当事者A）,車両の損壊程度（当事者B）,エアバッグの装備（当事者A）,エアバッグの装備（当事者B）,サイドエアバッグの装備（当事者A）,サイドエアバッグの装備（当事者B）,人身損傷程度（当事者A）,人身損傷程度（当事者B）,lat,lon,曜日(発生年月日),祝日(発生年月日),認知機能検査経過日数（当事者A）,認知機能検査経過日数（当事者B）,運転練習の方法（当事者A）,運転練習の方法（当事者B）
1,30,108,5,2,0,1,20090,0,103,2023,10,22,0,27,22,5,53,16,58,1,1,1,1,1,9,22,0,0,18,9,30,70,5,1,1,35,35,4,61,31,0,1,0,1,0,11,0,4,0,10,0,1,0,1,0,2,0,4,2,35.66816277777777,139.75635722222222,1,3,9999,0,1,0
1,30,108,10,2,0,1,21180,0,103,2023,12,22,14,50,12,6,47,16,32,1,1,1,7,7,0,0,0,0,3,9,1,70,1,1,1,45,0,61,0,0,0,0,0,0,0,0,0,0,0,0,0,0,0,0,0,0,0,2,0,35.664362777777775,139.75500277777778,6,3,0,0,0,0
1,30,108,12,2,0,1,30000,0,103,2023,12,25,15,9,12,6,48,16,33,1,1,1,14,7,0,0,0,0,3,9,1,70,5,3,1,55,45,3,61,1,0,1,0,1,0,11,0,10,0,40,0,3,0,2,0,2,0,4,2,35.66505472222222,139.75815472222223,2,3,9999,0,9,0
1,30,108,13,2,0,1,20030,0,103,2023,11,15,18,56,22,6,16,16,35,1,1,1,1,1,9,22,0,0,18,9,30,70,5,1,1,45,35,51,61,41,0,0,0,0,0,0,0,0,0,20,0,4,0,0,0,0,0,4,2,35.65731944444444,139.750205,4,3,0,0,0,0
1,30,108,14,2,0,1,30000,0,103,2023,12,13,12,47,12,6,41,16,28,1,1,1,14,7,0,0,0,0,3,8,1,70,4,1,1,55,55,3,61,1,0,1,0,1,0,11,0,2,0,40,0,3,0,2,0,2,0,4,2,35.665034722222224,139.7436211111111,4,3,9999,0,9,0
1,30,108,15,2,0,1,30000,0,103,2024,1,12,11,45,12,6,51,16,47,1,1,1,14,7,0,0,0,0,3,9,1,70,5,3,1,25,65,13,61,31,0,11,0,1,0,11,0,10,0,10,0,3,0,2,0,2,0,4,2,35.664525,139.75819583333333,6,3,9999,0,5,0
1,30,108,17,2,0,1,10070,0,103,2024,1,12,21,35,22,6,51,16,47,1,1,1,1,1,9,22,0,0,18,9,30,70,1,2,1,75,25,3,61,1,0,1,0,1,0,11,0,10,0,10,0,3,0,2,0,2,0,4,2,35.656035555555555,139.75981555555555,6,3,317,0,9,0
1,30,108,22,2,0,1,30000,0,103,2024,1,31,11,48,12,6,42,17,7,1,1,1,1,7,9,22,0,0,15,9,30,70,4,1,1,55,35,13,61,31,0,11,0,1,0,11,0,10,0,10,0,3,0,2,0,2,0,4,2,35.67005833333333,139.753855,4,3,9999,0,9,0
1,30,109,6,2,0,1,30000,0,103,2023,11,17,11,21,12,6,18,16,33,3,1,2,7,7,0,0,0,0,1,9,1,70,5,3,1,45,55,13,61,31,0,11,0,1,0,11,0,10,0,10,0,4,0,2,0,2,0,4,2,35.649566666666665,139.74706138888888,6,3,9999,0,5,0
1,30,109,10,2,0,1,30000,0,103,2023,12,30,17,49,22,6,50,16,37,1,1,1,14,7,0,0,0,0,2,8,1,70,1,2,1,1,1,51,61,41,0,0,0,0,0,0,0,0,0,10,0,3,0,0,0,0,0,4,2,35.64451138888889,139.74423777777776,7,3,0,0,0,0
1,30,109,11,2,0,1,10,70,103,2024,1,9,17,0,21,6,51,16,45,1,1,1,1,1,9,22,0,0,15,9,30,70,4,2,1,1,1,51,61,41,0,0,0,0,0,0,0,0,0,10,0,3,0,0,0,0,0,4,4,35.64720583333333,139.7404436111111,3,3,0,0,0,0
1,30,109,16,2,0,1,99000,0,103,2024,1,15,8,23,12,6,50,16,50,1,1,1,0,7,0,0,0,0,0,0,20,70,0,4,1,35,45,3,61,31,0,1,0,1,0,11,0,10,0,30,0,4,0,2,0,2,0,4,2,35.64050833333333,139.7536597222222,2,3,9999,0,5,0
1,30,110,3,2,0,1,30000,0,103,2024,1,4,12,47,12,6,51,16,40,1,1,1,1,1,9,22,0,0,18,9,30,70,4,2,1,55,75,3,61,31,0,1,0,1,0,11,0,3,0,80,0,3,0,2,0,2,0,4,2,35.631454444444444,139.7471158333333,5,3,9999,0,9,0
1,30,110,10,2,0,1,30000,0,103,2024,1,22,14,15,12,6,48,16,57,2,1,2,14,7,0,0,0,0,3,9,1,70,4,2,1,75,55,3,61,31,0,1,0,1,0,11,0,10,0,30,0,4,0,2,0,2,0,4,2,35.635310555555556,139.73434444444442,2,3,740,0,4,0
1,30,110,12,2,0,1,20140,0,103,2023,12,28,9,46,12,6,49,16,35,1,1,1,14,7,0,0,0,0,5,9,1,70,1,1,1,75,25,51,61,41,0,0,0,0,0,0,0,0,0,10,0,4,0,0,0,0,0,4,2,35.645803055555554,139.73554499999997,5,3,0,0,0,0
1,30,111,6,2,0,1,30000,0,103,2024,1,13,9,23,12,6,51,16,48,1,1,1,14,7,0,0,0,0,1,9,1,70,5,3,1,25,35,51,61,41,0,0,0,0,0,0,0,0,0,10,0,4,0,0,0,0,0,4,2,35.65170194444444,139.7347297222222,7,3,0,0,0,0
1,30,111,9,2,0,1,20120,0,103,2024,1,16,7,30,11,6,50,16,51,1,1,1,1,1,9,22,0,0,18,9,30,70,5,2,1,25,1,3,61,1,0,1,0,1,0,11,0,4,0,10,0,3,0,2,0,1,0,4,2,35.655793055555556,139.72342277777778,3,3,9999,0,1,0
1,30,111,13,2,0,1,30000,0,103,2024,1,21,6,45,23,6,48,16,56,3,1,2,14,7,0,0,0,0,1,9,1,70,4,3,1,55,1,3,61,1,0,1,0,1,0,11,0,10,0,80,0,3,0,2,0,2,0,4,2,35.66016833333333,139.72418277777777,1,3,9999,0,9,0
1,30,111,18,2,0,1,20170,0,103,2024,1,26,8,6,12,6,46,17,1,1,1,1,1,1,9,22,0,0,19,9,30,70,1,2,1,25,45,35,61,31,0,0,0,0,0,11,0,5,0,10,0,3,0,0,0,0,0,4,2,35.663448333333335,139.73249222222222,6,3,9999,0,5,0
1,30,111,20,2,0,1,30000,0,103,2024,1,30,13,55,12,6,43,17,6,1,1,1,1,7,9,22,0,0,14,9,30,70,5,2,1,35,75,51,61,41,0,0,0,0,0,0,0,0,0,10,0,2,0,0,0,0,0,4,2,35.650729444444444,139.73413833333333,3,3,0,0,0,0
1,30,111,21,2,0,1,30000,0,103,2024,1,29,18,25,22,6,44,17,5,1,1,1,1,7,9,22,0,0,14,3,30,70,5,1,1,25,45,3,61,31,0,1,0,1,0,11,0,10,0,10,0,4,0,2,0,2,0,4,2,35.665837777777774,139.73616194444443,2,3,9999,0,1,0
1,30,112,2,2,0,1,30000,0,103,2023,8,23,13,51,12,5,6,18,22,1,1,1,14,7,0,0,0,0,2,9,1,70,5,3,1,65,0,61,0,0,0,0,0,0,0,0,0,0,0,0,0,0,0,0,0,0,0,2,0,35.658383888888885,139.71610916666666,4,3,0,0,0,0
1,30,112,11,2,0,2,20120,0,103,2024,1,11,15,30,12,6,51,16,46,2,1,1,13,7,0,0,0,0,4,3,1,70,1,1,1,1,45,51,61,41,0,0,0,0,0,0,0,0,0,20,0,3,0,0,0,0,0,2,2,35.66656166666667,139.72031055555556,5,3,0,0,0,0
1,30,112,18,2,0,1,30000,0,103,2024,1,24,18,50,22,6,47,16,59,1,1,1,14,7,0,0,0,0,2,9,1,70,5,4,1,75,75,51,61,41,0,0,0,0,0,0,0,0,0,40,0,3,0,0,0,0,0,4,2,35.664543055555555,139.71147666666664,4,3,0,0,0,0
1,30,112,21,2,0,1,30000,0,103,2024,1,27,9,57,12,6,45,17,2,1,1,1,14,7,0,0,0,0,2,9,1,70,5,3,1,45,35,3,61,31,0,1,0,1,0,11,0,5,0,10,0,4,0,2,0,2,0,4,2,35.662636666666664,139.71192694444443,7,3,9999,0,9,0
1,30,112,23,2,0,1,20170,0,103,2024,1,31,0,47,22,6,42,17,7,1,1,1,1,1,9,22,0,0,19,9,30,70,1,2,1,75,55,3,61,1,0,1,0,1,0,11,0,5,0,10,0,3,0,2,0,1,0,4,2,35.670697499999996,139.74296388888888,4,3,517,0,9,0
1,30,113,10,2,0,1,20000,0,109,2024,1,9,16,10,13,6,51,16,45,1,1,1,12,7,0,0,0,0,1,7,1,70,1,2,1,65,1,51,61,41,0,0,0,0,0,0,0,0,0,11,0,4,0,0,0,0,0,4,2,35.62196027777778,139.75306277777779,3,3,0,0,0,0
1,30,216,14,2,0,1,30000,0,109,2024,1,11,10,59,12,6,51,16,46,1,1,1,7,7,0,0,0,0,2,9,1,70,5,4,1,1,55,14,61,1,0,11,0,1,0,11,0,10,0,20,0,4,0,2,0,2,0,4,2,35.59863055555556,139.73355166666664,5,3,9999,0,1,0
1,30,216,15,2,0,1,20180,0,109,2024,1,26,14,55,12,6,46,17,1,1,1,1,7,1,0,0,0,0,2,9,1,70,4,2,1,1,65,36,61,31,0,0,0,0,0,11,0,2,0,40,0,3,0,0,0,0,0,2,4,35.60017333333334,139.73063583333334,6,3,9999,0,1,0
1,30,217,8,2,0,1,99000,0,109,2024,1,12,11,42,12,6,51,16,47,1,1,1,0,7,0,0,0,0,0,0,20,70,0,1,1,25,55,51,61,41,0,0,0,0,0,0,0,0,0,10,0,3,0,0,0,0,0,4,2,35.61806472222222,139.73332861111112,6,3,0,0,0,0
1,30,217,12,2,0,1,30000,0,109,2024,1,19,20,30,22,6,49,16,54,1,1,1,7,7,0,0,0,0,2,8,1,70,5,3,1,65,75,3,61,31,0,1,0,1,0,11,0,10,0,10,0,3,0,2,0,2,0,4,2,35.62120361111111,139.72586194444446,6,3,9999,0,9,0
1,30,217,19,2,0,1,10160,0,109,2024,1,27,17,32,21,6,45,17,2,1,1,1,14,7,0,0,0,0,3,9,1,70,5,2,1,1,75,51,61,41,0,0,0,0,0,0,0,0,0,10,0,3,0,0,0,0,0,4,2,35.61942277777778,139.7292713888889,7,3,0,0,0,0
1,30,217,25,2,0,1,30000,0,109,2024,1,17,18,0,22,6,50,16,52,1,1,1,1,7,9,22,0,0,14,9,30,70,5,2,1,75,75,35,61,31,0,0,0,0,0,11,0,2,0,10,0,3,0,0,0,0,0,4,2,35.62759388888889,139.71597944444443,4,3,453,0,9,0
1,30,217,26,2,0,1,30000,0,109,2024,1,17,11,0,12,6,50,16,52,1,1,1,14,7,0,0,0,0,2,9,1,70,5,2,1,55,25,3,61,31,0,1,0,1,0,11,0,1,0,40,0,3,0,2,0,2,0,4,2,35.63554583333333,139.71568666666664,4,3,9999,0,4,0
1,30,218,3,2,0,1,30000,0,109,2023,6,30,15,33,12,4,28,19,1,3,1,1,1,7,0,0,0,0,11,9,30,1,5,3,1,1,0,61,0,0,0,0,0,0,0,0,0,0,0,0,0,0,0,0,0,0,0,2,0,35.616839722222224,139.7015861111111,6,3,0,0,0,0
1,30,218,6,2,0,1,30000,0,109,2023,12,20,19,58,22,6,46,16,31,1,1,1,1,1,9,22,0,0,15,9,30,1,5,2,1,55,55,3,61,31,0,1,0,1,0,11,0,2,0,0,0,4,0,2,0,2,0,4,2,35.611695000000005,139.7032075,4,3,9999,0,9,0
1,30,218,13,2,0,1,30000,0,109,2024,1,16,8,45,12,6,50,16,51,1,1,1,1,7,9,22,0,0,14,9,30,70,4,3,1,25,1,51,61,41,0,0,0,0,0,0,0,0,0,10,0,4,0,0,0,0,0,4,2,35.61577944444445,139.7141836111111,3,3,0,0,0,0
1,30,218,14,2,0,1,30000,0,109,2024,1,17,9,55,12,6,50,16,52,1,1,1,1,1,9,22,0,0,18,9,30,70,5,3,1,55,55,3,61,31,0,1,0,1,0,11,0,4,0,10,0,3,0,2,0,2,0,4,2,35.61133388888889,139.7059425,4,3,9999,0,9,0
1,30,218,15,2,0,1,10170,0,109,2024,1,19,18,5,22,6,49,16,54,1,1,1,1,1,9,22,0,0,17,7,30,70,4,2,1,1,55,51,61,41,0,0,0,0,0,0,0,0,0,10,0,3,0,0,0,0,0,4,2,35.61231055555556,139.70690444444443,6,3,0,0,0,0
1,30,218,17,2,0,1,30000,0,109,2024,1,17,20,0,22,6,50,16,52,1,1,1,14,7,0,0,0,0,3,9,1,70,5,3,1,55,45,3,61,31,0,1,0,1,0,11,0,2,0,20,0,4,0,2,0,2,0,4,2,35.615006944444445,139.69946777777778,4,3,9999,0,9,0
1,30,219,1,1,1,0,10130,0,111,2024,1,10,10,32,12,6,51,16,46,1,1,1,1,1,9,22,0,0,19,9,30,70,5,1,1,45,75,11,61,1,0,11,0,2,0,11,0,4,0,81,0,3,0,2,0,2,0,4,1,35.577666111111114,139.73539527777777,4,3,9999,0,2,0
1,30,219,3,2,0,1,30000,0,111,2023,12,26,16,38,21,6,49,16,34,1,1,1,14,7,0,0,0,0,2,9,1,70,5,3,1,75,25,51,61,41,0,0,0,0,0,0,0,0,0,40,0,4,0,0,0,0,0,4,2,35.58508638888889,139.7298211111111,3,3,0,0,0,0
1,30,219,19,2,0,1,1310,0,111,2024,1,25,18,20,22,6,46,17,0,1,1,1,1,1,9,22,0,0,17,9,30,70,1,1,1,45,45,35,61,31,0,0,0,0,0,11,0,4,0,10,0,3,0,0,0,0,0,4,2,35.572634444444446,139.73415777777777,5,3,9999,0,5,0
1,30,219,20,2,0,1,30000,0,111,2024,1,10,13,15,12,6,51,16,46,1,1,1,7,1,0,0,0,0,3,9,1,70,5,2,1,75,1,4,61,31,0,1,0,1,0,11,0,10,0,80,0,3,0,2,0,2,0,4,2,35.58029194444445,139.71861361111112,4,3,212,0,9,0
1,30,219,21,2,0,1,30000,0,111,2024,1,10,17,6,21,6,51,16,46,2,1,1,14,7,0,0,0,0,3,9,1,70,5,3,1,1,65,51,61,41,0,0,0,0,0,0,0,0,0,10,0,4,0,0,0,0,0,4,2,35.58166888888889,139.73039833333334,4,3,0,0,0,0
1,30,219,23,2,0,1,30000,0,111,2024,1,26,16,20,13,6,46,17,1,1,1,1,14,7,0,0,0,0,1,9,1,70,5,3,1,55,35,3,61,31,0,1,0,1,0,11,0,10,0,20,0,4,0,2,0,2,0,4,2,35.57831,139.72164,6,3,9999,0,9,0
1,30,219,28,2,0,1,30000,0,111,2024,1,13,10,10,12,6,51,16,48,1,1,1,14,7,0,0,0,0,2,9,1,70,5,3,1,35,35,12,61,31,0,11,0,1,0,11,0,2,0,20,0,3,0,2,0,2,0,4,2,35.58541944444445,139.7281575,7,3,9999,0,1,0
1,30,220,3,2,0,1,30000,0,111,2023,11,26,18,50,22,6,27,16,29,1,1,1,14,7,0,0,0,0,2,9,1,70,5,4,1,35,25,17,61,1,0,11,0,1,0,11,0,2,0,20,0,4,0,2,0,2,0,4,2,35.59256472222223,139.65832111111112,1,3,9999,0,1,0
1,30,220,5,2,0,1,10170,0,111,2024,1,12,11,35,12,6,51,16,47,1,1,1,14,7,0,0,0,0,2,8,1,70,5,1,1,55,65,51,61,41,0,0,0,0,0,0,0,0,0,10,0,3,0,0,0,0,0,4,2,35.59834111111111,139.68436472222223,6,3,0,0,0,0
1,30,220,7,2,0,1,30000,0,111,2024,1,14,18,40,22,6,50,16,49,1,1,1,7,7,0,0,0,0,3,9,1,70,5,4,1,55,65,36,61,31,0,0,0,0,0,11,0,2,0,10,0,3,0,0,0,0,0,4,2,35.59248111111111,139.6571413888889,1,3,9999,0,9,0
1,30,220,14,2,0,1,30000,0,111,2024,1,20,5,30,22,6,49,16,55,1,1,1,1,7,9,22,0,0,14,9,30,1,4,2,1,45,55,3,61,31,0,1,0,1,0,11,0,2,0,10,0,3,0,2,0,2,0,4,2,35.608938055555555,139.69120611111111,7,3,9999,0,9,0
1,30,220,16,2,0,1,30000,0,111,2024,1,22,18,5,22,6,48,16,57,2,1,1,7,7,0,0,0,0,2,7,1,70,5,3,1,45,65,35,61,31,0,0,0,0,0,11,0,2,0,10,0,4,0,0,0,0,0,4,2,35.59003222222223,139.69977083333333,2,3,9999,0,9,0
1,30,220,18,2,0,1,30000,0,111,2024,1,23,5,40,22,6,47,16,58,2,1,1,14,7,0,0,0,0,2,7,1,70,5,4,1,75,0,61,0,0,0,0,0,0,0,0,0,0,0,0,0,0,0,0,0,0,0,2,0,35.606836666666666,139.68814305555557,3,3,0,0,0,0
1,30,220,21,2,0,1,30000,0,111,2024,1,27,13,0,12,6,45,17,2,1,1,1,14,7,0,0,0,0,3,9,1,70,5,3,1,1,45,51,61,41,0,0,0,0,0,0,0,0,0,10,0,3,0,0,0,0,0,4,2,35.576796944444446,139.68051,7,3,0,0,0,0
1,30,221,1,1,1,0,150,149,111,2024,1,27,1,33,22,6,45,17,2,1,1,1,1,1,9,22,0,0,17,9,30,70,4,1,1,65,25,17,61,1,0,11,0,1,0,11,0,10,0,10,0,3,0,2,0,2,0,4,1,35.56400083333333,139.72673472222223,7,3,9999,0,9,0
1,30,221,3,2,0,1,30000,0,111,2023,12,20,8,45,12,6,46,16,31,1,1,1,1,7,9,22,0,0,15,9,30,70,5,1,1,25,1,13,61,31,0,11,0,1,0,11,0,2,0,10,0,3,0,2,0,2,0,4,2,35.56409972222222,139.71033416666666,4,3,9999,0,1,0
1,30,221,4,2,0,1,10200,0,111,2023,12,30,13,10,12,6,50,16,37,1,1,1,1,1,9,22,0,0,18,9,30,70,1,1,1,45,1,5,61,31,0,1,0,1,0,11,0,5,0,10,0,4,0,2,0,2,0,4,2,35.554517777777775,139.72868916666667,7,3,9999,0,9,0
1,30,221,5,2,0,2,30000,0,111,2024,1,5,20,11,22,6,51,16,41,1,1,1,1,1,9,22,0,0,14,9,30,70,5,2,1,45,75,35,61,31,0,0,0,0,0,11,0,3,0,10,0,3,0,0,0,0,0,2,2,35.545763055555554,139.7197875,6,3,9999,0,9,0
1,30,221,14,2,0,1,30000,0,111,2024,1,5,15,15,12,6,51,16,41,1,1,1,1,7,9,22,0,0,11,9,30,70,5,4,1,1,65,51,61,41,0,0,0,0,0,0,0,0,0,10,0,3,0,0,0,0,0,4,2,35.554968055555555,139.7049583333333,6,3,0,0,0,0
1,30,221,21,2,0,1,10200,0,111,2024,1,19,15,28,12,6,49,16,54,1,1,1,1,7,9,22,0,0,19,9,30,70,1,1,1,75,45,3,61,31,0,1,0,1,0,11,0,5,0,10,0,3,0,2,0,2,0,4,2,35.55779805555555,139.72216833333334,6,3,9,0,9,0
1,30,221,22,2,0,1,30000,0,111,2024,1,20,10,40,12,6,49,16,55,2,1,1,1,7,9,22,0,0,14,9,30,70,4,3,1,45,75,13,61,31,0,11,0,1,0,11,0,2,0,40,0,3,0,2,0,2,0,4,2,35.54989222222222,139.71383444444444,7,3,9999,0,9,0
1,30,221,25,2,0,1,1310,0,111,2024,1,16,15,5,12,6,50,16,51,1,1,1,1,1,1,21,0,0,17,7,30,70,1,2,1,25,55,4,61,31,0,1,0,1,0,11,0,1,0,10,0,3,0,2,0,2,0,4,2,35.561098055555554,139.73761638888888,3,3,9999,0,5,0
1,30,221,30,2,0,1,30000,0,111,2024,1,9,10,50,12,6,51,16,45,1,1,1,14,7,0,0,0,0,2,9,1,70,5,3,1,65,45,3,61,31,0,1,0,1,0,11,0,2,0,30,0,3,0,2,0,2,0,4,2,35.554404444444444,139.73009416666667,3,3,9999,0,9,0
1,30,222,7,2,0,1,30000,0,111,2024,1,9,11,49,12,6,51,16,45,1,1,1,14,7,0,0,0,0,2,9,1,70,5,2,1,35,1,17,61,1,0,11,0,1,0,11,0,2,0,50,0,4,0,2,0,2,0,4,2,35.57331694444445,139.7079761111111,3,3,9999,0,1,0
1,30,223,4,2,0,1,90000,0,111,2023,12,28,5,15,22,6,49,16,35,1,1,1,13,7,0,0,0,0,3,6,1,70,5,2,1,65,35,3,61,1,0,1,0,1,0,11,0,3,0,10,0,4,0,2,0,2,0,4,2,35.55113444444444,139.7875711111111,5,3,9999,0,9,0
1,30,223,5,2,0,1,99000,0,111,2023,9,19,22,25,22,5,26,17,44,1,1,1,0,7,0,0,0,0,0,0,20,70,0,4,1,55,45,3,61,1,0,1,0,1,0,11,0,10,0,30,0,4,0,2,0,2,0,4,2,35.54553555555555,139.76476222222223,3,3,9999,0,9,0
1,30,325,10,2,0,1,2460,91,112,2024,1,8,14,5,12,6,51,16,44,1,1,1,14,7,0,0,0,0,4,9,1,70,1,2,1,25,45,3,61,31,0,1,0,1,0,11,0,5,0,40,0,4,0,2,0,2,0,4,2,35.63593361111111,139.66498361111113,2,1,9999,0,1,0
1,30,325,14,2,0,1,10210,0,112,2024,1,4,21,5,22,6,51,16,40,1,1,1,14,7,0,0,0,0,4,9,1,70,4,1,1,1,35,51,61,41,0,0,0,0,0,0,0,0,0,11,0,3,0,0,0,0,0,4,2,35.642990555555556,139.6660713888889,5,3,0,0,0,0
1,30,325,18,2,0,1,30000,0,112,2024,1,15,19,48,22,6,50,16,50,1,1,1,14,7,0,0,0,0,1,9,1,70,5,3,1,55,25,35,61,31,0,0,0,0,0,11,0,2,0,10,0,3,0,0,0,0,0,4,2,35.63867861111111,139.67148333333333,2,3,9999,0,9,0
1,30,325,20,2,0,1,2460,92,112,2024,1,18,8,28,12,6,49,16,53,1,1,1,1,1,0,0,0,0,18,9,30,70,1,2,1,25,0,61,0,0,0,0,0,0,0,0,0,0,0,0,0,0,0,0,0,0,0,2,0,35.63553111111111,139.664365,5,3,0,0,0,0
1,30,325,23,2,0,1,30000,0,112,2024,1,20,23,25,22,6,49,16,55,3,1,2,14,7,0,0,0,0,2,9,1,70,5,3,1,45,25,4,61,31,0,1,0,1,0,11,0,2,0,13,0,2,0,2,0,2,0,4,2,35.643256666666666,139.6336063888889,7,3,9999,0,9,0
1,30,325,29,2,0,1,30740,0,112,2024,1,11,13,40,12,6,51,16,46,2,1,1,1,7,9,22,0,0,15,9,30,70,4,2,1,25,45,51,61,41,0,0,0,0,0,0,0,0,0,10,0,3,0,0,0,0,0,4,2,35.64456527777778,139.67070444444443,5,3,0,0,0,0
1,30,326,12,2,0,1,30000,0,112,2024,1,9,19,5,22,6,51,16,45,1,1,1,14,7,0,0,0,0,2,9,1,70,5,3,1,65,1,3,61,1,0,1,0,1,0,11,0,10,0,10,0,3,0,2,0,2,0,4,2,35.65127,139.63354555555554,3,3,9999,0,9,0
1,30,326,14,2,0,1,20280,0,113,2024,1,18,17,35,21,6,49,16,53,1,1,1,14,7,0,0,0,0,1,9,1,70,4,1,1,55,75,51,61,41,0,0,0,0,0,0,0,0,0,10,0,3,0,0,0,0,0,4,2,35.67001333333333,139.6724361111111,5,3,0,0,0,0
1,30,326,24,2,0,1,30000,0,112,2024,1,27,17,20,21,6,45,17,2,1,1,1,14,7,0,0,0,0,2,9,1,70,5,4,1,35,35,51,61,41,0,0,0,0,0,0,0,0,0,20,0,4,0,0,0,0,0,4,4,35.665796388888886,139.6409175,7,3,0,0,0,0
1,30,326,26,2,0,1,30000,0,112,2024,1,31,10,40,12,6,42,17,7,1,1,1,14,7,0,0,0,0,2,9,1,1,5,3,1,25,55,14,61,31,0,11,0,1,0,11,0,2,0,10,0,3,0,2,0,2,0,4,2,35.65788611111111,139.6461961111111,4,3,9999,0,1,0
1,30,327,9,2,0,1,30000,0,112,2023,12,9,6,10,23,6,38,16,28,1,1,1,1,7,9,22,0,0,14,9,30,70,5,2,1,55,35,3,61,31,0,1,0,1,0,11,0,2,0,10,0,4,0,2,0,2,0,4,2,35.62432,139.63632833333332,7,3,9999,0,9,0
1,30,327,16,2,0,1,30000,0,112,2023,12,3,12,50,12,6,33,16,28,1,1,1,14,7,0,0,0,0,5,9,1,70,1,2,1,35,1,51,61,41,0,0,0,0,0,0,0,0,0,10,0,3,0,0,0,0,0,4,2,35.614044166666666,139.63737277777776,1,3,0,0,0,0
1,30,327,22,2,0,1,30000,0,112,2023,12,21,11,55,12,6,46,16,31,1,1,1,1,7,1,21,0,0,14,9,30,70,4,2,1,35,1,13,61,31,0,11,0,1,0,11,0,5,0,10,0,3,0,2,0,2,0,4,2,35.630094722222225,139.6299363888889,5,3,9999,0,1,0
1,30,327,23,2,0,1,20210,0,112,2023,12,26,17,20,21,6,49,16,34,1,1,1,1,1,9,22,0,0,14,9,30,70,4,3,1,65,75,3,61,1,0,1,0,1,0,11,0,2,0,10,0,3,0,2,0,2,0,4,2,35.59489277777778,139.67728416666665,3,3,9999,0,9,0
1,30,327,28,2,0,1,10200,0,112,2024,1,6,5,43,22,6,51,16,42,1,1,1,1,1,9,22,0,0,17,9,30,70,5,2,1,25,25,3,61,31,0,1,0,1,0,11,0,10,0,20,0,2,0,2,0,2,0,4,2,35.625638888888886,139.6268788888889,7,3,9999,0,1,0
1,30,327,43,2,0,1,30200,0,112,2024,1,17,6,25,23,6,50,16,52,1,1,1,1,7,9,22,0,0,14,9,30,70,4,2,1,55,75,14,61,31,0,11,0,2,0,11,0,2,0,10,0,3,0,2,0,2,0,4,2,35.61973277777778,139.65339972222222,4,3,9999,0,9,0
1,30,327,45,2,0,1,10190,0,112,2024,1,19,15,15,12,6,49,16,54,1,1,1,1,1,9,22,0,0,14,9,30,70,4,3,1,35,45,3,61,31,0,1,0,1,0,11,0,1,0,10,0,3,0,2,0,2,0,4,2,35.59359083333334,139.65412777777777,6,3,9999,0,1,0
1,30,327,48,2,0,1,30000,0,112,2024,1,23,8,17,12,6,47,16,58,1,1,1,14,7,0,0,0,0,1,9,1,70,5,4,1,55,55,3,61,31,0,1,0,1,0,11,0,5,0,40,0,4,0,2,0,2,0,4,2,35.62469083333333,139.62533583333334,3,3,9999,0,9,0
1,30,327,53,2,0,1,30000,0,112,2023,12,9,15,48,13,6,38,16,28,1,1,1,1,7,1,21,0,0,15,9,30,70,4,1,1,55,25,3,61,31,0,1,0,1,0,11,0,2,0,0,0,4,0,2,0,2,0,4,2,35.6247,139.6351436111111,7,3,9999,0,9,0
1,30,327,59,2,0,1,30000,0,112,2024,1,24,19,30,22,6,47,16,59,1,1,1,14,7,0,0,0,0,3,9,1,70,4,2,1,45,35,59,61,0,0,0,0,0,0,0,0,0,0,10,0,4,0,0,0,0,0,4,2,35.63106138888889,139.63837277777776,4,3,0,0,0,0
1,30,328,4,2,0,1,30000,0,112,2023,9,14,14,46,12,5,22,17,51,1,1,1,14,7,0,0,0,0,2,9,1,70,5,4,1,25,1,13,61,31,0,11,0,1,0,11,0,10,0,30,0,3,0,2,0,2,0,4,2,35.66817638888889,139.6051122222222,5,3,9999,0,5,0
1,30,328,8,2,0,1,20220,0,112,2023,11,23,14,50,12,6,24,16,30,1,1,1,1,7,9,22,0,0,14,9,30,70,5,3,1,35,35,14,61,1,0,11,0,1,0,11,0,2,0,20,0,4,0,2,0,2,0,4,2,35.66712472222222,139.63229833333335,5,1,9999,0,1,0
1,30,328,13,2,0,1,30000,0,115,2023,12,25,17,40,22,6,48,16,33,1,1,1,1,1,9,22,0,0,15,9,30,70,4,3,1,55,35,17,61,31,0,11,0,1,0,11,0,3,0,10,0,3,0,2,0,2,0,4,2,35.67176388888889,139.60897694444444,2,3,9999,0,9,0