資料区分,都道府県コード,警察署等コード,本票番号,事故内容,死者数,負傷者数,路線コード,地点コード,市区町村コード,発生日時　　年,発生日時　　月,発生日時　　日,発生日時　　時,発生日時　　分,昼夜,日の出時刻　　時,日の出時刻　　分,日の入り時刻　　時,日の入り時刻　　分,天候,地形,路面状態,道路形状,信号機,一時停止規制　標識（当事者A）,一時停止規制　表示（当事者A）,一時停止規制　標識（当事者B）,一時停止規制　表示（当事者B）,車道幅員,道路線形,衝突地点,ゾーン規制,中央分離帯施設等,歩車道区分,事故類型,年齢（当事者A）,年齢（当事者B）,当事者種別（当事者A）,当事者種別（当事者B）,用途別（当事者A）,用途別（当事者B）,車両形状等（当事者A）,車両形状等（当事者B）,オートマチック車（当事者A）,オートマチック車（当事者B）,サポカー（当事者A）,サポカー（当事者B）,速度規制（指定のみ）（当事者A）,速度規制（指定のみ）（当事者B）,車両の衝突部位（当事者A）,車両の衝突部位（当事者B）,車両の損壊程度（当事者A）,車両の損壊程度（当事者B）,エアバッグの装備（当事者A）,エアバッグの装備（当事者B）,サイドエアバッグの装備（当事者A）,サイドエアバッグの装備（当事者B）,人身損傷程度（当事者A）,人身損傷程度（当事者B）,lat,lon,曜日(発生年月日),祝日(発生年月日),認知機能検査経過日数（当事者A）,認知機能検査経過日数（当事者B）,運転練習の方法（当事者A）,運転練習の方法（当事者B）
1,30,328,17,2,0,1,30000,0,112,2023,12,28,17,54,22,6,49,16,35,1,1,1,1,7,9,22,0,0,11,9,30,70,5,3,1,75,35,14,61,31,0,11,0,1,0,11,0,2,0,50,0,3,0,2,0,2,0,4,2,35.62321583333333,139.59099194444445,5,3,93,0,9,0
1,30,328,21,2,0,1,30000,0,112,2024,1,8,14,15,12,6,51,16,44,1,1,1,1,7,1,22,0,0,11,9,30,70,4,1,1,65,75,3,61,31,0,1,0,1,0,11,0,2,0,10,0,3,0,2,0,2,0,4,2,35.67580805555556,139.60258888888887,2,1,9999,0,9,0
1,30,328,31,2,0,1,30000,0,112,2024,1,15,14,35,12,6,50,16,50,1,1,1,7,7,0,0,0,0,3,9,1,70,5,3,1,25,65,3,61,31,0,1,0,1,0,11,0,2,0,40,0,4,0,2,0,2,0,4,2,35.635310833333335,139.5896686111111,2,3,9999,0,1,0
1,30,328,39,2,0,1,30000,0,112,2024,1,19,7,5,11,6,49,16,54,1,1,1,14,7,0,0,0,0,2,9,1,70,5,3,1,55,45,3,61,31,0,1,0,1,0,11,0,10,0,40,0,3,0,2,0,2,0,4,2,35.62350388888889,139.61324,6,3,9999,0,9,0
1,30,328,40,2,0,1,30000,0,112,2024,1,19,9,0,12,6,49,16,54,1,1,1,1,7,1,21,0,0,11,9,30,70,5,3,1,25,65,51,61,41,0,0,0,0,0,0,0,0,0,10,0,4,0,0,0,0,0,4,2,35.68078083333333,139.59231222222223,6,3,0,0,0,0
1,30,328,41,2,0,1,10200,0,112,2024,1,13,17,57,22,6,51,16,48,3,1,2,1,1,9,22,0,0,18,9,30,70,1,2,1,75,25,36,61,31,0,0,0,0,0,11,0,10,0,10,0,4,0,0,0,0,0,4,2,35.64917388888889,139.61689111111113,7,3,92,0,9,0
1,30,328,42,2,0,1,30000,0,112,2024,1,20,13,20,12,6,49,16,55,3,1,2,1,1,9,22,0,0,15,9,30,70,5,1,1,55,75,3,61,31,0,1,0,1,0,11,0,2,0,10,0,3,0,2,0,2,0,4,2,35.620513611111114,139.62203444444444,7,3,9999,0,1,0
1,30,328,45,2,0,1,30000,0,112,2024,1,24,16,54,13,6,47,16,59,1,1,1,14,7,0,0,0,0,3,9,1,70,4,2,1,65,1,3,61,1,0,1,0,1,0,11,0,3,0,10,0,3,0,2,0,2,0,4,2,35.64404888888889,139.61344305555556,4,3,9999,0,9,0
1,30,328,57,2,0,1,30000,0,112,2024,1,22,9,10,12,6,48,16,57,1,1,1,1,7,9,22,0,0,15,6,30,70,5,3,1,55,75,3,61,31,0,1,0,1,0,11,0,2,0,10,0,4,0,2,0,2,0,4,2,35.63749583333333,139.61948444444445,2,3,9999,0,1,0
1,30,329,3,2,0,1,20240,0,110,2024,1,8,14,10,12,6,51,16,44,1,1,1,1,1,9,22,0,0,14,7,30,70,4,2,1,35,35,43,61,41,0,31,0,0,0,0,0,1,0,10,0,3,0,0,0,0,0,4,2,35.64129444444444,139.69954166666668,2,1,0,0,0,0
1,30,329,9,2,0,1,30120,0,110,2024,1,17,11,0,12,6,50,16,52,1,1,1,1,1,9,22,0,0,15,9,30,70,4,2,1,75,55,3,61,1,0,1,0,1,0,11,0,3,0,10,0,3,0,2,0,2,0,4,2,35.640632777777775,139.7122136111111,4,3,264,0,9,0
1,30,329,12,2,0,1,30000,0,110,2024,1,21,12,35,12,6,48,16,56,3,1,2,14,7,0,0,0,0,2,9,1,70,5,3,1,65,25,3,61,31,0,1,0,1,0,11,0,10,0,80,0,4,0,2,0,2,0,4,2,35.64236638888889,139.6967561111111,1,3,9999,0,9,0
1,30,329,14,2,0,1,30000,0,110,2023,12,27,12,5,12,6,49,16,35,1,1,1,14,7,0,0,0,0,2,9,1,1,5,3,1,65,75,3,61,1,0,1,0,1,0,11,0,2,0,43,0,4,0,2,0,2,0,4,2,35.63462527777778,139.68679111111112,4,3,9999,0,9,0
1,30,329,15,2,0,1,10160,0,110,2024,1,28,16,50,13,6,44,17,3,2,1,1,1,1,9,22,0,0,17,9,30,70,5,1,1,55,35,3,61,1,0,1,0,1,0,11,0,5,0,80,0,3,0,2,0,2,0,4,2,35.648806111111114,139.69232333333335,1,3,9999,0,9,0
1,30,329,20,2,0,1,30000,0,110,2024,1,27,14,50,12,6,45,17,2,1,1,1,14,7,0,0,0,0,2,8,1,70,5,1,1,45,55,36,61,31,0,0,0,0,0,11,0,10,0,40,0,4,0,0,0,0,0,4,2,35.65920277777778,139.6821097222222,7,3,9999,0,5,0
1,30,330,1,2,0,1,30000,0,110,2023,12,25,12,53,12,6,48,16,33,1,1,1,14,7,0,0,0,0,3,9,1,70,4,3,1,75,45,3,61,31,0,1,0,1,0,11,0,2,0,40,0,4,0,2,0,2,0,4,2,35.620945,139.69328361111113,2,3,801,0,9,0
1,30,330,13,2,0,1,30000,0,110,2024,1,17,23,23,22,6,50,16,52,1,1,1,14,7,0,0,0,0,3,9,1,70,4,3,1,75,45,3,61,1,0,1,0,1,0,11,0,2,0,40,0,3,0,2,0,2,0,4,2,35.61355388888889,139.693345,4,3,779,0,9,0
1,30,330,26,2,0,1,30000,0,110,2024,1,25,16,11,13,6,46,17,0,1,1,1,1,7,9,22,0,0,15,3,30,70,4,3,1,55,1,3,61,31,0,1,0,1,0,11,0,2,0,20,0,3,0,2,0,2,0,4,2,35.617240277777775,139.67649388888887,5,3,9999,0,9,0
1,30,330,27,2,0,1,10130,0,110,2024,1,27,21,19,22,6,45,17,2,1,1,1,14,7,0,0,0,0,1,9,1,70,1,2,1,1,35,51,61,41,0,0,0,0,0,0,0,0,0,10,0,3,0,0,0,0,0,4,2,35.616035000000004,139.6833425,7,3,0,0,0,0
1,30,331,4,2,0,1,30000,0,113,2023,12,21,13,20,12,6,46,16,31,1,1,1,14,7,0,0,0,0,1,9,1,70,5,3,1,45,35,3,61,31,0,1,0,1,0,11,0,2,0,20,0,4,0,2,0,2,0,4,2,35.65914,139.69924583333335,5,3,9999,0,1,0
1,30,331,7,2,0,1,30000,0,113,2023,12,12,1,30,22,6,41,16,28,3,1,2,14,7,0,0,0,0,2,9,1,1,5,2,1,45,25,51,61,41,0,0,0,0,0,0,0,0,0,10,0,3,0,0,0,0,0,4,2,35.65309388888889,139.69833,3,3,0,0,0,0
1,30,331,10,2,0,1,30000,0,113,2024,1,5,11,50,12,6,51,16,41,1,1,1,1,7,9,22,0,0,14,9,30,70,4,1,1,25,45,52,61,41,0,0,0,0,0,0,0,0,0,10,0,3,0,0,0,0,0,4,2,35.66235472222222,139.69860527777777,6,3,0,0,0,0
1,30,331,12,2,0,1,20120,0,113,2024,1,5,17,0,21,6,51,16,41,1,1,1,1,1,3,22,0,0,14,9,30,70,4,2,1,75,75,3,61,31,0,1,0,1,0,11,0,4,0,40,0,4,0,2,0,2,0,4,2,35.644817777777774,139.72159333333335,6,3,767,0,1,0
1,30,331,13,2,0,2,30000,0,113,2024,1,11,17,25,21,6,51,16,46,1,1,1,14,7,0,0,0,0,4,9,1,70,4,1,1,55,25,13,61,31,0,11,0,1,0,11,0,10,0,10,0,3,0,2,0,2,0,4,2,35.65789888888889,139.70823194444444,5,3,9999,0,9,0
1,30,331,15,2,0,1,10160,0,113,2024,1,8,19,45,22,6,51,16,44,1,1,1,1,7,1,21,0,0,18,9,30,1,5,1,1,45,35,13,61,1,0,11,0,1,0,11,0,2,0,10,0,3,0,2,0,2,0,4,2,35.66287916666666,139.68783194444444,2,1,9999,0,9,0
1,30,331,26,2,0,1,20250,0,113,2024,1,31,20,15,22,6,42,17,7,1,1,1,1,8,9,22,0,0,18,9,30,70,4,1,1,65,25,3,61,1,0,1,0,1,0,11,0,3,0,40,0,3,0,2,0,2,0,4,2,35.64809277777778,139.71023194444444,4,3,9999,0,9,0
1,30,332,2,2,0,1,200,85,113,2023,12,14,10,53,12,6,42,16,29,1,1,1,14,7,0,0,0,0,3,9,1,70,5,1,1,75,55,3,61,1,0,1,0,1,0,11,0,10,0,40,0,3,0,2,0,2,0,4,2,35.688630555555555,139.7009247222222,5,3,9999,0,9,0
1,30,332,4,2,0,1,20160,0,113,2023,12,27,16,37,21,6,49,16,35,1,1,1,14,7,0,0,0,0,4,9,1,70,1,2,1,65,55,3,61,31,0,1,0,1,0,11,0,3,0,10,0,4,0,2,0,2,0,4,2,35.666576666666664,139.70970083333333,4,3,9999,0,9,0
1,30,332,8,2,0,1,30000,0,113,2024,1,31,17,0,13,6,42,17,7,1,1,1,14,7,0,0,0,0,3,9,1,1,5,3,1,35,65,3,61,31,0,1,0,1,0,11,0,2,0,40,0,3,0,2,0,2,0,4,2,35.66972861111111,139.71322305555555,4,3,9999,0,5,0
1,30,333,1,2,0,1,30000,0,113,2024,1,6,19,15,22,6,51,16,42,1,1,1,14,7,0,0,0,0,2,9,1,70,4,2,1,45,25,3,61,31,0,1,0,1,0,11,0,2,0,10,0,3,0,2,0,2,0,4,2,35.68210416666666,139.68519583333332,7,3,9999,0,1,0
1,30,333,5,2,0,1,20330,0,113,2024,1,11,14,36,12,6,51,16,46,1,1,1,1,1,9,22,0,0,14,9,30,70,4,2,1,35,65,3,61,31,0,1,0,1,0,11,0,3,0,80,0,3,0,2,0,2,0,4,2,35.67995472222222,139.67691722222222,5,3,9999,0,9,0
1,30,333,7,2,0,1,20280,0,113,2024,1,6,0,10,22,6,51,16,42,1,1,1,1,1,9,22,0,0,18,9,30,70,4,1,1,65,25,3,61,1,0,1,0,1,0,11,0,3,0,10,0,3,0,2,0,2,0,4,2,35.67905777777778,139.67010194444444,7,3,9999,0,9,0
1,30,333,12,2,0,1,30000,0,113,2024,1,24,19,0,22,6,47,16,59,1,1,1,14,7,0,0,0,0,3,9,1,70,5,3,1,45,25,34,61,31,0,0,0,0,0,11,0,2,0,10,0,2,0,0,0,0,0,4,2,35.67910805555555,139.66984527777777,4,3,9999,0,1,0
1,30,333,14,2,0,1,20270,0,113,2024,1,31,17,55,21,6,42,17,7,1,1,1,7,1,0,0,0,0,6,9,1,70,1,2,1,45,45,51,61,41,0,0,0,0,0,0,0,0,0,10,0,3,0,0,0,0,0,4,2,35.66817777777778,139.67898277777778,4,3,0,0,0,0
1,30,435,3,2,0,1,10120,0,104,2024,1,1,19,15,22,6,50,16,38,1,1,1,1,1,9,22,0,0,18,9,30,70,1,2,1,35,55,51,61,41,0,0,0,0,0,0,0,0,0,10,0,3,0,0,0,0,0,4,2,35.695387777777775,139.7249813888889,2,1,0,0,0,0
1,30,435,4,2,0,1,20290,0,104,2024,1,9,23,5,22,6,51,16,45,1,1,1,1,1,9,22,0,0,14,9,30,70,4,2,1,65,45,3,61,1,0,1,0,1,0,11,0,3,0,10,0,3,0,2,0,2,0,4,2,35.70218416666667,139.73809527777777,3,3,9999,0,1,0
1,30,435,5,2,0,1,30870,0,104,2024,1,10,11,0,12,6,51,16,46,1,1,1,14,7,0,0,0,0,5,9,1,70,1,1,1,55,55,51,61,41,0,0,0,0,0,0,0,0,0,10,0,3,0,0,0,0,0,2,4,35.7052625,139.73095111111112,4,3,0,0,0,0
1,30,435,7,2,0,1,20090,0,104,2024,1,15,9,10,12,6,50,16,50,1,1,1,1,1,9,22,0,0,19,9,30,70,5,1,1,35,55,51,61,41,0,0,0,0,0,0,0,0,0,10,0,3,0,0,0,0,0,4,2,35.69230638888889,139.7352775,2,3,0,0,0,0
1,30,435,14,2,0,1,30000,0,104,2024,1,26,15,30,12,6,46,17,1,1,1,1,14,7,0,0,0,0,2,9,1,70,1,2,1,25,1,36,61,31,0,0,0,0,0,11,0,1,0,12,0,4,0,0,0,0,0,4,2,35.69874722222222,139.71713277777778,6,3,9999,0,5,0
1,30,436,4,2,0,1,30000,0,104,2023,8,13,15,10,12,4,58,18,34,2,1,1,14,7,0,0,0,0,3,9,1,1,5,3,1,1,45,51,61,41,0,0,0,0,0,0,0,0,0,10,0,4,0,0,0,0,0,4,2,35.7069825,139.68963833333333,1,3,0,0,0,0
1,30,436,5,2,0,1,10050,0,104,2023,11,20,7,0,11,6,21,16,32,1,1,1,1,1,9,22,0,0,18,9,30,70,1,2,1,65,1,17,61,31,0,11,0,2,0,11,0,4,0,10,0,3,0,2,0,2,0,4,2,35.69366333333333,139.7013386111111,2,3,9999,0,9,0
1,30,436,11,2,0,1,10090,0,104,2024,1,19,4,44,22,6,49,16,54,1,1,1,1,7,9,22,0,0,11,9,30,70,4,3,1,35,1,3,61,31,0,1,0,1,0,11,0,10,0,80,0,3,0,2,0,2,0,4,2,35.69523861111111,139.7067788888889,6,3,9999,0,1,0
1,30,436,12,2,0,1,10240,0,104,2024,1,19,16,15,13,6,49,16,54,1,1,1,1,7,1,21,0,0,17,9,30,70,1,2,1,65,65,3,61,31,0,1,0,1,0,11,0,3,0,40,0,3,0,2,0,2,0,4,2,35.695544722222216,139.68965777777777,6,3,9999,0,9,0
1,30,436,13,2,0,1,30000,0,104,2023,11,7,21,0,22,6,8,16,41,1,1,1,7,1,0,0,0,0,5,9,1,70,4,2,1,65,55,24,61,0,0,0,0,0,0,11,0,10,0,43,0,3,0,0,0,0,0,4,2,35.68850111111111,139.6904075,3,3,9999,0,9,0
1,30,436,15,2,0,1,30000,0,104,2024,1,19,21,55,22,6,49,16,54,1,1,1,14,7,0,0,0,0,3,9,1,70,5,3,1,55,45,3,61,1,0,1,0,1,0,11,0,2,0,40,0,3,0,2,0,2,0,4,2,35.696037777777775,139.7023113888889,6,3,9999,0,9,0
1,30,436,17,2,0,1,30000,0,104,2024,1,26,0,50,22,6,46,17,1,1,1,1,7,1,0,0,0,0,4,9,1,70,5,3,1,65,35,3,61,1,0,1,0,1,0,11,0,2,0,40,0,3,0,2,0,2,0,4,2,35.694936388888884,139.70443333333333,6,3,9999,0,9,0
1,30,436,20,2,0,1,30290,0,104,2024,1,27,14,30,12,6,45,17,2,1,1,1,1,7,9,22,0,0,15,9,30,70,4,2,1,45,75,13,61,31,0,11,0,1,0,11,0,3,0,10,0,4,0,2,0,2,0,4,2,35.70391305555556,139.69476055555555,7,3,9999,0,1,0
1,30,436,22,2,0,1,200,85,113,2024,1,29,6,10,23,6,44,17,5,1,1,1,14,1,0,0,0,0,5,9,1,70,1,2,1,35,25,34,61,31,0,0,0,0,0,11,0,5,0,10,0,3,0,0,0,0,0,4,2,35.68899805555555,139.70039,2,3,9999,0,1,0
1,30,436,23,2,0,1,30000,0,104,2024,1,31,15,28,12,6,42,17,7,1,1,1,7,7,0,0,0,0,4,9,1,70,4,3,1,65,55,3,61,1,0,1,0,1,0,11,0,1,0,40,0,3,0,2,0,2,0,4,2,35.6949975,139.70459166666666,4,3,9999,0,9,0
1,30,436,25,2,0,1,30000,0,104,2023,11,26,16,45,21,6,27,16,29,1,1,1,14,7,0,0,0,0,1,9,1,70,5,2,1,45,45,3,61,31,0,1,0,1,0,11,0,5,0,40,0,4,0,2,0,2,0,4,2,35.70147583333333,139.70162,1,3,9999,0,4,0
1,30,437,9,2,0,1,30000,0,104,2024,1,16,19,15,22,6,50,16,51,1,1,1,1,7,1,21,0,0,14,9,30,70,4,4,1,35,45,51,61,41,0,0,0,0,0,0,0,0,0,10,0,3,0,0,0,0,0,4,2,35.707995555555556,139.69869166666666,3,3,0,0,0,0
1,30,437,12,2,0,1,10220,0,104,2024,1,21,19,41,22,6,48,16,56,1,1,2,14,7,0,0,0,0,4,9,1,70,4,1,1,75,1,3,61,1,0,1,0,1,0,11,0,3,0,10,0,3,0,2,0,2,0,4,2,35.712384166666666,139.70685083333333,1,3,325,0,9,0
1,30,438,11,2,0,1,10090,0,104,2024,1,20,2,15,22,6,49,16,55,1,1,1,14,7,0,0,0,0,4,9,1,70,4,2,1,45,25,3,61,1,0,1,0,1,0,11,0,4,0,10,0,3,0,2,0,2,0,4,2,35.69126249999999,139.7051186111111,7,3,9999,0,9,0
1,30,438,16,2,0,1,30000,0,103,2024,1,8,15,10,12,6,51,16,44,1,1,1,7,7,0,0,0,0,2,8,1,70,4,2,1,55,55,51,61,41,0,0,0,0,0,0,0,0,0,10,0,3,0,0,0,0,0,4,2,35.67471333333333,139.71941027777777,2,1,0,0,0,0
1,30,438,19,2,0,1,10090,0,104,2024,1,28,8,45,12,6,44,17,3,2,1,1,1,1,9,22,0,0,18,9,30,70,5,2,1,55,1,3,61,1,0,1,0,1,0,11,0,4,0,10,0,3,0,2,0,2,0,4,2,35.69221638888889,139.7057236111111,1,3,9999,0,9,0
1,30,439,3,2,0,1,10160,0,114,2023,10,10,6,30,11,5,43,17,13,1,1,1,14,1,0,0,0,0,6,9,1,70,1,2,1,25,35,3,61,1,0,1,0,1,0,11,0,5,0,0,0,4,0,2,0,2,0,4,2,35.69164444444444,139.68174305555556,3,3,9999,0,5,0
1,30,439,11,2,0,1,30000,0,114,2024,1,16,5,49,22,6,50,16,51,1,1,1,1,1,9,22,0,0,14,9,30,70,4,2,1,75,75,3,61,31,0,1,0,1,0,11,0,3,0,10,0,3,0,2,0,2,0,4,2,35.70456138888889,139.67264722222222,3,3,197,0,9,0
1,30,439,22,2,0,1,20280,0,114,2024,1,16,9,40,12,6,50,16,51,1,1,1,14,2,0,0,0,0,4,9,1,70,4,2,1,35,35,51,61,41,0,0,0,0,0,0,0,0,0,10,0,3,0,0,0,0,0,4,2,35.70417805555556,139.66547527777777,3,3,0,0,0,0
1,30,440,11,2,0,1,20500,0,114,2024,1,27,15,47,12,6,45,17,2,1,1,1,1,1,9,22,0,0,14,9,30,70,4,1,1,55,75,1,61,1,0,1,0,2,0,1,0,2,0,80,0,3,0,2,0,2,0,4,2,35.726216666666666,139.63864805555554,7,3,9999,0,9,0
1,30,440,14,2,0,1,30000,0,114,2024,1,30,20,35,22,6,43,17,6,1,1,1,14,7,0,0,0,0,2,9,1,70,5,1,1,65,25,3,61,1,0,1,0,1,0,11,0,2,0,50,0,3,0,2,0,2,0,4,2,35.715941111111114,139.6671438888889,3,3,9999,0,9,0
1,30,441,4,2,0,1,30000,0,115,2023,11,25,16,10,13,6,26,16,30,1,1,1,14,7,0,0,0,0,1,9,1,70,5,3,1,65,35,3,61,31,0,1,0,1,0,11,0,2,0,30,0,3,0,2,0,2,0,4,2,35.693801388888886,139.64805305555555,7,3,9999,0,9,0
1,30,441,13,2,0,1,10130,0,115,2024,1,14,1,28,22,6,50,16,49,1,1,1,1,1,9,22,0,0,18,9,30,70,1,1,1,45,45,17,61,1,0,11,0,1,0,11,0,4,0,10,0,3,0,2,0,2,0,4,2,35.701212222222225,139.65484916666668,1,3,9999,0,9,0
1,30,441,15,2,0,1,20500,0,115,2024,1,15,13,30,12,6,50,16,50,1,1,1,1,1,9,22,0,0,14,9,30,70,4,2,1,45,75,17,61,31,0,11,0,1,0,11,0,3,0,10,0,3,0,2,0,2,0,4,2,35.70464388888889,139.63660666666667,2,3,9999,0,5,0
1,30,441,21,2,0,1,30000,0,115,2024,1,19,16,55,21,6,49,16,54,1,1,1,1,7,9,22,0,0,11,9,30,70,5,4,1,25,55,3,61,1,0,1,0,1,0,1,0,2,0,30,0,4,0,2,0,2,0,4,2,35.69525694444444,139.62400222222223,6,3,9999,0,5,0
1,30,441,22,2,0,1,30000,0,115,2024,1,24,14,40,12,6,47,16,59,1,1,1,1,7,9,22,0,0,11,9,30,70,5,3,1,45,65,13,61,31,0,11,0,1,0,11,0,10,0,10,0,4,0,2,0,2,0,4,2,35.70584305555556,139.64426055555555,4,3,9999,0,1,0
1,30,442,1,1,1,0,30000,0,115,2024,1,4,20,25,22,6,51,16,40,1,1,1,7,7,0,0,0,0,2,9,1,70,5,1,1,55,65,3,61,31,0,1,0,1,0,11,0,2,0,80,0,3,0,2,0,2,0,4,1,35.67057083333333,139.62562277777778,5,3,9999,0,9,0
1,30,442,2,2,0,1,10270,0,115,2023,12,22,12,18,12,6,47,16,32,1,1,1,1,1,1,21,0,0,15,9,30,70,1,4,1,55,1,13,61,31,0,11,0,1,0,11,0,1,0,10,0,4,0,2,0,2,0,4,2,35.687479999999994,139.59966916666667,6,3,9999,0,9,0
1,30,442,6,2,0,1,200,169,115,2024,1,13,0,20,22,6,51,16,48,1,1,1,14,7,0,0,0,0,5,9,1,70,4,1,1,65,45,3,61,31,0,1,0,1,0,11,0,5,0,10,0,3,0,2,0,2,0,4,2,35.67174083333333,139.61571,7,3,9999,0,9,0
1,30,442,10,2,0,1,30000,0,115,2024,1,10,9,19,12,6,51,16,46,1,1,1,1,7,9,22,0,0,14,8,30,70,5,2,1,65,55,3,61,31,0,1,0,1,0,11,0,1,0,10,0,3,0,2,0,2,0,4,2,35.684005,139.6194225,4,3,9999,0,9,0
1,30,442,11,2,0,1,30000,0,115,2024,1,20,17,38,21,6,49,16,55,3,1,1,1,1,9,22,0,0,11,9,30,70,5,3,1,65,25,4,61,31,0,1,0,1,0,11,0,2,0,20,0,3,0,2,0,2,0,4,2,35.69283027777777,139.596155,7,3,9999,0,1,0
1,30,442,12,2,0,1,200,167,115,2024,1,21,14,39,12,6,48,16,56,1,1,2,7,7,0,0,0,0,5,9,1,70,4,1,1,55,1,3,61,31,0,1,0,1,0,11,0,5,0,10,0,2,0,2,0,2,0,4,2,35.67166222222222,139.61631972222222,1,3,9999,0,9,0
1,30,442,13,2,0,1,30000,0,115,2023,12,23,17,24,21,6,47,16,32,1,1,1,14,7,0,0,0,0,3,9,1,70,5,3,1,65,25,3,61,31,0,1,0,1,0,11,0,5,0,40,0,4,0,2,0,2,0,4,2,35.67230333333333,139.6108763888889,7,3,9999,0,9,0
1,30,442,16,2,0,1,10200,0,115,2024,1,26,10,30,12,6,46,17,1,1,1,1,14,7,0,0,0,0,4,7,1,70,1,2,1,55,35,51,61,41,0,0,0,0,0,0,0,0,0,10,0,4,0,0,0,0,0,4,2,35.683948888888885,139.6157561111111,6,3,0,0,0,0
1,30,443,1,2,0,1,30000,0,115,2023,12,18,18,30,22,6,45,16,30,1,1,1,1,7,9,22,0,0,14,9,30,70,4,1,1,45,55,14,61,31,0,11,0,1,0,11,0,2,0,50,0,4,0,2,0,2,0,4,2,35.72493277777778,139.60401777777778,2,3,9999,0,9,0
1,30,443,7,2,0,1,30000,0,115,2024,1,9,7,0,11,6,51,16,45,1,1,1,1,1,0,0,0,0,11,9,30,70,5,2,1,1,0,61,0,0,0,0,0,0,0,0,0,0,0,0,0,0,0,0,0,0,0,2,0,35.718345,139.62667805555557,3,3,0,0,0,0
1,30,443,9,2,0,1,10240,0,115,2023,12,2,10,20,12,6,32,16,28,1,1,1,7,7,0,0,0,0,5,9,1,70,4,1,1,25,55,51,61,41,0,0,0,0,0,0,0,0,0,10,0,3,0,0,0,0,0,4,2,35.70538527777778,139.62064138888888,7,3,0,0,0,0
1,30,443,11,2,0,1,30000,0,115,2024,1,5,9,15,12,6,51,16,41,1,1,1,7,7,0,0,0,0,3,9,1,70,4,3,1,45,25,3,61,31,0,1,0,1,0,11,0,2,0,40,0,4,0,2,0,2,0,4,2,35.706611111111116,139.61719416666668,6,3,9999,0,5,0
1,30,443,15,2,0,1,10250,0,115,2024,1,19,22,15,22,6,49,16,54,1,1,1,14,7,0,0,0,0,4,9,1,70,4,1,1,1,65,36,61,31,0,0,0,0,0,11,0,2,0,10,0,3,0,0,0,0,0,4,2,35.72790444444445,139.61296888888887,6,3,9999,0,1,0
1,30,443,19,2,0,1,30000,0,115,2024,1,25,12,25,12,6,46,17,0,1,1,1,1,7,9,22,0,0,14,9,30,70,4,1,1,65,75,3,61,31,0,1,0,1,0,11,0,2,0,20,0,4,0,2,0,2,0,4,2,35.703085,139.62530111111113,5,3,9999,0,9,0
1,30,546,4,2,0,1,10280,0,105,2024,1,16,19,25,22,6,50,16,51,1,1,1,1,1,9,22,0,0,18,9,30,70,1,1,1,75,35,3,61,31,0,1,0,1,0,11,0,4,0,10,0,3,0,2,0,2,0,4,2,35.70979916666667,139.72948333333335,3,3,343,0,9,0
1,30,547,4,2,0,1,170,30,105,2024,1,9,19,50,22,6,51,16,45,1,1,1,14,7,0,0,0,0,4,9,1,70,1,1,1,75,55,3,61,1,0,1,0,1,0,11,0,4,0,47,0,4,0,2,0,2,0,4,2,35.70626,139.7608338888889,3,3,9999,0,9,0
1,30,547,6,2,0,1,30000,0,105,2024,1,20,7,30,11,6,49,16,55,2,1,1,7,7,0,0,0,0,3,9,1,70,4,2,1,45,0,61,0,0,0,0,0,0,0,0,0,0,0,0,0,0,0,0,0,0,0,2,0,35.7112125,139.75329416666668,7,3,0,0,0,0
1,30,549,2,2,0,1,30000,0,116,2024,1,5,0,24,22,6,51,16,41,1,1,1,14,7,0,0,0,0,4,9,1,1,5,2,1,1,1,3,61,31,0,1,0,1,0,11,0,2,0,50,0,3,0,2,0,2,0,4,2,35.73372305555556,139.73910277777776,6,3,9999,0,1,0
1,30,549,3,2,0,1,30000,0,116,2024,1,6,9,40,12,6,51,16,42,1,1,1,14,7,0,0,0,0,1,9,1,70,5,3,1,1,1,51,61,41,0,0,0,0,0,0,0,0,0,10,0,3,0,0,0,0,0,4,2,35.735975833333335,139.74551749999998,7,3,0,0,0,0
1,30,549,5,2,0,1,30000,0,116,2024,1,22,18,6,22,6,48,16,57,3,1,2,7,7,0,0,0,0,2,9,1,70,5,3,1,55,55,14,61,31,0,11,0,1,0,11,0,2,0,30,0,4,0,2,0,2,0,4,2,35.73142138888889,139.73747055555555,2,3,9999,0,9,0
1,30,550,1,2,0,1,30000,0,116,2023,11,12,0,31,22,6,13,16,37,1,1,1,1,7,9,22,0,0,11,9,30,70,5,3,1,45,45,3,61,31,0,1,0,1,0,11,0,10,0,30,0,4,0,2,0,2,0,4,2,35.73288638888889,139.71180249999998,1,3,9999,0,5,0
1,30,550,4,2,0,1,2540,62,116,2024,1,1,11,58,12,6,50,16,38,1,1,1,1,1,9,22,0,0,17,9,30,70,5,2,1,35,75,12,61,31,0,11,0,1,0,11,0,4,0,10,0,3,0,2,0,2,0,4,2,35.73937361111111,139.7094797222222,2,1,9999,0,1,0
1,30,550,6,2,0,1,30000,0,116,2024,1,7,17,53,22,6,51,16,43,1,1,1,14,7,0,0,0,0,1,9,1,70,5,4,1,45,55,4,61,31,0,1,0,1,0,11,0,10,0,20,0,4,0,2,0,2,0,4,2,35.737323333333336,139.71287944444444,1,2,9999,0,1,0
1,30,550,12,2,0,1,30000,0,116,2024,1,31,8,10,12,6,42,17,7,1,1,1,14,7,0,0,0,0,3,9,1,70,4,2,1,1,75,51,61,41,0,0,0,0,0,0,0,0,0,10,0,3,0,0,0,0,0,4,2,35.72903222222222,139.7043486111111,4,3,0,0,0,0