資料区分,都道府県コード,警察署等コード,本票番号,事故内容,死者数,負傷者数,路線コード,地点コード,市区町村コード,発生日時　　年,発生日時　　月,発生日時　　日,発生日時　　時,発生日時　　分,昼夜,日の出時刻　　時,日の出時刻　　分,日の入り時刻　　時,日の入り時刻　　分,天候,地形,路面状態,道路形状,信号機,一時停止規制　標識（当事者A）,一時停止規制　表示（当事者A）,一時停止規制　標識（当事者B）,一時停止規制　表示（当事者B）,車道幅員,道路線形,衝突地点,ゾーン規制,中央分離帯施設等,歩車道区分,事故類型,年齢（当事者A）,年齢（当事者B）,当事者種別（当事者A）,当事者種別（当事者B）,用途別（当事者A）,用途別（当事者B）,車両形状等（当事者A）,車両形状等（当事者B）,オートマチック車（当事者A）,オートマチック車（当事者B）,サポカー（当事者A）,サポカー（当事者B）,速度規制（指定のみ）（当事者A）,速度規制（指定のみ）（当事者B）,車両の衝突部位（当事者A）,車両の衝突部位（当事者B）,車両の損壊程度（当事者A）,車両の損壊程度（当事者B）,エアバッグの装備（当事者A）,エアバッグの装備（当事者B）,サイドエアバッグの装備（当事者A）,サイドエアバッグの装備（当事者B）,人身損傷程度（当事者A）,人身損傷程度（当事者B）,lat,lon,曜日(発生年月日),祝日(発生年月日),認知機能検査経過日数（当事者A）,認知機能検査経過日数（当事者B）,運転練習の方法（当事者A）,運転練習の方法（当事者B）
1,30,551,1,1,1,0,10090,0,116,2024,1,13,1,51,22,6,51,16,48,1,1,1,14,7,0,0,0,0,5,7,1,70,4,2,1,75,45,3,61,1,0,1,0,1,0,11,0,4,0,20,0,3,0,2,0,2,0,4,1,35.71821027777778,139.71312416666666,7,3,127,0,9,0
1,30,551,2,2,0,1,30000,0,116,2023,12,29,11,7,12,6,50,16,36,1,1,1,1,7,1,21,0,0,11,9,30,70,5,2,1,65,55,3,61,31,0,1,0,1,0,11,0,5,0,40,0,3,0,2,0,2,0,4,2,35.736829166666666,139.6883938888889,6,3,9999,0,1,0
1,30,551,4,2,0,1,10090,0,116,2024,1,9,8,35,12,6,51,16,45,1,1,1,1,1,9,22,0,0,17,9,30,70,4,1,1,35,45,51,61,41,0,0,0,0,0,0,0,0,0,10,0,4,0,0,0,0,0,4,2,35.719812222222224,139.7133372222222,3,3,0,0,0,0
1,30,551,6,2,0,1,10010,0,116,2024,1,13,9,20,12,6,51,16,48,1,1,1,1,1,1,21,0,0,14,9,30,70,4,2,1,75,25,3,61,31,0,1,0,1,0,11,0,10,0,10,0,4,0,2,0,2,0,4,2,35.71845861111111,139.71434555555555,7,3,806,0,9,0
1,30,552,3,2,0,1,20440,0,117,2024,1,15,12,40,12,6,50,16,50,1,1,1,14,7,0,0,0,0,4,9,1,70,4,1,1,75,35,51,61,41,0,0,0,0,0,0,0,0,0,20,0,3,0,0,0,0,0,4,2,35.733289166666665,139.75877166666666,2,3,0,0,0,0
1,30,552,8,2,0,1,30000,0,117,2024,1,11,15,35,12,6,51,16,46,1,1,1,1,7,9,22,0,0,11,9,30,1,5,3,1,35,1,14,61,1,0,11,0,1,0,11,0,2,0,40,0,3,0,2,0,2,0,4,2,35.74296277777778,139.73743027777778,5,3,9999,0,5,0
1,30,553,12,2,0,1,30000,0,117,2024,1,20,17,35,21,6,49,16,55,3,1,2,1,1,9,22,0,0,14,9,30,70,5,2,1,45,45,3,61,31,0,1,0,1,0,11,0,1,0,10,0,3,0,2,0,2,0,4,2,35.763915833333336,139.7379797222222,7,3,9999,0,9,0
1,30,553,15,2,0,1,10310,0,117,2024,1,24,15,55,12,6,47,16,59,1,1,1,7,7,0,0,0,0,5,9,1,70,4,1,1,45,1,12,61,31,0,11,0,2,0,11,0,2,0,20,0,3,0,2,0,2,0,4,2,35.75807638888889,139.74364972222222,4,3,9999,0,1,0
1,30,554,4,2,0,1,30000,0,117,2023,12,14,8,15,12,6,42,16,29,1,1,1,14,7,0,0,0,0,2,8,1,70,5,3,1,45,75,51,61,41,0,0,0,0,0,0,0,0,0,10,0,3,0,0,0,0,0,4,2,35.77377805555555,139.71285305555554,5,3,0,0,0,0
1,30,554,5,2,0,1,30000,0,117,2024,1,5,16,0,13,6,51,16,41,1,1,1,1,7,9,22,0,0,15,9,30,70,5,3,1,45,65,4,61,31,0,1,0,1,0,11,0,10,0,20,0,3,0,2,0,2,0,4,2,35.77996777777778,139.7253,6,3,9999,0,1,0
1,30,554,10,2,0,1,30000,0,117,2024,1,11,19,55,22,6,51,16,46,1,1,1,1,7,1,21,0,0,14,9,30,70,5,1,1,45,35,13,61,31,0,11,0,1,0,11,0,10,0,10,0,4,0,2,0,2,0,4,2,35.77574,139.71750694444444,5,3,9999,0,9,0
1,30,554,11,2,0,1,30000,0,117,2024,1,25,21,55,22,6,46,17,0,1,1,1,1,7,1,21,0,0,15,9,30,70,5,3,1,25,25,3,61,31,0,1,0,1,0,11,0,10,0,40,0,3,0,2,0,2,0,4,2,35.77706555555555,139.72242861111113,5,3,9999,0,1,0
1,30,555,3,2,0,1,30000,0,119,2023,12,14,0,30,22,6,42,16,29,1,1,1,1,1,9,22,0,0,11,9,30,70,1,1,1,25,45,3,61,1,0,1,0,1,0,11,0,3,0,10,0,3,0,2,0,2,0,4,2,35.73829277777778,139.70432777777776,5,3,9999,0,1,0
1,30,555,7,2,0,1,170,105,119,2024,1,5,13,20,12,6,51,16,41,1,1,1,1,1,9,22,0,0,17,9,30,70,1,3,1,65,55,3,61,31,0,1,0,1,0,11,0,5,0,10,0,3,0,2,0,2,0,4,2,35.75138527777778,139.70974194444443,6,3,9999,0,9,0
1,30,555,11,2,0,1,30000,0,119,2024,1,12,9,20,12,6,51,16,47,1,1,1,14,7,0,0,0,0,1,9,1,70,5,3,1,1,55,51,61,41,0,0,0,0,0,0,0,0,0,10,0,4,0,0,0,0,0,4,2,35.75964916666667,139.68647083333335,6,3,0,0,0,0
1,30,555,12,2,0,1,30000,0,119,2024,1,12,17,35,21,6,51,16,47,1,1,1,1,7,9,22,0,0,11,9,30,70,5,3,1,55,1,14,61,31,0,11,0,1,0,11,0,2,0,10,0,3,0,2,0,2,0,4,2,35.76439138888889,139.67016694444445,6,3,9999,0,9,0
1,30,555,19,2,0,1,170,96,119,2024,1,20,6,44,23,6,49,16,55,1,1,1,1,1,9,22,0,0,19,9,30,70,1,2,1,25,25,13,61,31,0,11,0,1,0,11,0,5,0,50,0,3,0,2,0,2,0,4,2,35.74948,139.71451499999998,7,3,9999,0,1,0
1,30,556,1,2,0,1,30000,0,119,2023,12,26,17,10,21,6,49,16,34,1,1,1,1,7,1,21,0,0,15,9,30,70,5,3,1,45,25,3,61,31,0,1,0,1,0,11,0,2,0,10,0,3,0,2,0,2,0,4,2,35.777275555555555,139.68577611111112,3,3,9999,0,9,0
1,30,556,3,2,0,1,30000,0,119,2023,12,20,19,40,22,6,46,16,31,1,1,1,14,7,0,0,0,0,1,9,1,70,5,3,1,35,1,3,61,31,0,1,0,1,0,11,0,1,0,40,0,4,0,2,0,2,0,4,2,35.76568694444445,139.68898166666668,4,3,9999,0,1,0
1,30,556,11,2,0,1,30000,0,119,2024,1,8,12,45,12,6,51,16,44,1,1,1,1,1,9,22,0,0,11,9,30,70,5,3,1,45,75,14,61,1,0,11,0,1,0,11,0,2,0,10,0,3,0,2,0,2,0,4,2,35.777228888888885,139.7022438888889,2,1,9999,0,5,0
1,30,556,16,2,0,1,30000,0,119,2024,1,15,16,5,13,6,50,16,50,1,1,2,1,7,9,22,0,0,11,4,30,70,5,4,1,45,55,3,61,31,0,1,0,1,0,11,0,5,0,10,0,4,0,2,0,2,0,4,2,35.79678194444444,139.68772305555555,2,3,9999,0,9,0
1,30,556,17,2,0,1,170,130,119,2024,1,18,18,50,22,6,49,16,53,1,1,1,7,1,0,0,0,0,5,9,1,70,1,1,1,35,55,52,61,41,0,0,0,0,0,0,0,0,0,10,0,3,0,0,0,0,0,4,2,35.77310472222222,139.69827944444444,5,3,0,0,0,0
1,30,557,2,2,0,1,30000,0,120,2023,12,16,14,8,12,6,43,16,29,1,1,1,14,7,0,0,0,0,2,9,1,70,5,4,1,65,55,3,61,31,0,1,0,1,0,11,0,10,0,20,0,3,0,2,0,2,0,4,2,35.74021361111111,139.62947472222223,7,3,9999,0,9,0
1,30,557,8,2,0,1,10010,0,120,2024,1,12,6,35,23,6,51,16,47,1,1,1,1,1,9,22,0,0,17,8,30,70,1,1,1,1,45,36,61,31,0,0,0,0,0,11,0,2,0,10,0,2,0,0,0,0,0,4,2,35.74221555555555,139.63380444444445,6,3,9999,0,5,0
1,30,557,12,2,0,1,30000,0,120,2024,1,15,7,30,11,6,50,16,50,1,1,1,1,7,1,21,0,0,14,9,30,70,1,2,1,25,55,3,61,31,0,1,0,1,0,11,0,5,0,10,0,3,0,2,0,2,0,4,2,35.75776333333334,139.65241805555556,2,3,9999,0,1,0
1,30,557,19,2,0,1,20430,0,120,2024,1,25,17,45,21,6,46,17,0,1,1,1,14,7,0,0,0,0,4,9,1,70,4,2,1,25,65,51,61,41,0,0,0,0,0,0,0,0,0,10,0,3,0,0,0,0,0,4,2,35.73627722222222,139.63838583333333,5,3,0,0,0,0
1,30,557,20,2,0,1,30000,0,120,2024,1,18,18,20,22,6,49,16,53,1,1,1,1,7,1,21,0,0,14,9,30,70,4,2,1,65,25,14,61,1,0,11,0,1,0,11,0,1,0,10,0,4,0,2,0,2,0,4,2,35.72839916666667,139.6488461111111,5,3,9999,0,9,0
1,30,557,21,2,0,2,30000,0,120,2024,1,28,12,30,12,6,44,17,3,1,1,1,14,7,0,0,0,0,3,9,1,70,5,3,1,1,45,51,61,41,0,0,0,0,0,0,0,0,0,10,0,3,0,0,0,0,0,2,2,35.73713166666667,139.62894416666668,1,3,0,0,0,0
1,30,558,10,2,0,1,30000,0,120,2024,1,15,12,1,12,6,50,16,50,1,1,1,14,7,0,0,0,0,1,9,1,70,4,3,1,45,35,3,61,31,0,1,0,1,0,11,0,2,0,10,0,4,0,2,0,2,0,4,2,35.75528111111111,139.56819416666667,2,3,9999,0,1,0
1,30,558,11,2,0,1,30000,0,120,2024,1,17,15,30,12,6,50,16,52,1,1,1,14,7,0,0,0,0,3,9,1,70,4,1,1,35,1,51,61,41,0,0,0,0,0,0,0,0,0,10,0,3,0,0,0,0,0,4,2,35.72166305555556,139.5685922222222,4,3,0,0,0,0
1,30,558,14,2,0,1,30000,0,120,2024,1,26,15,33,12,6,46,17,1,1,1,1,1,1,9,22,0,0,15,9,30,70,5,2,1,55,75,3,61,31,0,1,0,1,0,11,0,3,0,10,0,3,0,2,0,2,0,4,2,35.76098833333333,139.59854083333335,6,3,9999,0,9,0
1,30,558,22,2,0,1,10250,0,120,2024,1,31,8,55,12,6,42,17,7,1,1,1,14,7,0,0,0,0,3,9,1,70,4,1,1,45,35,51,61,41,0,0,0,0,0,0,0,0,0,14,0,4,0,0,0,0,0,4,2,35.73110388888889,139.5900652777778,4,3,0,0,0,0
1,30,559,4,2,0,1,30000,0,119,2024,1,5,18,42,22,6,51,16,41,1,1,1,14,7,0,0,0,0,1,9,1,70,5,1,1,45,55,51,61,41,0,0,0,0,0,0,0,0,0,10,0,3,0,0,0,0,0,4,2,35.769194444444445,139.66147666666666,6,3,0,0,0,0
1,30,560,4,2,0,1,30000,0,120,2023,12,28,6,7,23,6,49,16,35,1,1,1,1,7,9,22,0,0,11,9,30,70,5,4,1,1,25,51,61,41,0,0,0,0,0,0,0,0,0,10,0,3,0,0,0,0,0,4,2,35.75131638888889,139.6052125,5,3,0,0,0,0
1,30,560,5,2,0,1,30000,0,120,2023,10,30,9,50,12,6,0,16,49,1,1,1,1,7,9,22,0,0,14,9,30,70,5,3,1,45,35,3,61,31,0,1,0,1,0,11,0,10,0,50,0,3,0,2,0,2,0,4,2,35.756614722222224,139.60613222222221,2,3,9999,0,9,0
1,30,560,10,2,0,1,30000,0,120,2024,1,15,18,15,22,6,50,16,50,1,1,1,14,7,0,0,0,0,2,9,1,70,5,1,1,35,45,51,61,41,0,0,0,0,0,0,0,0,0,10,0,3,0,0,0,0,0,4,2,35.759592222222224,139.63168611111112,2,3,0,0,0,0
1,30,560,14,2,0,1,30000,0,120,2024,1,13,17,45,21,6,51,16,48,3,1,1,1,1,9,22,0,0,14,9,30,70,5,1,1,25,25,4,61,31,0,1,0,1,0,11,0,2,0,10,0,4,0,2,0,2,0,4,2,35.769975277777775,139.62928416666668,7,3,9999,0,1,0
1,30,560,15,2,0,1,30000,0,120,2024,1,17,19,55,22,6,50,16,52,1,1,1,14,1,0,0,0,0,4,9,1,70,4,1,1,45,35,51,61,41,0,0,0,0,0,0,0,0,0,10,0,3,0,0,0,0,0,4,2,35.73120638888889,139.61886194444446,4,3,0,0,0,0
1,30,560,16,2,0,1,30000,0,120,2024,1,17,8,15,12,6,50,16,52,1,1,1,14,7,0,0,0,0,4,9,1,70,5,4,1,25,55,3,61,31,0,1,0,1,0,11,0,2,0,40,0,3,0,2,0,2,0,4,2,35.747864444444446,139.62686472222222,4,3,9999,0,1,0
1,30,660,5,2,0,1,95000,0,106,2024,1,18,15,20,12,6,49,16,53,2,1,1,0,7,0,0,0,0,0,0,20,70,0,4,1,35,1,51,61,41,0,0,0,0,0,0,0,0,0,10,0,4,0,0,0,0,0,4,2,35.716636666666666,139.77521777777778,5,3,0,0,0,0
1,30,660,7,2,0,1,20390,0,106,2024,1,20,20,38,22,6,49,16,55,3,1,2,14,7,0,0,0,0,4,9,1,70,4,2,1,65,45,3,61,1,0,1,0,1,0,11,0,3,0,50,0,4,0,2,0,2,0,4,2,35.707735,139.77531555555558,7,3,9999,0,9,0
1,30,661,16,2,0,1,40,57,106,2024,1,27,20,54,22,6,45,17,2,1,1,1,1,1,9,22,0,0,19,9,30,70,3,2,1,25,35,51,61,41,0,0,0,0,0,0,0,0,0,10,0,3,0,0,0,0,0,4,2,35.72889277777778,139.79057777777777,7,3,0,0,0,0
1,30,661,18,2,0,1,99000,0,106,2024,1,29,15,0,12,6,44,17,5,1,1,1,0,7,0,0,0,0,0,0,20,70,0,4,1,75,25,13,61,31,0,11,0,1,0,11,0,10,0,30,0,3,0,2,0,2,0,4,2,35.71838277777778,139.7686063888889,2,3,754,0,9,0
1,30,662,7,2,0,1,30000,0,106,2024,1,1,12,50,12,6,50,16,38,1,1,1,14,7,0,0,0,0,3,9,1,70,5,4,1,55,45,3,61,1,0,1,0,1,0,11,0,10,0,10,0,3,0,2,0,2,0,4,2,35.7137225,139.79346416666667,2,1,9999,0,9,0
1,30,662,9,2,0,1,30000,0,106,2024,1,9,15,50,13,6,51,16,45,1,1,1,14,7,0,0,0,0,2,9,1,70,5,3,1,25,25,3,61,31,0,1,0,1,0,11,0,10,0,20,0,3,0,2,0,2,0,4,2,35.71675972222222,139.79536972222223,3,3,9999,0,9,0
1,30,662,10,2,0,1,30480,0,106,2024,1,17,15,0,12,6,50,16,52,1,1,1,14,1,0,0,0,0,3,9,1,70,4,1,1,1,55,51,61,41,0,0,0,0,0,0,0,0,0,10,0,3,0,0,0,0,0,4,2,35.71207416666667,139.79772777777777,4,3,0,0,0,0
1,30,663,5,2,0,1,30000,0,106,2024,1,11,15,54,13,6,51,16,46,1,1,1,1,7,9,21,0,0,18,9,30,70,7,3,1,55,1,14,61,1,0,11,0,1,0,11,0,2,0,10,0,4,0,2,0,2,0,4,2,35.704345555555555,139.79201555555557,5,3,9999,0,9,0
1,30,663,10,2,0,1,60,30,106,2024,1,23,11,45,12,6,47,16,58,1,1,1,14,7,0,0,0,0,6,9,1,70,1,1,1,25,55,52,61,41,0,0,0,0,0,0,0,0,0,10,0,4,0,0,0,0,0,4,2,35.70384333333334,139.7914947222222,3,3,0,0,0,0
1,30,664,3,2,0,1,21060,0,118,2024,1,12,6,53,11,6,51,16,47,1,1,1,14,7,0,0,0,0,2,9,1,70,5,2,1,1,75,51,61,41,0,0,0,0,0,0,0,0,0,10,0,3,0,0,0,0,0,4,2,35.75037694444445,139.76346222222222,6,3,0,0,0,0
1,30,665,2,2,0,2,40,59,118,2023,12,27,20,23,22,6,49,16,35,1,1,1,14,7,0,0,0,0,6,7,1,70,4,1,1,55,35,35,61,31,0,0,0,0,0,11,0,10,0,10,0,3,0,0,0,0,0,2,2,35.73156277777778,139.79232805555554,4,3,9999,0,9,0
1,30,666,3,2,0,1,10710,0,118,2024,1,4,20,22,22,6,51,16,40,1,1,1,1,1,9,22,0,0,11,9,30,70,1,2,1,55,1,3,61,31,0,1,0,1,0,11,0,5,0,10,0,4,0,2,0,2,0,4,2,35.73042166666667,139.7710477777778,5,3,9999,0,9,0
1,30,666,7,2,0,1,30000,0,118,2024,1,22,9,10,12,6,48,16,57,1,1,1,1,1,9,22,0,0,15,9,30,70,4,1,1,65,45,13,61,31,0,11,0,1,0,11,0,3,0,80,0,4,0,2,0,2,0,4,2,35.72862805555556,139.7789525,2,3,9999,0,9,0
1,30,667,3,2,0,1,40,75,121,2023,11,11,2,8,22,6,12,16,38,2,1,2,1,1,9,22,0,0,18,9,30,70,5,2,1,75,25,3,61,1,0,1,0,1,0,11,0,4,0,50,0,3,0,2,0,2,0,4,2,35.74455972222222,139.79777583333333,7,3,9999,0,9,0
1,30,668,8,2,0,1,10130,0,121,2024,1,4,22,20,22,6,51,16,40,1,1,1,1,1,9,22,0,0,18,9,30,70,4,2,1,25,1,3,61,31,0,1,0,1,0,11,0,4,0,10,0,3,0,2,0,2,0,4,2,35.77878805555555,139.75094583333333,5,3,9999,0,1,0
1,30,668,23,2,0,1,20620,0,121,2024,1,16,11,45,12,6,50,16,51,1,1,1,14,7,0,0,0,0,1,9,1,70,4,1,1,75,75,51,61,41,0,0,0,0,0,0,0,0,0,10,0,3,0,0,0,0,0,4,2,35.7717625,139.79744472222222,3,3,0,0,0,0
1,30,668,33,2,0,1,30000,0,121,2024,1,21,19,30,22,6,48,16,56,1,1,1,1,1,9,22,0,0,14,9,30,70,4,1,1,45,75,3,61,31,0,1,0,1,0,11,0,3,0,10,0,3,0,2,0,2,0,4,2,35.78882055555555,139.77927000000003,1,3,9999,0,9,0
1,30,668,35,2,0,1,30960,0,121,2024,1,22,11,30,12,6,48,16,57,2,1,1,1,1,9,22,0,0,19,9,30,70,5,2,1,55,75,13,61,31,0,11,0,1,0,11,0,3,0,80,0,3,0,2,0,2,0,4,2,35.783250555555554,139.76538638888888,2,3,9999,0,9,0
1,30,668,39,2,0,1,30000,0,121,2024,1,17,17,18,21,6,50,16,52,1,1,1,1,1,9,22,0,0,17,9,30,70,4,2,1,45,35,3,61,31,0,1,0,1,0,11,0,3,0,20,0,4,0,2,0,2,0,4,2,35.77062222222222,139.74692888888887,4,3,9999,0,1,0
1,30,668,46,2,0,1,30000,0,121,2024,1,30,8,22,12,6,43,17,6,1,1,1,14,7,0,0,0,0,4,9,1,70,5,1,1,45,65,13,61,31,0,11,0,1,0,11,0,3,0,80,0,3,0,2,0,2,0,4,2,35.78110916666667,139.79419583333333,3,3,9999,0,1,0
1,30,668,47,2,0,1,20620,0,121,2024,1,30,19,30,22,6,43,17,6,1,1,1,14,7,0,0,0,0,4,9,1,70,4,2,1,35,1,51,61,41,0,0,0,0,0,0,0,0,0,10,0,3,0,0,0,0,0,4,2,35.76486583333333,139.79884333333334,3,3,0,0,0,0
1,30,668,48,2,0,1,30000,0,121,2024,1,30,18,23,22,6,43,17,6,1,1,1,1,7,9,22,0,0,15,9,30,70,5,3,1,75,55,3,61,31,0,1,0,1,0,11,0,2,0,10,0,1,0,2,0,2,0,4,2,35.77793222222222,139.79180916666667,3,3,487,0,3,0
1,30,669,10,2,0,1,30000,0,121,2024,1,12,5,20,22,6,51,16,47,1,1,1,1,1,9,22,0,0,15,9,30,70,4,2,1,75,55,3,61,31,0,1,0,1,0,11,0,2,0,10,0,3,0,2,0,2,0,4,2,35.76652694444444,139.80660444444445,6,3,303,0,1,0
1,30,669,15,2,0,1,30000,0,121,2024,1,15,15,40,12,6,50,16,50,1,1,1,14,7,0,0,0,0,3,9,1,70,5,3,1,1,35,51,61,41,0,0,0,0,0,0,0,0,0,10,0,3,0,0,0,0,0,4,2,35.7682475,139.80960611111112,2,3,0,0,0,0
1,30,669,19,2,0,1,30000,0,121,2024,1,18,16,17,13,6,49,16,53,1,1,1,1,7,9,22,0,0,11,9,30,70,4,3,1,55,1,4,61,31,0,1,0,1,0,11,0,5,0,10,0,4,0,2,0,2,0,4,2,35.78476277777778,139.81273472222225,5,3,9999,0,9,0
1,30,669,20,2,0,1,30000,0,121,2024,1,12,17,26,21,6,51,16,47,1,1,1,1,7,9,22,0,0,11,9,30,70,5,2,1,1,1,51,61,41,0,0,0,0,0,0,0,0,0,10,0,4,0,0,0,0,0,4,2,35.784095,139.82279777777777,6,3,0,0,0,0
1,30,669,24,2,0,1,10130,0,121,2024,1,23,5,45,22,6,47,16,58,1,1,1,12,7,0,0,0,0,5,8,1,70,1,1,1,55,1,51,61,41,0,0,0,0,0,0,0,0,0,10,0,3,0,0,0,0,0,2,4,35.77791305555555,139.8253038888889,3,3,0,0,0,0
1,30,670,4,2,0,1,30000,0,121,2023,12,7,12,26,12,6,37,16,28,1,1,1,1,1,9,22,0,0,14,9,30,70,4,2,1,55,45,13,61,31,0,11,0,1,0,11,0,3,0,80,0,3,0,2,0,2,0,4,2,35.80052527777777,139.80486361111113,5,3,9999,0,9,0
1,30,670,5,2,0,1,10710,0,121,2023,12,15,4,30,22,6,43,16,29,3,1,2,1,1,0,0,0,0,15,9,30,70,1,2,1,1,0,61,0,0,0,0,0,0,0,0,0,0,0,0,0,0,0,0,0,0,0,2,0,35.80690083333333,139.77014611111113,6,3,0,0,0,0
1,30,670,10,2,0,1,30000,0,121,2024,1,8,14,55,12,6,51,16,44,2,1,1,1,1,9,22,0,0,14,9,30,70,4,1,1,45,55,13,61,31,0,11,0,1,0,11,0,3,0,50,0,3,0,2,0,2,0,4,2,35.80764805555555,139.81076861111111,2,1,9999,0,9,0
1,30,670,15,2,0,1,30000,0,121,2024,1,15,18,15,22,6,50,16,50,1,1,1,1,7,9,22,0,0,15,9,30,70,4,2,1,25,45,3,61,31,0,1,0,1,0,11,0,5,0,10,0,3,0,2,0,2,0,4,2,35.78892222222222,139.80693555555555,2,3,9999,0,1,0
1,30,771,5,2,0,1,30000,0,108,2024,1,4,18,50,22,6,51,16,40,2,1,1,14,7,0,0,0,0,4,9,1,70,4,2,1,55,65,51,61,41,0,0,0,0,0,0,0,0,0,10,0,3,0,0,0,0,0,4,2,35.66701,139.80649444444447,5,3,0,0,0,0
1,30,771,7,2,0,1,10040,0,108,2024,1,5,21,10,22,6,51,16,41,1,1,1,7,7,0,0,0,0,6,9,1,70,2,1,1,55,0,61,0,0,0,0,0,0,0,0,0,0,0,0,0,0,0,0,0,0,0,2,0,35.66978472222222,139.81853222222222,6,3,0,0,0,0
1,30,771,15,2,0,1,10370,0,108,2024,1,15,6,40,23,6,50,16,50,1,1,1,1,7,9,22,0,0,17,8,30,70,1,1,1,25,45,51,61,41,0,0,0,0,0,0,0,0,0,10,0,3,0,0,0,0,0,4,2,35.66844305555556,139.80513194444447,2,3,0,0,0,0
1,30,771,17,2,0,1,30000,0,108,2024,1,11,8,25,12,6,51,16,46,2,1,1,1,1,9,22,0,0,15,9,30,70,5,2,1,55,25,3,61,31,0,1,0,1,0,11,0,2,0,80,0,3,0,2,0,2,0,4,2,35.67304166666666,139.8018641666667,5,3,9999,0,9,0
1,30,771,20,2,0,1,10370,0,108,2023,12,27,15,0,12,6,49,16,35,1,1,1,14,7,0,0,0,0,1,9,1,70,5,2,1,45,45,51,61,41,0,0,0,0,0,0,0,0,0,10,0,3,0,0,0,0,0,4,2,35.676560277777774,139.80713416666669,4,3,0,0,0,0
1,30,771,22,2,0,1,10370,0,108,2024,1,18,6,20,23,6,49,16,53,1,1,1,1,1,9,22,0,0,17,9,30,70,1,2,1,35,65,3,61,31,0,1,0,1,0,11,0,4,0,10,0,3,0,2,0,2,0,4,2,35.67176805555555,139.80631027777778,5,3,9999,0,2,0
1,30,771,23,2,0,1,30000,0,105,2024,1,18,15,20,12,6,49,16,53,1,1,1,1,7,9,22,0,0,18,9,30,70,5,1,1,55,1,14,61,31,0,11,0,1,0,11,0,1,0,10,0,3,0,2,0,2,0,4,2,35.676633055555556,139.81747638888888,5,3,9999,0,9,0
1,30,772,1,2,0,1,10040,0,108,2023,12,18,15,0,12,6,45,16,30,1,1,1,1,1,9,22,0,0,18,9,30,70,5,2,1,25,75,17,61,31,0,11,0,1,0,11,0,1,0,50,0,4,0,2,0,2,0,4,2,35.66974833333333,139.8208488888889,2,3,9999,0,1,0
1,30,772,9,2,0,1,30000,0,108,2024,1,9,17,20,21,6,51,16,45,1,1,1,1,7,9,22,0,0,14,9,30,70,5,2,1,65,55,3,61,1,0,1,0,1,0,11,0,10,0,70,0,3,0,2,0,2,0,4,2,35.666761944444445,139.83023555555556,3,3,9999,0,9,0
1,30,772,13,2,0,1,30000,0,108,2024,1,7,10,36,12,6,51,16,43,1,1,1,1,7,9,22,0,0,11,9,30,70,5,2,1,35,45,14,61,1,0,11,0,1,0,11,0,10,0,40,0,4,0,2,0,2,0,4,2,35.68467305555555,139.8364338888889,1,2,9999,0,5,0
1,30,772,20,2,0,1,20540,0,108,2024,1,21,0,35,22,6,48,16,56,3,1,2,1,7,9,22,0,0,14,9,30,70,4,2,1,25,25,14,61,1,0,11,0,1,0,11,0,3,0,10,0,3,0,2,0,2,0,4,2,35.67588416666666,139.83707583333333,1,3,9999,0,1,0
1,30,773,2,2,0,1,140,36,107,2024,1,3,16,0,13,6,51,16,40,2,1,1,14,7,0,0,0,0,2,9,1,70,4,2,1,1,1,51,61,41,0,0,0,0,0,0,0,0,0,10,0,4,0,0,0,0,0,4,2,35.69484361111111,139.80459222222223,4,3,0,0,0,0
1,30,773,18,2,0,1,30000,0,107,2024,1,25,17,25,21,6,46,17,0,1,1,1,14,7,0,0,0,0,2,9,1,70,5,3,1,55,1,3,61,31,0,1,0,1,0,11,0,2,0,10,0,3,0,2,0,2,0,4,2,35.70302277777778,139.80449000000002,5,3,9999,0,1,0
1,30,773,21,2,0,1,20690,0,107,2024,1,26,20,45,22,6,46,17,1,1,1,1,1,1,9,22,0,0,19,9,30,70,1,2,1,55,25,3,61,1,0,1,0,1,0,11,0,4,0,10,0,3,0,2,0,2,0,4,2,35.70901638888889,139.81349555555556,6,3,9999,0,9,0
1,30,773,22,2,0,1,20000,0,107,2024,1,26,23,8,22,6,46,17,1,1,1,1,14,7,0,0,0,0,4,9,1,70,4,2,1,75,25,3,61,1,0,1,0,1,0,11,0,3,0,10,0,3,0,2,0,2,0,4,2,35.712784722222224,139.81402666666668,6,3,9999,0,9,0
1,30,773,23,2,0,1,30000,0,107,2024,1,30,8,32,12,6,43,17,6,1,1,1,1,7,9,22,0,0,15,9,30,70,5,3,1,55,25,3,61,31,0,1,0,1,0,11,0,10,0,10,0,3,0,2,0,2,0,4,2,35.69398277777778,139.8162013888889,3,3,9999,0,9,0
1,30,774,14,2,0,1,30000,0,107,2024,1,10,8,55,12,6,51,16,46,1,1,1,1,7,9,22,0,0,11,9,30,70,5,3,1,75,75,3,61,31,0,1,0,1,0,11,0,10,0,40,0,4,0,2,0,2,0,4,2,35.70575083333333,139.82870916666667,4,3,635,0,9,0
1,30,775,9,2,0,1,30000,0,122,2024,1,16,12,17,12,6,50,16,51,1,1,1,1,1,9,22,0,0,19,9,30,70,4,2,1,1,1,3,61,31,0,1,0,1,0,11,0,10,0,10,0,3,0,2,0,2,0,4,2,35.763062777777776,139.84606000000002,3,3,9999,0,1,0
1,30,775,20,2,0,1,30000,0,122,2024,1,24,15,8,12,6,47,16,59,1,1,1,7,7,0,0,0,0,3,9,1,70,4,2,1,45,75,3,61,31,0,1,0,1,0,11,0,3,0,10,0,3,0,2,0,2,0,4,2,35.76255305555556,139.8599861111111,4,3,9999,0,1,0