資料区分,都道府県コード,警察署等コード,本票番号,事故内容,死者数,負傷者数,路線コード,地点コード,市区町村コード,発生日時　　年,発生日時　　月,発生日時　　日,発生日時　　時,発生日時　　分,昼夜,日の出時刻　　時,日の出時刻　　分,日の入り時刻　　時,日の入り時刻　　分,天候,地形,路面状態,道路形状,信号機,一時停止規制　標識（当事者A）,一時停止規制　表示（当事者A）,一時停止規制　標識（当事者B）,一時停止規制　表示（当事者B）,車道幅員,道路線形,衝突地点,ゾーン規制,中央分離帯施設等,歩車道区分,事故類型,年齢（当事者A）,年齢（当事者B）,当事者種別（当事者A）,当事者種別（当事者B）,用途別（当事者A）,用途別（当事者B）,車両形状等（当事者A）,車両形状等（当事者B）,オートマチック車（当事者A）,オートマチック車（当事者B）,サポカー（当事者A）,サポカー（当事者B）,速度規制（指定のみ）（当事者A）,速度規制（指定のみ）（当事者B）,車両の衝突部位（当事者A）,車両の衝突部位（当事者B）,車両の損壊程度（当事者A）,車両の損壊程度（当事者B）,エアバッグの装備（当事者A）,エアバッグの装備（当事者B）,サイドエアバッグの装備（当事者A）,サイドエアバッグの装備（当事者B）,人身損傷程度（当事者A）,人身損傷程度（当事者B）,lat,lon,曜日(発生年月日),祝日(発生年月日),認知機能検査経過日数（当事者A）,認知機能検査経過日数（当事者B）,運転練習の方法（当事者A）,運転練習の方法（当事者B）
1,30,775,29,2,0,1,30000,0,122,2024,1,14,16,37,13,6,50,16,49,1,1,1,14,7,0,0,0,0,2,9,1,70,5,3,1,45,25,3,61,31,0,1,0,1,0,11,0,2,0,40,0,3,0,2,0,2,0,4,2,35.78026472222222,139.8620288888889,1,3,9999,0,1,0
1,30,775,30,2,0,1,30000,0,122,2024,1,5,8,10,12,6,51,16,41,1,1,1,1,7,1,21,0,0,15,9,30,1,5,2,1,55,1,51,61,41,0,0,0,0,0,0,0,0,0,10,0,3,0,0,0,0,0,4,2,35.752405,139.85425555555554,6,3,0,0,0,0
1,30,776,12,2,0,1,95000,0,122,2023,12,30,17,0,21,6,50,16,37,1,1,1,0,7,0,0,0,0,0,0,20,70,0,4,1,1,1,51,61,41,0,0,0,0,0,0,0,0,0,10,0,3,0,0,0,0,0,4,2,35.73741694444445,139.86607638888887,7,3,0,0,0,0
1,30,776,24,2,0,1,10410,0,122,2024,1,26,17,22,21,6,46,17,1,1,1,1,1,1,9,22,0,0,15,9,30,70,4,2,1,65,55,3,61,31,0,1,0,1,0,11,0,3,0,10,0,3,0,2,0,2,0,4,2,35.7365675,139.8453452777778,6,3,9999,0,9,0
1,30,777,2,2,0,1,21190,0,123,2023,12,23,19,25,22,6,47,16,32,1,1,1,14,7,0,0,0,0,2,9,1,70,5,2,1,45,45,3,61,31,0,1,0,1,0,11,0,3,0,80,0,3,0,2,0,2,0,4,2,35.70204583333334,139.84765722222224,7,3,9999,0,1,0
1,30,777,24,2,0,1,21190,0,123,2024,1,18,19,25,22,6,49,16,53,1,1,1,1,1,9,22,0,0,14,9,30,70,1,2,1,55,75,3,61,1,0,1,0,1,0,1,0,2,0,10,0,3,0,2,0,2,0,4,2,35.708307500000004,139.8435286111111,5,3,9999,0,9,0
1,30,777,25,2,0,1,30000,0,123,2024,1,11,18,2,22,6,51,16,46,1,1,1,7,7,0,0,0,0,2,9,1,1,5,3,1,45,1,3,61,31,0,1,0,1,0,11,0,2,0,10,0,4,0,2,0,2,0,4,2,35.7026575,139.88680944444442,5,3,9999,0,1,0
1,30,777,29,2,0,1,30000,0,123,2024,1,23,12,0,12,6,47,16,58,1,1,1,1,7,9,22,0,0,11,9,30,70,5,2,1,65,75,3,61,31,0,1,0,1,0,11,0,5,0,10,0,3,0,2,0,2,0,4,2,35.708706944444444,139.85845083333334,3,3,9999,0,9,0
1,30,777,34,2,0,1,30000,0,123,2024,1,18,21,19,22,6,49,16,53,1,1,1,1,7,9,22,0,0,14,9,30,70,5,3,1,55,45,13,61,31,0,11,0,1,0,11,0,2,0,10,0,4,0,2,0,2,0,4,2,35.70420444444445,139.90416666666667,5,3,9999,0,9,0
1,30,777,38,2,0,1,30000,0,123,2024,1,12,15,20,12,6,51,16,47,1,1,1,14,7,0,0,0,0,3,9,1,70,5,3,1,75,45,4,61,31,0,1,0,1,0,11,0,2,0,12,0,3,0,2,0,2,0,4,2,35.707075555555555,139.84293222222223,6,3,547,0,9,0
1,30,777,43,2,0,1,30000,0,123,2024,1,27,11,45,12,6,45,17,2,1,1,1,14,7,0,0,0,0,2,9,1,70,5,3,1,65,45,3,61,31,0,1,0,1,0,11,0,5,0,40,0,4,0,2,0,2,0,4,2,35.706407777777784,139.84826361111112,7,3,9999,0,9,0
1,30,778,8,2,0,1,30000,0,123,2024,1,10,8,45,12,6,51,16,46,1,1,1,14,7,0,0,0,0,2,9,1,70,5,3,1,55,75,51,61,41,0,0,0,0,0,0,0,0,0,10,0,4,0,0,0,0,0,4,2,35.71837611111111,139.8969961111111,4,3,0,0,0,0
1,30,778,14,2,0,1,30000,0,123,2024,1,13,12,15,12,6,51,16,48,1,1,1,14,7,0,0,0,0,2,9,1,70,5,3,1,55,1,3,61,31,0,1,0,1,0,11,0,2,0,20,0,4,0,2,0,2,0,4,2,35.738640277777776,139.88589222222222,7,3,9999,0,9,0
1,30,778,15,2,0,1,30000,0,123,2024,1,13,14,15,12,6,51,16,48,1,1,1,14,7,0,0,0,0,3,9,1,70,1,2,1,35,45,51,61,41,0,0,0,0,0,0,0,0,0,10,0,3,0,0,0,0,0,4,2,35.733826944444445,139.89607805555553,7,3,0,0,0,0
1,30,779,3,2,0,1,30000,0,123,2024,1,1,15,30,12,6,50,16,38,1,1,1,1,2,1,21,0,0,14,9,30,70,5,2,1,45,45,3,61,31,0,1,0,1,0,11,0,2,0,10,0,3,0,2,0,2,0,4,2,35.674792777777775,139.88219333333333,2,1,9999,0,1,0
1,30,779,12,2,0,1,10130,0,123,2024,1,11,17,47,22,6,51,16,46,1,1,1,1,1,9,22,0,0,19,9,30,70,5,1,1,45,45,14,61,1,0,11,0,1,0,11,0,4,0,10,0,4,0,2,0,2,0,4,2,35.66786416666667,139.873455,5,3,9999,0,1,0
1,30,779,13,2,0,1,30000,0,123,2024,1,12,13,50,12,6,51,16,47,1,1,1,1,1,9,22,0,0,14,9,30,70,4,2,1,55,55,3,61,31,0,1,0,1,0,11,0,2,0,10,0,4,0,2,0,2,0,4,2,35.65881916666667,139.87636416666666,6,3,9999,0,9,0
1,30,779,17,2,0,1,20000,0,123,2024,1,17,14,17,12,6,50,16,52,1,1,1,1,1,9,22,0,0,18,9,30,70,1,1,1,65,1,3,61,31,0,1,0,1,0,11,0,3,0,10,0,4,0,2,0,2,0,4,2,35.65319916666667,139.85975472222222,4,3,9999,0,9,0
1,30,779,18,2,0,1,30000,0,123,2024,1,20,11,50,12,6,49,16,55,3,1,2,14,7,0,0,0,0,3,9,1,70,4,3,1,45,1,3,61,31,0,1,0,1,0,11,0,2,0,10,0,3,0,2,0,2,0,4,2,35.657649444444445,139.88447722222222,7,3,9999,0,1,0
1,30,779,24,2,0,1,30000,0,123,2024,1,28,21,20,22,6,44,17,3,1,1,1,14,7,0,0,0,0,3,9,1,1,5,2,1,45,75,13,61,31,0,11,0,1,0,11,0,2,0,10,0,3,0,2,0,2,0,4,2,35.663889166666664,139.8640288888889,1,3,9999,0,1,0
1,30,876,3,2,0,1,30000,0,201,2023,11,25,10,25,12,6,26,16,30,2,1,1,7,7,0,0,0,0,3,9,1,70,5,2,1,75,75,52,61,41,0,0,0,0,0,0,0,0,0,10,0,3,0,0,0,0,0,4,2,35.64358305555555,139.35461999999998,7,3,0,0,0,0
1,30,876,4,2,0,1,30000,0,201,2023,12,23,14,2,12,6,47,16,32,1,1,1,1,1,0,0,0,0,19,9,30,70,1,2,1,55,0,61,0,0,0,0,0,0,0,0,0,0,0,0,0,0,0,0,0,0,0,2,0,35.633809722222225,139.32980722222223,7,3,0,0,0,0
1,30,876,10,2,0,1,30000,0,201,2024,1,13,8,5,12,6,51,16,48,1,2,1,1,1,9,22,0,0,15,9,30,70,5,2,1,55,45,3,61,31,0,1,0,1,0,11,0,2,0,10,0,3,0,2,0,2,0,4,2,35.64192666666666,139.41772555555553,7,3,9999,0,9,0
1,30,876,17,2,0,1,30000,0,201,2024,1,15,18,20,22,6,50,16,50,1,1,1,1,7,9,22,0,0,15,7,30,70,4,2,1,55,1,3,61,31,0,1,0,1,0,11,0,3,0,10,0,3,0,2,0,2,0,4,2,35.62485111111111,139.33476416666667,2,3,9999,0,9,0
1,30,876,21,2,0,1,30000,0,201,2024,1,18,7,45,11,6,49,16,53,1,1,1,14,7,0,0,0,0,3,9,1,70,5,4,1,45,55,36,61,31,0,0,0,0,0,11,0,2,0,10,0,3,0,0,0,0,0,4,2,35.63328333333333,139.32008166666665,5,3,9999,0,1,0
1,30,876,22,2,0,1,30000,0,201,2024,1,11,18,32,22,6,51,16,46,1,1,1,1,7,0,0,0,0,14,9,30,70,4,2,1,55,0,61,0,0,0,0,0,0,0,0,0,0,0,0,0,0,0,0,0,0,0,2,0,35.627566111111115,139.34846833333333,5,3,0,0,0,0
1,30,876,23,2,0,1,30000,0,201,2024,1,24,10,40,12,6,47,16,59,1,1,1,1,1,9,22,0,0,15,9,30,70,4,2,1,35,75,14,61,31,0,11,0,1,0,11,0,3,0,50,0,4,0,2,0,2,0,4,2,35.6430325,139.31997444444445,4,3,9999,0,5,0
1,30,876,29,2,0,2,10490,0,209,2024,1,26,6,55,11,6,46,17,1,1,2,1,1,1,9,22,0,0,15,9,30,70,1,1,1,75,25,35,61,31,0,0,0,0,0,11,0,3,0,10,0,3,0,0,0,0,0,2,2,35.597343333333335,139.3674802777778,6,3,577,0,5,0
1,30,877,1,1,1,0,30000,0,201,2024,1,7,9,45,12,6,51,16,43,1,2,1,7,7,0,0,0,0,2,9,1,70,5,4,1,35,75,3,61,31,0,1,0,1,0,11,0,2,0,10,0,3,0,2,0,2,0,4,1,35.67236722222222,139.29040055555555,1,2,9999,0,5,0
1,30,877,21,2,0,1,30000,0,201,2024,1,12,21,0,22,6,51,16,47,1,1,1,1,2,9,22,0,0,14,9,30,70,4,2,1,1,1,51,61,41,0,0,0,0,0,0,0,0,0,10,0,3,0,0,0,0,0,4,2,35.662530277777776,139.28280222222224,6,3,0,0,0,0
1,30,877,26,2,0,1,200,491,201,2024,1,16,16,20,13,6,50,16,51,1,1,1,1,1,9,22,0,0,14,9,30,70,4,2,1,55,75,2,61,31,0,1,0,1,0,11,0,4,0,10,0,3,0,2,0,2,0,4,2,35.64854472222222,139.2955675,3,3,9999,0,9,0
1,30,877,37,2,0,1,20740,0,201,2024,1,24,16,5,13,6,47,16,59,1,1,1,14,7,0,0,0,0,3,9,1,70,4,2,1,55,1,51,61,41,0,0,0,0,0,0,0,0,0,40,0,3,0,0,0,0,0,4,2,35.66910111111111,139.2923377777778,4,3,0,0,0,0
1,30,878,4,2,0,1,30000,0,225,2023,11,11,7,45,12,6,12,16,38,2,1,1,14,7,0,0,0,0,3,9,1,70,4,2,1,1,1,51,61,41,0,0,0,0,0,0,0,0,0,10,0,3,0,0,0,0,0,4,2,35.61016333333333,139.49560138888887,7,3,0,0,0,0
1,30,878,10,2,0,1,10610,0,225,2024,1,7,18,0,22,6,51,16,43,2,1,1,14,7,0,0,0,0,5,9,1,70,1,2,1,1,1,51,61,41,0,0,0,0,0,0,0,0,0,20,0,4,0,0,0,0,0,4,2,35.639140833333336,139.49910083333333,1,2,0,0,0,0
1,30,878,13,2,0,1,30000,0,224,2024,1,12,11,45,12,6,51,16,47,1,2,1,14,7,0,0,0,0,2,9,1,70,5,4,1,35,75,51,61,41,0,0,0,0,0,0,0,0,0,10,0,3,0,0,0,0,0,4,2,35.65114333333333,139.45322472222222,6,3,0,0,0,0
1,30,878,14,2,0,1,30000,0,225,2024,1,14,7,0,11,6,50,16,49,1,2,1,1,1,9,22,0,0,14,9,30,70,4,2,1,45,25,3,61,31,0,1,0,1,0,11,0,3,0,10,0,3,0,2,0,2,0,4,2,35.60816,139.4985558333333,1,3,9999,0,1,0
1,30,878,25,2,0,1,30000,0,225,2024,1,13,13,0,12,6,51,16,48,1,2,1,14,7,0,0,0,0,1,9,1,1,5,3,1,1,1,17,61,31,0,11,0,1,0,11,0,2,0,20,0,3,0,2,0,2,0,4,2,35.639512777777774,139.50023833333333,7,3,9999,0,1,0
1,30,878,36,2,0,1,30000,0,224,2023,12,22,15,25,12,6,47,16,32,1,1,1,14,7,0,0,0,0,2,9,1,70,5,3,1,45,0,61,0,0,0,0,0,0,0,0,0,0,0,0,0,0,0,0,0,0,0,2,0,35.651246388888886,139.44957444444444,6,3,0,0,0,0
1,30,879,16,2,0,1,31080,0,223,2024,1,15,8,5,12,6,50,16,50,1,1,1,14,7,0,0,0,0,2,9,1,70,4,2,1,35,45,51,61,41,0,0,0,0,0,0,0,0,0,40,0,3,0,0,0,0,0,4,2,35.747095,139.38817194444442,2,3,0,0,0,0
1,30,879,22,2,0,1,30000,0,223,2024,1,17,18,19,22,6,50,16,52,1,2,3,14,7,0,0,0,0,3,9,1,70,4,1,1,45,1,4,61,31,0,1,0,1,0,11,0,3,0,20,0,3,0,2,0,2,0,4,2,35.74252166666667,139.39273277777778,4,3,9999,0,1,0
1,30,879,25,2,0,1,30000,0,223,2024,1,19,14,5,12,6,49,16,54,1,1,1,1,7,9,22,0,0,14,9,30,70,5,3,1,55,1,3,61,31,0,1,0,1,0,11,0,1,0,10,0,3,0,2,0,2,0,4,2,35.750481111111114,139.38253,6,3,9999,0,9,0
1,30,879,36,2,0,1,21150,0,223,2024,1,25,11,30,12,6,46,17,0,1,1,1,14,7,0,0,0,0,4,9,1,70,4,2,1,65,75,4,61,31,0,1,0,1,0,11,0,1,0,10,0,3,0,2,0,2,0,4,2,35.74653638888889,139.38292916666668,5,3,9999,0,9,0
1,30,879,44,2,0,1,30000,0,223,2024,1,31,8,3,12,6,42,17,7,1,1,1,14,7,0,0,0,0,3,9,1,70,5,2,1,1,1,51,61,41,0,0,0,0,0,0,0,0,0,20,0,3,0,0,0,0,0,4,2,35.740792222222225,139.40023722222222,4,3,0,0,0,0
1,30,880,3,2,0,1,10450,0,205,2024,1,1,16,45,21,6,50,16,38,1,1,1,1,7,9,22,0,0,17,9,30,70,4,2,1,75,75,4,61,31,0,1,0,1,0,11,0,3,0,10,0,3,0,2,0,2,0,4,2,35.79105694444444,139.21989722222222,2,1,319,0,9,0
1,30,880,6,2,0,1,10240,0,205,2024,1,9,17,20,21,6,51,16,45,1,1,1,14,7,0,0,0,0,3,9,1,70,4,2,1,45,35,4,61,31,0,1,0,1,0,11,0,3,0,10,0,3,0,2,0,2,0,4,2,35.787770555555554,139.22979361111112,3,3,9999,0,9,0
1,30,880,8,2,0,1,30000,0,205,2024,1,12,11,10,12,6,51,16,47,1,3,1,7,7,0,0,0,0,3,9,1,70,4,3,1,65,75,4,61,31,0,1,0,1,0,11,0,3,0,80,0,3,0,2,0,2,0,4,2,35.795655555555555,139.2776902777778,6,3,9999,0,9,0
1,30,880,17,2,0,1,30000,0,205,2024,1,18,13,50,12,6,49,16,53,1,1,1,1,7,9,22,0,0,14,9,30,70,4,2,1,65,45,3,61,31,0,1,0,1,0,11,0,5,0,50,0,4,0,2,0,2,0,4,2,35.782154722222224,139.28414444444445,5,3,9999,0,9,0
1,30,880,18,2,0,1,99000,0,205,2024,1,29,14,43,12,6,44,17,5,1,1,1,0,7,0,0,0,0,0,0,20,70,0,4,1,55,55,3,61,31,0,1,0,1,0,11,0,10,0,10,0,3,0,2,0,2,0,4,2,35.789136388888885,139.31719833333332,2,3,9999,0,1,0
1,30,881,2,2,0,1,20000,0,305,2024,1,13,13,25,12,6,51,16,48,2,2,1,14,7,0,0,0,0,3,9,1,70,4,2,1,35,65,4,61,31,0,1,0,1,0,11,0,3,0,10,0,3,0,2,0,2,0,4,2,35.733783333333335,139.27107194444446,7,3,9999,0,1,0
1,30,881,9,2,0,1,30000,0,305,2024,1,28,17,25,21,6,44,17,3,1,2,1,1,7,9,22,0,0,15,9,30,70,5,2,1,45,75,3,61,31,0,1,0,1,0,11,0,3,0,10,0,3,0,2,0,2,0,4,2,35.73600916666667,139.27511555555557,1,3,9999,0,9,0
1,30,882,4,2,0,1,99000,0,303,2023,12,21,20,40,22,6,46,16,31,1,2,1,0,7,0,0,0,0,0,0,20,70,0,4,1,45,65,3,61,31,0,1,0,1,0,11,0,10,0,30,0,4,0,2,0,2,0,4,2,35.761135833333334,139.33815444444446,5,3,9999,0,5,0
1,30,882,11,2,0,1,30000,0,218,2024,1,2,14,40,12,6,51,16,39,1,2,1,1,1,9,22,0,0,11,9,30,70,5,3,1,45,45,3,61,31,0,1,0,1,0,11,0,2,0,40,0,3,0,2,0,2,0,4,2,35.721603611111114,139.34169333333335,3,3,9999,0,9,0
1,30,882,15,2,0,1,30000,0,228,2023,12,18,18,9,22,6,45,16,30,1,3,1,1,1,9,22,0,0,15,9,30,70,4,2,1,75,75,3,61,31,0,1,0,1,0,11,0,2,0,10,0,4,0,2,0,2,0,4,2,35.738506111111114,139.31580916666667,2,3,9999,0,9,0
1,30,882,22,2,0,1,10550,0,227,2024,1,24,11,20,12,6,47,16,59,2,1,1,14,7,0,0,0,0,4,9,1,70,4,1,1,75,55,3,61,31,0,1,0,1,0,11,0,3,0,80,0,3,0,2,0,2,0,4,2,35.770406944444446,139.30437944444446,4,3,980,0,9,0
1,30,882,24,2,0,1,30000,0,218,2024,1,24,9,55,12,6,47,16,59,1,3,1,1,1,0,0,0,0,11,9,30,70,4,2,1,25,0,61,0,0,0,0,0,0,0,0,0,0,0,0,0,0,0,0,0,0,0,2,0,35.737051944444445,139.32944277777779,4,3,0,0,0,0
1,30,882,25,2,0,1,30000,0,228,2024,1,24,10,40,12,6,47,16,59,1,2,1,7,1,0,0,0,0,2,9,1,70,4,2,1,75,55,51,61,41,0,0,0,0,0,0,0,0,0,10,0,4,0,0,0,0,0,4,2,35.73149083333333,139.2867463888889,4,3,0,0,0,0
1,30,882,31,2,0,1,30000,0,218,2024,1,29,22,30,22,6,44,17,5,1,3,1,1,1,9,22,0,0,14,9,30,70,5,2,1,45,55,4,61,31,0,1,0,1,0,11,0,3,0,80,0,3,0,2,0,2,0,4,2,35.74973166666667,139.3246211111111,2,3,9999,0,9,0
1,30,883,1,1,1,0,30000,0,201,2024,1,20,4,58,22,6,49,16,55,2,1,1,1,1,9,22,0,0,15,9,30,70,5,2,1,55,55,13,61,31,0,11,0,1,0,11,0,3,0,10,0,2,0,2,0,2,0,4,1,35.6525825,139.32680861111112,7,3,9999,0,9,0
1,30,883,2,2,0,1,30000,0,201,2023,12,16,18,56,22,6,43,16,29,1,1,1,14,7,0,0,0,0,2,9,1,70,5,3,1,75,1,4,61,31,0,1,0,1,0,11,0,2,0,40,0,4,0,2,0,2,0,4,2,35.65249333333333,139.34227666666666,7,3,136,0,9,0
1,30,883,6,2,0,1,30000,0,201,2023,11,29,11,45,12,6,30,16,28,1,2,1,13,7,0,0,0,0,2,3,1,70,5,3,1,65,75,4,61,31,0,1,0,1,0,11,0,10,0,50,0,3,0,2,0,2,0,4,2,35.681268055555556,139.35809361111112,4,3,9999,0,9,0
1,30,883,8,2,0,1,30000,0,201,2023,12,14,18,0,22,6,42,16,29,1,2,1,14,7,0,0,0,0,3,9,1,70,4,2,1,1,45,51,61,41,0,0,0,0,0,0,0,0,0,10,0,4,0,0,0,0,0,4,2,35.666600555555554,139.3489338888889,5,3,0,0,0,0
1,30,883,12,2,0,1,30000,0,201,2024,1,6,3,25,22,6,51,16,42,1,1,1,14,7,0,0,0,0,2,9,1,70,5,4,1,25,45,3,61,31,0,1,0,1,0,11,0,10,0,40,0,3,0,2,0,2,0,4,2,35.65699333333333,139.3338875,7,3,9999,0,1,0
1,30,883,21,2,0,1,21150,0,201,2024,1,16,18,5,22,6,50,16,51,1,1,1,14,7,0,0,0,0,2,9,1,70,4,2,1,1,1,51,61,41,0,0,0,0,0,0,0,0,0,10,0,3,0,0,0,0,0,4,2,35.67212388888888,139.36168638888887,3,3,0,0,0,0
1,30,883,25,2,0,1,30000,0,201,2024,1,18,17,0,21,6,49,16,53,1,1,1,7,7,0,0,0,0,2,9,1,70,4,1,1,65,1,3,61,31,0,1,0,1,0,11,0,3,0,14,0,3,0,2,0,2,0,4,2,35.68378111111111,139.33029333333332,5,3,9999,0,9,0
1,30,883,27,2,0,1,30000,0,201,2024,1,13,13,13,12,6,51,16,48,2,1,1,14,7,0,0,0,0,3,9,1,70,4,3,1,75,55,3,61,31,0,1,0,1,0,11,0,2,0,40,0,4,0,2,0,2,0,4,2,35.66091055555555,139.33253527777777,7,3,344,0,9,0
1,30,883,28,2,0,1,30000,0,201,2024,1,22,12,45,12,6,48,16,57,1,1,1,7,7,0,0,0,0,2,9,1,70,5,2,1,1,65,51,61,41,0,0,0,0,0,0,0,0,0,10,0,3,0,0,0,0,0,4,2,35.65955694444445,139.33836194444444,2,3,0,0,0,0
1,30,883,34,2,0,1,10460,0,201,2024,1,25,22,40,22,6,46,17,0,1,1,1,1,1,9,22,0,0,15,9,30,70,4,2,1,45,35,4,61,31,0,1,0,1,0,11,0,3,0,10,0,3,0,2,0,2,0,4,2,35.6761975,139.3128841666667,5,3,9999,0,9,0
1,30,883,35,2,0,1,200,0,201,2024,1,5,18,48,22,6,51,16,41,1,1,1,1,1,9,22,0,0,15,9,30,70,4,1,1,35,45,3,61,31,0,1,0,1,0,11,0,4,0,10,0,3,0,2,0,2,0,4,2,35.66014305555555,139.33134333333334,6,3,9999,0,5,0
1,30,883,44,2,0,1,30000,0,201,2024,1,31,16,3,12,6,42,17,7,1,2,1,14,7,0,0,0,0,2,9,1,70,5,3,1,35,1,3,61,31,0,1,0,1,0,11,0,2,0,10,0,3,0,2,0,2,0,4,2,35.65924694444444,139.35371916666665,4,3,9999,0,5,0
1,30,883,52,2,0,1,10000,0,201,2024,1,11,15,3,12,6,51,16,46,1,1,1,7,1,0,0,0,0,5,9,1,70,5,2,1,1,1,51,61,41,0,0,0,0,0,0,0,0,0,10,0,3,0,0,0,0,0,4,2,35.66721305555555,139.3410438888889,5,3,0,0,0,0
1,30,884,10,2,0,1,30000,0,209,2023,12,26,8,55,12,6,49,16,34,1,1,1,14,7,0,0,0,0,3,9,1,70,5,3,1,55,45,4,61,31,0,1,0,1,0,11,0,3,0,10,0,3,0,2,0,2,0,4,2,35.53979944444444,139.4539536111111,3,3,9999,0,9,0
1,30,884,12,2,0,1,30000,0,209,2023,12,13,21,0,22,6,41,16,28,1,1,1,1,7,0,0,0,0,14,9,30,70,4,3,1,25,0,61,0,0,0,0,0,0,0,0,0,0,0,0,0,0,0,0,0,0,0,2,0,35.524435555555556,139.47422666666668,4,3,0,0,0,0
1,30,884,17,2,0,1,10610,0,209,2024,1,4,18,20,22,6,51,16,40,1,1,1,14,7,0,0,0,0,3,9,1,70,4,2,1,55,25,3,61,31,0,1,0,1,0,11,0,3,0,10,0,3,0,2,0,2,0,4,2,35.583220000000004,139.47118944444443,5,3,9999,0,9,0
1,30,884,32,2,0,1,30000,0,209,2024,1,8,17,5,21,6,51,16,44,1,1,1,14,7,0,0,0,0,3,9,1,70,4,2,1,75,25,35,61,31,0,0,0,0,0,11,0,3,0,10,0,3,0,0,0,0,0,4,2,35.585189166666666,139.39490805555556,2,1,62,0,9,0
1,30,884,34,2,0,1,30000,0,209,2024,1,17,19,47,22,6,50,16,52,1,1,1,1,1,9,22,0,0,14,9,30,70,4,2,1,1,1,3,61,31,0,1,0,1,0,11,0,3,0,10,0,3,0,2,0,2,0,4,2,35.541222499999996,139.44977666666668,4,3,0,0,0,0
1,30,884,35,2,0,1,30000,0,209,2024,1,18,17,32,21,6,49,16,53,1,1,1,1,7,9,22,0,0,14,9,30,70,4,2,1,65,55,4,61,31,0,1,0,1,0,11,0,3,0,10,0,3,0,2,0,2,0,4,2,35.56556111111111,139.42978916666667,5,3,9999,0,9,0
1,30,884,36,2,0,1,21120,0,209,2024,1,19,7,45,11,6,49,16,54,1,1,1,1,1,9,22,0,0,14,9,30,70,4,1,1,55,45,14,61,31,0,11,0,1,0,11,0,3,0,10,0,3,0,2,0,2,0,4,2,35.538159444444446,139.48058972222222,6,3,9999,0,9,0
1,30,884,43,2,0,1,20750,0,209,2024,1,25,17,20,21,6,46,17,0,1,2,1,1,7,9,22,0,0,17,9,30,70,1,2,1,45,75,3,61,31,0,1,0,1,0,11,0,3,0,10,0,3,0,2,0,2,0,4,2,35.579507222222226,139.41419583333334,5,3,9999,0,5,0
1,30,884,49,2,0,1,30000,0,209,2024,1,22,17,15,21,6,48,16,57,3,1,2,1,7,9,22,0,0,11,9,30,70,5,4,1,45,35,4,61,31,0,1,0,1,0,11,0,10,0,30,0,3,0,2,0,2,0,4,2,35.53765861111111,139.45067083333333,2,3,9999,0,1,0
1,30,885,5,2,0,1,30000,0,212,2023,12,18,3,25,22,6,45,16,30,1,1,1,13,7,0,0,0,0,2,5,1,70,5,1,1,45,75,4,61,31,0,1,0,1,0,11,0,3,0,10,0,3,0,2,0,2,0,4,2,35.654287499999995,139.382395,2,3,9999,0,1,0
1,30,885,8,2,0,1,30000,0,212,2023,12,25,8,7,12,6,48,16,33,1,1,1,1,7,9,22,0,0,11,9,30,1,5,3,1,45,55,3,61,31,0,1,0,1,0,11,0,2,0,10,0,3,0,2,0,2,0,4,2,35.67993472222222,139.38839194444444,2,3,9999,0,1,0
1,30,885,9,2,0,1,10510,0,212,2023,12,25,10,25,12,6,48,16,33,1,1,1,1,1,9,22,0,0,14,7,30,70,4,2,1,65,75,3,61,31,0,1,0,1,0,11,0,3,0,10,0,3,0,2,0,2,0,4,2,35.665326388888886,139.40752527777778,2,3,9999,0,9,0
1,30,885,15,2,0,1,21200,0,212,2024,1,16,13,5,12,6,50,16,51,1,1,1,1,1,9,22,0,0,15,9,30,70,4,1,1,65,55,3,61,31,0,1,0,1,0,11,0,2,0,20,0,3,0,2,0,2,0,4,2,35.65888888888889,139.37233861111113,3,3,9999,0,1,0
1,30,885,18,2,0,1,30000,0,212,2024,1,17,14,45,12,6,50,16,52,1,1,1,14,7,0,0,0,0,3,9,1,70,5,4,1,35,1,3,61,31,0,1,0,1,0,11,0,10,0,40,0,3,0,2,0,2,0,4,2,35.66102222222222,139.42547555555555,4,3,9999,0,1,0
1,30,886,4,2,0,1,30000,0,207,2024,1,9,10,20,12,6,51,16,45,1,2,1,14,7,0,0,0,0,2,9,1,70,5,3,1,75,35,3,61,31,0,1,0,1,0,11,0,2,0,40,0,3,0,2,0,2,0,4,2,35.708940000000005,139.3579536111111,3,3,686,0,9,0
1,30,886,7,2,0,1,30000,0,207,2024,1,10,18,10,22,6,51,16,46,1,1,1,7,7,0,0,0,0,3,9,1,70,5,3,1,55,45,3,61,31,0,1,0,1,0,11,0,2,0,80,0,4,0,2,0,2,0,4,2,35.709789722222226,139.3736377777778,4,3,9999,0,9,0
1,30,886,13,2,0,1,30000,0,207,2024,1,18,14,25,12,6,49,16,53,1,1,1,14,7,0,0,0,0,2,9,1,70,4,1,1,55,1,51,61,41,0,0,0,0,0,0,0,0,0,40,0,4,0,0,0,0,0,4,2,35.718690555555554,139.3796825,5,3,0,0,0,0
1,30,886,22,2,0,1,30000,0,207,2024,1,25,20,30,22,6,46,17,0,1,2,1,1,7,9,22,0,0,14,9,30,70,4,1,1,45,55,14,61,31,0,11,0,1,0,11,0,3,0,10,0,3,0,2,0,2,0,4,2,35.71886055555556,139.38207805555555,5,3,9999,0,9,0
1,30,886,23,2,0,1,99000,0,207,2024,1,26,13,5,12,6,46,17,1,1,2,1,0,7,0,0,0,0,0,0,20,70,0,2,1,55,75,3,61,1,0,1,0,1,0,11,0,10,0,50,0,3,0,2,0,2,0,4,2,35.70900916666667,139.3825413888889,6,3,9999,0,9,0