資料区分,都道府県コード,警察署等コード,本票番号,事故内容,死者数,負傷者数,路線コード,地点コード,市区町村コード,発生日時　　年,発生日時　　月,発生日時　　日,発生日時　　時,発生日時　　分,昼夜,日の出時刻　　時,日の出時刻　　分,日の入り時刻　　時,日の入り時刻　　分,天候,地形,路面状態,道路形状,信号機,一時停止規制　標識（当事者A）,一時停止規制　表示（当事者A）,一時停止規制　標識（当事者B）,一時停止規制　表示（当事者B）,車道幅員,道路線形,衝突地点,ゾーン規制,中央分離帯施設等,歩車道区分,事故類型,年齢（当事者A）,年齢（当事者B）,当事者種別（当事者A）,当事者種別（当事者B）,用途別（当事者A）,用途別（当事者B）,車両形状等（当事者A）,車両形状等（当事者B）,オートマチック車（当事者A）,オートマチック車（当事者B）,サポカー（当事者A）,サポカー（当事者B）,速度規制（指定のみ）（当事者A）,速度規制（指定のみ）（当事者B）,車両の衝突部位（当事者A）,車両の衝突部位（当事者B）,車両の損壊程度（当事者A）,車両の損壊程度（当事者B）,エアバッグの装備（当事者A）,エアバッグの装備（当事者B）,サイドエアバッグの装備（当事者A）,サイドエアバッグの装備（当事者B）,人身損傷程度（当事者A）,人身損傷程度（当事者B）,lat,lon,曜日(発生年月日),祝日(発生年月日),認知機能検査経過日数（当事者A）,認知機能検査経過日数（当事者B）,運転練習の方法（当事者A）,運転練習の方法（当事者B）
1,30,886,31,2,0,1,30000,0,207,2024,1,31,13,11,12,6,42,17,7,1,1,1,14,7,0,0,0,0,1,9,1,70,5,4,1,25,1,3,61,31,0,1,0,1,0,11,0,10,0,20,0,3,0,2,0,2,0,4,2,35.70687083333333,139.36336777777777,4,3,9999,0,5,0
1,30,887,15,2,0,1,20000,0,215,2024,1,10,9,53,12,6,51,16,46,1,1,1,1,7,9,22,0,0,15,9,30,70,5,2,1,45,55,13,61,31,0,11,0,1,0,11,0,2,0,80,0,3,0,2,0,2,0,4,2,35.69065138888889,139.44722361111113,4,3,9999,0,5,0
1,30,887,16,2,0,1,30000,0,215,2024,1,11,7,20,11,6,51,16,46,1,2,1,1,7,9,22,0,0,11,9,30,70,5,3,1,25,45,51,61,41,0,0,0,0,0,0,0,0,0,10,0,3,0,0,0,0,0,4,2,35.68187638888889,139.4503961111111,5,3,0,0,0,0
1,30,887,17,2,0,1,30000,0,215,2024,1,11,7,15,11,6,51,16,46,1,1,1,1,7,9,22,0,0,11,9,30,70,5,3,1,55,55,13,61,31,0,11,0,1,0,11,0,10,0,80,0,3,0,2,0,2,0,4,2,35.67544611111111,139.44535194444444,5,3,9999,0,9,0
1,30,887,33,2,0,1,10260,0,202,2024,1,20,8,10,12,6,49,16,55,2,1,1,1,7,1,21,0,0,14,9,30,70,4,2,1,45,35,4,61,31,0,1,0,1,0,11,0,10,0,10,0,4,0,2,0,2,0,4,2,35.7259625,139.39140999999998,7,3,9999,0,1,0
1,30,887,34,2,0,1,30000,0,202,2024,1,12,18,17,22,6,51,16,47,1,2,1,1,1,9,22,0,0,11,9,30,70,4,2,1,35,35,4,61,31,0,1,0,1,0,11,0,3,0,30,0,3,0,2,0,2,0,4,2,35.725147222222226,139.37078555555556,6,3,9999,0,1,0
1,30,887,35,2,0,1,10520,0,202,2024,1,20,22,5,22,6,49,16,55,3,1,2,1,8,9,22,0,0,19,9,30,70,4,2,1,45,45,12,61,1,0,11,0,1,0,11,0,3,0,10,0,4,0,2,0,2,0,4,2,35.69354611111111,139.41856444444443,7,3,9999,0,1,0
1,30,887,38,2,0,1,99000,0,215,2024,1,22,12,45,12,6,48,16,57,1,1,1,0,7,0,0,0,0,0,0,20,70,0,4,1,45,75,4,61,31,0,1,0,1,0,11,0,10,0,30,0,3,0,2,0,2,0,4,2,35.67533361111111,139.433375,2,3,9999,0,9,0
1,30,887,44,2,0,1,30000,0,202,2024,1,3,11,25,12,6,51,16,40,2,1,1,14,7,0,0,0,0,3,9,1,70,5,2,1,45,45,35,61,31,0,0,0,0,0,11,0,1,0,20,0,3,0,0,0,0,0,4,2,35.698616666666666,139.41287194444445,4,3,9999,0,9,0
1,30,887,54,2,0,1,30000,0,202,2024,1,30,18,5,21,6,43,17,6,1,1,1,1,1,9,22,0,0,14,9,30,70,4,2,1,45,45,3,61,31,0,1,0,1,0,11,0,3,0,10,0,3,0,2,0,2,0,4,2,35.72108138888889,139.42859777777778,3,3,9999,0,9,0
1,30,888,1,2,0,1,30000,0,206,2023,11,15,17,35,22,6,16,16,35,1,1,1,14,7,0,0,0,0,4,9,1,70,5,1,1,1,45,34,61,31,0,0,0,0,0,11,0,3,0,10,0,2,0,0,0,0,0,4,2,35.65309055555555,139.47075361111112,4,3,9999,0,1,0
1,30,888,2,2,0,1,30000,0,206,2023,11,29,14,47,12,6,30,16,28,1,1,1,14,7,0,0,0,0,3,9,1,70,4,2,1,55,1,3,61,31,0,1,0,1,0,11,0,3,0,40,0,4,0,2,0,2,0,4,2,35.658140833333334,139.49961083333332,4,3,9999,0,9,0
1,30,888,4,2,0,1,20890,0,206,2023,12,4,7,0,11,6,34,16,28,1,1,1,1,1,9,22,0,0,11,9,30,70,4,3,1,45,1,14,61,31,0,11,0,1,0,11,0,2,0,10,0,2,0,2,0,2,0,4,2,35.666576944444444,139.51362555555556,2,3,9999,0,9,0
1,30,888,8,2,0,1,10660,0,206,2024,1,10,9,44,12,6,51,16,46,1,1,1,1,1,9,22,0,0,14,9,30,70,4,1,1,35,45,3,61,31,0,1,0,1,0,11,0,3,0,10,0,4,0,2,0,2,0,4,2,35.667050277777776,139.49750916666665,4,3,9999,0,4,0
1,30,888,9,2,0,1,30000,0,206,2024,1,12,22,55,22,6,51,16,47,1,1,1,14,7,0,0,0,0,3,9,1,70,4,2,1,65,45,3,61,1,0,1,0,1,0,11,0,3,0,10,0,3,0,2,0,2,0,4,2,35.67234416666666,139.4942497222222,6,3,9999,0,9,0
1,30,888,12,2,0,1,20890,0,206,2024,1,19,19,41,22,6,49,16,54,1,1,1,1,1,9,22,0,0,15,9,30,70,4,2,1,55,45,4,61,31,0,1,0,1,0,11,0,3,0,50,0,4,0,2,0,2,0,4,2,35.67083361111111,139.46703555555555,6,3,9999,0,9,0
1,30,888,15,2,0,1,20890,0,206,2024,1,28,12,50,12,6,44,17,3,1,1,1,14,7,0,0,0,0,2,9,1,70,4,2,1,25,75,3,61,31,0,1,0,1,0,11,0,3,0,20,0,3,0,2,0,2,0,4,2,35.66935472222222,139.49871055555553,1,3,9999,0,1,0
1,30,889,8,2,0,1,30000,0,214,2024,1,12,8,5,12,6,51,16,47,1,1,1,14,7,0,0,0,0,2,9,1,70,5,2,1,1,1,51,61,41,0,0,0,0,0,0,0,0,0,40,0,3,0,0,0,0,0,4,2,35.709164722222226,139.47373916666666,6,3,0,0,0,0
1,30,889,12,2,0,1,10750,0,210,2024,1,15,6,56,11,6,50,16,50,1,1,1,1,1,9,22,0,0,18,9,30,70,1,1,1,55,45,11,61,1,0,11,0,2,0,11,0,5,0,50,0,3,0,2,0,2,0,4,2,35.68935555555555,139.50043861111112,2,3,9999,0,9,0
1,30,889,21,2,0,1,30000,0,214,2024,1,26,18,23,22,6,46,17,1,1,1,1,1,7,9,22,0,0,15,9,30,70,5,1,1,55,75,14,61,31,0,11,0,1,0,11,0,1,0,10,0,3,0,2,0,2,0,4,2,35.70677444444445,139.4634436111111,6,3,9999,0,9,0
1,30,889,23,2,0,1,30000,0,210,2024,1,22,23,55,22,6,48,16,57,1,1,1,14,7,0,0,0,0,1,9,1,70,5,4,1,45,1,51,61,41,0,0,0,0,0,0,0,0,0,10,0,3,0,0,0,0,0,2,4,35.68835694444444,139.52303944444446,2,3,0,0,0,0
1,30,890,1,1,1,0,30000,0,222,2024,1,14,21,34,22,6,50,16,49,1,1,1,14,7,0,0,0,0,1,9,1,70,5,4,1,65,75,3,61,1,0,1,0,1,0,11,0,1,0,30,0,3,0,2,0,2,0,4,1,35.7541525,139.54169444444443,1,3,9999,0,9,0
1,30,890,2,2,0,1,30000,0,222,2023,12,22,18,30,22,6,47,16,32,1,1,1,14,7,0,0,0,0,1,9,1,70,5,4,1,45,45,4,61,31,0,1,0,1,0,11,0,10,0,40,0,3,0,2,0,2,0,4,2,35.734345833333336,139.52067722222225,6,3,9999,0,1,0
1,30,890,5,2,0,1,30000,0,229,2023,12,26,14,20,12,6,49,16,34,1,1,1,1,1,9,22,0,0,15,9,30,70,4,2,1,25,1,14,61,1,0,11,0,1,0,11,0,2,0,10,0,3,0,2,0,2,0,4,2,35.72872527777778,139.5435525,3,3,9999,0,1,0
1,30,890,12,2,0,1,10600,0,222,2023,10,20,8,5,12,5,51,17,0,1,1,1,1,1,9,22,0,0,15,9,30,70,4,1,1,1,1,51,61,41,0,0,0,0,0,0,0,0,0,40,0,3,0,0,0,0,0,4,2,35.75261416666667,139.50393055555554,6,3,0,0,0,0
1,30,890,15,2,0,1,30000,0,229,2023,12,7,19,0,22,6,37,16,28,1,1,1,1,7,9,22,0,0,11,9,30,70,5,3,1,65,45,14,61,31,0,11,0,1,0,11,0,10,0,40,0,4,0,2,0,2,0,4,2,35.73017222222222,139.56648944444444,5,3,9999,0,9,0
1,30,890,36,2,0,1,20000,0,229,2024,1,30,16,20,13,6,43,17,6,1,1,1,14,7,0,0,0,0,2,9,1,70,5,4,1,1,75,51,61,41,0,0,0,0,0,0,0,0,0,10,0,3,0,0,0,0,0,4,2,35.71735416666667,139.53190083333334,3,3,0,0,0,0
1,30,890,40,2,0,1,10560,0,222,2024,1,19,21,8,22,6,49,16,54,1,1,1,1,1,9,22,0,0,18,9,30,70,4,2,1,25,1,35,61,31,0,0,0,0,0,11,0,3,0,10,0,3,0,0,0,0,0,4,2,35.765638611111115,139.51628416666668,6,3,9999,0,1,0
1,30,891,1,2,0,1,30000,0,221,2023,12,25,10,25,12,6,48,16,33,1,1,1,14,7,0,0,0,0,2,8,1,70,5,2,1,65,75,14,61,31,0,11,0,1,0,11,0,2,0,40,0,4,0,2,0,2,0,4,2,35.76562638888889,139.51474305555556,2,3,9999,0,9,0
1,30,891,6,2,0,2,20000,0,221,2024,1,4,18,16,22,6,51,16,40,1,1,1,14,7,0,0,0,0,3,9,1,70,4,2,1,1,55,51,61,41,0,0,0,0,0,0,0,0,0,10,0,3,0,0,0,0,0,2,2,35.773315555555556,139.5201263888889,5,3,0,0,0,0
1,30,891,10,2,0,1,30000,0,213,2024,1,11,8,55,12,6,51,16,46,1,1,1,14,7,0,0,0,0,2,9,1,70,5,2,1,65,75,3,61,31,0,1,0,1,0,11,0,2,0,30,0,4,0,2,0,2,0,4,2,35.74724055555556,139.46843055555556,5,3,9999,0,9,0
1,30,891,17,2,0,1,30000,0,221,2024,1,19,6,33,23,6,49,16,54,1,2,1,1,7,9,22,0,0,14,9,30,70,4,2,1,35,75,51,61,41,0,0,0,0,0,0,0,0,0,10,0,3,0,0,0,0,0,4,2,35.76134416666667,139.504815,6,3,0,0,0,0
1,30,891,20,2,0,1,30000,0,213,2024,1,21,22,54,22,6,48,16,56,2,1,1,7,7,0,0,0,0,3,9,1,70,4,2,1,35,1,3,61,31,0,1,0,1,0,11,0,1,0,10,0,3,0,2,0,2,0,4,2,35.75545833333333,139.45731527777775,1,3,9999,0,1,0
1,30,891,25,2,0,1,10580,0,213,2024,1,27,2,50,22,6,45,17,2,1,1,1,14,7,0,0,0,0,3,9,1,70,4,2,1,35,1,3,61,1,0,1,0,1,0,11,0,4,0,10,0,3,0,2,0,2,0,4,2,35.7623175,139.49689333333333,7,3,9999,0,1,0
1,30,891,32,2,0,1,30000,0,221,2024,1,5,23,10,22,6,51,16,41,1,1,1,1,1,9,22,0,0,15,9,30,70,4,2,1,65,25,3,61,1,0,1,0,1,0,11,0,4,0,80,0,4,0,2,0,2,0,4,2,35.77365472222222,139.52404944444444,6,3,9999,0,9,0
1,30,891,33,2,0,1,30000,0,221,2024,1,29,20,32,22,6,44,17,5,1,1,1,7,7,0,0,0,0,3,9,1,70,4,3,1,1,45,14,61,31,0,11,0,1,0,11,0,4,0,10,0,3,0,2,0,2,0,4,2,35.76833833333333,139.5186802777778,2,3,9999,0,1,0
1,30,892,2,2,0,1,30000,0,203,2023,12,26,8,5,12,6,49,16,34,1,1,1,14,7,0,0,0,0,2,9,1,70,5,3,1,65,25,3,61,1,0,1,0,1,0,11,0,2,0,40,0,3,0,2,0,2,0,4,2,35.70464527777778,139.5563463888889,3,3,9999,0,9,0
1,30,892,3,2,0,1,30000,0,203,2023,12,8,8,51,12,6,37,16,28,1,1,1,14,7,0,0,0,0,3,9,1,70,4,2,1,65,1,3,61,31,0,1,0,1,0,11,0,2,0,40,0,3,0,2,0,2,0,4,2,35.69840027777777,139.54664583333334,6,3,9999,0,9,0
1,30,892,9,2,0,1,20270,0,203,2024,1,8,2,30,22,6,51,16,44,1,1,1,14,7,0,0,0,0,4,9,1,70,4,2,1,65,25,3,61,31,0,1,0,1,0,11,0,3,0,10,0,3,0,2,0,2,0,4,2,35.70260888888889,139.57824944444445,2,1,9999,0,9,0
1,30,892,12,2,0,1,30000,0,203,2024,1,9,20,30,22,6,51,16,45,1,1,1,1,7,1,22,0,0,14,9,30,70,4,2,1,65,55,3,61,31,0,1,0,1,0,11,0,3,0,10,0,3,0,2,0,2,0,4,2,35.700832500000004,139.5431722222222,3,3,9999,0,9,0
1,30,892,20,2,0,1,30000,0,203,2024,1,16,16,56,21,6,50,16,51,1,1,1,14,7,0,0,0,0,2,9,1,1,5,3,1,45,1,14,61,31,0,11,0,1,0,11,0,2,0,10,0,3,0,2,0,2,0,4,2,35.71367361111111,139.54919944444444,3,3,9999,0,1,0
1,30,892,22,2,0,1,30000,0,203,2024,1,20,15,30,12,6,49,16,55,3,1,2,14,7,0,0,0,0,3,9,1,70,5,2,1,55,45,3,61,31,0,1,0,1,0,11,0,2,0,10,0,4,0,2,0,2,0,4,2,35.70449527777778,139.57772472222223,7,3,9999,0,9,0
1,30,892,25,2,0,1,10260,0,203,2024,1,18,10,54,12,6,49,16,53,1,1,1,14,7,0,0,0,0,1,9,1,70,4,2,1,35,35,52,61,41,0,0,0,0,0,0,0,0,0,30,0,3,0,0,0,0,0,4,2,35.706700833333336,139.58051055555555,5,3,0,0,0,0
1,30,893,3,2,0,1,30000,0,204,2023,9,1,16,43,12,5,12,18,9,1,1,1,1,7,0,0,0,0,14,9,30,70,5,2,1,25,0,61,0,0,0,0,0,0,0,0,0,0,0,0,0,0,0,0,0,0,0,2,0,35.70240583333334,139.5587438888889,6,3,0,0,0,0
1,30,893,8,2,0,1,20230,0,204,2024,1,8,16,40,13,6,51,16,44,1,1,1,1,1,9,22,0,0,15,9,30,70,4,2,1,45,1,51,61,41,0,0,0,0,0,0,0,0,0,40,0,4,0,0,0,0,0,4,2,35.69515611111111,139.56988416666667,2,1,0,0,0,0
1,30,893,12,2,0,1,30000,0,204,2024,1,19,17,50,21,6,49,16,54,1,1,1,7,7,0,0,0,0,1,9,1,70,4,3,1,55,1,36,61,31,0,0,0,0,0,11,0,2,0,20,0,3,0,0,0,0,0,4,2,35.677858055555554,139.57371388888888,6,3,9999,0,9,0
1,30,893,13,2,0,1,30000,0,204,2024,1,9,12,45,12,6,51,16,45,1,1,1,1,7,1,21,0,0,11,9,30,70,5,4,1,65,55,3,61,31,0,1,0,1,0,11,0,5,0,40,0,3,0,2,0,2,0,4,2,35.68998027777778,139.53706,3,3,9999,0,9,0
1,30,893,14,2,0,1,20230,0,204,2024,1,23,8,10,12,6,47,16,58,1,1,1,14,1,0,0,0,0,3,9,1,70,4,2,1,1,1,51,61,41,0,0,0,0,0,0,0,0,0,10,0,3,0,0,0,0,0,4,2,35.68689638888888,139.56884027777778,3,3,0,0,0,0
1,30,894,1,1,1,0,20000,0,208,2024,1,30,17,27,21,6,43,17,6,1,1,1,1,7,9,22,0,0,14,9,30,70,4,2,1,45,75,14,61,31,0,11,0,1,0,11,0,3,0,10,0,3,0,2,0,2,0,4,1,35.66202555555555,139.54863666666665,3,3,9999,0,9,0
1,30,894,5,2,0,1,30000,0,208,2023,12,16,11,55,12,6,43,16,29,1,1,1,1,7,9,22,0,0,11,9,30,70,5,4,1,25,55,4,61,31,0,1,0,1,0,11,0,5,0,20,0,3,0,2,0,2,0,4,2,35.662462222222224,139.55388555555555,7,3,9999,0,1,0
1,30,894,6,2,0,1,10620,0,208,2023,12,31,6,45,23,6,50,16,37,3,1,2,1,1,9,22,0,0,14,9,30,70,4,1,1,55,65,3,61,31,0,1,0,1,0,11,0,2,0,50,0,3,0,2,0,2,0,4,2,35.64547944444445,139.56375444444447,1,2,9999,0,9,0
1,30,894,10,2,0,1,10620,0,219,2023,11,17,22,15,22,6,18,16,33,1,1,1,14,7,0,0,0,0,3,9,1,70,4,2,1,35,25,51,61,41,0,0,0,0,0,0,0,0,0,10,0,3,0,0,0,0,0,4,2,35.636224722222224,139.57643805555554,6,3,0,0,0,0
1,30,894,35,2,0,1,30000,0,219,2024,1,18,17,25,21,6,49,16,53,1,1,1,1,1,9,22,0,0,11,9,30,1,5,3,1,45,25,17,61,31,0,11,0,1,0,11,0,2,0,10,0,3,0,2,0,2,0,4,2,35.631011666666666,139.56973333333332,5,3,9999,0,9,0
1,30,894,40,2,0,1,30000,0,208,2024,1,25,8,45,12,6,46,17,0,1,1,1,14,7,0,0,0,0,1,9,1,70,5,3,1,45,1,51,61,41,0,0,0,0,0,0,0,0,0,10,0,3,0,0,0,0,0,4,2,35.655163055555555,139.57311805555554,5,3,0,0,0,0
1,30,894,46,2,0,1,30000,0,208,2024,1,26,22,0,22,6,46,17,1,1,1,1,1,7,9,22,0,0,11,9,30,70,5,4,1,55,55,3,61,31,0,1,0,1,0,11,0,10,0,10,0,3,0,2,0,2,0,4,2,35.6480575,139.55575805555557,6,3,9999,0,1,0
1,30,894,47,2,0,1,99000,0,219,2024,1,27,6,0,23,6,45,17,2,1,1,1,0,7,0,0,0,0,0,0,20,70,0,4,1,55,75,14,61,31,0,11,0,2,0,11,0,10,0,30,0,3,0,2,0,2,0,4,2,35.641980555555556,139.5685247222222,7,3,9999,0,9,0
1,30,894,49,2,0,1,200,215,208,2024,1,20,21,25,22,6,49,16,55,3,1,2,1,1,9,22,0,0,18,9,30,70,4,2,1,65,45,3,61,31,0,1,0,1,0,11,0,4,0,10,0,3,0,2,0,2,0,4,2,35.65801111111111,139.57047805555555,7,3,9999,0,1,0
1,30,894,50,2,0,1,30000,0,208,2024,1,29,14,50,12,6,44,17,5,1,1,1,1,7,9,22,0,0,11,9,30,70,5,2,1,35,1,3,61,31,0,1,0,1,0,11,0,2,0,20,0,3,0,2,0,2,0,4,2,35.66289805555555,139.5786347222222,2,3,9999,0,1,0
1,30,894,56,2,0,1,20000,0,208,2024,1,28,20,30,22,6,44,17,3,1,1,1,14,7,0,0,0,0,3,9,1,70,4,2,1,1,25,51,61,41,0,0,0,0,0,0,0,0,0,10,0,4,0,0,0,0,0,4,2,35.64944111111111,139.54336527777778,1,3,0,0,0,0
1,30,894,57,2,0,1,99000,0,208,2024,1,29,20,20,22,6,44,17,5,1,1,1,0,7,0,0,0,0,0,0,20,70,0,4,1,25,45,3,61,31,0,1,0,1,0,11,0,10,0,30,0,3,0,2,0,2,0,4,2,35.63827972222222,139.55327444444447,2,3,9999,0,1,0
1,30,895,7,2,0,1,30000,0,211,2024,1,18,12,55,12,6,49,16,53,1,1,1,1,1,9,22,0,0,14,9,30,70,4,2,1,1,25,3,61,31,0,1,0,1,0,11,0,3,0,10,0,3,0,2,0,2,0,4,2,35.727415,139.47836527777778,5,3,9999,0,1,0
1,30,895,10,2,0,1,30000,0,211,2024,1,21,21,55,22,6,48,16,56,1,1,1,7,7,0,0,0,0,2,9,1,70,5,4,1,1,75,3,61,31,0,1,0,1,0,11,0,10,0,10,0,3,0,2,0,2,0,4,2,35.7252825,139.50722444444443,1,3,9999,0,1,0
1,30,895,12,2,0,1,10240,0,211,2024,1,27,13,55,12,6,45,17,2,1,1,1,14,7,0,0,0,0,3,9,1,70,4,2,1,45,75,11,61,31,0,11,0,2,0,11,0,3,0,50,0,3,0,2,0,2,0,4,2,35.730742500000005,139.48825388888886,7,3,9999,0,9,0
1,30,895,13,2,0,1,30000,0,211,2024,1,19,8,10,12,6,49,16,54,1,1,1,1,7,9,22,0,0,14,9,30,70,5,2,1,35,25,51,61,41,0,0,0,0,0,0,0,0,0,10,0,4,0,0,0,0,0,4,2,35.725746111111114,139.4632697222222,6,3,0,0,0,0
1,30,895,14,2,0,1,30000,0,211,2024,1,27,21,2,22,6,45,17,2,1,1,1,14,7,0,0,0,0,2,9,1,70,5,3,1,1,45,51,61,41,0,0,0,0,0,0,0,0,0,10,0,4,0,0,0,0,0,4,2,35.73031944444445,139.49947999999998,7,3,0,0,0,0
1,30,896,1,2,0,1,20000,0,361,2024,1,26,19,0,22,6,46,17,1,1,2,1,1,1,9,22,0,0,15,9,30,70,5,3,1,55,1,4,61,31,0,1,0,1,0,11,0,3,0,10,0,2,0,2,0,2,0,4,2,34.749941666666665,139.3558825,6,3,9999,0,9,0
1,30,100,26,2,0,1,200,47,101,2024,2,16,23,27,22,6,28,17,23,1,1,1,1,1,9,22,0,0,18,9,30,70,1,1,1,55,45,4,61,31,0,1,0,1,0,11,0,10,0,10,0,2,0,2,0,2,0,4,2,35.68407694444444,139.73945194444443,6,3,9999,0,4,0
1,30,101,19,2,0,1,10110,0,101,2024,2,22,18,25,21,6,21,17,29,3,1,2,14,7,0,0,0,0,5,9,1,70,1,1,1,45,1,51,61,41,0,0,0,0,0,0,0,0,0,10,0,3,0,0,0,0,0,4,2,35.682606944444444,139.75943944444444,5,2,0,0,0,0
1,30,102,18,2,0,1,30000,0,101,2024,2,9,8,40,12,6,35,17,16,1,1,1,1,1,9,22,0,0,17,9,30,70,5,3,1,65,45,3,61,31,0,1,0,1,0,11,0,1,0,10,0,3,0,2,0,2,0,4,2,35.69224305555555,139.7682125,6,3,9999,0,9,0
1,30,102,22,2,0,1,30000,0,101,2024,2,14,16,50,13,6,30,17,21,1,1,1,1,7,1,21,0,0,14,9,30,70,5,4,1,55,35,3,61,31,0,1,0,1,0,11,0,2,0,20,0,3,0,2,0,2,0,4,2,35.697447222222216,139.75942722222223,4,3,9999,0,9,0
1,30,102,23,2,0,1,30000,0,101,2024,2,25,19,28,22,6,17,17,32,3,1,2,1,1,9,22,0,0,19,8,30,70,1,2,1,55,1,3,61,1,0,1,0,1,0,11,0,3,0,20,0,3,0,2,0,2,0,4,2,35.696038888888886,139.75523555555554,1,3,9999,0,9,0
1,30,104,20,2,0,1,30000,0,102,2024,2,20,15,0,12,6,23,17,27,2,1,1,1,7,6,21,0,0,15,9,30,70,5,2,1,55,25,3,61,31,0,1,0,1,0,11,0,2,0,10,0,3,0,2,0,2,0,4,2,35.68937916666666,139.77747583333334,3,3,9999,0,9,0
1,30,104,21,2,0,1,30000,0,102,2024,2,21,13,15,12,6,22,17,28,3,1,2,1,7,9,22,0,0,17,9,30,70,5,2,1,45,25,14,61,1,0,11,0,1,0,11,0,2,0,10,0,3,0,2,0,2,0,4,2,35.689341666666664,139.77124805555556,4,3,9999,0,1,0
1,30,104,28,2,0,1,10040,0,102,2024,2,27,9,0,12,6,15,17,34,1,1,1,14,7,0,0,0,0,4,9,1,70,5,1,1,45,45,59,61,0,0,0,0,0,0,0,0,0,0,10,0,4,0,0,0,0,0,4,2,35.67978,139.78080194444445,3,3,0,0,0,0
1,30,104,36,2,0,1,20100,0,102,2024,1,13,17,42,21,6,51,16,48,3,1,2,12,7,0,0,0,0,6,9,1,70,4,2,1,55,0,61,0,0,0,0,0,0,0,0,0,0,0,0,0,0,0,0,0,0,0,2,0,35.676469166666664,139.77909444444447,7,3,0,0,0,0
1,30,105,10,2,0,1,30000,0,102,2024,2,7,9,30,12,6,37,17,14,1,1,1,1,7,9,22,0,0,14,9,30,70,5,1,1,75,35,14,61,31,0,11,0,1,0,11,0,2,0,10,0,4,0,2,0,2,0,4,2,35.68474722222222,139.78280972222223,4,3,701,0,9,0
1,30,105,14,2,0,1,10060,0,102,2024,2,16,21,55,22,6,28,17,23,1,1,1,1,1,9,22,0,0,18,9,30,70,5,2,1,55,45,3,61,1,0,1,0,1,0,11,0,4,0,10,0,3,0,2,0,2,0,4,2,35.682361111111106,139.78069027777778,6,3,9999,0,9,0
1,30,105,9999,2,0,1,30000,0,102,2024,2,27,9,50,12,6,15,17,34,1,1,1,1,1,9,22,0,0,15,8,30,70,5,1,1,25,55,43,61,41,0,31,0,0,0,0,0,10,0,10,0,4,0,0,0,0,0,4,2,35.6848975,139.77880972222223,3,3,0,0,0,0
1,30,106,14,2,0,1,30000,0,102,2024,1,10,14,5,12,6,51,16,46,1,1,1,14,7,0,0,0,0,3,9,1,70,5,2,1,35,25,3,61,1,0,1,0,1,0,11,0,2,0,40,0,4,0,2,0,2,0,4,2,35.67495611111111,139.76693722222223,4,3,9999,0,5,0
1,30,106,15,2,0,1,30000,0,102,2024,2,8,23,46,22,6,36,17,15,1,1,1,1,7,1,21,0,0,14,9,30,70,5,2,1,45,25,13,61,31,0,11,0,1,0,11,0,2,0,20,0,4,0,2,0,2,0,4,2,35.674125277777776,139.77012000000002,5,3,9999,0,1,0
1,30,106,18,2,0,1,30000,0,102,2024,2,15,13,2,12,6,29,17,22,1,1,1,1,1,1,21,0,0,14,9,30,70,4,2,1,55,25,14,61,1,0,11,0,1,0,11,0,2,0,10,0,3,0,2,0,2,0,4,2,35.673207777777776,139.77295583333336,5,3,9999,0,9,0
1,30,106,20,2,0,1,30000,0,102,2024,2,16,16,55,13,6,28,17,23,1,1,1,7,1,0,0,0,0,3,9,1,70,4,2,1,55,25,3,61,1,0,1,0,1,0,11,0,3,0,10,0,3,0,2,0,2,0,4,2,35.671099444444444,139.7732611111111,6,3,9999,0,1,0
1,30,106,22,2,0,1,10020,0,102,2024,1,31,10,45,12,6,42,17,7,1,1,1,1,7,9,22,0,0,14,9,30,70,1,2,1,55,35,13,61,31,0,11,0,1,0,11,0,2,0,10,0,4,0,2,0,2,0,4,2,35.67026555555555,139.76201666666665,4,3,9999,0,9,0
1,30,106,23,2,0,1,30000,0,102,2024,2,9,19,10,22,6,35,17,16,1,1,1,7,7,0,0,0,0,4,9,1,70,5,2,1,75,45,3,61,1,0,1,0,1,0,11,0,2,0,10,0,4,0,2,0,2,0,4,2,35.66849,139.7644725,6,3,9999,0,9,0
1,30,106,26,2,0,1,30000,0,102,2024,2,29,18,49,22,6,12,17,35,3,1,2,1,7,4,21,0,0,15,9,30,70,5,2,1,35,75,13,61,1,0,11,0,1,0,11,0,2,0,11,0,3,0,2,0,2,0,4,2,35.66846472222222,139.76450222222223,5,3,9999,0,1,0
1,30,107,19,2,0,1,10020,0,102,2024,2,9,7,58,12,6,35,17,16,1,1,1,1,1,9,22,0,0,17,9,30,70,1,2,1,55,35,13,61,31,0,11,0,1,0,11,0,5,0,40,0,4,0,2,0,2,0,4,2,35.65832361111111,139.7785202777778,6,3,9999,0,9,0
1,30,107,22,2,0,1,99000,0,102,2023,12,28,16,22,13,6,49,16,35,1,1,1,0,7,0,0,0,0,0,0,20,70,0,4,1,45,35,3,61,31,0,1,0,1,0,11,0,10,0,20,0,3,0,2,0,2,0,4,2,35.65674222222222,139.77242527777778,5,3,9999,0,4,0
1,30,108,25,2,0,1,30000,0,103,2024,1,23,17,35,21,6,47,16,58,1,1,1,14,7,0,0,0,0,4,9,1,70,5,2,1,55,65,32,61,31,0,0,0,0,0,11,0,10,0,10,0,3,0,0,0,0,0,4,2,35.66642111111111,139.74878999999999,3,3,9999,0,1,0
1,30,108,28,2,0,1,30000,0,103,2024,2,8,8,50,12,6,36,17,15,1,1,1,14,7,0,0,0,0,3,9,1,70,4,2,1,55,35,3,61,1,0,1,0,1,0,11,0,5,0,20,0,3,0,2,0,2,0,4,2,35.65558444444444,139.760875,5,3,9999,0,9,0