資料区分,都道府県コード,警察署等コード,本票番号,事故内容,死者数,負傷者数,路線コード,地点コード,市区町村コード,発生日時　　年,発生日時　　月,発生日時　　日,発生日時　　時,発生日時　　分,昼夜,日の出時刻　　時,日の出時刻　　分,日の入り時刻　　時,日の入り時刻　　分,天候,地形,路面状態,道路形状,信号機,一時停止規制　標識（当事者A）,一時停止規制　表示（当事者A）,一時停止規制　標識（当事者B）,一時停止規制　表示（当事者B）,車道幅員,道路線形,衝突地点,ゾーン規制,中央分離帯施設等,歩車道区分,事故類型,年齢（当事者A）,年齢（当事者B）,当事者種別（当事者A）,当事者種別（当事者B）,用途別（当事者A）,用途別（当事者B）,車両形状等（当事者A）,車両形状等（当事者B）,オートマチック車（当事者A）,オートマチック車（当事者B）,サポカー（当事者A）,サポカー（当事者B）,速度規制（指定のみ）（当事者A）,速度規制（指定のみ）（当事者B）,車両の衝突部位（当事者A）,車両の衝突部位（当事者B）,車両の損壊程度（当事者A）,車両の損壊程度（当事者B）,エアバッグの装備（当事者A）,エアバッグの装備（当事者B）,サイドエアバッグの装備（当事者A）,サイドエアバッグの装備（当事者B）,人身損傷程度（当事者A）,人身損傷程度（当事者B）,lat,lon,曜日(発生年月日),祝日(発生年月日),認知機能検査経過日数（当事者A）,認知機能検査経過日数（当事者B）,運転練習の方法（当事者A）,運転練習の方法（当事者B）
1,30,108,29,2,0,1,30000,0,103,2024,2,11,8,50,12,6,33,17,18,1,1,1,7,7,0,0,0,0,5,9,1,70,4,1,1,45,1,3,61,31,0,1,0,1,0,11,0,10,0,10,0,2,0,2,0,2,0,4,2,35.65562638888889,139.76095138888888,1,1,9999,0,9,0
1,30,108,32,2,0,1,30000,0,103,2024,2,17,13,50,12,6,27,17,24,2,1,1,1,1,9,22,0,0,15,9,30,70,4,2,1,25,25,51,61,41,0,0,0,0,0,0,0,0,0,10,0,3,0,0,0,0,0,4,2,35.662014722222224,139.7469672222222,7,3,0,0,0,0
1,30,108,37,2,0,1,150,24,103,2024,2,28,4,51,22,6,13,17,34,1,1,1,1,1,9,22,0,0,19,9,30,70,1,1,1,35,35,3,61,1,0,1,0,1,0,11,0,5,0,80,0,3,0,2,0,2,0,4,2,35.66652138888889,139.76038722222222,4,3,9999,0,1,0
1,30,108,39,2,0,1,30000,0,103,2024,2,19,9,5,12,6,24,17,26,2,1,1,1,7,9,22,0,0,14,9,30,70,4,2,1,45,25,3,61,1,0,1,0,1,0,11,0,10,0,50,0,3,0,2,0,2,0,4,2,35.67005333333333,139.75386805555556,2,3,9999,0,1,0
1,30,109,31,2,0,1,30000,0,103,2024,2,3,11,0,12,6,40,17,10,1,1,1,7,7,0,0,0,0,1,9,1,1,4,2,1,1,0,61,0,0,0,0,0,0,0,0,0,0,0,0,0,0,0,0,0,0,0,2,0,35.643050555555554,139.74934277777777,7,3,0,0,0,0
1,30,109,32,2,0,1,30000,0,103,2024,2,6,6,10,23,6,38,17,13,3,1,2,1,1,1,21,0,0,14,9,30,70,4,2,1,55,35,3,61,1,0,1,0,1,0,11,0,5,0,10,0,3,0,2,0,2,0,4,2,35.63881222222222,139.7497986111111,3,3,9999,0,9,0
1,30,109,33,2,0,1,30000,0,103,2024,2,7,9,50,12,6,37,17,14,1,1,1,14,7,0,0,0,0,2,9,1,1,5,2,1,35,55,51,61,41,0,0,0,0,0,0,0,0,0,10,0,3,0,0,0,0,0,4,2,35.64352,139.7490547222222,4,3,0,0,0,0
1,30,110,18,2,0,1,30100,0,103,2024,1,15,18,3,22,6,50,16,50,1,1,1,1,1,9,22,0,0,15,9,30,70,5,1,1,55,1,3,61,31,0,1,0,1,0,11,0,3,0,10,0,3,0,2,0,2,0,4,2,35.63572361111111,139.73306222222223,2,3,9999,0,9,0
1,30,110,20,2,0,1,150,72,103,2024,2,1,16,57,13,6,42,17,8,1,1,1,1,1,9,22,0,0,17,9,30,70,1,2,1,55,35,51,61,41,0,0,0,0,0,0,0,0,0,10,0,3,0,0,0,0,0,4,2,35.63019527777778,139.737655,5,3,0,0,0,0
1,30,110,25,2,0,1,30000,0,103,2024,2,8,14,15,12,6,36,17,15,1,1,1,14,7,0,0,0,0,3,9,1,1,5,3,1,45,55,3,61,31,0,1,0,1,0,11,0,2,0,20,0,3,0,2,0,2,0,4,2,35.64422972222222,139.73042944444444,5,3,9999,0,9,0
1,30,110,27,2,0,1,30000,0,103,2024,2,10,8,5,12,6,34,17,17,1,1,2,14,7,0,0,0,0,1,9,1,70,5,4,1,1,55,51,61,41,0,0,0,0,0,0,0,0,0,10,0,4,0,0,0,0,0,4,2,35.64613444444444,139.72571166666665,7,2,0,0,0,0
1,30,111,26,2,0,1,30000,0,103,2024,2,5,6,58,11,6,38,17,12,2,1,1,1,7,1,21,0,0,11,9,30,70,5,1,1,55,45,3,61,31,0,1,0,1,0,11,0,5,0,10,0,4,0,2,0,2,0,4,2,35.65821722222222,139.73187388888888,2,3,9999,0,9,0
1,30,111,36,2,0,1,10670,0,103,2024,2,19,8,25,12,6,24,17,26,2,1,2,1,1,9,22,0,0,17,9,30,70,1,1,1,65,1,3,61,1,0,1,0,1,0,11,0,5,0,10,0,3,0,2,0,2,0,4,2,35.656711666666666,139.73539777777776,2,3,9999,0,9,0
1,30,111,37,2,0,1,30000,0,103,2024,2,19,22,0,22,6,24,17,26,2,1,1,14,7,0,0,0,0,4,9,1,70,4,1,1,45,25,3,61,31,0,1,0,1,0,11,0,10,0,80,0,3,0,2,0,2,0,4,2,35.659793888888885,139.7278638888889,2,3,9999,0,9,0
1,30,111,40,2,0,1,30000,0,103,2024,2,23,0,30,22,6,20,17,30,3,1,2,1,7,9,22,0,0,14,9,30,70,4,2,1,55,35,3,61,1,0,1,0,1,0,11,0,10,0,10,0,4,0,2,0,2,0,4,2,35.66360916666667,139.73978083333333,6,1,9999,0,9,0
1,30,111,41,2,0,1,10120,0,103,2024,2,23,20,20,22,6,20,17,30,2,1,2,1,1,9,22,0,0,14,3,30,70,5,1,1,45,65,3,61,1,0,1,0,1,0,1,0,3,0,10,0,3,0,2,0,2,0,4,2,35.66200444444444,139.73502638888888,6,1,9999,0,9,0
1,30,112,27,2,0,1,2460,10,103,2024,2,6,19,38,22,6,38,17,13,2,1,1,1,7,1,21,0,0,14,9,30,70,5,1,1,65,35,3,61,1,0,1,0,1,0,11,0,5,0,80,0,4,0,2,0,2,0,4,2,35.67728583333333,139.73481888888887,3,3,9999,0,9,0
1,30,112,28,2,0,1,30000,0,103,2024,2,8,10,20,12,6,36,17,15,1,1,1,14,7,0,0,0,0,1,9,1,1,5,2,1,45,55,51,61,41,0,0,0,0,0,0,0,0,0,20,0,4,0,0,0,0,0,4,2,35.67626611111111,139.7369508333333,5,3,0,0,0,0
1,30,112,32,2,0,1,30000,0,103,2024,1,26,13,18,12,6,46,17,1,1,1,1,1,7,9,22,0,0,11,6,30,70,5,2,1,25,65,14,61,31,0,11,0,1,0,11,0,1,0,77,0,4,0,2,0,2,0,4,2,35.67077527777778,139.72765444444445,6,3,9999,0,1,0
1,30,112,37,2,0,1,10120,0,103,2024,2,20,11,20,12,6,23,17,27,1,1,1,1,7,9,22,0,0,14,9,30,70,1,1,1,65,45,3,61,1,0,1,0,1,0,11,0,3,0,70,0,3,0,2,0,2,0,4,2,35.67254472222222,139.7242575,3,3,9999,0,3,0
1,30,112,41,2,0,1,20170,0,103,2024,2,22,9,43,12,6,21,17,29,3,1,2,1,1,9,22,0,0,19,9,30,70,1,1,1,55,75,3,61,31,0,1,0,1,0,11,0,5,0,10,0,3,0,2,0,2,0,4,2,35.669758055555555,139.7415375,5,2,9999,0,1,0
1,30,112,43,2,0,1,30000,0,103,2024,2,19,17,25,13,6,24,17,26,1,1,2,1,7,9,22,0,0,11,9,30,70,5,2,1,75,1,3,61,1,0,1,0,1,0,11,0,10,0,80,0,3,0,2,0,2,0,4,2,35.66436972222222,139.71516444444444,2,3,125,0,9,0
1,30,113,24,2,0,1,10000,0,108,2023,12,6,10,0,12,6,36,16,28,1,1,1,1,1,1,21,0,0,18,9,30,70,1,2,1,1,75,13,61,1,0,11,0,1,0,11,0,4,0,10,0,3,0,2,0,2,0,4,2,35.64547888888889,139.80065305555556,4,3,9999,0,1,0
1,30,113,30,2,0,1,30000,0,108,2024,2,21,19,38,22,6,22,17,28,3,1,2,1,1,9,22,0,0,19,9,30,70,1,1,1,55,1,3,61,31,0,1,0,1,0,11,0,4,0,10,0,4,0,2,0,2,0,4,2,35.63473944444444,139.78430722222222,4,3,9999,0,9,0
1,30,113,31,2,0,1,30000,0,108,2024,2,22,8,29,12,6,21,17,29,3,1,2,1,7,1,21,0,0,17,9,30,70,4,2,1,45,25,17,61,1,0,11,0,1,0,11,0,3,0,10,0,3,0,2,0,2,0,4,2,35.644795277777774,139.81688416666665,5,2,9999,0,5,0
1,30,113,36,2,0,1,10090,0,108,2024,2,29,7,30,12,6,12,17,35,1,1,1,14,7,0,0,0,0,3,8,1,70,5,2,1,45,25,51,61,41,0,0,0,0,0,0,0,0,0,40,0,3,0,0,0,0,0,2,4,35.65483,139.8244922222222,5,3,0,0,0,0
1,30,113,38,2,0,1,30000,0,108,2024,2,29,18,47,22,6,12,17,35,1,1,2,1,1,9,22,0,0,18,9,30,70,1,2,1,45,1,3,61,1,0,1,0,1,0,11,0,5,0,10,0,3,0,2,0,2,0,4,2,35.64360666666666,139.80191583333334,5,3,9999,0,9,0
1,30,215,13,2,0,1,20180,0,109,2024,2,5,18,50,22,6,38,17,12,5,1,4,1,1,9,22,0,0,15,9,30,70,5,2,1,45,45,17,61,1,0,11,0,1,0,11,0,3,0,10,0,3,0,2,0,2,0,4,2,35.61141805555555,139.74726666666666,2,3,9999,0,9,0
1,30,215,17,2,0,1,150,85,109,2024,2,10,23,3,22,6,34,17,17,1,1,1,14,7,0,0,0,0,6,9,1,70,1,1,1,25,25,51,61,41,0,0,0,0,0,0,0,0,0,10,0,4,0,0,0,0,0,4,2,35.61810527777778,139.74110805555554,7,2,0,0,0,0
1,30,215,21,2,0,1,30000,0,109,2024,2,16,8,45,12,6,28,17,23,1,1,1,14,7,0,0,0,0,1,9,1,70,5,2,1,35,35,51,61,41,0,0,0,0,0,0,0,0,0,10,0,4,0,0,0,0,0,4,2,35.616055833333334,139.7455,6,3,0,0,0,0
1,30,215,23,2,0,1,150,94,109,2024,2,27,9,15,12,6,15,17,34,1,1,1,7,1,0,0,0,0,6,9,1,70,1,1,1,75,35,51,61,41,0,0,0,0,0,0,0,0,0,20,0,3,0,0,0,0,0,4,2,35.61105472222222,139.74197833333332,3,3,0,0,0,0
1,30,215,24,2,0,1,30000,0,109,2024,2,29,21,40,22,6,12,17,35,1,1,2,14,7,0,0,0,0,2,9,1,70,5,3,1,35,75,51,61,41,0,0,0,0,0,0,0,0,0,10,0,4,0,0,0,0,0,4,2,35.622190277777776,139.7399847222222,5,3,0,0,0,0
1,30,216,30,2,0,1,10070,0,109,2024,2,21,15,57,12,6,22,17,28,3,1,2,7,1,0,0,0,0,3,9,1,70,4,1,1,45,1,13,61,31,0,11,0,1,0,11,0,4,0,80,0,4,0,2,0,2,0,4,2,35.60679388888889,139.74708555555554,4,3,9999,0,1,0
1,30,216,34,2,0,1,30000,0,109,2024,2,26,9,30,12,6,16,17,33,1,1,1,1,7,1,21,0,0,11,9,30,70,5,3,1,75,65,14,61,31,0,11,0,2,0,11,0,2,0,10,0,3,0,2,0,2,0,4,2,35.59961083333334,139.71678527777777,2,3,396,0,9,0
1,30,216,37,2,0,1,30000,0,109,2024,2,29,5,58,23,6,12,17,35,1,1,1,14,7,0,0,0,0,4,9,1,70,5,2,1,55,45,3,61,31,0,1,0,1,0,11,0,3,0,40,0,3,0,2,0,2,0,4,2,35.60159055555556,139.72352361111112,5,3,9999,0,9,0
1,30,216,39,2,0,1,30000,0,109,2024,2,7,11,40,12,6,37,17,14,1,1,1,14,7,0,0,0,0,2,9,1,70,4,1,1,65,35,3,61,31,0,1,0,1,0,11,0,2,0,40,0,4,0,2,0,2,0,4,2,35.59791472222223,139.73384833333333,4,3,9999,0,9,0
1,30,217,40,2,0,1,10000,0,109,2024,2,22,19,8,22,6,21,17,29,3,1,2,14,7,0,0,0,0,4,9,1,70,4,2,1,55,35,3,61,31,0,1,0,1,0,11,0,3,0,50,0,3,0,2,0,2,0,4,2,35.61736638888889,139.72973944444445,5,2,9999,0,9,0
1,30,217,43,2,0,1,30000,0,109,2024,2,24,11,25,12,6,18,17,31,1,1,1,14,7,0,0,0,0,3,9,1,70,5,2,1,55,45,51,61,41,0,0,0,0,0,0,0,0,0,40,0,4,0,0,0,0,0,4,2,35.62410583333333,139.712525,7,3,0,0,0,0
1,30,218,20,2,0,2,20190,0,109,2023,12,3,17,10,21,6,33,16,28,1,1,1,14,1,0,0,0,0,4,9,1,70,4,1,1,35,55,3,61,31,0,1,0,1,0,11,0,3,0,50,0,4,0,2,0,2,0,4,2,35.61897527777778,139.70407638888886,1,3,9999,0,1,0
1,30,218,22,2,0,1,30000,0,109,2023,11,21,7,32,12,6,22,16,31,1,1,1,14,7,0,0,0,0,3,9,1,70,5,2,1,45,25,51,61,41,0,0,0,0,0,0,0,0,0,40,0,4,0,0,0,0,0,4,2,35.619997222222224,139.70417583333332,3,3,0,0,0,0
1,30,218,24,2,0,1,10,115,109,2024,1,30,7,18,11,6,43,17,6,1,1,1,1,1,9,22,0,0,18,9,30,70,1,1,1,55,25,3,61,31,0,1,0,1,0,11,0,5,0,10,0,4,0,2,0,2,0,4,2,35.613975555555555,139.71606666666665,3,3,9999,0,9,0
1,30,218,34,2,0,1,30000,0,109,2024,2,17,15,41,12,6,27,17,24,2,1,1,14,7,0,0,0,0,3,9,1,70,5,4,1,75,75,51,61,41,0,0,0,0,0,0,0,0,0,10,0,4,0,0,0,0,0,4,2,35.608088888888894,139.71222388888887,7,3,0,0,0,0
1,30,218,35,2,0,1,10,118,109,2024,2,19,19,57,22,6,24,17,26,3,1,2,14,7,0,0,0,0,3,8,1,70,5,2,1,1,55,3,61,31,0,1,0,2,0,11,0,10,0,10,0,3,0,2,0,2,0,4,2,35.61105333333334,139.71521694444442,2,3,9999,0,1,0
1,30,219,34,2,0,1,10130,0,111,2024,2,2,18,55,22,6,41,17,9,1,1,1,1,1,9,22,0,0,18,9,30,70,5,1,1,55,25,3,61,31,0,1,0,1,0,11,0,4,0,40,0,4,0,2,0,2,0,4,2,35.579189444444445,139.72791666666666,6,3,9999,0,9,0
1,30,219,47,2,0,1,30000,0,111,2024,2,15,14,35,12,6,29,17,22,1,1,1,1,7,9,22,0,0,14,9,30,70,4,3,1,65,1,3,61,1,0,1,0,1,0,11,0,2,0,40,0,3,0,2,0,2,0,4,2,35.56373555555555,139.74342277777777,5,3,9999,0,9,0
1,30,219,50,2,0,1,30000,0,111,2024,2,17,23,50,22,6,27,17,24,1,1,1,14,7,0,0,0,0,3,9,1,70,5,2,1,45,45,3,61,31,0,1,0,1,0,11,0,5,0,80,0,2,0,2,0,2,0,4,2,35.58358861111111,139.74209638888888,7,3,9999,0,1,0
1,30,219,58,2,0,2,30000,0,111,2024,2,27,11,30,12,6,15,17,34,1,1,1,1,7,9,22,0,0,14,9,30,70,5,2,1,25,55,52,61,41,0,0,0,0,0,0,0,0,0,10,0,4,0,0,0,0,0,4,2,35.58240083333334,139.73420583333333,3,3,0,0,0,0
1,30,219,61,2,0,1,30000,0,111,2024,2,27,10,5,12,6,15,17,34,1,1,1,1,7,9,22,0,0,11,9,30,70,5,3,1,45,45,14,61,1,0,11,0,1,0,11,0,2,0,20,0,3,0,2,0,2,0,4,2,35.573392222222225,139.72442777777778,3,3,9999,0,1,0
1,30,220,28,2,0,1,30000,0,111,2024,2,11,17,58,21,6,33,17,18,2,1,1,1,7,1,21,0,0,14,9,30,70,5,2,1,55,65,3,61,31,0,1,0,1,0,11,0,2,0,20,0,3,0,2,0,2,0,4,2,35.58627333333334,139.69999361111113,1,1,9999,0,9,0
1,30,220,34,2,0,1,30000,0,111,2024,2,22,13,15,12,6,21,17,29,3,1,2,14,7,0,0,0,0,3,9,1,70,5,4,1,75,75,51,61,41,0,0,0,0,0,0,0,0,0,20,0,4,0,0,0,0,0,4,2,35.585631944444444,139.68291916666666,5,2,0,0,0,0
1,30,221,33,2,0,1,10200,0,111,2024,2,2,14,5,12,6,41,17,9,2,1,1,1,1,9,22,0,0,18,7,30,70,5,1,1,1,75,51,61,41,0,0,0,0,0,0,0,0,0,10,0,2,0,0,0,0,0,4,2,35.559177777777776,139.71636999999998,6,3,0,0,0,0
1,30,221,41,2,0,1,30000,0,111,2024,1,30,8,20,12,6,43,17,6,1,1,1,1,7,1,21,0,0,18,9,30,70,5,3,1,25,75,51,61,41,0,0,0,0,0,0,0,0,0,10,0,3,0,0,0,0,0,4,2,35.55600333333333,139.70568694444444,3,3,0,0,0,0
1,30,221,42,2,0,1,30000,0,111,2024,1,29,9,29,12,6,44,17,5,1,1,1,14,7,0,0,0,0,3,9,1,70,4,3,1,35,1,3,61,31,0,1,0,1,0,11,0,2,0,10,0,3,0,2,0,2,0,4,2,35.55815805555555,139.7179172222222,2,3,9999,0,1,0
1,30,221,46,2,0,1,30000,0,111,2024,2,5,8,13,12,6,38,17,12,1,1,1,14,7,0,0,0,0,3,9,1,70,5,3,1,55,45,3,61,31,0,1,0,1,0,11,0,10,0,40,0,4,0,2,0,2,0,4,2,35.56048583333333,139.71617416666666,2,3,9999,0,9,0
1,30,221,47,2,0,1,10200,0,111,2024,2,21,19,12,22,6,22,17,28,3,1,2,1,1,9,22,0,0,18,9,30,70,1,1,1,25,35,51,61,41,0,0,0,0,0,0,0,0,0,10,0,3,0,0,0,0,0,4,2,35.55768722222222,139.72397194444446,4,3,0,0,0,0
1,30,222,33,2,0,1,30000,0,111,2024,2,19,6,10,23,6,24,17,26,2,1,2,14,7,0,0,0,0,3,9,1,70,5,3,1,65,55,51,61,41,0,0,0,0,0,0,0,0,0,10,0,3,0,0,0,0,0,4,2,35.577801111111114,139.70377083333332,2,3,0,0,0,0
1,30,222,34,2,0,1,30000,0,111,2024,2,22,17,55,21,6,21,17,29,3,1,2,1,7,9,22,0,0,11,7,30,70,5,4,1,45,35,35,61,31,0,0,0,0,0,11,0,2,0,20,0,3,0,0,0,0,0,4,2,35.59135333333334,139.71559083333332,5,2,9999,0,1,0
1,30,325,41,2,0,1,30000,0,112,2024,1,23,19,0,22,6,47,16,58,1,1,1,7,7,0,0,0,0,3,9,1,70,5,3,1,45,75,3,61,31,0,1,0,1,0,11,0,2,0,10,0,4,0,2,0,2,0,4,2,35.6331875,139.63847805555554,3,3,9999,0,1,0
1,30,325,47,2,0,1,30000,0,112,2024,2,25,15,57,12,6,17,17,32,3,1,2,1,7,9,22,0,0,14,9,30,70,4,3,1,55,25,13,61,31,0,11,0,1,0,11,0,2,0,10,0,4,0,2,0,2,0,4,2,35.650574999999996,139.67537472222222,1,3,9999,0,9,0
1,30,325,48,2,0,1,30000,0,112,2024,2,26,20,20,22,6,16,17,33,1,1,1,14,7,0,0,0,0,2,9,1,70,5,3,1,45,45,51,61,41,0,0,0,0,0,0,0,0,0,40,0,3,0,0,0,0,0,4,2,35.63992722222222,139.64265749999998,2,3,0,0,0,0
1,30,325,49,2,0,1,30000,0,112,2024,2,12,9,30,12,6,32,17,19,1,1,1,14,7,0,0,0,0,2,9,1,70,5,4,1,45,25,3,61,31,0,1,0,1,0,11,0,10,0,30,0,3,0,2,0,2,0,4,2,35.63756166666666,139.6763536111111,2,1,9999,0,4,0
1,30,325,50,2,0,1,30740,0,112,2024,1,27,18,45,22,6,45,17,2,1,1,1,1,7,1,22,0,0,14,9,30,70,5,2,1,45,45,13,61,31,0,11,0,1,0,11,0,10,0,10,0,3,0,2,0,2,0,4,2,35.648602777777775,139.66830277777777,7,3,9999,0,9,0
1,30,326,27,2,0,1,30000,0,112,2023,11,16,11,0,12,6,17,16,34,1,1,1,14,7,0,0,0,0,2,9,1,70,5,3,1,55,45,4,61,31,0,1,0,1,0,11,0,2,0,40,0,4,0,2,0,2,0,4,2,35.65511222222222,139.65428972222222,5,3,9999,0,9,0
1,30,326,28,2,0,1,30000,0,112,2023,10,17,12,50,12,5,48,17,4,1,1,1,14,7,0,0,0,0,1,9,1,70,5,3,1,1,0,61,0,0,0,0,0,0,0,0,0,0,0,0,0,0,0,0,0,0,0,2,0,35.663015277777774,139.66563305555556,3,3,0,0,0,0
1,30,326,29,2,0,1,31000,0,112,2024,2,2,8,8,12,6,41,17,9,1,1,1,1,1,9,22,0,0,14,9,30,70,5,2,1,35,1,13,61,31,0,11,0,1,0,11,0,3,0,10,0,3,0,2,0,2,0,4,2,35.653749999999995,139.66705916666666,6,3,9999,0,1,0
1,30,326,43,2,0,1,30000,0,112,2024,2,2,22,40,22,6,41,17,9,1,1,1,14,7,0,0,0,0,2,8,1,70,5,3,1,25,45,51,61,41,0,0,0,0,0,0,0,0,0,40,0,3,0,0,0,0,0,4,2,35.66071,139.6675297222222,6,3,0,0,0,0
1,30,326,48,2,0,1,30000,0,112,2024,2,24,3,37,22,6,18,17,31,1,1,1,14,7,0,0,0,0,1,9,1,70,5,2,1,45,45,3,61,1,0,1,0,1,0,11,0,10,0,10,0,4,0,2,0,2,0,4,2,35.663000277777776,139.66185055555556,7,3,9999,0,5,0
1,30,327,64,2,0,1,30000,0,112,2024,1,4,10,5,12,6,51,16,40,1,1,1,1,7,9,22,0,0,14,9,30,70,5,3,1,45,75,3,61,31,0,1,0,1,0,11,0,3,0,30,0,3,0,2,0,2,0,4,2,35.62549777777778,139.6446136111111,5,3,9999,0,1,0
1,30,327,66,2,0,1,30000,0,112,2024,1,17,14,20,12,6,50,16,52,1,1,1,14,7,0,0,0,0,2,9,1,70,5,4,1,1,1,14,61,1,0,11,0,1,0,11,0,10,0,10,0,3,0,2,0,2,0,4,2,35.624788055555555,139.62502583333335,4,3,9999,0,1,0
1,30,327,76,2,0,1,10200,0,112,2024,2,2,0,1,22,6,41,17,9,1,1,1,1,1,9,22,0,0,19,9,30,70,1,1,1,45,25,3,61,31,0,1,0,1,0,11,0,10,0,10,0,3,0,2,0,2,0,4,2,35.6213325,139.63084527777778,6,3,9999,0,1,0
1,30,327,90,2,0,1,30000,0,112,2024,2,9,18,40,22,6,35,17,16,1,1,1,14,7,0,0,0,0,3,9,1,70,4,3,1,1,55,51,61,41,0,0,0,0,0,0,0,0,0,10,0,4,0,0,0,0,0,4,2,35.62809333333333,139.63449944444443,6,3,0,0,0,0
1,30,327,100,2,0,1,30000,0,112,2024,2,15,16,10,12,6,29,17,22,1,1,1,13,7,0,0,0,0,1,5,1,70,5,4,1,55,1,4,61,31,0,1,0,1,0,11,0,2,0,80,0,4,0,2,0,2,0,4,2,35.605044166666666,139.63895805555555,5,3,9999,0,9,0
1,30,327,109,2,0,1,99000,0,112,2024,2,24,9,0,12,6,18,17,31,1,1,1,0,7,0,0,0,0,0,0,20,70,0,2,1,1,1,51,61,41,0,0,0,0,0,0,0,0,0,40,0,4,0,0,0,0,0,4,2,35.621477222222225,139.63050083333334,7,3,0,0,0,0
1,30,327,111,2,0,1,30000,0,112,2024,2,6,6,50,11,6,38,17,13,1,1,2,1,1,9,22,0,0,15,9,30,70,5,2,1,45,55,4,61,31,0,1,0,1,0,11,0,3,0,20,0,3,0,2,0,2,0,4,2,35.62161666666667,139.64010444444443,3,3,9999,0,9,0
1,30,327,112,2,0,1,2460,100,112,2024,2,22,7,0,11,6,21,17,29,3,1,2,1,1,9,22,0,0,19,9,30,70,1,1,1,35,75,3,61,31,0,1,0,1,0,11,0,5,0,10,0,3,0,2,0,2,0,4,2,35.63114222222222,139.65667805555557,5,2,9999,0,5,0
1,30,327,119,2,0,1,30000,0,112,2024,1,16,9,3,12,6,50,16,51,1,1,1,14,7,0,0,0,0,3,9,1,70,4,2,1,65,1,3,61,31,0,1,0,1,0,11,0,1,0,30,0,4,0,2,0,2,0,4,2,35.628951944444445,139.6440597222222,3,3,9999,0,9,0
1,30,327,121,2,0,1,30000,0,112,2024,1,28,14,25,12,6,44,17,3,1,1,1,14,7,0,0,0,0,2,9,1,70,5,3,1,25,45,14,61,1,0,11,0,1,0,11,0,5,0,40,0,4,0,2,0,2,0,4,2,35.60644194444445,139.66992555555555,1,3,9999,0,1,0
1,30,328,73,2,0,1,30000,0,112,2024,2,10,14,40,12,6,34,17,17,1,1,1,1,1,9,22,0,0,14,9,30,70,4,2,1,45,75,3,61,31,0,1,0,1,0,11,0,2,0,10,0,3,0,2,0,2,0,4,2,35.625343055555554,139.593815,7,2,9999,0,9,0
1,30,328,82,2,0,1,30000,0,112,2024,2,20,20,15,22,6,23,17,27,1,1,1,14,7,0,0,0,0,2,9,1,70,4,2,1,35,35,13,61,31,0,11,0,2,0,11,0,2,0,40,0,3,0,2,0,2,0,4,4,35.64242888888889,139.60903833333333,3,3,9999,0,9,0
1,30,329,21,1,1,0,30000,0,110,2024,2,19,22,47,22,6,24,17,26,3,1,2,7,7,0,0,0,0,3,9,1,70,5,3,1,1,75,14,61,1,0,11,0,1,0,11,0,10,0,10,0,3,0,2,0,2,0,4,1,35.63961166666667,139.69058388888888,2,3,9999,0,5,0
1,30,329,27,2,0,1,30000,0,110,2024,2,7,6,57,11,6,37,17,14,1,1,1,7,7,0,0,0,0,3,9,1,70,5,3,1,45,75,13,61,31,0,11,0,1,0,11,0,2,0,10,0,3,0,2,0,2,0,4,2,35.6378925,139.69184333333334,4,3,9999,0,5,0
1,30,329,28,2,0,1,10160,0,110,2024,2,8,0,39,22,6,36,17,15,1,1,1,1,1,9,22,0,0,18,9,30,70,1,1,1,65,75,3,61,1,0,1,0,1,0,11,0,10,0,10,0,1,0,2,0,2,0,4,2,35.62985388888889,139.71034138888888,5,3,9999,0,9,0
1,30,329,32,2,0,1,30000,0,110,2024,2,13,21,40,22,6,31,17,20,1,1,1,14,7,0,0,0,0,2,7,1,70,4,3,1,25,25,52,61,41,0,0,0,0,0,0,0,0,0,10,0,3,0,0,0,0,0,4,2,35.63915472222222,139.68745694444445,3,3,0,0,0,0
1,30,329,35,2,0,1,30000,0,110,2024,2,7,13,10,12,6,37,17,14,1,1,1,1,7,9,22,0,0,11,9,30,1,5,4,1,1,25,14,61,1,0,11,0,1,0,11,0,2,0,50,0,4,0,2,0,2,0,4,2,35.631996388888886,139.70999777777777,4,3,9999,0,1,0
1,30,329,40,2,0,1,30000,0,110,2024,2,24,18,18,21,6,18,17,31,1,1,1,1,7,1,21,0,0,14,9,30,70,5,3,1,65,45,3,61,31,0,1,0,1,0,11,0,10,0,10,0,3,0,2,0,2,0,4,2,35.648781944444444,139.6936325,7,3,9999,0,9,0
1,30,329,41,2,0,1,20240,0,110,2024,2,25,0,52,22,6,17,17,32,1,1,1,1,1,9,22,0,0,18,9,30,70,4,2,1,55,25,3,61,1,0,1,0,1,0,11,0,4,0,50,0,3,0,2,0,2,0,4,2,35.64242888888889,139.70067166666666,1,3,9999,0,9,0
1,30,330,28,2,0,1,30000,0,110,2024,2,1,19,46,22,6,42,17,8,1,1,1,1,1,9,22,0,0,14,9,30,70,1,2,1,35,25,14,61,1,0,11,0,1,0,11,0,10,0,10,0,4,0,2,0,2,0,4,2,35.61743222222222,139.67624555555554,5,3,9999,0,1,0
1,30,330,35,2,0,1,30000,0,110,2024,2,10,17,40,21,6,34,17,17,1,1,1,7,7,0,0,0,0,3,9,1,70,5,3,1,35,75,51,61,41,0,0,0,0,0,0,0,0,0,10,0,3,0,0,0,0,0,4,2,35.61667055555556,139.66740666666666,7,2,0,0,0,0