資料区分,都道府県コード,警察署等コード,本票番号,事故内容,死者数,負傷者数,路線コード,地点コード,市区町村コード,発生日時　　年,発生日時　　月,発生日時　　日,発生日時　　時,発生日時　　分,昼夜,日の出時刻　　時,日の出時刻　　分,日の入り時刻　　時,日の入り時刻　　分,天候,地形,路面状態,道路形状,信号機,一時停止規制　標識（当事者A）,一時停止規制　表示（当事者A）,一時停止規制　標識（当事者B）,一時停止規制　表示（当事者B）,車道幅員,道路線形,衝突地点,ゾーン規制,中央分離帯施設等,歩車道区分,事故類型,年齢（当事者A）,年齢（当事者B）,当事者種別（当事者A）,当事者種別（当事者B）,用途別（当事者A）,用途別（当事者B）,車両形状等（当事者A）,車両形状等（当事者B）,オートマチック車（当事者A）,オートマチック車（当事者B）,サポカー（当事者A）,サポカー（当事者B）,速度規制（指定のみ）（当事者A）,速度規制（指定のみ）（当事者B）,車両の衝突部位（当事者A）,車両の衝突部位（当事者B）,車両の損壊程度（当事者A）,車両の損壊程度（当事者B）,エアバッグの装備（当事者A）,エアバッグの装備（当事者B）,サイドエアバッグの装備（当事者A）,サイドエアバッグの装備（当事者B）,人身損傷程度（当事者A）,人身損傷程度（当事者B）,lat,lon,曜日(発生年月日),祝日(発生年月日),認知機能検査経過日数（当事者A）,認知機能検査経過日数（当事者B）,運転練習の方法（当事者A）,運転練習の方法（当事者B）
1,30,330,44,2,0,1,20210,0,110,2024,2,13,17,40,21,6,31,17,20,1,1,1,14,7,0,0,0,0,2,9,1,70,5,3,1,45,55,3,61,31,0,1,0,1,0,11,0,1,0,20,0,4,0,2,0,2,0,4,2,35.608022500000004,139.6687533333333,3,3,9999,0,1,0
1,30,330,49,2,0,1,30000,0,110,2024,2,23,10,30,12,6,20,17,30,1,1,1,7,7,0,0,0,0,1,9,1,1,5,4,1,35,45,43,61,41,0,31,0,0,0,0,0,10,0,40,0,4,0,0,0,0,0,4,2,35.62944138888889,139.6864811111111,6,1,0,0,0,0
1,30,331,28,2,0,1,99000,0,113,2023,12,8,18,48,22,6,37,16,28,1,1,1,0,7,0,0,0,0,0,0,20,70,0,4,1,55,65,13,61,1,0,11,0,1,0,11,0,10,0,0,0,4,0,2,0,2,0,4,2,35.64199361111111,139.71379166666665,6,3,9999,0,9,0
1,30,331,40,2,0,1,10650,0,113,2024,2,9,11,58,12,6,35,17,16,1,1,1,14,7,0,0,0,0,6,9,1,70,1,1,1,25,25,51,61,41,0,0,0,0,0,0,0,0,0,10,0,3,0,0,0,0,0,4,2,35.660246388888886,139.6887788888889,6,3,0,0,0,0
1,30,331,43,2,0,1,99000,0,113,2024,2,29,14,40,12,6,12,17,35,2,1,1,0,7,0,0,0,0,0,0,20,70,0,2,1,65,35,3,61,1,0,1,0,1,0,11,0,4,0,30,0,3,0,2,0,2,0,4,2,35.64784944444445,139.70084444444444,5,3,9999,0,9,0
1,30,332,11,2,0,1,30000,0,113,2024,2,3,14,50,12,6,40,17,10,1,1,1,1,7,9,22,0,0,11,9,30,70,5,4,1,1,75,3,61,31,0,1,0,1,0,11,0,2,0,40,0,3,0,2,0,2,0,4,2,35.66721777777777,139.70561138888888,7,3,9999,0,1,0
1,30,332,12,2,0,1,30000,0,113,2024,2,3,15,19,12,6,40,17,10,1,1,1,1,7,1,21,0,0,14,9,30,70,5,3,1,35,55,13,61,31,0,11,0,1,0,11,0,2,0,20,0,3,0,2,0,2,0,4,2,35.67211666666667,139.71380472222222,7,3,9999,0,1,0
1,30,332,13,2,0,1,30000,0,113,2024,2,1,11,10,12,6,42,17,8,2,1,1,14,7,0,0,0,0,3,7,1,70,5,4,1,45,45,3,61,1,0,1,0,1,0,11,0,1,0,30,0,3,0,2,0,2,0,4,2,35.670742777777775,139.7048911111111,5,3,9999,0,1,0
1,30,332,17,2,0,1,30000,0,113,2024,2,16,19,0,22,6,28,17,23,1,1,1,1,1,9,22,0,0,14,9,30,70,4,1,1,25,35,51,61,41,0,0,0,0,0,0,0,0,0,10,0,3,0,0,0,0,0,4,2,35.671683055555555,139.70306055555554,6,3,0,0,0,0
1,30,333,16,2,0,1,30000,0,113,2023,12,19,7,58,12,6,45,16,30,1,1,1,14,7,0,0,0,0,3,9,1,70,4,1,1,45,25,51,61,41,0,0,0,0,0,0,0,0,0,20,0,4,0,0,0,0,0,4,2,35.67852666666666,139.6813886111111,3,3,0,0,0,0
1,30,333,24,2,0,1,10160,0,113,2024,2,13,9,0,12,6,31,17,20,1,1,1,1,1,9,22,0,0,18,9,30,70,1,1,1,45,55,12,61,1,0,11,0,2,0,11,0,3,0,40,0,3,0,2,0,2,0,4,2,35.688873055555554,139.682065,3,3,9999,0,9,0
1,30,333,32,2,0,1,30250,0,113,2024,2,23,9,25,12,6,20,17,30,3,1,2,14,1,0,0,0,0,2,9,1,70,4,2,1,35,25,51,61,41,0,0,0,0,0,0,0,0,0,10,0,3,0,0,0,0,0,4,2,35.66847527777777,139.69140944444445,6,1,0,0,0,0
1,30,435,27,2,0,1,30000,0,104,2024,2,5,17,35,21,6,38,17,12,1,1,4,1,7,9,22,0,0,14,9,30,70,1,2,1,55,1,14,61,1,0,11,0,1,0,11,0,2,0,10,0,3,0,2,0,2,0,4,2,35.69699166666666,139.73447083333332,2,3,9999,0,9,0
1,30,435,29,2,0,2,10220,0,104,2024,2,13,10,10,12,6,31,17,20,1,1,1,7,7,0,0,0,0,3,9,1,70,5,2,1,75,75,36,61,31,0,0,0,0,0,11,0,2,0,10,0,3,0,0,0,0,0,2,2,35.70182027777778,139.73902666666666,3,3,279,0,9,0
1,30,435,30,2,0,1,31020,0,104,2024,2,16,12,43,12,6,28,17,23,1,1,1,14,7,0,0,0,0,5,9,1,70,1,2,1,55,65,11,61,31,0,11,0,2,0,11,0,3,0,80,0,4,0,2,0,2,0,4,2,35.707371944444446,139.72746166666667,6,3,9999,0,9,0
1,30,435,31,2,0,1,10120,0,104,2024,2,17,18,20,21,6,27,17,24,1,1,1,1,1,9,22,0,0,18,9,30,70,1,1,1,45,65,3,61,1,0,1,0,1,0,11,0,4,0,10,0,3,0,1,0,2,0,4,2,35.69306722222222,139.72411305555556,7,3,9999,0,9,0
1,30,435,32,2,0,1,30280,0,104,2024,2,19,16,52,13,6,24,17,26,2,1,2,14,7,0,0,0,0,3,8,1,70,5,2,1,45,1,3,61,1,0,1,0,1,0,11,0,3,0,10,0,3,0,2,0,2,0,4,2,35.69476888888889,139.7371575,2,3,9999,0,1,0
1,30,435,38,2,0,1,10220,0,104,2024,2,27,13,0,12,6,15,17,34,1,1,1,1,7,9,22,0,0,14,9,30,70,5,2,1,25,45,13,61,31,0,11,0,1,0,11,0,3,0,10,0,3,0,2,0,2,0,4,2,35.704752500000005,139.72843305555557,3,3,9999,0,5,0
1,30,435,42,2,0,1,20290,0,104,2024,2,29,20,10,22,6,12,17,35,3,1,2,1,1,9,22,0,0,17,7,30,70,4,2,1,55,1,3,61,31,0,1,0,1,0,11,0,2,0,10,0,4,0,2,0,2,0,4,2,35.700764444444445,139.70961749999998,5,3,9999,0,9,0
1,30,436,28,1,1,0,30000,0,104,2024,2,24,13,24,12,6,18,17,31,2,1,1,1,7,9,22,0,0,15,9,30,70,5,2,1,1,75,3,61,1,0,1,0,1,0,11,0,2,0,10,0,3,0,2,0,2,0,4,1,35.69085194444444,139.70163472222222,7,3,9999,0,1,0
1,30,436,29,2,0,1,30000,0,104,2023,12,8,0,43,22,6,37,16,28,1,1,1,14,7,0,0,0,0,3,9,1,70,5,3,1,25,1,3,61,1,0,1,0,1,0,1,0,1,0,20,0,4,0,2,0,2,0,4,2,35.69602638888889,139.70312527777776,6,3,9999,0,1,0
1,30,436,36,2,0,1,30000,0,104,2024,1,29,12,26,12,6,44,17,5,1,1,1,14,7,0,0,0,0,3,7,1,70,5,1,1,45,55,3,61,1,0,1,0,1,0,11,0,1,0,30,0,4,0,2,0,2,0,4,2,35.69933361111111,139.6911577777778,2,3,9999,0,5,0
1,30,436,37,2,0,1,30000,0,104,2024,2,11,20,50,22,6,33,17,18,1,1,1,14,7,0,0,0,0,1,9,1,70,5,2,1,1,35,3,61,31,0,1,0,1,0,11,0,2,0,40,0,3,0,2,0,2,0,4,2,35.69758833333333,139.7010036111111,1,1,9999,0,1,0
1,30,436,39,2,0,1,20300,0,104,2024,2,12,13,50,12,6,32,17,19,1,1,1,1,7,1,21,0,0,17,9,30,70,5,4,1,45,35,3,61,31,0,1,0,1,0,11,0,2,0,10,0,4,0,2,0,2,0,4,2,35.69799055555555,139.70615138888888,2,1,9999,0,9,0
1,30,436,44,2,0,1,30000,0,104,2024,2,26,21,50,22,6,16,17,33,1,1,1,1,7,1,21,0,0,17,8,30,1,5,4,1,1,55,4,61,31,0,1,0,1,0,11,0,1,0,10,0,3,0,2,0,2,0,4,2,35.706902500000005,139.68951305555555,2,3,9999,0,1,0
1,30,436,45,2,0,1,200,89,113,2024,2,27,0,2,22,6,15,17,34,1,1,1,1,1,9,22,0,0,19,9,30,70,1,2,1,55,1,11,61,1,0,11,0,1,0,1,0,4,0,10,0,3,0,2,0,2,0,4,2,35.68752694444444,139.69635222222223,3,3,9999,0,9,0
1,30,436,46,2,0,1,10050,0,104,2024,2,29,23,20,22,6,12,17,35,3,1,1,1,1,9,22,0,0,18,9,30,70,5,4,1,65,45,3,61,1,0,1,0,1,0,11,0,4,0,50,0,3,0,2,0,2,0,4,2,35.69363333333333,139.70092,5,3,9999,0,9,0
1,30,436,48,2,0,1,20300,0,104,2024,2,27,12,30,12,6,15,17,34,1,1,1,1,1,9,22,0,0,15,9,30,70,1,2,1,1,25,3,61,31,0,1,0,1,0,11,0,5,0,10,0,4,0,2,0,2,0,4,2,35.69822583333333,139.7049322222222,3,3,9999,0,1,0
1,30,437,27,2,0,1,10220,0,104,2023,12,23,5,42,22,6,47,16,32,1,1,1,7,1,0,0,0,0,3,9,1,70,4,1,1,65,0,61,0,0,0,0,0,0,0,0,0,0,0,0,0,0,0,0,0,0,0,2,0,35.71046416666667,139.68483722222223,7,3,0,0,0,0
1,30,437,28,2,0,1,30000,0,104,2024,2,13,18,40,22,6,31,17,20,1,1,1,7,7,0,0,0,0,3,9,1,70,5,2,1,45,55,51,61,41,0,0,0,0,0,0,0,0,0,10,0,3,0,0,0,0,0,4,2,35.715184722222226,139.69389388888888,3,3,0,0,0,0
1,30,437,29,2,0,1,30000,0,104,2024,2,15,8,37,12,6,29,17,22,1,1,1,1,7,8,21,0,0,11,3,30,70,5,3,1,65,65,3,61,1,0,1,0,1,0,11,0,10,0,50,0,3,0,2,0,2,0,4,2,35.71128305555556,139.7047336111111,5,3,9999,0,9,0
1,30,437,35,2,0,1,10010,0,104,2024,2,21,2,40,22,6,22,17,28,2,1,1,14,7,0,0,0,0,4,9,1,70,4,2,1,25,35,3,61,31,0,1,0,1,0,11,0,3,0,10,0,2,0,2,0,2,0,4,2,35.72255527777778,139.70199749999998,4,3,9999,0,1,0
1,30,437,37,2,0,1,10280,0,104,2024,2,22,8,20,12,6,21,17,29,3,1,2,1,1,9,22,0,0,18,9,30,70,5,2,1,65,35,3,61,1,0,1,0,1,0,11,0,3,0,10,0,3,0,2,0,2,0,4,2,35.71165805555556,139.71967111111113,5,2,9999,0,9,0
1,30,437,39,2,0,1,10280,0,104,2024,2,24,0,5,22,6,18,17,31,2,1,1,1,1,9,22,0,0,15,6,30,70,1,1,1,35,55,3,61,31,0,1,0,1,0,11,0,4,0,10,0,3,0,2,0,2,0,4,2,35.71363055555556,139.71304527777778,7,3,9999,0,5,0
1,30,437,41,2,0,1,30000,0,104,2024,2,27,13,51,12,6,15,17,34,1,1,1,1,7,9,22,0,0,11,9,30,70,5,4,1,35,55,3,61,31,0,1,0,1,0,11,0,10,0,80,0,3,0,2,0,2,0,4,2,35.71525444444445,139.69011666666668,3,3,9999,0,1,0
1,30,438,31,2,0,1,20090,0,104,2024,2,19,18,0,21,6,24,17,26,1,1,4,1,1,9,22,0,0,18,8,30,70,5,1,1,45,55,3,61,1,0,1,0,1,0,11,0,10,0,10,0,3,0,2,0,2,0,4,2,35.684326666666664,139.72911555555555,2,3,9999,0,9,0
1,30,439,25,2,0,1,30000,0,114,2023,12,31,18,40,22,6,50,16,37,1,1,1,14,7,0,0,0,0,2,9,1,70,5,4,1,45,45,3,61,31,0,1,0,1,0,11,0,1,0,20,0,3,0,2,0,2,0,4,2,35.70440416666667,139.67641999999998,1,2,9999,0,5,0
1,30,439,35,2,0,1,20280,0,114,2024,2,19,20,0,22,6,24,17,26,3,1,2,1,1,9,22,0,0,15,9,30,70,5,1,1,25,25,51,61,41,0,0,0,0,0,0,0,0,0,10,0,3,0,0,0,0,0,4,2,35.702635,139.66575083333333,2,3,0,0,0,0
1,30,439,36,2,0,1,20280,0,114,2024,2,21,17,1,13,6,22,17,28,3,1,2,14,7,0,0,0,0,4,9,1,70,4,2,1,65,75,14,61,31,0,11,0,1,0,11,0,3,0,10,0,3,0,2,0,2,0,4,2,35.68324138888889,139.66935027777777,4,3,9999,0,9,0
1,30,439,38,2,0,1,10220,0,114,2024,2,27,7,35,12,6,15,17,34,1,1,1,14,7,0,0,0,0,3,9,1,70,5,1,1,25,35,52,61,41,0,0,0,0,0,0,0,0,0,10,0,3,0,0,0,0,0,4,2,35.710119722222224,139.68375,3,3,0,0,0,0
1,30,440,21,2,0,1,30000,0,114,2024,2,8,10,15,12,6,36,17,15,1,1,1,1,7,0,0,0,0,11,9,30,70,5,3,1,55,0,61,0,0,0,0,0,0,0,0,0,0,0,0,0,0,0,0,0,0,0,2,0,35.710930000000005,139.66021111111112,5,3,0,0,0,0
1,30,440,29,2,0,1,10220,0,114,2024,2,15,20,5,22,6,29,17,22,1,1,1,1,1,9,22,0,0,14,9,30,70,4,2,1,35,55,51,61,41,0,0,0,0,0,0,0,0,0,10,0,4,0,0,0,0,0,4,2,35.70986305555556,139.6615238888889,5,3,0,0,0,0
1,30,440,31,2,0,1,30000,0,114,2024,2,16,14,10,12,6,28,17,23,1,1,1,1,7,9,22,0,0,11,9,30,70,5,3,1,65,1,14,61,31,0,11,0,1,0,11,0,2,0,10,0,3,0,2,0,2,0,4,2,35.72158694444445,139.6542225,6,3,9999,0,9,0
1,30,440,34,2,0,1,30000,0,114,2024,2,15,7,30,12,6,29,17,22,1,1,1,14,7,0,0,0,0,1,9,1,70,5,3,1,35,45,3,61,31,0,1,0,1,0,11,0,1,0,40,0,4,0,2,0,2,0,4,2,35.72161416666667,139.66220777777778,5,3,9999,0,5,0
1,30,440,37,2,0,1,30000,0,114,2024,2,22,18,36,22,6,21,17,29,3,1,2,7,1,0,0,0,0,1,9,1,70,5,3,1,45,45,14,61,1,0,11,0,1,0,11,0,1,0,80,0,3,0,2,0,2,0,4,2,35.7237075,139.66269111111112,5,2,9999,0,1,0
1,30,440,41,2,0,1,10130,0,114,2024,2,26,15,0,12,6,16,17,33,1,1,1,14,7,0,0,0,0,4,8,1,70,1,2,1,55,65,36,61,31,0,0,0,0,0,11,0,2,0,20,0,3,0,0,0,0,0,4,2,35.71624527777778,139.6536827777778,2,3,9999,0,1,0
1,30,440,42,2,0,1,30000,0,114,2024,2,18,19,0,22,6,26,17,25,1,1,1,14,7,0,0,0,0,2,9,1,70,5,4,1,55,55,4,61,31,0,1,0,1,0,11,0,10,0,50,0,4,0,2,0,2,0,4,2,35.712492222222224,139.64717638888888,1,3,9999,0,4,0
1,30,441,27,2,0,1,10240,0,115,2024,2,1,9,25,12,6,42,17,8,1,1,1,14,7,0,0,0,0,1,9,1,70,4,2,1,35,55,51,61,41,0,0,0,0,0,0,0,0,0,10,0,3,0,0,0,0,0,4,2,35.69859611111111,139.63750583333334,5,3,0,0,0,0
1,30,441,28,2,0,1,10240,0,115,2024,2,1,18,25,22,6,42,17,8,1,1,1,1,1,9,22,0,0,19,9,30,70,5,2,1,65,75,3,61,31,0,1,0,1,0,11,0,10,0,10,0,4,0,2,0,2,0,4,2,35.69804166666666,139.65499861111113,5,3,9999,0,9,0
1,30,441,33,2,0,1,30000,0,115,2024,2,14,13,20,12,6,30,17,21,1,1,1,1,7,9,22,0,0,11,9,30,70,5,3,1,65,1,3,61,31,0,1,0,1,0,11,0,2,0,10,0,3,0,2,0,2,0,4,2,35.68910833333333,139.65361000000001,4,3,9999,0,9,0
1,30,441,37,2,0,1,30000,0,115,2024,2,17,10,25,12,6,27,17,24,2,1,1,14,7,0,0,0,0,1,9,1,70,5,4,1,25,75,51,61,41,0,0,0,0,0,0,0,0,0,10,0,3,0,0,0,0,0,4,2,35.699752777777775,139.63948833333333,7,3,0,0,0,0
1,30,441,38,2,0,1,30300,0,115,2024,2,19,8,30,12,6,24,17,26,3,1,2,1,1,9,22,0,0,11,9,30,70,4,2,1,65,25,13,61,31,0,11,0,1,0,11,0,3,0,10,0,3,0,2,0,2,0,4,2,35.689322222222216,139.6624825,2,3,9999,0,9,0
1,30,442,27,2,0,1,10260,0,115,2024,2,13,7,50,12,6,31,17,20,1,1,1,1,7,9,22,0,0,14,9,30,70,5,2,1,25,65,51,61,41,0,0,0,0,0,0,0,0,0,10,0,3,0,0,0,0,0,4,2,35.6935625,139.60707888888888,3,3,0,0,0,0
1,30,442,30,2,0,1,30000,0,115,2024,2,15,16,15,12,6,29,17,22,1,1,1,1,7,9,22,0,0,11,9,30,70,5,1,1,1,35,51,61,41,0,0,0,0,0,0,0,0,0,10,0,3,0,0,0,0,0,4,2,35.69789194444444,139.60374388888889,5,3,0,0,0,0
1,30,442,33,2,0,1,30000,0,115,2024,2,3,9,0,12,6,40,17,10,1,1,1,1,7,1,21,0,0,15,9,30,70,5,3,1,35,55,3,61,31,0,1,0,1,0,11,0,2,0,10,0,4,0,2,0,2,0,4,2,35.70040527777778,139.60324555555556,7,3,9999,0,1,0
1,30,442,37,2,0,1,30000,0,115,2024,2,20,7,37,12,6,23,17,27,2,1,2,14,7,0,0,0,0,2,9,1,70,5,3,1,1,45,43,61,41,0,31,0,0,0,0,0,10,0,10,0,4,0,0,0,0,0,4,2,35.66888611111111,139.6329488888889,3,3,0,0,0,0
1,30,545,17,2,0,1,20000,0,105,2024,2,11,8,50,12,6,33,17,18,1,1,1,14,7,0,0,0,0,1,9,1,70,5,1,1,35,1,51,61,41,0,0,0,0,0,0,0,0,0,10,0,4,0,0,0,0,0,4,2,35.72289388888889,139.7380936111111,1,1,0,0,0,0
1,30,545,25,2,0,1,30000,0,105,2024,2,25,20,25,22,6,17,17,32,3,1,2,1,7,9,22,0,0,14,9,30,70,4,2,1,65,55,3,61,1,0,1,0,1,0,11,0,3,0,40,0,3,0,2,0,2,0,4,2,35.71236972222223,139.75135444444444,1,3,9999,0,9,0
1,30,546,10,2,0,1,20370,0,105,2024,2,21,13,54,12,6,22,17,28,3,1,2,7,7,0,0,0,0,5,3,1,70,4,2,1,1,45,14,61,1,0,11,0,1,0,11,0,3,0,30,0,3,0,2,0,2,0,4,2,35.718535833333334,139.72249472222222,4,3,9999,0,1,0
1,30,547,15,2,0,1,10100,0,105,2024,2,3,6,15,23,6,40,17,10,1,1,1,14,7,0,0,0,0,2,8,1,70,5,2,1,65,55,51,61,41,0,0,0,0,0,0,0,0,0,40,0,3,0,0,0,0,0,4,2,35.70285861111111,139.75499472222222,7,3,0,0,0,0
1,30,547,16,2,0,1,10300,0,105,2024,2,9,18,27,22,6,35,17,16,1,1,1,1,1,9,22,0,0,11,9,30,70,4,2,1,55,1,12,61,1,0,11,0,1,0,11,0,3,0,10,0,3,0,2,0,2,0,4,2,35.71153944444445,139.75503777777777,6,3,9999,0,9,0
1,30,548,6,2,0,1,20370,0,105,2024,2,5,7,30,11,6,38,17,12,2,1,1,1,1,9,22,0,0,19,9,30,70,4,2,1,55,1,13,61,31,0,11,0,1,0,11,0,3,0,50,0,3,0,2,0,2,0,4,2,35.729819722222224,139.76250027777778,2,3,9999,0,9,0
1,30,549,8,2,0,1,30000,0,116,2024,2,5,19,20,22,6,38,17,12,5,1,4,1,1,9,22,0,0,14,9,30,70,5,1,1,65,35,14,61,1,0,11,0,1,0,11,0,2,0,10,0,4,0,2,0,2,0,4,2,35.73555666666667,139.73826583333332,2,3,9999,0,9,0
1,30,549,11,2,0,1,30000,0,116,2024,2,24,14,25,12,6,18,17,31,1,1,1,1,1,9,22,0,0,15,9,30,70,5,3,1,45,35,13,61,31,0,11,0,1,0,11,0,2,0,10,0,3,0,2,0,2,0,4,2,35.73928333333333,139.7301427777778,7,3,9999,0,9,0
1,30,550,16,2,0,1,30000,0,116,2024,2,6,19,20,22,6,38,17,13,2,1,2,7,7,0,0,0,0,4,9,1,70,4,3,1,45,65,3,61,1,0,1,0,1,0,11,0,3,0,80,0,3,0,2,0,2,0,4,2,35.728432500000004,139.7,3,3,9999,0,1,0
1,30,550,17,2,0,1,30000,0,116,2024,2,8,14,45,12,6,36,17,15,1,1,1,1,7,9,22,0,0,15,9,30,70,1,2,1,65,55,17,61,31,0,11,0,1,0,11,0,5,0,40,0,3,0,2,0,2,0,4,2,35.72813222222222,139.71532777777776,5,3,9999,0,9,0
1,30,550,26,2,0,1,20000,0,116,2024,2,17,23,10,22,6,27,17,24,1,1,1,14,7,0,0,0,0,5,9,1,70,4,1,1,25,45,51,61,41,0,0,0,0,0,0,0,0,0,10,0,4,0,0,0,0,0,4,2,35.727200833333335,139.71740444444444,7,3,0,0,0,0
1,30,552,13,2,0,1,30000,0,117,2023,12,27,20,10,22,6,49,16,35,1,1,1,14,7,0,0,0,0,2,9,1,70,5,3,1,1,25,35,61,31,0,0,0,0,0,11,0,10,0,10,0,3,0,0,0,0,0,4,2,35.75022972222222,139.74812138888888,4,3,9999,0,1,0
1,30,552,15,2,0,1,30000,0,117,2024,2,2,19,45,22,6,41,17,9,1,1,1,14,7,0,0,0,0,1,9,1,70,5,4,1,1,45,51,61,41,0,0,0,0,0,0,0,0,0,10,0,3,0,0,0,0,0,4,2,35.74746805555556,139.7354236111111,6,3,0,0,0,0
1,30,552,25,2,0,1,10090,0,117,2024,2,20,12,30,12,6,23,17,27,1,1,1,1,1,9,22,0,0,17,9,30,70,1,1,1,75,25,17,61,1,0,11,0,1,0,11,0,4,0,10,0,3,0,2,0,2,0,4,2,35.748110277777776,139.7528436111111,3,3,9999,0,9,0
1,30,552,32,2,0,1,20400,0,117,2024,2,27,17,20,13,6,15,17,34,1,1,1,14,7,0,0,0,0,5,9,1,70,4,2,1,45,25,14,61,31,0,11,0,1,0,11,0,4,0,40,0,3,0,2,0,2,0,4,2,35.74654861111111,139.74164083333332,3,3,9999,0,9,0
1,30,553,23,2,0,1,20000,0,117,2024,2,4,10,55,12,6,39,17,11,1,1,2,7,1,0,0,0,0,3,9,1,70,4,1,1,25,75,51,61,41,0,0,0,0,0,0,0,0,0,10,0,3,0,0,0,0,0,4,2,35.75862722222222,139.72537111111112,1,3,0,0,0,0
1,30,553,27,2,0,1,30000,0,117,2024,2,7,19,35,22,6,37,17,14,1,1,1,7,7,0,0,0,0,4,9,1,1,4,1,1,1,75,51,61,41,0,0,0,0,0,0,0,0,0,10,0,3,0,0,0,0,0,4,2,35.76137972222222,139.74147833333333,4,3,0,0,0,0
1,30,553,34,2,0,1,30000,0,117,2024,2,18,15,35,12,6,26,17,25,1,1,1,14,7,0,0,0,0,2,9,1,70,5,3,1,25,75,51,61,41,0,0,0,0,0,0,0,0,0,40,0,3,0,0,0,0,0,4,2,35.76554055555555,139.73826888888888,1,3,0,0,0,0
1,30,554,13,1,1,0,1220,0,117,2024,2,22,3,16,22,6,21,17,29,3,1,2,1,1,9,22,0,0,19,9,30,70,5,1,1,35,25,13,61,31,0,11,0,1,0,11,0,10,0,50,0,2,0,2,0,2,0,4,1,35.7697675,139.73427027777777,5,2,9999,0,1,0
1,30,554,20,2,0,1,30000,0,117,2024,2,3,18,30,22,6,40,17,10,1,1,1,14,1,0,0,0,0,4,9,1,70,4,2,1,25,1,51,61,41,0,0,0,0,0,0,0,0,0,30,0,4,0,0,0,0,0,4,2,35.77918111111111,139.72075833333332,7,3,0,0,0,0
1,30,555,28,1,1,0,30000,0,119,2024,2,3,10,23,12,6,40,17,10,1,1,1,7,7,0,0,0,0,3,9,1,70,5,3,1,1,55,11,61,1,0,11,0,1,0,11,0,10,0,80,0,3,0,2,0,2,0,4,1,35.75137388888889,139.69627861111113,7,3,9999,0,5,0
1,30,555,38,2,0,1,30000,0,119,2024,2,7,7,30,11,6,37,17,14,1,1,1,1,7,9,22,0,0,11,9,30,70,4,3,1,45,45,14,61,1,0,11,0,1,0,11,0,2,0,10,0,3,0,2,0,2,0,4,2,35.75223111111111,139.70040083333333,4,3,9999,0,9,0
1,30,555,59,2,0,1,30000,0,119,2024,2,29,23,40,22,6,12,17,35,3,1,2,1,7,9,22,0,0,11,9,30,70,4,1,1,1,35,35,61,31,0,0,0,0,0,11,0,10,0,10,0,3,0,0,0,0,0,4,2,35.746272777777776,139.7138811111111,5,3,9999,0,1,0
1,30,555,66,2,0,1,30000,0,119,2024,2,26,9,40,12,6,16,17,33,1,1,1,7,7,0,0,0,0,2,9,1,70,5,3,1,25,55,52,61,41,0,0,0,0,0,0,0,0,0,10,0,4,0,0,0,0,0,4,2,35.74767333333333,139.707035,2,3,0,0,0,0
1,30,556,26,2,0,1,30000,0,119,2024,1,26,8,3,12,6,46,17,1,1,1,1,14,7,0,0,0,0,3,9,1,70,4,1,1,35,1,3,61,31,0,1,0,1,0,11,0,2,0,40,0,3,0,2,0,2,0,4,2,35.77560027777778,139.70276916666666,6,3,9999,0,1,0
1,30,556,28,2,0,1,30000,0,119,2024,2,5,18,10,21,6,38,17,12,5,1,2,14,7,0,0,0,0,4,9,1,70,5,2,1,45,25,3,61,31,0,1,0,1,0,11,0,2,0,10,0,3,0,2,0,2,0,4,2,35.787345277777774,139.68452861111112,2,3,9999,0,1,0
1,30,556,37,2,0,1,30000,0,119,2024,2,27,10,42,12,6,15,17,34,1,1,1,14,7,0,0,0,0,2,9,1,70,5,2,1,25,25,14,61,1,0,11,0,1,0,11,0,2,0,20,0,4,0,2,0,2,0,4,2,35.766845833333335,139.67795138888889,3,3,9999,0,5,0
1,30,556,39,2,0,1,30000,0,119,2024,2,28,9,50,12,6,13,17,34,1,1,1,1,7,9,22,0,0,11,9,30,70,5,1,1,65,25,3,61,31,0,1,0,1,0,11,0,2,0,41,0,3,0,2,0,2,0,4,2,35.77202638888889,139.67835472222222,4,3,9999,0,9,0
1,30,556,42,2,0,1,10200,0,119,2024,2,4,14,10,12,6,39,17,11,1,1,1,7,1,0,0,0,0,4,9,1,70,1,2,1,45,55,51,61,41,0,0,0,0,0,0,0,0,0,41,0,3,0,0,0,0,0,4,2,35.778056666666664,139.68344055555556,1,3,0,0,0,0
1,30,557,32,2,0,1,30000,0,120,2024,2,10,10,38,12,6,34,17,17,1,1,1,14,7,0,0,0,0,2,9,1,70,5,2,1,55,1,3,61,31,0,1,0,1,0,11,0,5,0,40,0,3,0,2,0,2,0,4,2,35.73498194444444,139.65098361111112,7,2,9999,0,9,0
1,30,557,33,2,0,1,30000,0,120,2024,2,17,17,40,21,6,27,17,24,1,1,1,13,7,0,0,0,0,2,1,1,70,5,3,1,55,55,3,61,31,0,1,0,1,0,11,0,5,0,40,0,3,0,2,0,2,0,4,2,35.74377444444445,139.66190333333333,7,3,9999,0,4,0
1,30,557,34,2,0,2,30000,0,120,2024,2,18,17,30,21,6,26,17,25,1,1,1,1,1,9,22,0,0,15,3,30,70,5,2,1,25,65,14,61,31,0,11,0,1,0,11,0,10,0,10,0,3,0,2,0,2,0,4,2,35.746429166666665,139.64799555555555,1,3,9999,0,1,0
1,30,557,37,2,0,1,30000,0,120,2024,2,21,19,5,22,6,22,17,28,1,1,2,14,7,0,0,0,0,3,9,1,70,5,3,1,35,45,3,61,31,0,1,0,1,0,11,0,10,0,20,0,3,0,2,0,2,0,4,2,35.75121722222222,139.6700447222222,4,3,9999,0,5,0