資料区分,都道府県コード,警察署等コード,本票番号,事故内容,死者数,負傷者数,路線コード,地点コード,市区町村コード,発生日時　　年,発生日時　　月,発生日時　　日,発生日時　　時,発生日時　　分,昼夜,日の出時刻　　時,日の出時刻　　分,日の入り時刻　　時,日の入り時刻　　分,天候,地形,路面状態,道路形状,信号機,一時停止規制　標識（当事者A）,一時停止規制　表示（当事者A）,一時停止規制　標識（当事者B）,一時停止規制　表示（当事者B）,車道幅員,道路線形,衝突地点,ゾーン規制,中央分離帯施設等,歩車道区分,事故類型,年齢（当事者A）,年齢（当事者B）,当事者種別（当事者A）,当事者種別（当事者B）,用途別（当事者A）,用途別（当事者B）,車両形状等（当事者A）,車両形状等（当事者B）,オートマチック車（当事者A）,オートマチック車（当事者B）,サポカー（当事者A）,サポカー（当事者B）,速度規制（指定のみ）（当事者A）,速度規制（指定のみ）（当事者B）,車両の衝突部位（当事者A）,車両の衝突部位（当事者B）,車両の損壊程度（当事者A）,車両の損壊程度（当事者B）,エアバッグの装備（当事者A）,エアバッグの装備（当事者B）,サイドエアバッグの装備（当事者A）,サイドエアバッグの装備（当事者B）,人身損傷程度（当事者A）,人身損傷程度（当事者B）,lat,lon,曜日(発生年月日),祝日(発生年月日),認知機能検査経過日数（当事者A）,認知機能検査経過日数（当事者B）,運転練習の方法（当事者A）,運転練習の方法（当事者B）
1,30,557,38,2,0,1,10130,0,120,2024,2,21,23,55,22,6,22,17,28,3,1,1,14,7,0,0,0,0,3,9,1,70,1,2,1,35,65,4,61,31,0,1,0,1,0,11,0,10,0,20,0,2,0,2,0,2,0,4,2,35.73308305555556,139.66081027777778,4,3,9999,0,1,0
1,30,557,39,2,0,1,30000,0,120,2024,2,22,8,1,12,6,21,17,29,3,1,2,14,7,0,0,0,0,2,9,1,70,5,3,1,35,55,3,61,31,0,1,0,1,0,11,0,1,0,50,0,3,0,2,0,2,0,4,2,35.74071611111111,139.63205722222224,5,2,9999,0,1,0
1,30,558,24,2,0,1,10250,0,120,2024,2,2,15,10,12,6,41,17,9,2,1,1,1,1,9,22,0,0,15,9,30,70,4,1,1,35,75,13,61,31,0,11,0,1,0,11,0,3,0,10,0,3,0,2,0,2,0,4,2,35.729545,139.59949333333336,6,3,9999,0,5,0
1,30,558,25,2,0,1,30000,0,120,2024,2,2,23,50,22,6,41,17,9,1,1,1,1,7,9,22,0,0,14,9,30,70,4,2,1,45,35,13,61,31,0,11,0,1,0,11,0,3,0,10,0,3,0,2,0,2,0,4,2,35.75051361111111,139.5962913888889,6,3,9999,0,5,0
1,30,558,29,2,0,1,30380,0,120,2024,2,8,8,30,12,6,36,17,15,1,1,1,1,1,9,22,0,0,14,9,30,70,4,2,1,45,55,51,61,41,0,0,0,0,0,0,0,0,0,20,0,4,0,0,0,0,0,4,2,35.77057444444444,139.58671805555556,5,3,0,0,0,0
1,30,559,23,2,0,1,30000,0,119,2024,2,5,14,55,12,6,38,17,12,5,1,2,1,7,1,21,0,0,11,9,30,1,5,3,1,25,65,3,61,31,0,1,0,1,0,11,0,2,0,10,0,3,0,2,0,2,0,4,2,35.78336777777778,139.6722208333333,2,3,9999,0,1,0
1,30,559,27,2,0,1,30000,0,119,2024,2,8,15,40,12,6,36,17,15,1,1,1,14,7,0,0,0,0,3,9,1,70,4,1,1,45,35,24,61,0,0,0,0,0,0,11,0,2,0,10,0,4,0,0,0,0,0,4,2,35.78305888888889,139.6650713888889,5,3,9999,0,1,0
1,30,559,30,2,0,1,30000,0,119,2024,2,16,10,50,12,6,28,17,23,1,1,1,1,7,1,21,0,0,15,9,30,70,5,2,1,65,35,3,61,31,0,1,0,1,0,11,0,10,0,10,0,3,0,2,0,2,0,4,2,35.789746944444445,139.65087972222221,6,3,9999,0,9,0
1,30,559,32,2,0,1,30000,0,119,2024,2,19,18,47,22,6,24,17,26,1,1,1,1,7,8,22,0,0,14,9,30,70,4,1,1,25,1,14,61,1,0,11,0,1,0,11,0,3,0,40,0,3,0,2,0,2,0,4,2,35.79076972222222,139.64815638888888,2,3,9999,0,1,0
1,30,559,35,2,0,1,30000,0,119,2024,2,22,22,40,22,6,21,17,29,3,1,2,14,7,0,0,0,0,1,9,1,70,5,3,1,55,55,51,61,41,0,0,0,0,0,0,0,0,0,10,0,3,0,0,0,0,0,4,2,35.78955416666666,139.6586088888889,5,2,0,0,0,0
1,30,559,36,2,0,1,30000,0,119,2024,2,27,5,45,23,6,15,17,34,1,1,1,1,7,1,21,0,0,14,9,30,70,4,1,1,55,65,3,61,31,0,1,0,1,0,11,0,2,0,50,0,4,0,2,0,2,0,4,2,35.78002388888889,139.63547722222222,3,3,9999,0,9,0
1,30,559,37,2,0,1,30000,0,119,2024,2,27,7,48,12,6,15,17,34,1,1,1,14,7,0,0,0,0,3,9,1,70,4,2,1,25,35,13,61,31,0,11,0,1,0,11,0,2,0,10,0,3,0,2,0,2,0,4,2,35.775955833333335,139.63469388888888,3,3,9999,0,1,0
1,30,560,38,2,0,1,10200,0,120,2024,2,20,7,55,12,6,23,17,27,1,1,1,14,1,0,0,0,0,2,9,1,70,1,2,1,1,1,36,61,31,0,0,0,0,0,11,0,2,0,10,0,4,0,0,0,0,0,4,2,35.741859166666664,139.6241913888889,3,3,9999,0,5,0
1,30,560,39,2,0,1,30000,0,120,2024,2,20,21,30,22,6,23,17,27,1,1,1,1,1,9,22,0,0,15,9,30,70,4,1,1,45,75,3,61,31,0,1,0,1,0,11,0,10,0,10,0,3,0,2,0,2,0,4,2,35.75960611111111,139.65136527777778,3,3,9999,0,1,0
1,30,560,46,2,0,1,30000,0,120,2024,2,13,18,15,21,6,31,17,20,1,1,1,1,1,9,22,0,0,18,9,30,1,4,1,1,45,45,4,61,31,0,1,0,1,0,11,0,4,0,10,0,3,0,2,0,2,0,4,2,35.76837694444444,139.64759416666666,3,3,9999,0,9,0
1,30,660,13,2,0,1,30000,0,106,2024,2,1,9,25,12,6,42,17,8,1,1,1,1,7,9,22,0,0,11,9,30,70,5,2,1,55,35,59,61,0,0,0,0,0,0,0,0,0,0,10,0,4,0,0,0,0,0,4,2,35.710416111111115,139.7749527777778,5,3,0,0,0,0
1,30,660,15,2,0,1,20530,0,106,2024,2,2,12,0,12,6,41,17,9,1,1,1,14,7,0,0,0,0,5,9,1,70,4,2,1,65,55,51,61,41,0,0,0,0,0,0,0,0,0,10,0,4,0,0,0,0,0,4,2,35.71182138888889,139.7804802777778,6,3,0,0,0,0
1,30,660,18,2,0,1,30000,0,106,2024,2,7,8,35,12,6,37,17,14,1,1,1,1,7,9,22,0,0,15,9,30,70,4,2,1,55,45,13,61,31,0,11,0,1,0,11,0,10,0,10,0,4,0,2,0,2,0,4,2,35.71561888888889,139.76774333333336,4,3,9999,0,9,0
1,30,660,24,2,0,1,20390,0,106,2024,2,14,9,10,12,6,30,17,21,1,1,1,14,7,0,0,0,0,5,9,1,70,4,2,1,25,35,51,61,41,0,0,0,0,0,0,0,0,0,20,0,4,0,0,0,0,0,4,2,35.707149722222226,139.7816988888889,4,3,0,0,0,0
1,30,660,31,2,0,1,10290,0,106,2024,2,16,8,34,12,6,28,17,23,1,1,1,1,7,1,21,0,0,17,9,30,70,5,3,1,45,35,14,61,1,0,11,0,1,0,11,0,5,0,10,0,3,0,2,0,2,0,4,2,35.70253027777778,139.77855027777778,6,3,9999,0,1,0
1,30,661,25,2,0,1,20560,0,106,2024,2,4,1,20,22,6,39,17,11,3,1,2,1,1,9,22,0,0,18,9,30,70,1,2,1,65,25,3,61,31,0,1,0,1,0,11,0,4,0,10,0,2,0,2,0,2,0,4,2,35.72665055555556,139.79093916666667,1,3,9999,0,9,0
1,30,661,30,2,0,1,10300,0,106,2024,2,25,18,45,22,6,17,17,32,3,1,2,1,1,9,22,0,0,19,9,30,70,1,2,1,35,75,3,61,1,0,1,0,1,0,11,0,3,0,10,0,4,0,2,0,2,0,4,2,35.72067638888889,139.78158222222223,1,3,9999,0,9,0
1,30,662,14,2,0,1,30000,0,106,2024,2,2,20,45,22,6,41,17,9,1,1,1,1,7,9,22,0,0,19,9,30,70,4,1,1,45,55,3,61,31,0,1,0,1,0,11,0,4,0,20,0,3,0,2,0,2,0,4,2,35.71540166666667,139.80201250000002,6,3,9999,0,4,0
1,30,662,16,2,0,1,30000,0,106,2024,2,13,16,3,12,6,31,17,20,1,1,1,14,7,0,0,0,0,4,9,1,70,5,2,1,45,25,3,61,31,0,1,0,1,0,11,0,1,0,30,0,4,0,2,0,2,0,4,2,35.71100555555556,139.7959561111111,3,3,9999,0,1,0
1,30,662,21,2,0,1,30000,0,106,2024,2,24,17,15,13,6,18,17,31,1,1,1,14,7,0,0,0,0,2,9,1,70,5,3,1,65,55,3,61,31,0,1,0,1,0,11,0,1,0,40,0,3,0,2,0,2,0,4,2,35.71059777777778,139.79538277777777,7,3,9999,0,9,0
1,30,663,12,2,0,1,30000,0,106,2024,2,2,8,30,12,6,41,17,9,2,1,1,1,7,1,21,0,0,14,9,30,70,5,2,1,55,45,3,61,1,0,1,0,1,0,11,0,2,0,30,0,3,0,2,0,2,0,4,2,35.70735083333334,139.7915336111111,6,3,9999,0,5,0
1,30,663,14,2,0,1,20540,0,106,2024,2,8,9,0,12,6,36,17,15,1,1,1,1,1,1,22,0,0,18,9,30,70,5,1,1,35,45,13,61,31,0,11,0,1,0,11,0,2,0,40,0,4,0,2,0,2,0,4,2,35.711823888888894,139.7831336111111,5,3,9999,0,1,0
1,30,664,9,2,0,1,21060,0,118,2024,2,14,8,5,12,6,30,17,21,1,1,1,1,7,9,22,0,0,11,9,30,70,5,1,1,65,45,3,61,31,0,1,0,1,0,11,0,2,0,10,0,3,0,2,0,2,0,4,2,35.745494722222226,139.77430111111113,4,3,9999,0,9,0
1,30,666,20,2,0,1,10340,0,118,2024,2,28,11,35,12,6,13,17,34,1,1,1,1,7,9,22,0,0,14,9,30,70,5,1,1,65,65,13,61,1,0,11,0,1,0,11,0,3,0,10,0,3,0,2,0,2,0,4,2,35.72774833333334,139.7787713888889,4,3,9999,0,9,0
1,30,666,21,2,0,1,30000,0,118,2024,2,19,9,30,12,6,24,17,26,2,1,1,14,7,0,0,0,0,1,9,1,70,5,4,1,75,55,35,61,31,0,0,0,0,0,11,0,2,0,40,0,3,0,0,0,0,0,4,2,35.735236944444445,139.78177861111112,2,3,1124,0,9,0
1,30,666,23,2,0,1,30000,0,118,2024,2,25,0,22,22,6,17,17,32,2,1,1,1,7,1,21,0,0,15,9,30,1,4,3,1,55,55,3,61,1,0,1,0,1,0,11,0,2,0,10,0,3,0,2,0,2,0,4,2,35.73005666666667,139.7732611111111,1,3,9999,0,9,0
1,30,667,15,2,0,1,30000,0,121,2023,12,31,11,32,12,6,50,16,37,2,1,1,14,7,0,0,0,0,3,9,1,1,4,1,1,75,45,3,61,31,0,1,0,1,0,11,0,2,0,40,0,3,0,2,0,2,0,4,2,35.752070277777776,139.80464444444445,1,2,270,0,9,0
1,30,667,16,2,0,1,30000,0,121,2023,12,13,12,5,12,6,41,16,28,1,1,1,14,7,0,0,0,0,1,7,1,70,4,1,1,45,45,51,61,41,0,0,0,0,0,0,0,0,0,40,0,3,0,0,0,0,0,4,2,35.75157611111111,139.80470416666668,4,3,0,0,0,0
1,30,667,17,2,0,1,30000,0,121,2024,2,8,18,10,21,6,36,17,15,1,1,1,1,7,1,21,0,0,11,9,30,70,5,2,1,45,45,14,61,31,0,11,0,1,0,11,0,10,0,10,0,3,0,2,0,2,0,4,2,35.754085833333335,139.8068263888889,5,3,9999,0,9,0
1,30,667,18,2,0,1,40,74,121,2024,2,12,18,35,22,6,32,17,19,1,1,1,1,1,9,22,0,0,18,9,30,70,1,2,1,45,35,3,61,31,0,1,0,1,0,11,0,4,0,10,0,3,0,2,0,2,0,4,2,35.744190833333334,139.79779277777777,2,1,9999,0,9,0
1,30,668,61,2,0,1,30000,0,121,2024,2,2,8,5,12,6,41,17,9,2,1,1,1,7,9,22,0,0,11,9,30,70,4,3,1,45,1,3,61,31,0,1,0,1,0,11,0,2,0,14,0,4,0,2,0,2,0,4,2,35.77054333333333,139.7456372222222,6,3,9999,0,1,0
1,30,668,97,2,0,1,30000,0,121,2024,2,26,15,20,12,6,16,17,33,1,1,1,1,7,9,22,0,0,11,9,30,70,5,3,1,55,1,3,61,1,0,1,0,1,0,11,0,1,0,14,0,3,0,2,0,2,0,4,2,35.78774222222222,139.792045,2,3,9999,0,9,0
1,30,669,38,2,0,1,99000,0,121,2024,2,3,17,55,21,6,40,17,10,1,1,1,0,7,0,0,0,0,0,0,20,70,0,4,1,55,35,4,61,31,0,1,0,1,0,11,0,10,0,30,0,4,0,2,0,2,0,4,2,35.769846666666666,139.80383194444445,7,3,9999,0,9,0
1,30,669,48,2,0,1,30000,0,121,2024,2,13,7,50,12,6,31,17,20,1,1,1,1,7,9,22,0,0,11,9,30,70,5,2,1,75,1,13,61,31,0,11,0,1,0,11,0,2,0,10,0,4,0,2,0,2,0,4,2,35.79366666666667,139.83361472222222,3,3,669,0,9,0
1,30,669,49,2,0,1,30000,0,121,2024,2,14,17,30,21,6,30,17,21,1,1,1,1,7,9,22,0,0,15,9,30,70,4,1,1,55,75,36,61,31,0,0,0,0,0,11,0,2,0,10,0,3,0,0,0,0,0,4,2,35.7846025,139.82294777777778,4,3,9999,0,9,0
1,30,669,52,2,0,1,30000,0,121,2024,2,15,21,40,22,6,29,17,22,1,1,1,1,1,9,22,0,0,14,9,30,70,5,1,1,65,25,3,61,1,0,1,0,1,0,11,0,2,0,10,0,2,0,2,0,2,0,4,2,35.76392333333333,139.8215647222222,5,3,9999,0,9,0
1,30,669,59,2,0,1,10360,0,121,2024,2,22,13,0,12,6,21,17,29,3,1,2,1,7,9,22,0,0,15,9,30,70,4,3,1,55,45,4,61,31,0,1,0,1,0,11,0,3,0,10,0,3,0,2,0,2,0,4,2,35.775191944444444,139.82996055555554,5,2,9999,0,9,0
1,30,669,62,2,0,1,30000,0,121,2024,2,23,15,10,12,6,20,17,30,3,1,2,1,1,9,22,0,0,18,9,30,70,4,2,1,55,55,4,61,31,0,1,0,1,0,11,0,3,0,10,0,3,0,2,0,2,0,4,2,35.7615,139.82419444444443,6,1,9999,0,9,0
1,30,669,74,2,0,1,10130,0,121,2024,2,27,10,30,12,6,15,17,34,1,1,1,1,1,9,22,0,0,17,9,30,70,5,1,1,65,35,14,61,31,0,11,0,1,0,11,0,4,0,10,0,4,0,2,0,2,0,4,2,35.77739722222222,139.83390277777778,3,3,9999,0,3,0
1,30,771,39,2,0,1,10040,0,108,2024,2,3,20,35,22,6,40,17,10,1,1,1,1,1,9,22,0,0,18,9,30,70,4,2,1,45,35,3,61,1,0,1,0,1,0,11,0,4,0,20,0,3,0,2,0,2,0,4,2,35.669378055555555,139.807005,7,3,9999,0,1,0
1,30,771,43,2,0,1,20000,0,108,2024,2,10,12,20,12,6,34,17,17,1,1,1,1,1,9,22,0,0,18,9,30,70,5,2,1,55,55,14,61,1,0,11,0,1,0,11,0,3,0,10,0,3,0,2,0,2,0,4,2,35.646140277777775,139.78628555555557,7,2,9999,0,9,0
1,30,771,45,2,0,1,30000,0,108,2024,1,17,13,5,12,6,50,16,52,1,1,1,1,7,0,0,0,0,14,9,30,70,5,3,1,45,0,61,0,0,0,0,0,0,0,0,0,0,0,0,0,0,0,0,0,0,0,2,0,35.6706825,139.80388944444445,4,3,0,0,0,0
1,30,771,53,2,0,1,30000,0,108,2024,2,20,7,50,12,6,23,17,27,2,1,2,14,7,0,0,0,0,4,9,1,70,4,1,1,45,1,51,61,41,0,0,0,0,0,0,0,0,0,20,0,3,0,0,0,0,0,4,2,35.664099444444446,139.8019952777778,3,3,0,0,0,0
1,30,771,62,2,0,1,10060,0,108,2024,1,30,15,20,12,6,43,17,6,1,1,1,14,7,0,0,0,0,6,9,1,70,4,1,1,1,1,51,61,41,0,0,0,0,0,0,0,0,0,10,0,4,0,0,0,0,0,4,2,35.67923916666666,139.79894444444443,3,3,0,0,0,0
1,30,771,66,2,0,1,30000,0,108,2024,2,23,19,40,22,6,20,17,30,2,1,2,7,1,0,0,0,0,5,9,1,70,1,1,1,1,1,51,61,41,0,0,0,0,0,0,0,0,0,10,0,4,0,0,0,0,0,4,2,35.65494888888889,139.79680833333333,6,1,0,0,0,0
1,30,771,68,2,0,1,30000,0,108,2024,2,24,15,45,12,6,18,17,31,1,1,1,1,7,1,21,0,0,15,9,30,70,5,3,1,45,45,14,61,31,0,11,0,1,0,11,0,2,0,20,0,4,0,2,0,2,0,4,2,35.686186388888885,139.80360111111113,7,3,9999,0,9,0
1,30,771,75,2,0,1,30000,0,108,2024,2,27,7,35,12,6,15,17,34,1,1,1,1,7,9,22,0,0,15,9,30,70,1,2,1,55,1,3,61,31,0,1,0,1,0,11,0,4,0,10,0,3,0,2,0,2,0,4,2,35.664595,139.81679777777777,3,3,9999,0,9,0
1,30,772,38,2,0,1,30000,0,108,2024,2,13,13,0,12,6,31,17,20,1,1,1,14,7,0,0,0,0,1,9,1,70,4,2,1,65,75,3,61,31,0,1,0,1,0,11,0,5,0,10,0,3,0,2,0,2,0,4,2,35.68485305555555,139.84140416666668,3,3,9999,0,9,0
1,30,772,48,2,0,1,10090,0,108,2024,2,20,18,0,21,6,23,17,27,1,1,1,14,7,0,0,0,0,4,9,1,70,4,2,1,25,75,36,61,31,0,0,0,0,0,11,0,2,0,10,0,4,0,0,0,0,0,4,2,35.69902805555555,139.82560277777776,3,3,9999,0,5,0
1,30,772,52,2,0,1,30000,0,108,2024,2,22,18,30,22,6,21,17,29,3,1,2,1,7,9,22,0,0,15,9,30,70,4,1,1,45,25,13,61,31,0,11,0,1,0,11,0,4,0,10,0,3,0,2,0,2,0,4,2,35.68493694444444,139.82456944444445,5,2,9999,0,5,0
1,30,772,55,2,0,1,20660,0,108,2024,2,26,7,15,11,6,16,17,33,1,1,1,14,7,0,0,0,0,2,9,1,70,4,2,1,65,55,3,61,31,0,1,0,1,0,11,0,3,0,30,0,3,0,2,0,2,0,4,2,35.67687083333333,139.84323361111112,2,3,9999,0,9,0
1,30,772,57,2,0,1,10090,0,108,2024,2,26,18,4,21,6,16,17,33,1,1,1,14,7,0,0,0,0,6,9,1,70,4,2,1,25,75,4,61,31,0,1,0,1,0,11,0,2,0,10,0,3,0,2,0,2,0,4,2,35.676339444444444,139.8270263888889,2,3,9999,0,1,0
1,30,773,27,2,0,1,20390,0,107,2024,2,5,21,45,22,6,38,17,12,5,1,4,1,1,9,22,0,0,18,9,30,70,1,1,1,25,35,3,61,31,0,1,0,1,0,11,0,4,0,10,0,4,0,2,0,1,0,4,2,35.701375000000006,139.81782333333334,2,3,9999,0,1,0
1,30,773,29,2,0,1,30000,0,107,2024,2,9,17,10,13,6,35,17,16,2,1,1,14,7,0,0,0,0,3,9,1,70,5,1,1,55,1,14,61,31,0,11,0,1,0,11,0,10,0,10,0,3,0,2,0,2,0,4,2,35.69369083333333,139.79116666666667,6,3,9999,0,9,0
1,30,773,31,2,0,2,20690,0,107,2024,2,10,17,30,21,6,34,17,17,1,1,1,14,7,0,0,0,0,4,8,1,70,4,2,1,65,1,51,61,41,0,0,0,0,0,0,0,0,0,40,0,3,0,0,0,0,0,2,2,35.70933361111111,139.81380416666667,7,2,0,0,0,0
1,30,773,46,2,0,1,20680,0,107,2024,1,27,12,27,12,6,45,17,2,1,1,1,1,1,9,22,0,0,17,9,30,70,1,1,1,55,25,1,61,1,0,1,0,1,0,11,0,1,0,40,0,3,0,2,0,2,0,4,2,35.69868222222222,139.79720388888887,7,3,9999,0,9,0
1,30,774,34,2,0,1,10090,0,107,2024,2,28,23,50,22,6,13,17,34,2,1,1,1,1,9,22,0,0,15,9,30,70,4,1,1,55,25,4,61,31,0,1,0,1,0,11,0,4,0,12,0,3,0,2,0,2,0,4,2,35.70776388888889,139.82714777777778,4,3,9999,0,1,0
1,30,775,31,1,1,0,60,129,122,2024,2,19,21,30,22,6,24,17,26,3,1,2,1,7,9,22,0,0,17,9,30,70,1,2,1,45,75,3,61,31,0,1,0,1,0,1,0,4,0,10,0,3,0,2,0,2,0,4,1,35.764315555555555,139.86646305555556,2,3,9999,0,9,0
1,30,775,34,2,0,1,30000,0,122,2024,2,9,17,40,21,6,35,17,16,1,1,1,1,1,9,22,0,0,18,9,30,70,5,2,1,25,65,51,61,41,0,0,0,0,0,0,0,0,0,10,0,3,0,0,0,0,0,4,2,35.76569361111111,139.847765,6,3,0,0,0,0
1,30,775,35,2,0,1,30000,0,122,2024,2,9,18,8,21,6,35,17,16,1,1,1,14,7,0,0,0,0,2,9,1,70,4,2,1,1,45,3,61,31,0,1,0,1,0,11,0,2,0,40,0,3,0,2,0,2,0,4,2,35.769929166666664,139.87008083333333,6,3,9999,0,1,0
1,30,775,36,2,0,1,30000,0,122,2024,1,27,14,49,12,6,45,17,2,1,1,1,14,7,0,0,0,0,3,9,1,70,5,2,1,45,75,3,61,1,0,1,0,1,0,11,0,10,0,40,0,3,0,2,0,2,0,4,2,35.76702111111111,139.848315,7,3,9999,0,1,0
1,30,775,39,2,0,1,30000,0,122,2024,1,22,17,24,21,6,48,16,57,3,1,2,1,1,9,22,0,0,14,9,30,70,4,2,1,65,75,51,61,41,0,0,0,0,0,0,0,0,0,40,0,3,0,0,0,0,0,4,2,35.76759305555556,139.8453375,2,3,0,0,0,0
1,30,775,42,2,0,1,30000,0,122,2024,2,28,14,32,12,6,13,17,34,1,1,1,1,7,9,22,0,0,15,9,30,70,5,2,1,45,1,17,61,1,0,11,0,1,0,11,0,2,0,80,0,3,0,2,0,2,0,4,2,35.777206666666665,139.8586713888889,4,3,9999,0,9,0
1,30,775,45,2,0,1,10130,0,122,2024,2,22,6,10,23,6,21,17,29,3,1,2,1,1,9,22,0,0,15,9,30,70,1,2,1,55,45,3,61,31,0,1,0,1,0,11,0,2,0,10,0,4,0,2,0,2,0,4,2,35.74865583333334,139.85761,5,2,9999,0,9,0
1,30,776,33,2,0,1,30000,0,122,2023,12,25,18,55,22,6,48,16,33,1,1,1,1,1,9,22,0,0,15,9,30,70,4,2,1,55,45,51,61,41,0,0,0,0,0,0,0,0,0,20,0,3,0,0,0,0,0,4,2,35.71805722222222,139.85815944444442,2,3,0,0,0,0
1,30,776,35,2,0,1,30000,0,122,2024,2,3,18,30,22,6,40,17,10,1,1,1,1,7,9,22,0,0,14,9,30,70,5,2,1,65,25,3,61,31,0,1,0,1,0,11,0,1,0,10,0,3,0,2,0,2,0,4,2,35.74278861111111,139.85296194444444,7,3,9999,0,9,0
1,30,776,53,2,0,1,30000,0,122,2024,2,11,22,47,22,6,33,17,18,2,1,1,1,7,1,21,0,0,11,9,30,70,5,3,1,55,45,51,61,41,0,0,0,0,0,0,0,0,0,10,0,3,0,0,0,0,0,4,2,35.737833055555555,139.8463377777778,1,1,0,0,0,0
1,30,777,60,2,0,1,30000,0,123,2024,2,7,8,35,12,6,37,17,14,1,1,1,14,7,0,0,0,0,2,9,1,70,4,2,1,1,1,36,61,31,0,0,0,0,0,11,0,2,0,0,0,3,0,0,0,0,0,4,2,35.705423333333336,139.83581138888889,4,3,0,0,0,0
1,30,777,63,2,0,1,140,94,123,2024,2,3,13,10,12,6,40,17,10,1,1,1,14,7,0,0,0,0,5,7,1,70,4,1,1,1,25,51,61,41,0,0,0,0,0,0,0,0,0,10,0,2,0,0,0,0,0,4,2,35.70290888888889,139.86688055555555,7,3,0,0,0,0
1,30,777,66,2,0,1,30000,0,123,2024,2,8,22,0,22,6,36,17,15,1,1,1,1,7,9,22,0,0,14,9,30,70,4,2,1,55,45,3,61,1,0,1,0,1,0,11,0,10,0,10,0,3,0,2,0,2,0,4,2,35.69138472222222,139.86177694444444,5,3,9999,0,9,0
1,30,777,73,2,0,1,20640,0,123,2024,2,6,4,50,22,6,38,17,13,2,1,2,14,7,0,0,0,0,3,9,1,70,5,4,1,65,75,3,61,31,0,1,0,1,0,11,0,2,0,20,0,3,0,2,0,2,0,4,2,35.70682555555556,139.85901972222223,3,3,9999,0,9,0
1,30,777,74,2,0,1,30000,0,123,2024,2,13,16,15,12,6,31,17,20,1,1,1,1,1,9,22,0,0,18,9,30,70,5,1,1,55,1,3,61,31,0,1,0,1,0,11,0,2,0,10,0,3,0,2,0,2,0,4,2,35.682069999999996,139.8892261111111,3,3,9999,0,9,0
1,30,777,75,2,0,1,30000,0,123,2024,2,14,7,32,12,6,30,17,21,1,1,1,14,7,0,0,0,0,3,9,1,70,5,2,1,25,75,14,61,31,0,11,0,1,0,11,0,2,0,40,0,3,0,2,0,2,0,4,2,35.69641,139.90487944444445,4,3,9999,0,1,0
1,30,777,106,2,0,1,30000,0,123,2024,2,21,17,30,21,6,22,17,28,3,1,1,7,7,0,0,0,0,3,9,1,70,5,3,1,25,55,3,61,31,0,1,0,1,0,11,0,2,0,40,0,3,0,2,0,2,0,4,2,35.69132277777778,139.89851694444442,4,3,9999,0,5,0
1,30,778,29,2,0,1,10290,0,123,2023,9,27,8,39,12,5,32,17,32,2,1,1,14,7,0,0,0,0,1,9,1,70,5,3,1,65,0,61,0,0,0,0,0,0,0,0,0,0,0,0,0,0,0,0,0,0,0,2,0,35.731927222222225,139.8750738888889,4,3,0,0,0,0
1,30,778,36,2,0,1,141,4224,123,2024,2,16,8,17,12,6,28,17,23,1,1,1,1,1,9,22,0,0,15,9,30,70,1,1,1,55,45,51,61,41,0,0,0,0,0,0,0,0,0,10,0,3,0,0,0,0,0,4,2,35.72394111111111,139.88254083333334,6,3,0,0,0,0
1,30,778,37,2,0,1,30000,0,123,2024,2,16,12,32,12,6,28,17,23,1,1,1,1,7,1,21,0,0,14,9,30,70,5,2,1,75,55,3,61,31,0,1,0,1,0,11,0,2,0,10,0,3,0,2,0,2,0,4,2,35.73423861111111,139.8829963888889,6,3,930,0,9,0
1,30,778,39,2,0,1,10380,0,123,2024,2,18,15,15,12,6,26,17,25,1,1,1,1,7,9,22,0,0,15,9,30,70,4,2,1,35,1,3,61,31,0,1,0,1,0,11,0,3,0,10,0,3,0,2,0,2,0,4,2,35.71458277777778,139.89283555555554,1,3,9999,0,1,0
1,30,778,46,2,0,1,20000,0,123,2024,1,16,16,7,13,6,50,16,51,1,1,1,14,1,0,0,0,0,3,9,1,70,4,2,1,35,75,51,61,41,0,0,0,0,0,0,0,0,0,10,0,4,0,0,0,0,0,4,2,35.73235416666667,139.8818188888889,3,3,0,0,0,0
1,30,779,29,2,0,1,30000,0,123,2024,2,7,13,5,12,6,37,17,14,1,1,1,1,7,1,21,0,0,14,9,30,1,4,2,1,65,75,3,61,31,0,1,0,1,0,11,0,2,0,80,0,3,0,2,0,2,0,4,2,35.68118444444444,139.8670513888889,4,3,9999,0,9,0
1,30,779,33,2,0,1,30000,0,123,2024,2,10,20,50,22,6,34,17,17,1,1,1,1,7,1,21,0,0,15,9,30,70,5,2,1,55,45,13,61,31,0,11,0,1,0,11,0,10,0,10,0,3,0,2,0,2,0,4,2,35.678194166666664,139.8719438888889,7,2,9999,0,9,0
1,30,779,35,2,0,1,30000,0,123,2024,2,15,18,16,21,6,29,17,22,1,1,1,7,7,0,0,0,0,2,9,1,70,4,2,1,65,75,3,61,31,0,1,0,1,0,11,0,2,0,10,0,2,0,2,0,2,0,4,2,35.680296388888884,139.86478833333334,5,3,9999,0,9,0
1,30,779,40,2,0,1,30000,0,123,2024,2,22,3,30,22,6,21,17,29,3,1,2,1,7,9,22,0,0,11,9,30,70,5,2,1,45,55,3,61,31,0,1,0,1,0,11,0,2,0,10,0,3,0,2,0,2,0,4,2,35.67277166666666,139.8822477777778,5,2,9999,0,1,0
1,30,779,41,2,0,1,30000,0,123,2024,2,23,22,23,22,6,20,17,30,2,1,2,14,7,0,0,0,0,3,9,1,70,4,1,1,45,25,35,61,31,0,0,0,0,0,11,0,3,0,10,0,3,0,0,0,0,0,4,2,35.66593833333333,139.85909694444445,6,1,9999,0,1,0