資料区分,都道府県コード,警察署等コード,本票番号,事故内容,死者数,負傷者数,路線コード,地点コード,市区町村コード,発生日時　　年,発生日時　　月,発生日時　　日,発生日時　　時,発生日時　　分,昼夜,日の出時刻　　時,日の出時刻　　分,日の入り時刻　　時,日の入り時刻　　分,天候,地形,路面状態,道路形状,信号機,一時停止規制　標識（当事者A）,一時停止規制　表示（当事者A）,一時停止規制　標識（当事者B）,一時停止規制　表示（当事者B）,車道幅員,道路線形,衝突地点,ゾーン規制,中央分離帯施設等,歩車道区分,事故類型,年齢（当事者A）,年齢（当事者B）,当事者種別（当事者A）,当事者種別（当事者B）,用途別（当事者A）,用途別（当事者B）,車両形状等（当事者A）,車両形状等（当事者B）,オートマチック車（当事者A）,オートマチック車（当事者B）,サポカー（当事者A）,サポカー（当事者B）,速度規制（指定のみ）（当事者A）,速度規制（指定のみ）（当事者B）,車両の衝突部位（当事者A）,車両の衝突部位（当事者B）,車両の損壊程度（当事者A）,車両の損壊程度（当事者B）,エアバッグの装備（当事者A）,エアバッグの装備（当事者B）,サイドエアバッグの装備（当事者A）,サイドエアバッグの装備（当事者B）,人身損傷程度（当事者A）,人身損傷程度（当事者B）,lat,lon,曜日(発生年月日),祝日(発生年月日),認知機能検査経過日数（当事者A）,認知機能検査経過日数（当事者B）,運転練習の方法（当事者A）,運転練習の方法（当事者B）
1,30,779,42,2,0,1,99000,0,123,2024,2,24,10,0,12,6,18,17,31,1,1,1,0,7,0,0,0,0,0,0,20,70,0,4,1,45,35,51,61,41,0,0,0,0,0,0,0,0,0,10,0,3,0,0,0,0,0,4,2,35.68604944444444,139.85604944444444,7,3,0,0,0,0
1,30,779,47,2,0,1,30000,0,123,2024,1,23,21,10,22,6,47,16,58,1,1,2,14,7,0,0,0,0,3,9,1,1,5,2,1,25,25,51,61,41,0,0,0,0,0,0,0,0,0,20,0,4,0,0,0,0,0,4,2,35.66398722222222,139.86043777777778,3,3,0,0,0,0
1,30,876,38,2,0,2,10490,0,209,2023,11,13,14,0,12,6,14,16,36,1,1,1,14,7,0,0,0,0,2,9,1,70,4,2,1,1,25,52,61,41,0,0,0,0,0,0,0,0,0,10,0,3,0,0,0,0,0,4,2,35.589981944444446,139.38607416666665,2,3,0,0,0,0
1,30,876,57,2,0,1,10490,0,209,2024,2,19,20,5,22,6,24,17,26,3,1,2,1,1,9,22,0,0,17,9,30,70,5,2,1,55,45,3,61,31,0,1,0,1,0,11,0,3,0,80,0,3,0,2,0,2,0,4,2,35.589154722222226,139.38776055555556,2,3,9999,0,9,0
1,30,876,58,2,0,1,21110,0,201,2024,2,19,20,52,22,6,24,17,26,3,1,2,1,1,9,22,0,0,19,9,30,70,1,1,1,1,65,34,61,31,0,0,0,0,0,11,0,4,0,12,0,3,0,0,0,0,0,4,2,35.61367083333334,139.37720000000002,2,3,9999,0,1,0
1,30,876,59,2,0,1,160,0,209,2024,2,5,12,30,12,6,38,17,12,5,1,4,1,1,9,22,0,0,18,9,30,70,5,2,1,55,25,3,61,31,0,1,0,1,0,11,0,4,0,10,0,3,0,2,0,2,0,4,2,35.610078055555554,139.34475583333335,2,3,9999,0,9,0
1,30,876,71,2,0,1,20770,0,201,2024,2,29,20,20,22,6,12,17,35,3,1,2,1,1,9,22,0,0,15,9,30,70,5,2,1,55,35,4,61,31,0,1,0,1,0,11,0,3,0,10,0,3,0,2,0,2,0,4,2,35.64282444444444,139.3412761111111,5,3,9999,0,9,0
1,30,876,72,2,0,1,99000,0,201,2024,2,26,16,15,12,6,16,17,33,1,2,1,0,7,0,0,0,0,0,0,20,70,0,4,1,75,35,4,61,31,0,1,0,1,0,11,0,10,0,30,0,4,0,2,0,2,0,4,2,35.625413333333334,139.39759694444444,2,3,370,0,9,0
1,30,877,43,2,0,1,20730,0,201,2024,1,4,18,45,22,6,51,16,40,1,2,1,1,1,9,22,0,0,15,9,30,70,4,2,1,35,45,14,61,1,0,11,0,1,0,11,0,3,0,50,0,3,0,2,0,2,0,4,2,35.680207777777774,139.27294527777778,5,3,9999,0,5,0
1,30,877,50,2,0,1,99000,0,201,2024,2,8,17,48,21,6,36,17,15,1,2,1,0,7,0,0,0,0,0,0,20,70,0,4,1,75,35,3,61,1,0,1,0,1,0,11,0,10,0,60,0,3,0,2,0,2,0,4,2,35.679758888888884,139.29667138888888,5,3,1094,0,9,0
1,30,877,53,2,0,1,30000,0,201,2024,2,12,13,35,12,6,32,17,19,1,2,1,14,7,0,0,0,0,5,9,1,70,5,1,1,75,65,3,61,31,0,1,0,1,0,11,0,10,0,80,0,4,0,2,0,2,0,4,2,35.63849444444445,139.29240472222222,2,1,670,0,9,0
1,30,877,65,2,0,1,10490,0,201,2024,2,27,19,0,22,6,15,17,34,1,2,1,14,7,0,0,0,0,3,9,1,70,5,2,1,35,35,3,61,31,0,1,0,1,0,11,0,3,0,80,0,3,0,2,0,2,0,4,2,35.64468083333333,139.28526944444445,3,3,9999,0,5,0
1,30,877,68,2,0,1,30000,0,201,2024,2,21,14,30,12,6,22,17,28,2,1,2,7,7,0,0,0,0,3,9,1,70,5,4,1,1,1,3,61,31,0,1,0,1,0,11,0,1,0,30,0,3,0,2,0,2,0,4,2,35.646031944444445,139.31850916666667,4,3,9999,0,1,0
1,30,877,69,2,0,1,30000,0,201,2024,2,29,18,30,21,6,12,17,35,3,1,2,1,1,1,21,0,0,14,9,30,70,4,2,1,35,55,3,61,31,0,1,0,1,0,11,0,3,0,10,0,3,0,2,0,2,0,4,2,35.65697472222222,139.28036916666667,5,3,9999,0,5,0
1,30,877,71,2,0,1,30000,0,201,2024,2,22,19,50,22,6,21,17,29,3,1,2,7,1,0,0,0,0,3,9,1,70,4,2,1,35,1,3,61,31,0,1,0,1,0,11,0,3,0,10,0,3,0,2,0,2,0,4,2,35.646166666666666,139.29727722222222,5,2,9999,0,1,0
1,30,878,41,2,0,1,21110,0,224,2024,2,2,1,40,22,6,41,17,9,1,2,1,1,1,9,22,0,0,18,9,30,70,1,2,1,45,1,4,61,31,0,1,0,1,0,11,0,4,0,10,0,3,0,2,0,2,0,4,2,35.628081111111115,139.42886,6,3,9999,0,1,0
1,30,878,43,2,0,1,30000,0,224,2024,2,2,11,15,12,6,41,17,9,2,2,1,1,1,9,22,0,0,18,9,30,70,1,1,1,55,75,3,61,31,0,1,0,1,0,11,0,3,0,40,0,3,0,2,0,2,0,4,2,35.63366361111111,139.45158333333333,6,3,9999,0,9,0
1,30,878,60,2,0,1,30000,0,225,2024,2,19,19,15,22,6,24,17,26,2,2,1,1,7,1,21,0,0,14,9,30,70,5,2,1,45,55,3,61,31,0,1,0,1,0,11,0,5,0,10,0,3,0,2,0,2,0,4,2,35.636853055555555,139.51071777777778,2,3,9999,0,1,0
1,30,878,68,2,0,1,30000,0,224,2024,2,26,8,50,12,6,16,17,33,1,2,1,1,7,9,22,0,0,11,9,30,70,5,1,1,75,25,3,61,31,0,1,0,1,0,11,0,2,0,10,0,3,0,2,0,2,0,4,2,35.62562444444445,139.42476416666665,2,3,4,0,9,0
1,30,879,53,2,0,1,30000,0,220,2024,2,7,18,55,22,6,37,17,14,1,1,1,14,7,0,0,0,0,2,9,1,70,5,2,1,45,1,7,61,31,0,1,0,1,0,11,0,2,0,20,0,3,0,2,0,2,0,4,2,35.74576805555556,139.4262025,4,3,9999,0,9,0
1,30,879,60,2,0,1,30000,0,220,2024,2,1,5,10,22,6,42,17,8,1,2,1,1,1,9,22,0,0,15,9,30,70,4,2,1,65,65,13,61,31,0,11,0,1,0,11,0,3,0,10,0,3,0,2,0,2,0,4,2,35.751933888888885,139.44431305555557,5,3,9999,0,9,0
1,30,879,65,2,0,1,30000,0,220,2024,2,17,18,7,21,6,27,17,24,1,1,1,1,1,9,22,0,0,15,9,30,70,4,2,1,65,75,4,61,31,0,1,0,1,0,11,0,3,0,10,0,3,0,2,0,2,0,4,2,35.74254194444445,139.42420694444442,7,3,9999,0,9,0
1,30,879,84,2,0,1,10250,0,220,2024,2,29,21,0,22,6,12,17,35,3,1,2,1,7,1,22,0,0,14,9,30,70,5,2,1,55,35,3,61,31,0,1,0,2,0,11,0,10,0,41,0,3,0,2,0,2,0,4,2,35.74731444444445,139.41502722222222,5,3,9999,0,9,0
1,30,880,27,2,0,1,30000,0,205,2024,2,12,15,45,12,6,32,17,19,1,1,1,1,7,9,22,0,0,14,9,30,70,5,3,1,55,1,4,61,31,0,1,0,1,0,11,0,2,0,10,0,2,0,2,0,2,0,4,2,35.79586611111111,139.2926561111111,2,1,9999,0,9,0
1,30,880,36,2,0,1,99000,0,205,2024,2,25,18,0,21,6,17,17,32,3,2,2,0,7,0,0,0,0,0,0,20,1,0,4,1,75,25,3,61,31,0,1,0,1,0,11,0,10,0,80,0,4,0,2,0,2,0,4,2,35.785941944444446,139.27021444444446,1,3,493,0,9,0
1,30,880,37,2,0,1,30000,0,205,2024,2,26,5,35,23,6,16,17,33,1,2,2,7,7,0,0,0,0,1,9,1,70,5,3,1,25,45,51,61,41,0,0,0,0,0,0,0,0,0,10,0,4,0,0,0,0,0,4,2,35.78519194444444,139.29957944444445,2,3,0,0,0,0
1,30,880,41,2,0,1,99000,0,205,2024,2,28,19,15,22,6,13,17,34,1,1,1,0,7,0,0,0,0,0,0,20,70,0,4,1,45,75,3,61,31,0,1,0,1,0,11,0,1,0,50,0,3,0,2,0,2,0,4,2,35.785602777777775,139.28940833333334,4,3,9999,0,1,0
1,30,881,11,2,0,1,30000,0,305,2024,2,8,15,5,12,6,36,17,15,1,3,1,14,7,0,0,0,0,1,9,1,70,5,3,1,65,1,51,61,41,0,0,0,0,0,0,0,0,0,10,0,3,0,0,0,0,0,2,4,35.73670861111111,139.2567997222222,5,3,0,0,0,0
1,30,882,41,2,0,1,10550,0,227,2024,2,7,21,35,22,6,37,17,14,1,2,1,1,7,9,22,0,0,15,9,30,70,4,2,1,45,65,4,61,31,0,1,0,1,0,11,0,3,0,10,0,3,0,2,0,2,0,4,2,35.776695555555555,139.2971288888889,4,3,9999,0,1,0
1,30,882,52,2,0,1,30000,0,228,2024,2,13,22,25,22,6,31,17,20,1,1,1,14,7,0,0,0,0,2,9,1,70,5,3,1,35,25,3,61,31,0,1,0,1,0,11,0,2,0,10,0,3,0,2,0,2,0,4,2,35.718813611111116,139.32640833333332,3,3,9999,0,1,0
1,30,883,55,2,0,1,10460,0,201,2023,11,3,17,22,21,6,4,16,45,1,1,1,1,1,9,22,0,0,14,9,30,70,5,2,1,35,1,3,61,31,0,1,0,1,0,11,0,3,0,40,0,3,0,2,0,2,0,4,2,35.67121722222222,139.31731027777778,6,1,9999,0,5,0
1,30,883,59,2,0,1,30000,0,201,2024,1,24,5,53,23,6,47,16,59,1,2,1,7,7,0,0,0,0,3,9,1,70,5,1,1,45,75,14,61,31,0,11,0,1,0,11,0,3,0,10,0,3,0,1,0,2,0,4,2,35.65192555555556,139.3441725,4,3,9999,0,5,0
1,30,883,61,2,0,1,30540,0,201,2024,2,3,13,10,12,6,40,17,10,1,1,1,1,1,9,22,0,0,14,9,30,70,5,2,1,75,1,3,61,31,0,1,0,1,0,11,0,3,0,10,0,3,0,2,0,2,0,4,2,35.6634125,139.33691861111112,7,3,986,0,9,0
1,30,883,62,2,0,1,30000,0,201,2024,2,4,18,12,22,6,39,17,11,1,1,1,1,1,9,22,0,0,15,9,30,70,4,1,1,55,65,3,61,31,0,1,0,1,0,11,0,3,0,80,0,3,0,2,0,2,0,4,2,35.667782777777774,139.34123444444447,1,3,9999,0,9,0
1,30,883,70,2,0,1,30000,0,201,2024,2,5,12,54,12,6,38,17,12,5,1,2,14,7,0,0,0,0,2,9,1,70,5,3,1,25,25,3,61,31,0,1,0,1,0,11,0,10,0,10,0,3,0,2,0,2,0,4,2,35.65696444444444,139.3377952777778,2,3,9999,0,1,0
1,30,883,73,2,0,1,30000,0,201,2024,2,14,18,15,21,6,30,17,21,1,2,1,1,7,9,22,0,0,14,9,30,70,4,2,1,25,65,4,61,31,0,1,0,1,0,11,0,2,0,10,0,3,0,2,0,2,0,4,2,35.66363722222222,139.35247333333334,4,3,9999,0,5,0
1,30,883,83,2,0,1,160,0,201,2024,2,22,14,54,12,6,21,17,29,3,2,2,1,1,9,22,0,0,18,9,30,70,4,2,1,45,65,3,61,31,0,1,0,1,0,11,0,4,0,10,0,3,0,2,0,2,0,4,2,35.66213805555555,139.32922277777777,5,2,9999,0,1,0
1,30,883,84,2,0,1,30000,0,201,2024,2,24,4,20,22,6,18,17,31,1,1,2,14,7,0,0,0,0,2,9,1,70,5,3,1,35,35,3,61,31,0,1,0,1,0,11,0,5,0,50,0,3,0,2,0,2,0,4,2,35.65790888888889,139.34870333333333,7,3,9999,0,1,0
1,30,883,88,2,0,1,30000,0,201,2024,2,19,11,42,12,6,24,17,26,3,1,2,1,1,9,22,0,0,17,9,30,70,4,2,1,1,25,4,61,31,0,1,0,1,0,11,0,3,0,10,0,3,0,2,0,2,0,4,2,35.66155611111111,139.31404166666667,2,3,9999,0,1,0
1,30,883,91,2,0,1,30000,0,201,2024,2,26,23,44,22,6,16,17,33,1,1,1,1,7,1,21,0,0,11,9,30,70,4,2,1,1,1,3,61,31,0,1,0,1,0,1,0,1,0,55,0,3,0,2,0,2,0,4,2,35.6556575,139.33507805555556,2,3,9999,0,5,0
1,30,883,93,2,0,1,99000,0,201,2024,2,16,18,54,22,6,28,17,23,1,1,1,0,7,0,0,0,0,0,0,20,70,0,4,1,65,55,35,61,31,0,0,0,0,0,11,0,10,0,10,0,3,0,0,0,0,0,4,2,35.661234444444446,139.32877277777777,6,3,9999,0,9,0
1,30,884,67,2,0,1,30560,0,209,2024,1,29,20,38,22,6,44,17,5,1,1,1,1,1,9,22,0,0,17,9,30,70,4,2,1,55,1,3,61,31,0,1,0,1,0,11,0,3,0,10,0,3,0,2,0,2,0,4,2,35.54818861111111,139.43729416666667,2,3,9999,0,9,0
1,30,884,68,2,0,1,20750,0,209,2024,2,1,5,56,23,6,42,17,8,1,1,1,1,1,9,22,0,0,15,9,30,70,4,1,1,1,55,3,61,31,0,1,0,1,0,11,0,1,0,10,0,3,0,2,0,2,0,4,2,35.583465000000004,139.42756527777777,5,3,9999,0,5,0
1,30,884,76,2,0,1,30000,0,209,2024,2,8,9,17,12,6,36,17,15,1,1,1,14,7,0,0,0,0,1,8,1,70,5,3,1,65,35,4,61,31,0,1,0,1,0,11,0,2,0,40,0,3,0,2,0,2,0,4,2,35.54507361111111,139.44474722222222,5,3,9999,0,9,0
1,30,884,86,2,0,1,30000,0,209,2024,2,13,17,56,21,6,31,17,20,1,1,1,1,1,9,22,0,0,15,9,30,70,4,2,1,35,55,3,61,31,0,1,0,1,0,11,0,3,0,10,0,4,0,2,0,2,0,4,2,35.56317388888888,139.41803166666665,3,3,9999,0,1,0
1,30,884,89,2,0,1,10610,0,209,2024,2,9,5,10,22,6,35,17,16,1,1,1,1,1,0,0,0,0,11,9,30,70,5,3,1,65,0,61,0,0,0,0,0,0,0,0,0,0,0,0,0,0,0,0,0,0,0,2,0,35.55540611111111,139.4487425,6,3,0,0,0,0
1,30,884,92,2,0,1,30000,0,209,2024,2,6,18,32,22,6,38,17,13,1,1,1,1,7,1,22,0,0,15,9,30,70,4,2,1,55,65,3,61,31,0,1,0,1,0,11,0,2,0,20,0,3,0,2,0,2,0,4,2,35.58787777777778,139.4813836111111,3,3,9999,0,9,0
1,30,884,97,2,0,1,30000,0,209,2024,2,17,14,40,12,6,27,17,24,1,1,1,14,7,0,0,0,0,1,8,1,70,5,2,1,35,1,51,61,41,0,0,0,0,0,0,0,0,0,40,0,3,0,0,0,0,0,4,2,35.57237138888889,139.44348916666667,7,3,0,0,0,0
1,30,884,104,2,0,1,30000,0,209,2024,2,9,22,15,22,6,35,17,16,1,1,1,1,7,9,22,0,0,15,9,30,70,4,2,1,45,1,3,61,31,0,1,0,1,0,11,0,3,0,10,0,4,0,2,0,2,0,4,2,35.59368666666667,139.4711477777778,6,3,9999,0,9,0
1,30,884,105,2,0,1,10610,0,209,2024,2,20,13,50,12,6,23,17,27,1,2,1,1,1,9,22,0,0,18,9,30,70,4,2,1,75,55,3,61,31,0,1,0,1,0,11,0,2,0,10,0,3,0,2,0,2,0,4,2,35.58519944444445,139.4903522222222,3,3,265,0,9,0
1,30,884,108,2,0,1,30000,0,209,2024,2,21,18,55,22,6,22,17,28,3,1,2,14,7,0,0,0,0,4,8,1,70,4,2,1,1,1,52,61,41,0,0,0,0,0,0,0,0,0,10,0,3,0,0,0,0,0,4,2,35.58273416666667,139.4563086111111,4,3,0,0,0,0
1,30,884,109,2,0,1,30000,0,209,2024,2,21,11,55,12,6,22,17,28,3,1,2,1,1,9,22,0,0,15,9,30,70,4,2,1,1,45,4,61,31,0,1,0,2,0,11,0,3,0,10,0,2,0,2,0,2,0,4,2,35.54810305555555,139.44354583333333,4,3,9999,0,1,0
1,30,884,110,2,0,1,10490,0,209,2024,2,22,0,36,22,6,21,17,29,3,1,2,1,1,9,22,0,0,15,9,30,70,4,2,1,35,45,3,61,1,0,1,0,1,0,11,0,3,0,10,0,3,0,2,0,2,0,4,2,35.538400277777775,139.45387694444443,5,2,9999,0,1,0
1,30,884,111,2,0,1,30000,0,209,2024,2,22,18,15,21,6,21,17,29,3,1,2,1,1,9,22,0,0,15,9,30,70,4,2,1,65,55,3,61,31,0,1,0,1,0,11,0,3,0,10,0,3,0,2,0,2,0,4,2,35.54089694444444,139.45134666666667,5,2,9999,0,9,0
1,30,884,113,2,0,1,30000,0,209,2024,2,22,22,10,22,6,21,17,29,3,1,2,1,1,9,22,0,0,11,9,30,70,5,4,1,25,35,3,61,31,0,1,0,1,0,11,0,3,0,10,0,3,0,2,0,1,0,4,2,35.5366425,139.45931194444444,5,2,9999,0,5,0
1,30,884,121,2,0,1,30000,0,209,2024,2,27,19,0,22,6,15,17,34,1,2,1,1,7,1,21,0,0,15,9,30,70,5,4,1,65,35,3,61,1,0,1,0,1,0,11,0,3,0,10,0,3,0,2,0,2,0,4,2,35.56182472222222,139.45143027777777,3,3,9999,0,9,0
1,30,884,124,2,0,1,30000,0,209,2024,2,29,11,38,12,6,12,17,35,2,1,1,13,7,0,0,0,0,2,3,1,70,5,4,1,45,75,3,61,31,0,1,0,1,0,11,0,2,0,20,0,3,0,2,0,2,0,4,2,35.55745777777778,139.44892361111113,5,3,9999,0,9,0
1,30,885,26,2,0,1,95000,0,212,2023,11,29,19,10,22,6,30,16,28,1,2,1,0,7,0,0,0,0,0,0,20,70,0,1,1,65,55,51,61,41,0,0,0,0,0,0,0,0,0,10,0,3,0,0,0,0,0,4,2,35.664521388888886,139.403615,4,3,0,0,0,0
1,30,885,29,2,0,1,30000,0,212,2024,1,27,10,45,12,6,45,17,2,1,1,1,14,7,0,0,0,0,2,9,1,70,5,3,1,55,55,36,61,31,0,0,0,0,0,11,0,2,0,10,0,3,0,0,0,0,0,4,2,35.65941333333333,139.42977444444443,7,3,9999,0,9,0
1,30,885,30,2,0,1,30000,0,212,2024,2,1,12,40,12,6,42,17,8,1,1,1,14,7,0,0,0,0,3,9,1,70,4,2,1,45,65,36,61,31,0,0,0,0,0,11,0,10,0,10,0,3,0,0,0,0,0,4,2,35.66789055555555,139.37687722222222,5,3,9999,0,5,0
1,30,885,32,2,0,1,30000,0,212,2024,2,3,18,5,21,6,40,17,10,1,1,1,1,7,9,22,0,0,14,9,30,70,4,3,1,65,45,3,61,31,0,1,0,1,0,11,0,3,0,80,0,3,0,2,0,2,0,4,2,35.65203944444444,139.3771727777778,7,3,9999,0,9,0
1,30,885,45,2,0,1,30000,0,212,2024,2,26,8,55,12,6,16,17,33,1,1,1,14,7,0,0,0,0,2,9,1,1,5,3,1,55,25,3,61,31,0,1,0,1,0,11,0,2,0,50,0,3,0,2,0,2,0,4,2,35.6623825,139.41410972222224,2,3,9999,0,9,0
1,30,885,50,2,0,1,30000,0,212,2024,2,29,18,0,21,6,12,17,35,3,1,2,1,7,9,22,0,0,11,9,30,70,5,2,1,55,75,36,61,31,0,0,0,0,0,11,0,2,0,10,0,3,0,0,0,0,0,4,2,35.65200083333333,139.3771436111111,5,3,9999,0,5,0
1,30,887,59,2,0,1,30000,0,215,2023,8,24,13,5,12,5,6,18,20,1,2,1,7,7,0,0,0,0,3,9,1,70,4,2,1,75,75,51,61,41,0,0,0,0,0,0,0,0,0,10,0,3,0,0,0,0,0,4,2,35.68217083333333,139.43174583333334,5,3,0,0,0,0
1,30,887,62,2,0,1,30000,0,202,2024,2,2,10,10,12,6,41,17,9,1,1,1,1,1,9,22,0,0,18,9,30,70,5,2,1,25,65,51,61,41,0,0,0,0,0,0,0,0,0,10,0,3,0,0,0,0,0,4,2,35.69148777777777,139.4255572222222,6,3,0,0,0,0
1,30,887,68,2,0,1,30000,0,202,2024,2,9,5,50,23,6,35,17,16,1,1,1,1,1,9,22,0,0,15,9,30,70,4,2,1,55,55,3,61,31,0,1,0,1,0,11,0,3,0,80,0,3,0,2,0,2,0,4,2,35.69065111111111,139.42358027777777,6,3,9999,0,9,0
1,30,887,81,2,0,1,10520,0,202,2024,2,16,11,30,12,6,28,17,23,1,1,1,1,1,9,22,0,0,15,9,30,70,4,2,1,65,75,3,61,31,0,1,0,1,0,11,0,3,0,10,0,3,0,2,0,2,0,4,2,35.70797833333334,139.42305444444443,6,3,9999,0,9,0
1,30,887,82,2,0,1,30000,0,202,2024,2,16,19,5,22,6,28,17,23,1,1,1,14,7,0,0,0,0,3,9,1,70,4,2,1,1,35,51,61,41,0,0,0,0,0,0,0,0,0,10,0,3,0,0,0,0,0,4,2,35.698456388888886,139.41647,6,3,0,0,0,0
1,30,887,87,2,0,1,30000,0,215,2024,1,20,14,40,12,6,49,16,55,3,1,2,14,7,0,0,0,0,1,9,1,70,5,4,1,35,25,3,61,31,0,1,0,1,0,11,0,10,0,40,0,4,0,2,0,2,0,4,2,35.68342111111111,139.43974277777778,7,3,9999,0,1,0
1,30,887,95,2,0,1,30000,0,215,2024,2,21,18,35,22,6,22,17,28,3,1,2,1,7,9,22,0,0,18,9,30,70,4,2,1,65,65,3,61,31,0,1,0,1,0,11,0,4,0,10,0,3,0,2,0,2,0,4,2,35.69821194444444,139.44671888888888,4,3,9999,0,9,0
1,30,887,96,2,0,1,30000,0,202,2024,2,22,7,20,11,6,21,17,29,3,1,2,1,1,9,22,0,0,15,9,30,70,4,2,1,75,45,3,61,31,0,1,0,1,0,11,0,3,0,10,0,3,0,2,0,2,0,4,2,35.719297222222224,139.4172338888889,5,2,360,0,9,0
1,30,887,97,2,0,1,30000,0,202,2024,2,22,7,48,12,6,21,17,29,3,1,2,1,1,9,22,0,0,15,9,30,70,5,2,1,45,55,13,61,31,0,11,0,1,0,11,0,3,0,10,0,3,0,2,0,2,0,4,2,35.70176305555556,139.39460499999998,5,2,9999,0,9,0
1,30,887,101,2,0,2,30000,0,215,2024,2,23,17,55,21,6,20,17,30,2,1,2,1,1,9,22,0,0,15,9,30,70,4,1,1,55,35,5,61,31,0,1,0,1,0,11,0,3,0,10,0,3,0,2,0,2,0,4,2,35.69957083333333,139.42943916666667,6,1,9999,0,1,0
1,30,887,102,2,0,1,30000,0,215,2024,2,23,18,15,21,6,20,17,30,2,1,2,1,7,1,21,0,0,11,9,30,70,5,2,1,45,35,3,61,31,0,1,0,1,0,11,0,2,0,10,0,3,0,2,0,2,0,4,2,35.68243388888889,139.44767333333334,6,1,9999,0,1,0
1,30,887,106,2,0,1,10520,0,202,2024,2,9,7,40,12,6,35,17,16,1,1,1,14,7,0,0,0,0,1,9,1,70,4,2,1,45,25,51,61,41,0,0,0,0,0,0,0,0,0,20,0,4,0,0,0,0,0,4,2,35.723525555555554,139.43270194444443,6,3,0,0,0,0
1,30,887,114,2,0,1,30000,0,202,2024,2,27,7,47,12,6,15,17,34,1,2,1,14,7,0,0,0,0,2,9,1,70,5,2,1,1,1,51,61,41,0,0,0,0,0,0,0,0,0,10,0,3,0,0,0,0,0,4,2,35.721140000000005,139.41023333333334,3,3,0,0,0,0
1,30,887,119,2,0,1,30000,0,202,2024,2,27,19,45,22,6,15,17,34,1,1,1,14,7,0,0,0,0,1,9,1,70,5,4,1,25,25,51,61,41,0,0,0,0,0,0,0,0,0,10,0,3,0,0,0,0,0,2,4,35.704731388888895,139.4230883333333,3,3,0,0,0,0
1,30,887,126,2,0,1,30000,0,202,2024,2,29,20,30,22,6,12,17,35,3,1,2,1,1,9,22,0,0,17,9,30,70,4,2,1,1,25,3,61,31,0,1,0,1,0,11,0,3,0,10,0,4,0,2,0,2,0,4,2,35.721113888888894,139.42663888888887,5,3,9999,0,5,0
1,30,888,21,2,0,1,30000,0,206,2024,2,4,16,59,13,6,39,17,11,2,1,1,1,7,9,22,0,0,14,9,30,70,5,2,1,35,45,35,61,31,0,0,0,0,0,11,0,10,0,20,0,3,0,0,0,0,0,4,2,35.68794916666666,139.4638336111111,1,3,9999,0,5,0
1,30,889,41,2,0,1,30000,0,210,2024,2,18,13,15,12,6,26,17,25,1,1,1,1,7,1,21,0,0,14,9,30,70,5,4,1,35,65,3,61,31,0,1,0,1,0,11,0,1,0,80,0,4,0,2,0,2,0,4,2,35.69547444444444,139.52221888888891,1,3,9999,0,1,0
1,30,889,44,2,0,1,10260,0,214,2024,2,9,7,50,12,6,35,17,16,1,1,1,1,7,9,22,0,0,14,9,30,70,4,4,1,65,65,13,61,31,0,11,0,1,0,11,0,3,0,20,0,3,0,2,0,2,0,4,2,35.71694472222222,139.45082944444442,6,3,9999,0,9,0
1,30,889,45,2,0,1,30000,0,210,2024,2,21,10,13,12,6,22,17,28,3,1,2,1,1,9,22,0,0,11,9,30,70,5,3,1,55,25,12,61,1,0,11,0,1,0,11,0,2,0,40,0,3,0,2,0,2,0,4,2,35.697533888888884,139.52422805555557,4,3,9999,0,1,0
1,30,889,55,2,0,1,30000,0,210,2024,2,29,22,25,22,6,12,17,35,3,1,2,1,1,9,22,0,0,18,9,30,70,4,2,1,55,55,4,61,31,0,1,0,1,0,11,0,4,0,10,0,3,0,2,0,2,0,4,2,35.70778722222222,139.49577416666665,5,3,9999,0,9,0
1,30,890,52,2,0,1,30000,0,229,2024,1,14,15,45,12,6,50,16,49,1,1,1,14,7,0,0,0,0,2,9,1,70,4,2,1,1,65,34,61,31,0,0,0,0,0,11,0,2,0,10,0,3,0,0,0,0,0,4,2,35.72618333333334,139.53752527777777,1,3,9999,0,1,0
1,30,890,62,2,0,1,30000,0,222,2024,2,5,17,20,21,6,38,17,12,5,1,4,1,7,8,21,0,0,14,9,30,70,5,3,1,45,35,4,61,31,0,1,0,1,0,11,0,2,0,40,0,4,0,2,0,2,0,4,2,35.76236361111111,139.52670194444445,2,3,9999,0,1,0
1,30,890,67,2,0,1,30000,0,229,2024,2,15,14,30,12,6,29,17,22,1,1,1,1,7,8,21,0,0,11,9,30,70,5,3,1,25,1,36,61,31,0,0,0,0,0,11,0,1,0,10,0,3,0,0,0,0,0,4,2,35.72199444444445,139.54411694444445,5,3,9999,0,1,0
1,30,890,70,2,0,1,30000,0,222,2024,2,18,16,35,13,6,26,17,25,1,1,1,14,7,0,0,0,0,3,9,1,70,4,1,1,75,55,13,61,31,0,11,0,1,0,11,0,3,0,10,0,3,0,2,0,2,0,4,2,35.75911611111111,139.50782972222223,1,3,1042,0,9,0
1,30,890,79,2,0,1,30000,0,222,2024,2,22,19,30,22,6,21,17,29,3,1,2,13,7,0,0,0,0,2,6,1,70,5,4,1,65,1,3,61,31,0,1,0,1,0,11,0,2,0,20,0,4,0,2,0,2,0,4,2,35.75763444444444,139.49696027777776,5,2,9999,0,1,0