資料区分,都道府県コード,警察署等コード,本票番号,事故内容,死者数,負傷者数,路線コード,地点コード,市区町村コード,発生日時　　年,発生日時　　月,発生日時　　日,発生日時　　時,発生日時　　分,昼夜,日の出時刻　　時,日の出時刻　　分,日の入り時刻　　時,日の入り時刻　　分,天候,地形,路面状態,道路形状,信号機,一時停止規制　標識（当事者A）,一時停止規制　表示（当事者A）,一時停止規制　標識（当事者B）,一時停止規制　表示（当事者B）,車道幅員,道路線形,衝突地点,ゾーン規制,中央分離帯施設等,歩車道区分,事故類型,年齢（当事者A）,年齢（当事者B）,当事者種別（当事者A）,当事者種別（当事者B）,用途別（当事者A）,用途別（当事者B）,車両形状等（当事者A）,車両形状等（当事者B）,オートマチック車（当事者A）,オートマチック車（当事者B）,サポカー（当事者A）,サポカー（当事者B）,速度規制（指定のみ）（当事者A）,速度規制（指定のみ）（当事者B）,車両の衝突部位（当事者A）,車両の衝突部位（当事者B）,車両の損壊程度（当事者A）,車両の損壊程度（当事者B）,エアバッグの装備（当事者A）,エアバッグの装備（当事者B）,サイドエアバッグの装備（当事者A）,サイドエアバッグの装備（当事者B）,人身損傷程度（当事者A）,人身損傷程度（当事者B）,lat,lon,曜日(発生年月日),祝日(発生年月日),認知機能検査経過日数（当事者A）,認知機能検査経過日数（当事者B）,運転練習の方法（当事者A）,運転練習の方法（当事者B）
1,30,891,40,2,0,1,30000,0,221,2024,2,5,11,25,12,6,38,17,12,3,1,2,1,7,9,22,0,0,11,9,30,70,5,2,1,75,75,4,61,31,0,1,0,1,0,1,0,2,0,50,0,4,0,2,0,2,0,4,2,35.77350638888889,139.52361555555558,2,3,564,0,9,0
1,30,891,42,2,0,1,30000,0,213,2024,2,6,5,35,22,6,38,17,13,5,1,4,1,1,9,22,0,0,11,9,30,70,5,2,1,55,55,4,61,31,0,1,0,1,0,1,0,3,0,50,0,3,0,2,0,2,0,4,2,35.76098611111111,139.50351055555555,3,3,9999,0,9,0
1,30,891,50,2,0,1,30000,0,213,2024,2,5,13,14,12,6,38,17,12,5,2,2,1,7,9,22,0,0,14,9,30,70,5,3,1,45,25,3,61,1,0,1,0,1,0,11,0,10,0,20,0,3,0,2,0,2,0,4,2,35.777791944444445,139.49313333333333,2,3,9999,0,9,0
1,30,891,61,2,0,1,30000,0,213,2024,2,20,15,13,12,6,23,17,27,1,1,1,14,7,0,0,0,0,3,9,1,70,4,4,1,1,0,61,0,0,0,0,0,0,0,0,0,0,0,0,0,0,0,0,0,0,0,2,0,35.759790277777775,139.45399277777776,3,3,0,0,0,0
1,30,891,65,2,0,1,30000,0,213,2024,2,26,9,18,12,6,16,17,33,1,1,1,1,1,9,22,0,0,11,9,30,70,5,2,1,35,55,13,61,31,0,11,0,1,0,11,0,3,0,50,0,3,0,2,0,2,0,4,2,35.77167222222222,139.4886372222222,2,3,9999,0,1,0
1,30,891,69,2,0,1,30000,0,213,2024,2,28,8,25,12,6,13,17,34,1,1,1,14,7,0,0,0,0,3,9,1,70,4,2,1,65,1,3,61,31,0,1,0,1,0,11,0,3,0,10,0,3,0,2,0,2,0,4,2,35.742288611111114,139.46155694444442,4,3,9999,0,1,0
1,30,892,35,1,1,0,10260,0,203,2024,2,9,4,23,22,6,35,17,16,1,1,1,1,7,9,22,0,0,14,9,30,70,4,2,1,55,65,17,61,1,0,11,0,1,0,11,0,3,0,10,0,2,0,2,0,2,0,4,1,35.706274444444446,139.58146055555557,6,3,9999,0,9,0
1,30,892,50,2,0,1,30000,0,203,2024,2,16,20,48,22,6,28,17,23,1,1,1,1,1,9,22,0,0,14,9,30,70,4,2,1,45,55,3,61,31,0,1,0,1,0,11,0,3,0,10,0,3,0,2,0,2,0,4,2,35.70684472222222,139.56865861111112,6,3,9999,0,1,0
1,30,892,59,2,0,1,21220,0,203,2024,2,27,6,30,11,6,15,17,34,1,1,1,1,3,9,22,0,0,19,9,30,70,4,1,1,35,45,13,61,31,0,11,0,1,0,11,0,5,0,20,0,3,0,2,0,2,0,4,2,35.72134444444445,139.55726111111113,3,3,9999,0,1,0
1,30,892,60,2,0,1,20270,0,203,2024,2,27,20,40,22,6,15,17,34,1,1,1,7,1,0,0,0,0,3,9,1,70,4,2,1,45,55,36,61,31,0,0,0,0,0,11,0,2,0,10,0,3,0,0,0,0,0,4,2,35.703605833333334,139.57487805555556,3,3,9999,0,9,0
1,30,892,61,2,0,1,20340,0,203,2024,2,28,15,0,12,6,13,17,34,1,1,1,1,1,9,22,0,0,14,9,30,70,4,2,1,35,75,3,61,31,0,1,0,1,0,11,0,2,0,10,0,3,0,2,0,2,0,4,2,35.70892944444445,139.5886438888889,4,3,9999,0,1,0
1,30,893,20,2,0,1,30000,0,204,2024,2,1,7,30,11,6,42,17,8,1,1,1,1,1,9,22,0,0,11,9,30,70,4,2,1,35,1,35,61,31,0,0,0,0,0,11,0,3,0,10,0,3,0,0,0,0,0,4,2,35.66857972222222,139.57419472222222,5,3,9999,0,5,0
1,30,893,21,2,0,2,30000,0,204,2024,2,1,11,48,12,6,42,17,8,1,1,1,1,7,9,22,0,0,11,9,30,70,5,4,1,45,75,3,61,31,0,1,0,1,0,11,0,1,0,30,0,4,0,2,0,2,0,4,2,35.68039916666667,139.54225222222223,5,3,9999,0,9,0
1,30,893,26,2,0,1,30000,0,204,2024,2,12,12,50,12,6,32,17,19,1,1,1,14,7,0,0,0,0,1,9,1,70,5,2,1,55,65,3,61,31,0,1,0,1,0,11,0,10,0,10,0,4,0,2,0,2,0,4,2,35.674168888888886,139.57188055555554,2,1,9999,0,9,0
1,30,893,29,2,0,1,30000,0,204,2024,2,9,8,55,12,6,35,17,16,1,1,1,1,7,9,22,0,0,14,9,30,70,5,2,1,55,75,3,61,31,0,1,0,1,0,11,0,3,0,10,0,3,0,2,0,2,0,4,2,35.68969055555555,139.5470122222222,6,3,9999,0,9,0
1,30,893,31,2,0,1,10600,0,208,2024,2,19,7,30,12,6,24,17,26,3,1,2,14,7,0,0,0,0,3,8,1,70,1,2,1,1,65,51,61,41,0,0,0,0,0,0,0,0,0,10,0,3,0,0,0,0,0,4,2,35.66580861111111,139.54360027777778,2,3,0,0,0,0
1,30,893,33,2,0,1,10600,0,203,2024,2,20,21,40,22,6,23,17,27,2,1,1,1,1,9,22,0,0,15,9,30,70,5,2,1,75,65,3,61,1,0,1,0,1,0,11,0,4,0,10,0,3,0,2,0,2,0,4,2,35.697981666666664,139.55032277777778,3,3,461,0,9,0
1,30,893,34,2,0,1,20880,0,204,2024,2,21,5,30,23,6,22,17,28,2,1,2,1,1,9,22,0,0,15,9,30,70,4,2,1,35,1,13,61,31,0,11,0,1,0,11,0,3,0,10,0,3,0,2,0,2,0,4,2,35.69123222222222,139.56944333333334,4,3,9999,0,4,0
1,30,894,62,2,0,1,30000,0,208,2024,1,29,7,35,11,6,44,17,5,1,1,1,1,7,9,22,0,0,11,9,30,70,5,4,1,45,65,51,61,41,0,0,0,0,0,0,0,0,0,10,0,3,0,0,0,0,0,4,2,35.68124833333333,139.5477647222222,2,3,0,0,0,0
1,30,894,67,2,0,1,99000,0,208,2024,2,8,8,0,12,6,36,17,15,1,1,1,0,7,0,0,0,0,0,0,20,70,0,4,1,55,55,3,61,31,0,1,0,1,0,1,0,10,0,80,0,3,0,2,0,2,0,4,2,35.65222361111111,139.55972722222222,5,3,9999,0,9,0
1,30,894,70,2,0,1,20890,0,208,2024,2,7,17,35,21,6,37,17,14,1,1,1,1,1,9,22,0,0,15,9,30,70,4,2,1,55,35,3,61,31,0,1,0,1,0,11,0,2,0,10,0,4,0,2,0,2,0,4,2,35.651270277777776,139.55111250000002,4,3,9999,0,1,0
1,30,894,77,2,0,1,30000,0,219,2024,2,19,18,0,21,6,24,17,26,2,1,1,1,1,9,22,0,0,11,9,30,70,4,2,1,65,65,36,61,31,0,0,0,0,0,11,0,2,0,10,0,3,0,0,0,0,0,4,2,35.64044666666667,139.5705586111111,2,3,9999,0,9,0
1,30,894,89,2,0,1,200,0,208,2024,2,18,10,30,12,6,26,17,25,1,1,1,14,7,0,0,0,0,6,9,1,70,4,2,1,55,45,3,61,31,0,1,0,1,0,11,0,4,0,10,0,3,0,2,0,2,0,4,2,35.65341055555555,139.55118611111112,1,3,9999,0,9,0
1,30,895,19,2,0,1,10000,0,211,2024,1,20,17,40,21,6,49,16,55,3,1,1,1,1,9,22,0,0,11,9,30,70,5,2,1,45,65,4,61,31,0,1,0,1,0,11,0,2,0,10,0,3,0,2,0,2,0,4,2,35.73855277777778,139.45510249999998,7,3,9999,0,5,0
1,30,895,25,2,0,1,10250,0,211,2024,2,24,9,52,12,6,18,17,31,1,1,1,1,1,9,22,0,0,17,9,30,70,4,2,1,25,75,13,61,31,0,11,0,1,0,11,0,4,0,10,0,3,0,2,0,2,0,4,2,35.74278972222222,139.4967061111111,7,3,9999,0,1,0
1,30,100,34,2,0,1,30000,0,101,2024,3,2,3,54,22,6,10,17,37,1,1,1,7,7,0,0,0,0,5,8,1,70,4,1,1,55,45,3,61,1,0,1,0,1,0,11,0,10,0,40,0,4,0,2,0,2,0,4,2,35.67357083333333,139.74434166666666,7,3,9999,0,9,0
1,30,101,23,1,1,0,20020,0,101,2024,3,26,0,20,22,5,36,17,58,2,1,1,1,1,9,22,0,0,14,9,30,70,5,2,1,65,35,17,61,1,0,11,0,1,0,11,0,10,0,10,0,3,0,2,0,2,0,4,1,35.67762305555555,139.76520222222223,3,3,9999,0,1,0
1,30,101,30,2,0,1,30000,0,101,2024,3,20,18,55,22,5,45,17,53,1,1,1,1,1,9,22,0,0,18,9,30,70,4,2,1,45,25,3,61,1,0,1,0,1,0,11,0,3,0,50,0,3,0,2,0,2,0,4,2,35.686231944444444,139.7683338888889,4,1,9999,0,9,0
1,30,102,26,2,0,1,10050,0,101,2024,3,5,19,14,22,6,6,17,40,3,1,2,1,1,9,22,0,0,19,9,30,70,1,1,1,55,25,13,61,31,0,11,0,1,0,11,0,5,0,10,0,3,0,2,0,2,0,4,2,35.69597694444444,139.7582825,3,3,9999,0,9,0
1,30,102,27,2,0,1,30000,0,101,2024,3,8,18,0,21,6,1,17,43,1,1,1,14,7,0,0,0,0,3,9,1,70,5,3,1,55,35,13,61,31,0,11,0,1,0,11,0,10,0,80,0,3,0,2,0,2,0,4,2,35.698301388888886,139.75793916666666,6,3,9999,0,9,0
1,30,102,28,2,0,1,30000,0,101,2024,3,14,22,15,22,5,53,17,48,1,1,1,1,1,9,22,0,0,15,6,30,70,5,1,1,45,35,3,61,1,0,1,0,1,0,11,0,4,0,10,0,3,0,2,0,2,0,4,2,35.690309166666665,139.77000111111113,5,3,9999,0,9,0
1,30,103,19,2,0,1,30000,0,101,2024,3,2,10,15,12,6,10,17,37,2,1,1,14,7,0,0,0,0,3,9,1,70,5,2,1,1,55,3,61,1,0,1,0,1,0,11,0,2,0,50,0,3,0,2,0,2,0,4,2,35.69604472222222,139.7688152777778,7,3,9999,0,1,0
1,30,103,23,2,0,1,30000,0,101,2024,3,16,19,45,22,5,50,17,49,1,1,1,1,7,1,21,0,0,19,9,30,70,1,2,1,45,45,3,61,31,0,1,0,1,0,11,0,2,0,10,0,4,0,2,0,2,0,4,2,35.696759166666666,139.77100194444446,7,3,9999,0,1,0
1,30,103,24,2,0,1,20070,0,101,2024,3,22,6,50,12,5,42,17,55,1,1,1,1,1,9,22,0,0,18,9,30,70,4,1,1,35,45,14,61,31,0,11,0,1,0,11,0,4,0,10,0,3,0,2,0,2,0,4,2,35.692355,139.77143833333335,6,3,9999,0,1,0
1,30,104,38,2,0,1,30000,0,102,2024,3,4,16,25,12,6,7,17,39,1,1,1,1,7,9,22,0,0,14,9,30,70,5,2,1,65,65,3,61,31,0,1,0,1,0,11,0,5,0,10,0,3,0,2,0,2,0,4,2,35.67549694444444,139.76749472222224,2,3,9999,0,1,0
1,30,104,39,2,0,1,20000,0,102,2024,3,8,21,23,22,6,1,17,43,1,1,1,14,7,0,0,0,0,4,9,1,70,5,2,1,1,55,52,61,41,0,0,0,0,0,0,0,0,0,10,0,4,0,0,0,0,0,4,2,35.68467472222222,139.7738202777778,6,3,0,0,0,0
1,30,104,53,2,0,1,10060,0,102,2024,3,25,14,44,12,5,37,17,57,3,1,2,1,7,1,22,0,0,18,9,30,70,1,2,1,35,45,3,61,31,0,1,0,1,0,11,0,5,0,10,0,3,0,2,0,2,0,4,2,35.67946805555555,139.78001666666668,2,3,9999,0,9,0
1,30,104,54,2,0,2,30000,0,102,2024,3,27,10,50,12,5,35,17,59,1,1,1,1,1,9,22,0,0,15,9,30,70,5,2,1,45,35,3,61,1,0,1,0,1,0,11,0,4,0,50,0,3,0,2,0,2,0,4,2,35.68492472222222,139.7731863888889,4,3,9999,0,9,0
1,30,105,22,2,0,3,30080,0,102,2024,3,16,22,20,22,5,50,17,49,1,1,1,14,7,0,0,0,0,6,9,1,70,4,2,1,65,65,35,61,31,0,0,0,0,0,11,0,3,0,10,0,3,0,0,0,0,0,2,2,35.68230916666666,139.78586805555554,7,3,9999,0,9,0
1,30,105,27,2,0,1,140,20,102,2024,3,22,9,30,12,5,42,17,55,1,1,1,1,1,9,22,0,0,18,9,30,70,1,2,1,45,25,17,61,31,0,11,0,2,0,11,0,5,0,70,0,3,0,2,0,2,0,4,2,35.69474777777778,139.78507055555556,6,3,9999,0,1,0
1,30,106,30,2,0,1,30000,0,102,2024,3,7,14,40,12,6,3,17,42,1,1,1,7,7,0,0,0,0,2,9,1,70,5,2,1,1,35,13,61,31,0,11,0,1,0,1,0,2,0,60,0,4,0,2,0,2,0,4,2,35.67053055555555,139.759805,5,3,9999,0,1,0
1,30,106,33,2,0,1,10030,0,102,2024,2,27,16,30,12,6,15,17,34,2,1,1,14,7,0,0,0,0,6,9,1,70,1,2,1,45,0,61,0,0,0,0,0,0,0,0,0,0,0,0,0,0,0,0,0,0,0,2,0,35.673161111111106,139.77009444444445,3,3,0,0,0,0
1,30,106,42,2,0,1,30000,0,102,2024,3,29,15,22,12,5,32,18,0,1,1,1,1,1,9,22,0,0,14,9,30,70,1,2,1,55,25,3,61,31,0,1,0,1,0,11,0,2,0,20,0,3,0,2,0,2,0,4,2,35.67216222222222,139.76405416666665,6,3,9999,0,9,0
1,30,107,25,2,0,1,10020,0,102,2024,2,17,17,41,21,6,27,17,24,1,1,1,14,7,0,0,0,0,2,8,1,70,1,1,1,45,0,61,0,0,0,0,0,0,0,0,0,0,0,0,0,0,0,0,0,0,0,2,0,35.658609166666665,139.78805722222222,7,3,0,0,0,0
1,30,107,28,2,0,1,20000,0,102,2024,3,4,19,20,22,6,7,17,39,1,1,1,1,7,9,22,0,0,15,9,30,70,4,2,1,45,35,35,61,31,0,0,0,0,0,11,0,3,0,12,0,3,0,0,0,0,0,4,2,35.656593888888885,139.7858513888889,2,3,9999,0,1,0
1,30,107,31,2,0,1,30000,0,102,2024,3,10,12,3,12,5,59,17,44,1,1,1,14,7,0,0,0,0,3,9,1,70,5,2,1,1,1,36,61,31,0,0,0,0,0,11,0,2,0,10,0,4,0,0,0,0,0,4,2,35.66413027777778,139.78323305555557,1,3,9999,0,5,0
1,30,107,35,2,0,1,20680,0,102,2024,3,17,16,35,12,5,49,17,50,1,1,1,12,7,0,0,0,0,3,7,1,70,1,1,1,45,65,51,61,41,0,0,0,0,0,0,0,0,0,10,0,4,0,0,0,0,0,4,2,35.66665138888889,139.78753388888887,1,3,0,0,0,0
1,30,107,36,2,0,1,30000,0,102,2024,3,23,18,18,21,5,40,17,55,1,1,1,14,7,0,0,0,0,2,9,1,70,4,1,1,35,45,3,61,31,0,1,0,1,0,11,0,10,0,40,0,3,0,2,0,2,0,4,2,35.65197916666666,139.77417000000003,7,3,9999,0,1,0
1,30,107,37,2,0,1,20000,0,102,2024,3,27,20,20,22,5,35,17,59,1,1,1,14,7,0,0,0,0,4,9,1,70,1,2,1,55,75,51,61,41,0,0,0,0,0,0,0,0,0,40,0,3,0,0,0,0,0,4,2,35.66887083333333,139.78503055555555,4,3,0,0,0,0
1,30,108,45,2,0,1,30000,0,103,2024,2,21,13,52,12,6,22,17,28,3,1,2,1,7,9,22,0,0,17,9,30,70,5,2,1,65,65,13,61,31,0,11,0,1,0,11,0,1,0,10,0,4,0,2,0,2,0,4,2,35.65904694444444,139.7509777777778,4,3,9999,0,9,0
1,30,108,50,2,0,1,150,25,103,2024,3,9,1,0,22,6,0,17,43,1,1,1,1,1,9,22,0,0,18,9,30,70,1,1,1,55,25,3,61,1,0,1,0,1,0,11,0,10,0,10,0,3,0,2,0,2,0,4,2,35.665365,139.7594363888889,7,3,9999,0,9,0
1,30,108,62,2,0,2,30000,0,103,2024,2,13,18,5,21,6,31,17,20,1,1,1,14,7,0,0,0,0,2,9,1,70,5,2,1,1,55,51,61,41,0,0,0,0,0,0,0,0,0,40,0,3,0,0,0,0,0,2,2,35.66587638888889,139.7565663888889,3,3,0,0,0,0
1,30,108,63,2,0,1,30000,0,103,2024,3,27,0,30,22,5,35,17,59,1,1,1,14,7,0,0,0,0,2,8,1,70,4,1,1,65,45,3,61,1,0,1,0,1,0,11,0,2,0,80,0,4,0,2,0,2,0,4,2,35.66502055555556,139.7436561111111,4,3,9999,0,9,0
1,30,109,40,2,0,1,150,45,103,2024,3,2,3,20,22,6,10,17,37,1,1,1,7,1,0,0,0,0,4,8,1,70,5,1,1,1,35,51,61,41,0,0,0,0,0,0,0,0,0,10,0,4,0,0,0,0,0,4,2,35.64906333333333,139.75271694444444,7,3,0,0,0,0
1,30,109,42,2,0,1,30000,0,103,2024,3,6,12,10,12,6,4,17,41,2,1,2,14,7,0,0,0,0,2,9,1,1,5,3,1,45,35,3,61,31,0,1,0,1,0,11,0,2,0,10,0,3,0,2,0,2,0,4,2,35.651737777777775,139.75130833333333,4,3,9999,0,1,0
1,30,109,43,2,0,1,10070,0,103,2024,3,7,11,19,12,6,3,17,42,2,1,1,1,1,9,22,0,0,19,9,30,70,1,1,1,65,65,12,61,1,0,11,0,2,0,11,0,10,0,10,0,3,0,2,0,2,0,4,2,35.64304805555555,139.75520444444444,5,3,9999,0,9,0
1,30,109,45,2,0,1,30000,0,103,2024,3,10,17,0,13,5,59,17,44,1,1,1,1,1,9,22,0,0,11,9,30,70,5,2,1,75,1,3,61,1,0,1,0,1,0,11,0,2,0,40,0,3,0,2,0,2,0,4,2,35.64074027777778,139.752145,1,3,100,0,9,0
1,30,109,53,2,0,1,21250,0,103,2024,3,25,18,56,21,5,37,17,57,2,1,1,1,7,1,21,0,0,14,9,30,70,4,1,1,55,75,3,61,1,0,1,0,1,0,11,0,3,0,10,0,3,0,2,0,2,0,4,2,35.641595277777775,139.73746666666665,2,3,9999,0,5,0
1,30,110,38,2,0,1,20140,0,103,2024,3,28,11,57,12,5,33,17,59,3,1,2,14,1,0,0,0,0,5,7,1,70,1,1,1,55,35,3,61,1,0,1,0,1,0,1,0,10,0,10,0,2,0,2,0,2,0,4,2,35.64427138888889,139.7348186111111,5,3,9999,0,9,0
1,30,111,49,2,0,1,10670,0,103,2024,3,2,2,55,22,6,10,17,37,1,1,1,14,7,0,0,0,0,4,9,1,70,1,1,1,25,35,3,61,1,0,1,0,1,0,11,0,4,0,40,0,4,0,2,0,2,0,4,2,35.65676916666666,139.73465944444442,7,3,9999,0,1,0
1,30,111,51,2,0,1,10090,0,103,2024,3,6,15,10,12,6,4,17,41,2,1,1,14,7,0,0,0,0,1,9,1,70,5,2,1,45,1,51,61,41,0,0,0,0,0,0,0,0,0,40,0,3,0,0,0,0,0,4,2,35.64716,139.72408444444446,4,3,0,0,0,0
1,30,111,53,2,0,1,10,58,103,2024,3,10,3,32,22,5,59,17,44,1,1,1,1,1,9,22,0,0,19,9,30,70,5,2,1,55,35,3,61,1,0,1,0,1,0,11,0,4,0,50,0,3,0,2,0,2,0,4,2,35.65474305555556,139.7452836111111,1,3,9999,0,9,0
1,30,111,56,2,0,1,20140,0,103,2024,3,15,12,15,12,5,52,17,49,1,1,1,14,7,0,0,0,0,4,9,1,70,1,1,1,25,75,59,61,0,0,0,0,0,0,0,0,0,0,10,0,4,0,0,0,0,0,4,2,35.65364888888889,139.73701499999999,6,3,0,0,0,0
1,30,111,59,2,0,1,30000,0,103,2024,3,1,9,14,12,6,11,17,36,1,1,1,1,7,1,21,0,0,14,9,30,70,5,2,1,75,1,3,61,1,0,1,0,1,0,11,0,10,0,10,0,4,0,2,0,2,0,4,2,35.655455833333335,139.72638694444444,6,3,360,0,9,0
1,30,111,62,2,0,1,30000,0,103,2024,3,13,10,25,12,5,55,17,47,1,1,1,7,7,0,0,0,0,3,9,1,1,5,2,1,45,55,51,61,41,0,0,0,0,0,0,0,0,0,10,0,4,0,0,0,0,0,4,2,35.65569444444444,139.7355297222222,4,3,0,0,0,0
1,30,111,72,2,0,1,10120,0,103,2024,3,31,1,15,22,5,29,18,2,1,1,1,14,7,0,0,0,0,3,9,1,70,1,1,1,25,0,61,0,0,0,0,0,0,0,0,0,0,0,0,0,0,0,0,0,0,0,2,0,35.662593888888885,139.73367055555553,1,3,0,0,0,0
1,30,112,48,2,0,1,30000,0,103,2024,3,1,10,37,12,6,11,17,36,1,1,1,14,7,0,0,0,0,2,9,1,70,5,3,1,55,0,61,0,0,0,0,0,0,0,0,0,0,0,0,0,0,0,0,0,0,0,2,0,35.66316472222222,139.71242055555555,6,3,0,0,0,0
1,30,112,50,2,0,1,2460,10,103,2024,3,5,20,35,22,6,6,17,40,3,1,2,1,7,9,22,0,0,14,7,30,70,1,1,1,55,35,3,61,31,0,1,0,1,0,11,0,5,0,10,0,4,0,2,0,2,0,4,2,35.67715111111111,139.7352672222222,3,3,9999,0,5,0
1,30,112,52,2,0,1,20150,0,103,2024,3,8,10,40,12,6,1,17,43,2,1,1,14,7,0,0,0,0,3,9,1,70,4,2,1,75,65,3,61,1,0,1,0,1,0,11,0,3,0,10,0,3,0,2,0,2,0,4,2,35.67163333333333,139.73569666666666,6,3,200,0,9,0
1,30,112,58,2,0,1,30000,0,113,2024,3,25,17,0,13,5,37,17,57,1,1,2,1,7,1,21,0,0,11,9,30,70,5,3,1,25,75,14,61,1,0,11,0,1,0,11,0,5,0,11,0,4,0,2,0,2,0,4,2,35.65976944444444,139.71390722222222,2,3,9999,0,5,0
1,30,112,60,2,0,1,30000,0,103,2024,3,29,16,1,12,5,32,18,0,1,1,1,1,7,9,22,0,0,14,9,30,70,5,2,1,55,1,13,61,31,0,11,0,1,0,11,0,2,0,20,0,4,0,2,0,2,0,4,2,35.66947611111111,139.7338311111111,6,3,9999,0,9,0
1,30,113,57,2,0,1,20000,0,108,2024,3,27,22,55,22,5,35,17,59,1,1,1,1,1,0,0,0,0,17,8,30,70,1,1,1,1,0,61,0,0,0,0,0,0,0,0,0,0,0,0,0,0,0,0,0,0,0,2,0,35.63520305555556,139.79251083333332,4,3,0,0,0,0
1,30,113,58,2,0,1,30000,0,108,2024,1,25,17,40,21,6,46,17,0,1,1,1,14,1,0,0,0,0,1,9,1,70,3,2,1,35,25,13,61,31,0,11,0,1,0,11,0,1,0,14,0,4,0,2,0,2,0,4,2,35.64456944444444,139.82469361111112,5,3,9999,0,5,0
1,30,113,62,2,0,1,30000,0,108,2024,3,30,17,50,13,5,30,18,1,1,1,1,7,1,0,0,0,0,2,9,1,70,4,2,1,65,65,51,61,41,0,0,0,0,0,0,0,0,0,10,0,3,0,0,0,0,0,4,2,35.64447472222222,139.79964944444444,7,3,0,0,0,0
1,30,215,26,2,0,1,30000,0,109,2024,3,3,16,0,12,6,8,17,38,1,1,1,14,7,0,0,0,0,1,9,1,70,5,3,1,45,45,51,61,41,0,0,0,0,0,0,0,0,0,40,0,3,0,0,0,0,0,4,2,35.60888638888889,139.74421194444443,1,3,0,0,0,0
1,30,215,28,2,0,1,30000,0,109,2024,3,12,2,30,22,5,56,17,46,1,1,1,1,1,9,22,0,0,15,9,30,70,4,1,1,65,45,14,61,1,0,11,0,1,0,11,0,3,0,40,0,3,0,2,0,2,0,4,2,35.610755555555556,139.7450022222222,3,3,9999,0,9,0
1,30,215,32,2,0,1,10160,0,109,2024,3,28,18,40,21,5,33,17,59,3,1,2,14,7,0,0,0,0,4,9,1,70,4,1,1,45,1,51,61,41,0,0,0,0,0,0,0,0,0,40,0,4,0,0,0,0,0,4,2,35.616819722222225,139.74002222222222,5,3,0,0,0,0
1,30,216,41,2,0,1,30000,0,109,2024,3,4,10,50,12,6,7,17,39,1,1,1,14,7,0,0,0,0,1,9,1,70,5,2,1,45,75,51,61,41,0,0,0,0,0,0,0,0,0,40,0,4,0,0,0,0,0,4,2,35.59028722222222,139.72959722222222,2,3,0,0,0,0
1,30,216,46,2,0,1,30000,0,109,2024,3,12,20,0,22,5,56,17,46,3,1,1,14,7,0,0,0,0,1,9,1,70,4,1,1,35,65,14,61,1,0,11,0,1,0,11,0,2,0,80,0,3,0,2,0,2,0,4,2,35.60167805555556,139.75174944444444,3,3,9999,0,4,0
1,30,216,48,2,0,1,30000,0,109,2024,3,17,21,47,22,5,49,17,50,1,1,1,1,7,1,21,0,0,14,9,30,70,5,3,1,25,55,3,61,31,0,1,0,1,0,11,0,10,0,40,0,4,0,2,0,2,0,4,2,35.589646388888895,139.7293075,1,3,9999,0,1,0
1,30,216,52,2,0,1,30000,0,109,2024,3,23,11,45,12,5,40,17,55,3,1,2,1,7,1,21,0,0,14,9,30,70,5,1,1,55,45,3,61,31,0,1,0,1,0,11,0,10,0,20,0,4,0,2,0,2,0,4,2,35.601886666666665,139.72210444444445,7,3,9999,0,9,0
1,30,216,55,2,0,1,30000,0,109,2024,3,28,18,35,21,5,33,17,59,3,1,2,7,7,0,0,0,0,3,9,1,70,4,1,1,65,65,3,61,31,0,1,0,1,0,11,0,3,0,40,0,3,0,2,0,2,0,4,2,35.60476555555556,139.7305825,5,3,9999,0,9,0
1,30,217,49,2,0,1,30000,0,109,2024,3,10,20,0,22,5,59,17,44,1,1,1,14,7,0,0,0,0,2,9,1,70,5,2,1,35,45,3,61,31,0,1,0,1,0,11,0,2,0,30,0,3,0,2,0,2,0,4,2,35.627138333333335,139.72509,1,3,9999,0,5,0
1,30,217,57,2,0,1,30000,0,109,2024,3,23,20,45,22,5,40,17,55,1,1,1,1,7,9,22,0,0,15,9,30,70,5,2,1,25,75,3,61,31,0,1,0,1,0,11,0,10,0,10,0,4,0,2,0,2,0,4,2,35.626379444444446,139.725625,7,3,9999,0,1,0
1,30,217,59,2,0,1,10000,0,109,2024,3,17,13,26,12,5,49,17,50,1,1,1,7,7,0,0,0,0,1,9,1,70,5,2,1,25,35,43,61,41,0,31,0,0,0,0,0,10,0,10,0,3,0,0,0,0,0,4,2,35.62748583333333,139.72199694444444,1,3,0,0,0,0
1,30,217,62,2,0,1,10160,0,109,2024,3,19,18,10,21,5,46,17,52,2,1,1,1,1,9,22,0,0,19,9,30,70,1,2,1,75,35,4,61,31,0,1,0,1,0,11,0,4,0,40,0,3,0,2,0,2,0,4,2,35.62513694444444,139.71802888888888,3,2,82,0,9,0
1,30,217,64,2,0,1,30000,0,109,2024,3,29,16,25,12,5,32,18,0,1,1,1,14,7,0,0,0,0,2,9,1,70,5,3,1,55,55,17,61,1,0,11,0,2,0,11,0,2,0,30,0,3,0,2,0,2,0,4,2,35.62870638888889,139.7253938888889,6,3,9999,0,9,0
1,30,218,39,2,0,2,30000,0,109,2024,3,20,18,55,22,5,45,17,53,1,1,1,1,1,9,22,0,0,15,9,30,70,5,2,1,35,25,34,61,31,0,0,0,0,0,11,0,10,0,10,0,3,0,0,0,0,0,2,2,35.6044025,139.72639805555556,4,1,9999,0,5,0
1,30,218,40,2,0,1,30000,0,109,2023,12,10,17,20,21,6,39,16,28,1,1,1,1,7,0,0,0,0,14,9,30,70,5,1,1,65,0,61,0,0,0,0,0,0,0,0,0,0,0,0,0,0,0,0,0,0,0,2,0,35.620775,139.7068675,1,3,0,0,0,0