資料区分,都道府県コード,警察署等コード,本票番号,事故内容,死者数,負傷者数,路線コード,地点コード,市区町村コード,発生日時　　年,発生日時　　月,発生日時　　日,発生日時　　時,発生日時　　分,昼夜,日の出時刻　　時,日の出時刻　　分,日の入り時刻　　時,日の入り時刻　　分,天候,地形,路面状態,道路形状,信号機,一時停止規制　標識（当事者A）,一時停止規制　表示（当事者A）,一時停止規制　標識（当事者B）,一時停止規制　表示（当事者B）,車道幅員,道路線形,衝突地点,ゾーン規制,中央分離帯施設等,歩車道区分,事故類型,年齢（当事者A）,年齢（当事者B）,当事者種別（当事者A）,当事者種別（当事者B）,用途別（当事者A）,用途別（当事者B）,車両形状等（当事者A）,車両形状等（当事者B）,オートマチック車（当事者A）,オートマチック車（当事者B）,サポカー（当事者A）,サポカー（当事者B）,速度規制（指定のみ）（当事者A）,速度規制（指定のみ）（当事者B）,車両の衝突部位（当事者A）,車両の衝突部位（当事者B）,車両の損壊程度（当事者A）,車両の損壊程度（当事者B）,エアバッグの装備（当事者A）,エアバッグの装備（当事者B）,サイドエアバッグの装備（当事者A）,サイドエアバッグの装備（当事者B）,人身損傷程度（当事者A）,人身損傷程度（当事者B）,lat,lon,曜日(発生年月日),祝日(発生年月日),認知機能検査経過日数（当事者A）,認知機能検査経過日数（当事者B）,運転練習の方法（当事者A）,運転練習の方法（当事者B）
1,30,218,43,2,0,1,30000,0,109,2024,3,3,17,37,13,6,8,17,38,1,1,1,14,7,0,0,0,0,2,9,1,70,5,3,1,45,35,3,61,31,0,1,0,1,0,11,0,2,0,10,0,4,0,2,0,2,0,4,2,35.62030333333333,139.70779138888886,1,3,9999,0,1,0
1,30,218,46,2,0,1,20190,0,109,2024,2,17,17,32,21,6,27,17,24,2,1,1,1,1,8,22,0,0,14,9,30,70,4,2,1,45,35,51,61,41,0,0,0,0,0,0,0,0,0,40,0,3,0,0,0,0,0,4,2,35.61781277777778,139.7054022222222,7,3,0,0,0,0
1,30,219,68,2,0,1,20180,0,111,2024,3,12,15,50,12,5,56,17,46,3,1,2,1,8,9,22,0,0,15,9,30,70,4,2,1,35,65,3,61,31,0,1,0,1,0,11,0,3,0,10,0,4,0,2,0,2,0,4,2,35.59070861111111,139.7283175,3,3,9999,0,1,0
1,30,219,87,2,0,1,30000,0,111,2024,3,26,15,15,12,5,36,17,58,3,1,2,14,7,0,0,0,0,1,9,1,70,5,3,1,25,45,14,61,1,0,11,0,1,0,11,0,10,0,40,0,3,0,2,0,2,0,4,2,35.57212944444445,139.7237702777778,3,3,9999,0,1,0
1,30,220,46,2,0,1,30000,0,111,2024,3,9,13,0,12,6,0,17,43,1,1,1,14,7,0,0,0,0,1,9,1,70,4,3,1,45,1,3,61,31,0,1,0,1,0,11,0,2,0,20,0,4,0,2,0,2,0,4,2,35.593759444444444,139.68170999999998,7,3,9999,0,1,0
1,30,220,54,2,0,1,10200,0,111,2024,2,9,17,0,13,6,35,17,16,1,1,1,14,7,0,0,0,0,4,9,1,70,1,2,1,45,35,3,61,31,0,1,0,1,0,11,0,4,0,10,0,4,0,2,0,2,0,4,2,35.58208166666667,139.68211277777777,6,3,0,0,0,0
1,30,220,57,2,0,1,30000,0,111,2024,3,26,21,15,22,5,36,17,58,3,1,2,14,7,0,0,0,0,2,9,1,1,5,3,1,75,25,3,61,31,0,1,0,1,0,11,0,2,0,40,0,3,0,2,0,2,0,4,2,35.593874444444445,139.66521555555556,3,3,155,0,9,0
1,30,221,51,2,0,1,30000,0,111,2024,2,20,6,50,11,6,23,17,27,1,1,1,7,7,0,0,0,0,1,9,1,70,5,3,1,45,75,14,61,31,0,11,0,1,0,11,0,2,0,50,0,3,0,2,0,2,0,4,2,35.55941,139.7067111111111,3,3,9999,0,9,0
1,30,221,58,2,0,1,30000,0,111,2024,1,30,5,49,23,6,43,17,6,1,1,1,1,7,1,21,0,0,15,9,30,70,1,2,1,75,45,3,61,31,0,1,0,1,0,11,0,1,0,10,0,3,0,2,0,2,0,4,2,35.54582944444444,139.74355,3,3,252,0,9,0
1,30,221,67,2,0,1,30000,0,111,2024,3,25,18,55,21,5,37,17,57,1,1,1,14,7,0,0,0,0,3,9,1,70,4,3,1,35,55,35,61,31,0,0,0,0,0,11,0,10,0,10,0,3,0,0,0,0,0,4,2,35.541217777777774,139.70767638888887,2,3,9999,0,9,0
1,30,221,70,2,0,1,30000,0,111,2024,3,27,23,17,22,5,35,17,59,1,1,1,1,1,9,22,0,0,15,9,30,70,5,2,1,55,25,3,61,1,0,1,0,1,0,11,0,2,0,80,0,3,0,2,0,2,0,4,2,35.562618055555554,139.7104388888889,4,3,9999,0,9,0
1,30,221,71,2,0,1,30000,0,111,2024,3,28,6,46,12,5,33,17,59,2,1,1,7,7,0,0,0,0,1,9,1,70,5,3,1,1,75,51,61,41,0,0,0,0,0,0,0,0,0,10,0,3,0,0,0,0,0,4,2,35.55376361111111,139.72119388888888,5,3,0,0,0,0
1,30,221,73,2,0,1,30000,0,111,2024,3,31,10,40,12,5,29,18,2,1,1,1,1,7,9,22,0,0,11,9,30,70,5,3,1,1,45,51,61,41,0,0,0,0,0,0,0,0,0,10,0,3,0,0,0,0,0,4,2,35.54875361111111,139.73031722222223,1,3,0,0,0,0
1,30,222,53,2,0,1,30000,0,111,2024,3,15,10,0,12,5,52,17,49,1,1,1,14,7,0,0,0,0,2,9,1,1,5,4,1,55,65,17,61,31,0,11,0,1,0,11,0,2,0,30,0,4,0,2,0,2,0,4,2,35.58311194444445,139.68981333333335,6,3,9999,0,9,0
1,30,222,70,2,0,1,30000,0,111,2024,3,28,8,30,12,5,33,17,59,1,1,1,14,7,0,0,0,0,2,9,1,70,5,3,1,45,25,13,61,31,0,11,0,1,0,11,0,10,0,10,0,3,0,2,0,2,0,4,2,35.56047777777778,139.6939377777778,5,3,9999,0,9,0
1,30,325,58,2,0,1,30000,0,112,2024,3,1,17,55,21,6,11,17,36,1,1,1,14,7,0,0,0,0,2,9,1,70,4,2,1,45,75,51,61,41,0,0,0,0,0,0,0,0,0,12,0,4,0,0,0,0,0,4,2,35.633435,139.66099472222223,6,3,0,0,0,0
1,30,325,60,2,0,1,10210,0,112,2024,3,9,3,10,22,6,0,17,43,1,1,1,14,7,0,0,0,0,5,9,1,70,4,1,1,25,35,3,61,31,0,1,0,2,0,11,0,3,0,10,0,3,0,2,0,2,0,4,2,35.64344333333333,139.66960638888887,7,3,9999,0,1,0
1,30,325,61,2,0,1,30000,0,112,2024,3,10,14,5,12,5,59,17,44,1,1,1,14,7,0,0,0,0,3,9,1,70,5,1,1,35,45,51,61,41,0,0,0,0,0,0,0,0,0,40,0,4,0,0,0,0,0,4,2,35.642807499999996,139.64670694444445,1,3,0,0,0,0
1,30,325,69,2,0,1,30000,0,112,2024,2,3,15,35,12,6,40,17,10,1,1,1,1,7,1,21,0,0,11,9,30,70,5,3,1,55,55,36,61,31,0,0,0,0,0,11,0,2,0,10,0,3,0,0,0,0,0,4,2,35.63912583333333,139.63901416666667,7,3,9999,0,9,0
1,30,325,77,2,0,1,30970,0,112,2024,3,3,21,25,22,6,8,17,38,1,1,1,1,1,9,22,0,0,15,9,30,70,4,2,1,55,35,3,61,31,0,1,0,1,0,11,0,3,0,10,0,3,0,2,0,2,0,4,2,35.636654444444446,139.6531586111111,1,3,9999,0,9,0
1,30,325,78,2,0,1,21020,0,112,2024,3,24,12,46,12,5,39,17,56,2,1,1,14,7,0,0,0,0,4,9,1,70,4,1,1,25,75,14,61,1,0,11,0,1,0,11,0,3,0,14,0,3,0,2,0,2,0,4,2,35.643,139.68021027777777,1,3,9999,0,1,0
1,30,325,81,2,0,1,20210,0,112,2024,1,17,18,35,22,6,50,16,52,1,1,1,7,1,0,0,0,0,3,8,1,70,4,3,1,55,1,4,61,31,0,1,0,1,0,11,0,2,0,40,0,4,0,2,0,2,0,4,2,35.635460555555554,139.65971805555557,4,3,9999,0,9,0
1,30,325,90,2,0,1,10130,0,112,2024,3,4,18,18,21,6,7,17,39,1,1,1,7,7,0,0,0,0,5,9,1,70,1,1,1,35,25,11,61,1,0,11,0,1,0,11,0,4,0,10,0,4,0,2,0,2,0,4,2,35.629133333333336,139.6735561111111,2,3,9999,0,1,0
1,30,326,49,2,0,1,30000,0,112,2024,2,21,2,37,22,6,22,17,28,3,1,2,1,7,1,21,0,0,15,9,30,70,5,2,1,65,65,3,61,31,0,1,0,1,0,11,0,3,0,10,0,3,0,2,0,2,0,4,2,35.64754305555555,139.63934055555555,4,3,9999,0,9,0
1,30,326,57,2,0,1,20260,0,112,2024,1,30,21,37,22,6,43,17,6,1,1,1,14,1,0,0,0,0,3,9,1,70,5,1,1,25,25,43,61,41,0,31,0,0,0,0,0,10,0,10,0,4,0,0,0,0,0,4,2,35.651489999999995,139.67045472222222,3,3,0,0,0,0
1,30,326,62,2,0,1,31010,0,112,2024,3,18,12,10,12,5,47,17,51,1,1,1,1,1,9,22,0,0,17,9,30,70,5,2,1,25,75,3,61,31,0,1,0,1,0,11,0,3,0,20,0,3,0,2,0,2,0,4,2,35.65687333333333,139.6484886111111,2,3,9999,0,1,0
1,30,326,69,2,0,1,30000,0,112,2024,3,28,16,55,12,5,33,17,59,2,1,1,14,7,0,0,0,0,2,9,1,70,5,4,1,65,65,3,61,31,0,1,0,1,0,1,0,10,0,30,0,4,0,2,0,2,0,4,2,35.66099027777778,139.6470422222222,5,3,50,0,9,0
1,30,326,75,2,0,1,30000,0,112,2024,3,30,18,0,13,5,30,18,1,1,1,1,14,7,0,0,0,0,1,9,1,70,5,4,1,1,55,3,61,31,0,1,0,1,0,11,0,10,0,40,0,3,0,2,0,2,0,4,2,35.658919166666664,139.66700416666666,7,3,9999,0,1,0
1,30,327,137,2,0,1,10190,0,112,2024,3,4,20,20,22,6,7,17,39,1,1,1,1,1,9,22,0,0,19,9,30,70,4,1,1,55,65,3,61,1,0,1,0,1,0,11,0,3,0,10,0,3,0,2,0,2,0,4,2,35.61096444444445,139.62886333333333,2,3,9999,0,1,0
1,30,327,139,2,0,1,30000,0,112,2024,3,5,20,12,22,6,6,17,40,3,1,2,1,7,9,22,0,0,11,9,30,70,5,3,1,1,35,3,61,31,0,1,0,1,0,11,0,10,0,10,0,4,0,2,0,2,0,4,2,35.62300888888889,139.63766833333332,3,3,9999,0,1,0
1,30,327,159,2,0,1,30000,0,112,2024,3,19,14,30,12,5,46,17,52,1,1,1,14,7,0,0,0,0,3,9,1,1,5,3,1,45,1,51,61,41,0,0,0,0,0,0,0,0,0,10,0,3,0,0,0,0,0,4,2,35.6247325,139.64219972222222,3,2,0,0,0,0
1,30,327,165,2,0,1,30000,0,112,2024,3,25,0,15,22,5,37,17,57,2,1,1,1,1,9,22,0,0,18,9,30,70,5,2,1,1,65,13,61,31,0,11,0,1,0,11,0,3,0,10,0,3,0,2,0,2,0,4,2,35.62551583333333,139.65563111111112,2,3,9999,0,5,0
1,30,327,168,2,0,1,30000,0,112,2024,3,26,19,13,22,5,36,17,58,3,1,2,1,1,9,22,0,0,15,9,30,70,5,2,1,55,45,3,61,31,0,1,0,1,0,11,0,3,0,10,0,4,0,2,0,2,0,4,2,35.61419277777778,139.64833861111111,3,3,9999,0,1,0
1,30,327,175,2,0,1,99000,0,112,2024,3,30,13,20,12,5,30,18,1,1,1,2,0,7,0,0,0,0,0,0,20,70,0,4,1,65,45,3,61,31,0,1,0,1,0,11,0,10,0,30,0,4,0,2,0,2,0,4,2,35.62607972222222,139.6272638888889,7,3,9999,0,9,0
1,30,328,126,2,0,1,30000,0,112,2024,3,18,17,25,13,5,47,17,51,1,1,1,1,1,9,22,0,0,18,9,30,70,4,2,1,25,55,14,61,31,0,11,0,1,0,11,0,4,0,10,0,3,0,2,0,2,0,4,2,35.658699166666665,139.60653861111112,2,3,9999,0,1,0
1,30,328,137,2,0,1,30000,0,112,2024,3,30,10,23,12,5,30,18,1,1,1,1,21,7,0,0,0,0,3,9,20,70,5,3,1,1,1,3,61,31,0,1,0,1,0,11,0,10,0,80,0,3,0,2,0,2,0,4,2,35.668190277777775,139.60144499999998,7,3,9999,0,1,0
1,30,328,138,2,0,1,99000,0,112,2024,3,30,11,55,12,5,30,18,1,1,1,1,0,7,0,0,0,0,0,0,20,70,0,4,1,75,45,3,61,31,0,1,0,1,0,11,0,10,0,40,0,3,0,2,0,2,0,4,2,35.63191805555556,139.6035997222222,7,3,11,0,9,0
1,30,328,140,2,0,1,30000,0,112,2024,3,25,16,55,12,5,37,17,57,2,1,1,7,7,0,0,0,0,2,9,1,70,5,4,1,25,45,4,61,31,0,1,0,1,0,11,0,10,0,20,0,4,0,2,0,2,0,4,2,35.66781472222222,139.59201944444445,2,3,9999,0,1,0
1,30,329,46,2,0,1,30000,0,110,2023,12,16,10,50,12,6,43,16,29,1,1,1,1,7,9,22,0,0,11,9,30,70,5,3,1,25,1,43,61,41,0,31,0,0,0,0,0,10,0,10,0,4,0,0,0,0,0,4,2,35.64946055555556,139.6928925,7,3,0,0,0,0
1,30,329,49,2,0,1,30000,0,110,2024,3,4,9,12,12,6,7,17,39,1,1,1,1,7,9,22,0,0,11,9,30,70,4,1,1,75,45,13,61,31,0,11,0,1,0,11,0,2,0,20,0,3,0,2,0,2,0,4,2,35.64837861111111,139.69433916666668,2,3,9999,0,9,0
1,30,329,52,2,0,1,20240,0,110,2024,3,5,19,40,22,6,6,17,40,3,1,2,1,1,9,22,0,0,19,9,30,70,1,1,1,35,25,3,61,31,0,1,0,1,0,11,0,4,0,12,0,3,0,2,0,2,0,4,2,35.64294777777778,139.700775,3,3,9999,0,5,0
1,30,329,68,2,0,1,10080,0,110,2024,3,14,7,30,12,5,53,17,48,1,1,1,14,7,0,0,0,0,3,9,1,70,2,2,1,45,35,3,61,31,0,1,0,1,0,11,0,4,0,20,0,4,0,2,0,2,0,4,2,35.63131583333333,139.70402222222222,5,3,9999,0,1,0
1,30,330,60,2,0,1,30000,0,110,2024,3,4,8,26,12,6,7,17,39,1,1,1,1,7,1,21,0,0,11,9,30,70,5,1,1,25,45,14,61,1,0,11,0,1,0,11,0,2,0,20,0,4,0,2,0,2,0,4,2,35.61302583333333,139.6789286111111,2,3,9999,0,9,0
1,30,330,64,2,0,1,30000,0,110,2024,2,28,8,50,12,6,13,17,34,2,1,1,14,7,0,0,0,0,3,9,1,70,5,3,1,75,55,3,61,31,0,1,0,1,0,11,0,2,0,40,0,3,0,2,0,2,0,4,2,35.620024722222226,139.6987427777778,4,3,504,0,9,0
1,30,330,73,2,0,1,30000,0,110,2024,3,27,8,15,12,5,35,17,59,1,1,1,14,7,0,0,0,0,2,9,1,1,5,3,1,25,1,51,61,41,0,0,0,0,0,0,0,0,0,10,0,4,0,0,0,0,0,4,2,35.625566944444444,139.6713125,4,3,0,0,0,0
1,30,330,79,2,0,1,30000,0,110,2024,3,31,5,5,23,5,29,18,2,3,1,2,14,7,0,0,0,0,2,9,1,1,5,2,1,25,0,61,0,0,0,0,0,0,0,0,0,0,0,0,0,0,0,0,0,0,0,2,0,35.61657777777778,139.6695036111111,1,3,0,0,0,0
1,30,331,50,2,0,1,30000,0,113,2024,3,3,7,39,12,6,8,17,38,1,1,1,7,7,0,0,0,0,3,9,1,70,5,3,1,45,25,13,61,31,0,11,0,1,0,11,0,5,0,0,0,4,0,2,0,2,0,4,2,35.655157777777774,139.70192972222222,1,3,9999,0,1,0
1,30,331,52,2,0,1,30000,0,113,2024,3,8,19,10,22,6,1,17,43,1,1,1,1,7,1,21,0,0,14,7,30,70,4,2,1,35,55,3,61,1,0,1,0,1,0,11,0,2,0,50,0,3,0,2,0,2,0,4,2,35.644773055555554,139.7117886111111,6,3,9999,0,5,0
1,30,331,56,2,0,1,20170,0,113,2024,3,15,14,25,12,5,52,17,49,1,1,1,14,7,0,0,0,0,5,9,1,70,1,2,1,65,35,3,61,1,0,1,0,1,0,11,0,5,0,10,0,4,0,2,0,2,0,4,2,35.662664444444445,139.70977166666665,6,3,9999,0,1,0
1,30,331,61,2,0,1,20120,0,113,2024,3,1,7,55,12,6,11,17,36,2,1,1,1,1,9,22,0,0,19,9,30,70,4,1,1,45,35,3,61,1,0,1,0,1,0,11,0,4,0,30,0,3,0,2,0,2,0,4,2,35.65081444444444,139.72223194444445,6,3,9999,0,9,0
1,30,332,23,2,0,1,99000,0,113,2024,3,8,13,35,12,6,1,17,43,1,1,1,0,7,0,0,0,0,0,0,20,70,0,4,1,1,25,3,61,31,0,1,0,1,0,11,0,1,0,30,0,3,0,2,0,2,0,4,2,35.68544083333333,139.7004036111111,6,3,9999,0,1,0
1,30,332,24,2,0,1,20120,0,113,2024,3,8,16,31,12,6,1,17,43,2,1,1,14,7,0,0,0,0,4,9,1,70,1,2,1,55,55,3,61,1,0,1,0,1,0,11,0,4,0,20,0,3,0,2,0,2,0,4,2,35.67010083333333,139.71428916666665,6,3,9999,0,9,0
1,30,332,25,2,0,1,30000,0,113,2024,2,29,17,55,21,6,12,17,35,2,1,1,14,7,0,0,0,0,3,9,1,70,5,2,1,55,35,3,61,1,0,1,0,1,0,11,0,4,0,20,0,4,0,2,0,2,0,4,2,35.67310916666666,139.70470361111109,5,3,9999,0,9,0
1,30,333,43,2,0,1,30000,0,113,2024,3,10,16,20,12,5,59,17,44,1,1,1,14,7,0,0,0,0,1,9,1,70,5,2,1,25,55,43,61,41,0,31,0,0,0,0,0,10,0,10,0,3,0,0,0,0,0,4,2,35.674030277777774,139.66821055555553,1,3,0,0,0,0
1,30,333,50,2,0,1,30000,0,113,2024,3,22,16,5,12,5,42,17,55,1,1,1,14,7,0,0,0,0,3,9,1,70,5,3,1,1,1,3,61,31,0,1,0,1,0,11,0,10,0,20,0,3,0,2,0,2,0,4,2,35.66874361111111,139.68243916666665,6,3,9999,0,5,0
1,30,436,55,2,0,1,30000,0,104,2024,3,4,3,3,22,6,7,17,39,1,1,1,1,7,9,22,0,0,15,9,30,70,4,2,1,1,25,3,61,31,0,1,0,1,0,11,0,2,0,40,0,3,0,2,0,2,0,4,2,35.69483944444444,139.70201138888888,2,3,9999,0,1,0
1,30,436,57,2,0,1,20300,0,104,2024,3,6,3,51,22,6,4,17,41,3,1,2,1,1,9,22,0,0,19,9,30,70,5,2,1,65,25,3,61,1,0,1,0,1,0,11,0,4,0,50,0,3,0,2,0,2,0,4,2,35.697958611111105,139.70733833333333,4,3,9999,0,9,0
1,30,436,58,2,0,1,30290,0,104,2024,3,7,5,10,23,6,3,17,42,1,1,1,7,7,0,0,0,0,2,9,1,70,4,2,1,75,25,13,61,31,0,11,0,1,0,11,0,3,0,10,0,3,0,2,0,2,0,4,2,35.6976975,139.69758611111112,5,3,181,0,9,0
1,30,436,62,2,0,1,30000,0,104,2024,3,15,12,40,12,5,52,17,49,1,1,1,14,7,0,0,0,0,2,9,1,70,5,2,1,35,75,59,61,0,0,0,0,0,0,0,0,0,0,10,0,4,0,0,0,0,0,4,2,35.694293888888886,139.69424972222222,6,3,0,0,0,0
1,30,436,70,2,0,1,20000,0,104,2024,3,8,17,23,13,6,1,17,43,1,1,1,14,7,0,0,0,0,5,9,1,70,5,2,1,35,45,51,61,41,0,0,0,0,0,0,0,0,0,10,0,4,0,0,0,0,0,4,2,35.690617777777774,139.69081083333333,6,3,0,0,0,0
1,30,436,72,2,0,1,30000,0,104,2024,3,25,0,10,22,5,37,17,57,3,1,1,1,1,9,22,0,0,18,7,30,70,1,2,1,25,25,14,61,31,0,11,0,1,0,11,0,4,0,10,0,3,0,2,0,2,0,4,2,35.69822,139.70037694444443,2,3,9999,0,1,0
1,30,436,79,2,0,1,20000,0,104,2024,3,28,20,30,22,5,33,17,59,3,1,2,1,1,9,22,0,0,18,9,30,70,1,2,1,45,45,3,61,1,0,1,0,1,0,11,0,5,0,80,0,4,0,2,0,2,0,4,2,35.690302499999994,139.69091166666666,5,3,9999,0,1,0
1,30,436,82,2,0,1,20320,0,104,2024,3,29,23,50,22,5,32,18,0,1,1,1,7,7,0,0,0,0,5,9,1,70,5,2,1,25,45,35,61,31,0,0,0,0,0,11,0,4,0,10,0,2,0,0,0,0,0,4,2,35.68879777777777,139.6888236111111,6,3,9999,0,4,0
1,30,437,45,2,0,1,30000,0,104,2024,3,2,15,50,12,6,10,17,37,2,1,1,14,7,0,0,0,0,1,9,1,70,5,3,1,45,45,3,61,1,0,1,0,1,0,11,0,1,0,40,0,3,0,2,0,2,0,4,2,35.71085805555556,139.68163583333333,7,3,9999,0,9,0
1,30,437,49,2,0,1,10010,0,104,2024,3,14,17,7,13,5,53,17,48,1,1,1,14,7,0,0,0,0,5,9,1,70,4,1,1,65,1,3,61,1,0,1,0,1,0,11,0,4,0,10,0,3,0,2,0,2,0,4,2,35.72191361111111,139.69716861111112,5,3,9999,0,9,0
1,30,437,52,2,0,1,10220,0,104,2024,3,18,15,40,12,5,47,17,51,1,1,1,14,7,0,0,0,0,3,9,1,70,5,1,1,65,75,51,61,41,0,0,0,0,0,0,0,0,0,20,0,3,0,0,0,0,0,4,2,35.71384694444445,139.70414166666666,2,3,0,0,0,0
1,30,437,53,2,0,1,10280,0,104,2024,3,19,7,10,12,5,46,17,52,2,1,1,1,1,9,22,0,0,14,8,30,70,4,1,1,1,75,52,61,41,0,0,0,0,0,0,0,0,0,10,0,3,0,0,0,0,0,4,2,35.717436944444444,139.69187277777777,3,2,0,0,0,0
1,30,437,54,2,0,1,30000,0,104,2024,3,20,13,10,12,5,45,17,53,3,1,2,1,7,1,21,0,0,14,9,30,1,5,4,1,25,65,51,61,41,0,0,0,0,0,0,0,0,0,10,0,3,0,0,0,0,0,4,2,35.72893277777778,139.67766194444442,4,1,0,0,0,0
1,30,438,38,2,0,1,20120,0,104,2024,2,28,21,5,22,6,13,17,34,1,1,1,1,2,9,22,0,0,14,9,30,70,5,2,1,25,55,51,61,41,0,0,0,0,0,0,0,0,0,10,0,4,0,0,0,0,0,4,2,35.68592194444444,139.7159961111111,4,3,0,0,0,0
1,30,438,39,2,0,1,20090,0,104,2024,3,7,18,25,21,6,3,17,42,1,1,1,14,7,0,0,0,0,5,9,1,70,1,2,1,25,45,13,61,31,0,11,0,1,0,11,0,5,0,10,0,4,0,2,0,2,0,4,2,35.68557138888889,139.72934666666666,5,3,9999,0,1,0
1,30,438,43,2,0,1,30000,0,104,2024,3,14,15,50,12,5,53,17,48,1,1,1,14,7,0,0,0,0,1,9,1,70,5,3,1,75,45,3,61,31,0,1,0,1,0,11,0,10,0,20,0,3,0,2,0,2,0,4,2,35.687461388888885,139.72192222222222,5,3,319,0,9,0
1,30,438,46,2,0,1,90000,0,104,2024,3,7,8,50,12,6,3,17,42,1,1,1,14,7,0,0,0,0,1,9,20,70,5,4,1,25,1,36,61,31,0,0,0,0,0,11,0,10,0,20,0,4,0,0,0,0,0,4,2,35.68131444444444,139.7145122222222,5,3,9999,0,9,0
1,30,439,56,2,0,1,30000,0,114,2024,3,5,19,25,22,6,6,17,40,3,1,2,1,7,9,22,0,0,14,9,30,70,5,2,1,45,25,3,61,31,0,1,0,1,0,11,0,2,0,20,0,2,0,2,0,2,0,4,2,35.70543916666667,139.66733444444444,3,3,9999,0,1,0
1,30,439,58,2,0,1,30000,0,114,2024,1,5,10,9,12,6,51,16,41,1,1,1,14,7,0,0,0,0,2,9,1,70,5,3,1,45,55,14,61,1,0,11,0,1,0,11,0,2,0,50,0,4,0,2,0,2,0,4,2,35.69871444444444,139.66841472222222,6,3,9999,0,5,0
1,30,439,60,2,0,1,30000,0,114,2024,2,28,17,40,21,6,13,17,34,1,1,1,14,7,0,0,0,0,1,9,1,70,5,4,1,35,55,3,61,31,0,1,0,1,0,11,0,2,0,40,0,3,0,2,0,2,0,4,2,35.70760333333334,139.66658083333334,4,3,9999,0,1,0
1,30,439,62,2,0,1,30000,0,114,2024,3,12,4,50,22,5,56,17,46,1,1,1,1,7,1,21,0,0,14,9,30,70,4,2,1,45,35,3,61,1,0,1,0,1,0,11,0,3,0,20,0,3,0,2,0,2,0,4,2,35.697001944444445,139.68378416666667,3,3,9999,0,9,0
1,30,439,72,2,0,1,30000,0,114,2024,2,8,18,24,22,6,36,17,15,1,1,1,14,7,0,0,0,0,2,9,1,70,4,2,1,45,25,35,61,31,0,0,0,0,0,11,0,3,0,10,0,3,0,0,0,0,0,4,2,35.702869166666666,139.67184527777778,5,3,9999,0,9,0
1,30,439,73,2,0,1,30000,0,114,2024,1,31,14,55,12,6,42,17,7,1,1,1,14,7,0,0,0,0,2,9,1,70,5,4,1,45,65,14,61,1,0,11,0,1,0,11,0,1,0,10,0,3,0,2,0,2,0,4,2,35.70860805555556,139.6816761111111,4,3,9999,0,9,0
1,30,440,45,1,1,0,10130,0,114,2024,3,3,0,50,22,6,8,17,38,1,1,1,14,7,0,0,0,0,5,9,1,70,6,1,1,25,65,4,61,31,0,1,0,1,0,11,0,4,0,50,0,2,0,2,0,2,0,4,1,35.725876944444444,139.6539,1,3,9999,0,1,0
1,30,440,49,2,0,1,30000,0,114,2024,3,3,16,10,12,6,8,17,38,1,1,1,7,7,0,0,0,0,3,9,1,70,4,3,1,45,75,3,61,31,0,1,0,1,0,11,0,10,0,50,0,3,0,2,0,2,0,4,2,35.7258425,139.65098805555556,1,3,9999,0,9,0
1,30,440,50,2,0,1,30000,0,114,2024,3,5,15,10,12,6,6,17,40,3,1,2,14,7,0,0,0,0,2,9,1,70,5,4,1,25,65,51,61,41,0,0,0,0,0,0,0,0,0,10,0,4,0,0,0,0,0,4,2,35.71977944444445,139.65358527777778,3,3,0,0,0,0
1,30,440,54,2,0,1,20280,0,114,2024,3,16,21,12,22,5,50,17,49,1,1,1,14,7,0,0,0,0,4,9,1,70,4,2,1,25,25,51,61,41,0,0,0,0,0,0,0,0,0,10,0,3,0,0,0,0,0,4,2,35.71505777777778,139.66722055555556,7,3,0,0,0,0
1,30,440,55,2,0,1,20280,0,114,2024,3,17,13,20,12,5,49,17,50,1,1,1,1,1,0,0,0,0,11,9,30,70,5,2,1,25,0,61,0,0,0,0,0,0,0,0,0,0,0,0,0,0,0,0,0,0,0,2,0,35.71436666666667,139.66625833333333,1,3,0,0,0,0
1,30,441,51,2,0,1,30000,0,115,2024,3,2,11,25,12,6,10,17,37,2,1,1,7,7,0,0,0,0,3,9,1,70,5,2,1,45,75,59,61,0,0,0,0,0,0,0,0,0,0,10,0,3,0,0,0,0,0,4,2,35.70551555555556,139.64940805555554,7,3,0,0,0,0
1,30,441,52,2,0,1,30000,0,115,2024,3,3,13,20,12,6,8,17,38,1,1,1,14,7,0,0,0,0,2,8,1,70,5,3,1,1,65,51,61,41,0,0,0,0,0,0,0,0,0,10,0,3,0,0,0,0,0,4,2,35.702151944444445,139.64782777777776,1,3,0,0,0,0
1,30,441,56,2,0,1,30000,0,115,2024,3,9,15,50,12,6,0,17,43,1,1,1,14,7,0,0,0,0,2,9,1,70,5,4,1,25,75,17,61,31,0,11,0,1,0,11,0,1,0,30,0,3,0,2,0,2,0,4,2,35.70912277777778,139.65387972222223,7,3,9999,0,1,0
1,30,441,58,2,0,1,30000,0,115,2024,3,10,12,30,12,5,59,17,44,1,1,1,14,7,0,0,0,0,3,9,1,70,5,2,1,45,65,3,61,31,0,1,0,1,0,11,0,10,0,10,0,3,0,2,0,2,0,4,2,35.70513277777778,139.63628527777777,1,3,9999,0,1,0
1,30,441,60,2,0,1,30000,0,115,2024,3,11,21,15,22,5,57,17,45,1,1,1,1,7,9,22,0,0,11,9,30,70,5,2,1,75,65,3,61,31,0,1,0,1,0,11,0,2,0,10,0,3,0,2,0,2,0,4,2,35.69004638888889,139.64156749999998,2,3,168,0,9,0