資料区分,都道府県コード,警察署等コード,本票番号,事故内容,死者数,負傷者数,路線コード,地点コード,市区町村コード,発生日時　　年,発生日時　　月,発生日時　　日,発生日時　　時,発生日時　　分,昼夜,日の出時刻　　時,日の出時刻　　分,日の入り時刻　　時,日の入り時刻　　分,天候,地形,路面状態,道路形状,信号機,一時停止規制　標識（当事者A）,一時停止規制　表示（当事者A）,一時停止規制　標識（当事者B）,一時停止規制　表示（当事者B）,車道幅員,道路線形,衝突地点,ゾーン規制,中央分離帯施設等,歩車道区分,事故類型,年齢（当事者A）,年齢（当事者B）,当事者種別（当事者A）,当事者種別（当事者B）,用途別（当事者A）,用途別（当事者B）,車両形状等（当事者A）,車両形状等（当事者B）,オートマチック車（当事者A）,オートマチック車（当事者B）,サポカー（当事者A）,サポカー（当事者B）,速度規制（指定のみ）（当事者A）,速度規制（指定のみ）（当事者B）,車両の衝突部位（当事者A）,車両の衝突部位（当事者B）,車両の損壊程度（当事者A）,車両の損壊程度（当事者B）,エアバッグの装備（当事者A）,エアバッグの装備（当事者B）,サイドエアバッグの装備（当事者A）,サイドエアバッグの装備（当事者B）,人身損傷程度（当事者A）,人身損傷程度（当事者B）,lat,lon,曜日(発生年月日),祝日(発生年月日),認知機能検査経過日数（当事者A）,認知機能検査経過日数（当事者B）,運転練習の方法（当事者A）,運転練習の方法（当事者B）
1,30,442,47,2,0,1,30000,0,115,2024,3,1,18,20,21,6,11,17,36,1,1,1,1,7,5,21,0,0,14,9,30,70,5,3,1,35,35,3,61,31,0,1,0,1,0,11,0,1,0,10,0,4,0,2,0,2,0,4,2,35.68111666666666,139.60656666666665,6,3,9999,0,1,0
1,30,442,54,2,0,1,10270,0,115,2024,3,18,16,0,12,5,47,17,51,1,1,1,14,7,0,0,0,0,3,9,1,70,4,1,1,1,55,3,61,31,0,1,0,1,0,11,0,3,0,40,0,3,0,2,0,2,0,4,2,35.68696694444444,139.59585055555556,2,3,9999,0,1,0
1,30,442,56,2,0,1,20000,0,115,2024,2,20,11,48,12,6,23,17,27,1,1,1,21,7,0,0,0,0,2,9,20,70,5,3,1,45,25,3,61,31,0,1,0,1,0,11,0,10,0,40,0,3,0,2,0,2,0,4,2,35.6758125,139.6436861111111,3,3,9999,0,1,0
1,30,442,57,2,0,1,30000,0,115,2024,3,19,12,57,12,5,46,17,52,1,1,1,7,1,0,0,0,0,2,9,1,70,5,3,1,75,55,3,61,31,0,1,0,1,0,11,0,1,0,40,0,4,0,2,0,2,0,4,2,35.68900166666666,139.60862833333331,3,2,666,0,4,0
1,30,443,49,2,0,1,20350,0,115,2024,3,10,8,25,12,5,59,17,44,1,1,2,14,7,0,0,0,0,2,9,1,70,4,3,1,55,1,3,61,31,0,1,0,1,0,11,0,2,0,40,0,2,0,2,0,2,0,4,2,35.72607777777778,139.62129777777778,1,3,9999,0,9,0
1,30,443,53,2,0,1,30000,0,115,2024,3,7,12,9,12,6,3,17,42,1,1,1,1,7,9,22,0,0,11,9,30,70,5,3,1,35,45,14,61,1,0,11,0,1,0,11,0,10,0,60,0,4,0,2,0,2,0,4,2,35.71524638888889,139.62127,5,3,9999,0,5,0
1,30,443,54,2,0,1,20340,0,115,2024,3,15,13,53,12,5,52,17,49,1,1,1,7,7,0,0,0,0,3,9,1,70,4,3,1,35,1,17,61,31,0,11,0,2,0,11,0,2,0,10,0,3,0,2,0,2,0,4,2,35.709136111111114,139.5913213888889,6,3,9999,0,1,0
1,30,545,38,2,0,1,30000,0,105,2024,3,22,9,20,12,5,42,17,55,1,1,1,1,7,9,22,0,0,15,9,30,1,4,2,1,55,1,3,61,31,0,1,0,1,0,11,0,2,0,10,0,3,0,2,0,2,0,4,2,35.70373888888889,139.74747277777777,6,3,9999,0,1,0
1,30,545,39,2,0,1,10100,0,105,2024,3,26,19,10,22,5,36,17,58,3,1,2,1,1,9,22,0,0,19,9,30,70,1,1,1,65,45,13,61,31,0,11,0,1,0,11,0,3,0,10,0,3,0,2,0,2,0,4,2,35.72860916666667,139.74407416666665,3,3,9999,0,9,0
1,30,545,40,2,0,1,30000,0,105,2024,3,22,16,55,13,5,42,17,55,1,1,1,14,7,0,0,0,0,3,9,1,70,5,2,1,1,45,17,61,31,0,11,0,1,0,11,0,1,0,10,0,3,0,2,0,2,0,4,2,35.715109444444444,139.7486875,6,3,9999,0,1,0
1,30,546,13,2,0,1,30000,0,105,2024,3,2,11,0,12,6,10,17,37,2,1,1,14,7,0,0,0,0,2,9,1,70,5,3,1,35,45,3,61,31,0,1,0,1,0,11,0,1,0,40,0,3,0,2,0,2,0,4,2,35.71622416666667,139.73486388888887,7,3,9999,0,1,0
1,30,546,19,2,0,1,30330,0,105,2024,3,26,20,10,22,5,36,17,58,3,1,2,1,1,9,22,0,0,11,9,30,70,5,2,1,45,45,3,61,31,0,1,0,1,0,11,0,4,0,51,0,3,0,2,0,2,0,4,2,35.72595611111111,139.7300275,3,3,9999,0,9,0
1,30,547,34,2,0,1,30000,0,105,2024,3,21,16,31,12,5,43,17,54,1,1,1,14,7,0,0,0,0,3,9,1,70,5,3,1,45,75,3,61,31,0,1,0,1,0,11,0,10,0,84,0,4,0,2,0,2,0,4,2,35.70418472222222,139.7614047222222,5,3,9999,0,1,0
1,30,547,41,2,0,1,90000,0,105,2024,3,26,12,5,12,5,36,17,58,3,1,1,0,7,0,0,0,0,0,0,20,70,0,4,1,35,45,3,61,31,0,1,0,1,0,11,0,1,0,30,0,2,0,2,0,2,0,4,2,35.702845,139.762615,3,3,9999,0,1,0
1,30,549,14,2,0,1,30000,0,116,2024,2,27,11,45,12,6,15,17,34,1,1,1,14,7,0,0,0,0,3,9,1,70,5,2,1,1,75,13,61,31,0,11,0,1,0,11,0,5,0,10,0,3,0,2,0,2,0,4,2,35.73196611111111,139.7304161111111,3,3,9999,0,1,0
1,30,549,19,2,0,1,30000,0,116,2024,3,20,14,45,12,5,45,17,53,1,1,1,14,7,0,0,0,0,3,9,1,1,5,2,1,55,45,51,61,41,0,0,0,0,0,0,0,0,0,10,0,3,0,0,0,0,0,4,2,35.73223222222222,139.7284675,4,1,0,0,0,0
1,30,550,33,1,1,0,20000,0,116,2024,3,24,23,10,22,5,39,17,56,2,1,1,1,1,9,22,0,0,19,9,30,70,5,2,1,55,75,14,61,31,0,11,0,1,0,11,0,4,0,0,0,3,0,2,0,2,0,4,1,35.7301425,139.71673805555557,1,3,9999,0,9,0
1,30,550,34,2,0,1,30000,0,116,2024,2,16,19,0,22,6,28,17,23,1,1,1,14,7,0,0,0,0,1,9,1,70,5,3,1,25,45,3,61,31,0,1,0,1,0,11,0,10,0,50,0,4,0,2,0,2,0,4,2,35.73703416666667,139.71826472222222,6,3,9999,0,1,0
1,30,551,35,2,0,1,10160,0,116,2024,3,16,1,15,22,5,50,17,49,1,1,1,1,1,9,22,0,0,15,9,30,70,1,2,1,75,25,3,61,1,0,1,0,1,0,11,0,4,0,10,0,3,0,2,0,2,0,4,2,35.728070555555554,139.69701416666666,7,3,149,0,9,0
1,30,551,38,2,0,1,20420,0,116,2024,3,18,11,43,12,5,47,17,51,1,1,1,1,1,9,22,0,0,17,9,30,70,1,2,1,45,75,17,61,1,0,11,0,1,0,11,0,1,0,10,0,3,0,2,0,2,0,4,2,35.73785111111111,139.69001666666668,2,3,9999,0,1,0
1,30,551,40,2,0,1,30000,0,116,2024,3,23,14,45,12,5,40,17,55,1,1,1,14,7,0,0,0,0,2,9,1,70,5,3,1,55,75,51,61,41,0,0,0,0,0,0,0,0,0,10,0,3,0,0,0,0,0,4,2,35.74126527777778,139.6988452777778,7,3,0,0,0,0
1,30,553,48,2,0,1,30000,0,117,2024,3,12,8,20,12,5,56,17,46,3,1,2,14,7,0,0,0,0,2,9,1,70,5,3,1,65,25,51,61,41,0,0,0,0,0,0,0,0,0,10,0,4,0,0,0,0,0,2,4,35.76441138888889,139.72133222222223,3,3,0,0,0,0
1,30,553,53,2,0,1,30000,0,117,2024,3,28,21,50,22,5,33,17,59,3,1,2,14,7,0,0,0,0,3,7,1,70,4,1,1,1,65,51,61,41,0,0,0,0,0,0,0,0,0,10,0,4,0,0,0,0,0,4,2,35.763062222222224,139.72811083333335,5,3,0,0,0,0
1,30,554,24,2,0,1,20000,0,117,2024,3,18,6,15,11,5,47,17,51,1,1,1,14,7,0,0,0,0,2,9,1,70,5,4,1,45,35,51,61,41,0,0,0,0,0,0,0,0,0,10,0,2,0,0,0,0,0,4,2,35.78864083333333,139.7198338888889,2,3,0,0,0,0
1,30,555,67,2,0,1,10130,0,119,2024,1,27,2,40,22,6,45,17,2,1,1,1,1,1,9,22,0,0,18,9,30,70,5,2,1,75,25,3,61,1,0,1,0,1,0,11,0,4,0,10,0,2,0,2,0,2,0,4,2,35.76065944444444,139.7027447222222,7,3,404,0,9,0
1,30,555,78,2,0,1,30000,0,119,2024,3,5,21,5,22,6,6,17,40,1,1,2,1,7,9,22,0,0,14,9,30,70,5,2,1,1,35,14,61,1,0,11,0,1,0,11,0,3,0,50,0,4,0,2,0,2,0,4,2,35.74624027777778,139.71488805555555,3,3,9999,0,5,0
1,30,555,80,2,0,1,30000,0,119,2024,1,27,5,40,22,6,45,17,2,1,1,1,7,7,0,0,0,0,3,9,1,70,5,1,1,55,55,3,61,1,0,1,0,1,0,11,0,10,0,50,0,3,0,2,0,2,0,4,2,35.74839027777778,139.70211916666665,7,3,9999,0,9,0
1,30,555,82,2,0,2,170,100,119,2024,3,15,7,10,12,5,52,17,49,1,1,2,13,7,0,0,0,0,5,3,1,70,1,1,1,1,55,3,61,31,0,1,0,1,0,11,0,10,0,10,0,1,0,1,0,1,0,4,2,35.749675277777776,139.71199638888888,6,3,9999,0,1,0
1,30,555,96,2,0,1,2540,93,119,2024,1,22,12,14,12,6,48,16,57,1,1,1,7,7,0,0,0,0,5,9,1,70,1,1,1,45,35,17,61,1,0,11,0,1,0,11,0,5,0,40,0,4,0,2,0,2,0,4,2,35.75761277777778,139.68364861111112,2,3,9999,0,9,0
1,30,556,45,2,0,1,30000,0,119,2024,3,11,8,10,12,5,57,17,45,1,1,1,13,7,0,0,0,0,3,2,1,1,5,3,1,65,25,3,61,31,0,1,0,1,0,11,0,2,0,10,0,1,0,2,0,2,0,4,2,35.78165277777778,139.70250944444444,2,3,9999,0,9,0
1,30,556,46,2,0,1,30000,0,119,2024,3,11,18,20,21,5,57,17,45,1,1,1,1,7,9,22,0,0,11,9,30,70,5,4,1,35,1,3,61,31,0,1,0,1,0,11,0,2,0,50,0,3,0,2,0,2,0,4,2,35.76913305555556,139.6693111111111,2,3,9999,0,5,0
1,30,556,59,2,0,1,30000,0,119,2024,3,25,18,16,21,5,37,17,57,2,1,1,14,7,0,0,0,0,1,9,1,70,5,1,1,35,1,51,61,41,0,0,0,0,0,0,0,0,0,10,0,3,0,0,0,0,0,4,2,35.79143472222222,139.6909736111111,2,3,0,0,0,0
1,30,556,64,2,0,1,30000,0,119,2024,3,30,18,35,21,5,30,18,1,1,1,1,1,7,9,22,0,0,11,9,30,70,4,1,1,35,55,3,61,31,0,1,0,1,0,11,0,2,0,30,0,4,0,2,0,2,0,4,2,35.77575611111111,139.68967944444444,7,3,9999,0,5,0
1,30,557,53,2,0,1,30000,0,120,2024,2,25,13,29,12,6,17,17,32,3,1,2,1,1,9,22,0,0,14,9,30,70,4,2,1,35,55,3,61,31,0,1,0,1,0,11,0,2,0,20,0,3,0,2,0,2,0,4,2,35.73209583333333,139.65100611111112,1,3,9999,0,5,0
1,30,557,63,2,0,1,30000,0,120,2024,3,12,5,35,23,5,56,17,46,1,1,1,1,7,1,21,0,0,14,9,30,70,5,3,1,55,55,3,61,31,0,1,0,1,0,11,0,2,0,10,0,3,0,2,0,2,0,4,2,35.74573777777778,139.64855305555554,3,3,9999,0,9,0
1,30,557,64,2,0,1,10010,0,120,2024,3,12,13,17,12,5,56,17,46,3,1,2,1,1,9,22,0,0,18,9,30,70,3,1,1,45,55,3,61,31,0,1,0,1,0,11,0,4,0,10,0,3,0,2,0,2,0,4,2,35.734875555555554,139.66233583333334,3,3,9999,0,9,0
1,30,557,78,2,0,1,30000,0,120,2024,1,11,18,0,22,6,51,16,46,2,1,1,1,7,1,22,0,0,14,9,30,70,5,2,1,75,45,4,61,31,0,1,0,1,0,11,0,10,0,80,0,3,0,2,0,2,0,4,2,35.73227305555556,139.65512388888888,5,3,9999,0,9,0
1,30,558,51,2,0,1,30000,0,120,2024,3,11,13,10,12,5,57,17,45,1,1,1,1,7,9,22,0,0,17,9,30,70,5,3,1,45,65,11,61,31,0,11,0,2,0,11,0,2,0,80,0,4,0,2,0,2,0,4,2,35.74993166666667,139.59582444444445,2,3,9999,0,1,0
1,30,558,58,2,0,1,30000,0,120,2024,3,18,13,20,12,5,47,17,51,1,1,1,14,7,0,0,0,0,1,9,1,70,5,3,1,45,45,3,61,31,0,1,0,1,0,11,0,1,0,20,0,4,0,2,0,2,0,4,2,35.74395055555556,139.60490694444445,2,3,9999,0,1,0
1,30,558,64,2,0,1,30000,0,120,2024,3,17,14,35,12,5,49,17,50,1,1,1,14,7,0,0,0,0,3,9,1,70,5,3,1,65,35,3,61,31,0,1,0,1,0,11,0,2,0,40,0,4,0,2,0,2,0,4,2,35.74577527777778,139.60036722222222,1,3,9999,0,9,0
1,30,558,67,2,0,1,30000,0,120,2024,2,23,10,51,12,6,20,17,30,1,1,2,14,7,0,0,0,0,2,9,1,70,5,3,1,45,25,13,61,1,0,11,0,1,0,11,0,10,0,20,0,3,0,2,0,2,0,4,2,35.754065555555556,139.58250833333332,6,1,9999,0,5,0
1,30,559,50,2,0,1,30000,0,119,2024,3,11,16,7,12,5,57,17,45,1,1,1,14,7,0,0,0,0,2,7,1,70,5,3,1,65,1,3,61,31,0,1,0,1,0,11,0,10,0,10,0,3,0,2,0,2,0,4,2,35.782331666666664,139.6471061111111,2,3,9999,0,9,0
1,30,559,53,2,0,1,30000,0,119,2024,3,16,5,20,23,5,50,17,49,1,1,1,1,1,9,22,0,0,11,9,30,70,4,2,1,25,55,35,61,31,0,0,0,0,0,11,0,3,0,10,0,3,0,0,0,0,0,4,2,35.7933175,139.66381305555555,7,3,9999,0,1,0
1,30,559,57,2,0,1,30000,0,119,2024,3,25,20,55,22,5,37,17,57,2,1,2,1,1,9,22,0,0,15,8,30,70,4,2,1,25,65,3,61,31,0,1,0,1,0,11,0,3,0,10,0,3,0,2,0,2,0,4,2,35.769236666666664,139.66161944444445,2,3,9999,0,1,0
1,30,559,59,2,0,1,30000,0,119,2024,3,27,19,8,22,5,35,17,59,1,1,1,14,7,0,0,0,0,3,9,1,70,5,1,1,75,75,3,61,1,0,1,0,1,0,11,0,3,0,10,0,3,0,2,0,2,0,4,2,35.77010583333333,139.65549472222222,4,3,9999,0,9,0
1,30,559,61,2,0,1,20480,0,119,2024,3,28,18,20,21,5,33,17,59,3,1,2,14,7,0,0,0,0,4,9,1,70,4,2,1,45,1,51,61,41,0,0,0,0,0,0,0,0,0,40,0,4,0,0,0,0,0,4,2,35.78011,139.64844888888888,5,3,0,0,0,0
1,30,559,62,2,0,1,30000,0,119,2024,3,28,19,10,22,5,33,17,59,3,1,2,1,1,9,22,0,0,15,9,30,70,1,2,1,1,35,4,61,31,0,1,0,1,0,11,0,3,0,10,0,3,0,2,0,2,0,4,2,35.79037111111111,139.66051833333333,5,3,9999,0,5,0
1,30,559,63,2,0,1,30000,0,119,2024,3,29,10,0,12,5,32,18,0,3,1,2,1,7,1,21,0,0,15,9,30,70,4,2,1,35,75,3,61,31,0,1,0,1,0,11,0,2,0,10,0,3,0,2,0,2,0,4,2,35.769595833333334,139.65944305555556,6,3,9999,0,1,0
1,30,560,48,2,0,1,30000,0,120,2023,12,25,17,0,21,6,48,16,33,1,1,1,14,7,0,0,0,0,2,9,1,70,5,3,1,45,65,3,61,1,0,1,0,1,0,11,0,5,0,40,0,4,0,2,0,2,0,4,2,35.75333666666667,139.6240138888889,2,3,9999,0,9,0
1,30,560,56,2,0,1,30000,0,120,2024,2,25,18,50,22,6,17,17,32,3,1,1,14,7,0,0,0,0,2,9,1,70,5,3,1,45,45,3,61,31,0,1,0,1,0,11,0,2,0,40,0,3,0,2,0,2,0,4,2,35.75716277777778,139.60183527777778,1,3,9999,0,5,0
1,30,560,63,2,0,1,20000,0,120,2024,3,19,12,10,12,5,46,17,52,1,1,1,7,7,0,0,0,0,3,9,1,70,4,3,1,75,55,3,61,31,0,1,0,1,0,11,0,3,0,50,0,3,0,2,0,2,0,4,2,35.75897388888889,139.6042161111111,3,2,1036,0,9,0
1,30,560,68,2,0,1,10000,0,120,2024,3,27,14,40,12,5,35,17,59,1,1,1,1,1,9,22,0,0,14,9,30,70,1,3,1,1,65,14,61,1,0,11,0,1,0,11,0,1,0,10,0,4,0,2,0,2,0,4,2,35.766686388888886,139.64334138888887,4,3,9999,0,1,0
1,30,660,41,2,0,1,30000,0,106,2024,3,11,9,55,12,5,57,17,45,1,1,1,14,7,0,0,0,0,4,9,1,70,5,3,1,55,65,13,61,1,0,11,0,1,0,11,0,5,0,40,0,4,0,2,0,2,0,4,2,35.711220555555556,139.78145,2,3,9999,0,9,0
1,30,660,43,2,0,1,30000,0,106,2024,3,12,15,15,12,5,56,17,46,3,1,2,14,7,0,0,0,0,3,9,1,70,5,2,1,35,65,3,61,31,0,1,0,1,0,11,0,2,0,30,0,4,0,2,0,2,0,4,2,35.704275,139.77464722222223,3,3,9999,0,5,0
1,30,660,44,2,0,1,10290,0,106,2024,3,7,11,44,12,6,3,17,42,1,1,1,14,7,0,0,0,0,5,9,1,70,4,1,1,55,0,61,0,0,0,0,0,0,0,0,0,0,0,0,0,0,0,0,0,0,0,2,0,35.70234638888889,139.77839666666668,5,3,0,0,0,0
1,30,660,45,2,0,1,30000,0,106,2024,3,22,19,30,22,5,42,17,55,1,1,1,14,7,0,0,0,0,2,9,1,70,5,2,1,25,45,3,61,31,0,1,0,1,0,11,0,10,0,40,0,4,0,2,0,2,0,4,2,35.71010666666667,139.77501166666667,6,3,9999,0,5,0
1,30,660,49,2,0,1,30000,0,106,2024,3,27,12,10,12,5,35,17,59,1,1,1,7,7,0,0,0,0,3,9,1,70,5,3,1,65,75,3,61,31,0,1,0,1,0,11,0,2,0,80,0,4,0,2,0,2,0,4,2,35.706449444444445,139.77437611111114,4,3,9999,0,9,0
1,30,660,53,2,0,1,20530,0,106,2024,3,30,12,3,12,5,30,18,1,1,1,1,14,7,0,0,0,0,5,9,1,70,4,1,1,35,0,61,0,0,0,0,0,0,0,0,0,0,0,0,0,0,0,0,0,0,0,2,0,35.71151916666667,139.78178611111113,7,3,0,0,0,0
1,30,661,32,2,0,1,30000,0,106,2024,3,6,4,47,22,6,4,17,41,3,1,2,1,7,9,22,0,0,15,9,30,70,5,3,1,45,75,17,61,1,0,11,0,1,0,11,0,2,0,50,0,3,0,2,0,2,0,4,2,35.729505555555555,139.79021555555556,4,3,9999,0,1,0
1,30,661,39,2,0,1,10300,0,106,2024,3,27,9,30,12,5,35,17,59,1,1,1,7,7,0,0,0,0,4,9,1,70,4,1,1,65,25,14,61,31,0,11,0,1,0,11,0,2,0,10,0,3,0,2,0,2,0,4,2,35.72121583333333,139.78096805555558,4,3,9999,0,9,0
1,30,662,25,2,0,1,30480,0,106,2024,2,4,14,24,12,6,39,17,11,2,1,1,14,7,0,0,0,0,4,9,1,70,4,1,1,45,25,3,61,31,0,1,0,1,0,11,0,3,0,10,0,3,0,2,0,2,0,4,2,35.71463888888889,139.7983622222222,1,3,9999,0,9,0
1,30,662,27,2,0,1,30000,0,106,2024,3,6,8,0,12,6,4,17,41,3,1,2,1,1,9,22,0,0,18,9,30,70,4,2,1,55,25,3,61,31,0,1,0,1,0,11,0,3,0,10,0,3,0,2,0,2,0,4,2,35.72754916666667,139.79473583333333,4,3,9999,0,9,0
1,30,663,35,2,0,1,30000,0,106,2024,3,21,16,3,12,5,43,17,54,1,1,1,1,7,9,22,0,0,11,9,30,70,5,2,1,45,65,3,61,31,0,1,0,2,0,11,0,2,0,50,0,3,0,2,0,2,0,4,2,35.69743361111111,139.78346888888888,5,3,9999,0,1,0
1,30,665,21,2,0,1,40,60,118,2024,3,6,6,5,11,6,4,17,41,3,1,2,1,1,9,22,0,0,17,9,30,70,4,1,1,65,75,36,61,31,0,0,0,0,0,11,0,10,0,10,0,3,0,0,0,0,0,4,2,35.732189444444444,139.79254527777778,4,3,9999,0,9,0
1,30,665,22,2,0,1,30000,0,118,2024,3,7,20,15,22,6,3,17,42,1,1,2,1,7,9,22,0,0,11,9,30,70,5,3,1,55,75,3,61,31,0,1,0,2,0,11,0,2,0,40,0,3,0,2,0,2,0,4,2,35.73465083333333,139.79975,5,3,9999,0,9,0
1,30,666,26,2,0,1,30000,0,118,2024,3,1,18,0,21,6,11,17,36,1,1,1,1,7,9,22,0,0,14,9,30,70,4,2,1,35,1,36,61,31,0,0,0,0,0,11,0,2,0,20,0,4,0,0,0,0,0,4,2,35.73160861111111,139.77838583333335,6,3,9999,0,1,0
1,30,666,28,2,0,1,30000,0,118,2024,3,3,3,50,22,6,8,17,38,1,1,1,1,7,9,22,0,0,11,9,30,70,5,2,1,75,1,51,61,41,0,0,0,0,0,0,0,0,0,20,0,3,0,0,0,0,0,2,4,35.743206944444445,139.77854944444445,1,3,0,0,0,0
1,30,667,32,2,0,1,30000,0,121,2024,3,9,7,50,12,6,0,17,43,1,1,1,14,7,0,0,0,0,3,9,1,70,5,3,1,45,25,36,61,31,0,0,0,0,0,11,0,10,0,10,0,4,0,0,0,0,0,4,2,35.74624777777778,139.8010641666667,7,3,9999,0,1,0
1,30,667,45,2,0,1,40,91,121,2024,3,28,22,55,22,5,33,17,59,3,1,2,14,7,0,0,0,0,4,9,1,70,1,1,1,35,35,3,61,31,0,1,0,1,0,11,0,5,0,30,0,3,0,2,0,2,0,4,2,35.75293694444444,139.80084972222224,5,3,9999,0,5,0
1,30,668,105,2,0,1,30000,0,121,2023,12,27,13,0,12,6,49,16,35,1,1,1,14,7,0,0,0,0,3,9,1,70,4,3,1,1,35,3,61,31,0,1,0,1,0,11,0,2,0,40,0,4,0,2,0,2,0,4,2,35.76989833333333,139.76501694444445,4,3,9999,0,1,0
1,30,668,113,2,0,1,30000,0,121,2024,3,8,13,20,12,6,1,17,43,1,1,2,14,7,0,0,0,0,3,9,1,70,5,3,1,25,65,51,61,41,0,0,0,0,0,0,0,0,0,10,0,4,0,0,0,0,0,4,2,35.78581611111111,139.7772463888889,6,3,0,0,0,0
1,30,668,116,2,0,1,30000,0,121,2024,3,10,18,20,21,5,59,17,44,1,1,1,1,7,1,21,0,0,11,9,30,70,4,2,1,45,75,36,61,31,0,0,0,0,0,11,0,2,0,10,0,3,0,0,0,0,0,4,2,35.783582777777774,139.7837047222222,1,3,9999,0,9,0
1,30,668,120,2,0,1,30000,0,121,2024,3,7,18,25,21,6,3,17,42,1,1,1,14,7,0,0,0,0,1,9,1,70,5,4,1,65,45,3,61,31,0,1,0,1,0,11,0,2,0,40,0,3,0,2,0,2,0,4,2,35.770131388888885,139.79591055555557,5,3,9999,0,9,0
1,30,668,124,2,0,1,30000,0,121,2024,3,5,16,15,12,6,6,17,40,3,1,2,7,7,0,0,0,0,2,9,1,70,4,2,1,35,1,11,61,31,0,11,0,1,0,11,0,3,0,44,0,4,0,2,0,2,0,4,2,35.78590583333333,139.75656055555555,3,3,9999,0,1,0
1,30,668,138,2,0,1,30000,0,121,2024,3,9,18,50,22,6,0,17,43,1,1,1,14,7,0,0,0,0,3,9,1,70,4,3,1,55,25,3,61,31,0,1,0,1,0,11,0,2,0,40,0,3,0,2,0,2,0,4,2,35.773919166666666,139.77159833333334,7,3,9999,0,9,0
1,30,668,142,2,0,1,30000,0,121,2024,2,28,15,35,12,6,13,17,34,1,1,1,14,7,0,0,0,0,1,9,1,70,5,1,1,1,45,51,61,41,0,0,0,0,0,0,0,0,0,10,0,3,0,0,0,0,0,4,2,35.76487083333333,139.7629861111111,4,3,0,0,0,0
1,30,668,156,2,0,1,10340,0,121,2024,3,31,16,20,12,5,29,18,2,1,1,1,14,7,0,0,0,0,2,9,1,70,5,1,1,1,35,51,61,41,0,0,0,0,0,0,0,0,0,10,0,3,0,0,0,0,0,4,2,35.78417388888889,139.78575166666667,1,3,0,0,0,0
1,30,669,75,2,0,1,30000,0,121,2024,1,30,13,40,12,6,43,17,6,1,1,1,1,1,9,22,0,0,15,9,30,70,4,2,1,45,55,13,61,31,0,11,0,1,0,11,0,3,0,20,0,4,0,2,0,2,0,4,2,35.784129444444446,139.82160638888888,3,3,9999,0,1,0
1,30,669,78,2,0,1,30000,0,121,2024,3,3,11,20,12,6,8,17,38,1,1,1,1,1,9,22,0,0,15,9,30,70,4,2,1,65,65,3,61,31,0,1,0,1,0,11,0,3,0,10,0,3,0,2,0,2,0,4,2,35.762232777777776,139.82402222222223,1,3,9999,0,9,0
1,30,669,80,2,0,1,10360,0,121,2024,3,5,17,30,13,6,6,17,40,3,1,2,1,7,9,22,0,0,14,9,30,70,4,1,1,35,1,36,61,31,0,0,0,0,0,11,0,10,0,10,0,3,0,0,0,0,0,4,2,35.76177972222222,139.8290438888889,3,3,9999,0,1,0
1,30,669,82,2,0,1,30000,0,121,2024,3,7,9,20,12,6,3,17,42,2,1,1,1,7,1,21,0,0,11,9,30,1,5,3,1,45,45,13,61,31,0,11,0,1,0,11,0,2,0,20,0,4,0,2,0,2,0,4,2,35.77079111111111,139.8257475,5,3,9999,0,9,0
1,30,669,84,2,0,1,30000,0,121,2024,3,8,10,30,12,6,1,17,43,2,1,2,7,1,0,0,0,0,2,9,1,70,4,2,1,55,75,3,61,31,0,1,0,1,0,11,0,10,0,10,0,3,0,2,0,2,0,4,2,35.777271388888884,139.8056486111111,6,3,9999,0,9,0
1,30,669,88,2,0,1,30000,0,121,2024,3,10,18,5,21,5,59,17,44,1,1,1,1,7,1,21,0,0,14,9,30,70,5,2,1,65,55,3,61,31,0,1,0,1,0,11,0,2,0,50,0,4,0,2,0,2,0,4,2,35.76029805555556,139.8159625,1,3,9999,0,9,0
1,30,669,89,2,0,1,30000,0,121,2024,3,11,7,2,12,5,57,17,45,1,1,1,1,7,1,21,0,0,14,9,30,70,5,2,1,35,55,3,61,31,0,1,0,1,0,11,0,5,0,10,0,4,0,2,0,2,0,4,2,35.78019722222222,139.80922194444446,2,3,9999,0,9,0
1,30,669,91,2,0,1,30000,0,121,2024,3,13,17,8,13,5,55,17,47,1,1,1,1,7,9,22,0,0,11,9,30,70,4,2,1,1,1,14,61,1,0,11,0,1,0,11,0,10,0,10,0,3,0,2,0,2,0,4,2,35.77515527777778,139.8391161111111,4,3,9999,0,1,0
1,30,669,92,2,0,1,10360,0,121,2024,3,13,19,15,22,5,55,17,47,1,1,1,1,1,9,22,0,0,18,9,30,70,4,2,1,45,75,14,61,31,0,11,0,1,0,11,0,3,0,80,0,3,0,2,0,2,0,4,2,35.75787,139.82856972222223,4,3,9999,0,1,0
1,30,669,98,2,0,1,30000,0,121,2024,3,18,23,45,22,5,47,17,51,1,1,1,7,7,0,0,0,0,2,9,1,70,5,4,1,55,25,4,61,31,0,1,0,1,0,11,0,10,0,30,0,4,0,2,0,2,0,4,2,35.75963138888889,139.82780833333334,2,3,9999,0,9,0
1,30,669,111,2,0,1,10130,0,121,2024,3,26,20,22,22,5,36,17,58,3,1,2,1,1,9,22,0,0,17,9,30,70,4,1,1,25,25,14,61,31,0,11,0,1,0,11,0,4,0,20,0,3,0,2,0,2,0,4,2,35.777541944444444,139.83047916666666,3,3,9999,0,1,0
1,30,669,118,2,0,1,30000,0,121,2024,3,29,18,8,21,5,32,18,0,1,1,1,1,7,1,21,0,0,14,9,30,70,4,2,1,65,65,3,61,1,0,1,0,1,0,11,0,5,0,10,0,4,0,2,0,2,0,4,2,35.76796722222222,139.83567916666667,6,3,9999,0,9,0