資料区分,都道府県コード,警察署等コード,本票番号,事故内容,死者数,負傷者数,路線コード,地点コード,市区町村コード,発生日時　　年,発生日時　　月,発生日時　　日,発生日時　　時,発生日時　　分,昼夜,日の出時刻　　時,日の出時刻　　分,日の入り時刻　　時,日の入り時刻　　分,天候,地形,路面状態,道路形状,信号機,一時停止規制　標識（当事者A）,一時停止規制　表示（当事者A）,一時停止規制　標識（当事者B）,一時停止規制　表示（当事者B）,車道幅員,道路線形,衝突地点,ゾーン規制,中央分離帯施設等,歩車道区分,事故類型,年齢（当事者A）,年齢（当事者B）,当事者種別（当事者A）,当事者種別（当事者B）,用途別（当事者A）,用途別（当事者B）,車両形状等（当事者A）,車両形状等（当事者B）,オートマチック車（当事者A）,オートマチック車（当事者B）,サポカー（当事者A）,サポカー（当事者B）,速度規制（指定のみ）（当事者A）,速度規制（指定のみ）（当事者B）,車両の衝突部位（当事者A）,車両の衝突部位（当事者B）,車両の損壊程度（当事者A）,車両の損壊程度（当事者B）,エアバッグの装備（当事者A）,エアバッグの装備（当事者B）,サイドエアバッグの装備（当事者A）,サイドエアバッグの装備（当事者B）,人身損傷程度（当事者A）,人身損傷程度（当事者B）,lat,lon,曜日(発生年月日),祝日(発生年月日),認知機能検査経過日数（当事者A）,認知機能検査経過日数（当事者B）,運転練習の方法（当事者A）,運転練習の方法（当事者B）
1,30,669,122,2,0,1,30000,0,121,2024,3,31,14,25,12,5,29,18,2,1,1,1,14,7,0,0,0,0,2,9,1,70,4,2,1,45,55,51,61,41,0,0,0,0,0,0,0,0,0,40,0,3,0,0,0,0,0,4,2,35.77556444444444,139.84206361111112,1,3,0,0,0,0
1,30,670,50,2,0,1,30000,0,121,2024,2,27,18,0,21,6,15,17,34,1,1,1,14,7,0,0,0,0,2,9,1,70,5,2,1,1,1,51,61,41,0,0,0,0,0,0,0,0,0,10,0,3,0,0,0,0,0,4,2,35.805638888888886,139.8076802777778,3,3,0,0,0,0
1,30,670,65,2,0,1,30000,0,121,2024,3,19,5,50,11,5,46,17,52,1,1,1,14,7,0,0,0,0,2,9,1,70,5,1,1,55,45,13,61,31,0,11,0,1,0,11,0,2,0,80,0,3,0,2,0,2,0,4,2,35.794835,139.77521166666668,3,2,9999,0,9,0
1,30,670,71,2,0,1,10710,0,121,2024,3,12,19,55,22,5,56,17,46,2,1,1,1,1,9,22,0,0,18,9,30,70,1,1,1,45,45,3,61,31,0,1,0,1,0,11,0,5,0,20,0,3,0,2,0,2,0,4,2,35.81195777777778,139.7701188888889,3,3,9999,0,9,0
1,30,771,90,2,0,1,30000,0,108,2024,3,14,8,20,12,5,53,17,48,1,1,1,1,7,9,22,0,0,15,9,30,70,4,2,1,45,1,51,61,41,0,0,0,0,0,0,0,0,0,10,0,2,0,0,0,0,0,4,2,35.682290555555554,139.81395805555556,5,3,0,0,0,0
1,30,771,93,2,0,1,20690,0,108,2024,3,15,7,5,12,5,52,17,49,1,1,1,1,1,9,22,0,0,19,9,30,70,4,1,1,35,25,14,61,1,0,11,0,1,0,11,0,4,0,20,0,3,0,2,0,2,0,4,2,35.68318222222222,139.81606444444446,6,3,9999,0,1,0
1,30,771,103,2,0,1,30000,0,108,2024,3,13,14,6,12,5,55,17,47,1,1,1,1,7,9,22,0,0,11,9,30,70,5,3,1,65,1,4,61,31,0,1,0,1,0,11,0,2,0,30,0,4,0,2,0,2,0,4,2,35.6676125,139.80864055555557,4,3,9999,0,9,0
1,30,771,104,2,0,1,20690,0,108,2024,3,21,16,20,12,5,43,17,54,1,1,1,14,7,0,0,0,0,4,9,1,70,4,2,1,45,1,51,61,41,0,0,0,0,0,0,0,0,0,10,0,3,0,0,0,0,0,4,2,35.66763638888889,139.81644666666668,5,3,0,0,0,0
1,30,771,106,2,0,1,10350,0,108,2024,3,22,22,45,22,5,42,17,55,1,1,1,1,1,9,22,0,0,18,9,30,70,5,1,1,55,65,3,61,31,0,1,0,1,0,11,0,4,0,10,0,2,0,2,0,2,0,4,2,35.67565555555555,139.8123425,6,3,9999,0,9,0
1,30,771,114,2,0,1,30000,0,108,2024,3,29,7,50,12,5,32,18,0,3,1,2,1,1,9,22,0,0,15,9,30,70,4,2,1,75,25,3,61,1,0,1,0,1,0,11,0,10,0,10,0,4,0,2,0,2,0,4,2,35.68527388888889,139.79459527777777,6,3,371,0,9,0
1,30,771,116,2,0,1,20690,0,108,2024,3,29,18,20,21,5,32,18,0,1,1,1,1,1,9,22,0,0,18,9,30,70,4,1,1,55,75,13,61,31,0,11,0,1,0,11,0,4,0,10,0,3,0,2,0,2,0,4,2,35.686208611111105,139.81609527777778,6,3,9999,0,9,0
1,30,771,118,2,0,1,30000,0,108,2024,3,8,4,8,22,6,1,17,43,5,1,2,1,1,9,22,0,0,17,9,30,70,1,2,1,1,55,3,61,31,0,1,0,1,0,11,0,5,0,50,0,3,0,2,0,2,0,4,2,35.64409083333333,139.7831075,6,3,9999,0,1,0
1,30,771,119,2,0,1,20690,0,108,2024,3,8,6,10,11,6,1,17,43,5,1,2,1,1,9,22,0,0,17,9,30,70,1,2,1,55,55,3,61,31,0,1,0,1,0,11,0,4,0,58,0,3,0,2,0,2,0,4,2,35.67384305555555,139.81618277777778,6,3,9999,0,9,0
1,30,771,121,2,0,1,30000,0,108,2024,2,28,16,50,13,6,13,17,34,1,1,1,7,1,0,0,0,0,4,9,1,70,1,2,1,35,1,51,61,41,0,0,0,0,0,0,0,0,0,10,0,4,0,0,0,0,0,4,2,35.65140972222222,139.7962038888889,4,3,0,0,0,0
1,30,772,77,2,0,1,30000,0,108,2024,3,11,13,43,12,5,57,17,45,1,1,1,14,7,0,0,0,0,3,9,1,70,4,2,1,65,45,3,61,31,0,1,0,1,0,11,0,2,0,40,0,3,0,2,0,2,0,4,2,35.695410555555554,139.84492305555557,2,3,137,0,9,0
1,30,772,80,2,0,1,30000,0,108,2024,3,14,14,30,12,5,53,17,48,1,1,1,1,7,9,22,0,0,11,9,30,70,4,1,1,35,65,35,61,31,0,0,0,0,0,11,0,2,0,10,0,3,0,0,0,0,0,4,2,35.69922861111111,139.82338638888888,5,3,9999,0,1,0
1,30,772,83,2,0,1,10350,0,108,2024,3,4,11,25,12,6,7,17,39,1,1,1,7,7,0,0,0,0,5,9,1,70,4,1,1,55,45,3,61,31,0,1,0,1,0,11,0,4,0,40,0,3,0,2,0,2,0,4,2,35.67483972222222,139.82656138888888,2,3,9999,0,9,0
1,30,772,86,2,0,1,30000,0,108,2024,3,19,15,30,12,5,46,17,52,1,1,1,7,1,0,0,0,0,3,9,1,70,5,2,1,35,75,35,61,31,0,0,0,0,0,11,0,10,0,20,0,3,0,0,0,0,0,4,2,35.694803611111105,139.83294194444443,3,2,9999,0,1,0
1,30,772,92,2,0,1,30000,0,108,2024,3,23,19,29,22,5,40,17,55,2,1,1,1,1,8,22,0,0,11,9,30,70,5,2,1,45,1,52,61,41,0,0,0,0,0,0,0,0,0,30,0,4,0,0,0,0,0,4,2,35.69474833333333,139.8313838888889,7,3,0,0,0,0
1,30,773,55,2,0,1,20000,0,107,2024,3,6,9,10,12,6,4,17,41,2,1,2,14,7,0,0,0,0,3,9,1,70,5,3,1,65,25,3,61,1,0,1,0,1,0,11,0,2,0,10,0,4,0,2,0,2,0,4,2,35.70451916666667,139.79664444444444,4,3,9999,0,9,0
1,30,773,59,2,0,1,30000,0,107,2024,3,8,18,0,21,6,1,17,43,1,1,1,1,7,1,21,0,0,15,9,30,70,5,3,1,45,25,3,61,31,0,1,0,1,0,11,0,10,0,10,0,4,0,2,0,2,0,4,2,35.693976666666664,139.8166875,6,3,9999,0,1,0
1,30,773,65,2,0,1,10290,0,107,2024,3,12,18,5,21,5,56,17,46,3,1,2,1,1,9,22,0,0,15,9,30,70,1,1,1,1,45,3,61,31,0,1,0,1,0,11,0,4,0,10,0,3,0,2,0,2,0,4,2,35.70028027777778,139.79731333333334,3,3,9999,0,1,0
1,30,773,67,2,0,1,30000,0,107,2024,3,13,14,30,12,5,55,17,47,1,1,1,7,1,0,0,0,0,3,9,1,70,5,3,1,35,1,17,61,1,0,11,0,2,0,11,0,5,0,20,0,4,0,2,0,2,0,4,2,35.6947475,139.8042713888889,4,3,9999,0,1,0
1,30,773,73,2,0,1,30000,0,107,2024,3,4,11,10,12,6,7,17,39,1,1,1,1,7,1,21,0,0,17,9,30,1,5,1,1,75,45,3,61,31,0,1,0,1,0,11,0,2,0,10,0,3,0,2,0,2,0,4,2,35.704146388888894,139.80768555555557,2,3,438,0,9,0
1,30,773,80,2,0,1,10290,0,107,2024,3,30,18,10,21,5,30,18,1,1,1,1,1,1,9,22,0,0,17,9,30,70,1,2,1,25,55,51,61,41,0,0,0,0,0,0,0,0,0,0,0,4,0,0,0,0,0,4,2,35.701038611111116,139.809435,7,3,0,0,0,0
1,30,774,39,2,0,1,30000,0,107,2024,3,5,19,30,22,6,6,17,40,3,1,2,1,7,9,22,0,0,15,9,30,70,5,1,1,45,75,13,61,31,0,11,0,1,0,11,0,1,0,10,0,3,0,2,0,2,0,4,2,35.70536361111112,139.83388194444444,3,3,9999,0,1,0
1,30,774,42,2,0,1,30000,0,107,2024,3,8,19,20,22,6,1,17,43,1,1,1,1,7,9,22,0,0,15,9,30,70,5,1,1,45,55,3,61,31,0,1,0,1,0,11,0,3,0,10,0,3,0,2,0,2,0,4,2,35.710639722222226,139.81707111111112,6,3,9999,0,1,0
1,30,774,52,2,0,1,20670,0,107,2024,3,22,8,45,12,5,42,17,55,1,1,1,1,1,9,22,0,0,15,9,30,70,4,1,1,75,1,3,61,31,0,1,0,1,0,11,0,3,0,50,0,3,0,2,0,2,0,4,2,35.72397638888889,139.81266972222224,6,3,707,0,9,0
1,30,774,53,2,0,1,30000,0,107,2024,3,22,13,57,12,5,42,17,55,1,1,1,14,7,0,0,0,0,3,9,1,70,4,3,1,45,55,17,61,31,0,11,0,1,0,11,0,3,0,80,0,3,0,2,0,2,0,4,2,35.73358666666667,139.81934833333332,6,3,9999,0,1,0
1,30,774,57,2,0,1,30000,0,107,2024,3,26,19,38,22,5,36,17,58,3,1,2,1,1,9,22,0,0,14,9,30,70,4,1,1,25,55,3,61,31,0,1,0,1,0,11,0,3,0,10,0,3,0,2,0,2,0,4,2,35.72703472222222,139.82694388888888,3,3,9999,0,1,0
1,30,775,53,2,0,1,10130,0,122,2024,2,6,20,15,22,6,38,17,13,1,1,1,1,1,9,22,0,0,18,9,30,70,5,1,1,55,35,3,61,31,0,1,0,1,0,11,0,5,0,10,0,3,0,2,0,2,0,4,2,35.76321222222222,139.85153666666668,3,3,9999,0,9,0
1,30,775,63,2,0,1,30000,0,122,2024,3,12,18,0,21,5,56,17,46,3,1,1,1,7,1,21,0,0,11,9,30,70,5,3,1,75,55,13,61,31,0,11,0,1,0,11,0,10,0,10,0,3,0,2,0,2,0,4,2,35.792075,139.84878305555557,3,3,9999,0,9,0
1,30,775,68,2,0,1,99000,0,122,2024,3,17,21,1,22,5,49,17,50,1,1,1,0,7,0,0,0,0,0,0,20,70,0,1,1,25,25,3,61,31,0,1,0,1,0,11,0,10,0,50,0,3,0,2,0,2,0,4,2,35.75874777777778,139.84353722222224,1,3,9999,0,1,0
1,30,776,69,2,0,1,30000,0,122,2024,3,13,15,55,12,5,55,17,47,1,1,1,14,7,0,0,0,0,3,9,1,70,5,2,1,1,75,51,61,41,0,0,0,0,0,0,0,0,0,10,0,3,0,0,0,0,0,4,2,35.727720833333336,139.85512333333332,4,3,0,0,0,0
1,30,776,71,2,0,1,30000,0,122,2024,3,14,8,35,12,5,53,17,48,1,1,1,14,7,0,0,0,0,1,9,1,70,5,4,1,35,55,3,61,31,0,1,0,1,0,11,0,10,0,40,0,3,0,2,0,2,0,4,2,35.748754166666664,139.82315,5,3,9999,0,1,0
1,30,776,77,2,0,1,30000,0,122,2024,3,13,13,40,12,5,55,17,47,1,1,1,14,7,0,0,0,0,3,9,1,70,5,2,1,65,45,3,61,31,0,1,0,1,0,11,0,2,0,10,0,4,0,2,0,2,0,4,2,35.71645388888889,139.85764444444445,4,3,9999,0,9,0
1,30,776,81,2,0,1,30000,0,122,2024,3,22,16,15,12,5,42,17,55,1,1,1,14,7,0,0,0,0,1,9,1,70,4,1,1,35,55,52,61,41,0,0,0,0,0,0,0,0,0,10,0,3,0,0,0,0,0,4,2,35.74015694444444,139.85621833333332,6,3,0,0,0,0
1,30,776,83,2,0,1,30000,0,122,2024,3,26,15,20,12,5,36,17,58,3,1,2,14,7,0,0,0,0,2,9,1,70,5,4,1,55,35,3,61,1,0,1,0,1,0,11,0,5,0,40,0,3,0,2,0,1,0,4,2,35.743163611111115,139.85043694444443,3,3,9999,0,9,0
1,30,777,124,2,0,1,30000,0,123,2024,3,8,5,50,23,6,1,17,43,5,1,2,1,7,9,22,0,0,15,9,30,1,5,3,1,55,35,36,61,31,0,0,0,0,0,11,0,10,0,10,0,3,0,0,0,0,0,4,2,35.68614611111111,139.87185250000002,6,3,9999,0,9,0
1,30,777,129,2,0,1,30000,0,123,2024,3,9,16,22,12,6,0,17,43,1,1,1,14,7,0,0,0,0,2,9,1,70,5,3,1,55,75,3,61,31,0,1,0,1,0,11,0,1,0,41,0,3,0,2,0,2,0,4,2,35.70906638888889,139.86473305555555,7,3,9999,0,9,0
1,30,777,135,2,0,1,30000,0,123,2024,3,12,18,2,21,5,56,17,46,1,1,2,1,7,9,22,0,0,11,9,30,70,5,2,1,25,65,14,61,31,0,11,0,1,0,11,0,2,0,10,0,3,0,2,0,2,0,4,2,35.695637777777776,139.87552583333334,3,3,9999,0,1,0
1,30,777,151,2,0,1,30000,0,123,2024,3,18,15,40,12,5,47,17,51,1,1,1,1,1,9,22,0,0,15,9,30,70,4,2,1,65,75,3,61,31,0,1,0,1,0,11,0,2,0,80,0,3,0,2,0,2,0,4,2,35.69164194444444,139.85236305555554,2,3,9999,0,9,0
1,30,777,152,2,0,1,30000,0,123,2024,3,18,17,42,13,5,47,17,51,1,1,1,14,7,0,0,0,0,3,9,1,70,4,2,1,55,1,51,61,41,0,0,0,0,0,0,0,0,0,0,0,3,0,0,0,0,0,4,2,35.70325166666667,139.88990888888887,2,3,0,0,0,0
1,30,777,163,2,0,1,30000,0,123,2024,3,8,4,50,22,6,1,17,43,5,1,4,1,7,9,22,0,0,15,9,30,70,5,2,1,55,25,3,61,31,0,1,0,2,0,11,0,2,0,10,0,3,0,2,0,2,0,4,2,35.70406861111111,139.91103111111113,6,3,9999,0,9,0
1,30,777,174,2,0,1,10290,0,123,2024,3,29,16,5,12,5,32,18,0,1,1,1,14,7,0,0,0,0,3,9,1,70,1,1,1,45,35,51,61,41,0,0,0,0,0,0,0,0,0,10,0,3,0,0,0,0,0,4,2,35.7048475,139.83784083333333,6,3,0,0,0,0
1,30,777,181,2,0,1,140,0,123,2024,3,24,0,0,22,5,39,17,56,1,1,1,7,1,0,0,0,0,4,9,1,70,1,2,1,65,1,14,61,31,0,11,0,1,0,11,0,5,0,10,0,3,0,2,0,2,0,4,2,35.70469722222222,139.90714305555557,1,3,9999,0,9,0
1,30,777,182,2,0,1,30000,0,123,2024,3,26,18,45,21,5,36,17,58,3,1,2,14,7,0,0,0,0,3,9,1,70,4,2,1,55,45,51,61,41,0,0,0,0,0,0,0,0,0,10,0,4,0,0,0,0,0,4,2,35.69417138888888,139.90089416666666,3,3,0,0,0,0
1,30,777,183,2,0,1,140,77,123,2024,3,26,19,0,22,5,36,17,58,3,1,1,1,1,9,22,0,0,19,9,30,70,1,2,1,45,1,3,61,31,0,1,0,1,0,11,0,3,0,10,0,4,0,2,0,2,0,4,2,35.698968055555554,139.84904500000002,3,3,9999,0,1,0
1,30,778,60,2,0,1,99000,0,123,2024,3,13,11,0,12,5,55,17,47,1,1,1,0,7,0,0,0,0,0,0,20,70,0,4,1,45,55,14,61,31,0,11,0,2,0,11,0,10,0,30,0,3,0,2,0,2,0,4,2,35.709295833333336,139.88992444444443,4,3,9999,0,1,0
1,30,778,61,2,0,1,30000,0,123,2024,3,13,12,0,12,5,55,17,47,1,1,1,1,7,9,22,0,0,15,9,30,70,5,2,1,45,65,14,61,31,0,11,0,1,0,11,0,5,0,10,0,4,0,2,0,2,0,4,2,35.734767777777776,139.8838961111111,4,3,9999,0,1,0
1,30,778,66,2,0,1,30000,0,123,2024,3,16,15,20,12,5,50,17,49,1,1,1,14,7,0,0,0,0,3,9,1,70,5,4,1,65,1,51,61,41,0,0,0,0,0,0,0,0,0,10,0,4,0,0,0,0,0,4,2,35.7489925,139.88758694444445,7,3,0,0,0,0
1,30,778,70,2,0,1,30000,0,123,2024,3,25,14,56,12,5,37,17,57,2,1,2,14,7,0,0,0,0,3,9,1,70,4,1,1,45,65,11,61,31,0,11,0,2,0,11,0,2,0,10,0,4,0,2,0,2,0,4,2,35.72556222222222,139.88339194444444,2,3,9999,0,9,0
1,30,778,72,2,0,1,30000,0,123,2024,3,26,10,45,12,5,36,17,58,3,1,2,1,7,0,0,0,0,14,9,30,70,4,1,1,1,0,61,0,0,0,0,0,0,0,0,0,0,0,0,0,0,0,0,0,0,0,2,0,35.734986944444444,139.8941908333333,3,3,0,0,0,0
1,30,779,51,2,0,1,30000,0,123,2023,12,26,20,39,22,6,49,16,34,1,1,1,7,2,0,0,0,0,3,9,1,70,4,2,1,25,45,51,61,41,0,0,0,0,0,0,0,0,0,10,0,3,0,0,0,0,0,4,2,35.666848055555555,139.8628772222222,3,3,0,0,0,0
1,30,779,64,2,0,1,30000,0,123,2024,3,13,22,30,22,5,55,17,47,1,1,1,7,7,0,0,0,0,3,9,1,70,4,1,1,25,75,35,61,31,0,0,0,0,0,11,0,2,0,10,0,3,0,0,0,0,0,4,2,35.66350361111111,139.87133666666668,4,3,9999,0,5,0
1,30,779,69,2,0,1,30000,0,123,2024,3,18,16,15,12,5,47,17,51,1,1,1,1,7,9,22,0,0,15,9,30,70,5,3,1,45,1,3,61,31,0,1,0,1,0,11,0,1,0,22,0,3,0,2,0,2,0,4,2,35.679005555555555,139.8747236111111,2,3,9999,0,1,0
1,30,779,79,2,0,1,30000,0,123,2024,3,27,17,55,13,5,35,17,59,1,1,1,14,7,0,0,0,0,2,9,1,70,5,1,1,35,65,3,61,31,0,1,0,1,0,11,0,4,0,10,0,3,0,2,0,2,0,4,2,35.648068611111114,139.86012888888888,4,3,9999,0,1,0
1,30,876,75,2,0,1,161,0,201,2024,3,3,1,16,22,6,8,17,38,2,1,1,1,1,9,22,0,0,19,9,30,70,1,1,1,25,45,3,61,31,0,1,0,1,0,11,0,4,0,80,0,3,0,2,0,2,0,4,2,35.64824222222222,139.35221388888888,1,3,9999,0,9,0
1,30,876,84,2,0,1,30000,0,201,2024,3,5,17,35,13,6,6,17,40,3,1,2,7,1,0,0,0,0,2,8,1,70,4,1,1,25,1,52,61,41,0,0,0,0,0,0,0,0,0,20,0,4,0,0,0,0,0,4,2,35.61804027777778,139.3756111111111,3,3,0,0,0,0
1,30,876,85,2,0,1,30000,0,209,2024,2,29,21,8,22,6,12,17,35,3,1,2,1,7,9,22,0,0,14,9,30,70,5,2,1,45,45,3,61,31,0,1,0,1,0,11,0,3,0,40,0,3,0,2,0,2,0,4,2,35.60339527777778,139.3625136111111,5,3,9999,0,9,0
1,30,876,92,2,0,1,30000,0,201,2024,3,18,15,39,12,5,47,17,51,1,1,1,1,1,9,22,0,0,15,8,30,70,5,2,1,25,1,11,61,31,0,11,0,1,0,11,0,2,0,20,0,3,0,2,0,2,0,4,2,35.629377500000004,139.34610222222224,2,3,9999,0,5,0
1,30,876,96,2,0,1,30000,0,201,2024,3,21,7,30,12,5,43,17,54,1,1,1,1,1,9,22,0,0,15,9,30,70,4,2,1,65,65,3,61,31,0,1,0,1,0,11,0,3,0,10,0,4,0,2,0,2,0,4,2,35.61298527777778,139.38694305555555,5,3,9999,0,9,0
1,30,877,76,2,0,1,30000,0,201,2024,2,19,5,35,23,6,24,17,26,3,2,2,1,1,9,22,0,0,15,9,30,70,5,2,1,65,25,4,61,31,0,1,0,2,0,11,0,3,0,10,0,3,0,1,0,2,0,4,2,35.64250222222222,139.28020583333335,2,3,9999,0,9,0
1,30,877,82,2,0,1,30000,0,201,2024,3,9,13,39,12,6,0,17,43,1,1,1,7,1,0,0,0,0,3,9,1,70,4,2,1,1,75,3,61,31,0,1,0,1,0,11,0,3,0,40,0,3,0,2,0,2,0,4,2,35.65246722222222,139.29176972222223,7,3,9999,0,1,0
1,30,877,85,2,0,1,30000,0,201,2024,3,14,14,47,12,5,53,17,48,1,2,1,1,1,9,22,0,0,18,9,30,70,5,2,1,75,55,3,61,31,0,1,0,1,0,11,0,4,0,10,0,3,0,2,0,2,0,4,2,35.637843333333336,139.305565,5,3,524,0,9,0
1,30,877,87,2,0,1,30000,0,201,2024,3,20,12,0,12,5,45,17,53,3,1,2,1,7,9,22,0,0,11,9,30,70,4,2,1,35,65,3,61,31,0,1,0,1,0,11,0,3,0,10,0,3,0,2,0,2,0,4,2,35.645472777777776,139.2958311111111,4,1,9999,0,1,0
1,30,877,92,2,0,1,30000,0,201,2024,3,25,13,30,12,5,37,17,57,3,1,2,7,7,0,0,0,0,3,9,1,70,4,1,1,75,75,3,61,31,0,1,0,1,0,11,0,10,0,10,0,3,0,2,0,2,0,4,2,35.63883361111111,139.29313222222223,2,3,502,0,9,0
1,30,877,94,2,0,1,20740,0,201,2024,3,26,19,0,22,5,36,17,58,3,2,2,1,1,9,22,0,0,14,9,30,70,4,2,1,45,55,4,61,31,0,1,0,1,0,11,0,3,0,11,0,3,0,2,0,2,0,4,2,35.652341388888885,139.27704333333335,3,3,9999,0,1,0
1,30,878,88,2,0,1,30000,0,224,2024,3,7,17,10,13,6,3,17,42,1,1,1,1,7,9,22,0,0,14,9,30,70,5,2,1,25,65,3,61,31,0,1,0,1,0,11,0,10,0,0,0,4,0,2,0,2,0,4,2,35.63325694444445,139.45136,5,3,9999,0,1,0
1,30,878,90,2,0,1,30000,0,224,2024,3,9,11,15,12,6,0,17,43,1,1,1,1,1,9,22,0,0,18,9,30,70,1,1,1,75,75,4,61,31,0,1,0,1,0,11,0,5,0,10,0,4,0,2,0,2,0,4,2,35.6405125,139.43704527777777,7,3,79,0,9,0
1,30,878,109,2,0,1,30000,0,225,2024,3,24,13,20,12,5,39,17,56,2,2,1,14,7,0,0,0,0,2,9,1,70,5,2,1,45,45,51,61,41,0,0,0,0,0,0,0,0,0,10,0,2,0,0,0,0,0,4,2,35.65114416666667,139.4950197222222,1,3,0,0,0,0
1,30,878,110,2,0,1,30000,0,224,2024,3,24,19,5,22,5,39,17,56,1,2,2,1,1,9,22,0,0,15,9,30,70,5,2,1,55,65,3,61,31,0,1,0,1,0,11,0,3,0,10,0,3,0,2,0,2,0,4,2,35.635512222222225,139.43638805555557,1,3,9999,0,1,0
1,30,879,90,2,0,1,99000,0,223,2024,3,2,10,25,12,6,10,17,37,1,1,1,0,7,0,0,0,0,0,0,20,70,0,4,1,45,55,14,61,31,0,11,0,1,0,11,0,10,0,30,0,3,0,2,0,2,0,4,2,35.753393611111115,139.38444277777776,7,3,9999,0,5,0
1,30,879,104,2,0,1,30000,0,220,2024,2,7,6,40,11,6,37,17,14,1,2,1,14,7,0,0,0,0,4,9,1,70,5,2,1,65,55,3,61,31,0,1,0,1,0,11,0,10,0,10,0,3,0,2,0,2,0,4,2,35.73220972222222,139.4187186111111,4,3,9999,0,9,0
1,30,879,127,2,0,1,30000,0,220,2024,3,28,20,30,22,5,33,17,59,3,2,2,1,1,9,22,0,0,15,9,30,70,5,2,1,55,45,4,61,31,0,1,0,1,0,11,0,3,0,10,0,3,0,2,0,2,0,4,2,35.73495833333333,139.42933527777777,5,3,9999,0,9,0
1,30,879,131,2,0,1,30000,0,223,2024,3,31,11,55,12,5,29,18,2,1,1,1,1,1,9,22,0,0,11,9,30,70,5,2,1,65,75,4,61,31,0,1,0,1,0,11,0,2,0,10,0,3,0,2,0,2,0,4,2,35.735705,139.40333083333334,1,3,9999,0,9,0
1,30,880,46,2,0,1,30000,0,205,2024,3,4,21,45,22,6,7,17,39,2,2,1,1,1,9,22,0,0,15,9,30,70,4,2,1,45,65,13,61,31,0,11,0,1,0,11,0,3,0,10,0,3,0,2,0,2,0,4,2,35.7849475,139.2883563888889,2,3,9999,0,9,0
1,30,880,51,2,0,1,30000,0,205,2024,3,9,13,15,12,6,0,17,43,1,1,1,1,1,9,22,0,0,15,9,30,70,4,2,1,35,65,3,61,31,0,1,0,1,0,11,0,3,0,20,0,3,0,2,0,2,0,4,2,35.79246166666667,139.29276027777777,7,3,9999,0,1,0
1,30,880,56,2,0,1,10240,0,205,2024,3,13,12,38,12,5,55,17,47,1,3,1,1,1,9,22,0,0,14,9,30,70,4,2,1,65,75,3,61,31,0,1,0,1,0,11,0,3,0,50,0,3,0,2,0,2,0,4,2,35.79065138888889,139.26889333333335,4,3,9999,0,9,0
1,30,880,57,2,0,1,30000,0,205,2024,3,14,18,35,21,5,53,17,48,1,1,1,1,7,1,21,0,0,11,9,30,70,5,3,1,1,55,4,61,31,0,1,0,1,0,11,0,10,0,10,0,4,0,2,0,2,0,4,2,35.77834,139.3211988888889,5,3,9999,0,1,0
1,30,881,22,2,0,1,70000,0,228,2024,3,12,11,30,12,5,56,17,46,2,3,1,14,7,0,0,0,0,2,9,1,70,5,4,1,75,75,14,61,31,0,11,0,1,0,11,0,5,0,10,0,3,0,2,0,2,0,4,2,35.72980138888889,139.2626625,3,3,180,0,9,0
1,30,881,32,2,0,1,30000,0,305,2024,3,29,8,35,12,5,32,18,0,3,1,2,14,7,0,0,0,0,3,9,1,70,5,3,1,1,0,61,0,0,0,0,0,0,0,0,0,0,0,0,0,0,0,0,0,0,0,2,0,35.74409666666667,139.2437261111111,6,3,0,0,0,0
1,30,881,35,2,0,1,30000,0,305,2024,3,30,19,25,22,5,30,18,1,1,1,1,1,1,9,22,0,0,14,9,30,70,4,3,1,1,45,4,61,31,0,1,0,1,0,11,0,3,0,50,0,3,0,2,0,2,0,4,2,35.73553305555556,139.27082833333336,7,3,9999,0,1,0
1,30,882,67,2,0,1,30000,0,228,2024,2,29,8,0,12,6,12,17,35,1,1,1,1,7,9,22,0,0,11,9,30,70,5,3,1,45,1,3,61,31,0,1,0,1,0,11,0,2,0,20,0,3,0,2,0,2,0,4,2,35.72442527777778,139.27421833333335,5,3,9999,0,1,0
1,30,882,87,2,0,1,30000,0,227,2024,3,12,19,2,22,5,56,17,46,3,2,2,1,1,9,22,0,0,14,9,30,70,4,2,1,75,55,3,61,31,0,1,0,1,0,11,0,3,0,20,0,3,0,2,0,2,0,4,2,35.77456222222222,139.3062175,3,3,390,0,9,0
1,30,882,89,2,0,1,30000,0,227,2024,3,6,0,30,22,6,4,17,41,5,3,2,1,1,9,22,0,0,15,9,30,70,4,2,1,55,25,12,61,31,0,11,0,2,0,11,0,3,0,10,0,3,0,2,0,2,0,4,2,35.7680725,139.32705583333333,4,3,9999,0,9,0
1,30,882,97,2,0,1,30000,0,218,2024,3,31,10,0,12,5,29,18,2,1,1,1,14,7,0,0,0,0,1,9,1,70,5,3,1,25,1,3,61,31,0,1,0,1,0,11,0,10,0,30,0,3,0,2,0,2,0,4,2,35.74411555555556,139.32697027777778,1,3,9999,0,4,0
1,30,882,98,2,0,1,30000,0,227,2024,3,30,10,45,12,5,30,18,1,1,2,1,1,1,9,22,0,0,15,9,30,70,1,2,1,55,35,4,61,31,0,1,0,1,0,11,0,3,0,10,0,3,0,2,0,2,0,4,2,35.77641305555555,139.3048711111111,7,3,9999,0,9,0
1,30,883,116,2,0,1,30000,0,201,2024,3,15,19,0,22,5,52,17,49,1,1,1,1,7,9,22,0,0,15,9,30,70,5,1,1,55,45,35,61,31,0,0,0,0,0,11,0,10,0,40,0,3,0,0,0,0,0,4,2,35.65884277777778,139.3383877777778,6,3,9999,0,9,0