資料区分,都道府県コード,警察署等コード,本票番号,事故内容,死者数,負傷者数,路線コード,地点コード,市区町村コード,発生日時　　年,発生日時　　月,発生日時　　日,発生日時　　時,発生日時　　分,昼夜,日の出時刻　　時,日の出時刻　　分,日の入り時刻　　時,日の入り時刻　　分,天候,地形,路面状態,道路形状,信号機,一時停止規制　標識（当事者A）,一時停止規制　表示（当事者A）,一時停止規制　標識（当事者B）,一時停止規制　表示（当事者B）,車道幅員,道路線形,衝突地点,ゾーン規制,中央分離帯施設等,歩車道区分,事故類型,年齢（当事者A）,年齢（当事者B）,当事者種別（当事者A）,当事者種別（当事者B）,用途別（当事者A）,用途別（当事者B）,車両形状等（当事者A）,車両形状等（当事者B）,オートマチック車（当事者A）,オートマチック車（当事者B）,サポカー（当事者A）,サポカー（当事者B）,速度規制（指定のみ）（当事者A）,速度規制（指定のみ）（当事者B）,車両の衝突部位（当事者A）,車両の衝突部位（当事者B）,車両の損壊程度（当事者A）,車両の損壊程度（当事者B）,エアバッグの装備（当事者A）,エアバッグの装備（当事者B）,サイドエアバッグの装備（当事者A）,サイドエアバッグの装備（当事者B）,人身損傷程度（当事者A）,人身損傷程度（当事者B）,lat,lon,曜日(発生年月日),祝日(発生年月日),認知機能検査経過日数（当事者A）,認知機能検査経過日数（当事者B）,運転練習の方法（当事者A）,運転練習の方法（当事者B）
1,30,883,122,2,0,1,30000,0,201,2024,3,18,9,0,12,5,47,17,51,1,1,1,1,1,4,21,0,0,15,9,30,70,4,2,1,1,45,3,61,31,0,1,0,1,0,11,0,1,0,12,0,3,0,2,0,2,0,4,2,35.68764777777778,139.3705638888889,2,3,9999,0,5,0
1,30,883,135,2,0,1,30000,0,201,2024,3,29,20,25,22,5,32,18,0,1,1,1,1,7,9,22,0,0,11,9,30,70,5,3,1,45,35,35,61,31,0,0,0,0,0,11,0,1,0,10,0,4,0,0,0,0,0,4,2,35.664854166666665,139.3440775,6,3,9999,0,9,0
1,30,883,139,2,0,1,99000,0,201,2024,3,27,12,18,12,5,35,17,59,1,1,1,0,7,0,0,0,0,0,0,20,70,0,4,1,65,1,3,61,31,0,1,0,1,0,11,0,10,0,80,0,3,0,2,0,2,0,4,2,35.68248027777778,139.30084972222224,4,3,9999,0,9,0
1,30,884,131,2,0,1,30000,0,209,2024,3,1,13,20,12,6,11,17,36,1,1,1,14,7,0,0,0,0,1,9,1,70,5,3,1,45,75,3,61,31,0,1,0,1,0,11,0,1,0,30,0,3,0,2,0,2,0,4,2,35.548766388888886,139.44754666666668,6,3,9999,0,1,0
1,30,884,132,2,0,1,30000,0,209,2024,3,1,18,10,21,6,11,17,36,2,1,1,1,7,1,21,0,0,14,9,30,70,5,3,1,65,45,4,61,31,0,1,0,1,0,11,0,10,0,20,0,3,0,2,0,2,0,4,2,35.55982777777778,139.4627172222222,6,3,9999,0,9,0
1,30,884,136,2,0,1,10570,0,209,2024,3,3,12,20,12,6,8,17,38,1,2,1,1,1,9,22,0,0,15,3,30,70,4,2,1,25,55,13,61,31,0,11,0,1,0,11,0,3,0,10,0,3,0,2,0,2,0,4,2,35.55198333333333,139.43990694444446,1,3,9999,0,1,0
1,30,884,140,2,0,1,30560,0,209,2024,3,5,20,10,22,6,6,17,40,3,2,2,1,1,9,22,0,0,15,9,30,70,4,2,1,25,1,13,61,31,0,11,0,1,0,11,0,3,0,50,0,3,0,2,0,2,0,4,2,35.55863222222222,139.42448472222222,3,3,9999,0,1,0
1,30,884,141,2,0,1,30000,0,209,2024,3,5,23,20,22,6,6,17,40,3,2,2,14,7,0,0,0,0,2,7,1,70,5,4,1,45,0,61,0,0,0,0,0,0,0,0,0,0,0,0,0,0,0,0,0,0,0,2,0,35.569522777777784,139.43843,3,3,0,0,0,0
1,30,884,143,2,0,1,10490,0,209,2024,3,8,8,43,12,6,1,17,43,3,1,2,1,1,9,22,0,0,14,9,30,70,5,2,1,25,25,3,61,31,0,1,0,1,0,11,0,3,0,10,0,3,0,2,0,2,0,4,2,35.51533333333333,139.47405555555557,6,3,9999,0,1,0
1,30,884,146,2,0,1,30000,0,209,2024,3,8,19,35,22,6,1,17,43,1,1,1,14,7,0,0,0,0,3,9,1,70,4,2,1,1,65,51,61,41,0,0,0,0,0,0,0,0,0,10,0,4,0,0,0,0,0,4,2,35.54600055555555,139.4731775,6,3,0,0,0,0
1,30,884,148,2,0,1,30000,0,209,2024,3,9,7,55,12,6,0,17,43,1,1,1,1,1,9,22,0,0,14,9,30,70,4,2,1,45,55,3,61,31,0,1,0,1,0,11,0,3,0,10,0,3,0,2,0,2,0,4,2,35.592778055555556,139.46797055555555,7,3,9999,0,1,0
1,30,884,151,2,0,1,30000,0,209,2024,2,28,12,45,12,6,13,17,34,1,2,1,1,7,1,21,0,0,15,9,30,70,4,2,1,55,25,4,61,31,0,1,0,1,0,11,0,3,0,50,0,4,0,2,0,2,0,4,2,35.5706575,139.45458777777776,4,3,9999,0,9,0
1,30,884,152,2,0,2,30000,0,209,2024,3,11,12,50,12,5,57,17,45,1,1,1,1,7,4,21,0,0,14,9,30,70,4,2,1,35,75,13,61,31,0,11,0,1,0,11,0,3,0,10,0,3,0,2,0,2,0,4,2,35.510153333333335,139.46658166666666,2,3,9999,0,1,0
1,30,884,154,2,0,1,30000,0,209,2024,3,12,18,15,21,5,56,17,46,3,1,2,7,7,0,0,0,0,1,9,1,70,5,1,1,55,35,4,61,31,0,1,0,1,0,11,0,2,0,10,0,3,0,2,0,2,0,4,2,35.544332777777775,139.43979444444446,3,3,9999,0,9,0
1,30,884,161,2,0,1,30000,0,209,2024,3,19,7,43,12,5,46,17,52,2,1,1,1,7,9,22,0,0,11,9,30,70,5,3,1,45,1,17,61,1,0,11,0,1,0,1,0,10,0,10,0,3,0,2,0,2,0,4,2,35.563491388888885,139.42273972222222,3,2,9999,0,5,0
1,30,884,162,2,0,1,30000,0,209,2024,3,14,18,19,21,5,53,17,48,1,1,1,1,7,1,21,0,0,14,9,30,70,5,2,1,45,25,13,61,31,0,11,0,2,0,11,0,3,0,50,0,4,0,2,0,2,0,4,2,35.55271277777778,139.45122055555555,5,3,9999,0,9,0
1,30,884,163,2,0,1,10490,0,209,2024,3,16,12,40,12,5,50,17,49,1,1,1,14,7,0,0,0,0,4,9,1,70,4,2,1,65,45,4,61,31,0,1,0,1,0,11,0,3,0,10,0,3,0,2,0,2,0,4,2,35.544713888888886,139.45091277777777,7,3,9999,0,9,0
1,30,884,165,2,0,1,10490,0,209,2024,3,21,11,8,12,5,43,17,54,1,1,1,1,1,1,21,0,0,15,9,30,70,4,2,1,1,55,51,61,41,0,0,0,0,0,0,0,0,0,10,0,4,0,0,0,0,0,4,2,35.565237499999995,139.42507083333334,5,3,0,0,0,0
1,30,884,175,2,0,1,30000,0,209,2024,3,25,9,0,12,5,37,17,57,3,1,2,1,7,1,22,0,0,15,9,30,70,4,2,1,1,65,3,61,31,0,1,0,1,0,11,0,2,0,10,0,1,0,2,0,2,0,4,2,35.53503333333333,139.4728286111111,2,3,9999,0,1,0
1,30,884,179,2,0,1,30000,0,209,2024,3,27,13,40,12,5,35,17,59,1,1,1,7,7,0,0,0,0,2,9,1,70,5,4,1,65,65,3,61,31,0,1,0,1,0,11,0,3,0,80,0,4,0,2,0,2,0,4,2,35.54399194444444,139.44650472222222,4,3,9999,0,1,0
1,30,884,182,2,0,1,30000,0,209,2024,3,28,23,45,22,5,33,17,59,3,1,2,1,1,9,22,0,0,19,9,30,70,4,2,1,75,35,3,61,1,0,1,0,1,0,11,0,3,0,10,0,3,0,2,0,2,0,4,2,35.53717333333333,139.4741463888889,5,3,234,0,9,0
1,30,884,184,2,0,1,30550,0,209,2024,3,29,9,50,12,5,32,18,0,3,1,2,1,7,4,21,0,0,14,9,30,70,4,2,1,55,65,12,61,1,0,11,0,2,0,11,0,3,0,50,0,4,0,2,0,2,0,4,2,35.546281944444445,139.4449813888889,6,3,9999,0,5,0
1,30,884,189,2,0,1,30000,0,209,2024,3,23,22,40,22,5,40,17,55,1,1,1,14,7,0,0,0,0,3,9,1,70,4,2,1,35,55,3,61,31,0,1,0,1,0,11,0,3,0,20,0,3,0,2,0,2,0,4,2,35.572837222222226,139.44357972222224,7,3,9999,0,1,0
1,30,885,54,2,0,1,10510,0,212,2024,1,3,13,7,12,6,51,16,40,2,1,1,14,7,0,0,0,0,1,9,1,70,5,2,1,45,0,61,0,0,0,0,0,0,0,0,0,0,0,0,0,0,0,0,0,0,0,2,0,35.659081388888886,139.41721222222222,4,3,0,0,0,0
1,30,885,61,2,0,1,30000,0,212,2024,3,5,16,45,13,6,6,17,40,3,1,2,14,7,0,0,0,0,5,7,1,70,4,2,1,55,1,4,61,31,0,1,0,1,0,11,0,3,0,50,0,3,0,2,0,2,0,4,2,35.67927583333333,139.38163916666667,3,3,9999,0,9,0
1,30,885,63,2,0,1,20780,0,212,2024,3,6,18,10,21,6,4,17,41,1,1,1,1,2,9,22,0,0,14,9,30,70,1,1,1,45,55,35,61,31,0,0,0,0,0,11,0,4,0,10,0,3,0,0,0,0,0,4,2,35.67337555555555,139.41728944444444,4,3,9999,0,9,0
1,30,885,64,2,0,1,30000,0,212,2024,3,7,18,50,22,6,3,17,42,2,1,1,14,7,0,0,0,0,3,9,1,70,5,3,1,55,1,35,61,31,0,0,0,0,0,11,0,2,0,10,0,3,0,0,0,0,0,4,2,35.676188055555556,139.40848277777778,5,3,9999,0,5,0
1,30,885,71,2,0,1,99000,0,212,2024,3,19,13,36,12,5,46,17,52,1,1,1,0,7,0,0,0,0,0,0,20,70,0,4,1,65,75,14,61,31,0,11,0,1,0,11,0,10,0,30,0,3,0,2,0,2,0,4,2,35.682048888888886,139.3794263888889,3,2,9999,0,9,0
1,30,885,74,2,0,1,30000,0,212,2024,3,24,19,4,22,5,39,17,56,3,1,2,1,7,9,22,0,0,11,9,30,1,5,2,1,75,75,4,61,31,0,1,0,1,0,11,0,2,0,50,0,3,0,2,0,2,0,4,2,35.66592277777777,139.41831027777778,1,3,439,0,9,0
1,30,885,78,2,0,1,30000,0,212,2024,3,22,11,12,12,5,42,17,55,1,1,1,14,7,0,0,0,0,2,9,1,70,4,2,1,25,75,3,61,31,0,1,0,1,0,11,0,3,0,40,0,3,0,2,0,2,0,4,2,35.66240416666667,139.3793563888889,6,3,9999,0,1,0
1,30,885,79,2,0,1,30000,0,212,2024,3,29,10,30,12,5,32,18,0,3,1,2,7,7,0,0,0,0,1,9,1,70,5,3,1,75,1,3,61,31,0,1,0,1,0,11,0,10,0,50,0,3,0,2,0,2,0,4,2,35.65994388888889,139.38109861111113,6,3,966,0,9,0
1,30,886,69,2,0,1,30000,0,207,2024,3,10,1,45,22,5,59,17,44,1,2,1,14,7,0,0,0,0,1,9,1,70,5,3,1,55,0,61,0,0,0,0,0,0,0,0,0,0,0,0,0,0,0,0,0,0,0,2,0,35.70892972222222,139.37537555555556,1,3,0,0,0,0
1,30,886,71,2,0,1,30000,0,207,2024,3,10,10,30,12,5,59,17,44,1,1,1,1,1,9,22,0,0,11,9,30,70,4,2,1,25,75,4,61,31,0,1,0,1,0,11,0,3,0,50,0,3,0,2,0,2,0,4,2,35.70028138888889,139.3903472222222,1,3,9999,0,5,0
1,30,886,92,2,0,1,30810,0,207,2024,3,26,20,48,22,5,36,17,58,3,2,2,1,1,9,22,0,0,15,9,30,70,4,2,1,75,25,3,61,31,0,1,0,1,0,1,0,3,0,10,0,3,0,2,0,2,0,4,2,35.72045777777778,139.34277722222222,3,3,502,0,9,0
1,30,887,131,2,0,1,30000,0,202,2024,3,5,17,42,21,6,6,17,40,1,1,2,1,7,9,22,0,0,15,9,30,70,4,2,1,65,25,3,61,31,0,1,0,1,0,11,0,2,0,10,0,3,0,2,0,2,0,4,2,35.69549138888888,139.41733194444444,3,3,9999,0,9,0
1,30,887,134,2,0,1,10520,0,202,2024,3,6,18,10,21,6,4,17,41,2,2,1,1,7,1,21,0,0,15,9,30,70,4,2,1,35,25,3,61,31,0,1,0,1,0,11,0,3,0,10,0,3,0,2,0,2,0,4,2,35.72701194444445,139.4337136111111,4,3,9999,0,1,0
1,30,887,144,2,0,1,30000,0,202,2024,3,14,8,23,12,5,53,17,48,1,1,1,1,7,9,22,0,0,14,9,30,70,5,3,1,35,1,51,61,41,0,0,0,0,0,0,0,0,0,40,0,3,0,0,0,0,0,4,2,35.69327805555555,139.41582444444444,5,3,0,0,0,0
1,30,887,146,2,0,1,30000,0,202,2024,3,14,14,20,12,5,53,17,48,1,2,1,1,1,9,22,0,0,15,9,30,70,4,2,1,75,75,3,61,31,0,1,0,1,0,11,0,3,0,50,0,3,0,2,0,2,0,4,2,35.719316944444444,139.41726027777776,5,3,317,0,1,0
1,30,887,154,2,0,1,20000,0,202,2024,3,19,12,23,12,5,46,17,52,1,1,1,14,7,0,0,0,0,3,9,1,70,4,2,1,25,75,14,61,31,0,11,0,1,0,11,0,1,0,70,0,4,0,2,0,2,0,4,2,35.69772472222222,139.40255000000002,3,2,9999,0,1,0
1,30,887,158,2,0,1,99000,0,202,2024,3,21,22,13,22,5,43,17,54,1,1,1,0,7,0,0,0,0,0,0,20,70,0,4,1,35,35,51,61,41,0,0,0,0,0,0,0,0,0,10,0,3,0,0,0,0,0,4,2,35.701435000000004,139.4127452777778,5,3,0,0,0,0
1,30,887,165,2,0,1,99000,0,202,2024,2,8,19,30,22,6,36,17,15,1,1,1,0,7,0,0,0,0,0,0,20,70,0,1,1,55,45,51,61,41,0,0,0,0,0,0,0,0,0,10,0,3,0,0,0,0,0,4,2,35.69859388888889,139.41286027777778,5,3,0,0,0,0
1,30,887,166,2,0,1,99000,0,202,2024,2,24,21,15,22,6,18,17,31,1,1,1,0,7,0,0,0,0,0,0,20,70,0,4,1,45,25,3,61,1,0,1,0,1,0,11,0,2,0,20,0,4,0,2,0,2,0,4,2,35.696867777777776,139.39539472222222,7,3,9999,0,5,0
1,30,887,172,2,0,1,30000,0,215,2024,3,28,18,36,21,5,33,17,59,2,2,1,1,1,9,22,0,0,14,9,30,70,4,2,1,45,35,3,61,31,0,1,0,1,0,11,0,3,0,10,0,3,0,2,0,2,0,4,2,35.70055722222222,139.4399177777778,5,3,9999,0,1,0
1,30,887,174,2,0,1,30000,0,215,2024,3,28,18,50,21,5,33,17,59,3,2,2,14,7,0,0,0,0,1,8,1,70,5,4,1,55,65,3,61,31,0,1,0,1,0,11,0,10,0,80,0,3,0,2,0,2,0,4,2,35.678714444444445,139.4329,5,3,9999,0,9,0
1,30,887,176,2,0,1,30000,0,215,2024,3,29,19,10,22,5,32,18,0,1,1,1,1,1,9,22,0,0,15,7,30,70,4,2,1,55,45,4,61,31,0,1,0,1,0,11,0,2,0,10,0,3,0,2,0,2,0,4,2,35.69439055555555,139.45609305555556,6,3,9999,0,9,0
1,30,888,34,2,0,1,30000,0,206,2024,3,3,14,6,12,6,8,17,38,1,1,1,14,7,0,0,0,0,1,9,1,70,5,4,1,55,45,51,61,41,0,0,0,0,0,0,0,0,0,10,0,3,0,0,0,0,0,4,2,35.6533825,139.47569944444444,1,3,0,0,0,0
1,30,888,36,2,0,1,30000,0,206,2024,3,5,20,35,22,6,6,17,40,3,1,2,1,1,9,22,0,0,14,9,30,70,5,1,1,55,75,3,61,31,0,1,0,1,0,11,0,3,0,10,0,3,0,2,0,2,0,4,2,35.65989027777778,139.51265722222223,3,3,9999,0,9,0
1,30,888,37,2,0,1,30000,0,206,2024,3,7,12,10,12,6,3,17,42,2,1,1,14,7,0,0,0,0,3,9,1,70,4,3,1,65,75,3,61,31,0,1,0,1,0,11,0,1,0,40,0,4,0,2,0,2,0,4,2,35.670782499999994,139.47694555555555,5,3,9999,0,9,0
1,30,888,39,2,0,1,30000,0,206,2024,1,25,8,5,12,6,46,17,0,1,1,1,1,7,9,22,0,0,11,9,30,70,5,4,1,25,1,51,61,41,0,0,0,0,0,0,0,0,0,10,0,3,0,0,0,0,0,4,2,35.67675277777778,139.50884222222223,5,3,0,0,0,0
1,30,888,44,2,0,1,200,304,206,2024,3,13,18,58,22,5,55,17,47,1,1,1,1,1,9,22,0,0,15,9,30,70,5,2,1,55,45,4,61,31,0,1,0,1,0,11,0,2,0,10,0,4,0,2,0,2,0,4,2,35.67337,139.47919,4,3,9999,0,9,0
1,30,888,48,2,0,1,30000,0,206,2024,3,8,17,45,21,6,1,17,43,1,1,1,14,7,0,0,0,0,1,9,1,70,5,3,1,75,35,4,61,31,0,1,0,1,0,11,0,1,0,40,0,4,0,2,0,2,0,4,2,35.67076833333333,139.47793805555557,6,3,882,0,9,0
1,30,888,51,2,0,1,30000,0,206,2024,3,18,16,56,13,5,47,17,51,1,1,1,1,7,1,21,0,0,14,9,30,70,5,2,1,55,75,3,61,31,0,1,0,1,0,11,0,10,0,10,0,3,0,2,0,2,0,4,2,35.670945833333334,139.4944425,2,3,9999,0,9,0
1,30,888,54,2,0,1,200,322,206,2024,3,14,13,30,12,5,53,17,48,1,1,1,14,7,0,0,0,0,5,9,1,70,4,1,1,35,75,51,61,41,0,0,0,0,0,0,0,0,0,10,0,3,0,0,0,0,0,4,2,35.672913055555554,139.45986833333333,5,3,0,0,0,0
1,30,888,57,2,0,1,200,322,206,2024,3,28,21,43,22,5,33,17,59,3,1,2,1,1,9,22,0,0,19,9,30,70,4,2,1,45,35,3,61,31,0,1,0,1,0,11,0,4,0,10,0,3,0,2,0,2,0,4,2,35.67317138888889,139.45914555555555,5,3,9999,0,5,0
1,30,888,59,2,0,1,10660,0,206,2024,2,5,11,45,12,6,38,17,12,3,1,2,1,1,9,22,0,0,15,9,30,70,4,2,1,55,55,3,61,31,0,1,0,1,0,11,0,3,0,10,0,3,0,2,0,2,0,4,2,35.65867055555555,139.49006972222222,2,3,9999,0,5,0
1,30,889,59,2,0,1,30000,0,210,2024,3,9,3,30,22,6,0,17,43,2,1,1,14,7,0,0,0,0,2,9,1,70,5,1,1,65,55,3,61,31,0,1,0,1,0,11,0,10,0,10,0,3,0,2,0,2,0,4,2,35.70158555555556,139.50689972222222,7,3,9999,0,9,0
1,30,889,62,2,0,1,30000,0,210,2024,3,8,0,3,22,6,1,17,43,3,1,2,1,7,1,21,0,0,15,9,30,70,5,2,1,65,25,3,61,1,0,1,0,1,0,11,0,2,0,10,0,3,0,2,0,2,0,4,2,35.70828138888889,139.50585222222222,6,3,9999,0,9,0
1,30,889,75,2,0,1,30000,0,214,2024,3,29,8,45,12,5,32,18,0,3,1,2,14,7,0,0,0,0,2,9,1,70,5,4,1,35,0,61,0,0,0,0,0,0,0,0,0,0,0,0,0,0,0,0,0,0,0,2,0,35.70981694444445,139.4834833333333,6,3,0,0,0,0
1,30,889,79,2,0,1,30000,0,210,2024,3,30,15,48,12,5,30,18,1,1,1,1,7,1,0,0,0,0,4,9,1,70,4,2,1,65,1,3,61,31,0,1,0,1,0,11,0,3,0,10,0,3,0,2,0,2,0,4,2,35.700775,139.52207555555557,7,3,9999,0,9,0
1,30,889,81,2,0,1,30000,0,214,2024,3,12,8,10,12,5,56,17,46,3,1,1,14,7,0,0,0,0,3,7,1,70,4,1,1,1,0,61,0,0,0,0,0,0,0,0,0,0,0,0,0,0,0,0,0,0,0,2,0,35.70701722222223,139.44390333333334,3,3,0,0,0,0
1,30,890,81,2,0,1,99000,0,229,2023,12,18,10,57,12,6,45,16,30,1,1,1,0,7,0,0,0,0,0,0,20,70,0,4,1,55,65,13,61,31,0,11,0,1,0,11,0,10,0,30,0,4,0,2,0,2,0,4,2,35.74400833333333,139.56537583333335,2,3,9999,0,9,0
1,30,890,83,2,0,1,20000,0,222,2024,2,21,6,48,11,6,22,17,28,1,1,1,1,1,9,22,0,0,15,9,30,70,5,2,1,25,35,17,61,1,0,11,0,2,0,11,0,3,0,10,0,3,0,2,0,2,0,4,2,35.753825,139.5199266666667,4,3,9999,0,1,0
1,30,890,94,2,0,1,30000,0,229,2024,3,9,18,48,22,6,0,17,43,1,1,1,1,7,9,22,0,0,11,9,30,70,5,2,1,65,35,51,61,41,0,0,0,0,0,0,0,0,0,10,0,3,0,0,0,0,0,4,2,35.723578055555556,139.53873638888888,7,3,0,0,0,0
1,30,890,101,2,0,1,30000,0,229,2024,3,29,17,55,13,5,32,18,0,1,1,1,1,7,2,21,0,0,11,9,30,70,4,1,1,55,65,3,61,31,0,1,0,1,0,11,0,3,0,10,0,3,0,2,0,2,0,4,2,35.73059194444445,139.54025944444444,6,3,9999,0,9,0
1,30,890,105,2,0,1,20000,0,229,2024,3,31,11,50,12,5,29,18,2,1,1,1,14,7,0,0,0,0,2,9,1,70,5,3,1,75,1,3,61,31,0,1,0,1,0,11,0,2,0,40,0,4,0,2,0,2,0,4,2,35.72857944444445,139.55037222222222,1,3,312,0,9,0
1,30,891,75,2,0,1,10250,0,213,2024,3,2,20,20,22,6,10,17,37,1,1,1,1,1,9,22,0,0,18,9,30,70,4,1,1,45,75,3,61,31,0,1,0,1,0,11,0,4,0,50,0,4,0,2,0,2,0,4,2,35.75219583333333,139.4619786111111,7,3,9999,0,9,0
1,30,891,76,2,0,1,30000,0,213,2024,3,4,0,35,22,6,7,17,39,1,1,1,14,7,0,0,0,0,3,9,1,70,5,2,1,25,25,17,61,1,0,11,0,1,0,11,0,2,0,10,0,4,0,2,0,2,0,4,2,35.76825861111111,139.47205444444444,2,3,9999,0,1,0
1,30,891,78,2,0,1,99000,0,221,2024,3,4,15,30,12,6,7,17,39,1,1,1,0,7,0,0,0,0,0,0,20,70,0,4,1,35,1,3,61,31,0,1,0,1,0,11,0,10,0,10,0,3,0,2,0,2,0,4,2,35.7860625,139.52925694444446,2,3,9999,0,1,0
1,30,891,82,2,0,1,30000,0,213,2024,2,15,13,28,12,6,29,17,22,1,1,1,13,7,0,0,0,0,2,6,1,70,5,4,1,55,65,4,61,31,0,1,0,1,0,11,0,10,0,40,0,4,0,2,0,2,0,4,2,35.7501575,139.471015,5,3,9999,0,1,0
1,30,891,86,2,0,1,20000,0,213,2024,3,11,15,0,12,5,57,17,45,1,1,1,1,7,9,22,0,0,15,9,30,70,4,2,1,55,1,4,61,31,0,1,0,1,0,11,0,3,0,10,0,3,0,2,0,2,0,4,2,35.744910833333336,139.45662166666665,2,3,9999,0,9,0
1,30,891,97,2,0,1,20000,0,213,2024,3,17,19,11,22,5,49,17,50,1,1,1,1,1,9,22,0,0,15,9,30,70,4,2,1,55,65,4,61,31,0,1,0,1,0,11,0,3,0,30,0,3,0,2,0,2,0,4,2,35.76083138888889,139.4673225,1,3,9999,0,1,0
1,30,891,99,2,0,1,30000,0,221,2024,3,19,8,15,12,5,46,17,52,1,1,1,1,7,1,21,0,0,11,9,30,70,5,2,1,55,55,3,61,31,0,1,0,1,0,1,0,2,0,10,0,3,0,2,0,2,0,4,2,35.76427277777778,139.50529555555556,3,2,9999,0,9,0
1,30,891,106,2,0,1,30000,0,221,2024,3,26,9,15,12,5,36,17,58,3,1,2,1,1,9,22,0,0,15,9,30,70,4,2,1,75,35,3,61,31,0,1,0,1,0,11,0,2,0,10,0,4,0,2,0,2,0,4,2,35.77333333333333,139.52298833333336,3,3,841,0,9,0
1,30,891,108,2,0,1,10560,0,221,2024,3,29,18,57,21,5,32,18,0,1,1,1,1,1,9,22,0,0,15,9,30,70,4,2,1,55,25,3,61,31,0,1,0,1,0,11,0,3,0,10,0,3,0,2,0,2,0,4,2,35.778729722222224,139.51635555555555,6,3,9999,0,9,0
1,30,892,68,2,0,1,10260,0,203,2024,3,5,8,15,12,6,6,17,40,2,1,1,1,1,9,22,0,0,14,9,30,70,4,1,1,55,1,3,61,31,0,1,0,1,0,11,0,3,0,10,0,3,0,2,0,2,0,4,2,35.713973333333335,139.55754555555558,3,3,9999,0,9,0
1,30,892,70,2,0,1,20230,0,203,2024,3,7,18,40,21,6,3,17,42,1,1,1,14,7,0,0,0,0,4,9,1,70,4,1,1,1,45,51,61,41,0,0,0,0,0,0,0,0,0,10,0,3,0,0,0,0,0,4,2,35.699867777777776,139.5712538888889,5,3,0,0,0,0
1,30,892,71,2,0,1,30000,0,203,2024,3,8,22,55,22,6,1,17,43,1,1,2,14,1,0,0,0,0,1,9,1,70,5,3,1,55,55,3,61,1,0,1,0,1,0,11,0,2,0,10,0,2,0,2,0,2,0,4,2,35.70122416666667,139.57367694444443,6,3,9999,0,9,0
1,30,892,74,2,0,1,30000,0,203,2024,3,13,15,40,12,5,55,17,47,1,1,1,1,7,9,22,0,0,11,9,30,1,5,3,1,55,1,3,61,31,0,1,0,1,0,11,0,2,0,10,0,3,0,2,0,2,0,4,2,35.70636805555556,139.58724083333334,4,3,9999,0,9,0
1,30,892,90,2,0,1,30000,0,203,2024,3,31,14,15,12,5,29,18,2,1,1,1,14,7,0,0,0,0,2,9,1,70,5,3,1,45,1,4,61,31,0,1,0,1,0,11,0,5,0,20,0,3,0,2,0,2,0,4,2,35.71547166666667,139.56996638888887,1,3,9999,0,1,0
1,30,892,91,2,0,1,95000,0,203,2024,3,31,18,14,21,5,29,18,2,1,1,1,0,7,0,0,0,0,0,0,20,70,0,4,1,55,25,51,61,41,0,0,0,0,0,0,0,0,0,20,0,3,0,0,0,0,0,2,4,35.70010944444445,139.57240638888888,1,3,0,0,0,0
1,30,893,45,2,0,1,99000,0,204,2024,3,9,11,40,12,6,0,17,43,1,1,1,0,7,0,0,0,0,0,0,20,70,0,4,1,65,35,51,61,41,0,0,0,0,0,0,0,0,0,10,0,3,0,0,0,0,0,4,2,35.679848888888884,139.5301591666667,7,3,0,0,0,0
1,30,893,46,2,0,1,95000,0,204,2024,3,2,10,46,12,6,10,17,37,1,1,1,0,7,0,0,0,0,0,0,20,70,0,4,1,65,75,51,61,41,0,0,0,0,0,0,0,0,0,10,0,4,0,0,0,0,0,4,2,35.69482055555555,139.5699661111111,7,3,0,0,0,0
1,30,893,48,2,0,1,30000,0,204,2024,3,15,21,15,22,5,52,17,49,1,1,1,14,7,0,0,0,0,2,9,1,70,4,2,1,65,55,35,61,31,0,0,0,0,0,11,0,3,0,10,0,3,0,0,0,0,0,4,2,35.668274999999994,139.5746836111111,6,3,9999,0,9,0
1,30,893,54,2,0,1,20900,0,204,2024,3,22,0,15,22,5,42,17,55,1,1,1,1,1,9,22,0,0,15,9,30,70,4,2,1,35,65,34,61,31,0,0,0,0,0,11,0,3,0,40,0,3,0,0,0,0,0,4,2,35.69837583333333,139.5590563888889,6,3,9999,0,9,0
1,30,894,92,2,0,1,20890,0,208,2024,3,2,9,32,12,6,10,17,37,2,1,1,1,1,1,22,0,0,15,9,30,70,4,2,1,45,75,3,61,31,0,1,0,1,0,11,0,3,0,10,0,4,0,2,0,2,0,4,2,35.65239833333333,139.54685333333333,7,3,9999,0,1,0
1,30,894,95,2,0,1,30000,0,208,2024,3,4,8,10,12,6,7,17,39,1,1,1,14,7,0,0,0,0,3,9,1,70,4,2,1,45,35,59,61,0,0,0,0,0,0,0,0,0,0,10,0,4,0,0,0,0,0,4,2,35.6545975,139.5445075,2,3,0,0,0,0
1,30,894,97,2,0,1,30000,0,219,2024,3,5,20,40,22,6,6,17,40,3,1,2,1,1,9,22,0,0,11,9,30,70,4,3,1,25,45,3,61,31,0,1,0,1,0,11,0,3,0,10,0,3,0,2,0,2,0,4,2,35.63781055555555,139.57442805555556,3,3,9999,0,1,0
1,30,894,104,2,0,1,10600,0,208,2024,2,11,11,30,12,6,33,17,18,1,1,1,14,7,0,0,0,0,2,9,1,70,5,1,1,35,55,52,61,41,0,0,0,0,0,0,0,0,0,10,0,4,0,0,0,0,0,4,2,35.67023777777778,139.54437611111112,1,1,0,0,0,0
1,30,894,106,2,0,1,30000,0,208,2024,3,10,16,18,12,5,59,17,44,1,1,1,14,7,0,0,0,0,3,9,1,70,5,2,1,35,25,3,61,31,0,1,0,1,0,11,0,2,0,10,0,3,0,2,0,2,0,4,2,35.65260833333333,139.57690833333334,1,3,9999,0,1,0