資料区分,都道府県コード,警察署等コード,本票番号,事故内容,死者数,負傷者数,路線コード,地点コード,市区町村コード,発生日時　　年,発生日時　　月,発生日時　　日,発生日時　　時,発生日時　　分,昼夜,日の出時刻　　時,日の出時刻　　分,日の入り時刻　　時,日の入り時刻　　分,天候,地形,路面状態,道路形状,信号機,一時停止規制　標識（当事者A）,一時停止規制　表示（当事者A）,一時停止規制　標識（当事者B）,一時停止規制　表示（当事者B）,車道幅員,道路線形,衝突地点,ゾーン規制,中央分離帯施設等,歩車道区分,事故類型,年齢（当事者A）,年齢（当事者B）,当事者種別（当事者A）,当事者種別（当事者B）,用途別（当事者A）,用途別（当事者B）,車両形状等（当事者A）,車両形状等（当事者B）,オートマチック車（当事者A）,オートマチック車（当事者B）,サポカー（当事者A）,サポカー（当事者B）,速度規制（指定のみ）（当事者A）,速度規制（指定のみ）（当事者B）,車両の衝突部位（当事者A）,車両の衝突部位（当事者B）,車両の損壊程度（当事者A）,車両の損壊程度（当事者B）,エアバッグの装備（当事者A）,エアバッグの装備（当事者B）,サイドエアバッグの装備（当事者A）,サイドエアバッグの装備（当事者B）,人身損傷程度（当事者A）,人身損傷程度（当事者B）,lat,lon,曜日(発生年月日),祝日(発生年月日),認知機能検査経過日数（当事者A）,認知機能検査経過日数（当事者B）,運転練習の方法（当事者A）,運転練習の方法（当事者B）
1,30,894,111,2,0,1,30000,0,208,2024,3,13,14,25,12,5,55,17,47,1,1,1,1,7,9,22,0,0,11,9,30,70,5,3,1,65,1,4,61,31,0,1,0,1,0,11,0,2,0,40,0,3,0,2,0,2,0,4,2,35.65195805555555,139.57795666666667,4,3,9999,0,9,0
1,30,894,123,2,0,1,30000,0,219,2024,3,19,12,45,12,5,46,17,52,1,1,1,14,7,0,0,0,0,2,9,1,70,5,4,1,1,35,51,61,41,0,0,0,0,0,0,0,0,0,10,0,3,0,0,0,0,0,4,2,35.62488166666667,139.57298305555554,3,2,0,0,0,0
1,30,894,136,2,0,1,20890,0,208,2024,3,26,17,25,13,5,36,17,58,3,1,2,1,1,9,22,0,0,14,9,30,70,5,3,1,55,55,4,61,31,0,1,0,1,0,11,0,3,0,20,0,4,0,2,0,2,0,4,2,35.65408583333333,139.54117416666668,3,3,9999,0,9,0
1,30,894,145,2,0,1,21230,0,219,2024,2,25,22,0,22,6,17,17,32,3,1,2,14,7,0,0,0,0,3,9,1,70,4,2,1,45,0,61,0,0,0,0,0,0,0,0,0,0,0,0,0,0,0,0,0,0,0,2,0,35.64779611111111,139.57869472222222,1,3,0,0,0,0
1,30,894,146,2,0,1,30000,0,219,2024,3,29,21,45,22,5,32,18,0,1,1,1,1,7,4,21,0,0,15,9,30,70,4,2,1,55,25,4,61,31,0,1,0,1,0,11,0,1,0,10,0,3,0,2,0,2,0,4,2,35.626088333333335,139.57351444444444,6,3,9999,0,9,0
1,30,894,147,2,0,1,95000,0,208,2024,3,30,19,44,22,5,30,18,1,1,1,1,0,7,0,0,0,0,0,0,20,70,0,4,1,25,45,51,61,41,0,0,0,0,0,0,0,0,0,10,0,3,0,0,0,0,0,4,2,35.64008666666667,139.54283666666666,7,3,0,0,0,0
1,30,895,39,2,0,1,30000,0,211,2024,3,14,14,30,12,5,53,17,48,1,1,1,1,7,1,21,0,0,11,9,30,70,5,3,1,45,1,13,61,31,0,11,0,1,0,11,0,10,0,70,0,3,0,2,0,2,0,4,2,35.721966111111115,139.4725925,5,3,9999,0,9,0
1,30,895,48,2,0,1,30000,0,211,2024,3,12,18,22,21,5,56,17,46,3,1,2,1,1,9,22,0,0,15,9,30,70,5,2,1,75,1,3,61,31,0,1,0,1,0,11,0,2,0,20,0,3,0,2,0,2,0,4,2,35.73182055555556,139.43285916666665,3,3,455,0,9,0
1,30,896,2,2,0,1,20000,0,361,2024,3,4,13,5,12,6,7,17,39,1,1,1,1,7,9,22,0,0,18,9,30,70,5,2,1,65,1,3,61,31,0,1,0,1,0,11,0,3,0,50,0,2,0,2,0,2,0,4,2,34.75169666666667,139.3531175,2,3,9999,0,9,0
1,30,100,51,2,0,1,30000,0,101,2024,4,8,11,5,12,5,18,18,9,1,1,1,14,7,0,0,0,0,2,8,1,70,5,3,1,65,45,14,61,1,0,11,0,1,0,11,0,2,0,40,0,4,0,2,0,2,0,4,2,35.68242472222222,139.73942388888887,2,3,9999,0,9,0
1,30,100,52,2,0,1,30000,0,101,2024,4,8,12,55,12,5,18,18,9,2,1,1,1,1,4,21,0,0,15,9,30,70,4,2,1,55,65,52,61,41,0,0,0,0,0,0,0,0,0,30,0,4,0,0,0,0,0,4,2,35.68344972222222,139.73824833333333,2,3,0,0,0,0
1,30,100,53,2,0,1,10010,0,101,2024,3,28,12,23,12,5,33,17,59,2,1,1,7,7,0,0,0,0,5,9,1,70,4,2,1,35,0,61,0,0,0,0,0,0,0,0,0,0,0,0,0,0,0,0,0,0,0,2,0,35.69942861111111,139.74894166666667,5,3,0,0,0,0
1,30,101,39,2,0,1,30000,0,101,2024,4,24,22,25,22,4,57,18,22,3,1,2,1,7,9,22,0,0,11,9,30,70,5,2,1,75,65,3,61,1,0,1,0,1,0,11,0,5,0,10,0,3,0,2,0,2,0,4,2,35.669149999999995,139.7570063888889,4,3,247,0,9,0
1,30,102,34,1,1,0,10100,0,101,2024,4,2,23,58,22,5,26,18,4,1,1,1,1,1,9,22,0,0,18,9,30,70,5,2,1,55,45,3,61,31,0,1,0,1,0,11,0,4,0,10,0,3,0,2,0,2,0,4,1,35.70160027777778,139.75535277777777,3,3,9999,0,9,0
1,30,102,35,2,0,1,30000,0,101,2024,4,6,10,55,12,5,20,18,7,1,1,1,1,1,9,22,0,0,19,9,30,70,4,1,1,65,25,3,61,31,0,1,0,1,0,11,0,4,0,80,0,3,0,2,0,2,0,4,2,35.69289666666666,139.76124916666666,7,3,9999,0,9,0
1,30,102,36,2,0,1,30000,0,101,2024,4,9,12,6,12,5,16,18,9,3,1,2,1,1,9,22,0,0,17,9,30,70,4,2,1,25,1,3,61,31,0,1,0,1,0,11,0,2,0,10,0,3,0,2,0,2,0,4,2,35.69744305555555,139.75418083333332,3,3,9999,0,1,0
1,30,102,40,2,0,1,10050,0,101,2024,4,18,17,15,12,5,4,18,17,3,1,2,14,1,0,0,0,0,1,9,1,70,5,2,1,55,75,51,61,41,0,0,0,0,0,0,0,0,0,10,0,3,0,0,0,0,0,4,2,35.69600694444444,139.75560833333333,5,3,0,0,0,0
1,30,102,44,2,0,1,30000,0,101,2024,4,18,17,45,13,5,4,18,17,3,1,2,1,7,1,21,0,0,14,9,30,1,5,2,1,45,55,3,61,31,0,1,0,1,0,11,0,2,0,10,0,3,0,2,0,2,0,4,2,35.69373583333333,139.7685277777778,5,3,9999,0,1,0
1,30,102,45,2,0,1,30000,0,101,2024,4,26,13,30,12,4,55,18,24,2,1,1,14,7,0,0,0,0,2,9,1,1,5,4,1,65,65,3,61,1,0,1,0,1,0,11,0,2,0,10,0,3,0,2,0,2,0,4,2,35.69157499999999,139.76192805555556,6,3,9999,0,9,0
1,30,102,46,2,0,1,30000,0,101,2024,4,27,13,45,12,4,53,18,24,2,1,1,14,7,0,0,0,0,2,9,1,1,5,3,1,55,75,3,61,31,0,1,0,1,0,11,0,2,0,30,0,4,0,2,0,2,0,4,2,35.692856666666664,139.76426111111113,7,3,9999,0,9,0
1,30,103,28,2,0,1,30000,0,101,2024,4,2,1,31,22,5,26,18,4,1,1,1,14,7,0,0,0,0,2,9,1,1,5,3,1,35,35,3,61,31,0,1,0,1,0,11,0,2,0,10,0,4,0,2,0,2,0,4,2,35.70141805555556,139.77101861111112,3,3,9999,0,1,0
1,30,103,29,2,0,1,99000,0,101,2024,4,3,14,46,12,5,25,18,4,3,1,2,0,7,0,0,0,0,0,0,20,1,0,4,1,75,45,3,61,31,0,1,0,1,0,11,0,10,0,10,0,3,0,2,0,2,0,4,2,35.70006194444445,139.77891666666667,4,3,923,0,9,0
1,30,103,31,2,0,1,10290,0,101,2024,4,11,12,20,12,5,14,18,11,1,1,1,1,7,9,22,0,0,18,9,30,70,4,2,1,45,55,59,61,0,0,0,0,0,0,0,0,0,0,10,0,3,0,0,0,0,0,4,2,35.70286472222222,139.77009944444447,5,3,0,0,0,0
1,30,104,64,2,0,1,30000,0,102,2024,4,3,8,30,12,5,25,18,4,2,1,1,1,7,9,22,0,0,11,9,30,70,5,2,1,55,45,14,61,1,0,11,0,1,0,11,0,2,0,10,0,3,0,2,0,2,0,4,2,35.68856694444444,139.7810652777778,4,3,9999,0,9,0
1,30,104,68,2,0,1,30000,0,102,2024,4,5,9,6,12,5,22,18,6,2,1,1,14,7,0,0,0,0,2,9,1,70,5,2,1,1,55,51,61,41,0,0,0,0,0,0,0,0,0,10,0,3,0,0,0,0,0,4,2,35.687397499999996,139.77779750000002,6,3,0,0,0,0
1,30,104,75,2,0,1,30000,0,102,2024,4,3,16,40,12,5,25,18,4,3,1,2,14,7,0,0,0,0,3,9,1,70,5,2,1,35,1,14,61,1,0,11,0,1,0,11,0,10,0,30,0,3,0,2,0,2,0,4,2,35.68234861111111,139.77194805555555,4,3,9999,0,5,0
1,30,104,84,2,0,1,20020,0,102,2024,4,30,17,32,13,4,50,18,27,2,1,1,14,7,0,0,0,0,1,9,1,70,4,2,1,35,1,51,61,41,0,0,0,0,0,0,0,0,0,40,0,3,0,0,0,0,0,4,2,35.67458555555555,139.77411805555556,3,3,0,0,0,0
1,30,104,85,2,0,1,150,5,102,2024,4,30,14,15,12,4,50,18,27,2,1,1,14,7,0,0,0,0,2,9,1,70,4,2,1,25,0,61,0,0,0,0,0,0,0,0,0,0,0,0,0,0,0,0,0,0,0,2,0,35.68026305555556,139.77213527777778,3,3,0,0,0,0
1,30,105,34,2,0,1,30000,0,102,2024,4,11,18,37,21,5,14,18,11,1,1,1,1,1,2,21,0,0,14,9,30,70,5,2,1,25,35,3,61,1,0,1,0,1,0,11,0,10,0,10,0,3,0,2,0,2,0,4,2,35.692792777777775,139.78056194444446,5,3,9999,0,1,0
1,30,106,43,2,0,1,20090,0,102,2024,2,13,22,45,22,6,31,17,20,1,1,1,1,1,9,22,0,0,18,9,30,70,5,2,1,45,45,3,61,1,0,1,0,1,0,11,0,10,0,10,0,4,0,2,0,2,0,4,2,35.67515361111111,139.76587555555557,3,3,9999,0,5,0
1,30,106,44,2,0,1,10020,0,102,2024,3,12,0,50,22,5,56,17,46,1,1,1,7,7,0,0,0,0,5,9,1,70,6,1,1,1,35,35,61,31,0,0,0,0,0,11,0,10,0,10,0,2,0,0,0,0,0,4,2,35.669310277777775,139.7674613888889,3,3,9999,0,1,0
1,30,106,45,2,0,1,30000,0,102,2024,3,12,19,35,22,5,56,17,46,3,1,2,1,1,9,22,0,0,15,9,30,1,5,2,1,65,45,3,61,1,0,1,0,1,0,11,0,2,0,10,0,3,0,2,0,2,0,4,2,35.66943055555555,139.76961583333335,3,3,9999,0,9,0
1,30,106,47,2,0,1,30000,0,102,2024,3,20,14,45,12,5,45,17,53,1,1,1,14,7,0,0,0,0,3,9,1,70,5,2,1,55,35,14,61,31,0,11,0,1,0,11,0,5,0,30,0,3,0,2,0,2,0,4,2,35.67505083333333,139.76607361111112,4,1,9999,0,2,0
1,30,106,48,2,0,1,30000,0,102,2024,4,1,5,35,11,5,28,18,3,3,1,2,1,1,9,22,0,0,14,9,30,70,5,2,1,65,55,3,61,31,0,1,0,1,0,11,0,2,0,10,0,3,0,2,0,2,0,4,2,35.66645861111111,139.77527361111112,2,3,9999,0,9,0
1,30,106,53,2,0,1,30000,0,102,2024,4,16,8,35,12,5,7,18,15,1,1,1,7,1,0,0,0,0,3,9,1,70,5,2,1,55,55,13,61,31,0,11,0,1,0,11,0,2,0,10,0,3,0,2,0,2,0,4,2,35.66958555555555,139.7649188888889,3,3,9999,0,9,0
1,30,106,56,2,0,1,30000,0,102,2024,4,26,19,30,22,4,55,18,24,1,1,1,14,7,0,0,0,0,2,9,1,70,1,2,1,35,35,3,61,31,0,1,0,1,0,11,0,2,0,50,0,4,0,2,0,2,0,4,2,35.670944444444444,139.7631438888889,6,3,9999,0,1,0
1,30,107,42,2,0,1,20000,0,102,2024,4,13,20,0,22,5,11,18,13,1,1,1,14,7,0,0,0,0,6,9,1,70,1,2,1,45,65,14,61,1,0,11,0,1,0,11,0,3,0,10,0,3,0,2,0,2,0,4,2,35.651221944444444,139.7756413888889,7,3,9999,0,1,0
1,30,107,44,2,0,1,10020,0,102,2024,4,16,11,17,12,5,7,18,15,1,1,1,14,1,0,0,0,0,5,9,1,70,1,1,1,75,45,3,61,1,0,1,0,1,0,11,0,5,0,10,0,3,0,2,0,2,0,4,2,35.65993583333333,139.7772113888889,3,3,342,0,9,0
1,30,108,70,2,0,1,30000,0,103,2024,3,25,9,50,12,5,37,17,57,2,1,2,14,7,0,0,0,0,3,9,1,1,5,2,1,65,55,3,61,1,0,1,0,1,0,11,0,2,0,40,0,3,0,2,0,2,0,4,2,35.66335,139.7508975,2,3,9999,0,9,0
1,30,108,71,2,0,1,10640,0,103,2024,3,26,17,29,13,5,36,17,58,3,1,1,1,1,9,22,0,0,18,9,30,70,4,1,1,45,55,3,61,31,0,1,0,1,0,11,0,3,0,10,0,4,0,2,0,2,0,4,2,35.668122777777775,139.75085277777777,3,3,9999,0,1,0
1,30,108,72,2,0,1,150,33,103,2024,4,3,21,20,22,5,25,18,4,3,1,2,1,1,9,22,0,0,18,9,30,70,1,1,1,25,35,3,61,1,0,1,0,1,0,11,0,10,0,10,0,3,0,2,0,2,0,4,2,35.658873888888884,139.75496055555556,4,3,9999,0,1,0
1,30,108,73,2,0,1,150,33,103,2024,4,4,11,11,12,5,23,18,5,2,1,1,14,1,0,0,0,0,5,9,1,70,1,2,1,1,65,51,61,41,0,0,0,0,0,0,0,0,0,10,0,3,0,0,0,0,0,4,2,35.65902944444444,139.75519444444444,5,3,0,0,0,0
1,30,108,80,2,0,1,30000,0,103,2024,3,27,19,21,22,5,35,17,59,1,1,1,14,7,0,0,0,0,1,9,1,70,5,2,1,25,75,36,61,31,0,0,0,0,0,11,0,10,0,20,0,4,0,0,0,0,0,4,2,35.66520194444444,139.7585375,4,3,0,0,0,0
1,30,108,81,2,0,1,30000,0,103,2024,4,24,11,21,12,4,57,18,22,3,1,2,1,1,9,22,0,0,18,9,30,70,5,1,1,65,25,3,61,31,0,1,0,1,0,11,0,5,0,10,0,3,0,2,0,2,0,4,2,35.668216666666666,139.75650805555554,4,3,9999,0,9,0
1,30,109,56,2,0,1,30000,0,103,2024,3,14,15,40,12,5,53,17,48,1,1,1,14,7,0,0,0,0,2,9,1,1,5,1,1,65,1,13,61,1,0,11,0,1,0,11,0,2,0,40,0,4,0,2,0,2,0,4,2,35.6527325,139.75506638888888,5,3,9999,0,9,0
1,30,109,64,2,0,1,30000,0,103,2024,4,12,23,40,22,5,12,18,12,2,1,1,1,7,9,22,0,0,11,9,30,70,5,2,1,35,25,35,61,31,0,0,0,0,0,11,0,2,0,0,0,3,0,0,0,0,0,2,4,35.647059999999996,139.74705388888887,6,3,9999,0,4,0
1,30,109,67,2,0,1,30000,0,103,2024,4,22,11,10,12,4,59,18,20,1,1,1,1,1,9,22,0,0,14,9,30,70,4,2,1,45,75,3,61,31,0,1,0,1,0,11,0,3,0,10,0,4,0,2,0,2,0,4,2,35.650171944444445,139.74720694444443,2,3,9999,0,5,0
1,30,109,69,2,0,1,30000,0,103,2024,2,24,13,29,12,6,18,17,31,1,1,1,14,1,0,0,0,0,2,9,1,70,4,2,1,45,45,51,61,41,0,0,0,0,0,0,0,0,0,10,0,3,0,0,0,0,0,4,2,35.64438694444444,139.74901444444444,7,3,0,0,0,0
1,30,109,70,2,0,1,10140,0,103,2024,4,24,23,18,22,4,57,18,22,3,1,2,14,7,0,0,0,0,5,9,1,70,2,1,1,35,35,34,61,31,0,0,0,0,0,11,0,4,0,10,0,3,0,0,0,0,0,4,2,35.64210722222222,139.74737194444444,4,3,9999,0,1,0
1,30,110,41,2,0,1,30000,0,103,2024,4,1,11,22,12,5,28,18,3,1,1,1,14,7,0,0,0,0,3,9,1,70,4,2,1,55,1,14,61,1,0,11,0,1,0,11,0,3,0,10,0,3,0,2,0,2,0,4,2,35.63754083333333,139.7336497222222,2,3,9999,0,9,0
1,30,110,45,2,0,1,30100,0,103,2024,4,16,16,0,12,5,7,18,15,1,1,1,1,7,9,22,0,0,14,9,30,70,4,2,1,55,1,13,61,31,0,11,0,1,0,11,0,2,0,10,0,3,0,2,0,2,0,4,2,35.633209722222226,139.73248527777778,3,3,9999,0,9,0
1,30,110,49,2,0,1,10,79,103,2024,3,13,7,30,12,5,55,17,47,1,1,1,14,7,0,0,0,0,5,9,1,70,1,2,1,25,0,61,0,0,0,0,0,0,0,0,0,0,0,0,0,0,0,0,0,0,0,2,0,35.641688333333335,139.7337011111111,4,3,0,0,0,0
1,30,111,77,2,0,1,20170,0,103,2024,4,2,10,0,12,5,26,18,4,1,1,1,1,1,9,22,0,0,19,9,30,70,1,2,1,35,35,3,61,31,0,1,0,1,0,11,0,5,0,10,0,4,0,2,0,2,0,4,2,35.66300888888889,139.73207027777778,3,3,9999,0,5,0
1,30,111,79,2,0,1,30000,0,103,2024,4,6,16,41,12,5,20,18,7,2,1,1,1,6,1,21,0,0,11,9,30,70,5,1,1,55,45,3,61,1,0,1,0,1,0,11,0,1,0,10,0,3,0,2,0,2,0,4,2,35.6499325,139.73454249999998,7,3,9999,0,9,0
1,30,111,89,2,0,1,20140,0,103,2024,4,19,20,12,22,5,3,18,18,1,1,1,1,7,4,21,0,0,14,7,30,70,5,2,1,75,65,3,61,1,0,1,0,1,0,11,0,2,0,50,0,4,0,2,0,2,0,4,2,35.65792416666667,139.7362022222222,6,3,177,0,9,0
1,30,111,91,2,0,1,30000,0,103,2024,4,23,15,20,12,4,58,18,21,2,1,1,14,7,0,0,0,0,2,8,1,70,5,3,1,45,1,36,61,31,0,31,0,0,0,11,0,1,0,10,0,3,0,0,0,0,0,4,2,35.65016111111111,139.73037472222222,3,3,9999,0,4,0
1,30,111,92,2,0,1,10120,0,103,2024,4,25,13,40,12,4,56,18,23,1,1,1,14,7,0,0,0,0,5,9,1,70,4,1,1,25,45,14,61,31,0,11,0,1,0,11,0,3,0,30,0,4,0,2,0,2,0,4,2,35.660716944444445,139.73901444444442,5,3,9999,0,1,0
1,30,111,93,2,0,1,20140,0,103,2024,4,25,8,10,12,4,56,18,23,1,1,1,14,7,0,0,0,0,5,9,1,70,1,2,1,35,25,3,61,31,0,1,0,1,0,11,0,5,0,60,0,4,0,2,0,2,0,4,2,35.64986916666667,139.73663555555555,5,3,9999,0,1,0
1,30,111,94,2,0,1,10120,0,103,2024,4,25,9,7,12,4,56,18,23,1,1,1,14,7,0,0,0,0,5,9,1,70,4,2,1,55,45,17,61,31,0,11,0,1,0,11,0,3,0,30,0,4,0,2,0,2,0,4,2,35.661815555555556,139.7356925,5,3,9999,0,9,0
1,30,111,95,2,0,1,10120,0,103,2024,4,26,18,30,21,4,55,18,24,2,1,1,14,7,0,0,0,0,5,9,1,70,5,2,1,25,25,51,61,41,0,0,0,0,0,0,0,0,0,10,0,3,0,0,0,0,0,2,4,35.66352861111111,139.7318486111111,6,3,0,0,0,0
1,30,112,62,2,0,1,30000,0,103,2024,4,6,11,5,12,5,20,18,7,2,1,1,14,7,0,0,0,0,2,9,1,70,5,4,1,55,25,59,61,0,0,0,0,0,0,0,0,0,0,0,0,4,0,0,0,0,0,4,2,35.67155972222222,139.72339527777777,7,3,0,0,0,0
1,30,112,65,2,0,1,10120,0,103,2024,4,13,21,5,22,5,11,18,13,1,1,1,1,1,9,22,0,0,14,9,30,70,4,2,1,55,75,3,61,31,0,1,0,1,0,11,0,3,0,10,0,3,0,2,0,2,0,4,2,35.67057361111111,139.72668694444445,7,3,9999,0,9,0
1,30,112,66,2,0,1,20170,0,103,2024,4,11,10,45,12,5,14,18,11,1,1,1,1,1,9,22,0,0,18,9,30,70,1,2,1,45,55,17,61,31,0,11,0,2,0,11,0,5,0,40,0,4,0,2,0,2,0,4,2,35.66982944444444,139.74143027777777,5,3,9999,0,1,0
1,30,112,69,2,0,1,30000,0,103,2024,3,26,12,30,12,5,36,17,58,3,1,2,14,7,0,0,0,0,3,9,1,70,5,3,1,55,75,59,61,0,0,0,0,0,0,0,0,0,0,10,0,4,0,0,0,0,0,4,2,35.67133,139.7150925,3,3,0,0,0,0
1,30,112,74,2,0,1,30000,0,103,2024,4,18,11,0,12,5,4,18,17,1,1,1,14,7,0,0,0,0,1,9,1,70,5,3,1,65,25,3,61,1,0,1,0,1,0,11,0,2,0,80,0,3,0,2,0,2,0,4,2,35.662974166666665,139.71224999999998,5,3,9999,0,3,0
1,30,113,69,2,0,1,85010,0,108,2024,2,2,18,30,22,6,41,17,9,1,1,1,1,7,9,22,0,0,11,9,30,70,5,2,1,55,55,14,61,1,0,11,0,1,0,11,0,5,0,12,0,2,0,2,0,2,0,4,2,35.643524444444445,139.81700388888888,6,3,9999,0,9,0
1,30,113,79,2,0,1,99000,0,108,2024,4,20,14,51,12,5,2,18,19,1,1,1,0,7,0,0,0,0,0,0,20,70,0,4,1,55,45,3,61,31,0,1,0,1,0,11,0,10,0,80,0,3,0,2,0,2,0,4,2,35.619549444444445,139.77528777777778,7,3,9999,0,9,0
1,30,216,62,2,0,1,20000,0,109,2024,4,6,5,50,11,5,20,18,7,2,1,1,1,7,9,22,0,0,14,9,30,70,5,1,1,45,35,3,61,1,0,1,0,1,0,11,0,10,0,30,0,3,0,2,0,2,0,4,2,35.60734333333333,139.73590694444442,7,3,9999,0,1,0
1,30,216,76,2,0,1,30000,0,109,2024,4,24,8,10,12,4,57,18,22,3,1,2,14,7,0,0,0,0,1,9,1,70,5,3,1,35,25,14,61,31,0,11,0,2,0,11,0,5,0,30,0,4,0,2,0,2,0,4,2,35.60597972222222,139.73143,4,3,9999,0,1,0
1,30,216,78,2,0,1,30000,0,109,2024,4,25,18,40,21,4,56,18,23,1,1,1,1,7,1,21,0,0,14,9,30,70,4,2,1,55,1,51,61,41,0,0,0,0,0,0,0,0,0,40,0,3,0,0,0,0,0,4,2,35.589823333333335,139.73441,5,3,0,0,0,0
1,30,217,71,2,0,1,30000,0,109,2024,3,26,14,5,12,5,36,17,58,3,1,2,14,7,0,0,0,0,2,8,1,70,5,3,1,1,25,36,61,31,0,0,0,0,0,11,0,2,0,10,0,3,0,0,0,0,0,4,2,35.62212666666667,139.7228213888889,3,3,9999,0,5,0
1,30,217,73,2,0,1,30120,0,109,2024,2,25,23,25,22,6,17,17,32,3,1,2,1,1,9,22,0,0,15,9,30,70,1,2,1,25,45,3,61,31,0,1,0,1,0,11,0,5,0,10,0,3,0,2,0,2,0,4,2,35.63472083333333,139.715115,1,3,9999,0,1,0
1,30,217,79,2,0,1,10160,0,109,2024,2,13,14,0,12,6,31,17,20,1,1,1,14,7,0,0,0,0,3,9,1,70,5,1,1,25,45,51,61,41,0,0,0,0,0,0,0,0,0,10,0,4,0,0,0,0,0,4,2,35.62384055555555,139.72071166666666,3,3,0,0,0,0
1,30,218,55,2,0,1,30000,0,109,2023,12,4,16,0,13,6,34,16,28,1,1,1,7,7,0,0,0,0,2,9,1,70,5,3,1,75,0,61,0,0,0,0,0,0,0,0,0,0,0,0,0,0,0,0,0,0,0,2,0,35.61614055555556,139.71243638888888,2,3,0,0,0,0
1,30,218,56,2,0,1,30000,0,109,2024,2,2,12,55,12,6,41,17,9,1,1,2,7,7,0,0,0,0,4,9,1,70,5,3,1,75,75,51,61,41,0,0,0,0,0,0,0,0,0,10,0,3,0,0,0,0,0,4,2,35.60118638888889,139.7088447222222,6,3,0,0,0,0
1,30,218,59,2,0,1,10170,0,109,2024,3,2,17,40,21,6,10,17,37,1,1,1,1,8,1,21,0,0,17,9,30,70,1,1,1,25,45,51,61,41,0,0,0,0,0,0,0,0,0,10,0,3,0,0,0,0,0,4,2,35.60849805555556,139.70460277777778,7,3,0,0,0,0
1,30,218,64,2,0,1,30000,0,109,2024,4,1,17,20,13,5,28,18,3,2,1,1,14,7,0,0,0,0,2,9,1,70,5,3,1,45,1,3,61,31,0,1,0,1,0,11,0,2,0,20,0,3,0,2,0,2,0,4,2,35.608049722222226,139.70857833333332,2,3,9999,0,1,0
1,30,218,70,2,0,1,30000,0,109,2024,4,4,11,53,12,5,23,18,5,2,1,1,14,7,0,0,0,0,3,9,1,70,4,3,1,55,25,3,61,31,0,1,0,1,0,11,0,2,0,80,0,4,0,2,0,2,0,4,2,35.61523277777778,139.71715527777778,5,3,9999,0,1,0
1,30,218,72,2,0,1,30000,0,109,2024,4,12,11,5,12,5,12,18,12,3,1,2,14,7,0,0,0,0,3,8,1,70,5,4,1,75,35,52,61,41,0,0,0,0,0,0,0,0,0,20,0,4,0,0,0,0,0,2,4,35.60962888888889,139.72299388888888,6,3,0,0,0,0
1,30,218,74,2,0,1,10,125,109,2024,3,31,14,31,12,5,29,18,2,1,1,1,14,7,0,0,0,0,4,9,1,70,1,2,1,55,25,1,61,1,0,1,0,2,0,11,0,1,0,41,0,3,0,2,0,2,0,4,2,35.60568833333333,139.71383333333333,1,3,9999,0,9,0
1,30,218,78,2,0,1,30000,0,109,2024,4,21,15,20,12,5,1,18,19,2,1,1,14,7,0,0,0,0,3,9,1,70,5,3,1,35,75,51,61,41,0,0,0,0,0,0,0,0,0,10,0,4,0,0,0,0,0,4,2,35.61876027777778,139.708205,1,3,0,0,0,0
1,30,218,88,2,0,1,30000,0,109,2024,4,21,8,44,12,5,1,18,19,1,1,1,14,7,0,0,0,0,3,8,1,70,5,3,1,45,25,14,61,31,0,11,0,1,0,11,0,2,0,20,0,3,0,2,0,2,0,4,2,35.61459027777778,139.71784722222222,1,3,9999,0,1,0
1,30,219,100,2,0,1,30710,0,111,2024,4,6,18,10,21,5,20,18,7,1,1,1,1,7,9,22,0,0,15,9,30,70,4,2,1,25,55,35,61,31,0,0,0,0,0,11,0,3,0,10,0,3,0,0,0,0,0,4,2,35.591836666666666,139.7200511111111,7,3,9999,0,1,0
1,30,219,102,2,0,1,30000,0,111,2024,3,14,16,15,12,5,53,17,48,1,1,1,7,7,0,0,0,0,3,9,1,70,5,3,1,1,65,36,61,31,0,0,0,0,0,11,0,2,0,40,0,3,0,0,0,0,0,4,2,35.582434444444445,139.72372611111112,5,3,9999,0,5,0
1,30,219,105,2,0,1,30700,0,111,2024,4,10,16,55,12,5,15,18,10,1,1,1,14,7,0,0,0,0,4,8,1,70,4,2,1,25,1,51,61,41,0,0,0,0,0,0,0,0,0,10,0,4,0,0,0,0,0,4,2,35.58221777777778,139.72954833333333,4,3,0,0,0,0
1,30,219,107,2,0,1,20180,0,111,2024,4,11,8,35,12,5,14,18,11,1,1,1,14,7,0,0,0,0,4,9,1,70,4,1,1,35,1,51,61,41,0,0,0,0,0,0,0,0,0,30,0,4,0,0,0,0,0,4,2,35.58444277777778,139.72439583333335,5,3,0,0,0,0
1,30,219,113,2,0,1,10070,0,111,2024,4,16,13,55,12,5,7,18,15,1,1,1,14,7,0,0,0,0,3,9,1,70,1,1,1,55,45,3,61,31,0,1,0,1,0,11,0,5,0,30,0,3,0,2,0,2,0,4,2,35.57732305555556,139.74672416666667,3,3,9999,0,9,0
1,30,220,70,2,0,1,10170,0,111,2024,4,10,16,10,12,5,15,18,10,1,1,1,1,1,1,21,0,0,17,9,30,70,1,1,1,25,65,51,61,41,0,0,0,0,0,0,0,0,0,10,0,3,0,0,0,0,0,4,2,35.60162666666667,139.69450944444444,4,3,0,0,0,0
1,30,220,81,2,0,1,30000,0,111,2024,4,30,8,7,12,4,50,18,27,2,1,2,14,7,0,0,0,0,3,9,1,70,5,4,1,1,65,51,61,41,0,0,0,0,0,0,0,0,0,10,0,3,0,0,0,0,0,4,2,35.58189111111111,139.6992072222222,3,3,0,0,0,0