資料区分,都道府県コード,警察署等コード,本票番号,事故内容,死者数,負傷者数,路線コード,地点コード,市区町村コード,発生日時　　年,発生日時　　月,発生日時　　日,発生日時　　時,発生日時　　分,昼夜,日の出時刻　　時,日の出時刻　　分,日の入り時刻　　時,日の入り時刻　　分,天候,地形,路面状態,道路形状,信号機,一時停止規制　標識（当事者A）,一時停止規制　表示（当事者A）,一時停止規制　標識（当事者B）,一時停止規制　表示（当事者B）,車道幅員,道路線形,衝突地点,ゾーン規制,中央分離帯施設等,歩車道区分,事故類型,年齢（当事者A）,年齢（当事者B）,当事者種別（当事者A）,当事者種別（当事者B）,用途別（当事者A）,用途別（当事者B）,車両形状等（当事者A）,車両形状等（当事者B）,オートマチック車（当事者A）,オートマチック車（当事者B）,サポカー（当事者A）,サポカー（当事者B）,速度規制（指定のみ）（当事者A）,速度規制（指定のみ）（当事者B）,車両の衝突部位（当事者A）,車両の衝突部位（当事者B）,車両の損壊程度（当事者A）,車両の損壊程度（当事者B）,エアバッグの装備（当事者A）,エアバッグの装備（当事者B）,サイドエアバッグの装備（当事者A）,サイドエアバッグの装備（当事者B）,人身損傷程度（当事者A）,人身損傷程度（当事者B）,lat,lon,曜日(発生年月日),祝日(発生年月日),認知機能検査経過日数（当事者A）,認知機能検査経過日数（当事者B）,運転練習の方法（当事者A）,運転練習の方法（当事者B）
1,30,221,80,2,0,1,30000,0,111,2024,4,6,14,45,12,5,20,18,7,1,1,1,1,7,1,21,0,0,11,9,30,70,5,3,1,55,75,3,61,31,0,1,0,1,0,11,0,10,0,10,0,4,0,2,0,2,0,4,2,35.56275222222222,139.73540638888886,7,3,9999,0,9,0
1,30,221,81,2,0,1,30000,0,111,2024,4,7,18,31,21,5,19,18,8,1,1,1,14,7,0,0,0,0,2,9,1,70,4,3,1,1,1,3,61,31,0,1,0,1,0,11,0,2,0,10,0,3,0,2,0,2,0,4,2,35.56200472222222,139.7115025,1,3,9999,0,1,0
1,30,221,90,2,0,1,10190,0,111,2024,4,19,17,23,13,5,3,18,18,1,1,1,1,1,9,22,0,0,18,9,30,70,4,1,1,55,1,3,61,1,0,1,0,1,0,11,0,3,0,10,0,3,0,2,0,2,0,4,2,35.564155,139.71448916666665,6,3,9999,0,9,0
1,30,221,100,2,0,1,30000,0,111,2024,3,24,18,45,21,5,39,17,56,3,1,2,1,7,9,22,0,0,15,9,30,70,5,1,1,35,45,51,61,41,0,0,0,0,0,0,0,0,0,10,0,4,0,0,0,0,0,4,2,35.56296944444444,139.71560388888886,1,3,0,0,0,0
1,30,222,80,2,0,1,30000,0,111,2024,4,4,0,10,22,5,23,18,5,3,1,2,14,7,0,0,0,0,2,9,1,70,5,3,1,45,45,51,61,41,0,0,0,0,0,0,0,0,0,10,0,3,0,0,0,0,0,4,2,35.57150194444445,139.70760027777777,5,3,0,0,0,0
1,30,222,89,2,0,1,30000,0,111,2024,4,1,9,10,12,5,28,18,3,2,1,2,14,7,0,0,0,0,3,9,1,70,5,2,1,55,75,51,61,41,0,0,0,0,0,0,0,0,0,10,0,3,0,0,0,0,0,4,2,35.572948888888895,139.69483555555556,2,3,0,0,0,0
1,30,222,93,2,0,1,10,160,111,2024,4,14,15,17,12,5,10,18,14,1,1,1,7,1,0,0,0,0,6,9,1,70,1,2,1,25,0,61,0,0,0,0,0,0,0,0,0,0,0,0,0,0,0,0,0,0,0,2,0,35.576927500000004,139.69972,1,3,0,0,0,0
1,30,222,100,2,0,1,30000,0,111,2024,4,3,13,50,12,5,25,18,4,1,1,1,14,7,0,0,0,0,2,9,1,70,5,2,1,1,75,51,61,41,0,0,0,0,0,0,0,0,0,20,0,4,0,0,0,0,0,4,2,35.58412222222223,139.71188388888888,4,3,0,0,0,0
1,30,222,110,2,0,1,30000,0,111,2024,4,25,15,25,12,4,56,18,23,1,1,1,14,7,0,0,0,0,4,9,1,1,4,3,1,75,35,3,61,31,0,1,0,1,0,11,0,2,0,40,0,3,0,2,0,2,0,4,2,35.57647138888889,139.69233972222221,5,3,568,0,4,0
1,30,325,91,1,1,0,10130,0,112,2024,4,2,2,51,22,5,26,18,4,1,1,1,14,7,0,0,0,0,5,9,1,70,1,1,1,1,25,3,61,31,0,1,0,1,0,11,0,4,0,50,0,1,0,2,0,2,0,4,1,35.64431833333333,139.6607236111111,3,3,9999,0,1,0
1,30,325,92,2,0,1,20000,0,112,2024,3,27,20,0,22,5,35,17,59,1,1,1,7,7,0,0,0,0,3,9,1,70,4,2,1,35,55,36,61,31,0,0,0,0,0,11,0,2,0,10,0,3,0,0,0,0,0,4,2,35.63357972222222,139.660855,4,3,9999,0,5,0
1,30,325,97,2,0,1,20210,0,112,2024,4,20,13,3,12,5,2,18,19,1,1,1,14,7,0,0,0,0,2,9,1,70,4,2,1,65,65,3,61,31,0,1,0,1,0,11,0,3,0,10,0,3,0,2,0,2,0,4,2,35.63247805555556,139.6613838888889,7,3,9999,0,9,0
1,30,325,106,2,0,1,30210,0,112,2024,4,25,7,55,12,4,56,18,23,1,1,1,1,7,1,21,0,0,11,9,30,70,4,2,1,35,65,14,61,31,0,11,0,1,0,11,0,3,0,10,0,3,0,2,0,2,0,4,2,35.631881666666665,139.6706211111111,5,3,9999,0,5,0
1,30,325,107,2,0,1,10130,0,112,2024,4,26,12,20,12,4,55,18,24,2,1,1,14,7,0,0,0,0,1,9,1,70,5,2,1,55,35,51,61,41,0,0,0,0,0,0,0,0,0,44,0,4,0,0,0,0,0,4,2,35.62898111111111,139.67406694444443,6,3,0,0,0,0
1,30,326,78,2,0,1,10130,0,112,2024,4,6,12,40,12,5,20,18,7,2,1,1,1,1,9,22,0,0,18,9,30,70,1,1,1,35,1,14,61,1,0,11,0,1,0,11,0,4,0,10,0,3,0,2,0,2,0,4,2,35.669283888888884,139.66139472222224,7,3,9999,0,5,0
1,30,326,79,2,0,1,200,128,112,2024,4,6,13,35,12,5,20,18,7,2,1,1,14,7,0,0,0,0,1,9,1,70,5,2,1,55,1,51,61,41,0,0,0,0,0,0,0,0,0,10,0,3,0,0,0,0,0,4,2,35.671818888888886,139.65847666666667,7,3,0,0,0,0
1,30,326,81,2,0,1,30000,0,112,2024,4,8,8,40,12,5,18,18,9,2,1,1,7,7,0,0,0,0,1,9,1,70,5,3,1,55,75,3,61,1,0,1,0,1,0,11,0,10,0,10,0,4,0,2,0,2,0,4,2,35.659214444444444,139.65036777777777,2,3,9999,0,9,0
1,30,326,96,2,0,1,30740,0,112,2024,4,21,14,45,12,5,1,18,19,2,1,1,7,7,0,0,0,0,1,9,1,70,5,3,1,35,25,35,61,31,0,0,0,0,0,11,0,2,0,10,0,3,0,0,0,0,0,4,2,35.666491666666666,139.6711022222222,1,3,9999,0,1,0
1,30,326,103,2,0,1,30000,0,112,2024,4,27,9,46,12,4,53,18,24,2,1,2,14,7,0,0,0,0,2,9,1,70,5,3,1,25,25,3,61,31,0,1,0,1,0,11,0,10,0,20,0,3,0,2,0,2,0,4,2,35.66083277777778,139.6443138888889,7,3,9999,0,1,0
1,30,327,187,2,0,1,30000,0,112,2024,3,29,16,0,12,5,32,18,0,1,1,1,1,7,1,21,0,0,15,9,30,70,5,3,1,45,35,4,61,31,0,1,0,1,0,11,0,10,0,10,0,3,0,2,0,2,0,4,2,35.60838583333334,139.6339536111111,6,3,9999,0,9,0
1,30,327,192,2,0,2,30000,0,112,2024,4,5,15,47,12,5,22,18,6,2,1,1,14,7,0,0,0,0,2,9,1,70,6,4,1,65,1,3,61,31,0,1,0,1,0,11,0,10,0,80,0,4,0,2,0,2,0,4,2,35.63932472222222,139.6320138888889,6,3,9999,0,1,0
1,30,327,196,2,0,1,20240,0,112,2024,4,12,11,15,12,5,12,18,12,3,1,2,1,7,9,22,0,0,11,9,30,70,4,2,1,75,65,3,61,31,0,1,0,1,0,11,0,5,0,80,0,4,0,2,0,2,0,4,2,35.60738555555556,139.65822,6,3,280,0,9,0
1,30,327,198,2,0,1,10200,0,112,2024,4,13,8,30,12,5,11,18,13,1,1,1,1,7,9,22,0,0,17,9,30,70,1,1,1,25,65,3,61,31,0,1,0,1,0,11,0,10,0,50,0,4,0,2,0,2,0,4,2,35.622682777777776,139.6283852777778,7,3,9999,0,1,0
1,30,327,202,2,0,1,2460,105,112,2024,4,14,11,30,12,5,10,18,14,1,1,1,14,7,0,0,0,0,4,9,1,70,1,2,1,55,75,51,61,41,0,0,0,0,0,0,0,0,0,40,0,4,0,0,0,0,0,4,2,35.62999722222222,139.6522113888889,1,3,0,0,0,0
1,30,327,203,2,0,1,30000,0,112,2024,4,15,8,15,12,5,8,18,14,1,1,1,14,7,0,0,0,0,2,9,1,70,5,3,1,1,0,61,0,0,0,0,0,0,0,0,0,0,0,0,0,0,0,0,0,0,0,2,0,35.628992777777775,139.64050944444443,2,3,0,0,0,0
1,30,327,211,2,0,1,30000,0,112,2024,4,13,15,55,12,5,11,18,13,1,1,1,14,7,0,0,0,0,2,9,1,70,5,4,1,65,1,51,61,41,0,0,0,0,0,0,0,0,0,40,0,4,0,0,0,0,0,2,4,35.630719444444445,139.65112805555557,7,3,0,0,0,0
1,30,327,214,2,0,1,20240,0,112,2024,4,24,8,5,12,4,57,18,22,3,1,2,14,7,0,0,0,0,4,9,1,70,4,1,1,1,1,51,61,41,0,0,0,0,0,0,0,0,0,20,0,4,0,0,0,0,0,4,2,35.62253388888889,139.6569875,4,3,0,0,0,0
1,30,327,217,2,0,1,2460,101,112,2024,3,23,10,45,12,5,40,17,55,3,1,1,7,1,0,0,0,0,2,9,1,70,1,2,1,75,0,61,0,0,0,0,0,0,0,0,0,0,0,0,0,0,0,0,0,0,0,2,0,35.63090916666667,139.65642333333335,7,3,0,0,0,0
1,30,327,219,2,0,1,10200,0,112,2024,4,27,15,5,12,4,53,18,24,2,1,2,14,7,0,0,0,0,1,9,1,70,5,2,1,55,35,52,61,41,0,0,0,0,0,0,0,0,0,40,0,3,0,0,0,0,0,2,4,35.60178722222222,139.65887472222224,7,3,0,0,0,0
1,30,328,142,2,0,1,200,160,115,2023,7,1,22,8,22,4,29,19,1,3,1,2,1,7,9,22,0,0,17,9,30,70,1,1,1,25,35,51,61,41,0,0,0,0,0,0,0,0,0,40,0,4,0,0,0,0,0,4,2,35.670275277777776,139.6248602777778,7,3,0,0,0,0
1,30,328,148,2,0,1,200,182,112,2024,4,3,16,35,12,5,25,18,4,3,1,1,14,1,0,0,0,0,1,9,1,70,5,2,1,1,75,52,61,41,0,0,0,0,0,0,0,0,0,10,0,3,0,0,0,0,0,4,2,35.67258583333333,139.60140333333334,4,3,0,0,0,0
1,30,328,153,2,0,1,30000,0,112,2024,4,8,17,24,13,5,18,18,9,2,1,1,14,7,0,0,0,0,3,9,1,70,5,3,1,35,45,3,61,31,0,1,0,1,0,11,0,2,0,20,0,3,0,2,0,2,0,4,2,35.66420055555555,139.60238583333333,2,3,9999,0,5,0
1,30,328,156,2,0,1,30000,0,112,2024,4,16,11,50,12,5,7,18,15,1,1,1,14,7,0,0,0,0,4,9,1,70,5,2,1,45,1,14,61,1,0,11,0,1,0,11,0,3,0,10,0,3,0,2,0,2,0,4,2,35.659663333333334,139.62312444444444,3,3,9999,0,9,0
1,30,328,160,2,0,1,30000,0,112,2024,4,20,17,5,12,5,2,18,19,2,1,1,14,7,0,0,0,0,2,9,1,70,5,3,1,45,1,4,61,31,0,1,0,1,0,11,0,10,0,88,0,3,0,2,0,2,0,4,2,35.6664075,139.60514999999998,7,3,9999,0,1,0
1,30,328,163,2,0,1,10210,0,112,2023,12,15,8,0,12,6,43,16,29,2,1,1,14,7,0,0,0,0,3,9,1,70,4,1,1,35,25,51,61,41,0,0,0,0,0,0,0,0,0,10,0,4,0,0,0,0,0,4,2,35.634836944444444,139.61273944444443,6,3,0,0,0,0
1,30,328,164,2,0,1,30000,0,112,2024,4,24,14,30,12,4,57,18,22,3,1,2,14,7,0,0,0,0,2,9,1,70,5,3,1,55,35,13,61,1,0,11,0,1,0,11,0,2,0,30,0,4,0,2,0,2,0,4,2,35.669269166666666,139.5984202777778,4,3,9999,0,9,0
1,30,328,165,2,0,1,30000,0,112,2024,4,24,19,5,21,4,57,18,22,3,1,2,1,1,9,22,0,0,11,6,30,70,5,2,1,1,1,4,61,31,0,1,0,2,0,11,0,3,0,10,0,3,0,2,0,2,0,4,2,35.633136388888886,139.60421555555556,4,3,9999,0,1,0
1,30,328,166,2,0,1,10200,0,112,2024,4,25,7,50,12,4,56,18,23,1,1,1,1,1,0,0,0,0,11,9,30,70,1,2,1,1,0,61,0,0,0,0,0,0,0,0,0,0,0,0,0,0,0,0,0,0,0,2,0,35.66333833333333,139.61418555555554,5,3,0,0,0,0
1,30,328,167,2,0,1,30000,0,115,2024,4,1,16,15,12,5,28,18,3,1,1,2,1,1,9,22,0,0,15,9,30,70,5,2,1,55,45,14,61,1,0,11,0,1,0,11,0,5,0,50,0,4,0,2,0,2,0,4,2,35.671768888888884,139.60897888888888,2,3,9999,0,9,0
1,30,328,172,2,0,1,30000,0,112,2024,4,29,17,50,13,4,51,18,26,1,1,1,14,7,0,0,0,0,3,9,1,70,4,2,1,25,35,4,61,31,0,1,0,1,0,11,0,2,0,10,0,3,0,2,0,2,0,4,2,35.6648725,139.58901555555556,2,1,9999,0,1,0
1,30,328,173,2,0,1,30000,0,112,2024,4,19,14,20,12,5,3,18,18,1,1,1,7,7,0,0,0,0,2,9,1,70,5,2,1,25,1,51,61,41,0,0,0,0,0,0,0,0,0,10,0,4,0,0,0,0,0,4,2,35.6550175,139.62984555555556,6,3,0,0,0,0
1,30,328,176,2,0,1,30000,0,112,2024,4,1,13,30,12,5,28,18,3,1,1,1,1,7,9,22,0,0,11,9,30,70,5,3,1,65,1,3,61,31,0,1,0,1,0,11,0,2,0,80,0,3,0,2,0,2,0,4,2,35.63983472222222,139.61302333333333,2,3,9999,0,9,0
1,30,328,178,2,0,1,30000,0,112,2024,3,16,9,50,12,5,50,17,49,1,1,1,1,1,9,22,0,0,14,9,30,70,5,2,1,75,55,51,61,41,0,0,0,0,0,0,0,0,0,10,0,3,0,0,0,0,0,4,2,35.6732325,139.5940763888889,7,3,0,0,0,0
1,30,329,75,2,0,1,10080,0,110,2024,4,6,17,30,13,5,20,18,7,1,1,1,14,7,0,0,0,0,5,9,1,70,4,1,1,35,75,3,61,31,0,1,0,1,0,11,0,4,0,30,0,4,0,2,0,2,0,4,2,35.63232138888889,139.7074197222222,7,3,9999,0,1,0
1,30,329,89,2,0,2,10080,0,110,2024,4,30,21,35,22,4,50,18,27,2,1,1,13,7,0,0,0,0,5,5,1,70,6,1,1,35,75,35,61,31,0,0,0,0,0,11,0,4,0,10,0,3,0,0,0,0,0,2,2,35.631976111111115,139.7067211111111,3,3,9999,0,1,0
1,30,330,81,2,0,1,10080,0,110,2024,4,2,13,59,12,5,26,18,4,1,1,1,1,1,9,22,0,0,17,9,30,70,1,2,1,35,75,34,61,31,0,0,0,0,0,11,0,3,0,40,0,4,0,0,0,0,0,4,2,35.624089166666664,139.686775,3,3,9999,0,1,0
1,30,330,82,2,0,1,20190,0,110,2024,4,3,19,5,22,5,25,18,4,3,1,2,1,1,9,22,0,0,18,9,30,70,4,2,1,55,55,3,61,31,0,1,0,1,0,11,0,2,0,80,0,4,0,2,0,2,0,4,2,35.62765972222222,139.69335388888888,4,3,9999,0,1,0
1,30,330,86,2,0,1,30000,0,110,2024,4,10,15,28,12,5,15,18,10,1,1,1,1,7,9,22,0,0,11,9,30,70,4,3,1,45,65,3,61,31,0,1,0,1,0,11,0,1,0,50,0,3,0,2,0,2,0,4,2,35.630179444444444,139.6835702777778,4,3,9999,0,5,0
1,30,330,88,2,0,1,30000,0,110,2024,3,27,18,35,21,5,35,17,59,1,1,1,1,7,9,22,0,0,14,9,30,70,5,3,1,75,55,3,61,31,0,1,0,1,0,11,0,2,0,70,0,3,0,2,0,2,0,4,2,35.630162222222225,139.68352611111112,4,3,868,0,9,0
1,30,330,89,2,0,1,30000,0,110,2024,4,4,11,32,12,5,23,18,5,2,1,1,14,7,0,0,0,0,2,9,1,70,5,3,1,55,25,3,61,31,0,1,0,1,0,11,0,2,0,80,0,3,0,2,0,2,0,4,2,35.62773027777778,139.69462666666666,5,3,9999,0,9,0
1,30,330,90,2,0,1,30000,0,110,2024,4,13,8,40,12,5,11,18,13,1,1,1,7,1,0,0,0,0,2,9,1,70,4,3,1,65,35,3,61,1,0,1,0,1,0,11,0,1,0,10,0,4,0,2,0,2,0,4,2,35.60734388888889,139.66686666666666,7,3,9999,0,9,0
1,30,330,91,2,0,1,10080,0,110,2024,4,14,11,40,12,5,10,18,14,1,1,1,14,7,0,0,0,0,5,9,1,70,1,2,1,35,35,51,61,41,0,0,0,0,0,0,0,0,0,10,0,3,0,0,0,0,0,4,2,35.61828972222222,139.6751786111111,1,3,0,0,0,0
1,30,330,96,2,0,1,30000,0,110,2024,3,26,19,5,22,5,36,17,58,3,1,2,14,7,0,0,0,0,2,9,1,1,5,3,1,65,35,4,61,31,0,1,0,1,0,11,0,2,0,40,0,4,0,2,0,2,0,4,2,35.62314138888889,139.66976888888888,3,3,9999,0,9,0
1,30,330,102,2,0,1,30000,0,110,2024,4,14,11,8,12,5,10,18,14,1,1,1,1,7,9,22,0,0,15,6,30,70,4,2,1,55,25,3,61,31,0,1,0,1,0,11,0,3,0,0,0,4,0,2,0,2,0,4,2,35.618698611111114,139.67504888888888,1,3,9999,0,9,0
1,30,331,68,2,0,1,30000,0,113,2023,12,16,18,19,22,6,43,16,29,1,1,1,14,7,0,0,0,0,3,9,1,70,5,3,1,55,75,51,61,41,0,0,0,0,0,0,0,0,0,0,0,4,0,0,0,0,0,4,2,35.66565416666666,139.69238416666667,7,3,0,0,0,0
1,30,331,73,2,0,1,30000,0,113,2024,4,4,20,50,22,5,23,18,5,1,1,1,1,7,9,22,0,0,14,9,30,70,5,1,1,35,45,3,61,1,0,1,0,1,0,11,0,2,0,10,0,3,0,2,0,2,0,4,2,35.65443361111111,139.70425722222222,5,3,9999,0,4,0
1,30,331,82,2,0,1,30000,0,113,2024,4,4,11,55,12,5,23,18,5,2,1,1,14,7,0,0,0,0,1,9,1,70,5,3,1,35,1,3,61,31,0,1,0,1,0,11,0,5,0,10,0,3,0,2,0,2,0,4,2,35.66055472222222,139.70462694444444,5,3,9999,0,1,0
1,30,331,85,2,0,1,30000,0,113,2024,4,6,18,50,21,5,20,18,7,1,1,1,14,7,0,0,0,0,2,9,1,70,5,2,1,45,25,35,61,31,0,0,0,0,0,11,0,5,0,10,0,4,0,0,0,0,0,4,2,35.657945,139.69931,7,3,9999,0,1,0
1,30,331,86,2,0,1,10650,0,113,2024,4,22,20,35,22,4,59,18,20,1,1,1,14,7,0,0,0,0,5,9,1,70,4,1,1,55,65,14,61,31,0,11,0,1,0,11,0,4,0,10,0,3,0,2,0,2,0,4,2,35.6478075,139.70124638888888,2,3,9999,0,9,0
1,30,331,90,2,0,1,30000,0,113,2024,3,27,8,0,12,5,35,17,59,1,1,1,1,7,9,22,0,0,14,9,30,70,5,2,1,25,25,3,61,1,0,1,0,1,0,11,0,5,0,80,0,4,0,2,0,2,0,4,2,35.6586925,139.6984825,4,3,9999,0,1,0
1,30,331,93,2,0,1,10090,0,113,2024,4,26,9,42,12,4,55,18,24,1,1,1,14,7,0,0,0,0,2,9,1,70,5,2,1,55,75,51,61,41,0,0,0,0,0,0,0,0,0,10,0,3,0,0,0,0,0,4,2,35.65569555555555,139.70625249999998,6,3,0,0,0,0
1,30,332,34,2,0,1,10090,0,113,2024,4,7,20,30,22,5,19,18,8,1,1,1,1,7,1,21,0,0,18,9,30,70,4,2,1,25,35,3,61,1,0,1,0,1,0,11,0,10,0,80,0,4,0,2,0,2,0,4,2,35.671515,139.70757138888888,1,3,9999,0,1,0
1,30,333,61,2,0,1,30000,0,113,2024,4,4,14,55,12,5,23,18,5,2,1,1,14,7,0,0,0,0,3,9,1,70,5,3,1,25,25,51,61,41,0,0,0,0,0,0,0,0,0,10,0,3,0,0,0,0,0,4,2,35.67356083333333,139.68187666666665,5,3,0,0,0,0
1,30,333,67,2,0,1,30000,0,113,2024,4,7,14,50,12,5,19,18,8,1,1,1,14,7,0,0,0,0,3,9,1,70,4,3,1,45,35,3,61,31,0,1,0,1,0,11,0,2,0,40,0,3,0,2,0,2,0,4,2,35.66832111111111,139.69012805555556,1,3,9999,0,1,0
1,30,333,72,2,0,1,30000,0,113,2024,4,20,13,30,12,5,2,18,19,1,1,1,14,7,0,0,0,0,2,9,1,70,5,3,1,75,1,3,61,31,0,1,0,1,0,11,0,2,0,20,0,3,0,2,0,2,0,4,2,35.66985194444444,139.6890486111111,7,3,925,0,9,0
1,30,435,66,2,0,1,30000,0,104,2024,4,6,19,20,22,5,20,18,7,1,1,1,7,7,0,0,0,0,3,7,1,70,4,2,1,65,75,36,61,31,0,0,0,0,0,11,0,10,0,10,0,3,0,0,0,0,0,4,2,35.69266555555555,139.72262833333335,7,3,9999,0,9,0
1,30,435,71,2,0,1,30000,0,104,2024,4,12,9,36,12,5,12,18,12,2,1,1,14,7,0,0,0,0,3,9,1,70,5,3,1,55,65,13,61,31,0,11,0,1,0,11,0,1,0,80,0,3,0,2,0,2,0,4,2,35.69424194444444,139.72076666666666,6,3,9999,0,9,0
1,30,435,76,2,0,2,30000,0,104,2024,4,19,7,40,12,5,3,18,18,1,1,1,14,7,0,0,0,0,3,9,1,70,4,2,1,1,45,36,61,31,0,0,0,0,0,11,0,2,0,10,0,3,0,0,0,0,0,2,2,35.70455166666667,139.72071888888888,6,3,9999,0,1,0
1,30,435,78,2,0,1,20090,0,104,2024,4,19,11,33,12,5,3,18,18,1,1,1,14,7,0,0,0,0,5,8,1,70,5,1,1,45,55,51,61,41,0,0,0,0,0,0,0,0,0,10,0,3,0,0,0,0,0,4,2,35.690150277777775,139.7319463888889,6,3,0,0,0,0
1,30,435,83,2,0,1,30000,0,104,2024,4,30,12,33,12,4,50,18,27,1,1,1,14,1,0,0,0,0,3,9,1,70,4,2,1,35,0,61,0,0,0,0,0,0,0,0,0,0,0,0,0,0,0,0,0,0,0,2,0,35.69772916666666,139.71976805555556,3,3,0,0,0,0
1,30,436,86,2,0,1,20320,0,104,2024,4,2,22,0,22,5,26,18,4,1,1,1,14,7,0,0,0,0,2,9,1,70,1,2,1,45,25,35,61,31,0,0,0,0,0,11,0,4,0,10,0,3,0,0,0,0,0,4,2,35.69509333333333,139.6879688888889,3,3,9999,0,5,0
1,30,436,89,2,0,1,200,85,104,2024,4,5,15,5,12,5,22,18,6,2,1,1,1,1,9,22,0,0,17,9,30,70,1,1,1,55,25,3,61,31,0,1,0,1,0,11,0,5,0,20,0,3,0,2,0,2,0,4,2,35.68888472222222,139.7004711111111,6,3,9999,0,9,0
1,30,436,90,2,0,1,20000,0,104,2024,4,6,19,40,22,5,20,18,7,1,1,1,1,1,9,22,0,0,17,9,30,70,1,2,1,25,35,4,61,31,0,1,0,1,0,11,0,4,0,50,0,3,0,2,0,2,0,4,2,35.69685833333333,139.69037916666667,7,3,9999,0,5,0
1,30,436,91,2,0,1,10050,0,104,2024,4,7,17,1,12,5,19,18,8,1,1,1,1,1,9,22,0,0,17,9,30,70,1,2,1,45,25,51,61,41,0,0,0,0,0,0,0,0,0,10,0,3,0,0,0,0,0,4,2,35.69365722222222,139.70152638888888,1,3,0,0,0,0
1,30,436,92,2,0,1,20000,0,104,2024,4,9,8,40,12,5,16,18,9,3,1,2,1,1,9,22,0,0,15,9,30,70,5,1,1,35,65,1,61,1,0,1,0,1,0,1,0,3,0,10,0,3,0,2,0,2,0,4,2,35.69211138888888,139.69671083333333,3,3,9999,0,1,0
1,30,436,99,2,0,1,30000,0,104,2024,3,30,21,39,22,5,30,18,1,1,1,1,1,7,1,21,0,0,14,9,30,70,5,2,1,65,25,3,61,1,0,1,0,1,0,11,0,1,0,23,0,4,0,2,0,2,0,4,2,35.6958175,139.70220027777776,7,3,9999,0,9,0
1,30,436,104,2,0,1,30000,0,104,2024,4,14,22,32,22,5,10,18,14,1,1,1,7,7,0,0,0,0,2,9,1,70,5,4,1,25,0,61,0,0,0,0,0,0,0,0,0,0,0,0,0,0,0,0,0,0,0,2,0,35.69757583333333,139.70230888888887,1,3,0,0,0,0
1,30,436,113,2,0,1,30000,0,104,2024,4,23,10,2,12,4,58,18,21,2,1,1,14,7,0,0,0,0,4,9,1,70,5,3,1,1,0,61,0,0,0,0,0,0,0,0,0,0,0,0,0,0,0,0,0,0,0,2,0,35.70310388888889,139.6998925,3,3,0,0,0,0
1,30,436,118,2,0,1,30000,0,104,2024,3,30,15,0,12,5,30,18,1,1,1,1,1,7,9,22,0,0,14,9,30,70,5,2,1,25,25,51,61,41,0,0,0,0,0,0,0,0,0,10,0,4,0,0,0,0,0,4,2,35.69065055555555,139.70151083333332,7,3,0,0,0,0
1,30,436,119,2,0,1,30000,0,104,2024,4,20,6,35,12,5,2,18,19,1,1,1,14,7,0,0,0,0,3,9,1,70,4,2,1,35,1,3,61,1,0,1,0,1,0,11,0,3,0,10,0,3,0,2,0,2,0,4,2,35.695698888888884,139.70448944444442,7,3,9999,0,5,0
1,30,436,120,2,0,1,20290,0,104,2024,4,27,23,45,22,4,53,18,24,1,1,1,14,7,0,0,0,0,3,9,1,70,4,2,1,25,25,51,61,41,0,0,0,0,0,0,0,0,0,10,0,3,0,0,0,0,0,4,2,35.70192083333334,139.69398305555555,7,3,0,0,0,0
1,30,436,124,2,0,1,20290,0,104,2024,4,23,10,3,12,4,58,18,21,2,1,1,1,7,9,22,0,0,11,9,30,70,5,2,1,35,35,17,61,31,0,11,0,1,0,11,0,1,0,41,0,4,0,2,0,2,0,4,2,35.701438333333336,139.70160777777775,3,3,9999,0,5,0
1,30,437,71,2,0,1,30000,0,104,2024,4,10,12,30,12,5,15,18,10,1,1,1,1,7,9,22,0,0,14,9,30,70,4,1,1,45,75,3,61,31,0,1,0,1,0,11,0,5,0,10,0,3,0,2,0,2,0,4,2,35.7078125,139.6976438888889,4,3,9999,0,1,0
1,30,437,72,2,0,1,30000,0,104,2024,4,16,10,45,12,5,7,18,15,1,1,1,1,7,9,22,0,0,11,9,30,70,5,4,1,35,1,14,61,1,0,11,0,1,0,11,0,3,0,40,0,3,0,2,0,2,0,4,2,35.7097275,139.7206138888889,3,3,9999,0,5,0
1,30,437,73,2,0,1,10220,0,104,2024,4,16,12,5,12,5,7,18,15,1,1,1,1,1,9,22,0,0,15,9,30,70,4,2,1,55,1,3,61,31,0,1,0,1,0,11,0,3,0,10,0,3,0,2,0,2,0,4,2,35.71112527777778,139.7112811111111,3,3,9999,0,3,0
1,30,438,59,2,0,1,200,70,104,2024,3,31,18,38,21,5,29,18,2,1,1,1,14,7,0,0,0,0,6,9,1,70,5,2,1,25,0,61,0,0,0,0,0,0,0,0,0,0,0,0,0,0,0,0,0,0,0,2,0,35.68734444444444,139.71611666666666,1,3,0,0,0,0
1,30,438,61,2,0,1,200,58,104,2024,4,4,17,55,13,5,23,18,5,1,1,1,1,1,9,22,0,0,17,9,30,70,1,2,1,45,45,51,61,41,0,0,0,0,0,0,0,0,0,10,0,3,0,0,0,0,0,4,2,35.686589444444444,139.7277,5,3,0,0,0,0
1,30,438,66,2,0,1,20120,0,104,2024,4,9,17,42,13,5,16,18,9,2,1,1,1,1,9,22,0,0,14,8,30,70,1,1,1,25,1,51,61,41,0,0,0,0,0,0,0,0,0,10,0,3,0,0,0,0,0,4,2,35.683388888888885,139.7160025,3,3,0,0,0,0
1,30,438,67,2,0,1,99000,0,104,2024,4,10,10,30,12,5,15,18,10,1,1,1,0,7,0,0,0,0,0,0,20,70,0,4,1,65,45,3,61,31,0,1,0,1,0,11,0,10,0,70,0,3,0,2,0,2,0,4,2,35.681530555555554,139.7187602777778,4,3,9999,0,9,0