資料区分,都道府県コード,警察署等コード,本票番号,事故内容,死者数,負傷者数,路線コード,地点コード,市区町村コード,発生日時　　年,発生日時　　月,発生日時　　日,発生日時　　時,発生日時　　分,昼夜,日の出時刻　　時,日の出時刻　　分,日の入り時刻　　時,日の入り時刻　　分,天候,地形,路面状態,道路形状,信号機,一時停止規制　標識（当事者A）,一時停止規制　表示（当事者A）,一時停止規制　標識（当事者B）,一時停止規制　表示（当事者B）,車道幅員,道路線形,衝突地点,ゾーン規制,中央分離帯施設等,歩車道区分,事故類型,年齢（当事者A）,年齢（当事者B）,当事者種別（当事者A）,当事者種別（当事者B）,用途別（当事者A）,用途別（当事者B）,車両形状等（当事者A）,車両形状等（当事者B）,オートマチック車（当事者A）,オートマチック車（当事者B）,サポカー（当事者A）,サポカー（当事者B）,速度規制（指定のみ）（当事者A）,速度規制（指定のみ）（当事者B）,車両の衝突部位（当事者A）,車両の衝突部位（当事者B）,車両の損壊程度（当事者A）,車両の損壊程度（当事者B）,エアバッグの装備（当事者A）,エアバッグの装備（当事者B）,サイドエアバッグの装備（当事者A）,サイドエアバッグの装備（当事者B）,人身損傷程度（当事者A）,人身損傷程度（当事者B）,lat,lon,曜日(発生年月日),祝日(発生年月日),認知機能検査経過日数（当事者A）,認知機能検査経過日数（当事者B）,運転練習の方法（当事者A）,運転練習の方法（当事者B）
1,30,438,71,2,0,1,20000,0,104,2024,4,11,6,55,12,5,14,18,11,1,1,1,1,7,9,22,0,0,17,9,30,70,1,1,1,45,55,51,61,41,0,0,0,0,0,0,0,0,0,13,0,3,0,0,0,0,0,4,2,35.69045805555555,139.7067661111111,5,3,0,0,0,0
1,30,438,83,2,0,1,10090,0,104,2024,4,14,17,19,13,5,10,18,14,1,1,1,7,7,0,0,0,0,6,9,1,70,4,2,1,45,45,51,61,41,0,0,0,0,0,0,0,0,0,10,0,4,0,0,0,0,0,4,2,35.68958222222222,139.70414472222222,1,3,0,0,0,0
1,30,439,83,2,0,1,10160,0,114,2024,4,12,15,30,12,5,12,18,12,1,1,1,14,7,0,0,0,0,2,9,1,70,4,2,1,1,0,61,0,0,0,0,0,0,0,0,0,0,0,0,0,0,0,0,0,0,0,2,0,35.700671944444444,139.68318722222222,6,3,0,0,0,0
1,30,439,90,2,0,1,10160,0,114,2024,4,20,20,15,22,5,2,18,19,1,1,1,1,1,9,22,0,0,15,9,30,70,1,2,1,65,35,3,61,31,0,1,0,1,0,11,0,5,0,40,0,3,0,2,0,2,0,4,2,35.70676166666667,139.68287027777777,7,3,9999,0,9,0
1,30,440,79,2,0,1,10250,0,114,2024,4,15,17,30,13,5,8,18,14,1,1,1,14,7,0,0,0,0,2,9,1,70,4,2,1,35,55,4,61,31,0,1,0,1,0,11,0,3,0,10,0,3,0,2,0,2,0,4,2,35.72614222222222,139.6397438888889,2,3,9999,0,1,0
1,30,440,85,2,0,1,10220,0,114,2024,4,25,2,35,22,4,56,18,23,2,1,2,14,7,0,0,0,0,4,9,1,70,4,2,1,45,25,3,61,31,0,1,0,1,0,11,0,3,0,40,0,3,0,2,0,2,0,4,2,35.70997027777778,139.66639777777777,5,3,9999,0,5,0
1,30,440,86,2,0,1,30000,0,114,2024,4,25,11,5,12,4,56,18,23,1,1,1,14,7,0,0,0,0,3,9,1,1,5,3,1,1,75,51,61,41,0,0,0,0,0,0,0,0,0,10,0,3,0,0,0,0,0,4,2,35.71512166666667,139.6645986111111,5,3,0,0,0,0
1,30,440,89,2,0,2,10250,0,114,2024,4,26,17,50,13,4,55,18,24,1,1,1,1,1,2,22,0,0,11,9,30,70,5,2,1,1,1,35,61,31,0,0,0,0,0,11,0,3,0,10,0,3,0,0,0,0,0,2,2,35.723421111111115,139.65113416666668,6,3,9999,0,5,0
1,30,440,93,2,0,1,10220,0,114,2024,4,21,21,5,22,5,1,18,19,3,1,2,1,7,1,21,0,0,14,9,30,70,5,4,1,45,25,14,61,1,0,11,0,1,0,11,0,10,0,80,0,3,0,2,0,2,0,4,2,35.71045138888889,139.64737166666666,1,3,9999,0,1,0
1,30,441,91,2,0,1,30000,0,115,2024,4,11,8,10,12,5,14,18,11,1,1,1,14,7,0,0,0,0,3,9,1,70,5,3,1,25,65,14,61,31,0,11,0,1,0,11,0,2,0,40,0,3,0,2,0,2,0,4,2,35.6962875,139.63845416666666,5,3,9999,0,1,0
1,30,441,95,2,0,1,30000,0,115,2024,4,13,11,55,12,5,11,18,13,1,1,1,14,7,0,0,0,0,2,9,1,70,5,4,1,75,35,51,61,41,0,0,0,0,0,0,0,0,0,40,0,4,0,0,0,0,0,4,2,35.69910861111111,139.64752555555555,7,3,0,0,0,0
1,30,441,100,2,0,1,10240,0,115,2024,4,18,13,20,12,5,4,18,17,2,1,1,14,7,0,0,0,0,2,9,1,70,4,1,1,35,55,51,61,41,0,0,0,0,0,0,0,0,0,30,0,3,0,0,0,0,0,4,2,35.699484999999996,139.63573833333334,5,3,0,0,0,0
1,30,441,102,2,0,1,30000,0,115,2024,4,19,15,27,12,5,3,18,18,2,1,1,1,7,9,22,0,0,11,9,30,1,4,3,1,25,35,13,61,31,0,11,0,1,0,11,0,2,0,10,0,3,0,2,0,2,0,4,2,35.70368694444445,139.65047472222224,6,3,9999,0,1,0
1,30,441,103,2,0,1,30000,0,115,2024,4,19,17,10,12,5,3,18,18,2,1,1,13,7,0,0,0,0,2,3,1,70,5,3,1,55,1,51,61,41,0,0,0,0,0,0,0,0,0,10,0,3,0,0,0,0,0,4,2,35.69097555555555,139.66150972222223,6,3,0,0,0,0
1,30,441,108,2,0,1,10240,0,115,2024,4,21,15,40,12,5,1,18,19,2,1,1,1,1,9,22,0,0,19,9,30,70,4,1,1,25,45,35,61,31,0,0,0,0,0,11,0,5,0,10,0,3,0,0,0,0,0,4,2,35.69781305555555,139.6462097222222,1,3,9999,0,1,0
1,30,441,119,2,0,1,10240,0,115,2024,4,24,18,5,13,4,57,18,22,3,1,2,1,1,9,22,0,0,17,9,30,70,1,2,1,25,25,51,61,41,0,0,0,0,0,0,0,0,0,10,0,3,0,0,0,0,0,4,2,35.697578611111105,139.66155555555557,4,3,0,0,0,0
1,30,442,70,2,0,1,30000,0,115,2024,3,12,16,38,12,5,56,17,46,3,1,2,7,7,0,0,0,0,2,9,1,1,5,3,1,75,35,14,61,1,0,11,0,1,0,11,0,2,0,20,0,4,0,2,0,2,0,4,2,35.67374472222222,139.64173166666666,3,3,425,0,9,0
1,30,442,81,2,0,1,30000,0,115,2024,4,17,12,20,12,5,6,18,16,2,1,1,7,7,0,0,0,0,2,9,1,70,5,3,1,45,55,14,61,1,0,11,0,1,0,11,0,2,0,40,0,4,0,2,0,2,0,4,2,35.677343888888885,139.62798166666667,4,3,9999,0,9,0
1,30,442,85,2,0,1,30000,0,115,2024,4,18,11,3,12,5,4,18,17,2,1,1,1,7,1,21,0,0,11,9,30,70,5,3,1,45,45,14,61,31,0,11,0,2,0,11,0,10,0,10,0,3,0,2,0,2,0,4,2,35.68044083333333,139.6278663888889,5,3,9999,0,5,0
1,30,443,86,2,0,1,30000,0,115,2024,4,20,14,10,12,5,2,18,19,1,1,1,14,7,0,0,0,0,3,9,1,70,4,3,1,55,35,3,61,31,0,1,0,1,0,11,0,3,0,40,0,4,0,2,0,2,0,4,2,35.69165777777778,139.61986666666667,7,3,9999,0,9,0
1,30,443,93,2,0,1,30000,0,115,2024,2,22,6,55,11,6,21,17,29,3,1,1,14,7,0,0,0,0,2,9,1,70,5,3,1,55,55,12,61,31,0,11,0,2,0,11,0,10,0,20,0,3,0,2,0,2,0,4,2,35.703811111111115,139.59802472222222,5,2,9999,0,9,0
1,30,545,45,2,0,1,30000,0,105,2024,4,15,15,45,12,5,8,18,14,1,1,1,14,7,0,0,0,0,1,9,1,70,5,4,1,35,1,36,61,31,0,0,0,0,0,11,0,10,0,10,0,3,0,0,0,0,0,4,2,35.727742222222226,139.74686888888888,2,3,9999,0,5,0
1,30,545,47,2,0,1,90000,0,105,2024,3,27,16,5,12,5,35,17,59,1,1,1,14,7,0,0,0,0,2,9,20,70,5,4,1,65,35,35,61,31,0,0,0,0,0,11,0,10,0,10,0,4,0,0,0,0,0,4,2,35.71201055555556,139.75200555555554,4,3,9999,0,9,0
1,30,545,48,2,0,2,30000,0,105,2024,4,7,14,5,12,5,19,18,8,1,1,1,14,7,0,0,0,0,2,9,1,70,5,3,1,55,0,61,0,0,0,0,0,0,0,0,0,0,0,0,0,0,0,0,0,0,0,2,0,35.730465555555554,139.74573999999998,1,3,0,0,0,0
1,30,545,52,2,0,1,20000,0,105,2024,4,30,10,15,12,4,50,18,27,1,1,1,14,7,0,0,0,0,1,9,1,70,5,1,1,45,45,51,61,41,0,0,0,0,0,0,0,0,0,10,0,4,0,0,0,0,0,4,2,35.70706694444445,139.7515422222222,3,3,0,0,0,0
1,30,546,29,2,0,1,30000,0,105,2024,4,17,18,13,13,5,6,18,16,1,1,1,14,7,0,0,0,0,3,9,1,70,4,2,1,35,35,51,61,41,0,0,0,0,0,0,0,0,0,20,0,3,0,0,0,0,0,4,2,35.72112111111111,139.72981777777778,4,3,0,0,0,0
1,30,546,31,2,0,1,30000,0,105,2024,4,22,15,30,12,4,59,18,20,2,1,1,1,7,1,21,0,0,15,8,30,70,5,3,1,45,55,14,61,31,0,11,0,1,0,11,0,2,0,10,0,4,0,2,0,2,0,4,2,35.722324444444446,139.73720999999998,2,3,9999,0,9,0
1,30,546,32,2,0,1,30000,0,105,2024,4,22,17,50,13,4,59,18,20,1,1,1,14,7,0,0,0,0,1,9,1,70,5,3,1,1,1,51,61,41,0,0,0,0,0,0,0,0,0,10,0,3,0,0,0,0,0,4,2,35.71563777777778,139.7237886111111,2,3,0,0,0,0
1,30,547,45,2,0,1,170,26,105,2024,4,4,11,0,12,5,23,18,5,2,1,1,1,1,9,22,0,0,19,9,30,70,1,1,1,65,25,3,61,31,0,1,0,1,0,11,0,4,0,80,0,4,0,2,0,2,0,4,2,35.70432916666667,139.76162555555555,5,3,9999,0,1,0
1,30,549,23,2,0,1,20400,0,116,2024,4,6,10,52,12,5,20,18,7,2,1,1,14,1,0,0,0,0,4,9,1,70,4,1,1,25,65,51,61,41,0,0,0,0,0,0,0,0,0,10,0,3,0,0,0,0,0,4,2,35.73748305555556,139.7462588888889,7,3,0,0,0,0
1,30,549,25,2,0,1,30000,0,116,2024,4,13,10,25,12,5,11,18,13,1,1,1,14,7,0,0,0,0,1,9,1,70,5,2,1,55,45,51,61,41,0,0,0,0,0,0,0,0,0,10,0,3,0,0,0,0,0,4,2,35.73140027777778,139.72937777777778,7,3,0,0,0,0
1,30,550,47,2,0,1,30000,0,116,2024,4,16,8,45,12,5,7,18,15,1,1,1,1,1,9,22,0,0,14,9,30,70,4,2,1,55,45,52,61,41,0,0,0,0,0,0,0,0,0,10,0,4,0,0,0,0,0,4,2,35.7276375,139.7087775,3,3,0,0,0,0
1,30,550,50,2,0,1,10090,0,116,2024,4,24,19,15,21,4,57,18,22,3,1,2,1,1,9,22,0,0,19,9,30,70,1,1,1,25,25,3,61,31,0,1,0,1,0,11,0,4,0,10,0,4,0,2,0,2,0,4,2,35.73367722222223,139.7168938888889,4,3,9999,0,1,0
1,30,550,51,2,0,1,30000,0,116,2024,4,25,11,58,12,4,56,18,23,1,1,1,14,7,0,0,0,0,2,9,1,70,5,3,1,25,0,61,0,0,0,0,0,0,0,0,0,0,0,0,0,0,0,0,0,0,0,2,0,35.73332277777778,139.70625222222222,5,3,0,0,0,0
1,30,550,52,2,0,1,30000,0,116,2024,4,13,3,16,22,5,11,18,13,1,1,1,1,7,9,22,0,0,11,9,30,70,5,3,1,45,35,3,61,31,0,1,0,1,0,11,0,10,0,20,0,3,0,2,0,2,0,4,2,35.73215888888889,139.7078761111111,7,3,9999,0,1,0
1,30,550,53,2,0,1,30000,0,116,2024,4,29,10,0,12,4,51,18,26,1,1,1,1,7,1,21,0,0,11,9,30,70,5,3,1,55,45,12,61,31,0,11,0,1,0,11,0,10,0,40,0,4,0,2,0,2,0,4,2,35.74405638888889,139.7167886111111,2,1,9999,0,9,0
1,30,551,52,2,0,1,30000,0,116,2024,4,15,15,15,12,5,8,18,14,1,1,1,14,7,0,0,0,0,1,8,1,70,5,3,1,25,1,14,61,1,0,11,0,1,0,11,0,5,0,80,0,3,0,2,0,2,0,4,2,35.73887777777778,139.69751805555555,2,3,9999,0,9,0
1,30,552,43,2,0,1,30000,0,117,2024,4,1,16,40,12,5,28,18,3,2,1,1,1,7,1,21,0,0,15,9,30,70,5,3,1,35,55,13,61,31,0,11,0,1,0,11,0,10,0,50,0,3,0,2,0,2,0,4,2,35.74894416666667,139.75208166666667,2,3,9999,0,1,0
1,30,552,45,2,0,1,10090,0,117,2024,4,4,4,8,22,5,23,18,5,2,1,2,1,1,9,22,0,0,17,9,30,70,4,1,1,45,1,12,61,1,0,11,0,1,0,11,0,5,0,80,0,3,0,2,0,2,0,4,2,35.749296111111114,139.75066388888888,5,3,9999,0,9,0
1,30,552,48,2,0,1,10090,0,117,2024,4,12,7,45,12,5,12,18,12,2,1,1,1,7,9,22,0,0,17,9,30,70,1,1,1,35,35,14,61,31,0,11,0,1,0,11,0,10,0,10,0,3,0,2,0,2,0,4,2,35.74975444444445,139.7359833333333,6,3,9999,0,5,0
1,30,552,56,2,0,1,30000,0,117,2024,3,20,9,30,12,5,45,17,53,1,1,1,14,7,0,0,0,0,1,8,1,70,5,1,1,1,35,51,61,41,0,0,0,0,0,0,0,0,0,10,0,3,0,0,0,0,0,4,2,35.73762166666667,139.75975555555556,4,1,0,0,0,0
1,30,553,62,2,0,1,10090,0,117,2024,4,11,21,45,22,5,14,18,11,1,1,1,14,1,0,0,0,0,5,9,1,70,1,1,1,55,45,35,61,31,0,0,0,0,0,11,0,4,0,10,0,3,0,0,0,0,0,4,2,35.754448333333336,139.73902999999999,5,3,9999,0,9,0
1,30,553,70,2,0,1,1220,0,117,2024,4,22,23,45,22,4,59,18,20,2,1,1,1,1,9,22,0,0,18,9,30,70,4,2,1,35,35,13,61,31,0,11,0,1,0,11,0,5,0,40,0,3,0,2,0,2,0,4,2,35.754399444444445,139.7375436111111,2,3,9999,0,1,0
1,30,554,34,2,0,1,1220,0,117,2024,4,6,1,37,22,5,20,18,7,2,1,1,1,1,9,22,0,0,19,8,30,70,6,1,1,45,45,3,61,31,0,1,0,1,0,11,0,5,0,10,0,3,0,2,0,2,0,4,2,35.78651333333333,139.72246972222223,7,3,9999,0,9,0
1,30,554,36,2,0,1,30000,0,117,2024,4,11,7,40,12,5,14,18,11,1,1,1,14,7,0,0,0,0,3,9,1,70,5,3,1,45,55,13,61,31,0,11,0,1,0,11,0,2,0,10,0,3,0,2,0,2,0,4,2,35.76737444444444,139.73274555555557,5,3,9999,0,1,0
1,30,554,40,2,0,1,99000,0,117,2024,4,11,7,40,12,5,14,18,11,1,1,1,0,7,0,0,0,0,0,0,20,70,0,4,1,45,35,3,61,31,0,1,0,1,0,11,0,10,0,30,0,3,0,2,0,2,0,4,2,35.78310666666667,139.70835194444444,5,3,9999,0,9,0
1,30,554,43,2,0,1,30000,0,117,2024,4,18,18,40,21,5,4,18,17,3,1,2,1,7,9,22,0,0,14,9,30,70,4,1,1,35,55,3,61,31,0,1,0,1,0,1,0,3,0,10,0,3,0,2,0,2,0,4,2,35.78451277777778,139.69832083333333,5,3,9999,0,1,0
1,30,555,103,2,0,2,2540,81,119,2024,2,18,0,17,22,6,26,17,25,1,1,1,1,1,9,22,0,0,15,9,30,70,1,2,1,1,25,32,61,31,0,0,0,0,0,11,0,4,0,10,0,2,0,0,0,0,0,2,2,35.751106388888886,139.6939075,1,3,9999,0,1,0
1,30,555,105,2,0,1,30000,0,119,2024,3,28,15,15,12,5,33,17,59,2,1,1,14,7,0,0,0,0,2,9,1,70,5,3,1,45,75,51,61,41,0,0,0,0,0,0,0,0,0,10,0,3,0,0,0,0,0,4,2,35.75460777777778,139.69686361111113,5,3,0,0,0,0
1,30,555,107,2,0,1,2540,67,119,2024,4,3,2,48,22,5,25,18,4,1,1,1,1,1,9,22,0,0,18,9,30,70,1,1,1,35,25,3,61,1,0,1,0,1,0,11,0,5,0,10,0,2,0,2,0,2,0,4,2,35.74279583333333,139.70472333333333,4,3,9999,0,5,0
1,30,555,108,2,0,1,2540,77,119,2024,4,3,20,35,22,5,25,18,4,3,1,2,1,1,9,22,0,0,18,9,30,70,5,1,1,55,35,4,61,31,0,1,0,1,0,11,0,10,0,50,0,3,0,2,0,2,0,4,2,35.74823861111111,139.6974847222222,4,3,9999,0,9,0
1,30,555,109,2,0,1,30000,0,119,2024,4,3,21,25,22,5,25,18,4,3,1,2,13,7,0,0,0,0,3,3,1,70,5,1,1,25,1,36,61,31,0,0,0,0,0,11,0,10,0,10,0,4,0,0,0,0,0,4,2,35.759236944444446,139.68988805555557,4,3,9999,0,5,0
1,30,555,112,2,0,1,2540,86,119,2024,4,2,3,33,22,5,26,18,4,2,1,1,7,1,0,0,0,0,1,9,1,70,1,2,1,45,55,51,61,41,0,0,0,0,0,0,0,0,0,10,0,4,0,0,0,0,0,4,2,35.75519888888889,139.68778527777778,3,3,0,0,0,0
1,30,555,115,2,0,1,30000,0,119,2024,4,10,9,55,12,5,15,18,10,1,1,1,14,7,0,0,0,0,3,9,1,70,5,1,1,1,75,36,61,31,0,0,0,0,0,1,0,2,0,10,0,4,0,0,0,0,0,4,2,35.764178333333334,139.67677333333333,4,3,0,0,0,0
1,30,555,118,2,0,1,30000,0,119,2024,4,4,17,20,13,5,23,18,5,2,1,1,1,7,9,22,0,0,14,9,30,70,5,3,1,55,65,4,61,31,0,1,0,1,0,11,0,2,0,50,0,3,0,2,0,2,0,4,2,35.743971944444446,139.68091083333331,5,3,9999,0,9,0
1,30,555,124,2,0,1,30000,0,119,2024,4,19,19,45,22,5,3,18,18,1,1,1,1,7,9,22,0,0,14,9,30,70,4,2,1,75,35,3,61,31,0,1,0,1,0,11,0,1,0,40,0,4,0,2,0,2,0,4,2,35.759143888888886,139.69010472222223,6,3,340,0,9,0
1,30,555,126,2,0,1,10130,0,119,2024,4,20,17,17,12,5,2,18,19,1,1,1,1,1,9,22,0,0,18,9,30,70,5,1,1,45,55,17,61,31,0,11,0,1,0,11,0,4,0,10,0,3,0,2,0,2,0,4,2,35.75150083333333,139.6830022222222,7,3,9999,0,9,0
1,30,555,136,2,0,1,30000,0,119,2024,4,17,7,45,12,5,6,18,16,1,1,1,14,7,0,0,0,0,1,9,1,70,5,1,1,75,35,52,61,41,0,0,0,0,0,0,0,0,0,40,0,3,0,0,0,0,0,4,2,35.76234888888889,139.68330166666667,4,3,0,0,0,0
1,30,556,72,2,0,1,30000,0,119,2024,4,5,8,0,12,5,22,18,6,3,1,2,14,7,0,0,0,0,3,9,1,70,4,3,1,65,1,4,61,31,0,1,0,1,0,11,0,5,0,10,0,3,0,2,0,2,0,4,2,35.7759275,139.69726166666666,6,3,9999,0,9,0
1,30,556,76,2,0,1,30000,0,119,2024,4,12,11,43,12,5,12,18,12,2,1,2,1,1,9,22,0,0,14,9,30,70,4,1,1,75,35,4,61,31,0,1,0,1,0,11,0,10,0,10,0,3,0,2,0,2,0,4,2,35.79257916666666,139.69111944444444,6,3,991,0,9,0
1,30,556,77,2,0,1,99000,0,119,2024,4,14,7,55,12,5,10,18,14,1,1,1,0,7,0,0,0,0,0,0,20,70,0,4,1,65,25,3,61,31,0,1,0,1,0,11,0,10,0,30,0,3,0,2,0,2,0,4,2,35.77499777777778,139.69606416666667,1,3,9999,0,9,0
1,30,556,85,2,0,1,30000,0,119,2024,4,23,17,0,12,4,58,18,21,2,1,1,7,7,0,0,0,0,2,9,1,1,4,1,1,45,1,3,61,31,0,1,0,2,0,11,0,2,0,20,0,4,0,2,0,2,0,4,2,35.78787111111111,139.6769861111111,3,3,9999,0,1,0
1,30,556,88,2,0,1,30000,0,119,2024,4,10,6,45,12,5,15,18,10,1,1,1,1,1,9,22,0,0,11,9,30,70,5,2,1,35,75,3,61,1,0,1,0,1,0,11,0,3,0,10,0,3,0,2,0,2,0,4,2,35.77265527777778,139.68762777777778,4,3,9999,0,5,0
1,30,556,89,2,0,1,30000,0,119,2024,4,25,16,50,12,4,56,18,23,1,1,1,7,7,0,0,0,0,5,9,1,70,1,2,1,1,1,51,61,41,0,0,0,0,0,0,0,0,0,10,0,3,0,0,0,0,0,4,2,35.77231611111111,139.69231666666667,5,3,0,0,0,0
1,30,556,92,2,0,1,30000,0,119,2024,4,26,14,30,12,4,55,18,24,1,1,1,1,7,9,22,0,0,15,9,30,70,4,3,1,45,55,13,61,31,0,11,0,2,0,11,0,1,0,10,0,3,0,2,0,2,0,4,2,35.774945555555554,139.69546583333334,6,3,9999,0,9,0
1,30,556,95,2,0,1,30000,0,119,2024,4,29,5,20,11,4,51,18,26,2,1,1,1,7,1,21,0,0,11,9,30,70,4,2,1,65,65,14,61,31,0,11,0,2,0,11,0,2,0,20,0,3,0,2,0,2,0,4,2,35.77291888888889,139.66949833333334,2,1,9999,0,9,0
1,30,557,85,2,0,1,30000,0,120,2024,3,27,23,20,22,5,35,17,59,1,1,1,1,1,9,22,0,0,11,9,30,70,4,2,1,35,45,51,61,41,0,0,0,0,0,0,0,0,0,10,0,3,0,0,0,0,0,4,2,35.741065,139.64903527777778,4,3,0,0,0,0
1,30,557,89,2,0,1,10200,0,120,2024,4,5,20,6,22,5,22,18,6,2,1,1,1,7,1,21,0,0,14,9,30,70,1,2,1,65,65,3,61,31,0,1,0,1,0,11,0,5,0,10,0,3,0,2,0,2,0,4,2,35.76003583333333,139.65692472222221,6,3,9999,0,9,0
1,30,557,90,2,0,1,20000,0,120,2024,4,6,20,55,22,5,20,18,7,2,1,1,1,7,9,22,0,0,15,9,30,70,5,1,1,1,35,36,61,31,0,0,0,0,0,11,0,2,0,10,0,3,0,0,0,0,0,4,2,35.741895,139.64911972222222,7,3,9999,0,5,0
1,30,557,92,2,0,1,30000,0,120,2024,4,18,9,10,12,5,4,18,17,2,1,1,1,1,9,22,0,0,15,9,30,70,5,1,1,55,1,13,61,31,0,11,0,1,0,11,0,2,0,10,0,3,0,2,0,2,0,4,2,35.75079111111111,139.66522694444444,5,3,9999,0,5,0
1,30,557,94,2,0,1,10010,0,120,2024,4,19,7,15,12,5,3,18,18,1,1,1,14,7,0,0,0,0,5,9,1,70,5,1,1,45,45,36,61,31,0,0,0,0,0,11,0,2,0,10,0,3,0,0,0,0,0,2,4,35.74189333333334,139.63447694444443,6,3,9999,0,1,0
1,30,557,100,2,0,1,10010,0,120,2024,4,15,19,49,22,5,8,18,14,1,1,1,1,1,9,22,0,0,18,9,30,70,1,1,1,55,55,14,61,31,0,11,0,1,0,11,0,4,0,40,0,3,0,2,0,2,0,4,2,35.73270416666667,139.67049916666664,2,3,9999,0,9,0
1,30,558,78,2,0,1,30000,0,120,2024,4,20,21,10,22,5,2,18,19,1,1,1,1,7,1,21,0,0,11,9,30,70,5,3,1,55,45,3,61,31,0,1,0,1,0,11,0,1,0,50,0,4,0,2,0,2,0,4,2,35.73289972222222,139.58528944444444,7,3,9999,0,9,0
1,30,558,81,2,0,1,10330,0,120,2024,4,24,18,50,21,4,57,18,22,3,1,2,1,1,9,22,0,0,18,9,30,70,4,1,1,25,1,14,61,31,0,11,0,2,0,11,0,3,0,10,0,4,0,2,0,2,0,4,2,35.75094527777778,139.58567944444445,4,3,9999,0,1,0
1,30,558,83,2,0,1,30000,0,120,2024,4,25,0,5,22,4,56,18,23,3,1,2,14,7,0,0,0,0,3,9,1,70,5,3,1,1,25,51,61,41,0,0,0,0,0,0,0,0,0,10,0,4,0,0,0,0,0,4,2,35.747035277777776,139.58028888888887,5,3,0,0,0,0
1,30,558,88,2,0,1,10320,0,120,2024,2,27,5,45,23,6,15,17,34,1,1,1,1,1,9,22,0,0,14,9,30,70,4,3,1,45,55,3,61,31,0,1,0,1,0,11,0,3,0,10,0,3,0,2,0,2,0,4,2,35.73610388888889,139.57661333333334,3,3,9999,0,1,0
1,30,559,75,2,0,1,30000,0,119,2024,4,6,21,17,22,5,20,18,7,1,1,1,1,7,9,22,0,0,15,9,30,70,4,2,1,45,25,34,61,31,0,0,0,0,0,11,0,3,0,10,0,3,0,0,0,0,0,4,2,35.78375055555556,139.6730922222222,7,3,9999,0,9,0
1,30,559,76,2,0,1,30000,0,119,2024,4,7,10,15,12,5,19,18,8,1,1,1,14,7,0,0,0,0,2,9,1,70,5,3,1,45,65,4,61,31,0,1,0,1,0,11,0,10,0,10,0,4,0,2,0,2,0,4,2,35.778437777777775,139.6314725,1,3,9999,0,1,0
1,30,559,77,2,0,1,2540,151,119,2024,4,7,15,55,12,5,19,18,8,1,1,1,1,1,9,22,0,0,17,9,30,70,4,1,1,65,1,3,61,31,0,1,0,1,0,11,0,5,0,10,0,3,0,2,0,2,0,4,2,35.779268333333334,139.62571222222223,1,3,9999,0,9,0
1,30,559,78,2,0,1,20480,0,119,2024,4,8,16,25,12,5,18,18,9,2,1,1,7,1,0,0,0,0,1,9,1,70,1,1,1,65,45,17,61,1,0,11,0,2,0,11,0,1,0,10,0,4,0,2,0,2,0,4,2,35.78438388888889,139.6538788888889,2,3,9999,0,9,0
1,30,559,83,2,0,1,20480,0,119,2024,4,18,15,0,12,5,4,18,17,2,1,1,14,7,0,0,0,0,1,9,1,70,5,2,1,75,35,51,61,41,0,0,0,0,0,0,0,0,0,40,0,3,0,0,0,0,0,2,4,35.78816416666667,139.6609811111111,5,3,0,0,0,0
1,30,559,84,2,0,1,30000,0,119,2024,4,23,8,15,12,4,58,18,21,1,1,1,7,7,0,0,0,0,3,9,1,70,4,3,1,45,1,3,61,31,0,1,0,1,0,11,0,10,0,10,0,3,0,2,0,2,0,4,2,35.78337722222222,139.65884333333335,3,3,9999,0,1,0
1,30,660,58,2,0,1,40,27,106,2024,4,1,17,0,12,5,28,18,3,2,1,2,14,7,0,0,0,0,5,9,1,70,1,1,1,1,65,51,61,41,0,0,0,0,0,0,0,0,0,10,0,4,0,0,0,0,0,4,2,35.70677555555556,139.77642694444447,2,3,0,0,0,0
1,30,660,59,2,0,1,30000,0,106,2024,4,5,15,55,12,5,22,18,6,2,1,1,14,7,0,0,0,0,3,9,1,70,5,3,1,65,65,3,61,31,0,1,0,1,0,11,0,5,0,40,0,4,0,2,0,2,0,4,2,35.707705000000004,139.77373222222224,6,3,9999,0,9,0
1,30,660,61,2,0,1,20390,0,106,2024,4,8,22,54,22,5,18,18,9,3,1,2,1,1,9,22,0,0,17,9,30,70,5,1,1,45,55,3,61,1,0,1,0,1,0,11,0,4,0,10,0,3,0,2,0,2,0,4,2,35.70782583333334,139.774505,2,3,9999,0,1,0
1,30,660,73,2,0,1,20070,0,106,2024,4,27,9,5,12,4,53,18,24,2,1,1,7,7,0,0,0,0,6,9,1,70,4,2,1,25,25,17,61,31,0,11,0,1,0,11,0,10,0,40,0,3,0,2,0,2,0,4,2,35.71051777777778,139.77347361111111,7,3,9999,0,1,0
1,30,661,46,2,0,1,40,58,106,2024,4,6,1,53,22,5,20,18,7,2,1,2,1,1,9,22,0,0,19,9,30,70,4,2,1,75,45,3,61,1,0,1,0,1,0,11,0,5,0,10,0,3,0,2,0,2,0,4,2,35.72993,139.79170583333334,7,3,66,0,9,0
1,30,661,49,2,0,1,30000,0,106,2024,4,10,17,45,13,5,15,18,10,1,1,1,14,7,0,0,0,0,3,9,1,70,5,3,1,45,65,51,61,41,0,0,0,0,0,0,0,0,0,10,0,3,0,0,0,0,0,4,2,35.72379055555556,139.7897311111111,4,3,0,0,0,0
1,30,661,50,2,0,1,30000,0,106,2024,4,7,17,20,13,5,19,18,8,1,1,1,14,7,0,0,0,0,1,9,1,70,5,3,1,75,35,3,61,31,0,1,0,1,0,11,0,1,0,40,0,3,0,2,0,2,0,4,2,35.72040277777778,139.77108750000002,1,3,25,0,9,0