資料区分,都道府県コード,警察署等コード,本票番号,事故内容,死者数,負傷者数,路線コード,地点コード,市区町村コード,発生日時　　年,発生日時　　月,発生日時　　日,発生日時　　時,発生日時　　分,昼夜,日の出時刻　　時,日の出時刻　　分,日の入り時刻　　時,日の入り時刻　　分,天候,地形,路面状態,道路形状,信号機,一時停止規制　標識（当事者A）,一時停止規制　表示（当事者A）,一時停止規制　標識（当事者B）,一時停止規制　表示（当事者B）,車道幅員,道路線形,衝突地点,ゾーン規制,中央分離帯施設等,歩車道区分,事故類型,年齢（当事者A）,年齢（当事者B）,当事者種別（当事者A）,当事者種別（当事者B）,用途別（当事者A）,用途別（当事者B）,車両形状等（当事者A）,車両形状等（当事者B）,オートマチック車（当事者A）,オートマチック車（当事者B）,サポカー（当事者A）,サポカー（当事者B）,速度規制（指定のみ）（当事者A）,速度規制（指定のみ）（当事者B）,車両の衝突部位（当事者A）,車両の衝突部位（当事者B）,車両の損壊程度（当事者A）,車両の損壊程度（当事者B）,エアバッグの装備（当事者A）,エアバッグの装備（当事者B）,サイドエアバッグの装備（当事者A）,サイドエアバッグの装備（当事者B）,人身損傷程度（当事者A）,人身損傷程度（当事者B）,lat,lon,曜日(発生年月日),祝日(発生年月日),認知機能検査経過日数（当事者A）,認知機能検査経過日数（当事者B）,運転練習の方法（当事者A）,運転練習の方法（当事者B）
1,30,661,63,2,0,1,30000,0,106,2024,4,19,14,20,12,5,3,18,18,1,1,1,14,7,0,0,0,0,4,9,1,70,5,2,1,75,25,3,61,1,0,1,0,1,0,11,0,3,0,30,0,3,0,2,0,2,0,4,2,35.72016,139.77924000000002,6,3,317,0,9,0
1,30,661,67,2,0,1,30000,0,106,2024,4,29,17,0,12,4,51,18,26,1,1,1,1,7,9,22,0,0,11,9,30,70,4,3,1,55,1,3,61,31,0,1,0,1,0,11,0,4,0,10,0,4,0,2,0,2,0,4,2,35.72952333333333,139.7902486111111,2,1,9999,0,9,0
1,30,662,34,2,0,1,30000,0,106,2024,4,3,10,45,12,5,25,18,4,3,1,1,1,7,9,22,0,0,11,9,30,70,5,4,1,65,65,51,61,41,0,0,0,0,0,0,0,0,0,10,0,3,0,0,0,0,0,4,2,35.71784888888889,139.7931763888889,4,3,0,0,0,0
1,30,662,35,2,0,1,30000,0,106,2024,3,26,11,15,12,5,36,17,58,3,1,2,14,7,0,0,0,0,3,9,1,70,2,1,1,75,65,51,61,41,0,0,0,0,0,0,0,0,0,40,0,3,0,0,0,0,0,4,2,35.72420972222223,139.79594777777777,3,3,0,0,0,0
1,30,662,38,2,0,1,30000,0,106,2024,4,19,12,38,12,5,3,18,18,1,1,1,1,7,9,22,0,0,15,9,30,70,4,3,1,55,25,4,61,31,0,1,0,1,0,11,0,5,0,80,0,3,0,2,0,2,0,4,2,35.71528222222223,139.79334722222222,6,3,9999,0,9,0
1,30,662,39,2,0,1,20550,0,106,2024,4,20,11,22,12,5,2,18,19,1,1,1,1,1,9,22,0,0,18,9,30,70,4,2,1,45,65,14,61,1,0,11,0,1,0,11,0,3,0,80,0,4,0,2,0,2,0,4,2,35.72298916666667,139.8014688888889,7,3,9999,0,9,0
1,30,662,40,2,0,1,30000,0,106,2024,4,22,19,30,22,4,59,18,20,1,1,2,1,7,9,22,0,0,15,9,30,70,5,3,1,75,35,3,61,1,0,1,0,1,0,11,0,2,0,10,0,3,0,2,0,2,0,4,2,35.72139638888889,139.80555583333336,2,3,712,0,9,0
1,30,663,40,2,0,2,60,20,106,2024,4,2,1,21,22,5,26,18,4,1,1,1,1,1,9,22,0,0,18,9,30,70,5,2,1,55,25,35,61,31,0,0,0,0,0,11,0,4,0,10,0,3,0,0,0,0,0,2,2,35.696425,139.7856522222222,3,3,9999,0,9,0
1,30,663,45,2,0,1,30000,0,106,2024,4,8,14,18,12,5,18,18,9,2,1,1,14,7,0,0,0,0,3,9,1,70,5,3,1,75,35,3,61,31,0,1,0,1,0,11,0,2,0,80,0,4,0,2,0,2,0,4,2,35.710548333333335,139.79127777777776,2,3,627,0,9,0
1,30,663,46,2,0,1,30000,0,106,2024,3,10,16,43,12,5,59,17,44,1,1,1,14,7,0,0,0,0,3,9,1,70,5,3,1,45,1,3,61,31,0,1,0,1,0,11,0,2,0,40,0,3,0,2,0,2,0,4,2,35.708606111111116,139.79283027777777,1,3,9999,0,1,0
1,30,663,52,2,0,1,30000,0,106,2024,4,19,11,21,12,5,3,18,18,1,1,1,1,1,9,22,0,0,15,9,30,70,5,2,1,65,75,3,61,1,0,1,0,1,0,11,0,2,0,10,0,4,0,2,0,2,0,4,2,35.706831111111114,139.79344777777777,6,3,9999,0,9,0
1,30,664,25,2,0,1,21060,0,118,2024,4,17,11,50,12,5,6,18,16,1,1,1,1,1,9,22,0,0,15,9,30,70,5,1,1,75,75,51,61,41,0,0,0,0,0,0,0,0,0,40,0,3,0,0,0,0,0,4,2,35.75040138888889,139.7621375,4,3,0,0,0,0
1,30,665,34,2,0,1,30000,0,118,2024,4,13,20,50,22,5,11,18,13,1,1,1,1,7,9,22,0,0,15,9,30,70,5,2,1,75,55,4,61,31,0,1,0,1,0,11,0,3,0,10,0,4,0,2,0,2,0,4,2,35.737975,139.7940986111111,7,3,606,0,9,0
1,30,665,39,2,0,1,30000,0,118,2024,4,26,6,50,12,4,55,18,24,1,1,1,14,7,0,0,0,0,4,9,1,70,4,2,1,1,75,51,61,41,0,0,0,0,0,0,0,0,0,10,0,3,0,0,0,0,0,4,2,35.73714527777778,139.8068966666667,6,3,0,0,0,0
1,30,666,45,2,0,1,30000,0,118,2024,4,8,13,13,12,5,18,18,9,2,1,1,1,7,9,22,0,0,14,9,30,1,5,3,1,45,1,3,61,31,0,1,0,1,0,11,0,2,0,80,0,3,0,2,0,2,0,4,2,35.72980777777778,139.77274222222223,2,3,9999,0,4,0
1,30,666,53,2,0,1,20410,0,118,2024,4,26,23,18,22,4,55,18,24,2,1,1,1,1,9,22,0,0,17,9,30,70,5,2,1,65,45,3,61,1,0,1,0,1,0,11,0,3,0,10,0,3,0,2,0,2,0,4,2,35.732555000000005,139.76714611111112,6,3,9999,0,9,0
1,30,667,47,2,0,1,40,82,121,2024,4,9,7,40,12,5,16,18,9,3,1,2,1,1,9,22,0,0,17,9,30,70,1,2,1,35,65,36,61,31,0,0,0,0,0,11,0,10,0,10,0,3,0,0,0,0,0,4,2,35.751128055555554,139.7999497222222,3,3,0,0,0,0
1,30,667,48,2,0,1,20670,0,121,2024,4,12,9,15,12,5,12,18,12,1,1,1,14,7,0,0,0,0,4,9,1,70,4,1,1,45,55,31,61,31,0,0,0,0,0,11,0,3,0,10,0,3,0,0,0,0,0,4,2,35.74489444444445,139.79681083333332,6,3,9999,0,9,0
1,30,668,162,2,0,1,30000,0,121,2024,4,1,19,55,22,5,28,18,3,1,1,1,1,1,9,22,0,0,15,9,30,70,4,1,1,65,45,13,61,31,0,11,0,1,0,11,0,3,0,10,0,3,0,2,0,2,0,4,2,35.756395833333336,139.7625438888889,2,3,9999,0,1,0
1,30,668,167,2,0,1,10340,0,121,2024,4,8,12,30,12,5,18,18,9,2,1,1,1,7,9,22,0,0,15,9,30,70,1,4,1,25,1,3,61,31,0,1,0,1,0,11,0,5,0,10,0,3,0,2,0,2,0,4,2,35.76739583333333,139.78608333333332,2,3,9999,0,1,0
1,30,668,170,2,0,1,30000,0,121,2024,1,4,11,27,12,6,51,16,40,1,1,1,14,7,0,0,0,0,2,9,1,70,5,3,1,75,25,3,61,31,0,1,0,1,0,11,0,2,0,40,0,4,0,2,0,2,0,4,2,35.77840611111111,139.77902083333333,5,3,9999,0,9,0
1,30,668,181,2,0,1,10130,0,121,2024,4,15,8,0,12,5,8,18,14,1,1,1,12,7,0,0,0,0,1,9,1,70,1,2,1,1,1,51,61,41,0,0,0,0,0,0,0,0,0,10,0,4,0,0,0,0,0,4,2,35.77629361111111,139.7444447222222,2,3,0,0,0,0
1,30,668,196,2,0,1,99000,0,121,2024,4,21,12,20,12,5,1,18,19,1,1,1,0,7,0,0,0,0,0,0,20,70,0,4,1,35,75,14,61,1,0,11,0,1,0,11,0,10,0,30,0,3,0,2,0,2,0,4,2,35.757596944444444,139.7521336111111,1,3,9999,0,1,0
1,30,668,209,2,0,1,30000,0,121,2024,4,10,20,15,22,5,15,18,10,1,1,1,7,1,0,0,0,0,4,9,1,70,4,3,1,45,35,3,61,31,0,1,0,1,0,11,0,10,0,40,0,4,0,2,0,2,0,4,2,35.79302694444444,139.7698816666667,4,3,9999,0,1,0
1,30,669,124,2,0,1,30000,0,121,2024,4,1,20,10,22,5,28,18,3,1,1,1,1,7,9,22,0,0,15,9,30,70,4,2,1,55,25,14,61,1,0,11,0,1,0,11,0,1,0,20,0,4,0,2,0,2,0,4,2,35.761047222222224,139.8200322222222,2,3,9999,0,9,0
1,30,669,126,2,0,1,30000,0,121,2024,4,3,22,45,22,5,25,18,4,3,1,2,1,1,9,22,0,0,14,9,30,70,4,3,1,55,45,3,61,31,0,1,0,1,0,11,0,2,0,10,0,4,0,2,0,2,0,4,2,35.78454583333333,139.81650055555556,4,3,9999,0,9,0
1,30,669,141,2,0,1,30000,0,121,2024,4,2,9,53,12,5,26,18,4,2,1,1,14,7,0,0,0,0,2,9,1,1,5,3,1,55,75,51,61,41,0,0,0,0,0,0,0,0,0,10,0,3,0,0,0,0,0,2,4,35.78225416666667,139.8117036111111,3,3,0,0,0,0
1,30,669,144,2,0,1,30000,0,121,2024,4,19,8,0,12,5,3,18,18,1,1,1,14,7,0,0,0,0,1,9,1,70,5,2,1,1,1,51,61,41,0,0,0,0,0,0,0,0,0,10,0,4,0,0,0,0,0,4,2,35.77010055555555,139.84271694444445,6,3,0,0,0,0
1,30,669,147,2,0,1,30000,0,121,2024,4,19,15,20,12,5,3,18,18,1,1,1,1,7,9,22,0,0,11,9,30,1,4,3,1,1,1,3,61,31,0,1,0,1,0,11,0,2,0,10,0,3,0,2,0,2,0,4,2,35.78050277777778,139.81406333333334,6,3,9999,0,1,0
1,30,670,90,2,0,1,30410,0,121,2024,4,13,10,2,12,5,11,18,13,1,1,1,1,1,9,22,0,0,18,9,30,70,5,2,1,1,75,3,61,31,0,1,0,1,0,11,0,3,0,10,0,3,0,2,0,2,0,4,2,35.792567777777776,139.7912611111111,7,3,9999,0,1,0
1,30,670,99,2,0,1,30000,0,121,2024,4,22,12,24,12,4,59,18,20,2,1,1,14,7,0,0,0,0,3,9,1,70,5,4,1,65,75,4,61,31,0,1,0,1,0,11,0,2,0,20,0,3,0,2,0,2,0,4,2,35.8103275,139.82080833333333,2,3,9999,0,9,0
1,30,670,101,2,0,1,20620,0,121,2024,4,24,10,15,12,4,57,18,22,3,1,2,1,7,1,21,0,0,11,9,30,70,5,2,1,65,55,3,61,31,0,1,0,1,0,11,0,2,0,20,0,4,0,2,0,2,0,4,2,35.80403555555555,139.79768333333334,4,3,9999,0,9,0
1,30,670,106,2,0,1,30000,0,121,2024,4,30,9,55,12,4,50,18,27,2,1,1,1,1,9,22,0,0,15,9,30,70,5,3,1,45,75,14,61,31,0,11,0,1,0,11,0,10,0,10,0,3,0,2,0,2,0,4,2,35.790073888888884,139.79050666666666,3,3,9999,0,5,0
1,30,771,128,2,0,1,30000,0,108,2024,4,8,14,10,12,5,18,18,9,2,1,1,14,1,0,0,0,0,6,9,1,70,1,2,1,45,75,51,61,41,0,0,0,0,0,0,0,0,0,10,0,4,0,0,0,0,0,4,2,35.66650111111111,139.81648333333334,2,3,0,0,0,0
1,30,771,130,2,0,1,10040,0,108,2024,4,9,16,27,12,5,16,18,9,1,1,2,1,1,9,22,0,0,19,9,30,70,1,2,1,55,65,11,61,1,0,11,0,2,0,11,0,5,0,40,0,3,0,2,0,2,0,4,2,35.66951777777778,139.8059777777778,3,3,9999,0,9,0
1,30,771,133,2,0,1,10020,0,108,2024,4,3,18,40,21,5,25,18,4,3,1,2,1,1,9,22,0,0,19,9,30,70,4,1,1,1,25,3,61,31,0,1,0,1,0,11,0,10,0,10,0,4,0,2,0,2,0,4,2,35.65818361111111,139.79304305555556,4,3,9999,0,1,0
1,30,771,144,2,0,1,30000,0,108,2024,4,17,8,15,12,5,6,18,16,1,1,1,1,7,1,21,0,0,11,9,30,70,5,2,1,45,1,3,61,31,0,1,0,1,0,11,0,2,0,10,0,3,0,2,0,2,0,4,2,35.65526027777778,139.8000477777778,4,3,9999,0,4,0
1,30,771,146,2,0,1,30000,0,108,2024,4,17,15,20,12,5,6,18,16,1,1,1,1,7,1,21,0,0,14,9,30,70,5,2,1,35,45,14,61,31,0,11,0,1,0,11,0,10,0,10,0,3,0,2,0,2,0,4,2,35.68117222222222,139.79704222222222,4,3,9999,0,5,0
1,30,771,150,2,0,1,10060,0,108,2024,4,2,21,50,22,5,26,18,4,1,1,1,7,1,0,0,0,0,5,9,1,70,1,1,1,1,25,51,61,41,0,0,0,0,0,0,0,0,0,10,0,3,0,0,0,0,0,4,2,35.688021388888885,139.80012833333333,3,3,0,0,0,0
1,30,771,156,2,0,1,20540,0,108,2024,4,19,17,5,12,5,3,18,18,1,1,1,7,7,0,0,0,0,5,9,1,70,4,1,1,45,75,13,61,31,0,11,0,1,0,11,0,3,0,10,0,3,0,2,0,2,0,4,2,35.683027499999994,139.81505444444446,6,3,9999,0,1,0
1,30,771,157,2,0,1,30000,0,108,2024,4,20,8,5,12,5,2,18,19,1,1,1,14,7,0,0,0,0,4,9,1,70,5,2,1,65,25,51,61,41,0,0,0,0,0,0,0,0,0,10,0,3,0,0,0,0,0,4,2,35.672505,139.80503861111112,7,3,0,0,0,0
1,30,771,158,2,0,1,30000,0,108,2024,3,27,14,0,12,5,35,17,59,1,1,1,7,7,0,0,0,0,3,9,1,70,5,3,1,65,45,51,61,41,0,0,0,0,0,0,0,0,0,40,0,3,0,0,0,0,0,2,4,35.690081666666664,139.81442777777778,4,3,0,0,0,0
1,30,771,162,2,0,1,10370,0,108,2024,4,22,15,22,12,4,59,18,20,1,1,1,1,1,9,22,0,0,19,9,30,70,6,2,1,55,25,3,61,31,0,1,0,1,0,11,0,4,0,10,0,3,0,2,0,2,0,4,2,35.66927388888889,139.80588805555556,2,3,9999,0,9,0
1,30,771,169,2,0,1,30000,0,108,2024,4,26,0,27,22,4,55,18,24,1,1,1,1,1,9,22,0,0,18,9,30,70,5,2,1,55,1,12,61,1,0,11,0,1,0,11,0,5,0,50,0,3,0,2,0,2,0,4,2,35.65717305555555,139.81572916666667,6,3,9999,0,1,0
1,30,771,172,2,0,1,30000,0,108,2024,4,29,9,0,12,4,51,18,26,1,1,1,14,7,0,0,0,0,2,9,1,70,5,4,1,55,75,14,61,1,0,11,0,1,0,11,0,5,0,40,0,3,0,2,0,2,0,4,2,35.662662499999996,139.81005444444446,2,1,9999,0,9,0
1,30,772,102,2,0,2,10090,0,108,2024,2,7,21,13,22,6,37,17,14,1,1,1,1,1,9,22,0,0,15,9,30,70,5,2,1,55,35,34,61,31,0,0,0,0,0,11,0,4,0,10,0,3,0,0,0,0,0,2,2,35.69994277777777,139.82545638888888,4,3,9999,0,4,0
1,30,772,104,2,0,1,20650,0,108,2024,4,3,20,5,22,5,25,18,4,3,1,2,1,7,9,22,0,0,11,9,30,70,5,1,1,55,45,3,61,31,0,1,0,1,0,11,0,2,0,80,0,3,0,2,0,2,0,4,2,35.70202888888889,139.83434277777778,4,3,9999,0,5,0
1,30,772,128,2,0,1,30000,0,108,2024,4,10,8,45,12,5,15,18,10,1,1,1,7,7,0,0,0,0,2,9,1,70,5,1,1,45,45,3,61,1,0,1,0,1,0,11,0,2,0,10,0,3,0,2,0,2,0,4,2,35.69734611111111,139.82357305555556,4,3,9999,0,9,0
1,30,773,87,2,0,1,20670,0,107,2024,4,9,15,10,12,5,16,18,9,2,1,1,1,1,9,22,0,0,11,9,30,70,5,2,1,65,35,3,61,31,0,1,0,1,0,11,0,2,0,50,0,3,0,2,0,2,0,4,2,35.70995944444445,139.80212611111114,3,3,9999,0,9,0
1,30,773,96,2,0,1,31030,0,107,2024,4,24,19,30,22,4,57,18,22,3,1,2,1,1,9,22,0,0,18,9,30,70,5,2,1,65,1,3,61,31,0,1,0,1,0,11,0,3,0,10,0,3,0,2,0,2,0,4,2,35.69732638888888,139.80272583333334,4,3,9999,0,9,0
1,30,773,104,2,0,1,10290,0,107,2024,4,30,19,40,22,4,50,18,27,2,1,1,1,1,9,22,0,0,19,9,30,70,5,1,1,55,25,3,61,31,0,1,0,1,0,11,0,4,0,10,0,4,0,2,0,2,0,4,2,35.70393861111111,139.79593722222222,3,3,9999,0,9,0
1,30,775,87,2,0,1,99000,0,122,2024,4,13,20,25,22,5,11,18,13,1,1,1,0,7,0,0,0,0,0,0,20,70,0,4,1,55,55,3,61,31,0,1,0,1,0,11,0,10,0,60,0,4,0,2,0,2,0,4,2,35.7620975,139.86002944444445,7,3,9999,0,9,0
1,30,775,92,2,0,1,30000,0,122,2024,2,8,19,50,22,6,36,17,15,1,1,1,14,7,0,0,0,0,1,9,1,70,5,2,1,25,55,51,61,41,0,0,0,0,0,0,0,0,0,10,0,3,0,0,0,0,0,4,2,35.75127388888889,139.824125,5,3,0,0,0,0
1,30,776,95,2,0,1,30000,0,122,2024,4,6,17,40,13,5,20,18,7,2,1,1,14,7,0,0,0,0,2,9,1,70,5,3,1,25,1,17,61,1,0,11,0,1,0,11,0,2,0,50,0,3,0,2,0,2,0,4,2,35.733336944444446,139.86589722222223,7,3,9999,0,1,0
1,30,776,106,2,0,1,30000,0,122,2024,4,5,7,20,12,5,22,18,6,1,1,1,14,7,0,0,0,0,1,9,1,70,5,3,1,35,55,51,61,41,0,0,0,0,0,0,0,0,0,10,0,4,0,0,0,0,0,4,2,35.71554888888889,139.862785,6,3,0,0,0,0
1,30,777,186,2,0,1,10130,0,123,2024,4,1,19,25,22,5,28,18,3,1,1,1,1,1,9,22,0,0,15,9,30,70,5,2,1,25,35,13,61,31,0,11,0,1,0,11,0,2,0,20,0,3,0,2,0,2,0,4,2,35.687532499999996,139.88261972222222,2,3,9999,0,5,0
1,30,777,190,2,0,1,30520,0,123,2024,4,4,18,37,21,5,23,18,5,1,1,1,1,7,9,22,0,0,14,9,30,70,4,2,1,65,45,3,61,31,0,1,0,1,0,11,0,2,0,10,0,4,0,2,0,2,0,4,2,35.699778888888886,139.8653411111111,5,3,9999,0,9,0
1,30,777,197,2,0,1,30000,0,123,2024,4,9,15,0,12,5,16,18,9,1,1,1,14,7,0,0,0,0,2,9,1,70,4,2,1,75,75,3,61,31,0,1,0,1,0,11,0,1,0,30,0,3,0,2,0,2,0,4,2,35.68865888888889,139.8935236111111,3,3,495,0,9,0
1,30,777,206,2,0,1,141,0,123,2024,1,24,11,0,12,6,47,16,59,1,1,1,1,1,9,22,0,0,19,9,30,70,1,2,1,35,55,51,61,41,0,0,0,0,0,0,0,0,0,30,0,3,0,0,0,0,0,4,2,35.70837944444445,139.86746166666669,4,3,0,0,0,0
1,30,777,215,2,0,1,30000,0,123,2024,4,11,23,7,22,5,14,18,11,1,1,1,14,7,0,0,0,0,3,9,1,70,5,3,1,55,45,3,61,31,0,1,0,1,0,11,0,10,0,30,0,3,0,2,0,2,0,4,2,35.69445694444444,139.89988805555555,5,3,9999,0,9,0
1,30,777,216,2,0,1,30000,0,123,2024,4,19,2,5,22,5,3,18,18,2,1,1,1,7,1,21,0,0,14,9,30,70,4,2,1,45,35,36,61,31,0,0,0,0,0,11,0,2,0,10,0,3,0,0,0,0,0,4,2,35.68846722222222,139.89522777777776,6,3,9999,0,5,0
1,30,777,233,2,0,1,30000,0,123,2024,4,9,9,10,12,5,16,18,9,3,1,2,1,7,1,21,0,0,14,9,30,70,5,3,1,45,45,14,61,1,0,11,0,2,0,11,0,1,0,20,0,3,0,2,0,2,0,4,2,35.70773055555556,139.83844861111112,3,3,9999,0,9,0
1,30,778,84,2,0,1,99000,0,123,2024,4,13,16,0,12,5,11,18,13,1,1,1,0,7,0,0,0,0,0,0,20,70,0,4,1,35,1,51,61,41,0,0,0,0,0,0,0,0,0,10,0,3,0,0,0,0,0,4,2,35.712605,139.88202194444446,7,3,0,0,0,0
1,30,779,88,2,0,1,30000,0,123,2024,4,7,14,5,12,5,19,18,8,1,1,1,1,7,9,22,0,0,14,9,30,70,4,4,1,55,25,3,61,31,0,1,0,1,0,11,0,1,0,20,0,4,0,2,0,2,0,4,2,35.67006555555555,139.86963111111112,1,3,9999,0,9,0
1,30,779,96,2,0,1,99000,0,123,2024,3,25,19,50,22,5,37,17,57,2,1,1,0,7,0,0,0,0,0,0,20,70,0,4,1,55,45,3,61,31,0,1,0,1,0,11,0,10,0,20,0,4,0,2,0,2,0,4,2,35.65367555555555,139.88305027777778,2,3,9999,0,9,0
1,30,779,101,2,0,1,10350,0,123,2024,4,18,20,22,22,5,4,18,17,3,1,2,1,7,1,21,0,0,18,9,30,70,5,1,1,45,35,3,61,31,0,1,0,1,0,11,0,2,0,10,0,3,0,2,0,2,0,4,2,35.66706972222222,139.87673694444445,5,3,9999,0,1,0
1,30,779,102,2,0,1,10130,0,123,2024,3,9,20,40,22,6,0,17,43,1,1,4,7,7,0,0,0,0,5,9,1,70,5,2,1,25,25,51,61,41,0,0,0,0,0,0,0,0,0,20,0,4,0,0,0,0,0,4,2,35.66290055555555,139.87288194444446,7,3,0,0,0,0
1,30,876,111,2,0,1,30000,0,201,2024,3,5,0,42,22,6,6,17,40,1,1,1,14,7,0,0,0,0,3,9,1,70,5,2,1,45,1,35,61,31,0,0,0,0,0,11,0,2,0,10,0,3,0,0,0,0,0,4,2,35.62458138888889,139.38015833333333,3,3,9999,0,9,0
1,30,876,119,2,0,1,30000,0,201,2024,4,11,14,45,12,5,14,18,11,1,1,1,7,7,0,0,0,0,3,8,1,70,4,2,1,35,1,52,61,41,0,0,0,0,0,0,0,0,0,10,0,4,0,0,0,0,0,4,2,35.62099333333333,139.3982961111111,5,3,0,0,0,0
1,30,876,122,2,0,1,30000,0,209,2024,4,15,17,50,13,5,8,18,14,1,1,1,14,7,0,0,0,0,3,9,1,70,5,2,1,1,1,51,61,41,0,0,0,0,0,0,0,0,0,10,0,3,0,0,0,0,0,4,2,35.59376972222223,139.38816416666666,2,3,0,0,0,0
1,30,876,131,2,0,1,30000,0,209,2024,4,21,13,1,12,5,1,18,19,2,1,1,7,7,0,0,0,0,2,9,1,70,5,4,1,75,75,4,61,31,0,1,0,1,0,11,0,5,0,30,0,4,0,2,0,2,0,4,2,35.586961111111115,139.39122527777778,1,3,993,0,9,0
1,30,876,133,2,0,1,30000,0,201,2024,1,16,16,5,13,6,50,16,51,1,1,1,14,7,0,0,0,0,2,9,1,70,5,3,1,25,1,3,61,31,0,1,0,1,0,11,0,1,0,50,0,3,0,2,0,2,0,4,2,35.64613166666667,139.35546555555555,3,3,9999,0,1,0
1,30,876,139,2,0,1,20770,0,201,2024,4,25,17,9,12,4,56,18,23,1,1,1,1,1,9,22,0,0,15,9,30,70,5,2,1,65,75,3,61,31,0,1,0,1,0,11,0,3,0,10,0,3,0,2,0,2,0,4,2,35.63834472222222,139.31844083333334,5,3,9999,0,9,0
1,30,876,147,2,0,1,10480,0,201,2024,4,16,16,40,12,5,7,18,15,1,1,1,14,7,0,0,0,0,2,7,1,70,5,1,1,45,25,51,61,41,0,0,0,0,0,0,0,0,0,10,0,3,0,0,0,0,0,4,2,35.641891944444446,139.3569886111111,3,3,0,0,0,0
1,30,877,105,2,0,2,30000,0,201,2024,4,2,9,20,12,5,26,18,4,1,1,1,14,7,0,0,0,0,4,8,1,70,4,2,1,75,75,51,61,41,0,0,0,0,0,0,0,0,0,10,0,3,0,0,0,0,0,2,2,35.651255,139.302825,3,3,0,0,0,0
1,30,877,115,2,0,1,30000,0,201,2024,4,10,16,22,12,5,15,18,10,1,1,1,1,7,9,22,0,0,15,9,30,70,5,2,1,65,1,3,61,31,0,1,0,1,0,11,0,3,0,10,0,3,0,2,0,2,0,4,2,35.65707583333333,139.29271277777778,4,3,9999,0,1,0
1,30,877,118,2,0,1,200,482,201,2024,4,15,15,10,12,5,8,18,14,2,2,1,14,7,0,0,0,0,5,9,1,70,4,2,1,1,55,51,61,41,0,0,0,0,0,0,0,0,0,10,0,3,0,0,0,0,0,4,2,35.653325555555554,139.3034725,2,3,0,0,0,0
1,30,877,125,2,0,1,30000,0,201,2024,4,22,19,55,22,4,59,18,20,1,2,1,7,1,0,0,0,0,2,9,1,70,1,2,1,55,55,3,61,31,0,1,0,1,0,11,0,3,0,40,0,3,0,2,0,2,0,4,2,35.63809777777778,139.3094825,2,3,9999,0,9,0
1,30,877,129,2,0,1,30000,0,201,2024,4,25,18,29,21,4,56,18,23,1,1,1,7,7,0,0,0,0,3,8,1,70,4,2,1,55,1,3,61,31,0,1,0,1,0,11,0,3,0,10,0,3,0,2,0,2,0,4,2,35.633715555555554,139.30305611111112,5,3,9999,0,9,0
1,30,877,135,2,0,1,30000,0,201,2024,4,21,19,30,22,5,1,18,19,3,1,2,14,7,0,0,0,0,2,9,1,70,5,3,1,75,65,4,61,31,0,1,0,1,0,11,0,2,0,40,0,3,0,2,0,1,0,4,2,35.6809775,139.28753111111112,1,3,731,0,9,0
1,30,877,137,2,0,1,20730,0,201,2024,4,14,11,30,12,5,10,18,14,1,2,1,14,7,0,0,0,0,3,9,1,70,5,2,1,25,0,61,0,0,0,0,0,0,0,0,0,0,0,0,0,0,0,0,0,0,0,2,0,35.67279333333333,139.29631666666666,1,3,0,0,0,0
1,30,878,123,2,0,1,10610,0,225,2024,2,7,19,10,22,6,37,17,14,1,2,1,1,1,9,22,0,0,15,9,30,70,5,2,1,65,45,3,61,31,0,1,0,1,0,11,0,3,0,50,0,3,0,2,0,2,0,4,2,35.637974722222225,139.49850611111108,4,3,9999,0,9,0
1,30,878,130,2,0,1,99000,0,225,2024,3,30,11,3,12,5,30,18,1,1,2,1,0,7,0,0,0,0,0,0,20,70,0,4,1,35,45,3,61,31,0,1,0,1,0,11,0,10,0,30,0,4,0,2,0,2,0,4,2,35.63821222222222,139.49839916666664,7,3,9999,0,1,0
1,30,878,131,2,0,1,30000,0,225,2024,4,10,12,23,12,5,15,18,10,1,1,1,1,1,9,22,0,0,19,9,30,70,4,1,1,45,1,3,61,31,0,1,0,1,0,11,0,3,0,40,0,4,0,2,0,2,0,4,2,35.61406,139.48448555555555,4,3,9999,0,5,0
1,30,878,132,2,0,1,30000,0,224,2024,4,10,19,50,22,5,15,18,10,1,1,1,14,7,0,0,0,0,4,9,1,70,4,1,1,45,75,3,61,31,0,1,0,1,0,11,0,3,0,10,0,3,0,2,0,2,0,4,2,35.63199027777778,139.43000444444442,4,3,9999,0,1,0
1,30,878,133,2,0,1,30000,0,224,2024,4,10,20,47,22,5,15,18,10,1,1,1,1,1,9,22,0,0,19,7,30,70,4,1,1,65,55,3,61,1,0,1,0,1,0,11,0,3,0,10,0,3,0,2,0,2,0,4,2,35.63151277777778,139.4470797222222,4,3,9999,0,9,0
1,30,878,142,2,0,1,30000,0,224,2024,4,17,15,32,12,5,6,18,16,1,2,1,14,7,0,0,0,0,2,9,1,70,5,1,1,75,65,51,61,41,0,0,0,0,0,0,0,0,0,10,0,3,0,0,0,0,0,4,2,35.64863555555556,139.44632555555555,4,3,0,0,0,0
1,30,878,149,2,0,1,30000,0,224,2024,4,22,17,35,13,4,59,18,20,1,2,1,1,7,1,21,0,0,15,9,30,70,5,3,1,75,75,51,61,41,0,0,0,0,0,0,0,0,0,10,0,3,0,0,0,0,0,4,2,35.631060833333336,139.44328916666666,2,3,0,0,0,0
1,30,878,150,2,0,1,30000,0,225,2024,4,22,18,50,21,4,59,18,20,1,2,1,1,1,9,22,0,0,18,9,30,70,5,2,1,65,65,13,61,31,0,11,0,1,0,11,0,3,0,10,0,3,0,2,0,2,0,4,2,35.64087138888889,139.508735,2,3,9999,0,9,0