資料区分,都道府県コード,警察署等コード,本票番号,事故内容,死者数,負傷者数,路線コード,地点コード,市区町村コード,発生日時　　年,発生日時　　月,発生日時　　日,発生日時　　時,発生日時　　分,昼夜,日の出時刻　　時,日の出時刻　　分,日の入り時刻　　時,日の入り時刻　　分,天候,地形,路面状態,道路形状,信号機,一時停止規制　標識（当事者A）,一時停止規制　表示（当事者A）,一時停止規制　標識（当事者B）,一時停止規制　表示（当事者B）,車道幅員,道路線形,衝突地点,ゾーン規制,中央分離帯施設等,歩車道区分,事故類型,年齢（当事者A）,年齢（当事者B）,当事者種別（当事者A）,当事者種別（当事者B）,用途別（当事者A）,用途別（当事者B）,車両形状等（当事者A）,車両形状等（当事者B）,オートマチック車（当事者A）,オートマチック車（当事者B）,サポカー（当事者A）,サポカー（当事者B）,速度規制（指定のみ）（当事者A）,速度規制（指定のみ）（当事者B）,車両の衝突部位（当事者A）,車両の衝突部位（当事者B）,車両の損壊程度（当事者A）,車両の損壊程度（当事者B）,エアバッグの装備（当事者A）,エアバッグの装備（当事者B）,サイドエアバッグの装備（当事者A）,サイドエアバッグの装備（当事者B）,人身損傷程度（当事者A）,人身損傷程度（当事者B）,lat,lon,曜日(発生年月日),祝日(発生年月日),認知機能検査経過日数（当事者A）,認知機能検査経過日数（当事者B）,運転練習の方法（当事者A）,運転練習の方法（当事者B）
1,30,879,153,2,0,1,30000,0,220,2024,4,20,13,15,12,5,2,18,19,1,2,1,1,1,9,22,0,0,11,9,30,70,5,2,1,55,75,51,61,41,0,0,0,0,0,0,0,0,0,10,0,3,0,0,0,0,0,4,2,35.737944166666665,139.42527416666667,7,3,0,0,0,0
1,30,879,170,2,0,1,30000,0,223,2024,4,23,8,45,12,4,58,18,21,2,1,1,14,7,0,0,0,0,2,9,1,70,5,3,1,65,1,3,61,31,0,1,0,1,0,11,0,2,0,40,0,3,0,2,0,2,0,4,2,35.735571944444445,139.40479583333334,3,3,9999,0,1,0
1,30,880,72,2,0,1,30000,0,205,2024,4,8,10,40,12,5,18,18,9,2,2,1,14,7,0,0,0,0,3,9,1,70,5,4,1,65,75,3,61,31,0,1,0,1,0,11,0,10,0,30,0,4,0,2,0,2,0,4,2,35.79921833333333,139.21896388888888,2,3,9999,0,9,0
1,30,880,74,2,0,1,30000,0,205,2024,4,13,14,40,12,5,11,18,13,1,2,1,14,7,0,0,0,0,3,9,1,70,4,3,1,75,1,14,61,31,0,11,0,2,0,11,0,3,0,10,0,3,0,2,0,2,0,4,2,35.803599444444444,139.31694916666666,7,3,810,0,9,0
1,30,880,83,2,0,1,30000,0,205,2024,4,24,11,5,12,4,57,18,22,3,2,2,1,1,9,22,0,0,15,9,30,70,5,2,1,35,65,14,61,1,0,11,0,1,0,11,0,3,0,20,0,4,0,2,0,2,0,4,2,35.78421,139.28783777777778,4,3,9999,0,1,0
1,30,880,86,2,0,1,30000,0,205,2024,4,26,11,0,12,4,55,18,24,1,2,1,1,2,9,22,0,0,11,9,30,70,5,2,1,55,75,14,61,31,0,11,0,1,0,11,0,10,0,10,0,3,0,2,0,2,0,4,2,35.80587805555555,139.31131083333335,6,3,9999,0,9,0
1,30,880,88,2,0,1,30000,0,205,2024,4,27,13,15,12,4,53,18,24,2,2,1,14,7,0,0,0,0,1,9,1,70,5,2,1,35,75,3,61,31,0,1,0,1,0,11,0,5,0,60,0,3,0,2,0,2,0,4,2,35.7853225,139.28865027777778,7,3,9999,0,1,0
1,30,880,90,2,0,1,30000,0,205,2024,4,19,16,41,12,5,3,18,18,1,1,1,1,7,1,22,0,0,14,9,30,70,4,2,1,55,45,3,61,31,0,1,0,1,0,11,0,5,0,80,0,3,0,2,0,2,0,4,2,35.78769027777778,139.28146444444445,6,3,9999,0,9,0
1,30,881,52,2,0,1,30000,0,305,2024,4,22,19,20,22,4,59,18,20,1,1,1,13,7,0,0,0,0,2,3,1,70,5,4,1,35,55,17,61,31,0,11,0,1,0,11,0,10,0,20,0,3,0,2,0,2,0,4,2,35.744501944444444,139.24104499999999,2,3,9999,0,1,0
1,30,881,53,2,0,1,30000,0,228,2024,4,24,21,30,22,4,57,18,22,3,1,2,14,7,0,0,0,0,3,9,1,70,5,3,1,45,1,14,61,31,0,11,0,2,0,11,0,2,0,30,0,3,0,2,0,2,0,4,2,35.72923166666667,139.25294194444444,4,3,9999,0,1,0
1,30,882,107,2,0,1,30000,0,227,2024,4,1,21,28,22,5,28,18,3,1,1,1,1,1,9,22,0,0,15,9,30,70,4,1,1,55,55,4,61,1,0,1,0,1,0,11,0,3,0,10,0,3,0,2,0,2,0,4,2,35.75738361111111,139.3188013888889,2,3,9999,0,1,0
1,30,882,113,2,0,1,160,490,218,2024,4,14,22,4,22,5,10,18,14,1,2,1,1,1,9,22,0,0,19,9,30,70,1,1,1,25,25,3,61,31,0,1,0,1,0,11,0,4,0,80,0,3,0,2,0,2,0,4,2,35.72116416666667,139.34047833333335,1,3,9999,0,1,0
1,30,882,114,2,0,1,30000,0,218,2024,3,30,20,45,22,5,30,18,1,1,1,1,1,1,9,22,0,0,15,9,30,70,4,3,1,45,45,4,61,31,0,1,0,1,0,11,0,2,0,50,0,4,0,2,0,2,0,4,2,35.744996944444445,139.32460027777776,7,3,9999,0,1,0
1,30,882,116,2,0,1,30000,0,228,2024,4,18,22,10,22,5,4,18,17,3,1,2,1,1,9,22,0,0,15,9,30,70,4,2,1,55,55,11,61,1,0,11,0,1,0,11,0,2,0,10,0,3,0,2,0,2,0,4,2,35.71822138888889,139.28541666666666,5,3,9999,0,9,0
1,30,882,118,2,0,1,30000,0,218,2024,4,18,19,0,21,5,4,18,17,2,1,1,14,7,0,0,0,0,2,9,1,70,4,3,1,45,25,13,61,31,0,11,0,1,0,11,0,2,0,10,0,3,0,2,0,2,0,4,2,35.73279472222222,139.33387916666666,5,3,9999,0,9,0
1,30,882,124,2,0,1,30000,0,303,2024,3,16,21,5,22,5,50,17,49,1,1,1,1,1,9,22,0,0,15,9,30,70,5,2,1,55,45,14,61,31,0,11,0,1,0,11,0,2,0,50,0,3,0,2,0,2,0,4,2,35.77987972222222,139.35264583333333,7,3,9999,0,9,0
1,30,882,125,2,0,1,30000,0,228,2024,4,18,18,5,13,5,4,18,17,2,1,1,14,7,0,0,0,0,2,9,1,70,5,4,1,75,45,4,61,31,0,1,0,1,0,11,0,2,0,40,0,3,0,2,0,2,0,4,2,35.72763527777778,139.28744,5,3,100,0,9,0
1,30,883,143,2,0,2,30000,0,201,2024,4,2,10,44,12,5,26,18,4,1,2,1,14,7,0,0,0,0,2,9,1,70,5,1,1,1,1,51,61,41,0,0,0,0,0,0,0,0,0,10,0,3,0,0,0,0,0,4,2,35.659747777777774,139.34089555555556,3,3,0,0,0,0
1,30,883,144,2,0,1,30000,0,201,2024,4,2,10,5,12,5,26,18,4,1,1,1,14,7,0,0,0,0,3,9,1,70,4,1,1,45,75,36,61,31,0,0,0,0,0,11,0,2,0,10,0,3,0,0,0,0,0,4,2,35.67579,139.3212636111111,3,3,9999,0,9,0
1,30,883,166,2,0,1,30000,0,201,2024,4,28,12,0,12,4,52,18,25,1,1,1,14,7,0,0,0,0,3,9,1,70,5,2,1,35,1,3,61,31,0,1,0,1,0,11,0,1,0,20,0,3,0,2,0,2,0,4,2,35.65813222222222,139.3369702777778,1,2,9999,0,1,0
1,30,883,168,2,0,1,95000,0,201,2024,4,16,8,40,12,5,7,18,15,1,3,1,14,7,0,0,0,0,1,9,20,70,5,4,1,1,35,51,61,41,0,0,0,0,0,0,0,0,0,10,0,4,0,0,0,0,0,4,2,35.65938277777778,139.30556555555557,3,3,0,0,0,0
1,30,883,171,2,0,1,30000,0,201,2024,4,29,14,10,12,4,51,18,26,2,1,2,7,7,0,0,0,0,3,9,1,70,5,1,1,25,75,51,61,41,0,0,0,0,0,0,0,0,0,10,0,4,0,0,0,0,0,4,2,35.659283055555555,139.3370666666667,2,1,0,0,0,0
1,30,883,176,2,0,1,31060,0,201,2024,4,16,12,50,12,5,7,18,15,1,1,1,14,7,0,0,0,0,3,9,1,70,4,2,1,1,75,52,61,41,0,0,0,0,0,0,0,0,0,10,0,3,0,0,0,0,0,4,2,35.686816388888886,139.3240947222222,3,3,0,0,0,0
1,30,884,199,2,0,1,30000,0,209,2024,4,3,9,45,12,5,25,18,4,2,2,1,1,7,9,22,0,0,11,9,30,70,5,3,1,55,55,13,61,31,0,11,0,1,0,11,0,2,0,10,0,3,0,2,0,2,0,4,2,35.545810277777775,139.44723583333334,4,3,9999,0,9,0
1,30,884,205,2,0,1,10570,0,209,2024,4,7,11,8,12,5,19,18,8,1,1,1,14,7,0,0,0,0,1,8,1,70,5,2,1,75,45,4,61,31,0,1,0,1,0,11,0,3,0,10,0,3,0,2,0,2,0,4,2,35.57396222222223,139.44615555555555,1,3,615,0,1,0
1,30,884,206,2,0,1,99000,0,209,2024,4,7,14,50,12,5,19,18,8,1,2,1,0,7,0,0,0,0,0,0,20,70,0,4,1,55,45,14,61,1,0,11,0,1,0,11,0,10,0,10,0,3,0,2,0,2,0,4,2,35.54362361111111,139.47390194444444,1,3,9999,0,9,0
1,30,884,215,2,0,1,30000,0,209,2024,4,10,20,40,22,5,15,18,10,1,1,1,14,7,0,0,0,0,3,8,1,70,5,3,1,1,45,51,61,41,0,0,0,0,0,0,0,0,0,10,0,3,0,0,0,0,0,4,2,35.54049416666666,139.47356527777777,4,3,0,0,0,0
1,30,884,216,2,0,1,30000,0,209,2024,4,11,12,10,12,5,14,18,11,1,2,1,7,7,0,0,0,0,2,6,1,70,5,2,1,65,75,14,61,1,0,11,0,1,0,11,0,2,0,80,0,3,0,2,0,2,0,4,2,35.58831416666667,139.46413944444444,5,3,9999,0,9,0
1,30,884,217,2,0,1,30000,0,209,2024,4,11,18,35,21,5,14,18,11,1,1,1,14,7,0,0,0,0,3,7,1,70,5,4,1,75,45,3,61,31,0,1,0,1,0,11,0,2,0,20,0,4,0,2,0,2,0,4,2,35.56962888888889,139.46367333333333,5,3,303,0,5,0
1,30,884,221,2,0,1,30000,0,209,2024,4,17,19,35,22,5,6,18,16,2,2,1,1,1,0,0,0,0,15,9,30,70,4,2,1,25,0,61,0,0,0,0,0,0,0,0,0,0,0,0,0,0,0,0,0,0,0,2,0,35.533677499999996,139.46633666666665,4,3,0,0,0,0
1,30,884,227,2,0,1,30000,0,209,2024,4,19,11,35,12,5,3,18,18,1,2,1,14,7,0,0,0,0,2,8,1,70,1,2,1,45,75,13,61,31,0,11,0,1,0,11,0,3,0,10,0,3,0,2,0,2,0,4,2,35.561506666666666,139.43649916666666,6,3,9999,0,1,0
1,30,884,228,2,0,1,30000,0,209,2024,4,19,15,50,12,5,3,18,18,1,3,1,1,1,9,22,0,0,15,9,30,70,5,2,1,35,65,3,61,31,0,1,0,1,0,11,0,3,0,10,0,3,0,2,0,2,0,4,2,35.57120861111112,139.48300444444445,6,3,9999,0,9,0
1,30,884,232,2,0,1,30000,0,209,2024,4,10,15,3,12,5,15,18,10,1,1,1,1,7,9,22,0,0,11,9,30,1,4,2,1,45,1,3,61,31,0,1,0,1,0,11,0,2,0,50,0,3,0,2,0,2,0,4,2,35.5551025,139.47570222222222,4,3,9999,0,9,0
1,30,884,237,2,0,1,30000,0,209,2024,4,24,12,16,12,4,57,18,22,3,1,2,1,7,9,22,0,0,15,9,30,70,5,1,1,45,45,13,61,31,0,11,0,1,0,1,0,3,0,10,0,3,0,2,0,2,0,4,2,35.564906944444445,139.4634422222222,4,3,9999,0,1,0
1,30,884,238,2,0,1,30560,0,209,2024,4,24,18,49,21,4,57,18,22,3,1,2,1,1,1,21,0,0,11,9,30,70,4,2,1,1,65,14,61,31,0,11,0,1,0,11,0,3,0,10,0,3,0,2,0,2,0,4,2,35.553201666666666,139.42839527777778,4,3,9999,0,1,0
1,30,884,240,2,0,1,10490,0,209,2024,4,26,0,2,22,4,55,18,24,1,1,1,1,1,9,22,0,0,15,9,30,70,4,2,1,65,25,35,61,31,0,0,0,0,0,11,0,3,0,20,0,3,0,0,0,0,0,4,2,35.53842777777778,139.45384777777775,6,3,9999,0,9,0
1,30,884,241,2,0,1,99000,0,209,2024,4,23,7,53,12,4,58,18,21,2,2,1,0,7,0,0,0,0,0,0,20,70,0,4,1,35,35,4,61,31,0,1,0,1,0,11,0,10,0,70,0,4,0,2,0,2,0,4,2,35.57918527777778,139.40714333333335,3,3,9999,0,1,0
1,30,884,245,2,0,1,30000,0,209,2024,4,28,17,30,13,4,52,18,25,1,1,1,14,7,0,0,0,0,2,9,1,70,5,4,1,1,1,51,61,41,0,0,0,0,0,0,0,0,0,10,0,3,0,0,0,0,0,4,2,35.57879694444445,139.49696999999998,1,2,0,0,0,0
1,30,884,246,2,0,1,30000,0,209,2024,4,28,17,48,13,4,52,18,25,1,1,1,1,7,9,22,0,0,11,8,30,70,5,2,1,45,1,3,61,31,0,1,0,1,0,11,0,2,0,10,0,3,0,2,0,2,0,4,2,35.547062777777775,139.45376694444442,1,2,9999,0,5,0
1,30,884,253,2,0,1,30000,0,209,2024,4,27,15,30,12,4,53,18,24,2,1,1,14,7,0,0,0,0,2,9,1,70,5,3,1,75,55,3,61,31,0,1,0,1,0,11,0,2,0,40,0,4,0,2,0,2,0,4,2,35.54738638888889,139.4480638888889,7,3,80,0,9,0
1,30,885,81,1,1,0,30000,0,212,2024,4,26,11,58,12,4,55,18,24,1,2,1,1,7,9,22,0,0,15,9,30,70,5,2,1,65,75,3,61,31,0,1,0,1,0,11,0,2,0,10,0,3,0,2,0,2,0,4,1,35.65799583333333,139.43072166666667,6,3,9999,0,9,0
1,30,885,89,2,0,1,30000,0,212,2024,4,16,22,10,22,5,7,18,15,1,1,1,14,7,0,0,0,0,2,9,1,70,4,2,1,65,55,3,61,1,0,1,0,1,0,11,0,10,0,10,0,3,0,2,0,2,0,4,2,35.65884611111111,139.38166722222223,3,3,9999,0,9,0
1,30,885,97,2,0,1,10510,0,212,2024,4,24,11,30,12,4,57,18,22,3,1,2,14,7,0,0,0,0,4,9,1,70,4,2,1,65,65,36,61,31,0,0,0,0,0,11,0,2,0,10,0,3,0,0,0,0,0,4,2,35.656794444444444,139.43198583333333,4,3,9999,0,9,0
1,30,886,102,2,0,1,30000,0,207,2024,4,10,8,6,12,5,15,18,10,1,2,1,14,7,0,0,0,0,1,9,1,70,5,2,1,55,25,3,61,31,0,1,0,1,0,11,0,3,0,10,0,3,0,2,0,2,0,4,2,35.722006111111114,139.356155,4,3,9999,0,9,0
1,30,887,184,2,0,1,30000,0,215,2024,4,1,13,38,12,5,28,18,3,1,2,1,14,7,0,0,0,0,2,9,1,70,4,2,1,1,1,3,61,31,0,1,0,1,0,11,0,5,0,20,0,3,0,2,0,2,0,4,2,35.685312222222215,139.43242972222222,2,3,9999,0,1,0
1,30,887,186,2,0,1,30000,0,202,2024,4,2,11,0,12,5,26,18,4,1,1,1,1,1,9,22,0,0,15,9,30,70,4,2,1,65,75,51,61,41,0,0,0,0,0,0,0,0,0,40,0,4,0,0,0,0,0,4,2,35.72932027777778,139.39476499999998,3,3,0,0,0,0
1,30,887,188,2,0,1,30000,0,215,2024,4,2,9,10,12,5,26,18,4,1,1,1,14,7,0,0,0,0,2,9,1,70,5,3,1,75,45,3,61,31,0,1,0,1,0,11,0,2,0,40,0,3,0,2,0,2,0,4,2,35.696315,139.43146916666666,3,3,739,0,9,0
1,30,887,201,2,0,1,200,1,215,2024,4,10,8,55,12,5,15,18,10,1,1,1,1,1,9,22,0,0,15,9,30,70,4,2,1,45,75,3,61,31,0,1,0,1,0,11,0,4,0,10,0,3,0,2,0,2,0,4,2,35.68178972222222,139.43901222222223,4,3,9999,0,9,0
1,30,887,204,2,0,1,10520,0,202,2024,4,11,18,25,21,5,14,18,11,1,1,1,1,7,9,22,0,0,15,9,30,70,4,1,1,65,65,3,61,31,0,1,0,1,0,11,0,3,0,10,0,3,0,2,0,2,0,4,2,35.72702694444445,139.43372083333333,5,3,9999,0,9,0
1,30,887,215,2,0,1,99000,0,202,2024,4,23,11,40,12,4,58,18,21,2,2,1,0,7,0,0,0,0,0,0,20,70,0,4,1,55,35,2,61,31,0,1,0,1,0,11,0,10,0,30,0,3,0,2,0,2,0,4,2,35.691267222222216,139.39557944444445,3,3,9999,0,1,0
1,30,887,221,2,0,1,21150,0,202,2024,4,25,17,40,13,4,56,18,23,1,2,1,1,1,9,22,0,0,14,9,30,70,5,2,1,25,1,3,61,31,0,1,0,1,0,11,0,3,0,10,0,3,0,2,0,2,0,4,2,35.725837222222225,139.38298666666668,5,3,9999,0,1,0
1,30,887,227,2,0,1,30000,0,202,2024,4,30,7,50,12,4,50,18,27,3,1,2,13,7,0,0,0,0,3,6,1,70,4,2,1,45,1,2,61,1,0,1,0,1,0,11,0,3,0,50,0,4,0,2,0,2,0,4,2,35.733712777777775,139.366455,3,3,9999,0,1,0
1,30,888,72,2,0,1,10500,0,206,2024,4,21,18,40,21,5,1,18,19,3,1,2,14,7,0,0,0,0,4,8,1,70,4,1,1,45,35,52,61,41,0,0,0,0,0,0,0,0,0,10,0,4,0,0,0,0,0,4,2,35.665820555555555,139.47892666666667,1,3,0,0,0,0
1,30,888,83,2,0,1,30000,0,206,2024,4,26,6,35,12,4,55,18,24,1,1,1,14,7,0,0,0,0,2,9,1,70,5,3,1,45,1,3,61,31,0,1,0,1,0,11,0,5,0,10,0,3,0,2,0,2,0,4,2,35.67296805555555,139.4760636111111,6,3,9999,0,5,0
1,30,889,86,2,0,1,10560,0,210,2024,4,6,17,12,13,5,20,18,7,1,1,1,14,7,0,0,0,0,3,9,1,70,5,2,1,55,75,3,61,31,0,1,0,1,0,11,0,3,0,10,0,1,0,1,0,1,0,4,2,35.69438083333333,139.50498472222222,7,3,9999,0,9,0
1,30,889,94,2,0,1,30000,0,210,2024,4,11,9,56,12,5,14,18,11,1,1,1,7,7,0,0,0,0,1,9,1,1,4,2,1,65,75,3,61,31,0,1,0,1,0,11,0,2,0,30,0,3,0,2,0,2,0,4,2,35.70526277777778,139.50009694444444,5,3,9999,0,9,0
1,30,889,100,2,0,1,30000,0,214,2024,4,17,11,45,12,5,6,18,16,1,1,1,14,7,0,0,0,0,1,9,1,70,5,4,1,45,1,3,61,31,0,1,0,1,0,11,0,10,0,80,0,3,0,2,0,2,0,4,2,35.70345027777778,139.480835,4,3,9999,0,5,0
1,30,889,105,2,0,1,30000,0,210,2024,4,23,7,55,12,4,58,18,21,2,1,1,1,7,1,21,0,0,11,9,30,70,5,3,1,25,1,51,61,41,0,0,0,0,0,0,0,0,0,10,0,4,0,0,0,0,0,4,2,35.694336666666665,139.5036625,3,3,0,0,0,0
1,30,889,113,2,0,1,20820,0,214,2024,4,26,8,5,12,4,55,18,24,1,1,1,14,7,0,0,0,0,2,9,1,70,5,3,1,1,1,51,61,41,0,0,0,0,0,0,0,0,0,10,0,3,0,0,0,0,0,4,2,35.69192583333333,139.4808402777778,6,3,0,0,0,0
1,30,890,110,2,0,1,10580,0,222,2023,12,23,22,31,22,6,47,16,32,1,1,1,14,7,0,0,0,0,3,9,1,70,4,2,1,65,55,3,61,31,0,1,0,1,0,11,0,10,0,10,0,3,0,2,0,2,0,4,2,35.758415,139.5023197222222,7,3,9999,0,9,0
1,30,890,116,2,0,1,30000,0,229,2024,4,6,15,5,12,5,20,18,7,2,1,1,1,7,9,22,0,0,11,9,30,70,5,3,1,35,75,14,61,1,0,11,0,1,0,11,0,2,0,10,0,3,0,2,0,2,0,4,2,35.731299166666666,139.53875888888888,7,3,9999,0,1,0
1,30,890,126,2,0,1,30000,0,222,2024,4,13,11,15,12,5,11,18,13,1,1,1,1,7,9,22,0,0,14,9,30,70,4,2,1,75,75,3,61,31,0,1,0,1,0,11,0,3,0,10,0,3,0,2,0,2,0,4,2,35.759745555555554,139.5290813888889,7,3,361,0,9,0
1,30,890,140,2,0,1,20000,0,229,2024,2,17,11,5,12,6,27,17,24,1,1,1,1,1,9,22,0,0,15,9,30,70,4,2,1,1,65,51,61,41,0,0,0,0,0,0,0,0,0,40,0,3,0,0,0,0,0,4,2,35.749630833333335,139.54346361111112,7,3,0,0,0,0
1,30,890,143,2,0,1,30000,0,229,2024,4,11,14,7,12,5,14,18,11,1,1,1,14,7,0,0,0,0,2,9,1,70,4,2,1,55,75,3,61,31,0,1,0,1,0,11,0,2,0,20,0,3,0,2,0,2,0,4,2,35.73363027777778,139.53057500000003,5,3,9999,0,9,0
1,30,891,121,2,0,1,30000,0,213,2024,4,5,10,50,12,5,22,18,6,3,1,2,1,1,9,22,0,0,15,9,30,70,5,2,1,65,35,3,61,1,0,1,0,1,0,11,0,3,0,10,0,3,0,2,0,2,0,4,2,35.76148138888889,139.4910436111111,6,3,9999,0,9,0
1,30,891,124,2,0,1,30000,0,221,2024,4,7,18,30,21,5,19,18,8,1,1,1,7,7,0,0,0,0,4,3,1,70,5,1,1,55,65,3,61,1,0,1,0,1,0,1,0,10,0,10,0,4,0,2,0,2,0,4,2,35.771742777777774,139.51979416666668,1,3,9999,0,9,0
1,30,891,125,2,0,2,30000,0,221,2024,4,7,19,35,22,5,19,18,8,1,1,1,14,7,0,0,0,0,3,9,1,70,5,2,1,55,75,35,61,31,0,0,0,0,0,11,0,3,0,10,0,3,0,0,0,0,0,2,2,35.76197305555556,139.50734916666667,1,3,9999,0,9,0
1,30,891,126,2,0,1,30000,0,213,2024,4,10,7,37,12,5,15,18,10,1,2,1,1,7,9,22,0,0,11,9,30,70,5,3,1,45,1,51,61,41,0,0,0,0,0,0,0,0,0,10,0,3,0,0,0,0,0,4,2,35.77056916666667,139.47450333333333,4,3,0,0,0,0
1,30,891,127,2,0,1,30000,0,221,2024,4,6,17,30,13,5,20,18,7,1,1,1,14,7,0,0,0,0,3,9,1,70,4,1,1,45,1,4,61,31,0,1,0,1,0,11,0,2,0,10,0,3,0,2,0,2,0,4,2,35.778906666666664,139.51671805555557,7,3,9999,0,9,0
1,30,891,129,2,0,1,20000,0,213,2024,4,10,21,0,22,5,15,18,10,1,1,1,1,1,9,22,0,0,14,9,30,70,4,2,1,65,55,14,61,31,0,11,0,1,0,11,0,2,0,10,0,3,0,2,0,2,0,4,2,35.75283,139.44837694444445,4,3,9999,0,9,0
1,30,891,142,2,0,1,30000,0,213,2024,2,7,18,0,21,6,37,17,14,1,1,1,14,7,0,0,0,0,3,9,1,70,4,2,1,1,45,36,61,31,0,0,0,0,0,11,0,2,0,10,0,4,0,0,0,0,0,4,2,35.75776944444444,139.4630247222222,4,3,0,0,0,0
1,30,891,145,2,0,1,30000,0,213,2024,4,17,17,10,12,5,6,18,16,1,1,1,14,7,0,0,0,0,1,9,1,70,5,1,1,25,1,51,61,41,0,0,0,0,0,0,0,0,0,10,0,3,0,0,0,0,0,4,2,35.76660722222222,139.4846036111111,4,3,0,0,0,0
1,30,891,149,2,0,1,30000,0,213,2024,4,25,7,35,12,4,56,18,23,1,1,1,1,1,9,22,0,0,15,9,30,70,4,2,1,35,1,3,61,31,0,1,0,1,0,11,0,3,0,20,0,4,0,2,0,2,0,4,2,35.75544277777778,139.48037416666668,5,3,9999,0,5,0
1,30,891,158,2,0,1,30000,0,221,2024,4,3,17,15,13,5,25,18,4,3,1,2,1,7,9,22,0,0,14,9,30,70,4,2,1,65,75,3,61,31,0,1,0,1,0,11,0,2,0,10,0,4,0,2,0,2,0,4,2,35.77348638888889,139.5235902777778,4,3,9999,0,9,0
1,30,892,98,2,0,1,30000,0,203,2024,4,3,15,40,12,5,25,18,4,3,1,2,14,7,0,0,0,0,4,9,1,70,5,2,1,35,45,51,61,41,0,0,0,0,0,0,0,0,0,10,0,4,0,0,0,0,0,4,2,35.70131305555556,139.5451261111111,4,3,0,0,0,0
1,30,892,107,2,0,1,30000,0,203,2024,4,3,15,40,12,5,25,18,4,3,1,2,14,7,0,0,0,0,1,9,1,70,5,4,1,1,35,14,61,1,0,11,0,1,0,11,0,2,0,40,0,3,0,2,0,2,0,4,2,35.70197944444445,139.57766805555556,4,3,9999,0,1,0
1,30,892,109,2,0,1,30000,0,203,2024,4,6,18,40,21,5,20,18,7,1,1,1,14,7,0,0,0,0,3,9,1,70,5,2,1,55,65,51,61,41,0,0,0,0,0,0,0,0,0,20,0,4,0,0,0,0,0,4,2,35.70173388888889,139.54451,7,3,0,0,0,0
1,30,892,119,2,0,1,30000,0,203,2024,4,24,18,10,13,4,57,18,22,3,1,2,1,7,9,22,0,0,11,9,30,70,5,3,1,65,25,4,61,31,0,1,0,1,0,11,0,2,0,10,0,3,0,2,0,2,0,4,2,35.70541083333334,139.56192555555558,4,3,9999,0,9,0
1,30,893,66,2,0,1,30000,0,204,2024,4,2,19,10,22,5,26,18,4,1,1,1,14,7,0,0,0,0,2,9,1,70,5,4,1,25,75,14,61,1,0,11,0,1,0,11,0,10,0,30,0,3,0,2,0,2,0,4,2,35.66079055555556,139.5763861111111,3,3,9999,0,1,0
1,30,893,71,2,0,1,10270,0,204,2024,4,9,18,20,21,5,16,18,9,2,1,1,14,7,0,0,0,0,3,9,1,70,5,3,1,45,45,3,61,31,0,1,0,1,0,11,0,3,0,10,0,3,0,2,0,2,0,4,2,35.67910111111111,139.52744444444446,3,3,9999,0,1,0
1,30,894,154,2,0,1,20890,0,208,2024,4,1,11,40,12,5,28,18,3,1,1,1,1,1,9,22,0,0,15,9,30,70,5,2,1,45,45,13,61,31,0,11,0,1,0,11,0,2,0,80,0,3,0,2,0,2,0,4,2,35.653391388888885,139.54301194444443,2,3,9999,0,1,0
1,30,894,156,2,0,1,99000,0,208,2024,4,3,11,54,12,5,25,18,4,3,1,1,0,7,0,0,0,0,0,0,20,70,0,4,1,55,75,3,61,31,0,1,0,1,0,11,0,10,0,20,0,3,0,2,0,2,0,4,2,35.64678444444444,139.56397944444444,4,3,9999,0,9,0
1,30,894,162,2,0,1,10620,0,208,2024,4,7,21,30,22,5,19,18,8,1,1,1,14,7,0,0,0,0,1,9,1,70,4,2,1,25,55,35,61,31,0,0,0,0,0,11,0,3,0,10,0,2,0,0,0,0,0,4,2,35.66043805555555,139.55428222222224,1,3,9999,0,1,0
1,30,894,163,2,0,1,30000,0,208,2024,4,8,9,42,12,5,18,18,9,1,1,1,14,7,0,0,0,0,3,9,1,70,5,3,1,55,75,12,61,1,0,11,0,2,0,11,0,10,0,40,0,3,0,2,0,2,0,4,2,35.66502722222222,139.58344027777778,2,3,9999,0,9,0
1,30,894,168,2,0,1,30840,0,208,2024,4,11,11,50,12,5,14,18,11,1,1,1,1,7,1,22,0,0,11,9,30,70,4,2,1,75,75,4,61,31,0,1,0,1,0,11,0,3,0,10,0,4,0,2,0,2,0,4,2,35.654242777777775,139.5305788888889,5,3,785,0,9,0
1,30,894,174,2,0,1,21230,0,208,2024,4,12,15,55,12,5,12,18,12,1,1,1,1,1,9,22,0,0,11,9,30,70,4,2,1,55,1,3,61,31,0,1,0,1,0,11,0,3,0,20,0,3,0,2,0,2,0,4,2,35.656710833333335,139.5877563888889,6,3,9999,0,9,0
1,30,894,176,2,0,1,30000,0,208,2024,4,13,15,7,12,5,11,18,13,1,1,1,14,7,0,0,0,0,3,9,1,70,5,2,1,35,1,3,61,31,0,1,0,1,0,11,0,5,0,80,0,3,0,2,0,2,0,4,2,35.65958861111111,139.58590472222224,7,3,9999,0,1,0
1,30,894,178,2,0,1,30000,0,208,2024,3,22,18,40,21,5,42,17,55,1,1,1,14,7,0,0,0,0,3,9,1,70,5,4,1,55,35,3,61,31,0,1,0,1,0,11,0,5,0,40,0,3,0,2,0,2,0,4,2,35.6519725,139.5453611111111,6,3,9999,0,9,0