資料区分,都道府県コード,警察署等コード,本票番号,事故内容,死者数,負傷者数,路線コード,地点コード,市区町村コード,発生日時　　年,発生日時　　月,発生日時　　日,発生日時　　時,発生日時　　分,昼夜,日の出時刻　　時,日の出時刻　　分,日の入り時刻　　時,日の入り時刻　　分,天候,地形,路面状態,道路形状,信号機,一時停止規制　標識（当事者A）,一時停止規制　表示（当事者A）,一時停止規制　標識（当事者B）,一時停止規制　表示（当事者B）,車道幅員,道路線形,衝突地点,ゾーン規制,中央分離帯施設等,歩車道区分,事故類型,年齢（当事者A）,年齢（当事者B）,当事者種別（当事者A）,当事者種別（当事者B）,用途別（当事者A）,用途別（当事者B）,車両形状等（当事者A）,車両形状等（当事者B）,オートマチック車（当事者A）,オートマチック車（当事者B）,サポカー（当事者A）,サポカー（当事者B）,速度規制（指定のみ）（当事者A）,速度規制（指定のみ）（当事者B）,車両の衝突部位（当事者A）,車両の衝突部位（当事者B）,車両の損壊程度（当事者A）,車両の損壊程度（当事者B）,エアバッグの装備（当事者A）,エアバッグの装備（当事者B）,サイドエアバッグの装備（当事者A）,サイドエアバッグの装備（当事者B）,人身損傷程度（当事者A）,人身損傷程度（当事者B）,lat,lon,曜日(発生年月日),祝日(発生年月日),認知機能検査経過日数（当事者A）,認知機能検査経過日数（当事者B）,運転練習の方法（当事者A）,運転練習の方法（当事者B）
1,30,894,193,2,0,1,10600,0,208,2024,4,24,18,40,21,4,57,18,22,3,1,2,14,7,0,0,0,0,5,9,1,70,1,2,1,55,75,32,61,31,0,0,0,0,0,11,0,10,0,10,0,3,0,0,0,0,0,4,2,35.67225666666666,139.54463777777778,4,3,9999,0,9,0
1,30,894,202,2,0,1,30000,0,208,2024,4,28,14,25,12,4,52,18,25,1,1,1,14,7,0,0,0,0,3,9,1,70,4,2,1,45,1,14,61,1,0,11,0,1,0,11,0,2,0,10,0,3,0,2,0,2,0,4,2,35.65898361111111,139.52994694444445,1,2,9999,0,9,0
1,30,895,51,2,0,1,10260,0,211,2024,4,17,17,40,13,5,6,18,16,1,1,1,14,7,0,0,0,0,4,9,1,70,5,2,1,45,65,51,61,41,0,0,0,0,0,0,0,0,0,10,0,3,0,0,0,0,0,4,2,35.717443055555556,139.46560027777775,4,3,0,0,0,0
1,30,895,59,2,0,1,30000,0,211,2024,4,21,19,20,22,5,1,18,19,3,1,2,14,7,0,0,0,0,3,9,1,70,4,2,1,55,25,3,61,31,0,1,0,1,0,11,0,2,0,40,0,3,0,2,0,2,0,4,2,35.71739,139.48254333333333,1,3,9999,0,9,0
1,30,100,69,2,0,1,30030,0,101,2024,5,28,18,50,21,4,28,18,49,3,1,2,1,1,9,22,0,0,15,9,30,70,5,2,1,65,35,3,61,31,0,1,0,1,0,11,0,3,0,20,0,4,0,2,0,2,0,4,2,35.69058416666666,139.7561438888889,3,3,9999,0,9,0
1,30,101,43,2,0,1,10020,0,101,2024,4,25,8,52,12,4,56,18,23,1,1,1,14,7,0,0,0,0,2,9,1,70,5,1,1,35,35,51,61,41,0,0,0,0,0,0,0,0,0,40,0,4,0,0,0,0,0,4,2,35.673320277777776,139.7622947222222,5,3,0,0,0,0
1,30,101,44,2,0,1,20030,0,101,2024,5,1,22,45,22,4,49,18,28,3,1,2,1,1,9,22,0,0,19,9,30,70,1,2,1,55,25,3,61,1,0,1,0,1,0,11,0,10,0,10,0,3,0,2,0,2,0,4,2,35.67090944444444,139.756195,4,3,9999,0,9,0
1,30,102,49,2,0,1,30000,0,101,2024,5,9,13,10,12,4,41,18,34,1,1,1,1,7,1,21,0,0,15,9,30,70,5,1,1,55,55,14,61,31,0,11,0,1,0,11,0,2,0,10,0,4,0,2,0,2,0,4,2,35.69641111111111,139.75516611111112,5,3,9999,0,1,0
1,30,102,53,2,0,1,30000,0,101,2024,5,16,10,7,12,4,35,18,40,2,1,1,1,7,0,0,0,0,15,9,30,1,1,1,1,25,0,61,0,0,0,0,0,0,0,0,0,0,0,0,0,0,0,0,0,0,0,2,0,35.70190083333333,139.7540563888889,5,3,0,0,0,0
1,30,103,38,2,0,1,10050,0,101,2024,5,7,11,45,12,4,43,18,33,2,1,1,14,7,0,0,0,0,6,9,1,70,1,1,1,45,35,17,61,1,0,11,0,1,0,11,0,5,0,40,0,3,0,2,0,2,0,4,2,35.695750555555556,139.77341416666667,3,3,9999,0,1,0
1,30,103,44,2,0,1,30000,0,101,2024,5,23,17,6,12,4,31,18,45,1,1,1,14,1,0,0,0,0,4,9,1,70,4,2,1,35,1,3,61,1,0,1,0,1,0,11,0,10,0,10,0,3,0,2,0,2,0,4,2,35.70166777777778,139.77351833333336,5,3,9999,0,1,0
1,30,104,89,2,0,1,10030,0,102,2024,5,7,13,45,12,4,43,18,33,3,1,2,1,1,9,22,0,0,18,9,30,70,1,2,1,35,45,3,61,31,0,1,0,1,0,11,0,5,0,10,0,4,0,2,0,2,0,4,2,35.68275277777778,139.77623583333335,3,3,9999,0,4,0
1,30,105,37,2,0,1,30000,0,102,2024,4,22,13,55,12,4,59,18,20,2,1,1,14,7,0,0,0,0,2,9,1,1,5,3,1,55,45,3,61,31,0,1,0,1,0,1,0,2,0,70,0,4,0,2,0,2,0,4,2,35.68565611111111,139.7821952777778,2,3,9999,0,9,0
1,30,106,57,2,0,1,10030,0,102,2024,4,13,10,45,12,5,11,18,13,1,1,1,14,7,0,0,0,0,3,9,1,70,1,2,1,1,45,51,61,41,0,0,0,0,0,0,0,0,0,10,0,3,0,0,0,0,0,4,2,35.670134166666664,139.76726555555558,7,3,0,0,0,0
1,30,106,59,2,0,1,30000,0,102,2024,4,17,19,25,22,5,6,18,16,1,1,1,7,7,0,0,0,0,3,9,1,70,5,1,1,1,55,51,61,41,0,0,0,0,0,0,0,0,0,10,0,3,0,0,0,0,0,4,2,35.67346611111111,139.76615416666667,4,3,0,0,0,0
1,30,106,60,2,0,1,30000,0,102,2024,4,17,20,15,22,5,6,18,16,1,1,1,1,1,9,22,0,0,15,9,30,70,5,2,1,35,45,13,61,31,0,11,0,1,0,11,0,5,0,50,0,3,0,2,0,2,0,4,2,35.66959333333333,139.76495166666666,4,3,9999,0,5,0
1,30,106,64,2,0,1,30000,0,102,2024,5,1,17,10,12,4,49,18,28,3,1,2,1,7,1,22,0,0,15,9,30,70,5,2,1,45,35,3,61,1,0,1,0,1,0,11,0,2,0,10,0,3,0,2,0,2,0,4,2,35.67231833333333,139.76769944444445,4,3,9999,0,4,0
1,30,106,66,2,0,1,10060,0,102,2024,5,10,16,15,12,4,40,18,35,1,1,1,1,1,9,22,0,0,15,9,30,70,1,2,1,45,55,3,61,31,0,1,0,1,0,11,0,5,0,10,0,3,0,2,0,2,0,4,2,35.671547777777775,139.77552944444446,6,3,9999,0,1,0
1,30,106,71,2,0,1,30000,0,102,2024,5,1,14,30,12,4,49,18,28,3,1,2,1,7,1,22,0,0,15,9,30,70,5,3,1,45,35,3,61,1,0,1,0,1,0,11,0,3,0,40,0,3,0,2,0,2,0,4,2,35.67265194444444,139.7808613888889,4,3,9999,0,1,0
1,30,106,74,2,0,1,30000,0,102,2024,4,7,16,42,12,5,19,18,8,1,1,1,1,1,9,22,0,0,15,9,30,70,4,1,1,45,35,3,61,31,0,1,0,1,0,11,0,3,0,40,0,4,0,2,0,2,0,4,2,35.667562499999995,139.76130444444445,1,3,9999,0,1,0
1,30,106,76,2,0,1,10030,0,102,2024,5,30,15,45,12,4,27,18,50,1,1,1,7,1,0,0,0,0,2,9,1,70,1,2,1,25,75,51,61,41,0,0,0,0,0,0,0,0,0,40,0,4,0,0,0,0,0,4,2,35.668855,139.7658725,5,3,0,0,0,0
1,30,107,63,2,0,1,99000,0,102,2024,4,28,8,45,12,4,52,18,25,1,1,1,0,7,0,0,0,0,0,0,20,70,0,4,1,1,45,51,61,41,0,0,0,0,0,0,0,0,0,10,0,4,0,0,0,0,0,4,2,35.66578944444444,139.78436444444444,1,2,0,0,0,0
1,30,107,64,2,0,1,30000,0,102,2024,5,20,16,5,12,4,32,18,43,1,1,1,1,7,4,21,0,0,15,9,30,70,5,1,1,1,45,14,61,1,0,11,0,1,0,11,0,2,0,10,0,3,0,2,0,2,0,4,2,35.664948055555556,139.78350444444445,2,3,9999,0,1,0
1,30,108,87,2,0,1,30000,0,103,2024,5,1,7,53,12,4,49,18,28,2,1,1,14,7,0,0,0,0,2,9,1,70,5,4,1,65,25,14,61,31,0,11,0,1,0,11,0,5,0,80,0,3,0,2,0,2,0,4,2,35.66507222222222,139.75741305555556,4,3,9999,0,9,0
1,30,108,94,2,0,1,30000,0,103,2024,5,14,14,43,12,4,37,18,38,1,1,1,14,7,0,0,0,0,3,9,1,70,5,2,1,55,35,3,61,31,0,1,0,1,0,11,0,2,0,10,0,3,0,2,0,2,0,4,2,35.663666388888885,139.75340138888888,3,3,9999,0,9,0
1,30,108,95,2,0,1,10640,0,103,2024,5,15,20,43,22,4,36,18,39,3,1,2,1,1,9,22,0,0,19,9,30,70,1,2,1,55,35,3,61,31,0,1,0,1,0,11,0,4,0,10,0,3,0,2,0,2,0,4,2,35.66985361111111,139.75160027777778,4,3,9999,0,9,0
1,30,108,97,2,0,2,10070,0,103,2024,5,15,23,42,22,4,36,18,39,3,1,2,1,1,9,22,0,0,19,9,30,70,1,2,1,45,25,3,61,31,0,1,0,1,0,11,0,4,0,10,0,3,0,2,0,2,0,4,2,35.65578305555555,139.76020944444446,4,3,9999,0,3,0
1,30,108,99,2,0,1,30000,0,103,2024,5,1,22,15,22,4,49,18,28,3,1,1,1,7,1,21,0,0,11,9,30,70,5,3,1,65,1,3,61,1,0,1,0,1,0,11,0,10,0,40,0,4,0,2,0,2,0,4,2,35.66488888888889,139.75817777777777,4,3,9999,0,9,0
1,30,108,100,2,0,1,30000,0,103,2024,5,20,16,50,12,4,32,18,43,1,1,1,7,7,0,0,0,0,4,9,1,70,4,1,1,55,65,3,61,1,0,1,0,1,0,11,0,3,0,30,0,3,0,2,0,2,0,4,2,35.668436666666665,139.75667166666668,2,3,9999,0,1,0
1,30,108,102,2,0,1,21180,0,103,2024,5,24,16,0,12,4,30,18,46,1,1,1,1,1,9,22,0,0,18,9,30,70,1,1,1,1,75,51,61,41,0,0,0,0,0,0,0,0,0,20,0,3,0,0,0,0,0,4,2,35.66909805555555,139.74711555555555,6,3,0,0,0,0
1,30,109,73,2,0,1,30000,0,103,2024,4,15,7,10,12,5,8,18,14,1,1,1,1,7,9,22,0,0,14,9,30,1,5,2,1,45,45,13,61,31,0,11,0,1,0,11,0,1,0,10,0,3,0,2,0,2,0,4,2,35.64303555555556,139.74957666666666,2,3,9999,0,1,0
1,30,109,81,2,0,1,20030,0,103,2024,5,22,2,40,22,4,31,18,45,1,1,1,1,1,9,22,0,0,15,9,30,70,5,2,1,65,25,3,61,1,0,1,0,1,0,11,0,3,0,10,0,2,0,2,0,2,0,4,2,35.65288111111111,139.74970472222222,4,3,9999,0,9,0
1,30,109,82,2,0,1,20030,0,103,2024,5,22,9,35,12,4,31,18,45,1,1,1,1,1,9,22,0,0,18,9,30,70,5,2,1,35,35,51,61,41,0,0,0,0,0,0,0,0,0,10,0,3,0,0,0,0,0,4,2,35.6524725,139.7494113888889,4,3,0,0,0,0
1,30,109,85,2,0,1,10,68,103,2024,5,27,14,44,12,4,28,18,48,2,1,2,1,7,9,22,0,0,11,9,30,70,4,2,1,75,1,51,61,41,0,0,0,0,0,0,0,0,0,20,0,3,0,0,0,0,0,2,4,35.64805277777778,139.74184027777775,2,3,0,0,0,0
1,30,110,54,2,0,1,10080,0,103,2024,4,26,7,27,12,4,55,18,24,1,1,1,14,1,0,0,0,0,3,9,1,70,1,1,1,45,1,3,61,31,0,1,0,1,0,11,0,3,0,10,0,3,0,2,0,2,0,4,2,35.640160277777774,139.7311327777778,6,3,9999,0,9,0
1,30,110,55,2,0,1,150,75,103,2024,5,6,11,48,12,4,44,18,32,2,1,1,7,1,0,0,0,0,6,9,1,70,5,1,1,45,45,51,61,41,0,0,0,0,0,0,0,0,0,10,0,3,0,0,0,0,0,4,2,35.626599444444444,139.7376136111111,2,1,0,0,0,0
1,30,111,105,2,0,1,20170,0,103,2024,2,7,14,45,12,6,37,17,14,1,1,1,1,7,4,21,0,0,18,5,30,70,1,2,1,65,1,14,61,1,0,11,0,1,0,11,0,3,0,10,0,3,0,2,0,2,0,4,2,35.66597111111111,139.7380361111111,4,3,9999,0,9,0
1,30,111,110,2,0,1,30000,0,103,2024,4,21,23,12,22,5,1,18,19,3,1,2,1,1,9,22,0,0,15,9,30,70,4,2,1,65,25,3,61,1,0,1,0,1,0,11,0,3,0,10,0,3,0,2,0,2,0,4,2,35.6595675,139.72775388888888,1,3,9999,0,1,0
1,30,111,118,2,0,1,30000,0,103,2024,5,13,20,5,22,4,38,18,38,3,1,2,14,7,0,0,0,0,2,9,1,70,4,1,1,65,45,3,61,1,0,1,0,1,0,1,0,3,0,80,0,3,0,2,0,2,0,4,2,35.663605,139.73937222222222,2,3,9999,0,9,0
1,30,112,80,2,0,1,30000,0,103,2024,5,3,9,35,12,4,47,18,29,1,1,1,14,7,0,0,0,0,3,9,1,70,5,4,1,45,35,14,61,31,0,11,0,1,0,11,0,5,0,20,0,3,0,2,0,2,0,4,2,35.67247944444444,139.73819527777778,6,1,9999,0,1,0
1,30,112,82,2,0,1,30000,0,103,2024,5,7,16,50,12,4,43,18,33,3,1,2,14,7,0,0,0,0,1,9,1,70,5,3,1,45,45,3,61,31,0,1,0,1,0,11,0,5,0,10,0,3,0,2,0,2,0,4,2,35.67146916666666,139.7307238888889,3,3,9999,0,4,0
1,30,112,85,2,0,1,20090,0,101,2024,5,8,22,45,22,4,42,18,34,3,1,2,1,1,9,22,0,0,18,9,30,70,1,1,1,45,1,11,61,1,0,11,0,1,0,11,0,10,0,10,0,3,0,2,0,2,0,4,2,35.67057916666666,139.74497111111108,4,3,9999,0,9,0
1,30,112,87,2,0,1,30000,0,103,2024,5,11,14,0,12,4,39,18,36,1,1,1,14,7,0,0,0,0,2,9,1,70,5,3,1,65,65,3,61,31,0,1,0,1,0,11,0,5,0,40,0,3,0,2,0,2,0,4,2,35.662101388888885,139.7129536111111,7,3,9999,0,9,0
1,30,112,88,2,0,1,30000,0,103,2024,5,12,12,0,12,4,38,18,37,1,1,1,1,7,1,21,0,0,11,9,30,70,5,2,1,35,45,3,61,1,0,1,0,1,0,11,0,5,0,60,0,4,0,2,0,2,0,4,2,35.66439472222222,139.71514527777776,1,3,9999,0,1,0
1,30,112,93,2,0,1,2460,9,103,2024,5,22,8,45,12,4,31,18,45,1,1,1,1,1,9,22,0,0,19,8,30,70,1,2,1,35,55,51,61,41,0,0,0,0,0,0,0,0,0,20,0,4,0,0,0,0,0,4,2,35.67797722222222,139.73603888888888,4,3,0,0,0,0
1,30,113,99,2,0,1,30000,0,108,2024,4,28,11,47,12,4,52,18,25,1,1,1,1,1,9,22,0,0,14,9,30,70,4,2,1,35,75,51,61,41,0,0,0,0,0,0,0,0,0,0,0,3,0,0,0,0,0,4,2,35.645447222222224,139.79926138888888,1,2,0,0,0,0
1,30,113,101,2,0,1,3570,0,108,2024,5,15,21,34,22,4,36,18,39,3,1,2,1,1,9,22,0,0,17,9,30,70,1,1,1,55,65,3,61,1,0,1,0,1,0,11,0,5,0,10,0,3,0,2,0,2,0,4,2,35.64136583333333,139.80273555555556,4,3,9999,0,9,0
1,30,113,102,2,0,1,10020,0,108,2024,5,16,14,0,12,4,35,18,40,1,1,1,7,7,0,0,0,0,6,9,1,70,1,1,1,55,45,3,61,31,0,1,0,1,0,11,0,4,0,33,0,4,0,2,0,2,0,4,2,35.64380027777778,139.80201222222223,5,3,9999,0,9,0
1,30,113,110,2,0,2,30000,0,108,2024,5,27,19,35,21,4,28,18,48,2,1,1,7,1,0,0,0,0,5,9,1,70,1,1,1,45,35,13,61,31,0,11,0,1,0,11,0,5,0,50,0,3,0,2,0,2,0,4,2,35.64456805555555,139.8255661111111,2,3,9999,0,9,0
1,30,215,45,2,0,1,30000,0,109,2024,5,4,13,45,12,4,46,18,30,1,1,1,1,1,9,22,0,0,18,9,30,70,5,2,1,1,75,3,61,31,0,1,0,1,0,11,0,2,0,80,0,3,0,2,0,2,0,4,2,35.60991027777778,139.74266027777776,7,1,9999,0,1,0
1,30,215,46,2,0,1,30000,0,109,2024,5,7,13,10,12,4,43,18,33,2,1,1,14,7,0,0,0,0,2,9,1,70,4,3,1,45,55,13,61,1,0,11,0,1,0,11,0,2,0,30,0,3,0,2,0,2,0,4,2,35.60888777777778,139.73796555555555,3,3,9999,0,9,0
1,30,215,52,2,0,1,30000,0,109,2024,5,23,19,58,22,4,31,18,45,2,1,1,1,1,9,22,0,0,14,9,30,70,4,2,1,45,65,34,61,31,0,0,0,0,0,11,0,3,0,10,0,3,0,0,0,0,0,4,2,35.62520055555556,139.72976333333332,5,3,9999,0,1,0
1,30,215,54,2,0,1,30000,0,109,2024,5,25,17,30,12,4,29,18,47,1,1,1,7,7,0,0,0,0,4,9,1,70,4,1,1,1,1,51,61,41,0,0,0,0,0,0,0,0,0,10,0,4,0,0,0,0,0,4,2,35.610083333333336,139.7451111111111,7,3,0,0,0,0
1,30,216,88,2,0,1,30000,0,109,2024,5,8,19,27,21,4,42,18,34,3,1,2,14,7,0,0,0,0,3,9,1,70,4,1,1,25,25,14,61,1,0,11,0,1,0,11,0,3,0,10,0,3,0,2,0,2,0,4,2,35.6076925,139.73263416666666,4,3,9999,0,5,0
1,30,216,90,2,0,1,30000,0,109,2024,5,9,15,20,12,4,41,18,34,1,1,1,14,7,0,0,0,0,2,7,1,70,5,1,1,65,35,13,61,31,0,11,0,1,0,11,0,5,0,40,0,4,0,2,0,2,0,4,2,35.602243333333334,139.7241872222222,5,3,9999,0,9,0
1,30,216,96,2,0,1,30000,0,109,2024,5,27,11,13,12,4,28,18,48,3,1,1,1,7,1,22,0,0,14,9,30,70,4,2,1,75,75,4,61,31,0,1,0,1,0,11,0,2,0,10,0,3,0,2,0,2,0,4,2,35.601884444444444,139.72213555555555,2,3,774,0,9,0
1,30,217,106,2,0,1,30120,0,109,2024,5,29,12,1,12,4,28,18,50,1,1,1,1,7,9,22,0,0,18,9,30,1,4,1,1,45,75,3,61,1,0,1,0,1,0,11,0,2,0,50,0,3,0,2,0,2,0,4,2,35.63648805555555,139.7142186111111,4,3,9999,0,9,0
1,30,218,90,2,0,1,30000,0,109,2024,5,2,19,40,22,4,48,18,29,1,1,1,14,7,0,0,0,0,2,9,1,70,5,2,1,35,75,51,61,41,0,0,0,0,0,0,0,0,0,12,0,3,0,0,0,0,0,4,2,35.615475833333335,139.69943416666666,5,2,0,0,0,0
1,30,218,93,2,0,1,30000,0,109,2024,5,5,19,50,22,4,45,18,31,1,1,1,1,7,1,21,0,0,11,9,30,70,5,3,1,65,25,4,61,31,0,1,0,1,0,11,0,5,0,10,0,3,0,2,0,2,0,4,2,35.60749444444445,139.7050072222222,1,1,9999,0,9,0
1,30,218,96,2,0,1,30000,0,109,2024,5,12,15,0,12,4,38,18,37,1,1,1,14,7,0,0,0,0,3,9,1,70,5,1,1,35,75,51,61,41,0,0,0,0,0,0,0,0,0,10,0,4,0,0,0,0,0,4,2,35.606049166666665,139.713055,1,3,0,0,0,0
1,30,218,97,2,0,1,30000,0,109,2024,5,10,19,0,21,4,40,18,35,1,1,1,14,7,0,0,0,0,1,9,1,70,5,2,1,55,35,51,61,41,0,0,0,0,0,0,0,0,0,11,0,3,0,0,0,0,0,4,2,35.61562888888889,139.6990502777778,6,3,0,0,0,0
1,30,218,98,2,0,1,30000,0,109,2024,5,17,8,0,12,4,34,18,41,1,1,1,1,7,9,22,0,0,11,9,30,70,5,4,1,35,1,13,61,31,0,11,0,1,0,11,0,10,0,10,0,3,0,2,0,2,0,4,2,35.60684583333334,139.72889972222222,6,3,9999,0,9,0
1,30,218,100,2,0,1,30000,0,109,2024,5,14,15,55,12,4,37,18,38,1,1,1,1,7,9,22,0,0,11,9,30,1,5,4,1,45,65,3,61,31,0,1,0,1,0,11,0,2,0,20,0,4,0,2,0,2,0,4,2,35.61273611111111,139.70467027777778,3,3,9999,0,9,0
1,30,218,104,2,0,1,30000,0,109,2024,5,15,13,18,12,4,36,18,39,1,1,1,14,7,0,0,0,0,2,8,1,70,5,4,1,55,45,3,61,31,0,1,0,1,0,11,0,5,0,40,0,3,0,2,0,2,0,4,2,35.603677222222224,139.69855222222222,4,3,9999,0,9,0
1,30,218,107,2,0,1,30000,0,109,2024,5,27,15,15,12,4,28,18,48,2,1,1,14,7,0,0,0,0,2,7,1,1,5,2,1,45,75,14,61,1,0,11,0,1,0,11,0,2,0,10,0,2,0,2,0,2,0,4,2,35.60526472222222,139.69891666666666,2,3,9999,0,5,0
1,30,218,110,2,0,1,10170,0,109,2024,4,13,20,54,22,5,11,18,13,1,1,1,1,1,9,22,0,0,18,9,30,70,5,2,1,55,65,51,61,41,0,0,0,0,0,0,0,0,0,10,0,3,0,0,0,0,0,4,2,35.61345027777778,139.70755444444444,7,3,0,0,0,0
1,30,219,151,2,0,1,30000,0,111,2024,5,2,13,30,12,4,48,18,29,1,1,1,1,1,9,22,0,0,15,9,30,70,5,1,1,75,1,51,61,41,0,0,0,0,0,0,0,0,0,10,0,4,0,0,0,0,0,4,2,35.584768611111116,139.72791805555556,5,2,0,0,0,0
1,30,219,154,2,0,1,20180,0,111,2024,5,10,23,0,22,4,40,18,35,1,1,1,1,1,9,22,0,0,19,9,30,70,1,1,1,35,25,51,61,41,0,0,0,0,0,0,0,0,0,20,0,4,0,0,0,0,0,4,2,35.58130055555556,139.72182055555555,6,3,0,0,0,0
1,30,220,85,2,0,1,30000,0,111,2024,4,4,2,30,22,5,23,18,5,3,1,2,7,7,0,0,0,0,3,9,1,70,5,3,1,55,0,61,0,0,0,0,0,0,0,0,0,0,0,0,0,0,0,0,0,0,0,2,0,35.59085777777778,139.68322527777778,5,3,0,0,0,0
1,30,220,91,2,0,1,30000,0,111,2024,5,6,12,30,12,4,44,18,32,2,1,1,1,7,9,22,0,0,11,9,30,70,4,2,1,65,25,3,61,31,0,1,0,1,0,11,0,2,0,80,0,3,0,2,0,2,0,4,2,35.58852888888889,139.6744686111111,2,1,9999,0,9,0
1,30,220,104,2,0,1,10200,0,111,2024,5,20,12,5,12,4,32,18,43,1,1,1,14,7,0,0,0,0,2,9,1,70,5,1,1,55,45,11,61,1,0,11,0,1,0,11,0,2,0,10,0,2,0,2,0,2,0,4,2,35.59061833333334,139.67687222222222,2,3,9999,0,9,0
1,30,220,107,2,0,1,30000,0,111,2024,5,23,19,39,21,4,31,18,45,1,1,1,14,7,0,0,0,0,3,9,1,70,5,3,1,1,25,51,61,41,0,0,0,0,0,0,0,0,0,0,0,4,0,0,0,0,0,4,2,35.57518416666667,139.67684916666667,5,3,0,0,0,0
1,30,221,104,2,0,1,30000,0,111,2024,5,5,16,42,12,4,45,18,31,1,1,1,1,7,9,22,0,0,15,9,30,70,5,3,1,55,75,3,61,31,0,1,0,1,0,11,0,2,0,10,0,4,0,2,0,2,0,4,2,35.551337499999995,139.73221444444445,1,1,9999,0,9,0
1,30,221,112,2,0,1,30000,0,111,2024,4,29,11,15,12,4,51,18,26,1,1,1,1,1,9,22,0,0,11,9,30,70,5,3,1,65,65,14,61,31,0,11,0,1,0,11,0,3,0,10,0,3,0,2,0,2,0,4,2,35.548316944444444,139.73218555555556,2,1,9999,0,9,0
1,30,221,116,2,0,1,30000,0,111,2024,5,14,9,15,12,4,37,18,38,1,1,1,1,1,9,22,0,0,14,9,30,70,5,1,1,55,75,51,61,41,0,0,0,0,0,0,0,0,0,40,0,4,0,0,0,0,0,4,2,35.545858055555556,139.71990555555556,3,3,0,0,0,0
1,30,221,124,2,0,1,30000,0,111,2024,5,9,18,50,21,4,41,18,34,2,1,1,1,7,1,21,0,0,15,9,30,70,5,3,1,75,65,14,61,31,0,11,0,1,0,11,0,2,0,10,0,4,0,2,0,2,0,4,2,35.55860722222222,139.73556777777776,5,3,9999,0,9,0
1,30,221,125,2,0,1,30000,0,111,2024,5,17,9,50,12,4,34,18,41,1,1,1,1,7,1,22,0,0,11,9,30,70,5,4,1,35,75,13,61,1,0,11,0,1,0,11,0,2,0,10,0,3,0,2,0,2,0,4,2,35.55419111111111,139.72332666666668,6,3,9999,0,5,0
1,30,221,132,2,0,1,30000,0,111,2024,5,20,12,30,12,4,32,18,43,2,1,1,14,7,0,0,0,0,3,9,1,70,5,3,1,55,45,3,61,31,0,1,0,1,0,11,0,1,0,10,0,3,0,2,0,2,0,4,2,35.54990722222222,139.74715777777777,2,3,9999,0,9,0
1,30,221,136,2,0,1,10200,0,111,2024,5,30,21,27,22,4,27,18,50,2,1,1,1,1,9,22,0,0,15,8,30,70,1,1,1,65,25,3,61,31,0,1,0,1,0,11,0,5,0,15,0,3,0,2,0,2,0,4,2,35.55297861111111,139.7335472222222,5,3,9999,0,9,0
1,30,221,139,2,0,1,30000,0,111,2024,5,27,7,50,12,4,28,18,48,2,1,1,1,7,9,22,0,0,11,9,30,70,5,3,1,75,55,3,61,1,0,1,0,1,0,11,0,3,0,20,0,4,0,2,0,2,0,4,2,35.56511694444444,139.71341527777776,2,3,416,0,9,0
1,30,222,113,2,0,1,30000,0,111,2024,4,19,19,45,22,5,3,18,18,1,1,1,1,1,9,22,0,0,18,9,30,70,4,3,1,1,75,51,61,41,0,0,0,0,0,0,0,0,0,10,0,4,0,0,0,0,0,4,2,35.56157555555555,139.69711305555555,6,3,0,0,0,0
1,30,222,124,2,0,1,10,160,111,2024,5,4,9,12,12,4,46,18,30,1,1,1,1,1,9,22,0,0,18,9,30,70,1,2,1,35,1,3,61,31,0,1,0,1,0,11,0,5,0,20,0,3,0,2,0,2,0,4,2,35.57667694444445,139.69950527777777,7,1,9999,0,1,0
1,30,222,134,2,0,1,30000,0,111,2024,5,13,16,12,12,4,38,18,38,3,1,2,14,7,0,0,0,0,3,9,1,70,4,1,1,1,75,51,61,41,0,0,0,0,0,0,0,0,0,40,0,4,0,0,0,0,0,4,2,35.56894694444445,139.6935711111111,2,3,0,0,0,0
1,30,222,147,2,0,1,10130,0,111,2024,5,28,23,40,22,4,28,18,49,3,1,2,1,1,9,22,0,0,17,9,30,70,1,2,1,45,65,36,61,31,0,0,0,0,0,11,0,2,0,10,0,3,0,0,0,0,0,4,2,35.59299305555556,139.71640638888888,3,3,9999,0,9,0
1,30,325,117,2,0,1,30000,0,112,2024,5,12,13,40,12,4,38,18,37,1,1,1,14,7,0,0,0,0,1,9,1,70,4,2,1,35,1,3,61,31,0,1,0,1,0,11,0,3,0,21,0,4,0,2,0,2,0,4,2,35.632735277777776,139.66134861111112,1,3,9999,0,1,0
1,30,325,118,2,0,1,2460,73,112,2024,5,14,4,50,11,4,37,18,38,2,1,2,1,1,9,22,0,0,19,9,30,70,1,1,1,65,65,3,61,1,0,1,0,1,0,1,0,5,0,10,0,3,0,2,0,2,0,4,2,35.647374444444445,139.67820194444442,3,3,9999,0,9,0
1,30,325,122,2,0,1,30970,0,112,2024,5,10,10,55,12,4,40,18,35,1,1,1,14,7,0,0,0,0,3,9,1,70,4,2,1,25,65,51,61,41,0,0,0,0,0,0,0,0,0,10,0,3,0,0,0,0,0,4,2,35.638843888888886,139.65983166666666,6,3,0,0,0,0
1,30,325,124,2,0,1,30980,0,112,2024,4,24,18,10,13,4,57,18,22,3,1,2,14,7,0,0,0,0,3,9,1,70,4,2,1,75,75,4,61,31,0,1,0,1,0,11,0,3,0,20,0,3,0,2,0,2,0,4,2,35.637974166666666,139.6752461111111,4,3,470,0,9,0