資料区分,都道府県コード,警察署等コード,本票番号,事故内容,死者数,負傷者数,路線コード,地点コード,市区町村コード,発生日時　　年,発生日時　　月,発生日時　　日,発生日時　　時,発生日時　　分,昼夜,日の出時刻　　時,日の出時刻　　分,日の入り時刻　　時,日の入り時刻　　分,天候,地形,路面状態,道路形状,信号機,一時停止規制　標識（当事者A）,一時停止規制　表示（当事者A）,一時停止規制　標識（当事者B）,一時停止規制　表示（当事者B）,車道幅員,道路線形,衝突地点,ゾーン規制,中央分離帯施設等,歩車道区分,事故類型,年齢（当事者A）,年齢（当事者B）,当事者種別（当事者A）,当事者種別（当事者B）,用途別（当事者A）,用途別（当事者B）,車両形状等（当事者A）,車両形状等（当事者B）,オートマチック車（当事者A）,オートマチック車（当事者B）,サポカー（当事者A）,サポカー（当事者B）,速度規制（指定のみ）（当事者A）,速度規制（指定のみ）（当事者B）,車両の衝突部位（当事者A）,車両の衝突部位（当事者B）,車両の損壊程度（当事者A）,車両の損壊程度（当事者B）,エアバッグの装備（当事者A）,エアバッグの装備（当事者B）,サイドエアバッグの装備（当事者A）,サイドエアバッグの装備（当事者B）,人身損傷程度（当事者A）,人身損傷程度（当事者B）,lat,lon,曜日(発生年月日),祝日(発生年月日),認知機能検査経過日数（当事者A）,認知機能検査経過日数（当事者B）,運転練習の方法（当事者A）,運転練習の方法（当事者B）
1,30,325,125,2,0,1,30740,0,112,2024,5,11,8,45,12,4,39,18,36,1,1,1,1,1,9,22,0,0,11,9,30,70,4,1,1,25,65,12,61,1,0,11,0,1,0,11,0,2,0,12,0,3,0,2,0,2,0,4,2,35.64639444444445,139.6698375,7,3,9999,0,5,0
1,30,325,129,2,0,1,30970,0,112,2024,5,23,17,0,12,4,31,18,45,1,1,1,1,7,4,21,0,0,11,9,30,70,5,2,1,75,1,52,61,41,0,0,0,0,0,0,0,0,0,44,0,3,0,0,0,0,0,4,2,35.63697,139.6406936111111,5,3,0,0,0,0
1,30,325,131,2,0,1,30000,0,112,2024,4,6,13,15,12,5,20,18,7,1,1,1,14,7,0,0,0,0,2,9,1,70,5,3,1,55,45,3,61,31,0,1,0,1,0,11,0,10,0,30,0,3,0,2,0,2,0,4,2,35.64386722222222,139.65504222222222,7,3,9999,0,9,0
1,30,325,136,2,0,1,20210,0,112,2024,5,30,21,51,22,4,27,18,50,1,1,1,14,7,0,0,0,0,1,9,1,70,4,2,1,1,55,51,61,41,0,0,0,0,0,0,0,0,0,20,0,3,0,0,0,0,0,4,2,35.63270694444444,139.66127722222222,5,3,0,0,0,0
1,30,325,138,2,0,1,30000,0,112,2024,4,14,12,6,12,5,10,18,14,1,1,1,14,7,0,0,0,0,3,9,1,70,5,3,1,25,25,3,61,31,0,1,0,1,0,11,0,2,0,10,0,3,0,2,0,2,0,4,2,35.646142499999996,139.66973027777777,1,3,9999,0,1,0
1,30,325,141,2,0,1,30730,0,112,2024,5,28,9,19,12,4,28,18,49,3,1,2,1,1,0,0,0,0,15,9,30,70,1,2,1,1,0,61,0,0,0,0,0,0,0,0,0,0,0,0,0,0,0,0,0,0,0,2,0,35.64669416666666,139.62202222222223,3,3,0,0,0,0
1,30,326,109,2,0,1,30000,0,112,2024,4,10,8,20,12,5,15,18,10,1,1,1,14,7,0,0,0,0,2,9,1,70,5,3,1,1,35,51,61,41,0,0,0,0,0,0,0,0,0,10,0,3,0,0,0,0,0,2,4,35.6535775,139.63449,4,3,0,0,0,0
1,30,326,111,2,0,1,10130,0,112,2024,5,1,16,31,12,4,49,18,28,3,1,2,1,1,9,22,0,0,19,9,30,70,1,2,1,1,55,14,61,1,0,11,0,1,0,11,0,4,0,10,0,3,0,2,0,2,0,4,2,35.67240638888889,139.66070027777778,4,3,9999,0,1,0
1,30,326,117,2,0,1,30000,0,112,2024,5,6,20,8,22,4,44,18,32,2,1,1,14,7,0,0,0,0,1,8,1,70,5,3,1,25,55,51,61,41,0,0,0,0,0,0,0,0,0,10,0,4,0,0,0,0,0,4,2,35.66482944444444,139.66542972222223,2,1,0,0,0,0
1,30,326,122,2,0,1,30000,0,112,2024,5,14,17,0,12,4,37,18,38,1,1,1,14,7,0,0,0,0,2,9,1,70,5,3,1,55,1,3,61,31,0,1,0,1,0,11,0,10,0,80,0,3,0,2,0,2,0,4,2,35.66698472222222,139.6574177777778,3,3,9999,0,9,0
1,30,326,124,2,0,1,30000,0,112,2024,5,15,15,40,12,4,36,18,39,2,1,1,14,7,0,0,0,0,1,9,1,70,5,3,1,75,35,3,61,31,0,1,0,1,0,11,0,10,0,30,0,4,0,2,0,2,0,4,2,35.65949916666666,139.66773055555555,4,3,603,0,9,0
1,30,326,135,2,0,1,30000,0,112,2024,4,22,16,17,12,4,59,18,20,2,1,1,14,7,0,0,0,0,1,9,1,70,5,2,1,45,45,14,61,1,0,11,0,1,0,11,0,10,0,30,0,3,0,2,0,2,0,4,2,35.650821388888886,139.65116527777778,2,3,9999,0,9,0
1,30,326,146,2,0,1,30000,0,112,2024,5,20,12,20,12,4,32,18,43,1,1,1,14,7,0,0,0,0,1,9,1,70,5,1,1,1,45,51,61,41,0,0,0,0,0,0,0,0,0,10,0,3,0,0,0,0,0,4,2,35.65057777777778,139.63418277777777,2,3,0,0,0,0
1,30,327,225,2,0,1,10000,0,112,2024,4,13,12,50,12,5,11,18,13,1,1,1,1,8,9,22,0,0,18,9,30,70,1,2,1,55,35,51,61,41,0,0,0,0,0,0,0,0,0,40,0,4,0,0,0,0,0,4,2,35.61349861111111,139.62714416666668,7,3,0,0,0,0
1,30,327,227,2,0,1,30000,0,112,2024,4,14,13,15,12,5,10,18,14,1,1,1,14,7,0,0,0,0,2,9,1,70,5,3,1,45,35,4,61,31,0,1,0,1,0,11,0,10,0,20,0,4,0,2,0,2,0,4,2,35.62119,139.65401333333335,1,3,9999,0,1,0
1,30,327,228,2,0,1,99000,0,112,2024,4,14,18,54,21,5,10,18,14,1,1,1,0,7,0,0,0,0,0,0,20,70,0,4,1,1,75,51,61,41,0,0,0,0,0,0,0,0,0,10,0,4,0,0,0,0,0,4,2,35.61188583333333,139.6275563888889,1,3,0,0,0,0
1,30,327,238,2,0,2,30000,0,112,2024,5,4,23,0,22,4,46,18,30,1,1,1,14,7,0,0,0,0,3,9,1,70,4,2,1,35,75,35,61,31,0,0,0,0,0,11,0,3,0,10,0,3,0,0,0,0,0,2,2,35.626398888888886,139.63382222222222,7,1,9999,0,5,0
1,30,327,250,2,0,1,30000,0,112,2024,5,1,18,45,21,4,49,18,28,3,1,2,1,7,1,22,0,0,14,9,30,70,5,4,1,45,65,3,61,31,0,1,0,1,0,11,0,10,0,20,0,4,0,2,0,2,0,4,2,35.61513416666667,139.64217222222223,4,3,9999,0,1,0
1,30,327,254,2,0,1,30000,0,112,2024,3,22,11,35,12,5,42,17,55,1,1,1,14,7,0,0,0,0,3,9,1,70,5,2,1,75,35,3,61,31,0,1,0,1,0,11,0,10,0,20,0,4,0,2,0,2,0,4,2,35.62387638888889,139.63653888888888,6,3,105,0,9,0
1,30,327,264,2,0,1,30000,0,112,2024,5,31,19,30,21,4,27,18,51,2,1,1,1,7,9,22,0,0,15,9,30,70,5,3,1,75,75,3,61,31,0,1,0,1,0,11,0,10,0,20,0,3,0,2,0,2,0,4,2,35.6059825,139.64113777777777,6,3,354,0,9,0
1,30,327,266,2,0,1,30000,0,112,2024,4,26,8,55,12,4,55,18,24,2,1,1,14,7,0,0,0,0,2,9,1,70,5,3,1,45,35,12,61,1,0,11,0,1,0,11,0,10,0,40,0,4,0,2,0,2,0,4,2,35.620844444444444,139.63994416666665,6,3,9999,0,1,0
1,30,328,188,2,0,1,30000,0,112,2024,5,2,21,15,22,4,48,18,29,1,1,1,14,7,0,0,0,0,3,9,1,70,4,2,1,55,75,32,61,31,0,0,0,0,0,11,0,3,0,10,0,2,0,0,0,0,0,4,2,35.63778472222222,139.59849194444445,5,2,9999,0,9,0
1,30,328,193,2,0,1,99000,0,112,2024,4,20,10,20,12,5,2,18,19,1,1,1,0,7,0,0,0,0,0,0,20,70,0,4,1,55,25,3,61,31,0,1,0,1,0,11,0,10,0,30,0,4,0,2,0,2,0,4,2,35.670855555555555,139.58845166666669,7,3,9999,0,9,0
1,30,328,194,2,0,1,30000,0,112,2024,5,10,21,17,22,4,40,18,35,1,1,1,14,7,0,0,0,0,2,9,1,70,5,4,1,65,45,3,61,31,0,1,0,1,0,1,0,2,0,40,0,3,0,2,0,2,0,4,2,35.65072583333333,139.62454250000002,6,3,9999,0,9,0
1,30,328,200,2,0,1,30000,0,112,2024,5,6,10,30,12,4,44,18,32,1,1,1,1,7,1,21,0,0,11,9,30,70,5,3,1,45,55,52,61,41,0,0,0,0,0,0,0,0,0,10,0,3,0,0,0,0,0,4,2,35.643205,139.6087822222222,2,1,0,0,0,0
1,30,328,201,2,0,1,30000,0,112,2024,5,16,12,45,12,4,35,18,40,1,1,1,14,7,0,0,0,0,3,9,1,70,5,2,1,75,65,51,61,41,0,0,0,0,0,0,0,0,0,20,0,3,0,0,0,0,0,4,2,35.641398333333335,139.60831416666667,5,3,0,0,0,0
1,30,328,211,2,0,1,30000,0,112,2024,5,23,8,7,12,4,31,18,45,1,1,1,14,7,0,0,0,0,1,9,1,70,5,2,1,1,55,51,61,41,0,0,0,0,0,0,0,0,0,10,0,3,0,0,0,0,0,4,2,35.647218333333335,139.62184805555557,5,3,0,0,0,0
1,30,328,216,2,0,1,30000,0,112,2024,4,20,17,51,13,5,2,18,19,2,1,1,14,7,0,0,0,0,1,9,1,70,5,3,1,25,1,3,61,31,0,1,0,1,0,11,0,2,0,44,0,4,0,2,0,2,0,4,2,35.65595972222222,139.62949972222222,7,3,9999,0,1,0
1,30,328,222,2,0,1,30000,0,112,2024,5,31,12,55,12,4,27,18,51,2,1,1,1,7,9,22,0,0,14,9,30,70,4,2,1,65,1,3,61,31,0,1,0,1,0,11,0,3,0,88,0,4,0,2,0,2,0,4,2,35.645917222222224,139.59416027777777,6,3,9999,0,9,0
1,30,328,224,2,0,1,30000,0,112,2024,5,21,7,22,12,4,32,18,44,1,1,1,1,1,9,22,0,0,15,9,30,70,4,2,1,45,45,3,61,31,0,1,0,1,0,11,0,3,0,10,0,3,0,2,0,2,0,4,2,35.63580888888889,139.60105944444445,3,3,9999,0,9,0
1,30,329,101,2,0,1,30000,0,110,2024,5,15,7,20,12,4,36,18,39,1,1,1,1,7,1,21,0,0,11,9,30,70,5,3,1,55,45,3,61,31,0,1,0,1,0,11,0,2,0,10,0,4,0,2,0,2,0,4,2,35.626981388888886,139.70891527777778,4,3,9999,0,9,0
1,30,329,102,2,0,1,30000,0,110,2024,5,15,7,50,12,4,36,18,39,1,1,1,1,7,9,22,0,0,14,9,30,70,5,3,1,25,1,3,61,31,0,1,0,1,0,11,0,10,0,10,0,3,0,2,0,2,0,4,2,35.64344416666667,139.69723833333333,4,3,9999,0,4,0
1,30,329,104,2,0,1,2460,66,110,2024,5,22,2,30,22,4,31,18,45,1,1,1,14,7,0,0,0,0,6,9,1,70,1,1,1,35,25,51,61,41,0,0,0,0,0,0,0,0,0,10,0,4,0,0,0,0,0,4,2,35.65049527777778,139.68459916666666,4,3,0,0,0,0
1,30,329,114,2,0,1,10160,0,110,2024,5,28,20,10,22,4,28,18,49,3,1,1,14,7,0,0,0,0,3,9,1,70,1,2,1,35,35,51,61,41,0,0,0,0,0,0,0,0,0,10,0,3,0,0,0,0,0,4,2,35.647240277777776,139.69504416666666,3,3,0,0,0,0
1,30,330,106,2,0,1,30000,0,110,2024,5,8,19,52,22,4,42,18,34,2,1,2,14,7,0,0,0,0,3,9,1,70,4,3,1,45,35,3,61,1,0,1,0,1,0,11,0,2,0,40,0,4,0,2,0,2,0,4,2,35.607040833333336,139.66664444444444,4,3,9999,0,9,0
1,30,330,108,2,0,1,30000,0,110,2024,3,11,11,25,12,5,57,17,45,1,1,1,14,7,0,0,0,0,2,9,1,1,5,3,1,55,35,13,61,31,0,11,0,1,0,11,0,2,0,80,0,4,0,2,0,2,0,4,2,35.62782888888889,139.6846263888889,2,3,9999,0,9,0
1,30,330,110,2,0,1,30000,0,110,2024,5,12,18,30,13,4,38,18,37,2,1,1,7,7,0,0,0,0,2,7,1,70,5,3,1,25,1,3,61,31,0,1,0,1,0,11,0,10,0,40,0,4,0,2,0,2,0,4,2,35.608245833333335,139.66985027777775,1,3,9999,0,1,0
1,30,330,114,2,0,1,30000,0,110,2024,5,16,9,43,12,4,35,18,40,2,1,1,14,7,0,0,0,0,2,9,1,70,1,3,1,1,75,51,61,41,0,0,0,0,0,0,0,0,0,10,0,3,0,0,0,0,0,4,2,35.61649194444445,139.67708527777776,5,3,0,0,0,0
1,30,330,116,2,0,1,20240,0,110,2024,5,18,6,5,12,4,34,18,42,1,1,1,1,1,9,22,0,0,15,9,30,70,5,1,1,45,45,3,61,31,0,1,0,1,0,11,0,3,0,10,0,3,0,2,0,2,0,4,2,35.625438611111115,139.66880333333333,7,3,9999,0,5,0
1,30,330,118,2,0,1,30000,0,110,2024,5,21,13,45,12,4,32,18,44,1,1,1,14,7,0,0,0,0,3,9,1,70,4,1,1,55,1,3,61,31,0,1,0,1,0,11,0,10,0,10,0,4,0,2,0,2,0,4,2,35.61724916666667,139.68543833333334,3,3,9999,0,9,0
1,30,331,99,2,0,1,10160,0,113,2024,4,13,22,48,22,5,11,18,13,1,1,1,1,7,9,22,0,0,17,9,30,70,4,1,1,75,55,3,61,1,0,1,0,1,0,11,0,4,0,40,0,3,0,2,0,2,0,4,2,35.65316333333333,139.69424916666668,7,3,394,0,9,0
1,30,331,110,2,0,1,30120,0,113,2024,5,12,16,35,12,4,38,18,37,2,1,1,14,7,0,0,0,0,2,9,1,70,4,2,1,1,45,4,61,31,0,1,0,1,0,11,0,3,0,10,0,4,0,2,0,2,0,4,2,35.6513875,139.7040636111111,1,3,9999,0,1,0
1,30,331,114,2,0,1,30000,0,113,2024,3,15,23,14,22,5,52,17,49,1,1,1,7,7,0,0,0,0,2,9,1,70,5,2,1,25,1,3,61,1,0,1,0,1,0,11,0,2,0,50,0,4,0,2,0,2,0,4,2,35.66083138888889,139.69863361111112,6,3,9999,0,1,0
1,30,331,118,2,0,1,20240,0,113,2024,4,19,10,50,12,5,3,18,18,1,1,1,7,7,0,0,0,0,5,9,1,70,1,1,1,65,65,51,61,41,0,0,0,0,0,0,0,0,0,10,0,4,0,0,0,0,0,4,2,35.647682777777774,139.70948027777777,6,3,0,0,0,0
1,30,331,121,2,0,1,30000,0,113,2024,4,5,17,3,12,5,22,18,6,1,1,1,1,1,9,22,0,0,14,9,30,70,4,1,1,55,55,3,61,1,0,1,0,1,0,11,0,2,0,0,0,4,0,2,0,2,0,4,2,35.651925,139.70204805555554,6,3,9999,0,5,0
1,30,331,122,2,0,1,30000,0,113,2024,5,16,15,43,12,4,35,18,40,1,1,1,1,7,9,22,0,0,14,9,30,70,5,2,1,75,1,3,61,31,0,1,0,1,0,11,0,1,0,10,0,4,0,2,0,2,0,4,2,35.65568888888889,139.6988213888889,5,3,507,0,9,0
1,30,331,124,2,0,1,30000,0,113,2024,5,25,16,45,12,4,29,18,47,1,1,1,1,7,9,22,0,0,15,9,30,70,5,3,1,1,75,14,61,31,0,11,0,1,0,11,0,2,0,60,0,3,0,2,0,2,0,4,2,35.66018222222222,139.70719194444445,7,3,9999,0,1,0
1,30,331,128,2,0,1,10090,0,113,2024,5,31,1,45,22,4,27,18,51,2,1,1,1,1,9,22,0,0,18,9,30,70,1,1,1,65,1,3,61,1,0,1,0,1,0,11,0,4,0,10,0,3,0,2,0,2,0,4,2,35.65714861111111,139.70428583333333,6,3,9999,0,9,0
1,30,332,46,2,0,1,30000,0,113,2024,3,27,15,0,12,5,35,17,59,1,1,1,14,7,0,0,0,0,2,9,1,1,5,4,1,65,45,3,61,1,0,1,0,1,0,11,0,2,0,40,0,3,0,2,0,2,0,4,2,35.67113111111111,139.70805694444442,4,3,9999,0,9,0
1,30,332,49,2,0,1,30000,0,113,2024,5,1,16,55,12,4,49,18,28,3,1,2,1,7,9,22,0,0,15,9,30,70,6,1,1,65,55,3,61,1,0,1,0,1,0,11,0,2,0,10,0,4,0,2,0,2,0,4,2,35.68709972222222,139.70289749999998,4,3,9999,0,9,0
1,30,332,50,2,0,1,30000,0,113,2024,5,3,17,0,12,4,47,18,29,1,1,1,21,7,0,0,0,0,2,9,20,70,5,3,1,1,45,3,61,31,0,1,0,1,0,11,0,2,0,80,0,3,0,2,0,2,0,4,2,35.68244333333333,139.70249027777777,6,1,9999,0,5,0
1,30,333,81,2,0,1,21000,0,113,2024,5,6,18,45,21,4,44,18,32,2,1,1,14,7,0,0,0,0,3,9,1,70,5,2,1,45,25,3,61,1,0,1,0,1,0,11,0,4,0,10,0,3,0,2,0,2,0,4,2,35.66827305555555,139.69153805555555,2,1,9999,0,1,0
1,30,333,82,2,0,1,30000,0,113,2024,5,7,18,58,21,4,43,18,33,2,1,1,1,7,9,22,0,0,11,9,30,70,5,3,1,65,1,13,61,1,0,11,0,1,0,11,0,1,0,40,0,3,0,2,0,2,0,4,2,35.681225,139.69420944444445,3,3,9999,0,9,0
1,30,435,84,2,0,1,30000,0,104,2024,5,2,6,50,12,4,48,18,29,1,1,1,1,7,1,21,0,0,11,8,30,70,5,3,1,55,35,51,61,41,0,0,0,0,0,0,0,0,0,40,0,4,0,0,0,0,0,4,2,35.70346305555556,139.73790055555554,5,2,0,0,0,0
1,30,435,94,2,0,1,10050,0,104,2024,5,18,3,10,22,4,34,18,42,1,1,1,14,7,0,0,0,0,6,9,1,70,6,1,1,65,35,3,61,1,0,1,0,1,0,11,0,10,0,50,0,3,0,2,0,2,0,4,2,35.69166083333333,139.72694027777777,7,3,9999,0,9,0
1,30,435,95,2,0,1,10090,0,104,2024,5,19,11,35,12,4,33,18,42,3,1,2,7,7,0,0,0,0,5,9,1,70,4,2,1,1,0,61,0,0,0,0,0,0,0,0,0,0,0,0,0,0,0,0,0,0,0,2,0,35.70697527777778,139.70883555555554,1,3,0,0,0,0
1,30,435,96,2,0,1,10120,0,104,2024,5,20,8,0,12,4,32,18,43,3,1,2,14,7,0,0,0,0,4,9,1,70,4,1,1,35,65,51,61,41,0,0,0,0,0,0,0,0,0,20,0,3,0,0,0,0,0,4,2,35.70327,139.7265913888889,2,3,0,0,0,0
1,30,435,102,2,0,1,30000,0,104,2024,5,26,17,25,12,4,29,18,48,1,1,1,14,7,0,0,0,0,2,9,1,70,4,3,1,1,65,51,61,41,0,0,0,0,0,0,0,0,0,20,0,3,0,0,0,0,0,4,2,35.694379999999995,139.7158847222222,1,3,0,0,0,0
1,30,435,105,2,0,1,20000,0,104,2024,5,28,19,50,22,4,28,18,49,3,1,2,1,1,9,22,0,0,15,8,30,70,4,1,1,45,35,3,61,1,0,1,0,1,0,11,0,3,0,10,0,3,0,2,0,2,0,4,2,35.70670472222223,139.71643027777776,3,3,9999,0,9,0
1,30,435,108,2,0,1,20290,0,104,2024,5,30,17,50,13,4,27,18,50,2,1,2,14,7,0,0,0,0,4,9,1,70,4,2,1,25,75,51,61,41,0,0,0,0,0,0,0,0,0,44,0,3,0,0,0,0,0,4,2,35.69929916666666,139.72864916666666,5,3,0,0,0,0
1,30,436,127,2,0,1,200,85,104,2023,12,16,4,0,22,6,43,16,29,1,1,1,14,7,0,0,0,0,6,9,1,70,1,1,1,65,25,3,61,1,0,1,0,1,0,11,0,5,0,10,0,2,0,2,0,2,0,4,2,35.689304166666666,139.70123999999998,7,3,9999,0,9,0
1,30,436,128,2,0,1,20290,0,104,2024,4,11,18,30,21,5,14,18,11,1,1,1,14,1,0,0,0,0,1,9,1,70,1,2,1,1,35,51,61,41,0,0,0,0,0,0,0,0,0,20,0,4,0,0,0,0,0,4,2,35.701976111111115,139.6932013888889,5,3,0,0,0,0
1,30,436,135,2,0,1,30000,0,104,2024,5,16,22,18,22,4,35,18,40,1,1,1,14,7,0,0,0,0,5,8,1,70,5,2,1,65,35,3,61,1,0,1,0,1,0,11,0,4,0,80,0,3,0,2,0,2,0,4,2,35.69163638888889,139.68876500000002,5,3,9999,0,9,0
1,30,436,138,2,0,1,30000,0,104,2024,4,17,9,5,12,5,6,18,16,2,1,1,1,7,9,22,0,0,14,9,30,70,5,2,1,35,45,3,61,31,0,1,0,1,0,11,0,10,0,50,0,4,0,2,0,2,0,4,2,35.69568194444444,139.70911944444444,4,3,9999,0,5,0
1,30,436,145,2,0,1,10050,0,104,2024,5,26,6,53,12,4,29,18,48,1,1,1,14,1,0,0,0,0,5,9,1,70,1,2,1,35,25,1,61,1,0,1,0,1,0,11,0,5,0,40,0,3,0,2,0,2,0,4,2,35.69343,139.70237805555556,1,3,9999,0,1,0
1,30,436,148,2,0,1,30000,0,104,2024,5,16,22,5,22,4,35,18,40,1,1,1,1,7,9,22,0,0,15,9,30,70,5,2,1,25,1,3,61,1,0,1,0,1,0,11,0,2,0,10,0,4,0,2,0,2,0,4,2,35.69605194444444,139.70163055555554,5,3,9999,0,1,0
1,30,436,149,2,0,1,20000,0,104,2024,5,29,20,20,22,4,28,18,50,1,1,1,1,1,9,22,0,0,18,9,30,70,1,2,1,55,35,3,61,1,0,1,0,1,0,1,0,4,0,10,0,3,0,2,0,2,0,4,2,35.69681555555555,139.69033555555555,4,3,9999,0,1,0
1,30,436,152,2,0,1,30000,0,104,2024,5,10,0,45,22,4,40,18,35,1,1,1,14,7,0,0,0,0,1,9,1,70,5,4,1,35,55,51,61,41,0,0,0,0,0,0,0,0,0,20,0,4,0,0,0,0,0,4,2,35.70041611111112,139.70623166666667,6,3,0,0,0,0
1,30,437,101,2,0,1,10090,0,104,2024,5,29,12,50,12,4,28,18,50,1,1,1,14,7,0,0,0,0,1,9,1,70,4,1,1,25,0,61,0,0,0,0,0,0,0,0,0,0,0,0,0,0,0,0,0,0,0,2,0,35.71093611111112,139.7099522222222,4,3,0,0,0,0
1,30,438,86,2,0,1,10090,0,104,2024,4,20,5,50,11,5,2,18,19,1,1,1,1,1,9,22,0,0,19,9,30,70,5,2,1,55,1,14,61,31,0,11,0,1,0,11,0,4,0,50,0,3,0,2,0,2,0,4,2,35.692322777777775,139.70566305555553,7,3,9999,0,9,0
1,30,438,92,2,0,1,30000,0,104,2024,4,18,8,0,12,5,4,18,17,2,1,1,14,7,0,0,0,0,1,9,1,70,5,3,1,75,45,3,61,1,0,1,0,1,0,11,0,10,0,40,0,3,0,2,0,2,0,4,2,35.686251666666664,139.72119222222221,5,3,184,0,9,0
1,30,438,96,2,0,1,200,69,104,2024,5,16,14,46,12,4,35,18,40,1,1,1,7,1,0,0,0,0,6,9,1,70,1,1,1,55,25,3,61,31,0,1,0,1,0,11,0,10,0,40,0,3,0,2,0,2,0,4,2,35.68746888888889,139.716515,5,3,9999,0,4,0
1,30,438,100,2,0,1,30000,0,104,2024,5,20,16,40,12,4,32,18,43,1,1,1,14,7,0,0,0,0,2,9,1,70,5,3,1,1,45,43,61,41,0,31,0,0,0,0,0,10,0,10,0,4,0,0,0,0,0,4,2,35.69241694444444,139.70384194444443,2,3,0,0,0,0
1,30,439,99,1,1,1,10240,0,114,2024,5,19,3,34,23,4,33,18,42,1,1,1,1,1,9,22,0,0,18,9,30,70,5,2,1,1,45,3,61,31,0,1,0,1,0,11,0,10,0,58,0,2,0,2,0,2,0,4,1,35.697401111111105,139.66761916666667,1,3,0,0,0,0
1,30,439,100,2,0,1,10160,0,114,2024,3,3,20,52,22,6,8,17,38,1,1,1,14,7,0,0,0,0,2,9,1,70,1,2,1,75,25,3,61,1,0,1,0,1,0,11,0,5,0,40,0,3,0,2,0,2,0,4,2,35.69774666666666,139.68303444444444,1,3,459,0,9,0
1,30,439,108,2,0,1,30000,0,114,2024,5,16,1,12,22,4,35,18,40,3,1,2,14,7,0,0,0,0,2,9,1,70,5,3,1,45,75,51,61,41,0,0,0,0,0,0,0,0,0,10,0,3,0,0,0,0,0,4,2,35.70291666666667,139.6618877777778,5,3,0,0,0,0
1,30,439,109,2,0,1,10220,0,114,2024,5,16,14,50,12,4,35,18,40,1,1,1,1,1,9,22,0,0,15,9,30,70,5,1,1,1,75,51,61,41,0,0,0,0,0,0,0,0,0,40,0,3,0,0,0,0,0,4,2,35.70964,139.67026388888888,5,3,0,0,0,0
1,30,439,110,2,0,1,30000,0,114,2024,5,17,9,25,12,4,34,18,41,1,1,1,1,7,9,22,0,0,11,9,30,70,5,4,1,35,65,14,61,1,0,11,0,1,0,11,0,10,0,80,0,3,0,2,0,2,0,4,2,35.70966,139.68263638888888,6,3,9999,0,5,0
1,30,439,114,2,0,1,10240,0,114,2024,5,27,9,0,12,4,28,18,48,2,1,1,14,7,0,0,0,0,2,9,1,70,5,1,1,45,45,51,61,41,0,0,0,0,0,0,0,0,0,10,0,3,0,0,0,0,0,4,2,35.69734666666666,139.66787027777778,2,3,0,0,0,0
1,30,439,116,2,0,1,10240,0,114,2024,5,29,21,13,22,4,28,18,50,1,1,1,14,7,0,0,0,0,5,9,1,70,4,1,1,55,35,3,61,31,0,1,0,1,0,11,0,5,0,10,0,4,0,2,0,2,0,4,2,35.69743916666666,139.66289972222222,4,3,9999,0,9,0
1,30,440,96,2,0,1,99000,0,114,2024,5,10,11,0,12,4,40,18,35,1,1,1,0,7,0,0,0,0,0,0,20,70,0,3,1,25,65,17,61,31,0,11,0,1,0,11,0,10,0,30,0,4,0,2,0,2,0,4,2,35.72244916666667,139.66265,6,3,9999,0,5,0
1,30,440,99,2,0,1,30000,0,114,2024,5,11,12,5,12,4,39,18,36,1,1,1,14,7,0,0,0,0,1,9,1,70,5,3,1,35,35,1,61,1,0,1,0,1,0,11,0,2,0,80,0,4,0,2,0,2,0,4,2,35.71973694444445,139.66328166666668,7,3,9999,0,1,0
1,30,440,102,2,0,1,30000,0,114,2024,5,8,17,15,12,4,42,18,34,3,1,2,14,7,0,0,0,0,3,9,1,70,5,3,1,1,75,51,61,41,0,0,0,0,0,0,0,0,0,10,0,4,0,0,0,0,0,4,2,35.73397194444445,139.62712166666668,4,3,0,0,0,0
1,30,440,107,2,0,1,30000,0,114,2024,5,12,15,55,12,4,38,18,37,2,1,1,14,7,0,0,0,0,1,9,1,70,5,3,1,65,55,3,61,31,0,1,0,1,0,11,0,2,0,40,0,3,0,2,0,2,0,4,2,35.716590833333335,139.6709886111111,1,3,9999,0,9,0
1,30,440,111,2,0,1,30000,0,114,2024,5,8,20,42,22,4,42,18,34,3,1,2,14,7,0,0,0,0,3,9,1,70,4,3,1,45,45,3,61,1,0,1,0,1,0,11,0,10,0,10,0,4,0,2,0,2,0,4,2,35.72452277777778,139.6511825,4,3,9999,0,1,0
1,30,440,115,2,0,1,30000,0,114,2024,5,30,20,35,22,4,27,18,50,3,1,2,1,1,9,22,0,0,15,9,30,70,4,2,1,45,1,3,61,1,0,1,0,1,0,11,0,3,0,10,0,3,0,2,0,2,0,4,2,35.70825472222222,139.66340250000002,5,3,9999,0,9,0
1,30,441,131,2,0,1,10240,0,115,2024,5,15,5,45,12,4,36,18,39,1,1,1,7,7,0,0,0,0,5,9,1,70,4,2,1,25,25,51,61,41,0,0,0,0,0,0,0,0,0,10,0,3,0,0,0,0,0,4,2,35.69789583333333,139.65801055555556,4,3,0,0,0,0
1,30,441,134,2,0,1,30000,0,115,2024,5,16,18,35,13,4,35,18,40,1,1,1,14,7,0,0,0,0,2,9,1,70,5,3,1,45,45,14,61,31,0,11,0,1,0,11,0,1,0,20,0,4,0,2,0,2,0,4,2,35.705129444444445,139.64846555555556,5,3,9999,0,1,0
1,30,441,138,2,0,1,30000,0,115,2024,5,18,21,30,22,4,34,18,42,1,1,1,1,7,1,21,0,0,11,9,30,70,5,4,1,25,25,14,61,31,0,11,0,1,0,11,0,10,0,30,0,3,0,2,0,2,0,4,2,35.70443277777778,139.6492338888889,7,3,9999,0,1,0