資料区分,都道府県コード,警察署等コード,本票番号,事故内容,死者数,負傷者数,路線コード,地点コード,市区町村コード,発生日時　　年,発生日時　　月,発生日時　　日,発生日時　　時,発生日時　　分,昼夜,日の出時刻　　時,日の出時刻　　分,日の入り時刻　　時,日の入り時刻　　分,天候,地形,路面状態,道路形状,信号機,一時停止規制　標識（当事者A）,一時停止規制　表示（当事者A）,一時停止規制　標識（当事者B）,一時停止規制　表示（当事者B）,車道幅員,道路線形,衝突地点,ゾーン規制,中央分離帯施設等,歩車道区分,事故類型,年齢（当事者A）,年齢（当事者B）,当事者種別（当事者A）,当事者種別（当事者B）,用途別（当事者A）,用途別（当事者B）,車両形状等（当事者A）,車両形状等（当事者B）,オートマチック車（当事者A）,オートマチック車（当事者B）,サポカー（当事者A）,サポカー（当事者B）,速度規制（指定のみ）（当事者A）,速度規制（指定のみ）（当事者B）,車両の衝突部位（当事者A）,車両の衝突部位（当事者B）,車両の損壊程度（当事者A）,車両の損壊程度（当事者B）,エアバッグの装備（当事者A）,エアバッグの装備（当事者B）,サイドエアバッグの装備（当事者A）,サイドエアバッグの装備（当事者B）,人身損傷程度（当事者A）,人身損傷程度（当事者B）,lat,lon,曜日(発生年月日),祝日(発生年月日),認知機能検査経過日数（当事者A）,認知機能検査経過日数（当事者B）,運転練習の方法（当事者A）,運転練習の方法（当事者B）
1,30,441,145,2,0,1,30000,0,115,2024,5,21,16,40,12,4,32,18,44,1,1,1,14,7,0,0,0,0,1,9,1,70,5,4,1,55,75,51,61,41,0,0,0,0,0,0,0,0,0,0,0,4,0,0,0,0,0,4,2,35.69371111111111,139.6409425,3,3,0,0,0,0
1,30,441,153,2,0,1,10240,0,115,2024,5,24,23,15,22,4,30,18,46,1,1,1,1,1,9,22,0,0,17,9,30,70,4,2,1,1,25,32,61,31,0,0,0,0,0,11,0,5,0,10,0,3,0,0,0,0,0,4,2,35.69799277777778,139.65770805555556,6,3,9999,0,1,0
1,30,441,154,2,0,1,99000,0,115,2024,5,25,10,35,12,4,29,18,47,1,1,1,0,7,0,0,0,0,0,0,20,70,0,4,1,65,25,4,61,31,0,1,0,1,0,11,0,10,0,20,0,3,0,2,0,2,0,4,2,35.69226333333333,139.64171583333334,7,3,9999,0,9,0
1,30,441,156,2,0,1,30000,0,115,2024,5,26,12,35,12,4,29,18,48,1,1,1,14,7,0,0,0,0,3,9,1,70,5,2,1,65,75,3,61,1,0,1,0,1,0,11,0,10,0,10,0,3,0,2,0,2,0,4,2,35.70512666666667,139.63607833333333,1,3,9999,0,1,0
1,30,441,157,2,0,2,20290,0,115,2024,5,28,9,20,12,4,28,18,49,3,1,2,1,7,9,22,0,0,11,9,30,70,4,2,1,55,75,34,61,31,0,0,0,0,0,11,0,3,0,10,0,3,0,0,0,0,0,2,2,35.70091472222222,139.65701805555557,3,3,9999,0,9,0
1,30,442,104,2,0,1,30000,0,115,2024,5,11,12,13,12,4,39,18,36,1,1,1,1,7,0,0,0,0,11,8,30,70,5,3,1,75,0,61,0,0,0,0,0,0,0,0,0,0,0,0,0,0,0,0,0,0,0,2,0,35.6708625,139.633285,7,3,0,0,0,0
1,30,442,120,2,0,1,20270,0,115,2024,5,30,7,46,12,4,27,18,50,1,1,1,1,1,9,22,0,0,15,9,30,70,4,1,1,45,55,51,61,41,0,0,0,0,0,0,0,0,0,40,0,4,0,0,0,0,0,4,2,35.67621416666666,139.64368555555555,5,3,0,0,0,0
1,30,443,98,2,0,1,30000,0,115,2024,5,2,22,50,22,4,48,18,29,1,1,1,14,7,0,0,0,0,4,9,1,70,5,2,1,65,25,3,61,1,0,1,0,1,0,11,0,10,0,20,0,4,0,2,0,2,0,4,2,35.704100833333335,139.61609277777777,5,2,9999,0,9,0
1,30,443,101,2,0,1,30000,0,115,2024,5,14,16,38,12,4,37,18,38,1,1,1,1,7,1,22,0,0,11,9,30,70,5,3,1,65,1,3,61,31,0,1,0,1,0,11,0,10,0,10,0,3,0,2,0,2,0,4,2,35.70395972222222,139.61511083333332,3,3,9999,0,9,0
1,30,443,105,2,0,1,99000,0,115,2024,5,20,12,10,12,4,32,18,43,2,1,1,0,7,0,0,0,0,0,0,20,70,0,4,1,65,35,3,61,31,0,1,0,1,0,11,0,10,0,80,0,4,0,2,0,2,0,4,2,35.69527222222222,139.6173113888889,2,3,9999,0,4,0
1,30,443,106,2,0,1,30000,0,115,2024,3,16,15,37,12,5,50,17,49,1,1,1,14,7,0,0,0,0,2,9,1,70,5,3,1,75,25,3,61,31,0,1,0,1,0,11,0,10,0,40,0,3,0,2,0,2,0,4,2,35.704147222222225,139.6027536111111,7,3,95,0,4,0
1,30,443,117,2,0,1,30000,0,115,2024,5,27,11,35,12,4,28,18,48,1,1,1,14,7,0,0,0,0,2,9,1,70,5,3,1,55,35,51,61,41,0,0,0,0,0,0,0,0,0,40,0,3,0,0,0,0,0,4,2,35.71617666666667,139.63134055555557,2,3,0,0,0,0
1,30,545,55,2,0,1,2540,19,105,2024,2,15,18,36,22,6,29,17,22,1,1,1,1,7,9,22,0,0,17,9,30,70,5,1,1,55,35,35,61,31,0,0,0,0,0,11,0,5,0,10,0,2,0,0,0,0,0,4,2,35.71320138888889,139.7421161111111,5,3,9999,0,9,0
1,30,545,58,2,0,1,30000,0,105,2024,5,9,16,57,12,4,41,18,34,1,1,1,1,7,1,21,0,0,14,9,30,70,5,3,1,55,65,13,61,31,0,11,0,1,0,11,0,10,0,80,0,4,0,2,0,2,0,4,2,35.71127027777778,139.7507361111111,5,3,9999,0,9,0
1,30,545,62,2,0,1,10100,0,105,2024,5,11,21,15,22,4,39,18,36,1,1,1,14,7,0,0,0,0,1,9,1,70,1,1,1,35,25,51,61,41,0,0,0,0,0,0,0,0,0,10,0,4,0,0,0,0,0,4,2,35.717106944444446,139.75148027777777,7,3,0,0,0,0
1,30,545,67,2,0,1,2540,20,105,2024,5,28,20,9,22,4,28,18,49,3,1,2,1,1,9,22,0,0,18,9,30,70,1,1,1,55,35,3,61,31,0,1,0,1,0,11,0,4,0,20,0,3,0,2,0,2,0,4,2,35.71403555555556,139.7413825,3,3,9999,0,9,0
1,30,546,38,2,0,1,10010,0,105,2024,5,4,17,25,12,4,46,18,30,1,1,1,1,1,9,22,0,0,18,9,30,70,4,2,1,35,1,3,61,31,0,1,0,1,0,11,0,3,0,70,0,3,0,2,0,2,0,4,2,35.71214305555556,139.73072861111112,7,1,9999,0,1,0
1,30,546,39,2,0,1,30000,0,116,2024,5,13,15,34,12,4,38,18,38,3,1,2,1,1,9,22,0,0,15,9,30,70,4,1,1,35,55,3,61,31,0,1,0,1,0,11,0,4,0,10,0,3,0,2,0,2,0,4,2,35.72538527777778,139.73060833333332,2,3,9999,0,1,0
1,30,546,41,2,0,1,30000,0,105,2024,5,17,8,5,12,4,34,18,41,1,1,1,14,7,0,0,0,0,2,9,1,70,5,3,1,35,35,3,61,31,0,1,0,1,0,11,0,2,0,40,0,3,0,2,0,2,0,4,2,35.7149425,139.7339597222222,6,3,9999,0,1,0
1,30,546,44,2,0,1,20380,0,105,2024,4,16,15,40,12,5,7,18,15,1,1,1,1,1,9,22,0,0,15,9,30,70,1,2,1,55,1,3,61,31,0,1,0,1,0,1,0,4,0,10,0,3,0,2,0,2,0,4,2,35.71907138888889,139.72746722222223,3,3,9999,0,1,0
1,30,546,45,2,0,1,30000,0,105,2024,5,23,23,35,22,4,31,18,45,1,1,1,1,7,1,21,0,0,15,9,30,70,5,3,1,55,45,17,61,1,0,11,0,2,0,11,0,1,0,10,0,4,0,2,0,2,0,4,2,35.7093075,139.73304166666668,5,3,9999,0,9,0
1,30,547,59,2,0,2,20390,0,105,2024,5,6,1,11,22,4,44,18,32,1,1,1,1,1,9,22,0,0,17,9,30,70,5,4,1,25,45,3,61,31,0,1,0,2,0,11,0,4,0,11,0,1,0,1,0,2,0,4,2,35.708041111111115,139.77187166666667,2,1,0,0,0,0
1,30,547,65,2,0,1,20090,0,105,2024,5,28,8,55,12,4,28,18,49,3,1,2,1,1,9,22,0,0,15,9,30,70,4,2,1,65,55,3,61,1,0,1,0,1,0,11,0,3,0,10,0,4,0,2,0,2,0,4,2,35.70073222222223,139.76353138888888,3,3,9999,0,9,0
1,30,547,66,2,0,1,170,26,105,2024,2,25,19,45,22,6,17,17,32,3,1,2,1,1,9,22,0,0,15,9,30,70,1,2,1,45,55,3,61,31,0,1,0,1,0,11,0,4,0,10,0,3,0,2,0,2,0,4,2,35.703275833333336,139.76349861111112,1,3,9999,0,1,0
1,30,548,33,2,0,1,20370,0,105,2024,5,21,10,50,12,4,32,18,44,1,1,1,14,1,0,0,0,0,2,9,1,70,5,1,1,65,45,3,61,31,0,1,0,1,0,11,0,5,0,80,0,3,0,2,0,2,0,4,2,35.727989722222226,139.76348805555557,3,3,9999,0,9,0
1,30,550,55,2,0,1,30000,0,116,2024,5,1,18,40,21,4,49,18,28,3,1,2,1,8,9,22,0,0,11,9,30,70,5,2,1,1,1,3,61,1,0,1,0,1,0,11,0,10,0,50,0,3,0,2,0,2,0,4,2,35.73325916666667,139.71080805555553,4,3,9999,0,1,0
1,30,550,60,2,0,1,30000,0,116,2024,5,8,8,2,12,4,42,18,34,2,1,1,1,7,9,22,0,0,11,9,30,70,5,1,1,35,45,51,61,41,0,0,0,0,0,0,0,0,0,10,0,4,0,0,0,0,0,4,2,35.7266825,139.7169825,4,3,0,0,0,0
1,30,550,63,2,0,1,30000,0,116,2024,5,16,9,30,12,4,35,18,40,3,1,2,1,7,9,22,0,0,15,9,30,70,5,3,1,55,25,17,61,1,0,11,0,1,0,11,0,10,0,10,0,3,0,2,0,2,0,4,2,35.73260166666667,139.70979305555554,5,3,9999,0,9,0
1,30,550,65,2,0,1,30000,0,116,2024,5,17,19,30,21,4,34,18,41,1,1,1,14,7,0,0,0,0,2,9,1,1,5,3,1,55,25,3,61,1,0,1,0,1,0,11,0,2,0,40,0,3,0,2,0,2,0,4,2,35.73549388888889,139.7106486111111,6,3,9999,0,9,0
1,30,550,69,2,0,1,30000,0,116,2024,5,19,1,20,22,4,33,18,42,1,1,1,1,7,9,22,0,0,15,9,30,70,4,1,1,65,55,3,61,1,0,1,0,1,0,11,0,10,0,10,0,4,0,2,0,2,0,4,2,35.73306638888889,139.70990777777777,1,3,9999,0,9,0
1,30,550,70,2,0,1,30000,0,116,2024,5,22,10,10,12,4,31,18,45,1,1,1,14,7,0,0,0,0,1,8,1,70,5,3,1,35,25,13,61,31,0,11,0,1,0,11,0,10,0,80,0,4,0,2,0,2,0,4,2,35.74137555555556,139.71997277777777,4,3,9999,0,1,0
1,30,550,71,2,0,1,30000,0,116,2024,5,23,21,0,22,4,31,18,45,1,1,1,1,7,9,22,0,0,11,8,30,1,5,3,1,1,45,43,61,41,0,31,0,0,0,0,0,10,0,10,0,4,0,0,0,0,0,4,2,35.738017222222226,139.7074236111111,5,3,0,0,0,0
1,30,550,79,2,0,1,30000,0,116,2024,5,28,12,36,12,4,28,18,49,3,1,2,7,7,0,0,0,0,2,9,1,70,5,3,1,45,35,17,61,31,0,11,0,1,0,11,0,10,0,10,0,4,0,2,0,2,0,4,2,35.732575000000004,139.71015277777778,3,3,9999,0,5,0
1,30,551,70,2,0,1,10160,0,116,2024,5,28,6,30,12,4,28,18,49,3,1,2,1,1,9,22,0,0,19,9,30,70,5,2,1,1,45,14,61,1,0,11,0,1,0,11,0,10,0,80,0,3,0,2,0,2,0,4,2,35.72820138888889,139.69676305555555,3,3,9999,0,5,0
1,30,552,64,2,0,1,30000,0,117,2024,2,26,16,27,12,6,16,17,33,1,1,1,14,7,0,0,0,0,1,8,1,70,5,2,1,45,25,3,61,1,0,1,0,1,0,11,0,4,0,20,0,3,0,2,0,2,0,4,2,35.74655055555556,139.74833527777776,2,3,9999,0,9,0
1,30,553,81,2,0,1,10090,0,117,2024,5,8,8,43,12,4,42,18,34,1,1,1,1,1,9,22,0,0,19,6,30,70,4,2,1,1,75,1,61,1,0,1,0,1,0,11,0,4,0,40,0,4,0,2,0,2,0,4,2,35.75358777777778,139.73821916666665,4,3,9999,0,1,0
1,30,553,84,2,0,1,20000,0,117,2024,5,12,16,15,12,4,38,18,37,2,1,1,14,1,0,0,0,0,3,9,1,70,4,1,1,35,75,51,61,41,0,0,0,0,0,0,0,0,0,10,0,3,0,0,0,0,0,4,2,35.763535,139.75281416666667,1,3,0,0,0,0
1,30,553,86,2,0,1,30000,0,117,2024,5,15,13,50,12,4,36,18,39,1,1,1,1,7,9,22,0,0,11,9,30,70,5,2,1,35,35,3,61,31,0,1,0,1,0,11,0,2,0,30,0,3,0,2,0,2,0,4,2,35.757780555555556,139.72345027777777,4,3,9999,0,5,0
1,30,553,88,2,0,1,30000,0,117,2024,5,17,18,0,13,4,34,18,41,1,1,1,14,7,0,0,0,0,1,9,1,70,5,3,1,1,65,51,61,41,0,0,0,0,0,0,0,0,0,10,0,4,0,0,0,0,0,4,2,35.76565305555555,139.73091333333335,6,3,0,0,0,0
1,30,553,95,2,0,1,30000,0,117,2024,5,29,8,30,12,4,28,18,50,1,1,1,14,7,0,0,0,0,3,9,1,70,5,3,1,35,35,51,61,41,0,0,0,0,0,0,0,0,0,40,0,3,0,0,0,0,0,4,2,35.76445888888889,139.72851888888889,4,3,0,0,0,0
1,30,553,97,2,0,1,30000,0,117,2024,5,15,17,40,13,4,36,18,39,1,1,1,13,7,0,0,0,0,3,6,1,70,5,3,1,65,45,3,61,31,0,1,0,1,0,11,0,1,0,40,0,3,0,2,0,2,0,4,2,35.75200111111111,139.7489811111111,4,3,9999,0,9,0
1,30,554,50,2,0,1,1220,1,117,2024,5,13,17,16,12,4,38,18,38,3,1,2,1,8,9,22,0,0,18,9,30,70,1,1,1,75,45,14,61,1,0,11,0,1,0,11,0,10,0,20,0,3,0,2,0,2,0,4,2,35.781031666666664,139.72969916666668,2,3,83,0,9,0
1,30,554,51,2,0,1,1220,0,117,2024,5,6,13,8,12,4,44,18,32,2,1,1,7,1,0,0,0,0,5,9,1,70,1,1,1,45,1,51,61,41,0,0,0,0,0,0,0,0,0,40,0,3,0,0,0,0,0,4,2,35.769889166666665,139.73402499999997,2,1,0,0,0,0
1,30,555,158,2,0,1,30000,0,119,2024,5,1,4,25,23,4,49,18,28,1,1,1,14,7,0,0,0,0,1,9,1,70,4,1,1,65,35,3,61,1,0,1,0,1,0,11,0,4,0,30,0,4,0,2,0,2,0,4,2,35.74760611111111,139.6855277777778,4,3,9999,0,9,0
1,30,555,159,2,0,1,30000,0,119,2024,5,17,11,31,12,4,34,18,41,1,1,1,1,7,9,22,0,0,14,9,30,70,5,4,1,55,35,3,61,1,0,1,0,1,0,11,0,2,0,60,0,4,0,2,0,2,0,4,2,35.75809944444445,139.696385,6,3,9999,0,9,0
1,30,555,163,2,0,1,30000,0,119,2024,5,4,15,10,12,4,46,18,30,1,1,1,14,7,0,0,0,0,1,9,1,70,4,3,1,75,25,3,61,31,0,1,0,1,0,11,0,2,0,40,0,4,0,2,0,2,0,4,2,35.75559833333333,139.6963186111111,7,1,110,0,9,0
1,30,555,166,2,0,1,30000,0,119,2024,5,31,8,45,12,4,27,18,51,3,1,2,1,7,9,22,0,0,11,9,30,70,4,2,1,75,25,3,61,1,0,1,0,1,0,11,0,2,0,40,0,3,0,2,0,2,0,4,2,35.747085,139.71955805555555,6,3,31,0,9,0
1,30,555,168,2,0,1,2540,90,119,2024,5,30,14,15,12,4,27,18,50,1,1,1,14,7,0,0,0,0,2,9,1,70,5,2,1,55,55,51,61,41,0,0,0,0,0,0,0,0,0,40,0,3,0,0,0,0,0,4,2,35.75615416666667,139.68658250000001,5,3,0,0,0,0
1,30,556,103,2,0,1,30000,0,119,2024,5,10,7,55,12,4,40,18,35,1,1,1,1,7,9,22,0,0,14,9,30,70,5,3,1,1,55,51,61,41,0,0,0,0,0,0,0,0,0,10,0,3,0,0,0,0,0,4,2,35.77664861111111,139.66562361111113,6,3,0,0,0,0
1,30,556,105,2,0,1,30000,0,119,2024,5,10,17,50,13,4,40,18,35,1,1,1,1,7,9,22,0,0,11,9,30,70,5,4,1,1,75,51,61,41,0,0,0,0,0,0,0,0,0,0,0,4,0,0,0,0,0,4,2,35.7672225,139.67279027777778,6,3,0,0,0,0
1,30,556,106,2,0,1,99000,0,119,2024,5,3,16,50,12,4,47,18,29,1,1,1,0,7,0,0,0,0,0,0,20,1,0,4,1,75,55,13,61,31,0,11,0,1,0,11,0,10,0,10,0,3,0,2,0,2,0,4,2,35.77047527777778,139.69396527777778,6,1,708,0,4,0
1,30,556,111,2,0,1,30000,0,119,2024,5,17,10,50,12,4,34,18,41,1,1,1,1,1,9,22,0,0,15,9,30,70,4,1,1,65,45,3,61,31,0,1,0,1,0,11,0,3,0,20,0,3,0,2,0,2,0,4,2,35.76620472222222,139.67810027777776,6,3,9999,0,9,0
1,30,556,115,2,0,1,30000,0,119,2024,5,22,10,25,12,4,31,18,45,1,1,1,1,1,9,22,0,0,15,9,30,70,4,1,1,35,75,14,61,31,0,11,0,1,0,11,0,2,0,50,0,3,0,2,0,2,0,4,2,35.78234416666667,139.67895527777776,4,3,9999,0,5,0
1,30,556,116,2,0,2,170,124,119,2024,5,22,23,50,22,4,31,18,45,1,1,1,1,1,9,22,0,0,18,9,30,70,4,1,1,75,1,3,61,1,0,1,0,1,0,11,0,5,0,10,0,2,0,2,0,2,0,4,2,35.76869027777778,139.7022658333333,4,3,238,0,9,0
1,30,556,117,2,0,1,10200,0,119,2024,4,21,14,26,12,5,1,18,19,1,1,1,14,7,0,0,0,0,2,9,1,70,1,2,1,55,0,61,0,0,0,0,0,0,0,0,0,0,0,0,0,0,0,0,0,0,0,2,0,35.77715138888889,139.67894222222222,1,3,0,0,0,0
1,30,557,108,2,0,1,30000,0,120,2024,5,2,13,5,12,4,48,18,29,1,1,1,1,1,9,22,0,0,11,9,30,70,4,2,1,45,65,14,61,1,0,11,0,1,0,11,0,2,0,20,0,3,0,2,0,2,0,4,2,35.73781694444445,139.67389027777776,5,2,9999,0,1,0
1,30,557,112,2,0,1,20430,0,120,2024,2,29,2,31,22,6,12,17,35,1,1,1,1,7,9,22,0,0,14,9,30,70,5,2,1,55,25,12,61,31,0,11,0,1,0,11,0,10,0,50,0,3,0,2,0,2,0,4,2,35.737121111111115,139.65148944444445,5,3,9999,0,9,0
1,30,557,116,2,0,1,30000,0,120,2024,5,15,22,40,22,4,36,18,39,3,1,2,1,7,9,22,0,0,15,9,30,70,4,3,1,55,35,3,61,31,0,1,0,1,0,11,0,2,0,10,0,3,0,2,0,2,0,4,2,35.73616055555556,139.6540077777778,4,3,9999,0,9,0
1,30,557,118,2,0,1,10010,0,120,2024,5,20,16,30,12,4,32,18,43,1,1,1,1,1,9,22,0,0,17,9,30,70,4,3,1,65,1,14,61,31,0,11,0,1,0,11,0,4,0,10,0,3,0,2,0,2,0,4,2,35.743787222222224,139.63057833333335,2,3,9999,0,5,0
1,30,557,119,2,0,1,30000,0,120,2024,5,21,15,45,12,4,32,18,44,1,1,1,14,7,0,0,0,0,3,9,20,70,5,3,1,65,25,3,61,31,0,1,0,1,0,11,0,2,0,80,0,3,0,2,0,2,0,4,2,35.73724888888889,139.67372972222222,3,3,25,0,9,0
1,30,557,123,2,0,1,30000,0,120,2024,5,22,8,40,12,4,31,18,45,1,1,1,14,7,0,0,0,0,3,9,1,70,5,2,1,65,75,51,61,41,0,0,0,0,0,0,0,0,0,10,0,3,0,0,0,0,0,4,2,35.75058416666667,139.66690388888887,4,3,0,0,0,0
1,30,558,95,2,0,1,30000,0,120,2024,5,5,19,41,22,4,45,18,31,1,1,1,1,7,0,0,0,0,11,9,30,70,5,1,1,25,0,61,0,0,0,0,0,0,0,0,0,0,0,0,0,0,0,0,0,0,0,2,0,35.73715333333333,139.57616833333333,1,1,0,0,0,0
1,30,558,104,2,0,1,10330,0,120,2024,2,15,22,40,22,6,29,17,22,1,1,1,1,2,9,22,0,0,11,9,30,70,5,3,1,1,35,3,61,31,0,1,0,1,0,11,0,2,0,10,0,1,0,1,0,2,0,4,2,35.7508275,139.5822711111111,5,3,9999,0,1,0
1,30,558,123,2,0,1,30000,0,120,2024,5,16,18,40,21,4,35,18,40,1,1,1,7,7,0,0,0,0,2,9,1,70,5,3,1,1,55,51,61,41,0,0,0,0,0,0,0,0,0,10,0,4,0,0,0,0,0,4,2,35.746993611111115,139.58137861111112,5,3,0,0,0,0
1,30,558,125,2,0,1,99000,0,120,2024,5,20,9,5,12,4,32,18,43,3,1,1,0,7,0,0,0,0,0,0,20,70,0,4,1,55,35,51,61,41,0,0,0,0,0,0,0,0,0,10,0,4,0,0,0,0,0,4,2,35.74250333333333,139.60673777777777,2,3,0,0,0,0
1,30,559,97,2,0,1,30000,0,119,2024,5,1,20,22,22,4,49,18,28,3,1,2,7,1,0,0,0,0,4,9,1,70,1,2,1,55,55,14,61,31,0,11,0,1,0,11,0,3,0,10,0,3,0,2,0,2,0,4,2,35.78863611111111,139.66001500000002,4,3,9999,0,9,0
1,30,559,107,2,0,1,30000,0,119,2024,5,8,17,10,12,4,42,18,34,3,1,2,14,7,0,0,0,0,3,9,1,70,1,2,1,25,65,51,61,41,0,0,0,0,0,0,0,0,0,10,0,3,0,0,0,0,0,4,2,35.78402694444444,139.66909944444444,4,3,0,0,0,0
1,30,559,115,2,0,1,30000,0,119,2024,5,16,19,3,21,4,35,18,40,1,1,1,7,7,0,0,0,0,3,9,1,70,5,3,1,35,1,14,61,1,0,11,0,1,0,11,0,10,0,10,0,2,0,2,0,2,0,4,2,35.790839444444444,139.64520666666667,5,3,9999,0,1,0
1,30,559,123,2,0,1,30000,0,119,2024,5,21,11,48,12,4,32,18,44,1,1,1,1,1,9,22,0,0,15,9,30,70,1,1,1,55,55,17,61,31,0,11,0,1,0,11,0,10,0,40,0,3,0,2,0,2,0,4,2,35.78689027777778,139.6742975,3,3,9999,0,9,0
1,30,560,93,2,0,1,10000,0,120,2024,5,12,1,5,22,4,38,18,37,1,1,1,1,1,9,22,0,0,14,9,30,70,5,2,1,1,55,3,61,31,0,1,0,1,0,11,0,4,0,10,0,3,0,2,0,2,0,4,2,35.76600055555556,139.6569,1,3,9999,0,1,0
1,30,560,94,2,0,1,30000,0,120,2024,4,16,17,9,12,5,7,18,15,1,1,1,1,7,9,22,0,0,14,9,30,70,5,3,1,25,1,3,61,31,0,1,0,1,0,11,0,2,0,40,0,3,0,2,0,2,0,4,2,35.75128111111111,139.6288463888889,3,3,9999,0,1,0
1,30,560,101,2,0,1,30000,0,120,2024,5,26,21,46,22,4,29,18,48,1,1,1,14,7,0,0,0,0,4,9,1,70,4,2,1,1,55,35,61,31,0,0,0,0,0,11,0,3,0,10,0,3,0,0,0,0,0,4,2,35.75400666666667,139.62041361111113,1,3,9999,0,5,0
1,30,560,103,2,0,1,30000,0,120,2024,4,8,7,48,12,5,18,18,9,1,1,1,14,7,0,0,0,0,5,9,1,70,1,2,1,1,75,52,61,41,0,0,0,0,0,0,0,0,0,10,0,4,0,0,0,0,0,4,2,35.75874722222222,139.63065527777778,2,3,0,0,0,0
1,30,560,104,2,0,1,30000,0,120,2024,4,23,18,10,13,4,58,18,21,2,1,2,1,1,9,22,0,0,19,9,30,70,1,1,1,45,1,51,61,41,0,0,0,0,0,0,0,0,0,40,0,4,0,0,0,0,0,4,2,35.75828861111111,139.62540805555557,3,3,0,0,0,0
1,30,660,75,1,1,0,40,37,106,2024,5,11,4,53,11,4,39,18,36,1,1,1,1,1,9,22,0,0,18,9,30,70,1,2,1,45,45,17,61,1,0,11,0,1,0,11,0,5,0,80,0,3,0,2,0,2,0,4,1,35.714675,139.7799263888889,7,3,9999,0,9,0
1,30,660,76,2,0,1,30000,0,106,2024,5,2,11,0,12,4,48,18,29,1,1,1,14,7,0,0,0,0,2,9,1,70,5,2,1,35,25,59,61,0,0,0,0,0,0,0,0,0,0,80,0,4,0,0,0,0,0,4,2,35.708893055555556,139.77516333333335,5,2,0,0,0,0
1,30,660,77,2,0,1,95000,0,106,2024,5,3,13,35,12,4,47,18,29,1,1,1,0,7,0,0,0,0,0,0,20,70,0,2,1,65,1,51,61,41,0,0,0,0,0,0,0,0,0,10,0,4,0,0,0,0,0,4,2,35.711487222222225,139.77342861111111,6,1,0,0,0,0
1,30,660,93,2,0,1,30000,0,106,2024,5,23,16,50,12,4,31,18,45,1,1,1,14,7,0,0,0,0,3,9,1,70,5,4,1,25,45,3,61,31,0,1,0,1,0,11,0,10,0,10,0,4,0,2,0,2,0,4,2,35.70821,139.77577472222222,5,3,9999,0,1,0
1,30,660,95,2,0,1,30000,0,106,2024,5,31,0,20,22,4,27,18,51,2,1,1,1,1,9,22,0,0,15,9,30,70,4,2,1,45,1,3,61,31,0,1,0,1,0,11,0,10,0,10,0,3,0,2,0,2,0,4,2,35.70170916666667,139.77340777777778,6,3,9999,0,1,0
1,30,661,79,2,0,1,40,54,106,2024,5,15,8,52,12,4,36,18,39,1,1,1,7,1,0,0,0,0,2,9,1,70,1,2,1,35,35,51,61,41,0,0,0,0,0,0,0,0,0,10,0,3,0,0,0,0,0,4,2,35.72833166666667,139.79035472222222,4,3,0,0,0,0
1,30,661,80,2,0,1,30000,0,106,2024,5,20,12,6,12,4,32,18,43,2,1,1,14,7,0,0,0,0,1,9,1,70,5,4,1,1,25,3,61,31,0,1,0,1,0,11,0,10,0,20,0,3,0,2,0,2,0,4,2,35.72179027777778,139.778465,2,3,9999,0,1,0
1,30,662,50,2,0,1,30000,0,106,2024,5,9,22,55,22,4,41,18,34,1,1,1,14,7,0,0,0,0,3,8,1,70,5,2,1,45,75,34,61,31,0,0,0,0,0,11,0,3,0,10,0,3,0,0,0,0,0,4,2,35.72754694444445,139.8084913888889,5,3,9999,0,9,0
1,30,663,60,2,0,1,30000,0,106,2024,5,16,12,0,12,4,35,18,40,1,1,1,14,7,0,0,0,0,2,9,1,70,5,3,1,45,75,59,61,0,0,0,0,0,0,0,0,0,0,10,0,4,0,0,0,0,0,4,2,35.70613166666667,139.78693305555555,5,3,0,0,0,0
1,30,663,67,2,0,1,30000,0,106,2024,5,23,9,31,12,4,31,18,45,1,1,1,14,7,0,0,0,0,3,9,1,70,5,2,1,65,45,3,61,31,0,1,0,1,0,11,0,2,0,30,0,3,0,2,0,2,0,4,2,35.704883333333335,139.7834286111111,5,3,9999,0,9,0
1,30,664,31,2,0,1,30000,0,118,2024,5,11,15,53,12,4,39,18,36,1,1,1,14,7,0,0,0,0,2,9,1,1,4,3,1,55,55,3,61,31,0,1,0,1,0,11,0,2,0,60,0,3,0,2,0,2,0,4,2,35.746251388888886,139.7724427777778,7,3,9999,0,9,0
1,30,664,33,2,0,1,30000,0,118,2024,5,14,8,0,12,4,37,18,38,1,1,1,1,7,1,21,0,0,14,9,30,1,5,4,1,45,1,51,61,41,0,0,0,0,0,0,0,0,0,40,0,3,0,0,0,0,0,4,2,35.74207361111111,139.7702088888889,3,3,0,0,0,0
1,30,665,46,2,0,1,10360,0,118,2024,5,1,10,35,12,4,49,18,28,3,1,2,1,1,9,22,0,0,18,9,30,70,5,2,1,25,65,12,61,1,0,11,0,2,0,11,0,3,0,10,0,4,0,2,0,2,0,4,2,35.73666222222222,139.81274833333333,4,3,9999,0,1,0
1,30,666,54,2,0,1,30000,0,118,2024,5,1,13,55,12,4,49,18,28,3,1,2,1,7,9,22,0,0,15,3,30,70,5,2,1,45,45,3,61,1,0,1,0,1,0,11,0,2,0,50,0,3,0,2,0,2,0,4,2,35.72834916666667,139.7718191666667,4,3,9999,0,1,0
1,30,666,65,2,0,1,99000,0,118,2024,5,31,13,55,12,4,27,18,51,2,1,1,0,7,0,0,0,0,0,0,20,70,0,4,1,1,65,51,61,41,0,0,0,0,0,0,0,0,0,20,0,3,0,0,0,0,0,4,2,35.73816472222222,139.78473833333334,6,3,0,0,0,0