資料区分,都道府県コード,警察署等コード,本票番号,事故内容,死者数,負傷者数,路線コード,地点コード,市区町村コード,発生日時　　年,発生日時　　月,発生日時　　日,発生日時　　時,発生日時　　分,昼夜,日の出時刻　　時,日の出時刻　　分,日の入り時刻　　時,日の入り時刻　　分,天候,地形,路面状態,道路形状,信号機,一時停止規制　標識（当事者A）,一時停止規制　表示（当事者A）,一時停止規制　標識（当事者B）,一時停止規制　表示（当事者B）,車道幅員,道路線形,衝突地点,ゾーン規制,中央分離帯施設等,歩車道区分,事故類型,年齢（当事者A）,年齢（当事者B）,当事者種別（当事者A）,当事者種別（当事者B）,用途別（当事者A）,用途別（当事者B）,車両形状等（当事者A）,車両形状等（当事者B）,オートマチック車（当事者A）,オートマチック車（当事者B）,サポカー（当事者A）,サポカー（当事者B）,速度規制（指定のみ）（当事者A）,速度規制（指定のみ）（当事者B）,車両の衝突部位（当事者A）,車両の衝突部位（当事者B）,車両の損壊程度（当事者A）,車両の損壊程度（当事者B）,エアバッグの装備（当事者A）,エアバッグの装備（当事者B）,サイドエアバッグの装備（当事者A）,サイドエアバッグの装備（当事者B）,人身損傷程度（当事者A）,人身損傷程度（当事者B）,lat,lon,曜日(発生年月日),祝日(発生年月日),認知機能検査経過日数（当事者A）,認知機能検査経過日数（当事者B）,運転練習の方法（当事者A）,運転練習の方法（当事者B）
1,30,666,67,2,0,1,20410,0,118,2024,5,23,18,10,13,4,31,18,45,2,1,1,14,7,0,0,0,0,5,9,1,70,4,1,1,55,35,51,61,41,0,0,0,0,0,0,0,0,0,20,0,3,0,0,0,0,0,4,2,35.73242527777778,139.7671625,5,3,0,0,0,0
1,30,667,70,2,0,1,20640,0,121,2024,5,19,19,18,21,4,33,18,42,1,1,1,14,7,0,0,0,0,1,9,1,70,5,1,1,45,1,3,61,31,0,1,0,1,0,11,0,3,0,10,0,3,0,2,0,2,0,4,2,35.74951472222222,139.81369583333336,1,3,9999,0,1,0
1,30,667,77,2,0,1,30000,0,121,2024,5,29,12,10,12,4,28,18,50,1,1,1,14,7,0,0,0,0,3,9,1,70,4,1,1,1,75,3,61,31,0,1,0,1,0,11,0,2,0,10,0,3,0,2,0,2,0,4,2,35.750615833333335,139.80403055555556,4,3,9999,0,1,0
1,30,668,219,2,0,1,21070,0,121,2024,5,1,17,5,12,4,49,18,28,3,1,2,14,7,0,0,0,0,4,9,1,70,1,1,1,45,35,17,61,31,0,11,0,1,0,11,0,4,0,80,0,3,0,2,0,2,0,4,2,35.79568777777778,139.76050694444444,4,3,9999,0,1,0
1,30,668,239,2,0,1,30000,0,121,2024,5,11,15,25,12,4,39,18,36,1,1,1,14,7,0,0,0,0,1,9,1,70,5,2,1,1,55,51,61,41,0,0,0,0,0,0,0,0,0,40,0,3,0,0,0,0,0,4,2,35.78523416666666,139.7792077777778,7,3,0,0,0,0
1,30,668,244,2,0,1,30000,0,121,2024,5,15,10,45,12,4,36,18,39,1,1,1,14,7,0,0,0,0,2,9,1,70,5,4,1,65,75,2,61,31,0,1,0,1,0,11,0,10,0,10,0,4,0,2,0,2,0,4,2,35.76944361111111,139.80115194444446,4,3,9999,0,9,0
1,30,668,247,2,0,1,30000,0,121,2024,5,15,15,10,12,4,36,18,39,1,1,1,1,7,9,22,0,0,14,9,30,70,4,2,1,65,75,3,61,31,0,1,0,1,0,11,0,3,0,10,0,3,0,2,0,2,0,4,2,35.784710555555556,139.77918583333334,4,3,9999,0,1,0
1,30,668,251,2,0,1,10710,0,121,2024,5,16,16,11,12,4,35,18,40,1,1,1,14,7,0,0,0,0,5,9,1,70,1,2,1,1,75,51,61,41,0,0,0,0,0,0,0,0,0,10,0,4,0,0,0,0,0,4,2,35.78268111111111,139.76988111111112,5,3,0,0,0,0
1,30,668,254,2,0,1,30000,0,121,2024,5,18,15,10,12,4,34,18,42,1,1,1,1,1,9,22,0,0,15,9,30,70,4,1,1,35,1,3,61,31,0,1,0,1,0,11,0,3,0,20,0,3,0,2,0,2,0,4,2,35.768658333333335,139.74767166666666,7,3,9999,0,5,0
1,30,668,256,2,0,1,30000,0,121,2024,5,3,0,42,22,4,47,18,29,1,1,1,14,7,0,0,0,0,1,9,1,70,5,3,1,35,25,51,61,41,0,0,0,0,0,0,0,0,0,10,0,3,0,0,0,0,0,4,2,35.77643361111111,139.79201555555557,6,1,0,0,0,0
1,30,668,259,2,0,1,30960,0,121,2024,5,21,19,13,21,4,32,18,44,2,1,1,1,7,9,22,0,0,18,9,30,70,5,2,1,45,25,14,61,1,0,11,0,1,0,11,0,3,0,40,0,3,0,2,0,2,0,4,2,35.782911666666664,139.77185055555557,3,3,9999,0,4,0
1,30,669,174,2,0,1,99000,0,121,2024,5,7,17,0,12,4,43,18,33,2,1,1,0,7,0,0,0,0,0,0,20,70,0,4,1,45,55,13,61,1,0,11,0,1,0,11,0,10,0,60,0,3,0,2,0,2,0,4,2,35.782848888888886,139.82129666666665,3,3,9999,0,1,0
1,30,669,175,2,0,1,30000,0,121,2024,5,10,11,25,12,4,40,18,35,1,1,1,1,7,1,21,0,0,14,9,30,70,4,2,1,25,25,14,61,1,0,11,0,1,0,11,0,3,0,10,0,3,0,2,0,2,0,4,2,35.76096944444444,139.82413944444443,6,3,9999,0,1,0
1,30,669,181,2,0,1,30450,0,121,2024,5,7,21,25,22,4,43,18,33,1,1,1,1,1,9,22,0,0,14,9,30,70,4,2,1,55,25,51,61,41,0,0,0,0,0,0,0,0,0,10,0,4,0,0,0,0,0,4,2,35.783699166666665,139.84240333333335,3,3,0,0,0,0
1,30,669,185,2,0,2,30000,0,121,2024,5,15,19,10,21,4,36,18,39,2,1,1,14,7,0,0,0,0,2,9,1,70,5,3,1,1,55,51,61,41,0,0,0,0,0,0,0,0,0,10,0,3,0,0,0,0,0,2,2,35.76356388888889,139.82786916666666,4,3,0,0,0,0
1,30,669,188,2,0,1,95000,0,121,2024,5,9,13,45,12,4,41,18,34,1,1,1,0,7,0,0,0,0,0,0,20,70,0,4,1,75,25,51,61,41,0,0,0,0,0,0,0,0,0,10,0,3,0,0,0,0,0,4,2,35.76202972222222,139.8210475,5,3,0,0,0,0
1,30,669,199,2,0,1,30000,0,121,2024,5,10,17,45,13,4,40,18,35,1,1,1,14,7,0,0,0,0,2,7,1,70,5,2,1,1,45,51,61,41,0,0,0,0,0,0,0,0,0,10,0,3,0,0,0,0,0,4,2,35.7753775,139.85071888888888,6,3,0,0,0,0
1,30,669,203,2,0,1,30000,0,121,2024,5,29,17,55,13,4,28,18,50,1,1,1,1,7,1,21,0,0,14,9,30,70,5,3,1,25,55,51,61,41,0,0,0,0,0,0,0,0,0,10,0,4,0,0,0,0,0,4,2,35.78831527777778,139.84127083333334,4,3,0,0,0,0
1,30,669,211,2,0,1,30000,0,121,2024,5,20,18,10,13,4,32,18,43,1,1,1,1,1,9,22,0,0,15,9,30,70,4,1,1,45,1,3,61,31,0,1,0,1,0,11,0,2,0,50,0,3,0,2,0,2,0,4,2,35.78455638888889,139.81647722222223,2,3,9999,0,1,0
1,30,670,136,2,0,1,30000,0,121,2024,5,9,10,55,12,4,41,18,34,2,1,1,1,8,9,22,0,0,15,9,30,70,4,1,1,35,25,14,61,1,0,11,0,1,0,11,0,2,0,50,0,3,0,2,0,2,0,4,2,35.80054444444444,139.78257833333333,5,3,9999,0,5,0
1,30,771,185,2,0,1,10020,0,108,2024,5,1,19,15,21,4,49,18,28,3,1,2,1,1,9,22,0,0,18,9,30,70,1,1,1,1,55,3,61,31,0,1,0,1,0,11,0,5,0,50,0,3,0,2,0,2,0,4,2,35.655831388888885,139.7949586111111,4,3,9999,0,1,0
1,30,771,186,2,0,1,30000,0,108,2024,5,2,16,15,12,4,48,18,29,1,1,1,14,7,0,0,0,0,2,9,1,70,4,2,1,1,65,51,61,41,0,0,0,0,0,0,0,0,0,10,0,3,0,0,0,0,0,4,2,35.67667861111111,139.8176613888889,5,2,0,0,0,0
1,30,771,192,2,0,1,30000,0,108,2024,5,8,19,45,22,4,42,18,34,2,1,1,1,1,9,22,0,0,18,9,30,70,1,2,1,45,25,14,61,1,0,11,0,1,0,11,0,3,0,10,0,3,0,2,0,2,0,4,2,35.65732472222222,139.81860722222223,4,3,9999,0,9,0
1,30,771,194,2,0,1,30000,0,108,2024,5,9,18,0,13,4,41,18,34,1,1,1,1,7,6,21,0,0,14,9,30,70,5,1,1,65,25,3,61,31,0,1,0,1,0,11,0,2,0,80,0,3,0,2,0,2,0,4,2,35.672736944444445,139.80374305555557,5,3,9999,0,9,0
1,30,771,205,2,0,1,20540,0,108,2024,5,17,7,5,12,4,34,18,41,1,1,1,1,1,9,22,0,0,19,9,30,70,1,2,1,75,35,14,61,31,0,11,0,1,0,11,0,3,0,10,0,3,0,2,0,2,0,4,2,35.68244472222222,139.80633194444445,6,3,995,0,9,0
1,30,771,211,2,0,1,20000,0,108,2023,12,8,8,27,12,6,37,16,28,1,1,1,1,1,9,22,0,0,18,9,30,70,5,1,1,55,1,51,61,41,0,0,0,0,0,0,0,0,0,20,0,4,0,0,0,0,0,4,2,35.65367222222222,139.79560527777778,6,3,0,0,0,0
1,30,771,218,2,0,1,30000,0,108,2024,5,24,10,22,12,4,30,18,46,1,1,1,1,7,9,22,0,0,15,9,30,70,5,2,1,45,65,3,61,31,0,1,0,1,0,11,0,3,0,10,0,3,0,2,0,2,0,4,2,35.680862777777776,139.81720055555556,6,3,9999,0,1,0
1,30,771,226,2,0,1,30000,0,108,2024,5,25,13,30,12,4,29,18,47,1,1,1,7,1,0,0,0,0,3,7,1,70,5,2,1,75,35,3,61,31,0,1,0,1,0,11,0,2,0,50,0,3,0,2,0,2,0,4,2,35.66858944444444,139.80288083333335,7,3,254,0,9,0
1,30,771,230,2,0,1,30000,0,108,2024,5,29,8,30,12,4,28,18,50,1,1,1,14,7,0,0,0,0,3,9,1,70,4,1,1,35,25,51,61,41,0,0,0,0,0,0,0,0,0,10,0,3,0,0,0,0,0,4,2,35.68313861111111,139.80091055555556,4,3,0,0,0,0
1,30,771,232,2,0,1,30000,0,108,2024,5,30,9,12,12,4,27,18,50,1,1,1,12,7,0,0,0,0,4,8,1,70,5,2,1,55,55,51,61,41,0,0,0,0,0,0,0,0,0,10,0,3,0,0,0,0,0,2,4,35.68378777777777,139.8036975,5,3,0,0,0,0
1,30,771,239,2,0,1,30000,0,108,2024,5,31,9,10,12,4,27,18,51,3,1,2,1,1,9,22,0,0,19,9,30,70,5,1,1,55,65,13,61,31,0,11,0,1,0,11,0,3,0,10,0,4,0,2,0,2,0,4,2,35.66065583333333,139.8001988888889,6,3,9999,0,9,0
1,30,772,149,2,0,1,10090,0,108,2024,5,16,19,37,21,4,35,18,40,1,1,1,14,1,0,0,0,0,2,9,1,70,4,2,1,55,0,61,0,0,0,0,0,0,0,0,0,0,0,0,0,0,0,0,0,0,0,2,0,35.69994527777777,139.82542166666667,5,3,0,0,0,0
1,30,772,158,2,0,1,30000,0,108,2024,5,9,19,10,21,4,41,18,34,1,1,1,1,1,9,22,0,0,15,9,30,70,4,3,1,65,55,3,61,31,0,1,0,1,0,11,0,2,0,20,0,3,0,2,0,2,0,4,2,35.70453638888889,139.82231805555554,5,3,9999,0,9,0
1,30,772,164,2,0,1,30000,0,108,2024,5,23,10,16,12,4,31,18,45,1,1,1,14,7,0,0,0,0,1,9,1,70,5,2,1,45,45,3,61,1,0,1,0,1,0,11,0,2,0,30,0,4,0,2,0,2,0,4,2,35.67248194444444,139.8204313888889,5,3,9999,0,9,0
1,30,772,166,2,0,1,140,54,108,2024,5,8,20,5,22,4,42,18,34,2,1,1,1,1,9,22,0,0,18,9,30,70,4,1,1,55,25,3,61,31,0,1,0,1,0,11,0,5,0,10,0,3,0,2,0,2,0,4,2,35.696549722222215,139.8238125,4,3,9999,0,1,0
1,30,773,106,2,0,1,140,40,107,2024,5,2,17,15,12,4,48,18,29,1,1,1,1,1,9,22,0,0,18,9,30,70,4,1,1,1,65,51,61,41,0,0,0,0,0,0,0,0,0,10,0,3,0,0,0,0,0,4,2,35.695162777777774,139.80919194444445,5,2,0,0,0,0
1,30,773,108,2,0,1,20690,0,107,2024,5,7,9,40,12,4,43,18,33,3,1,2,1,8,9,22,0,0,18,9,30,70,5,1,1,35,45,51,61,41,0,0,0,0,0,0,0,0,0,10,0,3,0,0,0,0,0,4,2,35.70004111111111,139.81485750000002,3,3,0,0,0,0
1,30,773,111,2,0,1,30000,0,107,2024,4,17,13,15,12,5,6,18,16,1,1,1,1,7,1,21,0,0,15,9,30,70,5,2,1,65,35,3,61,1,0,1,0,1,0,11,0,10,0,30,0,3,0,2,0,2,0,4,2,35.700363888888894,139.81464666666668,4,3,9999,0,9,0
1,30,773,112,2,0,1,30000,0,107,2024,3,30,2,40,22,5,30,18,1,1,1,1,1,1,9,22,0,0,15,9,30,70,5,3,1,1,55,3,61,31,0,1,0,1,0,11,0,1,0,10,0,4,0,2,0,2,0,4,2,35.69376972222222,139.81322805555556,7,3,9999,0,1,0
1,30,773,120,2,0,1,30000,0,107,2024,5,25,14,35,12,4,29,18,47,1,1,1,14,7,0,0,0,0,3,9,1,70,5,3,1,65,1,3,61,1,0,1,0,1,0,11,0,10,0,20,0,3,0,2,0,2,0,4,2,35.69515194444444,139.7923722222222,7,3,9999,0,9,0
1,30,773,125,2,0,1,10290,0,107,2024,5,27,11,20,12,4,28,18,48,3,1,2,1,1,9,22,0,0,18,9,30,70,5,2,1,55,65,11,61,31,0,11,0,1,0,11,0,4,0,10,0,3,0,2,0,2,0,4,2,35.70077361111112,139.80633166666667,2,3,9999,0,9,0
1,30,773,131,2,0,1,60,56,107,2024,5,5,16,0,12,4,45,18,31,1,1,1,1,1,9,22,0,0,17,9,30,70,5,2,1,35,75,51,61,41,0,0,0,0,0,0,0,0,0,10,0,3,0,0,0,0,0,4,2,35.71638277777778,139.81104333333334,1,1,0,0,0,0
1,30,774,88,2,0,1,30000,0,107,2024,5,14,8,10,12,4,37,18,38,1,1,1,1,7,1,21,0,0,11,9,30,1,5,3,1,55,25,3,61,31,0,1,0,1,0,11,0,2,0,10,0,3,0,2,0,2,0,4,2,35.712305,139.8325047222222,3,3,9999,0,9,0
1,30,774,89,2,0,1,60,65,107,2024,5,17,18,0,13,4,34,18,41,1,1,1,14,7,0,0,0,0,2,9,1,70,4,1,1,55,65,51,61,41,0,0,0,0,0,0,0,0,0,20,0,4,0,0,0,0,0,4,2,35.72320305555556,139.81902305555556,6,3,0,0,0,0
1,30,774,97,2,0,1,30490,0,107,2024,5,18,16,30,12,4,34,18,42,1,1,1,14,7,0,0,0,0,4,9,1,70,4,2,1,65,65,51,61,41,0,0,0,0,0,0,0,0,0,10,0,4,0,0,0,0,0,4,2,35.71846666666667,139.81850583333332,7,3,0,0,0,0
1,30,775,103,2,0,1,30000,0,122,2024,5,1,18,45,21,4,49,18,28,3,1,2,14,7,0,0,0,0,3,9,1,70,4,2,1,65,1,3,61,1,0,1,0,2,0,11,0,2,0,10,0,4,0,2,0,2,0,4,2,35.765495,139.85281416666666,4,3,9999,0,9,0
1,30,775,121,2,0,1,30000,0,122,2024,5,21,8,20,12,4,32,18,44,1,1,1,1,1,9,22,0,0,15,9,30,70,4,1,1,35,45,3,61,31,0,1,0,1,0,11,0,2,0,10,0,3,0,2,0,2,0,4,2,35.75010638888889,139.84260722222223,3,3,9999,0,1,0
1,30,775,135,2,0,1,30000,0,122,2024,5,31,14,46,12,4,27,18,51,2,1,1,1,7,9,22,0,0,14,9,30,70,5,2,1,35,1,3,61,31,0,1,0,1,0,11,0,2,0,10,0,4,0,2,0,2,0,4,2,35.76007944444444,139.83588583333335,6,3,9999,0,5,0
1,30,776,121,2,0,1,30000,0,122,2024,5,9,17,27,12,4,41,18,34,1,1,1,1,1,9,22,0,0,15,9,30,70,4,2,1,65,1,4,61,31,0,1,0,1,0,11,0,2,0,10,0,3,0,2,0,2,0,4,2,35.74332611111111,139.87243,5,3,9999,0,9,0
1,30,776,135,2,0,1,10290,0,122,2024,5,22,8,10,12,4,31,18,45,1,1,1,14,7,0,0,0,0,1,9,1,70,1,2,1,1,75,51,61,41,0,0,0,0,0,0,0,0,0,10,0,3,0,0,0,0,0,4,2,35.71510722222222,139.85133527777776,4,3,0,0,0,0
1,30,776,140,2,0,1,10400,0,122,2024,5,24,22,40,22,4,30,18,46,2,1,1,7,1,0,0,0,0,5,9,1,70,4,1,1,65,25,17,61,31,0,11,0,1,0,11,0,3,0,10,0,2,0,2,0,2,0,4,2,35.71908222222223,139.85710777777777,6,3,9999,0,9,0
1,30,777,271,2,0,1,99000,0,123,2024,5,14,17,5,12,4,37,18,38,1,1,1,0,7,0,0,0,0,0,0,20,70,0,4,1,35,35,51,61,41,0,0,0,0,0,0,0,0,0,10,0,3,0,0,0,0,0,4,2,35.69749638888889,139.85444583333333,3,3,0,0,0,0
1,30,777,274,2,0,1,30000,0,123,2024,4,29,11,10,12,4,51,18,26,1,1,1,1,7,9,22,0,0,15,9,30,70,5,2,1,45,75,3,61,1,0,1,0,1,0,11,0,5,0,30,0,3,0,2,0,2,0,4,2,35.71092305555556,139.86866833333335,2,1,9999,0,9,0
1,30,777,285,2,0,1,10390,0,123,2024,5,18,15,10,12,4,34,18,42,1,1,1,1,7,9,22,0,0,14,9,30,70,4,1,1,35,75,3,61,31,0,1,0,1,0,11,0,3,0,10,0,3,0,2,0,2,0,4,2,35.69545083333333,139.86778916666668,7,3,9999,0,1,0
1,30,777,293,2,0,1,30000,0,123,2024,4,28,22,26,22,4,52,18,25,1,1,1,14,7,0,0,0,0,2,9,1,70,5,1,1,1,25,3,61,31,0,1,0,1,0,11,0,2,0,20,0,4,0,2,0,2,0,4,2,35.70552583333333,139.84687250000002,1,2,9999,0,1,0
1,30,777,295,2,0,1,30000,0,123,2024,5,11,2,35,22,4,39,18,36,1,1,1,14,7,0,0,0,0,4,9,1,70,5,2,1,75,35,3,61,1,0,1,0,1,0,11,0,10,0,20,0,3,0,2,0,2,0,4,2,35.689680555555555,139.84882722222224,7,3,414,0,9,0
1,30,777,305,2,0,1,30000,0,123,2024,5,29,17,25,12,4,28,18,50,1,1,1,14,7,0,0,0,0,3,9,1,70,5,2,1,45,1,51,61,41,0,0,0,0,0,0,0,0,0,10,0,4,0,0,0,0,0,4,2,35.693439722222216,139.88462527777776,4,3,0,0,0,0
1,30,778,104,2,0,1,30000,0,123,2024,5,15,12,55,12,4,36,18,39,1,1,1,1,1,9,22,0,0,15,9,30,70,5,2,1,65,75,3,61,31,0,1,0,1,0,11,0,3,0,50,0,3,0,2,0,2,0,4,2,35.7113225,139.88889722222223,4,3,9999,0,9,0
1,30,778,109,2,0,1,30000,0,123,2024,5,21,18,50,21,4,32,18,44,1,1,1,1,7,9,22,0,0,14,9,30,70,4,3,1,25,1,4,61,31,0,1,0,1,0,11,0,3,0,10,0,3,0,2,0,2,0,4,2,35.73941722222222,139.8808675,3,3,9999,0,1,0
1,30,778,113,2,0,1,30000,0,123,2024,5,24,7,37,12,4,30,18,46,1,1,1,1,7,9,22,0,0,14,9,30,70,5,2,1,65,55,13,61,31,0,11,0,1,0,11,0,10,0,40,0,3,0,2,0,2,0,4,2,35.731747222222225,139.87554055555557,6,3,9999,0,9,0
1,30,778,118,2,0,1,30000,0,123,2024,5,29,12,55,12,4,28,18,50,1,1,1,1,1,9,22,0,0,15,9,30,70,4,2,1,45,65,14,61,31,0,11,0,1,0,11,0,3,0,10,0,3,0,2,0,2,0,4,2,35.72259861111111,139.88089333333335,4,3,9999,0,1,0
1,30,778,120,2,0,1,30000,0,123,2024,5,29,15,57,12,4,28,18,50,1,1,1,1,7,9,22,0,0,14,9,30,70,5,3,1,1,1,51,61,41,0,0,0,0,0,0,0,0,0,10,0,3,0,0,0,0,0,4,2,35.73858611111111,139.88697777777776,4,3,0,0,0,0
1,30,778,122,2,0,1,30000,0,123,2024,5,31,7,18,12,4,27,18,51,3,1,2,14,7,0,0,0,0,3,9,1,70,5,2,1,65,1,4,61,31,0,1,0,1,0,11,0,2,0,10,0,3,0,2,0,2,0,4,2,35.7330975,139.88232055555557,6,3,9999,0,9,0
1,30,779,114,2,0,1,30000,0,123,2024,4,20,16,33,12,5,2,18,19,1,1,1,1,1,9,22,0,0,15,9,30,1,4,2,1,35,75,3,61,31,0,1,0,1,0,11,0,2,0,20,0,3,0,2,0,2,0,4,2,35.665349722222224,139.86152444444443,7,3,9999,0,4,0
1,30,779,115,2,0,1,30000,0,123,2024,5,16,11,50,12,4,35,18,40,1,1,1,14,7,0,0,0,0,3,9,1,1,4,2,1,65,55,51,61,41,0,0,0,0,0,0,0,0,0,10,0,4,0,0,0,0,0,4,2,35.66321527777777,139.857135,5,3,0,0,0,0
1,30,779,117,2,0,1,10350,0,123,2024,5,17,20,20,22,4,34,18,41,1,1,1,14,7,0,0,0,0,3,9,1,70,1,1,1,1,65,51,61,41,0,0,0,0,0,0,0,0,0,10,0,4,0,0,0,0,0,4,2,35.66912722222222,139.86330666666666,6,3,0,0,0,0
1,30,779,120,2,0,1,30000,0,123,2024,5,24,10,15,12,4,30,18,46,1,1,1,14,7,0,0,0,0,3,7,1,70,5,1,1,25,75,51,61,41,0,0,0,0,0,0,0,0,0,10,0,4,0,0,0,0,0,4,2,35.654217777777774,139.85836055555555,6,3,0,0,0,0
1,30,779,123,2,0,1,30000,0,123,2024,4,27,19,30,22,4,53,18,24,2,1,1,1,1,9,22,0,0,15,9,30,70,4,2,1,1,1,51,61,41,0,0,0,0,0,0,0,0,0,10,0,3,0,0,0,0,0,4,2,35.68377472222222,139.86492583333333,7,3,0,0,0,0
1,30,876,148,2,0,1,10480,0,201,2024,3,11,17,30,13,5,57,17,45,1,1,1,14,7,0,0,0,0,5,9,1,70,1,2,1,25,45,51,61,41,0,0,0,0,0,0,0,0,0,20,0,3,0,0,0,0,0,4,2,35.62844583333333,139.38976527777777,2,3,0,0,0,0
1,30,876,156,2,0,1,161,0,201,2024,5,11,16,40,12,4,39,18,36,1,2,1,1,1,9,22,0,0,18,9,30,70,5,2,1,55,55,3,61,31,0,1,0,1,0,11,0,4,0,10,0,3,0,2,0,2,0,4,2,35.647018333333335,139.3524686111111,7,3,9999,0,9,0
1,30,877,149,2,0,1,30000,0,201,2024,5,9,5,25,11,4,41,18,34,2,2,1,1,7,9,22,0,0,14,9,30,70,4,2,1,1,45,51,61,41,0,0,0,0,0,0,0,0,0,10,0,3,0,0,0,0,0,2,4,35.64129805555555,139.2848825,5,3,0,0,0,0
1,30,877,150,2,0,1,20740,0,201,2024,5,2,7,50,12,4,48,18,29,1,2,1,1,1,0,0,0,0,15,9,30,70,4,2,1,1,0,61,0,0,0,0,0,0,0,0,0,0,0,0,0,0,0,0,0,0,0,2,0,35.661735,139.2840136111111,5,2,0,0,0,0
1,30,877,152,2,0,1,30000,0,201,2024,5,13,2,20,22,4,38,18,38,3,1,2,14,7,0,0,0,0,2,9,1,70,1,2,1,35,25,3,61,31,0,1,0,1,0,11,0,4,0,10,0,4,0,2,0,2,0,4,2,35.637879166666664,139.30506333333335,2,3,9999,0,5,0
1,30,877,163,2,0,1,30000,0,201,2024,5,25,7,35,12,4,29,18,47,1,2,1,14,7,0,0,0,0,2,9,1,70,5,3,1,25,65,51,61,41,0,0,0,0,0,0,0,0,0,10,0,3,0,0,0,0,0,4,2,35.652411666666666,139.3091077777778,7,3,0,0,0,0
1,30,877,172,2,0,1,99000,0,201,2024,5,27,16,45,12,4,28,18,48,2,1,1,0,7,0,0,0,0,0,0,20,70,0,4,1,45,75,4,61,31,0,1,0,1,0,11,0,10,0,20,0,3,0,2,0,2,0,4,2,35.65161444444444,139.29021694444444,2,3,9999,0,1,0
1,30,878,166,2,0,1,10570,0,224,2024,5,1,19,30,22,4,49,18,28,3,1,2,14,7,0,0,0,0,6,9,1,70,1,1,1,45,55,51,61,41,0,0,0,0,0,0,0,0,0,40,0,4,0,0,0,0,0,4,2,35.64991888888889,139.45421166666665,4,3,0,0,0,0
1,30,878,168,2,0,1,30000,0,225,2024,5,2,14,55,12,4,48,18,29,1,1,1,14,7,0,0,0,0,3,9,1,70,4,2,1,25,55,3,61,31,0,1,0,1,0,11,0,3,0,10,0,3,0,2,0,2,0,4,2,35.649701388888886,139.48914638888888,5,2,9999,0,1,0
1,30,878,180,2,0,1,30000,0,224,2024,5,14,17,23,12,4,37,18,38,1,3,1,14,7,0,0,0,0,3,9,1,70,4,1,1,55,55,35,61,31,0,0,0,0,0,11,0,3,0,10,0,3,0,0,0,0,0,4,2,35.62349583333334,139.44362,3,3,9999,0,9,0
1,30,878,185,2,0,1,10510,0,225,2024,5,15,20,0,22,4,36,18,39,3,2,2,1,1,9,22,0,0,18,9,30,70,1,2,1,45,55,3,61,31,0,1,0,1,0,11,0,4,0,10,0,3,0,2,0,2,0,4,2,35.64251083333333,139.50890583333333,4,3,9999,0,1,0
1,30,878,199,2,0,1,30000,0,224,2024,5,22,14,28,12,4,31,18,45,1,3,1,1,7,9,22,0,0,18,9,30,70,1,2,1,55,55,13,61,31,0,11,0,1,0,11,0,4,0,30,0,3,0,2,0,2,0,4,2,35.6330275,139.4475225,4,3,9999,0,9,0
1,30,879,172,2,0,1,30000,0,223,2024,4,12,19,0,21,5,12,18,12,2,2,1,14,7,0,0,0,0,2,9,1,70,5,3,1,45,25,14,61,1,0,11,0,1,0,11,0,2,0,10,0,3,0,2,0,2,0,4,2,35.73565111111111,139.40412,6,3,9999,0,9,0
1,30,879,205,2,0,1,30000,0,202,2024,5,22,21,40,22,4,31,18,45,1,2,1,1,1,9,22,0,0,15,9,30,70,4,2,1,55,25,3,61,31,0,1,0,1,0,11,0,2,0,10,0,3,0,2,0,2,0,4,2,35.733733055555554,139.39689555555555,4,3,9999,0,9,0
1,30,880,100,2,0,1,21330,0,205,2024,5,15,14,40,12,4,36,18,39,1,2,1,7,7,0,0,0,0,3,9,1,70,4,1,1,45,75,3,61,31,0,1,0,1,0,11,0,10,0,10,0,4,0,2,0,2,0,4,2,35.78466944444444,139.2857813888889,4,3,9999,0,1,0
1,30,880,101,2,0,1,30000,0,205,2024,5,16,12,15,12,4,35,18,40,1,3,1,14,7,0,0,0,0,3,9,1,70,4,2,1,35,75,3,61,31,0,1,0,1,0,11,0,10,0,40,0,3,0,2,0,2,0,4,2,35.785356388888886,139.28442944444444,5,3,9999,0,1,0
1,30,880,102,2,0,2,99000,0,205,2024,5,18,12,50,12,4,34,18,42,1,3,1,0,7,0,0,0,0,0,0,20,70,0,2,1,75,55,3,61,31,0,1,0,1,0,11,0,10,0,30,0,2,0,2,0,2,0,4,2,35.79260138888889,139.30282666666668,7,3,254,0,9,0
1,30,881,59,2,0,1,20000,0,305,2024,5,1,20,14,22,4,49,18,28,3,2,2,1,1,9,22,0,0,15,9,30,70,4,2,1,35,45,4,61,31,0,1,0,1,0,11,0,3,0,10,0,3,0,2,0,2,0,4,2,35.7334775,139.2754602777778,4,3,9999,0,1,0
1,30,882,137,2,0,1,30000,0,218,2024,5,3,8,20,12,4,47,18,29,1,1,1,14,7,0,0,0,0,3,9,1,70,4,4,1,1,65,36,61,31,0,0,0,0,0,11,0,2,0,10,0,3,0,0,0,0,0,4,2,35.74923805555556,139.33182861111112,6,1,9999,0,1,0
1,30,882,141,2,0,1,30000,0,227,2024,5,10,7,35,12,4,40,18,35,1,1,1,7,7,0,0,0,0,4,9,1,70,4,2,1,35,45,36,61,31,0,0,0,0,0,11,0,2,0,10,0,3,0,0,0,0,0,4,2,35.77466472222222,139.32379416666666,6,3,9999,0,9,0
1,30,882,144,2,0,1,30000,0,227,2024,5,17,7,20,12,4,34,18,41,1,2,1,14,7,0,0,0,0,2,9,1,70,4,2,1,25,65,3,61,31,0,1,0,1,0,11,0,10,0,80,0,2,0,2,0,2,0,4,2,35.75841833333333,139.31778527777777,6,3,9999,0,1,0