資料区分,都道府県コード,警察署等コード,本票番号,事故内容,死者数,負傷者数,路線コード,地点コード,市区町村コード,発生日時　　年,発生日時　　月,発生日時　　日,発生日時　　時,発生日時　　分,昼夜,日の出時刻　　時,日の出時刻　　分,日の入り時刻　　時,日の入り時刻　　分,天候,地形,路面状態,道路形状,信号機,一時停止規制　標識（当事者A）,一時停止規制　表示（当事者A）,一時停止規制　標識（当事者B）,一時停止規制　表示（当事者B）,車道幅員,道路線形,衝突地点,ゾーン規制,中央分離帯施設等,歩車道区分,事故類型,年齢（当事者A）,年齢（当事者B）,当事者種別（当事者A）,当事者種別（当事者B）,用途別（当事者A）,用途別（当事者B）,車両形状等（当事者A）,車両形状等（当事者B）,オートマチック車（当事者A）,オートマチック車（当事者B）,サポカー（当事者A）,サポカー（当事者B）,速度規制（指定のみ）（当事者A）,速度規制（指定のみ）（当事者B）,車両の衝突部位（当事者A）,車両の衝突部位（当事者B）,車両の損壊程度（当事者A）,車両の損壊程度（当事者B）,エアバッグの装備（当事者A）,エアバッグの装備（当事者B）,サイドエアバッグの装備（当事者A）,サイドエアバッグの装備（当事者B）,人身損傷程度（当事者A）,人身損傷程度（当事者B）,lat,lon,曜日(発生年月日),祝日(発生年月日),認知機能検査経過日数（当事者A）,認知機能検査経過日数（当事者B）,運転練習の方法（当事者A）,運転練習の方法（当事者B）
1,30,882,145,2,0,1,95000,0,227,2024,5,18,0,40,22,4,34,18,42,2,1,5,0,7,0,0,0,0,0,0,20,70,0,4,1,55,75,3,61,31,0,1,0,2,0,11,0,10,0,30,0,3,0,2,0,2,0,4,2,35.766481666666664,139.31324472222224,7,3,9999,0,9,0
1,30,882,147,2,0,1,30000,0,218,2024,2,29,18,55,22,6,12,17,35,3,1,2,1,1,9,22,0,0,15,9,30,70,5,1,1,45,45,3,61,31,0,1,0,1,0,11,0,3,0,40,0,4,0,2,0,2,0,4,2,35.73642027777778,139.3336363888889,5,3,9999,0,9,0
1,30,882,148,2,0,1,99000,0,227,2024,5,11,14,30,12,4,39,18,36,1,1,1,0,7,0,0,0,0,0,0,20,70,0,4,1,55,45,3,61,31,0,1,0,1,0,11,0,10,0,20,0,4,0,2,0,2,0,4,2,35.768071388888885,139.31127222222224,7,3,9999,0,9,0
1,30,882,150,2,0,1,30000,0,218,2024,5,19,13,20,12,4,33,18,42,3,1,1,1,7,9,22,0,0,15,9,30,70,4,1,1,45,75,4,61,31,0,1,0,1,0,11,0,3,0,40,0,4,0,2,0,2,0,4,2,35.752610833333335,139.32332416666665,1,3,9999,0,9,0
1,30,882,156,2,0,1,30000,0,218,2024,5,9,17,20,12,4,41,18,34,1,1,1,14,7,0,0,0,0,2,9,1,70,5,3,1,65,25,3,61,31,0,1,0,1,0,11,0,2,0,10,0,4,0,2,0,2,0,4,2,35.75074583333333,139.32190833333334,5,3,9999,0,9,0
1,30,882,157,2,0,1,30000,0,218,2024,3,30,16,40,12,5,30,18,1,1,2,1,14,7,0,0,0,0,3,9,1,70,5,3,1,35,0,61,0,0,0,0,0,0,0,0,0,0,0,0,0,0,0,0,0,0,0,2,0,35.72649638888889,139.33797583333333,7,3,0,0,0,0
1,30,882,158,2,0,1,30000,0,218,2024,5,18,16,50,12,4,34,18,42,1,1,1,14,7,0,0,0,0,1,9,1,70,5,3,1,35,55,3,61,31,0,1,0,1,0,11,0,2,0,80,0,3,0,2,0,2,0,4,2,35.72896888888889,139.34004555555558,7,3,9999,0,1,0
1,30,882,159,2,0,1,30000,0,227,2024,5,27,15,45,12,4,28,18,48,2,1,1,1,7,1,21,0,0,15,9,30,70,5,3,1,75,35,4,61,31,0,1,0,1,0,1,0,5,0,10,0,4,0,2,0,2,0,4,2,35.77408777777778,139.30122611111113,2,3,937,0,9,0
1,30,882,162,2,0,1,30000,0,227,2024,5,22,19,50,22,4,31,18,45,1,2,1,1,1,9,22,0,0,15,9,30,70,4,2,1,75,25,14,61,1,0,11,0,1,0,11,0,3,0,10,0,3,0,2,0,2,0,4,2,35.78009138888889,139.2994061111111,4,3,351,0,9,0
1,30,882,164,2,0,1,30000,0,218,2024,5,31,16,10,12,4,27,18,51,2,2,1,1,1,9,22,0,0,14,9,30,70,5,2,1,1,75,3,61,31,0,1,0,1,0,11,0,2,0,10,0,3,0,2,0,2,0,4,2,35.72326944444445,139.34374111111111,6,3,9999,0,5,0
1,30,882,167,2,0,1,30000,0,227,2024,4,23,14,20,12,4,58,18,21,3,1,2,14,7,0,0,0,0,2,9,1,70,4,2,1,1,0,61,0,0,0,0,0,0,0,0,0,0,0,0,0,0,0,0,0,0,0,2,0,35.759795,139.32913638888888,3,3,0,0,0,0
1,30,882,168,2,0,1,30000,0,228,2024,4,15,7,45,12,5,8,18,14,1,2,1,14,7,0,0,0,0,1,9,1,70,5,4,1,35,45,51,61,41,0,0,0,0,0,0,0,0,0,10,0,3,0,0,0,0,0,2,4,35.72732805555556,139.28829222222222,2,3,0,0,0,0
1,30,883,182,2,0,1,160,0,201,2024,5,1,19,47,22,4,49,18,28,3,1,2,1,1,9,22,0,0,18,9,30,70,1,2,1,25,45,3,61,31,0,1,0,1,0,11,0,10,0,10,0,3,0,2,0,2,0,4,2,35.67167972222222,139.3315086111111,4,3,9999,0,1,0
1,30,883,188,2,0,1,30000,0,201,2024,5,8,8,5,12,4,42,18,34,1,1,1,14,7,0,0,0,0,2,9,1,70,5,1,1,45,1,51,61,41,0,0,0,0,0,0,0,0,0,10,0,3,0,0,0,0,0,4,2,35.65756333333333,139.3452127777778,4,3,0,0,0,0
1,30,883,199,2,0,1,30000,0,201,2024,5,14,8,30,12,4,37,18,38,1,1,1,14,7,0,0,0,0,1,9,1,70,5,4,1,1,55,51,61,41,0,0,0,0,0,0,0,0,0,12,0,3,0,0,0,0,0,4,2,35.66162944444444,139.31005305555556,3,3,0,0,0,0
1,30,883,204,2,0,1,30000,0,201,2024,5,19,7,55,12,4,33,18,42,2,1,1,14,7,0,0,0,0,2,9,1,70,5,3,1,65,75,4,61,31,0,1,0,1,0,11,0,10,0,80,0,3,0,2,0,2,0,4,2,35.69064333333333,139.2919777777778,1,3,34,0,9,0
1,30,883,205,2,0,1,30000,0,201,2024,4,26,19,30,22,4,55,18,24,1,2,1,1,7,9,22,0,0,11,9,30,70,5,3,1,65,45,13,61,31,0,11,0,1,0,11,0,2,0,10,0,3,0,2,0,2,0,4,2,35.653369999999995,139.3387027777778,6,3,9999,0,9,0
1,30,883,207,2,0,1,10460,0,201,2024,5,16,12,50,12,4,35,18,40,1,2,1,1,1,9,22,0,0,15,9,30,70,4,2,1,55,75,36,61,31,0,0,0,0,0,11,0,2,0,10,0,3,0,0,0,0,0,4,2,35.676249166666665,139.31266583333334,5,3,9999,0,9,0
1,30,883,208,2,0,1,30000,0,201,2024,4,4,14,15,12,5,23,18,5,1,1,1,14,7,0,0,0,0,1,9,1,70,5,4,1,65,55,4,61,31,0,1,0,1,0,11,0,5,0,20,0,4,0,2,0,2,0,4,2,35.668837777777775,139.33843472222222,5,3,9999,0,9,0
1,30,883,214,2,0,1,30000,0,201,2024,5,25,21,30,22,4,29,18,47,1,1,1,1,7,9,22,0,0,11,9,30,70,5,2,1,45,45,4,61,31,0,1,0,1,0,11,0,10,0,30,0,3,0,2,0,2,0,4,2,35.658344444444445,139.33840333333333,7,3,9999,0,5,0
1,30,883,216,2,0,1,160,0,201,2024,5,27,4,57,11,4,28,18,48,2,2,1,14,7,0,0,0,0,3,7,1,70,4,2,1,55,1,4,61,31,0,1,0,1,0,11,0,4,0,20,0,3,0,2,0,2,0,4,2,35.649947777777776,139.33428500000002,2,3,9999,0,9,0
1,30,883,219,2,0,1,30000,0,201,2024,3,17,15,30,12,5,49,17,50,1,2,1,7,1,0,0,0,0,2,9,1,70,5,3,1,1,55,4,61,31,0,1,0,1,0,11,0,2,0,40,0,4,0,2,0,2,0,4,2,35.68666916666666,139.30502555555557,1,3,9999,0,1,0
1,30,883,221,2,0,1,20730,0,201,2024,5,29,8,30,12,4,28,18,50,2,1,1,1,1,9,22,0,0,14,9,30,70,4,2,1,65,45,4,61,31,0,1,0,1,0,11,0,3,0,20,0,3,0,2,0,2,0,4,2,35.662085,139.31136444444445,4,3,9999,0,9,0
1,30,884,258,2,0,1,30000,0,209,2023,12,7,15,0,12,6,37,16,28,1,1,1,1,7,8,22,0,0,11,9,30,70,5,4,1,55,45,4,61,31,0,1,0,1,0,11,0,5,0,40,0,3,0,2,0,2,0,4,2,35.5906925,139.4507886111111,5,3,9999,0,9,0
1,30,884,263,2,0,1,30000,0,209,2024,5,1,18,21,13,4,49,18,28,3,2,2,14,7,0,0,0,0,2,9,1,70,5,2,1,55,45,3,61,31,0,1,0,1,0,11,0,3,0,50,0,3,0,2,0,2,0,4,2,35.539071944444444,139.44822055555557,4,3,9999,0,9,0
1,30,884,264,2,0,1,30000,0,209,2024,5,1,19,29,22,4,49,18,28,3,1,2,1,1,9,22,0,0,15,9,30,70,5,2,1,45,55,3,61,31,0,1,0,1,0,11,0,5,0,10,0,3,0,2,0,2,0,4,2,35.57073416666667,139.43849500000002,4,3,9999,0,1,0
1,30,884,272,2,0,1,99000,0,209,2024,5,8,14,50,12,4,42,18,34,2,1,1,0,7,0,0,0,0,0,0,20,70,0,4,1,65,75,3,61,31,0,1,0,1,0,11,0,2,0,10,0,3,0,2,0,2,0,4,2,35.54228333333333,139.46578277777778,4,3,9999,0,9,0
1,30,884,273,2,0,1,30000,0,209,2024,5,8,19,25,21,4,42,18,34,3,2,2,1,7,1,22,0,0,11,9,30,70,5,2,1,55,55,14,61,31,0,11,0,1,0,11,0,2,0,10,0,3,0,2,0,2,0,4,2,35.54861722222222,139.45449166666666,4,3,9999,0,9,0
1,30,884,276,2,0,1,10610,0,209,2024,5,9,14,50,12,4,41,18,34,1,2,1,1,1,9,22,0,0,14,3,30,70,4,2,1,65,1,3,61,31,0,1,0,1,0,11,0,3,0,50,0,3,0,2,0,2,0,4,2,35.572920833333335,139.45967472222222,5,3,9999,0,9,0
1,30,884,278,2,0,1,30000,0,209,2024,5,10,8,7,12,4,40,18,35,1,1,1,13,7,0,0,0,0,2,2,1,70,5,4,1,35,75,3,61,31,0,1,0,1,0,11,0,10,0,50,0,3,0,2,0,2,0,4,2,35.58264888888889,139.44589694444446,6,3,9999,0,1,0
1,30,884,286,2,0,1,30000,0,209,2024,3,22,12,45,12,5,42,17,55,1,1,1,14,7,0,0,0,0,2,9,1,70,5,4,1,45,55,3,61,31,0,1,0,1,0,11,0,1,0,10,0,3,0,2,0,2,0,4,2,35.54194694444444,139.44736472222223,6,3,9999,0,1,0
1,30,884,290,2,0,1,30000,0,209,2024,5,15,7,25,12,4,36,18,39,1,1,1,14,7,0,0,0,0,4,9,1,70,4,1,1,1,65,51,61,41,0,0,0,0,0,0,0,0,0,10,0,3,0,0,0,0,0,4,2,35.55748666666666,139.4544058333333,4,3,0,0,0,0
1,30,884,292,2,0,1,30000,0,209,2024,5,15,15,30,12,4,36,18,39,2,1,1,1,1,9,22,0,0,18,9,30,70,1,2,1,75,1,3,61,31,0,1,0,1,0,11,0,3,0,80,0,3,0,2,0,2,0,4,2,35.57770361111111,139.42093944444443,4,3,418,0,9,0
1,30,884,297,2,0,1,30000,0,209,2024,5,18,16,53,12,4,34,18,42,1,1,1,1,7,9,22,0,0,11,9,30,70,5,4,1,55,1,3,61,31,0,1,0,1,0,11,0,2,0,10,0,3,0,2,0,2,0,4,2,35.54847722222222,139.45917055555554,7,3,9999,0,9,0
1,30,884,303,2,0,1,30000,0,209,2024,4,27,23,47,22,4,53,18,24,1,1,1,14,7,0,0,0,0,3,9,1,70,5,3,1,1,35,3,61,31,0,1,0,1,0,11,0,2,0,40,0,3,0,2,0,2,0,4,2,35.544691388888886,139.44618194444445,7,3,9999,0,1,0
1,30,884,309,2,0,1,30000,0,209,2024,5,23,7,39,12,4,31,18,45,1,1,1,7,7,0,0,0,0,3,9,1,70,4,3,1,75,1,4,61,31,0,1,0,1,0,11,0,3,0,10,0,3,0,2,0,2,0,4,2,35.56520638888889,139.46263333333332,5,3,9999,0,9,0
1,30,884,312,2,0,1,30000,0,209,2024,5,25,13,40,12,4,29,18,47,2,1,1,7,7,0,0,0,0,1,9,1,70,5,3,1,25,1,3,61,31,0,1,0,1,0,11,0,2,0,10,0,3,0,2,0,2,0,4,2,35.58099944444445,139.49523916666666,7,3,9999,0,1,0
1,30,884,316,2,0,1,30000,0,209,2024,4,27,1,35,22,4,53,18,24,1,1,1,14,7,0,0,0,0,1,9,1,70,5,4,1,25,1,3,61,31,0,1,0,1,0,11,0,5,0,20,0,3,0,2,0,2,0,4,2,35.5411675,139.4489377777778,7,3,9999,0,1,0
1,30,884,319,2,0,1,30000,0,209,2024,5,29,9,32,12,4,28,18,50,1,1,1,14,7,0,0,0,0,3,9,1,70,4,2,1,55,1,4,61,31,0,1,0,1,0,11,0,3,0,10,0,3,0,2,0,2,0,4,2,35.549058055555555,139.47192527777779,4,3,9999,0,9,0
1,30,884,330,2,0,1,10490,0,209,2024,5,24,20,10,22,4,30,18,46,1,2,1,7,1,0,0,0,0,4,9,1,70,5,1,1,45,25,3,61,31,0,1,0,1,0,11,0,3,0,30,0,3,0,2,0,2,0,4,2,35.58584861111111,139.3948736111111,6,3,9999,0,9,0
1,30,885,105,2,0,1,30000,0,212,2024,5,11,17,25,12,4,39,18,36,1,1,1,14,7,0,0,0,0,2,9,1,70,5,4,1,35,1,14,61,1,0,11,0,1,0,11,0,2,0,80,0,3,0,2,0,2,0,4,2,35.64751166666667,139.38923444444444,7,3,9999,0,1,0
1,30,885,106,2,0,1,30000,0,212,2024,5,13,22,45,22,4,38,18,38,3,1,2,1,1,9,22,0,0,15,9,30,70,4,2,1,55,35,3,61,31,0,1,0,1,0,11,0,4,0,10,0,3,0,2,0,2,0,4,2,35.65743805555555,139.36803500000002,2,3,9999,0,9,0
1,30,885,107,2,0,1,10510,0,212,2024,5,15,19,55,22,4,36,18,39,3,1,2,1,7,9,22,0,0,15,9,30,70,4,2,1,35,65,3,61,31,0,1,0,1,0,11,0,3,0,10,0,3,0,2,0,2,0,4,2,35.65721138888889,139.42901055555555,4,3,9999,0,5,0
1,30,885,113,2,0,1,10510,0,212,2024,5,20,10,30,12,4,32,18,43,2,2,1,1,7,9,22,0,0,14,9,30,70,4,2,1,65,75,3,61,31,0,1,0,1,0,11,0,10,0,10,0,4,0,2,0,2,0,4,2,35.65899722222222,139.4174672222222,2,3,9999,0,9,0
1,30,885,114,2,0,1,99000,0,212,2024,5,21,14,15,12,4,32,18,44,1,1,1,0,7,0,0,0,0,0,0,20,70,0,4,1,45,25,4,61,31,0,1,0,1,0,11,0,10,0,30,0,3,0,2,0,2,0,4,2,35.66278194444444,139.4055177777778,3,3,9999,0,1,0
1,30,885,118,2,0,1,30000,0,212,2024,5,26,19,45,21,4,29,18,48,1,1,1,7,1,0,0,0,0,4,9,1,70,4,2,1,75,55,4,61,31,0,1,0,1,0,11,0,2,0,20,0,3,0,2,0,2,0,4,2,35.671660277777775,139.39361305555556,1,3,667,0,9,0
1,30,886,125,2,0,1,30000,0,207,2024,5,2,7,50,12,4,48,18,29,1,2,1,1,7,8,22,0,0,14,9,30,70,4,2,1,55,1,3,61,31,0,1,0,1,0,11,0,2,0,40,0,3,0,2,0,2,0,4,2,35.71646194444445,139.34984,5,2,9999,0,9,0
1,30,886,130,2,0,1,21300,0,207,2024,5,11,14,50,12,4,39,18,36,1,1,1,7,1,0,0,0,0,1,9,1,70,4,2,1,75,0,61,0,0,0,0,0,0,0,0,0,0,0,0,0,0,0,0,0,0,0,2,0,35.71453527777778,139.37159833333334,7,3,0,0,0,0
1,30,886,137,2,0,1,30000,0,207,2024,5,17,9,0,12,4,34,18,41,1,1,1,14,7,0,0,0,0,3,9,1,70,4,1,1,45,75,4,61,31,0,1,0,1,0,11,0,3,0,50,0,3,0,2,0,2,0,4,2,35.72074111111111,139.36635222222222,6,3,9999,0,9,0
1,30,886,138,2,0,1,21300,0,207,2024,5,17,19,45,22,4,34,18,41,1,1,1,1,1,9,22,0,0,15,9,30,70,5,1,1,55,55,4,61,31,0,1,0,1,0,11,0,3,0,50,0,3,0,2,0,2,0,4,2,35.721588611111116,139.37296555555557,6,3,9999,0,1,0
1,30,886,142,2,0,1,99000,0,207,2024,5,21,12,30,12,4,32,18,44,1,2,1,0,7,0,0,0,0,0,0,20,70,0,4,1,65,45,3,61,31,0,1,0,1,0,11,0,10,0,50,0,4,0,2,0,2,0,4,2,35.70109472222222,139.34845944444444,3,3,9999,0,9,0
1,30,886,144,2,0,2,21150,0,207,2024,5,25,9,30,12,4,29,18,47,2,2,1,14,7,0,0,0,0,2,8,1,70,4,1,1,1,65,51,61,41,0,0,0,0,0,0,0,0,0,10,0,3,0,0,0,0,0,2,2,35.7037275,139.37769333333335,7,3,0,0,0,0
1,30,887,234,2,0,1,99000,0,202,2024,5,1,15,15,12,4,49,18,28,3,2,2,0,7,0,0,0,0,0,0,20,70,0,4,1,55,25,12,61,1,0,11,0,1,0,11,0,10,0,10,0,3,0,2,0,2,0,4,2,35.71530638888889,139.41372,4,3,9999,0,9,0
1,30,887,239,2,0,1,30000,0,215,2024,5,8,15,40,12,4,42,18,34,2,1,1,14,7,0,0,0,0,2,9,1,70,5,3,1,45,1,13,61,31,0,11,0,1,0,11,0,2,0,10,0,3,0,2,0,2,0,4,2,35.68435583333333,139.4425525,4,3,9999,0,1,0
1,30,887,247,2,0,1,30000,0,202,2024,4,26,16,20,12,4,55,18,24,1,1,1,14,7,0,0,0,0,4,9,1,70,4,1,1,1,75,51,61,41,0,0,0,0,0,0,0,0,0,40,0,4,0,0,0,0,0,4,2,35.69522472222222,139.42623361111112,6,3,0,0,0,0
1,30,887,250,2,0,1,20000,0,215,2024,5,14,16,50,12,4,37,18,38,1,1,1,1,1,9,22,0,0,15,9,30,70,4,3,1,55,1,3,61,31,0,1,0,1,0,11,0,3,0,50,0,3,0,2,0,2,0,4,2,35.69955083333333,139.429465,3,3,9999,0,9,0
1,30,887,262,2,0,1,30000,0,202,2024,5,18,11,40,12,4,34,18,42,1,1,1,14,7,0,0,0,0,3,9,1,70,4,2,1,55,55,51,61,41,0,0,0,0,0,0,0,0,0,20,0,3,0,0,0,0,0,4,2,35.72213527777778,139.43538222222222,7,3,0,0,0,0
1,30,887,267,2,0,1,30000,0,215,2024,5,22,10,0,12,4,31,18,45,1,1,1,1,7,9,22,0,0,11,9,30,70,5,2,1,75,45,4,61,31,0,1,0,1,0,11,0,2,0,10,0,3,0,2,0,2,0,4,2,35.68677972222222,139.42718777777776,4,3,147,0,9,0
1,30,887,278,2,0,1,10550,0,202,2024,5,28,19,58,22,4,28,18,49,3,1,2,1,1,9,22,0,0,15,9,30,70,4,2,1,55,1,3,61,31,0,1,0,1,0,11,0,3,0,20,0,3,0,2,0,2,0,4,2,35.69233361111111,139.39263777777776,3,3,9999,0,9,0
1,30,887,282,2,0,1,20000,0,215,2024,5,30,14,40,12,4,27,18,50,1,1,1,1,1,0,0,0,0,15,9,30,70,4,2,1,1,0,61,0,0,0,0,0,0,0,0,0,0,0,0,0,0,0,0,0,0,0,2,0,35.693706111111105,139.43643722222222,5,3,0,0,0,0
1,30,887,291,2,0,1,10540,0,202,2024,5,30,13,50,12,4,27,18,50,1,1,1,14,7,0,0,0,0,3,9,1,70,1,2,1,65,55,51,61,41,0,0,0,0,0,0,0,0,0,40,0,3,0,0,0,0,0,4,2,35.727178611111114,139.41797833333334,5,3,0,0,0,0
1,30,888,93,2,0,1,30000,0,206,2024,5,8,9,10,12,4,42,18,34,1,1,1,14,7,0,0,0,0,3,9,1,1,5,3,1,1,25,51,61,41,0,0,0,0,0,0,0,0,0,10,0,3,0,0,0,0,0,4,2,35.679064999999994,139.47809555555557,4,3,0,0,0,0
1,30,888,96,2,0,1,200,300,206,2024,5,10,15,30,12,4,40,18,35,1,1,1,1,1,9,22,0,0,18,9,30,70,5,1,1,65,1,3,61,31,0,1,0,1,0,11,0,4,0,10,0,3,0,2,0,2,0,4,2,35.672740555555556,139.484085,6,3,9999,0,9,0
1,30,888,105,2,0,1,200,289,206,2024,5,17,8,45,12,4,34,18,41,1,1,1,7,7,0,0,0,0,5,9,1,70,4,1,1,35,45,51,61,41,0,0,0,0,0,0,0,0,0,40,0,4,0,0,0,0,0,4,2,35.670476944444445,139.49674249999998,6,3,0,0,0,0
1,30,888,107,2,0,1,10750,0,206,2024,5,28,17,15,12,4,28,18,49,3,1,2,14,7,0,0,0,0,2,9,1,70,1,2,1,75,1,3,61,31,0,1,0,1,0,11,0,4,0,10,0,2,0,2,0,2,0,4,2,35.68821833333333,139.4922858333333,3,3,655,0,9,0
1,30,888,115,2,0,1,20000,0,206,2024,5,31,14,42,12,4,27,18,51,2,1,1,14,7,0,0,0,0,2,9,1,70,5,3,1,75,35,4,61,31,0,1,0,1,0,11,0,2,0,40,0,3,0,2,0,2,0,4,2,35.675605555555556,139.50661555555556,6,3,88,0,9,0
1,30,889,114,1,1,0,99000,0,210,2024,5,11,17,22,12,4,39,18,36,1,1,1,0,7,0,0,0,0,0,0,20,70,0,4,1,35,75,3,61,31,0,1,0,1,0,11,0,10,0,50,0,4,0,2,0,2,0,4,1,35.68810444444444,139.49828944444442,7,3,9999,0,9,0
1,30,889,130,2,0,1,30000,0,214,2024,5,16,15,25,12,4,35,18,40,1,1,1,1,7,9,22,0,0,14,9,30,70,5,2,1,55,1,3,61,31,0,1,0,1,0,11,0,3,0,80,0,3,0,2,0,2,0,4,2,35.70505416666667,139.4772436111111,5,3,9999,0,9,0
1,30,889,132,2,0,1,30000,0,214,2024,5,31,8,35,12,4,27,18,51,3,1,2,7,7,0,0,0,0,2,9,1,70,5,3,1,1,25,51,61,41,0,0,0,0,0,0,0,0,0,10,0,4,0,0,0,0,0,4,2,35.71471638888889,139.46548416666664,6,3,0,0,0,0
1,30,889,133,2,0,1,30000,0,210,2024,5,25,11,5,12,4,29,18,47,1,1,1,14,7,0,0,0,0,1,9,1,70,5,3,1,65,45,3,61,31,0,1,0,1,0,11,0,10,0,80,0,4,0,2,0,2,0,4,2,35.700502500000006,139.5243741666667,7,3,9999,0,1,0
1,30,890,146,2,0,1,30000,0,229,2024,2,17,16,30,13,6,27,17,24,1,1,1,1,3,9,22,0,0,15,8,30,70,4,2,1,55,55,3,61,31,0,1,0,1,0,11,0,3,0,20,0,3,0,2,0,2,0,4,2,35.724227500000005,139.52981000000003,7,3,9999,0,9,0
1,30,890,147,2,0,1,21220,0,229,2024,3,28,18,48,21,5,33,17,59,3,1,2,1,1,9,22,0,0,19,9,30,70,1,2,1,1,1,3,61,31,0,1,0,1,0,11,0,4,0,10,0,3,0,2,0,2,0,4,2,35.751220277777776,139.559515,5,3,9999,0,1,0
1,30,890,154,2,0,1,20000,0,222,2024,5,5,20,30,22,4,45,18,31,1,1,1,1,1,9,22,0,0,15,9,30,70,5,2,1,55,65,3,61,31,0,1,0,1,0,11,0,3,0,50,0,3,0,2,0,2,0,4,2,35.759771388888886,139.51582972222224,1,1,9999,0,9,0
1,30,890,156,2,0,1,30000,0,222,2024,5,8,19,35,22,4,42,18,34,3,1,2,1,1,9,22,0,0,15,9,30,70,4,1,1,55,25,14,61,31,0,11,0,1,0,11,0,2,0,10,0,3,0,2,0,2,0,4,2,35.74655638888889,139.53153083333333,4,3,9999,0,9,0
1,30,890,162,2,0,1,20000,0,222,2024,4,24,19,55,22,4,57,18,22,3,1,2,1,1,9,22,0,0,15,9,30,70,4,2,1,55,55,3,61,31,0,1,0,1,0,11,0,3,0,10,0,3,0,2,0,2,0,4,2,35.76260972222222,139.53830277777777,4,3,9999,0,9,0
1,30,890,163,2,0,1,20000,0,229,2024,5,14,6,28,12,4,37,18,38,1,1,1,14,7,0,0,0,0,2,9,1,70,5,2,1,1,55,14,61,31,0,11,0,1,0,11,0,3,0,80,0,3,0,2,0,2,0,4,2,35.72194527777778,139.560225,3,3,9999,0,1,0
1,30,890,164,2,0,1,10250,0,229,2024,5,14,8,25,12,4,37,18,38,1,1,1,1,1,9,22,0,0,15,9,30,70,4,1,1,35,1,13,61,31,0,11,0,1,0,11,0,3,0,80,0,3,0,2,0,2,0,4,2,35.7320275,139.5545475,3,3,9999,0,5,0
1,30,890,165,2,0,1,30000,0,229,2024,3,11,13,54,12,5,57,17,45,1,1,1,14,7,0,0,0,0,2,9,1,70,4,2,1,45,75,17,61,1,0,11,0,1,0,11,0,10,0,10,0,3,0,2,0,2,0,4,2,35.74187444444445,139.5433936111111,2,3,9999,0,1,0
1,30,890,172,2,0,1,99000,0,222,2024,5,23,13,12,12,4,31,18,45,1,1,1,0,7,0,0,0,0,0,0,20,70,0,4,1,75,1,4,61,31,0,1,0,1,0,11,0,10,0,30,0,3,0,2,0,2,0,4,2,35.77159527777778,139.54433416666666,5,3,157,0,9,0
1,30,890,179,2,0,1,30000,0,222,2024,4,25,0,40,22,4,56,18,23,2,1,2,1,1,9,22,0,0,15,9,30,70,5,2,1,55,45,3,61,1,0,1,0,1,0,11,0,1,0,80,0,3,0,2,0,2,0,4,2,35.757485555555554,139.52772416666667,5,3,9999,0,9,0
1,30,890,182,2,0,1,30000,0,222,2024,5,29,23,20,22,4,28,18,50,1,1,1,1,1,9,22,0,0,15,9,30,70,5,2,1,25,1,4,61,31,0,1,0,1,0,11,0,2,0,10,0,3,0,2,0,2,0,4,2,35.756683611111114,139.50557361111112,4,3,9999,0,2,0
1,30,890,183,2,0,1,99000,0,222,2024,5,6,16,25,12,4,44,18,32,1,1,1,0,7,0,0,0,0,0,0,20,70,0,4,1,55,1,4,61,31,0,1,0,1,0,11,0,10,0,30,0,3,0,2,0,2,0,4,2,35.76668861111111,139.53937194444444,2,1,9999,0,9,0
1,30,890,185,2,0,1,30000,0,229,2024,4,21,15,50,12,5,1,18,19,1,1,1,14,7,0,0,0,0,2,9,1,70,5,3,1,55,45,3,61,31,0,1,0,1,0,11,0,2,0,40,0,3,0,2,0,2,0,4,2,35.721065555555555,139.5424525,1,3,9999,0,9,0
1,30,891,172,2,0,1,30000,0,213,2024,5,4,7,38,12,4,46,18,30,1,2,1,1,7,1,21,0,0,14,9,30,70,4,3,1,35,55,13,61,31,0,11,0,1,0,11,0,10,0,10,0,3,0,2,0,2,0,4,2,35.762004166666664,139.4651861111111,7,1,9999,0,5,0
1,30,891,174,2,0,1,30000,0,213,2024,3,29,16,30,12,5,32,18,0,1,2,1,14,7,0,0,0,0,3,9,1,70,5,3,1,75,35,3,61,31,0,1,0,1,0,11,0,2,0,40,0,3,0,2,0,2,0,4,2,35.777168333333336,139.49235305555555,6,3,116,0,1,0
1,30,891,184,2,0,1,99000,0,213,2024,5,13,16,38,12,4,38,18,38,3,1,2,0,7,0,0,0,0,0,0,20,70,0,4,1,45,55,3,61,31,0,1,0,1,0,11,0,10,0,30,0,3,0,2,0,2,0,4,2,35.75694277777778,139.46074805555554,2,3,9999,0,9,0
1,30,891,190,2,0,1,30000,0,213,2024,5,19,9,10,12,4,33,18,42,1,1,1,14,7,0,0,0,0,2,9,1,70,5,3,1,1,1,51,61,41,0,0,0,0,0,0,0,0,0,40,0,3,0,0,0,0,0,4,2,35.761741944444445,139.45548694444443,1,3,0,0,0,0
1,30,891,197,2,0,1,30000,0,213,2024,5,1,10,30,12,4,49,18,28,3,1,2,14,7,0,0,0,0,3,9,1,70,5,3,1,65,45,4,61,31,0,1,0,1,0,11,0,2,0,40,0,4,0,2,0,2,0,4,2,35.777815833333335,139.49493666666666,4,3,9999,0,9,0