資料区分,都道府県コード,警察署等コード,本票番号,事故内容,死者数,負傷者数,路線コード,地点コード,市区町村コード,発生日時　　年,発生日時　　月,発生日時　　日,発生日時　　時,発生日時　　分,昼夜,日の出時刻　　時,日の出時刻　　分,日の入り時刻　　時,日の入り時刻　　分,天候,地形,路面状態,道路形状,信号機,一時停止規制　標識（当事者A）,一時停止規制　表示（当事者A）,一時停止規制　標識（当事者B）,一時停止規制　表示（当事者B）,車道幅員,道路線形,衝突地点,ゾーン規制,中央分離帯施設等,歩車道区分,事故類型,年齢（当事者A）,年齢（当事者B）,当事者種別（当事者A）,当事者種別（当事者B）,用途別（当事者A）,用途別（当事者B）,車両形状等（当事者A）,車両形状等（当事者B）,オートマチック車（当事者A）,オートマチック車（当事者B）,サポカー（当事者A）,サポカー（当事者B）,速度規制（指定のみ）（当事者A）,速度規制（指定のみ）（当事者B）,車両の衝突部位（当事者A）,車両の衝突部位（当事者B）,車両の損壊程度（当事者A）,車両の損壊程度（当事者B）,エアバッグの装備（当事者A）,エアバッグの装備（当事者B）,サイドエアバッグの装備（当事者A）,サイドエアバッグの装備（当事者B）,人身損傷程度（当事者A）,人身損傷程度（当事者B）,lat,lon,曜日(発生年月日),祝日(発生年月日),認知機能検査経過日数（当事者A）,認知機能検査経過日数（当事者B）,運転練習の方法（当事者A）,運転練習の方法（当事者B）
1,30,891,205,2,0,1,10560,0,221,2024,5,28,11,55,12,4,28,18,49,3,1,2,1,1,9,22,0,0,11,9,30,70,5,2,1,45,35,3,61,31,0,1,0,1,0,11,0,2,0,10,0,3,0,2,0,2,0,4,2,35.77235972222222,139.51796472222225,3,3,9999,0,5,0
1,30,891,210,2,0,1,95000,0,213,2024,5,25,8,15,12,4,29,18,47,1,1,1,0,7,0,0,0,0,0,0,20,70,0,4,1,1,65,51,61,41,0,0,0,0,0,0,0,0,0,10,0,3,0,0,0,0,0,4,2,35.74235138888889,139.47401250000001,7,3,0,0,0,0
1,30,891,211,2,0,1,10000,0,213,2024,5,31,15,50,12,4,27,18,51,2,1,1,14,7,0,0,0,0,1,7,1,70,5,3,1,1,45,3,61,31,0,1,0,1,0,11,0,1,0,80,0,4,0,2,0,2,0,4,2,35.77800805555555,139.494635,6,3,9999,0,1,0
1,30,892,135,2,0,1,30000,0,203,2024,5,11,1,0,22,4,39,18,36,1,1,1,1,1,9,22,0,0,14,9,30,70,5,1,1,65,35,3,61,1,0,1,0,1,0,11,0,3,0,10,0,3,0,2,0,2,0,4,2,35.704615555555556,139.53452555555555,7,3,9999,0,9,0
1,30,892,136,2,0,1,30000,0,203,2024,5,11,7,40,12,4,39,18,36,1,1,1,14,7,0,0,0,0,3,9,1,70,5,2,1,45,25,3,61,31,0,1,0,1,0,11,0,5,0,10,0,3,0,2,0,2,0,4,2,35.70140916666667,139.54453194444443,7,3,9999,0,1,0
1,30,892,141,2,0,1,10600,0,203,2024,5,13,13,23,12,4,38,18,38,3,1,2,14,7,0,0,0,0,4,9,1,70,4,1,1,55,75,3,61,31,0,1,0,1,0,11,0,2,0,0,0,4,0,2,0,2,0,4,2,35.69611361111111,139.54671472222222,2,3,9999,0,9,0
1,30,892,150,2,0,1,30000,0,203,2024,5,20,18,3,13,4,32,18,43,1,1,1,14,7,0,0,0,0,2,9,1,70,5,3,1,45,1,4,61,31,0,1,0,1,0,11,0,10,0,10,0,3,0,2,0,2,0,4,2,35.71353611111111,139.58273277777778,2,3,9999,0,5,0
1,30,892,151,2,0,1,30000,0,203,2024,5,14,17,20,12,4,37,18,38,1,1,1,14,7,0,0,0,0,2,9,1,70,5,2,1,65,1,3,61,31,0,1,0,1,0,11,0,1,0,10,0,3,0,2,0,2,0,4,2,35.703293611111114,139.53474888888888,3,3,9999,0,9,0
1,30,892,153,2,0,1,20230,0,203,2024,4,15,23,55,22,5,8,18,14,1,1,1,1,1,9,22,0,0,15,9,30,70,4,2,1,35,1,3,61,31,0,1,0,1,0,11,0,3,0,10,0,3,0,2,0,2,0,4,2,35.70739888888889,139.57946527777779,2,3,9999,0,1,0
1,30,893,84,1,1,0,10750,0,204,2024,5,21,17,21,12,4,32,18,44,1,1,1,1,1,9,22,0,0,17,9,30,70,5,2,1,35,65,22,61,0,0,0,0,0,0,11,0,4,0,80,0,3,0,0,0,0,0,4,1,35.684355555555555,139.589,3,3,9999,0,5,0
1,30,893,86,2,0,1,30000,0,204,2024,5,2,14,50,12,4,48,18,29,1,1,1,7,7,0,0,0,0,4,9,1,70,5,1,1,45,1,51,61,41,0,0,0,0,0,0,0,0,0,10,0,3,0,0,0,0,0,4,2,35.69503555555555,139.55916222222223,5,2,0,0,0,0
1,30,893,88,2,0,1,30000,0,204,2024,4,16,7,50,12,5,7,18,15,1,1,1,14,7,0,0,0,0,3,9,1,70,5,3,1,35,1,51,61,41,0,0,0,0,0,0,0,0,0,40,0,4,0,0,0,0,0,4,2,35.69434333333333,139.5814163888889,3,3,0,0,0,0
1,30,893,93,2,0,1,30000,0,204,2024,5,18,17,15,12,4,34,18,42,1,1,1,14,7,0,0,0,0,3,9,1,70,5,4,1,55,45,4,61,31,0,1,0,1,0,11,0,2,0,40,0,3,0,2,0,2,0,4,2,35.67916888888889,139.5302577777778,7,3,9999,0,9,0
1,30,894,210,2,0,1,30000,0,208,2024,5,2,8,55,12,4,48,18,29,1,1,1,1,7,9,22,0,0,11,9,30,70,5,4,1,55,35,14,61,31,0,11,0,1,0,11,0,1,0,10,0,3,0,2,0,2,0,4,2,35.655255277777776,139.58250666666666,5,2,9999,0,9,0
1,30,894,212,2,0,1,95000,0,219,2024,5,3,13,0,12,4,47,18,29,1,1,1,0,7,0,0,0,0,0,0,20,70,0,4,1,55,65,51,61,41,0,0,0,0,0,0,0,0,0,10,0,3,0,0,0,0,0,4,2,35.62763527777778,139.56960194444443,6,1,0,0,0,0
1,30,894,213,2,0,1,200,212,208,2024,5,4,8,5,12,4,46,18,30,1,1,1,1,1,9,22,0,0,15,9,30,70,5,2,1,55,25,3,61,31,0,1,0,1,0,11,0,10,0,10,0,4,0,2,0,2,0,4,2,35.659077777777775,139.57315166666666,7,1,9999,0,9,0
1,30,894,235,2,0,1,30000,0,208,2024,5,7,14,58,12,4,43,18,33,3,1,2,14,7,0,0,0,0,3,9,1,70,4,1,1,55,1,51,61,41,0,0,0,0,0,0,0,0,0,10,0,3,0,0,0,0,0,4,2,35.666798888888884,139.58259166666667,3,3,0,0,0,0
1,30,894,236,2,0,1,30000,0,208,2024,4,20,16,50,12,5,2,18,19,1,1,1,14,7,0,0,0,0,2,9,1,70,5,4,1,75,35,3,61,31,0,1,0,1,0,11,0,10,0,10,0,4,0,2,0,2,0,4,2,35.654809166666666,139.5653025,7,3,884,0,9,0
1,30,894,243,2,0,1,20890,0,208,2024,4,16,13,8,12,5,7,18,15,1,1,1,14,7,0,0,0,0,3,9,1,70,4,2,1,55,65,14,61,1,0,11,0,1,0,11,0,2,0,10,0,4,0,2,0,2,0,4,2,35.65119222222222,139.5509677777778,3,3,9999,0,1,0
1,30,894,253,2,0,1,99000,0,219,2024,5,30,14,30,12,4,27,18,50,1,1,1,0,7,0,0,0,0,0,0,20,70,0,4,1,75,75,3,61,31,0,1,0,1,0,11,0,10,0,10,0,3,0,2,0,2,0,4,2,35.631276666666665,139.57704194444443,5,3,86,0,9,0
1,30,894,259,2,0,1,30000,0,219,2024,5,15,12,45,12,4,36,18,39,1,1,1,14,7,0,0,0,0,2,9,1,70,5,3,1,75,75,51,61,41,0,0,0,0,0,0,0,0,0,10,0,4,0,0,0,0,0,4,2,35.63393666666666,139.5888213888889,4,3,0,0,0,0
1,30,895,72,2,0,1,30000,0,211,2024,4,20,7,45,12,5,2,18,19,1,1,1,14,7,0,0,0,0,2,9,1,70,5,4,1,35,0,61,0,0,0,0,0,0,0,0,0,0,0,0,0,0,0,0,0,0,0,2,0,35.73631805555556,139.48690166666665,7,3,0,0,0,0
1,30,100,71,1,1,0,20000,0,101,2024,6,20,17,40,12,4,25,19,0,1,1,1,14,7,0,0,0,0,5,9,1,70,1,2,1,55,65,3,61,31,0,1,0,1,0,11,0,10,0,10,0,2,0,2,0,2,0,4,1,35.67417416666667,139.7462297222222,5,3,9999,0,9,0
1,30,102,57,2,0,1,20000,0,101,2024,6,3,18,35,13,4,26,18,53,3,1,2,14,7,0,0,0,0,6,9,1,70,4,2,1,65,55,3,61,31,0,1,0,1,0,11,0,4,0,10,0,3,0,2,0,2,0,4,2,35.690356666666666,139.76463972222223,2,3,9999,0,9,0
1,30,102,59,2,0,1,30000,0,101,2024,6,4,18,5,13,4,26,18,53,2,1,1,1,1,9,22,0,0,15,9,30,70,5,2,1,25,45,3,61,31,0,1,0,1,0,11,0,3,0,80,0,3,0,2,0,2,0,4,2,35.69910583333333,139.7536475,3,3,9999,0,5,0
1,30,102,60,2,0,1,20000,0,101,2024,6,8,14,35,12,4,25,18,56,1,1,1,1,1,9,22,0,0,19,9,30,70,4,2,1,75,65,3,61,31,0,1,0,1,0,11,0,5,0,10,0,3,0,2,0,2,0,4,2,35.69233027777778,139.76486805555555,7,3,752,0,9,0
1,30,102,65,2,0,1,20090,0,101,2024,6,18,20,5,22,4,25,18,59,2,1,2,1,1,9,22,0,0,15,9,30,70,4,1,1,25,55,17,61,1,0,11,0,1,0,11,0,4,0,10,0,3,0,2,0,2,0,4,2,35.69055833333333,139.7671163888889,3,3,9999,0,1,0
1,30,103,47,2,0,1,30000,0,101,2024,6,3,23,0,22,4,26,18,53,3,1,2,1,7,9,22,0,0,18,9,30,70,5,1,1,35,25,3,61,31,0,1,0,1,0,11,0,4,0,50,0,4,0,2,0,2,0,4,2,35.69343111111111,139.77259111111113,2,3,9999,0,1,0
1,30,103,48,2,0,1,30000,0,101,2024,6,5,0,10,22,4,25,18,54,1,1,1,1,1,9,22,0,0,17,9,30,70,5,2,1,45,35,3,61,1,0,1,0,1,0,11,0,4,0,20,0,4,0,2,0,2,0,4,2,35.694917499999995,139.77800194444447,4,3,9999,0,1,0
1,30,103,52,2,0,1,30000,0,101,2024,6,11,17,36,12,4,25,18,57,1,1,1,14,7,0,0,0,0,5,9,1,70,4,2,1,45,35,5,61,31,0,1,0,1,0,11,0,3,0,10,0,3,0,2,0,2,0,4,2,35.69760944444444,139.77189305555558,3,3,9999,0,1,0
1,30,103,60,2,0,1,30000,0,101,2024,6,29,12,5,12,4,28,19,1,1,1,1,14,7,0,0,0,0,2,9,1,70,5,3,1,55,75,4,61,31,0,1,0,1,0,11,0,2,0,70,0,4,0,2,0,2,0,4,2,35.69589472222222,139.77467222222222,7,3,9999,0,9,0
1,30,103,61,2,0,1,30000,0,101,2024,6,15,11,0,12,4,25,18,59,1,1,1,1,7,9,22,0,0,15,9,30,70,5,2,1,25,45,51,61,41,0,0,0,0,0,0,0,0,0,10,0,3,0,0,0,0,0,4,2,35.696598055555555,139.77357750000002,7,3,0,0,0,0
1,30,104,106,2,0,1,30000,0,102,2024,6,3,16,25,12,4,26,18,53,2,1,1,14,7,0,0,0,0,3,9,1,70,5,2,1,35,1,51,61,41,0,0,0,0,0,0,0,0,0,10,0,3,0,0,0,0,0,4,2,35.68956138888888,139.77200000000002,2,3,0,0,0,0
1,30,104,107,2,0,2,10060,0,102,2024,6,7,11,50,12,4,25,18,55,1,1,1,1,1,9,22,0,0,19,9,30,70,5,2,1,65,25,31,61,31,0,0,0,0,0,11,0,4,0,20,0,3,0,0,0,0,0,2,2,35.67479861111111,139.77698361111112,6,3,9999,0,1,0
1,30,104,113,2,0,1,30000,0,102,2024,6,11,9,13,12,4,25,18,57,1,1,1,14,7,0,0,0,0,1,9,1,70,5,2,1,25,45,51,61,41,0,0,0,0,0,0,0,0,0,10,0,3,0,0,0,0,0,4,4,35.68635861111111,139.77423750000003,3,3,0,0,0,0
1,30,104,114,2,0,1,30000,0,102,2024,5,25,21,16,22,4,29,18,47,1,1,1,1,7,0,0,0,0,17,9,30,70,5,1,1,35,0,61,0,0,0,0,0,0,0,0,0,0,0,0,0,0,0,0,0,0,0,2,0,35.67416,139.7824425,7,3,0,0,0,0
1,30,104,117,2,0,1,30000,0,102,2024,5,13,22,25,22,4,38,18,38,3,1,2,1,7,9,22,0,0,14,9,30,70,5,2,1,45,25,3,61,1,0,1,0,1,0,11,0,10,0,10,0,3,0,2,0,2,0,4,2,35.67687333333333,139.77302083333333,2,3,9999,0,5,0
1,30,104,118,2,0,1,30000,0,102,2024,6,17,16,40,12,4,25,18,59,2,1,1,14,7,0,0,0,0,3,9,1,70,5,2,1,1,45,3,61,31,0,1,0,1,0,11,0,10,0,30,0,4,0,2,0,2,0,4,2,35.68997333333333,139.77303500000002,2,3,9999,0,1,0
1,30,104,119,2,0,1,20100,0,102,2024,6,21,9,16,12,4,26,19,0,3,1,2,14,7,0,0,0,0,5,9,1,70,1,2,1,65,55,3,61,31,0,1,0,1,0,11,0,4,0,40,0,3,0,2,0,2,0,4,2,35.676988888888886,139.77709166666668,6,3,9999,0,9,0
1,30,104,127,2,0,3,10040,0,102,2024,6,29,16,0,12,4,28,19,1,1,1,1,14,7,0,0,0,0,5,9,1,70,4,2,1,35,25,51,61,41,0,0,0,0,0,0,0,0,0,10,0,3,0,0,0,0,0,2,4,35.680008611111106,139.77965500000002,7,3,0,0,0,0
1,30,104,129,2,0,1,20100,0,102,2024,6,27,8,20,12,4,27,19,1,1,1,1,14,7,0,0,0,0,1,9,1,70,5,1,1,25,45,51,61,41,0,0,0,0,0,0,0,0,0,20,0,4,0,0,0,0,0,4,2,35.67648888888888,139.77842055555556,5,3,0,0,0,0
1,30,105,48,2,0,1,20540,0,102,2024,6,11,15,8,12,4,25,18,57,1,1,1,1,1,9,22,0,0,17,9,30,70,5,2,1,55,65,3,61,31,0,1,0,1,0,11,0,3,0,10,0,2,0,2,0,2,0,4,2,35.687172222222216,139.78681083333333,3,3,9999,0,9,0
1,30,106,80,2,0,1,10060,0,102,2024,4,1,18,40,21,5,28,18,3,2,1,1,14,7,0,0,0,0,1,9,1,70,5,2,1,35,55,51,61,41,0,0,0,0,0,0,0,0,0,10,0,4,0,0,0,0,0,4,2,35.671100277777775,139.77559333333335,2,3,0,0,0,0
1,30,106,83,2,0,1,150,17,102,2024,6,8,19,50,21,4,25,18,56,1,1,1,14,7,0,0,0,0,3,9,1,70,5,2,1,25,1,3,61,31,0,1,0,1,0,11,0,4,0,10,0,3,0,2,0,2,0,4,2,35.67063583333333,139.76448583333334,7,3,9999,0,1,0
1,30,106,84,2,0,1,30000,0,102,2024,6,9,20,5,22,4,25,18,56,2,1,1,14,7,0,0,0,0,4,9,1,70,5,2,1,65,45,3,61,31,0,1,0,1,0,11,0,5,0,20,0,4,0,2,0,2,0,4,2,35.67335222222222,139.76524194444445,1,3,9999,0,9,0
1,30,106,85,2,0,1,30000,0,102,2024,6,3,17,0,12,4,26,18,53,3,1,2,14,7,0,0,0,0,2,9,1,70,5,3,1,65,45,3,61,1,0,1,0,1,0,11,0,2,0,40,0,3,0,2,0,2,0,4,2,35.67006972222222,139.7646675,2,3,9999,0,9,0
1,30,106,87,2,0,1,30000,0,102,2024,6,10,13,40,12,4,25,18,57,2,1,1,1,7,9,22,0,0,15,9,30,70,4,2,1,65,45,35,61,31,0,0,0,0,0,11,0,2,0,10,0,3,0,0,0,0,0,4,2,35.67197083333333,139.77820916666667,2,3,9999,0,9,0
1,30,106,88,2,0,1,30000,0,102,2024,6,13,10,30,12,4,25,18,58,2,1,1,14,7,0,0,0,0,3,9,1,70,4,2,1,75,65,14,61,31,0,11,0,1,0,11,0,3,0,10,0,2,0,2,0,2,0,4,2,35.664228333333334,139.77082750000002,5,3,520,0,9,0
1,30,107,69,2,0,1,10020,0,102,2024,6,1,17,24,12,4,26,18,52,1,1,1,1,1,9,22,0,0,17,9,30,70,1,2,1,35,75,43,61,41,0,31,0,0,0,0,0,10,0,10,0,3,0,0,0,0,0,4,2,35.66022833333333,139.77692472222225,7,3,0,0,0,0
1,30,107,78,2,0,1,30000,0,102,2024,6,7,10,45,12,4,25,18,55,2,1,1,14,7,0,0,0,0,4,9,1,70,4,2,1,65,55,3,61,1,0,1,0,1,0,11,0,10,0,30,0,4,0,2,0,2,0,4,2,35.65311888888889,139.77949444444445,6,3,9999,0,9,0
1,30,107,80,2,0,1,20680,0,102,2024,6,21,18,35,13,4,26,19,0,2,1,1,1,1,9,22,0,0,18,9,30,70,1,1,1,25,1,36,61,31,0,0,0,0,0,11,0,10,0,10,0,4,0,0,0,0,0,4,2,35.657165,139.77468388888892,6,3,0,0,0,0
1,30,107,84,2,0,2,30000,0,102,2024,6,19,7,46,12,4,25,19,0,2,1,1,1,1,9,22,0,0,15,9,30,1,5,2,1,1,1,51,61,41,0,0,0,0,0,0,0,0,0,20,0,3,0,0,0,0,0,4,2,35.66133388888889,139.78387527777778,4,3,0,0,0,0
1,30,108,109,2,0,2,10,47,103,2024,3,13,18,44,21,5,55,17,47,1,1,1,14,7,0,0,0,0,2,9,1,70,4,2,1,45,45,3,61,1,0,1,0,1,0,11,0,4,0,0,0,4,0,2,0,2,0,4,4,35.663463888888884,139.74557027777777,4,3,9999,0,1,0
1,30,109,88,2,0,1,30000,0,103,2024,4,24,8,0,12,4,57,18,22,3,1,2,14,7,0,0,0,0,3,9,1,1,4,2,1,25,1,51,61,41,0,0,0,0,0,0,0,0,0,10,0,3,0,0,0,0,0,4,2,35.641236666666664,139.7458472222222,4,3,0,0,0,0
1,30,109,94,2,0,1,30000,0,103,2024,5,19,8,35,12,4,33,18,42,2,1,1,14,7,0,0,0,0,4,9,1,70,1,2,1,35,65,51,61,41,0,0,0,0,0,0,0,0,0,10,0,3,0,0,0,0,0,4,2,35.64700277777778,139.74459083333332,1,3,0,0,0,0
1,30,109,97,2,0,1,150,46,103,2024,6,11,7,55,12,4,25,18,57,1,1,1,14,7,0,0,0,0,5,9,1,70,1,2,1,75,0,61,0,0,0,0,0,0,0,0,0,0,0,0,0,0,0,0,0,0,0,2,0,35.64877638888889,139.7518127777778,3,3,0,0,0,0
1,30,109,100,2,0,1,30000,0,103,2024,6,21,20,12,22,4,26,19,0,2,1,1,1,7,9,22,0,0,14,9,30,1,4,1,1,1,45,51,61,41,0,0,0,0,0,0,0,0,0,10,0,3,0,0,0,0,0,4,2,35.64336361111111,139.7492122222222,6,3,0,0,0,0
1,30,110,66,2,0,1,150,76,103,2024,5,24,7,2,12,4,30,18,46,1,1,1,1,7,1,21,0,0,17,8,30,70,1,1,1,45,65,3,61,31,0,1,0,1,0,11,0,1,0,80,0,3,0,2,0,1,0,4,2,35.62588638888889,139.73777944444444,6,3,9999,0,9,0
1,30,110,68,2,0,1,20000,0,103,2024,6,24,15,48,12,4,26,19,1,1,1,1,14,7,0,0,0,0,6,9,1,70,4,2,1,45,55,52,61,41,0,0,0,0,0,0,0,0,0,20,0,3,0,0,0,0,0,4,2,35.64400944444444,139.7214763888889,2,3,0,0,0,0
1,30,111,126,2,0,1,30000,0,103,2024,5,27,19,28,21,4,28,18,48,2,1,1,7,7,0,0,0,0,3,9,1,70,5,3,1,1,45,13,61,1,0,11,0,1,0,11,0,5,0,10,0,4,0,2,0,2,0,4,2,35.667767777777776,139.73886777777776,2,3,9999,0,1,0
1,30,111,127,2,0,1,30000,0,103,2024,6,2,9,38,12,4,26,18,52,1,1,1,14,7,0,0,0,0,4,9,1,70,4,1,1,45,1,3,61,31,0,1,0,1,0,11,0,10,0,40,0,4,0,2,0,2,0,4,2,35.65190361111111,139.73032083333334,1,3,9999,0,1,0
1,30,111,136,2,0,1,30000,0,103,2024,6,11,18,0,13,4,25,18,57,1,1,1,14,7,0,0,0,0,3,9,1,70,5,2,1,55,1,3,61,1,0,1,0,1,0,11,0,2,0,10,0,3,0,2,0,2,0,4,2,35.656414166666664,139.72015027777778,3,3,9999,0,1,0
1,30,111,137,2,0,1,30000,0,103,2024,6,12,15,30,12,4,25,18,57,1,1,1,14,7,0,0,0,0,3,8,1,70,5,2,1,25,1,51,61,41,0,0,0,0,0,0,0,0,0,10,0,4,0,0,0,0,0,4,2,35.65340444444444,139.7258663888889,4,3,0,0,0,0
1,30,111,139,2,0,1,10090,0,103,2024,6,12,18,42,13,4,25,18,57,1,1,1,14,7,0,0,0,0,4,9,1,70,1,2,1,35,45,51,61,41,0,0,0,0,0,0,0,0,0,30,0,3,0,0,0,0,0,4,2,35.64687861111111,139.72778055555557,4,3,0,0,0,0
1,30,111,143,2,0,1,30000,0,103,2024,6,18,19,6,21,4,25,18,59,3,1,2,1,7,9,22,0,0,11,9,30,70,4,1,1,65,55,3,61,1,0,1,0,1,0,11,0,5,0,10,0,3,0,2,0,2,0,4,2,35.663424444444445,139.7402111111111,3,3,9999,0,9,0
1,30,111,151,2,0,1,30000,0,103,2024,6,28,18,58,13,4,28,19,1,3,1,2,1,7,9,22,0,0,11,9,30,70,4,1,1,35,25,36,61,31,0,0,0,0,0,1,0,2,0,10,0,3,0,0,0,0,0,4,2,35.66390388888889,139.74067138888887,6,3,9999,0,1,0
1,30,111,152,2,0,1,30000,0,103,2024,6,28,20,48,22,4,28,19,1,3,1,2,1,1,9,22,0,0,11,9,30,70,4,1,1,1,65,14,61,31,0,11,0,1,0,1,0,2,0,10,0,3,0,2,0,2,0,4,2,35.663020555555555,139.72703833333333,6,3,9999,0,1,0
1,30,112,107,2,0,1,10120,0,103,2024,6,9,19,35,21,4,25,18,56,2,1,1,1,1,9,22,0,0,17,9,30,70,4,2,1,55,35,3,61,1,0,1,0,1,0,11,0,10,0,10,0,3,0,2,0,2,0,4,2,35.66811861111111,139.7270836111111,1,3,9999,0,1,0
1,30,112,110,2,0,1,30000,0,103,2024,6,13,20,55,22,4,25,18,58,1,1,1,14,7,0,0,0,0,2,9,1,70,5,3,1,75,25,3,61,1,0,1,0,1,0,11,0,5,0,40,0,4,0,2,0,2,0,4,2,35.66212,139.71801083333332,5,3,839,0,9,0
1,30,113,112,1,1,0,90000,0,111,2024,6,6,12,18,12,4,25,18,54,1,1,1,1,7,9,22,0,0,19,9,30,70,5,1,1,45,75,11,61,1,0,11,0,2,0,11,0,10,0,10,0,4,0,2,0,2,0,4,1,35.58853861111111,139.77296750000002,5,3,9999,0,9,0
1,30,215,60,2,0,1,30000,0,109,2024,6,8,17,15,12,4,25,18,56,1,1,1,1,1,9,22,0,0,15,9,30,70,4,1,1,35,1,3,61,31,0,1,0,1,0,11,0,10,0,10,0,3,0,2,0,2,0,4,2,35.614762222222225,139.7450436111111,7,3,9999,0,1,0
1,30,216,114,2,0,1,20000,0,109,2024,6,29,12,50,12,4,28,19,1,1,1,1,1,1,9,22,0,0,15,9,30,70,4,1,1,55,45,51,61,41,0,0,0,0,0,0,0,0,0,10,0,3,0,0,0,0,0,4,2,35.60749472222222,139.7343997222222,7,3,0,0,0,0
1,30,217,109,2,0,1,20000,0,109,2024,6,2,23,0,22,4,26,18,52,3,1,2,1,1,9,22,0,0,15,9,30,70,1,1,1,55,55,51,61,41,0,0,0,0,0,0,0,0,0,10,0,2,0,0,0,0,0,4,2,35.64151138888889,139.7192975,1,3,0,0,0,0
1,30,217,117,2,0,1,30000,0,109,2024,6,17,9,40,12,4,25,18,59,1,1,1,14,7,0,0,0,0,2,9,1,70,5,2,1,45,25,3,61,1,0,1,0,1,0,11,0,3,0,10,0,3,0,2,0,2,0,4,2,35.633205000000004,139.71609888888887,2,3,9999,0,1,0
1,30,218,111,2,0,1,30000,0,109,2024,4,27,13,18,12,4,53,18,24,1,1,1,1,7,9,22,0,0,11,9,30,70,5,3,1,55,45,51,61,41,0,0,0,0,0,0,0,0,0,10,0,3,0,0,0,0,0,4,2,35.60935527777778,139.71183083333332,7,3,0,0,0,0
1,30,219,158,2,0,1,20180,0,111,2024,5,23,16,25,12,4,31,18,45,1,1,1,14,1,0,0,0,0,2,8,1,70,4,2,1,1,75,51,61,41,0,0,0,0,0,0,0,0,0,10,0,3,0,0,0,0,0,4,2,35.58868694444445,139.72742194444444,5,3,0,0,0,0
1,30,219,165,2,0,1,30000,0,111,2024,6,9,13,45,12,4,25,18,56,1,1,1,1,7,9,22,0,0,11,9,30,70,5,3,1,45,35,51,61,41,0,0,0,0,0,0,0,0,0,10,0,3,0,0,0,0,0,4,2,35.575837500000006,139.73550388888887,1,3,0,0,0,0
1,30,219,167,2,0,1,30000,0,111,2024,6,10,21,40,22,4,25,18,57,1,1,1,14,7,0,0,0,0,2,9,1,70,5,3,1,1,0,61,0,0,0,0,0,0,0,0,0,0,0,0,0,0,0,0,0,0,0,2,0,35.57248055555556,139.7267788888889,2,3,0,0,0,0
1,30,219,171,2,0,1,150,131,111,2024,4,29,19,55,22,4,51,18,26,1,1,1,14,1,0,0,0,0,3,9,1,70,1,1,1,35,25,3,61,31,0,1,0,1,0,11,0,10,0,10,0,4,0,2,0,2,0,4,2,35.57831027777778,139.735165,2,1,9999,0,4,0
1,30,219,187,2,0,1,30000,0,111,2024,6,29,19,11,21,4,28,19,1,1,1,1,14,7,0,0,0,0,2,9,1,70,4,2,1,1,35,51,61,41,0,0,0,0,0,0,0,0,0,10,0,4,0,0,0,0,0,4,2,35.57052055555556,139.72331111111112,7,3,0,0,0,0
1,30,220,116,2,0,1,30000,0,111,2024,6,4,7,45,12,4,26,18,53,1,1,1,14,7,0,0,0,0,1,9,1,70,5,3,1,55,55,51,61,41,0,0,0,0,0,0,0,0,0,10,0,3,0,0,0,0,0,4,2,35.60481138888889,139.6850713888889,3,3,0,0,0,0
1,30,220,122,2,0,1,30000,0,111,2024,6,1,19,15,21,4,26,18,52,1,1,1,14,7,0,0,0,0,4,9,1,70,4,2,1,35,45,3,61,31,0,1,0,1,0,11,0,2,0,20,0,3,0,2,0,2,0,4,2,35.58855611111111,139.67450055555554,7,3,9999,0,5,0
1,30,221,143,2,0,1,1310,0,111,2024,6,6,21,48,22,4,25,18,54,1,1,1,1,7,9,22,0,0,17,9,30,70,4,1,1,1,1,3,61,31,0,1,0,1,0,11,0,4,0,80,0,3,0,2,0,2,0,4,2,35.56543694444444,139.73657333333333,5,3,9999,0,1,0
1,30,221,145,2,0,1,30000,0,111,2024,6,11,10,55,12,4,25,18,57,1,1,1,14,7,0,0,0,0,2,9,1,70,5,3,1,75,35,51,61,41,0,0,0,0,0,0,0,0,0,10,0,3,0,0,0,0,0,2,4,35.54796527777778,139.7191025,3,3,0,0,0,0
1,30,221,148,2,0,1,30000,0,111,2024,6,15,9,40,12,4,25,18,59,1,1,1,1,7,9,21,0,0,11,9,30,70,5,3,1,45,55,51,61,41,0,0,0,0,0,0,0,0,0,20,0,4,0,0,0,0,0,4,2,35.56337138888889,139.71960083333335,7,3,0,0,0,0
1,30,221,154,2,0,1,30000,0,111,2024,5,20,11,5,12,4,32,18,43,2,1,1,14,7,0,0,0,0,3,9,1,70,5,2,1,55,25,3,61,31,0,1,0,1,0,11,0,2,0,40,0,4,0,2,0,2,0,4,2,35.56102,139.72003333333333,2,3,9999,0,9,0
1,30,222,149,2,0,1,10130,0,111,2024,6,3,9,6,12,4,26,18,53,2,1,1,7,7,0,0,0,0,5,9,1,70,5,1,1,35,1,51,61,41,0,0,0,0,0,0,0,0,0,10,0,3,0,0,0,0,0,4,2,35.587204444444446,139.71959611111112,2,3,0,0,0,0
1,30,222,153,2,0,1,10,158,111,2024,6,9,18,5,13,4,25,18,56,2,1,2,14,7,0,0,0,0,5,9,1,70,4,2,1,1,75,51,61,41,0,0,0,0,0,0,0,0,0,10,0,3,0,0,0,0,0,4,2,35.578613888888896,139.70027222222222,1,3,0,0,0,0
1,30,222,154,2,0,1,10130,0,111,2024,6,10,8,0,12,4,25,18,57,2,1,1,1,7,9,22,0,0,11,9,30,70,5,2,1,25,1,51,61,41,0,0,0,0,0,0,0,0,0,10,0,3,0,0,0,0,0,4,2,35.59816027777778,139.70636055555553,2,3,0,0,0,0