資料区分,都道府県コード,警察署等コード,本票番号,事故内容,死者数,負傷者数,路線コード,地点コード,市区町村コード,発生日時　　年,発生日時　　月,発生日時　　日,発生日時　　時,発生日時　　分,昼夜,日の出時刻　　時,日の出時刻　　分,日の入り時刻　　時,日の入り時刻　　分,天候,地形,路面状態,道路形状,信号機,一時停止規制　標識（当事者A）,一時停止規制　表示（当事者A）,一時停止規制　標識（当事者B）,一時停止規制　表示（当事者B）,車道幅員,道路線形,衝突地点,ゾーン規制,中央分離帯施設等,歩車道区分,事故類型,年齢（当事者A）,年齢（当事者B）,当事者種別（当事者A）,当事者種別（当事者B）,用途別（当事者A）,用途別（当事者B）,車両形状等（当事者A）,車両形状等（当事者B）,オートマチック車（当事者A）,オートマチック車（当事者B）,サポカー（当事者A）,サポカー（当事者B）,速度規制（指定のみ）（当事者A）,速度規制（指定のみ）（当事者B）,車両の衝突部位（当事者A）,車両の衝突部位（当事者B）,車両の損壊程度（当事者A）,車両の損壊程度（当事者B）,エアバッグの装備（当事者A）,エアバッグの装備（当事者B）,サイドエアバッグの装備（当事者A）,サイドエアバッグの装備（当事者B）,人身損傷程度（当事者A）,人身損傷程度（当事者B）,lat,lon,曜日(発生年月日),祝日(発生年月日),認知機能検査経過日数（当事者A）,認知機能検査経過日数（当事者B）,運転練習の方法（当事者A）,運転練習の方法（当事者B）
1,30,222,164,2,0,1,30000,0,111,2024,6,23,0,4,22,4,26,19,1,3,1,1,1,7,9,22,0,0,11,9,30,70,5,3,1,35,35,14,61,31,0,11,0,1,0,11,0,2,0,40,0,4,0,2,0,2,0,4,2,35.59493722222223,139.7037786111111,1,3,9999,0,1,0
1,30,222,171,2,0,1,30000,0,111,2024,6,27,16,50,12,4,27,19,1,2,1,1,1,7,0,0,0,0,15,9,30,70,5,3,1,1,0,61,0,0,0,0,0,0,0,0,0,0,0,0,0,0,0,0,0,0,0,2,0,35.58695305555556,139.70176194444443,5,3,0,0,0,0
1,30,325,148,2,0,1,10210,0,112,2024,6,2,11,16,12,4,26,18,52,2,1,1,1,1,9,22,0,0,15,9,30,70,4,2,1,45,1,51,61,41,0,0,0,0,0,0,0,0,0,10,0,3,0,0,0,0,0,4,2,35.63985861111111,139.63301055555556,1,3,0,0,0,0
1,30,325,152,2,0,1,10210,0,112,2024,5,28,21,15,22,4,28,18,49,3,1,2,1,8,9,22,0,0,15,9,30,70,5,2,1,45,45,4,61,31,0,1,0,1,0,11,0,3,0,12,0,4,0,2,0,2,0,4,2,35.643232222222224,139.66319722222224,3,3,9999,0,9,0
1,30,325,155,2,0,1,10210,0,112,2024,6,12,17,18,12,4,25,18,57,1,1,1,1,1,9,22,0,0,15,9,30,70,5,2,1,75,75,3,61,31,0,1,0,1,0,11,0,3,0,80,0,4,0,2,0,2,0,4,2,35.63861472222222,139.6261227777778,4,3,7,0,9,0
1,30,325,159,2,0,1,30000,0,112,2024,6,14,8,15,12,4,25,18,58,1,1,1,14,7,0,0,0,0,3,9,1,70,5,3,1,1,1,51,61,41,0,0,0,0,0,0,0,0,0,10,0,3,0,0,0,0,0,4,2,35.63917361111111,139.68521666666666,6,3,0,0,0,0
1,30,325,172,2,0,1,2460,67,112,2024,6,19,12,6,12,4,25,19,0,1,1,1,14,1,0,0,0,0,6,9,1,70,1,2,1,35,1,13,61,31,0,11,0,1,0,11,0,5,0,20,0,3,0,2,0,2,0,4,2,35.65040833333333,139.68392666666668,4,3,9999,0,9,0
1,30,325,178,2,0,1,10210,0,112,2024,6,29,12,50,12,4,28,19,1,1,1,1,14,7,0,0,0,0,3,9,1,70,4,2,1,45,45,52,61,41,0,0,0,0,0,0,0,0,0,20,0,3,0,0,0,0,0,4,2,35.63778972222222,139.6232163888889,7,3,0,0,0,0
1,30,325,179,2,0,1,30000,0,112,2024,6,29,19,50,21,4,28,19,1,1,1,1,14,7,0,0,0,0,4,8,1,1,5,3,1,1,75,51,61,41,0,0,0,0,0,0,0,0,0,10,0,3,0,0,0,0,0,4,2,35.63596305555556,139.66016083333335,7,3,0,0,0,0
1,30,325,181,2,0,1,21020,0,112,2024,2,27,7,55,12,6,15,17,34,1,1,1,1,1,9,22,0,0,15,9,30,70,4,1,1,65,1,3,61,1,0,1,0,1,0,11,0,3,0,40,0,3,0,2,0,2,0,4,2,35.639851666666665,139.68217166666665,3,3,9999,0,9,0
1,30,325,182,2,0,1,99000,0,112,2024,6,16,15,5,12,4,25,18,59,1,1,1,0,7,0,0,0,0,0,0,20,70,0,4,1,45,35,3,61,31,0,1,0,1,0,11,0,1,0,80,0,4,0,2,0,2,0,4,2,35.63463861111111,139.65237083333335,1,3,9999,0,1,0
1,30,325,183,2,0,1,30000,0,112,2024,4,21,15,58,12,5,1,18,19,2,1,1,13,7,0,0,0,0,4,3,1,70,4,3,1,55,45,51,61,41,0,0,0,0,0,0,0,0,0,0,0,4,0,0,0,0,0,4,2,35.64158916666667,139.67325805555555,1,3,0,0,0,0
1,30,326,149,2,0,1,30000,0,112,2024,6,4,9,50,12,4,26,18,53,2,1,1,14,7,0,0,0,0,3,9,1,70,5,2,1,1,55,51,61,41,0,0,0,0,0,0,0,0,0,20,0,4,0,0,0,0,0,4,2,35.652478888888886,139.63789083333333,3,3,0,0,0,0
1,30,326,158,2,0,1,30000,0,113,2024,5,28,8,45,12,4,28,18,49,3,1,2,1,7,9,22,0,0,11,9,30,70,4,1,1,65,35,13,61,31,0,11,0,2,0,11,0,2,0,50,0,3,0,2,0,2,0,4,2,35.6649775,139.67419527777776,3,3,9999,0,9,0
1,30,326,161,2,0,1,20270,0,112,2024,6,17,18,0,13,4,25,18,59,2,1,1,1,7,1,22,0,0,15,9,30,70,4,3,1,35,35,3,61,1,0,1,0,1,0,11,0,3,0,10,0,3,0,2,0,2,0,4,2,35.66918722222222,139.65926333333334,2,3,9999,0,5,0
1,30,326,164,2,0,1,30000,0,112,2024,6,19,12,35,12,4,25,19,0,1,1,1,14,1,0,0,0,0,3,9,1,70,4,2,1,1,65,51,61,41,0,0,0,0,0,0,0,0,0,40,0,4,0,0,0,0,0,4,2,35.66734222222222,139.67308749999998,4,3,0,0,0,0
1,30,326,167,2,0,1,30000,0,112,2024,6,21,17,5,12,4,26,19,0,3,1,2,1,7,9,22,0,0,11,9,30,70,5,3,1,1,65,36,61,31,0,0,0,0,0,11,0,2,0,40,0,3,0,0,0,0,0,4,2,35.649231666666665,139.63778472222222,6,3,9999,0,1,0
1,30,326,172,2,0,1,30000,0,112,2024,6,29,2,36,22,4,28,19,1,2,1,2,1,1,9,21,0,0,14,9,30,70,4,3,1,55,45,3,61,1,0,1,0,1,0,11,0,3,0,10,0,3,0,2,0,2,0,4,2,35.651718055555556,139.6672338888889,7,3,9999,0,9,0
1,30,327,271,2,0,1,30000,0,112,2024,6,2,15,45,12,4,26,18,52,3,1,2,14,7,0,0,0,0,3,9,1,70,5,2,1,35,1,4,61,31,0,1,0,1,0,11,0,2,0,10,0,3,0,2,0,2,0,4,2,35.618970555555556,139.63027972222224,1,3,9999,0,1,0
1,30,327,281,2,0,1,2460,112,112,2024,4,29,17,50,13,4,51,18,26,2,1,1,7,1,0,0,0,0,5,9,1,70,1,1,1,65,1,51,61,41,0,0,0,0,0,0,0,0,0,40,0,3,0,0,0,0,0,4,2,35.62733222222222,139.64472416666666,2,1,0,0,0,0
1,30,327,292,2,0,1,30000,0,112,2024,5,19,10,10,12,4,33,18,42,1,1,1,14,7,0,0,0,0,3,9,1,70,5,2,1,25,35,51,61,41,0,0,0,0,0,0,0,0,0,40,0,3,0,0,0,0,0,4,2,35.63131055555556,139.65645722222223,1,3,0,0,0,0
1,30,327,301,2,0,1,10200,0,112,2024,6,23,1,23,22,4,26,19,1,2,1,1,14,7,0,0,0,0,5,9,1,70,1,1,1,45,25,3,61,31,0,1,0,1,0,11,0,5,0,10,0,4,0,2,0,2,0,4,2,35.62018833333333,139.63279333333335,1,3,9999,0,9,0
1,30,327,304,2,0,1,20240,0,112,2024,6,23,21,15,22,4,26,19,1,2,1,2,1,1,9,22,0,0,14,9,30,70,1,3,1,65,55,4,61,31,0,1,0,1,0,11,0,5,0,10,0,4,0,2,0,2,0,4,2,35.6205275,139.64823555555554,1,3,9999,0,9,0
1,30,327,306,2,0,1,30000,0,112,2024,4,13,19,52,22,5,11,18,13,1,1,1,1,7,1,21,0,0,11,9,30,70,5,3,1,55,1,3,61,31,0,1,0,1,0,11,0,10,0,10,0,4,0,2,0,2,0,4,2,35.63301027777778,139.64007666666666,7,3,9999,0,9,0
1,30,327,308,2,0,1,30000,0,112,2024,6,26,12,10,12,4,27,19,1,1,1,1,14,7,0,0,0,0,3,9,1,70,5,3,1,65,55,3,61,1,0,1,0,1,0,11,0,10,0,40,0,3,0,2,0,2,0,4,2,35.616410555555554,139.66381694444445,4,3,9999,0,9,0
1,30,327,312,2,0,1,30000,0,112,2024,6,30,20,0,21,4,28,19,1,2,1,1,1,7,9,22,0,0,14,9,30,70,1,1,1,35,25,3,61,31,0,1,0,1,0,11,0,3,0,10,0,3,0,2,0,2,0,4,2,35.6130975,139.62795916666667,1,3,9999,0,1,0
1,30,328,233,2,0,1,10200,0,112,2024,6,7,8,30,12,4,25,18,55,1,1,1,14,1,0,0,0,0,4,9,1,70,1,2,1,35,1,14,61,31,0,11,0,1,0,11,0,4,0,80,0,3,0,2,0,2,0,4,2,35.66868972222222,139.613325,6,3,9999,0,1,0
1,30,328,255,2,0,1,30000,0,112,2024,6,28,16,25,12,4,28,19,1,3,1,2,14,7,0,0,0,0,1,9,1,70,5,4,1,25,1,14,61,31,0,11,0,2,0,11,0,2,0,10,0,3,0,2,0,2,0,4,2,35.64021361111111,139.58719194444444,6,3,9999,0,1,0
1,30,329,115,2,0,1,30000,0,110,2023,6,5,11,20,12,4,26,18,54,1,1,1,1,7,9,22,0,0,15,9,30,70,5,3,1,35,45,3,61,31,0,1,0,1,0,11,0,10,0,70,0,3,0,2,0,2,0,4,2,35.6459925,139.70004305555554,2,3,9999,0,1,0
1,30,329,119,2,0,1,30000,0,110,2024,6,6,17,58,13,4,25,18,54,1,1,1,14,7,0,0,0,0,2,9,1,70,5,3,1,55,45,3,61,31,0,1,0,1,0,11,0,2,0,40,0,3,0,2,0,2,0,4,2,35.630715,139.6836336111111,5,3,9999,0,9,0
1,30,329,131,2,0,1,30000,0,110,2024,6,24,12,5,12,4,26,19,1,1,1,1,14,7,0,0,0,0,1,9,1,70,4,3,1,35,25,4,61,31,0,1,0,1,0,11,0,2,0,80,0,3,0,2,0,2,0,4,2,35.638265277777776,139.70404249999999,2,3,9999,0,1,0
1,30,330,133,2,0,1,30000,0,110,2024,5,17,15,0,12,4,34,18,41,1,1,1,1,7,1,21,0,0,11,9,30,70,5,3,1,25,1,3,61,31,0,1,0,1,0,11,0,2,0,50,0,3,0,2,0,2,0,4,2,35.61542361111111,139.66374972222224,6,3,9999,0,1,0
1,30,330,135,2,0,1,30000,0,110,2024,6,19,16,56,12,4,25,19,0,1,1,1,1,7,1,21,0,0,14,9,30,70,4,1,1,45,35,13,61,31,0,11,0,1,0,11,0,2,0,10,0,4,0,2,0,2,0,4,2,35.619191111111114,139.68529,4,3,9999,0,1,0
1,30,330,142,2,0,1,10000,0,110,2024,6,21,11,50,12,4,26,19,0,3,1,2,1,7,1,21,0,0,11,9,30,1,5,3,1,35,75,3,61,31,0,1,0,1,0,11,0,2,0,10,0,4,0,2,0,2,0,4,2,35.619125555555556,139.67147333333332,6,3,9999,0,1,0
1,30,330,144,2,0,1,30000,0,110,2024,6,23,13,40,12,4,26,19,1,2,1,1,14,7,0,0,0,0,1,9,1,70,5,3,1,75,35,51,61,41,0,0,0,0,0,0,0,0,0,10,0,3,0,0,0,0,0,2,4,35.60682444444445,139.66811555555554,1,3,0,0,0,0
1,30,331,134,2,0,1,30000,0,113,2024,6,2,18,30,13,4,26,18,52,3,1,2,14,7,0,0,0,0,2,9,1,70,4,1,1,35,75,36,61,31,0,0,0,0,0,11,0,2,0,10,0,3,0,0,0,0,0,4,2,35.65676611111111,139.71807361111112,1,3,9999,0,9,0
1,30,331,135,2,0,1,10090,0,113,2024,6,3,11,2,12,4,26,18,53,2,1,1,14,7,0,0,0,0,6,9,1,70,1,2,1,65,55,51,61,41,0,0,0,0,0,0,0,0,0,10,0,4,0,0,0,0,0,4,2,35.65117166666666,139.7092947222222,2,3,0,0,0,0
1,30,331,136,2,0,1,30000,0,113,2024,6,4,20,24,22,4,26,18,53,1,1,1,1,1,9,22,0,0,15,9,30,70,4,2,1,1,45,1,61,1,0,1,0,1,0,11,0,5,0,40,0,3,0,2,0,2,0,4,2,35.659639722222224,139.7005458333333,3,3,9999,0,1,0
1,30,331,146,2,0,1,20240,0,113,2024,3,11,19,29,22,5,57,17,45,1,1,1,7,8,0,0,0,0,3,9,1,70,1,1,1,1,25,51,61,41,0,0,0,0,0,0,0,0,0,20,0,3,0,0,0,0,0,4,2,35.64766,139.7094175,2,3,0,0,0,0
1,30,331,152,2,0,1,10650,0,113,2024,6,23,23,10,22,4,26,19,1,2,1,1,1,1,9,22,0,0,19,9,30,70,1,1,1,65,1,3,61,1,0,1,0,1,0,11,0,4,0,10,0,3,0,2,0,2,0,4,2,35.654196666666664,139.6933363888889,1,3,9999,0,9,0
1,30,331,154,2,0,1,30000,0,113,2024,6,12,7,55,12,4,25,18,57,1,1,1,14,7,0,0,0,0,1,7,1,70,5,4,1,65,65,14,61,1,0,11,0,1,0,11,0,10,0,30,0,4,0,2,0,2,0,4,2,35.66128444444444,139.69885,4,3,9999,0,9,0
1,30,331,156,2,0,1,30220,0,113,2024,6,15,12,0,12,4,25,18,59,1,1,1,14,7,0,0,0,0,5,9,1,70,4,1,1,45,55,3,61,31,0,1,0,1,0,11,0,3,0,10,0,3,0,2,0,2,0,4,2,35.65951833333333,139.70159888888887,7,3,9999,0,5,0
1,30,332,69,2,0,1,20120,0,113,2024,6,1,14,55,12,4,26,18,52,1,1,1,14,7,0,0,0,0,5,9,1,70,4,1,1,35,65,3,61,31,0,1,0,1,0,11,0,4,0,10,0,3,0,2,0,2,0,4,2,35.674817499999996,139.71258333333333,7,3,9999,0,4,0
1,30,332,72,2,0,1,20000,0,113,2024,6,12,21,18,22,4,25,18,57,1,1,1,1,7,1,21,0,0,11,9,30,70,4,1,1,55,75,3,61,1,0,1,0,1,0,11,0,2,0,80,0,3,0,2,0,2,0,4,2,35.67952083333333,139.71086583333332,4,3,9999,0,9,0
1,30,332,73,2,0,1,30000,0,113,2024,6,11,15,15,12,4,25,18,57,1,1,1,14,7,0,0,0,0,3,9,1,70,5,3,1,75,35,3,61,31,0,1,0,1,0,11,0,10,0,50,0,3,0,2,0,2,0,4,2,35.67382722222222,139.70417055555555,3,3,964,0,9,0
1,30,333,105,2,0,1,10160,0,113,2024,6,24,19,13,21,4,26,19,1,2,1,1,1,1,9,22,0,0,11,9,30,70,5,1,1,25,35,43,61,41,0,31,0,0,0,0,0,10,0,10,0,3,0,0,0,0,0,4,2,35.673718055555554,139.68753833333335,2,3,0,0,0,0
1,30,333,106,2,0,1,30000,0,113,2024,6,30,9,0,12,4,28,19,1,2,1,1,1,7,9,22,0,0,11,7,30,70,5,3,1,45,25,3,61,31,0,1,0,1,0,11,0,1,0,40,0,3,0,2,0,2,0,4,2,35.67389222222222,139.66240055555556,1,3,9999,0,5,0
1,30,435,114,2,0,1,30000,0,104,2024,6,3,21,0,22,4,26,18,53,3,1,2,14,7,0,0,0,0,2,9,1,1,5,3,1,35,35,52,61,41,0,0,0,0,0,0,0,0,0,10,0,3,0,0,0,0,0,4,2,35.695587777777774,139.72663055555554,2,3,0,0,0,0
1,30,435,120,2,0,1,20290,0,104,2024,6,14,11,0,12,4,25,18,58,1,1,1,14,7,0,0,0,0,4,9,1,70,5,1,1,1,75,51,61,41,0,0,0,0,0,0,0,0,0,10,0,4,0,0,0,0,0,4,2,35.70075833333333,139.7088922222222,6,3,0,0,0,0
1,30,435,121,2,0,1,30000,0,104,2024,6,17,18,0,13,4,25,18,59,1,1,1,1,7,9,22,0,0,11,9,30,70,5,3,1,35,1,3,61,31,0,1,0,1,0,11,0,1,0,40,0,3,0,2,0,2,0,4,2,35.70639666666667,139.73659055555555,2,3,9999,0,1,0
1,30,435,126,2,0,1,30000,0,104,2024,6,29,12,40,12,4,28,19,1,1,1,1,14,7,0,0,0,0,1,8,1,70,4,2,1,35,55,51,61,41,0,0,0,0,0,0,0,0,0,10,0,3,0,0,0,0,0,4,2,35.70009888888889,139.73300583333332,7,3,0,0,0,0
1,30,436,163,2,0,1,30290,0,104,2024,6,10,13,5,12,4,25,18,57,1,1,1,14,7,0,0,0,0,4,9,1,70,4,2,1,75,25,3,61,31,0,1,0,1,0,11,0,3,0,10,0,4,0,2,0,2,0,4,2,35.69688222222222,139.69788416666668,2,3,88,0,5,0
1,30,436,165,2,0,1,10240,0,104,2024,6,11,11,45,12,4,25,18,57,1,1,1,1,1,9,22,0,0,18,9,30,70,1,2,1,1,1,14,61,1,0,11,0,1,0,11,0,5,0,80,0,3,0,2,0,2,0,4,2,35.69374666666666,139.69518666666667,3,3,9999,0,1,0
1,30,436,168,2,0,1,200,87,104,2024,6,15,2,0,22,4,25,18,59,1,1,1,7,7,0,0,0,0,6,9,1,70,1,2,1,45,25,12,61,31,0,11,0,2,0,11,0,10,0,30,0,4,0,2,0,2,0,4,2,35.68852222222222,139.69835138888888,7,3,9999,0,1,0
1,30,436,172,2,0,1,30000,0,104,2024,6,13,21,37,22,4,25,18,58,1,1,1,14,7,0,0,0,0,1,9,1,70,5,2,1,55,45,3,61,1,0,1,0,1,0,11,0,2,0,20,0,4,0,2,0,2,0,4,2,35.69432861111111,139.70038527777777,5,3,9999,0,4,0
1,30,436,177,2,0,1,30000,0,104,2024,6,20,15,31,12,4,25,19,0,1,1,1,1,7,4,21,0,0,14,9,30,70,5,3,1,35,75,3,61,31,0,1,0,1,0,11,0,2,0,10,0,4,0,2,0,2,0,4,2,35.694987499999996,139.70502166666665,5,3,9999,0,1,0
1,30,436,180,2,0,1,30290,0,104,2024,6,27,8,45,12,4,27,19,1,1,1,1,1,1,9,22,0,0,15,9,30,70,4,2,1,1,45,51,61,41,0,0,0,0,0,0,0,0,0,10,0,3,0,0,0,0,0,4,2,35.70642166666667,139.69429444444444,5,3,0,0,0,0
1,30,436,181,2,0,1,30000,0,104,2024,6,19,21,40,22,4,25,19,0,1,1,1,14,7,0,0,0,0,3,9,1,70,5,3,1,55,45,3,61,1,0,1,0,1,0,11,0,2,0,40,0,4,0,2,0,2,0,4,2,35.69643277777777,139.70368416666665,4,3,9999,0,9,0
1,30,437,105,2,0,2,30000,0,104,2024,5,10,21,53,22,4,40,18,35,1,1,1,1,7,9,22,0,0,15,7,30,70,4,2,1,45,25,35,61,31,0,0,0,0,0,11,0,2,0,10,0,3,0,0,0,0,0,2,2,35.71228027777778,139.70451333333332,6,3,9999,0,1,0
1,30,437,107,2,0,1,30000,0,104,2024,6,1,11,49,12,4,26,18,52,1,1,1,14,7,0,0,0,0,1,8,1,70,4,2,1,25,1,51,61,41,0,0,0,0,0,0,0,0,0,10,0,3,0,0,0,0,0,4,2,35.71427916666667,139.70529666666667,7,3,0,0,0,0
1,30,437,119,2,0,1,30000,0,104,2024,4,13,18,5,13,5,11,18,13,1,1,1,7,7,0,0,0,0,1,9,1,70,5,3,1,65,55,3,61,31,0,1,0,1,0,11,0,2,0,80,0,3,0,2,0,2,0,4,2,35.71345527777778,139.70587083333334,7,3,9999,0,9,0
1,30,437,120,2,0,1,10010,0,104,2024,6,1,1,2,22,4,26,18,52,1,1,1,1,1,9,22,0,0,18,9,30,70,4,1,1,55,25,3,61,1,0,1,0,1,0,11,0,3,0,50,0,3,0,2,0,2,0,4,2,35.722675833333334,139.68418222222223,7,3,9999,0,9,0
1,30,437,121,2,0,1,30000,0,104,2024,6,21,21,51,22,4,26,19,0,2,1,2,14,7,0,0,0,0,1,9,1,70,4,1,1,35,45,51,61,41,0,0,0,0,0,0,0,0,0,10,0,3,0,0,0,0,0,4,2,35.71560361111111,139.69435388888888,6,3,0,0,0,0
1,30,437,122,2,0,1,30000,0,104,2024,6,24,11,40,12,4,26,19,1,1,1,1,1,7,1,21,0,0,14,9,30,70,5,3,1,65,45,14,61,31,0,11,0,1,0,11,0,5,0,50,0,3,0,2,0,2,0,4,2,35.7101075,139.70418194444443,2,3,9999,0,9,0
1,30,438,108,2,0,1,30000,0,104,2024,6,4,20,45,22,4,26,18,53,1,1,1,14,7,0,0,0,0,3,9,1,70,5,3,1,25,1,14,61,1,0,11,0,1,0,11,0,10,0,80,0,3,0,2,0,2,0,4,2,35.68712416666666,139.7247413888889,3,3,9999,0,1,0
1,30,438,109,2,0,1,30000,0,104,2024,6,6,16,13,12,4,25,18,54,1,1,1,14,7,0,0,0,0,2,9,1,70,5,3,1,65,25,3,61,1,0,1,0,1,0,11,0,2,0,70,0,4,0,2,0,2,0,4,2,35.68795222222222,139.71681722222223,5,3,9999,0,9,0
1,30,438,111,2,0,1,21030,0,104,2024,6,8,23,29,22,4,25,18,56,1,1,1,1,1,9,22,0,0,19,9,30,70,1,1,1,1,1,3,61,31,0,1,0,1,0,11,0,4,0,40,0,4,0,2,0,1,0,4,2,35.68995805555555,139.70697083333332,7,3,9999,0,4,0
1,30,438,112,2,0,1,30000,0,104,2024,6,3,14,0,12,4,26,18,53,1,1,1,14,7,0,0,0,0,1,8,1,70,5,3,1,25,45,51,61,41,0,0,0,0,0,0,0,0,0,10,0,3,0,0,0,0,0,4,2,35.691941944444444,139.70891527777778,2,3,0,0,0,0
1,30,438,115,2,0,1,30000,0,104,2024,6,13,12,10,12,4,25,18,58,2,1,1,14,7,0,0,0,0,3,9,1,70,5,2,1,65,55,3,61,31,0,1,0,1,0,11,0,1,0,10,0,3,0,2,0,2,0,4,2,35.68852111111111,139.72858277777777,5,3,9999,0,9,0
1,30,438,119,2,0,1,10090,0,104,2024,6,19,17,35,12,4,25,19,0,1,1,1,1,1,9,22,0,0,15,9,30,70,5,2,1,55,55,3,61,31,0,1,0,1,0,11,0,4,0,10,0,3,0,2,0,2,0,4,2,35.69100444444444,139.7048936111111,4,3,9999,0,9,0
1,30,439,121,2,0,1,10160,0,114,2024,5,14,10,15,12,4,37,18,38,1,1,1,14,7,0,0,0,0,2,9,1,70,1,2,1,65,35,3,61,1,0,1,0,1,0,11,0,5,0,40,0,3,0,2,0,2,0,4,2,35.69491333333333,139.68235527777776,3,3,9999,0,9,0
1,30,439,123,2,0,1,20280,0,114,2024,6,3,17,20,12,4,26,18,53,3,1,2,14,7,0,0,0,0,5,9,1,70,1,2,1,45,0,61,0,0,0,0,0,0,0,0,0,0,0,0,0,0,0,0,0,0,0,2,0,35.70630944444445,139.66540527777778,2,3,0,0,0,0
1,30,439,127,2,0,1,20280,0,114,2024,6,9,9,25,12,4,25,18,56,2,1,1,14,7,0,0,0,0,2,9,1,70,5,1,1,35,55,52,61,41,0,0,0,0,0,0,0,0,0,20,0,3,0,0,0,0,0,4,2,35.68602944444444,139.6690463888889,1,3,0,0,0,0
1,30,439,140,2,0,1,10240,0,114,2024,6,25,7,30,12,4,27,19,1,2,1,1,14,7,0,0,0,0,1,9,1,70,5,1,1,45,45,35,61,31,0,0,0,0,0,11,0,10,0,10,0,2,0,0,0,0,0,4,2,35.6974775,139.66670138888887,3,3,9999,0,5,0
1,30,440,125,2,0,1,30000,0,114,2024,6,7,14,45,12,4,25,18,55,1,1,1,14,7,0,0,0,0,1,9,1,70,5,1,1,1,25,3,61,31,0,1,0,1,0,11,0,1,0,10,0,3,0,2,0,2,0,4,2,35.70966472222222,139.65675472222222,6,3,9999,0,1,0
1,30,440,132,2,0,1,10220,0,114,2024,6,13,14,30,12,4,25,18,58,1,1,1,1,7,9,22,0,0,11,9,30,70,4,1,1,65,25,3,61,1,0,1,0,1,0,11,0,3,0,10,0,3,0,2,0,2,0,4,2,35.710012500000005,139.66596416666667,5,3,9999,0,9,0
1,30,440,134,2,0,2,30000,0,114,2024,6,16,16,15,12,4,25,18,59,1,1,1,7,7,0,0,0,0,1,8,1,70,5,4,1,1,1,51,61,41,0,0,0,0,0,0,0,0,0,10,0,4,0,0,0,0,0,4,2,35.71631638888889,139.65188444444445,1,3,0,0,0,0
1,30,440,135,2,0,1,30000,0,114,2024,6,17,8,20,12,4,25,18,59,1,1,1,1,1,0,0,0,0,15,9,30,70,4,1,1,1,0,61,0,0,0,0,0,0,0,0,0,0,0,0,0,0,0,0,0,0,0,2,0,35.706901388888895,139.66338027777778,2,3,0,0,0,0
1,30,440,141,2,0,1,30000,0,114,2024,6,24,23,30,22,4,26,19,1,1,1,1,14,7,0,0,0,0,2,8,1,70,5,3,1,35,55,51,61,41,0,0,0,0,0,0,0,0,0,10,0,3,0,0,0,0,0,4,2,35.7188675,139.65629805555557,2,3,0,0,0,0
1,30,440,144,2,0,1,20280,0,114,2024,5,8,1,40,22,4,42,18,34,1,1,1,14,7,0,0,0,0,2,9,1,70,4,1,1,1,0,61,0,0,0,0,0,0,0,0,0,0,0,0,0,0,0,0,0,0,0,2,0,35.70890722222222,139.66506527777779,4,3,0,0,0,0
1,30,440,145,2,0,1,10220,0,114,2024,6,28,4,0,23,4,28,19,1,3,1,2,7,7,0,0,0,0,2,9,1,70,4,1,1,45,55,3,61,31,0,1,0,1,0,11,0,3,0,10,0,3,0,2,0,2,0,4,2,35.70996166666667,139.66697277777777,6,3,9999,0,9,0
1,30,441,168,2,0,1,10260,0,115,2024,6,3,0,4,22,4,26,18,53,3,1,2,1,1,9,22,0,0,14,9,30,70,5,2,1,1,1,35,61,31,0,0,0,0,0,11,0,5,0,10,0,3,0,0,0,0,0,4,2,35.69216833333333,139.63726138888887,2,3,9999,0,1,0
1,30,441,171,2,0,1,30000,0,115,2024,6,5,12,51,12,4,25,18,54,1,1,1,1,7,9,22,0,0,11,9,30,70,5,4,1,25,45,51,61,41,0,0,0,0,0,0,0,0,0,10,0,3,0,0,0,0,0,4,2,35.69354111111111,139.6405125,4,3,0,0,0,0
1,30,441,182,2,0,1,20500,0,115,2024,6,19,14,50,12,4,25,19,0,1,1,1,14,1,0,0,0,0,3,9,1,70,4,2,1,65,1,3,61,1,0,1,0,1,0,11,0,3,0,10,0,3,0,2,0,2,0,4,2,35.707347777777784,139.63613416666666,4,3,9999,0,9,0
1,30,441,188,2,0,1,30000,0,115,2024,6,22,16,30,12,4,26,19,0,1,1,1,14,7,0,0,0,0,2,9,1,70,5,4,1,65,25,13,61,31,0,11,0,1,0,11,0,10,0,20,0,3,0,2,0,2,0,4,2,35.69694722222222,139.64921944444444,7,3,9999,0,9,0
1,30,441,190,2,0,1,20500,0,115,2024,6,25,8,15,12,4,27,19,1,1,1,1,7,7,0,0,0,0,5,9,1,70,4,2,1,65,55,51,61,41,0,0,0,0,0,0,0,0,0,20,0,4,0,0,0,0,0,4,2,35.70642777777778,139.63629583333332,3,3,0,0,0,0
1,30,441,191,2,0,1,30000,0,115,2024,6,25,18,35,13,4,27,19,1,1,1,1,14,7,0,0,0,0,2,9,1,70,5,3,1,75,1,3,61,1,0,1,0,1,0,11,0,1,0,10,0,4,0,2,0,2,0,4,2,35.706388611111116,139.6527127777778,3,3,1000,0,9,0
1,30,442,132,2,0,1,30000,0,115,2024,6,6,18,15,13,4,25,18,54,2,1,1,1,7,1,21,0,0,14,8,30,70,1,1,1,55,45,3,61,31,0,1,0,1,0,11,0,2,0,10,0,3,0,2,0,2,0,4,2,35.68531083333333,139.6158113888889,5,3,9999,0,1,0