資料区分,都道府県コード,警察署等コード,本票番号,事故内容,死者数,負傷者数,路線コード,地点コード,市区町村コード,発生日時　　年,発生日時　　月,発生日時　　日,発生日時　　時,発生日時　　分,昼夜,日の出時刻　　時,日の出時刻　　分,日の入り時刻　　時,日の入り時刻　　分,天候,地形,路面状態,道路形状,信号機,一時停止規制　標識（当事者A）,一時停止規制　表示（当事者A）,一時停止規制　標識（当事者B）,一時停止規制　表示（当事者B）,車道幅員,道路線形,衝突地点,ゾーン規制,中央分離帯施設等,歩車道区分,事故類型,年齢（当事者A）,年齢（当事者B）,当事者種別（当事者A）,当事者種別（当事者B）,用途別（当事者A）,用途別（当事者B）,車両形状等（当事者A）,車両形状等（当事者B）,オートマチック車（当事者A）,オートマチック車（当事者B）,サポカー（当事者A）,サポカー（当事者B）,速度規制（指定のみ）（当事者A）,速度規制（指定のみ）（当事者B）,車両の衝突部位（当事者A）,車両の衝突部位（当事者B）,車両の損壊程度（当事者A）,車両の損壊程度（当事者B）,エアバッグの装備（当事者A）,エアバッグの装備（当事者B）,サイドエアバッグの装備（当事者A）,サイドエアバッグの装備（当事者B）,人身損傷程度（当事者A）,人身損傷程度（当事者B）,lat,lon,曜日(発生年月日),祝日(発生年月日),認知機能検査経過日数（当事者A）,認知機能検査経過日数（当事者B）,運転練習の方法（当事者A）,運転練習の方法（当事者B）
1,30,442,141,2,0,1,10130,0,115,2024,6,18,11,30,12,4,25,18,59,3,1,2,1,1,9,22,0,0,18,9,30,70,1,2,1,65,75,3,61,31,0,1,0,1,0,11,0,4,0,10,0,3,0,2,0,2,0,4,2,35.67579861111111,139.6589138888889,3,3,9999,0,9,0
1,30,443,118,2,0,1,10220,0,115,2024,6,1,12,4,12,4,26,18,52,1,1,1,14,7,0,0,0,0,3,9,1,70,4,2,1,55,1,3,61,31,0,1,0,1,0,11,0,3,0,80,0,3,0,2,0,2,0,4,2,35.71780833333334,139.623085,7,3,9999,0,9,0
1,30,443,134,2,0,1,30000,0,115,2024,6,20,17,20,12,4,25,19,0,1,1,1,14,7,0,0,0,0,2,9,1,70,5,4,1,35,25,3,61,31,0,1,0,1,0,11,0,5,0,40,0,3,0,2,0,2,0,4,2,35.70453666666667,139.59796333333335,5,3,9999,0,1,0
1,30,443,147,2,0,1,30000,0,115,2024,6,29,12,18,12,4,28,19,1,1,1,1,14,7,0,0,0,0,1,9,1,70,5,4,1,1,75,51,61,41,0,0,0,0,0,0,0,0,0,10,0,3,0,0,0,0,0,4,2,35.704215833333336,139.6212011111111,7,3,0,0,0,0
1,30,443,149,2,0,1,30000,0,115,2024,5,28,7,55,12,4,28,18,49,3,1,2,14,7,0,0,0,0,2,9,1,70,5,3,1,25,25,3,61,31,0,1,0,1,0,11,0,2,0,40,0,3,0,2,0,2,0,4,2,35.70695361111111,139.59577083333335,3,3,9999,0,1,0
1,30,545,75,2,0,1,10100,0,105,2024,6,18,9,30,12,4,25,18,59,3,1,2,1,1,9,22,0,0,19,9,30,70,1,2,1,1,1,3,61,1,0,1,0,1,0,11,0,5,0,10,0,3,0,2,0,2,0,4,2,35.709856388888895,139.7531277777778,3,3,9999,0,1,0
1,30,546,50,2,0,1,10280,0,105,2024,6,25,8,25,12,4,27,19,1,2,1,1,1,1,9,22,0,0,17,9,30,70,1,1,1,25,55,51,61,41,0,0,0,0,0,0,0,0,0,10,0,3,0,0,0,0,0,4,2,35.70916694444445,139.73483666666667,3,3,0,0,0,0
1,30,546,51,2,0,1,30000,0,105,2024,6,28,10,30,12,4,28,19,1,3,1,2,1,1,9,22,0,0,14,9,30,70,5,1,1,55,65,13,61,1,0,11,0,1,0,11,0,2,0,0,0,4,0,2,0,2,0,4,2,35.71011083333334,139.73527305555555,6,3,9999,0,9,0
1,30,549,45,2,0,1,30000,0,116,2024,6,6,17,15,12,4,25,18,54,1,1,1,14,7,0,0,0,0,1,9,1,70,5,4,1,65,55,3,61,31,0,1,0,1,0,11,0,10,0,20,0,4,0,2,0,2,0,4,2,35.73807416666667,139.74791444444443,5,3,9999,0,9,0
1,30,549,46,2,0,1,30000,0,116,2024,6,15,1,32,22,4,25,18,59,2,1,1,1,7,1,21,0,0,17,9,30,70,5,1,1,45,45,14,61,1,0,11,0,1,0,11,0,1,0,10,0,4,0,2,0,2,0,4,2,35.73794,139.72176583333334,7,3,9999,0,5,0
1,30,549,50,2,0,1,30000,0,116,2024,6,27,11,30,12,4,27,19,1,1,1,1,14,7,0,0,0,0,2,9,1,70,5,4,1,35,45,14,61,31,0,11,0,1,0,11,0,10,0,20,0,4,0,2,0,2,0,4,2,35.734498333333335,139.73239555555557,5,3,9999,0,1,0
1,30,549,51,2,0,1,20400,0,116,2024,6,24,18,35,13,4,26,19,1,1,1,1,1,1,9,22,0,0,17,9,30,70,1,2,1,45,45,51,61,41,0,0,0,0,0,0,0,0,0,10,0,3,0,0,0,0,0,4,2,35.736601944444445,139.74673444444443,2,3,0,0,0,0
1,30,550,91,2,0,1,30000,0,116,2024,6,18,17,50,12,4,25,18,59,3,1,2,7,7,0,0,0,0,3,9,1,70,4,2,1,25,65,51,61,41,0,0,0,0,0,0,0,0,0,10,0,4,0,0,0,0,0,4,2,35.73337027777778,139.71230555555553,3,3,0,0,0,0
1,30,550,93,2,0,1,2540,0,116,2023,8,30,15,10,12,5,11,18,12,1,1,1,14,7,0,0,0,0,6,9,1,70,1,2,1,1,55,51,61,41,0,0,0,0,0,0,0,0,0,10,0,3,0,0,0,0,0,4,2,35.73726138888889,139.71348138888888,4,3,0,0,0,0
1,30,550,96,2,0,1,30000,0,116,2024,6,28,12,40,12,4,28,19,1,3,1,2,1,7,9,22,0,0,14,9,30,70,5,2,1,65,55,3,61,31,0,1,0,1,0,11,0,3,0,20,0,3,0,2,0,2,0,4,2,35.73307666666667,139.70995166666665,6,3,9999,0,9,0
1,30,551,74,2,0,1,30000,0,116,2024,6,12,8,38,12,4,25,18,57,1,1,1,1,7,9,22,0,0,11,9,30,70,5,3,1,55,45,3,61,31,0,1,0,1,0,11,0,2,0,20,0,4,0,2,0,2,0,4,2,35.72651333333334,139.7130761111111,4,3,9999,0,9,0
1,30,551,76,2,0,1,30000,0,116,2024,6,12,17,40,12,4,25,18,57,1,1,1,1,7,0,0,0,0,14,9,30,70,5,4,1,55,0,61,0,0,0,0,0,0,0,0,0,0,0,0,0,0,0,0,0,0,0,2,0,35.71400138888889,139.70989444444444,4,3,0,0,0,0
1,30,551,85,2,0,1,10280,0,116,2024,6,24,18,55,13,4,26,19,1,1,1,1,14,7,0,0,0,0,3,9,1,70,1,1,1,35,35,4,61,31,0,1,0,1,0,11,0,4,0,80,0,3,0,2,0,2,0,4,2,35.71598361111111,139.70505972222222,2,3,9999,0,5,0
1,30,551,86,2,0,1,30000,0,116,2024,6,24,12,26,12,4,26,19,1,1,1,1,14,7,0,0,0,0,2,9,1,1,5,3,1,25,65,43,61,41,0,31,0,0,0,0,0,10,0,10,0,4,0,0,0,0,0,4,2,35.724358333333335,139.69201444444445,2,3,0,0,0,0
1,30,552,69,1,1,0,30000,0,117,2024,6,8,0,23,22,4,25,18,56,1,1,1,1,7,9,22,0,0,15,9,30,70,4,1,1,35,55,4,61,31,0,1,0,1,0,11,0,3,0,10,0,3,0,2,0,2,0,4,1,35.74181638888889,139.759205,7,3,9999,0,9,0
1,30,552,80,2,0,1,20000,0,117,2024,6,8,14,30,12,4,25,18,56,1,1,1,7,7,0,0,0,0,3,8,1,70,4,1,1,55,25,51,61,41,0,0,0,0,0,0,0,0,0,10,0,3,0,0,0,0,0,4,2,35.737814444444446,139.7631961111111,7,3,0,0,0,0
1,30,553,99,2,0,1,30000,0,117,2024,6,1,10,35,12,4,26,18,52,1,1,1,14,7,0,0,0,0,2,9,1,70,4,3,1,1,25,17,61,31,0,11,0,2,0,11,0,2,0,80,0,4,0,2,0,2,0,4,2,35.76481583333333,139.72477333333333,7,3,9999,0,5,0
1,30,553,104,2,0,1,30000,0,117,2024,6,4,18,31,13,4,26,18,53,2,1,1,14,7,0,0,0,0,1,9,1,70,5,4,1,25,35,3,61,31,0,1,0,1,0,11,0,10,0,20,0,3,0,2,0,2,0,4,2,35.75903777777778,139.7225925,3,3,9999,0,4,0
1,30,553,107,2,0,1,30000,0,117,2024,6,14,17,55,12,4,25,18,58,1,1,1,14,7,0,0,0,0,2,9,1,70,5,2,1,25,35,51,61,41,0,0,0,0,0,0,0,0,0,10,0,3,0,0,0,0,0,4,2,35.766019444444446,139.7395211111111,6,3,0,0,0,0
1,30,553,111,2,0,1,30000,0,117,2024,6,24,19,10,21,4,26,19,1,2,1,1,14,7,0,0,0,0,2,9,1,70,5,4,1,55,25,4,61,31,0,1,0,1,0,11,0,10,0,30,0,3,0,2,0,2,0,4,2,35.751172777777775,139.74839916666664,2,3,9999,0,1,0
1,30,554,56,2,0,1,30000,0,117,2024,6,7,11,30,12,4,25,18,55,1,1,1,1,7,9,22,0,0,14,9,30,70,5,1,1,45,45,3,61,1,0,1,0,1,0,11,0,3,0,40,0,3,0,2,0,2,0,4,2,35.78215,139.7185697222222,6,3,9999,0,5,0
1,30,555,172,2,0,1,30000,0,119,2024,6,5,14,0,12,4,25,18,54,1,1,1,1,7,9,22,0,0,14,9,30,70,5,3,1,75,75,3,61,31,0,1,0,1,0,11,0,2,0,80,0,3,0,2,0,2,0,4,2,35.74885694444445,139.70315749999997,4,3,1136,0,9,0
1,30,555,173,2,0,1,30000,0,119,2024,6,7,16,35,12,4,25,18,55,1,1,1,1,7,9,22,0,0,15,9,30,70,5,3,1,45,75,52,61,41,0,0,0,0,0,0,0,0,0,10,0,4,0,0,0,0,0,4,2,35.748448055555556,139.70092944444443,6,3,0,0,0,0
1,30,555,176,2,0,1,10160,0,119,2024,6,9,11,10,12,4,25,18,56,2,1,1,1,1,9,22,0,0,17,9,30,70,5,2,1,45,25,35,61,31,0,0,0,0,0,11,0,2,0,10,0,4,0,0,0,0,0,4,2,35.738308333333336,139.70433138888887,1,3,9999,0,1,0
1,30,555,177,2,0,1,30000,0,119,2024,5,1,11,50,12,4,49,18,28,3,1,2,1,1,9,22,0,0,14,9,30,70,5,3,1,25,25,17,61,31,0,11,0,1,0,1,0,1,0,80,0,3,0,2,0,2,0,4,2,35.7478825,139.7096063888889,4,3,9999,0,1,0
1,30,555,182,2,0,1,10130,0,119,2024,3,13,13,50,12,5,55,17,47,1,1,1,1,1,9,22,0,0,18,9,30,70,5,1,1,45,45,51,61,41,0,0,0,0,0,0,0,0,0,10,0,4,0,0,0,0,0,4,2,35.76129,139.70613999999998,4,3,0,0,0,0
1,30,555,189,2,0,1,30000,0,119,2024,6,28,20,36,22,4,28,19,1,3,1,2,1,1,9,22,0,0,17,9,30,70,1,2,1,25,45,3,61,31,0,1,0,1,0,11,0,2,0,10,0,4,0,2,0,2,0,4,2,35.758471666666665,139.70642638888887,6,3,9999,0,1,0
1,30,555,190,2,0,1,10130,0,119,2024,4,26,18,28,21,4,55,18,24,1,1,1,14,7,0,0,0,0,5,9,1,70,1,2,1,55,55,51,61,41,0,0,0,0,0,0,0,0,0,10,0,3,0,0,0,0,0,4,2,35.746583333333334,139.6763825,6,3,0,0,0,0
1,30,556,131,2,0,1,170,118,119,2024,6,3,15,35,12,4,26,18,53,1,1,1,1,1,9,22,0,0,17,9,30,70,1,2,1,55,1,4,61,31,0,1,0,1,0,11,0,5,0,10,0,3,0,2,0,2,0,4,2,35.76437472222222,139.70447805555554,2,3,9999,0,9,0
1,30,556,136,2,0,1,30000,0,119,2024,6,7,17,10,12,4,25,18,55,1,1,1,1,7,9,22,0,0,14,9,30,70,5,1,1,45,1,3,61,31,0,1,0,1,0,11,0,2,0,10,0,3,0,2,0,2,0,4,2,35.76435583333333,139.69409194444444,6,3,9999,0,5,0
1,30,556,147,2,0,1,30760,0,119,2024,6,20,18,10,13,4,25,19,0,1,1,1,7,7,0,0,0,0,2,9,1,70,5,2,1,35,55,36,61,31,0,0,0,0,0,11,0,2,0,40,0,3,0,0,0,0,0,4,2,35.76303722222222,139.69388138888888,5,3,9999,0,1,0
1,30,556,152,2,0,1,30000,0,119,2024,6,24,8,0,12,4,26,19,1,1,1,1,1,7,9,22,0,0,11,8,30,70,5,3,1,45,35,51,61,41,0,0,0,0,0,0,0,0,0,10,0,4,0,0,0,0,0,4,2,35.79650916666667,139.68750861111113,2,3,0,0,0,0
1,30,557,136,2,0,1,99000,0,120,2024,4,27,20,40,22,4,53,18,24,1,1,1,0,7,0,0,0,0,0,0,20,70,0,4,1,65,65,3,61,31,0,1,0,1,0,11,0,10,0,21,0,2,0,2,0,2,0,4,2,35.72873388888889,139.6477072222222,7,3,9999,0,9,0
1,30,557,139,2,0,1,30000,0,120,2024,6,7,15,23,12,4,25,18,55,1,1,1,13,7,0,0,0,0,2,6,1,70,5,2,1,1,55,35,61,31,0,0,0,0,0,11,0,5,0,10,0,3,0,0,0,0,0,4,2,35.748959444444445,139.6667686111111,6,3,0,0,0,0
1,30,557,142,2,0,1,30000,0,120,2024,4,5,20,57,22,5,22,18,6,2,1,1,14,7,0,0,0,0,3,9,1,70,4,2,1,25,1,3,61,31,0,1,0,1,0,11,0,4,0,50,0,3,0,2,0,2,0,4,2,35.737605555555554,139.6527661111111,6,3,9999,0,1,0
1,30,557,145,2,0,1,10000,0,120,2024,6,12,16,45,12,4,25,18,57,1,1,1,14,7,0,0,0,0,4,9,1,70,4,2,1,65,65,51,61,41,0,0,0,0,0,0,0,0,0,10,0,4,0,0,0,0,0,4,2,35.73540527777778,139.6534536111111,4,3,0,0,0,0
1,30,557,148,2,0,1,30000,0,120,2024,6,17,7,25,12,4,25,18,59,1,1,1,14,7,0,0,0,0,3,9,1,70,5,3,1,45,65,3,61,31,0,1,0,1,0,11,0,10,0,80,0,3,0,2,0,2,0,4,2,35.74836277777778,139.6544775,2,3,9999,0,1,0
1,30,558,141,2,0,1,30000,0,120,2024,6,12,9,48,12,4,25,18,57,1,1,1,14,7,0,0,0,0,2,7,1,70,5,3,1,1,75,51,61,41,0,0,0,0,0,0,0,0,0,10,0,4,0,0,0,0,0,4,2,35.75500916666667,139.58831805555556,4,3,0,0,0,0
1,30,558,159,2,0,1,30000,0,120,2024,4,9,12,40,12,5,16,18,9,3,1,2,13,7,0,0,0,0,3,6,1,70,4,3,1,45,1,3,61,31,0,1,0,1,0,11,0,2,0,40,0,3,0,2,0,2,0,4,2,35.75561472222222,139.5859725,3,3,9999,0,1,0
1,30,558,160,2,0,1,30000,0,120,2024,5,12,15,20,12,4,38,18,37,2,1,1,14,7,0,0,0,0,3,9,1,70,4,3,1,45,35,3,61,31,0,1,0,1,0,11,0,2,0,40,0,4,0,2,0,2,0,4,4,35.74764166666667,139.56747277777777,1,3,9999,0,1,0
1,30,559,136,2,0,1,30000,0,119,2024,6,2,13,0,12,4,26,18,52,3,1,2,7,7,0,0,0,0,2,9,1,70,5,3,1,55,75,51,61,41,0,0,0,0,0,0,0,0,0,10,0,4,0,0,0,0,0,4,2,35.77348638888889,139.6344861111111,1,3,0,0,0,0
1,30,559,142,2,0,1,2540,151,120,2024,6,5,1,45,22,4,25,18,54,1,1,1,1,1,0,0,0,0,19,6,30,70,5,2,1,55,0,61,0,0,0,0,0,0,0,0,0,0,0,0,0,0,0,0,0,0,0,2,0,35.779579166666664,139.62498416666668,4,3,0,0,0,0
1,30,559,144,2,0,1,30000,0,119,2024,6,7,5,25,12,4,25,18,55,2,1,1,7,7,0,0,0,0,3,9,1,70,5,4,1,75,55,17,61,1,0,11,0,1,0,11,0,10,0,30,0,3,0,2,0,2,0,4,2,35.77075361111111,139.64506666666665,6,3,498,0,9,0
1,30,559,147,2,0,1,30000,0,119,2024,6,16,16,55,12,4,25,18,59,1,1,1,13,7,0,0,0,0,3,5,1,70,4,3,1,35,1,1,61,1,0,1,0,1,0,11,0,2,0,40,0,3,0,2,0,2,0,4,2,35.78051027777778,139.63027861111112,1,3,9999,0,1,0
1,30,559,148,2,0,1,30000,0,119,2024,6,9,11,40,12,4,25,18,56,1,1,1,14,7,0,0,0,0,2,9,1,70,5,3,1,25,55,3,61,31,0,1,0,1,0,11,0,10,0,40,0,3,0,2,0,2,0,4,2,35.76918722222222,139.66082166666666,1,3,9999,0,1,0
1,30,559,153,2,0,1,30930,0,119,2024,6,22,10,20,12,4,26,19,0,1,1,1,1,7,1,21,0,0,18,9,30,70,5,2,1,75,55,3,61,31,0,1,0,1,0,11,0,3,0,10,0,3,0,2,0,2,0,4,2,35.7908025,139.6590588888889,7,3,709,0,9,0
1,30,559,154,2,0,1,30000,0,119,2024,6,23,20,20,22,4,26,19,1,2,1,1,14,7,0,0,0,0,2,9,1,70,5,3,1,65,25,13,61,31,0,11,0,1,0,11,0,10,0,20,0,4,0,2,0,2,0,4,2,35.7720325,139.64254805555555,1,3,9999,0,9,0
1,30,559,158,2,0,1,30000,0,119,2024,6,29,12,40,12,4,28,19,1,1,1,1,14,7,0,0,0,0,2,9,1,70,4,4,1,35,45,51,61,41,0,0,0,0,0,0,0,0,0,10,0,3,0,0,0,0,0,4,2,35.77262472222222,139.66307416666666,7,3,0,0,0,0
1,30,559,159,2,0,1,30000,0,119,2024,6,29,13,52,12,4,28,19,1,1,1,1,14,7,0,0,0,0,3,9,1,70,4,4,1,1,75,51,61,41,0,0,0,0,0,0,0,0,0,11,0,3,0,0,0,0,0,4,2,35.7719525,139.6674175,7,3,0,0,0,0
1,30,560,126,2,0,1,30000,0,120,2024,5,31,22,32,22,4,27,18,51,2,1,1,1,1,9,22,0,0,14,9,30,70,4,2,1,35,1,3,61,31,0,1,0,1,0,11,0,2,0,50,0,3,0,2,0,2,0,4,2,35.76013638888889,139.6422386111111,6,3,9999,0,9,0
1,30,560,127,2,0,1,30000,0,120,2024,6,8,19,45,21,4,25,18,56,1,1,1,14,7,0,0,0,0,3,9,1,70,5,3,1,65,35,51,61,41,0,0,0,0,0,0,0,0,0,10,0,3,0,0,0,0,0,4,2,35.768009444444445,139.6616763888889,7,3,0,0,0,0
1,30,660,103,2,0,1,30000,0,106,2024,6,14,22,30,22,4,25,18,58,1,1,1,14,7,0,0,0,0,3,9,1,70,5,2,1,55,55,3,61,31,0,1,0,1,0,11,0,10,0,10,0,4,0,2,0,2,0,4,2,35.70655888888889,139.77375111111112,6,3,9999,0,1,0
1,30,660,105,2,0,1,30000,0,106,2024,6,17,17,18,12,4,25,18,59,2,1,1,1,7,4,21,0,0,14,9,30,70,5,3,1,55,75,3,61,31,0,1,0,1,0,11,0,10,0,10,0,4,0,2,0,2,0,4,2,35.710325277777784,139.76814166666668,2,3,9999,0,9,0
1,30,660,108,2,0,1,30000,0,106,2024,6,19,12,55,12,4,25,19,0,1,1,1,14,7,0,0,0,0,2,9,1,70,5,4,1,65,65,3,61,31,0,1,0,1,0,11,0,2,0,40,0,4,0,2,0,2,0,4,2,35.71393777777778,139.77277444444445,4,3,9999,0,9,0
1,30,660,114,2,0,1,10290,0,106,2024,6,27,4,5,23,4,27,19,1,1,1,1,1,1,9,22,0,0,18,9,30,70,4,1,1,25,25,14,61,1,0,11,0,1,0,11,0,3,0,10,0,3,0,2,0,2,0,4,2,35.70276527777778,139.77452083333336,5,3,9999,0,1,0
1,30,660,115,2,0,1,20390,0,106,2024,6,28,8,40,12,4,28,19,1,3,1,2,1,1,9,22,0,0,18,9,30,70,5,1,1,45,55,17,61,1,0,11,0,1,0,11,0,4,0,50,0,3,0,2,0,2,0,4,2,35.707800000000006,139.7751238888889,6,3,9999,0,9,0
1,30,661,93,2,0,1,30000,0,106,2024,6,15,17,35,12,4,25,18,59,2,1,1,1,1,9,22,0,0,15,9,30,70,4,2,1,65,1,3,61,31,0,1,0,1,0,11,0,3,0,20,0,3,0,2,0,2,0,4,2,35.72521638888889,139.78622805555554,7,3,9999,0,9,0
1,30,661,95,2,0,1,20410,0,106,2024,6,19,12,40,12,4,25,19,0,1,1,1,1,1,9,22,0,0,17,9,30,70,4,2,1,65,75,51,61,41,0,0,0,0,0,0,0,0,0,20,0,3,0,0,0,0,0,4,2,35.73035472222222,139.76331694444445,4,3,0,0,0,0
1,30,661,104,2,0,1,30000,0,106,2024,6,30,1,23,22,4,28,19,1,1,1,1,1,1,9,22,0,0,14,9,30,70,4,2,1,35,25,4,61,31,0,1,0,1,0,11,0,1,0,10,0,3,0,2,0,2,0,4,2,35.72706388888889,139.78845333333334,1,3,9999,0,5,0
1,30,662,66,2,0,1,30000,0,106,2024,6,9,0,40,22,4,25,18,56,1,1,1,1,7,9,22,0,0,14,9,30,70,5,3,1,45,45,17,61,1,0,11,0,1,0,11,0,10,0,40,0,4,0,2,0,2,0,4,2,35.715356944444444,139.79356277777777,1,3,9999,0,5,0
1,30,663,69,2,0,1,90000,0,106,2024,6,4,13,35,12,4,26,18,53,1,1,1,14,7,0,0,0,0,1,9,20,70,5,4,1,25,55,36,61,31,0,0,0,0,0,11,0,10,0,10,0,3,0,0,0,0,0,4,2,35.70704694444445,139.79340583333334,3,3,9999,0,1,0
1,30,663,75,2,0,1,30000,0,106,2024,6,9,10,3,12,4,25,18,56,2,1,1,14,7,0,0,0,0,2,9,1,70,5,3,1,1,25,3,61,31,0,1,0,1,0,11,0,2,0,50,0,4,0,2,0,2,0,4,2,35.71044416666667,139.7862561111111,1,3,9999,0,1,0
1,30,664,42,2,0,1,10340,0,118,2024,6,13,8,5,12,4,25,18,58,1,1,1,1,1,9,22,0,0,15,9,30,70,4,2,1,75,65,3,61,31,0,1,0,1,0,11,0,1,0,20,0,3,0,2,0,1,0,4,2,35.751488333333334,139.7865011111111,5,3,510,0,9,0
1,30,665,51,2,0,1,30000,0,118,2024,6,11,17,57,13,4,25,18,57,1,1,1,14,7,0,0,0,0,3,9,1,70,4,1,1,65,35,51,61,41,0,0,0,0,0,0,0,0,0,20,0,4,0,0,0,0,0,4,2,35.73417944444444,139.7947252777778,3,3,0,0,0,0
1,30,665,53,2,0,1,10090,0,118,2024,6,21,18,0,13,4,26,19,0,2,1,1,14,7,0,0,0,0,2,9,1,70,5,2,1,75,0,61,0,0,0,0,0,0,0,0,0,0,0,0,0,0,0,0,0,0,0,2,0,35.72916305555556,139.800655,6,3,0,0,0,0
1,30,666,69,2,0,1,20410,0,118,2024,4,25,13,32,12,4,56,18,23,1,1,1,1,1,9,22,0,0,18,9,30,70,4,2,1,75,65,3,61,31,0,1,0,1,0,11,0,3,0,10,0,4,0,2,0,2,0,4,2,35.7322125,139.76643777777778,5,3,175,0,9,0
1,30,666,71,2,0,1,30000,0,118,2024,6,1,8,30,12,4,26,18,52,1,1,1,1,7,9,22,0,0,11,9,30,70,5,4,1,65,45,3,61,1,0,1,0,1,0,11,0,2,0,80,0,4,0,2,0,2,0,4,2,35.73656305555556,139.7746791666667,7,3,9999,0,5,0
1,30,666,83,2,0,1,10710,0,118,2024,6,25,3,10,22,4,27,19,1,1,1,1,1,1,9,22,0,0,18,9,30,70,4,1,1,45,35,17,61,31,0,11,0,2,0,11,0,5,0,20,0,4,0,2,0,2,0,4,2,35.72847027777778,139.77304361111112,3,3,9999,0,9,0
1,30,667,89,2,0,1,30000,0,121,2024,6,15,13,27,12,4,25,18,59,1,1,1,1,7,9,22,0,0,15,9,30,70,4,1,1,55,1,3,61,31,0,1,0,1,0,11,0,3,0,50,0,3,0,2,0,2,0,4,2,35.746764166666665,139.80635555555557,7,3,9999,0,9,0
1,30,667,93,2,0,1,95000,0,121,2024,6,19,22,50,22,4,25,19,0,1,1,1,0,7,0,0,0,0,0,0,20,70,0,4,1,25,25,51,61,41,0,0,0,0,0,0,0,0,0,10,0,3,0,0,0,0,0,2,4,35.749608888888886,139.81414527777778,4,3,0,0,0,0
1,30,667,94,2,0,1,30000,0,121,2024,6,17,8,20,12,4,25,18,59,1,1,1,14,7,0,0,0,0,2,9,1,1,5,4,1,45,45,13,61,31,0,11,0,1,0,11,0,2,0,20,0,3,0,2,0,2,0,4,2,35.74641166666667,139.79699416666668,2,3,9999,0,1,0
1,30,668,273,2,0,1,30000,0,121,2024,6,1,2,20,22,4,26,18,52,2,1,2,1,1,9,22,0,0,17,9,30,70,4,2,1,35,65,3,61,1,0,1,0,1,0,11,0,3,0,50,0,3,0,2,0,2,0,4,2,35.78260611111111,139.77904527777778,7,3,9999,0,5,0
1,30,668,280,2,0,1,30790,0,121,2024,6,3,17,55,13,4,26,18,53,3,1,2,14,7,0,0,0,0,1,9,1,70,4,2,1,1,1,51,61,41,0,0,0,0,0,0,0,0,0,10,0,3,0,0,0,0,0,4,2,35.777717777777774,139.78205472222223,2,3,0,0,0,0
1,30,668,291,2,0,1,30000,0,121,2024,6,1,11,30,12,4,26,18,52,1,1,1,1,7,1,21,0,0,11,9,30,70,4,2,1,55,75,4,61,31,0,1,0,1,0,11,0,3,0,10,0,4,0,2,0,2,0,4,2,35.782133333333334,139.77923333333334,7,3,9999,0,9,0
1,30,668,293,2,0,1,99000,0,121,2024,6,10,7,40,12,4,25,18,57,1,1,2,0,7,0,0,0,0,0,0,20,70,0,4,1,45,65,3,61,1,0,1,0,1,0,11,0,10,0,60,0,3,0,2,0,2,0,4,2,35.77030138888889,139.73974777777775,2,3,9999,0,9,0
1,30,668,301,2,0,1,10130,0,121,2024,6,14,9,0,12,4,25,18,58,1,1,1,12,7,0,0,0,0,1,9,1,70,4,1,1,1,75,51,61,41,0,0,0,0,0,0,0,0,0,10,0,3,0,0,0,0,0,4,2,35.77079555555555,139.73635027777777,6,3,0,0,0,0
1,30,668,304,2,0,1,30790,0,121,2024,6,17,8,17,12,4,25,18,59,1,1,1,1,1,9,22,0,0,11,9,30,70,4,2,1,1,65,51,61,41,0,0,0,0,0,0,0,0,0,10,0,4,0,0,0,0,0,4,2,35.76787722222222,139.78057750000002,2,3,0,0,0,0
1,30,669,216,2,0,1,30000,0,121,2024,6,7,7,50,12,4,25,18,55,1,1,1,1,7,9,22,0,0,14,9,30,70,5,2,1,45,1,3,61,31,0,1,0,1,0,11,0,3,0,10,0,4,0,2,0,2,0,4,2,35.784236944444444,139.82014722222223,6,3,9999,0,9,0
1,30,669,218,2,0,1,30000,0,121,2024,6,8,20,0,22,4,25,18,56,1,1,1,14,7,0,0,0,0,2,9,1,70,4,3,1,45,35,3,61,31,0,1,0,1,0,11,0,2,0,80,0,3,0,2,0,2,0,4,2,35.769866944444445,139.81019833333335,7,3,9999,0,1,0
1,30,669,220,2,0,1,30000,0,121,2024,6,10,1,23,22,4,25,18,57,3,1,2,14,7,0,0,0,0,3,9,1,70,4,2,1,75,0,61,0,0,0,0,0,0,0,0,0,0,0,0,0,0,0,0,0,0,0,2,0,35.77898777777778,139.82638722222222,2,3,0,0,0,0
1,30,669,238,2,0,1,30000,0,121,2024,6,22,8,0,12,4,26,19,0,1,1,1,14,7,0,0,0,0,3,9,1,70,4,2,1,35,55,3,61,31,0,1,0,1,0,11,0,2,0,10,0,3,0,2,0,2,0,4,2,35.76617638888889,139.80908611111113,7,3,9999,0,5,0
1,30,669,241,2,0,1,30000,0,121,2024,6,22,15,25,12,4,26,19,0,1,1,1,1,7,9,22,0,0,11,9,30,70,4,3,1,55,45,4,61,31,0,1,0,1,0,11,0,3,0,10,0,3,0,2,0,2,0,4,2,35.78095972222222,139.82022694444444,7,3,9999,0,9,0
1,30,670,141,2,0,1,30000,0,121,2024,6,5,9,11,12,4,25,18,54,1,1,1,7,7,0,0,0,0,2,9,1,70,5,3,1,25,75,13,61,31,0,11,0,1,0,11,0,5,0,10,0,3,0,2,0,2,0,4,2,35.79717861111111,139.79391027777777,4,3,9999,0,1,0
1,30,670,142,2,0,1,30000,0,121,2024,6,8,12,55,12,4,25,18,56,1,1,1,7,7,0,0,0,0,3,9,1,70,5,2,1,65,65,35,61,31,0,0,0,0,0,11,0,2,0,10,0,3,0,0,0,0,0,4,2,35.81411472222222,139.7716041666667,7,3,9999,0,9,0