資料区分,都道府県コード,警察署等コード,本票番号,事故内容,死者数,負傷者数,路線コード,地点コード,市区町村コード,発生日時　　年,発生日時　　月,発生日時　　日,発生日時　　時,発生日時　　分,昼夜,日の出時刻　　時,日の出時刻　　分,日の入り時刻　　時,日の入り時刻　　分,天候,地形,路面状態,道路形状,信号機,一時停止規制　標識（当事者A）,一時停止規制　表示（当事者A）,一時停止規制　標識（当事者B）,一時停止規制　表示（当事者B）,車道幅員,道路線形,衝突地点,ゾーン規制,中央分離帯施設等,歩車道区分,事故類型,年齢（当事者A）,年齢（当事者B）,当事者種別（当事者A）,当事者種別（当事者B）,用途別（当事者A）,用途別（当事者B）,車両形状等（当事者A）,車両形状等（当事者B）,オートマチック車（当事者A）,オートマチック車（当事者B）,サポカー（当事者A）,サポカー（当事者B）,速度規制（指定のみ）（当事者A）,速度規制（指定のみ）（当事者B）,車両の衝突部位（当事者A）,車両の衝突部位（当事者B）,車両の損壊程度（当事者A）,車両の損壊程度（当事者B）,エアバッグの装備（当事者A）,エアバッグの装備（当事者B）,サイドエアバッグの装備（当事者A）,サイドエアバッグの装備（当事者B）,人身損傷程度（当事者A）,人身損傷程度（当事者B）,lat,lon,曜日(発生年月日),祝日(発生年月日),認知機能検査経過日数（当事者A）,認知機能検査経過日数（当事者B）,運転練習の方法（当事者A）,運転練習の方法（当事者B）
1,30,670,146,2,0,1,30000,0,121,2024,6,12,15,30,12,4,25,18,57,1,1,1,1,1,0,0,0,0,14,9,30,70,4,2,1,1,0,61,0,0,0,0,0,0,0,0,0,0,0,0,0,0,0,0,0,0,0,2,0,35.805186111111105,139.79879888888888,4,3,0,0,0,0
1,30,670,150,2,0,1,10710,0,121,2024,5,30,6,2,12,4,27,18,50,1,1,1,1,1,9,22,0,0,18,9,30,70,1,2,1,35,45,11,61,1,0,11,0,2,0,11,0,5,0,10,0,3,0,2,0,2,0,4,2,35.801606666666665,139.7694188888889,5,3,9999,0,1,0
1,30,670,161,2,0,1,30000,0,121,2024,5,2,4,35,23,4,48,18,29,3,1,2,1,7,9,22,0,0,15,9,30,70,5,2,1,1,45,51,61,41,0,0,0,0,0,0,0,0,0,10,0,3,0,0,0,0,0,4,2,35.79939888888889,139.8067013888889,5,2,0,0,0,0
1,30,771,242,2,0,1,10060,0,108,2024,6,3,8,36,12,4,26,18,53,1,1,1,1,1,9,22,0,0,15,9,30,70,1,2,1,45,1,13,61,31,0,11,0,1,0,11,0,2,0,10,0,3,0,2,0,2,0,4,2,35.688338888888886,139.80460055555557,2,3,9999,0,9,0
1,30,771,243,2,0,1,30000,0,108,2024,6,3,14,2,12,4,26,18,53,1,1,1,14,2,0,0,0,0,1,9,1,70,4,2,1,65,1,3,61,1,0,1,0,1,0,11,0,2,0,40,0,4,0,2,0,2,0,4,2,35.672419444444444,139.79910722222223,2,3,9999,0,9,0
1,30,771,246,2,0,1,30000,0,108,2024,6,5,13,20,12,4,25,18,54,1,1,1,1,7,9,22,0,0,15,9,30,1,5,1,1,35,1,36,61,31,0,0,0,0,0,11,0,2,0,10,0,3,0,0,0,0,0,4,2,35.68662583333333,139.81377527777778,4,3,9999,0,1,0
1,30,771,247,2,0,1,10370,0,108,2024,6,2,11,52,12,4,26,18,52,2,1,1,14,7,0,0,0,0,4,9,1,70,1,2,1,1,35,51,61,41,0,0,0,0,0,0,0,0,0,40,0,4,0,0,0,0,0,4,2,35.66793194444444,139.80549472222222,1,3,0,0,0,0
1,30,771,254,2,0,1,20690,0,108,2024,5,20,17,0,12,4,32,18,43,1,1,1,14,7,0,0,0,0,6,9,1,70,1,1,1,25,45,51,61,41,0,0,0,0,0,0,0,0,0,10,0,3,0,0,0,0,0,4,2,35.691981111111104,139.8155575,2,3,0,0,0,0
1,30,771,258,2,0,1,20000,0,108,2024,6,12,20,30,22,4,25,18,57,1,1,1,1,1,9,22,0,0,19,9,30,70,1,2,1,45,35,3,61,1,0,1,0,1,0,11,0,5,0,10,0,3,0,2,0,2,0,4,2,35.64823527777778,139.78927555555555,4,3,9999,0,9,0
1,30,771,262,2,0,1,30000,0,108,2024,6,5,16,15,12,4,25,18,54,1,1,1,14,7,0,0,0,0,2,9,1,70,5,1,1,35,45,17,61,31,0,11,0,1,0,11,0,10,0,40,0,4,0,2,0,2,0,4,2,35.67278611111111,139.81364833333333,4,3,9999,0,1,0
1,30,771,265,2,0,1,30000,0,108,2024,6,14,21,5,22,4,25,18,58,1,1,1,14,7,0,0,0,0,1,9,1,1,5,2,1,55,25,51,61,41,0,0,0,0,0,0,0,0,0,20,0,3,0,0,0,0,0,2,4,35.68853333333333,139.81365333333335,6,3,0,0,0,0
1,30,771,266,2,0,1,10370,0,108,2024,5,30,8,0,12,4,27,18,50,3,1,2,1,1,9,22,0,0,18,9,30,70,5,2,1,45,25,13,61,31,0,11,0,1,0,11,0,4,0,10,0,3,0,2,0,2,0,4,2,35.667095277777776,139.80520305555558,5,3,9999,0,4,0
1,30,771,268,2,0,2,99000,0,108,2024,6,14,16,35,12,4,25,18,58,1,1,1,0,7,0,0,0,0,0,0,20,70,0,4,1,1,25,51,61,41,0,0,0,0,0,0,0,0,0,10,0,4,0,0,0,0,0,4,2,35.653818888888885,139.8027813888889,6,3,0,0,0,0
1,30,771,275,2,0,1,10040,0,108,2024,6,21,10,45,12,4,26,19,0,1,1,2,14,7,0,0,0,0,5,9,1,70,3,1,1,55,25,1,61,1,0,1,0,1,0,11,0,10,0,80,0,4,0,2,0,2,0,4,2,35.6694075,139.8048552777778,6,3,9999,0,9,0
1,30,771,279,2,0,1,10040,0,108,2024,6,24,8,11,12,4,26,19,1,1,1,1,1,7,1,21,0,0,17,9,30,70,5,2,1,45,45,3,61,31,0,1,0,1,0,11,0,4,0,10,0,3,0,2,0,2,0,4,2,35.67446722222222,139.7906025,2,3,9999,0,1,0
1,30,771,293,2,0,1,30000,0,108,2024,6,6,8,40,12,4,25,18,54,1,1,1,14,7,0,0,0,0,3,9,1,70,4,1,1,1,0,61,0,0,0,0,0,0,0,0,0,0,0,0,0,0,0,0,0,0,0,2,0,35.67059527777778,139.80129305555556,5,3,0,0,0,0
1,30,772,170,2,0,1,20660,0,108,2024,6,2,15,37,12,4,26,18,52,3,1,2,14,7,0,0,0,0,3,9,1,70,4,1,1,1,25,51,61,41,0,0,0,0,0,0,0,0,0,10,0,3,0,0,0,0,0,4,2,35.69108027777777,139.84445166666669,1,3,0,0,0,0
1,30,772,171,2,0,1,10060,0,108,2024,6,3,22,23,22,4,26,18,53,3,1,2,1,1,9,22,0,0,19,9,30,70,5,2,1,1,55,36,61,31,0,0,0,0,0,11,0,2,0,10,0,2,0,0,0,0,0,4,2,35.68935111111111,139.82658388888888,2,3,9999,0,5,0
1,30,772,180,2,0,1,30000,0,108,2024,6,11,9,50,12,4,25,18,57,1,1,1,7,7,0,0,0,0,2,9,1,70,5,2,1,75,75,3,61,31,0,1,0,1,0,11,0,2,0,30,0,4,0,2,0,2,0,4,2,35.68987472222222,139.83940833333335,3,3,364,0,9,0
1,30,772,181,2,0,1,10060,0,108,2024,5,20,0,27,22,4,32,18,43,3,1,2,14,7,0,0,0,0,3,9,1,70,5,2,1,25,1,51,61,41,0,0,0,0,0,0,0,0,0,10,0,3,0,0,0,0,0,4,2,35.68926527777777,139.8255213888889,2,3,0,0,0,0
1,30,772,182,2,0,1,10350,0,108,2024,5,21,8,5,12,4,32,18,44,1,1,1,1,1,9,22,0,0,18,9,30,70,4,2,1,25,45,51,61,41,0,0,0,0,0,0,0,0,0,40,0,4,0,0,0,0,0,4,2,35.67396333333333,139.82994694444443,3,3,0,0,0,0
1,30,772,191,2,0,1,30000,0,108,2024,6,17,8,15,12,4,25,18,59,1,1,1,14,7,0,0,0,0,1,9,1,1,5,3,1,1,1,14,61,1,0,11,0,1,0,11,0,2,0,80,0,3,0,2,0,2,0,4,2,35.69055833333333,139.8287475,2,3,9999,0,1,0
1,30,772,198,2,0,1,30000,0,108,2024,6,21,10,45,12,4,26,19,0,3,1,2,1,7,9,22,0,0,11,9,30,1,5,3,1,35,75,14,61,31,0,11,0,1,0,11,0,2,0,10,0,3,0,2,0,2,0,4,2,35.6907125,139.83187361111112,6,3,9999,0,9,0
1,30,772,206,2,0,1,10090,0,108,2024,6,19,11,56,12,4,25,19,0,1,1,1,1,1,9,22,0,0,19,9,30,70,5,2,1,1,75,3,61,31,0,1,0,1,0,11,0,4,0,10,0,4,0,2,0,2,0,4,2,35.68926166666667,139.82639583333332,4,3,9999,0,1,0
1,30,772,207,2,0,1,30000,0,108,2024,6,27,16,20,12,4,27,19,1,2,1,1,14,7,0,0,0,0,3,9,1,70,5,4,1,65,75,51,61,41,0,0,0,0,0,0,0,0,0,10,0,3,0,0,0,0,0,2,4,35.663561666666666,139.84288444444445,5,3,0,0,0,0
1,30,772,211,2,0,1,20650,0,108,2024,6,29,20,16,22,4,28,19,1,1,1,1,1,1,9,22,0,0,11,9,30,70,4,2,1,55,65,14,61,1,0,11,0,1,0,11,0,3,0,10,0,3,0,2,0,2,0,4,2,35.68998194444444,139.8356552777778,7,3,9999,0,1,0
1,30,773,138,2,0,1,20680,0,107,2024,6,3,11,30,12,4,26,18,53,1,1,1,1,7,9,22,0,0,18,9,30,70,4,1,1,35,45,13,61,31,0,11,0,1,0,11,0,4,0,10,0,3,0,2,0,2,0,4,2,35.694089444444444,139.79767999999999,2,3,9999,0,1,0
1,30,773,140,2,0,1,30000,0,107,2024,6,3,21,10,22,4,26,18,53,3,1,2,1,1,9,22,0,0,19,9,30,70,5,2,1,35,1,3,61,31,0,1,0,1,0,11,0,2,0,10,0,4,0,2,0,2,0,4,2,35.693315,139.80563916666668,2,3,9999,0,1,0
1,30,773,142,2,0,1,30000,0,107,2024,6,5,11,59,12,4,25,18,54,1,1,1,1,7,9,22,0,0,14,9,30,70,5,2,1,55,65,3,61,31,0,1,0,1,0,11,0,10,0,10,0,3,0,2,0,2,0,4,2,35.70485444444445,139.79979583333332,4,3,9999,0,9,0
1,30,773,153,2,0,1,20680,0,107,2024,5,20,0,15,22,4,32,18,43,3,1,2,1,1,9,22,0,0,19,9,30,70,5,2,1,65,1,3,61,1,0,1,0,1,0,11,0,4,0,10,0,3,0,2,0,2,0,4,2,35.69696861111111,139.79759638888888,2,3,9999,0,9,0
1,30,773,158,2,0,1,30000,0,107,2024,6,24,8,9,12,4,26,19,1,1,1,1,1,1,9,22,0,0,15,9,30,70,5,2,1,55,1,3,61,31,0,1,0,1,0,11,0,2,0,80,0,4,0,2,0,2,0,4,2,35.69028611111111,139.8106702777778,2,3,9999,0,9,0
1,30,773,163,2,0,1,30000,0,107,2024,6,24,10,52,12,4,26,19,1,1,1,1,1,7,9,22,0,0,15,9,30,70,5,3,1,25,45,13,61,31,0,11,0,1,0,11,0,2,0,20,0,3,0,2,0,2,0,4,2,35.70212611111111,139.81383444444447,2,3,9999,0,1,0
1,30,774,98,1,1,0,10090,0,107,2024,6,18,20,35,22,4,25,18,59,3,1,2,1,1,9,22,0,0,18,9,30,70,5,2,1,45,55,11,61,1,0,11,0,2,0,11,0,3,0,40,0,3,0,2,0,2,0,4,1,35.72016388888889,139.82059444444445,3,3,9999,0,9,0
1,30,774,99,2,0,1,30000,0,107,2024,5,14,8,50,12,4,37,18,38,1,1,1,1,7,9,22,0,0,11,9,30,70,5,3,1,55,75,13,61,1,0,11,0,1,0,11,0,2,0,40,0,3,0,2,0,2,0,4,2,35.72759805555556,139.81984444444444,3,3,9999,0,9,0
1,30,774,101,2,0,1,20650,0,107,2024,6,3,17,45,12,4,26,18,53,3,1,2,1,1,9,22,0,0,17,9,30,70,1,2,1,1,65,51,61,41,0,0,0,0,0,0,0,0,0,40,0,4,0,0,0,0,0,4,2,35.707237222222226,139.83222138888888,2,3,0,0,0,0
1,30,774,122,2,0,1,30000,0,107,2024,6,22,22,15,22,4,26,19,0,2,1,1,14,7,0,0,0,0,2,9,1,70,5,3,1,45,1,51,61,41,0,0,0,0,0,0,0,0,0,10,0,4,0,0,0,0,0,4,2,35.706702500000006,139.8292461111111,7,3,0,0,0,0
1,30,774,124,2,0,1,30000,0,107,2024,6,19,19,15,21,4,25,19,0,1,1,1,14,7,0,0,0,0,2,9,1,70,5,4,1,25,1,51,61,41,0,0,0,0,0,0,0,0,0,20,0,4,0,0,0,0,0,4,2,35.717820555555555,139.81639805555557,4,3,0,0,0,0
1,30,775,142,2,0,1,20000,0,122,2024,6,6,13,30,12,4,25,18,54,1,1,1,14,7,0,0,0,0,2,9,1,70,5,2,1,55,1,3,61,31,0,1,0,1,0,11,0,5,0,10,0,3,0,2,0,2,0,4,2,35.78839388888888,139.85703583333333,5,3,9999,0,9,0
1,30,775,156,2,0,1,99000,0,122,2024,6,29,12,15,12,4,28,19,1,1,1,1,0,7,0,0,0,0,0,0,20,70,0,4,1,1,75,51,61,41,0,0,0,0,0,0,0,0,0,10,0,4,0,0,0,0,0,4,2,35.76614388888889,139.84701333333334,7,3,0,0,0,0
1,30,776,158,2,0,1,99000,0,122,2024,6,15,13,45,12,4,25,18,59,1,1,1,0,7,0,0,0,0,0,0,20,70,0,4,1,1,1,51,61,41,0,0,0,0,0,0,0,0,0,10,0,4,0,0,0,0,0,4,2,35.73709,139.82699583333334,7,3,0,0,0,0
1,30,776,159,2,0,1,30000,0,122,2024,6,15,19,5,21,4,25,18,59,1,1,1,14,7,0,0,0,0,2,9,1,70,5,2,1,1,75,51,61,41,0,0,0,0,0,0,0,0,0,10,0,4,0,0,0,0,0,4,2,35.74156972222222,139.8455561111111,7,3,0,0,0,0
1,30,776,164,2,0,1,30000,0,122,2024,6,10,13,21,12,4,25,18,57,2,1,1,1,7,1,21,0,0,15,9,30,70,5,3,1,65,55,13,61,31,0,11,0,1,0,11,0,10,0,10,0,3,0,2,0,2,0,4,2,35.730003611111115,139.866815,2,3,9999,0,9,0
1,30,776,166,2,0,1,30000,0,122,2024,6,19,13,3,12,4,25,19,0,1,1,1,1,7,1,21,0,0,15,9,30,70,5,3,1,35,75,3,61,31,0,1,0,1,0,11,0,2,0,10,0,3,0,2,0,2,0,4,2,35.735210555555554,139.8471638888889,4,3,9999,0,1,0
1,30,777,322,2,0,1,20000,0,123,2024,6,7,15,50,12,4,25,18,55,1,1,1,7,7,0,0,0,0,1,9,1,70,5,2,1,1,1,13,61,1,0,11,0,1,0,11,0,5,0,40,0,4,0,2,0,2,0,4,2,35.684239999999996,139.88907333333333,6,3,9999,0,5,0
1,30,777,341,2,0,1,30000,0,123,2024,6,14,8,5,12,4,25,18,58,1,1,1,14,7,0,0,0,0,2,9,1,70,5,2,1,1,45,34,61,31,0,0,0,0,0,11,0,10,0,10,0,3,0,0,0,0,0,2,4,35.69931194444444,139.85350027777778,6,3,9999,0,1,0
1,30,777,355,2,0,1,30000,0,123,2024,6,21,15,58,12,4,26,19,0,3,1,2,14,7,0,0,0,0,4,9,1,70,4,2,1,65,1,1,61,31,0,1,0,1,0,11,0,3,0,10,0,3,0,2,0,2,0,4,2,35.68950777777778,139.8880247222222,6,3,9999,0,9,0
1,30,778,130,2,0,1,30000,0,123,2024,6,3,16,49,12,4,26,18,53,3,1,2,1,7,9,22,0,0,15,9,30,70,4,2,1,75,45,51,61,41,0,0,0,0,0,0,0,0,0,10,0,3,0,0,0,0,0,4,2,35.729840555555555,139.88156944444447,2,3,0,0,0,0
1,30,778,132,2,0,1,10380,0,123,2024,6,11,11,48,12,4,25,18,57,1,1,1,14,7,0,0,0,0,4,9,1,70,4,2,1,55,1,3,61,1,0,1,0,1,0,11,0,3,0,10,0,3,0,2,0,2,0,4,2,35.72743805555556,139.88818555555554,3,3,9999,0,9,0
1,30,778,133,2,0,1,30000,0,123,2024,5,23,8,12,12,4,31,18,45,2,1,1,14,7,0,0,0,0,2,9,1,70,5,2,1,55,25,3,61,1,0,1,0,1,0,11,0,10,0,40,0,4,0,2,0,2,0,4,2,35.734449166666664,139.88334638888887,5,3,9999,0,9,0
1,30,778,134,2,0,1,30000,0,123,2024,6,15,20,55,22,4,25,18,59,2,1,1,1,7,9,22,0,0,11,9,30,70,5,2,1,35,35,51,61,41,0,0,0,0,0,0,0,0,0,10,0,4,0,0,0,0,0,4,2,35.715379444444444,139.89322944444444,7,3,0,0,0,0
1,30,778,140,2,0,1,30000,0,123,2024,5,2,0,40,22,4,48,18,29,3,1,2,14,7,0,0,0,0,2,9,1,1,5,3,1,65,35,3,61,1,0,1,0,1,0,11,0,2,0,20,0,3,0,2,0,2,0,4,2,35.73986055555556,139.89214666666666,5,2,9999,0,9,0
1,30,778,142,2,0,1,10290,0,123,2024,6,28,9,25,12,4,28,19,1,3,1,2,14,7,0,0,0,0,5,9,1,70,1,2,1,25,65,51,61,41,0,0,0,0,0,0,0,0,0,10,0,3,0,0,0,0,0,4,2,35.73390305555556,139.87832805555556,6,3,0,0,0,0
1,30,779,128,2,0,1,10130,0,123,2024,5,1,19,10,21,4,49,18,28,3,1,2,1,1,9,22,0,0,19,9,30,70,1,1,1,35,55,3,61,31,0,1,0,1,0,11,0,4,0,10,0,4,0,2,0,2,0,4,2,35.647219444444445,139.8713977777778,4,3,9999,0,9,0
1,30,779,133,2,0,1,10130,0,123,2024,6,6,19,40,21,4,25,18,54,2,1,1,1,1,9,22,0,0,19,9,30,70,1,2,1,25,1,33,61,31,0,0,0,0,0,11,0,5,0,10,0,3,0,0,0,0,0,4,2,35.66291277777778,139.8729438888889,5,3,9999,0,1,0
1,30,779,138,2,0,1,30000,0,123,2024,6,7,7,50,12,4,25,18,55,1,1,1,1,1,0,0,0,0,11,9,30,1,4,3,1,35,0,61,0,0,0,0,0,0,0,0,0,0,0,0,0,0,0,0,0,0,0,2,0,35.661275277777776,139.86999111111112,6,3,0,0,0,0
1,30,779,140,2,0,1,30000,0,123,2024,5,26,11,28,12,4,29,18,48,1,1,1,7,7,0,0,0,0,2,9,1,70,5,4,1,65,35,4,61,31,0,1,0,1,0,11,0,2,0,40,0,4,0,2,0,2,0,4,2,35.662792777777774,139.8840825,1,3,9999,0,9,0
1,30,876,191,2,0,1,30000,0,201,2024,3,22,12,28,12,5,42,17,55,1,1,1,1,7,9,22,0,0,11,9,30,70,5,4,1,55,25,3,61,31,0,1,0,1,0,11,0,10,0,20,0,4,0,2,0,2,0,4,2,35.64368527777778,139.33634305555557,6,3,9999,0,9,0
1,30,876,202,2,0,1,30000,0,201,2024,5,5,0,44,22,4,45,18,31,1,1,1,1,7,9,22,0,0,11,9,30,70,5,3,1,65,45,3,61,1,0,1,0,1,0,11,0,5,0,30,0,3,0,2,0,2,0,4,2,35.64062166666667,139.3482252777778,1,1,9999,0,9,0
1,30,876,203,2,0,1,30000,0,201,2024,6,23,19,50,21,4,26,19,1,2,1,1,1,1,9,22,0,0,18,9,30,70,1,2,1,65,75,14,61,1,0,11,0,1,0,11,0,3,0,10,0,3,0,2,0,2,0,4,2,35.641526666666664,139.31885555555556,1,3,9999,0,9,0
1,30,876,204,2,0,1,30000,0,201,2024,6,24,16,40,12,4,26,19,1,1,1,1,1,1,9,22,0,0,15,9,30,70,5,2,1,55,45,14,61,1,0,11,0,1,0,11,0,5,0,10,0,4,0,2,0,2,0,4,2,35.62294833333333,139.38961749999999,2,3,9999,0,9,0
1,30,876,209,2,0,1,30000,0,201,2024,6,26,13,50,12,4,27,19,1,2,1,1,14,7,0,0,0,0,2,8,1,70,4,3,1,75,55,3,61,31,0,1,0,1,0,11,0,2,0,10,0,3,0,2,0,2,0,4,2,35.630808611111114,139.3632722222222,4,3,273,0,9,0
1,30,877,181,2,0,1,99000,0,201,2024,5,6,16,50,12,4,44,18,32,1,2,1,0,7,0,0,0,0,0,0,20,70,0,2,1,1,55,51,61,41,0,0,0,0,0,0,0,0,0,10,0,3,0,0,0,0,0,4,2,35.6478675,139.2874013888889,2,1,0,0,0,0
1,30,877,183,2,0,2,20730,0,201,2024,5,14,10,13,12,4,37,18,38,1,2,1,7,7,0,0,0,0,4,9,1,70,4,2,1,75,45,51,61,41,0,0,0,0,0,0,0,0,0,20,0,3,0,0,0,0,0,2,2,35.66556055555555,139.30384361111112,3,3,0,0,0,0
1,30,878,216,2,0,1,30000,0,224,2024,6,13,8,10,12,4,25,18,58,1,2,1,14,7,0,0,0,0,2,9,1,1,5,3,1,45,1,36,61,31,0,0,0,0,0,11,0,2,0,10,0,3,0,0,0,0,0,4,2,35.632178333333336,139.43440194444446,5,3,9999,0,1,0
1,30,878,218,2,0,1,30000,0,224,2024,5,30,8,25,12,4,27,18,50,1,1,1,12,7,0,0,0,0,2,9,1,70,5,4,1,55,45,3,61,31,0,1,0,1,0,11,0,10,0,40,0,3,0,2,0,2,0,4,2,35.648423333333334,139.45793194444443,5,3,9999,0,1,0
1,30,878,225,2,0,1,21100,0,224,2024,6,19,14,40,12,4,25,19,0,1,1,1,1,1,9,22,0,0,17,9,30,70,1,2,1,65,75,51,61,41,0,0,0,0,0,0,0,0,0,10,0,4,0,0,0,0,0,4,2,35.61242861111111,139.4155263888889,4,3,0,0,0,0
1,30,878,230,2,0,1,30000,0,224,2024,6,19,16,0,12,4,25,19,0,1,1,1,14,7,0,0,0,0,2,9,1,70,5,4,1,25,1,3,61,31,0,1,0,1,0,11,0,2,0,50,0,3,0,2,0,2,0,4,2,35.65206527777778,139.44416833333332,4,3,9999,0,1,0
1,30,878,237,2,0,1,30000,0,225,2024,6,19,13,55,12,4,25,19,0,1,1,1,13,7,0,0,0,0,2,3,1,70,5,3,1,65,45,3,61,1,0,1,0,1,0,11,0,2,0,10,0,3,0,2,0,2,0,4,2,35.6471775,139.4982083333333,4,3,9999,0,9,0
1,30,878,239,2,0,1,30000,0,225,2024,6,27,18,40,13,4,27,19,1,1,1,1,14,7,0,0,0,0,3,9,1,70,4,2,1,45,35,3,61,31,0,1,0,1,0,11,0,3,0,20,0,3,0,2,0,2,0,4,2,35.64969388888889,139.48906916666667,5,3,9999,0,1,0
1,30,879,235,2,0,1,30000,0,220,2024,6,17,9,7,12,4,25,18,59,2,3,1,13,7,0,0,0,0,3,4,1,70,4,4,1,55,55,3,61,31,0,1,0,1,0,11,0,2,0,10,0,3,0,2,0,2,0,4,2,35.76806888888889,139.4379461111111,2,3,9999,0,9,0
1,30,880,111,2,0,1,30000,0,205,2024,6,3,15,50,12,4,26,18,53,2,2,1,1,7,9,22,0,0,14,9,30,70,4,2,1,65,1,3,61,31,0,1,0,1,0,11,0,3,0,40,0,3,0,2,0,2,0,4,2,35.78456944444444,139.2880463888889,2,3,9999,0,9,0
1,30,880,122,2,0,1,95000,0,205,2024,6,17,10,10,12,4,25,18,59,1,3,1,0,7,0,0,0,0,0,0,20,70,0,4,1,65,75,4,61,31,0,1,0,1,0,11,0,10,0,10,0,3,0,2,0,2,0,4,2,35.79016416666666,139.27343666666667,2,3,9999,0,9,0
1,30,880,129,2,0,1,10240,0,205,2024,6,26,15,26,12,4,27,19,1,2,1,1,1,1,9,22,0,0,15,9,30,70,5,3,1,55,75,17,61,31,0,11,0,1,0,11,0,3,0,80,0,4,0,2,0,2,0,4,2,35.79004833333333,139.25274805555554,4,3,9999,0,4,0
1,30,880,132,2,0,1,30000,0,205,2024,6,28,15,0,12,4,28,19,1,3,2,2,1,1,9,22,0,0,18,9,30,70,5,2,1,75,75,4,61,31,0,1,0,1,0,11,0,2,0,50,0,3,0,2,0,2,0,4,2,35.7904975,139.309525,6,3,235,0,9,0
1,30,880,133,2,0,1,30000,0,205,2024,6,28,21,4,22,4,28,19,1,2,2,2,1,1,9,22,0,0,15,9,30,70,5,2,1,35,55,3,61,31,0,1,0,1,0,11,0,2,0,80,0,3,0,2,0,2,0,4,2,35.78091055555556,139.2973047222222,6,3,9999,0,1,0
1,30,881,80,2,0,1,10470,0,228,2024,6,18,16,0,12,4,25,18,59,3,2,2,1,1,9,22,0,0,11,9,30,70,4,2,1,45,65,4,61,31,0,1,0,1,0,11,0,1,0,10,0,3,0,2,0,2,0,4,2,35.7277075,139.2204722222222,3,3,9999,0,5,0
1,30,881,84,2,0,1,99000,0,305,2024,6,20,6,0,12,4,25,19,0,1,2,1,0,7,0,0,0,0,0,0,20,70,0,4,1,55,75,3,61,31,0,1,0,1,0,11,0,10,0,60,0,4,0,2,0,2,0,4,2,35.734587222222224,139.27291444444447,5,3,9999,0,9,0
1,30,882,181,2,0,1,30000,0,218,2024,6,11,7,35,12,4,25,18,57,1,1,1,1,7,1,21,0,0,15,9,30,70,5,3,1,1,35,36,61,31,0,0,0,0,0,11,0,1,0,10,0,3,0,0,0,0,0,4,2,35.74656638888889,139.32449888888888,3,3,9999,0,1,0
1,30,882,185,2,0,1,30000,0,228,2024,6,17,10,45,12,4,25,18,59,3,2,2,1,7,1,21,0,0,15,9,30,70,5,2,1,45,55,3,61,31,0,1,0,1,0,11,0,2,0,10,0,2,0,2,0,2,0,4,2,35.740249722222224,139.31523972222223,2,3,9999,0,9,0
1,30,882,198,2,0,1,10740,0,218,2024,5,21,8,0,12,4,32,18,44,1,1,1,14,7,0,0,0,0,4,9,1,70,4,2,1,1,0,61,0,0,0,0,0,0,0,0,0,0,0,0,0,0,0,0,0,0,0,2,0,35.72024388888889,139.33751166666667,3,3,0,0,0,0
1,30,883,233,2,0,1,4110,0,201,2024,6,7,0,40,22,4,25,18,55,1,1,1,14,7,0,0,0,0,2,9,1,70,5,1,1,25,25,17,61,31,0,11,0,1,0,11,0,3,0,80,0,3,0,2,0,2,0,4,2,35.68985027777777,139.33872722222222,6,3,9999,0,1,0
1,30,883,246,2,0,1,30000,0,201,2024,6,16,14,35,12,4,25,18,59,1,1,1,14,7,0,0,0,0,3,7,1,70,5,3,1,45,45,3,61,31,0,1,0,1,0,11,0,10,0,40,0,3,0,2,0,2,0,4,2,35.65898833333333,139.34023611111112,1,3,9999,0,5,0
1,30,883,247,2,0,1,200,471,201,2024,6,18,15,25,12,4,25,18,59,3,1,2,1,1,9,22,0,0,15,9,30,70,4,2,1,55,75,4,61,31,0,1,0,1,0,11,0,4,0,40,0,3,0,2,0,2,0,4,2,35.65876861111111,139.31382083333335,3,3,9999,0,9,0
1,30,883,249,2,0,1,99000,0,201,2024,6,19,10,50,12,4,25,19,0,1,1,1,0,7,0,0,0,0,0,0,20,70,0,4,1,75,75,3,61,31,0,1,0,1,0,11,0,10,0,60,0,3,0,2,0,2,0,4,2,35.70341666666667,139.31005555555558,4,3,572,0,9,0
1,30,883,252,2,0,1,20000,0,201,2024,6,21,14,55,12,4,26,19,0,3,1,2,1,1,9,22,0,0,14,9,30,70,4,2,1,1,25,4,61,31,0,1,0,1,0,11,0,3,0,80,0,3,0,2,0,2,0,4,2,35.66638583333333,139.31504472222224,6,3,9999,0,1,0
1,30,883,253,2,0,2,200,441,201,2024,5,28,19,25,21,4,28,18,49,3,1,2,1,1,9,22,0,0,18,9,30,70,4,1,1,45,25,3,61,31,0,1,0,1,0,11,0,4,0,10,0,3,0,2,0,2,0,4,2,35.65958111111111,139.3458811111111,3,3,9999,0,5,0
1,30,883,258,2,0,1,30000,0,201,2024,6,29,20,50,22,4,28,19,1,1,2,1,14,7,0,0,0,0,1,9,1,70,4,3,1,45,1,3,61,31,0,1,0,1,0,11,0,2,0,14,0,3,0,2,0,2,0,4,2,35.669805555555556,139.3634238888889,7,3,9999,0,5,0
1,30,884,336,2,0,1,30560,0,209,2024,6,2,0,45,22,4,26,18,52,3,2,2,1,1,9,22,0,0,18,9,30,70,4,2,1,55,1,3,61,31,0,1,0,1,0,11,0,3,0,10,0,3,0,2,0,2,0,4,2,35.546345277777775,139.44052861111112,1,3,9999,0,9,0
1,30,884,341,2,0,1,99000,0,209,2024,6,6,12,53,12,4,25,18,54,1,2,1,0,7,0,0,0,0,0,0,20,70,0,4,1,65,55,3,61,31,0,1,0,1,0,11,0,1,0,10,0,3,0,2,0,2,0,4,2,35.574133611111115,139.425375,5,3,9999,0,9,0