資料区分,都道府県コード,警察署等コード,本票番号,事故内容,死者数,負傷者数,路線コード,地点コード,市区町村コード,発生日時　　年,発生日時　　月,発生日時　　日,発生日時　　時,発生日時　　分,昼夜,日の出時刻　　時,日の出時刻　　分,日の入り時刻　　時,日の入り時刻　　分,天候,地形,路面状態,道路形状,信号機,一時停止規制　標識（当事者A）,一時停止規制　表示（当事者A）,一時停止規制　標識（当事者B）,一時停止規制　表示（当事者B）,車道幅員,道路線形,衝突地点,ゾーン規制,中央分離帯施設等,歩車道区分,事故類型,年齢（当事者A）,年齢（当事者B）,当事者種別（当事者A）,当事者種別（当事者B）,用途別（当事者A）,用途別（当事者B）,車両形状等（当事者A）,車両形状等（当事者B）,オートマチック車（当事者A）,オートマチック車（当事者B）,サポカー（当事者A）,サポカー（当事者B）,速度規制（指定のみ）（当事者A）,速度規制（指定のみ）（当事者B）,車両の衝突部位（当事者A）,車両の衝突部位（当事者B）,車両の損壊程度（当事者A）,車両の損壊程度（当事者B）,エアバッグの装備（当事者A）,エアバッグの装備（当事者B）,サイドエアバッグの装備（当事者A）,サイドエアバッグの装備（当事者B）,人身損傷程度（当事者A）,人身損傷程度（当事者B）,lat,lon,曜日(発生年月日),祝日(発生年月日),認知機能検査経過日数（当事者A）,認知機能検査経過日数（当事者B）,運転練習の方法（当事者A）,運転練習の方法（当事者B）
1,30,884,354,2,0,1,30000,0,209,2024,6,11,12,50,12,4,25,18,57,1,2,1,1,7,1,21,0,0,15,9,30,70,5,2,1,55,75,3,61,31,0,1,0,1,0,11,0,3,0,10,0,3,0,2,0,2,0,4,2,35.562824166666665,139.46253277777777,3,3,9999,0,9,0
1,30,884,356,2,0,1,10570,0,209,2024,6,12,8,18,12,4,25,18,57,1,2,1,14,7,0,0,0,0,2,9,1,70,5,2,1,1,75,51,61,41,0,0,0,0,0,0,0,0,0,10,0,3,0,0,0,0,0,4,2,35.56964083333334,139.44299555555557,4,3,0,0,0,0
1,30,884,381,2,0,1,30000,0,209,2024,6,22,11,20,12,4,26,19,0,1,1,1,1,7,9,22,0,0,15,9,30,70,5,2,1,45,75,3,61,31,0,1,0,1,0,11,0,10,0,10,0,3,0,2,0,2,0,4,2,35.57629416666667,139.4121475,7,3,9999,0,9,0
1,30,884,392,2,0,1,30000,0,209,2024,6,26,8,30,12,4,27,19,1,1,1,1,1,7,9,22,0,0,11,6,30,70,4,2,1,45,55,4,61,31,0,1,0,1,0,11,0,2,0,50,0,3,0,2,0,2,0,4,2,35.57927027777778,139.50062583333334,4,3,9999,0,1,0
1,30,885,127,2,0,1,10510,0,212,2024,6,5,12,50,12,4,25,18,54,1,2,1,14,1,0,0,0,0,2,9,1,70,5,1,1,1,75,51,61,41,0,0,0,0,0,0,0,0,0,10,0,3,0,0,0,0,0,4,2,35.66192972222222,139.41136333333333,4,3,0,0,0,0
1,30,885,140,2,0,1,21200,0,212,2024,6,20,17,30,12,4,25,19,0,2,1,1,14,7,0,0,0,0,3,8,1,70,5,2,1,35,55,31,61,31,0,0,0,0,0,11,0,4,0,40,0,3,0,0,0,0,0,4,2,35.646386666666665,139.384425,5,3,9999,0,1,0
1,30,885,141,2,0,1,200,0,212,2024,6,22,18,20,13,4,26,19,0,1,1,1,1,1,9,22,0,0,18,9,30,70,4,1,1,45,1,3,61,31,0,1,0,1,0,11,0,5,0,10,0,3,0,2,0,2,0,4,2,35.668792777777774,139.38830027777777,7,3,9999,0,5,0
1,30,886,157,2,0,1,99000,0,207,2024,6,9,7,15,12,4,25,18,56,2,1,1,0,7,0,0,0,0,0,0,20,70,0,4,1,45,75,3,61,31,0,1,0,1,0,11,0,10,0,30,0,4,0,2,0,2,0,4,2,35.70103666666667,139.35243027777778,1,3,9999,0,9,0
1,30,886,171,2,0,1,30000,0,207,2024,6,20,8,5,12,4,25,19,0,1,1,1,1,7,1,21,0,0,11,9,30,70,4,2,1,65,1,14,61,1,0,11,0,1,0,11,0,2,0,20,0,3,0,2,0,2,0,4,2,35.69909972222222,139.3568422222222,5,3,9999,0,9,0
1,30,886,180,2,0,1,30000,0,207,2024,6,28,19,50,21,4,28,19,1,3,1,2,14,7,0,0,0,0,2,9,1,70,5,3,1,75,55,3,61,1,0,1,0,1,0,11,0,3,0,80,0,3,0,2,0,2,0,4,2,35.70360416666667,139.36028861111112,6,3,9999,0,9,0
1,30,887,300,2,0,1,10520,0,202,2024,6,9,22,10,22,4,25,18,56,3,1,2,14,7,0,0,0,0,3,9,1,70,4,2,1,1,45,51,61,41,0,0,0,0,0,0,0,0,0,10,0,3,0,0,0,0,0,4,2,35.72256388888889,139.43255027777778,1,3,0,0,0,0
1,30,887,305,2,0,1,99000,0,202,2024,6,12,8,28,12,4,25,18,57,1,1,1,0,7,0,0,0,0,0,0,20,70,0,4,1,25,65,17,61,31,0,11,0,1,0,11,0,10,0,30,0,4,0,2,0,2,0,4,2,35.70086861111111,139.39854472222223,4,3,9999,0,1,0
1,30,887,306,2,0,1,30000,0,202,2024,6,12,18,23,13,4,25,18,57,1,1,1,14,7,0,0,0,0,4,9,1,70,4,2,1,45,0,61,0,0,0,0,0,0,0,0,0,0,0,0,0,0,0,0,0,0,0,2,0,35.68578083333333,139.41637416666669,4,3,0,0,0,0
1,30,887,313,2,0,1,30000,0,215,2024,6,15,9,28,12,4,25,18,59,1,1,1,1,7,9,22,0,0,14,9,30,70,4,1,1,45,1,3,61,31,0,1,0,1,0,11,0,3,0,10,0,3,0,2,0,2,0,4,2,35.68626583333333,139.4437252777778,7,3,9999,0,1,0
1,30,887,315,2,0,1,10520,0,202,2024,6,18,8,50,12,4,25,18,59,3,1,2,1,1,9,22,0,0,14,9,30,70,5,2,1,55,35,13,61,31,0,11,0,1,0,11,0,3,0,80,0,3,0,2,0,2,0,4,2,35.68785138888889,139.4155325,3,3,9999,0,9,0
1,30,887,317,2,0,1,10260,0,202,2024,6,19,7,44,12,4,25,19,0,1,1,1,14,7,0,0,0,0,3,9,1,70,4,1,1,45,1,51,61,41,0,0,0,0,0,0,0,0,0,10,0,4,0,0,0,0,0,4,2,35.72759277777778,139.35544055555556,4,3,0,0,0,0
1,30,887,329,2,0,1,30000,0,202,2024,6,29,1,35,22,4,28,19,1,2,2,1,1,1,9,22,0,0,15,9,30,70,5,2,1,55,25,4,61,31,0,1,0,1,0,11,0,3,0,10,0,1,0,2,0,2,0,4,2,35.70015388888889,139.40594166666668,7,3,9999,0,1,0
1,30,889,141,2,0,1,30000,0,214,2024,6,7,11,4,12,4,25,18,55,1,1,1,1,7,9,22,0,0,14,9,30,70,4,1,1,55,55,14,61,31,0,11,0,2,0,11,0,3,0,10,0,3,0,2,0,2,0,4,2,35.70980416666667,139.44957722222222,6,3,9999,0,9,0
1,30,889,143,2,0,1,10560,0,210,2024,6,7,14,54,12,4,25,18,55,1,1,1,14,7,0,0,0,0,1,8,1,70,5,1,1,1,65,51,61,41,0,0,0,0,0,0,0,0,0,10,0,3,0,0,0,0,0,4,2,35.7045875,139.5076688888889,6,3,0,0,0,0
1,30,889,156,2,0,1,30000,0,210,2024,6,22,11,50,12,4,26,19,0,1,1,1,1,1,9,22,0,0,15,9,30,70,4,2,1,25,45,3,61,31,0,1,0,1,0,11,0,3,0,10,0,3,0,2,0,2,0,4,2,35.705197500000004,139.52910500000002,7,3,9999,0,1,0
1,30,890,196,2,0,1,30000,0,229,2024,4,13,12,5,12,5,11,18,13,1,1,1,1,7,9,22,0,0,11,9,30,1,4,1,1,65,1,51,61,41,0,0,0,0,0,0,0,0,0,10,0,3,0,0,0,0,0,4,2,35.74432027777778,139.53333416666666,7,3,0,0,0,0
1,30,890,199,2,0,1,10320,0,229,2024,5,23,9,25,12,4,31,18,45,1,1,1,14,7,0,0,0,0,1,9,1,70,5,3,1,55,55,11,61,1,0,11,0,2,0,11,0,1,0,40,0,3,0,2,0,2,0,4,2,35.72935944444445,139.55335444444447,5,3,9999,0,9,0
1,30,890,200,2,0,1,30000,0,229,2024,6,1,20,5,22,4,26,18,52,1,1,1,14,7,0,0,0,0,3,9,1,70,4,2,1,55,75,13,61,31,0,11,0,1,0,11,0,2,0,10,0,3,0,2,0,2,0,4,2,35.72520083333333,139.53075416666667,7,3,9999,0,9,0
1,30,890,219,2,0,1,30000,0,229,2024,4,21,14,43,12,5,1,18,19,3,1,1,7,7,0,0,0,0,2,9,1,70,5,2,1,45,0,61,0,0,0,0,0,0,0,0,0,0,0,0,0,0,0,0,0,0,0,2,0,35.72757,139.53936472222222,1,3,0,0,0,0
1,30,890,221,2,0,1,30000,0,222,2024,5,1,9,20,12,4,49,18,28,3,1,2,1,7,9,22,0,0,11,9,30,70,5,4,1,1,75,51,61,41,0,0,0,0,0,0,0,0,0,11,0,4,0,0,0,0,0,4,2,35.75677694444445,139.5401861111111,4,3,0,0,0,0
1,30,890,226,2,0,1,99000,0,229,2024,6,15,12,15,12,4,25,18,59,1,1,1,0,7,0,0,0,0,0,0,20,70,0,2,1,45,25,3,61,31,0,1,0,1,0,11,0,10,0,50,0,3,0,2,0,2,0,4,2,35.71783555555556,139.53546666666668,7,3,9999,0,9,0
1,30,891,221,2,0,1,30000,0,213,2024,5,28,7,34,12,4,28,18,49,3,2,2,1,7,1,22,0,0,15,9,30,70,4,3,1,25,1,14,61,31,0,11,0,1,0,11,0,3,0,10,0,3,0,2,0,2,0,4,2,35.74892388888889,139.46758305555556,3,3,9999,0,1,0
1,30,891,226,2,0,1,10590,0,221,2024,4,18,21,45,22,5,4,18,17,3,1,2,1,1,9,22,0,0,14,9,30,70,4,2,1,45,45,3,61,31,0,1,0,1,0,11,0,4,0,10,0,4,0,2,0,2,0,4,2,35.776534999999996,139.51981500000002,5,3,9999,0,5,0
1,30,891,238,2,0,1,10590,0,213,2024,5,30,18,5,13,4,27,18,50,1,1,1,14,7,0,0,0,0,2,9,1,70,5,2,1,65,45,51,61,41,0,0,0,0,0,0,0,0,0,20,0,4,0,0,0,0,0,4,2,35.77356388888889,139.4969536111111,5,3,0,0,0,0
1,30,891,245,2,0,1,30000,0,213,2024,6,17,16,56,12,4,25,18,59,2,1,1,1,7,9,22,0,0,11,9,30,70,5,3,1,65,45,4,61,31,0,1,0,2,0,11,0,2,0,10,0,3,0,2,0,2,0,4,2,35.77808805555556,139.4945322222222,2,3,9999,0,9,0
1,30,891,254,2,0,1,30000,0,213,2024,5,23,15,43,12,4,31,18,45,1,1,1,14,7,0,0,0,0,3,9,1,70,4,3,1,75,55,3,61,31,0,1,0,1,0,11,0,2,0,40,0,3,0,2,0,2,0,4,2,35.761409444444446,139.45806027777778,5,3,350,0,9,0
1,30,891,267,2,0,1,30000,0,221,2024,6,12,7,18,12,4,25,18,57,1,1,1,13,7,0,0,0,0,3,4,1,70,5,2,1,55,1,51,61,41,0,0,0,0,0,0,0,0,0,10,0,3,0,0,0,0,0,4,2,35.78571055555555,139.52136833333336,4,3,0,0,0,0
1,30,891,271,2,0,1,10250,0,213,2024,6,3,16,55,12,4,26,18,53,2,1,2,1,1,9,22,0,0,18,9,30,70,4,2,1,75,1,3,61,31,0,1,0,1,0,11,0,4,0,10,0,3,0,2,0,2,0,4,2,35.7496425,139.45193027777776,2,3,523,0,9,0
1,30,892,156,2,0,1,20270,0,203,2024,6,1,12,40,12,4,26,18,52,1,1,1,1,7,9,22,0,0,14,9,30,70,4,2,1,1,65,34,61,31,0,0,0,0,0,11,0,3,0,10,0,3,0,0,0,0,0,4,2,35.70234527777778,139.57916194444445,7,3,9999,0,1,0
1,30,892,159,2,0,1,99000,0,203,2024,6,2,13,20,12,4,26,18,52,3,1,2,0,7,0,0,0,0,0,0,20,70,0,2,1,1,55,3,61,31,0,1,0,1,0,11,0,10,0,30,0,3,0,2,0,2,0,4,2,35.70222722222223,139.53834916666668,1,3,9999,0,1,0
1,30,892,161,2,0,1,30000,0,203,2024,6,5,19,55,22,4,25,18,54,1,1,1,14,1,0,0,0,0,3,9,1,70,4,2,1,65,55,52,61,41,0,0,0,0,0,0,0,0,0,10,0,3,0,0,0,0,0,4,2,35.716550000000005,139.5659438888889,4,3,0,0,0,0
1,30,892,167,2,0,1,30000,0,203,2024,4,20,18,37,21,5,2,18,19,1,1,1,1,7,4,21,0,0,14,9,30,1,5,3,1,1,45,3,61,31,0,1,0,1,0,11,0,2,0,10,0,3,0,2,0,2,0,4,2,35.70748972222223,139.58210944444443,7,3,9999,0,1,0
1,30,892,176,2,0,1,30000,0,203,2024,6,19,11,20,12,4,25,19,0,1,1,1,14,7,0,0,0,0,3,9,1,70,5,2,1,75,75,51,61,41,0,0,0,0,0,0,0,0,0,20,0,3,0,0,0,0,0,4,2,35.70249611111112,139.54442916666667,4,3,0,0,0,0
1,30,893,112,2,0,1,20910,0,204,2024,6,8,16,40,12,4,25,18,56,1,1,1,7,2,0,0,0,0,3,9,1,70,4,2,1,25,75,51,61,41,0,0,0,0,0,0,0,0,0,40,0,3,0,0,0,0,0,4,2,35.68614472222222,139.5384411111111,7,3,0,0,0,0
1,30,893,120,2,0,1,30000,0,204,2024,6,14,8,0,12,4,25,18,58,1,1,1,14,7,0,0,0,0,1,9,1,70,5,3,1,45,55,3,61,31,0,1,0,1,0,11,0,1,0,40,0,3,0,2,0,2,0,4,2,35.70150805555556,139.56226750000002,6,3,9999,0,1,0
1,30,894,273,2,0,1,30000,0,219,2024,6,10,17,50,12,4,25,18,57,1,1,1,14,7,0,0,0,0,2,9,1,70,5,3,1,65,45,3,61,31,0,1,0,1,0,11,0,2,0,40,0,3,0,2,0,2,0,4,2,35.636719722222225,139.5692175,2,3,9999,0,9,0
1,30,894,278,2,0,1,30000,0,208,2024,5,29,8,40,12,4,28,18,50,1,1,1,14,7,0,0,0,0,3,9,1,70,5,4,1,35,35,51,61,41,0,0,0,0,0,0,0,0,0,20,0,4,0,0,0,0,0,4,2,35.650385,139.52772388888891,4,3,0,0,0,0
1,30,894,282,2,0,1,30000,0,208,2024,6,16,19,15,21,4,25,18,59,1,1,1,1,1,9,22,0,0,14,9,30,70,4,2,1,1,45,51,61,41,0,0,0,0,0,0,0,0,0,10,0,3,0,0,0,0,0,4,2,35.64169888888889,139.53557722222223,1,3,0,0,0,0
1,30,894,287,2,0,1,30000,0,219,2024,6,19,8,10,12,4,25,19,0,1,1,1,14,7,0,0,0,0,2,9,1,70,5,4,1,35,1,51,61,41,0,0,0,0,0,0,0,0,0,10,0,3,0,0,0,0,0,4,2,35.64442138888889,139.58451805555558,4,3,0,0,0,0
1,30,895,82,2,0,1,30000,0,211,2024,4,11,15,49,12,5,14,18,11,2,1,1,14,7,0,0,0,0,2,9,1,70,5,3,1,75,1,3,61,31,0,1,0,1,0,11,0,2,0,40,0,4,0,2,0,2,0,4,2,35.72318222222222,139.4573636111111,5,3,391,0,9,0
1,30,899,6,2,0,1,99000,0,401,2024,6,26,9,40,12,4,27,19,1,3,2,2,0,7,0,0,0,0,0,0,20,70,0,4,1,75,75,4,61,31,0,1,0,1,0,1,0,10,0,10,0,3,0,2,0,2,0,4,2,33.10854805555556,139.7885588888889,4,3,1003,0,9,0
1,30,101,68,2,0,1,99000,0,101,2024,7,1,10,55,12,4,29,19,1,3,1,2,0,7,0,0,0,0,0,0,20,70,0,4,1,65,55,3,61,1,0,1,0,1,0,11,0,10,0,80,0,4,0,2,0,2,0,4,2,35.68078472222222,139.76900861111113,2,3,9999,0,9,0
1,30,101,72,2,0,1,20040,0,101,2024,7,31,18,20,13,4,48,18,46,3,1,2,14,7,0,0,0,0,4,9,1,70,4,2,1,35,35,51,61,41,0,0,0,0,0,0,0,0,0,10,0,3,0,0,0,0,0,4,2,35.68407722222222,139.76559194444445,4,3,0,0,0,0
1,30,102,71,2,0,1,10000,0,101,2024,6,30,8,44,12,4,28,19,1,2,1,1,1,1,9,22,0,0,19,8,30,70,1,1,1,45,35,3,61,1,0,1,0,1,0,11,0,4,0,10,0,4,0,2,0,2,0,4,2,35.69466611111111,139.76545777777778,1,3,9999,0,9,0
1,30,102,72,2,0,1,30000,0,101,2024,7,12,15,30,12,4,35,18,58,3,1,2,1,7,9,22,0,0,15,9,30,70,4,2,1,55,55,13,61,1,0,11,0,1,0,11,0,5,0,20,0,4,0,2,0,2,0,4,2,35.702284722222224,139.75114277777777,6,3,9999,0,9,0
1,30,103,65,2,0,1,30000,0,101,2024,7,6,11,50,12,4,31,19,0,1,1,1,14,7,0,0,0,0,3,9,1,70,5,3,1,45,65,3,61,31,0,1,0,1,0,11,0,2,0,10,0,4,0,2,0,2,0,4,2,35.70289527777778,139.77072,7,3,9999,0,9,0
1,30,103,68,2,0,1,30000,0,101,2024,7,20,11,33,12,4,40,18,54,1,1,1,14,7,0,0,0,0,5,9,1,70,5,2,1,35,1,17,61,31,0,11,0,1,0,11,0,3,0,10,0,3,0,2,0,2,0,4,2,35.697518055555555,139.77467444444446,7,3,9999,0,5,0
1,30,104,131,2,0,1,30000,0,102,2024,7,1,8,52,12,4,29,19,1,3,1,2,1,7,1,21,0,0,15,9,30,70,5,2,1,55,25,13,61,31,0,11,0,1,0,11,0,2,0,50,0,4,0,2,0,2,0,4,2,35.68460944444444,139.77317833333333,2,3,9999,0,9,0
1,30,104,149,2,0,1,10040,0,102,2024,7,16,8,49,12,4,37,18,57,1,1,1,14,7,0,0,0,0,1,9,1,70,5,2,1,1,0,61,0,0,0,0,0,0,0,0,0,0,0,0,0,0,0,0,0,0,0,2,0,35.67812083333333,139.7830886111111,3,3,0,0,0,0
1,30,104,151,2,0,1,30000,0,102,2024,7,30,12,20,12,4,47,18,47,2,1,1,7,7,0,0,0,0,3,9,1,70,5,3,1,35,25,17,61,1,0,11,0,1,0,11,0,2,0,20,0,4,0,2,0,2,0,4,2,35.67610583333333,139.77137027777778,3,3,9999,0,5,0
1,30,104,152,2,0,1,10060,0,102,2024,7,30,10,0,12,4,47,18,47,1,1,1,14,7,0,0,0,0,2,9,1,70,1,2,1,45,55,51,61,41,0,0,0,0,0,0,0,0,0,20,0,3,0,0,0,0,0,4,2,35.67496555555555,139.7772152777778,3,3,0,0,0,0
1,30,105,54,2,0,1,10060,0,102,2024,7,8,9,25,12,4,32,19,0,1,1,1,14,7,0,0,0,0,4,9,1,70,1,2,1,35,75,51,61,41,0,0,0,0,0,0,0,0,0,10,0,3,0,0,0,0,0,4,2,35.68568611111111,139.78865861111112,2,3,0,0,0,0
1,30,105,56,2,0,1,30000,0,102,2024,7,4,12,35,12,4,30,19,1,1,1,2,1,7,1,21,0,0,14,9,30,70,5,2,1,45,55,3,61,31,0,1,0,1,0,11,0,2,0,10,0,4,0,2,0,2,0,4,2,35.68741222222222,139.7853147222222,5,3,9999,0,1,0
1,30,106,94,2,0,1,30000,0,102,2024,7,5,20,15,22,4,31,19,0,1,1,1,1,7,9,22,0,0,11,9,30,1,5,2,1,65,45,3,61,1,0,1,0,1,0,11,0,2,0,20,0,3,0,2,0,2,0,4,2,35.669087777777776,139.77487833333333,6,3,9999,0,9,0
1,30,106,95,2,0,1,30000,0,102,2024,6,15,3,46,23,4,25,18,59,1,1,1,14,7,0,0,0,0,3,9,1,70,5,2,1,55,25,3,61,1,0,1,0,1,0,11,0,2,0,70,0,4,0,2,0,2,0,4,2,35.67041694444444,139.75967416666666,7,3,9999,0,9,0
1,30,106,96,2,0,1,150,21,102,2024,6,11,9,10,12,4,25,18,57,1,1,1,14,7,0,0,0,0,3,9,1,70,5,2,1,45,45,51,61,41,0,0,0,0,0,0,0,0,0,10,0,3,0,0,0,0,0,4,2,35.66777916666666,139.76152,3,3,0,0,0,0
1,30,106,100,2,0,1,20090,0,102,2024,7,9,14,19,12,4,33,18,59,2,1,1,14,7,0,0,0,0,5,9,1,70,5,2,1,65,1,51,61,41,0,0,0,0,0,0,0,0,0,10,0,4,0,0,0,0,0,4,2,35.67028138888889,139.76068138888888,3,3,0,0,0,0
1,30,107,87,2,0,1,20000,0,102,2024,7,8,18,40,13,4,32,19,0,1,1,1,1,1,9,22,0,0,14,8,30,70,1,2,1,65,1,51,61,41,0,0,0,0,0,0,0,0,0,10,0,3,0,0,0,0,0,4,2,35.66709611111111,139.78627833333334,2,3,0,0,0,0
1,30,107,92,2,0,1,10020,0,102,2024,7,16,16,30,12,4,37,18,57,1,1,1,14,1,0,0,0,0,1,9,1,70,1,2,1,1,0,61,0,0,0,0,0,0,0,0,0,0,0,0,0,0,0,0,0,0,0,2,0,35.65604361111111,139.78131944444445,3,3,0,0,0,0
1,30,107,93,2,0,1,30000,0,102,2024,7,21,16,30,12,4,41,18,54,1,1,1,14,7,0,0,0,0,3,9,1,70,5,2,1,45,35,51,61,41,0,0,0,0,0,0,0,0,0,20,0,4,0,0,0,0,0,4,2,35.65873555555555,139.7828163888889,1,3,0,0,0,0
1,30,107,97,2,0,1,10020,0,102,2024,7,30,11,40,12,4,47,18,47,1,1,1,14,7,0,0,0,0,2,9,1,70,5,2,1,1,75,51,61,41,0,0,0,0,0,0,0,0,0,10,0,3,0,0,0,0,0,4,2,35.659395277777776,139.77745194444446,3,3,0,0,0,0
1,30,108,137,2,0,1,30000,0,103,2024,7,27,5,40,11,4,45,18,50,1,1,1,1,7,9,22,0,0,11,9,30,70,5,2,1,45,1,3,61,1,0,1,0,1,0,11,0,2,0,30,0,4,0,2,0,2,0,4,2,35.66584888888889,139.75750055555557,7,3,9999,0,9,0
1,30,108,138,2,0,1,10640,0,103,2024,7,27,18,30,13,4,45,18,50,2,1,1,1,1,9,22,0,0,18,9,30,70,1,1,1,65,55,3,61,31,0,1,0,1,0,11,0,4,0,80,0,3,0,2,0,2,0,4,2,35.66816972222222,139.7479161111111,7,3,9999,0,9,0
1,30,110,70,2,0,1,150,67,103,2024,7,3,9,30,12,4,30,19,1,1,1,1,7,1,0,0,0,0,5,9,1,70,1,2,1,65,55,51,61,41,0,0,0,0,0,0,0,0,0,20,0,4,0,0,0,0,0,4,2,35.633960277777774,139.737925,4,3,0,0,0,0
1,30,110,79,2,0,1,30000,0,103,2024,6,27,17,40,12,4,27,19,1,2,1,1,1,1,9,22,0,0,17,7,30,70,1,1,1,45,45,3,61,31,0,1,0,1,0,11,0,2,0,10,0,3,0,2,0,2,0,4,2,35.63583527777778,139.73164277777778,5,3,9999,0,1,0
1,30,111,165,2,0,1,30000,0,103,2024,7,10,19,35,21,4,34,18,59,3,1,2,1,7,1,21,0,0,14,9,30,70,4,1,1,65,35,3,61,1,0,1,0,1,0,11,0,3,0,10,0,3,0,2,0,2,0,4,2,35.65911555555555,139.7315722222222,4,3,9999,0,9,0
1,30,111,166,2,0,1,30000,0,103,2024,7,3,18,12,13,4,30,19,1,1,1,1,14,7,0,0,0,0,1,7,1,70,5,3,1,75,45,3,61,1,0,1,0,1,0,1,0,10,0,40,0,4,0,2,0,2,0,4,2,35.65804,139.72286888888888,4,3,9999,0,9,0
1,30,111,167,2,0,2,20170,0,103,2024,7,13,19,0,21,4,35,18,58,2,1,1,14,1,0,0,0,0,5,9,1,70,1,2,1,1,55,51,61,41,0,0,0,0,0,0,0,0,0,40,0,3,0,0,0,0,0,4,2,35.66074944444444,139.72628416666666,7,3,0,0,0,0
1,30,111,169,2,0,1,10670,0,103,2024,7,20,23,22,22,4,40,18,54,2,1,1,1,1,9,22,0,0,19,9,30,70,1,1,1,75,25,3,61,1,0,1,0,1,0,11,0,4,0,40,0,4,0,2,0,2,0,4,2,35.65629611111111,139.73740611111108,7,3,358,0,9,0
1,30,111,174,2,0,1,30000,0,103,2024,7,21,1,3,22,4,41,18,54,3,1,2,14,7,0,0,0,0,3,9,1,70,5,4,1,25,45,3,61,1,0,1,0,1,0,11,0,10,0,20,0,4,0,2,0,2,0,4,2,35.663334166666665,139.73106833333333,1,3,9999,0,1,0
1,30,112,123,2,0,1,30000,0,103,2024,7,8,15,15,12,4,32,19,0,1,1,1,14,7,0,0,0,0,1,9,1,1,5,2,1,1,45,13,61,31,0,11,0,1,0,11,0,2,0,44,0,4,0,2,0,2,0,4,2,35.676184444444445,139.73697916666666,2,3,9999,0,1,0
1,30,112,125,2,0,1,30000,0,103,2024,7,12,21,45,22,4,35,18,58,3,1,2,1,7,9,22,0,0,17,9,30,70,4,2,1,55,1,3,61,1,0,1,0,1,0,11,0,3,0,66,0,4,0,2,0,2,0,4,2,35.670970277777776,139.71683194444444,6,3,9999,0,9,0
1,30,112,128,2,0,1,30000,0,103,2024,7,15,16,40,12,4,37,18,57,2,1,1,14,7,0,0,0,0,2,9,1,70,5,2,1,55,25,3,61,31,0,1,0,1,0,11,0,5,0,40,0,3,0,2,0,2,0,4,2,35.67005805555555,139.71786333333333,2,1,9999,0,9,0
1,30,112,131,2,0,1,30000,0,103,2024,7,21,1,5,22,4,41,18,54,3,1,2,1,7,9,22,0,0,11,9,30,1,5,2,1,35,35,3,61,1,0,1,0,1,0,11,0,2,0,44,0,4,0,2,0,2,0,4,2,35.674388888888885,139.73785527777775,1,3,9999,0,1,0
1,30,215,69,2,0,1,20000,0,109,2024,7,4,8,49,12,4,30,19,1,1,1,1,14,7,0,0,0,0,5,9,1,70,4,1,1,25,45,3,61,31,0,1,0,1,0,11,0,3,0,40,0,3,0,2,0,2,0,4,2,35.61102777777778,139.74575222222222,5,3,9999,0,5,0
1,30,215,72,2,0,1,150,83,109,2024,7,18,9,10,12,4,39,18,56,1,1,1,14,7,0,0,0,0,5,9,1,70,4,1,1,45,55,51,61,41,0,0,0,0,0,0,0,0,0,10,0,4,0,0,0,0,0,4,2,35.620199444444445,139.73999444444442,5,3,0,0,0,0
1,30,215,76,2,0,1,10070,0,109,2024,7,20,12,30,12,4,40,18,54,1,1,1,7,1,0,0,0,0,6,8,1,70,1,1,1,35,25,51,61,41,0,0,0,0,0,0,0,0,0,10,0,4,0,0,0,0,0,4,2,35.622215,139.75104666666667,7,3,0,0,0,0
1,30,215,78,2,0,1,30000,0,109,2024,7,29,15,58,12,4,47,18,48,1,1,1,7,7,0,0,0,0,3,9,1,70,4,2,1,45,75,3,61,31,0,1,0,1,0,1,0,3,0,10,0,3,0,2,0,2,0,4,2,35.616442222222226,139.72630361111112,2,3,9999,0,1,0
1,30,216,122,2,0,1,99000,0,109,2024,7,3,11,24,12,4,30,19,1,1,1,1,0,7,0,0,0,0,0,0,20,70,0,4,1,65,65,3,61,31,0,1,0,1,0,11,0,10,0,60,0,4,0,2,0,2,0,4,2,35.60680611111111,139.73227500000002,4,3,9999,0,9,0
1,30,216,128,2,0,1,10070,0,109,2024,7,13,15,40,12,4,35,18,58,2,1,1,14,7,0,0,0,0,3,8,1,70,4,1,1,1,75,51,61,41,0,0,0,0,0,0,0,0,0,10,0,4,0,0,0,0,0,4,2,35.60353527777778,139.7457436111111,7,3,0,0,0,0
1,30,216,129,2,0,1,30000,0,109,2024,7,18,22,7,22,4,39,18,56,2,1,1,7,7,0,0,0,0,2,9,1,70,5,2,1,35,65,14,61,31,0,11,0,1,0,11,0,2,0,10,0,3,0,2,0,2,0,4,2,35.606479444444446,139.73603388888887,5,3,9999,0,5,0
1,30,216,131,2,0,1,150,110,109,2024,7,24,15,0,12,4,43,18,52,1,1,1,14,7,0,0,0,0,1,9,1,70,5,2,1,1,0,61,0,0,0,0,0,0,0,0,0,0,0,0,0,0,0,0,0,0,0,2,0,35.59741833333334,139.7374872222222,4,3,0,0,0,0
1,30,217,125,2,0,1,30000,0,109,2024,7,7,13,20,12,4,32,19,0,1,1,1,14,7,0,0,0,0,3,9,1,70,1,1,1,35,45,59,61,0,0,0,0,0,0,0,0,0,0,20,0,4,0,0,0,0,0,4,2,35.62613694444445,139.72404416666666,1,3,0,0,0,0
1,30,218,131,2,0,1,30000,0,109,2024,5,14,7,0,12,4,37,18,38,1,1,1,1,7,9,22,0,0,11,9,30,70,5,3,1,65,75,3,61,31,0,1,0,1,0,11,0,10,0,70,0,3,0,2,0,2,0,4,2,35.60496944444444,139.7038011111111,3,3,9999,0,9,0