資料区分,都道府県コード,警察署等コード,本票番号,事故内容,死者数,負傷者数,路線コード,地点コード,市区町村コード,発生日時　　年,発生日時　　月,発生日時　　日,発生日時　　時,発生日時　　分,昼夜,日の出時刻　　時,日の出時刻　　分,日の入り時刻　　時,日の入り時刻　　分,天候,地形,路面状態,道路形状,信号機,一時停止規制　標識（当事者A）,一時停止規制　表示（当事者A）,一時停止規制　標識（当事者B）,一時停止規制　表示（当事者B）,車道幅員,道路線形,衝突地点,ゾーン規制,中央分離帯施設等,歩車道区分,事故類型,年齢（当事者A）,年齢（当事者B）,当事者種別（当事者A）,当事者種別（当事者B）,用途別（当事者A）,用途別（当事者B）,車両形状等（当事者A）,車両形状等（当事者B）,オートマチック車（当事者A）,オートマチック車（当事者B）,サポカー（当事者A）,サポカー（当事者B）,速度規制（指定のみ）（当事者A）,速度規制（指定のみ）（当事者B）,車両の衝突部位（当事者A）,車両の衝突部位（当事者B）,車両の損壊程度（当事者A）,車両の損壊程度（当事者B）,エアバッグの装備（当事者A）,エアバッグの装備（当事者B）,サイドエアバッグの装備（当事者A）,サイドエアバッグの装備（当事者B）,人身損傷程度（当事者A）,人身損傷程度（当事者B）,lat,lon,曜日(発生年月日),祝日(発生年月日),認知機能検査経過日数（当事者A）,認知機能検査経過日数（当事者B）,運転練習の方法（当事者A）,運転練習の方法（当事者B）
1,30,218,133,2,0,1,30000,0,109,2024,6,19,7,55,12,4,25,19,0,1,1,1,14,7,0,0,0,0,2,9,1,70,5,3,1,55,1,3,61,31,0,1,0,1,0,11,0,10,0,80,0,3,0,2,0,2,0,4,2,35.603075833333335,139.70819416666666,4,3,9999,0,9,0
1,30,218,155,2,0,1,30000,0,109,2024,7,24,10,45,12,4,43,18,52,1,1,1,14,7,0,0,0,0,2,7,1,70,5,2,1,35,75,51,61,41,0,0,0,0,0,0,0,0,0,10,0,4,0,0,0,0,0,4,2,35.606587222222224,139.72901805555557,4,3,0,0,0,0
1,30,219,194,2,0,1,30000,0,111,2024,7,4,17,20,12,4,30,19,1,1,1,1,7,7,0,0,0,0,2,9,1,70,5,3,1,1,55,51,61,41,0,0,0,0,0,0,0,0,0,10,0,4,0,0,0,0,0,4,2,35.57524555555556,139.73520805555555,5,3,0,0,0,0
1,30,219,200,2,0,1,150,139,111,2024,7,2,17,3,12,4,29,19,1,1,1,1,1,1,9,22,0,0,18,9,30,70,1,2,1,55,65,14,61,31,0,11,0,1,0,11,0,5,0,50,0,4,0,2,0,2,0,4,2,35.57186888888889,139.73246333333333,3,3,9999,0,9,0
1,30,219,207,2,0,1,30000,0,111,2024,3,15,12,50,12,5,52,17,49,1,1,1,14,7,0,0,0,0,4,9,1,70,1,1,1,75,0,61,0,0,0,0,0,0,0,0,0,0,0,0,0,0,0,0,0,0,0,2,0,35.58328138888889,139.73861194444444,6,3,0,0,0,0
1,30,219,217,2,0,1,30000,0,111,2024,7,29,8,22,12,4,47,18,48,1,1,1,14,7,0,0,0,0,3,9,1,70,4,1,1,75,45,17,61,31,0,11,0,2,0,11,0,3,0,80,0,3,0,2,0,2,0,4,2,35.569923055555556,139.7490472222222,2,3,160,0,9,0
1,30,220,138,2,0,1,30000,0,111,2024,7,9,12,5,12,4,33,18,59,1,1,1,1,7,9,22,0,0,11,9,30,70,5,3,1,55,75,14,61,31,0,11,0,1,0,11,0,2,0,10,0,3,0,2,0,2,0,4,2,35.60215166666667,139.68522222222222,3,3,9999,0,9,0
1,30,220,144,2,0,1,10170,0,111,2024,7,20,20,53,22,4,40,18,54,1,1,1,1,1,9,22,0,0,15,9,30,70,1,2,1,1,35,36,61,31,0,0,0,0,0,11,0,2,0,10,0,3,0,0,0,0,0,4,2,35.600121944444446,139.691325,7,3,9999,0,1,0
1,30,220,145,2,0,1,30000,0,111,2024,7,21,18,37,13,4,41,18,54,1,1,1,14,7,0,0,0,0,2,9,1,70,5,3,1,45,55,52,61,41,0,0,0,0,0,0,0,0,0,10,0,3,0,0,0,0,0,4,2,35.58950388888889,139.70051194444443,1,3,0,0,0,0
1,30,220,151,2,0,1,30000,0,111,2024,7,26,14,0,12,4,44,18,50,1,1,1,14,7,0,0,0,0,3,9,1,70,5,3,1,25,45,3,61,31,0,1,0,1,0,11,0,10,0,20,0,4,0,2,0,2,0,4,2,35.590784722222224,139.66998583333333,6,3,9999,0,1,0
1,30,220,152,2,0,1,30000,0,111,2024,7,27,12,40,12,4,45,18,50,1,1,1,14,7,0,0,0,0,2,8,1,70,5,4,1,35,35,3,61,31,0,1,0,1,0,11,0,10,0,12,0,3,0,2,0,2,0,4,2,35.59880972222223,139.70081166666665,7,3,9999,0,1,0
1,30,220,156,2,0,1,30000,0,111,2024,7,9,17,49,12,4,33,18,59,2,1,1,1,7,1,21,0,0,11,9,30,70,5,3,1,65,25,35,61,31,0,0,0,0,0,11,0,2,0,40,0,4,0,0,0,0,0,4,2,35.58535222222223,139.68354638888889,3,3,9999,0,9,0
1,30,220,157,2,0,1,30000,0,111,2024,7,27,18,10,13,4,45,18,50,1,1,1,14,7,0,0,0,0,3,8,1,1,5,3,1,75,45,3,61,31,0,1,0,1,0,11,0,2,0,40,0,3,0,2,0,2,0,4,2,35.596249722222225,139.66856444444443,7,3,808,0,9,0
1,30,221,173,2,0,1,30000,0,111,2024,7,3,7,29,12,4,30,19,1,1,1,1,1,7,9,22,0,0,14,9,30,70,5,4,1,75,55,13,61,31,0,11,0,1,0,11,0,2,0,30,0,3,0,2,0,2,0,4,2,35.561501111111106,139.72329638888888,4,3,471,0,9,0
1,30,221,178,2,0,1,30000,0,111,2024,7,13,20,40,22,4,35,18,58,1,1,2,14,7,0,0,0,0,3,9,1,70,5,4,1,1,25,51,61,41,0,0,0,0,0,0,0,0,0,20,0,3,0,0,0,0,0,4,2,35.5636375,139.71628583333333,7,3,0,0,0,0
1,30,221,191,2,0,1,30000,0,111,2024,7,24,8,55,12,4,43,18,52,1,1,1,1,7,9,22,0,0,14,9,30,70,5,3,1,55,25,3,61,31,0,1,0,1,0,11,0,2,0,50,0,3,0,2,0,2,0,4,2,35.559125277777774,139.72794694444445,4,3,9999,0,9,0
1,30,222,185,2,0,1,30000,0,111,2024,7,12,10,23,12,4,35,18,58,3,1,2,14,7,0,0,0,0,3,9,1,70,5,2,1,55,65,3,61,31,0,1,0,1,0,11,0,5,0,10,0,3,0,2,0,1,0,4,2,35.58869722222222,139.70765694444444,6,3,9999,0,9,0
1,30,222,186,2,0,1,30000,0,111,2024,7,12,18,41,13,4,35,18,58,3,1,2,7,7,0,0,0,0,2,9,1,70,5,3,1,45,35,13,61,31,0,11,0,1,0,11,0,2,0,30,0,3,0,2,0,2,0,4,2,35.56740722222222,139.71055027777777,6,3,9999,0,9,0
1,30,222,187,2,0,1,90000,0,111,2024,7,14,14,0,12,4,36,18,58,2,1,1,14,7,0,0,0,0,2,9,20,70,5,4,1,1,75,51,61,41,0,0,0,0,0,0,0,0,0,10,0,3,0,0,0,0,0,4,2,35.556932499999995,139.70213527777776,1,2,0,0,0,0
1,30,222,201,2,0,1,30000,0,111,2024,7,25,9,10,12,4,44,18,51,1,1,1,14,7,0,0,0,0,2,9,1,70,5,3,1,65,55,3,61,31,0,1,0,1,0,11,0,10,0,30,0,3,0,2,0,2,0,4,2,35.577896111111116,139.71153166666664,5,3,9999,0,9,0
1,30,222,202,2,0,1,30000,0,111,2024,7,25,10,58,12,4,44,18,51,1,1,1,14,7,0,0,0,0,1,9,1,70,5,3,1,55,65,3,61,31,0,1,0,1,0,11,0,2,0,30,0,3,0,2,0,2,0,4,2,35.56897861111111,139.69072027777779,5,3,9999,0,9,0
1,30,325,184,2,0,2,2460,92,112,2024,6,18,12,45,12,4,25,18,59,3,1,2,7,7,0,0,0,0,6,9,1,70,1,1,1,1,25,3,61,31,0,1,0,1,0,11,0,10,0,10,0,1,0,2,0,2,0,4,2,35.6352275,139.66451333333333,3,3,9999,0,1,0
1,30,325,186,2,0,1,10210,0,112,2024,7,2,10,17,12,4,29,19,1,1,1,1,14,7,0,0,0,0,3,9,1,70,4,2,1,25,75,12,61,1,0,11,0,1,0,11,0,3,0,20,0,4,0,2,0,2,0,4,2,35.63791222222222,139.62383527777777,3,3,9999,0,1,0
1,30,325,194,2,0,1,10210,0,112,2024,7,14,8,56,12,4,36,18,58,3,1,2,14,7,0,0,0,0,2,9,1,70,5,1,1,1,25,51,61,41,0,0,0,0,0,0,0,0,0,13,0,4,0,0,0,0,0,4,2,35.643188055555555,139.6688561111111,1,2,0,0,0,0
1,30,325,197,2,0,1,30000,0,112,2024,7,31,15,30,12,4,48,18,46,2,1,1,14,7,0,0,0,0,2,9,1,70,5,4,1,35,65,52,61,41,0,0,0,0,0,0,0,0,0,10,0,3,0,0,0,0,0,4,2,35.646700555555555,139.62379388888888,4,3,0,0,0,0
1,30,326,184,2,0,1,30000,0,112,2024,7,12,15,50,12,4,35,18,58,3,1,2,1,7,1,21,0,0,11,9,30,70,4,1,1,45,1,3,61,31,0,1,0,1,0,11,0,3,0,10,0,3,0,2,0,2,0,4,2,35.647105833333335,139.62877194444445,6,3,9999,0,1,0
1,30,326,190,2,0,1,30000,0,112,2024,7,17,22,50,22,4,38,18,56,1,1,1,14,7,0,0,0,0,3,9,1,70,4,2,1,25,25,51,61,41,0,0,0,0,0,0,0,0,0,10,0,3,0,0,0,0,0,4,2,35.65341861111111,139.6378161111111,4,3,0,0,0,0
1,30,326,191,2,0,1,30000,0,112,2024,7,19,12,45,12,4,39,18,55,1,1,1,7,7,0,0,0,0,1,9,1,70,5,3,1,1,55,51,61,41,0,0,0,0,0,0,0,0,0,10,0,3,0,0,0,0,0,4,2,35.64948388888889,139.6366588888889,6,3,0,0,0,0
1,30,327,317,2,0,1,99000,0,112,2024,4,4,9,20,12,5,23,18,5,1,1,1,0,7,0,0,0,0,0,0,20,70,0,2,1,45,55,51,61,41,0,0,0,0,0,0,0,0,0,10,0,4,0,0,0,0,0,4,2,35.62930361111111,139.63451972222222,5,3,0,0,0,0
1,30,327,326,2,0,1,10190,0,112,2024,6,24,13,0,12,4,26,19,1,1,1,1,1,1,9,22,0,0,18,9,30,70,1,1,1,1,1,3,61,31,0,1,0,1,0,1,0,3,0,10,0,3,0,2,0,2,0,4,2,35.61116972222222,139.6284438888889,2,3,9999,0,1,0
1,30,327,339,2,0,1,30000,0,112,2024,7,9,15,45,12,4,33,18,59,2,1,1,14,7,0,0,0,0,3,9,1,70,5,1,1,65,1,14,61,31,0,11,0,1,0,11,0,5,0,81,0,3,0,2,0,2,0,4,2,35.615285,139.62592833333335,3,3,9999,0,9,0
1,30,327,340,2,0,1,30000,0,112,2024,6,7,9,24,12,4,25,18,55,2,1,1,14,7,0,0,0,0,3,9,1,70,5,1,1,25,45,3,61,1,0,1,0,1,0,11,0,5,0,20,0,3,0,2,0,2,0,4,2,35.59821388888889,139.6549775,6,3,9999,0,1,0
1,30,327,346,2,0,1,30000,0,112,2024,7,12,10,53,12,4,35,18,58,3,1,2,1,1,9,22,0,0,14,9,30,70,1,2,1,65,1,4,61,31,0,1,0,1,0,11,0,2,0,20,0,3,0,2,0,2,0,4,2,35.61468361111111,139.62758333333335,6,3,9999,0,9,0
1,30,327,350,2,0,1,30000,0,112,2024,5,20,0,0,22,4,32,18,43,1,1,1,14,7,0,0,0,0,3,9,1,70,5,2,1,1,25,43,61,41,0,31,0,0,0,0,0,10,0,10,0,4,0,0,0,0,0,4,2,35.598887500000004,139.6722061111111,2,3,0,0,0,0
1,30,327,353,2,0,1,30000,0,112,2024,7,16,12,5,12,4,37,18,57,2,1,1,1,1,9,22,0,0,11,9,30,70,5,3,1,45,45,2,61,31,0,1,0,1,0,11,0,2,0,10,0,4,0,2,0,2,0,4,2,35.62192805555556,139.6555586111111,3,3,9999,0,9,0
1,30,327,357,2,0,1,30000,0,112,2024,7,23,19,0,21,4,42,18,52,1,1,1,14,7,0,0,0,0,1,9,1,1,5,4,1,45,1,3,61,31,0,1,0,1,0,11,0,2,0,10,0,4,0,2,0,2,0,4,2,35.61375138888889,139.62577416666667,3,3,9999,0,4,0
1,30,327,362,2,0,1,20240,0,112,2024,7,29,7,40,12,4,47,18,48,1,1,1,1,1,9,22,0,0,15,9,30,70,5,2,1,35,55,13,61,31,0,11,0,1,0,11,0,3,0,40,0,3,0,2,0,2,0,4,2,35.621364444444445,139.65218333333334,2,3,9999,0,1,0
1,30,328,261,2,0,1,10210,0,112,2024,6,30,8,10,12,4,28,19,1,2,1,1,1,2,9,22,0,0,18,9,30,70,4,2,1,45,45,51,61,41,0,0,0,0,0,0,0,0,0,10,0,3,0,0,0,0,0,4,2,35.632133333333336,139.60198305555554,1,3,0,0,0,0
1,30,328,262,2,0,1,30000,0,112,2024,7,3,9,35,12,4,30,19,1,1,1,1,14,7,0,0,0,0,2,9,1,70,5,3,1,25,65,3,61,1,0,1,0,1,0,11,0,1,0,30,0,3,0,2,0,2,0,4,2,35.63627388888889,139.61054333333334,4,3,9999,0,1,0
1,30,328,279,2,0,1,30000,0,112,2024,7,9,21,25,22,4,33,18,59,2,1,1,14,7,0,0,0,0,3,9,1,70,5,3,1,1,25,51,61,41,0,0,0,0,0,0,0,0,0,10,0,4,0,0,0,0,0,4,2,35.64312361111111,139.58872444444447,3,3,0,0,0,0
1,30,328,285,2,0,1,30000,0,112,2024,7,22,12,10,12,4,42,18,53,1,1,1,14,7,0,0,0,0,2,9,1,70,5,3,1,55,35,3,61,1,0,1,0,1,0,11,0,2,0,40,0,3,0,2,0,2,0,4,2,35.639491666666665,139.61100916666666,2,3,9999,0,1,0
1,30,328,291,2,0,1,30000,0,112,2024,7,31,21,25,22,4,48,18,46,2,1,1,14,7,0,0,0,0,3,9,1,70,5,3,1,65,35,35,61,31,0,0,0,0,0,11,0,10,0,30,0,3,0,0,0,0,0,4,2,35.666000833333335,139.59923166666667,4,3,9999,0,9,0
1,30,329,140,2,0,1,10160,0,110,2024,7,6,10,50,12,4,31,19,0,1,1,1,14,7,0,0,0,0,1,9,1,70,1,2,1,1,75,51,61,41,0,0,0,0,0,0,0,0,0,10,0,4,0,0,0,0,0,4,2,35.6305075,139.70973666666666,7,3,0,0,0,0
1,30,329,141,2,0,1,10080,0,110,2024,7,8,21,25,22,4,32,19,0,1,1,1,1,1,9,22,0,0,19,9,30,70,4,1,1,65,35,3,61,1,0,1,0,1,0,11,0,5,0,50,0,4,0,2,0,2,0,4,2,35.63285444444445,139.7086261111111,2,3,9999,0,9,0
1,30,329,146,2,0,2,30000,0,110,2024,7,17,11,47,12,4,38,18,56,1,1,1,1,1,9,22,0,0,15,9,30,70,5,2,1,25,75,17,61,31,0,11,0,1,0,11,0,10,0,10,0,3,0,2,0,2,0,4,2,35.63257055555555,139.6919902777778,4,3,9999,0,1,0
1,30,329,149,2,0,1,30000,0,110,2024,5,20,12,53,12,4,32,18,43,1,1,1,14,7,0,0,0,0,3,9,1,70,5,3,1,65,25,3,61,31,0,1,0,1,0,11,0,2,0,40,0,3,0,2,0,2,0,4,2,35.6371475,139.69249972222224,2,3,9999,0,9,0
1,30,329,156,2,0,1,30000,0,110,2024,6,24,18,29,13,4,26,19,1,1,1,1,14,7,0,0,0,0,3,9,1,70,5,3,1,55,35,3,61,31,0,1,0,1,0,11,0,10,0,50,0,3,0,2,0,2,0,4,2,35.65871361111111,139.68295333333333,2,3,9999,0,9,0
1,30,330,156,2,0,1,10080,0,110,2024,7,1,7,55,12,4,29,19,1,3,1,2,1,1,9,22,0,0,18,9,30,70,4,2,1,45,35,3,61,31,0,1,0,1,0,11,0,4,0,10,0,3,0,2,0,2,0,4,2,35.61783527777778,139.67461083333333,2,3,9999,0,4,0
1,30,330,164,2,0,1,10080,0,110,2024,7,12,8,0,12,4,35,18,58,3,1,2,1,1,9,22,0,0,19,9,30,70,1,1,1,45,25,14,61,31,0,11,0,1,0,11,0,4,0,10,0,3,0,2,0,2,0,4,2,35.61376027777778,139.6635938888889,6,3,9999,0,1,0
1,30,330,167,2,0,1,30000,0,110,2024,7,16,10,20,12,4,37,18,57,2,1,2,14,7,0,0,0,0,2,9,1,70,4,3,1,75,35,3,61,31,0,1,0,1,0,11,0,2,0,40,0,4,0,2,0,2,0,4,2,35.612636944444446,139.69348333333335,3,3,258,0,9,0
1,30,330,181,2,0,1,30000,0,110,2024,7,26,18,25,13,4,44,18,50,1,1,1,1,7,9,22,0,0,11,9,30,1,5,3,1,35,55,52,61,41,0,0,0,0,0,0,0,0,0,10,0,4,0,0,0,0,0,4,2,35.629155,139.68525583333334,6,3,0,0,0,0
1,30,330,184,2,0,2,30000,0,110,2024,7,28,20,30,22,4,46,18,49,1,1,1,14,7,0,0,0,0,1,9,1,70,5,3,1,35,1,51,61,41,0,0,0,0,0,0,0,0,0,40,0,3,0,0,0,0,0,4,4,35.62050166666667,139.68945611111113,1,3,0,0,0,0
1,30,331,160,2,0,1,30000,0,113,2024,5,2,17,20,12,4,48,18,29,1,1,1,1,1,9,22,0,0,14,9,30,70,4,2,1,45,45,51,61,41,0,0,0,0,0,0,0,0,0,10,0,3,0,0,0,0,0,4,2,35.66341638888889,139.69913888888888,5,2,0,0,0,0
1,30,331,161,2,0,1,30220,0,113,2024,6,16,3,10,22,4,25,18,59,3,1,2,14,1,0,0,0,0,3,7,1,70,4,1,1,35,25,3,61,1,0,1,0,1,0,11,0,3,0,40,0,3,0,2,0,2,0,4,2,35.658685,139.69728361111112,1,3,9999,0,1,0
1,30,331,165,2,0,1,10090,0,113,2024,7,1,16,50,12,4,29,19,1,3,1,2,14,7,0,0,0,0,5,9,1,70,1,1,1,55,25,3,61,31,0,1,0,1,0,11,0,4,0,10,0,3,0,2,0,2,0,4,2,35.648514999999996,139.71676472222222,2,3,9999,0,9,0
1,30,331,167,2,0,1,20240,0,113,2024,7,6,0,3,22,4,31,19,0,1,1,1,1,1,9,22,0,0,18,9,30,70,1,2,1,45,25,3,61,1,0,1,0,1,0,11,0,4,0,50,0,3,0,2,0,2,0,4,2,35.64756805555555,139.70926944444443,7,3,9999,0,9,0
1,30,331,168,2,0,1,30220,0,113,2024,7,6,5,5,11,4,31,19,0,1,1,1,7,8,0,0,0,0,6,9,1,70,5,2,1,55,25,3,61,1,0,1,0,1,0,11,0,3,0,20,0,3,0,2,0,2,0,4,2,35.659461388888886,139.70082777777776,7,3,9999,0,9,0
1,30,331,169,2,0,1,30000,0,113,2024,7,14,3,50,23,4,36,18,58,3,1,2,14,7,0,0,0,0,3,9,1,70,5,3,1,45,25,17,61,31,0,11,0,1,0,11,0,2,0,80,0,3,0,2,0,2,0,4,2,35.6474375,139.70829916666665,1,2,9999,0,9,0
1,30,331,176,2,0,1,30000,0,113,2024,7,3,10,45,12,4,30,19,1,1,1,1,1,7,1,21,0,0,14,9,30,70,4,3,1,55,35,3,61,1,0,1,0,1,0,11,0,5,0,80,0,4,0,2,0,2,0,4,2,35.649280555555556,139.7084625,4,3,9999,0,9,0
1,30,331,180,2,0,1,10090,0,113,2024,5,4,20,25,22,4,46,18,30,1,1,1,14,7,0,0,0,0,1,9,1,70,4,2,1,25,35,51,61,41,0,0,0,0,0,0,0,0,0,10,0,4,0,0,0,0,0,4,2,35.64858666666667,139.71590083333334,7,1,0,0,0,0
1,30,331,181,2,0,1,30000,0,113,2024,7,27,2,30,22,4,45,18,50,1,1,1,14,7,0,0,0,0,3,9,1,70,5,3,1,45,25,3,61,1,0,1,0,1,0,11,0,10,0,50,0,3,0,2,0,2,0,4,2,35.659930833333334,139.69492888888888,7,3,9999,0,9,0
1,30,331,182,2,0,1,30000,0,113,2024,7,29,10,39,12,4,47,18,48,1,1,1,14,7,0,0,0,0,1,9,1,70,5,3,1,75,1,3,61,1,0,1,0,1,0,11,0,10,0,20,0,3,0,2,0,2,0,4,2,35.66132861111111,139.71179527777775,2,3,105,0,9,0
1,30,331,188,2,0,1,30000,0,113,2024,7,31,20,45,22,4,48,18,46,2,1,1,14,7,0,0,0,0,2,9,1,70,5,2,1,35,35,3,61,1,0,1,0,1,0,11,0,10,0,30,0,4,0,2,0,2,0,4,2,35.65870666666667,139.69844361111112,4,3,9999,0,1,0
1,30,332,81,1,1,0,30000,0,113,2024,7,9,14,40,12,4,33,18,59,2,1,1,1,7,9,22,0,0,14,9,30,70,4,2,1,65,35,17,61,31,0,11,0,1,0,11,0,3,0,10,0,3,0,2,0,2,0,4,1,35.68261861111111,139.70124888888887,3,3,9999,0,9,0
1,30,332,87,2,0,1,30000,0,113,2024,6,30,13,45,12,4,28,19,1,2,1,1,14,1,0,0,0,0,3,9,1,70,4,2,1,45,65,3,61,1,0,1,0,1,0,11,0,3,0,40,0,4,0,2,0,2,0,4,2,35.67024555555555,139.70288527777777,1,3,9999,0,1,0
1,30,332,88,2,0,1,30000,0,113,2024,7,19,18,9,13,4,39,18,55,1,1,1,1,1,9,22,0,0,14,8,30,70,4,1,1,25,55,51,61,41,0,0,0,0,0,0,0,0,0,40,0,4,0,0,0,0,0,4,2,35.67382277777777,139.7056313888889,6,3,0,0,0,0
1,30,332,90,2,0,1,30000,0,113,2024,7,24,16,20,12,4,43,18,52,1,1,1,1,7,6,21,0,0,14,9,30,70,5,2,1,35,25,13,61,31,0,11,0,1,0,11,0,2,0,10,0,3,0,2,0,2,0,4,2,35.67333083333333,139.7098372222222,4,3,9999,0,5,0
1,30,333,111,2,0,1,200,117,113,2024,7,6,11,15,12,4,31,19,0,1,1,1,1,1,9,22,0,0,17,9,30,70,1,2,1,45,55,51,61,41,0,0,0,0,0,0,0,0,0,20,0,4,0,0,0,0,0,4,2,35.674503333333334,139.66814027777778,7,3,0,0,0,0
1,30,333,114,2,0,1,30250,0,113,2024,7,15,15,13,12,4,37,18,57,2,1,2,14,7,0,0,0,0,3,8,1,70,5,2,1,1,45,51,61,41,0,0,0,0,0,0,0,0,0,10,0,3,0,0,0,0,0,4,2,35.678025,139.69401055555556,2,1,0,0,0,0
1,30,333,117,2,0,1,20330,0,113,2024,7,17,19,45,21,4,38,18,56,1,1,1,1,1,9,22,0,0,15,9,30,70,4,2,1,1,75,51,61,41,0,0,0,0,0,0,0,0,0,10,0,3,0,0,0,0,0,4,2,35.678263611111106,139.67239805555553,4,3,0,0,0,0
1,30,333,118,2,0,1,10230,0,113,2024,7,13,18,50,13,4,35,18,58,2,1,1,14,7,0,0,0,0,2,9,1,70,5,2,1,35,45,51,61,41,0,0,0,0,0,0,0,0,0,40,0,3,0,0,0,0,0,4,2,35.688761111111106,139.68172388888888,7,3,0,0,0,0
1,30,333,120,2,0,1,30000,0,113,2024,7,23,16,17,12,4,42,18,52,1,1,1,14,7,0,0,0,0,2,9,1,70,5,2,1,1,25,14,61,1,0,11,0,1,0,11,0,10,0,40,0,3,0,2,0,2,0,4,2,35.67502861111111,139.67333527777777,3,3,9999,0,1,0
1,30,435,142,2,0,1,10120,0,104,2024,7,27,0,27,22,4,45,18,50,1,1,1,1,1,9,22,0,0,17,9,30,70,1,1,1,65,25,3,61,1,0,1,0,1,0,11,0,4,0,10,0,3,0,2,0,2,0,4,2,35.698182499999994,139.72586944444444,7,3,9999,0,9,0
1,30,436,193,2,0,1,30000,0,104,2024,6,5,19,26,21,4,25,18,54,1,1,1,14,7,0,0,0,0,2,9,1,70,5,2,1,45,1,3,61,1,0,1,0,1,0,11,0,3,0,40,0,3,0,2,0,2,0,4,2,35.69101222222222,139.69926083333334,4,3,9999,0,9,0
1,30,436,194,2,0,1,30000,0,104,2024,7,12,21,50,22,4,35,18,58,1,1,2,1,1,9,22,0,0,15,9,30,70,1,2,1,65,35,3,61,1,0,1,0,1,0,11,0,4,0,10,0,3,0,2,0,2,0,4,2,35.68919972222222,139.6949747222222,6,3,9999,0,9,0
1,30,436,199,2,0,1,30000,0,104,2024,6,15,9,48,12,4,25,18,59,1,1,1,14,7,0,0,0,0,4,9,1,70,5,1,1,55,35,51,61,41,0,0,0,0,0,0,0,0,0,40,0,4,0,0,0,0,0,4,2,35.692969722222216,139.69136472222223,7,3,0,0,0,0
1,30,436,209,2,0,1,30000,0,104,2024,6,21,8,58,12,4,26,19,0,3,1,1,1,1,9,22,0,0,18,9,30,70,4,2,1,25,25,51,61,41,0,0,0,0,0,0,0,0,0,10,0,3,0,0,0,0,0,4,2,35.69103333333333,139.68748805555555,6,3,0,0,0,0
1,30,436,211,2,0,1,10240,0,104,2024,7,24,3,38,22,4,43,18,52,1,1,1,7,7,0,0,0,0,1,9,1,70,1,2,1,55,25,3,61,1,0,1,0,1,0,11,0,4,0,10,0,3,0,2,0,2,0,4,2,35.69555083333333,139.6896575,4,3,9999,0,9,0
1,30,437,124,2,0,1,10220,0,104,2024,6,20,12,30,12,4,25,19,0,1,1,1,1,1,9,22,0,0,15,8,30,70,5,2,1,1,55,51,61,41,0,0,0,0,0,0,0,0,0,10,0,3,0,0,0,0,0,4,2,35.711039722222225,139.69166083333334,5,3,0,0,0,0
1,30,437,127,2,0,1,10250,0,104,2024,7,5,19,50,21,4,31,19,0,1,1,1,14,7,0,0,0,0,4,9,1,70,4,2,1,25,0,61,0,0,0,0,0,0,0,0,0,0,0,0,0,0,0,0,0,0,0,2,0,35.72316361111111,139.67987277777777,6,3,0,0,0,0
1,30,437,131,2,0,1,10280,0,104,2024,7,12,19,40,21,4,35,18,58,3,1,2,1,1,9,22,0,0,18,6,30,70,1,1,1,35,1,34,61,31,0,0,0,0,0,11,0,4,0,10,0,3,0,0,0,0,0,4,2,35.713028333333334,139.71443055555554,6,3,9999,0,9,0
1,30,437,135,2,0,1,10220,0,104,2024,7,23,14,15,12,4,42,18,52,1,1,1,14,7,0,0,0,0,3,9,1,70,4,2,1,75,55,51,61,41,0,0,0,0,0,0,0,0,0,10,0,3,0,0,0,0,0,4,2,35.712408888888895,139.6996761111111,3,3,0,0,0,0
1,30,438,132,2,0,1,21030,0,104,2024,7,10,16,25,12,4,34,18,59,2,1,1,1,1,9,22,0,0,18,9,30,70,4,2,1,1,35,14,61,1,0,11,0,1,0,11,0,4,0,10,0,4,0,2,0,2,0,4,2,35.68793083333333,139.72281611111111,4,3,9999,0,1,0
1,30,438,134,2,0,1,200,62,104,2024,7,12,10,55,12,4,35,18,58,3,1,2,1,1,9,22,0,0,17,9,30,70,5,2,1,65,35,3,61,31,0,1,0,1,0,11,0,5,0,20,0,3,0,2,0,2,0,4,2,35.687911666666665,139.72287305555557,6,3,9999,0,9,0
1,30,438,136,2,0,1,20000,0,104,2024,6,30,1,8,22,4,28,19,1,1,1,1,7,1,0,0,0,0,5,9,1,70,4,1,1,55,25,3,61,1,0,1,0,1,0,11,0,1,0,80,0,4,0,2,0,2,0,4,2,35.691847777777774,139.70553583333333,1,3,9999,0,9,0
1,30,438,137,2,0,1,10090,0,104,2024,7,22,22,25,22,4,42,18,53,3,1,2,1,1,9,22,0,0,19,9,30,70,1,1,1,75,25,3,61,31,0,1,0,1,0,11,0,4,0,50,0,3,0,2,0,2,0,4,2,35.6897075,139.70386722222221,2,3,402,0,9,0
1,30,438,140,2,0,1,10050,0,104,2024,7,20,2,16,22,4,40,18,54,1,1,1,14,1,0,0,0,0,5,9,1,70,1,2,1,25,25,43,61,41,0,31,0,0,0,0,0,10,0,10,0,4,0,0,0,0,0,4,2,35.69168194444444,139.71003444444443,7,3,0,0,0,0
1,30,439,161,2,0,1,30000,0,114,2024,7,13,7,10,12,4,35,18,58,1,1,1,14,7,0,0,0,0,2,9,1,70,4,3,1,75,75,14,61,31,0,11,0,1,0,11,0,3,0,10,0,3,0,2,0,2,0,4,2,35.70574944444445,139.68603861111112,7,3,88,0,9,0