資料区分,都道府県コード,警察署等コード,本票番号,事故内容,死者数,負傷者数,路線コード,地点コード,市区町村コード,発生日時　　年,発生日時　　月,発生日時　　日,発生日時　　時,発生日時　　分,昼夜,日の出時刻　　時,日の出時刻　　分,日の入り時刻　　時,日の入り時刻　　分,天候,地形,路面状態,道路形状,信号機,一時停止規制　標識（当事者A）,一時停止規制　表示（当事者A）,一時停止規制　標識（当事者B）,一時停止規制　表示（当事者B）,車道幅員,道路線形,衝突地点,ゾーン規制,中央分離帯施設等,歩車道区分,事故類型,年齢（当事者A）,年齢（当事者B）,当事者種別（当事者A）,当事者種別（当事者B）,用途別（当事者A）,用途別（当事者B）,車両形状等（当事者A）,車両形状等（当事者B）,オートマチック車（当事者A）,オートマチック車（当事者B）,サポカー（当事者A）,サポカー（当事者B）,速度規制（指定のみ）（当事者A）,速度規制（指定のみ）（当事者B）,車両の衝突部位（当事者A）,車両の衝突部位（当事者B）,車両の損壊程度（当事者A）,車両の損壊程度（当事者B）,エアバッグの装備（当事者A）,エアバッグの装備（当事者B）,サイドエアバッグの装備（当事者A）,サイドエアバッグの装備（当事者B）,人身損傷程度（当事者A）,人身損傷程度（当事者B）,lat,lon,曜日(発生年月日),祝日(発生年月日),認知機能検査経過日数（当事者A）,認知機能検査経過日数（当事者B）,運転練習の方法（当事者A）,運転練習の方法（当事者B）
1,30,439,164,2,0,1,10230,0,114,2024,7,18,15,35,12,4,39,18,56,1,1,1,14,1,0,0,0,0,2,9,1,70,4,2,1,65,75,3,61,1,0,1,0,1,0,11,0,3,0,10,0,3,0,2,0,2,0,4,2,35.68474944444444,139.66241416666668,5,3,9999,0,9,0
1,30,439,165,2,0,1,30000,0,114,2024,7,18,18,5,13,4,39,18,56,1,1,1,14,7,0,0,0,0,1,9,1,70,5,3,1,35,55,51,61,41,0,0,0,0,0,0,0,0,0,10,0,3,0,0,0,0,0,4,2,35.69287583333333,139.68137027777777,5,3,0,0,0,0
1,30,439,166,2,0,1,30300,0,114,2024,7,19,23,35,22,4,39,18,55,1,1,1,1,7,9,22,0,0,11,9,30,70,5,3,1,55,1,3,61,31,0,1,0,1,0,11,0,5,0,10,0,3,0,2,0,2,0,4,2,35.68203833333333,139.66223472222222,6,3,9999,0,9,0
1,30,439,170,2,0,1,10240,0,114,2024,7,23,22,20,22,4,42,18,52,1,1,1,14,7,0,0,0,0,5,9,1,70,5,2,1,65,25,3,61,1,0,1,0,1,0,11,0,3,0,50,0,3,0,2,0,2,0,4,2,35.6975925,139.67715666666666,3,3,9999,0,9,0
1,30,439,172,2,0,1,30000,0,114,2024,7,24,8,35,12,4,43,18,52,1,1,1,14,7,0,0,0,0,1,9,1,70,5,4,1,25,0,61,0,0,0,0,0,0,0,0,0,0,0,0,0,0,0,0,0,0,0,2,0,35.7058125,139.68195083333333,4,3,0,0,0,0
1,30,439,183,2,0,1,30000,0,114,2024,7,24,16,34,12,4,43,18,52,1,1,1,14,7,0,0,0,0,2,9,1,70,5,4,1,25,65,3,61,31,0,1,0,1,0,11,0,1,0,40,0,4,0,2,0,2,0,4,2,35.70407638888889,139.6640375,4,3,9999,0,1,0
1,30,440,148,2,0,1,99000,0,114,2024,7,2,13,20,12,4,29,19,1,2,1,1,0,7,0,0,0,0,0,0,20,70,0,2,1,55,75,52,61,41,0,0,0,0,0,0,0,0,0,10,0,3,0,0,0,0,0,2,4,35.708757777777784,139.65958,3,3,0,0,0,0
1,30,440,161,2,0,1,10220,0,114,2024,7,20,17,30,12,4,40,18,54,2,1,1,14,1,0,0,0,0,1,9,1,70,5,2,1,35,35,51,61,41,0,0,0,0,0,0,0,0,0,40,0,4,0,0,0,0,0,4,2,35.709902222222226,139.66485944444446,7,3,0,0,0,0
1,30,440,166,2,0,1,30000,0,114,2024,7,23,17,0,12,4,42,18,52,2,1,1,14,7,0,0,0,0,4,9,1,70,5,3,1,45,1,3,61,31,0,1,0,1,0,11,0,2,0,10,0,3,0,2,0,2,0,4,2,35.720490833333336,139.63299361111112,3,3,9999,0,5,0
1,30,440,170,2,0,1,10250,0,114,2024,7,29,15,5,12,4,47,18,48,1,1,1,1,7,9,22,0,0,11,9,30,70,4,1,1,75,75,4,61,31,0,1,0,1,0,11,0,3,0,10,0,3,0,2,0,2,0,4,2,35.72721611111111,139.6328288888889,2,3,189,0,9,0
1,30,441,204,2,0,1,10130,0,115,2024,7,3,11,35,12,4,30,19,1,1,1,1,14,7,0,0,0,0,1,9,1,70,5,2,1,75,35,51,61,41,0,0,0,0,0,0,0,0,0,10,0,3,0,0,0,0,0,2,4,35.69470944444444,139.65417,4,3,0,0,0,0
1,30,441,219,2,0,1,30000,0,115,2024,7,19,16,30,12,4,39,18,55,1,1,1,14,7,0,0,0,0,2,9,1,70,5,3,1,55,1,13,61,31,0,11,0,1,0,11,0,2,0,40,0,4,0,2,0,2,0,4,2,35.688606944444444,139.64137805555555,6,3,9999,0,1,0
1,30,441,222,2,0,1,30000,0,115,2024,6,10,13,0,12,4,25,18,57,2,1,1,14,7,0,0,0,0,2,9,1,70,5,3,1,25,35,13,61,31,0,11,0,1,0,11,0,2,0,10,0,3,0,2,0,2,0,4,2,35.689656944444444,139.62111722222224,2,3,9999,0,1,0
1,30,441,225,2,0,1,10240,0,115,2024,7,24,8,54,12,4,43,18,52,1,1,1,1,1,0,0,0,0,17,9,30,70,4,1,1,55,0,61,0,0,0,0,0,0,0,0,0,0,0,0,0,0,0,0,0,0,0,2,0,35.69797222222222,139.65833416666666,4,3,0,0,0,0
1,30,441,235,2,0,1,30000,0,115,2024,7,30,14,42,12,4,47,18,47,1,1,1,13,7,0,0,0,0,4,6,1,70,4,3,1,75,25,4,61,31,0,1,0,1,0,11,0,2,0,50,0,3,0,2,0,2,0,4,2,35.69301833333333,139.665245,3,3,641,0,9,0
1,30,441,239,2,0,1,30000,0,115,2024,7,16,11,35,12,4,37,18,57,2,1,1,14,7,0,0,0,0,2,9,1,70,5,3,1,55,35,3,61,31,0,1,0,1,0,11,0,10,0,20,0,3,0,2,0,2,0,4,2,35.68576777777778,139.6359422222222,3,3,9999,0,9,0
1,30,442,165,2,0,1,30000,0,115,2024,7,8,7,35,12,4,32,19,0,1,1,1,1,7,9,22,0,0,11,9,30,70,5,3,1,1,45,14,61,31,0,11,0,1,0,11,0,1,0,20,0,4,0,2,0,2,0,4,2,35.70281972222222,139.59978916666668,2,3,9999,0,1,0
1,30,442,168,2,0,1,10270,0,115,2024,7,4,8,41,12,4,30,19,1,1,1,1,7,7,0,0,0,0,3,9,1,70,5,3,1,45,25,4,61,31,0,1,0,1,0,11,0,1,0,40,0,3,0,2,0,2,0,4,2,35.68810666666666,139.60808027777776,5,3,9999,0,5,0
1,30,442,176,2,0,1,30000,0,115,2024,6,5,15,42,12,4,25,18,54,1,1,1,14,7,0,0,0,0,2,9,1,70,5,3,1,25,1,3,61,31,0,1,0,1,0,11,0,1,0,10,0,3,0,2,0,2,0,4,2,35.70221472222222,139.59980944444445,4,3,9999,0,1,0
1,30,443,154,2,0,1,30000,0,115,2024,7,6,20,35,22,4,31,19,0,1,1,2,14,7,0,0,0,0,3,9,1,70,5,4,1,35,1,51,61,41,0,0,0,0,0,0,0,0,0,40,0,3,0,0,0,0,0,4,2,35.70532166666667,139.61942083333335,7,3,0,0,0,0
1,30,443,159,2,0,1,30000,0,115,2024,7,4,12,10,12,4,30,19,1,2,1,1,14,7,0,0,0,0,3,9,1,70,5,1,1,25,45,52,61,41,0,0,0,0,0,0,0,0,0,10,0,3,0,0,0,0,0,4,2,35.70398666666667,139.60498277777776,5,3,0,0,0,0
1,30,443,160,2,0,2,10200,0,115,2024,7,11,17,5,12,4,34,18,59,2,1,1,14,7,0,0,0,0,4,9,1,70,1,2,1,25,35,34,61,31,0,0,0,0,0,11,0,10,0,10,0,3,0,0,0,0,0,2,2,35.69815694444444,139.61760527777778,5,3,9999,0,9,0
1,30,443,168,2,0,1,10200,0,115,2024,7,15,8,10,12,4,37,18,57,2,1,1,14,7,0,0,0,0,3,7,1,70,1,2,1,55,25,3,61,31,0,1,0,1,0,11,0,5,0,40,0,3,0,2,0,2,0,4,2,35.71458972222222,139.61442166666666,2,1,9999,0,9,0
1,30,443,169,2,0,1,30000,0,115,2024,7,28,20,33,22,4,46,18,49,1,1,1,1,1,9,22,0,0,14,9,30,70,4,2,1,1,75,3,61,31,0,1,0,1,0,11,0,2,0,80,0,3,0,2,0,2,0,4,2,35.71473916666667,139.60796055555554,1,3,9999,0,1,0
1,30,545,86,2,0,1,20000,0,105,2024,7,2,12,40,12,4,29,19,1,2,1,1,14,7,0,0,0,0,4,9,1,70,4,2,1,25,75,14,61,31,0,11,0,1,0,11,0,3,0,10,0,3,0,2,0,2,0,4,2,35.72107888888889,139.7520602777778,3,3,9999,0,1,0
1,30,545,89,2,0,1,10100,0,105,2024,5,13,17,49,13,4,38,18,38,3,1,2,1,1,0,0,0,0,19,9,30,70,1,1,1,1,0,61,0,0,0,0,0,0,0,0,0,0,0,0,0,0,0,0,0,0,0,2,0,35.70862,139.75346972222223,2,3,0,0,0,0
1,30,545,95,2,0,1,20000,0,105,2024,7,27,10,57,12,4,45,18,50,1,1,1,14,7,0,0,0,0,2,9,1,70,5,2,1,65,55,51,61,41,0,0,0,0,0,0,0,0,0,20,0,3,0,0,0,0,0,4,2,35.72743777777778,139.74586277777777,7,3,0,0,0,0
1,30,547,74,2,0,1,20400,0,105,2024,7,8,10,25,12,4,32,19,0,1,1,1,14,7,0,0,0,0,1,9,1,70,5,1,1,35,1,51,61,41,0,0,0,0,0,0,0,0,0,10,0,4,0,0,0,0,0,4,2,35.71651361111111,139.75830944444445,2,3,0,0,0,0
1,30,549,53,2,0,1,20000,0,116,2024,7,1,7,38,12,4,29,19,1,3,1,2,22,7,0,0,0,0,3,9,20,70,5,4,1,25,55,41,61,0,0,0,0,0,0,0,0,0,0,10,0,4,0,0,0,0,0,4,2,35.73164444444445,139.72938333333335,2,3,0,0,0,0
1,30,549,54,2,0,1,30000,0,116,2024,7,5,7,8,12,4,31,19,0,1,1,1,14,7,0,0,0,0,1,9,1,70,5,3,1,1,55,51,61,41,0,0,0,0,0,0,0,0,0,10,0,3,0,0,0,0,0,4,2,35.72880583333333,139.7348772222222,6,3,0,0,0,0
1,30,549,65,2,0,1,170,81,116,2024,6,8,18,50,13,4,25,18,56,1,1,1,14,7,0,0,0,0,6,9,1,70,1,2,1,25,35,51,61,41,0,0,0,0,0,0,0,0,0,10,0,4,0,0,0,0,0,4,2,35.74194444444444,139.73051,7,3,0,0,0,0
1,30,550,98,2,0,1,30000,0,116,2024,7,4,8,50,12,4,30,19,1,1,1,1,1,1,9,22,0,0,15,9,30,70,4,2,1,1,45,51,61,41,0,0,0,0,0,0,0,0,0,10,0,3,0,0,0,0,0,4,2,35.727611111111116,139.7087511111111,5,3,0,0,0,0
1,30,550,99,2,0,1,30000,0,116,2024,7,7,8,54,12,4,32,19,0,1,1,1,7,7,0,0,0,0,1,9,1,70,5,4,1,35,45,3,61,31,0,1,0,1,0,11,0,10,0,40,0,3,0,2,0,2,0,4,2,35.739525,139.72251944444446,1,3,9999,0,1,0
1,30,550,102,2,0,1,30000,0,116,2024,7,13,13,15,12,4,35,18,58,1,1,1,14,7,0,0,0,0,3,7,1,70,5,3,1,65,75,51,61,41,0,0,0,0,0,0,0,0,0,40,0,3,0,0,0,0,0,4,2,35.74400777777778,139.71664055555556,7,3,0,0,0,0
1,30,550,103,2,0,1,30000,0,116,2024,7,16,9,55,12,4,37,18,57,2,1,1,14,7,0,0,0,0,2,8,1,70,5,3,1,35,1,13,61,31,0,11,0,1,0,11,0,10,0,80,0,4,0,2,0,2,0,4,2,35.7411525,139.71977416666667,3,3,9999,0,1,0
1,30,550,107,2,0,1,30000,0,116,2024,6,28,10,50,12,4,28,19,1,3,1,2,14,7,0,0,0,0,3,9,1,70,5,3,1,45,25,3,61,31,0,1,0,1,0,11,0,10,0,10,0,3,0,2,0,2,0,4,2,35.732730833333335,139.71470277777777,6,3,9999,0,1,0
1,30,552,100,2,0,1,30000,0,117,2024,7,18,23,10,22,4,39,18,56,1,1,1,1,1,9,22,0,0,14,9,30,70,4,1,1,25,35,51,61,41,0,0,0,0,0,0,0,0,0,10,0,4,0,0,0,0,0,4,2,35.73531777777778,139.75931,5,3,0,0,0,0
1,30,553,119,2,0,1,30000,0,117,2024,7,10,11,0,12,4,34,18,59,2,1,1,14,7,0,0,0,0,2,9,1,1,5,3,1,65,75,51,61,41,0,0,0,0,0,0,0,0,0,10,0,4,0,0,0,0,0,4,2,35.755358055555554,139.73273944444443,4,3,0,0,0,0
1,30,553,128,2,0,1,30000,0,117,2024,7,31,7,40,12,4,48,18,46,1,1,1,14,7,0,0,0,0,2,9,1,70,5,4,1,65,55,3,61,1,0,1,0,1,0,11,0,2,0,10,0,3,0,2,0,2,0,4,2,35.76095222222222,139.72145527777778,4,3,9999,0,9,0
1,30,553,129,2,0,1,30000,0,117,2024,7,26,18,45,13,4,44,18,50,1,1,1,14,7,0,0,0,0,2,9,1,70,5,4,1,45,65,14,61,1,0,11,0,1,0,11,0,1,0,40,0,3,0,2,0,2,0,4,2,35.76181111111111,139.7357547222222,6,3,9999,0,1,0
1,30,554,65,2,0,1,30000,0,117,2024,7,2,22,15,22,4,29,19,1,2,1,1,1,7,9,22,0,0,14,9,30,70,4,3,1,55,75,3,61,1,0,1,0,1,0,11,0,10,0,10,0,3,0,2,0,2,0,4,2,35.779492499999996,139.7046308333333,3,3,9999,0,9,0
1,30,554,66,2,0,1,30000,0,117,2024,7,2,16,0,12,4,29,19,1,2,1,1,14,7,0,0,0,0,2,8,1,70,5,3,1,75,1,51,61,41,0,0,0,0,0,0,0,0,0,10,0,3,0,0,0,0,0,4,2,35.7745525,139.71722027777778,3,3,0,0,0,0
1,30,554,72,2,0,1,30000,0,117,2024,7,11,8,25,12,4,34,18,59,2,1,2,7,7,0,0,0,0,2,9,1,1,5,4,1,25,35,3,61,31,0,1,0,1,0,11,0,2,0,40,0,3,0,2,0,2,0,4,2,35.78749861111111,139.71437527777778,5,3,9999,0,1,0
1,30,554,73,2,0,1,30000,0,117,2024,7,27,9,30,12,4,45,18,50,1,1,1,7,1,0,0,0,0,4,8,1,70,4,1,1,75,75,51,61,41,0,0,0,0,0,0,0,0,0,20,0,4,0,0,0,0,0,4,2,35.78397555555556,139.70888194444444,7,3,0,0,0,0
1,30,555,207,2,0,1,170,106,119,2024,6,27,19,35,21,4,27,19,1,1,1,1,14,7,0,0,0,0,4,9,1,70,1,2,1,55,0,61,0,0,0,0,0,0,0,0,0,0,0,0,0,0,0,0,0,0,0,2,0,35.75438555555556,139.70848666666666,5,3,0,0,0,0
1,30,555,224,2,0,1,30000,0,119,2024,7,31,18,0,13,4,48,18,46,3,1,2,1,7,9,22,0,0,15,9,30,70,5,3,1,75,35,3,61,31,0,1,0,1,0,11,0,2,0,10,0,4,0,2,0,2,0,4,2,35.74841305555556,139.67715055555556,4,3,356,0,9,0
1,30,556,161,2,0,1,30000,0,119,2024,7,4,17,45,12,4,30,19,1,1,1,1,1,3,9,22,0,0,15,9,30,70,5,2,1,55,25,51,61,41,0,0,0,0,0,0,0,0,0,10,0,3,0,0,0,0,0,4,2,35.767182777777776,139.7008511111111,5,3,0,0,0,0
1,30,556,162,2,0,1,30000,0,119,2024,7,5,9,0,12,4,31,19,0,1,1,1,14,7,0,0,0,0,4,9,1,70,4,2,1,45,1,51,61,41,0,0,0,0,0,0,0,0,0,10,0,3,0,0,0,0,0,4,2,35.78031305555555,139.67832222222222,6,3,0,0,0,0
1,30,556,172,2,0,1,30000,0,119,2024,7,23,17,5,12,4,42,18,52,1,1,1,1,1,9,22,0,0,15,9,30,70,4,2,1,35,1,3,61,31,0,1,0,1,0,11,0,3,0,20,0,4,0,2,0,2,0,4,2,35.76978444444445,139.6909452777778,3,3,9999,0,1,0
1,30,556,182,2,0,1,170,152,119,2024,7,8,9,15,12,4,32,19,0,1,1,1,1,1,9,22,0,0,17,9,30,70,4,1,1,55,25,3,61,1,0,1,0,1,0,11,0,2,0,50,0,3,0,2,0,2,0,4,2,35.78971555555555,139.68498,2,3,9999,0,9,0
1,30,556,184,2,0,1,30000,0,119,2024,7,31,19,5,21,4,48,18,46,3,1,2,1,1,9,22,0,0,17,9,30,70,1,2,1,55,25,36,61,31,0,0,0,0,0,11,0,2,0,40,0,3,0,0,0,0,0,4,2,35.77388972222222,139.68574527777778,4,3,9999,0,1,0
1,30,557,151,2,0,1,10010,0,120,2024,6,23,10,40,12,4,26,19,1,3,1,2,14,7,0,0,0,0,3,9,1,70,3,2,1,65,55,3,61,31,0,1,0,1,0,11,0,4,0,40,0,3,0,2,0,2,0,4,2,35.73515611111111,139.6574402777778,1,3,9999,0,9,0
1,30,557,163,2,0,1,10010,0,120,2024,7,22,21,40,22,4,42,18,53,3,1,2,1,1,9,22,0,0,18,9,30,70,1,2,1,45,65,35,61,31,0,0,0,0,0,11,0,4,0,10,0,3,0,0,0,0,0,4,2,35.74386166666667,139.63063583333334,2,3,9999,0,5,0
1,30,557,164,2,0,1,30000,0,120,2024,2,21,11,40,12,6,22,17,28,3,1,2,14,7,0,0,0,0,3,9,1,70,5,3,1,35,25,36,61,31,0,0,0,0,0,11,0,2,0,40,0,3,0,0,0,0,0,4,2,35.73611416666667,139.6763136111111,4,3,9999,0,1,0
1,30,558,165,2,0,1,10320,0,120,2024,7,4,20,5,22,4,30,19,1,1,1,1,1,7,9,22,0,0,14,9,30,70,5,1,1,55,45,51,61,41,0,0,0,0,0,0,0,0,0,10,0,3,0,0,0,0,0,2,4,35.743455833333336,139.6021586111111,5,3,0,0,0,0
1,30,558,172,2,0,1,30000,0,120,2024,7,15,5,46,12,4,37,18,57,2,1,1,1,1,9,22,0,0,15,9,30,70,4,1,1,45,75,17,61,31,0,11,0,2,0,11,0,3,0,50,0,3,0,2,0,2,0,4,2,35.77522277777778,139.5950613888889,2,1,9999,0,1,0
1,30,558,173,2,0,1,30000,0,120,2024,7,15,19,22,21,4,37,18,57,2,1,1,14,7,0,0,0,0,1,9,1,70,5,4,1,1,35,14,61,1,0,11,0,1,0,11,0,2,0,30,0,3,0,2,0,2,0,4,2,35.72536083333333,139.59080111111112,2,1,9999,0,1,0
1,30,558,176,2,0,1,30000,0,120,2024,7,18,9,40,12,4,39,18,56,1,1,1,7,7,0,0,0,0,2,9,1,70,5,3,1,65,45,13,61,31,0,11,0,1,0,11,0,2,0,50,0,4,0,2,0,2,0,4,2,35.72607277777778,139.59134305555557,5,3,9999,0,9,0
1,30,558,182,2,0,1,30000,0,120,2024,7,23,17,10,12,4,42,18,52,1,1,1,14,1,0,0,0,0,3,9,1,70,4,2,1,1,1,51,61,41,0,0,0,0,0,0,0,0,0,10,0,3,0,0,0,0,0,4,2,35.750905277777775,139.58788694444445,3,3,0,0,0,0
1,30,558,195,2,0,1,30000,0,120,2024,7,27,9,0,12,4,45,18,50,1,1,1,13,7,0,0,0,0,1,2,1,70,5,2,1,45,45,51,61,41,0,0,0,0,0,0,0,0,0,10,0,4,0,0,0,0,0,4,2,35.75073138888889,139.58572111111113,7,3,0,0,0,0
1,30,559,176,2,0,1,20000,0,119,2024,7,12,7,30,12,4,35,18,58,3,1,1,1,1,9,22,0,0,15,9,30,70,1,1,1,45,45,3,61,31,0,1,0,1,0,11,0,4,0,20,0,3,0,2,0,2,0,4,2,35.7882475,139.6627763888889,6,3,9999,0,1,0
1,30,559,190,2,0,1,20490,0,119,2024,7,31,6,35,12,4,48,18,46,2,1,1,1,1,9,22,0,0,15,9,30,70,4,2,1,55,75,17,61,31,0,11,0,1,0,11,0,3,0,0,0,4,0,2,0,2,0,4,2,35.780555,139.65135333333333,4,3,9999,0,1,0
1,30,560,136,2,0,1,30000,0,119,2024,7,4,9,10,12,4,30,19,1,1,1,1,1,7,1,21,0,0,14,9,30,70,5,2,1,55,75,13,61,31,0,11,0,1,0,11,0,2,0,50,0,4,0,2,0,2,0,4,2,35.77195222222222,139.63115472222222,5,3,9999,0,9,0
1,30,560,145,2,0,1,10010,0,120,2024,7,9,20,40,22,4,33,18,59,2,1,1,1,1,9,22,0,0,15,9,30,70,1,1,1,55,45,3,61,31,0,1,0,1,0,11,0,4,0,10,0,3,0,2,0,2,0,4,2,35.749435,139.61402055555556,3,3,9999,0,9,0
1,30,560,152,2,0,1,30000,0,120,2024,7,20,12,40,12,4,40,18,54,1,1,1,14,7,0,0,0,0,5,9,1,70,1,2,1,45,65,51,61,41,0,0,0,0,0,0,0,0,0,10,0,4,0,0,0,0,0,4,2,35.758647777777774,139.62440972222223,7,3,0,0,0,0
1,30,560,169,2,0,1,20000,0,120,2024,7,30,7,35,12,4,47,18,47,1,1,1,14,7,0,0,0,0,3,9,1,70,5,2,1,35,55,51,61,41,0,0,0,0,0,0,0,0,0,10,0,3,0,0,0,0,0,4,2,35.7583025,139.6236613888889,3,3,0,0,0,0
1,30,560,174,2,0,1,30000,0,120,2024,7,23,14,25,12,4,42,18,52,1,1,1,1,7,9,22,0,0,14,9,30,70,4,2,1,45,45,4,61,31,0,1,0,1,0,11,0,2,0,50,0,3,0,2,0,2,0,4,2,35.75506361111111,139.5994013888889,3,3,9999,0,5,0
1,30,660,117,2,0,1,10290,0,106,2024,7,1,16,50,12,4,29,19,1,3,1,2,14,7,0,0,0,0,5,9,1,70,4,2,1,45,55,35,61,31,0,0,0,0,0,11,0,4,0,10,0,3,0,0,0,0,0,4,2,35.70283222222223,139.77338666666668,2,3,9999,0,9,0
1,30,660,121,2,0,1,20390,0,106,2024,7,13,23,12,22,4,35,18,58,1,1,1,1,1,9,22,0,0,14,9,30,70,5,2,1,55,45,3,61,1,0,1,0,1,0,11,0,3,0,10,0,3,0,2,0,2,0,4,2,35.70776222222222,139.774595,7,3,9999,0,9,0
1,30,660,128,2,0,1,30000,0,106,2024,7,29,10,50,12,4,47,18,48,1,1,1,14,7,0,0,0,0,1,9,1,70,5,2,1,25,25,3,61,31,0,1,0,1,0,1,0,2,0,10,0,4,0,2,0,2,0,4,2,35.704638888888894,139.77412555555557,2,3,9999,0,1,0
1,30,662,77,2,0,1,30000,0,106,2024,7,23,6,45,12,4,42,18,52,1,1,1,1,1,9,22,0,0,15,9,30,70,5,2,1,55,75,4,61,31,0,1,0,1,0,11,0,3,0,10,0,4,0,2,0,2,0,4,2,35.719905000000004,139.8058238888889,3,3,9999,0,9,0
1,30,662,80,2,0,1,60,38,106,2024,7,31,9,0,12,4,48,18,46,1,1,1,1,1,9,22,0,0,11,9,30,70,5,2,1,25,25,43,61,41,0,31,0,0,0,0,0,10,0,40,0,3,0,0,0,0,0,4,2,35.70961888888889,139.79706194444444,4,3,0,0,0,0
1,30,663,79,2,0,1,10290,0,106,2024,7,1,8,5,12,4,29,19,1,3,1,2,14,7,0,0,0,0,6,9,1,70,1,1,1,35,1,3,61,31,0,1,0,1,0,11,0,4,0,10,0,4,0,2,0,2,0,4,2,35.701373333333336,139.79152472222222,2,3,9999,0,9,0
1,30,666,96,2,0,1,10340,0,118,2024,7,11,9,55,12,4,34,18,59,1,1,1,1,1,9,22,0,0,14,9,30,70,4,2,1,25,45,3,61,1,0,1,0,1,0,11,0,3,0,40,0,4,0,2,0,2,0,4,2,35.74230861111111,139.7801677777778,5,3,9999,0,1,0
1,30,666,101,2,0,1,10710,0,118,2024,7,17,6,5,12,4,38,18,56,2,1,1,14,7,0,0,0,0,5,9,1,70,4,3,1,55,55,13,61,31,0,11,0,1,0,11,0,10,0,10,0,3,0,2,0,2,0,4,2,35.729287222222226,139.77242055555556,4,3,9999,0,9,0
1,30,667,107,2,0,1,30000,0,121,2024,7,3,10,20,12,4,30,19,1,1,1,1,14,7,0,0,0,0,2,9,1,1,5,3,1,65,25,3,61,1,0,1,0,1,0,11,0,2,0,10,0,4,0,2,0,2,0,4,2,35.74957861111111,139.80246722222225,4,3,9999,0,9,0
1,30,667,108,2,0,1,40,81,121,2024,7,2,15,15,12,4,29,19,1,2,1,1,14,7,0,0,0,0,5,9,1,70,1,1,1,55,1,51,61,41,0,0,0,0,0,0,0,0,0,40,0,3,0,0,0,0,0,4,2,35.749698333333335,139.7993661111111,3,3,0,0,0,0
1,30,667,120,2,0,1,30000,0,121,2024,7,31,17,59,13,4,48,18,46,3,1,2,14,7,0,0,0,0,3,9,1,70,5,2,1,45,1,3,61,31,0,1,0,1,0,11,0,2,0,10,0,3,0,2,0,2,0,4,2,35.750458611111114,139.80405333333334,4,3,9999,0,1,0
1,30,668,354,2,0,1,30000,0,121,2024,7,20,18,35,13,4,40,18,54,2,1,1,1,7,9,22,0,0,11,9,30,70,5,1,1,55,25,3,61,31,0,1,0,1,0,11,0,2,0,40,0,4,0,2,0,2,0,4,2,35.77386222222222,139.7929638888889,7,3,9999,0,4,0
1,30,669,258,2,0,1,30000,0,121,2024,6,28,18,0,12,4,28,19,1,3,1,2,14,7,0,0,0,0,2,9,1,70,5,2,1,25,1,3,61,31,0,1,0,1,0,11,0,2,0,10,0,2,0,2,0,2,0,4,2,35.76108555555555,139.80473305555557,6,3,9999,0,1,0
1,30,669,260,2,0,1,30000,0,121,2024,7,1,18,43,13,4,29,19,1,2,1,1,7,7,0,0,0,0,3,9,1,70,4,2,1,55,55,3,61,31,0,1,0,1,0,11,0,3,0,10,0,3,0,2,0,2,0,4,2,35.77396611111111,139.8255625,2,3,9999,0,1,0
1,30,669,270,2,0,1,10130,0,121,2024,7,3,19,25,21,4,30,19,1,1,1,1,1,1,9,22,0,0,17,9,30,70,1,1,1,25,55,3,61,31,0,1,0,1,0,11,0,4,0,10,0,4,0,2,0,2,0,4,2,35.77786333333333,139.8262713888889,4,3,9999,0,1,0
1,30,669,281,2,0,1,30000,0,121,2024,7,22,16,50,12,4,42,18,53,1,1,1,1,7,9,22,0,0,11,9,30,70,5,3,1,55,1,3,61,1,0,1,0,1,0,11,0,5,0,10,0,4,0,2,0,2,0,4,2,35.776940833333335,139.85059833333332,2,3,9999,0,9,0
1,30,670,168,2,0,1,30410,0,121,2024,7,10,7,50,12,4,34,18,59,1,1,1,1,1,9,22,0,0,15,9,30,70,5,2,1,25,55,51,61,41,0,0,0,0,0,0,0,0,0,10,0,3,0,0,0,0,0,4,2,35.79060472222222,139.79391666666666,4,3,0,0,0,0
1,30,670,178,2,0,1,30000,0,121,2024,7,17,16,47,12,4,38,18,56,2,1,1,14,7,0,0,0,0,2,9,1,70,5,3,1,45,35,3,61,31,0,1,0,1,0,11,0,10,0,30,0,3,0,2,0,2,0,4,2,35.79469861111111,139.81196944444446,4,3,9999,0,1,0
1,30,771,308,2,0,1,30000,0,108,2024,7,7,14,0,12,4,32,19,0,1,1,1,14,7,0,0,0,0,4,9,1,70,5,1,1,55,55,51,61,41,0,0,0,0,0,0,0,0,0,10,0,4,0,0,0,0,0,2,4,35.67777694444444,139.80349222222225,1,3,0,0,0,0
1,30,771,320,2,0,1,10040,0,108,2024,6,29,2,40,22,4,28,19,1,1,1,1,14,7,0,0,0,0,6,9,1,70,1,1,1,45,35,12,61,31,0,11,0,2,0,11,0,10,0,80,0,3,0,2,0,2,0,4,2,35.669466944444444,139.80646805555557,7,3,9999,0,1,0
1,30,771,343,2,0,1,10060,0,108,2024,7,25,10,45,12,4,44,18,51,1,1,1,14,7,0,0,0,0,5,9,1,70,1,2,1,55,75,24,61,0,0,0,0,0,0,11,0,4,0,30,0,4,0,0,0,0,0,4,2,35.68816083333333,139.80253305555556,5,3,9999,0,9,0
1,30,771,349,2,0,1,20000,0,108,2024,7,29,20,55,22,4,47,18,48,1,1,1,14,7,0,0,0,0,5,8,1,70,1,2,1,45,45,51,61,41,0,0,0,0,0,0,0,0,0,10,0,3,0,0,0,0,0,4,2,35.657783333333334,139.8015736111111,2,3,0,0,0,0