資料区分,都道府県コード,警察署等コード,本票番号,事故内容,死者数,負傷者数,路線コード,地点コード,市区町村コード,発生日時　　年,発生日時　　月,発生日時　　日,発生日時　　時,発生日時　　分,昼夜,日の出時刻　　時,日の出時刻　　分,日の入り時刻　　時,日の入り時刻　　分,天候,地形,路面状態,道路形状,信号機,一時停止規制　標識（当事者A）,一時停止規制　表示（当事者A）,一時停止規制　標識（当事者B）,一時停止規制　表示（当事者B）,車道幅員,道路線形,衝突地点,ゾーン規制,中央分離帯施設等,歩車道区分,事故類型,年齢（当事者A）,年齢（当事者B）,当事者種別（当事者A）,当事者種別（当事者B）,用途別（当事者A）,用途別（当事者B）,車両形状等（当事者A）,車両形状等（当事者B）,オートマチック車（当事者A）,オートマチック車（当事者B）,サポカー（当事者A）,サポカー（当事者B）,速度規制（指定のみ）（当事者A）,速度規制（指定のみ）（当事者B）,車両の衝突部位（当事者A）,車両の衝突部位（当事者B）,車両の損壊程度（当事者A）,車両の損壊程度（当事者B）,エアバッグの装備（当事者A）,エアバッグの装備（当事者B）,サイドエアバッグの装備（当事者A）,サイドエアバッグの装備（当事者B）,人身損傷程度（当事者A）,人身損傷程度（当事者B）,lat,lon,曜日(発生年月日),祝日(発生年月日),認知機能検査経過日数（当事者A）,認知機能検査経過日数（当事者B）,運転練習の方法（当事者A）,運転練習の方法（当事者B）
1,30,772,216,2,0,2,140,73,108,2024,6,19,18,40,13,4,25,19,0,1,1,1,14,7,0,0,0,0,5,9,1,70,1,2,1,55,45,51,61,41,0,0,0,0,0,0,0,0,0,10,0,3,0,0,0,0,0,2,2,35.69791333333333,139.84461222222222,4,3,0,0,0,0
1,30,772,230,2,0,1,30000,0,108,2024,7,14,12,35,12,4,36,18,58,2,1,2,14,7,0,0,0,0,2,9,1,70,5,3,1,55,75,3,61,31,0,1,0,1,0,11,0,2,0,30,0,3,0,2,0,2,0,4,2,35.696664444444444,139.83128527777777,1,2,9999,0,9,0
1,30,772,232,2,0,1,10040,0,108,2024,7,17,8,30,12,4,38,18,56,1,1,1,14,7,0,0,0,0,4,9,1,70,4,2,1,75,65,51,61,41,0,0,0,0,0,0,0,0,0,10,0,3,0,0,0,0,0,2,4,35.667337777777774,139.83197777777778,4,3,0,0,0,0
1,30,772,243,2,0,1,99000,0,108,2024,7,25,10,5,12,4,44,18,51,1,1,1,0,7,0,0,0,0,0,0,20,70,0,1,1,25,35,17,61,1,0,11,0,1,0,11,0,10,0,70,0,3,0,2,0,1,0,4,2,35.67041611111111,139.82340888888888,5,3,9999,0,5,0
1,30,772,246,2,0,1,30000,0,108,2024,7,26,11,5,12,4,44,18,50,1,1,1,14,7,0,0,0,0,3,9,1,70,4,2,1,75,75,3,61,31,0,1,0,1,0,11,0,3,0,10,0,3,0,2,0,2,0,4,2,35.68505111111111,139.8349511111111,6,3,427,0,9,0
1,30,772,256,2,0,1,10060,0,108,2024,7,26,12,55,12,4,44,18,50,1,1,1,14,7,0,0,0,0,1,9,1,70,5,2,1,35,45,52,61,41,0,0,0,0,0,0,0,0,0,10,0,4,0,0,0,0,0,4,2,35.68982166666666,139.83451916666667,6,3,0,0,0,0
1,30,773,171,2,0,1,20530,0,107,2024,7,12,21,5,22,4,35,18,58,3,1,2,1,1,9,22,0,0,18,9,30,70,1,2,1,75,1,3,61,31,0,1,0,1,0,11,0,5,0,10,0,4,0,2,0,2,0,4,2,35.70854444444445,139.80409305555557,6,3,9999,0,9,0
1,30,773,180,2,0,1,30000,0,107,2024,7,20,15,55,12,4,40,18,54,1,1,1,14,7,0,0,0,0,3,9,1,1,5,2,1,45,65,51,61,41,0,0,0,0,0,0,0,0,0,10,0,4,0,0,0,0,0,4,2,35.698274999999995,139.81338722222225,7,3,0,0,0,0
1,30,774,133,2,0,1,30000,0,107,2024,7,11,10,30,12,4,34,18,59,2,1,1,7,7,0,0,0,0,1,9,1,70,5,4,1,45,75,13,61,31,0,11,0,1,0,11,0,10,0,30,0,3,0,2,0,2,0,4,2,35.71848805555556,139.82625638888888,5,3,9999,0,9,0
1,30,774,134,2,0,1,10090,0,107,2024,7,11,19,55,21,4,34,18,59,2,1,1,1,1,0,0,0,0,11,9,30,70,4,1,1,55,0,61,0,0,0,0,0,0,0,0,0,0,0,0,0,0,0,0,0,0,0,2,0,35.71609222222222,139.8245325,5,3,0,0,0,0
1,30,774,136,2,0,1,20670,0,107,2024,7,6,8,2,12,4,31,19,0,1,1,1,1,1,9,22,0,0,14,9,30,70,4,2,1,55,75,3,61,1,0,1,0,1,0,11,0,4,0,80,0,4,0,2,0,2,0,4,2,35.72363277777778,139.81288111111112,7,3,9999,0,9,0
1,30,774,140,2,0,1,30000,0,107,2024,7,16,14,10,12,4,37,18,57,3,1,2,1,1,9,22,0,0,15,9,30,70,4,1,1,55,55,12,61,31,0,11,0,1,0,11,0,2,0,10,0,3,0,2,0,2,0,4,2,35.72681388888889,139.8307888888889,3,3,9999,0,9,0
1,30,775,162,2,0,1,30000,0,122,2024,7,3,17,30,12,4,30,19,1,1,1,1,14,7,0,0,0,0,1,9,1,70,5,2,1,35,1,3,61,31,0,1,0,1,0,11,0,5,0,10,0,3,0,2,0,2,0,4,2,35.75633944444444,139.81833694444444,4,3,9999,0,9,0
1,30,775,169,2,0,1,30000,0,122,2024,6,3,10,23,12,4,26,18,53,1,1,1,7,7,0,0,0,0,2,9,1,70,5,3,1,55,55,14,61,31,0,11,0,1,0,11,0,2,0,40,0,3,0,2,0,2,0,4,2,35.77921444444444,139.87079055555557,2,3,9999,0,9,0
1,30,775,186,2,0,1,60,122,122,2024,7,7,11,0,12,4,32,19,0,1,1,1,1,1,0,0,0,0,18,9,30,70,1,1,1,25,0,61,0,0,0,0,0,0,0,0,0,0,0,0,0,0,0,0,0,0,0,2,0,35.76051694444445,139.85992916666666,1,3,0,0,0,0
1,30,776,195,2,0,1,30000,0,122,2024,5,16,7,55,12,4,35,18,40,3,1,2,1,7,9,22,0,0,11,9,30,70,5,4,1,1,1,34,61,31,0,0,0,0,0,11,0,3,0,10,0,3,0,0,0,0,0,4,2,35.71852166666667,139.84864222222222,5,3,9999,0,1,0
1,30,776,211,2,0,1,30000,0,122,2024,7,27,11,35,12,4,45,18,50,1,1,1,7,7,0,0,0,0,3,9,1,70,4,2,1,55,25,52,61,41,0,0,0,0,0,0,0,0,0,10,0,3,0,0,0,0,0,4,2,35.74662611111111,139.85570333333334,7,3,0,0,0,0
1,30,776,212,2,0,1,30000,0,122,2024,7,11,15,40,12,4,34,18,59,2,1,1,7,7,0,0,0,0,3,9,1,70,4,2,1,35,75,14,61,1,0,11,0,1,0,11,0,1,0,60,0,4,0,2,0,2,0,4,2,35.71727777777778,139.86036277777777,5,3,9999,0,1,0
1,30,776,214,2,0,1,30000,0,122,2024,5,25,17,45,12,4,29,18,47,1,1,1,14,7,0,0,0,0,1,9,1,70,5,4,1,45,55,4,61,31,0,1,0,1,0,11,0,10,0,40,0,4,0,2,0,2,0,4,2,35.751178055555556,139.86745833333333,7,3,9999,0,9,0
1,30,777,419,2,0,1,30000,0,123,2024,7,16,19,26,21,4,37,18,57,3,1,2,1,7,9,22,0,0,14,9,30,70,5,3,1,65,55,51,61,41,0,0,0,0,0,0,0,0,0,10,0,4,0,0,0,0,0,4,2,35.702442500000004,139.84477694444445,3,3,0,0,0,0
1,30,777,426,2,0,1,30000,0,123,2024,7,25,18,30,13,4,44,18,51,3,1,2,14,7,0,0,0,0,1,9,1,1,5,2,1,35,25,51,61,41,0,0,0,0,0,0,0,0,0,10,0,3,0,0,0,0,0,2,4,35.70567194444445,139.86884,5,3,0,0,0,0
1,30,777,442,2,0,1,10290,0,123,2024,7,24,20,10,22,4,43,18,52,1,1,1,12,7,0,0,0,0,5,9,1,70,1,1,1,55,75,51,61,41,0,0,0,0,0,0,0,0,0,10,0,3,0,0,0,0,0,4,2,35.71322638888889,139.8484275,4,3,0,0,0,0
1,30,777,443,2,0,1,10390,0,123,2024,7,2,22,10,22,4,29,19,1,2,1,1,14,7,0,0,0,0,4,9,1,70,5,2,1,35,55,51,61,41,0,0,0,0,0,0,0,0,0,10,0,4,0,0,0,0,0,4,2,35.69516694444444,139.86782472222222,3,3,0,0,0,0
1,30,778,146,2,0,1,30000,0,123,2024,7,5,18,35,13,4,31,19,0,1,1,1,14,7,0,0,0,0,3,9,1,70,5,2,1,25,1,51,61,41,0,0,0,0,0,0,0,0,0,10,0,3,0,0,0,0,0,4,2,35.73690694444444,139.87983833333334,6,3,0,0,0,0
1,30,778,148,2,0,1,30000,0,123,2024,7,6,10,50,12,4,31,19,0,1,1,1,1,1,9,22,0,0,15,9,30,70,5,2,1,75,65,3,61,31,0,1,0,1,0,11,0,2,0,10,0,3,0,2,0,2,0,4,2,35.737724166666666,139.88261888888889,7,3,886,0,9,0
1,30,778,154,2,0,1,30000,0,123,2024,4,3,8,53,12,5,25,18,4,2,1,1,1,7,1,21,0,0,14,7,30,70,4,2,1,35,35,51,61,41,0,0,0,0,0,0,0,0,0,40,0,4,0,0,0,0,0,4,2,35.739395,139.88908388888888,4,3,0,0,0,0
1,30,778,156,2,0,1,30000,0,123,2024,7,11,7,20,12,4,34,18,59,3,1,1,14,7,0,0,0,0,2,9,1,70,5,3,1,1,55,51,61,41,0,0,0,0,0,0,0,0,0,10,0,4,0,0,0,0,0,4,2,35.73239888888889,139.88287194444445,5,3,0,0,0,0
1,30,778,157,2,0,1,30000,0,123,2024,7,11,19,0,21,4,34,18,59,2,1,1,7,7,0,0,0,0,1,9,1,70,5,4,1,1,0,61,0,0,0,0,0,0,0,0,0,0,0,0,0,0,0,0,0,0,0,2,0,35.712900833333336,139.89466444444443,5,3,0,0,0,0
1,30,778,170,2,0,1,30000,0,123,2024,7,20,23,25,22,4,40,18,54,3,1,2,14,7,0,0,0,0,1,9,1,70,5,2,1,25,1,3,61,31,0,1,0,1,0,11,0,2,0,10,0,3,0,2,0,2,0,4,2,35.735215555555556,139.88474138888887,7,3,9999,0,1,0
1,30,779,146,2,0,1,10390,0,123,2024,7,12,5,44,12,4,35,18,58,2,1,1,1,1,9,22,0,0,18,9,30,70,1,1,1,25,65,17,61,31,0,11,0,1,0,11,0,4,0,10,0,3,0,2,0,2,0,4,2,35.684551111111105,139.86393416666667,6,3,9999,0,1,0
1,30,779,151,2,0,1,10350,0,123,2024,7,19,4,50,11,4,39,18,55,1,1,1,14,7,0,0,0,0,4,9,1,70,2,2,1,25,45,52,61,41,0,0,0,0,0,0,0,0,0,10,0,4,0,0,0,0,0,4,2,35.67048527777778,139.85427611111112,6,3,0,0,0,0
1,30,779,154,2,0,1,30000,0,123,2024,7,18,13,0,12,4,39,18,56,1,1,1,14,7,0,0,0,0,3,9,1,70,5,3,1,55,35,3,61,31,0,1,0,1,0,11,0,5,0,40,0,3,0,2,0,2,0,4,2,35.6537175,139.87853777777778,5,3,9999,0,9,0
1,30,779,155,2,0,1,30000,0,123,2024,7,6,10,50,12,4,31,19,0,1,1,1,1,7,1,21,0,0,15,9,30,70,5,2,1,75,55,14,61,31,0,11,0,1,0,11,0,1,0,10,0,4,0,2,0,2,0,4,2,35.66558166666667,139.8725125,7,3,1129,0,9,0
1,30,779,159,2,0,1,10130,0,123,2024,7,28,16,38,12,4,46,18,49,1,1,1,14,7,0,0,0,0,5,9,1,70,1,1,1,25,75,51,61,41,0,0,0,0,0,0,0,0,0,10,0,4,0,0,0,0,0,4,2,35.66515361111111,139.87340861111113,1,3,0,0,0,0
1,30,779,161,2,0,1,30000,0,123,2024,7,15,20,25,22,4,37,18,57,1,1,1,14,7,0,0,0,0,2,9,1,1,5,3,1,1,55,51,61,41,0,0,0,0,0,0,0,0,0,40,0,3,0,0,0,0,0,4,2,35.66581305555555,139.85780083333333,2,1,0,0,0,0
1,30,779,162,2,0,1,30000,0,123,2024,7,7,9,20,12,4,32,19,0,1,1,1,1,7,9,22,0,0,14,9,30,70,5,1,1,65,45,51,61,41,0,0,0,0,0,0,0,0,0,20,0,4,0,0,0,0,0,4,2,35.687640277777774,139.8600913888889,1,3,0,0,0,0
1,30,876,217,2,0,1,30000,0,201,2024,7,2,9,30,12,4,29,19,1,1,1,1,14,7,0,0,0,0,4,9,1,70,4,2,1,65,75,35,61,31,0,0,0,0,0,11,0,2,0,10,0,3,0,0,0,0,0,4,2,35.63284138888889,139.42911388888888,3,3,9999,0,9,0
1,30,876,223,2,0,1,30000,0,201,2024,7,8,17,3,12,4,32,19,0,1,1,1,14,7,0,0,0,0,1,8,1,70,5,2,1,1,75,51,61,41,0,0,0,0,0,0,0,0,0,20,0,3,0,0,0,0,0,4,2,35.631257777777776,139.42238388888887,2,3,0,0,0,0
1,30,876,233,2,0,1,10480,0,201,2024,7,18,6,43,12,4,39,18,56,2,1,1,1,1,9,22,0,0,18,9,30,70,1,2,1,45,1,13,61,31,0,11,0,1,0,11,0,4,0,10,0,3,0,2,0,2,0,4,2,35.63814583333333,139.41958027777775,5,3,9999,0,9,0
1,30,876,235,2,0,1,99000,0,201,2024,7,12,18,30,13,4,35,18,58,3,1,1,0,7,0,0,0,0,0,0,20,70,0,4,1,55,25,3,61,31,0,1,0,1,0,11,0,10,0,30,0,4,0,2,0,2,0,4,2,35.63801055555555,139.41943416666666,6,3,9999,0,9,0
1,30,877,216,2,0,1,30000,0,201,2024,4,19,13,30,12,5,3,18,18,1,2,1,1,1,9,22,0,0,14,9,30,70,4,2,1,25,35,4,61,31,0,1,0,1,0,11,0,2,0,10,0,3,0,2,0,2,0,4,2,35.65792305555556,139.3019702777778,6,3,9999,0,1,0
1,30,877,218,2,0,1,30000,0,201,2024,5,9,7,50,12,4,41,18,34,3,2,2,1,7,9,22,0,0,11,8,30,70,5,2,1,1,1,51,61,41,0,0,0,0,0,0,0,0,0,10,0,3,0,0,0,0,0,4,2,35.659278888888885,139.29559361111112,5,3,0,0,0,0
1,30,877,235,2,0,1,20730,0,201,2024,7,9,14,24,12,4,33,18,59,2,1,1,1,1,9,22,0,0,15,9,30,70,4,2,1,65,1,13,61,31,0,11,0,1,0,11,0,3,0,80,0,3,0,2,0,2,0,4,2,35.665375555555556,139.3041163888889,3,3,9999,0,1,0
1,30,877,240,2,0,1,30000,0,201,2024,6,10,8,10,12,4,25,18,57,3,2,2,14,7,0,0,0,0,2,9,1,70,5,3,1,35,35,4,61,31,0,1,0,1,0,11,0,5,0,40,0,3,0,2,0,2,0,4,2,35.65349,139.30788916666668,2,3,9999,0,1,0
1,30,877,251,2,0,1,99000,0,201,2024,7,22,18,55,21,4,42,18,53,3,1,1,0,7,0,0,0,0,0,0,20,70,0,4,1,55,45,3,61,31,0,1,0,1,0,11,0,10,0,10,0,3,0,2,0,2,0,4,2,35.643479444444445,139.2901652777778,2,3,9999,0,9,0
1,30,877,252,2,0,1,30000,0,201,2024,7,22,17,20,12,4,42,18,53,1,1,1,14,7,0,0,0,0,2,9,1,70,5,3,1,1,65,51,61,41,0,0,0,0,0,0,0,0,0,10,0,4,0,0,0,0,0,4,2,35.65223805555556,139.30455694444444,2,3,0,0,0,0
1,30,878,259,2,0,1,10510,0,225,2024,6,4,15,40,12,4,26,18,53,1,2,1,1,1,9,22,0,0,17,9,30,70,1,2,1,55,65,51,61,41,0,0,0,0,0,0,0,0,0,20,0,4,0,0,0,0,0,4,2,35.642025555555556,139.5146677777778,3,3,0,0,0,0
1,30,878,266,2,0,1,30000,0,225,2024,7,20,13,0,12,4,40,18,54,1,2,1,14,7,0,0,0,0,2,9,1,70,4,3,1,45,25,51,61,41,0,0,0,0,0,0,0,0,0,10,0,4,0,0,0,0,0,4,2,35.639270833333335,139.50353305555555,7,3,0,0,0,0
1,30,878,267,2,0,1,99000,0,224,2024,7,20,19,20,21,4,40,18,54,3,2,2,0,7,0,0,0,0,0,0,20,70,0,2,1,65,75,3,61,31,0,1,0,1,0,11,0,10,0,50,0,3,0,2,0,2,0,4,2,35.619638888888886,139.43796222222224,7,3,9999,0,9,0
1,30,878,276,2,0,1,30000,0,224,2024,7,30,10,20,12,4,47,18,47,2,2,1,1,7,9,22,0,0,11,8,30,70,4,2,1,55,75,4,61,31,0,1,0,1,0,11,0,5,0,40,0,3,0,2,0,2,0,4,2,35.61869111111111,139.43507083333333,3,3,9999,0,9,0
1,30,879,255,2,0,1,99000,0,220,2024,7,2,18,10,13,4,29,19,1,2,2,1,0,7,0,0,0,0,0,0,20,70,0,4,1,25,75,3,61,31,0,1,0,1,0,11,0,10,0,60,0,3,0,2,0,2,0,4,2,35.742419444444444,139.42200111111111,3,3,9999,0,1,0
1,30,880,142,2,0,1,30000,0,205,2024,7,2,12,8,12,4,29,19,1,2,2,1,14,7,0,0,0,0,3,9,1,70,4,2,1,65,45,3,61,31,0,1,0,1,0,11,0,10,0,40,0,4,0,2,0,2,0,4,2,35.78651277777777,139.28488972222223,3,3,9999,0,9,0
1,30,881,88,2,0,1,30000,0,305,2024,7,6,19,37,21,4,31,19,0,2,2,1,7,7,0,0,0,0,1,9,1,70,5,4,1,45,75,3,61,31,0,1,0,1,0,11,0,10,0,30,0,4,0,2,0,2,0,4,2,35.73945305555556,139.26980944444446,7,3,9999,0,1,0
1,30,881,99,2,0,1,70000,0,228,2024,7,18,8,20,12,4,39,18,56,1,3,5,14,7,0,0,0,0,1,9,1,70,5,4,1,75,75,14,61,31,0,11,0,1,0,11,0,10,0,10,0,3,0,2,0,2,0,4,2,35.72696194444445,139.22536277777778,5,3,224,0,9,0
1,30,881,103,2,0,1,10470,0,228,2024,7,24,12,40,12,4,43,18,52,2,1,2,1,1,9,22,0,0,14,9,30,70,5,2,1,55,75,4,61,31,0,1,0,1,0,11,0,3,0,10,0,4,0,2,0,2,0,4,2,35.72771277777778,139.22051194444444,4,3,9999,0,1,0
1,30,881,105,2,0,1,99000,0,305,2024,7,27,12,55,12,4,45,18,50,1,1,1,0,7,0,0,0,0,0,0,20,70,0,4,1,35,75,13,61,1,0,11,0,1,0,11,0,10,0,0,0,4,0,2,0,2,0,4,2,35.73531083333334,139.2785702777778,7,3,9999,0,5,0
1,30,882,213,2,0,1,90000,0,228,2024,7,22,9,50,12,4,42,18,53,1,3,1,14,7,0,0,0,0,2,9,20,70,5,4,1,45,75,12,61,31,0,11,0,1,0,11,0,5,0,30,0,3,0,2,0,2,0,4,2,35.727245833333335,139.26702833333334,2,3,9999,0,9,0
1,30,882,220,2,0,1,30000,0,228,2024,7,16,20,25,22,4,37,18,57,3,2,2,1,1,9,22,0,0,18,9,30,70,4,2,1,35,25,4,61,31,0,1,0,1,0,11,0,3,0,10,0,3,0,2,0,2,0,4,2,35.731454444444445,139.28676777777778,3,3,9999,0,1,0
1,30,882,223,2,0,1,99000,0,303,2024,7,31,16,18,12,4,48,18,46,2,1,1,0,7,0,0,0,0,0,0,20,70,0,4,1,35,65,3,61,31,0,1,0,1,0,11,0,10,0,10,0,3,0,2,0,2,0,4,2,35.76065611111111,139.35782694444444,4,3,9999,0,5,0
1,30,883,276,2,0,1,30000,0,201,2024,7,13,9,40,12,4,35,18,58,1,2,1,14,7,0,0,0,0,3,9,1,70,4,2,1,1,1,51,61,41,0,0,0,0,0,0,0,0,0,10,0,3,0,0,0,0,0,4,2,35.6616575,139.3232911111111,7,3,0,0,0,0
1,30,883,286,2,0,1,10480,0,201,2024,7,20,5,53,12,4,40,18,54,1,1,1,1,1,9,22,0,0,15,9,30,70,4,1,1,45,75,51,61,41,0,0,0,0,0,0,0,0,0,10,0,3,0,0,0,0,0,4,2,35.65142861111111,139.34416833333333,7,3,0,0,0,0
1,30,883,290,2,0,1,30000,0,201,2024,7,24,10,20,12,4,43,18,52,1,1,1,14,7,0,0,0,0,1,9,1,70,5,3,1,45,75,3,61,31,0,1,0,1,0,11,0,10,0,40,0,3,0,2,0,2,0,4,2,35.65166472222222,139.34250444444444,4,3,9999,0,1,0
1,30,883,307,2,0,1,30000,0,201,2024,7,12,13,5,12,4,35,18,58,3,1,2,14,7,0,0,0,0,3,9,1,70,5,2,1,1,75,51,61,41,0,0,0,0,0,0,0,0,0,10,0,3,0,0,0,0,0,4,2,35.65999444444444,139.33474777777778,6,3,0,0,0,0
1,30,884,412,2,0,1,10570,0,209,2024,7,1,14,25,12,4,29,19,1,2,1,2,1,1,9,22,0,0,15,9,30,70,5,1,1,35,1,4,61,31,0,1,0,1,0,11,0,3,0,50,0,3,0,2,0,2,0,4,2,35.56501305555555,139.4444738888889,2,3,9999,0,1,0
1,30,884,414,2,0,1,10570,0,209,2024,7,3,8,10,12,4,30,19,1,2,1,1,14,7,0,0,0,0,3,9,1,70,4,1,1,1,25,51,61,41,0,0,0,0,0,0,0,0,0,40,0,3,0,0,0,0,0,2,4,35.562083888888885,139.44596777777778,4,3,0,0,0,0
1,30,884,415,2,0,1,30000,0,209,2024,7,3,17,55,12,4,30,19,1,1,2,1,14,7,0,0,0,0,3,9,1,70,5,2,1,65,1,3,61,31,0,1,0,1,0,11,0,2,0,10,0,3,0,2,0,2,0,4,2,35.590228333333336,139.46942638888888,4,3,9999,0,9,0
1,30,884,419,2,0,1,30000,0,209,2024,7,5,9,27,12,4,31,19,0,1,1,1,14,7,0,0,0,0,3,9,1,70,4,1,1,75,75,4,61,31,0,1,0,1,0,11,0,3,0,50,0,4,0,2,0,2,0,4,2,35.55566388888889,139.45574944444442,6,3,800,0,9,0
1,30,884,420,2,0,1,10490,0,209,2024,7,6,1,27,22,4,31,19,0,1,1,1,1,1,9,22,0,0,19,9,30,70,5,2,1,55,25,3,61,1,0,1,0,1,0,11,0,3,0,10,0,3,0,2,0,2,0,4,2,35.538553888888885,139.45391166666664,7,3,9999,0,9,0
1,30,884,421,2,0,1,30000,0,209,2024,7,6,8,20,12,4,31,19,0,1,1,1,14,7,0,0,0,0,2,7,1,70,5,4,1,45,55,51,61,41,0,0,0,0,0,0,0,0,0,10,0,3,0,0,0,0,0,4,2,35.53985361111111,139.46483388888888,7,3,0,0,0,0
1,30,884,425,2,0,1,30000,0,209,2024,7,7,15,35,12,4,32,19,0,1,1,1,14,7,0,0,0,0,2,9,1,70,5,4,1,1,1,36,61,31,0,0,0,0,0,11,0,10,0,10,0,3,0,0,0,0,0,4,2,35.56583027777778,139.4337661111111,1,3,0,0,0,0
1,30,884,448,2,0,1,30000,0,209,2024,7,18,7,50,12,4,39,18,56,1,1,1,14,7,0,0,0,0,2,9,1,70,5,3,1,1,1,51,61,41,0,0,0,0,0,0,0,0,0,10,0,3,0,0,0,0,0,4,2,35.52638583333333,139.4635975,5,3,0,0,0,0
1,30,884,453,2,0,1,10610,0,209,2024,7,19,17,34,12,4,39,18,55,1,1,1,14,7,0,0,0,0,2,9,1,70,5,3,1,25,65,51,61,41,0,0,0,0,0,0,0,0,0,40,0,3,0,0,0,0,0,4,2,35.55226583333333,139.4481738888889,6,3,0,0,0,0
1,30,884,459,2,0,1,30560,0,209,2024,5,28,20,45,22,4,28,18,49,3,1,2,1,1,9,22,0,0,15,9,30,70,5,2,1,35,45,3,61,31,0,1,0,1,0,11,0,3,0,10,0,3,0,2,0,2,0,4,2,35.53923111111111,139.45138694444444,3,3,9999,0,1,0
1,30,884,462,2,0,2,30000,0,209,2024,7,23,12,10,12,4,42,18,52,1,1,1,1,7,9,22,0,0,11,9,30,70,5,3,1,75,75,52,61,41,0,0,0,0,0,0,0,0,0,10,0,3,0,0,0,0,0,2,2,35.558769722222216,139.43881000000002,3,3,0,0,0,0
1,30,884,470,2,0,1,99000,0,209,2024,7,26,17,25,12,4,44,18,50,1,1,1,0,7,0,0,0,0,0,0,20,70,0,4,1,55,75,3,61,31,0,1,0,1,0,11,0,10,0,30,0,3,0,2,0,2,0,4,2,35.520288888888885,139.46723,6,3,9999,0,9,0
1,30,884,475,2,0,1,30000,0,209,2024,7,31,13,23,12,4,48,18,46,1,1,1,1,7,1,22,0,0,15,9,30,70,4,2,1,75,1,3,61,31,0,1,0,1,0,11,0,2,0,50,0,3,0,2,0,2,0,4,2,35.524300277777776,139.46721527777777,4,3,82,0,9,0
1,30,885,146,2,0,1,20770,0,212,2024,3,11,7,10,12,5,57,17,45,1,1,1,1,1,9,22,0,0,15,9,30,70,5,1,1,25,55,4,61,31,0,1,0,1,0,11,0,2,0,10,0,3,0,2,0,2,0,4,2,35.653600555555556,139.39308666666665,2,3,9999,0,5,0
1,30,885,154,2,0,1,30000,0,212,2024,7,12,8,25,12,4,35,18,58,3,1,2,14,7,0,0,0,0,2,9,1,70,5,3,1,65,55,3,61,31,0,1,0,1,0,11,0,2,0,10,0,3,0,2,0,2,0,4,2,35.661336388888884,139.41266166666668,6,3,9999,0,9,0
1,30,885,155,2,0,1,30000,0,212,2024,7,12,8,48,12,4,35,18,58,3,1,2,1,1,9,22,0,0,15,9,30,70,4,2,1,45,75,3,61,31,0,1,0,1,0,11,0,2,0,10,0,3,0,2,0,2,0,4,2,35.66265055555555,139.3766938888889,6,3,9999,0,5,0
1,30,885,156,2,0,1,30000,0,212,2024,7,12,9,7,12,4,35,18,58,3,1,2,14,7,0,0,0,0,2,9,1,70,5,3,1,45,45,14,61,31,0,11,0,1,0,11,0,10,0,30,0,3,0,2,0,2,0,4,2,35.67133388888889,139.37640944444445,6,3,9999,0,5,0
1,30,885,162,2,0,1,30000,0,212,2024,7,18,19,15,21,4,39,18,56,1,1,1,14,7,0,0,0,0,1,9,1,1,5,3,1,65,65,3,61,31,0,1,0,1,0,11,0,2,0,40,0,3,0,2,0,2,0,4,2,35.65496361111111,139.39131194444442,5,3,9999,0,1,0
1,30,885,163,2,0,1,30000,0,212,2024,7,19,8,0,12,4,39,18,55,1,1,1,1,7,1,21,0,0,14,9,30,70,4,2,1,55,1,3,61,31,0,1,0,1,0,11,0,2,0,40,0,3,0,2,0,2,0,4,2,35.678446666666666,139.39498388888887,6,3,9999,0,9,0
1,30,885,179,2,0,1,30000,0,212,2024,7,20,19,5,21,4,40,18,54,2,1,1,1,1,9,22,0,0,14,9,30,70,4,2,1,45,65,13,61,1,0,11,0,1,0,11,0,2,0,10,0,3,0,2,0,2,0,4,2,35.66238444444444,139.38225250000002,7,3,9999,0,9,0
1,30,886,193,2,0,1,30000,0,207,2024,7,7,11,30,12,4,32,19,0,1,3,1,1,1,9,22,0,0,15,9,30,70,4,2,1,65,75,3,61,31,0,1,0,1,0,11,0,3,0,10,0,3,0,2,0,2,0,4,2,35.702911944444445,139.3666275,1,3,9999,0,9,0
1,30,886,204,2,0,1,30810,0,207,2024,7,18,7,40,12,4,39,18,56,1,1,1,14,7,0,0,0,0,3,9,1,70,4,1,1,55,1,13,61,31,0,11,0,1,0,11,0,3,0,40,0,3,0,2,0,2,0,4,2,35.718586111111115,139.34452222222222,5,3,9999,0,9,0
1,30,887,336,2,0,1,30000,0,202,2024,7,1,18,15,13,4,29,19,1,2,1,2,14,7,0,0,0,0,1,9,1,70,5,2,1,65,1,51,61,41,0,0,0,0,0,0,0,0,0,10,0,4,0,0,0,0,0,4,2,35.725165833333335,139.37166861111112,2,3,0,0,0,0
1,30,887,339,2,0,1,30000,0,202,2024,7,3,14,40,12,4,30,19,1,1,1,1,7,1,0,0,0,0,4,9,1,70,1,1,1,55,35,3,61,31,0,1,0,1,0,11,0,3,0,20,0,3,0,2,0,2,0,4,2,35.71324888888889,139.4101638888889,4,3,9999,0,5,0
1,30,887,340,2,0,1,30000,0,202,2024,7,3,18,20,13,4,30,19,1,1,1,1,14,7,0,0,0,0,3,9,1,70,1,2,1,45,65,51,61,41,0,0,0,0,0,0,0,0,0,10,0,3,0,0,0,0,0,4,2,35.699412499999994,139.41436444444446,4,3,0,0,0,0
1,30,887,351,2,0,1,10520,0,202,2024,7,10,5,45,12,4,34,18,59,1,1,1,1,1,9,22,0,0,17,9,30,70,4,1,1,25,55,13,61,31,0,11,0,1,0,11,0,4,0,10,0,3,0,2,0,2,0,4,2,35.69478583333333,139.41907916666665,4,3,9999,0,1,0