資料区分,都道府県コード,警察署等コード,本票番号,事故内容,死者数,負傷者数,路線コード,地点コード,市区町村コード,発生日時　　年,発生日時　　月,発生日時　　日,発生日時　　時,発生日時　　分,昼夜,日の出時刻　　時,日の出時刻　　分,日の入り時刻　　時,日の入り時刻　　分,天候,地形,路面状態,道路形状,信号機,一時停止規制　標識（当事者A）,一時停止規制　表示（当事者A）,一時停止規制　標識（当事者B）,一時停止規制　表示（当事者B）,車道幅員,道路線形,衝突地点,ゾーン規制,中央分離帯施設等,歩車道区分,事故類型,年齢（当事者A）,年齢（当事者B）,当事者種別（当事者A）,当事者種別（当事者B）,用途別（当事者A）,用途別（当事者B）,車両形状等（当事者A）,車両形状等（当事者B）,オートマチック車（当事者A）,オートマチック車（当事者B）,サポカー（当事者A）,サポカー（当事者B）,速度規制（指定のみ）（当事者A）,速度規制（指定のみ）（当事者B）,車両の衝突部位（当事者A）,車両の衝突部位（当事者B）,車両の損壊程度（当事者A）,車両の損壊程度（当事者B）,エアバッグの装備（当事者A）,エアバッグの装備（当事者B）,サイドエアバッグの装備（当事者A）,サイドエアバッグの装備（当事者B）,人身損傷程度（当事者A）,人身損傷程度（当事者B）,lat,lon,曜日(発生年月日),祝日(発生年月日),認知機能検査経過日数（当事者A）,認知機能検査経過日数（当事者B）,運転練習の方法（当事者A）,運転練習の方法（当事者B）
1,30,887,352,2,0,1,30000,0,202,2024,7,10,13,2,12,4,34,18,59,1,2,1,1,7,9,22,0,0,11,9,30,70,5,3,1,25,1,51,61,41,0,0,0,0,0,0,0,0,0,40,0,3,0,0,0,0,0,4,2,35.70393361111111,139.41607472222222,4,3,0,0,0,0
1,30,887,365,2,0,1,21150,0,215,2024,7,14,15,15,12,4,36,18,58,2,1,2,14,7,0,0,0,0,3,9,1,70,4,2,1,45,75,51,61,41,0,0,0,0,0,0,0,0,0,10,0,4,0,0,0,0,0,4,2,35.69457138888889,139.45201999999998,1,2,0,0,0,0
1,30,887,385,2,0,1,30000,0,202,2024,7,19,19,30,21,4,39,18,55,1,1,1,1,7,9,22,0,0,15,9,30,70,1,2,1,1,55,36,61,31,0,0,0,0,0,11,0,2,0,10,0,3,0,0,0,0,0,4,2,35.69969611111111,139.40476583333333,6,3,0,0,0,0
1,30,887,389,2,0,1,30000,0,202,2024,7,21,10,20,12,4,41,18,54,1,1,1,14,7,0,0,0,0,2,9,1,70,5,3,1,75,1,51,61,41,0,0,0,0,0,0,0,0,0,40,0,3,0,0,0,0,0,4,2,35.69239555555555,139.4146188888889,1,3,0,0,0,0
1,30,887,393,2,0,1,30000,0,202,2024,7,23,6,35,12,4,42,18,52,1,1,1,1,1,9,22,0,0,14,9,30,70,4,1,1,75,75,13,61,31,0,11,0,1,0,11,0,3,0,10,0,3,0,2,0,2,0,4,2,35.72078555555556,139.42345694444444,3,3,733,0,9,0
1,30,888,141,2,0,1,30000,0,206,2024,7,8,18,28,13,4,32,19,0,1,1,1,1,1,9,22,0,0,15,9,30,70,5,2,1,25,1,3,61,31,0,1,0,1,0,11,0,2,0,10,0,3,0,2,0,2,0,4,2,35.67750972222222,139.49908722222222,2,3,9999,0,5,0
1,30,888,143,2,0,1,200,297,206,2024,7,9,9,30,12,4,33,18,59,1,1,1,7,7,0,0,0,0,3,9,1,70,4,2,1,35,55,51,61,41,0,0,0,0,0,0,0,0,0,10,0,4,0,0,0,0,0,4,2,35.672130277777775,139.486405,3,3,0,0,0,0
1,30,888,147,2,0,1,10750,0,206,2024,5,28,19,15,21,4,28,18,49,1,1,1,7,1,0,0,0,0,5,9,1,70,1,2,1,45,55,51,61,41,0,0,0,0,0,0,0,0,0,10,0,3,0,0,0,0,0,4,2,35.68709222222222,139.52031472222222,3,3,0,0,0,0
1,30,888,151,2,0,1,10750,0,206,2024,7,19,14,48,12,4,39,18,55,1,1,1,7,7,0,0,0,0,1,9,1,70,5,3,1,45,55,3,61,31,0,1,0,1,0,11,0,2,0,10,0,3,0,2,0,2,0,4,2,35.688581666666664,139.4743136111111,6,3,9999,0,9,0
1,30,888,158,2,0,1,30000,0,206,2024,6,17,14,48,12,4,25,18,59,2,1,1,14,7,0,0,0,0,2,9,1,70,5,3,1,45,1,14,61,1,0,11,0,1,0,11,0,2,0,20,0,3,0,2,0,2,0,4,2,35.66460361111111,139.44794638888888,2,3,9999,0,1,0
1,30,888,160,2,0,1,30000,0,206,2024,7,28,19,38,21,4,46,18,49,1,1,1,14,7,0,0,0,0,1,9,1,70,5,4,1,1,65,51,61,41,0,0,0,0,0,0,0,0,0,40,0,3,0,0,0,0,0,4,2,35.65308944444444,139.46918944444445,1,3,0,0,0,0
1,30,888,161,2,0,1,30000,0,206,2024,7,8,17,14,12,4,32,19,0,1,1,1,14,7,0,0,0,0,1,9,1,70,5,3,1,75,1,14,61,31,0,11,0,1,0,11,0,10,0,20,0,3,0,2,0,2,0,4,2,35.67561277777777,139.45740527777775,2,3,459,0,9,0
1,30,888,163,2,0,1,30000,0,206,2023,12,25,19,20,22,6,48,16,33,1,1,1,14,7,0,0,0,0,2,9,1,70,5,3,1,55,55,1,61,1,0,1,0,1,0,11,0,10,0,20,0,4,0,2,0,2,0,4,2,35.66511166666667,139.50263388888888,2,3,9999,0,9,0
1,30,888,164,2,0,1,30000,0,206,2024,4,1,19,30,22,5,28,18,3,1,1,1,1,1,9,22,0,0,15,9,30,70,5,2,1,75,55,3,61,31,0,1,0,1,0,11,0,3,0,10,0,3,0,2,0,2,0,4,2,35.65773055555555,139.50594138888889,2,3,263,0,9,0
1,30,889,172,2,0,1,20880,0,214,2024,7,11,12,32,12,4,34,18,59,2,1,1,1,1,9,22,0,0,14,9,30,70,4,1,1,75,65,3,61,31,0,1,0,1,0,11,0,3,0,10,0,3,0,2,0,2,0,4,2,35.70763111111111,139.47915083333334,5,3,135,0,9,0
1,30,889,174,2,0,1,30000,0,214,2024,7,13,8,40,12,4,35,18,58,1,1,1,14,7,0,0,0,0,1,9,1,70,5,3,1,55,55,3,61,31,0,1,0,1,0,11,0,2,0,40,0,3,0,2,0,2,0,4,2,35.70986027777778,139.44832916666667,7,3,9999,0,9,0
1,30,889,179,2,0,1,30000,0,210,2024,7,23,11,10,12,4,42,18,52,1,1,1,14,7,0,0,0,0,4,9,1,70,4,2,1,1,25,51,61,41,0,0,0,0,0,0,0,0,0,10,0,3,0,0,0,0,0,4,4,35.7045575,139.5137838888889,3,3,0,0,0,0
1,30,889,189,2,0,1,30000,0,214,2024,7,31,16,27,12,4,48,18,46,2,1,1,1,1,9,22,0,0,15,9,30,70,4,3,1,65,55,4,61,31,0,1,0,1,0,11,0,2,0,10,0,3,0,2,0,2,0,4,2,35.70258916666667,139.4809675,4,3,9999,0,9,0
1,30,889,191,2,0,1,30000,0,210,2024,7,25,8,30,12,4,44,18,51,1,1,1,14,7,0,0,0,0,2,9,1,70,5,4,1,1,55,51,61,41,0,0,0,0,0,0,0,0,0,10,0,3,0,0,0,0,0,4,2,35.70414027777778,139.4902661111111,5,3,0,0,0,0
1,30,890,236,2,0,1,10560,0,222,2024,7,7,10,26,12,4,32,19,0,1,1,1,14,7,0,0,0,0,3,9,1,70,4,3,1,65,0,61,0,0,0,0,0,0,0,0,0,0,0,0,0,0,0,0,0,0,0,2,0,35.75150138888889,139.51521,1,3,0,0,0,0
1,30,890,243,2,0,1,99000,0,222,2024,7,13,11,0,12,4,35,18,58,2,1,1,0,7,0,0,0,0,0,0,20,70,0,4,1,25,55,4,61,31,0,1,0,1,0,11,0,10,0,10,0,3,0,2,0,2,0,4,2,35.74548888888889,139.52729055555557,7,3,9999,0,1,0
1,30,890,253,2,0,1,10250,0,229,2024,7,8,10,13,12,4,32,19,0,1,1,1,1,1,9,22,0,0,14,9,30,70,5,2,1,45,75,17,61,31,0,11,0,1,0,11,0,1,0,10,0,3,0,2,0,2,0,4,2,35.73182194444445,139.55041833333334,2,3,9999,0,9,0
1,30,891,272,2,0,2,30000,0,213,2024,5,11,19,33,21,4,39,18,36,1,2,1,1,7,9,22,0,0,15,9,30,70,4,2,1,1,1,51,61,41,0,0,0,0,0,0,0,0,0,10,0,3,0,0,0,0,0,2,2,35.75031472222222,139.47224805555555,7,3,0,0,0,0
1,30,891,278,2,0,1,30000,0,213,2024,6,22,16,59,12,4,26,19,0,1,1,1,1,7,9,22,0,0,14,9,30,70,5,3,1,75,35,4,61,31,0,1,0,1,0,11,0,3,0,10,0,3,0,2,0,2,0,4,2,35.749855555555555,139.4707425,7,3,674,0,9,0
1,30,891,291,2,0,1,30000,0,213,2024,7,10,11,0,12,4,34,18,59,2,1,1,1,7,9,22,0,0,14,9,30,70,5,2,1,55,65,3,61,31,0,1,0,1,0,11,0,2,0,50,0,3,0,2,0,2,0,4,2,35.77724555555555,139.4930572222222,4,3,9999,0,4,0
1,30,891,292,2,0,1,30000,0,213,2024,7,10,10,10,12,4,34,18,59,2,2,1,13,7,0,0,0,0,2,6,1,70,5,3,1,55,0,61,0,0,0,0,0,0,0,0,0,0,0,0,0,0,0,0,0,0,0,2,0,35.776360555555556,139.49636027777777,4,3,0,0,0,0
1,30,891,295,2,0,1,30000,0,213,2024,7,15,12,30,12,4,37,18,57,2,1,1,1,7,9,22,0,0,18,9,30,70,5,2,1,1,65,51,61,41,0,0,0,0,0,0,0,0,0,10,0,3,0,0,0,0,0,4,2,35.7394575,139.4850836111111,2,1,0,0,0,0
1,30,891,296,2,0,1,30000,0,213,2024,7,16,9,55,12,4,37,18,57,3,2,2,1,7,9,22,0,0,11,9,30,70,5,4,1,55,75,4,61,31,0,1,0,1,0,11,0,10,0,80,0,4,0,2,0,2,0,4,2,35.77852194444444,139.49060999999998,3,3,9999,0,9,0
1,30,891,300,2,0,1,10590,0,221,2024,7,18,14,2,12,4,39,18,56,1,1,1,1,7,1,21,0,0,14,9,30,70,1,2,1,75,75,4,61,31,0,1,0,1,0,11,0,3,0,80,0,4,0,2,0,2,0,4,2,35.78671472222222,139.54186583333333,5,3,9999,0,9,0
1,30,891,306,2,0,2,30000,0,221,2024,7,22,14,25,12,4,42,18,53,1,2,1,14,7,0,0,0,0,3,9,1,70,4,2,1,75,45,35,61,31,0,0,0,0,0,11,0,2,0,40,0,3,0,0,0,0,0,2,2,35.794894444444445,139.53059472222225,2,3,40,0,9,0
1,30,892,190,2,0,1,30000,0,203,2024,7,4,8,50,12,4,30,19,1,1,1,1,14,7,0,0,0,0,2,9,1,70,5,3,1,45,75,52,61,41,0,0,0,0,0,0,0,0,0,10,0,3,0,0,0,0,0,4,2,35.71236027777778,139.5795138888889,5,3,0,0,0,0
1,30,892,196,2,0,1,10260,0,203,2024,7,10,18,13,13,4,34,18,59,2,1,1,7,7,0,0,0,0,4,9,1,70,4,2,1,1,55,51,61,41,0,0,0,0,0,0,0,0,0,40,0,3,0,0,0,0,0,4,2,35.70742361111111,139.57930222222222,4,3,0,0,0,0
1,30,892,202,2,0,1,20000,0,203,2024,7,17,18,20,13,4,38,18,56,1,1,1,14,7,0,0,0,0,2,9,1,70,5,4,1,75,1,3,61,31,0,1,0,1,0,11,0,5,0,40,0,3,0,2,0,2,0,4,2,35.706141111111116,139.541085,4,3,623,0,9,0
1,30,892,215,2,0,1,10600,0,203,2024,7,17,17,50,12,4,38,18,56,1,1,1,14,7,0,0,0,0,3,9,1,70,5,2,1,55,35,3,61,31,0,1,0,1,0,11,0,2,0,40,0,3,0,2,0,2,0,4,2,35.69979222222222,139.54664027777778,4,3,9999,0,4,0
1,30,892,219,2,0,1,20270,0,203,2024,7,28,2,26,22,4,46,18,49,2,1,1,14,1,0,0,0,0,2,9,1,70,4,1,1,1,45,51,61,41,0,0,0,0,0,0,0,0,0,0,0,4,0,0,0,0,0,4,2,35.702445000000004,139.5785811111111,1,3,0,0,0,0
1,30,892,221,2,0,1,30000,0,203,2024,7,14,13,40,12,4,36,18,58,2,1,1,14,7,0,0,0,0,1,9,1,70,5,3,1,55,1,4,61,31,0,1,0,1,0,11,0,10,0,10,0,3,0,2,0,2,0,4,2,35.696550277777774,139.54355833333332,1,2,9999,0,9,0
1,30,892,223,2,0,1,10260,0,203,2024,7,31,19,26,21,4,48,18,46,3,1,2,14,7,0,0,0,0,3,9,1,70,4,2,1,25,0,61,0,0,0,0,0,0,0,0,0,0,0,0,0,0,0,0,0,0,0,2,0,35.707438333333336,139.57926361111112,4,3,0,0,0,0
1,30,894,319,2,0,1,200,235,208,2024,7,6,13,5,12,4,31,19,0,2,1,1,1,7,9,22,0,0,17,9,30,70,4,2,1,25,1,13,61,31,0,11,0,1,0,11,0,4,0,80,0,3,0,2,0,2,0,4,2,35.653711666666666,139.5497063888889,7,3,9999,0,1,0
1,30,894,325,2,0,1,200,234,208,2024,7,10,12,25,12,4,34,18,59,1,1,1,7,7,0,0,0,0,5,9,1,70,5,2,1,25,75,3,61,31,0,1,0,1,0,11,0,3,0,10,0,3,0,2,0,2,0,4,2,35.65315666666667,139.551535,4,3,9999,0,1,0
1,30,894,334,2,0,1,200,240,208,2024,7,14,15,33,12,4,36,18,58,2,1,1,1,1,9,22,0,0,15,9,30,70,4,2,1,55,35,36,61,31,0,0,0,0,0,11,0,1,0,10,0,3,0,0,0,0,0,4,2,35.655271666666664,139.5444275,1,2,9999,0,9,0
1,30,894,350,2,0,1,30000,0,208,2024,7,22,22,55,22,4,42,18,53,1,1,1,1,1,9,22,0,0,15,9,30,70,4,2,1,25,1,3,61,31,0,1,0,1,0,11,0,3,0,50,0,3,0,2,0,2,0,4,2,35.65608888888889,139.57578555555554,2,3,9999,0,1,0
1,30,894,351,2,0,1,30000,0,219,2024,7,23,19,25,21,4,42,18,52,1,1,1,7,7,0,0,0,0,2,9,1,70,5,3,1,55,75,14,61,1,0,11,0,1,0,11,0,2,0,50,0,3,0,2,0,2,0,4,2,35.646389444444445,139.57629472222223,3,3,9999,0,9,0
1,30,895,87,2,0,1,30000,0,211,2024,7,20,13,50,12,4,40,18,54,1,1,1,1,1,9,22,0,0,15,9,30,70,4,2,1,75,75,14,61,31,0,11,0,1,0,11,0,2,0,80,0,3,0,2,0,2,0,4,2,35.723085000000005,139.47981444444446,7,3,389,0,9,0
1,30,896,9,2,0,1,20000,0,361,2024,7,19,11,25,12,4,39,18,55,2,3,1,1,1,9,22,0,0,15,9,30,70,5,2,1,35,75,14,61,31,0,11,0,1,0,11,0,3,0,10,0,4,0,2,0,2,0,4,2,34.68339611111111,139.43553527777777,6,3,9999,0,5,0
1,30,69,321,1,1,0,50290,0,110,2024,8,12,5,3,11,4,58,18,34,1,1,1,11,7,0,0,0,0,4,9,1,70,1,4,1,1,25,3,61,31,0,1,0,1,0,11,0,5,0,10,0,3,0,2,0,2,0,4,1,35.65318694444444,139.68968527777778,2,1,9999,0,1,0
1,30,100,95,2,0,1,30000,0,101,2024,8,5,8,30,12,4,52,18,41,1,1,1,1,1,9,22,0,0,14,9,30,1,5,2,1,55,75,4,61,31,0,1,0,1,0,11,0,2,0,30,0,4,0,2,0,2,0,4,2,35.68830805555555,139.74231194444442,2,3,9999,0,9,0
1,30,100,99,2,0,1,30000,0,101,2024,8,9,7,20,12,4,55,18,37,1,1,1,14,7,0,0,0,0,2,9,1,1,5,2,1,55,45,3,61,1,0,1,0,1,0,11,0,2,0,10,0,4,0,2,0,2,0,4,2,35.70017388888889,139.7484558333333,6,3,9999,0,9,0
1,30,100,103,2,0,1,10110,0,101,2024,3,6,12,55,12,6,4,17,41,2,1,2,7,1,0,0,0,0,6,9,1,70,1,2,1,45,25,14,61,1,0,11,0,1,0,11,0,1,0,20,0,4,0,2,0,2,0,4,2,35.68838361111111,139.74528555555554,4,3,9999,0,1,0
1,30,100,104,2,0,1,30000,0,101,2024,8,15,12,18,12,5,0,18,31,1,1,1,1,7,9,22,0,0,14,9,30,70,4,2,1,25,45,13,61,31,0,11,0,1,0,11,0,2,0,40,0,3,0,2,0,2,0,4,2,35.68344416666666,139.73822194444443,5,3,9999,0,1,0
1,30,100,105,2,0,1,30000,0,101,2024,8,15,19,20,21,5,0,18,31,1,1,1,1,1,9,22,0,0,14,9,30,1,4,2,1,75,65,3,61,1,0,1,0,1,0,11,0,2,0,20,0,3,0,2,0,2,0,4,2,35.687219166666665,139.74185527777777,5,3,143,0,9,0
1,30,100,106,2,0,1,30000,0,101,2024,8,19,10,32,12,5,3,18,26,2,1,1,14,7,0,0,0,0,3,9,1,1,4,2,1,45,1,14,61,31,0,11,0,1,0,11,0,2,0,50,0,2,0,2,0,2,0,4,2,35.68492861111111,139.74153416666664,2,3,9999,0,1,0
1,30,100,108,2,0,1,30030,0,101,2024,7,31,18,25,13,4,48,18,46,3,1,2,1,1,9,22,0,0,14,9,30,70,4,2,1,55,35,3,61,31,0,1,0,1,0,11,0,3,0,40,0,4,0,2,0,2,0,4,2,35.69060611111111,139.75622916666666,4,3,9999,0,9,0
1,30,100,113,2,0,1,30000,0,101,2024,8,26,14,10,12,5,8,18,17,1,1,1,14,7,0,0,0,0,2,9,1,1,5,3,1,45,55,13,61,31,0,11,0,1,0,11,0,2,0,80,0,3,0,2,0,2,0,4,2,35.70137833333334,139.7453111111111,2,3,9999,0,1,0
1,30,101,79,2,0,1,30000,0,101,2024,6,28,20,30,22,4,28,19,1,3,1,2,1,7,9,22,0,0,14,9,30,70,4,1,1,65,35,3,61,1,0,1,0,1,0,11,0,2,0,10,0,3,0,2,0,2,0,4,2,35.67225222222222,139.7599661111111,6,3,9999,0,9,0
1,30,101,88,2,0,1,20020,0,101,2024,8,24,1,6,22,5,7,18,19,2,1,1,1,1,9,22,0,0,18,9,30,70,1,2,1,55,45,3,61,1,0,1,0,1,0,11,0,10,0,10,0,2,0,2,0,2,0,4,2,35.67823583333333,139.76200111111112,7,3,9999,0,9,0
1,30,101,91,2,0,1,20040,0,101,2024,8,1,17,47,13,4,49,18,45,1,1,1,7,1,0,0,0,0,4,9,1,70,4,2,1,45,45,3,61,1,0,1,0,1,0,11,0,3,0,80,0,3,0,2,0,2,0,4,2,35.676737777777774,139.76293694444445,5,3,9999,0,9,0
1,30,102,81,2,0,2,30000,0,101,2024,8,6,12,0,12,4,53,18,40,1,1,1,7,1,0,0,0,0,3,9,1,70,5,2,1,45,45,51,61,41,0,0,0,0,0,0,0,0,0,10,0,3,0,0,0,0,0,2,2,35.695318611111105,139.75801,3,3,0,0,0,0
1,30,102,84,2,0,1,30000,0,101,2024,8,9,8,38,12,4,55,18,37,1,1,1,14,7,0,0,0,0,3,9,1,70,5,2,1,45,25,3,61,1,0,1,0,1,0,11,0,2,0,20,0,4,0,2,0,2,0,4,2,35.6962525,139.76039194444445,6,3,9999,0,1,0
1,30,102,88,2,0,1,20000,0,101,2024,8,22,18,55,21,5,5,18,22,1,1,1,1,7,9,22,0,0,17,9,30,1,5,2,1,75,35,3,61,31,0,1,0,1,0,11,0,2,0,20,0,3,0,2,0,2,0,4,2,35.690823055555555,139.7621797222222,5,3,350,0,9,0
1,30,102,91,2,0,1,30000,0,101,2024,8,28,10,14,12,5,10,18,14,2,1,1,1,7,9,22,0,0,11,9,30,1,5,3,1,75,35,3,61,31,0,1,0,1,0,11,0,2,0,70,0,4,0,2,0,2,0,4,2,35.69317638888889,139.76434527777778,4,3,75,0,9,0
1,30,102,92,2,0,1,20090,0,101,2024,8,30,21,25,22,5,11,18,11,3,1,2,1,1,9,22,0,0,18,9,30,70,4,2,1,55,45,3,61,1,0,1,0,1,0,11,0,4,0,10,0,3,0,2,0,2,0,4,2,35.698163611111106,139.76871666666668,6,3,9999,0,9,0
1,30,102,93,2,0,1,30000,0,101,2024,8,23,17,5,12,5,6,18,21,1,1,1,14,7,0,0,0,0,3,9,1,70,5,3,1,55,45,3,61,31,0,1,0,1,0,11,0,5,0,40,0,3,0,2,0,2,0,4,2,35.69571555555555,139.7668638888889,6,3,9999,0,9,0
1,30,103,71,2,0,1,10050,0,101,2024,8,3,1,5,22,4,51,18,43,1,1,1,14,7,0,0,0,0,5,9,1,70,1,1,1,1,35,3,61,31,0,1,0,1,0,11,0,10,0,40,0,3,0,2,0,2,0,4,2,35.695588611111106,139.77692388888892,7,3,9999,0,1,0
1,30,103,75,2,0,1,30000,0,101,2024,8,17,18,45,21,5,2,18,28,1,1,1,1,1,0,0,0,0,18,9,30,70,4,2,1,55,0,61,0,0,0,0,0,0,0,0,0,0,0,0,0,0,0,0,0,0,0,2,0,35.69967083333333,139.77116555555557,7,3,0,0,0,0
1,30,103,76,2,0,1,30000,0,101,2024,8,25,20,10,22,5,8,18,18,1,1,1,13,7,0,0,0,0,2,6,1,70,5,4,1,25,35,3,61,31,0,1,0,1,0,11,0,10,0,40,0,3,0,2,0,2,0,4,2,35.69868944444444,139.77170722222223,1,3,9999,0,1,0
1,30,104,154,2,0,1,10060,0,102,2024,8,3,11,45,12,4,51,18,43,1,1,1,1,1,9,22,0,0,19,9,30,70,1,2,1,35,1,43,61,41,0,31,0,0,0,0,0,10,0,40,0,3,0,0,0,0,0,4,2,35.67448916666667,139.77677833333334,7,3,0,0,0,0
1,30,104,163,2,0,1,30000,0,102,2024,8,25,10,20,12,5,8,18,18,1,1,1,11,7,0,0,0,0,4,9,1,70,4,2,1,55,75,35,61,31,0,0,0,0,0,11,0,2,0,20,0,3,0,0,0,0,0,4,2,35.68038555555555,139.77334194444447,1,3,9999,0,9,0
1,30,105,67,2,0,1,10050,0,102,2024,8,12,13,56,12,4,58,18,34,1,1,1,14,7,0,0,0,0,1,9,1,70,5,1,1,55,25,51,61,41,0,0,0,0,0,0,0,0,0,10,0,4,0,0,0,0,0,4,2,35.694847777777774,139.78382583333334,2,1,0,0,0,0
1,30,105,68,2,0,1,30000,0,102,2024,8,27,7,34,12,5,9,18,15,3,1,2,1,7,9,22,0,0,15,9,30,70,5,2,1,65,55,13,61,1,0,11,0,1,0,11,0,2,0,80,0,3,0,2,0,2,0,4,2,35.69161638888889,139.7856,3,3,9999,0,9,0
1,30,106,102,2,0,1,10020,0,102,2024,8,7,3,25,22,4,54,18,39,1,1,1,14,7,0,0,0,0,3,9,1,70,4,2,1,35,35,3,61,1,0,1,0,1,0,11,0,5,0,10,0,3,0,2,0,2,0,4,2,35.67186694444444,139.7641886111111,4,3,9999,0,1,0
1,30,106,105,2,0,1,30000,0,102,2024,8,16,18,40,21,5,1,18,29,3,1,2,14,7,0,0,0,0,3,9,1,70,5,2,1,45,0,61,0,0,0,0,0,0,0,0,0,0,0,0,0,0,0,0,0,0,0,2,0,35.67135694444444,139.77238972222224,6,3,0,0,0,0
1,30,106,108,2,0,1,99000,0,102,2024,8,20,11,58,12,5,4,18,24,1,1,1,0,7,0,0,0,0,0,0,20,70,0,4,1,35,35,13,61,31,0,11,0,1,0,11,0,10,0,30,0,3,0,2,0,2,0,4,2,35.67379444444444,139.76680833333336,3,3,9999,0,1,0
1,30,106,110,2,0,1,30000,0,102,2024,8,21,18,55,21,5,5,18,23,3,1,2,1,7,1,21,0,0,15,9,30,70,5,2,1,25,35,3,61,1,0,1,0,1,0,11,0,2,0,10,0,3,0,2,0,2,0,4,2,35.67193583333333,139.7683338888889,4,3,9999,0,4,0
1,30,107,98,2,0,1,10020,0,102,2024,6,19,12,55,12,4,25,19,0,1,1,1,14,7,0,0,0,0,3,9,1,70,1,1,1,75,55,51,61,41,0,0,0,0,0,0,0,0,0,10,0,3,0,0,0,0,0,2,4,35.66334472222222,139.78306916666668,4,3,0,0,0,0
1,30,108,151,2,0,1,21180,0,103,2024,7,18,8,51,12,4,39,18,56,1,1,1,1,1,9,22,0,0,19,9,30,70,4,2,1,45,35,11,61,1,0,11,0,2,0,11,0,4,0,0,0,4,0,2,0,2,0,4,2,35.66795833333333,139.74783416666665,5,3,9999,0,1,0
1,30,108,159,2,0,1,30000,0,103,2024,8,28,2,3,22,5,10,18,14,1,1,1,14,7,0,0,0,0,3,9,1,70,5,2,1,45,25,3,61,31,0,1,0,1,0,11,0,2,0,20,0,3,0,2,0,2,0,4,2,35.66773777777777,139.7593625,4,3,9999,0,5,0
1,30,109,118,2,0,1,30000,0,103,2024,7,25,13,23,12,4,44,18,51,1,1,1,7,7,0,0,0,0,3,9,1,1,4,2,1,75,45,51,61,41,0,0,0,0,0,0,0,0,0,10,0,4,0,0,0,0,0,4,2,35.64631277777778,139.7503725,5,3,0,0,0,0
1,30,109,121,2,0,1,150,59,103,2024,8,2,11,50,12,4,50,18,44,1,1,1,14,1,0,0,0,0,1,9,1,70,5,2,1,45,25,51,61,41,0,0,0,0,0,0,0,0,0,10,0,3,0,0,0,0,0,4,2,35.6404975,139.7407925,6,3,0,0,0,0
1,30,109,126,2,0,2,30000,0,103,2024,8,6,22,30,22,4,53,18,40,1,1,1,14,7,0,0,0,0,3,9,1,70,4,2,1,65,65,43,61,41,0,31,0,0,0,0,0,10,0,10,0,3,0,0,0,0,0,2,2,35.64841361111111,139.73770833333333,3,3,0,0,0,0
1,30,110,93,2,0,1,20120,0,103,2024,8,27,9,45,12,5,9,18,15,3,1,1,1,2,9,22,0,0,18,9,30,70,1,2,1,45,35,36,61,31,0,0,0,0,0,11,0,2,0,30,0,3,0,0,0,0,0,4,2,35.638465,139.72318805555557,3,3,9999,0,1,0
1,30,111,187,2,0,1,30000,0,103,2024,7,6,18,42,13,4,31,19,0,2,1,2,14,7,0,0,0,0,3,9,1,70,4,1,1,45,55,3,61,31,0,1,0,1,0,11,0,5,0,40,0,3,0,2,0,2,0,4,2,35.65416583333333,139.72641611111112,7,3,9999,0,9,0
1,30,111,189,2,0,1,30000,0,103,2024,8,3,2,50,22,4,51,18,43,1,1,1,14,7,0,0,0,0,2,9,1,70,5,3,1,35,35,3,61,1,0,1,0,1,0,11,0,10,0,20,0,3,0,2,0,2,0,4,2,35.664676944444444,139.73301166666667,7,3,9999,0,1,0
1,30,111,193,2,0,1,30000,0,103,2024,8,12,10,53,12,4,58,18,34,1,1,1,7,7,0,0,0,0,2,9,1,70,4,1,1,55,45,51,61,41,0,0,0,0,0,0,0,0,0,10,0,3,0,0,0,0,0,2,4,35.65247194444444,139.73317694444444,2,1,0,0,0,0
1,30,111,203,2,0,1,10090,0,103,2024,8,19,15,20,12,5,3,18,26,1,1,1,7,7,0,0,0,0,5,9,1,70,1,2,1,55,35,3,61,1,0,1,0,1,0,11,0,4,0,40,0,4,0,2,0,2,0,4,2,35.64743638888889,139.73171611111113,2,3,9999,0,9,0
1,30,112,140,2,0,1,20090,0,103,2024,6,14,16,20,12,4,25,18,58,1,1,1,14,1,0,0,0,0,6,9,1,70,1,2,1,35,25,51,61,41,0,0,0,0,0,0,0,0,0,10,0,3,0,0,0,0,0,4,2,35.67599,139.73765694444444,6,3,0,0,0,0
1,30,112,143,2,0,1,10120,0,103,2024,8,23,17,40,13,5,6,18,21,1,1,1,1,1,9,22,0,0,19,9,30,70,1,2,1,55,1,14,61,31,0,11,0,1,0,11,0,5,0,10,0,3,0,2,0,2,0,4,2,35.67298944444444,139.72386944444446,6,3,9999,0,5,0
1,30,112,147,2,0,1,30000,0,103,2024,8,27,14,37,12,5,9,18,15,2,1,1,14,7,0,0,0,0,3,8,1,70,5,2,1,35,35,14,61,31,0,11,0,1,0,11,0,2,0,40,0,3,0,2,0,2,0,4,2,35.66817416666667,139.71863083333332,3,3,9999,0,1,0
1,30,112,148,2,0,1,2460,30,103,2024,8,31,19,10,22,5,12,18,10,3,1,2,1,1,9,22,0,0,15,9,30,70,1,2,1,35,35,3,61,31,0,1,0,1,0,11,0,5,0,10,0,3,0,2,0,2,0,4,2,35.66880444444444,139.71580527777778,7,3,9999,0,5,0
1,30,216,136,1,1,0,20000,0,109,2024,8,7,14,16,12,4,54,18,39,1,1,1,1,1,9,22,0,0,15,9,30,70,4,2,1,65,65,11,61,31,0,11,0,2,0,11,0,3,0,10,0,3,0,2,0,2,0,4,1,35.607218611111115,139.73660777777778,4,3,9999,0,1,0