資料区分,都道府県コード,警察署等コード,本票番号,事故内容,死者数,負傷者数,路線コード,地点コード,市区町村コード,発生日時　　年,発生日時　　月,発生日時　　日,発生日時　　時,発生日時　　分,昼夜,日の出時刻　　時,日の出時刻　　分,日の入り時刻　　時,日の入り時刻　　分,天候,地形,路面状態,道路形状,信号機,一時停止規制　標識（当事者A）,一時停止規制　表示（当事者A）,一時停止規制　標識（当事者B）,一時停止規制　表示（当事者B）,車道幅員,道路線形,衝突地点,ゾーン規制,中央分離帯施設等,歩車道区分,事故類型,年齢（当事者A）,年齢（当事者B）,当事者種別（当事者A）,当事者種別（当事者B）,用途別（当事者A）,用途別（当事者B）,車両形状等（当事者A）,車両形状等（当事者B）,オートマチック車（当事者A）,オートマチック車（当事者B）,サポカー（当事者A）,サポカー（当事者B）,速度規制（指定のみ）（当事者A）,速度規制（指定のみ）（当事者B）,車両の衝突部位（当事者A）,車両の衝突部位（当事者B）,車両の損壊程度（当事者A）,車両の損壊程度（当事者B）,エアバッグの装備（当事者A）,エアバッグの装備（当事者B）,サイドエアバッグの装備（当事者A）,サイドエアバッグの装備（当事者B）,人身損傷程度（当事者A）,人身損傷程度（当事者B）,lat,lon,曜日(発生年月日),祝日(発生年月日),認知機能検査経過日数（当事者A）,認知機能検査経過日数（当事者B）,運転練習の方法（当事者A）,運転練習の方法（当事者B）
1,30,216,143,2,0,1,30000,0,109,2024,8,16,11,38,12,5,1,18,29,3,1,2,14,7,0,0,0,0,2,9,1,1,4,2,1,25,55,3,61,31,0,1,0,1,0,11,0,2,0,10,0,3,0,2,0,2,0,4,2,35.60497222222222,139.74385249999997,6,3,9999,0,1,0
1,30,216,149,2,0,1,30000,0,109,2024,8,22,12,25,12,5,5,18,22,2,1,1,1,7,1,21,0,0,14,9,30,1,4,2,1,45,75,17,61,1,0,11,0,1,0,11,0,2,0,10,0,4,0,2,0,2,0,4,2,35.605015,139.74507722222222,5,3,9999,0,1,0
1,30,216,150,2,0,2,150,119,109,2024,8,23,19,30,22,5,6,18,21,1,1,1,1,1,9,22,0,0,17,9,30,70,1,2,1,55,1,35,61,31,0,0,0,0,0,11,0,5,0,10,0,2,0,0,0,0,0,2,2,35.59000666666667,139.73610638888889,6,3,9999,0,9,0
1,30,217,148,2,0,1,30000,0,109,2024,7,20,17,46,12,4,40,18,54,1,1,1,14,7,0,0,0,0,1,9,1,70,5,4,1,65,45,3,61,1,0,1,0,1,0,11,0,1,0,14,0,3,0,2,0,2,0,4,2,35.63378222222222,139.7190527777778,7,3,9999,0,9,0
1,30,217,151,2,0,1,30000,0,109,2024,8,26,9,23,12,5,8,18,17,1,1,1,1,1,9,22,0,0,11,9,30,70,5,3,1,65,55,3,61,1,0,1,0,1,0,11,0,1,0,40,0,3,0,2,0,2,0,4,2,35.62534277777778,139.72986194444445,2,3,9999,0,9,0
1,30,217,152,2,0,1,30000,0,109,2024,8,21,9,30,12,5,5,18,23,1,1,1,14,7,0,0,0,0,3,9,1,70,5,4,1,45,45,51,61,41,0,0,0,0,0,0,0,0,0,10,0,3,0,0,0,0,0,4,2,35.61916,139.72111444444445,4,3,0,0,0,0
1,30,218,165,2,0,1,10,120,109,2024,8,5,8,35,12,4,52,18,41,1,1,1,1,1,9,22,0,0,18,9,30,70,1,1,1,55,35,3,61,31,0,1,0,1,0,11,0,5,0,50,0,3,0,2,0,2,0,4,2,35.60934777777778,139.71452138888887,2,3,9999,0,9,0
1,30,219,229,2,0,1,150,141,111,2024,8,4,16,52,12,4,51,18,42,1,1,1,14,7,0,0,0,0,3,9,1,70,1,1,1,75,25,51,61,41,0,0,0,0,0,0,0,0,0,14,0,3,0,0,0,0,0,2,4,35.570773888888894,139.73152694444445,1,3,0,0,0,0
1,30,220,175,2,0,1,30000,0,111,2024,8,20,11,2,12,5,4,18,24,1,1,1,14,7,0,0,0,0,2,9,1,1,5,4,1,25,75,14,61,1,0,11,0,1,0,11,0,2,0,30,0,3,0,2,0,2,0,4,2,35.610777222222225,139.6848788888889,3,3,9999,0,5,0
1,30,220,176,2,0,1,10170,0,111,2024,8,23,11,49,12,5,6,18,21,1,1,1,1,1,9,22,0,0,18,9,30,70,1,2,1,45,75,3,61,31,0,1,0,1,0,11,0,2,0,10,0,3,0,2,0,2,0,4,2,35.59685694444445,139.68291472222222,6,3,9999,0,9,0
1,30,221,200,2,0,1,10200,0,111,2024,6,30,21,28,22,4,28,19,1,1,1,1,1,1,9,22,0,0,19,9,30,70,1,2,1,1,25,51,61,41,0,0,0,0,0,0,0,0,0,10,0,3,0,0,0,0,0,4,2,35.55143666666666,139.74855722222222,1,3,0,0,0,0
1,30,222,235,2,0,1,30150,0,111,2024,8,16,20,5,22,5,1,18,29,3,1,2,1,1,9,22,0,0,14,9,30,70,4,2,1,45,25,4,61,31,0,1,0,1,0,11,0,2,0,10,0,3,0,2,0,2,0,4,2,35.581514722222224,139.7008708333333,6,3,9999,0,9,0
1,30,222,255,2,0,1,30000,0,111,2024,8,31,10,50,12,5,12,18,10,2,1,1,14,7,0,0,0,0,3,9,1,70,5,2,1,35,65,51,61,41,0,0,0,0,0,0,0,0,0,10,0,3,0,0,0,0,0,4,2,35.57047333333334,139.70591138888886,7,3,0,0,0,0
1,30,325,206,2,0,1,30970,0,112,2024,8,13,12,11,12,4,58,18,33,1,1,1,1,1,9,22,0,0,11,9,30,70,4,2,1,55,45,3,61,1,0,1,0,1,0,11,0,3,0,50,0,3,0,2,0,2,0,4,2,35.63686666666666,139.65499555555556,3,3,9999,0,9,0
1,30,325,210,2,0,1,2460,88,112,2024,7,10,7,40,12,4,34,18,59,1,1,1,14,7,0,0,0,0,1,9,1,70,5,2,1,45,65,51,61,41,0,0,0,0,0,0,0,0,0,40,0,4,0,0,0,0,0,4,2,35.63840916666667,139.66692833333332,4,3,0,0,0,0
1,30,325,212,2,0,1,30000,0,112,2024,7,28,14,0,12,4,46,18,49,1,1,1,14,7,0,0,0,0,3,9,1,70,4,1,1,35,35,51,61,41,0,0,0,0,0,0,0,0,0,40,0,3,0,0,0,0,0,4,2,35.639705,139.64320027777777,1,3,0,0,0,0
1,30,325,213,2,0,1,10210,0,112,2024,8,18,11,10,12,5,2,18,27,1,1,1,14,7,0,0,0,0,1,9,1,70,5,2,1,25,25,43,61,41,0,31,0,0,0,0,0,10,0,10,0,3,0,0,0,0,0,4,2,35.64225694444444,139.6601261111111,1,3,0,0,0,0
1,30,325,214,2,0,1,30000,0,112,2024,8,24,17,25,13,5,7,18,19,1,1,1,14,7,0,0,0,0,3,8,1,70,4,2,1,45,75,3,61,31,0,1,0,1,0,11,0,2,0,40,0,3,0,2,0,2,0,4,2,35.64619583333333,139.6557386111111,7,3,9999,0,9,0
1,30,325,217,2,0,1,21020,0,112,2024,8,2,19,30,21,4,50,18,44,1,1,1,14,7,0,0,0,0,2,9,1,70,4,2,1,75,55,3,61,31,0,1,0,1,0,1,0,3,0,40,0,3,0,2,0,2,0,4,2,35.64943888888889,139.6777275,6,3,368,0,9,0
1,30,325,220,2,0,1,21020,0,112,2024,8,29,3,55,22,5,11,18,13,1,1,1,1,7,1,21,0,0,18,9,30,70,4,2,1,55,35,51,61,41,0,0,0,0,0,0,0,0,0,10,0,3,0,0,0,0,0,4,2,35.64539722222222,139.67884194444443,5,3,0,0,0,0
1,30,326,206,2,0,1,30000,0,112,2024,8,5,13,0,12,4,52,18,41,1,1,1,14,7,0,0,0,0,1,9,1,70,5,3,1,1,25,51,61,41,0,0,0,0,0,0,0,0,0,10,0,3,0,0,0,0,0,4,2,35.653081944444445,139.63626638888888,2,3,0,0,0,0
1,30,326,216,2,0,1,30000,0,112,2024,8,17,19,30,22,5,2,18,28,1,1,1,1,7,1,21,0,0,14,9,30,70,5,3,1,65,65,34,61,31,0,0,0,0,0,11,0,2,0,0,0,4,0,0,0,0,0,4,2,35.65267583333333,139.65520194444446,7,3,9999,0,9,0
1,30,326,223,2,0,1,30000,0,112,2024,8,19,0,25,22,5,3,18,26,1,1,1,1,7,9,22,0,0,11,8,30,70,5,3,1,55,1,3,61,1,0,1,0,1,0,11,0,10,0,20,0,3,0,2,0,2,0,4,2,35.66060611111111,139.66748916666666,2,3,9999,0,9,0
1,30,326,224,2,0,1,30000,0,112,2024,8,14,9,43,12,4,59,18,32,1,1,1,7,7,0,0,0,0,2,9,1,70,5,3,1,35,25,13,61,31,0,11,0,1,0,11,0,2,0,40,0,4,0,2,0,2,0,4,2,35.66516333333333,139.66550083333334,4,3,9999,0,5,0
1,30,327,364,2,0,1,95000,0,112,2023,4,16,15,40,12,5,8,18,15,2,1,1,0,7,0,0,0,0,0,0,20,70,0,4,1,45,45,3,61,31,0,1,0,1,0,11,0,10,0,30,0,4,0,2,0,2,0,4,2,35.634033333333335,139.6240063888889,1,3,9999,0,5,0
1,30,327,369,2,0,1,30190,0,112,2024,7,18,21,20,22,4,39,18,56,1,1,1,7,7,0,0,0,0,3,9,1,70,4,2,1,25,75,51,61,41,0,0,0,0,0,0,0,0,0,40,0,3,0,0,0,0,0,4,2,35.628326111111114,139.63526083333332,5,3,0,0,0,0
1,30,327,378,2,0,1,30000,0,112,2024,8,6,13,0,12,4,53,18,40,2,1,1,1,1,9,22,0,0,15,9,30,70,5,3,1,55,75,17,61,1,0,11,0,1,0,11,0,2,0,10,0,3,0,2,0,2,0,4,2,35.620529166666664,139.65332083333334,3,3,9999,0,9,0
1,30,327,380,2,0,1,99000,0,112,2024,4,20,14,40,12,5,2,18,19,1,1,1,0,7,0,0,0,0,0,0,20,70,0,4,1,55,45,3,61,1,0,1,0,1,0,11,0,10,0,30,0,4,0,2,0,2,0,4,2,35.61823805555556,139.64105166666667,7,3,9999,0,9,0
1,30,327,387,2,0,1,30000,0,112,2024,7,23,2,5,22,4,42,18,52,1,1,1,1,7,9,22,0,0,15,9,30,70,5,2,1,55,55,14,61,31,0,11,0,1,0,11,0,4,0,40,0,3,0,2,0,2,0,4,2,35.63185555555555,139.6473336111111,3,3,9999,0,9,0
1,30,327,399,2,0,1,30000,0,112,2024,8,30,12,45,12,5,11,18,11,3,1,2,1,1,9,22,0,0,15,9,30,70,5,2,1,55,45,17,61,1,0,11,0,1,0,11,0,3,0,10,0,3,0,2,0,2,0,4,2,35.59937666666667,139.67313249999998,6,3,9999,0,9,0
1,30,328,301,2,0,1,30000,0,112,2024,8,8,18,5,13,4,54,18,38,1,1,1,14,7,0,0,0,0,2,9,1,70,5,4,1,35,1,14,61,1,0,11,0,1,0,11,0,1,0,10,0,3,0,2,0,2,0,4,2,35.66601111111111,139.61687500000002,5,3,9999,0,1,0
1,30,328,309,2,0,1,30000,0,112,2024,8,15,4,30,23,5,0,18,31,1,1,1,1,1,9,22,0,0,15,9,30,70,4,2,1,65,65,4,61,1,0,1,0,1,0,11,0,3,0,10,0,3,0,2,0,2,0,4,2,35.658944166666664,139.61173888888888,5,3,9999,0,9,0
1,30,328,310,2,0,1,99000,0,112,2024,8,17,10,0,12,5,2,18,28,1,1,1,0,7,0,0,0,0,0,0,20,70,0,4,1,65,1,51,61,41,0,0,0,0,0,0,0,0,0,10,0,4,0,0,0,0,0,4,2,35.657270555555556,139.61720833333334,7,3,0,0,0,0
1,30,328,312,2,0,1,30000,0,112,2024,8,18,12,35,12,5,2,18,27,1,1,1,1,7,9,22,0,0,15,9,30,70,5,1,1,55,1,13,61,31,0,11,0,1,0,11,0,2,0,10,0,3,0,2,0,2,0,4,2,35.63341944444444,139.60539888888889,1,3,9999,0,1,0
1,30,328,319,2,0,1,30000,0,112,2024,8,19,19,40,22,5,3,18,26,3,1,2,1,7,9,22,0,0,15,9,30,70,4,2,1,55,45,51,61,41,0,0,0,0,0,0,0,0,0,10,0,4,0,0,0,0,0,4,2,35.66653888888889,139.60090166666666,2,3,0,0,0,0
1,30,328,324,2,0,1,10200,0,112,2024,8,29,23,17,22,5,11,18,13,3,1,2,14,7,0,0,0,0,6,9,1,70,1,1,1,45,55,51,61,41,0,0,0,0,0,0,0,0,0,10,0,3,0,0,0,0,0,4,2,35.66497472222222,139.61370055555554,5,3,0,0,0,0
1,30,328,326,2,0,1,30000,0,112,2024,8,19,10,30,12,5,3,18,26,1,1,1,14,7,0,0,0,0,3,9,1,70,4,1,1,75,45,51,61,41,0,0,0,0,0,0,0,0,0,14,0,4,0,0,0,0,0,4,2,35.65556361111111,139.6158761111111,2,3,0,0,0,0
1,30,329,165,2,0,1,30000,0,110,2024,7,28,14,13,12,4,46,18,49,1,1,1,14,7,0,0,0,0,1,9,1,70,5,3,1,65,45,3,61,31,0,1,0,1,0,11,0,2,0,40,0,4,0,2,0,2,0,4,2,35.6488975,139.69344805555556,1,3,9999,0,9,0
1,30,329,166,2,0,1,30000,0,110,2024,7,16,1,12,22,4,37,18,57,1,1,1,14,7,0,0,0,0,2,9,1,70,5,3,1,25,35,3,61,1,0,1,0,1,0,11,0,10,0,70,0,4,0,2,0,2,0,4,2,35.63793888888889,139.69186916666666,3,3,9999,0,1,0
1,30,329,169,2,0,1,30000,0,110,2024,8,23,16,40,12,5,6,18,21,1,1,1,1,7,9,22,0,0,11,5,30,70,5,3,1,25,75,51,61,41,0,0,0,0,0,0,0,0,0,14,0,3,0,0,0,0,0,4,2,35.627721944444446,139.70753555555555,6,3,0,0,0,0
1,30,329,174,2,0,1,10160,0,110,2024,8,31,11,38,12,5,12,18,10,2,1,1,14,7,0,0,0,0,1,9,1,70,5,2,1,35,1,52,61,41,0,0,0,0,0,0,0,0,0,20,0,3,0,0,0,0,0,4,2,35.64939555555556,139.69102444444445,7,3,0,0,0,0
1,30,330,195,2,0,1,30000,0,110,2024,8,3,12,18,12,4,51,18,43,1,1,1,7,1,0,0,0,0,2,9,1,70,5,3,1,35,0,61,0,0,0,0,0,0,0,0,0,0,0,0,0,0,0,0,0,0,0,2,0,35.6300075,139.68589805555555,7,3,0,0,0,0
1,30,330,203,2,0,1,20240,0,110,2024,8,3,14,0,12,4,51,18,43,1,1,1,7,1,0,0,0,0,4,9,1,70,1,2,1,35,25,3,61,31,0,1,0,1,0,11,0,3,0,10,0,3,0,2,0,2,0,4,2,35.62942833333334,139.6815986111111,7,3,9999,0,1,0
1,30,330,221,2,0,1,30000,0,110,2024,8,21,6,40,12,5,5,18,23,1,1,1,7,7,0,0,0,0,2,9,1,70,5,3,1,35,55,51,61,41,0,0,0,0,0,0,0,0,0,10,0,3,0,0,0,0,0,4,2,35.63019444444444,139.68464083333333,4,3,0,0,0,0
1,30,330,223,2,0,1,20210,0,110,2024,8,27,16,7,12,5,9,18,15,1,1,1,14,7,0,0,0,0,3,9,1,70,4,3,1,55,35,3,61,31,0,1,0,1,0,11,0,1,0,40,0,4,0,2,0,2,0,4,2,35.613952777777776,139.6698872222222,3,3,9999,0,9,0
1,30,331,194,2,0,1,10090,0,113,2024,8,3,22,10,22,4,51,18,43,1,1,1,1,1,9,22,0,0,18,9,30,70,1,1,1,75,25,3,61,1,0,1,0,1,0,11,0,4,0,10,0,3,0,2,0,2,0,4,2,35.6512725,139.7089125,7,3,9999,0,9,0
1,30,331,200,2,0,1,30000,0,113,2024,8,3,13,47,12,4,51,18,43,1,1,1,14,7,0,0,0,0,2,9,1,70,5,3,1,35,35,3,61,31,0,1,0,1,0,11,0,5,0,40,0,3,0,2,0,2,0,4,2,35.662433888888884,139.70031416666666,7,3,9999,0,1,0
1,30,331,202,2,0,1,2460,56,113,2024,7,5,20,43,22,4,31,19,0,1,1,1,14,7,0,0,0,0,6,9,1,70,1,2,1,35,55,43,61,41,0,31,0,0,0,0,0,10,0,10,0,4,0,0,0,0,0,4,2,35.6541075,139.69378138888888,6,3,0,0,0,0
1,30,331,204,2,0,1,30000,0,113,2024,8,1,13,8,12,4,49,18,45,1,1,1,7,7,0,0,0,0,2,9,1,70,5,3,1,35,25,52,61,41,0,0,0,0,0,0,0,0,0,10,0,3,0,0,0,0,0,4,2,35.65846083333333,139.70841916666666,5,3,0,0,0,0
1,30,331,212,2,0,1,20170,0,113,2024,8,25,22,0,22,5,8,18,18,1,1,1,1,1,9,22,0,0,18,9,30,70,1,2,1,65,55,3,61,1,0,1,0,1,0,11,0,5,0,10,0,3,0,2,0,2,0,4,2,35.65814888888889,139.70831305555555,1,3,9999,0,9,0
1,30,332,98,2,0,1,30000,0,113,2024,8,22,13,20,12,5,5,18,22,1,1,1,1,7,9,22,0,0,15,9,30,70,5,3,1,55,1,3,61,1,0,1,0,1,0,11,0,3,0,20,0,3,0,2,0,2,0,4,2,35.677251388888884,139.7076897222222,5,3,9999,0,9,0
1,30,332,102,2,0,1,30000,0,113,2024,8,26,13,35,12,5,8,18,17,1,1,1,1,7,9,22,0,0,11,9,30,70,5,3,1,65,55,3,61,1,0,1,0,1,0,11,0,10,0,10,0,3,0,2,0,2,0,4,2,35.66697166666666,139.70689027777777,2,3,9999,0,9,0
1,30,333,129,2,0,1,99000,0,113,2024,8,15,3,30,22,5,0,18,31,1,1,1,0,7,0,0,0,0,0,0,20,1,0,4,1,1,65,3,61,31,0,1,0,2,0,11,0,10,0,30,0,4,0,2,0,2,0,4,2,35.66229944444444,139.68700944444444,5,3,9999,0,4,0
1,30,333,133,2,0,1,30000,0,113,2024,5,26,23,5,22,4,29,18,48,1,1,1,14,7,0,0,0,0,1,9,1,70,5,4,1,1,55,51,61,41,0,0,0,0,0,0,0,0,0,40,0,3,0,0,0,0,0,4,2,35.67768611111111,139.6743038888889,1,3,0,0,0,0
1,30,333,135,2,0,1,30000,0,113,2024,8,24,14,30,12,5,7,18,19,1,1,1,14,7,0,0,0,0,2,9,1,70,5,3,1,25,45,3,61,1,0,1,0,1,0,11,0,10,0,40,0,3,0,2,0,2,0,4,2,35.67838833333333,139.67757638888887,7,3,9999,0,1,0
1,30,435,159,2,0,2,20290,0,104,2024,8,29,18,18,21,5,11,18,13,3,1,2,1,1,9,22,0,0,15,9,30,70,4,2,1,65,35,52,61,41,0,0,0,0,0,0,0,0,0,10,0,3,0,0,0,0,0,2,2,35.69944916666666,139.72631222222222,5,3,0,0,0,0
1,30,436,215,2,0,1,10240,0,104,2024,8,1,19,55,22,4,49,18,45,1,1,1,1,1,9,22,0,0,15,9,30,70,1,2,1,25,25,3,61,1,0,1,0,1,0,11,0,4,0,10,0,3,0,2,0,2,0,4,2,35.695809999999994,139.68858861111113,5,3,9999,0,9,0
1,30,436,216,2,0,1,90000,0,104,2024,8,8,18,20,13,4,54,18,38,1,1,1,14,7,0,0,0,0,1,9,20,70,5,4,1,25,45,14,61,31,0,11,0,1,0,11,0,10,0,30,0,3,0,2,0,2,0,4,2,35.69464027777777,139.69286194444445,5,3,9999,0,1,0
1,30,436,217,2,0,1,20300,0,104,2024,8,8,22,23,22,4,54,18,38,1,1,1,14,7,0,0,0,0,4,9,1,70,1,3,1,55,25,3,61,31,0,1,0,1,0,11,0,4,0,30,0,3,0,2,0,2,0,4,2,35.698249999999994,139.70294277777776,5,3,9999,0,1,0
1,30,436,219,2,0,1,30000,0,104,2024,7,26,1,15,22,4,44,18,50,1,1,1,7,7,0,0,0,0,2,9,1,70,5,3,1,65,1,3,61,31,0,1,0,1,0,11,0,10,0,80,0,3,0,2,0,2,0,4,2,35.69708583333333,139.7027097222222,6,3,9999,0,9,0
1,30,436,223,2,0,1,30000,0,104,2024,8,16,22,30,22,5,1,18,29,3,1,2,1,1,9,22,0,0,15,9,30,70,1,2,1,35,25,3,61,1,0,1,0,1,0,11,0,4,0,40,0,3,0,2,0,2,0,4,2,35.69475361111111,139.70688805555554,6,3,9999,0,1,0
1,30,436,224,2,0,1,30000,0,104,2024,8,22,8,7,12,5,5,18,22,2,1,1,14,7,0,0,0,0,2,9,1,70,5,4,1,1,25,3,61,1,0,1,0,1,0,11,0,2,0,40,0,3,0,2,0,2,0,4,2,35.70050638888889,139.70958277777777,5,3,9999,0,1,0
1,30,437,141,2,0,1,10280,0,104,2024,8,6,8,12,12,4,53,18,40,1,1,1,1,1,9,22,0,0,18,6,30,70,1,1,1,45,25,34,61,31,0,0,0,0,0,11,0,4,0,10,0,3,0,0,0,0,0,2,4,35.71300527777778,139.71442416666665,3,3,9999,0,1,0
1,30,439,184,2,0,1,10230,0,114,2024,8,3,22,35,22,4,51,18,43,1,1,1,14,7,0,0,0,0,2,9,1,70,5,1,1,1,65,36,61,31,0,0,0,0,0,11,0,2,0,10,0,3,0,0,0,0,0,4,2,35.68611555555555,139.66782666666666,7,3,9999,0,1,0
1,30,439,189,2,0,1,30000,0,114,2024,8,15,1,2,22,5,0,18,31,1,1,1,1,1,0,0,0,0,18,9,30,70,5,2,1,35,0,61,0,0,0,0,0,0,0,0,0,0,0,0,0,0,0,0,0,0,0,2,0,35.705266944444446,139.66556805555555,5,3,0,0,0,0
1,30,439,193,2,0,1,10240,0,114,2024,8,18,12,35,12,5,2,18,27,1,1,1,14,7,0,0,0,0,2,9,1,70,4,1,1,25,1,14,61,31,0,11,0,1,0,11,0,10,0,10,0,3,0,2,0,2,0,4,2,35.69748083333333,139.66819138888889,1,3,9999,0,2,0
1,30,439,194,2,0,1,30000,0,114,2024,8,18,16,10,12,5,2,18,27,1,1,1,14,7,0,0,0,0,2,9,1,70,5,2,1,45,55,51,61,41,0,0,0,0,0,0,0,0,0,10,0,3,0,0,0,0,0,4,2,35.68075694444444,139.66065833333334,1,3,0,0,0,0
1,30,439,202,2,0,1,10240,0,114,2024,8,29,21,25,22,5,11,18,13,3,1,2,14,7,0,0,0,0,5,9,1,70,1,1,1,25,25,51,61,41,0,0,0,0,0,0,0,0,0,10,0,3,0,0,0,0,0,4,2,35.69631416666666,139.6862988888889,5,3,0,0,0,0
1,30,440,188,2,0,1,20280,0,114,2024,8,16,2,3,22,5,1,18,29,2,1,2,1,1,9,22,0,0,15,9,30,70,4,2,1,45,65,14,61,1,0,11,0,1,0,11,0,3,0,80,0,3,0,2,0,2,0,4,2,35.708448611111116,139.66504472222223,6,3,9999,0,9,0
1,30,440,193,2,0,1,30000,0,114,2024,8,4,9,50,12,4,51,18,42,1,1,1,1,7,9,22,0,0,11,9,30,70,5,3,1,55,45,3,61,31,0,1,0,1,0,11,0,2,0,20,0,4,0,2,0,2,0,4,2,35.717867500000004,139.6394286111111,1,3,9999,0,9,0
1,30,440,200,2,0,1,20280,0,114,2024,8,30,11,30,12,5,11,18,11,3,1,2,14,7,0,0,0,0,1,9,1,70,4,2,1,35,65,51,61,41,0,0,0,0,0,0,0,0,0,10,0,4,0,0,0,0,0,4,2,35.71322222222223,139.66586527777778,6,3,0,0,0,0
1,30,441,245,2,0,1,30000,0,115,2024,8,13,11,7,12,4,58,18,33,1,1,1,14,7,0,0,0,0,2,9,1,70,4,3,1,55,75,3,61,31,0,1,0,1,0,11,0,1,0,40,0,3,0,2,0,2,0,4,2,35.690915,139.66642944444445,3,3,9999,0,9,0
1,30,441,246,2,0,1,30000,0,115,2024,2,27,19,16,22,6,15,17,34,1,1,1,14,7,0,0,0,0,4,9,1,70,1,2,1,55,55,51,61,41,0,0,0,0,0,0,0,0,0,20,0,3,0,0,0,0,0,4,2,35.70493777777778,139.65033277777778,3,3,0,0,0,0
1,30,442,203,2,0,1,30000,0,115,2024,8,1,11,52,12,4,49,18,45,1,1,1,14,7,0,0,0,0,1,9,1,70,5,3,1,45,0,61,0,0,0,0,0,0,0,0,0,0,0,0,0,0,0,0,0,0,0,2,0,35.701571944444446,139.60148805555556,5,3,0,0,0,0
1,30,442,214,2,0,1,10230,0,115,2024,8,23,23,55,22,5,6,18,21,1,1,1,14,7,0,0,0,0,4,9,1,70,4,1,1,55,75,51,61,41,0,0,0,0,0,0,0,0,0,10,0,4,0,0,0,0,0,4,2,35.683213055555555,139.6560027777778,6,3,0,0,0,0
1,30,442,216,2,0,1,200,152,115,2024,8,21,16,30,12,5,5,18,23,2,1,1,1,7,9,22,0,0,17,9,30,70,1,2,1,25,55,51,61,41,0,0,0,0,0,0,0,0,0,0,0,4,0,0,0,0,0,4,2,35.66908194444444,139.6327788888889,4,3,0,0,0,0
1,30,442,225,2,0,1,10200,0,115,2024,8,22,9,45,12,5,5,18,22,1,1,1,14,7,0,0,0,0,2,9,1,70,1,2,1,55,55,51,61,41,0,0,0,0,0,0,0,0,0,20,0,4,0,0,0,0,0,4,2,35.68352888888889,139.61577555555556,5,3,0,0,0,0
1,30,442,226,2,0,1,30000,0,115,2024,8,22,9,12,12,5,5,18,22,1,1,1,14,7,0,0,0,0,2,9,1,70,5,3,1,45,25,3,61,31,0,1,0,1,0,11,0,2,0,40,0,4,0,2,0,2,0,4,2,35.685226666666665,139.60806083333333,5,3,9999,0,9,0
1,30,443,181,2,0,1,10240,0,115,2024,8,13,9,30,12,4,58,18,33,1,1,1,14,7,0,0,0,0,5,9,1,70,5,2,1,65,45,51,61,41,0,0,0,0,0,0,0,0,0,10,0,3,0,0,0,0,0,4,2,35.70688416666667,139.6168561111111,3,3,0,0,0,0
1,30,545,99,2,0,1,30000,0,105,2024,8,9,9,45,12,4,55,18,37,1,1,1,1,7,1,21,0,0,14,9,30,70,5,1,1,55,25,3,61,31,0,1,0,1,0,11,0,2,0,80,0,4,0,2,0,2,0,4,2,35.726041111111115,139.7411611111111,6,3,9999,0,9,0
1,30,545,112,2,0,1,30000,0,105,2024,8,19,22,38,22,5,3,18,26,2,1,2,1,7,9,22,0,0,11,9,30,70,5,2,1,45,65,3,61,31,0,1,0,1,0,11,0,10,0,20,0,4,0,2,0,2,0,4,2,35.72452083333334,139.73959277777777,2,3,9999,0,9,0
1,30,545,114,2,0,1,20000,0,105,2024,8,31,3,1,22,5,12,18,10,3,1,2,14,7,0,0,0,0,4,9,1,70,4,1,1,55,1,3,61,1,0,1,0,1,0,11,0,3,0,70,0,4,0,2,0,2,0,4,2,35.722454166666665,139.73850472222222,7,3,9999,0,9,0
1,30,547,88,2,0,1,20090,0,105,2024,8,9,19,20,21,4,55,18,37,1,1,1,1,1,9,22,0,0,15,7,30,70,4,2,1,1,45,51,61,41,0,0,0,0,0,0,0,0,0,20,0,3,0,0,0,0,0,4,2,35.70176805555556,139.7622163888889,6,3,0,0,0,0
1,30,548,47,2,0,1,20370,0,105,2024,7,29,9,0,12,4,47,18,48,1,1,1,14,7,0,0,0,0,4,9,1,70,4,2,1,65,45,4,61,31,0,1,0,1,0,11,0,3,0,20,0,3,0,2,0,2,0,4,2,35.72918972222222,139.76290083333333,2,3,9999,0,9,0
1,30,549,72,2,0,1,30000,0,116,2024,8,10,9,45,12,4,56,18,36,1,1,1,14,7,0,0,0,0,2,9,1,1,5,2,1,75,0,61,0,0,0,0,0,0,0,0,0,0,0,0,0,0,0,0,0,0,0,2,0,35.73088277777778,139.72846222222222,7,2,0,0,0,0
1,30,549,73,2,0,1,30000,0,116,2024,8,10,20,0,22,4,56,18,36,1,1,1,1,1,9,22,0,0,15,9,30,70,4,2,1,1,65,51,61,41,0,0,0,0,0,0,0,0,0,10,0,3,0,0,0,0,0,4,2,35.73263111111111,139.72936666666666,7,2,0,0,0,0
1,30,549,76,2,0,1,30000,0,116,2024,8,20,7,20,12,5,4,18,24,1,1,1,1,7,9,22,0,0,11,7,30,70,5,4,1,65,55,14,61,1,0,11,0,1,0,11,0,10,0,10,0,4,0,2,0,2,0,4,2,35.73632638888889,139.7463183333333,3,3,9999,0,9,0
1,30,549,77,2,0,1,170,68,116,2024,8,26,14,35,12,5,8,18,17,1,1,1,14,7,0,0,0,0,2,9,1,70,5,2,1,35,65,59,61,0,0,0,0,0,0,0,0,0,0,10,0,3,0,0,0,0,0,4,2,35.7318525,139.74026527777775,2,3,0,0,0,0