資料区分,都道府県コード,警察署等コード,本票番号,事故内容,死者数,負傷者数,路線コード,地点コード,市区町村コード,発生日時　　年,発生日時　　月,発生日時　　日,発生日時　　時,発生日時　　分,昼夜,日の出時刻　　時,日の出時刻　　分,日の入り時刻　　時,日の入り時刻　　分,天候,地形,路面状態,道路形状,信号機,一時停止規制　標識（当事者A）,一時停止規制　表示（当事者A）,一時停止規制　標識（当事者B）,一時停止規制　表示（当事者B）,車道幅員,道路線形,衝突地点,ゾーン規制,中央分離帯施設等,歩車道区分,事故類型,年齢（当事者A）,年齢（当事者B）,当事者種別（当事者A）,当事者種別（当事者B）,用途別（当事者A）,用途別（当事者B）,車両形状等（当事者A）,車両形状等（当事者B）,オートマチック車（当事者A）,オートマチック車（当事者B）,サポカー（当事者A）,サポカー（当事者B）,速度規制（指定のみ）（当事者A）,速度規制（指定のみ）（当事者B）,車両の衝突部位（当事者A）,車両の衝突部位（当事者B）,車両の損壊程度（当事者A）,車両の損壊程度（当事者B）,エアバッグの装備（当事者A）,エアバッグの装備（当事者B）,サイドエアバッグの装備（当事者A）,サイドエアバッグの装備（当事者B）,人身損傷程度（当事者A）,人身損傷程度（当事者B）,lat,lon,曜日(発生年月日),祝日(発生年月日),認知機能検査経過日数（当事者A）,認知機能検査経過日数（当事者B）,運転練習の方法（当事者A）,運転練習の方法（当事者B）
1,30,550,114,2,0,1,30000,0,116,2024,8,9,10,20,12,4,55,18,37,1,1,1,1,7,9,22,0,0,11,9,30,70,5,2,1,55,25,3,61,31,0,1,0,1,0,11,0,10,0,20,0,4,0,2,0,2,0,4,2,35.73307611111111,139.7099811111111,6,3,9999,0,9,0
1,30,550,116,2,0,1,10090,0,116,2024,8,18,10,0,12,5,2,18,27,2,1,1,1,1,9,22,0,0,17,9,30,70,5,2,1,25,55,51,61,41,0,0,0,0,0,0,0,0,0,10,0,4,0,0,0,0,0,4,2,35.728678055555555,139.71202805555555,1,3,0,0,0,0
1,30,551,111,2,0,1,10010,0,116,2024,8,1,14,30,12,4,49,18,45,1,1,1,14,7,0,0,0,0,5,9,1,70,5,1,1,55,75,13,61,31,0,11,0,1,0,11,0,3,0,30,0,3,0,2,0,2,0,4,2,35.71781916666667,139.7160747222222,5,3,9999,0,9,0
1,30,552,101,2,0,1,30000,0,117,2024,8,1,19,40,21,4,49,18,45,1,1,1,1,7,0,0,0,0,14,9,30,70,4,1,1,75,0,61,0,0,0,0,0,0,0,0,0,0,0,0,0,0,0,0,0,0,0,2,0,35.741794166666665,139.75931055555554,5,3,0,0,0,0
1,30,552,102,2,0,1,10090,0,117,2024,8,3,18,5,13,4,51,18,43,1,1,1,7,7,0,0,0,0,5,9,1,70,4,1,1,35,45,51,61,41,0,0,0,0,0,0,0,0,0,10,0,3,0,0,0,0,0,4,2,35.74281666666667,139.76224555555555,7,3,0,0,0,0
1,30,552,111,2,0,1,10090,0,117,2024,8,15,1,23,22,5,0,18,31,1,1,1,1,1,9,22,0,0,18,9,30,70,5,2,1,35,1,3,61,31,0,1,0,2,0,11,0,4,0,10,0,3,0,2,0,2,0,4,2,35.74279083333334,139.7625177777778,5,3,9999,0,1,0
1,30,552,113,2,0,1,30000,0,117,2024,8,17,18,50,21,5,2,18,28,1,1,1,14,7,0,0,0,0,1,9,1,1,5,3,1,45,1,3,61,31,0,1,0,1,0,11,0,2,0,50,0,3,0,2,0,2,0,4,2,35.7438075,139.73776444444442,7,3,9999,0,9,0
1,30,552,114,2,0,1,20400,0,117,2024,8,19,16,0,12,5,3,18,26,1,1,1,14,7,0,0,0,0,4,9,1,70,4,1,1,45,1,51,61,41,0,0,0,0,0,0,0,0,0,10,0,3,0,0,0,0,0,4,2,35.744455555555554,139.74491333333333,2,3,0,0,0,0
1,30,553,136,2,0,1,30000,0,117,2024,8,20,8,24,12,5,4,18,24,1,1,1,7,7,0,0,0,0,2,9,1,70,5,4,1,75,0,61,0,0,0,0,0,0,0,0,0,0,0,0,0,0,0,0,0,0,0,2,0,35.75311222222222,139.74205666666666,3,3,0,0,0,0
1,30,553,138,2,0,1,30000,0,117,2024,8,9,16,53,12,4,55,18,37,1,1,1,1,7,9,22,0,0,14,9,30,70,4,1,1,65,65,14,61,31,0,11,0,1,0,11,0,3,0,10,0,3,0,2,0,2,0,4,2,35.752525,139.7251711111111,6,3,9999,0,9,0
1,30,554,80,2,0,1,10130,0,117,2024,8,19,19,55,22,5,3,18,26,3,1,2,1,1,9,22,0,0,18,9,30,70,4,1,1,45,65,13,61,31,0,11,0,1,0,11,0,2,0,10,0,3,0,2,0,2,0,4,2,35.768227777777774,139.72948861111112,2,3,9999,0,9,0
1,30,555,235,2,0,1,30000,0,119,2024,7,23,17,30,12,4,42,18,52,1,1,1,14,7,0,0,0,0,3,9,1,70,5,3,1,65,25,51,61,41,0,0,0,0,0,0,0,0,0,10,0,4,0,0,0,0,0,4,2,35.755428888888886,139.69536,3,3,0,0,0,0
1,30,555,243,2,0,1,30000,0,119,2024,8,21,14,44,12,5,5,18,23,1,1,1,14,7,0,0,0,0,2,9,1,70,5,3,1,25,75,13,61,31,0,11,0,1,0,11,0,2,0,10,0,4,0,2,0,2,0,4,2,35.75644361111111,139.6966463888889,4,3,9999,0,1,0
1,30,555,249,2,0,1,170,110,119,2024,8,7,18,10,13,4,54,18,39,2,1,2,14,7,0,0,0,0,3,9,1,70,1,2,1,45,55,51,61,41,0,0,0,0,0,0,0,0,0,10,0,4,0,0,0,0,0,4,2,35.75761,139.70722833333332,4,3,0,0,0,0
1,30,556,197,2,0,1,30000,0,119,2024,8,16,11,32,12,5,1,18,29,3,1,2,1,1,9,22,0,0,15,9,30,70,4,2,1,45,55,3,61,31,0,1,0,1,0,11,0,3,0,10,0,3,0,2,0,2,0,4,2,35.77594305555555,139.66464472222222,6,3,9999,0,9,0
1,30,556,199,2,0,1,170,119,119,2024,8,16,20,20,22,5,1,18,29,3,1,2,1,1,9,22,0,0,17,9,30,70,1,2,1,1,25,36,61,31,0,0,0,0,0,11,0,2,0,10,0,3,0,0,0,0,0,4,2,35.76452833333333,139.70420027777777,6,3,9999,0,5,0
1,30,556,202,2,0,1,30000,0,119,2024,8,26,10,58,12,5,8,18,17,1,1,1,1,1,9,22,0,0,11,9,30,70,4,1,1,45,55,3,61,31,0,1,0,1,0,1,0,3,0,10,0,4,0,2,0,2,0,4,2,35.76610222222222,139.69496222222222,2,3,9999,0,9,0
1,30,557,172,2,0,2,99000,0,120,2023,10,29,14,39,12,5,59,16,50,1,1,1,0,7,0,0,0,0,0,0,20,70,0,4,1,45,45,4,61,31,0,1,0,1,0,11,0,10,0,30,0,3,0,2,0,2,0,4,2,35.72846666666667,139.6549888888889,1,3,9999,0,1,0
1,30,557,173,2,0,1,30000,0,120,2024,6,15,7,17,12,4,25,18,59,1,1,1,14,7,0,0,0,0,2,9,1,70,5,4,1,1,25,14,61,31,0,11,0,1,0,1,0,10,0,40,0,4,0,2,0,2,0,4,2,35.73668388888889,139.65396722222224,7,3,9999,0,1,0
1,30,557,174,2,0,1,30000,0,120,2024,8,3,0,30,22,4,51,18,43,1,1,1,1,7,9,22,0,0,11,9,30,70,5,3,1,35,45,3,61,1,0,1,0,1,0,11,0,1,0,10,0,4,0,2,0,2,0,4,2,35.74307833333334,139.6784236111111,7,3,9999,0,1,0
1,30,557,175,2,0,1,30000,0,120,2024,8,3,12,15,12,4,51,18,43,1,1,1,14,7,0,0,0,0,2,9,1,70,5,3,1,1,35,3,61,31,0,1,0,1,0,11,0,5,0,40,0,3,0,2,0,2,0,4,2,35.758815,139.67361416666665,7,3,9999,0,1,0
1,30,557,178,2,0,1,20430,0,120,2024,8,13,22,3,22,4,58,18,33,1,1,1,1,7,9,22,0,0,15,9,30,70,4,2,1,65,35,3,61,1,0,1,0,1,0,11,0,3,0,10,0,3,0,2,0,2,0,4,2,35.73822416666667,139.66298,3,3,9999,0,9,0
1,30,557,179,2,0,1,30000,0,120,2024,8,14,15,25,12,4,59,18,32,2,1,2,7,7,0,0,0,0,4,9,1,70,4,1,1,75,45,3,61,31,0,1,0,1,0,11,0,2,0,40,0,3,0,2,0,2,0,4,2,35.738103611111114,139.65286111111112,4,3,266,0,1,0
1,30,557,181,2,0,1,30000,0,120,2024,8,18,23,55,22,5,2,18,27,1,1,1,1,7,9,22,0,0,11,9,30,70,5,3,1,65,55,3,61,1,0,1,0,1,0,11,0,5,0,40,0,3,0,2,0,2,0,4,2,35.73705611111111,139.67198833333333,1,3,9999,0,9,0
1,30,557,183,2,0,1,20500,0,120,2024,8,6,11,33,12,4,53,18,40,1,1,1,14,7,0,0,0,0,3,9,1,70,4,3,1,25,35,3,61,31,0,1,0,1,0,11,0,2,0,40,0,3,0,2,0,2,0,4,2,35.73383722222222,139.63886083333333,3,3,9999,0,1,0
1,30,557,188,2,0,1,20430,0,120,2024,4,2,18,15,21,5,26,18,4,1,1,1,14,7,0,0,0,0,2,9,1,70,4,2,1,65,55,51,61,41,0,0,0,0,0,0,0,0,0,10,0,3,0,0,0,0,0,4,2,35.73660861111111,139.64958583333333,3,3,0,0,0,0
1,30,558,207,2,0,1,30000,0,120,2024,8,11,14,41,12,4,57,18,35,1,1,1,14,7,0,0,0,0,6,9,1,70,5,1,1,35,55,51,61,41,0,0,0,0,0,0,0,0,0,10,0,4,0,0,0,0,0,4,2,35.74345111111111,139.60701166666666,1,1,0,0,0,0
1,30,558,208,2,0,1,30000,0,120,2024,8,14,17,45,13,4,59,18,32,1,1,1,14,7,0,0,0,0,2,9,1,70,5,4,1,75,25,3,61,31,0,1,0,1,0,11,0,2,0,20,0,4,0,2,0,2,0,4,2,35.74286194444444,139.58321805555556,4,3,516,0,9,0
1,30,558,214,2,0,1,30000,0,120,2024,7,16,13,0,12,4,37,18,57,2,1,1,14,7,0,0,0,0,2,9,1,70,5,3,1,65,65,17,61,1,0,11,0,1,0,11,0,2,0,80,0,3,0,2,0,2,0,4,2,35.751262777777775,139.5862513888889,3,3,9999,0,9,0
1,30,558,220,2,0,1,30000,0,120,2024,5,7,8,15,12,4,43,18,33,3,1,2,14,7,0,0,0,0,2,9,1,70,5,3,1,75,25,3,61,31,0,1,0,1,0,11,0,2,0,40,0,4,0,2,0,2,0,4,2,35.729396388888894,139.57493777777776,3,3,554,0,9,0
1,30,559,204,2,0,1,30000,0,119,2024,8,12,12,45,12,4,58,18,34,1,1,1,14,7,0,0,0,0,3,9,1,70,4,3,1,1,45,51,61,41,0,0,0,0,0,0,0,0,0,40,0,4,0,0,0,0,0,4,2,35.775502777777774,139.63163500000002,2,1,0,0,0,0
1,30,559,215,2,0,1,30000,0,119,2024,8,23,17,0,12,5,6,18,21,1,1,1,14,7,0,0,0,0,4,9,1,70,4,2,1,1,65,51,61,41,0,0,0,0,0,0,0,0,0,10,0,3,0,0,0,0,0,4,2,35.77022222222222,139.64832305555555,6,3,0,0,0,0
1,30,559,217,2,0,1,30000,0,119,2024,8,24,18,0,13,5,7,18,19,2,1,1,1,1,9,22,0,0,15,9,30,70,4,1,1,45,25,13,61,31,0,11,0,1,0,11,0,2,0,10,0,3,0,2,0,2,0,4,2,35.789923888888886,139.66336055555556,7,3,9999,0,1,0
1,30,559,223,2,0,1,30000,0,119,2024,8,28,18,53,21,5,10,18,14,2,1,1,14,7,0,0,0,0,6,9,1,70,1,2,1,1,25,51,61,41,0,0,0,0,0,0,0,0,0,10,0,3,0,0,0,0,0,4,2,35.792002499999995,139.64481166666667,4,3,0,0,0,0
1,30,560,195,2,0,1,99000,0,120,2024,8,18,11,20,12,5,2,18,27,1,1,1,0,7,0,0,0,0,0,0,20,1,0,4,1,55,75,3,61,31,0,1,0,1,0,11,0,10,0,30,0,3,0,2,0,2,0,4,2,35.75311472222222,139.61217861111112,1,3,9999,0,9,0
1,30,560,197,2,0,1,30000,0,120,2024,8,26,19,10,21,5,8,18,17,1,1,1,14,7,0,0,0,0,3,9,1,70,5,3,1,65,35,3,61,31,0,1,0,1,0,11,0,10,0,40,0,3,0,2,0,2,0,4,2,35.76195944444444,139.62060583333334,2,3,9999,0,9,0
1,30,560,198,2,0,1,30000,0,120,2024,8,26,7,23,12,5,8,18,17,1,1,1,1,7,1,21,0,0,14,9,30,70,4,1,1,65,35,3,61,31,0,1,0,1,0,11,0,2,0,20,0,3,0,2,0,2,0,4,2,35.73934194444445,139.61943555555555,2,3,9999,0,9,0
1,30,560,199,2,0,1,30000,0,120,2024,8,28,11,5,12,5,10,18,14,1,1,1,7,7,0,0,0,0,2,9,1,70,5,4,1,75,1,14,61,1,0,11,0,1,0,11,0,10,0,20,0,3,0,2,0,2,0,4,2,35.755542222222225,139.60947694444445,4,3,993,0,9,0
1,30,660,131,2,0,1,10290,0,106,2024,8,5,16,0,12,4,52,18,41,1,1,1,14,7,0,0,0,0,5,9,1,70,4,1,1,55,45,3,61,1,0,1,0,1,0,11,0,4,0,80,0,4,0,2,0,2,0,4,2,35.70239638888889,139.77996472222225,2,3,9999,0,9,0
1,30,660,143,2,0,1,40,0,106,2024,8,25,9,0,12,5,8,18,18,1,1,1,14,7,0,0,0,0,6,9,1,70,1,2,1,45,75,51,61,41,0,0,0,0,0,0,0,0,0,10,0,4,0,0,0,0,0,4,2,35.71281277777778,139.77837472222222,1,3,0,0,0,0
1,30,661,124,2,0,1,20560,0,106,2024,8,12,10,53,12,4,58,18,34,1,1,1,14,7,0,0,0,0,5,9,1,70,1,1,1,1,55,51,61,41,0,0,0,0,0,0,0,0,0,10,0,4,0,0,0,0,0,4,2,35.72360138888889,139.7912125,2,1,0,0,0,0
1,30,662,83,1,1,0,20530,0,106,2024,8,30,3,26,22,5,11,18,11,3,1,2,1,1,9,22,0,0,18,9,30,70,5,1,1,25,35,17,61,31,0,11,0,1,0,11,0,10,0,80,0,2,0,2,0,2,0,4,1,35.70913527777778,139.79441333333332,6,3,9999,0,1,0
1,30,662,84,2,0,1,30000,0,106,2024,7,29,17,10,12,4,47,18,48,1,1,1,1,7,9,22,0,0,14,9,30,70,4,2,1,25,35,51,61,41,0,0,0,0,0,0,0,0,0,10,0,3,0,0,0,0,0,4,2,35.72085,139.7960075,2,3,0,0,0,0
1,30,662,88,2,0,1,60,42,106,2024,7,27,17,10,12,4,45,18,50,2,1,1,14,7,0,0,0,0,5,9,1,70,5,2,1,25,35,3,61,31,0,1,0,1,0,11,0,1,0,40,0,4,0,2,0,2,0,4,2,35.71266027777778,139.79930666666667,7,3,9999,0,1,0
1,30,662,91,2,0,1,10300,0,106,2024,8,28,13,0,12,5,10,18,14,1,1,1,1,1,9,22,0,0,19,9,30,70,5,1,1,75,25,14,61,31,0,11,0,1,0,11,0,4,0,10,0,3,0,2,0,2,0,4,2,35.71731888888889,139.79288944444446,4,3,50,0,9,0
1,30,663,95,2,0,1,20390,0,106,2024,6,19,8,20,12,4,25,19,0,1,1,1,1,1,0,0,0,0,19,9,30,70,1,2,1,1,0,61,0,0,0,0,0,0,0,0,0,0,0,0,0,0,0,0,0,0,0,2,0,35.706231111111116,139.79071666666667,4,3,0,0,0,0
1,30,663,108,2,0,1,20560,0,106,2024,8,29,11,25,12,5,11,18,13,3,1,2,7,1,0,0,0,0,4,9,1,70,1,2,1,55,65,3,61,1,0,1,0,1,0,11,0,4,0,10,0,4,0,2,0,2,0,4,2,35.71268416666667,139.79215444444444,5,3,9999,0,9,0
1,30,664,51,2,0,1,30000,0,118,2024,8,9,18,32,13,4,55,18,37,1,1,1,14,7,0,0,0,0,3,9,1,70,4,3,1,45,55,14,61,1,0,11,0,1,0,11,0,2,0,20,0,4,0,2,0,2,0,4,2,35.75254638888889,139.7826213888889,6,3,9999,0,1,0
1,30,664,52,2,0,1,21060,0,118,2024,8,20,10,0,12,5,4,18,24,1,1,1,14,7,0,0,0,0,3,9,1,70,5,2,1,75,45,51,61,41,0,0,0,0,0,0,0,0,0,10,0,3,0,0,0,0,0,4,2,35.74552888888889,139.77432861111112,3,3,0,0,0,0
1,30,666,110,2,0,1,10340,0,118,2024,8,22,9,17,12,5,5,18,22,2,1,1,1,1,9,22,0,0,19,9,30,70,1,2,1,55,45,14,61,31,0,11,0,1,0,11,0,3,0,10,0,3,0,2,0,2,0,4,2,35.73672361111111,139.77627111111113,5,3,9999,0,9,0
1,30,666,114,2,0,1,30000,0,118,2024,8,28,7,58,12,5,10,18,14,1,1,1,1,7,9,22,0,0,11,9,30,70,5,3,1,35,35,17,61,31,0,11,0,1,0,11,0,1,0,10,0,3,0,2,0,2,0,4,2,35.734270555555554,139.7788027777778,4,3,9999,0,9,0
1,30,667,124,2,0,1,30000,0,121,2024,8,2,13,45,12,4,50,18,44,1,1,1,14,7,0,0,0,0,2,9,1,70,5,1,1,55,25,3,61,1,0,1,0,1,0,11,0,2,0,40,0,3,0,2,0,2,0,4,2,35.745691944444445,139.8043516666667,6,3,9999,0,9,0
1,30,667,131,2,0,1,30000,0,121,2024,8,22,12,57,12,5,5,18,22,1,1,1,7,1,0,0,0,0,3,9,1,70,4,2,1,45,75,35,61,31,0,0,0,0,0,11,0,3,0,10,0,4,0,0,0,0,0,4,2,35.750928055555555,139.79957194444444,5,3,9999,0,9,0
1,30,667,134,2,0,1,99000,0,121,2024,8,25,18,26,21,5,8,18,18,1,1,1,0,7,0,0,0,0,0,0,20,70,0,4,1,55,1,3,61,31,0,1,0,1,0,11,0,10,0,80,0,3,0,2,0,2,0,4,2,35.75407333333333,139.78869833333334,1,3,9999,0,9,0
1,30,668,388,2,0,2,95000,0,121,2024,8,5,5,30,11,4,52,18,41,1,1,1,14,7,0,0,0,0,3,9,1,70,5,4,1,35,65,51,61,41,0,0,0,0,0,0,0,0,0,10,0,3,0,0,0,0,0,2,2,35.769352777777776,139.75373333333334,2,3,0,0,0,0
1,30,668,422,2,0,1,30000,0,121,2024,8,30,10,15,12,5,11,18,11,3,1,2,14,7,0,0,0,0,3,9,1,70,5,4,1,35,75,51,61,41,0,0,0,0,0,0,0,0,0,10,0,3,0,0,0,0,0,4,2,35.77330194444444,139.76957222222222,6,3,0,0,0,0
1,30,669,306,2,0,1,30000,0,121,2024,8,3,12,56,12,4,51,18,43,1,1,1,1,7,1,21,0,0,15,9,30,70,5,2,1,55,65,3,61,31,0,1,0,1,0,11,0,5,0,50,0,4,0,2,0,2,0,4,2,35.781039166666666,139.83689583333333,7,3,9999,0,9,0
1,30,669,326,2,0,1,30000,0,121,2024,8,19,8,15,12,5,3,18,26,1,1,1,14,7,0,0,0,0,2,9,1,70,5,2,1,75,35,3,61,31,0,1,0,1,0,11,0,5,0,40,0,4,0,2,0,2,0,4,2,35.78322444444444,139.81370361111112,2,3,375,0,9,0
1,30,669,332,2,0,1,30000,0,121,2024,8,23,11,0,12,5,6,18,21,1,1,1,14,7,0,0,0,0,2,9,1,70,4,3,1,75,75,51,61,41,0,0,0,0,0,0,0,0,0,10,0,3,0,0,0,0,0,4,2,35.76687555555556,139.8093452777778,6,3,0,0,0,0
1,30,670,192,2,0,1,30000,0,121,2024,7,25,16,10,12,4,44,18,51,1,1,1,1,1,9,22,0,0,14,9,30,70,4,2,1,55,65,13,61,31,0,11,0,1,0,11,0,10,0,10,0,3,0,2,0,2,0,4,2,35.78952388888889,139.80793472222223,5,3,9999,0,1,0
1,30,670,193,2,0,1,30000,0,121,2024,8,3,17,0,12,4,51,18,43,1,1,1,14,7,0,0,0,0,4,9,1,70,1,2,1,35,55,17,61,1,0,11,0,1,0,11,0,5,0,20,0,3,0,2,0,2,0,4,2,35.79832,139.761265,7,3,9999,0,1,0
1,30,670,196,2,0,1,40,128,121,2024,8,7,20,10,22,4,54,18,39,3,1,2,1,1,9,22,0,0,19,9,30,70,1,2,1,55,35,3,61,1,0,1,0,1,0,11,0,5,0,40,0,3,0,2,0,2,0,4,2,35.7927375,139.80329833333334,4,3,9999,0,9,0
1,30,670,205,2,0,1,30000,0,121,2024,8,21,7,42,12,5,5,18,23,1,1,1,14,7,0,0,0,0,3,9,1,70,5,2,1,25,55,14,61,1,0,11,0,1,0,11,0,3,0,10,0,3,0,2,0,2,0,4,2,35.794175833333334,139.79026861111112,4,3,9999,0,1,0
1,30,670,208,2,0,1,30000,0,121,2024,7,23,19,40,21,4,42,18,52,1,1,1,14,7,0,0,0,0,2,9,1,70,5,3,1,75,55,3,61,31,0,1,0,1,0,11,0,2,0,20,0,4,0,2,0,2,0,4,2,35.792569444444446,139.790205,3,3,790,0,9,0
1,30,670,223,2,0,1,30000,0,121,2024,8,30,9,5,12,5,11,18,11,3,1,2,1,1,9,22,0,0,11,9,30,70,5,2,1,45,35,3,61,31,0,1,0,1,0,11,0,3,0,20,0,3,0,2,0,2,0,4,2,35.79469388888889,139.7824377777778,6,3,9999,0,1,0
1,30,771,358,2,0,1,30000,0,108,2024,7,23,6,45,12,4,42,18,52,1,1,1,14,7,0,0,0,0,3,9,1,70,5,2,1,45,0,61,0,0,0,0,0,0,0,0,0,0,0,0,0,0,0,0,0,0,0,2,0,35.66746666666666,139.79683166666666,3,3,0,0,0,0
1,30,771,375,2,0,1,10370,0,108,2024,8,8,18,2,13,4,54,18,38,1,1,1,12,7,0,0,0,0,6,7,1,70,1,1,1,1,35,51,61,41,0,0,0,0,0,0,0,0,0,20,0,4,0,0,0,0,0,4,2,35.66900694444444,139.80542305555556,5,3,0,0,0,0
1,30,771,383,2,0,1,30000,0,108,2024,8,21,5,54,11,5,5,18,23,1,1,1,1,7,9,22,0,0,14,9,30,70,1,2,1,25,25,4,61,31,0,1,0,1,0,11,0,3,0,10,0,3,0,2,0,2,0,4,2,35.66327277777778,139.80984472222224,4,3,9999,0,9,0
1,30,771,392,2,0,1,30000,0,108,2024,8,26,17,4,12,5,8,18,17,1,1,1,7,7,0,0,0,0,2,9,1,1,5,2,1,55,1,14,61,31,0,11,0,1,0,11,0,2,0,20,0,4,0,2,0,2,0,4,2,35.68135861111111,139.80718305555556,2,3,9999,0,9,0
1,30,771,400,2,0,1,30000,0,108,2024,8,25,12,20,12,5,8,18,18,1,1,1,14,7,0,0,0,0,6,9,1,70,1,1,1,1,45,51,61,41,0,0,0,0,0,0,0,0,0,10,0,3,0,0,0,0,0,4,2,35.65409722222222,139.7961586111111,1,3,0,0,0,0
1,30,771,401,2,0,1,30000,0,108,2024,8,27,13,37,12,5,9,18,15,2,1,1,14,7,0,0,0,0,3,9,1,70,5,3,1,25,45,3,61,31,0,1,0,1,0,11,0,2,0,30,0,4,0,2,0,2,0,4,2,35.67035666666666,139.79574027777778,3,3,9999,0,1,0
1,30,771,403,2,0,1,30000,0,108,2024,8,29,14,50,12,5,11,18,13,2,1,2,14,7,0,0,0,0,4,9,1,70,4,2,1,65,65,3,61,1,0,1,0,1,0,11,0,1,0,10,0,3,0,2,0,2,0,4,2,35.68244361111111,139.81140194444447,5,3,9999,0,9,0
1,30,771,407,2,0,1,30000,0,108,2024,8,29,21,0,22,5,11,18,13,3,1,1,14,7,0,0,0,0,4,9,1,70,1,2,1,45,55,51,61,41,0,0,0,0,0,0,0,0,0,20,0,3,0,0,0,0,0,4,2,35.654046944444445,139.79610083333333,5,3,0,0,0,0
1,30,772,258,1,1,0,20660,0,108,2024,8,17,21,10,22,5,2,18,28,1,1,1,1,7,9,22,0,0,15,9,30,70,4,2,1,25,65,3,61,31,0,1,0,1,0,11,0,3,0,10,0,3,0,2,0,2,0,4,1,35.680862777777776,139.8442627777778,7,3,9999,0,1,0
1,30,773,207,2,0,2,20530,0,107,2024,8,17,13,45,12,5,2,18,28,1,1,1,1,1,9,22,0,0,19,9,30,70,5,1,1,65,35,4,61,31,0,1,0,1,0,11,0,4,0,40,0,3,0,2,0,2,0,4,2,35.709052222222226,139.81381611111112,7,3,9999,0,9,0
1,30,773,210,2,0,1,10290,0,107,2024,8,23,9,45,12,5,6,18,21,1,1,1,1,1,9,22,0,0,18,9,30,70,5,2,1,55,65,3,61,31,0,1,0,1,0,11,0,4,0,10,0,3,0,2,0,2,0,4,2,35.70057305555556,139.80369972222223,6,3,9999,0,9,0
1,30,773,217,2,0,1,30000,0,107,2024,8,29,13,22,12,5,11,18,13,2,1,1,14,7,0,0,0,0,4,9,1,70,4,2,1,1,45,51,61,41,0,0,0,0,0,0,0,0,0,10,0,3,0,0,0,0,0,4,2,35.71539888888889,139.8107213888889,5,3,0,0,0,0
1,30,774,164,2,0,1,30000,0,107,2024,8,20,17,15,12,5,4,18,24,1,1,1,14,7,0,0,0,0,1,9,1,70,4,3,1,55,25,3,61,31,0,1,0,1,0,11,0,2,0,40,0,4,0,2,0,2,0,4,2,35.7299725,139.82355083333334,3,3,9999,0,1,0
1,30,775,192,2,0,1,30000,0,122,2024,8,8,15,50,12,4,54,18,38,1,1,1,14,7,0,0,0,0,3,8,1,70,5,2,1,45,45,14,61,1,0,11,0,1,0,11,0,10,0,30,0,4,0,2,0,2,0,4,2,35.765635833333334,139.8494575,5,3,9999,0,1,0
1,30,775,208,2,0,1,30000,0,122,2024,8,28,6,30,12,5,10,18,14,1,1,1,1,7,9,22,0,0,14,9,30,70,4,2,1,25,55,51,61,41,0,0,0,0,0,0,0,0,0,10,0,3,0,0,0,0,0,4,2,35.76884416666667,139.84519722222223,4,3,0,0,0,0
1,30,776,223,2,0,1,30000,0,122,2024,8,2,8,0,12,4,50,18,44,1,1,1,1,7,9,22,0,0,18,9,30,70,4,2,1,55,75,35,61,31,0,0,0,0,0,11,0,1,0,10,0,3,0,0,0,0,0,4,2,35.719124722222226,139.86078,6,3,9999,0,9,0
1,30,776,225,2,0,1,10400,0,122,2024,8,3,21,40,22,4,51,18,43,1,1,1,1,1,9,22,0,0,15,9,30,70,4,1,1,35,1,51,61,41,0,0,0,0,0,0,0,0,0,10,0,3,0,0,0,0,0,4,2,35.715919722222225,139.86052527777778,7,3,0,0,0,0
1,30,776,230,2,0,1,30000,0,122,2024,8,7,14,10,12,4,54,18,39,1,1,1,13,7,0,0,0,0,2,5,1,70,5,4,1,25,75,51,61,41,0,0,0,0,0,0,0,0,0,10,0,4,0,0,0,0,0,4,2,35.72602888888889,139.85918527777778,4,3,0,0,0,0
1,30,776,231,2,0,1,30000,0,122,2024,8,8,18,13,13,4,54,18,38,1,1,1,1,7,9,22,0,0,14,9,30,70,4,2,1,35,55,3,61,31,0,1,0,1,0,11,0,3,0,10,0,3,0,2,0,2,0,4,2,35.72363166666667,139.8480863888889,5,3,9999,0,1,0
1,30,776,241,2,0,1,60,82,122,2024,8,21,8,40,12,5,5,18,23,1,1,1,12,7,0,0,0,0,1,9,1,70,5,1,1,35,55,51,61,41,0,0,0,0,0,0,0,0,0,40,0,3,0,0,0,0,0,4,2,35.73357277777778,139.83135527777776,4,3,0,0,0,0
1,30,777,447,2,0,1,30000,0,123,2024,8,5,8,50,12,4,52,18,41,1,1,1,1,1,9,22,0,0,15,9,30,70,5,2,1,45,1,3,61,31,0,1,0,1,0,11,0,2,0,80,0,3,0,2,0,2,0,4,2,35.687461111111105,139.87720027777777,2,3,9999,0,9,0
1,30,777,453,2,0,1,30000,0,123,2024,8,9,10,20,12,4,55,18,37,1,1,1,14,7,0,0,0,0,3,9,1,70,5,3,1,25,45,14,61,1,0,11,0,1,0,11,0,10,0,20,0,3,0,2,0,2,0,4,2,35.69246638888889,139.90240305555557,6,3,9999,0,1,0
1,30,777,462,2,0,1,30000,0,123,2024,7,22,18,0,13,4,42,18,53,1,1,1,1,7,9,22,0,0,11,9,30,70,5,3,1,55,65,3,61,31,0,1,0,1,0,11,0,1,0,10,0,3,0,2,0,2,0,4,2,35.703114444444445,139.8431586111111,2,3,9999,0,9,0
1,30,777,465,2,0,1,10380,0,123,2024,8,15,10,43,12,5,0,18,31,1,1,1,1,1,9,22,0,0,15,9,30,70,4,2,1,25,75,12,61,1,0,11,0,1,0,11,0,2,0,15,0,3,0,2,0,2,0,4,2,35.70354027777778,139.89719027777778,5,3,9999,0,5,0