資料区分,都道府県コード,警察署等コード,本票番号,事故内容,死者数,負傷者数,路線コード,地点コード,市区町村コード,発生日時　　年,発生日時　　月,発生日時　　日,発生日時　　時,発生日時　　分,昼夜,日の出時刻　　時,日の出時刻　　分,日の入り時刻　　時,日の入り時刻　　分,天候,地形,路面状態,道路形状,信号機,一時停止規制　標識（当事者A）,一時停止規制　表示（当事者A）,一時停止規制　標識（当事者B）,一時停止規制　表示（当事者B）,車道幅員,道路線形,衝突地点,ゾーン規制,中央分離帯施設等,歩車道区分,事故類型,年齢（当事者A）,年齢（当事者B）,当事者種別（当事者A）,当事者種別（当事者B）,用途別（当事者A）,用途別（当事者B）,車両形状等（当事者A）,車両形状等（当事者B）,オートマチック車（当事者A）,オートマチック車（当事者B）,サポカー（当事者A）,サポカー（当事者B）,速度規制（指定のみ）（当事者A）,速度規制（指定のみ）（当事者B）,車両の衝突部位（当事者A）,車両の衝突部位（当事者B）,車両の損壊程度（当事者A）,車両の損壊程度（当事者B）,エアバッグの装備（当事者A）,エアバッグの装備（当事者B）,サイドエアバッグの装備（当事者A）,サイドエアバッグの装備（当事者B）,人身損傷程度（当事者A）,人身損傷程度（当事者B）,lat,lon,曜日(発生年月日),祝日(発生年月日),認知機能検査経過日数（当事者A）,認知機能検査経過日数（当事者B）,運転練習の方法（当事者A）,運転練習の方法（当事者B）
1,30,777,476,2,0,1,10390,0,123,2024,8,23,8,25,12,5,6,18,21,1,1,1,14,7,0,0,0,0,3,9,1,70,4,2,1,25,65,51,61,41,0,0,0,0,0,0,0,0,0,10,0,3,0,0,0,0,0,4,2,35.70041583333334,139.86795166666667,6,3,0,0,0,0
1,30,777,483,2,0,1,30000,0,123,2024,8,25,17,47,13,5,8,18,18,1,1,1,7,7,0,0,0,0,4,9,1,70,5,2,1,1,1,51,61,41,0,0,0,0,0,0,0,0,0,10,0,4,0,0,0,0,0,4,2,35.70702416666667,139.84216694444444,1,3,0,0,0,0
1,30,777,485,2,0,1,30000,0,123,2024,8,26,11,20,12,5,8,18,17,1,1,1,1,7,4,21,0,0,15,9,30,70,5,2,1,55,75,17,61,1,0,11,0,1,0,11,0,1,0,10,0,4,0,2,0,2,0,4,2,35.704980000000006,139.86435972222222,2,3,9999,0,9,0
1,30,777,492,2,0,1,99000,0,123,2024,8,12,20,5,22,4,58,18,34,1,1,1,0,7,0,0,0,0,0,0,20,70,0,4,1,25,35,51,61,41,0,0,0,0,0,0,0,0,0,20,0,4,0,0,0,0,0,4,2,35.687244166666666,139.85035444444443,2,1,0,0,0,0
1,30,777,493,2,0,1,30000,0,123,2024,8,28,19,22,22,5,10,18,14,1,1,1,14,7,0,0,0,0,3,9,1,70,5,1,1,45,35,51,61,41,0,0,0,0,0,0,0,0,0,10,0,3,0,0,0,0,0,4,2,35.69701111111111,139.9157025,4,3,0,0,0,0
1,30,777,496,2,0,1,30000,0,123,2024,8,26,13,55,12,5,8,18,17,1,1,1,7,1,0,0,0,0,1,9,1,70,5,4,1,1,1,14,61,31,0,11,0,1,0,11,0,2,0,80,0,3,0,2,0,2,0,4,2,35.69156944444444,139.86317194444445,2,3,9999,0,1,0
1,30,778,179,2,0,1,20000,0,123,2024,8,20,19,15,21,5,4,18,24,2,1,1,7,7,0,0,0,0,1,9,1,70,4,1,1,25,1,3,61,31,0,1,0,1,0,11,0,2,0,10,0,3,0,2,0,2,0,4,2,35.73769444444444,139.8926647222222,3,3,0,0,0,0
1,30,778,183,2,0,1,30000,0,123,2024,8,24,22,20,22,5,7,18,19,2,1,1,14,7,0,0,0,0,1,9,1,70,5,3,1,45,25,4,61,1,0,1,0,1,0,11,0,5,0,40,0,3,0,2,0,2,0,4,2,35.73377611111111,139.8805863888889,7,3,9999,0,1,0
1,30,779,163,1,1,0,30000,0,123,2024,8,7,5,15,11,4,54,18,39,1,1,1,12,7,0,0,0,0,5,9,1,70,1,1,1,45,1,35,61,31,0,0,0,0,0,11,0,4,0,10,0,3,0,0,0,0,0,4,1,35.65345083333333,139.86353527777777,4,3,9999,0,9,0
1,30,779,167,2,0,1,30000,0,123,2024,8,12,18,55,21,4,58,18,34,1,1,1,1,1,9,22,0,0,18,9,30,70,4,1,1,45,55,12,61,31,0,11,0,2,0,11,0,3,0,10,0,3,0,2,0,2,0,4,2,35.67111416666666,139.85720999999998,2,1,9999,0,9,0
1,30,876,251,2,0,1,30000,0,201,2024,8,6,14,55,12,4,53,18,40,1,1,1,1,1,9,22,0,0,15,9,30,70,4,2,1,45,1,3,61,31,0,1,0,1,0,11,0,3,0,10,0,3,0,2,0,2,0,4,2,35.60529805555556,139.3806925,3,3,9999,0,1,0
1,30,876,258,2,0,1,30000,0,201,2024,8,21,20,0,22,5,5,18,23,1,1,1,1,1,9,22,0,0,18,9,30,70,1,2,1,35,45,3,61,31,0,1,0,1,0,11,0,3,0,10,0,3,0,2,0,2,0,4,2,35.641420277777776,139.3189075,4,3,9999,0,1,0
1,30,876,259,2,0,1,30000,0,201,2024,8,22,18,33,21,5,5,18,22,1,1,1,1,1,9,22,0,0,11,5,30,70,5,2,1,45,1,3,61,31,0,1,0,1,0,11,0,1,0,80,0,4,0,2,0,2,0,4,2,35.642873333333334,139.366705,5,3,9999,0,5,0
1,30,876,261,2,0,1,30000,0,201,2024,8,25,11,18,12,5,8,18,18,1,1,1,1,7,9,22,0,0,14,8,30,70,4,2,1,55,75,3,61,31,0,1,0,1,0,11,0,3,0,80,0,3,0,2,0,2,0,4,2,35.641325,139.33174888888888,1,3,9999,0,1,0
1,30,877,257,2,0,1,10490,0,201,2024,4,20,18,43,21,5,2,18,19,1,2,1,14,7,0,0,0,0,4,9,1,70,4,2,1,75,75,3,61,31,0,1,0,1,0,11,0,3,0,10,0,3,0,2,0,2,0,4,2,35.637877777777774,139.28740472222222,7,3,600,0,9,0
1,30,877,260,2,0,1,30000,0,201,2024,7,20,14,25,12,4,40,18,54,1,2,1,1,7,9,22,0,0,11,9,30,70,5,4,1,65,1,31,61,31,0,0,0,0,0,11,0,2,0,40,0,3,0,0,0,0,0,4,2,35.68338027777777,139.267865,7,3,9999,0,9,0
1,30,877,282,2,0,1,20730,0,201,2024,8,16,17,44,13,5,1,18,29,3,1,2,14,7,0,0,0,0,1,9,1,70,5,4,1,35,0,61,0,0,0,0,0,0,0,0,0,0,0,0,0,0,0,0,0,0,0,2,0,35.679475,139.28971666666666,6,3,0,0,0,0
1,30,877,288,2,0,1,99000,0,201,2024,8,6,6,33,12,4,53,18,40,2,2,1,0,7,0,0,0,0,0,0,20,70,0,4,1,45,75,14,61,31,0,11,0,1,0,11,0,10,0,30,0,3,0,2,0,2,0,4,2,35.67513222222222,139.2675575,3,3,9999,0,5,0
1,30,877,290,2,0,1,99000,0,201,2024,8,23,12,53,12,5,6,18,21,1,1,1,0,7,0,0,0,0,0,0,20,70,0,4,1,1,75,4,61,31,0,1,0,1,0,11,0,10,0,30,0,3,0,2,0,2,0,4,2,35.673541388888886,139.28740472222222,6,3,9999,0,1,0
1,30,877,297,2,0,1,30000,0,201,2024,8,29,18,15,21,5,11,18,13,3,1,2,14,7,0,0,0,0,2,9,1,70,4,2,1,35,55,3,61,31,0,1,0,1,0,11,0,2,0,10,0,3,0,2,0,2,0,4,2,35.66610277777777,139.30418583333335,5,3,9999,0,1,0
1,30,878,283,2,0,1,30000,0,224,2024,8,2,21,0,22,4,50,18,44,1,2,1,14,7,0,0,0,0,3,7,1,70,5,3,1,65,1,4,61,31,0,1,0,1,0,11,0,2,0,10,0,3,0,2,0,2,0,4,2,35.627119444444446,139.4331711111111,6,3,9999,0,9,0
1,30,878,286,2,0,1,95000,0,224,2024,8,4,12,25,12,4,51,18,42,1,2,1,0,7,0,0,0,0,0,0,20,70,0,4,1,1,1,51,61,41,0,0,0,0,0,0,0,0,0,10,0,3,0,0,0,0,0,4,2,35.62105583333334,139.4238725,1,3,0,0,0,0
1,30,878,293,2,0,1,30000,0,224,2024,8,11,11,20,12,4,57,18,35,1,2,1,14,7,0,0,0,0,3,9,1,70,4,2,1,45,55,3,61,31,0,1,0,1,0,11,0,3,0,10,0,3,0,2,0,2,0,4,2,35.60669305555556,139.43289444444443,1,1,9999,0,5,0
1,30,878,298,2,0,1,30000,0,224,2024,8,18,9,53,12,5,2,18,27,1,2,1,1,7,1,21,0,0,18,9,30,70,1,2,1,35,1,4,61,31,0,1,0,1,0,11,0,2,0,10,0,3,0,2,0,2,0,4,2,35.644240555555555,139.43391444444444,1,3,9999,0,5,0
1,30,878,310,2,0,1,10570,0,224,2024,8,26,9,40,12,5,8,18,17,1,1,1,1,1,9,22,0,0,18,9,30,70,5,2,1,75,25,3,61,31,0,1,0,1,0,11,0,4,0,10,0,3,0,2,0,2,0,4,2,35.611091944444446,139.44313944444445,2,3,460,0,9,0
1,30,879,289,2,0,1,10240,0,220,2024,8,11,10,55,12,4,57,18,35,1,2,1,1,1,9,22,0,0,15,9,30,70,5,2,1,65,45,3,61,31,0,1,0,1,0,11,0,3,0,10,0,3,0,2,0,2,0,4,2,35.75271638888889,139.42650555555554,1,1,9999,0,9,0
1,30,880,178,2,0,1,30000,0,205,2024,8,21,17,10,12,5,5,18,23,1,2,1,1,7,1,21,0,0,14,9,30,70,5,4,1,1,45,4,61,31,0,1,0,1,0,11,0,3,0,10,0,3,0,2,0,2,0,4,2,35.78482722222222,139.31741333333332,4,3,9999,0,1,0
1,30,882,224,1,1,0,160,569,303,2024,8,18,2,52,22,5,2,18,27,1,3,1,1,1,9,22,0,0,18,9,30,70,5,2,1,25,65,11,61,1,0,11,0,2,0,11,0,10,0,80,0,4,0,2,0,2,0,4,1,35.78435527777778,139.34820944444445,1,3,9999,0,1,0
1,30,882,225,2,0,1,30000,0,303,2024,8,1,17,45,13,4,49,18,45,1,2,1,1,7,9,22,0,0,15,9,30,70,5,2,1,35,75,3,61,31,0,1,0,1,0,11,0,2,0,10,0,3,0,2,0,2,0,4,2,35.773942222222225,139.33287666666666,5,3,9999,0,1,0
1,30,882,228,2,0,1,30000,0,218,2024,7,26,20,35,22,4,44,18,50,3,3,2,14,7,0,0,0,0,3,9,1,70,5,3,1,45,35,36,61,31,0,0,0,0,0,11,0,2,0,10,0,4,0,0,0,0,0,4,2,35.719162222222224,139.33730722222222,6,3,9999,0,1,0
1,30,882,233,2,0,1,30000,0,228,2024,7,4,23,5,22,4,30,19,1,2,2,1,14,7,0,0,0,0,3,7,1,70,5,3,1,25,65,51,61,41,0,0,0,0,0,0,0,0,0,10,0,3,0,0,0,0,0,4,2,35.72640833333333,139.30254916666667,5,3,0,0,0,0
1,30,882,235,2,0,1,30000,0,227,2024,8,7,19,25,21,4,54,18,39,3,1,2,1,7,1,21,0,0,15,9,30,70,1,2,1,45,45,36,61,31,0,0,0,0,0,11,0,2,0,10,0,3,0,0,0,0,0,4,2,35.77684277777778,139.30685444444447,4,3,9999,0,1,0
1,30,882,236,2,0,1,99000,0,303,2024,8,15,10,15,12,5,0,18,31,2,1,1,0,7,0,0,0,0,0,0,20,70,0,4,1,75,55,4,61,31,0,1,0,1,0,11,0,10,0,10,0,3,0,2,0,2,0,4,2,35.76080888888889,139.358,5,3,939,0,9,0
1,30,882,237,2,0,1,10240,0,303,2024,8,11,16,37,12,4,57,18,35,1,2,1,1,7,8,22,0,0,14,9,30,70,5,3,1,55,1,4,61,31,0,1,0,1,0,11,0,2,0,10,0,4,0,2,0,2,0,4,2,35.77133972222222,139.35147777777777,1,1,9999,0,9,0
1,30,882,245,2,0,1,99000,0,228,2024,7,31,17,26,12,4,48,18,46,3,1,2,0,7,0,0,0,0,0,0,20,70,0,4,1,25,1,3,61,31,0,1,0,2,0,11,0,1,0,10,0,3,0,2,0,2,0,4,2,35.7242525,139.3186175,4,3,9999,0,1,0
1,30,882,249,2,0,1,10250,0,227,2024,8,30,14,38,12,5,11,18,11,3,2,2,1,1,9,22,0,0,14,9,30,70,5,2,1,35,55,3,61,31,0,1,0,1,0,11,0,2,0,10,0,3,0,2,0,2,0,4,2,35.77471638888889,139.30017944444447,6,3,9999,0,9,0
1,30,883,313,2,0,1,200,460,201,2024,8,1,15,20,12,4,49,18,45,1,1,1,1,1,9,22,0,0,18,9,30,70,4,2,1,35,75,14,61,1,0,11,0,1,0,11,0,4,0,0,0,4,0,2,0,2,0,4,2,35.660583055555556,139.325445,5,3,9999,0,1,0
1,30,883,322,2,0,1,200,448,201,2024,7,18,6,10,12,4,39,18,56,2,2,1,1,7,1,21,0,0,14,9,30,70,4,1,1,75,35,3,61,31,0,1,0,1,0,11,0,10,0,10,0,3,0,2,0,2,0,4,2,35.65966777777778,139.33894361111112,5,3,337,0,9,0
1,30,883,323,2,0,1,30000,0,201,2024,8,11,12,45,12,4,57,18,35,1,2,1,1,7,9,22,0,0,14,9,30,70,4,2,1,45,1,4,61,31,0,1,0,1,0,11,0,3,0,40,0,3,0,2,0,2,0,4,2,35.683175,139.3318402777778,1,1,9999,0,1,0
1,30,883,338,2,0,1,30000,0,201,2024,8,24,12,25,12,5,7,18,19,1,1,1,13,7,0,0,0,0,2,6,1,70,5,3,1,65,1,3,61,31,0,1,0,1,0,11,0,1,0,10,0,3,0,2,0,2,0,4,2,35.64854611111111,139.32655333333332,7,3,9999,0,9,0
1,30,883,341,2,0,1,99000,0,201,2024,8,26,17,5,12,5,8,18,17,1,2,1,0,7,0,0,0,0,0,0,20,70,0,4,1,65,65,3,61,31,0,1,0,1,0,11,0,10,0,30,0,3,0,2,0,2,0,4,2,35.66504583333333,139.34797555555556,2,3,9999,0,9,0
1,30,883,342,2,0,1,30000,0,201,2024,8,24,20,5,22,5,7,18,19,3,2,2,14,7,0,0,0,0,2,9,1,70,5,4,1,1,1,51,61,41,0,0,0,0,0,0,0,0,0,40,0,3,0,0,0,0,0,4,2,35.68783749999999,139.307345,7,3,0,0,0,0
1,30,883,343,2,0,1,30000,0,201,2024,8,27,8,35,12,5,9,18,15,1,2,1,14,7,0,0,0,0,1,9,1,70,5,3,1,45,1,3,61,31,0,1,0,1,0,11,0,3,0,10,0,4,0,2,0,2,0,4,2,35.65782222222222,139.33419722222223,3,3,9999,0,1,0
1,30,884,484,2,0,1,30000,0,209,2024,8,1,21,5,22,4,49,18,45,1,1,1,1,1,9,22,0,0,15,9,30,70,4,2,1,25,65,3,61,31,0,1,0,1,0,11,0,2,0,50,0,3,0,2,0,2,0,4,2,35.59285722222222,139.4681011111111,5,3,9999,0,1,0
1,30,884,490,2,0,1,30000,0,209,2024,8,4,19,40,21,4,51,18,42,1,1,1,1,7,9,22,0,0,11,9,30,70,5,2,1,45,75,3,61,31,0,1,0,1,0,11,0,10,0,10,0,3,0,2,0,2,0,4,2,35.55358333333333,139.463565,1,3,9999,0,5,0
1,30,884,495,2,0,1,30000,0,209,2024,8,5,8,40,12,4,52,18,41,1,1,1,14,7,0,0,0,0,2,9,1,70,5,2,1,45,55,51,61,41,0,0,0,0,0,0,0,0,0,10,0,3,0,0,0,0,0,4,2,35.544847222222224,139.4455311111111,2,3,0,0,0,0
1,30,884,496,2,0,1,10490,0,209,2024,8,5,14,0,12,4,52,18,41,2,1,1,1,1,9,22,0,0,15,9,30,70,4,2,1,45,35,3,61,31,0,1,0,1,0,11,0,3,0,10,0,3,0,2,0,2,0,4,2,35.5341775,139.45932166666665,2,3,9999,0,9,0
1,30,884,498,2,0,1,10490,0,209,2024,8,6,22,50,22,4,53,18,40,1,1,1,1,1,9,22,0,0,15,9,30,70,4,2,1,75,1,3,61,31,0,1,0,1,0,11,0,3,0,50,0,3,0,2,0,2,0,4,2,35.53837083333333,139.45391999999998,3,3,140,0,9,0
1,30,884,499,2,0,1,30000,0,209,2024,8,5,19,20,21,4,52,18,41,2,1,1,14,7,0,0,0,0,3,9,1,70,1,2,1,45,45,3,61,31,0,1,0,1,0,11,0,5,0,30,0,4,0,2,0,2,0,4,2,35.58399444444445,139.48265166666667,2,3,9999,0,9,0
1,30,884,508,2,0,1,30000,0,209,2024,8,11,18,55,21,4,57,18,35,1,1,1,14,7,0,0,0,0,2,9,1,70,5,3,1,1,35,51,61,41,0,0,0,0,0,0,0,0,0,10,0,3,0,0,0,0,0,4,2,35.54899694444444,139.44145666666668,1,1,0,0,0,0
1,30,884,509,2,0,1,30000,0,209,2024,8,11,20,50,22,4,57,18,35,1,1,1,14,7,0,0,0,0,1,9,1,70,5,3,1,35,25,3,61,31,0,1,0,1,0,11,0,2,0,10,0,3,0,2,0,2,0,4,2,35.54567888888889,139.44676166666667,1,1,9999,0,5,0
1,30,884,511,2,0,1,30000,0,209,2024,8,12,15,13,12,4,58,18,34,1,1,1,1,1,9,22,0,0,14,8,30,70,5,1,1,55,75,3,61,31,0,1,0,1,0,11,0,3,0,10,0,4,0,2,0,2,0,4,2,35.57552305555556,139.45517444444442,2,1,9999,0,9,0
1,30,884,513,2,0,1,30000,0,209,2024,8,14,13,41,12,4,59,18,32,1,1,1,14,7,0,0,0,0,4,9,1,70,5,2,1,1,65,51,61,41,0,0,0,0,0,0,0,0,0,10,0,3,0,0,0,0,0,4,2,35.55858611111111,139.46116527777778,4,3,0,0,0,0
1,30,884,536,2,0,1,30000,0,209,2024,8,28,9,5,12,5,10,18,14,1,1,1,14,7,0,0,0,0,3,9,1,70,4,2,1,45,1,3,61,31,0,1,0,1,0,11,0,1,0,50,0,3,0,2,0,2,0,4,2,35.575697222222225,139.43349333333333,4,3,9999,0,1,0
1,30,884,545,2,0,1,30000,0,209,2024,8,29,20,5,22,5,11,18,13,3,1,2,14,7,0,0,0,0,4,9,1,70,4,2,1,55,45,4,61,31,0,1,0,1,0,11,0,3,0,10,0,3,0,2,0,2,0,4,2,35.54387527777778,139.47375222222223,5,3,9999,0,9,0
1,30,885,187,2,0,1,20890,0,212,2024,8,11,16,20,12,4,57,18,35,1,1,1,1,1,9,22,0,0,14,9,30,70,4,1,1,55,35,3,61,31,0,1,0,1,0,11,0,4,0,40,0,3,0,2,0,2,0,4,2,35.677405,139.4045727777778,1,1,9999,0,9,0
1,30,885,188,2,0,1,20890,0,212,2024,8,12,8,15,12,4,58,18,34,1,1,1,1,1,9,22,0,0,19,9,30,70,4,1,1,1,75,51,61,41,0,0,0,0,0,0,0,0,0,10,0,3,0,0,0,0,0,4,2,35.68011583333333,139.4104002777778,2,1,0,0,0,0
1,30,886,234,2,0,1,30000,0,207,2024,8,20,17,0,12,5,4,18,24,1,2,1,14,7,0,0,0,0,3,9,1,70,4,1,1,45,75,51,61,41,0,0,0,0,0,0,0,0,0,10,0,3,0,0,0,0,0,4,2,35.720192222222224,139.383535,3,3,0,0,0,0
1,30,886,245,2,0,1,30000,0,207,2024,8,31,16,35,12,5,12,18,10,3,1,2,1,7,1,21,0,0,11,9,30,70,4,3,1,1,45,4,61,31,0,1,0,1,0,11,0,10,0,10,0,3,0,2,0,2,0,4,2,35.714059444444445,139.37325916666668,7,3,9999,0,1,0
1,30,887,418,2,0,1,30000,0,202,2024,8,5,20,15,22,4,52,18,41,2,1,1,14,7,0,0,0,0,3,9,1,70,4,3,1,25,1,3,61,31,0,1,0,1,0,11,0,2,0,80,0,4,0,2,0,2,0,4,2,35.694734999999994,139.41302055555556,2,3,9999,0,1,0
1,30,887,434,2,0,1,30000,0,202,2024,8,15,18,25,13,5,0,18,31,1,1,1,1,1,9,22,0,0,18,9,30,70,4,2,1,65,75,4,61,31,0,1,0,1,0,11,0,3,0,50,0,3,0,2,0,2,0,4,2,35.72063361111111,139.4228488888889,5,3,9999,0,9,0
1,30,888,177,2,0,1,95000,0,206,2024,8,2,7,48,12,4,50,18,44,1,1,1,0,7,0,0,0,0,0,0,20,70,0,4,1,35,75,3,61,31,0,1,0,1,0,11,0,10,0,30,0,4,0,2,0,2,0,4,2,35.686408611111105,139.4941386111111,6,3,9999,0,1,0
1,30,889,199,2,0,1,30000,0,214,2024,8,8,10,49,12,4,54,18,38,1,1,1,1,1,9,22,0,0,15,9,30,70,5,2,1,45,1,3,61,31,0,1,0,1,0,11,0,3,0,10,0,3,0,2,0,2,0,4,2,35.7008425,139.44648916666668,5,3,9999,0,4,0
1,30,889,203,2,0,1,30000,0,210,2024,7,30,14,0,12,4,47,18,47,3,1,1,1,7,9,22,0,0,14,9,30,70,5,3,1,25,55,14,61,31,0,11,0,1,0,11,0,5,0,10,0,3,0,2,0,2,0,4,2,35.70189555555556,139.53208583333335,3,3,9999,0,1,0
1,30,889,204,2,0,1,30000,0,210,2024,8,21,21,35,22,5,5,18,23,1,1,1,1,3,9,22,0,0,15,9,30,70,4,2,1,35,65,3,61,31,0,1,0,1,0,11,0,3,0,10,0,3,0,2,0,2,0,4,2,35.70485888888889,139.5253625,4,3,9999,0,1,0
1,30,890,281,2,0,1,10240,0,229,2024,8,27,23,43,22,5,9,18,15,3,1,2,1,1,9,22,0,0,15,9,30,70,4,1,1,45,45,2,61,1,0,1,0,1,0,11,0,3,0,50,0,3,0,2,0,2,0,4,2,35.73005611111111,139.53087611111113,3,3,9999,0,5,0
1,30,891,324,2,0,1,30000,0,221,2024,7,31,11,30,12,4,48,18,46,1,1,1,14,7,0,0,0,0,1,9,1,70,5,4,1,1,75,14,61,31,0,11,0,1,0,11,0,2,0,0,0,4,0,2,0,2,0,4,2,35.772219444444445,139.5181675,4,3,9999,0,1,0
1,30,891,338,2,0,1,30000,0,213,2024,8,21,12,35,12,5,5,18,23,1,1,1,1,7,9,22,0,0,11,9,30,70,5,2,1,35,75,3,61,31,0,1,0,1,0,11,0,2,0,10,0,3,0,2,0,2,0,4,2,35.75749527777778,139.4688072222222,4,3,9999,0,1,0
1,30,891,342,2,0,1,30000,0,213,2024,8,22,20,28,22,5,5,18,22,2,1,1,7,7,0,0,0,0,2,9,1,70,4,1,1,65,55,3,61,31,0,1,0,1,0,11,0,3,0,40,0,3,0,2,0,2,0,4,2,35.75403611111111,139.45378555555556,5,3,9999,0,9,0
1,30,891,344,2,0,1,20000,0,221,2024,8,25,16,22,12,5,8,18,18,1,1,1,1,1,9,22,0,0,18,9,30,70,5,2,1,75,75,3,61,31,0,1,0,1,0,11,0,3,0,20,0,3,0,2,0,2,0,4,2,35.77579055555555,139.52616083333334,1,3,934,0,9,0
1,30,891,353,2,0,1,30000,0,213,2024,8,30,8,10,12,5,11,18,11,3,1,2,1,1,9,22,0,0,15,9,30,70,4,2,1,65,1,4,61,31,0,1,0,1,0,11,0,2,0,20,0,4,0,2,0,2,0,4,2,35.74293472222222,139.47552583333334,6,3,9999,0,9,0
1,30,892,224,2,0,1,30000,0,203,2024,6,24,14,30,12,4,26,19,1,1,1,1,14,7,0,0,0,0,2,9,1,70,5,4,1,25,25,51,61,41,0,0,0,0,0,0,0,0,0,20,0,3,0,0,0,0,0,4,2,35.70243472222222,139.5823211111111,2,3,0,0,0,0
1,30,892,238,2,0,1,30000,0,203,2024,7,29,19,30,21,4,47,18,48,1,1,1,14,7,0,0,0,0,2,9,1,70,5,3,1,55,45,14,61,1,0,11,0,1,0,11,0,2,0,40,0,3,0,2,0,2,0,4,2,35.69623444444444,139.5490497222222,2,3,9999,0,9,0
1,30,892,242,2,0,1,30000,0,203,2024,8,16,10,43,12,5,1,18,29,3,1,1,14,7,0,0,0,0,2,9,1,70,5,2,1,1,55,51,61,41,0,0,0,0,0,0,0,0,0,10,0,3,0,0,0,0,0,4,2,35.701774722222225,139.54419416666667,6,3,0,0,0,0
1,30,892,252,2,0,1,10260,0,203,2024,8,24,6,35,12,5,7,18,19,1,1,1,14,7,0,0,0,0,4,9,1,70,4,2,1,25,1,51,61,41,0,0,0,0,0,0,0,0,0,10,0,3,0,0,0,0,0,2,4,35.70570222222222,139.58291805555555,7,3,0,0,0,0
1,30,893,161,2,0,1,30000,0,204,2024,8,4,11,33,12,4,51,18,42,1,1,1,1,7,9,22,0,0,14,9,30,70,4,2,1,75,35,3,61,31,0,1,0,1,0,11,0,2,0,40,0,3,0,2,0,2,0,4,2,35.70123138888889,139.560415,1,3,1034,0,9,0
1,30,893,163,2,0,1,10750,0,204,2024,8,5,10,40,12,4,52,18,41,1,1,1,14,7,0,0,0,0,4,9,1,70,1,2,1,35,55,14,61,1,0,11,0,1,0,11,0,4,0,10,0,3,0,2,0,2,0,4,2,35.68122916666666,139.56387972222223,2,3,9999,0,1,0
1,30,893,166,2,0,1,30000,0,204,2024,8,10,10,20,12,4,56,18,36,1,1,1,14,7,0,0,0,0,1,9,1,70,4,2,1,45,65,3,61,31,0,1,0,1,0,11,0,2,0,10,0,3,0,2,0,2,0,4,2,35.69252694444444,139.58878750000002,7,2,9999,0,1,0
1,30,893,178,2,0,1,30000,0,204,2024,8,2,19,0,21,4,50,18,44,1,1,1,14,7,0,0,0,0,1,9,1,1,5,4,1,1,55,14,61,1,0,11,0,1,0,11,0,2,0,20,0,3,0,2,0,2,0,4,2,35.68801416666666,139.56774055555556,6,3,9999,0,1,0
1,30,894,364,2,0,1,30000,0,208,2024,6,11,13,40,12,4,25,18,57,1,1,1,1,1,9,22,0,0,15,9,30,70,4,1,1,45,1,17,61,1,0,11,0,1,0,11,0,2,0,40,0,3,0,2,0,2,0,4,2,35.65446,139.55198111111113,3,3,9999,0,9,0
1,30,894,385,2,0,1,99000,0,208,2024,6,30,21,0,22,4,28,19,1,2,1,2,0,7,0,0,0,0,0,0,20,70,0,4,1,45,35,3,61,31,0,1,0,1,0,11,0,10,0,10,0,4,0,2,0,2,0,4,2,35.66909277777778,139.53104333333334,1,3,9999,0,1,0
1,30,894,386,2,0,1,10620,0,219,2024,8,19,18,35,21,5,3,18,26,3,1,2,1,1,9,22,0,0,14,9,30,70,5,2,1,25,75,51,61,41,0,0,0,0,0,0,0,0,0,40,0,4,0,0,0,0,0,4,2,35.64203916666666,139.56861666666666,2,3,0,0,0,0
1,30,894,392,2,0,1,30000,0,208,2024,8,22,10,0,12,5,5,18,22,3,1,2,14,7,0,0,0,0,3,9,1,70,4,2,1,55,35,3,61,31,0,1,0,1,0,11,0,3,0,10,0,3,0,2,0,2,0,4,2,35.652097777777776,139.5425038888889,5,3,9999,0,9,0
1,30,894,393,2,0,1,30840,0,208,2024,8,24,15,50,12,5,7,18,19,2,1,1,1,1,9,22,0,0,14,9,30,70,4,2,1,75,75,3,61,31,0,1,0,1,0,11,0,3,0,10,0,3,0,2,0,2,0,4,2,35.65847472222222,139.52280972222223,7,3,1037,0,9,0
1,30,894,403,2,0,1,30000,0,208,2024,7,11,16,5,12,4,34,18,59,1,1,1,1,1,9,22,0,0,15,9,30,70,4,2,1,65,1,3,61,31,0,1,0,1,0,11,0,3,0,10,0,3,0,2,0,2,0,4,2,35.65953388888889,139.5856688888889,5,3,9999,0,9,0
1,30,895,95,2,0,1,30000,0,211,2024,7,20,9,35,12,4,40,18,54,1,1,1,14,7,0,0,0,0,2,9,1,70,5,4,1,35,0,61,0,0,0,0,0,0,0,0,0,0,0,0,0,0,0,0,0,0,0,2,0,35.73645055555556,139.48699027777778,7,3,0,0,0,0
1,30,69,386,2,0,1,50050,0,111,2024,9,4,18,47,21,5,15,18,4,1,1,1,0,7,0,0,0,0,0,0,20,70,0,4,1,25,45,13,61,31,0,11,0,1,0,11,0,10,0,20,0,3,0,2,0,2,0,4,2,35.58607027777778,139.74249194444442,4,3,9999,0,1,0
1,30,100,126,2,0,1,30000,0,101,2024,9,7,6,50,12,5,18,18,0,1,1,1,1,7,1,21,0,0,15,9,30,70,5,2,1,55,65,3,61,31,0,1,0,1,0,11,0,2,0,10,0,3,0,2,0,2,0,4,2,35.67400583333333,139.73946249999997,7,3,9999,0,9,0
1,30,100,128,2,0,1,30000,0,101,2024,9,17,21,15,22,5,25,17,45,1,1,1,1,7,9,22,0,0,11,9,30,1,4,2,1,35,25,14,61,1,0,11,0,1,0,11,0,2,0,10,0,4,0,2,0,2,0,4,2,35.69184,139.74245916666666,3,3,9999,0,1,0