資料区分,都道府県コード,警察署等コード,本票番号,事故内容,死者数,負傷者数,路線コード,地点コード,市区町村コード,発生日時　　年,発生日時　　月,発生日時　　日,発生日時　　時,発生日時　　分,昼夜,日の出時刻　　時,日の出時刻　　分,日の入り時刻　　時,日の入り時刻　　分,天候,地形,路面状態,道路形状,信号機,一時停止規制　標識（当事者A）,一時停止規制　表示（当事者A）,一時停止規制　標識（当事者B）,一時停止規制　表示（当事者B）,車道幅員,道路線形,衝突地点,ゾーン規制,中央分離帯施設等,歩車道区分,事故類型,年齢（当事者A）,年齢（当事者B）,当事者種別（当事者A）,当事者種別（当事者B）,用途別（当事者A）,用途別（当事者B）,車両形状等（当事者A）,車両形状等（当事者B）,オートマチック車（当事者A）,オートマチック車（当事者B）,サポカー（当事者A）,サポカー（当事者B）,速度規制（指定のみ）（当事者A）,速度規制（指定のみ）（当事者B）,車両の衝突部位（当事者A）,車両の衝突部位（当事者B）,車両の損壊程度（当事者A）,車両の損壊程度（当事者B）,エアバッグの装備（当事者A）,エアバッグの装備（当事者B）,サイドエアバッグの装備（当事者A）,サイドエアバッグの装備（当事者B）,人身損傷程度（当事者A）,人身損傷程度（当事者B）,lat,lon,曜日(発生年月日),祝日(発生年月日),認知機能検査経過日数（当事者A）,認知機能検査経過日数（当事者B）,運転練習の方法（当事者A）,運転練習の方法（当事者B）
1,30,100,131,2,0,1,30000,0,101,2024,9,25,8,39,12,5,31,17,34,1,1,1,1,7,9,22,0,0,11,8,30,1,4,2,1,25,65,52,61,41,0,0,0,0,0,0,0,0,0,10,0,4,0,0,0,0,0,4,2,35.700271111111114,139.7442386111111,4,3,0,0,0,0
1,30,101,96,2,0,1,20020,0,101,2024,9,7,0,41,22,5,18,18,0,1,1,1,1,1,9,22,0,0,19,9,30,70,1,2,1,75,45,3,61,1,0,1,0,1,0,11,0,10,0,10,0,3,0,2,0,2,0,4,2,35.67765305555555,139.76479055555555,7,3,1060,0,9,0
1,30,101,100,2,0,1,20020,0,101,2024,9,13,19,50,22,5,22,17,51,1,1,1,1,1,9,22,0,0,19,9,30,70,1,2,1,65,45,3,61,1,0,1,0,1,0,11,0,5,0,40,0,4,0,2,0,2,0,4,2,35.677815555555554,139.765035,6,3,9999,0,9,0
1,30,101,101,2,0,1,30000,0,101,2024,8,22,21,4,22,5,5,18,22,1,1,1,1,7,9,22,0,0,14,9,30,70,5,2,1,1,55,43,61,41,0,31,0,0,0,0,0,10,0,10,0,3,0,0,0,0,0,4,2,35.67980333333333,139.76162027777778,5,3,0,0,0,0
1,30,102,97,2,0,1,30000,0,101,2024,9,25,13,58,12,5,31,17,34,3,1,2,14,7,0,0,0,0,2,9,1,70,4,2,1,55,25,3,61,31,0,1,0,1,0,11,0,3,0,10,0,3,0,2,0,2,0,4,2,35.69515611111111,139.7612875,4,3,9999,0,9,0
1,30,102,101,2,0,1,99000,0,101,2024,8,16,7,29,12,5,1,18,29,3,1,2,0,7,0,0,0,0,0,0,20,70,0,4,1,55,25,3,61,31,0,1,0,1,0,11,0,10,0,20,0,3,0,2,0,2,0,4,2,35.698215,139.75270416666666,6,3,9999,0,9,0
1,30,103,83,2,0,1,30000,0,101,2024,9,13,14,55,12,5,22,17,51,1,1,1,14,7,0,0,0,0,2,9,1,70,5,3,1,35,45,17,61,31,0,11,0,1,0,11,0,10,0,10,0,3,0,2,0,2,0,4,2,35.69289638888888,139.77068000000003,6,3,9999,0,1,0
1,30,103,84,2,0,1,30000,0,101,2024,9,15,21,55,22,5,24,17,48,3,1,2,1,1,9,22,0,0,15,9,30,70,1,1,1,55,45,36,61,31,0,0,0,0,0,11,0,10,0,40,0,4,0,0,0,0,0,4,2,35.69764833333333,139.77385361111112,1,2,9999,0,9,0
1,30,103,85,2,0,1,20540,0,101,2024,9,19,12,13,12,5,27,17,42,1,1,1,1,1,9,22,0,0,19,9,30,70,4,2,1,55,35,51,61,41,0,0,0,0,0,0,0,0,0,10,0,3,0,0,0,0,0,2,4,35.697469444444444,139.78003416666667,5,3,0,0,0,0
1,30,103,91,2,0,1,30000,0,101,2024,9,27,17,4,13,5,33,17,31,3,1,2,1,1,9,22,0,0,15,9,30,70,4,2,1,35,35,3,61,31,0,1,0,1,0,11,0,3,0,30,0,4,0,2,0,2,0,4,2,35.69960555555555,139.77295361111112,6,3,9999,0,5,0
1,30,104,172,2,0,1,10030,0,102,2024,9,14,5,12,23,5,23,17,50,1,1,1,1,1,9,22,0,0,19,9,30,70,5,2,1,75,1,3,61,31,0,1,0,1,0,11,0,10,0,14,0,3,0,2,0,2,0,4,2,35.689274999999995,139.77565305555558,7,3,640,0,9,0
1,30,104,180,2,0,1,20090,0,102,2024,9,27,4,50,23,5,33,17,31,3,1,2,14,7,0,0,0,0,6,9,1,70,1,2,1,65,25,12,61,31,0,11,0,1,0,11,0,4,0,40,0,4,0,2,0,2,0,4,2,35.68289166666666,139.77083972222223,6,3,9999,0,9,0
1,30,105,72,1,1,0,30000,0,102,2024,9,13,13,30,12,5,22,17,51,1,1,1,7,7,0,0,0,0,2,9,1,70,5,3,1,45,55,13,61,31,0,11,0,1,0,11,0,2,0,10,0,3,0,2,0,2,0,4,1,35.69166388888888,139.78551444444443,6,3,9999,0,1,0
1,30,105,75,2,0,1,140,22,102,2024,9,9,21,45,22,5,19,17,57,3,1,2,1,1,9,22,0,0,17,9,30,70,1,2,1,45,25,3,61,1,0,1,0,1,0,11,0,3,0,10,0,3,0,2,0,2,0,4,2,35.69432083333333,139.78767444444443,2,3,9999,0,4,0
1,30,106,117,2,0,1,30000,0,102,2024,9,6,0,45,22,5,17,18,1,1,1,1,1,7,1,21,0,0,11,9,30,70,5,2,1,55,25,3,61,1,0,1,0,1,0,11,0,3,0,10,0,3,0,2,0,2,0,4,2,35.67531333333333,139.7674063888889,6,3,9999,0,9,0
1,30,106,119,2,0,1,30000,0,102,2024,8,30,22,27,22,5,11,18,11,2,1,1,7,7,0,0,0,0,4,9,1,70,5,2,1,55,35,3,61,31,0,1,0,1,0,11,0,2,0,30,0,3,0,2,0,2,0,4,2,35.669129444444444,139.761335,6,3,9999,0,9,0
1,30,106,121,2,0,1,30000,0,102,2024,9,19,18,5,21,5,27,17,42,2,1,1,7,7,0,0,0,0,3,9,1,1,4,1,1,65,75,36,61,31,0,0,0,0,0,11,0,10,0,10,0,3,0,0,0,0,0,4,2,35.668706944444445,139.77133750000002,5,3,9999,0,9,0
1,30,106,122,2,0,1,30000,0,102,2024,9,27,6,18,11,5,33,17,31,3,1,2,14,7,0,0,0,0,3,9,1,70,5,3,1,55,25,12,61,31,0,11,0,2,0,11,0,2,0,10,0,4,0,2,0,2,0,4,2,35.668123333333334,139.76041583333333,6,3,9999,0,9,0
1,30,107,118,2,0,1,20680,0,102,2024,9,20,19,0,22,5,27,17,41,1,1,1,1,1,9,22,0,0,18,9,30,70,1,1,1,35,65,13,61,31,0,11,0,1,0,11,0,4,0,10,0,3,0,2,0,2,0,4,2,35.66558944444444,139.78613638888888,6,3,9999,0,1,0
1,30,107,119,2,0,1,10020,0,102,2024,9,22,7,11,12,5,29,17,38,1,1,1,1,1,9,22,0,0,18,9,30,70,1,2,1,45,35,3,61,31,0,1,0,1,0,11,0,1,0,10,0,3,0,2,0,2,0,4,2,35.65289388888889,139.77811694444446,1,2,9999,0,9,0
1,30,108,169,2,0,1,10070,0,103,2024,9,19,12,57,12,5,27,17,42,1,1,1,14,7,0,0,0,0,5,9,1,70,1,2,1,45,75,13,61,31,0,11,0,1,0,11,0,5,0,30,0,3,0,2,0,2,0,4,2,35.65769722222222,139.75912222222223,5,3,9999,0,9,0
1,30,108,172,2,0,1,20000,0,103,2024,9,14,11,55,12,5,23,17,50,1,1,1,1,1,9,22,0,0,18,9,30,70,5,2,1,35,45,51,61,41,0,0,0,0,0,0,0,0,0,10,0,3,0,0,0,0,0,4,2,35.65593972222222,139.76003166666666,7,3,0,0,0,0
1,30,109,141,2,0,1,30000,0,103,2024,9,23,16,8,12,5,30,17,37,1,1,1,1,1,9,22,0,0,15,9,30,70,4,2,1,25,75,43,61,41,0,31,0,0,0,0,0,10,0,10,0,3,0,0,0,0,0,4,2,35.64287638888889,139.74557388888888,2,1,0,0,0,0
1,30,109,142,2,0,1,30000,0,103,2024,7,30,17,41,12,4,47,18,47,2,1,1,14,7,0,0,0,0,2,9,1,70,5,3,1,45,25,3,61,1,0,1,0,1,0,11,0,5,0,40,0,4,0,2,0,2,0,4,2,35.64687416666666,139.74648305555553,3,3,9999,0,5,0
1,30,110,96,2,0,1,30000,0,103,2024,8,28,21,53,22,5,10,18,14,1,1,1,14,7,0,0,0,0,3,9,1,70,5,2,1,45,45,51,61,41,0,0,0,0,0,0,0,0,0,10,0,4,0,0,0,0,0,4,2,35.6257925,139.73964666666666,4,3,0,0,0,0
1,30,110,102,2,0,1,30000,0,103,2024,8,7,20,5,22,4,54,18,39,3,1,2,1,7,1,21,0,0,14,9,30,70,5,3,1,55,55,3,61,1,0,1,0,1,0,11,0,10,0,50,0,3,0,2,0,2,0,4,2,35.64145527777778,139.71957583333332,4,3,9999,0,9,0
1,30,111,207,2,0,1,20170,0,103,2024,6,18,2,38,22,4,25,18,59,3,1,2,7,1,0,0,0,0,6,9,1,70,1,2,1,1,0,61,0,0,0,0,0,0,0,0,0,0,0,0,0,0,0,0,0,0,0,2,0,35.663293055555556,139.7327236111111,3,3,0,0,0,0
1,30,111,209,2,0,1,10,57,103,2024,9,2,17,17,13,5,14,18,7,1,1,1,14,7,0,0,0,0,3,9,1,70,4,2,1,65,1,3,61,31,0,1,0,1,0,11,0,3,0,50,0,4,0,2,0,2,0,4,2,35.65732555555555,139.74370138888887,2,3,9999,0,9,0
1,30,111,214,2,0,1,30000,0,103,2024,9,6,11,10,12,5,17,18,1,1,1,1,1,7,1,21,0,0,15,9,30,70,4,2,1,65,45,3,61,31,0,1,0,1,0,11,0,2,0,10,0,4,0,2,0,2,0,4,2,35.66343305555555,139.74019805555554,6,3,9999,0,9,0
1,30,111,216,2,0,1,30000,0,103,2024,9,7,19,22,22,5,18,18,0,1,1,1,1,7,9,22,0,0,15,9,30,70,4,2,1,1,25,14,61,1,0,11,0,1,0,11,0,10,0,10,0,3,0,2,0,2,0,4,2,35.66354583333333,139.73966555555555,7,3,9999,0,1,0
1,30,111,220,2,0,1,20170,0,103,2024,9,11,18,50,21,5,21,17,54,1,1,1,1,7,1,21,0,0,17,9,30,70,1,1,1,45,1,3,61,1,0,1,0,1,0,11,0,5,0,10,0,3,0,2,0,2,0,4,2,35.659821944444445,139.72289555555557,4,3,9999,0,1,0
1,30,112,153,2,0,1,20120,0,103,2024,9,7,10,40,12,5,18,18,0,1,1,1,1,1,9,22,0,0,15,9,30,70,1,1,1,1,35,51,61,41,0,0,0,0,0,0,0,0,0,10,0,4,0,0,0,0,0,4,2,35.66777333333333,139.7181113888889,7,3,0,0,0,0
1,30,112,164,2,0,1,10120,0,103,2024,9,26,18,5,21,5,32,17,32,1,1,1,1,7,9,22,0,0,17,9,30,70,4,2,1,55,45,35,61,31,0,0,0,0,0,11,0,5,0,40,0,3,0,0,0,0,0,4,2,35.67032694444444,139.7267136111111,5,3,9999,0,9,0
1,30,112,170,2,0,1,2460,38,103,2024,9,14,21,20,22,5,23,17,50,1,1,1,1,8,9,22,0,0,19,9,30,70,1,1,1,65,25,3,61,1,0,1,0,1,0,11,0,5,0,0,0,4,0,2,0,2,0,4,4,35.66332444444444,139.71073194444443,7,3,9999,0,9,0
1,30,113,177,2,0,1,21180,0,108,2024,9,13,14,30,12,5,22,17,51,1,1,1,1,1,9,22,0,0,19,9,30,70,1,2,1,45,1,13,61,31,0,11,0,1,0,11,0,5,0,40,0,3,0,2,0,2,0,4,2,35.639475555555556,139.78958694444444,6,3,9999,0,1,0
1,30,113,194,2,0,1,85000,0,108,2024,9,27,7,58,12,5,33,17,31,3,1,1,14,7,0,0,0,0,5,9,1,70,1,2,1,35,55,3,61,31,0,1,0,1,0,11,0,5,0,20,0,3,0,2,0,2,0,4,2,35.6304775,139.7959075,6,3,9999,0,1,0
1,30,215,92,2,0,1,30000,0,109,2024,9,7,11,30,12,5,18,18,0,1,1,1,14,7,0,0,0,0,1,9,1,1,5,4,1,1,65,51,61,41,0,0,0,0,0,0,0,0,0,10,0,3,0,0,0,0,0,4,2,35.61449638888889,139.74710666666667,7,3,0,0,0,0
1,30,215,100,2,0,1,30000,0,109,2024,9,25,22,30,22,5,31,17,34,3,1,2,14,7,0,0,0,0,4,9,1,1,5,2,1,45,55,14,61,31,0,11,0,1,0,11,0,2,0,80,0,3,0,2,0,2,0,4,2,35.60827027777778,139.74580972222222,4,3,9999,0,9,0
1,30,216,153,2,0,1,30000,0,109,2024,9,1,20,0,22,5,13,18,8,3,1,2,1,7,9,22,0,0,11,9,30,70,4,3,1,65,1,3,61,31,0,1,0,1,0,11,0,2,0,10,0,3,0,2,0,2,0,4,2,35.59763277777778,139.7229377777778,1,3,9999,0,9,0
1,30,216,154,2,0,1,30000,0,109,2024,9,2,8,5,12,5,14,18,7,1,1,1,14,7,0,0,0,0,2,9,1,70,5,4,1,55,35,52,61,41,0,0,0,0,0,0,0,0,0,20,0,3,0,0,0,0,0,2,4,35.60426666666667,139.7353436111111,2,3,0,0,0,0
1,30,216,155,2,0,1,95000,0,109,2024,9,5,8,30,12,5,16,18,3,1,1,1,0,7,0,0,0,0,0,0,20,70,0,4,1,1,75,51,61,41,0,0,0,0,0,0,0,0,0,10,0,4,0,0,0,0,0,4,2,35.60397916666667,139.75150861111112,5,3,0,0,0,0
1,30,216,165,2,0,2,30000,0,109,2024,9,13,10,10,12,5,22,17,51,1,1,1,7,7,0,0,0,0,3,9,1,70,4,1,1,65,65,51,61,41,0,0,0,0,0,0,0,0,0,10,0,3,0,0,0,0,0,2,2,35.605919166666666,139.73291694444444,6,3,0,0,0,0
1,30,216,168,2,0,1,99000,0,109,2024,9,19,0,35,22,5,27,17,42,2,1,1,0,7,0,0,0,0,0,0,20,70,0,3,1,45,35,13,61,31,0,11,0,1,0,11,0,2,0,80,0,4,0,2,0,2,0,4,2,35.591008611111114,139.73007944444444,5,3,9999,0,1,0
1,30,216,172,2,0,1,99000,0,109,2024,9,20,12,25,12,5,27,17,41,1,1,1,0,7,0,0,0,0,0,0,20,70,0,4,1,45,75,3,61,31,0,1,0,1,0,11,0,10,0,30,0,4,0,2,0,2,0,4,2,35.60317638888889,139.73990055555555,6,3,9999,0,9,0
1,30,216,181,2,0,1,30000,0,109,2024,9,30,17,30,21,5,35,17,26,2,1,1,7,1,0,0,0,0,2,9,1,70,5,3,1,65,1,3,61,31,0,1,0,1,0,11,0,2,0,10,0,3,0,2,0,2,0,4,2,35.59521166666667,139.7345286111111,2,3,9999,0,9,0
1,30,217,163,2,0,1,30000,0,109,2024,9,5,16,30,12,5,16,18,3,1,1,1,14,7,0,0,0,0,2,9,1,70,5,2,1,65,1,3,61,31,0,1,0,1,0,11,0,2,0,10,0,3,0,2,0,2,0,4,2,35.629201944444446,139.72537,5,3,9999,0,4,0
1,30,217,165,2,0,1,20130,0,109,2024,2,27,13,49,12,6,15,17,34,1,1,1,14,7,0,0,0,0,5,9,1,70,2,1,1,55,35,4,61,1,0,1,0,1,0,11,0,4,0,50,0,3,0,2,0,2,0,4,2,35.622391111111114,139.71779333333333,3,3,9999,0,9,0
1,30,217,170,2,0,1,10000,0,109,2024,4,27,6,14,12,4,53,18,24,3,1,2,1,1,0,0,0,0,18,9,30,70,5,2,1,25,0,61,0,0,0,0,0,0,0,0,0,0,0,0,0,0,0,0,0,0,0,2,0,35.626145,139.72309305555555,7,3,0,0,0,0
1,30,217,184,2,0,1,30000,0,109,2024,5,31,22,50,22,4,27,18,51,2,1,1,1,7,9,22,0,0,15,9,30,70,5,2,1,45,35,3,61,31,0,1,0,1,0,11,0,2,0,20,0,3,0,2,0,2,0,4,2,35.62988361111111,139.71743833333335,6,3,9999,0,1,0
1,30,218,178,2,0,1,10170,0,109,2024,4,3,9,35,12,5,25,18,4,3,1,1,14,7,0,0,0,0,1,9,1,70,5,2,1,1,55,43,61,41,0,31,0,0,0,0,0,10,0,10,0,3,0,0,0,0,0,4,2,35.61689111111111,139.71138194444444,4,3,0,0,0,0
1,30,218,181,2,0,1,10170,0,109,2024,9,18,13,55,12,5,26,17,44,1,1,1,1,1,9,22,0,0,15,7,30,70,5,2,1,55,75,11,61,31,0,11,0,1,0,11,0,4,0,40,0,3,0,2,0,2,0,4,2,35.61560722222222,139.70891166666667,4,3,9999,0,9,0
1,30,218,186,2,0,1,30000,0,109,2024,9,26,10,23,12,5,32,17,32,1,1,1,14,7,0,0,0,0,1,7,1,70,5,3,1,65,25,3,61,1,0,1,0,1,0,11,0,5,0,80,0,4,0,2,0,2,0,4,2,35.60552805555556,139.70377888888888,5,3,9999,0,9,0
1,30,219,263,2,0,1,30700,0,111,2024,9,12,18,50,21,5,21,17,53,1,1,1,14,7,0,0,0,0,5,9,1,70,4,2,1,55,75,51,61,41,0,0,0,0,0,0,0,0,0,10,0,4,0,0,0,0,0,4,2,35.580016944444445,139.72817722222223,5,3,0,0,0,0
1,30,219,279,2,0,1,30000,0,111,2024,9,30,10,59,12,5,35,17,26,2,1,1,14,7,0,0,0,0,2,9,1,70,5,4,1,25,0,61,0,0,0,0,0,0,0,0,0,0,0,0,0,0,0,0,0,0,0,2,0,35.573705000000004,139.7359561111111,2,3,0,0,0,0
1,30,220,185,2,0,1,10200,0,111,2024,9,1,21,20,22,5,13,18,8,3,1,2,1,1,9,22,0,0,18,9,30,70,6,2,1,45,55,14,61,31,0,11,0,1,0,11,0,10,0,10,0,3,0,2,0,2,0,4,2,35.58315805555556,139.68143972222222,1,3,9999,0,1,0
1,30,220,192,2,0,1,30000,0,111,2024,9,15,20,20,22,5,24,17,48,1,1,1,14,7,0,0,0,0,2,9,1,70,5,3,1,45,1,51,61,41,0,0,0,0,0,0,0,0,0,10,0,3,0,0,0,0,0,4,2,35.57451527777778,139.68014194444444,1,2,0,0,0,0
1,30,220,193,2,0,1,30000,0,111,2024,9,16,6,35,12,5,24,17,47,1,1,1,1,7,1,21,0,0,15,9,30,70,5,3,1,1,35,4,61,31,0,1,0,1,0,11,0,10,0,10,0,4,0,2,0,2,0,4,2,35.599585000000005,139.698265,2,1,9999,0,1,0
1,30,221,215,1,1,0,30000,0,111,2024,9,8,23,15,22,5,18,17,58,1,1,1,7,7,0,0,0,0,3,9,1,70,5,3,1,25,35,3,61,1,0,1,0,1,0,11,0,2,0,50,0,4,0,2,0,2,0,4,1,35.56012027777778,139.7396997222222,1,3,9999,0,1,0
1,30,221,217,2,0,1,30000,0,111,2024,9,2,11,31,12,5,14,18,7,1,1,1,1,1,9,22,0,0,15,9,30,70,4,3,1,45,25,13,61,31,0,11,0,1,0,11,0,2,0,20,0,3,0,2,0,2,0,4,2,35.56059777777777,139.7210327777778,2,3,9999,0,5,0
1,30,221,226,2,0,1,30000,0,111,2024,9,14,22,47,22,5,23,17,50,1,1,1,14,7,0,0,0,0,3,9,1,70,5,3,1,1,25,35,61,31,0,0,0,0,0,11,0,2,0,20,0,3,0,0,0,0,0,4,2,35.55948972222222,139.73780694444443,7,3,9999,0,1,0
1,30,221,239,2,0,1,30000,0,111,2024,9,28,22,37,22,5,33,17,29,1,1,1,1,7,9,22,0,0,14,9,30,70,5,2,1,75,35,3,61,1,0,1,0,1,0,1,0,2,0,30,0,4,0,2,0,2,0,4,2,35.56385805555555,139.7133275,7,3,9999,0,9,0
1,30,221,240,2,0,1,30000,0,111,2024,9,17,9,14,12,5,25,17,45,1,1,1,14,7,0,0,0,0,2,9,1,70,5,4,1,55,25,36,61,31,0,0,0,0,0,11,0,2,0,10,0,4,0,0,0,0,0,4,2,35.563608888888886,139.71629444444443,3,3,9999,0,9,0
1,30,222,265,2,0,1,20180,0,111,2024,9,5,20,10,22,5,16,18,3,1,1,1,1,1,9,22,0,0,15,9,30,70,5,2,1,35,55,3,61,31,0,1,0,1,0,11,0,3,0,40,0,3,0,2,0,2,0,4,2,35.577042222222225,139.71520999999998,5,3,9999,0,4,0
1,30,222,266,2,0,1,30000,0,111,2024,9,6,16,15,12,5,17,18,1,1,1,1,1,7,9,22,0,0,11,9,30,70,5,3,1,35,55,51,61,41,0,0,0,0,0,0,0,0,0,10,0,4,0,0,0,0,0,4,2,35.56545388888889,139.68782361111113,6,3,0,0,0,0
1,30,222,269,2,0,1,30000,0,111,2024,9,8,21,38,22,5,18,17,58,1,1,1,1,7,1,21,0,0,14,8,30,70,5,3,1,25,55,3,61,31,0,1,0,1,0,11,0,2,0,20,0,3,0,2,0,2,0,4,2,35.589058333333334,139.70335999999998,1,3,9999,0,5,0
1,30,222,273,2,0,2,30000,0,111,2024,9,10,18,44,21,5,20,17,56,1,1,1,1,1,9,22,0,0,15,9,30,70,4,2,1,1,35,34,61,31,0,0,0,0,0,11,0,10,0,10,0,3,0,0,0,0,0,2,2,35.57061,139.6808961111111,3,3,9999,0,1,0
1,30,222,278,2,0,1,30000,0,111,2024,9,13,18,17,21,5,22,17,51,1,1,1,1,7,9,22,0,0,11,9,30,70,5,3,1,65,75,3,61,31,0,1,0,1,0,11,0,2,0,10,0,3,0,2,0,2,0,4,2,35.58776805555556,139.71322833333332,6,3,9999,0,3,0
1,30,222,290,2,0,1,30000,0,111,2024,9,21,14,45,12,5,28,17,39,1,1,1,7,7,0,0,0,0,2,9,1,1,5,2,1,75,55,3,61,31,0,1,0,1,0,11,0,2,0,40,0,4,0,2,0,2,0,4,2,35.57151777777778,139.68594583333334,7,3,428,0,9,0
1,30,222,298,2,0,1,30000,0,111,2024,9,22,12,55,12,5,29,17,38,1,1,1,1,7,9,21,0,0,11,9,30,70,5,3,1,35,35,13,61,31,0,11,0,1,0,11,0,2,0,30,0,4,0,2,0,2,0,4,2,35.56111333333333,139.7001786111111,1,2,9999,0,1,0
1,30,222,306,2,0,1,10190,0,111,2024,9,30,17,15,13,5,35,17,26,1,1,1,14,7,0,0,0,0,3,9,1,70,5,2,1,1,55,13,61,31,0,11,0,1,0,11,0,3,0,10,0,3,0,2,0,2,0,4,2,35.56324194444444,139.69387166666667,2,3,9999,0,1,0
1,30,325,225,2,0,1,30000,0,112,2024,9,10,8,5,12,5,20,17,56,1,1,1,14,7,0,0,0,0,1,9,1,70,5,3,1,55,55,3,61,1,0,1,0,1,0,11,0,5,0,41,0,4,0,2,0,2,0,4,2,35.63494722222222,139.68062444444445,3,3,9999,0,1,0
1,30,325,231,2,0,1,30000,0,112,2024,9,15,14,0,12,5,24,17,48,1,1,1,14,7,0,0,0,0,1,9,1,70,5,3,1,45,65,3,61,31,0,1,0,1,0,11,0,5,0,13,0,4,0,2,0,2,0,4,2,35.642359444444445,139.6693436111111,1,2,9999,0,1,0
1,30,325,242,2,0,1,30000,0,112,2024,9,11,8,42,12,5,21,17,54,1,1,1,14,7,0,0,0,0,2,9,1,70,5,2,1,25,75,51,61,41,0,0,0,0,0,0,0,0,0,10,0,3,0,0,0,0,0,4,2,35.63980222222222,139.6712025,4,3,0,0,0,0
1,30,326,227,2,0,1,30000,0,112,2024,9,3,9,55,12,5,15,18,6,2,1,1,14,7,0,0,0,0,2,9,1,70,1,3,1,55,75,3,61,31,0,1,0,1,0,11,0,2,0,80,0,3,0,2,0,2,0,4,2,35.66280666666667,139.6385247222222,3,3,9999,0,9,0
1,30,326,229,2,0,1,30000,0,112,2024,9,7,9,15,12,5,18,18,0,1,1,1,14,7,0,0,0,0,3,9,1,70,4,1,1,45,45,17,61,31,0,11,0,1,0,11,0,3,0,80,0,4,0,2,0,2,0,4,2,35.64791388888889,139.6324786111111,7,3,9999,0,9,0
1,30,326,236,2,0,1,30000,0,112,2024,9,9,10,29,12,5,19,17,57,2,1,1,7,7,0,0,0,0,2,8,1,70,5,3,1,55,65,3,61,31,0,1,0,1,0,11,0,10,0,80,0,4,0,2,0,2,0,4,2,35.65318416666666,139.64687138888888,2,3,9999,0,9,0
1,30,327,404,2,0,1,30000,0,112,2024,7,3,14,27,12,4,30,19,1,1,1,1,14,7,0,0,0,0,3,9,1,70,5,2,1,1,55,51,61,41,0,0,0,0,0,0,0,0,0,10,0,3,0,0,0,0,0,4,2,35.60727583333333,139.6532816666667,4,3,0,0,0,0
1,30,327,406,2,0,1,30000,0,112,2024,7,18,15,0,12,4,39,18,56,1,1,1,7,2,0,0,0,0,3,9,1,70,4,3,1,35,1,4,61,31,0,1,0,1,0,11,0,2,0,80,0,4,0,2,0,2,0,4,2,35.60532527777778,139.67537305555555,5,3,9999,0,1,0
1,30,327,408,2,0,1,30000,0,112,2024,8,19,16,25,12,5,3,18,26,1,1,1,1,7,9,22,0,0,11,9,30,70,5,4,1,65,1,14,61,1,0,11,0,1,0,11,0,1,0,40,0,3,0,2,0,2,0,4,2,35.624050833333335,139.625205,2,3,9999,0,9,0
1,30,327,410,2,0,1,30000,0,112,2024,9,2,16,33,12,5,14,18,7,1,1,1,14,7,0,0,0,0,2,9,1,70,5,3,1,1,25,51,61,41,0,0,0,0,0,0,0,0,0,20,0,4,0,0,0,0,0,4,2,35.618609722222224,139.65019972222223,2,3,0,0,0,0
1,30,327,413,2,0,1,10080,0,112,2024,9,3,14,0,12,5,15,18,6,2,1,1,14,7,0,0,0,0,4,9,1,70,5,3,1,45,35,14,61,31,0,11,0,1,0,11,0,3,0,30,0,3,0,2,0,2,0,4,2,35.60159916666667,139.64725416666667,3,3,9999,0,3,0
1,30,327,417,2,0,1,30000,0,112,2024,9,7,8,25,12,5,18,18,0,1,1,1,14,7,0,0,0,0,2,9,1,70,5,4,1,45,75,3,61,31,0,1,0,1,0,11,0,10,0,20,0,3,0,2,0,2,0,4,2,35.59339611111111,139.6754611111111,7,3,9999,0,9,0
1,30,327,426,2,0,1,30000,0,112,2024,9,12,8,15,12,5,21,17,53,1,1,1,1,7,9,22,0,0,14,9,30,70,5,1,1,25,25,51,61,41,0,0,0,0,0,0,0,0,0,10,0,3,0,0,0,0,0,4,2,35.611269722222225,139.65594666666667,5,3,0,0,0,0
1,30,327,431,2,0,1,30190,0,112,2024,9,14,18,45,21,5,23,17,50,1,1,1,1,7,9,22,0,0,15,9,30,70,4,2,1,65,55,4,61,31,0,1,0,1,0,11,0,3,0,10,0,3,0,2,0,2,0,4,2,35.62522333333333,139.63720916666665,7,3,9999,0,9,0
1,30,327,438,2,0,1,30000,0,112,2024,9,19,13,30,12,5,27,17,42,2,1,1,14,7,0,0,0,0,3,9,1,70,5,2,1,75,0,61,0,0,0,0,0,0,0,0,0,0,0,0,0,0,0,0,0,0,0,2,0,35.63491333333333,139.63021222222224,5,3,0,0,0,0
1,30,327,443,2,0,1,30000,0,112,2024,9,26,17,42,21,5,32,17,32,1,1,1,1,7,9,22,0,0,11,9,30,70,5,2,1,55,1,3,61,31,0,1,0,1,0,11,0,2,0,20,0,4,0,2,0,2,0,4,2,35.616906944444445,139.6220927777778,5,3,9999,0,9,0
1,30,327,447,2,0,1,30190,0,112,2024,9,28,16,35,13,5,33,17,29,2,1,1,14,7,0,0,0,0,3,8,1,70,4,2,1,45,75,51,61,41,0,0,0,0,0,0,0,0,0,10,0,3,0,0,0,0,0,4,2,35.61123416666667,139.64772722222222,7,3,0,0,0,0
1,30,327,449,2,0,1,30000,0,112,2024,9,30,8,45,12,5,35,17,26,2,1,1,14,7,0,0,0,0,4,9,1,70,4,2,1,65,45,3,61,31,0,1,0,1,0,11,0,3,0,10,0,3,0,2,0,2,0,4,2,35.63122388888889,139.63526777777778,2,3,9999,0,9,0