資料区分,都道府県コード,警察署等コード,本票番号,事故内容,死者数,負傷者数,路線コード,地点コード,市区町村コード,発生日時　　年,発生日時　　月,発生日時　　日,発生日時　　時,発生日時　　分,昼夜,日の出時刻　　時,日の出時刻　　分,日の入り時刻　　時,日の入り時刻　　分,天候,地形,路面状態,道路形状,信号機,一時停止規制　標識（当事者A）,一時停止規制　表示（当事者A）,一時停止規制　標識（当事者B）,一時停止規制　表示（当事者B）,車道幅員,道路線形,衝突地点,ゾーン規制,中央分離帯施設等,歩車道区分,事故類型,年齢（当事者A）,年齢（当事者B）,当事者種別（当事者A）,当事者種別（当事者B）,用途別（当事者A）,用途別（当事者B）,車両形状等（当事者A）,車両形状等（当事者B）,オートマチック車（当事者A）,オートマチック車（当事者B）,サポカー（当事者A）,サポカー（当事者B）,速度規制（指定のみ）（当事者A）,速度規制（指定のみ）（当事者B）,車両の衝突部位（当事者A）,車両の衝突部位（当事者B）,車両の損壊程度（当事者A）,車両の損壊程度（当事者B）,エアバッグの装備（当事者A）,エアバッグの装備（当事者B）,サイドエアバッグの装備（当事者A）,サイドエアバッグの装備（当事者B）,人身損傷程度（当事者A）,人身損傷程度（当事者B）,lat,lon,曜日(発生年月日),祝日(発生年月日),認知機能検査経過日数（当事者A）,認知機能検査経過日数（当事者B）,運転練習の方法（当事者A）,運転練習の方法（当事者B）
1,30,328,327,2,0,1,30000,0,112,2024,8,26,17,25,13,5,8,18,17,1,1,1,1,7,9,22,0,0,15,9,30,70,5,2,1,65,55,3,61,31,0,1,0,1,0,11,0,3,0,10,0,3,0,2,0,2,0,4,2,35.64055388888889,139.59694333333334,2,3,9999,0,9,0
1,30,328,328,2,0,1,30000,0,112,2024,9,2,9,57,12,5,14,18,7,1,1,1,14,7,0,0,0,0,2,9,1,70,5,3,1,55,1,17,61,31,0,11,0,1,0,11,0,2,0,40,0,4,0,2,0,2,0,4,2,35.63717694444444,139.61055055555556,2,3,9999,0,9,0
1,30,328,341,2,0,1,30000,0,112,2024,8,16,16,40,12,5,1,18,29,3,1,2,14,7,0,0,0,0,2,9,1,70,5,4,1,1,55,51,61,41,0,0,0,0,0,0,0,0,0,10,0,3,0,0,0,0,0,4,2,35.63928305555555,139.59339805555555,6,3,0,0,0,0
1,30,329,177,2,0,1,30000,0,110,2024,9,11,9,5,12,5,21,17,54,1,1,1,14,7,0,0,0,0,1,9,1,70,5,2,1,45,55,52,61,41,0,0,0,0,0,0,0,0,0,10,0,3,0,0,0,0,0,4,2,35.65895472222222,139.68274666666665,4,3,0,0,0,0
1,30,329,179,2,0,1,30000,0,110,2024,9,5,11,20,12,5,16,18,3,1,1,1,14,7,0,0,0,0,3,9,1,70,5,3,1,75,25,13,61,31,0,11,0,1,0,11,0,3,0,80,0,4,0,2,0,2,0,4,2,35.636449999999996,139.69407388888888,5,3,1044,0,4,0
1,30,329,183,2,0,1,10160,0,110,2024,9,19,8,38,12,5,27,17,42,1,1,1,14,7,0,0,0,0,6,9,1,70,1,2,1,35,25,51,61,41,0,0,0,0,0,0,0,0,0,40,0,3,0,0,0,0,0,4,2,35.644218611111114,139.69940555555556,5,3,0,0,0,0
1,30,329,185,2,0,1,30000,0,110,2024,9,24,13,46,12,5,30,17,35,1,1,1,1,7,1,21,0,0,14,9,30,1,5,3,1,45,45,3,61,31,0,1,0,1,0,11,0,2,0,10,0,3,0,2,0,2,0,4,2,35.64028305555556,139.70915277777777,3,3,9999,0,1,0
1,30,330,225,2,0,1,20210,0,110,2024,8,28,18,27,21,5,10,18,14,1,1,1,14,7,0,0,0,0,3,9,1,70,4,3,1,25,35,43,61,41,0,31,0,0,0,0,0,1,0,10,0,4,0,0,0,0,0,4,2,35.610640833333335,139.66990222222222,4,3,0,0,0,0
1,30,330,233,2,0,1,30000,0,110,2024,9,9,14,43,12,5,19,17,57,1,1,1,1,7,9,22,0,0,17,9,30,70,5,3,1,65,75,3,61,1,0,1,0,1,0,11,0,2,0,12,0,4,0,2,0,2,0,4,2,35.62728111111111,139.68445277777778,2,3,9999,0,9,0
1,30,330,245,2,0,1,30000,0,110,2024,9,20,13,52,12,5,27,17,41,1,1,1,14,7,0,0,0,0,3,9,1,70,4,3,1,65,65,3,61,31,0,1,0,1,0,11,0,2,0,10,0,4,0,2,0,2,0,4,2,35.629060555555554,139.68342972222223,6,3,9999,0,9,0
1,30,330,248,2,0,1,30000,0,110,2024,9,26,19,17,22,5,32,17,32,2,1,1,14,1,0,0,0,0,2,9,1,70,5,4,1,75,55,3,61,31,0,1,0,1,0,11,0,10,0,60,0,4,0,2,0,2,0,4,2,35.61768305555555,139.69206916666667,5,3,422,0,9,0
1,30,330,251,2,0,1,20190,0,110,2024,9,15,5,37,11,5,24,17,48,1,1,1,14,1,0,0,0,0,3,9,1,70,4,1,1,45,45,3,61,1,0,1,0,1,0,11,0,3,0,10,0,4,0,2,0,2,0,4,2,35.623940555555556,139.69748611111112,1,2,9999,0,1,0
1,30,331,229,2,0,1,20240,0,113,2024,9,24,20,10,22,5,30,17,35,1,1,1,1,1,9,22,0,0,18,9,30,70,5,1,1,45,35,51,61,41,0,0,0,0,0,0,0,0,0,40,0,3,0,0,0,0,0,4,2,35.64715722222222,139.70868222222222,3,3,0,0,0,0
1,30,332,105,2,0,1,30000,0,113,2024,9,4,8,50,12,5,15,18,4,1,1,1,14,7,0,0,0,0,2,9,1,70,4,2,1,35,45,51,61,41,0,0,0,0,0,0,0,0,0,10,0,3,0,0,0,0,0,4,2,35.68215277777777,139.69875916666666,4,3,0,0,0,0
1,30,332,106,2,0,1,10090,0,113,2024,9,4,10,18,12,5,15,18,4,1,1,1,1,1,9,22,0,0,15,9,30,70,6,1,1,45,45,13,61,31,0,11,0,1,0,11,0,4,0,20,0,3,0,2,0,2,0,4,2,35.668348888888886,139.70530083333333,4,3,9999,0,5,0
1,30,332,109,2,0,1,30000,0,113,2024,9,11,13,20,12,5,21,17,54,1,1,1,14,7,0,0,0,0,2,9,1,70,5,3,1,65,1,3,61,31,0,1,0,1,0,11,0,2,0,40,0,3,0,2,0,2,0,4,2,35.67433027777778,139.7093688888889,4,3,9999,0,9,0
1,30,333,137,1,1,0,20000,0,113,2024,9,18,17,24,13,5,26,17,44,3,1,2,14,7,0,0,0,0,3,9,1,70,5,2,1,35,65,3,61,31,0,1,0,1,0,11,0,2,0,10,0,2,0,2,0,2,0,4,1,35.664949444444446,139.67421583333334,4,3,9999,0,1,0
1,30,333,140,2,0,1,30000,0,113,2024,9,9,7,40,12,5,19,17,57,1,1,1,14,7,0,0,0,0,1,9,1,70,5,3,1,45,35,3,61,31,0,1,0,1,0,11,0,10,0,40,0,4,0,2,0,2,0,4,2,35.66925805555555,139.67886638888888,2,3,9999,0,4,0
1,30,435,163,2,0,1,20290,0,104,2024,9,2,16,50,12,5,14,18,7,1,1,1,14,8,0,0,0,0,4,9,1,70,4,1,1,25,45,51,61,41,0,0,0,0,0,0,0,0,0,10,0,3,0,0,0,0,0,4,2,35.70123527777778,139.7166172222222,2,3,0,0,0,0
1,30,435,174,2,0,1,30870,0,105,2024,9,14,10,55,12,5,23,17,50,1,1,1,1,1,0,0,0,0,14,9,30,70,4,2,1,75,0,61,0,0,0,0,0,0,0,0,0,0,0,0,0,0,0,0,0,0,0,2,0,35.708309166666666,139.7314475,7,3,0,0,0,0
1,30,435,181,2,0,1,30000,0,104,2024,9,26,11,33,12,5,32,17,32,1,1,1,1,1,9,22,0,0,15,9,30,70,4,1,1,55,65,13,61,1,0,11,0,1,0,11,0,3,0,12,0,3,0,2,0,2,0,4,2,35.70663694444445,139.7162483333333,5,3,9999,0,9,0
1,30,436,235,2,0,1,30000,0,104,2024,6,12,17,35,12,4,25,18,57,1,1,1,1,1,9,22,0,0,15,9,30,70,5,2,1,75,35,3,61,31,0,1,0,1,0,11,0,2,0,80,0,4,0,2,0,2,0,4,2,35.69627583333333,139.70028444444443,4,3,474,0,9,0
1,30,436,237,2,0,1,30000,0,104,2024,9,15,22,34,22,5,24,17,48,3,1,2,1,1,4,21,0,0,11,9,30,70,5,2,1,45,1,3,61,31,0,1,0,1,0,11,0,3,0,20,0,3,0,2,0,2,0,4,2,35.69558055555555,139.70270305555553,1,2,9999,0,1,0
1,30,436,243,2,0,1,20300,0,104,2024,9,19,11,30,12,5,27,17,42,1,1,1,1,1,9,22,0,0,18,9,30,70,1,1,1,45,25,13,61,1,0,11,0,1,0,11,0,4,0,50,0,3,0,2,0,2,0,4,2,35.69804805555555,139.70020722222222,5,3,9999,0,1,0
1,30,436,244,2,0,2,20290,0,104,2024,9,14,22,7,22,5,23,17,50,1,1,1,1,1,9,22,0,0,11,9,30,70,4,1,1,25,45,3,61,1,0,1,0,1,0,11,0,3,0,20,0,3,0,2,0,2,0,4,2,35.701127500000005,139.70434694444444,7,3,9999,0,1,0
1,30,436,245,2,0,1,30000,0,104,2024,4,29,0,44,22,4,51,18,26,1,1,1,14,7,0,0,0,0,2,9,1,70,5,3,1,25,35,13,61,31,0,11,0,1,0,11,0,10,0,80,0,4,0,2,0,2,0,4,2,35.69671222222222,139.70454277777776,2,1,9999,0,1,0
1,30,436,246,2,0,1,30000,0,104,2024,9,7,14,55,12,5,18,18,0,1,1,1,14,7,0,0,0,0,3,9,1,70,5,3,1,35,55,17,61,31,0,11,0,1,0,11,0,2,0,40,0,4,0,2,0,2,0,4,2,35.69493277777777,139.70483916666666,7,3,9999,0,1,0
1,30,436,249,2,0,1,30000,0,104,2024,9,23,0,31,22,5,30,17,37,2,1,1,1,7,9,22,0,0,11,9,30,70,5,2,1,55,35,3,61,1,0,1,0,1,0,11,0,2,0,50,0,3,0,2,0,2,0,4,2,35.696039999999996,139.701745,2,1,9999,0,1,0
1,30,436,256,2,0,1,30000,0,104,2024,9,23,17,22,13,5,30,17,37,1,1,1,7,7,0,0,0,0,2,9,1,70,5,2,1,55,45,3,61,1,0,1,0,1,0,11,0,2,0,20,0,3,0,2,0,2,0,4,2,35.691182777777776,139.7015936111111,2,1,9999,0,9,0
1,30,436,259,2,0,1,30290,0,104,2024,9,25,18,3,21,5,31,17,34,3,1,2,14,7,0,0,0,0,3,8,1,70,5,1,1,35,75,14,61,31,0,11,0,1,0,11,0,3,0,10,0,3,0,2,0,2,0,4,2,35.705872222222226,139.69436944444445,4,3,9999,0,1,0
1,30,436,260,2,0,1,30000,0,104,2024,9,4,9,18,12,5,15,18,4,1,1,1,7,7,0,0,0,0,2,8,1,70,5,3,1,35,1,3,61,1,0,1,0,1,0,11,0,2,0,40,0,4,0,2,0,2,0,4,2,35.69551305555555,139.70345305555554,4,3,9999,0,1,0
1,30,436,265,2,0,1,30000,0,104,2023,9,17,3,5,22,5,24,17,46,1,1,2,7,7,0,0,0,0,3,9,1,70,4,2,1,45,25,3,61,1,0,1,0,1,0,11,0,3,0,10,0,4,0,2,0,2,0,4,2,35.696262777777775,139.70458916666666,1,2,9999,0,1,0
1,30,436,267,2,0,1,30000,0,104,2024,9,10,0,36,22,5,20,17,56,1,1,1,14,7,0,0,0,0,3,9,1,70,5,3,1,25,45,43,61,41,0,31,0,0,0,0,0,10,0,10,0,4,0,0,0,0,0,4,2,35.694989166666666,139.7045425,3,3,0,0,0,0
1,30,437,154,1,1,0,10280,0,104,2024,9,17,12,43,12,5,25,17,45,1,1,1,1,7,9,22,0,0,17,9,30,70,4,1,1,1,75,36,61,31,0,0,0,0,0,11,0,10,0,10,0,3,0,0,0,0,0,4,1,35.71703277777778,139.69294305555556,3,3,9999,0,1,0
1,30,437,155,2,0,1,10090,0,104,2024,8,14,23,45,22,4,59,18,32,1,1,1,14,7,0,0,0,0,4,9,1,70,4,2,1,35,25,3,61,31,0,1,0,1,0,11,0,4,0,40,0,3,0,2,0,2,0,4,2,35.71088166666667,139.70987944444443,4,3,9999,0,4,0
1,30,437,157,2,0,1,10220,0,104,2024,9,2,14,15,12,5,14,18,7,1,1,1,14,7,0,0,0,0,1,9,1,70,5,3,1,45,1,51,61,41,0,0,0,0,0,0,0,0,0,10,0,4,0,0,0,0,0,4,2,35.71962555555556,139.6916725,2,3,0,0,0,0
1,30,437,158,2,0,1,10220,0,104,2024,9,6,15,25,12,5,17,18,1,1,1,1,14,7,0,0,0,0,4,9,1,70,4,2,1,25,55,17,61,1,0,11,0,1,0,11,0,3,0,80,0,3,0,2,0,2,0,4,2,35.72257972222222,139.68347166666666,6,3,9999,0,1,0
1,30,437,161,2,0,1,30000,0,104,2024,9,10,8,12,12,5,20,17,56,1,1,1,1,7,9,22,0,0,17,9,30,70,4,1,1,35,1,3,61,31,0,1,0,1,0,11,0,3,0,10,0,3,0,2,0,2,0,4,2,35.71228555555556,139.70452777777777,3,3,9999,0,1,0
1,30,437,164,2,0,1,10250,0,104,2024,9,12,15,40,12,5,21,17,53,1,1,1,1,1,9,22,0,0,15,9,30,70,5,2,1,25,25,3,61,31,0,1,0,1,0,11,0,3,0,10,0,3,0,2,0,2,0,4,2,35.71371861111111,139.70277777777775,5,3,9999,0,1,0
1,30,437,165,2,0,1,30000,0,104,2024,9,14,13,10,12,5,23,17,50,1,1,1,14,7,0,0,0,0,2,9,1,70,5,2,1,65,65,3,61,1,0,1,0,1,0,11,0,3,0,30,0,3,0,2,0,2,0,4,2,35.710875,139.69568027777777,7,3,38,0,9,0
1,30,437,177,2,0,1,30000,0,104,2024,9,28,15,45,12,5,33,17,29,1,1,1,14,7,0,0,0,0,1,9,1,70,5,2,1,25,75,51,61,41,0,0,0,0,0,0,0,0,0,10,0,4,0,0,0,0,0,4,2,35.70714,139.7000488888889,7,3,0,0,0,0
1,30,438,160,2,0,1,21030,0,104,2024,9,2,12,15,12,5,14,18,7,1,1,1,1,7,9,22,0,0,17,9,30,70,4,2,1,45,35,14,61,31,0,11,0,1,0,11,0,1,0,50,0,3,0,2,0,2,0,4,2,35.68927333333333,139.70850527777776,2,3,9999,0,9,0
1,30,438,161,2,0,1,20000,0,104,2024,9,7,2,50,22,5,18,18,0,1,1,1,14,7,0,0,0,0,6,9,1,70,1,1,1,55,65,3,61,1,0,1,0,1,0,11,0,4,0,10,0,4,0,2,0,2,0,4,2,35.691467777777774,139.7070247222222,7,3,9999,0,9,0
1,30,438,164,2,0,1,200,62,104,2024,9,9,20,10,22,5,19,17,57,1,1,1,1,1,9,22,0,0,18,9,30,70,5,1,1,45,45,35,61,31,0,0,0,0,0,11,0,1,0,10,0,3,0,0,0,0,0,4,2,35.68790722222222,139.72287277777778,2,3,9999,0,5,0
1,30,438,168,2,0,1,200,61,104,2024,9,13,14,40,12,5,22,17,51,1,1,1,14,8,0,0,0,0,5,9,1,70,1,1,1,45,1,17,61,1,0,11,0,2,0,11,0,10,0,10,0,3,0,2,0,2,0,4,2,35.68718305555555,139.72580250000001,6,3,9999,0,9,0
1,30,438,169,2,0,1,30000,0,104,2024,9,14,18,30,21,5,23,17,50,1,1,1,7,7,0,0,0,0,2,9,1,70,5,3,1,25,35,13,61,31,0,11,0,1,0,11,0,5,0,40,0,3,0,2,0,2,0,4,2,35.69168583333333,139.7058997222222,7,3,9999,0,1,0
1,30,438,170,2,0,1,21030,0,104,2024,9,16,4,35,23,5,24,17,47,1,1,1,7,1,0,0,0,0,4,9,1,70,4,2,1,65,25,3,61,1,0,1,0,1,0,11,0,3,0,10,0,3,0,2,0,2,0,4,2,35.68992861111111,139.70697944444444,2,1,9999,0,9,0
1,30,438,174,2,0,1,20000,0,104,2024,9,18,19,56,22,5,26,17,44,3,1,2,13,7,0,0,0,0,3,6,1,70,5,2,1,55,65,3,61,1,0,1,0,1,0,11,0,5,0,80,0,3,0,2,0,2,0,4,2,35.67635083333333,139.7153725,4,3,9999,0,9,0
1,30,438,175,2,0,1,20000,0,104,2024,9,21,4,48,23,5,28,17,39,2,1,1,1,1,9,22,0,0,19,9,30,70,5,1,1,45,25,3,61,31,0,1,0,1,0,11,0,10,0,10,0,2,0,2,0,2,0,4,2,35.690123611111105,139.7068936111111,7,3,9999,0,9,0
1,30,438,176,2,0,1,20120,0,104,2024,9,22,20,45,22,5,29,17,38,2,1,1,14,7,0,0,0,0,6,9,1,70,1,1,1,55,65,3,61,1,0,1,0,1,0,11,0,4,0,10,0,3,0,2,0,2,0,4,2,35.69085416666666,139.71491416666666,1,2,9999,0,9,0
1,30,438,178,2,0,1,99000,0,104,2024,9,26,13,40,12,5,32,17,32,1,1,1,0,7,0,0,0,0,0,0,20,70,0,2,1,35,75,13,61,31,0,11,0,1,0,11,0,10,0,30,0,3,0,2,0,2,0,4,2,35.68787472222222,139.71366388888887,5,3,9999,0,4,0
1,30,438,179,2,0,1,30000,0,104,2024,9,26,13,0,12,5,32,17,32,1,1,1,1,7,8,21,0,0,11,9,30,70,5,3,1,25,45,3,61,31,0,1,0,1,0,11,0,5,0,80,0,4,0,2,0,2,0,4,2,35.6923125,139.70421583333334,5,3,9999,0,1,0
1,30,439,217,2,0,1,10230,0,114,2024,9,17,8,15,12,5,25,17,45,1,1,1,1,1,9,22,0,0,15,9,30,70,5,2,1,35,75,51,61,41,0,0,0,0,0,0,0,0,0,20,0,3,0,0,0,0,0,4,2,35.68619888888889,139.66920416666665,3,3,0,0,0,0
1,30,439,224,2,0,1,10240,0,114,2024,9,21,9,45,12,5,28,17,39,2,1,1,14,7,0,0,0,0,2,9,1,70,5,2,1,45,1,52,61,41,0,0,0,0,0,0,0,0,0,20,0,3,0,0,0,0,0,2,4,35.69761888888888,139.6781672222222,7,3,0,0,0,0
1,30,439,228,2,0,1,30000,0,114,2024,9,27,22,28,22,5,33,17,31,3,1,2,1,1,9,22,0,0,11,9,30,70,4,2,1,55,65,3,61,31,0,1,0,1,0,11,0,2,0,10,0,3,0,2,0,2,0,4,2,35.69398222222222,139.674445,6,3,9999,0,9,0
1,30,440,209,2,0,1,10220,0,114,2024,9,11,9,45,12,5,21,17,54,1,1,1,14,7,0,0,0,0,2,9,1,70,5,3,1,55,55,3,61,1,0,1,0,1,0,11,0,10,0,10,0,3,0,2,0,2,0,4,2,35.70683777777778,139.66293000000002,4,3,9999,0,9,0
1,30,440,211,2,0,1,30000,0,114,2024,9,12,7,11,12,5,21,17,53,1,1,1,14,7,0,0,0,0,2,9,1,70,5,1,1,75,75,36,61,31,0,0,0,0,0,11,0,10,0,10,0,3,0,0,0,0,0,4,2,35.72136722222223,139.63494,5,3,237,0,9,0
1,30,440,221,2,0,1,30000,0,114,2024,9,28,16,20,12,5,33,17,29,2,1,1,14,7,0,0,0,0,2,7,1,70,5,4,1,55,75,3,61,31,0,1,0,1,0,11,0,10,0,40,0,4,0,2,0,2,0,4,2,35.719865,139.66762944444443,7,3,9999,0,9,0
1,30,440,223,2,0,1,30000,0,114,2024,9,26,8,43,12,5,32,17,32,1,1,1,1,7,4,21,0,0,14,9,30,70,5,3,1,25,45,17,61,31,0,11,0,2,0,11,0,10,0,40,0,4,0,2,0,2,0,4,2,35.72110388888889,139.66279305555557,5,3,9999,0,1,0
1,30,441,279,2,0,1,30000,0,115,2024,9,17,18,25,21,5,25,17,45,1,1,1,14,7,0,0,0,0,1,9,1,70,5,2,1,55,0,61,0,0,0,0,0,0,0,0,0,0,0,0,0,0,0,0,0,0,0,2,0,35.69739,139.65791361111113,3,3,0,0,0,0
1,30,441,281,2,0,1,10130,0,115,2024,9,18,6,20,11,5,26,17,44,1,1,1,14,7,0,0,0,0,3,9,1,70,4,1,1,1,65,51,61,41,0,0,0,0,0,0,0,0,0,11,0,4,0,0,0,0,0,4,2,35.69152555555555,139.65450777777778,4,3,0,0,0,0
1,30,441,286,2,0,1,30000,0,115,2024,9,26,21,47,22,5,32,17,32,1,1,1,14,7,0,0,0,0,3,9,1,70,5,1,1,1,45,51,61,41,0,0,0,0,0,0,0,0,0,0,0,4,0,0,0,0,0,4,2,35.69758916666666,139.6261086111111,5,3,0,0,0,0
1,30,441,287,2,0,1,30000,0,115,2024,9,28,15,15,12,5,33,17,29,2,1,1,14,7,0,0,0,0,3,9,1,70,5,3,1,25,65,43,61,41,0,31,0,0,0,0,0,10,0,10,0,3,0,0,0,0,0,4,2,35.696420555555555,139.63824333333332,7,3,0,0,0,0
1,30,441,288,2,0,1,30000,0,115,2024,9,10,8,15,12,5,20,17,56,1,1,1,14,7,0,0,0,0,2,9,1,70,5,3,1,25,1,14,61,1,0,11,0,1,0,11,0,1,0,70,0,4,0,2,0,2,0,4,2,35.70561722222222,139.65588416666668,3,3,9999,0,1,0
1,30,441,294,2,0,1,30000,0,115,2024,9,22,11,30,12,5,29,17,38,2,1,1,14,7,0,0,0,0,1,9,1,70,5,3,1,35,35,3,61,31,0,1,0,1,0,11,0,2,0,20,0,3,0,2,0,2,0,4,2,35.691360277777775,139.65212555555556,1,2,9999,0,1,0
1,30,442,241,2,0,1,30000,0,115,2024,9,24,11,58,12,5,30,17,35,1,1,1,14,7,0,0,0,0,1,9,1,70,5,4,1,65,35,51,61,41,0,0,0,0,0,0,0,0,0,40,0,3,0,0,0,0,0,2,4,35.6871625,139.60042972222223,3,3,0,0,0,0
1,30,443,201,2,0,1,30000,0,115,2024,9,13,16,25,12,5,22,17,51,1,1,1,7,7,0,0,0,0,3,9,1,70,4,1,1,35,65,14,61,1,0,11,0,1,0,11,0,5,0,10,0,3,0,2,0,2,0,4,2,35.70333527777778,139.6003697222222,6,3,9999,0,5,0
1,30,443,205,2,0,1,30000,0,115,2024,8,31,9,57,12,5,12,18,10,1,1,1,14,7,0,0,0,0,2,9,1,70,5,4,1,1,75,51,61,41,0,0,0,0,0,0,0,0,0,40,0,3,0,0,0,0,0,4,2,35.70416166666667,139.59939472222223,7,3,0,0,0,0
1,30,443,208,2,0,1,30000,0,115,2024,9,18,9,45,12,5,26,17,44,1,1,1,1,1,9,22,0,0,14,8,30,70,5,3,1,65,55,51,61,41,0,0,0,0,0,0,0,0,0,20,0,3,0,0,0,0,0,4,2,35.72445777777778,139.61445722222223,4,3,0,0,0,0
1,30,443,210,2,0,1,10240,0,115,2024,9,24,16,13,12,5,30,17,35,1,1,1,14,7,0,0,0,0,2,9,1,70,1,2,1,65,1,3,61,31,0,1,0,1,0,11,0,5,0,10,0,3,0,2,0,2,0,4,2,35.70944305555556,139.6126436111111,3,3,9999,0,9,0
1,30,443,211,2,0,1,30000,0,115,2024,9,28,14,30,12,5,33,17,29,2,1,1,1,7,1,21,0,0,14,9,30,70,5,2,1,75,45,51,61,41,0,0,0,0,0,0,0,0,0,10,0,3,0,0,0,0,0,4,2,35.70595388888889,139.60114388888888,7,3,0,0,0,0
1,30,443,215,2,0,1,30000,0,115,2024,9,30,8,50,12,5,35,17,26,2,1,1,14,7,0,0,0,0,2,9,1,70,5,3,1,35,75,51,61,41,0,0,0,0,0,0,0,0,0,10,0,4,0,0,0,0,0,4,2,35.70742722222222,139.60720416666666,2,3,0,0,0,0
1,30,443,216,2,0,1,30000,0,115,2024,9,4,7,40,12,5,15,18,4,1,1,1,1,7,9,22,0,0,11,9,30,70,4,3,1,45,55,3,61,31,0,1,0,1,0,11,0,3,0,10,0,3,0,2,0,2,0,4,2,35.703089444444444,139.6045572222222,4,3,9999,0,9,0
1,30,545,117,2,0,1,2540,23,105,2024,4,26,15,14,12,4,55,18,24,1,1,1,14,7,0,0,0,0,3,9,1,70,1,1,1,35,1,51,61,41,0,0,0,0,0,0,0,0,0,10,0,3,0,0,0,0,0,4,2,35.71647611111111,139.73890361111108,6,3,0,0,0,0
1,30,546,61,2,0,1,10010,0,105,2024,9,15,12,0,12,5,24,17,48,1,1,1,14,1,0,0,0,0,3,9,1,70,1,2,1,25,55,4,61,31,0,1,0,1,0,11,0,4,0,40,0,3,0,2,0,2,0,4,2,35.70977611111111,139.7329138888889,1,2,9999,0,1,0
1,30,546,62,2,0,1,2540,32,105,2024,9,18,22,10,22,5,26,17,44,2,1,1,1,1,9,22,0,0,19,9,30,70,5,2,1,55,25,3,61,31,0,1,0,1,0,11,0,1,0,40,0,4,0,2,0,2,0,4,2,35.72132222222223,139.73196916666666,4,3,9999,0,1,0
1,30,547,105,2,0,1,30000,0,105,2024,9,6,20,50,22,5,17,18,1,1,1,1,1,1,9,22,0,0,15,9,30,70,4,1,1,45,35,51,61,41,0,0,0,0,0,0,0,0,0,10,0,3,0,0,0,0,0,4,2,35.70426611111112,139.75912861111112,6,3,0,0,0,0
1,30,548,62,2,0,1,30000,0,105,2024,9,25,15,38,12,5,31,17,34,2,1,1,14,7,0,0,0,0,3,8,1,70,5,2,1,55,25,3,61,1,0,1,0,1,0,11,0,1,0,80,0,3,0,2,0,2,0,4,2,35.72063111111111,139.75910277777777,4,3,9999,0,9,0
1,30,550,138,2,0,1,99000,0,116,2024,9,30,7,20,12,5,35,17,26,2,1,1,0,7,0,0,0,0,0,0,20,70,0,4,1,35,45,3,61,31,0,1,0,1,0,11,0,10,0,70,0,3,0,2,0,2,0,4,2,35.72772194444445,139.71960027777777,2,3,9999,0,1,0
1,30,550,139,2,0,1,30000,0,116,2024,9,15,20,5,22,5,24,17,48,1,1,1,14,7,0,0,0,0,4,9,1,70,5,2,1,65,35,3,61,31,0,1,0,1,0,11,0,2,0,30,0,3,0,2,0,2,0,4,2,35.73209527777778,139.71147777777776,1,2,9999,0,9,0
1,30,551,137,2,0,1,20000,0,116,2024,8,29,18,55,21,5,11,18,13,3,1,2,14,7,0,0,0,0,3,9,1,70,4,1,1,45,35,51,61,41,0,0,0,0,0,0,0,0,0,10,0,3,0,0,0,0,0,4,2,35.731273055555555,139.67855527777778,5,3,0,0,0,0
1,30,551,140,2,0,1,99000,0,116,2024,8,23,18,45,21,5,6,18,21,1,1,1,0,7,0,0,0,0,0,0,20,70,0,4,1,25,35,3,61,31,0,1,0,2,0,11,0,10,0,10,0,4,0,2,0,2,0,4,2,35.73108444444445,139.67858666666666,6,3,9999,0,1,0
1,30,552,128,2,0,1,20400,0,117,2024,9,7,13,40,12,5,18,18,0,1,1,1,7,1,0,0,0,0,3,9,1,70,1,1,1,75,35,51,61,41,0,0,0,0,0,0,0,0,0,10,0,3,0,0,0,0,0,4,2,35.75063,139.73738388888887,7,3,0,0,0,0
1,30,553,148,2,0,1,30000,0,117,2024,9,10,3,56,22,5,20,17,56,1,1,1,7,7,0,0,0,0,2,9,1,70,5,4,1,45,25,17,61,31,0,11,0,1,0,11,0,1,0,20,0,4,0,2,0,2,0,4,2,35.76528805555556,139.7268613888889,3,3,9999,0,1,0
1,30,553,157,2,0,1,30000,0,117,2024,9,20,11,45,12,5,27,17,41,1,1,1,14,7,0,0,0,0,4,9,1,70,4,2,1,75,35,3,61,31,0,1,0,1,0,11,0,3,0,40,0,3,0,2,0,2,0,4,2,35.753146944444445,139.73085166666667,6,3,485,0,9,0
1,30,553,163,2,0,1,10090,0,117,2024,9,30,15,50,12,5,35,17,26,2,1,1,14,7,0,0,0,0,6,9,1,70,4,2,1,45,75,59,61,0,0,0,0,0,0,0,0,0,0,10,0,4,0,0,0,0,0,4,2,35.755093055555555,139.73995833333333,2,3,0,0,0,0
1,30,554,92,2,0,1,30000,0,117,2024,9,21,6,20,11,5,28,17,39,1,1,1,1,7,9,22,0,0,14,9,30,70,5,4,1,25,55,14,61,1,0,11,0,1,0,11,0,10,0,20,0,3,0,2,0,2,0,4,2,35.785000277777776,139.72221,7,3,9999,0,1,0
1,30,554,94,2,0,1,99000,0,117,2024,9,17,10,40,12,5,25,17,45,1,1,1,0,7,0,0,0,0,0,0,20,70,0,4,1,65,65,51,61,41,0,0,0,0,0,0,0,0,0,10,0,3,0,0,0,0,0,4,2,35.78837583333333,139.72317555555557,3,3,0,0,0,0
1,30,555,262,2,0,1,30760,0,119,2024,9,12,18,39,21,5,21,17,53,1,1,1,7,7,0,0,0,0,3,9,1,70,4,3,1,45,45,3,61,31,0,1,0,1,0,11,0,2,0,40,0,3,0,2,0,2,0,4,2,35.765163055555554,139.6793047222222,5,3,9999,0,1,0