資料区分,都道府県コード,警察署等コード,本票番号,事故内容,死者数,負傷者数,路線コード,地点コード,市区町村コード,発生日時　　年,発生日時　　月,発生日時　　日,発生日時　　時,発生日時　　分,昼夜,日の出時刻　　時,日の出時刻　　分,日の入り時刻　　時,日の入り時刻　　分,天候,地形,路面状態,道路形状,信号機,一時停止規制　標識（当事者A）,一時停止規制　表示（当事者A）,一時停止規制　標識（当事者B）,一時停止規制　表示（当事者B）,車道幅員,道路線形,衝突地点,ゾーン規制,中央分離帯施設等,歩車道区分,事故類型,年齢（当事者A）,年齢（当事者B）,当事者種別（当事者A）,当事者種別（当事者B）,用途別（当事者A）,用途別（当事者B）,車両形状等（当事者A）,車両形状等（当事者B）,オートマチック車（当事者A）,オートマチック車（当事者B）,サポカー（当事者A）,サポカー（当事者B）,速度規制（指定のみ）（当事者A）,速度規制（指定のみ）（当事者B）,車両の衝突部位（当事者A）,車両の衝突部位（当事者B）,車両の損壊程度（当事者A）,車両の損壊程度（当事者B）,エアバッグの装備（当事者A）,エアバッグの装備（当事者B）,サイドエアバッグの装備（当事者A）,サイドエアバッグの装備（当事者B）,人身損傷程度（当事者A）,人身損傷程度（当事者B）,lat,lon,曜日(発生年月日),祝日(発生年月日),認知機能検査経過日数（当事者A）,認知機能検査経過日数（当事者B）,運転練習の方法（当事者A）,運転練習の方法（当事者B）
1,30,556,206,2,0,1,10200,0,119,2024,9,2,6,20,12,5,14,18,7,1,1,1,1,1,9,22,0,0,18,9,30,70,5,2,1,45,55,4,61,31,0,1,0,1,0,11,0,4,0,10,0,3,0,2,0,2,0,4,2,35.77917722222222,139.68704083333333,2,3,9999,0,1,0
1,30,556,226,2,0,1,30000,0,119,2024,9,24,12,58,12,5,30,17,35,1,1,1,14,7,0,0,0,0,2,9,1,70,5,4,1,75,45,3,61,31,0,1,0,1,0,11,0,2,0,40,0,4,0,2,0,2,0,4,2,35.76625888888889,139.67442583333332,3,3,69,0,9,0
1,30,556,227,2,0,1,30000,0,119,2024,9,24,20,20,22,5,30,17,35,1,1,1,1,1,9,22,0,0,14,9,30,70,5,4,1,35,65,3,61,31,0,1,0,1,0,11,0,3,0,10,0,4,0,2,0,2,0,4,2,35.768007222222224,139.6885186111111,3,3,9999,0,5,0
1,30,556,233,2,0,1,30000,0,119,2024,9,16,9,12,12,5,24,17,47,2,1,1,14,7,0,0,0,0,2,9,1,70,5,4,1,45,55,17,61,1,0,11,0,1,0,11,0,10,0,20,0,4,0,2,0,2,0,4,2,35.76553416666667,139.68112805555555,2,1,9999,0,9,0
1,30,557,196,2,0,1,20430,0,120,2024,9,3,15,49,12,5,15,18,6,2,1,1,14,7,0,0,0,0,2,9,1,70,4,2,1,65,75,51,61,41,0,0,0,0,0,0,0,0,0,40,0,3,0,0,0,0,0,4,2,35.735613055555554,139.67365638888887,3,3,0,0,0,0
1,30,557,211,2,0,1,30000,0,120,2024,9,25,18,55,22,5,31,17,34,3,1,1,14,7,0,0,0,0,1,9,1,70,5,2,1,1,45,51,61,41,0,0,0,0,0,0,0,0,0,10,0,3,0,0,0,0,0,4,2,35.75118361111111,139.63624583333333,4,3,0,0,0,0
1,30,557,213,2,0,1,70000,0,120,2024,9,19,18,36,21,5,27,17,42,2,1,1,14,7,0,0,0,0,2,9,1,70,4,2,1,65,55,3,61,31,0,1,0,1,0,11,0,2,0,40,0,3,0,2,0,2,0,4,2,35.73609833333333,139.64427527777778,5,3,9999,0,9,0
1,30,558,231,2,0,1,30000,0,120,2024,9,11,18,44,21,5,21,17,54,1,1,1,7,7,0,0,0,0,2,9,1,70,5,4,1,25,75,51,61,41,0,0,0,0,0,0,0,0,0,10,0,3,0,0,0,0,0,4,2,35.71638361111111,139.58374972222222,4,3,0,0,0,0
1,30,558,233,2,0,1,99000,0,120,2024,9,12,10,30,12,5,21,17,53,1,1,1,0,7,0,0,0,0,0,0,20,70,0,4,1,55,55,51,61,41,0,0,0,0,0,0,0,0,0,40,0,3,0,0,0,0,0,4,2,35.75250138888889,139.5947663888889,5,3,0,0,0,0
1,30,558,234,2,0,1,30000,0,120,2024,9,14,14,53,12,5,23,17,50,1,1,1,1,7,9,22,0,0,11,9,30,70,5,3,1,1,25,14,61,1,0,11,0,1,0,11,0,1,0,10,0,4,0,2,0,2,0,4,2,35.74872166666667,139.58480666666668,7,3,9999,0,1,0
1,30,558,241,2,0,1,30000,0,120,2024,9,20,8,40,12,5,27,17,41,1,1,1,14,7,0,0,0,0,2,9,1,70,5,4,1,65,75,51,61,41,0,0,0,0,0,0,0,0,0,10,0,3,0,0,0,0,0,4,2,35.732144444444444,139.56858583333332,6,3,0,0,0,0
1,30,558,243,2,0,1,30000,0,120,2024,9,21,11,30,12,5,28,17,39,2,1,1,14,7,0,0,0,0,3,9,1,70,5,3,1,65,45,4,61,31,0,1,0,1,0,11,0,2,0,80,0,4,0,2,0,2,0,4,2,35.72519166666667,139.577335,7,3,9999,0,9,0
1,30,558,245,2,0,1,30000,0,120,2024,8,16,21,10,22,5,1,18,29,3,1,2,14,7,0,0,0,0,1,9,1,70,5,3,1,65,45,4,61,31,0,1,0,1,0,11,0,5,0,40,0,3,0,2,0,2,0,4,2,35.748222500000004,139.5835541666667,6,3,9999,0,9,0
1,30,558,246,2,0,1,30000,0,120,2024,9,16,14,13,12,5,24,17,47,1,1,1,14,7,0,0,0,0,3,9,1,70,5,1,1,45,1,14,61,31,0,11,0,1,0,11,0,2,0,40,0,3,0,2,0,2,0,4,2,35.745580833333335,139.5862463888889,2,1,9999,0,1,0
1,30,558,250,2,0,2,30000,0,120,2024,8,7,20,30,22,4,54,18,39,3,1,2,1,7,9,22,0,0,15,9,30,70,5,3,1,45,1,35,61,31,0,0,0,0,0,11,0,2,0,10,0,3,0,0,0,0,0,4,2,35.753082222222226,139.5896277777778,4,3,9999,0,9,0
1,30,558,252,2,0,1,30000,0,120,2024,8,26,14,0,12,5,8,18,17,1,1,1,7,1,0,0,0,0,3,9,1,70,4,3,1,45,45,3,61,31,0,1,0,1,0,11,0,3,0,40,0,4,0,2,0,2,0,4,2,35.75022694444444,139.60726083333333,2,3,9999,0,1,0
1,30,558,257,2,0,1,30000,0,120,2024,4,7,12,50,12,5,19,18,8,1,1,1,13,7,0,0,0,0,4,4,1,70,4,3,1,75,45,3,61,31,0,1,0,1,0,11,0,2,0,40,0,3,0,2,0,2,0,4,2,35.73207888888889,139.58763944444445,1,3,37,0,1,0
1,30,559,229,2,0,1,30000,0,119,2024,9,2,18,20,21,5,14,18,7,1,1,1,7,7,0,0,0,0,3,7,1,70,4,3,1,55,35,34,61,31,0,0,0,0,0,11,0,10,0,10,0,3,0,0,0,0,0,4,2,35.791578611111106,139.6708525,2,3,9999,0,9,0
1,30,559,233,2,0,1,2540,147,119,2024,9,6,22,20,22,5,17,18,1,1,1,1,1,7,1,21,0,0,11,9,30,70,5,3,1,1,45,3,61,31,0,1,0,1,0,11,0,3,0,10,0,4,0,2,0,2,0,4,2,35.777770833333335,139.62940166666667,6,3,9999,0,1,0
1,30,559,235,2,0,1,30000,0,119,2024,9,9,8,16,12,5,19,17,57,1,1,1,1,1,9,22,0,0,14,9,30,70,5,1,1,45,1,14,61,31,0,11,0,1,0,11,0,1,0,40,0,3,0,2,0,2,0,4,2,35.79,139.66349055555557,2,3,9999,0,5,0
1,30,559,240,2,0,1,20490,0,119,2024,9,9,10,3,12,5,19,17,57,1,1,1,1,1,9,22,0,0,11,3,30,70,5,2,1,25,75,3,61,31,0,1,0,1,0,11,0,3,0,21,0,3,0,2,0,2,0,4,2,35.7799775,139.6473,2,3,9999,0,1,0
1,30,559,244,2,0,1,30000,0,119,2024,8,17,12,30,12,5,2,18,28,1,1,1,7,7,0,0,0,0,1,9,1,70,5,4,1,75,45,3,61,31,0,1,0,1,0,11,0,10,0,20,0,3,0,2,0,2,0,4,2,35.77813972222222,139.6310163888889,7,3,214,0,9,0
1,30,559,245,2,0,1,21240,0,119,2024,8,25,16,5,12,5,8,18,18,1,1,1,14,7,0,0,0,0,2,9,1,70,5,4,1,45,35,3,61,31,0,1,0,1,0,11,0,10,0,20,0,3,0,2,0,2,0,4,2,35.773381666666666,139.6415072222222,1,3,9999,0,1,0
1,30,559,246,2,0,1,30000,0,119,2024,9,19,19,42,22,5,27,17,42,1,1,1,1,1,9,22,0,0,15,9,30,70,4,1,1,55,25,13,61,31,0,11,0,1,0,11,0,3,0,20,0,3,0,2,0,2,0,4,2,35.78964277777778,139.67396666666664,5,3,9999,0,5,0
1,30,559,247,2,0,1,20480,0,119,2024,9,21,6,31,12,5,28,17,39,1,1,1,14,7,0,0,0,0,6,9,1,70,1,2,1,35,65,51,61,41,0,0,0,0,0,0,0,0,0,10,0,4,0,0,0,0,0,4,2,35.78864166666666,139.6615975,7,3,0,0,0,0
1,30,559,249,2,0,1,30000,0,119,2024,9,22,0,45,22,5,29,17,38,2,1,1,1,1,9,22,0,0,11,9,30,70,4,1,1,1,75,51,61,41,0,0,0,0,0,0,0,0,0,10,0,4,0,0,0,0,0,4,2,35.76933111111111,139.66155444444445,1,2,0,0,0,0
1,30,559,252,2,0,1,30000,0,119,2024,9,25,8,10,12,5,31,17,34,2,1,1,14,7,0,0,0,0,2,9,1,70,4,1,1,35,1,51,61,41,0,0,0,0,0,0,0,0,0,10,0,3,0,0,0,0,0,4,2,35.786203888888885,139.6671236111111,4,3,0,0,0,0
1,30,559,255,2,0,2,20480,0,119,2024,9,28,16,21,12,5,33,17,29,1,1,1,14,7,0,0,0,0,6,9,1,70,1,2,1,65,55,51,61,41,0,0,0,0,0,0,0,0,0,20,0,4,0,0,0,0,0,4,2,35.78668694444444,139.6695286111111,7,3,0,0,0,0
1,30,560,215,2,0,1,10010,0,120,2024,9,13,10,35,12,5,22,17,51,1,1,1,1,1,9,22,0,0,19,9,30,70,5,1,1,65,75,3,61,1,0,1,0,1,0,11,0,4,0,50,0,3,0,2,0,2,0,4,2,35.75645166666666,139.60108055555554,6,3,9999,0,9,0
1,30,560,230,2,0,1,30000,0,120,2024,9,25,6,28,11,5,31,17,34,2,1,1,1,7,9,22,0,0,11,9,30,70,5,3,1,45,75,51,61,41,0,0,0,0,0,0,0,0,0,10,0,3,0,0,0,0,0,4,2,35.73502861111111,139.6198202777778,4,3,0,0,0,0
1,30,560,243,2,0,1,30000,0,120,2024,9,2,17,46,13,5,14,18,7,1,1,1,14,7,0,0,0,0,2,9,1,70,5,3,1,25,55,13,61,31,0,11,0,1,0,11,0,1,0,40,0,3,0,2,0,2,0,4,2,35.7642275,139.65328805555555,2,3,9999,0,1,0
1,30,660,148,2,0,1,20370,0,106,2024,9,13,3,40,22,5,22,17,51,1,1,1,14,7,0,0,0,0,5,9,1,70,4,2,1,65,45,3,61,1,0,1,0,1,0,11,0,3,0,10,0,1,0,2,0,2,0,4,2,35.70965916666667,139.77163055555556,6,3,9999,0,9,0
1,30,660,150,2,0,1,30000,0,106,2024,9,14,19,40,22,5,23,17,50,1,1,1,1,1,9,22,0,0,17,9,30,70,4,2,1,35,25,51,61,41,0,0,0,0,0,0,0,0,0,40,0,4,0,0,0,0,0,4,2,35.70796611111111,139.77387444444446,7,3,0,0,0,0
1,30,660,151,2,0,1,10290,0,106,2024,9,15,3,49,22,5,24,17,48,1,1,1,1,7,9,22,0,0,17,9,30,70,4,2,1,55,25,17,61,31,0,11,0,1,0,11,0,4,0,10,0,3,0,2,0,2,0,4,2,35.7025875,139.77519611111111,1,2,9999,0,9,0
1,30,660,155,2,0,1,30000,0,106,2024,9,21,11,40,12,5,28,17,39,1,1,1,14,7,0,0,0,0,2,9,1,70,5,4,1,25,45,14,61,1,0,11,0,1,0,11,0,2,0,80,0,4,0,2,0,2,0,4,2,35.710435000000004,139.77428194444445,7,3,9999,0,1,0
1,30,660,160,2,0,1,20390,0,106,2024,9,20,19,40,22,5,27,17,41,1,1,1,7,1,0,0,0,0,4,9,1,70,4,2,1,35,25,3,61,1,0,1,0,1,0,11,0,3,0,20,0,4,0,2,0,2,0,4,2,35.70778555555556,139.77446250000003,6,3,9999,0,1,0
1,30,661,139,2,0,1,30000,0,106,2024,8,25,22,55,22,5,8,18,18,1,1,1,14,7,0,0,0,0,1,9,1,70,5,4,1,25,25,3,61,31,0,1,0,1,0,11,0,5,0,20,0,4,0,2,0,2,0,4,2,35.72280472222222,139.7771991666667,1,3,9999,0,9,0
1,30,661,152,2,0,1,30000,0,106,2024,9,28,18,45,22,5,33,17,29,1,1,1,14,7,0,0,0,0,2,9,1,70,4,2,1,1,55,51,61,41,0,0,0,0,0,0,0,0,0,10,0,3,0,0,0,0,0,4,2,35.724668055555554,139.78271305555558,7,3,0,0,0,0
1,30,661,154,2,0,1,40,57,106,2024,9,29,14,20,12,5,34,17,28,2,1,1,14,7,0,0,0,0,5,9,1,70,6,1,1,35,55,51,61,41,0,0,0,0,0,0,0,0,0,10,0,4,0,0,0,0,0,4,2,35.729304722222224,139.7909238888889,1,3,0,0,0,0
1,30,662,103,2,0,1,20550,0,106,2024,9,17,11,15,12,5,25,17,45,1,1,1,7,7,0,0,0,0,4,9,1,70,4,2,1,55,65,3,61,31,0,1,0,1,0,11,0,1,0,10,0,3,0,2,0,1,0,4,2,35.725993333333335,139.80089944444447,3,3,9999,0,9,0
1,30,662,105,2,0,1,20550,0,106,2024,9,19,16,30,12,5,27,17,42,1,1,1,1,1,9,22,0,0,18,9,30,70,4,1,1,65,75,4,61,31,0,1,0,1,0,11,0,3,0,20,0,4,0,2,0,2,0,4,2,35.727894166666665,139.80005944444446,5,3,9999,0,9,0
1,30,662,106,2,0,1,20550,0,106,2024,9,25,18,12,21,5,31,17,34,3,1,2,1,7,9,22,0,0,15,9,30,70,5,1,1,65,65,4,61,31,0,1,0,1,0,11,0,1,0,50,0,4,0,2,0,2,0,4,2,35.71900777777778,139.80175972222224,4,3,9999,0,9,0
1,30,663,111,2,0,1,20540,0,106,2024,9,5,12,15,12,5,16,18,3,1,1,1,1,7,9,22,0,0,14,9,30,70,4,2,1,1,65,52,61,41,0,0,0,0,0,0,0,0,0,10,0,3,0,0,0,0,0,4,2,35.70646388888889,139.78196833333334,5,3,0,0,0,0
1,30,664,56,2,0,1,10340,0,118,2024,9,4,6,17,12,5,15,18,4,1,1,1,1,1,9,22,0,0,14,8,30,70,4,2,1,1,45,51,61,41,0,0,0,0,0,0,0,0,0,10,0,4,0,0,0,0,0,4,2,35.75145111111111,139.78661472222223,4,3,0,0,0,0
1,30,664,57,2,0,1,20570,0,118,2024,9,6,10,10,12,5,17,18,1,1,1,1,1,1,9,22,0,0,15,9,30,70,4,2,1,65,75,3,61,31,0,1,0,1,0,11,0,1,0,10,0,3,0,2,0,2,0,4,2,35.74477944444445,139.7633538888889,6,3,9999,0,9,0
1,30,664,60,2,0,1,30000,0,118,2024,9,18,18,30,21,5,26,17,44,2,1,1,1,7,7,21,0,0,14,9,30,70,4,2,1,35,55,3,61,31,0,1,0,1,0,11,0,3,0,10,0,4,0,2,0,2,0,4,2,35.73944888888889,139.773355,4,3,9999,0,1,0
1,30,665,80,2,0,1,30000,0,118,2024,9,18,20,25,22,5,26,17,44,3,1,2,7,7,0,0,0,0,2,9,1,70,4,3,1,35,65,35,61,31,0,0,0,0,0,11,0,2,0,20,0,3,0,0,0,0,0,4,2,35.73665611111111,139.79003527777778,4,3,9999,0,5,0
1,30,666,123,2,0,1,30000,0,118,2024,9,22,23,55,22,5,29,17,38,2,1,1,1,7,1,21,0,0,11,9,30,70,5,3,1,35,35,51,61,41,0,0,0,0,0,0,0,0,0,10,0,3,0,0,0,0,0,4,2,35.73476083333333,139.77333166666668,1,2,0,0,0,0
1,30,666,126,2,0,1,30000,0,118,2024,9,25,17,18,13,5,31,17,34,3,1,2,13,7,0,0,0,0,2,6,1,1,5,3,1,55,65,17,61,31,0,11,0,2,0,11,0,2,0,80,0,4,0,2,0,2,0,4,2,35.73104361111111,139.7834938888889,4,3,9999,0,9,0
1,30,666,127,2,0,1,10340,0,118,2024,9,28,18,30,22,5,33,17,29,2,1,1,7,7,0,0,0,0,3,9,1,70,4,1,1,65,75,51,61,41,0,0,0,0,0,0,0,0,0,20,0,4,0,0,0,0,0,4,2,35.7427325,139.78057,7,3,0,0,0,0
1,30,667,149,2,0,1,30000,0,121,2024,9,20,12,55,12,5,27,17,41,1,1,1,14,7,0,0,0,0,1,9,1,1,5,4,1,65,75,17,61,1,0,11,0,1,0,11,0,2,0,30,0,3,0,2,0,2,0,4,2,35.75017416666667,139.8083366666667,6,3,9999,0,9,0
1,30,667,155,2,0,1,30390,0,121,2024,9,12,12,50,12,5,21,17,53,1,1,1,1,1,0,0,0,0,18,9,30,70,5,2,1,35,0,61,0,0,0,0,0,0,0,0,0,0,0,0,0,0,0,0,0,0,0,2,0,35.750368333333334,139.80283111111112,5,3,0,0,0,0
1,30,668,438,2,0,1,30000,0,121,2024,9,13,8,35,12,5,22,17,51,1,1,1,1,7,9,22,0,0,11,9,30,70,4,2,1,65,1,3,61,1,0,1,0,1,0,11,0,3,0,10,0,3,0,2,0,2,0,4,2,35.762746944444444,139.79888499999998,6,3,9999,0,9,0
1,30,668,453,2,0,1,20620,0,121,2024,9,23,18,5,21,5,30,17,37,1,1,1,1,1,9,22,0,0,15,9,30,70,4,1,1,45,55,3,61,31,0,1,0,1,0,11,0,3,0,50,0,3,0,2,0,2,0,4,2,35.777140555555555,139.79768833333333,2,1,9999,0,1,0
1,30,668,464,2,0,1,30000,0,121,2024,9,29,13,45,12,5,34,17,28,3,1,2,1,7,1,21,0,0,11,9,30,70,5,3,1,55,45,3,61,31,0,1,0,1,0,11,0,2,0,50,0,4,0,2,0,2,0,4,2,35.767742222222225,139.77465555555557,1,3,9999,0,1,0
1,30,669,359,2,0,1,30000,0,121,2024,9,7,10,4,12,5,18,18,0,1,1,1,1,1,9,22,0,0,14,9,30,70,5,2,1,45,75,17,61,1,0,11,0,1,0,11,0,5,0,10,0,3,0,2,0,2,0,4,2,35.76886611111111,139.82342111111112,7,3,9999,0,5,0
1,30,669,370,2,0,1,30000,0,121,2024,9,11,14,15,12,5,21,17,54,1,1,1,1,1,9,22,0,0,15,9,30,70,4,2,1,55,25,17,61,31,0,11,0,1,0,11,0,3,0,10,0,3,0,2,0,2,0,4,2,35.7951675,139.84027361111112,4,3,9999,0,9,0
1,30,669,393,2,0,1,30000,0,121,2024,9,23,13,50,12,5,30,17,37,1,1,1,1,7,1,21,0,0,15,9,30,70,5,2,1,55,75,3,61,1,0,1,0,1,0,11,0,5,0,10,0,3,0,2,0,2,0,4,2,35.77710222222222,139.8089302777778,2,1,9999,0,9,0
1,30,670,230,2,0,1,30000,0,121,2024,8,13,18,15,13,4,58,18,33,1,1,1,1,1,9,22,0,0,15,9,30,70,5,2,1,1,55,4,61,31,0,1,0,1,0,11,0,2,0,10,0,3,0,2,0,2,0,4,2,35.80513944444444,139.80436916666667,3,3,9999,0,1,0
1,30,670,232,2,0,1,30000,0,121,2024,9,13,16,12,12,5,22,17,51,1,1,1,1,1,9,22,0,0,11,9,30,70,5,3,1,65,75,4,61,31,0,1,0,1,0,11,0,10,0,20,0,3,0,2,0,2,0,4,2,35.795852499999995,139.80797111111113,6,3,9999,0,9,0
1,30,670,234,2,0,1,99000,0,121,2024,9,15,18,57,22,5,24,17,48,2,1,1,0,7,0,0,0,0,0,0,20,70,0,4,1,45,35,3,61,31,0,1,0,1,0,11,0,10,0,60,0,3,0,2,0,2,0,4,2,35.801513611111105,139.76121722222223,1,2,9999,0,1,0
1,30,771,419,2,0,1,30000,0,108,2024,9,10,11,35,12,5,20,17,56,1,1,1,1,1,9,22,0,0,11,9,30,70,5,2,1,75,75,51,61,41,0,0,0,0,0,0,0,0,0,10,0,3,0,0,0,0,0,4,2,35.67149111111111,139.79732055555556,3,3,0,0,0,0
1,30,771,432,2,0,1,20680,0,108,2024,9,13,7,49,12,5,22,17,51,1,1,1,1,1,0,0,0,0,19,9,30,70,4,1,1,1,0,61,0,0,0,0,0,0,0,0,0,0,0,0,0,0,0,0,0,0,0,2,0,35.67522888888889,139.79605972222222,6,3,0,0,0,0
1,30,771,433,2,0,1,95000,0,108,2024,9,20,18,25,21,5,27,17,41,1,1,1,0,7,0,0,0,0,0,0,20,70,0,4,1,1,1,51,61,41,0,0,0,0,0,0,0,0,0,10,0,3,0,0,0,0,0,4,2,35.69188583333333,139.81742166666666,6,3,0,0,0,0
1,30,771,434,2,0,1,30000,0,108,2024,9,20,20,50,22,5,27,17,41,1,1,1,1,7,5,21,0,0,15,9,30,70,4,1,1,25,1,14,61,1,0,11,0,1,0,11,0,2,0,10,0,3,0,1,0,2,0,4,2,35.66756055555555,139.80782472222222,6,3,9999,0,1,0
1,30,771,440,2,0,1,10040,0,108,2024,9,6,11,10,12,5,17,18,1,1,1,1,1,1,9,22,0,0,19,9,30,70,1,2,1,45,45,3,61,1,0,1,0,1,0,1,0,4,0,10,0,3,0,2,0,2,0,4,2,35.669623611111106,139.81672111111112,6,3,9999,0,5,0
1,30,772,296,2,0,1,30000,0,108,2024,9,11,11,27,12,5,21,17,54,1,1,1,14,7,0,0,0,0,3,9,1,1,4,3,1,45,45,14,61,1,0,11,0,1,0,11,0,2,0,80,0,3,0,2,0,2,0,4,2,35.693883611111104,139.82489638888887,4,3,9999,0,1,0
1,30,772,301,2,0,1,20540,0,108,2024,9,13,11,10,12,5,22,17,51,1,1,1,1,1,9,22,0,0,14,9,30,70,4,2,1,55,65,13,61,1,0,11,0,1,0,11,0,3,0,10,0,3,0,2,0,2,0,4,2,35.67656916666667,139.83118055555556,6,3,9999,0,9,0
1,30,772,312,2,0,1,30000,0,108,2024,9,24,13,47,12,5,30,17,35,1,1,1,7,7,0,0,0,0,2,9,1,70,5,3,1,45,75,3,61,31,0,1,0,1,0,11,0,5,0,30,0,4,0,2,0,2,0,4,2,35.699888888888886,139.82487583333332,3,3,9999,0,9,0
1,30,772,314,2,0,1,30000,0,108,2024,9,20,10,55,12,5,27,17,41,1,1,1,14,7,0,0,0,0,2,9,1,70,5,1,1,65,35,51,61,41,0,0,0,0,0,0,0,0,0,20,0,4,0,0,0,0,0,4,2,35.684621111111106,139.84312861111113,6,3,0,0,0,0
1,30,772,315,2,0,1,30000,0,108,2024,9,25,18,40,22,5,31,17,34,3,1,2,1,7,1,22,0,0,11,9,30,70,5,2,1,55,45,3,61,1,0,1,0,1,0,11,0,5,0,40,0,3,0,2,0,2,0,4,2,35.688725,139.8402002777778,4,3,9999,0,9,0
1,30,772,316,2,0,1,10290,0,108,2024,9,26,6,10,11,5,32,17,32,2,1,2,1,1,9,22,0,0,15,9,30,70,4,2,1,25,35,13,61,31,0,11,0,1,0,11,0,4,0,10,0,3,0,2,0,2,0,4,2,35.70173277777778,139.825175,5,3,9999,0,1,0
1,30,772,317,2,0,1,30000,0,108,2024,6,30,12,0,12,4,28,19,1,1,1,1,14,7,0,0,0,0,1,9,1,70,5,4,1,75,45,51,61,41,0,0,0,0,0,0,0,0,0,20,0,4,0,0,0,0,0,4,2,35.69841611111111,139.83354444444444,1,3,0,0,0,0
1,30,773,222,2,0,1,140,36,107,2024,8,20,8,21,12,5,4,18,24,1,1,1,1,1,9,22,0,0,18,9,30,70,1,2,1,55,1,13,61,31,0,11,0,1,0,11,0,5,0,80,0,3,0,2,0,2,0,4,2,35.69484527777777,139.80434055555557,3,3,9999,0,9,0
1,30,773,223,2,0,1,30000,0,107,2024,9,2,13,50,12,5,14,18,7,1,1,1,14,7,0,0,0,0,3,9,1,70,5,1,1,45,45,51,61,41,0,0,0,0,0,0,0,0,0,40,0,4,0,0,0,0,0,4,2,35.70977083333334,139.81263194444446,2,3,0,0,0,0
1,30,773,229,2,0,1,30000,0,107,2024,9,18,18,45,22,5,26,17,44,2,1,1,1,7,9,22,0,0,14,9,30,70,5,1,1,65,25,3,61,1,0,1,0,1,0,11,0,3,0,20,0,3,0,2,0,2,0,4,2,35.709386111111115,139.80219222222223,4,3,9999,0,9,0
1,30,774,172,2,0,2,60,73,107,2024,5,15,7,40,12,4,36,18,39,1,1,1,14,7,0,0,0,0,5,9,1,70,4,2,1,35,1,36,61,31,0,0,0,0,0,11,0,2,0,10,0,3,0,0,0,0,0,2,2,35.72752722222222,139.82391027777777,4,3,9999,0,1,0
1,30,774,174,2,0,1,10090,0,107,2024,9,4,23,20,22,5,15,18,4,1,1,1,1,7,0,0,0,0,17,9,30,70,5,2,1,45,0,61,0,0,0,0,0,0,0,0,0,0,0,0,0,0,0,0,0,0,0,2,0,35.71625166666667,139.82444583333333,4,3,0,0,0,0
1,30,774,177,2,0,1,30000,0,107,2024,9,10,7,5,12,5,20,17,56,1,1,1,13,1,0,0,0,0,3,6,1,70,4,2,1,45,75,51,61,41,0,0,0,0,0,0,0,0,0,20,0,3,0,0,0,0,0,4,2,35.72784861111111,139.81286444444444,3,3,0,0,0,0
1,30,774,180,2,0,1,20670,0,107,2024,9,12,9,0,12,5,21,17,53,1,1,1,14,7,0,0,0,0,5,9,1,70,4,2,1,55,1,51,61,41,0,0,0,0,0,0,0,0,0,40,0,3,0,0,0,0,0,2,4,35.726648611111116,139.8130602777778,5,3,0,0,0,0
1,30,774,184,2,0,1,30500,0,107,2024,9,18,7,48,12,5,26,17,44,1,1,1,1,7,9,22,0,0,14,9,30,70,4,2,1,45,75,13,61,31,0,11,0,1,0,11,0,3,0,10,0,3,0,2,0,2,0,4,2,35.72571055555556,139.82801833333332,4,3,9999,0,5,0
1,30,774,190,2,0,1,30000,0,107,2024,9,24,8,7,12,5,30,17,35,1,1,1,14,7,0,0,0,0,2,9,1,70,5,3,1,55,35,51,61,41,0,0,0,0,0,0,0,0,0,10,0,4,0,0,0,0,0,4,2,35.72252,139.81964777777776,3,3,0,0,0,0
1,30,775,227,2,0,1,30000,0,122,2024,9,15,16,17,12,5,24,17,48,1,1,1,1,7,9,22,0,0,11,9,30,70,5,4,1,45,65,3,61,31,0,1,0,1,0,11,0,10,0,70,0,4,0,2,0,2,0,4,2,35.75552305555556,139.82697916666666,1,2,9999,0,1,0
1,30,775,240,2,0,1,30000,0,122,2024,9,24,8,50,12,5,30,17,35,1,1,1,14,7,0,0,0,0,3,9,1,70,5,3,1,55,45,13,61,31,0,11,0,1,0,11,0,2,0,30,0,4,0,2,0,2,0,4,2,35.76848361111111,139.86742055555555,3,3,9999,0,9,0
1,30,777,506,2,0,1,30000,0,123,2024,9,2,6,40,12,5,14,18,7,1,1,1,14,7,0,0,0,0,2,9,1,70,4,3,1,65,75,51,61,41,0,0,0,0,0,0,0,0,0,10,0,3,0,0,0,0,0,4,2,35.68864666666666,139.89599055555556,2,3,0,0,0,0
1,30,777,515,2,0,1,21190,0,123,2024,9,6,11,33,12,5,17,18,1,1,1,1,1,1,9,22,0,0,14,9,30,70,2,1,1,55,65,12,61,31,0,11,0,2,0,11,0,3,0,10,0,4,0,2,0,2,0,4,2,35.70847888888889,139.8435263888889,6,3,9999,0,9,0
1,30,777,531,2,0,2,30000,0,123,2024,9,17,5,50,11,5,25,17,45,1,1,1,14,7,0,0,0,0,1,9,1,70,5,4,1,65,25,3,61,31,0,1,0,1,0,11,0,2,0,10,0,3,0,2,0,2,0,4,2,35.69954361111111,139.8633236111111,3,3,9999,0,9,0
1,30,777,533,2,0,1,30000,0,123,2024,9,17,17,15,13,5,25,17,45,1,1,1,14,7,0,0,0,0,3,9,1,70,4,2,1,45,75,51,61,41,0,0,0,0,0,0,0,0,0,40,0,3,0,0,0,0,0,4,2,35.68762583333333,139.87642277777778,3,3,0,0,0,0