資料区分,都道府県コード,警察署等コード,本票番号,事故内容,死者数,負傷者数,路線コード,地点コード,市区町村コード,発生日時　　年,発生日時　　月,発生日時　　日,発生日時　　時,発生日時　　分,昼夜,日の出時刻　　時,日の出時刻　　分,日の入り時刻　　時,日の入り時刻　　分,天候,地形,路面状態,道路形状,信号機,一時停止規制　標識（当事者A）,一時停止規制　表示（当事者A）,一時停止規制　標識（当事者B）,一時停止規制　表示（当事者B）,車道幅員,道路線形,衝突地点,ゾーン規制,中央分離帯施設等,歩車道区分,事故類型,年齢（当事者A）,年齢（当事者B）,当事者種別（当事者A）,当事者種別（当事者B）,用途別（当事者A）,用途別（当事者B）,車両形状等（当事者A）,車両形状等（当事者B）,オートマチック車（当事者A）,オートマチック車（当事者B）,サポカー（当事者A）,サポカー（当事者B）,速度規制（指定のみ）（当事者A）,速度規制（指定のみ）（当事者B）,車両の衝突部位（当事者A）,車両の衝突部位（当事者B）,車両の損壊程度（当事者A）,車両の損壊程度（当事者B）,エアバッグの装備（当事者A）,エアバッグの装備（当事者B）,サイドエアバッグの装備（当事者A）,サイドエアバッグの装備（当事者B）,人身損傷程度（当事者A）,人身損傷程度（当事者B）,lat,lon,曜日(発生年月日),祝日(発生年月日),認知機能検査経過日数（当事者A）,認知機能検査経過日数（当事者B）,運転練習の方法（当事者A）,運転練習の方法（当事者B）
1,30,777,547,2,0,1,95000,0,123,2024,9,8,11,0,12,5,18,17,58,1,1,1,14,7,0,0,0,0,3,9,1,70,5,4,1,1,45,51,61,41,0,0,0,0,0,0,0,0,0,10,0,3,0,0,0,0,0,4,2,35.69976111111111,139.8543136111111,1,3,0,0,0,0
1,30,777,552,2,0,1,30000,0,123,2024,9,28,8,10,12,5,33,17,29,2,1,1,1,7,9,22,0,0,11,9,30,1,5,2,1,55,55,3,61,31,0,1,0,1,0,11,0,2,0,20,0,3,0,2,0,2,0,4,2,35.68606611111111,139.8678727777778,7,3,9999,0,9,0
1,30,777,560,2,0,1,30000,0,123,2024,9,21,18,30,21,5,28,17,39,2,1,1,14,7,0,0,0,0,3,9,1,70,5,3,1,55,65,3,61,31,0,1,0,1,0,11,0,1,0,30,0,3,0,2,0,2,0,4,2,35.70624388888889,139.90302944444446,7,3,9999,0,1,0
1,30,778,189,2,0,1,30000,0,123,2024,9,9,18,33,21,5,19,17,57,2,1,2,14,7,0,0,0,0,1,9,1,70,4,2,1,35,55,51,61,41,0,0,0,0,0,0,0,0,0,20,0,3,0,0,0,0,0,4,2,35.73448138888889,139.8936336111111,2,3,0,0,0,0
1,30,778,197,2,0,1,30000,0,123,2024,9,21,11,16,12,5,28,17,39,1,1,1,1,7,9,22,0,0,14,9,30,70,4,2,1,55,45,51,61,41,0,0,0,0,0,0,0,0,0,10,0,3,0,0,0,0,0,4,2,35.732570833333334,139.88041555555557,7,3,0,0,0,0
1,30,779,175,2,0,1,10350,0,123,2024,9,2,23,45,22,5,14,18,7,1,1,1,1,1,9,22,0,0,15,9,30,70,5,2,1,65,25,3,61,31,0,1,0,1,0,11,0,4,0,80,0,3,0,2,0,2,0,4,2,35.66893666666667,139.86605694444444,2,3,9999,0,9,0
1,30,779,185,2,0,1,20000,0,123,2024,9,21,0,7,22,5,28,17,39,1,1,1,1,1,9,22,0,0,14,9,30,70,4,2,1,65,35,3,61,1,0,1,0,1,0,11,0,2,0,40,0,4,0,2,0,2,0,4,2,35.648073333333336,139.87592527777778,7,3,9999,0,9,0
1,30,779,189,2,0,1,10350,0,123,2024,9,27,12,55,12,5,33,17,31,3,1,2,1,1,9,22,0,0,17,9,30,70,1,2,1,25,65,14,61,1,0,11,0,1,0,11,0,4,0,50,0,3,0,2,0,2,0,4,2,35.66640638888889,139.88110111111112,6,3,9999,0,5,0
1,30,876,270,2,0,1,20000,0,201,2024,9,4,4,57,23,5,15,18,4,1,1,1,1,1,9,22,0,0,18,9,30,70,1,2,1,75,65,13,61,31,0,11,0,1,0,11,0,3,0,50,0,3,0,2,0,2,0,4,2,35.64154722222222,139.31882944444445,4,3,268,0,9,0
1,30,876,303,2,0,1,30000,0,201,2024,9,30,20,48,22,5,35,17,26,1,2,1,1,7,1,21,0,0,11,9,30,70,4,1,1,25,25,4,61,31,0,1,0,1,0,11,0,5,0,20,0,3,0,2,0,2,0,4,2,35.634235,139.39802166666666,2,3,9999,0,1,0
1,30,877,313,2,0,1,99000,0,201,2024,9,13,10,32,12,5,22,17,51,1,1,1,0,7,0,0,0,0,0,0,20,70,0,4,1,45,65,4,61,31,0,1,0,1,0,11,0,10,0,20,0,3,0,2,0,2,0,4,2,35.630206111111114,139.31503527777778,6,3,9999,0,1,0
1,30,877,319,2,0,1,30000,0,201,2024,9,15,21,5,22,5,24,17,48,1,2,1,14,7,0,0,0,0,3,9,1,70,4,1,1,45,75,4,61,31,0,1,0,1,0,11,0,2,0,10,0,3,0,2,0,2,0,4,2,35.67934666666667,139.2624152777778,1,2,9999,0,1,0
1,30,877,320,2,0,1,99000,0,201,2024,9,16,13,51,12,5,24,17,47,2,1,1,0,7,0,0,0,0,0,0,20,70,0,4,1,65,65,3,61,31,0,1,0,1,0,11,0,10,0,10,0,3,0,2,0,2,0,4,2,35.65533277777778,139.3042777777778,2,1,9999,0,9,0
1,30,877,321,2,0,1,99000,0,201,2024,9,16,18,26,21,5,24,17,47,2,1,1,0,7,0,0,0,0,0,0,20,70,0,4,1,65,45,3,61,31,0,1,0,1,0,11,0,10,0,20,0,3,0,2,0,2,0,4,2,35.65537444444444,139.30429944444447,2,1,9999,0,9,0
1,30,878,319,2,0,1,30000,0,224,2024,9,9,8,10,12,5,19,17,57,1,1,1,1,7,1,21,0,0,14,9,30,70,4,1,1,45,65,3,61,31,0,1,0,1,0,11,0,3,0,10,0,3,0,2,0,2,0,4,2,35.64066222222222,139.45154166666666,2,3,9999,0,1,0
1,30,878,326,2,0,1,30000,0,224,2024,9,14,1,45,22,5,23,17,50,1,2,1,14,7,0,0,0,0,2,7,1,70,5,4,1,55,35,3,61,31,0,1,0,1,0,11,0,10,0,10,0,3,0,2,0,2,0,4,2,35.6452125,139.45948277777777,7,3,9999,0,9,0
1,30,878,327,2,0,1,30000,0,224,2024,9,7,13,40,12,5,18,18,0,1,1,1,14,7,0,0,0,0,3,9,1,70,4,3,1,65,25,3,61,31,0,1,0,1,0,11,0,3,0,40,0,3,0,2,0,2,0,4,2,35.646810277777774,139.4519286111111,7,3,9999,0,9,0
1,30,878,330,2,0,1,30000,0,225,2024,9,16,17,50,21,5,24,17,47,1,2,1,14,7,0,0,0,0,3,9,1,70,5,4,1,55,1,4,61,31,0,1,0,1,0,11,0,2,0,10,0,3,0,2,0,2,0,4,2,35.63489111111111,139.49252055555553,2,1,9999,0,9,0
1,30,878,340,2,0,1,30000,0,224,2024,9,24,15,50,12,5,30,17,35,1,1,1,1,1,9,22,0,0,17,9,30,70,4,2,1,1,75,51,61,41,0,0,0,0,0,0,0,0,0,10,0,3,0,0,0,0,0,4,2,35.650855,139.44322194444445,3,3,0,0,0,0
1,30,879,312,2,0,1,30000,0,223,2024,9,4,8,15,12,5,15,18,4,1,2,1,1,7,9,22,0,0,11,9,30,70,5,3,1,45,25,4,61,31,0,1,0,1,0,11,0,5,0,80,0,3,0,2,0,2,0,4,2,35.7466075,139.38068916666668,4,3,9999,0,5,0
1,30,879,316,2,0,1,30000,0,220,2024,9,9,10,5,12,5,19,17,57,1,2,1,14,7,0,0,0,0,1,9,1,70,5,1,1,45,35,51,61,41,0,0,0,0,0,0,0,0,0,10,0,3,0,0,0,0,0,4,2,35.748509444444444,139.44366833333333,2,3,0,0,0,0
1,30,879,319,2,0,1,30000,0,220,2024,9,10,19,25,22,5,20,17,56,1,1,1,14,7,0,0,0,0,3,9,1,1,5,4,1,45,35,4,61,31,0,1,0,1,0,11,0,2,0,10,0,3,0,2,0,2,0,4,2,35.745447222222225,139.41762694444444,3,3,9999,0,1,0
1,30,879,322,2,0,1,30000,0,220,2024,9,12,20,30,22,5,21,17,53,1,2,1,14,7,0,0,0,0,3,9,1,70,5,2,1,25,55,14,61,1,0,11,0,1,0,11,0,3,0,40,0,3,0,2,0,2,0,4,2,35.75031805555555,139.4443488888889,5,3,9999,0,1,0
1,30,879,330,2,0,1,99000,0,220,2024,9,18,18,40,21,5,26,17,44,3,2,2,0,7,0,0,0,0,0,0,20,70,0,4,1,45,35,11,61,31,0,11,0,1,0,11,0,10,0,30,0,3,0,2,0,2,0,4,2,35.73659833333333,139.4450811111111,4,3,9999,0,1,0
1,30,879,335,2,0,1,10540,0,220,2024,9,10,18,0,21,5,20,17,56,1,1,1,1,1,9,22,0,0,15,9,30,70,4,2,1,1,45,51,61,41,0,0,0,0,0,0,0,0,0,10,0,3,0,0,0,0,0,4,2,35.7348,139.4172975,3,3,0,0,0,0
1,30,879,336,2,0,1,31080,0,220,2024,9,27,17,0,13,5,33,17,31,2,2,1,1,7,9,22,0,0,11,9,30,70,4,2,1,65,75,3,61,31,0,1,0,2,0,11,0,2,0,40,0,3,0,2,0,2,0,4,2,35.745246111111115,139.4499336111111,6,3,9999,0,9,0
1,30,880,197,2,0,1,99000,0,205,2024,9,18,20,6,22,5,26,17,44,3,3,2,0,7,0,0,0,0,0,0,20,70,0,4,1,45,55,4,61,31,0,1,0,1,0,11,0,5,0,70,0,3,0,2,0,2,0,4,2,35.79072111111111,139.30913777777778,4,3,9999,0,1,0
1,30,880,199,2,0,1,30000,0,205,2024,9,20,18,10,21,5,27,17,41,1,2,1,14,7,0,0,0,0,3,9,1,70,4,2,1,75,35,3,61,31,0,1,0,1,0,11,0,3,0,10,0,3,0,2,0,2,0,4,2,35.793281111111106,139.2923013888889,6,3,546,0,9,0
1,30,880,205,2,0,1,30000,0,205,2024,9,23,21,20,22,5,30,17,37,1,1,1,1,1,9,22,0,0,14,9,30,70,4,2,1,65,35,4,61,31,0,1,0,1,0,11,0,3,0,10,0,3,0,2,0,2,0,4,2,35.78824944444444,139.27434027777778,2,1,9999,0,9,0
1,30,881,130,2,0,1,21130,0,228,2024,9,5,15,53,12,5,16,18,3,1,1,1,1,1,9,22,0,0,15,9,30,70,4,2,1,75,1,4,61,31,0,1,0,1,0,11,0,3,0,20,0,3,0,2,0,2,0,4,2,35.72966638888889,139.2550588888889,5,3,22,0,9,0
1,30,882,261,2,0,1,99000,0,303,2024,9,20,9,14,12,5,27,17,41,1,3,1,0,7,0,0,0,0,0,0,20,70,0,4,1,75,45,4,61,31,0,1,0,1,0,11,0,10,0,80,0,3,0,2,0,2,0,4,2,35.76992444444444,139.34794694444446,6,3,458,0,9,0
1,30,882,271,2,0,1,10550,0,227,2024,9,27,19,55,22,5,33,17,31,3,3,2,1,7,9,22,0,0,14,8,30,70,5,2,1,55,75,35,61,31,0,0,0,0,0,11,0,3,0,10,0,3,0,0,0,0,0,4,2,35.75941916666667,139.31157361111113,6,3,9999,0,9,0
1,30,882,273,2,0,1,30000,0,228,2024,8,5,19,5,21,4,52,18,41,1,1,1,7,7,0,0,0,0,3,9,1,70,4,2,1,45,35,3,61,31,0,1,0,1,0,11,0,3,0,10,0,3,0,2,0,2,0,4,2,35.72138027777778,139.31756527777776,2,3,9999,0,5,0
1,30,883,355,2,0,1,30000,0,201,2024,9,8,11,0,12,5,18,17,58,1,1,1,14,7,0,0,0,0,3,9,1,70,5,2,1,45,45,14,61,31,0,11,0,1,0,11,0,10,0,10,0,3,0,2,0,2,0,4,2,35.660082777777774,139.3371236111111,1,3,9999,0,1,0
1,30,883,365,2,0,1,30000,0,201,2024,9,13,7,45,12,5,22,17,51,1,2,1,14,7,0,0,0,0,3,9,1,70,5,3,1,65,65,3,61,31,0,1,0,1,0,11,0,2,0,40,0,3,0,2,0,2,0,4,2,35.652657222222224,139.341305,6,3,9999,0,9,0
1,30,883,375,2,0,1,99000,0,201,2024,9,19,17,35,13,5,27,17,42,2,1,1,0,7,0,0,0,0,0,0,20,70,0,4,1,35,25,3,61,31,0,1,0,1,0,11,0,10,0,80,0,4,0,2,0,2,0,4,2,35.66059138888889,139.34079833333334,5,3,9999,0,1,0
1,30,883,377,2,0,1,30000,0,201,2024,9,20,20,49,22,5,27,17,41,1,2,1,14,7,0,0,0,0,1,9,1,70,5,2,1,1,55,51,61,41,0,0,0,0,0,0,0,0,0,10,0,3,0,0,0,0,0,4,2,35.670740277777774,139.31679722222222,6,3,0,0,0,0
1,30,883,381,2,0,1,30000,0,201,2024,9,25,8,5,12,5,31,17,34,2,1,1,14,7,0,0,0,0,1,9,1,70,5,3,1,55,45,3,61,31,0,1,0,1,0,11,0,5,0,40,0,3,0,2,0,2,0,4,2,35.65194694444444,139.3328575,4,3,9999,0,1,0
1,30,883,390,2,0,1,30000,0,201,2024,9,27,20,35,22,5,33,17,31,2,1,1,1,1,9,22,0,0,15,9,30,70,4,2,1,55,1,3,61,1,0,1,0,1,0,1,0,3,0,50,0,4,0,2,0,2,0,4,2,35.65609305555555,139.34985277777778,6,3,9999,0,9,0
1,30,884,551,2,0,1,30000,0,209,2024,7,5,16,35,12,4,31,19,0,1,1,1,14,7,0,0,0,0,2,9,1,70,5,3,1,45,25,3,61,31,0,1,0,1,0,11,0,3,0,40,0,3,0,2,0,2,0,4,2,35.582817500000004,139.4800725,6,3,9999,0,9,0
1,30,884,553,2,0,1,99000,0,209,2024,9,1,10,58,12,5,13,18,8,2,1,1,0,7,0,0,0,0,0,0,20,70,0,4,1,35,75,4,61,31,0,1,0,1,0,11,0,10,0,30,0,3,0,2,0,2,0,4,2,35.56783888888889,139.4266486111111,1,3,9999,0,1,0
1,30,884,556,2,0,1,30000,0,209,2024,9,4,18,20,21,5,15,18,4,1,1,1,1,1,9,22,0,0,15,9,30,70,4,2,1,55,1,3,61,31,0,1,0,1,0,11,0,3,0,20,0,2,0,2,0,2,0,4,2,35.567708333333336,139.4362086111111,4,3,9999,0,9,0
1,30,884,558,2,0,1,30570,0,209,2024,9,5,9,15,12,5,16,18,3,1,1,1,1,1,9,22,0,0,15,9,30,70,4,2,1,1,65,3,61,31,0,1,0,1,0,11,0,3,0,10,0,4,0,2,0,2,0,4,2,35.56762333333334,139.43205972222222,5,3,9999,0,1,0
1,30,884,570,2,0,1,30000,0,209,2024,9,10,18,23,21,5,20,17,56,1,1,1,1,7,1,21,0,0,14,9,30,70,4,3,1,55,45,35,61,31,0,0,0,0,0,11,0,2,0,10,0,4,0,0,0,0,0,4,2,35.580983611111115,139.49527388888887,3,3,9999,0,9,0
1,30,884,573,2,0,1,30000,0,209,2024,9,14,11,25,12,5,23,17,50,1,1,1,14,7,0,0,0,0,1,9,1,70,5,3,1,65,35,3,61,31,0,1,0,1,0,11,0,2,0,10,0,4,0,2,0,2,0,4,2,35.54533055555555,139.4445802777778,7,3,9999,0,9,0
1,30,884,594,2,0,1,99000,0,209,2024,9,23,12,40,12,5,30,17,37,1,1,1,0,7,0,0,0,0,0,0,20,70,0,4,1,1,75,51,61,41,0,0,0,0,0,0,0,0,0,10,0,3,0,0,0,0,0,4,2,35.542389166666666,139.4688336111111,2,1,0,0,0,0
1,30,884,596,2,0,1,30000,0,209,2024,9,24,15,43,12,5,30,17,35,1,1,1,1,7,9,22,0,0,14,9,30,70,5,3,1,65,1,4,61,31,0,1,0,1,0,11,0,2,0,50,0,3,0,2,0,2,0,4,2,35.56572833333333,139.4607636111111,3,3,9999,0,9,0
1,30,885,197,2,0,1,30000,0,212,2024,7,13,22,50,22,4,35,18,58,1,1,1,1,1,9,22,0,0,18,9,30,70,5,3,1,1,45,35,61,31,0,0,0,0,0,11,0,4,0,10,0,3,0,0,0,0,0,4,2,35.658787499999995,139.37315194444446,7,3,0,0,0,0
1,30,885,198,2,0,1,10510,0,212,2024,8,26,5,50,11,5,8,18,17,1,1,1,1,1,9,22,0,0,15,9,30,70,4,2,1,65,65,36,61,31,0,0,0,0,0,11,0,2,0,10,0,3,0,0,0,0,0,4,2,35.65924472222222,139.42019249999998,2,3,9999,0,5,0
1,30,885,203,2,0,1,20770,0,212,2024,9,16,17,10,13,5,24,17,47,2,1,1,14,7,0,0,0,0,2,9,1,70,5,2,1,35,55,4,61,31,0,1,0,1,0,11,0,3,0,40,0,3,0,2,0,2,0,4,2,35.64795888888889,139.38629833333331,2,1,9999,0,1,0
1,30,885,206,2,0,1,30000,0,212,2024,9,22,12,20,12,5,29,17,38,2,1,1,1,7,9,22,0,0,15,9,30,70,4,2,1,45,75,3,61,31,0,1,0,1,0,11,0,3,0,10,0,3,0,2,0,2,0,4,2,35.65858027777777,139.38262277777778,1,2,9999,0,1,0
1,30,886,263,2,0,1,30000,0,207,2024,9,15,15,0,12,5,24,17,48,1,1,1,14,7,0,0,0,0,3,9,1,70,4,2,1,45,45,3,61,31,0,1,0,1,0,11,0,3,0,40,0,3,0,2,0,2,0,4,2,35.701037222222226,139.39223972222223,1,2,9999,0,1,0
1,30,886,268,2,0,1,31050,0,207,2024,9,20,15,55,12,5,27,17,41,1,1,1,1,1,9,22,0,0,14,9,30,70,4,2,1,55,1,4,61,31,0,1,0,1,0,11,0,3,0,10,0,3,0,2,0,2,0,4,2,35.71084833333334,139.3606125,6,3,9999,0,9,0
1,30,886,269,2,0,1,30810,0,207,2024,9,21,10,1,12,5,28,17,39,1,2,1,1,7,9,22,0,0,14,9,30,70,4,1,1,35,75,4,61,31,0,1,0,1,0,11,0,3,0,50,0,3,0,2,0,2,0,4,2,35.72091972222223,139.341925,7,3,9999,0,1,0
1,30,887,464,2,0,1,30000,0,202,2024,9,4,15,55,12,5,15,18,4,1,1,1,1,1,9,22,0,0,14,9,30,70,1,2,1,35,1,17,61,31,0,11,0,1,0,11,0,3,0,40,0,4,0,2,0,2,0,4,2,35.70035333333334,139.41669805555554,4,3,9999,0,5,0
1,30,887,469,2,0,1,30000,0,215,2024,9,12,9,25,12,5,21,17,53,1,2,1,14,7,0,0,0,0,1,9,1,70,5,3,1,75,35,3,61,31,0,1,0,1,0,11,0,2,0,0,0,4,0,2,0,2,0,4,2,35.68391944444444,139.425055,5,3,198,0,9,0
1,30,887,476,2,0,1,30000,0,215,2024,9,17,16,45,13,5,25,17,45,1,1,1,14,7,0,0,0,0,2,9,1,70,4,1,1,1,65,51,61,41,0,0,0,0,0,0,0,0,0,10,0,3,0,0,0,0,0,4,2,35.69935694444444,139.44404805555556,3,3,0,0,0,0
1,30,887,477,2,0,1,30000,0,202,2024,9,17,20,3,22,5,25,17,45,1,1,1,1,7,9,22,0,0,15,9,30,70,5,1,1,1,1,4,61,31,0,1,0,1,0,11,0,3,0,10,0,3,0,2,0,2,0,4,2,35.70082638888889,139.41678666666667,3,3,9999,0,1,0
1,30,887,480,2,0,1,30000,0,215,2024,9,19,7,48,12,5,27,17,42,1,1,1,14,7,0,0,0,0,1,9,1,70,5,4,1,35,1,51,61,41,0,0,0,0,0,0,0,0,0,10,0,3,0,0,0,0,0,4,2,35.67982833333333,139.44669222222223,5,3,0,0,0,0
1,30,887,482,2,0,1,10550,0,202,2024,9,19,18,55,22,5,27,17,42,2,1,1,1,1,9,22,0,0,18,9,30,70,5,2,1,1,75,4,61,31,0,1,0,1,0,11,0,1,0,50,0,3,0,2,0,2,0,4,2,35.693146388888884,139.38986833333334,5,3,9999,0,1,0
1,30,887,493,2,0,1,200,0,215,2024,9,25,8,15,12,5,31,17,34,1,1,1,14,7,0,0,0,0,4,9,1,70,4,1,1,65,75,11,61,31,0,11,0,1,0,11,0,4,0,10,0,3,0,2,0,2,0,4,2,35.67894777777777,139.44771722222222,4,3,9999,0,9,0
1,30,887,494,2,0,1,10550,0,202,2024,9,26,6,57,12,5,32,17,32,1,1,1,14,7,0,0,0,0,4,9,1,70,4,1,1,55,55,14,61,31,0,11,0,1,0,11,0,4,0,80,0,3,0,2,0,2,0,4,2,35.693346111111104,139.3894163888889,5,3,9999,0,9,0
1,30,887,499,2,0,1,30000,0,202,2024,9,27,20,15,22,5,33,17,31,2,1,2,1,1,9,22,0,0,15,9,30,70,4,2,1,75,35,14,61,31,0,11,0,1,0,11,0,3,0,80,0,3,0,2,0,2,0,4,2,35.71891388888889,139.4290225,6,3,359,0,9,0
1,30,887,503,2,0,1,30000,0,202,2024,9,28,14,20,12,5,33,17,29,1,1,1,14,7,0,0,0,0,1,9,1,70,4,2,1,25,1,51,61,41,0,0,0,0,0,0,0,0,0,40,0,3,0,0,0,0,0,4,2,35.73278527777778,139.39765472222223,7,3,0,0,0,0
1,30,887,507,2,0,1,10550,0,202,2024,9,29,18,2,21,5,34,17,28,3,1,2,1,1,9,22,0,0,19,9,30,70,1,1,1,25,25,3,61,31,0,1,0,1,0,11,0,3,0,10,0,3,0,2,0,2,0,4,2,35.68738638888888,139.4084288888889,1,3,9999,0,5,0
1,30,887,512,2,0,1,30000,0,215,2024,9,30,4,50,23,5,35,17,26,1,2,1,1,7,9,22,0,0,15,9,30,70,4,2,1,35,25,3,61,31,0,1,0,1,0,11,0,2,0,10,0,3,0,2,0,2,0,4,2,35.68355694444444,139.4467872222222,2,3,9999,0,1,0
1,30,888,189,2,0,1,30000,0,206,2024,2,14,7,25,11,6,30,17,21,1,1,1,14,7,0,0,0,0,1,9,1,70,5,4,1,25,25,36,61,31,0,0,0,0,0,11,0,1,0,10,0,3,0,0,0,0,0,4,2,35.66848222222222,139.46451138888887,4,3,9999,0,2,0
1,30,888,191,2,0,1,20890,0,206,2024,9,14,19,3,22,5,23,17,50,1,1,1,1,1,9,22,0,0,19,9,30,70,5,3,1,55,55,3,61,31,0,1,0,1,0,11,0,2,0,80,0,4,0,2,0,2,0,4,2,35.67013027777777,139.4804363888889,7,3,9999,0,9,0
1,30,888,196,2,0,1,30000,0,206,2024,9,22,12,48,12,5,29,17,38,2,1,2,1,7,9,22,0,0,15,9,30,70,5,3,1,35,35,4,61,31,0,1,0,1,0,11,0,1,0,10,0,3,0,2,0,2,0,4,2,35.672601666666665,139.48179083333335,1,2,9999,0,1,0
1,30,888,201,2,0,1,30000,0,206,2024,8,26,7,21,12,5,8,18,17,1,1,1,1,7,9,22,0,0,15,6,30,70,5,2,1,45,55,4,61,31,0,1,0,1,0,11,0,3,0,10,0,3,0,2,0,2,0,4,2,35.66644888888889,139.49336555555556,2,3,9999,0,9,0
1,30,889,217,2,0,1,30000,0,214,2024,9,10,12,10,12,5,20,17,56,1,1,1,14,7,0,0,0,0,2,9,1,70,5,2,1,65,1,3,61,31,0,1,0,1,0,11,0,2,0,80,0,4,0,2,0,2,0,4,2,35.70635333333334,139.4575583333333,3,3,9999,0,9,0
1,30,890,307,2,0,1,30000,0,229,2024,9,17,18,19,21,5,25,17,45,1,1,1,1,7,9,22,0,0,14,9,30,70,4,2,1,45,65,36,61,31,0,0,0,0,0,11,0,2,0,20,0,3,0,0,0,0,0,4,2,35.73574472222222,139.5677625,3,3,9999,0,9,0
1,30,890,309,2,0,1,10600,0,229,2024,9,13,23,5,22,5,22,17,51,1,1,1,1,7,9,22,0,0,15,9,30,70,4,1,1,35,25,3,61,31,0,1,0,1,0,11,0,3,0,70,0,3,0,2,0,2,0,4,2,35.72851555555556,139.54132944444444,6,3,9999,0,5,0
1,30,890,313,2,0,1,30000,0,229,2024,9,9,16,0,12,5,19,17,57,1,1,1,14,7,0,0,0,0,2,9,1,70,5,2,1,65,35,51,61,41,0,0,0,0,0,0,0,0,0,20,0,3,0,0,0,0,0,4,2,35.72864833333333,139.5396861111111,2,3,0,0,0,0
1,30,891,357,2,0,1,10500,0,213,2024,8,10,14,43,12,4,56,18,36,1,2,1,14,7,0,0,0,0,3,9,1,70,4,2,1,25,1,3,61,31,0,1,0,1,0,11,0,3,0,50,0,2,0,2,0,2,0,4,2,35.757685,139.46707555555557,7,2,9999,0,1,0
1,30,891,362,2,0,1,30000,0,213,2024,9,3,6,35,12,5,15,18,6,2,1,2,1,7,9,22,0,0,11,9,30,70,5,2,1,45,45,14,61,31,0,11,0,1,0,1,0,2,0,20,0,3,0,2,0,2,0,4,2,35.7772175,139.49303749999999,3,3,9999,0,9,0
1,30,891,377,2,0,1,30000,0,221,2024,8,26,9,2,12,5,8,18,17,1,1,1,1,7,9,22,0,0,11,9,30,70,5,2,1,35,25,3,61,31,0,1,0,1,0,11,0,2,0,10,0,3,0,2,0,2,0,4,2,35.77146722222222,139.5199286111111,2,3,9999,0,1,0
1,30,891,382,2,0,1,30000,0,213,2024,9,23,14,53,12,5,30,17,37,1,1,1,14,7,0,0,0,0,3,9,1,70,4,2,1,65,35,3,61,31,0,1,0,1,0,11,0,3,0,10,0,4,0,2,0,2,0,4,2,35.754956944444444,139.46813083333333,2,1,9999,0,9,0
1,30,892,276,2,0,1,30000,0,203,2024,9,19,9,25,12,5,27,17,42,1,1,1,14,7,0,0,0,0,2,9,1,1,5,3,1,35,35,51,61,41,0,0,0,0,0,0,0,0,0,10,0,3,0,0,0,0,0,2,4,35.708734444444445,139.55675000000002,5,3,0,0,0,0
1,30,892,277,2,0,1,99000,0,203,2024,9,13,13,10,12,5,22,17,51,1,1,1,0,7,0,0,0,0,0,0,20,70,0,4,1,55,65,14,61,1,0,11,0,1,0,11,0,10,0,60,0,3,0,2,0,2,0,4,2,35.70397416666667,139.58668444444444,6,3,9999,0,5,0
1,30,892,283,2,0,1,21310,0,203,2024,9,25,20,54,22,5,31,17,34,2,1,2,1,1,9,22,0,0,19,9,30,70,4,2,1,45,45,3,61,31,0,1,0,1,0,11,0,10,0,10,0,3,0,2,0,2,0,4,2,35.70897138888889,139.55232972222223,4,3,9999,0,5,0
1,30,892,285,2,0,1,20900,0,203,2024,9,27,12,40,12,5,33,17,31,3,1,1,14,7,0,0,0,0,5,9,1,70,4,2,1,35,55,3,61,31,0,1,0,1,0,11,0,3,0,20,0,3,0,2,0,2,0,4,2,35.70646611111111,139.56055333333333,6,3,9999,0,9,0
1,30,893,208,2,0,1,20230,0,204,2024,9,24,13,25,12,5,30,17,35,1,1,1,1,7,9,22,0,0,14,9,30,70,4,2,1,35,35,3,61,31,0,1,0,1,0,11,0,3,0,50,0,3,0,2,0,2,0,4,2,35.697779999999995,139.57018083333332,3,3,9999,0,1,0
1,30,894,418,2,0,1,30000,0,208,2024,9,12,12,25,12,5,21,17,53,1,1,1,14,7,0,0,0,0,2,9,1,70,5,2,1,45,1,3,61,31,0,1,0,1,0,11,0,2,0,10,0,3,0,2,0,2,0,4,2,35.64830777777778,139.5290402777778,5,3,9999,0,9,0
1,30,894,425,2,0,1,30000,0,208,2024,8,24,10,15,12,5,7,18,19,1,1,1,14,7,0,0,0,0,3,9,1,70,5,3,1,45,55,3,61,31,0,1,0,1,0,11,0,10,0,40,0,4,0,2,0,2,0,4,2,35.65883111111111,139.57336305555555,7,3,9999,0,1,0
1,30,894,431,2,0,1,99000,0,208,2024,9,2,10,40,12,5,14,18,7,1,1,1,0,7,0,0,0,0,0,0,20,70,0,4,1,55,65,3,61,31,0,1,0,1,0,11,0,10,0,10,0,4,0,2,0,2,0,4,2,35.655085,139.54198888888888,2,3,9999,0,9,0
1,30,894,432,2,0,1,30000,0,208,2024,9,20,12,50,12,5,27,17,41,1,1,1,1,7,9,22,0,0,11,9,30,70,5,3,1,1,65,51,61,41,0,0,0,0,0,0,0,0,0,0,0,4,0,0,0,0,0,4,2,35.65151916666667,139.5451825,6,3,0,0,0,0
1,30,894,439,2,0,1,30000,0,208,2024,7,17,20,20,22,4,38,18,56,1,1,1,14,7,0,0,0,0,1,9,1,70,4,3,1,65,25,3,61,31,0,1,0,1,0,11,0,2,0,40,0,3,0,2,0,2,0,4,2,35.65913555555555,139.5731747222222,4,3,9999,0,1,0
1,30,894,440,2,0,1,30840,0,208,2024,8,30,11,53,12,5,11,18,11,3,1,2,1,1,9,22,0,0,14,9,30,70,4,2,1,45,25,3,61,31,0,1,0,1,0,11,0,3,0,10,0,3,0,2,0,2,0,4,2,35.64779277777778,139.54522305555557,6,3,9999,0,1,0