資料区分,都道府県コード,警察署等コード,本票番号,事故内容,死者数,負傷者数,路線コード,地点コード,市区町村コード,発生日時　　年,発生日時　　月,発生日時　　日,発生日時　　時,発生日時　　分,昼夜,日の出時刻　　時,日の出時刻　　分,日の入り時刻　　時,日の入り時刻　　分,天候,地形,路面状態,道路形状,信号機,一時停止規制　標識（当事者A）,一時停止規制　表示（当事者A）,一時停止規制　標識（当事者B）,一時停止規制　表示（当事者B）,車道幅員,道路線形,衝突地点,ゾーン規制,中央分離帯施設等,歩車道区分,事故類型,年齢（当事者A）,年齢（当事者B）,当事者種別（当事者A）,当事者種別（当事者B）,用途別（当事者A）,用途別（当事者B）,車両形状等（当事者A）,車両形状等（当事者B）,オートマチック車（当事者A）,オートマチック車（当事者B）,サポカー（当事者A）,サポカー（当事者B）,速度規制（指定のみ）（当事者A）,速度規制（指定のみ）（当事者B）,車両の衝突部位（当事者A）,車両の衝突部位（当事者B）,車両の損壊程度（当事者A）,車両の損壊程度（当事者B）,エアバッグの装備（当事者A）,エアバッグの装備（当事者B）,サイドエアバッグの装備（当事者A）,サイドエアバッグの装備（当事者B）,人身損傷程度（当事者A）,人身損傷程度（当事者B）,lat,lon,曜日(発生年月日),祝日(発生年月日),認知機能検査経過日数（当事者A）,認知機能検査経過日数（当事者B）,運転練習の方法（当事者A）,運転練習の方法（当事者B）
1,30,894,451,2,0,1,30000,0,208,2024,9,29,14,25,12,5,34,17,28,1,1,1,14,7,0,0,0,0,1,9,1,70,4,2,1,35,1,4,61,31,0,1,0,1,0,11,0,2,0,10,0,3,0,2,0,2,0,4,2,35.659419444444445,139.55202861111113,1,3,9999,0,1,0
1,30,894,452,2,0,1,21230,0,219,2024,9,30,23,28,22,5,35,17,26,2,1,1,1,1,9,22,0,0,14,9,30,70,4,2,1,55,1,35,61,31,0,0,0,0,0,11,0,3,0,10,0,2,0,0,0,0,0,4,2,35.63008666666667,139.5712725,2,3,9999,0,9,0
1,30,894,455,2,0,1,30000,0,208,2024,8,23,11,30,12,5,6,18,21,1,1,1,1,7,9,22,0,0,11,9,30,70,5,3,1,75,45,3,61,31,0,1,0,1,0,11,0,10,0,10,0,4,0,2,0,2,0,4,2,35.65114527777778,139.54659222222222,6,3,505,0,9,0
1,30,895,101,2,0,1,10520,0,211,2024,9,18,14,11,12,5,26,17,44,3,1,2,14,7,0,0,0,0,2,9,1,70,4,2,1,25,1,4,61,31,0,1,0,1,0,11,0,3,0,40,0,3,0,2,0,2,0,4,2,35.73046388888889,139.44216694444444,4,3,9999,0,1,0
1,30,895,106,2,0,1,30000,0,211,2024,9,15,10,0,12,5,24,17,48,1,1,1,1,1,9,22,0,0,14,9,30,70,4,2,1,45,45,4,61,31,0,1,0,1,0,11,0,2,0,10,0,3,0,2,0,2,0,4,2,35.73573722222223,139.46124194444442,1,2,9999,0,1,0
1,30,896,15,1,1,0,20000,0,361,2024,9,26,19,15,22,5,32,17,32,1,2,1,14,7,0,0,0,0,3,9,1,70,4,2,1,65,35,14,61,31,0,11,0,1,0,11,0,3,0,10,0,2,0,2,0,2,0,4,1,34.78242888888889,139.38243500000002,5,3,9999,0,9,0
1,30,69,411,1,1,0,50300,0,104,2024,10,12,3,0,22,5,45,17,10,1,1,1,11,7,0,0,0,0,3,9,1,70,1,4,1,45,1,11,61,1,0,11,0,2,0,11,0,5,0,10,0,3,0,2,0,2,0,4,1,35.72063861111111,139.69077444444446,7,3,9999,0,1,0
1,30,100,138,2,0,1,30000,0,101,2024,10,17,9,28,12,5,49,17,3,2,1,1,14,7,0,0,0,0,3,9,1,1,5,3,1,25,45,3,61,1,0,1,0,1,0,11,0,2,0,40,0,4,0,2,0,2,0,4,2,35.695815555555555,139.75184027777777,5,3,9999,0,1,0
1,30,100,147,2,0,2,200,53,101,2024,10,29,1,10,22,6,0,16,49,2,1,1,1,1,9,22,0,0,18,9,30,70,5,1,1,35,45,34,61,31,0,0,0,0,0,11,0,10,0,10,0,2,0,0,0,0,0,2,2,35.684683611111105,139.73363555555554,3,3,9999,0,1,0
1,30,100,149,2,0,1,200,47,101,2024,10,24,22,55,22,5,55,16,55,2,1,1,1,7,1,21,0,0,18,9,30,70,1,2,1,55,35,3,61,1,0,1,0,1,0,11,0,2,0,10,0,4,0,2,0,2,0,4,2,35.68402277777778,139.74011944444442,5,3,9999,0,9,0
1,30,101,108,2,0,1,30000,0,101,2024,10,5,10,10,12,5,39,17,19,3,1,2,14,7,0,0,0,0,2,9,1,70,5,3,1,1,45,3,61,1,0,1,0,1,0,11,0,1,0,20,0,4,0,2,0,2,0,4,2,35.673540833333334,139.76107333333334,7,3,9999,0,1,0
1,30,101,113,2,0,1,20030,0,101,2024,10,29,17,30,21,6,0,16,49,3,1,2,1,1,9,22,0,0,18,9,30,70,1,1,1,35,45,3,61,1,0,1,0,1,0,11,0,5,0,50,0,3,0,2,0,2,0,4,2,35.673251944444445,139.7577325,3,3,9999,0,1,0
1,30,102,105,2,0,1,30000,0,101,2024,8,23,18,30,21,5,6,18,21,1,1,1,1,1,9,22,0,0,14,9,30,70,5,2,1,35,25,51,61,41,0,0,0,0,0,0,0,0,0,10,0,3,0,0,0,0,0,4,2,35.6969375,139.75985888888889,6,3,0,0,0,0
1,30,102,111,2,0,1,30000,0,101,2024,10,16,18,55,22,5,48,17,4,1,1,1,14,7,0,0,0,0,3,9,1,70,5,3,1,55,1,3,61,31,0,1,0,1,0,11,0,1,0,10,0,3,0,2,0,2,0,4,2,35.69911305555555,139.76422194444444,4,3,9999,0,9,0
1,30,103,92,2,0,2,30000,0,101,2024,10,2,21,5,22,5,37,17,23,1,1,1,14,7,0,0,0,0,5,9,1,70,5,2,1,65,75,3,61,1,0,1,0,1,0,11,0,4,0,30,0,3,0,2,0,2,0,4,2,35.69145638888889,139.7737277777778,4,3,9999,0,9,0
1,30,103,101,2,0,2,20070,0,101,2024,10,30,17,45,21,6,1,16,48,1,1,1,14,7,0,0,0,0,6,9,1,70,4,2,1,35,45,51,61,41,0,0,0,0,0,0,0,0,0,22,0,3,0,0,0,0,0,2,2,35.69887083333333,139.77120083333335,4,3,0,0,0,0
1,30,104,197,2,0,1,30000,0,102,2024,10,22,22,20,22,5,54,16,57,1,1,1,14,7,0,0,0,0,4,9,1,70,5,2,1,55,65,3,61,31,0,1,0,1,0,11,0,10,0,30,0,3,0,2,0,2,0,4,2,35.67410638888889,139.78123083333335,3,3,9999,0,9,0
1,30,104,206,2,0,1,30000,0,102,2024,10,29,17,10,21,6,0,16,49,3,1,2,1,7,9,22,0,0,15,9,30,70,5,2,1,55,45,3,61,1,0,1,0,1,0,11,0,2,0,10,0,4,0,2,0,2,0,4,2,35.67673805555555,139.773545,3,3,9999,0,9,0
1,30,105,81,2,0,1,30000,0,102,2024,10,4,0,5,22,5,38,17,21,3,1,2,1,7,1,21,0,0,15,9,30,70,5,2,1,55,45,3,61,31,0,1,0,1,0,11,0,2,0,20,0,3,0,2,0,2,0,4,2,35.68537166666666,139.78381638888888,6,3,9999,0,9,0
1,30,106,125,2,0,1,30000,0,102,2024,10,3,15,40,12,5,37,17,22,1,1,2,1,7,1,21,0,0,15,9,30,70,5,2,1,45,75,3,61,1,0,1,0,1,0,11,0,10,0,10,0,3,0,2,0,2,0,4,2,35.672780277777775,139.7691088888889,5,3,9999,0,9,0
1,30,106,126,2,0,1,30000,0,102,2024,10,4,12,55,12,5,38,17,21,1,1,1,1,7,1,21,0,0,14,9,30,70,5,2,1,35,55,13,61,31,0,11,0,1,0,11,0,5,0,10,0,4,0,2,0,2,0,4,2,35.6719325,139.76831722222224,6,3,9999,0,1,0
1,30,106,127,2,0,1,30000,0,102,2024,10,8,17,55,21,5,42,17,15,3,1,2,1,7,9,22,0,0,14,9,30,70,4,2,1,25,55,3,61,1,0,1,0,1,0,11,0,2,0,10,0,4,0,2,0,2,0,4,2,35.66784583333333,139.76071777777778,3,3,9999,0,1,0
1,30,106,128,2,0,1,30000,0,102,2024,10,8,18,37,22,5,42,17,15,3,1,2,1,1,9,22,0,0,14,8,30,1,4,2,1,65,55,3,61,1,0,1,0,1,0,11,0,2,0,10,0,4,0,2,0,2,0,4,2,35.669171388888884,139.76986194444447,3,3,9999,0,9,0
1,30,107,127,2,0,1,30000,0,102,2024,10,11,10,25,12,5,44,17,11,1,1,1,14,7,0,0,0,0,1,9,1,70,5,2,1,45,25,51,61,41,0,0,0,0,0,0,0,0,0,10,0,3,0,0,0,0,0,4,2,35.664471666666664,139.78406666666666,6,3,0,0,0,0
1,30,107,131,2,0,1,30000,0,102,2024,10,20,10,12,12,5,52,16,59,1,1,1,14,7,0,0,0,0,2,9,1,70,5,2,1,25,55,3,61,1,0,1,0,1,0,11,0,1,0,80,0,3,0,2,0,2,0,4,2,35.66437166666667,139.78355083333332,1,3,9999,0,1,0
1,30,107,136,2,0,1,30000,0,102,2024,10,22,22,35,22,5,54,16,57,1,1,1,1,7,9,22,0,0,15,9,30,70,5,2,1,65,45,3,61,1,0,1,0,1,0,11,0,1,0,10,0,3,0,2,0,2,0,4,2,35.663556666666665,139.78141305555556,3,3,9999,0,9,0
1,30,108,175,2,0,1,30000,0,103,2024,10,1,9,30,12,5,36,17,25,1,1,1,14,7,0,0,0,0,3,9,1,70,4,1,1,65,35,3,61,1,0,1,0,1,0,11,0,10,0,10,0,3,0,2,0,2,0,4,2,35.66332305555555,139.7584711111111,3,3,9999,0,9,0
1,30,108,182,2,0,1,20000,0,103,2024,10,5,19,3,22,5,39,17,19,3,1,2,7,1,0,0,0,0,5,9,1,70,5,2,1,65,35,3,61,1,0,1,0,1,0,11,0,5,0,10,0,3,0,2,0,2,0,4,2,35.667096388888886,139.75860277777778,7,3,9999,0,9,0
1,30,108,189,2,0,1,30000,0,103,2024,10,23,20,25,22,5,54,16,56,2,1,1,1,7,1,21,0,0,15,9,30,70,5,2,1,45,25,3,61,1,0,1,0,1,0,11,0,2,0,10,0,3,0,2,0,2,0,4,2,35.66840861111111,139.75782416666667,4,3,9999,0,1,0
1,30,108,190,2,0,1,21180,0,103,2024,10,29,21,33,22,6,0,16,49,3,1,2,1,1,9,22,0,0,19,9,30,70,5,2,1,55,65,3,61,31,0,1,0,1,0,11,0,4,0,20,0,3,0,2,0,2,0,4,2,35.669087499999996,139.7471797222222,3,3,9999,0,9,0
1,30,109,144,2,0,1,30000,0,103,2024,4,17,17,31,13,5,6,18,16,2,1,1,1,1,9,22,0,0,18,9,30,70,5,2,1,65,75,51,61,41,0,0,0,0,0,0,0,0,0,0,0,3,0,0,0,0,0,4,2,35.6440625,139.74862888888887,4,3,0,0,0,0
1,30,109,150,2,0,1,30000,0,103,2024,9,19,15,40,12,5,27,17,42,1,1,1,14,7,0,0,0,0,3,9,1,1,4,2,1,55,1,17,61,31,0,11,0,1,0,11,0,2,0,10,0,3,0,2,0,2,0,4,2,35.639627222222224,139.74618888888887,5,3,9999,0,9,0
1,30,109,154,2,0,1,150,55,103,2024,9,20,12,32,12,5,27,17,41,1,1,1,14,7,0,0,0,0,6,9,1,70,1,1,1,45,45,59,61,0,0,0,0,0,0,0,0,0,0,55,0,4,0,0,0,0,0,4,2,35.64409833333333,139.74323249999998,6,3,0,0,0,0
1,30,110,116,2,0,1,99000,0,103,2024,9,20,22,10,22,5,27,17,41,1,1,1,0,7,0,0,0,0,0,0,20,70,0,2,1,1,35,51,61,41,0,0,0,0,0,0,0,0,0,10,0,4,0,0,0,0,0,4,2,35.62799638888889,139.75047222222221,6,3,0,0,0,0
1,30,111,236,2,0,1,30000,0,103,2024,10,5,14,18,12,5,39,17,19,3,1,2,14,7,0,0,0,0,2,9,1,70,5,4,1,45,35,17,61,31,0,11,0,1,0,1,0,5,0,70,0,4,0,2,0,2,0,4,2,35.663129166666664,139.73462027777776,7,3,9999,0,1,0
1,30,111,238,2,0,1,30000,0,103,2024,10,6,3,3,22,5,40,17,18,2,1,2,1,7,9,22,0,0,11,9,30,70,5,4,1,55,45,3,61,31,0,1,0,1,0,1,0,5,0,60,0,4,0,2,0,2,0,4,2,35.66346305555555,139.73377916666666,1,3,9999,0,5,0
1,30,111,246,2,0,1,30000,0,103,2024,10,15,12,16,12,5,47,17,6,1,1,1,1,7,9,22,0,0,15,9,30,70,4,2,1,55,45,3,61,1,0,1,0,1,0,11,0,5,0,10,0,4,0,2,0,2,0,4,2,35.66357361111111,139.73962777777777,3,3,9999,0,1,0
1,30,111,251,2,0,1,99000,0,103,2024,10,18,16,42,13,5,50,17,2,2,1,1,0,7,0,0,0,0,0,0,20,70,0,4,1,65,55,3,61,31,0,1,0,1,0,11,0,10,0,10,0,1,0,2,0,2,0,4,2,35.65121722222222,139.7242736111111,6,3,9999,0,4,0
1,30,111,255,2,0,1,30000,0,103,2024,10,23,21,0,22,5,54,16,56,2,1,1,12,7,0,0,0,0,2,9,1,70,4,1,1,75,45,51,61,41,0,0,0,0,0,0,0,0,0,10,0,3,0,0,0,0,0,2,4,35.655251944444444,139.7375497222222,4,3,0,0,0,0
1,30,111,258,2,0,1,30000,0,103,2024,10,25,23,50,22,5,56,16,53,1,1,1,1,1,0,0,0,0,11,9,30,70,5,2,1,25,0,61,0,0,0,0,0,0,0,0,0,0,0,0,0,0,0,0,0,0,0,2,0,35.65260361111111,139.73514944444443,6,3,0,0,0,0
1,30,111,262,2,0,1,30000,0,103,2024,10,15,15,30,12,5,47,17,6,1,1,1,14,7,0,0,0,0,2,9,1,70,5,2,1,1,1,51,61,41,0,0,0,0,0,0,0,0,0,10,0,4,0,0,0,0,0,4,2,35.656576944444446,139.7245227777778,3,3,0,0,0,0
1,30,111,264,2,0,1,30000,0,103,2024,10,29,22,15,22,6,0,16,49,3,1,2,1,1,9,22,0,0,15,9,30,70,5,2,1,65,35,3,61,1,0,1,0,1,0,11,0,5,0,80,0,3,0,2,0,2,0,4,2,35.66276777777777,139.7398025,3,3,9999,0,9,0
1,30,112,181,2,0,1,30000,0,103,2024,9,18,8,3,12,5,26,17,44,1,1,1,1,1,9,22,0,0,15,9,30,70,5,4,1,55,1,3,61,31,0,1,0,1,0,11,0,3,0,40,0,3,0,2,0,2,0,4,2,35.66997361111111,139.73359749999997,4,3,9999,0,9,0
1,30,112,182,2,0,1,30000,0,103,2024,10,1,9,50,12,5,36,17,25,2,1,1,7,7,0,0,0,0,2,9,1,70,5,3,1,55,25,14,61,31,0,11,0,1,0,11,0,10,0,70,0,3,0,2,0,2,0,4,2,35.66312305555555,139.71023444444444,3,3,9999,0,9,0
1,30,112,183,2,0,1,30000,0,103,2024,9,12,21,10,22,5,21,17,53,1,1,1,1,7,1,21,0,0,11,9,30,70,5,2,1,65,45,7,61,31,0,1,0,1,0,11,0,10,0,40,0,4,0,2,0,2,0,4,2,35.67073833333333,139.74136,5,3,9999,0,5,0
1,30,113,213,2,0,1,99000,0,108,2024,10,22,7,5,12,5,54,16,57,1,1,1,0,7,0,0,0,0,0,0,20,70,0,4,1,55,25,24,61,0,0,0,0,0,0,11,0,10,0,30,0,4,0,0,0,0,0,4,2,35.63327666666667,139.82959,3,3,9999,0,9,0
1,30,113,216,2,0,1,85010,0,108,2024,9,15,23,0,22,5,24,17,48,3,1,2,14,7,0,0,0,0,3,9,1,70,5,2,1,1,25,4,61,31,0,1,0,2,0,11,0,3,0,80,0,3,0,2,0,2,0,4,2,35.60384194444445,139.80732444444445,1,2,9999,0,1,0
1,30,215,122,2,0,1,30000,0,109,2024,10,18,17,55,21,5,50,17,2,3,1,2,14,7,0,0,0,0,4,9,1,70,5,3,1,65,65,51,61,41,0,0,0,0,0,0,0,0,0,10,0,3,0,0,0,0,0,4,2,35.62111138888889,139.74086277777778,6,3,0,0,0,0
1,30,216,192,2,0,1,30000,0,109,2024,10,11,19,20,22,5,44,17,11,1,1,1,1,7,9,22,0,0,11,9,30,70,5,2,1,55,35,3,61,31,0,1,0,1,0,11,0,10,0,10,0,3,0,2,0,2,0,4,2,35.603390000000005,139.75257416666668,6,3,9999,0,1,0
1,30,216,202,2,0,1,30000,0,109,2024,10,22,17,55,21,5,54,16,57,1,1,1,1,7,9,22,0,0,15,9,30,1,4,2,1,45,45,36,61,31,0,0,0,0,0,11,0,10,0,10,0,3,0,0,0,0,0,4,2,35.605914166666665,139.74526194444442,3,3,9999,0,1,0
1,30,216,203,2,0,1,30000,0,109,2024,10,25,17,50,21,5,56,16,53,2,1,1,14,7,0,0,0,0,2,9,1,70,4,1,1,65,45,3,61,1,0,1,0,1,0,11,0,3,0,10,0,3,0,2,0,2,0,4,2,35.5891475,139.73278833333333,6,3,9999,0,9,0
1,30,216,206,2,0,1,30000,0,109,2024,10,28,16,0,13,5,59,16,50,2,1,1,7,7,0,0,0,0,3,9,1,70,4,2,1,55,65,4,61,31,0,1,0,1,0,11,0,2,0,10,0,3,0,2,0,2,0,4,2,35.59493166666667,139.73587694444444,2,3,9999,0,9,0
1,30,217,185,2,0,1,10150,0,109,2024,10,2,8,23,12,5,37,17,23,1,1,1,1,7,9,22,0,0,14,9,30,70,4,2,1,1,75,14,61,1,0,11,0,1,0,11,0,10,0,10,0,3,0,2,0,2,0,4,2,35.62491305555556,139.73090888888888,4,3,9999,0,1,0
1,30,217,187,2,0,1,20000,0,109,2024,10,5,19,32,22,5,39,17,19,3,1,2,1,1,9,22,0,0,18,8,30,70,4,2,1,75,45,3,61,1,0,1,0,1,0,11,0,3,0,10,0,3,0,2,0,2,0,4,2,35.62447861111111,139.7101561111111,7,3,235,0,9,0
1,30,217,190,2,0,1,99000,0,109,2024,10,10,18,35,22,5,43,17,12,1,1,1,0,7,0,0,0,0,0,0,20,1,0,4,1,35,1,3,61,31,0,1,0,1,0,11,0,10,0,70,0,4,0,2,0,2,0,4,2,35.63227611111111,139.72494166666667,5,3,9999,0,5,0
1,30,217,191,2,0,1,30000,0,109,2024,8,29,9,50,12,5,11,18,13,1,1,1,1,1,9,22,0,0,15,9,30,70,4,1,1,25,1,51,61,41,0,0,0,0,0,0,0,0,0,10,0,3,0,0,0,0,0,4,2,35.627656944444446,139.72279805555556,5,3,0,0,0,0
1,30,217,195,2,0,1,10,97,109,2024,10,17,20,55,22,5,49,17,3,1,1,1,1,1,9,22,0,0,17,8,30,70,1,2,1,65,1,3,61,31,0,1,0,1,0,11,0,5,0,10,0,4,0,2,0,2,0,4,2,35.627901666666666,139.7253661111111,5,3,9999,0,9,0
1,30,217,200,2,0,1,20000,0,109,2024,10,12,17,15,21,5,45,17,10,1,1,1,14,7,0,0,0,0,6,9,1,70,1,1,1,25,55,52,61,41,0,0,0,0,0,0,0,0,0,10,0,3,0,0,0,0,0,4,2,35.63451472222222,139.71955666666668,7,3,0,0,0,0
1,30,217,207,2,0,1,10160,0,109,2024,10,28,10,5,12,5,59,16,50,2,1,2,1,1,9,22,0,0,18,9,30,70,5,1,1,25,75,3,61,31,0,1,0,1,0,11,0,3,0,10,0,4,0,2,0,2,0,4,2,35.61927416666667,139.72922888888888,2,3,9999,0,1,0
1,30,217,209,2,0,1,31070,0,109,2024,10,30,16,55,21,6,1,16,48,1,1,1,14,7,0,0,0,0,1,9,1,70,4,2,1,25,75,51,61,41,0,0,0,0,0,0,0,0,0,10,0,4,0,0,0,0,0,4,2,35.616785,139.72533166666668,4,3,0,0,0,0
1,30,218,191,2,0,1,10170,0,109,2024,4,10,7,55,12,5,15,18,10,1,1,1,7,1,0,0,0,0,5,9,1,70,4,1,1,25,0,61,0,0,0,0,0,0,0,0,0,0,0,0,0,0,0,0,0,0,0,2,0,35.61139277777778,139.705985,4,3,0,0,0,0
1,30,218,207,2,0,1,20190,0,109,2024,10,29,19,50,22,6,0,16,49,3,1,2,1,1,9,22,0,0,19,9,30,70,4,2,1,25,35,14,61,1,0,11,0,1,0,11,0,3,0,10,0,3,0,2,0,2,0,4,2,35.61559833333334,139.70876944444444,3,3,9999,0,1,0
1,30,218,209,2,0,1,30000,0,109,2024,10,28,7,26,12,5,59,16,50,3,1,2,7,7,0,0,0,0,2,9,1,70,5,3,1,55,55,3,61,31,0,1,0,1,0,11,0,5,0,40,0,4,0,2,0,2,0,4,2,35.605288055555555,139.7157086111111,2,3,9999,0,9,0
1,30,219,291,2,0,1,30000,0,111,2024,9,22,7,25,12,5,29,17,38,2,1,1,14,7,0,0,0,0,1,9,1,70,5,3,1,55,35,3,61,31,0,1,0,1,0,1,0,2,0,40,0,3,0,2,0,2,0,4,2,35.57336111111111,139.73856027777776,1,2,9999,0,9,0
1,30,219,302,2,0,1,30000,0,111,2024,10,19,13,20,12,5,51,17,1,1,1,1,14,7,0,0,0,0,3,9,1,70,5,3,1,1,65,51,61,41,0,0,0,0,0,0,0,0,0,10,0,4,0,0,0,0,0,4,2,35.56929666666667,139.72990666666666,7,3,0,0,0,0
1,30,219,307,2,0,1,10070,0,111,2024,10,24,3,37,22,5,55,16,55,2,1,1,1,7,0,0,0,0,15,6,30,70,1,2,1,45,0,61,0,0,0,0,0,0,0,0,0,0,0,0,0,0,0,0,0,0,0,2,0,35.58449055555556,139.74409055555554,5,3,0,0,0,0
1,30,220,210,2,0,1,30000,0,111,2024,8,10,10,58,12,4,56,18,36,1,1,1,14,7,0,0,0,0,3,9,1,70,4,3,1,75,55,3,61,31,0,1,0,1,0,11,0,2,0,80,0,4,0,2,0,2,0,4,2,35.58607416666667,139.68321999999998,7,2,67,0,9,0
1,30,220,213,2,0,2,30000,0,111,2024,10,15,17,5,13,5,47,17,6,1,1,1,14,7,0,0,0,0,4,8,1,70,4,2,1,1,1,51,61,41,0,0,0,0,0,0,0,0,0,10,0,3,0,0,0,0,0,2,2,35.58972777777778,139.69630222222222,3,3,0,0,0,0
1,30,220,215,2,0,1,30000,0,111,2024,10,25,9,36,12,5,56,16,53,2,1,1,13,7,0,0,0,0,2,3,1,70,4,3,1,35,25,3,61,31,0,1,0,1,0,11,0,2,0,10,0,3,0,2,0,2,0,4,2,35.596605833333335,139.70331138888886,6,3,9999,0,5,0
1,30,220,216,2,0,1,10170,0,111,2024,10,25,11,50,12,5,56,16,53,2,1,1,7,7,0,0,0,0,5,9,1,70,4,2,1,25,35,51,61,41,0,0,0,0,0,0,0,0,0,10,0,3,0,0,0,0,0,4,2,35.591594444444446,139.6805961111111,6,3,0,0,0,0
1,30,220,220,2,0,1,30000,0,111,2024,10,29,19,5,22,6,0,16,49,3,1,2,1,1,9,22,0,0,15,9,30,70,4,1,1,65,1,3,61,31,0,1,0,1,0,11,0,1,0,40,0,3,0,2,0,2,0,4,2,35.58391,139.699645,3,3,9999,0,9,0
1,30,221,247,2,0,1,30000,0,111,2024,10,5,1,27,22,5,39,17,19,1,1,1,14,7,0,0,0,0,3,9,1,70,5,3,1,55,35,3,61,31,0,1,0,1,0,11,0,10,0,50,0,3,0,2,0,2,0,4,2,35.55434611111111,139.70903555555554,7,3,9999,0,9,0
1,30,221,250,2,0,1,30000,0,111,2024,10,9,9,40,12,5,42,17,14,3,1,2,1,1,9,22,0,0,11,9,30,70,5,4,1,25,65,51,61,41,0,0,0,0,0,0,0,0,0,10,0,4,0,0,0,0,0,4,2,35.55890833333333,139.70478583333332,4,3,0,0,0,0
1,30,221,252,2,0,1,99000,0,111,2024,10,9,19,50,22,5,42,17,14,2,1,1,0,7,0,0,0,0,0,0,20,70,0,4,1,55,75,51,61,41,0,0,0,0,0,0,0,0,0,10,0,4,0,0,0,0,0,4,2,35.54545805555556,139.73606583333333,4,3,0,0,0,0
1,30,221,257,2,0,1,30000,0,111,2024,10,17,10,45,12,5,49,17,3,2,1,1,14,7,0,0,0,0,2,9,1,70,5,3,1,1,25,51,61,41,0,0,0,0,0,0,0,0,0,10,0,3,0,0,0,0,0,4,2,35.56922416666667,139.71438444444442,5,3,0,0,0,0
1,30,221,258,2,0,1,30000,0,111,2024,10,18,18,50,22,5,50,17,2,3,1,2,1,7,9,22,0,0,14,9,30,70,4,1,1,45,1,4,61,31,0,1,0,1,0,11,0,2,0,10,0,3,0,2,0,2,0,4,2,35.561411944444444,139.7104836111111,6,3,9999,0,1,0
1,30,221,274,2,0,1,30000,0,111,2024,9,29,23,30,22,5,34,17,28,2,1,1,14,7,0,0,0,0,3,9,1,70,4,2,1,1,35,51,61,41,0,0,0,0,0,0,0,0,0,10,0,4,0,0,0,0,0,4,2,35.56209444444444,139.72039416666667,1,3,0,0,0,0
1,30,222,312,2,0,1,30000,0,111,2024,10,4,13,30,12,5,38,17,21,1,1,1,1,1,9,22,0,0,15,9,30,70,4,2,1,45,35,14,61,31,0,11,0,1,0,11,0,3,0,10,0,3,0,2,0,2,0,4,2,35.57494277777778,139.71284277777778,6,3,9999,0,1,0
1,30,222,313,2,0,1,30000,0,111,2024,10,4,15,40,12,5,38,17,21,1,1,1,14,7,0,0,0,0,3,7,1,70,5,3,1,25,45,14,61,1,0,11,0,1,0,11,0,2,0,10,0,3,0,2,0,2,0,4,2,35.594813333333335,139.70705222222222,6,3,9999,0,1,0
1,30,222,314,2,0,1,30000,0,111,2024,10,4,15,10,12,5,38,17,21,2,1,1,1,7,9,22,0,0,11,9,30,70,4,3,1,25,1,14,61,1,0,11,0,1,0,11,0,2,0,20,0,3,0,2,0,2,0,4,2,35.592913611111115,139.7101683333333,6,3,9999,0,1,0
1,30,222,324,2,0,1,30000,0,111,2024,10,9,19,55,22,5,42,17,14,2,1,1,14,7,0,0,0,0,3,9,1,70,4,3,1,45,55,3,61,31,0,1,0,1,0,11,0,2,0,40,0,3,0,2,0,2,0,4,2,35.598726944444444,139.71024194444442,4,3,9999,0,1,0
1,30,222,327,2,0,1,30000,0,111,2024,10,13,16,13,13,5,46,17,8,1,1,1,14,7,0,0,0,0,3,9,1,70,4,3,1,55,1,3,61,31,0,1,0,1,0,11,0,2,0,80,0,3,0,2,0,2,0,4,2,35.59739777777778,139.71047666666666,1,2,9999,0,9,0
1,30,222,328,2,0,1,30000,0,111,2024,10,13,18,45,22,5,46,17,8,1,1,1,1,7,9,22,0,0,11,9,30,70,5,3,1,55,55,51,61,41,0,0,0,0,0,0,0,0,0,10,0,3,0,0,0,0,0,4,2,35.58909111111112,139.70340583333333,1,2,0,0,0,0
1,30,222,329,2,0,1,30000,0,111,2024,10,15,17,10,21,5,47,17,6,1,1,1,14,7,0,0,0,0,3,9,1,70,5,3,1,35,1,51,61,41,0,0,0,0,0,0,0,0,0,10,0,3,0,0,0,0,0,4,2,35.55970722222222,139.7002572222222,3,3,0,0,0,0
1,30,222,331,2,0,1,30000,0,111,2024,10,16,11,17,12,5,48,17,4,1,1,1,14,7,0,0,0,0,2,9,1,70,5,4,1,45,35,3,61,31,0,1,0,1,0,11,0,5,0,80,0,4,0,2,0,2,0,4,2,35.59023944444445,139.7166286111111,4,3,9999,0,1,0
1,30,222,336,2,0,1,30000,0,111,2024,10,18,1,45,22,5,50,17,2,2,1,1,14,7,0,0,0,0,3,9,1,70,5,3,1,25,65,51,61,41,0,0,0,0,0,0,0,0,0,10,0,3,0,0,0,0,0,4,2,35.56243222222222,139.69105166666668,6,3,0,0,0,0
1,30,222,338,2,0,1,30000,0,111,2024,10,19,19,20,22,5,51,17,1,1,1,1,1,1,9,22,0,0,15,9,30,70,5,2,1,25,45,14,61,1,0,11,0,1,0,11,0,2,0,10,0,3,0,2,0,2,0,4,2,35.56941777777778,139.70214055555553,7,3,9999,0,1,0
1,30,222,352,2,0,1,30000,0,111,2024,10,29,21,45,22,6,0,16,49,3,1,1,14,7,0,0,0,0,1,9,1,70,4,3,1,55,35,4,61,31,0,1,0,1,0,11,0,2,0,10,0,3,0,2,0,2,0,4,2,35.582385,139.70854722222222,3,3,9999,0,9,0