資料区分,都道府県コード,警察署等コード,本票番号,事故内容,死者数,負傷者数,路線コード,地点コード,市区町村コード,発生日時　　年,発生日時　　月,発生日時　　日,発生日時　　時,発生日時　　分,昼夜,日の出時刻　　時,日の出時刻　　分,日の入り時刻　　時,日の入り時刻　　分,天候,地形,路面状態,道路形状,信号機,一時停止規制　標識（当事者A）,一時停止規制　表示（当事者A）,一時停止規制　標識（当事者B）,一時停止規制　表示（当事者B）,車道幅員,道路線形,衝突地点,ゾーン規制,中央分離帯施設等,歩車道区分,事故類型,年齢（当事者A）,年齢（当事者B）,当事者種別（当事者A）,当事者種別（当事者B）,用途別（当事者A）,用途別（当事者B）,車両形状等（当事者A）,車両形状等（当事者B）,オートマチック車（当事者A）,オートマチック車（当事者B）,サポカー（当事者A）,サポカー（当事者B）,速度規制（指定のみ）（当事者A）,速度規制（指定のみ）（当事者B）,車両の衝突部位（当事者A）,車両の衝突部位（当事者B）,車両の損壊程度（当事者A）,車両の損壊程度（当事者B）,エアバッグの装備（当事者A）,エアバッグの装備（当事者B）,サイドエアバッグの装備（当事者A）,サイドエアバッグの装備（当事者B）,人身損傷程度（当事者A）,人身損傷程度（当事者B）,lat,lon,曜日(発生年月日),祝日(発生年月日),認知機能検査経過日数（当事者A）,認知機能検査経過日数（当事者B）,運転練習の方法（当事者A）,運転練習の方法（当事者B）
1,30,222,355,2,0,1,30000,0,111,2024,10,31,16,21,13,6,2,16,47,1,1,1,1,7,9,22,0,0,11,9,30,1,5,4,1,55,1,3,61,31,0,1,0,1,0,11,0,2,0,40,0,3,0,2,0,2,0,4,2,35.5849325,139.6914638888889,5,3,9999,0,9,0
1,30,222,357,2,0,1,30000,0,111,2024,10,20,12,25,12,5,52,16,59,1,1,1,7,7,0,0,0,0,2,9,1,70,5,4,1,65,45,3,61,31,0,1,0,1,0,11,0,2,0,30,0,3,0,2,0,2,0,4,2,35.56695611111112,139.7091936111111,1,3,9999,0,1,0
1,30,325,252,2,0,1,10210,0,112,2024,10,7,8,25,12,5,41,17,16,1,1,1,14,7,0,0,0,0,5,9,1,70,4,1,1,1,55,51,61,41,0,0,0,0,0,0,0,0,0,10,0,3,0,0,0,0,0,4,2,35.6427375,139.64733916666665,2,3,0,0,0,0
1,30,325,258,2,0,1,2460,67,112,2024,10,15,1,40,22,5,47,17,6,1,1,1,1,1,9,22,0,0,14,9,30,70,1,2,1,1,25,3,61,31,0,1,0,1,0,11,0,5,0,10,0,3,0,2,0,2,0,4,2,35.65040194444444,139.68391027777778,3,3,9999,0,1,0
1,30,325,262,2,0,1,10200,0,112,2024,10,22,7,15,12,5,54,16,57,1,1,1,1,1,9,22,0,0,17,9,30,70,5,1,1,45,35,3,61,31,0,1,0,1,0,11,0,10,0,50,0,2,0,2,0,2,0,4,2,35.641376944444445,139.61912750000002,3,3,9999,0,9,0
1,30,325,269,2,0,1,2460,99,112,2024,10,22,20,10,22,5,54,16,57,1,1,1,14,7,0,0,0,0,6,9,1,70,1,2,1,25,45,51,61,41,0,0,0,0,0,0,0,0,0,20,0,4,0,0,0,0,0,4,2,35.63125194444444,139.6577411111111,3,3,0,0,0,0
1,30,325,271,2,0,1,10130,0,110,2024,10,31,21,0,22,6,2,16,47,1,1,1,1,1,9,22,0,0,18,9,30,70,1,1,1,1,25,3,61,31,0,1,0,1,0,11,0,3,0,50,0,3,0,2,0,2,0,4,2,35.629778611111114,139.67224666666667,5,3,9999,0,1,0
1,30,326,265,2,0,1,30000,0,112,2024,10,9,10,15,12,5,42,17,14,1,1,2,1,1,9,22,0,0,14,9,30,70,4,3,1,55,65,3,61,31,0,1,0,1,0,11,0,2,0,50,0,4,0,2,0,2,0,4,2,35.648110833333334,139.64467055555554,4,3,9999,0,9,0
1,30,326,270,2,0,2,30740,0,112,2024,10,18,19,15,22,5,50,17,2,3,1,2,14,7,0,0,0,0,2,8,1,70,5,3,1,25,25,33,61,31,0,0,0,0,0,11,0,2,0,12,0,3,0,0,0,0,0,2,2,35.66699166666666,139.67057055555554,6,3,9999,0,1,0
1,30,327,461,2,0,1,30000,0,112,2024,9,27,8,50,12,5,33,17,31,3,1,2,14,7,0,0,0,0,3,9,1,70,5,3,1,35,1,51,61,41,0,0,0,0,0,0,0,0,0,10,0,3,0,0,0,0,0,4,2,35.63279611111111,139.64440666666667,6,3,0,0,0,0
1,30,327,463,2,0,1,30000,0,112,2024,10,1,11,25,12,5,36,17,25,3,1,2,1,7,9,22,0,0,15,8,30,70,5,2,1,25,75,51,61,41,0,0,0,0,0,0,0,0,0,10,0,3,0,0,0,0,0,4,2,35.60344944444444,139.67191305555554,3,3,0,0,0,0
1,30,327,468,2,0,1,10200,0,112,2024,10,7,8,45,12,5,41,17,16,1,1,1,1,1,9,22,0,0,18,9,30,70,5,2,1,55,25,17,61,1,0,11,0,1,0,11,0,10,0,40,0,4,0,2,0,2,0,4,2,35.61183138888889,139.63818027777776,2,3,9999,0,9,0
1,30,327,472,2,0,1,30000,0,112,2024,10,9,7,20,12,5,42,17,14,3,1,2,1,1,9,22,0,0,15,9,30,70,4,3,1,45,65,3,61,31,0,1,0,1,0,11,0,2,0,10,0,3,0,2,0,2,0,4,2,35.610621111111115,139.65912277777778,4,3,9999,0,1,0
1,30,327,481,2,0,1,30000,0,112,2024,10,13,14,35,12,5,46,17,8,1,1,1,14,7,0,0,0,0,2,9,1,1,5,3,1,45,25,14,61,1,0,11,0,1,0,11,0,2,0,10,0,3,0,2,0,2,0,4,2,35.61534277777778,139.62455083333333,1,2,9999,0,1,0
1,30,327,498,2,0,1,2460,119,112,2024,8,27,19,0,21,5,9,18,15,1,1,1,14,7,0,0,0,0,5,9,1,70,1,1,1,35,45,51,61,41,0,0,0,0,0,0,0,0,0,40,0,4,0,0,0,0,0,4,2,35.62441944444444,139.63812416666667,3,3,0,0,0,0
1,30,327,502,2,0,1,30000,0,112,2024,4,12,11,10,12,5,12,18,12,2,1,1,14,7,0,0,0,0,5,9,1,70,5,2,1,55,0,61,0,0,0,0,0,0,0,0,0,0,0,0,0,0,0,0,0,0,0,2,0,35.631370555555556,139.64349944444444,6,3,0,0,0,0
1,30,327,503,2,0,1,2460,102,112,2024,10,26,14,42,12,5,57,16,52,1,1,1,1,7,9,22,0,0,15,9,30,70,5,1,1,1,35,13,61,31,0,11,0,1,0,11,0,3,0,10,0,4,0,2,0,2,0,4,2,35.63072138888889,139.65464666666668,7,3,9999,0,1,0
1,30,327,506,2,0,1,30000,0,112,2024,10,11,11,20,12,5,44,17,11,1,1,1,14,7,0,0,0,0,2,9,1,70,5,3,1,55,25,3,61,31,0,1,0,1,0,11,0,10,0,20,0,4,0,2,0,2,0,4,2,35.60506083333333,139.6712936111111,6,3,9999,0,9,0
1,30,328,350,2,0,1,30000,0,112,2024,9,25,8,3,12,5,31,17,34,2,1,1,1,7,9,22,0,0,14,9,30,70,4,2,1,35,45,14,61,31,0,11,0,1,0,11,0,2,0,50,0,3,0,2,0,2,0,4,2,35.6420725,139.59946000000002,4,3,9999,0,1,0
1,30,328,364,2,0,1,30000,0,112,2024,10,15,13,59,12,5,47,17,6,1,1,1,1,8,9,22,0,0,15,9,30,70,5,3,1,45,55,3,61,31,0,1,0,1,0,11,0,2,0,55,0,4,0,2,0,2,0,4,2,35.664899166666665,139.59819944444445,3,3,9999,0,1,0
1,30,328,369,2,0,1,30000,0,112,2024,9,24,8,15,12,5,30,17,35,1,1,1,7,7,0,0,0,0,3,9,1,70,4,1,1,1,0,61,0,0,0,0,0,0,0,0,0,0,0,0,0,0,0,0,0,0,0,2,0,35.66378888888889,139.622905,3,3,0,0,0,0
1,30,328,371,2,0,1,30000,0,112,2024,10,20,14,30,12,5,52,16,59,1,1,1,14,7,0,0,0,0,2,9,1,70,5,3,1,75,75,3,61,31,0,1,0,1,0,11,0,2,0,10,0,3,0,2,0,2,0,4,2,35.631769166666665,139.61325083333332,1,3,129,0,9,0
1,30,328,376,2,0,1,99000,0,112,2024,10,22,16,0,13,5,54,16,57,2,1,1,0,7,0,0,0,0,0,0,20,70,0,4,1,25,75,14,61,1,0,11,0,1,0,11,0,10,0,30,0,3,0,2,0,2,0,4,2,35.656666666666666,139.62328250000002,3,3,9999,0,5,0
1,30,328,378,2,0,1,30000,0,112,2024,10,15,19,45,22,5,47,17,6,1,1,1,7,7,0,0,0,0,2,9,1,70,5,3,1,55,55,3,61,31,0,1,0,1,0,11,0,1,0,40,0,4,0,2,0,2,0,4,2,35.63529277777778,139.58961361111113,3,3,9999,0,9,0
1,30,328,379,2,0,1,30000,0,112,2024,10,24,11,20,12,5,55,16,55,1,1,1,1,7,9,22,0,0,14,9,30,70,4,2,1,55,35,1,61,1,0,1,0,1,0,11,0,10,0,40,0,4,0,2,0,2,0,4,2,35.66693222222222,139.6017675,5,3,9999,0,9,0
1,30,328,381,2,0,1,30000,0,112,2024,10,21,15,50,12,5,53,16,58,1,1,1,7,7,0,0,0,0,2,9,1,70,5,3,1,45,1,3,61,31,0,1,0,1,0,11,0,2,0,47,0,4,0,2,0,2,0,4,2,35.63749583333333,139.59209611111112,2,3,9999,0,1,0
1,30,328,386,2,0,1,30000,0,112,2024,10,18,10,17,12,5,50,17,2,2,1,1,1,7,1,21,0,0,17,9,30,70,4,1,1,45,35,3,61,31,0,1,0,1,0,11,0,10,0,10,0,3,0,2,0,2,0,4,2,35.671273888888884,139.61787805555556,6,3,9999,0,1,0
1,30,329,193,2,0,1,30000,0,110,2024,10,6,15,20,12,5,40,17,18,2,1,1,1,7,1,21,0,0,11,9,30,70,4,2,1,75,55,3,61,31,0,1,0,1,0,11,0,1,0,80,0,3,0,2,0,2,0,4,2,35.642965555555556,139.69863527777778,1,3,503,0,9,0
1,30,329,200,2,0,1,30000,0,110,2024,10,18,12,19,12,5,50,17,2,2,1,1,14,7,0,0,0,0,2,8,1,70,5,1,1,55,35,35,61,31,0,0,0,0,0,11,0,2,0,14,0,3,0,0,0,0,0,4,2,35.64959722222222,139.6877,6,3,9999,0,9,0
1,30,329,202,2,0,1,30000,0,110,2024,9,24,17,57,21,5,30,17,35,1,1,1,14,7,0,0,0,0,2,9,1,70,5,3,1,45,0,61,0,0,0,0,0,0,0,0,0,0,0,0,0,0,0,0,0,0,0,2,0,35.63726111111111,139.69146972222222,3,3,0,0,0,0
1,30,329,205,2,0,1,10080,0,110,2024,10,29,1,39,22,6,0,16,49,2,1,1,1,1,9,22,0,0,18,8,30,70,5,1,1,45,1,3,61,1,0,1,0,1,0,11,0,3,0,10,0,2,0,2,0,2,0,4,2,35.634148055555556,139.71148055555554,3,3,9999,0,1,0
1,30,330,252,2,0,1,30000,0,110,2024,9,21,23,4,22,5,28,17,39,2,1,1,14,7,0,0,0,0,3,9,1,70,4,3,1,25,45,51,61,41,0,0,0,0,0,0,0,0,0,10,0,4,0,0,0,0,0,4,2,35.630159444444445,139.68411583333335,7,3,0,0,0,0
1,30,330,255,2,0,1,30000,0,110,2024,10,7,15,10,12,5,41,17,16,3,1,1,14,7,0,0,0,0,2,9,1,1,5,3,1,25,65,13,61,31,0,11,0,1,0,11,0,2,0,10,0,3,0,2,0,2,0,4,2,35.62880388888889,139.68884222222223,2,3,9999,0,1,0
1,30,330,257,2,0,1,20210,0,110,2024,10,10,17,55,21,5,43,17,12,1,1,1,21,7,0,0,0,0,4,9,20,70,5,3,1,55,35,3,61,31,0,1,0,1,0,11,0,2,0,80,0,3,0,2,0,2,0,4,2,35.608067500000004,139.6707683333333,5,3,9999,0,9,0
1,30,330,268,2,0,1,30000,0,110,2024,10,24,21,30,22,5,55,16,55,2,1,1,14,7,0,0,0,0,2,9,1,70,5,3,1,25,75,51,61,41,0,0,0,0,0,0,0,0,0,10,0,3,0,0,0,0,0,4,2,35.6150675,139.67399555555554,5,3,0,0,0,0
1,30,330,269,2,0,1,30000,0,110,2024,10,10,7,15,12,5,43,17,12,2,1,1,1,7,9,22,0,0,15,9,30,70,5,3,1,75,1,3,61,31,0,1,0,1,0,11,0,1,0,40,0,4,0,2,0,2,0,4,2,35.60580277777778,139.6796975,5,3,771,0,9,0
1,30,330,274,2,0,1,30000,0,110,2024,10,29,12,25,12,6,0,16,49,2,1,1,1,1,9,22,0,0,14,9,30,70,4,3,1,75,75,3,61,1,0,1,0,1,0,11,0,2,0,10,0,3,0,2,0,2,0,4,2,35.607374722222225,139.66673277777778,3,3,9999,0,9,0
1,30,330,275,2,0,1,10080,0,110,2024,10,29,17,5,21,6,0,16,49,3,1,2,14,7,0,0,0,0,2,8,1,70,5,2,1,1,65,51,61,41,0,0,0,0,0,0,0,0,0,10,0,3,0,0,0,0,0,4,2,35.619278333333334,139.67824416666664,3,3,0,0,0,0
1,30,331,232,2,0,1,20240,0,113,2024,4,27,0,46,22,4,53,18,24,1,1,1,1,7,0,0,0,0,18,9,30,70,5,2,1,35,0,61,0,0,0,0,0,0,0,0,0,0,0,0,0,0,0,0,0,0,0,2,0,35.64610583333333,139.70674111111109,7,3,0,0,0,0
1,30,331,235,2,0,1,30000,0,113,2024,9,27,16,3,12,5,33,17,31,2,1,1,7,7,0,0,0,0,2,7,1,70,5,1,1,35,25,43,61,41,0,31,0,0,0,0,0,10,0,20,0,4,0,0,0,0,0,4,2,35.65501333333333,139.69828583333333,6,3,0,0,0,0
1,30,331,237,2,0,1,20120,0,113,2024,10,2,20,30,22,5,37,17,23,1,1,1,1,1,9,22,0,0,18,9,30,70,5,2,1,25,45,43,61,41,0,31,0,0,0,0,0,10,0,10,0,3,0,0,0,0,0,4,2,35.65087,139.72218777777778,4,3,0,0,0,0
1,30,331,239,2,0,1,30220,0,113,2024,10,4,11,30,12,5,38,17,21,2,1,1,14,7,0,0,0,0,4,8,1,70,4,2,1,25,55,51,61,41,0,0,0,0,0,0,0,0,0,10,0,3,0,0,0,0,0,4,2,35.66016333333333,139.70537666666667,6,3,0,0,0,0
1,30,331,242,2,0,1,30000,0,113,2024,10,9,8,10,12,5,42,17,14,3,1,2,14,7,0,0,0,0,3,9,1,70,5,3,1,35,25,14,61,31,0,11,0,1,0,11,0,1,0,30,0,3,0,2,0,2,0,4,2,35.657267499999996,139.69685833333332,4,3,9999,0,1,0
1,30,331,244,2,0,1,20120,0,103,2024,10,9,20,57,22,5,42,17,14,2,1,1,1,1,9,22,0,0,18,9,30,70,1,2,1,75,25,3,61,31,0,1,0,1,0,1,0,4,0,50,0,4,0,2,0,2,0,4,2,35.650794166666664,139.72245222222222,4,3,223,0,4,0
1,30,331,245,2,0,1,30000,0,113,2024,10,10,6,50,12,5,43,17,12,1,1,1,14,7,0,0,0,0,3,9,1,70,5,2,1,25,0,61,0,0,0,0,0,0,0,0,0,0,0,0,0,0,0,0,0,0,0,2,0,35.64849916666667,139.70969333333332,5,3,0,0,0,0
1,30,331,249,2,0,1,30000,0,113,2024,8,9,21,52,22,4,55,18,37,1,1,1,7,7,0,0,0,0,1,9,1,70,5,3,1,25,35,3,61,31,0,1,0,1,0,11,0,10,0,40,0,3,0,2,0,2,0,4,2,35.647867222222224,139.71233388888888,6,3,9999,0,1,0
1,30,331,251,2,0,1,30000,0,113,2024,10,14,9,50,12,5,47,17,7,1,1,1,14,7,0,0,0,0,3,9,1,70,4,2,1,75,45,3,61,31,0,1,0,1,0,11,0,2,0,20,0,3,0,2,0,2,0,4,2,35.64369027777778,139.71406055555553,2,1,297,0,4,0
1,30,331,252,2,0,1,10090,0,113,2024,9,21,4,0,22,5,28,17,39,1,1,1,7,7,0,0,0,0,5,9,1,70,1,1,1,55,25,3,61,1,0,1,0,1,0,11,0,10,0,10,0,3,0,2,0,2,0,4,2,35.65672416666666,139.7046925,7,3,9999,0,9,0
1,30,331,255,2,0,1,30000,0,113,2024,9,26,13,30,12,5,32,17,32,1,1,1,7,7,0,0,0,0,2,8,1,70,5,3,1,45,65,3,61,31,0,1,0,1,0,11,0,10,0,80,0,4,0,2,0,2,0,4,2,35.66077861111111,139.70371055555555,5,3,9999,0,1,0
1,30,331,261,2,0,1,2460,51,113,2024,9,20,19,11,22,5,27,17,41,1,1,1,14,7,0,0,0,0,4,7,1,70,1,2,1,25,1,3,61,1,0,1,0,1,0,11,0,5,0,30,0,3,0,2,0,2,0,4,2,35.65651138888889,139.69905666666668,6,3,9999,0,1,0
1,30,331,263,2,0,1,30000,0,113,2024,5,11,17,30,12,4,39,18,36,1,1,1,14,7,0,0,0,0,4,9,1,70,4,2,1,1,45,3,61,31,0,1,0,1,0,11,0,2,0,80,0,3,0,2,0,2,0,4,2,35.661974444444446,139.69938555555555,7,3,9999,0,1,0
1,30,332,118,2,0,1,30000,0,113,2024,10,11,21,30,22,5,44,17,11,1,1,1,14,7,0,0,0,0,1,9,1,70,5,3,1,25,55,14,61,1,0,11,0,1,0,11,0,10,0,11,0,2,0,2,0,2,0,4,2,35.68299444444444,139.69946583333333,6,3,9999,0,5,0
1,30,332,120,2,0,1,30000,0,113,2024,10,4,19,37,22,5,38,17,21,1,1,1,1,7,1,21,0,0,14,9,30,70,5,1,1,55,45,3,61,1,0,1,0,1,0,11,0,2,0,10,0,3,0,2,0,2,0,4,2,35.68286638888889,139.70211805555553,6,3,9999,0,9,0
1,30,332,122,2,0,1,30000,0,113,2024,10,15,11,19,12,5,47,17,6,1,1,1,1,7,9,22,0,0,11,9,30,70,5,4,1,1,45,3,61,31,0,1,0,1,0,11,0,10,0,20,0,3,0,2,0,2,0,4,2,35.669221944444445,139.70487805555555,3,3,9999,0,1,0
1,30,332,123,2,0,1,30000,0,113,2024,10,16,11,50,12,5,48,17,4,1,1,1,14,7,0,0,0,0,2,9,1,70,4,3,1,35,45,4,61,31,0,1,0,1,0,11,0,2,0,10,0,3,0,2,0,2,0,4,2,35.680563888888884,139.69974166666668,4,3,9999,0,5,0
1,30,332,127,2,0,1,30000,0,113,2024,10,19,10,52,12,5,51,17,1,1,1,1,14,7,0,0,0,0,2,9,1,70,5,4,1,35,25,14,61,1,0,11,0,1,0,11,0,1,0,40,0,3,0,2,0,2,0,4,2,35.66540611111111,139.70986805555555,7,3,9999,0,5,0
1,30,332,131,2,0,1,10090,0,113,2024,3,25,0,45,22,5,37,17,57,3,1,2,1,1,9,22,0,0,15,9,30,70,1,1,1,25,45,3,61,31,0,1,0,1,0,11,0,4,0,10,0,4,0,2,0,2,0,4,2,35.68053944444444,139.70448194444444,2,3,9999,0,1,0
1,30,333,149,1,1,0,21000,0,113,2024,10,5,3,20,22,5,39,17,19,2,1,1,14,1,0,0,0,0,6,9,1,70,1,1,1,1,75,3,61,31,0,1,0,1,0,11,0,4,0,10,0,2,0,2,0,2,0,4,1,35.66831722222222,139.6976,7,3,9999,0,1,0
1,30,333,153,2,0,1,30000,0,113,2024,10,4,11,15,12,5,38,17,21,1,1,1,7,1,0,0,0,0,2,9,1,70,5,4,1,75,75,3,61,31,0,1,0,1,0,11,0,10,0,10,0,3,0,2,0,2,0,4,2,35.67652833333333,139.6677372222222,6,3,431,0,9,0
1,30,333,156,2,0,1,20330,0,113,2024,10,8,8,40,12,5,42,17,15,3,1,2,1,1,9,22,0,0,15,9,30,70,4,2,1,25,25,3,61,31,0,1,0,1,0,11,0,3,0,10,0,3,0,2,0,2,0,4,2,35.67986666666666,139.6767972222222,3,3,9999,0,1,0
1,30,333,157,2,0,1,30000,0,113,2024,10,12,15,40,12,5,45,17,10,1,1,1,14,7,0,0,0,0,1,9,1,70,5,3,1,45,75,4,61,31,0,1,0,1,0,11,0,2,0,40,0,3,0,2,0,2,0,4,2,35.670477777777776,139.6895988888889,7,3,9999,0,9,0
1,30,333,159,2,0,1,30000,0,113,2024,9,23,13,30,12,5,30,17,37,1,1,1,7,7,0,0,0,0,3,9,1,70,5,3,1,45,55,51,61,41,0,0,0,0,0,0,0,0,0,20,0,3,0,0,0,0,0,4,2,35.67901805555555,139.6688461111111,2,1,0,0,0,0
1,30,333,167,2,0,1,20330,0,113,2024,10,21,7,2,12,5,53,16,58,1,1,1,1,1,9,22,0,0,14,9,30,70,4,2,1,35,35,51,61,41,0,0,0,0,0,0,0,0,0,10,0,3,0,0,0,0,0,4,2,35.675646388888886,139.6649661111111,2,3,0,0,0,0
1,30,333,172,2,0,1,30000,0,113,2024,10,27,19,35,22,5,58,16,51,3,1,2,7,7,0,0,0,0,2,1,1,70,5,2,1,35,25,3,61,1,0,1,0,1,0,11,0,2,0,10,0,3,0,2,0,2,0,4,2,35.66742333333333,139.69068000000001,1,3,9999,0,1,0
1,30,435,196,2,0,1,20290,0,104,2024,10,17,9,26,12,5,49,17,3,1,1,1,1,8,9,22,0,0,19,9,30,70,5,1,1,65,55,11,61,31,0,11,0,1,0,11,0,3,0,10,0,3,0,2,0,2,0,4,2,35.699953055555554,139.73315083333333,5,3,9999,0,9,0
1,30,435,205,2,0,1,30280,0,104,2024,10,25,17,20,21,5,56,16,53,1,1,1,14,7,0,0,0,0,4,8,1,70,1,2,1,25,45,14,61,31,0,11,0,1,0,11,0,3,0,40,0,3,0,2,0,2,0,4,2,35.694514444444444,139.7374788888889,6,3,9999,0,1,0
1,30,435,208,2,0,1,30000,0,104,2024,10,30,12,5,12,6,1,16,48,1,1,1,7,7,0,0,0,0,2,9,1,70,5,3,1,65,45,3,61,1,0,1,0,1,0,11,0,1,0,80,0,3,0,2,0,2,0,4,2,35.70556777777778,139.73076666666668,4,3,9999,0,9,0
1,30,436,274,2,0,1,20290,0,104,2024,10,1,17,14,13,5,36,17,25,1,1,1,14,7,0,0,0,0,3,9,1,70,4,2,1,25,55,52,61,41,0,0,0,0,0,0,0,0,0,10,0,4,0,0,0,0,0,4,2,35.701748611111114,139.69706833333333,3,3,0,0,0,0
1,30,436,277,2,0,1,30000,0,104,2024,10,3,23,2,22,5,37,17,22,3,1,2,1,7,1,22,0,0,11,9,30,70,5,3,1,45,25,3,61,1,0,1,0,1,0,11,0,1,0,50,0,4,0,2,0,2,0,4,2,35.69521694444444,139.70336277777776,5,3,9999,0,1,0
1,30,436,282,2,0,1,30000,0,104,2024,10,8,10,10,12,5,42,17,15,1,1,2,1,7,9,22,0,0,11,9,30,70,4,1,1,25,25,4,61,31,0,1,0,1,0,11,0,3,0,80,0,3,0,2,0,2,0,4,2,35.696462777777775,139.70467444444444,3,3,9999,0,9,0
1,30,436,283,2,0,1,20300,0,104,2024,10,8,11,35,12,5,42,17,15,3,1,2,7,7,0,0,0,0,5,9,1,70,1,2,1,1,55,17,61,31,0,11,0,1,0,11,0,3,0,30,0,3,0,2,0,2,0,4,2,35.69801416666667,139.7018772222222,3,3,9999,0,1,0
1,30,436,284,2,0,1,10240,0,104,2024,10,8,21,55,22,5,42,17,15,1,1,2,1,7,1,21,0,0,15,9,30,70,1,1,1,65,45,3,61,1,0,1,0,1,0,11,0,10,0,50,0,3,0,2,0,2,0,4,2,35.693773611111105,139.69849166666668,3,3,9999,0,9,0
1,30,436,286,2,0,1,30000,0,104,2024,10,11,14,45,12,5,44,17,11,1,1,1,14,7,0,0,0,0,2,9,1,70,5,3,1,35,55,36,61,31,0,0,0,0,0,1,0,2,0,20,0,4,0,0,0,0,0,4,2,35.704460555555556,139.70694166666667,6,3,9999,0,1,0
1,30,436,289,2,0,1,20000,0,104,2024,10,13,4,15,22,5,46,17,8,1,1,1,1,1,9,22,0,0,17,9,30,70,1,2,1,45,25,13,61,1,0,11,0,1,0,11,0,10,0,10,0,2,0,2,0,2,0,4,2,35.69723611111111,139.69267638888888,1,2,9999,0,9,0
1,30,436,297,2,0,1,30290,0,104,2024,10,14,15,15,12,5,47,17,7,1,1,1,14,7,0,0,0,0,3,9,1,70,4,1,1,55,55,4,61,31,0,1,0,1,0,11,0,3,0,10,0,3,0,2,0,2,0,4,2,35.70407333333333,139.6948013888889,2,1,9999,0,9,0
1,30,436,299,2,0,1,21030,0,104,2024,8,3,12,50,12,4,51,18,43,1,1,1,7,7,0,0,0,0,1,9,1,70,5,3,1,35,45,3,61,1,0,1,0,1,0,11,0,10,0,40,0,4,0,2,0,2,0,4,2,35.69609749999999,139.6979311111111,7,3,9999,0,1,0
1,30,436,300,2,0,1,30000,0,104,2024,10,2,11,55,12,5,37,17,23,1,1,1,1,7,9,22,0,0,14,9,30,70,4,1,1,1,65,51,61,41,0,0,0,0,0,0,0,0,0,10,0,3,0,0,0,0,0,4,2,35.693488055555555,139.70360194444444,4,3,0,0,0,0
1,30,436,302,2,0,1,20320,0,104,2024,10,18,8,25,12,5,50,17,2,3,1,2,14,7,0,0,0,0,5,9,1,70,4,2,1,35,55,33,61,31,0,0,0,0,0,11,0,4,0,10,0,3,0,0,0,0,0,4,2,35.68953166666666,139.68834833333332,6,3,9999,0,5,0
1,30,436,304,2,0,1,10240,0,104,2024,5,31,14,0,12,4,27,18,51,2,1,1,14,7,0,0,0,0,6,9,1,70,1,1,1,35,65,51,61,41,0,0,0,0,0,0,0,0,0,10,0,4,0,0,0,0,0,4,2,35.693728888888884,139.69805583333334,6,3,0,0,0,0
1,30,436,305,2,0,1,30000,0,104,2024,10,18,18,15,22,5,50,17,2,1,1,1,14,7,0,0,0,0,3,9,1,70,5,4,1,35,55,14,61,1,0,11,0,1,0,11,0,2,0,40,0,4,0,2,0,2,0,4,2,35.69484416666666,139.69295583333334,6,3,9999,0,5,0
1,30,436,315,2,0,1,30000,0,104,2024,10,29,20,35,22,6,0,16,49,3,1,2,14,7,0,0,0,0,3,9,1,70,5,4,1,35,75,36,61,31,0,0,0,0,0,11,0,10,0,10,0,3,0,0,0,0,0,4,2,35.69696194444444,139.70549027777776,3,3,9999,0,1,0
1,30,436,318,2,0,1,30000,0,104,2024,10,31,7,30,12,6,2,16,47,1,1,1,1,7,9,22,0,0,11,9,30,70,5,3,1,35,1,17,61,1,0,11,0,1,0,11,0,2,0,80,0,3,0,2,0,2,0,4,2,35.69671722222222,139.70994222222222,5,3,9999,0,1,0
1,30,436,320,2,0,1,30000,0,104,2024,10,23,3,58,22,5,54,16,56,1,1,1,1,7,9,22,0,0,14,9,30,70,5,2,1,35,35,3,61,1,0,1,0,1,0,11,0,2,0,40,0,3,0,2,0,2,0,4,2,35.69600638888888,139.70169583333333,4,3,9999,0,1,0
1,30,437,184,2,0,1,10280,0,104,2024,10,3,8,11,12,5,37,17,22,2,1,1,14,7,0,0,0,0,6,8,1,70,4,1,1,25,25,51,61,41,0,0,0,0,0,0,0,0,0,10,0,3,0,0,0,0,0,4,2,35.71765972222222,139.69157166666668,5,3,0,0,0,0
1,30,437,187,2,0,1,30000,0,104,2024,10,9,21,15,22,5,42,17,14,2,1,1,14,7,0,0,0,0,3,9,1,70,4,2,1,1,1,3,61,1,0,1,0,1,0,11,0,10,0,10,0,3,0,2,0,2,0,4,2,35.714267222222226,139.70518805555554,4,3,9999,0,1,0
1,30,438,182,2,0,1,200,67,104,2024,9,7,11,43,12,5,18,18,0,1,1,1,14,7,0,0,0,0,6,9,1,70,5,2,1,25,0,61,0,0,0,0,0,0,0,0,0,0,0,0,0,0,0,0,0,0,0,2,0,35.68801277777777,139.71910694444443,7,3,0,0,0,0
1,30,438,185,2,0,1,30000,0,104,2024,10,4,19,2,22,5,38,17,21,1,1,1,1,7,8,21,0,0,11,9,30,70,4,2,1,55,55,4,61,31,0,1,0,1,0,11,0,1,0,10,0,3,0,2,0,2,0,4,2,35.69154555555555,139.72505722222223,6,3,9999,0,9,0
1,30,438,194,2,0,1,30000,0,104,2024,10,13,6,37,11,5,46,17,8,1,1,1,1,1,9,22,0,0,14,6,30,1,4,2,1,75,1,3,61,1,0,1,0,1,0,11,0,2,0,70,0,4,0,2,0,2,0,4,2,35.690691666666666,139.70834194444444,1,2,9999,0,9,0