資料区分,都道府県コード,警察署等コード,本票番号,事故内容,死者数,負傷者数,路線コード,地点コード,市区町村コード,発生日時　　年,発生日時　　月,発生日時　　日,発生日時　　時,発生日時　　分,昼夜,日の出時刻　　時,日の出時刻　　分,日の入り時刻　　時,日の入り時刻　　分,天候,地形,路面状態,道路形状,信号機,一時停止規制　標識（当事者A）,一時停止規制　表示（当事者A）,一時停止規制　標識（当事者B）,一時停止規制　表示（当事者B）,車道幅員,道路線形,衝突地点,ゾーン規制,中央分離帯施設等,歩車道区分,事故類型,年齢（当事者A）,年齢（当事者B）,当事者種別（当事者A）,当事者種別（当事者B）,用途別（当事者A）,用途別（当事者B）,車両形状等（当事者A）,車両形状等（当事者B）,オートマチック車（当事者A）,オートマチック車（当事者B）,サポカー（当事者A）,サポカー（当事者B）,速度規制（指定のみ）（当事者A）,速度規制（指定のみ）（当事者B）,車両の衝突部位（当事者A）,車両の衝突部位（当事者B）,車両の損壊程度（当事者A）,車両の損壊程度（当事者B）,エアバッグの装備（当事者A）,エアバッグの装備（当事者B）,サイドエアバッグの装備（当事者A）,サイドエアバッグの装備（当事者B）,人身損傷程度（当事者A）,人身損傷程度（当事者B）,lat,lon,曜日(発生年月日),祝日(発生年月日),認知機能検査経過日数（当事者A）,認知機能検査経過日数（当事者B）,運転練習の方法（当事者A）,運転練習の方法（当事者B）
1,30,438,203,2,0,1,10050,0,104,2024,10,18,15,50,12,5,50,17,2,2,1,1,7,7,0,0,0,0,6,9,1,70,1,2,1,65,75,3,61,1,0,1,0,1,0,11,0,4,0,50,0,3,0,2,0,2,0,4,2,35.692432499999995,139.7060336111111,6,3,9999,0,9,0
1,30,438,205,2,0,1,20000,0,104,2024,10,25,13,18,12,5,56,16,53,2,1,1,7,1,0,0,0,0,3,9,1,70,5,2,1,35,1,3,61,31,0,1,0,1,0,11,0,4,0,10,0,3,0,2,0,2,0,4,2,35.69000416666666,139.71523833333333,6,3,9999,0,4,0
1,30,438,212,2,0,2,200,62,104,2024,10,30,17,42,21,6,1,16,48,1,1,1,1,1,9,22,0,0,19,9,30,70,1,1,1,55,1,3,61,31,0,1,0,1,0,11,0,5,0,50,0,2,0,2,0,1,0,4,2,35.68793055555555,139.7228725,4,3,9999,0,9,0
1,30,439,233,2,0,1,20290,0,114,2024,10,2,20,20,22,5,37,17,23,1,1,1,14,7,0,0,0,0,2,9,1,70,4,1,1,75,35,51,61,41,0,0,0,0,0,0,0,0,0,10,0,4,0,0,0,0,0,4,2,35.70176638888889,139.67828027777776,4,3,0,0,0,0
1,30,439,245,2,0,1,10220,0,114,2024,10,18,22,40,22,5,50,17,2,2,1,1,14,7,0,0,0,0,4,9,1,70,4,2,1,25,55,36,61,31,0,0,0,0,0,11,0,2,0,10,0,3,0,0,0,0,0,4,2,35.70957083333334,139.67087694444444,6,3,9999,0,1,0
1,30,439,247,2,0,1,90000,0,114,2024,10,5,14,20,12,5,39,17,19,3,1,1,14,7,0,0,0,0,3,9,1,70,5,2,1,75,35,3,61,1,0,1,0,1,0,11,0,1,0,10,0,4,0,2,0,2,0,4,2,35.70639888888889,139.66576722222223,7,3,9999,0,9,0
1,30,440,234,2,0,2,30000,0,114,2024,10,14,0,30,22,5,47,17,7,1,1,1,1,7,9,22,0,0,11,9,30,70,5,4,1,25,35,35,61,31,0,0,0,0,0,11,0,2,0,10,0,2,0,0,0,0,0,2,2,35.71125416666667,139.65549222222222,2,1,9999,0,5,0
1,30,440,235,2,0,1,30000,0,114,2024,10,15,18,40,22,5,47,17,6,1,1,1,14,7,0,0,0,0,1,9,1,70,5,3,1,45,75,4,61,31,0,1,0,1,0,11,0,2,0,80,0,4,0,2,0,2,0,4,2,35.72447944444445,139.6447511111111,3,3,9999,0,1,0
1,30,440,239,2,0,1,30000,0,114,2024,10,22,8,30,12,5,54,16,57,1,1,1,1,7,0,0,0,0,14,9,30,70,5,3,1,25,0,61,0,0,0,0,0,0,0,0,0,0,0,0,0,0,0,0,0,0,0,2,0,35.712025277777784,139.6601877777778,3,3,0,0,0,0
1,30,440,243,2,0,1,30000,0,114,2024,10,27,15,30,12,5,58,16,51,2,1,1,1,7,9,22,0,0,11,9,30,70,5,3,1,25,1,3,61,31,0,1,0,1,0,11,0,2,0,10,0,4,0,2,0,2,0,4,2,35.71864444444444,139.63439083333333,1,3,9999,0,1,0
1,30,440,244,2,0,1,30000,0,114,2024,10,29,19,0,22,6,0,16,49,3,1,2,14,7,0,0,0,0,3,9,1,70,5,3,1,1,1,51,61,41,0,0,0,0,0,0,0,0,0,10,0,3,0,0,0,0,0,4,2,35.71866666666667,139.65307222222222,3,3,0,0,0,0
1,30,441,301,2,0,1,30000,0,115,2024,10,6,14,58,12,5,40,17,18,2,1,1,1,7,1,21,0,0,11,9,30,70,5,3,1,45,35,3,61,1,0,1,0,1,0,11,0,1,0,30,0,4,0,2,0,2,0,4,2,35.6916625,139.6520561111111,1,3,9999,0,9,0
1,30,441,325,2,0,1,10240,0,115,2024,10,18,23,41,22,5,50,17,2,3,1,2,1,1,9,22,0,0,19,3,30,70,1,2,1,45,25,3,61,31,0,1,0,1,0,11,0,5,0,10,0,3,0,2,0,2,0,4,2,35.698050277777774,139.6549338888889,6,3,9999,0,9,0
1,30,441,332,2,0,1,30000,0,115,2024,10,4,10,40,12,5,38,17,21,3,1,1,14,7,0,0,0,0,2,9,1,70,5,4,1,65,25,14,61,1,0,11,0,1,0,11,0,10,0,40,0,4,0,2,0,2,0,4,2,35.70556861111111,139.64888833333333,6,3,9999,0,9,0
1,30,442,280,2,0,1,20270,0,115,2024,8,29,12,0,12,5,11,18,13,1,1,1,14,7,0,0,0,0,1,9,1,70,4,2,1,35,25,51,61,41,0,0,0,0,0,0,0,0,0,40,0,4,0,0,0,0,0,4,2,35.679094166666665,139.63793777777778,5,3,0,0,0,0
1,30,443,235,2,0,1,30000,0,115,2024,10,17,7,56,12,5,49,17,3,2,1,1,14,7,0,0,0,0,2,9,1,70,5,3,1,55,45,3,61,31,0,1,0,1,0,11,0,2,0,80,0,4,0,2,0,2,0,4,2,35.70683722222223,139.62299666666667,5,3,9999,0,9,0
1,30,443,241,2,0,1,30000,0,115,2024,10,25,14,50,12,5,56,16,53,2,1,1,14,7,0,0,0,0,3,9,1,70,5,3,1,65,1,3,61,31,0,1,0,1,0,11,0,2,0,80,0,4,0,2,0,2,0,4,2,35.704638333333335,139.603905,6,3,9999,0,9,0
1,30,443,242,2,0,1,10220,0,115,2024,10,25,23,30,22,5,56,16,53,1,1,1,14,7,0,0,0,0,4,9,1,70,4,1,1,55,35,3,61,1,0,1,0,1,0,11,0,3,0,30,0,4,0,2,0,2,0,4,2,35.71502416666667,139.6316213888889,6,3,9999,0,9,0
1,30,545,128,2,0,1,20000,0,105,2024,10,5,0,41,22,5,39,17,19,2,1,1,1,1,9,22,0,0,18,9,30,70,1,2,1,65,25,3,61,31,0,1,0,1,0,11,0,4,0,50,0,3,0,2,0,2,0,4,2,35.710465000000006,139.74651527777777,7,3,9999,0,9,0
1,30,545,133,2,0,1,20000,0,105,2024,10,16,10,57,12,5,48,17,4,1,1,1,14,7,0,0,0,0,4,9,1,70,5,1,1,45,25,3,61,31,0,1,0,1,0,11,0,3,0,30,0,4,0,2,0,2,0,4,2,35.71210583333334,139.7513225,4,3,9999,0,9,0
1,30,546,68,2,0,1,10280,0,105,2024,10,20,16,27,13,5,52,16,59,1,1,1,14,7,0,0,0,0,1,9,1,70,5,1,1,55,1,52,61,41,0,0,0,0,0,0,0,0,0,10,0,4,0,0,0,0,0,4,2,35.70925472222223,139.73401305555555,1,3,0,0,0,0
1,30,546,69,2,0,1,30870,0,105,2024,4,17,7,51,12,5,6,18,16,1,1,1,14,7,0,0,0,0,5,9,1,70,4,1,1,25,45,14,61,1,0,11,0,1,0,11,0,4,0,70,0,3,0,2,0,2,0,4,2,35.70949805555556,139.7316425,4,3,9999,0,5,0
1,30,547,117,2,0,1,30000,0,105,2024,10,19,14,45,12,5,51,17,1,2,1,1,1,7,9,22,0,0,14,9,30,70,5,1,1,65,35,3,61,1,0,1,0,1,0,11,0,3,0,81,0,4,0,2,0,2,0,4,2,35.70167027777778,139.76256,7,3,9999,0,9,0
1,30,547,118,2,0,1,30000,0,105,2024,10,20,15,35,12,5,52,16,59,1,1,1,1,1,9,22,0,0,15,9,30,70,5,2,1,35,55,51,61,41,0,0,0,0,0,0,0,0,0,10,0,3,0,0,0,0,0,4,2,35.70261666666667,139.7620075,1,3,0,0,0,0
1,30,547,119,2,0,1,20390,0,105,2024,4,4,1,17,22,5,23,18,5,3,1,2,14,7,0,0,0,0,5,9,1,70,4,2,1,55,0,61,0,0,0,0,0,0,0,0,0,0,0,0,0,0,0,0,0,0,0,2,0,35.708176388888894,139.77016222222224,5,3,0,0,0,0
1,30,548,65,2,0,1,99000,0,105,2024,10,7,12,55,12,5,41,17,16,1,1,1,0,7,0,0,0,0,0,0,20,70,0,4,1,25,1,3,61,31,0,1,0,2,0,11,0,10,0,20,0,4,0,2,0,2,0,4,2,35.72203416666667,139.75311944444445,2,3,9999,0,1,0
1,30,548,66,2,0,1,20370,0,105,2024,10,10,10,15,12,5,43,17,12,2,1,1,1,1,9,22,0,0,11,9,30,70,4,2,1,1,75,51,61,41,0,0,0,0,0,0,0,0,0,0,0,4,0,0,0,0,0,4,2,35.72195916666667,139.76226194444445,5,3,0,0,0,0
1,30,549,96,2,0,1,30000,0,116,2024,10,9,15,50,12,5,42,17,14,3,1,1,14,7,0,0,0,0,3,9,1,70,5,2,1,45,65,13,61,31,0,11,0,1,0,11,0,3,0,70,0,3,0,2,0,2,0,4,2,35.726667500000005,139.73439638888888,4,3,9999,0,5,0
1,30,549,97,2,0,1,30000,0,116,2024,10,13,15,30,12,5,46,17,8,1,1,1,1,1,9,22,0,0,11,9,30,70,1,2,1,1,75,3,61,31,0,1,0,1,0,1,0,3,0,20,0,3,0,2,0,2,0,4,2,35.73506027777778,139.7269511111111,1,2,9999,0,1,0
1,30,549,98,2,0,1,30000,0,116,2024,10,16,8,55,12,5,48,17,4,1,1,1,14,7,0,0,0,0,1,9,1,1,5,3,1,55,35,3,61,1,0,1,0,1,0,11,0,2,0,80,0,3,0,2,0,2,0,4,2,35.72985805555556,139.72046583333332,4,3,9999,0,5,0
1,30,549,103,2,0,1,30000,0,116,2024,10,31,18,0,22,6,2,16,47,1,1,1,1,7,1,21,0,0,11,9,30,70,4,2,1,45,65,3,61,31,0,1,0,1,0,11,0,5,0,10,0,3,0,2,0,2,0,4,2,35.73065638888889,139.74042666666665,5,3,9999,0,9,0
1,30,550,147,2,0,1,30000,0,116,2024,10,9,10,12,12,5,42,17,14,1,1,1,1,7,1,21,0,0,14,9,30,70,5,2,1,45,25,3,61,31,0,1,0,1,0,11,0,2,0,10,0,3,0,2,0,2,0,4,2,35.733091944444446,139.7099511111111,4,3,9999,0,5,0
1,30,551,142,1,1,0,20420,0,116,2024,10,31,2,50,22,6,2,16,47,1,1,1,14,7,0,0,0,0,5,9,1,70,1,2,1,25,35,3,61,31,0,1,0,1,0,11,0,4,0,10,0,2,0,2,0,2,0,4,1,35.7400675,139.68652305555557,5,3,9999,0,1,0
1,30,551,146,2,0,1,30000,0,116,2024,10,10,13,10,12,5,43,17,12,2,1,1,14,7,0,0,0,0,2,9,1,1,5,3,1,45,0,61,0,0,0,0,0,0,0,0,0,0,0,0,0,0,0,0,0,0,0,2,0,35.722544166666665,139.69424111111113,5,3,0,0,0,0
1,30,552,138,2,0,1,10000,0,117,2024,10,2,18,15,21,5,37,17,23,1,1,1,7,7,0,0,0,0,1,7,1,70,5,3,1,35,35,3,61,31,0,1,0,1,0,11,0,2,0,40,0,3,0,2,0,2,0,4,2,35.73638888888889,139.7593038888889,4,3,9999,0,1,0
1,30,552,144,2,0,1,30000,0,117,2024,9,24,19,45,22,5,30,17,35,1,1,1,7,7,0,0,0,0,2,9,1,70,5,4,1,45,75,51,61,41,0,0,0,0,0,0,0,0,0,40,0,4,0,0,0,0,0,4,2,35.74944722222222,139.7451322222222,3,3,0,0,0,0
1,30,552,147,2,0,2,10090,0,117,2024,10,19,19,52,22,5,51,17,1,2,1,2,1,1,9,22,0,0,19,9,30,70,1,1,1,35,1,3,61,31,0,1,0,1,0,11,0,4,0,40,0,3,0,2,0,2,0,4,2,35.746743333333335,139.73156527777778,7,3,9999,0,1,0
1,30,552,149,2,0,1,30000,0,117,2024,8,23,19,15,21,5,6,18,21,1,1,1,14,7,0,0,0,0,4,9,1,70,4,3,1,45,35,51,61,41,0,0,0,0,0,0,0,0,0,10,0,3,0,0,0,0,0,4,4,35.74209888888889,139.7616522222222,6,3,0,0,0,0
1,30,553,165,2,0,1,20000,0,117,2024,10,7,16,30,13,5,41,17,16,1,1,1,1,1,9,22,0,0,19,9,30,70,5,1,1,65,75,22,61,0,0,0,0,0,0,11,0,3,0,10,0,4,0,0,0,0,0,4,2,35.75859277777778,139.74410583333332,2,3,9999,0,9,0
1,30,553,170,2,0,1,20000,0,117,2024,10,16,23,50,22,5,48,17,4,1,1,1,1,8,9,22,0,0,18,9,30,70,4,2,1,55,25,3,61,31,0,1,0,1,0,1,0,2,0,10,0,4,0,2,0,2,0,4,2,35.763655,139.75260666666668,4,3,9999,0,5,0
1,30,553,174,2,0,2,30000,0,117,2024,10,31,7,27,12,6,2,16,47,1,1,1,14,1,0,0,0,0,4,9,1,70,4,1,1,55,55,36,61,31,0,0,0,0,0,11,0,2,0,10,0,3,0,0,0,0,0,2,2,35.75335166666667,139.72343027777777,5,3,9999,0,9,0
1,30,553,175,2,0,1,30000,0,117,2024,10,27,0,0,22,5,58,16,51,2,1,1,1,7,9,22,0,0,11,9,30,70,5,4,1,35,25,51,61,41,0,0,0,0,0,0,0,0,0,10,0,4,0,0,0,0,0,4,2,35.76540694444444,139.71717166666667,1,3,0,0,0,0
1,30,554,103,2,0,1,20000,0,117,2024,10,8,17,46,21,5,42,17,15,3,1,2,7,1,0,0,0,0,3,9,1,70,4,2,1,55,25,4,61,31,0,1,0,1,0,11,0,2,0,10,0,3,0,2,0,2,0,4,2,35.77563861111111,139.7205011111111,3,3,9999,0,9,0
1,30,554,104,2,0,1,30000,0,117,2024,10,12,10,23,12,5,45,17,10,1,1,1,14,7,0,0,0,0,3,9,1,70,4,2,1,1,75,51,61,41,0,0,0,0,0,0,0,0,0,10,0,4,0,0,0,0,0,4,2,35.78302166666666,139.71038416666664,7,3,0,0,0,0
1,30,555,281,1,1,0,20420,0,119,2024,10,30,2,24,22,6,1,16,48,3,1,2,1,1,9,22,0,0,18,9,30,70,5,2,1,25,1,13,61,1,0,11,0,1,0,11,0,4,0,10,0,2,0,2,0,2,0,4,1,35.7427775,139.680875,4,3,9999,0,1,0
1,30,555,283,2,0,2,30000,0,119,2024,8,8,16,5,12,4,54,18,38,1,1,1,7,7,0,0,0,0,6,9,1,70,1,2,1,55,65,3,61,31,0,1,0,1,0,11,0,10,0,10,0,3,0,2,0,2,0,4,2,35.75866805555555,139.70652527777776,5,3,9999,0,9,0
1,30,555,288,2,0,1,2540,67,119,2024,10,6,17,58,21,5,40,17,18,1,1,1,1,1,9,22,0,0,17,9,30,70,1,2,1,25,75,51,61,41,0,0,0,0,0,0,0,0,0,10,0,3,0,0,0,0,0,4,2,35.742940555555556,139.704745,1,3,0,0,0,0
1,30,555,290,2,0,1,30000,0,119,2024,10,7,19,10,22,5,41,17,16,2,1,1,14,7,0,0,0,0,2,9,1,70,5,3,1,65,1,3,61,31,0,1,0,1,0,11,0,2,0,10,0,4,0,2,0,2,0,4,2,35.755113333333334,139.6941113888889,2,3,9999,0,9,0
1,30,555,292,2,0,1,10160,0,119,2024,10,2,10,1,12,5,37,17,23,1,1,1,7,7,0,0,0,0,5,9,1,70,1,1,1,55,25,51,61,41,0,0,0,0,0,0,0,0,0,20,0,3,0,0,0,0,0,4,2,35.749855833333335,139.70861888888888,4,3,0,0,0,0
1,30,555,293,2,0,1,30760,0,119,2024,10,10,21,5,22,5,43,17,12,1,1,1,14,7,0,0,0,0,2,9,1,70,5,3,1,35,75,51,61,41,0,0,0,0,0,0,0,0,0,0,0,4,0,0,0,0,0,4,2,35.75090083333333,139.68908861111112,5,3,0,0,0,0
1,30,555,294,2,0,1,20000,0,119,2024,10,9,13,30,12,5,42,17,14,3,1,1,1,1,9,22,0,0,15,9,30,70,1,2,1,25,55,3,61,31,0,1,0,1,0,11,0,5,0,10,0,4,0,2,0,2,0,4,2,35.761114444444445,139.70573694444442,4,3,9999,0,2,0
1,30,555,299,2,0,1,30000,0,119,2024,10,14,10,19,12,5,47,17,7,1,1,1,14,7,0,0,0,0,2,9,1,70,4,3,1,1,35,3,61,31,0,1,0,1,0,11,0,2,0,40,0,3,0,2,0,2,0,4,2,35.75366416666667,139.70262333333332,2,1,9999,0,1,0
1,30,555,313,2,0,1,30000,0,119,2024,10,8,11,40,12,5,42,17,15,3,1,2,1,7,9,22,0,0,14,9,30,70,5,3,1,75,75,36,61,31,0,0,0,0,0,11,0,10,0,40,0,3,0,0,0,0,0,4,2,35.75948805555556,139.70281083333333,3,3,1086,0,9,0
1,30,556,238,2,0,1,170,142,119,2024,3,21,15,40,12,5,43,17,54,1,1,1,14,7,0,0,0,0,6,9,1,70,4,1,1,25,45,3,61,31,0,1,0,1,0,11,0,10,0,80,0,3,0,2,0,2,0,4,2,35.78178527777778,139.68917972222224,5,3,9999,0,1,0
1,30,556,247,2,0,1,30000,0,119,2024,10,11,16,45,13,5,44,17,11,1,1,1,14,7,0,0,0,0,2,9,1,70,4,2,1,1,45,51,61,41,0,0,0,0,0,0,0,0,0,10,0,3,0,0,0,0,0,4,2,35.77669916666667,139.69582583333334,6,3,0,0,0,0
1,30,556,252,2,0,1,10200,0,119,2024,10,22,12,40,12,5,54,16,57,1,1,1,14,7,0,0,0,0,5,9,1,70,1,1,1,1,65,51,61,41,0,0,0,0,0,0,0,0,0,10,0,3,0,0,0,0,0,4,2,35.78062694444444,139.69498916666666,3,3,0,0,0,0
1,30,556,255,2,0,1,20000,0,119,2024,10,8,9,30,12,5,42,17,15,3,1,1,1,1,9,22,0,0,15,9,30,70,4,2,1,25,35,3,61,31,0,1,0,1,0,11,0,5,0,10,0,3,0,2,0,2,0,4,2,35.774706944444446,139.70300055555555,3,3,9999,0,1,0
1,30,557,218,2,0,1,30000,0,120,2024,10,1,14,45,12,5,36,17,25,1,1,1,14,7,0,0,0,0,1,9,1,70,5,3,1,1,75,51,61,41,0,0,0,0,0,0,0,0,0,40,0,3,0,0,0,0,0,4,2,35.73336,139.64054555555555,3,3,0,0,0,0
1,30,557,219,2,0,1,30000,0,120,2024,10,2,4,40,23,5,37,17,23,1,1,1,1,1,9,22,0,0,18,9,30,70,5,1,1,55,75,14,61,1,0,11,0,1,0,11,0,3,0,10,0,3,0,2,0,2,0,4,2,35.737297222222224,139.64742916666665,4,3,9999,0,1,0
1,30,557,222,2,0,1,30000,0,120,2024,10,7,20,5,22,5,41,17,16,2,1,1,1,1,9,22,0,0,15,9,30,70,4,1,1,75,65,3,61,1,0,1,0,1,0,11,0,4,0,40,0,3,0,2,0,2,0,4,2,35.739945,139.65379972222223,2,3,24,0,9,0
1,30,557,223,2,0,1,30000,0,120,2024,10,5,17,40,21,5,39,17,19,3,1,2,14,7,0,0,0,0,2,9,1,70,5,3,1,65,25,36,61,31,0,0,0,0,0,11,0,1,0,40,0,3,0,0,0,0,0,4,2,35.745669166666666,139.6381286111111,7,3,9999,0,9,0
1,30,557,226,2,0,1,20430,0,120,2024,10,8,22,30,22,5,42,17,15,3,1,2,14,7,0,0,0,0,2,9,1,70,5,2,1,25,75,51,61,41,0,0,0,0,0,0,0,0,0,10,0,3,0,0,0,0,0,4,2,35.73878638888889,139.66692638888887,3,3,0,0,0,0
1,30,557,239,2,0,1,30000,0,120,2024,10,17,14,30,12,5,49,17,3,1,1,1,14,7,0,0,0,0,1,9,1,70,5,3,1,35,65,3,61,31,0,1,0,1,0,11,0,2,0,10,0,3,0,2,0,2,0,4,2,35.75845416666667,139.657735,5,3,9999,0,1,0
1,30,558,266,2,0,1,30000,0,120,2024,10,6,16,20,13,5,40,17,18,2,1,1,14,7,0,0,0,0,2,9,1,70,5,4,1,1,75,51,61,41,0,0,0,0,0,0,0,0,0,10,0,4,0,0,0,0,0,4,2,35.737365833333335,139.59314500000002,1,3,0,0,0,0
1,30,558,268,2,0,1,20230,0,120,2024,10,9,5,25,23,5,42,17,14,3,1,2,1,1,9,22,0,0,14,9,30,70,4,1,1,75,75,3,61,1,0,1,0,1,0,11,0,3,0,10,0,4,0,2,0,2,0,4,2,35.72031194444445,139.58265,4,3,51,0,9,0
1,30,558,270,2,0,1,30000,0,120,2024,10,11,21,45,22,5,44,17,11,1,1,1,1,7,9,22,0,0,14,9,30,70,5,3,1,1,25,51,61,41,0,0,0,0,0,0,0,0,0,10,0,3,0,0,0,0,0,4,2,35.734188611111115,139.59118916666668,6,3,0,0,0,0
1,30,558,275,2,0,1,30000,0,120,2024,10,6,17,35,21,5,40,17,18,1,1,1,14,7,0,0,0,0,3,9,1,70,5,3,1,55,55,3,61,31,0,1,0,1,0,11,0,2,0,40,0,4,0,2,0,2,0,4,2,35.735081944444445,139.59015972222224,1,3,9999,0,9,0
1,30,558,280,2,0,1,30000,0,120,2024,10,18,10,18,12,5,50,17,2,3,1,2,1,7,9,22,0,0,14,9,30,70,4,3,1,75,75,4,61,31,0,1,0,1,0,11,0,3,0,10,0,3,0,2,0,2,0,4,2,35.75331944444444,139.5958936111111,6,3,959,0,9,0
1,30,558,295,2,0,1,30000,0,120,2024,9,21,22,50,22,5,28,17,39,1,1,1,14,7,0,0,0,0,2,9,1,70,5,3,1,45,0,61,0,0,0,0,0,0,0,0,0,0,0,0,0,0,0,0,0,0,0,2,0,35.773337777777776,139.58558222222223,7,3,0,0,0,0
1,30,559,259,2,0,1,30000,0,119,2024,10,1,10,23,12,5,36,17,25,1,1,1,1,1,9,22,0,0,15,9,30,70,5,1,1,45,25,13,61,31,0,11,0,1,0,11,0,3,0,10,0,3,0,2,0,2,0,4,2,35.76925166666667,139.66143888888888,3,3,9999,0,1,0
1,30,559,265,2,0,1,30000,0,119,2024,10,4,11,50,12,5,38,17,21,2,1,1,14,7,0,0,0,0,2,9,1,70,5,4,1,35,25,36,61,31,0,0,0,0,0,11,0,2,0,20,0,3,0,0,0,0,0,4,2,35.77665694444444,139.6340563888889,6,3,9999,0,5,0
1,30,559,266,2,0,1,30000,0,119,2024,10,4,19,0,22,5,38,17,21,1,1,1,1,7,1,21,0,0,14,9,30,70,5,3,1,55,35,4,61,31,0,1,0,1,0,11,0,10,0,10,0,3,0,2,0,2,0,4,4,35.788959999999996,139.6507238888889,6,3,9999,0,9,0
1,30,559,285,2,0,1,30000,0,119,2024,10,15,18,30,22,5,47,17,6,1,1,1,1,1,9,22,0,0,15,9,30,70,4,2,1,65,55,3,61,31,0,1,0,1,0,11,0,2,0,10,0,3,0,2,0,2,0,4,2,35.78323805555556,139.6381336111111,3,3,9999,0,1,0
1,30,559,298,2,0,1,30000,0,119,2024,10,28,7,57,12,5,59,16,50,3,1,2,14,7,0,0,0,0,3,9,1,70,4,2,1,55,1,3,61,31,0,1,0,1,0,11,0,2,0,50,0,3,0,2,0,2,0,4,2,35.77164805555555,139.65495027777777,2,3,9999,0,9,0
1,30,559,301,2,0,1,21240,0,119,2024,10,29,17,30,21,6,0,16,49,3,1,2,1,1,9,22,0,0,15,9,30,70,4,1,1,55,35,4,61,31,0,1,0,1,0,11,0,3,0,10,0,3,0,2,0,2,0,4,2,35.78964083333333,139.67399083333333,3,3,9999,0,9,0
1,30,559,303,2,0,1,30000,0,119,2024,10,30,18,38,22,6,1,16,48,1,1,1,1,1,9,22,0,0,15,9,30,70,4,2,1,55,55,13,61,31,0,11,0,1,0,11,0,2,0,80,0,3,0,2,0,2,0,4,2,35.7707425,139.64566666666667,4,3,9999,0,1,0
1,30,560,256,2,0,1,30000,0,120,2024,10,5,17,40,21,5,39,17,19,3,1,1,1,7,1,21,0,0,15,9,30,70,5,1,1,65,55,3,61,31,0,1,0,1,0,11,0,10,0,50,0,3,0,2,0,2,0,4,2,35.76707111111111,139.66800638888887,7,3,9999,0,9,0
1,30,560,257,2,0,1,30000,0,120,2024,8,19,19,45,22,5,3,18,26,3,1,2,1,7,9,22,0,0,11,9,30,70,5,3,1,55,75,35,61,31,0,0,0,0,0,11,0,2,0,10,0,3,0,0,0,0,0,4,2,35.751891388888886,139.6328825,2,3,9999,0,9,0
1,30,560,270,2,0,1,30000,0,120,2024,10,30,16,37,13,6,1,16,48,1,1,1,1,7,9,22,0,0,11,9,30,70,5,3,1,55,1,14,61,31,0,11,0,1,0,11,0,2,0,10,0,3,0,2,0,2,0,4,2,35.74583555555556,139.62012805555557,4,3,9999,0,1,0
1,30,660,163,2,0,1,20070,0,106,2024,10,10,16,30,13,5,43,17,12,1,1,1,1,1,9,22,0,0,17,9,30,70,4,2,1,35,25,51,61,41,0,0,0,0,0,0,0,0,0,40,0,4,0,0,0,0,0,4,2,35.71152888888889,139.77580111111112,5,3,0,0,0,0
1,30,660,164,2,0,1,95000,0,106,2024,10,13,12,55,12,5,46,17,8,1,1,1,0,7,0,0,0,0,0,0,20,70,0,4,1,35,45,51,61,41,0,0,0,0,0,0,0,0,0,10,0,3,0,0,0,0,0,4,2,35.71062277777778,139.76903722222224,1,2,0,0,0,0
1,30,660,167,2,0,1,30000,0,106,2024,9,27,13,46,12,5,33,17,31,3,1,2,1,7,1,21,0,0,18,9,30,70,1,3,1,65,25,14,61,31,0,11,0,1,0,11,0,2,0,40,0,4,0,2,0,2,0,4,2,35.70229722222223,139.77901,6,3,9999,0,9,0
1,30,660,168,2,0,1,40,23,106,2024,10,17,23,10,22,5,49,17,3,2,1,1,1,1,9,22,0,0,19,9,30,70,5,2,1,1,35,3,61,31,0,1,0,1,0,11,0,10,0,10,0,4,0,2,0,2,0,4,2,35.702736388888894,139.77571277777778,5,3,9999,0,1,0
1,30,660,169,2,0,1,30000,0,106,2024,10,23,10,58,12,5,54,16,56,2,1,1,14,7,0,0,0,0,3,9,1,70,5,4,1,65,65,17,61,1,0,11,0,1,0,11,0,5,0,40,0,4,0,2,0,2,0,4,2,35.70883305555556,139.77409333333335,4,3,9999,0,9,0
1,30,660,171,2,0,1,30000,0,106,2024,10,24,6,15,11,5,55,16,55,1,1,1,14,7,0,0,0,0,1,9,1,70,5,3,1,55,55,3,61,31,0,1,0,1,0,11,0,5,0,30,0,4,0,2,0,2,0,4,2,35.711066111111116,139.78133055555557,5,3,9999,0,9,0
1,30,661,166,2,0,1,30000,0,106,2024,10,29,12,34,12,6,0,16,49,2,1,1,7,7,0,0,0,0,2,9,1,70,4,1,1,65,1,3,61,31,0,1,0,1,0,11,0,3,0,10,0,3,0,2,0,2,0,4,2,35.72472194444445,139.78901805555554,3,3,9999,0,9,0
1,30,662,112,2,0,1,30000,0,106,2024,10,5,6,45,12,5,39,17,19,2,1,1,1,1,9,22,0,0,15,9,30,70,5,2,1,65,75,3,61,1,0,1,0,1,0,11,0,2,0,50,0,3,0,2,0,2,0,4,2,35.716445,139.79089166666665,7,3,9999,0,9,0
1,30,662,114,2,0,1,30000,0,106,2024,10,7,9,0,12,5,41,17,16,1,1,1,14,7,0,0,0,0,3,9,1,70,4,2,1,25,1,51,61,41,0,0,0,0,0,0,0,0,0,10,0,3,0,0,0,0,0,4,2,35.720960000000005,139.7990927777778,2,3,0,0,0,0