資料区分,都道府県コード,警察署等コード,本票番号,事故内容,死者数,負傷者数,路線コード,地点コード,市区町村コード,発生日時　　年,発生日時　　月,発生日時　　日,発生日時　　時,発生日時　　分,昼夜,日の出時刻　　時,日の出時刻　　分,日の入り時刻　　時,日の入り時刻　　分,天候,地形,路面状態,道路形状,信号機,一時停止規制　標識（当事者A）,一時停止規制　表示（当事者A）,一時停止規制　標識（当事者B）,一時停止規制　表示（当事者B）,車道幅員,道路線形,衝突地点,ゾーン規制,中央分離帯施設等,歩車道区分,事故類型,年齢（当事者A）,年齢（当事者B）,当事者種別（当事者A）,当事者種別（当事者B）,用途別（当事者A）,用途別（当事者B）,車両形状等（当事者A）,車両形状等（当事者B）,オートマチック車（当事者A）,オートマチック車（当事者B）,サポカー（当事者A）,サポカー（当事者B）,速度規制（指定のみ）（当事者A）,速度規制（指定のみ）（当事者B）,車両の衝突部位（当事者A）,車両の衝突部位（当事者B）,車両の損壊程度（当事者A）,車両の損壊程度（当事者B）,エアバッグの装備（当事者A）,エアバッグの装備（当事者B）,サイドエアバッグの装備（当事者A）,サイドエアバッグの装備（当事者B）,人身損傷程度（当事者A）,人身損傷程度（当事者B）,lat,lon,曜日(発生年月日),祝日(発生年月日),認知機能検査経過日数（当事者A）,認知機能検査経過日数（当事者B）,運転練習の方法（当事者A）,運転練習の方法（当事者B）
1,30,662,121,2,0,1,30000,0,106,2024,10,20,16,50,13,5,52,16,59,1,1,1,14,7,0,0,0,0,3,9,1,70,5,4,1,1,75,3,61,31,0,1,0,1,0,11,0,10,0,10,0,3,0,2,0,2,0,4,2,35.712514444444444,139.7927488888889,1,3,9999,0,1,0
1,30,662,124,2,0,1,30000,0,106,2024,10,29,18,25,22,6,0,16,49,3,1,2,1,7,9,22,0,0,18,9,30,70,5,4,1,35,65,3,61,31,0,1,0,1,0,11,0,10,0,50,0,4,0,2,0,2,0,4,2,35.71453916666667,139.79399722222223,3,3,9999,0,5,0
1,30,662,125,2,0,1,30000,0,106,2024,10,30,17,0,21,6,1,16,48,1,1,1,7,1,0,0,0,0,4,9,1,70,4,2,1,1,65,51,61,41,0,0,0,0,0,0,0,0,0,10,0,4,0,0,0,0,0,4,2,35.72097305555556,139.7930472222222,4,3,0,0,0,0
1,30,665,84,2,0,1,30000,0,118,2024,10,21,13,50,12,5,53,16,58,1,1,1,7,7,0,0,0,0,2,9,1,70,5,3,1,75,1,51,61,41,0,0,0,0,0,0,0,0,0,40,0,3,0,0,0,0,0,2,4,35.730806944444446,139.7964697222222,2,3,0,0,0,0
1,30,666,140,2,0,1,30000,0,118,2024,10,1,18,5,21,5,36,17,25,2,1,1,14,7,0,0,0,0,5,9,1,70,6,1,1,45,45,4,61,31,0,1,0,1,0,11,0,3,0,40,0,4,0,2,0,2,0,4,2,35.7320975,139.76605083333334,3,3,9999,0,9,0
1,30,668,493,2,0,1,30000,0,121,2024,10,24,16,45,13,5,55,16,55,2,1,1,1,1,9,22,0,0,15,9,30,70,4,1,1,75,55,51,61,41,0,0,0,0,0,0,0,0,0,20,0,4,0,0,0,0,0,4,2,35.77301055555555,139.78866861111112,5,3,0,0,0,0
1,30,668,500,2,0,1,30000,0,121,2024,7,11,15,0,12,4,34,18,59,2,1,1,1,7,1,21,0,0,11,9,30,70,5,3,1,75,35,51,61,41,0,0,0,0,0,0,0,0,0,10,0,3,0,0,0,0,0,4,2,35.77155027777778,139.78998444444443,5,3,0,0,0,0
1,30,669,415,2,0,1,30000,0,121,2024,8,31,11,8,12,5,12,18,10,1,1,1,14,7,0,0,0,0,3,9,1,70,4,2,1,75,65,13,61,31,0,11,0,1,0,11,0,5,0,10,0,3,0,1,0,2,0,4,2,35.77842555555556,139.82909583333333,7,3,584,0,9,0
1,30,669,419,2,0,1,30000,0,121,2024,10,2,16,50,13,5,37,17,23,1,1,1,14,7,0,0,0,0,2,9,1,70,5,1,1,1,0,61,0,0,0,0,0,0,0,0,0,0,0,0,0,0,0,0,0,0,0,2,0,35.775244444444446,139.85121138888888,4,3,0,0,0,0
1,30,669,422,2,0,1,30000,0,121,2024,10,9,18,45,22,5,42,17,14,1,1,1,1,7,1,21,0,0,11,9,30,70,5,2,1,65,45,3,61,31,0,1,0,1,0,11,0,2,0,10,0,3,0,2,0,2,0,4,2,35.792795,139.84220916666666,4,3,9999,0,9,0
1,30,669,434,2,0,1,30000,0,121,2024,10,16,8,5,12,5,48,17,4,1,1,1,14,7,0,0,0,0,2,9,1,70,5,2,1,1,1,52,61,41,0,0,0,0,0,0,0,0,0,10,0,3,0,0,0,0,0,4,2,35.79624916666666,139.8403086111111,4,3,0,0,0,0
1,30,669,435,2,0,1,30000,0,121,2024,10,16,19,20,22,5,48,17,4,1,1,1,1,7,9,22,0,0,15,9,30,70,4,2,1,55,25,3,61,31,0,1,0,1,0,11,0,2,0,10,0,4,0,2,0,2,0,4,2,35.78939666666666,139.83808583333334,4,3,9999,0,9,0
1,30,669,436,2,0,1,30000,0,121,2024,10,17,11,35,12,5,49,17,3,2,1,1,14,7,0,0,0,0,2,9,1,70,5,2,1,45,55,3,61,1,0,1,0,1,0,11,0,5,0,10,0,3,0,2,0,2,0,4,2,35.77025333333333,139.84695222222223,5,3,9999,0,9,0
1,30,669,453,2,0,1,10360,0,121,2024,10,29,20,38,22,6,0,16,49,3,1,2,14,7,0,0,0,0,3,9,1,70,4,2,1,45,25,13,61,31,0,11,0,1,0,11,0,4,0,40,0,3,0,2,0,2,0,4,2,35.75966722222222,139.82904555555555,3,3,9999,0,9,0
1,30,669,456,2,0,1,30000,0,121,2024,10,31,18,5,22,6,2,16,47,1,1,1,1,7,1,21,0,0,15,9,30,70,4,3,1,35,25,3,61,31,0,1,0,1,0,11,0,3,0,10,0,3,0,2,0,2,0,4,2,35.78528,139.82286555555555,5,3,9999,0,1,0
1,30,670,257,2,0,1,30000,0,121,2024,10,10,5,24,23,5,43,17,12,1,1,1,1,1,9,22,0,0,19,9,30,70,5,2,1,55,65,13,61,31,0,11,0,1,0,11,0,5,0,10,0,3,0,2,0,2,0,4,2,35.78886222222222,139.82216,5,3,9999,0,9,0
1,30,670,259,2,0,1,30410,0,121,2024,9,24,11,20,12,5,30,17,35,1,1,1,1,1,9,22,0,0,15,9,30,70,5,1,1,25,75,13,61,31,0,11,0,2,0,11,0,10,0,10,0,4,0,2,0,2,0,4,2,35.79250805555555,139.79119166666666,3,3,9999,0,1,0
1,30,670,265,2,0,1,40,128,121,2024,10,17,20,15,22,5,49,17,3,2,1,1,1,1,9,22,0,0,15,9,30,70,1,1,1,65,65,7,61,31,0,1,0,1,0,11,0,3,0,50,0,3,0,2,0,2,0,4,2,35.792717499999995,139.80252555555558,5,3,9999,0,9,0
1,30,670,271,2,0,1,30000,0,121,2024,10,27,10,45,12,5,58,16,51,1,1,1,1,7,1,21,0,0,11,9,30,70,4,2,1,75,75,3,61,31,0,1,0,1,0,11,0,10,0,10,0,3,0,2,0,2,0,4,2,35.80410916666666,139.78347472222222,1,3,368,0,9,0
1,30,670,273,2,0,1,30000,0,121,2024,10,28,11,0,12,5,59,16,50,2,1,2,14,7,0,0,0,0,3,9,1,70,5,1,1,25,55,51,61,41,0,0,0,0,0,0,0,0,0,10,0,3,0,0,0,0,0,4,2,35.79434916666666,139.79343472222223,2,3,0,0,0,0
1,30,670,274,2,0,1,10340,0,121,2024,10,29,18,20,22,6,0,16,49,3,1,2,14,7,0,0,0,0,4,9,1,70,4,2,1,55,55,51,61,41,0,0,0,0,0,0,0,0,0,10,0,3,0,0,0,0,0,4,2,35.80361083333333,139.79136027777778,3,3,0,0,0,0
1,30,670,281,2,0,1,99000,0,121,2024,8,5,17,35,12,4,52,18,41,1,1,1,0,7,0,0,0,0,0,0,20,70,0,4,1,65,35,17,61,31,0,11,0,1,0,11,0,10,0,30,0,3,0,2,0,2,0,4,2,35.79105527777777,139.8170763888889,2,3,9999,0,9,0
1,30,771,448,2,0,1,30000,0,108,2024,7,19,14,15,12,4,39,18,55,1,1,1,1,1,9,22,0,0,15,9,30,70,4,2,1,25,1,3,61,31,0,1,0,1,0,11,0,3,0,40,0,3,0,2,0,2,0,4,2,35.68548527777777,139.80045777777778,6,3,9999,0,4,0
1,30,771,454,2,0,1,30000,0,108,2024,10,4,15,29,12,5,38,17,21,1,1,1,1,7,9,22,0,0,11,9,30,70,4,2,1,25,1,3,61,31,0,1,0,1,0,11,0,10,0,40,0,2,0,2,0,2,0,4,2,35.687014999999995,139.8109288888889,6,3,9999,0,1,0
1,30,771,457,2,0,1,10370,0,108,2024,10,9,8,45,12,5,42,17,14,3,1,2,1,1,9,22,0,0,14,9,30,70,1,1,1,55,25,3,61,1,0,1,0,1,0,11,0,4,0,10,0,3,0,2,0,2,0,4,2,35.66171833333333,139.80609944444444,4,3,9999,0,9,0
1,30,771,461,2,0,1,30000,0,108,2024,10,12,12,55,12,5,45,17,10,1,1,1,14,7,0,0,0,0,3,9,1,70,4,2,1,55,75,51,61,41,0,0,0,0,0,0,0,0,0,40,0,3,0,0,0,0,0,4,2,35.67307583333333,139.81963333333334,7,3,0,0,0,0
1,30,771,462,2,0,2,20540,0,108,2024,10,12,19,40,22,5,45,17,10,1,1,1,1,1,9,22,0,0,19,9,30,70,4,2,1,65,1,3,61,1,0,1,0,1,0,11,0,3,0,10,0,3,0,2,0,2,0,4,2,35.681866944444444,139.793,7,3,4,0,9,0
1,30,771,463,2,0,1,30000,0,108,2024,10,13,12,10,12,5,46,17,8,1,1,1,1,7,1,21,0,0,11,9,30,70,4,3,1,55,1,14,61,31,0,11,0,1,0,11,0,2,0,10,0,3,0,2,0,2,0,4,2,35.67952777777778,139.8192875,1,2,9999,0,9,0
1,30,771,467,2,0,1,30000,0,108,2024,8,8,14,0,12,4,54,18,38,1,1,1,14,7,0,0,0,0,3,9,1,70,5,3,1,55,55,17,61,1,0,11,0,2,0,11,0,2,0,30,0,3,0,2,0,2,0,4,2,35.670024444444444,139.7966825,5,3,9999,0,9,0
1,30,771,481,2,0,1,10040,0,108,2024,10,22,16,21,13,5,54,16,57,1,1,1,14,7,0,0,0,0,6,9,1,70,4,1,1,55,75,1,61,1,0,1,0,1,0,11,0,10,0,40,0,3,0,2,0,2,0,4,2,35.669442499999995,139.8033775,3,3,9999,0,9,0
1,30,771,483,2,0,1,30000,0,108,2024,10,22,19,4,22,5,54,16,57,2,1,1,14,7,0,0,0,0,3,9,1,70,5,1,1,25,55,13,61,31,0,11,0,1,0,11,0,2,0,80,0,3,0,2,0,2,0,4,2,35.67819861111111,139.79596666666666,3,3,9999,0,1,0
1,30,771,485,2,0,1,20540,0,108,2024,10,23,8,10,12,5,54,16,56,2,1,1,1,7,1,21,0,0,18,9,30,70,1,1,1,45,25,3,61,31,0,1,0,1,0,11,0,2,0,10,0,3,0,2,0,2,0,4,2,35.68163277777778,139.7933872222222,4,3,9999,0,1,0
1,30,771,488,2,0,1,30000,0,108,2024,10,23,13,25,12,5,54,16,56,3,1,2,14,7,0,0,0,0,4,8,1,70,1,1,1,35,1,51,61,41,0,0,0,0,0,0,0,0,0,10,0,3,0,0,0,0,0,4,2,35.656813888888884,139.80015166666666,4,3,0,0,0,0
1,30,771,494,2,0,1,30000,0,108,2024,10,26,13,30,12,5,57,16,52,1,1,1,1,7,9,22,0,0,11,9,30,1,5,2,1,25,35,3,61,31,0,1,0,1,0,11,0,2,0,10,0,3,0,2,0,2,0,4,2,35.677770555555554,139.8063502777778,7,3,9999,0,1,0
1,30,771,495,2,0,1,10040,0,108,2024,10,27,17,58,22,5,58,16,51,2,1,1,1,1,9,22,0,0,18,9,30,70,4,1,1,65,75,3,61,31,0,1,0,1,0,11,0,10,0,10,0,3,0,2,0,2,0,4,2,35.67138944444444,139.7972436111111,1,3,9999,0,9,0
1,30,771,496,2,0,1,30000,0,108,2024,10,29,0,20,22,6,0,16,49,2,1,1,14,7,0,0,0,0,2,9,1,70,1,1,1,35,0,61,0,0,0,0,0,0,0,0,0,0,0,0,0,0,0,0,0,0,0,2,0,35.657847499999995,139.8017102777778,3,3,0,0,0,0
1,30,771,497,2,0,1,30000,0,108,2024,10,18,18,15,22,5,50,17,2,2,1,2,1,7,9,22,0,0,15,9,30,70,4,1,1,35,65,3,61,31,0,1,0,1,0,11,0,2,0,50,0,3,0,2,0,2,0,4,2,35.669781944444445,139.79602305555557,6,3,9999,0,1,0
1,30,771,498,2,0,1,10040,0,108,2024,10,8,9,30,12,5,42,17,15,1,1,1,1,1,0,0,0,0,19,9,30,70,1,2,1,25,0,61,0,0,0,0,0,0,0,0,0,0,0,0,0,0,0,0,0,0,0,2,0,35.67529194444444,139.78948583333334,3,3,0,0,0,0
1,30,771,500,2,0,1,20690,0,108,2024,10,30,11,1,12,6,1,16,48,1,1,2,14,7,0,0,0,0,5,9,1,70,1,2,1,65,25,51,61,41,0,0,0,0,0,0,0,0,0,40,0,4,0,0,0,0,0,2,4,35.68785138888889,139.81569083333335,4,3,0,0,0,0
1,30,771,504,2,0,1,10040,0,108,2024,4,29,23,28,22,4,51,18,26,2,1,2,14,7,0,0,0,0,4,9,1,70,3,2,1,25,25,3,61,31,0,1,0,1,0,11,0,4,0,30,0,4,0,2,0,2,0,4,2,35.671726111111106,139.79623583333333,2,1,9999,0,5,0
1,30,771,507,2,0,1,30000,0,108,2024,10,14,21,3,22,5,47,17,7,1,1,1,1,7,9,21,0,0,17,9,30,70,4,2,1,45,75,11,61,31,0,11,0,2,0,11,0,1,0,10,0,4,0,2,0,2,0,4,2,35.65879861111111,139.8031277777778,2,1,9999,0,9,0
1,30,772,337,2,0,1,30000,0,108,2024,10,4,10,45,12,5,38,17,21,1,1,1,1,1,9,22,0,0,14,9,30,70,5,2,1,45,75,3,61,31,0,1,0,1,0,11,0,1,0,10,0,4,0,2,0,2,0,4,2,35.693958055555555,139.8373525,6,3,9999,0,1,0
1,30,772,348,2,0,1,10350,0,108,2024,10,8,20,20,22,5,42,17,15,3,1,2,14,7,0,0,0,0,4,9,1,70,4,2,1,55,25,3,61,31,0,1,0,1,0,11,0,10,0,80,0,4,0,2,0,2,0,4,2,35.674775277777776,139.82738361111112,3,3,9999,0,9,0
1,30,772,349,2,0,1,30000,0,108,2024,10,10,16,0,12,5,43,17,12,2,1,1,14,7,0,0,0,0,2,9,1,70,4,4,1,1,65,51,61,41,0,0,0,0,0,0,0,0,0,10,0,3,0,0,0,0,0,4,2,35.68006944444444,139.8407852777778,5,3,0,0,0,0
1,30,772,365,2,0,1,20650,0,108,2024,10,22,8,57,12,5,54,16,57,1,1,1,1,1,9,22,0,0,15,9,30,70,5,2,1,55,35,11,61,1,0,11,0,1,0,11,0,4,0,40,0,4,0,2,0,2,0,4,2,35.689098055555554,139.83610000000002,3,3,9999,0,9,0
1,30,772,381,2,0,1,10090,0,108,2024,8,8,16,52,12,4,54,18,38,1,1,1,1,1,9,22,0,0,14,9,30,70,4,1,1,35,75,1,61,1,0,1,0,1,0,11,0,4,0,80,0,3,0,2,0,2,0,4,2,35.697532499999994,139.82556,5,3,9999,0,1,0
1,30,773,244,2,0,1,30000,0,107,2024,10,1,8,1,12,5,36,17,25,1,1,1,1,7,9,22,0,0,11,9,30,70,5,3,1,1,1,3,61,31,0,1,0,1,0,11,0,2,0,10,0,3,0,2,0,2,0,4,2,35.71802666666667,139.8111913888889,3,3,9999,0,1,0
1,30,773,251,2,0,1,31030,0,107,2024,10,5,10,25,12,5,39,17,19,3,1,2,1,7,4,21,0,0,14,9,30,70,4,2,1,45,75,3,61,31,0,1,0,1,0,11,0,3,0,10,0,3,0,2,0,2,0,4,2,35.69711833333333,139.8007438888889,7,3,9999,0,5,0
1,30,773,253,2,0,1,20530,0,107,2024,10,5,14,30,12,5,39,17,19,3,1,2,12,7,0,0,0,0,3,5,1,70,4,2,1,35,45,43,61,41,0,31,0,0,0,0,0,10,0,20,0,3,0,0,0,0,0,4,2,35.710033055555556,139.79921944444445,7,3,0,0,0,0
1,30,773,255,2,0,1,140,35,107,2024,10,7,8,45,12,5,41,17,16,1,1,1,7,7,0,0,0,0,5,9,1,70,4,2,1,25,45,13,61,31,0,11,0,1,0,11,0,4,0,40,0,3,0,2,0,2,0,4,2,35.69485694444444,139.80378555555558,2,3,9999,0,5,0
1,30,773,256,2,0,1,30000,0,107,2024,10,7,15,13,12,5,41,17,16,1,1,1,1,1,9,22,0,0,11,9,30,70,4,1,1,35,1,14,61,31,0,11,0,1,0,11,0,10,0,50,0,3,0,2,0,2,0,4,2,35.71442972222223,139.80670222222224,2,3,9999,0,1,0
1,30,773,259,2,0,1,10290,0,107,2024,9,29,11,45,12,5,34,17,28,2,1,1,1,1,9,22,0,0,18,9,30,70,1,2,1,55,55,51,61,41,0,0,0,0,0,0,0,0,0,10,0,3,0,0,0,0,0,4,2,35.70129222222222,139.81771138888888,1,3,0,0,0,0
1,30,773,263,2,0,1,30000,0,107,2024,10,18,13,25,12,5,50,17,2,2,1,2,1,7,9,22,0,0,11,9,30,1,5,3,1,65,75,3,61,31,0,1,0,1,0,11,0,2,0,10,0,3,0,2,0,2,0,4,2,35.69950944444444,139.81254,6,3,9999,0,9,0
1,30,773,264,2,0,1,20390,0,107,2024,10,18,21,0,22,5,50,17,2,2,1,1,1,1,9,22,0,0,19,9,30,70,5,2,1,55,45,3,61,1,0,1,0,1,0,11,0,4,0,80,0,3,0,2,0,2,0,4,2,35.704345833333335,139.8142413888889,6,3,9999,0,9,0
1,30,773,275,2,0,1,30000,0,107,2024,10,28,14,0,12,5,59,16,50,2,1,1,1,7,9,22,0,0,14,9,30,70,5,2,1,35,65,14,61,31,0,11,0,1,0,11,0,2,0,50,0,4,0,2,0,2,0,4,2,35.69562194444444,139.79395277777778,2,3,9999,0,5,0
1,30,773,276,2,0,1,30000,0,107,2024,10,28,15,10,12,5,59,16,50,2,1,1,1,7,9,22,0,0,14,9,30,70,5,3,1,25,75,51,61,41,0,0,0,0,0,0,0,0,0,10,0,3,0,0,0,0,0,4,2,35.68903444444444,139.8079561111111,2,3,0,0,0,0
1,30,773,278,2,0,1,30000,0,107,2024,9,28,19,5,22,5,33,17,29,2,1,1,14,7,0,0,0,0,2,9,1,70,5,3,1,25,1,51,61,41,0,0,0,0,0,0,0,0,0,20,0,4,0,0,0,0,0,4,2,35.69591472222222,139.8130677777778,7,3,0,0,0,0
1,30,775,256,2,0,1,30000,0,122,2024,10,14,15,55,12,5,47,17,7,1,1,1,14,7,0,0,0,0,2,9,1,1,5,2,1,45,1,3,61,31,0,1,0,1,0,11,0,2,0,41,0,3,0,2,0,2,0,4,2,35.78224361111111,139.85601833333334,2,1,9999,0,1,0
1,30,775,257,2,0,1,30000,0,122,2024,8,31,18,25,21,5,12,18,10,3,1,2,14,7,0,0,0,0,3,9,1,70,5,3,1,1,45,51,61,41,0,0,0,0,0,0,0,0,0,10,0,4,0,0,0,0,0,4,2,35.77803861111111,139.8778138888889,7,3,0,0,0,0
1,30,775,258,2,0,1,20000,0,122,2024,10,20,10,50,12,5,52,16,59,1,1,1,14,1,0,0,0,0,2,9,1,70,4,1,1,1,65,51,61,41,0,0,0,0,0,0,0,0,0,10,0,3,0,0,0,0,0,4,2,35.763014444444444,139.84973444444446,1,3,0,0,0,0
1,30,775,260,2,0,1,30000,0,122,2024,10,21,11,5,12,5,53,16,58,1,1,1,14,7,0,0,0,0,1,9,1,70,5,2,1,55,75,51,61,41,0,0,0,0,0,0,0,0,0,10,0,3,0,0,0,0,0,4,2,35.761785555555555,139.842405,2,3,0,0,0,0
1,30,775,262,2,0,1,30000,0,122,2024,9,4,7,45,12,5,15,18,4,1,1,1,7,7,0,0,0,0,3,9,1,70,5,2,1,1,65,51,61,41,0,0,0,0,0,0,0,0,0,10,0,3,0,0,0,0,0,4,2,35.76153722222222,139.83724222222224,4,3,0,0,0,0
1,30,775,268,2,0,1,30000,0,122,2024,10,25,18,55,22,5,56,16,53,2,1,1,14,7,0,0,0,0,3,9,1,70,5,2,1,55,1,51,61,41,0,0,0,0,0,0,0,0,0,10,0,3,0,0,0,0,0,4,2,35.76119083333333,139.85953527777778,6,3,0,0,0,0
1,30,775,275,2,0,1,99000,0,122,2024,10,21,13,55,12,5,53,16,58,1,1,1,0,7,0,0,0,0,0,0,20,70,0,2,1,45,75,51,61,41,0,0,0,0,0,0,0,0,0,10,0,3,0,0,0,0,0,4,2,35.75228055555556,139.85208305555554,2,3,0,0,0,0
1,30,776,275,2,0,1,30000,0,122,2024,10,2,2,18,22,5,37,17,23,1,1,1,1,1,9,22,0,0,14,9,30,70,5,3,1,25,55,3,61,31,0,1,0,1,0,11,0,3,0,50,0,4,0,1,0,1,0,4,2,35.72993777777778,139.8628422222222,4,3,9999,0,1,0
1,30,776,282,2,0,1,10410,0,122,2024,10,5,1,10,22,5,39,17,19,1,1,1,1,1,1,22,0,0,18,9,30,70,4,2,1,25,65,17,61,1,0,11,0,2,0,11,0,4,0,10,0,3,0,2,0,2,0,4,2,35.73431388888889,139.86617638888887,7,3,9999,0,1,0
1,30,776,285,2,0,1,30000,0,122,2024,4,23,11,11,12,4,58,18,21,2,1,1,14,7,0,0,0,0,2,9,1,70,5,4,1,55,45,3,61,31,0,1,0,1,0,11,0,10,0,40,0,4,0,2,0,2,0,4,2,35.727268055555555,139.86002083333332,3,3,9999,0,9,0
1,30,776,286,2,0,1,10290,0,122,2024,10,9,5,10,23,5,42,17,14,3,1,2,1,1,9,22,0,0,18,9,30,70,1,1,1,55,35,3,61,31,0,1,0,1,0,11,0,4,0,50,0,3,0,2,0,2,0,4,2,35.72517055555556,139.86548555555555,4,3,9999,0,9,0
1,30,776,289,2,0,1,30000,0,122,2024,10,10,7,50,12,5,43,17,12,2,1,1,1,7,9,22,0,0,14,9,30,70,5,2,1,35,45,51,61,41,0,0,0,0,0,0,0,0,0,10,0,3,0,0,0,0,0,4,2,35.74786777777778,139.82677694444445,5,3,0,0,0,0
1,30,776,318,2,0,1,10400,0,122,2024,10,4,11,36,12,5,38,17,21,1,1,1,14,7,0,0,0,0,3,9,1,70,5,2,1,55,35,3,61,1,0,1,0,1,0,11,0,3,0,40,0,3,0,2,0,2,0,4,2,35.71664611111111,139.85972916666665,6,3,9999,0,1,0
1,30,777,570,2,0,1,30520,0,123,2024,10,5,11,55,12,5,39,17,19,2,1,2,14,1,0,0,0,0,1,9,1,70,5,2,1,35,75,51,61,41,0,0,0,0,0,0,0,0,0,20,0,4,0,0,0,0,0,4,2,35.69019833333333,139.8789975,7,3,0,0,0,0
1,30,777,573,2,0,1,21190,0,123,2024,10,6,18,7,21,5,40,17,18,2,1,1,1,7,9,22,0,0,14,9,30,70,4,2,1,45,45,4,61,31,0,1,0,1,0,11,0,3,0,10,0,3,0,2,0,2,0,4,2,35.71347111111111,139.8394113888889,1,3,9999,0,5,0
1,30,777,575,2,0,1,30000,0,123,2024,10,9,8,15,12,5,42,17,14,3,1,2,1,5,9,22,0,0,11,9,30,70,5,2,1,45,1,3,61,31,0,1,0,1,0,11,0,2,0,20,0,3,0,2,0,2,0,4,2,35.68588305555555,139.90139833333333,4,3,9999,0,9,0
1,30,777,588,2,0,1,30000,0,123,2024,10,14,10,10,12,5,47,17,7,1,1,1,14,7,0,0,0,0,2,9,1,70,5,4,1,65,1,14,61,31,0,11,0,1,0,11,0,10,0,30,0,3,0,2,0,2,0,4,2,35.68290333333333,139.88166666666666,2,1,9999,0,9,0
1,30,777,598,2,0,1,30000,0,123,2024,10,18,18,46,22,5,50,17,2,3,1,2,1,1,9,22,0,0,15,9,30,70,5,2,1,25,1,4,61,31,0,1,0,1,0,11,0,2,0,50,0,3,0,2,0,2,0,4,2,35.685740555555554,139.90292083333333,6,3,9999,0,1,0
1,30,777,602,2,0,1,20700,0,123,2024,10,4,16,45,13,5,38,17,21,1,1,1,7,7,0,0,0,0,3,9,1,70,5,2,1,1,1,51,61,41,0,0,0,0,0,0,0,0,0,10,0,4,0,0,0,0,0,4,2,35.683410555555554,139.89270888888888,6,3,0,0,0,0
1,30,777,617,2,0,1,30000,0,123,2024,10,30,8,30,12,6,1,16,48,2,1,1,1,7,1,22,0,0,15,9,30,70,5,3,1,1,45,51,61,41,0,0,0,0,0,0,0,0,0,10,0,3,0,0,0,0,0,4,2,35.696147777777774,139.90979583333333,4,3,0,0,0,0
1,30,777,621,2,0,1,30000,0,123,2024,10,30,17,55,22,6,1,16,48,1,1,1,1,7,1,21,0,0,14,9,30,70,5,2,1,65,45,4,61,31,0,1,0,1,0,11,0,5,0,10,0,3,0,2,0,2,0,4,2,35.70749472222222,139.90232194444445,4,3,0,0,0,0
1,30,777,622,2,0,1,20700,0,123,2024,10,31,0,25,22,6,2,16,47,1,1,1,1,1,9,22,0,0,15,9,30,70,4,2,1,75,55,4,61,31,0,1,0,1,0,11,0,3,0,10,0,3,0,2,0,2,0,4,2,35.691091111111106,139.90533416666668,5,3,675,0,9,0
1,30,777,624,2,0,1,21190,0,123,2024,10,23,16,45,13,5,54,16,56,3,1,2,14,1,0,0,0,0,4,9,1,70,4,2,1,75,55,51,61,41,0,0,0,0,0,0,0,0,0,10,0,3,0,0,0,0,0,4,2,35.70451666666667,139.8461413888889,4,3,0,0,0,0
1,30,778,216,2,0,1,30000,0,123,2024,10,16,14,40,12,5,48,17,4,1,1,1,1,7,9,21,0,0,11,9,30,70,5,2,1,55,65,3,61,31,0,1,0,1,0,11,0,2,0,10,0,3,0,2,0,2,0,4,2,35.731931111111116,139.8815863888889,4,3,9999,0,9,0
1,30,778,223,2,0,1,30000,0,123,2024,8,25,13,50,12,5,8,18,18,1,1,1,7,7,0,0,0,0,3,9,1,70,5,2,1,1,65,36,61,31,0,0,0,0,0,11,0,10,0,10,0,3,0,0,0,0,0,4,2,35.70682333333334,139.89453444444445,1,3,9999,0,5,0
1,30,779,200,2,0,1,30000,0,123,2024,10,4,21,55,22,5,38,17,21,1,1,1,14,7,0,0,0,0,2,9,1,70,5,3,1,75,35,3,61,31,0,1,0,1,0,11,0,1,0,40,0,3,0,2,0,2,0,4,2,35.66385416666667,139.871275,6,3,941,0,9,0
1,30,779,209,2,0,1,30000,0,123,2024,10,18,8,25,12,5,50,17,2,1,1,1,14,7,0,0,0,0,3,9,1,70,4,2,1,1,35,51,61,41,0,0,0,0,0,0,0,0,0,10,0,3,0,0,0,0,0,4,2,35.6602825,139.87090694444444,6,3,0,0,0,0
1,30,876,306,2,0,1,30000,0,201,2024,10,1,22,25,22,5,36,17,25,1,1,1,7,7,0,0,0,0,2,9,1,70,5,3,1,1,1,36,61,31,0,0,0,0,0,11,0,10,0,12,0,3,0,0,0,0,0,4,2,35.62921388888889,139.40331194444445,3,3,9999,0,1,0
1,30,876,315,2,0,1,30000,0,201,2024,10,9,17,45,21,5,42,17,14,1,2,1,1,7,1,21,0,0,15,9,30,70,5,3,1,75,55,3,61,31,0,1,0,1,0,11,0,3,0,10,0,3,0,2,0,2,0,4,2,35.643813055555555,139.35628777777777,4,3,841,0,9,0
1,30,876,320,2,0,1,30000,0,201,2024,10,11,8,22,12,5,44,17,11,1,2,1,14,7,0,0,0,0,2,9,1,70,4,1,1,1,75,51,61,41,0,0,0,0,0,0,0,0,0,10,0,3,0,0,0,0,0,4,2,35.60597333333333,139.37943027777777,6,3,0,0,0,0
1,30,876,329,2,0,1,30820,0,209,2024,10,16,5,6,23,5,48,17,4,1,1,1,1,1,9,22,0,0,14,8,30,70,4,2,1,55,75,3,61,31,0,1,0,1,0,11,0,3,0,20,0,3,0,2,0,2,0,4,2,35.59667527777778,139.3859136111111,4,3,9999,0,9,0