資料区分,都道府県コード,警察署等コード,本票番号,事故内容,死者数,負傷者数,路線コード,地点コード,市区町村コード,発生日時　　年,発生日時　　月,発生日時　　日,発生日時　　時,発生日時　　分,昼夜,日の出時刻　　時,日の出時刻　　分,日の入り時刻　　時,日の入り時刻　　分,天候,地形,路面状態,道路形状,信号機,一時停止規制　標識（当事者A）,一時停止規制　表示（当事者A）,一時停止規制　標識（当事者B）,一時停止規制　表示（当事者B）,車道幅員,道路線形,衝突地点,ゾーン規制,中央分離帯施設等,歩車道区分,事故類型,年齢（当事者A）,年齢（当事者B）,当事者種別（当事者A）,当事者種別（当事者B）,用途別（当事者A）,用途別（当事者B）,車両形状等（当事者A）,車両形状等（当事者B）,オートマチック車（当事者A）,オートマチック車（当事者B）,サポカー（当事者A）,サポカー（当事者B）,速度規制（指定のみ）（当事者A）,速度規制（指定のみ）（当事者B）,車両の衝突部位（当事者A）,車両の衝突部位（当事者B）,車両の損壊程度（当事者A）,車両の損壊程度（当事者B）,エアバッグの装備（当事者A）,エアバッグの装備（当事者B）,サイドエアバッグの装備（当事者A）,サイドエアバッグの装備（当事者B）,人身損傷程度（当事者A）,人身損傷程度（当事者B）,lat,lon,曜日(発生年月日),祝日(発生年月日),認知機能検査経過日数（当事者A）,認知機能検査経過日数（当事者B）,運転練習の方法（当事者A）,運転練習の方法（当事者B）
1,30,876,336,2,0,1,30000,0,201,2024,10,21,20,39,22,5,53,16,58,1,1,1,1,7,9,22,0,0,14,9,30,70,4,2,1,55,25,35,61,31,0,0,0,0,0,11,0,2,0,10,0,3,0,0,0,0,0,4,2,35.64478888888889,139.35230444444443,2,3,9999,0,9,0
1,30,876,340,2,0,1,30000,0,201,2024,10,24,15,15,12,5,55,16,55,2,1,1,1,7,0,0,0,0,11,9,30,70,5,4,1,1,0,61,0,0,0,0,0,0,0,0,0,0,0,0,0,0,0,0,0,0,0,2,0,35.6413225,139.36858777777778,5,3,0,0,0,0
1,30,876,342,2,0,1,10000,0,201,2024,10,26,20,0,22,5,57,16,52,1,1,1,1,7,9,22,0,0,17,9,30,70,1,2,1,45,55,3,61,31,0,1,0,1,0,11,0,4,0,10,0,2,0,2,0,2,0,4,2,35.62249527777778,139.37163055555556,7,3,9999,0,9,0
1,30,876,346,2,0,1,30000,0,201,2024,10,29,19,32,22,6,0,16,49,3,1,2,1,1,4,21,0,0,15,9,30,70,4,2,1,55,25,3,61,31,0,1,0,1,0,11,0,3,0,10,0,4,0,2,0,2,0,4,2,35.607062222222226,139.36074833333333,3,3,9999,0,9,0
1,30,877,338,1,1,0,20740,0,201,2024,10,30,6,7,11,6,1,16,48,3,1,2,7,7,0,0,0,0,4,9,1,70,4,2,1,45,75,35,61,31,0,0,0,0,0,11,0,3,0,10,0,3,0,0,0,0,0,4,1,35.65588916666667,139.27900805555558,4,3,9999,0,1,0
1,30,877,357,2,0,1,30000,0,201,2024,10,12,19,55,22,5,45,17,10,1,1,1,14,7,0,0,0,0,2,9,1,70,5,3,1,25,75,51,61,41,0,0,0,0,0,0,0,0,0,10,0,3,0,0,0,0,0,4,2,35.671638333333334,139.30426805555555,7,3,0,0,0,0
1,30,877,358,2,0,1,99000,0,201,2024,10,13,11,30,12,5,46,17,8,1,2,1,0,7,0,0,0,0,0,0,20,70,0,4,1,35,45,3,61,31,0,1,0,1,0,11,0,10,0,30,0,3,0,2,0,2,0,4,2,35.63578416666667,139.27031444444447,1,2,9999,0,1,0
1,30,877,364,2,0,1,20740,0,201,2024,10,17,16,45,13,5,49,17,3,1,2,1,14,7,0,0,0,0,4,9,1,70,4,2,1,1,1,52,61,41,0,0,0,0,0,0,0,0,0,10,0,3,0,0,0,0,0,4,2,35.665258333333334,139.28796888888888,5,3,0,0,0,0
1,30,877,367,2,0,2,99000,0,201,2024,10,19,12,15,12,5,51,17,1,1,2,1,0,7,0,0,0,0,0,0,20,70,0,4,1,75,25,3,61,31,0,1,0,1,0,11,0,10,0,50,0,1,0,1,0,1,0,2,2,35.641194722222224,139.28711222222222,7,3,185,0,9,0
1,30,877,376,2,0,1,30000,0,201,2024,9,10,18,7,21,5,20,17,56,1,2,1,13,7,0,0,0,0,1,6,1,70,5,3,1,65,55,3,61,31,0,1,0,1,0,11,0,10,0,40,0,3,0,2,0,2,0,4,2,35.66251361111111,139.2956738888889,3,3,9999,0,9,0
1,30,877,383,2,0,1,20730,0,201,2024,10,31,17,25,21,6,2,16,47,1,1,1,14,7,0,0,0,0,1,9,1,70,4,2,1,65,55,51,61,41,0,0,0,0,0,0,0,0,0,10,0,3,0,0,0,0,0,4,2,35.67368444444444,139.26484305555556,5,3,0,0,0,0
1,30,878,377,2,0,1,30000,0,224,2024,10,19,17,34,21,5,51,17,1,3,1,2,14,7,0,0,0,0,3,9,1,70,5,4,1,55,25,3,61,31,0,1,0,1,0,11,0,5,0,40,0,4,0,2,0,2,0,4,2,35.65203611111111,139.44440666666668,7,3,9999,0,9,0
1,30,878,381,2,0,1,30000,0,224,2024,10,26,9,15,12,5,57,16,52,2,2,1,1,1,9,22,0,0,15,9,30,70,5,4,1,1,65,3,61,31,0,1,0,1,0,11,0,10,0,50,0,4,0,2,0,2,0,4,2,35.61376722222222,139.44014333333334,7,3,9999,0,5,0
1,30,878,384,2,0,1,30000,0,225,2024,10,27,20,20,22,5,58,16,51,3,1,2,1,1,9,22,0,0,18,9,30,70,1,1,1,35,25,13,61,31,0,11,0,1,0,11,0,3,0,10,0,3,0,2,0,2,0,4,2,35.62462388888889,139.4710472222222,1,3,9999,0,1,0
1,30,879,363,2,0,1,99000,0,220,2024,10,17,18,0,21,5,49,17,3,1,2,1,0,7,0,0,0,0,0,0,20,1,0,4,1,25,75,3,61,31,0,1,0,1,0,11,0,10,0,20,0,3,0,2,0,2,0,4,2,35.743027222222224,139.44429083333333,5,3,9999,0,1,0
1,30,879,377,2,0,1,30000,0,223,2024,10,29,17,15,21,6,0,16,49,3,2,2,1,1,9,22,0,0,15,9,30,70,4,2,1,65,75,4,61,31,0,1,0,1,0,11,0,3,0,10,0,3,0,2,0,2,0,4,2,35.747599722222226,139.3869575,3,3,9999,0,9,0
1,30,880,218,2,0,1,30000,0,205,2024,10,9,15,30,12,5,42,17,14,1,1,1,14,7,0,0,0,0,1,9,1,70,4,1,1,1,75,51,61,41,0,0,0,0,0,0,0,0,0,10,0,3,0,0,0,0,0,4,2,35.79688222222222,139.29771861111112,4,3,0,0,0,0
1,30,880,225,2,0,1,30000,0,205,2024,10,16,18,15,22,5,48,17,4,1,1,1,1,7,0,0,0,0,11,9,30,70,4,2,1,45,0,61,0,0,0,0,0,0,0,0,0,0,0,0,0,0,0,0,0,0,0,2,0,35.787528333333334,139.28419444444444,4,3,0,0,0,0
1,30,880,230,2,0,1,21330,0,308,2024,10,23,7,30,12,5,54,16,56,1,3,1,7,7,0,0,0,0,3,9,1,70,4,3,1,35,25,13,61,31,0,11,0,1,0,11,0,2,0,80,0,4,0,2,0,2,0,4,2,35.813181111111106,139.13452166666667,4,3,9999,0,5,0
1,30,880,236,2,0,1,30000,0,205,2024,10,29,15,30,12,6,0,16,49,3,2,2,14,7,0,0,0,0,3,9,1,70,5,3,1,65,45,3,61,1,0,1,0,1,0,11,0,5,0,60,0,3,0,2,0,2,0,4,2,35.780629166666664,139.29017444444443,3,3,42,0,9,0
1,30,881,160,2,0,1,30000,0,305,2024,10,25,18,0,22,5,56,16,53,2,1,1,1,7,9,22,0,0,14,9,30,70,4,4,1,35,1,17,61,31,0,11,0,2,0,11,0,2,0,10,0,3,0,2,0,2,0,4,2,35.74268722222222,139.25576305555555,6,3,9999,0,4,0
1,30,882,282,2,0,1,30000,0,218,2024,10,4,19,5,22,5,38,17,21,3,1,2,1,7,1,21,0,0,14,9,30,70,5,3,1,45,55,4,61,31,0,1,0,1,0,11,0,2,0,10,0,4,0,2,0,2,0,4,2,35.741794166666665,139.32794222222222,6,3,9999,0,9,0
1,30,882,288,2,0,1,30000,0,227,2024,10,21,14,57,12,5,53,16,58,1,1,1,14,7,0,0,0,0,3,9,1,70,4,2,1,65,75,3,61,31,0,1,0,1,0,11,0,3,0,10,0,3,0,2,0,2,0,4,2,35.76802361111111,139.31117555555556,2,3,9999,0,9,0
1,30,882,294,2,0,1,30000,0,228,2024,10,29,14,35,12,6,0,16,49,3,3,2,1,1,9,22,0,0,14,9,30,70,5,2,1,75,45,3,61,31,0,1,0,1,0,11,0,3,0,80,0,4,0,2,0,2,0,4,2,35.73157861111111,139.28965472222222,3,3,616,0,5,0
1,30,883,391,1,1,0,30000,0,201,2024,10,8,19,38,22,5,42,17,15,3,1,2,7,7,0,0,0,0,4,9,1,70,4,2,1,65,55,3,61,31,0,1,0,1,0,11,0,3,0,10,0,3,0,2,0,2,0,4,1,35.656552222222224,139.31782277777776,3,3,9999,0,9,0
1,30,883,392,2,0,1,30000,0,201,2024,9,5,7,55,12,5,16,18,3,1,2,1,1,1,9,22,0,0,15,9,30,70,4,2,1,35,55,4,61,31,0,1,0,1,0,11,0,3,0,80,0,3,0,2,0,2,0,4,2,35.67137666666667,139.36796055555556,5,3,9999,0,5,0
1,30,883,393,2,0,1,161,0,201,2024,7,1,8,0,12,4,29,19,1,3,2,1,7,1,0,0,0,0,1,9,1,70,1,2,1,65,45,51,61,41,0,0,0,0,0,0,0,0,0,10,0,3,0,0,0,0,0,4,4,35.666376666666665,139.35374805555554,2,3,0,0,0,0
1,30,883,400,2,0,1,30000,0,201,2024,10,3,19,0,22,5,37,17,22,3,2,2,1,1,9,22,0,0,18,9,30,70,4,1,1,35,25,3,61,31,0,1,0,1,0,11,0,3,0,50,0,3,0,2,0,2,0,4,2,35.66240555555555,139.35331194444444,5,3,9999,0,1,0
1,30,883,401,2,0,1,30000,0,201,2024,10,7,16,55,13,5,41,17,16,1,1,1,14,7,0,0,0,0,2,9,1,70,5,3,1,35,1,13,61,31,0,11,0,1,0,11,0,10,0,50,0,3,0,2,0,2,0,4,2,35.667722499999996,139.35425694444444,2,3,9999,0,1,0
1,30,883,403,2,0,1,30540,0,201,2024,10,9,15,40,12,5,42,17,14,2,2,2,1,1,9,22,0,0,15,9,30,70,4,2,1,35,75,13,61,31,0,11,0,2,0,11,0,2,0,10,0,3,0,2,0,2,0,4,2,35.663560833333335,139.3336502777778,4,3,9999,0,5,0
1,30,883,404,2,0,1,200,437,201,2024,10,9,17,48,21,5,42,17,14,2,2,2,1,1,9,22,0,0,17,9,30,70,4,1,1,75,75,3,61,31,0,1,0,1,0,11,0,4,0,10,0,3,0,2,0,2,0,4,2,35.66199666666667,139.34816333333333,4,3,426,0,9,0
1,30,883,408,2,0,1,30000,0,201,2024,10,10,19,45,22,5,43,17,12,1,1,1,1,1,1,21,0,0,14,9,30,70,4,2,1,45,55,4,61,31,0,1,0,1,0,11,0,3,0,10,0,3,0,2,0,2,0,4,2,35.652448888888884,139.3280638888889,5,3,9999,0,1,0
1,30,883,420,2,0,1,10460,0,201,2024,10,17,8,28,12,5,49,17,3,2,2,1,1,7,1,21,0,0,11,9,30,70,4,2,1,75,75,14,61,31,0,11,0,1,0,11,0,1,0,10,0,3,0,2,0,2,0,4,2,35.688448055555554,139.2877247222222,5,3,401,0,9,0
1,30,883,421,2,0,1,30000,0,201,2024,10,13,0,45,22,5,46,17,8,1,1,1,14,7,0,0,0,0,3,9,1,70,5,3,1,35,25,4,61,31,0,1,0,1,0,11,0,2,0,10,0,3,0,2,0,2,0,4,2,35.66034388888889,139.32008694444443,1,2,9999,0,1,0
1,30,883,422,2,0,1,30000,0,201,2024,10,12,23,35,22,5,45,17,10,1,1,1,14,7,0,0,0,0,2,9,1,70,5,4,1,55,25,3,61,1,0,1,0,1,0,11,0,5,0,30,0,3,0,2,0,2,0,4,2,35.65776388888889,139.33464194444446,7,3,9999,0,9,0
1,30,883,426,2,0,1,30000,0,201,2024,9,10,10,45,12,5,20,17,56,1,1,1,14,7,0,0,0,0,5,9,1,70,4,2,1,1,65,51,61,41,0,0,0,0,0,0,0,0,0,10,0,4,0,0,0,0,0,4,2,35.65725388888889,139.33827055555557,3,3,0,0,0,0
1,30,883,428,2,0,1,200,475,201,2024,10,22,20,10,22,5,54,16,57,1,1,1,1,1,9,22,0,0,18,9,30,70,4,1,1,75,1,3,61,31,0,1,0,1,0,11,0,4,0,10,0,3,0,2,0,2,0,4,2,35.65690444444444,139.31029583333336,3,3,118,0,4,0
1,30,883,434,2,0,2,21150,0,201,2024,10,26,0,25,22,5,57,16,52,1,2,1,12,7,0,0,0,0,3,9,1,70,1,2,1,25,65,4,61,31,0,1,0,1,0,11,0,3,0,10,0,1,0,2,0,1,0,2,2,35.69151722222222,139.3719538888889,7,3,9999,0,1,0
1,30,883,439,2,0,1,30000,0,201,2024,10,28,18,0,22,5,59,16,50,2,1,1,1,7,1,21,0,0,15,9,30,70,5,3,1,65,55,3,61,31,0,1,0,1,0,11,0,10,0,20,0,3,0,2,0,2,0,4,2,35.65880111111111,139.32991333333334,2,3,9999,0,9,0
1,30,883,442,2,0,1,31060,0,201,2024,10,29,13,25,12,6,0,16,49,2,2,1,1,7,1,21,0,0,14,9,30,70,4,2,1,75,75,3,61,31,0,1,0,1,0,11,0,3,0,10,0,3,0,2,0,2,0,4,2,35.67889694444444,139.31535944444445,3,3,1015,0,9,0
1,30,883,451,2,0,1,99000,0,201,2024,10,14,15,35,12,5,47,17,7,1,1,1,0,7,0,0,0,0,0,0,20,70,0,4,1,75,25,3,61,31,0,1,0,1,0,11,0,10,0,30,0,3,0,2,0,2,0,4,2,35.687217777777775,139.30650500000002,2,1,776,0,9,0
1,30,883,454,2,0,1,30000,0,201,2024,10,30,17,35,21,6,1,16,48,1,2,1,1,1,9,22,0,0,14,9,30,70,5,3,1,35,35,3,61,31,0,1,0,1,0,11,0,10,0,60,0,3,0,2,0,2,0,4,2,35.65766166666666,139.33832166666667,4,3,9999,0,1,0
1,30,884,622,2,0,1,30000,0,209,2024,10,3,18,55,22,5,37,17,22,1,1,1,1,1,9,22,0,0,15,9,30,70,5,2,1,1,35,4,61,31,0,1,0,1,0,11,0,3,0,10,0,4,0,2,0,2,0,4,2,35.53416472222222,139.45938249999998,5,3,9999,0,1,0
1,30,884,630,2,0,1,30000,0,209,2024,10,8,21,15,22,5,42,17,15,3,1,2,1,1,9,22,0,0,19,9,30,70,5,1,1,75,1,3,61,31,0,1,0,1,0,11,0,3,0,80,0,3,0,2,0,2,0,4,2,35.56361972222222,139.43511527777778,3,3,657,0,9,0
1,30,884,632,2,0,1,30000,0,209,2024,10,9,8,5,12,5,42,17,14,3,1,2,14,7,0,0,0,0,1,7,1,70,5,4,1,35,1,3,61,31,0,1,0,1,0,11,0,10,0,30,0,3,0,2,0,2,0,4,2,35.54740111111111,139.45590166666665,4,3,9999,0,1,0
1,30,884,633,2,0,1,99000,0,209,2024,10,9,11,15,12,5,42,17,14,3,1,2,0,7,0,0,0,0,0,0,20,70,0,4,1,55,45,3,61,31,0,1,0,1,0,11,0,10,0,30,0,3,0,2,0,2,0,4,2,35.56493361111111,139.42643916666665,4,3,9999,0,9,0
1,30,884,634,2,0,1,30000,0,209,2024,10,9,18,6,21,5,42,17,14,2,1,2,14,7,0,0,0,0,3,9,1,70,4,2,1,75,25,3,61,31,0,1,0,1,0,11,0,10,0,10,0,3,0,2,0,2,0,4,2,35.53567111111111,139.47385805555555,4,3,15,0,9,0
1,30,884,644,2,0,1,30000,0,209,2024,10,14,13,14,12,5,47,17,7,1,1,1,1,7,1,21,0,0,11,9,30,70,5,2,1,55,55,4,61,31,0,1,0,1,0,11,0,3,0,10,0,3,0,2,0,2,0,4,2,35.57645444444445,139.41185694444445,2,1,9999,0,9,0
1,30,884,648,2,0,1,30000,0,209,2024,10,16,19,5,22,5,48,17,4,1,2,1,1,7,9,22,0,0,14,3,30,70,5,3,1,55,65,4,61,31,0,1,0,1,0,11,0,5,0,50,0,3,0,2,0,2,0,4,2,35.51260861111111,139.4738425,4,3,9999,0,9,0
1,30,884,651,2,0,1,90000,0,209,2024,10,18,10,40,12,5,50,17,2,2,1,1,0,7,0,0,0,0,0,0,20,70,0,2,1,55,75,3,61,31,0,1,0,1,0,11,0,10,0,30,0,3,0,2,0,2,0,4,2,35.555008888888885,139.45677944444444,6,3,9999,0,9,0
1,30,884,662,2,0,1,30000,0,209,2024,10,24,3,30,22,5,55,16,55,1,2,1,1,7,0,0,0,0,15,9,30,70,5,2,1,55,0,61,0,0,0,0,0,0,0,0,0,0,0,0,0,0,0,0,0,0,0,2,0,35.55512361111111,139.4536063888889,5,3,0,0,0,0
1,30,884,667,2,0,1,99000,0,209,2024,10,25,18,58,22,5,56,16,53,1,1,1,0,7,0,0,0,0,0,0,20,70,0,4,1,55,55,4,61,31,0,1,0,1,0,11,0,10,0,10,0,3,0,2,0,2,0,4,2,35.58766833333333,139.4643722222222,6,3,9999,0,9,0
1,30,884,669,2,0,1,30000,0,209,2024,10,26,22,57,22,5,57,16,52,1,1,1,1,1,9,22,0,0,15,9,30,70,4,2,1,65,45,3,61,31,0,1,0,1,0,11,0,3,0,10,0,3,0,2,0,2,0,4,2,35.52962361111111,139.47069833333333,7,3,9999,0,9,0
1,30,884,677,2,0,1,30000,0,209,2024,10,28,15,40,12,5,59,16,50,1,1,1,14,7,0,0,0,0,3,9,1,70,4,2,1,75,75,4,61,31,0,1,0,1,0,11,0,2,0,10,0,3,0,2,0,2,0,4,2,35.57345638888889,139.4572436111111,2,3,831,0,9,0
1,30,884,686,2,0,1,30000,0,209,2024,9,25,17,5,13,5,31,17,34,1,1,1,14,7,0,0,0,0,4,9,1,70,4,2,1,65,65,36,61,31,0,0,0,0,0,11,0,10,0,10,0,3,0,0,0,0,0,4,2,35.511745,139.4658983333333,4,3,9999,0,1,0
1,30,884,693,2,0,1,10610,0,209,2024,10,29,19,50,22,6,0,16,49,3,1,2,1,1,9,22,0,0,15,9,30,70,4,2,1,65,25,3,61,31,0,1,0,1,0,11,0,3,0,50,0,3,0,2,0,2,0,4,2,35.584516666666666,139.47281416666667,3,3,9999,0,9,0
1,30,884,695,2,0,1,30000,0,209,2024,10,31,6,11,11,6,2,16,47,1,2,1,14,7,0,0,0,0,3,9,1,70,5,4,1,55,45,4,61,31,0,1,0,1,0,11,0,2,0,10,0,4,0,2,0,2,0,4,2,35.51640833333333,139.46913194444446,5,3,9999,0,9,0
1,30,885,213,2,0,1,30000,0,212,2024,10,2,14,14,12,5,37,17,23,1,1,1,1,1,9,22,0,0,14,9,30,70,5,2,1,75,1,3,61,31,0,1,0,1,0,11,0,3,0,20,0,3,0,2,0,2,0,4,2,35.682520277777776,139.37918083333335,4,3,20,0,9,0
1,30,885,221,2,0,1,10510,0,212,2024,10,13,12,15,12,5,46,17,8,1,2,1,1,1,9,22,0,0,15,9,30,70,4,2,1,65,75,4,61,31,0,1,0,1,0,11,0,3,0,10,0,4,0,2,0,2,0,4,2,35.67121777777778,139.40346805555555,1,2,9999,0,9,0
1,30,885,222,2,0,1,30000,0,212,2024,10,15,2,20,22,5,47,17,6,1,1,1,1,1,9,22,0,0,15,9,30,70,4,2,1,55,55,3,61,31,0,1,0,1,0,11,0,2,0,10,0,3,0,2,0,2,0,4,2,35.65712416666666,139.37206472222223,3,3,9999,0,1,0
1,30,885,233,2,0,1,30000,0,212,2024,10,24,9,5,12,5,55,16,55,1,1,1,14,7,0,0,0,0,2,9,1,70,5,4,1,75,35,4,61,31,0,1,0,1,0,11,0,10,0,30,0,3,0,2,0,2,0,4,2,35.66874444444444,139.40497833333333,5,3,804,0,9,0
1,30,886,275,2,0,1,30810,0,207,2024,10,3,21,3,22,5,37,17,22,3,2,2,1,1,9,22,0,0,14,9,30,70,4,2,1,55,45,3,61,31,0,1,0,1,0,11,0,3,0,10,0,3,0,2,0,2,0,4,2,35.708262500000004,139.37287194444446,5,3,9999,0,9,0
1,30,886,276,2,0,1,30000,0,207,2024,10,7,17,55,21,5,41,17,16,1,2,1,14,7,0,0,0,0,3,9,1,70,5,2,1,55,1,3,61,31,0,1,0,1,0,11,0,10,0,10,0,3,0,2,0,2,0,4,2,35.70621972222222,139.38391805555554,2,3,9999,0,9,0
1,30,886,279,2,0,1,30000,0,207,2024,10,9,18,30,22,5,42,17,14,2,1,1,1,7,1,21,0,0,11,9,30,70,4,2,1,35,1,3,61,31,0,1,0,1,0,11,0,3,0,50,0,3,0,2,0,2,0,4,2,35.70664055555556,139.36079194444443,4,3,9999,0,9,0
1,30,886,280,2,0,1,30000,0,207,2024,10,10,6,25,11,5,43,17,12,2,1,1,14,7,0,0,0,0,1,9,1,70,5,2,1,65,45,3,61,31,0,1,0,1,0,11,0,2,0,10,0,3,0,2,0,2,0,4,2,35.71487611111112,139.373805,5,3,9999,0,9,0
1,30,886,285,2,0,1,20000,0,207,2024,10,15,6,49,12,5,47,17,6,1,1,1,14,7,0,0,0,0,3,9,1,70,5,2,1,25,45,12,61,1,0,11,0,1,0,11,0,10,0,10,0,3,0,2,0,2,0,4,2,35.71177027777778,139.3866075,3,3,9999,0,5,0
1,30,886,289,2,0,1,30000,0,207,2024,10,19,19,40,22,5,51,17,1,3,1,2,14,7,0,0,0,0,2,9,1,70,5,3,1,1,1,4,61,31,0,1,0,1,0,11,0,3,0,80,0,2,0,2,0,2,0,4,2,35.71116444444445,139.35841027777778,7,3,0,0,0,0
1,30,886,304,2,0,1,30000,0,207,2024,10,31,14,50,12,6,2,16,47,1,2,1,14,7,0,0,0,0,2,9,1,70,5,3,1,75,65,3,61,31,0,1,0,1,0,11,0,10,0,20,0,3,0,2,0,1,0,4,2,35.71151777777778,139.36096694444444,5,3,685,0,9,0
1,30,887,516,2,0,1,30000,0,202,2024,10,2,9,15,12,5,37,17,23,1,1,1,14,7,0,0,0,0,2,9,1,70,4,2,1,55,65,51,61,41,0,0,0,0,0,0,0,0,0,10,0,3,0,0,0,0,0,4,2,35.69864388888889,139.39656305555556,4,3,0,0,0,0
1,30,887,521,2,0,1,30000,0,215,2024,10,3,10,50,12,5,37,17,22,2,1,1,14,7,0,0,0,0,2,9,1,70,5,3,1,35,75,3,61,31,0,1,0,1,0,11,0,2,0,40,0,3,0,2,0,2,0,4,2,35.696154166666666,139.44937666666667,5,3,9999,0,1,0
1,30,887,524,2,0,1,30000,0,202,2024,10,3,20,57,22,5,37,17,22,3,1,2,1,1,9,22,0,0,18,9,30,70,1,1,1,1,25,14,61,31,0,11,0,1,0,11,0,4,0,10,0,3,0,2,0,2,0,4,2,35.72647944444444,139.41805444444444,5,3,9999,0,1,0
1,30,887,526,2,0,1,30000,0,202,2024,10,4,16,11,12,5,38,17,21,2,2,1,1,7,9,22,0,0,15,9,30,70,5,2,1,75,1,3,61,31,0,1,0,1,0,11,0,5,0,10,0,3,0,2,0,2,0,4,2,35.70231666666667,139.39509694444445,6,3,920,0,9,0
1,30,887,528,2,0,1,30000,0,202,2024,10,5,14,15,12,5,39,17,19,1,1,2,1,1,9,22,0,0,15,9,30,70,4,2,1,25,55,3,61,31,0,1,0,1,0,11,0,2,0,10,0,3,0,2,0,2,0,4,2,35.69678972222222,139.40907194444446,7,3,9999,0,1,0
1,30,887,533,2,0,1,30000,0,202,2024,10,7,18,50,22,5,41,17,16,1,1,1,1,7,9,22,0,0,14,9,30,70,5,2,1,35,75,13,61,1,0,11,0,2,0,11,0,2,0,50,0,3,0,2,0,2,0,4,2,35.719790833333334,139.43357138888888,2,3,9999,0,1,0
1,30,887,547,2,0,1,30000,0,215,2024,10,15,9,55,12,5,47,17,6,1,1,1,1,7,9,22,0,0,11,9,30,70,5,1,1,65,25,4,61,31,0,1,0,1,0,11,0,2,0,10,0,3,0,2,0,2,0,4,2,35.68563638888889,139.42884583333333,3,3,9999,0,9,0
1,30,887,550,2,0,1,10520,0,202,2024,10,17,22,10,22,5,49,17,3,1,1,1,1,1,9,22,0,0,14,9,30,70,5,2,1,45,55,51,61,41,0,0,0,0,0,0,0,0,0,40,0,4,0,0,0,0,0,4,2,35.705111388888895,139.41884416666664,5,3,0,0,0,0
1,30,887,560,2,0,1,30000,0,215,2024,10,21,15,11,12,5,53,16,58,1,1,1,14,7,0,0,0,0,2,9,1,70,5,2,1,45,65,4,61,31,0,1,0,1,0,11,0,1,0,10,0,3,0,1,0,2,0,4,2,35.699527222222216,139.44662333333335,2,3,9999,0,1,0
1,30,887,569,2,0,1,30000,0,202,2024,10,24,10,40,12,5,55,16,55,1,1,1,14,7,0,0,0,0,3,9,1,70,4,1,1,1,75,51,61,41,0,0,0,0,0,0,0,0,0,10,0,3,0,0,0,0,0,4,2,35.722535,139.44287305555557,5,3,0,0,0,0
1,30,887,574,2,0,1,99000,0,215,2024,10,26,15,50,12,5,57,16,52,2,1,1,0,7,0,0,0,0,0,0,20,70,0,4,1,75,75,3,61,31,0,1,0,1,0,11,0,10,0,30,0,4,0,2,0,2,0,4,2,35.687123611111105,139.44374833333333,7,3,94,0,1,0
1,30,887,578,2,0,1,30000,0,202,2024,10,27,13,10,12,5,58,16,51,2,1,1,14,7,0,0,0,0,2,9,1,70,1,1,1,1,65,51,61,41,0,0,0,0,0,0,0,0,0,40,0,3,0,0,0,0,0,4,2,35.686051666666664,139.40765833333333,1,3,0,0,0,0
1,30,887,583,2,0,1,30000,0,202,2024,10,30,13,28,12,6,1,16,48,1,1,1,1,7,1,21,0,0,15,9,30,70,5,4,1,75,35,3,61,31,0,1,0,1,0,1,0,2,0,70,0,3,0,2,0,1,0,4,2,35.695391666666666,139.41503333333333,4,3,78,0,9,0
1,30,888,211,2,0,1,10500,0,206,2024,9,20,19,10,22,5,27,17,41,1,1,1,14,7,0,0,0,0,2,8,1,70,4,2,1,25,1,51,61,41,0,0,0,0,0,0,0,0,0,10,0,3,0,0,0,0,0,4,2,35.665750833333334,139.47881,6,3,0,0,0,0
1,30,888,213,2,0,1,30000,0,206,2024,10,21,16,39,13,5,53,16,58,1,1,1,1,1,9,22,0,0,15,7,30,70,5,2,1,35,1,3,61,31,0,1,0,1,0,11,0,1,0,20,0,3,0,2,0,2,0,4,2,35.66990333333333,139.47084416666667,2,3,9999,0,1,0
1,30,889,237,2,0,1,10260,0,210,2024,10,8,18,0,21,5,42,17,15,3,1,2,14,7,0,0,0,0,1,9,1,70,5,2,1,75,45,36,61,31,0,0,0,0,0,11,0,2,0,10,0,4,0,0,0,0,0,4,2,35.71268055555556,139.5093427777778,3,3,753,0,9,0
1,30,889,252,2,0,1,10660,0,210,2024,10,23,18,15,22,5,54,16,56,2,1,1,1,1,9,22,0,0,14,9,30,70,4,1,1,55,75,51,61,41,0,0,0,0,0,0,0,0,0,10,0,3,0,0,0,0,0,4,2,35.69466111111111,139.49799472222222,4,3,0,0,0,0
1,30,889,253,2,0,1,30000,0,214,2024,10,23,21,35,22,5,54,16,56,2,1,1,1,1,9,22,0,0,14,9,30,70,4,1,1,25,55,3,61,31,0,1,0,1,0,11,0,1,0,10,0,3,0,2,0,2,0,4,2,35.705090000000006,139.48290305555557,4,3,9999,0,1,0
1,30,889,255,2,0,1,30000,0,214,2024,10,9,16,21,13,5,42,17,14,2,1,1,1,1,9,22,0,0,14,9,30,70,5,2,1,75,1,3,61,31,0,1,0,1,0,11,0,3,0,20,0,3,0,2,0,2,0,4,2,35.69952249999999,139.46883444444444,4,3,184,0,9,0
1,30,889,257,2,0,1,10560,0,210,2024,10,18,4,24,22,5,50,17,2,2,1,1,14,7,0,0,0,0,3,9,1,70,4,2,1,25,65,3,61,31,0,1,0,1,0,11,0,10,0,10,0,4,0,2,0,2,0,4,2,35.688757499999994,139.49984388888888,6,3,9999,0,1,0