資料区分,都道府県コード,警察署等コード,本票番号,事故内容,死者数,負傷者数,路線コード,地点コード,市区町村コード,発生日時　　年,発生日時　　月,発生日時　　日,発生日時　　時,発生日時　　分,昼夜,日の出時刻　　時,日の出時刻　　分,日の入り時刻　　時,日の入り時刻　　分,天候,地形,路面状態,道路形状,信号機,一時停止規制　標識（当事者A）,一時停止規制　表示（当事者A）,一時停止規制　標識（当事者B）,一時停止規制　表示（当事者B）,車道幅員,道路線形,衝突地点,ゾーン規制,中央分離帯施設等,歩車道区分,事故類型,年齢（当事者A）,年齢（当事者B）,当事者種別（当事者A）,当事者種別（当事者B）,用途別（当事者A）,用途別（当事者B）,車両形状等（当事者A）,車両形状等（当事者B）,オートマチック車（当事者A）,オートマチック車（当事者B）,サポカー（当事者A）,サポカー（当事者B）,速度規制（指定のみ）（当事者A）,速度規制（指定のみ）（当事者B）,車両の衝突部位（当事者A）,車両の衝突部位（当事者B）,車両の損壊程度（当事者A）,車両の損壊程度（当事者B）,エアバッグの装備（当事者A）,エアバッグの装備（当事者B）,サイドエアバッグの装備（当事者A）,サイドエアバッグの装備（当事者B）,人身損傷程度（当事者A）,人身損傷程度（当事者B）,lat,lon,曜日(発生年月日),祝日(発生年月日),認知機能検査経過日数（当事者A）,認知機能検査経過日数（当事者B）,運転練習の方法（当事者A）,運転練習の方法（当事者B）
1,30,889,264,2,0,1,10500,0,214,2024,9,30,9,24,12,5,35,17,26,2,1,1,14,7,0,0,0,0,2,7,1,70,5,2,1,1,0,61,0,0,0,0,0,0,0,0,0,0,0,0,0,0,0,0,0,0,0,2,0,35.70915333333333,139.46828305555556,2,3,0,0,0,0
1,30,890,318,2,0,1,30000,0,229,2024,9,4,8,5,12,5,15,18,4,1,1,1,14,7,0,0,0,0,2,8,1,70,5,4,1,45,1,3,61,31,0,1,0,1,0,11,0,10,0,30,0,3,0,2,0,2,0,4,2,35.72327666666667,139.5416938888889,4,3,9999,0,9,0
1,30,890,319,2,0,1,30000,0,222,2024,8,25,12,20,12,5,8,18,18,1,1,1,7,7,0,0,0,0,3,9,1,70,5,3,1,1,45,51,61,41,0,0,0,0,0,0,0,0,0,10,0,4,0,0,0,0,0,4,2,35.7594725,139.52737555555558,1,3,0,0,0,0
1,30,890,320,2,0,1,10000,0,229,2024,10,6,15,25,12,5,40,17,18,2,1,1,14,7,0,0,0,0,3,9,1,70,5,3,1,1,65,51,61,41,0,0,0,0,0,0,0,0,0,10,0,3,0,0,0,0,0,4,2,35.729936111111115,139.53396333333333,1,3,0,0,0,0
1,30,890,321,2,0,1,30000,0,229,2024,10,6,17,5,13,5,40,17,18,2,1,1,14,7,0,0,0,0,2,9,1,70,5,4,1,45,75,3,61,31,0,1,0,1,0,11,0,2,0,40,0,3,0,2,0,2,0,4,2,35.732536111111116,139.5524038888889,1,3,9999,0,1,0
1,30,890,326,2,0,1,30000,0,222,2024,9,30,19,17,22,5,35,17,26,1,1,1,1,7,1,21,0,0,14,9,30,70,5,2,1,55,1,3,61,31,0,1,0,1,0,11,0,3,0,10,0,3,0,2,0,2,0,4,2,35.756025,139.52276305555557,2,3,9999,0,9,0
1,30,890,341,2,0,1,30000,0,229,2024,10,31,7,34,12,6,2,16,47,1,1,1,14,7,0,0,0,0,2,9,1,70,4,3,1,25,25,3,61,31,0,1,0,1,0,11,0,2,0,40,0,4,0,2,0,2,0,4,2,35.74731555555556,139.5643188888889,5,3,9999,0,5,0
1,30,891,397,2,0,1,30000,0,221,2024,8,14,12,40,12,4,59,18,32,1,1,1,1,7,9,22,0,0,11,9,30,1,5,2,1,45,65,51,61,41,0,0,0,0,0,0,0,0,0,10,0,3,0,0,0,0,0,4,2,35.76305166666667,139.50929083333332,4,3,0,0,0,0
1,30,891,398,2,0,1,30000,0,213,2024,9,1,9,53,12,5,13,18,8,2,1,1,14,7,0,0,0,0,3,9,1,70,5,2,1,75,75,4,61,31,0,1,0,1,0,11,0,2,0,10,0,3,0,2,0,2,0,4,2,35.75360722222222,139.44803638888888,1,3,86,0,3,0
1,30,891,404,2,0,1,20000,0,213,2024,10,3,9,15,12,5,37,17,22,3,2,2,14,7,0,0,0,0,3,9,1,70,4,3,1,65,35,3,61,31,0,1,0,1,0,11,0,2,0,40,0,3,0,2,0,2,0,4,2,35.76202611111111,139.46026027777776,5,3,9999,0,9,0
1,30,891,408,2,0,1,30000,0,213,2024,10,5,17,50,21,5,39,17,19,3,1,2,14,7,0,0,0,0,4,9,1,70,5,2,1,45,65,3,61,31,0,1,0,1,0,11,0,10,0,10,0,3,0,2,0,2,0,4,2,35.76070444444444,139.46629777777775,7,3,9999,0,1,0
1,30,891,412,2,0,1,30000,0,213,2024,10,8,7,40,12,5,42,17,15,3,1,2,7,7,0,0,0,0,2,9,1,70,5,3,1,1,1,51,61,41,0,0,0,0,0,0,0,0,0,0,0,4,0,0,0,0,0,4,2,35.751264722222224,139.48149027777777,3,3,0,0,0,0
1,30,891,418,2,0,1,30000,0,213,2024,10,9,18,18,22,5,42,17,14,2,1,1,1,7,1,22,0,0,14,9,30,70,4,1,1,35,75,3,61,31,0,1,0,1,0,11,0,2,0,20,0,3,0,2,0,2,0,4,2,35.76300944444444,139.45170222222222,4,3,9999,0,1,0
1,30,891,419,2,0,1,30000,0,213,2024,10,2,14,47,12,5,37,17,23,1,2,1,1,7,4,21,0,0,11,9,30,70,5,3,1,35,35,3,61,31,0,1,0,1,0,11,0,2,0,40,0,4,0,2,0,2,0,4,2,35.77773611111111,139.49476416666664,4,3,9999,0,5,0
1,30,891,436,2,0,1,10500,0,213,2024,10,20,13,13,12,5,52,16,59,1,1,1,1,7,9,22,0,0,14,9,30,70,4,2,1,55,1,3,61,31,0,1,0,1,0,11,0,3,0,0,0,4,0,2,0,2,0,4,2,35.77172916666667,139.47684944444444,1,3,9999,0,9,0
1,30,891,444,2,0,1,30000,0,213,2024,10,17,14,10,12,5,49,17,3,2,1,1,14,7,0,0,0,0,3,9,1,70,4,2,1,55,75,52,61,41,0,0,0,0,0,0,0,0,0,40,0,4,0,0,0,0,0,4,2,35.74395861111111,139.46710416666667,5,3,0,0,0,0
1,30,891,446,2,0,1,30000,0,213,2024,10,23,7,55,12,5,54,16,56,1,1,1,14,7,0,0,0,0,1,9,1,70,5,1,1,1,0,61,0,0,0,0,0,0,0,0,0,0,0,0,0,0,0,0,0,0,0,2,0,35.755810555555556,139.4783463888889,4,3,0,0,0,0
1,30,891,457,2,0,1,30000,0,221,2024,10,29,18,30,22,6,0,16,49,1,1,2,1,1,9,22,0,0,15,1,30,70,4,2,1,55,65,3,61,31,0,1,0,1,0,11,0,3,0,20,0,4,0,2,0,2,0,4,2,35.76942416666667,139.50337527777776,3,3,9999,0,9,0
1,30,892,296,2,0,1,30000,0,203,2024,10,3,7,24,12,5,37,17,22,2,1,1,1,7,9,22,0,0,11,9,30,70,5,2,1,45,1,3,61,31,0,1,0,1,0,11,0,2,0,80,0,3,0,2,0,2,0,4,2,35.70534416666667,139.5618352777778,5,3,9999,0,1,0
1,30,892,299,2,0,1,30000,0,203,2024,10,7,18,10,21,5,41,17,16,1,1,1,14,7,0,0,0,0,4,9,1,70,4,2,1,1,75,51,61,41,0,0,0,0,0,0,0,0,0,20,0,3,0,0,0,0,0,4,2,35.704730000000005,139.53431138888888,2,3,0,0,0,0
1,30,892,302,2,0,1,30000,0,203,2024,10,9,19,45,22,5,42,17,14,2,1,2,14,7,0,0,0,0,3,9,1,70,5,3,1,1,55,51,61,41,0,0,0,0,0,0,0,0,0,10,0,3,0,0,0,0,0,4,2,35.70277166666667,139.5445388888889,4,3,0,0,0,0
1,30,892,316,2,0,1,30000,0,203,2024,10,13,13,5,12,5,46,17,8,1,1,1,14,7,0,0,0,0,2,9,1,70,5,4,1,25,45,51,61,41,0,0,0,0,0,0,0,0,0,10,0,3,0,0,0,0,0,4,2,35.703764722222225,139.58138944444445,1,2,0,0,0,0
1,30,892,327,2,0,1,99000,0,203,2024,10,29,13,20,12,6,0,16,49,3,1,1,0,7,0,0,0,0,0,0,20,70,0,4,1,45,55,51,61,41,0,0,0,0,0,0,0,0,0,10,0,3,0,0,0,0,0,2,4,35.70221888888889,139.54447555555555,3,3,0,0,0,0
1,30,892,330,2,0,1,30000,0,203,2024,10,20,13,55,12,5,52,16,59,1,1,1,14,7,0,0,0,0,1,9,1,70,5,4,1,75,45,3,61,31,0,1,0,1,0,1,0,2,0,40,0,4,0,2,0,2,0,4,2,35.703430833333336,139.5448811111111,1,3,207,0,9,0
1,30,893,227,2,0,1,99000,0,204,2024,10,8,10,5,12,5,42,17,15,3,1,2,0,7,0,0,0,0,0,0,20,70,0,4,1,45,45,3,61,31,0,1,0,1,0,11,0,10,0,30,0,3,0,2,0,2,0,4,2,35.69365138888889,139.55545166666667,3,3,9999,0,5,0
1,30,893,229,2,0,1,30000,0,204,2024,10,15,21,15,22,5,47,17,6,1,1,1,14,7,0,0,0,0,3,9,1,70,1,1,1,45,65,1,61,1,0,1,0,1,0,11,0,10,0,40,0,3,0,2,0,2,0,4,2,35.702293611111116,139.5611088888889,3,3,9999,0,5,0
1,30,893,239,2,0,1,30000,0,204,2024,10,24,16,38,13,5,55,16,55,2,1,1,14,7,0,0,0,0,1,9,1,70,5,4,1,55,55,35,61,31,0,0,0,0,0,11,0,2,0,10,0,3,0,0,0,0,0,4,2,35.67995083333333,139.57930805555554,5,3,9999,0,9,0
1,30,894,473,2,0,2,30000,0,208,2024,10,4,10,20,12,5,38,17,21,3,1,1,14,7,0,0,0,0,3,9,1,70,4,2,1,75,35,3,61,31,0,1,0,1,0,11,0,2,0,12,0,3,0,2,0,2,0,4,2,35.64987861111111,139.53633333333332,6,3,865,0,9,0
1,30,894,484,2,0,1,30000,0,208,2024,10,25,18,40,22,5,56,16,53,2,1,1,14,7,0,0,0,0,2,9,1,70,5,3,1,25,45,13,61,31,0,11,0,1,0,11,0,5,0,14,0,3,0,2,0,2,0,4,2,35.65361361111111,139.5409386111111,6,3,9999,0,1,0
1,30,894,489,2,0,1,30000,0,208,2024,10,20,17,10,21,5,52,16,59,2,1,1,14,7,0,0,0,0,2,9,1,70,5,2,1,1,55,51,61,41,0,0,0,0,0,0,0,0,0,10,0,4,0,0,0,0,0,4,2,35.66672027777778,139.58533111111112,1,3,0,0,0,0
1,30,894,493,2,0,1,30000,0,208,2024,10,24,8,35,12,5,55,16,55,1,1,1,14,7,0,0,0,0,2,9,1,70,5,3,1,45,35,51,61,41,0,0,0,0,0,0,0,0,0,10,0,3,0,0,0,0,0,4,2,35.661227777777775,139.5830025,5,3,0,0,0,0
1,30,895,110,2,0,1,30000,0,211,2024,10,9,14,45,12,5,42,17,14,3,1,2,1,1,0,0,0,0,14,9,30,70,4,2,1,75,0,61,0,0,0,0,0,0,0,0,0,0,0,0,0,0,0,0,0,0,0,2,0,35.73576472222222,139.46130499999998,4,3,0,0,0,0
1,30,895,111,2,0,1,30000,0,211,2024,10,2,8,55,12,5,37,17,23,1,1,1,14,7,0,0,0,0,1,9,1,70,5,3,1,75,1,3,61,31,0,1,0,1,0,11,0,2,0,40,0,4,0,2,0,2,0,4,2,35.72163138888889,139.45693666666665,4,3,287,0,9,0
1,30,895,114,2,0,1,30000,0,211,2024,10,22,8,25,12,5,54,16,57,1,1,1,1,1,9,22,0,0,11,9,30,70,4,2,1,1,1,51,61,41,0,0,0,0,0,0,0,0,0,10,0,3,0,0,0,0,0,4,2,35.73520527777778,139.5108688888889,3,3,0,0,0,0
1,30,895,119,2,0,1,10240,0,211,2024,10,1,19,17,22,5,36,17,25,1,1,1,14,7,0,0,0,0,3,9,1,70,4,2,1,75,35,14,61,31,0,11,0,1,0,11,0,3,0,70,0,3,0,2,0,2,0,4,2,35.73260583333334,139.43818805555557,3,3,336,0,9,0
1,30,100,157,2,0,1,30000,0,101,2024,11,15,17,25,21,6,17,16,34,2,1,1,14,7,0,0,0,0,4,9,1,70,4,2,1,75,25,3,61,1,0,1,0,1,0,11,0,2,0,50,0,4,0,2,0,2,0,4,2,35.680209166666664,139.73582777777776,6,3,178,0,1,0
1,30,100,159,2,0,2,30000,0,101,2024,11,15,22,7,22,6,17,16,34,2,1,1,1,1,9,22,0,0,15,9,30,70,1,2,1,55,1,3,61,31,0,1,0,1,0,11,0,2,0,10,0,3,0,2,0,2,0,4,2,35.68421138888888,139.74272555555555,6,3,9999,0,5,0
1,30,100,166,2,0,1,10110,0,101,2024,11,28,17,35,22,6,29,16,28,1,1,1,1,7,9,22,0,0,15,9,30,1,5,1,1,45,35,36,61,31,0,0,0,0,0,11,0,10,0,10,0,4,0,0,0,0,0,4,2,35.701436111111114,139.75054944444443,5,3,9999,0,9,0
1,30,102,114,2,0,1,95000,0,101,2024,10,24,11,30,12,5,55,16,55,2,1,1,0,7,0,0,0,0,0,0,20,70,0,4,1,45,1,13,61,31,0,11,0,1,0,11,0,10,0,30,0,3,0,2,0,2,0,4,2,35.69640583333333,139.75832694444443,5,3,9999,0,1,0
1,30,102,118,2,0,1,99000,0,101,2024,11,12,18,3,22,6,14,16,36,1,1,1,0,7,0,0,0,0,0,0,20,1,0,4,1,45,55,3,61,31,0,1,0,1,0,11,0,10,0,10,0,3,0,2,0,2,0,4,2,35.698202499999994,139.7557025,3,3,9999,0,9,0
1,30,102,120,2,0,1,30000,0,101,2024,11,29,11,30,12,6,30,16,28,1,1,1,1,7,9,22,0,0,11,7,30,70,4,2,1,35,35,35,61,31,0,0,0,0,0,11,0,2,0,10,0,3,0,0,0,0,0,4,2,35.69862833333333,139.7676575,6,3,9999,0,1,0
1,30,103,104,2,0,1,30000,0,101,2024,11,2,15,20,12,6,4,16,45,3,1,2,14,7,0,0,0,0,3,9,1,70,1,2,1,25,55,3,61,31,0,1,0,1,0,11,0,3,0,10,0,3,0,2,0,2,0,4,2,35.69877444444444,139.77441055555556,7,2,9999,0,1,0
1,30,103,109,2,0,1,30000,0,101,2024,11,15,22,7,22,6,17,16,34,1,1,1,7,7,0,0,0,0,5,9,1,70,4,2,1,1,25,34,61,31,0,0,0,0,0,11,0,3,0,40,0,3,0,0,0,0,0,4,2,35.69974333333333,139.77006222222224,6,3,9999,0,1,0
1,30,103,110,2,0,1,30000,0,101,2024,11,16,13,10,12,6,18,16,34,2,1,1,7,7,0,0,0,0,3,9,1,70,5,3,1,25,65,17,61,1,0,11,0,1,0,11,0,2,0,80,0,4,0,2,0,2,0,4,2,35.69864611111111,139.77063944444447,7,3,9999,0,5,0
1,30,103,113,2,0,1,10290,0,101,2024,11,21,18,20,22,6,23,16,31,2,1,1,14,7,0,0,0,0,5,9,1,70,4,2,1,25,0,61,0,0,0,0,0,0,0,0,0,0,0,0,0,0,0,0,0,0,0,2,0,35.70306888888889,139.77013416666668,5,3,0,0,0,0
1,30,103,115,2,0,2,20070,0,101,2024,11,30,1,54,22,6,31,16,28,1,1,1,1,7,9,22,0,0,18,9,30,70,4,2,1,55,35,34,61,31,0,0,0,0,0,11,0,4,0,10,0,3,0,0,0,0,0,2,2,35.70086777777778,139.77153972222223,7,3,9999,0,9,0
1,30,104,215,2,0,1,30000,0,102,2024,11,11,9,43,12,6,13,16,37,2,1,1,1,7,9,22,0,0,18,9,30,70,5,2,1,65,65,14,61,31,0,11,0,1,0,11,0,4,0,20,0,4,0,2,0,2,0,4,2,35.67463861111111,139.78080444444447,2,3,35,0,9,0
1,30,104,221,2,0,1,30000,0,102,2024,11,20,7,22,12,6,22,16,31,3,1,2,1,7,9,22,0,0,15,9,30,70,5,2,1,45,55,3,61,31,0,1,0,1,0,11,0,2,0,10,0,3,0,2,0,2,0,4,2,35.6793225,139.77011472222225,4,3,9999,0,9,0
1,30,104,223,2,0,1,20090,0,102,2024,11,22,20,45,22,6,24,16,30,1,1,1,14,7,0,0,0,0,5,9,1,70,4,2,1,45,55,3,61,1,0,1,0,1,0,11,0,10,0,80,0,2,0,2,0,2,0,4,2,35.68832222222222,139.76936222222224,6,2,9999,0,1,0
1,30,105,92,2,0,1,30000,0,102,2024,11,25,11,58,12,6,26,16,29,1,1,1,1,7,9,22,0,0,14,9,30,70,4,2,1,35,55,13,61,31,0,11,0,1,0,11,0,2,0,40,0,3,0,2,0,2,0,4,2,35.68477055555555,139.78283055555556,2,3,9999,0,5,0
1,30,106,143,2,0,1,20110,0,102,2024,11,1,8,23,12,6,3,16,46,3,1,2,1,1,9,22,0,0,19,9,30,70,4,1,1,25,25,3,61,31,0,1,0,1,0,11,0,4,0,10,0,3,0,2,0,2,0,4,2,35.670164444444445,139.77522833333336,6,3,9999,0,1,0
1,30,106,144,2,0,1,30000,0,102,2024,11,2,3,20,22,6,4,16,45,3,1,2,1,7,9,22,0,0,15,9,30,70,5,3,1,55,1,3,61,1,0,1,0,1,0,11,0,2,0,10,0,3,0,2,0,2,0,4,2,35.667855555555555,139.76071277777777,7,2,9999,0,9,0
1,30,106,146,2,0,1,30000,0,102,2024,11,13,13,35,12,6,15,16,36,1,1,1,1,1,9,22,0,0,15,9,30,70,4,2,1,55,1,3,61,31,0,1,0,1,0,11,0,2,0,10,0,3,0,2,0,2,0,4,2,35.66806083333333,139.7767452777778,4,3,9999,0,9,0
1,30,106,148,2,0,1,10030,0,102,2024,11,21,7,31,12,6,23,16,31,1,1,2,1,1,9,22,0,0,19,9,30,70,1,2,1,45,45,13,61,31,0,11,0,1,0,11,0,5,0,10,0,3,0,2,0,2,0,4,2,35.67155916666666,139.76868444444446,5,3,9999,0,1,0
1,30,106,151,2,0,1,30000,0,102,2024,11,17,16,10,13,6,19,16,33,1,1,1,1,7,1,21,0,0,15,9,30,70,5,2,1,55,35,3,61,31,0,1,0,1,0,11,0,2,0,20,0,4,0,2,0,2,0,4,2,35.674587777777774,139.76668861111114,1,3,9999,0,9,0
1,30,107,138,2,0,1,30000,0,102,2024,11,2,17,45,22,6,4,16,45,1,1,2,14,7,0,0,0,0,4,9,1,70,5,2,1,25,55,14,61,1,0,11,0,1,0,11,0,1,0,10,0,3,0,2,0,2,0,4,2,35.649390277777776,139.77305416666667,7,2,9999,0,4,0
1,30,107,144,2,0,1,30000,0,102,2024,11,17,5,0,22,6,19,16,33,2,1,1,14,7,0,0,0,0,1,8,1,70,4,2,1,25,55,2,61,31,0,1,0,1,0,11,0,5,0,10,0,4,0,2,0,2,0,4,2,35.66509111111111,139.78669583333334,1,3,9999,0,1,0
1,30,107,148,2,0,1,30000,0,102,2024,11,25,16,30,21,6,26,16,29,1,1,1,12,7,0,0,0,0,2,9,1,70,5,1,1,25,1,51,61,41,0,0,0,0,0,0,0,0,0,10,0,3,0,0,0,0,0,2,4,35.653011944444444,139.78453777777779,2,3,0,0,0,0
1,30,108,194,2,0,1,30000,0,103,2024,7,5,10,53,12,4,31,19,0,1,1,1,1,1,9,22,0,0,15,9,30,70,5,2,1,25,35,14,61,1,0,11,0,1,0,11,0,2,0,10,0,3,0,2,0,2,0,4,2,35.65461722222222,139.7549225,6,3,9999,0,1,0
1,30,108,198,2,0,1,150,26,103,2024,11,14,22,20,22,6,16,16,35,1,1,1,7,7,0,0,0,0,6,9,1,70,1,2,1,1,35,51,61,41,0,0,0,0,0,0,0,0,0,10,0,3,0,0,0,0,0,4,2,35.66489611111111,139.7587961111111,5,3,0,0,0,0
1,30,108,201,2,0,1,30000,0,103,2024,11,8,17,6,21,6,10,16,39,1,1,1,14,7,0,0,0,0,3,9,1,70,5,2,1,1,45,51,61,41,0,0,0,0,0,0,0,0,0,10,0,4,0,0,0,0,0,4,2,35.66426,139.7546175,6,3,0,0,0,0
1,30,108,208,2,0,2,30000,0,103,2024,11,26,18,5,22,6,27,16,29,2,1,1,1,1,9,22,0,0,15,9,30,70,4,1,1,75,25,3,61,31,0,1,0,1,0,11,0,3,0,80,0,3,0,2,0,2,0,4,2,35.653815,139.75256027777777,3,3,140,0,9,0
1,30,109,169,2,0,1,30000,0,103,2024,11,28,10,45,12,6,29,16,28,1,1,1,1,7,9,22,0,0,14,9,30,70,4,1,1,45,35,51,61,41,0,0,0,0,0,0,0,0,0,10,0,4,0,0,0,0,0,4,2,35.6472125,139.745435,5,3,0,0,0,0
1,30,110,118,2,0,1,10070,0,103,2024,10,21,18,25,22,5,53,16,58,1,1,1,14,1,0,0,0,0,4,9,1,70,1,2,1,45,0,61,0,0,0,0,0,0,0,0,0,0,0,0,0,0,0,0,0,0,0,2,0,35.62864472222222,139.75040972222223,2,3,0,0,0,0
1,30,110,120,2,0,1,30000,0,103,2024,3,13,13,5,12,5,55,17,47,1,1,1,14,7,0,0,0,0,2,9,1,70,4,2,1,55,0,61,0,0,0,0,0,0,0,0,0,0,0,0,0,0,0,0,0,0,0,2,0,35.62986027777778,139.73109694444446,4,3,0,0,0,0
1,30,110,126,2,0,1,150,76,103,2024,10,23,14,15,12,5,54,16,56,3,1,2,1,7,1,21,0,0,18,9,30,70,5,2,1,65,35,3,61,31,0,1,0,1,0,11,0,1,0,50,0,4,0,2,0,2,0,4,2,35.625865,139.73779277777777,4,3,9999,0,9,0
1,30,111,274,2,0,1,30000,0,103,2024,11,8,19,34,22,6,10,16,39,1,1,1,1,7,1,21,0,0,11,9,30,70,4,1,1,35,55,3,61,1,0,1,0,1,0,11,0,5,0,10,0,3,0,2,0,2,0,4,2,35.66334388888889,139.740245,6,3,9999,0,1,0
1,30,111,280,2,0,1,10,54,103,2024,11,17,8,30,12,6,19,16,33,1,1,1,7,7,0,0,0,0,3,9,1,70,5,1,1,1,25,51,61,41,0,0,0,0,0,0,0,0,0,10,0,3,0,0,0,0,0,4,2,35.658007777777776,139.7438408333333,1,3,0,0,0,0
1,30,111,284,2,0,1,30000,0,103,2024,11,13,19,27,22,6,15,16,36,1,1,1,14,7,0,0,0,0,2,9,1,70,5,3,1,45,1,3,61,31,0,1,0,1,0,11,0,10,0,20,0,4,0,2,0,2,0,4,2,35.66298805555555,139.7345122222222,4,3,9999,0,1,0
1,30,111,290,2,0,1,30000,0,103,2024,11,27,15,14,12,6,28,16,29,1,1,1,1,1,9,22,0,0,15,9,30,70,4,2,1,35,1,3,61,31,0,1,0,1,0,11,0,3,0,50,0,3,0,2,0,2,0,4,2,35.651339166666666,139.72371416666667,4,3,9999,0,1,0
1,30,112,206,2,0,1,30000,0,103,2024,10,25,12,50,12,5,56,16,53,2,1,1,14,7,0,0,0,0,2,9,1,70,5,3,1,25,0,61,0,0,0,0,0,0,0,0,0,0,0,0,0,0,0,0,0,0,0,2,0,35.662663055555555,139.7119486111111,6,3,0,0,0,0
1,30,113,225,2,0,1,20000,0,108,2024,11,2,17,15,21,6,4,16,45,3,1,2,1,1,9,22,0,0,18,9,30,70,1,1,1,55,1,3,61,31,0,1,0,1,0,11,0,4,0,10,0,3,0,2,0,2,0,4,2,35.64028888888889,139.80288305555555,7,2,9999,0,9,0
1,30,113,233,2,0,1,20000,0,109,2024,11,14,18,12,22,6,16,16,35,1,1,1,1,1,9,22,0,0,19,9,30,70,5,1,1,75,45,13,61,31,0,11,0,1,0,11,0,10,0,10,0,3,0,2,0,2,0,4,2,35.58477,139.75610055555555,5,3,467,0,9,0
1,30,113,246,2,0,1,85010,0,103,2024,11,28,19,52,22,6,29,16,28,1,1,1,1,1,9,22,0,0,18,9,30,70,1,2,1,1,35,3,61,31,0,1,0,1,0,11,0,5,0,20,0,3,0,2,0,2,0,4,2,35.62789111111111,139.7558461111111,5,3,9999,0,4,0
1,30,215,127,2,0,1,30000,0,109,2024,11,5,20,55,22,6,7,16,42,2,1,1,14,7,0,0,0,0,3,9,1,70,5,3,1,45,35,14,61,1,0,11,0,1,0,11,0,2,0,20,0,4,0,2,0,2,0,4,2,35.617934444444444,139.74410305555554,3,3,9999,0,1,0
1,30,215,131,2,0,1,10070,0,109,2024,11,24,17,36,22,6,26,16,30,1,1,1,1,1,9,22,0,0,19,9,30,70,4,1,1,75,45,3,61,31,0,1,0,1,0,11,0,4,0,50,0,3,0,2,0,2,0,4,2,35.61125055555556,139.74754055555553,1,3,670,0,9,0
1,30,216,209,2,0,1,30000,0,111,2024,11,7,6,35,11,6,9,16,40,1,1,1,1,7,1,21,0,0,11,8,30,70,5,3,1,65,35,3,61,31,0,1,0,1,0,1,0,2,0,10,0,4,0,2,0,2,0,4,2,35.597053333333335,139.71522,5,3,9999,0,9,0
1,30,216,210,2,0,1,30000,0,109,2024,11,8,12,26,12,6,10,16,39,1,1,1,1,1,9,22,0,0,15,9,30,70,4,2,1,45,45,51,61,41,0,0,0,0,0,0,0,0,0,10,0,4,0,0,0,0,0,4,2,35.602004722222226,139.72437472222222,6,3,0,0,0,0
1,30,216,211,2,0,1,99000,0,109,2024,11,10,8,45,12,6,12,16,38,2,1,1,0,7,0,0,0,0,0,0,20,70,0,4,1,55,55,3,61,31,0,1,0,1,0,11,0,10,0,30,0,4,0,2,0,2,0,4,2,35.60326111111111,139.74611055555553,1,3,9999,0,9,0
1,30,216,214,2,0,1,30000,0,109,2024,11,11,19,40,22,6,13,16,37,1,1,1,1,7,9,22,0,0,11,8,30,70,5,3,1,55,25,3,61,31,0,1,0,1,0,11,0,2,0,10,0,4,0,2,0,2,0,4,2,35.60004055555556,139.71467805555554,2,3,9999,0,9,0
1,30,216,226,2,0,2,30000,0,109,2024,11,27,8,35,12,6,28,16,29,1,1,2,14,7,0,0,0,0,1,9,1,70,5,1,1,75,45,52,61,41,0,0,0,0,0,0,0,0,0,10,0,3,0,0,0,0,0,2,2,35.60785833333333,139.7305472222222,4,3,0,0,0,0
1,30,218,211,2,0,1,20190,0,109,2024,11,4,17,42,21,6,6,16,43,1,1,1,14,7,0,0,0,0,2,9,1,70,5,1,1,65,45,3,61,31,0,1,0,1,0,11,0,5,0,40,0,4,0,2,0,2,0,4,2,35.608046944444446,139.7284097222222,2,1,9999,0,9,0
1,30,218,224,2,0,1,30000,0,109,2024,6,18,9,30,12,4,25,18,59,3,1,1,1,7,9,21,0,0,15,9,30,70,5,2,1,25,35,51,61,41,0,0,0,0,0,0,0,0,0,10,0,4,0,0,0,0,0,4,2,35.61577555555556,139.69917833333335,3,3,0,0,0,0
1,30,219,324,2,0,1,30000,0,111,2024,10,26,18,10,22,5,57,16,52,2,1,1,14,7,0,0,0,0,3,9,1,70,5,2,1,35,1,51,61,41,0,0,0,0,0,0,0,0,0,10,0,4,0,0,0,0,0,4,2,35.564009999999996,139.74028305555555,7,3,0,0,0,0
1,30,219,326,2,0,1,30000,0,111,2024,11,2,12,5,12,6,4,16,45,3,1,2,1,1,9,22,0,0,11,9,30,70,4,1,1,65,65,3,61,31,0,1,0,1,0,11,0,1,0,50,0,3,0,2,0,2,0,4,2,35.56843916666667,139.74134638888887,7,2,9999,0,9,0
1,30,219,331,2,0,1,30000,0,111,2024,11,8,15,33,12,6,10,16,39,1,1,1,7,7,0,0,0,0,2,9,1,70,5,3,1,55,1,36,61,31,0,0,0,0,0,11,0,1,0,10,0,3,0,0,0,0,0,4,2,35.57606666666667,139.72645111111112,6,3,9999,0,9,0
1,30,219,345,2,0,1,30000,0,109,2024,10,30,5,35,23,6,1,16,48,3,1,1,1,1,9,22,0,0,11,9,30,70,4,1,1,35,55,13,61,31,0,11,0,1,0,11,0,4,0,10,0,3,0,2,0,2,0,4,2,35.58738777777778,139.73243833333333,4,3,9999,0,1,0
1,30,220,226,2,0,1,30000,0,111,2024,11,10,19,30,22,6,12,16,38,2,1,1,1,7,1,21,0,0,11,9,30,1,5,4,1,45,55,51,61,41,0,0,0,0,0,0,0,0,0,20,0,3,0,0,0,0,0,2,4,35.610191944444445,139.6856613888889,1,3,0,0,0,0