資料区分,都道府県コード,警察署等コード,本票番号,事故内容,死者数,負傷者数,路線コード,地点コード,市区町村コード,発生日時　　年,発生日時　　月,発生日時　　日,発生日時　　時,発生日時　　分,昼夜,日の出時刻　　時,日の出時刻　　分,日の入り時刻　　時,日の入り時刻　　分,天候,地形,路面状態,道路形状,信号機,一時停止規制　標識（当事者A）,一時停止規制　表示（当事者A）,一時停止規制　標識（当事者B）,一時停止規制　表示（当事者B）,車道幅員,道路線形,衝突地点,ゾーン規制,中央分離帯施設等,歩車道区分,事故類型,年齢（当事者A）,年齢（当事者B）,当事者種別（当事者A）,当事者種別（当事者B）,用途別（当事者A）,用途別（当事者B）,車両形状等（当事者A）,車両形状等（当事者B）,オートマチック車（当事者A）,オートマチック車（当事者B）,サポカー（当事者A）,サポカー（当事者B）,速度規制（指定のみ）（当事者A）,速度規制（指定のみ）（当事者B）,車両の衝突部位（当事者A）,車両の衝突部位（当事者B）,車両の損壊程度（当事者A）,車両の損壊程度（当事者B）,エアバッグの装備（当事者A）,エアバッグの装備（当事者B）,サイドエアバッグの装備（当事者A）,サイドエアバッグの装備（当事者B）,人身損傷程度（当事者A）,人身損傷程度（当事者B）,lat,lon,曜日(発生年月日),祝日(発生年月日),認知機能検査経過日数（当事者A）,認知機能検査経過日数（当事者B）,運転練習の方法（当事者A）,運転練習の方法（当事者B）
1,30,220,230,2,0,1,10170,0,111,2024,11,18,13,26,12,6,20,16,32,2,1,1,1,1,9,22,0,0,15,9,30,70,1,2,1,35,1,13,61,1,0,11,0,1,0,11,0,4,0,10,0,3,0,2,0,2,0,4,2,35.59046027777778,139.67941916666666,2,3,9999,0,1,0
1,30,220,232,2,0,1,30000,0,111,2024,10,22,12,0,12,5,54,16,57,1,1,1,14,7,0,0,0,0,1,9,1,70,5,3,1,65,45,3,61,31,0,1,0,1,0,11,0,2,0,40,0,3,0,2,0,2,0,4,2,35.59517888888889,139.70310999999998,3,3,9999,0,9,0
1,30,220,233,2,0,1,10200,0,111,2024,11,20,18,40,22,6,22,16,31,3,1,2,1,1,9,22,0,0,17,9,30,70,4,2,1,35,35,3,61,31,0,1,0,1,0,11,0,1,0,10,0,4,0,2,0,2,0,4,2,35.59165333333333,139.6760586111111,4,3,9999,0,9,0
1,30,220,237,2,0,1,30000,0,111,2024,10,22,18,51,22,5,54,16,57,1,1,1,14,7,0,0,0,0,1,9,1,70,4,1,1,45,65,51,61,41,0,0,0,0,0,0,0,0,0,10,0,4,0,0,0,0,0,4,2,35.607530555555556,139.6867738888889,3,3,0,0,0,0
1,30,221,277,2,0,1,30000,0,111,2024,11,1,17,55,22,6,3,16,46,2,1,1,14,7,0,0,0,0,4,9,1,70,5,2,1,1,25,51,61,41,0,0,0,0,0,0,0,0,0,10,0,3,0,0,0,0,0,4,2,35.561278055555555,139.70884888888887,6,3,0,0,0,0
1,30,221,279,2,0,1,30000,0,111,2024,11,2,18,35,22,6,4,16,45,3,1,2,1,7,9,22,0,0,14,9,30,70,4,2,1,65,1,3,61,31,0,1,0,1,0,11,0,2,0,10,0,4,0,2,0,2,0,4,2,35.563815,139.73855944444443,7,2,9999,0,9,0
1,30,221,280,2,0,1,30000,0,111,2024,11,2,23,44,22,6,4,16,45,2,1,2,1,7,9,22,0,0,14,9,30,70,4,2,1,65,35,3,61,31,0,1,0,1,0,11,0,3,0,11,0,3,0,2,0,2,0,4,2,35.562290555555556,139.7211227777778,7,2,9999,0,9,0
1,30,221,281,2,0,1,30000,0,111,2024,11,5,15,27,12,6,7,16,42,2,1,1,1,1,9,22,0,0,15,9,30,70,4,1,1,75,1,14,61,1,0,11,0,1,0,11,0,3,0,50,0,3,0,2,0,2,0,4,2,35.548321666666666,139.7321761111111,3,3,9999,0,9,0
1,30,221,286,2,0,1,99000,0,111,2024,10,3,11,40,12,5,37,17,22,2,1,1,0,7,0,0,0,0,0,0,20,70,0,4,1,65,75,4,61,31,0,1,0,1,0,11,0,10,0,30,0,3,0,2,0,2,0,4,2,35.54612833333333,139.73367083333332,5,3,9999,0,9,0
1,30,221,290,2,0,1,150,157,111,2024,10,30,19,4,22,6,1,16,48,1,1,1,1,1,9,22,0,0,19,9,30,70,1,2,1,55,45,3,61,31,0,1,0,1,0,11,0,5,0,40,0,3,0,2,0,2,0,4,2,35.55820055555555,139.72204611111113,4,3,9999,0,9,0
1,30,221,299,2,0,1,30000,0,111,2024,11,26,18,30,22,6,27,16,29,2,1,1,1,7,9,22,0,0,11,9,30,70,5,3,1,45,1,36,61,31,0,0,0,0,0,11,0,10,0,10,0,4,0,0,0,0,0,4,2,35.56070027777778,139.73491472222221,3,3,9999,0,1,0
1,30,221,307,2,0,1,30000,0,111,2024,11,30,12,15,12,6,31,16,28,1,1,1,14,7,0,0,0,0,1,9,1,70,5,3,1,65,65,51,61,41,0,0,0,0,0,0,0,0,0,10,0,4,0,0,0,0,0,4,2,35.563140555555556,139.71758027777778,7,3,0,0,0,0
1,30,222,358,1,1,0,30000,0,111,2024,11,5,15,0,12,6,7,16,42,1,1,1,1,7,9,22,0,0,15,9,30,70,4,2,1,45,75,13,61,31,0,11,0,2,0,11,0,2,0,10,0,4,0,2,0,2,0,4,1,35.596158055555556,139.7102161111111,3,3,9999,0,1,0
1,30,222,361,2,0,1,30000,0,111,2024,11,3,19,0,22,6,5,16,44,1,1,1,1,7,9,22,0,0,15,9,30,70,4,1,1,45,55,35,61,31,0,0,0,0,0,11,0,2,0,10,0,4,0,0,0,0,0,4,2,35.559735277777776,139.69375972222224,1,1,9999,0,5,0
1,30,222,364,2,0,1,10200,0,111,2024,11,6,17,35,21,6,8,16,41,1,1,1,1,7,9,22,0,0,15,9,30,70,5,3,1,45,45,3,61,1,0,1,0,1,0,11,0,2,0,70,0,3,0,2,0,2,0,4,2,35.56713694444445,139.69440444444444,4,3,9999,0,9,0
1,30,222,365,2,0,1,30000,0,111,2024,11,5,17,10,21,6,7,16,42,1,1,1,14,7,0,0,0,0,3,8,1,70,5,2,1,1,75,51,61,41,0,0,0,0,0,0,0,0,0,10,0,3,0,0,0,0,0,4,2,35.583601944444446,139.7182113888889,3,3,0,0,0,0
1,30,222,368,2,0,1,30000,0,111,2024,11,8,22,30,22,6,10,16,39,1,1,1,1,7,1,22,0,0,14,9,30,70,5,3,1,45,25,3,61,1,0,1,0,1,0,11,0,2,0,10,0,3,0,2,0,2,0,4,2,35.58885305555556,139.71615,6,3,9999,0,9,0
1,30,222,369,2,0,1,99000,0,111,2024,11,5,17,30,21,6,7,16,42,1,1,1,0,7,0,0,0,0,0,0,20,70,0,4,1,45,75,51,61,41,0,0,0,0,0,0,0,0,0,10,0,4,0,0,0,0,0,4,2,35.567551111111115,139.67872888888888,3,3,0,0,0,0
1,30,222,370,2,0,1,10,166,111,2024,11,12,19,15,22,6,14,16,36,1,1,1,1,7,1,21,0,0,14,9,30,70,1,1,1,65,55,3,61,31,0,1,0,1,0,11,0,2,0,80,0,3,0,2,0,2,0,4,2,35.571643611111114,139.69676194444446,3,3,9999,0,9,0
1,30,222,375,2,0,1,10130,0,111,2024,11,15,14,37,12,6,17,16,34,1,1,1,1,7,1,21,0,0,14,9,30,70,1,1,1,1,1,11,61,1,0,11,0,1,0,11,0,4,0,40,0,3,0,2,0,2,0,4,2,35.59863638888889,139.7052322222222,6,3,9999,0,1,0
1,30,222,378,2,0,1,30000,0,111,2024,11,16,11,40,12,6,18,16,34,2,1,1,14,7,0,0,0,0,3,9,1,1,5,2,1,25,65,51,61,41,0,0,0,0,0,0,0,0,0,10,0,3,0,0,0,0,0,4,2,35.56644111111111,139.70255833333331,7,3,0,0,0,0
1,30,222,384,2,0,1,30000,0,111,2024,11,22,7,12,11,6,24,16,30,1,1,1,1,1,9,22,0,0,15,9,30,70,5,1,1,45,45,3,61,31,0,1,0,1,0,11,0,2,0,50,0,4,0,2,0,2,0,4,2,35.569432500000005,139.7021538888889,6,2,9999,0,1,0
1,30,223,40,2,0,1,90000,0,111,2024,11,20,16,5,13,6,22,16,31,3,1,2,13,7,0,0,0,0,3,3,1,70,5,4,1,25,45,3,61,1,0,1,0,1,0,11,0,3,0,10,0,3,0,2,0,2,0,4,2,35.54625194444444,139.76654861111112,4,3,9999,0,4,0
1,30,325,277,2,0,1,30000,0,112,2024,11,1,12,30,12,6,3,16,46,1,1,1,1,7,1,21,0,0,14,9,30,70,4,2,1,35,75,17,61,1,0,11,0,1,0,11,0,10,0,10,0,3,0,2,0,2,0,4,2,35.64674111111111,139.67830999999998,6,3,9999,0,5,0
1,30,325,278,2,0,1,2460,67,110,2024,11,1,22,30,22,6,3,16,46,2,1,1,1,7,9,22,0,0,18,9,30,70,1,2,1,75,35,3,61,1,0,1,0,1,0,11,0,4,0,40,0,3,0,2,0,2,0,4,2,35.65042416666667,139.68447777777777,6,3,214,0,9,0
1,30,325,279,2,0,1,30000,0,112,2024,11,5,7,45,12,6,7,16,42,1,1,1,1,7,0,0,0,0,11,9,30,70,5,4,1,25,0,61,0,0,0,0,0,0,0,0,0,0,0,0,0,0,0,0,0,0,0,2,0,35.63340972222222,139.65967055555555,3,3,0,0,0,0
1,30,325,284,2,0,1,30000,0,112,2024,11,11,8,3,12,6,13,16,37,1,1,1,14,7,0,0,0,0,2,9,1,70,5,3,1,75,75,4,61,31,0,1,0,1,0,11,0,2,0,13,0,3,0,2,0,2,0,4,2,35.64554944444444,139.62316416666667,2,3,776,0,9,0
1,30,325,297,2,0,1,2460,67,112,2024,11,20,20,35,22,6,22,16,31,3,1,2,14,1,0,0,0,0,4,9,1,70,1,2,1,45,35,14,61,1,0,11,0,1,0,11,0,1,0,10,0,3,0,2,0,2,0,4,2,35.6504475,139.6839038888889,4,3,9999,0,1,0
1,30,325,298,2,0,1,10210,0,112,2024,11,21,5,50,23,6,23,16,31,3,1,2,1,1,0,0,0,0,18,9,30,70,1,2,1,25,0,61,0,0,0,0,0,0,0,0,0,0,0,0,0,0,0,0,0,0,0,2,0,35.64244,139.66097722222221,5,3,0,0,0,0
1,30,325,302,2,0,1,30000,0,112,2024,11,22,12,20,12,6,24,16,30,1,1,1,14,7,0,0,0,0,2,9,1,70,5,4,1,25,35,14,61,1,0,11,0,1,0,11,0,5,0,80,0,3,0,2,0,2,0,4,2,35.64313722222222,139.67108444444443,6,2,9999,0,1,0
1,30,325,303,2,0,1,2460,74,112,2024,11,23,2,50,22,6,25,16,30,1,1,1,1,1,9,22,0,0,19,9,30,70,1,2,1,55,25,3,61,1,0,1,0,1,0,11,0,5,0,20,0,3,0,2,0,2,0,4,2,35.647055,139.6778936111111,7,1,9999,0,9,0
1,30,325,306,2,0,1,2460,97,112,2024,10,23,12,45,12,5,54,16,56,3,1,2,7,7,0,0,0,0,4,9,1,70,1,2,1,35,25,3,61,31,0,1,0,1,0,11,0,5,0,40,0,3,0,2,0,2,0,4,2,35.63276833333333,139.66026166666668,4,3,9999,0,1,0
1,30,325,315,2,0,1,99000,0,112,2024,11,20,17,43,22,6,22,16,31,3,1,2,0,7,0,0,0,0,0,0,20,1,0,4,1,55,65,3,61,31,0,1,0,1,0,11,0,10,0,80,0,3,0,2,0,2,0,4,2,35.637208888888885,139.64416166666666,4,3,9999,0,1,0
1,30,325,318,2,0,1,30000,0,112,2024,11,29,18,40,22,6,30,16,28,1,1,1,1,7,1,21,0,0,11,9,30,70,5,3,1,25,65,3,61,31,0,1,0,1,0,11,0,2,0,50,0,3,0,2,0,2,0,4,2,35.64109972222222,139.63667277777776,6,3,9999,0,1,0
1,30,325,323,2,0,1,10210,0,112,2024,11,23,6,0,23,6,25,16,30,1,1,1,1,1,9,22,0,0,19,9,30,70,4,2,1,45,25,3,61,1,0,1,0,1,0,11,0,4,0,20,0,4,0,2,0,2,0,4,2,35.64355,139.67070833333332,7,1,9999,0,5,0
1,30,326,289,2,0,1,10130,0,112,2024,10,7,18,15,21,5,41,17,16,1,1,1,14,7,0,0,0,0,5,7,1,70,1,1,1,25,65,51,61,41,0,0,0,0,0,0,0,0,0,20,0,3,0,0,0,0,0,4,2,35.66301,139.66026472222222,2,3,0,0,0,0
1,30,326,291,2,0,1,30000,0,112,2024,11,3,13,20,12,6,5,16,44,1,1,1,14,7,0,0,0,0,1,9,1,70,5,1,1,45,25,51,61,41,0,0,0,0,0,0,0,0,0,10,0,4,0,0,0,0,0,4,2,35.64778444444445,139.63623888888887,1,1,0,0,0,0
1,30,326,309,2,0,1,30000,0,112,2024,11,22,20,30,22,6,24,16,30,1,1,1,14,7,0,0,0,0,1,9,1,70,5,2,1,25,45,36,61,31,0,0,0,0,0,11,0,10,0,13,0,3,0,0,0,0,0,4,2,35.671302777777775,139.66922944444443,6,2,9999,0,1,0
1,30,326,315,2,0,1,30000,0,112,2024,11,30,16,0,13,6,31,16,28,1,1,1,14,7,0,0,0,0,1,7,1,70,5,3,1,35,65,51,61,41,0,0,0,0,0,0,0,0,0,13,0,4,0,0,0,0,0,4,2,35.66867444444444,139.6497838888889,7,3,0,0,0,0
1,30,327,520,2,0,1,30000,0,112,2024,10,2,16,0,12,5,37,17,23,1,1,1,1,1,9,22,0,0,15,9,30,70,5,2,1,25,45,3,61,31,0,1,0,1,0,11,0,5,0,20,0,3,0,2,0,2,0,4,2,35.604841944444445,139.66585805555556,4,3,9999,0,1,0
1,30,327,527,2,0,1,30000,0,112,2024,10,22,19,40,22,5,54,16,57,1,1,1,1,7,1,21,0,0,15,9,30,70,4,1,1,55,25,3,61,31,0,1,0,1,0,11,0,3,0,10,0,3,0,2,0,2,0,4,2,35.608469444444445,139.63395388888887,3,3,9999,0,9,0
1,30,327,530,2,0,1,20240,0,112,2024,11,2,17,35,21,6,4,16,45,2,1,2,14,7,0,0,0,0,4,9,1,70,1,1,1,35,1,34,61,31,0,0,0,0,0,11,0,5,0,10,0,4,0,0,0,0,0,4,2,35.62407,139.66330472222222,7,2,9999,0,1,0
1,30,327,532,2,0,1,30200,0,112,2024,11,3,20,35,22,6,5,16,44,1,1,1,14,7,0,0,0,0,5,9,1,70,5,2,1,45,25,51,61,41,0,0,0,0,0,0,0,0,0,40,0,3,0,0,0,0,0,2,4,35.623509722222224,139.65500083333333,1,1,0,0,0,0
1,30,327,537,2,0,1,30000,0,112,2024,11,7,10,15,12,6,9,16,40,1,1,1,14,7,0,0,0,0,2,9,1,70,5,4,1,65,0,61,0,0,0,0,0,0,0,0,0,0,0,0,0,0,0,0,0,0,0,2,0,35.605000833333335,139.67672944444445,5,3,0,0,0,0
1,30,327,543,2,0,1,30000,0,112,2024,11,10,16,10,13,6,12,16,38,2,1,1,14,7,0,0,0,0,3,9,1,70,5,2,1,65,55,51,61,41,0,0,0,0,0,0,0,0,0,20,0,4,0,0,0,0,0,2,4,35.63169222222222,139.6460225,1,3,0,0,0,0
1,30,327,546,2,0,1,10200,0,112,2024,11,13,20,30,22,6,15,16,36,1,1,1,1,1,9,22,0,0,14,3,30,70,1,2,1,45,45,4,61,31,0,1,0,1,0,11,0,3,0,20,0,3,0,2,0,2,0,4,2,35.60483472222222,139.64753944444445,4,3,9999,0,1,0
1,30,327,548,2,0,1,20240,0,112,2024,11,14,15,55,13,6,16,16,35,1,1,1,1,7,9,22,0,0,14,9,30,70,1,2,1,45,65,3,61,31,0,1,0,1,0,11,0,3,0,10,0,3,0,2,0,2,0,4,2,35.62417333333333,139.66343333333333,5,3,9999,0,1,0
1,30,327,549,2,0,1,30000,0,112,2024,11,15,12,10,12,6,17,16,34,2,1,1,1,7,9,22,0,0,14,9,30,70,5,3,1,45,35,3,61,31,0,1,0,1,0,11,0,1,0,80,0,4,0,2,0,2,0,4,2,35.60570111111111,139.67810749999998,6,3,9999,0,1,0
1,30,327,552,2,0,1,30000,0,112,2024,11,8,16,18,13,6,10,16,39,1,1,1,14,7,0,0,0,0,2,7,1,70,5,1,1,45,25,3,61,31,0,1,0,1,0,11,0,5,0,20,0,4,0,2,0,2,0,4,2,35.60510527777778,139.6678611111111,6,3,9999,0,1,0
1,30,327,557,2,0,1,10200,0,112,2024,11,20,15,38,13,6,22,16,31,3,1,2,14,7,0,0,0,0,5,9,1,70,1,1,1,25,0,61,0,0,0,0,0,0,0,0,0,0,0,0,0,0,0,0,0,0,0,2,0,35.60023638888889,139.66705499999998,4,3,0,0,0,0
1,30,327,562,2,0,1,30000,0,112,2024,11,22,9,0,12,6,24,16,30,1,1,1,1,7,9,22,0,0,11,9,30,70,5,3,1,55,25,36,61,31,0,0,0,0,0,11,0,2,0,10,0,3,0,0,0,0,0,4,2,35.60550361111111,139.65392277777778,6,2,9999,0,9,0
1,30,327,570,2,0,1,30000,0,112,2024,11,28,17,5,21,6,29,16,28,1,1,1,1,7,9,22,0,0,11,9,30,70,5,1,1,35,35,3,61,31,0,1,0,1,0,11,0,3,0,10,0,4,0,2,0,2,0,4,2,35.61387666666667,139.6423088888889,5,3,9999,0,9,0
1,30,328,393,2,0,1,30000,0,112,2024,11,2,19,11,22,6,4,16,45,3,1,2,1,1,9,22,0,0,15,9,30,70,4,2,1,25,35,3,61,31,0,1,0,1,0,11,0,2,0,10,0,3,0,2,0,2,0,4,2,35.632153611111114,139.62224500000002,7,2,9999,0,1,0
1,30,328,396,2,0,1,30000,0,112,2024,11,5,8,0,12,6,7,16,42,1,1,1,13,7,0,0,0,0,3,3,1,70,4,3,1,55,1,17,61,31,0,11,0,2,0,11,0,2,0,40,0,4,0,2,0,2,0,4,2,35.66256805555555,139.60918805555556,3,3,9999,0,9,0
1,30,328,404,2,0,2,30000,0,112,2024,10,20,10,10,12,5,52,16,59,1,1,1,13,7,0,0,0,0,3,3,1,70,4,1,1,35,45,3,61,31,0,1,0,1,0,11,0,2,0,50,0,3,0,2,0,2,0,4,2,35.63068666666667,139.6109375,1,3,9999,0,1,0
1,30,328,405,2,0,1,30000,0,112,2024,11,19,7,12,11,6,21,16,32,1,1,1,1,1,9,22,0,0,15,9,30,1,5,3,1,45,65,3,61,31,0,1,0,1,0,11,0,2,0,80,0,3,0,2,0,2,0,4,2,35.62044888888889,139.62205833333334,3,3,9999,0,1,0
1,30,328,415,2,0,1,30000,0,112,2024,11,24,11,35,12,6,26,16,30,1,1,1,14,7,0,0,0,0,3,9,1,70,4,2,1,75,1,51,61,41,0,0,0,0,0,0,0,0,0,10,0,4,0,0,0,0,0,4,2,35.658809999999995,139.62036055555555,1,3,0,0,0,0
1,30,328,418,2,0,1,30000,0,112,2024,11,27,10,10,12,6,28,16,29,1,1,1,14,7,0,0,0,0,2,9,1,70,5,4,1,45,75,17,61,1,0,11,0,1,0,11,0,10,0,30,0,3,0,2,0,2,0,4,2,35.65329194444444,139.60969305555554,4,3,9999,0,9,0
1,30,329,208,2,0,1,20240,0,110,2024,10,31,0,56,22,6,2,16,47,1,1,1,14,7,0,0,0,0,3,9,1,70,4,2,1,65,35,3,61,1,0,1,0,1,0,11,0,3,0,10,0,3,0,2,0,2,0,4,2,35.64517472222222,139.69062194444444,5,3,9999,0,9,0
1,30,329,209,2,0,1,2460,64,110,2024,11,1,7,0,11,6,3,16,46,1,1,1,1,1,9,22,0,0,18,7,30,70,1,1,1,65,65,14,61,31,0,11,0,1,0,11,0,5,0,10,0,4,0,2,0,2,0,4,2,35.65207972222222,139.68700222222222,6,3,9999,0,9,0
1,30,329,210,2,0,1,30000,0,110,2024,11,5,10,0,12,6,7,16,42,2,1,1,14,7,0,0,0,0,1,9,1,70,5,4,1,45,35,14,61,1,0,11,0,1,0,11,0,10,0,60,0,4,0,2,0,2,0,4,2,35.644771666666664,139.69765083333334,3,3,9999,0,1,0
1,30,329,211,2,0,1,10080,0,110,2024,11,5,11,25,12,6,7,16,42,2,1,1,14,7,0,0,0,0,1,7,1,70,5,1,1,1,55,51,61,41,0,0,0,0,0,0,0,0,0,40,0,4,0,0,0,0,0,4,2,35.63463027777778,139.7127186111111,3,3,0,0,0,0
1,30,329,217,2,0,1,2460,64,110,2024,3,23,8,35,12,5,40,17,55,1,1,1,7,1,0,0,0,0,4,9,1,70,1,2,1,55,35,3,61,31,0,1,0,1,0,11,0,1,0,10,0,4,0,2,0,2,0,4,2,35.65194972222222,139.68686944444445,7,3,9999,0,9,0
1,30,329,219,2,0,1,10080,0,110,2024,11,24,14,13,12,6,26,16,30,1,1,1,14,7,0,0,0,0,5,9,1,70,4,1,1,25,75,51,61,41,0,0,0,0,0,0,0,0,0,10,0,4,0,0,0,0,0,4,2,35.62884444444445,139.69641805555557,1,3,0,0,0,0
1,30,329,220,2,0,1,30000,0,110,2024,11,30,14,36,12,6,31,16,28,1,1,1,1,1,9,22,0,0,15,9,30,70,5,2,1,25,1,14,61,31,0,11,0,1,0,11,0,10,0,40,0,3,0,2,0,2,0,4,2,35.63372277777778,139.6895027777778,7,3,9999,0,1,0
1,30,330,282,2,0,1,30000,0,110,2024,11,4,12,30,12,6,6,16,43,1,1,1,14,7,0,0,0,0,1,8,1,70,5,3,1,1,75,51,61,41,0,0,0,0,0,0,0,0,0,10,0,4,0,0,0,0,0,4,2,35.62867416666667,139.67094333333333,2,1,0,0,0,0
1,30,330,283,2,0,1,30000,0,110,2024,5,18,7,11,12,4,34,18,42,1,1,1,1,7,9,22,0,0,11,9,30,70,5,2,1,45,25,3,61,31,0,1,0,1,0,11,0,10,0,10,0,4,0,2,0,2,0,4,2,35.60779194444444,139.66861666666665,7,3,9999,0,5,0
1,30,330,284,2,0,1,20240,0,110,2024,11,12,6,40,11,6,14,16,36,1,1,1,14,7,0,0,0,0,4,9,1,70,4,2,1,1,0,61,0,0,0,0,0,0,0,0,0,0,0,0,0,0,0,0,0,0,0,2,0,35.63017611111111,139.68292722222222,3,3,0,0,0,0
1,30,330,295,2,0,1,30000,0,110,2024,11,20,18,35,22,6,22,16,31,3,1,2,1,7,9,22,0,0,11,9,30,1,5,3,1,45,75,51,61,41,0,0,0,0,0,0,0,0,0,11,0,4,0,0,0,0,0,4,2,35.61298333333333,139.66455666666667,4,3,0,0,0,0
1,30,330,296,2,0,1,30000,0,110,2024,11,21,9,10,12,6,23,16,31,3,1,2,14,7,0,0,0,0,2,9,1,70,5,3,1,1,75,51,61,41,0,0,0,0,0,0,0,0,0,10,0,4,0,0,0,0,0,4,2,35.60953833333333,139.67611499999998,5,3,0,0,0,0
1,30,330,300,2,0,1,20210,0,110,2024,11,23,19,10,22,6,25,16,30,1,1,1,1,7,9,22,0,0,15,9,30,70,5,2,1,45,1,36,61,31,0,0,0,0,0,11,0,2,0,12,0,4,0,0,0,0,0,4,2,35.60742333333334,139.67094388888887,7,1,9999,0,1,0
1,30,330,305,2,0,1,30000,0,110,2024,11,25,22,30,22,6,26,16,29,1,1,1,14,7,0,0,0,0,2,9,1,70,5,3,1,35,45,3,61,31,0,1,0,1,0,11,0,2,0,40,0,4,0,2,0,2,0,4,2,35.630451944444445,139.68668444444444,2,3,9999,0,1,0
1,30,330,317,2,0,1,30000,0,110,2024,10,4,11,44,12,5,38,17,21,2,1,1,1,7,9,22,0,0,11,9,30,70,5,3,1,75,55,3,61,31,0,1,0,1,0,11,0,10,0,80,0,4,0,2,0,2,0,4,2,35.60717888888889,139.66801805555554,6,3,914,0,9,0
1,30,331,264,2,0,1,30000,0,113,2024,9,12,15,35,12,5,21,17,53,1,1,1,14,7,0,0,0,0,3,9,1,70,5,3,1,55,1,3,61,31,0,1,0,1,0,11,0,10,0,10,0,3,0,2,0,2,0,4,2,35.65718444444445,139.6951175,5,3,9999,0,9,0
1,30,331,265,2,0,1,20240,0,113,2024,10,5,17,10,13,5,39,17,19,3,1,2,7,7,0,0,0,0,3,9,1,70,5,1,1,65,45,3,61,1,0,1,0,1,0,11,0,5,0,27,0,3,0,2,0,2,0,4,2,35.64677611111111,139.709185,7,3,9999,0,9,0
1,30,331,268,2,0,1,20120,0,103,2024,10,24,3,49,22,5,55,16,55,1,1,1,1,7,9,22,0,0,17,9,30,70,4,2,1,55,1,3,61,31,0,1,0,1,0,11,0,4,0,10,0,3,0,2,0,2,0,4,2,35.64380583333333,139.72114416666668,5,3,9999,0,9,0
1,30,331,271,2,0,1,30000,0,113,2024,11,1,23,20,22,6,3,16,46,3,1,2,1,1,9,22,0,0,15,9,30,70,4,2,1,55,55,3,61,1,0,1,0,1,0,11,0,5,0,10,0,3,0,2,0,2,0,4,2,35.646974444444446,139.71137944444445,6,3,9999,0,1,0
1,30,331,273,2,0,1,30000,0,113,2024,11,6,13,0,12,6,8,16,41,2,1,1,14,7,0,0,0,0,2,9,1,70,4,3,1,1,1,3,61,1,0,1,0,1,0,11,0,5,0,18,0,3,0,2,0,2,0,4,2,35.654136944444446,139.70170194444444,4,3,9999,0,1,0
1,30,331,274,2,0,1,30000,0,113,2024,11,6,19,20,22,6,8,16,41,1,1,1,1,7,1,21,0,0,11,8,30,70,5,1,1,65,55,3,61,1,0,1,0,1,0,11,0,10,0,50,0,3,0,2,0,2,0,4,2,35.65502083333333,139.69811611111112,4,3,9999,0,9,0
1,30,331,280,2,0,1,30000,0,113,2024,11,18,8,30,12,6,20,16,32,2,1,1,14,7,0,0,0,0,5,9,1,70,5,2,1,35,0,61,0,0,0,0,0,0,0,0,0,0,0,0,0,0,0,0,0,0,0,2,0,35.65933222222222,139.69409000000002,2,3,0,0,0,0
1,30,331,281,2,0,1,20120,0,113,2024,11,19,9,40,12,6,21,16,32,1,1,1,14,7,0,0,0,0,1,9,1,70,5,2,1,45,75,59,61,0,0,0,0,0,0,0,0,0,0,10,0,4,0,0,0,0,0,4,2,35.64991138888889,139.72236583333333,3,3,0,0,0,0
1,30,332,137,2,0,1,20000,0,113,2024,11,2,17,15,21,6,4,16,45,3,1,2,1,1,9,22,0,0,17,9,30,70,5,1,1,45,45,3,61,1,0,1,0,1,0,11,0,3,0,50,0,2,0,2,0,2,0,4,2,35.67973444444444,139.71378194444443,7,2,9999,0,2,0
1,30,332,143,2,0,1,30000,0,113,2024,11,1,18,19,22,6,3,16,46,2,1,1,14,7,0,0,0,0,2,7,1,70,5,3,1,65,25,3,61,31,0,1,0,1,0,11,0,1,0,40,0,4,0,2,0,2,0,4,2,35.68606833333333,139.69672416666668,6,3,9999,0,9,0
1,30,332,145,2,0,1,30000,0,113,2024,11,21,9,42,12,6,23,16,31,3,1,2,1,1,1,21,0,0,17,9,30,70,4,2,1,45,55,3,61,31,0,1,0,1,0,11,0,4,0,10,0,3,0,2,0,2,0,4,2,35.67499111111111,139.70918138888888,5,3,9999,0,1,0
1,30,332,146,2,0,1,30000,0,113,2024,11,15,16,45,21,6,17,16,34,2,1,1,14,7,0,0,0,0,2,9,1,1,5,3,1,55,25,3,61,1,0,1,0,1,0,11,0,2,0,40,0,3,0,2,0,2,0,4,2,35.666265277777775,139.7107297222222,6,3,9999,0,9,0
1,30,332,147,2,0,1,10090,0,113,2024,11,26,15,0,12,6,27,16,29,2,1,1,1,7,1,21,0,0,18,9,30,70,5,1,1,75,45,4,61,31,0,1,0,1,0,11,0,3,0,10,0,3,0,2,0,2,0,4,2,35.68709166666666,139.70288888888888,3,3,216,0,9,0
1,30,332,148,2,0,1,30000,0,113,2024,11,29,21,37,22,6,30,16,28,1,1,1,1,7,9,22,0,0,15,9,30,70,5,3,1,45,45,3,61,1,0,1,0,1,0,11,0,2,0,20,0,4,0,2,0,2,0,4,2,35.67549277777778,139.7059872222222,6,3,9999,0,5,0
1,30,333,176,1,1,0,30000,0,113,2024,11,25,16,49,21,6,26,16,29,1,1,1,7,7,0,0,0,0,3,9,1,70,4,1,1,55,1,17,61,31,0,11,0,1,0,11,0,3,0,50,0,3,0,2,0,2,0,4,1,35.673900555555555,139.68692444444446,2,3,9999,0,9,0