資料区分,都道府県コード,警察署等コード,本票番号,事故内容,死者数,負傷者数,路線コード,地点コード,市区町村コード,発生日時　　年,発生日時　　月,発生日時　　日,発生日時　　時,発生日時　　分,昼夜,日の出時刻　　時,日の出時刻　　分,日の入り時刻　　時,日の入り時刻　　分,天候,地形,路面状態,道路形状,信号機,一時停止規制　標識（当事者A）,一時停止規制　表示（当事者A）,一時停止規制　標識（当事者B）,一時停止規制　表示（当事者B）,車道幅員,道路線形,衝突地点,ゾーン規制,中央分離帯施設等,歩車道区分,事故類型,年齢（当事者A）,年齢（当事者B）,当事者種別（当事者A）,当事者種別（当事者B）,用途別（当事者A）,用途別（当事者B）,車両形状等（当事者A）,車両形状等（当事者B）,オートマチック車（当事者A）,オートマチック車（当事者B）,サポカー（当事者A）,サポカー（当事者B）,速度規制（指定のみ）（当事者A）,速度規制（指定のみ）（当事者B）,車両の衝突部位（当事者A）,車両の衝突部位（当事者B）,車両の損壊程度（当事者A）,車両の損壊程度（当事者B）,エアバッグの装備（当事者A）,エアバッグの装備（当事者B）,サイドエアバッグの装備（当事者A）,サイドエアバッグの装備（当事者B）,人身損傷程度（当事者A）,人身損傷程度（当事者B）,lat,lon,曜日(発生年月日),祝日(発生年月日),認知機能検査経過日数（当事者A）,認知機能検査経過日数（当事者B）,運転練習の方法（当事者A）,運転練習の方法（当事者B）
1,30,333,186,2,0,1,30000,0,113,2024,11,7,16,26,13,6,9,16,40,1,1,1,1,7,9,21,0,0,11,9,30,70,5,3,1,35,45,51,61,41,0,0,0,0,0,0,0,0,0,30,0,4,0,0,0,0,0,4,2,35.670631666666665,139.68972277777777,5,3,0,0,0,0
1,30,333,192,2,0,1,20330,0,113,2024,10,8,5,25,23,5,42,17,15,3,1,1,1,1,9,22,0,0,15,9,30,70,4,2,1,65,65,3,61,1,0,1,0,1,0,11,0,3,0,20,0,3,0,2,0,2,0,4,2,35.67760611111111,139.67046305555556,3,3,9999,0,9,0
1,30,333,197,2,0,1,200,105,113,2024,11,30,3,40,22,6,31,16,28,1,1,1,1,1,9,22,0,0,15,9,30,70,1,1,1,65,25,3,61,1,0,1,0,1,0,11,0,5,0,50,0,3,0,2,0,2,0,4,2,35.67881611111111,139.68125305555554,7,3,9999,0,9,0
1,30,435,217,2,0,1,30000,0,104,2024,11,2,19,50,22,6,4,16,45,3,1,2,1,1,9,22,0,0,14,9,30,70,4,1,1,1,25,51,61,41,0,0,0,0,0,0,0,0,0,10,0,4,0,0,0,0,0,4,2,35.70781916666667,139.72136305555557,7,2,0,0,0,0
1,30,435,220,2,0,1,20290,0,104,2024,11,20,15,30,12,6,22,16,31,3,1,1,14,7,0,0,0,0,4,9,1,70,4,2,1,75,1,3,61,1,0,1,0,1,0,11,0,3,0,10,0,3,0,2,0,2,0,4,2,35.703155,139.74196194444443,4,3,509,0,9,0
1,30,436,325,2,0,1,30000,0,104,2024,11,2,1,20,22,6,4,16,45,3,1,2,1,7,9,22,0,0,14,9,30,70,4,2,1,65,25,3,61,1,0,1,0,1,0,11,0,3,0,10,0,3,0,2,0,2,0,4,2,35.69568472222222,139.70926138888888,7,2,9999,0,9,0
1,30,436,328,2,0,1,30000,0,104,2024,11,5,16,35,13,6,7,16,42,1,1,1,14,7,0,0,0,0,2,9,1,70,5,2,1,55,45,51,61,41,0,0,0,0,0,0,0,0,0,40,0,3,0,0,0,0,0,4,2,35.68801638888888,139.68889805555557,3,3,0,0,0,0
1,30,436,329,2,0,1,10090,0,104,2024,11,7,9,0,12,6,9,16,40,1,1,1,1,1,9,22,0,0,17,9,30,70,1,2,1,45,65,11,61,31,0,11,0,1,0,11,0,4,0,80,0,3,0,2,0,2,0,4,2,35.69504166666666,139.70679194444443,5,3,9999,0,9,0
1,30,436,333,2,0,1,20300,0,104,2024,11,10,18,50,22,6,12,16,38,2,1,1,7,1,0,0,0,0,6,9,1,70,5,2,1,65,55,3,61,31,0,1,0,1,0,11,0,3,0,14,0,4,0,2,0,2,0,4,2,35.698049722222216,139.69758444444446,1,3,9999,0,4,0
1,30,436,334,2,0,1,30000,0,104,2024,11,10,22,10,22,6,12,16,38,2,1,2,14,7,0,0,0,0,3,9,1,70,5,4,1,35,1,3,61,31,0,1,0,1,0,11,0,10,0,80,0,4,0,2,0,2,0,4,2,35.695453055555554,139.7064597222222,1,3,9999,0,1,0
1,30,436,335,2,0,1,30000,0,104,2024,10,19,16,40,13,5,51,17,1,2,1,1,7,7,0,0,0,0,2,9,1,70,5,4,1,55,25,3,61,31,0,1,0,1,0,1,0,5,0,30,0,4,0,2,0,2,0,4,2,35.69748388888888,139.70328555555554,7,3,9999,0,9,0
1,30,436,336,2,0,1,10050,0,104,2024,11,13,7,0,11,6,15,16,36,1,1,1,1,1,9,22,0,0,18,9,30,70,5,2,1,1,1,3,61,31,0,1,0,1,0,11,0,4,0,80,0,2,0,2,0,2,0,4,2,35.69340583333333,139.70233277777777,4,3,9999,0,1,0
1,30,436,340,2,0,1,20290,0,104,2024,11,15,13,25,12,6,17,16,34,2,1,1,14,7,0,0,0,0,2,9,1,70,4,2,1,65,55,35,61,31,0,0,0,0,0,11,0,3,0,10,0,3,0,0,0,0,0,4,2,35.701261111111116,139.70277,6,3,9999,0,9,0
1,30,436,346,2,0,1,30290,0,104,2024,11,19,13,20,12,6,21,16,32,1,1,1,1,7,9,22,0,0,14,9,30,70,4,2,1,25,65,3,61,31,0,1,0,1,0,11,0,3,0,10,0,3,0,2,0,2,0,4,2,35.703943333333335,139.69472805555557,3,3,9999,0,1,0
1,30,436,350,2,0,1,20300,0,104,2024,11,21,21,19,22,6,23,16,31,1,1,2,7,1,0,0,0,0,4,9,1,70,1,1,1,65,75,3,61,1,0,1,0,1,0,1,0,4,0,10,0,3,0,2,0,2,0,4,2,35.69817305555555,139.7061158333333,5,3,9999,0,9,0
1,30,436,352,2,0,1,30000,0,104,2024,11,12,8,45,12,6,14,16,36,1,1,1,14,7,0,0,0,0,1,9,1,1,5,4,1,35,25,13,61,31,0,11,0,1,0,11,0,2,0,20,0,3,0,2,0,2,0,4,2,35.700186111111115,139.69484166666666,3,3,9999,0,1,0
1,30,436,358,2,0,1,10160,0,104,2024,11,29,23,45,22,6,30,16,28,1,1,1,1,1,9,22,0,0,18,9,30,70,5,2,1,55,1,3,61,1,0,1,0,1,0,11,0,4,0,10,0,3,0,2,0,2,0,4,2,35.68459416666666,139.6863325,6,3,9999,0,9,0
1,30,437,201,2,0,1,10160,0,104,2024,11,6,8,25,12,6,8,16,41,2,1,1,14,7,0,0,0,0,5,8,1,70,1,1,1,45,55,52,61,41,0,0,0,0,0,0,0,0,0,40,0,3,0,0,0,0,0,4,2,35.71776833333333,139.6883075,4,3,0,0,0,0
1,30,437,204,2,0,1,30000,0,104,2024,11,15,10,25,12,6,17,16,34,1,1,1,7,7,0,0,0,0,1,9,1,70,5,3,1,55,65,3,61,31,0,1,0,1,0,11,0,2,0,10,0,3,0,2,0,2,0,4,2,35.7159775,139.68692000000001,6,3,9999,0,9,0
1,30,437,207,2,0,1,20000,0,114,2024,11,16,1,32,22,6,18,16,34,1,1,1,1,7,1,21,0,0,11,9,30,70,5,3,1,55,25,4,61,31,0,1,0,1,0,11,0,10,0,80,0,4,0,2,0,2,0,4,2,35.71064416666667,139.69257944444445,7,3,9999,0,9,0
1,30,437,211,2,0,1,10010,0,104,2024,11,26,20,20,22,6,27,16,29,3,1,2,1,1,9,22,0,0,18,9,30,70,5,2,1,75,25,3,61,31,0,1,0,1,0,11,0,3,0,10,0,3,0,2,0,2,0,4,2,35.722375,139.69253472222223,3,3,195,0,9,0
1,30,437,214,2,0,1,30000,0,104,2024,11,4,13,30,12,6,6,16,43,1,1,1,1,7,4,21,0,0,14,9,30,70,5,3,1,45,35,13,61,1,0,11,0,1,0,11,0,10,0,10,0,3,0,2,0,2,0,4,2,35.71125805555556,139.7047461111111,2,1,9999,0,1,0
1,30,437,218,2,0,1,30000,0,104,2024,11,22,18,46,22,6,24,16,30,1,1,1,13,7,0,0,0,0,2,6,1,70,5,3,1,45,45,2,61,1,0,1,0,1,0,11,0,10,0,40,0,4,0,2,0,2,0,4,2,35.71331777777778,139.68685194444444,6,2,9999,0,1,0
1,30,438,217,2,0,1,30000,0,104,2024,9,19,14,6,12,5,27,17,42,1,1,1,14,7,0,0,0,0,1,9,1,70,5,3,1,55,45,34,61,31,0,0,0,0,0,1,0,2,0,10,0,4,0,0,0,0,0,4,2,35.68847972222222,139.7024811111111,5,3,9999,0,9,0
1,30,438,227,2,0,1,200,70,104,2024,11,20,21,10,22,6,22,16,31,3,1,2,1,1,9,22,0,0,19,9,30,70,1,2,1,45,45,3,61,31,0,1,0,1,0,11,0,10,0,20,0,3,0,2,0,2,0,4,2,35.68733777777778,139.71560416666665,4,3,9999,0,1,0
1,30,438,229,2,0,1,200,61,104,2024,11,21,15,15,12,6,23,16,31,2,1,1,1,1,0,0,0,0,18,8,30,70,1,1,1,1,0,61,0,0,0,0,0,0,0,0,0,0,0,0,0,0,0,0,0,0,0,2,0,35.687219999999996,139.7259175,5,3,0,0,0,0
1,30,439,260,2,0,1,20280,0,114,2024,11,8,18,45,22,6,10,16,39,1,1,1,1,1,9,22,0,0,14,7,30,70,5,1,1,55,25,35,61,31,0,0,0,0,0,11,0,3,0,10,0,2,0,0,0,0,0,4,2,35.70092972222223,139.66706722222222,6,3,9999,0,9,0
1,30,439,270,2,0,1,30000,0,114,2024,11,21,6,55,11,6,23,16,31,3,1,1,14,7,0,0,0,0,2,9,1,70,5,3,1,45,55,17,61,1,0,11,0,1,0,11,0,2,0,50,0,3,0,2,0,2,0,4,2,35.682899166666665,139.66693694444444,5,3,9999,0,9,0
1,30,439,272,2,0,1,10160,0,114,2024,11,26,8,15,12,6,27,16,29,1,1,1,14,7,0,0,0,0,4,9,1,70,1,2,1,1,45,51,61,41,0,0,0,0,0,0,0,0,0,10,0,3,0,0,0,0,0,4,2,35.70650777777778,139.6826438888889,3,3,0,0,0,0
1,30,439,276,2,0,1,30000,0,114,2024,11,28,9,8,12,6,29,16,28,1,1,1,14,7,0,0,0,0,1,9,1,70,5,3,1,75,0,61,0,0,0,0,0,0,0,0,0,0,0,0,0,0,0,0,0,0,0,2,0,35.69669444444444,139.6744911111111,5,3,0,0,0,0
1,30,440,247,2,0,1,10130,0,114,2024,11,3,12,30,12,6,5,16,44,1,1,1,14,7,0,0,0,0,2,7,1,70,5,1,1,65,55,3,61,1,0,1,0,1,0,11,0,10,0,80,0,3,0,2,0,2,0,4,2,35.71828888888889,139.6536513888889,1,1,9999,0,9,0
1,30,440,253,2,0,1,30000,0,114,2024,11,7,19,50,22,6,9,16,40,1,1,1,1,7,9,22,0,0,15,9,30,70,4,1,1,45,1,13,61,31,0,11,0,1,0,11,0,2,0,20,0,4,0,2,0,2,0,4,2,35.729307500000004,139.67144583333334,5,3,9999,0,5,0
1,30,440,257,2,0,1,30000,0,114,2024,11,11,9,10,12,6,13,16,37,2,1,1,14,7,0,0,0,0,2,9,1,70,5,4,1,1,75,36,61,31,0,0,0,0,0,11,0,2,0,20,0,4,0,0,0,0,0,4,2,35.71344083333334,139.68097722222223,2,3,9999,0,1,0
1,30,440,263,2,0,1,30000,0,114,2024,11,18,20,13,22,6,20,16,32,1,1,1,12,7,0,0,0,0,3,9,1,70,5,3,1,45,1,35,61,31,0,0,0,0,0,11,0,2,0,10,0,4,0,0,0,0,0,4,2,35.72078138888889,139.63292166666668,2,3,9999,0,5,0
1,30,440,264,2,0,1,30000,0,114,2024,11,18,19,20,22,6,20,16,32,1,1,1,14,7,0,0,0,0,3,9,1,70,5,3,1,1,45,51,61,41,0,0,0,0,0,0,0,0,0,10,0,3,0,0,0,0,0,4,2,35.70966111111112,139.67840777777778,2,3,0,0,0,0
1,30,440,273,2,0,1,30000,0,114,2024,11,11,13,53,12,6,13,16,37,1,1,1,1,7,1,21,0,0,15,9,30,70,5,3,1,45,55,3,61,31,0,1,0,1,0,11,0,1,0,80,0,4,0,2,0,2,0,4,2,35.718628055555556,139.65299166666668,2,3,9999,0,9,0
1,30,440,276,2,0,1,30000,0,114,2024,10,28,16,15,13,5,59,16,50,3,1,1,14,7,0,0,0,0,3,9,1,70,5,3,1,65,25,3,61,1,0,1,0,1,0,11,0,2,0,80,0,3,0,2,0,2,0,4,2,35.71568472222223,139.66657361111112,2,3,9999,0,9,0
1,30,441,348,2,0,1,30000,0,115,2024,11,15,8,0,12,6,17,16,34,3,1,2,14,7,0,0,0,0,1,9,1,70,5,4,1,35,1,3,61,31,0,1,0,1,0,11,0,1,0,20,0,3,0,2,0,2,0,4,2,35.70632416666667,139.6570577777778,6,3,9999,0,5,0
1,30,441,360,2,0,1,10130,0,115,2024,11,24,20,5,22,6,26,16,30,1,1,1,1,1,9,22,0,0,17,9,30,70,1,2,1,25,45,43,61,41,0,31,0,0,0,0,0,10,0,10,0,3,0,0,0,0,0,4,2,35.70547222222223,139.654855,1,3,0,0,0,0
1,30,441,363,2,0,1,20500,0,115,2024,11,30,17,35,22,6,31,16,28,1,1,1,14,7,0,0,0,0,2,9,1,70,4,2,1,65,35,51,61,41,0,0,0,0,0,0,0,0,0,30,0,3,0,0,0,0,0,4,2,35.70354861111112,139.63657138888888,7,3,0,0,0,0
1,30,442,284,2,0,1,10130,0,115,2024,9,14,10,4,12,5,23,17,50,1,1,1,14,7,0,0,0,0,1,9,1,70,1,2,1,45,75,14,61,1,0,11,0,1,0,11,0,10,0,30,0,3,0,2,0,2,0,4,2,35.67946138888889,139.6573275,7,3,9999,0,1,0
1,30,442,293,2,0,1,20270,0,115,2024,11,9,16,30,13,6,11,16,39,1,1,1,14,7,0,0,0,0,1,9,1,70,4,2,1,45,25,3,61,31,0,1,0,1,0,11,0,3,0,40,0,2,0,2,0,2,0,4,2,35.68037416666667,139.63569972222223,7,3,9999,0,1,0
1,30,442,295,2,0,1,30000,0,115,2024,10,23,7,40,12,5,54,16,56,2,1,1,14,7,0,0,0,0,2,9,1,70,5,3,1,65,25,3,61,31,0,1,0,1,0,11,0,2,0,40,0,3,0,2,0,2,0,4,2,35.67773333333333,139.64480944444443,4,3,9999,0,9,0
1,30,442,296,2,0,1,30000,0,115,2024,11,13,13,30,12,6,15,16,36,1,1,1,14,7,0,0,0,0,2,9,1,70,5,3,1,35,45,14,61,1,0,11,0,2,0,11,0,2,0,20,0,4,0,2,0,2,0,4,2,35.68256972222222,139.62939277777778,4,3,9999,0,1,0
1,30,442,299,2,0,1,20220,0,115,2024,11,17,15,0,12,6,19,16,33,1,1,1,14,7,0,0,0,0,2,9,1,70,5,3,1,1,75,51,61,41,0,0,0,0,0,0,0,0,0,10,0,4,0,0,0,0,0,4,2,35.67254138888889,139.63654527777777,1,3,0,0,0,0
1,30,442,301,2,0,1,99000,0,115,2024,11,18,20,0,22,6,20,16,32,2,1,1,0,7,0,0,0,0,0,0,20,70,0,4,1,45,45,3,61,31,0,1,0,1,0,11,0,10,0,30,0,4,0,2,0,2,0,4,2,35.68156833333333,139.64280055555554,2,3,9999,0,1,0
1,30,442,313,2,0,1,20270,0,115,2024,10,31,9,21,12,6,2,16,47,1,1,1,1,7,9,22,0,0,17,9,30,70,1,1,1,25,35,43,61,41,0,31,0,0,0,0,0,10,0,10,0,3,0,0,0,0,0,4,2,35.68529083333333,139.62575583333333,5,3,0,0,0,0
1,30,443,245,1,1,0,30000,0,115,2024,11,20,16,30,13,6,22,16,31,3,1,2,1,7,9,22,0,0,14,9,30,70,5,1,1,65,75,4,61,31,0,1,0,1,0,11,0,2,0,10,0,3,0,2,0,2,0,4,1,35.71496611111112,139.6126772222222,4,3,9999,0,9,0
1,30,443,248,2,0,1,30000,0,115,2024,10,24,17,37,21,5,55,16,55,1,1,1,14,7,0,0,0,0,1,9,1,70,4,3,1,35,1,3,61,31,0,1,0,1,0,11,0,3,0,50,0,3,0,2,0,2,0,4,2,35.69828611111111,139.61497138888888,5,3,9999,0,5,0
1,30,443,254,2,0,1,10220,0,115,2024,11,10,17,0,21,6,12,16,38,2,1,1,14,7,0,0,0,0,4,9,1,70,4,2,1,25,75,51,61,41,0,0,0,0,0,0,0,0,0,20,0,4,0,0,0,0,0,4,2,35.71457,139.63335972222222,1,3,0,0,0,0
1,30,443,257,2,0,1,10200,0,115,2024,11,18,5,40,23,6,20,16,32,2,1,1,14,7,0,0,0,0,2,9,1,70,1,2,1,75,0,61,0,0,0,0,0,0,0,0,0,0,0,0,0,0,0,0,0,0,0,2,0,35.72388138888889,139.61418055555555,2,3,0,0,0,0
1,30,443,260,2,0,1,10200,0,115,2024,11,20,21,5,22,6,22,16,31,3,1,2,1,1,9,22,0,0,18,9,30,70,1,2,1,55,1,5,61,31,0,1,0,1,0,11,0,4,0,10,0,3,0,2,0,2,0,4,2,35.69378694444444,139.61721416666668,4,3,9999,0,9,0
1,30,545,140,2,0,1,20000,0,105,2024,11,19,18,25,22,6,21,16,32,1,1,1,1,7,9,22,0,0,15,8,30,70,5,2,1,55,1,13,61,31,0,11,0,1,0,11,0,3,0,50,0,4,0,2,0,2,0,4,2,35.72197027777778,139.75233222222224,3,3,9999,0,9,0
1,30,546,74,2,0,1,2540,32,105,2024,11,18,17,56,22,6,20,16,32,2,1,1,1,1,9,22,0,0,19,9,30,70,4,2,1,55,1,3,61,31,0,1,0,1,0,11,0,4,0,80,0,3,0,2,0,2,0,4,2,35.721449722222225,139.73152611111112,2,3,9999,0,9,0
1,30,547,134,2,0,1,30000,0,105,2024,11,7,17,0,21,6,9,16,40,1,1,1,14,7,0,0,0,0,3,9,1,70,5,3,1,1,55,51,61,41,0,0,0,0,0,0,0,0,0,10,0,4,0,0,0,0,0,4,2,35.70607722222223,139.75983222222223,5,3,0,0,0,0
1,30,547,135,2,0,1,20370,0,105,2024,11,16,8,15,12,6,18,16,34,1,1,1,14,7,0,0,0,0,3,9,1,70,4,2,1,1,1,51,61,41,0,0,0,0,0,0,0,0,0,10,0,3,0,0,0,0,0,4,2,35.71907527777778,139.7639352777778,7,3,0,0,0,0
1,30,547,136,2,0,1,20080,0,105,2024,11,22,22,35,22,6,24,16,30,1,1,1,7,1,0,0,0,0,5,9,1,70,5,1,1,65,45,3,61,1,0,1,0,1,0,11,0,4,0,10,0,4,0,2,0,2,0,4,2,35.70839,139.76980222222224,6,2,9999,0,9,0
1,30,549,110,2,0,1,10090,0,116,2024,11,18,5,37,23,6,20,16,32,2,1,1,1,1,9,22,0,0,17,9,30,70,4,2,1,55,35,13,61,31,0,11,0,1,0,11,0,2,0,10,0,3,0,2,0,2,0,4,2,35.74217222222222,139.726325,2,3,9999,0,9,0
1,30,549,111,2,0,1,30000,0,116,2024,10,26,14,36,12,5,57,16,52,1,1,1,14,7,0,0,0,0,4,8,1,70,4,2,1,35,75,51,61,41,0,0,0,0,0,0,0,0,0,20,0,4,0,0,0,0,0,4,2,35.72958277777778,139.72911694444446,7,3,0,0,0,0
1,30,549,112,2,0,1,10090,0,116,2024,11,21,23,50,22,6,23,16,31,1,1,2,14,7,0,0,0,0,3,9,1,70,4,2,1,55,45,3,61,31,0,1,0,1,0,1,0,4,0,40,0,4,0,2,0,2,0,4,2,35.7391675,139.7230413888889,5,3,9999,0,9,0
1,30,549,115,2,0,1,2540,40,116,2024,11,25,9,40,12,6,26,16,29,1,1,1,14,7,0,0,0,0,3,9,1,70,4,2,1,25,65,51,61,41,0,0,0,0,0,0,0,0,0,20,0,3,0,0,0,0,0,4,2,35.72761138888889,139.72702666666666,2,3,0,0,0,0
1,30,550,165,2,0,1,30000,0,116,2024,11,9,22,40,22,6,11,16,39,1,1,1,1,7,9,22,0,0,11,9,30,70,5,3,1,25,25,3,61,1,0,1,0,1,0,11,0,10,0,10,0,4,0,2,0,2,0,4,2,35.7321375,139.70990166666667,7,3,9999,0,1,0
1,30,550,172,2,0,1,30000,0,116,2024,11,12,21,50,22,6,14,16,36,1,1,1,14,7,0,0,0,0,2,9,1,70,5,4,1,45,25,3,61,31,0,1,0,1,0,11,0,1,0,60,0,3,0,2,0,2,0,4,2,35.73518,139.71268027777776,3,3,9999,0,1,0
1,30,550,173,2,0,1,30000,0,116,2024,11,29,1,12,22,6,30,16,28,1,1,1,1,1,9,22,0,0,18,9,30,70,1,2,1,55,35,3,61,1,0,1,0,1,0,11,0,4,0,50,0,3,0,2,0,2,0,4,2,35.73432583333334,139.70939249999998,6,3,9999,0,9,0
1,30,551,157,2,0,1,30000,0,116,2024,11,1,11,54,12,6,3,16,46,1,1,1,14,7,0,0,0,0,3,9,1,70,5,3,1,1,45,43,61,41,0,31,0,0,0,0,0,10,0,10,0,3,0,0,0,0,0,4,2,35.7365275,139.6906277777778,6,3,0,0,0,0
1,30,551,158,2,0,1,10010,0,116,2024,11,2,12,5,12,6,4,16,45,3,1,2,1,7,9,22,0,0,14,9,30,70,5,2,1,45,75,14,61,1,0,11,0,1,0,1,0,3,0,10,0,3,0,2,0,2,0,4,2,35.72248916666667,139.69341,7,2,9999,0,1,0
1,30,551,159,2,0,1,10010,0,116,2024,11,8,7,5,11,6,10,16,39,1,1,1,14,1,0,0,0,0,5,9,1,70,1,1,1,55,1,17,61,1,0,11,0,1,0,11,0,4,0,10,0,3,0,2,0,2,0,4,2,35.722097222222224,139.70585138888887,6,3,9999,0,9,0
1,30,551,165,2,0,1,20420,0,116,2024,11,13,12,35,12,6,15,16,36,1,1,1,14,7,0,0,0,0,6,9,1,70,1,2,1,25,65,51,61,41,0,0,0,0,0,0,0,0,0,40,0,3,0,0,0,0,0,4,2,35.7378675,139.69017277777778,4,3,0,0,0,0
1,30,551,166,2,0,1,20000,0,116,2024,11,13,19,40,22,6,15,16,36,1,1,1,14,7,0,0,0,0,2,8,1,70,5,4,1,1,1,51,61,41,0,0,0,0,0,0,0,0,0,40,0,3,0,0,0,0,0,4,2,35.732866388888894,139.70014027777776,4,3,0,0,0,0
1,30,551,174,2,0,1,30000,0,116,2024,11,22,23,51,22,6,24,16,30,1,1,2,1,1,9,22,0,0,15,9,30,70,4,2,1,45,25,3,61,1,0,1,0,1,0,11,0,1,0,10,0,3,0,2,0,2,0,4,2,35.73093777777778,139.67827333333332,6,2,9999,0,9,0
1,30,551,175,2,0,1,30000,0,116,2024,11,23,12,45,12,6,25,16,30,1,1,1,14,7,0,0,0,0,3,9,1,70,5,3,1,1,75,51,61,41,0,0,0,0,0,0,0,0,0,20,0,3,0,0,0,0,0,4,2,35.73175555555556,139.68345055555557,7,1,0,0,0,0
1,30,552,156,2,0,1,30000,0,117,2024,11,2,18,55,22,6,4,16,45,3,1,2,14,7,0,0,0,0,3,9,1,70,4,1,1,75,65,14,61,31,0,11,0,1,0,11,0,3,0,10,0,3,0,2,0,2,0,4,2,35.74294666666667,139.75742027777778,7,2,9999,0,9,0
1,30,552,163,2,0,1,170,86,117,2024,11,14,5,40,23,6,16,16,35,1,1,1,14,7,0,0,0,0,6,9,1,70,1,1,1,25,35,17,61,31,0,11,0,2,0,11,0,1,0,30,0,3,0,2,0,2,0,4,2,35.74556416666667,139.7268838888889,5,3,9999,0,1,0
1,30,552,171,2,0,1,30000,0,117,2024,11,30,13,35,12,6,31,16,28,1,1,1,1,7,9,22,0,0,11,5,30,70,4,1,1,35,25,51,61,41,0,0,0,0,0,0,0,0,0,20,0,3,0,0,0,0,0,4,2,35.74095722222222,139.7368686111111,7,3,0,0,0,0
1,30,553,179,2,0,1,30000,0,117,2024,11,3,7,3,11,6,5,16,44,1,1,1,1,7,9,22,0,0,14,9,30,70,5,1,1,45,25,3,61,31,0,1,0,1,0,11,0,2,0,50,0,4,0,2,0,2,0,4,2,35.757355833333335,139.721435,1,1,9999,0,5,0
1,30,553,181,2,0,1,10090,0,117,2024,11,7,19,30,22,6,9,16,40,1,1,1,1,1,9,22,0,0,18,8,30,70,1,1,1,45,35,3,61,31,0,1,0,1,0,11,0,4,0,10,0,3,0,2,0,2,0,4,2,35.754756944444445,139.7428797222222,5,3,9999,0,1,0
1,30,553,184,2,0,1,20000,0,117,2024,11,13,17,20,21,6,15,16,36,1,1,1,14,7,0,0,0,0,1,9,1,70,4,2,1,45,55,51,61,41,0,0,0,0,0,0,0,0,0,10,0,2,0,0,0,0,0,4,2,35.755698055555555,139.73136277777778,4,3,0,0,0,0
1,30,554,110,2,0,1,30000,0,117,2024,11,5,8,35,12,6,7,16,42,1,1,1,1,7,1,21,0,0,15,9,30,70,4,2,1,55,35,3,61,31,0,1,0,1,0,11,0,3,0,50,0,3,0,2,0,2,0,4,2,35.77369777777778,139.72426666666667,3,3,9999,0,9,0
1,30,554,113,2,0,1,10200,0,117,2024,11,18,16,29,13,6,20,16,32,1,1,1,1,1,9,22,0,0,18,9,30,70,5,1,1,35,1,4,61,31,0,1,0,1,0,11,0,1,0,10,0,3,0,2,0,2,0,4,2,35.78544083333333,139.70717888888888,2,3,9999,0,1,0
1,30,554,114,2,0,1,30000,0,117,2024,11,17,13,39,12,6,19,16,33,1,1,1,14,7,0,0,0,0,2,9,1,70,5,4,1,35,45,3,61,31,0,1,0,1,0,11,0,1,0,40,0,4,0,2,0,2,0,4,2,35.76845972222222,139.73384138888886,1,3,9999,0,1,0
1,30,554,120,2,0,1,30000,0,117,2024,11,28,15,47,13,6,29,16,28,1,1,1,14,7,0,0,0,0,3,9,1,1,5,3,1,55,45,51,61,41,0,0,0,0,0,0,0,0,0,0,0,4,0,0,0,0,0,4,2,35.77636694444444,139.72688805555555,5,3,0,0,0,0
1,30,555,323,2,0,1,2540,95,119,2024,11,7,1,37,22,6,9,16,40,1,1,1,7,7,0,0,0,0,5,9,1,70,1,2,1,55,55,3,61,31,0,1,0,1,0,11,0,10,0,50,0,3,0,2,0,2,0,4,2,35.75903666666667,139.68125527777778,5,3,9999,0,9,0
1,30,555,326,2,0,1,2540,91,119,2024,11,9,7,20,12,6,11,16,39,1,1,1,1,1,9,22,0,0,15,9,30,70,1,2,1,55,25,3,61,1,0,1,0,1,0,11,0,5,0,40,0,3,0,2,0,2,0,4,2,35.75709194444445,139.68466333333333,7,3,9999,0,9,0
1,30,555,332,2,0,1,30000,0,119,2024,11,17,17,5,21,6,19,16,33,1,1,1,7,7,0,0,0,0,2,9,1,70,5,3,1,55,65,3,61,1,0,1,0,1,0,11,0,1,0,36,0,4,0,2,0,2,0,4,2,35.75255666666666,139.69781138888888,1,3,9999,0,5,0
1,30,555,336,2,0,1,30000,0,119,2024,11,21,9,23,12,6,23,16,31,3,1,2,1,7,1,21,0,0,14,9,30,70,4,2,1,55,45,3,61,1,0,1,0,1,0,11,0,2,0,10,0,3,0,2,0,2,0,4,2,35.747102222222225,139.71942027777777,5,3,9999,0,9,0
1,30,555,340,2,0,1,30000,0,119,2024,11,24,10,0,12,6,26,16,30,1,1,1,14,7,0,0,0,0,1,9,1,70,5,2,1,35,25,51,61,41,0,0,0,0,0,0,0,0,0,10,0,4,0,0,0,0,0,4,2,35.74140416666667,139.70719555555556,1,3,0,0,0,0
1,30,555,341,2,0,1,30000,0,119,2024,11,25,18,10,22,6,26,16,29,1,1,1,14,7,0,0,0,0,3,9,1,70,5,3,1,1,45,51,61,41,0,0,0,0,0,0,0,0,0,10,0,3,0,0,0,0,0,4,2,35.765301944444445,139.67884777777778,2,3,0,0,0,0
1,30,555,342,2,0,1,10130,0,119,2024,11,25,20,5,22,6,26,16,29,1,1,1,1,1,9,22,0,0,19,9,30,70,1,2,1,45,55,3,61,31,0,1,0,1,0,11,0,4,0,52,0,4,0,2,0,2,0,4,2,35.74964138888889,139.68051416666665,2,3,9999,0,1,0
1,30,555,345,2,0,1,30000,0,119,2024,11,27,16,25,13,6,28,16,29,1,1,1,14,7,0,0,0,0,2,9,1,70,5,3,1,1,75,51,61,41,0,0,0,0,0,0,0,0,0,10,0,4,0,0,0,0,0,4,2,35.7532275,139.67921666666666,4,3,0,0,0,0