資料区分,都道府県コード,警察署等コード,本票番号,事故内容,死者数,負傷者数,路線コード,地点コード,市区町村コード,発生日時　　年,発生日時　　月,発生日時　　日,発生日時　　時,発生日時　　分,昼夜,日の出時刻　　時,日の出時刻　　分,日の入り時刻　　時,日の入り時刻　　分,天候,地形,路面状態,道路形状,信号機,一時停止規制　標識（当事者A）,一時停止規制　表示（当事者A）,一時停止規制　標識（当事者B）,一時停止規制　表示（当事者B）,車道幅員,道路線形,衝突地点,ゾーン規制,中央分離帯施設等,歩車道区分,事故類型,年齢（当事者A）,年齢（当事者B）,当事者種別（当事者A）,当事者種別（当事者B）,用途別（当事者A）,用途別（当事者B）,車両形状等（当事者A）,車両形状等（当事者B）,オートマチック車（当事者A）,オートマチック車（当事者B）,サポカー（当事者A）,サポカー（当事者B）,速度規制（指定のみ）（当事者A）,速度規制（指定のみ）（当事者B）,車両の衝突部位（当事者A）,車両の衝突部位（当事者B）,車両の損壊程度（当事者A）,車両の損壊程度（当事者B）,エアバッグの装備（当事者A）,エアバッグの装備（当事者B）,サイドエアバッグの装備（当事者A）,サイドエアバッグの装備（当事者B）,人身損傷程度（当事者A）,人身損傷程度（当事者B）,lat,lon,曜日(発生年月日),祝日(発生年月日),認知機能検査経過日数（当事者A）,認知機能検査経過日数（当事者B）,運転練習の方法（当事者A）,運転練習の方法（当事者B）
1,30,556,256,2,0,1,170,129,119,2024,9,8,21,55,22,5,18,17,58,1,1,1,1,1,9,22,0,0,18,9,30,70,5,2,1,35,25,36,61,31,0,0,0,0,0,11,0,10,0,10,0,3,0,0,0,0,0,4,2,35.77300944444444,139.69858666666667,1,3,9999,0,1,0
1,30,556,257,2,0,1,30760,0,119,2024,10,23,13,0,12,5,54,16,56,3,1,1,1,1,9,22,0,0,15,9,30,70,4,2,1,25,25,35,61,31,0,0,0,0,0,11,0,3,0,10,0,3,0,0,0,0,0,4,2,35.76349583333333,139.68896138888888,4,3,9999,0,1,0
1,30,556,260,2,0,1,30000,0,119,2024,11,1,17,43,21,6,3,16,46,2,1,1,1,7,1,21,0,0,15,9,30,1,5,2,1,35,55,52,61,41,0,0,0,0,0,0,0,0,0,10,0,4,0,0,0,0,0,4,2,35.78796305555555,139.6757661111111,6,3,0,0,0,0
1,30,556,261,2,0,1,30000,0,119,2024,11,1,22,32,22,6,3,16,46,3,1,2,1,1,9,22,0,0,15,9,30,70,5,2,1,45,35,52,61,41,0,0,0,0,0,0,0,0,0,10,0,4,0,0,0,0,0,4,2,35.78655027777778,139.6795,6,3,0,0,0,0
1,30,556,265,2,0,1,20480,0,119,2024,11,9,12,55,12,6,11,16,39,1,1,1,14,7,0,0,0,0,3,9,1,70,1,1,1,65,75,51,61,41,0,0,0,0,0,0,0,0,0,40,0,4,0,0,0,0,0,4,2,35.78518333333333,139.67943722222222,7,3,0,0,0,0
1,30,556,268,2,0,1,30000,0,119,2024,11,12,14,0,12,6,14,16,36,1,1,1,1,7,9,22,0,0,11,9,30,70,5,4,1,55,35,5,61,31,0,1,0,1,0,11,0,10,0,20,0,4,0,2,0,2,0,4,2,35.79207583333333,139.68385194444446,3,3,9999,0,9,0
1,30,556,271,2,0,1,30000,0,119,2024,11,12,8,45,12,6,14,16,36,1,1,1,14,7,0,0,0,0,2,9,1,70,5,3,1,1,0,61,0,0,0,0,0,0,0,0,0,0,0,0,0,0,0,0,0,0,0,2,0,35.77682472222222,139.6837847222222,3,3,0,0,0,0
1,30,556,284,2,0,1,10200,0,119,2024,11,21,16,40,21,6,23,16,31,2,1,2,1,1,9,22,0,0,18,9,30,70,1,1,1,35,75,3,61,31,0,1,0,1,0,11,0,2,0,50,0,3,0,2,0,2,0,4,2,35.77769555555555,139.68172944444444,5,3,9999,0,1,0
1,30,557,244,2,0,1,30000,0,120,2024,6,24,23,7,22,4,26,19,1,1,1,1,1,7,9,22,0,0,11,9,30,70,5,4,1,1,45,51,61,41,0,0,0,0,0,0,0,0,0,10,0,3,0,0,0,0,0,4,2,35.74462944444444,139.66196833333333,2,3,0,0,0,0
1,30,557,246,2,0,1,30000,0,120,2024,8,26,7,15,12,5,8,18,17,1,1,1,14,7,0,0,0,0,2,9,1,70,5,3,1,1,25,4,61,31,0,1,0,1,0,11,0,2,0,20,0,3,0,2,0,2,0,4,2,35.74454472222222,139.65567416666667,2,3,9999,0,1,0
1,30,557,247,2,0,1,30000,0,120,2024,11,16,18,30,22,6,18,16,34,3,1,2,1,7,9,22,0,0,14,9,30,70,4,1,1,65,45,3,61,31,0,1,0,1,0,11,0,3,0,10,0,3,0,2,0,2,0,4,2,35.747749166666665,139.6478236111111,7,3,9999,0,9,0
1,30,557,256,2,0,1,20430,0,120,2024,11,25,11,6,12,6,26,16,29,1,1,1,1,1,9,22,0,0,15,9,30,70,4,1,1,75,75,3,61,31,0,1,0,1,0,11,0,4,0,10,0,3,0,2,0,2,0,4,2,35.7376375,139.65592222222222,2,3,503,0,1,0
1,30,557,259,2,0,1,30000,0,120,2024,11,28,15,5,12,6,29,16,28,1,1,1,14,7,0,0,0,0,2,9,1,70,5,2,1,55,75,51,61,41,0,0,0,0,0,0,0,0,0,10,0,3,0,0,0,0,0,4,2,35.7531425,139.6671011111111,5,3,0,0,0,0
1,30,558,298,2,0,1,30000,0,120,2024,7,4,6,5,12,4,30,19,1,1,1,1,14,7,0,0,0,0,2,9,1,70,5,3,1,25,0,61,0,0,0,0,0,0,0,0,0,0,0,0,0,0,0,0,0,0,0,2,0,35.74783083333333,139.57598444444443,5,3,0,0,0,0
1,30,558,305,2,0,1,30000,0,120,2024,11,9,15,40,13,6,11,16,39,1,1,1,14,7,0,0,0,0,1,9,1,70,5,3,1,65,45,3,61,31,0,1,0,1,0,11,0,5,0,10,0,3,0,2,0,2,0,4,2,35.74864083333333,139.584525,7,3,9999,0,9,0
1,30,558,314,2,0,1,30000,0,120,2024,3,14,8,17,12,5,53,17,48,1,1,1,14,7,0,0,0,0,2,9,1,70,5,3,1,1,0,61,0,0,0,0,0,0,0,0,0,0,0,0,0,0,0,0,0,0,0,2,0,35.761685,139.57742194444444,5,3,0,0,0,0
1,30,558,315,2,0,1,30000,0,120,2024,11,9,9,55,12,6,11,16,39,1,1,1,1,1,9,22,0,0,11,9,30,70,5,1,1,55,25,51,61,41,0,0,0,0,0,0,0,0,0,40,0,3,0,0,0,0,0,4,2,35.73992444444445,139.60611055555555,7,3,0,0,0,0
1,30,558,316,2,0,1,30000,0,120,2024,11,18,6,52,11,6,20,16,32,3,1,2,1,7,3,21,0,0,11,9,30,70,5,3,1,55,55,3,61,31,0,1,0,1,0,11,0,2,0,10,0,4,0,2,0,2,0,4,2,35.72435111111111,139.5763802777778,2,3,9999,0,9,0
1,30,558,319,2,0,1,30000,0,120,2024,11,25,8,10,12,6,26,16,29,1,1,1,1,1,9,22,0,0,11,9,30,70,4,1,1,65,1,3,61,31,0,1,0,1,0,11,0,3,0,30,0,3,0,2,0,2,0,4,2,35.73135583333333,139.57729694444444,2,3,9999,0,9,0
1,30,558,320,2,0,1,99000,0,120,2024,11,25,9,58,12,6,26,16,29,1,1,1,0,7,0,0,0,0,0,0,20,70,0,2,1,65,55,14,61,1,0,11,0,1,0,11,0,1,0,30,0,3,0,2,0,2,0,4,2,35.741479166666664,139.58489111111112,2,3,9999,0,9,0
1,30,558,324,2,0,1,30000,0,120,2024,11,30,14,15,12,6,31,16,28,1,1,1,1,7,1,21,0,0,14,9,30,70,4,1,1,45,35,3,61,31,0,1,0,1,0,11,0,2,0,10,0,3,0,2,0,2,0,4,2,35.74187388888889,139.60712972222223,7,3,9999,0,1,0
1,30,558,328,2,0,1,30000,0,120,2024,10,19,14,30,12,5,51,17,1,2,1,1,14,7,0,0,0,0,2,9,1,70,5,3,1,65,35,3,61,31,0,1,0,1,0,11,0,1,0,40,0,3,0,2,0,2,0,4,2,35.749665,139.59555861111113,7,3,9999,0,9,0
1,30,559,306,2,0,1,30000,0,119,2024,11,1,18,59,22,6,3,16,46,3,1,1,14,7,0,0,0,0,3,9,1,70,4,2,1,55,75,4,61,31,0,1,0,1,0,11,0,3,0,50,0,3,0,2,0,2,0,4,2,35.77157361111111,139.6368211111111,6,3,9999,0,9,0
1,30,559,332,2,0,1,30000,0,119,2024,11,21,17,25,21,6,23,16,31,2,1,2,14,7,0,0,0,0,2,9,1,70,4,1,1,25,35,14,61,1,0,11,0,1,0,11,0,2,0,10,0,3,0,2,0,2,0,4,2,35.78785083333333,139.6360075,5,3,9999,0,1,0
1,30,559,333,2,0,1,30000,0,119,2024,11,24,5,10,22,6,26,16,30,1,1,1,7,7,0,0,0,0,3,8,1,1,4,2,1,1,65,51,61,41,0,0,0,0,0,0,0,0,0,10,0,3,0,0,0,0,0,4,2,35.773629444444445,139.65220416666668,1,3,0,0,0,0
1,30,559,334,2,0,1,90000,0,119,2024,11,24,11,2,12,6,26,16,30,1,1,1,7,7,0,0,0,0,2,7,1,70,5,4,1,45,35,3,61,31,0,1,0,1,0,11,0,5,0,20,0,4,0,2,0,2,0,4,2,35.783002777777774,139.63689694444443,1,3,9999,0,9,0
1,30,560,283,2,0,1,30000,0,120,2024,11,16,19,0,22,6,18,16,34,2,1,2,1,7,0,0,0,0,15,9,30,70,5,3,1,1,0,61,0,0,0,0,0,0,0,0,0,0,0,0,0,0,0,0,0,0,0,2,0,35.76123944444444,139.63897444444444,7,3,0,0,0,0
1,30,560,290,2,0,1,30000,0,120,2024,11,19,7,35,12,6,21,16,32,1,1,1,1,1,9,22,0,0,15,9,30,70,4,2,1,75,75,3,61,31,0,1,0,1,0,11,0,3,0,10,0,4,0,2,0,2,0,4,2,35.753572222222225,139.62218972222223,3,3,358,0,9,0
1,30,560,293,2,0,1,10010,0,120,2024,8,19,18,50,21,5,3,18,26,3,1,1,1,1,9,22,0,0,18,9,30,70,5,2,1,65,75,4,61,31,0,1,0,1,0,11,0,4,0,50,0,4,0,2,0,2,0,4,2,35.7564625,139.60109277777778,2,3,9999,0,9,0
1,30,560,305,2,0,1,30000,0,120,2024,11,23,15,10,12,6,25,16,30,1,1,1,1,7,9,22,0,0,14,9,30,70,4,2,1,1,75,51,61,41,0,0,0,0,0,0,0,0,0,20,0,4,0,0,0,0,0,4,2,35.751130277777776,139.63189194444445,7,1,0,0,0,0
1,30,661,167,2,0,1,20410,0,106,2024,11,6,0,42,22,6,8,16,41,2,1,1,1,1,9,22,0,0,17,9,30,70,5,2,1,35,45,3,61,1,0,1,0,1,0,11,0,3,0,10,0,3,0,2,0,2,0,4,2,35.730537777777776,139.76331055555556,4,3,9999,0,5,0
1,30,661,170,2,0,1,30000,0,106,2024,11,13,9,40,12,6,15,16,36,1,1,1,1,7,9,22,0,0,15,9,30,1,5,3,1,65,25,14,61,1,0,11,0,1,0,11,0,2,0,10,0,4,0,2,0,2,0,4,2,35.72264638888889,139.78448138888888,4,3,9999,0,9,0
1,30,661,178,2,0,1,10300,0,106,2024,11,21,6,10,23,6,23,16,31,3,1,2,1,1,9,22,0,0,19,9,30,70,4,2,1,55,25,3,61,1,0,1,0,1,0,11,0,3,0,10,0,4,0,2,0,2,0,4,2,35.720745,139.78119222222224,5,3,9999,0,9,0
1,30,661,180,2,0,1,30000,0,106,2024,11,23,20,55,22,6,25,16,30,1,1,1,1,8,9,22,0,0,15,9,30,70,4,2,1,45,55,3,61,31,0,1,0,1,0,11,0,5,0,10,0,3,0,2,0,2,0,4,2,35.724785000000004,139.78183611111112,7,1,9999,0,1,0
1,30,661,183,2,0,1,30000,0,106,2024,11,28,15,5,12,6,29,16,28,1,1,1,1,7,1,21,0,0,11,9,30,70,5,3,1,55,75,14,61,31,0,11,0,1,0,11,0,1,0,10,0,3,0,2,0,2,0,4,2,35.72146722222222,139.76905833333333,5,3,9999,0,9,0
1,30,662,128,2,0,1,30000,0,106,2024,11,8,15,40,13,6,10,16,39,1,1,1,14,7,0,0,0,0,2,9,1,70,5,4,1,35,65,51,61,41,0,0,0,0,0,0,0,0,0,40,0,3,0,0,0,0,0,4,2,35.711022222222226,139.7969877777778,6,3,0,0,0,0
1,30,662,129,2,0,1,30000,0,106,2024,11,4,0,13,22,6,6,16,43,1,1,1,1,7,1,21,0,0,11,9,30,70,5,4,1,25,35,51,61,41,0,0,0,0,0,0,0,0,0,10,0,3,0,0,0,0,0,4,2,35.714555000000004,139.79298527777777,2,1,0,0,0,0
1,30,662,130,2,0,1,30000,0,106,2024,11,13,16,15,13,6,15,16,36,1,1,1,1,1,9,22,0,0,18,9,30,70,5,1,1,75,1,3,61,31,0,1,0,1,0,11,0,2,0,10,0,3,0,2,0,2,0,4,2,35.722794444444446,139.7987163888889,4,3,1015,0,9,0
1,30,663,132,2,0,1,60,20,106,2024,11,1,8,5,12,6,3,16,46,1,1,1,7,1,0,0,0,0,3,9,1,70,5,2,1,25,25,51,61,41,0,0,0,0,0,0,0,0,0,10,0,4,0,0,0,0,0,4,2,35.696376388888886,139.7854663888889,6,3,0,0,0,0
1,30,663,142,2,0,1,20540,0,106,2024,11,27,8,28,12,6,28,16,29,1,1,1,7,7,0,0,0,0,5,9,1,70,4,2,1,75,45,3,61,31,0,1,0,1,0,11,0,3,0,10,0,3,0,2,0,2,0,4,2,35.70793666666667,139.78213333333335,4,3,143,0,9,0
1,30,665,93,2,0,1,30000,0,118,2024,11,15,16,30,13,6,17,16,34,2,1,1,7,1,0,0,0,0,2,9,1,70,5,3,1,1,0,61,0,0,0,0,0,0,0,0,0,0,0,0,0,0,0,0,0,0,0,2,0,35.73034555555556,139.79088305555555,6,3,0,0,0,0
1,30,665,94,2,0,1,30000,0,118,2024,11,15,12,30,12,6,17,16,34,2,1,1,14,7,0,0,0,0,2,9,1,70,5,4,1,35,75,52,61,41,0,0,0,0,0,0,0,0,0,10,0,4,0,0,0,0,0,4,2,35.731836944444446,139.7904497222222,6,3,0,0,0,0
1,30,665,96,2,0,1,40,58,118,2024,11,18,21,45,22,6,20,16,32,1,1,1,1,7,2,21,0,0,18,9,30,70,4,1,1,35,55,14,61,1,0,11,0,1,0,11,0,10,0,10,0,3,0,2,0,2,0,4,2,35.73109277777778,139.79208111111112,2,3,9999,0,1,0
1,30,665,97,2,0,1,40,68,118,2024,11,25,5,30,23,6,26,16,29,1,1,1,1,1,9,22,0,0,18,9,30,70,1,2,1,65,25,3,61,1,0,1,0,1,0,11,0,5,0,50,0,3,0,2,0,2,0,4,2,35.73771888888889,139.79682305555556,2,3,9999,0,9,0
1,30,666,152,2,0,1,30000,0,118,2024,10,29,7,34,12,6,0,16,49,1,1,1,14,7,0,0,0,0,1,9,1,70,5,4,1,25,45,3,61,31,0,1,0,1,0,11,0,1,0,40,0,3,0,2,0,2,0,4,2,35.74003444444445,139.78257000000002,3,3,9999,0,1,0
1,30,667,177,2,0,1,30000,0,121,2024,11,11,12,40,12,6,13,16,37,2,1,1,14,7,0,0,0,0,2,9,1,1,5,3,1,65,25,14,61,31,0,11,0,1,0,11,0,2,0,40,0,4,0,2,0,2,0,4,2,35.74919,139.80231055555558,2,3,9999,0,9,0
1,30,667,182,2,0,1,30000,0,121,2024,11,18,22,50,22,6,20,16,32,1,1,1,1,1,9,22,0,0,14,9,30,70,5,2,1,35,25,13,61,31,0,11,0,1,0,11,0,2,0,10,0,3,0,2,0,2,0,4,2,35.746645,139.80122333333335,2,3,9999,0,1,0
1,30,667,184,2,0,1,30000,0,121,2024,11,13,7,47,12,6,15,16,36,1,1,1,14,7,0,0,0,0,3,9,1,1,5,3,1,75,35,3,61,31,0,1,0,1,0,11,0,2,0,40,0,3,0,2,0,2,0,4,2,35.74583527777778,139.80083194444447,4,3,323,0,9,0
1,30,667,189,2,0,1,30000,0,121,2024,11,23,13,49,12,6,25,16,30,1,1,1,14,7,0,0,0,0,3,9,1,1,5,3,1,55,25,3,61,31,0,1,0,1,0,11,0,2,0,40,0,3,0,2,0,2,0,4,2,35.74944305555556,139.80344944444445,7,1,9999,0,9,0
1,30,668,519,2,0,1,30000,0,121,2024,11,3,11,40,12,6,5,16,44,1,1,1,14,7,0,0,0,0,4,9,1,70,4,2,1,75,65,51,61,41,0,0,0,0,0,0,0,0,0,10,0,3,0,0,0,0,0,2,4,35.775365,139.7896563888889,1,1,0,0,0,0
1,30,668,535,2,0,1,30000,0,121,2024,11,13,9,32,12,6,15,16,36,1,1,1,14,7,0,0,0,0,3,9,1,70,5,1,1,45,65,51,61,41,0,0,0,0,0,0,0,0,0,10,0,4,0,0,0,0,0,4,2,35.77436333333333,139.77076000000002,4,3,0,0,0,0
1,30,668,537,2,0,1,30000,0,121,2024,10,12,9,50,12,5,45,17,10,1,1,1,1,7,9,22,0,0,15,9,30,70,5,3,1,35,45,36,61,31,0,0,0,0,0,11,0,2,0,20,0,3,0,0,0,0,0,4,2,35.77607888888889,139.7928672222222,7,3,9999,0,5,0
1,30,668,539,2,0,1,30000,0,121,2024,11,15,7,45,12,6,17,16,34,3,1,2,7,7,0,0,0,0,2,9,1,70,5,2,1,35,55,36,61,31,0,0,0,0,0,11,0,2,0,10,0,3,0,0,0,0,0,4,2,35.785065277777775,139.7613325,6,3,9999,0,1,0
1,30,668,542,2,0,1,30000,0,121,2024,11,1,7,38,12,6,3,16,46,1,1,1,1,7,9,22,0,0,11,9,30,70,5,4,1,45,1,14,61,1,0,11,0,1,0,11,0,10,0,50,0,3,0,2,0,2,0,4,2,35.763284722222224,139.76692666666668,6,3,9999,0,1,0
1,30,668,558,2,0,2,30000,0,121,2024,11,23,16,25,13,6,25,16,30,1,1,1,1,7,9,22,0,0,15,9,30,70,5,2,1,1,1,51,61,41,0,0,0,0,0,0,0,0,0,10,0,3,0,0,0,0,0,2,2,35.77276194444444,139.7898311111111,7,1,0,0,0,0
1,30,668,562,2,0,1,30000,0,121,2024,11,26,7,40,12,6,27,16,29,1,1,1,1,7,9,22,0,0,14,9,30,1,5,3,1,25,1,13,61,31,0,11,0,1,0,11,0,2,0,80,0,3,0,2,0,2,0,4,2,35.78154361111111,139.74676388888886,3,3,9999,0,1,0
1,30,668,563,2,0,1,10340,0,121,2024,11,27,5,28,23,6,28,16,29,1,1,2,1,1,9,22,0,0,14,9,30,70,1,1,1,45,55,3,61,31,0,1,0,1,0,11,0,3,0,10,0,3,0,2,0,2,0,4,2,35.773961666666665,139.78469638888888,4,3,9999,0,1,0
1,30,668,567,2,0,1,30000,0,121,2024,11,27,17,15,21,6,28,16,29,1,1,1,7,7,0,0,0,0,3,9,1,70,4,2,1,55,1,4,61,31,0,1,0,1,0,11,0,3,0,10,0,3,0,2,0,2,0,4,2,35.773715555555555,139.79386472222222,4,3,9999,0,9,0
1,30,668,568,2,0,1,30960,0,121,2024,11,27,19,45,22,6,28,16,29,1,1,1,1,1,9,22,0,0,15,9,30,70,4,2,1,65,55,3,61,31,0,1,0,1,0,11,0,3,0,10,0,4,0,2,0,2,0,4,2,35.78255472222222,139.7941277777778,4,3,9999,0,9,0
1,30,668,569,2,0,1,30000,0,121,2024,11,20,18,50,22,6,22,16,31,3,1,2,1,7,1,21,0,0,11,9,30,70,5,3,1,55,55,3,61,31,0,1,0,1,0,11,0,2,0,10,0,3,0,2,0,2,0,4,2,35.76795444444444,139.80273250000002,4,3,9999,0,9,0
1,30,669,476,2,0,1,10130,0,121,2024,11,3,20,30,22,6,5,16,44,1,1,1,14,7,0,0,0,0,1,9,1,70,5,1,1,45,25,51,61,41,0,0,0,0,0,0,0,0,0,10,0,4,0,0,0,0,0,4,2,35.777724166666665,139.82876555555555,1,1,0,0,0,0
1,30,669,479,2,0,1,30000,0,121,2024,11,15,17,25,21,6,17,16,34,1,1,1,1,1,9,22,0,0,14,9,30,70,1,2,1,55,55,3,61,31,0,1,0,1,0,11,0,2,0,10,0,3,0,2,0,2,0,4,2,35.78143388888889,139.83054555555555,6,3,9999,0,1,0
1,30,669,481,2,0,1,20000,0,121,2024,11,16,13,25,12,6,18,16,34,1,1,1,14,1,0,0,0,0,2,9,1,70,4,2,1,1,45,51,61,41,0,0,0,0,0,0,0,0,0,10,0,3,0,0,0,0,0,4,2,35.78492194444444,139.82204166666665,7,3,0,0,0,0
1,30,669,489,2,0,1,30000,0,121,2024,11,16,1,30,22,6,18,16,34,1,1,1,14,7,0,0,0,0,2,9,1,70,5,2,1,75,25,3,61,1,0,1,0,1,0,11,0,10,0,10,0,3,0,2,0,2,0,4,2,35.78373138888889,139.8332861111111,7,3,501,0,9,0
1,30,669,491,2,0,1,30000,0,121,2024,11,21,6,30,11,6,23,16,31,3,1,2,14,7,0,0,0,0,2,9,1,70,5,3,1,1,35,3,61,31,0,1,0,1,0,11,0,10,0,10,0,3,0,2,0,2,0,4,2,35.764525,139.80416444444447,5,3,9999,0,1,0
1,30,669,496,2,0,1,20000,0,121,2024,11,21,18,0,22,6,23,16,31,1,1,2,1,1,9,22,0,0,14,9,30,70,5,2,1,45,65,3,61,31,0,1,0,1,0,11,0,10,0,10,0,3,0,2,0,2,0,4,2,35.76998416666667,139.81668833333333,5,3,9999,0,1,0
1,30,669,499,2,0,1,30000,0,121,2024,11,23,14,25,12,6,25,16,30,1,1,1,14,7,0,0,0,0,3,9,1,70,4,4,1,1,55,3,61,1,0,1,0,1,0,11,0,3,0,10,0,3,0,2,0,2,0,4,2,35.76714805555555,139.82419916666666,7,1,9999,0,1,0
1,30,670,301,2,0,1,30000,0,121,2024,11,25,15,54,13,6,26,16,29,1,1,1,1,7,9,22,0,0,15,9,30,70,5,2,1,75,1,3,61,31,0,1,0,1,0,11,0,3,0,10,0,3,0,1,0,2,0,4,2,35.81118111111111,139.76304805555554,2,3,423,0,9,0
1,30,771,509,2,0,1,20540,0,108,2024,10,10,18,40,22,5,43,17,12,1,1,1,1,1,9,22,0,0,19,9,30,70,1,1,1,35,35,3,61,31,0,1,0,1,0,11,0,2,0,10,0,3,0,2,0,2,0,4,2,35.68189694444444,139.7929863888889,5,3,9999,0,1,0
1,30,771,514,2,0,1,10370,0,108,2024,11,3,21,0,22,6,5,16,44,1,1,1,7,7,0,0,0,0,6,9,1,70,1,1,1,45,45,51,61,41,0,0,0,0,0,0,0,0,0,10,0,4,0,0,0,0,0,4,2,35.66170416666667,139.80601166666668,1,1,0,0,0,0
1,30,771,528,2,0,1,30000,0,108,2024,11,12,15,25,12,6,14,16,36,1,1,1,14,7,0,0,0,0,3,9,1,70,4,1,1,35,1,51,61,41,0,0,0,0,0,0,0,0,0,10,0,3,0,0,0,0,0,4,2,35.68389027777778,139.81128444444445,3,3,0,0,0,0
1,30,771,537,2,0,1,30000,0,108,2024,11,18,17,5,21,6,20,16,32,1,1,1,14,7,0,0,0,0,3,9,1,70,5,2,1,65,25,3,61,31,0,1,0,1,0,11,0,2,0,10,0,3,0,2,0,2,0,4,2,35.66675166666666,139.80287611111112,2,3,9999,0,9,0
1,30,771,551,2,0,1,10040,0,108,2024,11,27,0,25,22,6,28,16,29,3,1,2,1,1,9,22,0,0,15,9,30,70,1,2,1,35,1,3,61,31,0,1,0,1,0,11,0,4,0,10,0,3,0,2,0,2,0,4,2,35.670896388888885,139.7983463888889,4,3,9999,0,5,0
1,30,771,556,2,0,2,30000,0,108,2024,11,30,18,35,22,6,31,16,28,1,1,1,1,7,9,22,0,0,15,9,30,70,6,2,1,25,65,35,61,31,0,0,0,0,0,11,0,3,0,10,0,3,0,0,0,0,0,2,2,35.66916777777777,139.81645861111113,7,3,9999,0,1,0
1,30,771,558,2,0,1,20000,0,108,2024,11,25,7,10,11,6,26,16,29,1,1,1,1,1,9,22,0,0,18,9,30,70,1,2,1,75,55,13,61,31,0,11,0,1,0,11,0,4,0,40,0,4,0,2,0,2,0,4,2,35.64686888888889,139.78753416666666,2,3,174,0,9,0
1,30,771,559,2,0,1,10370,0,108,2024,11,20,19,25,22,6,22,16,31,3,1,2,1,1,9,22,0,0,19,9,30,70,1,2,1,35,1,3,61,31,0,1,0,1,0,11,0,4,0,10,0,4,0,2,0,2,0,4,2,35.65596166666666,139.81071916666667,4,3,9999,0,1,0
1,30,771,562,2,0,1,10060,0,108,2024,7,25,5,34,11,4,44,18,51,1,1,1,1,1,0,0,0,0,19,9,30,70,1,1,1,55,0,61,0,0,0,0,0,0,0,0,0,0,0,0,0,0,0,0,0,0,0,2,0,35.68897111111111,139.81552333333335,5,3,0,0,0,0
1,30,772,383,2,0,1,20660,0,108,2024,11,3,21,50,22,6,5,16,44,1,1,1,14,7,0,0,0,0,4,9,1,70,5,2,1,1,55,51,61,41,0,0,0,0,0,0,0,0,0,10,0,4,0,0,0,0,0,4,2,35.68937638888889,139.84497333333334,1,1,0,0,0,0
1,30,772,388,2,0,1,10290,0,108,2024,11,12,15,45,13,6,14,16,36,1,1,1,7,7,0,0,0,0,2,9,1,70,4,1,1,35,65,3,61,31,0,1,0,1,0,11,0,5,0,10,0,3,0,2,0,2,0,4,2,35.70173527777778,139.826335,3,3,9999,0,1,0
1,30,772,403,2,0,1,10090,0,108,2024,11,23,11,50,12,6,25,16,30,1,1,1,14,7,0,0,0,0,2,9,1,70,5,2,1,35,25,51,61,41,0,0,0,0,0,0,0,0,0,10,0,4,0,0,0,0,0,4,2,35.69965555555555,139.8254086111111,7,1,0,0,0,0
1,30,772,404,2,0,1,10060,0,108,2024,7,21,22,20,22,4,41,18,54,1,1,1,14,7,0,0,0,0,1,9,1,70,5,2,1,1,1,51,61,41,0,0,0,0,0,0,0,0,0,10,0,4,0,0,0,0,0,4,2,35.68940694444444,139.82835083333333,1,3,0,0,0,0
1,30,772,406,2,0,1,30000,0,108,2024,11,2,12,50,12,6,4,16,45,3,1,2,7,7,0,0,0,0,2,9,1,70,5,3,1,35,35,3,61,31,0,1,0,1,0,11,0,2,0,40,0,4,0,2,0,2,0,4,2,35.69437472222222,139.8263211111111,7,2,9999,0,1,0
1,30,773,286,2,0,1,30000,0,107,2024,11,7,11,59,12,6,9,16,40,1,1,1,14,7,0,0,0,0,2,9,1,70,5,2,1,25,75,51,61,41,0,0,0,0,0,0,0,0,0,10,0,4,0,0,0,0,0,4,2,35.70325583333334,139.81140333333335,5,3,0,0,0,0
1,30,773,307,2,0,1,30000,0,107,2024,11,18,0,3,22,6,20,16,32,1,1,1,14,7,0,0,0,0,3,9,1,70,4,2,1,25,45,36,61,31,0,0,0,0,0,11,0,2,0,10,0,3,0,0,0,0,0,4,2,35.69022611111111,139.8009663888889,2,3,9999,0,1,0
1,30,774,225,2,0,1,99000,0,107,2024,11,20,18,5,22,6,22,16,31,3,1,2,0,7,0,0,0,0,0,0,20,70,0,4,1,65,1,3,61,31,0,1,0,1,0,11,0,10,0,20,0,4,0,2,0,2,0,4,2,35.72349833333333,139.81708722222223,4,3,9999,0,9,0
1,30,775,283,2,0,1,30000,0,122,2024,11,7,6,56,11,6,9,16,40,1,1,1,1,7,9,22,0,0,11,9,30,70,4,3,1,55,45,13,61,31,0,11,0,1,0,11,0,2,0,20,0,3,0,2,0,2,0,4,2,35.74700027777778,139.84166083333335,5,3,9999,0,9,0
1,30,775,294,2,0,1,30000,0,122,2024,10,30,17,14,21,6,1,16,48,1,1,1,14,7,0,0,0,0,3,9,1,70,4,2,1,25,45,51,61,41,0,0,0,0,0,0,0,0,0,10,0,3,0,0,0,0,0,4,2,35.755090555555554,139.87709416666667,4,3,0,0,0,0
1,30,775,307,2,0,1,60,114,122,2024,11,3,14,30,12,6,5,16,44,1,1,1,1,1,9,22,0,0,15,9,30,70,1,2,1,35,65,3,61,31,0,1,0,1,0,1,0,5,0,20,0,3,0,2,0,2,0,4,2,35.757600833333335,139.85469916666665,1,1,9999,0,5,0