資料区分,都道府県コード,警察署等コード,本票番号,事故内容,死者数,負傷者数,路線コード,地点コード,市区町村コード,発生日時　　年,発生日時　　月,発生日時　　日,発生日時　　時,発生日時　　分,昼夜,日の出時刻　　時,日の出時刻　　分,日の入り時刻　　時,日の入り時刻　　分,天候,地形,路面状態,道路形状,信号機,一時停止規制　標識（当事者A）,一時停止規制　表示（当事者A）,一時停止規制　標識（当事者B）,一時停止規制　表示（当事者B）,車道幅員,道路線形,衝突地点,ゾーン規制,中央分離帯施設等,歩車道区分,事故類型,年齢（当事者A）,年齢（当事者B）,当事者種別（当事者A）,当事者種別（当事者B）,用途別（当事者A）,用途別（当事者B）,車両形状等（当事者A）,車両形状等（当事者B）,オートマチック車（当事者A）,オートマチック車（当事者B）,サポカー（当事者A）,サポカー（当事者B）,速度規制（指定のみ）（当事者A）,速度規制（指定のみ）（当事者B）,車両の衝突部位（当事者A）,車両の衝突部位（当事者B）,車両の損壊程度（当事者A）,車両の損壊程度（当事者B）,エアバッグの装備（当事者A）,エアバッグの装備（当事者B）,サイドエアバッグの装備（当事者A）,サイドエアバッグの装備（当事者B）,人身損傷程度（当事者A）,人身損傷程度（当事者B）,lat,lon,曜日(発生年月日),祝日(発生年月日),認知機能検査経過日数（当事者A）,認知機能検査経過日数（当事者B）,運転練習の方法（当事者A）,運転練習の方法（当事者B）
1,30,775,309,2,0,2,30000,0,122,2024,11,28,16,42,21,6,29,16,28,1,1,1,14,7,0,0,0,0,1,9,1,70,5,3,1,35,25,3,61,31,0,1,0,1,0,11,0,2,0,30,0,4,0,2,0,2,0,4,2,35.778018055555556,139.87674111111113,5,3,9999,0,1,0
1,30,775,311,2,0,1,30000,0,122,2024,11,29,0,2,22,6,30,16,28,1,1,1,1,7,9,22,0,0,14,9,30,70,4,2,1,65,1,3,61,1,0,1,0,1,0,11,0,2,0,10,0,3,0,2,0,2,0,4,2,35.77005361111111,139.8727886111111,6,3,9999,0,1,0
1,30,775,312,2,0,1,30000,0,122,2024,11,29,14,53,12,6,30,16,28,1,1,1,7,1,0,0,0,0,3,9,1,70,4,2,1,35,75,3,61,31,0,1,0,1,0,11,0,3,0,10,0,3,0,2,0,2,0,4,2,35.78554416666667,139.85071666666667,6,3,9999,0,1,0
1,30,775,315,2,0,1,30000,0,122,2024,11,22,14,43,12,6,24,16,30,1,1,1,1,7,9,22,0,0,11,9,30,70,5,3,1,75,1,3,61,31,0,1,0,1,0,11,0,2,0,40,0,3,0,2,0,2,0,4,2,35.7585675,139.85221333333334,6,2,805,0,9,0
1,30,776,321,2,0,1,30000,0,122,2024,11,1,20,55,22,6,3,16,46,3,1,2,1,7,9,22,0,0,15,9,30,70,5,1,1,45,45,3,61,1,0,1,0,1,0,11,0,3,0,80,0,3,0,2,0,2,0,4,2,35.7315775,139.86384555555554,6,3,9999,0,9,0
1,30,776,323,2,0,1,30000,0,122,2024,11,3,17,35,21,6,5,16,44,1,1,1,1,1,9,22,0,0,15,9,30,70,4,1,1,25,45,14,61,1,0,11,0,1,0,11,0,3,0,40,0,3,0,2,0,2,0,4,2,35.742407222222226,139.85148166666667,1,1,9999,0,1,0
1,30,776,328,2,0,1,30000,0,122,2024,11,8,11,45,12,6,10,16,39,1,1,1,1,7,9,22,0,0,15,9,30,70,4,2,1,75,45,14,61,1,0,11,0,1,0,11,0,3,0,10,0,3,0,2,0,2,0,4,2,35.72087472222223,139.8606275,6,3,840,0,9,0
1,30,776,331,2,0,1,99000,0,122,2024,11,10,23,40,22,6,12,16,38,2,1,1,0,7,0,0,0,0,0,0,20,70,0,4,1,25,45,51,61,41,0,0,0,0,0,0,0,0,0,30,0,3,0,0,0,0,0,4,2,35.716166388888894,139.85901611111112,1,3,0,0,0,0
1,30,776,337,2,0,1,30000,0,122,2024,11,18,17,30,21,6,20,16,32,1,1,1,7,7,0,0,0,0,3,9,1,70,4,1,1,55,45,3,61,31,0,1,0,1,0,11,0,10,0,40,0,3,0,2,0,2,0,4,2,35.743201666666664,139.85659611111112,2,3,9999,0,9,0
1,30,777,647,2,0,1,30000,0,123,2024,11,10,17,30,21,6,12,16,38,2,1,1,1,1,9,22,0,0,15,9,30,70,4,2,1,45,65,3,61,31,0,1,0,1,0,11,0,2,0,10,0,3,0,2,0,2,0,4,2,35.68220861111111,139.88932277777778,1,3,9999,0,5,0
1,30,777,654,2,0,1,99000,0,123,2024,11,13,10,35,12,6,15,16,36,1,1,1,0,7,0,0,0,0,0,0,20,70,0,2,1,55,35,12,61,1,0,11,0,1,0,11,0,10,0,30,0,3,0,2,0,2,0,4,2,35.712718333333335,139.8620672222222,4,3,9999,0,9,0
1,30,777,657,2,0,1,30000,0,123,2024,11,14,7,30,12,6,16,16,35,1,1,1,1,7,9,21,0,0,14,9,30,70,5,2,1,1,45,51,61,41,0,0,0,0,0,0,0,0,0,12,0,4,0,0,0,0,0,4,2,35.691335555555554,139.89851277777777,5,3,0,0,0,0
1,30,777,670,2,0,1,10390,0,123,2024,11,20,21,22,22,6,22,16,31,3,1,2,1,1,9,22,0,0,15,9,30,70,5,2,1,35,25,3,61,31,0,1,0,1,0,11,0,3,0,10,0,3,0,2,0,2,0,4,2,35.691025277777776,139.86766833333334,4,3,9999,0,1,0
1,30,777,678,2,0,1,21190,0,123,2024,11,23,7,55,12,6,25,16,30,1,1,1,1,1,9,22,0,0,19,9,30,70,1,2,1,65,65,14,61,1,0,11,0,1,0,11,0,3,0,11,0,3,0,2,0,2,0,4,2,35.70930777777778,139.8428413888889,7,1,9999,0,9,0
1,30,777,689,2,0,1,30520,0,123,2024,11,27,6,0,23,6,28,16,29,2,1,2,1,1,9,22,0,0,15,9,30,70,4,2,1,45,1,14,61,31,0,11,0,1,0,11,0,3,0,50,0,3,0,2,0,2,0,4,2,35.69016805555555,139.8788963888889,4,3,9999,0,9,0
1,30,777,690,2,0,1,10390,0,123,2024,11,27,7,40,12,6,28,16,29,1,1,1,1,1,9,22,0,0,18,9,30,70,4,2,1,25,65,3,61,31,0,1,0,1,0,11,0,3,0,50,0,3,0,2,0,2,0,4,2,35.69912444444444,139.86795305555557,4,3,9999,0,1,0
1,30,777,692,2,0,1,30000,0,123,2024,11,28,15,25,12,6,29,16,28,1,1,1,14,7,0,0,0,0,3,7,1,70,5,3,1,75,45,4,61,31,0,1,0,1,0,11,0,2,0,40,0,3,0,2,0,2,0,4,2,35.71127111111112,139.8403213888889,5,3,804,0,9,0
1,30,777,693,2,0,1,30000,0,123,2024,11,29,10,1,12,6,30,16,28,1,1,1,1,1,9,22,0,0,15,9,30,70,5,1,1,55,75,4,61,31,0,1,0,1,0,11,0,2,0,10,0,2,0,2,0,2,0,4,2,35.707597222222226,139.90346055555557,6,3,9999,0,9,0
1,30,777,699,2,0,1,30000,0,123,2024,11,26,18,4,22,6,27,16,29,2,1,1,1,7,9,22,0,0,14,9,30,70,4,1,1,55,1,3,61,31,0,1,0,1,0,11,0,3,0,50,0,3,0,2,0,2,0,4,2,35.686325,139.8918422222222,3,3,9999,0,9,0
1,30,778,236,2,0,1,30000,0,123,2024,11,3,16,55,21,6,5,16,44,1,1,1,1,1,9,22,0,0,14,9,30,70,4,2,1,45,75,3,61,31,0,1,0,1,0,11,0,2,0,10,0,4,0,2,0,2,0,4,2,35.73115027777778,139.88456916666667,1,1,9999,0,1,0
1,30,778,237,2,0,1,99000,0,123,2024,11,4,14,24,12,6,6,16,43,1,1,1,0,7,0,0,0,0,0,0,20,70,0,2,1,1,45,3,61,31,0,1,0,1,0,11,0,10,0,30,0,3,0,2,0,2,0,4,2,35.714421111111115,139.9016538888889,2,1,9999,0,1,0
1,30,778,248,2,0,1,141,36,123,2024,11,21,8,5,12,6,23,16,31,3,1,2,1,1,9,22,0,0,19,9,30,70,1,1,1,25,1,17,61,31,0,11,0,1,0,11,0,3,0,10,0,3,0,2,0,2,0,4,2,35.71892916666667,139.8771702777778,5,3,9999,0,1,0
1,30,779,214,2,0,1,30000,0,123,2024,11,1,9,16,12,6,3,16,46,1,1,1,14,7,0,0,0,0,3,9,1,70,5,2,1,1,55,51,61,41,0,0,0,0,0,0,0,0,0,10,0,3,0,0,0,0,0,4,2,35.65847361111111,139.876215,6,3,0,0,0,0
1,30,779,223,2,0,1,30000,0,123,2024,10,14,9,50,12,5,47,17,7,1,1,1,14,7,0,0,0,0,2,9,1,70,5,2,1,35,45,3,61,31,0,1,0,1,0,11,0,10,0,30,0,4,0,2,0,2,0,4,2,35.65602305555555,139.86868944444444,2,1,9999,0,1,0
1,30,779,227,2,0,1,30000,0,123,2024,11,7,13,40,12,6,9,16,40,1,1,1,14,7,0,0,0,0,3,9,1,70,5,2,1,55,75,3,61,31,0,1,0,1,0,11,0,2,0,30,0,3,0,2,0,2,0,4,2,35.669645277777775,139.8591847222222,5,3,9999,0,9,0
1,30,779,229,2,0,1,30000,0,123,2024,11,22,13,45,12,6,24,16,30,1,1,1,1,7,7,21,0,0,15,9,30,70,4,2,1,45,75,1,61,1,0,1,0,1,0,11,0,2,0,10,0,4,0,2,0,2,0,4,2,35.64727305555556,139.8726327777778,6,2,9999,0,9,0
1,30,779,231,2,0,1,10390,0,123,2024,11,23,14,0,12,6,25,16,30,1,1,1,1,1,9,22,0,0,14,9,30,70,4,2,1,35,1,14,61,1,0,11,0,1,0,11,0,3,0,10,0,3,0,2,0,2,0,4,2,35.67047055555555,139.87493222222224,7,1,9999,0,1,0
1,30,876,352,2,0,1,10490,0,209,2024,11,1,11,22,12,6,3,16,46,1,1,1,1,1,9,22,0,0,14,9,30,70,4,2,1,65,25,3,61,31,0,1,0,1,0,11,0,3,0,10,0,3,0,2,0,2,0,4,2,35.59171083333334,139.38189916666667,6,3,9999,0,9,0
1,30,876,361,2,0,1,10480,0,201,2024,11,11,15,10,12,6,13,16,37,1,1,1,1,1,0,0,0,0,19,8,30,70,1,2,1,1,0,61,0,0,0,0,0,0,0,0,0,0,0,0,0,0,0,0,0,0,0,2,0,35.63746972222222,139.41571833333333,2,3,0,0,0,0
1,30,876,363,2,0,1,30000,0,201,2024,11,12,8,0,12,6,14,16,36,1,1,1,14,7,0,0,0,0,3,7,1,70,4,2,1,75,1,3,61,31,0,1,0,1,0,11,0,2,0,10,0,3,0,2,0,2,0,4,2,35.63699972222222,139.34124416666668,3,3,9999,0,9,0
1,30,876,366,2,0,1,30000,0,201,2024,11,13,6,45,11,6,15,16,36,1,1,1,14,7,0,0,0,0,1,9,1,70,5,1,1,45,45,4,61,31,0,1,0,1,0,11,0,2,0,10,0,3,0,2,0,2,0,4,2,35.65155722222222,139.35226944444443,4,3,9999,0,9,0
1,30,876,368,2,0,1,30000,0,209,2024,11,13,16,34,13,6,15,16,36,1,2,1,1,7,9,22,0,0,11,9,30,70,5,4,1,65,1,3,61,31,0,1,0,1,0,11,0,2,0,50,0,3,0,2,0,2,0,4,2,35.59259111111111,139.384975,4,3,9999,0,9,0
1,30,876,376,2,0,1,30000,0,201,2024,11,18,12,1,12,6,20,16,32,2,1,1,14,7,0,0,0,0,2,9,1,70,5,2,1,55,75,17,61,31,0,11,0,1,0,11,0,10,0,80,0,3,0,2,0,2,0,4,2,35.623447222222225,139.40134555555557,2,3,9999,0,1,0
1,30,876,378,2,0,1,30000,0,201,2024,11,19,17,39,22,6,21,16,32,1,1,1,1,7,9,22,0,0,15,9,30,70,4,2,1,55,75,14,61,1,0,11,0,1,0,11,0,2,0,10,0,3,0,2,0,2,0,4,2,35.63042638888889,139.34568694444445,3,3,9999,0,9,0
1,30,876,382,2,0,1,30000,0,201,2024,11,8,8,0,12,6,10,16,39,1,1,1,12,7,0,0,0,0,2,8,1,70,5,1,1,1,0,61,0,0,0,0,0,0,0,0,0,0,0,0,0,0,0,0,0,0,0,2,0,35.615385277777776,139.36866055555555,6,3,0,0,0,0
1,30,876,388,2,0,1,30000,0,201,2024,11,26,18,10,22,6,27,16,29,3,1,2,14,7,0,0,0,0,3,9,1,1,5,4,1,1,45,36,61,31,0,0,0,0,0,11,0,10,0,10,0,2,0,0,0,0,0,4,2,35.62338583333334,139.31820333333334,3,3,9999,0,5,0
1,30,877,390,2,0,1,30000,0,201,2024,11,4,13,55,12,6,6,16,43,1,2,1,14,7,0,0,0,0,4,9,1,70,4,2,1,1,75,51,61,41,0,0,0,0,0,0,0,0,0,10,0,3,0,0,0,0,0,4,2,35.671210277777774,139.26094166666667,2,1,0,0,0,0
1,30,877,391,2,0,1,30000,0,201,2024,11,5,8,54,12,6,7,16,42,1,2,1,14,7,0,0,0,0,3,9,1,70,5,2,1,45,65,3,61,31,0,1,0,1,0,11,0,10,0,30,0,3,0,2,0,2,0,4,2,35.63286111111111,139.27053916666668,3,3,9999,0,1,0
1,30,877,399,2,0,1,200,519,201,2024,10,7,21,37,22,5,41,17,16,2,1,1,14,7,0,0,0,0,3,9,1,70,4,2,1,65,1,3,61,31,0,1,0,1,0,11,0,4,0,80,0,3,0,2,0,2,0,4,2,35.635885277777774,139.27039083333335,2,3,9999,0,9,0
1,30,877,414,2,0,1,99000,0,201,2024,10,28,12,55,12,5,59,16,50,2,1,1,0,7,0,0,0,0,0,0,20,1,0,4,1,45,75,17,61,1,0,11,0,2,0,11,0,10,0,60,0,3,0,2,0,2,0,4,2,35.67213388888889,139.2947047222222,2,3,9999,0,5,0
1,30,878,392,2,0,1,30000,0,224,2024,11,5,10,5,12,6,7,16,42,1,2,1,14,7,0,0,0,0,3,9,1,70,1,2,1,65,55,3,61,31,0,1,0,1,0,11,0,3,0,80,0,3,0,2,0,2,0,4,2,35.62479722222222,139.4270111111111,3,3,9999,0,9,0
1,30,878,397,2,0,1,30000,0,225,2024,11,8,21,25,22,6,10,16,39,2,1,1,1,1,9,22,0,0,15,9,30,70,1,2,1,55,45,3,61,31,0,1,0,1,0,11,0,3,0,20,0,3,0,2,0,2,0,4,2,35.64981111111111,139.48825555555555,6,3,9999,0,9,0
1,30,878,401,2,0,1,21100,0,224,2024,11,12,8,18,12,6,14,16,36,1,1,1,1,1,9,22,0,0,18,9,30,70,1,1,1,25,1,3,61,31,0,1,0,1,0,11,0,4,0,40,0,3,0,2,0,2,0,4,2,35.61349277777778,139.40829833333333,3,3,9999,0,1,0
1,30,878,407,2,0,1,30000,0,225,2024,11,16,17,5,21,6,18,16,34,1,2,1,14,7,0,0,0,0,5,9,1,70,5,2,1,25,1,13,61,1,0,11,0,1,0,11,0,3,0,10,0,3,0,2,0,2,0,4,2,35.626150833333334,139.46952277777777,7,3,9999,0,5,0
1,30,878,416,2,0,1,20000,0,224,2024,10,3,19,42,22,5,37,17,22,3,1,2,1,7,1,21,0,0,14,9,30,70,5,1,1,55,1,3,61,1,0,1,0,1,0,11,0,2,0,30,0,4,0,2,0,2,0,4,2,35.6503325,139.44813944444445,5,3,9999,0,9,0
1,30,878,421,2,0,1,30000,0,224,2024,11,15,8,0,12,6,17,16,34,3,2,2,13,7,0,0,0,0,3,2,1,70,5,3,1,45,45,13,61,31,0,11,0,1,0,11,0,2,0,80,0,3,0,2,0,2,0,4,2,35.62800055555556,139.42694027777776,6,3,9999,0,9,0
1,30,878,423,2,0,1,30830,0,224,2024,11,26,12,10,12,6,27,16,29,2,1,1,1,1,9,22,0,0,11,9,30,70,1,2,1,65,75,4,61,31,0,1,0,1,0,11,0,4,0,10,0,3,0,2,0,2,0,4,2,35.62713083333333,139.4295772222222,3,3,9999,0,9,0
1,30,878,424,2,0,1,21100,0,224,2024,11,26,17,10,21,6,27,16,29,2,1,1,1,7,1,22,0,0,17,9,30,70,1,2,1,55,1,4,61,31,0,1,0,1,0,11,0,4,0,10,0,3,0,2,0,2,0,4,2,35.60851027777778,139.42281416666665,3,3,9999,0,9,0
1,30,878,429,2,0,1,30000,0,224,2024,11,29,7,20,11,6,30,16,28,1,1,1,1,1,9,22,0,0,17,9,30,70,1,1,1,55,75,3,61,31,0,1,0,1,0,11,0,3,0,40,0,4,0,2,0,2,0,4,2,35.6258025,139.42563416666667,6,3,9999,0,9,0
1,30,879,384,2,0,1,30000,0,220,2024,10,26,15,25,12,5,57,16,52,2,1,1,1,1,9,22,0,0,15,9,30,70,5,2,1,55,75,13,61,31,0,11,0,1,0,11,0,3,0,10,0,3,0,2,0,2,0,4,2,35.739063055555555,139.4382302777778,7,3,9999,0,9,0
1,30,879,397,2,0,1,99000,0,223,2024,11,7,13,25,12,6,9,16,40,1,1,1,0,7,0,0,0,0,0,0,20,70,0,4,1,55,75,4,61,31,0,1,0,1,0,11,0,10,0,30,0,3,0,2,0,2,0,4,2,35.75528083333333,139.38720444444445,5,3,9999,0,1,0
1,30,879,398,2,0,1,30000,0,223,2024,11,7,18,45,22,6,9,16,40,1,1,1,14,7,0,0,0,0,3,9,1,70,4,1,1,45,75,4,61,31,0,1,0,1,0,11,0,3,0,10,0,3,0,2,0,2,0,4,2,35.74239444444444,139.37645277777779,5,3,9999,0,5,0
1,30,879,399,2,0,1,10240,0,220,2024,11,8,15,33,12,6,10,16,39,1,2,1,14,7,0,0,0,0,3,9,1,70,5,2,1,55,75,4,61,31,0,1,0,1,0,11,0,3,0,0,0,4,0,2,0,2,0,4,2,35.75218666666667,139.42696055555555,6,3,9999,0,9,0
1,30,879,402,2,0,1,10240,0,223,2024,11,15,18,15,22,6,17,16,34,1,1,1,1,1,9,22,0,0,15,9,30,70,4,2,1,75,55,4,61,31,0,1,0,1,0,1,0,3,0,10,0,3,0,2,0,2,0,4,2,35.754104444444444,139.39917444444444,6,3,79,0,9,0
1,30,879,412,2,0,1,30000,0,220,2024,11,21,21,50,22,6,23,16,31,1,1,1,1,1,9,22,0,0,15,9,30,70,4,1,1,45,45,3,61,31,0,1,0,1,0,11,0,3,0,50,0,3,0,2,0,2,0,4,2,35.735014722222225,139.42935666666665,5,3,9999,0,1,0
1,30,879,416,2,0,1,30000,0,220,2024,11,13,5,45,23,6,15,16,36,1,2,1,1,1,9,22,0,0,14,9,30,70,4,2,1,55,45,4,61,31,0,1,0,1,0,11,0,3,0,20,0,3,0,2,0,2,0,4,2,35.74608527777778,139.44245111111113,4,3,9999,0,9,0
1,30,879,420,2,0,1,31080,0,220,2024,11,26,16,30,21,6,27,16,29,2,2,1,1,1,9,22,0,0,11,9,30,70,4,2,1,55,1,13,61,31,0,11,0,1,0,11,0,1,0,10,0,3,0,2,0,2,0,4,2,35.746070833333334,139.44257777777779,3,3,9999,0,9,0
1,30,880,242,2,0,1,30000,0,205,2024,11,8,4,50,22,6,10,16,39,1,2,1,1,7,9,22,0,0,15,9,30,70,4,2,1,35,35,3,61,31,0,1,0,1,0,11,0,3,0,10,0,3,0,2,0,2,0,4,2,35.78768972222222,139.28966916666667,6,3,9999,0,1,0
1,30,880,247,2,0,1,10240,0,205,2024,11,15,17,40,22,6,17,16,34,1,2,2,14,7,0,0,0,0,3,9,1,70,4,2,1,75,45,4,61,31,0,1,0,1,0,11,0,3,0,10,0,3,0,2,0,2,0,4,2,35.78780444444444,139.22978055555555,6,3,696,0,9,0
1,30,882,300,2,0,1,30000,0,227,2024,11,7,19,28,22,6,9,16,40,1,3,1,1,7,9,22,0,0,15,9,30,70,4,2,1,1,55,3,61,31,0,1,0,1,0,11,0,3,0,51,0,3,0,2,0,2,0,4,2,35.76269972222222,139.3150116666667,5,3,9999,0,1,0
1,30,882,305,2,0,1,30000,0,227,2024,10,30,17,15,21,6,1,16,48,1,3,1,1,7,9,22,0,0,15,9,30,70,4,2,1,55,45,14,61,31,0,11,0,1,0,11,0,3,0,10,0,3,0,2,0,2,0,4,2,35.76692805555555,139.32785583333333,4,3,9999,0,9,0
1,30,882,312,2,0,1,30000,0,228,2024,11,21,18,30,22,6,23,16,31,2,1,1,14,7,0,0,0,0,3,9,1,70,5,2,1,45,25,3,61,31,0,1,0,1,0,11,0,10,0,10,0,4,0,2,0,2,0,4,2,35.7349575,139.30677250000002,5,3,9999,0,1,0
1,30,882,316,2,0,1,20000,0,228,2024,11,28,15,10,12,6,29,16,28,1,1,1,1,1,9,22,0,0,15,9,30,70,5,1,1,75,65,3,61,31,0,1,0,1,0,11,0,2,0,10,0,4,0,2,0,2,0,4,2,35.74095583333333,139.30579333333336,5,3,338,0,9,0
1,30,882,317,2,0,1,10250,0,303,2024,11,26,17,43,22,6,27,16,29,1,1,1,1,1,9,22,0,0,14,9,30,70,4,2,1,65,1,17,61,31,0,11,0,2,0,11,0,2,0,10,0,2,0,2,0,2,0,4,2,35.77323611111111,139.34174416666667,3,3,9999,0,9,0
1,30,882,323,2,0,1,30000,0,227,2024,10,19,21,30,22,5,51,17,1,2,1,1,1,1,9,22,0,0,19,9,30,70,4,1,1,35,25,3,61,31,0,1,0,1,0,11,0,3,0,10,0,3,0,2,0,2,0,4,2,35.776204444444446,139.30489555555556,7,3,9999,0,1,0
1,30,882,324,2,0,1,30000,0,218,2024,11,20,18,10,22,6,22,16,31,3,1,2,1,7,9,22,0,0,11,9,30,70,5,3,1,55,45,3,61,31,0,1,0,1,0,11,0,2,0,10,0,4,0,2,0,2,0,4,2,35.72334305555556,139.34019722222223,4,3,9999,0,9,0
1,30,882,327,2,0,1,99000,0,303,2024,11,30,12,17,12,6,31,16,28,1,3,1,0,7,0,0,0,0,0,0,20,70,0,4,1,75,75,3,61,31,0,1,0,1,0,11,0,10,0,50,0,4,0,2,0,2,0,4,2,35.77298777777778,139.35672333333332,7,3,145,0,9,0
1,30,883,457,2,0,1,200,0,201,2023,2,4,20,20,22,6,39,17,11,1,1,1,14,7,0,0,0,0,5,7,1,70,5,2,1,55,75,3,61,31,0,1,0,1,0,11,0,4,0,10,0,3,0,2,0,1,0,4,2,35.66377611111111,139.35808277777778,7,3,9999,0,9,0
1,30,883,460,2,0,1,30000,0,201,2024,9,11,17,21,13,5,21,17,54,1,1,1,1,7,1,21,0,0,14,9,30,70,4,3,1,65,65,7,61,31,0,1,0,1,0,11,0,3,0,40,0,3,0,2,0,2,0,4,2,35.65698388888889,139.33752361111112,4,3,9999,0,9,0
1,30,883,468,2,0,1,30000,0,201,2024,11,1,18,37,22,6,3,16,46,3,1,2,7,7,0,0,0,0,3,9,1,70,5,3,1,55,55,3,61,31,0,1,0,1,0,11,0,1,0,10,0,4,0,2,0,2,0,4,2,35.663905,139.33613694444446,6,3,9999,0,9,0
1,30,883,471,2,0,1,200,450,201,2024,11,8,19,0,22,6,10,16,39,1,1,1,1,1,9,22,0,0,18,9,30,70,4,2,1,45,65,3,61,31,0,1,0,1,0,11,0,4,0,10,0,3,0,2,0,2,0,4,2,35.65989638888889,139.33698472222224,6,3,9999,0,1,0
1,30,883,474,2,0,1,30000,0,201,2024,11,11,6,0,23,6,13,16,37,3,2,2,1,7,1,21,0,0,15,9,30,70,4,3,1,55,45,3,61,31,0,1,0,1,0,11,0,2,0,10,0,3,0,2,0,2,0,4,2,35.65819944444444,139.31431444444445,2,3,9999,0,1,0
1,30,883,476,2,0,1,30000,0,201,2024,11,12,16,50,21,6,14,16,36,1,2,1,7,7,0,0,0,0,2,9,1,70,5,3,1,55,55,3,61,31,0,1,0,1,0,11,0,10,0,40,0,3,0,2,0,2,0,4,2,35.65336111111111,139.3321552777778,3,3,9999,0,9,0
1,30,883,477,2,0,1,30000,0,201,2024,11,15,18,38,22,6,17,16,34,1,2,1,14,7,0,0,0,0,1,9,1,70,5,3,1,1,25,14,61,1,0,11,0,1,0,11,0,2,0,30,0,3,0,2,0,2,0,4,2,35.65336611111111,139.33774472222223,6,3,9999,0,1,0
1,30,883,494,2,0,1,30000,0,201,2024,10,11,20,10,22,5,44,17,11,1,2,1,1,2,9,22,0,0,11,9,30,70,4,3,1,45,1,4,61,31,0,1,0,1,0,11,0,3,0,80,0,2,0,2,0,2,0,4,2,35.69662083333333,139.32652666666667,6,3,9999,0,1,0
1,30,883,498,2,0,1,30000,0,201,2024,11,30,12,3,12,6,31,16,28,1,1,1,1,7,1,21,0,0,11,9,30,70,5,2,1,45,45,14,61,1,0,11,0,1,0,11,0,2,0,10,0,3,0,2,0,2,0,4,2,35.65702722222222,139.31188250000002,7,3,9999,0,1,0
1,30,884,704,2,0,1,10490,0,209,2024,11,7,13,50,12,6,9,16,40,1,1,1,1,1,9,22,0,0,15,9,30,70,5,2,1,75,65,3,61,31,0,1,0,1,0,11,0,3,0,10,0,3,0,2,0,2,0,4,2,35.51730333333333,139.47292277777777,5,3,729,0,9,0
1,30,884,712,2,0,1,10490,0,209,2024,11,11,6,7,23,6,13,16,37,3,1,2,1,7,1,21,0,0,11,9,30,70,5,3,1,65,75,3,61,1,0,1,0,1,0,11,0,3,0,10,0,3,0,2,0,2,0,4,2,35.548608333333334,139.4544861111111,2,3,9999,0,9,0
1,30,884,714,2,0,1,30000,0,209,2024,11,11,10,17,12,6,13,16,37,2,1,1,14,7,0,0,0,0,3,9,1,70,4,2,1,25,75,51,61,41,0,0,0,0,0,0,0,0,0,10,0,3,0,0,0,0,0,4,2,35.545518055555554,139.44563305555556,2,3,0,0,0,0
1,30,884,723,2,0,1,30000,0,209,2024,11,13,8,10,12,6,15,16,36,1,2,1,1,2,1,21,0,0,14,9,30,70,4,2,1,25,1,3,61,31,0,1,0,1,0,11,0,2,0,10,0,3,0,2,0,2,0,4,2,35.590115000000004,139.45611472222222,4,3,9999,0,1,0
1,30,884,729,2,0,2,99000,0,209,2024,11,14,17,20,21,6,16,16,35,2,1,1,0,7,0,0,0,0,0,0,20,70,0,2,1,1,1,51,61,41,0,0,0,0,0,0,0,0,0,10,0,3,0,0,0,0,0,4,2,35.54284,139.44484027777779,5,3,0,0,0,0
1,30,884,735,2,0,1,30000,0,209,2024,11,17,11,30,12,6,19,16,33,1,1,1,14,1,0,0,0,0,1,9,1,70,5,2,1,45,65,51,61,41,0,0,0,0,0,0,0,0,0,10,0,3,0,0,0,0,0,4,2,35.535377499999996,139.46256666666665,1,3,0,0,0,0
1,30,884,739,2,0,1,30000,0,209,2024,11,21,13,35,12,6,23,16,31,1,2,1,1,7,9,22,0,0,15,9,30,70,5,3,1,1,55,36,61,31,0,0,0,0,0,11,0,2,0,10,0,3,0,0,0,0,0,4,2,35.55135694444444,139.4481377777778,5,3,9999,0,5,0
1,30,884,757,2,0,1,30000,0,209,2024,11,28,15,30,13,6,29,16,28,1,1,1,1,1,9,22,0,0,14,9,30,70,4,2,1,25,75,3,61,31,0,1,0,1,0,11,0,3,0,10,0,3,0,2,0,2,0,4,2,35.57389944444445,139.46716111111112,5,3,9999,0,1,0
1,30,884,762,2,0,1,30000,0,209,2024,11,22,5,54,23,6,24,16,30,1,1,1,1,1,9,22,0,0,15,9,30,70,4,2,1,55,55,3,61,1,0,1,0,1,0,11,0,3,0,0,0,4,0,2,0,2,0,4,2,35.580178611111116,139.4556361111111,6,2,9999,0,9,0
1,30,884,766,2,0,1,30000,0,209,2024,11,19,17,45,22,6,21,16,32,1,1,1,1,1,9,22,0,0,15,9,30,70,4,2,1,35,35,3,61,31,0,1,0,1,0,11,0,2,0,10,0,3,0,2,0,2,0,4,2,35.53998083333333,139.46196027777776,3,3,9999,0,1,0
1,30,884,769,2,0,1,30000,0,209,2024,11,30,22,1,22,6,31,16,28,1,1,1,14,7,0,0,0,0,2,9,1,70,5,4,1,65,25,36,61,31,0,0,0,0,0,11,0,10,0,10,0,3,0,0,0,0,0,4,2,35.54291055555555,139.44339055555557,7,3,9999,0,9,0
1,30,884,770,2,0,1,99000,0,209,2024,11,30,16,42,21,6,31,16,28,1,1,1,0,7,0,0,0,0,0,0,20,70,0,4,1,45,45,3,61,31,0,1,0,1,0,11,0,10,0,30,0,3,0,2,0,2,0,4,2,35.578023333333334,139.4112966666667,7,3,9999,0,9,0