資料区分,都道府県コード,警察署等コード,本票番号,事故内容,死者数,負傷者数,路線コード,地点コード,市区町村コード,発生日時　　年,発生日時　　月,発生日時　　日,発生日時　　時,発生日時　　分,昼夜,日の出時刻　　時,日の出時刻　　分,日の入り時刻　　時,日の入り時刻　　分,天候,地形,路面状態,道路形状,信号機,一時停止規制　標識（当事者A）,一時停止規制　表示（当事者A）,一時停止規制　標識（当事者B）,一時停止規制　表示（当事者B）,車道幅員,道路線形,衝突地点,ゾーン規制,中央分離帯施設等,歩車道区分,事故類型,年齢（当事者A）,年齢（当事者B）,当事者種別（当事者A）,当事者種別（当事者B）,用途別（当事者A）,用途別（当事者B）,車両形状等（当事者A）,車両形状等（当事者B）,オートマチック車（当事者A）,オートマチック車（当事者B）,サポカー（当事者A）,サポカー（当事者B）,速度規制（指定のみ）（当事者A）,速度規制（指定のみ）（当事者B）,車両の衝突部位（当事者A）,車両の衝突部位（当事者B）,車両の損壊程度（当事者A）,車両の損壊程度（当事者B）,エアバッグの装備（当事者A）,エアバッグの装備（当事者B）,サイドエアバッグの装備（当事者A）,サイドエアバッグの装備（当事者B）,人身損傷程度（当事者A）,人身損傷程度（当事者B）,lat,lon,曜日(発生年月日),祝日(発生年月日),認知機能検査経過日数（当事者A）,認知機能検査経過日数（当事者B）,運転練習の方法（当事者A）,運転練習の方法（当事者B）
1,30,885,238,2,0,1,30000,0,212,2024,11,10,15,0,12,6,12,16,38,2,1,1,1,1,9,22,0,0,18,9,30,70,5,1,1,35,25,4,61,31,0,1,0,1,0,11,0,3,0,20,0,3,0,2,0,2,0,4,2,35.679784999999995,139.37804722222222,1,3,9999,0,1,0
1,30,885,240,2,0,1,10510,0,212,2024,11,12,8,20,12,6,14,16,36,1,1,1,1,1,9,22,0,0,15,9,30,70,5,2,1,35,45,4,61,31,0,1,0,1,0,11,0,3,0,10,0,3,0,2,0,2,0,4,2,35.659010277777774,139.41662055555557,3,3,9999,0,1,0
1,30,885,243,2,0,1,30000,0,212,2024,11,18,16,40,21,6,20,16,32,2,1,1,1,1,9,22,0,0,19,9,30,70,4,2,1,45,65,3,61,31,0,1,0,1,0,11,0,3,0,10,0,3,0,2,0,2,0,4,2,35.68282277777777,139.3946447222222,2,3,9999,0,5,0
1,30,885,247,2,0,1,30000,0,212,2024,11,28,17,10,21,6,29,16,28,1,2,1,1,1,9,22,0,0,14,9,30,70,4,2,1,55,65,3,61,1,0,1,0,1,0,11,0,3,0,10,0,4,0,2,0,2,0,4,2,35.683008055555554,139.39306833333333,5,3,9999,0,9,0
1,30,885,249,2,0,1,30000,0,212,2024,11,30,17,6,21,6,31,16,28,1,2,1,14,7,0,0,0,0,4,9,1,70,4,2,1,65,75,3,61,31,0,1,0,1,0,11,0,3,0,10,0,3,0,2,0,2,0,4,2,35.68328472222222,139.3921375,7,3,9999,0,9,0
1,30,886,307,2,0,1,30000,0,207,2024,11,2,18,23,22,6,4,16,45,3,1,2,1,1,9,22,0,0,15,9,30,70,4,2,1,65,55,4,61,31,0,1,0,1,0,11,0,3,0,10,0,3,0,2,0,2,0,4,2,35.714818333333334,139.36126388888889,7,2,9999,0,9,0
1,30,886,309,2,0,1,30000,0,207,2024,11,6,9,47,12,6,8,16,41,2,1,1,14,7,0,0,0,0,2,9,1,70,5,3,1,35,75,3,61,31,0,1,0,1,0,11,0,2,0,40,0,3,0,2,0,2,0,4,2,35.703741944444445,139.39196833333332,4,3,9999,0,5,0
1,30,886,315,2,0,1,30810,0,207,2024,11,12,12,51,12,6,14,16,36,1,1,1,1,1,9,22,0,0,14,9,30,70,4,2,1,65,75,3,61,31,0,1,0,1,0,11,0,1,0,20,0,4,0,2,0,2,0,4,2,35.70874111111112,139.3708961111111,3,3,9999,0,9,0
1,30,887,591,1,1,0,30000,0,202,2024,11,23,17,55,22,6,25,16,30,1,1,1,1,1,9,22,0,0,15,9,30,70,5,2,1,55,75,4,61,31,0,1,0,1,0,11,0,3,0,10,0,3,0,2,0,2,0,4,1,35.722323333333335,139.4427552777778,7,1,9999,0,9,0
1,30,887,605,2,0,1,30000,0,202,2024,11,7,17,10,21,6,9,16,40,1,1,1,1,1,1,21,0,0,14,9,30,70,4,2,1,35,1,3,61,31,0,1,0,1,0,11,0,5,0,80,0,3,0,2,0,2,0,4,2,35.69707444444444,139.40466833333335,5,3,9999,0,9,0
1,30,887,607,2,0,1,30000,0,215,2024,11,8,11,30,12,6,10,16,39,1,2,1,14,7,0,0,0,0,3,9,1,70,5,2,1,65,55,12,61,31,0,11,0,1,0,11,0,5,0,10,0,3,0,2,0,2,0,4,2,35.67205777777777,139.43910055555557,6,3,9999,0,9,0
1,30,887,609,2,0,1,30000,0,202,2024,10,10,4,35,22,5,43,17,12,1,1,1,1,1,9,22,0,0,15,9,30,70,5,2,1,55,45,4,61,31,0,1,0,1,0,11,0,3,0,80,0,3,0,2,0,2,0,4,2,35.73276027777778,139.37553305555556,5,3,9999,0,9,0
1,30,887,614,2,0,1,30000,0,202,2024,11,13,7,35,12,6,15,16,36,1,1,1,14,7,0,0,0,0,3,9,1,70,4,2,1,25,45,51,61,41,0,0,0,0,0,0,0,0,0,10,0,3,0,0,0,0,0,4,2,35.7012875,139.41608611111113,4,3,0,0,0,0
1,30,887,615,2,0,1,30000,0,202,2024,11,14,13,40,12,6,16,16,35,2,1,1,1,7,1,21,0,0,14,9,30,70,4,2,1,75,35,3,61,31,0,1,0,1,0,11,0,2,0,80,0,3,0,2,0,2,0,4,2,35.71208222222222,139.42407,5,3,35,0,9,0
1,30,887,617,2,0,1,30000,0,202,2024,11,16,15,50,13,6,18,16,34,2,2,1,14,7,0,0,0,0,1,9,1,70,5,2,1,65,75,51,61,41,0,0,0,0,0,0,0,0,0,10,0,4,0,0,0,0,0,4,2,35.6913025,139.38614277777776,7,3,0,0,0,0
1,30,887,618,2,0,1,30000,0,215,2024,11,16,18,20,22,6,18,16,34,2,1,2,1,7,9,22,0,0,15,9,30,70,4,2,1,1,55,51,61,41,0,0,0,0,0,0,0,0,0,10,0,4,0,0,0,0,0,4,2,35.70016527777778,139.44653166666666,7,3,0,0,0,0
1,30,887,631,2,0,1,30000,0,202,2024,11,23,17,5,21,6,25,16,30,1,1,1,1,7,9,22,0,0,14,9,30,70,5,2,1,55,75,34,61,31,0,0,0,0,0,11,0,3,0,12,0,3,0,0,0,0,0,4,2,35.71906722222222,139.43670111111112,7,1,9999,0,1,0
1,30,888,224,2,0,1,30000,0,206,2024,11,2,18,53,22,6,4,16,45,3,1,2,1,1,9,22,0,0,14,9,30,70,4,2,1,55,35,3,61,1,0,1,0,1,0,11,0,2,0,20,0,4,0,2,0,2,0,4,2,35.677906944444445,139.51318194444445,7,2,9999,0,9,0
1,30,888,225,2,0,1,10660,0,206,2024,11,4,15,34,12,6,6,16,43,1,1,1,1,1,9,22,0,0,15,9,30,70,5,2,1,75,55,31,61,31,0,0,0,0,0,11,0,3,0,10,0,3,0,0,0,0,0,4,2,35.66446833333333,139.4959072222222,2,1,242,0,9,0
1,30,888,228,2,0,1,30000,0,206,2024,11,7,13,10,12,6,9,16,40,1,1,1,7,7,0,0,0,0,4,9,1,70,5,2,1,35,65,3,61,31,0,1,0,1,0,11,0,2,0,10,0,3,0,2,0,2,0,4,2,35.6588925,139.46595083333332,5,3,9999,0,9,0
1,30,888,231,2,0,1,30000,0,206,2024,10,27,20,13,22,5,58,16,51,2,1,1,14,7,0,0,0,0,2,9,1,70,5,1,1,75,25,51,61,41,0,0,0,0,0,0,0,0,0,10,0,4,0,0,0,0,0,4,2,35.68875583333333,139.45570166666664,1,3,0,0,0,0
1,30,888,237,2,0,1,10500,0,206,2024,11,15,15,58,13,6,17,16,34,1,1,1,14,7,0,0,0,0,3,9,1,70,4,2,1,45,1,3,61,31,0,1,0,1,0,11,0,3,0,10,0,3,0,2,0,2,0,4,2,35.686657222222216,139.47007611111113,6,3,9999,0,9,0
1,30,888,238,2,0,1,10680,0,206,2024,11,18,7,35,12,6,20,16,32,3,1,1,14,7,0,0,0,0,1,9,1,70,5,2,1,55,35,51,61,41,0,0,0,0,0,0,0,0,0,10,0,4,0,0,0,0,0,4,2,35.680636944444444,139.45926138888888,2,3,0,0,0,0
1,30,889,268,2,0,1,30000,0,214,2024,11,1,15,0,12,6,3,16,46,2,1,1,1,7,9,22,0,0,14,9,30,70,5,2,1,65,1,3,61,31,0,1,0,1,0,11,0,2,0,50,0,3,0,2,0,2,0,4,2,35.70667388888889,139.43920833333334,6,3,9999,0,9,0
1,30,889,272,2,0,1,10750,0,210,2024,11,5,15,15,12,6,7,16,42,1,1,1,14,1,0,0,0,0,3,9,1,70,1,1,1,75,1,3,61,31,0,1,0,1,0,11,0,4,0,10,0,3,0,2,0,2,0,4,2,35.68939111111111,139.50266472222222,3,3,355,0,9,0
1,30,889,288,2,0,1,30000,0,214,2024,11,12,8,50,12,6,14,16,36,1,1,1,14,7,0,0,0,0,1,9,1,70,5,3,1,25,35,13,61,31,0,11,0,1,0,11,0,1,0,20,0,3,0,2,0,2,0,4,2,35.70489361111112,139.44760277777777,3,3,9999,0,1,0
1,30,889,289,2,0,1,30000,0,214,2024,11,5,19,40,22,6,7,16,42,1,1,1,1,7,9,22,0,0,15,9,30,70,4,1,1,45,35,34,61,31,0,0,0,0,0,11,0,2,0,10,0,3,0,0,0,0,0,4,2,35.70233888888889,139.47729944444444,3,3,9999,0,5,0
1,30,889,293,2,0,1,30000,0,210,2024,11,6,18,55,22,6,8,16,41,1,1,1,1,7,9,22,0,0,11,9,30,70,5,3,1,55,35,3,61,31,0,1,0,1,0,11,0,1,0,80,0,3,0,2,0,2,0,4,2,35.69618388888888,139.49432527777776,4,3,9999,0,9,0
1,30,889,298,2,0,1,30000,0,214,2024,11,28,17,15,21,6,29,16,28,1,1,1,1,7,9,22,0,0,11,9,30,70,4,2,1,45,45,4,61,31,0,1,0,1,0,11,0,2,0,10,0,4,0,2,0,2,0,4,2,35.7071825,139.4442611111111,5,3,9999,0,9,0
1,30,890,344,2,0,1,30000,0,229,2024,7,26,9,35,12,4,44,18,50,1,1,1,14,7,0,0,0,0,2,9,1,70,5,4,1,25,1,14,61,1,0,11,0,1,0,11,0,10,0,10,0,3,0,2,0,2,0,4,2,35.739558611111114,139.54814805555554,6,3,9999,0,1,0
1,30,890,346,2,0,1,99000,0,222,2024,9,4,17,56,13,5,15,18,4,1,1,1,0,7,0,0,0,0,0,0,20,70,0,4,1,65,75,13,61,31,0,11,0,1,0,11,0,10,0,30,0,3,0,2,0,2,0,4,2,35.75841361111111,139.50256666666667,4,3,9999,0,9,0
1,30,890,358,2,0,1,10260,0,229,2024,11,16,10,14,12,6,18,16,34,1,1,1,1,1,9,22,0,0,18,9,30,70,1,2,1,35,45,13,61,31,0,11,0,1,0,11,0,2,0,10,0,3,0,2,0,2,0,4,2,35.71120166666667,139.53663555555556,7,3,9999,0,9,0
1,30,890,364,2,0,1,30000,0,222,2024,11,24,13,30,12,6,26,16,30,1,1,1,14,7,0,0,0,0,3,9,1,70,5,3,1,65,1,3,61,31,0,1,0,1,0,11,0,1,0,10,0,3,0,2,0,2,0,4,2,35.76159722222222,139.53342666666666,1,3,9999,0,9,0
1,30,890,365,2,0,1,30000,0,229,2024,11,25,5,18,22,6,26,16,29,1,1,1,14,7,0,0,0,0,3,9,1,70,5,4,1,25,45,35,61,31,0,0,0,0,0,11,0,10,0,10,0,4,0,0,0,0,0,4,2,35.75308166666667,139.55782694444446,2,3,9999,0,5,0
1,30,890,369,2,0,1,10600,0,229,2024,11,27,0,55,22,6,28,16,29,3,1,2,14,7,0,0,0,0,2,9,1,70,4,1,1,65,1,17,61,1,0,11,0,1,0,11,0,3,0,10,0,3,0,2,0,2,0,4,2,35.722540555555554,139.54220944444444,4,3,9999,0,9,0
1,30,891,462,2,0,1,30000,0,213,2024,10,31,17,10,21,6,2,16,47,1,1,1,14,7,0,0,0,0,3,9,1,70,5,2,1,45,65,35,61,31,0,0,0,0,0,11,0,2,0,10,0,2,0,0,0,0,0,4,2,35.765298888888886,139.46656,5,3,9999,0,1,0
1,30,891,464,2,0,1,30000,0,213,2024,11,1,15,40,12,6,3,16,46,2,1,1,14,7,0,0,0,0,2,9,1,70,5,3,1,1,75,51,61,41,0,0,0,0,0,0,0,0,0,10,0,3,0,0,0,0,0,4,2,35.75224277777778,139.46871083333335,6,3,0,0,0,0
1,30,891,470,2,0,1,10500,0,213,2024,11,2,10,50,12,6,4,16,45,3,1,1,14,7,0,0,0,0,3,9,1,70,4,2,1,25,75,51,61,41,0,0,0,0,0,0,0,0,0,10,0,3,0,0,0,0,0,4,2,35.75533444444444,139.46692777777778,7,2,0,0,0,0
1,30,891,471,2,0,1,30000,0,213,2024,11,6,15,20,12,6,8,16,41,1,1,1,1,1,9,22,0,0,15,9,30,70,4,2,1,35,55,3,61,31,0,1,0,1,0,11,0,3,0,10,0,4,0,2,0,2,0,4,2,35.767145,139.4852283333333,4,3,9999,0,1,0
1,30,891,474,2,0,1,30000,0,213,2024,11,9,10,50,12,6,11,16,39,1,1,1,1,7,9,22,0,0,11,9,30,70,5,2,1,1,75,3,61,31,0,1,0,1,0,11,0,10,0,60,0,4,0,2,0,2,0,4,2,35.7480075,139.48049166666667,7,3,9999,0,1,0
1,30,891,475,2,0,1,20000,0,213,2024,11,9,11,45,12,6,11,16,39,1,1,1,7,7,0,0,0,0,3,9,1,70,5,3,1,55,45,3,61,31,0,1,0,1,0,11,0,2,0,80,0,4,0,2,0,2,0,4,2,35.77840583333333,139.49443694444443,7,3,9999,0,9,0
1,30,891,482,2,0,1,30000,0,213,2024,11,13,10,25,12,6,15,16,36,1,1,1,1,1,9,21,0,0,15,9,30,70,4,1,1,65,55,3,61,31,0,1,0,1,0,11,0,10,0,10,0,3,0,2,0,2,0,4,2,35.75523472222222,139.47001472222223,4,3,9999,0,9,0
1,30,891,486,2,0,1,30000,0,221,2024,11,15,17,0,21,6,17,16,34,1,1,1,1,7,9,22,0,0,14,9,30,70,5,3,1,55,1,14,61,1,0,11,0,1,0,11,0,2,0,80,0,4,0,2,0,2,0,4,2,35.78708361111111,139.5301613888889,6,3,9999,0,1,0
1,30,891,487,2,0,1,30000,0,221,2024,11,15,18,35,22,6,17,16,34,1,1,1,1,1,4,22,0,0,15,9,30,70,4,2,1,55,35,4,61,31,0,1,0,1,0,11,0,3,0,80,0,3,0,2,0,2,0,4,2,35.79333333333333,139.53682166666667,6,3,9999,0,1,0
1,30,891,492,2,0,1,20000,0,221,2024,11,18,6,40,11,6,20,16,32,2,1,2,14,7,0,0,0,0,4,8,1,70,4,2,1,1,65,51,61,41,0,0,0,0,0,0,0,0,0,10,0,3,0,0,0,0,0,4,2,35.778213055555554,139.52938972222225,2,3,0,0,0,0
1,30,891,495,2,0,1,30000,0,213,2024,11,21,4,45,22,6,23,16,31,3,1,2,1,7,9,22,0,0,11,9,30,70,4,3,1,55,35,3,61,31,0,1,0,1,0,11,0,2,0,10,0,3,0,2,0,2,0,4,2,35.76818083333333,139.47263361111112,5,3,9999,0,5,0
1,30,891,498,2,0,1,30000,0,213,2024,11,10,5,40,23,6,12,16,38,2,1,1,1,7,9,22,0,0,11,9,30,70,5,2,1,35,65,3,61,31,0,1,0,2,0,11,0,1,0,50,0,3,0,2,0,2,0,4,2,35.766129722222225,139.48779,1,3,9999,0,1,0
1,30,891,499,2,0,1,30000,0,221,2024,9,24,16,45,13,5,30,17,35,1,1,1,14,7,0,0,0,0,1,9,1,70,5,1,1,45,55,3,61,31,0,1,0,1,0,11,0,2,0,10,0,3,0,2,0,2,0,4,2,35.77281972222222,139.52191083333335,3,3,9999,0,5,0
1,30,891,500,2,0,1,30000,0,213,2024,11,21,13,0,12,6,23,16,31,1,1,1,14,7,0,0,0,0,2,9,1,70,4,3,1,35,65,13,61,31,0,11,0,1,0,11,0,2,0,40,0,4,0,2,0,2,0,4,2,35.74854833333333,139.47451,5,3,9999,0,1,0
1,30,891,509,2,0,1,10560,0,221,2024,11,18,19,5,22,6,20,16,32,1,1,1,14,7,0,0,0,0,3,9,1,70,4,2,1,35,65,51,61,41,0,0,0,0,0,0,0,0,0,10,0,3,0,0,0,0,0,4,2,35.78503388888889,139.51395833333333,2,3,0,0,0,0
1,30,891,510,2,0,1,20870,0,221,2024,11,27,12,40,12,6,28,16,29,1,1,1,1,1,9,22,0,0,15,9,30,70,5,2,1,45,75,1,61,1,0,1,0,1,0,11,0,3,0,10,0,3,0,2,0,2,0,4,2,35.78471,139.52678916666667,4,3,9999,0,1,0
1,30,891,515,2,0,1,10500,0,213,2024,11,30,11,32,12,6,31,16,28,1,1,1,1,1,9,22,0,0,11,9,30,70,4,1,1,45,25,3,61,31,0,1,0,1,0,11,0,4,0,10,0,3,0,2,0,2,0,4,2,35.76155166666667,139.46725527777778,7,3,9999,0,9,0
1,30,892,334,2,0,1,30000,0,203,2024,11,5,8,20,12,6,7,16,42,2,1,1,1,7,9,22,0,0,14,9,30,1,5,3,1,55,1,3,61,31,0,1,0,1,0,11,0,2,0,20,0,3,0,2,0,2,0,4,2,35.70760611111111,139.58629861111112,3,3,9999,0,9,0
1,30,892,335,2,0,1,20230,0,203,2024,11,5,10,40,12,6,7,16,42,2,1,1,14,7,0,0,0,0,4,9,1,70,5,1,1,75,35,51,61,41,0,0,0,0,0,0,0,0,0,10,0,4,0,0,0,0,0,4,2,35.70277111111111,139.57706583333334,3,3,0,0,0,0
1,30,892,337,2,0,1,30000,0,203,2024,11,6,21,25,22,6,8,16,41,1,1,1,1,1,9,22,0,0,15,9,30,70,4,2,1,45,35,51,61,41,0,0,0,0,0,0,0,0,0,40,0,3,0,0,0,0,0,4,2,35.71425166666667,139.56468472222224,4,3,0,0,0,0
1,30,892,343,2,0,1,30000,0,203,2024,11,8,14,45,12,6,10,16,39,1,1,1,1,7,9,22,0,0,11,9,30,70,5,4,1,75,65,14,61,31,0,11,0,1,0,11,0,5,0,40,0,3,0,2,0,2,0,4,2,35.699416111111105,139.54331222222223,6,3,137,0,9,0
1,30,892,344,2,0,1,30000,0,203,2024,11,15,8,50,12,6,17,16,34,2,1,2,14,7,0,0,0,0,2,9,1,70,5,3,1,55,25,14,61,1,0,11,0,1,0,11,0,5,0,10,0,3,0,2,0,2,0,4,2,35.703495000000004,139.58395777777778,6,3,9999,0,1,0
1,30,892,356,2,0,1,30000,0,203,2024,11,25,9,20,12,6,26,16,29,1,1,1,1,7,1,21,0,0,11,9,30,70,5,3,1,55,55,3,61,31,0,1,0,1,0,11,0,2,0,60,0,4,0,2,0,2,0,4,2,35.70495694444445,139.5766575,2,3,9999,0,9,0
1,30,892,361,2,0,1,20230,0,203,2024,11,25,16,14,13,6,26,16,29,1,1,1,14,7,0,0,0,0,4,9,1,70,4,2,1,45,75,1,61,1,0,1,0,2,0,11,0,3,0,30,0,4,0,2,0,2,0,4,2,35.701993333333334,139.5764247222222,2,3,9999,0,9,0
1,30,893,249,2,0,1,10270,0,204,2024,11,2,18,55,22,6,4,16,45,3,1,2,1,1,9,22,0,0,18,9,30,70,4,2,1,55,35,3,61,31,0,1,0,1,0,11,0,3,0,10,0,3,0,2,0,2,0,4,2,35.68279555555555,139.5681225,7,2,9999,0,9,0
1,30,893,251,2,0,1,30000,0,204,2024,11,6,8,35,12,6,8,16,41,2,1,1,14,7,0,0,0,0,3,9,1,70,5,2,1,45,55,52,61,41,0,0,0,0,0,0,0,0,0,10,0,4,0,0,0,0,0,4,2,35.696706388888884,139.5612211111111,4,3,0,0,0,0
1,30,893,254,2,0,1,10750,0,204,2024,11,7,16,40,21,6,9,16,40,1,1,2,14,7,0,0,0,0,3,9,1,70,1,2,1,75,75,51,61,41,0,0,0,0,0,0,0,0,0,10,0,3,0,0,0,0,0,4,2,35.68570138888889,139.59136194444446,5,3,0,0,0,0
1,30,893,269,2,0,1,30000,0,204,2024,11,14,11,28,12,6,16,16,35,2,1,1,14,7,0,0,0,0,1,9,1,70,5,4,1,75,55,3,61,31,0,1,0,1,0,11,0,10,0,40,0,3,0,2,0,2,0,4,2,35.696011111111105,139.56736083333334,5,3,92,0,9,0
1,30,893,272,2,0,1,30000,0,204,2024,7,11,8,20,12,4,34,18,59,2,1,1,14,7,0,0,0,0,2,9,1,70,5,3,1,55,65,3,61,31,0,1,0,1,0,11,0,5,0,20,0,3,0,2,0,2,0,4,2,35.702398333333335,139.5602113888889,5,3,9999,0,9,0
1,30,893,274,2,0,1,20230,0,204,2024,11,22,9,50,12,6,24,16,30,1,1,1,1,1,9,22,0,0,11,9,30,70,5,2,1,1,75,51,61,41,0,0,0,0,0,0,0,0,0,10,0,4,0,0,0,0,0,4,2,35.69909444444444,139.57029666666665,6,2,0,0,0,0
1,30,893,278,2,0,1,30000,0,204,2024,11,28,9,50,12,6,29,16,28,1,1,1,1,1,9,22,0,0,15,9,30,70,5,3,1,75,1,3,61,31,0,1,0,1,0,11,0,5,0,20,0,4,0,2,0,2,0,4,2,35.69271694444444,139.58902555555557,5,3,481,0,9,0
1,30,894,512,2,0,1,200,242,208,2024,11,13,16,35,13,6,15,16,36,1,1,1,1,1,9,22,0,0,18,9,30,70,5,2,1,45,55,3,61,31,0,1,0,1,0,11,0,3,0,10,0,4,0,2,0,2,0,4,2,35.655918888888884,139.5420922222222,4,3,9999,0,9,0
1,30,894,514,2,0,1,30000,0,208,2024,11,14,16,53,21,6,16,16,35,1,1,1,1,7,9,22,0,0,11,9,30,70,5,3,1,45,65,14,61,31,0,11,0,1,0,11,0,2,0,10,0,4,0,2,0,2,0,4,2,35.6521775,139.59182722222224,5,3,9999,0,5,0
1,30,894,522,2,0,1,30000,0,208,2024,11,19,15,20,12,6,21,16,32,1,1,1,1,7,9,22,0,0,17,9,30,70,4,2,1,75,1,3,61,31,0,1,0,1,0,11,0,2,0,80,0,3,0,2,0,2,0,4,2,35.653147499999996,139.55285750000002,3,3,153,0,9,0
1,30,894,523,2,0,1,30840,0,208,2024,11,21,8,20,12,6,23,16,31,3,1,2,1,1,9,22,0,0,15,9,30,70,4,2,1,65,35,3,61,31,0,1,0,1,0,11,0,3,0,10,0,4,0,2,0,2,0,4,2,35.64933583333333,139.56497972222223,5,3,9999,0,9,0
1,30,894,524,2,0,1,30000,0,208,2024,7,26,2,45,22,4,44,18,50,1,1,2,7,7,0,0,0,0,2,9,1,70,5,4,1,45,55,3,61,31,0,1,0,1,0,11,0,10,0,10,0,4,0,2,0,2,0,4,2,35.66925638888889,139.58583388888889,6,3,9999,0,1,0
1,30,894,525,2,0,1,30000,0,208,2024,11,13,19,20,22,6,15,16,36,1,1,1,1,7,9,22,0,0,14,9,30,70,4,2,1,25,45,3,61,31,0,1,0,1,0,11,0,3,0,30,0,4,0,2,0,2,0,4,2,35.65187916666667,139.54828,4,3,9999,0,1,0
1,30,894,537,2,0,1,30000,0,208,2024,11,28,15,20,12,6,29,16,28,1,1,1,14,7,0,0,0,0,2,8,1,70,5,2,1,65,75,51,61,41,0,0,0,0,0,0,0,0,0,10,0,4,0,0,0,0,0,4,2,35.65517555555555,139.5744222222222,5,3,0,0,0,0
1,30,894,540,2,0,1,20900,0,208,2024,11,5,17,5,21,6,7,16,42,1,1,1,14,7,0,0,0,0,3,9,1,70,4,2,1,75,75,3,61,31,0,1,0,1,0,11,0,2,0,40,0,4,0,2,0,2,0,4,2,35.659151944444446,139.55190194444447,3,3,447,0,9,0
1,30,895,120,2,0,1,10260,0,211,2024,11,1,17,10,21,6,3,16,46,2,1,1,1,7,9,22,0,0,15,9,30,70,5,2,1,75,75,3,61,31,0,1,0,1,0,11,0,3,0,10,0,3,0,2,0,2,0,4,2,35.71765194444445,139.47049361111112,6,3,857,0,9,0
1,30,895,122,2,0,1,30000,0,211,2024,11,7,9,55,12,6,9,16,40,1,1,1,14,7,0,0,0,0,3,9,1,70,4,2,1,45,1,3,61,31,0,1,0,1,0,11,0,2,0,10,0,3,0,2,0,2,0,4,2,35.72900638888889,139.47028055555555,5,3,9999,0,1,0
1,30,895,127,2,0,1,30000,0,211,2024,11,15,18,30,22,6,17,16,34,1,1,1,14,7,0,0,0,0,2,9,1,70,5,3,1,65,35,4,61,31,0,1,0,1,0,11,0,2,0,40,0,3,0,2,0,2,0,4,2,35.73248138888889,139.48893027777777,6,3,9999,0,9,0
1,30,895,133,2,0,1,30000,0,211,2024,11,14,16,55,21,6,16,16,35,1,1,1,1,7,9,21,0,0,14,9,30,70,4,2,1,65,35,13,61,31,0,11,0,1,0,11,0,1,0,10,0,3,0,2,0,2,0,4,2,35.719638611111115,139.4800263888889,5,3,9999,0,9,0
1,30,100,172,2,0,1,30000,0,101,2024,11,26,11,2,12,6,27,16,29,1,1,1,14,7,0,0,0,0,3,9,1,1,4,2,1,55,65,35,61,31,0,0,0,0,0,11,0,2,0,0,0,3,0,0,0,0,0,4,2,35.68877888888888,139.74424472222222,3,3,9999,0,9,0
1,30,100,174,2,0,1,10110,0,101,2024,12,9,8,45,12,6,39,16,28,1,1,1,1,1,9,22,0,0,18,9,30,70,1,2,1,65,45,3,61,1,0,1,0,1,0,11,0,10,0,50,0,3,0,2,0,2,0,4,2,35.689015,139.7454125,2,3,9999,0,9,0
1,30,100,175,2,0,1,200,45,101,2024,12,18,20,15,22,6,45,16,30,1,1,1,1,1,9,22,0,0,17,9,30,70,5,1,1,65,45,3,61,1,0,1,0,1,0,11,0,2,0,10,0,3,0,2,0,2,0,4,2,35.68412333333333,139.7428672222222,4,3,9999,0,5,0
1,30,101,120,2,0,1,20040,0,101,2024,10,26,17,10,21,5,57,16,52,1,1,1,14,7,0,0,0,0,5,9,1,70,4,2,1,35,55,52,61,41,0,0,0,0,0,0,0,0,0,10,0,4,0,0,0,0,0,4,2,35.68420805555555,139.76540777777777,7,3,0,0,0,0
1,30,102,124,2,0,1,30000,0,101,2024,12,6,11,48,12,6,36,16,28,1,1,1,14,7,0,0,0,0,3,9,1,1,5,2,1,1,75,36,61,31,0,0,0,0,0,11,0,10,0,10,0,3,0,0,0,0,0,4,2,35.69456694444444,139.76904972222223,6,3,0,0,0,0
1,30,102,129,2,0,1,10050,0,101,2024,12,21,10,25,12,6,47,16,32,1,1,1,14,7,0,0,0,0,4,9,1,70,1,1,1,55,35,3,61,1,0,1,0,1,0,11,0,10,0,40,0,3,0,2,0,2,0,4,2,35.69600194444444,139.76084944444443,7,3,9999,0,9,0
1,30,102,131,2,0,1,30000,0,101,2024,12,23,12,10,12,6,48,16,33,1,1,1,1,7,9,22,0,0,11,9,30,70,5,1,1,75,65,3,61,31,0,1,0,1,0,11,0,2,0,10,0,4,0,2,0,2,0,4,2,35.697201666666665,139.76642083333334,2,3,433,0,9,0
1,30,102,133,2,0,1,99000,0,101,2024,11,25,10,0,12,6,26,16,29,1,1,1,0,7,0,0,0,0,0,0,20,1,0,2,1,45,1,59,61,0,0,0,0,0,0,0,0,0,0,0,0,4,0,0,0,0,0,4,2,35.69315861111111,139.763665,2,3,0,0,0,0
1,30,103,119,2,0,1,30000,0,101,2024,12,3,12,25,12,6,34,16,28,1,1,1,7,7,0,0,0,0,5,9,1,70,5,2,1,45,35,51,61,41,0,0,0,0,0,0,0,0,0,10,0,4,0,0,0,0,0,4,2,35.69352416666666,139.77273805555558,3,3,0,0,0,0
1,30,103,120,2,0,1,20070,0,101,2024,12,5,18,30,22,6,36,16,28,1,1,1,7,1,0,0,0,0,5,9,1,70,4,2,1,75,65,3,61,1,0,1,0,1,0,11,0,4,0,40,0,3,0,2,0,2,0,4,2,35.693327222222216,139.77112944444445,5,3,174,0,9,0