資料区分,都道府県コード,警察署等コード,本票番号,事故内容,死者数,負傷者数,路線コード,地点コード,市区町村コード,発生日時　　年,発生日時　　月,発生日時　　日,発生日時　　時,発生日時　　分,昼夜,日の出時刻　　時,日の出時刻　　分,日の入り時刻　　時,日の入り時刻　　分,天候,地形,路面状態,道路形状,信号機,一時停止規制　標識（当事者A）,一時停止規制　表示（当事者A）,一時停止規制　標識（当事者B）,一時停止規制　表示（当事者B）,車道幅員,道路線形,衝突地点,ゾーン規制,中央分離帯施設等,歩車道区分,事故類型,年齢（当事者A）,年齢（当事者B）,当事者種別（当事者A）,当事者種別（当事者B）,用途別（当事者A）,用途別（当事者B）,車両形状等（当事者A）,車両形状等（当事者B）,オートマチック車（当事者A）,オートマチック車（当事者B）,サポカー（当事者A）,サポカー（当事者B）,速度規制（指定のみ）（当事者A）,速度規制（指定のみ）（当事者B）,車両の衝突部位（当事者A）,車両の衝突部位（当事者B）,車両の損壊程度（当事者A）,車両の損壊程度（当事者B）,エアバッグの装備（当事者A）,エアバッグの装備（当事者B）,サイドエアバッグの装備（当事者A）,サイドエアバッグの装備（当事者B）,人身損傷程度（当事者A）,人身損傷程度（当事者B）,lat,lon,曜日(発生年月日),祝日(発生年月日),認知機能検査経過日数（当事者A）,認知機能検査経過日数（当事者B）,運転練習の方法（当事者A）,運転練習の方法（当事者B）
1,30,103,125,2,0,1,30000,0,101,2024,12,15,18,35,22,6,43,16,29,1,1,1,14,7,0,0,0,0,3,9,1,70,5,3,1,45,35,51,61,41,0,0,0,0,0,0,0,0,0,10,0,3,0,0,0,0,0,4,4,35.69886416666667,139.77051666666668,1,3,0,0,0,0
1,30,103,131,2,0,1,20540,0,101,2024,12,22,12,50,12,6,47,16,32,1,1,1,1,1,9,22,0,0,18,9,30,70,4,2,1,55,25,3,61,31,0,1,0,1,0,11,0,2,0,50,0,4,0,2,0,2,0,4,2,35.69634388888888,139.78003527777778,1,3,9999,0,9,0
1,30,103,132,2,0,1,30000,0,101,2024,12,23,16,40,21,6,48,16,33,1,1,1,14,7,0,0,0,0,2,9,1,70,5,3,1,35,65,51,61,41,0,0,0,0,0,0,0,0,0,10,0,3,0,0,0,0,0,4,2,35.703695,139.7729113888889,2,3,0,0,0,0
1,30,104,234,2,0,1,30000,0,102,2024,12,10,17,2,21,6,40,16,28,1,1,1,1,7,9,22,0,0,15,9,30,1,5,2,1,75,55,3,61,1,0,1,0,1,0,11,0,2,0,10,0,4,0,2,0,2,0,4,2,35.687013611111105,139.772105,3,3,33,0,9,0
1,30,104,242,2,0,1,10040,0,102,2024,9,9,8,30,12,5,19,17,57,1,1,1,7,7,0,0,0,0,6,9,1,70,4,2,1,1,25,43,61,41,0,31,0,0,0,0,0,10,0,10,0,4,0,0,0,0,0,4,2,35.68000388888888,139.77969305555555,2,3,0,0,0,0
1,30,105,98,2,0,1,30000,0,102,2024,12,16,11,25,12,6,44,16,29,1,1,1,14,7,0,0,0,0,3,9,1,1,5,3,1,1,75,59,61,0,0,0,0,0,0,0,0,0,0,10,0,4,0,0,0,0,0,4,2,35.685333888888884,139.7824263888889,2,3,0,0,0,0
1,30,106,152,2,0,1,30000,0,102,2024,10,8,12,50,12,5,42,17,15,3,1,2,14,7,0,0,0,0,3,9,1,70,5,3,1,75,35,3,61,1,0,1,0,1,0,11,0,2,0,10,0,3,0,2,0,2,0,4,2,35.66703833333333,139.76536638888888,3,3,530,0,9,0
1,30,106,153,2,0,2,30000,0,102,2024,10,31,1,20,22,6,2,16,47,1,1,1,1,7,9,22,0,0,14,7,30,70,5,2,1,25,25,3,61,1,0,1,0,1,0,11,0,2,0,11,0,4,0,2,0,2,0,4,2,35.66997833333333,139.76232861111112,5,3,9999,0,1,0
1,30,106,156,2,0,1,30000,0,102,2024,12,13,19,5,22,6,42,16,29,1,1,1,1,7,9,22,0,0,15,9,30,70,5,2,1,55,35,3,61,1,0,1,0,1,0,11,0,2,0,10,0,4,0,2,0,2,0,4,2,35.668890555555556,139.763905,6,3,9999,0,9,0
1,30,106,157,2,0,1,30000,0,102,2024,12,15,17,0,21,6,43,16,29,1,1,1,1,7,9,22,0,0,15,9,30,70,4,2,1,45,55,51,61,41,0,0,0,0,0,0,0,0,0,10,0,3,0,0,0,0,0,4,2,35.66598444444444,139.77472555555556,1,3,0,0,0,0
1,30,106,160,2,0,1,30000,0,102,2024,12,27,5,55,23,6,49,16,35,1,1,1,1,1,9,22,0,0,18,9,30,70,5,2,1,45,75,12,61,31,0,11,0,1,0,11,0,4,0,50,0,3,0,1,0,1,0,4,2,35.673072777777776,139.76693222222224,6,3,9999,0,1,0
1,30,106,164,2,0,1,20090,0,102,2024,12,21,5,5,22,6,47,16,32,1,1,1,1,1,9,22,0,0,14,9,30,70,4,2,1,55,45,3,61,1,0,1,0,1,0,11,0,5,0,10,0,3,0,2,0,2,0,4,2,35.67328,139.76422583333334,7,3,9999,0,9,0
1,30,107,163,2,0,1,20680,0,102,2024,12,9,15,42,13,6,39,16,28,1,1,1,1,1,0,0,0,0,19,9,30,70,1,1,1,1,0,61,0,0,0,0,0,0,0,0,0,0,0,0,0,0,0,0,0,0,0,2,0,35.65671944444444,139.77350805555557,2,3,0,0,0,0
1,30,107,164,2,0,1,30000,0,102,2024,12,14,7,25,11,6,43,16,29,1,1,1,1,7,9,22,0,0,15,9,30,70,5,2,1,35,45,3,61,31,0,1,0,1,0,11,0,3,0,10,0,3,0,2,0,2,0,4,2,35.65562138888889,139.77944250000002,7,3,9999,0,1,0
1,30,107,166,2,0,1,21180,0,102,2024,12,17,7,55,12,6,44,16,30,1,1,1,7,7,0,0,0,0,6,7,1,70,1,2,1,1,1,51,61,41,0,0,0,0,0,0,0,0,0,10,0,3,0,0,0,0,0,4,2,35.656571388888885,139.77328444444447,3,3,0,0,0,0
1,30,108,215,2,0,1,30000,0,103,2024,12,9,17,55,22,6,39,16,28,1,1,1,1,1,9,22,0,0,19,9,30,70,1,2,1,65,55,3,61,1,0,1,0,1,0,11,0,10,0,10,0,3,0,2,0,2,0,4,2,35.66457111111111,139.7611138888889,2,3,9999,0,9,0
1,30,108,219,2,0,1,30000,0,103,2024,12,14,19,10,22,6,43,16,29,1,1,1,1,7,9,22,0,0,15,9,30,70,4,2,1,55,55,14,61,31,0,11,0,1,0,11,0,2,0,10,0,3,0,2,0,2,0,4,2,35.66017083333333,139.7557275,7,3,9999,0,9,0
1,30,109,173,2,0,1,150,50,103,2024,11,7,15,20,12,6,9,16,40,1,1,1,7,1,0,0,0,0,1,9,1,70,1,1,1,25,75,51,61,41,0,0,0,0,0,0,0,0,0,10,0,3,0,0,0,0,0,4,2,35.647040555555556,139.74715888888886,5,3,0,0,0,0
1,30,109,175,2,0,1,99000,0,103,2024,11,25,17,20,21,6,26,16,29,1,1,1,0,7,0,0,0,0,0,0,20,1,0,4,1,65,45,3,61,31,0,1,0,1,0,11,0,10,0,80,0,4,0,2,0,2,0,4,2,35.653666944444446,139.74415638888888,2,3,9999,0,9,0
1,30,109,181,2,0,1,30000,0,103,2024,12,11,20,20,22,6,40,16,28,1,1,1,14,7,0,0,0,0,4,9,1,70,4,2,1,35,75,3,61,1,0,1,0,1,0,11,0,3,0,10,0,4,0,2,0,2,0,4,2,35.64318361111111,139.7464086111111,4,3,9999,0,1,0
1,30,109,192,2,0,1,30000,0,103,2024,12,21,19,36,22,6,47,16,32,1,1,1,1,7,9,22,0,0,11,3,30,70,5,2,1,65,25,3,61,1,0,1,0,1,0,11,0,2,0,10,0,4,0,2,0,2,0,4,2,35.64631472222222,139.73665027777776,7,3,9999,0,9,0
1,30,110,128,2,0,1,20120,0,103,2024,7,9,17,55,12,4,33,18,59,2,1,1,14,7,0,0,0,0,6,9,1,70,4,1,1,45,0,61,0,0,0,0,0,0,0,0,0,0,0,0,0,0,0,0,0,0,0,2,0,35.644239999999996,139.72159416666668,3,3,0,0,0,0
1,30,110,129,2,0,2,30000,0,103,2024,11,18,23,25,22,6,20,16,32,2,1,1,14,7,0,0,0,0,1,9,1,70,5,4,1,25,35,35,61,31,0,0,0,0,0,11,0,10,0,20,0,3,0,0,0,0,0,2,2,35.645629722222225,139.7234475,2,3,9999,0,1,0
1,30,110,131,2,0,1,30000,0,103,2024,11,28,16,55,21,6,29,16,28,1,1,1,1,7,9,22,0,0,15,9,30,70,1,1,1,55,1,3,61,1,0,1,0,1,0,11,0,1,0,40,0,3,0,2,0,2,0,4,2,35.62855805555556,139.74104749999998,5,3,9999,0,5,0
1,30,110,132,2,0,1,10,77,103,2024,12,2,7,38,12,6,33,16,28,1,1,1,14,7,0,0,0,0,5,9,1,70,1,1,1,1,65,51,61,41,0,0,0,0,0,0,0,0,0,10,0,3,0,0,0,0,0,4,2,35.6431825,139.73499944444444,2,3,0,0,0,0
1,30,110,133,2,0,1,10,83,103,2024,12,17,8,10,12,6,44,16,30,1,1,1,13,7,0,0,0,0,5,2,1,70,1,1,1,35,45,52,61,41,0,0,0,0,0,0,0,0,0,10,0,3,0,0,0,0,0,4,2,35.6389075,139.73175972222222,3,3,0,0,0,0
1,30,111,299,2,0,1,30000,0,103,2024,12,7,20,20,22,6,37,16,28,1,1,1,14,7,0,0,0,0,2,9,1,70,5,3,1,25,45,3,61,1,0,1,0,1,0,11,0,10,0,60,0,4,0,2,0,2,0,4,2,35.663603333333334,139.73068833333335,7,3,9999,0,1,0
1,30,111,301,2,0,1,30000,0,103,2024,12,5,8,35,12,6,36,16,28,1,1,1,14,7,0,0,0,0,1,9,1,70,5,3,1,25,65,3,61,31,0,1,0,1,0,11,0,10,0,40,0,3,0,2,0,2,0,4,2,35.65833166666666,139.72834805555556,5,3,9999,0,4,0
1,30,111,307,2,0,1,10,58,103,2024,12,18,23,45,22,6,45,16,30,1,1,1,1,1,9,22,0,0,19,9,30,70,1,2,1,65,25,3,61,1,0,1,0,1,0,11,0,5,0,10,0,3,0,2,0,2,0,4,2,35.65476666666667,139.74528027777777,4,3,9999,0,9,0
1,30,111,308,2,0,1,30000,0,103,2024,12,20,22,15,22,6,46,16,31,1,1,1,1,7,9,22,0,0,15,9,30,70,4,2,1,55,1,3,61,1,0,1,0,1,0,11,0,10,0,10,0,3,0,2,0,2,0,4,2,35.663313055555555,139.74024305555554,6,3,9999,0,9,0
1,30,111,310,2,0,1,30000,0,103,2024,12,21,9,30,12,6,47,16,32,1,1,1,1,7,1,21,0,0,14,9,30,70,4,2,1,75,45,3,61,31,0,1,0,1,0,11,0,5,0,50,0,3,0,2,0,1,0,4,2,35.653554166666666,139.72600833333334,7,3,1097,0,9,0
1,30,111,316,2,0,1,30000,0,103,2024,12,25,17,20,21,6,49,16,34,1,1,1,14,7,0,0,0,0,4,9,1,70,5,2,1,1,1,51,61,41,0,0,0,0,0,0,0,0,0,10,0,4,0,0,0,0,0,4,2,35.65204361111111,139.73087444444445,4,3,0,0,0,0
1,30,112,217,2,0,1,30000,0,103,2024,12,2,9,30,12,6,33,16,28,1,1,1,14,7,0,0,0,0,2,9,1,70,5,2,1,55,35,3,61,31,0,1,0,1,0,11,0,2,0,50,0,3,0,2,0,2,0,4,2,35.663289722222224,139.7126683333333,2,3,9999,0,9,0
1,30,113,254,2,0,1,85010,0,108,2024,12,6,8,30,12,6,36,16,28,1,1,1,1,1,9,22,0,0,18,9,30,70,1,2,1,45,35,3,61,31,0,1,0,1,0,11,0,5,0,10,0,3,0,2,0,2,0,4,2,35.63028222222222,139.83605861111113,6,3,9999,0,5,0
1,30,113,268,2,0,1,30000,0,108,2024,12,28,12,0,12,6,50,16,36,1,1,1,14,7,0,0,0,0,3,8,1,70,5,2,1,1,45,51,61,41,0,0,0,0,0,0,0,0,0,10,0,3,0,0,0,0,0,4,2,35.649951944444446,139.80494583333333,7,3,0,0,0,0
1,30,215,139,2,0,1,30000,0,109,2024,12,11,19,0,22,6,40,16,28,1,1,1,1,7,9,22,0,0,11,9,30,1,5,3,1,1,35,51,61,41,0,0,0,0,0,0,0,0,0,10,0,3,0,0,0,0,0,4,2,35.613395000000004,139.7411572222222,4,3,0,0,0,0
1,30,215,142,2,0,1,30000,0,109,2024,12,17,9,10,12,6,44,16,30,1,1,1,7,7,0,0,0,0,3,9,1,70,4,2,1,65,25,3,61,1,0,1,0,1,0,11,0,1,0,10,0,3,0,2,0,2,0,4,2,35.62395166666667,139.7327788888889,3,3,9999,0,9,0
1,30,215,143,2,0,1,30000,0,109,2024,12,23,15,55,13,6,48,16,33,1,1,1,14,7,0,0,0,0,3,9,1,70,4,1,1,75,1,14,61,1,0,11,0,1,0,11,0,5,0,40,0,3,0,2,0,2,0,4,2,35.61577583333334,139.73834027777775,2,3,177,0,9,0
1,30,216,231,2,0,1,30000,0,109,2024,12,6,1,50,22,6,36,16,28,1,1,1,1,1,9,22,0,0,15,9,30,70,4,1,1,65,35,3,61,1,0,1,0,1,0,11,0,3,0,10,0,3,0,2,0,2,0,4,2,35.59294083333334,139.7341361111111,6,3,9999,0,9,0
1,30,216,236,2,0,1,30910,0,109,2024,12,8,17,20,21,6,38,16,28,1,1,1,7,7,0,0,0,0,5,7,1,70,1,3,1,55,1,3,61,31,0,1,0,1,0,11,0,4,0,10,0,3,0,2,0,2,0,4,2,35.59710916666667,139.73774666666665,1,3,9999,0,1,0
1,30,216,238,2,0,1,30000,0,109,2024,12,12,8,0,12,6,41,16,28,1,1,1,14,7,0,0,0,0,2,9,1,70,5,1,1,1,1,3,61,31,0,1,0,1,0,11,0,1,0,12,0,4,0,2,0,2,0,4,2,35.601552222222224,139.72235805555556,5,3,9999,0,1,0
1,30,216,240,2,0,1,30000,0,109,2024,12,15,10,40,12,6,43,16,29,1,1,1,7,7,0,0,0,0,2,9,1,70,5,2,1,65,25,3,61,31,0,1,0,1,0,11,0,5,0,20,0,4,0,2,0,2,0,4,2,35.59401277777778,139.73128944444446,1,3,9999,0,9,0
1,30,216,241,2,0,1,30000,0,109,2024,12,17,8,14,12,6,44,16,30,1,1,1,14,7,0,0,0,0,1,9,1,1,5,4,1,35,25,13,61,31,0,11,0,1,0,11,0,2,0,20,0,4,0,2,0,2,0,4,2,35.607461666666666,139.73897888888888,3,3,9999,0,1,0
1,30,216,243,2,0,1,30000,0,109,2024,12,19,18,20,22,6,46,16,31,1,1,1,14,7,0,0,0,0,3,9,1,70,5,3,1,75,45,3,61,31,0,1,0,1,0,11,0,10,0,15,0,3,0,2,0,2,0,4,2,35.607018333333336,139.7332152777778,5,3,184,0,9,0
1,30,216,246,2,0,1,99000,0,109,2024,12,22,13,10,12,6,47,16,32,1,1,1,0,7,0,0,0,0,0,0,20,70,0,4,1,45,75,51,61,41,0,0,0,0,0,0,0,0,0,10,0,3,0,0,0,0,0,4,2,35.60012277777778,139.75029444444445,1,3,0,0,0,0
1,30,216,251,2,0,1,30000,0,109,2024,12,29,9,10,12,6,50,16,36,1,1,1,14,7,0,0,0,0,2,8,1,70,5,3,1,25,1,35,61,31,0,0,0,0,0,11,0,5,0,10,0,3,0,0,0,0,0,2,4,35.60038166666667,139.71485944444444,1,3,9999,0,1,0
1,30,217,229,1,1,0,10,92,109,2024,12,1,5,46,23,6,32,16,28,1,1,1,14,7,0,0,0,0,6,9,1,70,1,2,1,75,25,3,61,31,0,1,0,1,0,11,0,10,0,10,0,3,0,2,0,2,0,4,1,35.631257500000004,139.72955027777778,1,3,1059,0,9,0
1,30,217,230,2,0,1,30000,0,109,2024,12,1,20,40,22,6,32,16,28,1,1,1,14,7,0,0,0,0,3,9,1,70,4,2,1,35,75,36,61,31,0,0,0,0,0,11,0,2,0,10,0,3,0,0,0,0,0,4,2,35.6209275,139.7149622222222,1,3,9999,0,5,0
1,30,217,235,2,0,3,30000,0,109,2024,12,15,17,20,21,6,43,16,29,1,1,1,1,7,9,22,0,0,11,9,30,70,4,1,1,65,35,3,61,1,0,1,0,1,0,11,0,10,0,10,0,3,0,2,0,2,0,4,2,35.628030833333334,139.71600555555554,1,3,9999,0,9,0
1,30,217,240,2,0,1,10160,0,109,2024,11,28,15,0,12,6,29,16,28,1,1,1,14,7,0,0,0,0,4,9,1,70,1,1,1,35,1,51,61,41,0,0,0,0,0,0,0,0,0,0,0,4,0,0,0,0,0,4,2,35.62715166666667,139.71480555555556,5,3,0,0,0,0
1,30,217,242,2,0,1,30000,0,109,2024,12,24,12,10,12,6,48,16,33,1,1,1,14,7,0,0,0,0,2,9,1,70,5,3,1,45,45,14,61,1,0,11,0,1,0,11,0,5,0,60,0,3,0,2,0,2,0,4,2,35.62690972222222,139.72104833333333,3,3,9999,0,9,0
1,30,217,244,2,0,1,30000,0,109,2024,12,25,20,8,22,6,49,16,34,1,1,1,1,7,9,22,0,0,15,9,30,70,4,2,1,55,1,3,61,1,0,1,0,1,0,11,0,10,0,10,0,3,0,2,0,2,0,4,2,35.62491694444444,139.72552444444446,4,3,9999,0,9,0
1,30,217,245,2,0,1,30000,0,109,2024,11,11,6,45,11,6,13,16,37,2,1,1,14,7,0,0,0,0,1,8,1,70,5,3,1,45,35,3,61,1,0,1,0,1,0,11,0,2,0,40,0,4,0,2,0,2,0,4,2,35.630964444444444,139.71647805555554,2,3,9999,0,9,0
1,30,217,247,2,0,1,30120,0,109,2024,12,27,17,30,21,6,49,16,35,1,1,1,1,7,9,22,0,0,11,9,30,1,4,1,1,65,65,3,61,31,0,1,0,1,0,11,0,2,0,10,0,4,0,2,0,2,0,4,2,35.636515555555555,139.71420972222222,6,3,9999,0,9,0
1,30,218,232,2,0,1,30000,0,109,2024,12,15,16,50,21,6,43,16,29,1,1,1,1,7,1,21,0,0,14,7,30,70,5,3,1,45,55,13,61,31,0,11,0,1,0,11,0,5,0,20,0,4,0,2,0,2,0,4,2,35.62471361111111,139.7072086111111,1,3,9999,0,1,0
1,30,218,235,2,0,1,10170,0,109,2024,12,17,14,30,12,6,44,16,30,1,1,1,14,7,0,0,0,0,6,9,1,70,1,2,1,45,1,51,61,41,0,0,0,0,0,0,0,0,0,10,0,4,0,0,0,0,0,4,2,35.61574027777778,139.70897305555553,3,3,0,0,0,0
1,30,218,239,2,0,1,10,0,109,2024,12,28,10,43,12,6,50,16,36,1,1,1,14,7,0,0,0,0,1,9,1,70,5,2,1,25,75,51,61,41,0,0,0,0,0,0,0,0,0,10,0,4,0,0,0,0,0,4,2,35.60462972222222,139.71362138888887,7,3,0,0,0,0
1,30,219,354,2,0,1,30700,0,111,2024,12,9,10,48,12,6,39,16,28,1,1,1,14,1,0,0,0,0,4,9,1,70,4,2,1,65,75,4,61,31,0,1,0,1,0,11,0,3,0,10,0,3,0,2,0,2,0,4,2,35.58378444444445,139.73025055555556,2,3,9999,0,9,0
1,30,219,380,2,0,1,99000,0,111,2024,12,29,1,40,22,6,50,16,36,1,1,1,0,7,0,0,0,0,0,0,20,70,0,2,1,45,25,4,61,31,0,1,0,1,0,11,0,10,0,10,0,3,0,2,0,2,0,4,2,35.58020277777778,139.74806694444442,1,3,9999,0,9,0
1,30,220,241,2,0,1,30000,0,111,2024,12,2,17,15,21,6,33,16,28,1,1,1,1,7,1,21,0,0,11,9,30,70,5,3,1,45,55,3,61,31,0,1,0,1,0,11,0,10,0,40,0,3,0,2,0,2,0,4,2,35.59272277777778,139.69742722222222,2,3,9999,0,5,0
1,30,220,244,2,0,1,30000,0,111,2024,12,6,19,0,22,6,36,16,28,1,1,1,14,7,0,0,0,0,2,7,1,1,5,3,1,1,0,61,0,0,0,0,0,0,0,0,0,0,0,0,0,0,0,0,0,0,0,2,0,35.5962325,139.66979166666667,6,3,0,0,0,0
1,30,220,250,2,0,1,30000,0,111,2024,12,20,11,54,12,6,46,16,31,1,1,1,1,7,1,21,0,0,11,9,30,70,5,3,1,45,75,3,61,31,0,1,0,1,0,11,0,2,0,10,0,3,0,2,0,2,0,4,2,35.585724444444445,139.68029083333332,6,3,9999,0,1,0
1,30,220,251,2,0,1,30000,0,111,2024,12,20,15,20,12,6,46,16,31,1,1,1,13,7,0,0,0,0,2,6,1,70,5,3,1,65,1,51,61,41,0,0,0,0,0,0,0,0,0,10,0,3,0,0,0,0,0,2,4,35.58582638888889,139.68130777777776,6,3,0,0,0,0
1,30,220,254,2,0,1,30000,0,111,2024,12,22,13,32,12,6,47,16,32,1,1,1,14,7,0,0,0,0,2,9,1,1,5,2,1,25,1,35,61,31,0,0,0,0,0,11,0,2,0,10,0,3,0,0,0,0,0,4,2,35.59714777777778,139.68422305555555,1,3,9999,0,1,0
1,30,220,262,2,0,1,30000,0,111,2024,12,30,16,20,13,6,50,16,37,1,1,1,14,7,0,0,0,0,2,9,1,70,5,4,1,1,75,51,61,41,0,0,0,0,0,0,0,0,0,10,0,3,0,0,0,0,0,4,2,35.59030111111112,139.69644472222222,2,3,0,0,0,0
1,30,221,312,2,0,1,30000,0,111,2024,12,7,9,52,12,6,37,16,28,1,1,1,7,7,0,0,0,0,3,9,1,70,4,1,1,35,45,3,61,31,0,1,0,1,0,11,0,2,0,10,0,3,0,2,0,2,0,4,2,35.554270833333334,139.74219555555555,7,3,9999,0,1,0
1,30,221,322,2,0,1,30000,0,111,2024,12,3,22,20,22,6,34,16,28,1,1,1,1,7,9,22,0,0,15,9,30,70,4,2,1,45,25,4,61,31,0,1,0,1,0,11,0,2,0,40,0,4,0,2,0,2,0,4,2,35.56329888888889,139.71514138888887,3,3,9999,0,5,0
1,30,221,323,2,0,1,30000,0,111,2024,12,11,8,48,12,6,40,16,28,1,1,1,14,7,0,0,0,0,3,9,1,70,4,3,1,65,35,3,61,31,0,1,0,1,0,11,0,2,0,40,0,3,0,2,0,2,0,4,2,35.55415972222222,139.71286999999998,4,3,9999,0,1,0
1,30,221,327,2,0,1,30000,0,111,2024,12,21,10,35,12,6,47,16,32,1,1,1,14,7,0,0,0,0,2,9,1,70,5,3,1,65,75,51,61,41,0,0,0,0,0,0,0,0,0,10,0,3,0,0,0,0,0,4,2,35.553396944444444,139.70567555555556,7,3,0,0,0,0
1,30,221,330,2,0,1,30000,0,111,2024,12,23,10,39,12,6,48,16,33,1,1,1,1,7,9,22,0,0,11,9,30,70,5,3,1,55,35,3,61,31,0,1,0,1,0,11,0,2,0,50,0,4,0,2,0,2,0,4,2,35.562376666666665,139.71767416666665,2,3,9999,0,9,0
1,30,221,331,2,0,1,30000,0,111,2024,12,23,20,53,22,6,48,16,33,1,1,1,1,1,9,22,0,0,14,9,30,70,5,2,1,45,75,35,61,31,0,0,0,0,0,11,0,2,0,10,0,3,0,0,0,0,0,4,2,35.55153333333333,139.72972722222224,2,3,9999,0,9,0
1,30,221,344,2,0,1,30000,0,111,2024,10,29,19,35,22,6,0,16,49,3,1,2,1,7,9,22,0,0,15,9,30,70,4,2,1,75,1,36,61,31,0,0,0,0,0,11,0,2,0,10,0,3,0,0,0,0,0,4,2,35.56215972222222,139.70875027777777,3,3,287,0,9,0
1,30,222,407,2,0,1,10130,0,111,2024,12,8,5,45,23,6,38,16,28,1,1,1,1,1,9,22,0,0,18,9,30,70,1,2,1,45,55,3,61,31,0,1,0,1,0,11,0,10,0,10,0,3,0,2,0,2,0,4,2,35.59946333333333,139.70357277777777,1,3,9999,0,5,0
1,30,222,408,2,0,1,30000,0,111,2024,12,8,14,3,12,6,38,16,28,1,1,1,1,7,1,21,0,0,11,9,30,70,5,3,1,1,45,13,61,31,0,11,0,1,0,11,0,2,0,40,0,3,0,2,0,2,0,4,2,35.580625000000005,139.70811805555553,1,3,9999,0,1,0
1,30,222,412,2,0,1,30000,0,111,2024,12,11,13,23,12,6,40,16,28,1,1,1,14,7,0,0,0,0,3,9,1,70,5,3,1,65,1,3,61,31,0,1,0,1,0,11,0,2,0,20,0,4,0,2,0,2,0,4,2,35.56771055555556,139.70132916666665,4,3,9999,0,9,0
1,30,222,414,2,0,1,10,148,111,2024,12,12,19,24,22,6,41,16,28,1,1,1,1,7,1,21,0,0,11,9,30,70,5,4,1,55,35,3,61,1,0,1,0,1,0,11,0,1,0,10,0,3,0,2,0,2,0,4,2,35.58583027777778,139.70500027777777,5,3,9999,0,9,0
1,30,222,420,2,0,1,30000,0,111,2024,12,12,14,35,12,6,41,16,28,1,1,1,14,7,0,0,0,0,1,9,1,70,1,2,1,35,55,4,61,31,0,1,0,1,0,11,0,1,0,18,0,3,0,2,0,2,0,4,2,35.56237944444444,139.6892977777778,5,3,9999,0,1,0
1,30,222,429,2,0,1,10,140,111,2024,12,23,9,50,12,6,48,16,33,1,1,1,1,1,9,22,0,0,18,9,30,70,5,2,1,45,25,3,61,31,0,1,0,1,0,11,0,5,0,10,0,3,0,2,0,2,0,4,2,35.59252138888889,139.71031916666666,2,3,9999,0,1,0
1,30,222,434,2,0,1,30000,0,111,2024,12,24,22,30,22,6,48,16,33,1,1,1,1,1,9,22,0,0,15,9,30,70,5,2,1,75,65,3,61,1,0,1,0,1,0,11,0,2,0,50,0,3,0,2,0,2,0,4,2,35.58512805555556,139.70634444444443,3,3,337,0,9,0
1,30,222,435,2,0,1,30000,0,111,2024,12,25,14,37,12,6,49,16,34,1,1,1,1,1,9,22,0,0,15,8,30,70,5,2,1,65,75,3,61,31,0,1,0,1,0,11,0,3,0,10,0,3,0,2,0,2,0,4,2,35.56978055555556,139.70950916666666,4,3,9999,0,9,0
1,30,222,438,2,0,1,30000,0,111,2024,12,29,10,48,12,6,50,16,36,1,1,1,14,7,0,0,0,0,2,9,1,70,5,3,1,55,1,3,61,1,0,1,0,1,0,11,0,1,0,40,0,3,0,2,0,2,0,4,2,35.562329999999996,139.69721805555557,1,3,9999,0,9,0
1,30,325,326,2,0,1,2460,84,112,2024,12,3,6,51,11,6,34,16,28,1,1,1,14,1,0,0,0,0,6,9,1,70,1,1,1,65,25,3,61,31,0,1,0,1,0,11,0,5,0,10,0,3,0,2,0,2,0,4,2,35.641615277777774,139.66929777777776,3,3,9999,0,9,0
1,30,325,332,2,0,1,30990,0,112,2024,12,6,18,3,22,6,36,16,28,1,1,1,1,7,9,22,0,0,15,9,30,70,5,2,1,35,35,13,61,1,0,11,0,1,0,11,0,3,0,20,0,3,0,2,0,2,0,4,2,35.640053055555555,139.66718527777778,6,3,9999,0,1,0
1,30,325,337,2,0,1,30000,0,112,2024,8,13,16,43,12,4,58,18,33,1,1,1,1,1,9,22,0,0,11,3,30,70,5,3,1,75,35,3,61,31,0,1,0,1,0,11,0,1,0,20,0,4,0,2,0,2,0,4,2,35.644927777777774,139.66964055555556,3,3,848,0,9,0
1,30,325,338,2,0,1,30000,0,112,2024,12,11,18,40,22,6,40,16,28,1,1,1,14,7,0,0,0,0,2,9,1,70,5,4,1,45,75,52,61,41,0,0,0,0,0,0,0,0,0,10,0,4,0,0,0,0,0,4,2,35.64295,139.62468555555557,4,3,0,0,0,0
1,30,325,342,2,0,1,30000,0,112,2024,12,7,15,50,13,6,37,16,28,1,1,1,14,7,0,0,0,0,1,9,1,70,5,3,1,1,25,51,61,41,0,0,0,0,0,0,0,0,0,10,0,3,0,0,0,0,0,4,2,35.643570833333335,139.65453166666668,7,3,0,0,0,0
1,30,325,356,2,0,1,30000,0,112,2024,12,26,10,45,12,6,49,16,34,1,1,1,1,7,9,22,0,0,15,8,30,70,4,1,1,75,45,3,61,31,0,1,0,1,0,11,0,3,0,10,0,3,0,2,0,2,0,4,2,35.642315555555555,139.6663022222222,5,3,759,0,9,0
1,30,326,317,2,0,1,30000,0,112,2024,8,26,4,10,23,5,8,18,17,1,1,1,14,7,0,0,0,0,2,9,1,1,5,3,1,25,75,51,61,41,0,0,0,0,0,0,0,0,0,10,0,3,0,0,0,0,0,4,2,35.654964166666666,139.67217472222222,2,3,0,0,0,0