資料区分,都道府県コード,警察署等コード,本票番号,事故内容,死者数,負傷者数,路線コード,地点コード,市区町村コード,発生日時　　年,発生日時　　月,発生日時　　日,発生日時　　時,発生日時　　分,昼夜,日の出時刻　　時,日の出時刻　　分,日の入り時刻　　時,日の入り時刻　　分,天候,地形,路面状態,道路形状,信号機,一時停止規制　標識（当事者A）,一時停止規制　表示（当事者A）,一時停止規制　標識（当事者B）,一時停止規制　表示（当事者B）,車道幅員,道路線形,衝突地点,ゾーン規制,中央分離帯施設等,歩車道区分,事故類型,年齢（当事者A）,年齢（当事者B）,当事者種別（当事者A）,当事者種別（当事者B）,用途別（当事者A）,用途別（当事者B）,車両形状等（当事者A）,車両形状等（当事者B）,オートマチック車（当事者A）,オートマチック車（当事者B）,サポカー（当事者A）,サポカー（当事者B）,速度規制（指定のみ）（当事者A）,速度規制（指定のみ）（当事者B）,車両の衝突部位（当事者A）,車両の衝突部位（当事者B）,車両の損壊程度（当事者A）,車両の損壊程度（当事者B）,エアバッグの装備（当事者A）,エアバッグの装備（当事者B）,サイドエアバッグの装備（当事者A）,サイドエアバッグの装備（当事者B）,人身損傷程度（当事者A）,人身損傷程度（当事者B）,lat,lon,曜日(発生年月日),祝日(発生年月日),認知機能検査経過日数（当事者A）,認知機能検査経過日数（当事者B）,運転練習の方法（当事者A）,運転練習の方法（当事者B）
1,30,326,340,2,0,1,30000,0,112,2024,12,19,11,40,12,6,46,16,31,1,1,1,14,7,0,0,0,0,2,9,1,70,5,3,1,35,35,3,61,31,0,1,0,1,0,11,0,2,0,10,0,3,0,2,0,2,0,4,2,35.667613055555556,139.6659686111111,5,3,9999,0,1,0
1,30,326,352,2,0,1,10130,0,112,2024,12,31,20,17,22,6,50,16,38,1,1,1,1,1,9,22,0,0,18,8,30,70,1,2,1,35,25,3,61,31,0,1,0,1,0,11,0,4,0,80,0,3,0,2,0,2,0,4,2,35.654559722222224,139.65998083333335,3,2,9999,0,5,0
1,30,327,585,2,0,1,30000,0,112,2024,11,27,16,35,21,6,28,16,29,1,1,1,14,7,0,0,0,0,4,9,1,70,5,2,1,1,75,51,61,41,0,0,0,0,0,0,0,0,0,10,0,3,0,0,0,0,0,4,2,35.623866666666665,139.6321375,4,3,0,0,0,0
1,30,327,596,2,0,1,30200,0,112,2024,12,10,16,15,13,6,40,16,28,1,1,1,14,7,0,0,0,0,1,9,1,70,5,1,1,1,1,51,61,41,0,0,0,0,0,0,0,0,0,10,0,4,0,0,0,0,0,4,2,35.62446,139.65535194444445,3,3,0,0,0,0
1,30,327,601,2,0,1,30000,0,112,2024,12,13,3,25,22,6,42,16,29,1,1,1,14,7,0,0,0,0,5,9,1,70,4,2,1,1,55,36,61,31,0,0,0,0,0,11,0,10,0,10,0,3,0,0,0,0,0,4,2,35.61280222222222,139.65525222222223,6,3,9999,0,4,0
1,30,327,607,2,0,1,30190,0,112,2024,12,19,20,15,22,6,46,16,31,1,1,1,1,1,9,22,0,0,15,9,30,70,4,1,1,55,75,3,61,1,0,1,0,1,0,11,0,3,0,10,0,3,0,2,0,2,0,4,2,35.61911305555556,139.64232222222222,5,3,9999,0,9,0
1,30,327,615,2,0,1,30000,0,112,2024,11,2,17,15,21,6,4,16,45,3,1,1,1,7,1,21,0,0,14,9,30,70,4,2,1,35,25,35,61,31,0,0,0,0,0,11,0,5,0,10,0,3,0,0,0,0,0,4,2,35.60387583333333,139.67045305555556,7,2,9999,0,9,0
1,30,327,624,2,0,1,30000,0,112,2024,12,18,13,35,12,6,45,16,30,1,1,1,14,7,0,0,0,0,2,9,1,1,5,3,1,55,1,3,61,1,0,1,0,1,0,11,0,2,0,10,0,3,0,2,0,2,0,4,2,35.613509444444446,139.62608472222223,4,3,9999,0,1,0
1,30,328,431,2,0,1,30000,0,112,2024,11,13,16,24,13,6,15,16,36,1,1,1,14,7,0,0,0,0,2,9,1,70,5,3,1,35,75,3,61,31,0,1,0,1,0,11,0,2,0,44,0,4,0,2,0,2,0,4,2,35.635352777777776,139.58959361111113,4,3,9999,0,1,0
1,30,328,445,2,0,1,30000,0,112,2024,12,12,15,34,13,6,41,16,28,1,1,1,1,7,9,22,0,0,15,8,30,70,5,3,1,55,55,3,61,31,0,1,0,1,0,11,0,2,0,50,0,3,0,2,0,2,0,4,2,35.622390833333334,139.6229575,5,3,9999,0,9,0
1,30,328,447,2,0,1,200,164,112,2024,12,15,11,20,12,6,43,16,29,1,1,1,1,7,9,22,0,0,11,9,30,70,5,2,1,1,55,51,61,41,0,0,0,0,0,0,0,0,0,10,0,3,0,0,0,0,0,4,2,35.671011944444444,139.62134555555556,1,3,0,0,0,0
1,30,328,462,2,0,1,30000,0,112,2024,12,27,17,45,22,6,49,16,35,1,1,1,1,1,9,22,0,0,14,9,30,70,5,1,1,35,75,3,61,31,0,1,0,1,0,11,0,2,0,10,0,4,0,2,0,2,0,4,2,35.6248525,139.5963363888889,6,3,9999,0,1,0
1,30,328,463,2,0,1,99000,0,112,2024,12,15,11,45,12,6,43,16,29,1,1,1,0,7,0,0,0,0,0,0,20,70,0,4,1,45,55,3,61,31,0,1,0,1,0,11,0,10,0,30,0,4,0,2,0,2,0,4,2,35.63348861111111,139.6046811111111,1,3,9999,0,1,0
1,30,329,224,2,0,1,30000,0,110,2024,12,3,17,30,22,6,34,16,28,1,1,1,1,7,9,22,0,0,11,9,30,70,5,2,1,25,25,3,61,31,0,1,0,1,0,11,0,2,0,10,0,3,0,2,0,2,0,4,2,35.64944416666667,139.69032083333335,3,3,9999,0,1,0
1,30,329,226,2,0,1,30000,0,110,2024,12,6,23,35,22,6,36,16,28,1,1,1,1,7,9,22,0,0,11,9,30,70,5,3,1,65,45,3,61,1,0,1,0,1,0,11,0,2,0,40,0,3,0,2,0,2,0,4,2,35.6455075,139.69299333333333,6,3,9999,0,9,0
1,30,329,232,2,0,1,10160,0,110,2024,12,14,3,0,22,6,43,16,29,2,1,1,1,1,9,22,0,0,18,8,30,70,1,2,1,35,35,3,61,1,0,1,0,1,0,11,0,5,0,10,0,1,0,2,0,2,0,4,2,35.65521583333333,139.69019055555555,7,3,9999,0,1,0
1,30,329,235,2,0,1,10160,0,110,2024,12,15,16,8,13,6,43,16,29,1,1,1,1,1,9,22,0,0,17,9,30,70,1,1,1,1,1,51,61,41,0,0,0,0,0,0,0,0,0,10,0,4,0,0,0,0,0,4,2,35.64659416666667,139.6960077777778,1,3,0,0,0,0
1,30,330,319,2,0,1,30000,0,110,2024,12,2,16,18,13,6,33,16,28,1,1,1,1,1,9,22,0,0,14,9,30,70,4,3,1,75,45,3,61,31,0,1,0,1,0,11,0,2,0,40,0,3,0,2,0,2,0,4,2,35.61573,139.67698249999998,2,3,279,0,9,0
1,30,330,321,2,0,1,30000,0,110,2024,12,4,10,35,12,6,35,16,28,1,1,1,14,7,0,0,0,0,1,9,1,70,5,2,1,55,75,51,61,41,0,0,0,0,0,0,0,0,0,11,0,4,0,0,0,0,0,4,2,35.62173888888889,139.66626083333333,4,3,0,0,0,0
1,30,330,322,2,0,1,30000,0,110,2024,12,6,14,12,12,6,36,16,28,1,1,1,14,7,0,0,0,0,1,9,1,70,5,2,1,45,25,51,61,41,0,0,0,0,0,0,0,0,0,10,0,3,0,0,0,0,0,2,4,35.624408333333335,139.68296944444444,6,3,0,0,0,0
1,30,330,325,2,0,1,30000,0,110,2024,11,11,23,20,22,6,13,16,37,1,1,1,14,7,0,0,0,0,6,9,1,70,5,3,1,45,25,51,61,41,0,0,0,0,0,0,0,0,0,10,0,4,0,0,0,0,0,4,2,35.618074166666666,139.6827361111111,2,3,0,0,0,0
1,30,330,327,2,0,1,30000,0,110,2024,12,9,15,55,13,6,39,16,28,1,1,1,1,1,9,22,0,0,15,9,30,70,4,2,1,55,1,14,61,31,0,11,0,1,0,11,0,2,0,10,0,4,0,2,0,2,0,4,2,35.62094777777778,139.68814972222222,2,3,9999,0,9,0
1,30,330,328,2,0,1,30000,0,110,2024,11,22,15,15,12,6,24,16,30,1,1,1,14,7,0,0,0,0,1,9,1,70,5,3,1,55,35,3,61,31,0,1,0,1,0,11,0,1,0,20,0,3,0,2,0,2,0,4,2,35.609252500000004,139.6695513888889,6,2,9999,0,9,0
1,30,330,330,2,0,1,30000,0,110,2024,12,15,9,10,12,6,43,16,29,1,1,1,1,7,9,22,0,0,11,9,30,70,5,3,1,65,75,14,61,1,0,11,0,1,0,11,0,10,0,10,0,3,0,2,0,2,0,4,2,35.60845666666667,139.66557166666666,1,3,9999,0,9,0
1,30,330,345,2,0,1,30000,0,110,2024,12,25,16,50,21,6,49,16,34,1,1,1,1,1,9,22,0,0,15,9,30,70,4,2,1,55,65,3,61,31,0,1,0,1,0,11,0,2,0,20,0,4,0,2,0,2,0,4,2,35.60962833333333,139.6957238888889,4,3,9999,0,9,0
1,30,330,346,2,0,1,30000,0,110,2024,12,15,4,53,22,6,43,16,29,1,1,1,14,7,0,0,0,0,2,9,1,70,5,3,1,55,1,3,61,31,0,1,0,1,0,11,0,2,0,10,0,3,0,2,0,2,0,4,2,35.61542666666667,139.6637761111111,1,3,9999,0,9,0
1,30,330,351,2,0,1,30000,0,110,2024,12,14,13,15,12,6,43,16,29,1,1,1,14,7,0,0,0,0,2,9,1,70,5,3,1,35,45,3,61,31,0,1,0,1,0,11,0,1,0,14,0,4,0,2,0,2,0,4,2,35.61399333333333,139.66984416666665,7,3,9999,0,1,0
1,30,331,294,1,1,0,10090,0,113,2024,12,26,18,5,22,6,49,16,34,1,1,1,1,1,9,22,0,0,18,9,30,70,5,1,1,65,75,3,61,1,0,1,0,1,0,11,0,4,0,80,0,4,0,2,0,2,0,4,1,35.659443055555556,139.70251555555555,5,3,9999,0,3,0
1,30,331,295,2,0,1,30000,0,113,2024,7,31,3,50,23,4,48,18,46,1,1,1,1,1,9,22,0,0,18,9,30,70,4,2,1,65,1,3,61,1,0,1,0,1,0,11,0,3,0,50,0,3,0,2,0,2,0,4,2,35.65767638888889,139.69628166666666,4,3,9999,0,1,0
1,30,331,302,2,0,1,30240,0,113,2024,12,3,9,15,12,6,34,16,28,1,1,1,14,7,0,0,0,0,1,7,1,70,4,2,1,35,55,51,61,41,0,0,0,0,0,0,0,0,0,10,0,3,0,0,0,0,0,4,2,35.65685138888889,139.70760055555556,3,3,0,0,0,0
1,30,331,309,2,0,1,30000,0,113,2024,10,23,11,45,12,5,54,16,56,1,1,1,14,7,0,0,0,0,1,7,1,70,5,3,1,25,75,43,61,41,0,31,0,0,0,0,0,10,0,20,0,4,0,0,0,0,0,4,2,35.65680861111111,139.6943261111111,4,3,0,0,0,0
1,30,331,312,2,0,1,30000,0,113,2024,10,25,9,20,12,5,56,16,53,2,1,1,1,1,9,22,0,0,15,7,30,70,4,2,1,35,45,43,61,41,0,31,0,0,0,0,0,10,0,10,0,3,0,0,0,0,0,4,2,35.65064361111111,139.70730694444444,6,3,0,0,0,0
1,30,331,319,2,0,1,30000,0,113,2024,12,22,18,10,22,6,47,16,32,1,1,1,14,7,0,0,0,0,3,9,1,70,5,2,1,1,55,52,61,41,0,0,0,0,0,0,0,0,0,10,0,3,0,0,0,0,0,4,2,35.65934194444444,139.69363055555556,1,3,0,0,0,0
1,30,331,320,2,0,1,20240,0,113,2024,12,17,20,30,22,6,44,16,30,1,1,1,1,1,9,22,0,0,19,9,30,70,5,2,1,1,25,51,61,41,0,0,0,0,0,0,0,0,0,10,0,3,0,0,0,0,0,4,2,35.64681972222222,139.7023872222222,3,3,0,0,0,0
1,30,331,322,2,0,1,30000,0,113,2024,12,18,18,27,22,6,45,16,30,1,1,1,14,7,0,0,0,0,4,9,1,70,5,2,1,45,25,3,61,1,0,1,0,1,0,11,0,10,0,40,0,4,0,2,0,2,0,4,2,35.64669416666666,139.70945333333333,4,3,9999,0,9,0
1,30,331,324,2,0,1,30000,0,113,2024,10,16,14,40,12,5,48,17,4,2,1,1,14,7,0,0,0,0,2,9,1,70,5,4,1,75,45,3,61,31,0,1,0,1,0,11,0,5,0,10,0,3,0,2,0,2,0,4,2,35.66514861111111,139.7073175,4,3,135,0,9,0
1,30,332,158,2,0,1,30000,0,113,2024,12,21,10,0,12,6,47,16,32,1,1,1,14,7,0,0,0,0,3,7,1,70,4,2,1,45,45,3,61,31,0,1,0,1,0,11,0,3,0,10,0,3,0,2,0,2,0,4,2,35.67256694444444,139.71162666666666,7,3,9999,0,1,0
1,30,435,228,2,0,1,30000,0,104,2024,12,5,16,5,13,6,36,16,28,1,1,1,14,7,0,0,0,0,1,9,1,70,5,4,1,65,55,13,61,31,0,11,0,1,0,11,0,1,0,30,0,4,0,2,0,2,0,4,2,35.70125777777778,139.73011861111112,5,3,9999,0,9,0
1,30,435,232,2,0,1,10010,0,104,2024,12,13,11,55,12,6,42,16,29,1,1,1,14,7,0,0,0,0,4,9,1,70,5,2,1,45,75,59,61,0,0,0,0,0,0,0,0,0,0,10,0,4,0,0,0,0,0,4,2,35.70696055555556,139.7431375,6,3,0,0,0,0
1,30,435,235,2,0,1,30000,0,104,2024,12,18,11,55,12,6,45,16,30,1,1,1,1,1,9,22,0,0,14,9,30,70,5,2,1,25,55,43,61,41,0,31,0,0,0,0,0,10,0,10,0,3,0,0,0,0,0,4,2,35.69822222222222,139.71901305555556,4,3,0,0,0,0
1,30,435,237,2,0,1,30280,0,104,2024,12,19,15,10,12,6,46,16,31,1,1,1,14,7,0,0,0,0,3,8,1,70,4,2,1,25,1,14,61,31,0,11,0,1,0,11,0,3,0,10,0,3,0,2,0,2,0,4,2,35.695704166666665,139.73612999999997,5,3,9999,0,1,0
1,30,436,361,2,0,1,30000,0,104,2024,12,3,8,15,12,6,34,16,28,1,1,1,14,7,0,0,0,0,1,8,1,70,5,4,1,25,55,3,61,1,0,1,0,1,0,11,0,10,0,30,0,3,0,2,0,2,0,4,2,35.69867,139.70726472222222,3,3,9999,0,1,0
1,30,436,362,2,0,1,20000,0,104,2024,12,4,15,55,13,6,35,16,28,1,1,1,14,7,0,0,0,0,3,9,1,70,5,2,1,45,1,3,61,31,0,1,0,1,0,11,0,3,0,10,0,4,0,2,0,2,0,4,2,35.69385111111111,139.7037911111111,4,3,9999,0,1,0
1,30,436,369,2,0,1,30000,0,104,2024,12,3,12,0,12,6,34,16,28,1,1,1,14,7,0,0,0,0,1,9,1,70,5,3,1,45,25,3,61,31,0,1,0,1,0,11,0,1,0,40,0,3,0,2,0,2,0,4,2,35.70493555555556,139.69026083333333,3,3,9999,0,9,0
1,30,436,380,2,0,1,30290,0,104,2024,11,11,19,5,22,6,13,16,37,1,1,1,14,7,0,0,0,0,1,9,1,70,4,2,1,1,25,14,61,31,0,11,0,1,0,11,0,3,0,40,0,3,0,2,0,2,0,4,2,35.69596111111111,139.6983602777778,2,3,9999,0,1,0
1,30,436,381,2,0,1,20320,0,104,2024,12,18,19,20,22,6,45,16,30,1,1,1,14,7,0,0,0,0,3,9,1,70,1,2,1,45,45,3,61,1,0,1,0,1,0,11,0,4,0,50,0,3,0,2,0,2,0,4,2,35.693282777777775,139.68710083333335,4,3,9999,0,1,0
1,30,436,384,2,0,1,30000,0,104,2024,12,21,9,45,12,6,47,16,32,1,1,1,1,7,4,21,0,0,11,9,30,70,5,3,1,35,55,14,61,31,0,11,0,1,0,11,0,1,0,10,0,3,0,2,0,2,0,4,2,35.70440694444445,139.70757416666666,7,3,9999,0,1,0
1,30,436,389,2,0,1,30000,0,104,2024,12,24,18,5,22,6,48,16,33,1,1,1,1,7,1,21,0,0,11,9,30,70,5,3,1,45,55,14,61,31,0,11,0,1,0,11,0,10,0,20,0,3,0,2,0,2,0,4,2,35.695992222222216,139.7035261111111,3,3,9999,0,9,0
1,30,436,391,2,0,1,30000,0,104,2024,11,13,21,20,22,6,15,16,36,1,1,1,14,7,0,0,0,0,2,9,1,70,4,3,1,55,35,51,61,41,0,0,0,0,0,0,0,0,0,10,0,3,0,0,0,0,0,4,2,35.69349944444444,139.70864194444442,4,3,0,0,0,0
1,30,436,393,2,0,1,10240,0,104,2024,12,27,0,20,22,6,49,16,35,1,1,1,7,7,0,0,0,0,6,6,1,70,1,2,1,35,1,3,61,1,0,1,0,1,0,11,0,10,0,50,0,3,0,2,0,2,0,4,2,35.69336805555555,139.6963761111111,6,3,9999,0,5,0
1,30,436,394,2,0,1,30000,0,104,2024,12,28,4,20,22,6,50,16,36,1,1,1,7,7,0,0,0,0,3,9,1,70,4,2,1,45,55,3,61,1,0,1,0,1,0,11,0,1,0,50,0,4,0,2,0,2,0,4,2,35.694847499999995,139.70421805555554,7,3,9999,0,1,0
1,30,436,402,2,0,1,30000,0,104,2024,12,24,7,12,11,6,48,16,33,1,1,1,14,7,0,0,0,0,3,9,1,70,4,2,1,35,65,3,61,1,0,1,0,1,0,11,0,3,0,80,0,4,0,2,0,2,0,4,2,35.694916111111105,139.70173083333333,3,3,9999,0,4,0
1,30,437,219,1,1,0,10280,0,104,2024,12,21,1,40,22,6,47,16,32,1,1,1,14,7,0,0,0,0,4,9,1,70,3,4,1,45,55,17,61,31,0,11,0,2,0,11,0,10,0,30,0,3,0,2,0,2,0,4,1,35.719836666666666,139.68784305555556,7,3,9999,0,9,0
1,30,437,223,2,0,1,10010,0,104,2024,12,2,8,30,12,6,33,16,28,1,1,1,14,7,0,0,0,0,1,9,1,70,5,1,1,25,35,51,61,41,0,0,0,0,0,0,0,0,0,10,0,3,0,0,0,0,0,4,2,35.72287444444444,139.68371555555555,2,3,0,0,0,0
1,30,437,226,2,0,1,99000,0,104,2024,12,8,19,24,22,6,38,16,28,1,1,1,0,7,0,0,0,0,0,0,20,1,0,4,1,25,25,3,61,31,0,1,0,1,0,11,0,10,0,30,0,4,0,2,0,2,0,4,2,35.72230861111111,139.6822922222222,1,3,9999,0,1,0
1,30,437,227,2,0,1,30000,0,104,2024,12,9,13,31,12,6,39,16,28,1,1,1,1,1,9,22,0,0,11,9,30,70,5,2,1,45,1,3,61,31,0,1,0,1,0,11,0,3,0,50,0,3,0,2,0,2,0,4,2,35.70916611111112,139.69983416666668,2,3,9999,0,9,0
1,30,437,234,2,0,1,10010,0,104,2024,12,24,18,30,22,6,48,16,33,1,1,1,14,7,0,0,0,0,4,9,1,70,4,2,1,45,1,51,61,41,0,0,0,0,0,0,0,0,0,10,0,4,0,0,0,0,0,4,2,35.721834722222226,139.69691527777778,3,3,0,0,0,0
1,30,438,235,2,0,1,10050,0,104,2024,12,1,18,50,22,6,32,16,28,1,1,1,14,7,0,0,0,0,6,9,1,70,4,1,1,25,35,51,61,41,0,0,0,0,0,0,0,0,0,10,0,3,0,0,0,0,0,2,4,35.692254166666665,139.72433805555556,1,3,0,0,0,0
1,30,438,236,2,0,1,20000,0,104,2024,12,4,12,10,12,6,35,16,28,1,1,1,1,7,9,22,0,0,17,9,30,70,1,1,1,1,65,12,61,1,0,11,0,1,0,11,0,4,0,70,0,3,0,2,0,2,0,4,2,35.69346805555555,139.7070186111111,4,3,9999,0,9,0
1,30,438,243,2,0,1,10050,0,104,2024,11,19,19,19,22,6,21,16,32,1,1,1,1,1,9,22,0,0,19,9,30,70,1,1,1,65,1,3,61,1,0,1,0,1,0,11,0,4,0,80,0,3,0,2,0,2,0,4,4,35.692105,139.70725694444442,3,3,9999,0,9,0
1,30,438,246,2,0,1,20090,0,104,2024,12,5,17,30,22,6,36,16,28,1,1,1,1,8,9,22,0,0,19,9,30,70,5,2,1,45,65,4,61,31,0,1,0,1,0,11,0,10,0,40,0,4,0,2,0,2,0,4,2,35.684328611111106,139.72913277777778,5,3,9999,0,1,0
1,30,438,258,2,0,1,99000,0,104,2024,12,23,20,20,22,6,48,16,33,1,1,1,0,7,0,0,0,0,0,0,20,70,0,4,1,25,65,3,61,31,0,1,0,1,0,11,0,1,0,80,0,4,0,2,0,2,0,4,2,35.69295111111111,139.70711444444444,2,3,9999,0,1,0
1,30,438,259,2,0,1,30000,0,104,2024,12,11,18,10,22,6,40,16,28,1,1,1,1,1,4,21,0,0,15,9,30,70,5,1,1,55,45,3,61,31,0,1,0,1,0,11,0,3,0,10,0,3,0,2,0,2,0,4,2,35.6798,139.71828944444445,4,3,9999,0,9,0
1,30,439,284,2,0,1,30000,0,114,2024,12,3,16,44,21,6,34,16,28,1,1,1,1,7,0,0,0,0,11,9,30,70,5,4,1,65,0,61,0,0,0,0,0,0,0,0,0,0,0,0,0,0,0,0,0,0,0,2,0,35.70792111111111,139.66656444444445,3,3,0,0,0,0
1,30,439,287,2,0,1,10240,0,114,2024,12,7,18,55,22,6,37,16,28,1,1,1,14,7,0,0,0,0,4,9,1,70,4,1,1,45,55,51,61,41,0,0,0,0,0,0,0,0,0,10,0,3,0,0,0,0,0,4,2,35.69745083333333,139.6797022222222,7,3,0,0,0,0
1,30,439,291,2,0,1,10160,0,114,2024,12,11,6,30,23,6,40,16,28,1,1,1,14,7,0,0,0,0,6,7,1,70,1,2,1,35,45,35,61,31,0,0,0,0,0,11,0,10,0,10,0,3,0,0,0,0,0,4,2,35.702104444444444,139.68222527777777,4,3,9999,0,5,0
1,30,439,301,2,0,1,10220,0,114,2024,12,19,2,27,22,6,46,16,31,1,1,1,1,7,9,22,0,0,14,9,30,70,5,3,1,65,55,3,61,31,0,1,0,1,0,11,0,1,0,10,0,3,0,2,0,2,0,4,2,35.71006722222222,139.6827036111111,5,3,9999,0,9,0
1,30,439,305,2,0,1,30000,0,114,2024,12,13,19,40,22,6,42,16,29,2,1,1,14,7,0,0,0,0,1,9,1,70,5,2,1,1,45,51,61,41,0,0,0,0,0,0,0,0,0,10,0,3,0,0,0,0,0,4,2,35.70475555555556,139.68755611111112,6,3,0,0,0,0
1,30,439,310,2,0,1,20280,0,114,2024,12,27,11,45,12,6,49,16,35,1,1,1,14,7,0,0,0,0,3,9,1,70,5,1,1,45,45,51,61,41,0,0,0,0,0,0,0,0,0,10,0,2,0,0,0,0,0,4,2,35.680922499999994,139.6695461111111,6,3,0,0,0,0
1,30,439,311,2,0,1,20280,0,114,2024,12,24,7,5,11,6,48,16,33,1,1,1,14,7,0,0,0,0,3,9,1,70,4,2,1,1,45,52,61,41,0,0,0,0,0,0,0,0,0,30,0,4,0,0,0,0,0,4,2,35.683193055555556,139.6694636111111,3,3,0,0,0,0
1,30,439,313,2,0,1,30000,0,114,2024,9,2,15,57,12,5,14,18,7,1,1,1,14,7,0,0,0,0,4,7,1,70,4,1,1,25,65,51,61,41,0,0,0,0,0,0,0,0,0,10,0,4,0,0,0,0,0,4,2,35.705621111111114,139.67273944444443,2,3,0,0,0,0
1,30,440,279,2,0,1,30000,0,114,2024,12,3,8,43,12,6,34,16,28,1,1,1,1,7,9,22,0,0,11,9,30,70,5,4,1,25,45,3,61,31,0,1,0,1,0,11,0,10,0,50,0,3,0,2,0,2,0,4,2,35.732238888888894,139.67298694444443,3,3,9999,0,1,0
1,30,440,282,2,0,1,30000,0,114,2024,12,5,13,30,12,6,36,16,28,1,1,1,14,7,0,0,0,0,2,9,1,70,5,3,1,35,75,51,61,41,0,0,0,0,0,0,0,0,0,40,0,4,0,0,0,0,0,4,2,35.73490694444445,139.6305536111111,5,3,0,0,0,0
1,30,440,284,2,0,1,20500,0,114,2024,12,8,13,5,12,6,38,16,28,1,1,1,7,7,0,0,0,0,3,9,1,70,4,2,1,55,55,1,61,1,0,1,0,2,0,11,0,1,0,10,0,3,0,2,0,2,0,4,2,35.720445833333336,139.63662166666666,1,3,9999,0,9,0
1,30,440,285,2,0,1,30000,0,114,2024,12,9,8,25,12,6,39,16,28,1,1,1,1,7,1,21,0,0,11,9,30,70,5,3,1,25,25,35,61,31,0,0,0,0,0,11,0,2,0,10,0,3,0,0,0,0,0,4,2,35.71844527777778,139.64689694444445,2,3,9999,0,1,0
1,30,440,291,2,0,1,10220,0,114,2024,12,12,12,55,12,6,41,16,28,1,1,1,14,7,0,0,0,0,4,9,1,70,4,2,1,45,55,51,61,41,0,0,0,0,0,0,0,0,0,0,0,4,0,0,0,0,0,4,2,35.70998666666667,139.66346916666666,5,3,0,0,0,0
1,30,441,365,2,0,1,30000,0,115,2024,12,26,18,45,22,6,49,16,34,1,1,1,14,7,0,0,0,0,2,9,1,70,5,3,1,55,55,3,61,31,0,1,0,1,0,11,0,10,0,10,0,3,0,2,0,2,0,4,2,35.69428083333333,139.64023805555556,5,3,9999,0,9,0
1,30,441,369,2,0,1,30000,0,115,2024,12,13,9,7,12,6,42,16,29,2,1,1,14,7,0,0,0,0,2,9,1,70,5,3,1,55,75,14,61,31,0,11,0,1,0,11,0,2,0,70,0,3,0,2,0,2,0,4,2,35.687707499999995,139.65135083333334,6,3,9999,0,9,0
1,30,441,371,2,0,1,30000,0,115,2024,12,4,14,45,12,6,35,16,28,1,1,1,1,7,1,21,0,0,14,9,30,70,4,3,1,25,75,51,61,41,0,0,0,0,0,0,0,0,0,0,0,4,0,0,0,0,0,4,2,35.69336611111111,139.66575166666667,4,3,0,0,0,0
1,30,441,374,2,0,1,30000,0,115,2024,12,17,9,20,12,6,44,16,30,1,1,1,14,7,0,0,0,0,2,9,1,70,5,2,1,45,25,33,61,31,0,0,0,0,0,11,0,1,0,10,0,3,0,0,0,0,0,4,2,35.70755694444445,139.6580688888889,3,3,9999,0,5,0
1,30,441,376,2,0,1,30000,0,115,2024,12,17,11,25,12,6,44,16,30,1,1,1,14,7,0,0,0,0,2,9,1,70,5,4,1,55,65,13,61,31,0,11,0,2,0,11,0,2,0,40,0,3,0,2,0,2,0,4,2,35.707282500000005,139.65076694444446,3,3,9999,0,9,0
1,30,441,384,2,0,1,30000,0,115,2024,12,24,9,10,12,6,48,16,33,1,1,1,14,7,0,0,0,0,1,9,1,70,5,3,1,75,45,51,61,41,0,0,0,0,0,0,0,0,0,10,0,3,0,0,0,0,0,4,2,35.69444416666666,139.64661027777777,3,3,0,0,0,0
1,30,441,388,2,0,1,10240,0,115,2024,12,15,17,15,21,6,43,16,29,1,1,1,14,7,0,0,0,0,5,9,1,70,4,2,1,1,35,51,61,41,0,0,0,0,0,0,0,0,0,10,0,3,0,0,0,0,0,4,2,35.697916111111105,139.64815222222222,1,3,0,0,0,0
1,30,441,389,2,0,1,30000,0,115,2024,12,28,13,44,12,6,50,16,36,1,1,1,7,7,0,0,0,0,2,9,1,70,5,3,1,55,0,61,0,0,0,0,0,0,0,0,0,0,0,0,0,0,0,0,0,0,0,2,0,35.70424861111111,139.63689722222222,7,3,0,0,0,0
1,30,442,325,2,0,1,30000,0,115,2024,12,10,17,47,22,6,40,16,28,1,1,1,7,7,0,0,0,0,3,9,1,70,4,1,1,75,1,13,61,31,0,11,0,1,0,11,0,3,0,10,0,3,0,2,0,2,0,4,2,35.68366972222222,139.63155083333334,3,3,9999,0,9,0
1,30,442,335,2,0,1,20000,0,115,2024,11,28,7,34,12,6,29,16,28,1,1,1,1,7,9,22,0,0,14,9,30,70,1,2,1,55,1,3,61,31,0,1,0,1,0,11,0,2,0,10,0,4,0,2,0,2,0,4,2,35.68034722222222,139.60347638888888,5,3,9999,0,9,0
1,30,442,338,2,0,1,30000,0,115,2024,12,19,16,45,21,6,46,16,31,1,1,1,14,7,0,0,0,0,1,9,1,70,5,3,1,75,75,51,61,41,0,0,0,0,0,0,0,0,0,10,0,3,0,0,0,0,0,4,2,35.68300972222222,139.6089175,5,3,0,0,0,0
1,30,443,266,2,0,1,30000,0,115,2024,12,17,18,15,22,6,44,16,30,1,1,1,1,7,9,22,0,0,11,9,30,70,5,1,1,55,25,3,61,31,0,1,0,1,0,11,0,2,0,10,0,3,0,2,0,2,0,4,2,35.704055000000004,139.6160072222222,3,3,9999,0,9,0