資料区分,都道府県コード,警察署等コード,本票番号,事故内容,死者数,負傷者数,路線コード,地点コード,市区町村コード,発生日時　　年,発生日時　　月,発生日時　　日,発生日時　　時,発生日時　　分,昼夜,日の出時刻　　時,日の出時刻　　分,日の入り時刻　　時,日の入り時刻　　分,天候,地形,路面状態,道路形状,信号機,一時停止規制　標識（当事者A）,一時停止規制　表示（当事者A）,一時停止規制　標識（当事者B）,一時停止規制　表示（当事者B）,車道幅員,道路線形,衝突地点,ゾーン規制,中央分離帯施設等,歩車道区分,事故類型,年齢（当事者A）,年齢（当事者B）,当事者種別（当事者A）,当事者種別（当事者B）,用途別（当事者A）,用途別（当事者B）,車両形状等（当事者A）,車両形状等（当事者B）,オートマチック車（当事者A）,オートマチック車（当事者B）,サポカー（当事者A）,サポカー（当事者B）,速度規制（指定のみ）（当事者A）,速度規制（指定のみ）（当事者B）,車両の衝突部位（当事者A）,車両の衝突部位（当事者B）,車両の損壊程度（当事者A）,車両の損壊程度（当事者B）,エアバッグの装備（当事者A）,エアバッグの装備（当事者B）,サイドエアバッグの装備（当事者A）,サイドエアバッグの装備（当事者B）,人身損傷程度（当事者A）,人身損傷程度（当事者B）,lat,lon,曜日(発生年月日),祝日(発生年月日),認知機能検査経過日数（当事者A）,認知機能検査経過日数（当事者B）,運転練習の方法（当事者A）,運転練習の方法（当事者B）
1,30,443,270,2,0,1,30000,0,115,2024,11,26,12,35,12,6,27,16,29,1,1,1,1,7,9,22,0,0,15,9,30,70,4,3,1,45,55,3,61,31,0,1,0,1,0,11,0,2,0,50,0,4,0,2,0,2,0,4,2,35.72499527777778,139.60392833333333,3,3,9999,0,1,0
1,30,443,276,2,0,1,30000,0,115,2024,11,29,7,36,12,6,30,16,28,1,1,1,1,7,5,21,0,0,11,9,30,70,5,4,1,55,45,3,61,31,0,1,0,1,0,11,0,2,0,10,0,3,0,2,0,2,0,4,2,35.706845,139.61422,6,3,9999,0,9,0
1,30,443,277,2,0,1,30000,0,115,2024,10,12,18,55,22,5,45,17,10,1,1,1,13,7,0,0,0,0,2,6,1,1,5,4,1,65,25,13,61,31,0,11,0,1,0,11,0,2,0,40,0,4,0,2,0,2,0,4,2,35.702308611111114,139.60082444444444,7,3,9999,0,9,0
1,30,443,279,2,0,1,30000,0,115,2024,12,20,9,0,12,6,46,16,31,1,1,1,14,7,0,0,0,0,4,9,1,70,4,1,1,45,55,51,61,41,0,0,0,0,0,0,0,0,0,10,0,3,0,0,0,0,0,4,2,35.713947222222224,139.60814083333332,6,3,0,0,0,0
1,30,443,281,2,0,1,30000,0,115,2024,12,24,18,25,22,6,48,16,33,1,1,1,14,7,0,0,0,0,1,9,1,1,5,3,1,1,55,14,61,1,0,11,0,1,0,11,0,2,0,80,0,3,0,2,0,2,0,4,2,35.72589416666667,139.61041305555554,3,3,9999,0,1,0
1,30,545,148,2,0,1,20000,0,105,2024,11,22,17,30,22,6,24,16,30,1,1,1,14,7,0,0,0,0,4,9,1,70,5,1,1,1,75,51,61,41,0,0,0,0,0,0,0,0,0,10,0,3,0,0,0,0,0,4,2,35.724311944444445,139.7365186111111,6,2,0,0,0,0
1,30,546,77,2,0,1,30000,0,116,2024,12,9,8,10,12,6,39,16,28,1,1,1,1,7,9,22,0,0,15,9,30,70,5,1,1,75,35,3,61,31,0,1,0,1,0,11,0,1,0,50,0,4,0,2,0,2,0,4,2,35.72524583333333,139.73077444444445,2,3,53,0,9,0
1,30,546,79,2,0,1,30000,0,105,2024,12,21,15,35,13,6,47,16,32,1,1,1,1,7,9,22,0,0,14,8,30,70,5,3,1,55,65,13,61,31,0,11,0,1,0,11,0,5,0,10,0,3,0,2,0,2,0,4,2,35.719548333333336,139.73489805555553,7,3,9999,0,9,0
1,30,547,152,2,0,1,170,43,105,2024,12,17,15,45,13,6,44,16,30,1,1,1,14,7,0,0,0,0,4,9,1,70,4,2,1,25,65,51,61,41,0,0,0,0,0,0,0,0,0,20,0,3,0,0,0,0,0,4,2,35.71634944444445,139.7573,3,3,0,0,0,0
1,30,547,155,2,0,1,20390,0,105,2024,12,20,21,5,22,6,46,16,31,1,1,1,1,1,9,22,0,0,14,9,30,70,4,1,1,45,25,3,61,1,0,1,0,1,0,11,0,3,0,44,0,4,0,2,0,2,0,4,2,35.708197500000004,139.77156416666668,6,3,9999,0,1,0
1,30,547,158,2,0,1,20390,0,105,2024,12,25,20,21,22,6,49,16,34,1,1,1,1,1,8,22,0,0,14,9,30,70,1,2,1,75,35,3,61,31,0,1,0,1,0,11,0,4,0,10,0,3,0,2,0,1,0,4,2,35.707328611111116,139.75799027777776,4,3,672,0,9,0
1,30,548,82,2,0,1,20400,0,105,2024,12,12,16,25,13,6,41,16,28,1,1,1,14,7,0,0,0,0,5,9,1,70,1,2,1,55,0,61,0,0,0,0,0,0,0,0,0,0,0,0,0,0,0,0,0,0,0,2,0,35.73265138888889,139.74921388888887,5,3,0,0,0,0
1,30,549,122,2,0,1,30000,0,116,2024,12,5,7,59,12,6,36,16,28,1,1,1,7,7,0,0,0,0,2,9,1,70,5,2,1,35,35,51,61,41,0,0,0,0,0,0,0,0,0,10,0,3,0,0,0,0,0,4,4,35.728898055555554,139.72166194444443,5,3,0,0,0,0
1,30,549,123,2,0,1,30000,0,116,2024,11,22,17,58,22,6,24,16,30,1,1,1,14,7,0,0,0,0,1,9,1,70,5,3,1,65,25,3,61,31,0,1,0,1,0,11,0,2,0,80,0,3,0,2,0,2,0,4,2,35.730936944444444,139.73588944444444,6,2,9999,0,9,0
1,30,549,124,2,0,1,30000,0,116,2024,12,8,16,20,13,6,38,16,28,1,1,1,14,1,0,0,0,0,2,9,1,70,1,2,1,65,45,3,61,1,0,1,0,1,0,1,0,4,0,60,0,3,0,2,0,2,0,4,2,35.728565833333334,139.71858666666668,1,3,9999,0,9,0
1,30,549,133,2,0,1,30000,0,116,2024,12,25,12,40,12,6,49,16,34,2,1,1,1,7,9,22,0,0,14,9,30,70,4,3,1,75,75,4,61,31,0,1,0,1,0,11,0,10,0,10,0,3,0,2,0,2,0,4,2,35.7315525,139.73119055555557,4,3,128,0,9,0
1,30,549,137,2,0,1,30000,0,116,2024,12,29,11,3,12,6,50,16,36,1,1,1,7,7,0,0,0,0,1,9,1,70,5,3,1,75,35,3,61,31,0,1,0,1,0,11,0,10,0,20,0,3,0,2,0,2,0,4,2,35.732038055555556,139.7213086111111,1,3,565,0,9,0
1,30,550,176,2,0,1,30000,0,116,2024,12,2,14,25,12,6,33,16,28,1,1,1,1,7,9,22,0,0,14,9,30,70,5,2,1,25,25,3,61,31,0,1,0,1,0,11,0,5,0,80,0,3,0,2,0,2,0,4,2,35.73389944444445,139.71070138888888,2,3,9999,0,1,0
1,30,550,178,2,0,1,10090,0,116,2024,12,4,2,15,22,6,35,16,28,1,1,1,1,1,9,22,0,0,18,9,30,70,4,1,1,45,35,12,61,31,0,11,0,2,0,11,0,4,0,10,0,4,0,2,0,2,0,4,2,35.73238777777778,139.71481972222222,4,3,9999,0,9,0
1,30,550,179,2,0,1,30000,0,116,2024,12,6,11,8,12,6,36,16,28,1,1,1,14,7,0,0,0,0,3,9,1,70,5,3,1,55,75,3,61,31,0,1,0,1,0,11,0,2,0,50,0,3,0,2,0,2,0,4,2,35.74088666666667,139.7161033333333,6,3,9999,0,9,0
1,30,550,180,2,0,1,30770,0,116,2024,12,7,2,29,22,6,37,16,28,1,1,1,1,1,9,22,0,0,14,9,30,70,5,2,1,55,25,3,61,1,0,1,0,1,0,11,0,3,0,50,0,3,0,2,0,2,0,4,2,35.73659138888889,139.709725,7,3,9999,0,9,0
1,30,550,187,2,0,1,30000,0,116,2024,11,30,19,33,22,6,31,16,28,1,1,1,7,1,0,0,0,0,4,9,1,70,4,2,1,65,1,3,61,1,0,1,0,1,0,11,0,3,0,40,0,4,0,2,0,2,0,4,2,35.731070555555554,139.7093722222222,7,3,9999,0,9,0
1,30,550,191,2,0,1,30000,0,116,2024,12,4,13,40,12,6,35,16,28,1,1,1,14,7,0,0,0,0,2,9,1,70,5,3,1,25,25,13,61,31,0,11,0,1,0,11,0,2,0,70,0,4,0,2,0,2,0,4,4,35.73220361111111,139.71393305555554,4,3,9999,0,1,0
1,30,550,196,2,0,1,30000,0,116,2024,12,9,17,50,22,6,39,16,28,1,1,1,14,7,0,0,0,0,3,9,1,70,5,3,1,55,45,3,61,31,0,1,0,1,0,11,0,10,0,40,0,4,0,2,0,2,0,4,2,35.732420000000005,139.71643083333333,2,3,9999,0,9,0
1,30,551,177,2,0,1,10090,0,116,2024,12,1,1,15,22,6,32,16,28,1,1,1,7,7,0,0,0,0,5,9,1,70,4,2,1,35,25,3,61,31,0,1,0,1,0,11,0,4,0,80,0,3,0,2,0,2,0,4,2,35.72196,139.71244833333333,1,3,9999,0,1,0
1,30,551,180,2,0,1,30000,0,116,2024,12,6,17,28,22,6,36,16,28,1,1,1,14,7,0,0,0,0,2,8,1,70,5,3,1,45,35,52,61,41,0,0,0,0,0,0,0,0,0,40,0,4,0,0,0,0,0,4,2,35.718364722222226,139.71522694444442,6,3,0,0,0,0
1,30,551,182,2,0,1,30000,0,116,2024,9,25,11,10,12,5,31,17,34,2,1,1,14,7,0,0,0,0,3,9,1,70,5,3,1,25,75,3,61,31,0,1,0,1,0,11,0,10,0,40,0,4,0,2,0,2,0,4,2,35.72743333333334,139.69358805555555,4,3,9999,0,1,0
1,30,551,184,2,0,1,30000,0,116,2024,12,4,19,45,22,6,35,16,28,1,1,1,1,1,9,22,0,0,14,9,30,70,4,3,1,55,45,35,61,31,0,0,0,0,0,1,0,3,0,10,0,3,0,0,0,0,0,4,2,35.73785055555555,139.68590277777778,4,3,9999,0,1,0
1,30,551,188,2,0,1,30000,0,116,2024,12,17,13,55,12,6,44,16,30,1,1,1,1,7,9,22,0,0,14,9,30,70,5,3,1,35,25,14,61,1,0,11,0,1,0,11,0,10,0,40,0,4,0,2,0,2,0,4,2,35.72104777777778,139.7170463888889,3,3,9999,0,1,0
1,30,552,173,2,0,1,10090,0,117,2024,12,1,9,30,12,6,32,16,28,1,1,1,13,7,0,0,0,0,5,2,1,70,1,2,1,55,55,51,61,41,0,0,0,0,0,0,0,0,0,10,0,3,0,0,0,0,0,4,2,35.75217138888889,139.73659944444444,1,3,0,0,0,0
1,30,552,180,2,0,1,30000,0,117,2024,12,18,23,35,22,6,45,16,30,1,1,1,1,7,9,22,0,0,19,9,30,70,5,2,1,45,25,3,61,31,0,1,0,1,0,11,0,3,0,10,0,2,0,2,0,2,0,4,2,35.73856222222222,139.7604902777778,4,3,9999,0,9,0
1,30,553,197,2,0,1,30000,0,117,2024,12,4,17,30,22,6,35,16,28,1,1,1,13,7,0,0,0,0,3,3,1,70,4,1,1,1,75,3,61,31,0,1,0,1,0,11,0,5,0,50,0,3,0,2,0,2,0,4,2,35.76419472222222,139.75207194444445,4,3,9999,0,1,0
1,30,553,206,2,0,1,30000,0,117,2024,12,23,8,25,12,6,48,16,33,1,1,1,14,7,0,0,0,0,2,8,1,70,4,2,1,35,45,51,61,41,0,0,0,0,0,0,0,0,0,40,0,3,0,0,0,0,0,4,2,35.75799777777778,139.72947638888888,2,3,0,0,0,0
1,30,554,123,2,0,1,10200,0,117,2024,11,12,5,0,22,6,14,16,36,1,1,1,1,1,9,22,0,0,18,9,30,70,1,2,1,75,65,14,61,31,0,11,0,1,0,11,0,1,0,10,0,3,0,2,0,2,0,4,2,35.78548027777778,139.7069086111111,3,3,112,0,9,0
1,30,554,125,2,0,1,30000,0,117,2024,12,9,8,4,12,6,39,16,28,1,1,1,1,7,9,22,0,0,14,7,30,70,4,1,1,65,75,3,61,31,0,1,0,1,0,11,0,3,0,50,0,4,0,2,0,2,0,4,2,35.78429555555555,139.7086125,2,3,9999,0,9,0
1,30,554,128,2,0,1,30000,0,117,2024,12,15,11,3,12,6,43,16,29,1,1,1,14,7,0,0,0,0,2,9,1,70,5,3,1,1,65,51,61,41,0,0,0,0,0,0,0,0,0,10,0,4,0,0,0,0,0,4,2,35.7835975,139.70046805555555,1,3,0,0,0,0
1,30,554,131,2,0,1,20000,0,117,2024,11,11,16,20,13,6,13,16,37,1,1,1,7,7,0,0,0,0,1,9,1,70,5,2,1,55,35,51,61,41,0,0,0,0,0,0,0,0,0,22,0,4,0,0,0,0,0,4,2,35.77932777777778,139.73175555555557,2,3,0,0,0,0
1,30,555,354,2,0,1,30000,0,119,2024,12,1,10,50,12,6,32,16,28,1,1,1,14,7,0,0,0,0,2,9,1,70,5,4,1,35,45,51,61,41,0,0,0,0,0,0,0,0,0,10,0,3,0,0,0,0,0,4,2,35.73656833333333,139.7036011111111,1,3,0,0,0,0
1,30,555,355,2,0,1,30000,0,119,2024,12,3,17,15,21,6,34,16,28,1,1,1,7,7,0,0,0,0,1,9,1,70,5,3,1,65,75,51,61,41,0,0,0,0,0,0,0,0,0,0,0,4,0,0,0,0,0,4,2,35.7538825,139.68519472222223,3,3,0,0,0,0
1,30,555,358,2,0,1,10130,0,119,2024,12,5,18,35,22,6,36,16,28,1,1,1,14,1,0,0,0,0,3,9,1,70,1,1,1,65,45,51,61,41,0,0,0,0,0,0,0,0,0,10,0,3,0,0,0,0,0,4,2,35.7616175,139.70664305555553,5,3,0,0,0,0
1,30,555,366,2,0,1,30000,0,119,2024,12,12,20,55,22,6,41,16,28,1,1,1,14,7,0,0,0,0,4,9,1,70,4,2,1,55,25,3,61,31,0,1,0,1,0,11,0,4,0,10,0,3,0,2,0,2,0,4,2,35.74713861111111,139.69400638888888,5,3,9999,0,1,0
1,30,555,370,2,0,1,30000,0,119,2024,12,15,11,45,12,6,43,16,29,1,1,1,14,7,0,0,0,0,3,9,1,70,4,1,1,55,1,14,61,31,0,11,0,1,0,11,0,10,0,80,0,3,0,2,0,2,0,4,2,35.746279722222226,139.69469194444446,1,3,9999,0,9,0
1,30,555,374,2,0,1,30000,0,119,2024,4,6,11,10,12,5,20,18,7,1,1,1,14,7,0,0,0,0,3,9,1,70,5,3,1,45,65,34,61,31,0,0,0,0,0,11,0,2,0,10,0,4,0,0,0,0,0,4,2,35.749054722222226,139.69995777777777,7,3,9999,0,5,0
1,30,555,378,2,0,2,30000,0,119,2024,11,13,1,4,22,6,15,16,36,1,1,1,14,7,0,0,0,0,2,9,1,70,5,3,1,55,35,3,61,31,0,1,0,1,0,11,0,2,0,20,0,4,0,2,0,2,0,4,2,35.75765194444445,139.70876805555554,4,3,9999,0,9,0
1,30,555,379,2,0,1,30000,0,119,2024,12,25,17,50,22,6,49,16,34,1,1,1,14,7,0,0,0,0,2,9,1,70,5,4,1,45,1,35,61,31,0,0,0,0,0,11,0,10,0,10,0,3,0,0,0,0,0,4,2,35.75707027777778,139.68354861111112,4,3,9999,0,4,0
1,30,556,294,2,0,1,30000,0,119,2024,12,4,9,8,12,6,35,16,28,1,1,1,1,8,1,21,0,0,17,9,30,70,5,2,1,35,55,3,61,31,0,1,0,1,0,11,0,2,0,40,0,3,0,2,0,2,0,4,2,35.77638527777778,139.69502055555557,4,3,9999,0,1,0
1,30,556,303,2,0,1,170,121,119,2024,12,11,16,16,13,6,40,16,28,1,1,1,7,1,0,0,0,0,4,9,1,70,5,1,1,45,1,3,61,1,0,1,0,1,0,11,0,10,0,10,0,1,0,1,0,2,0,4,2,35.76686611111111,139.70329388888888,4,3,9999,0,1,0
1,30,556,316,2,0,1,10200,0,119,2024,12,22,14,30,12,6,47,16,32,1,1,1,14,7,0,0,0,0,2,9,1,70,5,2,1,1,1,51,61,41,0,0,0,0,0,0,0,0,0,10,0,3,0,0,0,0,0,4,2,35.7703675,139.67074833333334,1,3,0,0,0,0
1,30,556,318,2,0,1,30000,0,119,2024,12,24,17,50,22,6,48,16,33,1,1,1,1,1,9,22,0,0,15,9,30,70,5,2,1,45,75,51,61,41,0,0,0,0,0,0,0,0,0,40,0,3,0,0,0,0,0,4,2,35.79239,139.68819444444443,3,3,0,0,0,0
1,30,556,321,2,0,1,30000,0,119,2024,12,28,15,50,13,6,50,16,36,1,1,1,7,7,0,0,0,0,1,9,1,70,5,4,1,45,35,4,61,31,0,1,0,1,0,11,0,1,0,40,0,3,0,2,0,2,0,4,2,35.77010416666666,139.69598861111112,7,3,9999,0,5,0
1,30,557,271,2,0,1,10010,0,120,2024,11,27,10,15,12,6,28,16,29,1,1,1,14,7,0,0,0,0,6,9,1,70,1,1,1,25,75,51,61,41,0,0,0,0,0,0,0,0,0,20,0,4,0,0,0,0,0,4,2,35.739449444444446,139.6401786111111,4,3,0,0,0,0
1,30,557,273,2,0,1,30000,0,120,2024,12,15,13,11,12,6,43,16,29,1,1,1,14,7,0,0,0,0,2,9,1,70,4,1,1,55,55,51,61,41,0,0,0,0,0,0,0,0,0,10,0,4,0,0,0,0,0,4,2,35.74769583333333,139.64771194444444,1,3,0,0,0,0
1,30,557,280,2,0,1,30000,0,120,2024,12,7,11,0,12,6,37,16,28,1,1,1,14,7,0,0,0,0,3,9,1,70,5,3,1,45,1,51,61,41,0,0,0,0,0,0,0,0,0,10,0,3,0,0,0,0,0,4,2,35.750143888888886,139.66675027777777,7,3,0,0,0,0
1,30,557,287,2,0,1,30000,0,120,2024,12,18,6,0,23,6,45,16,30,1,1,1,1,7,9,22,0,0,11,9,30,70,4,1,1,55,45,3,61,31,0,1,0,1,0,11,0,10,0,10,0,3,0,2,0,2,0,4,2,35.739914722222224,139.65287694444444,4,3,9999,0,9,0
1,30,557,288,2,0,1,30000,0,120,2024,12,31,11,12,12,6,50,16,38,1,1,1,1,1,1,21,0,0,15,9,30,70,5,1,1,75,75,35,61,31,0,0,0,0,0,11,0,3,0,10,0,3,0,0,0,0,0,4,2,35.75286805555555,139.66759472222222,3,2,81,0,9,0
1,30,558,337,2,0,1,99000,0,120,2024,11,15,16,50,21,6,17,16,34,2,1,1,0,7,0,0,0,0,0,0,20,1,0,4,1,65,75,4,61,31,0,1,0,1,0,11,0,10,0,30,0,4,0,2,0,2,0,4,2,35.72654638888889,139.5996163888889,6,3,9999,0,9,0
1,30,558,344,2,0,1,20230,0,120,2024,12,13,0,30,22,6,42,16,29,1,1,1,1,1,9,22,0,0,14,9,30,70,4,2,1,35,75,3,61,31,0,1,0,1,0,11,0,3,0,50,0,3,0,2,0,2,0,4,2,35.720286388888894,139.58256194444445,6,3,9999,0,1,0
1,30,558,347,2,0,1,30000,0,120,2024,12,16,17,45,22,6,44,16,29,1,1,1,7,7,0,0,0,0,2,9,1,70,5,3,1,65,75,14,61,31,0,11,0,1,0,11,0,2,0,50,0,3,0,2,0,2,0,4,2,35.77008333333333,139.58257722222223,2,3,9999,0,9,0
1,30,558,348,2,0,1,30000,0,120,2024,12,16,18,19,22,6,44,16,29,1,1,1,14,7,0,0,0,0,3,9,1,70,5,3,1,55,35,4,61,31,0,1,0,1,0,11,0,2,0,40,0,3,0,2,0,2,0,4,2,35.74830333333333,139.58370583333334,2,3,9999,0,9,0
1,30,558,349,2,0,1,30000,0,120,2024,12,16,18,3,22,6,44,16,29,1,1,1,1,7,9,22,0,0,14,9,30,70,4,2,1,45,1,4,61,31,0,1,0,1,0,11,0,3,0,50,0,3,0,2,0,2,0,4,2,35.76108694444444,139.56744166666667,2,3,9999,0,1,0
1,30,558,350,2,0,1,30000,0,120,2024,12,17,7,40,11,6,44,16,30,1,1,1,1,7,9,22,0,0,11,9,30,70,5,2,1,35,75,3,61,31,0,1,0,1,0,11,0,2,0,10,0,3,0,2,0,2,0,4,2,35.76143388888889,139.5956038888889,3,3,9999,0,5,0
1,30,558,353,2,0,1,30000,0,120,2024,12,20,7,20,11,6,46,16,31,1,1,1,1,7,4,21,0,0,15,9,30,70,4,1,1,65,75,13,61,31,0,11,0,1,0,11,0,2,0,10,0,3,0,2,0,2,0,4,2,35.740380555555554,139.60633805555554,6,3,9999,0,9,0
1,30,558,354,2,0,1,10010,0,120,2024,12,21,9,30,12,6,47,16,32,1,1,1,1,2,1,21,0,0,17,9,30,70,1,2,1,25,55,3,61,31,0,1,0,2,0,11,0,2,0,10,0,3,0,2,0,2,0,4,2,35.75707583333333,139.59953833333336,7,3,9999,0,1,0
1,30,559,342,2,0,1,30000,0,119,2024,12,30,10,23,12,6,50,16,37,1,1,1,14,7,0,0,0,0,1,9,1,70,4,3,1,65,25,51,61,41,0,0,0,0,0,0,0,0,0,10,0,3,0,0,0,0,0,4,2,35.7770025,139.65199166666667,2,3,0,0,0,0
1,30,559,343,2,0,1,30000,0,119,2024,12,1,15,50,13,6,32,16,28,1,1,1,14,7,0,0,0,0,2,9,1,70,5,3,1,45,1,14,61,31,0,11,0,1,0,11,0,2,0,50,0,3,0,2,0,2,0,4,2,35.77453972222222,139.632675,1,3,9999,0,9,0
1,30,559,347,2,0,1,20480,0,119,2024,12,6,10,20,12,6,36,16,28,2,1,1,14,7,0,0,0,0,5,9,1,70,5,2,1,75,45,51,61,41,0,0,0,0,0,0,0,0,0,10,0,3,0,0,0,0,0,2,4,35.789054444444446,139.65983416666668,6,3,0,0,0,0
1,30,559,348,2,0,1,30000,0,119,2024,12,6,17,56,22,6,36,16,28,1,1,1,1,1,9,22,0,0,15,9,30,70,1,1,1,25,55,13,61,1,0,11,0,1,0,11,0,1,0,10,0,3,0,2,0,2,0,4,2,35.784859166666664,139.65112916666666,6,3,9999,0,1,0
1,30,559,352,2,0,1,30000,0,119,2024,12,9,8,31,12,6,39,16,28,1,1,1,1,7,9,22,0,0,14,9,30,70,4,2,1,55,75,3,61,31,0,1,0,1,0,11,0,2,0,80,0,3,0,2,0,2,0,4,2,35.780723055555555,139.65364305555556,2,3,9999,0,9,0
1,30,559,358,2,0,1,30000,0,119,2024,12,17,7,10,11,6,44,16,30,1,1,1,1,7,9,22,0,0,11,9,30,70,5,3,1,25,55,3,61,31,0,1,0,1,0,11,0,10,0,20,0,4,0,2,0,2,0,4,2,35.77527972222222,139.63942333333333,3,3,9999,0,1,0
1,30,559,361,2,0,1,30930,0,119,2024,12,21,17,25,21,6,47,16,32,1,1,1,1,7,9,22,0,0,15,9,30,70,4,2,1,35,75,36,61,31,0,0,0,0,0,11,0,2,0,10,0,3,0,0,0,0,0,4,2,35.78962111111111,139.6665763888889,7,3,9999,0,5,0
1,30,559,362,2,0,1,30000,0,119,2024,12,22,10,40,12,6,47,16,32,1,1,1,1,7,9,22,0,0,11,9,30,70,4,1,1,35,45,14,61,1,0,11,0,1,0,11,0,2,0,10,0,3,0,2,0,2,0,4,2,35.78295333333333,139.63699749999998,1,3,9999,0,1,0
1,30,559,366,2,0,1,30000,0,119,2024,12,23,9,10,12,6,48,16,33,1,1,1,1,7,9,22,0,0,11,9,30,70,5,1,1,25,55,14,61,1,0,11,0,1,0,11,0,2,0,10,0,3,0,2,0,2,0,4,2,35.791489166666665,139.65548055555556,2,3,9999,0,1,0
1,30,559,368,2,0,1,30000,0,119,2024,12,24,11,35,12,6,48,16,33,1,1,1,14,7,0,0,0,0,2,9,1,70,5,3,1,35,75,14,61,1,0,11,0,1,0,11,0,5,0,30,0,4,0,2,0,2,0,4,2,35.77023722222222,139.64490388888888,3,3,9999,0,5,0
1,30,559,370,2,0,1,2540,144,119,2024,12,24,12,25,12,6,48,16,33,1,1,1,1,1,9,22,0,0,15,9,30,70,4,2,1,75,25,3,61,31,0,1,0,1,0,11,0,4,0,10,0,3,0,2,0,2,0,4,2,35.77623277777778,139.63204333333334,3,3,336,0,9,0
1,30,559,374,2,0,1,30000,0,119,2024,12,28,11,57,12,6,50,16,36,1,1,1,1,1,9,22,0,0,11,9,30,70,5,1,1,55,75,13,61,31,0,11,0,1,0,11,0,3,0,10,0,3,0,2,0,2,0,4,2,35.77068111111111,139.6455886111111,7,3,9999,0,9,0
1,30,559,375,2,0,1,30000,0,119,2024,12,28,13,10,12,6,50,16,36,1,1,1,14,7,0,0,0,0,2,9,1,70,5,1,1,1,75,51,61,41,0,0,0,0,0,0,0,0,0,10,0,4,0,0,0,0,0,4,2,35.78240666666667,139.66567111111112,7,3,0,0,0,0
1,30,559,380,2,0,1,30000,0,119,2024,12,31,16,55,21,6,50,16,38,1,1,1,1,7,6,21,0,0,15,9,30,70,4,1,1,75,55,3,61,31,0,1,0,1,0,11,0,10,0,10,0,3,0,2,0,2,0,4,2,35.77847166666667,139.63185055555556,3,2,621,0,9,0
1,30,559,381,2,0,1,30000,0,119,2024,12,28,14,55,12,6,50,16,36,1,1,1,14,7,0,0,0,0,1,9,1,70,5,4,1,25,45,13,61,31,0,11,0,1,0,11,0,10,0,40,0,4,0,2,0,2,0,4,2,35.76938555555555,139.66386305555557,7,3,9999,0,1,0
1,30,560,312,2,0,1,30000,0,120,2024,12,11,19,29,22,6,40,16,28,1,1,1,1,1,1,21,0,0,14,9,30,70,4,2,1,45,25,13,61,31,0,11,0,1,0,11,0,3,0,50,0,3,0,2,0,2,0,4,2,35.76063111111111,139.6163925,4,3,9999,0,1,0
1,30,560,314,2,0,1,30000,0,120,2024,12,12,19,0,22,6,41,16,28,1,1,1,1,1,9,22,0,0,15,9,30,70,5,2,1,45,45,3,61,31,0,1,0,1,0,11,0,3,0,10,0,3,0,2,0,2,0,4,2,35.753681388888886,139.6291038888889,5,3,9999,0,1,0
1,30,560,320,2,0,1,30000,0,120,2024,12,18,10,45,12,6,45,16,30,1,1,2,1,1,9,22,0,0,15,9,30,70,5,1,1,55,65,3,61,31,0,1,0,1,0,11,0,10,0,10,0,3,0,2,0,2,0,4,2,35.76101027777778,139.66493555555556,4,3,9999,0,9,0
1,30,560,323,2,0,1,30000,0,120,2024,12,20,8,0,12,6,46,16,31,1,1,1,1,7,9,22,0,0,14,9,30,70,4,2,1,55,1,4,61,31,0,1,0,1,0,11,0,2,0,10,0,3,0,2,0,2,0,4,2,35.75980305555556,139.64658527777777,6,3,9999,0,9,0
1,30,560,335,2,0,1,30000,0,120,2024,12,23,11,59,12,6,48,16,33,1,1,1,1,1,9,22,0,0,15,9,30,70,5,2,1,65,35,4,61,31,0,1,0,1,0,11,0,2,0,50,0,3,0,2,0,2,0,4,2,35.7511325,139.63086916666668,2,3,9999,0,9,0
1,30,560,341,2,0,1,30000,0,120,2024,12,17,7,50,12,6,44,16,30,1,1,1,14,7,0,0,0,0,3,9,1,70,5,4,1,45,1,51,61,41,0,0,0,0,0,0,0,0,0,40,0,3,0,0,0,0,0,4,2,35.75535555555555,139.60706249999998,3,3,0,0,0,0
1,30,560,343,2,0,1,20000,0,120,2024,12,4,9,35,12,6,35,16,28,1,1,1,1,1,9,22,0,0,14,9,30,70,4,1,1,55,75,3,61,31,0,1,0,1,0,11,0,2,0,10,0,4,0,2,0,2,0,4,2,35.75991305555556,139.6459338888889,4,3,9999,0,9,0
1,30,560,347,2,0,1,30000,0,120,2024,10,24,8,8,12,5,55,16,55,2,1,1,1,7,0,0,0,0,15,9,30,70,5,2,1,25,0,61,0,0,0,0,0,0,0,0,0,0,0,0,0,0,0,0,0,0,0,2,0,35.76890777777778,139.64352499999998,5,3,0,0,0,0
1,30,660,188,2,0,1,30000,0,106,2024,12,6,22,50,22,6,36,16,28,1,1,1,7,7,0,0,0,0,3,9,1,1,5,3,1,45,35,4,61,31,0,1,0,1,0,11,0,2,0,10,0,2,0,2,0,2,0,4,2,35.71208027777778,139.78154472222224,6,3,9999,0,1,0