資料区分,都道府県コード,警察署等コード,本票番号,事故内容,死者数,負傷者数,路線コード,地点コード,市区町村コード,発生日時　　年,発生日時　　月,発生日時　　日,発生日時　　時,発生日時　　分,昼夜,日の出時刻　　時,日の出時刻　　分,日の入り時刻　　時,日の入り時刻　　分,天候,地形,路面状態,道路形状,信号機,一時停止規制　標識（当事者A）,一時停止規制　表示（当事者A）,一時停止規制　標識（当事者B）,一時停止規制　表示（当事者B）,車道幅員,道路線形,衝突地点,ゾーン規制,中央分離帯施設等,歩車道区分,事故類型,年齢（当事者A）,年齢（当事者B）,当事者種別（当事者A）,当事者種別（当事者B）,用途別（当事者A）,用途別（当事者B）,車両形状等（当事者A）,車両形状等（当事者B）,オートマチック車（当事者A）,オートマチック車（当事者B）,サポカー（当事者A）,サポカー（当事者B）,速度規制（指定のみ）（当事者A）,速度規制（指定のみ）（当事者B）,車両の衝突部位（当事者A）,車両の衝突部位（当事者B）,車両の損壊程度（当事者A）,車両の損壊程度（当事者B）,エアバッグの装備（当事者A）,エアバッグの装備（当事者B）,サイドエアバッグの装備（当事者A）,サイドエアバッグの装備（当事者B）,人身損傷程度（当事者A）,人身損傷程度（当事者B）,lat,lon,曜日(発生年月日),祝日(発生年月日),認知機能検査経過日数（当事者A）,認知機能検査経過日数（当事者B）,運転練習の方法（当事者A）,運転練習の方法（当事者B）
1,30,660,199,2,0,1,20070,0,106,2024,12,27,17,45,22,6,49,16,35,1,1,1,1,1,9,22,0,0,17,6,30,70,4,2,1,1,65,51,61,41,0,0,0,0,0,0,0,0,0,40,0,4,0,0,0,0,0,4,2,35.711577777777784,139.77443722222225,6,3,0,0,0,0
1,30,661,188,2,0,1,30000,0,106,2024,12,9,12,50,12,6,39,16,28,1,1,1,1,1,9,22,0,0,14,9,30,70,4,2,1,45,65,3,61,31,0,1,0,1,0,11,0,2,0,50,0,3,0,2,0,2,0,4,2,35.723570555555554,139.76909527777778,2,3,9999,0,9,0
1,30,661,193,2,0,2,40,44,106,2024,12,15,17,50,22,6,43,16,29,1,1,1,1,7,9,22,0,0,18,9,30,70,5,2,1,1,45,31,61,31,0,0,0,0,0,11,0,10,0,10,0,3,0,0,0,0,0,2,2,35.72060861111111,139.7845175,1,3,9999,0,1,0
1,30,661,198,2,0,1,30000,0,106,2024,12,24,13,6,12,6,48,16,33,1,1,1,1,7,1,21,0,0,14,9,30,70,4,1,1,55,75,13,61,31,0,11,0,1,0,11,0,2,0,10,0,3,0,2,0,2,0,4,2,35.72483972222222,139.79325083333333,3,3,9999,0,9,0
1,30,662,141,2,0,1,10300,0,106,2024,12,15,13,0,12,6,43,16,29,1,1,1,1,8,9,22,0,0,18,9,30,70,5,2,1,1,25,51,61,41,0,0,0,0,0,0,0,0,0,10,0,3,0,0,0,0,0,4,2,35.716950555555556,139.79398972222222,1,3,0,0,0,0
1,30,662,148,2,0,1,30000,0,106,2024,12,25,11,45,12,6,49,16,34,1,1,1,1,1,9,22,0,0,15,9,30,70,4,2,1,65,65,3,61,31,0,1,0,1,0,11,0,3,0,50,0,4,0,2,0,2,0,4,2,35.72253166666667,139.80715555555557,4,3,9999,0,9,0
1,30,663,148,2,0,1,30000,0,106,2024,12,4,11,20,12,6,35,16,28,1,1,1,1,7,1,21,0,0,17,9,30,70,4,2,1,65,75,3,61,31,0,1,0,1,0,11,0,3,0,50,0,3,0,2,0,2,0,4,2,35.71392138888889,139.78886277777778,4,3,9999,0,9,0
1,30,663,149,2,0,1,30000,0,106,2024,12,6,16,30,21,6,36,16,28,1,1,1,1,7,9,22,0,0,15,9,30,70,5,2,1,65,75,51,61,41,0,0,0,0,0,0,0,0,0,10,0,3,0,0,0,0,0,4,2,35.71161083333334,139.7901361111111,6,3,0,0,0,0
1,30,663,151,2,0,1,30000,0,106,2024,12,12,17,30,22,6,41,16,28,1,1,1,14,7,0,0,0,0,4,9,1,70,5,3,1,35,1,51,61,41,0,0,0,0,0,0,0,0,0,10,0,4,0,0,0,0,0,4,2,35.69908861111111,139.78369694444444,5,3,0,0,0,0
1,30,663,153,2,0,1,30000,0,106,2024,12,16,13,20,12,6,44,16,29,1,1,1,14,7,0,0,0,0,3,9,1,70,5,2,1,25,1,3,61,31,0,1,0,1,0,11,0,2,0,40,0,3,0,2,0,2,0,4,2,35.70313777777778,139.78496916666666,2,3,9999,0,1,0
1,30,663,159,2,0,1,20540,0,106,2024,12,25,17,58,22,6,49,16,34,1,1,1,1,7,9,22,0,0,17,9,30,70,4,2,1,45,75,4,61,31,0,1,0,1,0,11,0,3,0,10,0,3,0,2,0,2,0,4,2,35.70596527777778,139.7818125,4,3,9999,0,1,0
1,30,664,76,2,0,1,30000,0,118,2024,11,24,19,30,22,6,26,16,30,1,1,1,1,7,9,22,0,0,11,9,30,70,5,3,1,1,45,14,61,1,0,11,0,2,0,11,0,2,0,10,0,3,0,2,0,2,0,4,2,35.7460675,139.7578736111111,1,3,9999,0,1,0
1,30,665,99,1,1,0,40,59,118,2024,12,14,3,32,22,6,43,16,29,1,1,1,1,1,9,22,0,0,18,9,30,70,5,1,1,75,45,3,61,1,0,1,0,1,0,11,0,10,0,80,0,3,0,2,0,2,0,4,1,35.731206944444445,139.79220194444443,7,3,236,0,9,0
1,30,665,105,2,0,1,30000,0,118,2024,12,7,16,34,21,6,37,16,28,1,1,1,14,7,0,0,0,0,2,9,1,70,1,2,1,55,35,3,61,1,0,1,0,1,0,11,0,3,0,10,0,4,0,2,0,2,0,4,2,35.73493222222222,139.80172416666667,7,3,9999,0,9,0
1,30,665,106,2,0,1,10090,0,118,2024,12,25,18,30,22,6,49,16,34,1,1,1,14,7,0,0,0,0,1,9,1,70,1,2,1,75,1,51,61,41,0,0,0,0,0,0,0,0,0,10,0,4,0,0,0,0,0,2,4,35.73079277777778,139.7908488888889,4,3,0,0,0,0
1,30,666,164,2,0,1,10340,0,118,2024,12,2,17,35,22,6,33,16,28,1,1,1,14,5,0,0,0,0,5,9,1,70,4,2,1,35,35,51,61,41,0,0,0,0,0,0,0,0,0,10,0,4,0,0,0,0,0,4,2,35.73318833333334,139.77863305555556,2,3,0,0,0,0
1,30,666,166,2,0,1,30000,0,118,2024,12,17,16,55,21,6,44,16,30,1,1,1,1,7,9,22,0,0,11,9,30,70,4,1,1,45,1,14,61,1,0,11,0,1,0,11,0,2,0,10,0,3,0,2,0,2,0,4,2,35.7342125,139.78538388888887,3,3,9999,0,1,0
1,30,667,200,2,0,1,30390,0,121,2024,12,14,17,50,22,6,43,16,29,1,1,1,1,1,9,22,0,0,14,9,30,70,5,2,1,45,65,51,61,41,0,0,0,0,0,0,0,0,0,10,0,3,0,0,0,0,0,4,2,35.75078972222222,139.8008002777778,7,3,0,0,0,0
1,30,667,209,2,0,1,30000,0,121,2024,12,29,1,0,22,6,50,16,36,1,1,1,1,7,9,22,0,0,14,9,30,70,4,2,1,55,1,3,61,1,0,1,0,1,0,11,0,3,0,10,0,4,0,2,0,2,0,4,2,35.74688638888889,139.8107313888889,1,3,9999,0,1,0
1,30,668,579,2,0,1,99000,0,121,2024,12,5,10,0,12,6,36,16,28,1,1,1,0,7,0,0,0,0,0,0,20,70,0,4,1,45,75,3,61,31,0,1,0,1,0,11,0,10,0,30,0,3,0,2,0,2,0,4,2,35.78277611111111,139.76541055555555,5,3,9999,0,1,0
1,30,668,583,2,0,1,30000,0,121,2024,12,9,8,5,12,6,39,16,28,1,1,1,1,7,9,22,0,0,15,9,30,70,4,3,1,55,55,4,61,31,0,1,0,1,0,11,0,10,0,10,0,3,0,2,0,2,0,4,2,35.78013111111111,139.7831563888889,2,3,9999,0,1,0
1,30,668,601,2,0,1,30000,0,121,2024,12,7,17,45,22,6,37,16,28,1,1,1,1,1,9,22,0,0,15,9,30,70,4,1,1,45,35,3,61,1,0,1,0,1,0,11,0,3,0,10,0,3,0,2,0,2,0,4,2,35.78557333333333,139.7565177777778,7,3,9999,0,9,0
1,30,668,614,2,0,1,10130,0,121,2024,12,30,19,40,22,6,50,16,37,1,1,1,1,1,9,22,0,0,18,9,30,70,4,2,1,55,35,51,61,41,0,0,0,0,0,0,0,0,0,10,0,3,0,0,0,0,0,4,2,35.77832611111111,139.75618666666668,2,3,0,0,0,0
1,30,669,513,1,1,1,10360,0,121,2024,12,10,5,58,23,6,40,16,28,1,1,1,1,1,9,22,0,0,17,9,30,70,5,2,1,65,75,3,61,31,0,1,0,1,0,11,0,3,0,10,0,3,0,2,0,2,0,4,1,35.75792861111111,139.82868,3,3,9999,0,9,0
1,30,669,514,1,1,0,30960,0,121,2024,12,20,5,56,23,6,46,16,31,1,1,1,1,1,9,22,0,0,15,9,30,70,5,2,1,55,65,22,61,0,0,0,0,0,0,11,0,2,0,10,0,4,0,0,0,0,0,4,1,35.781495,139.83950055555556,6,3,9999,0,9,0
1,30,669,527,2,0,1,10360,0,121,2024,12,9,8,45,12,6,39,16,28,1,1,1,1,1,9,22,0,0,11,9,30,70,5,1,1,45,45,3,61,31,0,1,0,1,0,11,0,3,0,10,0,4,0,2,0,2,0,4,2,35.76994444444444,139.82956611111112,2,3,9999,0,1,0
1,30,669,528,2,0,1,30000,0,121,2024,12,11,18,0,22,6,40,16,28,1,1,1,1,7,2,22,0,0,14,9,30,70,5,3,1,65,55,13,61,31,0,11,0,1,0,11,0,2,0,10,0,3,0,2,0,2,0,4,2,35.763329722222224,139.8348325,4,3,9999,0,1,0
1,30,669,536,2,0,1,30960,0,121,2024,12,16,17,50,22,6,44,16,29,1,1,1,1,8,1,21,0,0,14,9,30,70,4,2,1,75,45,3,61,31,0,1,0,1,0,11,0,3,0,15,0,2,0,2,0,2,0,4,2,35.78278666666667,139.80566472222225,2,3,31,0,9,0
1,30,669,544,2,0,2,30000,0,121,2024,12,23,5,45,22,6,48,16,33,1,1,1,1,7,9,22,0,0,14,9,30,1,5,1,1,65,45,35,61,31,0,0,0,0,0,11,0,2,0,10,0,2,0,0,0,0,0,2,2,35.778823333333335,139.83386222222222,2,3,9999,0,9,0
1,30,669,547,2,0,1,30000,0,121,2024,11,22,8,30,12,6,24,16,30,1,1,1,14,7,0,0,0,0,2,9,1,70,5,4,1,55,75,3,61,31,0,1,0,1,0,11,0,10,0,80,0,4,0,2,0,2,0,4,2,35.75921888888889,139.82091583333332,6,2,9999,0,9,0
1,30,669,549,2,0,1,10130,0,121,2024,12,10,12,5,12,6,40,16,28,1,1,1,1,7,1,21,0,0,11,9,30,70,4,2,1,55,25,13,61,1,0,11,0,1,0,11,0,4,0,10,0,3,0,2,0,2,0,4,2,35.77542916666667,139.84448805555556,3,3,9999,0,9,0
1,30,669,553,2,0,2,30000,0,121,2024,12,28,13,35,12,6,50,16,36,1,1,1,7,1,0,0,0,0,3,9,1,70,4,2,1,1,55,51,61,41,0,0,0,0,0,0,0,0,0,10,0,3,0,0,0,0,0,2,2,35.76893305555556,139.83566972222224,7,3,0,0,0,0
1,30,669,559,2,0,1,30000,0,121,2024,12,26,16,22,13,6,49,16,34,1,1,1,7,7,0,0,0,0,1,9,1,70,4,2,1,35,35,51,61,41,0,0,0,0,0,0,0,0,0,20,0,3,0,0,0,0,0,4,2,35.76257416666667,139.82754472222223,5,3,0,0,0,0
1,30,670,319,2,0,1,30000,0,121,2024,12,12,10,30,12,6,41,16,28,1,1,1,1,7,9,22,0,0,14,9,30,70,5,4,1,65,75,3,61,31,0,1,0,1,0,11,0,2,0,25,0,3,0,2,0,2,0,4,2,35.79393388888889,139.79878166666666,5,3,9999,0,9,0
1,30,670,327,2,0,1,30000,0,121,2024,7,24,18,56,21,4,43,18,52,1,1,1,1,1,9,22,0,0,15,9,30,70,5,2,1,55,75,4,61,31,0,1,0,1,0,11,0,3,0,10,0,3,0,2,0,2,0,4,2,35.80763583333333,139.81075722222224,4,3,9999,0,1,0
1,30,670,328,2,0,1,30000,0,121,2024,12,24,9,30,12,6,48,16,33,1,1,1,14,7,0,0,0,0,3,9,1,70,5,2,1,45,75,3,61,31,0,1,0,1,0,11,0,10,0,80,0,3,0,2,0,2,0,4,2,35.79438111111111,139.79160916666666,3,3,9999,0,9,0
1,30,670,329,2,0,1,30000,0,121,2024,12,4,11,0,12,6,35,16,28,1,1,1,1,1,9,22,0,0,14,9,30,70,4,2,1,65,35,4,61,31,0,1,0,1,0,11,0,2,0,40,0,3,0,2,0,2,0,4,2,35.79271833333333,139.81395972222222,4,3,9999,0,9,0
1,30,771,566,2,0,1,10350,0,108,2024,11,7,11,56,12,6,9,16,40,1,1,1,14,7,0,0,0,0,5,9,1,70,4,2,1,75,35,51,61,41,0,0,0,0,0,0,0,0,0,40,0,4,0,0,0,0,0,4,2,35.675240555555554,139.8043127777778,5,3,0,0,0,0
1,30,771,568,2,0,2,10370,0,108,2024,11,20,6,49,11,6,22,16,31,1,1,2,14,7,0,0,0,0,6,9,1,70,4,2,1,1,55,34,61,31,0,0,0,0,0,11,0,4,0,10,0,2,0,0,0,0,0,2,2,35.679339166666665,139.80685222222223,4,3,9999,0,1,0
1,30,771,572,2,0,1,10040,0,108,2024,12,5,8,45,12,6,36,16,28,1,1,1,1,7,9,22,0,0,17,9,30,70,1,1,1,1,55,51,61,41,0,0,0,0,0,0,0,0,0,10,0,4,0,0,0,0,0,4,2,35.66927083333333,139.8065227777778,5,3,0,0,0,0
1,30,771,575,2,0,1,10350,0,108,2024,12,6,2,4,22,6,36,16,28,1,1,1,14,7,0,0,0,0,6,9,1,70,4,2,1,65,55,17,61,31,0,11,0,1,0,11,0,4,0,20,0,3,0,2,0,2,0,4,2,35.675286666666665,139.80416416666668,6,3,9999,0,9,0
1,30,771,576,2,0,1,20540,0,108,2024,12,6,7,50,12,6,36,16,28,1,1,1,1,1,9,22,0,0,19,9,30,70,4,1,1,45,1,14,61,31,0,11,0,1,0,11,0,10,0,10,0,3,0,2,0,2,0,4,2,35.68304694444444,139.81387750000002,6,3,9999,0,1,0
1,30,771,581,2,0,1,30000,0,108,2024,12,9,6,47,11,6,39,16,28,1,1,1,14,7,0,0,0,0,4,9,1,70,5,2,1,45,1,51,61,41,0,0,0,0,0,0,0,0,0,10,0,4,0,0,0,0,0,4,2,35.65985305555555,139.80062444444445,2,3,0,0,0,0
1,30,771,583,2,0,1,30000,0,108,2024,12,10,18,35,22,6,40,16,28,1,1,1,14,7,0,0,0,0,3,9,1,70,5,1,1,35,0,61,0,0,0,0,0,0,0,0,0,0,0,0,0,0,0,0,0,0,0,2,0,35.67776527777777,139.78977,3,3,0,0,0,0
1,30,771,590,2,0,1,30000,0,108,2024,12,5,19,30,22,6,36,16,28,1,1,1,1,7,9,22,0,0,15,9,30,70,4,2,1,45,25,14,61,1,0,11,0,1,0,11,0,10,0,10,0,3,0,2,0,2,0,4,2,35.660109166666665,139.81632666666667,5,3,9999,0,9,0
1,30,771,591,2,0,1,30000,0,108,2024,9,23,12,25,12,5,30,17,37,1,1,1,14,7,0,0,0,0,1,9,1,70,5,1,1,35,0,61,0,0,0,0,0,0,0,0,0,0,0,0,0,0,0,0,0,0,0,2,0,35.67009222222222,139.80113305555557,2,1,0,0,0,0
1,30,771,592,2,0,1,30000,0,108,2024,12,14,21,45,22,6,43,16,29,1,1,1,1,7,1,21,0,0,15,9,30,70,5,2,1,55,55,3,61,31,0,1,0,1,0,11,0,1,0,10,0,3,0,2,0,2,0,4,2,35.676651666666665,139.78909166666668,7,3,9999,0,9,0
1,30,771,597,2,0,1,10350,0,108,2024,12,17,17,35,22,6,44,16,30,1,1,1,14,7,0,0,0,0,3,9,1,70,4,1,1,25,1,51,61,41,0,0,0,0,0,0,0,0,0,10,0,3,0,0,0,0,0,4,2,35.67534083333333,139.8014777777778,3,3,0,0,0,0
1,30,771,610,2,0,1,30000,0,108,2024,12,24,10,45,12,6,48,16,33,1,1,1,1,7,9,22,0,0,14,9,30,70,5,2,1,55,75,17,61,1,0,11,0,1,0,11,0,10,0,10,0,4,0,1,0,1,0,4,2,35.67844861111111,139.8131977777778,3,3,9999,0,9,0
1,30,771,614,2,0,1,30000,0,108,2024,12,28,12,55,12,6,50,16,36,1,1,1,7,7,0,0,0,0,3,9,1,70,5,1,1,55,65,51,61,41,0,0,0,0,0,0,0,0,0,10,0,4,0,0,0,0,0,4,2,35.687552222222216,139.816525,7,3,0,0,0,0
1,30,772,412,2,0,1,30000,0,108,2024,12,1,10,20,12,6,32,16,28,1,1,1,1,1,9,22,0,0,14,9,30,70,5,2,1,75,75,14,61,31,0,11,0,1,0,11,0,2,0,10,0,4,0,2,0,2,0,4,2,35.68498194444444,139.82376583333334,1,3,82,0,9,0
1,30,772,417,2,0,1,30000,0,108,2024,12,5,10,45,12,6,36,16,28,1,1,1,14,7,0,0,0,0,1,9,1,70,5,3,1,45,55,3,61,31,0,1,0,1,0,11,0,2,0,20,0,3,0,2,0,2,0,4,2,35.690460277777774,139.83916166666668,5,3,9999,0,1,0
1,30,772,418,2,0,1,30000,0,108,2024,12,5,11,12,12,6,36,16,28,1,1,1,1,1,9,22,0,0,15,9,30,1,4,2,1,35,75,4,61,31,0,1,0,1,0,11,0,2,0,20,0,3,0,2,0,2,0,4,2,35.69434138888889,139.82376333333332,5,3,9999,0,1,0
1,30,772,421,2,0,1,20530,0,108,2024,12,6,18,8,22,6,36,16,28,1,1,1,14,7,0,0,0,0,2,9,1,70,4,1,1,1,35,51,61,41,0,0,0,0,0,0,0,0,0,10,0,3,0,0,0,0,0,4,2,35.70733416666667,139.82019111111111,6,3,0,0,0,0
1,30,772,424,2,0,1,30000,0,108,2024,12,9,12,50,12,6,39,16,28,1,1,1,14,7,0,0,0,0,2,9,1,70,5,3,1,1,75,51,61,41,0,0,0,0,0,0,0,0,0,10,0,4,0,0,0,0,0,4,2,35.678221666666666,139.83788583333333,2,3,0,0,0,0
1,30,772,425,2,0,1,140,71,108,2024,12,10,20,50,22,6,40,16,28,1,1,1,1,1,9,22,0,0,19,9,30,70,1,1,1,45,65,3,61,31,0,1,0,1,0,11,0,5,0,50,0,3,0,2,0,2,0,4,2,35.69741444444444,139.8428436111111,3,3,9999,0,9,0
1,30,772,427,2,0,1,95000,0,108,2024,11,18,16,30,13,6,20,16,32,1,1,1,0,7,0,0,0,0,0,0,20,70,0,4,1,1,1,51,61,41,0,0,0,0,0,0,0,0,0,10,0,4,0,0,0,0,0,4,2,35.67659222222222,139.8217363888889,2,3,0,0,0,0
1,30,772,430,2,0,1,10060,0,108,2024,11,29,16,20,13,6,30,16,28,1,1,1,14,7,0,0,0,0,2,9,1,70,1,1,1,55,45,51,61,41,0,0,0,0,0,0,0,0,0,20,0,4,0,0,0,0,0,4,2,35.69067388888889,139.8434127777778,6,3,0,0,0,0
1,30,772,431,2,0,1,30000,0,108,2024,12,17,9,20,12,6,44,16,30,1,1,1,14,7,0,0,0,0,2,9,1,70,4,2,1,45,55,13,61,31,0,11,0,1,0,11,0,2,0,10,0,3,0,2,0,2,0,4,2,35.698186388888885,139.82497555555554,3,3,9999,0,1,0
1,30,772,447,2,0,1,20660,0,108,2024,11,12,7,55,12,6,14,16,36,1,1,1,14,7,0,0,0,0,4,9,1,70,4,1,1,35,1,51,61,41,0,0,0,0,0,0,0,0,0,10,0,3,0,0,0,0,0,4,2,35.69585472222222,139.8431236111111,3,3,0,0,0,0
1,30,773,308,2,0,1,31030,0,107,2024,12,1,18,10,22,6,32,16,28,1,1,1,14,7,0,0,0,0,4,9,1,70,5,2,1,25,45,51,61,41,0,0,0,0,0,0,0,0,0,40,0,4,0,0,0,0,0,4,2,35.69766166666666,139.81280750000002,1,3,0,0,0,0
1,30,773,309,2,0,1,140,39,107,2024,11,22,16,10,13,6,24,16,30,1,1,1,14,7,0,0,0,0,5,9,1,70,1,2,1,1,75,51,61,41,0,0,0,0,0,0,0,0,0,10,0,3,0,0,0,0,0,4,2,35.695139166666664,139.80605,6,2,0,0,0,0
1,30,773,312,2,0,1,30000,0,107,2024,12,5,9,55,12,6,36,16,28,1,1,1,7,1,0,0,0,0,3,9,1,70,5,2,1,55,65,3,61,31,0,1,0,1,0,11,0,3,0,40,0,3,0,2,0,2,0,4,2,35.69727111111111,139.8014402777778,5,3,9999,0,1,0
1,30,773,315,2,0,1,10370,0,107,2024,12,11,8,6,12,6,40,16,28,1,1,1,1,1,9,22,0,0,18,9,30,70,1,2,1,25,75,14,61,31,0,11,0,1,0,11,0,4,0,10,0,3,0,2,0,2,0,4,2,35.700474166666666,139.8050166666667,4,3,9999,0,1,0
1,30,773,325,2,0,1,30000,0,107,2024,12,21,11,35,12,6,47,16,32,1,1,1,14,7,0,0,0,0,2,9,1,70,5,2,1,1,1,51,61,41,0,0,0,0,0,0,0,0,0,10,0,3,0,0,0,0,0,4,2,35.70936972222223,139.8106188888889,7,3,0,0,0,0
1,30,773,329,2,0,1,140,46,107,2024,12,16,19,4,22,6,44,16,29,1,1,1,7,1,0,0,0,0,5,9,1,70,1,1,1,1,45,36,61,31,0,0,0,0,0,11,0,10,0,20,0,3,0,0,0,0,0,4,2,35.695636388888886,139.81556527777778,2,3,0,0,0,0
1,30,774,239,2,0,1,30000,0,107,2024,12,12,17,5,21,6,41,16,28,1,1,1,1,1,9,22,0,0,18,9,30,70,4,1,1,35,75,52,61,41,0,0,0,0,0,0,0,0,0,10,0,3,0,0,0,0,0,4,2,35.71272722222223,139.82787861111112,5,3,0,0,0,0
1,30,774,240,2,0,1,30000,0,107,2024,12,12,21,40,22,6,41,16,28,1,1,1,1,7,9,22,0,0,11,9,30,70,4,1,1,75,45,3,61,1,0,1,0,1,0,11,0,2,0,20,0,3,0,2,0,2,0,4,2,35.71227555555556,139.82451833333332,5,3,203,0,9,0
1,30,774,242,2,0,1,95000,0,107,2024,8,26,19,4,21,5,8,18,17,1,1,1,0,7,0,0,0,0,0,0,20,70,0,4,1,1,55,51,61,41,0,0,0,0,0,0,0,0,0,10,0,3,0,0,0,0,0,4,2,35.73547666666667,139.82270944444443,2,3,0,0,0,0
1,30,774,244,2,0,1,30490,0,107,2024,12,18,2,32,22,6,45,16,30,1,1,1,7,7,0,0,0,0,4,9,1,70,4,2,1,45,35,3,61,1,0,1,0,1,0,11,0,3,0,10,0,3,0,2,0,2,0,4,2,35.72455055555556,139.8239511111111,4,3,9999,0,1,0
1,30,774,255,2,0,1,30000,0,107,2024,12,25,16,15,13,6,49,16,34,2,1,1,7,7,0,0,0,0,3,9,1,70,5,2,1,45,1,3,61,31,0,1,0,1,0,11,0,1,0,10,0,3,0,2,0,2,0,4,2,35.72533583333333,139.81960944444444,4,3,9999,0,1,0
1,30,774,256,2,0,1,30000,0,107,2024,12,28,11,30,12,6,50,16,36,1,1,1,1,7,1,21,0,0,14,9,30,70,5,3,1,65,75,3,61,31,0,1,0,1,0,11,0,2,0,80,0,4,0,2,0,2,0,4,2,35.727226944444446,139.81986055555555,7,3,9999,0,9,0
1,30,775,342,2,0,1,30000,0,122,2024,11,25,15,15,12,6,26,16,29,1,1,1,7,7,0,0,0,0,1,9,1,70,5,3,1,35,75,51,61,41,0,0,0,0,0,0,0,0,0,10,0,3,0,0,0,0,0,4,2,35.7483975,139.83071944444444,2,3,0,0,0,0
1,30,776,359,2,0,1,30000,0,122,2024,12,8,19,30,22,6,38,16,28,1,1,1,14,7,0,0,0,0,1,9,1,70,5,3,1,1,35,51,61,41,0,0,0,0,0,0,0,0,0,10,0,3,0,0,0,0,0,4,2,35.74979277777778,139.87405055555556,1,3,0,0,0,0
1,30,776,362,2,0,1,10410,0,122,2024,11,18,8,5,12,6,20,16,32,3,1,2,14,7,0,0,0,0,2,9,1,70,4,2,1,1,0,61,0,0,0,0,0,0,0,0,0,0,0,0,0,0,0,0,0,0,0,2,0,35.73656833333333,139.84623472222222,2,3,0,0,0,0
1,30,776,371,2,0,1,10290,0,122,2024,12,12,21,5,22,6,41,16,28,1,1,1,1,1,9,22,0,0,19,9,30,70,1,1,1,65,25,13,61,31,0,11,0,1,0,11,0,4,0,80,0,3,0,2,0,2,0,4,2,35.728210000000004,139.8698725,5,3,9999,0,9,0
1,30,776,375,2,0,1,10360,0,122,2024,12,16,11,45,12,6,44,16,29,1,1,1,1,7,1,21,0,0,14,9,30,70,1,1,1,65,45,3,61,31,0,1,0,1,0,11,0,3,0,80,0,3,0,2,0,2,0,4,2,35.747188055555554,139.82539194444445,2,3,9999,0,9,0
1,30,776,379,2,0,1,30000,0,122,2024,12,3,14,40,12,6,34,16,28,1,1,1,1,7,9,22,0,0,15,9,30,70,4,2,1,65,1,35,61,31,0,0,0,0,0,11,0,5,0,10,0,3,0,0,0,0,0,4,2,35.74957611111111,139.8759902777778,3,3,9999,0,9,0
1,30,776,381,2,0,1,95000,0,122,2024,12,20,6,30,23,6,46,16,31,1,1,1,0,7,0,0,0,0,0,0,20,70,0,4,1,45,75,52,61,41,0,0,0,0,0,0,0,0,0,10,0,3,0,0,0,0,0,4,2,35.73762722222222,139.82663194444444,6,3,0,0,0,0
1,30,776,385,2,0,1,30000,0,122,2024,12,13,16,50,21,6,42,16,29,2,1,1,14,7,0,0,0,0,1,9,1,1,5,3,1,1,55,3,61,31,0,1,0,1,0,11,0,2,0,10,0,4,0,2,0,2,0,4,2,35.737790277777776,139.83952166666668,6,3,9999,0,1,0
1,30,776,389,2,0,1,30000,0,122,2024,12,10,9,35,12,6,40,16,28,1,1,1,14,7,0,0,0,0,3,9,1,70,4,2,1,55,75,17,61,31,0,11,0,1,0,11,0,3,0,40,0,4,0,2,0,2,0,4,2,35.73226555555556,139.86428194444443,3,3,9999,0,9,0
1,30,777,702,2,0,1,30000,0,123,2024,12,1,19,40,22,6,32,16,28,1,1,1,1,1,9,22,0,0,14,9,30,1,4,2,1,45,45,3,61,31,0,1,0,1,0,1,0,2,0,10,0,3,0,2,0,2,0,4,2,35.70635138888889,139.86977611111112,1,3,9999,0,9,0
1,30,777,704,2,0,2,30000,0,123,2024,12,2,17,33,22,6,33,16,28,1,1,1,1,7,9,22,0,0,15,9,30,70,4,3,1,25,1,34,61,31,0,0,0,0,0,11,0,2,0,10,0,3,0,0,0,0,0,4,2,35.710143333333335,139.840295,2,3,9999,0,1,0
1,30,777,712,2,0,1,30000,0,123,2024,12,6,8,25,12,6,36,16,28,1,1,1,14,7,0,0,0,0,4,9,1,70,4,3,1,45,45,17,61,31,0,11,0,1,0,11,0,2,0,40,0,3,0,2,0,2,0,4,2,35.68914333333333,139.87078333333335,6,3,9999,0,1,0
1,30,777,728,2,0,1,21190,0,123,2024,12,13,19,7,22,6,42,16,29,2,1,1,1,7,1,21,0,0,14,9,30,70,1,2,1,45,65,3,61,31,0,1,0,1,0,11,0,3,0,20,0,3,0,2,0,2,0,4,2,35.69954583333333,139.8488375,6,3,9999,0,3,0
1,30,777,740,2,0,1,30000,0,123,2024,12,19,18,0,22,6,46,16,31,1,1,1,1,7,9,22,0,0,11,9,30,70,5,2,1,35,1,36,61,31,0,0,0,0,0,11,0,2,0,10,0,2,0,0,0,0,0,2,4,35.695612499999996,139.87546972222222,5,3,9999,0,1,0
1,30,777,745,2,0,1,30000,0,123,2024,12,21,23,59,22,6,47,16,32,1,1,1,1,1,9,22,0,0,15,9,30,70,5,2,1,1,55,3,61,31,0,1,0,1,0,11,0,3,0,10,0,3,0,2,0,2,0,4,2,35.693015555555554,139.89909166666666,7,3,9999,0,1,0
1,30,777,747,2,0,1,141,0,123,2024,12,23,16,20,13,6,48,16,33,1,1,1,14,7,0,0,0,0,4,9,1,70,1,2,1,1,1,51,61,41,0,0,0,0,0,0,0,0,0,10,0,3,0,0,0,0,0,4,2,35.70672166666667,139.86772444444446,2,3,0,0,0,0
1,30,777,766,2,0,1,30000,0,123,2024,12,21,12,56,12,6,47,16,32,1,1,1,1,7,9,22,0,0,11,9,30,70,5,4,1,45,1,3,61,31,0,1,0,1,0,11,0,5,0,40,0,3,0,2,0,2,0,4,2,35.712963333333335,139.84261750000002,7,3,9999,0,9,0