資料区分,都道府県コード,警察署等コード,本票番号,事故内容,死者数,負傷者数,路線コード,地点コード,市区町村コード,発生日時　　年,発生日時　　月,発生日時　　日,発生日時　　時,発生日時　　分,昼夜,日の出時刻　　時,日の出時刻　　分,日の入り時刻　　時,日の入り時刻　　分,天候,地形,路面状態,道路形状,信号機,一時停止規制　標識（当事者A）,一時停止規制　表示（当事者A）,一時停止規制　標識（当事者B）,一時停止規制　表示（当事者B）,車道幅員,道路線形,衝突地点,ゾーン規制,中央分離帯施設等,歩車道区分,事故類型,年齢（当事者A）,年齢（当事者B）,当事者種別（当事者A）,当事者種別（当事者B）,用途別（当事者A）,用途別（当事者B）,車両形状等（当事者A）,車両形状等（当事者B）,オートマチック車（当事者A）,オートマチック車（当事者B）,サポカー（当事者A）,サポカー（当事者B）,速度規制（指定のみ）（当事者A）,速度規制（指定のみ）（当事者B）,車両の衝突部位（当事者A）,車両の衝突部位（当事者B）,車両の損壊程度（当事者A）,車両の損壊程度（当事者B）,エアバッグの装備（当事者A）,エアバッグの装備（当事者B）,サイドエアバッグの装備（当事者A）,サイドエアバッグの装備（当事者B）,人身損傷程度（当事者A）,人身損傷程度（当事者B）,lat,lon,曜日(発生年月日),祝日(発生年月日),認知機能検査経過日数（当事者A）,認知機能検査経過日数（当事者B）,運転練習の方法（当事者A）,運転練習の方法（当事者B）
1,30,777,770,2,0,1,30000,0,123,2024,12,22,9,48,12,6,47,16,32,1,1,1,1,1,9,22,0,0,15,9,30,70,5,2,1,35,45,3,61,31,0,1,0,1,0,11,0,3,0,20,0,3,0,2,0,2,0,4,2,35.68792388888888,139.89992583333333,1,3,9999,0,1,0
1,30,777,772,2,0,1,30000,0,123,2024,12,23,17,27,21,6,48,16,33,1,1,1,14,7,0,0,0,0,1,9,20,70,5,4,1,25,45,51,61,41,0,0,0,0,0,0,0,0,0,10,0,3,0,0,0,0,0,4,2,35.68537722222222,139.84935194444446,2,3,0,0,0,0
1,30,778,261,2,0,1,30000,0,123,2024,12,7,17,5,21,6,37,16,28,1,1,1,14,7,0,0,0,0,1,9,1,70,5,3,1,25,65,3,61,31,0,1,0,1,0,11,0,1,0,50,0,3,0,2,0,2,0,4,2,35.73651,139.8809202777778,7,3,9999,0,1,0
1,30,778,264,2,0,1,30000,0,123,2024,12,10,14,15,12,6,40,16,28,1,1,1,1,7,1,21,0,0,11,9,30,70,5,2,1,65,75,14,61,31,0,11,0,1,0,11,0,2,0,50,0,4,0,2,0,2,0,4,2,35.73179944444445,139.87946833333334,3,3,9999,0,9,0
1,30,778,265,2,0,1,30000,0,123,2024,12,12,17,55,22,6,41,16,28,1,1,1,14,7,0,0,0,0,2,9,1,70,5,3,1,45,1,4,61,31,0,1,0,1,0,11,0,2,0,20,0,3,0,2,0,2,0,4,2,35.71618277777778,139.87316416666667,5,3,9999,0,1,0
1,30,778,268,2,0,1,30000,0,123,2024,12,16,6,26,23,6,44,16,29,1,1,1,14,7,0,0,0,0,2,9,1,70,5,2,1,1,75,3,61,31,0,1,0,1,0,11,0,10,0,10,0,3,0,2,0,2,0,4,2,35.716547777777784,139.89863805555555,2,3,9999,0,1,0
1,30,778,278,2,0,1,30000,0,123,2024,12,13,17,38,22,6,42,16,29,2,1,1,7,1,0,0,0,0,2,9,1,70,4,2,1,75,75,34,61,31,0,0,0,0,0,11,0,10,0,20,0,3,0,0,0,0,0,4,2,35.73867583333333,139.87877527777778,6,3,255,0,9,0
1,30,778,280,2,0,1,10380,0,123,2024,12,27,20,57,22,6,49,16,35,1,1,1,1,1,9,22,0,0,11,9,30,70,4,2,1,55,55,4,61,31,0,1,0,1,0,11,0,3,0,10,0,3,0,2,0,2,0,4,2,35.72392472222222,139.8893575,6,3,9999,0,9,0
1,30,778,283,2,0,1,30000,0,123,2024,12,29,14,43,12,6,50,16,36,1,1,1,7,7,0,0,0,0,3,9,1,70,4,2,1,1,75,4,61,31,0,1,0,1,0,11,0,2,0,10,0,3,0,2,0,2,0,4,2,35.72127722222223,139.87710305555555,1,3,9999,0,1,0
1,30,779,239,2,0,1,30000,0,123,2024,11,15,11,18,12,6,17,16,34,2,1,2,7,7,0,0,0,0,2,9,1,1,5,2,1,35,35,3,61,31,0,1,0,1,0,11,0,2,0,20,0,3,0,2,0,2,0,4,2,35.68290222222222,139.86578,6,3,9999,0,5,0
1,30,779,250,2,0,1,30000,0,123,2024,12,17,7,20,11,6,44,16,30,1,1,1,1,7,9,22,0,0,15,9,30,70,5,1,1,1,1,3,61,31,0,1,0,1,0,11,0,2,0,80,0,3,0,2,0,2,0,4,2,35.64483277777778,139.8703786111111,3,3,9999,0,1,0
1,30,779,257,2,0,1,30000,0,123,2024,12,23,18,0,22,6,48,16,33,1,1,1,14,7,0,0,0,0,1,9,1,70,5,1,1,45,35,51,61,41,0,0,0,0,0,0,0,0,0,20,0,4,0,0,0,0,0,4,2,35.68111,139.85513194444445,2,3,0,0,0,0
1,30,876,399,2,0,1,30000,0,201,2024,9,25,8,50,12,5,31,17,34,2,2,1,14,7,0,0,0,0,3,9,1,70,4,3,1,1,35,51,61,41,0,0,0,0,0,0,0,0,0,10,0,3,0,0,0,0,0,4,2,35.627678333333336,139.38196916666666,4,3,0,0,0,0
1,30,876,405,2,0,1,161,0,201,2024,12,3,18,56,22,6,34,16,28,1,1,1,1,1,9,22,0,0,18,9,30,70,1,1,1,55,25,3,61,31,0,1,0,1,0,11,0,3,0,10,0,3,0,2,0,2,0,4,2,35.64700333333333,139.35247333333334,3,3,9999,0,9,0
1,30,876,416,2,0,1,30000,0,209,2024,12,10,7,30,11,6,40,16,28,1,1,1,1,7,8,21,0,0,11,9,30,70,5,4,1,55,55,3,61,31,0,1,0,1,0,11,0,10,0,40,0,3,0,2,0,2,0,4,2,35.604038611111115,139.34314111111112,3,3,9999,0,1,0
1,30,876,420,2,0,1,30820,0,209,2024,12,11,18,17,22,6,40,16,28,1,1,1,1,1,9,22,0,0,14,9,30,70,5,2,1,45,65,3,61,31,0,1,0,1,0,11,0,3,0,10,0,4,0,2,0,2,0,4,2,35.605325,139.3566097222222,4,3,9999,0,1,0
1,30,876,426,2,0,1,99000,0,201,2024,12,13,22,0,22,6,42,16,29,1,1,1,0,7,0,0,0,0,0,0,20,70,0,4,1,1,75,51,61,41,0,0,0,0,0,0,0,0,0,10,0,3,0,0,0,0,0,4,2,35.60820666666667,139.37873194444444,6,3,0,0,0,0
1,30,876,429,2,0,1,30000,0,201,2024,12,14,17,56,22,6,43,16,29,1,1,1,14,7,0,0,0,0,2,8,1,70,5,4,1,65,55,3,61,31,0,1,0,1,0,11,0,5,0,10,0,3,0,2,0,2,0,4,2,35.64463527777778,139.3370952777778,7,3,9999,0,9,0
1,30,876,435,2,0,1,30000,0,201,2024,12,16,6,15,23,6,44,16,29,1,2,1,14,7,0,0,0,0,2,9,1,70,5,3,1,45,75,51,61,41,0,0,0,0,0,0,0,0,0,10,0,3,0,0,0,0,0,4,2,35.63636722222222,139.33190944444445,2,3,0,0,0,0
1,30,876,446,2,0,1,10480,0,201,2024,12,19,14,6,12,6,46,16,31,1,1,1,1,3,9,22,0,0,18,9,30,70,1,2,1,1,1,51,61,41,0,0,0,0,0,0,0,0,0,10,0,3,0,0,0,0,0,4,2,35.635464166666665,139.41093583333333,5,3,0,0,0,0
1,30,876,448,2,0,1,30000,0,201,2024,12,20,8,15,12,6,46,16,31,1,2,1,1,7,9,22,0,0,15,9,30,70,4,2,1,75,55,3,61,31,0,1,0,1,0,11,0,3,0,0,0,4,0,2,0,2,0,4,2,35.63368361111111,139.3572697222222,6,3,977,0,9,0
1,30,876,449,2,0,1,30000,0,201,2024,12,20,17,22,21,6,46,16,31,1,1,1,1,7,9,22,0,0,15,9,30,70,4,2,1,75,1,4,61,31,0,1,0,1,0,11,0,3,0,50,0,3,0,2,0,2,0,4,2,35.64049694444444,139.34082472222224,6,3,473,0,9,0
1,30,876,451,2,0,1,99000,0,209,2024,12,21,8,40,12,6,47,16,32,1,1,1,0,7,0,0,0,0,0,0,20,70,0,4,1,75,0,61,0,0,0,0,0,0,0,0,0,0,0,0,0,0,0,0,0,0,0,2,0,35.60857027777778,139.2987997222222,7,3,0,0,0,0
1,30,876,455,2,0,1,30000,0,201,2024,12,15,11,0,12,6,43,16,29,1,2,1,14,7,0,0,0,0,2,9,1,70,5,1,1,55,65,13,61,1,0,11,0,1,0,11,0,5,0,30,0,3,0,2,0,2,0,4,2,35.645449166666666,139.3608563888889,1,3,9999,0,9,0
1,30,876,462,2,0,1,10490,0,209,2024,12,23,19,15,22,6,48,16,33,1,1,1,1,7,1,21,0,0,14,9,30,70,4,2,1,65,35,4,61,31,0,1,0,1,0,11,0,5,0,10,0,3,0,2,0,2,0,4,2,35.605939722222224,139.3373575,2,3,9999,0,9,0
1,30,877,418,2,0,1,20740,0,201,2024,10,3,23,40,22,5,37,17,22,1,2,2,1,1,9,22,0,0,14,9,30,70,5,2,1,35,1,3,61,31,0,1,0,1,0,11,0,3,0,10,0,3,0,2,0,2,0,4,2,35.67882916666667,139.2984952777778,5,3,9999,0,1,0
1,30,877,420,2,0,1,30000,0,201,2024,11,25,9,16,12,6,26,16,29,1,2,1,14,7,0,0,0,0,2,9,1,70,5,2,1,65,75,52,61,41,0,0,0,0,0,0,0,0,0,10,0,3,0,0,0,0,0,4,2,35.657669722222224,139.30236333333335,2,3,0,0,0,0
1,30,877,424,2,0,1,20730,0,201,2024,12,3,16,25,13,6,34,16,28,1,2,1,14,7,0,0,0,0,2,9,1,70,4,2,1,25,1,3,61,31,0,1,0,1,0,11,0,3,0,10,0,3,0,2,0,2,0,4,2,35.66242611111111,139.30982472222223,3,3,9999,0,1,0
1,30,877,443,2,0,1,30000,0,201,2024,12,17,18,11,22,6,44,16,30,1,1,1,1,7,9,22,0,0,14,9,30,70,5,4,1,25,55,3,61,31,0,1,0,1,0,11,0,3,0,10,0,3,0,2,0,2,0,4,2,35.66920583333333,139.3082863888889,3,3,9999,0,1,0
1,30,877,446,2,0,1,30000,0,201,2024,12,18,16,50,21,6,45,16,30,1,1,1,1,7,9,22,0,0,15,9,30,70,5,2,1,65,75,3,61,31,0,1,0,1,0,11,0,3,0,10,0,2,0,2,0,2,0,4,2,35.654174166666664,139.29429805555554,4,3,9999,0,9,0
1,30,877,450,2,0,1,30000,0,201,2024,12,21,12,5,12,6,47,16,32,1,1,1,14,7,0,0,0,0,2,9,1,70,4,2,1,75,1,51,61,41,0,0,0,0,0,0,0,0,0,10,0,3,0,0,0,0,0,2,4,35.64837861111111,139.2920036111111,7,3,0,0,0,0
1,30,877,451,2,0,1,30000,0,201,2024,12,4,8,10,12,6,35,16,28,1,1,1,14,7,0,0,0,0,3,9,1,70,5,4,1,1,1,51,61,41,0,0,0,0,0,0,0,0,0,10,0,4,0,0,0,0,0,4,2,35.62461444444445,139.30396444444446,4,3,0,0,0,0
1,30,877,454,2,0,1,99000,0,201,2024,12,25,17,37,22,6,49,16,34,1,2,1,0,7,0,0,0,0,0,0,20,70,0,4,1,1,65,4,61,31,0,1,0,1,0,11,0,10,0,10,0,3,0,2,0,2,0,4,2,35.666264444444444,139.3040302777778,4,3,9999,0,1,0
1,30,877,461,2,0,1,99000,0,201,2024,12,30,13,15,12,6,50,16,37,1,2,1,0,7,0,0,0,0,0,0,20,70,0,4,1,35,55,4,61,31,0,1,0,1,0,11,0,10,0,70,0,3,0,2,0,2,0,4,2,35.63574527777778,139.2702388888889,2,3,9999,0,1,0
1,30,877,462,2,0,1,30000,0,201,2024,12,30,15,10,12,6,50,16,37,1,2,1,1,1,9,22,0,0,15,8,30,70,1,2,1,75,25,4,61,31,0,1,0,1,0,11,0,4,0,10,0,3,0,2,0,2,0,4,2,35.63855944444445,139.2946025,2,3,598,0,9,0
1,30,878,435,2,0,1,30000,0,224,2024,10,2,21,37,22,5,37,17,23,1,2,1,14,7,0,0,0,0,3,9,1,70,1,1,1,55,65,51,61,41,0,0,0,0,0,0,0,0,0,10,0,3,0,0,0,0,0,4,2,35.65040944444444,139.44659583333333,4,3,0,0,0,0
1,30,878,436,2,0,1,20000,0,224,2024,11,21,12,20,12,6,23,16,31,1,2,1,1,1,9,22,0,0,19,9,30,70,1,2,1,65,65,3,61,31,0,1,0,1,0,11,0,4,0,80,0,3,0,2,0,2,0,4,2,35.61302833333333,139.41188944444445,5,3,9999,0,9,0
1,30,878,442,2,0,1,99000,0,225,2024,12,3,9,36,12,6,34,16,28,1,1,1,0,7,0,0,0,0,0,0,20,70,0,4,1,65,75,3,61,31,0,1,0,1,0,11,0,10,0,10,0,4,0,2,0,2,0,4,2,35.64742527777778,139.48613638888887,3,3,9999,0,9,0
1,30,878,454,2,0,1,30000,0,225,2024,12,12,17,25,21,6,41,16,28,1,1,1,1,1,9,22,0,0,11,9,30,70,5,2,1,25,35,3,61,31,0,1,0,1,0,11,0,2,0,10,0,3,0,2,0,2,0,4,2,35.639805555555554,139.50571805555555,5,3,9999,0,1,0
1,30,878,459,2,0,1,30000,0,225,2024,12,17,20,8,22,6,44,16,30,1,2,1,14,7,0,0,0,0,2,9,1,70,5,3,1,1,55,4,61,31,0,1,0,1,0,11,0,4,0,40,0,3,0,2,0,2,0,4,2,35.64005861111111,139.5168852777778,3,3,9999,0,1,0
1,30,878,460,2,0,1,30000,0,225,2024,12,19,21,35,22,6,46,16,31,1,1,1,7,7,0,0,0,0,2,9,1,70,5,4,1,45,45,3,61,31,0,1,0,1,0,11,0,10,0,30,0,3,0,2,0,2,0,4,2,35.64270722222222,139.51974555555557,5,3,9999,0,1,0
1,30,878,468,2,0,1,30000,0,225,2024,12,24,20,30,22,6,48,16,33,1,1,1,1,1,9,22,0,0,18,9,30,70,4,2,1,25,1,3,61,31,0,1,0,1,0,11,0,3,0,10,0,3,0,2,0,2,0,4,2,35.64087222222222,139.5087263888889,3,3,9999,0,1,0
1,30,878,471,2,0,1,10480,0,224,2024,12,6,11,52,12,6,36,16,28,1,2,1,1,1,9,22,0,0,17,9,30,70,1,2,1,75,55,4,61,31,0,1,0,1,0,11,0,4,0,20,0,3,0,2,0,2,0,4,2,35.6472,139.43608,6,3,226,0,9,0
1,30,879,434,2,0,1,10250,0,220,2024,12,1,12,43,12,6,32,16,28,1,2,1,1,1,9,22,0,0,18,9,30,70,5,2,1,55,1,3,61,31,0,1,0,1,0,11,0,4,0,10,0,3,0,2,0,2,0,4,2,35.74688527777778,139.43791083333335,1,3,9999,0,9,0
1,30,879,437,2,0,1,30590,0,220,2024,12,4,5,50,23,6,35,16,28,1,3,1,14,7,0,0,0,0,3,9,1,70,4,2,1,65,75,3,61,1,0,1,0,1,0,11,0,3,0,80,0,3,0,2,0,2,0,4,2,35.73537861111111,139.4284386111111,4,3,9999,0,9,0
1,30,879,438,2,0,1,30000,0,223,2024,12,4,7,40,12,6,35,16,28,1,1,1,1,1,9,22,0,0,15,9,30,70,4,2,1,65,1,4,61,31,0,1,0,1,0,11,0,3,0,20,0,3,0,2,0,2,0,4,2,35.752075833333336,139.3773911111111,4,3,9999,0,3,0
1,30,879,457,2,0,1,30000,0,223,2024,12,17,5,50,23,6,44,16,30,1,2,1,14,7,0,0,0,0,2,9,1,70,5,2,1,35,35,36,61,31,0,0,0,0,0,11,0,2,0,10,0,3,0,0,0,0,0,4,2,35.73581888888889,139.3777777777778,3,3,9999,0,4,0
1,30,879,459,2,0,1,30000,0,220,2024,12,17,8,10,12,6,44,16,30,1,2,1,1,1,9,22,0,0,14,9,30,70,4,2,1,25,45,4,61,31,0,1,0,1,0,11,0,2,0,10,0,3,0,2,0,2,0,4,2,35.737971111111115,139.42527055555556,3,3,9999,0,1,0
1,30,880,261,2,0,1,30000,0,205,2024,11,23,17,45,22,6,25,16,30,1,2,1,7,1,0,0,0,0,2,9,1,70,4,2,1,55,55,3,61,31,0,1,0,1,0,11,0,1,0,10,0,3,0,2,0,2,0,4,2,35.7895725,139.27560194444445,7,1,9999,0,9,0
1,30,880,265,2,0,1,30000,0,205,2024,12,3,15,30,13,6,34,16,28,1,1,1,14,7,0,0,0,0,3,9,1,70,4,1,1,55,65,4,61,31,0,1,0,1,0,11,0,3,0,10,0,4,0,2,0,2,0,4,2,35.77797472222222,139.31358166666666,3,3,9999,0,9,0
1,30,880,267,2,0,1,10240,0,205,2024,12,5,19,7,22,6,36,16,28,1,2,1,14,7,0,0,0,0,3,9,1,70,4,2,1,75,35,3,61,31,0,1,0,1,0,11,0,3,0,10,0,3,0,2,0,2,0,4,2,35.80430694444444,139.19496333333333,5,3,274,0,9,0
1,30,880,270,2,0,1,10450,0,205,2024,12,6,17,5,21,6,36,16,28,1,1,1,1,1,9,22,0,0,15,9,30,70,5,2,1,55,55,14,61,31,0,11,0,1,0,11,0,3,0,10,0,3,0,2,0,2,0,4,2,35.77131972222222,139.29072305555556,6,3,9999,0,9,0
1,30,880,275,2,0,1,20000,0,205,2024,12,11,3,48,22,6,40,16,28,1,3,1,1,1,9,22,0,0,15,9,30,70,1,2,1,55,35,11,61,1,0,11,0,1,0,11,0,3,0,40,0,4,0,2,0,2,0,4,2,35.77691305555555,139.311595,4,3,9999,0,9,0
1,30,880,276,2,0,1,99000,0,205,2024,12,8,15,50,13,6,38,16,28,1,1,1,0,7,0,0,0,0,0,0,20,70,0,4,1,65,25,4,61,31,0,1,0,1,0,11,0,10,0,50,0,3,0,2,0,2,0,4,2,35.79318222222222,139.31467500000002,1,3,9999,0,9,0
1,30,880,278,2,0,1,30000,0,205,2024,12,14,11,5,12,6,43,16,29,1,1,1,14,7,0,0,0,0,1,9,1,70,4,2,1,45,1,51,61,41,0,0,0,0,0,0,0,0,0,10,0,3,0,0,0,0,0,4,2,35.78221361111111,139.2978811111111,7,3,0,0,0,0
1,30,880,286,2,0,1,10530,0,205,2024,12,19,7,30,11,6,46,16,31,1,3,1,1,1,9,22,0,0,14,9,30,70,5,2,1,55,55,3,61,31,0,1,0,1,0,11,0,3,0,10,0,4,0,2,0,2,0,4,2,35.77861361111111,139.29141055555556,5,3,9999,0,9,0
1,30,880,294,2,0,1,30000,0,205,2024,12,29,12,38,12,6,50,16,36,1,2,1,1,1,9,22,0,0,15,9,30,70,5,2,1,75,75,3,61,31,0,1,0,1,0,11,0,2,0,10,0,3,0,2,0,2,0,4,2,35.791822499999995,139.30080777777778,1,3,636,0,9,0
1,30,881,176,2,0,1,30000,0,305,2024,12,1,14,0,12,6,32,16,28,1,1,1,14,7,0,0,0,0,4,9,1,70,4,2,1,35,45,3,61,31,0,1,0,1,0,11,0,10,0,10,0,3,0,2,0,2,0,4,2,35.73584861111111,139.2743538888889,1,3,9999,0,5,0
1,30,882,329,2,0,1,10240,0,303,2024,12,2,1,17,22,6,33,16,28,1,3,1,1,7,9,22,0,0,14,9,30,70,5,3,1,55,45,12,61,1,0,11,0,2,0,11,0,2,0,10,0,3,0,2,0,2,0,4,2,35.76678916666667,139.35843416666665,2,3,9999,0,9,0
1,30,882,344,2,0,1,10530,0,227,2024,11,30,3,55,22,6,31,16,28,1,1,1,7,1,0,0,0,0,4,9,1,70,4,3,1,45,35,3,61,31,0,1,0,1,0,11,0,4,0,10,0,4,0,2,0,2,0,4,2,35.754555833333335,139.3112025,7,3,9999,0,5,0
1,30,882,348,2,0,1,30000,0,303,2024,12,9,18,30,22,6,39,16,28,1,3,1,1,7,8,21,0,0,15,9,30,70,5,2,1,55,35,4,61,31,0,1,0,1,0,11,0,2,0,20,0,3,0,2,0,2,0,4,2,35.75852972222222,139.3512661111111,2,3,9999,0,5,0
1,30,882,352,2,0,1,30000,0,227,2024,12,5,17,55,22,6,36,16,28,1,1,1,1,7,9,22,0,0,11,9,30,70,5,4,1,55,45,51,61,41,0,0,0,0,0,0,0,0,0,10,0,3,0,0,0,0,0,4,2,35.7650325,139.30705,5,3,0,0,0,0
1,30,882,357,2,0,1,30000,0,228,2024,12,16,16,0,13,6,44,16,29,1,1,1,14,7,0,0,0,0,2,9,1,70,4,2,1,65,35,51,61,41,0,0,0,0,0,0,0,0,0,20,0,3,0,0,0,0,0,4,2,35.730137222222226,139.27582972222223,2,3,0,0,0,0
1,30,882,359,2,0,2,99000,0,218,2024,12,27,12,30,12,6,49,16,35,1,1,1,0,7,0,0,0,0,0,0,20,70,0,4,1,75,65,3,61,31,0,1,0,1,0,11,0,10,0,10,0,3,0,2,0,2,0,2,2,35.714977222222224,139.3354388888889,6,3,147,0,9,0
1,30,883,511,2,0,1,30000,0,201,2024,11,30,16,0,13,6,31,16,28,1,3,1,14,7,0,0,0,0,1,9,1,70,5,2,1,65,1,51,61,41,0,0,0,0,0,0,0,0,0,10,0,4,0,0,0,0,0,4,2,35.65757694444444,139.34091166666667,7,3,0,0,0,0
1,30,883,513,2,0,1,30000,0,201,2024,12,1,18,35,22,6,32,16,28,1,2,1,1,7,9,22,0,0,11,9,30,70,5,3,1,65,45,4,61,31,0,1,0,1,0,11,0,2,0,10,0,3,0,2,0,2,0,4,2,35.65291361111111,139.34411916666667,1,3,9999,0,9,0
1,30,883,517,2,0,1,30000,0,201,2024,12,3,15,10,12,6,34,16,28,1,1,1,1,7,9,22,0,0,15,9,30,70,4,2,1,45,1,3,61,31,0,1,0,1,0,11,0,3,0,10,0,3,0,2,0,2,0,4,2,35.655428888888885,139.34718,3,3,9999,0,1,0
1,30,883,518,2,0,1,30000,0,201,2024,12,3,19,50,22,6,34,16,28,1,1,1,1,7,9,22,0,0,14,9,30,70,4,2,1,65,1,4,61,31,0,1,0,1,0,11,0,10,0,10,0,3,0,2,0,2,0,4,2,35.671769999999995,139.35740222222222,3,3,9999,0,9,0
1,30,883,519,2,0,1,30000,0,201,2024,12,4,17,50,22,6,35,16,28,1,1,1,14,7,0,0,0,0,4,9,1,70,4,2,1,55,75,51,61,41,0,0,0,0,0,0,0,0,0,10,0,3,0,0,0,0,0,4,2,35.67326166666666,139.3257075,4,3,0,0,0,0
1,30,883,533,2,0,1,30000,0,201,2024,12,18,12,18,12,6,45,16,30,1,2,1,1,7,9,22,0,0,14,9,30,70,4,1,1,1,55,3,61,31,0,1,0,1,0,11,0,3,0,70,0,3,0,2,0,2,0,4,2,35.655165555555556,139.32909583333333,4,3,9999,0,1,0
1,30,883,542,2,0,1,30000,0,201,2024,12,22,18,33,22,6,47,16,32,1,1,1,1,1,9,22,0,0,15,9,30,70,4,1,1,45,65,4,61,31,0,1,0,1,0,11,0,2,0,10,0,3,0,2,0,2,0,4,2,35.65365277777778,139.3404541666667,1,3,9999,0,1,0
1,30,883,545,2,0,1,30000,0,201,2024,12,18,9,5,12,6,45,16,30,1,1,1,14,7,0,0,0,0,3,9,1,70,5,3,1,45,45,14,61,31,0,11,0,1,0,11,0,10,0,10,0,3,0,2,0,2,0,4,2,35.65432527777778,139.32995194444445,4,3,9999,0,5,0
1,30,883,546,2,0,1,30000,0,201,2024,12,25,19,10,22,6,49,16,34,1,2,1,14,7,0,0,0,0,2,9,1,70,5,3,1,65,75,35,61,31,0,0,0,0,0,11,0,2,0,10,0,3,0,0,0,0,0,4,2,35.65177444444444,139.34351083333334,4,3,9999,0,9,0
1,30,883,547,2,0,1,30000,0,201,2024,12,26,5,45,22,6,49,16,34,1,2,1,1,7,1,21,0,0,14,9,30,70,5,3,1,55,75,3,61,31,0,1,0,1,0,11,0,2,0,10,0,3,0,2,0,2,0,4,2,35.677771111111106,139.32057694444444,5,3,9999,0,9,0
1,30,883,548,2,0,1,10460,0,201,2024,12,26,14,11,12,6,49,16,34,1,1,1,1,7,9,22,0,0,14,9,30,70,5,2,1,35,55,3,61,31,0,1,0,1,0,11,0,2,0,50,0,3,0,2,0,2,0,4,2,35.690578888888886,139.2839811111111,5,3,9999,0,1,0
1,30,883,549,2,0,1,30000,0,201,2024,12,10,21,35,22,6,40,16,28,1,1,1,1,7,1,21,0,0,11,9,30,70,5,3,1,45,1,3,61,31,0,1,0,1,0,11,0,1,0,0,0,3,0,2,0,2,0,4,2,35.655698055555554,139.34113083333335,3,3,9999,0,9,0
1,30,883,558,2,0,1,10730,0,201,2024,12,26,12,55,12,6,49,16,34,1,1,1,14,7,0,0,0,0,4,9,1,70,1,2,1,45,0,61,0,0,0,0,0,0,0,0,0,0,0,0,0,0,0,0,0,0,0,2,0,35.685235,139.3439727777778,5,3,0,0,0,0
1,30,883,560,2,0,1,30000,0,201,2024,12,16,20,50,22,6,44,16,29,1,2,1,1,1,9,22,0,0,14,9,30,70,4,2,1,45,55,3,61,31,0,1,0,1,0,11,0,3,0,10,0,4,0,2,0,2,0,4,2,35.659571388888885,139.32853916666667,2,3,9999,0,1,0
1,30,883,561,2,0,1,30000,0,201,2024,12,24,18,20,22,6,48,16,33,1,2,1,14,7,0,0,0,0,2,9,1,70,5,3,1,45,45,3,61,31,0,1,0,1,0,1,0,2,0,10,0,4,0,2,0,2,0,4,2,35.66491694444444,139.34822111111112,3,3,9999,0,5,0
1,30,884,775,2,0,1,30000,0,209,2024,12,2,6,5,23,6,33,16,28,1,1,1,1,1,9,22,0,0,15,9,30,70,4,2,1,55,75,3,61,31,0,1,0,1,0,11,0,2,0,50,0,3,0,2,0,2,0,4,2,35.537437777777775,139.4786863888889,2,3,9999,0,9,0
1,30,884,778,2,0,1,30000,0,209,2024,12,3,6,5,23,6,34,16,28,1,2,1,1,1,9,22,0,0,15,9,30,70,4,2,1,65,45,3,61,31,0,1,0,1,0,11,0,3,0,10,0,3,0,2,0,2,0,4,2,35.55410305555555,139.4757775,3,3,9999,0,9,0
1,30,884,779,2,0,1,30000,0,209,2024,12,3,14,15,12,6,34,16,28,1,1,1,1,7,9,22,0,0,11,2,30,70,5,2,1,55,75,36,61,31,0,0,0,0,0,11,0,2,0,10,0,3,0,0,0,0,0,4,2,35.59146888888889,139.47077805555557,3,3,9999,0,9,0
1,30,884,782,2,0,1,30000,0,209,2024,12,4,9,10,12,6,35,16,28,1,1,1,7,7,0,0,0,0,4,9,1,70,4,2,1,75,65,51,61,41,0,0,0,0,0,0,0,0,0,10,0,4,0,0,0,0,0,4,2,35.54759,139.44257583333334,4,3,0,0,0,0
1,30,884,783,2,0,1,30560,0,209,2024,12,4,19,30,22,6,35,16,28,1,1,1,1,1,9,22,0,0,14,9,30,70,5,2,1,35,75,3,61,31,0,1,0,1,0,11,0,3,0,20,0,3,0,2,0,2,0,4,2,35.56202194444444,139.42190138888887,4,3,9999,0,1,0
1,30,884,790,2,0,1,30000,0,209,2024,12,6,18,20,22,6,36,16,28,1,1,1,14,7,0,0,0,0,1,9,1,70,5,2,1,1,55,51,61,41,0,0,0,0,0,0,0,0,0,10,0,4,0,0,0,0,0,4,2,35.57916666666667,139.45533388888887,6,3,0,0,0,0
1,30,884,793,2,0,1,10490,0,209,2024,12,9,8,30,12,6,39,16,28,1,1,1,14,7,0,0,0,0,4,9,1,70,5,2,1,1,65,51,61,41,0,0,0,0,0,0,0,0,0,10,0,3,0,0,0,0,0,4,2,35.56398194444444,139.42593083333333,2,3,0,0,0,0
1,30,884,796,2,0,1,30000,0,209,2024,12,12,21,20,22,6,41,16,28,1,1,1,14,7,0,0,0,0,3,9,1,70,5,3,1,45,65,4,61,31,0,1,0,1,0,11,0,2,0,40,0,3,0,2,0,2,0,4,2,35.55770527777778,139.46075472222222,5,3,9999,0,1,0
1,30,884,800,2,0,1,30000,0,209,2024,12,14,10,28,12,6,43,16,29,1,1,1,14,7,0,0,0,0,1,9,1,70,5,3,1,75,75,4,61,31,0,1,0,1,0,11,0,2,0,10,0,3,0,2,0,2,0,4,2,35.54374472222222,139.44688972222224,7,3,431,0,9,0