資料区分,都道府県コード,警察署等コード,本票番号,事故内容,死者数,負傷者数,路線コード,地点コード,市区町村コード,発生日時　　年,発生日時　　月,発生日時　　日,発生日時　　時,発生日時　　分,昼夜,日の出時刻　　時,日の出時刻　　分,日の入り時刻　　時,日の入り時刻　　分,天候,地形,路面状態,道路形状,信号機,一時停止規制　標識（当事者A）,一時停止規制　表示（当事者A）,一時停止規制　標識（当事者B）,一時停止規制　表示（当事者B）,車道幅員,道路線形,衝突地点,ゾーン規制,中央分離帯施設等,歩車道区分,事故類型,年齢（当事者A）,年齢（当事者B）,当事者種別（当事者A）,当事者種別（当事者B）,用途別（当事者A）,用途別（当事者B）,車両形状等（当事者A）,車両形状等（当事者B）,オートマチック車（当事者A）,オートマチック車（当事者B）,サポカー（当事者A）,サポカー（当事者B）,速度規制（指定のみ）（当事者A）,速度規制（指定のみ）（当事者B）,車両の衝突部位（当事者A）,車両の衝突部位（当事者B）,車両の損壊程度（当事者A）,車両の損壊程度（当事者B）,エアバッグの装備（当事者A）,エアバッグの装備（当事者B）,サイドエアバッグの装備（当事者A）,サイドエアバッグの装備（当事者B）,人身損傷程度（当事者A）,人身損傷程度（当事者B）,lat,lon,曜日(発生年月日),祝日(発生年月日),認知機能検査経過日数（当事者A）,認知機能検査経過日数（当事者B）,運転練習の方法（当事者A）,運転練習の方法（当事者B）
1,30,884,801,2,0,1,30000,0,209,2024,12,14,18,40,22,6,43,16,29,1,1,1,1,1,9,22,0,0,11,9,30,70,5,2,1,75,75,3,61,31,0,1,0,1,0,11,0,3,0,10,0,3,0,2,0,2,0,4,2,35.571937777777784,139.44603944444444,7,3,1094,0,9,0
1,30,884,802,2,0,1,30000,0,209,2024,6,5,13,20,12,4,25,18,54,1,1,1,14,7,0,0,0,0,1,9,1,70,5,4,1,1,0,61,0,0,0,0,0,0,0,0,0,0,0,0,0,0,0,0,0,0,0,2,0,35.51698583333333,139.47463416666668,4,3,0,0,0,0
1,30,884,809,2,0,1,30000,0,209,2024,12,16,18,4,22,6,44,16,29,1,1,1,1,1,9,22,0,0,15,9,30,70,5,2,1,65,75,4,61,31,0,1,0,1,0,11,0,3,0,20,0,3,0,2,0,2,0,4,2,35.53888861111111,139.4736663888889,2,3,9999,0,9,0
1,30,884,814,2,0,1,30000,0,209,2024,12,19,21,35,22,6,46,16,31,1,1,1,1,1,9,22,0,0,14,9,30,70,4,2,1,75,25,3,61,31,0,1,0,1,0,11,0,3,0,50,0,3,0,2,0,2,0,4,2,35.56209416666666,139.4621058333333,5,3,133,0,9,0
1,30,884,825,2,0,1,10490,0,209,2024,12,18,15,32,13,6,45,16,30,1,1,1,14,7,0,0,0,0,2,9,1,70,5,2,1,55,1,3,61,31,0,1,0,1,0,11,0,3,0,20,0,3,0,2,0,2,0,4,2,35.524496944444444,139.46762305555555,4,3,9999,0,9,0
1,30,884,831,2,0,1,30000,0,209,2024,12,24,11,15,12,6,48,16,33,1,2,1,1,7,1,21,0,0,17,3,30,70,4,4,1,75,65,3,61,31,0,1,0,1,0,11,0,3,0,10,0,4,0,2,0,2,0,4,2,35.55581833333333,139.48108722222221,3,3,491,0,9,0
1,30,884,832,2,0,1,30000,0,209,2024,12,24,12,30,12,6,48,16,33,1,1,1,1,1,9,22,0,0,15,9,30,70,5,2,1,55,45,3,61,31,0,1,0,1,0,11,0,2,0,10,0,3,0,2,0,2,0,4,2,35.554005555555555,139.47567972222222,3,3,9999,0,9,0
1,30,884,838,2,0,1,30000,0,209,2024,12,27,17,10,21,6,49,16,35,1,2,1,1,7,9,22,0,0,14,9,30,70,5,2,1,35,75,4,61,31,0,1,0,1,0,11,0,3,0,10,0,2,0,2,0,2,0,4,2,35.585127500000006,139.46991666666668,6,3,9999,0,1,0
1,30,884,839,2,0,1,30000,0,209,2024,12,28,10,6,12,6,50,16,36,1,1,1,7,7,0,0,0,0,3,7,1,70,5,3,1,65,1,4,61,1,0,1,0,1,0,11,0,2,0,10,0,3,0,2,0,2,0,4,2,35.556373055555554,139.45897722222222,7,3,9999,0,9,0
1,30,884,850,2,0,1,30000,0,209,2024,12,31,21,30,22,6,50,16,38,1,1,1,1,1,9,22,0,0,15,9,30,70,4,3,1,45,55,3,61,31,0,1,0,1,0,11,0,3,0,60,0,3,0,2,0,2,0,4,2,35.540617499999996,139.4645322222222,3,2,9999,0,9,0
1,30,885,252,2,0,1,99000,0,212,2024,11,7,17,35,21,6,9,16,40,1,1,1,0,7,0,0,0,0,0,0,20,70,0,4,1,45,35,3,61,31,0,1,0,1,0,11,0,10,0,10,0,3,0,2,0,2,0,4,2,35.66866583333333,139.38472,5,3,9999,0,1,0
1,30,885,254,2,0,1,30000,0,212,2024,11,29,13,30,12,6,30,16,28,1,1,1,14,7,0,0,0,0,2,9,1,70,5,1,1,75,1,3,61,31,0,1,0,1,0,11,0,2,0,40,0,4,0,2,0,2,0,4,2,35.676854999999996,139.37685416666667,6,3,464,0,9,0
1,30,885,257,2,0,1,30000,0,212,2024,12,6,5,58,23,6,36,16,28,1,2,1,1,1,1,21,0,0,17,9,30,70,1,2,1,55,55,3,61,31,0,1,0,1,0,11,0,5,0,20,0,4,0,2,0,2,0,4,2,35.6700325,139.41330722222222,6,3,9999,0,9,0
1,30,885,264,2,0,1,30000,0,212,2024,12,15,12,50,12,6,43,16,29,1,1,1,1,1,9,22,0,0,15,9,30,70,4,2,1,25,75,13,61,1,0,11,0,1,0,11,0,2,0,10,0,3,0,2,0,2,0,4,2,35.662398055555556,139.38224472222223,1,3,9999,0,5,0
1,30,885,265,2,0,1,30000,0,212,2024,12,15,17,9,21,6,43,16,29,1,1,1,14,7,0,0,0,0,4,9,1,70,4,1,1,45,35,4,61,31,0,1,0,1,0,11,0,3,0,10,0,3,0,2,0,2,0,4,2,35.660198888888885,139.3812063888889,1,3,9999,0,1,0
1,30,885,266,2,0,1,10510,0,212,2024,12,17,5,3,22,6,44,16,30,1,1,1,1,1,9,22,0,0,15,9,30,70,5,2,1,65,75,3,61,31,0,1,0,1,0,11,0,3,0,10,0,2,0,2,0,2,0,4,2,35.66556833333333,139.40760583333335,3,3,9999,0,9,0
1,30,885,267,2,0,1,30000,0,212,2024,12,23,17,5,21,6,48,16,33,1,1,1,1,7,9,22,0,0,15,7,30,70,4,2,1,45,75,3,61,31,0,1,0,1,0,11,0,2,0,10,0,4,0,2,0,2,0,4,2,35.64975555555556,139.4242138888889,2,3,9999,0,9,0
1,30,885,268,2,0,1,30000,0,212,2024,12,23,17,30,21,6,48,16,33,1,1,1,1,7,9,22,0,0,14,9,30,70,5,3,1,55,75,3,61,31,0,1,0,1,0,11,0,2,0,20,0,4,0,2,0,2,0,4,2,35.66121111111111,139.42732805555553,2,3,9999,0,9,0
1,30,885,269,2,0,1,20780,0,212,2024,12,29,14,25,12,6,50,16,36,1,1,1,1,1,9,22,0,0,15,9,30,70,1,2,1,25,45,4,61,31,0,1,0,1,0,11,0,4,0,10,0,3,0,2,0,2,0,4,2,35.65067194444444,139.40693416666667,1,3,9999,0,1,0
1,30,886,336,2,0,1,30000,0,207,2024,12,4,17,20,21,6,35,16,28,1,1,1,14,7,0,0,0,0,3,9,1,70,5,3,1,55,45,51,61,41,0,0,0,0,0,0,0,0,0,10,0,4,0,0,0,0,0,4,2,35.7237675,139.3765863888889,4,3,0,0,0,0
1,30,886,349,2,0,1,30000,0,207,2024,12,26,17,25,21,6,49,16,34,1,2,1,1,7,9,22,0,0,11,9,30,1,5,2,1,55,1,51,61,41,0,0,0,0,0,0,0,0,0,10,0,3,0,0,0,0,0,4,2,35.705848333333336,139.3713216666667,5,3,0,0,0,0
1,30,887,662,2,0,1,30000,0,202,2024,12,11,15,0,12,6,40,16,28,1,1,1,14,7,0,0,0,0,3,9,1,70,5,3,1,75,75,3,61,31,0,1,0,1,0,11,0,2,0,30,0,3,0,2,0,2,0,4,2,35.69166611111111,139.43137055555556,4,3,594,0,9,0
1,30,887,673,2,0,1,10550,0,202,2024,12,18,7,15,11,6,45,16,30,1,1,1,14,7,0,0,0,0,3,9,1,70,4,1,1,35,75,51,61,41,0,0,0,0,0,0,0,0,0,20,0,3,0,0,0,0,0,4,2,35.693370277777774,139.389445,4,3,0,0,0,0
1,30,887,689,2,0,1,30000,0,215,2024,12,24,8,3,12,6,48,16,33,1,1,1,1,7,1,21,0,0,11,9,30,70,5,3,1,35,55,3,61,31,0,1,0,1,0,11,0,2,0,10,0,3,0,2,0,2,0,4,2,35.70012527777778,139.4401286111111,3,3,9999,0,1,0
1,30,887,690,2,0,1,30000,0,202,2024,12,25,7,7,11,6,49,16,34,1,1,1,1,1,1,21,0,0,18,9,30,70,1,2,1,55,35,13,61,31,0,11,0,1,0,11,0,4,0,10,0,3,0,2,0,2,0,4,2,35.688946666666666,139.40902944444446,4,3,9999,0,9,0
1,30,887,698,2,0,1,30000,0,202,2024,12,30,6,0,23,6,50,16,37,1,1,1,7,7,0,0,0,0,2,9,1,70,1,2,1,1,75,51,61,41,0,0,0,0,0,0,0,0,0,10,0,3,0,0,0,0,0,4,2,35.70007416666667,139.41723583333334,2,3,0,0,0,0
1,30,887,699,2,0,1,30000,0,215,2024,12,31,13,45,12,6,50,16,38,1,1,1,1,7,9,22,0,0,19,9,30,70,5,1,1,25,35,3,61,31,0,1,0,1,0,11,0,3,0,10,0,3,0,2,0,2,0,4,2,35.698226388888884,139.4466763888889,3,2,9999,0,1,0
1,30,888,251,2,0,1,30000,0,206,2024,11,25,16,0,13,6,26,16,29,1,1,1,14,7,0,0,0,0,2,9,1,70,5,3,1,45,1,14,61,31,0,11,0,1,0,11,0,2,0,10,0,3,0,2,0,1,0,4,2,35.67143055555555,139.49707833333332,2,3,9999,0,5,0
1,30,888,264,2,0,1,10750,0,206,2024,11,19,14,40,12,6,21,16,32,1,1,1,1,7,9,22,0,0,14,9,30,70,5,4,1,65,35,3,61,31,0,1,0,1,0,11,0,1,0,50,0,3,0,2,0,2,0,4,2,35.68699694444444,139.52027777777778,3,3,9999,0,9,0
1,30,888,265,2,0,1,30000,0,206,2024,11,27,17,30,22,6,28,16,29,1,1,1,14,7,0,0,0,0,2,9,1,70,5,2,1,55,45,51,61,41,0,0,0,0,0,0,0,0,0,10,0,3,0,0,0,0,0,4,2,35.66073472222222,139.44194333333334,4,3,0,0,0,0
1,30,889,304,2,0,1,30000,0,214,2024,12,1,17,12,21,6,32,16,28,1,1,1,1,7,9,22,0,0,14,9,30,70,4,1,1,45,35,3,61,31,0,1,0,1,0,11,0,2,0,10,0,3,0,2,0,2,0,4,2,35.70527861111111,139.47620555555557,1,3,9999,0,1,0
1,30,889,309,2,0,1,99000,0,210,2024,12,3,16,55,21,6,34,16,28,1,1,1,0,7,0,0,0,0,0,0,20,70,0,4,1,45,25,4,61,31,0,1,0,1,0,11,0,10,0,30,0,3,0,2,0,2,0,4,2,35.6917875,139.50706694444443,3,3,9999,0,9,0
1,30,889,314,2,0,1,30000,0,214,2024,12,10,14,0,12,6,40,16,28,1,1,1,1,7,9,22,0,0,14,9,30,70,5,2,1,45,75,14,61,31,0,11,0,1,0,11,0,2,0,80,0,3,0,2,0,2,0,4,2,35.71349611111111,139.44161277777778,3,3,9999,0,1,0
1,30,889,315,2,0,1,10560,0,210,2024,12,10,14,50,12,6,40,16,28,1,1,1,1,1,9,22,0,0,15,1,30,70,4,1,1,25,65,13,61,31,0,11,0,1,0,11,0,3,0,10,0,2,0,2,0,2,0,4,2,35.698792777777776,139.5062663888889,3,3,9999,0,1,0
1,30,889,318,2,0,1,30000,0,210,2024,12,11,17,15,21,6,40,16,28,1,1,1,14,7,0,0,0,0,2,9,1,1,5,2,1,35,65,14,61,1,0,11,0,1,0,11,0,2,0,30,0,3,0,2,0,2,0,4,2,35.699013888888885,139.52618111111113,4,3,9999,0,1,0
1,30,889,319,2,0,1,30000,0,214,2024,12,11,16,40,21,6,40,16,28,1,1,1,1,1,9,22,0,0,14,9,30,70,5,2,1,55,1,3,61,31,0,1,0,1,0,11,0,2,0,20,0,3,0,2,0,2,0,4,2,35.701838611111114,139.45604444444444,4,3,9999,0,9,0
1,30,889,333,2,0,1,30000,0,210,2024,12,25,7,50,12,6,49,16,34,1,1,1,14,7,0,0,0,0,2,9,1,70,5,3,1,65,65,3,61,31,0,1,0,1,0,11,0,2,0,80,0,3,0,2,0,2,0,4,2,35.69967916666666,139.50732277777777,4,3,9999,0,9,0
1,30,889,335,2,0,1,99000,0,210,2024,12,26,17,37,22,6,49,16,34,1,1,1,0,7,0,0,0,0,0,0,20,70,0,4,1,75,55,3,61,31,0,1,0,1,0,11,0,10,0,70,0,3,0,2,0,2,0,4,2,35.69452805555555,139.52024500000002,5,3,374,0,9,0
1,30,890,374,1,1,0,30000,0,229,2024,12,14,12,55,12,6,43,16,29,1,1,1,14,7,0,0,0,0,3,9,1,70,4,1,1,35,75,13,61,31,0,11,0,1,0,11,0,2,0,80,0,2,0,2,0,2,0,4,1,35.72788777777778,139.56403055555558,7,3,9999,0,1,0
1,30,890,386,2,0,1,30000,0,229,2024,12,12,18,0,22,6,41,16,28,1,1,1,7,1,0,0,0,0,3,9,1,70,4,1,1,55,1,3,61,31,0,1,0,1,0,11,0,3,0,10,0,3,0,2,0,2,0,4,2,35.751225,139.559545,5,3,9999,0,9,0
1,30,890,387,2,0,1,30000,0,229,2024,12,12,21,45,22,6,41,16,28,1,1,1,1,7,9,22,0,0,11,9,30,70,5,3,1,55,25,3,61,31,0,1,0,1,0,11,0,2,0,50,0,3,0,2,0,2,0,4,2,35.7136325,139.53686305555556,5,3,9999,0,9,0
1,30,890,392,2,0,1,30000,0,222,2024,12,5,13,30,12,6,36,16,28,1,1,1,1,1,9,22,0,0,15,9,30,70,4,2,1,35,55,4,61,31,0,1,0,1,0,11,0,3,0,20,0,3,0,2,0,1,0,4,2,35.75098555555556,139.5068536111111,5,3,9999,0,5,0
1,30,890,393,2,0,1,30000,0,229,2024,12,18,16,35,21,6,45,16,30,1,1,1,1,7,9,22,0,0,14,9,30,70,5,2,1,65,35,14,61,31,0,11,0,1,0,11,0,10,0,10,0,3,0,2,0,2,0,4,2,35.735475,139.55729277777777,4,3,9999,0,9,0
1,30,890,401,2,0,1,30000,0,222,2024,12,26,7,7,11,6,49,16,34,1,1,1,14,7,0,0,0,0,4,9,1,70,4,1,1,25,65,51,61,41,0,0,0,0,0,0,0,0,0,10,0,4,0,0,0,0,0,4,2,35.75358861111111,139.5004311111111,5,3,0,0,0,0
1,30,891,528,2,0,1,30000,0,213,2024,12,4,7,52,12,6,35,16,28,1,1,1,14,7,0,0,0,0,3,9,1,70,4,3,1,35,45,51,61,41,0,0,0,0,0,0,0,0,0,10,0,3,0,0,0,0,0,4,2,35.76063944444444,139.45558083333333,4,3,0,0,0,0
1,30,891,530,2,0,1,30000,0,213,2024,12,1,15,26,12,6,32,16,28,1,1,1,14,7,0,0,0,0,2,9,1,70,5,3,1,45,35,3,61,31,0,1,0,1,0,11,0,2,0,40,0,4,0,2,0,2,0,4,2,35.75864111111111,139.45569805555556,1,3,9999,0,5,0
1,30,891,532,2,0,1,30000,0,213,2024,12,3,14,20,12,6,34,16,28,1,1,1,14,7,0,0,0,0,3,9,1,70,4,1,1,75,55,51,61,41,0,0,0,0,0,0,0,0,0,20,0,3,0,0,0,0,0,4,2,35.74662361111111,139.4637263888889,3,3,0,0,0,0
1,30,891,543,2,0,1,10500,0,213,2024,12,14,13,50,12,6,43,16,29,1,1,1,14,7,0,0,0,0,3,9,1,70,4,2,1,45,75,51,61,41,0,0,0,0,0,0,0,0,0,20,0,4,0,0,0,0,0,4,2,35.75967083333333,139.4671361111111,7,3,0,0,0,0
1,30,891,544,2,0,1,30000,0,213,2024,12,12,8,15,12,6,41,16,28,1,1,1,14,7,0,0,0,0,4,9,1,70,4,2,1,35,45,35,61,31,0,0,0,0,0,11,0,3,0,40,0,3,0,0,0,0,0,4,2,35.76074361111111,139.47124833333334,5,3,9999,0,5,0
1,30,891,547,2,0,1,20000,0,213,2024,12,15,10,24,12,6,43,16,29,1,1,1,1,7,9,22,0,0,15,9,30,70,4,3,1,55,65,3,61,31,0,1,0,1,0,11,0,10,0,10,0,3,0,2,0,2,0,4,2,35.75703138888889,139.4919397222222,1,3,9999,0,1,0
1,30,891,554,2,0,1,30000,0,213,2024,12,16,8,0,12,6,44,16,29,1,1,1,14,7,0,0,0,0,3,9,1,70,5,3,1,45,55,3,61,31,0,1,0,1,0,11,0,10,0,40,0,4,0,2,0,2,0,4,2,35.75187777777778,139.47469583333333,2,3,9999,0,1,0
1,30,891,556,2,0,1,30000,0,213,2024,12,19,17,14,21,6,46,16,31,1,1,1,14,7,0,0,0,0,3,9,1,70,5,2,1,55,35,3,61,31,0,1,0,1,0,11,0,2,0,10,0,3,0,2,0,2,0,4,2,35.74509194444445,139.4721975,5,3,9999,0,9,0
1,30,891,565,2,0,1,30000,0,213,2024,12,23,8,15,12,6,48,16,33,1,1,1,14,7,0,0,0,0,3,9,1,70,4,3,1,75,1,17,61,31,0,11,0,2,0,11,0,2,0,40,0,3,0,2,0,2,0,4,2,35.76135611111111,139.45348777777775,2,3,138,0,9,0
1,30,891,581,2,0,1,30000,0,213,2024,12,14,9,55,12,6,43,16,29,1,2,1,1,1,9,22,0,0,14,9,30,70,4,2,1,55,45,3,61,31,0,1,0,1,0,11,0,2,0,50,0,3,0,2,0,2,0,4,2,35.76083777777778,139.475375,7,3,9999,0,9,0
1,30,891,582,2,0,1,30000,0,221,2024,11,28,19,55,22,6,29,16,28,1,1,1,1,7,9,22,0,0,11,9,30,70,5,2,1,55,35,4,61,31,0,1,0,1,0,11,0,2,0,20,0,3,0,2,0,2,0,4,2,35.77492222222222,139.50918444444446,5,3,9999,0,9,0
1,30,892,363,2,0,1,30000,0,203,2024,12,3,11,55,12,6,34,16,28,1,1,1,1,7,9,22,0,0,11,9,30,70,5,3,1,25,55,51,61,41,0,0,0,0,0,0,0,0,0,10,0,4,0,0,0,0,0,4,2,35.705798333333334,139.57717,3,3,0,0,0,0
1,30,892,377,2,0,1,20910,0,203,2024,11,30,15,30,13,6,31,16,28,1,1,1,7,7,0,0,0,0,4,9,1,70,4,2,1,55,75,51,61,41,0,0,0,0,0,0,0,0,0,20,0,3,0,0,0,0,0,4,2,35.699346388888884,139.53829166666665,7,3,0,0,0,0
1,30,892,384,2,0,1,10260,0,203,2024,12,18,18,40,22,6,45,16,30,1,1,1,1,7,9,22,0,0,11,9,30,70,5,2,1,25,45,51,61,41,0,0,0,0,0,0,0,0,0,10,0,3,0,0,0,0,0,4,2,35.71265722222223,139.52604333333335,4,3,0,0,0,0
1,30,892,388,2,0,1,20900,0,203,2024,12,23,8,55,12,6,48,16,33,1,1,1,14,7,0,0,0,0,4,9,1,70,4,1,1,1,45,51,61,41,0,0,0,0,0,0,0,0,0,10,0,4,0,0,0,0,0,4,2,35.70785583333333,139.56141194444444,2,3,0,0,0,0
1,30,893,282,1,1,0,20910,0,204,2024,12,8,17,15,21,6,38,16,28,1,1,1,14,7,0,0,0,0,4,8,1,70,4,1,1,1,75,51,61,41,0,0,0,0,0,0,0,0,0,10,0,3,0,0,0,0,0,4,1,35.67734222222222,139.53895166666666,1,3,0,0,0,0
1,30,893,289,2,0,1,30000,0,204,2024,12,9,19,35,22,6,39,16,28,1,1,1,1,7,1,21,0,0,11,9,30,1,5,4,1,1,45,51,61,41,0,0,0,0,0,0,0,0,0,10,0,3,0,0,0,0,0,4,2,35.69998638888889,139.55808583333334,2,3,0,0,0,0
1,30,893,297,2,0,1,30000,0,204,2024,12,19,13,21,12,6,46,16,31,1,1,1,1,1,9,22,0,0,15,9,30,70,5,2,1,55,65,4,61,31,0,1,0,1,0,11,0,2,0,80,0,3,0,2,0,2,0,4,2,35.70073333333334,139.56618166666667,5,3,9999,0,9,0
1,30,893,300,2,0,1,30000,0,204,2024,12,21,7,10,11,6,47,16,32,1,1,1,1,7,1,21,0,0,17,9,30,70,5,3,1,55,45,13,61,31,0,11,0,1,0,11,0,2,0,10,0,3,0,2,0,2,0,4,2,35.68540583333333,139.59042250000002,7,3,9999,0,9,0
1,30,894,543,2,0,1,30000,0,208,2024,12,5,8,5,12,6,36,16,28,1,1,1,1,7,9,21,0,0,11,9,30,70,1,2,1,35,1,51,61,41,0,0,0,0,0,0,0,0,0,10,0,4,0,0,0,0,0,4,2,35.667476388888886,139.5845925,5,3,0,0,0,0
1,30,894,546,2,0,1,10600,0,208,2024,12,3,8,30,12,6,34,16,28,1,1,1,14,7,0,0,0,0,2,9,1,70,5,2,1,45,1,51,61,41,0,0,0,0,0,0,0,0,0,40,0,3,0,0,0,0,0,4,2,35.66441805555555,139.54289555555556,3,3,0,0,0,0
1,30,894,562,2,0,1,30000,0,219,2024,12,18,9,25,12,6,45,16,30,1,1,1,1,7,9,22,0,0,11,9,30,70,5,3,1,1,45,14,61,31,0,11,0,1,0,11,0,2,0,10,0,3,0,2,0,2,0,4,2,35.64245833333333,139.57548472222223,4,3,9999,0,1,0
1,30,894,563,2,0,1,10620,0,219,2024,12,18,20,15,22,6,45,16,30,1,1,1,1,1,9,22,0,0,11,9,30,70,4,3,1,45,1,4,61,31,0,1,0,1,0,11,0,3,0,10,0,3,0,2,0,2,0,4,2,35.634053888888886,139.57838638888887,4,3,9999,0,9,0
1,30,894,571,2,0,1,30840,0,208,2024,12,15,19,55,22,6,43,16,29,1,1,1,14,7,0,0,0,0,3,9,1,70,5,2,1,1,75,3,61,31,0,1,0,1,0,11,0,3,0,30,0,4,0,2,0,2,0,4,2,35.649195,139.54141805555557,1,3,9999,0,1,0
1,30,894,572,2,0,1,99000,0,219,2024,12,7,17,0,21,6,37,16,28,3,1,2,0,7,0,0,0,0,0,0,20,70,0,4,1,55,65,51,61,41,0,0,0,0,0,0,0,0,0,10,0,3,0,0,0,0,0,4,2,35.625864722222225,139.57095611111112,7,3,0,0,0,0
1,30,894,583,2,0,1,99000,0,219,2024,12,16,22,55,22,6,44,16,29,1,1,1,0,7,0,0,0,0,0,0,20,70,0,4,1,1,35,51,61,41,0,0,0,0,0,0,0,0,0,10,0,3,0,0,0,0,0,4,2,35.624336944444444,139.57446861111112,2,3,0,0,0,0
1,30,894,585,2,0,2,10750,0,208,2024,12,28,12,45,12,6,50,16,36,1,1,1,14,7,0,0,0,0,1,9,1,70,5,2,1,1,75,51,61,41,0,0,0,0,0,0,0,0,0,10,0,3,0,0,0,0,0,2,2,35.68184194444444,139.55789361111113,7,3,0,0,0,0
1,30,895,136,2,0,1,30000,0,211,2024,12,4,18,30,22,6,35,16,28,1,1,1,14,7,0,0,0,0,3,9,1,70,4,2,1,1,75,36,61,31,0,0,0,0,0,11,0,2,0,10,0,3,0,0,0,0,0,4,2,35.72537555555556,139.51677166666667,4,3,9999,0,1,0
1,30,895,138,2,0,1,30000,0,211,2024,12,3,13,50,12,6,34,16,28,1,1,1,1,7,9,22,0,0,14,9,30,70,5,2,1,1,1,51,61,41,0,0,0,0,0,0,0,0,0,10,0,4,0,0,0,0,0,4,2,35.726327222222224,139.4371075,3,3,0,0,0,0
1,30,895,144,2,0,2,30000,0,211,2024,11,10,20,45,22,6,12,16,38,3,1,2,1,7,9,22,0,0,18,9,30,70,1,1,1,55,35,3,61,31,0,1,0,1,0,11,0,3,0,10,0,3,0,2,0,2,0,4,2,35.72530527777778,139.51215083333332,1,3,9999,0,9,0
1,30,100,1,2,0,1,30010,0,101,2019,1,21,6,40,23,,,,,1,1,1,1,1,9,22,0,23,18,9,30,70,4,2,1,65,25,3,61,1,0,,,,,,,2,0,10,0,3,0,2,0,2,0,4,2,35.685035,139.73720416666666,2,3,,,,
1,30,101,1,2,0,1,10020,0,101,2018,12,25,12,45,12,,,,,1,1,1,1,1,9,22,0,23,17,9,30,70,1,2,1,65,55,3,61,1,0,,,,,,,5,0,10,0,4,0,2,0,2,0,4,2,35.67343972222222,139.7619075,3,3,,,,
1,30,101,6,2,0,1,95000,0,101,2019,1,19,17,35,21,,,,,1,1,1,1,1,9,22,0,23,18,9,30,70,1,2,1,55,25,3,61,31,0,,,,,,,10,0,40,0,2,0,2,0,2,0,4,2,35.68176694444444,139.76330277777777,7,3,,,,
1,30,101,9,2,0,1,30000,0,101,2019,1,21,15,0,12,,,,,1,1,1,14,7,0,23,0,23,3,9,1,70,5,2,1,1,45,3,61,31,0,,,,,,,10,0,40,0,4,0,2,0,2,0,4,2,35.67511861111111,139.76396944444446,2,3,,,,
1,30,101,12,2,0,1,10110,0,101,2019,1,18,18,40,22,,,,,1,1,1,1,1,9,22,0,23,19,9,30,70,1,2,1,45,1,34,61,31,0,,,,,,,5,0,10,0,3,0,0,0,0,0,4,2,35.68939361111111,139.76058722222223,6,3,,,,
1,30,102,8,2,0,1,30000,0,101,2019,1,9,13,20,12,,,,,1,1,1,7,7,0,23,0,23,3,9,1,70,5,2,1,35,65,59,61,0,0,,,,,,,0,0,0,0,4,0,0,0,0,0,4,2,35.69079111111111,139.76578388888888,4,3,,,,
1,30,102,9,2,0,1,20090,0,101,2019,1,10,6,45,23,,,,,1,1,1,1,1,9,22,0,23,18,9,30,70,5,2,1,35,1,13,61,31,0,,,,,,,5,0,80,0,3,0,2,0,2,0,4,2,35.68933944444444,139.76825027777778,5,3,,,,
1,30,102,16,2,0,1,30000,0,101,2019,1,31,9,20,12,,,,,2,1,1,1,7,9,22,0,23,11,9,30,70,5,2,1,65,45,13,61,31,0,,,,,,,5,0,26,0,3,0,2,0,2,0,4,2,35.69707361111111,139.75940083333333,5,3,,,,
1,30,102,17,2,0,1,10100,0,101,2019,1,31,20,19,22,,,,,3,1,2,1,1,9,22,0,23,19,9,30,70,4,2,1,65,45,3,61,1,0,,,,,,,4,0,18,0,3,0,2,0,2,0,4,2,35.69170361111111,139.7589213888889,5,3,,,,
1,30,103,2,2,0,1,20000,0,101,2019,1,10,6,17,23,,,,,1,1,1,1,7,9,22,0,23,15,9,30,70,5,2,1,45,25,3,61,31,0,,,,,,,4,0,50,0,3,0,2,0,2,0,4,2,35.69344083333333,139.77260694444445,5,3,,,,
1,30,104,1,2,0,1,30000,0,102,2018,12,27,13,30,12,,,,,1,1,1,7,7,0,23,0,23,1,9,1,70,1,2,1,45,35,3,61,31,0,,,,,,,4,0,37,0,3,0,1,0,2,0,4,2,35.67414111111111,139.77649027777778,5,3,,,,
1,30,104,2,2,0,1,30000,0,102,2018,12,26,22,30,22,,,,,1,1,1,1,7,9,22,0,23,15,9,20,70,5,2,1,35,55,3,61,1,0,,,,,,,10,0,10,0,4,0,2,0,2,0,4,2,35.68194916666666,139.77175305555556,4,3,,,,
1,30,104,4,2,0,1,30000,0,102,2018,12,2,17,40,22,,,,,2,1,1,1,7,1,22,0,23,11,9,30,70,5,3,1,35,45,3,61,31,0,,,,,,,5,0,40,0,4,0,2,0,2,0,4,2,35.67665083333333,139.7762463888889,1,3,,,,
1,30,104,20,2,0,1,20100,0,102,2019,1,31,21,40,22,,,,,3,1,1,1,1,9,22,0,23,19,9,30,70,4,2,1,45,45,3,61,1,0,,,,,,,4,0,10,0,3,0,2,0,2,0,4,2,35.67930861111111,139.77144805555557,5,3,,,,
1,30,104,22,2,0,1,20020,0,102,2019,1,23,18,10,22,,,,,3,1,1,1,1,0,23,0,23,19,9,30,70,4,2,1,45,0,61,0,0,0,,,,,,,0,0,0,0,0,0,0,0,0,0,2,0,35.67493083333333,139.7724677777778,4,3,,,,