資料区分,都道府県コード,警察署等コード,本票番号,事故内容,死者数,負傷者数,路線コード,地点コード,市区町村コード,発生日時　　年,発生日時　　月,発生日時　　日,発生日時　　時,発生日時　　分,昼夜,日の出時刻　　時,日の出時刻　　分,日の入り時刻　　時,日の入り時刻　　分,天候,地形,路面状態,道路形状,信号機,一時停止規制　標識（当事者A）,一時停止規制　表示（当事者A）,一時停止規制　標識（当事者B）,一時停止規制　表示（当事者B）,車道幅員,道路線形,衝突地点,ゾーン規制,中央分離帯施設等,歩車道区分,事故類型,年齢（当事者A）,年齢（当事者B）,当事者種別（当事者A）,当事者種別（当事者B）,用途別（当事者A）,用途別（当事者B）,車両形状等（当事者A）,車両形状等（当事者B）,オートマチック車（当事者A）,オートマチック車（当事者B）,サポカー（当事者A）,サポカー（当事者B）,速度規制（指定のみ）（当事者A）,速度規制（指定のみ）（当事者B）,車両の衝突部位（当事者A）,車両の衝突部位（当事者B）,車両の損壊程度（当事者A）,車両の損壊程度（当事者B）,エアバッグの装備（当事者A）,エアバッグの装備（当事者B）,サイドエアバッグの装備（当事者A）,サイドエアバッグの装備（当事者B）,人身損傷程度（当事者A）,人身損傷程度（当事者B）,lat,lon,曜日(発生年月日),祝日(発生年月日),認知機能検査経過日数（当事者A）,認知機能検査経過日数（当事者B）,運転練習の方法（当事者A）,運転練習の方法（当事者B）
1,30,105,2,2,0,1,10060,0,102,2019,1,11,14,39,12,,,,,1,1,1,1,1,9,22,0,23,18,9,30,70,4,2,1,65,35,3,61,1,0,,,,,,,4,0,47,0,3,0,2,0,2,0,4,2,35.68228416666666,139.78175194444447,6,3,,,,
1,30,106,4,2,0,1,10030,0,102,2019,1,2,20,10,22,,,,,1,1,1,14,7,0,23,0,23,4,9,1,70,1,4,1,1,65,3,61,31,0,,,,,,,5,0,10,0,3,0,2,0,2,0,4,2,35.66929138888889,139.7666436111111,4,3,,,,
1,30,106,8,2,0,1,30000,0,102,2019,1,11,12,47,12,,,,,1,1,1,1,7,8,22,0,23,14,9,30,70,4,2,1,45,35,3,61,31,0,,,,,,,5,0,10,0,3,0,2,0,2,0,4,2,35.67502611111111,139.76771222222223,6,3,,,,
1,30,106,10,2,0,1,30000,0,102,2019,1,18,21,55,22,,,,,1,1,1,1,1,9,22,0,23,15,9,30,70,4,2,1,65,35,3,61,1,0,,,,,,,2,0,20,0,3,0,2,0,2,0,4,2,35.66798333333333,139.77659305555557,6,3,,,,
1,30,106,20,2,0,1,95000,0,102,2019,1,28,9,50,12,,,,,2,1,1,14,7,0,23,0,23,3,8,1,70,5,2,1,35,75,51,61,0,0,,,,,,,0,0,10,0,3,0,0,0,0,0,4,2,35.66956777777778,139.7693538888889,2,3,,,,
1,30,106,21,2,0,1,10020,0,102,2019,1,10,19,40,22,,,,,2,1,1,1,1,9,22,0,23,18,9,30,70,4,2,1,1,25,51,61,0,0,,,,,,,0,0,10,0,3,0,0,0,0,0,4,2,35.67206083333333,139.76407277777778,5,3,,,,
1,30,107,3,2,0,1,20000,0,102,2019,1,5,15,45,13,,,,,1,1,1,14,7,0,23,0,23,4,9,1,70,1,1,1,35,1,51,61,0,0,,,,,,,0,0,40,0,4,0,0,0,0,0,4,2,35.66893694444444,139.78525,7,3,,,,
1,30,107,6,2,0,1,30000,0,102,2019,1,7,17,50,22,,,,,1,1,1,1,1,9,22,0,23,15,9,30,70,5,2,1,1,25,14,61,1,0,,,,,,,2,0,10,0,3,0,2,0,2,0,4,2,35.6588375,139.7745663888889,2,3,,,,
1,30,108,1,2,0,1,30000,0,103,2018,12,6,14,0,12,,,,,2,1,1,7,7,0,23,0,23,3,9,1,70,5,3,1,65,35,3,61,1,0,,,,,,,10,0,80,0,3,0,2,0,2,0,4,2,35.66452638888889,139.7579061111111,5,3,,,,
1,30,108,15,2,0,1,150,29,103,2019,1,24,2,43,22,,,,,1,1,1,1,1,9,22,0,23,18,9,30,70,1,1,1,75,55,3,61,1,0,,,,,,,5,0,10,0,1,0,2,0,2,0,4,2,35.66249,139.75711416666667,5,3,,,,
1,30,108,18,2,0,1,30000,0,103,2019,1,28,8,25,12,,,,,2,1,1,14,7,0,23,0,23,4,9,1,70,4,1,1,45,35,51,61,0,0,,,,,,,0,0,0,0,3,0,0,0,0,0,4,2,35.661448888888884,139.7503288888889,2,3,,,,
1,30,108,19,2,0,1,30000,0,103,2019,1,29,18,50,22,,,,,1,1,1,1,1,9,22,0,23,14,9,30,70,1,1,1,35,1,36,61,31,0,,,,,,,10,0,10,0,3,0,0,0,0,0,4,2,35.659706666666665,139.7586613888889,3,3,,,,
1,30,109,4,2,0,1,30000,0,103,2018,12,31,11,7,12,,,,,1,1,1,14,7,0,23,0,23,3,9,1,70,5,1,1,65,75,4,61,31,0,,,,,,,2,0,10,0,3,0,1,0,2,0,4,2,35.64737,139.74361527777776,2,2,,,,
1,30,110,1,2,0,1,20130,0,103,2019,1,6,17,25,21,,,,,1,1,1,1,7,9,22,0,23,14,9,30,70,1,1,1,65,65,3,61,31,0,,,,,,,4,0,10,0,3,0,2,0,2,0,4,2,35.64175861111111,139.71972,1,3,,,,
1,30,110,2,2,0,1,30000,0,103,2019,1,9,22,20,22,,,,,1,1,1,14,7,0,23,0,23,3,8,1,70,4,2,1,65,55,3,61,1,0,,,,,,,3,0,40,0,4,0,2,0,2,0,4,2,35.635331944444445,139.7345447222222,4,3,,,,
1,30,110,4,2,0,1,30000,0,103,2019,1,13,14,55,12,,,,,1,1,1,13,7,0,23,0,23,2,6,1,70,5,3,1,1,65,36,61,31,0,,,,,,,10,0,10,0,3,0,0,0,0,0,4,2,35.635483055555554,139.73495499999999,1,2,,,,
1,30,110,13,2,0,1,10,80,103,2019,1,16,15,1,12,,,,,1,1,1,14,7,0,23,0,23,6,9,1,70,1,2,1,1,0,61,0,0,0,,,,,,,0,0,0,0,0,0,0,0,0,0,2,0,35.640880833333334,139.73282,4,3,,,,
1,30,111,6,2,0,1,30000,0,103,2018,11,15,2,43,22,,,,,1,1,1,13,7,0,23,0,23,2,6,1,70,5,4,1,45,1,3,61,31,0,,,,,,,10,0,20,0,4,0,2,0,2,0,4,2,35.662725277777774,139.73404888888888,5,3,,,,
1,30,111,8,2,0,1,20120,0,103,2018,10,19,6,55,12,,,,,2,1,1,14,7,0,23,0,23,6,9,1,70,6,1,1,55,45,3,61,31,0,,,,,,,4,0,50,0,3,0,2,0,2,0,4,2,35.65282972222222,139.7222602777778,6,3,,,,
1,30,111,9,2,0,1,10,58,103,2018,12,21,20,27,22,,,,,1,1,1,1,1,9,22,0,23,19,9,30,70,1,1,1,75,45,3,61,31,0,,,,,,,3,0,80,0,3,0,2,0,2,0,4,2,35.65472027777778,139.74523527777777,6,3,,,,
1,30,111,16,2,0,1,30000,0,103,2019,1,15,20,28,22,,,,,1,1,1,1,7,9,22,0,23,11,9,30,70,5,4,1,65,25,3,61,1,0,,,,,,,10,0,30,0,4,0,2,0,2,0,4,2,35.66339027777778,139.7337822222222,3,3,,,,
1,30,111,18,2,0,1,30000,0,103,2019,1,21,9,20,12,,,,,1,1,1,1,7,9,22,0,23,14,9,30,70,4,1,1,65,55,3,61,1,0,,,,,,,10,0,30,0,3,0,2,0,2,0,4,2,35.66051861111111,139.7279902777778,2,3,,,,
1,30,111,24,2,0,1,30000,0,103,2019,1,8,9,7,12,,,,,1,1,1,14,7,0,23,0,23,2,9,1,70,5,3,1,55,25,3,61,1,0,,,,,,,5,0,40,0,3,0,2,0,2,0,4,2,35.66284472222222,139.72990944444444,3,3,,,,
1,30,111,26,2,0,1,30000,0,103,2019,1,28,6,30,23,,,,,1,1,1,1,7,9,22,0,23,14,9,30,70,4,1,1,65,35,14,61,1,0,,,,,,,5,0,80,0,3,0,2,0,2,0,4,2,35.651045277777776,139.72359805555556,2,3,,,,
1,30,111,28,2,0,1,20140,0,103,2019,1,29,11,40,12,,,,,1,1,1,14,7,0,23,0,23,6,9,1,70,1,1,1,75,35,51,61,0,0,,,,,,,0,0,20,0,3,0,0,0,0,0,4,2,35.64994361111111,139.73658055555555,3,3,,,,
1,30,112,4,2,0,1,30000,0,103,2018,11,20,4,20,22,,,,,2,1,1,14,7,0,23,0,23,1,9,1,1,5,4,1,45,25,12,61,31,0,,,,,,,2,0,20,0,3,0,2,0,2,0,4,2,35.67632333333333,139.73638583333332,3,3,,,,
1,30,112,5,2,0,1,20150,0,103,2018,12,15,1,35,22,,,,,1,1,1,1,7,9,22,0,23,14,9,30,70,4,1,1,55,45,3,61,31,0,,,,,,,5,0,10,0,3,0,2,0,2,0,4,2,35.67307833333333,139.7379722222222,7,3,,,,
1,30,112,14,2,0,1,20090,0,101,2019,1,22,9,0,12,,,,,1,1,1,1,1,9,22,0,23,18,9,30,70,1,1,1,45,35,3,61,1,0,,,,,,,5,0,40,0,4,0,2,0,2,0,4,2,35.67339555555555,139.73938944444444,3,3,,,,
1,30,112,16,2,0,1,30000,0,103,2019,1,28,22,45,22,,,,,2,1,1,13,7,0,23,0,23,3,6,1,70,5,1,1,45,25,3,61,31,0,,,,,,,5,0,10,0,3,0,2,0,2,0,4,2,35.669179444444445,139.73720583333332,2,3,,,,
1,30,112,20,2,0,1,20170,0,103,2019,1,30,18,53,22,,,,,1,1,1,1,1,9,22,0,23,19,9,30,70,1,1,1,65,25,3,61,1,0,,,,,,,10,0,10,0,3,0,2,0,2,0,4,2,35.66940777777778,139.74140055555554,4,3,,,,
1,30,112,21,2,0,1,20150,0,103,2019,1,30,23,15,22,,,,,1,1,1,1,7,1,21,0,23,14,9,30,1,4,1,1,45,35,3,61,1,0,,,,,,,2,0,40,0,3,0,2,0,2,0,4,2,35.67299388888889,139.73791555555553,4,3,,,,
1,30,113,7,2,0,1,85010,0,111,2018,12,25,8,13,12,,,,,1,1,1,13,7,0,23,0,23,5,3,1,70,5,1,1,45,25,3,61,31,0,,,,,,,5,0,20,0,3,0,2,0,2,0,4,2,35.591298611111114,139.77440833333335,3,3,,,,
1,30,113,14,2,0,1,3570,348,109,2019,1,1,10,14,12,,,,,1,1,1,14,7,0,23,0,23,3,7,1,70,5,2,1,65,45,3,61,1,0,,,,,,,5,0,10,0,3,0,2,0,2,0,4,2,35.609235,139.75581833333334,3,1,,,,
1,30,113,18,2,0,1,10370,0,108,2019,1,8,17,50,22,,,,,1,1,1,14,7,0,23,0,23,2,9,1,70,5,2,1,65,45,3,61,31,0,,,,,,,10,0,50,0,3,0,2,0,2,0,4,2,35.625820555555556,139.77785500000002,3,3,,,,
1,30,113,28,2,0,1,85010,0,108,2019,1,22,13,55,12,,,,,1,1,1,1,1,9,22,0,23,15,9,30,70,1,1,1,55,45,24,61,0,0,,,,,,,5,0,40,0,4,0,0,0,0,0,4,2,35.632013055555554,139.7951875,3,3,,,,
1,30,215,2,2,0,1,30000,0,109,2018,12,19,18,50,22,,,,,1,1,1,7,7,0,23,0,23,1,9,1,70,5,3,1,25,55,51,61,0,0,,,,,,,0,0,40,0,3,0,0,0,0,0,4,2,35.61421111111111,139.74024777777777,4,3,,,,
1,30,215,9,2,0,1,99000,0,109,2019,1,11,9,40,12,,,,,1,1,1,0,7,0,23,0,23,0,0,20,70,0,4,1,25,1,51,61,0,0,,,,,,,0,0,20,0,4,0,0,0,0,0,4,2,35.619545,139.75045694444444,6,3,,,,
1,30,215,10,2,0,1,30000,0,109,2019,1,16,19,34,22,,,,,1,1,1,7,7,0,23,0,23,3,9,1,70,4,2,1,1,75,36,61,31,0,,,,,,,2,0,20,0,3,0,0,0,0,0,4,2,35.6122,139.7402561111111,4,3,,,,
1,30,215,15,2,0,1,30000,0,109,2019,1,27,8,37,12,,,,,1,1,1,21,7,0,23,0,23,1,9,20,70,4,3,1,65,35,3,61,31,0,,,,,,,1,0,40,0,3,0,2,0,2,0,4,2,35.61051972222222,139.72810805555557,1,3,,,,
1,30,215,16,2,0,1,30000,0,109,2019,1,27,17,22,21,,,,,1,1,1,1,1,9,22,0,23,14,9,30,70,1,1,1,55,45,3,61,1,0,,,,,,,3,0,40,0,4,0,2,0,2,0,4,2,35.607100833333334,139.74725638888887,1,3,,,,
1,30,216,7,2,0,1,30000,0,109,2018,12,25,12,35,12,,,,,1,1,1,14,7,0,23,0,23,3,9,1,70,5,3,1,25,1,14,61,1,0,,,,,,,2,0,10,0,3,0,2,0,2,0,4,2,35.59723527777778,139.74352527777776,3,3,,,,
1,30,216,9,2,0,1,30000,0,109,2019,1,8,8,8,12,,,,,1,1,1,1,7,9,22,0,23,11,9,30,1,5,2,1,35,1,3,61,31,0,,,,,,,2,0,18,0,3,0,2,0,2,0,4,2,35.59729027777778,139.73684277777775,3,3,,,,
1,30,216,11,2,0,1,30000,0,109,2019,1,13,4,47,22,,,,,1,1,1,1,7,9,22,0,23,15,9,20,70,4,4,1,1,75,51,61,0,0,,,,,,,0,0,10,0,3,0,0,0,0,0,4,2,35.600188611111115,139.74552194444442,1,2,,,,
1,30,216,13,2,0,1,150,109,109,2019,1,17,21,42,22,,,,,1,1,1,14,1,0,23,0,23,5,9,1,70,1,2,1,25,55,3,61,31,0,,,,,,,5,0,10,0,3,0,2,0,2,0,4,2,35.598377500000005,139.7381297222222,5,3,,,,
1,30,217,9,2,0,1,20130,0,109,2019,1,18,15,10,12,,,,,1,1,1,13,7,0,23,0,23,6,4,1,70,1,2,1,25,75,3,61,31,0,,,,,,,4,0,30,0,4,0,2,0,2,0,4,2,35.632040555555555,139.72053583333334,6,3,,,,
1,30,217,10,2,0,1,95000,0,109,2019,1,19,11,44,12,,,,,1,1,1,14,7,0,23,0,23,4,9,1,70,1,1,1,25,45,51,61,0,0,,,,,,,0,0,10,0,3,0,0,0,0,0,4,2,35.622348611111114,139.72128972222222,7,3,,,,
1,30,217,11,2,0,1,20000,0,109,2019,1,21,9,27,12,,,,,1,1,1,14,7,0,23,0,23,2,9,1,70,5,3,1,35,65,3,61,31,0,,,,,,,2,0,30,0,4,0,2,0,2,0,4,2,35.624830277777775,139.72308194444446,2,3,,,,
1,30,217,17,2,0,1,30000,0,109,2019,1,23,19,50,22,,,,,1,1,1,1,7,9,22,0,23,18,9,20,70,5,1,1,45,45,3,61,1,0,,,,,,,10,0,30,0,4,0,2,0,2,0,4,2,35.62608888888889,139.72455861111112,4,3,,,,
1,30,217,18,2,0,1,95000,0,109,2019,1,31,13,9,12,,,,,2,1,1,1,1,9,22,0,23,15,8,30,70,4,1,1,1,65,51,61,0,0,,,,,,,0,0,10,0,3,0,0,0,0,0,4,2,35.62450888888889,139.70996444444444,5,3,,,,
1,30,218,4,2,0,1,10,124,109,2018,11,11,12,15,12,,,,,1,1,1,7,7,0,23,0,23,1,9,1,70,5,2,1,55,75,51,61,0,0,,,,,,,0,0,10,0,3,0,0,0,0,0,4,2,35.60604111111111,139.7136636111111,1,3,,,,
1,30,218,15,2,0,1,30000,0,109,2019,1,28,17,25,21,,,,,1,1,1,14,7,0,23,0,23,1,9,1,70,5,3,1,25,45,51,61,0,0,,,,,,,0,0,10,0,4,0,0,0,0,0,4,2,35.61624666666667,139.71238888888888,2,3,,,,
1,30,219,1,1,1,0,10130,0,111,2019,1,16,11,18,12,,,,,1,1,1,1,1,9,22,0,23,17,9,30,70,5,1,1,55,75,11,61,31,0,,,,,,,4,0,10,0,3,0,2,0,2,0,4,1,35.57838027777778,139.73218083333333,4,3,,,,
1,30,219,3,2,0,1,10130,0,111,2019,1,1,21,10,22,,,,,1,1,1,1,1,9,22,0,23,18,9,30,70,1,1,1,35,25,35,61,31,0,,,,,,,10,0,10,0,3,0,0,0,0,0,4,2,35.58231833333333,139.74850916666665,3,1,,,,
1,30,219,13,2,0,1,95000,0,111,2019,1,11,11,36,12,,,,,1,1,1,0,7,0,23,0,23,0,0,20,70,0,4,1,45,75,3,61,1,0,,,,,,,10,0,40,0,4,0,2,0,2,0,4,2,35.58473888888889,139.7354533333333,6,3,,,,
1,30,219,14,2,0,1,20180,0,111,2019,1,11,11,5,12,,,,,1,1,1,14,7,0,23,0,23,4,9,1,70,4,1,1,55,55,3,61,1,0,,,,,,,3,0,10,0,2,0,2,0,2,0,4,2,35.5923725,139.72924555555556,6,3,,,,
1,30,219,20,2,0,1,30000,0,111,2019,1,17,14,28,12,,,,,1,1,1,14,7,0,23,0,23,3,9,1,70,5,3,1,45,75,51,61,0,0,,,,,,,0,0,20,0,4,0,0,0,0,0,4,2,35.567590833333334,139.7266161111111,5,3,,,,
1,30,219,21,2,0,1,20180,0,111,2019,1,17,16,24,13,,,,,1,1,1,14,7,0,23,0,23,4,9,1,70,4,1,1,45,55,35,61,31,0,,,,,,,3,0,10,0,3,0,0,0,0,0,4,2,35.57877166666667,139.718475,5,3,,,,
1,30,219,22,2,0,1,20180,0,111,2019,1,18,14,25,12,,,,,1,1,1,14,7,0,23,0,23,2,9,1,70,4,1,1,65,75,51,61,0,0,,,,,,,0,0,10,0,3,0,0,0,0,0,4,2,35.58591555555556,139.72579944444445,6,3,,,,
1,30,219,30,2,0,1,30710,0,111,2019,1,25,8,17,12,,,,,1,1,1,14,7,0,23,0,23,3,9,1,70,4,2,1,25,1,3,61,31,0,,,,,,,3,0,10,0,3,0,2,0,2,0,4,2,35.59185611111111,139.7220736111111,6,3,,,,
1,30,219,37,2,0,1,30000,0,111,2019,1,31,13,20,12,,,,,2,1,1,1,1,9,22,0,23,15,9,30,70,4,1,1,25,45,14,61,1,0,,,,,,,3,0,10,0,2,0,2,0,2,0,4,2,35.58708638888889,139.72983944444445,5,3,,,,
1,30,220,5,2,0,1,30000,0,111,2019,1,12,12,46,12,,,,,2,1,1,14,7,0,23,0,23,3,9,1,70,4,2,1,45,35,3,61,31,0,,,,,,,2,0,40,0,3,0,2,0,2,0,4,2,35.605339722222226,139.68759555555556,7,3,,,,
1,30,220,9,2,0,1,10190,0,111,2019,1,22,20,0,22,,,,,1,1,1,14,7,0,23,0,23,3,9,1,70,4,3,1,35,45,31,61,31,0,,,,,,,3,0,10,0,3,0,0,0,0,0,4,2,35.59236055555556,139.65722833333334,3,3,,,,
1,30,221,1,2,0,1,30000,0,111,2018,12,23,20,9,22,,,,,2,1,2,1,7,9,22,0,23,15,9,20,70,4,2,1,55,55,36,61,31,0,,,,,,,10,0,10,0,3,0,0,0,0,0,4,2,35.54679333333333,139.72598805555555,1,1,,,,
1,30,221,10,2,0,1,30000,0,111,2019,1,12,19,35,22,,,,,3,1,2,1,7,9,22,0,23,15,9,30,70,4,2,1,55,75,4,61,31,0,,,,,,,2,0,10,0,4,0,2,0,2,0,4,2,35.54570222222222,139.7218938888889,7,3,,,,
1,30,221,21,2,0,1,30000,0,111,2019,1,23,10,40,12,,,,,1,1,1,7,7,0,23,0,23,2,9,20,70,5,3,1,55,25,3,61,1,0,,,,,,,2,0,80,0,3,0,2,0,2,0,4,2,35.556886388888884,139.7100683333333,4,3,,,,
1,30,221,22,2,0,1,30000,0,111,2019,1,23,18,45,22,,,,,1,1,1,7,7,0,23,0,23,2,9,20,70,5,3,1,1,45,51,61,0,0,,,,,,,0,0,10,0,3,0,0,0,0,0,4,2,35.55751861111111,139.72480277777777,4,3,,,,
1,30,222,5,2,0,1,30000,0,111,2019,1,12,9,5,12,,,,,2,1,1,1,7,9,22,0,23,15,8,30,70,4,3,1,65,45,4,61,31,0,,,,,,,3,0,20,0,3,0,2,0,2,0,4,2,35.584023611111114,139.7105547222222,7,3,,,,
1,30,222,18,2,0,1,10130,0,111,2019,1,24,23,0,22,,,,,1,1,1,1,1,8,22,0,23,18,9,30,70,1,2,1,25,55,51,61,0,0,,,,,,,0,0,10,0,3,0,0,0,0,0,4,2,35.585282500000005,139.7199961111111,5,3,,,,
1,30,325,3,2,0,1,30000,0,112,2018,12,28,19,30,22,,,,,1,1,1,1,1,9,22,0,23,19,9,30,70,5,1,1,65,45,3,61,31,0,,,,,,,4,0,10,0,3,0,2,0,2,0,4,2,35.63990611111111,139.66116805555555,6,3,,,,
1,30,325,15,2,0,1,30000,0,112,2019,1,17,7,25,11,,,,,1,1,1,1,1,9,22,0,23,15,9,30,70,4,2,1,45,45,13,61,31,0,,,,,,,3,0,10,0,3,0,2,0,2,0,4,2,35.63664416666666,139.65315083333334,5,3,,,,
1,30,325,17,2,0,1,30000,0,112,2019,1,16,8,20,12,,,,,1,1,1,14,7,0,23,0,23,2,9,1,70,5,3,1,1,1,51,61,0,0,,,,,,,0,0,20,0,4,0,0,0,0,0,4,2,35.64984138888889,139.67415472222223,4,3,,,,
1,30,325,19,2,0,1,30000,0,112,2019,1,20,18,25,22,,,,,1,1,1,1,7,1,21,0,23,14,9,30,70,4,3,1,55,35,3,61,31,0,,,,,,,2,0,10,0,3,0,2,0,2,0,4,2,35.64168055555555,139.6482497222222,1,3,,,,
1,30,325,25,2,0,1,2460,99,112,2019,1,18,16,42,13,,,,,1,1,1,1,7,1,22,0,23,11,9,30,70,5,1,1,45,55,3,61,31,0,,,,,,,2,0,80,0,3,0,2,0,2,0,4,2,35.63171027777778,139.6583077777778,6,3,,,,
1,30,325,26,2,0,1,20210,0,112,2018,12,9,16,45,21,,,,,1,1,1,7,1,0,23,0,23,4,9,1,70,4,1,1,55,35,3,61,1,0,,,,,,,4,0,40,0,4,0,2,0,2,0,4,2,35.632983055555556,139.66120777777778,1,3,,,,
1,30,325,27,2,0,1,10210,0,112,2019,1,24,14,35,12,,,,,1,1,1,14,7,0,23,0,23,3,9,1,70,4,2,1,65,75,12,61,31,0,,,,,,,3,0,10,0,3,0,2,0,2,0,4,2,35.64017333333333,139.63833416666665,5,3,,,,
1,30,325,31,2,0,1,30000,0,112,2019,1,28,18,5,22,,,,,1,1,1,14,7,0,23,0,23,2,9,1,70,5,4,1,65,25,3,61,31,0,,,,,,,10,0,30,0,3,0,2,0,2,0,4,2,35.64248305555555,139.66873666666666,2,3,,,,
1,30,325,39,2,0,1,30000,0,112,2019,1,30,10,15,12,,,,,1,1,1,14,7,0,23,0,23,1,9,1,70,5,3,1,45,25,14,61,1,0,,,,,,,5,0,30,0,4,0,2,0,2,0,4,2,35.64295111111111,139.66751444444444,4,3,,,,
1,30,326,6,2,0,1,30000,0,112,2018,11,9,12,15,12,,,,,3,1,2,1,1,9,22,0,23,11,9,30,70,4,1,1,65,1,51,61,0,0,,,,,,,0,0,10,0,3,0,0,0,0,0,4,2,35.64783472222222,139.63594694444444,6,3,,,,
1,30,326,8,2,0,1,95000,0,112,2018,12,9,13,0,12,,,,,1,1,1,0,7,0,23,0,23,0,0,20,70,0,4,1,1,1,51,61,0,0,,,,,,,0,0,10,0,4,0,0,0,0,0,4,2,35.65828,139.6558338888889,1,3,,,,
1,30,326,17,2,0,1,30000,0,112,2019,1,9,11,55,12,,,,,1,1,1,14,7,0,23,0,23,2,9,1,70,5,4,1,45,75,3,61,31,0,,,,,,,10,0,20,0,4,0,2,0,2,0,4,2,35.67043472222222,139.66093777777778,4,3,,,,
1,30,326,20,2,0,1,30000,0,112,2019,1,9,13,30,12,,,,,1,1,1,1,7,7,22,0,23,11,9,30,70,5,1,1,45,55,14,61,31,0,,,,,,,2,0,20,0,3,0,2,0,2,0,4,2,35.64834583333333,139.62678833333334,4,3,,,,
1,30,326,22,2,0,1,30000,0,112,2019,1,9,12,50,12,,,,,1,1,1,14,7,0,23,0,23,1,9,1,70,5,4,1,65,75,3,61,31,0,,,,,,,10,0,30,0,4,0,2,0,2,0,4,2,35.66542333333333,139.67014555555554,4,3,,,,
1,30,326,33,2,0,1,30000,0,112,2019,1,24,15,10,12,,,,,1,1,1,1,7,1,22,0,23,11,8,30,1,5,3,1,1,65,51,61,0,0,,,,,,,0,0,10,0,4,0,0,0,0,0,4,2,35.65566027777778,139.66968888888889,5,3,,,,
1,30,326,34,2,0,1,30000,0,112,2019,1,25,10,53,12,,,,,1,1,1,7,1,0,23,0,23,3,9,1,70,5,2,1,25,75,13,61,31,0,,,,,,,3,0,40,0,4,0,2,0,2,0,4,2,35.65712194444444,139.64277055555556,6,3,,,,
1,30,326,36,2,0,1,30000,0,112,2019,1,25,18,0,21,,,,,1,1,1,14,7,0,23,0,23,1,9,1,70,5,3,1,55,25,3,61,31,0,,,,,,,10,0,10,0,4,0,2,0,2,0,4,2,35.65952583333333,139.66739833333332,6,3,,,,
1,30,326,38,2,0,1,30000,0,112,2019,1,28,8,55,12,,,,,1,1,1,1,1,9,22,0,23,15,9,30,70,4,2,1,65,75,17,61,31,0,,,,,,,3,0,10,0,3,0,2,0,2,0,4,2,35.653657777777774,139.64271444444444,2,3,,,,
1,30,327,8,2,0,1,30190,0,112,2019,1,5,14,40,12,,,,,1,1,1,1,7,9,22,0,23,15,9,30,70,4,1,1,45,75,3,61,31,0,,,,,,,3,0,10,0,4,0,2,0,2,0,4,2,35.62667472222222,139.63629749999998,7,3,,,,
1,30,327,18,2,0,1,30000,0,112,2019,1,15,16,50,13,,,,,1,1,2,1,7,9,22,0,23,14,9,30,70,5,1,1,75,1,3,61,31,0,,,,,,,2,0,50,0,4,0,2,0,2,0,4,2,35.609964444444444,139.6623661111111,3,3,,,,
1,30,327,20,2,0,1,30000,0,112,2019,1,14,11,22,12,,,,,1,1,1,1,1,9,22,0,23,15,9,30,70,4,2,1,65,45,3,61,31,0,,,,,,,3,0,10,0,3,0,2,0,2,0,4,2,35.60899333333334,139.6473886111111,2,1,,,,
1,30,327,23,2,0,1,10000,0,112,2019,1,10,11,0,12,,,,,1,1,1,14,7,0,23,0,23,2,9,1,70,4,2,1,35,35,3,61,31,0,,,,,,,10,0,30,0,4,0,2,0,2,0,4,2,35.62585777777778,139.65563722222223,5,3,,,,
1,30,327,27,2,0,1,95000,0,112,2019,1,20,17,15,21,,,,,1,1,1,0,7,0,23,0,23,0,0,20,70,0,4,1,25,75,4,61,31,0,,,,,,,10,0,60,0,4,0,2,0,2,0,4,2,35.60337555555556,139.6528563888889,1,3,,,,
1,30,327,31,2,0,1,10200,0,112,2019,1,13,22,15,22,,,,,1,1,1,1,7,9,22,0,23,11,9,30,70,5,2,1,1,45,4,61,31,0,,,,,,,10,0,10,0,4,0,2,0,2,0,4,2,35.62153888888889,139.63039472222223,1,2,,,,
1,30,327,34,2,0,1,30000,0,112,2019,1,23,17,40,21,,,,,1,1,1,1,7,1,21,0,23,15,9,30,70,5,3,1,65,75,13,61,31,0,,,,,,,10,0,10,0,4,0,2,0,2,0,4,2,35.60696027777778,139.63672305555554,4,3,,,,
1,30,328,3,2,0,1,30000,0,112,2018,12,27,18,25,22,,,,,1,1,1,7,7,0,23,0,23,2,9,1,70,5,3,1,55,65,3,61,31,0,,,,,,,2,0,40,0,3,0,2,0,2,0,4,2,35.640796944444446,139.61746805555558,5,3,,,,
1,30,328,4,2,0,1,30000,0,112,2018,12,25,10,40,12,,,,,1,1,1,1,7,9,22,0,23,14,9,30,70,5,1,1,65,65,14,61,31,0,,,,,,,1,0,10,0,4,0,2,0,2,0,4,2,35.65724972222222,139.62047055555556,3,3,,,,
1,30,328,20,2,0,1,10210,0,112,2018,12,10,18,40,22,,,,,1,1,1,14,7,0,23,0,23,4,9,1,70,4,1,1,1,45,35,61,31,0,,,,,,,3,0,10,0,3,0,0,0,0,0,4,2,35.631730555555556,139.60365861111111,2,3,,,,
1,30,328,25,2,0,1,30000,0,112,2019,1,7,9,0,12,,,,,1,1,1,14,7,0,23,0,23,1,9,1,70,5,3,1,1,75,51,61,0,0,,,,,,,0,0,10,0,4,0,0,0,0,0,4,2,35.6556675,139.60020666666665,2,3,,,,
1,30,328,26,2,0,1,95000,0,112,2019,1,9,15,0,12,,,,,1,1,1,1,1,9,22,0,23,15,9,30,70,5,2,1,45,75,13,61,31,0,,,,,,,2,0,10,0,3,0,2,0,2,0,4,2,35.642316666666666,139.60876055555556,4,3,,,,