資料区分,都道府県コード,警察署等コード,本票番号,事故内容,死者数,負傷者数,路線コード,地点コード,市区町村コード,発生日時　　年,発生日時　　月,発生日時　　日,発生日時　　時,発生日時　　分,昼夜,日の出時刻　　時,日の出時刻　　分,日の入り時刻　　時,日の入り時刻　　分,天候,地形,路面状態,道路形状,信号機,一時停止規制　標識（当事者A）,一時停止規制　表示（当事者A）,一時停止規制　標識（当事者B）,一時停止規制　表示（当事者B）,車道幅員,道路線形,衝突地点,ゾーン規制,中央分離帯施設等,歩車道区分,事故類型,年齢（当事者A）,年齢（当事者B）,当事者種別（当事者A）,当事者種別（当事者B）,用途別（当事者A）,用途別（当事者B）,車両形状等（当事者A）,車両形状等（当事者B）,オートマチック車（当事者A）,オートマチック車（当事者B）,サポカー（当事者A）,サポカー（当事者B）,速度規制（指定のみ）（当事者A）,速度規制（指定のみ）（当事者B）,車両の衝突部位（当事者A）,車両の衝突部位（当事者B）,車両の損壊程度（当事者A）,車両の損壊程度（当事者B）,エアバッグの装備（当事者A）,エアバッグの装備（当事者B）,サイドエアバッグの装備（当事者A）,サイドエアバッグの装備（当事者B）,人身損傷程度（当事者A）,人身損傷程度（当事者B）,lat,lon,曜日(発生年月日),祝日(発生年月日),認知機能検査経過日数（当事者A）,認知機能検査経過日数（当事者B）,運転練習の方法（当事者A）,運転練習の方法（当事者B）
1,30,328,29,2,0,1,30000,0,112,2019,1,14,13,35,12,,,,,1,1,1,14,7,0,23,0,23,3,9,1,70,4,3,1,45,1,51,61,0,0,,,,,,,0,0,10,0,3,0,0,0,0,0,4,2,35.67185805555555,139.60015805555554,2,1,,,,
1,30,328,31,2,0,1,30000,0,112,2019,1,16,8,45,12,,,,,1,1,1,1,7,9,22,0,23,14,3,30,70,4,1,1,1,45,4,61,31,0,,,,,,,2,0,10,0,3,0,2,0,2,0,4,2,35.66899972222222,139.62138166666668,4,3,,,,
1,30,328,36,2,0,1,30000,0,112,2019,1,24,7,10,11,,,,,1,1,1,1,7,9,22,0,23,15,9,30,70,4,1,1,55,1,3,61,31,0,,,,,,,3,0,40,0,3,0,2,0,2,0,4,2,35.644135,139.61372916666667,5,3,,,,
1,30,328,39,2,0,1,30000,0,112,2019,1,24,17,0,21,,,,,1,1,1,1,7,9,22,0,23,15,9,30,70,4,2,1,35,1,3,61,31,0,,,,,,,3,0,10,0,3,0,2,0,2,0,4,2,35.64349694444444,139.59545666666668,5,3,,,,
1,30,328,44,2,0,1,30000,0,112,2018,11,17,16,48,21,,,,,2,1,1,7,1,0,23,0,23,1,9,1,70,4,2,1,25,35,14,61,1,0,,,,,,,2,0,70,0,3,0,2,0,2,0,4,2,35.642311944444444,139.60877,7,3,,,,
1,30,328,45,2,0,1,95000,0,112,2018,10,9,8,20,12,,,,,1,1,1,1,1,9,22,0,23,17,9,30,1,4,3,1,35,1,3,61,31,0,,,,,,,2,0,50,0,3,0,2,0,2,0,4,2,35.64249944444445,139.61316916666667,3,3,,,,
1,30,328,52,2,0,1,10210,0,112,2019,1,11,18,57,22,,,,,1,1,1,14,7,0,23,0,23,3,9,1,70,4,1,1,45,25,35,61,31,0,,,,,,,5,0,10,0,3,0,0,0,0,0,4,2,35.63482027777778,139.61326083333333,6,3,,,,
1,30,329,13,2,0,1,30000,0,110,2019,1,13,15,50,13,,,,,1,1,1,14,7,0,23,0,23,3,9,1,70,5,3,1,45,25,3,61,31,0,,,,,,,10,0,10,0,3,0,2,0,2,0,4,2,35.63744333333333,139.6918263888889,1,2,,,,
1,30,329,14,2,0,1,2460,62,110,2019,1,20,14,5,12,,,,,1,1,1,7,7,0,23,0,23,5,9,1,70,1,1,1,45,75,3,61,31,0,,,,,,,5,0,40,0,3,0,2,0,2,0,4,2,35.652680277777776,139.68871722222224,1,3,,,,
1,30,329,15,2,0,1,20240,0,110,2019,1,20,17,55,21,,,,,1,1,1,7,7,0,23,0,23,3,8,1,70,4,2,1,35,75,35,61,31,0,,,,,,,3,0,10,0,2,0,0,0,0,0,4,2,35.647283055555555,139.69331444444444,1,3,,,,
1,30,329,25,2,0,1,30000,0,110,2019,1,31,13,14,12,,,,,2,1,1,14,7,0,23,0,23,2,9,1,70,5,3,1,65,25,17,61,1,0,,,,,,,5,0,10,0,3,0,2,0,2,0,4,2,35.645268055555555,139.69898111111112,5,3,,,,
1,30,329,26,2,0,1,30000,0,110,2019,1,9,14,13,12,,,,,1,1,1,14,7,0,23,0,23,2,9,1,70,5,3,1,45,55,51,61,0,0,,,,,,,0,0,10,0,4,0,0,0,0,0,4,2,35.6412225,139.69558305555557,4,3,,,,
1,30,329,27,2,0,1,30000,0,110,2019,1,8,12,55,12,,,,,1,1,1,14,7,0,23,0,23,3,8,1,70,5,1,1,35,45,51,61,0,0,,,,,,,0,0,10,0,3,0,0,0,0,0,4,2,35.632938611111115,139.71352277777777,3,3,,,,
1,30,330,2,2,0,1,10080,0,110,2018,11,25,16,45,21,,,,,1,1,1,14,7,0,23,0,23,4,9,1,70,1,1,1,1,75,51,61,0,0,,,,,,,0,0,10,0,3,0,0,0,0,0,4,2,35.6230275,139.68493111111113,1,3,,,,
1,30,330,5,2,0,1,30000,0,111,2019,1,2,11,3,12,,,,,1,1,1,1,7,9,22,0,23,11,9,30,70,5,3,1,55,45,3,61,31,0,,,,,,,10,0,80,0,3,0,2,0,2,0,4,2,35.61179166666667,139.6858327777778,4,3,,,,
1,30,330,14,2,0,1,30000,0,110,2019,1,12,0,30,22,,,,,1,1,1,14,7,0,23,0,23,2,9,1,1,5,4,1,35,35,51,61,0,0,,,,,,,0,0,12,0,4,0,0,0,0,0,4,2,35.62695611111111,139.68433416666667,7,3,,,,
1,30,330,15,2,0,1,30000,0,110,2019,1,19,11,55,12,,,,,1,1,1,1,7,9,22,0,23,14,9,30,1,5,3,1,55,1,3,61,31,0,,,,,,,2,0,10,0,3,0,2,0,2,0,4,2,35.6131425,139.6665827777778,7,3,,,,
1,30,330,26,2,0,1,30000,0,110,2019,1,11,18,30,22,,,,,1,1,1,7,7,0,23,0,23,2,9,1,70,5,3,1,45,55,3,61,31,0,,,,,,,2,0,20,0,3,0,2,0,2,0,4,2,35.61708222222222,139.68109527777776,6,3,,,,
1,30,330,27,2,0,1,20240,0,110,2019,1,17,10,5,12,,,,,1,1,1,1,1,9,22,0,23,11,9,30,70,5,4,1,55,45,3,61,31,0,,,,,,,3,0,10,0,4,0,2,0,2,0,4,2,35.62551305555556,139.66858694444443,5,3,,,,
1,30,331,2,2,0,1,30000,0,113,2018,8,13,12,50,12,,,,,1,1,1,14,7,0,23,0,23,3,9,1,70,5,4,1,65,75,14,61,1,0,,,,,,,10,0,10,0,4,0,2,0,2,0,4,2,35.65897472222222,139.69989611111112,2,3,,,,
1,30,331,3,2,0,1,30000,0,113,2018,6,5,0,25,22,,,,,1,1,1,1,7,9,22,0,23,11,9,30,70,5,3,1,25,25,3,61,31,0,,,,,,,10,0,40,0,3,0,2,0,2,0,4,2,35.65830861111111,139.69553277777777,3,3,,,,
1,30,331,6,2,0,1,30000,0,113,2018,4,16,22,10,22,,,,,1,1,1,1,7,1,21,0,23,15,9,30,70,5,3,1,65,35,17,61,31,0,,,,,,,2,0,10,0,4,0,2,0,2,0,4,2,35.65571833333333,139.69762083333333,2,3,,,,
1,30,331,11,2,0,1,30000,0,113,2019,1,11,8,28,12,,,,,1,1,1,1,7,9,22,0,23,15,9,30,70,4,1,1,25,1,4,61,31,0,,,,,,,2,0,20,0,3,0,2,0,2,0,4,2,35.65293861111111,139.72168250000001,6,3,,,,
1,30,331,13,2,0,1,30230,0,113,2019,1,16,17,40,21,,,,,1,1,1,14,7,0,23,0,23,3,8,1,70,4,2,1,55,35,4,61,31,0,,,,,,,4,0,10,0,4,0,2,0,2,0,4,2,35.65047583333333,139.7122897222222,4,3,,,,
1,30,332,2,2,0,1,30000,0,113,2019,1,4,14,14,12,,,,,1,1,1,14,7,0,23,0,23,2,9,20,70,4,3,1,35,75,1,61,1,0,,,,,,,1,0,0,0,4,0,2,0,2,0,4,2,35.68033444444444,139.7016072222222,6,3,,,,
1,30,332,8,2,0,7,10090,0,113,2019,1,16,13,34,12,,,,,2,1,1,7,7,0,23,0,23,5,9,20,70,4,2,1,75,1,3,61,31,0,,,,,,,4,0,10,0,1,0,1,0,1,0,2,2,35.686858055555554,139.70300972222222,4,3,,,,
1,30,332,9,2,0,1,20160,0,113,2019,1,15,10,25,12,,,,,1,1,1,1,1,9,22,0,23,19,9,30,70,4,2,1,35,35,14,61,31,0,,,,,,,4,0,20,0,3,0,2,0,2,0,4,2,35.66845222222222,139.70554249999998,3,3,,,,
1,30,332,12,2,0,1,30000,0,113,2019,1,24,10,19,12,,,,,1,1,1,1,7,9,22,0,23,14,8,30,70,4,2,1,75,25,3,61,1,0,,,,,,,3,0,50,0,3,0,2,0,2,0,4,2,35.68024222222222,139.7036958333333,5,3,,,,
1,30,332,13,2,0,1,20120,0,113,2019,1,10,19,35,22,,,,,1,1,1,14,7,0,23,0,23,3,9,20,70,1,2,1,1,35,3,61,1,0,,,,,,,4,0,30,0,3,0,2,0,2,0,4,2,35.67650361111111,139.7125172222222,5,3,,,,
1,30,332,16,2,0,1,30000,0,113,2019,1,29,10,0,12,,,,,1,1,1,1,7,0,23,0,23,11,9,30,70,5,4,1,25,0,61,0,0,0,,,,,,,0,0,0,0,0,0,0,0,0,0,2,0,35.68312638888889,139.6994038888889,3,3,,,,
1,30,332,17,2,0,1,10090,0,113,2019,1,30,10,50,12,,,,,1,1,1,1,1,0,23,0,23,19,9,30,70,1,1,1,35,0,61,0,0,0,,,,,,,0,0,0,0,0,0,0,0,0,0,2,0,35.66871416666667,139.7054675,4,3,,,,
1,30,332,18,2,0,1,30000,0,113,2019,1,16,17,45,21,,,,,2,1,1,1,7,9,22,0,23,18,9,30,70,4,1,1,45,35,3,61,1,0,,,,,,,2,0,40,0,3,0,2,0,2,0,4,2,35.68699611111111,139.6967563888889,4,3,,,,
1,30,333,5,2,0,1,10160,0,113,2019,1,7,9,0,12,,,,,1,1,1,14,7,0,23,0,23,3,9,1,70,1,1,1,35,1,51,61,0,0,,,,,,,0,0,10,0,3,0,0,0,0,0,4,2,35.66294666666666,139.68748444444444,2,3,,,,
1,30,333,11,2,0,1,20330,0,113,2019,1,15,0,40,22,,,,,1,1,1,7,1,0,23,0,23,3,9,1,70,5,1,1,55,45,3,61,31,0,,,,,,,3,0,10,0,3,0,2,0,2,0,4,2,35.674968888888884,139.6631661111111,3,3,,,,
1,30,435,2,2,0,1,20090,0,104,2018,11,18,23,45,22,,,,,2,1,1,1,1,9,22,0,23,15,9,30,70,1,2,1,45,25,13,61,31,0,,,,,,,4,0,10,0,3,0,2,0,2,0,4,2,35.70046916666667,139.74279194444443,1,3,,,,
1,30,435,3,2,0,1,10010,0,104,2018,12,11,19,52,22,,,,,3,1,2,1,1,9,22,0,23,18,9,30,70,1,1,1,45,25,3,61,31,0,,,,,,,4,0,12,0,3,0,2,0,2,0,4,2,35.704101388888894,139.74421194444443,3,3,,,,
1,30,435,7,2,0,1,10050,0,104,2019,1,15,14,0,12,,,,,3,1,2,1,1,9,22,0,23,19,9,30,70,4,1,1,35,75,13,61,31,0,,,,,,,4,0,80,0,4,0,2,0,2,0,4,2,35.69250722222222,139.72195055555557,3,3,,,,
1,30,435,8,2,0,1,30280,0,104,2019,1,9,22,20,22,,,,,1,1,1,7,1,0,23,0,23,3,9,1,70,5,2,1,65,45,3,61,1,0,,,,,,,3,0,10,0,3,0,2,0,2,0,4,2,35.69992527777777,139.73319194444446,4,3,,,,
1,30,436,1,2,0,1,20000,0,104,2018,12,1,17,23,21,,,,,1,1,1,1,1,9,22,0,23,19,9,30,70,1,3,1,25,25,3,61,1,0,,,,,,,4,0,10,0,3,0,2,0,2,0,4,2,35.692768611111106,139.6944572222222,7,3,,,,
1,30,436,2,2,0,2,10090,0,104,2019,1,2,3,35,22,,,,,1,1,1,1,1,9,22,0,23,19,9,30,70,1,2,1,55,1,3,61,1,0,,,,,,,4,0,10,0,3,0,2,0,2,0,4,2,35.69811361111111,139.7074386111111,4,3,,,,
1,30,436,4,2,0,1,30000,0,104,2019,1,10,22,25,22,,,,,1,1,1,14,7,0,23,0,23,3,9,1,70,5,3,1,55,25,3,61,1,0,,,,,,,2,0,10,0,3,0,2,0,2,0,4,2,35.697157499999996,139.7022663888889,5,3,,,,
1,30,436,5,2,0,1,30000,0,104,2018,10,5,21,55,22,,,,,1,1,1,14,7,0,23,0,23,3,9,20,70,5,3,1,65,45,3,61,1,0,,,,,,,2,0,20,0,4,0,2,0,2,0,4,2,35.696642777777775,139.7037036111111,6,3,,,,
1,30,436,7,2,0,1,30290,0,104,2019,1,9,22,55,22,,,,,1,1,1,1,1,9,21,0,23,14,9,20,70,4,2,1,55,25,3,61,1,0,,,,,,,3,0,80,0,4,0,2,0,2,0,4,2,35.70292611111111,139.69505527777778,4,3,,,,
1,30,437,1,2,0,1,30000,0,104,2018,11,30,10,25,12,,,,,1,1,1,14,7,0,23,0,23,3,9,1,70,4,3,1,65,45,14,61,31,0,,,,,,,1,0,11,0,3,0,2,0,2,0,4,2,35.72128055555556,139.68144305555555,6,3,,,,
1,30,437,9,2,0,1,10250,0,104,2019,1,25,9,0,12,,,,,1,1,1,1,7,9,22,0,23,15,9,30,1,4,2,1,35,25,3,61,31,0,,,,,,,3,0,10,0,3,0,2,0,2,0,4,2,35.72257666666667,139.6834861111111,6,3,,,,
1,30,437,11,2,0,1,30000,0,104,2019,1,15,13,10,12,,,,,3,1,2,14,7,0,23,0,23,1,9,1,70,5,4,1,55,1,3,61,31,0,,,,,,,1,0,42,0,4,0,2,0,1,0,4,2,35.71383638888889,139.69792583333333,3,3,,,,
1,30,438,2,2,0,1,95000,0,104,2019,1,4,12,5,12,,,,,1,1,1,14,1,0,23,0,23,6,9,1,70,1,4,1,25,25,3,61,31,0,,,,,,,10,0,40,0,3,0,2,0,2,0,4,2,35.687416388888884,139.715115,6,3,,,,
1,30,438,7,2,0,1,20090,0,104,2019,1,13,18,45,22,,,,,1,1,1,1,1,9,22,0,23,19,9,30,70,1,2,1,65,45,3,61,1,0,,,,,,,5,0,10,0,3,0,2,0,2,0,4,2,35.68566916666666,139.7294625,1,2,,,,
1,30,438,15,2,0,1,10120,0,104,2019,1,24,8,20,12,,,,,1,1,1,14,7,0,23,0,23,5,9,1,70,1,2,1,35,55,51,61,0,0,,,,,,,0,0,10,0,3,0,0,0,0,0,4,2,35.681508055555554,139.7192836111111,5,3,,,,
1,30,438,18,2,0,1,95000,0,104,2019,1,31,20,20,22,,,,,3,1,2,7,1,0,23,0,23,2,9,1,70,1,2,1,55,35,3,61,1,0,,,,,,,4,0,10,0,3,0,2,0,2,0,4,2,35.68753805555555,139.71552499999999,5,3,,,,
1,30,439,1,1,1,0,10220,0,114,2019,1,16,18,3,22,,,,,1,1,1,7,7,0,23,0,23,4,9,1,70,4,1,1,45,75,13,61,31,0,,,,,,,3,0,10,0,3,0,2,0,2,0,4,1,35.709856388888895,139.66845027777777,4,3,,,,
1,30,439,8,2,0,1,99000,0,114,2019,1,14,20,25,22,,,,,1,1,1,0,7,0,23,0,23,0,0,20,70,0,4,1,65,35,3,61,1,0,,,,,,,10,0,60,0,2,0,2,0,2,0,4,2,35.692349166666666,139.6731822222222,2,1,,,,
1,30,439,11,2,0,1,30000,0,114,2019,1,18,2,52,22,,,,,1,1,1,1,7,9,22,0,23,11,9,30,70,5,2,1,45,35,3,61,31,0,,,,,,,1,0,40,0,3,0,2,0,2,0,4,2,35.70227416666667,139.67603388888887,6,3,,,,
1,30,439,14,2,0,1,95000,0,114,2019,1,22,7,5,11,,,,,1,1,1,0,7,0,23,0,23,0,0,20,70,0,4,1,65,35,3,61,31,0,,,,,,,10,0,30,0,4,0,2,0,2,0,4,2,35.69575111111111,139.67429638888888,3,3,,,,
1,30,439,18,2,0,1,30300,0,114,2019,1,22,12,40,12,,,,,1,1,1,1,1,1,21,0,23,14,9,30,1,4,1,1,45,25,3,61,1,0,,,,,,,3,0,30,0,4,0,2,0,2,0,4,2,35.69146277777777,139.67316027777778,3,3,,,,
1,30,440,2,2,0,1,30000,0,114,2018,12,25,14,55,12,,,,,1,1,1,1,7,9,22,0,23,18,9,30,70,5,3,1,45,35,13,61,31,0,,,,,,,3,0,40,0,4,0,2,0,2,0,4,2,35.71960694444444,139.66331694444446,3,3,,,,
1,30,440,10,2,0,1,30000,0,114,2019,1,18,12,40,12,,,,,1,1,1,7,7,0,23,0,23,3,9,1,70,5,3,1,55,35,1,61,1,0,,,,,,,3,0,20,0,3,0,2,0,2,0,4,2,35.718511944444444,139.65384694444444,6,3,,,,
1,30,440,14,2,0,1,30000,0,114,2019,1,24,13,10,12,,,,,1,1,1,14,7,0,23,0,23,3,9,1,1,4,3,1,65,45,13,61,31,0,,,,,,,2,0,40,0,4,0,1,0,2,0,4,2,35.716860277777776,139.6722722222222,5,3,,,,
1,30,440,15,2,0,1,30000,0,114,2019,1,25,8,35,12,,,,,1,1,1,21,7,0,23,0,23,4,9,20,70,4,3,1,35,65,51,61,0,0,,,,,,,0,0,10,0,3,0,0,0,0,0,4,2,35.71612944444445,139.67161555555555,6,3,,,,
1,30,440,19,2,0,1,30000,0,114,2019,1,31,17,50,21,,,,,3,1,2,1,1,9,22,0,23,11,9,30,70,5,4,1,65,75,3,61,31,0,,,,,,,2,0,10,0,4,0,2,0,2,0,4,2,35.71256138888889,139.67710805555555,5,3,,,,
1,30,441,1,2,0,1,30000,0,115,2018,12,29,17,18,21,,,,,1,1,1,1,7,9,22,0,23,11,9,30,70,5,4,1,1,45,3,61,31,0,,,,,,,10,0,10,0,4,0,2,0,2,0,4,2,35.706805,139.64633972222222,7,3,,,,
1,30,441,12,2,0,1,10130,0,115,2019,1,10,17,15,21,,,,,1,1,1,1,1,9,22,0,23,14,9,30,70,1,4,1,1,35,51,61,0,0,,,,,,,0,0,10,0,3,0,0,0,0,0,4,2,35.688716388888885,139.65534027777778,5,3,,,,
1,30,441,23,2,0,1,30000,0,115,2019,1,24,20,40,22,,,,,1,1,1,14,7,0,23,0,23,2,9,1,70,5,3,1,1,45,51,61,0,0,,,,,,,0,0,10,0,3,0,0,0,0,0,4,2,35.691581111111105,139.653685,5,3,,,,
1,30,441,24,2,0,1,10240,0,115,2019,1,24,21,45,22,,,,,1,1,1,14,7,0,23,0,23,2,9,1,70,1,2,1,1,35,51,61,0,0,,,,,,,0,0,10,0,3,0,0,0,0,0,4,2,35.698923611111105,139.63715083333332,5,3,,,,
1,30,441,25,2,0,1,30000,0,115,2019,1,25,13,5,12,,,,,1,1,1,1,7,9,22,0,23,11,9,30,70,5,3,1,25,75,51,61,0,0,,,,,,,0,0,10,0,3,0,0,0,0,0,4,2,35.70721416666667,139.65633694444446,6,3,,,,
1,30,442,5,2,0,2,10230,0,115,2018,12,19,18,30,22,,,,,1,1,1,14,7,0,23,0,23,3,9,1,70,4,1,1,45,45,1,61,1,0,,,,,,,3,0,0,0,4,0,2,0,2,0,2,2,35.683501111111106,139.65769333333333,4,3,,,,
1,30,442,8,2,0,1,20000,0,115,2019,1,7,12,22,12,,,,,1,1,1,14,7,0,23,0,23,3,9,1,70,5,3,1,1,75,14,61,31,0,,,,,,,1,0,80,0,3,0,2,0,2,0,4,2,35.686162499999995,139.59947805555558,2,3,,,,
1,30,442,13,2,0,1,20270,0,115,2019,1,9,5,27,22,,,,,1,1,1,1,1,9,22,0,23,17,9,30,70,5,2,1,45,55,3,61,31,0,,,,,,,3,0,10,0,3,0,2,0,2,0,4,2,35.68870083333333,139.6164375,4,3,,,,
1,30,442,19,2,0,1,10200,0,115,2019,1,7,2,5,22,,,,,1,1,1,1,1,9,22,0,23,14,9,20,70,1,2,1,1,1,3,61,31,0,,,,,,,5,0,10,0,4,0,2,0,2,0,4,2,35.68143194444444,139.6148763888889,2,3,,,,
1,30,442,22,2,0,1,10260,0,115,2019,1,16,7,20,11,,,,,1,1,1,1,3,9,22,0,23,14,9,30,70,4,2,1,75,25,14,61,1,0,,,,,,,3,0,80,0,3,0,2,0,2,0,4,2,35.70039416666667,139.5938211111111,4,3,,,,
1,30,442,27,2,0,1,30000,0,115,2019,1,21,11,15,12,,,,,1,1,1,1,7,9,22,0,23,14,9,30,70,5,3,1,65,75,3,61,1,0,,,,,,,1,0,10,0,4,0,2,0,2,0,4,2,35.68156944444444,139.6252702777778,2,3,,,,
1,30,442,37,2,0,1,30000,0,115,2019,1,23,9,35,12,,,,,1,1,1,14,7,0,23,0,23,2,9,20,70,5,3,1,65,35,3,61,31,0,,,,,,,1,0,20,0,3,0,2,0,2,0,4,2,35.68628111111111,139.5995225,4,3,,,,
1,30,443,4,2,0,1,10200,0,115,2018,12,25,7,33,11,,,,,1,1,1,14,7,0,23,0,23,5,9,1,70,1,1,1,1,25,3,61,31,0,,,,,,,5,0,51,0,2,0,1,0,2,0,4,2,35.697138055555556,139.6178252777778,3,3,,,,
1,30,443,7,2,0,1,99000,0,115,2019,1,11,13,5,12,,,,,1,1,1,0,7,0,23,0,23,0,0,20,70,0,4,1,75,65,3,61,31,0,,,,,,,10,0,10,0,1,0,2,0,2,0,4,2,35.70538527777778,139.61969277777777,6,3,,,,
1,30,545,5,2,0,1,170,61,105,2018,12,17,17,17,21,,,,,1,1,1,1,1,9,22,0,23,19,9,30,70,1,1,1,55,1,3,61,31,0,,,,,,,10,0,10,0,4,0,2,0,2,0,4,2,35.72857888888889,139.7440672222222,2,3,,,,
1,30,545,6,2,0,1,20370,0,105,2018,12,22,13,3,12,,,,,3,1,2,1,1,9,22,0,23,14,9,30,70,5,1,1,25,1,13,61,31,0,,,,,,,5,0,10,0,3,0,2,0,2,0,4,2,35.72514027777778,139.739745,7,2,,,,
1,30,545,10,2,0,1,20000,0,105,2019,1,16,8,50,12,,,,,1,1,1,14,7,0,23,0,23,5,8,1,70,4,1,1,35,35,51,61,0,0,,,,,,,0,0,10,0,3,0,0,0,0,0,4,2,35.721241944444444,139.7522361111111,4,3,,,,
1,30,546,1,2,0,1,20380,0,105,2018,12,26,3,28,22,,,,,1,1,1,14,7,0,23,0,23,5,9,1,70,1,1,1,25,45,51,61,0,0,,,,,,,0,0,20,0,4,0,0,0,0,0,4,2,35.71471416666667,139.72982472222222,4,3,,,,
1,30,546,3,2,0,1,30000,0,105,2019,1,4,10,30,12,,,,,1,1,1,1,7,9,22,0,23,11,9,30,70,5,3,1,55,75,51,61,0,0,,,,,,,0,0,10,0,3,0,0,0,0,0,4,2,35.713465,139.72070416666668,6,3,,,,
1,30,546,6,2,0,1,30000,0,105,2019,1,8,9,47,12,,,,,1,1,1,14,7,0,23,0,23,2,9,1,1,4,1,1,35,1,51,61,0,0,,,,,,,0,0,20,0,3,0,0,0,0,0,4,2,35.718310555555554,139.7341625,3,3,,,,
1,30,547,3,2,0,1,30000,0,105,2019,1,8,9,55,12,,,,,1,1,1,14,7,0,23,0,23,3,9,1,70,5,3,1,25,45,51,61,0,0,,,,,,,0,0,20,0,4,0,0,0,0,0,4,2,35.71736416666667,139.75916694444444,3,3,,,,
1,30,547,5,2,0,1,10300,0,105,2019,1,21,15,56,12,,,,,1,1,1,14,7,0,23,0,23,2,9,20,70,4,2,1,45,45,35,61,31,0,,,,,,,3,0,10,0,4,0,0,0,0,0,4,2,35.7183875,139.76598055555556,2,3,,,,
1,30,548,2,2,0,1,20000,0,105,2019,1,17,9,42,12,,,,,1,1,1,14,7,0,23,0,23,2,9,1,70,5,4,1,55,35,5,61,31,0,,,,,,,2,0,20,0,4,0,2,0,2,0,4,2,35.721383055555556,139.76073916666667,5,3,,,,
1,30,549,8,2,0,1,20000,0,116,2019,1,11,11,15,12,,,,,1,1,1,14,1,0,23,0,23,4,9,1,70,4,1,1,65,65,13,61,31,0,,,,,,,3,0,80,0,3,0,2,0,2,0,4,2,35.73300555555556,139.72892277777777,6,3,,,,
1,30,549,9,2,0,1,30000,0,116,2019,1,22,8,1,12,,,,,1,1,1,14,7,0,23,0,23,3,9,1,70,5,3,1,45,1,3,61,31,0,,,,,,,2,0,20,0,3,0,2,0,2,0,4,2,35.73973,139.72960444444445,3,3,,,,
1,30,549,12,2,0,1,30000,0,116,2019,1,24,11,20,12,,,,,1,1,1,1,1,9,22,0,23,14,9,30,1,4,1,1,65,75,3,61,31,0,,,,,,,10,0,20,0,4,0,2,0,2,0,4,2,35.735572777777776,139.73826083333333,5,3,,,,
1,30,550,2,2,0,1,30000,0,116,2019,1,8,20,57,22,,,,,1,1,1,1,7,9,22,0,23,11,9,30,70,5,3,1,35,35,3,61,31,0,,,,,,,10,0,10,0,4,0,2,0,2,0,4,2,35.73290083333333,139.7117372222222,3,3,,,,
1,30,551,2,2,0,1,95000,0,116,2018,11,6,16,50,21,,,,,3,1,2,7,1,0,23,0,23,1,9,1,70,4,2,1,25,1,4,61,31,0,,,,,,,3,0,50,0,3,0,2,0,2,0,4,2,35.73880833333333,139.68665611111112,3,3,,,,
1,30,551,6,2,0,1,10010,0,116,2018,12,13,22,40,22,,,,,1,1,1,1,1,9,22,0,23,17,9,30,70,4,2,1,25,45,51,61,0,0,,,,,,,0,0,10,0,3,0,0,0,0,0,4,2,35.72614611111111,139.68209777777776,5,3,,,,
1,30,551,8,2,0,1,30000,0,116,2019,1,4,10,30,12,,,,,1,1,1,1,7,9,22,0,23,11,9,30,70,5,3,1,65,35,3,61,31,0,,,,,,,2,0,10,0,4,0,2,0,2,0,4,2,35.727356666666665,139.69275694444445,6,3,,,,
1,30,551,24,2,0,1,20000,0,116,2019,1,27,20,31,22,,,,,1,1,1,7,1,0,23,0,23,1,9,1,70,4,2,1,1,55,51,61,0,0,,,,,,,0,0,10,0,4,0,0,0,0,0,4,2,35.72491361111111,139.72084222222222,1,3,,,,
1,30,551,27,2,0,1,30000,0,116,2019,1,28,7,51,12,,,,,1,1,1,7,1,0,23,0,23,2,9,1,70,4,2,1,1,0,61,0,0,0,,,,,,,0,0,0,0,0,0,0,0,0,0,2,0,35.721292222222225,139.7071386111111,2,3,,,,
1,30,552,1,2,0,1,10090,0,117,2019,1,11,0,21,22,,,,,1,1,1,14,7,0,23,0,23,5,9,1,70,5,1,1,65,35,3,61,1,0,,,,,,,4,0,10,0,3,0,2,0,2,0,4,2,35.749674166666665,139.75007694444446,6,3,,,,
1,30,552,4,2,0,1,30000,0,117,2019,1,15,14,40,12,,,,,3,1,2,7,1,0,23,0,23,1,9,1,70,4,2,1,35,25,13,61,31,0,,,,,,,3,0,10,0,4,0,2,0,2,0,4,2,35.73770916666667,139.75033805555555,3,3,,,,
1,30,552,5,2,0,1,30000,0,117,2019,1,15,19,20,22,,,,,1,1,2,14,7,0,23,0,23,1,9,1,70,4,2,1,55,75,3,61,31,0,,,,,,,1,0,30,0,4,0,2,0,2,0,4,2,35.745441944444444,139.73971833333331,3,3,,,,
1,30,552,7,2,0,1,30000,0,117,2019,1,16,13,30,12,,,,,1,1,1,1,1,9,22,0,23,15,9,30,70,5,1,1,45,75,17,61,1,0,,,,,,,10,0,10,0,4,0,2,0,2,0,4,2,35.738370277777776,139.74971805555555,4,3,,,,
1,30,552,8,2,0,2,30000,0,117,2019,1,19,23,50,22,,,,,1,1,1,1,1,9,22,0,23,15,9,30,70,5,2,1,55,25,14,61,31,0,,,,,,,2,0,10,0,3,0,2,0,2,0,4,2,35.73824805555556,139.75862305555555,7,3,,,,
1,30,552,13,2,0,1,30000,0,117,2018,12,1,11,56,12,,,,,1,1,1,7,7,0,23,0,23,2,9,1,70,5,4,1,35,65,51,61,0,0,,,,,,,0,0,10,0,3,0,0,0,0,0,4,2,35.740878888888886,139.745735,7,3,,,,