資料区分,都道府県コード,警察署等コード,本票番号,事故内容,死者数,負傷者数,路線コード,地点コード,市区町村コード,発生日時　　年,発生日時　　月,発生日時　　日,発生日時　　時,発生日時　　分,昼夜,日の出時刻　　時,日の出時刻　　分,日の入り時刻　　時,日の入り時刻　　分,天候,地形,路面状態,道路形状,信号機,一時停止規制　標識（当事者A）,一時停止規制　表示（当事者A）,一時停止規制　標識（当事者B）,一時停止規制　表示（当事者B）,車道幅員,道路線形,衝突地点,ゾーン規制,中央分離帯施設等,歩車道区分,事故類型,年齢（当事者A）,年齢（当事者B）,当事者種別（当事者A）,当事者種別（当事者B）,用途別（当事者A）,用途別（当事者B）,車両形状等（当事者A）,車両形状等（当事者B）,オートマチック車（当事者A）,オートマチック車（当事者B）,サポカー（当事者A）,サポカー（当事者B）,速度規制（指定のみ）（当事者A）,速度規制（指定のみ）（当事者B）,車両の衝突部位（当事者A）,車両の衝突部位（当事者B）,車両の損壊程度（当事者A）,車両の損壊程度（当事者B）,エアバッグの装備（当事者A）,エアバッグの装備（当事者B）,サイドエアバッグの装備（当事者A）,サイドエアバッグの装備（当事者B）,人身損傷程度（当事者A）,人身損傷程度（当事者B）,lat,lon,曜日(発生年月日),祝日(発生年月日),認知機能検査経過日数（当事者A）,認知機能検査経過日数（当事者B）,運転練習の方法（当事者A）,運転練習の方法（当事者B）
1,30,553,3,2,0,4,10310,0,117,2019,1,12,9,21,12,,,,,2,1,1,7,7,0,23,0,23,1,9,1,70,4,1,1,35,45,1,61,1,0,,,,,,,3,0,10,0,2,0,2,0,2,0,2,2,35.759836388888885,139.7454311111111,7,3,,,,
1,30,554,6,2,0,1,30000,0,117,2019,1,18,8,30,12,,,,,1,1,1,13,7,0,23,0,23,3,3,1,70,1,1,1,35,45,13,61,31,0,,,,,,,3,0,80,0,2,0,2,0,2,0,4,2,35.76824916666666,139.7367708333333,6,3,,,,
1,30,554,14,2,0,1,30000,0,117,2019,1,29,19,15,22,,,,,1,1,1,1,7,9,22,0,23,15,7,30,70,4,2,1,55,45,3,61,31,0,,,,,,,2,0,10,0,4,0,2,0,2,0,4,2,35.78022722222222,139.70496694444444,3,3,,,,
1,30,555,1,1,1,0,30000,0,119,2019,1,20,18,30,22,,,,,1,1,1,14,7,0,23,0,23,3,9,1,70,4,2,1,45,75,4,61,31,0,,,,,,,2,0,80,0,4,0,2,0,2,0,4,1,35.75188027777778,139.6961161111111,1,3,,,,
1,30,555,9,2,0,1,30000,0,119,2018,12,14,19,0,22,,,,,1,1,1,14,7,0,23,0,23,3,9,1,70,5,4,1,45,25,14,61,31,0,,,,,,,10,0,50,0,3,0,2,0,2,0,4,2,35.741393055555555,139.6843986111111,6,3,,,,
1,30,555,16,2,0,1,95000,0,119,2018,12,24,17,15,21,,,,,1,1,1,14,7,0,23,0,23,5,9,1,70,1,1,1,25,45,51,61,0,0,,,,,,,0,0,10,0,4,0,0,0,0,0,4,2,35.7488825,139.6968113888889,2,1,,,,
1,30,555,19,2,0,1,10130,0,119,2018,12,28,20,5,22,,,,,1,1,1,14,7,0,23,0,23,3,9,1,70,1,2,1,25,45,14,61,31,0,,,,,,,4,0,10,0,3,0,2,0,2,0,4,2,35.75794305555556,139.6925775,6,3,,,,
1,30,555,20,2,0,1,30000,0,119,2018,12,14,19,15,22,,,,,1,1,1,1,7,9,22,0,23,11,9,20,70,5,3,1,75,45,3,61,31,0,,,,,,,10,0,50,0,3,0,2,0,2,0,4,2,35.75510527777778,139.69186638888888,6,3,,,,
1,30,555,23,2,0,1,20420,0,119,2019,1,5,17,40,21,,,,,1,1,1,14,8,0,23,0,23,6,9,20,70,1,2,1,35,35,3,61,31,0,,,,,,,4,0,10,0,3,0,2,0,2,0,4,2,35.74078888888889,139.68531000000002,7,3,,,,
1,30,555,27,2,0,1,30000,0,119,2019,1,11,10,15,12,,,,,1,1,1,14,7,0,23,0,23,2,9,1,70,5,3,1,75,75,3,61,31,0,,,,,,,2,0,80,0,4,0,2,0,2,0,4,2,35.74932972222222,139.70080444444443,6,3,,,,
1,30,555,28,2,0,1,30000,0,119,2019,1,13,0,3,22,,,,,3,1,2,1,8,9,22,0,23,14,9,30,70,4,3,1,45,45,3,61,31,0,,,,,,,2,0,10,0,3,0,2,0,2,0,4,2,35.7534925,139.6996736111111,1,2,,,,
1,30,555,29,2,0,1,30000,0,119,2019,1,9,7,13,11,,,,,1,1,1,1,7,1,22,0,23,11,9,30,70,5,3,1,45,45,14,61,31,0,,,,,,,2,0,10,0,3,0,2,0,2,0,4,2,35.75870638888889,139.70020499999998,4,3,,,,
1,30,555,38,2,0,1,30000,0,119,2019,1,22,9,35,12,,,,,1,1,1,1,7,9,22,0,23,15,9,30,70,5,4,1,55,75,3,61,31,0,,,,,,,2,0,40,0,4,0,2,0,2,0,4,2,35.75558111111111,139.69599888888888,3,3,,,,
1,30,555,39,2,0,1,30000,0,119,2019,1,24,13,35,12,,,,,1,1,1,1,7,9,22,0,23,11,9,30,70,5,3,1,35,25,3,61,31,0,,,,,,,2,0,10,0,3,0,2,0,2,0,4,2,35.739023055555556,139.7024033333333,5,3,,,,
1,30,555,43,2,0,1,30000,0,119,2019,1,28,19,13,22,,,,,1,1,1,7,1,0,23,0,23,4,9,1,70,4,2,1,45,65,3,61,31,0,,,,,,,2,0,10,0,3,0,2,0,2,0,4,2,35.761335277777775,139.6838538888889,2,3,,,,
1,30,555,44,2,0,1,30000,0,119,2019,1,19,11,45,12,,,,,1,1,1,14,7,0,23,0,23,2,9,1,70,5,3,1,45,75,51,61,0,0,,,,,,,0,0,10,0,3,0,0,0,0,0,4,2,35.75692083333333,139.69493,7,3,,,,
1,30,557,1,2,0,1,10200,0,120,2018,12,30,12,55,12,,,,,1,1,1,7,1,0,23,0,23,3,9,1,70,1,2,1,75,35,3,61,31,0,,,,,,,4,0,10,0,3,0,2,0,2,0,4,2,35.756127222222226,139.64921055555556,1,3,,,,
1,30,557,2,2,0,1,30000,0,120,2018,12,4,20,30,22,,,,,1,1,1,1,7,9,22,0,23,11,9,30,70,5,4,1,45,45,3,61,31,0,,,,,,,10,0,20,0,4,0,2,0,2,0,4,2,35.755180277777775,139.6514752777778,3,3,,,,
1,30,557,4,2,0,2,30000,0,120,2018,12,17,1,20,22,,,,,1,1,1,1,1,9,22,0,23,15,9,30,70,4,2,1,65,35,14,61,31,0,,,,,,,10,0,10,0,3,0,2,0,2,0,4,2,35.73426777777778,139.64141666666666,2,3,,,,
1,30,557,7,2,0,1,30000,0,120,2019,1,1,10,25,12,,,,,1,1,1,14,7,0,23,0,23,3,9,1,70,4,2,1,65,75,3,61,31,0,,,,,,,2,0,40,0,4,0,2,0,2,0,4,2,35.7375975,139.65275055555557,3,1,,,,
1,30,557,9,2,0,1,30000,0,120,2019,1,5,11,6,12,,,,,1,1,1,14,7,0,23,0,23,3,9,1,70,4,1,1,1,75,51,61,0,0,,,,,,,0,0,40,0,4,0,0,0,0,0,4,2,35.74259111111111,139.6491497222222,7,3,,,,
1,30,557,15,2,0,1,30000,0,120,2019,1,11,6,25,23,,,,,1,1,1,1,7,9,22,0,23,14,9,30,70,4,1,1,65,65,3,61,31,0,,,,,,,2,0,50,0,3,0,2,0,2,0,4,2,35.75386722222222,139.6690847222222,6,3,,,,
1,30,558,5,2,0,1,30000,0,120,2018,12,20,11,20,12,,,,,1,1,1,14,7,0,23,0,23,3,9,1,70,5,3,1,1,0,61,0,0,0,,,,,,,0,0,0,0,0,0,0,0,0,0,2,0,35.73424611111111,139.57986472222223,5,3,,,,
1,30,558,11,2,0,1,30000,0,120,2019,1,7,7,25,11,,,,,1,1,1,1,1,9,22,0,23,14,9,30,70,5,2,1,55,75,3,61,31,0,,,,,,,3,0,10,0,4,0,2,0,2,0,4,2,35.73594111111111,139.59992111111112,2,3,,,,
1,30,558,17,2,0,1,30380,0,120,2019,1,16,9,55,12,,,,,1,1,1,1,1,9,22,0,23,15,9,30,70,4,2,1,65,45,3,61,31,0,,,,,,,3,0,10,0,2,0,2,0,2,0,4,2,35.773516388888886,139.58620333333334,4,3,,,,
1,30,558,19,2,0,1,10250,0,120,2019,1,17,6,48,23,,,,,1,1,1,14,1,0,23,0,23,4,9,1,70,5,1,1,35,55,3,61,31,0,,,,,,,3,0,80,0,3,0,2,0,2,0,4,2,35.72934277777778,139.60142861111112,5,3,,,,
1,30,558,20,2,0,1,30000,0,120,2019,1,11,15,45,12,,,,,1,1,1,1,7,9,22,0,23,11,9,30,70,5,2,1,55,1,51,61,0,0,,,,,,,0,0,10,0,4,0,0,0,0,0,4,2,35.7392125,139.5998963888889,6,3,,,,
1,30,558,24,2,0,1,30380,0,120,2019,1,10,18,25,22,,,,,1,1,1,1,7,9,22,0,23,14,9,30,70,5,2,1,45,65,3,61,31,0,,,,,,,3,0,0,0,4,0,2,0,2,0,4,2,35.77404416666666,139.58606500000002,5,3,,,,
1,30,559,4,2,0,1,30000,0,119,2018,12,8,17,50,22,,,,,1,1,1,7,7,0,23,0,23,3,9,20,70,5,2,1,35,75,4,61,31,0,,,,,,,2,0,10,0,4,0,2,0,2,0,4,2,35.78657444444444,139.63241583333334,7,3,,,,
1,30,559,7,2,0,1,30000,0,119,2019,1,6,19,24,22,,,,,1,1,1,1,7,0,23,0,23,11,9,30,70,5,2,1,35,0,61,0,0,0,,,,,,,0,0,0,0,0,0,0,0,0,0,2,0,35.772551666666665,139.63169694444446,1,3,,,,
1,30,559,10,2,0,1,30000,0,119,2019,1,12,5,35,22,,,,,1,1,1,1,1,9,22,0,23,14,9,30,70,1,2,1,35,65,3,61,31,0,,,,,,,3,0,10,0,3,0,2,0,2,0,4,2,35.78722666666666,139.65203972222224,7,3,,,,
1,30,559,11,2,0,1,30000,0,119,2019,1,12,18,30,22,,,,,3,1,2,7,7,0,23,0,23,1,3,20,1,5,3,1,65,75,14,61,1,0,,,,,,,2,0,50,0,3,0,2,0,2,0,4,2,35.79147,139.65811833333333,7,3,,,,
1,30,559,14,2,0,1,95000,0,119,2019,1,20,11,55,12,,,,,1,1,1,14,7,0,23,0,23,1,9,1,70,5,4,1,65,75,51,61,0,0,,,,,,,0,0,10,0,3,0,0,0,0,0,4,2,35.797805277777776,139.66885416666665,1,3,,,,
1,30,559,16,2,0,1,20490,0,119,2019,1,11,15,45,12,,,,,1,1,1,14,7,0,23,0,23,3,9,1,70,4,2,1,55,65,4,61,31,0,,,,,,,3,0,30,0,3,0,2,0,2,0,4,2,35.77983638888889,139.6468075,6,3,,,,
1,30,559,21,2,0,1,30000,0,119,2019,1,31,17,15,21,,,,,3,1,2,1,8,9,22,0,23,15,9,30,70,4,2,1,65,75,3,61,31,0,,,,,,,2,0,10,0,4,0,2,0,2,0,4,2,35.769350277777775,139.66083194444445,5,3,,,,
1,30,559,23,2,0,1,2540,142,119,2019,1,31,19,10,22,,,,,3,1,2,1,1,9,22,0,23,18,9,30,70,4,1,1,25,1,14,61,31,0,,,,,,,2,0,40,0,3,0,2,0,2,0,4,2,35.77513416666667,139.63403472222222,5,3,,,,
1,30,560,4,2,0,1,30000,0,120,2019,1,4,17,30,21,,,,,1,1,1,1,7,1,22,0,23,15,9,30,70,4,2,1,25,1,14,61,31,0,,,,,,,5,0,10,0,3,0,2,0,2,0,4,2,35.75926277777778,139.6516688888889,6,3,,,,
1,30,560,8,2,0,1,30000,0,120,2019,1,8,8,20,12,,,,,1,1,1,14,7,0,23,0,23,4,9,1,70,4,1,1,45,1,51,61,0,0,,,,,,,0,0,40,0,4,0,0,0,0,0,4,2,35.753655555555554,139.62165055555556,3,3,,,,
1,30,560,12,2,0,1,30000,0,120,2019,1,13,17,20,21,,,,,1,1,1,14,7,0,23,0,23,3,9,1,70,5,4,1,65,75,51,61,0,0,,,,,,,0,0,40,0,3,0,0,0,0,0,4,2,35.75940722222222,139.65335833333333,1,2,,,,
1,30,560,16,2,0,1,99000,0,120,2019,1,17,15,50,12,,,,,1,1,1,0,7,0,23,0,23,0,0,20,70,0,4,1,35,55,3,61,31,0,,,,,,,10,0,30,0,4,0,2,0,2,0,4,2,35.747100555555555,139.6235363888889,5,3,,,,
1,30,560,19,2,0,1,30000,0,120,2019,1,18,21,25,22,,,,,1,1,1,13,7,0,23,0,23,2,3,1,70,5,4,1,65,55,14,61,31,0,,,,,,,10,0,20,0,4,0,2,0,2,0,4,2,35.73274055555556,139.62465111111112,6,3,,,,
1,30,560,24,2,0,1,30000,0,120,2019,1,22,8,45,12,,,,,1,1,1,1,1,9,22,0,23,18,9,30,70,1,2,1,45,75,3,61,31,0,,,,,,,3,0,0,0,4,0,2,0,2,0,4,2,35.75839444444444,139.62560916666666,3,3,,,,
1,30,560,29,2,0,1,30000,0,120,2019,1,26,11,20,12,,,,,1,1,1,1,7,9,22,0,23,14,9,30,70,4,1,1,45,65,3,61,31,0,,,,,,,2,0,40,0,3,0,2,0,2,0,4,2,35.75100666666667,139.6338236111111,7,3,,,,
1,30,560,31,2,0,1,20000,0,120,2019,1,21,16,45,13,,,,,1,1,1,14,7,0,23,0,23,2,9,1,70,4,1,1,25,25,17,61,1,0,,,,,,,2,0,80,0,3,0,2,0,2,0,4,2,35.76102222222222,139.63043444444446,2,3,,,,
1,30,560,33,2,0,1,30000,0,120,2019,1,28,3,30,22,,,,,1,1,1,14,7,0,23,0,23,2,9,1,70,5,3,1,25,35,3,61,1,0,,,,,,,5,0,50,0,3,0,2,0,2,0,4,2,35.76844138888889,139.64580666666666,2,3,,,,
1,30,660,18,2,0,1,20370,0,106,2019,1,22,20,20,22,,,,,1,1,1,7,7,0,23,0,23,4,9,1,70,6,2,1,75,45,3,61,1,0,,,,,,,4,0,10,0,3,0,2,0,2,0,4,2,35.712474444444446,139.7685627777778,3,3,,,,
1,30,660,19,2,0,1,30000,0,106,2019,1,7,12,30,12,,,,,1,1,1,14,7,0,23,0,23,2,9,1,70,5,4,1,65,45,13,61,31,0,,,,,,,5,0,10,0,4,0,2,0,2,0,4,2,35.710210833333335,139.7759166666667,2,3,,,,
1,30,660,21,2,0,1,30000,0,106,2019,1,10,9,0,12,,,,,2,1,1,14,7,0,23,0,23,3,9,1,70,5,4,1,25,45,52,61,0,0,,,,,,,0,0,10,0,3,0,0,0,0,0,4,2,35.70465666666667,139.77813583333335,5,3,,,,
1,30,660,26,2,0,1,30000,0,106,2019,1,29,10,19,12,,,,,1,1,1,1,7,9,22,0,23,11,9,30,70,5,3,1,25,1,51,61,0,0,,,,,,,0,0,20,0,3,0,0,0,0,0,2,4,35.714955,139.7791691666667,3,3,,,,
1,30,660,27,2,0,1,95000,0,106,2019,1,30,16,55,13,,,,,1,1,1,1,1,0,23,0,23,18,9,30,70,1,1,1,25,0,61,0,0,0,,,,,,,0,0,0,0,0,0,0,0,0,0,2,0,35.70585944444445,139.77634083333334,4,3,,,,
1,30,661,5,2,0,1,10300,0,106,2019,1,14,12,43,12,,,,,1,1,1,14,7,0,23,0,23,5,9,1,70,1,2,1,55,1,51,61,0,0,,,,,,,0,0,10,0,3,0,0,0,0,0,4,2,35.71898111111111,139.78699083333333,2,1,,,,
1,30,662,1,2,0,1,30000,0,106,2019,1,3,21,40,22,,,,,1,1,1,1,1,9,22,0,23,15,9,30,70,4,2,1,75,45,3,61,1,0,,,,,,,3,0,50,0,3,0,2,0,2,0,4,2,35.72609444444445,139.79599777777779,5,3,,,,
1,30,662,3,2,0,1,20000,0,106,2019,1,15,9,43,12,,,,,2,1,1,7,1,0,23,0,23,5,9,1,70,4,1,1,55,45,13,61,31,0,,,,,,,2,0,10,0,3,0,2,0,2,0,4,2,35.72280722222222,139.79884666666666,3,3,,,,
1,30,665,2,2,0,1,30000,0,118,2019,1,18,19,45,22,,,,,1,1,1,1,7,9,22,0,23,14,9,20,70,5,3,1,75,45,51,61,0,0,,,,,,,0,0,10,0,4,0,0,0,0,0,4,2,35.73416111111111,139.7987325,6,3,,,,
1,30,666,3,2,0,1,30000,0,118,2018,8,11,17,50,13,,,,,2,1,1,1,7,1,21,0,23,11,9,20,70,5,3,1,45,65,36,61,31,0,,,,,,,2,0,40,0,4,0,0,0,0,0,4,2,35.73684638888889,139.76983722222224,7,1,,,,
1,30,666,4,2,0,1,30000,0,118,2018,11,19,18,45,22,,,,,3,1,2,1,1,9,22,0,23,11,9,30,70,4,2,1,35,65,3,61,31,0,,,,,,,2,0,10,0,4,0,2,0,2,0,4,2,35.72924444444445,139.78763416666666,2,3,,,,
1,30,666,6,2,0,1,10710,0,118,2018,12,9,7,35,11,,,,,1,1,1,1,7,0,23,0,23,11,9,30,70,4,1,1,1,0,61,0,0,0,,,,,,,0,0,0,0,0,0,0,0,0,0,2,0,35.72907416666667,139.77249277777779,1,3,,,,
1,30,666,8,2,0,1,30000,0,118,2018,12,17,13,30,12,,,,,1,1,1,14,7,0,23,0,23,1,9,1,70,5,3,1,65,45,3,61,31,0,,,,,,,1,0,10,0,4,0,2,0,2,0,4,2,35.7334525,139.7792413888889,2,3,,,,
1,30,666,11,2,0,1,30000,0,118,2019,1,7,12,50,12,,,,,1,1,1,14,7,0,23,0,23,1,9,1,70,5,3,1,65,75,51,61,0,0,,,,,,,0,0,10,0,3,0,0,0,0,0,4,2,35.74330972222222,139.78282583333333,2,3,,,,
1,30,666,12,2,0,1,95000,0,118,2019,1,9,13,30,12,,,,,1,1,1,7,7,0,23,0,23,4,9,1,70,4,1,1,35,1,3,61,31,0,,,,,,,3,0,80,0,4,0,2,0,2,0,4,2,35.72860888888889,139.77529722222224,4,3,,,,
1,30,666,13,2,0,1,95000,0,118,2019,1,9,19,20,22,,,,,1,1,1,7,7,0,23,0,23,3,9,1,70,4,1,1,65,55,51,61,0,0,,,,,,,0,0,10,0,3,0,0,0,0,0,4,2,35.73905777777778,139.7782077777778,4,3,,,,
1,30,666,15,2,0,1,30000,0,118,2019,1,19,22,15,22,,,,,1,1,1,14,7,0,23,0,23,3,9,1,70,5,1,1,55,45,3,61,1,0,,,,,,,10,0,80,0,3,0,2,0,2,0,4,2,35.72884194444445,139.7714566666667,7,3,,,,
1,30,666,16,2,0,1,95000,0,118,2019,1,21,18,38,22,,,,,1,1,1,14,7,0,23,0,23,4,9,1,70,4,1,1,1,45,51,61,0,0,,,,,,,0,0,10,0,3,0,0,0,0,0,4,2,35.74321388888889,139.78326750000002,2,3,,,,
1,30,666,19,2,0,1,30000,0,118,2019,1,27,14,27,12,,,,,1,1,1,14,7,0,23,0,23,2,7,1,70,5,3,1,45,75,3,61,31,0,,,,,,,1,0,60,0,4,0,2,0,2,0,4,2,35.72743638888889,139.76687166666667,1,3,,,,
1,30,667,11,2,0,1,30000,0,121,2019,1,19,19,25,22,,,,,1,1,1,14,7,0,23,0,23,2,9,1,70,5,3,1,45,25,3,61,31,0,,,,,,,2,0,40,0,4,0,2,0,2,0,4,2,35.74887555555556,139.80219583333334,7,3,,,,
1,30,668,10,2,0,1,30000,0,121,2019,1,2,11,8,12,,,,,1,1,1,14,7,0,23,0,23,3,9,1,70,4,2,1,1,1,51,61,0,0,,,,,,,0,0,10,0,4,0,0,0,0,0,4,2,35.775915,139.78726722222223,4,3,,,,
1,30,668,34,2,0,1,30000,0,121,2019,1,18,15,14,12,,,,,1,1,1,14,7,0,23,0,23,3,9,1,70,4,2,1,55,1,4,61,31,0,,,,,,,10,0,10,0,3,0,2,0,2,0,4,2,35.788483888888884,139.7965325,6,3,,,,
1,30,668,36,2,0,1,30000,0,121,2019,1,19,14,45,12,,,,,1,1,1,1,1,9,22,0,23,14,9,30,70,4,4,1,55,1,3,61,31,0,,,,,,,2,0,10,0,3,0,2,0,2,0,4,2,35.782379444444445,139.78554722222222,7,3,,,,
1,30,668,44,2,0,1,30000,0,121,2019,1,28,16,14,13,,,,,1,1,1,7,1,0,23,0,23,4,9,1,70,4,2,1,65,1,3,61,31,0,,,,,,,3,0,40,0,3,0,2,0,2,0,4,2,35.771499166666665,139.7455822222222,2,3,,,,
1,30,668,52,2,0,1,30000,0,121,2019,1,31,19,0,22,,,,,3,1,2,1,1,9,22,0,23,15,9,30,70,4,2,1,65,65,3,61,31,0,,,,,,,10,0,10,0,4,0,2,0,2,0,4,2,35.786269999999995,139.78363444444443,5,3,,,,
1,30,669,26,2,0,1,30450,0,121,2019,1,15,12,0,12,,,,,2,1,1,1,1,9,22,0,23,15,9,30,70,4,2,1,45,25,11,61,31,0,,,,,,,3,0,50,0,3,0,2,0,2,0,4,2,35.79514972222222,139.84026500000002,3,3,,,,
1,30,669,30,2,0,1,30000,0,121,2019,1,18,9,45,12,,,,,1,1,1,1,1,9,22,0,23,15,9,30,70,4,2,1,25,25,4,61,31,0,,,,,,,2,0,10,0,3,0,2,0,2,0,4,2,35.77007444444445,139.8449952777778,6,3,,,,
1,30,669,38,2,0,1,20000,0,121,2019,1,26,13,0,12,,,,,1,1,1,14,7,0,23,0,23,3,9,1,70,4,2,1,55,65,51,61,0,0,,,,,,,0,0,0,0,4,0,0,0,0,0,4,2,35.781462499999996,139.82659527777778,7,3,,,,
1,30,670,1,1,1,0,30000,0,121,2019,1,13,0,9,22,,,,,3,1,2,7,7,0,23,0,23,3,9,1,70,5,2,1,25,75,3,61,31,0,,,,,,,10,0,10,0,4,0,2,0,2,0,4,1,35.81304111111111,139.8240361111111,1,2,,,,
1,30,670,3,2,0,1,30000,0,121,2018,9,23,11,42,12,,,,,1,1,1,14,7,0,23,0,23,3,9,1,70,5,3,1,25,65,3,61,31,0,,,,,,,10,0,20,0,3,0,2,0,2,0,4,2,35.79061972222222,139.80223111111113,1,1,,,,
1,30,670,10,2,0,1,90000,0,121,2019,1,7,1,38,22,,,,,1,1,1,14,7,0,23,0,23,3,7,20,70,5,3,1,45,35,14,61,31,0,,,,,,,10,0,10,0,3,0,2,0,2,0,4,2,35.814386111111105,139.76841694444445,2,3,,,,
1,30,670,17,2,0,1,30000,0,121,2019,1,12,11,30,12,,,,,3,1,2,1,1,9,22,0,23,19,9,30,70,4,1,1,45,75,11,61,31,0,,,,,,,3,0,10,0,4,0,2,0,2,0,4,2,35.79409944444444,139.81703055555556,7,3,,,,
1,30,670,25,2,0,1,30000,0,121,2019,1,23,18,30,22,,,,,1,1,1,14,7,0,23,0,23,3,9,1,70,5,2,1,45,55,34,61,31,0,,,,,,,2,0,10,0,3,0,0,0,0,0,4,2,35.81635972222222,139.7694152777778,4,3,,,,
1,30,670,26,2,0,1,30000,0,121,2019,1,24,6,4,23,,,,,1,1,1,1,7,1,21,0,23,14,9,30,70,4,2,1,65,55,13,61,31,0,,,,,,,2,0,20,0,3,0,2,0,2,0,4,2,35.79391916666666,139.79964583333333,5,3,,,,
1,30,670,30,2,0,1,30000,0,121,2019,1,24,18,50,22,,,,,1,1,1,14,7,0,23,0,23,3,9,1,70,5,4,1,1,25,4,61,31,0,,,,,,,2,0,10,0,3,0,2,0,2,0,4,2,35.7915375,139.80194277777778,5,3,,,,
1,30,771,11,2,0,1,10370,0,108,2019,1,7,7,15,11,,,,,1,1,1,1,1,9,22,0,23,19,9,30,70,6,1,1,1,45,13,61,31,0,,,,,,,4,0,10,0,3,0,1,0,2,0,4,2,35.66958333333333,139.8058,2,3,,,,
1,30,771,24,2,0,1,30000,0,108,2019,1,9,17,25,21,,,,,1,1,1,1,7,9,22,0,23,15,9,30,70,4,2,1,65,65,3,61,1,0,,,,,,,2,0,10,0,3,0,2,0,2,0,4,2,35.673285,139.80064222222222,4,3,,,,
1,30,771,27,2,0,1,10040,0,108,2019,1,15,5,10,22,,,,,1,1,1,14,7,0,23,0,23,3,9,1,70,1,1,1,35,1,51,61,0,0,,,,,,,0,0,10,0,4,0,0,0,0,0,4,2,35.67274555555555,139.79442444444445,3,3,,,,
1,30,771,28,2,0,1,10370,0,108,2019,1,21,5,43,22,,,,,1,1,1,1,1,9,22,0,23,14,9,30,70,4,2,1,45,65,17,61,31,0,,,,,,,3,0,10,0,3,0,2,0,2,0,4,2,35.68572333333333,139.8062952777778,2,3,,,,
1,30,771,32,2,0,1,10370,0,108,2019,1,25,11,37,12,,,,,1,1,1,1,1,9,22,0,23,17,9,30,70,4,1,1,45,1,3,61,31,0,,,,,,,4,0,10,0,3,0,2,0,2,0,4,2,35.66959055555555,139.80580583333335,6,3,,,,
1,30,771,34,2,0,1,20540,0,108,2019,1,27,11,25,12,,,,,1,1,1,1,1,9,22,0,23,18,9,30,70,4,1,1,55,75,3,61,1,0,,,,,,,1,0,10,0,3,0,2,0,2,0,4,2,35.68286194444444,139.81383000000002,1,3,,,,
1,30,772,1,1,1,1,20650,0,108,2019,1,2,17,25,21,,,,,1,1,1,14,7,0,23,0,23,5,9,1,70,4,1,1,35,55,35,61,31,0,,,,,,,3,0,10,0,2,0,0,0,0,0,2,1,35.676521666666666,139.83393722222223,4,3,,,,
1,30,772,12,2,0,1,10090,0,108,2019,1,10,4,20,22,,,,,1,1,1,1,1,9,22,0,23,18,9,30,70,4,2,1,55,35,3,61,31,0,,,,,,,4,0,10,0,3,0,2,0,2,0,4,2,35.67359194444444,139.82651972222223,5,3,,,,
1,30,772,19,2,0,1,10090,0,108,2019,1,2,16,26,13,,,,,1,1,1,1,1,9,22,0,23,17,9,30,70,4,2,1,55,55,51,61,0,0,,,,,,,0,0,10,0,3,0,0,0,0,0,4,2,35.69117472222222,139.82612444444445,4,3,,,,
1,30,772,21,2,0,1,10090,0,108,2019,1,21,18,45,22,,,,,1,1,1,1,1,9,22,0,23,19,9,30,70,1,2,1,65,25,3,61,1,0,,,,,,,4,0,12,0,3,0,2,0,2,0,4,2,35.70509472222223,139.82584666666665,2,3,,,,
1,30,772,23,2,0,1,30000,0,108,2019,1,17,18,30,22,,,,,2,1,1,14,7,0,23,0,23,1,9,1,70,5,3,1,75,25,3,61,31,0,,,,,,,2,0,30,0,3,0,2,0,2,0,4,2,35.68014111111111,139.83610083333335,5,3,,,,
1,30,772,26,2,0,1,140,65,108,2019,1,23,22,0,22,,,,,1,1,1,14,1,0,23,0,23,6,9,1,70,5,1,1,65,75,14,61,31,0,,,,,,,4,0,10,0,1,0,2,0,2,0,4,2,35.697115555555555,139.83584333333334,4,3,,,,
1,30,772,34,2,0,1,10090,0,108,2019,1,31,20,53,22,,,,,3,1,2,14,1,0,23,0,23,5,9,1,70,1,1,1,45,45,11,61,1,0,,,,,,,4,0,10,0,3,0,2,0,2,0,4,2,35.66005305555555,139.8239375,5,3,,,,
1,30,773,7,2,0,1,30000,0,107,2019,1,3,20,40,22,,,,,1,1,1,1,1,9,22,0,23,15,9,30,70,4,2,1,1,35,3,61,31,0,,,,,,,10,0,81,0,3,0,2,0,2,0,4,2,35.693796111111105,139.81326166666668,5,3,,,,
1,30,773,9,2,0,1,30000,0,107,2019,1,3,19,5,22,,,,,1,1,1,1,1,9,22,0,23,14,9,30,70,4,4,1,45,45,3,61,31,0,,,,,,,3,0,80,0,3,0,2,0,2,0,4,2,35.710770833333335,139.81379055555556,5,3,,,,
1,30,773,12,2,0,2,20680,0,107,2019,1,17,8,43,12,,,,,1,1,1,1,7,9,22,0,23,17,9,20,70,1,2,1,45,55,35,61,31,0,,,,,,,4,0,10,0,3,0,0,0,0,0,2,2,35.701548611111114,139.79708722222222,5,3,,,,
1,30,773,21,2,0,1,20530,0,107,2019,1,15,21,20,22,,,,,2,1,1,1,1,9,22,0,23,17,9,30,70,1,2,1,45,35,4,61,31,0,,,,,,,10,0,10,0,3,0,2,0,2,0,4,2,35.70888777777778,139.81175333333334,3,3,,,,
1,30,774,2,2,0,1,30000,0,107,2018,12,17,12,40,12,,,,,1,1,1,13,7,0,23,0,23,2,6,1,70,5,3,1,35,25,12,61,31,0,,,,,,,1,0,40,0,3,0,2,0,2,0,4,2,35.725320555555555,139.81661305555556,2,3,,,,