資料区分,都道府県コード,警察署等コード,本票番号,事故内容,死者数,負傷者数,路線コード,地点コード,市区町村コード,発生日時　　年,発生日時　　月,発生日時　　日,発生日時　　時,発生日時　　分,昼夜,日の出時刻　　時,日の出時刻　　分,日の入り時刻　　時,日の入り時刻　　分,天候,地形,路面状態,道路形状,信号機,一時停止規制　標識（当事者A）,一時停止規制　表示（当事者A）,一時停止規制　標識（当事者B）,一時停止規制　表示（当事者B）,車道幅員,道路線形,衝突地点,ゾーン規制,中央分離帯施設等,歩車道区分,事故類型,年齢（当事者A）,年齢（当事者B）,当事者種別（当事者A）,当事者種別（当事者B）,用途別（当事者A）,用途別（当事者B）,車両形状等（当事者A）,車両形状等（当事者B）,オートマチック車（当事者A）,オートマチック車（当事者B）,サポカー（当事者A）,サポカー（当事者B）,速度規制（指定のみ）（当事者A）,速度規制（指定のみ）（当事者B）,車両の衝突部位（当事者A）,車両の衝突部位（当事者B）,車両の損壊程度（当事者A）,車両の損壊程度（当事者B）,エアバッグの装備（当事者A）,エアバッグの装備（当事者B）,サイドエアバッグの装備（当事者A）,サイドエアバッグの装備（当事者B）,人身損傷程度（当事者A）,人身損傷程度（当事者B）,lat,lon,曜日(発生年月日),祝日(発生年月日),認知機能検査経過日数（当事者A）,認知機能検査経過日数（当事者B）,運転練習の方法（当事者A）,運転練習の方法（当事者B）
1,30,774,3,2,0,1,60,74,107,2019,1,1,22,45,22,,,,,2,1,1,1,1,9,22,0,23,17,9,30,70,4,3,1,25,55,51,61,0,0,,,,,,,0,0,10,0,4,0,0,0,0,0,4,2,35.72848166666667,139.8249036111111,3,1,,,,
1,30,774,4,2,0,1,30000,0,107,2019,1,3,21,28,22,,,,,1,1,1,14,7,0,23,0,23,2,9,1,70,5,4,1,35,25,3,61,31,0,,,,,,,10,0,20,0,4,0,2,0,2,0,4,2,35.72320972222222,139.8235222222222,5,3,,,,
1,30,774,6,2,0,1,30000,0,107,2019,1,11,12,25,12,,,,,1,1,1,14,7,0,23,0,23,2,9,1,70,5,4,1,35,75,51,61,0,0,,,,,,,0,0,30,0,4,0,0,0,0,0,4,2,35.71873527777778,139.8233547222222,6,3,,,,
1,30,774,8,2,0,1,30490,0,107,2019,1,20,16,5,13,,,,,1,1,1,1,1,9,22,0,23,15,9,30,70,4,2,1,1,55,51,61,0,0,,,,,,,0,0,10,0,4,0,0,0,0,0,4,2,35.71812444444445,139.81791166666667,1,3,,,,
1,30,774,9,2,0,1,30510,0,107,2019,1,20,20,18,22,,,,,1,1,1,7,1,0,23,0,23,4,9,1,70,5,2,1,55,45,35,61,31,0,,,,,,,3,0,10,0,3,0,0,0,0,0,4,2,35.71577388888889,139.82827583333332,1,3,,,,
1,30,774,10,2,0,1,30490,0,107,2019,1,21,10,32,12,,,,,1,1,1,1,1,9,22,0,23,14,9,30,70,4,2,1,55,65,4,61,31,0,,,,,,,3,0,10,0,3,0,2,0,2,0,4,2,35.718743333333336,139.81866083333333,2,3,,,,
1,30,774,12,2,0,1,20670,0,107,2019,1,26,6,28,23,,,,,1,1,1,1,1,9,22,0,23,19,9,30,70,1,2,1,25,75,13,61,31,0,,,,,,,4,0,10,0,4,0,2,0,2,0,4,2,35.727516944444446,139.8133277777778,7,3,,,,
1,30,775,6,2,0,1,30000,0,122,2019,1,1,21,20,22,,,,,1,1,1,1,1,9,22,0,23,15,9,30,70,4,2,1,65,35,4,61,31,0,,,,,,,3,0,80,0,3,0,2,0,2,0,4,2,35.768990555555554,139.87288472222224,3,1,,,,
1,30,775,7,2,0,1,30000,0,122,2019,1,5,18,27,22,,,,,1,1,1,13,7,0,23,0,23,2,3,1,70,4,2,1,35,1,3,61,31,0,,,,,,,2,0,10,0,3,0,2,0,2,0,4,2,35.77003416666667,139.86825583333334,7,3,,,,
1,30,775,19,2,0,1,30000,0,122,2019,1,13,14,30,12,,,,,1,1,1,7,7,0,23,0,23,2,9,1,70,4,2,1,25,75,17,61,1,0,,,,,,,2,0,80,0,4,0,2,0,2,0,4,2,35.78706805555555,139.8597611111111,1,2,,,,
1,30,775,21,2,0,1,30000,0,122,2019,1,17,20,30,22,,,,,1,1,1,14,7,0,23,0,23,2,9,1,70,5,1,1,45,45,4,61,31,0,,,,,,,2,0,10,0,3,0,2,0,2,0,4,2,35.78584055555555,139.84795,5,3,,,,
1,30,775,30,2,0,1,10700,0,122,2019,1,24,17,30,21,,,,,1,1,1,1,1,9,22,0,23,19,9,30,70,1,1,1,75,1,14,61,31,0,,,,,,,2,0,20,0,3,0,2,0,2,0,4,2,35.78008305555556,139.8673936111111,5,3,,,,
1,30,775,36,2,0,1,30000,0,122,2019,1,29,14,50,12,,,,,1,1,1,14,7,0,23,0,23,3,9,1,70,4,2,1,25,25,14,61,31,0,,,,,,,3,0,10,0,3,0,2,0,2,0,4,2,35.78702472222222,139.85625555555555,3,3,,,,
1,30,776,5,2,0,1,99000,0,122,2018,12,23,15,25,12,,,,,3,1,2,0,7,0,23,0,23,0,0,20,70,0,4,1,35,45,4,61,31,0,,,,,,,10,0,30,0,3,0,2,0,2,0,4,2,35.726325555555555,139.84969444444445,1,1,,,,
1,30,776,6,2,0,1,30000,0,122,2018,11,4,1,15,22,,,,,1,1,1,14,1,0,23,0,23,2,9,1,70,5,4,1,45,25,17,61,1,0,,,,,,,5,0,40,0,3,0,2,0,2,0,4,2,35.73701472222222,139.84787416666668,1,3,,,,
1,30,776,8,2,0,1,30000,0,122,2019,1,3,13,57,12,,,,,1,1,1,14,7,0,23,0,23,2,9,1,70,5,2,1,65,75,3,61,1,0,,,,,,,3,0,10,0,4,0,2,0,2,0,4,2,35.74534666666667,139.8557813888889,5,3,,,,
1,30,776,9,2,0,1,10290,0,122,2019,1,3,19,10,22,,,,,1,1,1,1,1,9,22,0,23,14,9,30,70,1,2,1,75,55,51,61,0,0,,,,,,,0,0,10,0,4,0,0,0,0,0,4,2,35.718473333333336,139.85583305555554,5,3,,,,
1,30,776,10,2,0,1,30000,0,122,2019,1,4,16,50,21,,,,,1,1,1,1,1,0,23,0,23,14,6,30,70,5,3,1,45,0,61,0,0,0,,,,,,,0,0,0,0,0,0,0,0,0,0,2,0,35.738325277777776,139.86291305555554,6,3,,,,
1,30,776,14,2,0,1,20000,0,122,2019,1,7,15,18,12,,,,,1,1,1,1,7,9,22,0,23,11,9,30,70,4,2,1,35,1,36,61,31,0,,,,,,,2,0,10,0,3,0,0,0,0,0,4,2,35.72885777777778,139.86210027777778,2,3,,,,
1,30,776,22,2,0,1,10400,0,122,2019,1,15,15,5,12,,,,,2,1,1,1,7,9,22,0,23,18,9,30,70,4,1,1,25,65,17,61,1,0,,,,,,,3,0,10,0,3,0,2,0,2,0,4,2,35.716075000000004,139.8604125,3,3,,,,
1,30,776,23,2,0,1,10400,0,122,2019,1,15,17,20,21,,,,,1,1,1,1,7,9,22,0,23,18,9,30,70,4,1,1,45,75,3,61,31,0,,,,,,,3,0,40,0,3,0,2,0,2,0,4,2,35.73811222222222,139.83822194444446,3,3,,,,
1,30,776,25,2,0,1,30000,0,122,2019,1,14,0,5,22,,,,,1,1,1,14,7,0,23,0,23,3,9,1,70,5,2,1,75,45,3,61,1,0,,,,,,,2,0,10,0,4,0,2,0,2,0,4,2,35.75111,139.86781333333334,2,1,,,,
1,30,776,27,2,0,1,30000,0,122,2019,1,10,17,3,21,,,,,1,1,1,1,7,1,21,0,23,14,9,30,70,5,3,1,35,45,4,61,31,0,,,,,,,2,0,50,0,3,0,2,0,2,0,4,2,35.73385444444445,139.86474638888888,5,3,,,,
1,30,776,38,2,0,1,30000,0,122,2019,1,23,14,35,12,,,,,1,1,1,1,7,9,22,0,23,14,9,30,70,4,1,1,75,65,51,61,0,0,,,,,,,0,0,10,0,3,0,0,0,0,0,4,2,35.751084444444444,139.86783083333333,4,3,,,,
1,30,777,4,2,0,1,10290,0,123,2019,1,1,21,20,22,,,,,1,1,1,1,1,9,22,0,23,18,9,30,70,1,2,1,65,35,3,61,31,0,,,,,,,4,0,10,0,4,0,2,0,2,0,4,2,35.70932833333334,139.84282666666667,3,1,,,,
1,30,777,21,2,0,1,30000,0,123,2019,1,11,7,20,11,,,,,1,1,1,14,7,0,23,0,23,2,9,1,70,4,2,1,75,75,3,61,31,0,,,,,,,3,0,10,0,2,0,2,0,2,0,4,2,35.68365277777777,139.89647638888889,6,3,,,,
1,30,777,28,2,0,1,30000,0,123,2019,1,14,18,45,22,,,,,1,1,1,1,7,9,22,0,23,15,9,30,70,5,4,1,55,35,3,61,31,0,,,,,,,10,0,40,0,3,0,2,0,2,0,4,2,35.706364722222226,139.90400972222224,2,1,,,,
1,30,777,29,2,0,1,20700,0,123,2019,1,14,20,50,22,,,,,1,1,1,14,7,0,23,0,23,3,9,1,70,4,2,1,1,75,3,61,31,0,,,,,,,2,0,10,0,3,0,2,0,2,0,4,2,35.69880833333333,139.91215222222223,2,1,,,,
1,30,777,41,2,0,1,30000,0,123,2019,1,17,17,55,22,,,,,1,1,1,1,7,9,22,0,23,14,9,30,70,4,2,1,55,55,36,61,31,0,,,,,,,2,0,10,0,3,0,0,0,0,0,4,2,35.691362777777776,139.8615625,5,3,,,,
1,30,777,53,2,0,1,30000,0,123,2019,1,23,16,35,13,,,,,1,1,1,1,7,9,22,0,23,14,9,30,70,4,2,1,55,1,3,61,31,0,,,,,,,2,0,10,0,3,0,2,0,2,0,4,2,35.708019166666666,139.8768463888889,4,3,,,,
1,30,777,54,2,0,1,30000,0,123,2019,1,23,17,0,21,,,,,1,1,1,14,7,0,23,0,23,1,9,1,70,5,4,1,65,35,3,61,1,0,,,,,,,2,0,30,0,4,0,2,0,2,0,4,2,35.70715638888889,139.86701805555558,4,3,,,,
1,30,777,75,2,0,1,30000,0,123,2019,1,29,20,35,22,,,,,1,1,1,1,1,9,22,0,23,19,9,30,70,4,1,1,25,1,3,61,31,0,,,,,,,4,0,10,0,3,0,2,0,2,0,4,2,35.682222777777774,139.8893222222222,3,3,,,,
1,30,777,80,2,0,1,30000,0,123,2019,1,27,10,25,12,,,,,1,1,1,1,7,1,21,0,23,11,9,30,70,5,3,1,55,45,4,61,31,0,,,,,,,5,0,10,0,3,0,2,0,2,0,4,2,35.70711916666667,139.90650611111113,1,3,,,,
1,30,778,4,2,0,1,30000,0,123,2019,1,6,17,45,22,,,,,2,1,1,1,7,9,22,0,23,14,9,30,70,4,2,1,65,35,13,61,31,0,,,,,,,2,0,10,0,3,0,2,0,2,0,4,2,35.72831527777778,139.87435000000002,1,3,,,,
1,30,778,7,2,0,1,30000,0,123,2019,1,17,18,45,22,,,,,1,1,1,14,7,0,23,0,23,1,9,1,70,5,4,1,1,65,51,61,0,0,,,,,,,0,0,10,0,3,0,0,0,0,0,4,2,35.71470583333333,139.87155222222222,5,3,,,,
1,30,779,1,2,0,1,30000,0,123,2018,12,2,2,20,22,,,,,1,1,1,14,7,0,23,0,23,3,9,20,70,5,2,1,35,35,3,61,1,0,,,,,,,2,0,70,0,4,0,2,0,2,0,4,2,35.66479972222222,139.8723752777778,1,3,,,,
1,30,779,3,2,0,1,30000,0,123,2018,11,24,8,50,12,,,,,1,1,1,1,1,9,22,0,23,15,9,30,70,4,2,1,25,25,51,61,0,0,,,,,,,0,0,20,0,3,0,0,0,0,0,4,2,35.68522222222222,139.86297555555555,7,3,,,,
1,30,779,30,2,0,1,10060,0,123,2019,1,14,13,40,12,,,,,1,1,1,1,1,9,22,0,23,14,9,30,70,1,2,1,55,55,13,61,31,0,,,,,,,4,0,40,0,3,0,2,0,2,0,4,2,35.685447222222216,139.86769722222223,2,1,,,,
1,30,779,35,2,0,1,30000,0,123,2019,1,22,9,45,12,,,,,1,1,1,1,7,9,22,0,23,14,9,30,70,4,2,1,75,45,3,61,1,0,,,,,,,2,0,20,0,3,0,2,0,2,0,4,2,35.66206861111111,139.8737175,3,3,,,,
1,30,779,38,2,0,1,30000,0,123,2019,1,27,14,0,12,,,,,1,1,1,1,7,9,22,0,23,15,9,30,70,4,2,1,55,25,3,61,31,0,,,,,,,2,0,10,0,3,0,2,0,2,0,4,2,35.683014166666666,139.86581416666667,1,3,,,,
1,30,779,48,2,0,1,30000,0,123,2019,1,31,23,27,22,,,,,5,1,2,1,7,9,22,0,23,15,9,30,70,4,1,1,55,25,3,61,31,0,,,,,,,3,0,10,0,3,0,2,0,2,0,4,2,35.662875,139.86125666666666,5,3,,,,
1,30,876,7,2,0,1,10490,0,209,2019,1,5,21,17,22,,,,,1,1,1,1,1,0,23,0,23,11,9,30,70,4,2,1,55,0,61,0,0,0,,,,,,,0,0,0,0,0,0,0,0,0,0,2,0,35.592149722222224,139.38009194444444,7,3,,,,
1,30,876,10,2,0,2,30000,0,201,2019,1,8,17,30,21,,,,,1,1,1,1,7,9,22,0,23,15,8,30,70,4,1,1,35,25,35,61,31,0,,,,,,,3,0,10,0,3,0,0,0,0,0,2,2,35.62370472222222,139.33613611111113,3,3,,,,
1,30,876,11,2,0,1,30000,0,201,2019,1,9,7,10,11,,,,,1,1,1,1,7,9,22,0,23,18,8,30,70,1,1,1,35,25,3,61,31,0,,,,,,,4,0,80,0,3,0,2,0,2,0,4,2,35.62231194444445,139.32732555555555,4,3,,,,
1,30,876,17,2,0,1,30000,0,209,2019,1,11,17,0,21,,,,,1,1,1,14,7,0,23,0,23,2,9,1,70,5,2,1,1,55,51,61,0,0,,,,,,,0,0,10,0,2,0,0,0,0,0,4,2,35.60660305555556,139.35189416666665,6,3,,,,
1,30,876,18,2,0,1,30000,0,201,2019,1,11,17,46,21,,,,,1,1,1,1,1,9,22,0,23,11,9,30,70,4,2,1,65,65,3,61,31,0,,,,,,,3,0,10,0,3,0,2,0,2,0,4,2,35.62558777777778,139.32293194444443,6,3,,,,
1,30,876,19,2,0,1,10490,0,209,2019,1,13,17,20,21,,,,,1,1,1,1,1,9,22,0,23,14,9,30,70,4,2,1,35,65,4,61,31,0,,,,,,,10,0,10,0,4,0,2,0,2,0,4,2,35.59169166666667,139.38190055555557,1,2,,,,
1,30,876,23,2,0,1,21110,0,201,2019,1,15,19,20,22,,,,,1,2,1,1,1,8,22,0,23,18,9,30,70,1,2,1,45,1,14,61,31,0,,,,,,,5,0,50,0,3,0,2,0,2,0,4,2,35.624541944444445,139.39252583333334,3,3,,,,
1,30,876,24,2,0,1,30000,0,201,2019,1,16,7,50,12,,,,,1,1,1,1,1,9,22,0,23,19,8,30,70,1,2,1,35,1,3,61,31,0,,,,,,,3,0,10,0,3,0,2,0,2,0,4,2,35.61680694444445,139.37978972222223,4,3,,,,
1,30,876,26,2,0,1,10480,0,201,2019,1,16,10,40,12,,,,,1,1,1,14,7,0,23,0,23,2,9,1,70,1,2,1,1,75,51,61,0,0,,,,,,,0,0,40,0,3,0,0,0,0,0,4,2,35.628052777777775,139.3923975,4,3,,,,
1,30,876,48,2,0,1,30000,0,201,2019,1,31,18,17,22,,,,,3,2,2,1,1,9,22,0,23,18,9,30,70,1,2,1,45,35,3,61,31,0,,,,,,,3,0,10,0,4,0,2,0,2,0,4,2,35.61508805555556,139.37619166666667,5,3,,,,
1,30,877,9,2,0,1,99000,0,201,2019,1,6,10,45,12,,,,,1,1,1,0,7,0,23,0,23,0,0,20,70,0,4,1,45,25,14,61,31,0,,,,,,,10,0,30,0,3,0,2,0,2,0,4,2,35.677411111111105,139.2570536111111,1,3,,,,
1,30,877,11,2,0,1,95000,0,201,2019,1,9,8,41,12,,,,,1,1,1,0,7,0,23,0,23,0,0,20,70,0,4,1,55,65,3,61,31,0,,,,,,,10,0,30,0,3,0,2,0,2,0,4,2,35.66585361111111,139.28857472222222,4,3,,,,
1,30,877,12,2,0,1,20740,0,201,2019,1,11,17,5,21,,,,,1,1,1,14,7,0,23,0,23,4,9,1,70,4,2,1,65,75,4,61,31,0,,,,,,,3,0,80,0,3,0,2,0,2,0,4,2,35.653528888888886,139.27738000000002,6,3,,,,
1,30,877,14,2,0,1,20730,0,201,2018,12,18,19,32,22,,,,,1,2,1,1,1,0,23,0,23,15,9,30,70,4,2,1,45,0,61,0,0,0,,,,,,,0,0,0,0,0,0,0,0,0,0,2,0,35.67548027777777,139.26771861111112,3,3,,,,
1,30,877,16,2,0,1,20730,0,201,2019,1,18,7,35,11,,,,,1,2,1,1,1,9,22,0,23,15,9,30,70,4,2,1,25,75,4,61,31,0,,,,,,,3,0,80,0,3,0,2,0,2,0,4,2,35.66225583333333,139.31026611111113,6,3,,,,
1,30,877,18,2,0,1,30000,0,201,2019,1,22,14,15,12,,,,,1,1,1,1,7,9,22,0,23,11,9,30,70,5,2,1,35,75,3,61,31,0,,,,,,,10,0,10,0,3,0,2,0,2,0,4,2,35.64211777777778,139.28406361111112,3,3,,,,
1,30,877,26,2,0,1,20770,0,201,2019,1,26,18,28,22,,,,,1,1,1,1,1,9,22,0,23,15,9,30,70,4,2,1,45,1,3,61,31,0,,,,,,,3,0,40,0,3,0,2,0,2,0,4,2,35.63429472222222,139.31187333333335,7,3,,,,
1,30,877,27,2,0,1,30000,0,201,2019,1,14,17,35,21,,,,,1,1,1,14,7,0,23,0,23,3,9,1,70,5,3,1,65,65,4,61,31,0,,,,,,,10,0,10,0,3,0,2,0,2,0,4,2,35.64512666666667,139.29627472222222,2,1,,,,
1,30,877,32,2,0,1,20730,0,201,2019,1,31,18,35,22,,,,,3,2,2,1,1,9,22,0,23,14,9,30,70,4,2,1,35,55,4,61,31,0,,,,,,,3,0,10,0,3,0,2,0,2,0,4,2,35.673113055555554,139.29582888888888,5,3,,,,
1,30,878,2,2,0,1,30000,0,224,2019,1,3,19,10,22,,,,,1,1,1,1,1,9,22,0,23,15,8,30,70,4,1,1,45,75,3,61,31,0,,,,,,,3,0,10,0,4,0,2,0,2,0,4,2,35.64093694444444,139.45015666666666,5,3,,,,
1,30,878,7,2,0,1,30000,0,224,2019,1,7,8,1,12,,,,,1,1,1,7,1,0,23,0,23,4,9,1,70,1,1,1,45,25,3,61,31,0,,,,,,,3,0,10,0,3,0,2,0,2,0,4,2,35.610551111111114,139.4289186111111,2,3,,,,
1,30,878,13,2,0,1,30000,0,224,2019,1,14,15,25,12,,,,,1,1,1,1,1,9,22,0,23,15,9,30,70,1,1,1,55,65,14,61,31,0,,,,,,,4,0,10,0,3,0,2,0,2,0,4,2,35.64073,139.43687111111112,2,1,,,,
1,30,878,16,2,0,1,30000,0,224,2019,1,4,7,30,11,,,,,1,2,1,1,1,9,22,0,23,11,9,30,70,4,2,1,25,35,3,61,31,0,,,,,,,2,0,10,0,3,0,2,0,2,0,4,2,35.61541527777778,139.41063888888888,6,3,,,,
1,30,878,22,2,0,1,30000,0,224,2019,1,17,18,15,22,,,,,1,1,1,1,7,9,22,0,23,14,8,30,70,4,2,1,35,35,3,61,31,0,,,,,,,10,0,10,0,3,0,2,0,2,0,4,2,35.63323305555556,139.45132666666666,5,3,,,,
1,30,878,24,2,0,1,10510,0,225,2019,1,18,16,40,13,,,,,1,1,1,1,7,1,21,0,23,14,9,30,70,1,1,1,65,55,3,61,1,0,,,,,,,10,0,80,0,3,0,2,0,2,0,4,2,35.64779583333333,139.48776611111109,6,3,,,,
1,30,878,26,2,0,1,30000,0,224,2019,1,4,9,41,12,,,,,1,2,1,14,7,0,23,0,23,3,9,1,70,5,1,1,65,45,36,61,31,0,,,,,,,2,0,10,0,3,0,0,0,0,0,4,2,35.62670638888889,139.44305666666668,6,3,,,,
1,30,878,27,2,0,1,20000,0,224,2019,1,19,16,5,13,,,,,1,1,1,14,7,0,23,0,23,3,9,1,70,4,2,1,55,55,3,61,31,0,,,,,,,10,0,40,0,3,0,2,0,2,0,4,2,35.64366222222222,139.4381338888889,7,3,,,,
1,30,878,32,2,0,1,30000,0,225,2019,1,23,16,58,13,,,,,1,1,1,1,7,0,23,0,23,11,8,30,70,5,3,1,35,0,61,0,0,0,,,,,,,0,0,0,0,0,0,0,0,0,0,2,0,35.636667777777774,139.49273111111108,4,3,,,,
1,30,878,33,2,0,1,30000,0,224,2019,1,24,15,0,12,,,,,1,1,1,14,7,0,23,0,23,3,8,1,70,5,3,1,65,1,3,61,31,0,,,,,,,2,0,10,0,4,0,2,0,2,0,4,2,35.615699444444445,139.4100102777778,5,3,,,,
1,30,879,1,1,1,0,99000,0,220,2019,1,25,19,30,22,,,,,1,2,1,0,7,0,23,0,23,0,0,20,70,0,2,1,35,65,3,61,31,0,,,,,,,10,0,10,0,3,0,2,0,2,0,4,1,35.7524075,139.44591416666668,6,3,,,,
1,30,879,8,2,0,1,10240,0,223,2019,1,9,15,5,12,,,,,1,2,1,1,1,9,22,0,23,15,9,30,70,5,2,1,65,75,3,61,31,0,,,,,,,3,0,10,0,3,0,2,0,2,0,4,2,35.76092277777778,139.36952027777778,4,3,,,,
1,30,879,16,2,0,1,30000,0,223,2019,1,14,19,30,22,,,,,1,1,1,14,7,0,23,0,23,2,9,1,70,5,4,1,1,75,36,61,31,0,,,,,,,10,0,10,0,3,0,0,0,0,0,4,2,35.75217583333333,139.3873197222222,2,1,,,,
1,30,879,19,2,0,1,10240,0,223,2019,1,16,7,25,11,,,,,1,1,1,14,7,0,23,0,23,3,9,1,70,4,3,1,1,65,14,61,31,0,,,,,,,3,0,10,0,3,0,2,0,2,0,4,2,35.757819166666664,139.3804186111111,4,3,,,,
1,30,879,29,2,0,1,30000,0,223,2019,1,23,9,25,12,,,,,1,1,1,1,1,9,22,0,23,17,9,30,70,5,2,1,75,75,3,61,31,0,,,,,,,3,0,10,0,3,0,2,0,2,0,4,2,35.735507500000004,139.40558416666667,4,3,,,,
1,30,879,30,2,0,1,30000,0,223,2019,1,23,10,20,12,,,,,1,2,1,14,7,0,23,0,23,3,9,1,70,5,4,1,45,75,14,61,31,0,,,,,,,10,0,40,0,3,0,2,0,2,0,4,2,35.74075666666667,139.38104944444444,4,3,,,,
1,30,879,39,2,0,1,30000,0,220,2019,1,31,19,0,22,,,,,3,1,1,1,1,9,22,0,23,14,9,30,70,5,2,1,1,25,3,61,31,0,,,,,,,3,0,10,0,3,0,2,0,2,0,4,2,35.73641055555556,139.44491444444444,5,3,,,,
1,30,880,2,2,0,1,10440,0,205,2019,1,4,15,5,12,,,,,1,2,1,1,1,9,22,0,23,11,9,30,70,4,2,1,55,75,3,61,31,0,,,,,,,3,0,20,0,3,0,2,0,2,0,4,2,35.82826805555556,139.29177944444444,6,3,,,,
1,30,880,6,2,0,1,10240,0,205,2019,1,4,17,25,21,,,,,1,1,1,1,1,9,22,0,23,15,9,30,70,4,2,1,45,1,3,61,31,0,,,,,,,4,0,10,0,3,0,2,0,2,0,4,2,35.78749027777778,139.2990325,6,3,,,,
1,30,880,8,2,0,1,30000,0,205,2019,1,11,6,30,23,,,,,1,1,1,1,1,8,22,0,23,15,9,30,70,4,2,1,65,25,3,61,31,0,,,,,,,3,0,10,0,3,0,2,0,2,0,4,2,35.78067138888889,139.3028527777778,6,3,,,,
1,30,880,14,2,0,1,95000,0,205,2019,1,15,7,20,11,,,,,1,2,1,0,7,0,23,0,23,0,0,20,70,0,4,1,35,45,3,61,31,0,,,,,,,10,0,30,0,4,0,2,0,2,0,4,2,35.793550833333335,139.30682444444446,3,3,,,,
1,30,880,23,2,0,1,10240,0,205,2019,1,20,14,45,12,,,,,1,2,1,1,1,9,22,0,23,15,9,30,70,4,2,1,55,75,3,61,31,0,,,,,,,3,0,10,0,3,0,2,0,2,0,4,2,35.79004416666667,139.25275027777778,1,3,,,,
1,30,880,25,2,0,1,10530,0,205,2019,1,22,16,56,13,,,,,1,1,1,1,7,0,23,0,23,14,9,30,70,4,2,1,1,0,61,0,0,0,,,,,,,0,0,0,0,0,0,0,0,0,0,2,0,35.78961805555555,139.2699863888889,3,3,,,,
1,30,880,32,2,0,1,30000,0,205,2019,1,30,18,0,21,,,,,1,2,1,14,7,0,23,0,23,3,9,1,70,5,3,1,55,45,3,61,31,0,,,,,,,2,0,40,0,4,0,2,0,2,0,4,2,35.781351666666666,139.27973305555557,4,3,,,,
1,30,882,7,2,0,2,30000,0,227,2018,11,24,10,20,12,,,,,1,1,1,14,7,0,23,0,23,3,7,1,70,4,3,1,75,75,51,61,0,0,,,,,,,0,0,10,0,3,0,0,0,0,0,4,2,35.76072861111111,139.3092777777778,7,3,,,,
1,30,882,10,2,0,1,20000,0,218,2019,1,8,8,0,12,,,,,1,2,1,14,1,0,23,0,23,4,9,1,70,5,2,1,25,1,3,61,31,0,,,,,,,3,0,10,0,3,0,2,0,2,0,4,2,35.741749166666665,139.33446055555555,3,3,,,,
1,30,882,17,2,0,1,30000,0,228,2019,1,13,2,22,22,,,,,1,1,1,1,7,9,22,0,23,11,9,30,70,5,3,1,25,65,12,61,31,0,,,,,,,1,0,10,0,3,0,2,0,2,0,4,2,35.72564333333334,139.29419972222223,1,2,,,,
1,30,882,20,2,0,1,30000,0,228,2019,1,16,6,33,23,,,,,1,1,1,1,1,9,22,0,23,18,9,30,1,1,2,1,45,65,3,61,31,0,,,,,,,3,0,10,0,4,0,2,0,2,0,4,2,35.734275833333335,139.28662888888888,4,3,,,,
1,30,882,21,2,0,1,30000,0,303,2019,1,16,12,55,12,,,,,1,1,1,14,7,0,23,0,23,1,9,1,70,5,3,1,35,65,3,61,31,0,,,,,,,10,0,0,0,4,0,2,0,2,0,4,2,35.79047166666666,139.35123416666667,4,3,,,,
1,30,882,24,2,0,1,30000,0,218,2019,1,11,14,47,12,,,,,1,1,1,14,7,0,23,0,23,2,9,1,70,5,4,1,45,45,3,61,31,0,,,,,,,5,0,30,0,3,0,2,0,2,0,4,2,35.73345611111111,139.3352888888889,6,3,,,,
1,30,882,33,2,0,1,95000,0,227,2019,1,21,16,25,13,,,,,1,2,1,14,7,0,23,0,23,2,9,1,70,5,2,1,65,65,4,61,31,0,,,,,,,2,0,40,0,3,0,2,0,2,0,4,2,35.76730777777777,139.30869694444445,2,3,,,,
1,30,882,40,2,0,1,30000,0,228,2019,1,24,17,20,21,,,,,1,1,1,14,7,0,23,0,23,2,9,1,70,5,3,1,55,65,12,61,31,0,,,,,,,2,0,10,0,3,0,2,0,2,0,4,2,35.71848472222222,139.32181,5,3,,,,
1,30,882,49,2,0,1,20000,0,228,2019,1,16,11,8,12,,,,,1,1,1,1,7,9,22,0,23,15,9,30,70,4,1,1,1,75,14,61,31,0,,,,,,,3,0,50,0,3,0,2,0,2,0,4,2,35.73030111111111,139.28953055555556,4,3,,,,
1,30,882,54,2,0,1,30000,0,218,2019,1,30,17,7,21,,,,,1,1,1,14,7,0,23,0,23,2,9,1,70,5,2,1,65,0,61,0,0,0,,,,,,,0,0,0,0,0,0,0,0,0,0,2,0,35.73177944444445,139.33577694444446,4,3,,,,
1,30,882,58,2,0,1,10550,0,227,2019,1,31,18,50,22,,,,,3,1,2,1,1,9,22,0,23,15,9,30,70,5,2,1,1,65,4,61,31,0,,,,,,,3,0,10,0,4,0,2,0,2,0,4,2,35.775711666666666,139.29864,5,3,,,,
1,30,882,59,2,0,1,20000,0,303,2019,1,18,21,15,22,,,,,1,1,1,1,1,9,22,0,23,15,9,30,70,4,2,1,45,55,4,61,31,0,,,,,,,3,0,10,0,4,0,2,0,2,0,4,2,35.775640833333334,139.35079027777778,6,3,,,,
1,30,883,6,2,0,1,99000,0,201,2019,1,3,8,33,12,,,,,1,1,1,0,7,0,23,0,23,0,0,20,70,0,2,1,65,75,4,61,31,0,,,,,,,10,0,30,0,4,0,2,0,2,0,4,2,35.66596638888889,139.36277416666667,5,3,,,,
1,30,883,20,2,0,1,30000,0,201,2019,1,10,17,55,22,,,,,1,1,1,7,7,0,23,0,23,2,8,1,70,5,2,1,45,25,3,61,31,0,,,,,,,2,0,10,0,3,0,2,0,2,0,4,2,35.687105555555554,139.35166027777777,5,3,,,,