資料区分,都道府県コード,警察署等コード,本票番号,事故内容,死者数,負傷者数,路線コード,地点コード,市区町村コード,発生日時　　年,発生日時　　月,発生日時　　日,発生日時　　時,発生日時　　分,昼夜,日の出時刻　　時,日の出時刻　　分,日の入り時刻　　時,日の入り時刻　　分,天候,地形,路面状態,道路形状,信号機,一時停止規制　標識（当事者A）,一時停止規制　表示（当事者A）,一時停止規制　標識（当事者B）,一時停止規制　表示（当事者B）,車道幅員,道路線形,衝突地点,ゾーン規制,中央分離帯施設等,歩車道区分,事故類型,年齢（当事者A）,年齢（当事者B）,当事者種別（当事者A）,当事者種別（当事者B）,用途別（当事者A）,用途別（当事者B）,車両形状等（当事者A）,車両形状等（当事者B）,オートマチック車（当事者A）,オートマチック車（当事者B）,サポカー（当事者A）,サポカー（当事者B）,速度規制（指定のみ）（当事者A）,速度規制（指定のみ）（当事者B）,車両の衝突部位（当事者A）,車両の衝突部位（当事者B）,車両の損壊程度（当事者A）,車両の損壊程度（当事者B）,エアバッグの装備（当事者A）,エアバッグの装備（当事者B）,サイドエアバッグの装備（当事者A）,サイドエアバッグの装備（当事者B）,人身損傷程度（当事者A）,人身損傷程度（当事者B）,lat,lon,曜日(発生年月日),祝日(発生年月日),認知機能検査経過日数（当事者A）,認知機能検査経過日数（当事者B）,運転練習の方法（当事者A）,運転練習の方法（当事者B）
1,30,883,23,2,0,1,30000,0,201,2019,1,8,18,5,22,,,,,1,2,1,21,7,0,23,0,23,1,9,20,70,5,4,1,45,25,51,61,0,0,,,,,,,0,0,40,0,3,0,0,0,0,0,4,2,35.65772222222222,139.31463333333335,3,3,,,,
1,30,883,44,2,0,1,30000,0,201,2019,1,22,16,55,13,,,,,1,1,1,1,7,9,22,0,23,14,9,30,70,5,3,1,75,25,51,61,0,0,,,,,,,0,0,20,0,3,0,0,0,0,0,4,2,35.65734916666666,139.3125427777778,3,3,,,,
1,30,883,45,2,0,1,95000,0,201,2019,1,22,20,15,22,,,,,1,1,1,1,1,9,22,0,23,17,9,30,70,5,2,1,1,45,4,61,31,0,,,,,,,3,0,10,0,3,0,2,0,2,0,4,2,35.66049888888889,139.33953194444445,3,3,,,,
1,30,883,60,2,0,1,30000,0,201,2019,1,31,20,30,22,,,,,3,1,2,1,1,9,21,0,23,15,9,30,70,4,2,1,55,35,3,61,31,0,,,,,,,2,0,10,0,3,0,2,0,2,0,4,2,35.661962777777774,139.3359413888889,5,3,,,,
1,30,883,63,2,0,1,30000,0,201,2019,1,16,6,20,23,,,,,1,2,1,1,1,9,22,0,23,14,9,30,70,5,2,1,65,55,3,61,31,0,,,,,,,3,0,10,0,3,0,2,0,2,0,4,2,35.650998333333334,139.32012083333333,4,3,,,,
1,30,884,3,2,0,1,30000,0,209,2018,11,9,21,15,22,,,,,2,1,1,7,7,0,23,0,23,3,9,1,70,5,2,1,25,1,3,61,31,0,,,,,,,5,0,10,0,3,0,2,0,2,0,4,2,35.542916388888884,139.4467936111111,6,3,,,,
1,30,884,8,2,0,1,30000,0,209,2018,12,3,17,45,22,,,,,1,1,1,7,7,0,23,0,23,2,9,1,70,5,4,1,35,35,4,61,31,0,,,,,,,2,0,10,0,3,0,2,0,2,0,4,2,35.587718333333335,139.4580436111111,2,3,,,,
1,30,884,10,2,0,1,30000,0,209,2018,12,15,21,45,22,,,,,1,1,1,14,7,0,23,0,23,2,9,1,70,5,4,1,1,35,51,61,0,0,,,,,,,0,0,10,0,3,0,0,0,0,0,4,2,35.544104999999995,139.44563027777778,7,3,,,,
1,30,884,15,2,0,1,95000,0,209,2019,1,8,7,10,11,,,,,1,1,1,14,7,0,23,0,23,2,9,1,70,5,3,1,25,65,51,61,0,0,,,,,,,0,0,10,0,3,0,0,0,0,0,4,2,35.5476975,139.43498083333333,3,3,,,,
1,30,884,16,2,0,1,30000,0,209,2019,1,8,15,20,12,,,,,1,1,1,7,7,0,23,0,23,3,8,1,70,5,3,1,75,75,52,61,0,0,,,,,,,0,0,10,0,4,0,0,0,0,0,4,2,35.54490416666666,139.47462777777778,3,3,,,,
1,30,884,17,2,0,1,30000,0,209,2019,1,8,16,20,13,,,,,1,1,1,1,7,1,22,0,23,14,9,30,70,5,3,1,45,1,4,61,31,0,,,,,,,2,0,20,0,3,0,2,0,2,0,4,2,35.534884999999996,139.47140638888888,3,3,,,,
1,30,884,21,2,0,1,30000,0,209,2019,1,10,19,0,22,,,,,1,2,1,1,7,9,22,0,23,11,9,30,70,5,3,1,25,25,3,61,31,0,,,,,,,10,0,10,0,3,0,2,0,2,0,4,2,35.5343075,139.47322916666667,5,3,,,,
1,30,884,23,2,0,1,30000,0,209,2019,1,10,18,10,22,,,,,1,1,1,1,1,9,22,0,23,15,9,30,70,4,2,1,45,35,3,61,31,0,,,,,,,3,0,50,0,3,0,2,0,2,0,4,2,35.55425805555555,139.47870166666667,5,3,,,,
1,30,884,25,2,0,1,10490,0,209,2019,1,13,18,3,22,,,,,1,2,1,1,7,9,22,0,23,11,9,30,70,4,2,1,75,25,3,61,31,0,,,,,,,3,0,10,0,4,0,2,0,2,0,4,2,35.53173833333333,139.46147277777777,1,2,,,,
1,30,884,32,2,0,1,10490,0,209,2019,1,17,9,40,12,,,,,1,1,1,1,1,9,22,0,23,15,9,30,70,4,2,1,1,25,51,61,0,0,,,,,,,0,0,10,0,3,0,0,0,0,0,4,2,35.538689166666664,139.45356638888887,5,3,,,,
1,30,884,36,2,0,1,30000,0,209,2019,1,21,0,30,22,,,,,1,1,1,14,7,0,23,0,23,3,9,1,1,4,1,1,35,75,35,61,31,0,,,,,,,2,0,10,0,4,0,0,0,0,0,4,2,35.592778333333335,139.46420277777776,2,3,,,,
1,30,884,39,2,0,1,30000,0,209,2019,1,9,12,18,12,,,,,1,1,1,14,7,0,23,0,23,2,8,1,70,4,2,1,45,55,51,61,0,0,,,,,,,0,0,10,0,3,0,0,0,0,0,4,2,35.52487194444444,139.4752677777778,4,3,,,,
1,30,884,41,2,0,1,30000,0,209,2019,1,21,12,24,12,,,,,1,1,1,14,7,0,23,0,23,2,9,1,70,5,4,1,65,1,3,61,31,0,,,,,,,10,0,20,0,4,0,2,0,2,0,4,2,35.54492555555555,139.44442555555557,2,3,,,,
1,30,884,46,2,0,1,30000,0,209,2019,1,23,14,32,12,,,,,1,1,1,14,7,0,23,0,23,2,8,1,70,5,3,1,75,1,3,61,31,0,,,,,,,5,0,80,0,3,0,2,0,2,0,4,2,35.57684944444445,139.4973036111111,4,3,,,,
1,30,884,48,2,0,1,10610,0,209,2019,1,25,7,30,11,,,,,1,1,1,14,7,0,23,0,23,4,9,1,70,4,2,1,35,45,35,61,31,0,,,,,,,3,0,10,0,4,0,0,0,0,0,4,2,35.583245000000005,139.47836555555557,6,3,,,,
1,30,884,54,2,0,1,30000,0,209,2019,1,19,5,20,22,,,,,1,1,1,14,7,0,23,0,23,3,9,20,70,5,3,1,25,45,35,61,31,0,,,,,,,10,0,10,0,3,0,0,0,0,0,4,2,35.53352722222222,139.47775027777777,7,3,,,,
1,30,885,11,2,0,1,30000,0,212,2019,1,8,12,30,12,,,,,1,3,1,1,7,9,22,0,23,11,9,30,70,5,3,1,75,65,3,61,31,0,,,,,,,10,0,40,0,3,0,2,0,2,0,4,2,35.66244777777778,139.41209444444445,3,3,,,,
1,30,885,14,2,0,1,20890,0,212,2019,1,9,23,0,22,,,,,1,3,1,1,1,9,22,0,23,15,9,30,70,4,1,1,65,25,36,61,31,0,,,,,,,10,0,10,0,3,0,0,0,0,0,4,2,35.67943111111111,139.39499138888888,4,3,,,,
1,30,885,17,2,0,1,10510,0,212,2019,1,13,6,0,23,,,,,2,2,2,1,1,9,22,0,23,15,9,30,70,5,3,1,1,75,51,61,0,0,,,,,,,0,0,10,0,3,0,0,0,0,0,4,2,35.67118111111111,139.4034813888889,1,2,,,,
1,30,885,19,2,0,1,30000,0,212,2019,1,15,15,55,13,,,,,1,3,1,14,7,0,23,0,23,4,9,1,70,4,2,1,75,75,4,61,31,0,,,,,,,3,0,10,0,3,0,2,0,2,0,4,2,35.66365583333333,139.38989527777778,3,3,,,,
1,30,885,28,2,0,1,30000,0,212,2019,1,22,22,13,22,,,,,1,3,1,1,7,9,22,0,23,14,7,30,70,5,3,1,55,35,3,61,1,0,,,,,,,2,0,10,0,3,0,2,0,2,0,4,2,35.64461083333333,139.3855847222222,3,3,,,,
1,30,885,34,2,0,1,30000,0,212,2019,1,25,7,55,12,,,,,1,2,1,1,7,7,22,0,23,15,9,30,70,5,2,1,35,75,3,61,31,0,,,,,,,3,0,21,0,4,0,2,0,2,0,4,2,35.65022861111111,139.37717361111112,6,3,,,,
1,30,886,1,2,0,1,30000,0,207,2018,11,11,19,22,22,,,,,2,2,1,14,7,0,23,0,23,2,9,1,70,5,3,1,35,45,3,61,31,0,,,,,,,2,0,50,0,3,0,2,0,2,0,4,2,35.69783888888889,139.37301194444444,1,3,,,,
1,30,886,4,2,0,1,99000,0,207,2018,11,28,6,28,23,,,,,1,1,1,0,7,0,23,0,23,0,0,20,70,0,4,1,45,55,3,61,31,0,,,,,,,10,0,30,0,3,0,2,0,2,0,4,2,35.703208333333336,139.35480416666667,4,3,,,,
1,30,886,13,2,0,1,30000,0,207,2019,1,10,7,40,11,,,,,1,3,1,14,7,0,23,0,23,1,9,20,70,5,3,1,1,35,51,61,0,0,,,,,,,0,0,10,0,4,0,0,0,0,0,4,2,35.71297138888889,139.3619236111111,5,3,,,,
1,30,886,21,2,0,1,30000,0,207,2019,1,15,17,40,21,,,,,1,1,1,14,7,0,23,0,23,3,9,1,70,5,1,1,1,1,51,61,0,0,,,,,,,0,0,10,0,4,0,0,0,0,0,4,2,35.712810833333336,139.35841277777777,3,3,,,,
1,30,886,26,2,0,1,99000,0,207,2019,1,16,18,55,22,,,,,1,2,1,0,7,0,23,0,23,0,0,20,70,0,4,1,55,55,3,61,31,0,,,,,,,10,0,50,0,4,0,2,0,2,0,4,2,35.712520833333336,139.3399425,4,3,,,,
1,30,886,33,2,0,1,30000,0,207,2018,12,11,18,28,22,,,,,3,2,2,14,7,0,23,0,23,3,9,1,70,4,3,1,25,0,61,0,0,0,,,,,,,0,0,0,0,0,0,0,0,0,0,2,0,35.72105805555556,139.37651194444445,3,3,,,,
1,30,887,3,2,0,1,30000,0,215,2018,12,28,8,10,12,,,,,1,2,1,1,7,1,22,0,23,14,9,30,70,5,3,1,55,45,17,61,1,0,,,,,,,2,0,10,0,4,0,2,0,2,0,4,2,35.70019333333334,139.44660833333333,6,3,,,,
1,30,887,6,2,0,1,99000,0,202,2018,12,27,16,40,21,,,,,1,3,1,0,7,0,23,0,23,0,0,20,70,0,2,1,65,45,14,61,31,0,,,,,,,3,0,50,0,4,0,2,0,2,0,4,2,35.72464611111111,139.39965916666665,5,3,,,,
1,30,887,29,2,0,1,30000,0,202,2019,1,11,8,0,12,,,,,1,1,1,14,7,0,23,0,23,4,9,1,70,4,2,1,45,65,3,61,31,0,,,,,,,3,0,10,0,3,0,2,0,2,0,4,2,35.73101416666667,139.37576055555556,6,3,,,,
1,30,887,32,2,0,1,30000,0,202,2019,1,11,18,25,22,,,,,1,1,1,1,1,9,22,0,23,14,9,30,70,5,2,1,75,65,4,61,31,0,,,,,,,2,0,12,0,3,0,2,0,2,0,4,2,35.73374333333334,139.40873083333335,6,3,,,,
1,30,887,36,2,0,1,30000,0,215,2019,1,14,13,10,12,,,,,1,2,1,1,7,9,22,0,23,18,9,30,70,4,2,1,55,1,3,61,1,0,,,,,,,3,0,20,0,3,0,2,0,2,0,4,2,35.68626527777777,139.44375888888888,2,1,,,,
1,30,887,38,2,0,1,30000,0,202,2019,1,14,12,35,12,,,,,1,1,1,14,7,0,23,0,23,2,9,1,70,5,4,1,75,45,4,61,31,0,,,,,,,10,0,40,0,3,0,2,0,2,0,4,2,35.69592944444444,139.41409722222224,2,1,,,,
1,30,887,48,2,0,1,30000,0,202,2019,1,18,11,45,12,,,,,1,1,1,14,7,0,23,0,23,1,9,1,70,5,4,1,45,65,14,61,31,0,,,,,,,1,0,40,0,4,0,2,0,2,0,4,2,35.70189722222222,139.42507527777778,6,3,,,,
1,30,887,50,2,0,1,30000,0,202,2019,1,18,18,7,22,,,,,1,2,1,1,7,9,22,0,23,11,9,30,70,4,2,1,25,25,36,61,31,0,,,,,,,2,0,10,0,3,0,0,0,0,0,4,2,35.70378222222222,139.42034833333332,6,3,,,,
1,30,887,52,2,0,1,30000,0,202,2019,1,18,18,55,22,,,,,1,2,1,1,7,9,22,0,23,14,9,30,70,4,2,1,75,65,3,61,31,0,,,,,,,3,0,20,0,4,0,2,0,2,0,4,2,35.73553583333334,139.3764375,6,3,,,,
1,30,887,59,2,0,1,30000,0,202,2019,1,21,15,40,12,,,,,1,2,1,14,7,0,23,0,23,2,9,1,70,5,3,1,35,1,4,61,31,0,,,,,,,2,0,10,0,3,0,2,0,2,0,4,2,35.70688333333334,139.42498305555554,2,3,,,,
1,30,887,64,2,0,1,30000,0,202,2019,1,23,19,7,22,,,,,1,2,1,1,7,1,21,0,23,14,9,30,70,5,2,1,45,45,3,61,31,0,,,,,,,2,0,50,0,4,0,2,0,2,0,4,2,35.72996361111111,139.40016583333335,4,3,,,,
1,30,887,68,2,0,1,30000,0,215,2019,1,23,8,50,12,,,,,1,1,1,14,7,0,23,0,23,2,9,1,70,4,1,1,35,0,61,0,0,0,,,,,,,0,0,0,0,0,0,0,0,0,0,2,0,35.699855,139.44658583333333,4,3,,,,
1,30,887,69,2,0,1,10520,0,202,2019,1,24,16,58,13,,,,,1,2,1,1,7,9,22,0,23,11,9,30,70,5,2,1,1,45,51,61,0,0,,,,,,,0,0,10,0,4,0,0,0,0,0,4,2,35.70176083333334,139.41567194444445,5,3,,,,
1,30,887,82,2,0,1,30000,0,202,2019,1,30,14,45,12,,,,,1,2,1,1,1,9,22,0,23,15,9,30,70,4,2,1,45,1,3,61,31,0,,,,,,,3,0,10,0,3,0,2,0,2,0,4,2,35.71968444444445,139.4342888888889,4,3,,,,
1,30,887,85,2,0,1,30000,0,215,2019,1,30,19,5,22,,,,,1,1,1,1,1,0,23,0,23,15,9,30,70,4,2,1,1,0,61,0,0,0,,,,,,,0,0,0,0,0,0,0,0,0,0,2,0,35.686748611111106,139.44073777777777,4,3,,,,
1,30,887,87,2,0,1,95000,0,202,2019,1,31,13,58,12,,,,,1,1,1,1,2,1,21,0,23,14,9,30,70,4,2,1,45,75,3,61,31,0,,,,,,,3,0,10,0,3,0,2,0,2,0,4,2,35.69347694444444,139.4258425,5,3,,,,
1,30,888,19,2,0,1,99000,0,206,2019,1,21,10,50,12,,,,,1,1,1,0,7,0,23,0,23,0,0,20,70,0,4,1,75,75,3,61,31,0,,,,,,,10,0,32,0,3,0,2,0,2,0,4,2,35.65886361111111,139.4791888888889,2,3,,,,
1,30,889,6,2,0,1,10500,0,214,2019,1,16,10,45,12,,,,,1,1,1,1,1,9,22,0,23,14,9,30,70,4,2,1,75,75,51,61,0,0,,,,,,,0,0,10,0,3,0,0,0,0,0,4,2,35.690353888888886,139.46882694444446,4,3,,,,
1,30,889,13,2,0,1,30000,0,210,2019,1,25,18,35,22,,,,,1,1,1,14,7,0,23,0,23,3,9,1,70,5,4,1,25,55,3,61,31,0,,,,,,,10,0,20,0,4,0,2,0,2,0,4,2,35.689324166666665,139.51310166666667,6,3,,,,
1,30,890,2,2,0,1,30000,0,229,2018,12,29,13,0,12,,,,,1,1,1,14,7,0,23,0,23,3,9,1,70,4,2,1,25,45,52,61,0,0,,,,,,,0,0,20,0,3,0,0,0,0,0,4,2,35.72792666666667,139.54354833333332,7,3,,,,
1,30,890,7,2,0,1,95000,0,222,2018,12,27,16,57,21,,,,,1,1,1,14,7,0,23,0,23,3,9,1,70,4,2,1,75,75,3,61,31,0,,,,,,,2,0,10,0,4,0,2,0,2,0,4,2,35.75608666666667,139.5189875,5,3,,,,
1,30,890,11,2,0,1,30000,0,229,2018,12,4,16,5,13,,,,,1,1,1,14,7,0,23,0,23,3,9,1,70,5,3,1,35,1,14,61,1,0,,,,,,,2,0,40,0,3,0,2,0,2,0,4,2,35.74243722222222,139.5682527777778,3,3,,,,
1,30,890,16,2,0,1,30000,0,222,2019,1,3,16,7,13,,,,,1,1,1,14,7,0,23,0,23,3,9,1,70,5,4,1,55,25,3,61,1,0,,,,,,,2,0,10,0,3,0,2,0,2,0,4,2,35.757191666666664,139.50782555555554,5,3,,,,
1,30,890,17,2,0,1,30000,0,222,2019,1,4,16,30,13,,,,,1,1,1,14,7,0,23,0,23,2,9,1,70,5,4,1,45,75,14,61,31,0,,,,,,,10,0,10,0,3,0,2,0,2,0,4,2,35.761767222222225,139.53333972222222,6,3,,,,
1,30,890,31,2,0,1,30000,0,229,2019,1,12,17,10,21,,,,,2,1,2,1,7,9,22,0,23,11,9,30,70,5,3,1,65,55,3,61,31,0,,,,,,,2,0,40,0,4,0,2,0,2,0,4,2,35.7196475,139.5374575,7,3,,,,
1,30,890,32,2,0,1,10250,0,229,2019,1,11,16,40,13,,,,,1,1,1,7,1,0,23,0,23,3,9,1,70,4,2,1,45,55,1,61,1,0,,,,,,,4,0,40,0,3,0,2,0,2,0,4,2,35.733872500000004,139.5311563888889,6,3,,,,
1,30,890,41,2,0,1,30000,0,222,2019,1,18,15,55,13,,,,,1,1,1,1,7,9,22,0,23,11,9,30,70,5,3,1,1,1,51,61,0,0,,,,,,,0,0,10,0,3,0,0,0,0,0,4,2,35.74659833333333,139.52381916666667,6,3,,,,
1,30,890,43,2,0,1,30000,0,229,2019,1,19,10,55,12,,,,,1,1,1,14,7,0,23,0,23,3,9,1,70,4,1,1,45,75,3,61,31,0,,,,,,,2,0,60,0,4,0,2,0,2,0,4,2,35.72753166666667,139.56372861111112,7,3,,,,
1,30,890,44,2,0,1,30000,0,229,2019,1,15,22,20,22,,,,,1,1,1,14,7,0,23,0,23,2,9,1,70,5,3,1,25,65,51,61,0,0,,,,,,,0,0,40,0,3,0,0,0,0,0,4,2,35.726999166666666,139.52493722222223,3,3,,,,
1,30,890,54,2,0,1,30000,0,229,2019,1,24,14,15,12,,,,,1,1,1,14,7,0,23,0,23,3,9,1,70,4,3,1,65,25,3,61,31,0,,,,,,,10,0,40,0,3,0,2,0,2,0,4,2,35.729910000000004,139.5545177777778,5,3,,,,
1,30,890,55,2,0,1,30000,0,229,2019,1,30,16,10,13,,,,,1,1,1,14,7,0,23,0,23,4,9,1,70,4,2,1,45,1,17,61,31,0,,,,,,,3,0,20,0,3,0,2,0,2,0,4,2,35.730001111111115,139.5236563888889,4,3,,,,
1,30,890,58,2,0,1,30000,0,222,2019,1,31,18,45,22,,,,,3,1,2,1,1,9,22,0,23,15,9,30,70,4,1,1,75,35,14,61,1,0,,,,,,,2,0,10,0,3,0,2,0,2,0,4,2,35.74822611111111,139.53472472222222,5,3,,,,
1,30,890,61,2,0,1,30000,0,222,2019,1,26,11,0,12,,,,,1,1,1,7,7,0,23,0,23,2,9,1,70,5,4,1,55,75,3,61,31,0,,,,,,,1,0,40,0,4,0,2,0,2,0,4,2,35.75939277777778,139.53082222222224,7,3,,,,
1,30,890,64,2,0,1,30000,0,229,2019,1,22,20,35,22,,,,,1,1,1,14,7,0,23,0,23,1,9,1,70,5,2,1,1,35,51,61,0,0,,,,,,,0,0,10,0,4,0,0,0,0,0,4,2,35.727556944444444,139.53967666666665,3,3,,,,
1,30,891,10,2,0,1,95000,0,221,2019,1,5,18,25,22,,,,,1,2,1,1,1,9,22,0,23,14,9,30,70,4,2,1,55,45,4,61,31,0,,,,,,,4,0,10,0,4,0,2,0,2,0,4,2,35.77559027777777,139.5261013888889,7,3,,,,
1,30,891,14,2,0,1,20000,0,213,2019,1,9,8,0,12,,,,,1,1,1,1,1,9,22,0,23,14,9,30,70,4,2,1,35,55,3,61,31,0,,,,,,,3,0,20,0,3,0,2,0,2,0,4,2,35.755448055555554,139.48038444444444,4,3,,,,
1,30,891,15,2,0,1,30000,0,213,2019,1,9,13,40,12,,,,,1,1,1,14,7,0,23,0,23,3,9,1,70,4,2,1,55,75,14,61,31,0,,,,,,,3,0,10,0,3,0,2,0,2,0,4,2,35.739062777777775,139.45503555555555,4,3,,,,
1,30,891,17,2,0,1,30000,0,213,2019,1,10,11,22,12,,,,,2,1,1,14,7,0,23,0,23,3,9,1,70,4,3,1,25,55,14,61,31,0,,,,,,,2,0,10,0,3,0,2,0,2,0,4,2,35.76245,139.465625,5,3,,,,
1,30,891,24,2,0,1,30000,0,213,2019,1,18,18,52,22,,,,,1,2,1,1,7,1,22,0,23,11,9,20,1,5,3,1,55,45,3,61,31,0,,,,,,,2,0,40,0,3,0,2,0,2,0,4,2,35.746790833333336,139.47428694444446,6,3,,,,
1,30,891,25,2,0,1,30000,0,221,2019,1,19,11,30,12,,,,,1,1,1,1,7,1,22,0,23,14,9,30,70,4,2,1,1,55,3,61,31,0,,,,,,,2,0,10,0,4,0,2,0,2,0,4,2,35.77482138888889,139.5092913888889,7,3,,,,
1,30,891,32,2,0,1,30000,0,221,2019,1,27,15,30,12,,,,,1,1,1,1,1,9,22,0,23,18,9,30,70,4,2,1,45,45,3,61,31,0,,,,,,,4,0,10,0,3,0,2,0,2,0,4,2,35.769686388888886,139.51988944444446,1,3,,,,
1,30,892,2,2,0,1,99000,0,203,2018,12,8,12,55,12,,,,,1,1,1,0,7,0,23,0,23,0,0,20,70,0,4,1,55,45,3,61,31,0,,,,,,,10,0,10,0,4,0,2,0,2,0,4,2,35.71100194444445,139.54394527777777,7,3,,,,
1,30,892,4,2,0,1,10260,0,203,2018,10,12,14,0,12,,,,,2,1,1,1,1,8,22,0,23,14,9,30,70,1,2,1,65,45,51,61,0,0,,,,,,,0,0,10,0,4,0,0,0,0,0,4,2,35.71501916666667,139.54641027777777,6,3,,,,
1,30,892,9,2,0,1,21220,0,203,2019,1,3,17,23,21,,,,,1,1,1,1,1,9,22,0,23,11,9,30,70,4,2,1,65,45,3,61,31,0,,,,,,,3,0,10,0,4,0,2,0,2,0,4,2,35.72132694444445,139.55726055555556,5,3,,,,
1,30,893,8,2,0,1,10270,0,204,2019,1,14,7,50,12,,,,,1,1,1,14,7,0,23,0,23,3,9,1,70,4,2,1,35,65,3,61,31,0,,,,,,,3,0,40,0,4,0,2,0,2,0,4,2,35.683724999999995,139.55023583333335,2,1,,,,
1,30,893,12,2,0,1,30000,0,204,2019,1,16,9,50,12,,,,,1,1,1,14,7,0,23,0,23,2,9,1,70,5,4,1,55,55,3,61,31,0,,,,,,,10,0,10,0,3,0,2,0,2,0,4,2,35.694648888888885,139.55008833333335,4,3,,,,
1,30,893,16,2,0,1,10750,0,204,2019,1,21,5,0,22,,,,,1,1,1,1,1,9,22,0,23,19,9,30,70,1,2,1,75,65,3,61,31,0,,,,,,,4,0,50,0,3,0,2,0,2,0,4,2,35.68147361111111,139.53361666666666,2,3,,,,
1,30,893,22,2,0,1,30000,0,204,2019,1,23,9,10,12,,,,,1,1,1,14,7,0,23,0,23,2,9,1,70,5,4,1,65,55,3,61,31,0,,,,,,,5,0,40,0,3,0,2,0,2,0,4,2,35.67674916666667,139.58444694444447,4,3,,,,
1,30,893,27,2,0,1,20230,0,204,2019,1,19,19,20,22,,,,,1,1,1,1,1,9,22,0,23,14,9,30,70,4,2,1,45,25,3,61,31,0,,,,,,,3,0,10,0,3,0,2,0,2,0,4,2,35.68673944444444,139.56875277777777,7,3,,,,
1,30,894,1,2,0,1,21230,0,208,2018,12,22,16,0,13,,,,,3,1,2,1,7,1,22,0,23,15,9,30,70,4,2,1,45,75,3,61,31,0,,,,,,,3,0,20,0,3,0,2,0,2,0,4,2,35.656726666666664,139.5877625,7,2,,,,
1,30,894,5,2,0,2,95000,0,208,2019,1,9,2,20,22,,,,,1,1,1,7,7,0,23,0,23,2,9,1,70,5,4,1,35,45,3,61,31,0,,,,,,,1,0,23,0,3,0,2,0,2,0,4,2,35.661271666666664,139.58486694444446,4,3,,,,
1,30,894,8,2,0,1,30000,0,208,2019,1,10,14,40,12,,,,,2,1,1,1,7,9,22,0,23,15,9,20,70,4,2,1,65,1,3,61,31,0,,,,,,,2,0,10,0,3,0,2,0,2,0,4,2,35.662349999999996,139.5636066666667,5,3,,,,
1,30,894,12,2,0,1,30000,0,208,2019,1,15,12,18,12,,,,,2,1,1,14,7,0,23,0,23,2,9,1,70,5,3,1,45,45,3,61,31,0,,,,,,,1,0,20,0,4,0,2,0,2,0,4,2,35.660775,139.5889563888889,3,3,,,,
1,30,894,17,2,0,1,30840,0,208,2019,1,18,9,5,12,,,,,1,1,1,7,1,0,23,0,23,4,9,1,70,4,2,1,45,35,12,61,31,0,,,,,,,3,0,10,0,3,0,2,0,2,0,4,2,35.64902138888889,139.5415425,6,3,,,,
1,30,894,18,2,0,1,99000,0,208,2019,1,18,18,45,22,,,,,1,1,1,0,7,0,23,0,23,0,0,20,70,0,2,1,65,65,3,61,31,0,,,,,,,10,0,30,0,3,0,2,0,2,0,4,2,35.66055194444444,139.56505555555557,6,3,,,,
1,30,894,33,2,0,1,20890,0,208,2019,1,28,17,50,21,,,,,1,1,1,14,7,0,23,0,23,3,9,1,70,4,2,1,75,75,14,61,31,0,,,,,,,2,0,30,0,4,0,2,0,2,0,4,2,35.658321944444445,139.53088472222223,2,3,,,,
1,30,895,5,2,0,1,10560,0,211,2019,1,2,10,30,12,,,,,1,1,1,14,7,0,23,0,23,2,8,1,70,4,1,1,65,0,61,0,0,0,,,,,,,0,0,0,0,0,0,0,0,0,0,2,0,35.717600000000004,139.5086902777778,4,3,,,,
1,30,895,8,2,0,1,10250,0,211,2019,1,11,5,40,22,,,,,1,1,1,1,1,9,22,0,23,19,9,20,70,4,2,1,35,25,51,61,0,0,,,,,,,0,0,10,0,3,0,0,0,0,0,4,2,35.74277611111111,139.49704555555553,6,3,,,,
1,30,895,22,2,0,1,99000,0,211,2019,1,14,17,30,21,,,,,1,1,1,0,7,0,23,0,23,0,0,20,70,0,4,1,55,55,3,61,31,0,,,,,,,10,0,60,0,3,0,2,0,2,0,4,2,35.73419888888889,139.4657147222222,2,1,,,,
1,30,895,24,2,0,1,30000,0,211,2019,1,21,18,40,22,,,,,1,1,1,14,7,0,23,0,23,2,9,1,70,5,2,1,65,45,3,61,1,0,,,,,,,2,0,10,0,3,0,2,0,2,0,4,2,35.72528972222222,139.50747944444444,2,3,,,,
1,30,895,31,2,0,1,99000,0,211,2019,1,28,9,17,12,,,,,1,1,1,0,7,0,23,0,23,0,0,20,70,0,2,1,35,65,3,61,31,0,,,,,,,10,0,20,0,3,0,2,0,2,0,4,2,35.72920888888889,139.42991638888887,2,3,,,,
1,30,895,32,2,0,1,99000,0,211,2019,1,29,16,15,13,,,,,1,1,1,0,7,0,23,0,23,0,0,20,70,0,4,1,65,45,3,61,31,0,,,,,,,10,0,30,0,3,0,2,0,2,0,4,2,35.72448027777778,139.47897527777778,3,3,,,,
1,30,897,1,1,1,0,30000,0,363,2019,1,18,16,0,13,,,,,1,2,1,1,7,8,22,0,23,15,9,30,70,5,2,1,65,75,14,61,31,0,,,,,,,3,0,80,0,2,0,2,0,2,0,4,1,34.36323527777778,139.25590333333332,6,3,,,,
1,30,100,8,2,0,1,10110,0,101,2019,2,2,8,50,12,,,,,1,1,1,1,1,9,22,0,23,18,9,30,70,1,1,1,45,45,3,61,31,0,,,,,,,5,0,10,0,3,0,2,0,2,0,4,2,35.68901722222222,139.74538888888887,7,3,,,,
1,30,101,15,2,0,1,95000,0,101,2019,1,25,16,45,13,,,,,1,1,1,14,7,0,23,0,23,3,9,1,70,5,2,1,55,25,3,61,1,0,,,,,,,5,0,0,0,4,0,2,0,2,0,4,2,35.68081111111111,139.76888638888892,6,3,,,,