資料区分,都道府県コード,警察署等コード,本票番号,事故内容,死者数,負傷者数,路線コード,地点コード,市区町村コード,発生日時　　年,発生日時　　月,発生日時　　日,発生日時　　時,発生日時　　分,昼夜,日の出時刻　　時,日の出時刻　　分,日の入り時刻　　時,日の入り時刻　　分,天候,地形,路面状態,道路形状,信号機,一時停止規制　標識（当事者A）,一時停止規制　表示（当事者A）,一時停止規制　標識（当事者B）,一時停止規制　表示（当事者B）,車道幅員,道路線形,衝突地点,ゾーン規制,中央分離帯施設等,歩車道区分,事故類型,年齢（当事者A）,年齢（当事者B）,当事者種別（当事者A）,当事者種別（当事者B）,用途別（当事者A）,用途別（当事者B）,車両形状等（当事者A）,車両形状等（当事者B）,オートマチック車（当事者A）,オートマチック車（当事者B）,サポカー（当事者A）,サポカー（当事者B）,速度規制（指定のみ）（当事者A）,速度規制（指定のみ）（当事者B）,車両の衝突部位（当事者A）,車両の衝突部位（当事者B）,車両の損壊程度（当事者A）,車両の損壊程度（当事者B）,エアバッグの装備（当事者A）,エアバッグの装備（当事者B）,サイドエアバッグの装備（当事者A）,サイドエアバッグの装備（当事者B）,人身損傷程度（当事者A）,人身損傷程度（当事者B）,lat,lon,曜日(発生年月日),祝日(発生年月日),認知機能検査経過日数（当事者A）,認知機能検査経過日数（当事者B）,運転練習の方法（当事者A）,運転練習の方法（当事者B）
1,30,101,19,2,0,1,20040,0,101,2019,2,12,18,35,22,,,,,1,1,1,1,7,8,21,0,23,15,9,30,70,4,2,1,65,45,3,61,1,0,,,,,,,3,0,10,0,3,0,2,0,2,0,4,2,35.68727222222222,139.76636083333332,3,3,,,,
1,30,102,18,2,0,1,20000,0,101,2018,12,18,19,30,22,,,,,1,1,1,7,7,0,23,0,23,4,9,1,70,4,2,1,45,65,33,61,31,0,,,,,,,4,0,10,0,3,0,0,0,0,0,4,2,35.69365,139.76509027777777,3,3,,,,
1,30,102,27,2,0,1,20050,0,101,2019,2,13,23,20,22,,,,,2,1,1,1,1,9,22,0,23,18,9,30,70,4,2,1,65,35,3,61,1,0,,,,,,,4,0,10,0,4,0,2,0,2,0,4,2,35.69518111111111,139.7675088888889,4,3,,,,
1,30,103,10,2,0,1,10050,0,101,2019,2,3,12,5,12,,,,,1,1,1,1,1,9,22,0,23,19,9,30,70,1,2,1,75,45,3,61,31,0,,,,,,,10,0,10,0,3,0,2,0,2,0,4,2,35.69561638888889,139.77605055555557,1,3,,,,
1,30,103,13,2,0,1,20070,0,101,2019,2,8,21,20,22,,,,,1,1,1,14,7,0,23,0,23,4,9,1,70,5,2,1,1,45,3,61,31,0,,,,,,,4,0,30,0,3,0,2,0,2,0,4,2,35.70188944444445,139.77150361111111,6,3,,,,
1,30,103,14,2,0,1,30000,0,101,2019,2,8,23,15,22,,,,,1,1,1,14,7,0,23,0,23,2,9,20,70,5,4,1,1,55,3,61,31,0,,,,,,,10,0,10,0,3,0,2,0,2,0,4,2,35.69807583333333,139.77585166666668,6,3,,,,
1,30,103,18,2,0,1,30080,0,101,2019,2,18,18,35,22,,,,,1,1,1,1,7,1,21,0,23,17,9,30,70,5,2,1,35,75,34,61,31,0,,,,,,,3,0,10,0,3,0,0,0,0,0,4,2,35.69206972222222,139.7774763888889,2,3,,,,
1,30,104,25,2,0,1,20000,0,102,2019,2,9,16,30,13,,,,,3,1,2,1,1,9,22,0,23,19,9,30,70,5,2,1,25,45,3,61,31,0,,,,,,,4,0,10,0,3,0,2,0,2,0,4,2,35.684422777777776,139.7745825,7,3,,,,
1,30,104,26,2,0,1,20090,0,102,2019,2,12,23,50,22,,,,,1,1,1,1,1,9,22,0,23,19,9,30,70,1,2,1,65,25,3,61,1,0,,,,,,,5,0,10,0,3,0,2,0,2,0,4,2,35.68025222222222,139.76888944444445,3,3,,,,
1,30,104,28,2,0,1,30000,0,102,2019,2,6,13,48,12,,,,,3,1,1,1,7,9,22,0,23,15,9,30,70,5,2,1,35,35,3,61,31,0,,,,,,,2,0,10,0,3,0,2,0,2,0,4,2,35.67558777777778,139.76781305555556,4,3,,,,
1,30,104,30,2,0,1,30000,0,102,2019,2,16,22,42,22,,,,,1,1,1,1,7,1,21,0,23,11,9,30,70,5,3,1,65,1,3,61,1,0,,,,,,,10,0,10,0,3,0,2,0,2,0,4,2,35.686567222222216,139.77793250000002,7,3,,,,
1,30,104,31,2,0,1,30000,0,102,2019,2,20,12,20,12,,,,,1,1,1,1,7,9,22,0,23,14,9,30,70,4,2,1,35,65,3,61,31,0,,,,,,,10,0,30,0,3,0,2,0,2,0,4,2,35.674075555555554,139.77861416666667,4,3,,,,
1,30,104,32,2,0,1,95000,0,102,2019,2,22,2,47,22,,,,,1,1,1,14,1,0,23,0,23,3,9,1,70,1,2,1,1,45,3,61,31,0,,,,,,,2,0,10,0,3,0,1,0,2,0,4,2,35.68000583333333,139.7705241666667,6,3,,,,
1,30,104,36,2,0,1,30000,0,102,2019,2,26,5,50,23,,,,,2,1,1,1,7,1,21,0,23,17,9,30,70,5,3,1,65,45,17,61,31,0,,,,,,,5,0,10,0,3,0,2,0,2,0,4,2,35.6782075,139.77083305555556,3,3,,,,
1,30,104,40,2,0,1,30000,0,102,2019,2,15,12,16,12,,,,,3,1,2,1,7,1,21,0,23,14,9,30,70,5,1,1,55,25,3,61,1,0,,,,,,,2,0,40,0,4,0,2,0,2,0,4,2,35.68463833333333,139.7730263888889,6,3,,,,
1,30,104,41,2,0,1,20020,0,102,2019,2,23,20,10,22,,,,,1,1,1,14,7,0,23,0,23,5,9,1,70,4,2,1,55,1,13,61,31,0,,,,,,,4,0,20,0,4,0,2,0,2,0,4,2,35.67456833333333,139.779425,7,3,,,,
1,30,105,14,2,0,1,20540,0,102,2019,2,7,9,30,12,,,,,1,1,1,1,1,9,22,0,23,17,9,30,70,5,2,1,45,1,13,61,31,0,,,,,,,4,0,50,0,3,0,2,0,2,0,4,2,35.68646333333333,139.78748166666668,5,3,,,,
1,30,105,18,2,0,1,30000,0,102,2019,2,18,10,20,12,,,,,1,1,1,1,7,1,21,0,23,11,9,30,70,5,2,1,45,25,12,61,1,0,,,,,,,10,0,10,0,3,0,2,0,2,0,4,2,35.68210583333333,139.7840322222222,2,3,,,,
1,30,105,19,2,0,1,30000,0,102,2019,2,21,6,5,23,,,,,1,1,1,1,7,9,22,0,23,18,9,30,70,4,2,1,65,75,17,61,1,0,,,,,,,5,0,10,0,4,0,2,0,2,0,4,2,35.68579583333333,139.78882833333333,5,3,,,,
1,30,105,20,2,0,1,30000,0,102,2019,2,24,15,57,12,,,,,1,1,1,1,1,9,22,0,23,14,9,30,1,4,2,1,25,75,36,61,31,0,,,,,,,2,0,10,0,3,0,0,0,0,0,4,2,35.68950333333333,139.78696722222222,1,3,,,,
1,30,106,27,2,0,1,30000,0,102,2019,2,7,11,0,12,,,,,2,1,1,1,1,1,21,0,23,14,9,30,70,5,2,1,45,65,12,61,31,0,,,,,,,2,0,10,0,3,0,2,0,2,0,4,2,35.672127499999995,139.77031805555558,5,3,,,,
1,30,106,30,2,0,1,20090,0,102,2019,2,12,8,50,12,,,,,1,1,1,1,1,9,22,0,23,18,9,30,70,4,1,1,35,55,1,61,1,0,,,,,,,5,0,40,0,3,0,2,0,2,0,4,2,35.67531388888889,139.76573833333333,3,3,,,,
1,30,106,35,2,0,1,10060,0,102,2019,1,24,7,25,11,,,,,1,1,1,14,7,0,23,0,23,1,9,20,70,5,4,1,55,55,51,61,0,0,,,,,,,0,0,20,0,3,0,0,0,0,0,4,2,35.66768916666666,139.77183916666667,5,3,,,,
1,30,106,37,2,0,1,10030,0,102,2019,2,16,14,10,12,,,,,1,1,1,14,7,0,23,0,23,4,9,1,70,1,2,1,75,1,3,61,31,0,,,,,,,10,0,60,0,4,0,2,0,2,0,4,2,35.670184444444445,139.76731833333335,7,3,,,,
1,30,106,40,2,0,1,30000,0,102,2019,1,28,10,40,12,,,,,2,1,1,14,7,0,23,0,23,3,9,1,70,4,2,1,45,25,13,61,31,0,,,,,,,3,0,30,0,3,0,2,0,2,0,4,2,35.67292277777778,139.77797,2,3,,,,
1,30,106,42,2,0,1,95000,0,102,2019,2,26,15,48,12,,,,,1,1,1,1,7,1,21,0,23,14,9,30,70,5,2,1,25,35,14,61,1,0,,,,,,,2,0,10,0,3,0,2,0,2,0,4,2,35.66880222222222,139.7617361111111,3,3,,,,
1,30,106,43,2,0,1,30000,0,102,2019,2,22,16,10,12,,,,,1,1,1,14,7,0,23,0,23,3,9,1,70,5,4,1,25,35,51,61,0,0,,,,,,,0,0,20,0,4,0,0,0,0,0,4,2,35.66758055555555,139.77042583333335,6,3,,,,
1,30,106,44,2,0,1,30000,0,102,2019,2,28,15,55,12,,,,,3,1,2,1,1,9,22,0,23,18,9,30,70,4,2,1,55,75,17,61,31,0,,,,,,,2,0,10,0,3,0,2,0,2,0,4,2,35.66904638888889,139.77880444444446,5,3,,,,
1,30,106,45,2,0,1,30000,0,102,2019,1,28,21,31,22,,,,,1,1,1,1,1,9,22,0,23,14,9,30,70,4,2,1,65,1,3,61,1,0,,,,,,,2,0,10,0,3,0,2,0,2,0,4,2,35.671348055555555,139.77168500000002,2,3,,,,
1,30,107,14,2,0,1,30000,0,102,2019,2,5,12,30,12,,,,,2,1,1,7,1,0,23,0,23,2,9,1,70,5,2,1,55,25,13,61,31,0,,,,,,,2,0,10,0,3,0,2,0,2,0,4,2,35.661746666666666,139.78332055555558,3,3,,,,
1,30,107,15,2,0,1,20000,0,102,2019,2,14,23,30,22,,,,,1,1,1,1,1,9,22,0,23,18,9,30,70,1,2,1,35,35,3,61,31,0,,,,,,,4,0,10,0,3,0,2,0,2,0,4,2,35.65646388888889,139.77384083333334,5,3,,,,
1,30,107,17,2,0,1,20680,0,102,2019,2,11,14,0,12,,,,,2,1,1,14,7,0,23,0,23,5,9,1,70,1,2,1,25,1,51,61,0,0,,,,,,,0,0,10,0,3,0,0,0,0,0,4,2,35.657446111111106,139.77466,2,1,,,,
1,30,108,22,2,0,1,20000,0,103,2019,2,1,8,35,12,,,,,1,1,1,14,7,0,23,0,23,4,9,1,70,4,1,1,35,45,51,61,0,0,,,,,,,0,0,10,0,4,0,0,0,0,0,4,2,35.656905555555554,139.75411027777778,6,3,,,,
1,30,108,29,2,0,1,20000,0,103,2019,2,20,10,50,12,,,,,1,1,1,14,7,0,23,0,23,2,9,1,70,1,1,1,25,45,51,61,0,0,,,,,,,0,0,10,0,4,0,0,0,0,0,2,4,35.654270833333335,139.74817055555553,4,3,,,,
1,30,108,34,2,0,1,30000,0,103,2019,2,21,18,30,22,,,,,1,1,1,14,7,0,23,0,23,3,9,1,70,5,2,1,55,35,3,61,31,0,,,,,,,2,0,10,0,4,0,2,0,2,0,4,2,35.65377333333333,139.75204277777777,5,3,,,,
1,30,108,35,2,0,1,30000,0,103,2019,2,1,21,5,22,,,,,1,1,1,14,7,0,23,0,23,4,9,1,70,4,1,1,55,25,3,61,31,0,,,,,,,3,0,10,0,4,0,2,0,2,0,4,2,35.66636972222222,139.74889138888886,6,3,,,,
1,30,109,16,2,0,1,30000,0,103,2018,11,14,8,50,12,,,,,1,1,1,1,1,9,22,0,23,15,9,30,70,4,2,1,45,45,51,61,0,0,,,,,,,0,0,10,0,3,0,0,0,0,0,4,2,35.64823694444444,139.75485722222223,4,3,,,,
1,30,110,17,2,0,1,150,73,103,2019,2,3,15,15,12,,,,,1,1,1,1,1,9,22,0,23,18,9,30,70,1,2,1,65,45,3,61,31,0,,,,,,,10,0,30,0,4,0,2,0,2,0,4,2,35.62873027777778,139.73768222222222,1,3,,,,
1,30,110,28,2,0,1,20000,0,103,2019,2,23,13,40,12,,,,,1,1,1,14,7,0,23,0,23,4,9,1,70,4,1,1,35,1,17,61,31,0,,,,,,,2,0,10,0,1,0,2,0,2,0,4,2,35.64313194444444,139.7335838888889,7,3,,,,
1,30,110,29,2,0,1,20120,0,103,2019,2,24,18,21,21,,,,,1,1,1,1,1,9,22,0,23,18,9,30,70,5,1,1,65,75,3,61,1,0,,,,,,,4,0,50,0,4,0,2,0,2,0,4,2,35.64324111111111,139.7209513888889,1,3,,,,
1,30,111,34,2,0,1,20140,0,103,2018,10,26,9,40,12,,,,,2,1,1,7,7,0,23,0,23,4,9,1,70,1,1,1,45,35,14,61,1,0,,,,,,,5,0,32,0,3,0,2,0,2,0,4,2,35.66318472222222,139.73819583333332,6,3,,,,
1,30,111,52,2,0,1,95000,0,103,2019,2,20,15,55,12,,,,,1,1,1,1,1,9,22,0,23,19,9,30,70,1,2,1,65,25,2,61,31,0,,,,,,,2,0,10,0,4,0,2,0,2,0,4,2,35.657533055555554,139.73658527777778,4,3,,,,
1,30,111,56,2,0,1,30000,0,103,2019,2,27,13,30,12,,,,,2,1,1,14,7,0,23,0,23,3,7,1,70,5,1,1,45,55,36,61,31,0,,,,,,,10,0,0,0,4,0,0,0,0,0,4,2,35.65843666666667,139.72675194444446,4,3,,,,
1,30,111,57,2,0,1,30000,0,103,2019,2,27,16,20,12,,,,,1,1,1,14,7,0,23,0,23,3,9,1,70,5,1,1,35,1,3,61,31,0,,,,,,,10,0,10,0,3,0,2,0,2,0,4,2,35.65117444444444,139.72700944444443,4,3,,,,
1,30,112,24,2,0,1,30000,0,103,2018,5,2,13,50,12,,,,,2,1,1,7,7,0,23,0,23,2,9,1,70,4,3,1,65,35,3,61,31,0,,,,,,,2,0,30,0,4,0,2,0,2,0,4,2,35.66821083333333,139.71859,4,2,,,,
1,30,112,27,2,0,1,30000,0,103,2019,2,1,20,46,22,,,,,1,1,1,1,7,1,22,0,23,11,9,20,1,5,3,1,35,35,3,61,31,0,,,,,,,2,0,50,0,3,0,2,0,2,0,4,2,35.674305277777776,139.73782694444444,6,3,,,,
1,30,215,20,2,0,1,30000,0,109,2018,11,27,17,50,22,,,,,1,1,1,14,7,0,23,0,23,1,9,20,70,5,3,1,1,45,51,61,0,0,,,,,,,0,0,10,0,3,0,0,0,0,0,4,2,35.60869972222223,139.7441988888889,3,3,,,,
1,30,215,25,2,0,1,30000,0,109,2019,2,6,18,56,22,,,,,1,1,1,1,7,9,22,0,23,14,9,30,70,4,3,1,65,45,3,61,1,0,,,,,,,3,0,10,0,3,0,2,0,2,0,4,2,35.61181361111111,139.730865,4,3,,,,
1,30,215,30,2,0,1,30000,0,109,2019,2,20,9,44,12,,,,,1,1,1,14,7,0,23,0,23,1,9,1,70,4,1,1,65,1,3,61,1,0,,,,,,,2,0,10,0,4,0,2,0,2,0,4,2,35.619637222222224,139.73346222222222,4,3,,,,
1,30,215,34,2,0,1,30000,0,109,2019,2,28,20,20,22,,,,,3,1,2,7,7,0,23,0,23,3,9,1,70,5,4,1,1,65,3,61,31,0,,,,,,,10,0,20,0,4,0,2,0,2,0,4,2,35.621180277777775,139.73185138888888,5,3,,,,
1,30,215,36,2,0,1,99000,0,109,2019,2,27,18,35,22,,,,,2,1,1,0,7,0,23,0,23,0,0,20,70,0,1,1,35,45,51,61,0,0,,,,,,,0,0,40,0,3,0,0,0,0,0,4,2,35.61130166666667,139.7477947222222,4,3,,,,
1,30,216,16,2,0,1,95000,0,109,2019,2,1,18,20,22,,,,,1,1,1,0,7,0,23,0,23,0,0,20,70,0,4,1,35,65,51,61,0,0,,,,,,,0,0,10,0,4,0,0,0,0,0,4,2,35.602315555555556,139.75158027777778,6,3,,,,
1,30,216,17,2,0,1,30000,0,109,2019,2,4,17,35,21,,,,,1,1,1,1,1,9,22,0,23,15,6,30,70,5,1,1,35,25,3,61,31,0,,,,,,,3,0,10,0,4,0,2,0,2,0,4,2,35.60030555555556,139.7213377777778,2,3,,,,
1,30,216,21,2,0,1,30000,0,109,2019,2,12,22,4,22,,,,,1,1,1,14,7,0,23,0,23,4,9,1,70,5,1,1,1,75,51,61,0,0,,,,,,,0,0,40,0,4,0,0,0,0,0,4,2,35.60622861111111,139.73451555555553,3,3,,,,
1,30,216,25,2,0,1,30000,0,109,2019,2,22,8,45,12,,,,,1,1,1,1,7,1,21,0,23,11,9,30,70,4,2,1,25,35,3,61,31,0,,,,,,,4,0,10,0,3,0,2,0,2,0,4,2,35.588591111111114,139.73395638888888,6,3,,,,
1,30,216,26,2,0,1,30910,0,109,2019,1,16,6,21,23,,,,,1,1,1,7,1,0,23,0,23,3,9,1,1,1,1,1,25,65,3,61,31,0,,,,,,,2,0,15,0,3,0,2,0,2,0,4,2,35.596538888888894,139.73924888888888,4,3,,,,
1,30,217,22,2,0,1,30000,0,109,2019,2,5,8,50,12,,,,,2,1,1,7,7,0,23,0,23,3,6,1,70,4,1,1,65,35,13,61,31,0,,,,,,,2,0,40,0,3,0,2,0,2,0,4,2,35.61696277777778,139.7247663888889,3,3,,,,
1,30,218,23,2,0,1,30000,0,109,2019,2,3,17,20,21,,,,,1,1,1,14,7,0,23,0,23,1,9,1,70,5,3,1,55,45,3,61,31,0,,,,,,,10,0,41,0,4,0,2,0,2,0,4,2,35.61734972222222,139.7067625,1,3,,,,
1,30,218,27,2,0,1,30130,0,109,2019,2,8,19,0,22,,,,,2,1,1,14,7,0,23,0,23,2,9,1,70,5,3,1,65,45,3,61,31,0,,,,,,,2,0,20,0,4,0,2,0,2,0,4,2,35.60372916666667,139.70626027777777,6,3,,,,
1,30,218,30,2,0,1,30000,0,109,2019,2,9,21,7,22,,,,,3,1,2,1,1,9,22,0,23,15,9,30,70,4,2,1,55,45,13,61,31,0,,,,,,,2,0,10,0,4,0,2,0,2,0,4,2,35.60807166666667,139.71924694444445,7,3,,,,
1,30,218,31,2,0,1,10170,0,109,2019,2,13,14,35,12,,,,,2,1,1,14,7,0,23,0,23,4,9,1,70,5,1,1,65,25,3,61,31,0,,,,,,,10,0,30,0,4,0,2,0,2,0,4,2,35.61503833333334,139.7084547222222,4,3,,,,
1,30,219,45,2,0,1,150,132,111,2019,2,3,11,40,12,,,,,1,1,1,14,7,0,23,0,23,6,9,1,70,1,1,1,1,65,51,61,0,0,,,,,,,0,0,10,0,3,0,0,0,0,0,4,2,35.57858805555556,139.7352186111111,1,3,,,,
1,30,219,49,2,0,1,150,143,111,2019,2,4,18,0,21,,,,,1,1,1,14,7,0,23,0,23,1,9,1,70,5,2,1,45,75,51,61,0,0,,,,,,,0,0,10,0,3,0,0,0,0,0,4,2,35.56889555555556,139.73050444444445,2,3,,,,
1,30,219,52,2,0,1,30000,0,111,2019,2,6,12,0,12,,,,,3,1,2,1,7,9,22,0,23,11,9,30,70,5,2,1,45,35,35,61,31,0,,,,,,,10,0,20,0,4,0,0,0,0,0,4,2,35.567008333333334,139.73029944444446,4,3,,,,
1,30,219,53,2,0,1,150,131,111,2019,2,6,16,30,13,,,,,1,1,2,14,7,0,23,0,23,3,9,1,70,1,1,1,1,75,51,61,0,0,,,,,,,0,0,10,0,4,0,0,0,0,0,4,2,35.578342500000005,139.73514083333333,4,3,,,,
1,30,219,54,2,0,1,30000,0,111,2019,2,6,17,38,21,,,,,1,1,2,1,7,9,22,0,23,18,9,30,70,4,2,1,45,35,3,61,31,0,,,,,,,10,0,10,0,3,0,2,0,2,0,4,2,35.577560000000005,139.75072916666667,4,3,,,,
1,30,219,57,2,0,2,30000,0,111,2019,2,8,15,10,12,,,,,2,1,1,14,7,0,23,0,23,3,9,1,70,5,3,1,65,55,3,61,31,0,,,,,,,10,0,11,0,2,0,2,0,2,0,4,2,35.56563694444444,139.74234666666666,6,3,,,,
1,30,219,65,2,0,1,20180,0,111,2019,2,16,13,45,12,,,,,1,1,1,7,1,0,23,0,23,2,9,1,70,4,2,1,1,55,51,61,0,0,,,,,,,0,0,10,0,3,0,0,0,0,0,4,2,35.58354694444445,139.72360194444445,7,3,,,,
1,30,219,71,2,0,1,30000,0,111,2019,2,19,13,30,12,,,,,1,1,1,14,7,0,23,0,23,1,9,1,70,5,3,1,55,45,12,61,31,0,,,,,,,10,0,30,0,4,0,2,0,2,0,4,2,35.57920722222222,139.73432805555555,3,3,,,,
1,30,219,81,2,0,1,30000,0,111,2019,2,27,11,10,12,,,,,2,1,1,14,7,0,23,0,23,2,9,1,70,5,3,1,1,75,51,61,0,0,,,,,,,0,0,10,0,3,0,0,0,0,0,4,2,35.58242111111112,139.72502416666666,4,3,,,,
1,30,220,15,2,0,1,10130,0,111,2018,12,23,18,33,22,,,,,2,1,1,7,1,0,23,0,23,5,9,1,70,1,1,1,25,1,3,61,31,0,,,,,,,4,0,10,0,4,0,2,0,2,0,4,2,35.60914972222222,139.69320194444444,1,1,,,,
1,30,220,17,2,0,1,10190,0,111,2018,12,1,2,51,22,,,,,1,1,1,7,1,0,23,0,23,3,9,1,70,4,3,1,45,65,3,61,31,0,,,,,,,2,0,11,0,4,0,2,0,2,0,4,2,35.579863611111115,139.67697416666667,7,3,,,,
1,30,220,22,2,0,1,10130,0,111,2019,2,5,8,8,12,,,,,1,1,1,1,7,1,21,0,23,17,9,30,70,1,2,1,55,75,3,61,31,0,,,,,,,4,0,10,0,4,0,2,0,2,0,4,2,35.59985833333334,139.70248944444444,3,3,,,,
1,30,220,31,2,0,1,30000,0,111,2019,2,22,8,35,12,,,,,1,1,1,1,7,9,22,0,23,11,9,30,70,5,2,1,45,35,3,61,1,0,,,,,,,2,0,10,0,4,0,2,0,2,0,4,2,35.60778972222222,139.68528166666667,6,3,,,,
1,30,220,33,2,0,1,30000,0,111,2019,2,23,11,48,12,,,,,1,1,1,1,7,1,21,0,23,11,9,30,70,5,1,1,45,1,3,61,31,0,,,,,,,5,0,10,0,4,0,2,0,2,0,4,2,35.59325666666667,139.6866736111111,7,3,,,,
1,30,221,31,2,0,1,10200,0,111,2019,2,8,8,0,12,,,,,1,1,1,1,1,9,22,0,23,17,9,30,70,1,1,1,35,1,3,61,31,0,,,,,,,5,0,80,0,3,0,2,0,2,0,4,2,35.55455055555555,139.72873222222222,6,3,,,,
1,30,221,36,2,0,1,30000,0,111,2019,2,15,7,25,11,,,,,2,1,1,1,7,1,21,0,23,15,9,30,70,5,2,1,65,55,3,61,31,0,,,,,,,5,0,10,0,3,0,2,0,2,0,4,2,35.553732222222216,139.74339555555554,6,3,,,,
1,30,221,37,2,0,1,150,152,111,2019,2,20,21,20,22,,,,,3,1,2,1,1,9,22,0,23,19,9,30,70,5,1,1,45,1,3,61,31,0,,,,,,,10,0,10,0,4,0,2,0,2,0,4,2,35.562417499999995,139.7255886111111,4,3,,,,
1,30,221,41,2,0,1,150,168,111,2019,2,10,1,12,22,,,,,2,1,1,1,1,9,22,0,23,17,9,30,70,4,2,1,65,25,3,61,31,0,,,,,,,10,0,50,0,4,0,2,0,2,0,4,2,35.54974722222222,139.71593305555555,1,2,,,,
1,30,221,42,2,0,1,30000,0,111,2019,1,27,15,30,12,,,,,1,1,1,1,1,9,22,0,23,11,9,30,70,4,3,1,65,1,12,61,1,0,,,,,,,10,0,40,0,3,0,2,0,2,0,4,2,35.5451225,139.72017416666668,1,3,,,,
1,30,222,38,2,0,1,10200,0,111,2019,2,15,5,35,23,,,,,2,1,1,1,1,9,22,0,23,17,9,30,70,1,2,1,45,75,3,61,1,0,,,,,,,5,0,10,0,3,0,2,0,2,0,4,2,35.563268611111106,139.69966916666667,6,3,,,,
1,30,222,40,2,0,1,10200,0,111,2019,2,20,9,50,12,,,,,1,1,1,1,1,9,22,0,23,18,9,30,70,1,2,1,65,35,3,61,31,0,,,,,,,5,0,10,0,4,0,2,0,2,0,4,2,35.57226861111111,139.68701555555555,4,3,,,,
1,30,325,62,2,0,1,20260,0,112,2019,2,22,8,0,12,,,,,1,1,1,1,3,9,22,0,23,14,9,30,70,5,2,1,1,1,51,61,0,0,,,,,,,0,0,10,0,3,0,0,0,0,0,4,2,35.65023055555555,139.66258333333334,6,3,,,,
1,30,325,66,2,0,1,95000,0,112,2019,1,31,9,14,12,,,,,2,1,1,14,7,0,23,0,23,4,9,1,70,4,2,1,35,55,52,61,0,0,,,,,,,0,0,10,0,4,0,0,0,0,0,4,2,35.63758416666666,139.67583138888887,5,3,,,,
1,30,326,44,2,0,1,30000,0,112,2019,2,5,13,45,12,,,,,2,1,1,14,1,0,23,0,23,1,9,1,70,4,2,1,1,75,51,61,0,0,,,,,,,0,0,10,0,3,0,0,0,0,0,4,2,35.65678583333333,139.65191083333335,3,3,,,,
1,30,326,47,2,0,1,30000,0,112,2019,2,6,23,17,22,,,,,1,1,1,14,7,0,23,0,23,2,9,1,70,5,3,1,55,25,3,61,1,0,,,,,,,2,0,40,0,3,0,2,0,2,0,4,2,35.65206194444444,139.6465986111111,4,3,,,,
1,30,326,50,2,0,1,99000,0,112,2019,2,3,10,10,12,,,,,1,1,1,0,7,0,23,0,23,0,0,20,70,0,1,1,65,75,3,61,31,0,,,,,,,10,0,30,0,4,0,2,0,2,0,4,2,35.65674722222222,139.64760666666666,1,3,,,,
1,30,326,55,2,0,1,99000,0,112,2019,1,30,15,35,12,,,,,1,1,1,0,7,0,23,0,23,0,0,20,70,0,4,1,55,65,3,61,31,0,,,,,,,10,0,20,0,4,0,2,0,2,0,4,2,35.65677361111111,139.64756305555554,4,3,,,,
1,30,326,57,2,0,1,30000,0,112,2019,2,15,0,33,22,,,,,1,1,1,14,7,0,23,0,23,2,9,1,70,5,3,1,1,45,36,61,31,0,,,,,,,2,0,10,0,3,0,0,0,0,0,4,2,35.663020555555555,139.64716583333333,6,3,,,,
1,30,326,61,2,0,1,20000,0,112,2019,2,19,19,10,22,,,,,3,1,2,1,1,9,22,0,23,15,9,30,70,4,1,1,25,25,13,61,1,0,,,,,,,3,0,10,0,4,0,2,0,2,0,4,2,35.65679138888889,139.63424,3,3,,,,
1,30,326,65,2,0,1,30000,0,112,2019,2,22,10,20,12,,,,,1,1,1,1,1,9,22,0,23,15,9,30,70,4,1,1,35,45,3,61,31,0,,,,,,,3,0,10,0,3,0,2,0,2,0,4,2,35.64800638888889,139.63365777777776,6,3,,,,
1,30,327,52,2,0,1,30000,0,112,2018,12,19,19,20,22,,,,,1,1,1,14,7,0,23,0,23,1,9,1,70,5,2,1,1,1,51,61,0,0,,,,,,,0,0,10,0,3,0,0,0,0,0,4,2,35.60248333333333,139.6565063888889,4,3,,,,
1,30,327,61,2,0,1,30000,0,112,2019,2,5,15,55,12,,,,,2,1,1,1,7,9,22,0,23,11,9,30,70,5,3,1,45,65,14,61,31,0,,,,,,,10,0,10,0,4,0,2,0,2,0,4,2,35.606411111111115,139.67287166666665,3,3,,,,
1,30,327,68,2,0,1,30000,0,112,2019,1,19,17,35,21,,,,,1,1,1,1,7,1,21,0,23,15,9,30,70,5,3,1,55,25,3,61,31,0,,,,,,,2,0,20,0,3,0,2,0,2,0,4,2,35.6063125,139.66994,7,3,,,,
1,30,327,69,2,0,1,10200,0,112,2019,1,13,13,39,12,,,,,1,1,1,1,1,9,22,0,23,15,9,30,70,1,3,1,45,65,4,61,31,0,,,,,,,5,0,20,0,3,0,2,0,2,0,4,2,35.61804527777778,139.63534888888887,1,2,,,,
1,30,327,78,2,0,1,30000,0,112,2019,2,25,20,5,22,,,,,1,1,1,1,1,9,22,0,23,18,9,30,70,6,2,1,55,55,14,61,1,0,,,,,,,10,0,20,0,4,0,2,0,2,0,4,2,35.61192916666667,139.63840833333333,2,3,,,,
1,30,328,65,2,0,1,30000,0,112,2019,2,6,13,5,12,,,,,3,1,2,1,7,9,22,0,23,14,9,30,70,5,2,1,35,75,14,61,31,0,,,,,,,3,0,10,0,3,0,2,0,2,0,4,2,35.65389472222222,139.5963027777778,4,3,,,,
1,30,328,72,2,0,1,30000,0,112,2019,2,18,16,45,13,,,,,1,1,1,1,7,9,22,0,23,14,9,30,70,4,2,1,65,75,3,61,31,0,,,,,,,2,0,10,0,3,0,2,0,2,0,4,2,35.66697611111111,139.60179194444444,2,3,,,,