資料区分,都道府県コード,警察署等コード,本票番号,事故内容,死者数,負傷者数,路線コード,地点コード,市区町村コード,発生日時　　年,発生日時　　月,発生日時　　日,発生日時　　時,発生日時　　分,昼夜,日の出時刻　　時,日の出時刻　　分,日の入り時刻　　時,日の入り時刻　　分,天候,地形,路面状態,道路形状,信号機,一時停止規制　標識（当事者A）,一時停止規制　表示（当事者A）,一時停止規制　標識（当事者B）,一時停止規制　表示（当事者B）,車道幅員,道路線形,衝突地点,ゾーン規制,中央分離帯施設等,歩車道区分,事故類型,年齢（当事者A）,年齢（当事者B）,当事者種別（当事者A）,当事者種別（当事者B）,用途別（当事者A）,用途別（当事者B）,車両形状等（当事者A）,車両形状等（当事者B）,オートマチック車（当事者A）,オートマチック車（当事者B）,サポカー（当事者A）,サポカー（当事者B）,速度規制（指定のみ）（当事者A）,速度規制（指定のみ）（当事者B）,車両の衝突部位（当事者A）,車両の衝突部位（当事者B）,車両の損壊程度（当事者A）,車両の損壊程度（当事者B）,エアバッグの装備（当事者A）,エアバッグの装備（当事者B）,サイドエアバッグの装備（当事者A）,サイドエアバッグの装備（当事者B）,人身損傷程度（当事者A）,人身損傷程度（当事者B）,lat,lon,曜日(発生年月日),祝日(発生年月日),認知機能検査経過日数（当事者A）,認知機能検査経過日数（当事者B）,運転練習の方法（当事者A）,運転練習の方法（当事者B）
1,30,328,73,2,0,1,30000,0,112,2019,2,18,17,20,13,,,,,1,1,1,1,7,9,22,0,23,11,9,30,70,5,4,1,45,1,3,61,31,0,,,,,,,2,0,10,0,3,0,2,0,2,0,4,2,35.6494225,139.62229722222224,2,3,,,,
1,30,328,79,2,0,1,30000,0,112,2019,2,22,22,25,22,,,,,2,1,1,7,7,0,23,0,23,3,9,1,70,4,2,1,65,45,3,61,31,0,,,,,,,3,0,10,0,4,0,2,0,2,0,4,2,35.642605555555555,139.5959613888889,6,3,,,,
1,30,328,84,2,0,1,30000,0,112,2019,2,24,21,55,22,,,,,1,1,1,14,7,0,23,0,23,3,9,1,70,5,3,1,75,0,61,0,0,0,,,,,,,0,0,0,0,0,0,0,0,0,0,2,0,35.6487725,139.60828972222222,1,3,,,,
1,30,328,85,2,0,1,10210,0,112,2019,2,26,8,15,12,,,,,2,1,1,14,7,0,23,0,23,4,9,1,70,4,1,1,1,55,51,61,0,0,,,,,,,0,0,10,0,3,0,0,0,0,0,2,4,35.635025,139.61507305555554,3,3,,,,
1,30,328,87,2,0,1,200,177,112,2019,2,27,20,50,22,,,,,3,1,2,14,7,0,23,0,23,3,9,1,70,4,2,1,35,35,34,61,31,0,,,,,,,4,0,10,0,3,0,0,0,0,0,4,2,35.67325361111111,139.60652055555556,4,3,,,,
1,30,329,36,2,0,1,30000,0,110,2019,2,12,10,35,12,,,,,1,1,1,14,7,0,23,0,23,3,9,1,70,5,3,1,35,65,17,61,31,0,,,,,,,2,0,10,0,4,0,2,0,2,0,4,2,35.63686944444444,139.69325111111112,3,3,,,,
1,30,329,37,2,0,1,30000,0,110,2019,1,11,11,50,12,,,,,1,1,1,14,7,0,23,0,23,4,9,1,70,5,3,1,35,25,13,61,31,0,,,,,,,1,0,30,0,4,0,2,0,2,0,4,2,35.641936666666666,139.697365,6,3,,,,
1,30,329,38,2,0,1,30000,0,110,2019,2,20,21,30,22,,,,,3,1,2,1,7,4,22,0,23,15,9,30,70,4,2,1,45,35,3,61,1,0,,,,,,,5,0,20,0,3,0,2,0,2,0,4,2,35.645655833333336,139.68719444444446,4,3,,,,
1,30,329,45,2,0,1,10080,0,110,2019,2,26,12,12,12,,,,,1,1,1,14,7,0,23,0,23,5,9,1,70,5,1,1,35,25,3,61,31,0,,,,,,,3,0,30,0,4,0,2,0,2,0,4,2,35.63404277777778,139.7141172222222,3,3,,,,
1,30,330,33,2,0,1,20210,0,110,2019,2,17,15,30,12,,,,,1,1,1,14,7,0,23,0,23,3,9,1,70,4,3,1,25,45,3,61,31,0,,,,,,,2,0,40,0,3,0,2,0,2,0,4,2,35.60772583333333,139.67087333333333,1,3,,,,
1,30,330,34,2,0,1,30000,0,110,2019,2,20,10,52,12,,,,,1,1,1,1,1,9,22,0,23,15,8,30,70,5,3,1,35,75,13,61,31,0,,,,,,,1,0,14,0,3,0,2,0,2,0,4,2,35.610981111111116,139.66689694444443,4,3,,,,
1,30,331,15,2,0,1,30220,0,113,2019,2,8,8,15,12,,,,,1,1,1,1,1,9,22,0,23,14,9,30,70,4,1,1,1,65,51,61,0,0,,,,,,,0,0,10,0,3,0,0,0,0,0,4,2,35.65955527777778,139.6993136111111,6,3,,,,
1,30,331,17,2,0,1,10090,0,113,2019,1,25,9,33,12,,,,,1,1,1,1,7,9,22,0,23,18,9,20,70,1,1,1,65,45,3,61,1,0,,,,,,,4,0,40,0,4,0,2,0,2,0,4,2,35.66234027777778,139.70227305555554,6,3,,,,
1,30,331,20,2,0,1,20240,0,113,2019,2,10,9,39,12,,,,,1,1,1,14,7,0,23,0,23,5,9,1,70,4,1,1,1,45,52,61,0,0,,,,,,,0,0,0,0,4,0,0,0,0,0,4,2,35.648737777777775,139.71116277777776,1,2,,,,
1,30,332,20,2,0,1,30000,0,113,2019,2,1,11,55,12,,,,,1,1,1,7,7,0,23,0,23,2,9,1,70,5,4,1,65,35,3,61,1,0,,,,,,,5,0,40,0,4,0,2,0,2,0,4,2,35.67124583333333,139.7081586111111,6,3,,,,
1,30,332,21,2,0,1,30000,0,113,2019,2,12,7,55,12,,,,,1,1,1,14,7,0,23,0,23,2,9,1,70,5,3,1,35,55,13,61,31,0,,,,,,,1,0,80,0,3,0,2,0,2,0,4,2,35.67133583333333,139.70425027777776,3,3,,,,
1,30,332,23,2,0,1,30000,0,113,2019,2,12,10,50,12,,,,,1,1,1,1,1,9,22,0,23,14,9,30,1,4,3,1,45,35,13,61,1,0,,,,,,,2,0,10,0,3,0,2,0,2,0,4,2,35.67671,139.7069236111111,3,3,,,,
1,30,332,24,2,0,1,10090,0,113,2019,2,26,20,0,22,,,,,1,1,1,1,1,9,22,0,23,17,9,30,70,1,1,1,35,35,51,61,0,0,,,,,,,0,0,0,0,4,0,0,0,0,0,4,2,35.67824722222222,139.7057011111111,3,3,,,,
1,30,333,28,2,0,1,30000,0,113,2019,2,6,9,10,12,,,,,3,1,2,14,7,0,23,0,23,2,9,1,70,5,4,1,65,1,51,61,0,0,,,,,,,0,0,10,0,4,0,0,0,0,0,4,2,35.6729975,139.67983999999998,4,3,,,,
1,30,333,30,2,0,1,30000,0,113,2019,2,7,7,0,11,,,,,1,1,1,7,7,0,23,0,23,2,9,1,70,5,4,1,45,55,13,61,31,0,,,,,,,10,0,40,0,3,0,2,0,2,0,4,2,35.68049972222222,139.66932305555554,5,3,,,,
1,30,333,33,2,0,2,20270,0,113,2019,2,12,1,35,22,,,,,1,1,1,14,7,0,23,0,23,1,9,1,70,4,2,1,45,35,3,61,31,0,,,,,,,4,0,14,0,3,0,2,0,2,0,4,2,35.66705694444444,139.69239611111112,3,3,,,,
1,30,333,37,2,0,1,30000,0,113,2019,2,19,21,35,22,,,,,3,1,2,14,7,0,23,0,23,2,9,20,70,5,3,1,35,1,3,61,31,0,,,,,,,5,0,30,0,4,0,2,0,2,0,4,2,35.67518527777778,139.68443944444445,3,3,,,,
1,30,333,38,2,0,1,30000,0,113,2019,2,18,18,27,22,,,,,1,1,1,1,7,1,21,0,23,14,9,30,70,4,3,1,45,1,36,61,31,0,,,,,,,2,0,10,0,4,0,0,0,0,0,4,2,35.67621916666666,139.66492416666668,2,3,,,,
1,30,333,43,2,0,1,20270,0,113,2019,2,20,14,24,12,,,,,1,1,1,1,1,9,22,0,23,11,9,30,70,4,2,1,25,55,51,61,0,0,,,,,,,0,0,10,0,4,0,0,0,0,0,4,2,35.668275277777774,139.6793097222222,4,3,,,,
1,30,435,13,2,0,1,30000,0,104,2019,2,4,8,50,12,,,,,1,1,1,14,7,0,23,0,23,3,8,1,70,5,3,1,45,25,13,61,31,0,,,,,,,2,0,40,0,3,0,2,0,2,0,4,2,35.69325083333333,139.73471944444444,2,3,,,,
1,30,435,16,2,0,1,20000,0,104,2019,1,28,8,5,12,,,,,1,1,1,1,1,9,22,0,23,15,8,30,70,4,1,1,1,55,51,61,0,0,,,,,,,0,0,10,0,3,0,0,0,0,0,4,2,35.706853611111114,139.71620194444444,2,3,,,,
1,30,436,15,2,0,1,10090,0,104,2019,2,1,4,50,22,,,,,2,1,1,1,1,9,22,0,23,19,9,30,70,4,2,1,55,1,3,61,1,0,,,,,,,4,0,10,0,3,0,2,0,2,0,4,2,35.69795499999999,139.70767388888888,6,3,,,,
1,30,436,20,2,0,1,30000,0,104,2019,2,7,23,20,22,,,,,1,1,1,14,7,0,23,0,23,3,9,1,70,5,1,1,55,1,3,61,1,0,,,,,,,10,0,10,0,3,0,2,0,2,0,4,2,35.69679083333333,139.7041825,5,3,,,,
1,30,436,30,2,0,1,30000,0,104,2019,2,7,21,50,22,,,,,1,1,1,1,7,9,22,0,23,11,9,30,70,5,2,1,1,25,3,61,1,0,,,,,,,2,0,30,0,4,0,2,0,2,0,4,2,35.69541472222222,139.70281333333332,5,3,,,,
1,30,436,33,2,0,1,10240,0,104,2018,3,31,0,0,22,,,,,1,1,1,1,1,9,22,0,23,19,9,30,70,4,2,1,55,25,3,61,1,0,,,,,,,4,0,10,0,3,0,2,0,2,0,4,2,35.69372138888889,139.69478833333335,7,3,,,,
1,30,436,39,2,0,1,20000,0,104,2019,2,12,3,5,22,,,,,1,1,1,14,7,0,23,0,23,1,9,1,70,4,3,1,1,25,3,61,1,0,,,,,,,3,0,50,0,3,0,2,0,2,0,4,2,35.69496916666667,139.70466944444442,3,3,,,,
1,30,437,13,2,0,1,30000,0,104,2019,2,3,13,15,12,,,,,1,1,1,14,7,0,23,0,23,3,9,1,70,5,3,1,25,75,5,61,31,0,,,,,,,5,0,40,0,3,0,2,0,2,0,4,2,35.71602333333334,139.68645750000002,1,3,,,,
1,30,437,18,2,0,1,30000,0,104,2019,1,30,17,49,21,,,,,1,1,1,1,7,9,22,0,23,11,9,30,70,5,2,1,25,35,3,61,31,0,,,,,,,2,0,20,0,4,0,2,0,2,0,4,2,35.711488888888894,139.70428888888887,4,3,,,,
1,30,437,20,2,0,1,30000,0,104,2019,2,27,17,25,13,,,,,1,1,1,14,7,0,23,0,23,2,9,1,70,5,3,1,25,1,14,61,1,0,,,,,,,1,0,10,0,3,0,2,0,2,0,4,2,35.709878888888895,139.71288583333333,4,3,,,,
1,30,438,20,1,1,0,200,61,104,2019,2,15,19,40,22,,,,,1,1,1,1,1,9,22,0,23,17,9,30,70,5,1,1,45,75,12,61,31,0,,,,,,,10,0,10,0,3,0,2,0,2,0,4,1,35.687194166666664,139.72580833333333,6,3,,,,
1,30,438,21,2,0,1,21030,0,104,2019,1,30,2,20,22,,,,,1,1,1,7,7,0,23,0,23,1,9,1,1,5,1,1,55,25,3,61,1,0,,,,,,,2,0,40,0,4,0,2,0,2,0,4,2,35.69082222222222,139.71131,4,3,,,,
1,30,438,28,2,0,1,10090,0,104,2019,2,10,23,40,22,,,,,1,1,1,14,7,0,23,0,23,6,9,1,70,1,2,1,45,45,3,61,1,0,,,,,,,4,0,40,0,3,0,2,0,2,0,4,2,35.690585,139.70683722222222,1,2,,,,
1,30,438,29,2,0,1,20000,0,104,2019,2,22,15,15,12,,,,,1,1,1,14,1,0,23,0,23,6,9,1,70,1,2,1,25,1,51,61,0,0,,,,,,,0,0,10,0,3,0,0,0,0,0,4,2,35.69315972222222,139.707025,6,3,,,,
1,30,438,31,2,0,1,95000,0,104,2019,2,25,6,50,11,,,,,1,1,1,14,7,0,23,0,23,2,9,1,70,5,2,1,45,25,17,61,31,0,,,,,,,2,0,30,0,3,0,2,0,2,0,4,2,35.69040694444444,139.70429388888888,2,3,,,,
1,30,439,28,2,0,1,20280,0,114,2019,2,2,15,50,12,,,,,1,1,1,14,7,0,23,0,23,4,9,1,70,4,2,1,35,25,51,61,0,0,,,,,,,0,0,20,0,3,0,0,0,0,0,4,2,35.70439027777778,139.66537722222222,7,3,,,,
1,30,439,30,2,0,1,30000,0,114,2019,2,7,15,40,12,,,,,1,1,1,1,7,9,22,0,23,14,9,30,70,4,2,1,55,1,4,61,31,0,,,,,,,10,0,10,0,3,0,2,0,2,0,4,2,35.7034425,139.68568333333334,5,3,,,,
1,30,439,34,2,0,2,30000,0,114,2018,12,6,5,50,23,,,,,3,1,2,7,7,0,23,0,23,1,9,1,70,5,4,1,55,25,51,61,0,0,,,,,,,0,0,10,0,3,0,0,0,0,0,2,2,35.69078861111111,139.67102583333332,5,3,,,,
1,30,439,51,2,0,1,10220,0,114,2019,2,25,16,45,13,,,,,1,1,1,14,1,0,23,0,23,4,9,1,70,5,1,1,35,75,51,61,0,0,,,,,,,0,0,40,0,4,0,0,0,0,0,4,2,35.71015527777778,139.69307694444444,2,3,,,,
1,30,439,52,2,0,1,30000,0,114,2019,2,26,17,25,13,,,,,1,1,1,14,7,0,23,0,23,2,9,1,70,5,3,1,65,1,14,61,31,0,,,,,,,5,0,10,0,3,0,2,0,2,0,4,2,35.69561805555555,139.66135194444445,3,3,,,,
1,30,440,22,2,0,1,30000,0,114,2019,2,1,1,0,22,,,,,2,1,2,14,7,0,23,0,23,2,9,1,70,5,3,1,55,1,3,61,1,0,,,,,,,1,0,10,0,4,0,2,0,2,0,4,2,35.722972222222225,139.64414277777777,6,3,,,,
1,30,440,24,2,0,1,10250,0,114,2019,2,4,10,40,12,,,,,1,1,1,14,7,0,23,0,23,4,9,1,70,4,1,1,25,25,3,61,31,0,,,,,,,3,0,80,0,3,0,2,0,2,0,4,2,35.723820833333335,139.66429277777777,2,3,,,,
1,30,440,31,2,0,1,10130,0,114,2019,2,8,23,25,22,,,,,2,1,1,7,1,0,23,0,23,3,9,1,70,1,2,1,45,35,3,61,31,0,,,,,,,3,0,10,0,3,0,2,0,2,0,4,2,35.72274083333333,139.65390194444444,6,3,,,,
1,30,440,38,2,0,1,30000,0,114,2019,2,16,15,15,12,,,,,2,1,1,14,7,0,23,0,23,2,9,1,70,5,4,1,75,25,3,61,31,0,,,,,,,10,0,10,0,3,0,2,0,2,0,4,2,35.720172500000004,139.6689788888889,7,3,,,,
1,30,440,39,2,0,1,30000,0,114,2019,2,19,21,30,22,,,,,3,1,2,14,7,0,23,0,23,3,9,20,70,4,2,1,25,25,36,61,31,0,,,,,,,2,0,10,0,3,0,0,0,0,0,4,2,35.71544027777778,139.66520111111112,3,3,,,,
1,30,440,43,2,0,1,10250,0,114,2019,2,22,21,0,22,,,,,1,1,1,14,7,0,23,0,23,4,9,1,70,4,1,1,35,1,51,61,0,0,,,,,,,0,0,20,0,3,0,0,0,0,0,4,2,35.72369916666667,139.64973444444445,6,3,,,,
1,30,440,46,2,0,1,30000,0,114,2019,2,25,17,25,13,,,,,1,1,1,14,7,0,23,0,23,2,8,20,70,5,4,1,25,75,4,61,31,0,,,,,,,10,0,50,0,3,0,2,0,2,0,4,2,35.715161944444446,139.64296277777777,2,3,,,,
1,30,441,39,2,0,1,30000,0,115,2019,2,14,16,5,12,,,,,1,1,1,14,7,0,23,0,23,2,9,1,70,4,2,1,55,75,51,61,0,0,,,,,,,0,0,10,0,3,0,0,0,0,0,4,2,35.70308666666667,139.64915694444443,5,3,,,,
1,30,441,48,2,0,1,30000,0,115,2019,2,19,16,10,12,,,,,2,1,1,14,7,0,23,0,23,1,9,1,70,5,3,1,1,35,4,61,31,0,,,,,,,10,0,40,0,3,0,2,0,2,0,4,2,35.69434194444444,139.64773527777777,3,3,,,,
1,30,441,52,2,0,1,20500,0,115,2019,2,22,11,55,12,,,,,1,1,1,14,7,0,23,0,23,4,9,1,70,4,2,1,55,65,51,61,0,0,,,,,,,0,0,20,0,4,0,0,0,0,0,4,2,35.70204666666667,139.6360436111111,6,3,,,,
1,30,441,53,2,0,1,10240,0,115,2019,2,24,13,15,12,,,,,1,1,1,1,7,9,22,0,23,18,9,20,70,4,2,1,65,35,51,61,0,0,,,,,,,0,0,10,0,4,0,0,0,0,0,4,2,35.699506944444444,139.6356463888889,1,3,,,,
1,30,441,55,2,0,1,10130,0,115,2019,2,21,17,51,21,,,,,1,1,1,1,1,9,22,0,23,14,9,30,70,1,2,1,35,1,51,61,0,0,,,,,,,0,0,10,0,4,0,0,0,0,0,4,2,35.693548888888884,139.65420277777778,5,3,,,,
1,30,442,42,1,1,0,10200,0,115,2019,2,1,0,10,22,,,,,2,1,1,1,1,9,22,0,23,18,9,30,70,5,1,1,25,45,12,61,31,0,,,,,,,10,0,10,0,3,0,2,0,2,0,4,1,35.68887194444444,139.61614777777777,6,3,,,,
1,30,442,43,2,0,1,30000,0,115,2018,12,29,9,55,12,,,,,1,1,1,14,7,0,23,0,23,2,9,1,70,5,3,1,65,45,3,61,31,0,,,,,,,1,0,40,0,4,0,2,0,2,0,4,2,35.68816277777778,139.60849277777777,7,3,,,,
1,30,442,45,2,0,1,20270,0,115,2018,12,5,16,25,13,,,,,1,1,1,14,7,0,23,0,23,3,9,1,70,5,1,1,25,25,51,61,0,0,,,,,,,0,0,10,0,3,0,0,0,0,0,4,2,35.696261388888885,139.59554333333335,4,3,,,,
1,30,442,46,2,0,1,10270,0,115,2019,2,2,9,45,12,,,,,1,1,1,14,7,0,23,0,23,3,9,1,70,4,3,1,65,1,3,61,1,0,,,,,,,3,0,10,0,4,0,2,0,2,0,4,2,35.68810472222222,139.6076186111111,7,3,,,,
1,30,442,48,2,0,1,99000,0,115,2019,2,11,17,35,21,,,,,2,1,1,0,7,0,23,0,23,0,0,20,70,0,4,1,45,55,3,61,31,0,,,,,,,10,0,30,0,3,0,2,0,2,0,4,2,35.69998805555555,139.59442055555556,2,1,,,,
1,30,442,60,2,0,1,10270,0,115,2019,2,2,13,20,12,,,,,1,1,1,14,7,0,23,0,23,3,9,1,70,4,3,1,35,0,61,0,0,0,,,,,,,0,0,0,0,0,0,0,0,0,0,2,0,35.68798444444444,139.60880555555556,7,3,,,,
1,30,443,22,2,0,1,10240,0,115,2018,5,16,16,50,12,,,,,1,1,1,14,7,0,23,0,23,5,9,1,70,4,1,1,1,45,51,61,0,0,,,,,,,0,0,10,0,4,0,0,0,0,0,4,2,35.70745416666667,139.61584805555555,4,3,,,,
1,30,443,24,2,0,1,10200,0,115,2019,2,4,19,15,22,,,,,1,1,1,14,7,0,23,0,23,3,9,1,70,1,1,1,1,35,51,61,0,0,,,,,,,0,0,10,0,3,0,0,0,0,0,4,2,35.72692222222222,139.6142886111111,2,3,,,,
1,30,443,27,2,0,1,30000,0,115,2019,2,8,8,35,12,,,,,1,1,1,1,1,9,22,0,23,15,9,30,70,5,1,1,55,1,3,61,31,0,,,,,,,2,0,50,0,4,0,2,0,2,0,4,2,35.704970833333334,139.60534055555556,6,3,,,,
1,30,443,29,2,0,1,30000,0,115,2019,2,12,16,0,12,,,,,1,1,1,1,7,9,22,0,23,14,9,30,70,4,3,1,1,1,3,61,31,0,,,,,,,2,0,40,0,4,0,2,0,2,0,4,2,35.70998027777778,139.61976972222223,3,3,,,,
1,30,443,32,2,0,1,30000,0,115,2019,2,22,8,10,12,,,,,1,1,1,1,7,9,22,0,23,14,9,30,70,5,1,1,65,1,1,61,31,0,,,,,,,2,0,10,0,4,0,2,0,2,0,4,2,35.72724277777778,139.6195702777778,6,3,,,,
1,30,443,44,2,0,1,30000,0,115,2019,2,23,13,30,12,,,,,1,1,1,1,7,9,22,0,23,11,9,30,70,5,1,1,1,55,51,61,0,0,,,,,,,0,0,10,0,4,0,0,0,0,0,4,2,35.71106777777778,139.61216222222222,7,3,,,,
1,30,545,15,2,0,1,30000,0,105,2019,2,14,22,35,22,,,,,1,1,1,1,7,9,22,0,23,11,9,30,70,5,3,1,45,45,4,61,31,0,,,,,,,1,0,10,0,4,0,2,0,2,0,4,2,35.72455055555556,139.7469686111111,5,3,,,,
1,30,545,17,2,0,1,20370,0,105,2019,2,19,15,25,12,,,,,2,1,1,1,1,9,22,0,23,14,9,30,70,4,2,1,45,1,4,61,31,0,,,,,,,3,0,10,0,3,0,2,0,2,0,4,2,35.72616555555556,139.74122916666664,3,3,,,,
1,30,545,21,2,0,1,10100,0,105,2019,2,24,17,18,13,,,,,1,1,1,1,1,9,22,0,23,19,9,30,70,1,2,1,45,65,3,61,31,0,,,,,,,5,0,10,0,3,0,2,0,2,0,4,2,35.72876166666667,139.7436875,1,3,,,,
1,30,546,13,2,0,1,10010,0,105,2019,2,2,12,55,12,,,,,1,1,1,1,7,9,22,0,23,15,9,30,70,4,1,1,55,65,3,61,1,0,,,,,,,4,0,50,0,4,0,2,0,2,0,4,2,35.712990833333336,139.72675527777778,7,3,,,,
1,30,546,14,2,0,1,2540,31,105,2018,11,12,10,20,12,,,,,1,1,1,14,7,0,23,0,23,5,9,1,70,4,2,1,1,35,59,61,0,0,,,,,,,0,0,10,0,3,0,0,0,0,0,4,2,35.720336111111116,139.7327213888889,2,3,,,,
1,30,546,16,2,0,1,2540,32,105,2019,2,14,0,50,22,,,,,2,1,1,1,1,9,22,0,23,19,9,30,70,4,1,1,55,1,3,61,1,0,,,,,,,4,0,20,0,4,0,2,0,2,0,4,2,35.7213275,139.73197944444445,5,3,,,,
1,30,546,18,2,0,1,30000,0,105,2019,1,31,1,20,22,,,,,1,1,1,14,7,0,23,0,23,1,9,1,70,5,3,1,55,45,3,61,1,0,,,,,,,1,0,40,0,4,0,2,0,2,0,4,2,35.725032500000005,139.72267277777777,5,3,,,,
1,30,547,9,2,0,1,20390,0,105,2019,2,22,21,25,22,,,,,1,1,1,14,1,0,23,0,23,4,9,1,70,4,1,1,75,35,3,61,1,0,,,,,,,5,0,10,0,3,0,2,0,2,0,4,2,35.70824666666667,139.7707738888889,6,3,,,,
1,30,547,10,2,0,1,10100,0,105,2019,2,27,0,22,22,,,,,1,1,1,1,1,9,22,0,23,19,9,30,70,1,2,1,55,25,17,61,31,0,,,,,,,5,0,40,0,4,0,2,0,2,0,4,2,35.71102555555556,139.7529152777778,4,3,,,,
1,30,548,9,2,0,1,20000,0,105,2019,2,16,8,30,12,,,,,1,1,1,14,7,0,23,0,23,3,9,1,70,5,1,1,75,75,51,61,0,0,,,,,,,0,0,0,0,4,0,0,0,0,0,4,2,35.723327222222224,139.75446,7,3,,,,
1,30,548,14,2,0,1,170,51,105,2019,2,24,17,45,21,,,,,1,1,1,14,7,0,23,0,23,3,8,1,70,4,1,1,35,25,51,61,0,0,,,,,,,0,0,40,0,3,0,0,0,0,0,4,2,35.72282083333334,139.75263166666667,1,3,,,,
1,30,550,17,2,0,1,30000,0,116,2019,2,14,18,25,22,,,,,1,1,1,14,7,0,23,0,23,2,9,1,70,5,2,1,55,45,51,61,0,0,,,,,,,0,0,10,0,3,0,0,0,0,0,4,2,35.73036611111111,139.71000388888888,5,3,,,,
1,30,550,18,2,0,1,30000,0,116,2019,2,9,22,39,22,,,,,5,1,2,7,7,0,23,0,23,3,9,1,70,5,3,1,35,25,3,61,31,0,,,,,,,10,0,20,0,3,0,2,0,2,0,4,2,35.73295,139.71464944444443,7,3,,,,
1,30,550,19,2,0,1,30000,0,116,2019,2,16,1,5,22,,,,,2,1,1,7,1,0,23,0,23,4,9,1,70,5,1,1,45,35,3,61,1,0,,,,,,,3,0,40,0,3,0,2,0,2,0,4,2,35.73102527777778,139.7094536111111,7,3,,,,
1,30,551,34,2,0,1,30000,0,116,2019,1,30,18,40,22,,,,,1,1,1,14,7,0,23,0,23,2,9,1,70,5,3,1,75,75,51,61,0,0,,,,,,,0,0,40,0,4,0,0,0,0,0,4,2,35.72873388888889,139.68270666666666,4,3,,,,
1,30,551,38,2,0,1,30000,0,116,2019,2,17,18,5,21,,,,,1,1,1,14,7,0,23,0,23,1,9,1,70,5,3,1,25,35,3,61,31,0,,,,,,,10,0,40,0,3,0,2,0,2,0,4,2,35.72661305555556,139.71327083333333,1,3,,,,
1,30,552,14,2,0,1,30000,0,117,2019,2,1,11,25,12,,,,,1,1,1,1,7,9,22,0,23,11,9,30,70,5,4,1,65,35,51,61,0,0,,,,,,,0,0,10,0,3,0,0,0,0,0,2,4,35.74990638888889,139.7367483333333,6,3,,,,
1,30,552,25,2,0,1,30000,0,117,2019,2,21,22,10,22,,,,,1,1,1,1,7,9,22,0,23,17,9,30,70,5,1,1,65,1,3,61,1,0,,,,,,,2,0,10,0,3,0,2,0,2,0,4,2,35.7431375,139.761835,5,3,,,,
1,30,553,13,2,0,1,30000,0,117,2019,2,16,11,55,12,,,,,1,1,1,7,1,0,23,0,23,3,9,1,70,4,1,1,75,45,3,61,31,0,,,,,,,3,0,10,0,4,0,2,0,2,0,4,2,35.75394527777778,139.72186638888888,7,3,,,,
1,30,553,14,2,0,1,30000,0,117,2019,2,27,14,5,12,,,,,2,1,1,1,7,9,22,0,23,14,9,30,70,4,1,1,35,1,13,61,31,0,,,,,,,2,0,10,0,3,0,2,0,2,0,4,2,35.75408111111111,139.7459975,4,3,,,,
1,30,554,15,2,0,1,30000,0,117,2019,2,1,18,19,22,,,,,1,1,1,1,7,1,22,0,23,15,9,30,70,5,3,1,55,55,14,61,31,0,,,,,,,2,0,10,0,3,0,2,0,2,0,4,2,35.77643027777778,139.72887777777777,6,3,,,,
1,30,554,17,2,0,1,30000,0,117,2019,2,5,14,40,12,,,,,2,1,1,14,7,0,23,0,23,3,9,1,70,5,3,1,55,75,3,61,1,0,,,,,,,2,0,40,0,4,0,2,0,2,0,4,2,35.76985583333333,139.71447333333333,3,3,,,,
1,30,554,20,2,0,1,1220,0,117,2019,2,18,16,45,13,,,,,1,1,1,14,7,0,23,0,23,5,9,1,70,1,2,1,25,25,14,61,31,0,,,,,,,10,0,20,0,3,0,2,0,2,0,4,2,35.78011722222222,139.73050166666667,2,3,,,,
1,30,554,22,2,0,1,30000,0,117,2019,2,20,10,25,12,,,,,1,1,1,1,7,9,22,0,23,11,9,30,70,4,1,1,75,65,3,61,31,0,,,,,,,10,0,50,0,3,0,2,0,2,0,4,2,35.78637055555556,139.70927638888887,4,3,,,,
1,30,554,25,2,0,1,30000,0,117,2019,2,28,18,30,21,,,,,3,1,2,14,7,0,23,0,23,2,9,1,70,5,1,1,45,65,4,61,31,0,,,,,,,10,0,10,0,3,0,2,0,2,0,4,2,35.77727194444444,139.72508833333333,5,3,,,,
1,30,555,59,2,0,1,2540,66,119,2019,2,1,20,50,22,,,,,1,1,1,1,1,9,22,0,23,19,9,30,70,1,2,1,55,1,3,61,31,0,,,,,,,5,0,40,0,4,0,2,0,2,0,4,2,35.74134333333333,139.70655888888888,6,3,,,,
1,30,555,64,2,0,1,30000,0,119,2019,2,7,20,24,22,,,,,1,1,1,1,1,9,22,0,23,15,9,30,70,4,2,1,25,35,3,61,31,0,,,,,,,2,0,10,0,4,0,2,0,2,0,4,2,35.75915555555556,139.685305,5,3,,,,
1,30,555,65,2,0,1,30000,0,119,2019,2,7,15,35,12,,,,,1,1,1,7,1,0,23,0,23,4,9,1,1,4,2,1,45,75,3,61,31,0,,,,,,,2,0,10,0,3,0,2,0,2,0,4,2,35.75035694444444,139.6867638888889,5,3,,,,
1,30,555,68,2,0,1,2540,83,119,2019,2,10,17,13,13,,,,,1,1,1,1,8,9,22,0,23,17,8,30,70,1,2,1,25,65,51,61,0,0,,,,,,,0,0,10,0,3,0,0,0,0,0,4,2,35.75210916666666,139.692335,1,2,,,,
1,30,555,73,2,0,1,30000,0,119,2019,1,24,17,5,21,,,,,1,1,1,1,7,1,21,0,23,17,9,30,70,5,1,1,65,25,3,61,31,0,,,,,,,10,0,10,0,4,0,2,0,2,0,4,2,35.7527725,139.70834194444444,5,3,,,,