資料区分,都道府県コード,警察署等コード,本票番号,事故内容,死者数,負傷者数,路線コード,地点コード,市区町村コード,発生日時　　年,発生日時　　月,発生日時　　日,発生日時　　時,発生日時　　分,昼夜,日の出時刻　　時,日の出時刻　　分,日の入り時刻　　時,日の入り時刻　　分,天候,地形,路面状態,道路形状,信号機,一時停止規制　標識（当事者A）,一時停止規制　表示（当事者A）,一時停止規制　標識（当事者B）,一時停止規制　表示（当事者B）,車道幅員,道路線形,衝突地点,ゾーン規制,中央分離帯施設等,歩車道区分,事故類型,年齢（当事者A）,年齢（当事者B）,当事者種別（当事者A）,当事者種別（当事者B）,用途別（当事者A）,用途別（当事者B）,車両形状等（当事者A）,車両形状等（当事者B）,オートマチック車（当事者A）,オートマチック車（当事者B）,サポカー（当事者A）,サポカー（当事者B）,速度規制（指定のみ）（当事者A）,速度規制（指定のみ）（当事者B）,車両の衝突部位（当事者A）,車両の衝突部位（当事者B）,車両の損壊程度（当事者A）,車両の損壊程度（当事者B）,エアバッグの装備（当事者A）,エアバッグの装備（当事者B）,サイドエアバッグの装備（当事者A）,サイドエアバッグの装備（当事者B）,人身損傷程度（当事者A）,人身損傷程度（当事者B）,lat,lon,曜日(発生年月日),祝日(発生年月日),認知機能検査経過日数（当事者A）,認知機能検査経過日数（当事者B）,運転練習の方法（当事者A）,運転練習の方法（当事者B）
1,30,556,25,2,0,1,170,130,119,2018,11,17,12,10,12,,,,,1,1,1,14,7,0,23,0,23,6,9,1,70,4,1,1,55,75,51,61,0,0,,,,,,,0,0,0,0,3,0,0,0,0,0,4,2,35.77339694444444,139.69826833333335,7,3,,,,
1,30,556,37,2,0,1,20000,0,119,2019,2,18,20,20,22,,,,,1,1,1,1,1,9,22,0,23,15,9,30,70,4,2,1,45,45,3,61,31,0,,,,,,,3,0,80,0,4,0,2,0,2,0,4,2,35.79257277777778,139.6911286111111,2,3,,,,
1,30,557,37,2,0,1,30000,0,120,2019,2,2,14,25,12,,,,,1,1,1,14,7,0,23,0,23,2,9,1,70,5,3,1,25,1,3,61,31,0,,,,,,,10,0,40,0,4,0,2,0,2,0,4,2,35.74092805555556,139.64174444444444,7,3,,,,
1,30,557,49,2,0,1,30000,0,120,2019,2,15,14,55,12,,,,,2,1,1,14,7,0,23,0,23,3,9,1,70,4,2,1,35,55,3,61,31,0,,,,,,,3,0,40,0,3,0,2,0,2,0,4,2,35.75469472222222,139.6675138888889,6,3,,,,
1,30,557,55,2,0,1,20430,0,120,2019,2,13,8,40,12,,,,,1,1,1,1,1,9,22,0,23,15,9,30,70,4,2,1,45,25,13,61,1,0,,,,,,,2,0,40,0,3,0,2,0,2,0,4,2,35.73806944444445,139.66117944444446,4,3,,,,
1,30,558,31,2,0,1,10250,0,120,2018,12,13,8,55,12,,,,,2,1,1,14,7,0,23,0,23,2,7,1,70,5,4,1,65,45,4,61,31,0,,,,,,,5,0,10,0,4,0,2,0,2,0,4,2,35.73063944444445,139.5906325,5,3,,,,
1,30,558,41,2,0,1,30000,0,120,2019,2,1,11,5,12,,,,,1,1,1,14,7,0,23,0,23,3,9,1,70,4,3,1,75,25,3,61,31,0,,,,,,,2,0,10,0,4,0,2,0,2,0,4,2,35.762095,139.59747555555558,6,3,,,,
1,30,558,44,2,0,1,30000,0,120,2019,2,12,5,30,22,,,,,2,1,1,14,7,0,23,0,23,2,9,1,70,5,3,1,45,1,3,61,1,0,,,,,,,2,0,30,0,3,0,2,0,2,0,4,2,35.77123527777778,139.58633944444446,3,3,,,,
1,30,558,46,2,0,1,95000,0,120,2019,2,15,0,10,22,,,,,1,1,1,1,7,9,22,0,23,14,9,20,70,4,2,1,45,75,3,61,31,0,,,,,,,3,0,10,0,3,0,2,0,2,0,4,2,35.773874444444445,139.5903988888889,6,3,,,,
1,30,558,49,2,0,1,30000,0,120,2019,2,12,11,55,12,,,,,1,1,1,1,7,1,21,0,23,14,9,20,70,5,3,1,35,75,14,61,1,0,,,,,,,10,0,40,0,4,0,2,0,2,0,4,2,35.72844416666667,139.58655833333333,3,3,,,,
1,30,558,51,2,0,1,30000,0,120,2019,2,20,9,32,12,,,,,1,1,1,14,7,0,23,0,23,3,7,1,70,5,3,1,35,55,1,61,1,0,,,,,,,2,0,10,0,2,0,2,0,2,0,4,2,35.729308611111115,139.57772833333334,4,3,,,,
1,30,558,53,2,0,1,30000,0,120,2019,2,21,10,20,12,,,,,1,1,1,7,7,0,23,0,23,1,9,1,70,5,3,1,55,75,3,61,31,0,,,,,,,2,0,10,0,4,0,2,0,2,0,4,2,35.74824388888889,139.58361000000002,5,3,,,,
1,30,558,57,2,0,1,30000,0,120,2019,2,8,16,35,13,,,,,1,1,1,1,7,1,22,0,23,11,9,30,70,5,3,1,55,35,3,61,31,0,,,,,,,2,0,40,0,4,0,2,0,2,0,4,2,35.75695638888889,139.59320083333336,6,3,,,,
1,30,559,30,2,0,1,30000,0,119,2019,2,4,19,35,22,,,,,1,1,1,1,7,9,22,0,23,14,9,30,70,4,2,1,35,75,17,61,31,0,,,,,,,3,0,10,0,3,0,2,0,2,0,4,2,35.77739944444444,139.63368444444444,2,3,,,,
1,30,559,41,2,0,1,30000,0,119,2019,2,17,15,20,12,,,,,1,1,1,1,7,9,22,0,23,14,9,20,70,5,3,1,35,25,35,61,31,0,,,,,,,2,0,10,0,3,0,0,0,0,0,4,2,35.77863694444444,139.63023944444444,1,3,,,,
1,30,559,42,2,0,1,30000,0,119,2019,2,21,8,15,12,,,,,1,1,1,1,1,1,21,0,23,14,9,30,70,5,2,1,65,75,13,61,31,0,,,,,,,2,0,50,0,3,0,2,0,2,0,4,2,35.79095861111111,139.66359916666667,5,3,,,,
1,30,559,46,2,0,1,30000,0,119,2019,2,27,21,49,22,,,,,3,1,2,7,7,0,23,0,23,2,9,1,70,4,3,1,25,35,3,61,31,0,,,,,,,2,0,10,0,3,0,2,0,2,0,4,2,35.78032361111111,139.64707027777777,4,3,,,,
1,30,560,47,2,0,1,10320,0,120,2019,2,9,21,0,22,,,,,5,1,2,1,1,9,22,0,23,15,9,30,70,4,2,1,25,35,3,61,31,0,,,,,,,3,0,20,0,4,0,2,0,2,0,4,2,35.74854166666667,139.61661666666666,7,3,,,,
1,30,560,72,2,0,1,20510,0,120,2019,2,28,18,5,21,,,,,3,1,2,1,1,9,22,0,23,18,9,30,70,1,2,1,35,55,35,61,31,0,,,,,,,4,0,10,0,3,0,0,0,0,0,4,2,35.7459275,139.61711861111112,5,3,,,,
1,30,660,30,2,0,1,20370,0,106,2019,1,28,20,40,22,,,,,2,1,1,14,7,0,23,0,23,3,9,1,70,5,2,1,65,45,3,61,1,0,,,,,,,3,0,40,0,4,0,2,0,2,0,4,2,35.71320194444445,139.7683636111111,2,3,,,,
1,30,660,34,2,0,1,20070,0,106,2019,2,10,15,15,12,,,,,1,1,1,1,8,9,21,0,23,18,9,30,70,5,1,1,65,55,3,61,1,0,,,,,,,5,0,40,0,3,0,1,0,1,0,4,2,35.71181722222222,139.77515027777778,1,2,,,,
1,30,660,35,2,0,1,30000,0,106,2019,2,14,9,15,12,,,,,1,1,1,7,7,0,23,0,23,2,9,1,70,5,4,1,45,25,14,61,1,0,,,,,,,2,0,40,0,3,0,2,0,2,0,4,2,35.710391944444446,139.7748163888889,5,3,,,,
1,30,660,41,2,0,1,30000,0,106,2019,2,20,20,30,22,,,,,3,1,2,7,7,0,23,0,23,3,9,1,70,5,2,1,1,45,51,61,0,0,,,,,,,0,0,10,0,3,0,0,0,0,0,4,2,35.7150125,139.77882861111112,4,3,,,,
1,30,660,45,2,0,1,30000,0,106,2019,2,22,18,10,21,,,,,1,1,1,14,7,0,23,0,23,3,9,1,70,5,2,1,25,55,3,61,1,0,,,,,,,2,0,10,0,3,0,2,0,2,0,4,2,35.71231388888889,139.77492527777778,6,3,,,,
1,30,660,48,2,0,1,30000,0,106,2019,2,24,20,50,22,,,,,1,1,1,1,7,9,22,0,23,15,9,30,70,5,2,1,75,55,3,61,31,0,,,,,,,2,0,20,0,3,0,2,0,2,0,4,2,35.70559388888889,139.77903944444446,1,3,,,,
1,30,661,11,2,0,1,30000,0,106,2019,2,1,23,22,22,,,,,1,1,1,14,7,0,23,0,23,3,9,1,70,4,2,1,65,1,3,61,1,0,,,,,,,2,0,10,0,3,0,2,0,2,0,4,2,35.72016361111111,139.77931750000002,6,3,,,,
1,30,661,19,2,0,2,30000,0,106,2019,2,20,14,48,12,,,,,1,1,1,1,1,0,23,0,23,15,9,30,70,4,3,1,1,0,61,0,0,0,,,,,,,0,0,0,0,0,0,0,0,0,0,2,0,35.724835,139.7819127777778,4,3,,,,
1,30,663,7,2,0,1,30000,0,106,2019,2,8,3,36,22,,,,,1,1,1,1,7,9,22,0,23,11,9,30,70,5,2,1,35,55,3,61,1,0,,,,,,,2,0,10,0,3,0,2,0,2,0,4,2,35.69744333333333,139.7854236111111,6,3,,,,
1,30,663,14,2,0,1,20540,0,106,2019,2,27,21,15,22,,,,,3,1,2,1,1,9,22,0,23,18,9,30,70,4,2,1,75,35,3,61,1,0,,,,,,,3,0,10,0,4,0,2,0,2,0,4,2,35.70509694444445,139.78162972222225,4,3,,,,
1,30,664,9,2,0,1,30000,0,118,2018,8,6,10,10,12,,,,,1,1,1,1,7,9,22,0,23,11,9,30,70,5,3,1,45,65,13,61,31,0,,,,,,,2,0,20,0,3,0,2,0,2,0,4,2,35.74253638888889,139.76681194444447,2,3,,,,
1,30,664,12,2,0,1,30000,0,118,2019,2,9,10,40,12,,,,,3,1,2,14,7,0,23,0,23,3,9,1,70,5,4,1,1,1,51,61,0,0,,,,,,,0,0,10,0,4,0,0,0,0,0,4,2,35.74917388888889,139.75493194444445,7,3,,,,
1,30,665,9,2,0,1,30000,0,118,2019,2,4,16,45,13,,,,,1,1,1,14,7,0,23,0,23,3,9,1,70,4,2,1,55,55,35,61,31,0,,,,,,,2,0,10,0,3,0,0,0,0,0,4,2,35.730914722222224,139.8024188888889,2,3,,,,
1,30,666,27,2,0,1,10340,0,118,2019,2,17,15,25,12,,,,,2,1,1,1,1,9,22,0,23,15,9,30,70,4,1,1,45,1,4,61,31,0,,,,,,,3,0,40,0,4,0,2,0,2,0,4,2,35.74981888888889,139.7851736111111,1,3,,,,
1,30,667,22,2,0,1,30390,0,121,2019,2,8,11,22,12,,,,,2,1,1,1,1,0,23,0,23,15,8,30,1,4,2,1,1,0,61,0,0,0,,,,,,,0,0,0,0,0,0,0,0,0,0,2,0,35.75089972222222,139.8006977777778,6,3,,,,
1,30,667,30,2,0,1,30000,0,121,2019,2,25,4,47,22,,,,,2,1,1,7,7,0,23,0,23,3,9,1,70,4,2,1,55,55,12,61,31,0,,,,,,,2,0,40,0,3,0,2,0,2,0,4,2,35.74695666666667,139.8038975,2,3,,,,
1,30,668,58,2,0,1,30000,0,121,2019,2,3,20,40,22,,,,,2,1,1,14,7,0,23,0,23,3,9,1,70,4,3,1,35,65,3,61,31,0,,,,,,,10,0,10,0,2,0,2,0,2,0,4,2,35.776738055555555,139.80224611111112,1,3,,,,
1,30,668,61,2,0,1,10130,0,121,2019,2,6,19,28,22,,,,,2,1,1,1,1,9,22,0,23,18,9,30,70,4,2,1,35,55,4,61,31,0,,,,,,,4,0,10,0,3,0,2,0,2,0,4,2,35.77832055555555,139.75614194444444,4,3,,,,
1,30,668,72,2,0,1,30790,0,121,2019,2,14,15,25,12,,,,,1,1,1,1,7,9,22,0,23,11,9,20,70,4,1,1,55,75,3,61,31,0,,,,,,,2,0,10,0,3,0,2,0,2,0,4,2,35.77621722222222,139.78183305555558,5,3,,,,
1,30,668,77,2,0,1,95000,0,121,2019,2,4,9,0,12,,,,,1,1,1,14,7,0,23,0,23,2,9,1,70,5,4,1,1,25,51,61,0,0,,,,,,,0,0,10,0,4,0,0,0,0,0,4,2,35.754845555555555,139.76127555555556,2,3,,,,
1,30,669,51,2,0,1,10360,0,121,2019,2,3,20,0,22,,,,,1,1,1,1,1,9,22,0,23,15,9,30,70,4,2,1,35,35,3,61,31,0,,,,,,,2,0,10,0,4,0,2,0,2,0,4,2,35.75774638888889,139.8285961111111,1,3,,,,
1,30,669,54,2,0,1,30000,0,121,2019,2,2,15,10,12,,,,,1,1,1,1,1,9,22,0,23,15,9,30,70,4,2,1,35,55,13,61,31,0,,,,,,,3,0,10,0,3,0,2,0,2,0,4,2,35.781484999999996,139.83950222222222,7,3,,,,
1,30,669,70,2,0,1,30000,0,121,2019,2,15,7,46,12,,,,,2,1,1,14,7,0,23,0,23,1,9,1,70,5,2,1,45,1,51,61,0,0,,,,,,,0,0,10,0,3,0,0,0,0,0,4,2,35.77201888888889,139.82043861111111,6,3,,,,
1,30,669,78,2,0,1,30000,0,121,2019,2,19,17,15,13,,,,,2,1,1,14,7,0,23,0,23,3,9,1,70,4,2,1,25,1,36,61,31,0,,,,,,,2,0,20,0,3,0,0,0,0,0,4,2,35.774094444444444,139.83795777777777,3,3,,,,
1,30,669,82,2,0,1,30000,0,121,2019,2,20,23,0,22,,,,,3,1,1,1,7,0,23,0,23,15,9,30,70,4,1,1,25,0,61,0,0,0,,,,,,,0,0,0,0,0,0,0,0,0,0,2,0,35.77960972222222,139.82120749999999,4,3,,,,
1,30,669,84,2,0,1,30000,0,121,2019,2,22,17,35,21,,,,,2,1,1,14,7,0,23,0,23,2,9,1,70,4,2,1,45,35,51,61,0,0,,,,,,,0,0,20,0,4,0,0,0,0,0,4,2,35.76931916666667,139.82758555555554,6,3,,,,
1,30,669,88,2,0,1,20000,0,121,2019,2,26,14,50,12,,,,,1,1,1,7,1,0,23,0,23,3,9,1,70,4,1,1,35,75,51,61,0,0,,,,,,,0,0,10,0,3,0,0,0,0,0,4,2,35.76261138888889,139.82678444444443,3,3,,,,
1,30,669,91,2,0,1,30000,0,121,2019,2,27,3,30,22,,,,,1,1,1,1,7,1,22,0,23,14,9,30,70,4,3,1,35,75,51,61,0,0,,,,,,,0,0,0,0,4,0,0,0,0,0,4,2,35.771226666666664,139.81651555555555,4,3,,,,
1,30,670,37,2,0,1,30000,0,121,2019,2,1,15,30,12,,,,,1,1,1,1,1,9,22,0,23,15,9,30,70,4,2,1,45,75,4,61,31,0,,,,,,,2,0,40,0,3,0,2,0,2,0,4,2,35.80661805555555,139.81085388888891,6,3,,,,
1,30,670,41,2,0,2,30000,0,121,2019,2,4,18,5,21,,,,,1,1,1,14,7,0,23,0,23,2,9,1,70,5,2,1,55,1,35,61,31,0,,,,,,,10,0,10,0,3,0,0,0,0,0,4,2,35.803060277777774,139.80726333333334,2,3,,,,
1,30,670,42,2,0,2,99000,0,121,2019,2,5,17,30,21,,,,,1,1,1,0,7,0,23,0,23,0,0,20,70,0,4,1,35,35,3,61,31,0,,,,,,,10,0,33,0,3,0,2,0,2,0,4,2,35.80117194444444,139.78742111111112,3,3,,,,
1,30,670,59,2,0,1,30000,0,121,2019,2,20,14,41,12,,,,,1,1,1,14,7,0,23,0,23,4,9,1,70,4,2,1,35,1,3,61,31,0,,,,,,,3,0,10,0,3,0,2,0,2,0,4,2,35.7955475,139.80682555555558,4,3,,,,
1,30,670,62,2,0,1,30000,0,121,2019,2,20,17,20,13,,,,,2,1,1,14,7,0,23,0,23,2,9,1,70,5,4,1,65,1,3,61,31,0,,,,,,,10,0,80,0,4,0,2,0,2,0,4,2,35.81012888888888,139.77737194444447,4,3,,,,
1,30,670,65,2,0,1,30000,0,121,2019,2,23,15,10,12,,,,,1,1,1,14,7,0,23,0,23,3,9,1,70,5,3,1,1,1,36,61,31,0,,,,,,,2,0,10,0,3,0,0,0,0,0,4,2,35.80525222222222,139.76569333333333,7,3,,,,
1,30,670,66,2,0,1,30000,0,121,2019,2,27,11,10,12,,,,,2,1,1,1,1,9,22,0,23,15,9,30,70,5,3,1,65,75,13,61,31,0,,,,,,,2,0,10,0,4,0,2,0,2,0,4,2,35.79286194444444,139.8086013888889,4,3,,,,
1,30,771,39,2,0,1,10040,0,108,2019,2,3,8,28,12,,,,,1,1,1,1,1,9,22,0,23,18,9,30,70,3,2,1,55,65,12,61,31,0,,,,,,,5,0,80,0,3,0,2,0,2,0,4,2,35.675124999999994,139.78984833333334,1,3,,,,
1,30,771,53,2,0,1,30000,0,108,2019,2,12,8,5,12,,,,,1,1,1,1,7,1,21,0,23,11,9,30,70,5,4,1,35,1,3,61,31,0,,,,,,,2,0,40,0,3,0,2,0,2,0,4,2,35.66449222222222,139.81424111111113,3,3,,,,
1,30,771,56,2,0,1,10040,0,108,2019,2,19,19,50,22,,,,,3,1,2,14,1,0,23,0,23,5,9,1,70,4,2,1,35,35,51,61,0,0,,,,,,,0,0,10,0,3,0,0,0,0,0,4,2,35.66941833333333,139.81423555555557,3,3,,,,
1,30,772,36,1,1,0,30000,0,108,2019,2,12,18,25,22,,,,,2,1,1,1,7,1,21,0,23,14,9,30,70,5,3,1,45,55,13,61,31,0,,,,,,,10,0,80,0,3,0,2,0,2,0,4,1,35.675555833333334,139.832835,3,3,,,,
1,30,772,41,2,0,1,140,71,108,2019,2,6,2,16,22,,,,,2,1,1,1,1,9,22,0,23,19,9,30,70,1,1,1,45,65,3,61,31,0,,,,,,,10,0,10,0,2,0,2,0,2,0,4,2,35.69754833333333,139.84284722222222,4,3,,,,
1,30,772,43,2,0,1,30000,0,108,2019,2,10,16,20,13,,,,,1,1,1,1,7,9,22,0,23,11,9,30,70,5,3,1,45,1,3,61,31,0,,,,,,,3,0,10,0,3,0,2,0,2,0,4,2,35.69821916666666,139.82648,1,2,,,,
1,30,772,51,2,0,1,20650,0,108,2019,2,15,22,21,22,,,,,2,1,1,14,7,0,23,0,23,5,9,20,70,4,2,1,25,1,34,61,31,0,,,,,,,5,0,10,0,3,0,0,0,0,0,4,2,35.69151972222222,139.8353213888889,6,3,,,,
1,30,772,55,2,0,1,30000,0,108,2019,2,19,14,45,12,,,,,2,1,1,1,7,9,22,0,23,11,9,30,70,5,2,1,45,1,3,61,31,0,,,,,,,10,0,10,0,3,0,2,0,2,0,4,2,35.695967499999995,139.8236897222222,3,3,,,,
1,30,772,56,2,0,1,30000,0,108,2019,2,21,13,55,12,,,,,1,1,1,1,1,9,22,0,23,18,9,30,70,4,3,1,25,75,17,61,31,0,,,,,,,3,0,10,0,3,0,2,0,2,0,4,2,35.68423444444444,139.8347913888889,5,3,,,,
1,30,774,23,2,0,1,21190,0,107,2019,1,30,13,40,12,,,,,1,1,1,1,7,9,22,0,23,14,9,30,70,4,1,1,75,55,51,61,0,0,,,,,,,0,0,20,0,4,0,0,0,0,0,4,2,35.72593722222222,139.82836055555555,4,3,,,,
1,30,774,25,2,0,1,20670,0,107,2019,2,16,15,50,12,,,,,1,1,1,14,7,0,23,0,23,6,9,1,70,1,1,1,1,45,51,61,0,0,,,,,,,0,0,10,0,3,0,0,0,0,0,4,2,35.731500277777776,139.81462861111112,7,3,,,,
1,30,774,30,2,0,1,30510,0,107,2019,2,20,18,20,21,,,,,2,1,1,14,7,0,23,0,23,4,9,1,70,4,2,1,55,75,35,61,31,0,,,,,,,3,0,10,0,3,0,0,0,0,0,4,2,35.72065194444445,139.82988583333332,4,3,,,,
1,30,774,31,2,0,1,30490,0,107,2019,2,21,7,38,12,,,,,1,1,1,14,7,0,23,0,23,4,9,1,70,4,2,1,45,25,35,61,31,0,,,,,,,3,0,20,0,4,0,0,0,0,0,4,2,35.72162111111111,139.8219986111111,5,3,,,,
1,30,775,58,2,0,1,30000,0,122,2019,2,18,10,45,12,,,,,1,1,1,14,7,0,23,0,23,1,9,1,70,5,2,1,45,75,51,61,0,0,,,,,,,0,0,10,0,4,0,0,0,0,0,4,2,35.77449555555555,139.86434055555554,2,3,,,,
1,30,775,60,2,0,1,30000,0,122,2019,2,19,9,3,12,,,,,1,1,1,14,1,0,23,0,23,2,9,1,70,5,1,1,75,45,4,61,31,0,,,,,,,2,0,10,0,3,0,2,0,2,0,4,2,35.76301472222222,139.8491825,3,3,,,,
1,30,776,55,2,0,1,10400,0,122,2019,2,23,10,35,12,,,,,1,1,1,1,1,8,22,0,23,14,9,30,70,4,2,1,1,75,51,61,0,0,,,,,,,0,0,10,0,4,0,0,0,0,0,4,2,35.74028888888889,139.83598916666668,7,3,,,,
1,30,776,56,2,0,1,30000,0,122,2019,2,23,21,20,22,,,,,1,1,1,1,7,1,21,0,23,14,9,30,70,5,3,1,65,25,4,61,31,0,,,,,,,2,0,80,0,3,0,2,0,2,0,4,2,35.73878555555556,139.85616833333333,7,3,,,,
1,30,776,60,2,0,1,30000,0,122,2019,1,24,17,42,21,,,,,1,1,1,1,7,1,21,0,23,11,9,30,70,5,3,1,25,35,3,61,1,0,,,,,,,5,0,30,0,3,0,2,0,2,0,4,2,35.741365555555554,139.83918027777779,5,3,,,,
1,30,777,84,2,0,1,21190,0,123,2019,2,1,15,35,12,,,,,1,1,1,1,1,9,22,0,23,15,9,30,70,4,2,1,45,1,3,61,31,0,,,,,,,2,0,10,0,3,0,2,0,2,0,4,2,35.701885000000004,139.847685,6,3,,,,
1,30,777,92,2,0,1,30000,0,123,2019,2,4,0,50,22,,,,,1,1,1,14,7,0,23,0,23,3,9,1,70,4,4,1,45,1,4,61,31,0,,,,,,,3,0,10,0,3,0,2,0,2,0,4,2,35.70595222222222,139.8595247222222,2,3,,,,
1,30,777,100,2,0,1,30000,0,123,2019,2,7,9,40,12,,,,,1,1,1,1,1,9,22,0,23,15,9,30,70,5,1,1,65,65,3,61,31,0,,,,,,,2,0,10,0,4,0,2,0,2,0,4,2,35.69376638888888,139.89092083333333,5,3,,,,
1,30,777,120,2,0,1,10130,0,123,2019,2,17,22,15,22,,,,,1,1,1,1,1,9,22,0,23,17,9,30,70,1,1,1,75,55,13,61,31,0,,,,,,,5,0,10,0,3,0,2,0,2,0,4,2,35.687552499999995,139.88261555555556,1,3,,,,
1,30,777,127,2,0,1,30520,0,123,2019,2,20,14,35,12,,,,,2,1,1,1,1,9,22,0,23,15,9,30,70,4,2,1,55,75,13,61,31,0,,,,,,,2,0,10,0,3,0,2,0,2,0,4,2,35.694602222222215,139.87294944444446,4,3,,,,
1,30,777,130,2,0,1,30520,0,123,2019,2,21,8,0,12,,,,,1,1,1,1,1,9,22,0,23,17,9,30,70,4,2,1,1,45,51,61,0,0,,,,,,,0,0,10,0,3,0,0,0,0,0,2,4,35.686005277777774,139.88447777777776,5,3,,,,
1,30,777,141,2,0,1,30000,0,123,2019,2,20,8,20,12,,,,,1,1,1,1,7,9,22,0,23,11,9,20,70,5,3,1,25,45,14,61,1,0,,,,,,,2,0,20,0,3,0,2,0,2,0,4,2,35.705104444444444,139.84154527777778,4,3,,,,
1,30,777,148,2,0,1,30000,0,123,2019,2,28,14,30,12,,,,,3,1,2,1,7,9,22,0,23,11,9,30,70,5,3,1,75,35,14,61,31,0,,,,,,,10,0,20,0,3,0,2,0,2,0,4,2,35.691918888888885,139.90629472222224,5,3,,,,
1,30,779,51,2,0,1,10390,0,123,2018,11,28,6,40,11,,,,,1,1,1,1,1,0,23,0,23,15,9,30,70,4,1,1,1,0,61,0,0,0,,,,,,,0,0,0,0,0,0,0,0,0,0,2,0,35.67994861111111,139.86160416666667,4,3,,,,
1,30,779,58,2,0,1,99000,0,123,2019,2,4,7,45,12,,,,,1,1,1,0,7,0,23,0,23,0,0,20,70,0,4,1,1,75,51,61,0,0,,,,,,,0,0,20,0,4,0,0,0,0,0,4,2,35.66296833333333,139.87230722222222,2,3,,,,
1,30,779,61,2,0,1,10390,0,123,2019,2,4,19,5,22,,,,,1,1,1,1,7,9,22,0,23,14,9,30,70,4,2,1,45,1,3,61,31,0,,,,,,,2,0,50,0,3,0,2,0,2,0,4,2,35.665795555555555,139.85425777777778,2,3,,,,
1,30,779,76,2,0,1,10350,0,123,2019,2,19,17,56,21,,,,,3,1,2,1,1,9,22,0,23,15,9,30,70,1,2,1,55,65,3,61,31,0,,,,,,,4,0,40,0,4,0,2,0,2,0,4,2,35.66808611111111,139.8715525,3,3,,,,
1,30,779,86,2,0,1,30000,0,123,2019,2,25,18,5,21,,,,,1,1,1,14,7,0,23,0,23,1,9,1,70,5,2,1,1,65,51,61,0,0,,,,,,,0,0,10,0,4,0,0,0,0,0,4,2,35.64847638888889,139.8726063888889,2,3,,,,
1,30,876,58,2,0,1,30000,0,201,2019,2,8,18,15,21,,,,,2,1,1,14,7,0,23,0,23,3,9,1,70,5,3,1,55,55,3,61,31,0,,,,,,,10,0,20,0,3,0,2,0,2,0,4,2,35.636740555555555,139.34974555555556,6,3,,,,
1,30,876,70,2,0,1,30000,0,201,2019,2,19,18,40,22,,,,,3,1,2,1,7,1,21,0,23,14,9,30,70,5,2,1,45,75,3,61,31,0,,,,,,,3,0,10,0,3,0,2,0,2,0,4,2,35.646228055555554,139.35462916666665,3,3,,,,
1,30,876,72,2,0,1,30000,0,201,2019,2,20,5,52,23,,,,,1,1,1,1,7,1,22,0,23,14,9,30,70,5,2,1,55,55,14,61,31,0,,,,,,,3,0,10,0,3,0,2,0,2,0,4,2,35.64598055555555,139.3589063888889,4,3,,,,
1,30,876,79,2,0,1,30000,0,201,2019,2,25,18,35,22,,,,,1,1,1,14,7,0,23,0,23,3,9,1,70,5,3,1,45,65,36,61,31,0,,,,,,,2,0,10,0,3,0,0,0,0,0,4,2,35.64140222222222,139.3743738888889,2,3,,,,
1,30,877,37,1,1,0,30000,0,201,2019,1,31,19,30,22,,,,,3,1,2,1,7,9,22,0,23,15,9,30,70,5,1,1,45,55,4,61,31,0,,,,,,,2,0,10,0,3,0,2,0,2,0,4,1,35.65494861111111,139.29859888888888,5,3,,,,
1,30,877,41,2,0,1,20730,0,201,2019,1,27,22,31,22,,,,,1,1,1,1,7,0,23,0,23,15,9,30,70,4,2,1,35,0,61,0,0,0,,,,,,,0,0,0,0,0,0,0,0,0,0,2,0,35.665567777777774,139.30402916666668,1,3,,,,
1,30,877,48,2,0,1,20740,0,201,2019,2,14,17,5,13,,,,,1,1,1,1,7,9,22,0,23,14,9,30,70,4,2,1,45,75,4,61,31,0,,,,,,,3,0,10,0,3,0,2,0,2,0,4,2,35.65793,139.28130111111113,5,3,,,,
1,30,877,49,2,0,1,20730,0,201,2019,2,14,17,30,21,,,,,1,3,1,14,7,0,23,0,23,3,9,1,70,4,2,1,75,75,4,61,31,0,,,,,,,3,0,10,0,3,0,2,0,2,0,4,2,35.67306,139.26403333333334,5,3,,,,
1,30,877,57,2,0,1,10490,0,201,2019,2,19,14,7,12,,,,,2,1,1,1,1,9,22,0,23,18,9,30,70,4,2,1,45,45,3,61,31,0,,,,,,,3,0,10,0,3,0,2,0,2,0,4,2,35.638869444444445,139.28744416666666,3,3,,,,
1,30,877,64,2,0,1,30000,0,201,2019,2,15,17,35,21,,,,,2,2,1,14,7,0,23,0,23,3,9,20,70,4,2,1,55,75,3,61,31,0,,,,,,,10,0,10,0,3,0,2,0,2,0,4,2,35.679966666666665,139.296515,6,3,,,,
1,30,878,45,2,0,1,30000,0,224,2019,2,6,18,10,21,,,,,1,1,2,1,1,8,22,0,23,14,9,30,70,1,2,1,35,65,3,61,31,0,,,,,,,10,0,50,0,4,0,2,0,2,0,4,2,35.621471944444444,139.4231538888889,4,3,,,,
1,30,878,46,2,0,1,30000,0,225,2019,2,6,18,20,22,,,,,2,1,2,7,7,0,23,0,23,2,9,20,70,5,3,1,35,35,3,61,31,0,,,,,,,2,0,10,0,3,0,2,0,2,0,4,2,35.64285111111111,139.5145813888889,4,3,,,,
1,30,878,57,2,0,1,95000,0,224,2019,2,13,17,15,13,,,,,2,2,1,14,7,0,23,0,23,3,9,20,70,4,1,1,55,1,1,61,1,0,,,,,,,3,0,10,0,4,0,2,0,2,0,4,2,35.64267722222222,139.43810722222221,4,3,,,,