資料区分,都道府県コード,警察署等コード,本票番号,事故内容,死者数,負傷者数,路線コード,地点コード,市区町村コード,発生日時　　年,発生日時　　月,発生日時　　日,発生日時　　時,発生日時　　分,昼夜,日の出時刻　　時,日の出時刻　　分,日の入り時刻　　時,日の入り時刻　　分,天候,地形,路面状態,道路形状,信号機,一時停止規制　標識（当事者A）,一時停止規制　表示（当事者A）,一時停止規制　標識（当事者B）,一時停止規制　表示（当事者B）,車道幅員,道路線形,衝突地点,ゾーン規制,中央分離帯施設等,歩車道区分,事故類型,年齢（当事者A）,年齢（当事者B）,当事者種別（当事者A）,当事者種別（当事者B）,用途別（当事者A）,用途別（当事者B）,車両形状等（当事者A）,車両形状等（当事者B）,オートマチック車（当事者A）,オートマチック車（当事者B）,サポカー（当事者A）,サポカー（当事者B）,速度規制（指定のみ）（当事者A）,速度規制（指定のみ）（当事者B）,車両の衝突部位（当事者A）,車両の衝突部位（当事者B）,車両の損壊程度（当事者A）,車両の損壊程度（当事者B）,エアバッグの装備（当事者A）,エアバッグの装備（当事者B）,サイドエアバッグの装備（当事者A）,サイドエアバッグの装備（当事者B）,人身損傷程度（当事者A）,人身損傷程度（当事者B）,lat,lon,曜日(発生年月日),祝日(発生年月日),認知機能検査経過日数（当事者A）,認知機能検査経過日数（当事者B）,運転練習の方法（当事者A）,運転練習の方法（当事者B）
1,30,878,58,2,0,1,95000,0,224,2019,2,13,17,45,21,,,,,1,2,1,1,1,9,22,0,23,15,9,30,70,4,1,1,65,45,3,61,31,0,,,,,,,3,0,10,0,3,0,2,0,2,0,4,2,35.629398888888886,139.4624572222222,4,3,,,,
1,30,878,70,2,0,1,10510,0,224,2019,1,30,17,0,13,,,,,1,1,1,14,7,0,23,0,23,3,7,1,70,4,3,1,65,1,3,61,31,0,,,,,,,2,0,20,0,3,0,2,0,2,0,4,2,35.643881944444445,139.45386166666665,4,3,,,,
1,30,879,47,2,0,1,30000,0,223,2019,2,1,15,45,12,,,,,1,2,1,1,7,9,22,0,23,11,9,30,70,5,3,1,25,1,4,61,31,0,,,,,,,2,0,10,0,3,0,2,0,2,0,4,2,35.756075277777775,139.37896472222224,6,3,,,,
1,30,879,68,2,0,1,30000,0,220,2019,2,18,14,40,12,,,,,1,2,1,1,1,9,22,0,23,17,9,30,70,4,2,1,55,1,4,61,31,0,,,,,,,1,0,10,0,3,0,2,0,2,0,4,2,35.73470694444445,139.42044027777777,2,3,,,,
1,30,879,69,2,0,1,30000,0,220,2019,2,18,16,25,12,,,,,1,2,1,1,1,1,21,0,23,14,9,30,70,4,2,1,45,1,4,61,31,0,,,,,,,3,0,10,0,3,0,2,0,2,0,4,2,35.752074444444446,139.40988972222223,2,3,,,,
1,30,879,71,2,0,1,30000,0,220,2019,1,10,0,40,22,,,,,1,2,1,14,7,0,23,0,23,3,9,1,70,5,2,1,1,35,4,61,31,0,,,,,,,2,0,10,0,3,0,2,0,2,0,4,2,35.767466666666664,139.43599361111112,5,3,,,,
1,30,880,37,2,0,1,30000,0,205,2019,2,4,8,5,12,,,,,1,2,1,1,1,9,22,0,23,15,9,30,70,4,3,1,35,1,3,61,31,0,,,,,,,3,0,10,0,3,0,2,0,2,0,4,2,35.79913694444444,139.29724222222222,2,3,,,,
1,30,880,38,2,0,1,30000,0,205,2019,2,4,16,25,13,,,,,1,2,1,14,7,0,23,0,23,2,7,20,70,5,3,1,65,1,3,61,31,0,,,,,,,1,0,10,0,3,0,2,0,2,0,4,2,35.77881416666666,139.2894486111111,2,3,,,,
1,30,880,41,2,0,1,10440,0,205,2019,2,6,18,50,22,,,,,1,2,2,1,1,9,22,0,23,15,9,30,70,4,2,1,45,25,3,61,31,0,,,,,,,3,0,20,0,3,0,2,0,2,0,4,2,35.80445833333333,139.30692611111112,4,3,,,,
1,30,880,45,2,0,1,95000,0,205,2019,2,13,14,20,12,,,,,1,2,5,0,7,0,23,0,23,0,0,20,70,0,4,1,65,45,3,61,31,0,,,,,,,10,0,30,0,4,0,2,0,2,0,4,2,35.78978333333333,139.27664972222223,4,3,,,,
1,30,881,12,2,0,1,10470,0,228,2019,2,2,18,30,22,,,,,1,2,1,7,1,0,23,0,23,3,9,1,70,4,2,1,65,75,3,61,31,0,,,,,,,3,0,80,0,4,0,2,0,2,0,4,2,35.72784666666667,139.22174194444446,7,3,,,,
1,30,881,13,2,0,1,30000,0,228,2019,2,2,22,43,22,,,,,1,3,1,14,7,0,23,0,23,2,9,1,70,4,2,1,25,35,3,61,31,0,,,,,,,3,0,20,0,4,0,2,0,2,0,4,2,35.72293055555556,139.23208277777778,7,3,,,,
1,30,881,16,2,0,1,30000,0,228,2019,2,8,12,45,12,,,,,1,3,1,14,7,0,23,0,23,1,9,1,70,5,4,1,45,1,12,61,31,0,,,,,,,3,0,10,0,4,0,2,0,2,0,4,2,35.722501666666666,139.23226305555556,6,3,,,,
1,30,881,18,2,0,1,30000,0,305,2019,2,15,17,54,21,,,,,1,2,1,14,7,0,23,0,23,1,8,1,70,4,2,1,1,75,51,61,0,0,,,,,,,0,0,20,0,4,0,0,0,0,0,4,2,35.736894722222225,139.25403972222222,6,3,,,,
1,30,882,61,2,0,1,10740,0,228,2018,12,5,11,0,12,,,,,1,1,1,1,1,9,22,0,23,14,7,30,70,4,1,1,75,45,3,61,31,0,,,,,,,4,0,10,0,3,0,2,0,2,0,4,2,35.7231475,139.29263972222222,4,3,,,,
1,30,882,63,2,0,1,10240,0,303,2019,2,1,7,35,11,,,,,1,1,1,14,7,0,23,0,23,3,9,1,70,5,3,1,1,1,35,61,31,0,,,,,,,3,0,10,0,4,0,0,0,0,0,4,2,35.76611666666667,139.36110583333334,6,3,,,,
1,30,882,67,2,0,1,30000,0,227,2019,2,5,7,50,12,,,,,2,2,1,14,7,0,23,0,23,3,9,1,70,5,3,1,1,45,3,61,31,0,,,,,,,2,0,40,0,3,0,2,0,2,0,4,2,35.755900555555556,139.33078555555556,3,3,,,,
1,30,882,75,2,0,1,160,521,218,2019,2,11,19,12,22,,,,,1,1,1,1,7,9,22,0,23,18,9,20,70,1,2,1,35,45,3,61,31,0,,,,,,,5,0,10,0,3,0,2,0,2,0,4,2,35.74781638888889,139.33716722222223,2,1,,,,
1,30,882,81,2,0,1,95000,0,218,2019,1,2,14,40,12,,,,,1,1,1,14,7,0,23,0,23,2,9,1,70,5,3,1,55,75,4,61,31,0,,,,,,,2,0,20,0,4,0,2,0,2,0,4,2,35.74740944444444,139.31953388888888,4,3,,,,
1,30,882,94,2,0,1,10000,0,303,2019,1,30,9,38,12,,,,,1,1,1,1,1,9,22,0,23,15,9,30,70,5,2,1,1,35,4,61,31,0,,,,,,,3,0,10,0,4,0,2,0,2,0,4,2,35.773245833333334,139.34822027777778,4,3,,,,
1,30,882,95,2,0,1,160,552,303,2019,2,28,5,35,23,,,,,3,2,2,1,1,9,22,0,23,17,9,30,70,1,2,1,25,65,3,61,31,0,,,,,,,5,0,80,0,3,0,2,0,2,0,4,2,35.77411444444444,139.33610777777778,5,3,,,,
1,30,882,99,2,0,1,10260,0,228,2019,2,21,7,50,12,,,,,1,1,1,14,7,0,23,0,23,3,9,1,70,4,2,1,25,1,4,61,31,0,,,,,,,2,0,10,0,3,0,2,0,2,0,4,2,35.72773277777778,139.31663,5,3,,,,
1,30,882,102,2,0,1,95000,0,227,2019,2,26,18,14,21,,,,,2,1,1,14,7,0,23,0,23,3,9,1,70,4,1,1,45,45,51,61,0,0,,,,,,,0,0,10,0,4,0,0,0,0,0,4,2,35.76997611111111,139.32603777777777,3,3,,,,
1,30,883,67,2,0,1,30000,0,201,2019,2,2,0,22,22,,,,,1,2,1,1,7,1,21,0,23,11,9,20,70,5,3,1,45,45,3,61,31,0,,,,,,,10,0,80,0,3,0,2,0,2,0,4,2,35.657000555555555,139.3356,7,3,,,,
1,30,883,68,2,0,1,30000,0,201,2019,2,4,9,55,12,,,,,1,1,1,14,7,0,23,0,23,1,9,1,70,5,4,1,25,75,51,61,0,0,,,,,,,0,0,10,0,3,0,0,0,0,0,4,2,35.66212194444444,139.34530777777778,2,3,,,,
1,30,883,74,2,0,1,30000,0,201,2019,2,7,10,12,12,,,,,1,1,1,1,1,1,21,0,23,14,9,30,70,4,2,1,75,65,3,61,31,0,,,,,,,3,0,50,0,3,0,2,0,2,0,4,2,35.67857083333333,139.3150525,5,3,,,,
1,30,883,82,2,0,1,30000,0,201,2019,2,12,8,40,12,,,,,1,3,1,14,7,0,23,0,23,5,7,1,70,4,2,1,45,75,1,61,1,0,,,,,,,3,0,30,0,4,0,2,0,2,0,4,2,35.67929472222222,139.36618333333334,3,3,,,,
1,30,883,83,2,0,1,30000,0,201,2019,2,12,8,25,12,,,,,1,1,1,14,7,0,23,0,23,3,9,1,70,5,3,1,45,45,3,61,1,0,,,,,,,10,0,10,0,3,0,2,0,2,0,4,2,35.657738333333334,139.34267722222222,3,3,,,,
1,30,883,89,2,0,1,95000,0,201,2019,2,17,12,30,12,,,,,1,2,1,1,7,9,22,0,23,14,9,30,70,4,2,1,1,1,51,61,0,0,,,,,,,0,0,20,0,3,0,0,0,0,0,4,2,35.67431527777777,139.36405805555555,1,3,,,,
1,30,883,95,2,0,1,95000,0,201,2019,2,19,21,50,22,,,,,2,2,2,7,1,0,23,0,23,1,9,1,70,4,2,1,35,55,3,61,31,0,,,,,,,2,0,10,0,3,0,2,0,2,0,4,2,35.68765916666666,139.37056472222224,3,3,,,,
1,30,883,99,2,0,1,200,444,201,2019,2,21,7,10,11,,,,,1,1,1,1,1,9,22,0,23,15,9,30,70,4,2,1,75,45,3,61,31,0,,,,,,,4,0,80,0,3,0,2,0,2,0,4,2,35.65953361111111,139.3425161111111,5,3,,,,
1,30,883,104,2,0,1,30000,0,201,2019,2,25,12,18,12,,,,,1,2,1,7,7,0,23,0,23,1,9,1,70,5,3,1,75,55,3,61,31,0,,,,,,,2,0,40,0,4,0,2,0,2,0,4,2,35.65894333333333,139.3438702777778,2,3,,,,
1,30,883,107,2,0,1,30000,0,201,2019,2,27,16,30,12,,,,,1,2,1,14,7,0,23,0,23,2,9,1,70,5,2,1,55,1,3,61,1,0,,,,,,,10,0,80,0,3,0,2,0,2,0,4,2,35.68500472222222,139.35977111111112,4,3,,,,
1,30,884,61,2,0,1,95000,0,209,2019,2,1,9,15,12,,,,,1,1,1,14,7,0,23,0,23,2,9,1,70,5,2,1,75,75,3,61,31,0,,,,,,,3,0,10,0,3,0,2,0,2,0,4,2,35.58289611111111,139.43688305555557,6,3,,,,
1,30,884,68,2,0,1,30000,0,209,2019,1,11,7,37,11,,,,,1,1,1,1,1,9,22,0,23,15,6,30,1,4,1,1,65,25,4,61,31,0,,,,,,,3,0,20,0,3,0,2,0,2,0,4,2,35.56501333333333,139.4633022222222,6,3,,,,
1,30,884,69,2,0,1,30000,0,209,2019,2,12,18,15,21,,,,,1,1,1,1,7,9,22,0,23,11,9,20,70,5,4,1,55,65,3,61,31,0,,,,,,,10,0,40,0,3,0,2,0,1,0,4,2,35.56580333333333,139.4458977777778,3,3,,,,
1,30,884,81,2,0,1,30000,0,209,2019,2,10,7,45,12,,,,,1,2,1,7,7,0,23,0,23,3,9,1,70,4,2,1,45,55,3,61,1,0,,,,,,,2,0,20,0,3,0,2,0,2,0,4,2,35.54156472222222,139.4458752777778,1,2,,,,
1,30,884,84,2,0,1,30000,0,209,2019,2,20,12,20,12,,,,,1,1,1,1,7,9,22,0,23,14,9,20,70,5,3,1,75,75,13,61,31,0,,,,,,,5,0,80,0,4,0,2,0,2,0,4,2,35.54721583333333,139.44715666666667,4,3,,,,
1,30,884,85,2,0,1,95000,0,209,2019,2,20,17,50,21,,,,,2,1,1,1,7,9,22,0,23,14,9,30,70,5,2,1,65,75,3,61,31,0,,,,,,,3,0,10,0,3,0,2,0,2,0,4,2,35.557511388888884,139.4363325,4,3,,,,
1,30,884,86,2,0,1,30560,0,209,2019,1,9,4,50,22,,,,,1,1,1,1,7,0,23,0,23,18,9,30,70,4,1,1,65,0,61,0,0,0,,,,,,,0,0,0,0,0,0,0,0,0,0,2,0,35.55665444444444,139.42628055555554,4,3,,,,
1,30,884,92,2,0,1,10570,0,209,2019,2,23,6,0,23,,,,,2,1,1,1,1,9,22,0,23,14,3,30,70,4,1,1,25,1,3,61,31,0,,,,,,,3,0,10,0,3,0,2,0,2,0,4,2,35.56307388888889,139.44473444444444,7,3,,,,
1,30,884,93,2,0,1,30000,0,209,2019,2,23,5,40,23,,,,,1,1,1,13,7,0,23,0,23,4,3,1,70,4,2,1,25,75,34,61,31,0,,,,,,,3,0,10,0,3,0,0,0,0,0,4,2,35.564164444444444,139.44367833333334,7,3,,,,
1,30,884,96,2,0,4,30000,0,209,2019,2,23,19,30,22,,,,,1,1,1,14,7,0,23,0,23,3,9,1,70,5,3,1,55,65,3,61,31,0,,,,,,,5,0,10,0,2,0,2,0,2,0,4,2,35.54094416666666,139.4536286111111,7,3,,,,
1,30,884,97,2,0,1,30000,0,209,2019,2,24,18,17,21,,,,,1,1,1,7,7,0,23,0,23,2,9,1,70,5,2,1,75,1,3,61,31,0,,,,,,,10,0,20,0,4,0,2,0,2,0,4,2,35.54516583333333,139.44577,1,3,,,,
1,30,884,103,2,0,1,30000,0,209,2019,2,26,18,48,22,,,,,1,1,1,1,7,9,22,0,23,14,9,30,70,4,2,1,65,45,3,61,31,0,,,,,,,3,0,10,0,4,0,2,0,2,0,4,2,35.56972027777778,139.4380336111111,3,3,,,,
1,30,884,107,2,0,1,30000,0,209,2019,2,16,9,15,12,,,,,1,1,1,14,7,0,23,0,23,3,9,20,70,5,3,1,45,0,61,0,0,0,,,,,,,0,0,0,0,0,0,0,0,0,0,2,0,35.53667,139.46676805555555,7,3,,,,
1,30,884,110,2,0,1,95000,0,209,2019,2,28,11,50,12,,,,,3,1,2,1,1,9,22,0,23,18,9,30,70,1,2,1,45,65,4,61,31,0,,,,,,,3,0,10,0,4,0,2,0,2,0,4,2,35.544064444444444,139.44851972222222,5,3,,,,
1,30,884,112,2,0,1,30000,0,209,2019,2,13,18,55,22,,,,,1,1,1,7,1,0,23,0,23,4,9,1,70,5,2,1,65,55,13,61,31,0,,,,,,,3,0,80,0,3,0,2,0,2,0,4,2,35.56368472222222,139.43477361111113,4,3,,,,
1,30,884,113,2,0,1,30000,0,209,2019,2,28,17,40,21,,,,,3,2,2,1,1,9,22,0,23,15,9,30,70,4,2,1,75,25,3,61,31,0,,,,,,,3,0,10,0,4,0,2,0,2,0,4,2,35.55202222222222,139.4400188888889,5,3,,,,
1,30,885,39,2,0,1,30000,0,212,2018,12,19,16,40,21,,,,,1,3,1,1,7,9,22,0,23,11,9,30,70,4,2,1,25,1,36,61,31,0,,,,,,,2,0,20,0,4,0,0,0,0,0,4,2,35.674971111111105,139.39150444444445,4,3,,,,
1,30,885,40,2,0,2,200,0,212,2018,12,25,21,57,22,,,,,1,3,1,14,7,0,23,0,23,4,8,1,70,1,2,1,35,1,51,61,0,0,,,,,,,0,0,10,0,3,0,0,0,0,0,2,2,35.67746222222222,139.42061944444444,3,3,,,,
1,30,885,41,2,0,1,10510,0,212,2018,12,26,6,20,23,,,,,1,3,1,7,1,0,23,0,23,5,9,1,70,1,2,1,65,75,13,61,31,0,,,,,,,3,0,10,0,4,0,2,0,2,0,4,2,35.65179361111111,139.43731527777777,4,3,,,,
1,30,885,55,2,0,1,30000,0,212,2019,2,6,20,18,22,,,,,1,3,2,1,1,9,22,0,23,15,9,30,70,4,2,1,55,55,3,61,31,0,,,,,,,3,0,10,0,3,0,2,0,2,0,4,2,35.67818833333333,139.3964986111111,4,3,,,,
1,30,885,62,2,0,1,30000,0,212,2019,2,14,18,50,22,,,,,1,2,1,14,7,0,23,0,23,2,9,1,70,5,4,1,35,45,36,61,31,0,,,,,,,10,0,10,0,3,0,0,0,0,0,2,4,35.657045277777776,139.41112611111112,5,3,,,,
1,30,885,69,2,0,1,10510,0,212,2019,2,21,10,30,12,,,,,1,3,1,1,1,9,22,0,23,14,9,30,70,4,1,1,45,75,2,61,1,0,,,,,,,3,0,10,0,3,0,2,0,2,0,4,2,35.66531444444444,139.40750111111112,5,3,,,,
1,30,885,70,2,0,1,20000,0,212,2019,2,21,18,5,21,,,,,1,3,1,1,1,9,22,0,23,18,9,30,70,1,2,1,25,55,3,61,31,0,,,,,,,3,0,10,0,3,0,2,0,2,0,4,2,35.67247805555555,139.41839083333332,5,3,,,,
1,30,885,76,2,0,1,30000,0,212,2019,2,27,20,0,22,,,,,3,3,2,14,7,0,23,0,23,2,9,1,70,5,3,1,45,55,3,61,31,0,,,,,,,2,0,40,0,3,0,2,0,2,0,4,2,35.671438333333334,139.3764025,4,3,,,,
1,30,886,51,2,0,1,30000,0,207,2019,2,4,14,35,12,,,,,1,3,1,7,7,0,23,0,23,1,9,1,70,5,4,1,55,55,14,61,1,0,,,,,,,10,0,40,0,3,0,2,0,2,0,4,2,35.70805055555556,139.3619336111111,2,3,,,,
1,30,886,52,2,0,1,99000,0,207,2019,2,4,18,55,22,,,,,1,3,1,0,7,0,23,0,23,0,0,20,70,0,4,1,35,65,3,61,31,0,,,,,,,10,0,10,0,3,0,2,0,2,0,4,2,35.716225,139.37214,2,3,,,,
1,30,886,57,2,0,1,95000,0,207,2019,2,4,7,50,12,,,,,1,3,1,14,7,0,23,0,23,2,9,1,70,5,3,1,1,45,51,61,0,0,,,,,,,0,0,10,0,3,0,0,0,0,0,4,2,35.705691111111115,139.36061333333333,2,3,,,,
1,30,887,96,2,0,1,30000,0,202,2019,2,1,17,55,21,,,,,1,1,1,7,1,0,23,0,23,3,9,1,70,1,2,1,35,35,3,61,31,0,,,,,,,4,0,10,0,3,0,2,0,2,0,4,2,35.700340000000004,139.41179222222223,6,3,,,,
1,30,887,102,2,0,1,30000,0,215,2019,2,2,20,20,22,,,,,1,2,1,7,7,0,23,0,23,2,9,1,70,5,2,1,45,1,14,61,31,0,,,,,,,5,0,10,0,4,0,2,0,2,0,4,2,35.67514333333333,139.43052194444442,7,3,,,,
1,30,887,103,2,0,1,30000,0,215,2019,2,5,20,33,22,,,,,1,1,1,1,1,9,22,0,23,14,9,30,70,4,2,1,65,35,3,61,31,0,,,,,,,2,0,10,0,3,0,2,0,2,0,4,2,35.70073055555556,139.44808833333335,3,3,,,,
1,30,887,106,2,0,1,30000,0,215,2019,2,8,16,25,13,,,,,2,2,1,14,7,0,23,0,23,2,8,1,1,5,3,1,25,1,14,61,31,0,,,,,,,2,0,40,0,3,0,2,0,2,0,4,2,35.682740555555554,139.43933222222222,6,3,,,,
1,30,887,110,2,0,1,30000,0,202,2019,2,9,20,10,22,,,,,5,2,2,1,1,9,22,0,23,15,9,30,70,4,2,1,55,45,35,61,31,0,,,,,,,3,0,10,0,4,0,0,0,0,0,4,2,35.69151305555555,139.42541305555554,7,3,,,,
1,30,887,111,2,0,1,30000,0,202,2019,2,9,21,5,22,,,,,5,1,2,1,7,1,22,0,23,11,9,30,70,5,2,1,65,35,3,61,31,0,,,,,,,2,0,40,0,4,0,2,0,2,0,4,2,35.696620277777775,139.41407750000002,7,3,,,,
1,30,887,112,2,0,1,30000,0,215,2019,2,12,11,45,12,,,,,2,1,1,14,7,0,23,0,23,4,9,20,70,4,2,1,75,0,61,0,0,0,,,,,,,0,0,0,0,0,0,0,0,0,0,2,0,35.69452361111111,139.4381213888889,3,3,,,,
1,30,887,113,2,0,1,30000,0,215,2019,2,13,19,35,22,,,,,1,1,1,14,7,0,23,0,23,3,9,1,70,4,2,1,45,45,1,61,1,0,,,,,,,2,0,50,0,4,0,2,0,2,0,4,2,35.69942972222222,139.4457588888889,4,3,,,,
1,30,887,121,2,0,1,30000,0,202,2019,2,19,8,3,12,,,,,1,2,1,7,1,0,23,0,23,2,9,1,70,5,2,1,35,65,17,61,1,0,,,,,,,3,0,50,0,3,0,2,0,2,0,4,2,35.733739444444446,139.3969361111111,3,3,,,,
1,30,887,128,2,0,1,30000,0,202,2019,2,22,10,40,12,,,,,1,1,1,1,1,9,22,0,23,15,9,20,70,4,2,1,55,75,51,61,0,0,,,,,,,0,0,10,0,3,0,0,0,0,0,4,2,35.719659166666666,139.43421694444444,6,3,,,,
1,30,887,130,2,0,1,95000,0,202,2019,2,24,10,30,12,,,,,1,1,1,1,1,9,22,0,23,15,9,30,70,4,2,1,25,75,3,61,31,0,,,,,,,3,0,10,0,4,0,2,0,2,0,4,2,35.72825972222223,139.40026222222224,1,3,,,,
1,30,887,134,2,0,1,20000,0,215,2019,2,25,5,45,23,,,,,1,2,1,14,7,0,23,0,23,4,9,1,70,4,2,1,45,1,11,61,1,0,,,,,,,4,0,80,0,3,0,2,0,2,0,4,2,35.68149944444444,139.44145916666668,2,3,,,,
1,30,887,135,2,0,1,20890,0,215,2019,2,25,5,40,23,,,,,2,1,1,14,7,0,23,0,23,4,9,1,70,4,2,1,1,75,3,61,31,0,,,,,,,4,0,10,0,1,0,1,0,2,0,4,2,35.68152305555555,139.44153555555556,2,3,,,,
1,30,887,138,2,0,1,30000,0,202,2019,2,26,15,15,12,,,,,1,1,1,1,1,9,22,0,23,18,9,30,70,4,2,1,1,1,3,61,31,0,,,,,,,2,0,40,0,3,0,2,0,2,0,4,2,35.720711666666666,139.3964886111111,3,3,,,,
1,30,887,143,2,0,1,10260,0,202,2019,2,28,18,50,22,,,,,3,1,2,1,1,9,22,0,23,15,9,30,70,4,3,1,25,45,3,61,31,0,,,,,,,3,0,10,0,3,0,2,0,2,0,4,2,35.72908,139.359575,5,3,,,,
1,30,887,147,2,0,1,30000,0,202,2019,2,19,23,29,22,,,,,1,1,2,14,7,0,23,0,23,2,9,1,70,5,3,1,45,35,3,61,1,0,,,,,,,1,0,20,0,4,0,2,0,2,0,4,2,35.69960194444444,139.4171661111111,3,3,,,,
1,30,888,31,2,0,1,99000,0,206,2019,2,8,11,37,12,,,,,1,1,1,0,7,0,23,0,23,0,0,20,70,0,4,1,35,75,3,61,31,0,,,,,,,10,0,23,0,3,0,2,0,2,0,4,2,35.65897361111111,139.49204527777778,6,3,,,,
1,30,888,35,2,0,1,20890,0,206,2019,2,11,14,35,12,,,,,2,1,1,14,7,0,23,0,23,1,9,1,70,5,2,1,35,1,51,61,0,0,,,,,,,0,0,10,0,4,0,0,0,0,0,4,2,35.670024444444444,139.47731638888888,2,1,,,,
1,30,888,36,2,0,1,10500,0,206,2019,2,12,15,30,12,,,,,2,1,1,1,1,9,22,0,23,15,9,30,70,4,1,1,65,75,4,61,31,0,,,,,,,3,0,10,0,4,0,2,0,2,0,4,2,35.66496472222222,139.47894,3,3,,,,
1,30,888,40,2,0,1,30000,0,206,2019,2,14,22,42,22,,,,,1,1,1,1,7,1,21,0,23,18,9,30,70,1,2,1,75,45,3,61,1,0,,,,,,,2,0,10,0,4,0,2,0,2,0,4,2,35.672824999999996,139.48059444444445,5,3,,,,
1,30,888,49,2,0,1,10680,0,206,2019,2,1,12,48,12,,,,,1,1,1,14,7,0,23,0,23,1,9,1,1,5,4,1,55,35,3,61,31,0,,,,,,,2,0,40,0,4,0,2,0,2,0,4,2,35.688093055555555,139.4590783333333,6,3,,,,
1,30,889,19,2,0,1,20880,0,210,2019,2,12,18,50,22,,,,,1,1,1,1,1,9,22,0,23,14,9,30,70,4,3,1,75,1,3,61,31,0,,,,,,,2,0,10,0,4,0,2,0,2,0,4,2,35.69997027777777,139.49531416666665,3,3,,,,
1,30,889,34,2,0,1,30000,0,214,2019,2,27,11,20,12,,,,,2,1,1,1,1,9,22,0,23,19,9,30,70,4,2,1,75,65,3,61,31,0,,,,,,,3,0,50,0,3,0,2,0,2,0,4,2,35.70414138888889,139.45378527777777,4,3,,,,
1,30,890,65,2,0,1,20000,0,222,2018,11,22,7,5,11,,,,,2,1,1,1,1,9,22,0,23,15,9,30,70,4,1,1,45,1,12,61,1,0,,,,,,,2,0,10,0,4,0,2,0,2,0,4,2,35.74625944444445,139.52856305555557,5,2,,,,
1,30,890,70,2,0,1,30610,0,229,2019,2,1,11,0,12,,,,,1,1,1,14,7,0,23,0,23,3,9,1,70,4,4,1,65,65,3,61,31,0,,,,,,,2,0,85,0,1,0,2,0,2,0,4,2,35.7320225,139.52556111111113,6,3,,,,
1,30,890,86,2,0,1,30000,0,229,2019,2,15,9,10,12,,,,,2,1,1,1,1,9,22,0,23,15,9,30,70,4,1,1,55,75,14,61,1,0,,,,,,,3,0,10,0,3,0,2,0,2,0,4,2,35.737499722222225,139.55357361111112,6,3,,,,
1,30,890,87,2,0,1,30000,0,229,2019,2,16,16,0,12,,,,,1,1,1,0,7,0,23,0,23,0,0,20,70,0,2,1,35,1,3,61,31,0,,,,,,,2,0,10,0,3,0,2,0,2,0,4,2,35.75028722222222,139.55086722222222,7,3,,,,
1,30,890,95,2,0,1,21220,0,229,2019,2,19,16,0,12,,,,,2,1,1,7,1,0,23,0,23,5,9,1,70,1,2,1,25,1,13,61,31,0,,,,,,,4,0,10,0,3,0,2,0,2,0,4,2,35.75427805555555,139.5598438888889,3,3,,,,
1,30,890,101,2,0,1,10600,0,229,2019,2,28,18,57,22,,,,,3,1,2,1,1,9,22,0,23,14,9,30,70,5,2,1,45,45,3,61,31,0,,,,,,,3,0,10,0,3,0,2,0,2,0,4,2,35.71630888888889,139.54369,5,3,,,,
1,30,891,45,2,0,1,30000,0,213,2018,12,31,10,15,12,,,,,1,2,1,14,7,0,23,0,23,3,9,1,70,5,3,1,65,65,3,61,31,0,,,,,,,2,0,40,0,4,0,2,0,2,0,4,2,35.758000555555554,139.4862472222222,2,2,,,,
1,30,891,46,2,0,1,30000,0,221,2018,8,6,18,30,13,,,,,1,1,1,1,1,9,22,0,23,19,9,30,70,4,2,1,35,1,3,61,31,0,,,,,,,2,0,10,0,3,0,2,0,2,0,4,2,35.775848333333336,139.52612972222224,2,3,,,,
1,30,891,57,2,0,1,10250,0,213,2019,2,16,15,40,12,,,,,2,1,1,14,7,0,23,0,23,1,9,1,70,4,2,1,1,75,51,61,0,0,,,,,,,0,0,40,0,3,0,0,0,0,0,4,2,35.74780472222222,139.48203027777777,7,3,,,,
1,30,891,61,2,0,1,10590,0,221,2019,2,20,21,55,22,,,,,3,1,2,1,1,9,22,0,23,14,9,30,70,4,2,1,45,55,3,61,31,0,,,,,,,3,0,20,0,4,0,2,0,2,0,4,2,35.774210555555555,139.4991222222222,4,3,,,,
1,30,892,24,2,0,1,30000,0,203,2019,2,5,9,55,12,,,,,2,1,1,14,7,0,23,0,23,2,9,1,70,5,4,1,35,75,14,61,31,0,,,,,,,10,0,80,0,4,0,2,0,2,0,4,2,35.70415916666667,139.5823988888889,3,3,,,,
1,30,892,33,2,0,1,30000,0,203,2019,2,18,12,40,12,,,,,1,1,1,14,7,0,23,0,23,3,9,1,70,5,3,1,35,45,3,61,31,0,,,,,,,10,0,10,0,3,0,2,0,2,0,4,2,35.70419833333334,139.54408222222222,2,3,,,,
1,30,892,38,2,0,1,30000,0,203,2019,2,27,16,30,12,,,,,1,1,1,14,7,0,23,0,23,3,9,1,1,5,2,1,35,1,3,61,31,0,,,,,,,2,0,10,0,3,0,2,0,2,0,4,2,35.719610555555555,139.56861944444444,4,3,,,,
1,30,893,41,2,0,1,30000,0,204,2019,2,1,12,15,12,,,,,1,1,1,14,7,0,23,0,23,3,9,1,70,4,2,1,45,75,3,61,1,0,,,,,,,3,0,40,0,3,0,2,0,2,0,4,2,35.701883055555555,139.56006444444446,6,3,,,,
1,30,893,44,2,0,1,30000,0,204,2019,2,7,15,5,12,,,,,1,1,1,14,7,0,23,0,23,2,9,1,70,5,4,1,45,1,17,61,1,0,,,,,,,1,0,10,0,3,0,2,0,2,0,4,2,35.70108916666667,139.56235416666667,5,3,,,,