資料区分,都道府県コード,警察署等コード,本票番号,事故内容,死者数,負傷者数,路線コード,地点コード,市区町村コード,発生日時　　年,発生日時　　月,発生日時　　日,発生日時　　時,発生日時　　分,昼夜,日の出時刻　　時,日の出時刻　　分,日の入り時刻　　時,日の入り時刻　　分,天候,地形,路面状態,道路形状,信号機,一時停止規制　標識（当事者A）,一時停止規制　表示（当事者A）,一時停止規制　標識（当事者B）,一時停止規制　表示（当事者B）,車道幅員,道路線形,衝突地点,ゾーン規制,中央分離帯施設等,歩車道区分,事故類型,年齢（当事者A）,年齢（当事者B）,当事者種別（当事者A）,当事者種別（当事者B）,用途別（当事者A）,用途別（当事者B）,車両形状等（当事者A）,車両形状等（当事者B）,オートマチック車（当事者A）,オートマチック車（当事者B）,サポカー（当事者A）,サポカー（当事者B）,速度規制（指定のみ）（当事者A）,速度規制（指定のみ）（当事者B）,車両の衝突部位（当事者A）,車両の衝突部位（当事者B）,車両の損壊程度（当事者A）,車両の損壊程度（当事者B）,エアバッグの装備（当事者A）,エアバッグの装備（当事者B）,サイドエアバッグの装備（当事者A）,サイドエアバッグの装備（当事者B）,人身損傷程度（当事者A）,人身損傷程度（当事者B）,lat,lon,曜日(発生年月日),祝日(発生年月日),認知機能検査経過日数（当事者A）,認知機能検査経過日数（当事者B）,運転練習の方法（当事者A）,運転練習の方法（当事者B）
1,30,893,59,2,0,1,95000,0,204,2019,2,21,14,50,12,,,,,1,1,1,14,7,0,23,0,23,3,9,1,70,5,2,1,1,1,3,61,31,0,,,,,,,3,0,80,0,3,0,2,0,2,0,4,2,35.68767805555555,139.56399472222225,5,3,,,,
1,30,893,62,2,0,1,99000,0,204,2019,2,24,11,10,12,,,,,1,1,1,0,7,0,23,0,23,0,0,20,70,0,4,1,55,75,3,61,31,0,,,,,,,10,0,37,0,3,0,2,0,2,0,4,2,35.687214999999995,139.58060388888887,1,3,,,,
1,30,893,67,2,0,1,95000,0,204,2019,2,27,7,30,12,,,,,2,1,1,0,7,0,23,0,23,0,0,20,70,0,4,1,55,35,3,61,31,0,,,,,,,10,0,30,0,3,0,2,0,2,0,4,2,35.686437777777776,139.57709111111112,4,3,,,,
1,30,894,53,2,0,1,30000,0,219,2019,2,13,5,45,23,,,,,2,1,1,1,1,9,22,0,23,14,9,30,70,4,2,1,45,75,3,61,31,0,,,,,,,10,0,10,0,4,0,2,0,2,0,4,2,35.64582222222222,139.5852063888889,4,3,,,,
1,30,894,55,2,0,1,30000,0,208,2019,2,13,18,30,22,,,,,1,1,1,14,7,0,23,0,23,3,9,1,70,5,3,1,45,65,51,61,0,0,,,,,,,0,0,10,0,4,0,0,0,0,0,4,2,35.65054027777778,139.548625,4,3,,,,
1,30,894,65,2,0,1,30840,0,208,2019,2,18,15,30,12,,,,,1,1,1,14,7,0,23,0,23,4,9,1,70,5,2,1,25,1,51,61,0,0,,,,,,,0,0,10,0,4,0,0,0,0,0,4,2,35.654022222222224,139.57182583333332,2,3,,,,
1,30,894,67,2,0,1,10210,0,219,2019,2,21,22,18,22,,,,,1,1,1,1,1,9,22,0,23,19,9,30,70,1,2,1,55,35,3,61,31,0,,,,,,,4,0,10,0,4,0,2,0,2,0,4,2,35.62741833333333,139.5717925,5,3,,,,
1,30,894,69,2,0,1,10620,0,208,2019,2,22,15,45,12,,,,,1,1,1,7,7,0,23,0,23,4,9,1,70,4,1,1,1,75,4,61,31,0,,,,,,,3,0,10,0,3,0,2,0,2,0,4,2,35.64935,139.55826722222224,6,3,,,,
1,30,894,82,2,0,1,30000,0,219,2019,2,28,19,10,22,,,,,3,1,2,1,7,1,21,0,23,11,9,30,70,4,2,1,1,75,36,61,31,0,,,,,,,2,0,10,0,4,0,0,0,0,0,4,2,35.625927222222224,139.5913477777778,5,3,,,,
1,30,895,39,2,0,1,10240,0,211,2019,2,2,8,45,12,,,,,1,1,1,1,1,9,22,0,23,11,9,20,70,4,2,1,35,55,3,61,31,0,,,,,,,3,0,10,0,3,0,2,0,2,0,4,2,35.73055333333333,139.47782,7,3,,,,
1,30,895,47,2,0,1,30000,0,211,2019,2,9,9,35,12,,,,,5,1,2,1,7,1,22,0,23,11,9,30,70,5,2,1,45,1,3,61,31,0,,,,,,,10,0,10,0,3,0,2,0,2,0,4,2,35.72577638888889,139.4642988888889,7,3,,,,
1,30,895,51,2,0,1,30000,0,211,2019,2,7,7,25,11,,,,,1,1,1,1,7,9,22,0,23,11,9,30,70,5,1,1,25,25,3,61,31,0,,,,,,,2,0,10,0,3,0,2,0,2,0,4,2,35.726333333333336,139.5137963888889,5,3,,,,
1,30,895,52,2,0,1,10250,0,211,2019,2,17,12,30,12,,,,,1,1,1,14,7,0,23,0,23,5,9,1,70,4,2,1,55,35,3,61,31,0,,,,,,,10,0,10,0,3,0,2,0,2,0,4,2,35.74201222222222,139.49890083333332,1,3,,,,
1,30,895,59,2,0,1,30000,0,211,2019,2,25,14,55,12,,,,,1,1,1,1,1,8,22,0,23,15,9,30,70,4,2,1,65,75,3,61,31,0,,,,,,,3,0,10,0,3,0,2,0,2,0,4,2,35.72267305555556,139.49748583333331,2,3,,,,
1,30,895,64,2,0,1,30000,0,211,2019,2,28,20,25,22,,,,,3,1,2,1,7,9,22,0,23,11,3,30,70,4,4,1,65,25,14,61,31,0,,,,,,,3,0,10,0,3,0,2,0,2,0,4,2,35.734433333333335,139.46090388888888,5,3,,,,
1,30,100,25,2,0,1,10110,0,101,2019,3,22,19,35,22,,,,,1,1,1,1,1,9,22,0,23,18,9,30,70,1,1,1,55,65,3,61,31,0,,,,,,,5,0,20,0,3,0,2,0,2,0,4,2,35.67738388888888,139.74991666666665,6,3,,,,
1,30,100,26,2,0,1,30000,0,101,2019,3,14,19,15,22,,,,,1,1,1,1,7,9,22,0,23,11,9,30,70,4,2,1,65,25,3,61,1,0,,,,,,,2,0,10,0,3,0,2,0,2,0,4,2,35.701969444444444,139.74790055555553,5,3,,,,
1,30,100,31,2,0,1,30000,0,101,2019,3,29,7,45,12,,,,,2,1,1,1,7,9,22,0,23,15,9,30,70,5,1,1,65,35,36,61,31,0,,,,,,,10,0,10,0,3,0,0,0,0,0,4,2,35.67960166666666,139.73837916666665,6,3,,,,
1,30,101,29,2,0,1,30000,0,101,2019,1,24,12,58,12,,,,,1,1,1,14,7,0,23,0,23,2,9,1,70,5,3,1,65,75,3,61,1,0,,,,,,,5,0,40,0,4,0,2,0,2,0,4,2,35.67298527777778,139.76136055555557,5,3,,,,
1,30,101,35,2,0,1,99000,0,101,2019,3,1,6,20,11,,,,,3,1,2,0,7,0,23,0,23,0,0,20,70,0,2,1,25,45,3,61,1,0,,,,,,,10,0,80,0,4,0,2,0,2,0,4,2,35.68092,139.76880972222224,6,3,,,,
1,30,101,36,2,0,1,30000,0,101,2019,3,1,18,10,21,,,,,1,1,1,7,7,0,23,0,23,2,9,1,70,5,3,1,55,45,3,61,1,0,,,,,,,1,0,40,0,4,0,2,0,2,0,4,2,35.672286388888885,139.76004333333333,6,3,,,,
1,30,101,37,2,0,1,99000,0,101,2019,3,5,17,2,13,,,,,1,1,1,0,7,0,23,0,23,0,0,20,70,0,2,1,55,45,3,61,1,0,,,,,,,5,0,40,0,4,0,2,0,2,0,4,2,35.68077611111111,139.76897333333335,3,3,,,,
1,30,101,39,2,0,1,20030,0,101,2019,3,7,19,10,22,,,,,3,1,2,1,1,9,22,0,23,17,9,30,70,1,2,1,45,55,2,61,1,0,,,,,,,4,0,10,0,4,0,2,0,2,0,4,2,35.670474166666665,139.75606611111112,5,3,,,,
1,30,101,40,2,0,1,20030,0,101,2019,3,8,5,5,23,,,,,1,1,1,1,1,9,22,0,23,17,9,30,70,1,2,1,25,45,13,61,31,0,,,,,,,4,0,10,0,4,0,2,0,2,0,4,2,35.685136944444444,139.763195,6,3,,,,
1,30,101,48,2,0,1,30000,0,101,2019,2,1,9,50,12,,,,,1,1,1,1,7,9,22,0,23,14,9,30,70,4,2,1,35,25,3,61,31,0,,,,,,,2,0,20,0,4,0,2,0,2,0,4,2,35.67221194444444,139.75993805555555,6,3,,,,
1,30,101,49,2,0,1,10110,0,101,2019,3,27,16,40,12,,,,,1,1,1,14,7,0,23,0,23,3,9,20,70,1,2,1,35,1,51,61,0,0,,,,,,,0,0,10,0,3,0,0,0,0,0,4,2,35.68514611111111,139.76110138888887,4,3,,,,
1,30,102,37,2,0,1,30000,0,101,2019,3,11,15,2,12,,,,,1,1,1,1,7,1,22,0,23,15,9,30,70,5,2,1,45,35,3,61,31,0,,,,,,,2,0,10,0,4,0,2,0,2,0,4,2,35.69803888888889,139.7557225,2,3,,,,
1,30,102,42,2,0,1,30000,0,101,2019,3,13,8,40,12,,,,,1,1,1,14,7,0,23,0,23,3,9,1,70,5,2,1,65,55,3,61,31,0,,,,,,,5,0,30,0,4,0,2,0,2,0,4,2,35.69352583333333,139.76550666666665,4,3,,,,
1,30,103,25,2,0,1,95000,0,101,2019,3,4,17,35,13,,,,,3,1,2,1,1,9,22,0,23,14,9,30,70,1,2,1,65,35,3,61,31,0,,,,,,,4,0,20,0,3,0,2,0,2,0,4,2,35.69936444444444,139.775665,2,3,,,,
1,30,103,28,2,0,1,30000,0,101,2019,3,11,14,40,12,,,,,1,1,1,1,7,9,22,0,23,11,9,30,70,5,3,1,55,55,14,61,31,0,,,,,,,10,0,20,0,3,0,2,0,2,0,4,2,35.70496111111111,139.7732177777778,2,3,,,,
1,30,103,36,2,0,1,30000,0,101,2019,3,29,23,10,22,,,,,2,1,1,14,7,0,23,0,23,5,9,1,70,4,2,1,45,45,3,61,1,0,,,,,,,10,0,10,0,3,0,2,0,2,0,4,2,35.69750777777777,139.77476777777778,6,3,,,,
1,30,104,56,2,0,1,95000,0,102,2019,3,19,7,35,12,,,,,1,1,1,14,7,0,23,0,23,4,9,1,70,4,2,1,25,55,51,61,0,0,,,,,,,0,0,10,0,3,0,0,0,0,0,4,2,35.679360555555554,139.7772977777778,3,3,,,,
1,30,104,71,2,0,1,10030,0,102,2019,3,11,8,0,12,,,,,3,1,2,1,1,9,22,0,23,19,9,30,70,1,2,1,25,35,51,61,0,0,,,,,,,0,0,30,0,4,0,0,0,0,0,4,2,35.675132777777776,139.771845,2,3,,,,
1,30,104,72,2,0,1,95000,0,102,2019,3,5,9,10,12,,,,,1,1,1,14,7,0,23,0,23,5,9,1,70,5,2,1,35,65,12,61,31,0,,,,,,,4,0,30,0,4,0,2,0,2,0,4,2,35.68185222222222,139.77318027777778,3,3,,,,
1,30,104,73,2,0,1,10040,0,102,2019,3,27,10,10,12,,,,,1,1,1,1,1,9,22,0,23,19,9,30,70,4,2,1,45,35,35,61,31,0,,,,,,,2,0,20,0,3,0,0,0,0,0,4,2,35.68167,139.77605027777778,4,3,,,,
1,30,105,26,2,0,1,30000,0,102,2019,3,8,14,3,12,,,,,1,1,1,1,1,9,22,0,23,11,9,30,70,1,1,1,75,45,3,61,31,0,,,,,,,3,0,10,0,3,0,2,0,2,0,4,2,35.680506944444446,139.7871086111111,6,3,,,,
1,30,105,27,2,0,1,30000,0,102,2019,3,6,18,50,22,,,,,1,1,1,14,7,0,23,0,23,1,9,1,70,5,2,1,35,35,51,61,0,0,,,,,,,0,0,20,0,4,0,0,0,0,0,4,2,35.68340944444444,139.78841416666666,4,3,,,,
1,30,106,47,2,0,1,10060,0,102,2019,2,28,14,47,12,,,,,3,1,2,1,1,9,22,0,23,18,9,30,70,1,2,1,35,45,3,61,31,0,,,,,,,10,0,20,0,3,0,2,0,2,0,4,2,35.66927388888889,139.77416611111113,5,3,,,,
1,30,106,53,2,0,1,30000,0,102,2019,3,10,13,47,12,,,,,2,1,1,1,7,9,22,0,23,15,9,30,70,5,2,1,35,45,3,61,1,0,,,,,,,2,0,10,0,3,0,2,0,2,0,4,2,35.67233638888889,139.76771666666667,1,3,,,,
1,30,106,61,2,0,1,30000,0,102,2019,3,22,13,20,12,,,,,1,1,1,1,1,9,22,0,23,17,9,30,70,5,2,1,25,35,14,61,31,0,,,,,,,2,0,10,0,3,0,2,0,2,0,4,2,35.669149166666664,139.76985861111112,6,3,,,,
1,30,107,20,2,0,1,10020,0,102,2019,3,8,13,10,12,,,,,1,1,1,14,7,0,23,0,23,3,8,1,70,5,2,1,35,55,51,61,0,0,,,,,,,0,0,10,0,3,0,0,0,0,0,4,2,35.656821388888886,139.7805152777778,6,3,,,,
1,30,107,24,2,0,1,20680,0,102,2019,3,14,23,30,22,,,,,1,1,1,7,7,0,23,0,23,5,9,1,70,4,2,1,55,1,3,61,1,0,,,,,,,4,0,40,0,4,0,2,0,2,0,4,2,35.65642972222222,139.7733527777778,5,3,,,,
1,30,108,36,2,0,1,20000,0,103,2018,12,20,23,0,22,,,,,1,1,1,1,7,9,22,0,23,15,9,30,70,4,2,1,65,45,3,61,1,0,,,,,,,5,0,10,0,4,0,2,0,2,0,4,2,35.66674666666666,139.75866694444446,5,3,,,,
1,30,108,37,2,0,1,30000,0,103,2019,1,17,22,5,22,,,,,1,1,1,14,7,0,23,0,23,3,9,1,70,5,3,1,65,65,3,61,1,0,,,,,,,5,0,21,0,4,0,2,0,2,0,4,2,35.66559222222222,139.75790944444444,5,3,,,,
1,30,108,40,2,0,1,10,48,103,2019,3,5,17,40,21,,,,,1,1,1,1,1,9,22,0,23,19,9,30,70,4,1,1,45,1,13,61,31,0,,,,,,,5,0,10,0,4,0,2,0,2,0,4,2,35.66311833333333,139.7453997222222,3,3,,,,
1,30,108,44,2,0,1,30000,0,103,2019,2,5,17,13,21,,,,,2,1,2,1,7,9,22,0,23,15,9,30,70,5,2,1,35,65,3,61,31,0,,,,,,,10,0,50,0,3,0,2,0,2,0,4,2,35.66129972222222,139.7543225,3,3,,,,
1,30,108,48,2,0,1,30000,0,103,2019,3,13,10,19,12,,,,,1,1,1,1,7,1,21,0,23,15,9,30,70,5,3,1,55,75,13,61,1,0,,,,,,,2,0,10,0,3,0,2,0,2,0,4,2,35.664210555555556,139.7510186111111,4,3,,,,
1,30,108,52,2,0,1,10,45,103,2019,3,26,14,22,12,,,,,1,1,1,1,1,0,23,0,23,17,9,30,70,5,2,1,45,0,61,0,0,0,,,,,,,0,0,0,0,0,0,0,0,0,0,2,0,35.664813055555555,139.74675694444443,3,3,,,,
1,30,108,53,2,0,1,30000,0,103,2019,3,27,21,0,22,,,,,1,1,1,14,7,0,23,0,23,3,9,1,70,5,3,1,35,75,4,61,31,0,,,,,,,10,0,30,0,4,0,2,0,2,0,4,2,35.665056388888885,139.75779888888889,4,3,,,,
1,30,108,55,2,0,1,20090,0,103,2019,3,30,2,10,22,,,,,3,1,2,1,1,9,22,0,23,18,9,30,70,4,1,1,35,35,3,61,1,0,,,,,,,10,0,50,0,4,0,2,0,2,0,4,2,35.667586666666665,139.75844222222221,7,3,,,,
1,30,108,58,2,0,1,99000,0,103,2019,3,4,17,40,21,,,,,3,1,1,0,7,0,23,0,23,0,0,20,70,0,4,1,45,75,3,61,31,0,,,,,,,10,0,10,0,3,0,2,0,2,0,4,2,35.660835,139.75972305555555,2,3,,,,
1,30,109,40,2,0,1,30000,0,103,2019,3,4,18,10,21,,,,,3,1,2,14,7,0,23,0,23,3,9,1,1,4,2,1,25,25,34,61,31,0,,,,,,,2,0,10,0,3,0,0,0,0,0,4,2,35.640744166666664,139.74563972222222,2,3,,,,
1,30,109,41,2,0,1,30000,0,103,2019,3,5,13,28,12,,,,,1,1,1,1,7,9,22,0,23,11,9,30,70,4,1,1,65,65,3,61,1,0,,,,,,,2,0,10,0,4,0,2,0,2,0,4,2,35.646365,139.75037472222223,3,3,,,,
1,30,109,44,2,0,1,30000,0,103,2019,3,6,8,23,12,,,,,1,1,1,14,7,0,23,0,23,4,9,1,70,4,1,1,35,25,1,61,1,0,,,,,,,3,0,10,0,4,0,2,0,2,0,4,2,35.644416388888885,139.74939194444443,4,3,,,,
1,30,110,45,2,0,1,10140,0,103,2019,3,25,11,27,12,,,,,1,1,1,14,7,0,23,0,23,5,9,1,70,3,1,1,25,55,4,61,31,0,,,,,,,4,0,10,0,3,0,2,0,2,0,4,2,35.63029638888889,139.7451436111111,2,3,,,,
1,30,110,50,2,0,1,150,73,103,2019,3,29,14,21,12,,,,,2,1,1,14,7,0,23,0,23,4,9,1,70,5,2,1,75,45,3,61,1,0,,,,,,,10,0,40,0,4,0,2,0,2,0,4,2,35.62915944444445,139.73777638888888,6,3,,,,
1,30,110,51,2,0,1,150,63,103,2019,3,24,10,35,12,,,,,1,1,1,1,1,9,22,0,23,18,9,30,70,1,1,1,65,55,3,61,1,0,,,,,,,5,0,80,0,4,0,2,0,2,0,4,2,35.63773722222222,139.73933722222222,1,3,,,,
1,30,111,64,2,0,1,20170,0,103,2019,3,2,2,52,22,,,,,1,1,1,14,1,0,23,0,23,1,9,1,70,1,1,1,25,1,3,61,1,0,,,,,,,5,0,10,0,2,0,2,0,2,0,4,2,35.66061222222222,139.72623944444445,7,3,,,,
1,30,111,65,2,0,1,20170,0,103,2019,3,2,3,11,22,,,,,1,1,1,1,1,9,22,0,23,19,9,30,70,1,1,1,25,1,3,61,31,0,,,,,,,5,0,50,0,3,0,2,0,2,0,4,2,35.66337138888889,139.73255722222223,7,3,,,,
1,30,111,74,2,0,1,20170,0,103,2019,2,27,17,15,13,,,,,2,1,1,1,7,1,21,0,23,14,9,30,70,1,1,1,55,35,3,61,1,0,,,,,,,10,0,10,0,4,0,2,0,2,0,4,2,35.65981027777778,139.72290305555555,4,3,,,,
1,30,111,86,2,0,1,20140,0,103,2019,3,19,17,30,13,,,,,1,1,1,14,1,0,23,0,23,5,9,1,70,4,1,1,65,45,3,61,1,0,,,,,,,5,0,0,0,4,0,2,0,2,0,4,2,35.64687138888889,139.73620527777777,3,3,,,,
1,30,111,89,2,0,1,95000,0,103,2019,3,23,13,53,12,,,,,2,1,1,1,7,9,22,0,23,14,9,30,70,1,1,1,35,1,3,61,31,0,,,,,,,4,0,40,0,3,0,2,0,2,0,4,2,35.655076944444446,139.74423555555555,7,3,,,,
1,30,111,90,2,0,1,20170,0,103,2019,3,12,10,2,12,,,,,1,1,1,14,7,0,23,0,23,6,9,1,70,1,1,1,55,25,51,61,0,0,,,,,,,0,0,10,0,4,0,0,0,0,0,4,2,35.66280805555555,139.7309461111111,3,3,,,,
1,30,111,94,2,0,1,30000,0,103,2019,3,20,17,10,13,,,,,1,1,1,14,7,0,23,0,23,2,9,1,70,5,3,1,1,1,51,61,0,0,,,,,,,0,0,10,0,3,0,0,0,0,0,4,2,35.64946222222222,139.7323986111111,4,2,,,,
1,30,111,100,2,0,1,10120,0,103,2019,3,29,23,30,22,,,,,2,1,1,1,7,9,22,0,23,14,9,30,70,5,1,1,45,35,3,61,1,0,,,,,,,2,0,0,0,4,0,2,0,2,0,4,2,35.66181472222222,139.73603083333333,6,3,,,,
1,30,112,47,2,0,1,30000,0,103,2019,3,14,4,15,22,,,,,1,1,1,1,7,1,21,0,23,11,9,30,1,5,2,1,65,35,3,61,1,0,,,,,,,2,0,50,0,3,0,2,0,2,0,4,2,35.67542861111111,139.73729138888888,5,3,,,,
1,30,112,49,2,0,1,30000,0,103,2019,3,14,19,5,22,,,,,1,1,1,1,7,9,22,0,23,11,9,30,70,5,2,1,55,45,13,61,31,0,,,,,,,2,0,20,0,4,0,2,0,2,0,4,2,35.67543361111111,139.73730888888886,5,3,,,,
1,30,113,51,2,0,1,30000,0,108,2019,3,4,18,15,21,,,,,3,1,1,1,7,9,22,0,23,14,9,30,70,5,2,1,35,45,3,61,31,0,,,,,,,3,0,10,0,3,0,2,0,2,0,4,2,35.64407861111111,139.8148713888889,2,3,,,,
1,30,113,52,2,0,1,85010,0,108,2019,3,7,18,52,22,,,,,3,1,2,1,1,9,22,0,23,19,9,30,70,1,1,1,25,45,17,61,1,0,,,,,,,5,0,10,0,3,0,2,0,2,0,4,2,35.62898027777778,139.78899194444443,5,3,,,,
1,30,113,61,2,0,1,85000,0,108,2019,2,15,5,41,23,,,,,1,1,1,14,7,0,23,0,23,4,9,1,70,5,2,1,55,25,35,61,31,0,,,,,,,2,0,10,0,3,0,0,0,0,0,4,2,35.64677611111111,139.8148336111111,6,3,,,,
1,30,215,38,2,0,1,30000,0,109,2018,2,5,16,21,13,,,,,1,1,1,1,1,9,22,0,23,15,9,30,70,4,1,1,35,35,17,61,1,0,,,,,,,2,0,40,0,4,0,2,0,2,0,4,2,35.62176027777778,139.7312102777778,2,3,,,,
1,30,216,30,2,0,1,150,118,109,2019,3,8,7,0,11,,,,,1,1,1,14,7,0,23,0,23,3,9,1,70,5,2,1,45,55,51,61,0,0,,,,,,,0,0,10,0,4,0,0,0,0,0,4,2,35.590319722222226,139.73618833333333,6,3,,,,
1,30,216,32,2,0,1,30000,0,109,2019,2,21,21,5,22,,,,,1,1,1,1,7,1,21,0,23,15,9,30,70,5,2,1,45,25,3,61,31,0,,,,,,,10,0,10,0,3,0,2,0,2,0,4,2,35.60493555555556,139.74520916666665,5,3,,,,
1,30,216,33,2,0,1,30000,0,109,2019,3,16,20,0,22,,,,,1,1,1,1,7,9,22,0,23,11,9,30,1,5,3,1,45,75,14,61,31,0,,,,,,,2,0,20,0,4,0,2,0,2,0,4,2,35.597277222222225,139.72755666666666,7,3,,,,
1,30,216,35,2,0,1,30000,0,109,2019,3,20,7,30,12,,,,,1,1,1,1,1,9,22,0,23,15,7,30,70,4,1,1,25,45,51,61,0,0,,,,,,,0,0,10,0,3,0,0,0,0,0,4,2,35.60760972222222,139.7332913888889,4,2,,,,
1,30,217,31,2,0,1,30000,0,109,2019,2,28,19,10,22,,,,,3,1,2,14,7,0,23,0,23,3,9,1,70,4,2,1,1,1,3,61,31,0,,,,,,,2,0,10,0,4,0,2,0,2,0,4,2,35.616864166666666,139.73021666666668,5,3,,,,
1,30,217,34,2,0,1,30000,0,109,2019,3,5,12,30,12,,,,,1,1,1,14,7,0,23,0,23,3,8,1,70,5,4,1,65,1,17,61,1,0,,,,,,,10,0,80,0,3,0,2,0,2,0,4,2,35.62152916666667,139.72157361111113,3,3,,,,
1,30,217,43,2,0,1,30000,0,109,2019,3,6,23,45,22,,,,,3,1,2,1,7,1,22,0,23,15,9,30,70,5,2,1,55,35,3,61,31,0,,,,,,,10,0,10,0,4,0,2,0,2,0,4,2,35.62664083333333,139.72716083333333,4,3,,,,
1,30,217,44,2,0,1,30000,0,109,2019,3,30,12,45,12,,,,,2,1,1,14,7,0,23,0,23,3,9,1,70,4,2,1,35,1,51,61,0,0,,,,,,,0,0,10,0,3,0,0,0,0,0,4,2,35.61743305555556,139.72959194444445,7,3,,,,
1,30,217,46,2,0,1,30000,0,109,2019,2,19,19,45,22,,,,,3,1,2,14,7,0,23,0,23,2,9,1,70,5,3,1,55,35,3,61,31,0,,,,,,,2,0,40,0,4,0,2,0,2,0,4,2,35.630968055555556,139.71566777777775,3,3,,,,
1,30,218,54,2,0,1,30000,0,109,2019,3,26,9,5,12,,,,,3,1,2,1,7,1,21,0,23,14,9,30,70,4,3,1,75,55,3,61,31,0,,,,,,,10,0,10,0,4,0,2,0,2,0,4,2,35.61559472222223,139.7150275,3,3,,,,
1,30,218,55,2,0,1,30000,0,109,2019,3,28,16,18,12,,,,,2,1,1,1,7,1,21,0,23,15,9,30,70,5,3,1,65,55,3,61,1,0,,,,,,,10,0,10,0,2,0,2,0,2,0,4,2,35.61445333333334,139.72103944444444,5,3,,,,
1,30,219,87,1,1,0,21140,0,111,2019,3,23,1,55,22,,,,,2,1,1,7,7,0,23,0,23,3,9,1,70,4,2,1,65,65,3,61,1,0,,,,,,,2,0,80,0,3,0,2,0,2,0,4,1,35.57741694444445,139.72699083333333,7,3,,,,
1,30,219,88,2,0,1,20180,0,111,2019,2,25,12,50,12,,,,,2,1,1,1,1,0,23,0,23,15,9,30,70,4,2,1,45,0,61,0,0,0,,,,,,,0,0,0,0,0,0,0,0,0,0,2,0,35.57952388888889,139.71983194444445,2,3,,,,
1,30,219,102,2,0,1,30000,0,111,2019,3,7,0,10,22,,,,,3,1,2,1,7,1,21,0,23,11,9,30,70,5,3,1,65,25,3,61,1,0,,,,,,,10,0,10,0,3,0,2,0,2,0,4,2,35.58643916666667,139.7276275,5,3,,,,
1,30,219,118,2,0,1,30000,0,111,2019,3,15,8,30,12,,,,,1,1,1,14,7,0,23,0,23,2,9,1,70,5,3,1,1,45,51,61,0,0,,,,,,,0,0,40,0,4,0,0,0,0,0,4,2,35.578833055555556,139.7235575,6,3,,,,
1,30,219,119,2,0,1,30000,0,111,2019,3,9,14,30,12,,,,,1,1,1,14,7,0,23,0,23,2,9,20,70,5,3,1,55,45,4,61,31,0,,,,,,,2,0,40,0,3,0,2,0,2,0,4,2,35.56806111111111,139.72434,7,3,,,,
1,30,220,39,2,0,2,10170,0,111,2019,2,2,21,26,22,,,,,1,1,1,14,7,0,23,0,23,2,9,1,70,1,1,1,45,65,36,61,31,0,,,,,,,10,0,10,0,3,0,0,0,0,0,4,2,35.60217416666667,139.6952836111111,7,3,,,,
1,30,220,40,2,0,1,30000,0,111,2019,3,2,9,5,12,,,,,1,1,1,14,7,0,23,0,23,2,9,1,70,5,2,1,65,1,3,61,31,0,,,,,,,10,0,20,0,4,0,2,0,2,0,4,2,35.60377833333334,139.6937252777778,7,3,,,,
1,30,220,41,2,0,1,30000,0,111,2019,3,2,17,10,13,,,,,1,1,1,7,7,0,23,0,23,3,8,1,70,4,3,1,45,1,3,61,31,0,,,,,,,2,0,10,0,4,0,2,0,2,0,4,2,35.60872361111111,139.69295305555556,7,3,,,,
1,30,220,49,2,0,1,95000,0,111,2019,3,11,20,40,22,,,,,1,1,1,0,7,0,23,0,23,0,0,20,70,0,1,1,25,0,61,0,0,0,,,,,,,0,0,0,0,0,0,0,0,0,0,2,0,35.60735611111111,139.68645805555556,2,3,,,,
1,30,220,50,2,0,1,10200,0,111,2019,3,14,16,25,12,,,,,1,1,1,7,1,0,23,0,23,3,7,1,70,1,1,1,65,75,3,61,31,0,,,,,,,10,0,10,0,4,0,2,0,2,0,4,2,35.577288333333335,139.6835088888889,5,3,,,,
1,30,220,60,2,0,1,30000,0,111,2019,3,24,17,20,13,,,,,1,1,1,14,7,0,23,0,23,2,9,1,70,5,3,1,55,65,3,61,31,0,,,,,,,2,0,30,0,4,0,2,0,2,0,4,2,35.5798275,139.68526916666667,1,3,,,,
1,30,221,43,2,0,1,10200,0,111,2018,10,27,8,50,12,,,,,1,1,1,1,7,1,21,0,23,17,9,30,70,4,1,1,45,55,12,61,31,0,,,,,,,2,0,10,0,4,0,2,0,2,0,4,2,35.559666944444444,139.71286972222222,7,3,,,,
1,30,221,44,2,0,2,10200,0,111,2019,3,3,22,50,22,,,,,3,1,2,1,1,9,22,0,23,18,9,30,70,1,1,1,45,45,3,61,1,0,,,,,,,5,0,50,0,2,0,2,0,2,0,4,2,35.558795277777776,139.7182075,1,3,,,,
1,30,221,45,2,0,1,30000,0,111,2019,3,4,9,45,12,,,,,3,1,2,14,7,0,23,0,23,3,9,1,70,4,3,1,35,65,51,61,0,0,,,,,,,0,0,10,0,3,0,0,0,0,0,4,2,35.55915722222222,139.72726416666666,2,3,,,,
1,30,221,57,2,0,1,30000,0,111,2019,3,13,9,19,12,,,,,1,1,1,7,7,0,23,0,23,1,9,1,70,4,3,1,55,45,3,61,31,0,,,,,,,2,0,40,0,3,0,2,0,2,0,4,2,35.55759277777778,139.71770388888888,4,3,,,,
1,30,221,58,2,0,1,30000,0,111,2019,3,19,15,48,12,,,,,1,1,1,14,7,0,23,0,23,2,9,1,70,5,3,1,75,65,3,61,31,0,,,,,,,2,0,30,0,4,0,2,0,2,0,4,2,35.55981555555555,139.71604472222222,3,3,,,,