資料区分,都道府県コード,警察署等コード,本票番号,事故内容,死者数,負傷者数,路線コード,地点コード,市区町村コード,発生日時　　年,発生日時　　月,発生日時　　日,発生日時　　時,発生日時　　分,昼夜,日の出時刻　　時,日の出時刻　　分,日の入り時刻　　時,日の入り時刻　　分,天候,地形,路面状態,道路形状,信号機,一時停止規制　標識（当事者A）,一時停止規制　表示（当事者A）,一時停止規制　標識（当事者B）,一時停止規制　表示（当事者B）,車道幅員,道路線形,衝突地点,ゾーン規制,中央分離帯施設等,歩車道区分,事故類型,年齢（当事者A）,年齢（当事者B）,当事者種別（当事者A）,当事者種別（当事者B）,用途別（当事者A）,用途別（当事者B）,車両形状等（当事者A）,車両形状等（当事者B）,オートマチック車（当事者A）,オートマチック車（当事者B）,サポカー（当事者A）,サポカー（当事者B）,速度規制（指定のみ）（当事者A）,速度規制（指定のみ）（当事者B）,車両の衝突部位（当事者A）,車両の衝突部位（当事者B）,車両の損壊程度（当事者A）,車両の損壊程度（当事者B）,エアバッグの装備（当事者A）,エアバッグの装備（当事者B）,サイドエアバッグの装備（当事者A）,サイドエアバッグの装備（当事者B）,人身損傷程度（当事者A）,人身損傷程度（当事者B）,lat,lon,曜日(発生年月日),祝日(発生年月日),認知機能検査経過日数（当事者A）,認知機能検査経過日数（当事者B）,運転練習の方法（当事者A）,運転練習の方法（当事者B）
1,30,222,60,2,0,1,30000,0,111,2019,3,13,21,10,22,,,,,1,1,1,14,7,0,23,0,23,2,9,1,70,5,3,1,65,45,51,61,0,0,,,,,,,0,0,10,0,3,0,0,0,0,0,4,2,35.56731472222223,139.6920575,4,3,,,,
1,30,222,73,2,0,1,10130,0,111,2019,3,12,8,32,12,,,,,1,1,1,14,7,0,23,0,23,1,9,1,70,1,1,1,25,25,51,61,0,0,,,,,,,0,0,40,0,4,0,0,0,0,0,4,2,35.59234916666667,139.7176488888889,3,3,,,,
1,30,325,81,2,0,1,30000,0,112,2019,3,6,23,10,22,,,,,3,1,2,14,7,0,23,0,23,3,9,1,70,5,3,1,55,55,51,61,0,0,,,,,,,0,0,10,0,3,0,0,0,0,0,4,2,35.64031694444444,139.66736972222222,4,3,,,,
1,30,325,94,2,0,1,10200,0,112,2019,3,13,11,5,12,,,,,1,1,1,1,1,9,22,0,23,18,9,30,70,1,2,1,35,75,11,61,1,0,,,,,,,5,0,20,0,4,0,2,0,2,0,4,2,35.63693694444444,139.62132222222223,4,3,,,,
1,30,325,99,2,0,1,30000,0,112,2019,3,20,2,10,22,,,,,1,1,1,14,7,0,23,0,23,3,9,1,70,4,2,1,75,45,3,61,31,0,,,,,,,3,0,40,0,3,0,2,0,2,0,4,2,35.640143611111114,139.64427666666666,4,2,,,,
1,30,325,101,2,0,1,30000,0,112,2019,3,20,14,35,12,,,,,1,1,1,1,7,9,22,0,23,14,9,30,70,5,3,1,25,1,13,61,31,0,,,,,,,2,0,80,0,3,0,2,0,2,0,4,2,35.635485833333334,139.6750211111111,4,2,,,,
1,30,325,108,2,0,1,10210,0,112,2018,12,13,20,45,22,,,,,1,1,1,7,1,0,23,0,23,3,9,1,70,4,1,1,25,25,51,61,0,0,,,,,,,0,0,40,0,3,0,0,0,0,0,4,2,35.63978361111111,139.63396083333333,5,3,,,,
1,30,325,113,2,0,1,20000,0,112,2019,3,30,20,45,22,,,,,3,1,2,1,1,9,22,0,23,11,9,20,70,5,1,1,35,75,51,61,0,0,,,,,,,0,0,10,0,3,0,0,0,0,0,4,2,35.638840277777774,139.67878555555555,7,3,,,,
1,30,325,118,2,0,1,30730,0,112,2019,3,29,15,30,12,,,,,1,1,1,14,7,0,23,0,23,3,9,1,70,4,2,1,45,25,51,61,0,0,,,,,,,0,0,40,0,3,0,0,0,0,0,4,2,35.64636055555555,139.62127750000002,6,3,,,,
1,30,326,70,1,1,0,200,136,112,2019,3,5,11,53,12,,,,,1,1,1,1,7,9,22,0,23,17,9,30,70,5,1,1,25,55,14,61,31,0,,,,,,,4,0,10,0,3,0,2,0,2,0,4,1,35.670160277777775,139.6511238888889,3,3,,,,
1,30,326,73,2,0,1,30000,0,112,2019,3,4,9,30,12,,,,,3,1,2,14,7,0,23,0,23,2,9,1,70,5,3,1,35,1,17,61,1,0,,,,,,,2,0,30,0,4,0,2,0,2,0,4,2,35.651690277777774,139.66207416666668,2,3,,,,
1,30,326,75,2,0,1,30000,0,113,2019,3,6,12,30,12,,,,,2,1,1,1,7,9,22,0,23,11,9,30,70,5,3,1,25,35,51,61,0,0,,,,,,,0,0,10,0,3,0,0,0,0,0,4,2,35.67159972222222,139.6660363888889,4,3,,,,
1,30,326,82,2,0,1,30000,0,112,2019,3,17,10,45,12,,,,,1,1,1,1,7,1,21,0,23,11,9,30,70,5,3,1,55,35,3,61,1,0,,,,,,,10,0,50,0,4,0,2,0,2,0,4,2,35.65569361111111,139.6582875,1,3,,,,
1,30,326,87,2,0,1,30000,0,112,2019,3,18,23,25,22,,,,,1,1,1,1,1,9,22,0,23,15,9,30,70,5,1,1,45,25,3,61,31,0,,,,,,,3,0,10,0,3,0,2,0,2,0,4,2,35.65405416666667,139.66253416666666,2,3,,,,
1,30,326,95,2,0,1,30000,0,112,2019,3,27,11,50,12,,,,,1,1,1,14,7,0,23,0,23,2,8,1,70,5,4,1,35,65,14,61,31,0,,,,,,,10,0,10,0,3,0,2,0,2,0,4,2,35.64968638888889,139.6375075,4,3,,,,
1,30,327,87,2,0,1,95000,0,112,2019,3,3,11,50,12,,,,,3,1,2,7,1,0,23,0,23,1,9,1,70,5,2,1,45,55,3,61,31,0,,,,,,,10,0,50,0,3,0,2,0,2,0,4,2,35.635482777777774,139.62733194444445,1,3,,,,
1,30,327,91,2,0,1,10080,0,112,2019,3,8,11,55,12,,,,,1,1,1,14,7,0,23,0,23,5,9,1,70,4,1,1,25,1,3,61,31,0,,,,,,,10,0,20,0,3,0,2,0,2,0,4,2,35.61384,139.65975111111112,6,3,,,,
1,30,327,92,2,0,1,30000,0,112,2019,3,11,9,20,12,,,,,3,1,2,1,1,9,22,0,23,11,9,30,70,5,2,1,25,65,51,61,0,0,,,,,,,0,0,10,0,3,0,0,0,0,0,4,2,35.63140805555555,139.64380416666665,2,3,,,,
1,30,327,93,2,0,1,95000,0,112,2019,3,11,16,35,12,,,,,1,1,1,1,7,9,22,0,23,11,9,30,70,4,2,1,75,65,4,61,31,0,,,,,,,10,0,10,0,3,0,2,0,2,0,4,2,35.61297972222222,139.65997055555556,2,3,,,,
1,30,327,95,2,0,1,30000,0,112,2019,3,7,18,5,21,,,,,3,1,2,14,7,0,23,0,23,1,8,1,70,5,2,1,65,35,3,61,31,0,,,,,,,5,0,10,0,3,0,2,0,2,0,4,2,35.612968333333335,139.65995750000002,5,3,,,,
1,30,327,96,2,0,1,30000,0,112,2019,2,25,8,40,12,,,,,1,1,1,1,7,9,22,0,23,14,9,30,70,5,3,1,55,55,17,61,31,0,,,,,,,10,0,30,0,4,0,2,0,2,0,4,2,35.600545000000004,139.67677027777776,2,3,,,,
1,30,327,131,2,0,1,30000,0,112,2019,3,27,9,25,12,,,,,1,1,1,1,7,1,21,0,23,11,9,30,70,4,2,1,45,1,3,61,31,0,,,,,,,3,0,10,0,3,0,2,0,2,0,4,2,35.6321475,139.62840027777779,4,3,,,,
1,30,327,143,2,0,1,99000,0,112,2019,3,20,5,32,23,,,,,1,1,1,0,7,0,23,0,23,0,0,20,70,0,4,1,35,45,4,61,31,0,,,,,,,10,0,30,0,3,0,2,0,2,0,4,2,35.627429444444445,139.64468833333333,4,2,,,,
1,30,327,149,2,0,1,30000,0,112,2019,3,30,15,42,12,,,,,2,1,1,14,7,0,23,0,23,3,9,1,70,5,2,1,55,25,3,61,31,0,,,,,,,10,0,80,0,3,0,2,0,2,0,4,2,35.61275611111111,139.63798666666665,7,3,,,,
1,30,328,98,2,0,1,30000,0,112,2019,3,4,9,52,12,,,,,3,1,2,1,7,9,22,0,23,11,9,20,70,5,3,1,65,75,3,61,1,0,,,,,,,1,0,10,0,3,0,2,0,2,0,4,2,35.64093888888889,139.59966277777778,2,3,,,,
1,30,328,104,2,0,1,30000,0,112,2019,3,9,8,29,12,,,,,1,1,1,14,7,0,23,0,23,1,9,1,70,4,2,1,35,55,51,61,0,0,,,,,,,0,0,10,0,3,0,0,0,0,0,4,2,35.657600277777775,139.60935583333332,7,3,,,,
1,30,328,107,2,0,1,30000,0,112,2019,3,9,18,30,21,,,,,1,1,1,1,7,9,22,0,23,15,9,30,70,4,1,1,55,65,3,61,31,0,,,,,,,2,0,10,0,3,0,2,0,2,0,4,2,35.649370833333336,139.59659361111113,7,3,,,,
1,30,328,116,2,0,1,30000,0,112,2019,3,13,17,0,13,,,,,1,1,1,14,7,0,23,0,23,1,9,1,1,5,3,1,45,1,35,61,31,0,,,,,,,10,0,10,0,4,0,0,0,0,0,4,2,35.62462611111111,139.59920055555557,4,3,,,,
1,30,328,117,2,0,1,30000,0,112,2019,3,14,6,32,11,,,,,1,1,1,14,7,0,23,0,23,2,9,1,70,5,2,1,45,65,3,61,31,0,,,,,,,2,0,40,0,3,0,2,0,2,0,4,2,35.655208333333334,139.62295277777778,5,3,,,,
1,30,328,118,2,0,1,200,167,112,2019,3,14,8,5,12,,,,,1,1,1,14,7,0,23,0,23,5,9,1,70,4,1,1,45,1,51,61,0,0,,,,,,,0,0,40,0,3,0,0,0,0,0,2,4,35.671480555555554,139.61754361111113,5,3,,,,
1,30,328,120,2,0,1,30000,0,112,2019,3,15,7,40,12,,,,,1,1,1,14,7,0,23,0,23,3,9,1,70,5,2,1,45,1,4,61,31,0,,,,,,,10,0,10,0,3,0,2,0,2,0,4,2,35.648066944444444,139.61411333333334,6,3,,,,
1,30,328,131,2,0,1,30000,0,112,2019,3,14,9,5,12,,,,,1,1,1,14,7,0,23,0,23,2,9,1,70,5,3,1,45,35,3,61,31,0,,,,,,,2,0,10,0,3,0,2,0,2,0,4,2,35.66890472222222,139.61591916666666,5,3,,,,
1,30,328,135,2,0,1,30000,0,112,2019,3,21,16,15,12,,,,,1,1,1,7,7,0,23,0,23,2,9,1,70,5,3,1,1,35,4,61,31,0,,,,,,,10,0,50,0,3,0,2,0,2,0,4,2,35.669512777777776,139.61865055555558,5,1,,,,
1,30,328,144,2,0,1,99000,0,112,2019,3,30,15,55,12,,,,,2,1,1,0,7,0,23,0,23,0,0,20,70,0,4,1,35,55,3,61,31,0,,,,,,,10,0,20,0,3,0,2,0,2,0,4,2,35.64928027777778,139.5936938888889,7,3,,,,
1,30,328,145,2,0,1,30000,0,112,2019,3,31,17,10,13,,,,,1,1,1,14,7,0,23,0,23,2,9,1,70,4,2,1,45,65,3,61,31,0,,,,,,,3,0,50,0,4,0,2,0,2,0,4,2,35.68277222222222,139.58797750000002,1,3,,,,
1,30,328,148,2,0,1,30000,0,112,2019,2,27,15,40,12,,,,,2,1,1,14,7,0,23,0,23,3,9,1,70,5,2,1,1,55,51,61,0,0,,,,,,,0,0,10,0,4,0,0,0,0,0,4,2,35.64737638888889,139.62371916666666,4,3,,,,
1,30,329,54,2,0,1,10080,0,110,2019,3,18,8,10,12,,,,,1,1,1,14,7,0,23,0,23,5,9,1,70,4,2,1,45,1,3,61,31,0,,,,,,,4,0,40,0,3,0,2,0,2,0,4,2,35.63056972222222,139.7015961111111,2,3,,,,
1,30,330,39,2,0,1,30000,0,110,2018,12,4,16,20,13,,,,,1,1,1,14,7,0,23,0,23,2,8,1,70,5,4,1,25,55,51,61,0,0,,,,,,,0,0,40,0,4,0,0,0,0,0,4,2,35.61134833333333,139.67089055555556,3,3,,,,
1,30,330,41,2,0,1,30000,0,110,2019,2,12,19,42,22,,,,,2,1,1,1,1,9,22,0,23,18,9,30,70,5,3,1,25,75,51,61,0,0,,,,,,,0,0,10,0,3,0,0,0,0,0,4,2,35.61741194444444,139.69793833333333,3,3,,,,
1,30,330,43,2,0,1,30000,0,110,2019,3,2,15,50,12,,,,,1,1,1,1,7,9,22,0,23,11,9,30,70,5,3,1,55,75,3,61,31,0,,,,,,,10,0,0,0,4,0,2,0,2,0,4,2,35.622351111111115,139.6975338888889,7,3,,,,
1,30,330,50,2,0,1,20240,0,110,2019,3,18,11,40,12,,,,,1,1,1,1,1,9,22,0,23,11,9,30,70,5,3,1,55,45,13,61,1,0,,,,,,,3,0,10,0,3,0,2,0,2,0,4,2,35.62985583333333,139.68702833333333,2,3,,,,
1,30,330,53,2,0,1,30000,0,110,2019,3,22,12,15,12,,,,,1,1,1,14,7,0,23,0,23,1,9,1,1,5,3,1,55,35,4,61,31,0,,,,,,,2,0,20,0,4,0,2,0,2,0,4,2,35.629334166666666,139.68394166666667,6,3,,,,
1,30,330,58,2,0,1,30000,0,110,2019,3,28,20,30,22,,,,,1,1,1,14,7,0,23,0,23,1,9,1,70,5,3,1,25,45,51,61,0,0,,,,,,,0,0,10,0,4,0,0,0,0,0,4,2,35.62866944444445,139.68531194444444,5,3,,,,
1,30,330,60,2,0,1,30000,0,110,2019,3,30,17,35,13,,,,,1,1,1,14,7,0,23,0,23,2,9,1,70,5,3,1,45,35,3,61,31,0,,,,,,,2,0,40,0,3,0,2,0,2,0,4,2,35.628818333333335,139.6868675,7,3,,,,
1,30,331,26,2,0,1,30000,0,113,2019,3,2,15,15,12,,,,,1,1,1,1,1,9,22,0,23,15,9,30,70,4,1,1,45,75,3,61,31,0,,,,,,,2,0,20,0,4,0,2,0,2,0,4,2,35.6557375,139.71096083333333,7,3,,,,
1,30,331,30,2,0,1,30000,0,113,2019,3,12,15,55,12,,,,,1,1,1,14,7,0,23,0,23,3,9,1,70,5,3,1,35,25,14,61,31,0,,,,,,,2,0,30,0,4,0,2,0,2,0,4,2,35.65725305555556,139.6970875,3,3,,,,
1,30,331,34,2,0,1,10090,0,113,2019,3,16,23,20,22,,,,,1,1,1,1,1,9,22,0,23,19,9,30,70,4,2,1,25,25,3,61,31,0,,,,,,,4,0,50,0,3,0,2,0,2,0,4,2,35.659662222222224,139.70232638888888,7,3,,,,
1,30,331,37,2,0,1,30000,0,113,2019,2,13,15,35,12,,,,,1,1,1,1,7,9,22,0,23,15,7,30,70,4,2,1,25,25,31,61,31,0,,,,,,,3,0,10,0,3,0,0,0,0,0,4,2,35.66226916666667,139.70035444444443,4,3,,,,
1,30,331,38,2,0,1,30000,0,113,2019,3,24,9,40,12,,,,,1,1,1,1,1,9,22,0,23,15,9,30,70,5,2,1,45,55,3,61,31,0,,,,,,,3,0,10,0,3,0,2,0,2,0,4,2,35.643703611111114,139.71526388888887,1,3,,,,
1,30,332,25,2,0,1,30000,0,113,2019,2,18,19,31,22,,,,,1,1,1,1,1,9,22,0,23,14,9,30,70,4,1,1,1,25,51,61,0,0,,,,,,,0,0,10,0,3,0,0,0,0,0,4,2,35.67158611111111,139.70302444444442,2,3,,,,
1,30,333,47,2,0,1,30000,0,113,2019,3,3,19,35,22,,,,,3,1,2,1,7,9,22,0,23,11,9,20,70,5,2,1,25,45,3,61,1,0,,,,,,,2,0,20,0,4,0,2,0,2,0,4,2,35.67324138888889,139.6684911111111,1,3,,,,
1,30,333,48,2,0,1,30250,0,113,2019,3,5,7,35,12,,,,,1,1,1,1,1,9,22,0,23,19,9,30,70,1,1,1,45,75,3,61,31,0,,,,,,,4,0,10,0,3,0,2,0,2,0,4,2,35.667965277777775,139.69200833333335,3,3,,,,
1,30,333,51,2,0,1,10160,0,113,2019,3,8,15,0,12,,,,,1,1,1,14,7,0,23,0,23,3,9,1,70,1,2,1,65,35,2,61,1,0,,,,,,,5,0,20,0,4,0,2,0,2,0,4,2,35.66269888888889,139.68752333333333,6,3,,,,
1,30,333,54,2,0,1,30000,0,113,2019,2,26,11,55,12,,,,,2,1,1,14,7,0,23,0,23,2,9,1,70,5,4,1,65,45,13,61,31,0,,,,,,,10,0,10,0,4,0,2,0,2,0,4,2,35.681765,139.67653527777776,3,3,,,,
1,30,333,61,2,0,1,95000,0,113,2019,3,28,9,10,12,,,,,2,1,1,0,7,0,23,0,23,0,0,20,70,0,4,1,55,75,13,61,31,0,,,,,,,10,0,30,0,3,0,2,0,2,0,4,2,35.67563277777778,139.68188277777776,5,3,,,,
1,30,435,21,2,0,2,20290,0,104,2019,1,29,12,33,12,,,,,1,1,1,13,7,0,23,0,23,4,3,1,70,4,2,1,65,25,3,61,1,0,,,,,,,3,0,18,0,2,0,2,0,2,0,4,2,35.70133388888889,139.71756805555555,3,3,,,,
1,30,435,29,2,0,1,30000,0,104,2019,3,15,16,0,12,,,,,1,1,1,7,7,0,23,0,23,2,9,1,70,4,3,1,55,1,3,61,1,0,,,,,,,2,0,10,0,3,0,2,0,2,0,4,2,35.70652777777778,139.74040777777776,6,3,,,,
1,30,435,32,2,0,1,20000,0,104,2019,3,24,20,54,22,,,,,1,1,1,1,1,9,22,0,23,19,9,30,70,4,1,1,25,65,34,61,31,0,,,,,,,3,0,10,0,3,0,0,0,0,0,4,2,35.705085555555556,139.74367666666666,1,3,,,,
1,30,436,40,2,0,1,20000,0,104,2018,12,7,20,5,22,,,,,1,1,1,1,7,9,22,0,23,17,9,30,70,4,2,1,65,25,3,61,1,0,,,,,,,4,0,10,0,3,0,2,0,2,0,4,2,35.692248888888884,139.6911888888889,6,3,,,,
1,30,436,47,2,0,1,30000,0,104,2019,3,8,19,10,22,,,,,1,1,1,1,7,9,22,0,23,11,9,30,70,5,3,1,55,25,3,61,31,0,,,,,,,5,0,40,0,4,0,2,0,2,0,4,2,35.69471111111111,139.70229055555555,6,3,,,,
1,30,436,52,2,0,1,20000,0,104,2019,3,20,19,10,22,,,,,1,1,1,1,7,1,22,0,23,19,9,30,70,4,2,1,35,25,3,61,31,0,,,,,,,2,0,20,0,4,0,2,0,2,0,4,2,35.69060722222222,139.70151166666665,4,2,,,,
1,30,436,55,2,0,1,30000,0,104,2019,3,26,12,20,12,,,,,1,1,1,1,7,9,22,0,23,14,9,30,70,5,2,1,25,1,4,61,31,0,,,,,,,10,0,10,0,3,0,2,0,2,0,4,2,35.70408166666667,139.7013108333333,3,3,,,,
1,30,436,61,2,0,1,20290,0,104,2019,2,16,11,55,12,,,,,1,1,1,7,1,0,23,0,23,4,9,20,70,4,2,1,45,25,13,61,31,0,,,,,,,4,0,10,0,3,0,2,0,2,0,4,2,35.701413333333335,139.70071083333332,7,3,,,,
1,30,437,24,2,0,2,10250,0,104,2019,1,16,10,27,12,,,,,1,1,1,1,1,9,22,0,23,15,9,30,70,5,1,1,45,35,4,61,31,0,,,,,,,3,0,11,0,1,0,1,0,2,0,4,2,35.72382944444445,139.6775008333333,4,3,,,,
1,30,437,29,2,0,1,30000,0,104,2019,3,31,19,25,22,,,,,3,1,2,14,7,0,23,0,23,2,9,1,70,5,3,1,35,55,3,61,31,0,,,,,,,1,0,10,0,3,0,2,0,2,0,4,2,35.713609444444444,139.70361722222222,1,3,,,,
1,30,438,35,2,0,1,30000,0,104,2019,3,7,17,23,13,,,,,3,1,2,1,7,9,22,0,23,11,9,30,70,5,4,1,55,1,36,61,31,0,,,,,,,2,0,10,0,4,0,0,0,0,0,4,2,35.69004333333333,139.72639777777778,5,3,,,,
1,30,439,61,2,0,2,10240,0,114,2019,3,8,17,10,13,,,,,1,1,1,1,1,9,22,0,23,18,9,30,70,4,1,1,35,1,35,61,31,0,,,,,,,10,0,10,0,3,0,0,0,0,0,2,2,35.69748583333333,139.678855,6,3,,,,
1,30,439,64,2,0,1,20280,0,114,2019,3,11,6,4,11,,,,,3,1,2,1,1,9,22,0,23,14,9,30,70,5,1,1,65,45,13,61,31,0,,,,,,,3,0,10,0,3,0,2,0,2,0,4,2,35.68344611111111,139.66937083333332,2,3,,,,
1,30,439,66,2,0,1,10240,0,114,2019,3,11,17,51,21,,,,,1,1,1,1,1,9,22,0,23,18,9,30,70,4,1,1,35,75,3,61,31,0,,,,,,,10,0,40,0,3,0,2,0,2,0,4,2,35.69748388888888,139.67121555555553,2,3,,,,
1,30,439,82,2,0,1,10240,0,114,2019,3,24,11,45,12,,,,,1,1,1,7,7,0,23,0,23,3,9,1,1,4,1,1,55,35,3,61,31,0,,,,,,,2,0,10,0,3,0,2,0,2,0,4,2,35.69761194444444,139.66992527777776,1,3,,,,
1,30,439,83,2,0,1,10240,0,114,2019,3,25,20,27,22,,,,,1,1,1,7,7,0,23,0,23,5,9,1,70,4,2,1,55,75,31,61,31,0,,,,,,,10,0,10,0,3,0,0,0,0,0,4,2,35.69765083333333,139.67476444444443,2,3,,,,
1,30,439,87,2,0,1,30000,0,114,2019,3,28,13,36,12,,,,,2,1,2,14,7,0,23,0,23,4,9,1,70,4,3,1,45,75,3,61,31,0,,,,,,,10,0,30,0,3,0,2,0,2,0,4,2,35.70142805555556,139.683335,5,3,,,,
1,30,439,88,2,0,1,30000,0,114,2019,3,30,8,35,12,,,,,2,1,1,1,7,9,22,0,23,11,9,30,70,5,4,1,45,1,3,61,31,0,,,,,,,5,0,10,0,3,0,2,0,2,0,4,2,35.69512722222222,139.67184305555554,7,3,,,,
1,30,440,49,2,0,1,30000,0,114,2019,3,1,11,30,12,,,,,2,1,1,14,7,0,23,0,23,3,9,1,70,5,3,1,65,35,17,61,1,0,,,,,,,2,0,10,0,4,0,2,0,2,0,4,2,35.71870083333334,139.65291944444445,6,3,,,,
1,30,440,56,2,0,1,10250,0,114,2019,3,9,22,5,22,,,,,1,1,1,14,7,0,23,0,23,4,9,1,70,4,2,1,35,1,51,61,0,0,,,,,,,0,0,10,0,4,0,0,0,0,0,4,2,35.72388361111111,139.66282472222224,7,3,,,,
1,30,440,61,2,0,1,30000,0,114,2019,3,14,9,25,12,,,,,1,1,1,14,7,0,23,0,23,3,9,1,70,5,3,1,45,65,3,61,31,0,,,,,,,2,0,40,0,3,0,2,0,2,0,4,2,35.71144,139.64985805555554,5,3,,,,
1,30,440,69,2,0,1,30000,0,114,2019,3,17,15,45,12,,,,,1,1,1,1,7,9,22,0,23,11,9,30,70,5,4,1,55,1,3,61,31,0,,,,,,,10,0,50,0,4,0,2,0,2,0,4,2,35.71808083333333,139.67163527777777,1,3,,,,
1,30,440,70,2,0,1,10130,0,114,2019,3,18,9,45,12,,,,,1,1,1,1,7,9,22,0,23,14,9,30,70,5,3,1,45,75,13,61,31,0,,,,,,,2,0,10,0,4,0,2,0,2,0,4,2,35.71850361111111,139.65387944444444,2,3,,,,
1,30,440,75,2,0,1,20280,0,114,2019,3,20,16,47,12,,,,,1,1,1,14,1,0,23,0,23,3,9,1,70,4,1,1,25,25,3,61,31,0,,,,,,,3,0,40,0,3,0,2,0,2,0,4,2,35.70902777777778,139.66500333333335,4,2,,,,
1,30,440,82,2,0,1,30000,0,114,2019,3,25,23,55,22,,,,,1,1,1,14,7,0,23,0,23,2,9,1,70,5,3,1,35,0,61,0,0,0,,,,,,,0,0,0,0,0,0,0,0,0,0,2,0,35.726669722222226,139.63289083333333,2,3,,,,
1,30,440,84,2,0,1,30000,0,114,2019,3,27,17,30,13,,,,,1,1,1,1,7,9,22,0,23,11,9,30,70,5,3,1,35,25,14,61,1,0,,,,,,,10,0,40,0,4,0,2,0,2,0,4,2,35.72082833333334,139.6474536111111,4,3,,,,
1,30,441,64,2,0,1,20500,0,115,2019,3,7,19,35,22,,,,,3,1,2,1,1,9,22,0,23,14,9,30,70,4,2,1,65,45,3,61,31,0,,,,,,,3,0,10,0,3,0,2,0,2,0,4,2,35.71349583333333,139.63463416666667,5,3,,,,
1,30,441,66,2,0,1,30000,0,115,2019,3,8,11,30,12,,,,,1,1,1,14,7,0,23,0,23,2,9,1,70,5,3,1,25,45,3,61,31,0,,,,,,,10,0,80,0,3,0,2,0,2,0,4,2,35.69848638888889,139.6368547222222,6,3,,,,
1,30,441,67,2,0,1,10240,0,115,2019,3,10,1,52,22,,,,,1,1,1,14,7,0,23,0,23,4,9,1,70,4,2,1,45,35,3,61,1,0,,,,,,,10,0,10,0,3,0,2,0,2,0,4,2,35.70001666666667,139.6340461111111,1,3,,,,
1,30,441,76,2,0,1,30000,0,115,2019,3,1,22,18,22,,,,,1,1,1,1,7,9,22,0,23,15,9,30,70,5,3,1,45,35,3,61,31,0,,,,,,,2,0,10,0,4,0,2,0,2,0,4,2,35.70464555555556,139.6507102777778,6,3,,,,
1,30,441,78,2,0,1,30000,0,115,2019,3,19,14,45,12,,,,,2,1,1,1,7,9,22,0,23,14,9,30,70,4,2,1,55,1,3,61,31,0,,,,,,,2,0,10,0,3,0,2,0,2,0,4,2,35.69547444444444,139.62504388888888,3,3,,,,
1,30,441,81,2,0,1,30000,0,115,2019,3,22,14,35,12,,,,,2,1,1,1,7,9,22,0,23,11,9,30,70,5,4,1,35,1,13,61,31,0,,,,,,,1,0,10,0,4,0,2,0,2,0,4,2,35.69760611111111,139.63202722222223,6,3,,,,
1,30,441,85,2,0,1,30000,0,115,2019,3,25,16,40,12,,,,,2,1,1,14,7,0,23,0,23,2,9,1,70,5,2,1,35,1,36,61,31,0,,,,,,,1,0,10,0,3,0,0,0,0,0,4,2,35.69029666666666,139.6415175,2,3,,,,
1,30,441,90,2,0,1,30000,0,115,2019,3,20,18,52,21,,,,,1,1,1,14,7,0,23,0,23,2,9,1,70,5,4,1,1,45,3,61,31,0,,,,,,,10,0,20,0,4,0,2,0,2,0,4,2,35.70113694444445,139.62994416666666,4,2,,,,
1,30,442,86,2,0,1,30000,0,115,2019,3,18,9,0,12,,,,,1,1,1,14,7,0,23,0,23,2,9,1,70,5,3,1,25,1,4,61,31,0,,,,,,,10,0,10,0,3,0,2,0,2,0,4,2,35.69169972222222,139.5974363888889,2,3,,,,
1,30,442,94,2,0,1,20330,0,115,2019,3,22,16,15,12,,,,,1,1,1,14,7,0,23,0,23,4,9,1,70,4,3,1,65,35,3,61,31,0,,,,,,,2,0,40,0,4,0,2,0,2,0,4,2,35.670988333333334,139.63538055555554,6,3,,,,
1,30,442,103,2,0,1,10230,0,115,2019,3,27,20,50,22,,,,,1,1,1,1,1,9,22,0,23,15,9,30,70,5,2,1,75,1,3,61,1,0,,,,,,,3,0,10,0,3,0,2,0,2,0,4,2,35.680326666666666,139.63708833333334,4,3,,,,
1,30,442,111,2,0,1,10270,0,115,2019,3,9,19,5,22,,,,,1,1,1,1,7,1,22,0,23,14,9,20,70,5,3,1,55,35,3,61,31,0,,,,,,,10,0,40,0,3,0,2,0,2,0,4,2,35.68657611111111,139.59452944444445,7,3,,,,
1,30,442,112,2,0,1,30000,0,115,2019,3,27,17,40,13,,,,,1,1,1,7,7,0,23,0,23,3,9,1,70,4,3,1,45,55,13,61,31,0,,,,,,,10,0,80,0,3,0,2,0,2,0,4,2,35.674794999999996,139.6548977777778,4,3,,,,
1,30,443,54,2,0,1,30000,0,115,2019,3,8,18,20,21,,,,,1,1,1,1,7,9,22,0,23,14,9,30,70,4,3,1,65,1,13,61,31,0,,,,,,,2,0,10,0,4,0,2,0,2,0,4,2,35.72406111111111,139.6214936111111,6,3,,,,
1,30,443,60,2,0,1,10200,0,115,2019,3,13,21,45,22,,,,,1,1,1,1,1,9,22,0,23,18,9,30,70,1,1,1,35,25,3,61,31,0,,,,,,,5,0,10,0,2,0,2,0,2,0,4,2,35.69893833333333,139.61746,4,3,,,,
1,30,443,72,2,0,1,30000,0,115,2019,3,29,15,10,12,,,,,1,1,1,1,7,9,22,0,23,11,9,30,70,4,2,1,25,1,4,61,31,0,,,,,,,3,0,20,0,3,0,2,0,2,0,4,2,35.70629055555556,139.60122916666666,6,3,,,,