資料区分,都道府県コード,警察署等コード,本票番号,事故内容,死者数,負傷者数,路線コード,地点コード,市区町村コード,発生日時　　年,発生日時　　月,発生日時　　日,発生日時　　時,発生日時　　分,昼夜,日の出時刻　　時,日の出時刻　　分,日の入り時刻　　時,日の入り時刻　　分,天候,地形,路面状態,道路形状,信号機,一時停止規制　標識（当事者A）,一時停止規制　表示（当事者A）,一時停止規制　標識（当事者B）,一時停止規制　表示（当事者B）,車道幅員,道路線形,衝突地点,ゾーン規制,中央分離帯施設等,歩車道区分,事故類型,年齢（当事者A）,年齢（当事者B）,当事者種別（当事者A）,当事者種別（当事者B）,用途別（当事者A）,用途別（当事者B）,車両形状等（当事者A）,車両形状等（当事者B）,オートマチック車（当事者A）,オートマチック車（当事者B）,サポカー（当事者A）,サポカー（当事者B）,速度規制（指定のみ）（当事者A）,速度規制（指定のみ）（当事者B）,車両の衝突部位（当事者A）,車両の衝突部位（当事者B）,車両の損壊程度（当事者A）,車両の損壊程度（当事者B）,エアバッグの装備（当事者A）,エアバッグの装備（当事者B）,サイドエアバッグの装備（当事者A）,サイドエアバッグの装備（当事者B）,人身損傷程度（当事者A）,人身損傷程度（当事者B）,lat,lon,曜日(発生年月日),祝日(発生年月日),認知機能検査経過日数（当事者A）,認知機能検査経過日数（当事者B）,運転練習の方法（当事者A）,運転練習の方法（当事者B）
1,30,545,25,2,0,1,30000,0,105,2019,3,9,8,52,12,,,,,1,1,1,1,7,9,22,0,23,14,9,30,70,5,3,1,35,45,3,61,31,0,,,,,,,2,0,10,0,4,0,2,0,2,0,4,2,35.711373611111114,139.7514788888889,7,3,,,,
1,30,545,27,2,0,1,20090,0,105,2019,3,11,10,3,12,,,,,1,1,1,1,7,1,22,0,23,18,9,30,70,1,1,1,45,55,3,61,31,0,,,,,,,10,0,80,0,3,0,2,0,2,0,4,2,35.70323472222223,139.75098472222223,2,3,,,,
1,30,546,22,2,0,1,30000,0,105,2019,2,25,14,40,12,,,,,2,1,1,1,1,9,22,0,23,19,9,20,70,1,1,1,1,1,51,61,0,0,,,,,,,0,0,10,0,4,0,0,0,0,0,4,2,35.719633333333334,139.72448166666666,2,3,,,,
1,30,546,26,2,0,1,2540,25,105,2019,3,25,22,0,22,,,,,2,1,1,14,1,0,23,0,23,5,9,1,70,1,1,1,1,35,51,61,0,0,,,,,,,0,0,40,0,4,0,0,0,0,0,4,2,35.71812027777778,139.73638888888888,2,3,,,,
1,30,546,29,2,0,1,95000,0,105,2019,3,24,9,0,12,,,,,1,1,1,0,7,0,23,0,23,0,0,20,70,0,4,1,55,75,3,61,31,0,,,,,,,10,0,30,0,4,0,2,0,2,0,4,2,35.71438666666667,139.7260811111111,1,3,,,,
1,30,548,16,2,0,1,20400,0,105,2019,3,2,1,55,22,,,,,1,1,1,1,1,9,22,0,23,14,9,30,70,3,1,1,45,55,3,61,1,0,,,,,,,4,0,88,0,3,0,2,0,2,0,4,2,35.72314055555556,139.75401888888888,7,3,,,,
1,30,548,18,2,0,1,20370,0,105,2019,3,12,8,15,12,,,,,1,1,1,1,1,9,22,0,23,15,9,30,70,4,1,1,1,45,51,61,0,0,,,,,,,0,0,40,0,3,0,0,0,0,0,4,2,35.73043361111111,139.761505,3,3,,,,
1,30,549,21,2,0,1,30000,0,116,2019,3,1,22,39,22,,,,,1,1,1,14,7,0,23,0,23,3,9,1,70,5,1,1,45,35,3,61,31,0,,,,,,,10,0,10,0,4,0,2,0,2,0,4,2,35.73190888888889,139.7224236111111,6,3,,,,
1,30,549,22,2,0,1,170,72,116,2019,3,2,0,8,22,,,,,1,1,1,14,7,0,23,0,23,6,9,1,70,4,2,1,75,75,3,61,1,0,,,,,,,10,0,0,0,2,0,2,0,2,0,4,2,35.73566,139.73627916666666,7,3,,,,
1,30,549,23,2,0,1,30000,0,116,2019,3,2,16,45,13,,,,,1,1,1,14,7,0,23,0,23,1,9,1,70,5,3,1,75,75,51,61,0,0,,,,,,,0,0,10,0,4,0,0,0,0,0,4,2,35.730718055555556,139.72831222222223,7,3,,,,
1,30,549,24,2,0,1,10090,0,116,2019,3,9,13,50,12,,,,,1,1,1,14,7,0,23,0,23,5,9,1,70,4,2,1,45,45,1,61,1,0,,,,,,,4,0,0,0,4,0,2,0,2,0,4,2,35.73923083333334,139.72313833333334,7,3,,,,
1,30,549,28,2,0,1,30000,0,116,2019,3,20,11,10,12,,,,,1,1,1,14,7,0,23,0,23,2,9,1,70,5,3,1,25,45,13,61,31,0,,,,,,,10,0,20,0,4,0,2,0,2,0,4,2,35.72965916666667,139.72352444444445,4,2,,,,
1,30,549,33,2,0,1,30000,0,116,2019,3,5,14,39,12,,,,,1,1,1,7,7,0,23,0,23,1,9,1,70,5,4,1,55,1,3,61,1,0,,,,,,,10,0,40,0,4,0,2,0,2,0,4,2,35.73359777777778,139.72441916666668,3,3,,,,
1,30,550,30,2,0,1,10090,0,116,2019,3,9,0,0,22,,,,,1,1,1,1,1,9,22,0,23,18,9,30,70,1,1,1,45,25,3,61,31,0,,,,,,,4,0,10,0,3,0,2,0,2,0,4,2,35.734590000000004,139.71788,7,3,,,,
1,30,550,34,2,0,1,30000,0,116,2019,3,11,6,50,11,,,,,3,1,2,14,7,0,23,0,23,1,9,1,70,5,3,1,65,35,51,61,0,0,,,,,,,0,0,10,0,3,0,0,0,0,0,4,2,35.7331025,139.71175055555554,2,3,,,,
1,30,550,36,2,0,1,30000,0,116,2019,3,17,11,40,12,,,,,1,1,1,14,7,0,23,0,23,3,9,1,70,5,3,1,25,45,3,61,31,0,,,,,,,10,0,20,0,3,0,2,0,2,0,4,2,35.732531388888894,139.71393333333333,1,3,,,,
1,30,550,48,2,0,1,30000,0,116,2019,3,24,9,52,12,,,,,1,1,1,14,7,0,23,0,23,2,9,1,70,5,3,1,35,1,13,61,31,0,,,,,,,10,0,80,0,3,0,2,0,2,0,4,2,35.727742500000005,139.7026886111111,1,3,,,,
1,30,550,54,2,0,2,30000,0,116,2019,3,30,15,40,12,,,,,2,1,1,1,1,9,22,0,23,15,9,30,70,4,1,1,45,25,4,61,31,0,,,,,,,10,0,10,0,3,0,2,0,2,0,4,2,35.73322138888889,139.71081138888889,7,3,,,,
1,30,550,55,2,0,1,30000,0,116,2019,3,8,1,0,22,,,,,2,1,2,1,7,9,22,0,23,11,9,30,70,4,3,1,35,1,3,61,1,0,,,,,,,5,0,30,0,3,0,2,0,2,0,4,2,35.73298916666667,139.70956583333333,6,3,,,,
1,30,551,45,2,0,1,30000,0,116,2019,3,11,19,30,22,,,,,1,1,1,14,7,0,23,0,23,2,9,1,70,5,3,1,55,75,51,61,0,0,,,,,,,0,0,10,0,4,0,0,0,0,0,4,2,35.72718388888889,139.689485,2,3,,,,
1,30,551,50,2,0,1,30000,0,116,2019,3,22,19,15,22,,,,,2,1,1,7,7,0,23,0,23,2,8,1,70,5,4,1,75,65,51,61,0,0,,,,,,,0,0,10,0,4,0,0,0,0,0,4,2,35.73649805555556,139.68356055555557,6,3,,,,
1,30,551,51,2,0,1,30000,0,116,2019,3,24,0,44,22,,,,,1,1,1,1,1,9,22,0,23,18,9,30,70,5,3,1,65,45,3,61,1,0,,,,,,,3,0,11,0,1,0,2,0,2,0,4,2,35.72756777777778,139.7087147222222,1,3,,,,
1,30,551,54,2,0,1,30000,0,116,2019,3,27,18,8,21,,,,,1,1,1,7,7,0,23,0,23,1,9,20,70,5,3,1,45,55,51,61,0,0,,,,,,,0,0,10,0,3,0,0,0,0,0,4,2,35.72998805555556,139.6843338888889,4,3,,,,
1,30,552,29,2,0,1,170,86,117,2019,3,1,16,10,12,,,,,1,1,1,14,1,0,23,0,23,5,9,1,70,1,2,1,1,65,17,61,1,0,,,,,,,10,0,10,0,3,0,2,0,2,0,4,2,35.745736111111114,139.72643611111113,6,3,,,,
1,30,552,37,2,0,1,30000,0,117,2019,3,28,19,50,22,,,,,2,1,1,1,1,9,22,0,23,17,9,20,70,5,2,1,45,55,52,61,0,0,,,,,,,0,0,40,0,3,0,0,0,0,0,4,2,35.739799166666664,139.7466211111111,5,3,,,,
1,30,552,38,2,0,1,20440,0,117,2019,3,29,20,28,22,,,,,2,1,1,14,1,0,23,0,23,3,9,1,70,5,2,1,35,1,3,61,31,0,,,,,,,3,0,40,0,3,0,2,0,2,0,4,2,35.73860083333334,139.76052805555557,6,3,,,,
1,30,552,39,2,0,1,20440,0,117,2019,3,16,3,0,22,,,,,1,1,1,14,7,0,23,0,23,3,9,1,70,5,2,1,35,0,61,0,0,0,,,,,,,0,0,0,0,0,0,0,0,0,0,2,0,35.73800861111111,139.75997194444443,7,3,,,,
1,30,553,18,2,0,1,20450,0,117,2019,3,13,12,48,12,,,,,1,1,1,14,7,0,23,0,23,4,9,1,70,4,1,1,75,45,51,61,0,0,,,,,,,0,0,0,0,3,0,0,0,0,0,4,2,35.75850444444445,139.72563055555557,4,3,,,,
1,30,553,21,2,0,1,10090,0,117,2019,3,8,21,0,22,,,,,1,1,1,7,1,0,23,0,23,4,9,1,70,4,1,1,25,45,51,61,0,0,,,,,,,0,0,10,0,3,0,0,0,0,0,4,2,35.751358055555556,139.74758416666666,6,3,,,,
1,30,555,83,2,0,1,30000,0,119,2019,1,6,17,35,21,,,,,2,1,1,1,1,9,22,0,23,18,9,30,70,5,1,1,65,35,3,61,1,0,,,,,,,2,0,10,0,3,0,2,0,2,0,4,2,35.756503333333335,139.71667194444444,1,3,,,,
1,30,555,93,2,0,1,90000,0,119,2019,2,24,0,10,22,,,,,1,1,1,0,7,0,23,0,23,0,0,20,70,0,4,1,55,45,4,61,31,0,,,,,,,10,0,30,0,4,0,2,0,2,0,4,2,35.764400555555554,139.67892694444444,1,3,,,,
1,30,555,98,2,0,1,30760,0,119,2019,3,12,13,33,12,,,,,1,1,1,1,7,1,22,0,23,14,9,30,70,5,2,1,55,75,13,61,31,0,,,,,,,10,0,10,0,3,0,2,0,2,0,4,2,35.76295861111111,139.69408166666668,3,3,,,,
1,30,555,102,2,0,1,30000,0,119,2019,3,13,20,42,22,,,,,1,1,1,14,7,0,23,0,23,2,9,1,1,4,3,1,45,55,3,61,31,0,,,,,,,2,0,10,0,3,0,2,0,2,0,4,2,35.76424194444444,139.67044555555555,4,3,,,,
1,30,555,110,2,0,1,30000,0,119,2019,3,25,14,40,12,,,,,1,1,1,14,7,0,23,0,23,3,7,1,70,4,1,1,75,65,3,61,31,0,,,,,,,10,0,10,0,3,0,2,0,2,0,4,2,35.749116666666666,139.6923052777778,2,3,,,,
1,30,555,122,2,0,1,30000,0,119,2019,3,8,16,35,12,,,,,1,1,1,1,1,9,22,0,23,15,9,30,70,4,1,1,25,1,13,61,31,0,,,,,,,10,0,10,0,3,0,2,0,2,0,4,2,35.753192222222225,139.7157447222222,6,3,,,,
1,30,556,46,2,0,1,30000,0,119,2019,2,15,19,0,22,,,,,2,1,1,7,7,0,23,0,23,3,9,1,70,4,2,1,55,55,3,61,1,0,,,,,,,10,0,10,0,2,0,2,0,2,0,4,2,35.79303888888889,139.68359805555556,6,3,,,,
1,30,556,47,2,0,1,20000,0,119,2019,2,25,14,0,12,,,,,1,1,1,14,7,0,23,0,23,3,9,1,70,5,3,1,45,35,14,61,1,0,,,,,,,2,0,40,0,3,0,2,0,2,0,4,2,35.76284027777778,139.7064036111111,2,3,,,,
1,30,556,50,2,0,1,30000,0,119,2019,3,3,11,20,12,,,,,3,1,2,14,7,0,23,0,23,2,9,1,1,4,3,1,65,55,3,61,31,0,,,,,,,2,0,10,0,4,0,2,0,2,0,4,2,35.77695277777778,139.70239055555555,1,3,,,,
1,30,557,57,2,0,1,10010,0,120,2018,11,15,4,50,22,,,,,1,1,1,14,7,0,23,0,23,6,9,1,70,4,1,1,55,35,32,61,31,0,,,,,,,4,0,10,0,3,0,0,0,0,0,4,2,35.73511555555556,139.65977750000002,5,3,,,,
1,30,557,60,2,0,1,20000,0,120,2019,2,19,8,18,12,,,,,2,1,1,14,7,0,23,0,23,3,7,1,70,5,3,1,55,45,35,61,31,0,,,,,,,2,0,10,0,3,0,0,0,0,0,4,2,35.74713972222222,139.65566777777778,3,3,,,,
1,30,557,63,2,0,1,30000,0,120,2019,3,1,7,45,12,,,,,3,1,2,14,7,0,23,0,23,3,9,1,70,5,3,1,35,25,3,61,31,0,,,,,,,10,0,30,0,3,0,2,0,2,0,4,2,35.735616666666665,139.65668694444446,6,3,,,,
1,30,557,65,2,0,1,30000,0,120,2019,3,3,22,0,22,,,,,3,1,2,14,7,0,23,0,23,3,9,1,70,5,2,1,65,55,51,61,0,0,,,,,,,0,0,10,0,3,0,0,0,0,0,4,2,35.73757833333333,139.63651305555555,1,3,,,,
1,30,557,67,2,0,1,30000,0,120,2019,3,9,8,7,12,,,,,1,1,1,1,7,9,22,0,23,14,8,30,70,5,2,1,35,65,33,61,31,0,,,,,,,2,0,40,0,3,0,0,0,0,0,4,2,35.74156111111111,139.66789166666666,7,3,,,,
1,30,557,68,2,0,1,30000,0,120,2019,3,9,9,45,12,,,,,1,1,1,14,7,0,23,0,23,3,9,1,70,4,2,1,35,65,51,61,0,0,,,,,,,0,0,10,0,3,0,0,0,0,0,4,2,35.73789611111111,139.66113333333334,7,3,,,,
1,30,557,76,2,0,1,30000,0,120,2019,3,12,15,18,12,,,,,1,1,1,1,1,9,22,0,23,14,9,30,70,4,1,1,45,1,36,61,31,0,,,,,,,2,0,20,0,3,0,0,0,0,0,4,2,35.73477305555556,139.6509702777778,3,3,,,,
1,30,557,83,2,0,1,20430,0,120,2019,3,20,13,55,12,,,,,1,1,1,14,7,0,23,0,23,3,9,1,70,5,2,1,45,55,34,61,31,0,,,,,,,3,0,10,0,3,0,0,0,0,0,4,2,35.733919444444446,139.67543138888888,4,2,,,,
1,30,557,88,2,0,1,30000,0,120,2019,3,22,13,8,12,,,,,1,1,1,14,7,0,23,0,23,3,9,20,70,5,3,1,75,1,13,61,31,0,,,,,,,10,0,40,0,3,0,2,0,2,0,4,2,35.7516975,139.6682688888889,6,3,,,,
1,30,557,92,2,0,1,10200,0,120,2019,3,26,17,25,13,,,,,1,1,1,1,1,1,21,0,23,17,9,30,70,1,1,1,55,75,3,61,31,0,,,,,,,1,0,10,0,4,0,2,0,2,0,4,2,35.755294722222224,139.6476036111111,3,3,,,,
1,30,558,68,2,0,1,30000,0,120,2018,2,7,7,25,11,,,,,1,1,1,1,7,9,22,0,23,15,9,30,70,5,1,1,45,1,1,61,1,0,,,,,,,3,0,40,0,3,0,2,0,2,0,4,2,35.75069388888889,139.5856713888889,4,3,,,,
1,30,558,78,2,0,1,30380,0,120,2019,3,13,9,2,12,,,,,1,1,1,1,7,9,22,0,23,17,9,30,70,4,2,1,35,75,3,61,31,0,,,,,,,3,0,10,0,3,0,2,0,2,0,4,2,35.75168194444444,139.585755,4,3,,,,
1,30,558,81,2,0,1,99000,0,120,2019,2,6,11,23,12,,,,,3,1,2,0,7,0,23,0,23,0,0,20,70,0,4,1,35,75,3,61,31,0,,,,,,,10,0,10,0,4,0,2,0,2,0,4,2,35.745739444444446,139.60984277777777,4,3,,,,
1,30,558,89,2,0,1,30000,0,120,2019,3,12,16,48,13,,,,,1,1,1,1,7,9,22,0,23,14,8,30,70,5,3,1,55,45,13,61,31,0,,,,,,,2,0,40,0,4,0,2,0,2,0,4,2,35.76495333333333,139.5936825,3,3,,,,
1,30,558,90,2,0,1,30000,0,120,2019,3,21,19,5,22,,,,,1,1,1,14,7,0,23,0,23,2,9,1,1,5,3,1,1,65,51,61,0,0,,,,,,,0,0,10,0,3,0,0,0,0,0,4,2,35.77106333333333,139.59456277777778,5,1,,,,
1,30,558,96,2,0,1,30000,0,120,2019,3,26,18,5,21,,,,,1,1,1,1,7,9,22,0,23,11,7,30,70,5,1,1,65,1,14,61,31,0,,,,,,,3,0,10,0,3,0,2,0,2,0,4,2,35.728280000000005,139.57283583333333,3,3,,,,
1,30,558,98,2,0,1,30000,0,120,2019,3,27,10,0,12,,,,,1,1,1,1,7,9,22,0,23,11,9,30,70,5,3,1,65,55,3,61,31,0,,,,,,,10,0,50,0,4,0,2,0,2,0,4,2,35.749649166666664,139.59829416666668,4,3,,,,
1,30,559,51,2,0,1,20510,0,119,2019,2,25,16,30,12,,,,,1,1,1,1,1,9,22,0,23,19,9,30,70,1,2,1,55,1,51,61,0,0,,,,,,,0,0,20,0,4,0,0,0,0,0,2,4,35.792523055555556,139.6409486111111,2,3,,,,
1,30,559,56,2,0,1,30000,0,119,2019,3,7,7,46,12,,,,,3,1,2,14,7,0,23,0,23,1,9,1,70,4,1,1,35,1,51,61,0,0,,,,,,,0,0,20,0,3,0,0,0,0,0,4,2,35.78973361111111,139.67295944444444,5,3,,,,
1,30,559,70,2,0,1,30000,0,119,2019,3,26,8,50,12,,,,,1,1,1,7,7,0,23,0,23,1,9,1,70,5,3,1,35,45,4,61,31,0,,,,,,,10,0,10,0,4,0,2,0,2,0,4,2,35.77696944444445,139.64189055555553,3,3,,,,
1,30,560,78,2,0,1,30000,0,120,2019,3,3,18,10,21,,,,,3,1,2,1,7,9,22,0,23,11,9,30,70,5,3,1,45,45,3,61,31,0,,,,,,,10,0,20,0,4,0,2,0,2,0,4,2,35.73599027777778,139.62717833333335,1,3,,,,
1,30,560,115,2,0,1,20510,0,120,2019,3,26,11,55,12,,,,,1,1,1,14,7,0,23,0,23,5,9,1,70,1,2,1,45,55,3,61,31,0,,,,,,,4,0,10,0,3,0,2,0,2,0,4,2,35.75941666666667,139.62034305555557,3,3,,,,
1,30,660,51,2,0,1,30000,0,106,2019,3,7,13,33,12,,,,,3,1,2,14,7,0,23,0,23,3,9,1,70,4,2,1,45,1,13,61,31,0,,,,,,,2,0,10,0,3,0,2,0,2,0,4,2,35.71990138888889,139.77915222222222,5,3,,,,
1,30,660,57,2,0,1,95000,0,106,2019,3,20,16,20,12,,,,,1,1,1,14,1,0,23,0,23,2,9,1,70,4,2,1,65,1,3,61,31,0,,,,,,,2,0,10,0,3,0,2,0,2,0,4,2,35.71363361111111,139.77196222222224,4,2,,,,
1,30,660,58,2,0,1,20370,0,106,2019,3,20,21,5,22,,,,,1,1,1,1,1,9,22,0,23,15,9,30,70,6,2,1,55,35,36,61,31,0,,,,,,,2,0,20,0,3,0,0,0,0,0,2,4,35.71661833333334,139.76643444444446,4,2,,,,
1,30,660,59,2,0,1,95000,0,106,2019,3,21,0,50,22,,,,,1,1,1,14,1,0,23,0,23,4,9,1,70,1,2,1,1,25,3,61,31,0,,,,,,,10,0,40,0,3,0,2,0,2,0,4,2,35.70886777777778,139.77631194444444,5,1,,,,
1,30,660,61,2,0,1,30000,0,106,2019,3,21,13,53,12,,,,,1,1,1,1,7,9,22,0,23,17,9,30,70,5,2,1,65,75,51,61,0,0,,,,,,,0,0,30,0,3,0,0,0,0,0,4,2,35.70714777777778,139.77303555555557,5,1,,,,
1,30,660,62,2,0,1,95000,0,106,2019,3,22,13,20,12,,,,,1,1,1,0,7,0,23,0,23,0,0,20,70,0,4,1,45,35,51,61,0,0,,,,,,,0,0,10,0,3,0,0,0,0,0,4,2,35.71121083333334,139.76902194444446,6,3,,,,
1,30,660,63,2,0,1,20390,0,106,2019,3,26,15,0,12,,,,,1,1,1,1,1,9,22,0,23,18,9,30,70,1,2,1,65,65,51,61,0,0,,,,,,,0,0,0,0,3,0,0,0,0,0,4,2,35.707684722222226,139.7765438888889,3,3,,,,
1,30,661,23,2,0,1,30000,0,106,2019,2,23,15,35,12,,,,,1,1,1,1,1,9,22,0,23,14,9,30,70,4,2,1,45,75,13,61,31,0,,,,,,,3,0,10,0,3,0,2,0,2,0,4,2,35.72451388888889,139.7829411111111,7,3,,,,
1,30,661,26,2,0,1,30000,0,106,2019,3,5,19,0,22,,,,,1,1,1,14,7,0,23,0,23,2,9,1,70,4,3,1,55,75,3,61,1,0,,,,,,,2,0,32,0,3,0,2,0,2,0,4,2,35.72961777777778,139.7903613888889,3,3,,,,
1,30,661,30,2,0,1,10300,0,106,2019,3,10,12,10,12,,,,,2,1,1,14,7,0,23,0,23,2,9,1,70,5,2,1,55,45,51,61,0,0,,,,,,,0,0,20,0,4,0,0,0,0,0,4,2,35.72013666666667,139.78343027777777,1,3,,,,
1,30,662,27,2,0,1,30000,0,106,2019,3,5,18,30,21,,,,,2,1,1,7,7,0,23,0,23,5,9,1,70,4,2,1,75,75,3,61,1,0,,,,,,,3,0,40,0,3,0,2,0,2,0,4,2,35.71116111111112,139.79484083333332,3,3,,,,
1,30,662,29,2,0,1,30000,0,106,2019,3,10,9,15,12,,,,,1,1,1,7,7,0,23,0,23,4,9,1,70,5,4,1,75,55,3,61,31,0,,,,,,,10,0,10,0,4,0,2,0,2,0,4,2,35.713009444444445,139.7932136111111,1,3,,,,
1,30,663,17,2,0,1,30000,0,106,2019,3,3,20,20,22,,,,,3,1,1,1,7,1,21,0,23,11,9,30,1,5,3,1,55,45,3,61,31,0,,,,,,,2,0,50,0,3,0,2,0,2,0,4,2,35.707825,139.79350222222223,1,3,,,,
1,30,663,30,2,0,1,30000,0,106,2019,3,26,8,35,12,,,,,2,1,1,1,7,9,22,0,23,11,9,30,70,5,2,1,45,65,52,61,0,0,,,,,,,0,0,40,0,3,0,0,0,0,0,4,2,35.69810111111111,139.7896236111111,3,3,,,,
1,30,666,31,2,0,1,30000,0,118,2019,3,2,14,40,12,,,,,1,1,1,14,7,0,23,0,23,2,9,1,70,5,3,1,75,45,3,61,31,0,,,,,,,5,0,80,0,4,0,2,0,2,0,4,2,35.747888055555556,139.77729944444445,7,3,,,,
1,30,666,37,2,0,1,10340,0,118,2019,3,19,10,25,12,,,,,1,1,1,14,7,0,23,0,23,3,9,1,70,4,2,1,65,45,51,61,0,0,,,,,,,0,0,40,0,3,0,0,0,0,0,4,2,35.73317166666667,139.77853666666667,3,3,,,,
1,30,667,39,2,0,1,30390,0,121,2019,3,8,15,30,12,,,,,1,1,1,1,1,9,22,0,23,11,9,30,70,5,2,1,55,75,3,61,1,0,,,,,,,5,0,10,0,3,0,2,0,2,0,4,2,35.75034,139.80269333333334,6,3,,,,
1,30,667,43,2,0,1,99000,0,121,2019,3,12,10,20,12,,,,,1,1,1,0,7,0,23,0,23,0,0,20,70,0,4,1,45,55,3,61,31,0,,,,,,,10,0,10,0,4,0,2,0,2,0,4,2,35.75112611111111,139.80537833333335,3,3,,,,
1,30,667,47,2,0,1,40,77,121,2019,3,16,21,15,22,,,,,2,1,1,1,1,9,22,0,23,17,9,30,70,1,1,1,35,25,3,61,1,0,,,,,,,4,0,10,0,3,0,2,0,2,0,4,2,35.74635,139.79848916666666,7,3,,,,
1,30,667,52,2,0,1,30000,0,121,2019,3,25,13,30,12,,,,,1,1,1,14,7,0,23,0,23,2,9,20,1,5,4,1,45,65,3,61,31,0,,,,,,,2,0,10,0,4,0,2,0,2,0,4,2,35.75156805555556,139.8033025,2,3,,,,
1,30,667,54,2,0,1,30000,0,121,2019,3,18,7,10,12,,,,,1,1,1,14,7,0,23,0,23,1,9,1,70,5,4,1,25,45,12,61,1,0,,,,,,,10,0,20,0,4,0,2,0,2,0,4,2,35.749595,139.8041775,2,3,,,,
1,30,667,56,2,0,1,20670,0,121,2019,3,30,20,58,22,,,,,3,1,2,7,1,0,23,0,23,3,9,1,70,4,1,1,45,1,3,61,31,0,,,,,,,4,0,20,0,4,0,2,0,2,0,4,2,35.74313277777778,139.8048202777778,7,3,,,,
1,30,668,98,2,0,1,40,116,121,2019,3,9,18,55,22,,,,,1,1,1,14,1,0,23,0,23,4,9,1,70,1,3,1,25,55,51,61,0,0,,,,,,,0,0,10,0,3,0,0,0,0,0,4,2,35.78158027777778,139.80292,7,3,,,,
1,30,668,106,2,0,1,20620,0,121,2019,3,15,18,10,21,,,,,1,1,1,7,1,0,23,0,23,4,9,1,70,4,2,1,45,65,3,61,31,0,,,,,,,2,0,10,0,3,0,2,0,2,0,4,2,35.7861225,139.79773916666667,6,3,,,,
1,30,668,113,2,0,1,40,98,121,2019,3,19,14,10,12,,,,,1,1,1,1,7,9,22,0,23,14,8,30,70,1,1,1,45,25,11,61,31,0,,,,,,,10,0,33,0,3,0,2,0,2,0,4,2,35.765457222222224,139.8038136111111,3,3,,,,
1,30,668,116,2,0,1,30000,0,121,2019,3,20,11,55,12,,,,,1,1,1,1,7,1,21,0,23,14,9,30,70,5,4,1,25,75,13,61,31,0,,,,,,,2,0,10,0,4,0,2,0,2,0,4,2,35.78532194444444,139.75013222222222,4,2,,,,
1,30,668,128,2,0,1,95000,0,121,2019,3,2,18,45,22,,,,,1,1,1,14,7,0,23,0,23,3,9,1,70,4,2,1,75,75,36,61,31,0,,,,,,,2,0,10,0,3,0,0,0,0,0,4,2,35.780633888888886,139.78339472222223,7,3,,,,
1,30,669,106,2,0,1,30000,0,121,2019,3,2,10,30,12,,,,,1,1,1,14,7,0,23,0,23,2,9,1,70,5,3,1,65,1,3,61,31,0,,,,,,,10,0,10,0,3,0,2,0,2,0,4,2,35.7843575,139.82822638888888,7,3,,,,
1,30,669,109,2,0,1,30000,0,121,2019,3,2,14,15,12,,,,,1,1,1,14,7,0,23,0,23,2,9,1,70,5,2,1,25,55,51,61,0,0,,,,,,,0,0,20,0,3,0,0,0,0,0,4,2,35.78163222222222,139.84000833333334,7,3,,,,
1,30,669,114,2,0,1,30000,0,121,2019,3,5,8,43,12,,,,,1,1,1,1,7,9,22,0,23,11,9,30,70,5,3,1,55,75,3,61,31,0,,,,,,,10,0,10,0,4,0,2,0,2,0,4,2,35.77451305555555,139.80888166666668,3,3,,,,
1,30,669,115,2,0,1,30000,0,121,2019,3,5,15,25,12,,,,,1,1,1,1,7,9,22,0,23,14,9,30,70,5,3,1,25,1,4,61,31,0,,,,,,,2,0,50,0,3,0,2,0,2,0,4,2,35.77206694444445,139.8258072222222,3,3,,,,
1,30,669,123,2,0,1,30000,0,121,2019,3,9,14,40,12,,,,,1,1,1,1,1,9,22,0,23,11,9,30,70,4,2,1,45,55,3,61,31,0,,,,,,,2,0,10,0,3,0,2,0,2,0,4,2,35.781751666666665,139.81023166666668,7,3,,,,
1,30,669,126,2,0,1,10130,0,121,2019,3,11,5,50,23,,,,,3,1,2,1,1,9,22,0,23,18,9,30,70,4,2,1,35,65,3,61,1,0,,,,,,,4,0,10,0,3,0,2,0,2,0,4,2,35.77670583333333,139.83896555555557,2,3,,,,
1,30,669,141,2,0,1,30000,0,121,2019,3,10,19,30,22,,,,,2,1,1,1,1,9,22,0,23,15,9,30,70,4,2,1,65,1,3,61,31,0,,,,,,,3,0,20,0,3,0,2,0,2,0,4,2,35.76253166666667,139.8049613888889,1,3,,,,
1,30,669,153,2,0,1,30000,0,121,2019,2,28,19,35,22,,,,,3,1,1,0,7,0,23,0,23,0,0,20,70,0,4,1,1,25,4,61,31,0,,,,,,,10,0,30,0,4,0,2,0,2,0,4,2,35.786050833333334,139.8221438888889,5,3,,,,
1,30,669,162,2,0,1,10130,0,121,2019,3,25,8,15,12,,,,,1,1,1,1,7,9,22,0,23,11,9,30,70,1,1,1,1,35,51,61,0,0,,,,,,,0,0,10,0,3,0,0,0,0,0,4,2,35.77755083333333,139.8320447222222,2,3,,,,
1,30,669,163,2,0,1,30000,0,121,2019,3,10,22,40,22,,,,,3,1,2,1,1,9,22,0,23,15,9,30,70,4,3,1,45,35,3,61,31,0,,,,,,,10,0,20,0,4,0,1,0,2,0,4,2,35.76092333333333,139.82789333333332,1,3,,,,
1,30,669,166,2,0,1,30000,0,121,2019,3,27,13,0,12,,,,,1,1,1,14,7,0,23,0,23,1,9,1,70,5,3,1,1,35,14,61,31,0,,,,,,,5,0,10,0,3,0,2,0,2,0,4,2,35.78993138888889,139.84273027777778,4,3,,,,
1,30,669,177,2,0,1,30000,0,121,2019,3,2,20,0,22,,,,,1,1,1,14,7,0,23,0,23,1,9,1,70,4,2,1,65,45,51,61,0,0,,,,,,,0,0,20,0,3,0,0,0,0,0,4,2,35.7639725,139.82352666666665,7,3,,,,