資料区分,都道府県コード,警察署等コード,本票番号,事故内容,死者数,負傷者数,路線コード,地点コード,市区町村コード,発生日時　　年,発生日時　　月,発生日時　　日,発生日時　　時,発生日時　　分,昼夜,日の出時刻　　時,日の出時刻　　分,日の入り時刻　　時,日の入り時刻　　分,天候,地形,路面状態,道路形状,信号機,一時停止規制　標識（当事者A）,一時停止規制　表示（当事者A）,一時停止規制　標識（当事者B）,一時停止規制　表示（当事者B）,車道幅員,道路線形,衝突地点,ゾーン規制,中央分離帯施設等,歩車道区分,事故類型,年齢（当事者A）,年齢（当事者B）,当事者種別（当事者A）,当事者種別（当事者B）,用途別（当事者A）,用途別（当事者B）,車両形状等（当事者A）,車両形状等（当事者B）,オートマチック車（当事者A）,オートマチック車（当事者B）,サポカー（当事者A）,サポカー（当事者B）,速度規制（指定のみ）（当事者A）,速度規制（指定のみ）（当事者B）,車両の衝突部位（当事者A）,車両の衝突部位（当事者B）,車両の損壊程度（当事者A）,車両の損壊程度（当事者B）,エアバッグの装備（当事者A）,エアバッグの装備（当事者B）,サイドエアバッグの装備（当事者A）,サイドエアバッグの装備（当事者B）,人身損傷程度（当事者A）,人身損傷程度（当事者B）,lat,lon,曜日(発生年月日),祝日(発生年月日),認知機能検査経過日数（当事者A）,認知機能検査経過日数（当事者B）,運転練習の方法（当事者A）,運転練習の方法（当事者B）
1,30,669,179,2,0,1,30000,0,121,2019,3,14,17,5,13,,,,,1,1,1,1,2,0,23,0,23,11,9,30,70,4,3,1,1,0,61,0,0,0,,,,,,,0,0,0,0,0,0,0,0,0,0,2,0,35.77708777777778,139.80830472222223,5,3,,,,
1,30,670,88,2,0,1,30000,0,121,2019,3,17,21,15,22,,,,,1,1,1,1,1,0,23,0,23,15,9,30,70,4,1,1,1,0,61,0,0,0,,,,,,,0,0,0,0,0,0,0,0,0,0,2,0,35.78892166666667,139.8170638888889,1,3,,,,
1,30,670,95,2,0,1,30000,0,121,2019,3,14,8,15,12,,,,,1,1,1,1,1,9,22,0,23,11,9,30,70,5,3,1,1,1,51,61,0,0,,,,,,,0,0,20,0,4,0,0,0,0,0,4,2,35.80714972222222,139.77772611111112,5,3,,,,
1,30,670,97,2,0,1,30000,0,121,2019,3,21,12,14,12,,,,,1,1,1,14,7,0,23,0,23,3,9,1,70,4,2,1,45,25,13,61,31,0,,,,,,,3,0,20,0,3,0,2,0,2,0,4,2,35.80922694444444,139.76923694444446,5,1,,,,
1,30,771,65,2,0,1,30000,0,108,2019,2,13,18,5,21,,,,,1,1,1,1,7,9,22,0,23,14,9,30,70,5,1,1,45,55,13,61,31,0,,,,,,,10,0,10,0,3,0,2,0,2,0,4,2,35.67347083333333,139.81044416666668,4,3,,,,
1,30,771,71,2,0,1,20690,0,108,2019,3,2,15,45,12,,,,,1,1,1,1,1,9,22,0,23,14,9,30,70,1,2,1,55,75,17,61,1,0,,,,,,,4,0,80,0,3,0,2,0,2,0,4,2,35.678776666666664,139.8160302777778,7,3,,,,
1,30,771,77,2,0,1,30000,0,108,2019,2,19,22,20,22,,,,,2,1,2,1,1,9,22,0,23,18,9,30,70,1,2,1,45,25,33,61,31,0,,,,,,,3,0,10,0,3,0,0,0,0,0,4,2,35.660449444444446,139.8011666666667,3,3,,,,
1,30,771,79,2,0,1,10370,0,108,2019,2,10,14,5,12,,,,,1,1,1,14,7,0,23,0,23,1,9,1,70,4,2,1,25,75,51,61,0,0,,,,,,,0,0,10,0,3,0,0,0,0,0,4,2,35.68534472222222,139.80618166666667,1,2,,,,
1,30,772,68,2,0,1,10350,0,108,2019,2,21,13,20,12,,,,,1,1,1,14,7,0,23,0,23,5,9,20,70,4,2,1,55,65,51,61,0,0,,,,,,,0,0,10,0,3,0,0,0,0,0,4,2,35.672690833333334,139.83591722222224,5,3,,,,
1,30,772,71,2,0,1,30000,0,108,2019,3,1,11,20,12,,,,,2,1,1,14,7,0,23,0,23,2,9,1,70,5,4,1,45,75,13,61,31,0,,,,,,,10,0,20,0,4,0,2,0,2,0,4,2,35.680659166666665,139.83028222222222,6,3,,,,
1,30,772,74,2,0,1,30000,0,108,2019,3,4,19,0,22,,,,,1,1,2,1,1,9,22,0,23,18,9,30,70,1,2,1,55,65,3,61,31,0,,,,,,,3,0,10,0,3,0,2,0,2,0,4,2,35.69643416666666,139.81974555555556,2,3,,,,
1,30,772,77,2,0,1,30000,0,108,2019,3,5,10,19,12,,,,,1,1,1,14,7,0,23,0,23,3,9,20,70,5,3,1,25,35,3,61,31,0,,,,,,,2,0,30,0,3,0,2,0,2,0,4,2,35.68059722222222,139.828,3,3,,,,
1,30,772,91,2,0,1,10090,0,108,2019,3,16,18,30,21,,,,,2,1,1,1,1,9,22,0,23,18,9,30,70,1,2,1,55,45,3,61,1,0,,,,,,,10,0,10,0,3,0,2,0,2,0,4,2,35.65799555555555,139.82398722222223,7,3,,,,
1,30,772,105,2,0,1,30000,0,108,2019,3,26,13,55,12,,,,,1,1,1,1,1,9,22,0,23,15,9,30,70,4,1,1,65,75,3,61,31,0,,,,,,,2,0,50,0,4,0,2,0,2,0,4,2,35.684304722222215,139.8347402777778,3,3,,,,
1,30,772,110,2,0,1,10090,0,108,2019,3,28,18,0,21,,,,,2,1,1,1,1,9,22,0,23,19,9,30,70,1,2,1,75,25,3,61,31,0,,,,,,,5,0,10,0,3,0,2,0,2,0,4,2,35.65797361111111,139.82396527777777,5,3,,,,
1,30,773,44,2,0,1,60,55,107,2019,3,4,17,50,21,,,,,3,1,2,1,1,9,22,0,23,18,9,30,70,4,2,1,35,35,3,61,31,0,,,,,,,4,0,55,0,4,0,2,0,2,0,4,2,35.71624777777778,139.81074194444446,2,3,,,,
1,30,773,47,2,0,1,60,54,107,2019,2,27,7,40,12,,,,,1,1,1,1,1,0,23,0,23,17,9,30,70,4,2,1,55,0,61,0,0,0,,,,,,,0,0,0,0,0,0,0,0,0,0,2,0,35.714779166666666,139.80857055555558,4,3,,,,
1,30,773,48,2,0,1,10290,0,107,2019,3,6,21,59,22,,,,,3,1,2,1,1,9,22,0,23,17,9,30,70,1,1,1,35,25,51,61,0,0,,,,,,,0,0,10,0,2,0,0,0,0,0,4,2,35.70097333333334,139.81157000000002,4,3,,,,
1,30,774,36,2,0,1,30500,0,107,2019,3,11,3,35,22,,,,,1,1,1,14,7,0,23,0,23,4,9,1,70,4,2,1,35,1,14,61,31,0,,,,,,,3,0,80,0,3,0,2,0,2,0,4,2,35.72458916666667,139.82748944444444,2,3,,,,
1,30,775,84,2,0,1,60,113,122,2019,1,31,17,50,21,,,,,3,1,2,7,7,0,23,0,23,5,9,1,70,1,2,1,1,65,51,61,0,0,,,,,,,0,0,10,0,3,0,0,0,0,0,4,2,35.75517472222222,139.85268944444445,5,3,,,,
1,30,775,85,2,0,2,10130,0,122,2019,2,1,4,50,22,,,,,3,1,2,1,1,9,22,0,23,17,9,30,70,1,2,1,35,75,35,61,31,0,,,,,,,4,0,10,0,3,0,0,0,0,0,2,2,35.749519722222225,139.85718388888887,6,3,,,,
1,30,775,89,2,0,1,30000,0,122,2019,3,3,5,0,22,,,,,1,1,1,14,7,0,23,0,23,2,9,1,70,5,3,1,25,75,36,61,31,0,,,,,,,2,0,10,0,3,0,0,0,0,0,4,2,35.77880972222222,139.86169027777777,1,3,,,,
1,30,775,91,2,0,1,30000,0,122,2019,3,5,15,45,12,,,,,1,1,1,14,7,0,23,0,23,3,9,1,70,4,2,1,25,1,4,61,31,0,,,,,,,2,0,10,0,3,0,2,0,2,0,4,2,35.78597027777778,139.8506625,3,3,,,,
1,30,775,95,2,0,1,90000,0,122,2019,3,8,11,5,12,,,,,1,1,1,1,7,9,22,0,23,14,9,20,70,5,4,1,65,45,3,61,31,0,,,,,,,10,0,30,0,3,0,2,0,2,0,4,2,35.789339444444444,139.8491988888889,6,3,,,,
1,30,775,103,2,0,1,30000,0,122,2019,3,16,18,30,21,,,,,1,1,1,1,1,9,22,0,23,15,9,30,70,4,2,1,75,55,14,61,31,0,,,,,,,2,0,50,0,3,0,2,0,2,0,4,2,35.752788333333335,139.86898666666667,7,3,,,,
1,30,775,114,2,0,1,30000,0,122,2019,3,23,19,6,22,,,,,2,1,1,1,1,9,22,0,23,11,9,30,70,4,2,1,65,45,13,61,31,0,,,,,,,2,0,10,0,3,0,2,0,2,0,4,2,35.754083888888886,139.87017944444446,7,3,,,,
1,30,775,119,2,0,1,10700,0,122,2019,3,27,19,25,22,,,,,1,1,1,1,1,9,22,0,23,15,9,30,70,4,3,1,45,65,34,61,31,0,,,,,,,3,0,10,0,3,0,0,0,0,0,4,2,35.77828,139.86939805555556,4,3,,,,
1,30,775,120,2,0,1,30000,0,122,2019,3,29,10,0,12,,,,,2,1,1,14,7,0,23,0,23,2,9,1,70,5,2,1,65,1,51,61,0,0,,,,,,,0,0,10,0,4,0,0,0,0,0,2,4,35.76633694444445,139.84823972222222,6,3,,,,
1,30,776,62,2,0,1,10400,0,122,2019,2,10,4,40,22,,,,,2,1,3,12,7,0,23,0,23,2,9,1,70,4,1,1,25,25,3,61,31,0,,,,,,,3,0,10,0,1,0,2,0,2,0,4,2,35.7280375,139.84814444444444,1,2,,,,
1,30,776,67,2,0,1,30000,0,122,2019,3,6,15,53,12,,,,,2,1,1,1,1,9,22,0,23,15,9,30,70,4,1,1,45,75,4,61,31,0,,,,,,,3,0,10,0,4,0,2,0,2,0,4,2,35.726576388888894,139.8568122222222,4,3,,,,
1,30,776,68,2,0,1,30000,0,122,2019,3,6,18,37,21,,,,,2,1,1,1,1,9,22,0,23,14,9,30,70,4,1,1,55,65,3,61,31,0,,,,,,,3,0,10,0,4,0,2,0,2,0,4,2,35.73945111111111,139.86615972222222,4,3,,,,
1,30,776,69,2,0,1,10410,0,122,2019,3,7,6,13,11,,,,,3,1,2,1,1,9,22,0,23,18,9,30,70,1,1,1,55,35,13,61,31,0,,,,,,,3,0,10,0,3,0,2,0,2,0,4,2,35.7342175,139.86660277777779,5,3,,,,
1,30,776,77,2,0,1,30000,0,122,2019,3,14,11,5,12,,,,,1,1,1,14,7,0,23,0,23,4,9,1,70,5,2,1,45,75,13,61,31,0,,,,,,,5,0,30,0,3,0,2,0,2,0,4,2,35.737788055555555,139.85044694444443,5,3,,,,
1,30,776,78,2,0,1,30000,0,122,2019,3,7,15,0,12,,,,,3,1,2,14,1,0,23,0,23,3,9,1,70,5,3,1,75,35,3,61,31,0,,,,,,,2,0,40,0,3,0,2,0,2,0,4,2,35.74169611111111,139.85326027777776,5,3,,,,
1,30,777,164,2,0,1,10400,0,123,2019,3,5,12,25,12,,,,,1,1,1,1,1,9,22,0,23,18,9,30,70,5,2,1,75,75,14,61,31,0,,,,,,,10,0,10,0,3,0,2,0,2,0,4,2,35.71065916666667,139.86567583333334,3,3,,,,
1,30,777,167,2,0,1,30000,0,123,2019,3,6,12,2,12,,,,,2,1,1,1,1,9,22,0,23,14,9,30,70,4,2,1,55,75,3,61,31,0,,,,,,,3,0,20,0,3,0,2,0,2,0,4,2,35.710245,139.8691338888889,4,3,,,,
1,30,777,178,2,0,1,30000,0,123,2019,3,9,13,5,12,,,,,1,1,1,14,7,0,23,0,23,1,9,1,70,5,4,1,75,0,61,0,0,0,,,,,,,0,0,0,0,0,0,0,0,0,0,2,0,35.683412777777775,139.89986638888888,7,3,,,,
1,30,777,185,2,0,1,140,0,123,2019,3,11,18,45,22,,,,,1,1,1,1,1,9,22,0,23,17,9,30,70,1,1,1,55,65,3,61,31,0,,,,,,,5,0,10,0,3,0,2,0,2,0,4,2,35.70419277777778,139.90545916666667,2,3,,,,
1,30,777,199,2,0,1,20700,0,123,2019,3,15,19,20,22,,,,,1,1,1,1,7,9,22,0,23,14,9,30,70,4,2,1,1,45,51,61,0,0,,,,,,,0,0,10,0,3,0,0,0,0,0,4,2,35.70057527777778,139.91275333333334,6,3,,,,
1,30,777,203,2,0,1,141,0,123,2019,3,18,1,35,22,,,,,1,1,1,1,1,9,22,0,23,19,9,30,70,6,2,1,35,75,3,61,31,0,,,,,,,3,0,80,0,4,0,2,0,2,0,4,2,35.70329916666667,139.86814611111112,2,3,,,,
1,30,777,206,2,0,1,30000,0,123,2019,3,18,15,55,12,,,,,1,1,1,1,7,9,22,0,23,11,9,30,70,5,2,1,65,1,3,61,31,0,,,,,,,3,0,10,0,3,0,2,0,2,0,4,2,35.70771888888889,139.87296444444445,2,3,,,,
1,30,777,208,2,0,1,99000,0,123,2019,3,19,16,20,12,,,,,1,1,1,0,7,0,23,0,23,0,0,20,70,0,4,1,55,1,17,61,31,0,,,,,,,10,0,30,0,3,0,2,0,2,0,4,2,35.70939166666667,139.86636666666666,3,3,,,,
1,30,777,212,2,0,1,30000,0,123,2019,3,21,0,20,22,,,,,1,1,1,1,7,9,22,0,23,14,9,30,70,5,4,1,45,45,3,61,1,0,,,,,,,5,0,40,0,3,0,2,0,2,0,4,2,35.70550388888889,139.84225555555557,5,1,,,,
1,30,777,219,2,0,1,30000,0,123,2019,3,24,18,10,21,,,,,1,1,1,1,1,9,22,0,23,15,9,30,70,4,2,1,65,25,3,61,31,0,,,,,,,3,0,10,0,3,0,2,0,2,0,4,2,35.69379083333333,139.89085166666666,1,3,,,,
1,30,777,237,2,0,1,10390,0,123,2019,3,26,9,48,12,,,,,3,1,2,14,1,0,23,0,23,2,9,1,70,4,2,1,45,1,1,61,1,0,,,,,,,5,0,40,0,4,0,2,0,2,0,4,2,35.702329722222224,139.86801,3,3,,,,
1,30,778,23,2,0,1,99000,0,123,2019,1,23,17,58,21,,,,,1,1,5,0,7,0,23,0,23,0,0,20,70,0,4,1,45,1,17,61,31,0,,,,,,,10,0,30,0,4,0,2,0,2,0,4,2,35.7081275,139.89893388888888,4,3,,,,
1,30,778,24,2,0,1,30000,0,123,2019,2,14,13,50,12,,,,,2,1,1,7,2,0,23,0,23,1,9,1,70,4,1,1,45,75,3,61,31,0,,,,,,,2,0,20,0,3,0,2,0,2,0,4,2,35.73285416666667,139.88183805555556,5,3,,,,
1,30,778,29,2,0,1,30000,0,123,2019,3,2,17,55,21,,,,,1,1,1,1,7,9,22,0,23,14,9,20,70,4,2,1,75,65,36,61,31,0,,,,,,,2,0,10,0,3,0,0,0,0,0,4,2,35.714508333333335,139.8855558333333,7,3,,,,
1,30,778,30,2,0,1,141,0,123,2019,3,4,8,15,12,,,,,3,1,2,14,7,0,23,0,23,3,9,20,70,4,2,1,35,45,51,61,0,0,,,,,,,0,0,10,0,3,0,0,0,0,0,4,2,35.72811416666667,139.88687916666666,2,3,,,,
1,30,778,32,2,0,1,99000,0,123,2019,3,5,13,20,12,,,,,1,1,1,0,7,0,23,0,23,0,0,20,70,0,4,1,55,75,4,61,31,0,,,,,,,5,0,70,0,4,0,2,0,2,0,4,2,35.709251944444446,139.88951388888887,3,3,,,,
1,30,778,34,2,0,1,10130,0,123,2019,3,10,22,40,22,,,,,3,1,2,1,1,9,22,0,23,17,9,30,70,1,2,1,45,35,3,61,31,0,,,,,,,4,0,20,0,3,0,2,0,2,0,4,2,35.7208725,139.876045,1,3,,,,
1,30,778,43,2,0,1,95000,0,123,2019,3,24,10,30,12,,,,,1,1,1,0,7,0,23,0,23,0,0,20,70,0,4,1,25,35,51,61,0,0,,,,,,,0,0,10,0,3,0,0,0,0,0,4,2,35.74820388888889,139.88853833333332,1,3,,,,
1,30,778,45,2,0,1,99000,0,123,2019,2,27,23,30,22,,,,,3,1,2,0,7,0,23,0,23,0,0,20,70,0,4,1,55,45,3,61,1,0,,,,,,,10,0,70,0,4,0,2,0,2,0,4,2,35.71500138888889,139.87608111111112,4,3,,,,
1,30,778,46,2,0,1,30000,0,123,2019,3,26,9,12,12,,,,,3,1,2,14,7,0,23,0,23,4,9,1,70,1,2,1,45,25,3,61,31,0,,,,,,,2,0,20,0,3,0,2,0,2,0,4,2,35.73274083333334,139.88205277777777,3,3,,,,
1,30,779,101,2,0,1,30000,0,123,2019,3,5,21,0,22,,,,,2,1,1,14,7,0,23,0,23,4,9,1,70,4,2,1,25,1,3,61,31,0,,,,,,,2,0,10,0,3,0,2,0,2,0,4,2,35.658475277777775,139.85643222222222,3,3,,,,
1,30,779,102,2,0,1,10350,0,123,2019,3,6,4,30,22,,,,,1,1,1,14,7,0,23,0,23,5,9,1,70,1,2,1,35,25,14,61,31,0,,,,,,,4,0,10,0,3,0,2,0,2,0,4,2,35.66782527777777,139.8728238888889,4,3,,,,
1,30,779,104,2,0,1,30000,0,123,2019,3,6,14,40,12,,,,,2,1,1,1,1,9,22,0,23,15,9,30,70,4,3,1,55,1,3,61,31,0,,,,,,,2,0,10,0,3,0,2,0,2,0,4,2,35.65728611111111,139.87831333333335,4,3,,,,
1,30,779,110,2,0,1,95000,0,123,2019,3,11,3,40,22,,,,,3,1,2,14,7,0,23,0,23,2,9,1,70,4,4,1,55,75,24,61,0,0,,,,,,,10,0,30,0,4,0,0,0,0,0,4,2,35.64955833333333,139.8629997222222,2,3,,,,
1,30,779,112,2,0,1,99000,0,123,2019,3,11,10,55,12,,,,,2,1,1,0,7,0,23,0,23,0,0,20,70,0,4,1,65,1,12,61,1,0,,,,,,,10,0,30,0,3,0,2,0,2,0,4,2,35.66614277777778,139.8856213888889,2,3,,,,
1,30,779,115,2,0,1,10350,0,123,2019,3,12,10,45,12,,,,,1,1,1,14,7,0,23,0,23,1,9,20,70,1,1,1,65,55,3,61,31,0,,,,,,,10,0,10,0,3,0,2,0,2,0,4,2,35.67047944444444,139.85563666666667,3,3,,,,
1,30,779,116,2,0,2,30000,0,123,2019,3,12,15,35,12,,,,,1,1,1,7,7,0,23,0,23,3,9,1,70,5,2,1,35,1,32,61,31,0,,,,,,,2,0,40,0,4,0,0,0,0,0,2,2,35.64801277777778,139.87398083333335,3,3,,,,
1,30,779,123,2,0,1,30000,0,123,2019,3,17,17,40,13,,,,,1,1,1,1,7,9,22,0,23,14,9,30,70,5,2,1,65,1,3,61,31,0,,,,,,,2,0,80,0,3,0,2,0,2,0,4,2,35.68554111111111,139.8627238888889,1,3,,,,
1,30,779,129,2,0,2,30000,0,123,2019,3,21,16,30,12,,,,,1,1,1,14,7,0,23,0,23,3,9,1,70,5,2,1,1,25,51,61,0,0,,,,,,,0,0,10,0,3,0,0,0,0,0,2,2,35.66033222222222,139.85479638888887,5,1,,,,
1,30,779,134,2,0,1,30000,0,123,2019,3,27,10,55,12,,,,,1,1,1,1,7,9,22,0,23,14,9,30,1,5,2,1,1,1,14,61,1,0,,,,,,,2,0,50,0,4,0,2,0,2,0,4,2,35.663195277777774,139.85747805555556,4,3,,,,
1,30,779,136,2,0,1,3570,0,123,2019,3,28,7,20,12,,,,,1,1,1,14,7,0,23,0,23,2,9,1,70,1,1,1,55,35,51,61,0,0,,,,,,,0,0,10,0,3,0,0,0,0,0,4,2,35.64564,139.85860916666667,5,3,,,,
1,30,876,85,2,0,1,30000,0,209,2019,3,1,10,10,12,,,,,2,1,1,14,7,0,23,0,23,2,9,1,70,4,2,1,35,1,3,61,1,0,,,,,,,3,0,0,0,3,0,2,0,2,0,4,2,35.601530833333335,139.36746722222222,6,3,,,,
1,30,876,86,2,0,1,21110,0,201,2019,3,5,4,55,22,,,,,2,1,2,1,1,9,22,0,23,19,9,30,70,1,1,1,45,55,35,61,31,0,,,,,,,10,0,10,0,3,0,0,0,0,0,4,2,35.626196666666665,139.3986422222222,3,3,,,,
1,30,876,87,2,0,1,30000,0,201,2019,3,5,5,35,23,,,,,2,1,2,1,1,9,22,0,23,15,9,30,70,1,1,1,45,45,3,61,31,0,,,,,,,3,0,10,0,3,0,2,0,2,0,4,2,35.62369722222222,139.37606,3,3,,,,
1,30,876,91,2,0,1,30000,0,201,2019,3,8,9,30,12,,,,,1,1,1,1,1,9,22,0,23,14,9,30,70,1,1,1,65,75,4,61,31,0,,,,,,,2,0,10,0,3,0,2,0,2,0,4,2,35.62095277777778,139.3673366666667,6,3,,,,
1,30,876,92,2,0,1,21110,0,201,2019,3,10,3,25,22,,,,,1,1,1,1,1,9,22,0,23,17,9,30,70,1,2,1,65,35,13,61,31,0,,,,,,,2,0,10,0,3,0,2,0,2,0,4,2,35.62477611111111,139.39266805555556,1,3,,,,
1,30,876,95,2,0,1,160,0,201,2019,2,27,18,45,22,,,,,2,1,1,14,7,0,23,0,23,3,8,1,70,4,2,1,1,45,51,61,0,0,,,,,,,0,0,40,0,2,0,0,0,0,0,4,2,35.64447611111111,139.33771944444445,4,3,,,,
1,30,876,107,2,0,1,30820,0,209,2019,3,20,0,20,22,,,,,1,1,1,1,1,9,22,0,23,15,9,30,70,5,2,1,65,1,13,61,31,0,,,,,,,3,0,10,0,3,0,2,0,2,0,4,2,35.602536666666666,139.3724611111111,4,2,,,,
1,30,876,110,2,0,1,21110,0,201,2019,3,22,8,8,12,,,,,1,1,1,14,7,0,23,0,23,3,9,1,70,1,2,1,1,1,51,61,0,0,,,,,,,0,0,10,0,3,0,0,0,0,0,4,2,35.626729166666664,139.4003625,6,3,,,,
1,30,876,113,2,0,1,30000,0,201,2019,3,23,13,20,12,,,,,2,2,1,1,7,1,21,0,23,11,9,30,70,4,2,1,55,25,12,61,1,0,,,,,,,2,0,10,0,3,0,2,0,2,0,4,2,35.627090833333334,139.39495666666667,7,3,,,,
1,30,876,116,2,0,1,30000,0,201,2019,3,25,19,15,22,,,,,1,1,1,14,7,0,23,0,23,2,8,1,70,4,2,1,1,35,51,61,0,0,,,,,,,0,0,10,0,3,0,0,0,0,0,4,2,35.61727611111111,139.37553083333333,2,3,,,,
1,30,876,119,2,0,1,30000,0,209,2019,3,26,8,35,12,,,,,1,1,1,1,7,9,22,0,23,11,9,30,70,5,2,1,65,75,4,61,31,0,,,,,,,10,0,10,0,3,0,2,0,2,0,4,2,35.60045083333333,139.36050444444444,3,3,,,,
1,30,877,73,2,0,1,20740,0,201,2019,3,7,8,25,12,,,,,3,1,2,14,7,0,23,0,23,3,9,1,70,4,2,1,35,1,3,61,31,0,,,,,,,3,0,10,0,2,0,2,0,2,0,4,2,35.671677499999994,139.29396944444443,5,3,,,,
1,30,877,75,2,0,1,30000,0,201,2019,3,9,16,15,12,,,,,1,1,1,14,7,0,23,0,23,2,9,1,70,5,3,1,65,45,3,61,31,0,,,,,,,2,0,10,0,3,0,2,0,2,0,4,2,35.64132027777778,139.26575083333333,7,3,,,,
1,30,877,77,2,0,1,30000,0,201,2019,3,12,7,45,12,,,,,1,1,1,1,7,1,21,0,23,14,9,30,70,4,1,1,45,55,3,61,31,0,,,,,,,10,0,10,0,3,0,2,0,2,0,4,2,35.64163611111111,139.28572027777778,3,3,,,,
1,30,877,80,2,0,1,30000,0,201,2019,3,10,12,30,12,,,,,2,1,1,14,7,0,23,0,23,4,9,20,70,4,2,1,75,25,4,61,31,0,,,,,,,10,0,10,0,3,0,2,0,2,0,4,2,35.63782166666667,139.30072750000002,1,3,,,,
1,30,877,82,2,0,1,200,480,201,2019,3,15,8,20,12,,,,,1,1,1,14,7,0,23,0,23,4,9,1,70,4,2,1,1,65,51,61,0,0,,,,,,,0,0,10,0,3,0,0,0,0,0,4,2,35.65417083333333,139.30516694444447,6,3,,,,
1,30,877,94,2,0,1,20740,0,201,2019,3,3,10,28,12,,,,,3,1,2,1,1,9,22,0,23,14,9,30,70,4,2,1,65,45,4,61,31,0,,,,,,,3,0,10,0,3,0,2,0,2,0,4,2,35.671432777777774,139.29354388888888,1,3,,,,
1,30,878,73,2,0,1,21110,0,224,2019,2,24,4,37,22,,,,,1,1,1,1,1,9,22,0,23,18,9,30,70,1,2,1,55,1,3,61,1,0,,,,,,,10,0,10,0,3,0,2,0,2,0,4,2,35.6319925,139.43539388888888,1,3,,,,
1,30,878,74,2,0,1,30000,0,224,2019,2,27,8,0,12,,,,,2,1,1,1,7,1,21,0,23,14,9,30,70,5,2,1,35,1,51,61,0,0,,,,,,,0,0,10,0,3,0,0,0,0,0,4,2,35.642762777777776,139.43423722222224,4,3,,,,
1,30,878,75,2,0,1,30000,0,224,2019,3,1,18,40,22,,,,,2,1,1,13,7,0,23,0,23,2,1,1,70,5,4,1,55,75,3,61,31,0,,,,,,,10,0,20,0,4,0,2,0,2,0,4,2,35.61503305555556,139.42985527777776,6,3,,,,
1,30,878,77,2,0,1,99000,0,224,2019,3,1,5,55,23,,,,,3,1,2,0,7,0,23,0,23,0,0,20,70,0,4,1,45,45,14,61,31,0,,,,,,,10,0,40,0,4,0,2,0,2,0,4,2,35.618452500000004,139.44981666666666,6,3,,,,
1,30,878,79,2,0,1,30000,0,224,2019,3,5,19,20,22,,,,,1,2,1,1,1,0,23,0,23,14,9,30,70,1,1,1,25,0,61,0,0,0,,,,,,,0,0,0,0,0,0,0,0,0,0,2,0,35.62533861111111,139.42577749999998,3,3,,,,
1,30,878,93,2,0,1,30000,0,224,2019,3,9,19,48,22,,,,,1,3,1,1,7,9,22,0,23,11,9,30,70,5,3,1,45,35,3,61,31,0,,,,,,,2,0,10,0,3,0,2,0,2,0,4,2,35.647110833333336,139.43516083333333,7,3,,,,
1,30,878,106,2,0,1,30000,0,224,2019,3,21,20,10,22,,,,,1,2,1,1,7,9,22,0,23,15,9,30,70,4,1,1,75,65,3,61,31,0,,,,,,,3,0,10,0,3,0,2,0,2,0,4,2,35.62179416666667,139.44615555555555,5,1,,,,
1,30,878,109,2,0,1,30000,0,225,2019,3,26,18,55,21,,,,,1,1,1,7,7,0,23,0,23,3,9,1,70,4,2,1,55,45,4,61,31,0,,,,,,,2,0,10,0,4,0,2,0,2,0,4,2,35.641378333333336,139.48622166666667,3,3,,,,
1,30,878,115,2,0,1,21100,0,225,2019,3,22,17,5,13,,,,,2,2,1,1,1,9,22,0,23,15,9,30,70,1,2,1,75,1,3,61,31,0,,,,,,,4,0,40,0,4,0,2,0,2,0,4,2,35.635911944444445,139.48745388888887,6,3,,,,
1,30,879,85,2,0,1,30000,0,223,2019,3,1,11,35,12,,,,,2,1,1,7,8,0,23,0,23,4,9,1,70,4,1,1,55,75,3,61,1,0,,,,,,,2,0,50,0,3,0,2,0,2,0,4,2,35.73825194444444,139.41049194444446,6,3,,,,
1,30,879,90,2,0,1,30610,0,220,2019,3,7,14,36,12,,,,,3,2,2,14,1,0,23,0,23,1,9,1,70,4,2,1,35,1,14,61,31,0,,,,,,,2,0,10,0,3,0,2,0,2,0,4,2,35.739531666666664,139.44736583333335,5,3,,,,
1,30,879,109,2,0,1,30000,0,223,2019,3,25,14,20,12,,,,,1,2,1,14,7,0,23,0,23,2,9,1,70,5,4,1,65,1,3,61,31,0,,,,,,,10,0,10,0,3,0,2,0,2,0,4,2,35.753545,139.3989697222222,2,3,,,,
1,30,879,110,2,0,1,30000,0,223,2019,3,25,18,20,21,,,,,1,2,1,14,7,0,23,0,23,4,9,1,70,4,2,1,25,65,4,61,31,0,,,,,,,3,0,10,0,3,0,2,0,2,0,4,2,35.749604444444444,139.38285361111113,2,3,,,,
1,30,879,117,2,0,1,30000,0,220,2019,3,26,1,58,22,,,,,1,1,1,7,7,0,23,0,23,3,9,1,70,4,2,1,45,25,36,61,31,0,,,,,,,10,0,10,0,3,0,0,0,0,0,4,2,35.73715027777778,139.42827777777777,3,3,,,,
1,30,880,62,2,0,1,30000,0,205,2019,3,7,6,45,11,,,,,3,2,2,1,1,9,22,0,23,15,9,30,70,4,2,1,75,35,14,61,31,0,,,,,,,3,0,10,0,3,0,2,0,2,0,4,2,35.780788888888885,139.30301416666669,5,3,,,,