資料区分,都道府県コード,警察署等コード,本票番号,事故内容,死者数,負傷者数,路線コード,地点コード,市区町村コード,発生日時　　年,発生日時　　月,発生日時　　日,発生日時　　時,発生日時　　分,昼夜,日の出時刻　　時,日の出時刻　　分,日の入り時刻　　時,日の入り時刻　　分,天候,地形,路面状態,道路形状,信号機,一時停止規制　標識（当事者A）,一時停止規制　表示（当事者A）,一時停止規制　標識（当事者B）,一時停止規制　表示（当事者B）,車道幅員,道路線形,衝突地点,ゾーン規制,中央分離帯施設等,歩車道区分,事故類型,年齢（当事者A）,年齢（当事者B）,当事者種別（当事者A）,当事者種別（当事者B）,用途別（当事者A）,用途別（当事者B）,車両形状等（当事者A）,車両形状等（当事者B）,オートマチック車（当事者A）,オートマチック車（当事者B）,サポカー（当事者A）,サポカー（当事者B）,速度規制（指定のみ）（当事者A）,速度規制（指定のみ）（当事者B）,車両の衝突部位（当事者A）,車両の衝突部位（当事者B）,車両の損壊程度（当事者A）,車両の損壊程度（当事者B）,エアバッグの装備（当事者A）,エアバッグの装備（当事者B）,サイドエアバッグの装備（当事者A）,サイドエアバッグの装備（当事者B）,人身損傷程度（当事者A）,人身損傷程度（当事者B）,lat,lon,曜日(発生年月日),祝日(発生年月日),認知機能検査経過日数（当事者A）,認知機能検査経過日数（当事者B）,運転練習の方法（当事者A）,運転練習の方法（当事者B）
1,30,880,63,2,0,1,95000,0,205,2019,3,8,20,41,22,,,,,1,2,1,0,7,0,23,0,23,0,0,20,70,0,2,1,25,0,61,0,0,0,,,,,,,0,0,0,0,0,0,0,0,0,0,2,0,35.78856777777778,139.2816113888889,6,3,,,,
1,30,880,67,2,0,1,30000,0,205,2019,2,15,18,30,22,,,,,1,1,1,14,7,0,23,0,23,4,9,1,70,5,3,1,1,55,51,61,0,0,,,,,,,0,0,20,0,3,0,0,0,0,0,4,2,35.786159999999995,139.28102722222224,6,3,,,,
1,30,880,69,2,0,1,30000,0,205,2019,3,13,17,10,13,,,,,1,2,1,1,1,9,22,0,23,15,9,30,70,4,2,1,65,75,4,61,31,0,,,,,,,3,0,10,0,4,0,2,0,2,0,4,2,35.79398861111111,139.27403555555557,4,3,,,,
1,30,880,76,2,0,1,95000,0,205,2019,3,20,12,50,12,,,,,1,2,1,0,7,0,23,0,23,0,0,20,70,0,4,1,55,45,4,61,31,0,,,,,,,10,0,10,0,3,0,2,0,2,0,4,2,35.78721722222222,139.2864438888889,4,2,,,,
1,30,880,78,2,0,1,30000,0,205,2019,3,21,18,10,21,,,,,1,2,1,1,7,9,22,0,23,15,9,30,70,4,2,1,35,45,4,61,31,0,,,,,,,10,0,20,0,4,0,2,0,2,0,4,2,35.80085083333333,139.30956,5,1,,,,
1,30,880,80,2,0,1,99000,0,205,2019,3,25,12,10,12,,,,,1,2,2,0,7,0,23,0,23,0,0,20,70,0,4,1,65,1,36,61,31,0,,,,,,,10,0,20,0,4,0,0,0,0,0,4,2,35.78911,139.31731805555555,2,3,,,,
1,30,882,112,2,0,1,30000,0,227,2019,3,1,16,32,12,,,,,1,1,1,14,7,0,23,0,23,3,9,1,70,5,3,1,35,55,3,61,31,0,,,,,,,2,0,40,0,4,0,2,0,2,0,4,2,35.75975555555556,139.31941138888888,6,3,,,,
1,30,882,115,2,0,1,30000,0,227,2019,3,7,8,0,12,,,,,3,2,2,14,7,0,23,0,23,3,9,1,70,4,2,1,1,75,17,61,31,0,,,,,,,3,0,30,0,3,0,2,0,2,0,4,2,35.76739611111111,139.32590249999998,5,3,,,,
1,30,882,118,2,0,1,30000,0,228,2019,3,8,6,53,11,,,,,1,1,1,14,7,0,23,0,23,3,9,1,70,4,1,1,45,75,3,61,31,0,,,,,,,3,0,10,0,4,0,2,0,2,0,4,2,35.731409444444445,139.2978713888889,6,3,,,,
1,30,882,124,2,0,1,30000,0,228,2019,3,1,21,5,22,,,,,1,1,1,1,7,1,22,0,23,15,7,30,1,5,2,1,35,45,3,61,31,0,,,,,,,2,0,10,0,3,0,2,0,2,0,4,2,35.73705833333334,139.30357222222224,6,3,,,,
1,30,882,130,2,0,1,10240,0,303,2019,3,18,8,7,12,,,,,1,2,1,1,7,0,23,0,23,14,9,30,70,4,3,1,75,0,61,0,0,0,,,,,,,0,0,0,0,0,0,0,0,0,0,2,0,35.76609194444445,139.36112749999998,2,3,,,,
1,30,882,146,2,0,1,95000,0,218,2019,3,8,9,50,12,,,,,1,3,1,0,7,0,23,0,23,0,0,20,70,0,4,1,45,75,51,61,0,0,,,,,,,0,0,10,0,3,0,0,0,0,0,4,2,35.72137277777778,139.32999416666667,6,3,,,,
1,30,883,114,2,0,1,200,436,201,2019,3,2,16,25,12,,,,,1,1,1,1,7,1,22,0,23,17,9,30,70,5,1,1,45,35,3,61,31,0,,,,,,,2,0,10,0,4,0,2,0,2,0,4,2,35.662324444444444,139.3499752777778,7,3,,,,
1,30,883,116,2,0,1,30000,0,201,2019,3,4,13,50,12,,,,,2,2,2,14,7,0,23,0,23,1,9,1,70,5,3,1,75,55,4,61,31,0,,,,,,,10,0,40,0,4,0,2,0,2,0,4,2,35.665594444444444,139.32390833333332,2,3,,,,
1,30,883,121,2,0,1,30000,0,201,2019,3,6,11,30,12,,,,,2,1,1,14,7,0,23,0,23,4,9,1,70,4,2,1,45,25,1,61,1,0,,,,,,,2,0,40,0,3,0,2,0,2,0,4,2,35.65707166666667,139.3127088888889,4,3,,,,
1,30,883,123,2,0,1,99000,0,201,2019,3,8,9,50,12,,,,,1,3,1,0,7,0,23,0,23,0,0,20,70,0,4,1,55,75,3,61,31,0,,,,,,,10,0,40,0,3,0,2,0,2,0,4,2,35.65103055555556,139.33301944444443,6,3,,,,
1,30,883,129,2,0,1,10460,0,201,2019,3,7,6,50,11,,,,,3,1,2,1,1,9,22,0,23,15,9,30,70,4,2,1,1,35,3,61,31,0,,,,,,,3,0,10,0,4,0,2,0,2,0,4,2,35.68378055555555,139.30318083333336,5,3,,,,
1,30,883,144,2,0,1,30000,0,201,2019,3,6,20,5,22,,,,,1,1,1,1,1,9,22,0,23,11,9,20,70,4,2,1,45,55,3,61,31,0,,,,,,,2,0,10,0,3,0,2,0,2,0,4,2,35.65631722222222,139.30684694444446,4,3,,,,
1,30,883,147,2,0,1,30000,0,201,2019,3,14,5,30,23,,,,,1,1,1,14,7,0,23,0,23,2,9,1,70,5,4,1,45,45,4,61,31,0,,,,,,,5,0,30,0,4,0,2,0,2,0,4,2,35.6792325,139.31421833333334,5,3,,,,
1,30,883,155,2,0,1,30000,0,201,2019,3,7,16,40,12,,,,,3,1,2,14,7,0,23,0,23,2,9,1,70,5,3,1,1,55,34,61,31,0,,,,,,,10,0,10,0,3,0,0,0,0,0,4,2,35.665662777777776,139.35212222222222,5,3,,,,
1,30,883,160,2,0,1,30000,0,201,2019,3,5,23,50,22,,,,,3,1,2,1,7,1,21,0,23,11,9,30,70,5,2,1,45,45,3,61,31,0,,,,,,,10,0,10,0,3,0,2,0,2,0,4,2,35.65891694444444,139.33833972222223,3,3,,,,
1,30,883,170,2,0,1,30000,0,201,2019,3,8,6,25,11,,,,,1,1,1,1,1,9,22,0,23,19,9,30,70,4,1,1,45,25,3,61,31,0,,,,,,,3,0,10,0,3,0,2,0,2,0,4,2,35.68835305555555,139.3595388888889,6,3,,,,
1,30,883,176,2,0,1,30000,0,201,2019,3,14,19,30,22,,,,,1,1,1,1,7,9,22,0,23,15,9,30,70,4,2,1,65,45,3,61,31,0,,,,,,,3,0,50,0,4,0,2,0,2,0,4,2,35.65535111111111,139.3471575,5,3,,,,
1,30,883,179,2,0,1,30000,0,201,2019,3,8,6,30,11,,,,,1,1,1,14,7,0,23,0,23,3,9,1,70,5,3,1,35,75,3,61,31,0,,,,,,,2,0,10,0,3,0,2,0,2,0,4,2,35.68631388888888,139.3102377777778,6,3,,,,
1,30,883,182,2,0,1,30000,0,201,2019,3,25,10,30,12,,,,,1,1,1,1,1,9,22,0,23,15,9,30,70,4,3,1,35,65,4,61,31,0,,,,,,,2,0,10,0,4,0,2,0,2,0,4,2,35.658740277777774,139.34022583333334,2,3,,,,
1,30,883,192,2,0,1,95000,0,201,2019,3,31,11,30,12,,,,,1,2,1,1,1,9,22,0,23,15,9,30,70,4,2,1,65,1,3,61,31,0,,,,,,,3,0,10,0,3,0,2,0,2,0,4,2,35.68705361111111,139.3251236111111,1,3,,,,
1,30,884,119,2,0,1,30000,0,209,2019,3,5,16,35,12,,,,,1,2,1,14,7,0,23,0,23,2,9,1,70,5,4,1,65,35,3,61,31,0,,,,,,,10,0,30,0,3,0,2,0,2,0,4,2,35.564996388888886,139.4232925,3,3,,,,
1,30,884,120,2,0,1,30000,0,209,2019,3,6,18,15,21,,,,,2,1,1,1,7,9,22,0,23,15,7,30,70,4,3,1,45,45,3,61,31,0,,,,,,,2,0,10,0,3,0,2,0,2,0,4,2,35.54219555555555,139.45916027777776,4,3,,,,
1,30,884,122,2,0,1,30000,0,209,2019,3,7,9,0,12,,,,,3,1,2,1,7,1,21,0,23,11,7,30,70,5,2,1,25,55,3,61,31,0,,,,,,,3,0,10,0,3,0,2,0,2,0,4,2,35.55582972222222,139.48110083333333,5,3,,,,
1,30,884,123,2,0,1,30000,0,209,2019,3,7,18,25,21,,,,,2,1,2,1,1,9,22,0,23,15,9,30,70,4,2,1,55,55,3,61,31,0,,,,,,,3,0,10,0,3,0,2,0,2,0,4,2,35.557541944444445,139.4781602777778,5,3,,,,
1,30,884,124,2,0,1,30000,0,209,2019,3,7,20,10,22,,,,,2,1,2,14,7,0,23,0,23,2,9,1,70,5,1,1,45,1,36,61,31,0,,,,,,,2,0,10,0,3,0,0,0,0,0,4,2,35.546975833333335,139.45604805555556,5,3,,,,
1,30,884,138,2,0,1,30000,0,209,2019,3,11,8,55,12,,,,,3,1,2,1,7,0,23,0,23,14,9,30,70,5,4,1,45,0,61,0,0,0,,,,,,,0,0,0,0,0,0,0,0,0,0,2,0,35.52916916666666,139.4617436111111,2,3,,,,
1,30,884,147,2,0,1,30000,0,209,2019,3,1,12,5,12,,,,,2,2,1,14,7,0,23,0,23,1,9,1,70,5,3,1,75,45,3,61,31,0,,,,,,,2,0,20,0,3,0,2,0,2,0,4,2,35.54499805555555,139.44477166666667,6,3,,,,
1,30,884,160,2,0,1,30000,0,209,2019,2,23,20,5,22,,,,,1,1,1,14,7,0,23,0,23,3,7,1,70,5,2,1,35,1,35,61,31,0,,,,,,,5,0,10,0,3,0,0,0,0,0,4,2,35.59809305555556,139.46181666666666,7,3,,,,
1,30,884,161,2,0,1,30000,0,209,2019,3,13,20,0,22,,,,,1,1,1,14,7,0,23,0,23,3,9,1,70,5,3,1,45,55,4,61,31,0,,,,,,,2,0,40,0,4,0,2,0,2,0,4,2,35.5449025,139.44485666666668,4,3,,,,
1,30,884,174,2,0,1,30000,0,209,2019,3,24,16,48,12,,,,,1,2,1,1,1,9,22,0,23,14,9,30,70,4,2,1,65,75,3,61,31,0,,,,,,,3,0,10,0,3,0,2,0,2,0,4,2,35.56758305555556,139.4345952777778,1,3,,,,
1,30,884,175,2,0,1,30000,0,209,2019,3,15,9,50,12,,,,,1,1,1,1,7,9,22,0,23,11,9,30,70,5,3,1,45,45,3,61,31,0,,,,,,,2,0,10,0,4,0,2,0,2,0,4,2,35.560314444444444,139.47017305555556,6,3,,,,
1,30,884,178,2,0,1,30000,0,209,2019,2,20,16,8,12,,,,,2,1,1,1,7,2,21,0,23,15,9,30,70,4,3,1,25,65,17,61,1,0,,,,,,,2,0,20,0,4,0,2,0,2,0,4,2,35.56359444444444,139.4479086111111,4,3,,,,
1,30,884,182,2,0,1,30000,0,209,2019,3,30,11,23,12,,,,,1,1,1,1,1,9,22,0,23,14,1,30,70,4,2,1,35,75,3,61,31,0,,,,,,,3,0,10,0,4,0,2,0,2,0,4,2,35.57545833333334,139.45518027777777,7,3,,,,
1,30,884,184,2,0,1,30000,0,209,2019,3,30,20,23,22,,,,,3,2,2,7,7,0,23,0,23,3,9,1,70,4,2,1,45,65,3,61,31,0,,,,,,,10,0,10,0,3,0,2,0,2,0,4,2,35.528064444444446,139.47551305555555,7,3,,,,
1,30,884,190,2,0,1,95000,0,209,2019,3,15,8,2,12,,,,,1,1,1,14,7,0,23,0,23,2,9,1,70,5,3,1,1,35,51,61,0,0,,,,,,,0,0,10,0,3,0,0,0,0,0,4,2,35.57496777777778,139.45793944444443,6,3,,,,
1,30,885,82,2,0,1,20890,0,212,2019,2,19,17,18,13,,,,,3,3,2,1,1,9,22,0,23,14,9,30,70,4,1,1,35,75,51,61,0,0,,,,,,,0,0,40,0,3,0,0,0,0,0,4,2,35.67876083333333,139.39875277777776,3,3,,,,
1,30,885,88,2,0,1,30000,0,212,2019,3,2,17,35,13,,,,,1,2,1,14,7,0,23,0,23,2,9,1,70,5,4,1,45,1,13,61,31,0,,,,,,,2,0,50,0,3,0,2,0,2,0,4,2,35.66110944444444,139.42497972222222,7,3,,,,
1,30,885,89,2,0,1,200,0,212,2019,3,4,11,38,12,,,,,3,3,2,1,3,1,22,0,23,15,9,30,70,1,2,1,25,65,3,61,31,0,,,,,,,10,0,10,0,3,0,2,0,2,0,4,2,35.66898444444444,139.40080166666667,2,3,,,,
1,30,885,94,2,0,1,30000,0,212,2019,3,7,19,25,22,,,,,2,1,2,1,7,9,22,0,23,11,9,30,70,4,2,1,45,25,4,61,31,0,,,,,,,10,0,50,0,3,0,2,0,2,0,4,2,35.65801583333333,139.3809811111111,5,3,,,,
1,30,885,103,2,0,1,30000,0,212,2019,3,16,17,5,13,,,,,2,3,1,14,7,0,23,0,23,3,9,1,70,4,1,1,45,75,3,61,31,0,,,,,,,2,0,30,0,3,0,2,0,2,0,4,2,35.663606944444446,139.38169972222224,7,3,,,,
1,30,885,105,2,0,1,30000,0,212,2019,3,13,16,55,13,,,,,1,2,1,14,7,0,23,0,23,2,9,1,70,4,2,1,75,1,4,61,31,0,,,,,,,3,0,10,0,3,0,2,0,2,0,4,2,35.68448833333333,139.3852022222222,4,3,,,,
1,30,885,107,2,0,1,99000,0,212,2019,3,20,11,7,12,,,,,1,2,1,0,7,0,23,0,23,0,0,20,70,0,2,1,45,75,14,61,1,0,,,,,,,10,0,70,0,4,0,2,0,2,0,4,2,35.651630555555556,139.41904805555555,4,2,,,,
1,30,885,109,2,0,1,20000,0,212,2019,3,21,21,25,22,,,,,2,3,1,1,1,9,22,0,23,14,9,30,70,1,2,1,55,25,14,61,31,0,,,,,,,3,0,10,0,4,0,2,0,1,0,4,2,35.65300583333333,139.40879472222224,5,1,,,,
1,30,885,116,2,0,1,30000,0,212,2019,3,27,8,44,12,,,,,1,3,1,14,7,0,23,0,23,3,7,1,70,4,2,1,45,45,3,61,31,0,,,,,,,3,0,40,0,4,0,2,0,2,0,4,2,35.67688638888889,139.39146027777778,4,3,,,,
1,30,885,118,2,0,1,30000,0,212,2019,3,27,8,0,12,,,,,1,3,5,1,1,9,22,0,23,15,7,30,70,4,2,1,75,1,3,61,31,0,,,,,,,3,0,10,0,3,0,2,0,2,0,4,2,35.6545075,139.42366888888887,4,3,,,,
1,30,886,81,2,0,1,30000,0,207,2019,2,12,19,43,22,,,,,1,1,1,1,7,1,21,0,23,11,9,30,70,5,4,1,45,25,14,61,31,0,,,,,,,10,0,10,0,3,0,2,0,2,0,4,2,35.699575277777775,139.373615,3,3,,,,
1,30,886,82,2,0,1,30000,0,207,2019,2,14,7,35,12,,,,,1,1,1,1,7,1,22,0,23,14,9,30,70,4,2,1,45,55,14,61,31,0,,,,,,,2,0,50,0,3,0,2,0,2,0,4,2,35.720060555555555,139.3497952777778,5,3,,,,
1,30,886,83,2,0,1,30000,0,207,2019,2,18,9,4,12,,,,,1,1,1,1,1,9,22,0,23,15,9,30,70,5,2,1,55,75,3,61,31,0,,,,,,,3,0,20,0,4,0,2,0,2,0,4,2,35.70317222222223,139.35140333333334,2,3,,,,
1,30,886,90,2,0,1,95000,0,207,2019,3,7,16,30,12,,,,,3,1,2,0,7,0,23,0,23,0,0,20,70,0,4,1,65,35,3,61,31,0,,,,,,,5,0,40,0,4,0,2,0,2,0,4,2,35.70304111111111,139.35543805555554,5,3,,,,
1,30,886,91,2,0,1,95000,0,207,2019,3,7,18,30,21,,,,,2,1,2,1,1,9,22,0,23,15,9,30,70,4,2,1,45,45,3,61,31,0,,,,,,,3,0,20,0,2,0,2,0,2,0,4,2,35.71803777777778,139.3658313888889,5,3,,,,
1,30,886,99,2,0,1,30810,0,207,2019,3,13,9,45,12,,,,,1,1,1,1,1,9,22,0,23,15,9,30,70,4,2,1,45,45,3,61,31,0,,,,,,,3,0,10,0,3,0,2,0,2,0,4,2,35.71206555555556,139.3625397222222,4,3,,,,
1,30,886,113,2,0,1,95000,0,207,2019,3,21,14,0,12,,,,,1,3,1,14,7,0,23,0,23,1,9,20,70,5,4,1,55,1,51,61,0,0,,,,,,,0,0,10,0,3,0,0,0,0,0,2,4,35.69621833333333,139.37021055555556,5,1,,,,
1,30,886,114,2,0,1,10550,0,207,2019,3,22,3,45,22,,,,,1,3,1,1,1,9,22,0,23,18,9,30,70,4,2,1,35,45,11,61,1,0,,,,,,,4,0,10,0,3,0,2,0,2,0,4,2,35.69961555555555,139.36671555555557,6,3,,,,
1,30,886,120,2,0,1,21150,0,207,2019,3,25,14,30,12,,,,,1,1,1,14,7,0,23,0,23,2,9,1,70,4,2,1,65,65,3,61,31,0,,,,,,,3,0,10,0,4,0,2,0,2,0,4,2,35.72392861111111,139.37350833333335,2,3,,,,
1,30,886,121,2,0,1,30000,0,207,2019,3,26,9,22,12,,,,,1,1,1,1,7,9,22,0,23,14,9,30,70,4,2,1,65,1,3,61,31,0,,,,,,,3,0,10,0,3,0,2,0,2,0,4,2,35.71047472222222,139.36145083333332,3,3,,,,
1,30,886,130,2,0,1,30000,0,207,2019,3,18,11,45,12,,,,,1,3,1,14,7,0,23,0,23,1,9,1,70,5,4,1,75,0,61,0,0,0,,,,,,,0,0,0,0,0,0,0,0,0,0,2,0,35.712499722222226,139.3509961111111,2,3,,,,
1,30,887,152,2,0,1,30000,0,202,2019,3,2,11,45,12,,,,,1,1,1,1,1,9,22,0,23,14,9,30,70,4,3,1,75,75,3,61,31,0,,,,,,,2,0,50,0,3,0,2,0,2,0,4,2,35.700232500000006,139.40264833333333,7,3,,,,
1,30,887,154,2,0,1,30000,0,202,2019,3,3,13,22,12,,,,,3,2,2,14,7,0,23,0,23,3,9,1,70,4,1,1,35,1,4,61,31,0,,,,,,,2,0,10,0,3,0,2,0,2,0,4,2,35.71425722222222,139.4183811111111,1,3,,,,
1,30,887,160,2,0,1,30000,0,202,2019,3,6,19,10,22,,,,,2,1,1,14,7,0,23,0,23,2,9,1,70,5,3,1,45,55,13,61,31,0,,,,,,,2,0,10,0,3,0,2,0,2,0,4,2,35.69300555555555,139.38996166666666,4,3,,,,
1,30,887,168,2,0,1,30000,0,202,2019,3,9,0,5,22,,,,,1,1,1,14,7,0,23,0,23,3,9,20,70,5,2,1,25,55,3,61,31,0,,,,,,,2,0,40,0,3,0,2,0,2,0,4,2,35.69676583333333,139.41383472222222,7,3,,,,
1,30,887,183,2,0,1,30000,0,215,2019,3,14,18,0,21,,,,,1,1,1,7,7,0,23,0,23,3,9,1,70,4,2,1,25,1,3,61,31,0,,,,,,,3,0,10,0,3,0,2,0,2,0,4,2,35.69831416666666,139.44598638888888,5,3,,,,
1,30,887,187,2,0,1,30000,0,215,2019,3,15,19,0,22,,,,,1,1,1,1,7,9,22,0,23,11,9,30,70,5,2,1,35,75,3,61,31,0,,,,,,,2,0,10,0,4,0,2,0,2,0,4,2,35.68366194444444,139.44983444444443,6,3,,,,
1,30,887,188,2,0,1,95000,0,202,2019,3,15,23,5,22,,,,,1,1,1,14,1,0,23,0,23,4,9,1,70,1,2,1,65,1,3,61,1,0,,,,,,,3,0,10,0,4,0,2,0,2,0,4,2,35.69975583333333,139.41443666666666,6,3,,,,
1,30,887,191,2,0,1,30000,0,215,2019,3,16,19,20,22,,,,,2,1,1,1,7,1,22,0,23,15,9,30,70,5,2,1,65,45,3,61,31,0,,,,,,,2,0,10,0,4,0,2,0,2,0,4,2,35.688644999999994,139.4327072222222,7,3,,,,
1,30,887,192,2,0,1,30000,0,202,2019,3,16,16,23,12,,,,,1,1,1,1,7,9,22,0,23,11,9,30,70,4,2,1,65,35,3,61,31,0,,,,,,,3,0,50,0,3,0,2,0,2,0,4,2,35.72795888888889,139.39156305555554,7,3,,,,
1,30,887,219,2,0,1,30000,0,202,2019,1,30,13,25,12,,,,,1,1,1,7,7,0,23,0,23,2,9,1,70,5,3,1,35,75,3,61,31,0,,,,,,,1,0,30,0,3,0,2,0,2,0,4,2,35.702466666666666,139.41803305555555,4,3,,,,
1,30,887,220,2,0,1,10520,0,202,2019,3,27,14,5,12,,,,,1,1,1,1,1,9,22,0,23,14,9,30,70,4,2,1,45,35,3,61,31,0,,,,,,,3,0,10,0,3,0,2,0,2,0,4,2,35.71099777777778,139.4277436111111,4,3,,,,
1,30,887,224,2,0,1,95000,0,202,2019,3,28,10,55,12,,,,,1,2,1,7,1,0,23,0,23,4,9,1,70,1,1,1,75,0,61,0,0,0,,,,,,,0,0,0,0,0,0,0,0,0,0,2,0,35.70031916666667,139.41174361111112,5,3,,,,
1,30,887,226,2,0,1,95000,0,202,2019,3,28,17,8,13,,,,,1,1,1,1,7,9,22,0,23,15,9,30,70,4,2,1,1,1,4,61,31,0,,,,,,,3,0,50,0,3,0,2,0,2,0,4,2,35.72047138888889,139.42292416666666,5,3,,,,
1,30,887,227,2,0,1,30000,0,215,2019,3,21,17,5,13,,,,,1,1,1,14,7,0,23,0,23,3,9,1,70,5,2,1,75,25,3,61,31,0,,,,,,,2,0,20,0,3,0,2,0,2,0,4,2,35.698861666666666,139.44552777777778,5,1,,,,
1,30,887,230,2,0,1,95000,0,202,2019,3,29,23,33,22,,,,,1,1,1,1,7,9,22,0,23,15,9,30,70,4,2,1,55,35,3,61,31,0,,,,,,,2,0,10,0,4,0,2,0,2,0,4,2,35.73007555555556,139.4011138888889,6,3,,,,
1,30,888,61,2,0,1,30000,0,206,2019,3,7,13,43,12,,,,,3,1,2,14,7,0,23,0,23,2,9,1,70,5,2,1,55,45,3,61,31,0,,,,,,,2,0,10,0,4,0,2,0,2,0,4,2,35.66447972222222,139.51418166666667,5,3,,,,
1,30,888,65,2,0,1,30000,0,206,2019,3,12,20,35,22,,,,,1,1,1,1,1,9,22,0,23,11,9,30,70,4,2,1,45,25,3,61,31,0,,,,,,,3,0,10,0,3,0,2,0,2,0,4,2,35.65542666666666,139.47489805555557,3,3,,,,
1,30,888,71,2,0,1,95000,0,206,2019,3,20,9,22,12,,,,,1,1,1,14,7,0,23,0,23,1,9,1,70,5,4,1,45,65,51,61,0,0,,,,,,,0,0,10,0,3,0,0,0,0,0,4,2,35.65145638888889,139.51826416666668,4,2,,,,
1,30,888,72,2,0,1,30000,0,206,2019,3,20,11,0,12,,,,,1,1,1,14,7,0,23,0,23,2,9,1,70,5,4,1,25,45,4,61,31,0,,,,,,,10,0,40,0,3,0,2,0,2,0,4,2,35.68807305555555,139.46237444444444,4,2,,,,
1,30,888,81,2,0,1,30000,0,206,2019,3,28,2,25,22,,,,,1,1,1,1,1,9,22,0,23,15,9,30,70,4,2,1,45,25,4,61,31,0,,,,,,,2,0,10,0,3,0,2,0,2,0,4,2,35.669866388888885,139.49452499999998,5,3,,,,
1,30,889,35,2,0,1,20880,0,210,2019,3,1,5,45,23,,,,,3,1,2,1,1,9,22,0,23,15,9,30,70,4,2,1,55,75,36,61,31,0,,,,,,,10,0,10,0,4,0,0,0,0,0,4,2,35.69441138888889,139.5222588888889,6,3,,,,
1,30,889,44,2,0,2,20000,0,214,2019,3,10,19,55,22,,,,,3,1,2,1,1,9,22,0,23,15,9,30,70,5,2,1,45,55,3,61,31,0,,,,,,,3,0,10,0,2,0,2,0,2,0,4,2,35.695970277777775,139.46909083333333,1,3,,,,
1,30,889,45,2,0,1,30000,0,214,2019,3,10,18,43,21,,,,,3,1,2,1,1,9,22,0,23,15,9,30,70,1,2,1,65,65,3,61,31,0,,,,,,,3,0,10,0,3,0,2,0,2,0,4,2,35.69658222222222,139.47361916666668,1,3,,,,
1,30,889,55,2,0,1,30000,0,214,2019,3,18,16,50,12,,,,,1,1,1,1,1,9,22,0,23,15,9,30,70,4,2,1,55,1,14,61,31,0,,,,,,,2,0,40,0,3,0,2,0,2,0,4,2,35.704975833333336,139.44428444444443,2,3,,,,
1,30,889,57,2,0,1,30000,0,214,2019,3,1,17,10,13,,,,,1,1,1,1,7,9,22,0,23,11,9,30,70,5,3,1,55,55,3,61,31,0,,,,,,,10,0,10,0,3,0,2,0,2,0,4,2,35.69826416666666,139.4793975,6,3,,,,
1,30,889,60,2,0,1,30000,0,214,2019,3,22,12,25,12,,,,,1,1,1,1,1,8,22,0,23,11,9,30,70,5,4,1,65,75,4,61,31,0,,,,,,,2,0,40,0,3,0,2,0,2,0,4,2,35.71107083333334,139.48178000000001,6,3,,,,
1,30,890,115,2,0,1,30000,0,222,2019,3,5,10,12,12,,,,,1,1,1,1,7,9,22,0,23,15,9,30,70,5,4,1,55,75,51,61,0,0,,,,,,,0,0,10,0,3,0,0,0,0,0,4,2,35.747415555555555,139.4946875,3,3,,,,
1,30,890,120,2,0,1,10240,0,229,2019,3,10,1,33,22,,,,,1,1,1,1,1,9,22,0,23,15,9,30,70,5,2,1,55,1,22,61,0,0,,,,,,,3,0,80,0,4,0,0,0,0,0,4,2,35.729166944444444,139.54144472222222,1,3,,,,
1,30,890,126,2,0,1,20000,0,222,2019,3,15,10,20,12,,,,,1,1,1,14,7,0,23,0,23,4,9,1,70,4,2,1,75,75,51,61,0,0,,,,,,,0,0,10,0,3,0,0,0,0,0,4,2,35.74491277777778,139.5032113888889,6,3,,,,
1,30,890,128,2,0,1,30000,0,222,2019,3,13,7,50,12,,,,,1,1,1,14,7,0,23,0,23,1,9,20,70,5,4,1,65,25,14,61,31,0,,,,,,,2,0,10,0,4,0,2,0,2,0,4,2,35.76049277777778,139.54594444444444,4,3,,,,
1,30,890,129,2,0,1,30000,0,222,2019,3,18,17,35,13,,,,,1,1,1,7,7,0,23,0,23,3,9,1,70,4,3,1,55,75,13,61,31,0,,,,,,,2,0,10,0,3,0,2,0,2,0,4,2,35.75541777777778,139.51642555555554,2,3,,,,
1,30,890,131,2,0,1,30000,0,222,2019,3,16,8,50,12,,,,,1,1,1,1,7,0,23,0,23,14,9,30,70,4,2,1,1,0,61,0,0,0,,,,,,,0,0,0,0,0,0,0,0,0,0,2,0,35.7422175,139.4925275,7,3,,,,
1,30,890,134,2,0,1,10580,0,229,2019,3,22,19,50,22,,,,,1,1,1,1,1,9,22,0,23,15,9,30,70,5,2,1,1,25,3,61,31,0,,,,,,,3,0,10,0,3,0,2,0,2,0,4,2,35.73743833333334,139.5344375,6,3,,,,
1,30,890,139,2,0,1,30000,0,222,2019,3,26,15,15,12,,,,,1,1,1,1,1,9,22,0,23,15,9,30,70,4,2,1,45,75,3,61,31,0,,,,,,,3,0,10,0,3,0,2,0,2,0,4,2,35.75429722222222,139.49684055555554,3,3,,,,
1,30,890,140,2,0,1,21220,0,229,2019,3,26,16,35,12,,,,,1,1,1,1,1,9,22,0,23,14,9,30,70,1,1,1,55,65,17,61,31,0,,,,,,,5,0,10,0,3,0,2,0,2,0,4,2,35.722432222222224,139.5574888888889,3,3,,,,
1,30,890,142,2,0,1,30000,0,229,2019,3,27,17,15,13,,,,,1,1,1,1,7,9,22,0,23,11,9,30,70,4,2,1,45,75,14,61,31,0,,,,,,,3,0,10,0,3,0,2,0,2,0,4,2,35.760265,139.5637488888889,4,3,,,,