資料区分,都道府県コード,警察署等コード,本票番号,事故内容,死者数,負傷者数,路線コード,地点コード,市区町村コード,発生日時　　年,発生日時　　月,発生日時　　日,発生日時　　時,発生日時　　分,昼夜,日の出時刻　　時,日の出時刻　　分,日の入り時刻　　時,日の入り時刻　　分,天候,地形,路面状態,道路形状,信号機,一時停止規制　標識（当事者A）,一時停止規制　表示（当事者A）,一時停止規制　標識（当事者B）,一時停止規制　表示（当事者B）,車道幅員,道路線形,衝突地点,ゾーン規制,中央分離帯施設等,歩車道区分,事故類型,年齢（当事者A）,年齢（当事者B）,当事者種別（当事者A）,当事者種別（当事者B）,用途別（当事者A）,用途別（当事者B）,車両形状等（当事者A）,車両形状等（当事者B）,オートマチック車（当事者A）,オートマチック車（当事者B）,サポカー（当事者A）,サポカー（当事者B）,速度規制（指定のみ）（当事者A）,速度規制（指定のみ）（当事者B）,車両の衝突部位（当事者A）,車両の衝突部位（当事者B）,車両の損壊程度（当事者A）,車両の損壊程度（当事者B）,エアバッグの装備（当事者A）,エアバッグの装備（当事者B）,サイドエアバッグの装備（当事者A）,サイドエアバッグの装備（当事者B）,人身損傷程度（当事者A）,人身損傷程度（当事者B）,lat,lon,曜日(発生年月日),祝日(発生年月日),認知機能検査経過日数（当事者A）,認知機能検査経過日数（当事者B）,運転練習の方法（当事者A）,運転練習の方法（当事者B）
1,30,890,147,2,0,1,10580,0,229,2019,3,29,19,45,22,,,,,2,1,1,14,7,0,23,0,23,3,9,1,70,4,2,1,25,1,3,61,31,0,,,,,,,3,0,10,0,3,0,2,0,2,0,4,2,35.732440000000004,139.540465,6,3,,,,
1,30,891,68,2,0,1,99000,0,213,2019,3,8,22,40,22,,,,,1,1,1,0,7,0,23,0,23,0,0,20,70,0,4,1,65,25,3,61,31,0,,,,,,,10,0,20,0,4,0,2,0,2,0,4,2,35.76246388888889,139.49640416666665,6,3,,,,
1,30,891,72,2,0,1,20000,0,221,2019,3,11,5,55,23,,,,,3,1,2,1,1,9,22,0,23,14,9,30,70,4,2,1,55,55,3,61,31,0,,,,,,,4,0,10,0,4,0,2,0,2,0,4,2,35.775797777777775,139.52611166666668,2,3,,,,
1,30,891,75,2,0,1,95000,0,213,2019,3,13,7,57,12,,,,,1,1,1,1,1,9,22,0,23,11,9,30,70,4,2,1,55,1,3,61,1,0,,,,,,,2,0,10,0,3,0,2,0,2,0,2,4,35.76087805555556,139.46868416666666,4,3,,,,
1,30,891,77,2,0,1,10560,0,221,2019,3,16,15,15,12,,,,,2,1,1,7,1,0,23,0,23,3,9,1,70,4,2,1,75,25,3,61,31,0,,,,,,,2,0,10,0,3,0,2,0,2,0,4,2,35.76914166666666,139.51656833333334,7,3,,,,
1,30,891,81,2,0,1,10590,0,221,2019,3,20,9,25,12,,,,,1,1,1,7,7,0,23,0,23,3,9,1,70,4,2,1,65,35,3,61,31,0,,,,,,,10,0,10,0,4,0,2,0,2,0,4,2,35.78427083333333,139.5375011111111,4,2,,,,
1,30,891,87,2,0,1,30000,0,213,2019,3,26,9,20,12,,,,,2,1,1,14,7,0,23,0,23,2,9,1,70,5,3,1,35,45,36,61,31,0,,,,,,,1,0,40,0,4,0,0,0,0,0,4,2,35.77786138888889,139.49469722222221,3,3,,,,
1,30,892,41,2,0,1,95000,0,203,2019,3,1,22,23,22,,,,,1,1,1,1,1,9,22,0,23,18,9,30,70,4,1,1,65,45,3,61,1,0,,,,,,,3,0,10,0,4,0,2,0,2,0,4,2,35.7068725,139.55102944444445,6,3,,,,
1,30,892,45,2,0,1,20270,0,203,2019,3,5,20,5,22,,,,,1,1,1,14,7,0,23,0,23,3,9,1,70,5,2,1,55,25,14,61,31,0,,,,,,,3,0,10,0,2,0,2,0,2,0,4,2,35.70270555555556,139.57789111111111,3,3,,,,
1,30,892,49,2,0,1,10600,0,203,2019,3,11,17,15,13,,,,,1,1,1,1,1,9,22,0,23,14,9,30,70,5,2,1,45,35,3,61,31,0,,,,,,,3,0,10,0,3,0,2,0,2,0,4,2,35.70963166666667,139.5436875,2,3,,,,
1,30,893,70,2,0,1,20900,0,204,2018,9,28,15,35,12,,,,,1,1,1,14,7,0,23,0,23,4,9,1,70,4,1,1,45,1,51,61,0,0,,,,,,,0,0,10,0,3,0,0,0,0,0,4,2,35.69502444444444,139.55915805555557,6,3,,,,
1,30,893,74,2,0,1,20900,0,204,2019,3,5,23,5,22,,,,,3,1,2,1,1,9,22,0,23,15,9,30,70,5,2,1,55,1,3,61,1,0,,,,,,,3,0,10,0,3,0,2,0,2,0,4,2,35.698248888888884,139.559005,3,3,,,,
1,30,893,77,2,0,1,20900,0,204,2019,3,8,10,25,12,,,,,1,1,1,7,1,0,23,0,23,2,9,1,70,4,2,1,35,75,3,61,31,0,,,,,,,3,0,10,0,3,0,2,0,2,0,4,2,35.68743555555555,139.55907166666668,6,3,,,,
1,30,893,80,2,0,1,30000,0,204,2019,3,12,12,3,12,,,,,1,1,1,1,7,1,21,0,23,14,9,30,70,4,2,1,65,65,3,61,31,0,,,,,,,10,0,40,0,3,0,2,0,2,0,4,2,35.68275472222222,139.56120472222224,3,3,,,,
1,30,893,84,2,0,1,30000,0,204,2019,3,18,8,30,12,,,,,1,1,1,1,7,9,22,0,23,11,9,20,70,5,4,1,55,1,3,61,31,0,,,,,,,2,0,20,0,3,0,2,0,2,0,4,2,35.69033194444444,139.58558416666668,2,3,,,,
1,30,893,85,2,0,1,30000,0,204,2019,3,18,8,30,12,,,,,1,1,1,1,7,9,22,0,23,14,9,20,70,5,3,1,65,75,51,61,0,0,,,,,,,0,0,10,0,3,0,0,0,0,0,4,2,35.671679166666664,139.53696083333332,2,3,,,,
1,30,893,87,2,0,1,10750,0,204,2019,3,14,15,37,12,,,,,1,1,1,1,7,0,23,0,23,11,8,20,70,1,2,1,1,0,61,0,0,0,,,,,,,0,0,0,0,0,0,0,0,0,0,2,0,35.68246444444444,139.58299833333334,5,3,,,,
1,30,893,96,2,0,1,20000,0,204,2019,3,22,15,25,12,,,,,1,1,1,14,7,0,23,0,23,4,9,1,70,4,2,1,45,25,13,61,1,0,,,,,,,10,0,30,0,3,0,2,0,2,0,4,2,35.67077111111111,139.5386538888889,6,3,,,,
1,30,894,101,2,0,1,99000,0,208,2019,3,12,10,35,12,,,,,1,1,1,0,7,0,23,0,23,0,0,20,70,0,4,1,45,1,4,61,31,0,,,,,,,10,0,20,0,4,0,2,0,2,0,4,2,35.638374444444445,139.55321222222224,3,3,,,,
1,30,894,104,2,0,1,30000,0,208,2019,3,14,7,55,12,,,,,1,1,1,1,1,9,22,0,23,11,9,30,70,5,2,1,1,1,51,61,0,0,,,,,,,0,0,10,0,3,0,0,0,0,0,4,2,35.66180583333333,139.58848083333334,5,3,,,,
1,30,894,111,2,0,1,95000,0,208,2019,3,17,16,50,13,,,,,1,1,1,14,7,0,23,0,23,3,9,1,70,5,4,1,55,25,3,61,31,0,,,,,,,10,0,10,0,4,0,2,0,2,0,4,2,35.65754694444444,139.5468061111111,1,3,,,,
1,30,894,117,2,0,1,30000,0,208,2019,3,23,21,30,22,,,,,2,1,1,7,1,0,23,0,23,4,9,1,70,4,1,1,45,35,3,61,31,0,,,,,,,4,0,10,0,3,0,2,0,2,0,4,2,35.65270916666667,139.55664583333333,7,3,,,,
1,30,894,119,2,0,1,30000,0,208,2019,3,25,10,5,12,,,,,1,1,1,1,7,9,22,0,23,11,9,30,70,5,4,1,55,25,14,61,1,0,,,,,,,5,0,40,0,3,0,2,0,2,0,4,2,35.660041944444444,139.5297216666667,2,3,,,,
1,30,894,126,2,0,1,30000,0,208,2019,2,5,16,30,13,,,,,2,1,1,14,7,0,23,0,23,3,9,1,70,5,4,1,75,75,51,61,0,0,,,,,,,0,0,10,0,3,0,0,0,0,0,4,2,35.66113361111111,139.58491472222224,3,3,,,,
1,30,895,71,2,0,1,30000,0,211,2019,3,8,9,35,12,,,,,1,1,1,1,7,1,21,0,23,11,9,30,70,5,2,1,75,75,3,61,31,0,,,,,,,2,0,50,0,4,0,2,0,2,0,4,2,35.726104722222225,139.46800444444446,6,3,,,,
1,30,895,73,2,0,1,99000,0,211,2019,3,9,13,30,12,,,,,1,1,1,0,7,0,23,0,23,0,0,20,70,0,4,1,65,1,4,61,31,0,,,,,,,2,0,10,0,2,0,2,0,2,0,4,2,35.725012500000005,139.51620472222223,7,3,,,,
1,30,895,77,2,0,1,10250,0,211,2019,3,15,12,40,12,,,,,1,1,1,14,7,0,23,0,23,5,9,1,70,4,2,1,75,25,3,61,31,0,,,,,,,4,0,80,0,4,0,2,0,2,0,4,2,35.73802083333334,139.51385472222222,6,3,,,,
1,30,895,81,2,0,1,30000,0,211,2019,3,17,11,40,12,,,,,1,1,1,1,7,9,21,0,23,11,9,30,70,5,4,1,65,1,14,61,31,0,,,,,,,10,0,10,0,3,0,1,0,2,0,4,2,35.7271625,139.5119063888889,1,3,,,,
1,30,895,82,2,0,1,95000,0,211,2019,3,18,11,15,12,,,,,1,1,1,1,1,9,22,0,23,11,9,30,70,4,2,1,45,75,3,61,31,0,,,,,,,3,0,10,0,3,0,2,0,2,0,4,2,35.723083888888894,139.4798225,2,3,,,,
1,30,895,89,2,0,1,30000,0,211,2019,3,25,14,5,12,,,,,1,1,1,14,7,0,23,0,23,2,9,1,70,5,3,1,45,45,3,61,31,0,,,,,,,2,0,10,0,3,0,2,0,2,0,4,2,35.70963694444445,139.4752575,2,3,,,,
1,30,895,90,2,0,1,30000,0,211,2019,3,25,17,20,13,,,,,2,1,1,1,7,9,22,0,23,17,9,30,70,4,1,1,25,1,3,61,31,0,,,,,,,3,0,10,0,3,0,2,0,2,0,4,2,35.72408111111111,139.48792305555554,2,3,,,,
1,30,895,94,2,0,1,30000,0,211,2019,3,27,17,10,13,,,,,1,1,1,14,7,0,23,0,23,3,9,1,70,4,1,1,75,75,51,61,0,0,,,,,,,0,0,20,0,4,0,0,0,0,0,4,2,35.72963,139.51463555555554,4,3,,,,
1,30,895,97,2,0,1,30000,0,211,2019,3,31,9,55,12,,,,,2,1,1,14,7,0,23,0,23,2,9,1,70,5,4,1,45,75,3,61,31,0,,,,,,,10,0,30,0,3,0,2,0,2,0,4,2,35.7348375,139.49052527777778,1,3,,,,
1,30,900,1,2,0,1,20000,0,421,2019,2,28,20,10,22,,,,,2,1,1,1,3,9,22,0,23,19,6,30,70,4,1,1,45,25,4,61,31,0,,,,,,,1,0,10,0,4,0,2,0,2,0,4,2,27.09789972222222,142.19749861111111,5,3,,,,
1,30,100,42,2,0,1,20170,0,101,2019,3,27,21,25,22,,,,,1,1,1,1,7,9,22,0,23,14,9,20,70,5,2,1,55,45,51,61,0,0,,,,,,,0,0,10,0,3,0,0,0,0,0,4,2,35.67217972222222,139.7463,4,3,,,,
1,30,100,47,2,0,1,20000,0,101,2019,4,22,11,10,12,,,,,1,1,1,14,7,0,23,0,23,3,9,1,1,5,1,1,55,1,17,61,1,0,,,,,,,2,0,10,0,4,0,2,0,2,0,4,2,35.699123611111105,139.74519888888886,2,3,,,,
1,30,101,54,2,0,1,95000,0,101,2019,3,29,11,42,12,,,,,2,1,1,0,7,0,23,0,23,0,0,20,70,0,2,1,55,45,3,61,31,0,,,,,,,10,0,20,0,3,0,2,0,2,0,4,2,35.67614194444444,139.75442555555554,6,3,,,,
1,30,101,57,2,0,1,20030,0,101,2019,4,8,12,50,12,,,,,1,1,1,14,7,0,23,0,23,5,9,20,70,1,2,1,55,1,13,61,31,0,,,,,,,5,0,40,0,3,0,2,0,2,0,4,2,35.67746694444444,139.76053027777778,2,3,,,,
1,30,101,60,2,0,1,99000,0,101,2019,4,10,21,0,22,,,,,3,1,2,0,7,0,23,0,23,0,0,20,70,0,2,1,35,45,3,61,1,0,,,,,,,5,0,40,0,4,0,2,0,2,0,4,2,35.68084472222222,139.76882666666668,4,3,,,,
1,30,101,62,2,0,1,30000,0,101,2019,4,13,13,18,12,,,,,1,1,1,14,7,0,23,0,23,3,9,1,70,5,2,1,65,25,3,61,31,0,,,,,,,10,0,50,0,3,0,2,0,2,0,4,2,35.67387222222222,139.76330777777778,7,3,,,,
1,30,101,63,2,0,1,30000,0,101,2019,4,15,8,50,12,,,,,1,1,1,1,7,9,22,0,23,15,9,30,70,4,2,1,45,35,3,61,1,0,,,,,,,10,0,10,0,3,0,2,0,2,0,4,2,35.68326472222222,139.7641025,2,3,,,,
1,30,102,46,2,0,2,10050,0,101,2019,1,5,17,24,21,,,,,1,1,1,14,7,0,23,0,23,5,9,1,70,1,2,1,25,45,33,61,31,0,,,,,,,4,0,20,0,3,0,0,0,0,0,2,2,35.695951666666666,139.7594061111111,7,3,,,,
1,30,102,52,2,0,1,10050,0,101,2019,4,10,14,52,12,,,,,1,1,2,1,1,9,22,0,23,14,9,30,70,1,2,1,35,45,3,61,31,0,,,,,,,5,0,10,0,4,0,2,0,2,0,4,2,35.69433722222222,139.76349611111112,4,3,,,,
1,30,102,58,2,0,1,30000,0,101,2019,4,19,8,14,12,,,,,1,1,1,1,1,9,22,0,23,14,9,30,70,4,2,1,65,35,2,61,31,0,,,,,,,3,0,10,0,3,0,2,0,2,0,4,2,35.69457444444444,139.75964166666665,6,3,,,,
1,30,102,60,2,0,1,30000,0,101,2019,4,23,8,57,12,,,,,1,1,1,1,7,9,22,0,23,15,9,30,1,5,2,1,45,1,51,61,0,0,,,,,,,0,0,40,0,4,0,0,0,0,0,4,2,35.70059444444445,139.7547622222222,3,3,,,,
1,30,102,61,2,0,1,10050,0,101,2019,4,24,1,22,22,,,,,1,1,1,1,1,9,22,0,23,19,9,30,70,1,1,1,65,1,3,61,1,0,,,,,,,4,0,10,0,4,0,2,0,2,0,4,2,35.69470972222222,139.76559916666668,4,3,,,,
1,30,103,40,2,0,1,20090,0,101,2019,4,16,19,14,21,,,,,1,1,1,1,1,9,22,0,23,15,9,30,70,4,2,1,45,25,14,61,1,0,,,,,,,3,0,40,0,3,0,2,0,2,0,4,2,35.69925805555555,139.7681877777778,3,3,,,,
1,30,104,87,2,0,1,30000,0,102,2019,4,26,13,39,12,,,,,2,1,1,1,7,9,22,0,23,15,8,30,70,4,2,1,25,65,4,61,31,0,,,,,,,10,0,10,0,3,0,1,0,2,0,4,2,35.67777583333333,139.77980555555555,6,3,,,,
1,30,105,36,2,0,1,30000,0,102,2019,4,1,8,0,12,,,,,1,1,1,1,7,1,22,0,23,15,9,30,70,5,2,1,65,25,3,61,1,0,,,,,,,2,0,10,0,4,0,2,0,2,0,4,2,35.688091111111106,139.782465,2,3,,,,
1,30,105,41,2,0,1,30000,0,102,2019,4,12,16,45,12,,,,,2,1,1,14,7,0,23,0,23,3,9,20,70,5,2,1,65,65,51,61,0,0,,,,,,,0,0,10,0,4,0,0,0,0,0,4,2,35.685914999999994,139.784685,6,3,,,,
1,30,105,42,2,0,1,30000,0,102,2019,4,13,11,0,12,,,,,1,1,1,14,7,0,23,0,23,3,9,1,70,5,3,1,1,55,14,61,31,0,,,,,,,10,0,30,0,3,0,2,0,2,0,4,2,35.686011666666666,139.7807263888889,7,3,,,,
1,30,106,71,2,0,1,30000,0,102,2019,3,27,18,35,21,,,,,1,1,1,1,7,1,21,0,23,15,9,30,70,5,2,1,55,25,3,61,1,0,,,,,,,5,0,10,0,3,0,2,0,2,0,4,2,35.66833166666667,139.75932416666666,4,3,,,,
1,30,106,72,2,0,1,10030,0,102,2019,4,1,20,45,22,,,,,3,1,2,1,1,9,22,0,23,18,9,30,70,1,1,1,45,25,3,61,1,0,,,,,,,5,0,10,0,4,0,2,0,2,0,4,2,35.66858805555555,139.76599916666666,2,3,,,,
1,30,106,74,2,0,1,10060,0,102,2019,4,3,17,44,13,,,,,1,1,1,1,1,9,22,0,23,18,9,30,70,1,2,1,35,75,51,61,0,0,,,,,,,0,0,30,0,4,0,0,0,0,0,4,2,35.6678175,139.77196666666669,4,3,,,,
1,30,106,77,2,0,1,10060,0,102,2019,4,8,19,5,21,,,,,3,1,2,1,1,9,22,0,23,18,9,30,70,1,2,1,45,35,3,61,31,0,,,,,,,4,0,10,0,3,0,2,0,2,0,4,2,35.665680277777774,139.76925611111113,2,3,,,,
1,30,106,83,2,0,1,30000,0,102,2019,4,15,19,25,22,,,,,1,1,1,1,7,1,21,0,23,14,9,30,70,5,2,1,45,35,51,61,0,0,,,,,,,0,0,40,0,3,0,0,0,0,0,4,2,35.66894361111111,139.78029111111113,2,3,,,,
1,30,106,91,2,0,1,30000,0,102,2019,4,3,0,5,22,,,,,1,1,1,14,7,0,23,0,23,3,9,1,70,5,2,1,35,65,51,61,0,0,,,,,,,0,0,10,0,3,0,0,0,0,0,4,2,35.66976222222222,139.76156833333334,4,3,,,,
1,30,106,92,2,0,1,150,21,102,2019,4,20,17,0,12,,,,,1,1,1,14,7,0,23,0,23,6,9,1,70,5,2,1,25,75,51,61,0,0,,,,,,,0,0,10,0,3,0,0,0,0,0,4,2,35.66806722222222,139.7616461111111,7,3,,,,
1,30,106,95,2,0,1,150,21,102,2019,4,23,11,58,12,,,,,1,1,1,14,7,0,23,0,23,5,9,1,70,4,2,1,35,55,3,61,1,0,,,,,,,4,0,30,0,3,0,2,0,2,0,4,2,35.668483333333334,139.76206194444444,3,3,,,,
1,30,106,96,2,0,1,30000,0,102,2019,4,25,11,38,12,,,,,3,1,2,1,7,1,22,0,23,14,9,30,70,5,2,1,35,35,13,61,31,0,,,,,,,5,0,80,0,3,0,2,0,2,0,4,2,35.67087027777777,139.7699266666667,5,3,,,,
1,30,107,34,2,0,1,30000,0,102,2019,4,24,21,53,22,,,,,3,1,2,1,7,9,22,0,23,15,9,30,70,4,1,1,45,25,3,61,1,0,,,,,,,3,0,11,0,3,0,2,0,2,0,4,2,35.65557694444444,139.77942305555558,4,3,,,,
1,30,108,65,2,0,1,30000,0,103,2019,4,2,11,30,12,,,,,1,1,1,1,1,9,22,0,23,15,9,30,70,5,2,1,35,55,13,61,1,0,,,,,,,5,0,10,0,4,0,2,0,2,0,4,2,35.654644999999995,139.75488944444444,3,3,,,,
1,30,108,73,2,0,1,30000,0,103,2019,4,11,18,0,13,,,,,1,1,1,1,7,9,22,0,23,11,9,30,70,5,1,1,25,1,17,61,1,0,,,,,,,10,0,10,0,4,0,1,0,2,0,4,2,35.658567222222224,139.75718444444445,5,3,,,,
1,30,108,80,2,0,1,10,42,103,2019,4,17,9,10,12,,,,,1,1,1,1,1,9,22,0,23,19,9,30,70,1,1,1,45,55,17,61,1,0,,,,,,,5,0,80,0,4,0,2,0,2,0,4,2,35.667921944444444,139.74815555555554,4,3,,,,
1,30,108,82,2,0,1,30000,0,103,2019,4,19,9,34,12,,,,,1,1,1,14,7,0,23,0,23,3,9,1,70,5,2,1,45,35,3,61,31,0,,,,,,,5,0,30,0,4,0,2,0,2,0,4,2,35.66582333333333,139.74791194444444,6,3,,,,
1,30,108,84,2,0,1,30000,0,103,2019,4,22,13,50,12,,,,,1,1,1,1,7,1,21,0,23,15,9,20,70,4,1,1,55,35,4,61,31,0,,,,,,,5,0,20,0,3,0,2,0,2,0,4,2,35.66410416666667,139.75464555555556,2,3,,,,
1,30,108,85,2,0,1,150,32,103,2019,4,30,21,56,22,,,,,3,1,2,7,1,0,23,0,23,5,9,1,70,1,1,1,35,35,3,61,1,0,,,,,,,5,0,10,0,3,0,2,0,2,0,4,2,35.66008972222222,139.75525972222223,3,1,,,,
1,30,109,57,2,0,1,10,74,103,2019,4,10,12,25,12,,,,,3,1,2,14,7,0,23,0,23,5,9,1,70,4,1,1,25,45,13,61,31,0,,,,,,,4,0,10,0,3,0,2,0,2,0,4,2,35.644709999999996,139.73774055555555,4,3,,,,
1,30,109,62,2,0,2,30000,0,103,2019,4,15,8,42,12,,,,,1,1,1,14,7,0,23,0,23,3,9,1,70,4,2,1,45,35,51,61,0,0,,,,,,,0,0,20,0,4,0,0,0,0,0,4,2,35.64317138888889,139.7462747222222,2,3,,,,
1,30,109,65,2,0,1,30000,0,103,2019,4,21,17,20,13,,,,,1,1,1,14,7,0,23,0,23,2,9,1,1,5,2,1,45,45,3,61,31,0,,,,,,,2,0,10,0,3,0,2,0,2,0,4,2,35.64953583333333,139.73949249999998,1,3,,,,
1,30,109,70,2,0,1,30000,0,103,2019,4,21,11,23,12,,,,,1,1,1,7,1,0,23,0,23,2,9,1,70,4,2,1,25,0,61,0,0,0,,,,,,,0,0,0,0,0,0,0,0,0,0,2,0,35.652748055555556,139.74769972222222,1,3,,,,
1,30,109,71,2,0,1,10,74,103,2019,4,19,8,6,12,,,,,1,1,1,14,1,0,23,0,23,6,9,1,70,4,1,1,35,1,34,61,31,0,,,,,,,4,0,20,0,4,0,0,0,0,0,4,2,35.644457777777774,139.73711805555556,6,3,,,,
1,30,110,53,2,0,1,20000,0,103,2019,4,1,7,0,12,,,,,1,1,1,1,1,9,22,0,23,15,9,30,70,1,1,1,45,25,51,61,0,0,,,,,,,0,0,10,0,4,0,0,0,0,0,4,2,35.631774444444446,139.7430633333333,2,3,,,,
1,30,110,55,2,0,1,20000,0,103,2019,4,5,10,12,12,,,,,1,1,1,1,7,9,22,0,23,14,9,30,70,4,2,1,75,35,3,61,1,0,,,,,,,2,0,10,0,3,0,2,0,2,0,4,2,35.64454972222222,139.72394166666666,6,3,,,,
1,30,110,61,2,0,1,30000,0,103,2019,4,10,16,0,12,,,,,3,1,2,1,1,9,22,0,23,18,9,30,70,1,2,1,45,1,3,61,31,0,,,,,,,2,0,10,0,4,0,2,0,2,0,4,2,35.635825555555556,139.73162583333334,4,3,,,,
1,30,110,65,2,0,1,30000,0,103,2019,4,19,1,35,22,,,,,1,1,1,14,7,0,23,0,23,1,9,1,70,5,4,1,75,25,3,61,1,0,,,,,,,5,0,40,0,4,0,2,0,2,0,4,2,35.63599333333333,139.7220886111111,6,3,,,,
1,30,111,101,2,0,1,30000,0,103,2019,3,21,10,55,12,,,,,1,1,1,1,7,1,22,0,23,14,9,30,70,5,4,1,35,1,3,61,1,0,,,,,,,10,0,20,0,3,0,2,0,2,0,4,2,35.65564194444444,139.74286833333332,5,1,,,,
1,30,111,105,2,0,1,20170,0,103,2019,4,4,2,49,22,,,,,1,1,1,7,1,0,23,0,23,6,9,1,70,1,1,1,55,35,11,61,1,0,,,,,,,5,0,80,0,4,0,2,0,2,0,4,2,35.66077472222222,139.72691416666666,5,3,,,,
1,30,111,116,2,0,1,20000,0,103,2019,4,12,23,5,22,,,,,2,1,1,1,7,9,22,0,23,14,7,20,70,5,1,1,75,35,3,61,1,0,,,,,,,2,0,10,0,4,0,2,0,2,0,4,2,35.659883888888885,139.73658972222222,6,3,,,,
1,30,111,117,2,0,1,30000,0,103,2019,3,8,16,55,13,,,,,1,1,1,7,7,0,23,0,23,3,9,1,70,5,1,1,45,55,14,61,1,0,,,,,,,3,0,10,0,4,0,2,0,2,0,4,2,35.651045833333335,139.7235838888889,6,3,,,,
1,30,111,118,2,0,1,10,52,103,2019,4,7,11,30,12,,,,,1,1,1,7,7,0,23,0,23,5,9,1,70,5,1,1,65,55,3,61,31,0,,,,,,,10,0,80,0,4,0,2,0,2,0,4,2,35.65996111111111,139.7427872222222,1,3,,,,
1,30,111,119,2,0,1,20170,0,103,2019,4,13,18,0,13,,,,,1,1,1,14,7,0,23,0,23,3,9,1,70,1,1,1,65,45,3,61,1,0,,,,,,,10,0,10,0,4,0,2,0,2,0,4,2,35.65982111111111,139.72288583333332,7,3,,,,
1,30,111,120,2,0,1,10,57,103,2019,4,17,21,27,22,,,,,2,1,1,1,1,9,22,0,23,17,9,30,70,1,2,1,65,25,3,61,1,0,,,,,,,10,0,50,0,3,0,2,0,2,0,4,2,35.65635972222222,139.7447122222222,4,3,,,,
1,30,111,122,2,0,1,20120,0,103,2019,4,19,14,2,12,,,,,1,1,1,14,7,0,23,0,23,5,9,1,70,4,1,1,55,25,14,61,31,0,,,,,,,4,0,50,0,3,0,2,0,2,0,4,2,35.65732277777778,139.72380777777778,6,3,,,,
1,30,111,125,2,0,1,30000,0,103,2019,4,22,7,28,12,,,,,1,1,1,1,7,1,22,0,23,11,9,30,70,5,4,1,55,35,3,61,31,0,,,,,,,5,0,50,0,3,0,2,0,2,0,4,2,35.65044833333333,139.7332047222222,2,3,,,,
1,30,113,85,2,0,1,30000,0,109,2019,4,10,21,40,22,,,,,3,1,1,1,7,9,22,0,23,17,6,30,70,5,2,1,45,45,11,61,1,0,,,,,,,4,0,80,0,4,0,2,0,2,0,4,2,35.58490805555556,139.7580675,4,3,,,,
1,30,215,48,2,0,1,30000,0,109,2019,4,10,18,43,21,,,,,3,1,1,1,7,9,22,0,23,14,9,20,70,4,2,1,75,45,35,61,31,0,,,,,,,3,0,10,0,3,0,0,0,0,0,4,2,35.608335555555556,139.7451683333333,4,3,,,,
1,30,215,50,2,0,1,10160,0,109,2019,4,1,20,40,22,,,,,3,1,1,1,1,9,22,0,23,19,9,30,70,1,2,1,25,25,3,61,31,0,,,,,,,3,0,40,0,3,0,2,0,2,0,4,2,35.61675,139.74109388888888,2,3,,,,
1,30,215,55,2,0,1,30000,0,109,2019,4,22,8,50,12,,,,,1,1,1,14,7,0,23,0,23,1,9,1,70,5,3,1,35,45,13,61,31,0,,,,,,,2,0,10,0,3,0,2,0,2,0,4,2,35.61456388888889,139.74804333333333,2,3,,,,
1,30,215,58,2,0,1,30000,0,109,2019,4,19,21,21,22,,,,,1,1,1,14,7,0,23,0,23,3,9,1,70,4,2,1,25,55,51,61,0,0,,,,,,,0,0,10,0,3,0,0,0,0,0,4,2,35.61185805555556,139.73091472222222,6,3,,,,
1,30,216,38,2,0,1,30000,0,109,2019,3,25,0,13,22,,,,,1,1,1,14,7,0,23,0,23,5,9,1,70,5,1,1,25,65,51,61,0,0,,,,,,,0,0,10,0,4,0,0,0,0,0,4,2,35.60622027777778,139.7345147222222,2,3,,,,
1,30,216,40,2,0,1,30000,0,111,2019,4,12,15,30,12,,,,,2,1,1,14,7,0,23,0,23,2,9,20,70,4,4,1,45,45,3,61,31,0,,,,,,,2,0,10,0,3,0,2,0,2,0,4,2,35.59215555555556,139.71941555555557,6,3,,,,
1,30,216,42,2,0,1,10070,0,109,2019,4,30,12,30,12,,,,,3,1,2,7,1,0,23,0,23,6,9,1,70,1,2,1,45,75,3,61,31,0,,,,,,,4,0,10,0,4,0,2,0,2,0,4,2,35.59130888888889,139.73923472222222,3,1,,,,
1,30,217,50,2,0,1,30000,0,109,2019,4,2,8,20,12,,,,,1,1,1,14,7,0,23,0,23,2,8,1,70,5,1,1,65,1,3,61,1,0,,,,,,,2,0,20,0,4,0,2,0,2,0,4,2,35.62408472222222,139.7168225,3,3,,,,
1,30,217,59,2,0,3,30000,0,109,2019,4,23,18,50,21,,,,,1,1,1,14,7,0,23,0,23,2,7,1,70,5,4,1,75,35,13,61,31,0,,,,,,,10,0,10,0,2,0,2,0,2,0,4,2,35.6189175,139.72569833333333,3,3,,,,
1,30,217,61,2,0,1,30000,0,109,2019,4,24,15,50,12,,,,,2,1,1,14,7,0,23,0,23,2,9,1,70,5,3,1,45,55,3,61,31,0,,,,,,,1,0,80,0,4,0,2,0,2,0,4,2,35.635531388888886,139.71569333333332,4,3,,,,
1,30,218,61,2,0,1,30000,0,109,2019,4,6,19,15,22,,,,,1,1,1,14,7,0,23,0,23,2,9,1,70,4,2,1,75,35,14,61,31,0,,,,,,,3,0,10,0,3,0,2,0,2,0,4,2,35.62246388888889,139.70434583333332,7,3,,,,
1,30,218,65,2,0,1,30000,0,109,2019,4,19,9,50,12,,,,,1,1,1,14,7,0,23,0,23,2,9,1,70,5,3,1,35,1,13,61,31,0,,,,,,,10,0,80,0,3,0,2,0,2,0,4,2,35.61669361111111,139.71335,6,3,,,,