資料区分,都道府県コード,警察署等コード,本票番号,事故内容,死者数,負傷者数,路線コード,地点コード,市区町村コード,発生日時　　年,発生日時　　月,発生日時　　日,発生日時　　時,発生日時　　分,昼夜,日の出時刻　　時,日の出時刻　　分,日の入り時刻　　時,日の入り時刻　　分,天候,地形,路面状態,道路形状,信号機,一時停止規制　標識（当事者A）,一時停止規制　表示（当事者A）,一時停止規制　標識（当事者B）,一時停止規制　表示（当事者B）,車道幅員,道路線形,衝突地点,ゾーン規制,中央分離帯施設等,歩車道区分,事故類型,年齢（当事者A）,年齢（当事者B）,当事者種別（当事者A）,当事者種別（当事者B）,用途別（当事者A）,用途別（当事者B）,車両形状等（当事者A）,車両形状等（当事者B）,オートマチック車（当事者A）,オートマチック車（当事者B）,サポカー（当事者A）,サポカー（当事者B）,速度規制（指定のみ）（当事者A）,速度規制（指定のみ）（当事者B）,車両の衝突部位（当事者A）,車両の衝突部位（当事者B）,車両の損壊程度（当事者A）,車両の損壊程度（当事者B）,エアバッグの装備（当事者A）,エアバッグの装備（当事者B）,サイドエアバッグの装備（当事者A）,サイドエアバッグの装備（当事者B）,人身損傷程度（当事者A）,人身損傷程度（当事者B）,lat,lon,曜日(発生年月日),祝日(発生年月日),認知機能検査経過日数（当事者A）,認知機能検査経過日数（当事者B）,運転練習の方法（当事者A）,運転練習の方法（当事者B）
1,30,660,81,2,0,1,30000,0,106,2019,4,15,15,30,12,,,,,1,1,1,7,1,0,23,0,23,2,9,1,70,5,1,1,75,0,61,0,0,0,,,,,,,0,0,0,0,0,0,0,0,0,0,2,0,35.712971111111116,139.78172222222224,2,3,,,,
1,30,660,83,2,0,1,30000,0,106,2019,4,20,10,50,12,,,,,1,1,1,14,7,0,23,0,23,2,9,1,70,5,3,1,55,1,3,61,1,0,,,,,,,10,0,32,0,3,0,2,0,2,0,4,2,35.705804444444446,139.7807791666667,7,3,,,,
1,30,660,85,2,0,1,30000,0,106,2019,4,23,22,10,22,,,,,1,1,1,7,1,0,23,0,23,2,9,1,70,5,2,1,75,55,3,61,1,0,,,,,,,2,0,10,0,4,0,2,0,2,0,4,2,35.7039775,139.77957500000002,3,3,,,,
1,30,661,43,2,0,1,10300,0,106,2019,4,10,16,23,12,,,,,3,1,2,1,1,9,22,0,23,19,9,30,70,1,1,1,55,55,3,61,31,0,,,,,,,3,0,20,0,3,0,2,0,2,0,4,2,35.72000416666667,139.78368583333332,4,3,,,,
1,30,661,44,2,0,1,10090,0,106,2019,4,8,18,5,13,,,,,3,1,2,1,7,9,22,0,23,11,9,30,70,5,4,1,45,45,3,61,31,0,,,,,,,10,0,10,0,3,0,2,0,2,0,4,2,35.72882611111111,139.7932311111111,2,3,,,,
1,30,661,45,2,0,1,30000,0,106,2019,4,13,16,20,12,,,,,1,1,1,14,7,0,23,0,23,3,9,1,70,4,2,1,25,45,51,61,0,0,,,,,,,0,0,40,0,3,0,0,0,0,0,4,2,35.72118638888889,139.78577638888888,7,3,,,,
1,30,662,45,2,0,1,30000,0,106,2019,4,11,15,15,12,,,,,1,1,1,7,7,0,23,0,23,2,9,1,70,4,1,1,25,1,14,61,31,0,,,,,,,2,0,40,0,3,0,2,0,2,0,4,2,35.71392111111111,139.7999636111111,5,3,,,,
1,30,662,46,2,0,1,30000,0,106,2019,4,12,16,8,12,,,,,2,1,1,1,7,9,22,0,23,14,9,30,70,4,1,1,35,1,3,61,31,0,,,,,,,2,0,10,0,3,0,2,0,2,0,4,2,35.725886111111116,139.79546916666666,6,3,,,,
1,30,662,50,2,0,1,20560,0,106,2019,4,22,14,50,12,,,,,1,1,1,1,7,9,22,0,23,18,9,30,70,1,2,1,35,35,13,61,31,0,,,,,,,4,0,40,0,3,0,2,0,2,0,4,2,35.7144075,139.79235722222222,2,3,,,,
1,30,662,51,2,0,1,95000,0,106,2019,4,25,20,10,22,,,,,1,1,1,14,7,0,23,0,23,6,9,1,70,4,1,1,35,65,3,61,31,0,,,,,,,4,0,0,0,3,0,2,0,2,0,4,2,35.7269925,139.80037805555557,5,3,,,,
1,30,663,37,2,0,1,60,20,106,2019,4,28,11,10,12,,,,,1,1,1,7,1,0,23,0,23,6,9,1,70,5,1,1,35,45,51,61,0,0,,,,,,,0,0,10,0,3,0,0,0,0,0,4,2,35.696306388888885,139.7858263888889,1,2,,,,
1,30,664,37,2,0,1,30000,0,118,2019,4,29,10,0,12,,,,,2,1,1,14,7,0,23,0,23,1,9,1,70,5,3,1,25,0,61,0,0,0,,,,,,,0,0,0,0,0,0,0,0,0,0,2,0,35.75009222222222,139.76188861111112,2,1,,,,
1,30,667,73,2,0,1,30390,0,121,2019,4,18,9,9,12,,,,,1,1,1,1,1,9,22,0,23,18,9,30,70,4,1,1,45,55,2,61,31,0,,,,,,,5,0,10,0,4,0,2,0,2,0,4,2,35.75033833333333,139.80286833333335,5,3,,,,
1,30,667,78,2,0,1,30000,0,121,2019,4,19,9,15,12,,,,,1,1,1,14,5,0,23,0,23,2,9,1,1,5,4,1,65,25,3,61,31,0,,,,,,,2,0,10,0,4,0,2,0,2,0,4,2,35.75454222222222,139.80287444444446,6,3,,,,
1,30,668,141,2,0,1,30000,0,121,2019,4,1,9,0,12,,,,,1,1,1,1,1,9,22,0,23,15,9,30,70,4,1,1,45,75,13,61,31,0,,,,,,,10,0,30,0,3,0,2,0,2,0,4,2,35.776176388888885,139.78925833333332,2,3,,,,
1,30,668,143,2,0,1,30000,0,121,2019,4,1,19,15,22,,,,,3,1,2,1,7,9,22,0,23,17,9,30,70,4,1,1,35,1,4,61,31,0,,,,,,,10,0,10,0,3,0,2,0,2,0,4,2,35.77616222222222,139.7898436111111,2,3,,,,
1,30,668,148,2,0,1,10130,0,121,2019,4,4,8,23,12,,,,,1,1,1,7,7,0,23,0,23,2,9,1,70,5,1,1,25,1,51,61,0,0,,,,,,,0,0,10,0,3,0,0,0,0,0,4,2,35.77878694444444,139.80088444444445,5,3,,,,
1,30,668,154,2,0,1,30000,0,121,2019,4,8,18,0,13,,,,,3,1,2,1,7,1,21,0,23,14,9,30,70,5,2,1,65,65,3,61,31,0,,,,,,,10,0,50,0,3,0,2,0,2,0,4,2,35.78331861111111,139.76595944444443,2,3,,,,
1,30,668,155,2,0,1,10710,0,121,2019,4,9,16,15,12,,,,,1,1,1,1,7,1,22,0,23,14,9,30,70,1,1,1,55,65,13,61,31,0,,,,,,,10,0,10,0,3,0,2,0,2,0,4,2,35.77467194444444,139.77044083333334,3,3,,,,
1,30,668,156,2,0,1,40,117,121,2019,4,10,9,23,12,,,,,3,1,2,14,7,0,23,0,23,1,9,1,70,1,1,1,25,55,51,61,0,0,,,,,,,0,0,10,0,3,0,0,0,0,0,4,2,35.78214527777778,139.8028788888889,4,3,,,,
1,30,668,171,2,0,1,30000,0,121,2019,4,16,6,50,12,,,,,1,1,1,1,1,1,21,0,23,15,9,30,70,4,3,1,35,35,13,61,31,0,,,,,,,10,0,10,0,3,0,2,0,2,0,4,2,35.77661444444444,139.7745363888889,3,3,,,,
1,30,668,178,2,0,1,20610,0,121,2019,4,22,10,0,12,,,,,1,1,1,7,1,0,23,0,23,3,9,1,70,4,2,1,35,75,13,61,31,0,,,,,,,5,0,30,0,3,0,2,0,2,0,4,2,35.79298416666666,139.76200694444444,2,3,,,,
1,30,668,179,2,0,1,30000,0,121,2019,4,22,17,50,13,,,,,1,1,1,1,7,1,21,0,23,14,9,30,70,5,1,1,45,75,3,61,31,0,,,,,,,10,0,10,0,4,0,2,0,2,0,4,2,35.77099638888889,139.79634916666666,2,3,,,,
1,30,668,182,2,0,1,10130,0,121,2019,4,24,23,7,22,,,,,3,1,2,1,1,9,22,0,23,18,9,30,70,1,1,1,1,25,4,61,31,0,,,,,,,5,0,20,0,3,0,2,0,2,0,4,2,35.778063333333336,139.77818027777778,4,3,,,,
1,30,668,187,2,0,1,30000,0,121,2019,4,25,17,5,12,,,,,2,1,1,14,7,0,23,0,23,2,9,20,70,5,4,1,45,1,51,61,0,0,,,,,,,0,0,20,0,3,0,0,0,0,0,4,2,35.771859722222224,139.79219666666665,5,3,,,,
1,30,669,181,1,1,1,20630,0,121,2019,4,28,21,35,22,,,,,2,1,1,1,7,9,22,0,23,14,9,30,70,4,1,1,35,65,32,61,31,0,,,,,,,2,0,10,0,1,0,0,0,0,0,2,1,35.76774111111111,139.80756444444447,1,2,,,,
1,30,669,182,2,0,1,30000,0,121,2019,3,16,17,37,13,,,,,2,1,1,14,7,0,23,0,23,3,9,1,70,4,3,1,35,0,61,0,0,0,,,,,,,0,0,0,0,0,0,0,0,0,0,2,0,35.763465555555555,139.80752111111113,7,3,,,,
1,30,669,191,2,0,1,30000,0,121,2019,4,3,12,35,12,,,,,1,1,1,1,7,1,22,0,23,14,9,30,70,4,2,1,75,55,3,61,31,0,,,,,,,3,0,10,0,3,0,2,0,2,0,4,2,35.762859444444445,139.82401888888887,4,3,,,,
1,30,669,192,2,0,1,30000,0,121,2019,4,3,18,25,21,,,,,1,1,1,7,7,0,23,0,23,2,9,1,70,4,2,1,65,45,4,61,31,0,,,,,,,3,0,20,0,3,0,2,0,2,0,4,2,35.78207111111111,139.82658805555556,4,3,,,,
1,30,669,193,2,0,1,30000,0,121,2019,4,4,12,40,12,,,,,1,1,1,1,7,1,21,0,23,15,9,30,70,1,1,1,45,35,1,61,1,0,,,,,,,2,0,20,0,4,0,2,0,2,0,4,2,35.78158,139.83330194444443,5,3,,,,
1,30,669,202,2,0,1,30450,0,121,2019,4,8,15,10,12,,,,,2,1,1,14,7,0,23,0,23,3,9,1,70,4,1,1,45,1,12,61,1,0,,,,,,,3,0,10,0,3,0,2,0,2,0,4,2,35.78520972222222,139.84203166666668,2,3,,,,
1,30,669,204,2,0,1,30000,0,121,2019,4,8,18,30,21,,,,,3,1,2,1,1,9,22,0,23,15,7,30,70,5,2,1,45,55,3,61,31,0,,,,,,,3,0,10,0,3,0,2,0,2,0,4,2,35.770870277777775,139.81029833333335,2,3,,,,
1,30,669,211,2,0,1,30000,0,121,2019,4,18,12,0,12,,,,,1,1,1,14,7,0,23,0,23,3,9,1,70,5,3,1,75,25,3,61,31,0,,,,,,,5,0,40,0,3,0,2,0,2,0,4,2,35.77048638888889,139.84256166666668,5,3,,,,
1,30,670,109,2,0,1,20610,0,121,2019,3,30,16,5,12,,,,,2,1,1,1,1,9,22,0,23,19,9,30,70,1,3,1,35,1,3,61,31,0,,,,,,,5,0,10,0,3,0,2,0,2,0,4,2,35.79631027777778,139.76093138888888,7,3,,,,
1,30,670,112,2,0,1,30000,0,121,2019,4,2,10,35,12,,,,,1,1,1,1,1,9,22,0,23,15,9,30,70,4,2,1,1,65,3,61,31,0,,,,,,,2,0,10,0,3,0,2,0,2,0,4,2,35.79503555555555,139.79459555555556,3,3,,,,
1,30,670,117,2,0,1,30000,0,121,2019,4,5,18,0,13,,,,,1,1,1,7,7,0,23,0,23,1,9,1,70,4,1,1,45,65,17,61,31,0,,,,,,,2,0,10,0,3,0,2,0,2,0,4,2,35.79176361111111,139.80521305555556,6,3,,,,
1,30,670,120,2,0,1,30000,0,121,2019,4,8,19,26,22,,,,,3,1,2,1,1,9,22,0,23,19,9,30,70,4,2,1,55,1,14,61,31,0,,,,,,,3,0,10,0,3,0,2,0,2,0,4,2,35.79409777777778,139.8171397222222,2,3,,,,
1,30,670,129,2,0,1,30000,0,121,2019,4,16,8,5,12,,,,,1,1,1,1,7,0,23,0,23,11,9,30,70,5,3,1,1,0,61,0,0,0,,,,,,,0,0,0,0,0,0,0,0,0,0,2,0,35.797131111111106,139.8206397222222,3,3,,,,
1,30,670,142,2,0,1,30000,0,121,2019,4,7,13,35,12,,,,,1,1,1,14,7,0,23,0,23,2,9,1,70,5,4,1,75,35,3,61,31,0,,,,,,,10,0,20,0,3,0,2,0,2,0,4,2,35.795095555555555,139.79024444444445,1,3,,,,
1,30,670,143,2,0,1,30000,0,121,2019,2,18,16,30,13,,,,,1,1,1,14,7,0,23,0,23,3,9,1,70,5,3,1,25,1,3,61,31,0,,,,,,,10,0,10,0,3,0,2,0,2,0,4,2,35.789157499999995,139.80804694444444,2,3,,,,
1,30,771,100,2,0,1,20690,0,108,2019,3,1,11,25,12,,,,,1,1,1,1,1,9,22,0,23,17,9,30,70,4,1,1,65,75,51,61,0,0,,,,,,,0,0,40,0,3,0,0,0,0,0,4,2,35.681805555555556,139.81595083333335,6,3,,,,
1,30,771,101,2,0,1,30000,0,108,2019,3,30,9,10,12,,,,,2,1,1,14,7,0,23,0,23,1,9,1,70,5,4,1,35,65,4,61,31,0,,,,,,,10,0,30,0,3,0,2,0,2,0,4,2,35.689434444444444,139.81439361111111,7,3,,,,
1,30,771,106,2,0,1,10060,0,108,2019,4,9,15,43,12,,,,,1,1,1,1,1,9,22,0,23,18,9,30,70,4,2,1,55,55,13,61,31,0,,,,,,,4,0,50,0,3,0,2,0,2,0,4,2,35.687952499999994,139.79396666666668,3,3,,,,
1,30,771,110,2,0,1,30000,0,108,2019,3,14,1,35,22,,,,,1,1,1,14,7,0,23,0,23,3,9,1,70,5,1,1,45,35,35,61,31,0,,,,,,,2,0,10,0,3,0,0,0,0,0,2,4,35.67294611111111,139.81958666666665,5,3,,,,
1,30,771,119,2,0,1,20690,0,108,2019,4,16,23,20,22,,,,,1,1,1,1,1,9,22,0,23,19,9,30,70,1,1,1,55,1,3,61,1,0,,,,,,,4,0,10,0,4,0,2,0,2,0,4,2,35.68897194444444,139.8155152777778,3,3,,,,
1,30,771,122,2,0,1,30000,0,108,2019,4,22,16,25,12,,,,,1,1,1,1,7,1,21,0,23,15,9,30,70,4,3,1,45,1,13,61,31,0,,,,,,,2,0,10,0,4,0,2,0,2,0,4,2,35.678530277777774,139.8132663888889,2,3,,,,
1,30,771,125,2,0,1,30000,0,108,2019,4,25,19,10,21,,,,,1,1,1,14,7,0,23,0,23,2,9,1,70,4,2,1,65,1,3,61,1,0,,,,,,,3,0,80,0,3,0,2,0,2,0,4,2,35.653331944444446,139.7988227777778,5,3,,,,
1,30,772,121,2,0,1,30000,0,108,2019,4,5,10,58,12,,,,,1,1,1,1,7,9,22,0,23,14,9,30,70,4,1,1,55,65,14,61,31,0,,,,,,,2,0,10,0,3,0,2,0,2,0,4,2,35.70109416666667,139.82331805555555,6,3,,,,
1,30,772,123,2,0,1,10040,0,108,2019,4,9,9,50,12,,,,,1,1,1,1,1,9,22,0,23,15,9,30,70,4,2,1,55,75,17,61,1,0,,,,,,,10,0,10,0,3,0,2,0,2,0,4,2,35.66981555555555,139.8220597222222,3,3,,,,
1,30,772,125,2,0,1,140,53,108,2019,4,10,11,50,12,,,,,3,1,2,14,7,0,23,0,23,6,9,20,70,1,2,1,45,65,11,61,1,0,,,,,,,5,0,10,0,3,0,2,0,2,0,4,2,35.69629166666666,139.8221922222222,4,3,,,,
1,30,772,134,2,0,1,10290,0,108,2019,4,17,4,20,23,,,,,2,1,1,1,1,9,22,0,23,14,9,30,70,3,2,1,55,75,3,61,1,0,,,,,,,4,0,40,0,4,0,2,0,2,0,4,2,35.70144222222223,139.82070222222222,4,3,,,,
1,30,772,139,2,0,1,10060,0,108,2019,4,21,21,15,22,,,,,1,1,1,1,1,9,22,0,23,19,9,30,70,4,2,1,65,25,3,61,31,0,,,,,,,4,0,10,0,3,0,2,0,2,0,4,2,35.69062583333333,139.84418555555555,1,3,,,,
1,30,772,142,2,0,1,30000,0,108,2019,4,16,9,16,12,,,,,1,1,1,14,7,0,23,0,23,3,9,20,70,5,4,1,75,25,3,61,31,0,,,,,,,5,0,40,0,3,0,2,0,2,0,4,2,35.69863333333333,139.8403613888889,3,3,,,,
1,30,772,152,2,0,1,30000,0,108,2019,4,8,8,53,12,,,,,3,1,2,1,7,0,23,0,23,14,9,30,70,5,1,1,25,0,61,0,0,0,,,,,,,0,0,0,0,0,0,0,0,0,0,2,0,35.66927416666667,139.82078583333333,2,3,,,,
1,30,773,59,2,0,1,30000,0,107,2019,3,5,16,33,12,,,,,1,1,1,1,1,9,22,0,23,17,9,30,70,1,1,1,25,1,3,61,31,0,,,,,,,2,0,10,0,3,0,2,0,2,0,4,2,35.69459,139.81537277777778,3,3,,,,
1,30,773,60,2,0,1,30000,0,107,2019,4,5,10,35,12,,,,,1,1,1,1,7,9,22,0,23,11,9,30,70,4,2,1,45,45,51,61,0,0,,,,,,,0,0,40,0,4,0,0,0,0,0,4,2,35.70769861111111,139.8154338888889,6,3,,,,
1,30,773,66,2,0,1,30000,0,107,2019,4,9,17,10,13,,,,,1,1,1,1,7,1,22,0,23,14,9,30,70,5,2,1,45,35,36,61,31,0,,,,,,,10,0,10,0,3,0,0,0,0,0,4,2,35.70919416666667,139.80861583333333,3,3,,,,
1,30,773,72,2,0,1,10370,0,107,2019,4,21,6,30,12,,,,,1,1,1,1,1,9,22,0,23,17,9,30,70,4,2,1,45,65,17,61,1,0,,,,,,,4,0,10,0,3,0,2,0,2,0,4,2,35.710348888888895,139.8043475,1,3,,,,
1,30,773,75,2,0,1,20530,0,107,2019,3,30,21,3,22,,,,,3,1,2,1,1,9,22,0,23,19,9,30,70,1,2,1,1,25,3,61,31,0,,,,,,,1,0,10,0,4,0,2,0,2,0,4,2,35.708958888888894,139.8084841666667,7,3,,,,
1,30,773,80,2,0,1,20680,0,107,2019,4,9,9,6,12,,,,,1,1,1,14,7,0,23,0,23,5,8,1,70,4,2,1,75,45,3,61,1,0,,,,,,,4,0,12,0,3,0,2,0,2,0,4,2,35.70673222222222,139.79821527777779,3,3,,,,
1,30,774,52,2,0,1,60,74,107,2019,4,5,7,12,12,,,,,1,1,1,1,1,9,22,0,23,19,9,30,70,4,2,1,25,35,14,61,31,0,,,,,,,10,0,10,0,3,0,2,0,2,0,4,2,35.72848944444445,139.82498638888887,6,3,,,,
1,30,774,61,2,0,1,30000,0,107,2019,4,17,17,30,13,,,,,1,1,1,14,7,0,23,0,23,3,9,1,70,4,2,1,75,55,14,61,31,0,,,,,,,3,0,10,0,2,0,2,0,2,0,4,2,35.71996861111111,139.83021555555555,4,3,,,,
1,30,775,140,2,0,1,95000,0,122,2019,4,8,18,12,21,,,,,1,1,2,14,7,0,23,0,23,2,9,1,70,5,2,1,1,25,51,61,0,0,,,,,,,0,0,10,0,3,0,0,0,0,0,4,2,35.76609472222222,139.84752666666668,2,3,,,,
1,30,775,142,2,0,1,30000,0,122,2019,4,17,21,50,22,,,,,1,1,1,1,1,9,22,0,23,15,9,30,70,4,2,1,45,1,3,61,31,0,,,,,,,2,0,10,0,3,0,2,0,2,0,4,2,35.76469222222222,139.84618666666668,4,3,,,,
1,30,775,143,2,0,1,30000,0,122,2019,4,6,11,30,12,,,,,1,1,1,14,7,0,23,0,23,2,9,1,70,5,4,1,1,25,3,61,31,0,,,,,,,10,0,20,0,3,0,2,0,2,0,4,2,35.75716166666667,139.85704583333333,7,3,,,,
1,30,775,146,2,0,1,30000,0,122,2019,4,20,12,45,12,,,,,1,1,1,1,1,9,22,0,23,14,9,30,70,4,2,1,35,1,3,61,31,0,,,,,,,2,0,10,0,3,0,2,0,2,0,4,2,35.774814166666665,139.8729177777778,7,3,,,,
1,30,775,149,2,0,1,30000,0,122,2019,4,14,9,40,12,,,,,2,1,1,14,7,0,23,0,23,3,9,1,70,5,3,1,45,65,3,61,31,0,,,,,,,10,0,10,0,3,0,2,0,2,0,4,2,35.75219055555556,139.8307822222222,1,3,,,,
1,30,775,150,2,0,1,30000,0,122,2019,4,21,18,30,21,,,,,2,1,1,1,1,9,22,0,23,18,9,20,70,5,2,1,35,25,51,61,0,0,,,,,,,0,0,10,0,3,0,0,0,0,0,4,2,35.76618611111111,139.8482561111111,1,3,,,,
1,30,775,153,2,0,1,20000,0,122,2019,4,20,21,15,22,,,,,1,1,1,1,1,8,22,0,23,18,9,30,70,1,1,1,55,55,3,61,31,0,,,,,,,3,0,40,0,4,0,2,0,2,0,4,2,35.771476944444444,139.87626,7,3,,,,
1,30,776,105,2,0,1,30000,0,122,2019,4,9,6,40,12,,,,,1,1,1,1,7,9,22,0,23,14,9,30,70,5,3,1,45,55,3,61,31,0,,,,,,,5,0,10,0,3,0,2,0,2,0,4,2,35.72808388888889,139.8393166666667,3,3,,,,
1,30,776,107,2,0,1,30000,0,122,2019,4,10,20,5,22,,,,,3,1,2,1,7,1,21,0,23,14,7,30,70,4,1,1,65,45,3,61,31,0,,,,,,,3,0,10,0,3,0,2,0,2,0,4,2,35.71899194444445,139.8607986111111,4,3,,,,
1,30,776,113,2,0,1,30000,0,122,2019,4,13,19,2,21,,,,,1,1,1,14,7,0,23,0,23,1,9,1,70,5,3,1,45,0,61,0,0,0,,,,,,,0,0,0,0,0,0,0,0,0,0,2,0,35.72407805555556,139.85770222222223,7,3,,,,
1,30,776,117,2,0,1,30000,0,122,2019,4,13,12,12,12,,,,,1,1,1,7,7,0,23,0,23,2,9,1,70,5,3,1,1,45,51,61,0,0,,,,,,,0,0,10,0,4,0,0,0,0,0,4,2,35.741593333333334,139.8288986111111,7,3,,,,
1,30,776,120,2,0,2,30000,0,122,2019,4,24,8,0,12,,,,,1,1,1,14,1,0,23,0,23,5,9,1,70,5,2,1,55,75,35,61,31,0,,,,,,,5,0,10,0,3,0,0,0,0,0,2,2,35.74762138888889,139.82682666666668,4,3,,,,
1,30,776,121,2,0,1,30000,0,122,2019,4,24,23,5,22,,,,,3,1,2,1,1,9,22,0,23,14,9,30,70,4,1,1,45,1,3,61,31,0,,,,,,,5,0,80,0,3,0,2,0,2,0,4,2,35.73689111111111,139.847955,4,3,,,,
1,30,776,122,2,0,1,10410,0,122,2019,4,15,4,30,23,,,,,3,1,2,1,1,9,22,0,23,15,9,30,70,5,3,1,65,55,3,61,31,0,,,,,,,3,0,50,0,3,0,2,0,2,0,4,2,35.736667777777775,139.84697,2,3,,,,
1,30,776,124,2,0,1,10290,0,122,2019,4,26,16,20,12,,,,,2,1,1,1,1,9,22,0,23,18,9,30,70,1,1,1,45,75,3,61,31,0,,,,,,,4,0,50,0,3,0,2,0,2,0,4,2,35.725168333333336,139.86546416666667,6,3,,,,
1,30,776,128,2,0,1,10400,0,122,2019,4,6,18,39,21,,,,,1,1,1,1,1,9,22,0,23,18,9,30,70,4,1,1,55,55,3,61,1,0,,,,,,,1,0,20,0,3,0,2,0,2,0,4,2,35.716704166666666,139.85960944444443,7,3,,,,
1,30,777,242,2,0,1,30000,0,123,2019,4,1,18,50,21,,,,,2,1,1,14,7,0,23,0,23,3,9,1,70,5,4,1,35,75,51,61,0,0,,,,,,,0,0,10,0,3,0,0,0,0,0,4,2,35.704998888888895,139.91398333333333,2,3,,,,
1,30,777,251,2,0,1,99000,0,123,2019,4,5,14,50,12,,,,,1,1,1,0,7,0,23,0,23,0,0,20,70,0,4,1,1,75,51,61,0,0,,,,,,,0,0,10,0,3,0,0,0,0,0,4,2,35.692277499999996,139.85193555555554,6,3,,,,
1,30,777,257,2,0,1,10400,0,123,2019,4,8,17,10,13,,,,,3,1,2,7,1,0,23,0,23,3,9,1,70,5,2,1,55,25,13,61,31,0,,,,,,,3,0,80,0,3,0,2,0,2,0,4,2,35.712273333333336,139.86439444444443,2,3,,,,
1,30,777,265,2,0,1,30000,0,123,2019,4,10,21,25,22,,,,,3,1,2,1,7,1,22,0,23,14,9,30,70,4,3,1,55,55,3,61,1,0,,,,,,,2,0,10,0,3,0,2,0,2,0,4,2,35.71322,139.86017694444445,4,3,,,,
1,30,777,282,2,0,1,10290,0,123,2019,4,15,23,0,22,,,,,1,1,1,1,1,9,22,0,23,18,9,30,70,5,2,1,75,45,3,61,1,0,,,,,,,4,0,10,0,3,0,2,0,2,0,4,2,35.707237500000005,139.8403377777778,2,3,,,,
1,30,777,290,2,0,1,30000,0,123,2019,4,16,18,5,13,,,,,1,1,1,14,7,0,23,0,23,3,9,1,70,5,3,1,1,45,51,61,0,0,,,,,,,0,0,0,0,4,0,0,0,0,0,4,2,35.703025555555556,139.90698694444444,3,3,,,,
1,30,777,292,2,0,1,30000,0,123,2019,4,17,17,15,12,,,,,1,1,1,1,7,9,22,0,23,14,9,30,70,5,2,1,55,55,3,61,31,0,,,,,,,2,0,50,0,4,0,2,0,2,0,4,2,35.697673055555555,139.87725916666668,4,3,,,,
1,30,777,294,2,0,1,30000,0,123,2019,4,18,8,30,12,,,,,1,1,1,14,7,0,23,0,23,3,9,1,70,4,2,1,35,75,51,61,0,0,,,,,,,0,0,10,0,4,0,0,0,0,0,4,2,35.689326666666666,139.89771694444443,5,3,,,,
1,30,777,300,2,0,2,20700,0,123,2019,4,20,7,0,12,,,,,1,1,1,14,7,0,23,0,23,4,9,1,70,4,3,1,45,75,34,61,31,0,,,,,,,2,0,10,0,4,0,0,0,0,0,2,2,35.687711666666665,139.89944749999998,7,3,,,,
1,30,777,310,2,0,2,30000,0,123,2019,4,27,7,55,12,,,,,2,1,1,1,7,9,22,0,23,14,8,30,70,5,1,1,1,45,51,61,0,0,,,,,,,0,0,10,0,2,0,0,0,0,0,2,2,35.700027500000004,139.85336027777777,7,3,,,,
1,30,777,311,2,0,1,30000,0,123,2019,4,28,6,57,12,,,,,1,1,1,1,7,9,22,0,23,14,9,30,70,4,3,1,1,65,51,61,0,0,,,,,,,0,0,10,0,3,0,0,0,0,0,4,2,35.710546944444445,139.84640972222223,1,2,,,,
1,30,777,313,2,0,1,95000,0,123,2019,4,28,14,20,12,,,,,1,1,1,0,7,0,23,0,23,0,0,20,70,0,4,1,1,45,51,61,0,0,,,,,,,0,0,10,0,3,0,0,0,0,0,4,2,35.687958055555555,139.85123555555555,1,2,,,,
1,30,777,316,2,0,1,30000,0,123,2019,4,29,20,35,22,,,,,2,1,1,1,1,9,22,0,23,14,9,30,70,1,2,1,55,35,3,61,31,0,,,,,,,1,0,50,0,3,0,2,0,2,0,4,2,35.68993333333333,139.88817083333333,2,1,,,,
1,30,777,320,2,0,1,10130,0,123,2019,4,30,21,57,22,,,,,3,1,2,7,1,0,23,0,23,5,9,1,70,1,2,1,35,1,13,61,31,0,,,,,,,4,0,40,0,3,0,2,0,2,0,4,2,35.692723055555554,139.8827288888889,3,1,,,,
1,30,778,50,2,0,1,30000,0,123,2019,3,22,12,0,12,,,,,1,1,1,14,7,0,23,0,23,2,9,1,70,5,3,1,45,1,14,61,31,0,,,,,,,10,0,10,0,3,0,2,0,2,0,4,2,35.74135444444445,139.8903125,6,3,,,,
1,30,778,53,2,0,2,30000,0,123,2019,4,2,19,0,21,,,,,1,1,1,1,7,9,22,0,23,14,9,30,70,5,4,1,35,45,35,61,31,0,,,,,,,10,0,10,0,3,0,0,0,0,0,2,2,35.74923777777778,139.88319722222224,3,3,,,,
1,30,778,56,2,0,1,30000,0,123,2019,4,13,15,0,12,,,,,1,1,1,14,7,0,23,0,23,2,9,1,1,5,3,1,65,75,51,61,0,0,,,,,,,0,0,10,0,4,0,0,0,0,0,4,2,35.72989638888889,139.8864175,7,3,,,,
1,30,778,60,2,0,1,30000,0,123,2019,4,19,16,45,12,,,,,1,1,1,7,1,0,23,0,23,2,9,1,70,5,3,1,75,55,3,61,31,0,,,,,,,10,0,10,0,4,0,2,0,2,0,4,2,35.731344166666666,139.89009916666666,6,3,,,,
1,30,778,61,2,0,1,10290,0,123,2019,4,23,12,24,12,,,,,1,1,1,1,1,9,22,0,23,17,9,30,70,4,1,1,75,25,3,61,31,0,,,,,,,4,0,15,0,3,0,2,0,2,0,4,2,35.736201666666666,139.88484888888888,3,3,,,,
1,30,779,152,2,0,1,30000,0,123,2019,3,31,14,20,12,,,,,1,1,1,14,7,0,23,0,23,3,9,1,70,4,2,1,55,75,51,61,0,0,,,,,,,0,0,20,0,4,0,0,0,0,0,4,2,35.66083666666667,139.85547722222222,1,3,,,,