資料区分,都道府県コード,警察署等コード,本票番号,事故内容,死者数,負傷者数,路線コード,地点コード,市区町村コード,発生日時　　年,発生日時　　月,発生日時　　日,発生日時　　時,発生日時　　分,昼夜,日の出時刻　　時,日の出時刻　　分,日の入り時刻　　時,日の入り時刻　　分,天候,地形,路面状態,道路形状,信号機,一時停止規制　標識（当事者A）,一時停止規制　表示（当事者A）,一時停止規制　標識（当事者B）,一時停止規制　表示（当事者B）,車道幅員,道路線形,衝突地点,ゾーン規制,中央分離帯施設等,歩車道区分,事故類型,年齢（当事者A）,年齢（当事者B）,当事者種別（当事者A）,当事者種別（当事者B）,用途別（当事者A）,用途別（当事者B）,車両形状等（当事者A）,車両形状等（当事者B）,オートマチック車（当事者A）,オートマチック車（当事者B）,サポカー（当事者A）,サポカー（当事者B）,速度規制（指定のみ）（当事者A）,速度規制（指定のみ）（当事者B）,車両の衝突部位（当事者A）,車両の衝突部位（当事者B）,車両の損壊程度（当事者A）,車両の損壊程度（当事者B）,エアバッグの装備（当事者A）,エアバッグの装備（当事者B）,サイドエアバッグの装備（当事者A）,サイドエアバッグの装備（当事者B）,人身損傷程度（当事者A）,人身損傷程度（当事者B）,lat,lon,曜日(発生年月日),祝日(発生年月日),認知機能検査経過日数（当事者A）,認知機能検査経過日数（当事者B）,運転練習の方法（当事者A）,運転練習の方法（当事者B）
1,30,779,163,2,0,1,30000,0,123,2019,4,8,16,40,12,,,,,2,1,2,1,7,1,22,0,23,14,9,30,70,4,2,1,1,75,32,61,31,0,,,,,,,2,0,10,0,3,0,0,0,0,0,4,2,35.66294444444444,139.8600175,2,3,,,,
1,30,779,175,2,0,1,30000,0,123,2019,4,16,13,30,12,,,,,1,1,1,14,1,0,23,0,23,3,9,1,70,5,2,1,75,1,3,61,31,0,,,,,,,2,0,21,0,3,0,2,0,2,0,4,2,35.683660277777776,139.86340388888888,3,3,,,,
1,30,779,179,2,0,1,10130,0,123,2019,4,18,22,25,22,,,,,2,1,1,1,1,9,22,0,23,18,9,30,70,1,2,1,1,25,4,61,31,0,,,,,,,4,0,10,0,3,0,2,0,2,0,4,2,35.663760833333335,139.87319166666668,5,3,,,,
1,30,779,180,2,0,1,30000,0,123,2019,4,20,11,25,12,,,,,1,1,1,1,7,9,22,0,23,15,9,30,70,4,2,1,55,65,3,61,31,0,,,,,,,2,0,10,0,3,0,2,0,2,0,4,2,35.686071388888884,139.86199888888888,7,3,,,,
1,30,779,181,2,0,1,30000,0,123,2019,4,22,15,5,12,,,,,1,1,1,14,7,0,23,0,23,3,9,1,70,5,3,1,55,1,3,61,1,0,,,,,,,1,0,10,0,3,0,2,0,2,0,4,2,35.66406333333333,139.8666136111111,2,3,,,,
1,30,876,126,2,0,1,30000,0,201,2019,4,2,8,50,12,,,,,1,1,1,1,7,9,22,0,23,15,9,30,70,5,1,1,25,1,3,61,31,0,,,,,,,2,0,10,0,3,0,2,0,2,0,4,2,35.62435083333333,139.40481083333333,3,3,,,,
1,30,876,127,2,0,2,30000,0,201,2019,4,3,9,20,12,,,,,1,1,1,1,7,9,22,0,23,11,7,30,70,5,3,1,25,75,4,61,31,0,,,,,,,2,0,30,0,3,0,2,0,2,0,4,2,35.62864861111111,139.3939211111111,4,3,,,,
1,30,876,134,2,0,1,30000,0,201,2019,4,7,11,10,12,,,,,1,1,1,1,7,9,22,0,23,11,9,30,70,5,2,1,65,1,3,61,31,0,,,,,,,2,0,50,0,3,0,2,0,2,0,4,2,35.64241805555555,139.3286811111111,1,3,,,,
1,30,876,140,2,0,1,95000,0,201,2019,4,9,23,10,22,,,,,1,1,1,14,7,0,23,0,23,2,9,20,70,5,4,1,25,45,51,61,0,0,,,,,,,0,0,10,0,3,0,0,0,0,0,4,2,35.643002777777774,139.3447577777778,3,3,,,,
1,30,876,142,2,0,1,30820,0,209,2019,4,10,14,30,12,,,,,3,1,2,1,1,9,22,0,23,14,9,30,70,4,2,1,45,75,11,61,1,0,,,,,,,3,0,50,0,3,0,2,0,2,0,4,2,35.598640555555555,139.3824438888889,4,3,,,,
1,30,876,145,2,0,1,30000,0,201,2019,4,10,21,35,22,,,,,3,1,2,1,1,9,22,0,23,18,9,30,70,1,1,1,1,1,4,61,31,0,,,,,,,4,0,10,0,3,0,2,0,2,0,4,2,35.64135638888889,139.40966222222224,4,3,,,,
1,30,876,176,2,0,1,30000,0,201,2019,4,19,23,15,22,,,,,1,1,1,14,7,0,23,0,23,2,7,1,70,5,3,1,55,0,61,0,0,0,,,,,,,0,0,0,0,0,0,0,0,0,0,2,0,35.637386944444444,139.34176083333335,6,3,,,,
1,30,878,120,2,0,1,30000,0,224,2019,3,22,12,30,12,,,,,1,2,1,14,7,0,23,0,23,2,7,20,70,5,4,1,65,55,51,61,0,0,,,,,,,0,0,10,0,3,0,0,0,0,0,4,2,35.614541111111116,139.43515083333332,6,3,,,,
1,30,878,123,2,0,1,10610,0,225,2019,4,1,20,20,22,,,,,1,2,1,1,1,9,22,0,23,14,9,30,70,1,1,1,65,25,3,61,31,0,,,,,,,3,0,20,0,4,0,2,0,2,0,4,2,35.637683055555556,139.50829277777777,2,3,,,,
1,30,878,132,2,0,1,30000,0,224,2019,4,11,6,54,12,,,,,1,2,1,1,1,9,22,0,23,15,9,30,70,5,1,1,65,1,3,61,31,0,,,,,,,1,0,10,0,3,0,2,0,2,0,4,2,35.629400833333335,139.4624558333333,5,3,,,,
1,30,878,136,2,0,1,30000,0,224,2019,4,11,11,20,12,,,,,1,1,1,7,7,0,23,0,23,4,9,1,70,5,2,1,45,55,3,61,1,0,,,,,,,10,0,10,0,4,0,2,0,2,0,4,2,35.65047444444444,139.44655527777778,5,3,,,,
1,30,878,137,2,0,1,20000,0,224,2019,4,12,17,40,13,,,,,1,1,1,14,1,0,23,0,23,4,7,1,70,1,2,1,25,55,3,61,31,0,,,,,,,4,0,30,0,3,0,2,0,2,0,4,2,35.61805972222222,139.42230555555554,6,3,,,,
1,30,878,146,2,0,1,10480,0,224,2019,4,24,20,57,22,,,,,3,1,2,1,1,9,22,0,23,18,8,30,70,1,2,1,55,25,4,61,31,0,,,,,,,10,0,10,0,4,0,2,0,2,0,4,2,35.648628055555555,139.4368922222222,4,3,,,,
1,30,878,152,2,0,1,30000,0,224,2019,4,27,20,40,22,,,,,1,2,1,1,7,9,22,0,23,11,9,30,70,5,1,1,1,35,14,61,1,0,,,,,,,2,0,10,0,4,0,2,0,2,0,4,2,35.6310475,139.4432725,7,3,,,,
1,30,879,131,2,0,1,30000,0,220,2019,4,10,6,50,12,,,,,1,2,1,1,1,9,22,0,23,14,9,30,70,4,2,1,45,45,3,61,31,0,,,,,,,3,0,10,0,3,0,2,0,2,0,4,2,35.75049861111111,139.4249975,4,3,,,,
1,30,879,134,2,0,1,99000,0,223,2019,4,11,12,10,12,,,,,1,2,1,0,7,0,23,0,23,0,0,20,70,0,4,1,35,25,14,61,31,0,,,,,,,10,0,30,0,3,0,2,0,2,0,4,2,35.760823055555555,139.36942944444445,5,3,,,,
1,30,879,136,2,0,1,30000,0,223,2019,4,11,18,0,13,,,,,1,1,1,14,7,0,23,0,23,2,9,1,70,4,2,1,35,1,3,61,31,0,,,,,,,2,0,20,0,3,0,2,0,2,0,4,2,35.746735,139.40596944444445,5,3,,,,
1,30,879,153,2,0,1,30000,0,220,2019,4,22,7,30,12,,,,,2,2,1,1,7,9,22,0,23,15,3,30,70,4,2,1,25,1,3,61,31,0,,,,,,,2,0,10,0,3,0,2,0,2,0,4,2,35.748984722222225,139.41733777777776,2,3,,,,
1,30,879,164,2,0,1,30000,0,220,2019,3,15,8,0,12,,,,,1,2,1,14,7,0,23,0,23,2,9,1,70,5,4,1,45,1,51,61,0,0,,,,,,,0,0,10,0,3,0,0,0,0,0,4,2,35.750660833333335,139.43072916666665,6,3,,,,
1,30,880,86,2,0,2,10440,0,205,2019,4,2,20,30,22,,,,,1,2,1,14,7,0,23,0,23,5,8,1,70,5,2,1,45,45,51,61,0,0,,,,,,,0,0,10,0,3,0,0,0,0,0,2,2,35.79521,139.31864027777777,3,3,,,,
1,30,880,91,2,0,1,99000,0,205,2019,4,5,11,15,12,,,,,1,3,1,0,7,0,23,0,23,0,0,20,70,0,4,1,75,75,4,61,31,0,,,,,,,10,0,10,0,3,0,2,0,2,0,4,2,35.79291194444444,139.31445805555558,6,3,,,,
1,30,880,99,2,0,1,10240,0,205,2019,4,9,19,50,22,,,,,1,1,1,1,1,9,22,0,23,15,9,30,70,4,2,1,1,35,4,61,31,0,,,,,,,4,0,20,0,4,0,2,0,2,0,4,2,35.78608138888889,139.30830722222223,3,3,,,,
1,30,880,115,2,0,1,10240,0,308,2019,4,22,18,43,21,,,,,1,3,1,1,1,9,22,0,23,15,9,30,70,4,1,1,35,25,3,61,31,0,,,,,,,2,0,10,0,3,0,2,0,2,0,4,2,35.80084166666666,139.09011222222225,2,3,,,,
1,30,882,171,2,0,1,30000,0,228,2019,4,2,5,17,23,,,,,1,2,1,1,7,9,22,0,23,18,9,30,70,4,2,1,45,45,4,61,31,0,,,,,,,3,0,10,0,4,0,2,0,2,0,4,2,35.738866944444446,139.29944305555554,3,3,,,,
1,30,882,174,2,0,1,20000,0,218,2019,4,4,13,0,12,,,,,1,1,1,1,1,9,22,0,23,14,9,30,70,1,1,1,75,65,4,61,31,0,,,,,,,4,0,10,0,3,0,2,0,2,0,4,2,35.7203825,139.33795833333335,5,3,,,,
1,30,882,181,2,0,1,10260,0,218,2019,4,9,21,0,22,,,,,1,2,1,14,7,0,23,0,23,2,9,1,70,4,2,1,35,35,35,61,31,0,,,,,,,3,0,10,0,3,0,0,0,0,0,4,2,35.72493666666667,139.3495452777778,3,3,,,,
1,30,882,185,2,0,1,30000,0,228,2019,4,10,18,50,21,,,,,3,2,2,1,1,9,22,0,23,18,9,30,70,1,2,1,35,65,3,61,31,0,,,,,,,3,0,10,0,3,0,2,0,2,0,4,2,35.73413277777778,139.28653194444445,4,3,,,,
1,30,882,195,2,0,1,160,504,218,2019,4,16,17,20,13,,,,,1,2,1,1,1,9,22,0,23,18,9,30,70,1,2,1,65,45,3,61,31,0,,,,,,,5,0,10,0,3,0,2,0,2,0,4,2,35.7331875,139.34127305555558,3,3,,,,
1,30,882,200,2,0,1,99000,0,228,2019,4,21,12,27,12,,,,,1,2,1,0,7,0,23,0,23,0,0,20,70,0,4,1,35,65,4,61,31,0,,,,,,,10,0,80,0,3,0,2,0,2,0,4,2,35.746498055555556,139.28915027777776,1,3,,,,
1,30,882,205,2,0,1,95000,0,227,2019,3,2,9,15,12,,,,,1,1,1,1,7,9,22,0,23,17,7,30,70,4,2,1,35,75,4,61,31,0,,,,,,,3,0,10,0,3,0,2,0,2,0,4,2,35.7590125,139.32081166666666,7,3,,,,
1,30,882,208,2,0,1,95000,0,218,2019,4,27,13,5,12,,,,,2,1,1,1,1,9,22,0,23,15,9,30,70,4,1,1,55,55,3,61,31,0,,,,,,,3,0,10,0,3,0,2,0,2,0,4,2,35.74970833333333,139.32462305555555,7,3,,,,
1,30,883,211,2,0,1,30000,0,201,2019,3,12,7,32,12,,,,,1,1,1,1,7,9,22,0,23,14,9,30,70,5,2,1,65,35,4,61,31,0,,,,,,,3,0,30,0,3,0,2,0,2,0,4,2,35.67861166666666,139.31521944444447,3,3,,,,
1,30,883,216,2,0,1,30000,0,201,2019,4,10,20,35,22,,,,,3,2,2,14,7,0,23,0,23,4,9,1,70,4,2,1,1,75,51,61,0,0,,,,,,,0,0,10,0,3,0,0,0,0,0,4,2,35.663718055555556,139.33987305555556,4,3,,,,
1,30,883,218,2,0,1,95000,0,201,2019,4,12,10,50,12,,,,,2,2,1,0,7,0,23,0,23,0,0,20,70,0,4,1,65,75,3,61,1,0,,,,,,,10,0,30,0,4,0,2,0,2,0,4,2,35.68855222222222,139.36022777777777,6,3,,,,
1,30,883,221,2,0,1,200,448,201,2019,4,12,14,50,12,,,,,1,1,1,1,1,9,22,0,23,19,9,30,70,4,1,1,65,75,14,61,31,0,,,,,,,4,0,10,0,3,0,2,0,2,0,4,2,35.65973527777778,139.3396252777778,6,3,,,,
1,30,883,229,2,0,1,95000,0,201,2019,3,14,17,55,21,,,,,1,1,1,0,7,0,23,0,23,0,0,20,70,0,4,1,55,75,3,61,31,0,,,,,,,10,0,0,0,4,0,2,0,2,0,4,2,35.655117777777775,139.30766083333336,5,3,,,,
1,30,883,239,2,0,1,30000,0,201,2019,4,18,19,35,22,,,,,1,1,1,1,1,9,22,0,23,15,9,30,70,4,2,1,35,35,3,61,31,0,,,,,,,3,0,10,0,3,0,2,0,2,0,4,2,35.651403333333334,139.3441913888889,5,3,,,,
1,30,883,243,2,0,1,200,469,201,2019,4,26,21,24,22,,,,,2,1,2,7,7,0,23,0,23,1,9,1,70,5,2,1,1,55,51,61,0,0,,,,,,,0,0,10,0,3,0,0,0,0,0,4,2,35.659396944444445,139.31556500000002,6,3,,,,
1,30,884,207,2,0,1,99000,0,209,2019,4,8,7,10,12,,,,,3,1,2,0,7,0,23,0,23,0,0,20,70,0,4,1,65,45,3,61,31,0,,,,,,,10,0,30,0,3,0,2,0,2,0,4,2,35.59611805555556,139.47308972222223,2,3,,,,
1,30,884,211,2,0,1,30560,0,209,2019,4,10,18,45,21,,,,,3,2,2,1,1,9,22,0,23,14,9,30,70,4,2,1,55,25,36,61,31,0,,,,,,,2,0,10,0,3,0,0,0,0,0,4,2,35.55982777777778,139.4236511111111,4,3,,,,
1,30,884,220,2,0,1,30000,0,209,2019,4,12,19,30,22,,,,,2,1,1,1,7,9,22,0,23,15,9,30,70,4,2,1,1,1,3,61,31,0,,,,,,,2,0,10,0,4,0,2,0,2,0,4,2,35.545265,139.44583583333335,6,3,,,,
1,30,884,244,2,0,1,10610,0,209,2019,4,11,7,25,12,,,,,1,1,1,14,7,0,23,0,23,4,9,1,70,4,2,1,55,1,51,61,0,0,,,,,,,0,0,20,0,3,0,0,0,0,0,4,2,35.57691666666667,139.4696663888889,5,3,,,,
1,30,884,247,2,0,1,30000,0,209,2019,4,24,6,53,12,,,,,2,1,2,1,1,9,22,0,23,15,9,30,70,4,2,1,55,35,3,61,31,0,,,,,,,3,0,80,0,3,0,2,0,2,0,4,2,35.58647361111111,139.49386166666665,4,3,,,,
1,30,884,248,2,0,1,30000,0,209,2019,4,24,15,20,12,,,,,3,1,1,14,7,0,23,0,23,3,9,1,70,5,3,1,55,1,3,61,31,0,,,,,,,2,0,40,0,3,0,2,0,2,0,4,2,35.56892416666667,139.42742527777776,4,3,,,,
1,30,884,251,2,0,1,95000,0,209,2019,4,26,16,50,12,,,,,3,1,2,14,7,0,23,0,23,1,9,1,70,5,4,1,1,75,4,61,31,0,,,,,,,10,0,30,0,3,0,2,0,2,0,4,2,35.53102,139.4567061111111,6,3,,,,
1,30,884,264,2,0,1,30000,0,209,2019,2,26,18,50,22,,,,,1,1,1,14,7,0,23,0,23,2,9,1,70,5,2,1,55,1,3,61,31,0,,,,,,,2,0,80,0,4,0,2,0,2,0,4,2,35.5445875,139.4450688888889,3,3,,,,
1,30,885,124,2,0,1,20890,0,212,2019,2,18,22,10,22,,,,,1,2,1,1,1,9,22,0,23,15,9,30,70,4,2,1,55,45,35,61,31,0,,,,,,,3,0,10,0,4,0,0,0,0,0,4,2,35.67335944444444,139.3833786111111,2,3,,,,
1,30,885,127,2,0,1,20770,0,212,2019,4,2,11,7,12,,,,,1,3,1,7,1,0,23,0,23,3,9,1,70,4,2,1,45,75,3,61,31,0,,,,,,,3,0,50,0,4,0,2,0,2,0,4,2,35.649253333333334,139.38787527777777,3,3,,,,
1,30,885,152,2,0,1,95000,0,212,2019,4,27,11,47,12,,,,,2,3,1,0,7,0,23,0,23,0,0,20,70,0,4,1,65,75,3,61,31,0,,,,,,,10,0,30,0,4,0,2,0,2,0,4,2,35.659155,139.41402833333333,7,3,,,,
1,30,885,155,2,0,1,95000,0,212,2019,4,29,16,35,12,,,,,2,3,1,0,7,0,23,0,23,0,0,20,70,0,4,1,65,75,4,61,31,0,,,,,,,10,0,10,0,3,0,2,0,2,0,4,2,35.662414999999996,139.38047944444446,2,1,,,,
1,30,885,157,2,0,1,30000,0,212,2019,2,12,7,25,11,,,,,1,2,1,14,7,0,23,0,23,2,9,1,70,4,3,1,25,1,3,61,31,0,,,,,,,2,0,40,0,3,0,2,0,2,0,4,2,35.68103305555555,139.39228444444444,3,3,,,,
1,30,886,136,2,0,1,10550,0,207,2019,3,22,8,5,12,,,,,1,3,1,7,1,0,23,0,23,3,9,20,70,5,2,1,45,45,13,61,31,0,,,,,,,2,0,10,0,3,0,2,0,2,0,4,2,35.69526638888888,139.38204944444445,6,3,,,,
1,30,886,140,2,0,1,30000,0,207,2019,4,1,15,35,12,,,,,2,1,1,14,7,0,23,0,23,3,9,1,70,5,2,1,65,1,51,61,0,0,,,,,,,0,0,40,0,4,0,0,0,0,0,4,2,35.711435,139.36769722222223,2,3,,,,
1,30,886,146,2,0,1,10550,0,207,2019,4,5,8,29,12,,,,,1,1,1,1,1,9,22,0,23,18,9,30,70,4,2,1,65,35,3,61,31,0,,,,,,,5,0,10,0,4,0,2,0,2,0,4,2,35.704147222222225,139.3535386111111,6,3,,,,
1,30,886,160,2,0,1,10530,0,207,2019,4,13,13,30,12,,,,,1,3,1,1,1,9,22,0,23,14,9,20,70,4,2,1,55,1,3,61,31,0,,,,,,,3,0,40,0,3,0,2,0,2,0,4,2,35.70135805555556,139.37399222222223,7,3,,,,
1,30,886,163,2,0,1,99000,0,207,2019,4,16,14,35,12,,,,,1,2,1,0,7,0,23,0,23,0,0,20,70,0,4,1,65,65,3,61,31,0,,,,,,,10,0,10,0,4,0,2,0,2,0,4,2,35.71653694444445,139.37320694444446,3,3,,,,
1,30,886,174,2,0,1,95000,0,207,2019,4,24,14,45,12,,,,,2,1,1,13,7,0,23,0,23,2,3,1,70,4,1,1,65,1,14,61,31,0,,,,,,,3,0,40,0,4,0,2,0,2,0,4,2,35.71073666666667,139.35693,4,3,,,,
1,30,887,240,2,0,1,10540,0,202,2019,4,1,6,28,12,,,,,1,2,1,14,7,0,23,0,23,1,9,1,70,5,2,1,45,65,3,61,31,0,,,,,,,1,0,10,0,4,0,2,0,2,0,4,2,35.72508638888889,139.4182625,2,3,,,,
1,30,887,242,2,0,1,20890,0,215,2019,4,2,17,50,13,,,,,1,1,1,1,1,9,22,0,23,14,8,30,70,4,2,1,25,35,4,61,31,0,,,,,,,3,0,10,0,3,0,2,0,2,0,4,2,35.68223194444444,139.43308333333331,3,3,,,,
1,30,887,254,2,0,1,30000,0,202,2019,4,5,19,0,21,,,,,1,1,1,14,7,0,23,0,23,1,9,1,70,5,4,1,1,75,51,61,0,0,,,,,,,0,0,40,0,4,0,0,0,0,0,4,2,35.72537194444445,139.37536833333334,6,3,,,,
1,30,887,263,2,0,1,30000,0,202,2019,3,10,12,55,12,,,,,1,2,1,7,1,0,23,0,23,3,9,1,70,5,2,1,1,35,51,61,0,0,,,,,,,0,0,10,0,3,0,0,0,0,0,4,2,35.69229333333333,139.42569805555556,1,3,,,,
1,30,887,268,2,0,1,30000,0,202,2019,3,25,17,25,13,,,,,1,1,1,14,7,0,23,0,23,1,9,1,70,5,2,1,35,45,51,61,0,0,,,,,,,0,0,20,0,3,0,0,0,0,0,4,2,35.70393694444445,139.41758638888888,2,3,,,,
1,30,887,275,2,0,1,30000,0,215,2019,4,15,8,20,12,,,,,1,1,1,1,7,9,22,0,23,11,9,30,70,5,3,1,25,35,3,61,31,0,,,,,,,1,0,10,0,3,0,2,0,2,0,4,2,35.69939083333333,139.4423952777778,2,3,,,,
1,30,887,281,2,0,1,10260,0,202,2019,4,17,14,0,12,,,,,1,1,1,14,7,0,23,0,23,3,9,20,70,4,2,1,25,65,36,61,31,0,,,,,,,2,0,10,0,3,0,0,0,0,0,4,2,35.72793361111111,139.379345,4,3,,,,
1,30,887,285,2,0,1,99000,0,202,2019,4,19,14,10,12,,,,,2,1,1,0,7,0,23,0,23,0,0,20,70,0,4,1,55,25,3,61,31,0,,,,,,,10,0,80,0,4,0,2,0,2,0,4,2,35.723061666666666,139.4035113888889,6,3,,,,
1,30,887,286,2,0,1,30000,0,202,2019,4,19,19,3,21,,,,,1,2,2,1,7,9,22,0,23,11,9,30,70,5,4,1,25,55,51,61,0,0,,,,,,,0,0,10,0,3,0,0,0,0,0,4,2,35.72961138888889,139.39695833333332,6,3,,,,
1,30,887,287,2,0,1,30000,0,215,2019,4,19,22,45,22,,,,,1,1,1,14,7,0,23,0,23,2,9,1,70,5,2,1,55,35,3,61,1,0,,,,,,,2,0,80,0,3,0,2,0,2,0,4,2,35.700160833333335,139.44234527777778,6,3,,,,
1,30,887,300,2,0,1,30000,0,215,2019,4,22,11,15,12,,,,,1,2,1,1,1,9,22,0,23,15,9,30,70,4,2,1,25,75,14,61,31,0,,,,,,,3,0,10,0,4,0,2,0,2,0,4,2,35.69015777777778,139.4339877777778,2,3,,,,
1,30,887,301,2,0,1,30000,0,215,2019,4,22,16,5,12,,,,,1,2,1,1,1,9,22,0,23,14,9,30,70,4,2,1,65,45,11,61,31,0,,,,,,,3,0,10,0,4,0,2,0,2,0,4,2,35.70048638888889,139.4398972222222,2,3,,,,
1,30,887,307,2,0,1,30000,0,215,2019,4,24,21,25,22,,,,,3,2,2,1,7,9,22,0,23,11,9,30,70,5,3,1,45,1,4,61,31,0,,,,,,,2,0,40,0,3,0,2,0,2,0,4,2,35.694844999999994,139.4411613888889,4,3,,,,
1,30,887,313,2,0,1,30000,0,215,2019,4,13,22,37,22,,,,,1,2,1,13,7,0,23,0,23,3,3,1,70,5,3,1,35,55,34,61,31,0,,,,,,,2,0,10,0,3,0,0,0,0,0,4,2,35.68658027777777,139.43234777777778,7,3,,,,
1,30,887,316,2,0,1,30000,0,215,2019,4,26,18,0,13,,,,,2,1,1,14,7,0,23,0,23,3,9,1,70,5,4,1,55,1,36,61,31,0,,,,,,,2,0,40,0,3,0,0,0,0,0,4,2,35.68600444444444,139.43878194444446,6,3,,,,
1,30,888,87,2,0,1,200,307,206,2019,4,1,14,3,12,,,,,2,1,1,14,7,0,23,0,23,5,9,1,70,4,2,1,75,65,3,61,31,0,,,,,,,10,0,10,0,3,0,2,0,2,0,4,2,35.67346277777778,139.4758825,2,3,,,,
1,30,888,90,2,0,1,200,270,206,2019,4,5,8,50,12,,,,,1,1,1,1,1,9,22,0,23,17,9,30,70,4,2,1,25,55,14,61,31,0,,,,,,,4,0,10,0,3,0,2,0,2,0,4,2,35.667336388888884,139.51521833333334,6,3,,,,
1,30,888,95,2,0,1,30000,0,206,2019,4,9,14,5,12,,,,,1,1,1,14,7,0,23,0,23,3,9,1,70,4,2,1,25,1,14,61,31,0,,,,,,,2,0,10,0,3,0,2,0,2,0,4,2,35.69571166666666,139.46311944444443,3,3,,,,
1,30,888,105,2,0,1,20890,0,206,2019,4,9,11,35,12,,,,,1,1,1,14,7,0,23,0,23,3,9,1,70,4,3,1,35,35,4,61,31,0,,,,,,,2,0,40,0,3,0,2,0,2,0,4,2,35.66940888888889,139.49657166666665,3,3,,,,
1,30,889,79,2,0,1,30000,0,214,2019,4,10,17,58,13,,,,,3,1,2,14,7,0,23,0,23,3,8,1,70,5,4,1,1,1,51,61,0,0,,,,,,,0,0,10,0,3,0,0,0,0,0,4,2,35.696439166666664,139.47934527777778,4,3,,,,
1,30,890,161,2,0,1,95000,0,222,2019,4,2,13,30,12,,,,,2,1,1,0,7,0,23,0,23,0,0,20,70,0,4,1,45,55,3,61,31,0,,,,,,,10,0,30,0,3,0,2,0,2,0,4,2,35.745109444444445,139.49118499999997,3,3,,,,
1,30,890,172,2,0,1,30000,0,229,2019,4,2,16,43,12,,,,,2,1,1,1,7,9,22,0,23,11,9,30,70,5,3,1,35,45,4,61,31,0,,,,,,,2,0,20,0,3,0,2,0,2,0,4,2,35.72483833333334,139.53508305555556,3,3,,,,
1,30,890,173,2,0,1,30000,0,229,2019,4,10,20,46,22,,,,,3,1,2,1,1,9,22,0,23,15,9,30,70,4,1,1,25,45,36,61,31,0,,,,,,,2,0,10,0,3,0,0,0,0,0,4,2,35.74261916666667,139.53686166666665,4,3,,,,
1,30,890,179,2,0,1,10250,0,222,2019,4,12,8,11,12,,,,,2,1,1,14,7,0,23,0,23,4,9,1,70,4,1,1,35,1,51,61,0,0,,,,,,,0,0,10,0,3,0,0,0,0,0,4,2,35.73925527777778,139.50856916666666,6,3,,,,
1,30,890,206,2,0,1,95000,0,222,2019,4,27,11,10,12,,,,,2,1,1,0,7,0,23,0,23,0,0,20,70,0,4,1,65,75,3,61,31,0,,,,,,,10,0,20,0,3,0,2,0,2,0,4,2,35.75914111111111,139.5287502777778,7,3,,,,
1,30,891,100,2,0,1,30000,0,213,2019,4,4,10,45,12,,,,,1,1,1,14,7,0,23,0,23,3,9,1,70,5,3,1,75,75,3,61,31,0,,,,,,,2,0,80,0,2,0,2,0,2,0,4,2,35.76987888888889,139.4623447222222,5,3,,,,
1,30,891,101,2,0,1,10590,0,221,2019,4,5,18,15,21,,,,,1,2,1,14,7,0,23,0,23,3,9,1,70,4,2,1,65,1,14,61,31,0,,,,,,,3,0,10,0,3,0,2,0,2,0,4,2,35.78618972222222,139.54103444444445,6,3,,,,
1,30,891,102,2,0,1,30000,0,213,2019,4,8,17,17,13,,,,,3,2,2,1,1,9,22,0,23,15,9,30,70,4,2,1,65,55,4,61,31,0,,,,,,,2,0,50,0,4,0,2,0,2,0,4,2,35.75807555555556,139.46461527777777,2,3,,,,
1,30,891,111,2,0,1,30000,0,213,2019,4,17,5,25,11,,,,,2,1,1,1,1,9,22,0,23,15,9,30,70,4,2,1,35,75,14,61,31,0,,,,,,,3,0,20,0,3,0,2,0,2,0,4,2,35.7554675,139.45780666666664,4,3,,,,
1,30,891,112,2,0,1,10250,0,213,2019,4,17,13,30,12,,,,,2,1,1,1,1,9,22,0,23,17,9,30,70,4,2,1,65,65,3,61,31,0,,,,,,,4,0,10,0,3,0,2,0,2,0,4,2,35.74912194444445,139.477665,4,3,,,,
1,30,891,115,2,0,1,30000,0,221,2019,4,20,14,0,12,,,,,1,2,1,7,7,0,23,0,23,2,9,1,70,5,4,1,45,75,3,61,31,0,,,,,,,10,0,80,0,3,0,2,0,2,0,4,2,35.76754611111111,139.51022944444443,7,3,,,,
1,30,891,117,2,0,1,10250,0,213,2019,4,1,0,53,22,,,,,1,2,1,1,1,9,22,0,23,14,9,30,70,4,2,1,45,25,4,61,31,0,,,,,,,4,0,10,0,3,0,2,0,2,0,4,2,35.752244166666664,139.46197972222222,2,3,,,,
1,30,892,65,2,0,1,20340,0,203,2019,3,9,10,0,12,,,,,1,1,1,1,7,1,21,0,23,15,9,30,70,4,2,1,1,65,51,61,0,0,,,,,,,0,0,10,0,4,0,0,0,0,0,4,2,35.7084975,139.58276222222221,7,3,,,,
1,30,892,67,2,0,1,30000,0,203,2019,4,13,13,35,12,,,,,1,1,1,14,7,0,23,0,23,3,9,1,70,5,2,1,1,35,51,61,0,0,,,,,,,0,0,10,0,3,0,0,0,0,0,4,2,35.70156194444445,139.54455277777777,7,3,,,,
1,30,892,71,2,0,1,21220,0,203,2019,4,8,7,54,12,,,,,3,1,2,1,1,9,22,0,23,18,9,30,70,5,2,1,25,35,3,61,31,0,,,,,,,3,0,10,0,3,0,2,0,2,0,4,2,35.7213225,139.55723,2,3,,,,