資料区分,都道府県コード,警察署等コード,本票番号,事故内容,死者数,負傷者数,路線コード,地点コード,市区町村コード,発生日時　　年,発生日時　　月,発生日時　　日,発生日時　　時,発生日時　　分,昼夜,日の出時刻　　時,日の出時刻　　分,日の入り時刻　　時,日の入り時刻　　分,天候,地形,路面状態,道路形状,信号機,一時停止規制　標識（当事者A）,一時停止規制　表示（当事者A）,一時停止規制　標識（当事者B）,一時停止規制　表示（当事者B）,車道幅員,道路線形,衝突地点,ゾーン規制,中央分離帯施設等,歩車道区分,事故類型,年齢（当事者A）,年齢（当事者B）,当事者種別（当事者A）,当事者種別（当事者B）,用途別（当事者A）,用途別（当事者B）,車両形状等（当事者A）,車両形状等（当事者B）,オートマチック車（当事者A）,オートマチック車（当事者B）,サポカー（当事者A）,サポカー（当事者B）,速度規制（指定のみ）（当事者A）,速度規制（指定のみ）（当事者B）,車両の衝突部位（当事者A）,車両の衝突部位（当事者B）,車両の損壊程度（当事者A）,車両の損壊程度（当事者B）,エアバッグの装備（当事者A）,エアバッグの装備（当事者B）,サイドエアバッグの装備（当事者A）,サイドエアバッグの装備（当事者B）,人身損傷程度（当事者A）,人身損傷程度（当事者B）,lat,lon,曜日(発生年月日),祝日(発生年月日),認知機能検査経過日数（当事者A）,認知機能検査経過日数（当事者B）,運転練習の方法（当事者A）,運転練習の方法（当事者B）
1,30,892,75,2,0,1,20230,0,203,2019,4,4,18,30,21,,,,,1,1,1,1,1,9,22,0,23,15,9,30,70,4,1,1,45,1,1,61,1,0,,,,,,,2,0,40,0,4,0,2,0,2,0,4,2,35.70583555555556,139.57864388888888,5,3,,,,
1,30,893,116,2,0,1,20900,0,204,2019,2,24,12,30,12,,,,,1,1,1,14,7,0,23,0,23,4,9,1,70,1,1,1,55,75,51,61,0,0,,,,,,,0,0,40,0,4,0,0,0,0,0,4,2,35.697435,139.5592075,1,3,,,,
1,30,893,125,2,0,2,30000,0,204,2019,4,19,18,30,21,,,,,1,1,1,14,7,0,23,0,23,3,9,1,70,5,2,1,45,45,3,61,1,0,,,,,,,3,0,10,0,3,0,2,0,2,0,4,2,35.70171388888889,139.56100750000002,6,3,,,,
1,30,894,127,1,1,0,10610,0,208,2019,4,16,7,30,12,,,,,1,1,1,1,1,9,22,0,23,18,9,30,70,5,1,1,45,55,11,61,31,0,,,,,,,10,0,10,0,3,0,2,0,2,0,4,1,35.644929166666664,139.5266525,3,3,,,,
1,30,894,137,2,0,1,21230,0,219,2019,4,5,18,55,21,,,,,1,1,1,14,7,0,23,0,23,3,9,20,70,4,2,1,25,45,51,61,0,0,,,,,,,0,0,10,0,3,0,0,0,0,0,2,4,35.64809666666667,139.57903666666667,6,3,,,,
1,30,894,142,2,0,1,30000,0,208,2019,4,7,14,20,12,,,,,1,1,1,14,7,0,23,0,23,4,9,1,70,5,2,1,65,1,3,61,31,0,,,,,,,2,0,10,0,3,0,2,0,2,0,4,2,35.65694111111111,139.53040694444445,1,3,,,,
1,30,894,143,2,0,1,30000,0,208,2019,4,7,17,25,13,,,,,1,1,1,14,7,0,23,0,23,2,9,1,70,4,2,1,55,45,3,61,31,0,,,,,,,2,0,80,0,3,0,2,0,2,0,4,2,35.66249027777778,139.5219575,1,3,,,,
1,30,894,148,2,0,1,30000,0,208,2019,4,9,15,20,12,,,,,1,1,1,14,7,0,23,0,23,3,9,1,70,5,2,1,25,1,13,61,31,0,,,,,,,2,0,10,0,3,0,2,0,2,0,4,2,35.66528722222222,139.5648891666667,3,3,,,,
1,30,894,151,2,0,1,30000,0,208,2019,4,10,17,50,13,,,,,3,1,2,1,1,9,22,0,23,11,9,30,70,4,2,1,35,55,3,61,31,0,,,,,,,2,0,10,0,4,0,2,0,2,0,4,2,35.65038472222222,139.58985583333333,4,3,,,,
1,30,894,158,2,0,1,30000,0,208,2019,4,11,7,40,12,,,,,1,1,1,14,7,0,23,0,23,3,9,1,70,4,3,1,1,25,51,61,0,0,,,,,,,0,0,10,0,3,0,0,0,0,0,4,2,35.66042083333333,139.57197777777776,5,3,,,,
1,30,894,163,2,0,1,99000,0,208,2019,4,16,8,15,12,,,,,1,1,1,0,7,0,23,0,23,0,0,20,70,0,4,1,1,65,51,61,0,0,,,,,,,0,0,10,0,4,0,0,0,0,0,4,2,35.680074166666664,139.54829166666667,3,3,,,,
1,30,894,170,2,0,1,30000,0,208,2019,4,21,14,20,12,,,,,1,1,1,14,7,0,23,0,23,2,9,1,70,5,2,1,65,1,3,61,31,0,,,,,,,2,0,10,0,3,0,2,0,2,0,4,2,35.6618275,139.56608805555555,1,3,,,,
1,30,894,172,2,0,1,95000,0,208,2019,4,13,12,46,12,,,,,1,1,1,0,7,0,23,0,23,0,0,20,70,0,2,1,45,45,3,61,1,0,,,,,,,10,0,40,0,4,0,2,0,2,0,4,2,35.661918888888884,139.58529694444445,7,3,,,,
1,30,894,184,2,0,1,30000,0,208,2019,4,26,12,5,12,,,,,1,1,1,1,7,1,21,0,23,11,9,30,70,4,3,1,75,75,3,61,31,0,,,,,,,3,0,10,0,4,0,2,0,2,0,4,2,35.661516666666664,139.57066972222222,6,3,,,,
1,30,894,190,2,0,1,20890,0,208,2019,3,13,15,59,12,,,,,1,1,1,14,7,0,23,0,23,3,9,1,70,4,3,1,25,55,13,61,31,0,,,,,,,2,0,10,0,3,0,2,0,2,0,4,2,35.651086388888885,139.5579661111111,4,3,,,,
1,30,895,101,2,0,1,30000,0,211,2019,4,4,11,14,12,,,,,1,1,1,1,1,9,22,0,23,11,9,30,70,4,2,1,35,65,3,61,31,0,,,,,,,3,0,10,0,3,0,2,0,2,0,4,2,35.72719277777778,139.47712694444445,5,3,,,,
1,30,895,118,2,0,1,30000,0,211,2019,4,20,0,22,22,,,,,1,1,1,14,7,0,23,0,23,1,9,1,1,5,3,1,45,75,3,61,1,0,,,,,,,2,0,10,0,3,0,2,0,2,0,4,2,35.724565,139.47087611111112,7,3,,,,
1,30,895,123,2,0,1,30000,0,211,2019,4,23,19,23,22,,,,,1,1,1,1,1,9,22,0,23,11,9,30,70,4,2,1,1,75,51,61,0,0,,,,,,,0,0,10,0,4,0,0,0,0,0,4,2,35.72061,139.4800325,3,3,,,,
1,30,895,124,2,0,1,30000,0,211,2019,4,24,10,35,12,,,,,3,1,2,14,7,0,23,0,23,2,9,1,70,5,3,1,25,65,3,61,31,0,,,,,,,2,0,10,0,3,0,2,0,2,0,4,2,35.726668333333336,139.50064277777778,4,3,,,,
1,30,895,128,2,0,1,10260,0,211,2019,4,26,13,0,12,,,,,2,1,2,1,1,9,22,0,23,15,9,30,70,4,2,1,55,65,4,61,31,0,,,,,,,3,0,20,0,3,0,2,0,2,0,4,2,35.71496805555556,139.48778055555553,6,3,,,,
1,30,899,1,2,0,1,30000,0,401,2019,4,21,1,58,22,,,,,1,1,1,14,7,0,23,0,23,2,9,1,70,4,2,1,65,25,3,61,1,0,,,,,,,3,0,10,0,3,0,2,0,2,0,4,2,33.115608055555555,139.80052694444444,1,3,,,,
1,30,100,55,2,0,1,30000,0,101,2019,5,23,9,37,12,,,,,1,1,1,1,7,9,22,0,23,11,9,30,70,4,2,1,25,35,3,61,31,0,,,,,,,2,0,30,0,3,0,2,0,2,0,4,2,35.68818972222222,139.74214777777777,5,3,,,,
1,30,101,77,2,0,1,30850,0,101,2019,5,1,14,20,12,,,,,2,1,1,1,1,9,22,0,23,17,9,30,70,1,2,1,65,55,3,61,31,0,,,,,,,5,0,40,0,3,0,2,0,2,0,4,2,35.67207972222222,139.75306583333332,4,1,,,,
1,30,101,80,2,0,1,10110,0,101,2019,4,2,16,5,12,,,,,1,1,2,14,7,0,23,0,23,3,9,1,1,1,2,1,45,0,61,0,0,0,,,,,,,0,0,0,0,0,0,0,0,0,0,2,0,35.67771388888889,139.754,3,3,,,,
1,30,102,63,2,0,1,10100,0,101,2019,2,26,22,38,22,,,,,1,1,1,1,1,9,22,0,23,19,9,30,70,4,1,1,45,25,3,61,31,0,,,,,,,4,0,10,0,3,0,2,0,2,0,4,2,35.691409166666666,139.75896527777778,3,3,,,,
1,30,102,66,2,0,1,20090,0,101,2019,4,26,20,36,22,,,,,2,1,2,14,7,0,23,0,23,5,9,1,70,4,2,1,65,55,3,61,1,0,,,,,,,4,0,10,0,4,0,2,0,2,0,4,2,35.69407416666667,139.76749,6,3,,,,
1,30,102,71,2,0,1,30000,0,101,2019,5,13,16,55,12,,,,,2,1,1,1,7,9,22,0,23,15,9,30,70,5,3,1,75,35,14,61,31,0,,,,,,,10,0,50,0,3,0,2,0,2,0,4,2,35.69040888888888,139.7689427777778,2,3,,,,
1,30,102,72,2,0,1,10050,0,101,2019,5,14,6,7,12,,,,,2,1,2,14,7,0,23,0,23,4,7,1,70,1,2,1,35,25,13,61,31,0,,,,,,,5,0,80,0,3,0,2,0,2,0,4,2,35.694287499999994,139.7638125,3,3,,,,
1,30,102,73,2,0,1,30000,0,101,2019,5,21,16,20,12,,,,,3,1,2,1,7,1,21,0,23,15,9,30,70,5,2,1,1,45,51,61,0,0,,,,,,,0,0,10,0,4,0,0,0,0,0,4,2,35.70068833333334,139.75470333333334,3,3,,,,
1,30,102,76,2,0,1,30000,0,101,2019,5,24,21,12,22,,,,,1,1,1,14,7,0,23,0,23,3,9,1,70,5,3,1,45,55,3,61,31,0,,,,,,,10,0,40,0,3,0,2,0,2,0,4,2,35.70075777777778,139.7514972222222,6,3,,,,
1,30,102,79,2,0,1,30000,0,101,2019,5,28,15,55,12,,,,,2,1,1,14,7,0,23,0,23,3,9,1,70,5,3,1,25,1,14,61,31,0,,,,,,,2,0,20,0,3,0,2,0,2,0,4,2,35.69157111111111,139.7685316666667,3,3,,,,
1,30,103,45,2,0,2,20070,0,101,2019,4,2,11,55,12,,,,,1,1,1,14,7,0,23,0,23,5,9,1,70,1,1,1,45,35,34,61,31,0,,,,,,,4,0,10,0,3,0,0,0,0,0,2,2,35.69827722222222,139.7711627777778,3,3,,,,
1,30,103,50,2,0,1,20080,0,101,2019,5,9,19,40,22,,,,,2,1,1,14,5,0,23,0,23,5,9,1,70,4,2,1,35,55,3,61,31,0,,,,,,,4,0,30,0,3,0,2,0,2,0,4,2,35.699130555555556,139.7689502777778,5,3,,,,
1,30,104,93,2,0,1,95000,0,102,2019,5,1,18,8,13,,,,,3,1,2,1,1,9,22,0,23,15,9,30,70,1,2,1,45,25,3,61,31,0,,,,,,,4,0,10,0,3,0,2,0,2,0,4,2,35.6794875,139.77175861111112,4,1,,,,
1,30,104,100,2,0,1,30000,0,102,2019,5,13,6,54,12,,,,,1,1,1,14,1,0,23,0,23,3,9,1,70,5,2,1,35,45,13,61,31,0,,,,,,,2,0,10,0,3,0,1,0,2,0,4,2,35.67520194444444,139.77257444444444,2,3,,,,
1,30,104,104,2,0,1,10030,0,102,2019,5,17,15,12,12,,,,,1,1,1,14,7,0,23,0,23,5,9,1,70,1,1,1,25,55,14,61,1,0,,,,,,,5,0,40,0,4,0,2,0,2,0,4,2,35.67786916666667,139.77320083333333,6,3,,,,
1,30,104,107,2,0,1,150,1,102,2019,5,20,8,45,12,,,,,1,1,1,1,1,9,22,0,23,18,9,30,70,4,2,1,45,65,51,61,0,0,,,,,,,0,0,10,0,3,0,0,0,0,0,4,2,35.6887075,139.77283916666667,2,3,,,,
1,30,104,108,2,0,1,95000,0,102,2019,5,21,12,5,12,,,,,3,1,2,14,7,0,23,0,23,5,9,1,70,4,4,1,1,55,17,61,1,0,,,,,,,4,0,10,0,3,0,2,0,2,0,4,2,35.67880611111111,139.7712838888889,3,3,,,,
1,30,104,109,2,0,1,20020,0,102,2019,5,23,17,55,13,,,,,1,1,1,7,1,0,23,0,23,3,9,1,70,5,3,1,55,1,3,61,31,0,,,,,,,5,0,20,0,3,0,2,0,2,0,4,2,35.67602027777777,139.7847872222222,5,3,,,,
1,30,104,112,2,0,1,30000,0,102,2019,5,29,16,11,12,,,,,1,1,1,7,7,0,23,0,23,3,9,1,70,5,2,1,45,35,12,61,1,0,,,,,,,2,0,10,0,3,0,1,0,2,0,4,2,35.686794166666665,139.77536500000002,4,3,,,,
1,30,104,113,2,0,1,10030,0,102,2019,5,30,9,15,12,,,,,1,1,1,1,7,9,22,0,23,17,9,30,70,5,2,1,25,45,51,61,0,0,,,,,,,0,0,20,0,4,0,0,0,0,0,4,2,35.67635444444444,139.77217611111112,5,3,,,,
1,30,105,46,2,0,1,30000,0,102,2019,5,11,1,5,22,,,,,1,1,1,14,7,0,23,0,23,2,9,1,70,5,2,1,65,45,3,61,1,0,,,,,,,2,0,10,0,3,0,2,0,2,0,4,2,35.69024638888889,139.78359166666667,7,3,,,,
1,30,105,53,2,0,1,30000,0,102,2019,5,23,22,35,22,,,,,1,1,1,7,7,0,23,0,23,1,9,1,70,5,2,1,65,25,3,61,1,0,,,,,,,10,0,10,0,4,0,2,0,2,0,4,2,35.68601916666666,139.78182194444446,5,3,,,,
1,30,105,54,2,0,1,30090,0,102,2019,5,23,21,30,22,,,,,1,1,1,14,7,0,23,0,23,3,9,1,70,4,2,1,1,25,51,61,0,0,,,,,,,0,0,11,0,3,0,0,0,0,0,4,2,35.69378638888889,139.78528194444445,5,3,,,,
1,30,106,105,2,0,1,10060,0,102,2019,5,4,1,47,22,,,,,1,1,1,1,1,9,22,0,23,18,9,30,70,1,2,1,65,25,3,61,31,0,,,,,,,4,0,10,0,3,0,2,0,2,0,4,2,35.670338055555554,139.77505083333335,7,1,,,,
1,30,106,108,2,0,1,30000,0,102,2019,4,21,15,50,12,,,,,1,1,1,14,7,0,23,0,23,3,9,1,70,5,2,1,45,65,3,61,31,0,,,,,,,10,0,30,0,4,0,2,0,2,0,4,2,35.66784388888889,139.76043,1,3,,,,
1,30,106,111,2,0,1,30000,0,102,2019,4,6,22,41,22,,,,,1,1,1,1,7,1,21,0,23,15,9,30,70,5,2,1,45,35,13,61,31,0,,,,,,,2,0,30,0,3,0,2,0,2,0,4,2,35.67131472222222,139.76702583333335,7,3,,,,
1,30,106,113,2,0,1,95000,0,102,2019,5,16,11,50,12,,,,,1,1,1,1,1,9,22,0,23,18,9,30,70,4,2,1,35,35,13,61,31,0,,,,,,,2,0,15,0,3,0,1,0,2,0,4,2,35.67209,139.76399916666668,5,3,,,,
1,30,106,115,2,0,1,30000,0,102,2019,5,18,14,25,12,,,,,1,1,1,1,7,9,22,0,23,15,9,30,70,4,2,1,65,75,3,61,1,0,,,,,,,10,0,80,0,3,0,2,0,2,0,4,2,35.66808361111111,139.76686555555557,7,3,,,,
1,30,106,117,2,0,1,150,18,102,2019,5,8,20,50,22,,,,,1,1,1,1,1,9,22,0,23,15,9,30,70,5,2,1,75,35,3,61,1,0,,,,,,,1,0,10,0,4,0,2,0,2,0,4,2,35.670427777777775,139.7641875,4,3,,,,
1,30,107,37,2,0,1,30000,0,102,2019,5,8,19,16,21,,,,,1,1,1,1,1,9,22,0,23,15,9,30,70,4,2,1,35,45,13,61,31,0,,,,,,,2,0,50,0,3,0,2,0,2,0,4,2,35.659545,139.77573583333336,4,3,,,,
1,30,107,38,2,0,1,30000,0,102,2019,5,16,4,18,23,,,,,1,1,1,14,7,0,23,0,23,2,9,1,70,5,4,1,65,1,3,61,31,0,,,,,,,2,0,10,0,3,0,1,0,2,0,4,2,35.663560555555556,139.78044027777779,5,3,,,,
1,30,108,89,2,0,1,30000,0,103,2019,5,5,2,14,22,,,,,1,1,1,1,1,9,22,0,23,11,9,30,70,4,2,1,45,35,3,61,1,0,,,,,,,10,0,10,0,4,0,2,0,2,0,4,2,35.665528055555555,139.755175,1,1,,,,
1,30,108,91,2,0,1,30000,0,103,2019,5,10,14,25,12,,,,,1,1,1,1,1,9,22,0,23,11,9,30,70,1,1,1,45,45,3,61,1,0,,,,,,,2,0,10,0,4,0,2,0,2,0,4,2,35.664207499999996,139.75558694444445,6,3,,,,
1,30,108,93,2,0,1,99000,0,102,2019,4,24,9,59,12,,,,,3,1,2,0,7,0,23,0,23,0,0,20,70,0,1,1,25,35,51,61,0,0,,,,,,,0,0,20,0,3,0,0,0,0,0,4,2,35.66314583333333,139.76283833333332,4,3,,,,
1,30,108,99,2,0,3,21180,0,103,2019,5,21,9,42,12,,,,,3,1,2,1,1,9,22,0,23,19,9,30,70,1,1,1,25,55,17,61,31,0,,,,,,,3,0,10,0,1,0,2,0,2,0,4,2,35.66372916666666,139.75773194444446,3,3,,,,
1,30,108,101,2,0,1,30000,0,103,2019,5,16,14,25,12,,,,,2,1,1,7,7,0,23,0,23,4,9,1,70,4,2,1,55,25,3,61,1,0,,,,,,,10,0,30,0,4,0,2,0,2,0,4,2,35.66688972222222,139.75718,5,3,,,,
1,30,108,103,2,0,1,150,29,103,2019,2,27,9,1,12,,,,,1,1,1,14,7,0,23,0,23,6,9,1,70,1,1,1,25,25,3,61,31,0,,,,,,,5,0,20,0,4,0,2,0,2,0,4,2,35.66229083333333,139.75666805555556,4,3,,,,
1,30,108,105,2,0,1,30000,0,103,2019,5,24,11,5,12,,,,,1,1,1,1,1,9,22,0,23,19,9,30,70,1,2,1,65,25,3,61,1,0,,,,,,,5,0,40,0,3,0,2,0,2,0,4,2,35.65600027777778,139.75980305555555,6,3,,,,
1,30,109,76,2,0,1,30000,0,103,2019,5,9,17,23,12,,,,,1,1,1,1,7,9,21,0,23,15,9,30,70,4,2,1,35,45,13,61,31,0,,,,,,,5,0,10,0,3,0,2,0,2,0,4,2,35.63975722222222,139.75487361111112,5,3,,,,
1,30,109,77,2,0,1,150,59,103,2019,5,11,13,15,12,,,,,1,1,1,14,7,0,23,0,23,6,9,1,70,5,1,1,25,1,51,61,0,0,,,,,,,0,0,10,0,3,0,0,0,0,0,4,2,35.64104611111111,139.74103194444444,7,3,,,,
1,30,109,83,2,0,1,30000,0,103,2019,5,18,6,33,12,,,,,1,1,1,1,1,9,22,0,23,15,9,30,70,4,2,1,45,25,3,61,31,0,,,,,,,1,0,10,0,4,0,2,0,2,0,4,2,35.650148333333334,139.7473561111111,7,3,,,,
1,30,110,78,2,0,1,30000,0,103,2019,5,13,5,47,12,,,,,2,1,1,14,7,0,23,0,23,4,9,1,70,4,3,1,1,45,3,61,1,0,,,,,,,2,0,10,0,3,0,2,0,2,0,4,2,35.644352777777776,139.72640972222223,2,3,,,,
1,30,110,87,2,0,1,30000,0,103,2019,5,31,17,13,12,,,,,2,1,1,14,7,0,23,0,23,3,8,1,70,4,1,1,25,1,51,61,0,0,,,,,,,0,0,40,0,3,0,0,0,0,0,4,2,35.63562388888889,139.73286861111112,6,3,,,,
1,30,111,144,2,0,1,30000,0,103,2019,5,8,12,45,12,,,,,1,1,1,14,7,0,23,0,23,3,8,1,70,1,1,1,25,65,51,61,0,0,,,,,,,0,0,10,0,3,0,0,0,0,0,4,2,35.65806055555555,139.72434833333332,4,3,,,,
1,30,111,146,2,0,1,30000,0,103,2019,2,27,16,50,13,,,,,2,1,1,14,7,0,23,0,23,3,9,1,70,5,1,1,55,1,3,61,1,0,,,,,,,2,0,10,0,3,0,2,0,2,0,4,2,35.66009666666667,139.72173694444444,4,3,,,,
1,30,111,149,2,0,1,10090,0,103,2019,5,11,12,6,12,,,,,1,1,1,1,1,9,22,0,23,18,9,30,70,1,2,1,55,45,51,61,0,0,,,,,,,0,0,10,0,3,0,0,0,0,0,4,2,35.64688527777778,139.72800833333335,7,3,,,,
1,30,111,168,2,0,1,30000,0,103,2019,4,13,16,15,12,,,,,1,1,1,14,7,0,23,0,23,3,9,1,70,5,3,1,55,25,3,61,31,0,,,,,,,10,0,20,0,3,0,2,0,2,0,4,2,35.65620861111111,139.73323638888888,7,3,,,,
1,30,112,88,2,0,1,20170,0,103,2019,5,28,3,45,23,,,,,2,1,1,14,7,0,23,0,23,4,9,1,70,1,1,1,45,25,3,61,1,0,,,,,,,5,0,80,0,3,0,2,0,1,0,4,2,35.658989444444444,139.7165722222222,3,3,,,,
1,30,112,89,2,0,1,20000,0,103,2019,5,28,14,10,12,,,,,2,1,1,14,7,0,23,0,23,5,9,1,70,4,2,1,55,55,3,61,1,0,,,,,,,4,0,10,0,4,0,2,0,2,0,4,2,35.67268111111111,139.72587777777778,3,3,,,,
1,30,113,99,2,0,2,10020,0,108,2019,4,29,23,7,22,,,,,2,1,1,1,1,9,22,0,23,19,9,30,70,1,1,1,55,55,3,61,31,0,,,,,,,10,0,88,0,4,0,2,0,2,0,4,2,35.64717611111111,139.80178055555558,2,1,,,,
1,30,113,103,2,0,1,30000,0,108,2019,4,10,18,45,21,,,,,3,1,1,1,1,9,22,0,23,14,9,30,70,1,2,1,25,45,13,61,1,0,,,,,,,4,0,10,0,3,0,2,0,2,0,4,2,35.64454555555555,139.82556916666667,4,3,,,,
1,30,113,104,2,0,1,99000,0,108,2019,5,14,6,5,12,,,,,2,1,1,0,7,0,23,0,23,0,0,20,70,0,4,1,65,45,17,61,1,0,,,,,,,10,0,40,0,3,0,2,0,2,0,4,2,35.63547305555556,139.8217938888889,3,3,,,,
1,30,215,65,2,0,1,30000,0,109,2019,5,28,9,31,12,,,,,1,1,1,7,7,0,23,0,23,1,9,1,70,5,3,1,45,35,14,61,1,0,,,,,,,10,0,10,0,3,0,2,0,2,0,4,2,35.608357222222224,139.7374133333333,3,3,,,,
1,30,216,50,2,0,1,30000,0,109,2019,5,24,15,55,12,,,,,1,1,1,14,7,0,23,0,23,3,9,1,70,4,2,1,1,1,51,61,0,0,,,,,,,0,0,10,0,4,0,0,0,0,0,4,2,35.59954333333334,139.72825527777778,6,3,,,,
1,30,217,67,2,0,1,30000,0,109,2019,3,16,22,10,22,,,,,1,1,1,7,7,0,23,0,23,4,9,1,70,5,2,1,55,25,3,61,1,0,,,,,,,1,0,0,0,4,0,2,0,2,0,4,2,35.633964166666665,139.71625055555555,7,3,,,,
1,30,217,70,2,0,1,30000,0,109,2019,5,4,22,30,22,,,,,1,1,1,1,7,9,22,0,23,14,9,30,70,4,2,1,45,35,3,61,1,0,,,,,,,10,0,10,0,3,0,2,0,2,0,4,2,35.62127861111111,139.72775027777777,7,1,,,,
1,30,217,71,2,0,1,30120,0,109,2019,5,7,14,25,12,,,,,3,1,2,1,1,9,22,0,23,15,9,30,70,4,1,1,1,45,51,61,0,0,,,,,,,0,0,40,0,3,0,0,0,0,0,4,2,35.63491472222222,139.7149347222222,3,3,,,,
1,30,217,76,2,0,2,30000,0,109,2019,5,17,8,34,12,,,,,1,1,1,14,7,0,23,0,23,2,9,1,70,5,2,1,1,25,51,61,0,0,,,,,,,0,0,10,0,3,0,0,0,0,0,4,2,35.62643694444444,139.7147713888889,6,3,,,,
1,30,217,78,2,0,1,95000,0,109,2019,5,19,11,32,12,,,,,1,1,1,1,1,9,22,0,23,18,9,30,70,1,1,1,1,55,3,61,31,0,,,,,,,4,0,10,0,4,0,2,0,2,0,4,2,35.62824694444444,139.7256025,1,3,,,,
1,30,217,83,2,0,1,95000,0,109,2019,5,31,10,5,12,,,,,1,1,1,1,1,9,22,0,23,17,9,30,70,1,1,1,35,65,3,61,31,0,,,,,,,10,0,40,0,4,0,2,0,2,0,4,2,35.62727527777778,139.72398305555555,6,3,,,,
1,30,218,74,1,1,0,30000,0,109,2019,5,6,13,20,12,,,,,1,1,1,1,7,9,22,0,23,11,9,30,70,5,1,1,25,75,17,61,1,0,,,,,,,2,0,10,0,3,0,2,0,2,0,4,1,35.61131694444445,139.72362916666665,2,1,,,,
1,30,218,83,2,0,1,10,129,109,2019,4,19,19,15,21,,,,,2,1,1,7,1,0,23,0,23,4,9,1,70,4,1,1,45,45,3,61,31,0,,,,,,,10,0,80,0,3,0,2,0,2,0,4,2,35.60174111111111,139.71287694444445,6,3,,,,
1,30,218,85,2,0,1,30000,0,109,2019,3,27,13,5,12,,,,,1,1,1,14,7,0,23,0,23,2,9,1,70,5,3,1,65,75,3,61,31,0,,,,,,,2,0,10,0,3,0,2,0,2,0,4,2,35.61548472222222,139.71570499999999,4,3,,,,
1,30,218,88,2,0,1,30000,0,109,2019,5,25,22,50,22,,,,,1,1,1,14,7,0,23,0,23,2,9,1,70,5,3,1,35,35,14,61,31,0,,,,,,,2,0,40,0,3,0,2,0,2,0,4,2,35.60726833333334,139.70858249999998,7,3,,,,
1,30,218,89,2,0,1,30000,0,109,2019,5,15,8,45,12,,,,,1,1,1,14,7,0,23,0,23,1,9,1,70,5,2,1,25,55,51,61,0,0,,,,,,,0,0,10,0,3,0,0,0,0,0,4,2,35.601549166666665,139.7193986111111,4,3,,,,
1,30,219,184,2,0,1,20180,0,111,2019,5,11,12,35,12,,,,,1,1,1,14,7,0,23,0,23,1,9,1,70,4,2,1,45,75,51,61,0,0,,,,,,,0,0,40,0,4,0,0,0,0,0,4,2,35.58965944444445,139.7279825,7,3,,,,
1,30,219,192,2,0,1,150,143,111,2019,5,15,18,35,13,,,,,1,1,1,14,7,0,23,0,23,2,9,1,70,4,1,1,35,1,51,61,0,0,,,,,,,0,0,10,0,3,0,0,0,0,0,4,2,35.569587500000004,139.73104555555557,4,3,,,,
1,30,219,195,2,0,1,30000,0,111,2019,5,20,9,10,12,,,,,1,1,1,14,7,0,23,0,23,3,9,1,70,5,3,1,35,65,51,61,0,0,,,,,,,0,0,40,0,4,0,0,0,0,0,4,2,35.57246138888889,139.72700583333332,2,3,,,,
1,30,219,197,2,0,1,30000,0,111,2019,5,22,9,5,12,,,,,1,1,1,14,7,0,23,0,23,2,9,1,70,5,3,1,25,45,51,61,0,0,,,,,,,0,0,10,0,3,0,0,0,0,0,4,2,35.56747694444445,139.73805499999997,4,3,,,,
1,30,219,208,2,0,1,30000,0,111,2019,5,21,15,50,12,,,,,3,1,1,14,7,0,23,0,23,2,9,1,70,5,3,1,35,65,3,61,31,0,,,,,,,10,0,30,0,4,0,2,0,2,0,4,2,35.58571361111111,139.72721666666666,3,3,,,,
1,30,219,209,2,0,1,30000,0,111,2019,5,29,15,7,12,,,,,2,1,1,14,7,0,23,0,23,1,9,1,70,5,3,1,45,1,3,61,31,0,,,,,,,10,0,40,0,3,0,2,0,2,0,4,2,35.57882416666667,139.72467305555557,4,3,,,,
1,30,220,80,2,0,1,30000,0,111,2019,5,1,9,40,12,,,,,1,1,1,1,7,1,22,0,23,14,9,30,70,4,2,1,25,1,14,61,31,0,,,,,,,2,0,20,0,4,0,2,0,2,0,4,2,35.60658055555556,139.68708944444444,4,1,,,,
1,30,220,84,2,0,1,10170,0,111,2019,5,15,8,0,12,,,,,1,1,1,14,7,0,23,0,23,5,8,1,70,1,2,1,45,65,51,61,0,0,,,,,,,0,0,10,0,4,0,0,0,0,0,4,2,35.60004888888889,139.69062527777777,4,3,,,,
1,30,221,99,2,0,1,30000,0,111,2019,4,29,19,50,22,,,,,2,1,2,14,7,0,23,0,23,3,9,1,70,5,4,1,35,0,61,0,0,0,,,,,,,0,0,0,0,0,0,0,0,0,0,2,0,35.565933333333334,139.71694916666667,2,1,,,,
1,30,221,102,2,0,3,10200,0,111,2019,5,10,17,5,12,,,,,1,1,1,1,1,9,22,0,23,18,9,30,70,1,1,1,65,35,31,61,31,0,,,,,,,5,0,10,0,3,0,0,0,0,0,4,2,35.55918444444444,139.71632527777777,6,3,,,,
1,30,222,95,2,0,1,10,140,111,2019,5,5,7,5,12,,,,,1,1,1,1,1,9,22,0,23,18,9,30,70,1,2,1,55,45,3,61,31,0,,,,,,,10,0,10,0,3,0,2,0,2,0,4,2,35.59255138888889,139.7102975,1,1,,,,
1,30,222,99,2,0,1,10190,0,111,2019,5,11,13,9,12,,,,,1,1,1,1,7,0,23,0,23,15,9,20,70,4,2,1,45,0,61,0,0,0,,,,,,,0,0,0,0,0,0,0,0,0,0,2,0,35.56446416666667,139.70857666666666,7,3,,,,
1,30,222,101,2,0,1,30000,0,111,2019,5,17,8,5,12,,,,,1,1,1,1,7,9,22,0,23,14,9,30,70,4,3,1,55,1,14,61,1,0,,,,,,,2,0,80,0,3,0,2,0,2,0,4,2,35.581946111111115,139.70408138888888,6,3,,,,