資料区分,都道府県コード,警察署等コード,本票番号,事故内容,死者数,負傷者数,路線コード,地点コード,市区町村コード,発生日時　　年,発生日時　　月,発生日時　　日,発生日時　　時,発生日時　　分,昼夜,日の出時刻　　時,日の出時刻　　分,日の入り時刻　　時,日の入り時刻　　分,天候,地形,路面状態,道路形状,信号機,一時停止規制　標識（当事者A）,一時停止規制　表示（当事者A）,一時停止規制　標識（当事者B）,一時停止規制　表示（当事者B）,車道幅員,道路線形,衝突地点,ゾーン規制,中央分離帯施設等,歩車道区分,事故類型,年齢（当事者A）,年齢（当事者B）,当事者種別（当事者A）,当事者種別（当事者B）,用途別（当事者A）,用途別（当事者B）,車両形状等（当事者A）,車両形状等（当事者B）,オートマチック車（当事者A）,オートマチック車（当事者B）,サポカー（当事者A）,サポカー（当事者B）,速度規制（指定のみ）（当事者A）,速度規制（指定のみ）（当事者B）,車両の衝突部位（当事者A）,車両の衝突部位（当事者B）,車両の損壊程度（当事者A）,車両の損壊程度（当事者B）,エアバッグの装備（当事者A）,エアバッグの装備（当事者B）,サイドエアバッグの装備（当事者A）,サイドエアバッグの装備（当事者B）,人身損傷程度（当事者A）,人身損傷程度（当事者B）,lat,lon,曜日(発生年月日),祝日(発生年月日),認知機能検査経過日数（当事者A）,認知機能検査経過日数（当事者B）,運転練習の方法（当事者A）,運転練習の方法（当事者B）
1,30,222,107,2,0,1,30000,0,111,2019,5,22,16,30,12,,,,,1,1,1,7,7,0,23,0,23,2,9,1,70,5,3,1,1,65,13,61,31,0,,,,,,,2,0,30,0,3,0,2,0,2,0,4,2,35.59475861111111,139.70895055555553,4,3,,,,
1,30,222,111,2,0,1,30000,0,111,2019,5,21,19,52,22,,,,,3,1,2,14,7,0,23,0,23,3,9,1,70,5,3,1,1,45,51,61,0,0,,,,,,,0,0,10,0,3,0,0,0,0,0,4,2,35.56083833333333,139.696335,3,3,,,,
1,30,325,195,2,0,1,30000,0,112,2019,5,11,16,40,12,,,,,1,1,1,14,7,0,23,0,23,2,9,1,70,5,3,1,55,25,4,61,31,0,,,,,,,10,0,40,0,3,0,2,0,2,0,4,2,35.63165055555556,139.66160611111113,7,3,,,,
1,30,325,199,2,0,1,30000,0,112,2019,5,8,17,20,12,,,,,1,1,1,12,7,0,23,0,23,3,9,1,70,4,2,1,35,35,51,61,0,0,,,,,,,0,0,40,0,4,0,0,0,0,0,4,2,35.65040611111111,139.6773136111111,4,3,,,,
1,30,325,206,2,0,1,10210,0,112,2019,4,29,23,50,22,,,,,3,1,2,14,7,0,23,0,23,5,9,1,70,4,1,1,45,25,51,61,0,0,,,,,,,0,0,10,0,4,0,0,0,0,0,4,2,35.64257888888889,139.6524113888889,2,1,,,,
1,30,325,208,2,0,1,30000,0,110,2019,5,16,8,45,12,,,,,1,1,1,14,7,0,23,0,23,2,9,1,70,5,3,1,35,35,34,61,31,0,,,,,,,2,0,20,0,4,0,0,0,0,0,4,2,35.65031444444444,139.68446944444446,5,3,,,,
1,30,326,138,2,0,1,30000,0,112,2018,10,22,8,26,12,,,,,1,1,1,7,7,0,23,0,23,2,9,1,70,5,4,1,65,25,3,61,31,0,,,,,,,10,0,20,0,4,0,2,0,2,0,4,2,35.664922499999996,139.6422725,2,3,,,,
1,30,326,139,2,0,1,30740,0,112,2019,5,2,0,10,22,,,,,2,1,2,1,1,9,22,0,23,15,9,30,70,4,1,1,65,25,3,61,1,0,,,,,,,3,0,20,0,4,0,2,0,2,0,4,2,35.660716666666666,139.66915527777778,5,1,,,,
1,30,326,143,2,0,1,30000,0,112,2019,3,27,9,10,12,,,,,1,1,1,14,7,0,23,0,23,2,9,1,70,5,3,1,55,35,3,61,31,0,,,,,,,10,0,40,0,4,0,2,0,2,0,4,2,35.659151944444446,139.6728075,4,3,,,,
1,30,326,145,2,0,1,30740,0,112,2019,5,10,15,50,12,,,,,1,1,1,7,7,0,23,0,23,3,9,1,70,4,2,1,25,25,36,61,31,0,,,,,,,10,0,10,0,4,0,0,0,0,0,4,2,35.660061388888884,139.66880583333332,6,3,,,,
1,30,326,157,2,0,1,30000,0,112,2019,5,20,12,9,12,,,,,1,1,1,14,7,0,23,0,23,2,9,1,70,5,3,1,45,35,13,61,1,0,,,,,,,5,0,40,0,4,0,2,0,2,0,4,2,35.65029166666667,139.6370025,2,3,,,,
1,30,326,160,2,0,1,30000,0,112,2019,5,24,9,15,12,,,,,1,1,1,1,7,1,21,0,23,11,9,30,70,5,3,1,45,25,3,61,31,0,,,,,,,10,0,20,0,3,0,2,0,2,0,4,2,35.6530675,139.66643416666668,6,3,,,,
1,30,327,194,2,0,1,30000,0,112,2019,5,7,6,48,12,,,,,1,1,1,14,7,0,23,0,23,1,9,1,70,5,3,1,35,25,2,61,31,0,,,,,,,2,0,50,0,2,0,2,0,2,0,4,2,35.615855833333335,139.62469166666668,3,3,,,,
1,30,327,198,2,0,1,30000,0,112,2019,5,8,16,28,12,,,,,1,1,1,1,7,1,21,0,23,15,9,30,70,1,2,1,35,1,3,61,31,0,,,,,,,2,0,10,0,3,0,2,0,2,0,4,2,35.62384361111111,139.6368058333333,4,3,,,,
1,30,327,205,2,0,1,30000,0,112,2019,5,13,12,20,12,,,,,1,1,1,1,7,9,22,0,23,15,9,30,70,5,3,1,65,75,14,61,1,0,,,,,,,10,0,80,0,3,0,2,0,2,0,4,2,35.60545777777778,139.66712305555555,2,3,,,,
1,30,327,211,2,0,1,30000,0,112,2019,4,17,17,30,13,,,,,1,1,1,14,7,0,23,0,23,3,9,1,70,5,3,1,65,35,3,61,31,0,,,,,,,10,0,40,0,3,0,2,0,2,0,4,2,35.607147777777776,139.6513602777778,4,3,,,,
1,30,327,215,2,0,1,10190,0,112,2019,5,19,16,40,12,,,,,1,1,1,1,7,1,22,0,23,15,9,30,70,5,2,1,35,65,14,61,1,0,,,,,,,3,0,10,0,3,0,2,0,2,0,4,2,35.6058575,139.63456555555555,1,3,,,,
1,30,327,219,2,0,1,10190,0,112,2019,5,22,4,10,23,,,,,2,1,1,1,1,9,22,0,23,19,7,30,70,1,1,1,35,25,14,61,1,0,,,,,,,5,0,10,0,3,0,2,0,2,0,4,2,35.61209166666667,139.6267302777778,4,3,,,,
1,30,327,226,2,0,1,30000,0,112,2019,5,25,8,20,12,,,,,1,1,1,14,7,0,23,0,23,3,9,1,70,4,2,1,45,25,51,61,0,0,,,,,,,0,0,10,0,4,0,0,0,0,0,4,2,35.59991305555556,139.66411972222224,7,3,,,,
1,30,327,232,2,0,1,30000,0,112,2019,5,30,8,10,12,,,,,1,1,1,1,7,9,22,0,23,14,9,30,70,4,1,1,55,1,3,61,31,0,,,,,,,2,0,10,0,3,0,2,0,2,0,4,2,35.61971277777778,139.66451694444444,5,3,,,,
1,30,327,233,2,0,1,30000,0,112,2019,5,27,19,55,22,,,,,1,1,1,1,1,9,22,0,23,15,9,30,70,5,2,1,45,35,1,61,31,0,,,,,,,3,0,50,0,3,0,2,0,2,0,4,2,35.61405361111111,139.65494305555555,2,3,,,,
1,30,327,236,2,0,1,30000,0,112,2019,4,18,19,50,22,,,,,1,1,1,1,7,9,22,0,23,11,9,30,70,5,2,1,65,65,3,61,1,0,,,,,,,2,0,0,0,4,0,2,0,2,0,4,2,35.61796722222222,139.62393805555556,5,3,,,,
1,30,327,237,2,0,1,30000,0,112,2019,5,23,15,8,12,,,,,1,1,1,1,1,9,22,0,23,18,9,30,70,4,1,1,45,45,3,61,31,0,,,,,,,5,0,20,0,4,0,2,0,2,0,4,2,35.61192888888889,139.63837916666665,5,3,,,,
1,30,328,210,2,0,1,30000,0,112,2019,4,25,19,25,22,,,,,1,1,1,1,7,1,21,0,23,14,8,30,70,5,3,1,45,25,3,61,31,0,,,,,,,2,0,20,0,3,0,2,0,2,0,4,2,35.62488861111111,139.61860583333333,5,3,,,,
1,30,328,211,2,0,1,30000,0,112,2019,4,25,21,20,22,,,,,1,1,1,1,1,9,22,0,23,15,9,30,70,4,2,1,45,35,3,61,31,0,,,,,,,3,0,10,0,3,0,2,0,2,0,4,2,35.662438055555555,139.6239461111111,5,3,,,,
1,30,328,216,2,0,1,95000,0,112,2019,5,7,19,8,21,,,,,1,1,1,14,7,0,23,0,23,3,9,1,70,4,2,1,35,75,3,61,31,0,,,,,,,2,0,10,0,3,0,2,0,2,0,4,2,35.642854722222225,139.60982527777776,3,3,,,,
1,30,328,229,2,0,1,90000,0,112,2019,5,15,14,55,12,,,,,1,1,1,14,7,0,23,0,23,2,9,1,70,5,4,1,55,1,4,61,31,0,,,,,,,10,0,40,0,3,0,2,0,2,0,4,2,35.66815722222222,139.59404333333333,4,3,,,,
1,30,329,96,2,0,2,20240,0,110,2019,5,28,21,0,22,,,,,3,1,2,1,1,9,22,0,23,19,9,30,70,1,2,1,65,55,3,61,31,0,,,,,,,4,0,50,0,3,0,2,0,2,0,4,2,35.64292,139.7007808333333,3,3,,,,
1,30,330,91,2,0,1,30000,0,110,2019,5,16,23,1,22,,,,,1,1,1,14,7,0,23,0,23,1,9,1,70,5,3,1,25,35,3,61,31,0,,,,,,,10,0,40,0,3,0,2,0,2,0,4,2,35.63019194444445,139.68778138888888,5,3,,,,
1,30,331,59,2,0,1,30000,0,113,2019,5,3,14,45,12,,,,,1,1,1,7,7,0,23,0,23,2,9,1,70,5,2,1,1,35,3,61,31,0,,,,,,,2,0,60,0,3,0,2,0,2,0,4,2,35.6611525,139.6981925,6,1,,,,
1,30,331,64,2,0,1,30000,0,113,2019,5,21,20,22,22,,,,,2,1,2,1,7,1,22,0,23,11,3,30,70,5,3,1,55,55,3,61,1,0,,,,,,,2,0,10,0,3,0,2,0,2,0,4,2,35.654914166666664,139.69660611111112,3,3,,,,
1,30,331,68,2,0,1,10090,0,113,2019,5,25,10,0,12,,,,,1,1,1,1,1,9,22,0,23,15,9,30,70,5,2,1,25,1,17,61,1,0,,,,,,,4,0,40,0,3,0,2,0,2,0,4,2,35.64810833333333,139.72062111111111,7,3,,,,
1,30,331,69,2,0,1,30000,0,113,2019,5,26,13,7,12,,,,,1,1,1,14,7,0,23,0,23,2,7,1,70,5,4,1,25,1,51,61,0,0,,,,,,,0,0,10,0,4,0,0,0,0,0,4,2,35.65567611111111,139.70886388888889,1,3,,,,
1,30,331,70,2,0,1,10090,0,113,2019,5,18,1,10,22,,,,,1,1,1,1,1,9,22,0,23,15,9,30,70,1,1,1,25,25,13,61,31,0,,,,,,,3,0,20,0,3,0,2,0,2,0,4,2,35.661770555555556,139.70228083333333,7,3,,,,
1,30,331,72,2,0,1,30000,0,113,2019,5,11,14,50,12,,,,,1,1,1,1,1,9,22,0,23,11,9,30,70,4,2,1,75,1,3,61,1,0,,,,,,,2,0,10,0,4,0,2,0,2,0,4,2,35.64892277777778,139.70776027777777,7,3,,,,
1,30,332,43,2,0,1,30000,0,113,2019,5,10,14,47,12,,,,,1,1,1,14,7,0,23,0,23,2,9,20,70,5,3,1,25,55,13,61,31,0,,,,,,,2,0,80,0,4,0,2,0,2,0,4,2,35.666263888888885,139.71077277777778,6,3,,,,
1,30,333,99,2,0,1,95000,0,113,2019,5,9,11,45,12,,,,,1,1,1,1,2,9,22,0,23,11,9,30,70,5,1,1,35,65,51,61,0,0,,,,,,,0,0,10,0,3,0,0,0,0,0,4,2,35.664028888888886,139.6798275,5,3,,,,
1,30,333,114,2,0,1,99000,0,113,2019,4,19,15,10,12,,,,,1,1,1,0,7,0,23,0,23,0,0,20,70,0,4,1,35,75,59,61,0,0,,,,,,,0,0,0,0,4,0,0,0,0,0,4,2,35.6667225,139.69779055555557,6,3,,,,
1,30,435,53,2,0,1,30000,0,104,2019,5,16,17,15,12,,,,,1,1,1,14,7,0,23,0,23,1,9,20,70,5,4,1,1,1,36,61,31,0,,,,,,,2,0,10,0,4,0,0,0,0,0,4,2,35.69080611111111,139.73205555555555,5,3,,,,
1,30,435,56,2,0,1,10050,0,104,2019,5,31,9,30,12,,,,,1,1,1,14,7,0,23,0,23,5,9,1,70,4,1,1,75,45,3,61,31,0,,,,,,,4,0,40,0,3,0,2,0,2,0,4,2,35.69142305555555,139.72723888888888,6,3,,,,
1,30,436,109,2,0,1,95000,0,104,2019,5,18,7,5,12,,,,,1,1,1,14,7,0,23,0,23,2,9,20,70,5,2,1,55,45,3,61,31,0,,,,,,,10,0,40,0,3,0,2,0,2,0,4,2,35.69146166666666,139.69092055555555,7,3,,,,
1,30,436,110,2,0,1,30000,0,104,2019,4,20,0,50,22,,,,,1,1,1,14,7,0,23,0,23,3,9,1,70,5,3,1,25,0,61,0,0,0,,,,,,,0,0,0,0,0,0,0,0,0,0,2,0,35.69497444444444,139.70483944444445,7,3,,,,
1,30,436,112,2,0,1,30000,0,104,2019,5,22,9,55,12,,,,,1,1,1,14,7,0,23,0,23,3,7,1,70,4,3,1,35,35,3,61,31,0,,,,,,,5,0,40,0,3,0,2,0,2,0,4,2,35.693438611111105,139.70901777777777,4,3,,,,
1,30,436,117,2,0,1,30000,0,104,2019,5,27,7,5,12,,,,,1,1,1,1,7,1,22,0,23,15,9,30,70,5,3,1,35,45,13,61,31,0,,,,,,,10,0,40,0,4,0,2,0,2,0,4,2,35.697488888888884,139.69615083333335,2,3,,,,
1,30,436,119,2,0,1,30000,0,104,2019,4,27,20,20,22,,,,,1,1,1,1,7,9,22,0,23,11,9,30,1,4,2,1,45,35,3,61,31,0,,,,,,,2,0,20,0,4,0,2,0,2,0,4,2,35.68953972222222,139.7021311111111,7,3,,,,
1,30,438,69,2,0,1,10090,0,104,2019,5,1,18,20,13,,,,,3,1,2,14,7,0,23,0,23,5,9,1,70,4,1,1,65,25,3,61,1,0,,,,,,,4,0,10,0,3,0,2,0,2,0,4,2,35.68823999999999,139.7030986111111,4,1,,,,
1,30,438,74,2,0,1,95000,0,104,2019,5,31,8,40,12,,,,,2,1,1,0,7,0,23,0,23,0,0,20,70,0,4,1,55,75,14,61,31,0,,,,,,,10,0,30,0,3,0,2,0,2,0,4,2,35.68900694444444,139.7202,6,3,,,,
1,30,439,125,2,0,1,20280,0,114,2019,5,7,11,20,12,,,,,1,1,1,7,7,0,23,0,23,2,9,1,70,4,2,1,45,75,14,61,1,0,,,,,,,3,0,10,0,3,0,2,0,2,0,4,2,35.70224944444445,139.66611166666667,3,3,,,,
1,30,439,135,2,0,1,30000,0,114,2019,5,15,15,2,12,,,,,1,1,1,14,7,0,23,0,23,2,8,1,70,5,4,1,75,45,36,61,31,0,,,,,,,10,0,10,0,3,0,0,0,0,0,4,2,35.70861527777778,139.68165944444445,4,3,,,,
1,30,439,142,2,0,1,30000,0,114,2019,4,22,11,30,12,,,,,1,1,1,7,7,0,23,0,23,5,9,1,70,5,3,1,65,55,51,61,0,0,,,,,,,0,0,10,0,3,0,0,0,0,0,4,2,35.698359999999994,139.6816586111111,2,3,,,,
1,30,439,148,2,0,1,20280,0,114,2019,5,30,18,0,13,,,,,1,1,1,1,7,1,21,0,23,14,9,30,70,4,2,1,55,1,51,61,0,0,,,,,,,0,0,10,0,4,0,0,0,0,0,4,2,35.69917083333333,139.66751472222222,5,3,,,,
1,30,440,117,2,0,1,30000,0,114,2019,5,7,14,0,12,,,,,1,1,1,1,7,9,22,0,23,11,9,30,70,5,3,1,35,1,51,61,0,0,,,,,,,0,0,10,0,3,0,0,0,0,0,4,2,35.709900833333336,139.67829,3,3,,,,
1,30,440,127,2,0,1,20280,0,114,2019,5,16,16,30,12,,,,,1,1,1,1,1,9,22,0,23,14,9,30,70,4,2,1,65,75,3,61,31,0,,,,,,,2,0,60,0,4,0,2,0,2,0,4,2,35.72072527777778,139.67129583333332,5,3,,,,
1,30,440,137,2,0,1,99000,0,114,2019,5,31,11,15,12,,,,,2,1,1,0,7,0,23,0,23,0,0,20,70,0,4,1,55,35,51,61,0,0,,,,,,,0,0,10,0,4,0,0,0,0,0,4,2,35.71584527777778,139.671705,6,3,,,,
1,30,441,143,2,0,1,30000,0,115,2019,5,11,19,30,21,,,,,1,1,1,14,7,0,23,0,23,2,9,1,70,5,3,1,1,1,36,61,31,0,,,,,,,2,0,10,0,3,0,0,0,0,0,4,2,35.693526388888884,139.64890944444443,7,3,,,,
1,30,441,145,2,0,1,30000,0,115,2019,5,12,13,45,12,,,,,1,1,1,14,7,0,23,0,23,3,9,1,70,5,4,1,65,75,3,61,31,0,,,,,,,10,0,10,0,3,0,2,0,2,0,4,2,35.70185305555556,139.6363922222222,1,3,,,,
1,30,441,148,2,0,1,30000,0,115,2019,5,15,9,30,12,,,,,2,1,1,14,7,0,23,0,23,3,9,1,70,5,3,1,1,45,12,61,1,0,,,,,,,1,0,30,0,3,0,2,0,2,0,4,2,35.7107825,139.63394194444444,4,3,,,,
1,30,442,146,2,0,1,20270,0,115,2018,12,3,11,12,12,,,,,2,1,1,14,7,0,23,0,23,3,9,1,70,5,2,1,45,25,13,61,31,0,,,,,,,3,0,10,0,3,0,2,0,2,0,4,2,35.67732916666667,139.64167333333333,2,3,,,,
1,30,442,154,2,0,1,20270,0,115,2019,5,7,12,30,12,,,,,1,1,1,7,1,0,23,0,23,4,9,1,70,4,1,1,1,55,51,61,0,0,,,,,,,0,0,10,0,4,0,0,0,0,0,4,2,35.678886388888884,139.63854694444444,3,3,,,,
1,30,442,166,2,0,1,95000,0,115,2019,5,22,14,48,12,,,,,1,1,1,0,7,0,23,0,23,0,0,20,70,0,4,1,75,45,3,61,31,0,,,,,,,10,0,84,0,4,0,2,0,2,0,4,2,35.67575083333333,139.61912361111112,4,3,,,,
1,30,442,169,2,0,1,10270,0,115,2019,5,27,11,50,12,,,,,1,1,1,1,7,1,21,0,23,14,9,30,70,4,2,1,65,65,3,61,31,0,,,,,,,10,0,20,0,4,0,2,0,2,0,4,2,35.685226666666665,139.62351305555558,2,3,,,,
1,30,443,107,2,0,1,10240,0,115,2019,5,1,22,10,22,,,,,3,1,2,14,7,0,23,0,23,5,9,1,70,4,2,1,25,55,3,61,31,0,,,,,,,5,0,10,0,3,0,2,0,2,0,4,2,35.715805555555555,139.59768,4,1,,,,
1,30,443,113,2,0,1,30000,0,115,2019,5,5,17,40,13,,,,,1,1,1,14,7,0,23,0,23,1,9,1,70,5,3,1,45,55,3,61,31,0,,,,,,,2,0,40,0,4,0,2,0,2,0,4,2,35.70411555555556,139.62116055555558,1,1,,,,
1,30,443,130,2,0,1,30000,0,115,2019,5,22,9,25,12,,,,,1,1,1,14,7,0,23,0,23,3,7,1,70,5,3,1,45,35,17,61,1,0,,,,,,,2,0,40,0,4,0,2,0,2,0,4,2,35.70439638888889,139.61336416666666,4,3,,,,
1,30,545,48,2,0,1,2540,21,105,2019,4,28,12,5,12,,,,,1,1,1,14,7,0,23,0,23,2,9,1,70,4,1,1,1,75,51,61,0,0,,,,,,,0,0,10,0,3,0,0,0,0,0,4,2,35.71433722222223,139.74079277777776,1,2,,,,
1,30,545,53,2,0,1,20000,0,105,2019,5,12,13,50,12,,,,,1,1,1,14,7,0,23,0,23,4,9,1,70,4,1,1,35,75,51,61,0,0,,,,,,,0,0,10,0,3,0,0,0,0,0,4,2,35.72416888888889,139.7365086111111,1,3,,,,
1,30,546,41,2,0,1,2540,37,105,2019,5,4,15,0,12,,,,,1,1,1,14,7,0,23,0,23,5,9,1,70,1,1,1,55,45,51,61,0,0,,,,,,,0,0,10,0,4,0,0,0,0,0,4,2,35.72586888888889,139.72967416666665,7,1,,,,
1,30,547,24,2,0,1,95000,0,105,2019,3,15,19,29,22,,,,,1,1,1,0,7,0,23,0,23,0,0,20,70,0,4,1,65,35,3,61,31,0,,,,,,,10,0,70,0,3,0,2,0,2,0,4,2,35.70126472222223,139.76347583333333,6,3,,,,
1,30,548,40,2,0,1,20400,0,105,2019,5,16,14,45,12,,,,,1,1,1,14,7,0,23,0,23,1,9,1,70,5,1,1,35,1,51,61,0,0,,,,,,,0,0,20,0,3,0,0,0,0,0,4,2,35.724630833333336,139.7536025,5,3,,,,
1,30,549,51,2,0,1,30000,0,116,2019,5,10,15,35,12,,,,,1,1,1,14,7,0,23,0,23,2,9,20,70,5,4,1,65,75,51,61,0,0,,,,,,,0,0,10,0,4,0,0,0,0,0,4,2,35.74066083333334,139.74427083333333,6,3,,,,
1,30,549,52,2,0,1,10090,0,116,2019,5,14,10,34,12,,,,,3,1,2,14,7,0,23,0,23,5,9,1,70,4,2,1,25,1,3,61,31,0,,,,,,,4,0,10,0,3,0,2,0,2,0,4,2,35.73942111111111,139.72330527777777,3,3,,,,
1,30,550,75,2,0,1,30000,0,116,2019,5,1,11,5,12,,,,,1,1,1,14,7,0,23,0,23,3,9,1,70,5,3,1,25,55,3,61,31,0,,,,,,,10,0,10,0,3,0,2,0,2,0,4,2,35.73319027777778,139.71173805555554,4,1,,,,
1,30,550,78,2,0,1,30000,0,116,2019,5,6,1,30,22,,,,,1,1,1,1,7,0,23,0,23,15,9,30,1,5,3,1,35,0,61,0,0,0,,,,,,,0,0,0,0,0,0,0,0,0,0,2,0,35.734592222222226,139.71147416666665,2,1,,,,
1,30,550,81,2,0,1,30000,0,116,2019,5,20,10,50,12,,,,,1,1,1,14,7,0,23,0,23,3,9,1,70,5,1,1,45,45,51,61,0,0,,,,,,,0,0,40,0,4,0,0,0,0,0,4,2,35.72832666666667,139.7097858333333,2,3,,,,
1,30,550,86,2,0,1,30770,0,116,2019,5,24,10,35,12,,,,,1,1,1,1,1,9,22,0,23,17,9,30,70,1,1,1,55,35,3,61,31,0,,,,,,,10,0,20,0,3,0,2,0,2,0,4,2,35.73287222222223,139.7090061111111,6,3,,,,
1,30,550,87,2,0,1,30000,0,116,2019,5,30,3,25,22,,,,,1,1,1,1,1,9,22,0,23,18,9,30,70,4,2,1,25,25,3,61,1,0,,,,,,,10,0,20,0,3,0,2,0,2,0,4,2,35.73296861111111,139.70887555555555,5,3,,,,
1,30,550,88,2,0,1,30000,0,116,2019,5,31,13,58,12,,,,,2,1,1,14,7,0,23,0,23,2,9,1,70,5,3,1,65,25,3,61,1,0,,,,,,,10,0,20,0,3,0,2,0,2,0,4,2,35.73540166666667,139.70584722222222,6,3,,,,
1,30,551,67,2,0,1,30000,0,116,2019,5,4,8,20,12,,,,,1,1,1,14,7,0,23,0,23,2,9,1,70,5,3,1,1,65,3,61,31,0,,,,,,,2,0,30,0,4,0,2,0,2,0,4,2,35.72092833333333,139.70961583333332,7,1,,,,
1,30,551,72,2,0,1,30000,0,116,2019,4,22,23,41,22,,,,,1,1,1,14,7,0,23,0,23,1,9,1,70,5,4,1,25,35,51,61,0,0,,,,,,,0,0,10,0,4,0,0,0,0,0,4,2,35.737233611111115,139.69883194444444,2,3,,,,
1,30,552,61,2,0,1,30000,0,117,2019,5,17,15,50,12,,,,,1,1,1,14,7,0,23,0,23,2,9,1,70,5,4,1,25,75,3,61,1,0,,,,,,,10,0,30,0,3,0,2,0,2,0,4,2,35.73773388888889,139.74956444444445,6,3,,,,
1,30,552,62,2,0,3,30000,0,117,2019,5,17,23,55,22,,,,,1,1,1,1,1,9,22,0,23,14,9,30,70,4,1,1,65,35,35,61,31,0,,,,,,,3,0,40,0,3,0,0,0,0,0,2,2,35.73804888888889,139.75994888888889,6,3,,,,
1,30,553,37,2,0,1,30000,0,117,2019,5,1,17,25,12,,,,,3,1,2,1,7,1,21,0,23,11,9,30,70,5,2,1,35,75,3,61,31,0,,,,,,,3,0,10,0,3,0,2,0,2,0,4,2,35.754489444444445,139.73784555555554,4,1,,,,
1,30,554,72,2,0,1,30000,0,117,2019,5,25,14,48,12,,,,,1,1,1,14,7,0,23,0,23,3,9,1,70,5,3,1,75,55,51,61,0,0,,,,,,,0,0,0,0,4,0,0,0,0,0,4,2,35.77963111111111,139.72712833333333,7,3,,,,
1,30,554,74,2,0,1,30000,0,117,2019,5,27,8,0,12,,,,,1,1,1,1,7,9,22,0,23,15,9,30,70,4,1,1,45,35,35,61,31,0,,,,,,,2,0,10,0,3,0,0,0,0,0,4,2,35.77746972222222,139.7038136111111,2,3,,,,
1,30,555,177,2,0,1,170,111,119,2019,5,10,10,40,12,,,,,1,1,1,14,7,0,23,0,23,6,8,1,70,1,1,1,45,1,14,61,31,0,,,,,,,10,0,10,0,3,0,2,0,2,0,4,2,35.75821111111111,139.7065372222222,6,3,,,,
1,30,555,178,2,0,1,30000,0,119,2019,5,12,18,55,21,,,,,1,1,1,1,1,9,22,0,23,15,9,30,1,4,2,1,55,1,3,61,31,0,,,,,,,2,0,10,0,4,0,2,0,2,0,4,2,35.7580175,139.68765694444446,1,3,,,,
1,30,555,188,2,0,1,30000,0,119,2019,5,20,7,10,12,,,,,2,1,1,14,7,0,23,0,23,3,9,1,70,5,3,1,75,65,3,61,31,0,,,,,,,2,0,40,0,4,0,2,0,2,0,4,2,35.75496972222222,139.6921638888889,2,3,,,,
1,30,555,190,2,0,1,30000,0,119,2019,5,25,1,56,22,,,,,1,1,1,14,1,0,23,0,23,2,9,1,70,5,1,1,65,25,3,61,1,0,,,,,,,2,0,10,0,4,0,2,0,2,0,4,2,35.742485,139.6806063888889,7,3,,,,
1,30,555,192,2,0,1,2540,86,119,2019,5,8,19,45,22,,,,,1,1,1,1,1,9,22,0,23,19,9,30,70,1,2,1,75,45,4,61,31,0,,,,,,,5,0,10,0,4,0,2,0,2,0,4,2,35.755248611111114,139.6878597222222,4,3,,,,
1,30,555,197,2,0,1,30000,0,119,2019,3,26,12,17,12,,,,,1,1,1,1,7,1,22,0,23,15,9,30,70,4,3,1,55,55,3,61,31,0,,,,,,,5,0,20,0,3,0,2,0,2,0,4,2,35.74812,139.71851916666668,3,3,,,,
1,30,556,81,2,0,1,30920,0,119,2019,5,1,19,35,22,,,,,3,1,2,1,7,9,22,0,23,18,9,30,70,4,1,1,35,55,3,61,31,0,,,,,,,3,0,10,0,3,0,2,0,2,0,4,2,35.779579999999996,139.6651652777778,4,1,,,,
1,30,556,83,2,0,1,30000,0,119,2019,5,7,7,5,12,,,,,1,1,1,1,7,9,22,0,23,15,9,30,70,4,3,1,45,1,13,61,1,0,,,,,,,5,0,10,0,3,0,2,0,2,0,4,2,35.782020833333334,139.69011972222222,3,3,,,,
1,30,556,84,2,0,1,30000,0,119,2019,5,8,21,30,22,,,,,1,1,1,1,1,9,22,0,23,15,9,30,1,4,2,1,1,25,13,61,31,0,,,,,,,2,0,50,0,4,0,2,0,2,0,4,2,35.78374611111111,139.67916527777777,4,3,,,,
1,30,556,89,2,0,1,30000,0,119,2019,3,19,10,50,12,,,,,1,1,1,1,1,9,22,0,23,15,7,30,70,4,2,1,75,25,3,61,1,0,,,,,,,3,0,10,0,4,0,2,0,2,0,4,2,35.76981694444444,139.69082194444445,3,3,,,,
1,30,557,148,2,0,1,30000,0,120,2019,5,14,13,50,12,,,,,3,1,2,7,7,0,23,0,23,2,9,1,70,5,1,1,55,65,3,61,31,0,,,,,,,10,0,80,0,3,0,2,0,2,0,4,2,35.73631888888889,139.63574138888887,3,3,,,,
1,30,557,151,2,0,1,30000,0,120,2019,5,16,16,30,12,,,,,1,1,1,14,7,0,23,0,23,3,9,20,70,4,3,1,45,1,36,61,31,0,,,,,,,2,0,10,0,4,0,0,0,0,0,4,2,35.751308888888886,139.67417666666665,5,3,,,,
1,30,557,153,2,0,1,30000,0,120,2019,5,17,19,7,21,,,,,1,1,1,14,7,0,23,0,23,3,9,1,70,4,1,1,45,0,61,0,0,0,,,,,,,0,0,0,0,0,0,0,0,0,0,2,0,35.74190472222222,139.64914805555554,6,3,,,,