資料区分,都道府県コード,警察署等コード,本票番号,事故内容,死者数,負傷者数,路線コード,地点コード,市区町村コード,発生日時　　年,発生日時　　月,発生日時　　日,発生日時　　時,発生日時　　分,昼夜,日の出時刻　　時,日の出時刻　　分,日の入り時刻　　時,日の入り時刻　　分,天候,地形,路面状態,道路形状,信号機,一時停止規制　標識（当事者A）,一時停止規制　表示（当事者A）,一時停止規制　標識（当事者B）,一時停止規制　表示（当事者B）,車道幅員,道路線形,衝突地点,ゾーン規制,中央分離帯施設等,歩車道区分,事故類型,年齢（当事者A）,年齢（当事者B）,当事者種別（当事者A）,当事者種別（当事者B）,用途別（当事者A）,用途別（当事者B）,車両形状等（当事者A）,車両形状等（当事者B）,オートマチック車（当事者A）,オートマチック車（当事者B）,サポカー（当事者A）,サポカー（当事者B）,速度規制（指定のみ）（当事者A）,速度規制（指定のみ）（当事者B）,車両の衝突部位（当事者A）,車両の衝突部位（当事者B）,車両の損壊程度（当事者A）,車両の損壊程度（当事者B）,エアバッグの装備（当事者A）,エアバッグの装備（当事者B）,サイドエアバッグの装備（当事者A）,サイドエアバッグの装備（当事者B）,人身損傷程度（当事者A）,人身損傷程度（当事者B）,lat,lon,曜日(発生年月日),祝日(発生年月日),認知機能検査経過日数（当事者A）,認知機能検査経過日数（当事者B）,運転練習の方法（当事者A）,運転練習の方法（当事者B）
1,30,557,161,2,0,1,10010,0,120,2019,5,28,21,17,22,,,,,3,1,2,1,1,9,22,0,23,17,9,30,70,5,2,1,65,75,3,61,1,0,,,,,,,4,0,50,0,3,0,2,0,2,0,4,2,35.73314,139.66876666666667,3,3,,,,
1,30,558,161,2,0,1,30000,0,120,2019,5,1,11,0,12,,,,,1,1,1,1,7,1,21,0,23,14,9,30,70,5,2,1,55,35,3,61,1,0,,,,,,,2,0,20,0,4,0,2,0,2,0,4,2,35.750135,139.58759194444445,4,1,,,,
1,30,558,164,2,0,1,30000,0,120,2019,5,5,19,40,22,,,,,1,1,1,1,7,9,22,0,23,11,9,30,70,5,3,1,65,1,3,61,1,0,,,,,,,2,0,10,0,4,0,2,0,2,0,4,2,35.75054027777778,139.57922194444444,1,1,,,,
1,30,558,165,2,0,1,95000,0,120,2019,5,6,10,5,12,,,,,2,1,1,1,1,9,22,0,23,14,9,30,70,4,1,1,45,75,12,61,1,0,,,,,,,1,0,20,0,4,0,2,0,2,0,4,2,35.753683611111114,139.5966213888889,2,1,,,,
1,30,558,166,2,0,1,30000,0,120,2019,5,6,18,25,13,,,,,1,1,1,14,7,0,23,0,23,2,9,1,70,5,3,1,65,55,3,61,31,0,,,,,,,2,0,40,0,4,0,2,0,2,0,4,2,35.75029138888889,139.57101916666667,2,1,,,,
1,30,558,172,2,0,1,10330,0,120,2019,3,28,16,15,12,,,,,2,1,1,7,7,0,23,0,23,2,9,1,70,5,2,1,55,1,36,61,31,0,,,,,,,2,0,10,0,3,0,0,0,0,0,4,2,35.75069833333333,139.59407000000002,5,3,,,,
1,30,558,173,2,0,1,10320,0,120,2019,5,11,12,50,12,,,,,1,1,1,14,7,0,23,0,23,2,9,1,70,5,2,1,45,35,13,61,31,0,,,,,,,2,0,80,0,4,0,2,0,2,0,4,2,35.74227527777778,139.59833083333334,7,3,,,,
1,30,558,183,2,0,1,10240,0,120,2019,5,21,9,20,12,,,,,3,1,2,1,1,9,22,0,23,18,9,30,70,4,2,1,35,45,1,61,1,0,,,,,,,1,0,40,0,4,0,2,0,2,0,4,2,35.72325055555556,139.57836166666667,3,3,,,,
1,30,558,194,2,0,1,30000,0,120,2019,5,16,14,20,12,,,,,1,1,1,14,7,0,23,0,23,1,9,1,70,5,3,1,65,35,3,61,31,0,,,,,,,2,0,30,0,4,0,2,0,2,0,4,2,35.72609805555556,139.57816472222223,5,3,,,,
1,30,558,195,2,0,1,30000,0,120,2019,5,30,13,0,12,,,,,1,1,1,13,7,0,23,0,23,3,3,20,70,5,2,1,25,55,3,61,31,0,,,,,,,10,0,10,0,3,0,2,0,2,0,4,2,35.74928277777778,139.58584972222224,5,3,,,,
1,30,558,196,2,0,1,20000,0,120,2019,5,30,16,40,12,,,,,1,1,1,14,7,0,23,0,23,4,9,1,70,4,1,1,1,1,51,61,0,0,,,,,,,0,0,10,0,3,0,0,0,0,0,4,2,35.74738722222222,139.60788888888888,5,3,,,,
1,30,558,197,2,0,1,20520,0,120,2019,5,20,21,23,22,,,,,3,1,2,1,1,8,22,0,23,15,9,30,70,1,2,1,45,25,3,61,31,0,,,,,,,4,0,10,0,4,0,2,0,2,0,4,2,35.758044166666664,139.58868694444445,2,3,,,,
1,30,559,93,2,0,1,30000,0,119,2019,5,2,19,10,21,,,,,1,1,1,1,7,9,22,0,23,15,9,30,70,4,2,1,55,75,51,61,0,0,,,,,,,0,0,10,0,4,0,0,0,0,0,4,2,35.78872972222222,139.6631288888889,5,1,,,,
1,30,559,98,2,0,1,30000,0,119,2019,5,8,14,8,12,,,,,1,1,1,1,7,9,22,0,23,11,8,30,70,4,2,1,45,1,13,61,31,0,,,,,,,2,0,10,0,4,0,2,0,2,0,4,2,35.784008888888884,139.64854111111111,4,3,,,,
1,30,559,101,2,0,1,30000,0,119,2019,5,9,17,30,12,,,,,1,1,1,1,7,1,22,0,23,14,9,30,70,4,2,1,35,75,3,61,31,0,,,,,,,10,0,50,0,3,0,2,0,2,0,4,2,35.769754166666665,139.66297055555557,5,3,,,,
1,30,559,105,2,0,1,30000,0,119,2019,5,31,15,0,12,,,,,1,1,1,7,7,0,23,0,23,1,9,1,70,5,2,1,55,1,3,61,31,0,,,,,,,2,0,40,0,3,0,2,0,2,0,4,2,35.78225277777778,139.63081305555556,6,3,,,,
1,30,560,146,2,0,1,30000,0,120,2019,5,7,11,10,12,,,,,1,1,1,7,7,0,23,0,23,3,9,1,70,5,3,1,45,55,36,61,31,0,,,,,,,10,0,10,0,4,0,0,0,0,0,4,2,35.75129388888889,139.62768222222223,3,3,,,,
1,30,560,150,2,0,1,30000,0,120,2019,5,14,11,8,12,,,,,2,1,1,14,7,0,23,0,23,3,9,1,70,4,1,1,45,45,12,61,1,0,,,,,,,2,0,40,0,4,0,2,0,2,0,4,2,35.744798333333335,139.61932861111111,3,3,,,,
1,30,560,155,2,0,1,30000,0,120,2019,3,12,13,30,12,,,,,1,1,1,14,7,0,23,0,23,3,9,1,70,4,2,1,65,45,17,61,31,0,,,,,,,3,0,80,0,4,0,2,0,2,0,4,2,35.75845833333333,139.65291333333334,3,3,,,,
1,30,560,169,2,0,1,30000,0,120,2019,5,8,18,50,21,,,,,1,1,1,1,7,1,21,0,23,14,9,30,70,4,2,1,35,45,4,61,31,0,,,,,,,10,0,40,0,4,0,2,0,2,0,4,2,35.75694138888889,139.62207083333334,4,3,,,,
1,30,660,94,2,0,1,20370,0,106,2019,3,29,20,27,22,,,,,1,1,1,1,1,9,22,0,23,14,9,30,70,5,1,1,45,55,3,61,31,0,,,,,,,3,0,10,0,4,0,2,0,2,0,4,2,35.71252166666667,139.76853472222223,6,3,,,,
1,30,660,98,2,0,1,30000,0,106,2019,5,7,7,45,12,,,,,1,1,1,1,7,1,21,0,23,11,9,30,70,5,3,1,45,55,12,61,1,0,,,,,,,2,0,10,0,4,0,2,0,2,0,4,2,35.706096388888895,139.77749250000002,3,3,,,,
1,30,660,101,2,0,1,20070,0,106,2019,5,14,15,31,12,,,,,3,1,2,14,1,0,23,0,23,6,9,1,70,4,2,1,45,75,14,61,1,0,,,,,,,4,0,10,0,3,0,2,0,2,0,4,2,35.706923055555556,139.77276555555557,3,3,,,,
1,30,660,102,2,0,1,30000,0,106,2019,5,6,19,0,21,,,,,1,1,1,7,7,0,23,0,23,2,9,20,70,5,4,1,25,35,14,61,1,0,,,,,,,10,0,10,0,3,0,2,0,2,0,4,2,35.70601777777778,139.77384916666668,2,1,,,,
1,30,660,105,2,0,1,30000,0,106,2019,5,17,12,6,12,,,,,1,1,1,14,7,0,23,0,23,2,9,1,70,5,3,1,45,75,59,61,0,0,,,,,,,0,0,10,0,4,0,0,0,0,0,4,2,35.70538472222223,139.7777127777778,6,3,,,,
1,30,660,108,2,0,1,30000,0,106,2019,5,23,12,0,12,,,,,1,1,1,14,7,0,23,0,23,3,9,1,70,5,4,1,25,65,3,61,31,0,,,,,,,10,0,10,0,3,0,2,0,2,0,4,2,35.70540527777778,139.77424055555556,5,3,,,,
1,30,662,56,2,0,1,20000,0,106,2019,5,2,11,40,12,,,,,1,1,1,14,7,0,23,0,23,4,9,1,70,5,1,1,35,65,13,61,31,0,,,,,,,3,0,30,0,4,0,2,0,2,0,4,2,35.724735833333334,139.80773916666666,5,1,,,,
1,30,662,57,2,0,1,30000,0,106,2019,5,4,13,8,12,,,,,1,1,1,14,7,0,23,0,23,4,9,1,70,5,4,1,75,45,3,61,31,0,,,,,,,10,0,10,0,3,0,2,0,2,0,4,2,35.71506277777778,139.7939736111111,7,1,,,,
1,30,662,61,2,0,1,60,43,106,2019,5,13,23,53,22,,,,,2,1,1,1,1,9,22,0,23,17,9,30,70,5,1,1,75,1,3,61,1,0,,,,,,,4,0,10,0,3,0,2,0,2,0,4,2,35.713682500000004,139.80057472222222,2,3,,,,
1,30,662,68,2,0,1,30000,0,106,2019,5,24,7,0,12,,,,,1,1,1,7,7,0,23,0,23,3,9,1,70,4,2,1,1,75,51,61,0,0,,,,,,,0,0,10,0,3,0,0,0,0,0,4,2,35.721269166666666,139.79061277777777,6,3,,,,
1,30,663,44,2,0,1,20530,0,106,2019,5,7,18,15,13,,,,,2,1,1,14,7,0,23,0,23,2,9,1,70,5,2,1,55,65,51,61,0,0,,,,,,,0,0,10,0,4,0,0,0,0,0,4,2,35.70995166666667,139.79080555555555,3,3,,,,
1,30,663,46,2,0,1,95000,0,106,2019,5,19,10,50,12,,,,,1,1,1,0,7,0,23,0,23,0,0,20,1,0,2,1,35,25,3,61,31,0,,,,,,,10,0,30,0,3,0,2,0,2,0,4,2,35.71476916666667,139.7876713888889,1,3,,,,
1,30,665,35,2,0,1,20550,0,118,2019,5,1,20,10,22,,,,,3,1,2,1,1,9,22,0,23,18,9,30,70,5,1,1,55,65,3,61,31,0,,,,,,,3,0,10,0,2,0,2,0,2,0,4,2,35.73327722222223,139.79778861111112,4,1,,,,
1,30,665,43,2,0,1,40,65,118,2019,5,31,8,0,12,,,,,1,1,1,14,7,0,23,0,23,2,9,1,70,5,1,1,1,1,51,61,0,0,,,,,,,0,0,10,0,4,0,0,0,0,0,4,2,35.735205,139.79532083333334,6,3,,,,
1,30,666,52,2,0,1,30000,0,118,2019,5,7,14,0,12,,,,,2,1,1,14,7,0,23,0,23,1,9,1,70,4,2,1,75,75,36,61,31,0,,,,,,,10,0,10,0,3,0,0,0,0,0,4,2,35.73758222222222,139.78436055555557,3,3,,,,
1,30,666,53,2,0,1,10090,0,118,2019,5,10,1,37,22,,,,,2,1,1,14,7,0,23,0,23,5,9,1,70,4,1,1,35,35,3,61,31,0,,,,,,,4,0,80,0,4,0,2,0,2,0,4,2,35.7345175,139.7856775,6,3,,,,
1,30,666,61,2,0,1,30000,0,118,2019,5,27,11,55,12,,,,,1,1,1,1,1,9,22,0,23,15,9,30,70,4,3,1,1,65,51,61,0,0,,,,,,,0,0,10,0,3,0,0,0,0,0,4,2,35.729105000000004,139.78313611111113,2,3,,,,
1,30,666,63,2,0,1,30000,0,118,2019,5,22,19,10,21,,,,,1,1,1,1,7,9,22,0,23,14,9,30,70,5,2,1,55,25,3,61,31,0,,,,,,,10,0,40,0,3,0,2,0,2,0,4,2,35.72638777777778,139.77708444444445,4,3,,,,
1,30,667,82,2,0,1,30000,0,121,2019,4,30,8,30,12,,,,,2,1,1,14,7,0,23,0,23,3,9,1,70,5,4,1,35,75,13,61,31,0,,,,,,,2,0,60,0,4,0,2,0,2,0,4,2,35.74910722222222,139.80922416666667,3,1,,,,
1,30,667,84,2,0,1,40,85,121,2019,5,3,17,30,13,,,,,1,1,1,14,7,0,23,0,23,2,9,1,70,1,2,1,45,45,51,61,0,0,,,,,,,0,0,0,0,4,0,0,0,0,0,4,2,35.75454833333333,139.80145722222224,6,1,,,,
1,30,667,95,2,0,1,30000,0,121,2019,5,25,16,57,12,,,,,1,1,1,14,1,0,23,0,23,3,9,1,70,5,2,1,35,1,11,61,1,0,,,,,,,3,0,20,0,4,0,2,0,2,0,4,2,35.7423875,139.79446916666666,7,3,,,,
1,30,668,197,2,0,1,30000,0,121,2019,5,7,16,54,12,,,,,1,1,1,14,7,0,23,0,23,2,9,20,70,4,2,1,35,1,3,61,31,0,,,,,,,10,0,10,0,3,0,2,0,2,0,4,2,35.76941166666666,139.74993444444442,3,3,,,,
1,30,668,203,2,0,1,30000,0,121,2019,5,16,17,25,12,,,,,1,1,1,1,7,9,22,0,23,14,9,30,70,4,3,1,1,1,3,61,31,0,,,,,,,10,0,10,0,3,0,2,0,2,0,4,2,35.769887499999996,139.80105805555556,5,3,,,,
1,30,668,211,2,0,1,20620,0,121,2019,5,25,2,59,22,,,,,1,1,1,1,7,9,22,0,23,18,9,30,70,4,2,1,65,65,3,61,1,0,,,,,,,2,0,10,0,3,0,2,0,2,0,4,2,35.7809125,139.79764277777778,7,3,,,,
1,30,669,238,2,0,1,30000,0,121,2019,5,4,8,50,12,,,,,1,1,1,1,7,9,22,0,23,11,9,30,70,5,4,1,45,75,3,61,31,0,,,,,,,10,0,40,0,3,0,2,0,2,0,4,2,35.775925,139.81449500000002,7,1,,,,
1,30,669,252,2,0,1,30000,0,121,2019,5,12,9,40,12,,,,,1,1,1,14,7,0,23,0,23,1,9,1,70,5,1,1,55,1,51,61,0,0,,,,,,,0,0,10,0,3,0,0,0,0,0,4,2,35.7636825,139.8310661111111,1,3,,,,
1,30,669,258,2,0,1,30000,0,121,2019,5,15,19,35,21,,,,,1,1,1,1,1,9,22,0,23,15,9,30,70,4,2,1,45,45,13,61,31,0,,,,,,,2,0,10,0,3,0,2,0,2,0,4,2,35.76338833333333,139.81323972222222,4,3,,,,
1,30,669,268,2,0,1,30000,0,121,2019,5,21,8,10,12,,,,,3,1,2,1,8,9,22,0,23,15,9,30,70,5,3,1,55,45,3,61,31,0,,,,,,,2,0,10,0,3,0,2,0,2,0,4,2,35.766601944444446,139.80654472222224,3,3,,,,
1,30,669,270,2,0,1,10130,0,121,2019,5,22,15,15,12,,,,,1,1,1,14,7,0,23,0,23,3,7,1,70,1,1,1,55,45,1,61,1,0,,,,,,,4,0,0,0,4,0,2,0,2,0,4,2,35.777929444444446,139.8235825,4,3,,,,
1,30,669,280,2,0,1,90000,0,121,2019,5,25,15,57,12,,,,,1,1,1,14,7,0,23,0,23,2,9,1,70,5,4,1,65,45,14,61,31,0,,,,,,,10,0,10,0,3,0,2,0,2,0,4,2,35.77399138888889,139.85334138888888,7,3,,,,
1,30,670,154,2,0,1,30000,0,121,2019,5,13,14,50,12,,,,,1,1,1,14,7,0,23,0,23,2,9,1,70,5,1,1,35,75,3,61,31,0,,,,,,,10,0,50,0,3,0,2,0,2,0,4,2,35.80685944444444,139.8120952777778,2,3,,,,
1,30,670,157,2,0,1,30000,0,121,2019,5,14,14,45,12,,,,,2,1,1,14,7,0,23,0,23,1,9,1,70,5,3,1,1,65,14,61,31,0,,,,,,,2,0,80,0,4,0,2,0,2,0,4,2,35.794037777777774,139.80175305555557,3,3,,,,
1,30,670,168,2,0,1,30000,0,121,2019,5,12,23,50,22,,,,,1,1,1,14,7,0,23,0,23,3,9,1,70,4,2,1,45,65,3,61,31,0,,,,,,,3,0,50,0,3,0,2,0,2,0,4,2,35.795296944444445,139.80682416666667,1,3,,,,
1,30,771,135,2,0,1,20000,0,108,2019,4,18,12,20,12,,,,,1,1,1,14,7,0,23,0,23,4,8,1,70,1,1,1,25,45,51,61,0,0,,,,,,,0,0,10,0,3,0,0,0,0,0,4,2,35.65409611111111,139.79566305555556,5,3,,,,
1,30,771,139,2,0,1,30000,0,108,2019,5,1,20,0,22,,,,,3,1,2,14,1,0,23,0,23,1,9,1,70,1,2,1,1,65,51,61,0,0,,,,,,,0,0,10,0,3,0,0,0,0,0,4,2,35.65813694444444,139.80161166666667,4,1,,,,
1,30,771,141,2,0,1,30000,0,108,2019,5,7,14,20,12,,,,,2,1,1,1,7,9,22,0,23,18,9,20,70,1,2,1,45,45,3,61,31,0,,,,,,,2,0,40,0,3,0,1,0,2,0,4,2,35.67514111111111,139.80086194444445,3,3,,,,
1,30,771,145,2,0,1,10060,0,108,2019,5,8,23,21,22,,,,,1,1,1,1,7,9,22,0,23,18,5,30,70,5,2,1,65,25,3,61,1,0,,,,,,,10,0,80,0,3,0,2,0,2,0,4,2,35.688015,139.79302666666666,4,3,,,,
1,30,771,148,2,0,1,95000,0,108,2019,1,15,8,40,12,,,,,1,1,1,14,7,0,23,0,23,5,9,1,70,4,2,1,25,1,51,61,0,0,,,,,,,0,0,40,0,4,0,0,0,0,0,4,2,35.66304777777778,139.80816361111113,3,3,,,,
1,30,771,150,2,0,1,30000,0,108,2019,5,19,13,30,12,,,,,1,1,1,14,7,0,23,0,23,1,9,20,70,1,2,1,45,45,3,61,31,0,,,,,,,3,0,80,0,3,0,2,0,2,0,4,2,35.66327083333333,139.80975305555557,1,3,,,,
1,30,771,152,2,0,1,10040,0,108,2019,4,23,5,40,11,,,,,1,1,1,14,7,0,23,0,23,5,9,1,70,3,1,1,55,0,61,0,0,0,,,,,,,0,0,0,0,0,0,0,0,0,0,2,0,35.67102666666666,139.79769444444443,3,3,,,,
1,30,771,164,2,0,1,20690,0,108,2019,5,25,20,19,22,,,,,1,1,1,7,1,0,23,0,23,3,9,1,70,1,2,1,65,55,13,61,31,0,,,,,,,4,0,20,0,3,0,2,0,2,0,4,2,35.67211972222222,139.81624333333335,7,3,,,,
1,30,772,162,2,0,1,30000,0,108,2019,5,14,10,10,12,,,,,3,1,2,1,7,9,22,0,23,15,9,30,70,5,3,1,45,65,14,61,31,0,,,,,,,10,0,30,0,4,0,2,0,2,0,4,2,35.69034499999999,139.83779472222224,3,3,,,,
1,30,772,164,2,0,1,10290,0,108,2019,5,14,13,40,12,,,,,3,1,2,1,1,9,22,0,23,15,9,30,70,6,1,1,55,35,14,61,31,0,,,,,,,4,0,10,0,4,0,2,0,2,0,4,2,35.70176555555556,139.827685,3,3,,,,
1,30,772,170,2,0,4,30000,0,108,2019,5,22,17,40,12,,,,,1,1,1,14,7,0,23,0,23,3,9,1,70,4,1,1,45,1,51,61,0,0,,,,,,,0,0,10,0,3,0,0,0,0,0,2,2,35.67122194444444,139.84220416666668,4,3,,,,
1,30,772,175,2,0,1,30000,0,108,2019,4,28,13,35,12,,,,,1,1,1,14,7,0,23,0,23,4,9,20,70,5,2,1,1,65,51,61,0,0,,,,,,,0,0,10,0,3,0,0,0,0,0,4,2,35.68586861111111,139.83294194444443,1,2,,,,
1,30,772,180,2,0,1,10290,0,108,2019,5,2,15,28,12,,,,,1,1,1,7,1,0,23,0,23,5,9,1,70,1,1,1,75,25,51,61,0,0,,,,,,,0,0,20,0,4,0,0,0,0,0,4,2,35.701548888888894,139.8231125,5,1,,,,
1,30,773,82,2,0,1,60,55,107,2019,4,22,6,8,12,,,,,1,1,1,1,1,9,22,0,23,15,3,30,70,4,4,1,35,25,13,61,31,0,,,,,,,10,0,15,0,4,0,2,0,2,0,4,2,35.71622,139.8107288888889,2,3,,,,
1,30,773,88,2,0,1,30000,0,107,2019,5,10,11,25,12,,,,,1,1,1,1,1,9,22,0,23,15,9,30,70,4,2,1,45,1,14,61,31,0,,,,,,,2,0,10,0,4,0,2,0,2,0,4,2,35.71653194444445,139.808715,6,3,,,,
1,30,773,93,2,0,1,30000,0,107,2019,5,17,14,35,12,,,,,1,1,1,1,1,9,22,0,23,11,9,30,70,5,2,1,55,1,13,61,31,0,,,,,,,2,0,10,0,3,0,2,0,2,0,4,2,35.69291916666666,139.7957047222222,6,3,,,,
1,30,773,95,2,0,1,20690,0,107,2019,5,23,23,30,22,,,,,1,1,1,1,1,9,22,0,23,17,9,30,70,5,4,1,1,55,3,61,31,0,,,,,,,4,0,40,0,3,0,2,0,2,0,4,2,35.699955555555555,139.81492222222224,5,3,,,,
1,30,774,70,2,0,1,10090,0,107,2019,5,8,3,40,22,,,,,1,1,1,14,1,0,23,0,23,5,9,1,70,6,1,1,55,55,3,61,1,0,,,,,,,4,0,80,0,3,0,2,0,2,0,4,2,35.71946444444445,139.82119527777778,4,3,,,,
1,30,774,71,2,0,1,30000,0,107,2019,5,11,12,25,12,,,,,1,1,1,14,7,0,23,0,23,3,9,1,70,4,2,1,65,35,51,61,0,0,,,,,,,0,0,10,0,3,0,0,0,0,0,4,2,35.70698083333333,139.82422333333332,7,3,,,,
1,30,774,85,2,0,1,60,74,107,2019,5,29,11,27,12,,,,,1,1,1,1,1,9,22,0,23,18,9,30,70,5,2,1,1,65,51,61,0,0,,,,,,,0,0,10,0,2,0,0,0,0,0,4,2,35.72849055555556,139.82499277777777,4,3,,,,
1,30,775,175,2,0,1,30000,0,122,2019,5,1,19,15,21,,,,,3,1,2,1,1,9,22,0,23,15,9,30,70,4,2,1,55,1,3,61,1,0,,,,,,,2,0,10,0,3,0,2,0,2,0,4,2,35.77462333333333,139.8711677777778,4,1,,,,
1,30,775,186,2,0,1,99000,0,122,2019,5,18,13,40,12,,,,,1,1,1,0,7,0,23,0,23,0,0,20,70,0,4,1,65,1,51,61,0,0,,,,,,,0,0,10,0,3,0,0,0,0,0,4,2,35.752403055555554,139.88514277777776,7,3,,,,
1,30,775,190,2,0,1,30000,0,122,2019,5,22,11,5,12,,,,,1,1,1,14,7,0,23,0,23,1,9,1,70,5,2,1,75,35,51,61,0,0,,,,,,,0,0,20,0,3,0,0,0,0,0,4,2,35.74539861111111,139.8415711111111,4,3,,,,
1,30,775,192,2,0,1,30000,0,122,2019,5,23,16,45,12,,,,,1,1,1,1,1,9,22,0,23,11,9,30,70,5,2,1,1,65,4,61,31,0,,,,,,,10,0,10,0,4,0,2,0,2,0,4,2,35.770206944444446,139.87080166666667,5,3,,,,
1,30,776,139,2,0,1,10400,0,122,2019,5,6,1,55,22,,,,,1,1,1,1,1,9,22,0,23,15,9,30,70,4,1,1,35,45,17,61,1,0,,,,,,,3,0,10,0,3,0,2,0,2,0,4,2,35.7168,139.85950944444443,2,1,,,,
1,30,776,141,2,0,1,30000,0,122,2019,5,9,6,30,12,,,,,1,1,1,1,7,0,23,0,23,11,9,30,70,5,4,1,45,0,61,0,0,0,,,,,,,0,0,0,0,0,0,0,0,0,0,2,0,35.752764722222224,139.86585277777777,5,3,,,,
1,30,776,148,2,0,2,30000,0,122,2019,5,26,10,5,12,,,,,1,1,1,7,1,0,23,0,23,1,9,20,70,4,3,1,25,1,35,61,31,0,,,,,,,2,0,40,0,3,0,0,0,0,0,2,2,35.72331055555556,139.85129833333332,1,3,,,,
1,30,777,321,2,0,1,140,79,123,2019,4,11,0,45,22,,,,,3,1,2,14,1,0,23,0,23,6,9,1,70,1,1,1,65,45,3,61,1,0,,,,,,,5,0,10,0,3,0,2,0,2,0,4,2,35.69935833333333,139.85041583333333,5,3,,,,
1,30,777,323,2,0,1,90000,0,123,2019,5,1,12,40,12,,,,,1,1,1,14,7,0,23,0,23,2,9,1,70,5,4,1,1,1,13,61,31,0,,,,,,,10,0,40,0,3,0,2,0,2,0,4,2,35.697627499999996,139.87283722222222,4,1,,,,
1,30,777,327,2,0,1,95000,0,123,2019,5,5,15,30,12,,,,,1,1,1,14,7,0,23,0,23,4,9,1,70,4,4,1,55,1,51,61,0,0,,,,,,,0,0,10,0,2,0,0,0,0,0,4,2,35.68629416666666,139.85001555555556,1,1,,,,
1,30,777,330,2,0,1,30000,0,123,2019,5,3,17,15,12,,,,,1,1,1,7,7,0,23,0,23,2,8,1,70,5,3,1,35,65,3,61,31,0,,,,,,,10,0,10,0,3,0,2,0,2,0,4,2,35.69228,139.88693638888887,6,1,,,,
1,30,777,336,2,0,1,30000,0,123,2019,5,9,13,10,12,,,,,1,1,1,14,7,0,23,0,23,3,9,1,70,5,2,1,35,75,51,61,0,0,,,,,,,0,0,10,0,4,0,0,0,0,0,4,2,35.70601583333334,139.90393,5,3,,,,
1,30,777,381,2,0,1,20700,0,123,2019,5,25,16,0,12,,,,,1,1,1,14,7,0,23,0,23,3,9,1,70,4,2,1,25,1,3,61,31,0,,,,,,,2,0,10,0,3,0,2,0,2,0,4,2,35.68445055555555,139.89524416666666,7,3,,,,
1,30,777,384,2,0,1,99000,0,123,2019,5,26,10,20,12,,,,,1,1,1,0,7,0,23,0,23,0,0,20,70,0,4,1,65,35,51,61,0,0,,,,,,,0,0,10,0,3,0,0,0,0,0,4,2,35.70939222222223,139.84897055555555,1,3,,,,
1,30,777,385,2,0,1,99000,0,123,2019,5,26,10,43,12,,,,,1,1,1,0,7,0,23,0,23,0,0,20,70,0,4,1,65,1,3,61,31,0,,,,,,,10,0,30,0,4,0,2,0,2,0,4,2,35.70615222222222,139.87386944444447,1,3,,,,
1,30,777,402,2,0,1,30000,0,123,2019,5,31,15,20,12,,,,,2,1,1,14,7,0,23,0,23,2,9,1,70,5,2,1,25,1,3,61,31,0,,,,,,,3,0,20,0,4,0,2,0,2,0,4,2,35.70562694444445,139.90332138888888,6,3,,,,
1,30,778,68,2,0,1,30000,0,123,2019,2,6,7,54,12,,,,,2,1,1,7,7,0,23,0,23,2,9,1,1,4,3,1,65,1,3,61,31,0,,,,,,,2,0,20,0,3,0,2,0,2,0,4,2,35.707596111111116,139.90229166666668,4,3,,,,
1,30,778,69,2,0,1,30000,0,123,2019,2,21,12,20,12,,,,,1,1,1,1,7,9,22,0,23,15,9,30,70,4,2,1,65,25,3,61,31,0,,,,,,,2,0,20,0,3,0,2,0,2,0,4,2,35.73421416666667,139.8893536111111,5,3,,,,
1,30,779,192,2,0,1,30000,0,123,2019,2,25,17,0,13,,,,,1,1,1,1,8,0,23,0,23,18,9,30,70,5,1,1,1,0,61,0,0,0,,,,,,,0,0,0,0,0,0,0,0,0,0,2,0,35.64663,139.87963555555555,2,3,,,,
1,30,779,196,2,0,1,30000,0,123,2019,3,8,20,35,22,,,,,1,1,1,1,7,9,22,0,23,11,9,30,1,5,3,1,35,55,51,61,0,0,,,,,,,0,0,10,0,4,0,0,0,0,0,4,2,35.684799722222216,139.86721333333335,6,3,,,,
1,30,779,198,2,0,1,30000,0,123,2019,4,28,14,50,12,,,,,2,1,1,1,7,9,22,0,23,14,9,30,70,4,2,1,25,35,14,61,31,0,,,,,,,2,0,80,0,3,0,2,0,2,0,4,2,35.65657833333333,139.86584555555555,1,2,,,,
1,30,779,204,2,0,1,30000,0,123,2019,5,4,18,35,21,,,,,1,1,1,1,7,1,21,0,23,15,9,30,70,5,2,1,75,65,3,61,31,0,,,,,,,2,0,10,0,3,0,2,0,2,0,4,2,35.673470277777774,139.8679277777778,7,1,,,,
1,30,779,208,2,0,1,30000,0,123,2019,5,12,16,20,12,,,,,1,1,1,14,7,0,23,0,23,3,9,1,70,5,4,1,25,65,3,61,31,0,,,,,,,2,0,30,0,3,0,2,0,2,0,4,2,35.651824166666664,139.87305361111112,1,3,,,,
1,30,779,209,2,0,1,95000,0,123,2019,4,27,15,55,12,,,,,2,1,1,0,7,0,23,0,23,0,0,20,70,0,4,1,35,1,4,61,31,0,,,,,,,10,0,40,0,3,0,2,0,2,0,4,2,35.669040833333334,139.86200777777776,7,3,,,,
1,30,779,217,2,0,1,30000,0,123,2019,5,18,22,25,22,,,,,2,1,1,14,7,0,23,0,23,2,9,1,70,5,2,1,65,35,3,61,1,0,,,,,,,2,0,34,0,3,0,2,0,2,0,4,2,35.64997416666667,139.87508055555557,7,3,,,,