資料区分,都道府県コード,警察署等コード,本票番号,事故内容,死者数,負傷者数,路線コード,地点コード,市区町村コード,発生日時　　年,発生日時　　月,発生日時　　日,発生日時　　時,発生日時　　分,昼夜,日の出時刻　　時,日の出時刻　　分,日の入り時刻　　時,日の入り時刻　　分,天候,地形,路面状態,道路形状,信号機,一時停止規制　標識（当事者A）,一時停止規制　表示（当事者A）,一時停止規制　標識（当事者B）,一時停止規制　表示（当事者B）,車道幅員,道路線形,衝突地点,ゾーン規制,中央分離帯施設等,歩車道区分,事故類型,年齢（当事者A）,年齢（当事者B）,当事者種別（当事者A）,当事者種別（当事者B）,用途別（当事者A）,用途別（当事者B）,車両形状等（当事者A）,車両形状等（当事者B）,オートマチック車（当事者A）,オートマチック車（当事者B）,サポカー（当事者A）,サポカー（当事者B）,速度規制（指定のみ）（当事者A）,速度規制（指定のみ）（当事者B）,車両の衝突部位（当事者A）,車両の衝突部位（当事者B）,車両の損壊程度（当事者A）,車両の損壊程度（当事者B）,エアバッグの装備（当事者A）,エアバッグの装備（当事者B）,サイドエアバッグの装備（当事者A）,サイドエアバッグの装備（当事者B）,人身損傷程度（当事者A）,人身損傷程度（当事者B）,lat,lon,曜日(発生年月日),祝日(発生年月日),認知機能検査経過日数（当事者A）,認知機能検査経過日数（当事者B）,運転練習の方法（当事者A）,運転練習の方法（当事者B）
1,30,779,221,2,0,1,30000,0,123,2019,5,26,14,35,12,,,,,1,1,1,14,7,0,23,0,23,3,9,1,1,5,2,1,1,65,51,61,0,0,,,,,,,0,0,10,0,3,0,0,0,0,0,4,2,35.66315972222222,139.87287444444445,1,3,,,,
1,30,779,222,2,0,2,30000,0,123,2019,5,26,17,25,12,,,,,1,1,1,14,7,0,23,0,23,3,9,1,70,4,3,1,55,35,36,61,31,0,,,,,,,2,0,40,0,3,0,0,0,0,0,2,2,35.680054999999996,139.85955888888887,1,3,,,,
1,30,779,225,2,0,1,99000,0,123,2019,5,11,15,30,12,,,,,1,1,1,0,7,0,23,0,23,0,0,20,70,0,4,1,55,1,51,61,0,0,,,,,,,0,0,10,0,4,0,0,0,0,0,4,2,35.6401375,139.85769416666665,7,3,,,,
1,30,779,226,2,0,1,99000,0,123,2019,5,17,12,0,12,,,,,1,1,1,0,7,0,23,0,23,0,0,20,70,0,4,1,75,55,4,61,31,0,,,,,,,10,0,40,0,3,0,2,0,2,0,4,2,35.651985833333335,139.8827938888889,6,3,,,,
1,30,876,202,2,0,1,30000,0,209,2019,5,17,14,50,12,,,,,1,2,1,14,7,0,23,0,23,2,8,1,70,5,4,1,35,1,3,61,31,0,,,,,,,5,0,10,0,3,0,2,0,2,0,4,2,35.60113666666667,139.36366611111112,6,3,,,,
1,30,876,206,2,0,1,10490,0,209,2019,5,23,7,55,12,,,,,1,1,1,1,1,9,22,0,23,14,9,30,70,5,2,1,35,1,3,61,31,0,,,,,,,3,0,10,0,3,0,2,0,2,0,4,2,35.60031416666667,139.35968083333333,5,3,,,,
1,30,876,208,2,0,1,10480,0,201,2019,5,25,11,50,12,,,,,1,1,1,14,7,0,23,0,23,1,9,1,70,5,2,1,65,65,51,61,0,0,,,,,,,0,0,10,0,3,0,0,0,0,0,2,4,35.62830805555556,139.3997838888889,7,3,,,,
1,30,877,125,2,0,1,10490,0,201,2019,5,8,13,50,12,,,,,1,1,1,1,1,9,22,0,23,15,8,30,70,4,2,1,65,65,3,61,31,0,,,,,,,3,0,10,0,3,0,2,0,2,0,4,2,35.635664444444444,139.28780944444443,4,3,,,,
1,30,877,127,2,0,1,20730,0,201,2019,5,3,13,25,12,,,,,1,3,1,13,7,0,23,0,23,2,5,20,70,5,4,1,1,25,33,61,31,0,,,,,,,2,0,40,0,3,0,0,0,0,0,4,2,35.65921861111111,139.17301388888887,6,1,,,,
1,30,877,137,2,0,1,10490,0,201,2019,5,15,19,0,21,,,,,1,1,1,14,7,0,23,0,23,4,7,20,70,4,2,1,1,65,51,61,0,0,,,,,,,0,0,40,0,3,0,0,0,0,0,4,2,35.63500583333333,139.28785249999999,4,3,,,,
1,30,877,144,2,0,1,80000,0,201,2019,5,29,8,13,12,,,,,2,2,1,14,7,0,23,0,23,1,8,20,70,4,4,1,35,1,51,61,0,0,,,,,,,0,0,10,0,3,0,0,0,0,0,4,2,35.65303972222222,139.30009972222223,4,3,,,,
1,30,877,147,2,0,1,95000,0,201,2019,5,31,6,42,12,,,,,1,3,1,0,7,0,23,0,23,0,0,20,70,0,4,1,45,65,3,61,31,0,,,,,,,10,0,30,0,3,0,2,0,2,0,4,2,35.66582527777778,139.28851916666667,6,3,,,,
1,30,878,160,2,0,1,30000,0,224,2019,3,27,8,45,12,,,,,1,2,1,1,1,9,22,0,23,11,9,30,70,1,2,1,55,55,4,61,31,0,,,,,,,3,0,10,0,3,0,2,0,2,0,4,2,35.61848666666667,139.41414972222222,4,3,,,,
1,30,878,180,2,0,1,21110,0,224,2019,5,11,12,0,12,,,,,1,1,1,14,7,0,23,0,23,2,9,1,70,5,1,1,35,1,51,61,0,0,,,,,,,0,0,10,0,3,0,0,0,0,0,4,2,35.62479944444444,139.41832138888887,7,3,,,,
1,30,878,181,2,0,1,10510,0,224,2019,5,12,1,25,22,,,,,1,2,1,1,1,9,22,0,23,17,9,30,70,1,2,1,1,25,35,61,31,0,,,,,,,4,0,10,0,3,0,0,0,0,0,4,2,35.649745833333334,139.4500975,1,3,,,,
1,30,878,196,2,0,1,30000,0,224,2019,5,24,9,15,12,,,,,1,1,1,14,7,0,23,0,23,2,9,1,70,5,2,1,25,1,51,61,0,0,,,,,,,0,0,20,0,4,0,0,0,0,0,4,2,35.640793888888886,139.4311172222222,6,3,,,,
1,30,878,200,2,0,1,30000,0,224,2019,5,30,16,20,12,,,,,1,1,1,7,1,0,23,0,23,3,9,1,70,4,2,1,75,75,3,61,31,0,,,,,,,2,0,10,0,4,0,2,0,2,0,4,2,35.61376916666667,139.40155805555557,5,3,,,,
1,30,878,201,2,0,1,30000,0,224,2019,5,22,14,30,12,,,,,1,2,1,14,7,0,23,0,23,2,9,1,70,1,2,1,35,1,51,61,0,0,,,,,,,0,0,10,0,3,0,0,0,0,0,4,2,35.62864694444445,139.45513527777777,4,3,,,,
1,30,879,198,2,0,1,30000,0,223,2019,5,29,16,25,12,,,,,2,2,1,14,7,0,23,0,23,3,9,1,70,4,2,1,1,75,51,61,0,0,,,,,,,0,0,10,0,3,0,0,0,0,0,4,2,35.746451944444445,139.4029925,4,3,,,,
1,30,879,201,2,0,1,30590,0,220,2019,5,30,18,20,13,,,,,1,1,1,14,7,0,23,0,23,3,9,1,70,4,2,1,55,1,3,61,31,0,,,,,,,3,0,50,0,3,0,2,0,2,0,4,2,35.73533388888889,139.42847305555554,5,3,,,,
1,30,880,124,2,0,1,30000,0,205,2019,5,2,23,40,22,,,,,2,1,1,1,1,9,22,0,23,11,9,30,70,5,3,1,45,65,3,61,31,0,,,,,,,2,0,10,0,3,0,2,0,2,0,4,2,35.79115111111111,139.2750038888889,5,1,,,,
1,30,880,132,2,0,1,10450,0,205,2019,5,15,17,30,12,,,,,1,2,1,7,1,0,23,0,23,2,9,1,70,4,2,1,55,65,4,61,31,0,,,,,,,3,0,10,0,3,0,2,0,2,0,4,2,35.78255,139.24122972222222,4,3,,,,
1,30,880,133,2,0,1,10240,0,205,2019,5,16,10,25,12,,,,,1,2,1,14,7,0,23,0,23,3,9,1,70,4,2,1,75,1,4,61,31,0,,,,,,,3,0,30,0,4,0,2,0,2,0,4,2,35.784214166666665,139.23624638888887,5,3,,,,
1,30,881,63,2,0,1,30000,0,305,2019,5,10,22,35,22,,,,,1,2,1,14,7,0,23,0,23,3,9,1,70,4,1,1,45,35,3,61,31,0,,,,,,,10,0,10,0,3,0,2,0,2,0,4,2,35.734034722222226,139.27237972222224,6,3,,,,
1,30,882,217,2,0,1,30000,0,218,2019,4,29,12,17,12,,,,,2,1,1,1,1,9,22,0,23,15,8,30,70,4,1,1,55,75,4,61,31,0,,,,,,,3,0,50,0,3,0,2,0,2,0,4,2,35.74100194444445,139.32480805555556,2,1,,,,
1,30,882,228,2,0,1,30000,0,218,2019,5,13,19,8,21,,,,,2,1,1,1,7,9,22,0,23,14,9,20,70,5,2,1,65,45,13,61,1,0,,,,,,,2,0,10,0,3,0,2,0,2,0,4,2,35.72146,139.34481555555556,2,3,,,,
1,30,882,229,2,0,1,30000,0,228,2019,4,26,6,40,12,,,,,3,1,2,14,7,0,23,0,23,2,9,1,70,5,3,1,65,55,4,61,31,0,,,,,,,2,0,40,0,3,0,2,0,2,0,4,2,35.72263916666667,139.28453277777777,6,3,,,,
1,30,882,238,2,0,1,30000,0,218,2019,5,19,2,5,22,,,,,1,1,1,7,5,0,23,0,23,1,9,1,70,5,3,1,55,1,3,61,1,0,,,,,,,2,0,10,0,4,0,2,0,2,0,4,2,35.74564111111111,139.3255175,1,3,,,,
1,30,882,241,2,0,1,30000,0,227,2019,5,23,11,0,12,,,,,1,1,1,7,7,0,23,0,23,1,9,1,70,5,2,1,1,65,51,61,0,0,,,,,,,0,0,10,0,3,0,0,0,0,0,4,2,35.75789666666667,139.3193388888889,5,3,,,,
1,30,882,243,2,0,1,30000,0,227,2019,4,6,20,20,22,,,,,1,1,1,14,7,0,23,0,23,3,9,1,70,5,3,1,55,25,3,61,1,0,,,,,,,2,0,40,0,4,0,2,0,2,0,4,2,35.755446666666664,139.3114177777778,7,3,,,,
1,30,883,259,2,0,1,30000,0,201,2019,5,3,23,55,22,,,,,1,2,1,14,7,0,23,0,23,1,9,20,70,5,2,1,25,35,51,61,0,0,,,,,,,0,0,10,0,3,0,0,0,0,0,4,2,35.666537777777776,139.34092055555556,6,1,,,,
1,30,883,267,2,0,1,200,469,201,2019,4,26,11,23,12,,,,,3,2,2,1,1,9,22,0,23,15,9,30,70,5,2,1,35,75,14,61,31,0,,,,,,,4,0,10,0,3,0,2,0,2,0,4,2,35.65964666666667,139.31592944444446,6,3,,,,
1,30,883,277,2,0,1,30000,0,201,2019,5,12,20,35,22,,,,,1,1,1,14,7,0,23,0,23,3,9,1,70,4,2,1,35,75,35,61,31,0,,,,,,,10,0,10,0,3,0,0,0,0,0,4,2,35.65765277777778,139.3403063888889,1,3,,,,
1,30,883,283,2,0,1,30000,0,201,2019,4,19,7,50,12,,,,,1,1,1,14,7,0,23,0,23,2,9,1,70,5,4,1,1,1,3,61,31,0,,,,,,,10,0,10,0,3,0,2,0,2,0,4,2,35.67213888888889,139.33142972222223,6,3,,,,
1,30,883,289,2,0,1,30000,0,201,2019,5,19,20,5,22,,,,,2,2,1,14,7,0,23,0,23,2,9,1,70,5,4,1,65,45,3,61,1,0,,,,,,,10,0,0,0,4,0,2,0,2,0,4,2,35.668164999999995,139.33896416666667,1,3,,,,
1,30,883,291,2,0,1,30000,0,201,2019,5,21,10,15,12,,,,,3,1,2,14,7,0,23,0,23,2,9,1,70,5,2,1,45,45,3,61,31,0,,,,,,,5,0,80,0,3,0,2,0,2,0,4,2,35.65841277777778,139.33776555555556,3,3,,,,
1,30,883,295,2,0,1,200,429,201,2019,5,23,6,40,12,,,,,1,1,1,1,1,9,22,0,23,18,9,30,70,4,2,1,55,1,3,61,31,0,,,,,,,4,0,10,0,3,0,2,0,2,0,4,2,35.66343694444444,139.35723305555555,5,3,,,,
1,30,883,307,2,0,1,30000,0,201,2019,5,28,14,25,12,,,,,2,1,1,14,7,0,23,0,23,1,9,20,70,5,2,1,65,65,51,61,0,0,,,,,,,0,0,10,0,3,0,0,0,0,0,4,2,35.65837444444444,139.34369972222223,3,3,,,,
1,30,883,309,2,0,1,30000,0,201,2019,5,29,9,5,12,,,,,1,1,1,14,7,0,23,0,23,1,7,20,70,5,4,1,1,75,51,61,0,0,,,,,,,0,0,10,0,3,0,0,0,0,0,4,2,35.66442861111111,139.3411613888889,4,3,,,,
1,30,883,314,2,0,1,10460,0,201,2019,5,31,9,20,12,,,,,2,2,1,1,8,1,21,0,23,14,9,30,70,4,1,1,55,75,51,61,0,0,,,,,,,0,0,10,0,4,0,0,0,0,0,4,2,35.678779999999996,139.30951555555558,6,3,,,,
1,30,884,267,2,0,1,99000,0,209,2019,5,1,15,38,12,,,,,3,1,2,0,7,0,23,0,23,0,0,20,70,0,4,1,35,65,14,61,1,0,,,,,,,10,0,30,0,3,0,2,0,2,0,4,2,35.552125555555556,139.429185,4,1,,,,
1,30,884,274,2,0,1,10490,0,209,2019,5,7,16,30,12,,,,,2,1,1,7,1,0,23,0,23,2,9,1,70,4,2,1,25,1,36,61,31,0,,,,,,,2,0,10,0,4,0,0,0,0,0,4,2,35.540189444444444,139.45327972222222,3,3,,,,
1,30,884,278,2,0,1,95000,0,209,2019,5,6,13,30,12,,,,,1,1,1,0,7,0,23,0,23,0,0,20,70,0,4,1,55,65,3,61,31,0,,,,,,,10,0,70,0,3,0,2,0,2,0,4,2,35.54364833333333,139.47399166666668,2,1,,,,
1,30,884,286,2,0,1,95000,0,209,2019,5,9,17,53,13,,,,,2,1,1,14,7,0,23,0,23,2,9,1,70,5,2,1,25,1,3,61,31,0,,,,,,,3,0,10,0,3,0,2,0,2,0,4,2,35.55012694444444,139.47615277777777,5,3,,,,
1,30,884,288,2,0,1,10490,0,209,2019,5,15,19,51,22,,,,,2,1,1,1,7,9,22,0,23,15,9,30,70,5,2,1,45,35,4,61,31,0,,,,,,,3,0,10,0,3,0,2,0,2,0,4,2,35.56363111111111,139.42643777777778,4,3,,,,
1,30,884,297,2,0,1,95000,0,209,2019,5,22,0,30,22,,,,,1,3,1,7,7,0,23,0,23,2,9,1,70,5,3,1,25,45,33,61,31,0,,,,,,,2,0,40,0,3,0,0,0,0,0,4,2,35.55004333333333,139.46417499999998,4,3,,,,
1,30,884,306,2,0,1,10490,0,209,2019,5,24,21,25,22,,,,,1,2,1,1,1,9,22,0,23,15,9,30,70,4,1,1,55,1,4,61,31,0,,,,,,,3,0,10,0,3,0,2,0,2,0,4,2,35.53839416666666,139.4539036111111,6,3,,,,
1,30,884,308,2,0,1,10610,0,209,2019,5,25,9,45,12,,,,,1,1,1,1,1,9,21,0,23,15,8,30,70,4,4,1,65,65,3,61,31,0,,,,,,,3,0,12,0,3,0,2,0,2,0,4,2,35.587720555555556,139.48036972222224,7,3,,,,
1,30,884,319,2,0,1,30000,0,209,2019,5,19,14,7,12,,,,,2,1,1,7,1,0,23,0,23,5,8,1,70,4,2,1,1,75,3,61,31,0,,,,,,,3,0,70,0,3,0,2,0,2,0,4,2,35.542948055555556,139.4467161111111,1,3,,,,
1,30,884,321,2,0,1,30000,0,209,2019,5,13,8,55,12,,,,,1,1,1,7,7,0,23,0,23,3,9,1,70,5,3,1,1,25,36,61,31,0,,,,,,,2,0,10,0,3,0,0,0,0,0,4,2,35.54490472222222,139.4590433333333,2,3,,,,
1,30,884,323,2,0,1,10610,0,209,2019,5,30,7,50,12,,,,,1,1,1,1,1,9,22,0,23,14,9,30,70,4,2,1,25,75,13,61,31,0,,,,,,,3,0,80,0,3,0,2,0,2,0,4,2,35.58846388888889,139.46342416666664,5,3,,,,
1,30,885,171,2,0,1,30000,0,212,2019,5,15,6,58,12,,,,,1,2,1,1,1,9,22,0,23,15,9,30,70,4,2,1,55,25,14,61,31,0,,,,,,,3,0,40,0,3,0,2,0,2,0,4,2,35.66114916666667,139.39137,4,3,,,,
1,30,885,175,2,0,1,30000,0,212,2019,5,16,17,35,12,,,,,1,3,1,1,7,9,22,0,23,11,9,30,70,5,3,1,35,1,3,61,1,0,,,,,,,2,0,40,0,3,0,2,0,2,0,4,2,35.658316388888885,139.39785083333334,5,3,,,,
1,30,885,176,2,0,1,10510,0,212,2019,5,17,12,42,12,,,,,1,3,1,14,7,0,23,0,23,1,9,1,70,5,3,1,55,0,61,0,0,0,,,,,,,0,0,0,0,0,0,0,0,0,0,2,0,35.67596361111111,139.40074111111113,6,3,,,,
1,30,885,178,2,0,1,30000,0,212,2019,5,19,16,45,12,,,,,1,2,1,14,7,0,23,0,23,2,9,1,70,1,2,1,1,55,51,61,0,0,,,,,,,0,0,10,0,3,0,0,0,0,0,4,2,35.65041472222222,139.40554833333334,1,3,,,,
1,30,885,179,2,0,1,30000,0,212,2019,4,10,7,35,12,,,,,3,2,2,1,7,1,21,0,23,15,9,30,70,4,2,1,55,45,3,61,31,0,,,,,,,2,0,20,0,3,0,2,0,2,0,4,2,35.658791944444445,139.38167194444446,4,3,,,,
1,30,885,190,2,0,1,10510,0,212,2019,4,15,18,30,21,,,,,1,3,1,14,7,0,23,0,23,3,9,1,70,4,3,1,55,35,3,61,1,0,,,,,,,3,0,30,0,3,0,2,0,2,0,4,2,35.67103833333333,139.4036125,2,3,,,,
1,30,886,183,2,0,1,30000,0,207,2019,5,4,8,50,12,,,,,1,2,1,7,7,0,23,0,23,2,9,1,70,5,4,1,35,1,13,61,31,0,,,,,,,10,0,20,0,3,0,2,0,2,0,4,2,35.70234777777778,139.36195361111112,7,1,,,,
1,30,886,191,2,0,1,30000,0,207,2019,5,11,5,40,12,,,,,1,3,1,1,7,9,22,0,23,11,9,30,70,5,3,1,75,25,3,61,31,0,,,,,,,3,0,10,0,3,0,2,0,2,0,4,2,35.709583333333335,139.37375055555557,7,3,,,,
1,30,886,196,2,0,1,30000,0,207,2019,5,13,16,5,12,,,,,1,1,1,1,1,9,22,0,23,15,9,30,70,4,2,1,45,75,4,61,31,0,,,,,,,3,0,10,0,3,0,2,0,2,0,4,2,35.7093075,139.36564166666665,2,3,,,,
1,30,886,207,2,0,2,10530,0,207,2019,5,14,22,0,22,,,,,2,1,1,14,7,0,23,0,23,4,8,1,70,4,1,1,45,25,51,61,0,0,,,,,,,0,0,20,0,3,0,0,0,0,0,2,2,35.70549388888889,139.34375416666668,3,3,,,,
1,30,886,214,2,0,1,30000,0,207,2019,5,25,17,42,12,,,,,1,1,1,14,7,0,23,0,23,3,9,1,70,5,3,1,55,1,4,61,31,0,,,,,,,5,0,10,0,3,0,2,0,2,0,4,2,35.711779722222225,139.3622661111111,7,3,,,,
1,30,886,219,2,0,1,95000,0,207,2019,5,28,21,25,22,,,,,3,1,2,14,7,0,23,0,23,1,9,1,70,4,2,1,35,1,51,61,0,0,,,,,,,0,0,10,0,3,0,0,0,0,0,4,2,35.712564444444446,139.37976555555557,3,3,,,,
1,30,886,222,2,0,1,95000,0,207,2019,5,30,13,50,12,,,,,1,2,1,0,7,0,23,0,23,0,0,20,70,0,2,1,75,75,3,61,31,0,,,,,,,10,0,40,0,4,0,2,0,2,0,4,2,35.716881944444445,139.3487286111111,5,3,,,,
1,30,887,335,2,0,1,95000,0,202,2019,5,5,9,55,12,,,,,1,2,1,0,7,0,23,0,23,0,0,20,70,0,4,1,45,1,3,61,31,0,,,,,,,10,0,10,0,4,0,2,0,2,0,4,2,35.7115,139.41933694444444,1,1,,,,
1,30,887,352,2,0,1,30000,0,202,2019,5,13,17,20,12,,,,,1,1,1,1,1,9,22,0,23,15,9,20,70,4,2,1,35,1,51,61,0,0,,,,,,,0,0,10,0,3,0,0,0,0,0,4,2,35.69670305555555,139.40901444444444,2,3,,,,
1,30,887,353,2,0,1,30000,0,202,2019,5,13,19,56,22,,,,,2,1,1,1,1,9,22,0,23,14,9,30,1,4,2,1,65,75,3,61,31,0,,,,,,,2,0,10,0,4,0,2,0,2,0,4,2,35.72361416666667,139.43615722222222,2,3,,,,
1,30,887,354,2,0,1,30000,0,202,2019,5,14,20,10,22,,,,,2,2,1,1,1,9,22,0,23,15,9,30,70,5,3,1,45,55,3,61,31,0,,,,,,,3,0,10,0,3,0,2,0,2,0,4,2,35.70787527777778,139.42303444444443,3,3,,,,
1,30,887,361,2,0,1,95000,0,202,2019,5,16,22,0,22,,,,,1,2,1,14,7,0,23,0,23,5,9,1,70,1,2,1,1,45,3,61,31,0,,,,,,,4,0,10,0,3,0,2,0,2,0,4,2,35.70026583333333,139.4151261111111,5,3,,,,
1,30,887,362,2,0,2,30000,0,202,2019,5,17,21,40,22,,,,,1,2,1,7,7,0,23,0,23,1,9,1,70,5,2,1,25,45,4,61,31,0,,,,,,,2,0,10,0,3,0,2,0,2,0,4,2,35.73120083333333,139.40487166666668,6,3,,,,
1,30,887,366,2,0,2,10520,0,202,2019,5,18,21,50,22,,,,,2,2,1,14,7,0,23,0,23,2,9,1,70,4,2,1,25,1,3,61,31,0,,,,,,,3,0,10,0,4,0,2,0,2,0,4,2,35.6887225,139.41598638888888,7,3,,,,
1,30,887,374,2,0,1,30000,0,215,2019,5,23,16,10,12,,,,,1,2,1,14,7,0,23,0,23,4,9,1,70,5,2,1,35,1,3,61,31,0,,,,,,,3,0,10,0,3,0,2,0,2,0,4,2,35.67698083333333,139.43915833333332,5,3,,,,
1,30,887,376,2,0,1,30000,0,202,2019,5,24,19,22,21,,,,,1,1,1,1,7,9,22,0,23,11,9,30,70,5,4,1,25,35,4,61,31,0,,,,,,,2,0,20,0,3,0,2,0,2,0,4,2,35.72730583333333,139.36065194444444,6,3,,,,
1,30,887,382,2,0,1,20890,0,215,2019,5,27,15,18,12,,,,,1,2,1,14,1,0,23,0,23,4,9,1,70,4,2,1,25,1,3,61,31,0,,,,,,,4,0,10,0,3,0,2,0,2,0,4,2,35.6821175,139.4336502777778,2,3,,,,
1,30,887,383,2,0,1,10540,0,202,2019,5,23,8,10,12,,,,,1,2,1,14,1,0,23,0,23,4,9,1,70,1,2,1,1,1,51,61,0,0,,,,,,,0,0,10,0,3,0,0,0,0,0,4,2,35.718285,139.41993305555553,5,3,,,,
1,30,887,385,2,0,1,30000,0,215,2019,5,29,7,50,12,,,,,2,2,1,7,7,0,23,0,23,3,9,1,70,4,3,1,45,1,4,61,31,0,,,,,,,2,0,10,0,3,0,2,0,2,0,4,2,35.67220138888889,139.44909055555556,4,3,,,,
1,30,887,391,2,0,1,30000,0,202,2019,5,27,11,10,12,,,,,1,1,1,14,7,0,23,0,23,3,9,1,70,1,2,1,35,55,59,61,0,0,,,,,,,0,0,0,0,4,0,0,0,0,0,4,2,35.69859833333333,139.41343333333333,2,3,,,,
1,30,887,395,2,0,1,10520,0,202,2019,5,31,17,40,12,,,,,1,1,1,14,7,0,23,0,23,5,9,20,70,4,2,1,45,65,1,61,1,0,,,,,,,3,0,0,0,4,0,2,0,2,0,4,2,35.69529194444444,139.4192661111111,6,3,,,,
1,30,887,397,2,0,1,30000,0,202,2019,5,30,7,58,12,,,,,1,1,1,1,7,9,22,0,23,14,9,30,70,4,2,1,25,35,3,61,31,0,,,,,,,2,0,10,0,3,0,2,0,2,0,4,2,35.72831583333333,139.39493083333332,5,3,,,,
1,30,888,118,2,0,1,30000,0,206,2019,5,14,11,43,12,,,,,3,1,2,1,1,9,22,0,23,11,9,30,70,5,4,1,45,45,3,61,31,0,,,,,,,3,0,20,0,3,0,2,0,2,0,4,2,35.67850194444444,139.47031666666666,3,3,,,,
1,30,888,120,2,0,1,30000,0,206,2019,5,15,7,10,12,,,,,1,1,1,14,7,0,23,0,23,2,9,1,70,1,2,1,1,35,51,61,0,0,,,,,,,0,0,10,0,3,0,0,0,0,0,4,2,35.66522055555556,139.44125916666667,4,3,,,,
1,30,888,123,2,0,1,30000,0,206,2019,5,18,14,0,12,,,,,2,1,1,1,1,9,22,0,23,18,9,30,70,5,2,1,25,75,3,61,31,0,,,,,,,3,0,10,0,3,0,2,0,2,0,4,2,35.66766361111111,139.43840500000002,7,3,,,,
1,30,888,125,2,0,1,10680,0,206,2019,5,19,0,50,22,,,,,2,1,1,1,1,9,22,0,23,17,9,30,70,5,1,1,45,45,3,61,31,0,,,,,,,4,0,20,0,3,0,2,0,2,0,4,2,35.680146388888886,139.45914249999998,1,3,,,,
1,30,888,128,2,0,1,30000,0,206,2019,5,20,14,50,12,,,,,1,1,1,7,1,0,23,0,23,1,9,1,70,5,4,1,75,25,4,61,31,0,,,,,,,2,0,80,0,3,0,1,0,2,0,4,4,35.66495111111111,139.44976666666668,2,3,,,,
1,30,888,137,2,0,1,30000,0,206,2019,4,30,21,15,22,,,,,3,1,2,1,1,9,22,0,23,14,9,30,70,4,2,1,35,1,3,61,31,0,,,,,,,3,0,10,0,3,0,2,0,2,0,4,2,35.66641555555555,139.46488194444444,3,1,,,,
1,30,888,139,2,0,1,200,319,206,2019,5,31,11,10,12,,,,,2,1,1,14,7,0,23,0,23,1,9,1,70,5,1,1,45,45,51,61,0,0,,,,,,,0,0,10,0,3,0,0,0,0,0,4,2,35.67262472222222,139.46236,6,3,,,,
1,30,889,105,2,0,1,30000,0,214,2018,11,24,17,55,22,,,,,1,1,1,1,7,9,22,0,23,15,9,30,70,4,2,1,35,35,4,61,31,0,,,,,,,2,0,10,0,4,0,2,0,2,0,4,2,35.70505,139.4772888888889,7,3,,,,
1,30,889,107,2,0,1,30000,0,214,2019,5,1,18,40,21,,,,,3,1,2,1,7,9,22,0,23,11,9,30,70,4,2,1,55,55,4,61,31,0,,,,,,,2,0,10,0,4,0,2,0,2,0,4,2,35.70874444444445,139.4850711111111,4,1,,,,
1,30,889,113,2,0,1,10660,0,210,2019,5,12,9,40,12,,,,,1,1,1,1,7,1,22,0,23,14,9,30,70,4,2,1,45,35,3,61,31,0,,,,,,,4,0,40,0,3,0,2,0,2,0,4,2,35.70288027777778,139.49713722222222,1,3,,,,
1,30,889,120,2,0,1,20880,0,210,2019,5,21,13,40,12,,,,,3,1,2,1,1,9,22,0,23,15,9,30,70,4,1,1,1,45,17,61,31,0,,,,,,,3,0,80,0,3,0,2,0,2,0,4,2,35.698974166666666,139.5046113888889,3,3,,,,
1,30,890,210,2,0,1,30000,0,229,2019,5,1,16,0,12,,,,,3,1,2,1,7,1,22,0,23,11,9,30,70,5,3,1,55,75,3,61,31,0,,,,,,,2,0,10,0,3,0,2,0,2,0,4,2,35.71856944444445,139.5361411111111,4,1,,,,
1,30,890,216,2,0,1,30000,0,229,2019,5,8,18,50,21,,,,,1,1,1,1,1,9,22,0,23,15,9,30,70,4,2,1,55,65,3,61,31,0,,,,,,,3,0,10,0,3,0,2,0,2,0,4,2,35.74264277777778,139.56229666666667,4,3,,,,
1,30,890,219,2,0,1,30000,0,229,2019,5,10,7,55,12,,,,,1,1,1,1,7,9,22,0,23,15,9,30,70,5,3,1,1,1,51,61,0,0,,,,,,,0,0,10,0,3,0,0,0,0,0,4,2,35.7450675,139.55460555555555,6,3,,,,
1,30,890,221,2,0,1,30000,0,229,2019,5,12,17,40,13,,,,,2,1,1,1,7,9,22,0,23,14,9,30,70,4,2,1,55,45,3,61,31,0,,,,,,,2,0,10,0,3,0,2,0,2,0,4,2,35.746845,139.55823805555556,1,3,,,,
1,30,890,224,2,0,1,30000,0,222,2019,5,14,18,10,13,,,,,2,1,1,1,7,1,22,0,23,14,9,30,70,4,2,1,65,75,4,61,31,0,,,,,,,3,0,20,0,3,0,2,0,2,0,4,2,35.759817222222225,139.52907194444447,3,3,,,,
1,30,890,236,2,0,1,30000,0,222,2019,5,23,7,27,12,,,,,1,1,1,1,7,9,22,0,23,11,9,30,70,5,3,1,35,65,51,61,0,0,,,,,,,0,0,10,0,3,0,0,0,0,0,4,2,35.76838194444444,139.53594944444444,5,3,,,,
1,30,890,238,2,0,1,30000,0,229,2019,5,23,10,55,12,,,,,1,1,1,14,7,0,23,0,23,2,9,1,70,5,3,1,65,75,4,61,31,0,,,,,,,2,0,20,0,3,0,2,0,2,0,4,2,35.73030361111111,139.5659302777778,5,3,,,,
1,30,890,239,2,0,1,99000,0,222,2019,3,25,12,10,12,,,,,1,1,5,0,7,0,23,0,23,0,0,20,70,0,4,1,65,65,3,61,31,0,,,,,,,10,0,30,0,3,0,2,0,2,0,4,2,35.763062777777776,139.52982083333336,2,3,,,,