資料区分,都道府県コード,警察署等コード,本票番号,事故内容,死者数,負傷者数,路線コード,地点コード,市区町村コード,発生日時　　年,発生日時　　月,発生日時　　日,発生日時　　時,発生日時　　分,昼夜,日の出時刻　　時,日の出時刻　　分,日の入り時刻　　時,日の入り時刻　　分,天候,地形,路面状態,道路形状,信号機,一時停止規制　標識（当事者A）,一時停止規制　表示（当事者A）,一時停止規制　標識（当事者B）,一時停止規制　表示（当事者B）,車道幅員,道路線形,衝突地点,ゾーン規制,中央分離帯施設等,歩車道区分,事故類型,年齢（当事者A）,年齢（当事者B）,当事者種別（当事者A）,当事者種別（当事者B）,用途別（当事者A）,用途別（当事者B）,車両形状等（当事者A）,車両形状等（当事者B）,オートマチック車（当事者A）,オートマチック車（当事者B）,サポカー（当事者A）,サポカー（当事者B）,速度規制（指定のみ）（当事者A）,速度規制（指定のみ）（当事者B）,車両の衝突部位（当事者A）,車両の衝突部位（当事者B）,車両の損壊程度（当事者A）,車両の損壊程度（当事者B）,エアバッグの装備（当事者A）,エアバッグの装備（当事者B）,サイドエアバッグの装備（当事者A）,サイドエアバッグの装備（当事者B）,人身損傷程度（当事者A）,人身損傷程度（当事者B）,lat,lon,曜日(発生年月日),祝日(発生年月日),認知機能検査経過日数（当事者A）,認知機能検査経過日数（当事者B）,運転練習の方法（当事者A）,運転練習の方法（当事者B）
1,30,890,240,2,0,1,30000,0,229,2019,5,20,22,10,22,,,,,3,1,2,14,7,0,23,0,23,4,9,1,70,4,2,1,45,45,51,61,0,0,,,,,,,0,0,10,0,3,0,0,0,0,0,4,2,35.75447888888889,139.56695916666666,2,3,,,,
1,30,890,255,2,0,1,30000,0,229,2019,5,30,12,50,12,,,,,1,1,1,14,7,0,23,0,23,3,9,1,70,5,2,1,35,75,51,61,0,0,,,,,,,0,0,10,0,3,0,0,0,0,0,4,2,35.7278025,139.5405827777778,5,3,,,,
1,30,890,260,2,0,1,30000,0,229,2019,5,30,8,12,12,,,,,1,1,1,7,7,0,23,0,23,1,9,1,70,5,2,1,35,45,51,61,0,0,,,,,,,0,0,11,0,3,0,0,0,0,0,4,2,35.72660194444445,139.53898583333333,5,3,,,,
1,30,891,129,2,0,1,10580,0,213,2019,4,18,18,30,21,,,,,1,2,1,14,7,0,23,0,23,1,7,1,70,4,2,1,1,65,51,61,0,0,,,,,,,0,0,10,0,3,0,0,0,0,0,4,2,35.77844916666667,139.47880083333334,5,3,,,,
1,30,891,130,2,0,1,30000,0,213,2019,5,1,14,28,12,,,,,2,1,1,7,1,0,23,0,23,3,9,1,70,4,2,1,65,35,3,61,31,0,,,,,,,1,0,80,0,3,0,2,0,2,0,4,2,35.756326666666666,139.4843761111111,4,1,,,,
1,30,891,131,2,0,1,30000,0,221,2019,5,1,22,31,22,,,,,3,1,2,1,1,9,22,0,23,18,9,30,70,4,1,1,25,1,36,61,31,0,,,,,,,2,0,10,0,3,0,0,0,0,0,4,2,35.78136222222222,139.5222313888889,4,1,,,,
1,30,891,146,2,0,1,30000,0,221,2019,5,18,10,34,12,,,,,1,2,1,14,7,0,23,0,23,2,9,1,70,5,2,1,55,1,3,61,31,0,,,,,,,5,0,40,0,3,0,2,0,1,0,4,2,35.787438333333334,139.5326325,7,3,,,,
1,30,892,82,2,0,1,30000,0,203,2019,5,7,18,20,13,,,,,1,1,1,1,7,9,22,0,23,11,7,30,70,5,4,1,35,1,13,61,31,0,,,,,,,10,0,20,0,3,0,2,0,2,0,4,2,35.71169472222223,139.53005194444447,3,3,,,,
1,30,892,87,2,0,1,30000,0,203,2019,5,14,11,25,12,,,,,3,1,2,14,7,0,23,0,23,2,9,1,70,5,2,1,45,45,35,61,31,0,,,,,,,3,0,10,0,3,0,0,0,0,0,4,2,35.702425833333336,139.54521305555556,3,3,,,,
1,30,892,89,2,0,1,30000,0,203,2019,5,22,21,10,22,,,,,1,1,1,14,7,0,23,0,23,3,9,1,70,5,2,1,25,1,51,61,0,0,,,,,,,0,0,10,0,3,0,0,0,0,0,4,2,35.70141138888889,139.54451277777778,4,3,,,,
1,30,892,91,2,0,1,30000,0,203,2019,5,31,18,30,13,,,,,2,1,1,14,7,0,23,0,23,4,9,1,70,5,2,1,1,1,51,61,0,0,,,,,,,0,0,10,0,4,0,0,0,0,0,4,2,35.716371111111116,139.56595694444445,6,3,,,,
1,30,893,134,2,0,1,30000,0,204,2019,5,1,23,35,22,,,,,3,1,2,7,1,0,23,0,23,1,9,1,70,4,2,1,45,35,3,61,31,0,,,,,,,3,0,10,0,3,0,2,0,2,0,4,2,35.671791388888884,139.57036888888888,4,1,,,,
1,30,893,137,2,0,1,95000,0,204,2019,5,9,12,10,12,,,,,2,1,1,1,1,9,22,0,23,18,9,30,70,4,2,1,35,65,14,61,1,0,,,,,,,3,0,20,0,3,0,2,0,2,0,4,2,35.689188888888886,139.5507888888889,5,3,,,,
1,30,894,196,2,0,1,95000,0,208,2019,5,3,7,40,12,,,,,1,1,1,14,7,0,23,0,23,1,9,1,70,5,4,1,45,55,51,61,0,0,,,,,,,0,0,10,0,3,0,0,0,0,0,4,2,35.636133888888885,139.56016305555556,6,1,,,,
1,30,894,216,2,0,1,30000,0,219,2019,5,1,17,10,12,,,,,3,1,2,14,7,0,23,0,23,3,9,1,70,4,2,1,45,55,14,61,1,0,,,,,,,10,0,20,0,3,0,2,0,2,0,4,2,35.643769166666665,139.57118305555557,4,1,,,,
1,30,894,224,2,0,1,30000,0,208,2019,5,25,9,0,12,,,,,1,1,1,14,7,0,23,0,23,2,9,1,70,5,3,1,35,65,14,61,31,0,,,,,,,2,0,40,0,3,0,2,0,2,0,4,2,35.677859166666664,139.55536694444444,7,3,,,,
1,30,894,235,2,0,1,200,203,208,2019,5,31,9,45,12,,,,,2,1,1,14,1,0,23,0,23,5,9,1,70,4,1,1,35,1,13,61,31,0,,,,,,,4,0,10,0,3,0,2,0,2,0,4,2,35.66258944444444,139.58233305555555,6,3,,,,
1,30,894,236,2,0,1,30000,0,208,2019,5,30,14,58,12,,,,,1,1,1,1,1,9,22,0,23,15,9,30,70,4,2,1,65,45,13,61,31,0,,,,,,,2,0,50,0,3,0,2,0,2,0,4,2,35.65951388888889,139.5856663888889,5,3,,,,
1,30,895,135,2,0,1,30000,0,211,2019,5,5,11,0,12,,,,,1,1,1,14,7,0,23,0,23,3,9,1,70,5,2,1,45,75,51,61,0,0,,,,,,,0,0,10,0,3,0,0,0,0,0,4,2,35.73420388888889,139.49300166666666,1,1,,,,
1,30,895,136,2,0,1,30000,0,211,2019,5,7,11,30,12,,,,,2,1,1,1,1,8,22,0,23,14,9,30,70,4,1,1,65,75,3,61,31,0,,,,,,,2,0,20,0,3,0,2,0,2,0,4,2,35.73573861111111,139.4612711111111,3,3,,,,
1,30,895,142,2,0,1,95000,0,211,2019,5,15,20,0,22,,,,,1,1,1,1,7,9,21,0,23,11,9,30,70,4,4,1,45,35,3,61,31,0,,,,,,,10,0,10,0,3,0,2,0,2,0,4,2,35.739975,139.46272305555556,4,3,,,,
1,30,895,151,2,0,1,95000,0,211,2019,5,22,10,10,12,,,,,1,1,1,0,7,0,23,0,23,0,0,20,70,0,4,1,35,65,3,61,31,0,,,,,,,10,0,30,0,4,0,2,0,2,0,4,2,35.71926527777778,139.49163138888886,4,3,,,,
1,30,895,157,2,0,1,30000,0,211,2019,5,22,16,20,12,,,,,1,1,1,7,7,0,23,0,23,2,9,1,70,5,3,1,1,1,4,61,31,0,,,,,,,10,0,10,0,3,0,2,0,2,0,4,2,35.722036111111116,139.4725588888889,4,3,,,,
1,30,101,93,2,0,1,20040,0,101,2019,6,13,8,40,12,,,,,1,1,1,1,1,9,22,0,23,17,9,30,70,1,2,1,35,65,4,61,31,0,,,,,,,5,0,50,0,2,0,2,0,2,0,4,2,35.67072666666667,139.75204805555555,5,3,,,,
1,30,101,94,2,0,1,20040,0,101,2019,6,16,12,20,12,,,,,1,1,1,1,8,9,22,0,23,19,9,30,70,4,2,1,25,65,51,61,0,0,,,,,,,0,0,10,0,4,0,0,0,0,0,4,2,35.68274361111111,139.76500944444444,1,3,,,,
1,30,101,95,2,0,1,10020,0,101,2019,6,17,9,55,12,,,,,1,1,1,14,7,0,23,0,23,1,9,1,70,5,2,1,35,55,51,61,0,0,,,,,,,0,0,10,0,3,0,0,0,0,0,4,2,35.676478055555556,139.7568811111111,2,3,,,,
1,30,102,81,2,0,1,30000,0,101,2019,6,12,12,17,12,,,,,2,1,1,1,7,9,22,0,23,11,9,30,70,5,4,1,65,35,3,61,1,0,,,,,,,5,0,30,0,3,0,2,0,2,0,4,2,35.693868888888886,139.76216861111112,4,3,,,,
1,30,102,82,2,0,1,30000,0,101,2019,6,13,16,51,12,,,,,1,1,1,14,7,0,23,0,23,5,9,1,1,5,2,1,55,1,51,61,0,0,,,,,,,0,0,20,0,4,0,0,0,0,0,2,4,35.692901388888885,139.7619,5,3,,,,
1,30,102,92,2,0,1,30000,0,101,2019,6,28,10,50,12,,,,,2,1,1,1,7,1,21,0,23,15,9,30,1,5,2,1,35,45,14,61,31,0,,,,,,,2,0,20,0,3,0,2,0,2,0,4,2,35.694107499999994,139.76280972222222,6,3,,,,
1,30,104,114,2,0,1,30000,0,102,2019,5,28,11,50,12,,,,,2,1,1,1,7,1,22,0,23,15,9,30,70,5,2,1,45,75,17,61,31,0,,,,,,,5,0,10,0,3,0,2,0,2,0,4,2,35.679204444444444,139.7787416666667,3,3,,,,
1,30,104,117,2,0,1,10040,0,102,2019,6,13,8,35,12,,,,,1,1,1,14,7,0,23,0,23,6,9,1,70,4,2,1,25,55,51,61,0,0,,,,,,,0,0,10,0,3,0,0,0,0,0,4,2,35.68830722222222,139.7691477777778,5,3,,,,
1,30,104,122,2,0,1,30000,0,102,2019,6,18,18,20,13,,,,,1,1,1,1,7,1,22,0,23,11,9,30,70,5,3,1,45,45,3,61,1,0,,,,,,,5,0,10,0,4,0,2,0,2,0,4,2,35.675153888888886,139.77085194444444,3,3,,,,
1,30,104,138,2,0,1,30000,0,102,2019,6,27,20,5,22,,,,,3,1,2,1,1,9,22,0,23,15,9,30,70,5,2,1,55,45,3,61,1,0,,,,,,,2,0,10,0,3,0,2,0,2,0,4,2,35.684934166666665,139.77292083333336,5,3,,,,
1,30,104,140,2,0,1,30000,0,102,2019,6,28,11,52,12,,,,,1,1,1,1,1,9,22,0,23,15,9,30,70,5,2,1,1,55,14,61,31,0,,,,,,,2,0,10,0,4,0,2,0,2,0,4,2,35.67574972222222,139.78274722222224,6,3,,,,
1,30,104,145,2,0,1,30000,0,102,2019,5,24,21,49,22,,,,,1,1,1,14,7,0,23,0,23,3,9,1,70,5,2,1,45,35,51,61,0,0,,,,,,,0,0,10,0,4,0,0,0,0,0,4,2,35.67684361111111,139.77447916666668,6,3,,,,
1,30,105,56,2,0,1,30000,0,102,2019,6,4,8,50,12,,,,,1,1,1,14,5,0,23,0,23,3,9,1,70,5,2,1,45,35,51,61,0,0,,,,,,,0,0,11,0,3,0,0,0,0,0,4,2,35.684864722222216,139.78175361111113,3,3,,,,
1,30,105,59,2,0,1,30000,0,102,2019,6,11,16,55,12,,,,,2,1,1,1,7,4,21,0,23,14,9,30,70,5,2,1,35,75,13,61,31,0,,,,,,,10,0,10,0,3,0,2,0,2,0,4,2,35.686878888888884,139.78644083333333,3,3,,,,
1,30,105,60,2,0,1,30080,0,102,2019,6,17,16,0,12,,,,,1,1,1,1,8,9,22,0,23,17,9,30,70,5,2,1,35,65,51,61,0,0,,,,,,,0,0,10,0,4,0,0,0,0,0,4,2,35.68719027777777,139.7814238888889,2,3,,,,
1,30,105,61,2,0,1,20540,0,102,2019,6,26,9,50,12,,,,,1,1,1,1,1,9,22,0,23,19,9,30,70,5,2,1,55,45,51,61,0,0,,,,,,,0,0,10,0,4,0,0,0,0,0,4,2,35.69060472222222,139.78434166666668,4,3,,,,
1,30,106,124,2,0,1,10020,0,102,2019,6,5,11,53,12,,,,,2,1,1,14,7,0,23,0,23,2,8,1,70,5,1,1,75,65,51,61,0,0,,,,,,,0,0,20,0,3,0,0,0,0,0,4,2,35.66585972222222,139.77156027777778,4,3,,,,
1,30,106,125,2,0,2,30000,0,102,2019,5,2,5,0,11,,,,,1,1,1,14,7,0,23,0,23,3,9,1,70,5,1,1,55,25,3,61,31,0,,,,,,,2,0,20,0,4,0,2,0,2,0,4,2,35.671280277777775,139.76023194444446,5,1,,,,
1,30,106,126,2,0,1,30000,0,102,2019,6,6,13,0,12,,,,,1,1,1,14,7,0,23,0,23,2,9,1,70,5,3,1,65,65,17,61,31,0,,,,,,,5,0,40,0,4,0,2,0,2,0,4,2,35.66641277777778,139.76975611111112,5,3,,,,
1,30,106,128,2,0,1,150,16,102,2019,6,10,23,24,22,,,,,3,1,2,1,1,9,22,0,23,18,9,30,70,4,2,1,35,25,3,61,1,0,,,,,,,5,0,10,0,3,0,2,0,2,0,4,2,35.671390555555554,139.7651647222222,2,3,,,,
1,30,106,130,2,0,1,30000,0,102,2019,5,13,11,10,12,,,,,1,1,1,14,7,0,23,0,23,3,9,1,70,5,3,1,25,25,3,61,31,0,,,,,,,2,0,40,0,4,0,2,0,2,0,4,2,35.669870555555555,139.76100305555556,2,3,,,,
1,30,106,134,2,0,1,30000,0,102,2019,5,14,20,17,22,,,,,3,1,1,1,7,1,22,0,23,11,9,30,70,5,3,1,45,45,3,61,1,0,,,,,,,5,0,20,0,4,0,2,0,2,0,4,2,35.66703111111111,139.76260416666668,3,3,,,,
1,30,106,135,2,0,1,30000,0,102,2019,6,1,13,40,12,,,,,1,1,1,14,7,0,23,0,23,3,9,1,70,5,2,1,55,55,3,61,1,0,,,,,,,5,0,10,0,3,0,2,0,2,0,4,2,35.67211611111111,139.78008027777778,7,3,,,,
1,30,106,138,2,0,1,30000,0,102,2019,6,19,22,20,22,,,,,1,1,1,14,7,0,23,0,23,3,9,1,70,5,2,1,65,1,3,61,1,0,,,,,,,5,0,10,0,3,0,2,0,2,0,4,2,35.66704055555555,139.7665186111111,4,3,,,,
1,30,106,142,2,0,1,10020,0,102,2019,3,3,15,0,12,,,,,3,1,2,1,7,9,22,0,23,17,9,30,70,5,2,1,55,55,3,61,31,0,,,,,,,5,0,30,0,3,0,2,0,2,0,4,2,35.670831944444444,139.76569722222223,1,3,,,,
1,30,106,144,2,0,1,30000,0,102,2019,6,10,18,15,13,,,,,3,1,2,1,7,9,22,0,23,11,9,30,70,5,2,1,35,55,3,61,1,0,,,,,,,2,0,10,0,3,0,2,0,2,0,4,2,35.66907361111111,139.7614047222222,2,3,,,,
1,30,106,145,2,0,1,30000,0,102,2019,6,24,11,50,12,,,,,3,1,2,14,7,0,23,0,23,1,9,1,70,5,2,1,55,35,59,61,0,0,,,,,,,0,0,10,0,4,0,0,0,0,0,4,2,35.66831777777777,139.76430944444445,2,3,,,,
1,30,107,43,2,0,1,30000,0,102,2019,5,31,19,30,21,,,,,2,1,1,1,1,9,22,0,23,15,9,30,70,5,2,1,1,75,51,61,0,0,,,,,,,0,0,10,0,3,0,0,0,0,0,4,2,35.66030138888889,139.78144527777778,6,3,,,,
1,30,107,44,2,0,1,10020,0,102,2019,5,30,23,46,22,,,,,1,1,1,14,7,0,23,0,23,6,9,1,70,1,2,1,65,45,3,61,1,0,,,,,,,10,0,10,0,4,0,2,0,2,0,4,2,35.66041972222222,139.77667305555556,5,3,,,,
1,30,108,118,2,0,1,30000,0,103,2019,6,4,15,25,12,,,,,1,1,1,14,7,0,23,0,23,3,9,1,70,5,3,1,75,25,3,61,31,0,,,,,,,10,0,40,0,3,0,2,0,2,0,4,2,35.65781944444444,139.75637555555556,3,3,,,,
1,30,108,124,2,0,1,30000,0,103,2019,6,14,9,37,12,,,,,1,1,1,1,1,9,22,0,23,17,9,30,70,1,1,1,35,45,13,61,31,0,,,,,,,3,0,10,0,3,0,2,0,2,0,4,2,35.66182444444444,139.7590986111111,6,3,,,,
1,30,108,125,2,0,1,30000,0,103,2019,6,5,0,28,22,,,,,1,1,1,1,7,9,22,0,23,18,9,30,70,4,2,1,55,35,3,61,1,0,,,,,,,3,0,50,0,4,0,2,0,2,0,4,2,35.662884444444444,139.7455711111111,4,3,,,,
1,30,108,128,2,0,1,30000,0,103,2019,6,25,19,20,21,,,,,1,1,1,1,1,9,22,0,23,15,9,30,70,5,1,1,65,25,3,61,31,0,,,,,,,3,0,80,0,3,0,2,0,2,0,4,2,35.6549725,139.75266555555555,3,3,,,,
1,30,108,134,2,0,1,99000,0,103,2019,6,30,15,30,12,,,,,3,1,2,0,7,0,23,0,23,0,0,20,70,0,4,1,45,45,3,61,31,0,,,,,,,1,0,70,0,4,0,2,0,2,0,4,2,35.658901388888886,139.74508666666665,1,3,,,,
1,30,109,88,2,0,1,10,62,103,2019,6,3,9,0,12,,,,,1,1,1,14,7,0,23,0,23,2,9,1,70,1,1,1,1,1,51,61,0,0,,,,,,,0,0,10,0,3,0,0,0,0,0,4,2,35.65146083333333,139.74485388888888,2,3,,,,
1,30,109,90,2,0,1,30000,0,103,2019,6,5,18,5,13,,,,,1,1,1,14,7,0,23,0,23,4,9,1,70,1,1,1,45,25,3,61,1,0,,,,,,,5,0,10,0,3,0,2,0,2,0,4,2,35.64880472222222,139.75893472222222,4,3,,,,
1,30,109,93,2,0,1,30000,0,103,2019,5,31,17,53,13,,,,,1,1,1,14,1,0,23,0,23,1,9,20,70,4,2,1,45,1,3,61,31,0,,,,,,,2,0,10,0,4,0,2,0,2,0,4,2,35.642635,139.7497661111111,6,3,,,,
1,30,110,93,2,0,1,10140,0,103,2019,6,13,11,45,12,,,,,1,1,1,14,7,0,23,0,23,6,9,1,70,4,1,1,45,45,14,61,31,0,,,,,,,4,0,10,0,3,0,2,0,2,0,4,2,35.6296025,139.7450947222222,5,3,,,,
1,30,110,97,2,0,1,30000,0,103,2019,5,31,15,30,12,,,,,1,1,1,7,7,0,23,0,23,3,9,1,70,4,1,1,45,75,3,61,31,0,,,,,,,3,0,10,0,3,0,2,0,2,0,4,2,35.632850833333336,139.74782305555553,6,3,,,,
1,30,110,98,2,0,1,30000,0,103,2019,6,16,21,36,22,,,,,1,1,1,1,7,9,22,0,23,18,9,30,70,1,1,1,65,35,3,61,1,0,,,,,,,3,0,10,0,3,0,2,0,2,0,4,2,35.63161083333333,139.74985416666667,1,3,,,,
1,30,110,100,2,0,1,30000,0,103,2019,6,22,18,15,13,,,,,2,1,2,1,1,9,22,0,23,18,9,30,70,4,1,1,75,1,3,61,1,0,,,,,,,3,0,10,0,3,0,2,0,2,0,4,2,35.63583416666667,139.73162555555555,7,3,,,,
1,30,110,103,2,0,1,30000,0,103,2019,6,20,16,0,12,,,,,1,1,1,7,7,0,23,0,23,3,9,1,70,5,2,1,1,1,51,61,0,0,,,,,,,0,0,10,0,3,0,0,0,0,0,4,2,35.64550083333333,139.73313833333333,5,3,,,,
1,30,110,106,2,0,1,30000,0,103,2019,6,25,2,27,22,,,,,1,1,1,1,7,9,22,0,23,11,9,30,70,5,3,1,55,45,12,61,31,0,,,,,,,1,0,20,0,3,0,2,0,2,0,4,2,35.63448888888889,139.732125,3,3,,,,
1,30,111,182,2,0,1,95000,0,103,2019,6,5,18,3,13,,,,,2,1,1,14,7,0,23,0,23,2,9,1,70,5,3,1,45,1,4,61,31,0,,,,,,,5,0,82,0,4,0,2,0,2,0,4,2,35.65231,139.7238125,4,3,,,,
1,30,111,189,2,0,1,10670,0,103,2019,6,10,20,5,22,,,,,3,1,2,1,1,9,22,0,23,18,9,30,70,1,2,1,55,45,3,61,1,0,,,,,,,4,0,10,0,4,0,2,0,2,0,4,2,35.659237777777776,139.73227694444444,2,3,,,,
1,30,111,195,2,0,2,30000,0,103,2019,6,8,0,5,22,,,,,2,1,1,1,7,9,22,0,23,15,9,30,70,4,1,1,45,25,3,61,1,0,,,,,,,10,0,50,0,3,0,2,0,2,0,4,2,35.66055083333333,139.72805916666667,7,3,,,,
1,30,111,196,2,0,1,10120,0,103,2019,5,28,20,18,22,,,,,3,1,2,1,7,1,22,0,23,17,9,30,70,1,1,1,45,25,3,61,1,0,,,,,,,3,0,10,0,3,0,2,0,2,0,4,2,35.665895,139.72875638888888,3,3,,,,
1,30,111,198,2,0,2,95000,0,103,2019,6,17,12,5,12,,,,,1,1,1,1,1,9,22,0,23,14,9,30,70,1,1,1,45,35,3,61,31,0,,,,,,,5,0,10,0,4,0,2,0,2,0,4,2,35.66383166666667,139.73860249999998,2,3,,,,
1,30,111,204,2,0,1,95000,0,103,2019,6,24,23,56,22,,,,,1,1,1,1,1,9,22,0,23,18,9,30,70,1,2,1,55,35,3,61,1,0,,,,,,,5,0,10,0,3,0,2,0,2,0,4,2,35.66385277777778,139.73841527777776,2,3,,,,
1,30,112,99,2,0,1,30000,0,103,2019,6,23,14,23,12,,,,,2,1,1,1,7,1,21,0,23,11,9,30,70,4,2,1,55,1,3,61,31,0,,,,,,,2,0,80,0,3,0,2,0,1,0,4,2,35.67453222222222,139.7323272222222,1,3,,,,
1,30,112,107,2,0,1,30000,0,103,2019,6,24,15,43,12,,,,,3,1,2,1,1,9,22,0,23,15,9,30,70,5,1,1,45,1,3,61,1,0,,,,,,,3,0,10,0,4,0,2,0,2,0,4,2,35.66274444444444,139.7172161111111,2,3,,,,
1,30,113,120,2,0,1,30000,0,108,2019,3,25,12,54,12,,,,,1,1,1,1,7,9,22,0,23,15,9,30,70,5,1,1,65,75,3,61,31,0,,,,,,,5,0,10,0,3,0,2,0,2,0,4,2,35.648851388888886,139.80310083333333,2,3,,,,
1,30,113,131,2,0,1,85000,0,108,2019,6,20,14,20,12,,,,,1,1,1,7,1,0,23,0,23,4,9,1,70,1,2,1,25,75,3,61,31,0,,,,,,,5,0,30,0,3,0,2,0,2,0,4,2,35.644528333333334,139.82499916666666,5,3,,,,
1,30,215,68,2,0,1,150,90,109,2019,6,3,14,5,12,,,,,1,1,1,1,1,9,22,0,23,14,9,20,70,1,1,1,35,55,51,61,0,0,,,,,,,0,0,20,0,4,0,0,0,0,0,4,2,35.61446083333333,139.74111833333333,2,3,,,,
1,30,215,70,2,0,1,30000,0,109,2019,6,15,22,20,22,,,,,2,1,2,13,7,0,23,0,23,1,3,1,70,5,3,1,45,45,4,61,31,0,,,,,,,10,0,80,0,4,0,2,0,2,0,4,2,35.613324444444444,139.73824,7,3,,,,
1,30,215,75,2,0,1,10160,0,109,2019,1,12,17,36,21,,,,,2,1,2,1,1,9,22,0,23,17,9,30,70,6,2,1,35,45,3,61,31,0,,,,,,,3,0,20,0,3,0,2,0,2,0,4,2,35.61805638888889,139.7439061111111,7,3,,,,
1,30,215,76,2,0,1,10070,0,109,2019,6,19,23,15,22,,,,,1,1,1,14,7,0,23,0,23,1,9,1,70,1,1,1,55,45,3,61,31,0,,,,,,,10,0,10,0,3,0,2,0,2,0,4,2,35.623022222222225,139.75059777777778,4,3,,,,
1,30,215,77,2,0,1,30000,0,109,2019,4,6,12,53,12,,,,,1,1,1,14,1,0,23,0,23,1,9,1,70,5,2,1,1,45,51,61,0,0,,,,,,,0,0,10,0,3,0,0,0,0,0,4,2,35.623530555555554,139.75019777777777,7,3,,,,
1,30,216,53,2,0,1,30000,0,109,2019,6,1,8,40,12,,,,,2,1,1,14,7,0,23,0,23,1,9,1,70,5,4,1,35,1,36,61,31,0,,,,,,,10,0,40,0,4,0,0,0,0,0,4,2,35.59910805555556,139.7237477777778,7,3,,,,
1,30,216,56,2,0,1,20180,0,109,2019,6,15,12,20,12,,,,,3,1,2,1,1,9,22,0,23,14,9,30,70,4,2,1,65,1,3,61,31,0,,,,,,,3,0,10,0,4,0,2,0,2,0,4,2,35.59900583333334,139.73063444444443,7,3,,,,
1,30,217,85,2,0,1,10160,0,109,2019,3,2,3,18,22,,,,,1,1,1,1,1,9,22,0,23,19,9,30,70,1,1,1,55,35,3,61,1,0,,,,,,,5,0,10,0,4,0,2,0,2,0,4,2,35.62495,139.71826166666668,7,3,,,,
1,30,217,86,2,0,1,30000,0,109,2019,5,8,22,10,22,,,,,1,1,1,1,1,9,22,0,23,15,9,30,70,5,2,1,1,45,3,61,31,0,,,,,,,1,0,80,0,4,0,2,0,2,0,4,2,35.63493611111111,139.71619916666666,4,3,,,,
1,30,217,87,2,0,1,10080,0,109,2019,5,14,10,35,12,,,,,3,1,2,1,1,9,22,0,23,15,8,30,70,5,2,1,55,65,3,61,1,0,,,,,,,4,0,10,0,4,0,2,0,2,0,4,2,35.634935,139.71621,3,3,,,,
1,30,217,89,2,0,1,30000,0,109,2019,6,5,14,7,12,,,,,2,1,1,7,1,0,23,0,23,3,9,1,70,4,1,1,25,55,14,61,1,0,,,,,,,2,0,10,0,4,0,2,0,2,0,4,2,35.617763333333336,139.71953277777777,4,3,,,,
1,30,217,90,2,0,1,30000,0,109,2019,6,6,8,16,12,,,,,1,1,1,1,7,1,21,0,23,11,9,30,70,5,4,1,35,35,3,61,1,0,,,,,,,10,0,10,0,4,0,2,0,2,0,4,2,35.617000833333336,139.7248788888889,5,3,,,,
1,30,218,93,2,0,1,30000,0,109,2019,6,4,10,20,12,,,,,1,1,1,14,7,0,23,0,23,1,9,1,70,5,3,1,55,25,3,61,31,0,,,,,,,2,0,80,0,4,0,2,0,2,0,4,2,35.61573222222222,139.71454055555554,3,3,,,,
1,30,218,97,2,0,1,30000,0,109,2019,5,6,14,55,12,,,,,1,1,1,14,7,0,23,0,23,1,9,1,70,5,4,1,55,1,14,61,1,0,,,,,,,5,0,10,0,3,0,2,0,2,0,4,2,35.61533416666667,139.72183055555556,2,1,,,,
1,30,218,99,2,0,1,30000,0,109,2019,6,11,19,50,21,,,,,2,1,1,1,7,9,22,0,23,11,9,30,70,5,2,1,75,25,3,61,31,0,,,,,,,2,0,10,0,3,0,2,0,1,0,4,2,35.60905861111111,139.70410388888888,3,3,,,,
1,30,218,105,2,0,1,30130,0,109,2019,6,16,13,30,12,,,,,1,1,1,1,7,9,22,0,23,11,9,30,70,5,1,1,35,75,51,61,0,0,,,,,,,0,0,10,0,3,0,0,0,0,0,4,2,35.603454722222224,139.72260472222223,1,3,,,,
1,30,218,111,2,0,1,30000,0,109,2019,6,29,9,46,12,,,,,2,1,1,1,7,9,21,0,23,11,9,30,70,5,3,1,45,45,4,61,31,0,,,,,,,10,0,20,0,3,0,2,0,2,0,4,2,35.612323611111115,139.70636638888888,7,3,,,,
1,30,219,212,2,0,1,30000,0,111,2019,5,17,16,25,12,,,,,1,1,1,1,1,9,22,0,23,11,9,30,70,4,3,1,35,1,17,61,31,0,,,,,,,10,0,10,0,3,0,2,0,2,0,4,2,35.56253222222222,139.742595,6,3,,,,
1,30,219,228,2,0,1,30000,0,111,2019,6,18,12,15,12,,,,,1,1,1,1,1,9,22,0,23,14,9,30,70,4,1,1,25,25,51,61,0,0,,,,,,,0,0,10,0,4,0,0,0,0,0,4,2,35.58474833333334,139.72879555555556,3,3,,,,
1,30,219,239,2,0,1,90000,0,111,2019,6,26,17,40,12,,,,,1,1,1,14,7,0,23,0,23,1,9,20,70,5,4,1,55,45,3,61,31,0,,,,,,,10,0,30,0,4,0,2,0,2,0,4,2,35.58355138888889,139.73066722222222,4,3,,,,
1,30,220,100,2,0,1,30000,0,111,2019,6,7,11,55,12,,,,,3,1,2,7,7,0,23,0,23,1,9,1,70,5,3,1,1,1,3,61,31,0,,,,,,,2,0,10,0,4,0,2,0,2,0,4,2,35.574271111111116,139.68041916666667,6,3,,,,