資料区分,都道府県コード,警察署等コード,本票番号,事故内容,死者数,負傷者数,路線コード,地点コード,市区町村コード,発生日時　　年,発生日時　　月,発生日時　　日,発生日時　　時,発生日時　　分,昼夜,日の出時刻　　時,日の出時刻　　分,日の入り時刻　　時,日の入り時刻　　分,天候,地形,路面状態,道路形状,信号機,一時停止規制　標識（当事者A）,一時停止規制　表示（当事者A）,一時停止規制　標識（当事者B）,一時停止規制　表示（当事者B）,車道幅員,道路線形,衝突地点,ゾーン規制,中央分離帯施設等,歩車道区分,事故類型,年齢（当事者A）,年齢（当事者B）,当事者種別（当事者A）,当事者種別（当事者B）,用途別（当事者A）,用途別（当事者B）,車両形状等（当事者A）,車両形状等（当事者B）,オートマチック車（当事者A）,オートマチック車（当事者B）,サポカー（当事者A）,サポカー（当事者B）,速度規制（指定のみ）（当事者A）,速度規制（指定のみ）（当事者B）,車両の衝突部位（当事者A）,車両の衝突部位（当事者B）,車両の損壊程度（当事者A）,車両の損壊程度（当事者B）,エアバッグの装備（当事者A）,エアバッグの装備（当事者B）,サイドエアバッグの装備（当事者A）,サイドエアバッグの装備（当事者B）,人身損傷程度（当事者A）,人身損傷程度（当事者B）,lat,lon,曜日(発生年月日),祝日(発生年月日),認知機能検査経過日数（当事者A）,認知機能検査経過日数（当事者B）,運転練習の方法（当事者A）,運転練習の方法（当事者B）
1,30,220,105,2,0,2,30000,0,111,2019,6,22,1,10,22,,,,,1,1,1,1,7,9,22,0,23,18,8,20,70,5,3,1,45,35,3,61,1,0,,,,,,,10,0,10,0,3,0,2,0,2,0,4,2,35.5846175,139.68033055555554,7,3,,,,
1,30,220,106,2,0,1,30000,0,111,2019,6,22,11,35,12,,,,,3,1,2,1,7,1,21,0,23,14,9,30,70,5,3,1,45,55,3,61,31,0,,,,,,,2,0,10,0,4,0,2,0,2,0,4,2,35.59285527777778,139.6796022222222,7,3,,,,
1,30,220,109,2,0,1,95000,0,111,2019,6,23,15,20,12,,,,,2,1,1,0,7,0,23,0,23,0,0,20,70,0,4,1,55,75,3,61,31,0,,,,,,,10,0,30,0,4,0,2,0,2,0,4,2,35.58786916666667,139.6914175,1,3,,,,
1,30,221,117,2,0,1,30000,0,111,2019,6,6,9,35,12,,,,,1,1,1,7,7,0,23,0,23,3,9,1,70,5,3,1,55,55,3,61,31,0,,,,,,,10,0,40,0,3,0,2,0,2,0,4,2,35.56700861111111,139.72467944444443,5,3,,,,
1,30,221,134,2,0,1,30000,0,111,2019,3,13,18,36,21,,,,,1,1,1,14,7,0,23,0,23,2,9,1,70,5,4,1,1,35,36,61,31,0,,,,,,,2,0,40,0,4,0,0,0,0,0,4,2,35.549545277777774,139.71335777777776,4,3,,,,
1,30,222,128,2,0,1,10200,0,111,2019,6,17,20,25,22,,,,,1,1,1,14,7,0,23,0,23,1,9,1,70,1,1,1,1,1,51,61,0,0,,,,,,,0,0,10,0,4,0,0,0,0,0,4,2,35.56038916666667,139.70672805555554,2,3,,,,
1,30,223,11,2,0,1,10200,0,111,2019,4,28,20,15,22,,,,,1,1,1,1,1,9,22,0,23,19,3,30,70,1,1,1,65,55,3,61,1,0,,,,,,,5,0,10,0,3,0,2,0,2,0,4,2,35.55003083333333,139.75496055555556,1,2,,,,
1,30,325,223,2,0,1,10210,0,112,2019,6,5,17,40,12,,,,,1,1,1,1,7,9,22,0,23,14,9,30,70,4,2,1,55,75,3,61,1,0,,,,,,,3,0,30,0,3,0,2,0,2,0,4,2,35.64319972222222,139.64616638888887,4,3,,,,
1,30,325,229,2,0,1,30000,0,112,2019,6,9,12,43,12,,,,,2,1,1,14,7,0,23,0,23,3,9,1,70,4,2,1,1,35,51,61,0,0,,,,,,,0,0,40,0,4,0,0,0,0,0,4,2,35.636070833333335,139.6445175,1,3,,,,
1,30,325,231,2,0,1,10210,0,112,2019,6,10,17,15,12,,,,,3,1,2,1,1,9,22,0,23,15,9,30,70,4,2,1,1,45,36,61,31,0,,,,,,,2,0,10,0,3,0,0,0,0,0,4,2,35.64248166666667,139.64656722222222,2,3,,,,
1,30,325,245,2,0,1,30000,0,112,2019,6,26,9,20,12,,,,,1,1,1,1,1,9,22,0,23,15,9,30,70,4,2,1,25,65,51,61,0,0,,,,,,,0,0,20,0,3,0,0,0,0,0,4,2,35.63549722222222,139.63984166666665,4,3,,,,
1,30,325,246,2,0,1,30000,0,112,2019,4,23,15,20,12,,,,,1,1,1,1,7,9,22,0,23,15,9,30,70,4,2,1,65,45,3,61,31,0,,,,,,,3,0,20,0,3,0,2,0,2,0,4,2,35.646098055555555,139.65601444444445,3,3,,,,
1,30,325,248,2,0,1,2460,83,112,2019,6,18,21,40,22,,,,,1,1,1,14,7,0,23,0,23,5,9,1,70,1,1,1,1,45,51,61,0,0,,,,,,,0,0,20,0,3,0,0,0,0,0,4,2,35.64231,139.6697586111111,3,3,,,,
1,30,326,169,2,0,1,20260,0,112,2019,6,5,10,3,12,,,,,2,1,1,1,1,9,22,0,23,14,9,30,70,4,1,1,1,55,51,61,0,0,,,,,,,0,0,10,0,3,0,0,0,0,0,4,2,35.65514611111111,139.6747136111111,4,3,,,,
1,30,326,170,2,0,1,20260,0,112,2019,6,7,1,8,22,,,,,1,1,1,1,7,9,22,0,23,14,9,30,70,5,2,1,45,25,3,61,31,0,,,,,,,3,0,10,0,4,0,2,0,2,0,4,2,35.65405416666667,139.6727508333333,6,3,,,,
1,30,326,171,2,0,1,30000,0,112,2019,6,10,7,50,12,,,,,3,1,2,14,7,0,23,0,23,3,9,1,70,4,3,1,45,45,51,61,0,0,,,,,,,0,0,10,0,3,0,0,0,0,0,4,2,35.66582111111111,139.6656063888889,2,3,,,,
1,30,326,177,2,0,1,30000,0,112,2019,6,17,14,55,12,,,,,1,1,1,14,7,0,23,0,23,3,9,1,70,5,3,1,45,75,3,61,31,0,,,,,,,2,0,20,0,3,0,2,0,2,0,4,2,35.66572333333333,139.6675136111111,2,3,,,,
1,30,326,182,2,0,1,30000,0,112,2019,6,18,8,25,12,,,,,1,1,1,14,7,0,23,0,23,2,9,1,70,5,3,1,1,35,51,61,0,0,,,,,,,0,0,10,0,3,0,0,0,0,0,4,2,35.64760416666667,139.64458555555555,3,3,,,,
1,30,326,183,2,0,1,30000,0,112,2019,6,18,11,30,12,,,,,1,1,1,14,7,0,23,0,23,2,9,1,70,5,3,1,65,45,3,61,1,0,,,,,,,2,0,10,0,4,0,2,0,2,0,4,2,35.661926944444446,139.66831916666666,3,3,,,,
1,30,326,185,2,0,2,30000,0,112,2019,1,9,0,5,22,,,,,1,1,1,7,7,0,23,0,23,2,9,1,1,4,2,1,65,1,3,61,1,0,,,,,,,3,0,10,0,3,0,2,0,2,0,4,2,35.65387472222222,139.6642461111111,4,3,,,,
1,30,326,186,2,0,1,30000,0,112,2019,4,15,12,55,12,,,,,1,1,1,14,7,0,23,0,23,3,9,1,70,5,3,1,35,55,13,61,31,0,,,,,,,2,0,80,0,4,0,2,0,2,0,4,2,35.662144166666664,139.66917888888887,2,3,,,,
1,30,326,191,2,0,1,30000,0,112,2019,6,10,19,50,21,,,,,3,1,2,14,7,0,23,0,23,2,9,20,70,5,4,1,35,35,14,61,1,0,,,,,,,5,0,40,0,3,0,2,0,2,0,4,2,35.671121666666664,139.66186944444445,2,3,,,,
1,30,327,238,1,1,0,10200,0,112,2019,6,6,10,22,12,,,,,1,1,1,14,7,0,23,0,23,5,7,1,70,1,1,1,1,45,13,61,31,0,,,,,,,10,0,84,0,2,0,2,0,2,0,4,1,35.601618055555555,139.66060361111113,5,3,,,,
1,30,327,247,2,0,1,30000,0,112,2019,6,7,17,10,12,,,,,3,1,2,14,7,0,23,0,23,3,9,1,70,5,3,1,1,75,3,61,31,0,,,,,,,2,0,30,0,4,0,2,0,2,0,4,2,35.619350833333336,139.63339472222222,6,3,,,,
1,30,327,249,2,0,1,30000,0,112,2019,6,8,14,30,12,,,,,2,1,1,14,7,0,23,0,23,3,8,1,70,4,1,1,55,65,51,61,0,0,,,,,,,0,0,10,0,3,0,0,0,0,0,4,2,35.61112722222222,139.65459222222222,7,3,,,,
1,30,327,251,2,0,1,10200,0,112,2019,6,9,12,26,12,,,,,2,1,1,14,1,0,23,0,23,1,9,1,70,1,2,1,55,55,3,61,31,0,,,,,,,10,0,10,0,3,0,2,0,2,0,4,2,35.61315972222222,139.637575,1,3,,,,
1,30,327,258,2,0,1,30000,0,112,2019,5,24,16,23,12,,,,,1,1,1,1,7,9,22,0,23,14,9,30,70,4,2,1,1,55,51,61,0,0,,,,,,,0,0,10,0,3,0,0,0,0,0,4,2,35.62399027777778,139.63379555555554,6,3,,,,
1,30,327,268,2,0,1,95000,0,112,2019,5,25,19,38,21,,,,,1,1,1,7,1,0,23,0,23,4,9,1,70,4,2,1,35,45,3,61,31,0,,,,,,,3,0,10,0,3,0,2,0,2,0,4,2,35.62441833333333,139.6325588888889,7,3,,,,
1,30,327,271,2,0,1,30000,0,112,2019,6,24,13,4,12,,,,,3,1,2,1,1,9,22,0,23,14,9,30,70,5,2,1,75,75,3,61,31,0,,,,,,,3,0,50,0,4,0,2,0,2,0,4,2,35.60573611111111,139.66175722222223,2,3,,,,
1,30,327,274,2,0,2,30000,0,112,2019,6,25,15,58,12,,,,,1,1,1,1,7,1,21,0,23,11,9,30,70,5,3,1,45,1,13,61,31,0,,,,,,,10,0,10,0,3,0,2,0,2,0,4,2,35.61599916666667,139.6440975,3,3,,,,
1,30,327,280,2,0,1,30000,0,112,2019,6,29,13,40,12,,,,,3,1,2,14,7,0,23,0,23,1,9,20,70,5,1,1,45,1,3,61,31,0,,,,,,,2,0,20,0,3,0,2,0,2,0,4,2,35.59940166666667,139.67376777777775,7,3,,,,
1,30,327,281,2,0,1,30200,0,112,2019,6,30,12,38,12,,,,,2,1,1,7,1,0,23,0,23,4,9,1,70,4,2,1,35,35,51,61,0,0,,,,,,,0,0,10,0,4,0,0,0,0,0,4,2,35.62403194444445,139.6551763888889,1,3,,,,
1,30,327,286,2,0,2,30000,0,112,2019,6,28,8,40,12,,,,,2,1,1,1,7,9,22,0,23,11,9,30,70,5,3,1,25,35,4,61,31,0,,,,,,,10,0,30,0,3,0,2,0,2,0,4,2,35.63210222222222,139.6452033333333,6,3,,,,
1,30,328,258,1,1,0,30000,0,112,2019,6,15,13,5,12,,,,,3,1,2,1,7,9,22,0,23,14,9,30,70,4,1,1,45,75,17,61,1,0,,,,,,,3,0,50,0,3,0,2,0,2,0,4,1,35.64503666666667,139.61671916666668,7,3,,,,
1,30,328,259,2,0,1,30000,0,112,2019,4,16,19,5,21,,,,,1,1,1,1,7,1,22,0,23,14,9,30,70,4,3,1,65,1,3,61,31,0,,,,,,,10,0,10,0,3,0,2,0,2,0,4,2,35.640363888888885,139.59831250000002,3,3,,,,
1,30,328,261,2,0,2,30000,0,112,2019,5,28,9,20,12,,,,,1,1,1,7,1,0,23,0,23,4,9,1,70,4,1,1,35,1,51,61,0,0,,,,,,,0,0,10,0,3,0,0,0,0,0,2,2,35.65971138888889,139.62232055555558,3,3,,,,
1,30,328,262,2,0,1,30000,0,112,2019,5,29,7,40,12,,,,,2,1,1,1,7,9,22,0,23,14,9,30,70,4,3,1,25,1,13,61,31,0,,,,,,,2,0,10,0,3,0,2,0,2,0,4,2,35.63446944444444,139.61595,4,3,,,,
1,30,328,264,2,0,1,30000,0,112,2019,6,3,6,30,12,,,,,1,1,1,14,7,0,23,0,23,1,9,1,70,5,4,1,75,75,3,61,31,0,,,,,,,10,0,30,0,3,0,2,0,2,0,4,2,35.63950055555556,139.60853444444444,2,3,,,,
1,30,328,266,2,0,1,95000,0,112,2019,6,5,20,35,22,,,,,1,1,1,1,7,9,22,0,23,14,9,30,70,4,1,1,35,45,13,61,31,0,,,,,,,2,0,50,0,3,0,2,0,2,0,4,2,35.63144305555556,139.61529416666667,4,3,,,,
1,30,328,267,2,0,1,95000,0,112,2019,6,6,11,25,12,,,,,1,1,1,14,7,0,23,0,23,2,9,1,70,5,2,1,25,75,14,61,1,0,,,,,,,1,0,30,0,3,0,2,0,2,0,4,2,35.675515,139.60344722222223,5,3,,,,
1,30,328,275,2,0,1,95000,0,115,2019,5,31,14,30,12,,,,,2,1,1,1,1,9,22,0,23,14,9,30,70,4,1,1,45,1,14,61,1,0,,,,,,,3,0,10,0,4,0,2,0,2,0,4,2,35.66969888888889,139.61652194444443,6,3,,,,
1,30,328,278,2,0,1,30000,0,208,2019,6,10,9,30,12,,,,,3,1,2,14,7,0,23,0,23,3,9,1,70,4,1,1,1,65,51,61,0,0,,,,,,,0,0,10,0,3,0,0,0,0,0,4,2,35.65038166666667,139.59218777777778,2,3,,,,
1,30,328,287,2,0,1,30000,0,112,2019,6,19,14,16,12,,,,,1,1,1,14,7,0,23,0,23,2,9,1,70,4,2,1,1,65,12,61,31,0,,,,,,,2,0,40,0,3,0,2,0,2,0,4,2,35.6635975,139.63189833333334,4,3,,,,
1,30,328,299,2,0,1,30000,0,112,2019,1,13,7,40,11,,,,,2,1,1,7,7,0,23,0,23,2,9,1,70,5,3,1,1,55,34,61,31,0,,,,,,,2,0,10,0,4,0,0,0,0,0,4,2,35.63662444444444,139.60870305555554,1,2,,,,
1,30,328,300,2,0,1,30000,0,112,2019,6,29,13,55,12,,,,,3,1,2,14,7,0,23,0,23,3,9,1,70,4,1,1,65,45,3,61,31,0,,,,,,,2,0,10,0,3,0,2,0,2,0,4,2,35.659280277777775,139.61421055555556,7,3,,,,
1,30,328,302,2,0,1,10200,0,112,2019,6,29,22,58,22,,,,,3,1,2,1,1,9,22,0,23,18,9,30,70,6,2,1,35,35,3,61,1,0,,,,,,,10,0,10,0,3,0,2,0,2,0,4,2,35.645405277777776,139.61792916666667,7,3,,,,
1,30,329,104,2,0,1,30000,0,110,2019,6,14,16,25,12,,,,,2,1,1,1,7,9,22,0,23,11,9,30,70,5,3,1,45,1,3,61,31,0,,,,,,,1,0,50,0,4,0,2,0,2,0,4,2,35.63725361111111,139.70388944444443,6,3,,,,
1,30,329,105,2,0,1,2460,63,110,2019,6,22,15,40,12,,,,,2,1,1,1,1,9,22,0,23,19,8,30,70,1,1,1,25,55,51,61,0,0,,,,,,,0,0,10,0,4,0,0,0,0,0,4,2,35.65215527777777,139.68825388888888,7,3,,,,
1,30,330,99,2,0,1,30000,0,110,2019,5,31,15,0,12,,,,,1,1,1,1,7,1,22,0,23,14,9,30,70,4,3,1,35,65,4,61,31,0,,,,,,,10,0,10,0,3,0,2,0,2,0,4,2,35.624717777777775,139.69179111111112,6,3,,,,
1,30,330,101,2,0,1,20190,0,110,2019,6,4,16,20,12,,,,,1,1,1,14,7,0,23,0,23,1,9,1,70,5,2,1,35,55,14,61,31,0,,,,,,,2,0,10,0,3,0,2,0,2,0,4,2,35.62737083333333,139.69353611111111,3,3,,,,
1,30,330,102,2,0,1,30000,0,110,2019,6,1,16,55,12,,,,,2,1,1,14,7,0,23,0,23,2,9,1,70,5,4,1,35,65,51,61,0,0,,,,,,,0,0,40,0,4,0,0,0,0,0,4,2,35.61582722222222,139.69786416666668,7,3,,,,
1,30,330,105,2,0,1,30000,0,110,2019,6,9,16,15,12,,,,,2,1,1,1,7,9,22,0,23,15,9,30,70,5,1,1,45,1,3,61,31,0,,,,,,,3,0,10,0,3,0,2,0,2,0,4,2,35.610839166666665,139.6714663888889,1,3,,,,
1,30,330,114,2,0,1,10080,0,110,2019,6,10,19,30,21,,,,,3,1,2,14,1,0,23,0,23,1,9,1,70,1,4,1,45,25,3,61,31,0,,,,,,,4,0,10,0,3,0,2,0,2,0,4,2,35.616346944444444,139.6723233333333,2,3,,,,
1,30,330,116,2,0,1,30000,0,110,2019,6,17,15,10,12,,,,,1,1,1,14,7,0,23,0,23,3,9,1,70,5,3,1,45,25,3,61,31,0,,,,,,,2,0,40,0,3,0,2,0,2,0,4,2,35.63041277777778,139.68667305555556,2,3,,,,
1,30,330,117,2,0,1,20210,0,110,2019,6,22,9,30,12,,,,,1,1,1,14,7,0,23,0,23,1,9,1,70,5,4,1,55,45,13,61,1,0,,,,,,,3,0,40,0,3,0,2,0,2,0,4,2,35.608918611111115,139.67050527777778,7,3,,,,
1,30,331,75,2,0,1,30220,0,113,2019,6,15,20,50,22,,,,,2,1,2,1,1,9,22,0,23,18,9,30,70,4,1,1,55,45,3,61,1,0,,,,,,,3,0,10,0,3,0,2,0,2,0,4,2,35.65951111111111,139.7021375,7,3,,,,
1,30,331,76,2,0,1,2460,43,113,2019,6,8,12,50,12,,,,,1,1,1,1,1,9,22,0,23,17,9,30,70,1,2,1,25,55,3,61,31,0,,,,,,,5,0,40,0,4,0,2,0,2,0,4,2,35.66003305555555,139.70621055555554,7,3,,,,
1,30,331,77,2,0,1,30000,0,113,2019,6,4,18,10,13,,,,,1,1,1,14,1,0,23,0,23,4,9,1,70,4,2,1,1,55,51,61,0,0,,,,,,,0,0,10,0,3,0,0,0,0,0,4,2,35.6600275,139.69816583333335,3,3,,,,
1,30,331,78,2,0,1,30000,0,113,2019,6,20,12,50,12,,,,,1,1,1,7,7,0,23,0,23,4,9,1,70,4,2,1,65,55,3,61,1,0,,,,,,,2,0,50,0,3,0,2,0,2,0,4,2,35.660694166666666,139.69669472222222,5,3,,,,
1,30,331,85,2,0,1,30000,0,113,2019,5,14,19,50,22,,,,,3,1,2,1,7,2,22,0,23,14,9,30,70,4,1,1,55,25,3,61,31,0,,,,,,,2,0,20,0,4,0,2,0,2,0,4,2,35.6495175,139.71597055555554,3,3,,,,
1,30,331,86,2,0,1,30000,0,113,2019,6,3,20,13,22,,,,,1,1,1,14,7,0,23,0,23,2,9,1,70,5,2,1,45,35,4,61,31,0,,,,,,,2,0,10,0,4,0,2,0,2,0,4,2,35.66160361111111,139.69778722222222,2,3,,,,
1,30,332,48,2,0,1,30000,0,113,2019,6,14,13,15,12,,,,,1,1,1,14,7,0,23,0,23,2,9,1,1,5,2,1,55,75,3,61,31,0,,,,,,,2,0,10,0,4,0,2,0,2,0,4,2,35.68224,139.70473444444443,6,3,,,,
1,30,332,49,2,0,1,200,85,113,2019,6,9,13,0,12,,,,,2,1,1,14,7,0,23,0,23,5,9,1,70,5,1,1,25,55,51,61,0,0,,,,,,,0,0,20,0,4,0,0,0,0,0,4,2,35.68897638888888,139.70080555555555,1,3,,,,
1,30,333,121,2,0,1,30000,0,113,2019,6,14,7,45,12,,,,,1,1,1,14,7,0,23,0,23,3,9,1,70,5,3,1,45,55,14,61,31,0,,,,,,,10,0,20,0,4,0,2,0,2,0,4,2,35.681824999999996,139.69202694444445,6,3,,,,
1,30,333,125,2,0,1,30000,0,113,2019,5,3,18,45,21,,,,,1,1,1,7,7,0,23,0,23,2,9,1,70,5,3,1,65,1,3,61,1,0,,,,,,,5,0,10,0,3,0,2,0,2,0,4,2,35.67953277777777,139.68266694444443,6,1,,,,
1,30,435,57,2,0,1,20090,0,104,2019,6,2,7,15,12,,,,,2,1,1,7,1,0,23,0,23,3,9,1,70,4,2,1,55,45,13,61,1,0,,,,,,,5,0,10,0,4,0,2,0,2,0,4,2,35.69204722222222,139.73506055555555,1,3,,,,
1,30,435,66,2,0,1,10280,0,104,2019,6,6,22,40,22,,,,,1,1,1,7,1,0,23,0,23,6,9,1,70,1,2,1,65,65,3,61,1,0,,,,,,,4,0,50,0,4,0,2,0,2,0,4,4,35.70968916666667,139.72727944444443,5,3,,,,
1,30,435,69,2,0,1,30000,0,104,2019,6,24,18,10,13,,,,,2,1,1,14,7,0,23,0,23,2,9,1,70,4,2,1,25,45,14,61,31,0,,,,,,,3,0,80,0,3,0,2,0,2,0,4,2,35.70349416666667,139.73300055555555,2,3,,,,
1,30,435,71,2,0,1,30000,0,104,2019,6,26,9,45,12,,,,,1,1,1,1,7,9,22,0,23,11,9,30,70,5,4,1,65,75,3,61,1,0,,,,,,,2,0,30,0,4,0,2,0,2,0,4,2,35.707836111111114,139.72976166666666,4,3,,,,
1,30,436,122,2,0,1,30000,0,104,2019,6,3,14,40,12,,,,,1,1,1,1,1,9,22,0,23,19,9,30,70,1,2,1,45,25,3,61,1,0,,,,,,,4,0,10,0,3,0,2,0,2,0,4,2,35.69112777777777,139.694705,2,3,,,,
1,30,436,125,2,0,1,30000,0,104,2019,6,9,20,15,22,,,,,3,1,2,1,7,9,22,0,23,15,8,30,70,5,3,1,25,45,3,61,1,0,,,,,,,2,0,20,0,4,0,2,0,2,0,4,2,35.69604611111111,139.70284166666664,1,3,,,,
1,30,436,128,2,0,1,10090,0,104,2019,6,10,16,30,12,,,,,3,1,2,1,1,9,22,0,23,19,9,30,70,1,1,1,35,35,51,61,0,0,,,,,,,0,0,10,0,3,0,0,0,0,0,4,2,35.694780277777774,139.70689888888887,2,3,,,,
1,30,436,130,2,0,1,10240,0,104,2019,5,18,20,50,22,,,,,1,1,1,1,1,9,22,0,23,18,9,30,70,6,2,1,65,25,3,61,1,0,,,,,,,10,0,10,0,3,0,2,0,2,0,4,2,35.693703888888884,139.6952552777778,7,3,,,,
1,30,436,134,2,0,1,30290,0,104,2019,6,7,14,30,12,,,,,3,1,2,1,1,9,22,0,23,15,9,30,70,4,1,1,25,45,3,61,31,0,,,,,,,3,0,10,0,4,0,2,0,2,0,4,2,35.694830277777776,139.69857805555557,6,3,,,,
1,30,436,135,2,0,1,20320,0,104,2019,4,26,8,54,12,,,,,3,1,2,1,1,9,22,0,23,19,9,30,70,1,2,1,55,55,1,61,1,0,,,,,,,10,0,0,0,4,0,2,0,2,0,4,2,35.684397777777775,139.69076916666668,6,3,,,,
1,30,436,138,2,0,1,20290,0,104,2019,6,13,17,5,12,,,,,1,1,1,1,1,9,22,0,23,15,9,30,70,4,1,1,45,75,4,61,31,0,,,,,,,3,0,10,0,4,0,2,0,2,0,4,2,35.701862777777784,139.695105,5,3,,,,
1,30,436,142,2,0,1,30000,0,104,2019,6,22,0,20,22,,,,,2,1,1,1,7,9,22,0,23,14,9,30,70,5,3,1,45,45,14,61,31,0,,,,,,,2,0,50,0,3,0,2,0,2,0,4,2,35.707612222222224,139.69337722222224,7,3,,,,
1,30,436,143,2,0,1,10050,0,104,2019,5,31,23,15,22,,,,,2,1,1,1,1,9,22,0,23,17,9,30,70,1,2,1,55,45,3,61,1,0,,,,,,,5,0,10,0,3,0,2,0,2,0,4,2,35.693706666666664,139.69940888888888,6,3,,,,
1,30,436,144,2,0,1,30000,0,104,2019,6,19,20,9,22,,,,,1,1,1,14,7,0,23,0,23,3,9,1,70,4,3,1,65,1,3,61,1,0,,,,,,,2,0,10,0,4,0,2,0,2,0,4,2,35.693060555555554,139.71160694444444,4,3,,,,
1,30,437,43,2,0,1,10220,0,104,2019,4,3,8,20,12,,,,,1,1,1,14,1,0,23,0,23,5,9,1,70,4,2,1,45,45,51,61,0,0,,,,,,,0,0,12,0,3,0,0,0,0,0,4,2,35.71362944444445,139.70461333333333,4,3,,,,
1,30,437,44,2,0,1,10010,0,104,2019,6,17,17,20,12,,,,,1,1,1,14,7,0,23,0,23,2,9,1,70,4,2,1,75,25,36,61,31,0,,,,,,,2,0,10,0,3,0,0,0,0,0,4,2,35.72271083333334,139.69038555555557,2,3,,,,
1,30,437,49,2,0,1,10220,0,104,2019,6,30,13,47,12,,,,,1,1,1,1,1,9,22,0,23,17,9,30,70,4,2,1,55,25,3,61,31,0,,,,,,,3,0,10,0,3,0,2,0,2,0,4,2,35.713531111111116,139.70501305555555,1,3,,,,
1,30,437,51,2,0,1,30000,0,104,2019,6,17,11,35,12,,,,,1,1,1,14,7,0,23,0,23,1,9,20,70,5,4,1,55,25,14,61,1,0,,,,,,,10,0,70,0,4,0,2,0,2,0,4,2,35.7153025,139.6862363888889,2,3,,,,
1,30,438,76,2,0,1,21030,0,104,2019,6,7,15,40,12,,,,,3,1,2,1,1,9,22,0,23,19,9,30,70,1,2,1,35,1,3,61,31,0,,,,,,,5,0,10,0,3,0,2,0,2,0,4,2,35.68820083333333,139.7203377777778,6,3,,,,
1,30,438,80,2,0,1,21030,0,104,2019,6,19,13,15,12,,,,,1,1,1,1,1,9,22,0,23,19,9,30,70,1,2,1,45,25,3,61,31,0,,,,,,,5,0,20,0,3,0,2,0,2,0,4,2,35.68593472222222,139.7292011111111,4,3,,,,
1,30,439,154,2,0,1,30000,0,114,2019,6,11,15,35,12,,,,,1,1,1,1,7,9,22,0,23,11,9,30,70,5,4,1,55,1,4,61,31,0,,,,,,,5,0,10,0,3,0,2,0,2,0,4,2,35.70075777777778,139.66900694444445,3,3,,,,
1,30,439,164,2,0,1,10240,0,114,2019,6,22,17,45,12,,,,,1,1,1,14,7,0,23,0,23,4,9,1,70,4,2,1,25,55,3,61,31,0,,,,,,,10,0,30,0,3,0,2,0,2,0,4,2,35.697577777777774,139.67524083333333,7,3,,,,
1,30,440,142,2,0,1,20280,0,114,2019,6,6,0,15,22,,,,,1,1,1,14,7,0,23,0,23,5,9,1,70,2,1,1,45,65,51,61,0,0,,,,,,,0,0,20,0,4,0,0,0,0,0,4,2,35.70721833333334,139.6653427777778,5,3,,,,
1,30,440,146,2,0,1,30000,0,114,2019,6,7,21,40,22,,,,,2,1,2,1,7,9,22,0,23,11,9,20,70,5,3,1,35,25,51,61,0,0,,,,,,,0,0,10,0,3,0,0,0,0,0,4,2,35.71886861111111,139.65248472222223,6,3,,,,
1,30,440,151,2,0,1,10250,0,114,2019,6,12,17,10,12,,,,,2,1,1,1,7,9,22,0,23,11,9,30,70,4,2,1,35,1,3,61,31,0,,,,,,,3,0,10,0,3,0,2,0,2,0,4,2,35.72372027777778,139.64998333333332,4,3,,,,
1,30,440,153,2,0,1,30000,0,114,2019,6,6,19,40,21,,,,,1,1,1,14,7,0,23,0,23,3,9,1,70,5,1,1,25,35,51,61,0,0,,,,,,,0,0,10,0,3,0,0,0,0,0,4,4,35.70969305555556,139.66030666666668,5,3,,,,
1,30,440,156,2,0,1,30000,0,114,2019,6,14,17,10,12,,,,,2,1,1,14,7,0,23,0,23,2,9,1,70,5,3,1,65,1,3,61,31,0,,,,,,,2,0,10,0,4,0,2,0,2,0,4,2,35.72019166666667,139.6631013888889,6,3,,,,
1,30,440,159,2,0,1,30000,0,114,2019,6,19,9,15,12,,,,,1,1,1,1,1,9,22,0,23,15,6,30,70,4,3,1,45,35,51,61,0,0,,,,,,,0,0,10,0,3,0,0,0,0,0,4,2,35.71245027777778,139.6771447222222,4,3,,,,
1,30,440,162,2,0,1,30000,0,114,2019,6,23,12,30,12,,,,,1,1,1,14,7,0,23,0,23,2,9,1,70,5,3,1,1,1,51,61,0,0,,,,,,,0,0,30,0,4,0,0,0,0,0,4,2,35.71266388888889,139.6622336111111,1,3,,,,
1,30,441,165,2,0,1,30880,0,115,2019,6,1,2,20,22,,,,,1,1,1,1,1,9,22,0,23,11,9,30,70,4,2,1,55,35,3,61,1,0,,,,,,,3,0,10,0,4,0,2,0,2,0,4,2,35.705105833333334,139.64970583333331,7,3,,,,
1,30,441,171,2,0,1,30000,0,115,2019,6,12,8,45,12,,,,,1,1,1,14,7,0,23,0,23,2,9,1,70,5,3,1,35,25,3,61,31,0,,,,,,,1,0,40,0,3,0,2,0,2,0,4,2,35.705848611111115,139.63459361111111,4,3,,,,
1,30,441,175,2,0,1,30000,0,115,2019,6,19,15,5,12,,,,,1,1,1,14,7,0,23,0,23,2,8,1,70,5,3,1,45,1,3,61,31,0,,,,,,,2,0,80,0,3,0,2,0,2,0,4,2,35.69996805555555,139.64369944444445,4,3,,,,
1,30,442,185,2,0,1,10130,0,115,2019,6,11,19,45,21,,,,,3,1,2,14,7,0,23,0,23,1,9,1,70,1,1,1,25,1,34,61,31,0,,,,,,,2,0,10,0,2,0,0,0,0,0,4,2,35.67717444444444,139.65837555555555,3,3,,,,