資料区分,都道府県コード,警察署等コード,本票番号,事故内容,死者数,負傷者数,路線コード,地点コード,市区町村コード,発生日時　　年,発生日時　　月,発生日時　　日,発生日時　　時,発生日時　　分,昼夜,日の出時刻　　時,日の出時刻　　分,日の入り時刻　　時,日の入り時刻　　分,天候,地形,路面状態,道路形状,信号機,一時停止規制　標識（当事者A）,一時停止規制　表示（当事者A）,一時停止規制　標識（当事者B）,一時停止規制　表示（当事者B）,車道幅員,道路線形,衝突地点,ゾーン規制,中央分離帯施設等,歩車道区分,事故類型,年齢（当事者A）,年齢（当事者B）,当事者種別（当事者A）,当事者種別（当事者B）,用途別（当事者A）,用途別（当事者B）,車両形状等（当事者A）,車両形状等（当事者B）,オートマチック車（当事者A）,オートマチック車（当事者B）,サポカー（当事者A）,サポカー（当事者B）,速度規制（指定のみ）（当事者A）,速度規制（指定のみ）（当事者B）,車両の衝突部位（当事者A）,車両の衝突部位（当事者B）,車両の損壊程度（当事者A）,車両の損壊程度（当事者B）,エアバッグの装備（当事者A）,エアバッグの装備（当事者B）,サイドエアバッグの装備（当事者A）,サイドエアバッグの装備（当事者B）,人身損傷程度（当事者A）,人身損傷程度（当事者B）,lat,lon,曜日(発生年月日),祝日(発生年月日),認知機能検査経過日数（当事者A）,認知機能検査経過日数（当事者B）,運転練習の方法（当事者A）,運転練習の方法（当事者B）
1,30,442,187,2,0,1,30000,0,115,2019,6,13,9,51,12,,,,,1,1,1,14,7,0,23,0,23,3,9,1,70,5,3,1,75,45,3,61,31,0,,,,,,,10,0,40,0,4,0,2,0,2,0,4,2,35.67478,139.64405805555555,5,3,,,,
1,30,443,142,2,0,1,30000,0,115,2019,6,1,9,47,12,,,,,1,1,1,1,7,9,22,0,23,15,9,30,70,5,3,1,55,65,13,61,31,0,,,,,,,2,0,40,0,4,0,2,0,2,0,4,2,35.70254277777778,139.62129000000002,7,3,,,,
1,30,443,143,2,0,1,30000,0,115,2019,6,1,15,53,12,,,,,2,1,1,1,7,9,22,0,23,15,7,30,70,5,3,1,65,25,35,61,31,0,,,,,,,2,0,40,0,3,0,0,0,0,0,4,2,35.70731277777778,139.59581055555557,7,3,,,,
1,30,443,149,2,0,1,30000,0,115,2019,6,12,8,0,12,,,,,1,1,1,1,7,9,22,0,23,14,9,30,70,4,3,1,35,1,3,61,31,0,,,,,,,2,0,40,0,3,0,2,0,2,0,4,2,35.703074722222226,139.60870972222222,4,3,,,,
1,30,443,150,2,0,1,20500,0,115,2019,6,12,8,15,12,,,,,1,1,1,14,7,0,23,0,23,4,9,1,70,4,2,1,1,35,51,61,0,0,,,,,,,0,0,10,0,3,0,0,0,0,0,4,2,35.71543416666667,139.63541555555554,4,3,,,,
1,30,443,158,2,0,1,20350,0,115,2019,6,21,11,20,12,,,,,1,1,1,14,7,0,23,0,23,3,9,1,70,4,2,1,65,65,3,61,31,0,,,,,,,3,0,10,0,2,0,1,0,2,0,4,2,35.72238083333333,139.62527833333334,6,3,,,,
1,30,443,164,2,0,1,10240,0,115,2019,6,29,21,40,22,,,,,3,1,2,1,1,9,22,0,23,18,9,30,70,5,1,1,25,45,3,61,31,0,,,,,,,4,0,10,0,4,0,2,0,2,0,4,2,35.71450138888889,139.59864305555556,7,3,,,,
1,30,545,63,2,0,1,20370,0,105,2019,6,15,20,20,22,,,,,3,1,2,1,1,9,22,0,23,15,9,30,70,4,2,1,65,65,4,61,31,0,,,,,,,3,0,50,0,3,0,2,0,2,0,4,2,35.723401111111116,139.73718111111108,7,3,,,,
1,30,545,64,2,0,1,30000,0,105,2019,6,19,13,20,12,,,,,1,1,1,7,7,0,23,0,23,2,9,1,70,5,3,1,65,1,3,61,31,0,,,,,,,2,0,50,0,3,0,2,0,2,0,4,2,35.71972944444445,139.74777777777777,4,3,,,,
1,30,545,66,2,0,1,20000,0,105,2019,6,24,10,5,12,,,,,3,1,2,1,1,9,22,0,23,14,9,20,70,4,2,1,75,35,3,61,31,0,,,,,,,2,0,10,0,3,0,2,0,2,0,4,2,35.704792222222224,139.74614583333332,2,3,,,,
1,30,546,52,2,0,1,30000,0,105,2019,3,13,8,35,12,,,,,1,1,1,14,7,0,23,0,23,2,8,1,70,5,4,1,25,1,3,61,31,0,,,,,,,10,0,10,0,4,0,2,0,2,0,4,2,35.71580194444445,139.73843277777777,4,3,,,,
1,30,547,30,2,0,1,10290,0,105,2019,6,22,1,5,22,,,,,1,1,1,1,1,9,22,0,23,15,9,30,70,1,2,1,55,1,3,61,31,0,,,,,,,4,0,10,0,3,0,2,0,2,0,4,2,35.70324888888889,139.7638413888889,7,3,,,,
1,30,548,49,2,0,1,20000,0,105,2019,6,7,17,35,12,,,,,3,1,2,1,7,9,22,0,23,14,9,30,70,4,2,1,25,1,3,61,31,0,,,,,,,3,0,10,0,3,0,2,0,2,0,4,2,35.72570777777778,139.7485583333333,6,3,,,,
1,30,548,50,2,0,1,21160,0,105,2019,6,20,16,40,12,,,,,1,1,1,1,1,9,22,0,23,14,9,30,70,4,3,1,1,45,51,61,0,0,,,,,,,0,0,10,0,2,0,0,0,0,0,4,2,35.724379166666665,139.75682583333332,5,3,,,,
1,30,549,62,2,0,1,30000,0,116,2019,3,16,19,15,22,,,,,2,1,2,14,7,0,23,0,23,2,9,1,70,5,3,1,25,0,61,0,0,0,,,,,,,0,0,0,0,0,0,0,0,0,0,2,0,35.73033388888889,139.71947722222222,7,3,,,,
1,30,549,63,2,0,1,95000,0,116,2019,5,28,9,0,12,,,,,1,1,1,14,7,0,23,0,23,1,9,1,70,5,2,1,35,45,14,61,1,0,,,,,,,10,0,10,0,4,0,2,0,2,0,4,2,35.72949611111111,139.72184777777778,3,3,,,,
1,30,550,89,2,0,1,2540,51,116,2019,5,3,15,10,12,,,,,1,1,1,14,1,0,23,0,23,1,9,1,70,1,1,1,45,1,35,61,31,0,,,,,,,4,0,10,0,4,0,0,0,0,0,4,2,35.73291944444445,139.71764222222222,6,1,,,,
1,30,550,94,2,0,1,30000,0,116,2019,6,10,4,8,23,,,,,3,1,2,7,7,0,23,0,23,5,9,20,70,1,1,1,35,75,12,61,31,0,,,,,,,10,0,10,0,4,0,2,0,2,0,4,2,35.72964972222223,139.71350833333332,2,3,,,,
1,30,550,98,2,0,1,30000,0,116,2019,6,12,12,30,12,,,,,1,1,1,14,7,0,23,0,23,2,9,1,70,5,4,1,75,0,61,0,0,0,,,,,,,0,0,0,0,0,0,0,0,0,0,2,0,35.73489694444444,139.70672888888888,4,3,,,,
1,30,550,99,2,0,1,30000,0,116,2019,6,12,22,0,22,,,,,2,1,1,1,2,9,22,0,23,15,9,30,70,4,1,1,1,55,51,61,0,0,,,,,,,0,0,10,0,3,0,0,0,0,0,4,2,35.734345833333336,139.70839055555555,4,3,,,,
1,30,550,102,2,0,1,30000,0,116,2019,6,15,16,20,12,,,,,3,1,2,1,7,9,22,0,23,11,9,30,70,5,2,1,1,25,3,61,31,0,,,,,,,10,0,10,0,3,0,2,0,2,0,4,2,35.73072222222223,139.7160286111111,7,3,,,,
1,30,550,105,2,0,1,30000,0,116,2019,6,19,19,35,21,,,,,2,1,1,1,7,1,21,0,23,18,9,30,70,5,3,1,45,25,4,61,31,0,,,,,,,2,0,10,0,4,0,2,0,2,0,4,2,35.728657500000004,139.71440833333332,4,3,,,,
1,30,550,106,2,0,1,30000,0,116,2019,6,21,8,40,12,,,,,2,1,1,1,7,9,22,0,23,11,9,30,70,5,3,1,65,35,13,61,31,0,,,,,,,10,0,10,0,3,0,2,0,2,0,4,2,35.732035,139.7153761111111,6,3,,,,
1,30,550,108,2,0,1,30000,0,116,2019,6,27,23,15,22,,,,,3,1,2,1,7,9,22,0,23,15,9,30,70,5,2,1,25,1,3,61,1,0,,,,,,,10,0,10,0,3,0,2,0,2,0,4,2,35.72987944444445,139.71000305555555,5,3,,,,
1,30,551,82,2,0,1,30000,0,116,2019,6,16,13,16,12,,,,,1,1,1,7,7,0,23,0,23,2,9,1,70,5,3,1,35,1,14,61,1,0,,,,,,,2,0,10,0,3,0,2,0,2,0,4,2,35.74035027777778,139.69374277777777,1,3,,,,
1,30,551,85,2,0,1,10010,0,116,2019,6,27,17,4,12,,,,,2,1,1,7,1,0,23,0,23,4,9,20,70,5,2,1,45,75,3,61,1,0,,,,,,,3,0,40,0,4,0,2,0,2,0,4,2,35.721335,139.70738722222222,5,3,,,,
1,30,551,90,2,0,1,10010,0,116,2019,5,30,7,28,12,,,,,1,1,1,1,7,1,22,0,23,14,9,30,70,5,2,1,1,75,14,61,1,0,,,,,,,10,0,10,0,3,0,2,0,2,0,4,2,35.72562777777778,139.68241,5,3,,,,
1,30,552,78,2,0,1,30000,0,117,2019,6,10,19,25,21,,,,,3,1,2,14,7,0,23,0,23,2,9,1,70,5,3,1,1,25,51,61,0,0,,,,,,,0,0,10,0,3,0,0,0,0,0,4,2,35.736671666666666,139.76672583333334,2,3,,,,
1,30,552,87,2,0,1,30000,0,117,2019,6,29,8,30,12,,,,,3,1,2,7,7,0,23,0,23,2,9,1,70,4,2,1,65,1,3,61,31,0,,,,,,,2,0,11,0,2,0,2,0,2,0,4,2,35.74342527777778,139.74011,7,3,,,,
1,30,553,50,2,0,1,30000,0,117,2019,6,18,18,25,13,,,,,1,1,1,14,7,0,23,0,23,1,9,1,70,5,4,1,35,45,14,61,1,0,,,,,,,10,0,20,0,3,0,2,0,2,0,4,2,35.764582222222224,139.7218425,3,3,,,,
1,30,553,51,2,0,1,30000,0,117,2019,6,24,7,20,12,,,,,3,1,2,7,7,0,23,0,23,1,9,1,70,5,2,1,1,65,14,61,31,0,,,,,,,1,0,10,0,3,0,2,0,2,0,4,2,35.75781416666667,139.74561166666666,2,3,,,,
1,30,554,79,2,0,1,1220,0,117,2019,6,4,10,0,12,,,,,1,1,1,1,7,1,22,0,23,17,9,30,70,1,1,1,45,25,14,61,1,0,,,,,,,10,0,40,0,4,0,2,0,2,0,4,2,35.783410277777776,139.72288722222223,3,3,,,,
1,30,554,81,2,0,1,1220,0,117,2019,6,5,23,48,22,,,,,1,1,1,1,8,9,22,0,23,18,9,30,70,1,1,1,45,1,4,61,31,0,,,,,,,10,0,11,0,2,0,2,0,2,0,4,2,35.78246027777778,139.72700277777778,4,3,,,,
1,30,554,85,2,0,1,10200,0,117,2019,6,19,7,43,12,,,,,1,1,1,1,1,9,22,0,23,15,9,30,70,1,1,1,1,55,3,61,31,0,,,,,,,10,0,20,0,3,0,2,0,2,0,4,2,35.78568111111111,139.70840583333333,4,3,,,,
1,30,554,89,2,0,1,30370,0,117,2019,6,27,23,45,22,,,,,3,1,2,1,1,9,22,0,23,19,9,30,70,1,2,1,65,25,3,61,1,0,,,,,,,4,0,50,0,3,0,2,0,2,0,4,2,35.77944027777777,139.72250083333333,5,3,,,,
1,30,555,206,2,0,1,30000,0,119,2019,5,31,18,2,13,,,,,1,1,1,1,7,9,22,0,23,14,9,30,70,4,3,1,25,35,3,61,31,0,,,,,,,2,0,80,0,3,0,2,0,2,0,4,2,35.74710944444445,139.7195272222222,6,3,,,,
1,30,555,208,2,0,2,30000,0,119,2019,6,11,20,10,22,,,,,2,1,1,1,7,9,22,0,23,14,9,30,70,5,2,1,75,65,35,61,31,0,,,,,,,2,0,10,0,3,0,0,0,0,0,2,2,35.754236666666664,139.71813111111112,3,3,,,,
1,30,555,211,2,0,1,30000,0,119,2019,5,2,7,45,12,,,,,2,1,1,14,7,0,23,0,23,5,9,1,70,1,3,1,55,75,14,61,31,0,,,,,,,5,0,30,0,4,0,2,0,2,0,4,2,35.75008138888889,139.68533916666667,5,1,,,,
1,30,555,220,2,0,1,30000,0,119,2019,6,9,21,30,22,,,,,3,1,2,1,1,9,22,0,23,15,9,30,70,4,2,1,25,35,3,61,31,0,,,,,,,2,0,10,0,3,0,2,0,2,0,4,2,35.75730083333333,139.688525,1,3,,,,
1,30,555,225,2,0,1,170,116,119,2019,6,29,23,43,22,,,,,3,1,2,1,1,9,22,0,23,19,9,30,70,1,1,1,55,1,3,61,31,0,,,,,,,10,0,10,0,4,0,2,0,2,0,4,2,35.76114611111111,139.70571805555554,7,3,,,,
1,30,555,231,2,0,1,2540,83,119,2019,6,8,17,20,12,,,,,1,1,1,1,1,9,22,0,23,19,9,30,70,1,2,1,35,75,51,61,0,0,,,,,,,0,0,10,0,4,0,0,0,0,0,4,2,35.752246944444444,139.69246333333334,7,3,,,,
1,30,556,104,2,0,1,30000,0,119,2019,6,2,10,15,12,,,,,1,1,1,14,7,0,23,0,23,2,7,1,70,5,1,1,55,75,3,61,31,0,,,,,,,5,0,40,0,3,0,2,0,2,0,4,2,35.777497777777775,139.691015,1,3,,,,
1,30,556,111,2,0,1,170,118,119,2019,6,1,11,30,12,,,,,1,1,1,1,1,9,22,0,23,18,9,30,70,1,2,1,35,1,3,61,31,0,,,,,,,5,0,10,0,4,0,2,0,2,0,4,2,35.764336666666665,139.70447944444444,7,3,,,,
1,30,556,119,2,0,1,30000,0,119,2019,6,21,8,4,12,,,,,2,1,1,14,7,0,23,0,23,2,9,1,70,5,3,1,35,45,52,61,0,0,,,,,,,0,0,40,0,3,0,0,0,0,0,4,2,35.774161666666664,139.68406305555555,6,3,,,,
1,30,556,122,2,0,1,30000,0,119,2019,6,25,10,0,12,,,,,1,1,1,1,7,1,21,0,23,11,9,30,70,5,1,1,75,55,17,61,31,0,,,,,,,10,0,70,0,3,0,2,0,2,0,4,2,35.76470722222222,139.70164083333333,3,3,,,,
1,30,557,182,2,0,1,10200,0,120,2019,6,16,17,40,12,,,,,1,1,1,14,7,0,23,0,23,3,9,1,70,1,2,1,1,35,51,61,0,0,,,,,,,0,0,10,0,4,0,0,0,0,0,4,2,35.755253333333336,139.6472375,1,3,,,,
1,30,557,191,2,0,1,30000,0,120,2019,6,26,15,15,12,,,,,1,1,1,7,7,0,23,0,23,2,9,1,70,5,3,1,25,1,13,61,31,0,,,,,,,10,0,30,0,3,0,2,0,2,0,4,2,35.733221944444445,139.67760222222222,4,3,,,,
1,30,557,194,2,0,1,30000,0,120,2019,6,23,16,44,12,,,,,2,1,1,1,1,9,22,0,23,15,9,30,70,4,1,1,55,55,3,61,1,0,,,,,,,2,0,40,0,4,0,2,0,2,0,4,2,35.748314444444446,139.64968027777778,1,3,,,,
1,30,557,196,2,0,1,30000,0,120,2019,6,30,11,50,12,,,,,2,1,2,1,7,9,22,0,23,14,9,30,70,4,2,1,55,35,3,61,31,0,,,,,,,2,0,30,0,3,0,2,0,2,0,4,2,35.72880972222222,139.65405583333333,1,3,,,,
1,30,558,210,2,0,1,30000,0,120,2019,6,9,0,10,22,,,,,2,1,1,14,7,0,23,0,23,1,9,1,70,5,4,1,75,25,3,61,1,0,,,,,,,10,0,20,0,4,0,2,0,2,0,4,2,35.750483333333335,139.58727194444447,1,3,,,,
1,30,558,216,2,0,1,30000,0,120,2019,6,21,9,55,12,,,,,2,1,1,1,1,9,22,0,23,14,9,30,70,5,3,1,55,75,17,61,1,0,,,,,,,2,0,50,0,3,0,2,0,2,0,4,2,35.742428333333336,139.58704555555556,6,3,,,,
1,30,558,226,2,0,1,30000,0,120,2019,6,27,8,10,12,,,,,1,1,1,1,7,9,22,0,23,11,9,30,70,5,3,1,25,1,3,61,31,0,,,,,,,10,0,10,0,3,0,2,0,2,0,4,2,35.76121194444445,139.58014083333333,5,3,,,,
1,30,559,121,2,0,1,30000,0,119,2019,6,26,13,25,12,,,,,1,1,1,1,1,9,22,0,23,18,9,30,70,4,1,1,45,1,3,61,31,0,,,,,,,3,0,50,0,3,0,2,0,2,0,4,2,35.78720583333333,139.65202611111113,4,3,,,,
1,30,559,123,2,0,1,30000,0,119,2019,6,28,8,45,12,,,,,1,1,1,1,7,9,22,0,23,11,9,20,70,5,3,1,65,35,3,61,1,0,,,,,,,2,0,40,0,3,0,2,0,2,0,4,2,35.77910388888889,139.63433027777776,6,3,,,,
1,30,560,185,2,0,1,10200,0,120,2019,6,12,13,35,12,,,,,2,1,1,14,7,0,23,0,23,5,9,1,70,1,1,1,1,25,17,61,31,0,,,,,,,10,0,10,0,1,0,1,0,2,0,4,2,35.76270972222222,139.661885,4,3,,,,
1,30,560,188,2,0,1,20000,0,120,2019,6,13,16,7,12,,,,,1,1,1,14,7,0,23,0,23,3,9,1,70,4,2,1,55,1,13,61,31,0,,,,,,,2,0,10,0,3,0,2,0,2,0,4,2,35.75993361111111,139.64531416666665,5,3,,,,
1,30,560,192,2,0,1,2540,129,120,2019,6,15,7,45,12,,,,,3,1,2,14,7,0,23,0,23,3,9,1,70,5,4,1,25,1,13,61,31,0,,,,,,,5,0,40,0,3,0,2,0,2,0,4,2,35.768787777777774,139.64592944444445,7,3,,,,
1,30,560,199,2,0,1,30000,0,120,2019,6,22,19,20,21,,,,,1,1,2,14,7,0,23,0,23,4,9,1,70,4,2,1,45,1,3,61,31,0,,,,,,,3,0,10,0,3,0,2,0,2,0,4,2,35.75911583333333,139.62535611111113,7,3,,,,
1,30,560,205,2,0,1,20510,0,120,2019,6,27,23,35,22,,,,,3,1,2,1,1,9,22,0,23,19,9,30,70,1,2,1,25,55,3,61,31,0,,,,,,,5,0,10,0,3,0,2,0,2,0,4,2,35.759258333333335,139.62042611111113,5,3,,,,
1,30,660,120,2,0,1,30000,0,106,2019,6,4,21,20,22,,,,,1,1,1,7,1,0,23,0,23,3,9,1,70,4,1,1,55,35,3,61,1,0,,,,,,,3,0,10,0,3,0,2,0,2,0,4,2,35.71863555555556,139.7731525,3,3,,,,
1,30,660,126,2,0,1,20390,0,106,2019,3,4,18,56,22,,,,,3,1,2,7,7,0,23,0,23,4,9,1,70,4,1,1,35,0,61,0,0,0,,,,,,,0,0,0,0,0,0,0,0,0,0,2,0,35.7077375,139.77474916666668,2,3,,,,
1,30,661,63,2,0,1,10300,0,106,2019,6,4,16,0,12,,,,,1,1,1,1,1,9,22,0,23,15,9,30,70,1,1,1,35,1,51,61,0,0,,,,,,,0,0,10,0,4,0,0,0,0,0,4,2,35.720711944444446,139.78116833333334,3,3,,,,
1,30,661,65,2,0,1,30000,0,106,2019,6,8,0,8,22,,,,,2,1,1,14,7,0,23,0,23,2,9,1,70,5,4,1,65,25,3,61,1,0,,,,,,,10,0,40,0,4,0,2,0,2,0,4,2,35.72347277777778,139.77967805555556,7,3,,,,
1,30,661,72,2,0,1,30000,0,106,2019,6,28,21,5,22,,,,,2,1,1,14,7,0,23,0,23,2,9,20,70,5,4,1,35,25,3,61,31,0,,,,,,,10,0,70,0,4,0,2,0,2,0,4,2,35.72138694444445,139.77955,6,3,,,,
1,30,662,77,2,0,1,30480,0,106,2019,5,7,19,10,21,,,,,1,1,1,14,7,0,23,0,23,5,9,1,70,4,1,1,25,45,51,61,0,0,,,,,,,0,0,10,0,4,0,0,0,0,0,4,2,35.711332222222225,139.79763527777777,3,3,,,,
1,30,662,79,2,0,1,30000,0,106,2019,6,18,17,0,12,,,,,1,1,1,1,7,9,22,0,23,15,9,30,70,4,2,1,35,75,34,61,31,0,,,,,,,3,0,20,0,4,0,0,0,0,0,4,2,35.72081777777778,139.80127111111113,3,3,,,,
1,30,662,82,2,0,1,30000,0,106,2019,6,21,13,37,12,,,,,1,1,1,14,7,0,23,0,23,3,9,1,70,5,3,1,55,45,13,61,31,0,,,,,,,2,0,30,0,3,0,2,0,2,0,4,2,35.71572527777778,139.7931436111111,6,3,,,,
1,30,663,56,2,0,1,60,20,106,2019,6,8,18,23,13,,,,,2,1,1,1,1,9,22,0,23,17,9,30,70,4,2,1,1,35,3,61,31,0,,,,,,,4,0,80,0,2,0,2,0,2,0,4,2,35.69644861111111,139.78575555555557,7,3,,,,
1,30,663,62,2,0,1,10290,0,106,2019,6,18,23,12,22,,,,,1,1,1,7,7,0,23,0,23,6,9,1,70,4,2,1,75,35,3,61,1,0,,,,,,,4,0,40,0,3,0,2,0,2,0,4,2,35.702165,139.7812066666667,3,3,,,,
1,30,663,63,2,0,1,10290,0,106,2019,6,21,9,10,12,,,,,2,1,1,14,7,0,23,0,23,4,9,1,70,4,2,1,55,75,3,61,1,0,,,,,,,4,0,10,0,3,0,2,0,2,0,4,2,35.701667500000006,139.78843916666668,6,3,,,,
1,30,663,64,2,0,1,20560,0,106,2019,6,24,19,50,21,,,,,3,1,2,14,7,0,23,0,23,4,9,1,70,4,2,1,25,35,51,61,0,0,,,,,,,0,0,10,0,4,0,0,0,0,0,4,2,35.70451472222223,139.7902163888889,2,3,,,,
1,30,664,48,1,1,0,21060,0,118,2019,2,16,20,39,22,,,,,1,1,1,14,7,0,23,0,23,5,9,20,70,1,2,1,45,35,41,61,0,0,,,,,,,0,0,10,0,3,0,0,0,0,0,4,1,35.74962611111111,139.76701027777779,7,3,,,,
1,30,665,44,2,0,1,40,60,118,2019,5,30,16,57,12,,,,,1,1,1,14,7,0,23,0,23,1,9,1,70,1,1,1,1,75,51,61,0,0,,,,,,,0,0,10,0,4,0,0,0,0,0,4,2,35.73188888888889,139.79238666666666,5,3,,,,
1,30,666,64,2,0,1,30000,0,118,2019,4,24,13,25,12,,,,,2,1,1,1,7,9,22,0,23,11,9,30,70,5,3,1,25,1,3,61,31,0,,,,,,,10,0,10,0,3,0,2,0,2,0,4,2,35.73198416666667,139.77563555555557,4,3,,,,
1,30,666,65,2,0,1,30000,0,118,2019,5,18,10,25,12,,,,,1,1,1,14,7,0,23,0,23,2,9,1,70,4,1,1,1,1,51,61,0,0,,,,,,,0,0,10,0,3,0,0,0,0,0,4,2,35.748827222222225,139.78705472222222,7,3,,,,
1,30,666,68,2,0,1,30000,0,118,2019,6,10,15,20,12,,,,,3,1,2,1,7,9,22,0,23,11,9,30,70,5,3,1,65,45,3,61,1,0,,,,,,,2,0,40,0,3,0,2,0,2,0,4,2,35.74859,139.78263083333334,2,3,,,,
1,30,666,69,2,0,1,30000,0,118,2019,6,11,9,5,12,,,,,1,1,1,7,7,0,23,0,23,1,9,20,70,5,4,1,35,55,36,61,31,0,,,,,,,2,0,20,0,4,0,0,0,0,0,4,2,35.743875,139.78033444444446,3,3,,,,
1,30,667,101,2,0,1,30000,0,121,2019,6,3,19,10,21,,,,,1,1,1,14,7,0,23,0,23,3,9,1,70,4,2,1,1,65,51,61,0,0,,,,,,,0,0,10,0,4,0,0,0,0,0,4,2,35.75046722222222,139.80249305555557,2,3,,,,
1,30,668,230,2,0,1,10710,0,121,2019,6,9,14,45,12,,,,,2,1,1,1,1,9,22,0,23,18,9,30,70,1,2,1,35,35,3,61,31,0,,,,,,,10,0,80,0,3,0,2,0,2,0,4,2,35.75550888888889,139.77051694444447,1,3,,,,
1,30,668,232,2,0,1,95000,0,121,2019,6,10,11,55,12,,,,,3,1,2,14,7,0,23,0,23,1,9,1,70,5,2,1,55,75,51,61,0,0,,,,,,,0,0,20,0,4,0,0,0,0,0,4,2,35.77472361111111,139.78665527777778,2,3,,,,
1,30,668,243,2,0,1,30000,0,121,2019,6,21,17,25,12,,,,,1,1,1,14,7,0,23,0,23,4,9,1,70,5,3,1,55,75,3,61,31,0,,,,,,,2,0,80,0,4,0,2,0,2,0,4,2,35.78555444444444,139.78187361111114,6,3,,,,
1,30,669,290,2,0,1,30000,0,121,2019,6,1,14,0,12,,,,,2,1,1,14,7,0,23,0,23,1,9,1,70,5,4,1,65,35,14,61,31,0,,,,,,,5,0,40,0,3,0,2,0,2,0,4,2,35.77849833333333,139.8455561111111,7,3,,,,
1,30,669,291,2,0,1,30000,0,121,2019,6,1,17,15,12,,,,,1,1,1,14,7,0,23,0,23,2,9,1,70,5,2,1,35,25,3,61,31,0,,,,,,,2,0,40,0,3,0,2,0,2,0,4,2,35.76985333333333,139.8171622222222,7,3,,,,
1,30,669,293,2,0,1,30000,0,121,2019,6,2,9,20,12,,,,,2,1,1,14,7,0,23,0,23,3,9,1,70,4,2,1,75,75,4,61,31,0,,,,,,,2,0,10,0,3,0,2,0,2,0,4,2,35.76607083333333,139.80743777777778,1,3,,,,
1,30,669,302,2,0,1,30000,0,121,2019,6,1,13,50,12,,,,,1,1,1,7,7,0,23,0,23,2,9,1,70,5,3,1,1,65,14,61,31,0,,,,,,,5,0,40,0,3,0,2,0,2,0,4,2,35.7682175,139.84188972222222,7,3,,,,
1,30,669,310,2,0,1,30000,0,121,2019,6,13,16,45,12,,,,,1,1,1,1,7,9,22,0,23,11,9,30,70,5,3,1,45,1,13,61,31,0,,,,,,,10,0,40,0,3,0,2,0,2,0,4,2,35.77352888888889,139.84232527777777,5,3,,,,
1,30,669,311,2,0,1,30000,0,121,2019,6,13,5,30,12,,,,,1,1,1,14,7,0,23,0,23,2,9,1,70,5,1,1,45,1,14,61,31,0,,,,,,,3,0,10,0,3,0,2,0,2,0,4,2,35.80040694444444,139.83975138888889,5,3,,,,
1,30,669,317,2,0,1,99000,0,121,2019,6,17,8,20,12,,,,,1,1,1,0,7,0,23,0,23,0,0,20,70,0,4,1,55,25,17,61,1,0,,,,,,,10,0,30,0,4,0,2,0,2,0,4,2,35.77986111111111,139.8301925,2,3,,,,
1,30,669,318,2,0,1,10130,0,121,2019,6,12,11,45,12,,,,,2,1,1,14,7,0,23,0,23,4,9,1,70,4,2,1,65,45,51,61,0,0,,,,,,,0,0,20,0,4,0,0,0,0,0,4,2,35.77855388888889,139.81079611111113,4,3,,,,
1,30,669,329,2,0,1,10130,0,121,2019,6,24,6,55,12,,,,,3,1,2,1,7,9,22,0,23,17,9,30,70,1,1,1,55,25,3,61,31,0,,,,,,,5,0,10,0,4,0,2,0,2,0,4,2,35.776804166666665,139.83194722222223,2,3,,,,
1,30,669,332,2,0,1,30000,0,121,2019,6,26,13,45,12,,,,,1,1,1,14,7,0,23,0,23,3,9,20,70,5,2,1,65,75,4,61,31,0,,,,,,,2,0,0,0,4,0,2,0,2,0,4,2,35.77955111111111,139.81667638888888,4,3,,,,
1,30,670,188,2,0,1,99000,0,121,2019,6,1,14,24,12,,,,,1,1,1,0,7,0,23,0,23,0,0,20,70,0,4,1,75,75,13,61,31,0,,,,,,,10,0,30,0,4,0,2,0,2,0,4,2,35.79235083333333,139.782655,7,3,,,,
1,30,670,190,2,0,1,95000,0,121,2019,6,5,9,50,12,,,,,2,1,1,0,7,0,23,0,23,0,0,20,70,0,4,1,25,75,4,61,31,0,,,,,,,10,0,30,0,3,0,2,0,2,0,4,2,35.800466666666665,139.7990011111111,4,3,,,,
1,30,670,194,2,0,1,30000,0,121,2019,6,8,19,5,21,,,,,2,1,1,7,7,0,23,0,23,2,9,1,1,5,3,1,35,65,4,61,31,0,,,,,,,2,0,50,0,3,0,2,0,2,0,4,2,35.806288055555555,139.77870944444444,7,3,,,,
1,30,670,197,2,0,1,30000,0,121,2019,6,10,18,50,13,,,,,3,1,2,1,7,9,22,0,23,14,9,30,70,4,2,1,35,65,51,61,0,0,,,,,,,0,0,10,0,3,0,0,0,0,0,4,2,35.803532222222216,139.8102588888889,2,3,,,,
1,30,670,206,2,0,1,30000,0,121,2019,6,21,17,45,12,,,,,2,1,1,14,7,0,23,0,23,4,9,1,70,4,1,1,45,1,4,61,31,0,,,,,,,3,0,50,0,3,0,2,0,2,0,4,2,35.8029825,139.8101813888889,6,3,,,,
1,30,771,168,2,0,1,30000,0,108,2019,6,5,16,43,12,,,,,1,1,1,13,7,0,23,0,23,3,5,1,70,4,2,1,35,55,51,61,0,0,,,,,,,0,0,10,0,3,0,0,0,0,0,4,2,35.67122,139.79265666666666,4,3,,,,
1,30,771,183,2,0,1,10370,0,108,2019,6,4,15,30,12,,,,,1,1,1,1,1,9,22,0,23,17,4,30,70,5,2,1,65,35,3,61,1,0,,,,,,,4,0,0,0,4,0,2,0,2,0,4,2,35.65974694444444,139.80704277777778,3,3,,,,