資料区分,都道府県コード,警察署等コード,本票番号,事故内容,死者数,負傷者数,路線コード,地点コード,市区町村コード,発生日時　　年,発生日時　　月,発生日時　　日,発生日時　　時,発生日時　　分,昼夜,日の出時刻　　時,日の出時刻　　分,日の入り時刻　　時,日の入り時刻　　分,天候,地形,路面状態,道路形状,信号機,一時停止規制　標識（当事者A）,一時停止規制　表示（当事者A）,一時停止規制　標識（当事者B）,一時停止規制　表示（当事者B）,車道幅員,道路線形,衝突地点,ゾーン規制,中央分離帯施設等,歩車道区分,事故類型,年齢（当事者A）,年齢（当事者B）,当事者種別（当事者A）,当事者種別（当事者B）,用途別（当事者A）,用途別（当事者B）,車両形状等（当事者A）,車両形状等（当事者B）,オートマチック車（当事者A）,オートマチック車（当事者B）,サポカー（当事者A）,サポカー（当事者B）,速度規制（指定のみ）（当事者A）,速度規制（指定のみ）（当事者B）,車両の衝突部位（当事者A）,車両の衝突部位（当事者B）,車両の損壊程度（当事者A）,車両の損壊程度（当事者B）,エアバッグの装備（当事者A）,エアバッグの装備（当事者B）,サイドエアバッグの装備（当事者A）,サイドエアバッグの装備（当事者B）,人身損傷程度（当事者A）,人身損傷程度（当事者B）,lat,lon,曜日(発生年月日),祝日(発生年月日),認知機能検査経過日数（当事者A）,認知機能検査経過日数（当事者B）,運転練習の方法（当事者A）,運転練習の方法（当事者B）
1,30,771,196,2,0,1,20680,0,108,2019,6,13,21,18,22,,,,,1,1,1,7,1,0,23,0,23,5,9,1,70,1,2,1,45,25,14,61,1,0,,,,,,,4,0,10,0,3,0,2,0,2,0,4,2,35.685451388888886,139.7983975,5,3,,,,
1,30,771,199,2,0,1,30000,0,108,2019,6,24,18,5,13,,,,,2,1,1,14,7,0,23,0,23,3,9,1,70,5,4,1,45,75,52,61,0,0,,,,,,,0,0,10,0,3,0,0,0,0,0,4,2,35.65644111111111,139.80335583333334,2,3,,,,
1,30,771,200,2,0,1,20680,0,108,2019,4,17,18,45,21,,,,,1,1,1,1,1,9,22,0,23,18,9,30,70,1,2,1,35,65,36,61,31,0,,,,,,,2,0,10,0,3,0,0,0,0,0,4,2,35.67371416666666,139.79579722222223,4,3,,,,
1,30,771,206,2,0,1,30000,0,108,2019,6,24,9,25,12,,,,,3,1,2,14,7,0,23,0,23,4,9,1,70,5,2,1,35,1,4,61,31,0,,,,,,,10,0,20,0,3,0,2,0,2,0,4,2,35.68264194444444,139.81393222222223,2,3,,,,
1,30,772,201,2,0,1,30000,0,108,2019,6,11,11,10,12,,,,,1,1,1,14,7,0,23,0,23,2,9,1,70,4,4,1,65,45,13,61,31,0,,,,,,,2,0,80,0,3,0,2,0,2,0,4,2,35.68284472222222,139.84126277777779,3,3,,,,
1,30,773,99,2,0,1,30000,0,107,2019,6,5,11,25,12,,,,,1,1,1,1,7,9,22,0,23,14,9,30,70,5,2,1,45,45,14,61,1,0,,,,,,,10,0,40,0,3,0,2,0,2,0,4,2,35.69486638888888,139.81670833333334,4,3,,,,
1,30,773,103,2,0,2,20530,0,107,2019,6,14,23,19,22,,,,,1,1,2,1,1,9,22,0,23,19,9,30,70,1,2,1,35,1,3,61,1,0,,,,,,,10,0,10,0,3,0,2,0,2,0,4,2,35.708556111111115,139.8043938888889,6,3,,,,
1,30,773,110,2,0,1,30000,0,107,2019,5,9,10,28,12,,,,,2,1,1,1,7,9,22,0,23,14,9,30,70,4,2,1,55,45,35,61,31,0,,,,,,,10,0,10,0,3,0,0,0,0,0,4,2,35.69451972222222,139.81431194444446,5,3,,,,
1,30,774,89,2,0,1,30000,0,107,2019,6,3,14,50,12,,,,,1,1,1,14,7,0,23,0,23,3,9,1,70,4,2,1,65,1,14,61,31,0,,,,,,,2,0,0,0,3,0,2,0,2,0,4,2,35.71503777777778,139.82061083333332,2,3,,,,
1,30,774,90,2,0,1,30000,0,107,2019,6,9,13,38,12,,,,,2,1,1,1,7,9,22,0,23,11,9,30,70,5,2,1,35,1,3,61,31,0,,,,,,,10,0,50,0,4,0,2,0,2,0,4,2,35.72562666666667,139.82244888888889,1,3,,,,
1,30,774,92,2,0,1,30490,0,107,2019,6,10,22,35,22,,,,,3,1,2,1,1,9,22,0,23,15,9,30,70,4,2,1,45,25,36,61,31,0,,,,,,,10,0,10,0,3,0,0,0,0,0,4,2,35.71811027777778,139.817965,2,3,,,,
1,30,774,98,2,0,1,95000,0,107,2019,6,23,12,0,12,,,,,2,1,1,14,7,0,23,0,23,3,9,1,70,4,3,1,55,55,3,61,31,0,,,,,,,2,0,30,0,3,0,2,0,2,0,4,2,35.707100000000004,139.82984472222222,1,3,,,,
1,30,774,103,2,0,1,30000,0,107,2019,6,27,17,47,12,,,,,2,1,1,1,7,9,22,0,23,17,9,30,70,4,3,1,55,55,14,61,31,0,,,,,,,5,0,80,0,4,0,2,0,2,0,4,2,35.73308388888889,139.81977972222222,5,3,,,,
1,30,775,206,2,0,1,30000,0,122,2019,4,24,15,57,12,,,,,2,1,1,1,7,9,22,0,23,11,9,30,70,5,3,1,65,1,4,61,31,0,,,,,,,10,0,20,0,3,0,2,0,2,0,4,2,35.766687222222224,139.87721722222224,4,3,,,,
1,30,775,221,2,0,1,10380,0,122,2019,6,13,7,20,12,,,,,1,1,1,7,1,0,23,0,23,3,9,1,70,4,1,1,1,55,51,61,0,0,,,,,,,0,0,10,0,3,0,0,0,0,0,4,2,35.75678083333333,139.87664305555558,5,3,,,,
1,30,775,241,2,0,1,30000,0,122,2019,6,26,14,38,12,,,,,1,1,1,14,7,0,23,0,23,3,9,1,70,5,2,1,65,1,3,61,31,0,,,,,,,2,0,10,0,4,0,2,0,2,0,4,2,35.79089416666667,139.86218833333334,4,3,,,,
1,30,775,245,2,0,1,99000,0,122,2019,6,15,16,10,12,,,,,3,1,2,0,7,0,23,0,23,0,0,20,70,0,4,1,35,35,3,61,31,0,,,,,,,10,0,10,0,4,0,2,0,2,0,4,2,35.763845,139.85322305555556,7,3,,,,
1,30,776,163,2,0,1,30000,0,122,2019,6,6,13,55,12,,,,,1,1,1,1,7,9,22,0,23,11,9,30,70,5,2,1,75,65,14,61,31,0,,,,,,,1,0,40,0,4,0,2,0,2,0,4,2,35.74358222222222,139.82720361111112,5,3,,,,
1,30,776,165,2,0,1,30000,0,122,2019,6,11,9,2,12,,,,,1,1,1,14,7,0,23,0,23,2,9,1,70,5,4,1,45,75,13,61,31,0,,,,,,,5,0,60,0,3,0,2,0,2,0,4,2,35.74756638888889,139.8308625,3,3,,,,
1,30,776,166,2,0,1,10400,0,122,2019,6,13,8,50,12,,,,,1,1,1,1,1,9,22,0,23,17,9,30,70,4,1,1,45,35,12,61,1,0,,,,,,,3,0,10,0,3,0,2,0,2,0,4,2,35.73097333333334,139.8455377777778,5,3,,,,
1,30,776,177,2,0,1,30000,0,122,2019,6,24,7,45,12,,,,,3,1,2,14,7,0,23,0,23,4,9,1,70,4,2,1,55,1,3,61,31,0,,,,,,,3,0,10,0,4,0,2,0,2,0,4,2,35.71864472222222,139.85988333333333,2,3,,,,
1,30,776,178,2,0,1,95000,0,122,2019,6,16,16,15,12,,,,,1,1,1,0,7,0,23,0,23,0,0,20,70,0,4,1,65,1,51,61,0,0,,,,,,,0,0,10,0,3,0,0,0,0,0,4,2,35.715881111111116,139.85356,1,3,,,,
1,30,776,182,2,0,1,10400,0,122,2019,6,25,7,55,12,,,,,1,1,1,1,1,9,22,0,23,15,9,30,70,5,2,1,1,1,51,61,0,0,,,,,,,0,0,10,0,3,0,0,0,0,0,4,2,35.72102527777778,139.8550611111111,3,3,,,,
1,30,776,193,2,0,1,30000,0,122,2019,6,12,11,45,12,,,,,1,1,1,14,7,0,23,0,23,1,9,1,70,5,2,1,25,75,51,61,0,0,,,,,,,0,0,20,0,4,0,0,0,0,0,4,2,35.71640333333334,139.85898277777778,4,3,,,,
1,30,777,421,2,0,1,30000,0,123,2019,6,6,18,28,13,,,,,1,1,1,1,7,9,22,0,23,15,9,30,70,4,2,1,65,75,3,61,31,0,,,,,,,2,0,30,0,4,0,2,0,2,0,4,2,35.708065833333336,139.84330972222224,5,3,,,,
1,30,777,428,2,0,1,30000,0,123,2019,5,14,18,40,21,,,,,2,1,1,1,1,9,22,0,23,15,9,30,70,4,2,1,1,45,51,61,0,0,,,,,,,0,0,10,0,3,0,0,0,0,0,4,2,35.68938555555555,139.8982088888889,3,3,,,,
1,30,777,430,2,0,1,21190,0,123,2019,6,11,17,45,12,,,,,2,1,1,1,1,9,22,0,23,14,9,30,70,4,2,1,1,55,51,61,0,0,,,,,,,0,0,10,0,3,0,0,0,0,0,4,2,35.70561527777778,139.84553277777778,3,3,,,,
1,30,777,431,2,0,1,30000,0,123,2019,6,7,8,35,12,,,,,3,1,2,1,7,1,22,0,23,11,9,30,70,5,2,1,55,75,4,61,31,0,,,,,,,10,0,80,0,3,0,2,0,2,0,4,2,35.69806472222222,139.8807502777778,6,3,,,,
1,30,777,432,2,0,1,30000,0,123,2019,6,12,10,30,12,,,,,2,1,1,14,7,0,23,0,23,3,9,1,70,5,4,1,45,45,24,61,0,0,,,,,,,10,0,30,0,4,0,0,0,0,0,4,2,35.68442611111111,139.87277833333334,4,3,,,,
1,30,777,434,2,0,1,30000,0,123,2019,6,12,20,46,22,,,,,1,1,1,1,7,9,22,0,23,11,9,30,70,5,3,1,25,55,51,61,0,0,,,,,,,0,0,10,0,3,0,0,0,0,0,4,2,35.70422,139.84585055555556,4,3,,,,
1,30,777,440,2,0,2,95000,0,123,2019,6,16,12,20,12,,,,,1,1,1,0,7,0,23,0,23,0,0,20,70,0,4,1,65,35,51,61,0,0,,,,,,,0,0,10,0,3,0,0,0,0,0,2,2,35.707503611111115,139.8505972222222,1,3,,,,
1,30,777,449,2,0,1,30000,0,123,2019,6,12,16,30,12,,,,,1,1,1,14,7,0,23,0,23,3,9,20,70,5,4,1,1,0,61,0,0,0,,,,,,,0,0,0,0,0,0,0,0,0,0,2,0,35.7084175,139.90932722222223,4,3,,,,
1,30,777,457,2,0,1,30000,0,123,2019,6,25,13,30,12,,,,,1,1,1,14,7,0,23,0,23,3,9,1,70,5,3,1,1,1,51,61,0,0,,,,,,,0,0,10,0,3,0,0,0,0,0,4,2,35.708536388888895,139.8413786111111,3,3,,,,
1,30,777,459,2,0,1,30000,0,123,2019,6,26,17,36,12,,,,,1,1,1,14,7,0,23,0,23,3,9,1,70,4,2,1,35,45,4,61,31,0,,,,,,,5,0,50,0,3,0,2,0,2,0,4,2,35.70654972222223,139.8429227777778,4,3,,,,
1,30,777,461,2,0,1,30000,0,123,2019,6,27,19,40,21,,,,,3,1,2,7,7,0,23,0,23,2,9,1,70,5,2,1,55,65,51,61,0,0,,,,,,,0,0,10,0,4,0,0,0,0,0,4,2,35.69396611111111,139.86756444444444,5,3,,,,
1,30,778,78,2,0,1,30000,0,123,2019,3,5,7,55,12,,,,,1,1,1,1,1,9,22,0,23,15,9,30,70,4,2,1,65,65,14,61,31,0,,,,,,,3,0,10,0,3,0,2,0,2,0,4,2,35.720663611111114,139.8821763888889,3,3,,,,
1,30,778,83,2,0,1,95000,0,123,2019,6,4,7,13,12,,,,,1,1,1,0,7,0,23,0,23,0,0,20,70,0,4,1,25,75,3,61,31,0,,,,,,,10,0,30,0,3,0,2,0,2,0,4,2,35.721879722222226,139.8754338888889,3,3,,,,
1,30,778,84,2,0,1,141,0,123,2019,6,3,15,58,12,,,,,1,1,1,14,7,0,23,0,23,3,9,20,70,4,1,1,35,1,51,61,0,0,,,,,,,0,0,40,0,4,0,0,0,0,0,4,2,35.727744722222226,139.88652083333332,2,3,,,,
1,30,778,86,2,0,1,30000,0,123,2019,6,10,15,0,12,,,,,3,1,2,7,1,0,23,0,23,1,9,1,70,4,2,1,65,1,3,61,1,0,,,,,,,10,0,80,0,3,0,2,0,2,0,4,2,35.72432972222222,139.87094916666666,2,3,,,,
1,30,778,87,2,0,1,30000,0,123,2019,6,13,6,5,12,,,,,1,1,1,7,7,0,23,0,23,2,9,1,70,5,4,1,25,65,3,61,31,0,,,,,,,10,0,80,0,4,0,2,0,2,0,4,2,35.72192166666667,139.8751738888889,5,3,,,,
1,30,778,89,2,0,1,30000,0,123,2019,6,25,7,45,12,,,,,1,1,1,14,7,0,23,0,23,2,9,1,70,5,3,1,25,75,13,61,31,0,,,,,,,10,0,10,0,1,0,2,0,2,0,4,2,35.710977222222226,139.89908194444445,3,3,,,,
1,30,779,234,2,0,1,30000,0,123,2019,5,30,15,53,12,,,,,1,1,1,14,1,0,23,0,23,3,9,20,1,1,2,1,65,1,3,61,31,0,,,,,,,2,0,50,0,4,0,2,0,2,0,4,2,35.66975194444444,139.8581225,5,3,,,,
1,30,779,249,2,0,1,10130,0,123,2019,6,9,21,32,22,,,,,3,1,2,1,1,9,22,0,23,18,9,30,70,1,2,1,25,1,3,61,31,0,,,,,,,4,0,10,0,3,0,2,0,2,0,4,2,35.64540861111111,139.8695988888889,1,3,,,,
1,30,779,250,2,0,1,30000,0,123,2019,6,9,22,5,22,,,,,3,1,2,14,7,0,23,0,23,2,9,1,70,5,1,1,1,55,51,61,0,0,,,,,,,0,0,10,0,3,0,0,0,0,0,4,2,35.66931944444444,139.85764444444445,1,3,,,,
1,30,779,253,2,0,1,10390,0,123,2019,6,10,12,2,12,,,,,3,1,2,14,7,0,23,0,23,3,9,1,70,4,2,1,35,1,11,61,1,0,,,,,,,4,0,40,0,3,0,2,0,2,0,4,2,35.66922944444444,139.8561963888889,2,3,,,,
1,30,779,257,2,0,1,30000,0,123,2019,6,14,20,45,22,,,,,1,1,1,1,1,9,22,0,23,15,9,30,1,4,2,1,45,65,51,61,0,0,,,,,,,0,0,10,0,3,0,0,0,0,0,4,2,35.66680638888889,139.8594836111111,6,3,,,,
1,30,779,267,2,0,1,30000,0,123,2019,6,21,19,10,21,,,,,1,1,1,1,1,9,22,0,23,15,9,30,70,1,2,1,65,65,51,61,0,0,,,,,,,0,0,10,0,3,0,0,0,0,0,2,4,35.66417111111111,139.86449305555556,6,3,,,,
1,30,876,224,2,0,1,30000,0,201,2019,6,7,15,8,12,,,,,3,1,2,1,1,9,22,0,23,18,9,30,70,4,2,1,55,25,3,61,31,0,,,,,,,3,0,10,0,3,0,2,0,2,0,4,2,35.61367027777778,139.37720611111112,6,3,,,,
1,30,876,225,2,0,1,30000,0,209,2019,6,10,11,20,12,,,,,3,2,2,1,1,9,22,0,23,15,9,30,70,4,2,1,45,55,3,61,31,0,,,,,,,5,0,10,0,3,0,2,0,2,0,4,2,35.59864138888889,139.3824525,2,3,,,,
1,30,876,226,2,0,1,30000,0,201,2019,6,11,3,0,22,,,,,1,1,1,1,1,9,22,0,23,15,7,30,70,4,2,1,65,65,4,61,31,0,,,,,,,2,0,40,0,3,0,2,0,2,0,4,2,35.6394975,139.3572213888889,3,3,,,,
1,30,876,234,2,0,1,30000,0,209,2019,6,10,12,30,12,,,,,3,2,2,1,7,1,22,0,23,11,9,30,70,5,3,1,65,65,3,61,31,0,,,,,,,2,0,30,0,4,0,2,0,2,0,4,2,35.59314888888889,139.37848083333333,2,3,,,,
1,30,876,240,2,0,1,10480,0,201,2019,5,29,7,50,12,,,,,2,1,1,1,1,9,22,0,23,14,9,20,70,5,2,1,45,1,51,61,0,0,,,,,,,0,0,10,0,3,0,0,0,0,0,4,2,35.64260055555555,139.35571944444445,4,3,,,,
1,30,877,160,2,0,1,30000,0,201,2019,6,15,20,35,22,,,,,1,1,2,7,7,0,23,0,23,2,9,1,70,4,1,1,45,75,4,61,31,0,,,,,,,2,0,40,0,3,0,2,0,2,0,4,2,35.62789027777778,139.28934527777778,7,3,,,,
1,30,877,162,2,0,1,30000,0,201,2019,6,25,22,45,22,,,,,1,3,1,14,7,0,23,0,23,3,9,1,70,5,2,1,75,65,3,61,31,0,,,,,,,10,0,10,0,4,0,2,0,2,0,4,2,35.679895555555554,139.29820666666666,3,3,,,,
1,30,877,169,2,0,1,30000,0,201,2019,6,17,8,15,12,,,,,1,1,1,1,7,0,23,0,23,14,9,30,1,4,3,1,1,0,61,0,0,0,,,,,,,0,0,0,0,0,0,0,0,0,0,2,0,35.64595805555555,139.3090652777778,2,3,,,,
1,30,878,210,2,0,1,30000,0,224,2019,6,7,17,35,12,,,,,3,2,2,14,7,0,23,0,23,3,9,1,70,5,3,1,45,1,3,61,31,0,,,,,,,5,0,10,0,3,0,2,0,2,0,4,2,35.62815666666667,139.45487388888887,6,3,,,,
1,30,878,211,2,0,1,30000,0,224,2019,6,7,20,47,22,,,,,2,2,2,14,7,0,23,0,23,2,9,1,70,5,4,1,55,25,3,61,31,0,,,,,,,10,0,20,0,3,0,2,0,2,0,4,2,35.65166222222222,139.4507725,6,3,,,,
1,30,878,232,2,0,1,99000,0,225,2019,6,22,12,5,12,,,,,3,2,2,0,7,0,23,0,23,0,0,20,70,0,4,1,25,65,3,61,31,0,,,,,,,5,0,10,0,4,0,2,0,2,0,4,2,35.63955,139.49434749999998,7,3,,,,
1,30,878,236,2,0,1,30000,0,224,2019,6,24,18,50,13,,,,,2,2,1,14,7,0,23,0,23,2,8,1,70,4,2,1,55,75,4,61,31,0,,,,,,,2,0,10,0,3,0,2,0,2,0,4,2,35.61763305555556,139.4500547222222,2,3,,,,
1,30,878,243,2,0,1,30000,0,224,2019,6,14,18,5,13,,,,,2,2,1,14,7,0,23,0,23,3,9,1,70,5,2,1,35,1,34,61,31,0,,,,,,,3,0,10,0,3,0,0,0,0,0,4,2,35.626735555555555,139.4526636111111,6,3,,,,
1,30,879,203,2,0,1,10240,0,220,2019,5,28,8,10,12,,,,,2,2,1,14,7,0,23,0,23,2,9,1,70,4,2,1,25,45,34,61,31,0,,,,,,,2,0,10,0,3,0,0,0,0,0,4,2,35.75281888888889,139.4304411111111,3,3,,,,
1,30,879,205,2,0,1,30000,0,220,2019,4,25,19,5,21,,,,,1,1,1,1,7,1,21,0,23,14,9,30,70,4,1,1,65,65,4,61,31,0,,,,,,,3,0,80,0,3,0,2,0,2,0,4,2,35.74480055555556,139.43482722222222,5,3,,,,
1,30,879,211,2,0,1,10240,0,223,2019,6,13,16,45,12,,,,,1,2,1,1,1,9,22,0,23,11,9,30,70,4,3,1,65,1,3,61,31,0,,,,,,,3,0,10,0,3,0,2,0,2,0,4,2,35.754646666666666,139.39962194444445,5,3,,,,
1,30,879,231,2,0,1,10250,0,220,2019,6,26,11,50,12,,,,,1,1,1,1,1,9,22,0,23,17,9,30,70,4,2,1,45,65,3,61,31,0,,,,,,,2,0,10,0,4,0,2,0,2,0,4,2,35.74689416666667,139.42476777777776,4,3,,,,
1,30,880,154,2,0,1,95000,0,205,2019,6,6,6,35,12,,,,,1,2,1,1,1,9,22,0,23,15,9,30,70,4,2,1,35,65,17,61,31,0,,,,,,,3,0,10,0,3,0,2,0,2,0,4,2,35.785669722222224,139.29219555555557,5,3,,,,
1,30,880,167,2,0,1,30000,0,205,2019,6,17,16,45,12,,,,,2,2,1,14,7,0,23,0,23,3,9,1,70,5,3,1,25,1,14,61,31,0,,,,,,,2,0,10,0,3,0,2,0,2,0,4,2,35.76726083333333,139.29451277777778,2,3,,,,
1,30,880,183,2,0,1,10450,0,205,2019,6,29,21,50,22,,,,,3,2,2,1,1,9,22,0,23,14,9,30,70,4,2,1,35,1,3,61,31,0,,,,,,,3,0,10,0,3,0,2,0,2,0,4,2,35.772914444444446,139.28482,7,3,,,,
1,30,882,258,2,0,1,30000,0,227,2019,4,1,19,5,22,,,,,2,2,1,14,7,0,23,0,23,4,9,1,70,4,2,1,55,45,4,61,31,0,,,,,,,3,0,10,0,2,0,2,0,2,0,4,2,35.77679222222222,139.30515472222223,2,3,,,,
1,30,882,260,2,0,1,30000,0,228,2019,6,2,18,0,13,,,,,1,1,1,1,7,9,22,0,23,17,9,30,70,1,2,1,55,65,3,61,31,0,,,,,,,3,0,20,0,3,0,2,0,2,0,4,2,35.730379722222224,139.2866588888889,1,3,,,,
1,30,882,263,2,0,1,10530,0,218,2019,6,11,21,50,22,,,,,3,1,1,7,1,0,23,0,23,1,9,1,70,4,2,1,45,45,14,61,1,0,,,,,,,3,0,10,0,3,0,2,0,2,0,4,2,35.732465000000005,139.32946527777779,3,3,,,,
1,30,882,268,2,0,1,30000,0,218,2019,6,12,17,33,12,,,,,1,1,1,1,7,1,21,0,23,14,9,30,70,4,2,1,65,45,14,61,31,0,,,,,,,3,0,10,0,3,0,2,0,2,0,4,2,35.741756111111116,139.33440555555558,4,3,,,,
1,30,882,272,2,0,1,30000,0,227,2019,6,15,11,0,12,,,,,3,1,2,1,1,9,22,0,23,11,9,30,70,5,2,1,75,55,3,61,31,0,,,,,,,2,0,40,0,3,0,2,0,2,0,4,2,35.75803361111111,139.31535416666668,7,3,,,,
1,30,882,277,2,0,1,10260,0,228,2019,6,23,13,17,12,,,,,2,1,1,1,1,9,22,0,23,14,9,30,70,4,2,1,65,55,3,61,31,0,,,,,,,3,0,20,0,4,0,2,0,2,0,4,2,35.72573444444445,139.2685886111111,1,3,,,,
1,30,882,278,2,0,1,10440,0,303,2019,6,11,15,35,12,,,,,1,1,1,14,7,0,23,0,23,3,9,1,70,4,2,1,65,1,3,61,31,0,,,,,,,3,0,40,0,3,0,2,0,2,0,4,2,35.780609444444444,139.33867083333334,3,3,,,,
1,30,882,282,2,0,1,30000,0,218,2019,6,18,8,2,12,,,,,1,2,1,7,7,0,23,0,23,2,8,1,70,5,3,1,1,1,4,61,31,0,,,,,,,2,0,10,0,3,0,2,0,2,0,4,2,35.74374666666667,139.3312761111111,3,3,,,,
1,30,882,287,2,0,1,95000,0,227,2019,5,14,18,0,13,,,,,2,2,1,7,1,0,23,0,23,1,9,1,70,4,2,1,25,45,3,61,31,0,,,,,,,2,0,10,0,3,0,2,0,2,0,4,2,35.764766944444446,139.3259038888889,3,3,,,,
1,30,883,322,2,0,1,95000,0,201,2019,6,1,12,22,12,,,,,2,2,1,0,7,0,23,0,23,0,0,20,70,0,1,1,75,75,51,61,0,0,,,,,,,0,0,20,0,3,0,0,0,0,0,4,2,35.66016361111111,139.32975583333334,7,3,,,,
1,30,883,328,2,0,1,30000,0,201,2019,5,27,8,15,12,,,,,1,2,1,14,7,0,23,0,23,1,9,1,70,5,3,1,45,0,61,0,0,0,,,,,,,0,0,0,0,0,0,0,0,0,0,2,0,35.663961666666665,139.3410086111111,2,3,,,,
1,30,883,347,2,0,1,30000,0,201,2019,6,14,23,55,22,,,,,3,2,2,7,1,0,23,0,23,4,9,1,70,4,1,1,35,65,14,61,31,0,,,,,,,3,0,20,0,3,0,2,0,2,0,4,2,35.66762222222222,139.34117722222223,6,3,,,,
1,30,883,350,2,0,1,30000,0,201,2019,5,24,17,5,12,,,,,1,2,1,14,7,0,23,0,23,1,9,20,70,5,4,1,65,25,3,61,1,0,,,,,,,10,0,40,0,3,0,2,0,2,0,4,2,35.68333722222222,139.2977077777778,6,3,,,,
1,30,883,361,2,0,1,30000,0,201,2019,6,15,12,55,12,,,,,3,1,2,14,7,0,23,0,23,5,9,1,70,4,2,1,25,35,51,61,0,0,,,,,,,0,0,10,0,4,0,0,0,0,0,4,2,35.6657975,139.36725694444445,7,3,,,,
1,30,883,365,2,0,1,200,461,201,2019,6,23,21,15,22,,,,,3,1,2,1,1,9,22,0,23,18,9,30,70,4,1,1,35,75,14,61,31,0,,,,,,,4,0,20,0,3,0,2,0,1,0,4,2,35.66072027777778,139.323485,1,3,,,,
1,30,883,373,2,0,1,30000,0,201,2019,6,27,16,10,12,,,,,2,2,1,1,1,9,22,0,23,18,9,30,70,4,2,1,55,1,3,61,31,0,,,,,,,3,0,10,0,4,0,2,0,2,0,4,2,35.66155555555555,139.3394313888889,5,3,,,,
1,30,883,381,2,0,1,30000,0,201,2019,6,13,8,0,12,,,,,1,1,1,14,7,0,23,0,23,2,9,1,70,4,3,1,25,25,3,61,31,0,,,,,,,10,0,40,0,4,0,2,0,2,0,4,2,35.6554425,139.33526444444445,5,3,,,,
1,30,884,332,1,1,1,30000,0,209,2019,6,2,4,58,11,,,,,1,1,1,14,7,0,23,0,23,4,9,1,70,4,1,1,35,65,3,61,31,0,,,,,,,3,0,10,0,1,0,1,0,1,0,4,1,35.561408611111105,139.46171833333332,1,3,,,,
1,30,884,338,2,0,1,30000,0,209,2019,6,5,22,30,22,,,,,1,1,1,7,1,0,23,0,23,4,2,1,70,4,2,1,25,45,3,61,31,0,,,,,,,2,0,10,0,4,0,2,0,2,0,4,2,35.54757,139.4426563888889,4,3,,,,
1,30,884,341,2,0,1,30000,0,209,2019,6,7,13,0,12,,,,,3,1,2,1,7,1,22,0,23,15,9,30,70,5,3,1,55,35,3,61,31,0,,,,,,,5,0,10,0,4,0,2,0,2,0,4,2,35.583241944444445,139.42719305555553,6,3,,,,
1,30,884,356,2,0,1,10610,0,209,2019,6,15,12,13,12,,,,,3,1,2,1,1,9,22,0,23,15,9,30,70,4,2,1,65,75,3,61,31,0,,,,,,,3,0,20,0,3,0,2,0,2,0,4,2,35.57277388888889,139.4622388888889,7,3,,,,
1,30,884,363,2,0,4,10610,0,209,2019,6,17,17,4,12,,,,,1,1,1,7,1,0,23,0,23,4,9,20,70,5,2,1,55,45,3,61,31,0,,,,,,,3,0,10,0,1,0,2,0,2,0,4,2,35.587898611111115,139.46729972222224,2,3,,,,
1,30,884,370,2,0,1,99000,0,209,2019,6,10,17,30,12,,,,,3,1,1,0,7,0,23,0,23,0,0,20,70,0,2,1,65,65,3,61,31,0,,,,,,,10,0,10,0,3,0,2,0,2,0,4,2,35.568288611111115,139.4351638888889,2,3,,,,
1,30,884,371,2,0,1,30570,0,209,2019,6,24,11,0,12,,,,,3,1,2,1,1,9,22,0,23,11,9,30,70,4,2,1,55,75,3,61,31,0,,,,,,,3,0,10,0,3,0,2,0,2,0,4,2,35.567618611111115,139.43476361111112,2,3,,,,
1,30,884,373,2,0,1,30560,0,209,2019,6,2,19,0,21,,,,,1,1,1,1,1,9,21,0,23,14,9,30,70,4,2,1,45,55,3,61,31,0,,,,,,,3,0,30,0,4,0,2,0,2,0,4,2,35.54457083333333,139.44265000000001,1,3,,,,
1,30,884,376,2,0,1,30000,0,209,2019,6,4,15,58,12,,,,,1,1,1,14,7,0,23,0,23,2,9,1,70,4,2,1,45,1,13,61,31,0,,,,,,,3,0,80,0,3,0,2,0,2,0,4,2,35.55639972222222,139.44869805555555,3,3,,,,
1,30,884,379,2,0,1,10490,0,209,2019,6,27,16,13,12,,,,,3,2,2,14,7,0,23,0,23,3,9,1,70,4,2,1,45,1,11,61,1,0,,,,,,,3,0,40,0,4,0,2,0,2,0,4,2,35.5442225,139.45130638888887,5,3,,,,
1,30,884,380,2,0,1,30000,0,209,2019,6,27,15,30,12,,,,,2,1,1,14,7,0,23,0,23,2,9,1,70,5,4,1,1,45,51,61,0,0,,,,,,,0,0,40,0,3,0,0,0,0,0,4,2,35.541374999999995,139.4473152777778,5,3,,,,
1,30,884,381,2,0,1,30000,0,209,2019,6,29,10,20,12,,,,,3,1,2,1,7,9,22,0,23,14,8,30,70,4,2,1,65,75,3,61,31,0,,,,,,,3,0,10,0,3,0,2,0,2,0,4,2,35.5203225,139.47684222222222,7,3,,,,
1,30,884,384,2,0,1,30000,0,209,2019,6,13,15,37,12,,,,,1,1,1,14,7,0,23,0,23,2,9,1,70,5,3,1,65,45,13,61,31,0,,,,,,,5,0,40,0,3,0,2,0,2,0,4,2,35.54438972222222,139.44775694444445,5,3,,,,