資料区分,都道府県コード,警察署等コード,本票番号,事故内容,死者数,負傷者数,路線コード,地点コード,市区町村コード,発生日時　　年,発生日時　　月,発生日時　　日,発生日時　　時,発生日時　　分,昼夜,日の出時刻　　時,日の出時刻　　分,日の入り時刻　　時,日の入り時刻　　分,天候,地形,路面状態,道路形状,信号機,一時停止規制　標識（当事者A）,一時停止規制　表示（当事者A）,一時停止規制　標識（当事者B）,一時停止規制　表示（当事者B）,車道幅員,道路線形,衝突地点,ゾーン規制,中央分離帯施設等,歩車道区分,事故類型,年齢（当事者A）,年齢（当事者B）,当事者種別（当事者A）,当事者種別（当事者B）,用途別（当事者A）,用途別（当事者B）,車両形状等（当事者A）,車両形状等（当事者B）,オートマチック車（当事者A）,オートマチック車（当事者B）,サポカー（当事者A）,サポカー（当事者B）,速度規制（指定のみ）（当事者A）,速度規制（指定のみ）（当事者B）,車両の衝突部位（当事者A）,車両の衝突部位（当事者B）,車両の損壊程度（当事者A）,車両の損壊程度（当事者B）,エアバッグの装備（当事者A）,エアバッグの装備（当事者B）,サイドエアバッグの装備（当事者A）,サイドエアバッグの装備（当事者B）,人身損傷程度（当事者A）,人身損傷程度（当事者B）,lat,lon,曜日(発生年月日),祝日(発生年月日),認知機能検査経過日数（当事者A）,認知機能検査経過日数（当事者B）,運転練習の方法（当事者A）,運転練習の方法（当事者B）
1,30,884,390,2,0,1,10490,0,209,2019,6,17,12,20,12,,,,,1,1,1,7,1,0,23,0,23,3,9,20,70,5,2,1,75,45,3,61,31,0,,,,,,,3,0,80,0,3,0,2,0,2,0,4,2,35.58155083333334,139.40440194444446,2,3,,,,
1,30,885,192,2,0,1,30000,0,212,2019,5,23,18,30,13,,,,,1,2,1,14,7,0,23,0,23,3,9,1,70,5,3,1,45,1,51,61,0,0,,,,,,,0,0,10,0,4,0,0,0,0,0,4,2,35.67659138888889,139.4129066666667,5,3,,,,
1,30,885,193,2,0,1,200,0,212,2019,6,1,19,0,21,,,,,1,3,1,1,1,9,22,0,23,18,9,30,70,1,2,1,75,55,4,61,31,0,,,,,,,5,0,40,0,3,0,2,0,2,0,4,2,35.67001416666666,139.40860138888888,7,3,,,,
1,30,885,206,2,0,1,30000,0,212,2019,6,17,10,10,12,,,,,1,3,1,14,7,0,23,0,23,2,9,1,70,5,4,1,55,35,13,61,31,0,,,,,,,10,0,10,0,4,0,2,0,2,0,4,2,35.66540555555555,139.41983249999998,2,3,,,,
1,30,885,208,2,0,1,30000,0,212,2019,6,19,15,5,12,,,,,1,2,1,14,7,0,23,0,23,4,9,1,70,5,2,1,1,45,51,61,0,0,,,,,,,0,0,10,0,4,0,0,0,0,0,4,2,35.65971111111111,139.3812988888889,4,3,,,,
1,30,886,230,2,0,1,30000,0,207,2019,6,6,16,35,12,,,,,1,1,1,1,7,9,22,0,23,11,9,30,70,5,2,1,65,1,4,61,31,0,,,,,,,2,0,10,0,3,0,2,0,2,0,4,2,35.72114916666667,139.3540397222222,5,3,,,,
1,30,887,418,2,0,1,30000,0,215,2019,6,7,16,15,12,,,,,3,1,2,14,7,0,23,0,23,1,9,1,1,5,3,1,75,1,3,61,31,0,,,,,,,10,0,10,0,4,0,2,0,2,0,4,2,35.69876305555555,139.44213694444446,6,3,,,,
1,30,887,419,2,0,1,95000,0,215,2019,6,2,12,30,12,,,,,2,1,1,0,7,0,23,0,23,0,0,20,70,0,4,1,65,1,4,61,31,0,,,,,,,10,0,30,0,3,0,2,0,2,0,4,2,35.685847777777774,139.42139805555556,1,3,,,,
1,30,887,430,2,0,1,30000,0,215,2019,6,12,7,45,12,,,,,1,1,1,7,1,0,23,0,23,2,9,1,1,5,2,1,35,45,13,61,31,0,,,,,,,2,0,10,0,3,0,2,0,2,0,4,2,35.698969444444444,139.44967416666668,4,3,,,,
1,30,887,449,2,0,1,30000,0,202,2019,6,9,0,55,22,,,,,2,1,1,14,7,0,23,0,23,1,9,1,70,5,4,1,35,55,3,61,31,0,,,,,,,10,0,20,0,3,0,2,0,2,0,4,2,35.698790277777775,139.41680722222222,1,3,,,,
1,30,887,454,2,0,1,95000,0,215,2019,6,22,8,0,12,,,,,1,1,1,14,7,0,23,0,23,1,9,1,1,5,3,1,1,1,51,61,0,0,,,,,,,0,0,10,0,4,0,0,0,0,0,4,2,35.68952944444444,139.45259305555555,7,3,,,,
1,30,887,455,2,0,1,10260,0,202,2019,6,22,15,30,12,,,,,3,2,2,1,1,9,22,0,23,11,9,30,70,5,2,1,75,1,4,61,31,0,,,,,,,3,0,10,0,3,0,2,0,2,0,4,2,35.721781944444444,139.4324172222222,7,3,,,,
1,30,887,461,2,0,1,95000,0,215,2019,6,25,13,50,12,,,,,1,1,1,14,7,0,23,0,23,2,9,1,70,4,2,1,45,25,3,61,31,0,,,,,,,3,0,20,0,3,0,2,0,2,0,4,2,35.69094527777777,139.4339288888889,3,3,,,,
1,30,887,462,2,0,1,20000,0,215,2019,6,25,16,26,12,,,,,1,2,1,7,7,0,23,0,23,3,9,1,70,4,2,1,45,1,13,61,31,0,,,,,,,3,0,10,0,3,0,2,0,2,0,4,2,35.686456388888885,139.4328688888889,3,3,,,,
1,30,887,471,2,0,1,30000,0,202,2019,6,29,12,40,12,,,,,3,1,2,14,7,0,23,0,23,1,9,1,1,4,2,1,55,35,3,61,31,0,,,,,,,2,0,40,0,3,0,2,0,2,0,4,2,35.723438333333334,139.4368836111111,7,3,,,,
1,30,887,475,2,0,1,30000,0,215,2019,6,30,14,36,12,,,,,3,1,2,14,7,0,23,0,23,2,8,1,70,5,3,1,1,25,51,61,0,0,,,,,,,0,0,10,0,3,0,0,0,0,0,4,2,35.697623888888884,139.45169388888888,1,3,,,,
1,30,888,142,2,0,1,30000,0,206,2019,6,1,21,44,22,,,,,1,1,1,1,7,9,22,0,23,11,9,30,70,5,2,1,25,55,3,61,31,0,,,,,,,2,0,10,0,3,0,2,0,2,0,4,2,35.680550555555556,139.47567805555556,7,3,,,,
1,30,888,146,2,0,1,95000,0,206,2019,6,4,6,55,12,,,,,1,1,1,14,7,0,23,0,23,2,9,1,70,5,2,1,45,45,13,61,31,0,,,,,,,2,0,40,0,3,0,2,0,2,0,4,2,35.66842444444444,139.49693388888886,3,3,,,,
1,30,888,147,2,0,1,10500,0,206,2019,6,4,20,55,22,,,,,1,1,1,1,7,9,22,0,23,11,9,30,70,4,2,1,65,1,3,61,1,0,,,,,,,3,0,10,0,3,0,2,0,2,0,4,2,35.67294972222222,139.4753625,3,3,,,,
1,30,888,151,2,0,1,10750,0,206,2019,6,11,20,49,22,,,,,3,1,2,1,1,9,22,0,23,18,9,30,70,5,2,1,35,65,3,61,31,0,,,,,,,5,0,20,0,3,0,2,0,2,0,4,2,35.68859638888888,139.47961416666666,3,3,,,,
1,30,888,159,2,0,1,30000,0,206,2019,6,18,14,45,12,,,,,1,1,1,1,7,0,23,0,23,14,9,30,70,5,1,1,1,0,61,0,0,0,,,,,,,0,0,0,0,0,0,0,0,0,0,2,0,35.66668416666666,139.5092613888889,3,3,,,,
1,30,888,160,2,0,1,20890,0,206,2019,6,25,14,57,12,,,,,1,1,1,1,3,9,22,0,23,14,9,30,70,5,2,1,45,55,3,61,31,0,,,,,,,10,0,10,0,3,0,2,0,2,0,4,2,35.669745,139.49468416666664,3,3,,,,
1,30,888,161,2,0,1,10750,0,206,2019,6,14,7,53,12,,,,,1,1,1,14,7,0,23,0,23,2,9,1,70,1,2,1,1,1,51,61,0,0,,,,,,,0,0,10,0,3,0,0,0,0,0,4,2,35.68716805555555,139.4638761111111,6,3,,,,
1,30,888,162,2,0,1,95000,0,206,2019,6,26,11,25,12,,,,,1,1,1,14,7,0,23,0,23,3,9,1,70,4,2,1,55,75,14,61,1,0,,,,,,,2,0,20,0,3,0,2,0,2,0,4,2,35.67386527777778,139.479225,4,3,,,,
1,30,889,132,2,0,1,95000,0,210,2019,6,4,10,0,12,,,,,2,1,1,1,7,9,22,0,23,14,9,30,70,5,3,1,75,75,51,61,0,0,,,,,,,0,0,10,0,3,0,0,0,0,0,4,2,35.70999722222223,139.51422083333333,3,3,,,,
1,30,889,136,2,0,1,30000,0,214,2019,6,8,21,0,22,,,,,2,1,1,14,7,0,23,0,23,3,9,1,70,5,3,1,65,55,14,61,31,0,,,,,,,5,0,40,0,3,0,2,0,2,0,4,2,35.69539777777778,139.46565027777777,7,3,,,,
1,30,889,144,2,0,1,30000,0,210,2019,6,14,16,27,12,,,,,1,1,1,1,7,9,21,0,23,11,9,30,70,5,3,1,25,1,14,61,31,0,,,,,,,2,0,10,0,3,0,2,0,2,0,4,2,35.704572222222225,139.52007833333334,6,3,,,,
1,30,889,146,2,0,1,30000,0,214,2019,6,14,18,0,13,,,,,2,1,1,14,7,0,23,0,23,3,9,1,70,4,1,1,45,75,12,61,31,0,,,,,,,2,0,30,0,3,0,2,0,2,0,4,2,35.70498722222222,139.48083333333332,6,3,,,,
1,30,889,153,2,0,1,30000,0,214,2019,6,24,8,15,12,,,,,3,1,2,14,7,0,23,0,23,3,8,1,70,5,3,1,45,1,51,61,0,0,,,,,,,0,0,20,0,4,0,0,0,0,0,4,2,35.704230833333334,139.4822927777778,2,3,,,,
1,30,890,268,2,0,1,30000,0,229,2019,5,30,14,45,12,,,,,1,1,1,14,7,0,23,0,23,1,9,1,70,5,3,1,65,45,51,61,0,0,,,,,,,0,0,10,0,3,0,0,0,0,0,4,2,35.754133055555556,139.5646513888889,5,3,,,,
1,30,890,273,2,0,1,20000,0,229,2019,6,1,16,50,12,,,,,1,1,1,14,7,0,23,0,23,5,9,1,70,4,2,1,1,55,51,61,0,0,,,,,,,0,0,10,0,3,0,0,0,0,0,4,2,35.73005361111111,139.5401725,7,3,,,,
1,30,890,275,2,0,1,30000,0,229,2019,6,8,13,40,12,,,,,1,1,1,14,7,0,23,0,23,4,9,1,70,5,2,1,1,65,51,61,0,0,,,,,,,0,0,10,0,3,0,0,0,0,0,4,2,35.748470555555556,139.56732805555555,7,3,,,,
1,30,890,280,2,0,1,10580,0,229,2019,6,5,16,0,12,,,,,1,1,1,14,7,0,23,0,23,3,9,1,70,4,2,1,1,25,51,61,0,0,,,,,,,0,0,10,0,3,0,0,0,0,0,4,2,35.73276972222222,139.53941472222223,4,3,,,,
1,30,890,292,2,0,1,10250,0,229,2019,6,13,14,30,12,,,,,1,1,1,1,1,9,22,0,23,15,9,30,70,5,2,1,55,65,13,61,1,0,,,,,,,3,0,0,0,4,0,2,0,2,0,4,2,35.73211472222222,139.55460694444446,5,3,,,,
1,30,890,296,2,0,1,30000,0,222,2019,6,16,0,20,22,,,,,3,1,2,1,1,9,22,0,23,15,9,30,70,4,2,1,35,35,17,61,1,0,,,,,,,2,0,10,0,3,0,2,0,2,0,4,2,35.756930833333335,139.52200194444447,1,3,,,,
1,30,890,318,2,0,1,95000,0,229,2019,6,27,9,10,12,,,,,2,1,1,0,7,0,23,0,23,0,0,20,70,0,4,1,25,65,14,61,31,0,,,,,,,10,0,20,0,3,0,2,0,2,0,4,2,35.75094888888889,139.54610805555555,5,3,,,,
1,30,891,154,2,0,1,30000,0,213,2019,6,1,20,20,22,,,,,1,2,1,1,7,9,22,0,23,11,9,30,70,5,4,1,45,1,36,61,31,0,,,,,,,2,0,20,0,4,0,0,0,0,0,4,2,35.7632025,139.48026638888888,7,3,,,,
1,30,891,159,2,0,1,30000,0,213,2019,6,18,7,20,12,,,,,1,1,1,14,7,0,23,0,23,1,9,1,70,4,2,1,55,55,3,61,31,0,,,,,,,3,0,20,0,3,0,2,0,2,0,4,2,35.754311666666666,139.4787761111111,3,3,,,,
1,30,891,161,2,0,1,30000,0,213,2019,6,24,14,56,12,,,,,2,1,2,1,7,9,22,0,23,15,9,30,70,4,1,1,45,1,4,61,31,0,,,,,,,2,0,10,0,3,0,2,0,2,0,4,2,35.74852111111111,139.46485194444443,2,3,,,,
1,30,891,162,2,0,1,30610,0,213,2019,6,24,21,0,22,,,,,3,1,2,1,1,9,22,0,23,15,9,30,70,4,2,1,35,25,17,61,1,0,,,,,,,2,0,10,0,3,0,2,0,2,0,4,2,35.744819444444445,139.4547611111111,2,3,,,,
1,30,892,94,2,0,1,95000,0,203,2019,5,23,11,20,12,,,,,1,1,1,1,7,9,22,0,23,14,9,30,70,4,2,1,45,55,3,61,31,0,,,,,,,3,0,80,0,4,0,2,0,2,0,4,2,35.70429638888889,139.56044083333333,5,3,,,,
1,30,892,104,2,0,1,95000,0,203,2019,6,20,7,15,12,,,,,1,1,1,7,1,0,23,0,23,4,9,1,70,4,2,1,35,65,4,61,31,0,,,,,,,3,0,10,0,3,0,2,0,2,0,4,2,35.704950833333335,139.56050194444447,5,3,,,,
1,30,892,110,2,0,1,20230,0,203,2019,6,25,15,5,12,,,,,1,1,1,14,7,0,23,0,23,3,9,1,70,4,2,1,65,75,3,61,1,0,,,,,,,3,0,40,0,4,0,2,0,2,0,4,2,35.70536888888889,139.578495,3,3,,,,
1,30,892,111,2,0,1,20000,0,203,2019,6,17,21,15,22,,,,,2,1,1,1,1,9,22,0,23,15,9,30,70,4,1,1,65,45,3,61,1,0,,,,,,,3,0,10,0,4,0,2,0,2,0,4,2,35.70757305555556,139.54375444444443,2,3,,,,
1,30,893,159,2,0,1,30000,0,204,2019,6,1,9,45,12,,,,,1,1,1,14,7,0,23,0,23,3,9,1,70,5,3,1,1,65,51,61,0,0,,,,,,,0,0,10,0,3,0,0,0,0,0,4,2,35.69761777777777,139.56965583333334,7,3,,,,
1,30,893,181,2,0,1,30000,0,204,2019,6,20,18,20,13,,,,,1,1,1,14,7,0,23,0,23,3,9,1,70,5,2,1,55,45,51,61,0,0,,,,,,,0,0,10,0,4,0,0,0,0,0,4,2,35.70157416666667,139.5609836111111,5,3,,,,
1,30,893,186,2,0,1,30000,0,204,2019,6,28,20,0,21,,,,,3,1,2,1,1,9,22,0,23,15,9,30,70,4,2,1,35,75,3,61,31,0,,,,,,,3,0,20,0,3,0,2,0,2,0,4,2,35.67178055555555,139.57028555555556,6,3,,,,
1,30,894,268,2,0,1,30000,0,208,2019,5,17,17,0,12,,,,,1,1,1,1,1,9,22,0,23,11,9,30,70,4,2,1,55,35,3,61,31,0,,,,,,,1,0,10,0,3,0,2,0,2,0,4,2,35.65039,139.58986777777778,6,3,,,,
1,30,894,271,2,0,1,30000,0,208,2019,4,1,14,22,12,,,,,1,1,1,14,7,0,23,0,23,3,9,1,70,5,3,1,45,75,3,61,31,0,,,,,,,10,0,10,0,3,0,2,0,2,0,4,2,35.6599775,139.58441027777778,2,3,,,,
1,30,894,274,2,0,1,200,242,208,2019,6,14,15,25,12,,,,,1,1,1,1,1,9,22,0,23,14,9,30,70,4,2,1,1,25,51,61,0,0,,,,,,,0,0,20,0,3,0,0,0,0,0,4,2,35.655879166666665,139.54214861111112,6,3,,,,
1,30,895,191,2,0,1,10560,0,211,2019,6,29,17,55,12,,,,,3,1,2,14,1,0,23,0,23,3,9,1,70,4,2,1,55,1,14,61,31,0,,,,,,,3,0,10,0,3,0,2,0,2,0,4,2,35.727489444444444,139.5112836111111,7,3,,,,
1,30,100,76,2,0,1,30010,0,101,2019,7,24,11,40,12,,,,,1,1,1,14,7,0,23,0,23,3,7,1,70,4,2,1,1,1,3,61,1,0,,,,,,,3,0,10,0,3,0,2,0,2,0,4,2,35.684378055555555,139.73752666666667,4,3,,,,
1,30,101,101,1,1,0,20030,0,101,2019,7,4,22,27,22,,,,,2,1,2,1,1,9,22,0,23,19,9,30,70,1,2,1,45,45,3,61,1,0,,,,,,,5,0,10,0,2,0,2,0,2,0,4,1,35.67327638888889,139.75765666666666,5,3,,,,
1,30,101,114,2,0,1,20000,0,101,2019,7,12,10,32,12,,,,,3,1,2,13,7,0,23,0,23,5,6,1,70,1,2,1,65,65,3,61,31,0,,,,,,,10,0,30,0,3,0,2,0,2,0,4,2,35.68311972222222,139.76683555555556,6,3,,,,
1,30,101,118,2,0,1,20020,0,101,2019,7,24,13,40,12,,,,,1,1,1,1,1,9,22,0,23,17,9,20,70,5,2,1,45,45,3,61,31,0,,,,,,,10,0,50,0,3,0,2,0,2,0,4,2,35.67762777777777,139.7647697222222,4,3,,,,
1,30,102,95,2,0,1,30000,0,101,2019,7,3,18,20,13,,,,,2,1,1,1,7,1,21,0,23,15,9,30,1,4,2,1,65,45,3,61,31,0,,,,,,,2,0,10,0,3,0,2,0,2,0,4,2,35.69911166666666,139.75805833333334,4,3,,,,
1,30,102,97,2,0,1,30000,0,101,2019,7,5,20,57,22,,,,,3,1,2,1,1,9,22,0,23,14,9,30,70,5,2,1,55,35,3,61,1,0,,,,,,,5,0,10,0,3,0,2,0,2,0,4,2,35.69385333333333,139.7587536111111,6,3,,,,
1,30,102,98,2,0,1,10050,0,101,2019,7,6,21,57,22,,,,,3,1,2,1,1,9,22,0,23,19,9,30,70,1,1,1,45,1,14,61,31,0,,,,,,,10,0,20,0,4,0,2,0,2,0,4,2,35.69530694444444,139.76729083333333,7,3,,,,
1,30,102,100,2,0,1,30000,0,101,2019,7,8,22,54,22,,,,,2,1,1,14,7,0,23,0,23,3,9,1,70,5,2,1,35,25,51,61,0,0,,,,,,,0,0,10,0,4,0,0,0,0,0,4,2,35.690554999999996,139.76775583333335,2,3,,,,
1,30,103,68,2,0,1,10050,0,101,2019,7,14,0,58,22,,,,,3,1,2,1,1,9,22,0,23,19,9,30,70,1,1,1,65,25,3,61,1,0,,,,,,,5,0,10,0,2,0,2,0,2,0,4,2,35.69570361111111,139.7706916666667,1,2,,,,
1,30,103,70,2,0,1,170,0,101,2019,7,22,1,6,22,,,,,2,1,1,14,7,0,23,0,23,6,9,1,70,4,2,1,45,35,3,61,1,0,,,,,,,4,0,10,0,3,0,2,0,2,0,4,2,35.70176888888889,139.7716063888889,2,3,,,,
1,30,104,147,2,0,1,30000,0,102,2019,7,4,8,10,12,,,,,3,1,2,1,7,9,22,0,23,15,9,30,70,5,2,1,45,1,3,61,1,0,,,,,,,5,0,10,0,4,0,2,0,1,0,4,2,35.682968055555556,139.77559333333335,5,3,,,,
1,30,104,154,2,0,1,10030,0,102,2019,7,9,20,10,22,,,,,2,1,1,1,1,9,22,0,23,19,9,30,70,5,2,1,65,25,3,61,31,0,,,,,,,5,0,10,0,3,0,2,0,2,0,4,2,35.689341111111105,139.7758802777778,3,3,,,,
1,30,104,162,2,0,1,10030,0,102,2019,7,14,14,45,12,,,,,3,1,1,1,7,1,21,0,23,18,9,30,70,1,2,1,75,55,3,61,31,0,,,,,,,2,0,81,0,4,0,2,0,2,0,4,2,35.674525555555554,139.77105694444447,1,2,,,,
1,30,104,169,2,0,1,40,1,102,2019,7,25,17,50,12,,,,,1,1,1,1,1,9,22,0,23,19,9,30,70,5,2,1,55,1,3,61,31,0,,,,,,,4,0,10,0,3,0,2,0,2,0,4,2,35.684821388888885,139.7744988888889,5,3,,,,
1,30,105,62,2,0,1,30080,0,102,2019,7,4,1,20,22,,,,,2,1,1,14,7,0,23,0,23,4,9,1,70,4,2,1,65,45,3,61,1,0,,,,,,,3,0,10,0,3,0,2,0,2,0,4,2,35.68201,139.78614833333333,5,3,,,,
1,30,105,63,2,0,1,30000,0,102,2019,7,5,22,45,22,,,,,3,1,2,14,7,0,23,0,23,3,9,1,70,5,3,1,25,45,51,61,0,0,,,,,,,0,0,10,0,3,0,0,0,0,0,4,2,35.68425222222222,139.78481833333333,6,3,,,,
1,30,105,72,2,0,1,20540,0,102,2019,7,11,19,55,21,,,,,3,1,2,1,1,9,22,0,23,19,9,30,70,4,2,1,65,55,14,61,31,0,,,,,,,4,0,10,0,3,0,2,0,2,0,4,2,35.68552333333333,139.7883647222222,5,3,,,,
1,30,105,73,2,0,1,10060,0,102,2019,7,19,20,30,22,,,,,2,1,1,1,1,9,22,0,23,19,9,30,70,5,2,1,65,55,3,61,1,0,,,,,,,4,0,10,0,3,0,2,0,2,0,4,2,35.683681666666665,139.78431416666666,6,3,,,,
1,30,106,153,2,0,1,30000,0,102,2019,5,20,14,55,12,,,,,2,1,1,14,7,0,23,0,23,2,9,1,70,5,2,1,75,35,3,61,31,0,,,,,,,10,0,10,0,3,0,2,0,2,0,4,2,35.67015138888889,139.75994416666666,2,3,,,,
1,30,106,155,2,0,1,30000,0,102,2019,7,5,14,28,12,,,,,2,1,1,1,1,9,22,0,23,14,9,30,70,4,1,1,45,75,3,61,1,0,,,,,,,3,0,50,0,3,0,2,0,2,0,4,2,35.66836611111111,139.7709152777778,6,3,,,,
1,30,106,156,2,0,1,10060,0,102,2019,7,9,17,12,12,,,,,1,1,1,1,1,9,22,0,23,17,9,30,70,1,2,1,55,35,13,61,31,0,,,,,,,4,0,10,0,3,0,2,0,2,0,4,2,35.6643125,139.7679038888889,3,3,,,,
1,30,106,161,2,0,1,30000,0,102,2019,7,16,11,50,12,,,,,3,1,2,1,7,9,22,0,23,15,9,30,70,5,4,1,55,65,14,61,31,0,,,,,,,5,0,50,0,4,0,2,0,2,0,4,2,35.664744166666665,139.77159444444445,3,3,,,,
1,30,106,168,2,0,1,30000,0,102,2019,7,25,12,55,12,,,,,1,1,1,14,7,0,23,0,23,3,9,1,70,5,3,1,65,45,3,61,31,0,,,,,,,10,0,30,0,3,0,2,0,2,0,4,2,35.672797499999994,139.77514555555558,5,3,,,,
1,30,107,56,2,0,1,10020,0,102,2019,5,11,17,0,12,,,,,1,1,1,14,7,0,23,0,23,5,8,1,70,1,1,1,35,0,61,0,0,0,,,,,,,0,0,0,0,0,0,0,0,0,0,2,0,35.66111611111111,139.77609416666667,7,3,,,,
1,30,107,62,2,0,1,30000,0,102,2019,6,26,9,45,12,,,,,1,1,1,1,1,0,23,0,23,11,9,30,70,4,2,1,25,0,61,0,0,0,,,,,,,0,0,0,0,0,0,0,0,0,0,2,0,35.659549444444444,139.77569805555558,4,3,,,,
1,30,108,143,2,0,1,30000,0,103,2019,7,12,22,38,22,,,,,1,1,1,1,1,9,22,0,23,15,9,30,70,5,2,1,35,35,3,61,1,0,,,,,,,5,0,10,0,4,0,2,0,2,0,4,2,35.66563361111111,139.75801444444446,6,3,,,,
1,30,108,149,2,0,1,30000,0,103,2019,7,19,9,15,12,,,,,2,1,1,1,1,9,22,0,23,14,9,30,1,5,3,1,55,45,13,61,31,0,,,,,,,2,0,40,0,3,0,2,0,2,0,4,2,35.66411083333333,139.74531138888887,6,3,,,,
1,30,108,152,2,0,1,30000,0,103,2019,7,18,23,40,22,,,,,3,1,2,14,7,0,23,0,23,2,9,1,70,5,3,1,65,55,3,61,1,0,,,,,,,10,0,10,0,4,0,2,0,2,0,4,2,35.66558111111111,139.75789444444445,5,3,,,,
1,30,108,153,2,0,1,30000,0,103,2019,7,20,8,41,12,,,,,2,1,2,1,7,9,22,0,23,11,9,30,70,4,2,1,45,1,3,61,1,0,,,,,,,10,0,50,0,3,0,2,0,2,0,4,2,35.66129166666666,139.75675055555556,7,3,,,,
1,30,109,105,2,0,1,30000,0,103,2019,6,29,11,30,12,,,,,3,1,2,1,7,9,22,0,23,11,9,30,70,5,4,1,65,45,17,61,31,0,,,,,,,5,0,30,0,3,0,2,0,2,0,4,2,35.64776333333333,139.74656888888887,7,3,,,,
1,30,109,108,2,0,1,30000,0,103,2019,7,3,11,33,12,,,,,1,1,1,14,7,0,23,0,23,4,9,1,70,4,1,1,35,45,3,61,31,0,,,,,,,3,0,10,0,3,0,2,0,2,0,4,2,35.652741388888884,139.74751805555553,4,3,,,,
1,30,110,108,2,0,2,10,90,103,2019,6,29,1,23,22,,,,,3,1,2,1,1,9,22,0,23,18,9,30,70,1,1,1,75,25,3,61,1,0,,,,,,,5,0,10,0,3,0,2,0,2,0,4,2,35.631945,139.73076055555555,7,3,,,,
1,30,110,109,2,0,1,10,88,103,2019,7,13,15,50,12,,,,,3,1,2,14,7,0,23,0,23,6,9,1,70,1,2,1,55,55,3,61,31,0,,,,,,,10,0,50,0,4,0,2,0,2,0,4,2,35.63397194444445,139.73122361111112,7,3,,,,
1,30,110,112,2,0,1,30000,0,103,2019,6,18,15,30,12,,,,,1,1,1,14,7,0,23,0,23,2,9,1,70,5,2,1,1,25,13,61,31,0,,,,,,,10,0,30,0,3,0,2,0,2,0,4,2,35.628728055555555,139.74213944444443,3,3,,,,
1,30,111,208,2,0,1,10120,0,103,2019,7,3,1,5,22,,,,,2,1,1,7,1,0,23,0,23,5,9,1,70,4,1,1,25,25,3,61,1,0,,,,,,,3,0,80,0,3,0,2,0,2,0,4,2,35.66429083333333,139.73119694444443,4,3,,,,
1,30,111,211,2,0,1,30000,0,103,2019,7,5,0,30,22,,,,,1,1,1,14,7,0,23,0,23,2,9,20,70,5,4,1,35,35,3,61,31,0,,,,,,,10,0,40,0,4,0,2,0,2,0,4,2,35.663515277777776,139.73530499999998,6,3,,,,
1,30,111,220,2,0,1,20170,0,103,2019,7,13,16,7,12,,,,,3,1,2,1,1,9,22,0,23,19,9,30,70,1,2,1,45,1,3,61,1,0,,,,,,,5,0,10,0,3,0,2,0,2,0,4,2,35.659594722222224,139.72329416666668,7,3,,,,
1,30,111,222,2,0,1,30000,0,103,2019,7,14,15,20,12,,,,,3,1,2,1,1,9,22,0,23,15,7,30,70,5,3,1,65,1,3,61,1,0,,,,,,,3,0,40,0,3,0,2,0,2,0,4,2,35.65246416666667,139.73323666666667,1,2,,,,
1,30,111,226,2,0,1,20170,0,103,2019,7,19,2,22,22,,,,,3,1,2,7,1,0,23,0,23,3,9,20,70,1,1,1,55,1,3,61,1,0,,,,,,,10,0,10,0,2,0,2,0,2,0,4,2,35.66336805555555,139.73262944444446,6,3,,,,
1,30,111,227,2,0,1,20170,0,103,2019,7,19,8,45,12,,,,,3,1,2,14,7,0,23,0,23,6,9,1,70,1,2,1,55,35,51,61,0,0,,,,,,,0,0,40,0,3,0,0,0,0,0,4,2,35.66230083333333,139.7298538888889,6,3,,,,
1,30,111,236,2,0,2,30000,0,103,2019,7,29,19,53,22,,,,,1,1,1,1,1,9,22,0,23,15,8,30,70,5,2,1,25,35,51,61,0,0,,,,,,,0,0,10,0,3,0,0,0,0,0,2,2,35.651358888888886,139.72374666666667,2,3,,,,
1,30,112,114,2,0,1,30000,0,103,2019,7,12,10,58,12,,,,,3,1,2,14,7,0,23,0,23,3,9,1,70,5,3,1,65,35,3,61,1,0,,,,,,,2,0,40,0,4,0,2,0,2,0,4,2,35.67012805555555,139.7323111111111,6,3,,,,
1,30,112,119,2,0,3,30000,0,103,2019,7,23,18,5,13,,,,,2,1,1,13,7,0,23,0,23,1,6,1,70,5,3,1,75,25,3,61,31,0,,,,,,,10,0,10,0,1,0,1,0,2,0,2,2,35.6647825,139.71759972222222,3,3,,,,
1,30,215,81,2,0,1,30000,0,109,2019,7,19,14,3,12,,,,,1,1,1,14,7,0,23,0,23,1,9,1,1,5,3,1,35,55,35,61,31,0,,,,,,,2,0,10,0,4,0,0,0,0,0,4,2,35.61039388888889,139.74416777777776,6,3,,,,
1,30,215,82,2,0,1,30000,0,109,2019,5,15,17,30,12,,,,,1,1,1,14,7,0,23,0,23,1,9,1,70,5,2,1,55,25,51,61,0,0,,,,,,,0,0,20,0,4,0,0,0,0,0,4,2,35.610883333333334,139.7447097222222,4,3,,,,
1,30,215,83,2,0,1,150,81,109,2019,7,22,10,57,12,,,,,2,1,2,14,7,0,23,0,23,2,8,1,70,5,1,1,1,55,51,61,0,0,,,,,,,0,0,10,0,4,0,0,0,0,0,4,2,35.621676944444445,139.73934305555554,2,3,,,,
1,30,216,70,2,0,1,150,110,109,2019,7,9,17,30,12,,,,,2,1,1,14,7,0,23,0,23,3,9,1,70,1,1,1,1,1,51,61,0,0,,,,,,,0,0,10,0,3,0,0,0,0,0,4,2,35.59752166666667,139.73754694444443,3,3,,,,