資料区分,都道府県コード,警察署等コード,本票番号,事故内容,死者数,負傷者数,路線コード,地点コード,市区町村コード,発生日時　　年,発生日時　　月,発生日時　　日,発生日時　　時,発生日時　　分,昼夜,日の出時刻　　時,日の出時刻　　分,日の入り時刻　　時,日の入り時刻　　分,天候,地形,路面状態,道路形状,信号機,一時停止規制　標識（当事者A）,一時停止規制　表示（当事者A）,一時停止規制　標識（当事者B）,一時停止規制　表示（当事者B）,車道幅員,道路線形,衝突地点,ゾーン規制,中央分離帯施設等,歩車道区分,事故類型,年齢（当事者A）,年齢（当事者B）,当事者種別（当事者A）,当事者種別（当事者B）,用途別（当事者A）,用途別（当事者B）,車両形状等（当事者A）,車両形状等（当事者B）,オートマチック車（当事者A）,オートマチック車（当事者B）,サポカー（当事者A）,サポカー（当事者B）,速度規制（指定のみ）（当事者A）,速度規制（指定のみ）（当事者B）,車両の衝突部位（当事者A）,車両の衝突部位（当事者B）,車両の損壊程度（当事者A）,車両の損壊程度（当事者B）,エアバッグの装備（当事者A）,エアバッグの装備（当事者B）,サイドエアバッグの装備（当事者A）,サイドエアバッグの装備（当事者B）,人身損傷程度（当事者A）,人身損傷程度（当事者B）,lat,lon,曜日(発生年月日),祝日(発生年月日),認知機能検査経過日数（当事者A）,認知機能検査経過日数（当事者B）,運転練習の方法（当事者A）,運転練習の方法（当事者B）
1,30,216,73,2,0,1,30000,0,109,2019,7,12,12,25,12,,,,,3,1,2,14,7,0,23,0,23,5,9,1,70,4,2,1,35,35,51,61,0,0,,,,,,,0,0,30,0,4,0,0,0,0,0,4,2,35.60649305555555,139.7330472222222,6,3,,,,
1,30,216,75,2,0,1,30000,0,109,2019,7,17,16,40,12,,,,,1,1,1,14,7,0,23,0,23,1,9,1,70,5,3,1,75,75,51,61,0,0,,,,,,,0,0,10,0,3,0,0,0,0,0,4,2,35.59698416666667,139.73946666666666,4,3,,,,
1,30,217,119,2,0,1,30000,0,109,2019,7,3,18,40,13,,,,,2,1,1,14,7,0,23,0,23,3,9,1,70,5,2,1,55,25,51,61,0,0,,,,,,,0,0,10,0,4,0,0,0,0,0,4,2,35.616546666666665,139.73117527777777,4,3,,,,
1,30,218,113,2,0,2,10170,0,109,2019,6,3,7,9,12,,,,,2,1,1,1,1,9,22,0,23,18,8,30,70,1,2,1,25,45,51,61,0,0,,,,,,,0,0,10,0,3,0,0,0,0,0,2,2,35.607149722222225,139.70374333333334,2,3,,,,
1,30,218,117,2,0,1,20190,0,109,2019,7,6,19,28,21,,,,,2,1,1,1,1,9,22,0,23,15,9,30,70,5,2,1,75,75,13,61,31,0,,,,,,,3,0,10,0,3,0,2,0,2,0,4,2,35.61611611111111,139.7079061111111,7,3,,,,
1,30,218,122,2,0,1,30000,0,109,2019,7,3,15,57,12,,,,,2,1,1,7,7,0,23,0,23,4,9,1,70,4,1,1,75,25,3,61,1,0,,,,,,,1,0,40,0,4,0,2,0,2,0,4,2,35.61962694444445,139.7034411111111,4,3,,,,
1,30,218,126,2,0,1,30000,0,109,2019,7,18,22,10,22,,,,,3,1,2,14,7,0,23,0,23,3,9,1,70,5,3,1,45,35,3,61,31,0,,,,,,,2,0,80,0,3,0,2,0,2,0,4,2,35.615459722222226,139.715745,5,3,,,,
1,30,218,130,2,0,1,30000,0,109,2019,7,29,6,15,12,,,,,1,1,1,1,7,1,21,0,23,11,7,30,70,5,3,1,55,35,14,61,1,0,,,,,,,5,0,10,0,3,0,2,0,2,0,4,2,35.619838333333334,139.70308277777778,2,3,,,,
1,30,218,135,2,0,1,30000,0,109,2019,7,28,18,0,13,,,,,1,1,1,14,7,0,23,0,23,2,8,1,70,5,3,1,55,0,61,0,0,0,,,,,,,0,0,0,0,0,0,0,0,0,0,2,0,35.61388222222222,139.7207363888889,1,3,,,,
1,30,219,253,2,0,2,99000,0,111,2019,7,5,13,0,12,,,,,1,1,1,0,7,0,23,0,23,0,0,20,70,0,4,1,35,75,3,61,31,0,,,,,,,10,0,30,0,3,0,2,0,2,0,4,2,35.56278138888889,139.74124055555555,6,3,,,,
1,30,219,262,2,0,1,150,142,111,2019,7,12,21,5,22,,,,,2,1,1,14,7,0,23,0,23,5,9,1,70,1,1,1,55,75,3,61,1,0,,,,,,,10,0,10,0,3,0,2,0,2,0,4,2,35.56978777777778,139.73104388888888,6,3,,,,
1,30,219,270,2,0,1,30000,0,111,2019,7,18,10,10,12,,,,,1,1,1,14,7,0,23,0,23,2,9,1,70,5,4,1,45,75,14,61,1,0,,,,,,,10,0,30,0,3,0,2,0,2,0,4,2,35.58909666666667,139.72634083333332,5,3,,,,
1,30,219,271,2,0,1,10130,0,111,2019,7,19,8,40,12,,,,,2,1,1,1,7,1,22,0,23,18,9,30,70,1,1,1,45,65,3,61,31,0,,,,,,,3,0,10,0,4,0,2,0,2,0,4,2,35.583532500000004,139.75277083333333,6,3,,,,
1,30,219,274,2,0,1,20180,0,111,2019,7,22,9,0,12,,,,,2,1,1,14,1,0,23,0,23,2,9,1,70,4,2,1,55,1,14,61,31,0,,,,,,,3,0,11,0,2,0,2,0,2,0,4,2,35.58818305555556,139.72726944444446,2,3,,,,
1,30,219,279,2,0,1,30000,0,111,2019,7,27,18,35,13,,,,,1,1,1,1,1,9,22,0,23,14,9,30,70,5,2,1,75,45,3,61,31,0,,,,,,,3,0,10,0,3,0,2,0,2,0,4,2,35.58435472222222,139.7350361111111,7,3,,,,
1,30,221,146,2,0,1,30000,0,111,2019,5,30,13,41,12,,,,,1,1,1,14,7,0,23,0,23,4,9,1,70,4,2,1,25,0,61,0,0,0,,,,,,,0,0,0,0,0,0,0,0,0,0,2,0,35.56442777777777,139.71206666666666,5,3,,,,
1,30,221,147,2,0,1,30000,0,111,2019,6,15,0,40,22,,,,,3,1,2,14,7,0,23,0,23,4,9,1,70,4,3,1,35,45,51,61,0,0,,,,,,,0,0,10,0,3,0,0,0,0,0,4,2,35.54898138888889,139.74312166666667,7,3,,,,
1,30,221,150,2,0,1,10200,0,111,2019,7,14,5,49,12,,,,,3,1,2,1,1,9,22,0,23,19,9,30,70,1,2,1,55,45,3,61,1,0,,,,,,,4,0,50,0,3,0,2,0,2,0,4,2,35.55233666666666,139.74051277777775,1,2,,,,
1,30,221,159,2,0,1,30000,0,111,2019,7,20,7,48,12,,,,,2,1,1,7,1,0,23,0,23,3,9,1,70,4,2,1,45,55,17,61,31,0,,,,,,,3,0,50,0,4,0,2,0,2,0,4,2,35.557205555555555,139.7471447222222,7,3,,,,
1,30,221,167,2,0,1,30000,0,111,2019,7,28,15,15,12,,,,,1,1,1,14,7,0,23,0,23,1,9,1,70,5,3,1,1,1,3,61,1,0,,,,,,,3,0,30,0,3,0,2,0,2,0,4,2,35.55096638888889,139.71708833333332,1,3,,,,
1,30,222,132,1,1,0,30000,0,111,2019,7,12,19,46,21,,,,,2,1,1,1,7,9,22,0,23,14,9,30,70,5,2,1,35,65,13,61,31,0,,,,,,,2,0,50,0,3,0,2,0,2,0,4,1,35.57757305555556,139.71528972222222,6,3,,,,
1,30,222,133,2,0,1,30000,0,111,2019,7,4,16,15,12,,,,,2,1,2,1,7,9,22,0,23,11,9,30,1,5,3,1,65,1,3,61,31,0,,,,,,,2,0,20,0,4,0,2,0,2,0,4,2,35.586821944444445,139.69030194444446,5,3,,,,
1,30,222,142,2,0,1,95000,0,111,2019,7,13,17,1,12,,,,,2,1,1,1,1,9,22,0,23,15,9,30,70,4,1,1,35,1,3,61,31,0,,,,,,,3,0,10,0,3,0,2,0,2,0,4,2,35.564790555555554,139.68103055555554,7,3,,,,
1,30,222,146,2,0,1,10190,0,111,2019,6,25,12,55,12,,,,,1,1,1,1,1,9,22,0,23,11,9,30,70,4,2,1,65,45,3,61,31,0,,,,,,,2,0,80,0,3,0,2,0,2,0,4,2,35.56464083333333,139.71028249999998,3,3,,,,
1,30,222,148,2,0,1,30000,0,111,2019,7,20,18,15,13,,,,,2,1,1,1,1,9,22,0,23,15,9,20,70,4,2,1,35,75,51,61,0,0,,,,,,,0,0,40,0,3,0,0,0,0,0,4,2,35.57759805555556,139.69925694444444,7,3,,,,
1,30,222,150,2,0,1,30000,0,111,2019,7,25,9,55,12,,,,,1,1,1,1,7,9,22,0,23,14,9,30,70,4,2,1,65,45,13,61,31,0,,,,,,,5,0,50,0,3,0,2,0,2,0,4,2,35.56857916666667,139.69272722222223,5,3,,,,
1,30,325,251,2,0,1,30730,0,112,2019,7,2,15,10,12,,,,,2,1,1,14,7,0,23,0,23,2,9,1,70,4,2,1,25,65,51,61,0,0,,,,,,,0,0,10,0,3,0,0,0,0,0,4,2,35.64201277777778,139.6296763888889,3,3,,,,
1,30,325,259,2,0,1,10210,0,112,2019,7,10,9,55,12,,,,,1,1,1,7,1,0,23,0,23,5,9,1,70,4,2,1,1,55,51,61,0,0,,,,,,,0,0,10,0,3,0,0,0,0,0,4,2,35.64359722222222,139.67066444444444,4,3,,,,
1,30,325,263,2,0,1,30000,0,112,2019,7,12,13,35,12,,,,,3,1,2,14,7,0,23,0,23,1,9,1,70,5,3,1,75,65,3,61,1,0,,,,,,,2,0,40,0,4,0,2,0,2,0,4,2,35.63992972222222,139.66875277777777,6,3,,,,
1,30,325,264,2,0,1,95000,0,112,2019,7,12,15,5,12,,,,,2,1,2,14,7,0,23,0,23,3,9,1,70,4,1,1,55,1,34,61,31,0,,,,,,,3,0,10,0,3,0,0,0,0,0,4,2,35.635481666666664,139.6422286111111,6,3,,,,
1,30,325,270,2,0,1,2460,72,112,2019,7,16,12,50,12,,,,,3,1,2,14,7,0,23,0,23,3,9,1,70,1,1,1,1,1,51,61,0,0,,,,,,,0,0,10,0,3,0,0,0,0,0,4,2,35.648153888888885,139.67943694444443,3,3,,,,
1,30,325,271,2,0,1,10210,0,112,2019,7,12,15,30,12,,,,,2,1,1,14,7,0,23,0,23,4,9,1,70,4,2,1,55,45,52,61,0,0,,,,,,,0,0,10,0,4,0,0,0,0,0,4,2,35.64199027777778,139.65689416666666,6,3,,,,
1,30,325,286,2,0,1,30000,0,112,2019,7,26,14,55,12,,,,,1,1,1,14,7,0,23,0,23,2,9,1,70,5,4,1,55,1,3,61,31,0,,,,,,,10,0,40,0,3,0,2,0,2,0,4,2,35.63560527777778,139.66413500000002,6,3,,,,
1,30,326,196,2,0,1,30000,0,112,2019,6,24,15,40,12,,,,,3,1,2,14,7,0,23,0,23,2,9,1,70,5,3,1,25,25,14,61,31,0,,,,,,,5,0,40,0,3,0,2,0,2,0,4,2,35.66876694444444,139.6495488888889,2,3,,,,
1,30,326,200,2,0,1,10130,0,112,2019,7,7,21,0,22,,,,,3,1,2,1,1,9,21,0,23,18,9,30,70,1,1,1,45,25,3,61,31,0,,,,,,,4,0,10,0,2,0,2,0,2,0,4,2,35.65488305555555,139.65997694444445,1,3,,,,
1,30,326,207,2,0,1,30000,0,112,2019,7,2,8,50,12,,,,,3,1,1,14,7,0,23,0,23,2,9,1,70,5,3,1,65,35,12,61,1,0,,,,,,,2,0,10,0,4,0,2,0,2,0,4,2,35.64811666666667,139.63598527777776,3,3,,,,
1,30,326,208,2,0,1,30000,0,112,2019,7,9,17,15,12,,,,,2,1,1,14,7,0,23,0,23,3,9,1,70,4,3,1,55,45,3,61,31,0,,,,,,,5,0,40,0,4,0,2,0,2,0,4,2,35.66810972222222,139.6728697222222,3,3,,,,
1,30,326,210,2,0,1,30000,0,112,2019,7,17,22,40,22,,,,,2,1,1,14,7,0,23,0,23,1,9,1,70,5,4,1,55,25,13,61,1,0,,,,,,,10,0,20,0,4,0,2,0,2,0,4,2,35.66639,139.64498666666665,4,3,,,,
1,30,326,214,2,0,1,30000,0,112,2019,7,24,9,50,12,,,,,1,1,1,1,7,9,22,0,23,11,9,30,70,5,3,1,1,1,31,61,31,0,,,,,,,10,0,10,0,4,0,0,0,0,0,4,2,35.65402916666667,139.62910805555558,4,3,,,,
1,30,326,217,2,0,1,200,128,112,2019,7,15,10,30,12,,,,,2,1,1,1,7,9,22,0,23,14,9,20,70,5,2,1,65,25,51,61,0,0,,,,,,,0,0,10,0,3,0,0,0,0,0,4,2,35.67181861111111,139.65847305555556,2,1,,,,
1,30,326,220,2,0,1,30000,0,112,2019,7,28,16,55,12,,,,,1,1,1,14,7,0,23,0,23,2,9,20,70,5,3,1,65,1,3,61,31,0,,,,,,,1,0,10,0,3,0,2,0,2,0,4,2,35.659996944444444,139.6678513888889,1,3,,,,
1,30,326,222,2,0,1,10130,0,112,2019,7,30,18,40,13,,,,,1,1,1,14,1,0,23,0,23,3,9,1,70,5,2,1,25,65,51,61,0,0,,,,,,,0,0,10,0,4,0,0,0,0,0,4,2,35.66325555555555,139.6603452777778,3,3,,,,
1,30,327,306,2,0,1,2460,100,112,2019,7,14,14,5,12,,,,,2,1,2,1,1,9,22,0,23,19,9,30,70,1,1,1,45,45,3,61,31,0,,,,,,,10,0,10,0,3,0,2,0,2,0,4,2,35.63113388888889,139.65667611111112,1,2,,,,
1,30,327,322,2,0,1,30000,0,112,2019,7,29,10,20,12,,,,,1,1,1,14,7,0,23,0,23,1,9,1,70,5,3,1,55,75,51,61,0,0,,,,,,,0,0,10,0,4,0,0,0,0,0,4,2,35.61295027777778,139.66164972222222,2,3,,,,
1,30,328,312,2,0,1,30000,0,112,2019,7,8,8,10,12,,,,,2,1,1,1,7,9,22,0,23,11,9,30,70,5,4,1,1,1,51,61,0,0,,,,,,,0,0,10,0,3,0,0,0,0,0,4,2,35.67069166666666,139.59550583333333,2,3,,,,
1,30,328,316,2,0,1,20000,0,112,2019,6,21,13,33,12,,,,,1,1,1,1,1,9,22,0,23,15,9,30,70,4,3,1,65,75,52,61,0,0,,,,,,,0,0,10,0,4,0,0,0,0,0,4,2,35.66967888888889,139.6005825,6,3,,,,
1,30,328,318,2,0,1,30000,0,112,2019,6,19,13,22,12,,,,,1,1,1,21,7,0,23,0,23,3,9,20,70,5,4,1,55,25,3,61,1,0,,,,,,,2,0,10,0,4,0,2,0,2,0,4,2,35.668215277777776,139.60144166666666,4,3,,,,
1,30,328,321,2,0,1,30000,0,112,2019,7,14,8,15,12,,,,,3,1,2,1,7,9,22,0,23,15,9,30,70,4,4,1,1,1,3,61,31,0,,,,,,,3,0,10,0,3,0,2,0,2,0,4,2,35.63497111111111,139.60236972222222,1,2,,,,
1,30,328,328,2,0,1,95000,0,112,2019,7,17,22,5,22,,,,,1,1,1,14,7,0,23,0,23,2,9,1,70,5,4,1,1,35,3,61,31,0,,,,,,,10,0,30,0,3,0,2,0,2,0,4,2,35.669066666666666,139.61358555555555,4,3,,,,
1,30,328,346,2,0,1,30000,0,112,2019,7,23,8,27,12,,,,,2,1,1,1,1,9,22,0,23,11,9,30,70,4,2,1,55,25,3,61,31,0,,,,,,,2,0,40,0,3,0,2,0,2,0,4,2,35.65698472222222,139.59963694444446,3,3,,,,
1,30,329,111,2,0,1,30000,0,110,2019,6,26,20,43,22,,,,,1,1,1,1,7,6,21,0,23,17,1,30,70,5,3,1,55,35,3,61,1,0,,,,,,,10,0,50,0,3,0,2,0,2,0,4,2,35.64647305555555,139.70175277777776,4,3,,,,
1,30,329,113,2,0,1,10160,0,110,2019,7,4,11,0,12,,,,,3,1,2,14,7,0,23,0,23,2,9,1,1,5,2,1,35,45,3,61,1,0,,,,,,,2,0,10,0,3,0,2,0,2,0,4,2,35.63405861111111,139.70765416666666,5,3,,,,
1,30,329,122,2,0,1,30000,0,110,2019,7,28,15,46,12,,,,,1,1,1,1,7,9,22,0,23,15,9,30,70,5,3,1,45,1,3,61,1,0,,,,,,,2,0,20,0,3,0,2,0,2,0,4,2,35.62695361111111,139.7089136111111,1,3,,,,
1,30,330,124,2,0,1,30000,0,110,2019,7,4,12,15,12,,,,,3,1,2,14,7,0,23,0,23,1,9,1,70,5,3,1,55,45,3,61,31,0,,,,,,,1,0,10,0,3,0,2,0,2,0,4,2,35.60869833333334,139.66925305555554,5,3,,,,
1,30,330,125,2,0,1,30000,0,110,2019,7,7,21,40,22,,,,,3,1,2,14,7,0,23,0,23,4,9,1,1,4,3,1,45,1,3,61,31,0,,,,,,,2,0,40,0,3,0,2,0,2,0,4,2,35.612206666666665,139.66663305555556,1,3,,,,
1,30,330,128,2,0,1,30000,0,110,2019,7,12,17,30,12,,,,,3,1,2,14,7,0,23,0,23,3,9,1,70,5,3,1,55,45,59,61,0,0,,,,,,,0,0,0,0,4,0,0,0,0,0,4,2,35.60861722222222,139.66827777777777,6,3,,,,
1,30,330,131,2,0,1,30000,0,110,2019,7,13,12,59,12,,,,,2,1,1,14,7,0,23,0,23,2,9,1,1,5,3,1,55,25,14,61,31,0,,,,,,,2,0,40,0,3,0,2,0,2,0,4,2,35.628772777777776,139.6851025,7,3,,,,
1,30,330,133,2,0,1,30000,0,110,2019,7,24,11,45,12,,,,,1,1,1,14,7,0,23,0,23,3,9,1,70,4,1,1,65,25,3,61,31,0,,,,,,,3,0,20,0,4,0,2,0,2,0,4,2,35.6174225,139.67632833333332,4,3,,,,
1,30,331,88,2,0,1,30000,0,113,2019,7,8,10,15,12,,,,,1,1,1,14,7,0,23,0,23,2,9,1,70,5,3,1,1,25,3,61,31,0,,,,,,,2,0,80,0,3,0,2,0,2,0,4,2,35.64628777777778,139.70855999999998,2,3,,,,
1,30,331,89,2,0,1,30000,0,113,2019,3,8,18,30,21,,,,,1,1,1,1,7,9,22,0,23,11,9,30,70,5,4,1,75,45,51,61,0,0,,,,,,,0,0,40,0,4,0,0,0,0,0,4,2,35.656976666666665,139.6932563888889,6,3,,,,
1,30,331,90,2,0,1,20120,0,113,2019,7,8,15,25,12,,,,,2,1,1,14,7,0,23,0,23,5,9,1,70,5,2,1,65,35,3,61,31,0,,,,,,,4,0,10,0,3,0,2,0,2,0,4,2,35.649927777777776,139.72236833333332,2,3,,,,
1,30,331,91,2,0,1,10650,0,113,2019,7,15,11,50,12,,,,,2,1,1,1,1,9,22,0,23,18,9,30,70,4,1,1,55,55,52,61,0,0,,,,,,,0,0,10,0,3,0,0,0,0,0,4,2,35.65457388888889,139.69301333333334,2,1,,,,
1,30,331,92,2,0,1,30000,0,113,2019,7,5,20,50,22,,,,,3,1,2,14,7,0,23,0,23,3,7,20,70,5,3,1,25,55,51,61,0,0,,,,,,,0,0,10,0,4,0,0,0,0,0,4,2,35.64570805555555,139.70757527777778,6,3,,,,
1,30,331,93,2,0,1,10090,0,113,2019,7,19,8,5,12,,,,,3,1,2,1,1,9,22,0,23,17,9,30,70,1,1,1,55,1,3,61,1,0,,,,,,,5,0,10,0,4,0,2,0,2,0,4,2,35.64859277777778,139.71747527777777,6,3,,,,
1,30,331,94,2,0,1,30000,0,113,2019,7,26,18,35,13,,,,,2,1,1,1,7,9,22,0,23,15,9,30,70,4,2,1,55,65,13,61,31,0,,,,,,,5,0,50,0,3,0,2,0,2,0,4,2,35.660853055555556,139.70501666666667,6,3,,,,
1,30,332,52,2,0,1,10090,0,113,2019,7,9,1,13,22,,,,,1,1,1,1,1,9,22,0,23,18,9,30,70,4,2,1,45,25,13,61,31,0,,,,,,,4,0,10,0,3,0,2,0,2,0,4,2,35.68446861111111,139.70393944444444,3,3,,,,
1,30,332,62,2,0,1,30000,0,113,2019,7,1,15,10,12,,,,,2,1,1,14,7,0,23,0,23,2,9,1,1,5,3,1,35,25,3,61,31,0,,,,,,,2,0,40,0,4,0,2,0,2,0,4,2,35.66647805555555,139.71086444444444,2,3,,,,
1,30,333,133,2,0,1,30000,0,113,2019,7,3,13,30,12,,,,,1,1,1,14,7,0,23,0,23,1,9,1,70,5,3,1,75,25,3,61,1,0,,,,,,,1,0,10,0,4,0,2,0,2,0,4,2,35.671798055555556,139.6906625,4,3,,,,
1,30,333,141,2,0,1,20270,0,113,2019,7,21,8,45,12,,,,,2,1,1,1,1,9,22,0,23,15,9,30,70,1,1,1,25,35,3,61,31,0,,,,,,,4,0,20,0,3,0,2,0,2,0,4,2,35.668076944444444,139.68196722222223,1,3,,,,
1,30,436,150,2,0,1,30000,0,104,2019,7,10,20,15,22,,,,,2,1,1,14,7,0,23,0,23,4,9,1,70,4,2,1,25,55,33,61,31,0,,,,,,,3,0,10,0,3,0,0,0,0,0,4,2,35.693915277777776,139.70382333333333,4,3,,,,
1,30,436,155,2,0,1,30290,0,104,2019,7,19,9,28,12,,,,,1,1,1,1,7,9,22,0,23,15,9,30,70,4,2,1,25,75,3,61,1,0,,,,,,,3,0,80,0,3,0,2,0,2,0,4,2,35.703901388888895,139.6947375,6,3,,,,
1,30,436,156,2,0,1,30000,0,104,2019,7,19,13,0,12,,,,,1,1,1,1,7,9,22,0,23,15,9,30,70,4,2,1,55,35,3,61,1,0,,,,,,,10,0,10,0,3,0,2,0,2,0,4,2,35.68956111111111,139.70212666666666,6,3,,,,
1,30,436,158,2,0,1,10230,0,104,2019,7,17,12,30,12,,,,,1,1,1,14,7,0,23,0,23,2,9,1,70,4,2,1,65,35,3,61,31,0,,,,,,,3,0,40,0,4,0,2,0,2,0,4,2,35.690793888888884,139.68655333333334,4,3,,,,
1,30,436,160,2,0,1,20000,0,104,2019,6,10,14,45,12,,,,,3,1,1,14,7,0,23,0,23,3,9,20,70,5,3,1,45,25,3,61,1,0,,,,,,,2,0,20,0,3,0,2,0,2,0,4,2,35.69707972222222,139.70380999999998,2,3,,,,
1,30,436,163,2,0,1,20290,0,104,2019,5,29,20,50,22,,,,,1,1,1,14,7,0,23,0,23,2,9,20,70,4,2,1,35,55,51,61,0,0,,,,,,,0,0,10,0,3,0,0,0,0,0,4,2,35.7019,139.69289194444445,4,3,,,,
1,30,436,164,2,0,1,30000,0,104,2019,7,30,8,30,12,,,,,1,1,1,14,7,0,23,0,23,3,9,1,70,5,2,1,65,1,3,61,1,0,,,,,,,2,0,10,0,3,0,2,0,2,0,4,2,35.69908722222222,139.69113722222224,3,3,,,,
1,30,437,53,2,0,1,30000,0,104,2019,7,6,19,0,21,,,,,2,1,1,14,7,0,23,0,23,3,9,1,70,5,3,1,25,35,36,61,31,0,,,,,,,2,0,10,0,3,0,0,0,0,0,4,2,35.715117500000005,139.6819363888889,7,3,,,,
1,30,437,56,2,0,1,30290,0,104,2019,4,28,10,40,12,,,,,1,1,1,1,7,9,22,0,23,11,9,30,70,5,4,1,75,75,4,61,31,0,,,,,,,10,0,50,0,3,0,2,0,2,0,4,2,35.72248916666667,139.68757166666666,1,2,,,,
1,30,438,86,2,0,1,30000,0,104,2019,7,4,8,25,12,,,,,3,1,2,1,7,9,22,0,23,14,9,30,70,5,3,1,65,65,14,61,31,0,,,,,,,5,0,10,0,3,0,2,0,2,0,4,2,35.69166277777777,139.70587055555555,5,3,,,,
1,30,438,88,2,0,1,30000,0,104,2019,7,12,13,55,12,,,,,3,1,2,14,7,0,23,0,23,2,9,1,70,5,4,1,75,35,14,61,1,0,,,,,,,10,0,30,0,4,0,2,0,2,0,4,2,35.69263027777777,139.70326027777776,6,3,,,,
1,30,438,89,2,0,1,200,66,104,2019,7,13,2,1,22,,,,,2,1,1,1,1,9,22,0,23,19,9,30,70,1,1,1,45,45,3,61,1,0,,,,,,,10,0,50,0,2,0,2,0,2,0,4,2,35.688064999999995,139.72063861111113,7,3,,,,
1,30,438,98,2,0,1,10120,0,104,2019,7,27,17,45,12,,,,,1,1,1,1,1,9,22,0,23,15,9,30,70,1,1,1,65,25,3,61,1,0,,,,,,,4,0,80,0,3,0,2,0,2,0,4,2,35.69282277777778,139.72403694444444,7,3,,,,
1,30,439,178,2,0,1,30300,0,114,2019,7,10,15,20,12,,,,,2,1,1,14,7,0,23,0,23,2,9,1,70,4,2,1,1,0,61,0,0,0,,,,,,,0,0,0,0,0,0,0,0,0,0,2,0,35.691689999999994,139.68070277777778,4,3,,,,
1,30,439,180,2,0,1,10220,0,114,2019,5,15,8,20,12,,,,,1,1,1,1,1,0,23,0,23,15,9,30,70,5,2,1,25,0,61,0,0,0,,,,,,,0,0,0,0,0,0,0,0,0,0,2,0,35.709947500000006,139.68275972222222,4,3,,,,
1,30,439,183,2,0,1,30000,0,114,2019,6,17,7,50,12,,,,,1,1,1,7,7,0,23,0,23,3,9,1,70,5,2,1,65,45,3,61,1,0,,,,,,,10,0,40,0,4,0,2,0,2,0,4,2,35.706138055555556,139.6661563888889,2,3,,,,
1,30,439,187,2,0,1,30000,0,114,2019,7,9,8,45,12,,,,,2,1,1,7,7,0,23,0,23,2,9,1,70,5,4,1,65,1,3,61,31,0,,,,,,,2,0,50,0,4,0,2,0,2,0,4,2,35.70621083333334,139.66770166666666,3,3,,,,
1,30,439,189,2,0,1,20290,0,114,2019,7,23,16,7,12,,,,,1,1,1,1,7,9,22,0,23,14,9,30,70,4,1,1,45,75,14,61,31,0,,,,,,,3,0,10,0,3,0,2,0,2,0,4,2,35.702598333333334,139.66990888888887,3,3,,,,
1,30,439,196,2,0,1,30000,0,114,2019,7,29,20,10,22,,,,,1,1,1,14,7,0,23,0,23,2,9,1,70,5,4,1,65,25,3,61,31,0,,,,,,,1,0,20,0,4,0,2,0,2,0,4,2,35.708467500000005,139.68184444444444,2,3,,,,
1,30,440,172,2,0,1,30000,0,114,2019,7,10,14,15,12,,,,,2,1,1,14,7,0,23,0,23,2,9,1,70,5,3,1,75,25,4,61,31,0,,,,,,,2,0,40,0,3,0,2,0,2,0,4,2,35.72234916666667,139.65253777777778,4,3,,,,
1,30,440,173,2,0,1,10250,0,114,2019,7,11,19,15,21,,,,,3,1,2,1,7,9,22,0,23,14,6,30,70,4,1,1,35,35,13,61,31,0,,,,,,,3,0,10,0,3,0,2,0,2,0,4,2,35.723960000000005,139.67063555555555,5,3,,,,
1,30,440,174,2,0,1,30000,0,114,2019,7,11,15,0,12,,,,,3,1,2,1,7,1,22,0,23,11,9,30,70,5,4,1,65,1,3,61,1,0,,,,,,,10,0,40,0,4,0,2,0,2,0,4,2,35.71280138888889,139.67639305555554,5,3,,,,
1,30,440,175,2,0,1,10250,0,120,2019,7,17,7,25,12,,,,,2,1,1,14,7,0,23,0,23,4,9,1,70,4,1,1,45,55,35,61,31,0,,,,,,,3,0,10,0,3,0,0,0,0,0,4,2,35.72530722222223,139.64318749999998,4,3,,,,
1,30,440,176,2,0,1,30000,0,114,2019,7,17,10,10,12,,,,,2,1,1,14,7,0,23,0,23,3,9,1,70,5,3,1,55,1,3,61,31,0,,,,,,,10,0,40,0,4,0,2,0,2,0,4,2,35.72344527777778,139.66272111111113,4,3,,,,
1,30,440,180,2,0,1,30000,0,114,2019,7,23,10,27,12,,,,,3,1,2,14,7,0,23,0,23,2,9,1,70,5,3,1,55,45,14,61,1,0,,,,,,,10,0,30,0,4,0,2,0,2,0,4,2,35.72159361111111,139.6320575,3,3,,,,
1,30,440,186,2,0,1,20280,0,114,2019,7,27,9,40,12,,,,,1,1,1,14,7,0,23,0,23,4,9,1,70,4,2,1,1,75,51,61,0,0,,,,,,,0,0,20,0,3,0,0,0,0,0,4,2,35.71812944444444,139.66977388888887,7,3,,,,
1,30,441,191,2,0,1,10220,0,115,2019,7,9,9,5,12,,,,,2,1,1,14,7,0,23,0,23,2,9,1,70,4,1,1,35,55,51,61,0,0,,,,,,,0,0,0,0,4,0,0,0,0,0,4,2,35.70979916666667,139.64919194444442,3,3,,,,
1,30,441,193,2,0,1,30880,0,115,2019,7,11,12,30,12,,,,,1,1,1,7,7,0,23,0,23,3,9,1,70,4,2,1,1,1,51,61,0,0,,,,,,,0,0,10,0,4,0,0,0,0,0,4,2,35.70513527777778,139.64958027777777,5,3,,,,