資料区分,都道府県コード,警察署等コード,本票番号,事故内容,死者数,負傷者数,路線コード,地点コード,市区町村コード,発生日時　　年,発生日時　　月,発生日時　　日,発生日時　　時,発生日時　　分,昼夜,日の出時刻　　時,日の出時刻　　分,日の入り時刻　　時,日の入り時刻　　分,天候,地形,路面状態,道路形状,信号機,一時停止規制　標識（当事者A）,一時停止規制　表示（当事者A）,一時停止規制　標識（当事者B）,一時停止規制　表示（当事者B）,車道幅員,道路線形,衝突地点,ゾーン規制,中央分離帯施設等,歩車道区分,事故類型,年齢（当事者A）,年齢（当事者B）,当事者種別（当事者A）,当事者種別（当事者B）,用途別（当事者A）,用途別（当事者B）,車両形状等（当事者A）,車両形状等（当事者B）,オートマチック車（当事者A）,オートマチック車（当事者B）,サポカー（当事者A）,サポカー（当事者B）,速度規制（指定のみ）（当事者A）,速度規制（指定のみ）（当事者B）,車両の衝突部位（当事者A）,車両の衝突部位（当事者B）,車両の損壊程度（当事者A）,車両の損壊程度（当事者B）,エアバッグの装備（当事者A）,エアバッグの装備（当事者B）,サイドエアバッグの装備（当事者A）,サイドエアバッグの装備（当事者B）,人身損傷程度（当事者A）,人身損傷程度（当事者B）,lat,lon,曜日(発生年月日),祝日(発生年月日),認知機能検査経過日数（当事者A）,認知機能検査経過日数（当事者B）,運転練習の方法（当事者A）,運転練習の方法（当事者B）
1,30,441,199,2,0,1,30000,0,115,2019,7,14,19,35,21,,,,,2,1,1,7,7,0,23,0,23,1,9,1,70,5,2,1,65,25,4,61,31,0,,,,,,,1,0,40,0,3,0,2,0,2,0,4,2,35.70511472222223,139.64772027777778,1,2,,,,
1,30,442,207,2,0,1,30000,0,115,2019,7,7,12,51,12,,,,,3,1,2,14,7,0,23,0,23,2,9,1,70,5,3,1,25,55,51,61,0,0,,,,,,,0,0,10,0,3,0,0,0,0,0,4,2,35.69750138888889,139.6082811111111,1,3,,,,
1,30,442,209,2,0,1,30000,0,115,2019,7,3,20,30,22,,,,,3,1,2,14,7,0,23,0,23,3,9,1,70,5,2,1,45,35,3,61,31,0,,,,,,,10,0,84,0,3,0,2,0,2,0,4,2,35.683343888888885,139.64248361111112,4,3,,,,
1,30,442,211,2,0,1,30000,0,115,2019,4,27,9,58,12,,,,,1,1,1,14,7,0,23,0,23,4,9,1,70,4,3,1,55,0,61,0,0,0,,,,,,,0,0,0,0,0,0,0,0,0,0,2,0,35.671681944444444,139.60909166666667,7,3,,,,
1,30,442,224,2,0,1,20000,0,115,2019,7,19,23,44,22,,,,,2,1,1,13,1,0,23,0,23,3,6,1,70,1,4,1,65,25,3,61,1,0,,,,,,,5,0,10,0,3,0,2,0,1,0,4,2,35.67552416666666,139.61846416666668,6,3,,,,
1,30,442,227,2,0,1,20270,0,115,2019,7,8,19,10,21,,,,,1,1,1,1,1,9,22,0,23,14,9,30,70,4,1,1,35,25,51,61,0,0,,,,,,,0,0,10,0,3,0,0,0,0,0,4,2,35.691329999999994,139.60931305555556,2,3,,,,
1,30,442,229,2,0,1,30000,0,115,2019,7,23,19,35,21,,,,,2,1,1,14,7,0,23,0,23,3,9,1,70,5,3,1,55,25,3,61,31,0,,,,,,,2,0,80,0,3,0,2,0,2,0,4,2,35.678039722222216,139.62831694444446,3,3,,,,
1,30,443,169,2,0,1,10200,0,115,2019,6,19,12,10,12,,,,,1,1,1,1,1,9,22,0,23,18,9,30,70,1,1,1,65,35,13,61,31,0,,,,,,,1,0,20,0,4,0,2,0,2,0,4,2,35.69376777777777,139.6171813888889,4,3,,,,
1,30,443,172,2,0,1,30000,0,115,2019,7,19,8,10,12,,,,,2,1,2,1,7,9,22,0,23,14,9,30,70,5,1,1,65,1,3,61,31,0,,,,,,,2,0,10,0,4,0,2,0,2,0,4,2,35.72255222222223,139.6104963888889,6,3,,,,
1,30,546,55,2,0,1,10280,0,105,2019,6,6,7,37,12,,,,,1,1,1,1,1,9,22,0,23,19,9,30,70,1,1,1,45,1,3,61,1,0,,,,,,,4,0,10,0,3,0,2,0,2,0,4,2,35.71007055555556,139.73135527777777,5,3,,,,
1,30,547,34,2,0,1,10290,0,105,2019,6,11,0,26,22,,,,,1,1,2,1,1,9,22,0,23,18,9,30,70,4,1,1,25,35,13,61,31,0,,,,,,,4,0,20,0,4,0,2,0,2,0,4,2,35.70326111111111,139.76383666666666,3,3,,,,
1,30,547,35,2,0,1,20400,0,105,2019,7,13,22,30,22,,,,,3,1,2,1,1,9,22,0,23,14,9,30,70,1,2,1,45,35,3,61,31,0,,,,,,,4,0,10,0,2,0,2,0,2,0,4,2,35.70574194444445,139.7608788888889,7,3,,,,
1,30,547,39,2,0,1,10100,0,105,2019,7,15,22,50,22,,,,,3,1,2,1,1,9,22,0,23,18,9,30,70,1,2,1,25,1,14,61,1,0,,,,,,,3,0,10,0,3,0,2,0,2,0,4,2,35.711217222222224,139.75301611111112,2,1,,,,
1,30,547,40,2,0,1,10100,0,105,2019,7,27,10,35,12,,,,,1,1,1,1,7,9,22,0,23,14,9,30,70,5,2,1,25,75,14,61,1,0,,,,,,,10,0,20,0,4,0,2,0,2,0,4,2,35.714371944444444,139.75236972222223,7,3,,,,
1,30,547,41,2,0,1,20080,0,105,2019,7,30,14,40,12,,,,,1,1,1,1,1,9,22,0,23,15,9,30,70,4,2,1,1,1,17,61,1,0,,,,,,,4,0,40,0,4,0,2,0,2,0,4,2,35.70661861111111,139.7699227777778,3,3,,,,
1,30,548,54,2,0,1,30000,0,105,2019,7,7,16,40,12,,,,,3,1,2,14,7,0,23,0,23,1,9,1,70,5,3,1,75,75,14,61,31,0,,,,,,,10,0,30,0,4,0,2,0,2,0,4,2,35.73220388888889,139.75771944444443,1,3,,,,
1,30,549,74,2,0,1,30000,0,116,2019,7,4,12,38,12,,,,,2,1,2,14,7,0,23,0,23,1,9,1,70,5,3,1,25,25,14,61,1,0,,,,,,,10,0,50,0,3,0,2,0,2,0,4,2,35.73831,139.74099999999999,5,3,,,,
1,30,549,76,2,0,1,170,80,116,2019,7,6,1,57,22,,,,,3,1,2,1,1,9,22,0,23,18,9,30,70,1,1,1,75,1,3,61,1,0,,,,,,,10,0,20,0,4,0,2,0,2,0,4,2,35.741173611111115,139.73072333333334,7,3,,,,
1,30,549,77,2,0,1,30000,0,116,2019,7,11,15,33,12,,,,,3,1,2,14,7,0,23,0,23,2,8,1,70,5,3,1,65,45,51,61,0,0,,,,,,,0,0,10,0,3,0,0,0,0,0,4,2,35.731190000000005,139.73329,5,3,,,,
1,30,549,79,2,0,1,30000,0,116,2019,7,12,10,20,12,,,,,3,1,1,14,7,0,23,0,23,1,9,1,70,5,2,1,65,65,51,61,0,0,,,,,,,0,0,10,0,3,0,0,0,0,0,4,2,35.73153805555556,139.72942444444445,6,3,,,,
1,30,549,83,2,0,1,30000,0,116,2019,7,24,16,45,12,,,,,2,1,1,14,7,0,23,0,23,2,9,1,70,5,3,1,1,45,51,61,0,0,,,,,,,0,0,10,0,3,0,0,0,0,0,4,2,35.74134638888889,139.72746694444444,4,3,,,,
1,30,549,85,2,0,1,20000,0,116,2019,7,17,10,24,12,,,,,1,1,1,14,7,0,23,0,23,4,9,20,70,4,2,1,65,55,3,61,1,0,,,,,,,3,0,0,0,4,0,2,0,2,0,4,2,35.72827916666667,139.73239305555555,4,3,,,,
1,30,550,114,2,0,1,95000,0,116,2019,7,3,20,23,22,,,,,3,1,1,14,7,0,23,0,23,4,9,1,70,1,1,1,55,25,51,61,0,0,,,,,,,0,0,10,0,3,0,0,0,0,0,4,2,35.73502694444444,139.7156222222222,4,3,,,,
1,30,550,118,2,0,1,30000,0,116,2019,7,6,15,2,12,,,,,2,1,1,1,7,9,22,0,23,15,9,30,70,5,2,1,35,25,3,61,31,0,,,,,,,10,0,40,0,3,0,2,0,2,0,4,2,35.73018388888889,139.71610527777776,7,3,,,,
1,30,551,92,2,0,1,30000,0,116,2019,7,5,11,10,12,,,,,2,1,1,1,7,9,22,0,23,11,9,30,70,5,3,1,55,75,51,61,0,0,,,,,,,0,0,10,0,3,0,0,0,0,0,4,2,35.72935944444445,139.683495,6,3,,,,
1,30,551,94,2,0,1,30000,0,116,2019,7,12,17,25,12,,,,,2,1,1,7,7,0,23,0,23,1,9,20,70,5,3,1,55,1,51,61,0,0,,,,,,,0,0,10,0,3,0,0,0,0,0,4,2,35.73178666666667,139.68184083333333,6,3,,,,
1,30,551,96,2,0,1,30000,0,116,2019,7,17,18,50,13,,,,,1,1,1,14,7,0,23,0,23,2,8,20,70,5,4,1,55,25,51,61,0,0,,,,,,,0,0,10,0,3,0,0,0,0,0,4,2,35.732865555555556,139.69996555555556,4,3,,,,
1,30,551,97,2,0,1,10010,0,116,2019,7,18,19,40,21,,,,,2,1,1,1,1,9,22,0,23,14,9,30,70,1,1,1,75,45,4,61,31,0,,,,,,,4,0,10,0,2,0,2,0,2,0,4,2,35.72860416666667,139.67927277777775,5,3,,,,
1,30,551,98,2,0,1,30000,0,116,2019,7,15,22,30,22,,,,,3,1,2,14,7,0,23,0,23,3,9,1,70,5,2,1,25,45,51,61,0,0,,,,,,,0,0,10,0,3,0,0,0,0,0,4,2,35.726168055555554,139.7156111111111,2,1,,,,
1,30,552,98,2,0,1,10090,0,117,2019,7,23,11,15,12,,,,,3,1,1,7,7,0,23,0,23,4,9,1,70,4,2,1,1,25,3,61,31,0,,,,,,,4,0,10,0,3,0,2,0,2,0,4,2,35.73986472222222,139.76764194444445,3,3,,,,
1,30,552,103,2,0,1,30000,0,117,2019,7,28,16,5,12,,,,,1,1,1,1,1,9,22,0,23,14,9,30,70,4,1,1,55,75,3,61,1,0,,,,,,,2,0,70,0,3,0,2,0,2,0,4,2,35.74129472222222,139.7441397222222,1,3,,,,
1,30,553,56,2,0,1,30000,0,117,2019,7,5,3,20,22,,,,,2,1,1,1,1,9,22,0,23,14,9,30,70,4,2,1,65,55,3,61,1,0,,,,,,,3,0,10,0,3,0,2,0,2,0,4,2,35.75304111111111,139.7302777777778,6,3,,,,
1,30,553,58,2,0,1,30000,0,117,2019,7,6,16,40,12,,,,,2,1,1,1,1,9,22,0,23,15,9,30,70,4,1,1,65,65,3,61,31,0,,,,,,,3,0,10,0,3,0,2,0,2,0,4,2,35.75295138888889,139.73008000000002,7,3,,,,
1,30,553,59,2,0,1,30000,0,117,2019,7,7,4,9,23,,,,,3,1,2,14,7,0,23,0,23,3,9,1,70,4,1,1,55,35,17,61,1,0,,,,,,,3,0,10,0,3,0,2,0,2,0,4,2,35.769455,139.72652,1,3,,,,
1,30,553,65,2,0,1,30000,0,117,2019,7,17,10,55,12,,,,,2,1,1,14,7,0,23,0,23,2,9,20,70,5,3,1,65,25,14,61,31,0,,,,,,,5,0,20,0,3,0,2,0,2,0,4,2,35.765636111111114,139.72748694444445,4,3,,,,
1,30,555,235,2,0,1,30000,0,119,2019,5,29,18,25,13,,,,,1,1,1,14,7,0,23,0,23,3,9,1,70,4,1,1,45,1,13,61,31,0,,,,,,,2,0,10,0,3,0,2,0,2,0,4,2,35.75942694444444,139.68819194444444,4,3,,,,
1,30,555,238,2,0,1,30000,0,119,2019,6,27,10,49,12,,,,,1,1,1,14,7,0,23,0,23,3,9,1,70,4,2,1,1,55,3,61,1,0,,,,,,,2,0,10,0,3,0,2,0,2,0,4,2,35.75340722222222,139.7012725,5,3,,,,
1,30,555,255,2,0,1,30000,0,119,2019,7,31,10,20,12,,,,,1,1,1,1,7,9,22,0,23,15,9,30,70,4,2,1,1,35,13,61,31,0,,,,,,,2,0,10,0,4,0,2,0,2,0,4,2,35.759146666666666,139.69011722222223,4,3,,,,
1,30,556,145,2,0,1,30000,0,119,2019,7,13,11,30,12,,,,,2,1,1,14,7,0,23,0,23,2,8,1,70,5,3,1,55,25,3,61,31,0,,,,,,,2,0,40,0,4,0,2,0,2,0,4,2,35.792270277777774,139.67122833333332,7,3,,,,
1,30,556,151,2,0,1,20000,0,119,2019,7,24,19,25,21,,,,,1,1,1,1,7,9,22,0,23,15,9,30,70,4,1,1,55,45,3,61,1,0,,,,,,,3,0,80,0,3,0,2,0,2,0,4,2,35.793573055555555,139.68621638888888,4,3,,,,
1,30,556,154,2,0,1,30000,0,119,2019,7,27,11,0,12,,,,,1,1,1,13,7,0,23,0,23,2,3,1,70,5,4,1,25,35,3,61,31,0,,,,,,,1,0,50,0,4,0,2,0,2,0,4,2,35.768926111111114,139.6975752777778,7,3,,,,
1,30,556,159,2,0,1,170,128,119,2019,7,26,12,26,12,,,,,1,1,1,14,7,0,23,0,23,6,9,1,70,4,1,1,65,25,51,61,0,0,,,,,,,0,0,40,0,3,0,0,0,0,0,4,2,35.77260444444445,139.69906166666667,6,3,,,,
1,30,557,201,2,0,1,30000,0,120,2019,7,3,11,45,12,,,,,2,1,1,1,1,9,22,0,23,15,9,30,70,4,2,1,55,75,1,61,31,0,,,,,,,10,0,40,0,3,0,2,0,2,0,4,2,35.755920277777776,139.65715694444444,4,3,,,,
1,30,557,215,2,0,1,30000,0,120,2019,7,21,8,25,12,,,,,2,1,1,14,7,0,23,0,23,3,9,1,70,5,3,1,1,75,51,61,0,0,,,,,,,0,0,10,0,4,0,0,0,0,0,4,2,35.75559472222222,139.64746916666667,1,3,,,,
1,30,558,246,2,0,1,30000,0,120,2019,7,18,11,35,12,,,,,2,1,1,14,7,0,23,0,23,2,9,1,70,5,3,1,45,75,3,61,31,0,,,,,,,2,0,30,0,3,0,2,0,2,0,4,2,35.72559277777778,139.5841588888889,5,3,,,,
1,30,558,248,2,0,1,30000,0,120,2019,7,20,11,55,12,,,,,1,1,1,14,7,0,23,0,23,4,9,1,70,4,3,1,55,25,3,61,31,0,,,,,,,2,0,40,0,3,0,2,0,2,0,4,2,35.74783194444444,139.56899027777777,7,3,,,,
1,30,558,253,2,0,1,10330,0,120,2019,7,30,13,25,12,,,,,1,1,1,1,7,1,21,0,23,14,9,30,70,5,3,1,65,75,14,61,31,0,,,,,,,2,0,10,0,3,0,2,0,2,0,4,2,35.75093833333333,139.58314194444444,3,3,,,,
1,30,559,137,2,0,1,30000,0,119,2019,5,10,20,49,22,,,,,1,1,1,7,7,0,23,0,23,1,8,1,70,4,1,1,75,45,17,61,31,0,,,,,,,3,0,20,0,4,0,2,0,2,0,4,2,35.773203055555555,139.63225972222222,6,3,,,,
1,30,559,138,2,0,1,30000,0,119,2019,7,16,19,25,21,,,,,3,1,2,14,7,0,23,0,23,6,9,1,70,1,2,1,55,0,61,0,0,0,,,,,,,0,0,0,0,0,0,0,0,0,0,2,0,35.78841722222222,139.66152583333334,3,3,,,,
1,30,559,143,2,0,1,20000,0,119,2019,4,4,9,20,12,,,,,1,1,1,14,7,0,23,0,23,1,9,1,70,1,1,1,65,45,51,61,0,0,,,,,,,0,0,40,0,4,0,0,0,0,0,4,2,35.78311583333333,139.65871666666666,5,3,,,,
1,30,560,216,2,0,1,30000,0,120,2019,7,3,8,47,12,,,,,1,1,1,14,7,0,23,0,23,1,9,1,70,4,2,1,25,55,51,61,0,0,,,,,,,0,0,10,0,3,0,0,0,0,0,4,2,35.74697416666667,139.62574083333334,4,3,,,,
1,30,560,219,2,0,1,30000,0,120,2019,7,5,15,0,12,,,,,2,1,1,1,7,9,22,0,23,11,3,30,70,5,3,1,1,1,3,61,31,0,,,,,,,2,0,20,0,4,0,2,0,2,0,4,2,35.76573638888889,139.61770055555556,6,3,,,,
1,30,560,232,2,0,1,30000,0,120,2019,7,20,19,35,21,,,,,2,1,1,1,7,2,21,0,23,15,9,30,70,4,2,1,45,45,13,61,31,0,,,,,,,2,0,50,0,4,0,2,0,2,0,4,2,35.73958833333334,139.61825416666667,7,3,,,,
1,30,660,136,2,0,1,10290,0,106,2019,7,12,11,50,12,,,,,3,1,2,7,1,0,23,0,23,5,9,1,70,4,1,1,35,25,14,61,31,0,,,,,,,4,0,10,0,4,0,2,0,2,0,4,2,35.702395,139.77937083333336,6,3,,,,
1,30,660,137,2,0,1,30000,0,106,2019,7,5,20,20,22,,,,,2,1,2,14,7,0,23,0,23,3,9,1,70,5,1,1,25,45,51,61,0,0,,,,,,,0,0,10,0,4,0,0,0,0,0,4,2,35.711885,139.78159250000002,6,3,,,,
1,30,660,141,2,0,1,30000,0,106,2019,7,23,17,15,12,,,,,1,1,1,14,7,0,23,0,23,3,9,1,70,5,1,1,25,1,3,61,31,0,,,,,,,2,0,10,0,4,0,2,0,2,0,4,2,35.706187222222226,139.77435222222223,3,3,,,,
1,30,661,79,2,0,1,10300,0,106,2019,7,3,18,50,13,,,,,2,1,1,14,7,0,23,0,23,5,9,1,70,1,2,1,65,55,51,61,0,0,,,,,,,0,0,40,0,3,0,0,0,0,0,4,2,35.71902138888889,139.78686694444445,4,3,,,,
1,30,661,84,2,0,1,30000,0,106,2019,7,23,14,26,12,,,,,1,1,1,1,7,1,22,0,23,15,9,30,70,4,2,1,45,55,3,61,31,0,,,,,,,10,0,10,0,3,0,2,0,2,0,4,2,35.724920555555556,139.79376944444445,3,3,,,,
1,30,662,90,2,0,1,30000,0,106,2019,7,13,16,15,12,,,,,3,1,2,14,7,0,23,0,23,2,9,1,70,5,4,1,35,25,3,61,31,0,,,,,,,10,0,30,0,1,0,2,0,2,0,4,2,35.724264444444444,139.7948947222222,7,3,,,,
1,30,662,91,2,0,1,30000,0,106,2019,7,16,13,20,12,,,,,3,1,2,7,7,0,23,0,23,1,9,1,70,5,1,1,1,65,51,61,0,0,,,,,,,0,0,10,0,3,0,0,0,0,0,4,2,35.72728416666667,139.8049713888889,3,3,,,,
1,30,662,93,2,0,1,20000,0,106,2019,7,18,23,15,22,,,,,3,1,2,1,1,9,22,0,23,19,9,30,70,4,2,1,55,45,3,61,1,0,,,,,,,10,0,40,0,3,0,2,0,2,0,4,2,35.71542388888889,139.80201972222224,5,3,,,,
1,30,662,97,2,0,1,30000,0,106,2019,7,27,15,40,12,,,,,2,1,1,1,7,1,21,0,23,14,9,30,70,5,2,1,65,25,3,61,31,0,,,,,,,10,0,20,0,3,0,2,0,2,0,4,2,35.721093611111115,139.80679527777778,7,3,,,,
1,30,663,80,2,0,1,20560,0,106,2019,7,18,23,50,22,,,,,3,1,2,14,7,0,23,0,23,3,9,1,70,1,2,1,55,45,3,61,1,0,,,,,,,3,0,20,0,4,0,2,0,2,0,4,2,35.70853555555556,139.79123805555557,5,3,,,,
1,30,664,63,2,0,1,30000,0,118,2019,7,30,15,35,12,,,,,1,1,1,14,7,0,23,0,23,2,9,1,70,5,4,1,65,1,51,61,0,0,,,,,,,0,0,20,0,3,0,0,0,0,0,2,4,35.75147916666667,139.75928944444445,3,3,,,,
1,30,665,52,2,0,1,20550,0,118,2019,7,1,4,10,23,,,,,3,1,2,14,1,0,23,0,23,2,9,1,70,5,1,1,1,75,3,61,31,0,,,,,,,3,0,10,0,4,0,2,0,2,0,4,2,35.73468944444445,139.79743305555556,2,3,,,,
1,30,665,55,2,0,1,30000,0,118,2019,7,22,18,15,13,,,,,3,1,2,14,1,0,23,0,23,2,9,1,70,5,3,1,45,1,3,61,31,0,,,,,,,4,0,20,0,3,0,2,0,2,0,4,2,35.73576527777778,139.79895694444446,2,3,,,,
1,30,668,267,2,0,1,30000,0,121,2019,7,4,16,45,12,,,,,2,1,2,1,7,9,22,0,23,14,9,30,70,5,2,1,55,1,3,61,31,0,,,,,,,3,0,10,0,3,0,2,0,2,0,4,2,35.77913972222222,139.7559013888889,5,3,,,,
1,30,668,275,2,0,1,10340,0,121,2019,7,11,10,28,12,,,,,2,1,1,1,1,9,22,0,23,14,9,30,70,1,2,1,55,75,3,61,31,0,,,,,,,2,0,40,0,3,0,2,0,2,0,4,2,35.780629166666664,139.77001750000002,5,3,,,,
1,30,669,344,2,0,1,30000,0,121,2019,6,26,10,10,12,,,,,1,1,1,1,7,9,22,0,23,14,9,30,70,5,3,1,75,75,14,61,1,0,,,,,,,2,0,30,0,3,0,2,0,2,0,4,2,35.7614825,139.82374944444445,4,3,,,,
1,30,669,360,2,0,2,30000,0,121,2019,7,6,13,10,12,,,,,2,1,1,14,7,0,23,0,23,1,9,1,70,5,4,1,35,65,3,61,31,0,,,,,,,1,0,10,0,4,0,2,0,2,0,4,2,35.78394722222222,139.80374750000001,7,3,,,,
1,30,669,361,2,0,1,30000,0,121,2019,7,6,19,30,21,,,,,2,1,1,14,7,0,23,0,23,1,9,1,70,5,2,1,1,1,51,61,0,0,,,,,,,0,0,10,0,4,0,0,0,0,0,4,2,35.775288333333336,139.84118361111112,7,3,,,,
1,30,669,368,2,0,1,30000,0,121,2019,7,11,17,23,12,,,,,3,1,2,1,7,9,22,0,23,15,9,30,70,5,3,1,55,45,4,61,31,0,,,,,,,10,0,10,0,3,0,2,0,2,0,4,2,35.76697,139.8233836111111,5,3,,,,
1,30,669,369,2,0,1,30000,0,121,2019,7,12,6,55,12,,,,,3,1,2,14,7,0,23,0,23,2,9,1,70,5,4,1,45,1,34,61,31,0,,,,,,,2,0,10,0,3,0,0,0,0,0,4,2,35.78881833333333,139.82790916666667,6,3,,,,
1,30,669,372,2,0,1,30000,0,121,2019,7,15,14,58,12,,,,,3,1,1,14,7,0,23,0,23,2,9,1,70,4,1,1,45,75,14,61,31,0,,,,,,,2,0,10,0,3,0,2,0,2,0,4,2,35.76378277777778,139.82154194444445,2,1,,,,
1,30,669,383,2,0,1,30000,0,121,2019,7,20,12,55,12,,,,,2,1,1,14,7,0,23,0,23,2,9,1,70,4,3,1,75,1,3,61,31,0,,,,,,,2,0,10,0,3,0,2,0,2,0,4,2,35.7767475,139.81969138888888,7,3,,,,
1,30,669,395,2,0,1,30000,0,121,2019,7,26,12,35,12,,,,,1,1,1,1,7,9,22,0,23,14,9,30,70,4,2,1,55,1,13,61,31,0,,,,,,,10,0,40,0,3,0,2,0,2,0,4,2,35.765099166666666,139.83556805555557,6,3,,,,
1,30,669,401,2,0,1,30000,0,121,2019,7,30,20,5,22,,,,,1,1,1,14,7,0,23,0,23,2,9,1,70,4,3,1,45,45,3,61,31,0,,,,,,,3,0,50,0,3,0,2,0,2,0,4,2,35.78067,139.82135916666667,3,3,,,,
1,30,670,220,2,0,1,30000,0,121,2019,7,4,9,25,12,,,,,3,1,2,14,7,0,23,0,23,1,9,20,70,5,4,1,65,75,3,61,31,0,,,,,,,10,0,30,0,3,0,2,0,2,0,4,2,35.79068972222222,139.81229722222224,5,3,,,,
1,30,670,235,2,0,1,10710,0,121,2019,7,21,14,35,12,,,,,2,1,1,1,1,9,22,0,23,18,9,30,70,1,1,1,55,35,3,61,31,0,,,,,,,10,0,10,0,4,0,2,0,2,0,4,2,35.80912027777777,139.7701563888889,1,3,,,,
1,30,670,236,2,0,1,40,126,121,2019,7,22,18,15,13,,,,,2,1,1,14,7,0,23,0,23,5,9,1,70,1,2,1,1,65,51,61,0,0,,,,,,,0,0,10,0,4,0,0,0,0,0,4,2,35.79006944444444,139.8025913888889,2,3,,,,
1,30,771,210,2,0,1,30000,0,108,2019,6,1,14,38,12,,,,,1,1,1,14,1,0,23,0,23,2,9,1,70,5,2,1,45,65,51,61,0,0,,,,,,,0,0,10,0,3,0,0,0,0,0,4,2,35.669310833333334,139.81323055555558,7,3,,,,
1,30,771,221,2,0,1,30000,0,108,2019,7,10,11,0,12,,,,,1,1,1,7,7,0,23,0,23,1,9,20,70,5,3,1,1,45,13,61,31,0,,,,,,,10,0,10,0,3,0,2,0,2,0,4,2,35.68228305555555,139.81262555555557,4,3,,,,
1,30,771,231,2,0,1,30000,0,108,2019,7,19,16,2,12,,,,,2,1,1,14,7,0,23,0,23,2,9,1,70,5,2,1,55,55,17,61,1,0,,,,,,,5,0,80,0,2,0,2,0,2,0,4,2,35.66705222222222,139.8005525,6,3,,,,
1,30,772,216,2,0,1,30000,0,108,2019,6,23,9,15,12,,,,,2,1,1,14,7,0,23,0,23,2,9,1,70,4,3,1,65,55,3,61,31,0,,,,,,,2,0,40,0,4,0,2,0,2,0,4,2,35.67046611111111,139.83542555555556,1,3,,,,
1,30,772,224,2,0,1,30000,0,108,2019,7,6,11,35,12,,,,,2,1,1,14,7,0,23,0,23,2,9,1,70,5,3,1,45,75,52,61,0,0,,,,,,,0,0,10,0,4,0,0,0,0,0,4,2,35.68754055555555,139.83671805555556,7,3,,,,
1,30,772,225,2,0,1,20660,0,108,2019,7,6,12,40,12,,,,,2,1,1,7,1,0,23,0,23,5,9,1,70,1,1,1,25,1,51,61,0,0,,,,,,,0,0,10,0,4,0,0,0,0,0,4,2,35.69558555555555,139.84316833333335,7,3,,,,
1,30,772,228,2,0,1,20660,0,108,2019,7,10,7,0,12,,,,,1,1,1,1,7,1,22,0,23,15,9,30,70,4,2,1,45,65,3,61,31,0,,,,,,,3,0,10,0,4,0,2,0,2,0,4,2,35.68091638888889,139.84426194444444,4,3,,,,
1,30,772,234,2,0,1,30000,0,108,2019,7,17,9,11,12,,,,,2,1,1,1,7,9,22,0,23,11,9,30,70,5,1,1,55,65,34,61,31,0,,,,,,,2,0,10,0,3,0,0,0,0,0,4,2,35.67888222222222,139.83826222222223,4,3,,,,
1,30,772,235,2,0,1,30000,0,108,2019,5,28,12,50,12,,,,,2,1,1,1,7,9,22,0,23,17,9,30,70,4,1,1,45,35,3,61,31,0,,,,,,,2,0,20,0,4,0,2,0,2,0,4,2,35.691067777777775,139.83378333333334,3,3,,,,
1,30,772,244,2,0,1,30000,0,108,2019,6,3,12,45,12,,,,,1,1,1,14,7,0,23,0,23,5,9,20,70,4,3,1,25,75,51,61,0,0,,,,,,,0,0,10,0,3,0,0,0,0,0,4,2,35.693506944444444,139.82849805555554,2,3,,,,
1,30,773,124,2,0,1,95000,0,107,2019,7,8,8,40,12,,,,,2,1,1,0,7,0,23,0,23,0,0,20,70,0,4,1,25,1,14,61,1,0,,,,,,,10,0,10,0,3,0,2,0,2,0,4,2,35.69414833333333,139.79282722222223,2,3,,,,
1,30,773,128,2,0,1,30000,0,107,2019,7,16,7,45,12,,,,,2,1,2,1,7,9,22,0,23,15,9,30,70,5,2,1,35,35,13,61,31,0,,,,,,,5,0,30,0,4,0,2,0,2,0,4,2,35.71467611111112,139.80995444444446,3,3,,,,
1,30,773,134,2,0,1,10290,0,107,2019,7,24,17,20,12,,,,,1,1,1,1,1,9,22,0,23,18,9,30,70,1,2,1,65,75,3,61,31,0,,,,,,,4,0,10,0,3,0,2,0,2,0,4,2,35.701277222222224,139.81486166666667,4,3,,,,
1,30,773,135,2,0,1,10290,0,107,2019,7,13,13,18,12,,,,,2,1,1,1,1,9,22,0,23,17,9,30,70,5,4,1,25,45,3,61,31,0,,,,,,,4,0,10,0,3,0,2,0,2,0,4,2,35.70137527777778,139.81789333333333,7,3,,,,
1,30,774,110,2,0,1,95000,0,107,2019,7,17,17,4,12,,,,,1,1,1,1,7,9,22,0,23,14,9,30,70,4,2,1,65,75,3,61,31,0,,,,,,,2,0,80,0,3,0,2,0,2,0,4,2,35.71061666666667,139.83275305555554,4,3,,,,
1,30,774,111,2,0,1,30490,0,107,2019,7,18,11,17,12,,,,,3,1,2,1,1,9,22,0,23,15,9,30,70,4,1,1,55,1,3,61,1,0,,,,,,,3,0,10,0,3,0,2,0,2,0,4,2,35.71807472222223,139.81793694444445,5,3,,,,
1,30,775,252,2,0,1,30000,0,122,2019,6,14,16,15,12,,,,,1,1,1,1,7,9,22,0,23,15,9,30,70,4,2,1,55,65,14,61,31,0,,,,,,,2,0,10,0,3,0,2,0,2,0,4,2,35.769803055555556,139.86894472222224,6,3,,,,
1,30,775,280,2,0,1,60,138,122,2019,7,30,7,40,12,,,,,1,1,1,1,1,9,22,0,23,18,9,30,70,1,2,1,65,45,3,61,31,0,,,,,,,5,0,10,0,3,0,2,0,2,0,4,2,35.76886694444444,139.87495444444446,3,3,,,,