資料区分,都道府県コード,警察署等コード,本票番号,事故内容,死者数,負傷者数,路線コード,地点コード,市区町村コード,発生日時　　年,発生日時　　月,発生日時　　日,発生日時　　時,発生日時　　分,昼夜,日の出時刻　　時,日の出時刻　　分,日の入り時刻　　時,日の入り時刻　　分,天候,地形,路面状態,道路形状,信号機,一時停止規制　標識（当事者A）,一時停止規制　表示（当事者A）,一時停止規制　標識（当事者B）,一時停止規制　表示（当事者B）,車道幅員,道路線形,衝突地点,ゾーン規制,中央分離帯施設等,歩車道区分,事故類型,年齢（当事者A）,年齢（当事者B）,当事者種別（当事者A）,当事者種別（当事者B）,用途別（当事者A）,用途別（当事者B）,車両形状等（当事者A）,車両形状等（当事者B）,オートマチック車（当事者A）,オートマチック車（当事者B）,サポカー（当事者A）,サポカー（当事者B）,速度規制（指定のみ）（当事者A）,速度規制（指定のみ）（当事者B）,車両の衝突部位（当事者A）,車両の衝突部位（当事者B）,車両の損壊程度（当事者A）,車両の損壊程度（当事者B）,エアバッグの装備（当事者A）,エアバッグの装備（当事者B）,サイドエアバッグの装備（当事者A）,サイドエアバッグの装備（当事者B）,人身損傷程度（当事者A）,人身損傷程度（当事者B）,lat,lon,曜日(発生年月日),祝日(発生年月日),認知機能検査経過日数（当事者A）,認知機能検査経過日数（当事者B）,運転練習の方法（当事者A）,運転練習の方法（当事者B）
1,30,775,285,2,0,1,60,114,122,2019,7,31,12,10,12,,,,,1,1,1,1,1,9,22,0,23,19,6,30,70,1,2,1,1,65,4,61,31,0,,,,,,,5,0,10,0,3,0,2,0,2,0,4,2,35.75765916666667,139.8546775,4,3,,,,
1,30,775,286,2,0,1,30000,0,122,2019,6,21,11,30,12,,,,,1,1,1,14,7,0,23,0,23,2,9,1,70,5,2,1,75,1,51,61,0,0,,,,,,,0,0,10,0,4,0,0,0,0,0,4,2,35.75040777777778,139.85546416666665,6,3,,,,
1,30,776,198,2,0,1,30000,0,122,2019,7,4,23,20,22,,,,,2,1,1,1,7,1,21,0,23,14,9,30,70,5,3,1,45,65,4,61,31,0,,,,,,,2,0,50,0,3,0,2,0,2,0,4,2,35.746745555555556,139.8570875,5,3,,,,
1,30,776,208,2,0,1,30000,0,122,2019,7,19,7,50,12,,,,,3,1,2,1,7,9,22,0,23,11,9,30,70,5,3,1,45,25,13,61,31,0,,,,,,,5,0,10,0,3,0,2,0,2,0,4,2,35.74236333333334,139.86910944444446,6,3,,,,
1,30,776,212,2,0,1,30000,0,122,2019,7,24,11,40,12,,,,,1,1,1,1,7,1,22,0,23,15,9,30,70,4,1,1,45,55,14,61,1,0,,,,,,,2,0,20,0,3,0,2,0,2,0,4,2,35.71693027777778,139.85977,4,3,,,,
1,30,777,468,2,0,1,140,86,123,2019,5,30,8,5,12,,,,,1,1,1,12,7,0,23,0,23,6,9,1,70,1,1,1,1,55,51,61,0,0,,,,,,,0,0,10,0,3,0,0,0,0,0,4,2,35.700900555555556,139.85769833333333,5,3,,,,
1,30,777,471,2,0,1,10290,0,123,2019,7,2,6,45,12,,,,,2,1,2,12,7,0,23,0,23,3,9,1,70,5,1,1,45,45,51,61,0,0,,,,,,,0,0,10,0,3,0,0,0,0,0,4,2,35.70370555555556,139.8364725,3,3,,,,
1,30,777,474,2,0,1,30000,0,123,2019,7,4,14,55,12,,,,,3,1,2,14,7,0,23,0,23,3,9,1,70,5,2,1,65,35,51,61,0,0,,,,,,,0,0,40,0,4,0,0,0,0,0,4,2,35.694514166666664,139.89128305555556,5,3,,,,
1,30,777,481,2,0,1,95000,0,123,2019,7,7,13,27,12,,,,,3,1,2,0,7,0,23,0,23,0,0,20,70,0,2,1,55,1,14,61,31,0,,,,,,,10,0,80,0,3,0,2,0,2,0,4,2,35.68547222222222,139.88180305555557,1,3,,,,
1,30,777,487,2,0,1,30000,0,123,2019,7,10,15,40,12,,,,,1,1,1,1,7,1,21,0,23,14,9,30,70,5,2,1,55,75,17,61,31,0,,,,,,,10,0,10,0,3,0,2,0,2,0,4,2,35.7057875,139.84381083333335,4,3,,,,
1,30,777,495,2,0,1,30000,0,123,2019,7,13,20,10,22,,,,,2,1,1,14,7,0,23,0,23,3,9,20,70,5,3,1,1,65,51,61,0,0,,,,,,,0,0,10,0,3,0,0,0,0,0,4,2,35.70719305555556,139.90299055555556,7,3,,,,
1,30,777,521,2,0,1,10130,0,123,2019,7,20,19,15,21,,,,,1,1,1,1,1,9,22,0,23,18,9,30,70,1,1,1,65,25,3,61,31,0,,,,,,,5,0,10,0,3,0,2,0,2,0,4,2,35.687569999999994,139.8826013888889,7,3,,,,
1,30,777,543,2,0,1,140,0,123,2019,7,21,18,58,21,,,,,2,1,1,14,7,0,23,0,23,3,9,1,70,1,2,1,55,45,3,61,31,0,,,,,,,5,0,40,0,3,0,2,0,2,0,4,2,35.70214111111111,139.8872361111111,1,3,,,,
1,30,778,96,2,0,1,30000,0,123,2019,6,29,13,50,12,,,,,3,1,2,7,7,0,23,0,23,2,9,1,70,4,2,1,35,55,3,61,31,0,,,,,,,3,0,10,0,3,0,2,0,2,0,4,2,35.730762500000004,139.87678833333334,7,3,,,,
1,30,778,109,2,0,1,30000,0,123,2019,7,27,2,25,22,,,,,2,1,1,14,7,0,23,0,23,3,9,1,70,4,2,1,65,35,3,61,1,0,,,,,,,2,0,10,0,4,0,2,0,2,0,4,2,35.73368166666667,139.8833386111111,7,3,,,,
1,30,778,111,2,0,1,30000,0,123,2019,7,28,11,11,12,,,,,1,1,1,14,7,0,23,0,23,3,9,1,70,5,4,1,1,75,3,61,31,0,,,,,,,10,0,30,0,3,0,2,0,2,0,4,2,35.709360833333335,139.8848961111111,1,3,,,,
1,30,779,278,1,1,0,10060,0,123,2019,7,9,14,45,12,,,,,2,1,1,1,1,9,22,0,23,17,9,30,70,5,2,1,55,55,4,61,31,0,,,,,,,4,0,10,0,3,0,2,0,2,0,4,1,35.685835,139.8664886111111,3,3,,,,
1,30,779,280,2,0,1,30000,0,123,2019,4,20,21,5,22,,,,,1,1,1,1,7,9,22,0,23,15,9,30,70,5,3,1,35,75,4,61,31,0,,,,,,,2,0,20,0,4,0,2,0,2,0,4,2,35.67292138888889,139.87060944444445,7,3,,,,
1,30,779,282,2,0,1,30000,0,123,2019,5,11,6,30,12,,,,,1,1,1,1,1,0,23,0,23,17,9,30,70,4,2,1,75,0,61,0,0,0,,,,,,,0,0,0,0,0,0,0,0,0,0,2,0,35.67885111111111,139.8671177777778,7,3,,,,
1,30,779,290,2,0,1,30000,0,123,2019,6,25,8,5,12,,,,,1,1,1,14,7,0,23,0,23,3,9,1,70,5,1,1,1,0,61,0,0,0,,,,,,,0,0,0,0,0,0,0,0,0,0,2,0,35.666020833333334,139.86177305555555,3,3,,,,
1,30,779,291,2,0,1,10350,0,123,2019,6,26,16,7,12,,,,,1,1,1,1,1,9,22,0,23,18,9,30,70,1,1,1,1,55,51,61,0,0,,,,,,,0,0,10,0,4,0,0,0,0,0,4,2,35.66799833333333,139.87170361111112,4,3,,,,
1,30,779,295,2,0,1,30000,0,123,2019,7,1,14,50,12,,,,,2,1,1,1,7,9,22,0,23,14,9,30,70,5,4,1,45,1,17,61,1,0,,,,,,,3,0,10,0,3,0,2,0,2,0,4,2,35.65642888888889,139.86866527777778,2,3,,,,
1,30,779,308,2,0,1,10350,0,123,2019,7,9,17,5,12,,,,,2,1,1,14,7,0,23,0,23,1,9,1,70,5,2,1,25,1,51,61,0,0,,,,,,,0,0,10,0,4,0,0,0,0,0,4,2,35.67055138888889,139.85381444444445,3,3,,,,
1,30,779,323,2,0,1,30000,0,123,2019,7,21,21,0,22,,,,,2,1,1,1,7,1,21,0,23,14,9,30,70,5,2,1,45,75,3,61,31,0,,,,,,,5,0,21,0,3,0,2,0,2,0,4,2,35.66504138888889,139.87062722222223,1,3,,,,
1,30,779,326,2,0,1,30000,0,123,2019,7,24,10,35,12,,,,,1,1,1,1,1,9,22,0,23,14,9,30,1,4,2,1,45,65,13,61,31,0,,,,,,,10,0,40,0,4,0,2,0,2,0,4,2,35.67430805555556,139.85316555555556,4,3,,,,
1,30,779,332,2,0,1,30000,0,123,2019,7,8,21,45,22,,,,,1,1,1,1,7,9,22,0,23,11,9,30,70,1,2,1,1,1,36,61,31,0,,,,,,,2,0,10,0,4,0,0,0,0,0,4,2,35.662079999999996,139.87372916666666,2,3,,,,
1,30,876,259,2,0,1,30820,0,209,2019,7,4,1,10,22,,,,,2,1,2,1,1,9,22,0,23,18,9,30,70,1,1,1,45,1,11,61,1,0,,,,,,,3,0,10,0,3,0,2,0,2,0,4,2,35.60285277777778,139.36628055555556,5,3,,,,
1,30,876,264,2,0,1,30000,0,201,2019,5,28,7,40,12,,,,,2,1,1,14,7,0,23,0,23,3,9,1,70,5,3,1,1,0,61,0,0,0,,,,,,,0,0,0,0,0,0,0,0,0,0,2,0,35.635799166666665,139.3182972222222,3,3,,,,
1,30,876,268,2,0,1,10480,0,201,2019,6,6,8,40,12,,,,,1,1,1,14,7,0,23,0,23,5,9,1,70,1,2,1,35,1,14,61,1,0,,,,,,,4,0,10,0,3,0,2,0,2,0,4,2,35.636897222222224,139.41388833333335,5,3,,,,
1,30,876,274,2,0,1,30000,0,201,2019,7,17,15,5,12,,,,,1,1,1,1,7,9,22,0,23,11,8,30,70,5,4,1,35,1,4,61,31,0,,,,,,,10,0,10,0,3,0,2,0,2,0,4,2,35.64519083333333,139.33643861111113,4,3,,,,
1,30,876,275,2,0,1,30000,0,201,2019,7,19,1,30,22,,,,,2,2,2,14,7,0,23,0,23,3,9,1,70,5,2,1,55,1,3,61,1,0,,,,,,,5,0,50,0,2,0,2,0,2,0,4,2,35.645068611111114,139.3545313888889,6,3,,,,
1,30,876,277,2,0,1,21110,0,201,2019,7,21,21,55,22,,,,,3,1,2,14,7,0,23,0,23,5,9,1,70,1,2,1,35,45,34,61,31,0,,,,,,,10,0,10,0,3,0,0,0,0,0,4,2,35.62506555555556,139.3935972222222,1,3,,,,
1,30,876,279,2,0,2,30000,0,201,2019,5,30,7,10,12,,,,,1,1,1,14,7,0,23,0,23,3,8,1,70,4,3,1,1,45,51,61,0,0,,,,,,,0,0,10,0,3,0,0,0,0,0,2,2,35.640607777777774,139.3550675,5,3,,,,
1,30,877,185,2,0,1,20730,0,201,2019,7,23,6,20,12,,,,,2,2,2,1,1,9,22,0,23,15,9,30,70,4,2,1,35,65,3,61,31,0,,,,,,,3,0,10,0,3,0,2,0,2,0,4,2,35.67816527777777,139.27057666666667,3,3,,,,
1,30,877,188,2,0,1,99000,0,201,2019,7,8,11,12,12,,,,,2,1,1,0,7,0,23,0,23,0,0,20,70,0,4,1,45,55,14,61,31,0,,,,,,,10,0,70,0,3,0,2,0,2,0,4,2,35.64268027777778,139.30618944444444,2,3,,,,
1,30,878,244,1,1,0,30000,0,224,2019,7,10,9,29,12,,,,,2,3,1,1,7,9,22,0,23,17,9,30,70,5,1,1,65,75,14,61,1,0,,,,,,,5,0,10,0,3,0,2,0,2,0,4,1,35.62464888888889,139.42036444444443,4,3,,,,
1,30,878,249,2,0,1,30000,0,225,2019,7,1,17,30,12,,,,,1,2,2,1,1,9,22,0,23,15,9,30,70,4,1,1,55,35,3,61,1,0,,,,,,,3,0,10,0,3,0,2,0,2,0,4,2,35.63554527777778,139.5005825,2,3,,,,
1,30,878,260,2,0,1,30000,0,225,2019,7,22,9,13,12,,,,,2,1,1,1,2,9,22,0,23,11,8,30,70,4,3,1,35,25,3,61,31,0,,,,,,,3,0,10,0,3,0,2,0,2,0,4,2,35.64980583333333,139.513785,2,3,,,,
1,30,878,265,2,0,1,99000,0,225,2019,7,5,7,10,12,,,,,1,1,1,0,7,0,23,0,23,0,0,20,70,0,4,1,25,65,3,61,31,0,,,,,,,10,0,30,0,3,0,2,0,2,0,4,2,35.64495083333333,139.49788138888889,6,3,,,,
1,30,879,238,2,0,1,99000,0,220,2019,7,3,11,3,12,,,,,1,1,1,0,7,0,23,0,23,0,0,20,70,0,4,1,55,45,3,61,31,0,,,,,,,10,0,30,0,3,0,2,0,2,0,4,2,35.748134722222225,139.41063722222222,4,3,,,,
1,30,879,246,2,0,1,30000,0,220,2019,7,6,17,5,12,,,,,2,1,1,14,7,0,23,0,23,3,9,1,70,5,3,1,45,1,36,61,31,0,,,,,,,2,0,10,0,3,0,0,0,0,0,4,2,35.74217888888889,139.4405686111111,7,3,,,,
1,30,879,248,2,0,1,30000,0,223,2019,7,7,20,35,22,,,,,3,2,2,1,1,9,22,0,23,15,9,30,70,5,2,1,75,65,3,61,31,0,,,,,,,3,0,10,0,3,0,2,0,2,0,4,2,35.742875833333336,139.3926075,1,3,,,,
1,30,879,263,2,0,1,30000,0,220,2019,7,1,20,35,22,,,,,3,1,2,1,1,9,22,0,23,15,9,30,70,4,1,1,45,1,4,61,31,0,,,,,,,3,0,50,0,4,0,2,0,2,0,4,2,35.736444166666665,139.44492833333334,2,3,,,,
1,30,880,189,2,0,1,30000,0,205,2019,7,10,15,40,12,,,,,2,2,1,1,1,9,22,0,23,15,9,30,70,4,2,1,55,75,17,61,31,0,,,,,,,3,0,40,0,3,0,2,0,2,0,4,2,35.79237833333333,139.30353472222222,4,3,,,,
1,30,880,192,2,0,1,30000,0,205,2019,7,15,19,25,21,,,,,3,1,2,14,1,0,23,0,23,3,9,1,70,4,2,1,35,35,4,61,31,0,,,,,,,3,0,10,0,4,0,2,0,2,0,4,2,35.79129944444444,139.28141555555558,2,1,,,,
1,30,880,202,2,0,1,10450,0,205,2019,7,26,9,0,12,,,,,1,2,1,14,1,0,23,0,23,4,9,1,70,4,2,1,45,1,11,61,31,0,,,,,,,3,0,10,0,4,0,2,0,2,0,4,2,35.79956222222222,139.21184749999998,6,3,,,,
1,30,881,81,2,0,2,30000,0,305,2019,7,8,7,40,12,,,,,2,3,1,14,7,0,23,0,23,3,9,1,70,4,3,1,55,1,36,61,31,0,,,,,,,2,0,10,0,3,0,0,0,0,0,2,2,35.737569444444446,139.27443916666667,2,3,,,,
1,30,882,300,2,0,1,99000,0,218,2019,7,4,10,23,12,,,,,3,1,2,0,7,0,23,0,23,0,0,20,70,0,4,1,35,35,3,61,31,0,,,,,,,10,0,30,0,4,0,2,0,2,0,4,2,35.73464888888889,139.3329225,5,3,,,,
1,30,882,311,2,0,1,160,549,303,2019,7,6,21,15,22,,,,,3,1,2,1,1,9,22,0,23,18,9,30,70,1,2,1,55,1,4,61,31,0,,,,,,,5,0,40,0,3,0,2,0,2,0,4,2,35.771594444444446,139.3374161111111,7,3,,,,
1,30,882,316,2,0,1,30000,0,227,2019,7,1,7,30,12,,,,,3,1,2,14,7,0,23,0,23,3,9,1,70,5,3,1,35,55,3,61,31,0,,,,,,,3,0,10,0,4,0,2,0,2,0,4,2,35.75952111111111,139.31654222222224,2,3,,,,
1,30,882,321,2,0,1,30000,0,227,2019,7,15,7,50,12,,,,,3,1,2,1,7,9,22,0,23,11,9,30,70,5,2,1,45,25,3,61,31,0,,,,,,,10,0,10,0,3,0,2,0,2,0,4,2,35.77268055555555,139.3130738888889,2,1,,,,
1,30,882,327,2,0,1,30000,0,218,2019,7,6,8,18,12,,,,,3,2,1,7,1,0,23,0,23,1,9,1,70,5,2,1,45,25,11,61,1,0,,,,,,,3,0,20,0,3,0,2,0,2,0,4,2,35.73246694444445,139.32948277777777,7,3,,,,
1,30,882,337,2,0,1,30000,0,227,2019,7,25,1,8,22,,,,,2,1,1,1,7,1,22,0,23,14,9,30,70,5,3,1,1,35,3,61,31,0,,,,,,,2,0,10,0,3,0,2,0,2,0,4,2,35.74821361111111,139.31593222222224,5,3,,,,
1,30,882,340,2,0,1,30000,0,218,2019,7,28,9,37,12,,,,,1,1,1,7,7,0,23,0,23,3,9,1,70,4,3,1,75,0,61,0,0,0,,,,,,,0,0,0,0,0,0,0,0,0,0,2,0,35.738843333333335,139.3337775,1,3,,,,
1,30,882,341,2,0,1,30000,0,227,2019,7,18,20,45,22,,,,,3,1,2,1,1,9,22,0,23,14,9,30,70,4,2,1,65,25,3,61,1,0,,,,,,,3,0,10,0,4,0,2,0,2,0,4,2,35.77693222222222,139.30446916666668,5,3,,,,
1,30,883,385,2,0,1,10460,0,201,2019,7,1,13,31,12,,,,,2,2,1,1,1,9,22,0,23,15,9,20,70,4,1,1,25,75,13,61,31,0,,,,,,,10,0,10,0,3,0,2,0,2,0,4,2,35.68218888888889,139.3051227777778,2,3,,,,
1,30,883,393,2,0,1,30000,0,201,2019,7,5,11,30,12,,,,,2,1,1,14,7,0,23,0,23,3,9,1,70,5,3,1,65,55,4,61,31,0,,,,,,,5,0,30,0,4,0,2,0,2,0,4,2,35.65990111111111,139.3389888888889,6,3,,,,
1,30,883,395,2,0,1,20000,0,201,2019,7,6,1,30,22,,,,,3,1,2,1,7,9,22,0,23,14,9,30,70,4,1,1,35,45,4,61,31,0,,,,,,,3,0,50,0,3,0,2,0,2,0,4,2,35.66185361111111,139.34440500000002,7,3,,,,
1,30,883,397,2,0,2,30000,0,201,2019,7,6,23,30,22,,,,,3,2,2,1,1,9,22,0,23,14,9,30,70,4,2,1,45,1,35,61,31,0,,,,,,,3,0,10,0,3,0,0,0,0,0,2,2,35.67754972222222,139.31132861111112,7,3,,,,
1,30,883,398,2,0,1,30000,0,201,2019,7,7,13,0,12,,,,,3,2,2,14,7,0,23,0,23,2,9,1,70,5,3,1,25,1,4,61,31,0,,,,,,,10,0,40,0,3,0,2,0,2,0,4,2,35.6570225,139.33699222222222,1,3,,,,
1,30,883,408,2,0,1,90000,0,201,2019,7,12,12,20,12,,,,,2,1,1,7,7,0,23,0,23,2,9,20,70,5,4,1,35,1,4,61,31,0,,,,,,,10,0,10,0,4,0,2,0,2,0,4,2,35.696146666666664,139.3266136111111,6,3,,,,
1,30,883,410,2,0,1,20730,0,201,2019,7,13,7,15,12,,,,,2,2,1,1,1,9,22,0,23,15,9,30,70,4,2,1,1,25,3,61,31,0,,,,,,,2,0,20,0,4,0,2,0,2,0,4,2,35.66134777777778,139.31552611111113,7,3,,,,
1,30,883,422,2,0,1,30000,0,201,2019,7,16,8,45,12,,,,,2,1,1,14,7,0,23,0,23,3,9,1,70,5,3,1,75,45,3,61,31,0,,,,,,,10,0,40,0,3,0,2,0,2,0,4,2,35.65911805555555,139.31330666666668,3,3,,,,
1,30,883,425,2,0,2,30000,0,201,2019,7,18,18,20,13,,,,,2,2,2,1,7,9,22,0,23,15,9,30,70,5,1,1,55,1,36,61,31,0,,,,,,,2,0,10,0,3,0,0,0,0,0,2,2,35.67793666666667,139.30764166666668,5,3,,,,
1,30,883,438,2,0,1,30000,0,201,2019,7,24,23,40,22,,,,,1,1,1,1,7,9,22,0,23,15,9,30,70,5,2,1,45,1,3,61,31,0,,,,,,,5,0,10,0,4,0,2,0,2,0,4,2,35.67126194444444,139.36296916666666,4,3,,,,
1,30,883,439,2,0,1,30000,0,201,2019,5,7,13,50,12,,,,,2,2,1,1,7,1,22,0,23,15,9,20,70,4,2,1,55,75,3,61,31,0,,,,,,,2,0,10,0,3,0,2,0,2,0,4,2,35.66504555555555,139.31646194444446,3,3,,,,
1,30,883,450,2,0,1,161,0,201,2019,7,23,15,25,12,,,,,2,1,1,14,7,0,23,0,23,6,9,1,70,1,1,1,65,45,3,61,31,0,,,,,,,10,0,10,0,3,0,2,0,2,0,4,2,35.662929999999996,139.35297527777777,3,3,,,,
1,30,883,453,2,0,1,10000,0,201,2019,7,22,20,30,22,,,,,2,1,1,7,7,0,23,0,23,2,9,1,70,4,2,1,25,75,4,61,31,0,,,,,,,3,0,50,0,4,0,2,0,2,0,4,2,35.67527027777778,139.32558,2,3,,,,
1,30,884,408,2,0,1,30560,0,209,2019,7,11,11,30,12,,,,,2,1,1,1,1,8,22,0,23,17,7,30,70,4,1,1,75,75,4,61,31,0,,,,,,,3,0,80,0,3,0,2,0,2,0,4,2,35.54486722222222,139.44249805555555,5,3,,,,
1,30,884,421,2,0,1,30000,0,209,2019,7,20,12,40,12,,,,,2,1,1,14,7,0,23,0,23,2,7,1,70,5,3,1,75,45,4,61,31,0,,,,,,,2,0,20,0,4,0,2,0,2,0,4,2,35.580938333333336,139.4174322222222,7,3,,,,
1,30,884,441,2,0,1,30000,0,209,2019,7,31,19,35,21,,,,,1,1,1,1,7,9,22,0,23,11,9,30,70,4,4,1,45,35,3,61,31,0,,,,,,,5,0,30,0,3,0,2,0,2,0,4,2,35.51936083333333,139.47493833333334,4,3,,,,
1,30,884,442,2,0,1,160,168,209,2019,7,31,23,15,22,,,,,1,1,1,7,7,0,23,0,23,3,9,1,70,1,2,1,45,35,3,61,31,0,,,,,,,5,0,10,0,2,0,2,0,2,0,4,2,35.512406666666664,139.47131805555557,4,3,,,,
1,30,884,444,2,0,1,30550,0,209,2019,5,16,10,57,12,,,,,1,1,1,1,1,1,21,0,23,14,9,30,70,4,2,1,55,55,3,61,31,0,,,,,,,3,0,50,0,3,0,2,0,2,0,4,2,35.554940277777774,139.4366075,5,3,,,,
1,30,885,214,1,1,0,30000,0,212,2019,7,27,23,37,22,,,,,2,2,1,13,7,0,23,0,23,3,6,1,70,4,3,1,1,45,3,61,31,0,,,,,,,2,0,81,0,1,0,2,0,2,0,4,1,35.66444111111111,139.39658166666666,7,3,,,,
1,30,885,227,2,0,1,30000,0,212,2019,7,12,9,43,12,,,,,3,2,2,7,1,0,23,0,23,3,9,1,70,5,1,1,75,45,4,61,31,0,,,,,,,3,0,10,0,3,0,1,0,2,0,4,2,35.66320888888889,139.3893488888889,6,3,,,,
1,30,885,234,2,0,1,95000,0,212,2019,7,16,16,15,12,,,,,3,3,2,1,1,9,22,0,23,15,9,30,70,4,2,1,1,1,17,61,31,0,,,,,,,3,0,10,0,3,0,2,0,2,0,4,2,35.67563083333333,139.4098988888889,3,3,,,,
1,30,885,239,2,0,1,30000,0,212,2019,7,18,9,0,12,,,,,1,2,1,7,1,0,23,0,23,3,9,1,70,5,1,1,45,75,1,61,1,0,,,,,,,3,0,10,0,4,0,2,0,2,0,4,2,35.66035055555555,139.38003500000002,5,3,,,,
1,30,885,240,2,0,1,30000,0,212,2019,7,18,18,25,13,,,,,2,2,2,14,7,0,23,0,23,2,7,1,70,5,3,1,75,45,4,61,31,0,,,,,,,10,0,40,0,4,0,2,0,2,0,4,2,35.65889472222222,139.3800425,5,3,,,,
1,30,885,247,2,0,1,30000,0,212,2019,7,30,12,50,12,,,,,1,2,1,7,7,0,23,0,23,3,8,1,70,5,2,1,1,1,36,61,31,0,,,,,,,2,0,10,0,4,0,0,0,0,0,4,2,35.65608361111111,139.40197472222223,3,3,,,,
1,30,885,248,2,0,1,30000,0,212,2019,7,30,18,30,13,,,,,1,2,1,7,7,0,23,0,23,2,7,1,70,5,2,1,35,55,3,61,31,0,,,,,,,2,0,10,0,4,0,2,0,2,0,4,2,35.64668611111111,139.37850222222224,3,3,,,,
1,30,886,256,2,0,1,95000,0,207,2019,7,2,18,2,13,,,,,2,3,1,14,7,0,23,0,23,1,9,20,70,5,2,1,35,55,51,61,0,0,,,,,,,0,0,40,0,3,0,0,0,0,0,4,2,35.72495888888889,139.37370194444446,3,3,,,,
1,30,886,258,2,0,1,30000,0,207,2019,7,3,15,25,12,,,,,2,2,1,1,7,9,22,0,23,11,9,30,70,5,2,1,1,1,51,61,0,0,,,,,,,0,0,40,0,3,0,0,0,0,0,4,2,35.719479722222225,139.3858911111111,4,3,,,,
1,30,886,275,2,0,1,20000,0,207,2019,7,20,9,40,12,,,,,2,1,1,14,7,0,23,0,23,3,9,1,70,4,1,1,1,65,51,61,0,0,,,,,,,0,0,10,0,4,0,0,0,0,0,4,2,35.71535388888889,139.3651461111111,7,3,,,,
1,30,886,287,2,0,1,30000,0,207,2019,7,31,19,20,21,,,,,1,1,1,14,7,0,23,0,23,3,8,1,70,5,3,1,75,25,51,61,0,0,,,,,,,0,0,10,0,3,0,0,0,0,0,4,2,35.71022194444445,139.35817944444443,4,3,,,,
1,30,887,479,2,0,1,30000,0,202,2019,7,2,8,45,12,,,,,2,2,1,1,7,9,22,0,23,15,8,30,70,5,2,1,45,75,52,61,0,0,,,,,,,0,0,10,0,3,0,0,0,0,0,4,2,35.692678611111106,139.39981944444443,3,3,,,,
1,30,887,481,2,0,1,30000,0,215,2019,7,2,14,30,12,,,,,1,2,1,14,7,0,23,0,23,2,9,1,70,5,3,1,45,35,4,61,31,0,,,,,,,2,0,50,0,3,0,2,0,2,0,4,2,35.69747694444444,139.4459175,3,3,,,,
1,30,887,506,2,0,2,30000,0,202,2019,7,14,18,0,13,,,,,3,1,2,7,7,0,23,0,23,3,9,1,70,4,2,1,45,25,4,61,31,0,,,,,,,3,0,10,0,3,0,2,0,2,0,4,2,35.699816388888884,139.40473194444445,1,2,,,,
1,30,887,510,2,0,1,30000,0,202,2019,7,16,11,20,12,,,,,3,1,2,1,1,9,22,0,23,15,9,30,70,4,2,1,45,75,3,61,31,0,,,,,,,2,0,50,0,3,0,2,0,2,0,4,2,35.71969194444445,139.43426861111112,3,3,,,,
1,30,887,511,2,0,1,30000,0,202,2019,7,16,15,8,12,,,,,3,1,2,7,7,0,23,0,23,1,9,1,70,4,2,1,55,1,17,61,31,0,,,,,,,1,0,10,0,3,0,2,0,2,0,4,2,35.696259999999995,139.41990583333333,3,3,,,,
1,30,887,515,2,0,1,30000,0,215,2019,7,18,13,47,12,,,,,2,1,1,1,7,1,21,0,23,14,9,30,70,5,3,1,35,35,3,61,31,0,,,,,,,10,0,10,0,4,0,2,0,2,0,4,2,35.67594138888889,139.43820972222224,5,3,,,,
1,30,887,530,2,0,1,95000,0,202,2019,7,14,21,36,22,,,,,3,1,2,0,7,0,23,0,23,0,0,20,70,0,4,1,25,25,3,61,31,0,,,,,,,10,0,20,0,3,0,2,0,2,0,4,2,35.70330111111112,139.4139375,1,2,,,,
1,30,887,535,2,0,1,200,0,215,2019,7,28,6,15,12,,,,,2,2,2,1,1,2,22,0,23,14,9,30,70,4,2,1,45,35,3,61,1,0,,,,,,,3,0,20,0,4,0,2,0,2,0,4,2,35.68403305555555,139.42107666666666,1,3,,,,
1,30,887,540,2,0,1,30000,0,202,2019,7,19,16,15,12,,,,,2,1,2,13,7,0,23,0,23,1,6,1,70,4,2,1,65,45,13,61,31,0,,,,,,,2,0,40,0,3,0,2,0,2,0,4,2,35.72911055555556,139.39278888888887,6,3,,,,
1,30,887,543,2,0,1,30000,0,215,2019,7,30,18,55,21,,,,,1,1,1,14,7,0,23,0,23,1,9,1,70,5,4,1,45,1,51,61,0,0,,,,,,,0,0,10,0,4,0,0,0,0,0,4,2,35.68518833333333,139.4290586111111,3,3,,,,
1,30,888,172,2,0,1,30000,0,206,2019,7,4,20,35,22,,,,,2,1,1,1,1,9,22,0,23,18,9,30,70,4,2,1,35,1,3,61,31,0,,,,,,,3,0,10,0,3,0,2,0,2,0,4,2,35.678760277777776,139.48604138888888,5,3,,,,
1,30,888,187,2,0,1,30000,0,206,2019,7,24,8,55,12,,,,,2,1,1,7,7,0,23,0,23,2,9,1,70,5,3,1,65,45,13,61,31,0,,,,,,,2,0,50,0,3,0,2,0,2,0,4,2,35.672275,139.48210722222223,4,3,,,,
1,30,888,190,2,0,1,200,296,206,2019,7,27,9,52,12,,,,,1,1,1,1,1,9,22,0,23,18,9,20,70,4,2,1,45,75,51,61,0,0,,,,,,,0,0,10,0,3,0,0,0,0,0,4,2,35.67153166666667,139.48791138888888,7,3,,,,