資料区分,都道府県コード,警察署等コード,本票番号,事故内容,死者数,負傷者数,路線コード,地点コード,市区町村コード,発生日時　　年,発生日時　　月,発生日時　　日,発生日時　　時,発生日時　　分,昼夜,日の出時刻　　時,日の出時刻　　分,日の入り時刻　　時,日の入り時刻　　分,天候,地形,路面状態,道路形状,信号機,一時停止規制　標識（当事者A）,一時停止規制　表示（当事者A）,一時停止規制　標識（当事者B）,一時停止規制　表示（当事者B）,車道幅員,道路線形,衝突地点,ゾーン規制,中央分離帯施設等,歩車道区分,事故類型,年齢（当事者A）,年齢（当事者B）,当事者種別（当事者A）,当事者種別（当事者B）,用途別（当事者A）,用途別（当事者B）,車両形状等（当事者A）,車両形状等（当事者B）,オートマチック車（当事者A）,オートマチック車（当事者B）,サポカー（当事者A）,サポカー（当事者B）,速度規制（指定のみ）（当事者A）,速度規制（指定のみ）（当事者B）,車両の衝突部位（当事者A）,車両の衝突部位（当事者B）,車両の損壊程度（当事者A）,車両の損壊程度（当事者B）,エアバッグの装備（当事者A）,エアバッグの装備（当事者B）,サイドエアバッグの装備（当事者A）,サイドエアバッグの装備（当事者B）,人身損傷程度（当事者A）,人身損傷程度（当事者B）,lat,lon,曜日(発生年月日),祝日(発生年月日),認知機能検査経過日数（当事者A）,認知機能検査経過日数（当事者B）,運転練習の方法（当事者A）,運転練習の方法（当事者B）
1,30,889,166,2,0,1,30000,0,214,2019,7,8,7,35,12,,,,,2,1,1,14,7,0,23,0,23,3,9,1,70,5,3,1,1,1,51,61,0,0,,,,,,,0,0,10,0,3,0,0,0,0,0,4,2,35.70776555555556,139.48074861111112,2,3,,,,
1,30,889,178,2,0,1,10750,0,210,2019,7,22,0,31,22,,,,,3,1,2,1,1,9,22,0,23,19,9,30,70,1,2,1,45,1,3,61,31,0,,,,,,,5,0,50,0,3,0,2,0,2,0,4,2,35.68937972222222,139.50044777777777,2,3,,,,
1,30,889,179,2,0,1,20880,0,214,2019,7,22,8,20,12,,,,,3,1,2,14,1,0,23,0,23,3,9,1,70,4,2,1,1,35,51,61,0,0,,,,,,,0,0,10,0,3,0,0,0,0,0,4,2,35.7068675,139.48076777777777,2,3,,,,
1,30,889,186,2,0,1,30000,0,210,2019,7,30,15,0,12,,,,,1,1,1,14,7,0,23,0,23,2,9,1,70,5,2,1,55,35,3,61,31,0,,,,,,,10,0,30,0,4,0,2,0,2,0,4,2,35.70120638888889,139.5247275,3,3,,,,
1,30,890,319,2,0,1,30000,0,222,2019,6,9,15,30,12,,,,,3,1,2,1,1,9,22,0,23,15,9,30,70,4,2,1,75,75,3,61,31,0,,,,,,,2,0,40,0,3,0,2,0,2,0,4,2,35.75682305555556,139.52201000000002,1,3,,,,
1,30,890,321,2,0,1,30000,0,229,2019,7,2,14,50,12,,,,,2,1,1,1,1,9,22,0,23,15,9,30,70,4,2,1,55,1,3,61,31,0,,,,,,,3,0,10,0,3,0,2,0,2,0,4,2,35.74307138888889,139.56555055555557,3,3,,,,
1,30,890,325,2,0,1,10240,0,229,2019,7,5,15,50,12,,,,,2,1,1,1,1,9,22,0,23,15,9,30,70,5,2,1,65,75,3,61,31,0,,,,,,,3,0,10,0,3,0,2,0,2,0,4,2,35.73059611111111,139.53564444444444,6,3,,,,
1,30,890,327,2,0,1,95000,0,222,2019,7,7,18,35,13,,,,,3,1,2,0,7,0,23,0,23,0,0,20,70,0,4,1,75,75,14,61,31,0,,,,,,,1,0,11,0,2,0,2,0,2,0,4,2,35.75913722222222,139.52880305555556,1,3,,,,
1,30,890,332,2,0,1,20000,0,229,2019,7,12,16,15,12,,,,,2,1,1,1,1,9,22,0,23,15,9,30,70,4,1,1,75,1,3,61,31,0,,,,,,,3,0,10,0,2,0,2,0,2,0,4,2,35.73793083333334,139.5658427777778,6,3,,,,
1,30,890,333,2,0,1,30000,0,229,2019,6,7,7,55,12,,,,,2,1,1,14,7,0,23,0,23,3,8,1,70,5,3,1,1,1,51,61,0,0,,,,,,,0,0,10,0,3,0,0,0,0,0,4,2,35.72396194444445,139.5242652777778,6,3,,,,
1,30,890,339,2,0,1,99000,0,229,2019,7,15,15,17,12,,,,,2,1,1,0,7,0,23,0,23,0,0,20,70,0,4,1,45,75,3,61,31,0,,,,,,,10,0,30,0,3,0,2,0,2,0,4,2,35.73071361111111,139.53362916666666,2,1,,,,
1,30,890,348,2,0,1,20000,0,229,2019,7,22,9,30,12,,,,,3,1,1,1,7,9,22,0,23,14,9,30,70,4,2,1,55,55,13,61,31,0,,,,,,,3,0,10,0,3,0,2,0,2,0,4,2,35.7476275,139.53648638888887,2,3,,,,
1,30,890,349,2,0,1,30000,0,222,2019,7,20,16,35,12,,,,,2,1,1,1,7,9,22,0,23,11,9,30,70,5,3,1,65,1,3,61,31,0,,,,,,,2,0,10,0,3,0,2,0,2,0,4,2,35.76036027777778,139.54420305555556,7,3,,,,
1,30,890,355,2,0,1,30000,0,222,2019,7,19,21,0,22,,,,,2,1,1,14,7,0,23,0,23,3,9,1,70,5,4,1,65,1,3,61,1,0,,,,,,,2,0,40,0,3,0,2,0,2,0,4,2,35.76773361111111,139.52600361111112,6,3,,,,
1,30,890,356,2,0,1,30000,0,229,2019,7,19,18,30,13,,,,,2,1,1,14,7,0,23,0,23,1,9,1,70,5,4,1,45,25,3,61,1,0,,,,,,,10,0,32,0,3,0,2,0,2,0,4,2,35.72844555555556,139.56647055555555,6,3,,,,
1,30,891,188,2,0,1,10590,0,221,2019,7,18,22,52,22,,,,,3,2,2,1,1,9,22,0,23,14,9,30,70,4,2,1,75,1,3,61,31,0,,,,,,,3,0,10,0,3,0,2,0,2,0,4,2,35.77419222222222,139.49917944444442,5,3,,,,
1,30,891,190,2,0,1,95000,0,213,2019,7,29,11,55,12,,,,,1,1,1,1,7,9,22,0,23,11,9,30,70,4,2,1,55,65,4,61,31,0,,,,,,,3,0,10,0,3,0,2,0,2,0,4,2,35.76080611111111,139.46801916666666,2,3,,,,
1,30,892,118,2,0,1,21220,0,203,2019,7,1,20,30,22,,,,,3,1,2,7,1,0,23,0,23,5,9,1,70,4,2,1,65,35,3,61,31,0,,,,,,,3,0,10,0,3,0,2,0,2,0,4,2,35.71789166666667,139.5554852777778,2,3,,,,
1,30,892,124,2,0,1,30000,0,203,2019,7,18,6,10,12,,,,,2,1,1,14,7,0,23,0,23,3,9,1,70,5,3,1,45,25,3,61,31,0,,,,,,,2,0,80,0,3,0,2,0,2,0,4,2,35.71174777777778,139.56876888888888,5,3,,,,
1,30,892,128,2,0,1,10260,0,203,2019,7,23,20,0,22,,,,,2,1,1,14,7,0,23,0,23,4,9,1,70,5,2,1,1,65,51,61,0,0,,,,,,,0,0,10,0,3,0,0,0,0,0,4,2,35.706855555555556,139.58045972222223,3,3,,,,
1,30,892,129,2,0,1,20900,0,203,2019,7,24,18,45,13,,,,,1,1,1,1,1,9,22,0,23,14,9,30,70,5,2,1,45,45,51,61,0,0,,,,,,,0,0,10,0,3,0,0,0,0,0,4,2,35.705940000000005,139.5601552777778,4,3,,,,
1,30,892,130,2,0,1,10260,0,203,2019,7,26,14,30,12,,,,,1,1,1,14,7,0,23,0,23,3,9,1,70,4,2,1,45,45,3,61,31,0,,,,,,,3,0,10,0,3,0,2,0,2,0,4,2,35.70449472222222,139.58537694444445,6,3,,,,
1,30,892,131,2,0,1,30000,0,203,2019,7,29,16,16,12,,,,,1,1,1,1,7,1,21,0,23,15,9,30,70,4,1,1,55,25,3,61,31,0,,,,,,,1,0,10,0,3,0,2,0,2,0,4,2,35.71875611111111,139.5625288888889,2,3,,,,
1,30,892,132,2,0,1,30000,0,203,2019,6,14,8,0,12,,,,,1,1,1,14,7,0,23,0,23,4,9,1,70,5,2,1,45,0,61,0,0,0,,,,,,,0,0,0,0,0,0,0,0,0,0,2,0,35.70337638888889,139.58011277777777,6,3,,,,
1,30,893,187,2,0,1,20880,0,204,2019,7,1,14,25,12,,,,,2,1,2,7,1,0,23,0,23,3,9,1,70,4,3,1,35,1,12,61,1,0,,,,,,,3,0,10,0,4,0,2,0,2,0,4,2,35.690663888888885,139.57254083333333,2,3,,,,
1,30,893,189,2,0,1,10750,0,204,2019,7,7,21,30,22,,,,,3,1,2,1,1,9,22,0,23,18,9,30,70,1,2,1,45,25,4,61,31,0,,,,,,,5,0,50,0,3,0,2,0,2,0,4,2,35.681513055555556,139.5340486111111,1,3,,,,
1,30,893,190,2,0,1,30000,0,204,2019,6,25,6,45,12,,,,,2,1,1,14,7,0,23,0,23,1,9,1,70,5,3,1,55,45,3,61,31,0,,,,,,,2,0,40,0,3,0,2,0,2,0,4,2,35.692665,139.5800075,3,3,,,,
1,30,893,191,2,0,1,20230,0,204,2019,6,27,20,0,21,,,,,1,1,1,7,8,0,23,0,23,3,9,1,70,4,1,1,1,1,51,61,0,0,,,,,,,0,0,10,0,4,0,0,0,0,0,4,2,35.693955277777775,139.56975805555555,5,3,,,,
1,30,893,196,2,0,1,30000,0,204,2019,7,17,14,10,12,,,,,1,1,1,14,7,0,23,0,23,2,9,1,70,5,3,1,65,35,3,61,31,0,,,,,,,1,0,10,0,4,0,2,0,2,0,4,2,35.70025722222223,139.56037666666668,4,3,,,,
1,30,893,199,2,0,1,30000,0,204,2019,7,19,13,40,12,,,,,1,1,1,7,7,0,23,0,23,2,9,1,70,5,3,1,45,65,14,61,31,0,,,,,,,2,0,15,0,4,0,2,0,2,0,4,2,35.69825333333333,139.56334972222223,6,3,,,,
1,30,893,201,2,0,1,95000,0,204,2019,7,20,17,15,12,,,,,2,1,1,7,7,0,23,0,23,4,9,1,70,4,2,1,65,1,3,61,31,0,,,,,,,3,0,20,0,3,0,2,0,2,0,4,2,35.670093055555554,139.53461555555555,7,3,,,,
1,30,893,205,2,0,1,30000,0,204,2019,6,25,19,52,21,,,,,1,1,1,14,7,0,23,0,23,2,9,1,70,5,4,1,75,45,3,61,31,0,,,,,,,1,0,20,0,4,0,2,0,2,0,4,2,35.68765916666666,139.5821186111111,3,3,,,,
1,30,893,206,2,0,1,30000,0,204,2019,7,25,10,10,12,,,,,1,1,1,7,7,0,23,0,23,2,9,1,70,5,2,1,35,75,51,61,0,0,,,,,,,0,0,10,0,4,0,0,0,0,0,4,2,35.69350194444444,139.58343833333333,5,3,,,,
1,30,893,211,2,0,1,20900,0,204,2019,7,22,11,50,12,,,,,1,1,1,1,1,9,22,0,23,15,9,20,70,4,2,1,75,1,51,61,0,0,,,,,,,0,0,10,0,4,0,0,0,0,0,4,2,35.68377555555555,139.5582538888889,2,3,,,,
1,30,894,281,2,0,1,30000,0,208,2019,7,4,15,0,12,,,,,2,1,2,1,7,9,22,0,23,11,9,30,70,4,2,1,1,35,4,61,31,0,,,,,,,2,0,10,0,3,0,2,0,2,0,4,2,35.652564444444444,139.54262555555556,5,3,,,,
1,30,895,201,2,0,1,10500,0,211,2019,6,10,17,50,12,,,,,3,1,2,14,7,0,23,0,23,3,9,1,70,4,2,1,1,1,51,61,0,0,,,,,,,0,0,10,0,4,0,0,0,0,0,4,2,35.73583861111111,139.46581805555553,2,3,,,,
1,30,895,203,2,0,1,95000,0,211,2019,5,22,12,50,12,,,,,1,1,1,0,7,0,23,0,23,0,0,20,70,0,1,1,35,55,4,61,31,0,,,,,,,1,0,30,0,4,0,2,0,2,0,4,2,35.71920527777778,139.49682444444443,4,3,,,,
1,30,895,207,2,0,1,95000,0,211,2019,7,2,10,40,12,,,,,2,1,1,1,7,9,22,0,23,11,9,30,70,4,2,1,25,75,3,61,31,0,,,,,,,3,0,20,0,3,0,2,0,2,0,4,2,35.72307111111111,139.50347305555556,3,3,,,,
1,30,895,208,2,0,1,10560,0,211,2019,7,3,17,23,12,,,,,2,1,1,14,7,0,23,0,23,5,9,1,70,4,1,1,35,1,51,61,0,0,,,,,,,0,0,10,0,4,0,0,0,0,0,4,2,35.728123333333336,139.51161333333334,4,3,,,,
1,30,100,87,2,0,1,200,54,101,2019,8,18,10,32,12,,,,,1,1,1,1,8,9,22,0,23,18,9,30,70,1,1,1,45,1,3,61,31,0,,,,,,,10,0,10,0,2,0,2,0,2,0,4,2,35.68561777777777,139.731235,1,3,,,,
1,30,100,88,2,0,1,30000,0,101,2019,8,19,15,56,12,,,,,1,1,1,14,7,0,23,0,23,4,9,1,70,4,2,1,25,55,35,61,31,0,,,,,,,3,0,10,0,3,0,0,0,0,0,4,2,35.68187611111111,139.73315083333333,2,3,,,,
1,30,101,127,2,0,1,30000,0,101,2019,8,1,8,25,12,,,,,1,1,1,1,7,1,21,0,23,15,9,30,70,5,3,1,55,1,3,61,1,0,,,,,,,10,0,10,0,4,0,2,0,2,0,4,2,35.669154166666665,139.75698055555554,5,3,,,,
1,30,103,75,2,0,1,20070,0,101,2019,8,13,18,54,21,,,,,1,1,1,1,1,9,22,0,23,15,9,30,70,4,2,1,1,35,51,61,0,0,,,,,,,0,0,10,0,3,0,0,0,0,0,4,2,35.69843583333333,139.77137166666668,3,3,,,,
1,30,103,79,2,0,1,10050,0,101,2019,8,23,18,20,13,,,,,2,1,1,1,1,9,22,0,23,19,9,30,70,1,1,1,25,35,51,61,0,0,,,,,,,0,0,10,0,4,0,0,0,0,0,4,2,35.695699999999995,139.77584777777778,6,3,,,,
1,30,103,81,2,0,1,10050,0,101,2019,6,1,17,0,12,,,,,1,1,1,14,7,0,23,0,23,5,9,1,70,1,1,1,1,45,51,61,0,0,,,,,,,0,0,10,0,3,0,0,0,0,0,4,2,35.69562083333333,139.77790083333335,7,3,,,,
1,30,104,177,2,0,1,30000,0,102,2019,8,2,12,30,12,,,,,1,1,1,14,7,0,23,0,23,3,9,1,70,5,3,1,25,45,59,61,0,0,,,,,,,0,0,10,0,4,0,0,0,0,0,4,2,35.67603833333333,139.77176722222222,6,3,,,,
1,30,104,191,2,0,1,30000,0,102,2019,8,27,15,5,12,,,,,1,1,1,14,7,0,23,0,23,3,9,1,70,4,2,1,45,55,51,61,0,0,,,,,,,0,0,20,0,4,0,0,0,0,0,4,2,35.67840666666667,139.77685916666667,3,3,,,,
1,30,104,195,2,0,1,150,3,102,2019,8,30,14,35,12,,,,,2,1,1,14,7,0,23,0,23,5,9,1,70,4,2,1,1,75,13,61,1,0,,,,,,,4,0,20,0,4,0,2,0,2,0,4,2,35.681310555555555,139.77284861111113,6,3,,,,
1,30,105,80,2,0,1,30080,0,102,2019,8,10,20,30,22,,,,,2,1,1,1,1,9,22,0,23,17,9,30,70,4,2,1,55,25,3,61,1,0,,,,,,,2,0,80,0,3,0,2,0,1,0,4,2,35.682856944444445,139.78560777777778,7,2,,,,
1,30,105,81,2,0,1,30000,0,102,2019,8,6,15,30,12,,,,,1,1,1,14,7,0,23,0,23,1,9,1,70,4,2,1,1,25,13,61,31,0,,,,,,,10,0,10,0,4,0,2,0,2,0,4,2,35.67952472222222,139.784125,3,3,,,,
1,30,105,87,2,0,1,99000,0,102,2019,8,18,18,10,13,,,,,1,1,1,0,7,0,23,0,23,0,0,20,70,0,4,1,1,45,51,61,0,0,,,,,,,0,0,10,0,3,0,0,0,0,0,4,2,35.685074166666666,139.78753555555556,1,3,,,,
1,30,106,173,2,0,1,30000,0,102,2019,7,25,22,31,22,,,,,1,1,1,1,7,9,22,0,23,14,9,30,70,5,2,1,35,55,3,61,31,0,,,,,,,10,0,10,0,3,0,2,0,2,0,4,2,35.66752972222222,139.76172583333334,5,3,,,,
1,30,106,176,2,0,1,30000,0,102,2019,8,5,9,35,12,,,,,1,1,1,1,7,4,21,0,23,15,9,30,70,5,2,1,45,55,13,61,31,0,,,,,,,10,0,10,0,3,0,2,0,2,0,4,2,35.674585,139.76671166666668,2,3,,,,
1,30,106,177,2,0,1,95000,0,102,2019,8,3,1,10,22,,,,,1,1,1,14,7,0,23,0,23,3,9,1,70,5,3,1,55,35,3,61,1,0,,,,,,,2,0,40,0,3,0,2,0,2,0,4,2,35.66934388888889,139.76171333333335,7,3,,,,
1,30,106,179,2,0,1,20090,0,102,2019,8,10,2,50,22,,,,,1,1,1,1,1,9,22,0,23,18,9,30,70,4,2,1,65,65,3,61,1,0,,,,,,,4,0,30,0,4,0,2,0,2,0,4,2,35.66905972222222,139.75964916666666,7,2,,,,
1,30,106,180,2,0,1,10030,0,102,2019,8,11,19,35,22,,,,,1,1,1,1,1,9,22,0,23,19,9,30,70,1,1,1,35,55,13,61,31,0,,,,,,,5,0,50,0,3,0,2,0,2,0,4,2,35.670454166666666,139.76796416666667,1,1,,,,
1,30,106,191,2,0,1,10060,0,102,2019,8,25,19,3,21,,,,,2,1,1,1,1,9,22,0,23,19,9,30,70,1,2,1,75,65,3,61,1,0,,,,,,,4,0,50,0,4,0,2,0,2,0,4,2,35.67036583333333,139.7750616666667,1,3,,,,
1,30,106,197,2,0,1,10060,0,102,2019,8,31,11,15,12,,,,,1,1,1,1,1,9,22,0,23,14,9,30,70,1,2,1,35,35,3,61,31,0,,,,,,,4,0,40,0,4,0,2,0,2,0,4,2,35.67149138888889,139.77541055555557,7,3,,,,
1,30,106,198,2,0,1,10020,0,102,2019,8,27,8,20,12,,,,,2,1,1,14,7,0,23,0,23,5,8,1,70,4,2,1,35,35,51,61,0,0,,,,,,,0,0,40,0,3,0,0,0,0,0,4,2,35.66318722222222,139.7742063888889,3,3,,,,
1,30,107,64,2,0,1,10020,0,102,2019,2,2,1,30,22,,,,,1,1,1,12,7,0,23,0,23,5,9,1,70,5,1,1,45,0,61,0,0,0,,,,,,,0,0,0,0,0,0,0,0,0,0,2,0,35.662215277777776,139.7750977777778,7,3,,,,
1,30,107,66,2,0,1,30000,0,102,2019,8,6,9,0,12,,,,,1,1,1,14,7,0,23,0,23,3,9,1,70,5,3,1,55,45,51,61,0,0,,,,,,,0,0,10,0,3,0,0,0,0,0,4,2,35.666691944444445,139.7865972222222,3,3,,,,
1,30,107,69,2,0,1,10020,0,102,2019,1,16,18,20,22,,,,,1,1,1,14,7,0,23,0,23,2,9,1,70,5,2,1,1,1,51,61,0,0,,,,,,,0,0,10,0,3,0,0,0,0,0,4,2,35.660465277777774,139.77632694444446,4,3,,,,
1,30,108,167,2,0,1,30000,0,103,2019,8,28,0,5,22,,,,,3,1,2,14,7,0,23,0,23,3,9,1,70,5,2,1,1,0,61,0,0,0,,,,,,,0,0,0,0,0,0,0,0,0,0,2,0,35.663552777777774,139.75540555555557,4,3,,,,
1,30,109,124,2,0,1,10,71,103,2019,7,29,9,55,12,,,,,1,1,1,14,3,0,23,0,23,6,9,1,70,4,1,1,25,75,51,61,0,0,,,,,,,0,0,10,0,3,0,0,0,0,0,4,2,35.646832777777774,139.74011694444442,2,3,,,,
1,30,109,125,2,0,1,10,75,103,2019,8,25,11,18,12,,,,,1,1,1,14,7,0,23,0,23,2,9,1,70,1,2,1,55,75,51,61,0,0,,,,,,,0,0,10,0,3,0,0,0,0,0,4,2,35.64425305555555,139.73705416666667,1,3,,,,
1,30,109,126,2,0,1,30000,0,103,2019,8,26,8,50,12,,,,,1,1,1,1,1,9,22,0,23,11,9,30,70,4,1,1,35,45,51,61,0,0,,,,,,,0,0,10,0,4,0,0,0,0,0,4,2,35.64351416666667,139.74716444444442,2,3,,,,
1,30,109,128,2,0,1,30000,0,103,2019,8,26,11,40,12,,,,,1,1,1,14,7,0,23,0,23,1,9,1,70,4,1,1,45,35,51,61,0,0,,,,,,,0,0,10,0,4,0,0,0,0,0,2,4,35.65008888888889,139.75596027777777,2,3,,,,
1,30,110,118,2,0,1,30000,0,103,2019,8,7,9,48,12,,,,,1,1,1,14,7,0,23,0,23,2,9,1,70,5,4,1,35,1,17,61,1,0,,,,,,,10,0,30,0,3,0,2,0,2,0,4,2,35.62706361111111,139.73160055555556,4,3,,,,
1,30,110,123,2,0,1,99000,0,103,2019,6,26,18,16,13,,,,,1,1,1,0,7,0,23,0,23,0,0,20,70,0,4,1,55,55,3,61,1,0,,,,,,,10,0,40,0,4,0,2,0,2,0,4,2,35.63769388888889,139.72905805555556,4,3,,,,
1,30,110,124,2,0,1,30000,0,103,2019,8,14,8,24,12,,,,,1,1,1,14,7,0,23,0,23,4,9,1,70,4,2,1,1,0,61,0,0,0,,,,,,,0,0,0,0,0,0,0,0,0,0,2,0,35.629088611111115,139.7365422222222,4,3,,,,
1,30,110,130,2,0,1,30000,0,103,2019,8,25,9,10,12,,,,,1,1,1,1,7,9,22,0,23,14,9,30,70,5,2,1,25,25,51,61,0,0,,,,,,,0,0,10,0,3,0,0,0,0,0,4,2,35.64571083333333,139.7331575,1,3,,,,
1,30,110,133,2,0,1,20120,0,103,2019,8,30,9,30,12,,,,,3,1,2,1,1,9,22,0,23,18,9,30,70,1,1,1,65,55,14,61,1,0,,,,,,,4,0,10,0,4,0,2,0,2,0,4,2,35.64328583333333,139.7209552777778,6,3,,,,
1,30,110,134,2,0,1,10140,0,103,2019,8,24,21,50,22,,,,,1,1,1,14,7,0,23,0,23,5,9,1,70,1,1,1,1,25,51,61,0,0,,,,,,,0,0,10,0,3,0,0,0,0,0,4,2,35.63257083333333,139.7451783333333,7,3,,,,
1,30,111,242,2,0,1,95000,0,103,2019,8,3,0,10,22,,,,,1,1,1,14,7,0,23,0,23,3,9,1,70,5,3,1,75,55,3,61,1,0,,,,,,,1,0,40,0,3,0,2,0,2,0,4,2,35.663915555555555,139.73076361111112,7,3,,,,
1,30,111,259,2,0,1,10,52,103,2019,8,20,12,0,12,,,,,1,1,1,7,1,0,23,0,23,6,7,1,70,1,1,1,65,1,3,61,1,0,,,,,,,4,0,10,0,3,0,2,0,2,0,4,2,35.65987833333333,139.7429686111111,3,3,,,,
1,30,111,264,2,0,1,20170,0,103,2019,8,27,21,53,22,,,,,2,1,2,7,1,0,23,0,23,6,7,1,70,1,2,1,45,45,3,61,1,0,,,,,,,10,0,10,0,3,0,2,0,2,0,4,2,35.66061972222222,139.72622805555557,3,3,,,,
1,30,112,129,2,0,1,2460,38,103,2019,8,2,12,45,12,,,,,1,1,1,14,1,0,23,0,23,4,9,1,70,4,1,1,25,25,59,61,0,0,,,,,,,0,0,50,0,4,0,0,0,0,0,4,2,35.66298861111111,139.71079638888887,6,3,,,,
1,30,112,135,2,0,1,95000,0,103,2019,8,9,12,25,12,,,,,1,1,1,1,1,8,22,0,23,15,9,30,70,4,2,1,35,25,3,61,31,0,,,,,,,3,0,10,0,3,0,2,0,2,0,4,2,35.66244833333333,139.71696277777778,6,3,,,,
1,30,112,137,2,0,1,30000,0,103,2019,7,17,20,10,22,,,,,1,1,1,1,7,9,22,0,23,11,9,30,70,4,2,1,55,45,3,61,1,0,,,,,,,10,0,40,0,3,0,2,0,2,0,4,2,35.67114194444444,139.74143444444442,4,3,,,,
1,30,112,144,2,0,1,20000,0,103,2019,8,27,18,32,21,,,,,2,1,1,13,1,0,23,0,23,3,6,1,70,1,2,1,55,65,3,61,1,0,,,,,,,4,0,10,0,2,0,2,0,2,0,4,2,35.669804166666665,139.72371166666667,3,3,,,,
1,30,112,145,2,0,1,30000,0,103,2019,8,28,1,35,22,,,,,3,1,2,14,7,0,23,0,23,3,9,1,70,5,3,1,55,35,34,61,31,0,,,,,,,5,0,10,0,4,0,0,0,0,0,4,2,35.669825277777775,139.73465249999998,4,3,,,,
1,30,215,91,2,0,1,30000,0,109,2019,8,21,7,18,12,,,,,2,1,1,14,7,0,23,0,23,1,9,1,70,5,1,1,25,35,51,61,0,0,,,,,,,0,0,10,0,3,0,0,0,0,0,4,2,35.61246,139.7449536111111,4,3,,,,
1,30,215,92,2,0,2,10160,0,109,2019,5,12,11,40,12,,,,,1,1,1,14,7,0,23,0,23,3,9,1,70,4,2,1,45,75,3,61,1,0,,,,,,,2,0,0,0,4,0,2,0,2,0,4,2,35.616864444444445,139.73530333333332,1,3,,,,
1,30,215,94,2,0,1,10150,0,109,2019,8,8,2,0,22,,,,,1,1,1,1,1,9,22,0,23,15,9,30,70,4,2,1,75,35,3,61,1,0,,,,,,,3,0,20,0,4,0,2,0,2,0,4,2,35.625350555555556,139.72897,5,3,,,,
1,30,216,78,2,0,1,30000,0,109,2018,4,24,9,31,12,,,,,2,1,1,14,7,0,23,0,23,2,9,1,70,5,3,1,65,45,3,61,1,0,,,,,,,2,0,40,0,4,0,2,0,2,0,4,2,35.60419916666667,139.7431986111111,3,3,,,,
1,30,216,79,2,0,2,30000,0,109,2019,8,7,23,35,22,,,,,1,1,1,1,7,1,21,0,23,11,9,30,70,5,3,1,55,1,3,61,1,0,,,,,,,5,0,40,0,4,0,2,0,2,0,4,2,35.60742944444445,139.73263777777777,4,3,,,,
1,30,216,90,2,0,1,30000,0,109,2019,8,29,20,38,22,,,,,1,1,1,7,7,0,23,0,23,2,9,20,70,5,3,1,45,45,51,61,0,0,,,,,,,0,0,10,0,4,0,0,0,0,0,4,2,35.588594444444446,139.73001444444444,5,3,,,,
1,30,217,129,2,0,1,30000,0,109,2019,8,16,13,10,12,,,,,2,1,1,14,7,0,23,0,23,4,9,1,70,4,1,1,25,75,59,61,0,0,,,,,,,0,0,0,0,4,0,0,0,0,0,4,2,35.63478027777778,139.71611666666666,6,3,,,,
1,30,217,131,2,0,1,10,104,109,2019,8,26,15,15,12,,,,,2,1,1,14,7,0,23,0,23,5,8,1,70,1,2,1,45,55,51,61,0,0,,,,,,,0,0,10,0,3,0,0,0,0,0,4,2,35.62370194444444,139.72073416666666,2,3,,,,
1,30,218,143,2,0,1,30000,0,109,2019,8,10,18,0,13,,,,,1,1,1,1,7,9,22,0,23,11,9,30,70,5,3,1,1,55,51,61,0,0,,,,,,,0,0,10,0,4,0,0,0,0,0,4,2,35.61304611111111,139.7088011111111,7,2,,,,
1,30,218,144,2,0,1,10170,0,109,2019,6,18,19,15,21,,,,,1,1,1,1,1,9,22,0,23,18,9,30,70,5,1,1,35,55,51,61,0,0,,,,,,,0,0,10,0,4,0,0,0,0,0,4,2,35.61752333333333,139.71311166666666,3,3,,,,
1,30,219,304,2,0,1,150,127,111,2019,8,21,4,40,23,,,,,1,1,1,1,1,9,22,0,23,18,9,30,70,1,1,1,55,75,4,61,31,0,,,,,,,10,0,10,0,3,0,2,0,2,0,4,2,35.58128055555556,139.73641833333332,4,3,,,,
1,30,219,317,2,0,1,30000,0,111,2019,8,29,17,20,13,,,,,1,1,1,14,7,0,23,0,23,3,9,1,70,4,3,1,65,1,13,61,31,0,,,,,,,2,0,40,0,2,0,2,0,2,0,4,2,35.57047916666667,139.7235713888889,5,3,,,,
1,30,220,128,2,0,1,30000,0,111,2019,6,16,18,15,13,,,,,1,1,1,1,7,9,22,0,23,14,9,20,70,5,1,1,35,1,3,61,31,0,,,,,,,10,0,40,0,3,0,2,0,2,0,4,2,35.587206944444446,139.6871188888889,1,3,,,,
1,30,220,130,2,0,1,99000,0,111,2019,7,26,19,20,21,,,,,1,1,1,0,7,0,23,0,23,0,0,20,70,0,1,1,25,55,51,61,0,0,,,,,,,0,0,30,0,3,0,0,0,0,0,4,2,35.60727638888889,139.6853438888889,6,3,,,,
1,30,220,132,2,0,1,10190,0,111,2019,8,3,16,45,12,,,,,1,1,1,14,7,0,23,0,23,3,9,1,70,5,3,1,65,45,3,61,31,0,,,,,,,2,0,40,0,3,0,2,0,2,0,4,2,35.57786444444445,139.6789308333333,7,3,,,,
1,30,220,133,2,0,1,30000,0,111,2019,8,6,14,10,12,,,,,1,1,1,7,7,0,23,0,23,2,9,1,70,5,3,1,65,1,13,61,31,0,,,,,,,2,0,20,0,4,0,2,0,2,0,4,2,35.59907638888889,139.69215027777778,3,3,,,,
1,30,220,135,2,0,1,90000,0,111,2019,6,28,21,19,22,,,,,1,1,1,7,7,0,23,0,23,2,9,1,70,5,4,1,55,35,3,61,31,0,,,,,,,10,0,40,0,3,0,2,0,2,0,4,2,35.58584027777778,139.6807661111111,6,3,,,,