資料区分,都道府県コード,警察署等コード,本票番号,事故内容,死者数,負傷者数,路線コード,地点コード,市区町村コード,発生日時　　年,発生日時　　月,発生日時　　日,発生日時　　時,発生日時　　分,昼夜,日の出時刻　　時,日の出時刻　　分,日の入り時刻　　時,日の入り時刻　　分,天候,地形,路面状態,道路形状,信号機,一時停止規制　標識（当事者A）,一時停止規制　表示（当事者A）,一時停止規制　標識（当事者B）,一時停止規制　表示（当事者B）,車道幅員,道路線形,衝突地点,ゾーン規制,中央分離帯施設等,歩車道区分,事故類型,年齢（当事者A）,年齢（当事者B）,当事者種別（当事者A）,当事者種別（当事者B）,用途別（当事者A）,用途別（当事者B）,車両形状等（当事者A）,車両形状等（当事者B）,オートマチック車（当事者A）,オートマチック車（当事者B）,サポカー（当事者A）,サポカー（当事者B）,速度規制（指定のみ）（当事者A）,速度規制（指定のみ）（当事者B）,車両の衝突部位（当事者A）,車両の衝突部位（当事者B）,車両の損壊程度（当事者A）,車両の損壊程度（当事者B）,エアバッグの装備（当事者A）,エアバッグの装備（当事者B）,サイドエアバッグの装備（当事者A）,サイドエアバッグの装備（当事者B）,人身損傷程度（当事者A）,人身損傷程度（当事者B）,lat,lon,曜日(発生年月日),祝日(発生年月日),認知機能検査経過日数（当事者A）,認知機能検査経過日数（当事者B）,運転練習の方法（当事者A）,運転練習の方法（当事者B）
1,30,220,140,2,0,1,30000,0,111,2019,8,30,10,15,12,,,,,3,1,1,14,7,0,23,0,23,3,9,1,70,5,2,1,35,65,4,61,31,0,,,,,,,2,0,10,0,3,0,2,0,2,0,4,2,35.597726388888894,139.68409194444445,6,3,,,,
1,30,221,173,2,0,1,30000,0,111,2019,8,2,19,20,21,,,,,1,1,1,1,1,9,22,0,23,15,9,30,1,4,2,1,35,45,3,61,31,0,,,,,,,3,0,80,0,4,0,2,0,2,0,4,2,35.557180277777775,139.74737083333332,6,3,,,,
1,30,221,183,2,0,1,30000,0,111,2019,8,9,7,40,12,,,,,1,1,1,14,7,0,23,0,23,4,9,1,70,5,1,1,1,25,51,61,0,0,,,,,,,0,0,21,0,4,0,0,0,0,0,4,2,35.56246972222222,139.71525388888887,6,3,,,,
1,30,222,164,2,0,2,10,145,111,2019,8,9,21,25,22,,,,,1,1,1,14,7,0,23,0,23,6,9,1,70,1,2,1,1,45,35,61,31,0,,,,,,,5,0,10,0,3,0,0,0,0,0,2,2,35.588101944444446,139.706965,6,3,,,,
1,30,222,167,2,0,1,95000,0,111,2019,8,3,8,10,12,,,,,1,1,1,14,1,0,23,0,23,3,9,20,70,5,2,1,1,35,36,61,31,0,,,,,,,2,0,10,0,3,0,0,0,0,0,4,2,35.58705055555556,139.70592027777778,7,3,,,,
1,30,222,175,2,0,1,30000,0,111,2019,7,29,6,22,12,,,,,1,1,1,14,7,0,23,0,23,1,9,1,70,5,3,1,45,35,3,61,31,0,,,,,,,2,0,40,0,4,0,2,0,2,0,4,2,35.576841111111115,139.71525083333333,2,3,,,,
1,30,222,176,2,0,1,30000,0,111,2019,8,24,19,50,22,,,,,1,1,1,1,7,1,21,0,23,15,9,30,70,4,3,1,35,45,14,61,31,0,,,,,,,5,0,10,0,3,0,2,0,2,0,4,2,35.56553361111111,139.68575972222223,7,3,,,,
1,30,325,289,1,1,0,10130,0,112,2019,8,2,15,20,12,,,,,1,1,1,14,7,0,23,0,23,4,9,1,70,1,1,1,1,55,17,61,31,0,,,,,,,4,0,88,0,3,0,2,0,2,0,4,1,35.6290925,139.67374999999998,6,3,,,,
1,30,325,291,2,0,1,2460,87,112,2019,8,4,11,40,12,,,,,1,1,1,1,1,9,22,0,23,17,9,30,70,1,2,1,25,75,51,61,0,0,,,,,,,0,0,10,0,4,0,0,0,0,0,4,2,35.63878111111111,139.66727805555556,1,3,,,,
1,30,325,295,2,0,1,30000,0,112,2019,8,9,19,10,21,,,,,1,1,1,1,1,1,21,0,23,14,9,30,70,4,2,1,45,75,17,61,1,0,,,,,,,3,0,20,0,3,0,2,0,2,0,4,2,35.644775277777775,139.62845972222223,6,3,,,,
1,30,325,297,2,0,1,2460,81,112,2019,8,1,9,24,12,,,,,1,1,1,14,7,0,23,0,23,1,9,1,70,1,1,1,45,55,51,61,0,0,,,,,,,0,0,10,0,3,0,0,0,0,0,4,2,35.64345138888889,139.67135138888887,5,3,,,,
1,30,325,306,2,0,1,10210,0,112,2019,8,17,23,50,22,,,,,1,1,1,14,7,0,23,0,23,2,9,1,70,4,1,1,45,25,3,61,31,0,,,,,,,3,0,10,0,3,0,2,0,2,0,4,2,35.643095277777775,139.6670397222222,7,3,,,,
1,30,326,224,2,0,1,30000,0,112,2019,8,1,10,44,12,,,,,1,1,1,14,7,0,23,0,23,2,9,1,70,5,4,1,65,45,3,61,31,0,,,,,,,10,0,10,0,3,0,2,0,2,0,4,2,35.66580083333333,139.63646694444444,5,3,,,,
1,30,326,228,2,0,1,30000,0,112,2019,8,3,11,52,12,,,,,1,1,1,14,7,0,23,0,23,2,9,20,70,5,3,1,1,35,3,61,31,0,,,,,,,2,0,40,0,3,0,2,0,2,0,4,2,35.65249361111111,139.64678999999998,7,3,,,,
1,30,326,234,2,0,1,30000,0,112,2019,8,3,12,0,12,,,,,1,1,1,14,7,0,23,0,23,2,9,1,70,1,3,1,25,35,3,61,31,0,,,,,,,2,0,40,0,3,0,2,0,2,0,4,2,35.651468333333334,139.65857194444445,7,3,,,,
1,30,326,243,2,0,1,30000,0,112,2019,5,1,15,55,12,,,,,3,1,1,14,7,0,23,0,23,2,9,1,70,5,3,1,75,1,3,61,31,0,,,,,,,2,0,40,0,4,0,2,0,2,0,4,2,35.66260361111111,139.66575972222222,4,1,,,,
1,30,326,247,2,0,1,30000,0,112,2019,7,7,14,40,12,,,,,3,1,2,14,7,0,23,0,23,1,9,1,70,5,3,1,55,25,3,61,1,0,,,,,,,10,0,10,0,4,0,2,0,2,0,4,2,35.648943055555556,139.63635555555555,1,3,,,,
1,30,326,260,2,0,1,30000,0,112,2019,8,25,10,40,12,,,,,1,1,1,14,7,0,23,0,23,2,9,1,70,5,3,1,55,25,3,61,31,0,,,,,,,10,0,40,0,3,0,2,0,2,0,4,2,35.65126111111111,139.64611027777778,1,3,,,,
1,30,326,261,2,0,1,30000,0,112,2019,8,25,19,0,21,,,,,1,1,1,14,7,0,23,0,23,2,9,1,70,5,3,1,25,1,51,61,0,0,,,,,,,0,0,10,0,4,0,0,0,0,0,4,2,35.65982694444444,139.66736305555554,1,3,,,,
1,30,326,262,2,0,1,30000,0,112,2019,7,19,8,0,12,,,,,3,1,2,14,7,0,23,0,23,2,9,1,70,5,3,1,45,35,51,61,0,0,,,,,,,0,0,10,0,4,0,0,0,0,0,4,2,35.65520333333333,139.63698499999998,6,3,,,,
1,30,326,269,2,0,1,30000,0,112,2019,8,13,5,5,11,,,,,1,1,1,1,7,1,21,0,23,11,9,30,70,5,2,1,55,25,3,61,1,0,,,,,,,2,0,10,0,3,0,2,0,2,0,4,2,35.65911333333333,139.66747805555553,3,3,,,,
1,30,327,333,2,0,1,30000,0,112,2019,8,2,12,20,12,,,,,1,1,1,7,7,0,23,0,23,3,9,1,70,5,3,1,55,55,13,61,31,0,,,,,,,10,0,10,0,4,0,2,0,2,0,4,2,35.62229055555556,139.626465,6,3,,,,
1,30,327,338,2,0,1,30000,0,112,2019,8,5,7,50,12,,,,,1,1,1,7,7,0,23,0,23,3,9,1,70,5,3,1,65,35,3,61,1,0,,,,,,,5,0,40,0,4,0,2,0,2,0,4,2,35.60879083333334,139.65631027777778,2,3,,,,
1,30,327,345,2,0,1,20210,0,112,2019,8,20,12,55,12,,,,,2,1,1,7,7,0,23,0,23,3,8,1,70,4,2,1,55,1,4,61,31,0,,,,,,,2,0,20,0,4,0,2,0,2,0,4,2,35.6034,139.67192944444443,3,3,,,,
1,30,327,360,2,0,1,30000,0,112,2019,8,31,17,18,13,,,,,1,1,1,1,7,9,22,0,23,15,9,30,70,5,3,1,1,35,4,61,31,0,,,,,,,5,0,10,0,2,0,2,0,2,0,4,2,35.61311861111111,139.6280052777778,7,3,,,,
1,30,328,350,2,0,2,10210,0,112,2019,7,30,9,0,12,,,,,1,1,1,14,7,0,23,0,23,4,9,1,70,4,1,1,45,45,33,61,31,0,,,,,,,3,0,10,0,3,0,0,0,0,0,2,2,35.6355325,139.61730222222224,3,3,,,,
1,30,328,360,2,0,1,30000,0,115,2019,8,7,12,45,12,,,,,1,1,1,1,1,9,22,0,23,14,9,30,70,4,1,1,35,55,3,61,31,0,,,,,,,3,0,10,0,3,0,2,0,2,0,4,2,35.671754166666666,139.60897916666667,4,3,,,,
1,30,328,363,2,0,1,20220,0,112,2019,8,9,11,55,12,,,,,1,1,1,14,7,0,23,0,23,2,9,1,70,5,3,1,55,45,3,61,31,0,,,,,,,2,0,40,0,4,0,2,0,2,0,4,2,35.66610861111111,139.6314838888889,6,3,,,,
1,30,328,365,2,0,1,30000,0,112,2019,7,23,21,20,22,,,,,2,1,1,1,7,9,22,0,23,11,9,30,70,5,4,1,55,35,3,61,31,0,,,,,,,10,0,40,0,3,0,2,0,2,0,4,2,35.66148444444444,139.63440472222223,3,3,,,,
1,30,328,373,2,0,1,20220,0,112,2019,7,12,20,15,22,,,,,1,1,1,14,7,0,23,0,23,1,9,1,1,5,2,1,1,35,51,61,0,0,,,,,,,0,0,10,0,3,0,0,0,0,0,4,2,35.62264722222222,139.60650444444443,6,3,,,,
1,30,328,376,2,0,1,10200,0,112,2019,8,20,0,40,22,,,,,3,1,2,1,1,9,22,0,23,18,9,30,70,4,1,1,65,25,3,61,1,0,,,,,,,4,0,10,0,3,0,2,0,2,0,4,2,35.64549777777778,139.61803222222224,3,3,,,,
1,30,329,129,2,0,1,30000,0,110,2019,8,1,8,44,12,,,,,1,1,1,7,1,0,23,0,23,3,9,1,70,5,3,1,55,55,3,61,31,0,,,,,,,2,0,40,0,4,0,2,0,2,0,4,2,35.63247166666667,139.69184166666668,5,3,,,,
1,30,329,133,2,0,1,10160,0,110,2019,8,9,9,25,12,,,,,1,1,1,1,1,9,22,0,23,19,9,30,70,1,1,1,35,35,3,61,31,0,,,,,,,5,0,50,0,3,0,2,0,2,0,4,2,35.62895972222222,139.7111186111111,6,3,,,,
1,30,329,137,2,0,1,30000,0,110,2019,8,10,0,5,22,,,,,1,1,1,1,7,1,21,0,23,15,9,20,70,5,3,1,45,45,3,61,1,0,,,,,,,2,0,0,0,4,0,2,0,2,0,4,2,35.63751638888889,139.6916425,7,2,,,,
1,30,329,141,2,0,1,30000,0,110,2019,8,21,18,55,21,,,,,1,1,1,14,7,0,23,0,23,1,9,20,70,5,3,1,65,55,3,61,31,0,,,,,,,10,0,20,0,3,0,2,0,2,0,4,2,35.64009388888889,139.69589194444444,4,3,,,,
1,30,330,137,2,0,1,10080,0,110,2019,8,10,11,10,12,,,,,1,1,1,14,7,0,23,0,23,4,9,1,70,5,3,1,35,25,3,61,31,0,,,,,,,2,0,40,0,3,0,2,0,2,0,4,2,35.62882888888889,139.68686694444446,7,2,,,,
1,30,330,141,2,0,1,30000,0,110,2019,8,10,5,30,11,,,,,1,1,1,14,7,0,23,0,23,1,9,20,70,5,4,1,1,75,36,61,31,0,,,,,,,2,0,10,0,3,0,0,0,0,0,4,2,35.62855861111111,139.69355833333333,7,2,,,,
1,30,330,151,2,0,1,30000,0,110,2019,8,26,9,3,12,,,,,2,1,1,14,7,0,23,0,23,1,9,20,70,5,3,1,55,35,17,61,1,0,,,,,,,10,0,80,0,3,0,2,0,2,0,4,2,35.628926944444444,139.6871786111111,2,3,,,,
1,30,330,153,2,0,1,30000,0,110,2019,8,5,12,4,12,,,,,1,1,1,7,7,0,23,0,23,2,9,1,70,5,3,1,1,55,3,61,31,0,,,,,,,10,0,80,0,3,0,2,0,2,0,4,2,35.60857611111111,139.66919638888888,2,3,,,,
1,30,330,160,2,0,1,30000,0,110,2019,8,21,10,30,12,,,,,2,1,1,14,7,0,23,0,23,1,9,20,70,5,4,1,65,55,36,61,31,0,,,,,,,2,0,10,0,3,0,0,0,0,0,4,2,35.60761611111111,139.6678536111111,4,3,,,,
1,30,330,166,2,0,1,30000,0,110,2019,8,9,18,40,21,,,,,1,1,1,14,7,0,23,0,23,1,9,1,70,5,3,1,45,75,3,61,31,0,,,,,,,5,0,20,0,3,0,2,0,2,0,4,2,35.621694166666664,139.68526222222224,6,3,,,,
1,30,331,99,2,0,1,10090,0,113,2019,8,3,16,43,12,,,,,1,1,1,1,1,9,22,0,23,15,9,30,70,1,2,1,35,55,3,61,1,0,,,,,,,4,0,10,0,3,0,2,0,2,0,4,2,35.65143805555555,139.7090313888889,7,3,,,,
1,30,331,101,2,0,2,30000,0,113,2019,8,9,12,58,12,,,,,1,1,1,1,7,9,22,0,23,15,7,30,70,4,3,1,75,25,3,61,31,0,,,,,,,2,0,10,0,2,0,2,0,2,0,4,2,35.65654833333333,139.7016261111111,6,3,,,,
1,30,331,102,2,0,1,30000,0,113,2019,7,25,17,40,12,,,,,1,1,1,7,7,0,23,0,23,2,9,1,70,5,3,1,65,45,14,61,31,0,,,,,,,5,0,80,0,4,0,2,0,2,0,4,2,35.64740527777778,139.70821055555555,5,3,,,,
1,30,331,107,2,0,1,30000,0,113,2019,8,18,7,30,12,,,,,1,1,1,14,7,0,23,0,23,2,7,1,70,5,3,1,45,25,12,61,31,0,,,,,,,10,0,80,0,4,0,2,0,2,0,4,2,35.65916222222222,139.69545833333333,1,3,,,,
1,30,332,67,2,0,1,30000,0,113,2019,8,3,18,23,13,,,,,1,1,1,1,1,9,22,0,23,11,9,30,70,4,1,1,75,45,3,61,1,0,,,,,,,2,0,10,0,4,0,2,0,2,0,4,2,35.67902333333333,139.71061194444442,7,3,,,,
1,30,332,71,2,0,1,30000,0,113,2019,7,12,10,55,12,,,,,3,1,2,14,7,0,23,0,23,2,9,1,70,5,3,1,35,25,3,61,31,0,,,,,,,10,0,40,0,4,0,2,0,2,0,4,2,35.66811777777777,139.71085083333332,6,3,,,,
1,30,333,153,2,0,1,30000,0,113,2019,8,10,15,40,12,,,,,1,1,1,14,7,0,23,0,23,5,8,1,70,4,1,1,1,1,51,61,0,0,,,,,,,0,0,0,0,4,0,0,0,0,0,4,2,35.66722583333333,139.70171333333332,7,2,,,,
1,30,333,156,2,0,1,200,111,113,2019,8,16,12,8,12,,,,,2,1,1,14,7,0,23,0,23,6,9,1,70,1,2,1,75,75,51,61,0,0,,,,,,,0,0,20,0,3,0,0,0,0,0,4,2,35.677235277777775,139.67616777777778,6,3,,,,
1,30,436,168,1,1,0,20000,0,104,2019,6,26,1,52,22,,,,,1,1,1,14,7,0,23,0,23,5,8,1,70,1,2,1,55,35,11,61,31,0,,,,,,,10,0,10,0,4,0,2,0,2,0,4,1,35.68680555555555,139.691515,4,3,,,,
1,30,436,172,2,0,1,30000,0,104,2019,8,3,3,10,22,,,,,1,1,1,7,7,0,23,0,23,3,9,1,70,5,4,1,65,1,3,61,1,0,,,,,,,10,0,40,0,3,0,2,0,2,0,4,2,35.69611111111111,139.70267222222222,7,3,,,,
1,30,436,173,2,0,1,30290,0,104,2019,7,8,8,45,12,,,,,2,1,1,14,7,0,23,0,23,4,9,20,70,4,1,1,35,1,3,61,31,0,,,,,,,3,0,10,0,3,0,2,0,2,0,4,2,35.69836083333333,139.69727305555557,2,3,,,,
1,30,436,175,2,0,1,30000,0,104,2019,8,8,16,17,12,,,,,1,1,1,14,7,0,23,0,23,2,9,1,70,5,4,1,35,45,14,61,1,0,,,,,,,5,0,20,0,3,0,2,0,2,0,4,2,35.694627499999996,139.69612694444444,5,3,,,,
1,30,437,62,2,0,1,30000,0,104,2019,8,5,11,0,12,,,,,2,1,1,14,7,0,23,0,23,3,9,1,70,4,1,1,75,35,4,61,31,0,,,,,,,5,0,10,0,3,0,2,0,2,0,4,2,35.71445722222222,139.69255055555556,2,3,,,,
1,30,438,101,2,0,1,200,61,104,2019,7,10,3,5,22,,,,,2,1,1,1,1,9,22,0,23,15,9,30,70,1,1,1,65,45,3,61,1,0,,,,,,,5,0,10,0,1,0,2,0,2,0,4,2,35.687216666666664,139.725795,4,3,,,,
1,30,438,105,2,0,1,30000,0,104,2019,8,6,19,38,21,,,,,1,1,1,14,7,0,23,0,23,3,9,1,70,5,2,1,35,75,3,61,31,0,,,,,,,5,0,10,0,3,0,2,0,2,0,4,2,35.68053333333333,139.71974555555556,3,3,,,,
1,30,438,114,2,0,1,10120,0,104,2019,8,23,4,5,22,,,,,1,1,2,1,1,9,22,0,23,14,9,30,70,1,2,1,45,35,3,61,1,0,,,,,,,4,0,15,0,3,0,2,0,2,0,4,2,35.68065333333333,139.7193475,6,3,,,,
1,30,438,115,2,0,1,10050,0,104,2019,8,24,7,4,12,,,,,1,1,1,14,7,0,23,0,23,3,9,1,70,5,2,1,1,45,51,61,0,0,,,,,,,0,0,10,0,3,0,0,0,0,0,4,2,35.69133833333333,139.71095777777776,7,3,,,,
1,30,438,118,2,0,1,21030,0,104,2019,8,31,1,45,22,,,,,2,1,1,14,1,0,23,0,23,6,9,1,70,1,2,1,55,25,3,61,1,0,,,,,,,5,0,10,0,3,0,2,0,2,0,4,2,35.68783027777778,139.7192327777778,7,3,,,,
1,30,439,203,2,0,1,10240,0,114,2019,8,5,16,57,12,,,,,1,1,1,7,7,0,23,0,23,5,9,1,70,4,1,1,45,75,14,61,31,0,,,,,,,10,0,10,0,3,0,2,0,2,0,4,2,35.69736666666666,139.66638666666668,2,3,,,,
1,30,439,205,2,0,1,10160,0,114,2019,8,7,10,55,12,,,,,1,1,1,14,7,0,23,0,23,6,7,1,70,1,1,1,1,55,51,61,0,0,,,,,,,0,0,10,0,3,0,0,0,0,0,4,2,35.69940111111111,139.68277805555556,4,3,,,,
1,30,439,207,2,0,1,30000,0,114,2019,7,15,14,57,12,,,,,2,1,1,7,7,0,23,0,23,3,9,1,70,4,1,1,65,35,4,61,31,0,,,,,,,2,0,10,0,4,0,2,0,2,0,4,2,35.70641611111111,139.66578055555556,2,1,,,,
1,30,439,209,2,0,1,10240,0,114,2019,8,10,18,0,13,,,,,1,1,1,1,1,1,21,0,23,17,7,30,70,1,1,1,65,75,14,61,31,0,,,,,,,5,0,10,0,3,0,2,0,2,0,4,2,35.696552777777775,139.68449611111112,7,2,,,,
1,30,439,210,2,0,1,20280,0,114,2019,8,12,14,45,12,,,,,2,1,1,1,1,9,22,0,23,14,9,30,70,4,2,1,25,65,52,61,0,0,,,,,,,0,0,10,0,3,0,0,0,0,0,4,2,35.70411055555556,139.66558138888888,2,1,,,,
1,30,439,212,2,0,1,99000,0,114,2019,8,16,15,58,12,,,,,1,1,1,0,7,0,23,0,23,0,0,20,70,0,3,1,55,55,3,61,31,0,,,,,,,2,0,30,0,2,0,2,0,2,0,4,2,35.691381944444444,139.66866944444445,6,3,,,,
1,30,439,213,2,0,1,30000,0,114,2019,8,16,16,50,12,,,,,1,1,1,14,7,0,23,0,23,2,9,1,70,5,3,1,1,75,51,61,0,0,,,,,,,0,0,10,0,3,0,0,0,0,0,4,2,35.68351194444444,139.6690086111111,6,3,,,,
1,30,439,220,2,0,1,10240,0,114,2019,8,25,22,32,22,,,,,1,1,1,1,1,9,22,0,23,17,7,30,70,1,1,1,55,75,3,61,1,0,,,,,,,10,0,10,0,3,0,2,0,2,0,4,2,35.696614999999994,139.68452166666668,1,3,,,,
1,30,439,222,2,0,1,10220,0,114,2019,6,21,22,30,22,,,,,1,1,1,7,7,0,23,0,23,4,9,1,70,4,1,1,25,45,3,61,31,0,,,,,,,3,0,20,0,4,0,2,0,2,0,4,2,35.709831388888894,139.66836333333333,6,3,,,,
1,30,439,223,2,0,1,30300,0,114,2019,8,26,18,45,21,,,,,1,1,1,14,7,0,23,0,23,4,9,1,70,5,2,1,65,55,3,61,1,0,,,,,,,10,0,10,0,3,0,2,0,2,0,4,2,35.69089361111111,139.66853916666665,2,3,,,,
1,30,440,206,2,0,1,30000,0,114,2019,8,24,10,35,12,,,,,1,1,1,1,7,9,22,0,23,15,9,30,70,4,3,1,45,1,34,61,31,0,,,,,,,2,0,10,0,3,0,0,0,0,0,4,2,35.71454083333334,139.6774536111111,7,3,,,,
1,30,440,210,2,0,1,30000,0,114,2019,8,27,11,30,12,,,,,1,1,1,1,7,9,22,0,23,11,9,30,70,5,3,1,65,55,51,61,0,0,,,,,,,0,0,20,0,4,0,0,0,0,0,2,4,35.712764166666666,139.66711388888888,3,3,,,,
1,30,441,209,2,0,1,10240,0,115,2019,7,31,9,55,12,,,,,1,1,1,1,1,9,22,0,23,17,9,30,70,4,2,1,45,1,51,61,0,0,,,,,,,0,0,12,0,3,0,0,0,0,0,4,2,35.70277027777778,139.62812694444446,4,3,,,,
1,30,441,211,2,0,1,30000,0,115,2019,8,2,9,34,12,,,,,1,1,1,14,7,0,23,0,23,2,9,1,70,5,4,1,65,45,3,61,31,0,,,,,,,1,0,40,0,3,0,2,0,2,0,4,2,35.70548333333333,139.63860472222223,6,3,,,,
1,30,441,219,2,0,1,30000,0,115,2019,8,10,11,55,12,,,,,1,1,1,14,7,0,23,0,23,3,9,1,70,5,2,1,25,35,51,61,0,0,,,,,,,0,0,20,0,4,0,0,0,0,0,4,2,35.70401888888889,139.63696194444444,7,2,,,,
1,30,442,243,2,0,1,20270,0,115,2019,8,9,17,40,13,,,,,1,1,1,14,1,0,23,0,23,4,9,20,70,4,2,1,35,75,3,61,31,0,,,,,,,3,0,10,0,3,0,2,0,2,0,4,2,35.68693944444444,139.6211661111111,6,3,,,,
1,30,442,254,2,0,1,30000,0,115,2019,8,19,9,50,12,,,,,1,1,1,14,7,0,23,0,23,3,9,1,70,5,3,1,25,1,35,61,31,0,,,,,,,10,0,10,0,4,0,0,0,0,0,4,2,35.684752777777774,139.5985941666667,2,3,,,,
1,30,442,260,2,0,1,30000,0,115,2019,6,10,14,5,12,,,,,3,1,2,14,7,0,23,0,23,2,9,20,70,5,3,1,45,45,1,61,1,0,,,,,,,2,0,40,0,3,0,2,0,2,0,4,2,35.679316666666665,139.64569277777778,2,3,,,,
1,30,442,263,2,0,1,30000,0,115,2019,8,31,18,30,21,,,,,1,1,1,1,7,9,22,0,23,14,9,30,70,5,3,1,35,65,3,61,31,0,,,,,,,1,0,10,0,3,0,2,0,2,0,4,2,35.68340694444444,139.61028055555556,7,3,,,,
1,30,442,266,2,0,1,30000,0,115,2019,8,28,9,15,12,,,,,1,1,1,1,7,9,22,0,23,11,9,30,70,5,3,1,35,25,51,61,0,0,,,,,,,0,0,10,0,3,0,0,0,0,0,4,2,35.70285944444445,139.59981027777778,4,3,,,,
1,30,442,267,2,0,1,10270,0,115,2019,7,23,15,45,12,,,,,1,1,1,14,7,0,23,0,23,1,9,1,70,4,1,1,55,45,1,61,1,0,,,,,,,2,0,0,0,4,0,2,0,2,0,4,2,35.68727805555555,139.59769500000002,3,3,,,,
1,30,442,268,2,0,1,30000,0,115,2019,8,24,9,38,12,,,,,1,1,1,14,7,0,23,0,23,2,9,1,70,5,3,1,55,55,3,61,31,0,,,,,,,1,0,40,0,3,0,2,0,2,0,4,2,35.68962916666666,139.60877527777777,7,3,,,,
1,30,443,188,2,0,2,10240,0,115,2019,8,11,18,15,13,,,,,1,1,1,14,7,0,23,0,23,5,9,1,70,4,2,1,1,75,51,61,0,0,,,,,,,0,0,40,0,4,0,0,0,0,0,2,2,35.70526416666667,139.62182444444446,1,1,,,,
1,30,443,194,2,0,1,30000,0,115,2019,8,19,16,30,12,,,,,1,1,1,7,7,0,23,0,23,3,9,1,70,5,3,1,75,1,51,61,0,0,,,,,,,0,0,10,0,4,0,0,0,0,0,4,2,35.69634305555555,139.61255472222223,2,3,,,,
1,30,443,197,2,0,1,20350,0,115,2019,8,24,17,15,12,,,,,1,1,1,1,7,9,22,0,23,15,9,30,70,4,1,1,35,1,13,61,31,0,,,,,,,3,0,10,0,3,0,2,0,2,0,4,2,35.72792861111111,139.61864527777777,7,3,,,,
1,30,545,80,2,0,1,20090,0,105,2019,8,10,16,15,12,,,,,1,1,1,1,1,9,22,0,23,15,9,30,70,1,1,1,45,55,34,61,31,0,,,,,,,5,0,10,0,3,0,0,0,0,0,4,2,35.70310194444445,139.7517275,7,2,,,,
1,30,546,62,2,0,1,30000,0,105,2019,6,28,9,50,12,,,,,1,1,2,14,7,0,23,0,23,2,9,1,70,5,4,1,25,75,51,61,0,0,,,,,,,0,0,10,0,3,0,0,0,0,0,4,2,35.72284333333334,139.73394249999998,6,3,,,,
1,30,546,72,2,0,1,30000,0,105,2019,8,28,13,30,12,,,,,3,1,2,1,1,9,22,0,23,15,9,30,70,4,1,1,55,1,3,61,31,0,,,,,,,10,0,10,0,4,0,2,0,2,0,4,2,35.710103888888895,139.7352872222222,4,3,,,,
1,30,547,42,2,0,1,20400,0,105,2019,8,7,15,27,12,,,,,1,1,1,14,7,0,23,0,23,3,9,20,70,1,2,1,25,45,14,61,1,0,,,,,,,4,0,10,0,4,0,2,0,2,0,4,2,35.70618,139.76066805555556,4,3,,,,
1,30,547,48,2,0,1,30000,0,105,2019,8,15,5,45,11,,,,,2,1,1,14,7,0,23,0,23,2,9,1,70,1,2,1,55,55,17,61,1,0,,,,,,,10,0,10,0,2,0,2,0,2,0,4,2,35.699846666666666,139.7656175,5,3,,,,
1,30,547,52,2,0,1,30000,0,105,2019,8,27,10,31,12,,,,,3,1,1,1,7,9,22,0,23,11,9,30,70,4,2,1,65,1,3,61,1,0,,,,,,,2,0,10,0,3,0,2,0,2,0,4,2,35.70551722222223,139.76389972222222,3,3,,,,
1,30,548,61,2,0,1,20370,0,105,2019,8,16,6,5,12,,,,,2,1,2,14,1,0,23,0,23,4,9,1,70,4,1,1,65,25,3,61,1,0,,,,,,,3,0,10,0,2,0,2,0,2,0,4,2,35.73341611111111,139.7526263888889,6,3,,,,
1,30,548,63,2,0,1,30000,0,105,2019,8,30,17,30,13,,,,,3,1,2,14,7,0,23,0,23,4,9,1,70,4,1,1,45,45,14,61,31,0,,,,,,,3,0,40,0,3,0,2,0,2,0,4,2,35.72591083333334,139.74819027777775,6,3,,,,
1,30,550,135,2,0,1,30000,0,116,2019,7,16,21,23,22,,,,,2,1,1,1,1,9,22,0,23,17,9,30,70,3,1,1,55,35,51,61,0,0,,,,,,,0,0,10,0,3,0,0,0,0,0,4,2,35.73191833333333,139.7059997222222,3,3,,,,
1,30,550,140,2,0,1,30000,0,116,2019,8,6,9,15,12,,,,,1,1,1,14,7,0,23,0,23,3,9,1,70,4,2,1,35,25,3,61,31,0,,,,,,,10,0,10,0,3,0,2,0,2,0,4,2,35.73305972222222,139.7095511111111,3,3,,,,
1,30,550,147,2,0,1,30000,0,116,2019,8,2,11,5,12,,,,,1,1,1,14,7,0,23,0,23,3,9,1,70,5,3,1,25,75,51,61,0,0,,,,,,,0,0,10,0,3,0,0,0,0,0,4,2,35.73317388888889,139.70287527777776,6,3,,,,
1,30,550,148,2,0,1,30000,0,116,2019,8,24,20,30,22,,,,,1,1,1,1,1,9,22,0,23,14,9,30,70,4,1,1,25,55,51,61,0,0,,,,,,,0,0,10,0,3,0,0,0,0,0,4,2,35.73476638888889,139.7072636111111,7,3,,,,
1,30,550,150,2,0,1,30000,0,116,2019,8,20,16,46,12,,,,,2,1,2,1,1,0,23,0,23,15,9,30,70,4,1,1,1,0,61,0,0,0,,,,,,,0,0,0,0,0,0,0,0,0,0,2,0,35.7325025,139.71193444444444,3,3,,,,