資料区分,都道府県コード,警察署等コード,本票番号,事故内容,死者数,負傷者数,路線コード,地点コード,市区町村コード,発生日時　　年,発生日時　　月,発生日時　　日,発生日時　　時,発生日時　　分,昼夜,日の出時刻　　時,日の出時刻　　分,日の入り時刻　　時,日の入り時刻　　分,天候,地形,路面状態,道路形状,信号機,一時停止規制　標識（当事者A）,一時停止規制　表示（当事者A）,一時停止規制　標識（当事者B）,一時停止規制　表示（当事者B）,車道幅員,道路線形,衝突地点,ゾーン規制,中央分離帯施設等,歩車道区分,事故類型,年齢（当事者A）,年齢（当事者B）,当事者種別（当事者A）,当事者種別（当事者B）,用途別（当事者A）,用途別（当事者B）,車両形状等（当事者A）,車両形状等（当事者B）,オートマチック車（当事者A）,オートマチック車（当事者B）,サポカー（当事者A）,サポカー（当事者B）,速度規制（指定のみ）（当事者A）,速度規制（指定のみ）（当事者B）,車両の衝突部位（当事者A）,車両の衝突部位（当事者B）,車両の損壊程度（当事者A）,車両の損壊程度（当事者B）,エアバッグの装備（当事者A）,エアバッグの装備（当事者B）,サイドエアバッグの装備（当事者A）,サイドエアバッグの装備（当事者B）,人身損傷程度（当事者A）,人身損傷程度（当事者B）,lat,lon,曜日(発生年月日),祝日(発生年月日),認知機能検査経過日数（当事者A）,認知機能検査経過日数（当事者B）,運転練習の方法（当事者A）,運転練習の方法（当事者B）
1,30,550,153,2,0,1,30000,0,116,2019,8,29,8,50,12,,,,,1,1,1,14,7,0,23,0,23,3,9,1,70,5,3,1,1,55,13,61,31,0,,,,,,,10,0,20,0,3,0,2,0,2,0,4,2,35.73510666666667,139.70808027777775,5,3,,,,
1,30,551,108,2,0,1,10010,0,116,2019,7,18,8,50,12,,,,,2,1,1,14,7,0,23,0,23,5,9,1,70,4,1,1,35,25,52,61,0,0,,,,,,,0,0,10,0,4,0,0,0,0,0,4,2,35.72189222222222,139.70592444444443,5,3,,,,
1,30,552,105,1,1,0,10090,0,117,2019,8,28,2,4,22,,,,,2,1,2,1,1,9,22,0,23,17,9,20,70,4,2,1,65,75,3,61,1,0,,,,,,,4,0,10,0,3,0,2,0,2,0,4,1,35.74713111111111,139.75460361111112,4,3,,,,
1,30,552,117,2,0,1,20000,0,117,2019,8,28,4,40,23,,,,,3,1,2,1,1,9,22,0,23,14,9,30,70,4,1,1,65,35,3,61,1,0,,,,,,,3,0,10,0,3,0,2,0,2,0,4,2,35.7352875,139.75925361111112,4,3,,,,
1,30,553,76,2,0,2,10130,0,117,2019,8,30,19,25,22,,,,,1,1,1,1,1,9,22,0,23,18,9,30,70,1,1,1,1,45,36,61,31,0,,,,,,,2,0,10,0,3,0,0,0,0,0,2,2,35.76809861111111,139.72932305555557,6,3,,,,
1,30,554,107,2,0,1,30000,0,117,2019,8,7,16,15,12,,,,,1,1,1,14,7,0,23,0,23,2,9,1,70,5,2,1,45,65,51,61,0,0,,,,,,,0,0,10,0,3,0,0,0,0,0,4,2,35.77934527777778,139.72336416666667,4,3,,,,
1,30,554,109,2,0,1,1220,0,117,2019,3,7,7,45,12,,,,,3,1,2,1,1,9,22,0,23,18,9,20,70,1,2,1,25,55,51,61,0,0,,,,,,,0,0,10,0,4,0,0,0,0,0,4,2,35.76950361111111,139.7345547222222,5,3,,,,
1,30,554,111,2,0,1,30000,0,117,2019,8,19,8,5,12,,,,,1,1,1,1,7,9,22,0,23,14,9,30,70,5,3,1,75,35,35,61,31,0,,,,,,,10,0,10,0,3,0,0,0,0,0,4,2,35.76764194444444,139.73415666666665,2,3,,,,
1,30,554,116,2,0,1,30370,0,117,2019,8,26,16,45,12,,,,,2,1,1,1,1,9,22,0,23,15,9,30,70,4,1,1,1,65,51,61,0,0,,,,,,,0,0,10,0,4,0,0,0,0,0,4,2,35.77341638888889,139.72442388888888,2,3,,,,
1,30,555,260,2,0,2,10130,0,119,2019,1,7,21,0,22,,,,,1,1,1,7,1,0,23,0,23,6,9,20,70,1,1,1,1,65,35,61,31,0,,,,,,,4,0,10,0,3,0,0,0,0,0,2,2,35.75288,139.68485666666666,2,3,,,,
1,30,555,261,2,0,1,20000,0,119,2019,8,1,9,5,12,,,,,1,1,1,14,7,0,23,0,23,2,9,1,70,5,3,1,45,55,13,61,31,0,,,,,,,10,0,30,0,4,0,2,0,2,0,4,2,35.7522525,139.71091583333333,5,3,,,,
1,30,555,263,2,0,1,30000,0,119,2019,8,2,15,3,12,,,,,1,1,1,1,1,9,22,0,23,15,9,30,70,4,3,1,65,75,3,61,31,0,,,,,,,10,0,10,0,3,0,2,0,2,0,4,2,35.7529975,139.68350222222222,6,3,,,,
1,30,555,268,2,0,1,2540,89,119,2019,5,12,23,20,22,,,,,1,1,1,1,1,9,22,0,23,18,9,30,70,1,1,1,45,75,34,61,31,0,,,,,,,10,0,10,0,3,0,0,0,0,0,4,2,35.7559975,139.68672555555557,1,3,,,,
1,30,555,275,2,0,1,30000,0,119,2019,5,19,18,39,13,,,,,2,1,1,14,7,0,23,0,23,3,9,20,70,5,3,1,25,45,51,61,0,0,,,,,,,0,0,10,0,3,0,0,0,0,0,4,2,35.75018194444444,139.69895444444444,1,3,,,,
1,30,555,281,2,0,1,2540,77,119,2019,8,7,14,25,12,,,,,1,1,1,14,7,0,23,0,23,6,9,1,70,1,2,1,65,1,3,61,1,0,,,,,,,10,0,40,0,4,0,2,0,2,0,4,2,35.748332500000004,139.6978375,4,3,,,,
1,30,555,284,2,0,1,30000,0,119,2019,8,21,6,38,12,,,,,1,1,1,1,7,9,22,0,23,11,9,30,70,4,1,1,45,1,3,61,31,0,,,,,,,2,0,10,0,3,0,2,0,2,0,4,2,35.76136833333333,139.69058416666667,4,3,,,,
1,30,555,285,2,0,1,30000,0,119,2019,8,20,16,0,12,,,,,2,1,2,14,7,0,23,0,23,3,9,1,70,5,3,1,35,55,3,61,31,0,,,,,,,2,0,10,0,3,0,2,0,2,0,4,2,35.7493975,139.6773825,3,3,,,,
1,30,555,287,2,0,1,170,101,119,2019,8,26,7,30,12,,,,,1,1,1,1,1,9,22,0,23,18,9,30,70,1,1,1,65,75,14,61,1,0,,,,,,,2,0,10,0,3,0,2,0,2,0,4,2,35.749361111111114,139.7141711111111,2,3,,,,
1,30,555,291,2,0,1,10160,0,119,2019,5,21,1,3,22,,,,,3,1,2,1,1,9,22,0,23,18,9,30,70,1,2,1,65,25,3,61,1,0,,,,,,,1,0,50,0,4,0,2,0,2,0,4,2,35.749450277777775,139.70845888888888,3,3,,,,
1,30,556,164,2,0,2,30000,0,119,2019,8,2,9,5,12,,,,,1,1,1,1,7,1,22,0,23,11,9,30,70,4,1,1,65,75,3,61,31,0,,,,,,,2,0,10,0,3,0,2,0,2,0,4,2,35.77866722222222,139.67845138888887,6,3,,,,
1,30,557,229,2,0,1,30000,0,120,2019,8,6,8,50,12,,,,,1,1,1,14,7,0,23,0,23,3,9,1,70,4,1,1,1,65,51,61,0,0,,,,,,,0,0,10,0,4,0,0,0,0,0,4,2,35.72837888888889,139.6527186111111,3,3,,,,
1,30,558,255,2,0,1,10320,0,120,2019,7,19,8,45,12,,,,,1,1,1,7,7,0,23,0,23,3,9,20,70,4,2,1,45,75,3,61,31,0,,,,,,,3,0,80,0,3,0,2,0,2,0,4,2,35.74144777777778,139.5959077777778,6,3,,,,
1,30,558,262,2,0,1,30000,0,120,2019,8,9,19,50,22,,,,,1,1,1,1,7,0,23,0,23,11,9,30,70,5,3,1,55,0,61,0,0,0,,,,,,,0,0,0,0,0,0,0,0,0,0,2,0,35.73388972222222,139.59070027777778,6,3,,,,
1,30,558,268,2,0,1,90000,0,120,2019,7,21,20,30,22,,,,,2,1,1,14,7,0,23,0,23,3,9,1,70,5,4,1,1,25,51,61,0,0,,,,,,,0,0,10,0,3,0,0,0,0,0,4,2,35.749519722222225,139.58711472222222,1,3,,,,
1,30,558,272,2,0,1,30000,0,120,2019,7,13,13,15,12,,,,,2,1,1,14,7,0,23,0,23,3,9,20,70,4,2,1,55,45,3,61,31,0,,,,,,,2,0,20,0,3,0,2,0,2,0,4,2,35.74364444444444,139.60780166666666,7,3,,,,
1,30,558,274,2,0,1,30000,0,120,2019,7,28,13,21,12,,,,,1,1,1,14,7,0,23,0,23,2,9,1,70,5,3,1,75,35,4,61,31,0,,,,,,,1,0,40,0,4,0,2,0,2,0,4,2,35.765636666666666,139.58391527777778,1,3,,,,
1,30,558,279,2,0,1,30000,0,120,2019,8,29,8,45,12,,,,,1,1,1,7,7,0,23,0,23,3,9,1,70,5,3,1,65,55,4,61,31,0,,,,,,,2,0,10,0,4,0,2,0,2,0,4,2,35.748284444444444,139.5729225,5,3,,,,
1,30,559,144,2,0,1,20480,0,119,2019,6,29,0,20,22,,,,,3,1,2,1,1,9,22,0,23,17,9,30,70,1,1,1,65,45,3,61,1,0,,,,,,,4,0,10,0,3,0,2,0,2,0,4,2,35.786539999999995,139.6705433333333,7,3,,,,
1,30,559,150,2,0,1,20000,0,119,2019,8,17,11,45,12,,,,,1,1,1,7,1,0,23,0,23,4,9,20,70,1,2,1,65,1,4,61,31,0,,,,,,,2,0,10,0,3,0,2,0,2,0,4,2,35.78129388888889,139.6697986111111,7,3,,,,
1,30,559,151,2,0,1,30000,0,119,2019,8,18,18,10,13,,,,,1,1,1,1,7,9,22,0,23,15,8,30,70,5,3,1,1,1,36,61,31,0,,,,,,,2,0,20,0,4,0,0,0,0,0,4,2,35.77155694444444,139.66190805555556,1,3,,,,
1,30,560,259,2,0,1,30000,0,120,2019,7,12,8,45,12,,,,,3,1,1,1,7,1,22,0,23,15,9,30,70,5,2,1,35,35,14,61,31,0,,,,,,,5,0,40,0,3,0,2,0,2,0,4,2,35.73409222222222,139.6273338888889,6,3,,,,
1,30,560,265,2,0,1,95000,0,120,2019,8,23,10,27,12,,,,,3,1,2,1,1,9,22,0,23,14,9,30,70,5,3,1,75,65,3,61,31,0,,,,,,,2,0,20,0,3,0,2,0,2,0,4,2,35.76543888888889,139.61402638888887,6,3,,,,
1,30,660,155,2,0,1,20070,0,106,2019,8,5,20,0,22,,,,,1,1,1,14,7,0,23,0,23,2,9,1,70,5,1,1,35,65,51,61,0,0,,,,,,,0,0,10,0,4,0,0,0,0,0,4,2,35.711425000000006,139.77524694444446,2,3,,,,
1,30,660,159,2,0,1,20070,0,106,2019,8,10,21,50,22,,,,,1,1,1,14,1,0,23,0,23,6,9,1,70,4,2,1,45,1,4,61,31,0,,,,,,,4,0,10,0,3,0,2,0,2,0,4,2,35.70865833333334,139.77315333333334,7,2,,,,
1,30,660,160,2,0,1,30000,0,106,2019,8,10,22,15,22,,,,,1,1,1,7,7,0,23,0,23,4,9,20,70,4,3,1,65,65,3,61,1,0,,,,,,,10,0,10,0,3,0,2,0,2,0,4,2,35.71596055555556,139.76969083333336,7,2,,,,
1,30,660,162,2,0,2,20070,0,106,2019,8,15,20,55,22,,,,,2,1,1,14,1,0,23,0,23,4,9,1,70,4,2,1,35,25,31,61,31,0,,,,,,,4,0,10,0,4,0,0,0,0,0,2,2,35.708889722222224,139.77330750000002,5,3,,,,
1,30,660,163,2,0,1,20070,0,106,2019,7,23,20,2,22,,,,,2,1,1,7,1,0,23,0,23,6,9,1,70,4,2,1,35,35,3,61,1,0,,,,,,,4,0,30,0,4,0,2,0,2,0,4,2,35.7114775,139.77561805555558,3,3,,,,
1,30,660,165,2,0,1,20070,0,106,2019,8,25,16,25,12,,,,,1,1,1,1,1,9,22,0,23,17,9,30,70,4,1,1,35,45,51,61,0,0,,,,,,,0,0,20,0,3,0,0,0,0,0,4,2,35.71161388888889,139.7756738888889,1,3,,,,
1,30,661,93,2,0,1,20560,0,106,2019,8,29,13,5,12,,,,,1,1,1,1,1,9,22,0,23,18,9,30,70,1,2,1,45,75,1,61,1,0,,,,,,,3,0,10,0,3,0,2,0,2,0,4,2,35.72469388888889,139.79107666666667,5,3,,,,
1,30,662,100,2,0,1,10300,0,106,2019,8,8,14,15,12,,,,,1,1,1,14,7,0,23,0,23,5,9,1,70,4,2,1,1,35,51,61,0,0,,,,,,,0,0,40,0,4,0,0,0,0,0,4,2,35.71553777777778,139.79942583333334,5,3,,,,
1,30,662,101,2,0,1,30000,0,106,2019,8,28,21,10,22,,,,,2,1,1,1,7,7,22,0,23,14,9,30,70,5,2,1,55,25,3,61,31,0,,,,,,,10,0,10,0,3,0,2,0,2,0,4,2,35.72459472222222,139.79764444444444,4,3,,,,
1,30,663,94,2,0,1,20530,0,106,2019,8,28,7,35,12,,,,,3,1,2,1,1,9,22,0,23,17,9,30,70,4,1,1,1,1,14,61,1,0,,,,,,,2,0,10,0,3,0,2,0,2,0,4,2,35.71002472222222,139.78958444444444,4,3,,,,
1,30,664,65,2,0,1,21060,0,118,2019,8,8,17,10,12,,,,,1,1,1,14,1,0,23,0,23,3,9,1,70,1,2,1,75,45,35,61,31,0,,,,,,,2,0,10,0,3,0,0,0,0,0,4,2,35.749560555555554,139.76772555555556,5,3,,,,
1,30,664,70,2,0,1,30000,0,118,2019,8,7,8,15,12,,,,,1,1,1,14,7,0,23,0,23,2,9,1,70,5,3,1,55,25,3,61,1,0,,,,,,,1,0,40,0,3,0,2,0,2,0,4,2,35.750976944444446,139.7811802777778,4,3,,,,
1,30,666,91,2,0,1,30000,0,118,2019,6,11,16,35,12,,,,,2,1,1,14,7,0,23,0,23,2,9,1,70,5,3,1,45,1,13,61,31,0,,,,,,,2,0,20,0,4,0,2,0,2,0,4,2,35.749028611111115,139.78307777777778,3,3,,,,
1,30,666,93,2,0,1,30000,0,118,2019,7,5,19,50,21,,,,,3,1,1,14,7,0,23,0,23,2,9,1,70,5,2,1,25,65,51,61,0,0,,,,,,,0,0,40,0,4,0,0,0,0,0,4,2,35.72666888888889,139.7740502777778,6,3,,,,
1,30,666,94,2,0,1,10710,0,118,2019,7,26,18,5,13,,,,,1,1,1,7,1,0,23,0,23,5,9,20,70,1,1,1,45,75,51,61,0,0,,,,,,,0,0,40,0,3,0,0,0,0,0,4,2,35.73121861111111,139.76993611111112,6,3,,,,
1,30,666,106,2,0,1,20410,0,118,2019,8,28,7,30,12,,,,,3,1,2,1,7,9,22,0,23,17,9,30,70,4,1,1,25,45,51,61,0,0,,,,,,,0,0,10,0,4,0,0,0,0,0,4,2,35.732515,139.76691222222223,4,3,,,,
1,30,666,109,2,0,1,30000,0,118,2019,8,31,20,53,22,,,,,1,1,1,1,1,9,22,0,23,11,9,30,70,4,1,1,35,35,3,61,31,0,,,,,,,3,0,50,0,3,0,2,0,2,0,4,2,35.73982361111111,139.7784166666667,7,3,,,,
1,30,667,124,2,0,1,10340,0,121,2019,8,2,8,53,12,,,,,1,1,1,1,1,9,22,0,23,18,7,30,70,5,2,1,55,45,3,61,31,0,,,,,,,4,0,40,0,4,0,2,0,2,0,4,2,35.75602305555555,139.78987694444444,6,3,,,,
1,30,667,125,2,0,1,30000,0,121,2019,8,8,9,45,12,,,,,1,1,1,14,7,0,23,0,23,3,9,1,1,5,3,1,65,1,3,61,1,0,,,,,,,2,0,40,0,3,0,2,0,2,0,4,2,35.748533611111114,139.80200944444445,5,3,,,,
1,30,668,306,2,0,1,30000,0,121,2019,8,9,8,40,12,,,,,1,1,1,14,7,0,23,0,23,3,9,1,70,4,2,1,55,55,3,61,31,0,,,,,,,1,0,20,0,4,0,2,0,2,0,4,2,35.77758361111111,139.7907847222222,6,3,,,,
1,30,668,315,2,0,1,30000,0,121,2019,8,16,13,5,12,,,,,1,1,1,14,7,0,23,0,23,5,9,20,70,4,2,1,65,1,3,61,1,0,,,,,,,3,0,10,0,3,0,2,0,2,0,4,2,35.782784166666666,139.77538750000002,6,3,,,,
1,30,668,316,2,0,1,95000,0,121,2019,8,19,9,25,12,,,,,2,1,1,7,7,0,23,0,23,1,9,1,70,5,2,1,25,65,51,61,0,0,,,,,,,0,0,10,0,3,0,0,0,0,0,4,2,35.7709875,139.76018888888888,2,3,,,,
1,30,668,319,2,0,1,95000,0,121,2019,8,20,9,30,12,,,,,2,1,1,14,7,0,23,0,23,3,9,1,70,4,1,1,55,75,36,61,31,0,,,,,,,10,0,10,0,3,0,0,0,0,0,4,2,35.770875,139.7659488888889,3,3,,,,
1,30,668,325,2,0,1,40,102,121,2019,8,24,2,20,22,,,,,2,1,2,1,1,0,23,0,23,18,9,30,70,1,2,1,35,0,61,0,0,0,,,,,,,0,0,0,0,0,0,0,0,0,0,2,0,35.76889166666667,139.80362416666668,7,3,,,,
1,30,668,333,2,0,1,30800,0,121,2019,8,30,19,0,21,,,,,2,1,1,7,7,0,23,0,23,3,9,1,70,5,2,1,35,45,14,61,31,0,,,,,,,10,0,10,0,3,0,2,0,2,0,4,2,35.78301222222222,139.76818916666667,6,3,,,,
1,30,669,417,2,0,1,30000,0,121,2019,8,7,22,10,22,,,,,1,1,1,1,1,9,22,0,23,11,9,30,70,5,1,1,35,65,3,61,31,0,,,,,,,2,0,10,0,3,0,2,0,2,0,4,2,35.76524416666667,139.8086363888889,4,3,,,,
1,30,669,418,2,0,1,30000,0,121,2019,8,8,18,35,13,,,,,1,1,1,1,1,9,22,0,23,15,9,20,70,4,2,1,1,45,14,61,1,0,,,,,,,3,0,10,0,3,0,2,0,2,0,4,2,35.792338888888885,139.8326072222222,5,3,,,,
1,30,669,430,2,0,1,30000,0,121,2019,8,15,8,1,12,,,,,1,1,1,1,1,9,22,0,23,15,9,20,70,5,3,1,65,45,3,61,31,0,,,,,,,2,0,40,0,3,0,2,0,2,0,4,2,35.77769972222222,139.8418477777778,5,3,,,,
1,30,771,250,2,0,1,30000,0,108,2019,8,12,2,57,22,,,,,1,1,1,1,7,0,23,0,23,14,9,20,70,5,2,1,1,0,61,0,0,0,,,,,,,0,0,0,0,0,0,0,0,0,0,2,0,35.66397611111111,139.80940416666667,2,1,,,,
1,30,771,257,2,0,1,30000,0,108,2019,8,23,6,15,12,,,,,3,1,2,7,1,0,23,0,23,3,9,20,70,4,1,1,65,1,3,61,31,0,,,,,,,3,0,80,0,3,0,2,0,2,0,4,2,35.685423611111105,139.8005838888889,6,3,,,,
1,30,771,260,2,0,1,30000,0,108,2019,8,26,23,20,22,,,,,1,1,1,1,1,9,22,0,23,19,9,30,70,1,2,1,55,45,11,61,1,0,,,,,,,3,0,10,0,3,0,2,0,2,0,4,2,35.65711722222222,139.8160613888889,2,3,,,,
1,30,771,266,2,0,1,30000,0,108,2019,8,28,10,50,12,,,,,3,1,2,7,1,0,23,0,23,4,9,1,70,4,2,1,25,45,13,61,31,0,,,,,,,5,0,50,0,3,0,2,0,2,0,4,2,35.65694388888889,139.79689249999998,4,3,,,,
1,30,772,265,2,0,1,10090,0,108,2019,7,27,11,20,12,,,,,1,1,1,14,7,0,23,0,23,5,9,20,70,4,2,1,35,1,51,61,0,0,,,,,,,0,0,0,0,3,0,0,0,0,0,4,2,35.68902083333333,139.82656666666665,7,3,,,,
1,30,772,275,2,0,1,30000,0,108,2019,8,22,21,39,22,,,,,1,1,1,1,7,9,22,0,23,11,9,30,70,5,4,1,55,25,51,61,0,0,,,,,,,0,0,40,0,3,0,0,0,0,0,4,2,35.69885083333333,139.82668388888888,5,3,,,,
1,30,772,278,2,0,1,10090,0,108,2019,8,31,0,35,22,,,,,2,1,1,1,1,9,22,0,23,19,9,30,70,4,1,1,65,55,3,61,1,0,,,,,,,4,0,10,0,3,0,2,0,2,0,4,2,35.67010277777778,139.82576166666666,7,3,,,,
1,30,772,280,2,0,1,30000,0,108,2019,8,31,15,0,12,,,,,1,1,1,14,7,0,23,0,23,1,9,1,70,5,3,1,55,65,3,61,31,0,,,,,,,2,0,40,0,3,0,2,0,2,0,4,2,35.685784444444444,139.83119,7,3,,,,
1,30,773,150,2,0,1,20680,0,107,2019,8,28,8,30,12,,,,,3,1,1,1,1,9,22,0,23,19,9,30,70,1,2,1,35,65,34,61,31,0,,,,,,,4,0,10,0,3,0,0,0,0,0,4,2,35.707703888888894,139.79878333333332,4,3,,,,
1,30,774,119,2,0,1,30490,0,107,2019,8,4,7,33,12,,,,,1,1,1,1,1,9,22,0,23,14,9,30,70,4,1,1,1,35,51,61,0,0,,,,,,,0,0,10,0,3,0,0,0,0,0,4,2,35.71627666666667,139.81570333333335,1,3,,,,
1,30,774,120,2,0,1,30000,0,107,2019,8,5,16,50,12,,,,,1,1,1,1,1,1,22,0,23,14,9,30,70,4,1,1,35,75,13,61,1,0,,,,,,,3,0,20,0,3,0,2,0,2,0,4,2,35.71305027777778,139.82300555555554,2,3,,,,
1,30,774,123,2,0,1,30000,0,107,2019,8,8,9,6,12,,,,,1,1,1,14,7,0,23,0,23,2,9,1,70,5,4,1,1,45,51,61,0,0,,,,,,,0,0,10,0,4,0,0,0,0,0,4,2,35.719252222222224,139.8181261111111,5,3,,,,
1,30,774,126,2,0,1,10090,0,107,2019,8,14,9,47,12,,,,,1,1,1,14,1,0,23,0,23,5,9,1,70,4,2,1,55,25,51,61,0,0,,,,,,,0,0,10,0,3,0,0,0,0,0,4,2,35.71000055555556,139.8282825,4,3,,,,
1,30,774,127,2,0,1,30000,0,107,2019,8,19,23,30,22,,,,,2,1,1,14,7,0,23,0,23,2,9,1,70,5,3,1,55,25,12,61,1,0,,,,,,,5,0,80,0,4,0,2,0,2,0,4,2,35.72835166666667,139.82140611111112,2,3,,,,
1,30,774,131,2,0,1,30000,0,107,2019,8,26,11,15,12,,,,,2,1,1,1,7,9,22,0,23,15,9,30,70,5,1,1,45,1,3,61,31,0,,,,,,,10,0,10,0,3,0,2,0,2,0,4,2,35.72928138888889,139.81621611111112,2,3,,,,
1,30,775,290,1,1,0,30000,0,122,2019,8,23,17,45,13,,,,,1,1,1,14,7,0,23,0,23,4,9,1,70,4,2,1,55,75,3,61,31,0,,,,,,,5,0,10,0,3,0,2,0,2,0,4,1,35.77467166666666,139.86239583333332,6,3,,,,
1,30,775,295,2,0,1,10380,0,122,2019,7,8,18,50,13,,,,,1,1,1,14,7,0,23,0,23,1,9,1,70,4,2,1,35,1,51,61,0,0,,,,,,,0,0,20,0,3,0,0,0,0,0,4,2,35.75786277777778,139.87615555555556,2,3,,,,
1,30,775,301,2,0,1,30000,0,122,2019,8,6,9,30,12,,,,,1,1,1,1,7,9,22,0,23,11,9,30,70,5,3,1,55,75,13,61,31,0,,,,,,,2,0,40,0,3,0,2,0,2,0,4,2,35.7681025,139.86578472222223,3,3,,,,
1,30,775,306,2,0,1,30000,0,122,2019,8,2,7,10,12,,,,,1,1,1,7,7,0,23,0,23,3,9,1,70,5,1,1,25,0,61,0,0,0,,,,,,,0,0,0,0,0,0,0,0,0,0,2,0,35.76692833333333,139.84788111111112,6,3,,,,
1,30,775,310,2,0,1,95000,0,122,2019,8,15,11,15,12,,,,,1,1,1,1,7,9,22,0,23,11,9,30,70,5,4,1,65,1,4,61,31,0,,,,,,,1,0,10,0,3,0,2,0,2,0,4,2,35.77025722222222,139.87344805555557,5,3,,,,
1,30,775,313,2,0,1,30000,0,122,2019,8,22,19,5,21,,,,,1,1,1,14,7,0,23,0,23,3,9,1,70,4,2,1,65,45,3,61,31,0,,,,,,,2,0,10,0,3,0,2,0,2,0,4,2,35.79145222222222,139.8605036111111,5,3,,,,
1,30,775,317,2,0,1,30000,0,122,2019,8,18,16,45,12,,,,,1,1,2,1,7,1,21,0,23,11,9,30,70,5,2,1,65,1,4,61,31,0,,,,,,,10,0,20,0,4,0,2,0,2,0,4,2,35.75647722222222,139.83259833333332,1,3,,,,
1,30,775,321,2,0,1,30000,0,122,2019,8,24,23,25,22,,,,,2,1,1,14,7,0,23,0,23,1,9,1,70,5,3,1,75,55,3,61,1,0,,,,,,,2,0,60,0,4,0,2,0,2,0,4,2,35.76438944444445,139.84696861111112,7,3,,,,
1,30,777,577,2,0,1,30000,0,123,2019,8,13,14,0,12,,,,,3,1,2,14,7,0,23,0,23,4,9,1,70,5,3,1,65,65,51,61,0,0,,,,,,,0,0,10,0,3,0,0,0,0,0,4,2,35.692415,139.8764525,3,3,,,,
1,30,777,583,2,0,1,20700,0,123,2019,8,14,13,5,12,,,,,1,1,1,1,1,0,23,0,23,11,9,30,70,4,2,1,65,0,61,0,0,0,,,,,,,0,0,0,0,0,0,0,0,0,0,2,0,35.69839666666666,139.9119538888889,4,3,,,,
1,30,777,602,2,0,1,95000,0,123,2019,8,20,16,15,12,,,,,2,1,1,14,7,0,23,0,23,1,9,1,70,5,2,1,55,0,61,0,0,0,,,,,,,0,0,0,0,0,0,0,0,0,0,2,0,35.685963888888885,139.88180916666667,3,3,,,,
1,30,777,604,2,0,1,10400,0,123,2019,8,1,17,0,12,,,,,1,1,1,14,7,0,23,0,23,3,9,1,70,5,1,1,1,65,51,61,0,0,,,,,,,0,0,10,0,3,0,0,0,0,0,4,2,35.71255083333334,139.86403083333332,5,3,,,,
1,30,777,607,2,0,1,10130,0,123,2019,8,23,6,0,11,,,,,3,1,2,1,1,9,22,0,23,15,9,30,70,1,1,1,45,55,13,61,1,0,,,,,,,4,0,20,0,4,0,2,0,2,0,4,2,35.702738333333336,139.8813225,6,3,,,,
1,30,777,608,2,0,1,30520,0,123,2019,8,23,18,20,13,,,,,1,1,1,1,3,9,22,0,23,19,9,30,70,1,1,1,45,45,3,61,31,0,,,,,,,2,0,10,0,3,0,2,0,2,0,4,2,35.68748972222222,139.8825827777778,6,3,,,,
1,30,777,611,2,0,1,30000,0,123,2019,8,24,17,25,13,,,,,1,1,1,14,7,0,23,0,23,3,9,1,70,4,2,1,1,1,51,61,0,0,,,,,,,0,0,10,0,3,0,0,0,0,0,4,2,35.69305361111111,139.89383555555554,7,3,,,,
1,30,777,614,2,0,1,30000,0,123,2019,8,25,12,8,12,,,,,1,1,1,14,7,0,23,0,23,1,9,1,70,5,2,1,75,75,51,61,0,0,,,,,,,0,0,10,0,3,0,0,0,0,0,4,2,35.69217194444444,139.89636444444443,1,3,,,,
1,30,778,121,2,0,1,95000,0,123,2019,8,13,9,55,12,,,,,1,1,1,0,7,0,23,0,23,0,0,20,70,0,4,1,65,75,4,61,31,0,,,,,,,10,0,30,0,4,0,2,0,2,0,4,2,35.72824027777778,139.89141666666666,3,3,,,,
1,30,779,341,2,0,1,10130,0,123,2019,8,7,11,20,12,,,,,1,1,1,14,7,0,23,0,23,6,9,1,70,1,2,1,25,55,1,61,1,0,,,,,,,4,0,0,0,4,0,2,0,2,0,4,2,35.66151361111111,139.87284333333335,4,3,,,,
1,30,779,342,2,0,1,10130,0,123,2019,8,7,18,30,13,,,,,1,1,1,1,1,9,22,0,23,19,9,30,70,1,1,1,45,55,3,61,31,0,,,,,,,4,0,10,0,3,0,2,0,2,0,4,2,35.64565972222222,139.86941027777777,4,3,,,,
1,30,779,351,2,0,1,30000,0,123,2019,8,21,19,20,21,,,,,2,1,1,14,7,0,23,0,23,3,9,1,70,4,2,1,45,25,51,61,0,0,,,,,,,0,0,40,0,4,0,0,0,0,0,4,2,35.670814166666666,139.87216416666666,4,3,,,,
1,30,779,352,2,0,1,30000,0,123,2019,8,22,9,15,12,,,,,3,1,2,1,1,9,22,0,23,14,9,30,70,4,2,1,55,1,14,61,1,0,,,,,,,2,0,10,0,3,0,2,0,2,0,4,2,35.66756222222222,139.85374694444445,5,3,,,,
1,30,779,353,2,0,1,30000,0,123,2019,8,22,12,10,12,,,,,2,1,1,1,7,9,22,0,23,14,9,30,70,4,2,1,1,1,36,61,31,0,,,,,,,2,0,10,0,3,0,0,0,0,0,4,2,35.6549675,139.87711472222222,5,3,,,,
1,30,779,364,2,0,1,30000,0,123,2019,8,29,20,30,22,,,,,1,1,1,14,1,0,23,0,23,1,9,1,70,1,2,1,45,45,51,61,0,0,,,,,,,0,0,20,0,3,0,0,0,0,0,4,2,35.647664444444445,139.87952333333334,5,3,,,,