資料区分,都道府県コード,警察署等コード,本票番号,事故内容,死者数,負傷者数,路線コード,地点コード,市区町村コード,発生日時　　年,発生日時　　月,発生日時　　日,発生日時　　時,発生日時　　分,昼夜,日の出時刻　　時,日の出時刻　　分,日の入り時刻　　時,日の入り時刻　　分,天候,地形,路面状態,道路形状,信号機,一時停止規制　標識（当事者A）,一時停止規制　表示（当事者A）,一時停止規制　標識（当事者B）,一時停止規制　表示（当事者B）,車道幅員,道路線形,衝突地点,ゾーン規制,中央分離帯施設等,歩車道区分,事故類型,年齢（当事者A）,年齢（当事者B）,当事者種別（当事者A）,当事者種別（当事者B）,用途別（当事者A）,用途別（当事者B）,車両形状等（当事者A）,車両形状等（当事者B）,オートマチック車（当事者A）,オートマチック車（当事者B）,サポカー（当事者A）,サポカー（当事者B）,速度規制（指定のみ）（当事者A）,速度規制（指定のみ）（当事者B）,車両の衝突部位（当事者A）,車両の衝突部位（当事者B）,車両の損壊程度（当事者A）,車両の損壊程度（当事者B）,エアバッグの装備（当事者A）,エアバッグの装備（当事者B）,サイドエアバッグの装備（当事者A）,サイドエアバッグの装備（当事者B）,人身損傷程度（当事者A）,人身損傷程度（当事者B）,lat,lon,曜日(発生年月日),祝日(発生年月日),認知機能検査経過日数（当事者A）,認知機能検査経過日数（当事者B）,運転練習の方法（当事者A）,運転練習の方法（当事者B）
1,30,876,293,2,0,1,30000,0,201,2019,8,2,22,52,22,,,,,1,1,1,14,7,0,23,0,23,5,9,1,70,1,2,1,1,65,51,61,0,0,,,,,,,0,0,10,0,3,0,0,0,0,0,4,2,35.64824138888889,139.35946805555554,6,3,,,,
1,30,876,301,2,0,1,30000,0,201,2019,8,11,9,25,12,,,,,1,1,1,1,1,9,22,0,23,15,9,30,70,4,1,1,65,1,3,61,31,0,,,,,,,3,0,10,0,3,0,2,0,2,0,4,2,35.610125555555555,139.38570555555555,1,1,,,,
1,30,876,307,2,0,1,30000,0,201,2019,8,19,6,45,12,,,,,1,1,1,14,7,0,23,0,23,2,9,1,70,5,3,1,65,35,3,61,31,0,,,,,,,3,0,10,0,3,0,2,0,2,0,4,2,35.643029444444444,139.35939,2,3,,,,
1,30,876,310,2,0,1,10490,0,209,2019,8,21,11,35,12,,,,,1,1,1,1,1,9,22,0,23,14,9,30,70,4,2,1,45,75,3,61,31,0,,,,,,,2,0,50,0,3,0,2,0,2,0,4,2,35.59169833333333,139.38187416666668,4,3,,,,
1,30,876,315,2,0,1,99000,0,209,2019,8,25,17,10,12,,,,,1,1,1,0,7,0,23,0,23,0,0,20,70,0,4,1,35,25,3,61,31,0,,,,,,,10,0,30,0,3,0,2,0,2,0,4,2,35.60198027777778,139.37451555555558,1,3,,,,
1,30,878,269,2,0,1,90000,0,224,2019,7,29,10,29,12,,,,,1,1,1,14,7,0,23,0,23,1,8,1,70,5,4,1,55,45,17,61,1,0,,,,,,,10,0,30,0,4,0,2,0,2,0,4,2,35.647956388888886,139.46061777777777,2,3,,,,
1,30,878,271,2,0,1,30000,0,225,2019,8,2,21,0,22,,,,,1,1,1,14,7,0,23,0,23,3,9,1,70,4,3,1,45,0,61,0,0,0,,,,,,,0,0,0,0,0,0,0,0,0,0,2,0,35.64091583333333,139.51482027777777,6,3,,,,
1,30,878,275,2,0,1,30000,0,224,2019,8,3,22,40,22,,,,,1,1,1,14,7,0,23,0,23,4,8,1,70,1,2,1,35,65,3,61,31,0,,,,,,,4,0,80,0,3,0,2,0,2,0,4,2,35.62537277777778,139.43064944444444,7,3,,,,
1,30,878,278,2,0,1,21110,0,224,2019,8,6,19,7,21,,,,,1,2,1,1,1,9,22,0,23,15,9,30,70,1,1,1,35,35,3,61,31,0,,,,,,,5,0,10,0,2,0,2,0,2,0,4,2,35.62656444444445,139.42398277777778,3,3,,,,
1,30,878,280,2,0,1,99000,0,224,2019,8,1,8,15,12,,,,,1,2,1,0,7,0,23,0,23,0,0,20,70,0,4,1,45,25,3,61,31,0,,,,,,,10,0,30,0,3,0,2,0,2,0,4,2,35.63545694444444,139.44817944444443,5,3,,,,
1,30,878,285,2,0,1,95000,0,224,2019,8,15,21,43,22,,,,,2,2,1,1,7,9,22,0,23,11,7,30,70,5,2,1,55,65,3,61,31,0,,,,,,,3,0,10,0,1,0,2,0,2,0,4,2,35.63149166666667,139.45038444444444,5,3,,,,
1,30,878,287,2,0,1,10480,0,224,2019,8,18,0,0,22,,,,,1,1,1,1,1,9,22,0,23,18,9,30,70,1,2,1,55,1,3,61,31,0,,,,,,,4,0,10,0,4,0,2,0,2,0,4,2,35.648623055555554,139.43687472222223,1,3,,,,
1,30,878,295,2,0,1,99000,0,225,2019,8,7,20,20,22,,,,,1,2,1,0,7,0,23,0,23,0,0,20,70,0,1,1,1,45,51,61,0,0,,,,,,,0,0,20,0,3,0,0,0,0,0,4,2,35.64427833333333,139.48857194444443,4,3,,,,
1,30,878,296,2,0,1,30000,0,224,2019,8,24,19,47,22,,,,,1,2,1,14,1,0,23,0,23,3,8,1,70,4,1,1,65,45,3,61,31,0,,,,,,,10,0,10,0,3,0,2,0,2,0,4,2,35.6315775,139.4461825,7,3,,,,
1,30,878,297,2,0,1,95000,0,224,2019,8,27,14,25,12,,,,,2,2,1,13,7,0,23,0,23,3,3,1,70,4,2,1,65,45,13,61,31,0,,,,,,,10,0,10,0,3,0,2,0,2,0,4,2,35.648885,139.4477063888889,3,3,,,,
1,30,879,277,2,0,1,30000,0,220,2019,8,1,19,25,21,,,,,1,1,1,14,7,0,23,0,23,3,9,1,70,5,2,1,75,75,3,61,31,0,,,,,,,10,0,40,0,4,0,2,0,2,0,4,2,35.73227,139.41839277777777,5,3,,,,
1,30,879,281,2,0,1,30000,0,220,2019,8,7,8,30,12,,,,,1,2,1,14,7,0,23,0,23,2,9,1,70,5,3,1,25,1,4,61,31,0,,,,,,,1,0,40,0,3,0,2,0,2,0,4,2,35.740143611111115,139.4145836111111,4,3,,,,
1,30,879,299,2,0,1,10250,0,220,2019,8,23,18,55,21,,,,,1,1,1,1,1,9,22,0,23,15,9,30,70,5,2,1,45,75,3,61,31,0,,,,,,,4,0,10,0,3,0,2,0,2,0,4,2,35.746791944444446,139.44045027777779,6,3,,,,
1,30,879,302,2,0,1,10240,0,220,2019,8,25,10,45,12,,,,,1,2,1,1,1,9,22,0,23,14,9,30,70,4,2,1,65,55,4,61,31,0,,,,,,,3,0,10,0,3,0,2,0,2,0,4,2,35.744695,139.4291075,1,3,,,,
1,30,879,305,2,0,1,10250,0,220,2019,8,27,16,36,12,,,,,2,1,1,1,1,9,22,0,23,17,9,30,70,4,2,1,65,75,3,61,31,0,,,,,,,4,0,10,0,3,0,2,0,2,0,4,2,35.74693527777778,139.43814972222222,3,3,,,,
1,30,879,310,2,0,1,10250,0,223,2019,8,30,10,55,12,,,,,3,1,2,7,1,0,23,0,23,5,9,1,70,5,1,1,35,65,3,61,31,0,,,,,,,4,0,10,0,3,0,2,0,2,0,4,2,35.752230833333336,139.38384055555554,6,3,,,,
1,30,880,216,2,0,2,10530,0,205,2019,8,7,11,12,12,,,,,1,2,1,14,7,0,23,0,23,2,9,1,70,5,2,1,45,35,51,61,0,0,,,,,,,0,0,10,0,3,0,0,0,0,0,2,2,35.78559722222222,139.27939111111112,4,3,,,,
1,30,880,231,2,0,1,10450,0,205,2019,8,27,17,40,13,,,,,2,2,1,1,1,9,22,0,23,15,9,20,70,4,2,1,55,25,4,61,31,0,,,,,,,3,0,10,0,4,0,2,0,2,0,4,2,35.772935,139.28495555555554,3,3,,,,
1,30,880,233,2,0,1,30000,0,205,2019,8,31,21,45,22,,,,,2,2,1,14,7,0,23,0,23,3,9,1,70,5,3,1,65,75,4,61,31,0,,,,,,,10,0,14,0,3,0,2,0,2,0,4,2,35.794463888888885,139.30730055555557,7,3,,,,
1,30,881,97,2,0,1,90000,0,305,2019,8,9,12,45,12,,,,,1,1,1,7,7,0,23,0,23,2,9,1,70,4,1,1,75,1,3,61,31,0,,,,,,,10,0,40,0,4,0,2,0,2,0,4,2,35.73417055555556,139.27404083333334,6,3,,,,
1,30,881,103,2,0,1,30000,0,305,2019,8,19,16,30,12,,,,,2,2,1,14,7,0,23,0,23,1,9,1,70,5,3,1,75,1,3,61,31,0,,,,,,,2,0,70,0,4,0,2,0,2,0,4,2,35.743275833333335,139.26996583333334,2,3,,,,
1,30,882,349,1,1,0,30000,0,218,2019,8,29,8,30,12,,,,,1,1,1,1,7,9,22,0,23,14,9,30,70,5,3,1,25,45,17,61,1,0,,,,,,,10,0,30,0,4,0,2,0,2,0,4,1,35.74683027777778,139.32390444444445,5,3,,,,
1,30,882,366,2,0,1,30000,0,227,2019,8,16,13,45,12,,,,,1,1,1,7,7,0,23,0,23,3,9,1,70,5,3,1,35,65,4,61,31,0,,,,,,,3,0,10,0,4,0,2,0,2,0,4,2,35.75344361111111,139.31665611111112,6,3,,,,
1,30,882,367,2,0,1,95000,0,227,2019,8,17,20,25,22,,,,,1,1,1,1,1,9,22,0,23,15,9,30,70,4,2,1,1,65,3,61,31,0,,,,,,,3,0,20,0,4,0,2,0,2,0,4,2,35.76451361111111,139.31357944444446,7,3,,,,
1,30,882,370,2,0,1,10530,0,218,2019,7,6,7,20,12,,,,,3,1,2,1,1,9,22,0,23,15,9,30,70,4,3,1,65,55,3,61,31,0,,,,,,,3,0,10,0,4,0,2,0,2,0,4,2,35.747195,139.3188377777778,7,3,,,,
1,30,883,459,2,0,1,30000,0,201,2019,8,4,14,10,12,,,,,1,1,1,1,7,9,22,0,23,15,9,20,70,4,2,1,55,25,3,61,31,0,,,,,,,3,0,80,0,3,0,2,0,2,0,4,2,35.6621375,139.330485,1,3,,,,
1,30,883,465,2,0,1,30000,0,201,2019,8,7,16,0,12,,,,,1,2,1,14,7,0,23,0,23,2,9,20,70,5,4,1,35,1,14,61,31,0,,,,,,,1,0,0,0,3,0,2,0,2,0,4,2,35.66611555555556,139.35041833333332,4,3,,,,
1,30,883,477,2,0,1,30000,0,201,2019,7,26,8,55,12,,,,,1,2,1,1,1,9,22,0,23,15,9,30,70,4,2,1,35,55,51,61,0,0,,,,,,,0,0,10,0,3,0,0,0,0,0,4,2,35.66085638888889,139.33381972222224,6,3,,,,
1,30,883,503,2,0,1,30000,0,201,2019,8,25,13,12,12,,,,,1,2,1,14,7,0,23,0,23,2,9,1,70,4,3,1,65,35,3,61,31,0,,,,,,,2,0,40,0,3,0,2,0,2,0,4,2,35.66509611111111,139.34758666666667,1,3,,,,
1,30,883,511,2,0,1,95000,0,201,2019,8,29,13,15,12,,,,,1,1,1,14,7,0,23,0,23,4,8,1,70,4,2,1,1,55,51,61,0,0,,,,,,,0,0,10,0,3,0,0,0,0,0,4,2,35.68659888888889,139.32329944444444,5,3,,,,
1,30,884,458,2,0,1,30000,0,209,2019,7,21,1,3,22,,,,,3,1,1,1,7,1,21,0,23,15,9,30,70,4,3,1,65,35,3,61,1,0,,,,,,,10,0,10,0,3,0,2,0,2,0,4,2,35.547422499999996,139.43714472222223,1,3,,,,
1,30,884,459,2,0,1,21120,0,209,2019,8,15,8,12,12,,,,,2,1,1,14,7,0,23,0,23,3,8,20,70,5,2,1,35,1,3,61,1,0,,,,,,,2,0,50,0,3,0,2,0,2,0,4,2,35.53992361111111,139.45741333333334,5,3,,,,
1,30,884,461,2,0,1,30000,0,209,2019,8,16,19,27,21,,,,,1,1,1,7,1,0,23,0,23,4,9,1,70,4,2,1,45,45,3,61,31,0,,,,,,,3,0,10,0,4,0,2,0,2,0,4,2,35.58000416666667,139.46117944444444,6,3,,,,
1,30,884,462,2,0,1,30000,0,209,2019,8,15,8,15,12,,,,,2,1,1,14,7,0,23,0,23,3,9,1,70,5,3,1,55,1,3,61,31,0,,,,,,,2,0,10,0,4,0,2,0,2,0,4,2,35.565640555555554,139.46529166666664,5,3,,,,
1,30,884,469,2,0,1,30000,0,209,2019,7,24,8,53,12,,,,,1,1,1,14,7,0,23,0,23,2,9,1,70,5,4,1,35,45,14,61,1,0,,,,,,,2,0,10,0,3,0,2,0,2,0,4,2,35.5792025,139.41988194444443,4,3,,,,
1,30,884,473,2,0,1,2460,0,209,2019,7,18,21,0,22,,,,,3,1,2,14,7,0,23,0,23,3,9,1,70,1,1,1,45,35,3,61,31,0,,,,,,,3,0,10,0,3,0,2,0,2,0,4,2,35.51365083333334,139.4652061111111,5,3,,,,
1,30,884,480,2,0,1,21120,0,209,2019,8,28,13,20,12,,,,,3,1,2,14,7,0,23,0,23,3,9,1,70,4,3,1,65,75,3,61,31,0,,,,,,,3,0,40,0,3,0,2,0,2,0,4,2,35.543259166666665,139.473125,4,3,,,,
1,30,884,485,2,0,1,30000,0,209,2019,8,16,21,30,22,,,,,1,1,1,7,7,0,23,0,23,2,9,20,70,5,3,1,45,1,3,61,31,0,,,,,,,10,0,10,0,3,0,2,0,2,0,4,2,35.545566944444445,139.44493722222222,6,3,,,,
1,30,884,490,2,0,1,20750,0,209,2019,5,17,19,10,21,,,,,1,1,1,1,7,0,23,0,23,14,9,30,70,4,3,1,45,0,61,0,0,0,,,,,,,0,0,0,0,0,0,0,0,0,0,2,0,35.58674583333334,139.43868305555557,6,3,,,,
1,30,885,257,2,0,1,95000,0,212,2019,7,26,23,15,22,,,,,3,3,2,1,1,9,22,0,23,17,9,30,70,4,2,1,25,35,3,61,31,0,,,,,,,3,0,80,0,4,0,2,0,2,0,4,2,35.67905,139.39686,6,3,,,,
1,30,885,260,2,0,1,30000,0,212,2019,8,7,16,15,12,,,,,1,3,1,13,7,0,23,0,23,3,3,1,70,5,4,1,35,25,3,61,31,0,,,,,,,10,0,20,0,4,0,2,0,2,0,4,2,35.649319166666665,139.40549972222223,4,3,,,,
1,30,885,264,2,0,1,30000,0,212,2019,8,9,15,40,12,,,,,1,3,1,14,7,0,23,0,23,4,9,1,70,4,3,1,35,1,3,61,31,0,,,,,,,3,0,10,0,3,0,2,0,2,0,4,2,35.65731777777778,139.3696113888889,6,3,,,,
1,30,885,274,2,0,1,200,0,212,2019,8,6,19,0,21,,,,,1,3,1,7,1,0,23,0,23,3,9,1,70,4,2,1,65,75,35,61,31,0,,,,,,,3,0,10,0,3,0,0,0,0,0,4,2,35.67872527777777,139.3987961111111,3,3,,,,
1,30,885,278,2,0,1,30000,0,212,2019,8,22,7,50,12,,,,,2,3,1,14,7,0,23,0,23,2,9,1,70,5,3,1,45,1,11,61,31,0,,,,,,,10,0,40,0,4,0,2,0,2,0,4,2,35.6673025,139.39740277777776,5,3,,,,
1,30,885,280,2,0,1,30000,0,212,2019,8,22,19,0,21,,,,,2,3,1,1,7,9,22,0,23,11,9,30,70,5,4,1,35,35,3,61,31,0,,,,,,,2,0,10,0,3,0,2,0,2,0,4,2,35.66566777777778,139.42189527777776,5,3,,,,
1,30,885,289,2,0,1,20000,0,212,2019,8,8,8,50,12,,,,,1,2,1,1,7,7,22,0,23,18,9,30,70,1,2,1,25,25,3,61,31,0,,,,,,,10,0,10,0,4,0,2,0,2,0,4,2,35.66990277777778,139.4205925,5,3,,,,
1,30,885,290,2,0,1,30000,0,212,2019,8,23,20,50,22,,,,,2,3,2,14,7,0,23,0,23,2,9,1,70,5,4,1,75,45,3,61,1,0,,,,,,,10,0,40,0,3,0,2,0,2,0,4,2,35.65983305555555,139.38301694444445,6,3,,,,
1,30,886,310,2,0,1,30810,0,207,2019,8,9,8,15,12,,,,,1,3,1,7,7,0,23,0,23,2,9,1,70,4,2,1,45,55,51,61,0,0,,,,,,,0,0,10,0,3,0,0,0,0,0,4,2,35.718085,139.34550611111112,6,3,,,,
1,30,886,312,2,0,1,95000,0,207,2019,8,14,18,56,21,,,,,1,2,1,14,7,0,23,0,23,3,9,1,70,4,2,1,75,75,3,61,31,0,,,,,,,2,0,10,0,3,0,2,0,2,0,4,2,35.72572027777778,139.365645,4,3,,,,
1,30,886,315,2,0,1,30000,0,207,2019,8,15,18,15,13,,,,,2,2,1,14,7,0,23,0,23,4,9,1,70,4,3,1,1,75,36,61,31,0,,,,,,,2,0,10,0,3,0,0,0,0,0,4,2,35.719857222222224,139.37503555555557,5,3,,,,
1,30,886,321,2,0,1,30810,0,207,2019,8,19,17,27,13,,,,,3,1,2,1,7,9,22,0,23,15,9,30,70,4,1,1,55,1,35,61,31,0,,,,,,,3,0,10,0,3,0,0,0,0,0,4,2,35.71396444444445,139.35596194444443,2,3,,,,
1,30,886,322,2,0,1,30000,0,207,2019,8,20,16,20,12,,,,,3,2,2,14,7,0,23,0,23,3,9,1,70,5,3,1,45,65,51,61,0,0,,,,,,,0,0,10,0,4,0,0,0,0,0,4,2,35.71966333333334,139.3860775,3,3,,,,
1,30,886,339,2,0,1,30810,0,207,2019,8,31,11,23,12,,,,,2,1,1,1,1,1,21,0,23,14,9,30,70,5,1,1,55,45,4,61,31,0,,,,,,,3,0,10,0,3,0,2,0,2,0,4,2,35.72092444444445,139.34193222222223,7,3,,,,
1,30,887,554,2,0,1,30000,0,202,2019,8,6,10,55,12,,,,,1,1,1,7,1,0,23,0,23,4,9,1,70,1,2,1,55,55,3,61,31,0,,,,,,,3,0,10,0,3,0,2,0,2,0,4,2,35.70058944444445,139.41486777777777,3,3,,,,
1,30,887,556,2,0,1,30000,0,202,2019,8,7,9,15,12,,,,,1,1,1,1,7,1,22,0,23,14,9,30,70,4,2,1,65,75,3,61,31,0,,,,,,,3,0,10,0,3,0,2,0,2,0,4,2,35.72698916666667,139.37408083333335,4,3,,,,
1,30,887,561,2,0,1,30000,0,202,2019,8,5,21,30,22,,,,,1,1,1,14,7,0,23,0,23,3,9,1,70,5,3,1,25,0,61,0,0,0,,,,,,,0,0,0,0,0,0,0,0,0,0,2,0,35.720958611111115,139.38048722222223,2,3,,,,
1,30,887,562,2,0,1,30000,0,202,2019,8,10,22,13,22,,,,,1,2,1,1,1,9,22,0,23,11,9,20,70,4,2,1,35,55,3,61,31,0,,,,,,,3,0,80,0,3,0,2,0,2,0,4,2,35.695906666666666,139.4159686111111,7,2,,,,
1,30,887,585,2,0,1,30000,0,215,2019,8,21,6,32,12,,,,,1,2,1,14,7,0,23,0,23,1,9,1,70,5,3,1,45,45,3,61,31,0,,,,,,,2,0,20,0,3,0,2,0,2,0,4,2,35.69479583333333,139.4411472222222,4,3,,,,
1,30,887,587,2,0,1,20000,0,202,2019,8,15,15,5,12,,,,,3,2,2,14,7,0,23,0,23,5,9,1,70,1,1,1,45,1,51,61,0,0,,,,,,,0,0,10,0,3,0,0,0,0,0,4,2,35.700410000000005,139.41586694444445,5,3,,,,
1,30,887,589,2,0,1,99000,0,215,2019,8,23,18,57,21,,,,,2,2,1,0,7,0,23,0,23,0,0,20,70,0,4,1,45,65,3,61,31,0,,,,,,,10,0,30,0,3,0,2,0,2,0,4,2,35.67606333333333,139.44666944444444,6,3,,,,
1,30,887,596,2,0,1,30000,0,202,2019,8,26,14,0,12,,,,,1,1,1,1,7,1,22,0,23,14,9,30,70,4,1,1,1,75,51,61,0,0,,,,,,,0,0,10,0,4,0,0,0,0,0,4,2,35.73126833333333,139.37454972222224,2,3,,,,
1,30,887,615,2,0,1,30000,0,202,2019,8,25,21,40,22,,,,,1,1,1,1,7,9,22,0,23,14,9,30,70,5,2,1,35,55,51,61,0,0,,,,,,,0,0,10,0,3,0,0,0,0,0,4,2,35.69928583333333,139.42520777777776,1,3,,,,
1,30,888,210,2,0,1,30000,0,206,2019,8,25,17,15,12,,,,,1,1,1,14,7,0,23,0,23,1,9,1,70,5,2,1,25,1,51,61,0,0,,,,,,,0,0,10,0,3,0,0,0,0,0,4,2,35.662666944444446,139.4907575,1,3,,,,
1,30,888,211,2,0,1,30000,0,206,2019,8,12,1,40,22,,,,,1,1,1,14,7,0,23,0,23,4,9,1,70,5,3,1,65,1,3,61,1,0,,,,,,,2,0,40,0,3,0,2,0,2,0,4,4,35.67209583333333,139.48148305555557,2,1,,,,
1,30,889,191,1,1,0,20820,0,214,2019,8,29,23,58,22,,,,,1,1,1,14,7,0,23,0,23,3,9,1,70,4,3,1,45,65,14,61,1,0,,,,,,,2,0,10,0,3,0,2,0,2,0,4,1,35.692988611111105,139.48091861111112,5,3,,,,
1,30,889,202,2,0,1,30000,0,214,2019,8,26,20,35,22,,,,,1,1,1,14,7,0,23,0,23,3,9,1,70,5,3,1,1,25,36,61,31,0,,,,,,,2,0,40,0,3,0,0,0,0,0,4,2,35.69715166666666,139.4896372222222,2,3,,,,
1,30,890,364,2,0,1,30000,0,229,2019,8,2,11,45,12,,,,,1,1,1,14,7,0,23,0,23,2,9,1,70,5,3,1,45,25,3,61,31,0,,,,,,,10,0,20,0,4,0,2,0,2,0,4,2,35.75282472222222,139.54670083333332,6,3,,,,
1,30,890,366,2,0,1,95000,0,229,2019,8,3,11,45,12,,,,,1,1,1,7,7,0,23,0,23,2,9,1,70,4,1,1,35,75,3,61,31,0,,,,,,,3,0,10,0,3,0,2,0,2,0,4,2,35.728546388888894,139.54132611111112,7,3,,,,
1,30,890,367,2,0,1,99000,0,229,2019,8,1,11,55,12,,,,,1,1,1,0,7,0,23,0,23,0,0,20,70,0,4,1,75,55,3,61,31,0,,,,,,,10,0,30,0,3,0,2,0,2,0,4,2,35.72591166666667,139.53727416666666,5,3,,,,
1,30,890,376,2,0,1,10240,0,229,2019,8,10,16,45,12,,,,,1,1,1,1,1,9,22,0,23,14,9,30,70,4,2,1,1,65,51,61,0,0,,,,,,,0,0,10,0,3,0,0,0,0,0,4,2,35.72915861111111,139.54144583333334,7,2,,,,
1,30,890,377,2,0,1,30000,0,222,2019,8,11,8,20,12,,,,,1,1,1,7,1,0,23,0,23,4,9,1,70,4,2,1,45,75,3,61,31,0,,,,,,,3,0,10,0,3,0,2,0,2,0,4,2,35.75546611111111,139.4984208333333,1,1,,,,
1,30,890,384,2,0,1,30000,0,222,2019,8,14,12,40,12,,,,,1,1,1,14,7,0,23,0,23,3,9,1,70,4,1,1,55,75,4,61,31,0,,,,,,,3,0,10,0,3,0,2,0,2,0,4,2,35.76183388888889,139.53686194444444,4,3,,,,
1,30,890,393,2,0,1,30000,0,222,2019,8,21,9,55,12,,,,,1,1,1,7,1,0,23,0,23,1,9,1,70,4,1,1,65,75,17,61,31,0,,,,,,,2,0,0,0,4,0,2,0,2,0,4,2,35.77109861111111,139.54376472222222,4,3,,,,
1,30,890,403,2,0,1,30000,0,222,2019,8,25,12,17,12,,,,,1,1,1,1,7,1,21,0,23,14,9,30,70,5,2,1,45,65,3,61,31,0,,,,,,,10,0,20,0,3,0,2,0,2,0,4,2,35.7654275,139.5203527777778,1,3,,,,
1,30,891,200,2,0,1,10580,0,213,2019,8,6,8,5,12,,,,,1,1,1,1,1,9,22,0,23,15,9,30,70,4,2,1,55,1,3,61,31,0,,,,,,,3,0,10,0,3,0,2,0,2,0,4,2,35.76388361111111,139.49438388888888,3,3,,,,
1,30,891,206,2,0,1,99000,0,213,2019,8,26,10,28,12,,,,,1,1,1,0,7,0,23,0,23,0,0,20,70,0,4,1,65,75,51,61,0,0,,,,,,,0,0,10,0,3,0,0,0,0,0,4,2,35.74223444444444,139.47446472222222,2,3,,,,
1,30,891,207,2,0,1,30000,0,221,2019,8,26,12,57,12,,,,,1,1,1,14,7,0,23,0,23,2,9,1,70,5,3,1,55,35,17,61,31,0,,,,,,,2,0,30,0,3,0,2,0,1,0,4,2,35.7733625,139.5186088888889,2,3,,,,
1,30,892,139,2,0,1,95000,0,203,2019,8,20,7,50,12,,,,,2,1,1,1,7,1,21,0,23,15,9,30,70,5,3,1,55,55,3,61,31,0,,,,,,,2,0,10,0,3,0,2,0,2,0,4,2,35.703386111111115,139.58260833333333,3,3,,,,
1,30,892,140,2,0,1,10260,0,203,2019,8,22,19,5,21,,,,,1,1,1,1,7,9,22,0,23,15,9,30,70,4,2,1,35,65,3,61,31,0,,,,,,,3,0,50,0,4,0,2,0,2,0,4,2,35.71434555555556,139.55614472222223,5,3,,,,
1,30,892,143,2,0,1,30000,0,203,2019,8,28,12,15,12,,,,,3,1,2,14,7,0,23,0,23,3,9,1,70,5,3,1,65,1,12,61,31,0,,,,,,,5,0,30,0,4,0,2,0,2,0,4,2,35.70420027777778,139.57554277777777,4,3,,,,
1,30,892,144,2,0,1,10260,0,203,2019,8,29,19,3,21,,,,,2,1,1,1,1,9,22,0,23,14,9,30,70,5,2,1,25,75,3,61,31,0,,,,,,,3,0,10,0,3,0,2,0,2,0,4,2,35.705378333333336,139.58345111111112,5,3,,,,
1,30,893,231,2,0,1,95000,0,204,2019,8,24,7,57,12,,,,,1,1,1,14,7,0,23,0,23,4,9,1,70,4,2,1,35,65,51,61,0,0,,,,,,,0,0,10,0,3,0,0,0,0,0,4,2,35.66574972222222,139.54067444444445,7,3,,,,
1,30,893,234,2,0,1,20230,0,204,2019,8,25,11,30,12,,,,,1,1,1,14,7,0,23,0,23,4,9,1,70,4,2,1,25,75,51,61,0,0,,,,,,,0,0,20,0,3,0,0,0,0,0,4,2,35.69846305555555,139.5701761111111,1,3,,,,
1,30,894,330,2,0,1,30000,0,208,2019,8,3,14,25,12,,,,,1,1,1,14,7,0,23,0,23,2,9,1,70,5,3,1,45,65,3,61,31,0,,,,,,,10,0,10,0,4,0,2,0,2,0,4,2,35.651198888888885,139.54415805555556,7,3,,,,
1,30,894,333,2,0,1,30000,0,208,2019,8,4,4,35,23,,,,,1,1,1,1,7,9,22,0,23,11,9,30,70,5,4,1,65,55,3,61,1,0,,,,,,,10,0,10,0,3,0,2,0,2,0,4,2,35.65476527777778,139.5607625,1,3,,,,
1,30,894,336,2,0,1,30000,0,208,2019,8,2,18,45,21,,,,,1,1,1,14,7,0,23,0,23,2,9,1,70,5,3,1,1,45,51,61,0,0,,,,,,,0,0,20,0,3,0,0,0,0,0,4,2,35.66012722222222,139.57727805555555,6,3,,,,
1,30,895,221,2,0,1,10240,0,211,2019,8,3,18,5,13,,,,,1,1,1,7,1,0,23,0,23,2,9,1,70,5,2,1,1,55,51,61,0,0,,,,,,,0,0,10,0,3,0,0,0,0,0,4,2,35.731346111111115,139.449975,7,3,,,,
1,30,895,225,2,0,1,10240,0,211,2019,8,7,12,10,12,,,,,1,1,1,7,7,0,23,0,23,2,9,20,70,5,3,1,45,55,3,61,31,0,,,,,,,3,0,50,0,3,0,2,0,2,0,4,2,35.73154388888889,139.49306583333333,4,3,,,,
1,30,895,234,2,0,1,30000,0,211,2019,8,28,11,15,12,,,,,3,1,2,14,7,0,23,0,23,3,9,1,70,5,3,1,1,1,51,61,0,0,,,,,,,0,0,10,0,3,0,0,0,0,0,4,2,35.736310833333334,139.46281916666666,4,3,,,,
1,30,899,10,2,0,1,99000,0,401,2019,8,14,18,20,13,,,,,2,2,1,0,7,0,23,0,23,0,0,20,70,0,4,1,25,65,4,61,31,0,,,,,,,10,0,30,0,4,0,2,0,2,0,4,2,33.103432777777776,139.78864222222222,4,3,,,,
1,30,101,146,2,0,1,20030,0,101,2019,8,19,7,50,12,,,,,2,1,1,1,1,9,22,0,23,19,9,30,70,1,2,1,45,45,14,61,31,0,,,,,,,5,0,10,0,3,0,2,0,2,0,4,2,35.68682305555555,139.76374555555554,2,3,,,,
1,30,101,149,2,0,1,99000,0,101,2019,9,14,13,0,12,,,,,2,1,1,0,7,0,23,0,23,0,0,20,70,0,4,1,45,65,52,61,0,0,,,,,,,0,0,40,0,4,0,0,0,0,0,4,2,35.672954999999995,139.75963638888888,7,3,,,,
1,30,102,106,2,0,1,30000,0,101,2019,3,7,7,10,12,,,,,3,1,2,1,7,0,23,0,23,15,9,30,70,5,2,1,25,0,61,0,0,0,,,,,,,0,0,0,0,0,0,0,0,0,0,2,0,35.696212777777774,139.76351166666666,5,3,,,,