資料区分,都道府県コード,警察署等コード,本票番号,事故内容,死者数,負傷者数,路線コード,地点コード,市区町村コード,発生日時　　年,発生日時　　月,発生日時　　日,発生日時　　時,発生日時　　分,昼夜,日の出時刻　　時,日の出時刻　　分,日の入り時刻　　時,日の入り時刻　　分,天候,地形,路面状態,道路形状,信号機,一時停止規制　標識（当事者A）,一時停止規制　表示（当事者A）,一時停止規制　標識（当事者B）,一時停止規制　表示（当事者B）,車道幅員,道路線形,衝突地点,ゾーン規制,中央分離帯施設等,歩車道区分,事故類型,年齢（当事者A）,年齢（当事者B）,当事者種別（当事者A）,当事者種別（当事者B）,用途別（当事者A）,用途別（当事者B）,車両形状等（当事者A）,車両形状等（当事者B）,オートマチック車（当事者A）,オートマチック車（当事者B）,サポカー（当事者A）,サポカー（当事者B）,速度規制（指定のみ）（当事者A）,速度規制（指定のみ）（当事者B）,車両の衝突部位（当事者A）,車両の衝突部位（当事者B）,車両の損壊程度（当事者A）,車両の損壊程度（当事者B）,エアバッグの装備（当事者A）,エアバッグの装備（当事者B）,サイドエアバッグの装備（当事者A）,サイドエアバッグの装備（当事者B）,人身損傷程度（当事者A）,人身損傷程度（当事者B）,lat,lon,曜日(発生年月日),祝日(発生年月日),認知機能検査経過日数（当事者A）,認知機能検査経過日数（当事者B）,運転練習の方法（当事者A）,運転練習の方法（当事者B）
1,30,102,107,2,0,1,10050,0,101,2019,4,17,14,12,12,,,,,2,1,1,14,7,0,23,0,23,6,9,20,70,1,1,1,35,0,61,0,0,0,,,,,,,0,0,0,0,0,0,0,0,0,0,2,0,35.69585194444444,139.7588336111111,4,3,,,,
1,30,102,108,2,0,1,10100,0,101,2019,9,3,15,3,12,,,,,2,1,1,1,1,9,22,0,23,18,9,30,70,4,2,1,45,45,13,61,1,0,,,,,,,4,0,11,0,3,0,2,0,2,0,4,2,35.697806111111106,139.75721388888888,3,3,,,,
1,30,102,109,2,0,1,30000,0,101,2019,9,5,11,45,12,,,,,1,1,1,14,7,0,23,0,23,3,9,1,1,5,2,1,45,45,4,61,31,0,,,,,,,2,0,20,0,4,0,2,0,2,0,4,2,35.69354916666666,139.76946611111111,5,3,,,,
1,30,102,110,2,0,1,30000,0,101,2019,9,5,12,35,12,,,,,1,1,1,14,7,0,23,0,23,3,9,1,70,5,2,1,45,75,3,61,1,0,,,,,,,1,0,0,0,4,0,2,0,2,0,4,2,35.69523611111111,139.76347333333334,5,3,,,,
1,30,102,111,2,0,1,30000,0,101,2019,9,6,15,20,12,,,,,1,1,1,1,7,9,22,0,23,15,8,30,70,4,1,1,75,1,17,61,1,0,,,,,,,2,0,50,0,3,0,2,0,2,0,4,2,35.698567499999996,139.76780861111112,6,3,,,,
1,30,102,113,2,0,1,10050,0,101,2019,9,10,15,45,12,,,,,1,1,1,14,7,0,23,0,23,3,9,1,70,5,1,1,35,55,51,61,0,0,,,,,,,0,0,10,0,3,0,0,0,0,0,4,2,35.69541972222222,139.76171583333334,3,3,,,,
1,30,102,114,2,0,1,30000,0,101,2019,9,13,8,40,12,,,,,2,1,1,14,7,0,23,0,23,5,9,1,70,4,2,1,25,65,3,61,31,0,,,,,,,10,0,10,0,3,0,2,0,2,0,4,2,35.69157111111111,139.75961916666665,6,3,,,,
1,30,102,115,2,0,1,30000,0,101,2019,9,18,13,40,12,,,,,3,1,2,1,7,1,21,0,23,15,9,30,1,5,2,1,35,55,12,61,31,0,,,,,,,2,0,50,0,4,0,2,0,2,0,4,2,35.69036611111111,139.76892555555557,4,3,,,,
1,30,102,118,2,0,1,10050,0,101,2019,9,19,18,20,21,,,,,1,1,1,1,1,9,22,0,23,19,9,30,70,1,2,1,45,45,3,61,31,0,,,,,,,5,0,10,0,4,0,2,0,2,0,4,2,35.694733888888884,139.76561833333332,5,3,,,,
1,30,104,197,2,0,1,30000,0,102,2019,9,2,12,25,12,,,,,1,1,1,7,7,0,23,0,23,3,9,1,70,5,2,1,65,45,14,61,1,0,,,,,,,5,0,10,0,4,0,2,0,2,0,4,2,35.68237388888889,139.77056611111112,2,3,,,,
1,30,104,199,2,0,1,95000,0,102,2019,9,5,18,25,21,,,,,2,1,1,14,7,0,23,0,23,4,9,1,70,5,2,1,45,65,3,61,1,0,,,,,,,4,0,10,0,3,0,1,0,2,0,4,2,35.67878444444444,139.7713116666667,5,3,,,,
1,30,104,220,2,0,1,30000,0,102,2019,9,29,12,15,12,,,,,2,1,1,14,7,0,23,0,23,5,9,1,70,4,2,1,65,55,3,61,31,0,,,,,,,3,0,30,0,4,0,2,0,2,0,4,2,35.684644166666665,139.7749916666667,1,3,,,,
1,30,105,94,2,0,1,30080,0,102,2019,9,9,11,50,12,,,,,1,1,1,1,1,9,22,0,23,14,9,30,1,4,2,1,35,65,13,61,31,0,,,,,,,4,0,10,0,3,0,2,0,2,0,4,2,35.68050472222222,139.78712861111111,2,3,,,,
1,30,105,100,2,0,1,30000,0,102,2019,9,20,17,13,13,,,,,1,1,1,1,1,9,22,0,23,14,9,30,70,5,2,1,65,45,13,61,31,0,,,,,,,10,0,15,0,3,0,2,0,2,0,4,2,35.68297694444444,139.78847833333333,6,3,,,,
1,30,106,203,2,0,1,30000,0,102,2019,9,10,9,35,12,,,,,1,1,1,1,7,1,21,0,23,15,9,30,70,4,2,1,35,1,3,61,1,0,,,,,,,2,0,0,0,4,0,2,0,2,0,4,2,35.67004,139.77895305555558,3,3,,,,
1,30,106,204,2,0,1,30000,0,102,2019,9,10,10,5,12,,,,,1,1,1,1,7,9,22,0,23,14,9,30,70,5,3,1,45,45,51,61,0,0,,,,,,,0,0,40,0,4,0,0,0,0,0,4,2,35.667878055555555,139.77405805555557,3,3,,,,
1,30,106,212,2,0,1,30000,0,102,2019,9,18,12,45,12,,,,,3,1,2,14,7,0,23,0,23,3,9,1,70,5,2,1,55,35,13,61,31,0,,,,,,,2,0,60,0,3,0,2,0,2,0,4,2,35.66984583333333,139.76474472222222,4,3,,,,
1,30,106,215,2,0,1,30000,0,102,2019,9,11,10,5,12,,,,,1,1,1,14,7,0,23,0,23,3,9,1,70,5,3,1,55,45,3,61,1,0,,,,,,,2,0,20,0,3,0,2,0,2,0,4,2,35.66734388888889,139.76254277777778,4,3,,,,
1,30,106,217,2,0,1,30000,0,102,2019,6,29,3,7,22,,,,,3,1,2,1,7,1,21,0,23,11,9,30,70,5,2,1,65,25,3,61,1,0,,,,,,,2,0,20,0,3,0,2,0,2,0,4,2,35.67052583333333,139.76156083333333,7,3,,,,
1,30,106,218,2,0,1,30000,0,102,2019,9,21,0,35,22,,,,,1,1,1,1,7,1,21,0,23,11,9,30,70,5,2,1,65,45,3,61,1,0,,,,,,,10,0,10,0,4,0,2,0,2,0,4,2,35.6683175,139.76263722222222,7,3,,,,
1,30,108,170,2,0,1,30000,0,103,2019,9,9,10,5,12,,,,,2,1,2,14,7,0,23,0,23,4,9,1,70,4,1,1,35,25,13,61,31,0,,,,,,,10,0,30,0,4,0,2,0,2,0,4,2,35.66776722222222,139.75160694444443,2,3,,,,
1,30,108,173,2,0,1,30000,0,103,2019,9,13,23,55,22,,,,,1,1,1,1,1,9,22,0,23,15,9,20,70,5,2,1,45,25,3,61,1,0,,,,,,,10,0,50,0,3,0,2,0,2,0,4,2,35.66602694444444,139.75684972222223,6,3,,,,
1,30,109,131,2,0,1,150,49,103,2019,6,4,17,20,12,,,,,1,1,1,1,1,9,22,0,23,18,9,30,70,4,2,1,45,65,51,61,0,0,,,,,,,0,0,10,0,3,0,0,0,0,0,4,2,35.647683888888885,139.74869805555554,3,3,,,,
1,30,110,136,2,0,1,30000,0,103,2019,9,6,13,10,12,,,,,1,1,1,1,1,9,22,0,23,15,8,30,70,4,2,1,55,35,3,61,1,0,,,,,,,3,0,10,0,3,0,2,0,2,0,4,2,35.629419722222224,139.73327972222222,6,3,,,,
1,30,110,143,2,0,1,30000,0,103,2019,9,12,8,33,12,,,,,1,1,1,14,7,0,23,0,23,3,9,1,70,5,2,1,45,45,3,61,31,0,,,,,,,2,0,40,0,3,0,2,0,2,0,4,2,35.64479861111111,139.73304277777777,5,3,,,,
1,30,110,147,2,0,1,150,67,103,2019,8,31,14,10,12,,,,,1,1,1,7,7,0,23,0,23,6,9,1,70,1,2,1,45,0,61,0,0,0,,,,,,,0,0,0,0,0,0,0,0,0,0,2,0,35.634079166666666,139.73830833333332,7,3,,,,
1,30,110,148,2,0,1,30000,0,103,2019,9,17,18,25,21,,,,,1,1,1,1,1,9,22,0,23,15,9,30,70,4,1,1,55,55,1,61,1,0,,,,,,,3,0,10,0,4,0,2,0,2,0,4,2,35.641061111111114,139.7377672222222,3,3,,,,
1,30,110,153,2,0,1,10140,0,103,2019,9,26,5,20,23,,,,,1,1,1,1,1,9,22,0,23,19,9,30,70,1,1,1,45,65,3,61,31,0,,,,,,,4,0,10,0,4,0,2,0,2,0,4,2,35.62896333333333,139.74501055555555,5,3,,,,
1,30,110,158,2,0,1,30000,0,103,2019,8,15,18,0,13,,,,,2,1,1,14,7,0,23,0,23,3,9,1,70,4,1,1,45,55,3,61,1,0,,,,,,,3,0,20,0,3,0,2,0,2,0,4,2,35.635918333333336,139.73081055555556,5,3,,,,
1,30,111,280,2,0,1,95000,0,103,2019,9,20,11,30,12,,,,,1,1,1,14,7,0,23,0,23,3,9,1,70,4,1,1,65,75,3,61,31,0,,,,,,,3,0,70,0,4,0,2,0,2,0,4,2,35.66096722222222,139.7348075,6,3,,,,
1,30,111,282,2,0,1,20170,0,103,2019,9,9,19,43,22,,,,,1,1,1,1,7,1,22,0,23,17,9,30,70,5,2,1,65,25,3,61,1,0,,,,,,,1,0,10,0,4,0,2,0,2,0,4,2,35.65983,139.72291222222222,2,3,,,,
1,30,111,285,2,0,1,20120,0,103,2019,9,25,14,58,12,,,,,1,1,1,14,7,0,23,0,23,6,9,1,70,4,1,1,25,45,13,61,31,0,,,,,,,4,0,80,0,3,0,2,0,2,0,4,2,35.655053055555555,139.72303583333334,4,3,,,,
1,30,111,286,2,0,1,10,57,103,2019,9,26,23,0,22,,,,,1,1,1,1,7,1,22,0,23,18,9,30,70,1,1,1,35,45,3,61,1,0,,,,,,,4,0,10,0,2,0,2,0,2,0,4,2,35.65631583333333,139.74463277777775,5,3,,,,
1,30,111,287,2,0,1,20170,0,103,2019,9,28,5,20,23,,,,,1,1,1,14,1,0,23,0,23,1,9,1,70,1,2,1,55,25,3,61,1,0,,,,,,,5,0,10,0,3,0,2,0,2,0,4,2,35.66053861111111,139.72616888888888,7,3,,,,
1,30,111,289,2,0,1,20170,0,103,2019,6,30,19,10,21,,,,,1,1,1,14,7,0,23,0,23,5,9,1,70,1,1,1,65,45,3,61,1,0,,,,,,,5,0,10,0,3,0,2,0,2,0,4,2,35.66528361111111,139.73653916666666,1,3,,,,
1,30,112,161,2,0,1,30000,0,103,2019,9,26,8,12,12,,,,,1,1,1,14,7,0,23,0,23,2,9,1,70,5,3,1,55,45,3,61,1,0,,,,,,,1,0,50,0,3,0,2,0,2,0,4,2,35.67138722222222,139.729135,5,3,,,,
1,30,112,162,2,0,1,30000,0,103,2019,9,30,9,10,12,,,,,2,1,1,1,7,1,22,0,23,11,9,30,70,5,2,1,35,25,51,61,0,0,,,,,,,0,0,10,0,4,0,0,0,0,0,4,2,35.674394444444445,139.73782888888888,2,3,,,,
1,30,113,199,2,0,1,85010,0,109,2019,9,30,10,36,12,,,,,1,1,1,14,7,0,23,0,23,4,9,1,70,1,1,1,65,25,11,61,1,0,,,,,,,4,0,10,0,3,0,2,0,2,0,4,2,35.60053083333334,139.762025,2,3,,,,
1,30,215,98,2,0,1,30000,0,109,2019,7,13,3,20,22,,,,,2,1,1,1,7,9,22,0,23,11,9,30,70,5,3,1,25,25,3,61,1,0,,,,,,,1,0,10,0,3,0,2,0,2,0,4,2,35.62150361111111,139.73501777777776,7,3,,,,
1,30,216,95,2,0,1,30000,0,109,2019,8,29,9,30,12,,,,,1,1,1,14,7,0,23,0,23,2,9,1,70,4,3,1,65,1,3,61,31,0,,,,,,,2,0,10,0,3,0,2,0,2,0,4,2,35.599583888888894,139.72301694444445,5,3,,,,
1,30,216,98,2,0,1,30000,0,109,2019,9,15,10,45,12,,,,,1,1,1,1,7,9,22,0,23,14,9,30,1,5,3,1,75,35,3,61,1,0,,,,,,,2,0,10,0,4,0,2,0,2,0,4,2,35.60382333333334,139.72947972222224,1,2,,,,
1,30,217,138,2,0,1,30000,0,109,2019,8,24,0,10,22,,,,,1,1,1,14,7,0,23,0,23,1,9,1,70,5,2,1,75,35,3,61,1,0,,,,,,,10,0,10,0,4,0,2,0,2,0,4,2,35.62759583333333,139.72181,7,3,,,,
1,30,218,152,2,0,1,30130,0,109,2019,8,7,10,42,12,,,,,1,1,1,7,1,0,23,0,23,2,9,1,70,5,3,1,35,75,51,61,0,0,,,,,,,0,0,20,0,4,0,0,0,0,0,4,2,35.60664888888889,139.72763972222222,4,3,,,,
1,30,218,155,2,0,1,30000,0,109,2019,9,9,11,0,12,,,,,1,1,1,1,7,0,23,0,23,15,9,30,70,5,3,1,75,0,61,0,0,0,,,,,,,0,0,0,0,0,0,0,0,0,0,2,0,35.61580888888889,139.7141786111111,2,3,,,,
1,30,218,156,2,0,1,30000,0,109,2019,9,10,10,45,12,,,,,1,1,1,14,7,0,23,0,23,2,9,1,70,5,3,1,1,0,61,0,0,0,,,,,,,0,0,0,0,0,0,0,0,0,0,2,0,35.602040555555554,139.71979944444445,3,3,,,,
1,30,218,157,2,0,1,20000,0,109,2019,9,7,18,30,21,,,,,1,1,1,14,7,0,23,0,23,2,9,1,70,5,2,1,75,0,61,0,0,0,,,,,,,0,0,0,0,0,0,0,0,0,0,2,0,35.601283888888894,139.7156336111111,7,3,,,,
1,30,218,162,2,0,1,10170,0,109,2019,9,3,16,55,12,,,,,2,1,1,1,1,9,22,0,23,15,9,30,70,1,2,1,55,75,17,61,1,0,,,,,,,4,0,10,0,4,0,2,0,2,0,4,2,35.61132083333334,139.70597999999998,3,3,,,,
1,30,218,165,2,0,1,30000,0,109,2019,9,3,7,20,12,,,,,2,1,1,14,7,0,23,0,23,2,9,1,70,5,3,1,1,65,51,61,0,0,,,,,,,0,0,10,0,3,0,0,0,0,0,4,2,35.61265777777778,139.71131194444445,3,3,,,,
1,30,218,166,2,0,1,30130,0,109,2019,9,20,14,10,12,,,,,1,1,1,14,7,0,23,0,23,2,9,1,70,5,3,1,65,65,4,61,31,0,,,,,,,1,0,88,0,4,0,2,0,2,0,4,2,35.60373055555556,139.7063822222222,6,3,,,,
1,30,218,175,2,0,1,30130,0,109,2019,9,11,12,20,12,,,,,1,1,1,14,7,0,23,0,23,1,9,1,70,5,3,1,1,65,51,61,0,0,,,,,,,0,0,10,0,4,0,0,0,0,0,4,2,35.60347527777778,139.70776833333332,4,3,,,,
1,30,219,323,2,0,1,30000,0,111,2019,3,21,12,42,12,,,,,1,1,1,1,7,9,22,0,23,15,9,30,70,4,2,1,35,25,3,61,31,0,,,,,,,2,0,10,0,4,0,2,0,2,0,4,2,35.58708916666667,139.72732916666666,5,1,,,,
1,30,219,352,2,0,1,150,121,111,2019,9,17,12,10,12,,,,,1,1,1,7,1,0,23,0,23,5,9,1,70,1,1,1,65,75,1,61,1,0,,,,,,,10,0,0,0,4,0,2,0,2,0,4,2,35.587451111111115,139.7358772222222,3,3,,,,
1,30,220,141,2,0,1,30150,0,111,2019,7,8,18,4,13,,,,,1,1,1,1,1,9,22,0,23,14,9,30,70,4,1,1,35,1,4,61,31,0,,,,,,,2,0,10,0,4,0,2,0,2,0,4,2,35.586823888888894,139.6983072222222,2,3,,,,
1,30,220,146,2,0,1,10190,0,111,2019,8,31,7,0,12,,,,,1,1,1,1,1,9,22,0,23,15,9,30,70,5,1,1,75,65,17,61,31,0,,,,,,,2,0,10,0,3,0,2,0,2,0,4,2,35.586691111111115,139.66914277777778,7,3,,,,
1,30,220,147,2,0,1,30000,0,111,2019,7,13,19,5,21,,,,,3,1,1,14,7,0,23,0,23,3,9,1,70,4,2,1,35,1,3,61,31,0,,,,,,,2,0,10,0,3,0,2,0,2,0,4,2,35.59744472222223,139.68164583333333,7,3,,,,
1,30,220,155,2,0,1,30000,0,111,2019,9,18,20,16,22,,,,,3,1,2,14,7,0,23,0,23,2,9,1,70,5,3,1,1,45,36,61,31,0,,,,,,,10,0,10,0,3,0,0,0,0,0,4,2,35.58857611111112,139.6719775,4,3,,,,
1,30,221,210,2,0,1,30000,0,111,2019,9,16,12,15,12,,,,,3,1,1,14,7,0,23,0,23,3,9,1,70,5,4,1,55,45,3,61,31,0,,,,,,,5,0,40,0,3,0,2,0,2,0,4,2,35.54741388888889,139.74475805555554,2,1,,,,
1,30,221,218,2,0,1,30000,0,111,2019,9,22,12,30,12,,,,,1,1,1,14,7,0,23,0,23,4,9,20,70,5,4,1,55,45,51,61,0,0,,,,,,,0,0,10,0,3,0,0,0,0,0,4,2,35.54355222222222,139.7210186111111,1,2,,,,
1,30,221,225,2,0,1,30000,0,111,2019,9,14,18,50,22,,,,,1,1,1,14,7,0,23,0,23,3,9,1,70,4,4,1,45,0,61,0,0,0,,,,,,,0,0,0,0,0,0,0,0,0,0,2,0,35.55252583333333,139.71828611111113,7,3,,,,
1,30,221,226,2,0,1,10200,0,111,2019,9,30,13,18,12,,,,,1,1,1,1,1,9,22,0,23,15,9,30,70,4,2,1,35,45,11,61,31,0,,,,,,,4,0,10,0,3,0,2,0,2,0,4,2,35.552501111111106,139.738395,2,3,,,,
1,30,221,228,2,0,1,30000,0,111,2019,9,29,8,45,12,,,,,1,1,1,14,7,0,23,0,23,2,9,1,70,4,2,1,65,75,3,61,1,0,,,,,,,5,0,40,0,4,0,2,0,2,0,4,2,35.55858555555555,139.71082527777776,1,3,,,,
1,30,222,182,2,0,1,10,136,111,2019,9,6,7,18,12,,,,,1,1,1,1,7,1,22,0,23,14,9,30,70,1,1,1,55,65,3,61,31,0,,,,,,,5,0,10,0,3,0,2,0,2,0,4,2,35.59597027777778,139.7118986111111,6,3,,,,
1,30,222,184,2,0,1,30000,0,111,2019,9,14,4,53,23,,,,,2,1,1,1,7,1,22,0,23,17,9,30,70,5,2,1,45,55,14,61,31,0,,,,,,,1,0,10,0,4,0,2,0,2,0,4,2,35.57199583333334,139.70547472222222,7,3,,,,
1,30,222,192,2,0,1,10200,0,111,2019,9,23,5,0,23,,,,,3,1,2,1,1,9,22,0,23,15,9,30,70,1,1,1,45,1,13,61,31,0,,,,,,,3,0,20,0,3,0,2,0,2,0,4,2,35.56373083333333,139.69895555555556,2,1,,,,
1,30,222,198,2,0,1,30000,0,111,2019,9,25,16,47,13,,,,,1,1,1,14,7,0,23,0,23,3,9,20,70,5,2,1,25,1,35,61,31,0,,,,,,,5,0,10,0,3,0,0,0,0,0,4,2,35.574982777777784,139.69801583333333,4,3,,,,
1,30,222,200,2,0,1,30000,0,111,2019,9,27,9,25,12,,,,,1,1,1,1,1,9,22,0,23,15,9,30,70,4,2,1,1,75,3,61,31,0,,,,,,,2,0,10,0,4,0,2,0,2,0,4,2,35.57361416666667,139.70354916666665,6,3,,,,
1,30,325,330,2,0,1,30000,0,112,2019,9,9,9,45,12,,,,,1,1,1,14,7,0,23,0,23,2,9,1,70,5,3,1,35,25,51,61,0,0,,,,,,,0,0,10,0,4,0,0,0,0,0,4,2,35.631146944444446,139.65801972222224,2,3,,,,
1,30,325,336,2,0,1,30000,0,112,2019,2,16,13,50,12,,,,,1,1,1,1,7,1,21,0,23,17,9,30,70,5,1,1,45,55,3,61,31,0,,,,,,,4,0,10,0,3,0,2,0,2,0,4,2,35.63666111111111,139.66290944444444,7,3,,,,
1,30,326,276,2,0,1,30740,0,112,2019,9,6,13,45,12,,,,,1,1,1,7,7,0,23,0,23,3,9,1,70,5,4,1,45,75,51,61,0,0,,,,,,,0,0,40,0,3,0,0,0,0,0,4,2,35.66321277777778,139.6695497222222,6,3,,,,
1,30,326,284,2,0,1,30000,0,112,2019,9,12,14,2,12,,,,,1,1,1,14,7,0,23,0,23,3,9,1,70,5,3,1,35,25,35,61,31,0,,,,,,,2,0,40,0,3,0,0,0,0,0,4,2,35.65227361111111,139.6673611111111,5,3,,,,
1,30,326,290,2,0,1,30000,0,112,2019,8,24,12,50,12,,,,,1,1,1,14,7,0,23,0,23,2,9,1,70,5,4,1,1,65,14,61,31,0,,,,,,,10,0,40,0,4,0,2,0,2,0,4,2,35.65076833333333,139.63396416666666,7,3,,,,
1,30,326,296,2,0,1,30740,0,112,2019,9,24,14,15,12,,,,,2,1,1,1,1,9,22,0,23,14,9,30,70,4,1,1,65,45,3,61,1,0,,,,,,,3,0,10,0,4,0,2,0,2,0,4,2,35.65602611111111,139.6674775,3,3,,,,
1,30,326,297,2,0,1,30000,0,113,2019,9,25,11,30,12,,,,,1,1,1,14,7,0,23,0,23,2,9,20,70,4,2,1,1,1,33,61,31,0,,,,,,,2,0,20,0,3,0,0,0,0,0,4,2,35.66630444444444,139.67351499999998,4,3,,,,
1,30,326,302,2,0,1,30000,0,112,2019,9,25,8,18,12,,,,,1,1,1,1,7,9,22,0,23,11,9,30,70,5,4,1,35,25,51,61,0,0,,,,,,,0,0,10,0,4,0,0,0,0,0,4,2,35.652273055555554,139.6467625,4,3,,,,
1,30,327,366,2,0,1,30000,0,112,2019,9,4,16,25,12,,,,,2,1,1,1,1,9,22,0,23,14,9,20,70,1,2,1,65,1,3,61,31,0,,,,,,,10,0,40,0,3,0,2,0,2,0,4,2,35.62591166666667,139.6314927777778,4,3,,,,
1,30,327,368,2,0,1,99000,0,112,2019,9,5,14,3,12,,,,,2,1,1,0,7,0,23,0,23,0,0,20,70,0,4,1,45,65,13,61,31,0,,,,,,,10,0,30,0,4,0,2,0,2,0,4,2,35.6033625,139.65284861111112,5,3,,,,
1,30,327,369,2,0,1,20240,0,112,2019,9,2,6,40,12,,,,,1,1,1,14,7,0,23,0,23,3,9,1,70,4,2,1,45,35,51,61,0,0,,,,,,,0,0,10,0,3,0,0,0,0,0,4,2,35.621269444444444,139.65170083333334,2,3,,,,
1,30,327,405,2,0,1,30000,0,112,2019,8,27,16,52,12,,,,,1,1,2,7,7,0,23,0,23,2,9,1,70,5,1,1,1,0,61,0,0,0,,,,,,,0,0,0,0,0,0,0,0,0,0,2,0,35.616005,139.6275513888889,3,3,,,,
1,30,328,389,2,0,1,30000,0,112,2019,5,18,10,10,12,,,,,1,1,1,14,7,0,23,0,23,2,9,1,70,5,4,1,45,0,61,0,0,0,,,,,,,0,0,0,0,0,0,0,0,0,0,2,0,35.66686,139.61443555555556,7,3,,,,
1,30,328,390,2,0,1,30000,0,112,2019,7,17,10,45,12,,,,,1,1,1,1,7,9,22,0,23,11,9,20,70,5,3,1,25,75,4,61,31,0,,,,,,,2,0,10,0,3,0,2,0,2,0,4,2,35.63616527777778,139.5887925,4,3,,,,
1,30,328,391,2,0,1,30000,0,112,2019,7,18,7,55,12,,,,,1,1,1,14,7,0,23,0,23,2,9,1,70,5,3,1,65,1,13,61,31,0,,,,,,,10,0,10,0,3,0,2,0,2,0,4,2,35.67709472222222,139.60098583333334,5,3,,,,
1,30,328,392,2,0,1,30000,0,112,2019,7,27,20,25,22,,,,,2,1,1,14,7,0,23,0,23,3,9,1,70,5,2,1,45,25,35,61,31,0,,,,,,,10,0,10,0,3,0,0,0,0,0,4,2,35.622953055555556,139.60502083333333,7,3,,,,
1,30,328,395,2,0,1,99000,0,112,2019,8,28,19,40,22,,,,,2,1,1,0,7,0,23,0,23,0,0,20,70,0,4,1,35,55,3,61,31,0,,,,,,,10,0,30,0,3,0,2,0,2,0,4,2,35.62011611111111,139.61454583333332,4,3,,,,
1,30,328,411,2,0,1,30000,0,112,2019,9,14,16,0,12,,,,,1,1,1,1,7,9,22,0,23,14,9,30,70,5,2,1,1,75,51,61,0,0,,,,,,,0,0,10,0,3,0,0,0,0,0,4,2,35.64194916666666,139.60397555555554,7,3,,,,
1,30,328,431,2,0,1,30000,0,112,2019,9,29,14,20,12,,,,,1,1,1,1,7,9,22,0,23,11,9,30,70,5,4,1,1,1,36,61,31,0,,,,,,,10,0,40,0,3,0,0,0,0,0,4,2,35.65633555555556,139.6244577777778,1,3,,,,
1,30,328,432,2,0,1,30000,0,112,2019,9,30,13,20,12,,,,,1,1,1,14,7,0,23,0,23,3,9,1,70,5,3,1,65,75,3,61,31,0,,,,,,,10,0,10,0,3,0,2,0,2,0,4,2,35.64071944444444,139.59795055555557,2,3,,,,
1,30,329,145,2,0,1,30000,0,110,2019,9,7,12,0,12,,,,,1,1,1,14,7,0,23,0,23,2,9,1,70,5,3,1,25,25,14,61,1,0,,,,,,,5,0,20,0,3,0,2,0,2,0,4,2,35.6305575,139.70022444444444,7,3,,,,
1,30,329,153,2,0,1,30000,0,110,2019,3,31,17,33,13,,,,,1,1,1,14,7,0,23,0,23,2,9,1,70,5,3,1,35,65,3,61,31,0,,,,,,,10,0,20,0,4,0,2,0,2,0,4,2,35.64257694444444,139.6968338888889,1,3,,,,
1,30,330,168,1,1,0,20240,0,110,2019,9,15,3,35,22,,,,,1,1,1,14,7,0,23,0,23,3,9,1,70,4,2,1,65,45,3,61,1,0,,,,,,,3,0,10,0,3,0,2,0,2,0,4,1,35.62500055555556,139.6667197222222,1,2,,,,
1,30,330,169,2,0,1,10130,0,110,2019,9,1,2,23,22,,,,,1,1,1,1,1,9,22,0,23,19,9,30,70,1,1,1,35,45,3,61,31,0,,,,,,,4,0,10,0,4,0,2,0,2,0,4,2,35.613350833333335,139.68653361111112,1,3,,,,
1,30,330,175,2,0,1,30000,0,110,2019,9,10,7,30,12,,,,,1,1,1,1,7,9,22,0,23,11,9,30,70,5,3,1,65,45,14,61,31,0,,,,,,,2,0,10,0,4,0,2,0,2,0,4,2,35.62408277777778,139.69552444444446,3,3,,,,
1,30,330,182,2,0,1,30000,0,110,2019,9,20,14,10,12,,,,,1,1,1,14,7,0,23,0,23,1,9,1,70,5,3,1,25,65,14,61,31,0,,,,,,,10,0,10,0,4,0,2,0,2,0,4,2,35.62924805555556,139.68470250000001,6,3,,,,
1,30,330,192,2,0,1,30000,0,110,2019,9,26,0,45,22,,,,,1,1,1,14,7,0,23,0,23,1,9,1,70,5,4,1,25,25,51,61,0,0,,,,,,,0,0,10,0,3,0,0,0,0,0,4,2,35.61917583333334,139.67069777777778,5,3,,,,
1,30,331,111,2,0,1,30000,0,113,2019,9,1,1,40,22,,,,,1,1,1,1,1,9,22,0,23,18,9,30,70,4,2,1,25,1,51,61,0,0,,,,,,,0,0,10,0,4,0,0,0,0,0,4,2,35.663489999999996,139.70122305555554,1,3,,,,
1,30,331,120,2,0,1,30000,0,113,2019,9,30,19,40,22,,,,,2,1,1,7,7,0,23,0,23,2,9,1,70,5,4,1,35,25,51,61,0,0,,,,,,,0,0,20,0,3,0,0,0,0,0,4,2,35.66314055555556,139.7094936111111,2,3,,,,
1,30,331,122,2,0,1,20240,0,113,2019,6,10,0,40,22,,,,,3,1,2,14,7,0,23,0,23,6,9,1,70,4,1,1,55,0,61,0,0,0,,,,,,,0,0,0,0,0,0,0,0,0,0,2,0,35.64667194444444,139.70306749999997,2,3,,,,
1,30,333,170,2,0,1,20270,0,113,2019,9,5,20,45,22,,,,,1,1,1,1,2,9,22,0,23,17,8,30,70,1,1,1,25,1,3,61,31,0,,,,,,,4,0,80,0,3,0,2,0,2,0,4,2,35.667946944444445,139.68601361111112,5,3,,,,
1,30,333,171,2,0,1,90000,0,113,2019,9,4,15,55,12,,,,,2,1,1,14,7,0,23,0,23,1,9,1,70,5,4,1,55,55,3,61,31,0,,,,,,,2,0,10,0,4,0,2,0,2,0,4,2,35.67418222222222,139.66900805555554,4,3,,,,