資料区分,都道府県コード,警察署等コード,本票番号,事故内容,死者数,負傷者数,路線コード,地点コード,市区町村コード,発生日時　　年,発生日時　　月,発生日時　　日,発生日時　　時,発生日時　　分,昼夜,日の出時刻　　時,日の出時刻　　分,日の入り時刻　　時,日の入り時刻　　分,天候,地形,路面状態,道路形状,信号機,一時停止規制　標識（当事者A）,一時停止規制　表示（当事者A）,一時停止規制　標識（当事者B）,一時停止規制　表示（当事者B）,車道幅員,道路線形,衝突地点,ゾーン規制,中央分離帯施設等,歩車道区分,事故類型,年齢（当事者A）,年齢（当事者B）,当事者種別（当事者A）,当事者種別（当事者B）,用途別（当事者A）,用途別（当事者B）,車両形状等（当事者A）,車両形状等（当事者B）,オートマチック車（当事者A）,オートマチック車（当事者B）,サポカー（当事者A）,サポカー（当事者B）,速度規制（指定のみ）（当事者A）,速度規制（指定のみ）（当事者B）,車両の衝突部位（当事者A）,車両の衝突部位（当事者B）,車両の損壊程度（当事者A）,車両の損壊程度（当事者B）,エアバッグの装備（当事者A）,エアバッグの装備（当事者B）,サイドエアバッグの装備（当事者A）,サイドエアバッグの装備（当事者B）,人身損傷程度（当事者A）,人身損傷程度（当事者B）,lat,lon,曜日(発生年月日),祝日(発生年月日),認知機能検査経過日数（当事者A）,認知機能検査経過日数（当事者B）,運転練習の方法（当事者A）,運転練習の方法（当事者B）
1,30,333,178,2,0,1,20270,0,113,2019,8,7,16,54,12,,,,,1,1,1,1,1,9,22,0,23,18,9,30,70,1,1,1,35,45,3,61,31,0,,,,,,,5,0,10,0,3,0,2,0,2,0,4,2,35.66833277777778,139.6792711111111,4,3,,,,
1,30,435,94,2,0,1,10050,0,104,2019,8,9,14,20,12,,,,,1,1,1,14,7,0,23,0,23,1,9,20,70,5,1,1,1,75,52,61,0,0,,,,,,,0,0,0,0,4,0,0,0,0,0,4,2,35.69202277777777,139.7206711111111,6,3,,,,
1,30,435,107,2,0,1,30870,0,104,2019,9,6,21,15,22,,,,,1,1,1,1,1,9,22,0,23,14,9,30,70,5,2,1,45,35,51,61,0,0,,,,,,,0,0,10,0,4,0,0,0,0,0,4,2,35.704104722222226,139.73318194444445,6,3,,,,
1,30,436,184,2,0,1,10050,0,104,2019,3,31,12,18,12,,,,,1,1,1,1,1,9,22,0,23,17,9,30,70,1,2,1,45,55,51,61,0,0,,,,,,,0,0,10,0,3,0,0,0,0,0,4,2,35.693799166666665,139.70088083333331,1,3,,,,
1,30,436,189,2,0,1,30000,0,104,2019,9,16,17,10,13,,,,,1,1,1,1,7,9,22,0,23,11,9,30,70,5,3,1,25,45,3,61,31,0,,,,,,,10,0,80,0,4,0,2,0,2,0,4,2,35.702040555555556,139.69979916666668,2,1,,,,
1,30,436,192,2,0,1,30000,0,104,2019,9,14,20,55,22,,,,,1,1,1,14,7,0,23,0,23,1,9,1,70,5,4,1,45,45,3,61,1,0,,,,,,,10,0,50,0,3,0,2,0,2,0,4,2,35.70042611111111,139.70306722222222,7,3,,,,
1,30,436,196,2,0,1,10050,0,104,2019,9,20,19,15,22,,,,,1,1,1,14,1,0,23,0,23,6,9,1,70,1,2,1,25,35,17,61,31,0,,,,,,,5,0,30,0,4,0,1,0,2,0,4,2,35.69354472222222,139.7009036111111,6,3,,,,
1,30,436,197,2,0,1,20000,0,104,2019,8,11,7,45,12,,,,,2,1,1,14,7,0,23,0,23,2,9,1,70,5,4,1,45,35,17,61,31,0,,,,,,,10,0,80,0,4,0,2,0,2,0,4,2,35.696241666666666,139.70410416666667,1,1,,,,
1,30,436,199,2,0,2,10090,0,104,2019,9,25,13,10,12,,,,,1,1,1,1,1,0,23,0,23,19,9,30,70,1,2,1,1,0,61,0,0,0,,,,,,,0,0,0,0,0,0,0,0,0,0,2,0,35.69474833333333,139.70688833333332,4,3,,,,
1,30,438,124,2,0,1,30000,0,104,2019,7,5,16,21,12,,,,,2,1,1,14,7,0,23,0,23,2,9,1,70,5,3,1,1,75,4,61,31,0,,,,,,,10,0,10,0,3,0,2,0,2,0,4,2,35.693554166666665,139.7075047222222,6,3,,,,
1,30,438,127,2,0,1,10090,0,104,2019,9,4,7,0,12,,,,,2,1,1,1,7,9,22,0,23,17,9,30,70,4,1,1,75,25,3,61,1,0,,,,,,,4,0,50,0,3,0,2,0,2,0,4,2,35.69291638888888,139.7060872222222,4,3,,,,
1,30,438,128,2,0,1,30000,0,104,2019,9,4,9,25,12,,,,,1,1,1,7,7,0,23,0,23,2,9,1,1,5,3,1,65,35,3,61,1,0,,,,,,,2,0,10,0,3,0,2,0,2,0,4,2,35.69031527777778,139.71239138888888,4,3,,,,
1,30,438,129,2,0,1,30000,0,104,2019,9,5,20,35,22,,,,,1,1,1,14,7,0,23,0,23,4,9,1,70,4,2,1,35,25,3,61,31,0,,,,,,,3,0,20,0,3,0,2,0,2,0,4,2,35.675195555555554,139.7153625,5,3,,,,
1,30,438,135,2,0,1,20090,0,104,2019,9,11,7,0,12,,,,,1,1,1,1,1,9,22,0,23,14,9,30,70,1,1,1,35,55,52,61,0,0,,,,,,,0,0,30,0,4,0,0,0,0,0,4,2,35.68804027777777,139.72991555555555,4,3,,,,
1,30,439,230,2,0,1,20280,0,114,2019,9,3,18,30,21,,,,,3,1,2,7,1,0,23,0,23,2,9,1,70,4,3,1,1,1,51,61,0,0,,,,,,,0,0,10,0,3,0,0,0,0,0,4,2,35.69582833333333,139.66708388888887,3,3,,,,
1,30,439,231,2,0,1,30000,0,114,2019,9,5,7,25,12,,,,,2,1,1,14,7,0,23,0,23,2,9,1,70,5,4,1,45,45,3,61,31,0,,,,,,,10,0,30,0,3,0,2,0,2,0,4,2,35.708615,139.67068333333333,5,3,,,,
1,30,439,235,2,0,1,10240,0,114,2019,9,9,11,48,12,,,,,1,1,1,1,1,9,22,0,23,17,9,30,70,4,1,1,1,65,51,61,0,0,,,,,,,0,0,10,0,3,0,0,0,0,0,4,2,35.69746083333333,139.66469527777778,2,3,,,,
1,30,439,237,2,0,1,95000,0,114,2019,9,5,11,25,12,,,,,1,1,1,0,7,0,23,0,23,0,0,20,70,0,4,1,45,55,14,61,1,0,,,,,,,10,0,10,0,3,0,2,0,2,0,4,2,35.697987499999996,139.66591472222223,5,3,,,,
1,30,439,246,2,0,1,10220,0,114,2019,9,24,9,40,12,,,,,1,1,1,1,1,9,22,0,23,14,9,30,70,5,2,1,45,75,51,61,0,0,,,,,,,0,0,10,0,3,0,0,0,0,0,4,2,35.70958416666667,139.6705172222222,3,3,,,,
1,30,439,250,2,0,1,20280,0,114,2019,9,27,14,42,12,,,,,1,1,1,7,1,0,23,0,23,3,9,1,70,4,2,1,55,1,3,61,1,0,,,,,,,3,0,20,0,3,0,2,0,2,0,4,2,35.68715444444444,139.66903277777777,6,3,,,,
1,30,439,251,2,0,1,30000,0,114,2019,9,28,13,5,12,,,,,1,1,1,1,7,9,22,0,23,11,9,30,70,5,3,1,35,45,13,61,31,0,,,,,,,5,0,10,0,3,0,2,0,2,0,4,2,35.70800166666667,139.66722583333333,7,3,,,,
1,30,440,241,2,0,1,30000,0,114,2019,9,28,15,0,12,,,,,1,1,1,14,7,0,23,0,23,2,8,1,70,5,4,1,45,1,3,61,31,0,,,,,,,10,0,50,0,4,0,2,0,2,0,4,2,35.720705,139.66498944444444,7,3,,,,
1,30,441,235,2,0,1,30880,0,115,2019,9,1,14,30,12,,,,,2,1,1,14,7,0,23,0,23,4,9,1,70,4,2,1,65,65,51,61,0,0,,,,,,,0,0,10,0,4,0,0,0,0,0,4,2,35.70016027777778,139.6494525,1,3,,,,
1,30,441,237,2,0,1,10240,0,115,2019,9,1,23,20,22,,,,,1,1,1,7,1,0,23,0,23,5,9,1,70,4,2,1,25,25,3,61,31,0,,,,,,,10,0,10,0,3,0,2,0,2,0,4,2,35.69805805555555,139.65504944444444,1,3,,,,
1,30,441,240,2,0,1,10240,0,115,2019,9,10,15,55,12,,,,,1,1,1,14,1,0,23,0,23,2,8,1,70,4,2,1,1,25,51,61,0,0,,,,,,,0,0,10,0,3,0,0,0,0,0,4,2,35.70383555555556,139.62637944444444,3,3,,,,
1,30,441,246,2,0,1,10130,0,115,2019,9,21,16,0,12,,,,,1,1,1,1,1,9,22,0,23,17,9,30,70,1,1,1,1,65,51,61,0,0,,,,,,,0,0,40,0,3,0,0,0,0,0,4,2,35.68876444444444,139.65534583333334,7,3,,,,
1,30,442,276,2,0,1,30000,0,115,2019,9,9,21,20,22,,,,,1,1,1,1,7,1,21,0,23,11,9,30,70,5,3,1,1,55,51,61,0,0,,,,,,,0,0,10,0,4,0,0,0,0,0,4,2,35.668211666666664,139.63269944444446,2,3,,,,
1,30,442,280,2,0,1,10270,0,115,2019,9,13,15,45,12,,,,,2,1,1,14,7,0,23,0,23,2,9,1,70,5,3,1,55,1,4,61,31,0,,,,,,,2,0,10,0,3,0,2,0,2,0,4,2,35.68783527777777,139.60960166666666,6,3,,,,
1,30,442,285,2,0,1,10200,0,115,2019,9,16,21,18,22,,,,,1,1,1,7,1,0,23,0,23,1,9,1,70,1,2,1,55,75,3,61,1,0,,,,,,,4,0,10,0,3,0,2,0,2,0,4,2,35.681624444444445,139.61496305555556,2,1,,,,
1,30,442,288,2,0,1,30000,0,115,2019,9,25,13,15,12,,,,,1,1,1,7,7,0,23,0,23,2,9,1,70,5,4,1,35,1,36,61,31,0,,,,,,,2,0,20,0,3,0,0,0,0,0,4,2,35.685114999999996,139.59858944444446,4,3,,,,
1,30,442,289,2,0,1,30000,0,115,2019,9,25,15,0,12,,,,,1,1,1,7,7,0,23,0,23,3,9,1,70,5,4,1,25,1,51,61,0,0,,,,,,,0,0,40,0,4,0,0,0,0,0,4,2,35.688134999999996,139.6211761111111,4,3,,,,
1,30,442,297,2,0,1,10230,0,115,2019,9,28,16,20,12,,,,,1,1,1,14,1,0,23,0,23,1,9,1,70,4,2,1,25,25,51,61,0,0,,,,,,,0,0,10,0,4,0,0,0,0,0,4,2,35.683365277777774,139.65651166666666,7,3,,,,
1,30,442,303,2,0,1,30000,0,115,2019,9,19,16,40,12,,,,,1,1,1,14,7,0,23,0,23,3,9,1,70,5,3,1,35,1,36,61,31,0,,,,,,,1,0,40,0,4,0,0,0,0,0,4,2,35.67731611111111,139.60982444444443,5,3,,,,
1,30,443,209,2,0,1,10240,0,115,2019,9,11,11,28,12,,,,,2,1,1,14,7,0,23,0,23,5,8,1,70,4,1,1,35,25,13,61,31,0,,,,,,,5,0,30,0,4,0,2,0,2,0,4,2,35.70426638888889,139.62485944444444,4,3,,,,
1,30,443,210,2,0,1,99000,0,115,2019,9,12,16,50,12,,,,,1,1,1,0,7,0,23,0,23,0,0,20,70,0,4,1,55,65,3,61,31,0,,,,,,,10,0,40,0,3,0,2,0,2,0,4,2,35.71584277777778,139.59689916666667,5,3,,,,
1,30,443,214,2,0,1,10240,0,115,2019,9,2,13,55,12,,,,,1,1,1,1,1,9,22,0,23,17,9,30,70,4,2,1,45,45,3,61,31,0,,,,,,,5,0,40,0,3,0,2,0,2,0,4,2,35.70350861111111,139.62661583333335,2,3,,,,
1,30,443,217,2,0,1,30000,0,115,2019,9,19,11,18,12,,,,,1,1,1,14,7,0,23,0,23,3,9,1,70,5,3,1,75,35,3,61,31,0,,,,,,,10,0,40,0,4,0,2,0,2,0,4,2,35.70379444444445,139.62106500000002,5,3,,,,
1,30,443,218,2,0,1,30000,0,115,2019,9,20,9,45,12,,,,,1,1,1,14,7,0,23,0,23,1,9,1,70,5,3,1,25,75,51,61,0,0,,,,,,,0,0,10,0,3,0,0,0,0,0,4,2,35.710280833333336,139.60714249999998,6,3,,,,
1,30,443,221,2,0,1,30000,0,115,2019,9,27,2,30,22,,,,,1,1,1,14,7,0,23,0,23,3,9,1,70,5,2,1,45,35,3,61,1,0,,,,,,,2,0,40,0,3,0,2,0,2,0,4,2,35.704350833333336,139.62147972222223,6,3,,,,
1,30,545,86,2,0,1,30000,0,105,2019,9,7,18,16,21,,,,,1,1,1,1,3,9,22,0,23,18,9,30,70,5,2,1,55,75,3,61,31,0,,,,,,,3,0,10,0,3,0,2,0,2,0,4,2,35.70684694444445,139.7479486111111,7,3,,,,
1,30,546,80,2,0,1,30000,0,105,2019,9,22,21,0,22,,,,,3,1,2,14,7,0,23,0,23,3,9,1,70,4,4,1,65,25,3,61,1,0,,,,,,,1,0,40,0,3,0,2,0,2,0,4,2,35.7167775,139.72556972222222,1,2,,,,
1,30,547,53,2,0,1,30000,0,105,2019,9,13,18,22,21,,,,,2,1,1,1,7,9,22,0,23,11,9,30,70,4,2,1,45,55,3,61,31,0,,,,,,,10,0,40,0,4,0,2,0,2,0,4,2,35.718075,139.76546472222222,6,3,,,,
1,30,548,65,2,0,1,20370,0,105,2019,8,31,21,5,22,,,,,1,1,1,1,1,9,22,0,23,14,9,30,70,5,1,1,35,45,13,61,31,0,,,,,,,3,0,12,0,3,0,2,0,2,0,4,2,35.72481583333334,139.7632052777778,7,3,,,,
1,30,549,103,2,0,1,30000,0,116,2019,9,1,18,40,21,,,,,1,1,1,14,7,0,23,0,23,5,9,20,70,4,2,1,75,75,36,61,31,0,,,,,,,2,0,10,0,3,0,0,0,0,0,4,2,35.72879722222223,139.72933555555556,1,3,,,,
1,30,549,104,2,0,1,20000,0,116,2019,9,3,14,50,12,,,,,2,1,1,14,7,0,23,0,23,4,9,1,70,4,1,1,25,65,3,61,31,0,,,,,,,3,0,30,0,4,0,2,0,2,0,4,2,35.72730388888889,139.73352722222222,3,3,,,,
1,30,549,105,2,0,1,30000,0,116,2019,9,3,18,50,21,,,,,2,1,1,14,7,0,23,0,23,2,9,1,70,5,3,1,65,35,13,61,31,0,,,,,,,10,0,80,0,4,0,2,0,2,0,4,2,35.73002,139.72862416666666,3,3,,,,
1,30,549,107,2,0,1,30000,0,116,2019,9,7,13,10,12,,,,,1,1,1,14,7,0,23,0,23,4,9,1,70,4,2,1,55,65,51,61,0,0,,,,,,,0,0,10,0,3,0,0,0,0,0,4,2,35.73773,139.72313166666666,7,3,,,,
1,30,549,108,2,0,1,30000,0,116,2019,9,7,19,36,22,,,,,1,1,1,14,7,0,23,0,23,4,9,20,70,4,2,1,25,55,51,61,0,0,,,,,,,0,0,40,0,3,0,0,0,0,0,4,2,35.732616666666665,139.73063944444445,7,3,,,,
1,30,549,109,2,0,1,170,69,116,2019,9,8,21,40,22,,,,,3,1,1,7,1,0,23,0,23,6,9,1,70,1,1,1,35,55,3,61,31,0,,,,,,,4,0,10,0,3,0,2,0,2,0,4,2,35.733764722222226,139.7381722222222,1,3,,,,
1,30,550,154,1,1,0,30000,0,116,2019,9,23,3,0,22,,,,,3,1,2,14,7,0,23,0,23,2,9,1,70,5,2,1,45,1,12,61,31,0,,,,,,,10,0,10,0,4,0,2,0,2,0,4,1,35.729640833333335,139.7064811111111,2,1,,,,
1,30,550,156,2,0,1,10090,0,116,2019,9,4,9,50,12,,,,,2,1,1,1,1,0,23,0,23,18,9,30,70,4,1,1,35,0,61,0,0,0,,,,,,,0,0,0,0,0,0,0,0,0,0,2,0,35.73237638888889,139.71498416666665,4,3,,,,
1,30,550,162,2,0,1,30000,0,116,2019,9,10,15,35,12,,,,,1,1,1,1,7,9,22,0,23,11,9,30,70,5,4,1,25,1,13,61,31,0,,,,,,,10,0,10,0,3,0,2,0,2,0,4,2,35.73660638888889,139.70439805555554,3,3,,,,
1,30,550,164,2,0,1,10090,0,116,2019,9,14,16,45,12,,,,,2,1,1,14,7,0,23,0,23,4,9,1,70,4,1,1,25,1,51,61,0,0,,,,,,,0,0,10,0,4,0,0,0,0,0,4,2,35.732888055555556,139.71560333333332,7,3,,,,
1,30,550,166,2,0,1,10090,0,116,2019,9,24,7,15,12,,,,,1,1,1,1,1,9,22,0,23,17,9,30,70,3,1,1,1,55,3,61,31,0,,,,,,,4,0,40,0,3,0,2,0,2,0,4,2,35.73771861111111,139.72131083333335,3,3,,,,
1,30,550,167,2,0,1,30000,0,116,2019,9,25,16,10,12,,,,,1,1,1,14,7,0,23,0,23,4,9,1,70,4,1,1,1,45,51,61,0,0,,,,,,,0,0,10,0,3,0,0,0,0,0,4,2,35.732059444444445,139.71143999999998,4,3,,,,
1,30,550,168,2,0,1,30000,0,116,2019,9,30,8,20,12,,,,,1,1,1,14,7,0,23,0,23,2,9,1,70,5,3,1,45,55,3,61,31,0,,,,,,,10,0,10,0,3,0,2,0,2,0,4,2,35.72936888888889,139.71650694444443,2,3,,,,
1,30,550,169,2,0,1,30000,0,116,2019,9,15,9,30,12,,,,,1,1,1,14,7,0,23,0,23,3,9,1,70,4,3,1,35,0,61,0,0,0,,,,,,,0,0,0,0,0,0,0,0,0,0,2,0,35.74107888888889,139.71217833333333,1,2,,,,
1,30,550,170,2,0,1,30000,0,116,2019,9,18,5,25,23,,,,,2,1,1,14,7,0,23,0,23,3,9,1,70,4,1,1,45,35,12,61,31,0,,,,,,,10,0,70,0,4,0,2,0,2,0,4,2,35.731747222222225,139.7104613888889,4,3,,,,
1,30,552,118,2,0,1,90000,0,117,2019,9,1,7,45,12,,,,,1,1,1,0,7,0,23,0,23,0,0,20,70,0,4,1,45,1,3,61,31,0,,,,,,,5,0,10,0,4,0,2,0,2,0,4,2,35.744461111111114,139.7335897222222,1,3,,,,
1,30,552,121,2,0,1,20400,0,117,2019,9,3,19,20,22,,,,,3,1,2,1,1,9,22,0,23,18,9,30,70,4,2,1,1,65,51,61,0,0,,,,,,,0,0,10,0,3,0,0,0,0,0,4,2,35.743252222222225,139.74688388888887,3,3,,,,
1,30,552,122,2,0,1,30000,0,117,2019,9,3,17,5,12,,,,,2,1,1,7,1,0,23,0,23,1,9,1,70,4,1,1,45,1,1,61,1,0,,,,,,,2,0,10,0,3,0,2,0,2,0,4,2,35.738667222222226,139.76512555555556,3,3,,,,
1,30,552,126,2,0,1,10090,0,117,2019,9,9,11,25,12,,,,,1,1,1,1,1,9,22,0,23,18,9,30,70,5,2,1,65,75,4,61,31,0,,,,,,,4,0,10,0,3,0,2,0,2,0,4,2,35.74710972222222,139.7546461111111,2,3,,,,
1,30,552,128,2,0,1,10090,0,117,2019,9,12,10,40,12,,,,,1,1,1,7,1,0,23,0,23,3,9,1,70,1,1,1,45,75,13,61,31,0,,,,,,,4,0,40,0,4,0,2,0,2,0,4,2,35.749275555555556,139.75089722222222,5,3,,,,
1,30,552,137,2,0,1,30000,0,117,2019,9,2,10,50,12,,,,,1,1,1,14,7,0,23,0,23,2,9,1,70,5,3,1,65,75,4,61,31,0,,,,,,,10,0,0,0,4,0,2,0,2,0,4,2,35.74557083333333,139.7238011111111,2,3,,,,
1,30,553,82,2,0,1,30000,0,117,2019,9,11,8,46,12,,,,,1,1,1,14,7,0,23,0,23,2,8,1,70,5,2,1,25,1,51,61,0,0,,,,,,,0,0,10,0,3,0,0,0,0,0,4,2,35.76934111111111,139.72316305555555,4,3,,,,
1,30,553,86,2,0,1,10090,0,117,2019,9,27,21,20,22,,,,,1,1,1,14,7,0,23,0,23,2,9,1,70,5,2,1,45,55,14,61,1,0,,,,,,,4,0,20,0,3,0,2,0,2,0,4,2,35.75496,139.73992027777777,6,3,,,,
1,30,554,123,2,0,1,30000,0,117,2019,9,10,16,0,12,,,,,1,1,1,14,7,0,23,0,23,3,9,1,70,5,4,1,75,65,51,61,0,0,,,,,,,0,0,10,0,4,0,0,0,0,0,4,2,35.77930472222222,139.72319166666668,3,3,,,,
1,30,555,301,2,0,1,170,0,119,2019,8,27,1,10,22,,,,,1,1,1,1,1,9,22,0,23,18,9,30,70,1,1,1,75,75,3,61,1,0,,,,,,,5,0,10,0,2,0,2,0,2,0,4,2,35.748803333333335,139.71972444444444,3,3,,,,
1,30,555,303,2,0,1,30000,0,119,2019,9,3,14,0,12,,,,,2,1,1,14,7,0,23,0,23,1,9,1,70,5,3,1,45,75,14,61,1,0,,,,,,,10,0,10,0,4,0,2,0,2,0,4,2,35.75636,139.69602333333333,3,3,,,,
1,30,555,304,2,0,1,30000,0,119,2019,5,26,14,27,12,,,,,1,1,1,14,7,0,23,0,23,3,9,1,70,5,3,1,25,35,3,61,31,0,,,,,,,2,0,20,0,4,0,2,0,2,0,4,2,35.7513775,139.7115025,1,3,,,,
1,30,555,305,2,0,1,30000,0,119,2019,9,8,22,45,22,,,,,3,1,2,7,1,0,23,0,23,3,9,1,70,5,2,1,1,25,4,61,31,0,,,,,,,10,0,10,0,3,0,2,0,2,0,4,2,35.757221111111114,139.6886475,1,3,,,,
1,30,555,306,2,0,1,30000,0,119,2019,9,9,8,48,12,,,,,1,1,1,14,7,0,23,0,23,2,9,1,70,5,4,1,55,55,3,61,31,0,,,,,,,5,0,40,0,3,0,2,0,2,0,4,2,35.755435,139.69430916666667,2,3,,,,
1,30,555,319,2,0,1,10130,0,119,2019,9,6,11,20,12,,,,,1,1,1,14,7,0,23,0,23,6,9,1,70,2,1,1,35,55,51,61,0,0,,,,,,,0,0,10,0,3,0,0,0,0,0,4,2,35.761851666666665,139.70738583333332,6,3,,,,
1,30,555,320,2,0,1,30000,0,119,2019,9,27,10,22,12,,,,,1,1,1,14,7,0,23,0,23,3,9,1,70,5,3,1,45,35,17,61,1,0,,,,,,,2,0,40,0,4,0,2,0,2,0,4,2,35.75423611111111,139.70744638888888,6,3,,,,
1,30,556,185,2,0,1,30000,0,119,2019,5,8,10,45,12,,,,,1,1,1,14,7,0,23,0,23,3,7,1,70,4,3,1,35,35,17,61,31,0,,,,,,,2,0,30,0,4,0,2,0,2,0,4,2,35.777857499999996,139.6717075,4,3,,,,
1,30,556,187,2,0,1,30000,0,119,2019,8,10,20,24,22,,,,,1,1,1,14,7,0,23,0,23,3,9,1,70,5,3,1,35,65,3,61,31,0,,,,,,,2,0,30,0,3,0,2,0,2,0,4,2,35.78712111111111,139.67571222222222,7,2,,,,
1,30,556,193,2,0,1,30000,0,119,2019,9,6,11,55,12,,,,,1,1,1,1,7,9,22,0,23,11,9,30,70,4,2,1,45,55,13,61,31,0,,,,,,,1,0,80,0,4,0,2,0,2,0,4,2,35.769370277777774,139.70534527777775,6,3,,,,
1,30,556,203,2,0,2,170,127,119,2019,8,9,4,10,23,,,,,1,1,1,14,7,0,23,0,23,5,9,1,70,4,2,1,25,55,5,61,31,0,,,,,,,5,0,14,0,3,0,2,0,2,0,2,2,35.77098194444444,139.700335,6,3,,,,
1,30,556,204,2,0,1,30000,0,119,2019,9,24,8,30,12,,,,,1,1,2,14,7,0,23,0,23,3,9,1,70,5,3,1,75,55,13,61,31,0,,,,,,,2,0,40,0,3,0,2,0,2,0,4,2,35.77437444444444,139.6960061111111,3,3,,,,
1,30,556,205,2,0,1,95000,0,119,2019,9,24,14,45,12,,,,,3,1,2,1,7,9,22,0,23,14,7,30,70,4,2,1,65,1,3,61,31,0,,,,,,,3,0,20,0,3,0,2,0,2,0,4,2,35.76768472222222,139.693575,3,3,,,,
1,30,557,251,2,0,1,20430,0,120,2019,9,9,18,28,21,,,,,1,1,1,14,7,0,23,0,23,3,9,1,70,4,2,1,45,25,4,61,31,0,,,,,,,3,0,10,0,3,0,2,0,2,0,4,2,35.73819777777778,139.6628836111111,2,3,,,,
1,30,558,283,2,0,1,10240,0,120,2019,9,2,21,40,22,,,,,1,1,1,1,7,9,22,0,23,17,9,30,70,4,2,1,25,45,14,61,31,0,,,,,,,5,0,80,0,4,0,2,0,2,0,4,2,35.72238055555556,139.5861952777778,2,3,,,,
1,30,558,289,2,0,1,30000,0,120,2019,8,5,7,12,12,,,,,1,1,1,14,7,0,23,0,23,1,9,1,70,5,4,1,65,35,51,61,0,0,,,,,,,0,0,10,0,3,0,0,0,0,0,4,2,35.739666666666665,139.6081113888889,2,3,,,,
1,30,558,300,2,0,1,30000,0,120,2019,9,27,12,44,12,,,,,1,1,1,1,1,8,22,0,23,15,9,30,70,4,2,1,45,65,3,61,31,0,,,,,,,2,0,10,0,3,0,2,0,2,0,4,2,35.73343027777778,139.59015250000002,6,3,,,,
1,30,558,301,2,0,1,20230,0,120,2019,8,29,18,49,21,,,,,1,1,1,14,7,0,23,0,23,3,9,1,70,5,4,1,45,35,1,61,1,0,,,,,,,3,0,40,0,4,0,2,0,2,0,4,2,35.717758333333336,139.58288,5,3,,,,
1,30,558,303,2,0,1,30000,0,120,2019,9,28,11,28,12,,,,,1,1,1,7,7,0,23,0,23,2,9,1,1,5,3,1,35,75,51,61,0,0,,,,,,,0,0,10,0,4,0,0,0,0,0,4,2,35.72606722222223,139.59135444444445,7,3,,,,
1,30,559,169,2,0,1,30000,0,119,2019,9,28,15,30,12,,,,,1,1,1,7,1,0,23,0,23,2,9,20,70,5,3,1,65,75,13,61,31,0,,,,,,,3,0,10,0,4,0,2,0,2,0,4,2,35.77617444444444,139.6469736111111,7,3,,,,
1,30,559,170,2,0,1,30930,0,119,2019,9,18,19,5,22,,,,,3,1,2,1,1,9,22,0,23,11,9,30,70,4,2,1,25,55,3,61,31,0,,,,,,,3,0,18,0,3,0,2,0,2,0,4,2,35.790348611111106,139.66053555555555,4,3,,,,
1,30,560,276,2,0,1,20000,0,120,2019,9,2,7,43,12,,,,,1,1,1,14,7,0,23,0,23,3,9,1,70,5,1,1,1,35,51,61,0,0,,,,,,,0,0,10,0,3,0,0,0,0,0,4,2,35.75866444444444,139.6225975,2,3,,,,
1,30,560,282,2,0,1,30000,0,120,2019,9,8,3,10,22,,,,,1,1,1,1,1,9,22,0,23,15,9,30,70,4,2,1,55,1,3,61,31,0,,,,,,,10,0,10,0,2,0,2,0,2,0,4,2,35.75646527777778,139.62212944444445,1,3,,,,
1,30,560,283,2,0,1,30000,0,120,2019,9,8,8,0,12,,,,,1,1,1,14,7,0,23,0,23,2,9,1,70,5,3,1,1,65,51,61,0,0,,,,,,,0,0,10,0,3,0,0,0,0,0,4,2,35.764489166666664,139.64964138888888,1,3,,,,
1,30,560,293,2,0,1,30000,0,120,2019,9,17,22,45,22,,,,,1,1,1,14,7,0,23,0,23,2,9,1,70,5,3,1,35,25,51,61,0,0,,,,,,,0,0,10,0,3,0,0,0,0,0,4,2,35.73594055555556,139.62551805555557,3,3,,,,
1,30,560,306,2,0,1,30000,0,120,2019,9,28,10,46,12,,,,,1,1,1,1,7,9,22,0,23,14,9,30,70,5,3,1,55,75,3,61,31,0,,,,,,,2,0,20,0,3,0,2,0,2,0,4,2,35.76879527777778,139.64471416666666,7,3,,,,
1,30,660,172,2,0,1,30000,0,106,2019,9,3,18,5,13,,,,,2,1,2,14,7,0,23,0,23,1,9,1,70,5,1,1,65,45,51,61,0,0,,,,,,,0,0,0,0,4,0,0,0,0,0,4,2,35.714510000000004,139.7828713888889,3,3,,,,
1,30,660,178,2,0,1,30000,0,106,2019,9,22,22,0,22,,,,,3,1,2,1,7,1,22,0,23,15,9,30,70,5,2,1,45,45,3,61,31,0,,,,,,,2,0,10,0,3,0,2,0,2,0,4,2,35.719208333333334,139.77827194444447,1,2,,,,
1,30,660,179,2,0,1,20370,0,106,2019,9,24,8,13,12,,,,,1,1,1,1,1,9,22,0,23,17,9,30,70,4,1,1,45,45,51,61,0,0,,,,,,,0,0,10,0,3,0,0,0,0,0,4,2,35.712450833333335,139.76839611111112,3,3,,,,
1,30,660,183,2,0,1,30000,0,106,2019,9,20,11,35,12,,,,,1,1,1,14,7,0,23,0,23,1,9,1,70,5,3,1,45,45,51,61,0,0,,,,,,,0,0,10,0,3,0,0,0,0,0,4,2,35.704458333333335,139.77662694444444,6,3,,,,