資料区分,都道府県コード,警察署等コード,本票番号,事故内容,死者数,負傷者数,路線コード,地点コード,市区町村コード,発生日時　　年,発生日時　　月,発生日時　　日,発生日時　　時,発生日時　　分,昼夜,日の出時刻　　時,日の出時刻　　分,日の入り時刻　　時,日の入り時刻　　分,天候,地形,路面状態,道路形状,信号機,一時停止規制　標識（当事者A）,一時停止規制　表示（当事者A）,一時停止規制　標識（当事者B）,一時停止規制　表示（当事者B）,車道幅員,道路線形,衝突地点,ゾーン規制,中央分離帯施設等,歩車道区分,事故類型,年齢（当事者A）,年齢（当事者B）,当事者種別（当事者A）,当事者種別（当事者B）,用途別（当事者A）,用途別（当事者B）,車両形状等（当事者A）,車両形状等（当事者B）,オートマチック車（当事者A）,オートマチック車（当事者B）,サポカー（当事者A）,サポカー（当事者B）,速度規制（指定のみ）（当事者A）,速度規制（指定のみ）（当事者B）,車両の衝突部位（当事者A）,車両の衝突部位（当事者B）,車両の損壊程度（当事者A）,車両の損壊程度（当事者B）,エアバッグの装備（当事者A）,エアバッグの装備（当事者B）,サイドエアバッグの装備（当事者A）,サイドエアバッグの装備（当事者B）,人身損傷程度（当事者A）,人身損傷程度（当事者B）,lat,lon,曜日(発生年月日),祝日(発生年月日),認知機能検査経過日数（当事者A）,認知機能検査経過日数（当事者B）,運転練習の方法（当事者A）,運転練習の方法（当事者B）
1,30,661,95,1,1,0,40,57,106,2019,9,2,5,21,11,,,,,1,1,1,1,1,9,22,0,23,18,9,30,70,5,2,1,35,75,12,61,1,0,,,,,,,4,0,10,0,3,0,2,0,2,0,4,1,35.72879861111111,139.7905625,2,3,,,,
1,30,661,96,2,0,1,30000,0,106,2019,9,1,14,30,12,,,,,1,1,1,1,7,9,22,0,23,11,9,20,70,5,3,1,65,1,3,61,31,0,,,,,,,10,0,20,0,3,0,2,0,2,0,4,2,35.727292500000004,139.78822027777778,1,3,,,,
1,30,661,99,2,0,1,10300,0,106,2019,9,18,19,20,22,,,,,3,1,2,14,7,0,23,0,23,4,9,1,70,1,3,1,35,0,61,0,0,0,,,,,,,0,0,0,0,0,0,0,0,0,0,2,0,35.719638333333336,139.78472444444444,4,3,,,,
1,30,662,103,2,0,1,30000,0,106,2019,9,1,0,5,22,,,,,1,1,1,1,7,9,22,0,23,14,9,20,70,5,3,1,35,35,3,61,31,0,,,,,,,10,0,20,0,3,0,2,0,2,0,4,2,35.720150000000004,139.79563194444444,1,3,,,,
1,30,662,107,2,0,1,30000,0,106,2019,9,16,11,50,12,,,,,1,1,2,1,1,9,22,0,23,15,9,30,70,4,2,1,55,35,3,61,1,0,,,,,,,2,0,80,0,3,0,2,0,2,0,4,2,35.72114944444445,139.79286944444445,2,1,,,,
1,30,662,109,2,0,2,30000,0,106,2019,9,20,12,13,12,,,,,1,1,1,1,1,9,22,0,23,19,9,30,70,5,1,1,55,55,3,61,1,0,,,,,,,3,0,10,0,3,0,2,0,2,0,4,2,35.710951666666666,139.79647305555557,6,3,,,,
1,30,663,100,2,0,1,20390,0,106,2019,8,30,21,51,22,,,,,1,1,1,1,1,9,22,0,23,18,9,30,70,4,2,1,1,35,51,61,0,0,,,,,,,0,0,20,0,4,0,0,0,0,0,4,2,35.70623805555556,139.7907225,6,3,,,,
1,30,663,103,2,0,1,10290,0,106,2019,9,21,12,40,12,,,,,2,1,1,7,1,0,23,0,23,6,9,1,70,4,2,1,75,65,3,61,31,0,,,,,,,4,0,10,0,3,0,2,0,2,0,4,2,35.701765,139.78542305555555,7,3,,,,
1,30,666,111,2,0,1,10090,0,118,2019,7,28,14,45,12,,,,,1,1,1,14,7,0,23,0,23,1,9,20,70,1,1,1,25,1,51,61,0,0,,,,,,,0,0,10,0,3,0,0,0,0,0,4,2,35.73525888888889,139.78315194444446,1,3,,,,
1,30,666,117,2,0,1,30000,0,118,2019,9,24,15,20,12,,,,,1,1,1,7,7,0,23,0,23,2,9,1,70,5,4,1,45,75,3,61,31,0,,,,,,,5,0,40,0,4,0,2,0,2,0,4,2,35.74169388888889,139.78425944444444,3,3,,,,
1,30,667,136,2,0,1,30000,0,121,2019,9,8,11,50,12,,,,,1,1,1,14,7,0,23,0,23,3,9,1,70,5,4,1,25,1,51,61,0,0,,,,,,,0,0,10,0,3,0,0,0,0,0,4,2,35.757398055555555,139.7934161111111,1,3,,,,
1,30,667,145,2,0,1,30000,0,121,2019,9,30,20,15,22,,,,,1,1,1,7,7,0,23,0,23,3,3,1,70,4,1,1,65,35,3,61,31,0,,,,,,,3,0,10,0,4,0,2,0,2,0,4,2,35.742378611111114,139.79444583333333,2,3,,,,
1,30,668,345,2,0,1,10130,0,121,2019,9,8,21,35,22,,,,,3,1,2,14,7,0,23,0,23,5,9,1,70,1,2,1,55,55,51,61,0,0,,,,,,,0,0,10,0,3,0,0,0,0,0,4,2,35.77838916666666,139.76181583333334,1,3,,,,
1,30,668,349,2,0,1,30000,0,121,2019,9,12,18,32,21,,,,,1,1,1,14,7,0,23,0,23,2,9,1,70,5,2,1,1,75,35,61,31,0,,,,,,,2,0,10,0,3,0,0,0,0,0,4,2,35.77414111111111,139.76880416666668,5,3,,,,
1,30,668,357,2,0,1,10130,0,121,2019,9,18,20,20,22,,,,,3,1,2,1,1,9,22,0,23,15,9,30,70,5,1,1,25,25,3,61,31,0,,,,,,,2,0,10,0,3,0,2,0,2,0,4,2,35.778511944444446,139.79750972222223,4,3,,,,
1,30,668,366,2,0,1,30000,0,121,2019,9,21,15,4,12,,,,,2,1,1,1,1,9,22,0,23,15,9,30,70,4,1,1,75,55,2,61,31,0,,,,,,,2,0,10,0,4,0,2,0,2,0,4,2,35.788756388888885,139.77935083333335,7,3,,,,
1,30,668,370,2,0,1,30000,0,121,2019,9,4,14,40,12,,,,,2,1,1,14,7,0,23,0,23,4,9,1,70,4,2,1,1,1,51,61,0,0,,,,,,,0,0,10,0,3,0,0,0,0,0,4,2,35.77591472222222,139.7871372222222,4,3,,,,
1,30,668,374,2,0,1,30000,0,121,2019,9,28,16,9,12,,,,,1,1,1,1,7,9,22,0,23,11,9,30,70,5,3,1,55,1,3,61,31,0,,,,,,,10,0,20,0,3,0,2,0,2,0,4,2,35.76316138888889,139.78162277777778,7,3,,,,
1,30,669,457,2,0,1,30000,0,121,2019,9,2,19,0,21,,,,,1,1,1,7,7,0,23,0,23,3,9,1,70,5,2,1,45,65,35,61,31,0,,,,,,,10,0,10,0,3,0,0,0,0,0,4,2,35.762370555555556,139.81516055555556,2,3,,,,
1,30,669,475,2,0,1,30000,0,121,2019,9,18,13,40,12,,,,,3,1,2,14,7,0,23,0,23,2,9,1,70,5,4,1,65,35,17,61,31,0,,,,,,,10,0,30,0,3,0,2,0,2,0,4,2,35.77674527777778,139.80642833333334,4,3,,,,
1,30,669,482,2,0,1,30000,0,121,2019,9,22,8,52,12,,,,,1,1,1,1,1,9,22,0,23,17,9,30,70,4,1,1,55,55,13,61,31,0,,,,,,,4,0,80,0,3,0,2,0,2,0,4,2,35.7705975,139.84805611111113,1,2,,,,
1,30,669,498,2,0,1,30000,0,121,2019,9,14,9,45,12,,,,,3,1,2,14,7,0,23,0,23,2,9,1,70,5,3,1,65,45,3,61,31,0,,,,,,,2,0,40,0,4,0,2,0,2,0,4,2,35.764357777777775,139.80799111111114,7,3,,,,
1,30,670,279,2,0,1,30000,0,121,2019,9,3,20,20,22,,,,,3,1,2,1,1,9,22,0,23,15,9,30,70,1,1,1,25,1,11,61,1,0,,,,,,,10,0,10,0,4,0,2,0,2,0,4,2,35.79608388888889,139.76540444444444,3,3,,,,
1,30,670,282,2,0,1,30000,0,121,2019,7,25,7,5,12,,,,,1,1,1,14,7,0,23,0,23,3,9,1,70,4,1,1,25,45,51,61,0,0,,,,,,,0,0,20,0,3,0,0,0,0,0,4,2,35.79121333333333,139.827575,5,3,,,,
1,30,670,288,2,0,1,40,128,121,2019,9,17,12,30,12,,,,,1,1,1,1,1,9,22,0,23,15,9,30,70,1,1,1,1,65,14,61,31,0,,,,,,,4,0,30,0,4,0,2,0,2,0,4,2,35.79267222222222,139.8024227777778,3,3,,,,
1,30,670,292,2,0,1,30000,0,121,2019,9,26,18,0,21,,,,,1,1,1,1,7,1,21,0,23,15,9,30,70,4,2,1,55,45,4,61,31,0,,,,,,,10,0,10,0,3,0,2,0,2,0,4,2,35.805209722222216,139.8119775,5,3,,,,
1,30,771,272,2,0,1,30000,0,108,2019,9,12,22,40,22,,,,,1,1,1,1,1,9,22,0,23,19,9,30,70,1,2,1,55,1,12,61,1,0,,,,,,,3,0,12,0,3,0,2,0,2,0,4,2,35.66202277777778,139.80380444444447,5,3,,,,
1,30,771,282,2,0,1,10370,0,108,2019,9,25,22,30,22,,,,,1,1,1,1,1,9,22,0,23,19,9,30,70,1,2,1,45,35,11,61,1,0,,,,,,,4,0,10,0,3,0,2,0,2,0,4,2,35.65590944444444,139.81068444444446,4,3,,,,
1,30,772,287,2,0,1,10090,0,108,2019,9,12,9,0,12,,,,,1,1,1,1,1,9,22,0,23,19,9,30,70,1,2,1,75,25,3,61,31,0,,,,,,,4,0,10,0,3,0,2,0,2,0,4,2,35.66971916666667,139.82579166666667,5,3,,,,
1,30,772,299,2,0,1,30000,0,108,2019,9,27,17,40,21,,,,,2,1,1,14,7,0,23,0,23,3,9,1,70,4,1,1,35,1,13,61,31,0,,,,,,,2,0,40,0,4,0,2,0,2,0,4,2,35.6728325,139.82105805555554,6,3,,,,
1,30,772,303,2,0,1,10290,0,108,2019,9,19,12,49,12,,,,,1,1,1,14,7,0,23,0,23,4,9,20,70,4,2,1,35,65,51,61,0,0,,,,,,,0,0,0,0,3,0,0,0,0,0,4,2,35.70138472222222,139.82059583333333,5,3,,,,
1,30,772,304,2,0,1,90000,0,108,2019,9,28,2,55,22,,,,,1,1,1,7,7,0,23,0,23,2,9,1,70,5,2,1,35,0,61,0,0,0,,,,,,,0,0,0,0,0,0,0,0,0,0,2,0,35.68650972222222,139.82677777777778,7,3,,,,
1,30,772,305,2,0,1,30000,0,108,2019,9,17,15,30,12,,,,,1,1,1,14,7,0,23,0,23,3,9,1,70,5,1,1,25,75,3,61,31,0,,,,,,,2,0,40,0,3,0,2,0,2,0,4,2,35.689906388888886,139.83987555555555,3,3,,,,
1,30,773,156,2,0,1,140,35,107,2018,12,14,18,34,22,,,,,1,1,1,1,1,9,22,0,23,14,9,30,70,4,2,1,25,1,35,61,31,0,,,,,,,2,0,0,0,3,0,0,0,0,0,2,4,35.69493666666666,139.8029302777778,6,3,,,,
1,30,773,161,2,0,1,30000,0,107,2019,9,16,11,15,12,,,,,3,1,2,1,7,1,21,0,23,14,9,30,70,4,2,1,65,65,3,61,31,0,,,,,,,2,0,10,0,4,0,2,0,2,0,4,2,35.69445805555555,139.81322083333333,2,1,,,,
1,30,774,135,2,0,1,30000,0,107,2019,9,6,17,50,13,,,,,1,1,1,14,7,0,23,0,23,3,9,1,70,1,1,1,35,65,51,61,0,0,,,,,,,0,0,10,0,4,0,0,0,0,0,4,2,35.717060833333335,139.81861305555555,6,3,,,,
1,30,774,138,2,0,1,21190,0,107,2019,9,6,8,0,12,,,,,1,1,1,14,7,0,23,0,23,3,9,1,70,4,2,1,35,25,51,61,0,0,,,,,,,0,0,10,0,3,0,0,0,0,0,4,2,35.72722944444445,139.8267025,6,3,,,,
1,30,774,140,2,0,1,30000,0,107,2019,9,12,7,45,12,,,,,1,1,1,14,7,0,23,0,23,2,9,1,70,5,3,1,55,25,3,61,31,0,,,,,,,10,0,80,0,3,0,2,0,2,0,4,2,35.725233888888894,139.81997944444444,5,3,,,,
1,30,774,141,2,0,1,20670,0,107,2019,9,13,19,30,22,,,,,2,1,1,1,1,9,22,0,23,19,9,30,70,1,2,1,65,75,3,61,31,0,,,,,,,10,0,80,0,3,0,2,0,2,0,4,2,35.7302775,139.81375,6,3,,,,
1,30,774,148,2,0,1,21190,0,107,2019,9,7,20,40,22,,,,,1,1,1,1,7,0,23,0,23,14,9,30,70,4,2,1,65,0,61,0,0,0,,,,,,,0,0,0,0,0,0,0,0,0,0,2,0,35.72387777777778,139.83050166666666,7,3,,,,
1,30,775,323,1,1,0,20000,0,122,2019,9,1,5,0,23,,,,,1,1,1,1,1,9,22,0,23,11,9,30,70,4,4,1,75,75,4,61,31,0,,,,,,,3,0,10,0,3,0,2,0,2,0,4,1,35.7506825,139.88579444444443,1,3,,,,
1,30,775,343,2,0,1,30000,0,122,2019,9,25,8,20,12,,,,,1,1,1,0,7,0,23,0,23,0,0,20,70,0,4,1,1,55,51,61,0,0,,,,,,,0,0,10,0,3,0,0,0,0,0,4,2,35.75655138888889,139.88194361111113,4,3,,,,
1,30,777,632,2,0,1,30000,0,123,2019,9,2,19,50,22,,,,,1,1,1,1,7,9,22,0,23,11,9,30,70,5,3,1,25,45,51,61,0,0,,,,,,,0,0,40,0,4,0,0,0,0,0,4,2,35.713770833333335,139.8598563888889,2,3,,,,
1,30,777,639,2,0,1,30000,0,123,2019,9,5,13,41,12,,,,,1,1,1,1,1,9,22,0,23,14,9,30,70,4,1,1,45,55,14,61,1,0,,,,,,,3,0,10,0,2,0,2,0,2,0,4,2,35.70628888888889,139.9041552777778,5,3,,,,
1,30,777,643,2,0,1,30000,0,123,2019,9,6,16,57,12,,,,,1,1,1,7,7,0,23,0,23,4,9,1,70,5,2,1,55,75,3,61,31,0,,,,,,,2,0,40,0,3,0,2,0,2,0,4,2,35.716879722222224,139.8372288888889,6,3,,,,
1,30,777,648,2,0,1,141,0,123,2019,9,9,8,37,12,,,,,3,1,2,14,7,0,23,0,23,3,9,1,70,4,2,1,45,25,51,61,0,0,,,,,,,0,0,10,0,4,0,0,0,0,0,4,2,35.707745,139.86778194444446,2,3,,,,
1,30,777,653,2,0,1,95000,0,123,2019,8,30,20,0,22,,,,,1,1,1,14,7,0,23,0,23,4,9,1,70,5,4,1,55,35,51,61,0,0,,,,,,,0,0,10,0,4,0,0,0,0,0,4,2,35.711690000000004,139.84667194444447,6,3,,,,
1,30,777,656,2,0,1,99000,0,123,2019,3,7,11,20,12,,,,,3,1,2,0,7,0,23,0,23,0,0,20,70,0,4,1,25,65,3,61,31,0,,,,,,,10,0,10,0,2,0,2,0,2,0,4,2,35.70217805555556,139.89906249999999,5,3,,,,
1,30,777,659,2,0,1,30000,0,123,2019,9,11,5,52,11,,,,,3,1,1,14,7,0,23,0,23,3,9,1,70,4,3,1,75,45,51,61,0,0,,,,,,,0,0,10,0,3,0,0,0,0,0,4,2,35.7063775,139.8461477777778,4,3,,,,
1,30,777,662,2,0,1,30000,0,123,2019,9,14,15,10,12,,,,,2,1,1,1,7,1,22,0,23,11,9,30,70,5,2,1,1,75,51,61,0,0,,,,,,,0,0,10,0,3,0,0,0,0,0,4,2,35.707035000000005,139.86225694444443,7,3,,,,
1,30,777,675,2,0,1,30000,0,123,2019,9,13,15,23,12,,,,,2,1,1,1,1,9,22,0,23,11,9,30,70,4,2,1,45,1,4,61,31,0,,,,,,,2,0,10,0,3,0,2,0,2,0,4,2,35.70615222222222,139.87374,6,3,,,,
1,30,777,680,2,0,1,30000,0,123,2019,9,20,17,55,21,,,,,1,1,1,1,7,9,22,0,23,11,9,30,70,4,2,1,35,75,4,61,31,0,,,,,,,3,0,10,0,3,0,2,0,2,0,4,2,35.68349027777777,139.90042916666667,6,3,,,,
1,30,777,691,2,0,1,30000,0,123,2019,9,20,6,45,12,,,,,2,1,1,14,7,0,23,0,23,3,9,1,70,5,3,1,55,75,51,61,0,0,,,,,,,0,0,0,0,4,0,0,0,0,0,4,2,35.703406388888894,139.88924194444445,6,3,,,,
1,30,778,145,2,0,1,30000,0,123,2019,9,21,6,58,12,,,,,3,1,2,14,7,0,23,0,23,3,9,1,70,4,4,1,1,65,51,61,0,0,,,,,,,0,0,10,0,3,0,0,0,0,0,4,2,35.71170555555556,139.89829194444442,7,3,,,,
1,30,778,149,2,0,1,141,0,123,2019,9,28,12,40,12,,,,,1,1,1,1,1,9,22,0,23,15,9,30,70,4,2,1,65,45,3,61,31,0,,,,,,,3,0,10,0,3,0,2,0,2,0,4,2,35.728611944444445,139.88741888888887,7,3,,,,
1,30,779,368,2,0,1,10130,0,123,2019,7,12,1,30,22,,,,,3,1,2,1,1,9,22,0,23,18,9,30,70,1,1,1,75,25,3,61,1,0,,,,,,,4,0,10,0,3,0,2,0,2,0,4,2,35.66535611111111,139.87304,6,3,,,,
1,30,779,374,2,0,1,30000,0,123,2019,8,28,17,47,13,,,,,2,1,1,14,7,0,23,0,23,2,9,1,70,5,2,1,55,1,3,61,1,0,,,,,,,2,0,20,0,3,0,2,0,2,0,4,2,35.683835555555554,139.86597305555554,4,3,,,,
1,30,779,385,2,0,1,30000,0,123,2019,9,12,9,40,12,,,,,1,1,1,14,7,0,23,0,23,2,9,1,70,4,2,1,55,45,51,61,0,0,,,,,,,0,0,10,0,3,0,0,0,0,0,4,2,35.67119388888889,139.87021361111113,5,3,,,,
1,30,779,391,2,0,1,30000,0,123,2019,9,18,17,5,13,,,,,3,1,2,1,7,1,21,0,23,11,9,30,1,5,2,1,35,75,14,61,1,0,,,,,,,2,0,20,0,4,0,2,0,2,0,4,2,35.67192027777777,139.87759194444445,4,3,,,,
1,30,779,392,2,0,1,30000,0,123,2019,9,19,7,50,12,,,,,1,1,1,1,7,9,22,0,23,15,9,30,70,4,2,1,55,45,17,61,1,0,,,,,,,2,0,70,0,4,0,2,0,2,0,4,2,35.67509,139.86500138888889,5,3,,,,
1,30,779,398,2,0,1,30000,0,123,2019,9,24,21,15,22,,,,,1,1,1,1,7,9,22,0,23,15,9,30,70,5,1,1,45,1,3,61,31,0,,,,,,,3,0,10,0,3,0,1,0,1,0,4,2,35.685428888888886,139.8630125,3,3,,,,
1,30,779,403,2,0,1,30000,0,123,2019,9,25,18,19,21,,,,,1,1,1,1,1,9,22,0,23,15,9,30,70,5,3,1,25,75,3,61,1,0,,,,,,,2,0,80,0,4,0,2,0,2,0,4,2,35.68530555555555,139.8629286111111,4,3,,,,
1,30,779,404,2,0,1,30000,0,123,2019,9,30,8,17,12,,,,,1,1,1,14,7,0,23,0,23,1,9,1,70,5,1,1,35,1,51,61,0,0,,,,,,,0,0,10,0,4,0,0,0,0,0,4,2,35.6731675,139.8645736111111,2,3,,,,
1,30,779,405,2,0,1,30000,0,123,2019,9,30,17,25,13,,,,,1,1,1,1,7,9,22,0,23,15,9,30,70,4,2,1,45,65,51,61,0,0,,,,,,,0,0,10,0,3,0,0,0,0,0,4,2,35.664962777777774,139.85636555555556,2,3,,,,
1,30,779,406,2,0,1,30000,0,123,2019,9,29,16,30,13,,,,,2,1,1,14,7,0,23,0,23,1,9,1,70,5,3,1,65,25,3,61,31,0,,,,,,,2,0,40,0,3,0,2,0,2,0,4,2,35.66433444444444,139.86070833333332,1,3,,,,
1,30,876,325,2,0,1,21110,0,201,2019,8,6,10,45,12,,,,,1,1,1,1,1,9,22,0,23,18,9,30,70,1,1,1,65,35,17,61,31,0,,,,,,,3,0,10,0,3,0,2,0,2,0,4,2,35.616617500000004,139.3833536111111,3,3,,,,
1,30,876,330,2,0,1,95000,0,201,2019,9,8,0,55,22,,,,,1,1,1,1,1,9,22,0,23,14,9,30,70,1,2,1,45,1,36,61,31,0,,,,,,,10,0,10,0,2,0,0,0,0,0,4,2,35.63741527777778,139.4154863888889,1,3,,,,
1,30,876,334,2,0,1,30000,0,201,2019,9,7,22,10,22,,,,,1,1,1,1,7,9,22,0,23,11,9,30,70,4,2,1,45,25,3,61,1,0,,,,,,,3,0,10,0,3,0,2,0,2,0,4,2,35.61962694444445,139.38763388888887,7,3,,,,
1,30,876,338,2,0,1,21110,0,201,2019,6,12,11,20,12,,,,,1,1,1,1,1,9,22,0,23,18,7,30,70,1,1,1,45,35,17,61,31,0,,,,,,,10,0,0,0,4,0,2,0,2,0,4,2,35.62753277777778,139.40626277777778,4,3,,,,
1,30,877,233,2,0,1,30000,0,201,2019,9,17,8,10,12,,,,,1,2,1,1,1,1,21,0,23,17,9,30,70,4,2,1,35,75,4,61,31,0,,,,,,,3,0,10,0,3,0,2,0,2,0,4,2,35.648808055555556,139.316245,3,3,,,,
1,30,877,235,2,0,1,20740,0,201,2019,9,23,10,35,12,,,,,2,2,1,1,1,9,22,0,23,15,9,30,70,4,2,1,55,75,17,61,1,0,,,,,,,3,0,20,0,3,0,2,0,2,0,4,2,35.673070833333334,139.29562777777778,2,1,,,,
1,30,877,237,2,0,1,30000,0,201,2019,9,24,15,30,12,,,,,2,2,1,1,1,9,22,0,23,15,9,30,70,4,2,1,65,75,4,61,31,0,,,,,,,3,0,10,0,3,0,2,0,2,0,4,2,35.653594444444444,139.27641722222222,3,3,,,,
1,30,878,305,1,1,0,10480,0,224,2019,9,6,22,0,22,,,,,1,2,1,14,7,0,23,0,23,3,9,1,70,1,2,1,45,45,11,61,31,0,,,,,,,4,0,30,0,3,0,2,0,2,0,4,1,35.64098722222222,139.4258047222222,6,3,,,,
1,30,878,307,2,0,1,20000,0,224,2019,8,10,10,19,12,,,,,1,1,1,14,7,0,23,0,23,3,9,1,70,4,1,1,35,1,3,61,31,0,,,,,,,3,0,10,0,3,0,2,0,2,0,4,2,35.648067222222224,139.43750444444444,7,2,,,,
1,30,878,310,2,0,1,10610,0,225,2019,9,3,17,15,13,,,,,3,1,2,1,1,9,22,0,23,18,9,30,70,1,2,1,45,45,3,61,31,0,,,,,,,10,0,10,0,3,0,2,0,2,0,4,2,35.6381425,139.50556083333333,3,3,,,,
1,30,878,334,2,0,1,99000,0,225,2019,9,26,10,16,12,,,,,1,1,1,0,7,0,23,0,23,0,0,20,70,0,2,1,75,65,3,61,31,0,,,,,,,10,0,30,0,3,0,1,0,1,0,4,2,35.6472975,139.48578277777776,5,3,,,,
1,30,879,317,2,0,1,10240,0,220,2019,9,4,17,0,12,,,,,3,1,1,14,7,0,23,0,23,4,9,1,70,4,2,1,45,45,3,61,31,0,,,,,,,3,0,40,0,3,0,2,0,2,0,4,2,35.73958944444445,139.43206527777778,4,3,,,,
1,30,879,319,2,0,1,30000,0,223,2019,9,10,11,0,12,,,,,1,2,1,1,1,8,22,0,23,14,9,30,70,4,2,1,75,75,14,61,1,0,,,,,,,3,0,10,0,3,0,2,0,2,0,4,2,35.74551666666667,139.37449472222224,3,3,,,,
1,30,879,320,2,0,1,30000,0,220,2019,9,10,15,37,12,,,,,1,1,1,7,7,0,23,0,23,4,9,1,70,4,2,1,45,1,4,61,31,0,,,,,,,2,0,10,0,3,0,2,0,2,0,4,2,35.73838111111111,139.43201916666666,3,3,,,,
1,30,879,325,2,0,1,30000,0,223,2019,9,10,23,0,22,,,,,3,1,2,1,1,9,22,0,23,14,9,30,70,5,2,1,65,1,3,61,1,0,,,,,,,3,0,10,0,3,0,2,0,2,0,4,2,35.741529166666666,139.40468305555555,3,3,,,,
1,30,879,327,2,0,1,30000,0,220,2019,9,15,11,50,12,,,,,1,1,1,7,7,0,23,0,23,2,9,1,70,5,4,1,25,1,3,61,31,0,,,,,,,10,0,10,0,3,0,2,0,2,0,4,2,35.744818333333335,139.4317333333333,1,2,,,,
1,30,879,330,2,0,1,30000,0,223,2019,9,17,10,55,12,,,,,1,1,1,1,7,1,21,0,23,14,9,30,70,5,2,1,55,75,3,61,31,0,,,,,,,2,0,10,0,3,0,2,0,2,0,4,2,35.74676027777778,139.40615194444445,3,3,,,,
1,30,879,336,2,0,1,30000,0,223,2019,9,22,21,25,22,,,,,3,1,2,7,7,0,23,0,23,3,9,1,70,4,1,1,25,25,13,61,31,0,,,,,,,3,0,10,0,3,0,2,0,2,0,4,2,35.74659305555556,139.38957805555555,1,2,,,,
1,30,879,341,2,0,1,99000,0,220,2019,9,25,7,15,12,,,,,1,3,1,0,7,0,23,0,23,0,0,20,70,0,3,1,25,75,13,61,31,0,,,,,,,10,0,30,0,3,0,2,0,2,0,4,2,35.75361,139.43668944444445,4,3,,,,
1,30,880,242,2,0,1,30000,0,205,2019,9,2,7,5,12,,,,,1,1,1,7,7,0,23,0,23,2,9,1,70,5,3,1,25,25,3,61,31,0,,,,,,,10,0,10,0,3,0,2,0,2,0,4,2,35.78773527777778,139.28901249999998,2,3,,,,
1,30,880,249,2,0,1,95000,0,205,2019,9,23,7,20,12,,,,,3,2,2,1,7,1,21,0,23,14,9,30,70,4,2,1,45,45,36,61,31,0,,,,,,,10,0,10,0,3,0,0,0,0,0,4,2,35.766105555555555,139.29450805555555,2,1,,,,
1,30,881,110,2,0,1,30000,0,305,2019,9,5,7,40,12,,,,,2,2,1,14,7,0,23,0,23,4,9,1,70,4,1,1,1,1,51,61,0,0,,,,,,,0,0,10,0,4,0,0,0,0,0,4,2,35.73705638888889,139.27055472222224,5,3,,,,
1,30,881,115,2,0,1,30000,0,305,2019,9,19,18,15,21,,,,,1,2,1,1,7,9,22,0,23,15,9,30,70,4,3,1,1,1,4,61,31,0,,,,,,,10,0,80,0,3,0,2,0,2,0,4,2,35.73762527777778,139.27472194444445,5,3,,,,
1,30,882,384,2,0,1,95000,0,303,2019,9,2,20,18,22,,,,,1,1,1,1,1,9,22,0,23,15,9,30,70,4,1,1,45,1,11,61,1,0,,,,,,,3,0,10,0,3,0,2,0,2,0,4,2,35.773176388888885,139.33340055555556,2,3,,,,
1,30,882,402,2,0,1,99000,0,218,2019,9,14,12,40,12,,,,,2,2,1,0,7,0,23,0,23,0,0,20,70,0,4,1,35,25,3,61,31,0,,,,,,,10,0,30,0,3,0,2,0,2,0,4,2,35.748629722222226,139.32533999999998,7,3,,,,
1,30,882,411,2,0,1,95000,0,218,2019,9,23,18,0,21,,,,,1,2,1,7,1,0,23,0,23,3,9,1,70,4,2,1,55,65,4,61,31,0,,,,,,,2,0,10,0,3,0,2,0,2,0,4,2,35.73695861111111,139.3378088888889,2,1,,,,
1,30,882,414,2,0,1,95000,0,228,2019,9,5,8,55,12,,,,,1,2,1,1,1,9,22,0,23,14,9,30,70,4,2,1,25,75,3,61,31,0,,,,,,,3,0,50,0,3,0,2,0,2,0,4,2,35.74841694444444,139.29012,5,3,,,,
1,30,882,417,2,0,1,30000,0,303,2019,7,31,18,45,13,,,,,1,1,1,14,7,0,23,0,23,3,9,1,70,5,3,1,1,1,13,61,31,0,,,,,,,5,0,20,0,4,0,2,0,2,0,4,2,35.78700083333333,139.32897055555554,4,3,,,,
1,30,882,423,2,0,1,99000,0,218,2019,9,26,17,45,21,,,,,1,1,1,0,7,0,23,0,23,0,0,20,70,0,4,1,55,55,3,61,31,0,,,,,,,10,0,35,0,4,0,2,0,2,0,4,2,35.71559694444445,139.3351027777778,5,3,,,,
1,30,882,426,2,0,1,10260,0,218,2019,9,25,18,50,22,,,,,1,2,1,14,7,0,23,0,23,2,9,1,70,4,2,1,65,75,4,61,31,0,,,,,,,3,0,10,0,3,0,2,0,2,0,4,2,35.73348777777778,139.33836555555555,4,3,,,,
1,30,883,521,2,0,1,200,472,201,2019,9,4,16,50,12,,,,,2,2,1,14,7,0,23,0,23,5,9,1,70,4,2,1,1,25,51,61,0,0,,,,,,,0,0,10,0,4,0,0,0,0,0,4,2,35.658165833333335,139.3131011111111,4,3,,,,
1,30,883,523,2,0,1,200,479,201,2019,9,6,13,25,12,,,,,1,1,1,1,1,9,22,0,23,14,9,30,70,4,2,1,65,35,3,61,31,0,,,,,,,5,0,80,0,3,0,2,0,2,0,4,2,35.654831944444446,139.3063011111111,6,3,,,,
1,30,883,527,2,0,1,200,459,201,2019,9,8,12,50,12,,,,,3,1,2,14,7,0,23,0,23,2,9,1,70,4,2,1,45,1,51,61,0,0,,,,,,,0,0,10,0,3,0,0,0,0,0,4,2,35.66043888888889,139.32623777777778,1,3,,,,