資料区分,都道府県コード,警察署等コード,本票番号,事故内容,死者数,負傷者数,路線コード,地点コード,市区町村コード,発生日時　　年,発生日時　　月,発生日時　　日,発生日時　　時,発生日時　　分,昼夜,日の出時刻　　時,日の出時刻　　分,日の入り時刻　　時,日の入り時刻　　分,天候,地形,路面状態,道路形状,信号機,一時停止規制　標識（当事者A）,一時停止規制　表示（当事者A）,一時停止規制　標識（当事者B）,一時停止規制　表示（当事者B）,車道幅員,道路線形,衝突地点,ゾーン規制,中央分離帯施設等,歩車道区分,事故類型,年齢（当事者A）,年齢（当事者B）,当事者種別（当事者A）,当事者種別（当事者B）,用途別（当事者A）,用途別（当事者B）,車両形状等（当事者A）,車両形状等（当事者B）,オートマチック車（当事者A）,オートマチック車（当事者B）,サポカー（当事者A）,サポカー（当事者B）,速度規制（指定のみ）（当事者A）,速度規制（指定のみ）（当事者B）,車両の衝突部位（当事者A）,車両の衝突部位（当事者B）,車両の損壊程度（当事者A）,車両の損壊程度（当事者B）,エアバッグの装備（当事者A）,エアバッグの装備（当事者B）,サイドエアバッグの装備（当事者A）,サイドエアバッグの装備（当事者B）,人身損傷程度（当事者A）,人身損傷程度（当事者B）,lat,lon,曜日(発生年月日),祝日(発生年月日),認知機能検査経過日数（当事者A）,認知機能検査経過日数（当事者B）,運転練習の方法（当事者A）,運転練習の方法（当事者B）
1,30,883,537,2,0,1,10460,0,201,2019,9,14,2,35,22,,,,,2,1,1,14,7,0,23,0,23,3,9,1,70,4,2,1,45,45,3,61,31,0,,,,,,,3,0,10,0,3,0,2,0,2,0,4,2,35.67937194444444,139.30873444444447,7,3,,,,
1,30,883,546,2,0,1,30000,0,201,2019,9,19,18,50,22,,,,,1,2,1,1,1,9,22,0,23,15,9,30,70,4,2,1,55,75,13,61,31,0,,,,,,,10,0,10,0,4,0,2,0,2,0,4,2,35.68835277777777,139.35922277777777,5,3,,,,
1,30,883,552,2,0,1,10480,0,201,2019,9,22,19,57,22,,,,,3,1,2,14,7,0,23,0,23,3,9,1,70,4,2,1,75,35,3,61,31,0,,,,,,,3,0,10,0,2,0,2,0,2,0,4,2,35.66106833333333,139.31765888888887,1,2,,,,
1,30,883,559,2,0,1,30000,0,201,2019,9,28,17,50,21,,,,,1,1,1,1,7,9,22,0,23,15,9,30,70,5,3,1,65,1,3,61,31,0,,,,,,,3,0,10,0,3,0,1,0,2,0,4,2,35.66252333333333,139.3241197222222,7,3,,,,
1,30,884,497,2,0,1,20750,0,209,2019,9,2,8,31,12,,,,,1,1,1,14,7,0,23,0,23,4,9,1,70,5,2,1,45,25,3,61,31,0,,,,,,,3,0,10,0,3,0,2,0,2,0,4,2,35.58288,139.42472416666666,2,3,,,,
1,30,884,501,2,0,1,20750,0,209,2019,9,3,20,10,22,,,,,3,1,2,7,1,0,23,0,23,4,9,20,70,5,2,1,45,1,36,61,31,0,,,,,,,2,0,10,0,3,0,0,0,0,0,4,2,35.58538611111111,139.43374694444444,3,3,,,,
1,30,884,505,2,0,1,30000,0,209,2019,9,9,8,0,12,,,,,3,1,2,7,7,0,23,0,23,3,9,20,70,5,3,1,55,45,3,61,31,0,,,,,,,5,0,10,0,3,0,2,0,2,0,4,2,35.52727222222222,139.48057583333335,2,3,,,,
1,30,884,513,2,0,1,30000,0,209,2019,9,11,18,50,21,,,,,3,1,2,14,7,0,23,0,23,2,9,1,70,5,1,1,55,1,51,61,0,0,,,,,,,0,0,10,0,3,0,0,0,0,0,4,2,35.58728805555556,139.46768055555555,4,3,,,,
1,30,884,515,2,0,1,10610,0,209,2019,9,11,18,55,22,,,,,2,1,1,1,1,9,22,0,23,15,9,30,70,5,2,1,45,1,3,61,31,0,,,,,,,3,0,10,0,3,0,2,0,2,0,4,2,35.58020500000001,139.45562222222222,4,3,,,,
1,30,884,524,2,0,1,10610,0,209,2019,9,17,15,55,12,,,,,1,1,1,14,7,0,23,0,23,4,9,1,70,4,2,1,65,75,14,61,31,0,,,,,,,3,0,10,0,3,0,2,0,2,0,4,2,35.583194444444445,139.47117416666666,3,3,,,,
1,30,884,534,2,0,1,10610,0,209,2019,9,22,22,43,22,,,,,3,1,2,1,1,9,22,0,23,19,9,30,70,4,1,1,45,1,36,61,31,0,,,,,,,10,0,10,0,4,0,0,0,0,0,4,2,35.584810000000004,139.48427444444442,1,2,,,,
1,30,884,537,2,0,1,30000,0,209,2019,9,24,6,38,12,,,,,1,1,1,0,7,0,23,0,23,0,0,20,70,0,4,1,75,75,3,61,31,0,,,,,,,10,0,30,0,4,0,2,0,2,0,4,2,35.57764388888889,139.43539555555557,3,3,,,,
1,30,884,552,2,0,1,10570,0,209,2019,9,3,18,15,21,,,,,1,1,2,1,1,9,22,0,23,14,9,30,70,4,2,1,35,55,3,61,31,0,,,,,,,3,0,10,0,3,0,2,0,2,0,4,2,35.588887500000006,139.4601136111111,3,3,,,,
1,30,884,553,2,0,1,30000,0,209,2019,8,7,18,33,13,,,,,1,1,1,1,7,1,21,0,23,11,9,30,70,5,4,1,55,45,3,61,31,0,,,,,,,3,0,10,0,4,0,2,0,2,0,4,2,35.539320833333335,139.46534777777777,4,3,,,,
1,30,884,555,2,0,1,30000,0,209,2019,8,25,2,55,22,,,,,3,1,2,1,1,9,22,0,23,17,9,30,70,4,1,1,55,45,3,61,1,0,,,,,,,2,0,10,0,4,0,2,0,2,0,4,2,35.554784444444444,139.4576611111111,1,3,,,,
1,30,885,298,2,0,1,30000,0,212,2019,9,3,18,5,13,,,,,3,3,2,14,7,0,23,0,23,3,9,1,70,4,1,1,45,1,3,61,31,0,,,,,,,3,0,10,0,3,0,2,0,2,0,4,2,35.675465555555554,139.4165525,3,3,,,,
1,30,885,299,2,0,1,30000,0,212,2019,9,3,22,5,22,,,,,3,3,2,14,7,0,23,0,23,1,7,1,70,5,1,1,45,45,51,61,0,0,,,,,,,0,0,20,0,3,0,0,0,0,0,4,2,35.64897944444444,139.4037788888889,3,3,,,,
1,30,885,303,2,0,1,30000,0,212,2019,9,6,15,30,12,,,,,1,3,1,14,7,0,23,0,23,2,9,1,70,4,2,1,45,1,4,61,31,0,,,,,,,3,0,10,0,3,0,2,0,2,0,4,2,35.659171666666666,139.39407805555555,6,3,,,,
1,30,885,312,2,0,1,10510,0,212,2019,9,10,22,58,22,,,,,1,3,1,13,5,0,23,0,23,4,6,1,70,5,2,1,75,25,3,61,31,0,,,,,,,3,0,10,0,3,0,2,0,2,0,4,2,35.66256472222222,139.41090805555555,3,3,,,,
1,30,885,316,2,0,1,30000,0,212,2019,9,12,15,55,12,,,,,2,3,1,7,1,0,23,0,23,3,9,1,70,5,2,1,55,65,4,61,31,0,,,,,,,3,0,20,0,3,0,2,0,2,0,4,2,35.663262777777774,139.38120222222224,5,3,,,,
1,30,885,323,2,0,1,30000,0,212,2019,9,27,6,40,12,,,,,1,2,1,1,7,7,22,0,23,17,9,30,70,1,2,1,55,35,3,61,31,0,,,,,,,3,0,50,0,4,0,2,0,2,0,4,2,35.658677777777775,139.41343583333335,6,3,,,,
1,30,886,346,2,0,1,30810,0,207,2019,9,3,20,30,22,,,,,3,1,2,7,1,0,23,0,23,2,9,1,70,4,2,1,55,55,3,61,31,0,,,,,,,3,0,10,0,4,0,2,0,2,0,4,2,35.713013888888895,139.35969,3,3,,,,
1,30,886,347,2,0,1,30000,0,207,2019,9,3,5,15,11,,,,,2,3,1,14,7,0,23,0,23,2,9,1,70,5,4,1,35,65,3,61,31,0,,,,,,,10,0,10,0,4,0,2,0,2,0,4,2,35.69250888888889,139.38590472222222,3,3,,,,
1,30,886,354,2,0,1,30000,0,207,2019,9,9,20,20,22,,,,,1,1,1,14,7,0,23,0,23,2,9,1,70,5,3,1,1,1,51,61,0,0,,,,,,,0,0,40,0,4,0,0,0,0,0,4,2,35.708691944444446,139.35753916666667,2,3,,,,
1,30,886,366,2,0,1,30000,0,207,2019,9,22,10,15,12,,,,,1,1,1,14,7,0,23,0,23,3,9,1,70,4,2,1,25,75,4,61,31,0,,,,,,,3,0,40,0,4,0,2,0,2,0,4,2,35.71540777777778,139.36172444444443,1,2,,,,
1,30,886,375,2,0,1,30000,0,207,2019,9,29,10,10,12,,,,,1,1,1,14,7,0,23,0,23,3,9,1,70,4,2,1,55,65,4,61,31,0,,,,,,,2,0,10,0,4,0,2,0,2,0,4,2,35.71076805555556,139.33566694444445,1,3,,,,
1,30,887,621,2,0,1,30000,0,202,2019,9,4,20,0,22,,,,,2,1,1,14,7,0,23,0,23,3,9,1,70,4,2,1,25,55,51,61,0,0,,,,,,,0,0,40,0,4,0,0,0,0,0,4,2,35.72929333333334,139.39459194444444,4,3,,,,
1,30,887,634,2,0,1,20000,0,202,2019,9,11,11,30,12,,,,,1,2,1,7,7,0,23,0,23,3,9,1,70,4,2,1,1,1,13,61,31,0,,,,,,,3,0,10,0,3,0,2,0,2,0,4,2,35.69616361111111,139.4224686111111,4,3,,,,
1,30,887,641,2,0,1,20000,0,202,2019,9,5,19,45,22,,,,,1,2,1,14,7,0,23,0,23,3,9,1,70,1,1,1,45,35,51,61,0,0,,,,,,,0,0,10,0,3,0,0,0,0,0,4,2,35.70175305555556,139.40145,5,3,,,,
1,30,887,642,2,0,1,10520,0,202,2019,9,14,12,40,12,,,,,1,1,1,14,7,0,23,0,23,4,9,1,70,4,2,1,1,75,51,61,0,0,,,,,,,0,0,10,0,3,0,0,0,0,0,4,2,35.7092625,139.4250788888889,7,3,,,,
1,30,887,643,2,0,1,10540,0,202,2019,9,15,9,0,12,,,,,2,1,1,14,7,0,23,0,23,2,9,1,70,5,2,1,35,35,13,61,31,0,,,,,,,3,0,10,0,3,0,2,0,2,0,4,2,35.71536027777778,139.42137499999998,1,2,,,,
1,30,887,660,2,0,1,95000,0,202,2019,9,22,13,20,12,,,,,1,1,1,1,7,0,23,0,23,11,9,30,70,4,2,1,1,0,61,0,0,0,,,,,,,0,0,0,0,0,0,0,0,0,0,2,0,35.728318333333334,139.39493888888887,1,2,,,,
1,30,887,666,2,0,1,99000,0,202,2019,9,25,9,0,12,,,,,1,2,1,0,7,0,23,0,23,0,0,20,70,0,4,1,65,65,3,61,31,0,,,,,,,10,0,30,0,4,0,2,0,2,0,4,2,35.72134583333334,139.42685027777776,4,3,,,,
1,30,887,668,2,0,1,30000,0,202,2019,9,25,16,50,13,,,,,1,1,1,1,1,9,22,0,23,15,9,30,70,1,2,1,45,75,13,61,31,0,,,,,,,3,0,10,0,3,0,2,0,2,0,4,2,35.69155277777777,139.42565055555553,4,3,,,,
1,30,888,227,2,0,2,200,311,206,2019,9,12,10,22,12,,,,,2,1,1,7,1,0,23,0,23,4,9,1,70,4,2,1,25,75,12,61,1,0,,,,,,,4,0,20,0,4,0,2,0,2,0,4,2,35.673141666666666,139.47192444444445,5,3,,,,
1,30,888,234,2,0,1,95000,0,206,2019,9,22,9,35,12,,,,,1,1,1,0,7,0,23,0,23,0,0,20,70,0,1,1,35,55,51,61,0,0,,,,,,,0,0,10,0,3,0,0,0,0,0,4,2,35.65532666666667,139.4938161111111,1,2,,,,
1,30,888,243,2,0,1,99000,0,206,2019,9,30,7,42,12,,,,,1,1,1,0,7,0,23,0,23,0,0,20,70,0,4,1,25,45,51,61,0,0,,,,,,,0,0,10,0,3,0,0,0,0,0,4,2,35.65553444444444,139.49038444444443,2,3,,,,
1,30,889,209,2,0,1,30000,0,214,2019,9,3,1,15,22,,,,,1,1,1,14,7,0,23,0,23,4,9,1,70,4,3,1,65,1,3,61,1,0,,,,,,,2,0,10,0,3,0,2,0,2,0,4,2,35.70241277777778,139.48095444444445,3,3,,,,
1,30,889,222,2,0,1,10750,0,210,2019,3,14,20,25,22,,,,,1,1,1,1,1,0,23,0,23,14,9,30,70,1,2,1,25,0,61,0,0,0,,,,,,,0,0,0,0,0,0,0,0,0,0,2,0,35.688557499999995,139.5128025,5,3,,,,
1,30,889,223,2,0,1,10560,0,210,2019,9,26,8,30,12,,,,,1,1,1,14,7,0,23,0,23,3,9,1,70,4,2,1,35,35,3,61,31,0,,,,,,,3,0,10,0,3,0,2,0,2,0,4,2,35.68967305555555,139.50102527777779,5,3,,,,
1,30,890,415,2,0,1,30000,0,229,2019,9,10,10,50,12,,,,,1,1,1,14,7,0,23,0,23,1,9,1,70,5,4,1,65,65,3,61,1,0,,,,,,,10,0,40,0,3,0,2,0,2,0,4,2,35.729148611111114,139.56037305555557,3,3,,,,
1,30,890,421,2,0,1,30000,0,222,2019,9,15,20,50,22,,,,,1,1,1,14,7,0,23,0,23,4,9,1,70,4,2,1,65,25,51,61,0,0,,,,,,,0,0,10,0,3,0,0,0,0,0,4,2,35.757888888888886,139.5285841666667,1,2,,,,
1,30,890,430,2,0,1,30000,0,222,2019,8,26,16,20,12,,,,,2,1,1,1,1,9,22,0,23,14,9,20,70,4,3,1,1,45,51,61,0,0,,,,,,,0,0,10,0,4,0,0,0,0,0,4,2,35.761205555555556,139.53001222222224,2,3,,,,
1,30,890,437,2,0,1,30000,0,229,2019,9,30,13,0,12,,,,,1,1,1,14,7,0,23,0,23,2,9,1,70,4,4,1,65,65,14,61,31,0,,,,,,,10,0,20,0,3,0,2,0,2,0,4,2,35.71683277777778,139.54120277777778,2,3,,,,
1,30,890,438,2,0,1,99000,0,222,2019,8,8,17,55,13,,,,,1,1,1,0,7,0,23,0,23,0,0,20,70,0,4,1,75,1,3,61,31,0,,,,,,,10,0,40,0,3,0,2,0,2,0,4,2,35.754489444444445,139.50149833333333,5,3,,,,
1,30,891,221,2,0,1,30000,0,213,2019,9,14,12,0,12,,,,,2,1,1,7,7,0,23,0,23,4,9,1,70,4,2,1,55,55,4,61,31,0,,,,,,,2,0,10,0,3,0,2,0,2,0,4,2,35.771968888888885,139.48694972222222,7,3,,,,
1,30,891,228,2,0,1,30000,0,213,2019,9,24,17,40,21,,,,,1,1,1,14,7,0,23,0,23,3,9,20,70,4,2,1,45,1,3,61,31,0,,,,,,,3,0,50,0,3,0,2,0,2,0,4,2,35.744192777777776,139.46152388888888,3,3,,,,
1,30,892,149,2,0,1,95000,0,203,2019,9,11,7,5,12,,,,,3,1,2,14,7,0,23,0,23,3,9,1,70,5,2,1,25,45,51,61,0,0,,,,,,,0,0,10,0,3,0,0,0,0,0,4,2,35.70162833333334,139.58231444444445,4,3,,,,
1,30,892,151,2,0,1,10260,0,203,2019,7,3,23,7,22,,,,,3,1,1,14,7,0,23,0,23,4,9,1,70,4,2,1,1,35,51,61,0,0,,,,,,,0,0,10,0,4,0,0,0,0,0,4,2,35.707544444444444,139.5789061111111,4,3,,,,
1,30,893,245,2,0,1,30000,0,204,2019,9,10,8,30,12,,,,,1,1,1,14,7,0,23,0,23,2,9,1,70,5,3,1,75,35,3,61,31,0,,,,,,,2,0,10,0,4,0,2,0,2,0,4,2,35.69532888888889,139.57826083333333,3,3,,,,
1,30,893,246,2,0,1,20880,0,204,2019,9,10,18,45,21,,,,,1,1,1,7,7,0,23,0,23,1,9,1,70,4,2,1,75,75,3,61,31,0,,,,,,,3,0,10,0,3,0,2,0,2,0,4,2,35.691539166666665,139.56753333333333,3,3,,,,
1,30,893,248,2,0,1,30000,0,204,2019,9,7,15,45,12,,,,,1,1,1,14,7,0,23,0,23,2,9,1,70,5,4,1,45,35,3,61,31,0,,,,,,,10,0,70,0,4,0,2,0,2,0,4,2,35.690372222222216,139.58975472222224,7,3,,,,
1,30,893,254,2,0,1,30000,0,204,2019,9,19,13,20,12,,,,,1,1,1,14,7,0,23,0,23,3,9,1,70,5,2,1,1,25,1,61,1,0,,,,,,,2,0,10,0,3,0,2,0,2,0,4,2,35.70075972222222,139.56134277777778,5,3,,,,
1,30,893,261,2,0,1,95000,0,204,2019,7,14,19,33,21,,,,,3,1,1,0,7,0,23,0,23,0,0,20,70,0,4,1,55,1,3,61,31,0,,,,,,,10,0,30,0,4,0,2,0,2,0,4,2,35.68114,139.53479555555555,1,2,,,,
1,30,893,265,2,0,1,30000,0,204,2019,9,12,15,50,12,,,,,2,1,1,14,7,0,23,0,23,3,9,1,70,5,4,1,25,55,3,61,31,0,,,,,,,2,0,20,0,3,0,2,0,2,0,4,2,35.68002416666666,139.5736922222222,5,3,,,,
1,30,894,375,2,0,1,30000,0,208,2019,8,21,14,35,12,,,,,2,1,1,14,7,0,23,0,23,3,9,1,70,5,2,1,35,45,3,61,31,0,,,,,,,2,0,20,0,3,0,2,0,2,0,4,2,35.652210555555556,139.54254,4,3,,,,
1,30,894,386,2,0,1,200,235,208,2019,9,18,13,7,12,,,,,3,1,2,1,7,1,21,0,23,17,9,30,70,5,1,1,35,25,3,61,31,0,,,,,,,10,0,10,0,3,0,2,0,2,0,4,2,35.65378916666666,139.54973805555557,4,3,,,,
1,30,894,397,2,0,1,30000,0,208,2019,9,26,10,20,12,,,,,1,1,1,1,1,9,22,0,23,15,9,30,70,4,1,1,75,75,3,61,31,0,,,,,,,2,0,20,0,3,0,2,0,2,0,4,2,35.66621833333333,139.58277833333332,5,3,,,,
1,30,894,400,2,0,1,95000,0,208,2019,9,28,11,35,12,,,,,1,1,1,0,7,0,23,0,23,0,0,20,70,0,4,1,45,75,3,61,31,0,,,,,,,10,0,30,0,4,0,2,0,2,0,4,2,35.65343027777778,139.5914852777778,7,3,,,,
1,30,894,403,2,0,1,30000,0,219,2019,9,29,18,20,21,,,,,1,1,1,1,7,9,22,0,23,11,9,30,70,4,2,1,75,45,3,61,31,0,,,,,,,2,0,10,0,3,0,2,0,2,0,4,2,35.636208333333336,139.58498555555556,1,3,,,,
1,30,895,243,2,0,1,30000,0,211,2019,9,3,9,20,12,,,,,2,1,1,1,7,1,22,0,23,14,9,30,70,4,2,1,45,75,13,61,1,0,,,,,,,3,0,50,0,4,0,2,0,2,0,4,2,35.74017055555556,139.4926147222222,3,3,,,,
1,30,100,100,1,1,0,10050,0,101,2019,10,20,20,42,22,,,,,1,1,1,14,7,0,23,0,23,4,7,1,70,3,1,1,25,75,3,61,31,0,,,,,,,5,0,10,0,3,0,2,0,2,0,4,1,35.691264999999994,139.73674027777776,1,3,,,,
1,30,101,163,2,0,1,20000,0,101,2019,10,3,15,20,12,,,,,1,1,1,1,1,9,22,0,23,19,9,30,70,1,2,1,45,55,1,61,1,0,,,,,,,10,0,10,0,4,0,2,0,2,0,4,2,35.68206972222222,139.7618775,5,3,,,,
1,30,101,169,2,0,1,10110,0,101,2019,10,11,4,35,22,,,,,2,1,2,1,1,9,22,0,23,19,9,30,70,1,2,1,45,35,17,61,1,0,,,,,,,5,0,80,0,3,0,2,0,2,0,4,2,35.68580138888888,139.76138833333334,6,3,,,,
1,30,101,171,2,0,1,30000,0,101,2019,10,17,17,50,21,,,,,2,1,2,1,7,9,22,0,23,14,9,30,70,4,2,1,65,55,3,61,1,0,,,,,,,5,0,50,0,3,0,2,0,2,0,4,2,35.672248055555556,139.75992861111112,5,3,,,,
1,30,102,120,2,0,1,30000,0,101,2019,10,3,12,50,12,,,,,1,1,1,14,7,0,23,0,23,2,9,20,70,5,4,1,25,35,3,61,31,0,,,,,,,10,0,80,0,3,0,2,0,2,0,4,2,35.69513138888889,139.76100555555556,5,3,,,,
1,30,102,122,2,0,1,20000,0,101,2019,10,17,20,12,22,,,,,3,1,2,1,7,9,22,0,23,17,9,30,70,4,2,1,35,35,3,61,31,0,,,,,,,4,0,10,0,3,0,2,0,2,0,4,2,35.68960499999999,139.76449916666667,5,3,,,,
1,30,102,123,2,0,1,20000,0,101,2019,10,17,21,0,22,,,,,3,1,2,14,7,0,23,0,23,5,9,1,70,5,2,1,65,55,3,61,1,0,,,,,,,5,0,10,0,3,0,2,0,2,0,4,2,35.69168277777777,139.76029333333332,5,3,,,,
1,30,103,87,2,0,1,30000,0,101,2019,10,24,17,23,21,,,,,1,1,1,1,7,0,23,0,23,14,9,30,70,5,3,1,1,0,61,0,0,0,,,,,,,0,0,0,0,0,0,0,0,0,0,2,0,35.698702499999996,139.77049722222225,5,3,,,,
1,30,103,88,2,0,1,30000,0,101,2019,10,25,10,20,12,,,,,3,1,2,14,7,0,23,0,23,2,9,1,70,5,3,1,55,55,14,61,1,0,,,,,,,10,0,20,0,3,0,2,0,2,0,4,2,35.69390166666666,139.77032805555558,6,3,,,,
1,30,104,222,2,0,1,20020,0,102,2019,9,10,8,58,12,,,,,1,1,1,1,1,9,22,0,23,17,9,30,70,4,2,1,45,45,51,61,0,0,,,,,,,0,0,10,0,3,0,0,0,0,0,2,4,35.674859166666664,139.7733363888889,3,3,,,,
1,30,104,225,2,0,1,20090,0,102,2019,10,3,18,23,22,,,,,1,1,1,7,1,0,23,0,23,6,9,1,70,1,2,1,65,45,3,61,1,0,,,,,,,5,0,40,0,3,0,1,0,2,0,4,2,35.68172694444444,139.7700763888889,5,3,,,,
1,30,104,228,2,0,1,20090,0,102,2019,10,8,23,23,22,,,,,1,1,1,1,1,9,22,0,23,19,9,30,70,1,2,1,65,35,3,61,1,0,,,,,,,10,0,10,0,3,0,2,0,2,0,4,2,35.677411388888885,139.76711916666667,3,3,,,,
1,30,104,232,2,0,1,30000,0,102,2019,10,10,18,18,22,,,,,3,1,2,1,7,4,21,0,23,15,9,30,70,5,1,1,35,55,14,61,31,0,,,,,,,10,0,10,0,3,0,2,0,2,0,4,2,35.67652138888889,139.77428527777778,5,3,,,,
1,30,104,241,2,0,1,30080,0,102,2019,10,28,8,5,12,,,,,1,1,1,14,7,0,23,0,23,5,9,1,70,5,2,1,35,55,34,61,31,0,,,,,,,4,0,11,0,3,0,0,0,0,0,4,2,35.68861305555555,139.78032472222225,2,3,,,,
1,30,105,108,2,0,1,30000,0,102,2019,10,21,17,5,21,,,,,1,1,1,1,7,9,22,0,23,15,9,30,70,5,2,1,45,45,36,61,31,0,,,,,,,2,0,40,0,3,0,0,0,0,0,4,2,35.683705277777776,139.7863186111111,2,2,,,,
1,30,105,109,2,0,1,20540,0,102,2019,10,21,22,10,22,,,,,3,1,2,14,1,0,23,0,23,5,9,1,70,4,2,1,45,25,3,61,1,0,,,,,,,4,0,40,0,4,0,2,0,2,0,4,2,35.68879583333333,139.78566055555555,2,2,,,,
1,30,105,111,2,0,1,20540,0,102,2019,10,28,19,16,22,,,,,1,1,1,1,7,9,22,0,23,18,9,30,70,4,2,1,1,45,13,61,31,0,,,,,,,3,0,10,0,4,0,2,0,2,0,4,2,35.68348194444444,139.79036888888888,2,3,,,,
1,30,106,222,2,0,1,30000,0,102,2019,10,2,11,25,12,,,,,1,1,1,14,7,0,23,0,23,2,9,1,70,5,3,1,35,65,3,61,1,0,,,,,,,2,0,10,0,4,0,2,0,2,0,4,2,35.67045777777778,139.76026833333333,4,3,,,,
1,30,106,223,2,0,1,30000,0,102,2019,10,2,17,30,21,,,,,2,1,1,1,7,1,21,0,23,11,9,30,70,5,2,1,35,55,3,61,1,0,,,,,,,1,0,10,0,4,0,2,0,2,0,4,2,35.67105472222222,139.76293722222223,4,3,,,,
1,30,106,224,2,0,1,30000,0,102,2019,10,2,16,0,12,,,,,1,1,1,1,1,9,22,0,23,14,9,30,70,5,2,1,55,65,51,61,0,0,,,,,,,0,0,10,0,3,0,0,0,0,0,4,2,35.66799555555556,139.7597963888889,4,3,,,,
1,30,106,225,2,0,1,10020,0,102,2019,10,3,12,47,12,,,,,1,1,1,1,1,9,22,0,23,19,9,30,70,4,2,1,25,25,3,61,31,0,,,,,,,5,0,10,0,3,0,2,0,2,0,4,2,35.66970805555555,139.7667827777778,5,3,,,,
1,30,106,227,2,0,1,30000,0,102,2019,10,9,9,45,12,,,,,1,1,1,1,7,1,21,0,23,11,9,30,70,5,3,1,55,45,3,61,1,0,,,,,,,2,0,60,0,3,0,2,0,2,0,4,2,35.66605527777778,139.76418805555556,4,3,,,,
1,30,106,230,2,0,1,95000,0,102,2019,10,7,20,50,22,,,,,3,1,2,1,1,9,22,0,23,18,9,20,70,4,2,1,65,35,13,61,31,0,,,,,,,4,0,10,0,3,0,2,0,2,0,4,2,35.67303694444444,139.7669052777778,2,3,,,,
1,30,106,231,2,0,1,30000,0,102,2019,7,17,6,6,12,,,,,2,1,1,14,7,0,23,0,23,2,9,1,70,5,3,1,35,45,12,61,31,0,,,,,,,10,0,40,0,4,0,2,0,2,0,4,2,35.67131277777778,139.7612061111111,4,3,,,,
1,30,106,239,2,0,1,30000,0,102,2019,10,25,12,20,12,,,,,3,1,2,14,7,0,23,0,23,4,9,1,70,4,2,1,25,75,3,61,31,0,,,,,,,3,0,10,0,4,0,2,0,2,0,4,2,35.66697472222222,139.77796805555556,6,3,,,,
1,30,106,242,2,0,1,30000,0,102,2019,1,4,16,18,13,,,,,1,1,1,14,7,0,23,0,23,3,9,1,70,5,3,1,35,1,3,61,31,0,,,,,,,2,0,20,0,3,0,2,0,2,0,4,2,35.67061555555555,139.7630111111111,6,3,,,,
1,30,106,245,2,0,1,95000,0,102,2019,10,31,23,25,22,,,,,1,1,1,1,7,1,22,0,23,15,9,30,1,5,4,1,45,45,3,61,1,0,,,,,,,2,0,40,0,3,0,2,0,2,0,4,2,35.67280972222222,139.7647725,5,3,,,,
1,30,107,78,2,0,1,30000,0,102,2019,10,1,14,35,12,,,,,1,1,1,1,7,9,22,0,23,15,9,30,70,5,2,1,45,65,3,61,31,0,,,,,,,2,0,30,0,3,0,2,0,2,0,4,2,35.66057611111111,139.77723944444446,3,3,,,,
1,30,107,79,2,0,1,20680,0,102,2019,10,3,17,34,21,,,,,1,1,1,1,1,9,22,0,23,18,9,30,70,1,2,1,65,1,3,61,1,0,,,,,,,4,0,10,0,3,0,2,0,2,0,4,2,35.65494388888889,139.77153555555557,5,3,,,,
1,30,107,82,2,0,1,20680,0,102,2019,9,22,11,38,12,,,,,1,1,1,7,7,0,23,0,23,5,9,1,70,1,2,1,55,1,3,61,1,0,,,,,,,4,0,40,0,3,0,2,0,2,0,4,2,35.65599472222222,139.77261694444445,1,2,,,,
1,30,108,185,2,0,1,10,45,103,2019,10,2,13,20,12,,,,,1,1,1,1,1,9,22,0,23,18,9,30,70,1,1,1,1,25,51,61,0,0,,,,,,,0,0,10,0,3,0,0,0,0,0,4,2,35.66493944444444,139.74659138888887,4,3,,,,
1,30,108,188,2,0,1,30000,0,103,2019,10,8,1,30,22,,,,,3,1,2,1,7,9,22,0,23,15,9,30,70,5,2,1,65,65,3,61,1,0,,,,,,,10,0,50,0,3,0,2,0,2,0,4,2,35.6608425,139.75719305555555,3,3,,,,
1,30,108,194,2,0,1,20090,0,103,2019,10,12,4,35,22,,,,,3,1,2,1,1,9,22,0,23,18,9,30,70,4,1,1,65,35,3,61,31,0,,,,,,,10,0,10,0,4,0,2,0,2,0,4,2,35.667117499999996,139.75919805555554,7,3,,,,
1,30,108,199,2,0,1,30000,0,103,2019,10,23,23,10,22,,,,,2,1,1,14,7,0,23,0,23,3,9,1,70,5,3,1,45,35,3,61,1,0,,,,,,,10,0,20,0,3,0,2,0,2,0,4,2,35.66506638888889,139.75810416666667,4,3,,,,
1,30,108,200,2,0,1,30000,0,103,2019,10,25,11,30,12,,,,,3,1,2,14,7,0,23,0,23,3,9,1,70,5,2,1,45,75,17,61,31,0,,,,,,,2,0,50,0,3,0,2,0,2,0,4,2,35.665368888888885,139.75627305555557,6,3,,,,
1,30,108,201,2,0,2,30000,0,103,2019,10,29,0,23,22,,,,,1,1,1,14,7,0,23,0,23,4,9,1,70,4,2,1,55,45,3,61,1,0,,,,,,,3,0,30,0,4,0,2,0,2,0,4,2,35.656936944444446,139.75376277777778,3,3,,,,