資料区分,都道府県コード,警察署等コード,本票番号,事故内容,死者数,負傷者数,路線コード,地点コード,市区町村コード,発生日時　　年,発生日時　　月,発生日時　　日,発生日時　　時,発生日時　　分,昼夜,日の出時刻　　時,日の出時刻　　分,日の入り時刻　　時,日の入り時刻　　分,天候,地形,路面状態,道路形状,信号機,一時停止規制　標識（当事者A）,一時停止規制　表示（当事者A）,一時停止規制　標識（当事者B）,一時停止規制　表示（当事者B）,車道幅員,道路線形,衝突地点,ゾーン規制,中央分離帯施設等,歩車道区分,事故類型,年齢（当事者A）,年齢（当事者B）,当事者種別（当事者A）,当事者種別（当事者B）,用途別（当事者A）,用途別（当事者B）,車両形状等（当事者A）,車両形状等（当事者B）,オートマチック車（当事者A）,オートマチック車（当事者B）,サポカー（当事者A）,サポカー（当事者B）,速度規制（指定のみ）（当事者A）,速度規制（指定のみ）（当事者B）,車両の衝突部位（当事者A）,車両の衝突部位（当事者B）,車両の損壊程度（当事者A）,車両の損壊程度（当事者B）,エアバッグの装備（当事者A）,エアバッグの装備（当事者B）,サイドエアバッグの装備（当事者A）,サイドエアバッグの装備（当事者B）,人身損傷程度（当事者A）,人身損傷程度（当事者B）,lat,lon,曜日(発生年月日),祝日(発生年月日),認知機能検査経過日数（当事者A）,認知機能検査経過日数（当事者B）,運転練習の方法（当事者A）,運転練習の方法（当事者B）
1,30,109,160,2,0,1,20030,0,103,2019,8,14,23,10,22,,,,,1,1,1,1,1,9,22,0,23,18,9,30,70,1,1,1,55,35,3,61,1,0,,,,,,,4,0,10,0,4,0,2,0,2,0,4,2,35.652365277777776,139.74951305555555,4,3,,,,
1,30,110,163,2,0,1,10,83,103,2019,10,21,8,20,12,,,,,1,1,1,1,7,9,22,0,23,17,8,30,70,1,2,1,45,25,51,61,0,0,,,,,,,0,0,10,0,4,0,0,0,0,0,4,2,35.63856055555556,139.7319961111111,2,2,,,,
1,30,110,169,2,0,1,150,73,103,2019,10,15,14,30,12,,,,,2,1,1,1,1,9,22,0,23,18,9,30,70,1,1,1,1,75,51,61,0,0,,,,,,,0,0,10,0,3,0,0,0,0,0,4,2,35.6286675,139.73738749999998,3,3,,,,
1,30,111,296,2,0,1,30000,0,103,2019,10,10,20,6,22,,,,,3,1,2,1,7,8,22,0,23,11,9,30,1,5,2,1,75,55,3,61,1,0,,,,,,,1,0,10,0,3,0,2,0,2,0,4,2,35.6635925,139.73963666666666,5,3,,,,
1,30,111,297,2,0,1,30000,0,103,2019,9,18,18,43,21,,,,,3,1,2,1,7,1,21,0,23,14,9,30,70,5,3,1,65,25,3,61,31,0,,,,,,,2,0,20,0,4,0,2,0,2,0,4,2,35.65786194444444,139.73967444444443,4,3,,,,
1,30,111,300,2,0,1,10120,0,103,2019,10,17,18,21,22,,,,,3,1,2,14,7,0,23,0,23,3,9,1,70,4,1,1,35,35,3,61,31,0,,,,,,,4,0,30,0,3,0,2,0,2,0,4,2,35.66152944444444,139.73700916666667,5,3,,,,
1,30,111,303,2,0,1,95000,0,103,2019,10,19,7,55,12,,,,,3,1,2,1,7,9,22,0,23,11,9,30,70,5,2,1,55,25,13,61,31,0,,,,,,,5,0,43,0,4,0,2,0,2,0,4,2,35.65567222222222,139.7348872222222,7,3,,,,
1,30,112,182,2,0,1,20090,0,101,2019,10,25,4,25,22,,,,,3,1,2,1,1,9,22,0,23,18,9,30,70,1,1,1,55,45,3,61,1,0,,,,,,,10,0,50,0,3,0,2,0,2,0,4,2,35.67341388888889,139.73926527777778,6,3,,,,
1,30,113,206,2,0,1,30000,0,108,2019,10,14,23,17,22,,,,,3,1,2,7,1,0,23,0,23,3,9,20,70,1,2,1,1,35,13,61,31,0,,,,,,,4,0,10,0,3,0,2,0,2,0,4,2,35.644578055555556,139.82559027777776,2,1,,,,
1,30,113,217,2,0,1,3570,0,108,2019,10,22,20,32,22,,,,,2,1,1,1,1,9,22,0,23,19,9,30,70,1,1,1,45,25,11,61,1,0,,,,,,,5,0,40,0,4,0,2,0,2,0,4,2,35.643395,139.8129377777778,3,1,,,,
1,30,113,218,2,0,1,85010,0,108,2019,10,25,10,0,12,,,,,3,1,2,14,7,0,23,0,23,3,9,1,70,5,2,1,55,35,11,61,1,0,,,,,,,5,0,30,0,4,0,2,0,2,0,4,2,35.644558333333336,139.82079861111112,6,3,,,,
1,30,215,111,2,0,1,150,83,109,2019,10,12,0,40,22,,,,,3,1,2,1,1,9,22,0,23,17,9,30,70,1,2,1,65,65,3,61,1,0,,,,,,,5,0,10,0,3,0,2,0,2,0,4,2,35.62061,139.7398088888889,7,3,,,,
1,30,216,110,2,0,1,30000,0,109,2019,10,10,18,0,21,,,,,2,1,1,1,7,9,22,0,23,11,9,30,70,5,3,1,45,65,52,61,0,0,,,,,,,0,0,30,0,3,0,0,0,0,0,4,2,35.604734722222226,139.74311055555555,5,3,,,,
1,30,217,146,2,0,2,20130,0,109,2019,9,29,19,50,22,,,,,2,1,1,1,8,9,22,0,23,17,8,30,70,1,1,1,55,75,35,61,31,0,,,,,,,5,0,10,0,3,0,0,0,0,0,2,2,35.62268916666667,139.7177661111111,1,3,,,,
1,30,217,154,2,0,1,20130,0,109,2019,9,10,22,5,22,,,,,2,1,1,14,7,0,23,0,23,4,7,1,70,1,1,1,45,1,51,61,0,0,,,,,,,0,0,10,0,3,0,0,0,0,0,2,4,35.6293575,139.72009944444446,3,3,,,,
1,30,217,157,2,0,1,10150,0,109,2019,10,7,19,8,22,,,,,3,1,2,1,1,9,22,0,23,17,9,30,70,4,1,1,65,45,4,61,31,0,,,,,,,3,0,80,0,3,0,2,0,2,0,4,2,35.6255925,139.7277777777778,2,3,,,,
1,30,217,159,2,0,1,95000,0,109,2019,10,19,20,17,22,,,,,1,1,1,14,7,0,23,0,23,3,7,1,70,4,1,1,35,65,3,61,31,0,,,,,,,2,0,40,0,3,0,2,0,2,0,4,2,35.6253175,139.7115208333333,7,3,,,,
1,30,218,176,2,0,1,20190,0,109,2019,9,12,16,35,12,,,,,2,1,1,1,1,9,22,0,23,14,9,30,70,4,2,1,75,1,51,61,0,0,,,,,,,0,0,20,0,3,0,0,0,0,0,4,2,35.61786,139.7054461111111,5,3,,,,
1,30,218,189,2,0,1,20190,0,109,2019,10,25,6,40,11,,,,,3,1,2,1,1,9,22,0,23,19,9,30,70,1,1,1,45,45,14,61,31,0,,,,,,,3,0,10,0,3,0,2,0,2,0,4,2,35.615390833333336,139.70903944444444,6,3,,,,
1,30,218,190,2,0,1,30000,0,109,2019,9,13,11,55,12,,,,,2,1,1,14,7,0,23,0,23,3,9,1,70,4,2,1,65,75,3,61,31,0,,,,,,,3,0,30,0,4,0,2,0,2,0,4,2,35.6187325,139.7176838888889,6,3,,,,
1,30,218,195,2,0,1,30000,0,109,2019,9,27,18,15,21,,,,,1,1,1,14,7,0,23,0,23,2,9,1,70,5,3,1,75,55,3,61,31,0,,,,,,,2,0,0,0,4,0,2,0,2,0,4,2,35.614595,139.72022388888888,6,3,,,,
1,30,219,361,2,0,1,3570,389,111,2019,9,24,7,55,12,,,,,1,1,1,1,1,9,22,0,23,19,9,30,70,1,1,1,45,45,3,61,31,0,,,,,,,5,0,10,0,3,0,2,0,2,0,4,2,35.572615000000006,139.75960555555557,3,3,,,,
1,30,219,388,2,0,1,21140,0,111,2019,10,23,13,32,12,,,,,1,1,1,1,1,9,22,0,23,15,9,30,70,5,2,1,45,55,14,61,31,0,,,,,,,2,0,10,0,3,0,2,0,2,0,4,2,35.57279944444445,139.72463444444443,4,3,,,,
1,30,219,389,2,0,1,30000,0,111,2019,8,24,8,30,12,,,,,1,1,1,14,7,0,23,0,23,1,9,1,70,5,3,1,45,45,3,61,31,0,,,,,,,1,0,40,0,4,0,2,0,2,0,4,2,35.57824111111111,139.7257225,7,3,,,,
1,30,220,164,2,0,1,30150,0,111,2019,10,17,23,42,22,,,,,3,1,2,7,1,0,23,0,23,2,9,1,70,4,1,1,65,35,3,61,1,0,,,,,,,2,0,10,0,3,0,2,0,2,0,4,2,35.5838325,139.6996838888889,5,3,,,,
1,30,221,235,2,0,1,10190,0,111,2019,10,3,14,45,12,,,,,2,1,1,1,1,9,22,0,23,11,9,30,70,4,2,1,65,75,17,61,31,0,,,,,,,2,0,50,0,4,0,2,0,2,0,4,2,35.56445972222222,139.71176305555554,5,3,,,,
1,30,221,236,2,0,1,30000,0,111,2019,10,4,13,35,12,,,,,1,1,1,1,1,9,22,0,23,15,9,30,70,4,1,1,35,75,17,61,31,0,,,,,,,2,0,10,0,3,0,2,0,2,0,4,2,35.545853055555554,139.70704194444443,6,3,,,,
1,30,221,246,2,0,1,30000,0,111,2019,10,11,16,7,12,,,,,2,1,1,14,7,0,23,0,23,2,9,1,70,5,3,1,45,65,13,61,31,0,,,,,,,2,0,30,0,3,0,2,0,2,0,4,2,35.56010361111111,139.73305722222221,6,3,,,,
1,30,221,253,2,0,1,30000,0,111,2019,10,19,12,20,12,,,,,2,1,1,7,7,0,23,0,23,2,9,1,70,5,3,1,35,75,51,61,0,0,,,,,,,0,0,10,0,3,0,0,0,0,0,4,2,35.557406666666665,139.72583944444446,7,3,,,,
1,30,221,261,2,0,1,30000,0,111,2019,10,28,15,45,12,,,,,1,1,1,14,7,0,23,0,23,2,9,1,70,5,4,1,45,1,14,61,31,0,,,,,,,10,0,20,0,3,0,2,0,2,0,4,2,35.55987194444444,139.7258872222222,2,3,,,,
1,30,222,216,2,0,1,30000,0,109,2019,10,15,8,10,12,,,,,2,1,1,14,7,0,23,0,23,4,9,1,70,4,3,1,35,1,3,61,31,0,,,,,,,10,0,40,0,3,0,2,0,2,0,4,2,35.60117527777778,139.707035,3,3,,,,
1,30,222,228,2,0,1,30000,0,111,2019,10,29,16,50,21,,,,,3,1,2,1,1,9,22,0,23,15,9,30,70,4,3,1,75,65,3,61,31,0,,,,,,,2,0,10,0,3,0,2,0,2,0,4,2,35.588256111111114,139.71167083333333,3,3,,,,
1,30,222,231,2,0,1,30000,0,111,2019,10,28,17,13,21,,,,,1,1,1,14,7,0,23,0,23,2,8,1,70,4,1,1,45,1,36,61,31,0,,,,,,,2,0,20,0,3,0,0,0,0,0,4,2,35.598193333333334,139.70761555555555,2,3,,,,
1,30,223,16,2,0,1,20000,0,111,2019,10,24,19,35,22,,,,,2,1,1,1,1,9,22,0,23,18,9,30,70,5,2,1,55,35,3,61,31,0,,,,,,,3,0,32,0,4,0,2,0,2,0,4,2,35.554535277777774,139.7855111111111,5,3,,,,
1,30,325,352,2,0,1,30000,0,112,2019,10,3,18,17,21,,,,,2,1,1,1,7,1,22,0,23,15,9,30,70,4,2,1,65,25,3,61,31,0,,,,,,,10,0,20,0,3,0,2,0,2,0,4,2,35.638063333333335,139.63484333333332,5,3,,,,
1,30,325,353,2,0,1,10210,0,112,2019,10,5,14,20,12,,,,,1,1,1,1,1,9,22,0,23,14,9,30,70,5,2,1,35,45,12,61,31,0,,,,,,,4,0,50,0,3,0,2,0,2,0,4,2,35.639518333333335,139.62966944444446,7,3,,,,
1,30,325,354,2,0,1,95000,0,112,2019,10,7,18,40,22,,,,,3,1,2,14,7,0,23,0,23,3,9,1,70,4,2,1,1,45,51,61,0,0,,,,,,,0,0,10,0,4,0,0,0,0,0,4,2,35.639893888888885,139.6676347222222,2,3,,,,
1,30,325,362,2,0,1,2460,96,112,2019,10,9,16,15,13,,,,,1,1,1,1,1,9,22,0,23,18,9,30,70,1,2,1,45,1,14,61,31,0,,,,,,,5,0,10,0,3,0,2,0,2,0,4,2,35.633085,139.6612625,4,3,,,,
1,30,325,364,2,0,1,10130,0,112,2019,10,17,8,50,12,,,,,2,1,1,1,1,9,22,0,23,17,9,30,70,1,1,1,65,55,3,61,31,0,,,,,,,2,0,80,0,3,0,2,0,2,0,4,2,35.63165722222222,139.67029527777777,5,3,,,,
1,30,325,369,2,0,1,30000,0,112,2019,10,21,20,40,22,,,,,3,1,1,1,7,9,22,0,23,15,9,30,70,5,2,1,65,55,3,61,1,0,,,,,,,2,0,10,0,3,0,2,0,2,0,4,2,35.639068611111114,139.67129166666666,2,2,,,,
1,30,325,371,2,0,1,10130,0,112,2019,10,27,23,5,22,,,,,2,1,1,1,1,9,22,0,23,18,9,30,70,1,2,1,45,65,3,61,1,0,,,,,,,4,0,10,0,3,0,2,0,2,0,4,2,35.63159861111111,139.67000833333333,1,3,,,,
1,30,325,377,2,0,1,30000,0,112,2019,10,31,11,5,12,,,,,1,1,1,1,7,9,22,0,23,11,9,30,70,5,3,1,65,35,3,61,31,0,,,,,,,10,0,40,0,3,0,2,0,2,0,4,2,35.640235833333335,139.6691358333333,5,3,,,,
1,30,326,313,2,0,1,10130,0,115,2019,10,2,22,30,22,,,,,1,1,1,1,1,9,22,0,23,19,9,30,70,1,1,1,35,25,3,61,31,0,,,,,,,4,0,20,0,3,0,2,0,2,0,4,2,35.67272,139.66050305555555,4,3,,,,
1,30,326,322,2,0,1,30000,0,112,2019,8,7,9,10,12,,,,,1,1,1,14,7,0,23,0,23,2,9,1,70,5,3,1,35,0,61,0,0,0,,,,,,,0,0,0,0,0,0,0,0,0,0,2,0,35.65515055555555,139.64805305555555,4,3,,,,
1,30,326,324,2,0,1,30000,0,112,2019,10,18,17,15,21,,,,,2,1,1,1,7,1,21,0,23,14,9,30,70,5,3,1,45,35,4,61,31,0,,,,,,,5,0,20,0,4,0,2,0,2,0,4,2,35.653531666666666,139.63976444444444,6,3,,,,
1,30,327,414,2,0,1,10200,0,112,2019,10,9,19,0,22,,,,,1,1,1,14,7,0,23,0,23,5,9,1,70,1,1,1,75,35,3,61,31,0,,,,,,,5,0,10,0,3,0,2,0,2,0,4,2,35.6005125,139.66601583333335,4,3,,,,
1,30,327,423,2,0,1,30000,0,112,2019,8,28,19,45,22,,,,,2,1,1,14,7,0,23,0,23,3,9,1,70,5,3,1,45,65,36,61,31,0,,,,,,,10,0,10,0,3,0,0,0,0,0,4,2,35.60122638888889,139.66512472222223,4,3,,,,
1,30,327,430,2,0,1,30000,0,112,2019,9,27,15,40,12,,,,,1,1,1,7,1,0,23,0,23,4,9,1,70,4,2,1,65,1,3,61,31,0,,,,,,,3,0,40,0,4,0,2,0,2,0,4,2,35.62158138888889,139.6539888888889,6,3,,,,
1,30,327,434,2,0,1,20240,0,112,2019,10,25,10,36,12,,,,,3,1,2,14,7,0,23,0,23,3,9,1,70,4,2,1,55,35,3,61,1,0,,,,,,,3,0,40,0,3,0,2,0,2,0,4,2,35.62191305555556,139.65474305555557,6,3,,,,
1,30,327,437,2,0,1,30000,0,112,2019,9,19,8,0,12,,,,,2,1,1,14,7,0,23,0,23,3,9,20,1,5,3,1,1,1,51,61,0,0,,,,,,,0,0,10,0,3,0,0,0,0,0,4,2,35.623152222222224,139.64591333333334,5,3,,,,
1,30,327,443,2,0,1,30000,0,112,2019,10,14,17,55,21,,,,,3,1,2,14,7,0,23,0,23,2,9,1,70,5,4,1,35,45,3,61,31,0,,,,,,,10,0,40,0,3,0,2,0,2,0,4,2,35.59383555555556,139.65375305555557,2,1,,,,
1,30,327,444,2,0,1,10200,0,112,2019,10,30,1,38,22,,,,,2,1,1,1,1,9,22,0,23,17,9,20,70,1,1,1,65,1,3,61,1,0,,,,,,,10,0,10,0,3,0,2,0,2,0,4,2,35.62237611111111,139.62921500000002,4,3,,,,
1,30,327,448,2,0,1,30000,0,112,2019,10,31,18,35,22,,,,,1,1,1,1,7,9,22,0,23,15,9,30,70,4,1,1,75,75,3,61,31,0,,,,,,,3,0,10,0,3,0,2,0,2,0,4,2,35.61302361111111,139.6600063888889,5,3,,,,
1,30,328,435,1,1,0,30000,0,112,2019,10,10,11,3,12,,,,,1,1,1,1,7,9,22,0,23,14,9,30,70,5,2,1,65,75,3,61,31,0,,,,,,,2,0,10,0,3,0,2,0,2,0,4,1,35.66677416666666,139.60819972222222,5,3,,,,
1,30,328,440,2,0,1,200,182,112,2019,9,25,17,15,13,,,,,1,1,1,1,1,9,22,0,23,15,9,30,70,4,1,1,45,75,14,61,1,0,,,,,,,2,0,10,0,3,0,2,0,2,0,4,2,35.67249944444444,139.6013986111111,4,3,,,,
1,30,328,446,2,0,1,30000,0,112,2019,10,4,13,50,12,,,,,1,1,1,1,7,1,21,0,23,14,9,30,70,5,2,1,45,55,13,61,31,0,,,,,,,2,0,10,0,3,0,2,0,2,0,4,2,35.63722111111111,139.5889466666667,6,3,,,,
1,30,328,464,2,0,1,10200,0,112,2019,10,25,5,50,23,,,,,3,1,2,1,1,9,22,0,23,15,9,30,70,1,1,1,45,35,17,61,1,0,,,,,,,10,0,10,0,3,0,2,0,2,0,4,2,35.63267277777778,139.624365,6,3,,,,
1,30,328,471,2,0,1,30000,0,112,2019,10,27,17,11,21,,,,,1,1,1,14,7,0,23,0,23,3,9,1,70,4,2,1,35,1,3,61,31,0,,,,,,,3,0,10,0,3,0,2,0,2,0,4,2,35.65927444444444,139.61410777777778,1,3,,,,
1,30,328,472,2,0,1,10200,0,112,2019,10,16,19,20,22,,,,,2,1,1,1,7,9,22,0,23,14,9,30,70,1,2,1,65,25,4,61,31,0,,,,,,,10,0,10,0,3,0,2,0,2,0,4,2,35.6645325,139.61406416666665,4,3,,,,
1,30,328,473,2,0,1,30000,0,112,2019,10,15,16,0,12,,,,,1,1,1,1,1,9,22,0,23,18,9,20,70,4,1,1,55,1,51,61,0,0,,,,,,,0,0,10,0,4,0,0,0,0,0,4,2,35.6325225,139.60521944444443,3,3,,,,
1,30,329,161,2,0,1,10160,0,110,2019,9,18,13,40,12,,,,,3,1,2,1,1,9,22,0,23,19,9,30,70,1,2,1,45,25,13,61,1,0,,,,,,,10,0,50,0,3,0,2,0,2,0,4,2,35.64293361111111,139.70078194444443,4,3,,,,
1,30,329,162,2,0,1,30000,0,110,2019,10,1,12,30,12,,,,,1,1,1,14,7,0,23,0,23,2,9,1,70,5,4,1,65,75,3,61,31,0,,,,,,,5,0,10,0,4,0,2,0,2,0,4,2,35.643748333333335,139.6978538888889,3,3,,,,
1,30,329,171,2,0,1,30000,0,110,2019,10,18,17,47,21,,,,,2,1,1,1,7,9,22,0,23,15,9,30,70,5,3,1,55,75,3,61,31,0,,,,,,,2,0,20,0,3,0,2,0,2,0,4,2,35.64836916666667,139.69559722222223,6,3,,,,
1,30,329,175,2,0,1,30000,0,110,2019,10,23,19,30,22,,,,,1,1,1,1,7,9,22,0,23,15,9,30,70,5,3,1,25,35,13,61,31,0,,,,,,,2,0,50,0,4,0,2,0,2,0,4,2,35.63363388888889,139.69866027777778,4,3,,,,
1,30,329,178,2,0,1,30120,0,110,2019,10,31,4,5,22,,,,,1,1,1,14,7,0,23,0,23,4,9,1,70,5,2,1,45,25,17,61,1,0,,,,,,,3,0,15,0,3,0,2,0,2,0,4,2,35.64134166666667,139.71186416666666,5,3,,,,
1,30,330,204,2,0,1,30000,0,110,2019,9,26,19,30,22,,,,,1,1,1,14,7,0,23,0,23,2,9,1,70,5,4,1,1,55,51,61,0,0,,,,,,,0,0,40,0,4,0,0,0,0,0,4,2,35.610666111111115,139.67975527777776,5,3,,,,
1,30,330,205,2,0,1,30000,0,110,2019,10,19,19,18,22,,,,,1,1,1,1,1,9,22,0,23,15,9,30,70,4,2,1,45,35,13,61,31,0,,,,,,,2,0,10,0,4,0,2,0,2,0,4,2,35.62240833333333,139.67348083333331,7,3,,,,
1,30,330,206,2,0,1,30000,0,110,2019,10,18,16,10,13,,,,,2,1,1,1,7,1,21,0,23,14,9,30,70,5,3,1,45,35,3,61,31,0,,,,,,,2,0,10,0,3,0,2,0,2,0,4,2,35.618764722222224,139.67487444444444,6,3,,,,
1,30,330,209,2,0,1,10080,0,110,2019,10,25,14,40,12,,,,,3,1,2,14,7,0,23,0,23,6,9,1,70,4,2,1,45,45,3,61,31,0,,,,,,,1,0,40,0,3,0,2,0,2,0,4,2,35.62269333333333,139.68431416666667,6,3,,,,
1,30,330,211,2,0,1,30000,0,110,2019,10,25,19,55,22,,,,,2,1,1,14,7,0,23,0,23,2,9,1,70,5,4,1,1,45,51,61,0,0,,,,,,,0,0,10,0,4,0,0,0,0,0,4,2,35.62865888888889,139.686905,6,3,,,,
1,30,331,130,2,0,1,30000,0,113,2019,10,21,8,57,12,,,,,2,1,1,14,7,0,23,0,23,2,8,1,70,5,2,1,25,1,52,61,0,0,,,,,,,0,0,10,0,3,0,0,0,0,0,4,2,35.64516805555556,139.72168305555556,2,2,,,,
1,30,331,133,2,0,1,30220,0,113,2019,10,27,9,50,12,,,,,1,1,1,7,7,0,23,0,23,2,7,1,70,5,2,1,35,35,59,61,0,0,,,,,,,0,0,10,0,4,0,0,0,0,0,4,2,35.65904333333333,139.69811916666666,1,3,,,,
1,30,331,137,2,0,1,30000,0,113,2019,9,19,23,25,22,,,,,1,1,1,14,7,0,23,0,23,4,9,1,70,4,2,1,1,35,51,61,0,0,,,,,,,0,0,10,0,4,0,0,0,0,0,4,2,35.66153583333333,139.70074416666665,5,3,,,,
1,30,332,91,2,0,1,20120,0,113,2019,10,10,22,15,22,,,,,3,1,2,1,1,9,22,0,23,15,7,30,70,4,2,1,25,35,14,61,31,0,,,,,,,4,0,50,0,3,0,2,0,2,0,4,2,35.672258888888884,139.71258333333333,5,3,,,,
1,30,333,190,2,0,1,30250,0,113,2019,10,5,21,27,22,,,,,1,1,1,1,1,9,22,0,23,18,9,30,70,4,1,1,45,1,3,61,31,0,,,,,,,4,0,10,0,3,0,2,0,2,0,4,2,35.67959027777778,139.694035,7,3,,,,
1,30,435,110,2,0,1,30870,0,104,2019,8,24,11,25,12,,,,,1,1,1,1,1,9,22,0,23,17,8,30,70,5,1,1,45,45,3,61,31,0,,,,,,,3,0,12,0,3,0,2,0,2,0,4,2,35.70488833333334,139.73075333333333,7,3,,,,
1,30,435,112,2,0,1,10050,0,104,2019,10,19,1,48,22,,,,,3,1,2,1,1,9,22,0,23,17,9,30,70,6,1,1,65,1,3,61,1,0,,,,,,,5,0,10,0,3,0,2,0,2,0,4,2,35.69127694444444,139.71659083333333,7,3,,,,
1,30,435,115,2,0,1,30000,0,104,2019,10,15,23,3,22,,,,,1,1,1,1,1,9,22,0,23,11,9,30,70,4,2,1,45,25,51,61,0,0,,,,,,,0,0,10,0,3,0,0,0,0,0,4,2,35.70479916666667,139.70875138888889,3,3,,,,
1,30,435,117,2,0,1,99000,0,104,2019,10,23,9,0,12,,,,,1,1,1,0,7,0,23,0,23,0,0,20,70,0,3,1,65,1,3,61,31,0,,,,,,,1,0,30,0,4,0,2,0,2,0,4,2,35.70531444444445,139.73216,4,3,,,,
1,30,436,203,2,0,1,10240,0,104,2019,7,10,3,45,23,,,,,1,1,1,1,1,9,22,0,23,19,9,30,70,1,2,1,1,35,3,61,31,0,,,,,,,5,0,80,0,4,0,2,0,2,0,4,2,35.69581472222222,139.68860722222223,4,3,,,,
1,30,436,208,2,0,1,20000,0,104,2019,10,1,8,15,12,,,,,1,1,1,14,7,0,23,0,23,3,9,1,70,5,2,1,45,25,14,61,31,0,,,,,,,3,0,30,0,3,0,2,0,2,0,4,2,35.68915277777777,139.69871083333334,3,3,,,,
1,30,436,209,2,0,1,30290,0,104,2019,9,21,20,20,22,,,,,2,1,1,14,7,0,23,0,23,4,9,1,70,4,2,1,65,35,3,61,1,0,,,,,,,3,0,80,0,3,0,2,0,2,0,4,2,35.69451333333333,139.69883611111112,7,3,,,,
1,30,436,210,2,0,1,200,91,104,2019,10,4,20,30,22,,,,,1,1,1,14,7,0,23,0,23,6,9,1,70,1,2,1,75,35,3,61,1,0,,,,,,,5,0,10,0,3,0,2,0,2,0,4,2,35.686833611111105,139.69443305555555,6,3,,,,
1,30,436,213,2,0,1,30000,0,104,2019,10,10,13,5,12,,,,,1,1,1,14,7,0,23,0,23,3,9,1,70,5,3,1,65,35,13,61,31,0,,,,,,,10,0,40,0,3,0,2,0,2,0,4,2,35.69485666666667,139.7029497222222,5,3,,,,
1,30,436,219,2,0,1,30000,0,104,2019,9,6,8,27,12,,,,,1,1,1,1,7,9,22,0,23,11,9,30,70,5,2,1,75,25,3,61,1,0,,,,,,,10,0,40,0,4,0,2,0,2,0,4,2,35.69712305555555,139.7026508333333,6,3,,,,
1,30,436,228,2,0,1,95000,0,104,2019,10,23,13,15,12,,,,,1,1,1,1,1,9,22,0,23,14,9,30,70,4,2,1,45,75,3,61,1,0,,,,,,,10,0,80,0,3,0,2,0,2,0,4,2,35.69627,139.7003011111111,4,3,,,,
1,30,436,230,2,0,1,20300,0,104,2019,10,26,1,40,22,,,,,2,1,1,14,7,0,23,0,23,4,9,1,70,1,2,1,55,25,3,61,31,0,,,,,,,2,0,20,0,3,0,2,0,2,0,4,2,35.69813194444444,139.70327055555555,7,3,,,,
1,30,436,233,2,0,1,20000,0,104,2019,9,27,22,30,22,,,,,1,1,1,1,1,9,22,0,23,18,9,30,70,4,2,1,45,45,4,61,31,0,,,,,,,3,0,10,0,3,0,2,0,2,0,4,2,35.692118055555554,139.69670472222222,6,3,,,,
1,30,436,236,2,0,1,20300,0,104,2019,10,31,8,0,12,,,,,1,1,1,14,7,0,23,0,23,3,9,1,70,1,2,1,65,65,3,61,31,0,,,,,,,4,0,30,0,3,0,2,0,2,0,4,2,35.698010277777776,139.70146388888887,5,3,,,,
1,30,436,237,2,0,1,10090,0,104,2019,10,20,5,10,23,,,,,1,1,1,1,7,9,22,0,23,17,9,20,70,5,2,1,45,1,3,61,1,0,,,,,,,4,0,10,0,3,0,2,0,2,0,4,2,35.696437499999995,139.70708777777776,1,3,,,,
1,30,437,77,2,0,1,10220,0,104,2019,9,18,1,10,22,,,,,1,1,1,14,7,0,23,0,23,4,9,1,70,4,1,1,45,35,3,61,1,0,,,,,,,3,0,40,0,3,0,2,0,2,0,4,2,35.71385111111111,139.70398805555556,4,3,,,,
1,30,437,80,2,0,1,30000,0,104,2019,10,26,0,40,22,,,,,2,1,2,14,7,0,23,0,23,2,9,1,70,5,3,1,45,35,3,61,31,0,,,,,,,1,0,80,0,2,0,2,0,2,0,4,2,35.72136972222222,139.68214333333333,7,3,,,,
1,30,437,83,2,0,1,30000,0,104,2019,10,25,11,6,12,,,,,3,1,2,1,7,9,22,0,23,11,9,30,70,5,4,1,45,45,13,61,1,0,,,,,,,10,0,30,0,4,0,2,0,2,0,4,2,35.71534555555556,139.703285,6,3,,,,
1,30,438,140,2,0,1,200,70,104,2019,9,19,23,45,22,,,,,1,1,1,1,1,9,22,0,23,18,9,30,70,1,1,1,75,45,14,61,1,0,,,,,,,5,0,50,0,3,0,2,0,2,0,4,2,35.6875825,139.7160788888889,5,3,,,,
1,30,438,147,2,0,1,95000,0,104,2019,10,21,18,32,22,,,,,2,1,1,14,7,0,23,0,23,2,9,1,70,5,2,1,45,1,3,61,31,0,,,,,,,5,0,10,0,3,0,2,0,2,0,4,2,35.69079222222222,139.7100836111111,2,2,,,,
1,30,438,149,2,0,1,30000,0,104,2019,7,5,8,14,12,,,,,2,1,1,14,7,0,23,0,23,3,9,1,70,5,3,1,45,35,17,61,1,0,,,,,,,10,0,40,0,4,0,2,0,2,0,4,2,35.69106444444444,139.7052833333333,6,3,,,,
1,30,438,150,2,0,1,30000,0,104,2019,10,19,17,55,21,,,,,2,1,1,14,7,0,23,0,23,3,9,1,1,5,4,1,35,65,3,61,31,0,,,,,,,2,0,10,0,3,0,2,0,2,0,4,2,35.68886805555555,139.7119933333333,7,3,,,,
1,30,439,258,2,0,1,10240,0,114,2019,10,6,4,21,22,,,,,3,1,1,1,1,9,22,0,23,19,9,30,70,1,2,1,35,25,17,61,31,0,,,,,,,5,0,10,0,2,0,2,0,2,0,4,2,35.69703111111111,139.68311805555555,1,3,,,,