資料区分,都道府県コード,警察署等コード,本票番号,事故内容,死者数,負傷者数,路線コード,地点コード,市区町村コード,発生日時　　年,発生日時　　月,発生日時　　日,発生日時　　時,発生日時　　分,昼夜,日の出時刻　　時,日の出時刻　　分,日の入り時刻　　時,日の入り時刻　　分,天候,地形,路面状態,道路形状,信号機,一時停止規制　標識（当事者A）,一時停止規制　表示（当事者A）,一時停止規制　標識（当事者B）,一時停止規制　表示（当事者B）,車道幅員,道路線形,衝突地点,ゾーン規制,中央分離帯施設等,歩車道区分,事故類型,年齢（当事者A）,年齢（当事者B）,当事者種別（当事者A）,当事者種別（当事者B）,用途別（当事者A）,用途別（当事者B）,車両形状等（当事者A）,車両形状等（当事者B）,オートマチック車（当事者A）,オートマチック車（当事者B）,サポカー（当事者A）,サポカー（当事者B）,速度規制（指定のみ）（当事者A）,速度規制（指定のみ）（当事者B）,車両の衝突部位（当事者A）,車両の衝突部位（当事者B）,車両の損壊程度（当事者A）,車両の損壊程度（当事者B）,エアバッグの装備（当事者A）,エアバッグの装備（当事者B）,サイドエアバッグの装備（当事者A）,サイドエアバッグの装備（当事者B）,人身損傷程度（当事者A）,人身損傷程度（当事者B）,lat,lon,曜日(発生年月日),祝日(発生年月日),認知機能検査経過日数（当事者A）,認知機能検査経過日数（当事者B）,運転練習の方法（当事者A）,運転練習の方法（当事者B）
1,30,439,265,2,0,1,10240,0,114,2019,10,5,5,25,23,,,,,1,1,1,7,7,0,23,0,23,3,9,1,70,1,2,1,45,45,3,61,1,0,,,,,,,2,0,10,0,4,0,2,0,2,0,4,2,35.69697111111111,139.68379388888889,7,3,,,,
1,30,439,266,2,0,1,30000,0,114,2019,10,10,15,50,12,,,,,1,1,1,14,7,0,23,0,23,1,9,1,70,5,4,1,35,35,14,61,1,0,,,,,,,10,0,40,0,3,0,2,0,2,0,4,2,35.69839111111111,139.67435694444444,5,3,,,,
1,30,439,271,2,0,1,30000,0,114,2019,10,16,10,52,12,,,,,2,1,1,7,7,0,23,0,23,2,8,1,70,5,3,1,25,25,52,61,0,0,,,,,,,0,0,10,0,3,0,0,0,0,0,4,2,35.70544805555556,139.66469916666668,4,3,,,,
1,30,439,279,2,0,1,30000,0,114,2019,1,10,18,45,22,,,,,1,1,1,7,7,0,23,0,23,3,9,1,70,5,2,1,65,25,3,61,31,0,,,,,,,2,0,40,0,3,0,2,0,2,0,4,2,35.690455,139.66987999999998,5,3,,,,
1,30,440,248,2,0,1,10250,0,114,2019,10,5,10,50,12,,,,,1,1,1,1,1,1,21,0,23,17,9,30,70,4,2,1,35,75,3,61,31,0,,,,,,,3,0,20,0,4,0,2,0,2,0,4,2,35.72720944444445,139.6328552777778,7,3,,,,
1,30,440,249,2,0,1,10220,0,114,2019,10,8,13,0,12,,,,,2,1,1,14,7,0,23,0,23,4,9,1,70,4,1,1,65,45,51,61,0,0,,,,,,,0,0,0,0,4,0,0,0,0,0,4,2,35.70993888888889,139.66647416666666,3,3,,,,
1,30,440,252,2,0,1,30000,0,114,2019,10,14,14,5,12,,,,,3,1,2,1,1,9,22,0,23,15,9,30,70,4,2,1,55,65,3,61,1,0,,,,,,,10,0,10,0,3,0,2,0,2,0,4,2,35.71709361111111,139.66387583333335,2,1,,,,
1,30,441,259,2,0,2,10240,0,115,2019,10,3,1,47,22,,,,,1,1,1,14,7,0,23,0,23,2,9,20,70,4,2,1,55,75,34,61,31,0,,,,,,,5,0,40,0,3,0,0,0,0,0,2,2,35.69804416666666,139.65743083333334,5,3,,,,
1,30,441,267,2,0,1,30000,0,115,2019,10,11,1,10,22,,,,,3,1,2,14,7,0,23,0,23,3,9,1,70,5,2,1,65,25,3,61,1,0,,,,,,,5,0,10,0,4,0,2,0,2,0,4,2,35.70514194444445,139.63628166666666,6,3,,,,
1,30,441,275,2,0,1,30880,0,115,2019,10,19,9,47,12,,,,,2,1,2,7,7,0,23,0,23,3,7,1,70,5,2,1,25,65,51,61,0,0,,,,,,,0,0,20,0,4,0,0,0,0,0,4,2,35.704368888888894,139.64973083333334,7,3,,,,
1,30,441,281,2,0,1,10130,0,115,2019,10,23,8,20,12,,,,,1,1,1,14,7,0,23,0,23,5,9,1,70,1,2,1,45,35,14,61,31,0,,,,,,,4,0,30,0,3,0,2,0,2,0,4,2,35.705265833333335,139.65486916666669,4,3,,,,
1,30,441,284,2,0,1,30000,0,115,2019,10,8,18,15,22,,,,,1,1,1,7,7,0,23,0,23,2,9,1,70,4,3,1,65,25,14,61,31,0,,,,,,,10,0,10,0,4,0,2,0,2,0,4,2,35.70966138888889,139.63442944444444,3,3,,,,
1,30,442,310,2,0,1,10130,0,115,2019,10,4,12,45,12,,,,,1,1,1,14,7,0,23,0,23,1,9,1,70,1,1,1,25,35,51,61,0,0,,,,,,,0,0,0,0,4,0,0,0,0,0,4,2,35.68371194444444,139.65691666666666,6,3,,,,
1,30,442,311,2,0,1,10270,0,115,2019,10,7,6,32,11,,,,,2,1,1,14,7,0,23,0,23,3,9,1,70,1,1,1,25,0,61,0,0,0,,,,,,,0,0,0,0,0,0,0,0,0,0,2,0,35.686902499999995,139.59570222222223,2,3,,,,
1,30,442,314,2,0,1,30000,0,115,2019,10,8,14,58,12,,,,,1,1,1,14,7,0,23,0,23,2,9,20,70,5,3,1,35,1,14,61,31,0,,,,,,,5,0,20,0,3,0,2,0,2,0,4,2,35.68221611111111,139.6190675,3,3,,,,
1,30,442,326,2,0,1,30000,0,115,2019,10,16,10,55,12,,,,,2,1,1,14,7,0,23,0,23,1,9,1,70,5,3,1,35,75,51,61,0,0,,,,,,,0,0,30,0,4,0,0,0,0,0,4,2,35.70087138888889,139.60249638888888,4,3,,,,
1,30,442,332,2,0,1,30000,0,115,2019,9,13,8,5,12,,,,,1,1,1,1,7,9,22,0,23,14,9,30,70,5,3,1,1,1,51,61,0,0,,,,,,,0,0,10,0,3,0,0,0,0,0,4,2,35.696706111111105,139.60998694444444,6,3,,,,
1,30,442,336,2,0,2,200,156,115,2019,10,22,17,40,21,,,,,2,1,2,14,7,0,23,0,23,1,9,1,70,5,1,1,45,75,51,61,0,0,,,,,,,0,0,10,0,4,0,0,0,0,0,4,2,35.67017222222222,139.62792055555556,3,1,,,,
1,30,442,345,2,0,1,95000,0,115,2019,6,15,11,30,12,,,,,3,1,2,14,7,0,23,0,23,3,9,1,70,5,3,1,35,0,61,0,0,0,,,,,,,0,0,0,0,0,0,0,0,0,0,2,0,35.68387416666666,139.62958222222224,7,3,,,,
1,30,442,349,2,0,1,30000,0,115,2019,10,31,5,48,23,,,,,1,1,1,14,7,0,23,0,23,2,9,1,70,5,3,1,1,75,51,61,0,0,,,,,,,0,0,10,0,3,0,0,0,0,0,4,2,35.67695527777777,139.65963583333334,5,3,,,,
1,30,443,235,2,0,1,20350,0,115,2019,10,9,9,10,12,,,,,1,1,1,14,7,0,23,0,23,2,9,1,70,4,2,1,25,1,14,61,31,0,,,,,,,3,0,10,0,3,0,2,0,2,0,4,2,35.72099111111111,139.62562861111113,4,3,,,,
1,30,443,240,2,0,1,10240,0,115,2019,6,22,16,10,12,,,,,2,1,1,14,1,0,23,0,23,5,9,1,70,4,2,1,25,35,34,61,31,0,,,,,,,5,0,10,0,3,0,0,0,0,0,4,2,35.705177222222225,139.6213586111111,7,3,,,,
1,30,443,249,2,0,1,30000,0,115,2019,10,27,0,11,22,,,,,1,1,1,1,1,0,23,0,23,14,9,30,70,5,1,1,1,0,61,0,0,0,,,,,,,0,0,0,0,0,0,0,0,0,0,2,0,35.7027775,139.6000575,1,3,,,,
1,30,443,250,2,0,1,30000,0,115,2019,10,21,18,55,22,,,,,2,1,1,14,7,0,23,0,23,3,9,1,70,4,1,1,35,55,51,61,0,0,,,,,,,0,0,10,0,4,0,0,0,0,0,4,2,35.7033775,139.60041805555554,2,2,,,,
1,30,443,251,2,0,1,30000,0,115,2019,10,29,15,40,12,,,,,3,1,2,1,7,1,21,0,23,11,9,30,1,5,3,1,25,1,3,61,31,0,,,,,,,2,0,10,0,4,0,2,0,2,0,4,2,35.71844527777778,139.60995027777778,3,3,,,,
1,30,545,90,2,0,1,10100,0,105,2019,10,1,0,1,22,,,,,1,1,1,1,1,9,22,0,23,18,9,30,70,1,1,1,35,25,3,61,31,0,,,,,,,5,0,10,0,2,0,2,0,2,0,4,2,35.719729722222226,139.7508552777778,3,3,,,,
1,30,545,91,2,0,1,10100,0,105,2019,9,25,18,20,21,,,,,1,1,1,14,7,0,23,0,23,5,9,1,70,1,2,1,25,0,61,0,0,0,,,,,,,0,0,0,0,0,0,0,0,0,0,2,0,35.72930916666667,139.7434486111111,4,3,,,,
1,30,545,95,2,0,1,30000,0,105,2019,10,17,18,50,22,,,,,3,1,2,1,7,1,21,0,23,15,9,30,70,5,2,1,35,25,3,61,31,0,,,,,,,2,0,10,0,3,0,2,0,2,0,4,2,35.703903611111116,139.74743666666666,5,3,,,,
1,30,546,87,2,0,1,99000,0,105,2019,10,24,10,52,12,,,,,2,1,1,0,7,0,23,0,23,0,0,20,70,0,4,1,45,75,3,61,1,0,,,,,,,10,0,30,0,4,0,2,0,2,0,4,2,35.71751166666667,139.73585916666664,5,3,,,,
1,30,546,88,2,0,1,30000,0,105,2019,10,24,7,55,12,,,,,2,1,1,1,7,9,22,0,23,14,8,30,70,4,2,1,45,1,51,61,0,0,,,,,,,0,0,10,0,3,0,0,0,0,0,4,2,35.717238333333334,139.72910305555556,5,3,,,,
1,30,546,90,2,0,1,10010,0,105,2019,10,29,14,30,12,,,,,3,1,2,14,7,0,23,0,23,5,9,1,70,1,2,1,65,1,3,61,1,0,,,,,,,4,0,10,0,3,0,2,0,2,0,4,2,35.717531944444445,139.71999472222222,3,3,,,,
1,30,548,68,2,0,1,20370,0,105,2019,10,2,14,35,12,,,,,1,1,1,1,7,9,22,0,23,11,9,30,70,5,1,1,1,55,51,61,0,0,,,,,,,0,0,10,0,3,0,0,0,0,0,4,2,35.73301472222222,139.75701555555557,4,3,,,,
1,30,548,73,2,0,1,20400,0,105,2019,10,18,21,40,22,,,,,3,1,2,1,1,8,22,0,23,14,9,30,70,4,1,1,25,45,3,61,31,0,,,,,,,4,0,10,0,3,0,2,0,2,0,4,2,35.730962500000004,139.75059694444445,6,3,,,,
1,30,549,117,2,0,1,30000,0,116,2019,9,4,16,40,12,,,,,2,1,1,7,1,0,23,0,23,2,9,1,70,5,2,1,35,25,3,61,31,0,,,,,,,3,0,10,0,3,0,2,0,2,0,4,2,35.730515277777776,139.71821194444445,4,3,,,,
1,30,549,118,2,0,1,30320,0,116,2019,9,15,6,15,11,,,,,1,1,1,14,1,0,23,0,23,1,7,1,70,5,2,1,65,45,13,61,31,0,,,,,,,3,0,10,0,3,0,2,0,2,0,4,2,35.732369722222224,139.72589416666668,1,2,,,,
1,30,549,125,2,0,1,30000,0,116,2019,10,12,18,0,21,,,,,3,1,2,14,7,0,23,0,23,4,9,1,70,4,2,1,45,1,13,61,31,0,,,,,,,5,0,10,0,3,0,2,0,2,0,4,2,35.72634,139.72987666666666,7,3,,,,
1,30,549,129,2,0,1,30000,0,116,2019,10,19,22,40,22,,,,,1,1,1,1,7,9,22,0,23,18,9,30,70,5,2,1,65,75,3,61,1,0,,,,,,,5,0,40,0,3,0,2,0,2,0,4,2,35.733762222222225,139.73863999999998,7,3,,,,
1,30,550,175,2,0,1,30000,0,116,2019,10,5,18,10,21,,,,,1,1,1,7,1,0,23,0,23,2,9,1,70,1,1,1,25,1,51,61,0,0,,,,,,,0,0,10,0,4,0,0,0,0,0,4,2,35.733110833333335,139.7090697222222,7,3,,,,
1,30,550,178,2,0,1,30000,0,116,2019,10,8,7,5,12,,,,,2,1,2,14,7,0,23,0,23,4,9,1,70,4,1,1,35,25,14,61,1,0,,,,,,,3,0,10,0,2,0,2,0,2,0,4,2,35.73088805555556,139.71419083333333,3,3,,,,
1,30,550,180,2,0,1,30000,0,116,2019,9,16,10,50,12,,,,,3,1,2,7,1,0,23,0,23,4,9,1,70,4,1,1,35,45,1,61,1,0,,,,,,,3,0,10,0,4,0,2,0,2,0,4,2,35.731766111111114,139.71414805555554,2,1,,,,
1,30,550,182,2,0,1,30000,0,116,2019,10,12,5,20,23,,,,,3,1,2,14,7,0,23,0,23,4,8,1,70,4,1,1,65,35,51,61,0,0,,,,,,,0,0,0,0,4,0,0,0,0,0,4,2,35.73470722222223,139.71661083333333,7,3,,,,
1,30,550,187,2,0,1,30000,0,116,2019,10,16,16,0,12,,,,,1,1,1,1,7,9,22,0,23,11,9,30,70,5,3,1,55,1,3,61,1,0,,,,,,,10,0,10,0,3,0,2,0,2,0,4,2,35.73707638888889,139.7062163888889,4,3,,,,
1,30,550,190,2,0,1,30000,0,116,2018,11,29,11,55,12,,,,,1,1,1,14,7,0,23,0,23,2,9,1,70,5,3,1,35,55,3,61,31,0,,,,,,,10,0,40,0,4,0,2,0,2,0,4,2,35.736559166666666,139.71902416666666,5,3,,,,
1,30,553,92,2,0,1,30000,0,117,2019,10,9,14,10,12,,,,,1,1,1,1,1,9,22,0,23,15,9,30,70,4,1,1,65,45,14,61,31,0,,,,,,,2,0,20,0,3,0,2,0,2,0,4,2,35.762186944444444,139.74233194444443,4,3,,,,
1,30,553,95,2,0,1,30000,0,117,2019,10,14,10,35,12,,,,,3,1,2,14,7,0,23,0,23,2,9,1,70,5,3,1,35,75,51,61,0,0,,,,,,,0,0,20,0,3,0,0,0,0,0,4,2,35.7644575,139.72132,2,1,,,,
1,30,553,97,2,0,1,30000,0,117,2019,10,22,10,5,12,,,,,3,1,2,7,1,0,23,0,23,3,9,1,70,4,1,1,65,1,3,61,31,0,,,,,,,1,0,10,0,3,0,2,0,2,0,4,2,35.76705472222222,139.727935,3,1,,,,
1,30,553,98,2,0,1,20450,0,117,2019,10,25,16,5,13,,,,,3,1,2,14,7,0,23,0,23,4,9,1,70,4,1,1,65,1,14,61,31,0,,,,,,,3,0,20,0,3,0,2,0,2,0,4,2,35.7593475,139.72261666666668,6,3,,,,
1,30,554,139,2,0,1,30000,0,117,2019,8,26,7,15,12,,,,,1,1,1,14,7,0,23,0,23,2,9,1,70,5,3,1,75,35,51,61,0,0,,,,,,,0,0,10,0,3,0,0,0,0,0,4,2,35.78732888888889,139.70929277777776,2,3,,,,
1,30,554,143,2,0,1,30000,0,117,2019,10,5,13,10,12,,,,,1,1,1,14,7,0,23,0,23,3,9,1,70,5,3,1,45,35,3,61,31,0,,,,,,,10,0,40,0,4,0,2,0,2,0,4,2,35.77826638888889,139.72207083333333,7,3,,,,
1,30,554,148,2,0,1,1220,0,117,2019,10,24,22,0,22,,,,,3,1,2,1,1,9,22,0,23,17,9,30,70,1,1,1,75,25,14,61,1,0,,,,,,,10,0,10,0,3,0,2,0,2,0,4,2,35.769751666666664,139.7344572222222,5,3,,,,
1,30,554,150,2,0,1,30000,0,117,2019,10,25,10,45,12,,,,,3,1,2,14,7,0,23,0,23,3,9,1,70,5,3,1,35,55,3,61,31,0,,,,,,,2,0,80,0,3,0,2,0,2,0,4,2,35.77224555555556,139.7162322222222,6,3,,,,
1,30,555,344,2,0,1,30000,0,119,2019,10,27,4,48,22,,,,,1,1,1,14,7,0,23,0,23,3,9,1,70,5,1,1,45,75,13,61,31,0,,,,,,,10,0,10,0,4,0,2,0,1,0,4,2,35.755831388888886,139.69764555555557,1,3,,,,
1,30,555,348,2,0,1,30000,0,119,2019,10,27,19,0,22,,,,,3,1,2,1,7,9,22,0,23,14,9,30,70,5,3,1,45,25,3,61,31,0,,,,,,,2,0,10,0,4,0,2,0,2,0,4,2,35.744820000000004,139.67826666666664,1,3,,,,
1,30,555,352,2,0,1,30000,0,119,2019,9,9,15,38,12,,,,,1,1,1,1,7,9,22,0,23,15,9,20,70,5,3,1,75,65,3,61,31,0,,,,,,,2,0,10,0,3,0,2,0,2,0,4,2,35.755828055555554,139.69722638888888,2,3,,,,
1,30,556,210,2,0,1,20000,0,119,2019,2,21,5,0,22,,,,,1,1,1,14,7,0,23,0,23,3,9,1,70,4,1,1,25,1,51,61,0,0,,,,,,,0,0,0,0,4,0,0,0,0,0,4,2,35.76390611111111,139.68422055555556,5,3,,,,
1,30,556,212,2,0,1,30000,0,119,2019,9,11,17,5,13,,,,,3,1,2,1,1,9,22,0,23,18,9,30,70,4,1,1,35,55,13,61,31,0,,,,,,,3,0,50,0,3,0,2,0,2,0,4,2,35.77459888888889,139.68380694444446,4,3,,,,
1,30,556,216,2,0,1,170,150,119,2019,10,3,18,0,21,,,,,2,1,1,14,7,0,23,0,23,1,9,1,70,5,2,1,55,1,3,61,31,0,,,,,,,5,0,10,0,3,0,2,0,2,0,4,2,35.78716305555555,139.68527583333335,5,3,,,,
1,30,556,220,2,0,1,30000,0,119,2019,10,16,12,33,12,,,,,1,1,1,1,1,9,22,0,23,15,9,30,70,5,2,1,45,65,3,61,31,0,,,,,,,10,0,30,0,4,0,2,0,2,0,4,2,35.78071944444444,139.66657694444444,4,3,,,,
1,30,556,221,2,0,1,20470,0,119,2019,5,13,15,40,12,,,,,1,1,1,14,7,0,23,0,23,6,9,1,70,1,1,1,1,65,51,61,0,0,,,,,,,0,0,20,0,3,0,0,0,0,0,4,2,35.77489944444444,139.68281194444444,2,3,,,,
1,30,556,225,2,0,1,20480,0,119,2019,10,23,17,25,21,,,,,1,1,1,14,7,0,23,0,23,3,9,1,70,1,1,1,25,55,51,61,0,0,,,,,,,0,0,10,0,3,0,0,0,0,0,4,2,35.78519277777777,139.68170166666667,4,3,,,,
1,30,557,270,2,0,1,10010,0,120,2019,9,21,14,13,12,,,,,2,1,1,1,1,9,22,0,23,18,8,30,70,1,2,1,75,55,14,61,31,0,,,,,,,4,0,10,0,3,0,2,0,2,0,4,2,35.74082638888889,139.6364686111111,7,3,,,,
1,30,557,275,2,0,1,30000,0,120,2019,10,2,16,0,12,,,,,1,1,1,1,1,9,22,0,23,15,9,30,70,5,2,1,75,65,3,61,31,0,,,,,,,2,0,10,0,3,0,2,0,2,0,4,2,35.73781527777778,139.67390194444442,4,3,,,,
1,30,557,291,2,0,1,30000,0,120,2019,10,20,16,55,13,,,,,2,1,1,14,7,0,23,0,23,2,9,1,70,5,2,1,35,55,51,61,0,0,,,,,,,0,0,20,0,4,0,0,0,0,0,4,2,35.73758166666667,139.67214888888887,1,3,,,,
1,30,557,298,2,0,1,10010,0,120,2019,10,27,22,30,22,,,,,1,1,1,1,1,9,22,0,23,19,9,30,70,1,1,1,45,1,3,61,31,0,,,,,,,4,0,20,0,4,0,2,0,2,0,4,2,35.73697361111111,139.6502988888889,1,3,,,,
1,30,558,308,2,0,1,30000,0,120,2019,10,5,19,22,22,,,,,1,1,1,7,1,0,23,0,23,3,9,20,70,5,3,1,1,35,36,61,31,0,,,,,,,10,0,30,0,3,0,0,0,0,0,4,2,35.75120388888889,139.58454833333334,7,3,,,,
1,30,558,311,2,0,1,95000,0,120,2019,10,9,18,55,22,,,,,1,1,1,1,7,9,22,0,23,15,3,30,70,5,1,1,55,55,3,61,31,0,,,,,,,10,0,10,0,2,0,2,0,2,0,4,2,35.7438,139.60710722222223,4,3,,,,
1,30,558,315,2,0,1,30000,0,120,2019,9,5,22,43,22,,,,,2,1,1,7,7,0,23,0,23,1,9,1,70,5,3,1,35,25,3,61,31,0,,,,,,,2,0,40,0,4,0,2,0,2,0,4,2,35.72674444444445,139.5769486111111,5,3,,,,
1,30,558,316,2,0,1,30000,0,120,2019,10,11,8,10,12,,,,,2,1,2,1,7,9,22,0,23,11,9,30,70,5,4,1,45,35,3,61,31,0,,,,,,,10,0,43,0,4,0,2,0,2,0,4,2,35.742780277777776,139.6024322222222,6,3,,,,
1,30,558,321,2,0,1,30000,0,120,2019,8,25,18,30,21,,,,,2,1,1,7,7,0,23,0,23,2,9,1,70,5,3,1,1,25,36,61,31,0,,,,,,,2,0,10,0,3,0,0,0,0,0,4,2,35.72529222222222,139.58051333333333,1,3,,,,
1,30,558,325,2,0,1,30000,0,120,2019,8,7,18,4,13,,,,,1,1,1,14,7,0,23,0,23,3,9,1,70,5,3,1,75,25,3,61,31,0,,,,,,,10,0,40,0,4,0,2,0,2,0,4,2,35.74292583333333,139.5798911111111,4,3,,,,
1,30,559,176,1,1,1,20480,0,119,2019,10,6,9,30,12,,,,,3,1,2,1,1,9,22,0,23,18,9,30,70,5,1,1,65,25,17,61,1,0,,,,,,,10,0,10,0,2,0,2,0,2,0,4,1,35.78660416666666,139.67028694444443,1,3,,,,
1,30,559,181,2,0,1,30930,0,119,2019,10,12,9,18,12,,,,,3,1,2,1,1,8,22,0,23,11,9,30,70,4,1,1,35,65,3,61,31,0,,,,,,,5,0,10,0,3,0,2,0,2,0,4,2,35.78956972222222,139.66731249999998,7,3,,,,
1,30,559,182,2,0,1,20000,0,119,2019,10,17,18,7,22,,,,,3,1,2,1,1,9,22,0,23,18,9,30,70,1,2,1,55,1,3,61,31,0,,,,,,,3,0,10,0,3,0,2,0,2,0,4,2,35.78562611111111,139.65883277777777,5,3,,,,
1,30,559,184,2,0,1,30000,0,119,2019,10,19,8,30,12,,,,,1,1,2,14,7,0,23,0,23,3,9,20,70,5,4,1,35,65,3,61,31,0,,,,,,,10,0,20,0,4,0,2,0,2,0,4,2,35.78150861111111,139.64343666666664,7,3,,,,
1,30,559,185,2,0,1,30000,0,119,2019,10,23,18,32,22,,,,,1,1,1,1,7,1,22,0,23,11,9,30,70,5,4,1,45,35,13,61,31,0,,,,,,,1,0,10,0,3,0,2,0,2,0,4,2,35.797199166666665,139.66817722222223,4,3,,,,
1,30,559,186,2,0,1,30000,0,119,2019,10,4,11,20,12,,,,,1,1,1,14,7,0,23,0,23,1,9,20,70,5,4,1,55,75,52,61,0,0,,,,,,,0,0,10,0,4,0,0,0,0,0,4,2,35.78671805555555,139.63411472222222,6,3,,,,
1,30,559,190,2,0,1,30000,0,119,2019,10,30,6,55,11,,,,,1,1,1,1,1,9,22,0,23,11,9,30,70,4,1,1,1,1,35,61,31,0,,,,,,,2,0,10,0,3,0,0,0,0,0,4,2,35.76882666666667,139.66327694444445,4,3,,,,
1,30,560,314,2,0,1,95000,0,120,2019,9,26,16,40,13,,,,,1,1,1,14,7,0,23,0,23,2,9,1,70,5,3,1,35,55,3,61,31,0,,,,,,,2,0,40,0,3,0,2,0,2,0,4,2,35.761715555555554,139.60739194444443,5,3,,,,
1,30,560,317,2,0,1,30000,0,120,2019,10,1,18,2,21,,,,,1,1,1,1,1,9,22,0,23,18,9,30,70,1,2,1,45,1,4,61,31,0,,,,,,,5,0,80,0,3,0,2,0,2,0,4,2,35.75848361111111,139.62192472222222,3,3,,,,
1,30,560,332,2,0,1,30000,0,120,2019,10,24,13,59,12,,,,,2,1,1,14,7,0,23,0,23,4,9,1,70,5,2,1,25,65,51,61,0,0,,,,,,,0,0,10,0,3,0,0,0,0,0,4,2,35.74062305555556,139.61713555555556,5,3,,,,
1,30,560,334,2,0,1,30000,0,120,2019,10,18,8,55,12,,,,,2,1,1,14,7,0,23,0,23,2,9,1,70,5,4,1,35,35,51,61,0,0,,,,,,,0,0,10,0,4,0,0,0,0,0,4,2,35.7474675,139.61251472222222,6,3,,,,
1,30,660,184,2,0,1,20370,0,106,2019,7,30,18,40,13,,,,,1,1,1,14,7,0,23,0,23,5,9,1,70,4,1,1,45,35,51,61,0,0,,,,,,,0,0,10,0,4,0,0,0,0,0,4,2,35.715205000000005,139.76729833333334,3,3,,,,
1,30,660,188,2,0,1,20390,0,106,2019,10,4,13,33,12,,,,,1,1,1,1,7,9,22,0,23,18,9,30,70,4,2,1,65,65,3,61,31,0,,,,,,,3,0,20,0,3,0,2,0,2,0,4,2,35.707585,139.77763972222223,6,3,,,,
1,30,660,196,2,0,1,20070,0,106,2019,10,21,21,52,22,,,,,3,1,2,14,7,0,23,0,23,6,9,1,70,1,2,1,45,55,51,61,0,0,,,,,,,0,0,10,0,4,0,0,0,0,0,4,2,35.70897777777778,139.77349500000003,2,2,,,,
1,30,661,110,2,0,1,30000,0,106,2019,10,8,17,20,21,,,,,1,1,1,1,7,1,21,0,23,15,9,30,70,4,2,1,25,75,14,61,31,0,,,,,,,1,0,50,0,3,0,2,0,2,0,4,2,35.72484638888889,139.79325583333332,3,3,,,,
1,30,661,111,2,0,1,30000,0,106,2019,10,9,23,15,22,,,,,1,1,1,1,7,9,22,0,23,11,9,30,70,5,4,1,25,25,3,61,31,0,,,,,,,10,0,50,0,3,0,2,0,2,0,4,2,35.72248611111111,139.77865722222222,4,3,,,,
1,30,661,114,2,0,1,40,48,106,2019,10,15,11,30,12,,,,,2,1,1,1,1,9,22,0,23,18,9,30,70,4,2,1,35,35,13,61,31,0,,,,,,,5,0,40,0,3,0,2,0,2,0,4,2,35.72284944444445,139.78607583333334,3,3,,,,
1,30,661,116,2,0,1,10340,0,106,2019,10,16,20,20,22,,,,,1,1,1,14,7,0,23,0,23,1,9,1,70,5,2,1,45,55,51,61,0,0,,,,,,,0,0,40,0,4,0,0,0,0,0,4,2,35.72582638888889,139.77560972222224,4,3,,,,
1,30,661,117,2,0,1,30000,0,106,2019,7,29,0,45,22,,,,,1,1,1,14,7,0,23,0,23,2,9,1,70,5,3,1,25,35,3,61,1,0,,,,,,,10,0,10,0,3,0,2,0,2,0,4,2,35.72485555555556,139.77910833333334,2,3,,,,
1,30,661,121,2,0,1,30000,0,106,2019,10,29,22,35,22,,,,,1,1,1,14,7,0,23,0,23,2,9,1,70,5,4,1,25,35,3,61,31,0,,,,,,,10,0,30,0,3,0,2,0,2,0,4,2,35.7225175,139.7776913888889,3,3,,,,
1,30,662,117,1,1,0,10360,0,106,2019,10,3,17,26,21,,,,,1,1,1,1,1,9,22,0,23,15,9,30,70,4,2,1,55,75,3,61,31,0,,,,,,,3,0,50,0,3,0,2,0,2,0,4,1,35.725744444444445,139.8078838888889,5,3,,,,
1,30,662,120,2,0,1,30000,0,106,2019,10,6,18,20,22,,,,,1,1,1,1,7,9,22,0,23,15,9,30,70,4,2,1,65,75,3,61,1,0,,,,,,,2,0,80,0,3,0,2,0,2,0,4,2,35.72093138888889,139.79597777777778,1,3,,,,
1,30,662,121,2,0,1,30000,0,106,2019,10,9,20,35,22,,,,,1,1,1,1,7,9,22,0,23,18,9,30,70,4,2,1,55,35,3,61,31,0,,,,,,,3,0,10,0,3,0,2,0,2,0,4,2,35.723333333333336,139.79825944444445,4,3,,,,
1,30,662,125,2,0,1,30000,0,106,2019,10,23,13,10,12,,,,,1,1,1,14,7,0,23,0,23,3,9,1,70,5,2,1,75,35,51,61,0,0,,,,,,,0,0,20,0,3,0,0,0,0,0,4,2,35.71282166666667,139.7969325,4,3,,,,
1,30,662,128,2,0,1,30000,0,106,2019,10,25,23,56,22,,,,,1,1,1,7,7,0,23,0,23,4,9,1,70,5,1,1,45,45,3,61,1,0,,,,,,,3,0,20,0,3,0,2,0,2,0,4,2,35.726084166666666,139.80497555555556,6,3,,,,
1,30,662,129,2,0,1,10300,0,106,2019,10,27,8,42,12,,,,,2,1,1,14,7,0,23,0,23,5,9,1,70,4,2,1,35,75,51,61,0,0,,,,,,,0,0,10,0,3,0,0,0,0,0,4,2,35.71664166666667,139.79510333333334,1,3,,,,
1,30,663,109,2,0,1,30000,0,106,2019,10,5,18,11,21,,,,,1,1,1,1,7,0,23,0,23,14,9,30,70,5,2,1,1,0,61,0,0,0,,,,,,,0,0,0,0,0,0,0,0,0,0,2,0,35.71187472222223,139.79113611111111,7,3,,,,