資料区分,都道府県コード,警察署等コード,本票番号,事故内容,死者数,負傷者数,路線コード,地点コード,市区町村コード,発生日時　　年,発生日時　　月,発生日時　　日,発生日時　　時,発生日時　　分,昼夜,日の出時刻　　時,日の出時刻　　分,日の入り時刻　　時,日の入り時刻　　分,天候,地形,路面状態,道路形状,信号機,一時停止規制　標識（当事者A）,一時停止規制　表示（当事者A）,一時停止規制　標識（当事者B）,一時停止規制　表示（当事者B）,車道幅員,道路線形,衝突地点,ゾーン規制,中央分離帯施設等,歩車道区分,事故類型,年齢（当事者A）,年齢（当事者B）,当事者種別（当事者A）,当事者種別（当事者B）,用途別（当事者A）,用途別（当事者B）,車両形状等（当事者A）,車両形状等（当事者B）,オートマチック車（当事者A）,オートマチック車（当事者B）,サポカー（当事者A）,サポカー（当事者B）,速度規制（指定のみ）（当事者A）,速度規制（指定のみ）（当事者B）,車両の衝突部位（当事者A）,車両の衝突部位（当事者B）,車両の損壊程度（当事者A）,車両の損壊程度（当事者B）,エアバッグの装備（当事者A）,エアバッグの装備（当事者B）,サイドエアバッグの装備（当事者A）,サイドエアバッグの装備（当事者B）,人身損傷程度（当事者A）,人身損傷程度（当事者B）,lat,lon,曜日(発生年月日),祝日(発生年月日),認知機能検査経過日数（当事者A）,認知機能検査経過日数（当事者B）,運転練習の方法（当事者A）,運転練習の方法（当事者B）
1,30,663,113,2,0,1,10290,0,106,2019,10,15,15,50,12,,,,,2,1,1,14,7,0,23,0,23,5,9,1,70,4,1,1,55,75,51,61,0,0,,,,,,,0,0,10,0,3,0,0,0,0,0,4,2,35.70171138888889,139.78495416666667,3,3,,,,
1,30,663,117,2,0,1,20390,0,106,2019,10,9,20,5,22,,,,,1,1,1,14,7,0,23,0,23,1,9,1,70,4,2,1,25,35,51,61,0,0,,,,,,,0,0,10,0,4,0,0,0,0,0,4,2,35.70678527777778,139.78347083333333,4,3,,,,
1,30,664,79,2,0,1,30000,0,118,2019,10,10,19,20,22,,,,,3,1,2,1,7,9,22,0,23,14,9,30,70,4,1,1,65,35,51,61,0,0,,,,,,,0,0,40,0,4,0,0,0,0,0,4,2,35.749678333333335,139.78045055555557,5,3,,,,
1,30,666,125,2,0,1,30000,0,106,2019,10,19,18,5,22,,,,,1,1,1,14,1,0,23,0,23,3,9,1,70,5,2,1,65,65,3,61,31,0,,,,,,,2,0,80,0,4,0,2,0,2,0,4,2,35.726219444444446,139.77499277777778,7,3,,,,
1,30,667,148,2,0,1,30000,0,121,2019,10,3,19,5,22,,,,,2,1,1,14,7,0,23,0,23,3,9,1,1,5,3,1,65,25,3,61,1,0,,,,,,,2,0,10,0,4,0,2,0,2,0,4,2,35.74664972222222,139.80568444444447,5,3,,,,
1,30,668,396,2,0,1,30000,0,121,2019,6,25,12,30,12,,,,,1,1,1,14,7,0,23,0,23,3,9,1,70,4,2,1,75,35,51,61,0,0,,,,,,,0,0,40,0,3,0,0,0,0,0,4,2,35.780966944444444,139.76520638888888,3,3,,,,
1,30,668,402,2,0,1,30000,0,121,2019,10,19,17,10,21,,,,,2,1,1,1,7,9,22,0,23,11,9,30,70,4,2,1,45,65,13,61,31,0,,,,,,,1,0,10,0,3,0,2,0,2,0,4,2,35.77655166666666,139.79185361111112,7,3,,,,
1,30,668,404,2,0,1,30000,0,121,2019,10,20,11,25,12,,,,,1,1,1,14,7,0,23,0,23,2,9,1,70,5,2,1,55,65,51,61,0,0,,,,,,,0,0,10,0,3,0,0,0,0,0,4,2,35.76732277777778,139.76860861111112,1,3,,,,
1,30,668,406,2,0,1,10130,0,121,2019,10,22,5,30,23,,,,,3,1,1,1,1,0,23,0,23,18,9,30,70,1,2,1,55,0,61,0,0,0,,,,,,,0,0,0,0,0,0,0,0,0,0,2,0,35.77804027777778,139.7799263888889,3,1,,,,
1,30,668,409,2,0,1,10130,0,121,2019,10,23,22,38,22,,,,,2,1,1,1,1,9,22,0,23,18,9,30,70,4,2,1,1,1,34,61,31,0,,,,,,,4,0,10,0,3,0,0,0,0,0,4,2,35.77804611111111,139.77814361111112,4,3,,,,
1,30,669,499,2,0,1,30450,0,121,2019,10,1,4,18,22,,,,,1,1,1,7,1,0,23,0,23,4,9,1,70,4,2,1,45,75,3,61,31,0,,,,,,,3,0,10,0,4,0,2,0,2,0,4,2,35.795005555555555,139.84019,3,3,,,,
1,30,669,508,2,0,1,20000,0,121,2019,10,5,12,18,12,,,,,1,1,1,1,1,9,22,0,23,15,9,30,70,4,1,1,55,1,11,61,31,0,,,,,,,3,0,40,0,4,0,2,0,2,0,4,2,35.78256944444444,139.81080416666668,7,3,,,,
1,30,669,509,2,0,1,30000,0,121,2019,10,6,15,30,12,,,,,1,1,1,1,7,1,22,0,23,14,9,30,70,4,2,1,55,65,3,61,31,0,,,,,,,2,0,50,0,4,0,2,0,2,0,4,2,35.76911305555556,139.83802305555557,1,3,,,,
1,30,669,517,2,0,1,30000,0,121,2019,10,9,9,10,12,,,,,1,1,1,1,7,9,22,0,23,14,9,30,70,1,2,1,75,65,3,61,31,0,,,,,,,2,0,10,0,3,0,2,0,2,0,4,2,35.77426555555555,139.84410611111113,4,3,,,,
1,30,669,522,2,0,1,30000,0,121,2019,10,11,17,35,21,,,,,3,1,2,1,1,9,22,0,23,15,9,30,70,4,2,1,55,45,3,61,31,0,,,,,,,2,0,15,0,3,0,2,0,2,0,4,2,35.787438333333334,139.83825222222222,6,3,,,,
1,30,669,523,2,0,1,30000,0,121,2019,10,11,19,30,22,,,,,3,1,2,14,7,0,23,0,23,4,9,1,70,5,3,1,1,65,51,61,0,0,,,,,,,0,0,10,0,4,0,0,0,0,0,4,2,35.76824055555556,139.80966222222224,6,3,,,,
1,30,669,524,2,0,1,20000,0,121,2019,10,11,22,30,22,,,,,3,1,2,1,1,9,22,0,23,19,9,30,70,4,1,1,45,55,3,61,31,0,,,,,,,3,0,10,0,3,0,2,0,2,0,4,2,35.785462777777774,139.82184194444443,6,3,,,,
1,30,669,525,2,0,1,30000,0,121,2019,10,12,7,55,12,,,,,3,1,2,1,7,1,21,0,23,15,9,30,70,5,3,1,35,55,3,61,31,0,,,,,,,5,0,10,0,3,0,2,0,2,0,4,2,35.78566583333333,139.8424388888889,7,3,,,,
1,30,669,531,2,0,1,10360,0,121,2019,10,18,16,55,13,,,,,3,1,1,1,1,9,22,0,23,14,9,30,70,4,2,1,65,45,4,61,31,0,,,,,,,3,0,10,0,3,0,2,0,2,0,4,2,35.761246388888885,139.8290625,6,3,,,,
1,30,669,534,2,0,1,30000,0,121,2019,10,22,5,40,23,,,,,3,1,2,7,1,0,23,0,23,3,9,1,70,4,2,1,35,65,13,61,31,0,,,,,,,1,0,10,0,3,0,2,0,2,0,4,2,35.77963916666666,139.83037916666666,3,1,,,,
1,30,669,540,2,0,1,30000,0,121,2019,10,28,9,50,12,,,,,1,1,1,7,1,0,23,0,23,1,9,1,1,5,1,1,65,1,3,61,1,0,,,,,,,2,0,10,0,4,0,1,0,2,0,4,2,35.775173333333335,139.81587111111114,2,3,,,,
1,30,669,547,2,0,2,30450,0,121,2019,10,29,16,45,13,,,,,3,1,2,7,7,0,23,0,23,3,9,1,70,4,2,1,55,65,36,61,31,0,,,,,,,2,0,12,0,3,0,0,0,0,0,2,2,35.784460555555555,139.84219722222224,3,3,,,,
1,30,669,548,2,0,1,30000,0,121,2019,10,30,11,5,12,,,,,1,1,1,7,1,0,23,0,23,1,9,1,70,4,2,1,65,55,13,61,31,0,,,,,,,1,0,10,0,4,0,2,0,2,0,4,2,35.77725916666667,139.80542444444447,4,3,,,,
1,30,669,550,2,0,1,30000,0,121,2019,10,25,8,3,12,,,,,3,1,1,14,1,0,23,0,23,3,9,1,70,4,2,1,65,1,13,61,31,0,,,,,,,3,0,10,0,3,0,2,0,2,0,4,2,35.78526027777777,139.83905694444445,6,3,,,,
1,30,670,309,2,0,1,30000,0,121,2019,10,17,18,30,22,,,,,3,1,1,7,7,0,23,0,23,3,9,1,70,5,3,1,45,75,17,61,31,0,,,,,,,3,0,10,0,3,0,2,0,2,0,4,2,35.80257805555555,139.80601444444446,5,3,,,,
1,30,670,311,2,0,1,30000,0,121,2019,10,9,19,30,22,,,,,1,1,1,1,7,1,21,0,23,14,9,30,1,5,3,1,65,35,4,61,31,0,,,,,,,2,0,10,0,3,0,2,0,2,0,4,2,35.810108888888884,139.7766113888889,4,3,,,,
1,30,771,292,2,0,1,10370,0,108,2019,10,1,10,52,12,,,,,1,1,1,1,1,9,22,0,23,19,9,20,70,1,2,1,45,1,51,61,0,0,,,,,,,0,0,40,0,3,0,0,0,0,0,4,2,35.66961527777777,139.80574833333336,3,3,,,,
1,30,771,296,2,0,1,10040,0,108,2019,10,12,7,25,12,,,,,3,1,2,1,1,9,22,0,23,18,7,30,70,1,1,1,45,45,13,61,31,0,,,,,,,4,0,10,0,4,0,2,0,2,0,4,2,35.67087027777777,139.7983425,7,3,,,,
1,30,771,298,2,0,1,10040,0,108,2019,10,18,9,20,12,,,,,2,1,1,14,7,0,23,0,23,5,9,1,70,5,2,1,35,65,51,61,0,0,,,,,,,0,0,10,0,3,0,0,0,0,0,4,2,35.67107416666666,139.79759611111112,6,3,,,,
1,30,771,305,2,0,1,30000,0,108,2019,10,21,16,48,13,,,,,2,1,1,1,1,9,22,0,23,15,9,30,70,4,2,1,35,65,51,61,0,0,,,,,,,0,0,10,0,3,0,0,0,0,0,4,2,35.67308166666666,139.80194500000002,2,2,,,,
1,30,771,310,2,0,1,30000,0,108,2019,10,28,9,5,12,,,,,1,1,1,1,7,1,21,0,23,15,9,30,70,5,2,1,1,25,13,61,31,0,,,,,,,2,0,10,0,3,0,2,0,2,0,4,2,35.67594694444444,139.79153,2,3,,,,
1,30,771,313,2,0,1,30000,0,108,2019,10,16,18,15,22,,,,,2,1,1,1,1,9,22,0,23,18,9,30,70,5,2,1,35,25,3,61,31,0,,,,,,,4,0,80,0,3,0,2,0,2,0,4,2,35.69228972222222,139.8158791666667,4,3,,,,
1,30,772,310,2,0,1,10000,0,108,2019,10,2,19,1,22,,,,,1,1,1,1,1,9,22,0,23,18,8,30,70,5,2,1,75,1,3,61,31,0,,,,,,,2,0,10,0,3,0,2,0,2,0,4,2,35.69411472222222,139.82007277777777,4,3,,,,
1,30,772,317,2,0,1,140,50,108,2019,10,10,19,5,22,,,,,3,1,2,1,1,9,22,0,23,19,9,30,70,4,2,1,65,45,3,61,1,0,,,,,,,10,0,10,0,4,0,2,0,2,0,4,2,35.69621305555555,139.81965833333334,5,3,,,,
1,30,772,320,2,0,1,10090,0,108,2019,10,14,18,47,22,,,,,3,1,2,1,1,9,22,0,23,19,9,30,70,1,1,1,55,55,3,61,1,0,,,,,,,10,0,20,0,4,0,2,0,2,0,4,2,35.65803111111111,139.82401861111111,2,1,,,,
1,30,772,323,2,0,1,10060,0,108,2019,8,30,13,10,12,,,,,1,1,1,1,1,9,22,0,23,17,9,30,70,5,1,1,1,35,51,61,0,0,,,,,,,0,0,10,0,4,0,0,0,0,0,4,2,35.68934833333333,139.8230586111111,6,3,,,,
1,30,772,324,2,0,1,20650,0,108,2019,10,18,14,3,12,,,,,2,1,1,14,7,0,23,0,23,4,9,1,70,4,2,1,45,65,51,61,0,0,,,,,,,0,0,10,0,3,0,0,0,0,0,4,2,35.68944472222222,139.83602333333334,6,3,,,,
1,30,772,328,2,0,1,10350,0,108,2019,10,24,8,20,12,,,,,2,1,1,14,7,0,23,0,23,5,9,1,70,4,2,1,35,55,51,61,0,0,,,,,,,0,0,20,0,3,0,0,0,0,0,4,2,35.67480277777778,139.82732583333333,5,3,,,,
1,30,772,329,2,0,1,140,54,108,2019,10,24,17,50,21,,,,,2,1,1,1,1,9,21,0,23,17,9,30,70,1,2,1,65,55,13,61,31,0,,,,,,,5,0,20,0,3,0,2,0,2,0,4,2,35.69654722222222,139.82381805555556,5,3,,,,
1,30,772,332,2,0,1,30000,0,108,2019,10,29,17,20,21,,,,,3,1,2,1,1,9,22,0,23,15,9,30,70,5,2,1,75,65,3,61,31,0,,,,,,,5,0,10,0,4,0,2,0,2,0,4,2,35.68031222222222,139.82069388888888,3,3,,,,
1,30,772,334,2,0,1,20660,0,108,2019,9,1,19,35,22,,,,,1,1,1,14,7,0,23,0,23,5,9,20,70,5,2,1,25,55,3,61,31,0,,,,,,,4,0,10,0,4,0,2,0,2,0,4,2,35.68656138888888,139.84524305555556,1,3,,,,
1,30,773,174,2,0,1,30000,0,107,2019,10,16,15,50,12,,,,,2,1,1,1,7,9,22,0,23,11,9,30,70,4,2,1,35,35,14,61,1,0,,,,,,,2,0,10,0,3,0,2,0,2,0,4,2,35.70773972222222,139.81592916666668,4,3,,,,
1,30,773,179,2,0,1,20680,0,107,2019,9,4,14,48,12,,,,,2,1,1,1,1,9,22,0,23,18,9,30,70,1,2,1,65,1,3,61,31,0,,,,,,,10,0,10,0,3,0,2,0,2,0,4,2,35.708135000000006,139.80067805555558,4,3,,,,
1,30,774,154,2,0,1,30000,0,107,2019,10,3,18,30,22,,,,,1,1,1,14,7,0,23,0,23,3,9,1,70,5,4,1,1,45,51,61,0,0,,,,,,,0,0,10,0,3,0,0,0,0,0,4,2,35.738438333333335,139.82089805555555,5,3,,,,
1,30,774,164,2,0,1,30000,0,107,2019,10,14,15,35,12,,,,,3,1,2,14,7,0,23,0,23,2,9,1,70,5,4,1,45,45,4,61,31,0,,,,,,,10,0,40,0,4,0,2,0,2,0,4,2,35.72490888888889,139.8218861111111,2,1,,,,
1,30,774,170,2,0,2,30000,0,107,2019,10,28,15,10,12,,,,,1,1,1,1,7,9,22,0,23,11,9,30,70,5,4,1,65,35,51,61,0,0,,,,,,,0,0,10,0,4,0,0,0,0,0,2,2,35.719973333333336,139.81238194444447,2,3,,,,
1,30,775,347,2,0,1,30000,0,122,2019,10,2,7,45,12,,,,,1,1,1,14,7,0,23,0,23,3,9,1,70,5,2,1,1,65,51,61,0,0,,,,,,,0,0,10,0,3,0,0,0,0,0,4,2,35.776270833333335,139.86629861111112,4,3,,,,
1,30,775,353,2,0,1,30000,0,122,2019,9,30,8,45,12,,,,,1,1,1,1,7,8,22,0,23,11,9,30,70,5,2,1,55,1,51,61,0,0,,,,,,,0,0,10,0,4,0,0,0,0,0,4,2,35.775838888888885,139.86908916666667,2,3,,,,
1,30,775,359,2,0,1,30000,0,122,2019,10,10,17,0,13,,,,,2,1,1,1,7,9,22,0,23,15,9,30,70,5,1,1,65,1,3,61,31,0,,,,,,,2,0,40,0,4,0,2,0,2,0,4,2,35.760733888888886,139.83666611111113,5,3,,,,
1,30,775,361,2,0,1,30000,0,122,2019,10,17,8,5,12,,,,,2,1,1,14,7,0,23,0,23,2,9,1,70,4,1,1,25,55,51,61,0,0,,,,,,,0,0,20,0,3,0,0,0,0,0,4,2,35.74760388888889,139.84101472222224,5,3,,,,
1,30,775,366,2,0,1,60,102,122,2019,10,13,14,42,12,,,,,1,1,1,14,7,0,23,0,23,5,9,1,70,1,2,1,25,65,3,61,31,0,,,,,,,4,0,50,0,3,0,2,0,2,0,4,2,35.746806666666664,139.8459713888889,1,2,,,,
1,30,775,371,2,0,1,10380,0,122,2019,10,30,11,27,12,,,,,1,1,1,1,1,9,22,0,23,19,9,30,70,4,2,1,75,45,3,61,1,0,,,,,,,3,0,10,0,3,0,2,0,2,0,4,2,35.75111833333333,139.8787761111111,4,3,,,,
1,30,776,255,2,0,1,30000,0,122,2019,10,2,8,5,12,,,,,1,1,1,1,7,1,21,0,23,14,9,30,70,5,2,1,55,45,3,61,31,0,,,,,,,10,0,50,0,4,0,2,0,2,0,4,2,35.747123055555555,139.85624583333333,4,3,,,,
1,30,776,265,2,0,1,30000,0,122,2019,10,15,12,50,12,,,,,1,1,1,1,7,9,22,0,23,11,9,20,70,4,1,1,65,65,51,61,0,0,,,,,,,0,0,20,0,3,0,0,0,0,0,4,2,35.751800833333334,139.86829583333335,3,3,,,,
1,30,776,269,2,0,1,30000,0,122,2019,10,18,10,51,12,,,,,2,1,1,1,1,9,22,0,23,14,9,30,70,4,2,1,45,75,13,61,31,0,,,,,,,3,0,14,0,1,0,2,0,2,0,4,2,35.7391675,139.8579925,6,3,,,,
1,30,776,275,2,0,1,30000,0,122,2019,10,24,17,15,21,,,,,1,1,1,14,7,0,23,0,23,3,9,1,1,5,3,1,1,1,14,61,1,0,,,,,,,2,0,40,0,4,0,2,0,2,0,4,2,35.719345833333335,139.85848333333334,5,3,,,,
1,30,776,277,2,0,1,10410,0,122,2019,10,26,19,0,22,,,,,2,1,2,1,1,9,22,0,23,15,9,30,70,4,1,1,45,25,51,61,0,0,,,,,,,0,0,10,0,4,0,0,0,0,0,4,2,35.73714527777778,139.84967055555558,7,3,,,,
1,30,777,726,2,0,1,30000,0,123,2019,10,6,12,0,12,,,,,2,1,2,1,1,9,22,0,23,17,9,30,70,5,1,1,25,65,3,61,31,0,,,,,,,2,0,20,0,3,0,2,0,2,0,4,2,35.68752305555555,139.88259416666668,1,3,,,,
1,30,777,728,2,0,1,30000,0,123,2019,10,6,18,25,22,,,,,1,1,1,1,7,9,22,0,23,14,9,20,70,5,3,1,1,75,51,61,0,0,,,,,,,0,0,10,0,4,0,0,0,0,0,4,2,35.706895,139.90312194444445,1,3,,,,
1,30,777,730,2,0,1,10130,0,123,2019,10,7,8,5,12,,,,,1,1,1,14,7,0,23,0,23,3,9,1,70,1,1,1,1,35,51,61,0,0,,,,,,,0,0,10,0,3,0,0,0,0,0,4,2,35.69784083333333,139.88185805555557,2,3,,,,
1,30,777,737,2,0,1,30000,0,123,2019,10,8,17,15,21,,,,,1,1,1,1,7,9,22,0,23,11,9,30,70,4,2,1,1,1,36,61,31,0,,,,,,,2,0,10,0,3,0,0,0,0,0,4,2,35.68996222222222,139.89909666666665,3,3,,,,
1,30,777,745,2,0,1,30000,0,123,2019,10,11,20,0,22,,,,,3,1,2,1,1,9,22,0,23,19,9,30,70,4,2,1,65,65,14,61,31,0,,,,,,,2,0,10,0,4,0,2,0,2,0,4,2,35.69123916666666,139.90545805555556,6,3,,,,
1,30,777,746,2,0,1,30000,0,123,2019,10,11,18,50,22,,,,,3,1,2,1,1,9,22,0,23,14,9,30,70,4,3,1,45,25,3,61,31,0,,,,,,,2,0,20,0,3,0,2,0,2,0,4,2,35.70885138888889,139.86994555555557,6,3,,,,
1,30,777,750,2,0,1,30000,0,123,2019,10,13,2,55,22,,,,,1,1,1,1,7,1,21,0,23,14,9,30,1,5,3,1,45,75,3,61,31,0,,,,,,,2,0,50,0,3,0,2,0,2,0,4,2,35.71199583333333,139.8587511111111,1,2,,,,
1,30,777,751,2,0,1,30000,0,123,2019,10,13,8,30,12,,,,,1,1,1,1,7,1,21,0,23,11,9,30,70,5,2,1,65,45,3,61,31,0,,,,,,,5,0,10,0,3,0,2,0,2,0,4,2,35.69479666666666,139.9097025,1,2,,,,
1,30,777,759,2,0,1,30000,0,123,2019,10,15,15,30,12,,,,,1,1,1,7,7,0,23,0,23,2,9,1,70,5,4,1,25,1,13,61,1,0,,,,,,,3,0,10,0,3,0,2,0,2,0,4,2,35.702604722222226,139.85297777777777,3,3,,,,
1,30,777,783,2,0,1,30000,0,123,2019,10,25,10,45,12,,,,,3,1,2,1,7,9,22,0,23,11,9,30,70,5,2,1,65,75,3,61,31,0,,,,,,,5,0,20,0,3,0,2,0,2,0,4,2,35.70575111111111,139.90484750000002,6,3,,,,
1,30,777,798,2,0,1,10380,0,123,2019,10,31,8,45,12,,,,,1,1,1,14,7,0,23,0,23,3,9,1,70,5,2,1,25,1,51,61,0,0,,,,,,,0,0,10,0,3,0,0,0,0,0,4,2,35.70030583333334,139.89849166666667,5,3,,,,
1,30,778,151,2,0,1,30000,0,123,2019,8,29,17,35,13,,,,,1,1,1,14,7,0,23,0,23,3,9,1,70,5,2,1,45,65,3,61,31,0,,,,,,,10,0,10,0,4,0,2,0,2,0,4,2,35.732437222222224,139.88042805555557,5,3,,,,
1,30,778,152,2,0,1,30000,0,123,2019,9,22,10,53,12,,,,,1,1,1,14,7,0,23,0,23,2,9,20,70,5,3,1,75,25,3,61,31,0,,,,,,,10,0,40,0,3,0,2,0,2,0,4,2,35.73157888888889,139.88235305555557,1,2,,,,
1,30,778,155,2,0,1,30000,0,123,2019,10,6,9,10,12,,,,,3,1,2,14,7,0,23,0,23,3,9,1,70,5,3,1,55,25,3,61,31,0,,,,,,,2,0,80,0,4,0,2,0,2,0,4,2,35.732533333333336,139.88272555555557,1,3,,,,
1,30,778,156,2,0,1,95000,0,123,2019,10,9,9,50,12,,,,,1,1,1,14,7,0,23,0,23,2,9,20,70,5,4,1,1,35,51,61,0,0,,,,,,,0,0,10,0,4,0,0,0,0,0,4,2,35.71446138888889,139.8946447222222,4,3,,,,
1,30,778,162,2,0,1,95000,0,123,2019,10,21,8,0,12,,,,,1,1,1,7,7,0,23,0,23,2,9,1,70,5,2,1,55,1,13,61,31,0,,,,,,,3,0,40,0,4,0,2,0,2,0,4,2,35.71036222222222,139.88909444444442,2,2,,,,
1,30,779,410,2,0,1,10130,0,123,2019,9,27,9,50,12,,,,,1,1,1,14,7,0,23,0,23,3,9,1,70,1,1,1,45,25,59,61,0,0,,,,,,,0,0,10,0,4,0,0,0,0,0,4,2,35.663626388888886,139.87283833333333,6,3,,,,
1,30,779,424,2,0,1,99000,0,123,2019,10,9,9,0,12,,,,,1,1,1,0,7,0,23,0,23,0,0,20,70,0,4,1,45,75,3,61,31,0,,,,,,,10,0,30,0,4,0,2,0,2,0,4,2,35.65996416666667,139.87718472222224,4,3,,,,
1,30,779,426,2,0,1,30000,0,123,2019,10,11,20,5,22,,,,,3,1,2,7,7,0,23,0,23,3,9,1,70,5,2,1,65,25,3,61,31,0,,,,,,,2,0,10,0,3,0,2,0,2,0,4,2,35.66639416666666,139.8599536111111,6,3,,,,
1,30,779,427,2,0,1,10130,0,123,2019,10,10,7,40,12,,,,,1,1,1,1,7,1,22,0,23,18,9,30,70,1,1,1,75,25,4,61,31,0,,,,,,,10,0,10,0,3,0,2,0,2,0,4,2,35.655255277777776,139.8723502777778,5,3,,,,
1,30,779,435,2,0,1,30000,0,123,2019,10,23,8,0,12,,,,,1,1,1,1,1,9,22,0,23,14,9,30,70,1,1,1,65,45,13,61,31,0,,,,,,,4,0,10,0,3,0,2,0,2,0,4,2,35.66401305555556,139.86440916666666,4,3,,,,
1,30,779,441,2,0,1,30000,0,123,2019,10,31,13,5,12,,,,,1,1,1,1,7,1,21,0,23,15,9,30,70,4,2,1,1,65,3,61,31,0,,,,,,,2,0,10,0,3,0,2,0,2,0,4,2,35.66246833333333,139.87204833333334,5,3,,,,
1,30,876,350,2,0,1,10480,0,201,2019,9,24,14,35,12,,,,,2,1,1,1,1,9,22,0,23,18,9,30,70,1,2,1,55,1,51,61,0,0,,,,,,,0,0,10,0,3,0,0,0,0,0,4,2,35.6335775,139.40721027777778,3,3,,,,
1,30,876,351,2,0,1,20770,0,201,2019,9,30,10,0,12,,,,,1,1,1,1,7,1,21,0,23,14,9,30,70,5,2,1,75,25,3,61,31,0,,,,,,,10,0,10,0,3,0,2,0,2,0,4,2,35.64405,139.32911777777778,2,3,,,,
1,30,876,356,2,0,1,30000,0,201,2019,10,2,15,0,12,,,,,1,1,1,1,7,9,22,0,23,11,9,30,70,4,2,1,65,1,4,61,31,0,,,,,,,3,0,10,0,3,0,2,0,2,0,4,2,35.62417194444445,139.39609888888887,4,3,,,,
1,30,876,370,2,0,1,30000,0,201,2019,10,10,18,13,22,,,,,2,1,1,1,1,9,22,0,23,18,9,30,70,1,2,1,65,45,3,61,31,0,,,,,,,4,0,21,0,4,0,2,0,2,0,4,2,35.62125638888889,139.3981472222222,5,3,,,,
1,30,876,376,2,0,1,30000,0,201,2019,9,27,12,40,12,,,,,1,1,1,1,7,1,21,0,23,15,9,30,70,5,3,1,75,25,3,61,31,0,,,,,,,2,0,40,0,3,0,2,0,2,0,4,2,35.65359861111111,139.34729944444445,6,3,,,,
1,30,876,391,2,0,1,160,1,201,2019,10,31,18,35,22,,,,,1,1,1,1,1,9,22,0,23,14,9,30,70,5,2,1,1,1,51,61,0,0,,,,,,,0,0,10,0,3,0,0,0,0,0,4,2,35.6403625,139.33939361111112,5,3,,,,
1,30,876,392,2,0,1,30000,0,209,2019,10,21,18,25,22,,,,,3,2,2,1,7,9,22,0,23,11,9,30,70,5,3,1,55,35,3,61,31,0,,,,,,,1,0,10,0,3,0,2,0,2,0,4,2,35.60658333333333,139.3272213888889,2,2,,,,
1,30,877,244,2,0,1,30000,0,201,2019,9,24,15,23,12,,,,,2,2,1,1,1,0,23,0,23,14,9,30,70,4,2,1,1,0,61,0,0,0,,,,,,,0,0,0,0,0,0,0,0,0,0,2,0,35.657446666666665,139.30295555555557,3,3,,,,
1,30,877,245,2,0,1,20000,0,201,2019,9,29,5,25,23,,,,,1,2,1,14,7,0,23,0,23,3,9,1,70,4,2,1,1,65,17,61,1,0,,,,,,,3,0,10,0,3,0,2,0,2,0,4,2,35.62971916666667,139.31340972222225,1,3,,,,
1,30,877,246,2,0,1,30000,0,201,2019,10,4,18,0,21,,,,,1,2,1,1,1,9,22,0,23,15,9,30,70,1,1,1,55,55,4,61,31,0,,,,,,,3,0,10,0,3,0,2,0,2,0,4,2,35.64549861111111,139.31322083333333,6,3,,,,
1,30,877,247,2,0,1,30000,0,201,2019,10,5,21,10,22,,,,,1,2,1,1,1,9,22,0,23,15,9,30,70,4,2,1,35,65,3,61,31,0,,,,,,,3,0,10,0,3,0,2,0,2,0,4,2,35.66840916666666,139.2655352777778,7,3,,,,
1,30,877,249,2,0,1,200,491,201,2019,10,7,23,35,22,,,,,3,1,2,1,1,9,22,0,23,17,9,30,70,4,1,1,55,1,4,61,31,0,,,,,,,10,0,50,0,3,0,2,0,2,0,4,2,35.64854583333333,139.29555055555556,2,3,,,,
1,30,877,251,2,0,1,200,510,201,2019,10,7,11,0,12,,,,,1,1,1,14,7,0,23,0,23,2,9,1,70,4,1,1,65,1,14,61,31,0,,,,,,,3,0,80,0,4,0,2,0,2,0,4,2,35.64207361111111,139.27671472222224,2,3,,,,
1,30,877,253,2,0,1,30000,0,201,2019,10,11,20,20,22,,,,,3,2,2,14,7,0,23,0,23,3,9,1,70,5,3,1,1,55,36,61,31,0,,,,,,,10,0,10,0,3,0,0,0,0,0,4,2,35.63984472222222,139.30926611111113,6,3,,,,
1,30,877,257,2,0,1,30000,0,201,2019,10,13,16,4,12,,,,,1,1,1,1,7,9,22,0,23,14,9,30,70,4,2,1,65,1,3,61,31,0,,,,,,,3,0,50,0,3,0,2,0,2,0,4,2,35.665506666666666,139.31119972222223,1,2,,,,
1,30,877,260,2,0,1,30000,0,201,2019,10,17,21,33,22,,,,,3,2,2,1,7,9,22,0,23,15,9,30,70,5,2,1,45,1,4,61,31,0,,,,,,,3,0,10,0,4,0,2,0,2,0,4,2,35.643189166666666,139.3071316666667,5,3,,,,
1,30,877,261,2,0,1,30000,0,201,2019,10,17,23,35,22,,,,,3,2,2,1,1,9,22,0,23,15,9,30,70,1,2,1,45,1,3,61,31,0,,,,,,,3,0,10,0,3,0,2,0,2,0,4,2,35.63824972222222,139.3092552777778,5,3,,,,