資料区分,都道府県コード,警察署等コード,本票番号,事故内容,死者数,負傷者数,路線コード,地点コード,市区町村コード,発生日時　　年,発生日時　　月,発生日時　　日,発生日時　　時,発生日時　　分,昼夜,日の出時刻　　時,日の出時刻　　分,日の入り時刻　　時,日の入り時刻　　分,天候,地形,路面状態,道路形状,信号機,一時停止規制　標識（当事者A）,一時停止規制　表示（当事者A）,一時停止規制　標識（当事者B）,一時停止規制　表示（当事者B）,車道幅員,道路線形,衝突地点,ゾーン規制,中央分離帯施設等,歩車道区分,事故類型,年齢（当事者A）,年齢（当事者B）,当事者種別（当事者A）,当事者種別（当事者B）,用途別（当事者A）,用途別（当事者B）,車両形状等（当事者A）,車両形状等（当事者B）,オートマチック車（当事者A）,オートマチック車（当事者B）,サポカー（当事者A）,サポカー（当事者B）,速度規制（指定のみ）（当事者A）,速度規制（指定のみ）（当事者B）,車両の衝突部位（当事者A）,車両の衝突部位（当事者B）,車両の損壊程度（当事者A）,車両の損壊程度（当事者B）,エアバッグの装備（当事者A）,エアバッグの装備（当事者B）,サイドエアバッグの装備（当事者A）,サイドエアバッグの装備（当事者B）,人身損傷程度（当事者A）,人身損傷程度（当事者B）,lat,lon,曜日(発生年月日),祝日(発生年月日),認知機能検査経過日数（当事者A）,認知機能検査経過日数（当事者B）,運転練習の方法（当事者A）,運転練習の方法（当事者B）
1,30,877,263,2,0,1,30000,0,201,2019,10,22,8,5,12,,,,,3,2,2,1,7,9,22,0,23,11,9,30,70,4,2,1,65,25,3,61,31,0,,,,,,,10,0,10,0,3,0,2,0,2,0,4,2,35.648627499999996,139.29156027777776,3,1,,,,
1,30,877,266,2,0,1,1210,0,201,2019,10,25,8,35,12,,,,,3,1,2,1,1,9,22,0,23,15,9,30,70,4,2,1,45,1,3,61,31,0,,,,,,,3,0,80,0,3,0,2,0,2,0,4,2,35.62905555555555,139.31347805555558,6,3,,,,
1,30,877,271,2,0,2,99000,0,201,2019,10,31,9,19,12,,,,,1,2,1,0,7,0,23,0,23,0,0,20,70,0,4,1,55,55,4,61,31,0,,,,,,,10,0,10,0,1,0,2,0,2,0,4,2,35.64079805555556,139.2830402777778,5,3,,,,
1,30,878,355,2,0,1,30000,0,225,2019,10,11,18,15,22,,,,,3,2,2,14,7,0,23,0,23,3,9,1,70,4,3,1,45,65,4,61,31,0,,,,,,,3,0,10,0,3,0,2,0,2,0,4,2,35.63858916666667,139.4982597222222,6,3,,,,
1,30,878,356,2,0,1,95000,0,224,2019,10,11,20,5,22,,,,,3,2,2,1,1,9,22,0,23,11,9,30,70,5,1,1,75,35,4,61,31,0,,,,,,,3,0,10,0,3,0,2,0,2,0,4,2,35.623285,139.42074333333332,6,3,,,,
1,30,878,362,2,0,1,10570,0,224,2019,10,17,4,15,22,,,,,1,1,1,7,1,0,23,0,23,5,9,1,70,1,2,1,55,45,3,61,31,0,,,,,,,5,0,10,0,3,0,2,0,2,0,4,2,35.63452777777778,139.4426,5,3,,,,
1,30,878,364,2,0,1,21110,0,224,2019,9,22,20,30,22,,,,,3,1,2,1,1,9,22,0,23,19,9,30,70,1,2,1,25,55,3,61,31,0,,,,,,,5,0,10,0,4,0,2,0,2,0,4,2,35.62807083333333,139.42886666666666,1,2,,,,
1,30,878,365,2,0,2,30000,0,224,2019,10,14,18,0,21,,,,,3,2,1,14,7,0,23,0,23,3,8,1,70,4,2,1,55,45,3,61,31,0,,,,,,,2,0,10,0,3,0,2,0,2,0,4,2,35.62493888888889,139.42472805555553,2,1,,,,
1,30,878,366,2,0,1,30000,0,224,2019,9,30,13,30,12,,,,,1,1,1,14,7,0,23,0,23,3,9,1,70,5,3,1,1,1,51,61,0,0,,,,,,,0,0,10,0,4,0,0,0,0,0,4,2,35.617872222222225,139.41845027777777,2,3,,,,
1,30,878,367,2,0,1,95000,0,224,2019,10,22,0,15,22,,,,,3,1,2,1,1,8,22,0,23,14,9,20,70,1,1,1,45,1,3,61,31,0,,,,,,,3,0,10,0,3,0,2,0,2,0,4,2,35.62528138888889,139.4284036111111,3,1,,,,
1,30,878,368,2,0,1,10510,0,225,2019,10,25,13,3,12,,,,,3,1,2,1,1,9,22,0,23,14,9,30,70,4,1,1,55,65,3,61,31,0,,,,,,,2,0,20,0,4,0,2,0,2,0,4,2,35.64485027777778,139.4988283333333,6,3,,,,
1,30,879,353,2,0,1,30000,0,223,2019,10,5,12,45,12,,,,,1,2,1,14,7,0,23,0,23,3,9,20,70,5,2,1,35,1,51,61,0,0,,,,,,,0,0,10,0,3,0,0,0,0,0,4,2,35.74230305555556,139.40744722222223,7,3,,,,
1,30,879,360,2,0,1,30000,0,220,2019,10,10,14,15,12,,,,,1,1,1,1,1,0,23,0,23,11,9,30,70,5,1,1,65,0,61,0,0,0,,,,,,,0,0,0,0,0,0,0,0,0,0,2,0,35.750573333333335,139.42013055555555,5,3,,,,
1,30,879,370,2,0,1,30000,0,223,2019,10,11,20,13,22,,,,,3,1,2,1,1,0,23,0,23,15,9,30,70,4,2,1,75,0,61,0,0,0,,,,,,,0,0,0,0,0,0,0,0,0,0,2,0,35.741461666666666,139.40458083333334,6,3,,,,
1,30,879,373,2,0,1,30000,0,223,2019,10,14,19,0,22,,,,,3,2,2,1,1,9,22,0,23,15,9,30,70,5,2,1,55,65,4,61,31,0,,,,,,,3,0,10,0,3,0,2,0,2,0,4,2,35.744299166666664,139.38837944444444,2,1,,,,
1,30,879,376,2,0,1,10250,0,220,2019,10,18,5,40,23,,,,,3,1,2,1,1,9,22,0,23,18,9,30,70,5,2,1,45,55,33,61,31,0,,,,,,,3,0,10,0,3,0,0,0,0,0,4,2,35.74740277777778,139.44458,6,3,,,,
1,30,879,380,2,0,1,30000,0,223,2019,10,14,15,40,12,,,,,2,2,1,14,7,0,23,0,23,3,9,1,70,5,2,1,75,45,3,61,31,0,,,,,,,2,0,40,0,3,0,2,0,2,0,4,2,35.754333611111115,139.40431527777778,2,1,,,,
1,30,880,280,2,0,1,10240,0,205,2019,10,25,8,30,12,,,,,3,2,2,1,1,9,22,0,23,19,9,30,70,4,2,1,35,25,4,61,31,0,,,,,,,3,0,10,0,3,0,2,0,2,0,4,2,35.788891388888885,139.2820866666667,6,3,,,,
1,30,880,287,2,0,1,10240,0,205,2019,10,31,15,15,12,,,,,2,1,1,14,7,0,23,0,23,2,9,1,70,4,2,1,1,1,3,61,31,0,,,,,,,2,0,10,0,3,0,2,0,2,0,4,2,35.79011,139.25178305555556,5,3,,,,
1,30,881,125,2,0,1,95000,0,305,2019,10,11,13,50,12,,,,,3,2,2,0,7,0,23,0,23,0,0,20,70,0,4,1,35,25,3,61,31,0,,,,,,,10,0,30,0,3,0,2,0,2,0,4,2,35.74092916666667,139.2556463888889,6,3,,,,
1,30,881,132,2,0,2,20000,0,305,2019,10,30,7,49,12,,,,,1,1,1,1,1,9,22,0,23,14,9,30,70,4,2,1,1,1,3,61,31,0,,,,,,,3,0,10,0,3,0,2,0,2,0,4,2,35.74208222222222,139.25997388888888,4,3,,,,
1,30,882,436,2,0,1,30000,0,218,2019,10,15,16,45,13,,,,,3,3,2,1,1,9,22,0,23,11,9,30,70,4,4,1,25,1,14,61,31,0,,,,,,,3,0,12,0,3,0,2,0,2,0,4,2,35.73708222222222,139.32958055555554,3,3,,,,
1,30,882,437,2,0,1,30000,0,218,2019,10,15,17,0,13,,,,,3,1,2,1,1,8,22,0,23,15,9,30,70,4,1,1,25,35,4,61,31,0,,,,,,,3,0,10,0,3,0,2,0,2,0,4,2,35.74557527777778,139.3268647222222,3,3,,,,
1,30,882,453,2,0,1,30000,0,227,2019,10,14,17,45,21,,,,,3,1,1,1,1,9,22,0,23,18,9,30,70,4,1,1,45,45,14,61,31,0,,,,,,,3,0,20,0,3,0,2,0,2,0,4,2,35.776223333333334,139.30491500000002,2,1,,,,
1,30,882,458,2,0,1,99000,0,227,2019,9,3,19,20,22,,,,,2,1,1,0,7,0,23,0,23,0,0,20,70,0,4,1,55,1,4,61,31,0,,,,,,,10,0,20,0,4,0,2,0,2,0,4,2,35.75868972222222,139.31205861111113,3,3,,,,
1,30,882,459,2,0,1,30000,0,228,2019,9,23,19,40,22,,,,,1,1,1,14,7,0,23,0,23,2,8,1,70,5,3,1,1,55,51,61,0,0,,,,,,,0,0,10,0,3,0,0,0,0,0,4,2,35.72214138888889,139.2672241666667,2,1,,,,
1,30,882,462,2,0,1,30000,0,228,2019,10,31,17,50,22,,,,,1,2,1,7,7,0,23,0,23,2,9,1,70,5,3,1,35,65,3,61,31,0,,,,,,,10,0,40,0,4,0,2,0,2,0,4,2,35.73923722222222,139.31562222222223,5,3,,,,
1,30,882,464,2,0,1,30000,0,303,2019,10,14,15,5,12,,,,,2,1,1,1,8,9,22,0,23,14,9,30,70,4,1,1,35,1,3,61,31,0,,,,,,,2,0,10,0,3,0,2,0,2,0,4,2,35.78590861111111,139.34749944444445,2,1,,,,
1,30,882,467,2,0,1,30000,0,218,2019,10,23,17,50,21,,,,,1,2,1,14,7,0,23,0,23,3,9,1,70,5,2,1,75,25,3,61,31,0,,,,,,,2,0,40,0,3,0,2,0,2,0,4,2,35.7215775,139.33851166666668,4,3,,,,
1,30,883,574,2,0,1,30000,0,201,2019,10,2,8,45,12,,,,,1,1,1,1,1,9,22,0,23,15,9,30,70,4,2,1,55,55,3,61,31,0,,,,,,,3,0,20,0,3,0,2,0,2,0,4,2,35.65608944444444,139.34985277777778,4,3,,,,
1,30,883,580,2,0,1,30000,0,201,2019,10,4,17,15,13,,,,,1,1,1,14,7,0,23,0,23,1,9,1,70,5,3,1,1,65,51,61,0,0,,,,,,,0,0,10,0,3,0,0,0,0,0,4,2,35.67091555555555,139.32704027777777,6,3,,,,
1,30,883,590,2,0,1,30000,0,201,2019,10,11,5,38,23,,,,,2,1,2,1,1,9,22,0,23,15,9,30,70,4,1,1,35,65,3,61,31,0,,,,,,,3,0,50,0,3,0,2,0,2,0,4,2,35.674748611111106,139.32573472222222,6,3,,,,
1,30,883,591,2,0,1,20730,0,201,2019,10,11,8,10,12,,,,,3,2,2,7,1,0,23,0,23,3,9,1,70,4,2,1,45,25,3,61,31,0,,,,,,,5,0,50,0,3,0,2,0,2,0,4,2,35.66134527777778,139.3155113888889,6,3,,,,
1,30,883,603,2,0,1,95000,0,201,2019,10,17,20,45,22,,,,,3,2,2,1,1,0,23,0,23,15,9,30,70,4,2,1,1,0,61,0,0,0,,,,,,,0,0,0,0,0,0,0,0,0,0,2,0,35.68232194444444,139.31846611111112,5,3,,,,
1,30,883,606,2,0,1,30000,0,201,2019,10,18,10,10,12,,,,,3,2,2,14,7,0,23,0,23,4,9,1,70,4,2,1,65,55,3,61,1,0,,,,,,,10,0,60,0,4,0,2,0,2,0,4,2,35.65692333333333,139.31248250000002,6,3,,,,
1,30,883,607,2,0,1,20000,0,201,2019,10,19,11,35,12,,,,,2,1,1,1,7,9,22,0,23,15,9,30,70,4,1,1,45,1,36,61,31,0,,,,,,,10,0,14,0,3,0,0,0,0,0,4,2,35.66363444444444,139.3524736111111,7,3,,,,
1,30,883,610,2,0,1,30000,0,201,2019,10,21,17,20,21,,,,,3,2,2,1,7,9,22,0,23,11,9,30,70,5,2,1,65,75,4,61,31,0,,,,,,,2,0,40,0,3,0,2,0,2,0,4,2,35.664519722222224,139.36062444444443,2,2,,,,
1,30,883,611,2,0,1,30000,0,201,2019,10,22,9,10,12,,,,,3,1,2,7,1,0,23,0,23,1,9,20,70,4,2,1,35,25,14,61,31,0,,,,,,,3,0,70,0,3,0,2,0,2,0,4,2,35.65382666666667,139.3381888888889,3,1,,,,
1,30,883,618,2,0,1,30000,0,201,2019,10,17,7,20,12,,,,,1,1,1,1,7,1,22,0,23,14,9,30,70,5,3,1,1,65,51,61,0,0,,,,,,,0,0,10,0,4,0,0,0,0,0,4,2,35.65518222222222,139.3097313888889,5,3,,,,
1,30,883,625,2,0,1,95000,0,201,2019,10,23,6,50,11,,,,,1,1,1,7,7,0,23,0,23,1,9,20,70,4,2,1,1,75,4,61,31,0,,,,,,,3,0,10,0,3,0,2,0,2,0,4,2,35.67995722222222,139.36640472222223,4,3,,,,
1,30,884,556,1,1,0,10490,0,209,2019,10,25,21,11,22,,,,,2,1,2,14,1,0,23,0,23,3,9,1,70,5,2,1,45,75,3,61,31,0,,,,,,,3,0,10,0,3,0,2,0,2,0,4,1,35.557705,139.43461250000001,6,3,,,,
1,30,884,558,2,0,1,10610,0,209,2019,9,19,7,40,12,,,,,2,1,1,7,1,0,23,0,23,3,9,1,70,4,2,1,75,45,3,61,31,0,,,,,,,3,0,10,0,3,0,2,0,2,0,4,2,35.5843125,139.48169333333334,5,3,,,,
1,30,884,559,2,0,1,30000,0,209,2019,9,24,10,0,12,,,,,1,1,1,1,1,9,22,0,23,14,9,30,70,4,2,1,75,75,3,61,31,0,,,,,,,3,0,50,0,3,0,2,0,2,0,4,2,35.591123888888895,139.4640825,3,3,,,,
1,30,884,562,2,0,1,30000,0,209,2019,10,9,7,38,12,,,,,1,2,1,1,1,9,22,0,23,14,9,30,70,4,2,1,35,45,4,61,31,0,,,,,,,3,0,80,0,4,0,2,0,2,0,4,2,35.54754944444444,139.44276083333332,4,3,,,,
1,30,884,565,2,0,1,30570,0,209,2019,10,10,17,16,21,,,,,2,2,1,14,7,0,23,0,23,3,8,1,70,4,2,1,45,75,3,61,31,0,,,,,,,3,0,50,0,3,0,2,0,2,0,4,2,35.57206583333333,139.44505972222223,5,3,,,,
1,30,884,569,2,0,1,10490,0,209,2019,10,16,18,50,22,,,,,2,2,1,14,7,0,23,0,23,2,8,1,70,4,2,1,1,75,51,61,0,0,,,,,,,0,0,10,0,3,0,0,0,0,0,4,2,35.556443888888886,139.4347611111111,4,3,,,,
1,30,884,575,2,0,1,30000,0,209,2019,9,27,11,35,12,,,,,1,2,1,1,7,9,22,0,23,15,9,30,70,5,2,1,65,55,4,61,31,0,,,,,,,2,0,80,0,3,0,2,0,2,0,4,2,35.54541277777778,139.44351833333334,6,3,,,,
1,30,884,576,2,0,1,95000,0,209,2019,10,19,18,0,21,,,,,2,2,1,1,7,1,22,0,23,14,9,30,70,4,2,1,45,1,3,61,31,0,,,,,,,2,0,10,0,3,0,2,0,2,0,4,2,35.55088194444444,139.44097,7,3,,,,
1,30,884,579,2,0,1,30000,0,209,2019,9,17,16,40,12,,,,,1,1,1,14,7,0,23,0,23,1,9,1,70,5,2,1,35,45,52,61,0,0,,,,,,,0,0,20,0,4,0,0,0,0,0,4,2,35.542407499999996,139.47383722222222,3,3,,,,
1,30,884,592,2,0,1,30000,0,209,2019,10,24,16,45,13,,,,,2,1,1,14,7,0,23,0,23,3,9,1,70,5,3,1,45,1,14,61,31,0,,,,,,,2,0,10,0,3,0,2,0,2,0,4,2,35.534189166666664,139.4662688888889,5,3,,,,
1,30,884,595,2,0,1,30000,0,209,2019,10,24,16,5,13,,,,,2,1,1,1,7,1,21,0,23,14,9,30,70,5,2,1,65,55,3,61,31,0,,,,,,,2,0,10,0,3,0,2,0,2,0,4,2,35.55488972222222,139.43675555555555,5,3,,,,
1,30,884,597,2,0,1,30000,0,209,2019,10,27,17,50,21,,,,,1,1,1,14,7,0,23,0,23,4,9,1,70,4,2,1,1,75,51,61,0,0,,,,,,,0,0,10,0,3,0,0,0,0,0,4,2,35.545838055555556,139.47322805555555,1,3,,,,
1,30,884,602,2,0,1,90000,0,209,2019,10,10,0,0,22,,,,,1,1,1,1,7,1,21,0,23,11,9,30,70,5,4,1,65,45,3,61,1,0,,,,,,,5,0,10,0,3,0,2,0,2,0,4,2,35.546059166666666,139.4445438888889,5,3,,,,
1,30,884,603,2,0,1,10490,0,209,2019,10,29,7,40,12,,,,,3,1,2,1,1,9,22,0,23,15,9,30,70,4,2,1,35,1,3,61,31,0,,,,,,,3,0,40,0,3,0,2,0,2,0,4,2,35.55837444444444,139.43217527777776,3,3,,,,
1,30,884,604,2,0,1,30000,0,209,2019,10,29,10,15,12,,,,,3,1,2,14,7,0,23,0,23,3,9,1,70,5,2,1,65,75,3,61,31,0,,,,,,,2,0,10,0,3,0,2,0,2,0,4,2,35.53767472222222,139.46842583333333,3,3,,,,
1,30,884,610,2,0,1,30000,0,209,2019,10,18,16,20,13,,,,,3,1,2,1,7,1,22,0,23,14,9,30,70,5,3,1,65,1,3,61,31,0,,,,,,,10,0,10,0,3,0,2,0,2,0,4,2,35.55078472222222,139.4479638888889,6,3,,,,
1,30,885,332,2,0,1,30000,0,212,2019,10,3,0,40,22,,,,,2,2,1,13,7,0,23,0,23,3,3,1,70,5,4,1,1,45,3,61,31,0,,,,,,,10,0,20,0,4,0,2,0,2,0,4,2,35.66044,139.41725416666665,5,3,,,,
1,30,885,340,2,0,1,99000,0,212,2019,10,6,15,25,12,,,,,2,2,1,0,7,0,23,0,23,0,0,20,70,0,4,1,55,55,3,61,31,0,,,,,,,10,0,30,0,3,0,2,0,2,0,4,2,35.67263583333333,139.40941083333334,1,3,,,,
1,30,885,343,2,0,1,21200,0,212,2019,10,11,6,45,12,,,,,2,3,1,7,1,0,23,0,23,3,9,1,70,4,1,1,1,1,17,61,31,0,,,,,,,10,0,10,0,3,0,2,0,2,0,4,2,35.658255277777776,139.37611805555557,6,3,,,,
1,30,885,345,2,0,1,30000,0,212,2019,10,14,11,15,12,,,,,3,2,2,1,7,7,22,0,23,15,9,30,70,5,2,1,45,55,3,61,31,0,,,,,,,2,0,10,0,3,0,2,0,2,0,4,2,35.657937777777775,139.4308172222222,2,1,,,,
1,30,885,350,2,0,1,10510,0,212,2019,10,17,7,50,12,,,,,2,3,1,7,7,0,23,0,23,2,9,1,70,4,2,1,25,1,51,61,0,0,,,,,,,0,0,10,0,3,0,0,0,0,0,4,2,35.66077972222222,139.41514694444444,5,3,,,,
1,30,886,393,2,0,1,10550,0,207,2019,10,11,17,35,21,,,,,3,1,2,1,1,9,22,0,23,18,9,30,70,5,1,1,55,35,3,61,31,0,,,,,,,4,0,10,0,4,0,2,0,2,0,4,2,35.69966722222222,139.36669833333335,6,3,,,,
1,30,886,399,2,0,1,30000,0,207,2019,10,16,15,35,12,,,,,1,1,1,1,1,9,22,0,23,15,9,30,70,5,2,1,1,65,51,61,0,0,,,,,,,0,0,40,0,3,0,0,0,0,0,4,2,35.71409555555556,139.35879416666666,4,3,,,,
1,30,886,404,2,0,1,30000,0,207,2019,10,18,6,56,12,,,,,3,3,2,1,7,1,21,0,23,15,9,30,70,1,2,1,55,45,4,61,31,0,,,,,,,3,0,10,0,3,0,2,0,2,0,4,2,35.718939722222224,139.386745,6,3,,,,
1,30,886,415,2,0,1,30000,0,207,2019,10,28,10,25,12,,,,,1,3,1,7,1,0,23,0,23,3,9,20,70,5,2,1,45,75,3,61,31,0,,,,,,,3,0,10,0,3,0,2,0,2,0,4,2,35.70775916666667,139.35593444444444,2,3,,,,
1,30,886,416,2,0,1,30000,0,207,2019,10,28,19,45,22,,,,,1,3,1,14,7,0,23,0,23,1,9,20,70,5,4,1,1,55,51,61,0,0,,,,,,,0,0,10,0,3,0,0,0,0,0,4,2,35.720867222222225,139.34280055555556,2,3,,,,
1,30,886,419,2,0,1,30000,0,207,2019,10,29,17,55,22,,,,,2,1,2,1,1,9,22,0,23,15,9,30,70,4,3,1,55,35,4,61,31,0,,,,,,,3,0,10,0,4,0,2,0,2,0,4,2,35.721475000000005,139.37697083333333,3,3,,,,
1,30,886,422,2,0,1,30000,0,207,2019,10,31,19,45,22,,,,,1,2,1,1,7,9,22,0,23,11,8,30,70,5,2,1,45,35,3,61,31,0,,,,,,,10,0,10,0,3,0,2,0,2,0,4,2,35.69566972222222,139.3871411111111,5,3,,,,
1,30,887,693,2,0,1,95000,0,202,2019,10,6,10,45,12,,,,,2,2,1,1,7,9,22,0,23,14,9,30,70,4,2,1,25,1,3,61,31,0,,,,,,,3,0,10,0,3,0,2,0,2,0,4,2,35.715249444444446,139.4252522222222,1,3,,,,
1,30,887,698,2,0,1,95000,0,215,2019,10,9,8,3,12,,,,,1,2,1,1,1,9,22,0,23,15,9,30,70,4,2,1,65,1,3,61,31,0,,,,,,,3,0,40,0,4,0,2,0,2,0,4,2,35.68610972222222,139.44542916666666,4,3,,,,
1,30,887,706,2,0,1,30000,0,215,2019,8,27,16,35,12,,,,,2,2,1,14,7,0,23,0,23,2,7,1,70,5,4,1,75,45,3,61,31,0,,,,,,,10,0,20,0,3,0,2,0,2,0,4,2,35.69004277777778,139.43890416666667,3,3,,,,
1,30,887,707,2,0,1,30000,0,202,2019,6,18,15,48,12,,,,,1,1,1,14,7,0,23,0,23,3,9,1,70,5,2,1,45,75,1,61,1,0,,,,,,,10,0,0,0,4,0,2,0,2,0,4,2,35.69719111111111,139.41344,3,3,,,,
1,30,887,710,2,0,1,30000,0,215,2019,10,15,12,15,12,,,,,2,2,1,1,7,9,22,0,23,11,9,30,70,5,1,1,65,65,4,61,31,0,,,,,,,1,0,80,0,4,0,2,0,2,0,4,2,35.69969361111111,139.44677972222223,3,3,,,,
1,30,887,724,2,0,1,30000,0,202,2019,10,23,9,0,12,,,,,1,1,1,14,7,0,23,0,23,1,9,1,70,5,3,1,55,65,3,61,31,0,,,,,,,10,0,30,0,4,0,2,0,2,0,4,2,35.702745,139.4194261111111,4,3,,,,
1,30,887,725,2,0,1,10260,0,202,2019,10,1,7,40,12,,,,,1,1,1,1,1,9,22,0,23,14,9,30,70,4,2,1,25,25,51,61,0,0,,,,,,,0,0,10,0,3,0,0,0,0,0,4,2,35.729688333333335,139.36865472222223,3,3,,,,
1,30,887,727,2,0,1,30000,0,215,2019,10,23,14,37,12,,,,,1,1,1,7,1,0,23,0,23,3,9,1,70,5,2,1,55,75,3,61,31,0,,,,,,,2,0,10,0,3,0,2,0,2,0,4,2,35.69362083333333,139.43640333333335,4,3,,,,
1,30,887,730,2,0,1,30000,0,202,2019,10,25,9,20,12,,,,,3,1,2,14,7,0,23,0,23,2,9,1,70,4,2,1,25,65,3,61,31,0,,,,,,,3,0,10,0,4,0,2,0,2,0,4,2,35.698608888888884,139.41199527777778,6,3,,,,
1,30,887,744,2,0,1,30000,0,202,2019,10,30,6,39,11,,,,,1,1,1,14,1,0,23,0,23,3,9,1,70,1,2,1,65,75,3,61,31,0,,,,,,,2,0,10,0,3,0,2,0,2,0,4,2,35.72083138888889,139.3966961111111,4,3,,,,
1,30,888,248,2,0,1,30000,0,206,2019,10,5,14,58,12,,,,,1,1,1,14,7,0,23,0,23,1,9,1,70,5,3,1,55,1,3,61,31,0,,,,,,,10,0,80,0,3,0,2,0,2,0,4,2,35.672089444444445,139.47108472222223,7,3,,,,
1,30,888,250,2,0,1,200,266,206,2019,10,6,8,53,12,,,,,3,1,2,7,1,0,23,0,23,5,9,1,70,4,2,1,35,35,3,61,31,0,,,,,,,4,0,10,0,3,0,2,0,2,0,4,2,35.66596138888889,139.51845666666668,1,3,,,,
1,30,889,231,2,0,1,10500,0,214,2019,9,28,18,8,21,,,,,1,1,1,14,7,0,23,0,23,3,9,1,70,4,2,1,55,75,3,61,31,0,,,,,,,3,0,10,0,3,0,2,0,2,0,4,2,35.71393444444445,139.46671083333334,7,3,,,,
1,30,889,237,2,0,1,30000,0,214,2019,10,10,6,20,11,,,,,1,1,1,1,7,9,22,0,23,18,9,30,70,4,2,1,45,1,3,61,31,0,,,,,,,2,0,10,0,3,0,2,0,2,0,4,2,35.70506166666667,139.4772438888889,5,3,,,,
1,30,889,238,2,0,1,10500,0,214,2019,9,22,18,30,21,,,,,3,1,2,1,1,9,22,0,23,11,9,30,70,5,2,1,35,1,13,61,31,0,,,,,,,1,0,0,0,3,0,2,0,2,0,4,2,35.699130277777776,139.4665675,1,2,,,,
1,30,889,245,2,0,1,10750,0,210,2019,10,22,18,10,22,,,,,2,1,1,1,1,9,22,0,23,18,9,30,70,1,1,1,45,1,4,61,31,0,,,,,,,5,0,10,0,3,0,2,0,2,0,4,2,35.68936972222222,139.50045805555555,3,1,,,,
1,30,889,246,2,0,1,30000,0,210,2019,10,23,8,35,12,,,,,1,1,1,1,7,9,22,0,23,14,9,30,70,5,2,1,25,1,13,61,31,0,,,,,,,3,0,80,0,3,0,2,0,2,0,4,2,35.70144166666667,139.5169663888889,4,3,,,,
1,30,889,253,2,0,1,95000,0,210,2019,10,10,22,20,22,,,,,3,1,2,0,7,0,23,0,23,0,0,20,70,0,4,1,55,25,3,61,31,0,,,,,,,10,0,30,0,3,0,2,0,2,0,4,2,35.69398888888889,139.48961083333333,5,3,,,,
1,30,889,255,2,0,2,30600,0,210,2019,10,30,8,10,12,,,,,1,1,1,1,7,9,22,0,23,11,9,30,70,5,3,1,1,1,51,61,0,0,,,,,,,0,0,10,0,3,0,0,0,0,0,4,2,35.699057777777774,139.50951166666667,4,3,,,,
1,30,890,450,2,0,1,10240,0,229,2019,10,8,16,30,13,,,,,2,1,1,1,1,9,22,0,23,15,9,30,70,4,2,1,25,75,36,61,31,0,,,,,,,2,0,10,0,3,0,0,0,0,0,4,2,35.72992444444445,139.53850472222223,3,3,,,,
1,30,890,455,2,0,1,95000,0,222,2019,9,22,20,55,22,,,,,1,1,2,1,1,9,22,0,23,14,9,30,70,4,1,1,65,65,3,61,31,0,,,,,,,10,0,10,0,4,0,2,0,2,0,4,2,35.74792888888889,139.535535,1,2,,,,
1,30,890,456,2,0,1,10580,0,222,2019,10,13,14,20,12,,,,,1,1,1,14,1,0,23,0,23,3,8,1,70,4,2,1,25,1,51,61,0,0,,,,,,,0,0,10,0,3,0,0,0,0,0,4,2,35.75864138888889,139.50189472222223,1,2,,,,
1,30,890,458,2,0,1,10560,0,211,2019,10,8,20,5,22,,,,,1,1,1,14,7,0,23,0,23,4,9,1,70,4,2,1,45,45,34,61,31,0,,,,,,,3,0,10,0,3,0,0,0,0,0,4,2,35.740814444444446,139.5134325,3,3,,,,
1,30,890,459,2,0,1,95000,0,229,2019,10,8,18,37,22,,,,,1,1,1,0,7,0,23,0,23,0,0,20,70,0,4,1,35,55,14,61,1,0,,,,,,,10,0,30,0,4,0,2,0,2,0,4,2,35.729908333333334,139.52760500000002,3,3,,,,
1,30,890,474,2,0,1,30000,0,229,2019,10,21,18,50,22,,,,,3,1,2,14,7,0,23,0,23,1,9,1,70,5,3,1,65,45,4,61,31,0,,,,,,,1,0,40,0,3,0,2,0,2,0,4,2,35.730828611111114,139.5504361111111,2,2,,,,
1,30,890,479,2,0,1,30000,0,229,2019,10,18,17,10,21,,,,,3,1,2,14,7,0,23,0,23,4,9,20,70,5,2,1,65,45,3,61,1,0,,,,,,,3,0,10,0,3,0,2,0,2,0,4,2,35.73006166666667,139.54006916666665,6,3,,,,
1,30,890,482,2,0,1,30000,0,229,2019,10,25,21,0,22,,,,,2,1,2,7,7,0,23,0,23,3,9,1,70,5,2,1,45,45,3,61,31,0,,,,,,,5,0,10,0,4,0,2,0,2,0,4,2,35.72817083333334,139.55281444444446,6,3,,,,
1,30,891,234,1,1,0,10000,0,221,2019,10,10,5,45,11,,,,,2,1,1,14,7,0,23,0,23,4,9,1,70,5,2,1,45,75,17,61,1,0,,,,,,,4,0,10,0,3,0,2,0,2,0,4,1,35.78206222222222,139.53413805555556,5,3,,,,
1,30,891,236,2,0,1,30000,0,213,2019,7,25,7,58,12,,,,,1,1,1,14,7,0,23,0,23,2,9,1,70,5,3,1,35,45,52,61,0,0,,,,,,,0,0,30,0,4,0,0,0,0,0,4,2,35.776559166666665,139.48873305555554,5,3,,,,