資料区分,都道府県コード,警察署等コード,本票番号,事故内容,死者数,負傷者数,路線コード,地点コード,市区町村コード,発生日時　　年,発生日時　　月,発生日時　　日,発生日時　　時,発生日時　　分,昼夜,日の出時刻　　時,日の出時刻　　分,日の入り時刻　　時,日の入り時刻　　分,天候,地形,路面状態,道路形状,信号機,一時停止規制　標識（当事者A）,一時停止規制　表示（当事者A）,一時停止規制　標識（当事者B）,一時停止規制　表示（当事者B）,車道幅員,道路線形,衝突地点,ゾーン規制,中央分離帯施設等,歩車道区分,事故類型,年齢（当事者A）,年齢（当事者B）,当事者種別（当事者A）,当事者種別（当事者B）,用途別（当事者A）,用途別（当事者B）,車両形状等（当事者A）,車両形状等（当事者B）,オートマチック車（当事者A）,オートマチック車（当事者B）,サポカー（当事者A）,サポカー（当事者B）,速度規制（指定のみ）（当事者A）,速度規制（指定のみ）（当事者B）,車両の衝突部位（当事者A）,車両の衝突部位（当事者B）,車両の損壊程度（当事者A）,車両の損壊程度（当事者B）,エアバッグの装備（当事者A）,エアバッグの装備（当事者B）,サイドエアバッグの装備（当事者A）,サイドエアバッグの装備（当事者B）,人身損傷程度（当事者A）,人身損傷程度（当事者B）,lat,lon,曜日(発生年月日),祝日(発生年月日),認知機能検査経過日数（当事者A）,認知機能検査経過日数（当事者B）,運転練習の方法（当事者A）,運転練習の方法（当事者B）
1,30,891,242,2,0,1,30000,0,213,2019,10,14,18,15,22,,,,,3,1,2,1,7,9,22,0,23,14,9,30,70,5,2,1,35,35,13,61,31,0,,,,,,,10,0,20,0,3,0,2,0,2,0,4,2,35.76096944444444,139.46448694444445,2,1,,,,
1,30,891,251,2,0,1,30000,0,213,2019,9,17,18,55,22,,,,,1,2,1,1,7,1,21,0,23,11,9,30,70,5,3,1,65,65,3,61,31,0,,,,,,,10,0,20,0,3,0,2,0,2,0,4,2,35.75865833333334,139.47190111111112,3,3,,,,
1,30,891,253,2,0,1,20000,0,213,2019,10,25,8,3,12,,,,,3,1,2,1,7,8,22,0,23,15,9,30,70,5,2,1,35,1,3,61,31,0,,,,,,,10,0,60,0,4,0,2,0,2,0,4,2,35.75812583333333,139.44520472222223,6,3,,,,
1,30,891,254,2,0,1,30000,0,213,2019,10,29,6,5,11,,,,,3,1,2,14,1,0,23,0,23,3,9,1,70,4,2,1,1,75,3,61,31,0,,,,,,,2,0,10,0,4,0,2,0,2,0,4,2,35.76202638888889,139.44357555555555,3,3,,,,
1,30,892,164,2,0,1,30000,0,203,2019,10,2,18,0,21,,,,,1,1,1,1,7,9,22,0,23,14,9,30,70,4,2,1,65,1,3,61,31,0,,,,,,,2,0,10,0,3,0,2,0,2,0,4,2,35.718896944444445,139.55369000000002,4,3,,,,
1,30,892,167,2,0,1,20910,0,203,2019,10,9,7,30,12,,,,,1,1,1,14,7,0,23,0,23,2,9,1,70,5,3,1,75,45,3,61,31,0,,,,,,,2,0,10,0,3,0,2,0,2,0,4,2,35.70088416666667,139.53875722222222,4,3,,,,
1,30,892,174,2,0,1,30000,0,203,2019,10,21,11,0,12,,,,,2,1,1,1,7,9,22,0,23,11,9,30,70,5,3,1,75,75,51,61,0,0,,,,,,,0,0,10,0,3,0,0,0,0,0,4,2,35.71306083333334,139.55720972222224,2,2,,,,
1,30,892,182,2,0,1,95000,0,203,2019,10,30,18,20,22,,,,,1,1,1,1,7,9,22,0,23,11,9,30,70,5,3,1,25,45,51,61,0,0,,,,,,,0,0,10,0,3,0,0,0,0,0,4,2,35.70525861111111,139.5594802777778,4,3,,,,
1,30,893,272,2,0,1,95000,0,204,2019,10,1,11,25,12,,,,,1,1,1,0,7,0,23,0,23,0,0,20,70,0,4,1,65,75,4,61,31,0,,,,,,,10,0,10,0,3,0,2,0,2,0,4,2,35.68364444444444,139.55938527777778,3,3,,,,
1,30,893,273,2,0,1,10270,0,204,2019,10,2,0,0,22,,,,,1,1,1,1,7,9,22,0,23,14,9,20,70,4,2,1,25,1,51,61,0,0,,,,,,,0,0,10,0,3,0,0,0,0,0,4,2,35.68376305555555,139.55028305555555,4,3,,,,
1,30,893,280,2,0,1,20230,0,204,2019,10,2,17,55,21,,,,,1,1,1,14,7,0,23,0,23,3,9,1,70,4,2,1,45,1,1,61,1,0,,,,,,,3,0,10,0,3,0,2,0,2,0,4,2,35.68740583333333,139.56882583333334,4,3,,,,
1,30,893,282,2,0,1,10270,0,204,2019,10,18,20,7,22,,,,,3,1,2,1,1,9,22,0,23,15,9,30,70,4,1,1,65,1,3,61,1,0,,,,,,,3,0,10,0,3,0,2,0,2,0,4,2,35.683011944444445,139.56611583333336,6,3,,,,
1,30,894,424,2,0,1,21230,0,219,2019,10,5,5,10,23,,,,,1,1,1,1,1,9,22,0,23,15,9,30,70,4,2,1,75,75,14,61,31,0,,,,,,,3,0,50,0,3,0,2,0,2,0,4,2,35.64136972222222,139.5758261111111,7,3,,,,
1,30,894,440,2,0,1,10620,0,219,2019,10,25,18,20,22,,,,,3,1,2,1,7,9,22,0,23,14,9,30,70,4,2,1,55,45,14,61,31,0,,,,,,,3,0,10,0,2,0,2,0,2,0,4,2,35.6442525,139.56584444444445,6,3,,,,
1,30,894,444,2,0,1,30000,0,219,2019,10,29,12,12,12,,,,,3,1,2,14,7,0,23,0,23,2,9,1,70,5,2,1,45,0,61,0,0,0,,,,,,,0,0,0,0,0,0,0,0,0,0,2,0,35.63456111111111,139.57908583333332,3,3,,,,
1,30,894,449,2,0,1,30000,0,208,2019,10,31,12,55,12,,,,,2,1,1,1,7,9,22,0,23,14,9,30,70,4,2,1,65,35,3,61,31,0,,,,,,,2,0,15,0,4,0,2,0,2,0,4,2,35.66188111111111,139.58556222222222,5,3,,,,
1,30,894,450,2,0,1,30000,0,219,2019,10,5,12,50,12,,,,,1,1,1,14,7,0,23,0,23,1,9,1,70,5,2,1,35,55,51,61,0,0,,,,,,,0,0,20,0,4,0,0,0,0,0,4,2,35.63486638888889,139.58119027777778,7,3,,,,
1,30,895,274,2,0,1,10240,0,211,2019,9,17,19,30,22,,,,,1,1,1,14,7,0,23,0,23,4,9,1,70,4,2,1,1,75,51,61,0,0,,,,,,,0,0,10,0,4,0,0,0,0,0,4,2,35.7306625,139.50400305555556,3,3,,,,
1,30,895,277,2,0,1,30000,0,211,2019,10,2,20,50,22,,,,,1,1,1,1,7,9,22,0,23,11,9,30,70,4,2,1,1,35,14,61,1,0,,,,,,,3,0,10,0,3,0,2,0,2,0,4,2,35.72838,139.5128725,4,3,,,,
1,30,895,278,2,0,1,30000,0,211,2019,10,3,12,45,12,,,,,1,1,1,14,7,0,23,0,23,1,9,1,70,5,3,1,1,35,51,61,0,0,,,,,,,0,0,10,0,3,0,0,0,0,0,4,2,35.729684166666665,139.44124861111112,5,3,,,,
1,30,895,285,2,0,1,30000,0,211,2019,10,7,14,20,12,,,,,1,1,1,14,7,0,23,0,23,2,9,1,70,5,4,1,45,75,3,61,31,0,,,,,,,10,0,20,0,3,0,2,0,2,0,4,2,35.723596111111114,139.5216511111111,2,3,,,,
1,30,895,290,2,0,1,30000,0,211,2019,10,9,18,40,22,,,,,1,1,1,13,7,0,23,0,23,2,3,1,70,5,4,1,45,45,14,61,1,0,,,,,,,1,0,20,0,4,0,2,0,2,0,4,2,35.732420000000005,139.51458,4,3,,,,
1,30,895,295,2,0,2,30000,0,211,2019,10,29,8,7,12,,,,,3,1,2,14,7,0,23,0,23,3,8,1,70,5,2,1,1,65,51,61,0,0,,,,,,,0,0,10,0,3,0,0,0,0,0,2,2,35.71038111111111,139.49323583333333,3,3,,,,
1,30,100,114,2,0,1,30000,0,101,2019,11,11,15,0,12,,,,,2,1,1,14,7,0,23,0,23,3,9,1,70,5,3,1,25,25,51,61,0,0,,,,,,,0,0,10,0,3,0,0,0,0,0,4,2,35.671976944444445,139.74212277777775,2,3,,,,
1,30,100,124,2,0,1,30000,0,101,2019,11,29,8,40,12,,,,,1,1,1,7,7,0,23,0,23,3,9,20,70,5,2,1,65,25,3,61,31,0,,,,,,,2,0,50,0,3,0,2,0,2,0,4,2,35.67960083333333,139.73841055555553,6,3,,,,
1,30,101,182,2,0,1,30000,0,101,2019,11,10,20,45,22,,,,,1,1,1,14,7,0,23,0,23,3,9,1,70,5,2,1,45,55,3,61,1,0,,,,,,,5,0,40,0,4,0,2,0,2,0,4,2,35.680389444444444,139.7684086111111,1,3,,,,
1,30,101,189,2,0,1,30000,0,101,2019,11,28,23,5,22,,,,,2,1,1,14,7,0,23,0,23,5,9,1,70,4,1,1,45,55,3,61,1,0,,,,,,,2,0,70,0,3,0,2,0,2,0,4,2,35.67279055555555,139.75848055555556,5,3,,,,
1,30,102,129,2,0,1,30000,0,101,2019,11,6,13,15,12,,,,,1,1,1,14,7,0,23,0,23,3,9,1,70,5,2,1,35,45,7,61,31,0,,,,,,,5,0,10,0,3,0,2,0,2,0,4,2,35.69130194444444,139.76814861111112,4,3,,,,
1,30,102,133,2,0,1,10050,0,101,2019,11,11,5,45,23,,,,,3,1,1,1,1,0,23,0,23,19,9,30,70,4,2,1,55,0,61,0,0,0,,,,,,,0,0,0,0,0,0,0,0,0,0,2,0,35.69526277777778,139.76728500000002,2,3,,,,
1,30,102,135,2,0,1,10050,0,101,2019,11,22,19,5,22,,,,,3,1,2,1,1,9,22,0,23,19,9,30,70,1,2,1,1,35,4,61,31,0,,,,,,,4,0,10,0,3,0,2,0,2,0,4,2,35.69471166666666,139.76560833333335,6,2,,,,
1,30,102,137,2,0,1,30000,0,101,2019,11,30,9,13,12,,,,,1,1,1,1,8,9,22,0,23,19,9,30,70,4,2,1,25,45,3,61,31,0,,,,,,,4,0,40,0,3,0,2,0,2,0,4,2,35.693082499999996,139.75650805555554,7,3,,,,
1,30,103,91,2,0,1,30000,0,101,2019,11,6,10,10,12,,,,,1,1,1,1,7,9,22,0,23,11,9,30,70,5,3,1,1,35,3,61,31,0,,,,,,,10,0,70,0,3,0,2,0,2,0,4,2,35.69243805555555,139.77466361111112,4,3,,,,
1,30,104,261,2,0,1,20090,0,102,2019,10,24,9,0,12,,,,,2,1,1,14,7,0,23,0,23,5,9,1,70,4,2,1,65,55,3,61,1,0,,,,,,,10,0,40,0,3,0,2,0,2,0,4,2,35.67702555555555,139.76709222222223,5,3,,,,
1,30,104,263,2,0,1,30000,0,102,2019,11,23,12,45,12,,,,,3,1,2,14,7,0,23,0,23,3,9,1,70,5,3,1,45,45,3,61,31,0,,,,,,,10,0,50,0,3,0,2,0,2,0,4,2,35.679403611111105,139.77255361111114,7,1,,,,
1,30,104,264,2,0,1,20100,0,102,2019,11,26,7,45,12,,,,,3,1,2,1,7,9,22,0,23,11,9,30,70,4,2,1,45,45,13,61,31,0,,,,,,,3,0,10,0,3,0,2,0,2,0,4,2,35.67440694444444,139.7821488888889,3,3,,,,
1,30,105,115,2,0,1,20540,0,102,2019,11,4,8,24,12,,,,,1,1,1,1,1,9,22,0,23,19,9,30,70,4,2,1,35,55,3,61,31,0,,,,,,,3,0,20,0,3,0,2,0,2,0,4,2,35.6885,139.78581944444446,2,1,,,,
1,30,105,119,2,0,1,20540,0,102,2019,11,28,8,50,12,,,,,3,1,2,1,1,9,22,0,23,17,9,30,70,4,2,1,35,45,3,61,31,0,,,,,,,4,0,10,0,3,0,2,0,2,0,4,2,35.68313916666666,139.79044194444444,5,3,,,,
1,30,105,120,2,0,1,30080,0,102,2019,11,28,20,25,22,,,,,2,1,1,1,1,9,22,0,23,17,9,30,70,1,2,1,55,35,3,61,1,0,,,,,,,3,0,10,0,3,0,2,0,2,0,4,2,35.68050472222222,139.78713,5,3,,,,
1,30,105,121,2,0,1,30080,0,102,2019,11,20,19,14,22,,,,,2,1,1,14,7,0,23,0,23,1,9,1,70,4,1,1,35,65,51,61,0,0,,,,,,,0,0,10,0,3,0,0,0,0,0,4,2,35.68409194444444,139.78444194444444,4,3,,,,
1,30,106,247,2,0,1,20090,0,103,2019,10,5,9,25,12,,,,,1,1,1,1,7,9,22,0,23,17,9,30,70,5,2,1,65,25,17,61,31,0,,,,,,,5,0,10,0,3,0,2,0,2,0,4,2,35.66819333333333,139.7586836111111,7,3,,,,
1,30,106,264,2,0,1,30000,0,102,2019,11,29,18,4,22,,,,,1,1,1,1,1,9,22,0,23,15,9,30,70,5,1,1,45,55,3,61,1,0,,,,,,,5,0,10,0,4,0,2,0,2,0,4,2,35.66913972222222,139.76984444444446,6,3,,,,
1,30,107,99,2,0,1,10020,0,102,2019,9,27,15,50,12,,,,,1,1,1,14,1,0,23,0,23,3,9,1,70,1,1,1,1,0,61,0,0,0,,,,,,,0,0,0,0,0,0,0,0,0,0,2,0,35.660264999999995,139.7769788888889,6,3,,,,
1,30,108,214,2,0,1,30000,0,103,2019,11,13,10,10,12,,,,,2,1,1,14,7,0,23,0,23,3,9,1,70,4,1,1,55,65,13,61,1,0,,,,,,,1,0,10,0,3,0,2,0,2,0,4,2,35.65971527777778,139.74980194444444,4,3,,,,
1,30,108,220,2,0,1,20030,0,103,2019,11,19,0,28,22,,,,,3,1,2,1,1,9,22,0,23,19,9,30,70,5,2,1,65,35,3,61,1,0,,,,,,,5,0,10,0,3,0,2,0,2,0,4,2,35.66874027777777,139.75493277777778,3,3,,,,
1,30,108,221,2,0,1,20030,0,103,2019,11,20,22,55,22,,,,,1,1,1,14,7,0,23,0,23,6,9,1,70,1,1,1,45,35,3,61,1,0,,,,,,,5,0,20,0,3,0,2,0,2,0,4,2,35.663288888888886,139.75248527777777,4,3,,,,
1,30,108,222,2,0,1,30000,0,103,2019,11,22,8,40,12,,,,,3,1,2,1,7,9,22,0,23,15,9,30,70,4,1,1,1,55,3,61,31,0,,,,,,,10,0,10,0,4,0,2,0,2,0,4,2,35.66153083333333,139.74699277777776,6,2,,,,
1,30,108,226,2,0,2,150,25,103,2019,11,24,4,25,22,,,,,3,1,2,1,1,9,22,0,23,18,9,30,70,1,1,1,55,55,3,61,1,0,,,,,,,10,0,50,0,3,0,2,0,2,0,4,2,35.66545416666666,139.75950444444445,1,3,,,,
1,30,108,228,2,0,1,30000,0,103,2019,11,28,19,10,22,,,,,3,1,2,1,7,1,22,0,23,15,9,30,70,4,2,1,55,35,3,61,1,0,,,,,,,10,0,10,0,4,0,2,0,2,0,4,2,35.66215861111111,139.7573825,5,3,,,,
1,30,109,179,2,0,1,30000,0,103,2019,11,22,19,25,22,,,,,3,1,2,1,7,9,22,0,23,15,9,30,70,5,3,1,65,65,3,61,1,0,,,,,,,10,0,50,0,3,0,2,0,2,0,4,2,35.647080833333334,139.75232833333334,6,2,,,,
1,30,109,184,2,0,1,20030,0,103,2019,11,28,17,55,22,,,,,3,1,2,1,1,9,22,0,23,15,9,30,70,4,2,1,35,45,3,61,31,0,,,,,,,10,0,80,0,3,0,2,0,2,0,4,2,35.6500975,139.74934916666666,5,3,,,,
1,30,110,175,2,0,1,150,67,103,2019,11,22,18,25,22,,,,,3,1,2,1,1,9,22,0,23,18,9,30,70,1,2,1,55,45,3,61,1,0,,,,,,,10,0,50,0,3,0,2,0,2,0,4,2,35.63396111111111,139.73815416666665,6,2,,,,
1,30,111,318,2,0,1,95000,0,103,2019,11,5,10,12,12,,,,,1,1,1,14,7,0,23,0,23,2,9,1,70,5,3,1,25,45,3,61,1,0,,,,,,,5,0,42,0,4,0,2,0,2,0,4,2,35.65593916666666,139.73069805555556,3,3,,,,
1,30,111,319,2,0,1,10120,0,103,2019,11,9,12,0,12,,,,,1,1,1,1,1,9,22,0,23,19,9,30,70,4,2,1,25,25,3,61,1,0,,,,,,,3,0,20,0,3,0,2,0,2,0,4,2,35.66108333333333,139.7381275,7,3,,,,
1,30,112,192,2,0,1,30000,0,103,2019,11,11,10,0,12,,,,,1,1,1,1,1,9,22,0,23,14,9,20,70,5,1,1,55,35,14,61,1,0,,,,,,,2,0,50,0,4,0,2,0,2,0,4,2,35.672156666666666,139.7364861111111,2,3,,,,
1,30,112,195,2,0,1,20150,0,103,2019,11,12,14,25,12,,,,,1,1,1,14,7,0,23,0,23,3,9,1,70,4,1,1,75,45,3,61,1,0,,,,,,,3,0,80,0,3,0,2,0,2,0,4,2,35.663243055555554,139.7178311111111,3,3,,,,
1,30,112,197,2,0,1,2460,35,103,2019,11,14,5,19,23,,,,,2,1,1,1,1,9,22,0,23,19,9,30,70,1,2,1,35,45,13,61,31,0,,,,,,,10,0,40,0,3,0,2,0,2,0,4,2,35.665330555555556,139.71256194444445,5,3,,,,
1,30,112,204,2,0,1,20090,0,103,2019,11,23,11,0,12,,,,,3,1,2,1,1,8,22,0,23,17,6,30,70,1,1,1,65,25,3,61,31,0,,,,,,,5,0,10,0,3,0,2,0,2,0,4,2,35.672134444444445,139.74108055555556,7,1,,,,
1,30,112,205,2,0,1,30000,0,103,2019,11,25,10,20,12,,,,,1,1,1,1,7,9,22,0,23,15,8,20,70,4,2,1,25,55,14,61,31,0,,,,,,,2,0,10,0,3,0,2,0,2,0,4,2,35.67381444444444,139.73102305555557,2,3,,,,
1,30,112,207,2,0,1,20150,0,103,2019,11,15,0,0,22,,,,,2,1,1,1,7,1,21,0,23,14,9,30,70,4,1,1,35,55,3,61,1,0,,,,,,,3,0,40,0,3,0,2,0,2,0,4,2,35.67300583333333,139.73784583333332,6,3,,,,
1,30,215,117,2,0,1,10070,0,109,2019,11,1,10,16,12,,,,,1,1,1,1,1,1,22,0,23,14,9,30,70,1,2,1,35,35,17,61,1,0,,,,,,,3,0,10,0,3,0,2,0,2,0,4,2,35.623488888888886,139.7501511111111,6,3,,,,
1,30,215,119,2,0,1,30000,0,109,2019,11,12,7,40,12,,,,,1,1,1,1,7,1,22,0,23,11,9,30,70,5,2,1,55,45,4,61,31,0,,,,,,,1,0,10,0,3,0,2,0,2,0,4,2,35.62245611111111,139.7354413888889,3,3,,,,
1,30,215,127,2,0,1,20180,0,109,2019,11,27,15,0,12,,,,,2,1,1,14,7,0,23,0,23,4,9,1,70,4,2,1,55,75,11,61,31,0,,,,,,,3,0,10,0,3,0,2,0,2,0,4,2,35.609053611111115,139.74170527777775,4,3,,,,
1,30,216,120,2,0,1,99000,0,109,2019,11,15,15,15,12,,,,,1,1,1,0,7,0,23,0,23,0,0,20,70,0,2,1,45,1,12,61,31,0,,,,,,,3,0,30,0,4,0,2,0,2,0,4,2,35.59059611111111,139.73356666666666,6,3,,,,
1,30,216,122,2,0,1,150,116,109,2019,11,16,15,25,12,,,,,1,1,1,14,7,0,23,0,23,3,9,1,70,5,2,1,1,25,51,61,0,0,,,,,,,0,0,10,0,3,0,0,0,0,0,4,2,35.591966944444444,139.7364836111111,7,3,,,,
1,30,216,126,2,0,1,30000,0,109,2019,11,25,19,40,22,,,,,3,1,2,7,7,0,23,0,23,3,9,20,70,5,3,1,25,45,3,61,31,0,,,,,,,2,0,10,0,4,0,2,0,2,0,4,2,35.600035,139.71466388888888,2,3,,,,
1,30,217,168,2,0,1,30000,0,109,2019,11,1,11,30,12,,,,,1,1,1,1,7,1,21,0,23,15,9,30,70,4,1,1,25,45,13,61,1,0,,,,,,,10,0,10,0,3,0,2,0,2,0,4,2,35.624787500000004,139.72674416666666,6,3,,,,
1,30,217,170,2,0,1,95000,0,109,2019,11,9,12,10,12,,,,,1,1,1,7,7,0,23,0,23,3,9,1,70,5,2,1,45,35,4,61,31,0,,,,,,,10,0,60,0,4,0,2,0,2,0,4,2,35.626962222222225,139.72066222222222,7,3,,,,
1,30,217,173,2,0,1,30000,0,109,2019,8,23,16,22,12,,,,,3,1,2,1,7,9,22,0,23,11,9,30,70,5,3,1,25,25,17,61,1,0,,,,,,,1,0,40,0,4,0,2,0,2,0,4,2,35.626576944444444,139.71253305555555,6,3,,,,
1,30,217,176,2,0,1,20000,0,109,2019,10,18,7,58,12,,,,,2,1,1,1,1,9,22,0,23,15,7,30,70,5,2,1,45,35,2,61,1,0,,,,,,,4,0,50,0,4,0,2,0,2,0,4,2,35.633858333333336,139.71534444444444,6,3,,,,
1,30,218,198,2,0,1,30000,0,109,2019,9,18,11,5,12,,,,,3,1,2,1,7,1,21,0,23,15,9,30,70,5,2,1,65,45,3,61,31,0,,,,,,,2,0,80,0,4,0,2,0,2,0,4,2,35.615189722222226,139.7091936111111,4,3,,,,
1,30,218,203,2,0,1,30000,0,109,2019,11,7,9,13,12,,,,,1,1,1,14,7,0,23,0,23,1,9,1,70,5,3,1,25,55,51,61,0,0,,,,,,,0,0,20,0,4,0,0,0,0,0,4,2,35.61360444444445,139.71257277777778,5,3,,,,
1,30,218,204,2,0,1,30000,0,109,2019,11,9,11,12,12,,,,,1,1,1,14,7,0,23,0,23,2,9,20,70,5,3,1,75,75,51,61,0,0,,,,,,,0,0,10,0,4,0,0,0,0,0,4,2,35.62113472222222,139.70760055555556,7,3,,,,
1,30,218,207,2,0,1,20000,0,109,2019,11,12,18,35,22,,,,,1,1,1,1,1,9,22,0,23,15,9,30,70,5,2,1,35,1,14,61,1,0,,,,,,,3,0,50,0,3,0,2,0,2,0,4,2,35.6222575,139.7036236111111,3,3,,,,
1,30,218,212,2,0,1,30000,0,109,2019,11,2,17,30,21,,,,,1,1,1,14,7,0,23,0,23,2,9,1,70,5,3,1,25,55,51,61,0,0,,,,,,,0,0,10,0,3,0,0,0,0,0,4,2,35.60935055555556,139.71428,7,2,,,,
1,30,219,400,2,0,1,150,131,111,2019,9,14,8,4,12,,,,,1,1,1,14,8,0,23,0,23,6,9,1,70,1,1,1,25,1,1,61,1,0,,,,,,,5,0,20,0,4,0,2,0,2,0,4,2,35.57831277777778,139.7351561111111,7,3,,,,
1,30,219,407,2,0,1,20180,0,111,2019,11,5,16,8,13,,,,,1,1,1,14,7,0,23,0,23,1,9,1,70,4,1,1,1,55,51,61,0,0,,,,,,,0,0,10,0,4,0,0,0,0,0,4,2,35.58560222222223,139.72549972222222,3,3,,,,
1,30,219,417,2,0,1,30000,0,111,2019,11,11,7,0,11,,,,,2,1,2,14,7,0,23,0,23,2,9,1,70,5,3,1,45,25,14,61,31,0,,,,,,,10,0,10,0,4,0,2,0,2,0,4,2,35.57941111111111,139.7238186111111,2,3,,,,
1,30,219,425,2,0,1,30000,0,109,2019,11,15,21,25,22,,,,,1,1,1,1,1,9,22,0,23,15,9,30,70,4,1,1,65,55,3,61,1,0,,,,,,,3,0,10,0,3,0,2,0,2,0,4,2,35.587829722222224,139.72964666666667,6,3,,,,
1,30,219,430,2,0,1,30000,0,111,2019,11,18,19,15,22,,,,,1,1,1,7,7,0,23,0,23,2,9,1,70,5,3,1,45,35,14,61,1,0,,,,,,,2,0,20,0,3,0,2,0,2,0,4,2,35.58423694444445,139.72890388888888,2,3,,,,
1,30,219,433,2,0,1,30000,0,111,2019,11,20,8,10,12,,,,,1,1,1,14,7,0,23,0,23,1,9,1,70,5,3,1,45,25,51,61,0,0,,,,,,,0,0,10,0,3,0,0,0,0,0,4,2,35.57273416666667,139.72485305555557,4,3,,,,
1,30,219,434,2,0,1,30000,0,111,2019,11,20,12,41,12,,,,,1,1,1,14,7,0,23,0,23,2,9,1,70,5,2,1,1,35,34,61,31,0,,,,,,,3,0,10,0,3,0,0,0,0,0,4,2,35.57001861111112,139.7484847222222,4,3,,,,
1,30,219,439,2,0,1,30700,0,111,2019,11,23,10,5,12,,,,,3,1,2,14,7,0,23,0,23,4,9,1,70,3,1,1,65,55,3,61,31,0,,,,,,,3,0,40,0,3,0,2,0,2,0,4,2,35.58632361111111,139.73175833333335,7,1,,,,
1,30,219,442,2,0,1,20180,0,111,2019,11,25,11,45,12,,,,,1,1,1,7,1,0,23,0,23,1,9,1,70,4,2,1,55,75,51,61,0,0,,,,,,,0,0,10,0,4,0,0,0,0,0,4,2,35.58425666666667,139.7242588888889,2,3,,,,
1,30,220,178,2,0,1,30000,0,111,2019,11,2,12,35,12,,,,,1,1,1,14,7,0,23,0,23,2,9,1,70,1,3,1,55,1,3,61,31,0,,,,,,,5,0,80,0,3,0,2,0,2,0,4,2,35.58865111111111,139.67781083333333,7,2,,,,
1,30,220,180,2,0,1,10170,0,111,2019,11,3,21,40,22,,,,,3,1,2,1,1,9,22,0,23,19,9,30,70,1,2,1,25,55,3,61,31,0,,,,,,,4,0,20,0,4,0,2,0,2,0,4,2,35.60380111111111,139.69774111111113,1,1,,,,
1,30,220,184,2,0,1,10170,0,111,2019,11,19,8,20,12,,,,,1,1,2,1,1,9,22,0,23,14,9,30,70,1,2,1,45,1,4,61,31,0,,,,,,,4,0,10,0,3,0,2,0,2,0,4,2,35.601886666666665,139.69464027777778,3,3,,,,
1,30,220,187,2,0,1,30000,0,111,2019,11,22,19,35,22,,,,,3,1,2,7,7,0,23,0,23,2,9,1,70,4,1,1,75,45,3,61,1,0,,,,,,,3,0,10,0,3,0,2,0,2,0,4,2,35.60723138888889,139.68597222222223,6,2,,,,
1,30,221,269,2,0,1,10200,0,111,2019,11,4,11,55,12,,,,,1,1,1,1,1,9,22,0,23,18,9,30,70,1,1,1,35,25,3,61,31,0,,,,,,,10,0,10,0,4,0,2,0,2,0,4,2,35.55999,139.70893305555555,2,1,,,,
1,30,221,271,2,0,1,150,175,111,2019,11,9,19,57,22,,,,,1,1,1,1,1,0,23,0,23,18,9,30,70,1,2,1,55,0,61,0,0,0,,,,,,,0,0,0,0,0,0,0,0,0,0,2,0,35.545027499999996,139.71244472222222,7,3,,,,
1,30,221,277,2,0,1,30000,0,111,2019,11,15,13,40,12,,,,,1,1,1,1,1,9,22,0,23,15,9,30,70,4,3,1,65,75,4,61,31,0,,,,,,,5,0,10,0,4,0,2,0,2,0,4,2,35.55923444444444,139.7053225,6,3,,,,
1,30,221,278,2,0,1,30000,0,111,2019,11,6,14,20,12,,,,,1,1,1,14,7,0,23,0,23,4,8,1,70,5,2,1,25,45,51,61,0,0,,,,,,,0,0,20,0,4,0,0,0,0,0,4,2,35.5626925,139.71545972222222,4,3,,,,
1,30,221,285,2,0,1,30000,0,111,2019,11,22,17,20,21,,,,,3,1,2,1,7,1,21,0,23,14,9,30,70,5,2,1,65,75,51,61,0,0,,,,,,,0,0,10,0,4,0,0,0,0,0,4,2,35.56101333333333,139.72964611111112,6,2,,,,
1,30,221,286,2,0,1,30000,0,111,2019,11,22,20,0,22,,,,,3,1,2,14,7,0,23,0,23,2,9,1,70,5,4,1,1,45,51,61,0,0,,,,,,,0,0,10,0,3,0,0,0,0,0,4,2,35.56004194444444,139.7160486111111,6,2,,,,
1,30,221,288,2,0,1,10200,0,111,2019,11,17,7,35,12,,,,,1,1,1,1,1,9,22,0,23,18,9,30,70,1,1,1,1,75,51,61,0,0,,,,,,,0,0,10,0,3,0,0,0,0,0,4,2,35.552767499999995,139.73586666666665,1,3,,,,
1,30,221,292,2,0,1,30000,0,111,2019,11,10,7,15,12,,,,,1,1,2,14,7,0,23,0,23,3,9,1,70,5,4,1,25,45,51,61,0,0,,,,,,,0,0,10,0,3,0,0,0,0,0,4,2,35.54324916666666,139.7201988888889,1,3,,,,
1,30,221,297,2,0,1,30000,0,111,2019,10,28,17,56,22,,,,,1,1,1,14,7,0,23,0,23,2,9,1,70,5,4,1,45,45,13,61,31,0,,,,,,,5,0,20,0,4,0,2,0,2,0,4,2,35.56153277777778,139.72312722222222,2,3,,,,
1,30,222,234,2,0,1,30000,0,111,2019,11,1,8,20,12,,,,,1,1,1,14,7,0,23,0,23,1,9,20,70,5,4,1,45,0,61,0,0,0,,,,,,,0,0,0,0,0,0,0,0,0,0,2,0,35.585078611111115,139.71707555555557,6,3,,,,