資料区分,都道府県コード,警察署等コード,本票番号,事故内容,死者数,負傷者数,路線コード,地点コード,市区町村コード,発生日時　　年,発生日時　　月,発生日時　　日,発生日時　　時,発生日時　　分,昼夜,日の出時刻　　時,日の出時刻　　分,日の入り時刻　　時,日の入り時刻　　分,天候,地形,路面状態,道路形状,信号機,一時停止規制　標識（当事者A）,一時停止規制　表示（当事者A）,一時停止規制　標識（当事者B）,一時停止規制　表示（当事者B）,車道幅員,道路線形,衝突地点,ゾーン規制,中央分離帯施設等,歩車道区分,事故類型,年齢（当事者A）,年齢（当事者B）,当事者種別（当事者A）,当事者種別（当事者B）,用途別（当事者A）,用途別（当事者B）,車両形状等（当事者A）,車両形状等（当事者B）,オートマチック車（当事者A）,オートマチック車（当事者B）,サポカー（当事者A）,サポカー（当事者B）,速度規制（指定のみ）（当事者A）,速度規制（指定のみ）（当事者B）,車両の衝突部位（当事者A）,車両の衝突部位（当事者B）,車両の損壊程度（当事者A）,車両の損壊程度（当事者B）,エアバッグの装備（当事者A）,エアバッグの装備（当事者B）,サイドエアバッグの装備（当事者A）,サイドエアバッグの装備（当事者B）,人身損傷程度（当事者A）,人身損傷程度（当事者B）,lat,lon,曜日(発生年月日),祝日(発生年月日),認知機能検査経過日数（当事者A）,認知機能検査経過日数（当事者B）,運転練習の方法（当事者A）,運転練習の方法（当事者B）
1,30,222,235,2,0,1,10130,0,111,2019,11,2,8,30,12,,,,,1,1,1,1,7,9,22,0,23,18,9,30,70,1,1,1,45,55,3,61,31,0,,,,,,,10,0,80,0,3,0,2,0,2,0,4,2,35.59667972222223,139.7095086111111,7,2,,,,
1,30,222,244,2,0,1,20180,0,111,2019,11,17,10,55,12,,,,,1,1,1,1,1,9,22,0,23,15,9,20,70,5,2,1,65,55,51,61,0,0,,,,,,,0,0,10,0,4,0,0,0,0,0,4,2,35.57286527777778,139.70170249999998,1,3,,,,
1,30,222,252,2,0,1,30000,0,111,2019,11,26,20,55,22,,,,,2,1,1,1,7,1,22,0,23,14,9,30,70,4,3,1,45,35,3,61,31,0,,,,,,,2,0,10,0,3,0,2,0,2,0,4,2,35.59840361111112,139.7103461111111,3,3,,,,
1,30,325,382,2,0,1,30000,0,112,2019,11,1,9,30,12,,,,,1,1,1,1,7,9,22,0,23,11,9,30,70,4,1,1,25,75,35,61,31,0,,,,,,,10,0,10,0,3,0,0,0,0,0,4,2,35.65004805555555,139.65983555555556,6,3,,,,
1,30,325,384,2,0,1,20000,0,112,2019,11,3,23,20,22,,,,,3,1,2,14,7,0,23,0,23,4,9,1,70,4,1,1,1,1,51,61,0,0,,,,,,,0,0,10,0,3,0,0,0,0,0,4,2,35.645017777777774,139.6229352777778,1,1,,,,
1,30,325,385,2,0,1,2460,72,112,2019,11,5,10,30,12,,,,,1,1,1,14,7,0,23,0,23,6,8,1,70,1,1,1,1,45,51,61,0,0,,,,,,,0,0,10,0,3,0,0,0,0,0,4,2,35.647929166666664,139.67894444444443,3,3,,,,
1,30,325,388,2,0,1,30000,0,112,2019,11,8,18,10,22,,,,,1,1,1,1,7,1,22,0,23,15,9,30,70,5,3,1,55,45,3,61,31,0,,,,,,,2,0,10,0,3,0,2,0,2,0,4,2,35.63343138888889,139.67015166666667,6,3,,,,
1,30,325,395,2,0,1,30000,0,112,2019,7,31,23,45,22,,,,,1,1,1,1,1,9,22,0,23,15,9,30,1,4,2,1,55,35,3,61,1,0,,,,,,,10,0,40,0,4,0,2,0,2,0,4,2,35.63476138888889,139.65737555555557,4,3,,,,
1,30,325,397,2,0,1,30210,0,112,2019,11,14,18,15,22,,,,,1,1,1,1,7,9,22,0,23,14,9,30,70,4,1,1,25,1,3,61,31,0,,,,,,,3,0,10,0,3,0,2,0,2,0,4,2,35.6405575,139.6842311111111,5,3,,,,
1,30,325,399,2,0,1,2460,74,112,2019,11,15,19,32,22,,,,,1,1,1,1,1,9,22,0,23,19,9,30,70,1,2,1,45,25,4,61,31,0,,,,,,,10,0,10,0,3,0,2,0,2,0,4,2,35.647056944444444,139.67790416666665,6,3,,,,
1,30,325,400,2,0,1,10210,0,112,2019,9,30,0,7,22,,,,,2,1,1,1,1,9,22,0,23,15,9,20,70,4,2,1,45,35,14,61,31,0,,,,,,,3,0,20,0,3,0,2,0,2,0,4,2,35.640524444444445,139.64134888888887,2,3,,,,
1,30,325,405,2,0,1,2460,78,112,2019,11,14,23,50,22,,,,,1,1,1,14,7,0,23,0,23,3,9,1,70,5,2,1,1,35,51,61,0,0,,,,,,,0,0,20,0,4,0,0,0,0,0,4,2,35.64481527777778,139.67332527777776,5,3,,,,
1,30,325,409,2,0,1,30000,0,112,2019,11,22,18,35,22,,,,,3,1,2,14,7,0,23,0,23,1,8,1,70,5,3,1,1,65,51,61,0,0,,,,,,,0,0,10,0,3,0,0,0,0,0,4,2,35.650082222222224,139.67562666666666,6,2,,,,
1,30,325,414,2,0,1,30000,0,112,2019,11,25,8,16,12,,,,,2,1,1,1,7,9,22,0,23,15,9,30,70,5,2,1,55,35,13,61,31,0,,,,,,,3,0,10,0,3,0,2,0,2,0,4,2,35.64330611111111,139.64503166666665,2,3,,,,
1,30,326,338,2,0,1,30000,0,112,2019,10,31,15,35,12,,,,,1,1,1,1,7,9,22,0,23,11,8,30,70,5,4,1,55,1,14,61,31,0,,,,,,,10,0,10,0,3,0,2,0,2,0,4,2,35.656801944444446,139.6653061111111,5,3,,,,
1,30,326,349,2,0,1,30000,0,112,2019,11,5,15,45,13,,,,,1,1,1,14,7,0,23,0,23,2,9,1,70,5,3,1,1,1,3,61,31,0,,,,,,,2,0,20,0,4,0,2,0,2,0,4,2,35.663470833333335,139.64971777777777,3,3,,,,
1,30,326,356,2,0,1,30000,0,112,2019,11,22,18,15,22,,,,,3,1,2,14,7,0,23,0,23,1,9,1,1,4,3,1,65,55,3,61,31,0,,,,,,,2,0,40,0,4,0,2,0,2,0,4,2,35.64743083333333,139.64275972222222,6,2,,,,
1,30,327,466,2,0,1,30000,0,112,2019,11,12,8,39,12,,,,,1,1,1,14,7,0,23,0,23,4,9,1,70,1,2,1,1,55,33,61,31,0,,,,,,,2,0,10,0,3,0,0,0,0,0,4,2,35.61980333333334,139.66446944444445,3,3,,,,
1,30,327,470,2,0,1,30000,0,112,2019,11,15,7,55,12,,,,,1,1,1,1,1,9,22,0,23,14,9,30,70,4,2,1,35,1,3,61,31,0,,,,,,,5,0,80,0,4,0,2,0,2,0,4,2,35.61244222222222,139.63916,6,3,,,,
1,30,327,475,2,0,1,30000,0,112,2019,11,16,17,35,22,,,,,1,1,1,1,1,9,22,0,23,14,9,30,70,4,2,1,55,35,4,61,31,0,,,,,,,3,0,40,0,4,0,2,0,2,0,4,2,35.606539444444444,139.65795277777778,7,3,,,,
1,30,327,481,2,0,1,30000,0,112,2019,9,1,17,0,12,,,,,1,1,1,1,7,1,21,0,23,14,9,30,70,5,2,1,1,1,3,61,1,0,,,,,,,2,0,30,0,4,0,2,0,2,0,4,2,35.61378944444444,139.62601527777778,1,3,,,,
1,30,327,486,2,0,1,2460,118,112,2019,7,30,22,55,22,,,,,1,1,1,14,7,0,23,0,23,5,9,1,70,1,1,1,45,35,3,61,31,0,,,,,,,10,0,10,0,4,0,2,0,2,0,4,2,35.62469388888889,139.63905833333334,3,3,,,,
1,30,327,488,2,0,1,90000,0,112,2019,10,1,22,5,22,,,,,1,1,1,14,7,0,23,0,23,2,9,20,70,5,4,1,55,65,3,61,31,0,,,,,,,10,0,30,0,3,0,2,0,2,0,4,2,35.63090972222222,139.651755,3,3,,,,
1,30,327,490,2,0,1,30200,0,112,2019,11,16,4,3,22,,,,,2,1,1,14,7,0,23,0,23,3,9,1,70,4,3,1,45,25,3,61,1,0,,,,,,,10,0,50,0,3,0,2,0,2,0,4,2,35.61173527777778,139.63818027777776,7,3,,,,
1,30,327,491,2,0,1,30000,0,112,2019,11,7,17,20,21,,,,,1,1,1,14,7,0,23,0,23,3,9,1,70,4,3,1,55,35,3,61,31,0,,,,,,,2,0,40,0,4,0,2,0,2,0,4,2,35.62027888888889,139.65314916666668,5,3,,,,
1,30,328,475,2,0,1,30000,0,112,2019,8,21,21,22,22,,,,,1,1,1,14,7,0,23,0,23,2,9,1,70,5,3,1,35,1,3,61,31,0,,,,,,,10,0,20,0,3,0,2,0,2,0,4,2,35.64663111111111,139.5956461111111,4,3,,,,
1,30,328,476,2,0,1,30000,0,112,2019,9,6,18,15,21,,,,,1,1,1,1,7,9,22,0,23,11,9,30,70,4,2,1,45,75,4,61,31,0,,,,,,,10,0,10,0,3,0,2,0,2,0,4,2,35.66330611111111,139.60732833333333,6,3,,,,
1,30,328,483,2,0,1,30000,0,112,2019,10,24,6,20,11,,,,,1,1,1,14,7,0,23,0,23,3,9,1,70,5,4,1,1,0,61,0,0,0,,,,,,,0,0,0,0,0,0,0,0,0,0,2,0,35.637908333333336,139.58556666666667,5,3,,,,
1,30,328,489,2,0,1,30000,0,112,2019,11,9,15,0,12,,,,,1,1,1,1,7,1,21,0,23,15,9,30,70,4,2,1,45,65,3,61,31,0,,,,,,,3,0,10,0,3,0,2,0,2,0,4,2,35.66439583333333,139.60306,7,3,,,,
1,30,328,491,2,0,1,30000,0,112,2019,7,10,8,9,12,,,,,2,1,1,1,7,9,22,0,23,15,9,30,70,5,3,1,35,1,3,61,31,0,,,,,,,10,0,80,0,3,0,2,0,2,0,4,2,35.6416175,139.59210083333335,4,3,,,,
1,30,328,493,2,0,1,30000,0,112,2019,11,10,18,0,22,,,,,1,1,1,1,7,9,22,0,23,14,9,30,70,4,2,1,1,75,36,61,31,0,,,,,,,2,0,10,0,3,0,0,0,0,0,4,2,35.66889555555555,139.61681416666667,1,3,,,,
1,30,328,494,2,0,1,10210,0,112,2019,11,11,6,30,11,,,,,2,1,2,1,1,9,22,0,23,17,9,30,70,4,2,1,35,65,3,61,31,0,,,,,,,4,0,10,0,3,0,2,0,2,0,4,2,35.634680833333334,139.59234694444444,2,3,,,,
1,30,328,496,2,0,1,10200,0,112,2019,10,30,15,10,12,,,,,1,1,1,1,1,9,22,0,23,15,9,30,70,1,1,1,1,45,3,61,31,0,,,,,,,5,0,20,0,3,0,2,0,2,0,4,2,35.62927027777778,139.62585666666666,4,3,,,,
1,30,328,500,2,0,1,30000,0,112,2019,11,13,11,10,12,,,,,2,1,1,14,7,0,23,0,23,3,9,1,70,4,3,1,45,55,3,61,31,0,,,,,,,2,0,10,0,4,0,2,0,2,0,4,2,35.62191333333333,139.62184861111112,4,3,,,,
1,30,328,505,2,0,1,20220,0,112,2019,11,14,22,40,22,,,,,1,1,1,1,1,9,22,0,23,15,9,30,70,1,2,1,55,1,3,61,1,0,,,,,,,3,0,10,0,3,0,2,0,2,0,4,2,35.64863638888889,139.6178211111111,5,3,,,,
1,30,328,506,2,0,1,10200,0,112,2019,11,15,7,10,11,,,,,1,1,1,7,1,0,23,0,23,4,9,1,70,4,2,1,35,45,3,61,31,0,,,,,,,10,0,40,0,4,0,2,0,2,0,4,2,35.66871027777778,139.61319416666666,6,3,,,,
1,30,328,520,2,0,1,30000,0,112,2019,11,2,12,25,12,,,,,1,1,1,14,7,0,23,0,23,1,9,1,70,5,4,1,1,35,36,61,31,0,,,,,,,10,0,20,0,4,0,0,0,0,0,4,2,35.67409722222222,139.58813444444445,7,2,,,,
1,30,328,525,2,0,1,30000,0,112,2019,11,25,9,40,12,,,,,2,1,1,1,7,9,22,0,23,15,9,30,70,5,4,1,45,45,3,61,31,0,,,,,,,10,0,10,0,3,0,2,0,2,0,4,2,35.6718025,139.5892063888889,2,3,,,,
1,30,328,527,2,0,1,10210,0,112,2019,11,25,19,28,22,,,,,3,1,2,1,1,9,22,0,23,15,9,30,70,4,2,1,65,45,3,61,31,0,,,,,,,3,0,10,0,3,0,2,0,2,0,4,2,35.634770833333334,139.6125197222222,2,3,,,,
1,30,328,529,2,0,1,30000,0,112,2019,11,27,22,25,22,,,,,1,1,1,7,1,0,23,0,23,1,9,1,70,4,2,1,75,35,3,61,1,0,,,,,,,2,0,10,0,3,0,2,0,2,0,4,2,35.641862777777774,139.59727333333333,4,3,,,,
1,30,328,538,2,0,1,30000,0,112,2019,11,29,23,10,22,,,,,1,1,1,7,7,0,23,0,23,3,9,1,70,4,3,1,45,75,35,61,31,0,,,,,,,2,0,10,0,3,0,0,0,0,0,4,2,35.67073833333333,139.60451944444443,6,3,,,,
1,30,329,184,2,0,1,30000,0,110,2019,10,26,8,50,12,,,,,1,1,1,1,1,9,22,0,23,15,9,30,70,4,2,1,1,65,3,61,31,0,,,,,,,2,0,10,0,3,0,2,0,2,0,4,2,35.63147333333333,139.71084555555555,7,3,,,,
1,30,329,187,2,0,1,10160,0,110,2019,11,3,14,52,12,,,,,2,1,1,14,7,0,23,0,23,4,9,1,70,4,2,1,1,1,3,61,1,0,,,,,,,5,0,50,0,3,0,2,0,2,0,4,2,35.651332777777775,139.68915944444444,1,1,,,,
1,30,329,188,2,0,1,10080,0,110,2019,11,4,19,10,22,,,,,1,1,1,1,1,9,22,0,23,17,9,30,70,4,2,1,45,45,52,61,0,0,,,,,,,0,0,10,0,4,0,0,0,0,0,4,2,35.63117527777778,139.70311527777775,2,1,,,,
1,30,329,189,2,0,1,30000,0,110,2019,11,8,8,3,12,,,,,1,1,1,14,7,0,23,0,23,3,9,1,70,5,2,1,45,1,17,61,1,0,,,,,,,2,0,10,0,3,0,2,0,2,0,4,2,35.65435333333333,139.68397722222224,6,3,,,,
1,30,329,197,2,0,1,30000,0,110,2019,11,14,19,10,22,,,,,1,1,1,14,7,0,23,0,23,3,8,1,70,4,2,1,45,75,35,61,31,0,,,,,,,10,0,20,0,3,0,0,0,0,0,4,2,35.65301722222222,139.6890325,5,3,,,,
1,30,331,138,2,0,1,30000,0,113,2019,11,3,18,5,22,,,,,2,1,1,14,7,0,23,0,23,3,9,1,70,5,2,1,45,1,3,61,1,0,,,,,,,2,0,10,0,4,0,2,0,2,0,4,2,35.66240111111111,139.69693111111113,1,1,,,,
1,30,331,140,2,0,1,10650,0,110,2019,11,2,21,0,22,,,,,1,1,1,7,1,0,23,0,23,3,9,1,70,1,2,1,45,25,51,61,0,0,,,,,,,0,0,20,0,4,0,0,0,0,0,4,2,35.65407861111111,139.69301027777777,7,2,,,,
1,30,331,141,2,0,1,20240,0,113,2019,10,17,17,3,21,,,,,2,1,2,1,1,9,22,0,23,15,9,30,70,1,1,1,65,45,14,61,31,0,,,,,,,3,0,10,0,4,0,2,0,2,0,4,2,35.64815027777778,139.7099597222222,5,3,,,,
1,30,332,98,2,0,1,10090,0,113,2019,11,8,0,40,22,,,,,1,1,1,1,1,9,22,0,23,19,9,30,70,5,2,1,35,25,31,61,31,0,,,,,,,4,0,10,0,3,0,0,0,0,0,4,2,35.668301944444444,139.70528305555555,6,3,,,,
1,30,332,99,2,0,1,95000,0,113,2019,10,25,23,20,22,,,,,2,1,1,14,7,0,23,0,23,2,9,20,70,5,1,1,45,25,3,61,1,0,,,,,,,2,0,50,0,4,0,2,0,2,0,4,2,35.68481694444444,139.69876222222223,6,3,,,,
1,30,332,103,2,0,1,10090,0,113,2019,5,27,15,40,12,,,,,1,1,1,1,1,9,22,0,23,19,9,20,70,4,2,1,35,75,59,61,0,0,,,,,,,0,0,10,0,4,0,0,0,0,0,4,2,35.674530555555556,139.70733055555556,2,3,,,,
1,30,333,208,2,0,1,30000,0,113,2019,11,8,19,55,22,,,,,1,1,1,1,1,9,22,0,23,18,9,30,70,5,1,1,25,45,51,61,0,0,,,,,,,0,0,40,0,4,0,0,0,0,0,4,2,35.66348305555555,139.69545611111113,6,3,,,,
1,30,435,118,1,1,0,10120,0,104,2019,11,19,1,50,22,,,,,3,1,2,1,8,9,22,0,23,15,9,30,70,5,1,1,55,75,3,61,1,0,,,,,,,3,0,10,0,3,0,2,0,2,0,4,1,35.6959375,139.72501083333333,3,3,,,,
1,30,435,122,2,0,1,10050,0,104,2019,11,11,19,18,22,,,,,1,1,1,1,1,9,22,0,23,17,9,30,70,4,1,1,1,25,51,61,0,0,,,,,,,0,0,10,0,3,0,0,0,0,0,4,2,35.69173333333333,139.71906694444445,2,3,,,,
1,30,435,125,2,0,1,10120,0,104,2019,10,2,12,55,12,,,,,1,1,1,14,7,0,23,0,23,4,9,1,70,4,1,1,55,65,51,61,0,0,,,,,,,0,0,10,0,3,0,0,0,0,0,4,2,35.69913916666666,139.72595666666666,4,3,,,,
1,30,435,126,2,0,1,20290,0,104,2019,11,15,17,0,21,,,,,1,1,1,1,1,9,22,0,23,14,9,30,70,4,1,1,55,65,3,61,1,0,,,,,,,3,0,10,0,4,0,2,0,2,0,4,2,35.701415833333336,139.7140936111111,6,3,,,,
1,30,436,243,2,0,1,20290,0,104,2018,12,8,15,5,12,,,,,1,1,1,1,1,9,22,0,23,15,9,30,70,4,2,1,35,55,13,61,31,0,,,,,,,3,0,40,0,4,0,2,0,2,0,4,2,35.70139833333334,139.7006925,7,3,,,,
1,30,436,244,2,0,1,10090,0,104,2019,10,19,11,10,12,,,,,1,1,1,14,7,0,23,0,23,1,9,20,70,5,2,1,1,65,51,61,0,0,,,,,,,0,0,10,0,4,0,0,0,0,0,4,2,35.698881388888886,139.71028305555555,7,3,,,,
1,30,436,256,2,0,1,20320,0,104,2019,9,16,4,45,23,,,,,3,1,2,1,1,9,22,0,23,18,9,30,70,4,2,1,65,65,3,61,1,0,,,,,,,4,0,10,0,3,0,2,0,2,0,4,2,35.68646611111111,139.68934222222222,2,1,,,,
1,30,436,257,2,0,1,10050,0,104,2019,8,23,18,34,21,,,,,2,1,1,1,1,9,22,0,23,18,9,30,70,1,2,1,55,35,34,61,31,0,,,,,,,5,0,10,0,3,0,0,0,0,0,4,2,35.69333194444444,139.70229638888887,6,3,,,,
1,30,436,258,2,0,1,20000,0,104,2019,11,16,0,25,22,,,,,1,1,1,1,1,9,22,0,23,19,9,30,70,1,2,1,65,25,3,61,1,0,,,,,,,5,0,50,0,3,0,2,0,2,0,4,2,35.691851944444444,139.69001583333335,7,3,,,,
1,30,436,263,2,0,1,30000,0,104,2019,11,22,13,35,12,,,,,3,1,2,1,7,9,22,0,23,15,3,30,70,4,1,1,45,55,3,61,1,0,,,,,,,10,0,10,0,3,0,2,0,2,0,4,2,35.69275138888889,139.69213333333335,6,2,,,,
1,30,436,265,2,0,1,30000,0,104,2019,11,11,1,20,22,,,,,1,1,1,1,7,9,22,0,23,15,9,30,70,5,3,1,35,25,3,61,31,0,,,,,,,10,0,40,0,4,0,2,0,2,0,4,2,35.69449472222222,139.7012472222222,2,3,,,,
1,30,436,266,2,0,1,20330,0,104,2019,11,22,19,35,22,,,,,3,1,2,1,1,9,22,0,23,19,9,30,70,4,1,1,65,25,3,61,1,0,,,,,,,4,0,10,0,4,0,2,0,2,0,4,2,35.68637944444444,139.68959138888889,6,2,,,,
1,30,436,268,2,0,1,10090,0,104,2019,11,28,18,50,22,,,,,2,1,2,1,1,9,22,0,23,15,9,30,70,1,1,1,25,25,4,61,31,0,,,,,,,4,0,40,0,3,0,2,0,2,0,4,2,35.694849166666664,139.7066372222222,5,3,,,,
1,30,436,270,2,0,1,30000,0,104,2019,11,14,19,0,22,,,,,1,1,1,1,7,9,21,0,23,11,9,30,70,5,3,1,65,35,3,61,31,0,,,,,,,2,0,20,0,4,0,2,0,2,0,4,2,35.70885222222223,139.69390166666668,5,3,,,,
1,30,437,85,2,0,1,10090,0,104,2019,11,5,13,8,12,,,,,1,1,1,1,1,9,22,0,23,15,9,30,70,4,2,1,45,1,3,61,31,0,,,,,,,4,0,40,0,4,0,2,0,2,0,4,2,35.708310833333336,139.70916,3,3,,,,
1,30,437,91,2,0,1,30000,0,104,2019,10,20,11,50,12,,,,,1,1,1,14,7,0,23,0,23,1,8,1,70,5,4,1,35,45,52,61,0,0,,,,,,,0,0,20,0,3,0,0,0,0,0,4,2,35.71205166666667,139.70675805555555,1,3,,,,
1,30,437,93,2,0,1,10160,0,104,2019,11,29,5,20,22,,,,,1,1,1,7,1,0,23,0,23,5,8,1,70,1,1,1,45,45,14,61,31,0,,,,,,,3,0,11,0,2,0,2,0,2,0,4,2,35.716212777777784,139.68740055555557,6,3,,,,
1,30,438,153,2,0,1,30000,0,104,2019,6,26,10,36,12,,,,,1,1,1,14,7,0,23,0,23,2,8,1,70,5,4,1,35,25,14,61,1,0,,,,,,,10,0,10,0,4,0,2,0,2,0,4,2,35.69118222222222,139.72316305555555,4,3,,,,
1,30,438,160,2,0,1,10120,0,104,2019,11,16,10,40,12,,,,,1,1,1,1,1,9,22,0,23,19,9,30,70,1,2,1,65,1,3,61,31,0,,,,,,,4,0,20,0,3,0,2,0,2,0,4,2,35.6929075,139.72383916666666,7,3,,,,
1,30,438,164,2,0,1,95000,0,104,2019,11,24,0,15,22,,,,,3,1,2,1,1,9,22,0,23,18,9,30,70,5,2,1,55,45,3,61,1,0,,,,,,,3,0,10,0,3,0,2,0,2,0,4,2,35.68834388888889,139.71192722222222,1,3,,,,
1,30,438,165,2,0,1,95000,0,104,2019,11,24,2,15,22,,,,,3,1,2,7,1,0,23,0,23,3,9,1,70,1,2,1,45,25,3,61,1,0,,,,,,,5,0,10,0,3,0,2,0,2,0,4,2,35.687869166666665,139.72007055555557,1,3,,,,
1,30,439,292,2,0,2,30000,0,114,2019,11,12,18,50,22,,,,,1,1,1,14,7,0,23,0,23,3,9,1,70,5,2,1,1,1,51,61,0,0,,,,,,,0,0,10,0,3,0,0,0,0,0,2,2,35.70524944444445,139.66913083333333,3,3,,,,
1,30,439,293,2,0,1,20290,0,114,2019,11,13,15,1,12,,,,,2,1,1,1,1,9,22,0,23,14,9,30,70,4,1,1,35,1,14,61,1,0,,,,,,,3,0,10,0,3,0,2,0,2,0,4,2,35.70196,139.67567888888888,4,3,,,,
1,30,439,295,2,0,1,20280,0,114,2019,11,14,12,55,12,,,,,1,1,1,14,1,0,23,0,23,5,9,1,70,4,1,1,1,45,51,61,0,0,,,,,,,0,0,10,0,4,0,0,0,0,0,4,2,35.70615305555556,139.66544916666666,5,3,,,,
1,30,439,297,2,0,1,10230,0,114,2019,11,16,9,9,12,,,,,1,1,1,14,7,0,23,0,23,4,9,1,70,5,2,1,35,75,51,61,0,0,,,,,,,0,0,10,0,3,0,0,0,0,0,4,2,35.68741833333333,139.6773961111111,7,3,,,,
1,30,439,298,2,0,1,10240,0,114,2019,11,16,11,30,12,,,,,1,1,1,1,1,9,22,0,23,18,9,30,70,4,2,1,25,55,51,61,0,0,,,,,,,0,0,10,0,2,0,0,0,0,0,4,2,35.69748694444444,139.6644713888889,7,3,,,,
1,30,439,309,2,0,1,20280,0,114,2019,11,8,7,35,12,,,,,1,1,2,14,7,0,23,0,23,4,9,1,70,4,2,1,55,45,3,61,1,0,,,,,,,3,0,40,0,3,0,2,0,2,0,4,2,35.706093333333335,139.665415,6,3,,,,
1,30,439,311,2,0,1,30000,0,114,2019,11,25,14,20,12,,,,,1,1,1,14,7,0,23,0,23,3,9,1,70,5,3,1,55,1,51,61,0,0,,,,,,,0,0,10,0,3,0,0,0,0,0,2,4,35.701415555555556,139.6768411111111,2,3,,,,
1,30,439,312,2,0,1,30000,0,114,2019,11,23,18,40,22,,,,,3,1,2,14,7,0,23,0,23,1,9,1,70,5,3,1,45,25,13,61,31,0,,,,,,,2,0,10,0,3,0,2,0,2,0,4,2,35.68368361111111,139.67164694444443,7,1,,,,
1,30,440,265,2,0,1,30000,0,114,2019,11,1,5,25,23,,,,,1,1,1,1,7,9,22,0,23,11,9,30,70,5,3,1,35,35,36,61,31,0,,,,,,,1,0,10,0,3,0,0,0,0,0,4,2,35.72121638888889,139.6378472222222,6,3,,,,
1,30,440,277,2,0,1,30000,0,114,2019,11,12,11,0,12,,,,,1,1,1,14,7,0,23,0,23,3,9,1,1,4,2,1,45,35,17,61,1,0,,,,,,,3,0,40,0,3,0,2,0,2,0,4,2,35.73070916666667,139.67442777777777,3,3,,,,
1,30,440,288,2,0,1,10220,0,114,2019,11,22,14,56,12,,,,,3,1,2,1,1,9,22,0,23,18,9,30,70,5,1,1,35,1,3,61,31,0,,,,,,,3,0,80,0,3,0,2,0,2,0,4,2,35.70973583333333,139.65445305555556,6,2,,,,
1,30,440,290,2,0,1,30000,0,114,2019,11,8,14,20,12,,,,,1,1,1,14,7,0,23,0,23,2,9,1,70,5,4,1,1,65,3,61,31,0,,,,,,,10,0,40,0,3,0,2,0,2,0,4,2,35.71822277777778,139.6543536111111,6,3,,,,
1,30,441,301,2,0,1,30000,0,115,2019,11,14,13,19,12,,,,,1,1,1,1,7,9,22,0,23,11,9,20,70,5,3,1,25,25,13,61,31,0,,,,,,,1,0,40,0,3,0,2,0,2,0,4,2,35.70030305555556,139.64619666666667,5,3,,,,
1,30,441,310,2,0,1,20500,0,115,2019,11,23,17,0,21,,,,,3,1,2,1,1,9,22,0,23,14,9,30,70,5,1,1,55,75,51,61,0,0,,,,,,,0,0,10,0,4,0,0,0,0,0,4,2,35.70514027777778,139.63669166666665,7,1,,,,
1,30,441,313,2,0,1,10240,0,115,2019,11,26,18,55,22,,,,,2,1,1,1,1,9,22,0,23,18,9,30,70,4,2,1,45,55,51,61,0,0,,,,,,,0,0,0,0,4,0,0,0,0,0,4,2,35.69806472222222,139.6582813888889,3,3,,,,
1,30,441,314,2,0,1,30000,0,115,2019,11,27,22,0,22,,,,,2,1,1,14,7,0,23,0,23,3,9,1,70,5,3,1,35,1,51,61,0,0,,,,,,,0,0,10,0,4,0,0,0,0,0,4,2,35.687463611111106,139.64154527777777,4,3,,,,
1,30,441,315,2,0,1,10240,0,115,2019,11,23,20,15,22,,,,,3,1,2,14,7,0,23,0,23,2,9,1,70,5,1,1,65,1,51,61,0,0,,,,,,,0,0,20,0,4,0,0,0,0,0,4,2,35.7036625,139.62679805555555,7,1,,,,
1,30,441,317,2,0,1,30000,0,115,2019,11,26,16,55,21,,,,,2,1,1,1,1,9,22,0,23,15,9,30,70,4,2,1,75,55,4,61,31,0,,,,,,,3,0,80,0,3,0,2,0,2,0,4,2,35.690261666666665,139.664655,3,3,,,,
1,30,441,319,2,0,1,20500,0,115,2019,10,26,10,50,12,,,,,1,1,1,1,1,1,22,0,23,15,9,30,70,4,2,1,75,75,3,61,31,0,,,,,,,10,0,10,0,4,0,2,0,2,0,4,2,35.70421916666667,139.6367097222222,7,3,,,,
1,30,442,359,2,0,1,30000,0,115,2019,11,2,16,20,13,,,,,1,1,1,14,7,0,23,0,23,2,9,1,70,5,3,1,45,45,3,61,31,0,,,,,,,1,0,40,0,3,0,2,0,2,0,4,2,35.690348611111105,139.6089986111111,7,2,,,,
1,30,442,373,2,0,1,30000,0,115,2019,11,24,13,20,12,,,,,2,1,1,1,1,1,21,0,23,14,9,30,70,4,1,1,65,25,3,61,31,0,,,,,,,2,0,10,0,3,0,2,0,2,0,4,2,35.687911944444444,139.60247694444445,1,3,,,,
1,30,442,376,2,0,1,20000,0,115,2019,11,27,5,45,23,,,,,1,1,2,1,1,9,22,0,23,14,9,30,70,5,2,1,45,75,17,61,31,0,,,,,,,10,0,10,0,4,0,2,0,2,0,4,2,35.684847777777776,139.59571,4,3,,,,
1,30,443,256,2,0,2,10220,0,115,2019,11,5,15,35,12,,,,,1,1,1,14,7,0,23,0,23,4,9,1,70,4,1,1,65,1,51,61,0,0,,,,,,,0,0,40,0,3,0,0,0,0,0,2,2,35.715629166666666,139.6298727777778,3,3,,,,