資料区分,都道府県コード,警察署等コード,本票番号,事故内容,死者数,負傷者数,路線コード,地点コード,市区町村コード,発生日時　　年,発生日時　　月,発生日時　　日,発生日時　　時,発生日時　　分,昼夜,日の出時刻　　時,日の出時刻　　分,日の入り時刻　　時,日の入り時刻　　分,天候,地形,路面状態,道路形状,信号機,一時停止規制　標識（当事者A）,一時停止規制　表示（当事者A）,一時停止規制　標識（当事者B）,一時停止規制　表示（当事者B）,車道幅員,道路線形,衝突地点,ゾーン規制,中央分離帯施設等,歩車道区分,事故類型,年齢（当事者A）,年齢（当事者B）,当事者種別（当事者A）,当事者種別（当事者B）,用途別（当事者A）,用途別（当事者B）,車両形状等（当事者A）,車両形状等（当事者B）,オートマチック車（当事者A）,オートマチック車（当事者B）,サポカー（当事者A）,サポカー（当事者B）,速度規制（指定のみ）（当事者A）,速度規制（指定のみ）（当事者B）,車両の衝突部位（当事者A）,車両の衝突部位（当事者B）,車両の損壊程度（当事者A）,車両の損壊程度（当事者B）,エアバッグの装備（当事者A）,エアバッグの装備（当事者B）,サイドエアバッグの装備（当事者A）,サイドエアバッグの装備（当事者B）,人身損傷程度（当事者A）,人身損傷程度（当事者B）,lat,lon,曜日(発生年月日),祝日(発生年月日),認知機能検査経過日数（当事者A）,認知機能検査経過日数（当事者B）,運転練習の方法（当事者A）,運転練習の方法（当事者B）
1,30,443,259,2,0,1,30000,0,115,2019,11,14,13,20,12,,,,,1,1,1,14,7,0,23,0,23,3,9,1,70,4,1,1,25,75,51,61,0,0,,,,,,,0,0,10,0,3,0,0,0,0,0,4,2,35.70939166666667,139.61126416666667,5,3,,,,
1,30,443,265,2,0,1,10240,0,115,2019,11,20,6,17,23,,,,,1,1,1,1,7,0,23,0,23,17,9,30,70,5,1,1,25,0,61,0,0,0,,,,,,,0,0,0,0,0,0,0,0,0,0,2,0,35.705083611111114,139.62342083333334,4,3,,,,
1,30,443,267,2,0,1,10200,0,115,2019,11,28,1,38,22,,,,,3,1,2,14,7,0,23,0,23,5,9,1,70,1,2,1,65,35,3,61,1,0,,,,,,,5,0,10,0,3,0,2,0,2,0,4,2,35.69775305555555,139.61762166666668,5,3,,,,
1,30,443,270,2,0,1,30000,0,115,2019,11,28,14,0,12,,,,,3,1,2,14,7,0,23,0,23,3,9,1,70,5,2,1,65,55,3,61,31,0,,,,,,,5,0,10,0,4,0,2,0,2,0,4,2,35.70469222222223,139.62231222222223,5,3,,,,
1,30,545,98,2,0,1,20000,0,105,2019,9,19,7,44,12,,,,,1,1,1,1,1,0,23,0,23,15,9,30,70,1,1,1,1,0,61,0,0,0,,,,,,,0,0,0,0,0,0,0,0,0,0,2,0,35.71983388888889,139.75168416666668,5,3,,,,
1,30,545,104,2,0,1,30000,0,105,2019,11,26,17,30,22,,,,,2,1,1,14,1,0,23,0,23,2,9,1,70,4,2,1,1,55,35,61,31,0,,,,,,,5,0,10,0,3,0,0,0,0,0,4,2,35.719034722222226,139.74878305555555,3,3,,,,
1,30,546,99,2,0,1,30000,0,105,2019,11,19,11,20,12,,,,,1,1,1,14,1,0,23,0,23,3,9,1,70,4,1,1,55,75,52,61,0,0,,,,,,,0,0,20,0,4,0,0,0,0,0,4,2,35.71074527777778,139.73773638888886,3,3,,,,
1,30,547,67,2,0,1,20390,0,105,2019,11,11,16,55,21,,,,,3,1,2,1,1,9,22,0,23,17,9,30,70,4,2,1,45,65,3,61,31,0,,,,,,,4,0,10,0,3,0,2,0,2,0,4,2,35.707435833333335,139.76516694444445,2,3,,,,
1,30,547,73,2,0,1,20090,0,105,2019,11,14,17,25,21,,,,,1,1,1,14,7,0,23,0,23,1,9,1,70,4,2,1,55,35,34,61,31,0,,,,,,,4,0,10,0,2,0,0,0,0,0,4,2,35.70197888888889,139.75729916666666,5,3,,,,
1,30,548,80,2,0,1,20400,0,105,2019,11,21,11,10,12,,,,,1,1,1,1,1,9,22,0,23,18,9,30,70,4,1,1,75,65,36,61,31,0,,,,,,,2,0,10,0,3,0,0,0,0,0,4,2,35.724725,139.75385555555556,5,3,,,,
1,30,549,132,2,0,1,170,70,116,2019,11,7,9,13,12,,,,,1,1,1,14,7,0,23,0,23,6,9,1,70,1,2,1,1,35,51,61,0,0,,,,,,,0,0,10,0,4,0,0,0,0,0,4,2,35.73419666666667,139.73733305555555,5,3,,,,
1,30,550,193,2,0,1,30000,0,116,2019,11,2,22,35,22,,,,,1,1,1,7,7,0,23,0,23,3,9,1,70,4,1,1,45,55,51,61,0,0,,,,,,,0,0,10,0,3,0,0,0,0,0,4,2,35.73455861111111,139.71042305555554,7,2,,,,
1,30,550,195,2,0,1,95000,0,116,2019,11,6,1,20,22,,,,,1,1,1,1,7,9,22,0,23,14,9,30,70,5,2,1,75,1,3,61,1,0,,,,,,,5,0,50,0,3,0,2,0,2,0,4,2,35.73366222222222,139.70868888888887,4,3,,,,
1,30,550,196,2,0,1,2540,59,116,2019,11,8,10,5,12,,,,,1,1,1,14,1,0,23,0,23,6,9,1,70,1,1,1,1,1,51,61,0,0,,,,,,,0,0,10,0,3,0,0,0,0,0,4,2,35.73839138888889,139.71190777777775,6,3,,,,
1,30,550,199,2,0,1,20000,0,116,2019,11,13,9,8,12,,,,,2,1,1,14,7,0,23,0,23,6,9,1,70,1,1,1,1,55,51,61,0,0,,,,,,,0,0,10,0,3,0,0,0,0,0,4,2,35.72818638888889,139.716835,4,3,,,,
1,30,550,200,2,0,1,30000,0,116,2019,11,7,12,25,12,,,,,1,1,1,14,7,0,23,0,23,1,9,1,70,5,2,1,45,25,14,61,31,0,,,,,,,10,0,20,0,3,0,2,0,2,0,4,2,35.731499166666666,139.71530666666666,5,3,,,,
1,30,550,210,2,0,1,2540,0,116,2019,11,20,14,10,12,,,,,1,1,1,14,7,0,23,0,23,5,9,1,70,1,1,1,65,35,3,61,31,0,,,,,,,10,0,20,0,3,0,2,0,2,0,4,2,35.72921527777778,139.71672777777778,4,3,,,,
1,30,551,138,2,0,1,20380,0,116,2019,8,10,5,15,11,,,,,1,1,1,1,1,9,22,0,23,17,9,30,70,4,2,1,45,25,17,61,1,0,,,,,,,4,0,10,0,3,0,2,0,2,0,4,2,35.72521166666667,139.72026694444443,7,2,,,,
1,30,551,140,2,0,1,30000,0,116,2019,11,1,7,55,12,,,,,1,1,1,13,7,0,23,0,23,1,3,1,70,5,3,1,35,25,13,61,31,0,,,,,,,10,0,80,0,3,0,2,0,2,0,4,2,35.7199,139.7228875,6,3,,,,
1,30,551,141,2,0,1,30000,0,116,2019,11,1,14,34,12,,,,,1,1,1,11,7,0,23,0,23,2,9,1,1,5,3,1,25,1,14,61,31,0,,,,,,,2,0,10,0,3,0,2,0,2,0,4,2,35.73264833333334,139.6851388888889,6,3,,,,
1,30,551,143,2,0,1,30000,0,116,2019,11,4,11,50,12,,,,,1,1,1,14,7,0,23,0,23,3,9,1,70,4,3,1,45,55,3,61,1,0,,,,,,,10,0,80,0,4,0,2,0,2,0,4,2,35.71939694444445,139.71527694444444,2,1,,,,
1,30,551,156,2,0,1,30000,0,116,2019,11,18,13,30,12,,,,,1,1,1,14,7,0,23,0,23,2,9,1,70,5,3,1,45,25,3,61,31,0,,,,,,,10,0,40,0,4,0,2,0,2,0,4,2,35.72805805555556,139.69323666666668,2,3,,,,
1,30,552,157,2,0,1,10090,0,117,2019,11,16,12,40,12,,,,,1,1,1,14,7,0,23,0,23,5,9,20,70,5,1,1,55,75,1,61,1,0,,,,,,,4,0,10,0,4,0,2,0,2,0,4,2,35.739485555555554,139.7681638888889,7,3,,,,
1,30,552,162,2,0,1,30000,0,117,2019,11,22,15,53,13,,,,,3,1,2,1,7,9,22,0,23,14,9,30,70,5,1,1,55,1,14,61,31,0,,,,,,,2,0,10,0,3,0,2,0,2,0,4,2,35.73734833333334,139.75062583333334,6,2,,,,
1,30,552,164,2,0,1,30000,0,117,2019,11,19,9,45,12,,,,,1,1,1,1,7,9,22,0,23,11,9,30,70,5,4,1,55,65,3,61,31,0,,,,,,,10,0,50,0,3,0,2,0,2,0,4,2,35.74711583333333,139.73257694444445,3,3,,,,
1,30,553,103,2,0,1,30000,0,117,2019,11,5,10,55,12,,,,,1,1,1,14,7,0,23,0,23,2,9,20,70,5,4,1,75,75,14,61,31,0,,,,,,,1,0,20,0,3,0,2,0,2,0,4,2,35.76052472222222,139.72992166666666,3,3,,,,
1,30,553,104,2,0,1,30000,0,117,2019,11,7,11,20,12,,,,,1,1,1,1,1,9,22,0,23,14,9,30,70,4,1,1,45,55,13,61,31,0,,,,,,,3,0,10,0,3,0,2,0,2,0,4,2,35.75291277777778,139.7350886111111,5,3,,,,
1,30,553,108,2,0,1,30000,0,117,2019,11,19,17,35,22,,,,,1,1,1,1,1,9,22,0,23,15,9,30,70,4,1,1,65,65,36,61,31,0,,,,,,,10,0,40,0,3,0,0,0,0,0,4,2,35.753099166666665,139.7302936111111,3,3,,,,
1,30,553,111,2,0,1,30000,0,117,2019,11,14,15,10,12,,,,,1,1,1,7,1,0,23,0,23,1,9,1,70,5,2,1,65,75,51,61,0,0,,,,,,,0,0,40,0,4,0,0,0,0,0,4,2,35.759639444444446,139.74525666666665,5,3,,,,
1,30,553,114,2,0,1,30000,0,117,2019,11,27,15,20,12,,,,,2,1,1,1,7,1,22,0,23,14,9,30,70,4,1,1,65,75,3,61,31,0,,,,,,,3,0,20,0,3,0,2,0,2,0,4,2,35.753213333333335,139.7311325,4,3,,,,
1,30,554,151,2,0,1,30000,0,117,2019,11,5,4,55,22,,,,,1,1,1,1,1,9,22,0,23,14,9,30,70,5,1,1,45,55,3,61,31,0,,,,,,,10,0,10,0,3,0,2,0,2,0,4,2,35.77155722222222,139.7216963888889,3,3,,,,
1,30,554,157,2,0,1,30000,0,117,2019,11,20,17,30,21,,,,,1,1,1,1,7,9,22,0,23,14,9,30,70,4,1,1,45,65,3,61,31,0,,,,,,,10,0,10,0,3,0,2,0,2,0,4,2,35.786366944444445,139.7092561111111,4,3,,,,
1,30,554,159,2,0,1,30000,0,117,2019,11,22,22,5,22,,,,,3,1,2,14,7,0,23,0,23,3,9,1,70,5,3,1,1,45,51,61,0,0,,,,,,,0,0,10,0,4,0,0,0,0,0,4,2,35.78025861111111,139.72218805555556,6,2,,,,
1,30,554,160,2,0,1,30000,0,117,2019,11,23,16,45,21,,,,,3,1,2,1,7,9,22,0,23,15,9,30,70,4,1,1,65,65,4,61,31,0,,,,,,,2,0,10,0,3,0,2,0,2,0,4,2,35.77357722222222,139.72713861111112,7,1,,,,
1,30,555,355,2,0,1,170,93,119,2019,10,14,16,30,13,,,,,3,1,2,1,8,9,22,0,23,18,9,30,70,1,1,1,55,35,3,61,1,0,,,,,,,5,0,80,0,4,0,2,0,2,0,4,2,35.748936111111114,139.71976944444444,2,1,,,,
1,30,555,359,2,0,1,10130,0,119,2019,11,8,8,19,12,,,,,1,1,1,14,1,0,23,0,23,6,9,1,70,1,1,1,45,75,35,61,31,0,,,,,,,10,0,10,0,3,0,0,0,0,0,4,2,35.75580027777778,139.6888988888889,6,3,,,,
1,30,555,367,2,0,1,30760,0,119,2019,11,11,5,45,23,,,,,3,1,2,14,7,0,23,0,23,3,9,1,70,4,4,1,35,45,3,61,31,0,,,,,,,2,0,40,0,3,0,2,0,2,0,4,2,35.76475638888889,139.68070333333333,2,3,,,,
1,30,555,384,2,0,1,30760,0,119,2019,10,4,13,20,12,,,,,1,1,1,14,7,0,23,0,23,3,9,20,1,5,2,1,25,75,51,61,0,0,,,,,,,0,0,10,0,4,0,0,0,0,0,4,2,35.76575972222222,139.67687305555555,6,3,,,,
1,30,556,230,2,0,1,30000,0,119,2019,9,11,21,30,22,,,,,2,1,2,14,7,0,23,0,23,1,9,1,1,5,3,1,55,0,61,0,0,0,,,,,,,0,0,0,0,0,0,0,0,0,0,2,0,35.77015222222222,139.7030661111111,4,3,,,,
1,30,556,232,2,0,1,30000,0,119,2019,10,19,18,40,22,,,,,2,1,5,1,1,9,22,0,23,14,9,30,70,5,2,1,65,65,3,61,31,0,,,,,,,10,0,50,0,3,0,2,0,2,0,4,2,35.781120277777774,139.6879425,7,3,,,,
1,30,556,237,2,0,1,30000,0,119,2019,11,7,17,5,21,,,,,1,1,1,1,1,9,22,0,23,15,9,30,70,4,3,1,35,55,17,61,31,0,,,,,,,2,0,10,0,3,0,2,0,2,0,4,2,35.77402111111111,139.69388444444445,5,3,,,,
1,30,556,242,2,0,1,20470,0,119,2019,8,3,19,45,22,,,,,1,1,1,1,1,9,22,0,23,18,9,30,70,1,2,1,1,55,51,61,0,0,,,,,,,0,0,10,0,4,0,0,0,0,0,4,2,35.769774166666664,139.6953988888889,7,3,,,,
1,30,556,247,2,0,1,30000,0,119,2019,11,15,10,50,12,,,,,1,1,1,1,1,9,22,0,23,15,9,30,70,4,1,1,65,75,51,61,0,0,,,,,,,0,0,10,0,3,0,0,0,0,0,4,2,35.77627111111111,139.69288277777778,6,3,,,,
1,30,556,249,2,0,1,30000,0,119,2019,11,17,17,0,21,,,,,1,1,1,1,7,1,21,0,23,15,8,30,70,5,3,1,35,65,3,61,31,0,,,,,,,10,0,10,0,3,0,2,0,2,0,4,2,35.76893861111111,139.6951322222222,1,3,,,,
1,30,556,250,2,0,1,30000,0,119,2019,11,19,19,45,22,,,,,1,1,1,1,7,9,22,0,23,11,9,30,70,4,2,1,35,55,34,61,31,0,,,,,,,2,0,10,0,4,0,0,0,0,0,4,2,35.763600555555556,139.6879138888889,3,3,,,,
1,30,556,254,2,0,1,30000,0,119,2019,11,22,11,16,12,,,,,2,1,2,1,7,6,21,0,23,15,9,30,1,4,3,1,25,35,14,61,31,0,,,,,,,2,0,50,0,3,0,2,0,2,0,4,2,35.774920277777774,139.69545416666668,6,2,,,,
1,30,556,255,2,0,1,30000,0,119,2019,11,22,16,10,13,,,,,3,1,2,1,1,9,22,0,23,15,9,30,70,4,2,1,65,55,14,61,1,0,,,,,,,3,0,10,0,3,0,2,0,2,0,4,2,35.769908055555554,139.69088805555555,6,2,,,,
1,30,556,256,2,0,1,170,157,119,2019,11,22,22,20,22,,,,,3,1,2,1,1,9,22,0,23,18,9,30,70,4,2,1,35,55,4,61,31,0,,,,,,,3,0,10,0,3,0,2,0,2,0,4,2,35.793749444444444,139.685515,6,2,,,,
1,30,556,257,2,0,1,30000,0,119,2019,11,23,10,35,12,,,,,3,1,2,1,1,9,22,0,23,14,9,30,70,4,3,1,75,75,3,61,31,0,,,,,,,2,0,10,0,3,0,2,0,2,0,4,2,35.76880611111111,139.67637277777777,7,1,,,,
1,30,556,260,2,0,1,30000,0,119,2019,11,25,7,40,12,,,,,2,1,2,14,7,0,23,0,23,3,9,1,70,5,1,1,65,55,3,61,31,0,,,,,,,10,0,30,0,3,0,2,0,2,0,4,2,35.79483638888889,139.68499416666668,2,3,,,,
1,30,556,261,2,0,1,10200,0,119,2019,11,28,17,48,22,,,,,3,1,2,1,1,9,22,0,23,18,9,30,70,1,2,1,25,75,3,61,31,0,,,,,,,5,0,20,0,3,0,2,0,2,0,4,2,35.78084916666666,139.69651055555556,5,3,,,,
1,30,557,302,2,0,1,10130,0,120,2019,9,5,22,55,22,,,,,2,1,1,1,1,9,22,0,23,18,9,30,70,1,2,1,75,25,3,61,1,0,,,,,,,4,0,10,0,3,0,2,0,2,0,4,2,35.73000305555556,139.65710444444446,5,3,,,,
1,30,557,309,2,0,1,30000,0,120,2019,11,3,17,40,21,,,,,2,1,1,14,7,0,23,0,23,3,9,1,70,4,2,1,75,75,3,61,31,0,,,,,,,3,0,10,0,3,0,2,0,2,0,4,2,35.74182805555556,139.6490436111111,1,1,,,,
1,30,557,311,2,0,1,30000,0,120,2019,11,12,12,50,12,,,,,1,1,1,14,7,0,23,0,23,2,9,1,70,5,3,1,55,75,51,61,0,0,,,,,,,0,0,10,0,3,0,0,0,0,0,4,2,35.75203444444445,139.66008416666668,3,3,,,,
1,30,557,322,2,0,1,20430,0,120,2019,11,24,19,30,22,,,,,1,1,1,14,1,0,23,0,23,3,9,1,70,1,2,1,35,55,51,61,0,0,,,,,,,0,0,40,0,3,0,0,0,0,0,4,2,35.739022500000004,139.64086944444443,1,3,,,,
1,30,558,337,2,0,1,30000,0,120,2019,11,10,13,10,12,,,,,1,1,1,1,7,1,21,0,23,14,9,30,70,4,1,1,55,45,3,61,31,0,,,,,,,3,0,10,0,4,0,2,0,2,0,4,2,35.75011222222222,139.58760055555555,1,3,,,,
1,30,558,341,2,0,1,30000,0,120,2019,11,12,17,25,21,,,,,1,1,1,1,7,1,21,0,23,14,9,30,70,5,3,1,45,35,4,61,31,0,,,,,,,2,0,50,0,4,0,2,0,2,0,4,2,35.768008333333334,139.60397194444445,3,3,,,,
1,30,558,346,2,0,1,30000,0,120,2019,11,19,10,55,12,,,,,1,1,1,1,7,9,22,0,23,11,9,30,70,5,3,1,75,45,3,61,1,0,,,,,,,2,0,40,0,4,0,2,0,2,0,4,2,35.76907333333333,139.61046444444443,3,3,,,,
1,30,559,204,2,0,1,30000,0,119,2019,11,18,7,25,12,,,,,2,1,1,7,7,0,23,0,23,2,9,1,70,5,2,1,45,25,3,61,31,0,,,,,,,10,0,10,0,3,0,2,0,2,0,4,2,35.77540611111111,139.63506999999998,2,3,,,,
1,30,559,208,2,0,1,30000,0,119,2019,11,26,15,15,12,,,,,2,1,1,14,7,0,23,0,23,3,9,1,70,5,2,1,55,1,1,61,1,0,,,,,,,10,0,10,0,3,0,2,0,2,0,4,2,35.77672694444444,139.63267055555556,3,3,,,,
1,30,559,210,2,0,1,90000,0,119,2019,11,29,18,55,22,,,,,1,1,1,14,7,0,23,0,23,2,9,20,70,5,3,1,55,75,3,61,31,0,,,,,,,5,0,30,0,3,0,2,0,2,0,4,2,35.77668055555556,139.65990416666668,6,3,,,,
1,30,560,354,2,0,1,30000,0,120,2019,11,15,15,15,12,,,,,1,1,1,14,7,0,23,0,23,2,9,20,70,5,2,1,45,75,3,61,31,0,,,,,,,10,0,10,0,3,0,2,0,2,0,4,2,35.75917111111111,139.65153361111112,6,3,,,,
1,30,560,366,2,0,1,30000,0,120,2019,11,6,7,58,12,,,,,1,1,1,14,7,0,23,0,23,3,9,1,70,5,3,1,35,35,3,61,31,0,,,,,,,10,0,20,0,3,0,2,0,2,0,4,2,35.76665027777778,139.66899999999998,4,3,,,,
1,30,560,369,2,0,1,20000,0,120,2019,11,27,18,27,22,,,,,2,1,1,14,7,0,23,0,23,4,9,1,70,4,2,1,1,55,34,61,31,0,,,,,,,3,0,10,0,3,0,0,0,0,0,4,2,35.759274166666664,139.62539111111113,4,3,,,,
1,30,560,379,2,0,1,10200,0,120,2019,11,28,6,50,11,,,,,2,1,1,14,1,0,23,0,23,2,9,1,70,1,1,1,35,65,35,61,31,0,,,,,,,3,0,10,0,3,0,0,0,0,0,4,2,35.73575833333334,139.61692305555556,5,3,,,,
1,30,660,211,2,0,1,30000,0,106,2019,11,5,16,25,13,,,,,1,1,1,14,7,0,23,0,23,3,9,1,1,5,3,1,25,25,3,61,31,0,,,,,,,2,0,60,0,4,0,2,0,2,0,4,2,35.71083527777778,139.7772825,3,3,,,,
1,30,660,215,2,0,1,20390,0,106,2019,11,16,10,50,12,,,,,1,1,1,1,1,9,22,0,23,18,9,30,70,4,2,1,25,25,51,61,0,0,,,,,,,0,0,10,0,3,0,0,0,0,0,4,2,35.70784416666667,139.77514944444445,7,3,,,,
1,30,661,123,2,0,1,30000,0,106,2019,11,12,14,10,12,,,,,1,1,1,14,7,0,23,0,23,1,9,1,70,5,4,1,75,75,3,61,31,0,,,,,,,10,0,30,0,3,0,2,0,2,0,4,2,35.72104111111111,139.77979555555558,3,3,,,,
1,30,661,125,2,0,1,40,46,106,2019,11,13,5,14,23,,,,,1,1,1,1,7,9,22,0,23,17,9,30,70,4,1,1,45,45,34,61,31,0,,,,,,,10,0,10,0,2,0,0,0,0,0,4,2,35.72193555555556,139.78562527777777,4,3,,,,
1,30,661,127,2,0,1,30000,0,106,2019,11,1,18,40,22,,,,,1,1,1,7,7,0,23,0,23,3,9,1,70,4,2,1,55,55,3,61,31,0,,,,,,,10,0,10,0,3,0,2,0,2,0,4,2,35.72148111111111,139.7845,6,3,,,,
1,30,661,134,2,0,1,30000,0,106,2019,11,24,10,55,12,,,,,3,1,2,14,7,0,23,0,23,2,9,1,70,5,4,1,55,35,51,61,0,0,,,,,,,0,0,20,0,4,0,0,0,0,0,4,2,35.72093138888889,139.77995083333334,1,3,,,,
1,30,662,136,2,0,1,30000,0,106,2019,11,2,15,20,12,,,,,1,1,1,14,7,0,23,0,23,3,9,1,70,5,3,1,1,65,51,61,0,0,,,,,,,0,0,10,0,3,0,0,0,0,0,4,2,35.726778611111115,139.79561305555555,7,2,,,,
1,30,662,138,2,0,1,20550,0,106,2019,11,3,22,25,22,,,,,3,1,2,1,1,9,22,0,23,17,9,30,70,1,2,1,65,55,3,61,1,0,,,,,,,3,0,10,0,2,0,2,0,2,0,4,2,35.72800416666667,139.7999147222222,1,1,,,,
1,30,662,142,2,0,1,30000,0,106,2019,11,11,12,25,12,,,,,1,1,1,14,7,0,23,0,23,2,9,1,70,5,4,1,45,25,4,61,31,0,,,,,,,1,0,30,0,3,0,2,0,2,0,4,2,35.71172222222223,139.79340944444445,2,3,,,,
1,30,662,145,2,0,1,30000,0,106,2019,9,4,22,45,22,,,,,1,1,1,7,7,0,23,0,23,4,9,1,70,5,4,1,65,1,3,61,1,0,,,,,,,10,0,30,0,3,0,2,0,2,0,4,2,35.71250222222223,139.79314833333333,4,3,,,,
1,30,662,150,2,0,1,95000,0,106,2019,11,27,21,53,22,,,,,2,1,1,14,7,0,23,0,23,5,9,1,70,4,1,1,1,25,51,61,0,0,,,,,,,0,0,10,0,3,0,0,0,0,0,4,2,35.71773138888889,139.80411861111114,4,3,,,,
1,30,662,152,2,0,1,60,45,106,2019,11,29,8,32,12,,,,,1,1,1,1,1,9,22,0,23,19,9,30,70,4,1,1,25,55,51,61,0,0,,,,,,,0,0,10,0,3,0,0,0,0,0,4,2,35.71499055555556,139.80172833333336,6,3,,,,
1,30,662,153,2,0,1,30000,0,106,2019,11,29,16,32,21,,,,,1,1,1,7,7,0,23,0,23,3,9,1,70,5,2,1,45,35,4,61,31,0,,,,,,,2,0,10,0,3,0,2,0,2,0,4,2,35.71531388888889,139.79075944444443,6,3,,,,
1,30,663,129,2,0,1,20540,0,106,2019,11,11,5,46,23,,,,,3,1,2,1,1,9,22,0,23,18,9,30,70,4,2,1,65,55,14,61,31,0,,,,,,,3,0,10,0,2,0,2,0,2,0,4,2,35.71284027777778,139.78307333333333,2,3,,,,
1,30,663,131,2,0,1,30000,0,106,2019,11,16,13,20,12,,,,,1,1,1,14,7,0,23,0,23,3,9,1,70,5,3,1,55,45,3,61,31,0,,,,,,,2,0,80,0,3,0,2,0,2,0,4,2,35.69990361111111,139.78898694444445,7,3,,,,
1,30,663,133,2,0,1,30000,0,106,2019,11,21,13,15,12,,,,,1,1,1,7,7,0,23,0,23,2,9,1,70,5,2,1,35,1,3,61,31,0,,,,,,,2,0,50,0,3,0,2,0,2,0,4,2,35.71277694444445,139.78405527777778,5,3,,,,
1,30,665,79,2,0,1,30000,0,118,2019,11,28,19,0,22,,,,,2,1,2,14,7,0,23,0,23,2,9,1,70,4,1,1,45,55,3,61,31,0,,,,,,,3,0,10,0,3,0,2,0,2,0,4,2,35.73941722222222,139.7927813888889,5,3,,,,
1,30,666,138,2,0,1,30000,0,118,2019,11,20,8,25,12,,,,,1,1,1,14,7,0,23,0,23,3,9,1,70,5,3,1,65,55,13,61,1,0,,,,,,,2,0,50,0,4,0,2,0,2,0,4,2,35.72626972222223,139.77948055555558,4,3,,,,
1,30,666,139,2,0,1,30000,0,118,2019,11,20,13,0,12,,,,,1,1,1,14,7,0,23,0,23,3,9,1,70,5,2,1,65,45,3,61,31,0,,,,,,,5,0,10,0,4,0,2,0,2,0,4,2,35.72860361111111,139.7713216666667,4,3,,,,
1,30,667,166,2,0,1,95000,0,121,2019,10,10,6,0,11,,,,,1,1,1,14,7,0,23,0,23,2,9,20,70,5,4,1,55,65,24,61,0,0,,,,,,,10,0,10,0,4,0,0,0,0,0,4,2,35.740275833333335,139.80034666666668,5,3,,,,
1,30,667,168,2,0,1,40,83,121,2019,11,14,17,57,22,,,,,1,1,1,14,7,0,23,0,23,2,9,1,70,1,1,1,45,65,51,61,0,0,,,,,,,0,0,10,0,4,0,0,0,0,0,4,2,35.75170833333333,139.80042694444447,5,3,,,,
1,30,667,169,2,0,1,30000,0,121,2019,11,15,17,55,22,,,,,1,1,1,14,7,0,23,0,23,3,9,1,1,5,2,1,55,75,3,61,1,0,,,,,,,2,0,70,0,3,0,2,0,2,0,4,2,35.7555275,139.79139416666666,6,3,,,,
1,30,667,170,2,0,1,20670,0,121,2019,11,17,7,10,11,,,,,1,1,1,1,1,9,22,0,23,15,9,30,70,4,1,1,55,65,3,61,31,0,,,,,,,4,0,10,0,3,0,2,0,2,0,4,2,35.755072222222225,139.79075916666667,1,3,,,,
1,30,668,422,2,0,1,20610,0,121,2019,11,3,18,40,22,,,,,3,1,1,1,1,9,22,0,23,14,9,30,70,4,3,1,55,65,3,61,31,0,,,,,,,2,0,20,0,4,0,2,0,2,0,4,2,35.780458333333335,139.76072333333335,1,1,,,,
1,30,668,423,2,0,1,30000,0,121,2019,11,6,17,20,21,,,,,1,1,1,14,7,0,23,0,23,2,9,1,70,5,1,1,65,75,51,61,0,0,,,,,,,0,0,10,0,3,0,0,0,0,0,4,2,35.77537888888889,139.77139083333336,4,3,,,,
1,30,668,426,2,0,1,95000,0,121,2019,11,7,14,45,12,,,,,1,1,1,14,7,0,23,0,23,6,9,1,70,5,1,1,65,75,4,61,31,0,,,,,,,10,0,20,0,4,0,2,0,2,0,4,2,35.784079999999996,139.76498777777778,5,3,,,,
1,30,668,438,2,0,1,30000,0,121,2019,10,17,16,5,13,,,,,3,1,2,1,1,9,22,0,23,15,9,30,70,4,2,1,75,1,3,61,31,0,,,,,,,3,0,80,0,4,0,2,0,2,0,4,2,35.758581666666664,139.76179333333334,5,3,,,,
1,30,668,449,2,0,1,30000,0,121,2019,11,25,17,45,22,,,,,3,1,2,14,7,0,23,0,23,3,9,20,70,4,3,1,45,65,36,61,31,0,,,,,,,2,0,10,0,3,0,0,0,0,0,4,2,35.755164722222226,139.78150416666668,2,3,,,,
1,30,669,553,2,0,1,30000,0,121,2019,11,1,7,50,12,,,,,1,1,1,14,7,0,23,0,23,2,9,1,70,5,1,1,1,45,51,61,0,0,,,,,,,0,0,10,0,3,0,0,0,0,0,4,2,35.766200833333336,139.80911194444445,6,3,,,,
1,30,669,556,2,0,1,30000,0,121,2019,11,1,17,55,22,,,,,1,1,1,1,7,1,21,0,23,11,9,30,1,5,1,1,25,45,4,61,31,0,,,,,,,10,0,10,0,3,0,2,0,2,0,4,2,35.77884611111111,139.8339002777778,6,3,,,,
1,30,669,564,2,0,1,20000,0,121,2019,11,5,12,0,12,,,,,1,1,1,1,1,9,22,0,23,19,9,30,70,1,2,1,65,75,3,61,1,0,,,,,,,4,0,0,0,4,0,2,0,2,0,4,2,35.7758725,139.84317416666667,3,3,,,,
1,30,669,567,2,0,1,30000,0,121,2019,11,7,8,5,12,,,,,1,1,1,14,7,0,23,0,23,2,9,1,70,4,1,1,45,1,3,61,1,0,,,,,,,2,0,10,0,3,0,2,0,2,0,4,2,35.77370888888889,139.83697083333334,5,3,,,,