資料区分,都道府県コード,警察署等コード,本票番号,事故内容,死者数,負傷者数,路線コード,地点コード,市区町村コード,発生日時　　年,発生日時　　月,発生日時　　日,発生日時　　時,発生日時　　分,昼夜,日の出時刻　　時,日の出時刻　　分,日の入り時刻　　時,日の入り時刻　　分,天候,地形,路面状態,道路形状,信号機,一時停止規制　標識（当事者A）,一時停止規制　表示（当事者A）,一時停止規制　標識（当事者B）,一時停止規制　表示（当事者B）,車道幅員,道路線形,衝突地点,ゾーン規制,中央分離帯施設等,歩車道区分,事故類型,年齢（当事者A）,年齢（当事者B）,当事者種別（当事者A）,当事者種別（当事者B）,用途別（当事者A）,用途別（当事者B）,車両形状等（当事者A）,車両形状等（当事者B）,オートマチック車（当事者A）,オートマチック車（当事者B）,サポカー（当事者A）,サポカー（当事者B）,速度規制（指定のみ）（当事者A）,速度規制（指定のみ）（当事者B）,車両の衝突部位（当事者A）,車両の衝突部位（当事者B）,車両の損壊程度（当事者A）,車両の損壊程度（当事者B）,エアバッグの装備（当事者A）,エアバッグの装備（当事者B）,サイドエアバッグの装備（当事者A）,サイドエアバッグの装備（当事者B）,人身損傷程度（当事者A）,人身損傷程度（当事者B）,lat,lon,曜日(発生年月日),祝日(発生年月日),認知機能検査経過日数（当事者A）,認知機能検査経過日数（当事者B）,運転練習の方法（当事者A）,運転練習の方法（当事者B）
1,30,669,568,2,0,1,30000,0,121,2019,11,7,9,40,12,,,,,1,1,1,1,1,9,22,0,23,15,9,30,70,4,1,1,45,55,3,61,31,0,,,,,,,3,0,40,0,3,0,2,0,2,0,4,2,35.786162777777776,139.8106461111111,5,3,,,,
1,30,669,573,2,0,2,30000,0,121,2019,11,9,2,20,22,,,,,1,1,1,1,1,9,22,0,23,15,9,30,70,4,2,1,25,45,35,61,31,0,,,,,,,3,0,10,0,3,0,0,0,0,0,2,2,35.76132055555556,139.82023416666667,7,3,,,,
1,30,669,582,2,0,1,10360,0,121,2019,11,11,20,53,22,,,,,2,1,2,1,1,9,22,0,23,15,9,30,70,4,1,1,35,55,3,61,31,0,,,,,,,3,0,20,0,4,0,2,0,2,0,4,2,35.77521861111111,139.82997749999998,2,3,,,,
1,30,669,590,2,0,1,10360,0,121,2019,10,29,11,0,12,,,,,3,1,2,1,7,9,22,0,23,18,9,30,70,1,1,1,65,75,14,61,31,0,,,,,,,3,0,50,0,4,0,2,0,2,0,4,2,35.77877333333333,139.830375,3,3,,,,
1,30,669,594,2,0,1,99000,0,121,2019,11,16,13,15,12,,,,,1,1,1,0,7,0,23,0,23,0,0,20,70,0,4,1,45,65,3,61,31,0,,,,,,,10,0,70,0,4,0,2,0,2,0,4,2,35.7807325,139.81068333333334,7,3,,,,
1,30,669,596,2,0,1,30000,0,121,2019,11,19,11,50,12,,,,,1,1,1,14,7,0,23,0,23,3,9,1,1,5,2,1,35,25,4,61,31,0,,,,,,,2,0,40,0,3,0,2,0,2,0,4,2,35.77911472222222,139.83389333333335,3,3,,,,
1,30,669,601,2,0,1,20000,0,121,2019,11,20,15,0,12,,,,,1,1,1,1,7,9,22,0,23,14,9,30,1,4,2,1,65,75,3,61,31,0,,,,,,,2,0,10,0,3,0,2,0,2,0,4,2,35.77521055555555,139.84113583333334,4,3,,,,
1,30,669,614,2,0,1,30000,0,121,2019,11,28,20,25,22,,,,,2,1,1,14,7,0,23,0,23,2,9,1,70,5,3,1,65,35,3,61,31,0,,,,,,,10,0,40,0,4,0,2,0,2,0,4,2,35.78755888888889,139.81804777777776,5,3,,,,
1,30,670,327,2,0,1,30000,0,121,2019,11,6,8,30,12,,,,,1,1,1,1,7,9,22,0,23,11,9,30,70,4,1,1,45,1,13,61,1,0,,,,,,,3,0,10,0,4,0,2,0,2,0,4,2,35.79477,139.80164944444445,4,3,,,,
1,30,670,330,2,0,1,30000,0,121,2019,11,7,17,0,21,,,,,1,1,1,1,7,9,22,0,23,11,9,30,70,5,1,1,45,1,14,61,31,0,,,,,,,2,0,10,0,3,0,2,0,2,0,4,2,35.79159194444444,139.77311944444446,5,3,,,,
1,30,670,339,2,0,1,30000,0,121,2019,11,16,15,20,12,,,,,1,1,1,1,1,9,22,0,23,14,9,30,70,4,3,1,75,75,3,61,31,0,,,,,,,2,0,10,0,3,0,2,0,2,0,4,2,35.79578222222222,139.77620694444445,7,3,,,,
1,30,670,340,2,0,1,30000,0,121,2019,11,16,17,0,21,,,,,1,1,1,7,7,0,23,0,23,1,9,1,70,4,2,1,65,75,12,61,31,0,,,,,,,10,0,10,0,4,0,2,0,2,0,4,2,35.80016333333333,139.8065002777778,7,3,,,,
1,30,670,348,2,0,1,30000,0,121,2019,11,28,15,55,13,,,,,3,1,2,14,7,0,23,0,23,4,9,1,70,4,2,1,45,55,3,61,31,0,,,,,,,3,0,10,0,3,0,2,0,2,0,4,2,35.80001027777777,139.81013305555555,5,3,,,,
1,30,771,319,2,0,1,30000,0,108,2018,2,13,13,10,12,,,,,1,1,1,14,7,0,23,0,23,4,9,1,70,4,2,1,45,1,51,61,0,0,,,,,,,0,0,40,0,4,0,0,0,0,0,4,2,35.64843527777778,139.79358638888888,3,3,,,,
1,30,771,329,2,0,1,20540,0,108,2019,11,15,1,43,22,,,,,1,1,1,14,7,0,23,0,23,6,9,1,70,4,2,1,55,25,3,61,1,0,,,,,,,3,0,10,0,3,0,2,0,2,0,4,2,35.6825475,139.8078963888889,6,3,,,,
1,30,771,335,2,0,1,30000,0,108,2019,11,20,19,0,22,,,,,1,1,1,14,7,0,23,0,23,3,9,1,70,5,3,1,45,65,51,61,0,0,,,,,,,0,0,40,0,4,0,0,0,0,0,4,2,35.68882055555555,139.79754833333334,4,3,,,,
1,30,771,337,2,0,1,10350,0,108,2019,11,22,17,50,22,,,,,3,1,2,1,1,9,22,0,23,19,9,30,70,3,1,1,45,1,4,61,31,0,,,,,,,4,0,10,0,4,0,2,0,2,0,4,2,35.67505805555555,139.79587833333332,6,2,,,,
1,30,771,341,2,0,1,30000,0,108,2019,11,29,20,40,22,,,,,1,1,1,1,7,9,22,0,23,15,9,30,70,5,2,1,55,35,36,61,31,0,,,,,,,2,0,10,0,4,0,0,0,0,0,4,2,35.67095972222222,139.81962166666665,6,3,,,,
1,30,771,347,2,0,1,30000,0,108,2019,10,6,7,40,12,,,,,1,1,1,14,7,0,23,0,23,5,9,1,70,1,1,1,55,55,1,61,1,0,,,,,,,4,0,10,0,4,0,2,0,2,0,4,2,35.65055361111111,139.7922063888889,1,3,,,,
1,30,771,348,2,0,1,10370,0,108,2019,11,28,17,35,22,,,,,3,1,2,1,1,9,22,0,23,19,9,30,70,1,2,1,45,35,4,61,31,0,,,,,,,4,0,10,0,3,0,2,0,2,0,4,2,35.659081666666665,139.80792972222224,5,3,,,,
1,30,772,338,1,1,0,30000,0,108,2019,11,21,16,32,21,,,,,1,1,1,14,7,0,23,0,23,3,9,20,70,4,2,1,35,65,3,61,31,0,,,,,,,2,0,10,0,3,0,2,0,2,0,4,1,35.69646638888889,139.84153722222223,5,3,,,,
1,30,772,342,2,0,1,30000,0,108,2019,11,8,15,15,12,,,,,1,1,1,1,7,9,22,0,23,14,9,30,70,4,2,1,35,75,3,61,31,0,,,,,,,5,0,20,0,3,0,2,0,2,0,4,2,35.67225055555555,139.82083777777777,6,3,,,,
1,30,772,346,2,0,1,10350,0,108,2019,11,4,18,50,22,,,,,1,1,1,14,7,0,23,0,23,5,9,1,70,5,2,1,45,75,34,61,31,0,,,,,,,3,0,10,0,3,0,0,0,0,0,4,2,35.67455111111111,139.82827722222223,2,1,,,,
1,30,772,360,2,0,1,99000,0,108,2019,10,23,12,45,12,,,,,1,1,1,0,7,0,23,0,23,0,0,20,70,0,4,1,25,65,13,61,31,0,,,,,,,10,0,10,0,3,0,2,0,2,0,4,2,35.69672222222222,139.83283416666666,4,3,,,,
1,30,773,183,2,0,1,10290,0,107,2019,10,7,18,40,22,,,,,3,1,2,1,1,9,22,0,23,15,9,30,70,1,2,1,35,45,13,61,31,0,,,,,,,4,0,10,0,3,0,2,0,2,0,4,2,35.70085166666667,139.80936222222223,2,3,,,,
1,30,773,194,2,0,2,30000,0,107,2019,10,30,9,25,12,,,,,1,1,1,7,7,0,23,0,23,3,9,20,70,4,2,1,65,45,3,61,1,0,,,,,,,10,0,10,0,3,0,2,0,2,0,4,2,35.69150361111111,139.7918938888889,4,3,,,,
1,30,773,195,2,0,1,20530,0,107,2019,11,23,2,15,22,,,,,3,1,2,1,1,9,22,0,23,18,9,30,70,1,2,1,45,75,3,61,1,0,,,,,,,10,0,10,0,3,0,2,0,2,0,4,2,35.70901916666667,139.8119061111111,7,1,,,,
1,30,773,199,2,0,1,30000,0,107,2019,11,16,11,0,12,,,,,1,1,1,1,7,9,22,0,23,14,9,30,70,5,3,1,35,25,12,61,1,0,,,,,,,10,0,40,0,3,0,2,0,2,0,4,2,35.69840194444444,139.8119438888889,7,3,,,,
1,30,773,203,2,0,1,30000,0,107,2019,11,27,8,40,12,,,,,3,1,2,1,7,1,22,0,23,18,9,30,70,4,2,1,55,25,3,61,31,0,,,,,,,10,0,10,0,3,0,2,0,2,0,4,2,35.692215,139.80581416666666,4,3,,,,
1,30,774,175,2,0,1,60,66,107,2019,11,5,7,50,12,,,,,1,1,1,1,1,9,22,0,23,18,9,30,70,4,2,1,1,35,51,61,0,0,,,,,,,0,0,10,0,3,0,0,0,0,0,4,2,35.723533055555556,139.8195925,3,3,,,,
1,30,774,179,2,0,1,99000,0,107,2019,11,7,17,5,21,,,,,1,1,1,0,7,0,23,0,23,0,0,20,70,0,4,1,35,65,51,61,0,0,,,,,,,0,0,10,0,4,0,0,0,0,0,4,2,35.73664638888889,139.82186555555555,5,3,,,,
1,30,774,186,2,0,1,30500,0,107,2019,9,25,10,0,12,,,,,1,1,1,14,7,0,23,0,23,3,9,1,70,4,2,1,1,65,51,61,0,0,,,,,,,0,0,40,0,4,0,0,0,0,0,4,2,35.72103583333333,139.8259161111111,4,3,,,,
1,30,774,192,2,0,1,10090,0,107,2019,11,23,18,40,22,,,,,3,1,2,1,1,9,22,0,23,19,9,30,70,1,2,1,65,55,3,61,31,0,,,,,,,4,0,80,0,3,0,2,0,2,0,4,2,35.72754916666667,139.81295916666667,7,1,,,,
1,30,774,193,2,0,1,95000,0,107,2019,11,15,22,30,22,,,,,2,1,1,14,7,0,23,0,23,4,9,1,70,4,4,1,1,35,51,61,0,0,,,,,,,0,0,10,0,3,0,0,0,0,0,4,2,35.73728194444445,139.82141638888888,6,3,,,,
1,30,774,199,2,0,1,30000,0,107,2019,11,23,19,12,22,,,,,3,1,2,14,7,0,23,0,23,3,9,1,70,5,4,1,35,45,17,61,1,0,,,,,,,10,0,20,0,3,0,2,0,2,0,4,2,35.71784666666667,139.81912194444445,7,1,,,,
1,30,775,379,2,0,1,30000,0,122,2019,11,5,11,50,12,,,,,1,1,1,14,7,0,23,0,23,2,9,1,70,5,2,1,45,35,3,61,31,0,,,,,,,1,0,10,0,3,0,2,0,2,0,4,2,35.747078611111114,139.84635083333333,3,3,,,,
1,30,775,384,2,0,1,10130,0,122,2019,11,22,18,30,22,,,,,3,1,2,1,1,9,22,0,23,18,9,30,70,1,1,1,65,35,13,61,31,0,,,,,,,2,0,50,0,4,0,2,0,2,0,4,2,35.75288,139.8560936111111,6,2,,,,
1,30,775,388,2,0,1,30000,0,122,2019,11,16,16,20,13,,,,,1,1,1,14,7,0,23,0,23,2,9,1,70,5,2,1,45,1,51,61,0,0,,,,,,,0,0,10,0,3,0,0,0,0,0,4,2,35.771451388888885,139.86538638888888,7,3,,,,
1,30,776,287,2,0,1,30000,0,122,2019,11,8,9,16,12,,,,,1,1,1,14,7,0,23,0,23,2,9,1,70,5,4,1,35,55,51,61,0,0,,,,,,,0,0,10,0,3,0,0,0,0,0,4,2,35.73849888888889,139.84991722222225,6,3,,,,
1,30,776,294,2,0,1,30000,0,122,2019,10,31,11,32,12,,,,,1,1,1,1,1,9,22,0,23,11,9,30,70,4,2,1,45,65,3,61,31,0,,,,,,,3,0,20,0,3,0,2,0,2,0,4,2,35.744503611111114,139.85364666666666,5,3,,,,
1,30,776,304,2,0,1,30000,0,122,2019,11,22,19,45,22,,,,,3,1,2,14,7,0,23,0,23,2,9,1,70,5,4,1,35,45,34,61,31,0,,,,,,,3,0,10,0,3,0,0,0,0,0,4,2,35.73825083333333,139.85795694444442,6,2,,,,
1,30,776,309,2,0,1,30000,0,122,2019,11,30,9,20,12,,,,,1,1,1,1,7,1,22,0,23,11,9,30,70,5,3,1,65,75,13,61,31,0,,,,,,,3,0,10,0,3,0,2,0,2,0,4,2,35.74476,139.85508194444444,7,3,,,,
1,30,777,808,2,0,1,20700,0,123,2019,10,11,14,15,12,,,,,2,1,1,7,1,0,23,0,23,1,9,1,70,4,2,1,45,55,3,61,31,0,,,,,,,2,0,10,0,3,0,2,0,2,0,4,2,35.68216694444444,139.88927777777778,6,3,,,,
1,30,777,825,2,0,1,30000,0,123,2019,11,7,15,30,12,,,,,1,1,1,1,1,9,22,0,23,11,9,30,70,4,2,1,35,45,17,61,31,0,,,,,,,2,0,10,0,3,0,2,0,2,0,4,2,35.70746861111111,139.9014675,5,3,,,,
1,30,777,827,2,0,1,30000,0,123,2019,11,8,16,0,13,,,,,1,1,1,1,7,9,22,0,23,15,9,30,70,5,2,1,65,1,14,61,31,0,,,,,,,2,0,10,0,3,0,2,0,2,0,4,2,35.703760833333334,139.8665188888889,6,3,,,,
1,30,777,836,2,0,1,30000,0,123,2019,11,11,6,10,23,,,,,3,1,2,1,1,9,22,0,23,15,9,30,70,1,2,1,35,35,3,61,31,0,,,,,,,3,0,10,0,3,0,2,0,2,0,4,2,35.6990025,139.86769472222224,2,3,,,,
1,30,777,852,2,0,1,10390,0,123,2019,11,18,18,20,22,,,,,1,1,1,1,1,9,22,0,23,14,9,30,70,4,2,1,55,45,3,61,31,0,,,,,,,3,0,40,0,3,0,2,0,2,0,4,2,35.70220666666667,139.86803805555556,2,3,,,,
1,30,777,862,2,0,1,30000,0,123,2019,11,22,17,32,22,,,,,3,1,2,1,1,9,22,0,23,14,9,30,70,4,2,1,45,65,4,61,31,0,,,,,,,2,0,10,0,3,0,2,0,2,0,4,2,35.69729361111111,139.89054,6,2,,,,
1,30,777,865,2,0,1,10290,0,123,2019,11,11,6,0,23,,,,,3,1,2,1,1,9,22,0,23,14,9,30,70,1,1,1,25,75,51,61,0,0,,,,,,,0,0,10,0,3,0,0,0,0,0,4,2,35.70787638888889,139.84126361111112,2,3,,,,
1,30,777,869,2,0,1,30000,0,123,2019,11,23,9,55,12,,,,,3,1,2,13,7,0,23,0,23,1,3,20,70,5,4,1,65,65,3,61,31,0,,,,,,,5,0,20,0,3,0,2,0,2,0,4,2,35.70306361111111,139.88292055555556,7,1,,,,
1,30,777,872,2,0,1,30000,0,123,2019,11,8,7,53,12,,,,,1,1,1,1,1,9,22,0,23,14,9,30,70,5,1,1,35,55,3,61,31,0,,,,,,,2,0,10,0,4,0,2,0,2,0,4,2,35.70547972222222,139.86358222222222,6,3,,,,
1,30,777,873,2,0,1,10130,0,123,2019,11,27,12,25,12,,,,,3,1,2,1,1,9,22,0,23,14,9,30,70,1,2,1,55,75,3,61,31,0,,,,,,,4,0,0,0,4,0,2,0,2,0,4,2,35.706295277777784,139.88056583333335,4,3,,,,
1,30,777,878,2,0,1,30000,0,123,2019,11,29,16,57,21,,,,,1,1,1,7,7,0,23,0,23,2,9,1,70,4,2,1,25,55,13,61,31,0,,,,,,,5,0,10,0,3,0,2,0,2,0,4,2,35.70238527777778,139.90612083333335,6,3,,,,
1,30,777,879,2,0,1,10060,0,123,2019,11,29,19,40,22,,,,,1,1,1,7,1,0,23,0,23,1,9,1,70,4,2,1,45,25,14,61,1,0,,,,,,,5,0,10,0,3,0,2,0,2,0,4,2,35.68311722222222,139.88769194444444,6,3,,,,
1,30,778,170,2,0,1,30000,0,123,2019,8,11,18,30,13,,,,,1,1,1,14,7,0,23,0,23,3,9,1,70,5,2,1,45,75,13,61,31,0,,,,,,,5,0,40,0,4,0,2,0,2,0,4,2,35.73612055555556,139.8823111111111,1,1,,,,
1,30,778,171,2,0,1,141,0,123,2019,9,9,17,0,13,,,,,1,1,1,1,1,9,22,0,23,18,9,30,70,1,1,1,75,75,3,61,31,0,,,,,,,4,0,10,0,4,0,2,0,2,0,4,2,35.73245138888889,139.87611944444444,2,3,,,,
1,30,778,186,2,0,1,30000,0,123,2019,11,22,0,28,22,,,,,1,1,1,7,7,0,23,0,23,3,9,1,70,4,2,1,45,45,3,61,1,0,,,,,,,10,0,40,0,3,0,2,0,2,0,4,2,35.73422277777778,139.8830688888889,6,2,,,,
1,30,779,451,2,0,1,30000,0,123,2019,10,2,16,20,12,,,,,1,1,1,14,7,0,23,0,23,3,9,1,70,4,1,1,1,0,61,0,0,0,,,,,,,0,0,0,0,0,0,0,0,0,0,2,0,35.658748055555556,139.85577083333334,4,3,,,,
1,30,779,454,2,0,1,10390,0,123,2019,10,24,21,23,22,,,,,3,1,2,1,7,9,22,0,23,14,9,30,70,4,2,1,25,25,34,61,31,0,,,,,,,3,0,10,0,3,0,0,0,0,0,4,2,35.67784833333333,139.8605061111111,5,3,,,,
1,30,779,455,2,0,1,30000,0,123,2019,10,25,8,15,12,,,,,3,1,2,14,7,0,23,0,23,3,9,1,70,4,2,1,35,65,51,61,0,0,,,,,,,0,0,10,0,3,0,0,0,0,0,4,2,35.653731388888886,139.8765811111111,6,3,,,,
1,30,779,456,2,0,1,30000,0,123,2019,11,2,18,30,22,,,,,1,1,1,14,7,0,23,0,23,3,9,1,70,5,2,1,1,45,51,61,0,0,,,,,,,0,0,10,0,3,0,0,0,0,0,4,2,35.6586675,139.86905055555556,7,2,,,,
1,30,779,459,2,0,1,30000,0,123,2019,11,4,18,10,22,,,,,1,1,1,1,1,9,22,0,23,15,9,30,70,4,2,1,1,25,51,61,0,0,,,,,,,0,0,40,0,3,0,0,0,0,0,4,2,35.66681305555555,139.8594975,2,1,,,,
1,30,779,460,2,0,1,10130,0,123,2019,11,5,6,33,11,,,,,1,1,1,1,8,9,22,0,23,19,9,30,70,1,1,1,65,45,1,61,1,0,,,,,,,4,0,40,0,3,0,2,0,2,0,4,2,35.66027805555555,139.8726225,3,3,,,,
1,30,779,465,2,0,1,30000,0,123,2019,11,6,22,40,22,,,,,1,1,1,1,7,1,21,0,23,15,9,30,70,4,2,1,65,35,3,61,1,0,,,,,,,2,0,10,0,3,0,2,0,2,0,4,2,35.66247472222222,139.8720688888889,4,3,,,,
1,30,779,469,2,0,1,30000,0,123,2019,11,4,18,35,22,,,,,1,1,1,1,1,9,22,0,23,14,9,30,70,4,2,1,45,45,14,61,31,0,,,,,,,3,0,50,0,3,0,2,0,2,0,4,2,35.67277166666666,139.86481166666667,2,1,,,,
1,30,779,470,2,0,1,30000,0,123,2019,11,11,6,5,23,,,,,3,1,2,1,1,9,22,0,23,17,9,30,70,1,1,1,65,55,12,61,1,0,,,,,,,3,0,10,0,3,0,2,0,2,0,4,2,35.65007305555555,139.86274055555555,2,3,,,,
1,30,779,471,2,0,1,30000,0,123,2019,11,11,17,5,21,,,,,3,1,2,14,7,0,23,0,23,4,9,1,70,4,2,1,25,75,13,61,31,0,,,,,,,3,0,10,0,4,0,2,0,2,0,4,2,35.673090555555554,139.87190916666668,2,3,,,,
1,30,779,473,2,0,1,30000,0,123,2019,11,11,19,25,22,,,,,2,1,1,1,7,1,22,0,23,14,9,30,70,4,2,1,25,75,3,61,31,0,,,,,,,2,0,50,0,3,0,2,0,2,0,4,2,35.67185083333333,139.856115,2,3,,,,
1,30,779,474,2,0,1,30000,0,123,2019,11,13,6,45,11,,,,,1,1,1,7,7,0,23,0,23,2,9,1,70,5,4,1,1,65,51,61,0,0,,,,,,,0,0,10,0,3,0,0,0,0,0,4,2,35.66888333333333,139.88136861111113,4,3,,,,
1,30,779,477,2,0,1,20000,0,123,2019,11,16,8,50,12,,,,,1,1,1,1,1,9,22,0,23,15,9,30,70,1,1,1,45,25,36,61,31,0,,,,,,,2,0,10,0,3,0,0,0,0,0,4,2,35.68415083333333,139.87206361111112,7,3,,,,
1,30,779,485,2,0,1,30000,0,123,2019,11,21,15,20,12,,,,,1,1,1,14,7,0,23,0,23,3,9,1,70,5,2,1,25,1,13,61,1,0,,,,,,,2,0,10,0,3,0,2,0,2,0,4,2,35.681461666666664,139.8791225,5,3,,,,
1,30,779,493,2,0,1,30000,0,123,2019,11,28,11,55,12,,,,,3,1,2,1,1,9,22,0,23,14,9,30,70,4,2,1,45,65,4,61,31,0,,,,,,,2,0,20,0,3,0,2,0,2,0,4,2,35.670250833333334,139.86659527777778,5,3,,,,
1,30,779,494,2,0,1,30000,0,123,2019,11,28,17,15,21,,,,,3,1,2,1,1,9,22,0,23,17,9,30,70,4,2,1,55,55,14,61,31,0,,,,,,,2,0,10,0,3,0,2,0,2,0,4,2,35.674190277777775,139.86608027777777,5,3,,,,
1,30,876,395,1,1,0,21110,0,201,2019,11,2,4,5,22,,,,,1,1,1,1,1,9,22,0,23,18,9,30,70,5,2,1,35,45,3,61,31,0,,,,,,,4,0,80,0,2,0,2,0,2,0,4,1,35.6163825,139.38316944444446,7,2,,,,
1,30,876,398,2,0,1,30820,0,209,2019,11,3,18,20,22,,,,,2,1,1,1,1,9,22,0,23,15,9,30,70,4,1,1,65,35,4,61,31,0,,,,,,,3,0,10,0,3,0,2,0,2,0,4,2,35.596789722222226,139.38576083333334,1,1,,,,
1,30,876,403,2,0,1,30000,0,201,2019,11,6,11,2,12,,,,,1,1,1,1,7,9,22,0,23,15,7,30,70,5,2,1,45,1,3,61,31,0,,,,,,,3,0,10,0,3,0,2,0,2,0,4,2,35.61972083333333,139.36845833333334,4,3,,,,
1,30,876,404,2,0,1,30000,0,201,2019,11,7,19,0,22,,,,,1,1,1,14,7,0,23,0,23,2,9,1,70,4,2,1,65,25,14,61,31,0,,,,,,,3,0,50,0,2,0,2,0,2,0,4,2,35.607731666666666,139.38204000000002,5,3,,,,
1,30,876,405,2,0,1,20000,0,201,2019,11,8,10,55,12,,,,,1,1,1,1,1,9,22,0,23,18,9,30,70,1,2,1,75,55,4,61,31,0,,,,,,,3,0,10,0,3,0,2,0,2,0,4,2,35.61508583333333,139.37619194444446,6,3,,,,
1,30,876,411,2,0,1,95000,0,201,2019,11,14,15,20,12,,,,,1,1,1,0,7,0,23,0,23,0,0,20,70,0,4,1,45,25,4,61,31,0,,,,,,,10,0,30,0,3,0,2,0,2,0,4,2,35.61255527777778,139.36939583333333,5,3,,,,
1,30,876,413,2,0,1,30000,0,201,2019,11,16,7,30,12,,,,,1,2,1,1,7,9,22,0,23,11,9,30,70,5,3,1,65,45,14,61,31,0,,,,,,,2,0,50,0,3,0,2,0,2,0,4,2,35.641191666666664,139.32602694444444,7,3,,,,
1,30,876,417,2,0,1,30000,0,201,2019,11,20,5,45,23,,,,,1,1,1,1,1,9,22,0,23,17,9,30,70,1,2,1,65,65,3,61,31,0,,,,,,,3,0,50,0,3,0,2,0,2,0,4,2,35.64154861111111,139.31885888888888,4,3,,,,
1,30,876,421,2,0,1,30000,0,201,2019,11,26,16,35,21,,,,,2,1,2,1,7,9,22,0,23,14,8,30,70,4,2,1,55,1,3,61,31,0,,,,,,,3,0,10,0,3,0,2,0,2,0,4,2,35.624515,139.39691249999998,3,3,,,,
1,30,876,423,2,0,1,30000,0,201,2019,11,30,17,0,21,,,,,1,1,1,14,7,0,23,0,23,4,9,1,70,4,2,1,45,75,35,61,31,0,,,,,,,3,0,10,0,3,0,0,0,0,0,4,2,35.63715833333333,139.42034972222223,7,3,,,,
1,30,877,277,2,0,1,95000,0,201,2019,4,18,10,10,12,,,,,1,3,1,0,7,0,23,0,23,0,0,20,70,0,4,1,55,75,3,61,31,0,,,,,,,10,0,30,0,4,0,2,0,2,0,4,2,35.64447194444445,139.283375,5,3,,,,
1,30,877,279,2,0,1,99000,0,201,2019,11,2,11,8,12,,,,,1,2,1,0,7,0,23,0,23,0,0,20,70,0,4,1,45,75,3,61,31,0,,,,,,,10,0,30,0,4,0,2,0,2,0,4,2,35.63574861111111,139.2837925,7,2,,,,
1,30,877,282,2,0,1,30000,0,201,2019,11,5,18,55,22,,,,,1,2,1,1,7,9,22,0,23,11,9,30,70,5,3,1,35,75,3,61,31,0,,,,,,,5,0,50,0,3,0,2,0,2,0,4,2,35.646271666666664,139.29536083333332,3,3,,,,
1,30,877,284,2,0,1,20730,0,201,2019,11,10,17,35,21,,,,,1,2,1,1,1,9,22,0,23,14,9,30,70,4,2,1,45,45,4,61,31,0,,,,,,,3,0,10,0,3,0,2,0,2,0,4,2,35.67171555555555,139.2974688888889,1,3,,,,
1,30,877,288,2,0,1,30000,0,201,2019,11,15,15,0,12,,,,,1,2,1,1,7,9,22,0,23,15,9,30,70,5,3,1,55,55,14,61,31,0,,,,,,,2,0,10,0,3,0,2,0,2,0,4,2,35.652006111111106,139.30424472222222,6,3,,,,
1,30,877,294,2,0,1,30000,0,201,2019,11,28,7,8,11,,,,,3,1,2,14,7,0,23,0,23,3,9,1,70,4,1,1,35,45,51,61,0,0,,,,,,,0,0,10,0,3,0,0,0,0,0,4,2,35.656708888888886,139.29110472222223,5,3,,,,
1,30,877,295,2,0,1,200,503,201,2019,11,28,8,15,12,,,,,3,2,2,14,7,0,23,0,23,5,9,1,70,4,2,1,45,65,3,61,31,0,,,,,,,4,0,10,0,3,0,2,0,2,0,4,2,35.644195277777776,139.28354833333333,5,3,,,,
1,30,877,296,2,0,1,30000,0,201,2019,11,22,20,40,22,,,,,3,2,2,1,1,9,22,0,23,15,9,30,70,4,2,1,25,35,4,61,31,0,,,,,,,2,0,10,0,4,0,2,0,2,0,4,2,35.65697861111111,139.29827722222223,6,2,,,,
1,30,878,395,2,0,1,30000,0,224,2019,11,9,18,34,22,,,,,1,1,1,14,7,0,23,0,23,3,9,1,70,5,3,1,35,1,51,61,0,0,,,,,,,0,0,10,0,4,0,0,0,0,0,4,2,35.626157222222226,139.4264675,7,3,,,,
1,30,878,397,2,0,1,20000,0,224,2019,11,10,13,35,12,,,,,1,1,1,1,1,9,22,0,23,19,9,30,70,1,2,1,75,1,3,61,31,0,,,,,,,3,0,10,0,3,0,2,0,2,0,4,2,35.623491111111115,139.42301416666666,1,3,,,,
1,30,878,403,2,0,1,95000,0,224,2019,11,9,2,0,22,,,,,1,2,1,14,7,0,23,0,23,1,9,20,70,5,2,1,45,1,3,61,31,0,,,,,,,5,0,30,0,3,0,2,0,2,0,4,2,35.65081861111111,139.44816472222223,7,3,,,,
1,30,878,408,2,0,1,30000,0,225,2019,10,19,21,40,22,,,,,2,1,1,1,7,1,21,0,23,11,9,30,70,5,2,1,45,25,3,61,31,0,,,,,,,2,0,10,0,3,0,2,0,2,0,4,2,35.64376,139.50424611111112,7,3,,,,
1,30,878,410,2,0,1,21110,0,224,2019,11,19,11,10,12,,,,,1,2,1,1,1,9,22,0,23,19,9,30,70,1,2,1,25,25,12,61,1,0,,,,,,,10,0,80,0,3,0,2,0,2,0,4,2,35.634550555555556,139.44646722222222,3,3,,,,
1,30,878,414,2,0,1,30000,0,224,2019,11,21,9,5,12,,,,,1,1,1,1,1,8,22,0,23,15,9,30,70,4,2,1,75,55,4,61,31,0,,,,,,,2,0,10,0,4,0,2,0,2,0,4,2,35.61325,139.43498694444446,5,3,,,,