資料区分,都道府県コード,警察署等コード,本票番号,事故内容,死者数,負傷者数,路線コード,地点コード,市区町村コード,発生日時　　年,発生日時　　月,発生日時　　日,発生日時　　時,発生日時　　分,昼夜,日の出時刻　　時,日の出時刻　　分,日の入り時刻　　時,日の入り時刻　　分,天候,地形,路面状態,道路形状,信号機,一時停止規制　標識（当事者A）,一時停止規制　表示（当事者A）,一時停止規制　標識（当事者B）,一時停止規制　表示（当事者B）,車道幅員,道路線形,衝突地点,ゾーン規制,中央分離帯施設等,歩車道区分,事故類型,年齢（当事者A）,年齢（当事者B）,当事者種別（当事者A）,当事者種別（当事者B）,用途別（当事者A）,用途別（当事者B）,車両形状等（当事者A）,車両形状等（当事者B）,オートマチック車（当事者A）,オートマチック車（当事者B）,サポカー（当事者A）,サポカー（当事者B）,速度規制（指定のみ）（当事者A）,速度規制（指定のみ）（当事者B）,車両の衝突部位（当事者A）,車両の衝突部位（当事者B）,車両の損壊程度（当事者A）,車両の損壊程度（当事者B）,エアバッグの装備（当事者A）,エアバッグの装備（当事者B）,サイドエアバッグの装備（当事者A）,サイドエアバッグの装備（当事者B）,人身損傷程度（当事者A）,人身損傷程度（当事者B）,lat,lon,曜日(発生年月日),祝日(発生年月日),認知機能検査経過日数（当事者A）,認知機能検査経過日数（当事者B）,運転練習の方法（当事者A）,運転練習の方法（当事者B）
1,30,878,418,2,0,1,30000,0,225,2019,11,17,17,51,22,,,,,1,2,1,14,7,0,23,0,23,3,7,1,70,6,2,1,65,65,3,61,31,0,,,,,,,2,0,10,0,3,0,2,0,2,0,4,2,35.6230225,139.47107444444444,1,3,,,,
1,30,878,420,2,0,1,30000,0,225,2019,11,22,19,30,22,,,,,3,2,2,14,7,0,23,0,23,3,9,1,70,5,3,1,35,25,36,61,31,0,,,,,,,10,0,10,0,3,0,0,0,0,0,4,2,35.649162777777775,139.5000186111111,6,2,,,,
1,30,878,429,2,0,1,30000,0,224,2019,11,30,5,10,22,,,,,1,2,1,1,1,9,22,0,23,15,9,30,70,4,2,1,65,35,3,61,31,0,,,,,,,3,0,10,0,3,0,2,0,2,0,4,2,35.635373055555554,139.43615083333333,7,3,,,,
1,30,878,432,2,0,1,30000,0,225,2019,11,29,18,45,22,,,,,1,2,1,1,1,9,22,0,23,19,9,30,70,4,2,1,65,45,3,61,31,0,,,,,,,2,0,40,0,4,0,2,0,2,0,4,2,35.640862222222225,139.50873305555555,6,3,,,,
1,30,878,433,2,0,1,30000,0,224,2019,11,25,18,50,22,,,,,3,1,1,1,1,9,21,0,23,18,4,30,70,1,2,1,55,1,17,61,31,0,,,,,,,3,0,50,0,4,0,2,0,2,0,4,2,35.63471111111111,139.44235416666666,2,3,,,,
1,30,879,393,2,0,1,95000,0,220,2019,11,2,11,45,12,,,,,1,1,1,0,7,0,23,0,23,0,0,20,70,0,4,1,35,75,12,61,31,0,,,,,,,10,0,21,0,4,0,2,0,2,0,4,2,35.736288611111114,139.42305472222222,7,2,,,,
1,30,879,413,2,0,1,30000,0,220,2019,11,14,16,25,13,,,,,1,1,1,14,7,0,23,0,23,3,9,1,70,5,3,1,75,1,4,61,31,0,,,,,,,2,0,80,0,3,0,2,0,2,0,4,2,35.7372575,139.43217277777777,5,3,,,,
1,30,879,416,2,0,1,10240,0,223,2019,11,16,13,0,12,,,,,1,1,1,7,7,0,23,0,23,2,9,1,70,4,2,1,35,1,4,61,31,0,,,,,,,3,0,10,0,3,0,2,0,2,0,4,2,35.759080833333336,139.37792861111112,7,3,,,,
1,30,879,418,2,0,1,30000,0,223,2019,11,17,15,15,12,,,,,1,1,1,1,1,9,22,0,23,14,9,30,70,4,2,1,55,45,3,61,31,0,,,,,,,3,0,10,0,3,0,2,0,2,0,4,2,35.7552025,139.38508861111112,1,3,,,,
1,30,879,422,2,0,1,30000,0,223,2019,11,21,6,55,11,,,,,1,1,1,1,1,9,22,0,23,11,9,30,70,5,1,1,45,25,3,61,31,0,,,,,,,2,0,10,0,3,0,2,0,2,0,4,2,35.73510638888889,139.40835305555555,5,3,,,,
1,30,879,425,2,0,1,30000,0,220,2019,11,22,17,5,21,,,,,3,1,2,1,1,9,22,0,23,15,9,30,70,4,2,1,35,75,4,61,31,0,,,,,,,3,0,50,0,3,0,2,0,2,0,4,2,35.73665416666667,139.44129,6,2,,,,
1,30,879,429,2,0,1,30000,0,220,2019,11,23,18,0,22,,,,,3,2,2,1,1,9,22,0,23,18,9,30,70,4,2,1,35,25,4,61,31,0,,,,,,,3,0,50,0,4,0,2,0,2,0,4,2,35.73404,139.43303916666665,7,1,,,,
1,30,880,290,2,0,1,10240,0,308,2019,11,6,9,17,12,,,,,1,2,1,1,1,9,22,0,23,15,9,30,70,4,2,1,55,75,14,61,31,0,,,,,,,2,0,80,0,4,0,2,0,2,0,4,2,35.80822388888889,139.09716472222223,4,3,,,,
1,30,880,299,2,0,1,30000,0,205,2019,11,14,8,0,12,,,,,1,2,1,1,7,1,21,0,23,14,7,30,70,5,4,1,65,35,3,61,31,0,,,,,,,10,0,10,0,4,0,2,0,2,0,4,2,35.787975555555555,139.26140138888888,5,3,,,,
1,30,880,300,2,0,1,30000,0,205,2019,11,14,11,5,12,,,,,1,2,1,14,7,0,23,0,23,2,9,1,70,5,4,1,55,55,4,61,31,0,,,,,,,5,0,10,0,3,0,2,0,2,0,4,2,35.80180222222222,139.2195661111111,5,3,,,,
1,30,880,306,2,0,1,30000,0,205,2019,11,18,10,30,12,,,,,1,1,1,1,3,9,22,0,23,15,9,30,70,5,3,1,55,35,3,61,31,0,,,,,,,2,0,10,0,3,0,2,0,2,0,4,2,35.80832638888889,139.3033961111111,2,3,,,,
1,30,880,311,2,0,1,30000,0,205,2019,11,20,18,20,22,,,,,1,2,1,14,7,0,23,0,23,1,9,1,70,5,4,1,25,75,14,61,31,0,,,,,,,10,0,60,0,4,0,2,0,2,0,4,2,35.797217777777774,139.22424,4,3,,,,
1,30,880,313,2,0,1,30000,0,205,2019,11,21,17,10,21,,,,,1,2,1,1,1,9,22,0,23,15,9,30,70,4,2,1,35,55,4,61,31,0,,,,,,,3,0,10,0,3,0,2,0,2,0,4,2,35.78605861111111,139.28612722222223,5,3,,,,
1,30,880,319,2,0,1,30000,0,205,2019,11,26,15,25,12,,,,,2,2,1,1,1,9,22,0,23,18,9,30,70,4,2,1,65,75,3,61,31,0,,,,,,,3,0,10,0,4,0,2,0,2,0,4,2,35.7925275,139.3035091666667,3,3,,,,
1,30,880,320,2,0,1,30000,0,205,2019,11,27,17,30,22,,,,,1,2,1,14,7,0,23,0,23,3,9,1,70,5,3,1,55,45,3,61,31,0,,,,,,,10,0,10,0,4,0,2,0,2,0,4,2,35.784840833333334,139.30198750000002,4,3,,,,
1,30,880,324,2,0,1,30000,0,205,2019,10,10,10,30,12,,,,,1,1,1,7,7,0,23,0,23,3,9,1,70,4,2,1,45,25,36,61,31,0,,,,,,,10,0,10,0,3,0,0,0,0,0,4,2,35.788964444444446,139.27522611111112,5,3,,,,
1,30,881,143,2,0,1,99000,0,228,2019,11,19,17,5,21,,,,,1,2,1,0,7,0,23,0,23,0,0,20,70,0,4,1,55,75,3,61,31,0,,,,,,,10,0,50,0,4,0,2,0,2,0,4,2,35.73289694444445,139.25556777777777,3,3,,,,
1,30,882,472,2,0,1,30000,0,218,2019,11,2,18,40,22,,,,,1,3,1,1,1,8,22,0,23,11,9,30,70,4,3,1,55,75,4,61,31,0,,,,,,,10,0,80,0,4,0,2,0,2,0,4,2,35.73958611111111,139.3280738888889,7,2,,,,
1,30,882,474,2,0,1,20000,0,227,2019,11,4,10,25,12,,,,,1,1,1,1,7,9,22,0,23,14,9,30,70,5,2,1,45,75,4,61,31,0,,,,,,,2,0,40,0,4,0,2,0,2,0,4,2,35.75721388888889,139.3160888888889,2,1,,,,
1,30,882,483,2,0,1,20000,0,218,2019,11,10,10,9,12,,,,,1,1,1,1,1,9,22,0,23,15,9,30,70,4,2,1,65,35,4,61,31,0,,,,,,,3,0,80,0,3,0,2,0,2,0,4,2,35.754174444444445,139.32634861111111,1,3,,,,
1,30,882,485,2,0,1,10240,0,303,2019,11,15,15,29,12,,,,,1,1,1,1,1,9,22,0,23,15,9,30,70,4,1,1,65,1,3,61,31,0,,,,,,,4,0,10,0,3,0,2,0,2,0,4,2,35.77964138888889,139.32902666666666,6,3,,,,
1,30,882,487,2,0,1,30000,0,218,2019,6,20,5,45,12,,,,,1,1,1,1,1,9,22,0,23,15,9,30,70,4,2,1,55,35,13,61,31,0,,,,,,,2,0,10,0,4,0,2,0,2,0,4,2,35.73424111111111,139.32371777777777,5,3,,,,
1,30,882,490,2,0,1,30000,0,227,2019,11,6,9,5,12,,,,,1,1,1,1,7,9,22,0,23,14,9,30,70,5,3,1,65,1,3,61,31,0,,,,,,,2,0,10,0,3,0,2,0,2,0,4,2,35.757405,139.3168938888889,4,3,,,,
1,30,882,497,2,0,1,30000,0,218,2019,11,12,7,0,11,,,,,1,1,1,14,7,0,23,0,23,1,9,1,70,5,4,1,55,35,3,61,31,0,,,,,,,5,0,10,0,4,0,2,0,2,0,4,2,35.72929833333333,139.33601777777778,3,3,,,,
1,30,882,499,2,0,1,10550,0,218,2019,11,22,17,2,21,,,,,1,1,1,1,7,9,22,0,23,14,9,30,70,4,2,1,1,75,4,61,31,0,,,,,,,4,0,10,0,3,0,2,0,2,0,4,2,35.728319444444445,139.33473861111113,6,2,,,,
1,30,882,510,2,0,1,10740,0,228,2019,11,27,5,0,22,,,,,2,1,2,1,1,9,22,0,23,18,9,30,70,4,1,1,55,45,17,61,31,0,,,,,,,3,0,50,0,4,0,2,0,2,0,4,2,35.722749444444446,139.29785805555557,4,3,,,,
1,30,882,511,2,0,1,30000,0,303,2019,9,5,10,10,12,,,,,1,2,1,14,7,0,23,0,23,2,9,1,70,5,3,1,75,1,4,61,31,0,,,,,,,2,0,10,0,3,0,2,0,2,0,4,2,35.78353277777778,139.34793861111112,5,3,,,,
1,30,882,512,2,0,1,95000,0,218,2019,11,20,11,0,12,,,,,1,1,1,1,1,9,22,0,23,15,9,30,70,4,2,1,55,65,3,61,31,0,,,,,,,3,0,10,0,4,0,2,0,2,0,4,2,35.74073027777778,139.33048,4,3,,,,
1,30,882,515,2,0,1,30000,0,228,2019,11,27,17,55,22,,,,,2,2,1,1,1,9,22,0,23,18,9,30,70,1,2,1,35,65,3,61,31,0,,,,,,,3,0,40,0,3,0,2,0,2,0,4,2,35.731363611111114,139.28670888888888,4,3,,,,
1,30,883,629,2,0,1,30000,0,201,2019,10,13,6,45,12,,,,,1,1,1,14,7,0,23,0,23,2,9,1,70,5,3,1,75,0,61,0,0,0,,,,,,,0,0,0,0,0,0,0,0,0,0,2,0,35.669819999999994,139.3115177777778,1,2,,,,
1,30,883,637,2,0,1,30000,0,201,2019,11,9,13,36,12,,,,,1,1,1,7,3,0,23,0,23,1,9,1,70,4,2,1,1,1,51,61,0,0,,,,,,,0,0,10,0,3,0,0,0,0,0,4,2,35.677859444444444,139.31447305555557,7,3,,,,
1,30,883,647,2,0,6,160,430,201,2019,11,11,10,15,12,,,,,2,1,1,14,1,0,23,0,23,4,9,1,70,1,2,1,55,55,14,61,1,0,,,,,,,4,0,20,0,1,0,1,0,2,0,4,2,35.68297944444444,139.3499688888889,2,3,,,,
1,30,883,653,2,0,1,20740,0,201,2019,11,13,22,50,22,,,,,2,1,1,13,7,0,23,0,23,3,4,20,70,4,2,1,1,1,36,61,31,0,,,,,,,2,0,10,0,1,0,0,0,0,0,4,2,35.69275833333333,139.30462083333333,4,3,,,,
1,30,883,656,2,0,1,30000,0,201,2019,11,15,8,50,12,,,,,1,2,1,1,1,9,22,0,23,15,9,30,70,5,2,1,45,35,2,61,31,0,,,,,,,3,0,10,0,3,0,2,0,2,0,4,2,35.677193055555556,139.37268277777778,6,3,,,,
1,30,883,666,2,0,1,30000,0,201,2019,11,18,15,5,12,,,,,1,1,1,14,7,0,23,0,23,1,9,20,70,4,2,1,55,35,51,61,0,0,,,,,,,0,0,40,0,3,0,0,0,0,0,4,2,35.65375472222222,139.33910166666666,2,3,,,,
1,30,883,668,2,0,1,30000,0,201,2019,10,18,17,10,21,,,,,3,1,2,1,7,1,22,0,23,15,9,30,70,5,1,1,25,55,3,61,31,0,,,,,,,10,0,80,0,4,0,2,0,2,0,4,2,35.66847333333333,139.35839916666666,6,3,,,,
1,30,883,678,2,0,1,30000,0,201,2019,11,23,19,50,22,,,,,3,1,2,14,1,0,23,0,23,5,9,1,70,4,1,1,45,25,13,61,31,0,,,,,,,3,0,40,0,3,0,2,0,2,0,4,2,35.662599444444446,139.35344999999998,7,1,,,,
1,30,883,684,2,0,1,10460,0,201,2019,11,26,17,55,22,,,,,1,1,1,1,1,9,22,0,23,15,9,30,70,4,2,1,65,75,3,61,31,0,,,,,,,3,0,10,0,3,0,2,0,2,0,4,2,35.6837975,139.30319694444447,3,3,,,,
1,30,883,696,2,0,1,30000,0,201,2019,11,7,17,10,21,,,,,1,1,1,14,7,0,23,0,23,4,9,1,70,4,2,1,1,75,51,61,0,0,,,,,,,0,0,10,0,3,0,0,0,0,0,4,2,35.666579444444444,139.3579186111111,5,3,,,,
1,30,884,617,1,1,0,30000,0,209,2019,11,14,17,25,21,,,,,1,1,1,1,7,9,21,0,23,15,9,30,70,4,2,1,65,75,14,61,31,0,,,,,,,3,0,80,0,3,0,2,0,2,0,4,1,35.54428166666666,139.47367305555557,5,3,,,,
1,30,884,620,2,0,1,20000,0,209,2019,11,2,17,30,21,,,,,1,1,1,14,7,0,23,0,23,2,9,1,70,4,2,1,25,1,3,61,31,0,,,,,,,3,0,41,0,4,0,2,0,2,0,4,2,35.510711111111114,139.4732163888889,7,2,,,,
1,30,884,622,2,0,1,30000,0,209,2019,11,7,15,48,13,,,,,1,2,1,1,7,9,22,0,23,15,9,30,70,4,2,1,75,35,3,61,31,0,,,,,,,2,0,10,0,3,0,2,0,2,0,4,2,35.574872500000005,139.43720833333333,5,3,,,,
1,30,884,624,2,0,1,30000,0,209,2019,11,8,5,55,23,,,,,1,1,1,14,7,0,23,0,23,3,9,1,70,4,3,1,75,75,3,61,31,0,,,,,,,2,0,40,0,3,0,2,0,2,0,4,2,35.588455555555555,139.39603722222222,6,3,,,,
1,30,884,627,2,0,1,30000,0,209,2019,11,8,21,0,22,,,,,1,1,1,1,7,9,22,0,23,11,9,30,70,5,3,1,45,35,36,61,31,0,,,,,,,2,0,10,0,3,0,0,0,0,0,4,2,35.56229444444444,139.4181825,6,3,,,,
1,30,884,630,2,0,1,30000,0,209,2019,11,1,9,2,12,,,,,1,1,1,14,7,0,23,0,23,2,9,20,70,5,3,1,75,65,4,61,31,0,,,,,,,2,0,40,0,3,0,2,0,2,0,4,2,35.546633888888884,139.44356333333334,6,3,,,,
1,30,884,652,2,0,1,30000,0,209,2019,11,18,18,30,22,,,,,2,1,1,14,7,0,23,0,23,2,9,1,70,4,2,1,25,55,3,61,31,0,,,,,,,3,0,51,0,3,0,2,0,2,0,4,2,35.53535361111111,139.45826888888888,2,3,,,,
1,30,884,653,2,0,1,30000,0,209,2019,11,19,18,38,22,,,,,1,2,1,1,7,9,22,0,23,15,9,30,70,4,2,1,45,35,13,61,31,0,,,,,,,5,0,10,0,3,0,2,0,2,0,4,2,35.529535833333334,139.47282972222223,3,3,,,,
1,30,884,657,2,0,1,30000,0,209,2019,11,21,17,20,21,,,,,1,1,1,13,7,0,23,0,23,2,3,20,70,5,3,1,75,65,4,61,31,0,,,,,,,2,0,10,0,3,0,2,0,2,0,4,2,35.576523611111114,139.49370638888888,5,3,,,,
1,30,884,658,2,0,1,30000,0,209,2019,11,21,18,55,22,,,,,1,1,1,14,7,0,23,0,23,3,7,1,70,4,2,1,1,65,51,61,0,0,,,,,,,0,0,10,0,4,0,0,0,0,0,4,2,35.57566555555556,139.43359444444445,5,3,,,,
1,30,884,659,2,0,1,30570,0,209,2019,11,14,19,5,22,,,,,1,1,1,7,1,0,23,0,23,3,9,1,70,4,2,1,55,45,14,61,31,0,,,,,,,3,0,10,0,3,0,2,0,2,0,4,2,35.570638611111114,139.4386352777778,5,3,,,,
1,30,884,668,2,0,1,30000,0,209,2019,11,29,17,50,22,,,,,1,1,1,14,7,0,23,0,23,2,8,1,70,5,2,1,75,45,51,61,0,0,,,,,,,0,0,10,0,4,0,0,0,0,0,4,2,35.538694444444445,139.4532297222222,6,3,,,,
1,30,884,672,2,0,1,30000,0,209,2019,11,2,17,10,21,,,,,1,1,2,1,1,9,22,0,23,15,9,30,70,4,2,1,25,55,4,61,31,0,,,,,,,3,0,20,0,4,0,2,0,2,0,4,2,35.53086361111111,139.4798125,7,2,,,,
1,30,885,367,2,0,1,30000,0,212,2019,9,27,11,58,12,,,,,1,3,1,1,7,1,21,0,23,11,9,30,70,4,2,1,25,35,13,61,31,0,,,,,,,3,0,50,0,4,0,2,0,2,0,4,2,35.65536361111111,139.37196083333333,6,3,,,,
1,30,885,373,2,0,1,21200,0,212,2019,11,2,10,49,12,,,,,1,2,1,1,1,9,22,0,23,15,9,30,70,4,2,1,55,75,1,61,1,0,,,,,,,3,0,50,0,3,0,2,0,2,0,4,2,35.64690888888889,139.38432194444442,7,2,,,,
1,30,885,374,2,0,1,30000,0,212,2019,11,4,23,14,22,,,,,2,3,1,7,1,0,23,0,23,3,8,1,70,5,1,1,55,35,14,61,31,0,,,,,,,3,0,10,0,3,0,2,0,2,0,4,2,35.651875833333335,139.4164713888889,2,1,,,,
1,30,885,378,2,0,1,10510,0,212,2019,11,7,7,25,12,,,,,1,3,1,1,1,9,22,0,23,18,9,30,70,4,1,1,35,65,13,61,31,0,,,,,,,3,0,10,0,3,0,2,0,2,0,4,2,35.66327555555556,139.4066361111111,5,3,,,,
1,30,885,387,2,0,1,95000,0,212,2019,11,9,12,10,12,,,,,1,3,1,1,1,9,22,0,23,14,9,30,70,4,1,1,1,65,51,61,0,0,,,,,,,0,0,40,0,4,0,0,0,0,0,4,2,35.67953611111111,139.39421888888887,7,3,,,,
1,30,885,388,2,0,1,30000,0,212,2019,11,13,9,52,12,,,,,2,2,2,14,7,0,23,0,23,2,8,1,70,5,4,1,75,1,3,61,31,0,,,,,,,10,0,80,0,3,0,2,0,2,0,4,2,35.65973111111111,139.40561527777777,4,3,,,,
1,30,885,392,2,0,1,21200,0,212,2019,11,19,13,40,12,,,,,1,3,1,1,1,9,22,0,23,15,9,30,70,5,2,1,45,55,3,61,31,0,,,,,,,3,0,10,0,3,0,2,0,2,0,4,2,35.65889444444444,139.37234555555557,3,3,,,,
1,30,885,395,2,0,1,20780,0,212,2019,11,1,18,25,22,,,,,1,3,1,1,7,9,22,0,23,11,9,30,70,5,2,1,1,1,52,61,0,0,,,,,,,0,0,10,0,3,0,0,0,0,0,4,2,35.64654083333333,139.40307694444445,6,3,,,,
1,30,885,398,2,0,1,10510,0,212,2019,11,25,18,50,22,,,,,3,3,2,14,7,0,23,0,23,3,9,20,70,5,2,1,25,45,34,61,31,0,,,,,,,3,0,10,0,3,0,0,0,0,0,4,2,35.672262499999995,139.40291611111113,2,3,,,,
1,30,886,427,2,0,1,30810,0,207,2019,11,1,15,24,12,,,,,1,1,1,14,7,0,23,0,23,4,9,1,70,4,2,1,65,75,3,61,31,0,,,,,,,3,0,10,0,3,0,2,0,2,0,4,2,35.71690944444445,139.34760166666666,6,3,,,,
1,30,886,436,2,0,1,30000,0,207,2019,11,6,17,20,21,,,,,1,2,1,14,7,0,23,0,23,3,9,1,70,4,2,1,55,1,4,61,31,0,,,,,,,3,0,80,0,3,0,2,0,2,0,4,2,35.71040305555556,139.36489694444444,4,3,,,,
1,30,886,437,2,0,1,95000,0,207,2019,11,6,17,30,21,,,,,1,1,1,1,1,9,22,0,23,15,9,30,70,4,2,1,65,65,13,61,31,0,,,,,,,2,0,10,0,3,0,2,0,2,0,4,2,35.70248111111111,139.37973555555556,4,3,,,,
1,30,886,439,2,0,1,30000,0,207,2019,11,7,17,40,21,,,,,1,3,1,7,7,0,23,0,23,3,9,1,70,5,2,1,55,1,3,61,1,0,,,,,,,10,0,10,0,3,0,2,0,2,0,4,2,35.712991388888895,139.35608444444443,5,3,,,,
1,30,886,444,2,0,1,10530,0,207,2019,11,14,16,15,13,,,,,1,1,1,14,7,0,23,0,23,1,9,1,70,4,2,1,25,1,3,61,31,0,,,,,,,3,0,10,0,3,0,2,0,2,0,4,2,35.699057222222216,139.36165499999998,5,3,,,,
1,30,887,753,1,1,0,30000,0,202,2019,11,2,18,49,22,,,,,1,1,1,14,7,0,23,0,23,3,9,1,70,5,2,1,45,25,13,61,31,0,,,,,,,2,0,84,0,3,0,2,0,2,0,4,1,35.6971175,139.41480833333333,7,2,,,,
1,30,887,768,2,0,1,30000,0,202,2019,11,8,8,10,12,,,,,1,2,1,14,7,0,23,0,23,1,9,20,70,5,3,1,35,45,4,61,31,0,,,,,,,1,0,40,0,3,0,2,0,2,0,4,2,35.69696166666667,139.42173388888887,6,3,,,,
1,30,887,772,2,0,1,30000,0,202,2019,11,2,16,15,13,,,,,1,1,1,14,7,0,23,0,23,2,9,1,70,5,4,1,45,75,51,61,0,0,,,,,,,0,0,10,0,4,0,0,0,0,0,4,2,35.695718888888884,139.40285972222222,7,2,,,,
1,30,887,778,2,0,1,30000,0,215,2019,11,11,17,33,21,,,,,2,1,2,1,7,9,22,0,23,14,9,30,70,4,2,1,45,75,51,61,0,0,,,,,,,0,0,10,0,3,0,0,0,0,0,4,2,35.698032777777776,139.44553333333334,2,3,,,,
1,30,887,790,2,0,1,30000,0,215,2019,11,14,5,15,23,,,,,2,2,2,1,1,9,22,0,23,18,7,20,70,1,2,1,45,65,12,61,1,0,,,,,,,3,0,10,0,3,0,2,0,2,0,4,2,35.67300083333333,139.44817333333333,5,3,,,,
1,30,887,791,2,0,1,30000,0,202,2019,11,11,19,25,22,,,,,2,1,1,7,7,0,23,0,23,1,9,1,70,4,2,1,35,55,4,61,31,0,,,,,,,3,0,10,0,3,0,2,0,2,0,4,2,35.69969,139.4047377777778,2,3,,,,
1,30,887,798,2,0,1,30000,0,202,2019,11,15,8,40,12,,,,,1,2,1,1,1,9,22,0,23,15,9,30,70,4,2,1,45,75,3,61,31,0,,,,,,,3,0,10,0,3,0,2,0,2,0,4,2,35.72711527777778,139.37403666666668,6,3,,,,
1,30,887,808,2,0,1,30000,0,202,2019,11,18,8,50,12,,,,,1,2,1,14,7,0,23,0,23,2,9,1,70,5,4,1,65,1,3,61,31,0,,,,,,,2,0,20,0,3,0,2,0,2,0,4,2,35.694693611111106,139.42991138888888,2,3,,,,
1,30,887,823,2,0,1,30000,0,215,2019,11,16,14,15,12,,,,,1,3,1,1,1,9,22,0,23,15,9,30,70,4,2,1,65,25,3,61,31,0,,,,,,,3,0,10,0,3,0,2,0,2,0,4,2,35.70048083333334,139.43987805555557,7,3,,,,
1,30,887,839,2,0,1,95000,0,202,2019,11,26,5,55,23,,,,,3,2,2,1,1,9,22,0,23,14,8,30,70,5,2,1,65,55,3,61,31,0,,,,,,,4,0,50,0,3,0,2,0,2,0,4,2,35.72516,139.3736838888889,3,3,,,,
1,30,887,841,2,0,1,30000,0,202,2019,11,22,15,45,13,,,,,3,2,2,1,7,9,22,0,23,14,9,30,70,5,3,1,35,1,3,61,31,0,,,,,,,2,0,20,0,3,0,2,0,2,0,4,2,35.69087694444444,139.41581333333335,6,2,,,,
1,30,887,847,2,0,1,10530,0,202,2019,11,29,17,5,21,,,,,1,1,1,1,1,9,22,0,23,15,9,30,70,4,1,1,25,55,12,61,1,0,,,,,,,4,0,10,0,2,0,2,0,2,0,4,2,35.69235583333333,139.3926336111111,6,3,,,,
1,30,887,851,2,0,1,30000,0,202,2019,11,30,14,48,12,,,,,1,2,1,1,2,1,22,0,23,11,9,30,70,4,2,1,45,75,3,61,31,0,,,,,,,2,0,10,0,3,0,2,0,2,0,4,2,35.72928916666667,139.3947472222222,7,3,,,,
1,30,888,271,2,0,1,30000,0,206,2019,11,4,0,40,22,,,,,3,1,2,7,1,0,23,0,23,3,9,1,70,4,2,1,45,35,4,61,31,0,,,,,,,3,0,10,0,3,0,2,0,2,0,4,2,35.67554444444444,139.47914944444446,2,1,,,,
1,30,888,272,2,0,1,30000,0,206,2019,11,5,17,45,22,,,,,1,1,1,14,1,0,23,0,23,2,9,1,70,4,2,1,45,75,3,61,31,0,,,,,,,4,0,10,0,3,0,2,0,2,0,4,2,35.66468277777778,139.4959747222222,3,3,,,,
1,30,888,277,2,0,1,99000,0,206,2019,10,4,10,2,12,,,,,1,1,1,0,7,0,23,0,23,0,0,20,70,0,4,1,45,65,4,61,31,0,,,,,,,10,0,70,0,3,0,2,0,2,0,4,2,35.66265833333333,139.4700138888889,6,3,,,,
1,30,888,280,2,0,1,30000,0,206,2019,11,15,11,15,12,,,,,1,1,1,14,1,0,23,0,23,1,9,1,70,4,1,1,55,75,3,61,31,0,,,,,,,3,0,10,0,3,0,2,0,2,0,4,2,35.657802499999995,139.50608805555555,6,3,,,,
1,30,889,257,2,0,1,30000,0,214,2019,11,4,11,25,12,,,,,1,1,1,14,7,0,23,0,23,2,9,1,70,5,3,1,75,55,4,61,31,0,,,,,,,5,0,50,0,3,0,2,0,2,0,4,2,35.69539611111111,139.46565916666665,2,1,,,,
1,30,889,258,2,0,1,30000,0,210,2019,11,5,9,52,12,,,,,1,1,1,1,7,1,21,0,23,11,9,30,70,5,2,1,45,75,3,61,31,0,,,,,,,2,0,10,0,3,0,2,0,2,0,4,2,35.70221055555556,139.52276833333335,3,3,,,,
1,30,889,260,2,0,1,20880,0,214,2019,11,10,1,36,22,,,,,1,1,1,1,7,9,22,0,23,17,9,30,70,4,3,1,65,25,3,61,1,0,,,,,,,3,0,10,0,3,0,1,0,1,0,4,2,35.71105416666667,139.47142694444446,1,3,,,,
1,30,889,262,2,0,1,10560,0,210,2019,11,11,11,55,12,,,,,2,1,1,1,1,9,22,0,23,15,9,30,70,4,2,1,65,75,51,61,0,0,,,,,,,0,0,10,0,4,0,0,0,0,0,4,2,35.69860444444444,139.50629361111112,2,3,,,,
1,30,889,265,2,0,1,30000,0,214,2019,11,14,10,50,12,,,,,1,1,1,14,7,0,23,0,23,3,9,1,70,5,3,1,55,55,3,61,31,0,,,,,,,2,0,40,0,3,0,2,0,2,0,4,2,35.71151416666667,139.43328305555553,5,3,,,,
1,30,889,267,2,0,1,95000,0,210,2019,10,23,16,10,13,,,,,1,1,1,14,7,0,23,0,23,1,9,1,70,5,4,1,45,75,13,61,31,0,,,,,,,5,0,50,0,4,0,2,0,2,0,4,2,35.702109722222225,139.5058913888889,4,3,,,,
1,30,889,269,2,0,1,10560,0,210,2019,11,18,8,14,12,,,,,1,1,1,1,1,9,22,0,23,14,9,30,70,1,2,1,25,1,14,61,31,0,,,,,,,3,0,10,0,3,0,2,0,2,0,4,2,35.689277499999996,139.50062666666668,2,3,,,,
1,30,889,270,2,0,1,30000,0,210,2019,11,19,14,40,12,,,,,1,1,1,14,7,0,23,0,23,2,9,1,70,5,4,1,65,75,3,61,31,0,,,,,,,10,0,10,0,3,0,2,0,2,0,4,2,35.70079027777778,139.5089211111111,3,3,,,,
1,30,889,275,2,0,1,30000,0,210,2019,11,24,13,0,12,,,,,1,1,1,14,7,0,23,0,23,3,9,1,70,5,3,1,25,1,51,61,0,0,,,,,,,0,0,10,0,3,0,0,0,0,0,4,2,35.70231861111112,139.5053927777778,1,3,,,,