資料区分,都道府県コード,警察署等コード,本票番号,事故内容,死者数,負傷者数,路線コード,地点コード,市区町村コード,発生日時　　年,発生日時　　月,発生日時　　日,発生日時　　時,発生日時　　分,昼夜,日の出時刻　　時,日の出時刻　　分,日の入り時刻　　時,日の入り時刻　　分,天候,地形,路面状態,道路形状,信号機,一時停止規制　標識（当事者A）,一時停止規制　表示（当事者A）,一時停止規制　標識（当事者B）,一時停止規制　表示（当事者B）,車道幅員,道路線形,衝突地点,ゾーン規制,中央分離帯施設等,歩車道区分,事故類型,年齢（当事者A）,年齢（当事者B）,当事者種別（当事者A）,当事者種別（当事者B）,用途別（当事者A）,用途別（当事者B）,車両形状等（当事者A）,車両形状等（当事者B）,オートマチック車（当事者A）,オートマチック車（当事者B）,サポカー（当事者A）,サポカー（当事者B）,速度規制（指定のみ）（当事者A）,速度規制（指定のみ）（当事者B）,車両の衝突部位（当事者A）,車両の衝突部位（当事者B）,車両の損壊程度（当事者A）,車両の損壊程度（当事者B）,エアバッグの装備（当事者A）,エアバッグの装備（当事者B）,サイドエアバッグの装備（当事者A）,サイドエアバッグの装備（当事者B）,人身損傷程度（当事者A）,人身損傷程度（当事者B）,lat,lon,曜日(発生年月日),祝日(発生年月日),認知機能検査経過日数（当事者A）,認知機能検査経過日数（当事者B）,運転練習の方法（当事者A）,運転練習の方法（当事者B）
1,30,889,277,2,0,1,30000,0,214,2019,11,26,20,20,22,,,,,2,1,1,1,7,9,22,0,23,11,9,30,70,5,4,1,45,1,36,61,31,0,,,,,,,10,0,10,0,3,0,0,0,0,0,4,2,35.716298333333334,139.4609975,3,3,,,,
1,30,889,279,2,0,1,30000,0,214,2019,11,29,10,50,12,,,,,1,1,1,1,7,9,22,0,23,14,9,30,70,5,2,1,55,75,4,61,31,0,,,,,,,2,0,20,0,3,0,2,0,2,0,4,2,35.69541611111111,139.46938416666666,6,3,,,,
1,30,890,493,2,0,1,30000,0,229,2019,10,23,10,20,12,,,,,1,1,1,7,1,0,23,0,23,1,8,1,70,5,3,1,25,0,61,0,0,0,,,,,,,0,0,0,0,0,0,0,0,0,0,2,0,35.726911111111114,139.54113444444445,4,3,,,,
1,30,890,494,2,0,1,30000,0,222,2019,11,6,15,10,12,,,,,1,1,1,7,7,0,23,0,23,2,9,1,70,5,4,1,55,75,4,61,31,0,,,,,,,3,0,10,0,3,0,2,0,2,0,4,2,35.744844722222226,139.5039402777778,4,3,,,,
1,30,890,495,2,0,1,20000,0,229,2019,11,7,18,55,22,,,,,2,1,1,14,7,0,23,0,23,3,9,1,70,4,2,1,55,75,3,61,31,0,,,,,,,3,0,10,0,3,0,2,0,2,0,4,2,35.73894361111111,139.5525713888889,5,3,,,,
1,30,890,496,2,0,1,10260,0,229,2019,11,9,10,45,12,,,,,1,1,1,14,7,0,23,0,23,3,9,1,70,4,2,1,55,75,31,61,31,0,,,,,,,3,0,10,0,3,0,0,0,0,0,4,2,35.712313611111114,139.53189916666668,7,3,,,,
1,30,890,497,2,0,1,20000,0,229,2019,11,9,20,20,22,,,,,1,1,1,14,7,0,23,0,23,4,9,1,70,4,2,1,25,45,4,61,31,0,,,,,,,2,0,10,0,3,0,2,0,2,0,4,2,35.747641111111115,139.53645,7,3,,,,
1,30,890,498,2,0,1,20000,0,229,2019,11,11,17,50,22,,,,,2,1,2,7,1,0,23,0,23,3,9,1,70,4,2,1,55,55,4,61,31,0,,,,,,,2,0,50,0,3,0,2,0,2,0,4,2,35.71651555555556,139.53413305555554,2,3,,,,
1,30,890,507,2,0,1,20000,0,229,2019,11,9,19,10,22,,,,,1,1,1,1,1,9,22,0,23,14,9,30,70,4,2,1,75,45,4,61,31,0,,,,,,,2,0,10,0,3,0,2,0,2,0,4,2,35.732710555555556,139.52276500000002,7,3,,,,
1,30,890,508,2,0,1,95000,0,222,2019,11,16,8,0,12,,,,,1,1,1,14,7,0,23,0,23,4,9,1,70,4,2,1,55,25,3,61,31,0,,,,,,,3,0,40,0,3,0,2,0,2,0,4,2,35.75376111111111,139.50053805555555,7,3,,,,
1,30,890,510,2,0,1,30000,0,229,2019,11,16,10,5,12,,,,,1,1,1,14,7,0,23,0,23,2,9,1,70,5,3,1,35,75,4,61,31,0,,,,,,,10,0,40,0,3,0,2,0,2,0,4,2,35.750059722222225,139.5615341666667,7,3,,,,
1,30,890,534,2,0,1,95000,0,229,2019,11,27,16,10,13,,,,,2,1,1,1,1,9,22,0,23,15,9,30,70,4,1,1,75,65,4,61,31,0,,,,,,,3,0,10,0,3,0,2,0,2,0,4,2,35.74301638888889,139.56573083333333,4,3,,,,
1,30,890,536,2,0,1,30000,0,222,2019,11,28,17,10,21,,,,,3,1,2,14,1,0,23,0,23,4,9,1,70,4,2,1,55,75,51,61,0,0,,,,,,,0,0,40,0,4,0,0,0,0,0,4,2,35.76106111111111,139.50842777777777,5,3,,,,
1,30,890,543,2,0,1,20000,0,222,2019,11,29,16,20,13,,,,,1,1,1,7,1,0,23,0,23,3,9,1,70,4,2,1,75,75,14,61,31,0,,,,,,,2,0,10,0,3,0,2,0,2,0,4,2,35.7651125,139.53557583333333,6,3,,,,
1,30,890,546,2,0,1,30000,0,229,2019,11,22,2,30,22,,,,,1,1,1,14,7,0,23,0,23,2,9,1,70,5,3,1,45,25,4,61,31,0,,,,,,,10,0,40,0,3,0,2,0,2,0,4,2,35.725166111111115,139.54031194444445,6,2,,,,
1,30,890,548,2,0,1,30000,0,229,2019,11,14,11,50,12,,,,,1,1,1,14,7,0,23,0,23,1,9,20,1,5,4,1,1,75,14,61,1,0,,,,,,,1,0,20,0,4,0,2,0,2,0,4,2,35.74008583333333,139.55140083333333,5,3,,,,
1,30,891,269,2,0,1,30000,0,213,2019,11,15,10,19,12,,,,,1,1,1,1,1,8,22,0,23,15,9,30,70,4,2,1,55,65,4,61,31,0,,,,,,,2,0,10,0,4,0,2,0,2,0,4,2,35.751125555555554,139.47491083333333,6,3,,,,
1,30,891,273,2,0,1,30000,0,213,2019,11,8,17,45,22,,,,,1,1,1,14,7,0,23,0,23,3,9,1,70,5,3,1,75,35,3,61,31,0,,,,,,,2,0,40,0,3,0,2,0,2,0,4,2,35.7779075,139.4946911111111,6,3,,,,
1,30,891,279,2,0,1,10250,0,213,2019,11,3,11,15,12,,,,,2,1,1,7,7,0,23,0,23,2,9,1,70,4,2,1,45,35,4,61,31,0,,,,,,,2,0,10,0,3,0,2,0,2,0,4,2,35.74630416666667,139.48645083333332,1,1,,,,
1,30,891,280,2,0,1,30000,0,213,2019,11,27,20,50,22,,,,,2,1,1,1,1,9,22,0,23,15,7,30,70,4,2,1,65,75,3,61,31,0,,,,,,,2,0,20,0,4,0,2,0,2,0,4,2,35.766618333333334,139.45001472222222,4,3,,,,
1,30,891,284,2,0,1,99000,0,213,2019,11,26,21,50,22,,,,,2,2,1,0,7,0,23,0,23,0,0,20,70,0,4,1,35,45,3,61,31,0,,,,,,,10,0,30,0,3,0,2,0,2,0,4,2,35.76611416666667,139.47040027777777,3,3,,,,
1,30,892,189,2,0,1,30000,0,203,2019,11,6,8,20,12,,,,,1,1,1,14,7,0,23,0,23,3,9,1,70,5,3,1,35,25,51,61,0,0,,,,,,,0,0,10,0,4,0,0,0,0,0,4,2,35.70340111111111,139.5786725,4,3,,,,
1,30,892,195,2,0,1,21220,0,203,2019,11,22,17,25,21,,,,,3,1,2,1,1,9,22,0,23,14,9,30,70,4,2,1,25,45,13,61,1,0,,,,,,,3,0,10,0,3,0,2,0,2,0,4,2,35.71798805555556,139.55569722222222,6,2,,,,
1,30,893,299,2,0,1,95000,0,204,2019,11,2,8,50,12,,,,,1,1,1,0,7,0,23,0,23,0,0,20,70,0,2,1,45,55,51,61,0,0,,,,,,,0,0,20,0,3,0,0,0,0,0,4,2,35.70039833333334,139.5661663888889,7,2,,,,
1,30,893,301,2,0,1,10270,0,204,2019,11,4,16,45,21,,,,,1,1,1,14,7,0,23,0,23,3,9,1,70,4,2,1,45,25,3,61,31,0,,,,,,,2,0,10,0,3,0,2,0,2,0,4,2,35.67946555555555,139.5302463888889,2,1,,,,
1,30,893,308,2,0,1,20910,0,204,2019,11,11,18,30,22,,,,,2,1,2,1,7,9,22,0,23,15,9,20,70,5,2,1,1,75,3,61,31,0,,,,,,,3,0,80,0,3,0,2,0,2,0,4,2,35.6951975,139.537885,2,3,,,,
1,30,893,311,2,0,1,20880,0,204,2019,11,17,7,15,11,,,,,1,1,1,1,7,1,22,0,23,14,9,30,70,4,2,1,45,45,3,61,31,0,,,,,,,2,0,10,0,4,0,2,0,2,0,4,2,35.69494583333333,139.5475586111111,1,3,,,,
1,30,893,320,2,0,1,30000,0,204,2019,11,22,8,10,12,,,,,3,1,2,7,7,0,23,0,23,3,9,1,70,5,2,1,45,55,36,61,31,0,,,,,,,2,0,40,0,3,0,0,0,0,0,4,2,35.69835972222222,139.5585002777778,6,2,,,,
1,30,893,322,2,0,1,30000,0,204,2019,11,8,18,20,22,,,,,1,1,1,14,7,0,23,0,23,1,9,20,70,5,4,1,65,0,61,0,0,0,,,,,,,0,0,0,0,0,0,0,0,0,0,2,0,35.68486972222222,139.54158,6,3,,,,
1,30,894,458,2,0,1,30000,0,208,2019,11,4,17,40,21,,,,,1,1,1,14,7,0,23,0,23,2,9,1,70,5,4,1,35,55,3,61,31,0,,,,,,,10,0,20,0,4,0,2,0,2,0,4,2,35.653213055555554,139.5346688888889,2,1,,,,
1,30,894,459,2,0,1,10620,0,219,2019,11,4,20,53,22,,,,,2,1,1,1,1,9,22,0,23,15,9,30,70,5,2,1,45,25,3,61,31,0,,,,,,,3,0,10,0,4,0,2,0,2,0,4,2,35.637766944444444,139.57442277777778,2,1,,,,
1,30,894,461,2,0,1,30000,0,208,2019,11,8,6,40,11,,,,,1,1,1,14,7,0,23,0,23,1,9,1,70,5,3,1,45,35,3,61,31,0,,,,,,,1,0,10,0,3,0,2,0,2,0,4,2,35.65741472222222,139.57358222222223,6,3,,,,
1,30,894,472,2,0,1,20890,0,208,2019,11,20,7,35,12,,,,,1,1,1,7,7,0,23,0,23,3,9,1,70,4,2,1,1,35,35,61,31,0,,,,,,,2,0,40,0,3,0,0,0,0,0,4,2,35.65235527777778,139.54690805555555,4,3,,,,
1,30,894,476,2,0,1,200,214,208,2019,11,25,23,45,22,,,,,1,1,1,1,1,9,22,0,23,15,9,30,70,4,2,1,45,1,2,61,1,0,,,,,,,5,0,17,0,3,0,2,0,2,0,4,2,35.65829861111111,139.5714525,2,3,,,,
1,30,894,479,2,0,1,21230,0,219,2019,11,29,11,26,12,,,,,1,1,1,1,1,9,22,0,23,15,9,30,70,4,2,1,25,75,4,61,31,0,,,,,,,3,0,50,0,3,0,2,0,2,0,4,2,35.635800833333334,139.57359694444443,6,3,,,,
1,30,894,480,2,0,1,21230,0,208,2019,11,22,20,10,22,,,,,3,1,2,1,1,1,21,0,23,14,9,30,70,4,2,1,75,35,3,61,31,0,,,,,,,3,0,10,0,3,0,2,0,2,0,4,2,35.65670333333333,139.58773055555557,6,2,,,,
1,30,894,483,2,0,1,30000,0,208,2019,11,28,8,30,12,,,,,2,1,2,14,7,0,23,0,23,2,9,1,70,5,3,1,75,35,3,61,31,0,,,,,,,10,0,40,0,3,0,2,0,2,0,4,2,35.656727499999995,139.58865861111113,5,3,,,,
1,30,895,304,2,0,1,30000,0,211,2019,11,3,23,47,22,,,,,3,1,2,1,1,9,22,0,23,17,3,30,70,5,2,1,65,65,3,61,1,0,,,,,,,3,0,10,0,3,0,2,0,2,0,4,2,35.73294277777778,139.43557583333333,1,1,,,,
1,30,895,315,2,0,1,30000,0,211,2019,11,10,6,50,11,,,,,1,1,1,1,7,9,22,0,23,15,9,30,70,5,3,1,35,1,3,61,31,0,,,,,,,1,0,10,0,3,0,2,0,2,0,4,2,35.71834777777778,139.4790927777778,1,3,,,,
1,30,895,316,2,0,1,10560,0,211,2019,11,14,16,50,21,,,,,1,1,1,14,7,0,23,0,23,5,9,1,70,4,2,1,35,1,3,61,31,0,,,,,,,3,0,10,0,3,0,2,0,2,0,4,2,35.71946777777778,139.50913416666666,5,3,,,,
1,30,895,320,2,0,1,10560,0,211,2019,11,12,18,36,22,,,,,1,1,1,14,7,0,23,0,23,3,9,1,70,4,2,1,1,25,35,61,31,0,,,,,,,3,0,10,0,3,0,0,0,0,0,4,2,35.71993277777778,139.5092325,3,3,,,,
1,30,895,321,2,0,1,30000,0,211,2019,11,25,19,18,22,,,,,3,1,2,1,1,9,22,0,23,11,9,30,70,4,1,1,45,25,3,61,31,0,,,,,,,3,0,10,0,3,0,2,0,2,0,4,2,35.73265166666667,139.48767166666664,2,3,,,,
1,30,895,326,2,0,1,30000,0,211,2019,11,30,21,38,22,,,,,1,1,1,1,7,9,22,0,23,11,3,30,70,5,2,1,45,55,3,61,31,0,,,,,,,10,0,10,0,3,0,2,0,2,0,4,2,35.73054305555556,139.470415,7,3,,,,
1,30,100,127,2,0,2,200,58,101,2019,12,4,4,41,22,,,,,1,1,1,1,1,9,22,0,23,18,9,30,70,1,1,1,45,1,35,61,31,0,,,,,,,5,0,10,0,3,0,0,0,0,0,2,2,35.685719999999996,139.73085277777778,4,3,,,,
1,30,100,130,2,0,1,95000,0,101,2019,12,18,22,59,22,,,,,1,1,1,14,1,0,23,0,23,6,9,1,70,1,2,1,45,35,31,61,31,0,,,,,,,5,0,10,0,3,0,0,0,0,0,4,2,35.68385416666666,139.73611444444444,4,3,,,,
1,30,101,192,2,0,1,30060,0,101,2019,11,13,20,34,22,,,,,2,1,1,14,7,0,23,0,23,2,9,1,70,4,2,1,25,45,3,61,1,0,,,,,,,3,0,20,0,4,0,2,0,2,0,4,2,35.68601222222222,139.7693025,4,3,,,,
1,30,101,201,2,0,1,90000,0,101,2019,11,21,8,40,12,,,,,1,1,1,14,7,0,23,0,23,2,9,20,70,5,2,1,55,45,3,61,1,0,,,,,,,10,0,40,0,4,0,2,0,2,0,4,2,35.680774166666666,139.76901166666667,5,3,,,,
1,30,101,202,2,0,1,90000,0,101,2019,12,9,11,55,12,,,,,1,1,1,14,7,0,23,0,23,4,9,20,70,5,2,1,25,65,51,61,0,0,,,,,,,0,0,10,0,3,0,0,0,0,0,4,2,35.68808055555555,139.76465055555556,2,3,,,,
1,30,101,210,2,0,1,30000,0,101,2019,12,16,11,15,12,,,,,1,1,1,14,7,0,23,0,23,5,9,1,70,4,2,1,45,65,17,61,31,0,,,,,,,5,0,80,0,3,0,2,0,2,0,4,2,35.66930472222222,139.75828,2,3,,,,
1,30,102,139,1,1,0,20090,0,101,2019,12,27,2,50,22,,,,,3,1,2,7,7,0,23,0,23,6,8,1,70,4,1,1,75,35,3,61,1,0,,,,,,,10,0,10,0,2,0,2,0,2,0,4,1,35.689008888888885,139.7686763888889,6,3,,,,
1,30,102,144,2,0,1,20000,0,101,2019,12,5,18,40,22,,,,,1,1,1,1,7,9,22,0,23,17,9,30,70,4,2,1,55,55,3,61,1,0,,,,,,,4,0,10,0,3,0,2,0,2,0,4,2,35.68959638888889,139.7645163888889,5,3,,,,
1,30,102,146,2,0,1,20050,0,101,2019,12,9,9,40,12,,,,,1,1,1,14,7,0,23,0,23,6,8,1,70,1,1,1,55,35,13,61,31,0,,,,,,,3,0,80,0,4,0,2,0,2,0,4,2,35.69578277777777,139.7651338888889,2,3,,,,
1,30,102,147,2,0,1,10100,0,101,2019,12,10,18,10,22,,,,,1,1,1,1,1,9,22,0,23,19,9,30,70,4,1,1,45,1,3,61,31,0,,,,,,,4,0,10,0,4,0,2,0,2,0,4,2,35.69173111111111,139.7588947222222,3,3,,,,
1,30,102,148,2,0,1,10100,0,101,2019,12,14,2,5,22,,,,,2,1,1,1,1,9,22,0,23,17,9,30,70,1,3,1,65,25,3,61,1,0,,,,,,,4,0,11,0,2,0,2,0,2,0,4,2,35.70169333333334,139.75524166666668,7,3,,,,
1,30,102,149,2,0,1,30000,0,101,2019,12,17,8,35,12,,,,,3,1,1,1,7,1,21,0,23,15,9,30,1,5,2,1,65,25,3,61,1,0,,,,,,,2,0,40,0,3,0,2,0,2,0,4,2,35.69100666666667,139.76338583333333,3,3,,,,
1,30,102,153,2,0,1,10050,0,101,2019,12,22,16,55,21,,,,,3,1,2,1,1,9,22,0,23,14,7,30,70,1,1,1,35,35,3,61,31,0,,,,,,,5,0,10,0,3,0,2,0,2,0,4,2,35.69566861111111,139.76106555555555,1,3,,,,
1,30,103,93,2,0,1,30000,0,101,2019,10,17,16,25,13,,,,,3,1,2,14,7,0,23,0,23,2,9,1,70,5,4,1,55,55,14,61,1,0,,,,,,,10,0,20,0,3,0,2,0,2,0,4,2,35.69642861111111,139.76933472222223,5,3,,,,
1,30,103,98,2,0,1,20080,0,101,2019,12,15,12,28,12,,,,,1,1,1,1,1,9,22,0,23,15,9,30,70,4,1,1,45,1,51,61,0,0,,,,,,,0,0,10,0,4,0,0,0,0,0,4,2,35.701438611111115,139.76922611111112,1,3,,,,
1,30,103,100,2,0,1,30000,0,101,2019,12,22,14,55,12,,,,,2,1,1,14,7,0,23,0,23,3,9,1,70,4,1,1,25,35,51,61,0,0,,,,,,,0,0,10,0,3,0,0,0,0,0,4,2,35.697615,139.77424305555556,1,3,,,,
1,30,103,101,2,0,1,30000,0,101,2019,12,31,14,3,12,,,,,1,1,1,14,7,0,23,0,23,2,9,20,70,5,2,1,45,45,34,61,31,0,,,,,,,2,0,10,0,3,0,0,0,0,0,4,2,35.696038888888886,139.7688136111111,3,3,,,,
1,30,104,283,2,0,1,10040,0,102,2019,12,20,7,47,12,,,,,1,1,1,1,7,9,22,0,23,17,9,20,70,5,2,1,55,55,51,61,0,0,,,,,,,0,0,10,0,4,0,0,0,0,0,4,2,35.67668805555555,139.7863238888889,6,3,,,,
1,30,104,284,2,0,1,30000,0,102,2019,12,24,16,50,21,,,,,1,1,1,1,7,1,21,0,23,11,9,30,70,5,2,1,75,45,3,61,1,0,,,,,,,2,0,10,0,4,0,2,0,2,0,4,2,35.677255277777775,139.76875805555557,3,3,,,,
1,30,104,286,2,0,1,10060,0,102,2019,12,26,5,20,22,,,,,1,1,1,1,1,9,22,0,23,17,9,30,70,1,2,1,35,35,3,61,1,0,,,,,,,4,0,40,0,4,0,2,0,2,0,4,2,35.67541222222222,139.77740055555557,5,3,,,,
1,30,105,130,2,0,1,30000,0,102,2019,12,1,14,20,12,,,,,1,1,1,14,7,0,23,0,23,3,9,1,70,5,2,1,55,45,3,61,31,0,,,,,,,2,0,88,0,3,0,2,0,2,0,4,2,35.692541111111105,139.78297,1,3,,,,
1,30,106,277,2,0,1,30000,0,102,2019,12,7,20,30,22,,,,,2,1,1,1,7,9,22,0,23,14,9,30,70,4,2,1,45,55,36,61,31,0,,,,,,,10,0,10,0,3,0,0,0,0,0,4,2,35.66807305555555,139.76685222222224,7,3,,,,
1,30,106,282,2,0,1,30000,0,102,2019,12,12,17,35,22,,,,,1,1,1,1,1,9,22,0,23,18,9,30,70,4,2,1,45,25,3,61,31,0,,,,,,,2,0,20,0,3,0,2,0,2,0,4,2,35.67149333333333,139.76233222222223,5,3,,,,
1,30,106,283,2,0,1,30000,0,102,2019,12,12,21,33,22,,,,,1,1,1,14,7,0,23,0,23,2,9,1,70,4,2,1,25,65,3,61,31,0,,,,,,,2,0,20,0,3,0,2,0,2,0,4,2,35.675380277777776,139.7667902777778,5,3,,,,
1,30,106,289,2,0,1,30000,0,102,2019,12,19,6,21,23,,,,,1,1,1,1,1,9,22,0,23,14,9,30,70,5,2,1,65,65,3,61,31,0,,,,,,,2,0,10,0,3,0,2,0,2,0,4,2,35.667676388888886,139.76106805555557,5,3,,,,
1,30,107,108,2,0,1,30000,0,102,2019,12,23,7,20,11,,,,,1,1,2,14,7,0,23,0,23,3,8,1,70,5,2,1,55,1,51,61,0,0,,,,,,,0,0,10,0,3,0,0,0,0,0,4,2,35.660966944444446,139.7842125,2,3,,,,
1,30,108,230,2,0,1,20030,0,103,2019,7,2,4,48,11,,,,,3,1,2,1,1,0,23,0,23,19,9,30,70,1,1,1,45,0,61,0,0,0,,,,,,,0,0,0,0,0,0,0,0,0,0,2,0,35.66526277777778,139.75339444444444,3,3,,,,
1,30,108,237,2,0,1,10,46,103,2019,12,12,11,35,12,,,,,1,1,1,1,1,9,22,0,23,15,9,30,70,4,1,1,35,45,11,61,1,0,,,,,,,5,0,40,0,3,0,2,0,2,0,4,2,35.664812777777776,139.74675527777777,5,3,,,,
1,30,108,241,2,0,1,30000,0,103,2019,12,17,13,38,12,,,,,2,1,5,1,7,4,21,0,23,15,8,30,70,4,1,1,45,65,13,61,1,0,,,,,,,10,0,80,0,3,0,2,0,2,0,4,2,35.66331944444444,139.756975,3,3,,,,
1,30,108,245,2,0,1,30000,0,103,2019,10,10,13,35,12,,,,,2,1,1,1,7,0,23,0,23,14,9,30,70,4,2,1,45,0,61,0,0,0,,,,,,,0,0,0,0,0,0,0,0,0,0,2,0,35.66374833333333,139.75550166666667,5,3,,,,
1,30,108,251,2,0,1,30000,0,103,2019,12,24,15,38,13,,,,,1,1,1,1,7,9,22,0,23,14,9,30,70,5,2,1,35,55,14,61,31,0,,,,,,,2,0,80,0,4,0,2,0,2,0,4,2,35.655026388888885,139.75092444444445,3,3,,,,
1,30,109,187,2,0,1,30000,0,103,2019,10,19,14,57,12,,,,,1,1,1,1,7,0,23,0,23,14,9,30,70,4,3,1,65,0,61,0,0,0,,,,,,,0,0,0,0,0,0,0,0,0,0,2,0,35.64724777777778,139.74540444444443,7,3,,,,
1,30,109,188,2,0,1,30000,0,103,2019,12,2,19,45,22,,,,,2,1,1,1,7,1,21,0,23,14,9,30,70,5,3,1,65,35,3,61,1,0,,,,,,,10,0,0,0,3,0,2,0,2,0,4,2,35.64775222222222,139.7530875,2,3,,,,
1,30,109,190,2,0,1,150,53,103,2019,12,11,9,50,12,,,,,1,1,1,14,7,0,23,0,23,4,9,1,70,1,2,1,45,45,12,61,31,0,,,,,,,10,0,30,0,3,0,2,0,2,0,4,2,35.645536944444444,139.74506166666666,4,3,,,,
1,30,109,191,2,0,1,10,60,103,2019,12,11,16,20,13,,,,,2,1,1,14,1,0,23,0,23,4,9,1,70,1,2,1,45,1,3,61,1,0,,,,,,,4,0,10,0,3,0,2,0,2,0,4,2,35.65296305555555,139.74501583333333,4,3,,,,
1,30,109,192,2,0,1,10,64,103,2019,12,10,15,20,12,,,,,2,1,1,14,7,0,23,0,23,4,9,1,70,4,2,1,45,45,51,61,0,0,,,,,,,0,0,10,0,3,0,0,0,0,0,4,2,35.64977611111111,139.7449236111111,3,3,,,,
1,30,109,193,2,0,1,99000,0,103,2019,11,20,17,0,21,,,,,1,1,1,0,7,0,23,0,23,0,0,20,70,0,4,1,25,1,3,61,31,0,,,,,,,10,0,50,0,3,0,2,0,2,0,4,2,35.639738888888886,139.74674,4,3,,,,
1,30,109,195,2,0,1,30000,0,103,2019,11,6,12,40,12,,,,,1,1,1,14,7,0,23,0,23,4,9,20,70,4,2,1,45,35,3,61,1,0,,,,,,,2,0,10,0,3,0,2,0,2,0,4,2,35.63961027777778,139.74647833333333,4,3,,,,
1,30,110,184,2,0,2,10,90,103,2019,12,11,18,53,22,,,,,3,1,2,1,1,9,22,0,23,18,9,30,70,1,2,1,45,1,3,61,1,0,,,,,,,10,0,10,0,3,0,2,0,2,0,4,2,35.63240888888889,139.7307622222222,4,3,,,,
1,30,110,185,2,0,1,10,86,103,2019,12,18,17,45,22,,,,,1,1,1,14,7,0,23,0,23,6,9,1,70,1,1,1,1,0,61,0,0,0,,,,,,,0,0,0,0,0,0,0,0,0,0,2,0,35.636067777777775,139.73119805555555,4,3,,,,
1,30,110,186,2,0,1,30000,0,103,2019,12,20,17,50,22,,,,,1,1,1,1,7,5,21,0,23,11,9,30,70,5,3,1,65,55,3,61,31,0,,,,,,,1,0,10,0,3,0,2,0,2,0,4,2,35.6294875,139.73235944444446,6,3,,,,
1,30,110,190,2,0,1,150,65,103,2019,12,24,18,2,22,,,,,1,1,1,14,7,0,23,0,23,6,9,1,70,1,2,1,45,45,3,61,1,0,,,,,,,10,0,40,0,4,0,2,0,2,0,4,2,35.63590277777778,139.7386061111111,3,3,,,,
1,30,111,339,2,0,2,20170,0,103,2019,12,7,5,54,23,,,,,3,1,2,1,1,8,22,0,23,19,9,30,70,1,1,1,55,25,34,61,31,0,,,,,,,10,0,10,0,3,0,0,0,0,0,2,2,35.665460555555555,139.7363275,7,3,,,,
1,30,111,344,2,0,1,30000,0,103,2019,12,14,11,49,12,,,,,1,1,1,14,7,0,23,0,23,3,8,1,70,5,2,1,45,1,3,61,1,0,,,,,,,2,0,10,0,3,0,2,0,2,0,4,2,35.655815833333335,139.72185444444446,7,3,,,,
1,30,111,346,2,0,1,10120,0,103,2019,12,16,17,45,22,,,,,1,1,1,14,7,0,23,0,23,3,9,1,70,5,2,1,35,35,59,61,0,0,,,,,,,0,0,21,0,3,0,0,0,0,0,4,2,35.64964944444444,139.73611333333332,2,3,,,,
1,30,111,350,2,0,1,10670,0,103,2019,12,18,23,9,22,,,,,1,1,1,1,1,9,22,0,23,15,9,30,70,1,1,1,65,25,3,61,1,0,,,,,,,4,0,20,0,4,0,2,0,2,0,4,2,35.65521916666667,139.74207638888888,4,3,,,,
1,30,111,351,2,0,1,30000,0,103,2019,12,20,5,0,22,,,,,1,1,1,1,7,1,21,0,23,11,3,30,70,5,2,1,55,1,3,61,1,0,,,,,,,2,0,10,0,3,0,2,0,2,0,4,2,35.66359666666666,139.7396411111111,6,3,,,,
1,30,111,361,2,0,1,30000,0,103,2019,12,27,4,25,22,,,,,3,1,2,1,7,9,22,0,23,17,7,30,1,1,1,1,55,25,3,61,31,0,,,,,,,2,0,10,0,3,0,2,0,2,0,4,2,35.659887777777776,139.73659444444442,6,3,,,,
1,30,112,212,2,0,1,30000,0,103,2019,12,11,19,40,22,,,,,2,1,2,1,7,8,21,0,23,11,9,30,70,5,2,1,35,35,3,61,31,0,,,,,,,2,0,10,0,3,0,2,0,2,0,4,2,35.66946055555555,139.73381388888887,4,3,,,,
1,30,112,216,2,0,1,20090,0,103,2019,9,21,21,35,22,,,,,1,1,1,1,1,0,23,0,23,18,9,30,70,1,1,1,1,0,61,0,0,0,,,,,,,0,0,0,0,0,0,0,0,0,0,2,0,35.672105277777774,139.74109694444442,7,3,,,,
1,30,112,222,2,0,1,95000,0,103,2019,12,16,9,10,12,,,,,1,1,1,1,7,1,22,0,23,15,9,30,70,4,2,1,65,45,3,61,1,0,,,,,,,2,0,10,0,3,0,2,0,2,0,4,2,35.67065888888889,139.74132194444442,2,3,,,,
1,30,112,224,2,0,1,20170,0,103,2019,12,24,17,30,21,,,,,1,1,1,14,7,0,23,0,23,6,9,1,70,1,1,1,65,45,3,61,31,0,,,,,,,10,0,40,0,3,0,2,0,2,0,4,2,35.670184444444445,139.7418561111111,3,3,,,,
1,30,112,228,2,0,1,95000,0,103,2019,12,29,21,45,22,,,,,1,1,1,1,1,1,21,0,23,15,6,30,70,4,2,1,25,65,3,61,31,0,,,,,,,3,0,80,0,3,0,2,0,2,0,4,2,35.67015111111111,139.73352555555553,1,3,,,,
1,30,113,255,2,0,1,99000,0,108,2019,12,3,6,5,23,,,,,2,1,2,0,7,0,23,0,23,0,0,20,70,0,4,1,55,45,4,61,31,0,,,,,,,10,0,10,0,3,0,1,0,2,0,4,2,35.64566416666666,139.83505250000002,3,3,,,,