資料区分,都道府県コード,警察署等コード,本票番号,事故内容,死者数,負傷者数,路線コード,地点コード,市区町村コード,発生日時　　年,発生日時　　月,発生日時　　日,発生日時　　時,発生日時　　分,昼夜,日の出時刻　　時,日の出時刻　　分,日の入り時刻　　時,日の入り時刻　　分,天候,地形,路面状態,道路形状,信号機,一時停止規制　標識（当事者A）,一時停止規制　表示（当事者A）,一時停止規制　標識（当事者B）,一時停止規制　表示（当事者B）,車道幅員,道路線形,衝突地点,ゾーン規制,中央分離帯施設等,歩車道区分,事故類型,年齢（当事者A）,年齢（当事者B）,当事者種別（当事者A）,当事者種別（当事者B）,用途別（当事者A）,用途別（当事者B）,車両形状等（当事者A）,車両形状等（当事者B）,オートマチック車（当事者A）,オートマチック車（当事者B）,サポカー（当事者A）,サポカー（当事者B）,速度規制（指定のみ）（当事者A）,速度規制（指定のみ）（当事者B）,車両の衝突部位（当事者A）,車両の衝突部位（当事者B）,車両の損壊程度（当事者A）,車両の損壊程度（当事者B）,エアバッグの装備（当事者A）,エアバッグの装備（当事者B）,サイドエアバッグの装備（当事者A）,サイドエアバッグの装備（当事者B）,人身損傷程度（当事者A）,人身損傷程度（当事者B）,lat,lon,曜日(発生年月日),祝日(発生年月日),認知機能検査経過日数（当事者A）,認知機能検査経過日数（当事者B）,運転練習の方法（当事者A）,運転練習の方法（当事者B）
1,30,113,256,2,0,1,30000,0,111,2019,12,3,16,50,21,,,,,1,1,1,14,7,0,23,0,23,5,9,1,70,5,2,1,45,45,11,61,1,0,,,,,,,10,0,60,0,3,0,2,0,2,0,4,2,35.589578055555556,139.76519,3,3,,,,
1,30,113,260,2,0,1,85010,0,103,2019,11,30,12,33,12,,,,,1,1,1,1,1,9,22,0,23,15,9,30,1,5,1,1,45,75,3,61,31,0,,,,,,,3,0,10,0,3,0,2,0,2,0,4,2,35.631079722222225,139.77879416666667,7,3,,,,
1,30,113,264,2,0,1,30000,0,108,2019,12,11,18,42,22,,,,,1,1,2,1,1,9,22,0,23,14,6,30,70,5,2,1,45,1,3,61,31,0,,,,,,,4,0,50,0,3,0,2,0,2,0,4,2,35.64534166666667,139.7992688888889,4,3,,,,
1,30,113,268,2,0,1,3570,0,108,2019,12,17,4,30,22,,,,,3,1,2,1,7,9,22,0,23,19,9,20,70,5,2,1,65,55,4,61,31,0,,,,,,,10,0,80,0,2,0,2,0,2,0,4,2,35.64140222222222,139.80276583333335,3,3,,,,
1,30,215,131,2,0,1,150,93,109,2019,12,2,14,50,12,,,,,2,1,2,14,7,0,23,0,23,6,9,1,70,1,2,1,45,45,4,61,31,0,,,,,,,10,0,40,0,3,0,2,0,2,0,4,2,35.61159472222222,139.74206916666665,2,3,,,,
1,30,215,133,2,0,1,30000,0,109,2019,12,6,8,0,12,,,,,2,1,1,14,7,0,23,0,23,1,9,1,70,4,1,1,25,1,5,61,31,0,,,,,,,2,0,20,0,3,0,2,0,2,0,4,2,35.61006833333334,139.72881361111112,6,3,,,,
1,30,215,139,2,0,1,10070,0,109,2019,10,18,1,15,22,,,,,2,1,1,1,1,9,22,0,23,14,9,30,70,4,2,1,55,35,3,61,1,0,,,,,,,4,0,10,0,3,0,2,0,2,0,4,2,35.6071375,139.74700944444444,6,3,,,,
1,30,216,131,2,0,1,20180,0,109,2019,12,1,16,8,13,,,,,1,1,1,1,1,9,21,0,23,11,3,30,70,4,2,1,75,55,3,61,31,0,,,,,,,3,0,0,0,4,0,2,0,2,0,4,2,35.59908666666667,139.7305288888889,1,3,,,,
1,30,216,135,2,0,1,30000,0,109,2019,12,11,17,3,21,,,,,1,1,1,7,1,0,23,0,23,2,9,20,70,4,3,1,75,65,3,61,31,0,,,,,,,2,0,10,0,4,0,2,0,2,0,4,2,35.60299638888889,139.74212638888886,4,3,,,,
1,30,216,136,2,0,1,10070,0,109,2019,12,4,12,5,12,,,,,1,1,1,14,7,0,23,0,23,3,9,1,70,1,2,1,45,65,51,61,0,0,,,,,,,0,0,10,0,3,0,0,0,0,0,4,2,35.58957916666667,139.7384725,4,3,,,,
1,30,216,139,2,0,1,30000,0,109,2019,12,27,6,30,23,,,,,2,1,2,1,7,9,22,0,23,11,9,30,70,5,4,1,75,75,17,61,31,0,,,,,,,1,0,10,0,3,0,2,0,2,0,4,2,35.600453055555555,139.7258225,6,3,,,,
1,30,216,140,2,0,1,150,98,109,2019,12,20,18,40,22,,,,,1,1,1,1,1,9,22,0,23,18,9,20,70,1,2,1,65,35,36,61,31,0,,,,,,,10,0,10,0,3,0,0,0,0,0,4,2,35.60674138888889,139.74327666666665,6,3,,,,
1,30,217,179,2,0,1,10,97,109,2019,11,22,19,5,22,,,,,3,1,2,7,1,0,23,0,23,2,9,1,70,1,1,1,45,55,3,61,31,0,,,,,,,5,0,21,0,4,0,2,0,2,0,4,2,35.62790277777778,139.72536805555555,6,2,,,,
1,30,217,180,2,0,1,10080,0,109,2019,12,1,21,56,22,,,,,1,1,1,1,1,9,22,0,23,18,9,30,70,4,2,1,45,45,51,61,0,0,,,,,,,0,0,10,0,3,0,0,0,0,0,4,2,35.63386388888889,139.7167736111111,1,3,,,,
1,30,217,183,2,0,1,30000,0,109,2019,12,3,17,40,22,,,,,1,1,1,1,7,1,21,0,23,11,9,30,70,4,2,1,65,25,3,61,1,0,,,,,,,1,0,10,0,4,0,2,0,2,0,4,2,35.632581944444446,139.7256925,3,3,,,,
1,30,217,186,2,0,1,30000,0,109,2019,12,20,9,58,12,,,,,1,1,1,14,7,0,23,0,23,3,9,1,70,5,3,1,1,45,4,61,31,0,,,,,,,2,0,40,0,3,0,2,0,2,0,4,2,35.63104916666667,139.7223363888889,6,3,,,,
1,30,217,190,2,0,1,30000,0,109,2019,12,26,23,7,22,,,,,1,1,1,14,7,0,23,0,23,3,9,1,1,5,2,1,45,35,3,61,31,0,,,,,,,10,0,30,0,4,0,2,0,2,0,4,2,35.62302861111111,139.7131547222222,5,3,,,,
1,30,218,220,2,0,1,30000,0,109,2019,12,26,7,50,12,,,,,2,1,1,14,7,0,23,0,23,2,9,1,70,5,3,1,35,45,51,61,0,0,,,,,,,0,0,40,0,3,0,0,0,0,0,4,2,35.603165555555556,139.70970805555555,5,3,,,,
1,30,218,226,2,0,1,30000,0,109,2019,12,14,13,10,12,,,,,1,1,1,14,7,0,23,0,23,2,9,1,70,5,3,1,25,35,51,61,0,0,,,,,,,0,0,10,0,4,0,0,0,0,0,4,2,35.61571,139.71464,7,3,,,,
1,30,218,230,2,0,1,30130,0,109,2019,12,19,12,48,12,,,,,2,1,1,14,7,0,23,0,23,3,9,20,1,5,3,1,65,25,3,61,1,0,,,,,,,2,0,14,0,3,0,2,0,2,0,4,2,35.60342638888889,139.70799805555555,5,3,,,,
1,30,218,231,2,0,1,30000,0,109,2019,12,19,18,55,22,,,,,2,1,1,14,7,0,23,0,23,5,9,20,70,4,2,1,45,65,35,61,31,0,,,,,,,3,0,12,0,3,0,0,0,0,0,4,2,35.60810361111111,139.7283263888889,5,3,,,,
1,30,218,233,2,0,1,30000,0,109,2019,12,22,12,53,12,,,,,2,1,1,1,7,9,22,0,23,15,9,30,70,5,3,1,65,75,51,61,0,0,,,,,,,0,0,10,0,4,0,0,0,0,0,4,2,35.60591111111111,139.71559499999998,1,3,,,,
1,30,218,236,2,0,1,30000,0,109,2019,12,27,11,13,12,,,,,1,1,1,1,7,1,21,0,23,11,9,30,70,5,3,1,75,75,51,61,0,0,,,,,,,0,0,40,0,3,0,0,0,0,0,4,2,35.60937111111111,139.7118688888889,6,3,,,,
1,30,219,458,2,0,1,30000,0,111,2019,12,7,15,50,13,,,,,2,1,1,1,1,9,22,0,23,11,9,20,70,4,3,1,45,45,3,61,31,0,,,,,,,2,0,40,0,4,0,2,0,2,0,4,2,35.56404583333333,139.7459233333333,7,3,,,,
1,30,219,459,2,0,1,30000,0,111,2019,12,8,13,54,12,,,,,1,1,1,1,1,9,22,0,23,18,9,30,70,5,3,1,1,1,51,61,0,0,,,,,,,0,0,10,0,4,0,0,0,0,0,4,2,35.57737166666667,139.73611777777776,1,3,,,,
1,30,219,461,2,0,1,30000,0,111,2019,12,9,14,15,12,,,,,1,1,1,1,7,9,22,0,23,15,9,30,70,4,1,1,45,65,3,61,31,0,,,,,,,2,0,10,0,3,0,2,0,2,0,4,2,35.57207777777778,139.73160166666668,2,3,,,,
1,30,219,464,2,0,1,30000,0,111,2019,12,14,14,15,12,,,,,1,1,1,1,7,9,22,0,23,11,9,30,70,5,2,1,35,55,3,61,31,0,,,,,,,2,0,10,0,3,0,2,0,2,0,4,2,35.572114444444445,139.73164555555556,7,3,,,,
1,30,219,469,2,0,1,20180,0,111,2019,12,17,15,25,12,,,,,2,1,1,14,1,0,23,0,23,3,9,1,70,5,2,1,1,75,51,61,0,0,,,,,,,0,0,40,0,4,0,0,0,0,0,4,2,35.585949166666666,139.72597222222223,3,3,,,,
1,30,219,471,2,0,1,30000,0,111,2019,12,20,8,20,12,,,,,1,1,1,1,7,9,22,0,23,18,9,30,70,4,2,1,25,55,3,61,31,0,,,,,,,3,0,80,0,3,0,2,0,2,0,4,2,35.57741555555556,139.74409444444444,6,3,,,,
1,30,220,195,2,0,1,30000,0,111,2019,12,2,15,20,12,,,,,3,1,2,7,7,0,23,0,23,3,8,1,70,5,2,1,35,75,17,61,31,0,,,,,,,2,0,10,0,4,0,2,0,2,0,4,2,35.59950055555556,139.6949213888889,2,3,,,,
1,30,220,196,2,0,1,10170,0,111,2019,12,3,18,15,22,,,,,1,1,1,1,1,9,22,0,23,18,9,30,70,1,2,1,45,75,35,61,31,0,,,,,,,4,0,10,0,3,0,0,0,0,0,4,2,35.59993555555556,139.6884488888889,3,3,,,,
1,30,220,198,2,0,1,30000,0,111,2019,12,6,16,40,21,,,,,2,1,1,14,7,0,23,0,23,2,9,1,70,5,4,1,65,65,13,61,31,0,,,,,,,2,0,10,0,4,0,2,0,2,0,4,2,35.60881333333334,139.69421944444446,6,3,,,,
1,30,220,200,2,0,1,30000,0,111,2019,11,12,18,10,22,,,,,1,1,1,7,7,0,23,0,23,2,9,1,1,5,1,1,1,0,61,0,0,0,,,,,,,0,0,0,0,0,0,0,0,0,0,2,0,35.60373166666667,139.69297527777778,3,3,,,,
1,30,221,306,2,0,1,30000,0,111,2019,12,12,17,50,22,,,,,1,1,1,14,7,0,23,0,23,3,9,1,70,4,1,1,1,75,35,61,31,0,,,,,,,3,0,10,0,3,0,0,0,0,0,4,2,35.548030555555556,139.7290277777778,5,3,,,,
1,30,221,310,2,0,1,30000,0,111,2019,12,16,8,55,12,,,,,1,1,1,1,7,1,21,0,23,14,9,30,70,5,3,1,65,45,3,61,31,0,,,,,,,2,0,10,0,3,0,2,0,2,0,4,2,35.55966166666666,139.74272833333333,2,3,,,,
1,30,221,315,2,0,1,150,153,111,2019,12,18,19,20,22,,,,,1,1,1,14,7,0,23,0,23,5,9,1,70,4,1,1,35,25,51,61,0,0,,,,,,,0,0,10,0,3,0,0,0,0,0,4,2,35.561753055555556,139.72494805555556,4,3,,,,
1,30,221,316,2,0,1,150,157,111,2019,12,20,1,22,22,,,,,2,1,1,7,7,0,23,0,23,5,9,1,70,1,2,1,1,0,61,0,0,0,,,,,,,0,0,0,0,0,0,0,0,0,0,2,0,35.558140277777774,139.7224202777778,6,3,,,,
1,30,221,320,2,0,1,10180,0,111,2019,12,23,0,3,22,,,,,3,1,2,1,1,9,22,0,23,18,9,30,70,1,2,1,55,35,51,61,0,0,,,,,,,0,0,10,0,3,0,0,0,0,0,4,2,35.5617575,139.73773666666665,2,3,,,,
1,30,221,321,2,0,1,30000,0,111,2019,12,16,8,11,12,,,,,1,1,1,1,1,9,22,0,23,11,9,30,70,4,3,1,45,55,51,61,0,0,,,,,,,0,0,10,0,3,0,0,0,0,0,4,2,35.56215694444444,139.7273377777778,2,3,,,,
1,30,222,260,2,0,1,30000,0,111,2019,12,5,17,12,21,,,,,1,1,1,1,7,1,21,0,23,11,9,30,70,5,3,1,25,25,51,61,0,0,,,,,,,0,0,40,0,3,0,0,0,0,0,4,2,35.56683777777778,139.69165527777778,5,3,,,,
1,30,222,264,2,0,1,30000,0,111,2019,12,13,8,5,12,,,,,2,1,1,1,7,9,22,0,23,11,9,30,70,5,3,1,1,75,51,61,0,0,,,,,,,0,0,10,0,3,0,0,0,0,0,4,2,35.58340694444445,139.69558916666668,6,3,,,,
1,30,222,272,2,0,1,30000,0,111,2019,12,16,8,0,12,,,,,1,1,1,14,7,0,23,0,23,2,7,1,70,4,3,1,45,45,51,61,0,0,,,,,,,0,0,10,0,4,0,0,0,0,0,4,2,35.58187083333333,139.70326416666666,2,3,,,,
1,30,222,277,2,0,2,30000,0,111,2019,12,27,6,2,23,,,,,2,1,1,14,7,0,23,0,23,3,9,1,70,5,3,1,1,75,36,61,31,0,,,,,,,2,0,10,0,3,0,0,0,0,0,2,2,35.57378277777778,139.7120322222222,6,3,,,,
1,30,325,422,2,0,1,30000,0,112,2019,12,3,18,18,22,,,,,1,1,1,14,7,0,23,0,23,3,9,1,70,5,3,1,45,1,36,61,31,0,,,,,,,10,0,40,0,3,0,0,0,0,0,4,2,35.632510833333335,139.65938277777778,3,3,,,,
1,30,325,424,2,0,1,20240,0,112,2019,10,1,18,17,21,,,,,1,1,1,1,7,9,22,0,23,15,9,30,70,5,1,1,35,75,51,61,0,0,,,,,,,0,0,10,0,3,0,0,0,0,0,4,2,35.628414444444445,139.67946055555555,3,3,,,,
1,30,325,436,2,0,1,2460,73,112,2019,12,9,18,25,22,,,,,2,1,1,14,7,0,23,0,23,4,9,1,70,1,1,1,45,1,51,61,0,0,,,,,,,0,0,10,0,4,0,0,0,0,0,4,2,35.647259166666664,139.67840666666666,2,3,,,,
1,30,325,440,2,0,1,21020,0,112,2019,10,11,18,49,22,,,,,3,1,2,14,7,0,23,0,23,5,9,1,70,4,1,1,45,1,51,61,0,0,,,,,,,0,0,40,0,4,0,0,0,0,0,2,4,35.645159166666666,139.6789825,6,3,,,,
1,30,325,441,2,0,2,20000,0,112,2019,12,20,18,15,22,,,,,1,1,1,1,7,9,22,0,23,15,9,30,70,4,1,1,35,1,3,61,31,0,,,,,,,3,0,50,0,3,0,2,0,2,0,4,2,35.63621083333333,139.6535802777778,6,3,,,,
1,30,325,446,2,0,1,30000,0,112,2019,12,9,18,30,22,,,,,2,1,1,1,7,1,22,0,23,15,9,30,70,5,3,1,55,35,14,61,1,0,,,,,,,5,0,10,0,3,0,2,0,2,0,4,2,35.627885,139.67755749999998,2,3,,,,
1,30,325,451,2,0,1,21020,0,112,2019,12,16,7,20,11,,,,,1,1,1,14,7,0,23,0,23,3,9,1,70,5,3,1,75,55,3,61,31,0,,,,,,,2,0,20,0,4,0,2,0,2,0,4,2,35.64270861111111,139.65504555555557,2,3,,,,
1,30,326,371,2,0,1,30000,0,112,2019,12,9,19,50,22,,,,,3,1,2,14,7,0,23,0,23,2,9,1,70,5,4,1,55,65,35,61,31,0,,,,,,,5,0,10,0,3,0,0,0,0,0,4,2,35.66247166666667,139.66000416666668,2,3,,,,
1,30,326,375,2,0,1,30000,0,112,2019,12,11,9,10,12,,,,,2,1,1,14,7,0,23,0,23,3,9,1,70,5,3,1,25,45,3,61,31,0,,,,,,,2,0,40,0,3,0,2,0,2,0,4,2,35.65511027777777,139.6664436111111,4,3,,,,
1,30,326,377,2,0,1,30000,0,112,2019,12,13,23,45,22,,,,,1,1,1,14,7,0,23,0,23,2,9,1,70,5,3,1,65,45,3,61,31,0,,,,,,,2,0,10,0,3,0,2,0,2,0,4,2,35.657265833333334,139.65751111111112,6,3,,,,
1,30,326,378,2,0,1,30000,0,112,2019,12,17,20,52,22,,,,,2,1,1,14,7,0,23,0,23,3,9,20,70,4,2,1,25,45,36,61,31,0,,,,,,,2,0,10,0,3,0,0,0,0,0,4,2,35.64805416666667,139.6449925,3,3,,,,
1,30,327,495,2,0,1,30000,0,112,2019,11,11,12,7,12,,,,,1,1,1,14,7,0,23,0,23,2,9,1,70,5,3,1,35,25,3,61,31,0,,,,,,,10,0,10,0,1,0,1,0,2,0,4,2,35.61532388888889,139.64220138888888,2,3,,,,
1,30,327,499,2,0,1,30190,0,112,2019,12,10,17,0,21,,,,,1,1,1,1,1,9,22,0,23,14,9,20,70,4,2,1,25,1,3,61,31,0,,,,,,,3,0,10,0,3,0,2,0,2,0,4,2,35.61973472222222,139.64170888888887,3,3,,,,
1,30,327,500,2,0,1,30000,0,112,2019,12,8,10,13,12,,,,,1,1,1,1,7,9,22,0,23,15,8,30,70,5,2,1,45,1,51,61,0,0,,,,,,,0,0,10,0,4,0,0,0,0,0,4,2,35.605269166666666,139.65252166666667,1,3,,,,
1,30,327,509,2,0,1,10190,0,112,2019,11,19,2,20,22,,,,,3,1,1,14,7,0,23,0,23,3,9,20,70,4,3,1,55,25,4,61,31,0,,,,,,,3,0,40,0,3,0,2,0,2,0,4,2,35.600445,139.6422722222222,3,3,,,,
1,30,327,511,2,0,1,30000,0,112,2019,12,18,18,27,22,,,,,1,1,1,14,7,0,23,0,23,3,9,1,70,4,2,1,25,75,3,61,31,0,,,,,,,3,0,80,0,3,0,2,0,2,0,4,2,35.61936472222222,139.63500499999998,4,3,,,,
1,30,327,519,2,0,1,10200,0,112,2019,12,23,20,12,22,,,,,1,1,1,1,1,9,22,0,23,19,9,30,70,4,2,1,65,65,3,61,31,0,,,,,,,4,0,10,0,3,0,2,0,2,0,4,2,35.602359722222225,139.65674305555555,2,3,,,,
1,30,327,525,2,0,1,30000,0,112,2019,12,28,10,10,12,,,,,1,1,1,1,1,9,22,0,23,11,9,30,70,5,3,1,75,65,3,61,31,0,,,,,,,2,0,10,0,4,0,2,0,2,0,4,2,35.61367638888889,139.62996666666666,7,3,,,,
1,30,328,542,2,0,1,30000,0,112,2019,11,21,17,35,22,,,,,1,1,1,1,1,9,22,0,23,15,9,30,70,5,2,1,65,1,3,61,31,0,,,,,,,3,0,10,0,3,0,2,0,2,0,4,2,35.636585833333335,139.60010944444443,5,3,,,,
1,30,328,550,2,0,1,95000,0,112,2019,12,3,16,15,13,,,,,1,1,1,1,1,9,22,0,23,11,9,30,70,4,3,1,55,1,3,61,31,0,,,,,,,3,0,10,0,3,0,2,0,2,0,4,2,35.67011861111111,139.60263972222222,3,3,,,,
1,30,328,557,2,0,1,10210,0,112,2019,12,11,12,45,12,,,,,2,1,1,1,1,9,22,0,23,15,9,30,70,4,2,1,55,65,3,61,31,0,,,,,,,3,0,10,0,3,0,2,0,2,0,4,2,35.634393055555556,139.61056083333332,4,3,,,,
1,30,328,562,2,0,1,30000,0,112,2019,7,11,16,45,12,,,,,3,1,2,14,7,0,23,0,23,3,9,1,70,4,1,1,25,1,3,61,31,0,,,,,,,3,0,10,0,3,0,2,0,2,0,4,2,35.6509575,139.59656833333335,5,3,,,,
1,30,329,205,2,0,1,10080,0,110,2019,12,19,2,32,22,,,,,2,1,1,14,7,0,23,0,23,2,9,1,70,5,1,1,25,55,51,61,0,0,,,,,,,0,0,10,0,3,0,0,0,0,0,4,2,35.63442,139.7117961111111,5,3,,,,
1,30,330,237,2,0,1,30000,0,110,2019,12,8,19,20,22,,,,,1,1,1,1,7,9,22,0,23,11,9,30,70,5,2,1,75,45,3,61,31,0,,,,,,,2,0,80,0,3,0,2,0,2,0,4,2,35.61921944444445,139.67810055555555,1,3,,,,
1,30,330,239,2,0,1,20210,0,110,2019,12,26,17,10,21,,,,,2,1,1,14,7,0,23,0,23,4,9,1,70,4,2,1,65,65,3,61,31,0,,,,,,,3,0,50,0,3,0,2,0,2,0,4,2,35.62625194444445,139.6650563888889,5,3,,,,
1,30,331,156,2,0,1,30000,0,113,2019,10,6,1,15,22,,,,,1,1,1,14,7,0,23,0,23,3,9,1,70,4,1,1,55,45,3,61,1,0,,,,,,,3,0,40,0,4,0,2,0,2,0,4,2,35.64595527777778,139.71458055555556,1,3,,,,
1,30,331,160,2,0,1,30000,0,113,2019,12,17,20,10,22,,,,,2,1,1,1,1,9,22,0,23,15,9,30,70,4,2,1,35,55,3,61,31,0,,,,,,,4,0,50,0,3,0,2,0,2,0,4,2,35.64892305555556,139.70773416666665,3,3,,,,
1,30,331,161,2,0,2,20250,0,113,2019,12,18,21,53,22,,,,,1,1,1,1,2,9,22,0,23,11,7,30,70,4,2,1,45,35,35,61,31,0,,,,,,,4,0,10,0,1,0,0,0,0,0,2,2,35.64541527777778,139.71783472222222,4,3,,,,
1,30,331,168,2,0,1,30000,0,113,2019,11,15,23,25,22,,,,,1,1,1,1,7,9,22,0,23,15,6,30,70,5,3,1,35,35,3,61,31,0,,,,,,,10,0,20,0,4,0,2,0,2,0,4,2,35.64738027777778,139.70825027777778,6,3,,,,
1,30,332,115,2,0,1,20160,0,113,2019,12,23,11,10,12,,,,,1,1,1,1,7,9,22,0,23,17,8,30,70,1,2,1,35,45,13,61,31,0,,,,,,,4,0,10,0,4,0,2,0,2,0,4,2,35.66900833333333,139.70442805555555,2,3,,,,
1,30,332,119,2,0,1,30000,0,113,2019,12,23,8,12,12,,,,,1,1,1,1,7,0,23,0,23,15,9,30,70,4,2,1,45,0,61,0,0,0,,,,,,,0,0,0,0,0,0,0,0,0,0,2,0,35.68374277777777,139.7030333333333,2,3,,,,
1,30,333,224,2,0,1,30000,0,113,2019,12,5,8,20,12,,,,,1,1,1,14,7,0,23,0,23,2,9,1,70,5,3,1,1,35,51,61,0,0,,,,,,,0,0,10,0,3,0,0,0,0,0,4,2,35.67599944444444,139.6893763888889,5,3,,,,
1,30,333,231,2,0,1,30000,0,113,2019,12,1,17,15,21,,,,,1,1,1,14,7,0,23,0,23,1,9,1,70,5,3,1,45,35,3,61,31,0,,,,,,,10,0,40,0,3,0,2,0,2,0,4,2,35.67981555555556,139.68816916666668,1,3,,,,
1,30,333,232,2,0,1,30000,0,113,2019,12,7,13,48,12,,,,,2,1,1,14,7,0,23,0,23,1,9,1,70,4,3,1,45,25,3,61,31,0,,,,,,,10,0,36,0,3,0,2,0,2,0,4,2,35.681884999999994,139.67497305555554,7,3,,,,
1,30,333,236,2,0,1,200,122,113,2019,12,16,9,30,12,,,,,1,1,1,14,7,0,23,0,23,5,9,1,70,1,2,1,45,55,13,61,31,0,,,,,,,10,0,80,0,4,0,2,0,2,0,4,2,35.67363222222222,139.6639988888889,2,3,,,,
1,30,333,242,2,0,1,20000,0,113,2019,12,22,12,10,12,,,,,2,1,1,1,7,9,22,0,23,14,9,30,70,5,1,1,35,1,52,61,0,0,,,,,,,0,0,10,0,4,0,0,0,0,0,4,2,35.67350444444444,139.67134,1,3,,,,
1,30,333,243,2,0,1,30000,0,113,2019,12,23,5,50,23,,,,,3,1,2,1,8,9,22,0,23,15,6,30,70,4,2,1,45,65,12,61,31,0,,,,,,,3,0,10,0,3,0,2,0,2,0,4,2,35.66481472222222,139.69885833333333,2,3,,,,
1,30,435,136,2,0,1,10120,0,104,2019,12,6,18,30,22,,,,,2,1,1,14,7,0,23,0,23,3,9,1,70,4,2,1,75,45,51,61,0,0,,,,,,,0,0,10,0,4,0,0,0,0,0,4,2,35.69882,139.7260175,6,3,,,,
1,30,435,143,2,0,2,10120,0,104,2019,12,29,2,50,22,,,,,1,1,1,1,1,9,22,0,23,19,9,30,70,1,1,1,45,25,13,61,31,0,,,,,,,3,0,11,0,3,0,2,0,2,0,4,2,35.70762361111112,139.7268838888889,1,3,,,,
1,30,435,144,2,0,1,30000,0,104,2019,12,21,17,37,22,,,,,1,1,1,14,7,0,23,0,23,4,9,1,70,1,2,1,25,45,51,61,0,0,,,,,,,0,0,10,0,3,0,0,0,0,0,4,2,35.70738555555556,139.72661222222223,7,3,,,,
1,30,436,271,1,1,0,20000,0,104,2019,12,4,18,36,22,,,,,1,1,1,1,1,9,22,0,23,19,9,30,70,1,1,1,35,45,1,61,1,0,,,,,,,4,0,10,0,1,0,2,0,2,0,4,1,35.690017777777776,139.69064694444444,4,3,,,,
1,30,436,272,2,0,1,20320,0,104,2019,9,10,9,15,12,,,,,1,1,1,14,7,0,23,0,23,4,9,1,70,4,2,1,25,45,51,61,0,0,,,,,,,0,0,10,0,4,0,0,0,0,0,4,2,35.68470111111111,139.69019527777778,3,3,,,,
1,30,436,280,2,0,1,20290,0,104,2019,11,12,14,35,12,,,,,1,1,1,1,1,9,22,0,23,15,9,30,70,4,2,1,45,1,3,61,1,0,,,,,,,3,0,40,0,3,0,2,0,2,0,4,2,35.70145361111111,139.70091499999998,3,3,,,,
1,30,436,285,2,0,1,95000,0,104,2019,12,24,13,20,12,,,,,1,1,1,14,7,0,23,0,23,1,9,1,70,5,4,1,25,55,3,61,31,0,,,,,,,1,0,10,0,3,0,2,0,2,0,4,2,35.702174722222225,139.6998311111111,3,3,,,,
1,30,436,288,2,0,1,10050,0,104,2019,12,14,2,55,22,,,,,1,1,1,14,7,0,23,0,23,5,9,1,70,1,2,1,45,55,3,61,1,0,,,,,,,5,0,20,0,4,0,2,0,2,0,4,2,35.69333222222222,139.70278694444443,7,3,,,,
1,30,437,98,2,0,1,10090,0,104,2019,10,31,17,55,22,,,,,1,1,1,14,1,0,23,0,23,5,7,1,70,4,1,1,35,35,35,61,31,0,,,,,,,4,0,10,0,3,0,0,0,0,0,2,4,35.71015583333334,139.70967777777776,5,3,,,,
1,30,437,102,2,0,1,80000,0,104,2019,12,23,18,19,22,,,,,1,1,1,12,7,0,23,0,23,2,9,1,70,5,4,1,75,45,3,61,31,0,,,,,,,10,0,40,0,4,0,2,0,2,0,4,2,35.712407222222225,139.71223833333332,2,3,,,,
1,30,438,172,2,0,1,20120,0,104,2019,11,13,10,40,12,,,,,1,1,1,14,7,0,23,0,23,5,9,1,70,4,1,1,55,25,3,61,31,0,,,,,,,4,0,40,0,3,0,2,0,2,0,4,2,35.686497777777774,139.71590277777776,4,3,,,,
1,30,438,174,2,0,1,20000,0,104,2019,12,3,10,37,12,,,,,1,1,1,14,7,0,23,0,23,4,9,1,70,4,1,1,35,45,35,61,31,0,,,,,,,5,0,10,0,3,0,0,0,0,0,4,2,35.68962333333333,139.72411833333334,3,3,,,,
1,30,438,175,2,0,1,30000,0,104,2019,12,3,13,55,12,,,,,1,1,1,1,1,9,22,0,23,18,9,30,70,1,1,1,45,45,51,61,0,0,,,,,,,0,0,10,0,4,0,0,0,0,0,4,2,35.680501666666665,139.71943166666668,3,3,,,,
1,30,438,188,2,0,1,10090,0,104,2019,12,22,17,11,21,,,,,3,1,1,14,7,0,23,0,23,5,9,1,70,4,2,1,35,45,3,61,1,0,,,,,,,4,0,40,0,4,0,2,0,2,0,4,2,35.690972499999994,139.70487916666664,1,3,,,,
1,30,438,189,2,0,1,10120,0,104,2019,11,25,19,15,22,,,,,2,1,1,1,1,9,22,0,23,17,9,30,70,1,1,1,55,25,3,61,31,0,,,,,,,4,0,10,0,4,0,2,0,2,0,4,2,35.68277277777778,139.71964777777777,2,3,,,,
1,30,439,321,2,0,1,20280,0,114,2019,11,11,18,0,22,,,,,1,1,1,14,7,0,23,0,23,2,7,1,70,5,2,1,45,1,3,61,31,0,,,,,,,3,0,10,0,3,0,2,0,2,0,4,2,35.70083527777778,139.66709083333333,2,3,,,,
1,30,439,325,2,0,1,30000,0,114,2019,11,30,20,5,22,,,,,1,1,1,1,1,9,22,0,23,15,8,30,70,5,1,1,35,1,51,61,0,0,,,,,,,0,0,20,0,3,0,0,0,0,0,4,2,35.68377611111111,139.66080694444446,7,3,,,,