資料区分,都道府県コード,警察署等コード,本票番号,事故内容,死者数,負傷者数,路線コード,地点コード,市区町村コード,発生日時　　年,発生日時　　月,発生日時　　日,発生日時　　時,発生日時　　分,昼夜,日の出時刻　　時,日の出時刻　　分,日の入り時刻　　時,日の入り時刻　　分,天候,地形,路面状態,道路形状,信号機,一時停止規制　標識（当事者A）,一時停止規制　表示（当事者A）,一時停止規制　標識（当事者B）,一時停止規制　表示（当事者B）,車道幅員,道路線形,衝突地点,ゾーン規制,中央分離帯施設等,歩車道区分,事故類型,年齢（当事者A）,年齢（当事者B）,当事者種別（当事者A）,当事者種別（当事者B）,用途別（当事者A）,用途別（当事者B）,車両形状等（当事者A）,車両形状等（当事者B）,オートマチック車（当事者A）,オートマチック車（当事者B）,サポカー（当事者A）,サポカー（当事者B）,速度規制（指定のみ）（当事者A）,速度規制（指定のみ）（当事者B）,車両の衝突部位（当事者A）,車両の衝突部位（当事者B）,車両の損壊程度（当事者A）,車両の損壊程度（当事者B）,エアバッグの装備（当事者A）,エアバッグの装備（当事者B）,サイドエアバッグの装備（当事者A）,サイドエアバッグの装備（当事者B）,人身損傷程度（当事者A）,人身損傷程度（当事者B）,lat,lon,曜日(発生年月日),祝日(発生年月日),認知機能検査経過日数（当事者A）,認知機能検査経過日数（当事者B）,運転練習の方法（当事者A）,運転練習の方法（当事者B）
1,30,439,329,2,0,1,20280,0,114,2019,12,7,12,5,12,,,,,2,1,2,1,1,9,22,0,23,14,9,30,70,4,2,1,25,1,52,61,0,0,,,,,,,0,0,10,0,3,0,0,0,0,0,4,2,35.68888055555555,139.6687572222222,7,3,,,,
1,30,439,338,2,0,1,20280,0,114,2019,12,6,8,50,12,,,,,1,1,1,14,7,0,23,0,23,3,8,1,70,4,1,1,45,65,51,61,0,0,,,,,,,0,0,10,0,3,0,0,0,0,0,4,2,35.690147499999995,139.6690561111111,6,3,,,,
1,30,439,343,2,0,1,20280,0,114,2019,12,15,18,50,22,,,,,1,1,1,7,1,0,23,0,23,5,9,1,70,4,2,1,1,65,51,61,0,0,,,,,,,0,0,0,0,3,0,0,0,0,0,4,2,35.69729083333333,139.66738277777776,1,3,,,,
1,30,439,344,2,0,1,30000,0,114,2019,12,19,16,20,13,,,,,3,1,2,14,7,0,23,0,23,3,9,1,70,5,2,1,1,75,51,61,0,0,,,,,,,0,0,10,0,3,0,0,0,0,0,4,2,35.70094972222223,139.6793436111111,5,3,,,,
1,30,439,350,2,0,1,20290,0,114,2019,12,27,22,28,22,,,,,1,1,1,14,1,0,23,0,23,3,9,1,70,4,2,1,35,45,34,61,31,0,,,,,,,3,0,10,0,2,0,0,0,0,0,4,2,35.701392222222225,139.67860472222222,6,3,,,,
1,30,439,356,2,0,1,30000,0,114,2019,12,1,15,40,13,,,,,1,1,1,14,7,0,23,0,23,2,9,1,70,5,4,1,1,1,36,61,31,0,,,,,,,10,0,10,0,3,0,0,0,0,0,4,2,35.70139,139.6719811111111,1,3,,,,
1,30,440,304,2,0,1,90000,0,114,2019,12,9,16,0,13,,,,,1,1,1,14,7,0,23,0,23,4,9,20,70,5,4,1,65,75,3,61,31,0,,,,,,,10,0,10,0,3,0,2,0,2,0,4,2,35.72763888888889,139.66417472222224,2,3,,,,
1,30,441,320,2,0,1,30000,0,115,2019,9,21,17,50,21,,,,,1,1,1,1,7,0,23,0,23,18,9,20,70,4,2,1,75,0,61,0,0,0,,,,,,,0,0,0,0,0,0,0,0,0,0,2,0,35.70581361111111,139.64979666666665,7,3,,,,
1,30,441,324,2,0,1,10220,0,115,2019,12,5,16,35,21,,,,,1,1,1,1,1,9,22,0,23,14,9,30,70,4,1,1,75,75,3,61,31,0,,,,,,,3,0,50,0,4,0,2,0,2,0,4,2,35.710774722222226,139.64605527777778,5,3,,,,
1,30,441,328,2,0,1,20500,0,115,2019,12,9,6,55,11,,,,,2,1,1,14,1,0,23,0,23,4,9,1,70,4,2,1,35,65,14,61,31,0,,,,,,,3,0,10,0,3,0,2,0,2,0,4,2,35.7032125,139.6364075,2,3,,,,
1,30,441,329,2,0,1,20500,0,115,2019,12,9,18,0,22,,,,,2,1,1,14,7,0,23,0,23,5,9,1,70,4,2,1,1,1,51,61,0,0,,,,,,,0,0,10,0,4,0,0,0,0,0,4,2,35.70960527777778,139.63564055555554,2,3,,,,
1,30,441,336,2,0,1,10260,0,115,2019,12,10,8,31,12,,,,,2,1,1,1,1,9,22,0,23,17,9,30,70,1,2,1,35,55,36,61,31,0,,,,,,,10,0,10,0,4,0,0,0,0,0,4,2,35.69777666666666,139.64948555555554,3,3,,,,
1,30,441,346,2,0,1,20290,0,115,2019,12,27,16,25,13,,,,,1,1,1,14,7,0,23,0,23,5,9,1,70,1,2,1,55,75,35,61,31,0,,,,,,,3,0,10,0,3,0,0,0,0,0,4,2,35.700205833333335,139.66123083333335,6,3,,,,
1,30,442,383,1,1,0,20270,0,115,2019,12,20,9,33,12,,,,,1,1,1,1,1,9,22,0,23,14,9,30,70,4,1,1,55,65,17,61,31,0,,,,,,,3,0,10,0,3,0,2,0,2,0,4,1,35.67955611111111,139.63711944444444,6,3,,,,
1,30,442,385,2,0,1,10260,0,115,2019,7,19,1,55,22,,,,,3,1,2,14,7,0,23,0,23,3,9,1,70,4,2,1,65,25,3,61,1,0,,,,,,,3,0,10,0,3,0,2,0,2,0,4,2,35.691288611111105,139.61200444444444,6,3,,,,
1,30,442,392,2,0,1,10270,0,115,2019,12,9,21,46,22,,,,,3,1,2,14,7,0,23,0,23,3,9,1,70,4,1,1,25,1,51,61,0,0,,,,,,,0,0,10,0,4,0,0,0,0,0,4,2,35.686048611111104,139.61991277777778,2,3,,,,
1,30,442,404,2,0,1,30000,0,115,2019,12,26,9,40,12,,,,,2,1,1,1,1,9,22,0,23,14,9,30,70,5,3,1,1,45,4,61,31,0,,,,,,,2,0,40,0,3,0,2,0,2,0,4,2,35.69221861111111,139.59861583333335,5,3,,,,
1,30,442,412,2,0,1,30000,0,115,2019,12,22,16,5,13,,,,,3,1,1,14,7,0,23,0,23,2,9,1,70,5,4,1,65,55,3,61,31,0,,,,,,,10,0,10,0,4,0,2,0,2,0,4,2,35.683541111111104,139.62991583333334,1,3,,,,
1,30,443,276,2,0,1,30000,0,115,2019,12,7,12,35,12,,,,,2,1,1,14,7,0,23,0,23,3,9,1,70,4,1,1,45,1,1,61,1,0,,,,,,,2,0,10,0,3,0,2,0,2,0,4,2,35.72479638888889,139.60404583333332,7,3,,,,
1,30,443,277,2,0,1,10200,0,115,2019,12,8,20,50,22,,,,,1,1,1,1,1,9,22,0,23,18,9,30,70,4,1,1,65,25,3,61,31,0,,,,,,,5,0,50,0,3,0,2,0,2,0,4,2,35.70834111111111,139.6149061111111,1,3,,,,
1,30,443,284,2,0,2,10240,0,115,2019,12,21,12,54,12,,,,,2,1,1,14,1,0,23,0,23,5,9,1,70,4,1,1,1,65,4,61,31,0,,,,,,,10,0,40,0,4,0,2,0,2,0,4,2,35.70527694444445,139.62176416666668,7,3,,,,
1,30,545,105,2,0,1,20090,0,105,2019,12,8,7,0,11,,,,,1,1,1,1,1,9,22,0,23,19,9,30,70,1,1,1,35,55,12,61,1,0,,,,,,,5,0,50,0,3,0,2,0,2,0,4,2,35.703044444444444,139.75211388888889,1,3,,,,
1,30,545,106,2,0,1,10100,0,105,2019,12,8,14,28,12,,,,,1,1,1,14,7,0,23,0,23,2,9,20,70,5,1,1,35,35,51,61,0,0,,,,,,,0,0,10,0,3,0,0,0,0,0,4,2,35.70583666666667,139.7541838888889,1,3,,,,
1,30,545,115,2,0,1,30000,0,105,2019,12,26,9,24,12,,,,,2,1,1,1,1,9,22,0,23,15,8,30,70,5,2,1,65,55,51,61,0,0,,,,,,,0,0,10,0,3,0,0,0,0,0,4,2,35.707976111111115,139.7457261111111,5,3,,,,
1,30,546,104,2,0,1,20370,0,105,2019,10,26,12,10,12,,,,,1,1,1,14,1,0,23,0,23,6,9,1,70,4,3,1,55,55,3,61,1,0,,,,,,,3,0,80,0,3,0,2,0,2,0,4,2,35.718406944444446,139.72245666666666,7,3,,,,
1,30,546,112,2,0,1,20380,0,105,2019,12,11,6,18,23,,,,,1,1,1,14,7,0,23,0,23,5,9,1,70,1,2,1,65,45,3,61,1,0,,,,,,,4,0,10,0,4,0,2,0,2,0,4,2,35.71832888888889,139.72791916666668,4,3,,,,
1,30,547,75,1,1,0,170,43,105,2019,12,11,7,33,11,,,,,2,1,1,14,1,0,23,0,23,4,9,1,70,4,1,1,55,1,51,61,0,0,,,,,,,0,0,20,0,3,0,0,0,0,0,1,4,35.716617500000005,139.7569125,4,3,,,,
1,30,547,76,1,1,0,20400,0,105,2019,12,17,0,18,22,,,,,1,1,1,1,2,9,22,0,23,17,9,30,70,5,1,1,45,65,13,61,31,0,,,,,,,4,0,10,0,3,0,2,0,2,0,4,1,35.719395,139.75697583333334,3,3,,,,
1,30,548,87,2,0,1,20000,0,105,2019,12,13,10,17,12,,,,,2,1,1,14,7,0,23,0,23,3,9,1,70,5,4,1,75,1,13,61,31,0,,,,,,,2,0,40,0,3,0,2,0,2,0,4,2,35.72770805555556,139.7647922222222,6,3,,,,
1,30,548,89,2,0,1,20410,0,105,2019,12,21,0,25,22,,,,,1,1,1,1,1,9,22,0,23,18,9,30,70,4,1,1,55,45,17,61,31,0,,,,,,,10,0,10,0,3,0,2,0,2,0,4,2,35.73036166666667,139.76317416666666,7,3,,,,
1,30,548,91,2,0,1,20400,0,105,2019,12,25,11,38,12,,,,,2,1,1,14,7,0,23,0,23,5,9,1,70,4,1,1,45,35,3,61,1,0,,,,,,,4,0,40,0,3,0,2,0,2,0,4,2,35.72286027777778,139.7543227777778,4,3,,,,
1,30,548,92,2,0,1,30900,0,105,2019,11,15,19,40,22,,,,,1,1,1,1,1,9,22,0,23,19,9,30,70,4,1,1,65,55,3,61,1,0,,,,,,,4,0,10,0,3,0,2,0,2,0,4,2,35.72047861111111,139.7562425,6,3,,,,
1,30,549,143,2,0,1,170,84,116,2019,12,14,22,42,22,,,,,1,1,1,1,8,9,22,0,23,19,9,30,70,1,1,1,55,1,4,61,31,0,,,,,,,4,0,10,0,3,0,2,0,2,0,4,2,35.74429694444444,139.72787166666666,7,3,,,,
1,30,550,219,2,0,1,30000,0,116,2019,12,3,6,37,11,,,,,1,1,1,7,1,0,23,0,23,2,9,1,70,5,1,1,65,25,3,61,1,0,,,,,,,5,0,10,0,3,0,2,0,2,0,4,2,35.73254861111111,139.71180166666664,3,3,,,,
1,30,550,226,2,0,1,95000,0,116,2019,11,30,4,30,22,,,,,1,1,1,0,7,0,23,0,23,0,0,20,70,0,4,1,45,75,3,61,1,0,,,,,,,10,0,30,0,3,0,2,0,2,0,4,2,35.73860833333333,139.71473416666666,7,3,,,,
1,30,550,227,2,0,1,30000,0,116,2019,11,29,11,29,12,,,,,1,1,1,1,7,9,22,0,23,14,9,30,70,5,2,1,25,45,51,61,0,0,,,,,,,0,0,20,0,3,0,0,0,0,0,4,2,35.728659444444446,139.7167288888889,6,3,,,,
1,30,551,167,2,0,1,30000,0,116,2019,12,28,8,0,12,,,,,1,1,1,7,7,0,23,0,23,3,9,1,70,4,2,1,1,1,3,61,31,0,,,,,,,1,0,50,0,3,0,2,0,2,0,4,2,35.73936166666667,139.68710472222222,7,3,,,,
1,30,552,165,2,0,1,170,90,117,2019,11,15,15,50,13,,,,,1,1,1,1,1,9,22,0,23,17,9,30,70,5,3,1,45,1,1,61,1,0,,,,,,,2,0,20,0,3,0,2,0,2,0,4,2,35.747779722222226,139.7234636111111,6,3,,,,
1,30,552,170,2,0,1,10090,0,117,2019,12,10,8,45,12,,,,,1,1,1,1,1,9,22,0,23,18,9,30,70,5,1,1,45,1,3,61,31,0,,,,,,,4,0,10,0,3,0,2,0,2,0,4,2,35.74809777777778,139.7530138888889,3,3,,,,
1,30,552,171,2,0,1,30000,0,117,2019,12,11,7,53,12,,,,,2,1,1,1,1,9,22,0,23,14,9,30,70,5,1,1,1,55,51,61,0,0,,,,,,,0,0,10,0,4,0,0,0,0,0,4,2,35.73907666666667,139.7622511111111,4,3,,,,
1,30,552,173,2,0,1,10090,0,117,2019,12,12,9,35,12,,,,,1,1,1,14,7,0,23,0,23,5,9,1,70,1,1,1,25,65,51,61,0,0,,,,,,,0,0,10,0,3,0,0,0,0,0,4,2,35.74555166666667,139.72964861111112,5,3,,,,
1,30,552,174,2,0,1,30000,0,117,2019,12,12,10,24,12,,,,,1,1,1,1,7,9,22,0,23,11,9,30,70,5,2,1,55,55,3,61,31,0,,,,,,,2,0,20,0,3,0,2,0,2,0,4,2,35.740206944444445,139.7635061111111,5,3,,,,
1,30,552,178,2,0,1,10090,0,117,2019,12,14,21,0,22,,,,,1,1,1,1,1,9,22,0,23,18,9,30,70,4,1,1,65,25,3,61,31,0,,,,,,,1,0,80,0,3,0,2,0,2,0,4,2,35.742359444444446,139.7264213888889,7,3,,,,
1,30,553,117,2,0,1,30000,0,117,2019,11,25,15,5,12,,,,,2,1,1,14,7,0,23,0,23,2,9,20,70,5,4,1,75,75,51,61,0,0,,,,,,,0,0,40,0,3,0,0,0,0,0,4,2,35.75606,139.74932638888887,2,3,,,,
1,30,554,167,2,0,1,1220,0,117,2019,12,1,10,6,12,,,,,1,1,1,1,1,9,22,0,23,18,9,30,70,1,1,1,65,55,14,61,31,0,,,,,,,10,0,20,0,3,0,2,0,2,0,4,2,35.769735555555556,139.73447638888888,1,3,,,,
1,30,554,170,2,0,1,30000,0,117,2019,12,10,18,27,22,,,,,2,1,1,1,7,1,22,0,23,15,9,30,70,5,3,1,65,35,3,61,31,0,,,,,,,10,0,12,0,3,0,2,0,2,0,4,2,35.77782277777778,139.70709944444442,3,3,,,,
1,30,554,171,2,0,1,30000,0,117,2019,12,10,20,20,22,,,,,2,1,1,1,7,9,22,0,23,15,9,30,70,5,1,1,25,75,14,61,1,0,,,,,,,10,0,10,0,3,0,2,0,2,0,4,2,35.77464333333333,139.70968722222221,3,3,,,,
1,30,554,177,2,0,1,30000,0,117,2019,12,24,1,25,22,,,,,1,1,1,14,7,0,23,0,23,3,9,1,70,5,2,1,55,35,3,61,1,0,,,,,,,2,0,10,0,4,0,2,0,2,0,4,2,35.778417499999996,139.72126583333335,3,3,,,,
1,30,554,178,2,0,1,30000,0,117,2019,12,24,14,30,12,,,,,1,1,1,14,7,0,23,0,23,3,9,1,70,5,1,1,45,75,51,61,0,0,,,,,,,0,0,40,0,4,0,0,0,0,0,4,2,35.777473055555554,139.72171916666667,3,3,,,,
1,30,554,181,2,0,1,30000,0,117,2019,12,28,11,52,12,,,,,1,1,1,1,7,9,22,0,23,11,9,30,70,5,2,1,45,65,3,61,31,0,,,,,,,10,0,40,0,3,0,2,0,2,0,4,2,35.7793675,139.72383444444444,7,3,,,,
1,30,555,391,2,0,1,30000,0,119,2019,7,6,16,0,12,,,,,2,1,1,1,7,1,21,0,23,11,9,30,70,4,1,1,65,1,3,61,31,0,,,,,,,10,0,10,0,3,0,2,0,2,0,4,2,35.759320555555554,139.6897988888889,7,3,,,,
1,30,555,392,2,0,1,30000,0,119,2019,11,25,15,10,12,,,,,2,1,1,14,7,0,23,0,23,1,9,1,70,5,4,1,25,65,14,61,31,0,,,,,,,5,0,30,0,3,0,2,0,2,0,4,2,35.764850555555554,139.67529833333333,2,3,,,,
1,30,555,397,2,0,1,30760,0,119,2019,12,8,12,4,12,,,,,1,1,1,14,7,0,23,0,23,3,9,1,70,4,3,1,55,55,3,61,31,0,,,,,,,2,0,40,0,4,0,2,0,2,0,4,2,35.764543055555556,139.68160416666666,1,3,,,,
1,30,555,398,2,0,1,30000,0,119,2019,12,9,21,56,22,,,,,3,1,2,14,7,0,23,0,23,3,9,1,70,4,2,1,35,35,3,61,31,0,,,,,,,2,0,80,0,3,0,2,0,2,0,4,2,35.7650875,139.6790761111111,2,3,,,,
1,30,555,404,2,0,2,10130,0,119,2019,11,10,7,40,12,,,,,1,1,1,1,1,9,22,0,23,18,9,30,70,1,2,1,25,55,51,61,0,0,,,,,,,0,0,10,0,3,0,0,0,0,0,4,2,35.753006944444444,139.68499194444445,1,3,,,,
1,30,555,410,2,0,1,30000,0,119,2019,12,5,11,20,12,,,,,1,1,1,14,7,0,23,0,23,3,9,1,70,5,3,1,35,75,35,61,31,0,,,,,,,10,0,10,0,3,0,0,0,0,0,4,2,35.748110277777776,139.71770027777777,5,3,,,,
1,30,555,415,2,0,1,30000,0,119,2019,11,21,11,5,12,,,,,1,1,1,1,7,9,22,0,23,11,9,20,70,5,4,1,55,65,17,61,31,0,,,,,,,2,0,60,0,4,0,2,0,2,0,4,2,35.74370166666667,139.68204083333333,5,3,,,,
1,30,555,420,2,0,1,30000,0,119,2019,11,29,11,30,12,,,,,1,1,1,14,7,0,23,0,23,3,9,1,70,5,3,1,45,75,3,61,31,0,,,,,,,10,0,10,0,3,0,2,0,2,0,4,2,35.75642583333333,139.6967136111111,6,3,,,,
1,30,555,427,2,0,1,30000,0,119,2019,11,26,19,30,22,,,,,1,1,1,1,7,9,22,0,23,11,9,30,70,5,3,1,45,65,3,61,31,0,,,,,,,5,0,10,0,3,0,2,0,2,0,4,2,35.76020722222222,139.7053911111111,3,3,,,,
1,30,556,264,2,0,1,90000,0,119,2019,12,20,18,38,22,,,,,1,1,1,7,7,0,23,0,23,1,9,1,70,5,2,1,55,45,35,61,31,0,,,,,,,10,0,30,0,3,0,0,0,0,0,4,2,35.783784999999995,139.67877305555555,6,3,,,,
1,30,556,267,2,0,1,30750,0,119,2019,11,26,11,0,12,,,,,2,1,1,7,7,0,23,0,23,1,9,1,70,5,2,1,35,55,51,61,0,0,,,,,,,0,0,20,0,3,0,0,0,0,0,4,2,35.77637277777778,139.69515555555557,3,3,,,,
1,30,556,268,2,0,1,20000,0,119,2019,12,4,6,50,11,,,,,1,1,1,14,7,0,23,0,23,3,9,1,70,1,2,1,1,35,14,61,1,0,,,,,,,2,0,80,0,3,0,2,0,2,0,4,2,35.766959444444446,139.70133249999998,4,3,,,,
1,30,556,273,2,0,1,30000,0,119,2019,12,13,13,50,12,,,,,1,1,1,14,7,0,23,0,23,1,9,1,70,5,4,1,55,45,3,61,31,0,,,,,,,1,0,80,0,4,0,2,0,2,0,4,2,35.7643025,139.70377416666665,6,3,,,,
1,30,556,275,2,0,1,30000,0,119,2019,12,14,10,0,12,,,,,1,1,1,1,7,1,22,0,23,11,7,30,70,5,1,1,45,35,3,61,31,0,,,,,,,2,0,80,0,3,0,2,0,2,0,4,2,35.78140194444445,139.69638305555557,7,3,,,,
1,30,556,280,2,0,1,10200,0,119,2019,12,20,18,7,22,,,,,1,1,1,1,1,9,22,0,23,14,9,30,70,1,2,1,55,45,14,61,1,0,,,,,,,3,0,50,0,3,0,2,0,2,0,4,2,35.777786388888885,139.68190944444444,6,3,,,,
1,30,556,281,2,0,2,30920,0,119,2019,12,21,13,55,12,,,,,1,1,1,1,1,9,22,0,23,15,9,30,70,4,2,1,65,35,3,61,31,0,,,,,,,2,0,10,0,3,0,2,0,2,0,4,2,35.780616944444446,139.66531972222222,7,3,,,,
1,30,556,283,2,0,1,30000,0,119,2019,12,22,9,5,12,,,,,2,1,1,14,7,0,23,0,23,3,9,1,1,4,1,1,65,75,13,61,31,0,,,,,,,2,0,40,0,4,0,2,0,2,0,4,2,35.783611944444445,139.67911888888887,1,3,,,,
1,30,556,286,2,0,1,30000,0,119,2019,12,26,18,5,22,,,,,2,1,1,7,7,0,23,0,23,2,9,1,70,5,1,1,65,75,14,61,31,0,,,,,,,2,0,10,0,3,0,2,0,2,0,4,2,35.7702875,139.68321194444442,5,3,,,,
1,30,556,287,2,0,1,30000,0,119,2019,12,27,11,0,12,,,,,1,1,1,14,7,0,23,0,23,4,9,1,70,4,2,1,55,25,3,61,31,0,,,,,,,2,0,50,0,3,0,2,0,2,0,4,2,35.765079444444446,139.70564499999998,6,3,,,,
1,30,556,289,2,0,1,20000,0,119,2019,12,27,10,50,12,,,,,1,1,1,14,7,0,23,0,23,1,9,1,70,5,2,1,75,55,51,61,0,0,,,,,,,0,0,10,0,4,0,0,0,0,0,4,2,35.77364027777778,139.68778972222222,6,3,,,,
1,30,556,290,2,0,1,30000,0,119,2019,12,29,8,45,12,,,,,1,1,1,1,7,9,22,0,23,11,8,30,70,5,3,1,25,55,3,61,31,0,,,,,,,2,0,10,0,4,0,2,0,2,0,4,2,35.768881944444445,139.6951488888889,1,3,,,,
1,30,557,331,2,0,1,30000,0,120,2019,12,1,17,13,21,,,,,1,1,1,1,7,9,22,0,23,15,9,30,70,4,1,1,75,75,3,61,31,0,,,,,,,2,0,20,0,3,0,2,0,2,0,4,2,35.72833111111111,139.6534263888889,1,3,,,,
1,30,557,338,2,0,1,30000,0,120,2019,12,10,19,16,22,,,,,1,1,1,1,7,1,21,0,23,14,9,30,70,5,4,1,65,45,14,61,1,0,,,,,,,2,0,10,0,4,0,2,0,2,0,4,2,35.743098333333336,139.64910083333334,3,3,,,,
1,30,557,339,2,0,1,30000,0,120,2019,12,14,10,17,12,,,,,1,1,1,7,7,0,23,0,23,2,9,1,70,5,3,1,45,75,31,61,31,0,,,,,,,10,0,40,0,3,0,0,0,0,0,4,2,35.74850222222222,139.65572583333335,7,3,,,,
1,30,557,352,2,0,1,30000,0,120,2019,9,4,16,41,12,,,,,1,1,1,14,7,0,23,0,23,2,9,1,70,5,4,1,45,35,3,61,31,0,,,,,,,5,0,20,0,4,0,2,0,2,0,4,2,35.73679416666667,139.65190444444445,4,3,,,,
1,30,558,357,1,1,0,30000,0,120,2019,12,17,17,30,22,,,,,1,1,1,14,7,0,23,0,23,3,9,1,70,4,2,1,75,75,3,61,31,0,,,,,,,3,0,80,0,3,0,2,0,2,0,4,1,35.77409,139.59406666666666,3,3,,,,
1,30,558,362,2,0,1,10330,0,120,2019,12,7,17,10,21,,,,,1,1,1,14,7,0,23,0,23,3,9,1,70,5,3,1,1,65,3,61,31,0,,,,,,,3,0,40,0,4,0,2,0,2,0,4,2,35.7507875,139.58206222222222,7,3,,,,
1,30,558,363,2,0,1,10320,0,120,2019,12,5,22,10,22,,,,,1,1,1,14,7,0,23,0,23,3,9,1,70,5,2,1,45,35,3,61,1,0,,,,,,,3,0,10,0,3,0,2,0,2,0,4,2,35.743645,139.6026738888889,5,3,,,,
1,30,558,374,2,0,1,30000,0,120,2019,12,3,12,7,12,,,,,1,1,1,7,7,0,23,0,23,2,9,1,70,5,3,1,35,65,3,61,31,0,,,,,,,10,0,10,0,4,0,2,0,2,0,4,2,35.77518638888889,139.5912866666667,3,3,,,,
1,30,558,378,2,0,1,30000,0,120,2019,12,14,12,40,12,,,,,1,1,1,14,7,0,23,0,23,3,9,1,70,5,3,1,25,1,36,61,31,0,,,,,,,10,0,10,0,3,0,0,0,0,0,4,2,35.75948861111111,139.58041527777777,7,3,,,,
1,30,558,385,2,0,1,10320,0,120,2019,12,26,8,48,12,,,,,2,1,1,1,7,1,22,0,23,11,9,30,70,5,1,1,45,55,3,61,31,0,,,,,,,2,0,30,0,4,0,2,0,2,0,4,2,35.742338333333336,139.5984163888889,5,3,,,,
1,30,558,388,2,0,1,30000,0,120,2019,11,30,17,50,22,,,,,1,1,1,1,7,1,21,0,23,14,9,30,70,5,2,1,45,35,3,61,31,0,,,,,,,2,0,50,0,4,0,2,0,2,0,4,2,35.743319166666666,139.6077288888889,7,3,,,,
1,30,558,389,2,0,1,30000,0,120,2019,11,27,13,30,12,,,,,2,1,1,14,7,0,23,0,23,3,9,1,70,4,1,1,55,55,1,61,1,0,,,,,,,3,0,80,0,3,0,2,0,2,0,4,2,35.75508166666667,139.5991502777778,4,3,,,,
1,30,558,390,2,0,1,30000,0,120,2019,11,28,8,10,12,,,,,2,1,1,14,7,0,23,0,23,3,9,1,70,4,1,1,25,45,3,61,31,0,,,,,,,10,0,40,0,3,0,2,0,2,0,4,2,35.756030277777775,139.5821925,5,3,,,,
1,30,558,391,2,0,1,30000,0,120,2019,12,12,6,30,23,,,,,1,1,1,14,7,0,23,0,23,1,9,1,70,5,1,1,45,35,51,61,0,0,,,,,,,0,0,20,0,4,0,0,0,0,0,4,2,35.72893583333334,139.59955027777778,5,3,,,,
1,30,559,213,2,0,1,30930,0,119,2019,10,11,19,42,22,,,,,3,1,2,1,1,9,22,0,23,15,9,30,70,4,2,1,45,55,35,61,31,0,,,,,,,3,0,10,0,3,0,0,0,0,0,4,2,35.78959833333333,139.67202027777776,6,3,,,,
1,30,559,216,2,0,1,30000,0,119,2019,12,3,11,15,12,,,,,1,1,1,7,7,0,23,0,23,3,9,1,70,4,2,1,45,35,12,61,31,0,,,,,,,10,0,10,0,3,0,2,0,2,0,4,2,35.77812111111111,139.6363511111111,3,3,,,,
1,30,559,220,2,0,2,95000,0,119,2019,12,7,15,15,12,,,,,2,1,1,0,7,0,23,0,23,0,0,20,70,0,4,1,65,25,3,61,31,0,,,,,,,10,0,10,0,1,0,1,0,2,0,4,2,35.780947777777776,139.65269944444444,7,3,,,,
1,30,559,223,2,0,1,20000,0,119,2019,12,12,4,10,22,,,,,1,1,1,7,3,0,23,0,23,5,9,1,70,4,1,1,45,35,4,61,31,0,,,,,,,5,0,10,0,3,0,2,0,2,0,4,2,35.7913725,139.64729583333332,5,3,,,,
1,30,560,392,2,0,1,10200,0,120,2019,12,2,9,10,12,,,,,3,1,2,14,7,0,23,0,23,2,9,1,70,5,1,1,25,45,3,61,31,0,,,,,,,3,0,20,0,4,0,2,0,2,0,4,2,35.73948277777778,139.62117555555557,2,3,,,,
1,30,560,395,2,0,1,2540,119,120,2019,12,19,13,15,12,,,,,2,1,1,1,1,9,22,0,23,18,9,30,70,1,1,1,45,75,3,61,31,0,,,,,,,5,0,10,0,3,0,2,0,2,0,4,2,35.766039444444445,139.65711583333334,5,3,,,,
1,30,560,396,2,0,1,30000,0,120,2019,12,20,5,53,23,,,,,1,1,1,1,1,9,22,0,23,11,9,30,70,4,1,1,45,45,13,61,31,0,,,,,,,2,0,20,0,3,0,2,0,2,0,4,2,35.761916666666664,139.65593944444444,6,3,,,,
1,30,560,397,2,0,1,30000,0,120,2019,12,20,19,5,22,,,,,1,1,1,14,7,0,23,0,23,2,9,1,70,5,3,1,45,35,51,61,0,0,,,,,,,0,0,0,0,3,0,0,0,0,0,4,2,35.766177222222225,139.63786888888887,6,3,,,,
1,30,560,399,2,0,1,30000,0,120,2019,12,22,22,40,22,,,,,3,1,2,7,7,0,23,0,23,4,6,1,70,4,1,1,25,55,51,61,0,0,,,,,,,0,0,10,0,3,0,0,0,0,0,4,2,35.74154194444444,139.61796166666667,1,3,,,,
1,30,560,412,2,0,1,30000,0,120,2019,12,30,6,50,11,,,,,2,1,1,1,1,9,22,0,23,11,9,30,70,5,3,1,45,75,3,61,31,0,,,,,,,2,0,40,0,3,0,2,0,2,0,4,2,35.760776666666665,139.60626777777776,2,3,,,,
1,30,660,225,2,0,1,30000,0,106,2019,11,25,18,50,22,,,,,3,1,2,7,1,0,23,0,23,3,9,1,70,5,2,1,65,75,3,61,1,0,,,,,,,2,0,10,0,4,0,2,0,2,0,4,2,35.7137875,139.7758038888889,2,3,,,,
1,30,660,238,2,0,1,30000,0,106,2019,12,20,23,47,22,,,,,1,1,1,7,1,0,23,0,23,5,9,1,70,5,1,1,65,1,3,61,1,0,,,,,,,3,0,10,0,2,0,2,0,2,0,4,2,35.712608055555556,139.76852638888892,6,3,,,,