資料区分,都道府県コード,警察署等コード,本票番号,事故内容,死者数,負傷者数,路線コード,地点コード,市区町村コード,発生日時　　年,発生日時　　月,発生日時　　日,発生日時　　時,発生日時　　分,昼夜,日の出時刻　　時,日の出時刻　　分,日の入り時刻　　時,日の入り時刻　　分,天候,地形,路面状態,道路形状,信号機,一時停止規制　標識（当事者A）,一時停止規制　表示（当事者A）,一時停止規制　標識（当事者B）,一時停止規制　表示（当事者B）,車道幅員,道路線形,衝突地点,ゾーン規制,中央分離帯施設等,歩車道区分,事故類型,年齢（当事者A）,年齢（当事者B）,当事者種別（当事者A）,当事者種別（当事者B）,用途別（当事者A）,用途別（当事者B）,車両形状等（当事者A）,車両形状等（当事者B）,オートマチック車（当事者A）,オートマチック車（当事者B）,サポカー（当事者A）,サポカー（当事者B）,速度規制（指定のみ）（当事者A）,速度規制（指定のみ）（当事者B）,車両の衝突部位（当事者A）,車両の衝突部位（当事者B）,車両の損壊程度（当事者A）,車両の損壊程度（当事者B）,エアバッグの装備（当事者A）,エアバッグの装備（当事者B）,サイドエアバッグの装備（当事者A）,サイドエアバッグの装備（当事者B）,人身損傷程度（当事者A）,人身損傷程度（当事者B）,lat,lon,曜日(発生年月日),祝日(発生年月日),認知機能検査経過日数（当事者A）,認知機能検査経過日数（当事者B）,運転練習の方法（当事者A）,運転練習の方法（当事者B）
1,30,661,138,2,0,1,30000,0,106,2019,12,2,8,28,12,,,,,3,1,2,1,1,9,22,0,23,18,9,30,70,4,2,1,35,1,13,61,31,0,,,,,,,2,0,10,0,3,0,2,0,2,0,4,2,35.72264055555556,139.78623472222222,2,3,,,,
1,30,661,143,2,0,1,30000,0,106,2019,12,9,7,39,12,,,,,2,1,1,14,7,0,23,0,23,2,9,1,70,5,3,1,65,35,13,61,31,0,,,,,,,10,0,10,0,3,0,2,0,2,0,4,2,35.719795833333336,139.78194555555558,2,3,,,,
1,30,661,144,2,0,1,30000,0,106,2019,11,29,23,5,22,,,,,1,1,1,14,7,0,23,0,23,2,9,1,70,5,3,1,65,45,3,61,1,0,,,,,,,10,0,40,0,3,0,2,0,2,0,4,2,35.72755611111111,139.76832722222224,6,3,,,,
1,30,661,145,2,0,1,10300,0,106,2019,12,7,21,53,22,,,,,1,1,1,1,1,9,22,0,23,18,9,30,70,1,2,1,55,35,3,61,1,0,,,,,,,3,0,11,0,3,0,2,0,2,0,4,2,35.719100000000005,139.7858997222222,7,3,,,,
1,30,661,147,2,0,1,40,41,106,2019,12,10,14,30,12,,,,,2,1,1,1,1,9,22,0,23,18,9,30,70,1,2,1,1,25,3,61,1,0,,,,,,,5,0,10,0,3,0,2,0,2,0,4,2,35.71798833333334,139.78248972222224,3,3,,,,
1,30,662,161,2,0,1,30000,0,106,2019,7,31,13,30,12,,,,,1,1,1,14,7,0,23,0,23,2,9,1,70,5,2,1,35,55,14,61,31,0,,,,,,,10,0,40,0,3,0,2,0,2,0,4,2,35.71366777777778,139.79309083333334,4,3,,,,
1,30,662,168,2,0,1,20530,0,106,2019,12,30,10,13,12,,,,,3,1,2,1,1,9,22,0,23,17,9,30,70,4,2,1,45,75,17,61,31,0,,,,,,,10,0,10,0,3,0,2,0,2,0,4,2,35.70938916666667,139.7930175,2,3,,,,
1,30,663,138,2,0,1,20390,0,106,2019,10,14,17,40,21,,,,,3,1,2,1,7,0,23,0,23,17,9,30,70,4,1,1,1,0,61,0,0,0,,,,,,,0,0,0,0,0,0,0,0,0,0,2,0,35.705977222222224,139.79138694444444,2,1,,,,
1,30,664,102,2,0,1,30000,0,118,2019,12,26,15,5,12,,,,,2,1,1,14,7,0,23,0,23,3,9,1,1,4,1,1,55,55,35,61,31,0,,,,,,,2,0,10,0,3,0,0,0,0,0,4,2,35.752855,139.77575666666667,5,3,,,,
1,30,664,103,2,0,1,30000,0,118,2019,12,28,16,5,13,,,,,1,1,1,14,7,0,23,0,23,3,9,1,1,4,1,1,55,75,3,61,31,0,,,,,,,2,0,80,0,2,0,2,0,2,0,4,2,35.75253055555556,139.78260722222223,7,3,,,,
1,30,665,92,2,0,1,40,60,118,2019,12,28,5,44,22,,,,,1,1,1,1,1,9,22,0,23,17,9,30,70,4,2,1,65,35,3,61,1,0,,,,,,,5,0,10,0,3,0,2,0,2,0,4,2,35.73220333333334,139.79254527777778,7,3,,,,
1,30,666,153,2,0,1,30000,0,118,2019,12,13,10,40,12,,,,,2,1,1,1,7,9,22,0,23,11,9,30,70,5,2,1,65,25,3,61,31,0,,,,,,,2,0,40,0,4,0,2,0,2,0,4,2,35.73182638888889,139.767725,6,3,,,,
1,30,667,183,2,0,1,40,82,121,2019,12,20,13,54,12,,,,,1,1,1,1,1,9,22,0,23,19,9,30,70,1,1,1,65,75,11,61,1,0,,,,,,,10,0,40,0,4,0,2,0,2,0,4,2,35.750865833333336,139.79971944444443,6,3,,,,
1,30,667,190,2,0,1,30000,0,121,2019,12,31,11,50,12,,,,,1,1,1,14,7,0,23,0,23,3,9,1,70,6,2,1,55,75,2,61,1,0,,,,,,,2,0,40,0,4,0,2,0,2,0,4,2,35.74726583333334,139.79298111111112,3,3,,,,
1,30,668,461,1,1,0,20000,0,121,2019,12,14,15,2,12,,,,,1,1,1,1,7,9,22,0,23,14,9,30,70,5,4,1,45,75,3,61,31,0,,,,,,,10,0,10,0,3,0,2,0,2,0,4,1,35.76463138888889,139.77762305555558,7,3,,,,
1,30,668,462,2,0,1,30000,0,121,2018,12,11,17,5,21,,,,,3,1,2,14,7,0,23,0,23,2,9,1,70,5,4,1,55,45,3,61,31,0,,,,,,,10,0,20,0,3,0,2,0,2,0,4,2,35.765230555555554,139.79762805555555,3,3,,,,
1,30,668,473,2,0,1,95000,0,121,2019,12,5,13,28,12,,,,,1,1,1,1,7,9,22,0,23,18,9,20,70,5,4,1,45,75,3,61,31,0,,,,,,,10,0,10,0,3,0,2,0,2,0,4,2,35.7552675,139.76909194444445,5,3,,,,
1,30,668,477,2,0,1,20000,0,121,2019,12,8,11,40,12,,,,,1,1,1,7,1,0,23,0,23,3,9,1,70,4,2,1,75,75,3,61,31,0,,,,,,,5,0,40,0,3,0,2,0,2,0,4,2,35.78320611111111,139.757335,1,3,,,,
1,30,668,486,2,0,1,30000,0,121,2019,12,12,17,3,21,,,,,1,1,1,1,1,9,22,0,23,15,9,30,70,4,2,1,55,75,3,61,1,0,,,,,,,10,0,40,0,3,0,2,0,2,0,4,2,35.78060305555555,139.7652925,5,3,,,,
1,30,668,488,2,0,2,30000,0,121,2019,12,13,19,8,22,,,,,2,1,1,1,7,9,22,0,23,14,9,30,70,4,2,1,25,35,35,61,31,0,,,,,,,3,0,10,0,3,0,0,0,0,0,4,2,35.78181611111111,139.74574444444443,6,3,,,,
1,30,668,492,2,0,1,10130,0,121,2019,12,19,17,55,22,,,,,2,1,2,7,1,0,23,0,23,3,9,1,70,1,2,1,45,45,3,61,31,0,,,,,,,4,0,10,0,3,0,2,0,2,0,4,2,35.77847472222222,139.75623027777777,5,3,,,,
1,30,668,501,2,0,1,10130,0,121,2019,12,27,3,30,22,,,,,3,1,2,1,1,9,22,0,23,19,9,30,70,1,2,1,45,55,4,61,31,0,,,,,,,5,0,10,0,3,0,2,0,2,0,4,2,35.77849611111111,139.80318833333334,6,3,,,,
1,30,669,624,1,1,0,40,115,121,2019,12,24,5,13,22,,,,,1,1,1,14,7,0,23,0,23,5,9,1,70,1,2,1,55,35,17,61,1,0,,,,,,,10,0,10,0,3,0,2,0,2,0,4,1,35.78048583333333,139.8031427777778,3,3,,,,
1,30,669,625,2,0,1,10130,0,121,2019,11,21,5,50,23,,,,,1,1,1,1,1,0,23,0,23,18,9,30,70,4,2,1,55,0,61,0,0,0,,,,,,,0,0,0,0,0,0,0,0,0,0,2,0,35.77024972222222,139.84834666666669,5,3,,,,
1,30,669,626,2,0,1,30000,0,121,2019,12,1,21,15,22,,,,,2,1,1,14,7,0,23,0,23,2,9,1,70,4,4,1,55,25,3,61,31,0,,,,,,,2,0,40,0,3,0,2,0,2,0,4,2,35.774834722222224,139.81589277777778,1,3,,,,
1,30,669,630,2,0,1,30000,0,121,2019,12,4,23,15,22,,,,,2,1,1,1,7,9,22,0,23,11,9,30,70,4,2,1,45,25,35,61,31,0,,,,,,,2,0,10,0,3,0,0,0,0,0,4,2,35.76337361111111,139.82150666666666,4,3,,,,
1,30,669,637,2,0,1,10360,0,121,2019,12,8,17,10,21,,,,,1,1,1,7,7,0,23,0,23,3,9,1,70,5,1,1,35,45,3,61,31,0,,,,,,,5,0,10,0,3,0,2,0,2,0,4,2,35.779630555555556,139.8304102777778,1,3,,,,
1,30,669,638,2,0,1,30000,0,121,2019,12,10,5,45,23,,,,,3,1,2,7,1,0,23,0,23,4,9,1,70,4,2,1,25,45,12,61,1,0,,,,,,,2,0,10,0,3,0,2,0,2,0,4,2,35.78270027777778,139.81607000000002,3,3,,,,
1,30,669,652,2,0,1,20000,0,121,2019,12,15,17,43,22,,,,,1,1,1,1,7,9,22,0,23,14,9,30,70,4,2,1,1,45,51,61,0,0,,,,,,,0,0,10,0,3,0,0,0,0,0,4,2,35.76825,139.82948472222222,1,3,,,,
1,30,669,656,2,0,1,30000,0,121,2019,12,16,10,5,12,,,,,1,1,1,1,7,9,22,0,23,11,9,30,70,5,2,1,35,75,3,61,31,0,,,,,,,2,0,10,0,4,0,2,0,2,0,4,2,35.76634166666667,139.80924805555557,2,3,,,,
1,30,669,666,2,0,1,30000,0,121,2019,12,20,4,51,22,,,,,2,1,1,14,7,0,23,0,23,2,9,1,70,5,4,1,45,0,61,0,0,0,,,,,,,0,0,0,0,0,0,0,0,0,0,2,0,35.767380277777775,139.818305,6,3,,,,
1,30,669,668,2,0,1,30000,0,121,2019,12,23,0,0,22,,,,,3,1,2,1,1,9,22,0,23,11,9,30,1,5,3,1,1,1,36,61,31,0,,,,,,,2,0,10,0,3,0,0,0,0,0,4,2,35.7663125,139.82856666666666,2,3,,,,
1,30,669,669,2,0,1,30000,0,121,2019,12,19,23,0,22,,,,,2,1,1,14,7,0,23,0,23,2,9,1,70,5,2,1,45,45,51,61,0,0,,,,,,,0,0,10,0,3,0,0,0,0,0,4,2,35.7624425,139.8295625,5,3,,,,
1,30,670,356,2,0,1,10710,0,121,2019,10,24,20,10,22,,,,,2,1,1,7,1,0,23,0,23,3,9,1,70,1,2,1,55,35,3,61,31,0,,,,,,,10,0,10,0,3,0,2,0,2,0,4,2,35.7958475,139.7699252777778,5,3,,,,
1,30,670,358,2,0,1,30000,0,121,2019,11,11,17,0,21,,,,,3,1,2,7,7,0,23,0,23,2,9,1,1,4,2,1,35,1,35,61,31,0,,,,,,,3,0,10,0,3,0,0,0,0,0,4,2,35.79251555555555,139.80967611111112,2,3,,,,
1,30,670,359,2,0,1,30000,0,121,2019,11,17,18,50,22,,,,,1,1,1,0,7,0,23,0,23,0,0,20,70,0,3,1,65,1,3,61,31,0,,,,,,,10,0,20,0,3,0,2,0,2,0,4,2,35.79445666666666,139.79045333333332,1,3,,,,
1,30,670,361,2,0,1,30000,0,121,2019,12,4,13,25,12,,,,,1,1,1,1,1,9,22,0,23,18,9,30,70,4,2,1,65,75,3,61,31,0,,,,,,,2,0,50,0,4,0,2,0,2,0,4,2,35.792608055555554,139.80474500000003,4,3,,,,
1,30,670,364,2,0,1,30410,0,121,2019,12,12,7,15,11,,,,,4,1,1,14,7,0,23,0,23,3,9,1,70,5,2,1,1,1,51,61,0,0,,,,,,,0,0,10,0,3,0,0,0,0,0,4,2,35.79959916666667,139.78538666666665,5,3,,,,
1,30,670,366,2,0,1,30000,0,121,2019,12,14,11,58,12,,,,,1,1,1,14,7,0,23,0,23,1,9,1,70,4,1,1,65,65,4,61,31,0,,,,,,,2,0,10,0,3,0,2,0,2,0,4,2,35.804832499999996,139.78629972222222,7,3,,,,
1,30,670,367,2,0,1,30000,0,121,2019,12,14,14,30,12,,,,,1,1,1,7,7,0,23,0,23,1,9,1,70,5,3,1,45,65,13,61,31,0,,,,,,,2,0,20,0,4,0,2,0,2,0,4,2,35.81523361111111,139.76983833333335,7,3,,,,
1,30,670,368,2,0,1,10710,0,121,2019,12,16,10,43,12,,,,,1,1,1,7,1,0,23,0,23,3,9,1,70,1,2,1,45,75,14,61,31,0,,,,,,,5,0,40,0,3,0,2,0,2,0,4,2,35.79604638888889,139.77003833333336,2,3,,,,
1,30,670,373,2,0,1,10710,0,121,2019,11,20,16,0,13,,,,,2,1,1,14,7,0,23,0,23,5,9,20,70,1,1,1,25,75,51,61,0,0,,,,,,,0,0,10,0,4,0,0,0,0,0,4,2,35.814100555555555,139.77049833333334,4,3,,,,
1,30,670,383,2,0,1,30000,0,121,2019,12,29,18,10,22,,,,,1,1,1,1,7,1,21,0,23,11,9,30,70,5,3,1,1,75,51,61,0,0,,,,,,,0,0,10,0,3,0,0,0,0,0,4,2,35.80262,139.78461944444444,1,3,,,,
1,30,771,349,2,0,1,30000,0,108,2019,10,31,10,20,12,,,,,1,1,1,14,7,0,23,0,23,3,9,1,70,1,2,1,45,75,12,61,1,0,,,,,,,5,0,40,0,3,0,1,0,2,0,4,2,35.661250555555554,139.80176555555556,5,3,,,,
1,30,771,354,2,0,1,10020,0,108,2019,12,9,23,6,22,,,,,3,1,2,14,2,0,23,0,23,6,9,1,70,1,2,1,1,55,3,61,31,0,,,,,,,5,0,80,0,3,0,2,0,2,0,4,2,35.65902416666667,139.7909575,2,3,,,,
1,30,771,355,2,0,1,30000,0,108,2019,12,10,13,30,12,,,,,1,1,1,14,7,0,23,0,23,3,9,20,70,5,2,1,45,45,3,61,31,0,,,,,,,10,0,10,0,3,0,2,0,2,0,4,2,35.665155,139.80417472222223,3,3,,,,
1,30,771,361,2,0,1,10020,0,108,2019,11,20,4,15,22,,,,,1,1,1,1,1,9,22,0,23,17,9,30,70,1,2,1,35,55,3,61,31,0,,,,,,,4,0,10,0,3,0,2,0,2,0,4,2,35.65822027777778,139.79279888888888,4,3,,,,
1,30,771,367,2,0,1,30000,0,108,2019,12,6,15,15,12,,,,,2,1,1,14,7,0,23,0,23,4,9,20,70,4,2,1,75,1,3,61,31,0,,,,,,,5,0,30,0,3,0,2,0,2,0,4,2,35.6787925,139.8177925,6,3,,,,
1,30,771,368,2,0,1,20000,0,108,2019,12,19,22,50,22,,,,,1,1,1,1,1,9,22,0,23,19,9,30,70,1,1,1,35,35,11,61,1,0,,,,,,,3,0,10,0,4,0,2,0,2,0,4,2,35.6620275,139.80379166666668,5,3,,,,
1,30,771,373,2,0,1,10040,0,108,2019,12,20,21,0,22,,,,,1,1,1,1,1,9,22,0,23,17,9,30,70,4,2,1,45,45,14,61,31,0,,,,,,,4,0,10,0,3,0,2,0,2,0,4,2,35.66950055555555,139.8120186111111,6,3,,,,
1,30,772,362,2,0,1,30000,0,108,2019,11,21,11,20,12,,,,,1,1,1,1,3,9,22,0,23,17,9,30,70,1,1,1,45,75,12,61,1,0,,,,,,,5,0,40,0,4,0,2,0,2,0,4,2,35.66965416666667,139.82197,5,3,,,,
1,30,772,364,2,0,1,30000,0,108,2019,12,2,16,55,21,,,,,2,1,2,7,1,0,23,0,23,5,9,1,70,4,2,1,65,75,3,61,31,0,,,,,,,10,0,10,0,4,0,2,0,2,0,4,2,35.698179999999994,139.81976583333332,2,3,,,,
1,30,772,371,2,0,1,30000,0,108,2019,12,10,22,20,22,,,,,1,1,1,14,5,0,23,0,23,2,9,1,70,5,3,1,55,35,35,61,31,0,,,,,,,2,0,10,0,3,0,0,0,0,0,4,2,35.700743055555556,139.82714388888888,3,3,,,,
1,30,772,385,2,0,1,10090,0,108,2019,12,23,2,20,22,,,,,3,1,2,1,1,9,22,0,23,17,9,30,70,4,1,1,55,1,34,61,31,0,,,,,,,4,0,10,0,3,0,0,0,0,0,4,2,35.67139833333333,139.82612083333333,2,3,,,,
1,30,773,205,2,0,1,140,47,107,2019,12,12,4,20,22,,,,,2,1,1,1,1,9,22,0,23,17,9,30,70,1,2,1,45,45,33,61,31,0,,,,,,,5,0,10,0,2,0,0,0,0,0,4,2,35.695706666666666,139.81641555555558,5,3,,,,
1,30,773,206,2,0,1,30000,0,107,2019,10,16,9,11,12,,,,,1,1,1,14,7,0,23,0,23,1,9,1,70,5,3,1,65,1,14,61,31,0,,,,,,,10,0,10,0,3,0,2,0,2,0,4,2,35.69616583333333,139.81293861111112,4,3,,,,
1,30,773,213,2,0,1,10290,0,107,2019,12,17,18,15,22,,,,,2,1,1,1,1,9,22,0,23,19,9,30,70,1,2,1,55,25,14,61,31,0,,,,,,,4,0,40,0,3,0,2,0,2,0,4,2,35.700718333333334,139.80512083333335,3,3,,,,
1,30,773,214,2,0,1,20680,0,107,2019,12,19,23,0,22,,,,,2,1,1,1,1,9,22,0,23,19,9,30,70,4,1,1,65,65,3,61,1,0,,,,,,,4,0,10,0,4,0,2,0,2,0,4,2,35.703625833333334,139.79676694444444,5,3,,,,
1,30,774,206,2,0,1,30000,0,107,2019,12,7,21,50,22,,,,,2,1,1,1,1,9,22,0,23,15,9,30,70,4,1,1,1,1,3,61,31,0,,,,,,,2,0,10,0,3,0,2,0,2,0,4,2,35.708981666666666,139.81867111111112,7,3,,,,
1,30,774,208,2,0,1,30000,0,107,2019,12,8,12,0,12,,,,,1,1,1,14,7,0,23,0,23,3,9,1,70,4,2,1,65,75,14,61,31,0,,,,,,,10,0,10,0,3,0,2,0,2,0,4,2,35.720135,139.83035999999998,1,3,,,,
1,30,774,218,2,0,1,30000,0,107,2019,12,21,6,58,11,,,,,2,1,1,7,7,0,23,0,23,3,9,1,70,4,3,1,55,55,3,61,31,0,,,,,,,2,0,50,0,3,0,2,0,2,0,4,2,35.72719166666667,139.81985722222223,7,3,,,,
1,30,774,220,2,0,1,30000,0,107,2019,9,17,13,20,12,,,,,1,1,1,14,7,0,23,0,23,2,9,20,70,4,3,1,35,45,3,61,1,0,,,,,,,2,0,40,0,4,0,2,0,2,0,4,2,35.732081666666666,139.82112666666666,3,3,,,,
1,30,775,402,2,0,1,60,108,122,2019,12,3,13,30,12,,,,,1,1,1,7,1,0,23,0,23,3,9,1,70,1,1,1,65,55,3,61,31,0,,,,,,,5,0,10,0,4,0,2,0,2,0,4,2,35.752154166666664,139.84993861111113,3,3,,,,
1,30,775,414,2,0,1,30000,0,122,2019,12,17,14,45,12,,,,,2,1,1,1,1,9,22,0,23,15,9,30,70,4,2,1,45,1,3,61,1,0,,,,,,,2,0,70,0,3,0,2,0,2,0,4,2,35.76462111111111,139.84597416666668,3,3,,,,
1,30,775,415,2,0,1,30000,0,122,2019,12,8,17,25,21,,,,,1,1,1,7,7,0,23,0,23,3,9,1,70,4,1,1,65,75,51,61,0,0,,,,,,,0,0,10,0,3,0,0,0,0,0,4,2,35.76897833333333,139.87207750000002,1,3,,,,
1,30,775,416,2,0,1,30000,0,122,2019,12,15,2,47,22,,,,,1,1,1,14,7,0,23,0,23,3,9,1,70,4,2,1,65,35,3,61,1,0,,,,,,,3,0,10,0,3,0,2,0,2,0,4,2,35.76209166666667,139.85813527777776,1,3,,,,
1,30,775,419,2,0,1,95000,0,122,2019,11,14,18,5,22,,,,,1,1,1,0,7,0,23,0,23,0,0,20,70,0,2,1,55,35,13,61,31,0,,,,,,,10,0,30,0,3,0,2,0,2,0,4,2,35.74633,139.84435916666666,5,3,,,,
1,30,775,423,2,0,1,30000,0,122,2019,12,27,15,5,12,,,,,1,1,1,1,1,9,22,0,23,15,9,30,70,4,2,1,65,45,13,61,31,0,,,,,,,3,0,20,0,3,0,2,0,2,0,4,2,35.7578775,139.84843416666666,6,3,,,,
1,30,776,319,2,0,1,30000,0,122,2019,10,23,14,15,12,,,,,1,1,1,14,7,0,23,0,23,2,9,1,70,4,2,1,25,1,3,61,31,0,,,,,,,2,0,20,0,3,0,2,0,2,0,4,2,35.737811666666666,139.85034833333333,4,3,,,,
1,30,776,329,2,0,1,30000,0,122,2019,12,12,1,35,22,,,,,1,1,1,1,1,9,22,0,23,15,9,30,70,1,2,1,45,1,13,61,31,0,,,,,,,3,0,10,0,4,0,2,0,2,0,4,2,35.72893583333334,139.83705861111113,5,3,,,,
1,30,776,334,2,0,1,30000,0,122,2019,12,19,18,8,22,,,,,2,1,1,1,7,1,22,0,23,15,9,30,70,5,3,1,35,35,13,61,31,0,,,,,,,2,0,10,0,3,0,2,0,2,0,4,2,35.743340277777776,139.8403713888889,5,3,,,,
1,30,776,342,2,0,1,99000,0,122,2019,12,24,16,20,13,,,,,1,1,1,0,7,0,23,0,23,0,0,20,70,0,4,1,45,45,14,61,31,0,,,,,,,5,0,30,0,4,0,2,0,2,0,4,2,35.735798055555556,139.86326083333333,3,3,,,,
1,30,776,344,2,0,1,10400,0,122,2019,12,28,23,28,22,,,,,1,1,1,14,7,0,23,0,23,3,9,1,70,4,2,1,1,25,31,61,31,0,,,,,,,3,0,10,0,3,0,0,0,0,0,4,2,35.71499,139.86154194444444,7,3,,,,
1,30,776,348,2,0,1,30000,0,122,2019,12,29,16,5,13,,,,,1,1,1,1,1,9,22,0,23,15,9,30,70,4,1,1,65,75,3,61,31,0,,,,,,,2,0,20,0,3,0,2,0,2,0,4,2,35.74572972222222,139.8549275,1,3,,,,
1,30,776,349,2,0,1,30000,0,122,2019,11,24,21,10,22,,,,,2,1,1,14,7,0,23,0,23,1,9,1,70,5,2,1,1,35,3,61,31,0,,,,,,,3,0,80,0,3,0,2,0,2,0,4,2,35.7381675,139.8620836111111,1,3,,,,
1,30,776,351,2,0,1,30000,0,122,2019,11,22,9,24,12,,,,,3,1,2,7,1,0,23,0,23,2,9,1,70,4,2,1,1,35,36,61,31,0,,,,,,,10,0,20,0,3,0,0,0,0,0,4,2,35.74692972222223,139.82616916666666,6,2,,,,
1,30,777,898,2,0,1,30000,0,123,2019,12,8,11,10,12,,,,,1,1,1,1,7,9,22,0,23,11,9,30,70,5,3,1,25,75,36,61,31,0,,,,,,,10,0,0,0,4,0,0,0,0,0,4,2,35.70984694444445,139.8811777777778,1,3,,,,
1,30,777,900,2,0,1,10290,0,123,2019,12,9,7,50,12,,,,,2,1,1,14,7,0,23,0,23,2,9,1,70,5,2,1,45,45,51,61,0,0,,,,,,,0,0,10,0,3,0,0,0,0,0,2,4,35.70446416666667,139.83774416666668,2,3,,,,
1,30,777,909,2,0,1,30000,0,123,2019,12,11,16,12,13,,,,,1,1,1,7,7,0,23,0,23,1,9,1,70,5,2,1,45,1,3,61,31,0,,,,,,,5,0,20,0,3,0,2,0,2,0,4,2,35.70027694444445,139.89464194444443,4,3,,,,
1,30,777,910,2,0,1,30000,0,123,2019,12,12,6,20,23,,,,,1,1,2,1,7,9,22,0,23,14,9,30,70,4,2,1,45,75,35,61,31,0,,,,,,,3,0,10,0,3,0,0,0,0,0,4,2,35.69453583333333,139.8745738888889,5,3,,,,
1,30,777,913,2,0,1,10000,0,123,2019,12,12,15,27,12,,,,,1,1,1,1,1,9,22,0,23,14,9,30,70,4,2,1,45,1,51,61,0,0,,,,,,,0,0,10,0,4,0,0,0,0,0,4,2,35.709990000000005,139.86898944444445,5,3,,,,
1,30,777,927,2,0,1,30520,0,123,2019,12,18,18,17,22,,,,,1,1,1,1,7,9,22,0,23,14,9,30,70,5,2,1,65,65,3,61,31,0,,,,,,,2,0,50,0,3,0,2,0,2,0,4,2,35.69353222222222,139.87436694444446,4,3,,,,
1,30,777,930,2,0,1,10390,0,123,2019,12,20,10,20,12,,,,,1,1,1,1,1,1,21,0,23,11,9,30,70,4,2,1,45,75,3,61,31,0,,,,,,,4,0,80,0,3,0,2,0,2,0,4,2,35.702130555555556,139.86797111111113,6,3,,,,
1,30,777,931,2,0,1,30000,0,123,2019,12,20,13,5,12,,,,,1,1,1,7,7,0,23,0,23,2,9,1,70,4,2,1,45,45,3,61,31,0,,,,,,,2,0,60,0,4,0,2,0,2,0,4,2,35.69387416666666,139.89849916666665,6,3,,,,
1,30,777,933,2,0,1,30000,0,123,2019,12,20,16,24,13,,,,,1,1,1,13,7,0,23,0,23,3,3,1,70,4,2,1,65,1,13,61,31,0,,,,,,,2,0,20,0,3,0,2,0,2,0,4,2,35.70158111111111,139.8877911111111,6,3,,,,
1,30,777,941,2,0,1,30000,0,123,2019,12,22,18,0,22,,,,,3,1,2,7,1,0,23,0,23,2,9,1,70,1,2,1,45,75,3,61,31,0,,,,,,,1,0,50,0,3,0,2,0,2,0,4,2,35.69902361111111,139.86771722222224,1,3,,,,
1,30,777,958,2,0,1,20700,0,123,2019,12,25,9,0,12,,,,,2,1,1,14,7,0,23,0,23,2,9,1,70,5,2,1,65,45,51,61,0,0,,,,,,,0,0,40,0,3,0,0,0,0,0,4,2,35.69891277777777,139.9122152777778,4,3,,,,
1,30,778,198,2,0,1,141,3000,123,2019,12,5,15,50,13,,,,,1,1,1,7,1,0,23,0,23,1,9,1,70,4,2,1,55,75,51,61,0,0,,,,,,,0,0,10,0,3,0,0,0,0,0,4,2,35.717375555555556,139.87556444444445,5,3,,,,
1,30,778,199,2,0,3,141,4203,123,2019,12,6,16,30,21,,,,,1,1,1,1,1,9,22,0,23,15,9,30,70,4,2,1,35,1,14,61,31,0,,,,,,,3,0,80,0,3,0,2,0,2,0,4,2,35.73398805555556,139.89307888888888,6,3,,,,
1,30,778,200,2,0,1,30000,0,123,2019,12,8,17,50,22,,,,,1,1,1,14,7,0,23,0,23,3,9,1,70,4,2,1,65,65,3,61,31,0,,,,,,,3,0,10,0,2,0,2,0,2,0,4,2,35.733047222222226,139.87604000000002,1,3,,,,
1,30,778,210,2,0,1,30000,0,123,2019,12,27,13,35,12,,,,,1,1,1,7,1,0,23,0,23,2,9,1,70,5,2,1,1,75,14,61,31,0,,,,,,,2,0,50,0,3,0,2,0,2,0,4,2,35.70729055555556,139.899545,6,3,,,,
1,30,778,211,2,0,1,99000,0,123,2019,12,27,18,0,22,,,,,1,1,1,0,7,0,23,0,23,0,0,20,70,0,2,1,55,1,13,61,31,0,,,,,,,10,0,30,0,3,0,2,0,2,0,4,2,35.711465555555556,139.89397,6,3,,,,
1,30,778,213,2,0,1,99000,0,123,2019,12,28,16,2,13,,,,,1,1,1,0,7,0,23,0,23,0,0,20,70,0,3,1,75,55,3,61,31,0,,,,,,,2,0,14,0,3,0,2,0,2,0,4,2,35.73049777777778,139.87759583333334,7,3,,,,
1,30,779,508,2,0,1,99000,0,123,2019,12,9,18,30,22,,,,,2,1,1,0,7,0,23,0,23,0,0,20,70,0,2,1,45,65,3,61,31,0,,,,,,,10,0,30,0,3,0,2,0,2,0,4,2,35.66327916666666,139.87520055555555,2,3,,,,
1,30,779,509,2,0,1,30000,0,123,2019,12,9,18,50,22,,,,,3,1,2,14,7,0,23,0,23,2,9,1,70,5,2,1,1,75,51,61,0,0,,,,,,,0,0,10,0,4,0,0,0,0,0,4,2,35.65628888888889,139.86356722222223,2,3,,,,
1,30,779,512,2,0,1,30000,0,123,2019,12,11,16,20,13,,,,,2,1,1,14,7,0,23,0,23,6,9,1,70,1,2,1,1,25,51,61,0,0,,,,,,,0,0,20,0,4,0,0,0,0,0,4,2,35.65327638888889,139.85839583333333,4,3,,,,
1,30,779,514,2,0,1,30000,0,123,2019,12,13,16,40,21,,,,,2,1,1,14,7,0,23,0,23,3,9,1,70,4,2,1,75,75,51,61,0,0,,,,,,,0,0,20,0,4,0,0,0,0,0,4,2,35.65806333333333,139.86668472222223,6,3,,,,