資料区分,都道府県コード,警察署等コード,本票番号,事故内容,死者数,負傷者数,路線コード,地点コード,市区町村コード,発生日時　　年,発生日時　　月,発生日時　　日,発生日時　　時,発生日時　　分,昼夜,日の出時刻　　時,日の出時刻　　分,日の入り時刻　　時,日の入り時刻　　分,天候,地形,路面状態,道路形状,信号機,一時停止規制　標識（当事者A）,一時停止規制　表示（当事者A）,一時停止規制　標識（当事者B）,一時停止規制　表示（当事者B）,車道幅員,道路線形,衝突地点,ゾーン規制,中央分離帯施設等,歩車道区分,事故類型,年齢（当事者A）,年齢（当事者B）,当事者種別（当事者A）,当事者種別（当事者B）,用途別（当事者A）,用途別（当事者B）,車両形状等（当事者A）,車両形状等（当事者B）,オートマチック車（当事者A）,オートマチック車（当事者B）,サポカー（当事者A）,サポカー（当事者B）,速度規制（指定のみ）（当事者A）,速度規制（指定のみ）（当事者B）,車両の衝突部位（当事者A）,車両の衝突部位（当事者B）,車両の損壊程度（当事者A）,車両の損壊程度（当事者B）,エアバッグの装備（当事者A）,エアバッグの装備（当事者B）,サイドエアバッグの装備（当事者A）,サイドエアバッグの装備（当事者B）,人身損傷程度（当事者A）,人身損傷程度（当事者B）,lat,lon,曜日(発生年月日),祝日(発生年月日),認知機能検査経過日数（当事者A）,認知機能検査経過日数（当事者B）,運転練習の方法（当事者A）,運転練習の方法（当事者B）
1,30,779,520,2,0,1,10390,0,123,2019,5,6,8,50,12,,,,,2,1,1,14,1,0,23,0,23,4,9,1,70,4,2,1,55,0,61,0,0,0,,,,,,,0,0,0,0,0,0,0,0,0,0,2,0,35.67216555555555,139.8575361111111,2,1,,,,
1,30,779,524,2,0,1,20000,0,123,2019,12,20,21,20,22,,,,,1,1,1,14,7,0,23,0,23,2,9,1,70,1,1,1,1,45,51,61,0,0,,,,,,,0,0,20,0,4,0,0,0,0,0,4,2,35.66384138888889,139.86417388888887,6,3,,,,
1,30,779,525,2,0,1,30000,0,123,2019,12,28,9,0,12,,,,,1,1,1,14,7,0,23,0,23,3,9,1,1,4,2,1,1,1,51,61,0,0,,,,,,,0,0,10,0,3,0,0,0,0,0,4,2,35.658741666666664,139.86905777777778,7,3,,,,
1,30,876,430,2,0,1,20000,0,201,2019,12,1,14,45,12,,,,,1,1,1,0,7,0,23,0,23,0,0,20,70,0,4,1,45,1,3,61,31,0,,,,,,,10,0,30,0,3,0,2,0,2,0,4,2,35.625323611111114,139.39753249999998,1,3,,,,
1,30,876,431,2,0,1,30000,0,201,2019,12,3,18,40,22,,,,,1,1,1,7,1,0,23,0,23,1,9,1,70,4,2,1,35,75,4,61,31,0,,,,,,,3,0,50,0,3,0,2,0,2,0,4,2,35.627521944444446,139.3496802777778,3,3,,,,
1,30,876,440,2,0,1,30000,0,201,2019,12,9,21,50,22,,,,,3,1,2,12,7,0,23,0,23,3,9,1,70,5,1,1,1,45,51,61,0,0,,,,,,,0,0,10,0,3,0,0,0,0,0,4,2,35.60935472222222,139.37906916666668,2,3,,,,
1,30,876,447,2,0,1,30000,0,201,2019,12,13,16,15,13,,,,,1,1,1,1,1,9,22,0,23,14,9,30,70,5,2,1,45,1,14,61,31,0,,,,,,,3,0,40,0,3,0,2,0,2,0,4,2,35.63095,139.3242997222222,6,3,,,,
1,30,876,449,2,0,1,99000,0,201,2019,12,14,16,15,13,,,,,1,1,1,0,7,0,23,0,23,0,0,20,70,0,2,1,45,65,4,61,31,0,,,,,,,1,0,30,0,3,0,2,0,2,0,4,2,35.6137575,139.38970305555554,7,3,,,,
1,30,876,450,2,0,1,30000,0,201,2019,12,14,18,50,22,,,,,1,1,1,1,7,9,22,0,23,17,9,30,70,4,2,1,45,65,14,61,1,0,,,,,,,3,0,10,0,3,0,2,0,2,0,4,2,35.62672444444444,139.40353083333335,7,3,,,,
1,30,876,456,2,0,2,30000,0,209,2019,12,18,17,5,21,,,,,1,2,1,1,7,9,22,0,23,15,8,30,70,4,2,1,35,1,34,61,31,0,,,,,,,3,0,10,0,2,0,0,0,0,0,2,2,35.601286944444446,139.36134916666666,4,3,,,,
1,30,876,458,2,0,1,30000,0,201,2019,12,20,9,10,12,,,,,1,1,1,1,1,0,23,0,23,14,7,30,70,4,2,1,1,0,61,0,0,0,,,,,,,0,0,0,0,0,0,0,0,0,0,2,0,35.63297583333333,139.3202225,6,3,,,,
1,30,876,465,2,0,1,30000,0,201,2019,12,15,12,50,12,,,,,1,1,1,1,1,9,22,0,23,15,9,30,70,4,2,1,45,75,3,61,31,0,,,,,,,2,0,10,0,3,0,2,0,2,0,4,2,35.6417525,139.36660166666667,1,3,,,,
1,30,876,469,2,0,1,30000,0,201,2019,11,8,10,0,12,,,,,1,1,1,1,7,1,22,0,23,14,8,30,70,5,2,1,75,75,3,61,31,0,,,,,,,10,0,40,0,3,0,2,0,2,0,4,2,35.64101333333333,139.33939916666668,6,3,,,,
1,30,877,305,2,0,1,20730,0,201,2019,12,18,7,30,11,,,,,1,2,2,14,7,0,23,0,23,3,9,1,70,4,2,1,55,75,17,61,1,0,,,,,,,3,0,10,0,3,0,2,0,2,0,4,2,35.680236388888886,139.27949555555557,4,3,,,,
1,30,877,311,2,0,1,30000,0,201,2019,12,21,12,12,12,,,,,2,1,1,7,7,0,23,0,23,2,9,1,70,5,3,1,55,45,4,61,31,0,,,,,,,5,0,10,0,3,0,2,0,2,0,4,2,35.65474916666667,139.31009,7,3,,,,
1,30,877,318,2,0,1,30000,0,201,2019,12,27,8,50,12,,,,,1,1,1,14,7,0,23,0,23,2,7,1,70,5,3,1,35,65,3,61,31,0,,,,,,,10,0,40,0,3,0,2,0,2,0,4,2,35.659305833333335,139.3014125,6,3,,,,
1,30,878,435,2,0,1,30000,0,225,2019,8,4,20,10,22,,,,,1,1,1,13,7,0,23,0,23,4,5,1,70,6,1,1,1,35,34,61,31,0,,,,,,,2,0,0,0,2,0,0,0,0,0,4,2,35.63225583333333,139.52080500000002,1,3,,,,
1,30,878,443,2,0,1,10480,0,224,2019,12,5,6,15,23,,,,,1,2,1,1,1,9,22,0,23,15,9,30,70,1,1,1,75,35,3,61,31,0,,,,,,,4,0,10,0,3,0,2,0,2,0,4,2,35.64367111111111,139.43148277777777,5,3,,,,
1,30,878,444,2,0,1,95000,0,225,2019,12,5,11,50,12,,,,,1,2,1,1,1,9,22,0,23,18,9,30,70,4,2,1,45,1,12,61,31,0,,,,,,,3,0,40,0,3,0,2,0,2,0,4,2,35.60800944444445,139.49886694444444,5,3,,,,
1,30,878,451,2,0,1,30000,0,225,2019,12,2,20,10,22,,,,,2,1,1,1,7,1,22,0,23,11,9,30,70,5,2,1,65,55,3,61,1,0,,,,,,,10,0,10,0,4,0,2,0,2,0,4,2,35.64459194444444,139.504535,2,3,,,,
1,30,878,452,2,0,1,30000,0,224,2019,12,13,15,40,13,,,,,2,2,1,14,7,0,23,0,23,3,8,20,70,5,2,1,35,75,36,61,31,0,,,,,,,10,0,12,0,3,0,0,0,0,0,4,2,35.615520000000004,139.42611472222222,6,3,,,,
1,30,878,455,2,0,1,30000,0,225,2019,12,15,17,10,21,,,,,1,1,1,13,7,0,23,0,23,4,5,20,70,1,2,1,1,35,51,61,0,0,,,,,,,0,0,10,0,4,0,0,0,0,0,4,2,35.645673333333335,139.48896194444444,1,3,,,,
1,30,878,469,2,0,1,30000,0,224,2019,12,30,13,50,12,,,,,2,2,1,14,7,0,23,0,23,3,9,1,70,5,2,1,25,65,4,61,31,0,,,,,,,2,0,40,0,4,0,2,0,2,0,4,2,35.649521944444444,139.4447497222222,2,3,,,,
1,30,879,441,2,0,1,30000,0,220,2019,12,2,18,5,22,,,,,2,1,1,7,7,0,23,0,23,3,9,1,70,4,3,1,55,45,3,61,31,0,,,,,,,3,0,10,0,3,0,2,0,2,0,4,2,35.737233611111115,139.44230805555557,2,3,,,,
1,30,879,443,2,0,1,30000,0,220,2019,12,5,14,50,12,,,,,1,2,1,1,1,9,22,0,23,15,9,30,70,5,2,1,65,65,3,61,31,0,,,,,,,10,0,10,0,3,0,2,0,2,0,4,2,35.743969722222225,139.42409138888888,5,3,,,,
1,30,879,450,2,0,1,10240,0,223,2019,12,7,9,45,12,,,,,2,2,1,1,7,1,21,0,23,14,9,30,70,5,3,1,25,75,3,61,31,0,,,,,,,3,0,10,0,3,0,2,0,2,0,4,2,35.75604305555556,139.38523555555554,7,3,,,,
1,30,879,453,2,0,1,30000,0,223,2019,12,9,6,0,23,,,,,2,1,1,7,7,0,23,0,23,3,9,1,70,4,3,1,35,75,3,61,31,0,,,,,,,3,0,50,0,3,0,2,0,2,0,4,2,35.73961944444444,139.40603000000002,2,3,,,,
1,30,879,463,2,0,1,30000,0,223,2019,12,11,19,11,22,,,,,2,1,1,1,1,9,22,0,23,14,9,30,70,4,2,1,55,65,3,61,31,0,,,,,,,3,0,50,0,3,0,2,0,2,0,4,2,35.738552222222225,139.39941694444443,4,3,,,,
1,30,879,466,2,0,1,30000,0,223,2019,12,12,19,30,22,,,,,1,2,1,1,1,9,22,0,23,15,9,30,70,4,2,1,45,55,3,61,31,0,,,,,,,3,0,20,0,3,0,2,0,2,0,4,2,35.74765277777778,139.37766055555556,5,3,,,,
1,30,879,474,2,0,1,30000,0,220,2019,12,15,10,40,12,,,,,1,1,1,14,7,0,23,0,23,1,9,1,70,5,4,1,25,75,3,61,31,0,,,,,,,10,0,10,0,3,0,2,0,2,0,4,2,35.73560583333333,139.43292555555556,1,3,,,,
1,30,879,479,2,0,1,30000,0,223,2019,12,19,20,55,22,,,,,3,2,2,14,7,0,23,0,23,3,9,1,70,5,2,1,65,65,3,61,31,0,,,,,,,1,0,20,0,4,0,2,0,2,0,4,2,35.74849666666667,139.40572972222222,5,3,,,,
1,30,880,329,2,0,1,30000,0,205,2019,12,8,5,0,22,,,,,1,2,1,7,1,0,23,0,23,4,9,1,70,4,2,1,45,75,3,61,31,0,,,,,,,3,0,10,0,3,0,2,0,2,0,4,2,35.78523638888889,139.29567472222223,1,3,,,,
1,30,880,333,2,0,1,30000,0,205,2019,12,8,10,5,12,,,,,1,2,1,14,7,0,23,0,23,2,9,1,70,5,3,1,55,35,3,61,31,0,,,,,,,10,0,10,0,4,0,2,0,2,0,4,2,35.79378944444444,139.31718694444444,1,3,,,,
1,30,880,336,2,0,1,30000,0,205,2019,12,6,16,10,13,,,,,2,2,1,7,7,0,23,0,23,3,9,20,70,4,2,1,65,35,3,61,31,0,,,,,,,10,0,14,0,4,0,2,0,2,0,4,2,35.784776944444445,139.28588944444445,6,3,,,,
1,30,880,340,2,0,1,10240,0,205,2019,12,18,20,50,22,,,,,1,2,1,1,1,9,22,0,23,18,9,30,70,4,2,1,35,35,4,61,31,0,,,,,,,4,0,10,0,2,0,2,0,2,0,4,2,35.78854861111111,139.2779825,4,3,,,,
1,30,880,342,2,0,1,95000,0,205,2019,12,20,10,5,12,,,,,1,2,1,1,1,1,21,0,23,14,9,30,70,4,2,1,65,75,3,61,31,0,,,,,,,10,0,10,0,4,0,2,0,2,0,4,2,35.80587,139.3113025,6,3,,,,
1,30,880,344,2,0,1,30000,0,205,2019,12,17,19,0,22,,,,,2,2,2,1,7,1,21,0,23,15,9,30,70,5,3,1,45,25,3,61,31,0,,,,,,,5,0,10,0,3,0,2,0,2,0,4,2,35.796385,139.31182833333335,3,3,,,,
1,30,880,346,2,0,1,10550,0,205,2019,12,22,16,55,21,,,,,3,1,2,7,1,0,23,0,23,3,9,1,70,4,2,1,75,55,3,61,31,0,,,,,,,3,0,10,0,3,0,2,0,2,0,4,2,35.77748638888889,139.2949811111111,1,3,,,,
1,30,880,348,2,0,1,30000,0,205,2019,12,26,18,10,22,,,,,2,1,1,7,7,0,23,0,23,4,9,1,70,4,2,1,35,1,34,61,31,0,,,,,,,3,0,10,0,3,0,0,0,0,0,4,2,35.78104222222222,139.31634722222222,5,3,,,,
1,30,881,146,2,0,1,20000,0,305,2019,12,3,11,45,12,,,,,1,2,1,14,7,0,23,0,23,3,9,1,70,4,2,1,75,75,14,61,31,0,,,,,,,3,0,50,0,3,0,2,0,2,0,4,2,35.74332805555556,139.24042083333333,3,3,,,,
1,30,882,524,2,0,1,30000,0,303,2019,12,3,7,8,11,,,,,1,3,1,1,1,9,22,0,23,18,9,30,70,4,1,1,55,65,14,61,31,0,,,,,,,3,0,10,0,4,0,2,0,2,0,4,2,35.767340555555556,139.33660944444446,3,3,,,,
1,30,882,528,2,0,1,30000,0,218,2019,12,8,4,10,22,,,,,1,1,1,14,7,0,23,0,23,2,9,1,70,5,2,1,35,25,3,61,31,0,,,,,,,2,0,40,0,4,0,2,0,2,0,4,2,35.74169805555556,139.32748361111112,1,3,,,,
1,30,882,535,2,0,1,30000,0,227,2019,12,12,23,5,22,,,,,1,2,1,7,1,0,23,0,23,4,9,1,70,4,2,1,55,25,3,61,31,0,,,,,,,3,0,10,0,3,0,2,0,2,0,4,2,35.77460111111111,139.30639333333335,5,3,,,,
1,30,882,544,2,0,1,30000,0,303,2019,11,29,17,30,22,,,,,1,1,1,1,1,9,22,0,23,14,9,30,70,4,2,1,35,1,3,61,31,0,,,,,,,3,0,10,0,4,0,2,0,2,0,4,2,35.75711472222222,139.35389972222222,6,3,,,,
1,30,882,545,2,0,1,30000,0,227,2019,11,1,7,38,12,,,,,1,3,1,1,1,9,22,0,23,14,9,30,70,4,4,1,55,75,3,61,31,0,,,,,,,2,0,14,0,3,0,2,0,2,0,4,2,35.7595375,139.31375694444446,6,3,,,,
1,30,882,547,2,0,1,30000,0,218,2019,12,21,18,55,22,,,,,2,2,1,1,7,9,22,0,23,11,9,30,70,5,2,1,55,45,3,61,31,0,,,,,,,2,0,10,0,4,0,2,0,2,0,4,2,35.72322333333334,139.34016611111113,7,3,,,,
1,30,882,548,2,0,1,30000,0,218,2019,12,4,21,40,22,,,,,1,2,1,7,7,0,23,0,23,1,9,1,70,5,3,1,45,35,3,61,31,0,,,,,,,2,0,40,0,3,0,2,0,2,0,4,2,35.737701111111114,139.32031444444445,4,3,,,,
1,30,882,552,2,0,1,95000,0,303,2019,11,12,9,0,12,,,,,1,1,1,0,7,0,23,0,23,0,0,20,70,0,4,1,45,65,3,61,31,0,,,,,,,10,0,30,0,4,0,2,0,2,0,4,2,35.77408555555555,139.35639194444443,3,3,,,,
1,30,882,562,2,0,1,30000,0,228,2019,12,31,11,40,12,,,,,1,1,1,14,7,0,23,0,23,2,7,1,70,5,3,1,75,65,3,61,31,0,,,,,,,1,0,50,0,3,0,2,0,2,0,4,2,35.72714305555556,139.2885697222222,3,3,,,,
1,30,883,712,2,0,1,30000,0,201,2019,12,3,12,2,12,,,,,1,1,1,14,7,0,23,0,23,2,9,1,70,5,3,1,1,35,3,61,31,0,,,,,,,10,0,40,0,3,0,2,0,2,0,4,2,35.655499444444445,139.30955111111112,3,3,,,,
1,30,883,713,2,0,1,30000,0,201,2019,12,4,7,22,11,,,,,1,1,1,14,7,0,23,0,23,3,9,1,70,5,3,1,35,75,13,61,31,0,,,,,,,2,0,10,0,4,0,2,0,2,0,4,2,35.67177638888889,139.33274194444445,4,3,,,,
1,30,883,716,2,0,1,30000,0,201,2019,12,6,5,50,23,,,,,1,1,1,1,1,9,22,0,23,15,9,30,70,4,1,1,1,1,3,61,31,0,,,,,,,3,0,20,0,3,0,2,0,2,0,4,2,35.69195638888888,139.33442916666667,6,3,,,,
1,30,883,726,2,0,1,30540,0,201,2019,12,10,10,10,12,,,,,1,1,1,1,7,9,22,0,23,14,9,30,70,4,2,1,65,75,4,61,31,0,,,,,,,3,0,50,0,3,0,2,0,2,0,4,2,35.66209527777777,139.32083916666667,3,3,,,,
1,30,883,745,2,0,1,30000,0,201,2019,12,23,13,12,12,,,,,1,2,1,13,7,0,23,0,23,3,3,1,70,4,2,1,45,45,1,61,1,0,,,,,,,3,0,80,0,3,0,2,0,2,0,4,2,35.69783527777778,139.25100083333334,2,3,,,,
1,30,883,749,2,0,1,30000,0,201,2019,12,26,0,0,22,,,,,1,1,1,1,7,1,21,0,23,14,9,30,70,4,3,1,45,35,4,61,31,0,,,,,,,10,0,50,0,2,0,2,0,2,0,4,2,35.662546666666664,139.32420555555555,5,3,,,,
1,30,883,752,2,0,1,30000,0,201,2019,12,26,18,15,22,,,,,2,1,1,1,7,9,22,0,23,14,9,30,70,5,3,1,45,65,3,61,31,0,,,,,,,5,0,10,0,4,0,2,0,2,0,4,2,35.668030277777774,139.36248194444443,5,3,,,,
1,30,883,756,2,0,1,30000,0,201,2019,12,27,7,50,12,,,,,1,1,2,1,7,9,22,0,23,17,9,30,70,4,2,1,45,25,3,61,31,0,,,,,,,3,0,20,0,3,0,2,0,2,0,4,2,35.68528583333333,139.3705602777778,6,3,,,,
1,30,883,758,2,0,1,30000,0,201,2019,12,28,9,40,12,,,,,1,1,1,1,7,1,21,0,23,15,9,30,70,4,2,1,65,75,3,61,31,0,,,,,,,2,0,80,0,3,0,2,0,2,0,4,2,35.663627777777776,139.35230916666666,7,3,,,,
1,30,884,677,2,0,1,30570,0,209,2019,12,2,16,20,13,,,,,3,1,2,7,1,0,23,0,23,3,9,1,70,4,3,1,75,75,4,61,31,0,,,,,,,3,0,50,0,3,0,2,0,2,0,4,2,35.56759111111111,139.43458444444445,2,3,,,,
1,30,884,678,2,0,1,99000,0,209,2019,12,3,8,20,12,,,,,1,1,1,0,7,0,23,0,23,0,0,20,70,0,4,1,35,75,3,61,31,0,,,,,,,10,0,30,0,3,0,2,0,2,0,4,2,35.5810825,139.4953847222222,3,3,,,,
1,30,884,679,2,0,1,30000,0,209,2019,12,3,16,47,21,,,,,1,1,1,7,7,0,23,0,23,3,8,20,70,5,2,1,55,75,3,61,1,0,,,,,,,2,0,10,0,3,0,2,0,2,0,4,2,35.563067499999995,139.46352583333334,3,3,,,,
1,30,884,680,2,0,1,30000,0,209,2019,12,4,7,50,12,,,,,1,1,1,1,2,9,22,0,23,14,9,30,70,4,2,1,65,1,3,61,31,0,,,,,,,2,0,40,0,3,0,2,0,2,0,4,2,35.56444083333333,139.44745666666668,4,3,,,,
1,30,884,682,2,0,1,99000,0,209,2019,12,4,14,25,12,,,,,1,1,1,0,7,0,23,0,23,0,0,20,70,0,4,1,75,25,3,61,31,0,,,,,,,10,0,30,0,3,0,2,0,2,0,4,2,35.572276388888895,139.44226055555555,4,3,,,,
1,30,884,685,2,0,1,30000,0,209,2019,12,8,13,0,12,,,,,1,1,1,7,7,0,23,0,23,2,9,1,70,4,2,1,45,75,3,61,31,0,,,,,,,3,0,80,0,3,0,2,0,2,0,4,2,35.559172777777775,139.42544944444444,1,3,,,,
1,30,884,687,2,0,1,20750,0,209,2019,12,9,10,10,12,,,,,1,1,1,1,1,9,22,0,23,15,9,30,70,4,2,1,65,75,3,61,31,0,,,,,,,3,0,10,0,3,0,2,0,2,0,4,2,35.57760888888889,139.41027888888888,2,3,,,,
1,30,884,695,2,0,1,95000,0,209,2019,11,13,17,45,22,,,,,2,1,1,14,7,0,23,0,23,1,9,1,70,5,3,1,45,45,3,61,31,0,,,,,,,2,0,10,0,3,0,2,0,2,0,4,2,35.553081388888884,139.43735388888888,4,3,,,,
1,30,884,699,2,0,1,30000,0,209,2019,11,19,21,15,22,,,,,2,1,1,1,7,9,21,0,23,15,3,30,70,4,2,1,1,65,36,61,31,0,,,,,,,2,0,10,0,3,0,0,0,0,0,4,2,35.53939194444444,139.4709813888889,3,3,,,,
1,30,884,700,2,0,1,30000,0,209,2019,12,15,15,26,12,,,,,1,1,1,1,1,9,22,0,23,14,9,30,70,4,1,1,35,55,3,61,31,0,,,,,,,2,0,10,0,4,0,2,0,2,0,4,2,35.53743111111111,139.47867416666668,1,3,,,,
1,30,884,703,2,0,1,95000,0,209,2019,11,5,16,22,13,,,,,2,1,1,14,7,0,23,0,23,3,9,1,70,5,2,1,25,1,13,61,31,0,,,,,,,3,0,10,0,3,0,2,0,2,0,4,2,35.519710833333335,139.46374416666666,3,3,,,,
1,30,884,711,2,0,2,10490,0,209,2019,12,20,13,30,12,,,,,1,1,1,7,1,0,23,0,23,2,9,1,70,4,2,1,1,45,3,61,31,0,,,,,,,3,0,40,0,4,0,2,0,2,0,4,2,35.54822361111111,139.44775055555556,6,3,,,,
1,30,884,720,2,0,1,30570,0,209,2019,12,12,9,55,12,,,,,1,1,1,14,7,0,23,0,23,3,8,1,70,4,2,1,65,75,52,61,0,0,,,,,,,0,0,10,0,3,0,0,0,0,0,4,2,35.56794666666667,139.42991972222222,5,3,,,,
1,30,884,722,2,0,1,30000,0,209,2019,12,6,10,0,12,,,,,1,1,1,7,7,0,23,0,23,2,9,20,70,5,4,1,1,35,51,61,0,0,,,,,,,0,0,10,0,3,0,0,0,0,0,4,2,35.5563175,139.449065,6,3,,,,
1,30,884,733,2,0,1,30000,0,209,2019,12,16,18,34,22,,,,,1,1,1,1,1,9,22,0,23,11,9,30,70,4,2,1,45,1,3,61,31,0,,,,,,,5,0,10,0,3,0,2,0,2,0,4,2,35.53313194444444,139.46731027777778,2,3,,,,
1,30,884,735,2,0,1,99000,0,209,2019,12,20,14,39,12,,,,,1,1,1,0,7,0,23,0,23,0,0,20,70,0,2,1,45,65,13,61,31,0,,,,,,,10,0,30,0,3,0,2,0,2,0,4,2,35.57106,139.42852138888887,6,3,,,,
1,30,884,737,2,0,1,30000,0,209,2019,12,12,4,20,22,,,,,2,1,1,1,1,9,22,0,23,18,9,30,70,4,2,1,55,25,4,61,31,0,,,,,,,3,0,20,0,3,0,2,0,2,0,4,2,35.59355583333333,139.4722111111111,5,3,,,,
1,30,884,741,2,0,1,30000,0,209,2019,12,31,19,38,22,,,,,1,1,1,1,1,0,23,0,23,15,9,30,70,4,2,1,75,0,61,0,0,0,,,,,,,0,0,0,0,0,0,0,0,0,0,2,0,35.56488916666667,139.46348333333333,3,3,,,,
1,30,885,402,2,0,1,99000,0,212,2019,12,30,16,50,21,,,,,1,2,1,0,7,0,23,0,23,0,0,20,70,0,4,1,35,65,3,61,31,0,,,,,,,10,0,10,0,3,0,2,0,2,0,4,2,35.64642611111111,139.38303083333335,2,3,,,,
1,30,885,406,2,0,1,95000,0,212,2019,11,29,17,38,22,,,,,1,3,1,14,7,0,23,0,23,3,9,1,1,5,3,1,65,25,4,61,31,0,,,,,,,2,0,10,0,3,0,2,0,2,0,4,2,35.675888611111105,139.3896922222222,6,3,,,,
1,30,885,410,2,0,1,30000,0,212,2019,12,4,7,30,11,,,,,1,3,1,1,1,9,22,0,23,17,9,30,70,1,2,1,25,55,13,61,31,0,,,,,,,10,0,10,0,4,0,2,0,2,0,4,2,35.66990472222222,139.42076444444444,4,3,,,,
1,30,885,412,2,0,1,95000,0,212,2019,12,4,20,10,22,,,,,1,3,1,14,7,0,23,0,23,1,9,20,70,5,4,1,65,0,61,0,0,0,,,,,,,0,0,0,0,0,0,0,0,0,0,2,0,35.66413583333333,139.4095802777778,4,3,,,,
1,30,885,417,2,0,1,30000,0,212,2019,12,8,6,50,11,,,,,1,2,1,1,7,9,22,0,23,14,9,30,70,5,2,1,25,75,3,61,31,0,,,,,,,2,0,10,0,3,0,2,0,2,0,4,2,35.652588055555555,139.38874027777777,1,3,,,,
1,30,885,430,2,0,1,30000,0,212,2019,12,19,20,17,22,,,,,3,3,2,1,7,9,22,0,23,14,9,30,70,5,1,1,55,75,3,61,1,0,,,,,,,2,0,10,0,3,0,2,0,2,0,4,2,35.655719166666664,139.4058611111111,5,3,,,,
1,30,885,431,2,0,1,30000,0,212,2019,12,20,17,30,21,,,,,1,2,1,1,1,9,22,0,23,14,9,30,70,5,2,1,65,35,3,61,31,0,,,,,,,3,0,10,0,3,0,2,0,2,0,4,2,35.664052777777776,139.38380694444444,6,3,,,,
1,30,885,434,2,0,1,30000,0,212,2019,12,24,18,10,22,,,,,1,3,1,14,7,0,23,0,23,3,9,1,70,5,2,1,45,45,51,61,0,0,,,,,,,0,0,10,0,3,0,0,0,0,0,4,2,35.66008861111111,139.39371749999998,3,3,,,,
1,30,886,468,2,0,1,10530,0,207,2019,12,3,21,52,22,,,,,1,3,1,1,1,9,22,0,23,15,9,30,70,4,2,1,1,1,4,61,31,0,,,,,,,3,0,10,0,3,0,2,0,2,0,4,2,35.70095111111112,139.38280666666668,3,3,,,,
1,30,886,474,2,0,1,30000,0,207,2019,12,5,18,58,22,,,,,2,1,1,7,7,0,23,0,23,2,9,1,70,5,4,1,65,45,3,61,31,0,,,,,,,10,0,40,0,3,0,2,0,2,0,4,2,35.70003916666667,139.37618444444445,5,3,,,,
1,30,886,475,2,0,1,95000,0,207,2019,12,7,9,0,12,,,,,1,1,1,14,7,0,23,0,23,2,9,1,70,4,2,1,45,35,35,61,31,0,,,,,,,3,0,10,0,3,0,0,0,0,0,4,2,35.70637361111111,139.35003388888887,7,3,,,,
1,30,886,478,2,0,2,30810,0,207,2019,12,9,10,35,12,,,,,2,2,1,14,7,0,23,0,23,4,9,1,70,4,2,1,45,45,14,61,31,0,,,,,,,3,0,10,0,3,0,2,0,2,0,2,2,35.707728611111115,139.37466472222224,2,3,,,,
1,30,886,479,2,0,1,10550,0,207,2019,12,9,14,36,12,,,,,2,3,1,1,1,9,22,0,23,17,9,30,70,4,2,1,45,1,11,61,31,0,,,,,,,5,0,40,0,3,0,2,0,2,0,4,2,35.695275555555554,139.38217555555556,2,3,,,,
1,30,886,482,2,0,1,30000,0,207,2019,12,10,16,15,13,,,,,1,1,1,14,7,0,23,0,23,3,9,1,70,5,3,1,45,45,4,61,31,0,,,,,,,5,0,30,0,4,0,2,0,2,0,4,2,35.71779416666667,139.37793555555555,3,3,,,,
1,30,886,488,2,0,1,30000,0,207,2019,12,15,17,0,21,,,,,1,3,1,1,7,9,22,0,23,15,9,30,70,5,2,1,1,1,4,61,31,0,,,,,,,2,0,10,0,3,0,2,0,2,0,4,2,35.71545694444445,139.36705666666668,1,3,,,,
1,30,886,490,2,0,1,95000,0,207,2019,12,17,7,50,12,,,,,3,3,2,14,7,0,23,0,23,2,9,1,70,4,2,1,35,1,51,61,0,0,,,,,,,0,0,10,0,3,0,0,0,0,0,4,2,35.71420416666667,139.371505,3,3,,,,
1,30,886,493,2,0,1,30000,0,207,2019,12,20,7,18,11,,,,,1,3,1,1,1,9,22,0,23,14,9,20,70,5,2,1,1,1,3,61,31,0,,,,,,,3,0,80,0,3,0,2,0,2,0,4,2,35.71579861111111,139.34434666666667,6,3,,,,
1,30,886,494,2,0,1,30000,0,207,2019,12,20,15,30,12,,,,,1,1,1,14,1,0,23,0,23,1,9,1,70,4,3,1,45,45,3,61,31,0,,,,,,,3,0,40,0,3,0,2,0,2,0,4,2,35.72147666666667,139.37715444444444,6,3,,,,
1,30,886,498,2,0,1,30000,0,207,2019,12,23,12,2,12,,,,,1,1,1,1,7,9,22,0,23,15,9,30,70,5,2,1,25,65,3,61,31,0,,,,,,,3,0,10,0,3,0,2,0,2,0,4,2,35.71371805555556,139.37321444444444,2,3,,,,
1,30,886,500,2,0,1,30000,0,207,2019,12,25,14,10,12,,,,,1,1,1,14,7,0,23,0,23,1,9,1,70,4,2,1,1,75,51,61,0,0,,,,,,,0,0,20,0,4,0,0,0,0,0,4,2,35.72452666666667,139.35692527777778,4,3,,,,
1,30,886,502,2,0,1,30000,0,207,2019,12,26,9,30,12,,,,,2,1,1,14,7,0,23,0,23,1,9,1,70,5,4,1,55,35,3,61,31,0,,,,,,,10,0,40,0,3,0,2,0,2,0,4,2,35.70583194444445,139.35795638888888,5,3,,,,