資料区分,都道府県コード,警察署等コード,本票番号,事故内容,死者数,負傷者数,路線コード,地点コード,市区町村コード,発生日時　　年,発生日時　　月,発生日時　　日,発生日時　　時,発生日時　　分,昼夜,日の出時刻　　時,日の出時刻　　分,日の入り時刻　　時,日の入り時刻　　分,天候,地形,路面状態,道路形状,信号機,一時停止規制　標識（当事者A）,一時停止規制　表示（当事者A）,一時停止規制　標識（当事者B）,一時停止規制　表示（当事者B）,車道幅員,道路線形,衝突地点,ゾーン規制,中央分離帯施設等,歩車道区分,事故類型,年齢（当事者A）,年齢（当事者B）,当事者種別（当事者A）,当事者種別（当事者B）,用途別（当事者A）,用途別（当事者B）,車両形状等（当事者A）,車両形状等（当事者B）,オートマチック車（当事者A）,オートマチック車（当事者B）,サポカー（当事者A）,サポカー（当事者B）,速度規制（指定のみ）（当事者A）,速度規制（指定のみ）（当事者B）,車両の衝突部位（当事者A）,車両の衝突部位（当事者B）,車両の損壊程度（当事者A）,車両の損壊程度（当事者B）,エアバッグの装備（当事者A）,エアバッグの装備（当事者B）,サイドエアバッグの装備（当事者A）,サイドエアバッグの装備（当事者B）,人身損傷程度（当事者A）,人身損傷程度（当事者B）,lat,lon,曜日(発生年月日),祝日(発生年月日),認知機能検査経過日数（当事者A）,認知機能検査経過日数（当事者B）,運転練習の方法（当事者A）,運転練習の方法（当事者B）
1,30,887,863,2,0,1,30000,0,202,2019,12,2,20,20,22,,,,,1,2,1,1,1,9,22,0,23,14,9,30,70,4,2,1,35,45,4,61,31,0,,,,,,,3,0,10,0,3,0,2,0,2,0,4,2,35.69598777777777,139.41145416666666,2,3,,,,
1,30,887,866,2,0,1,30000,0,202,2019,12,8,18,40,22,,,,,1,1,1,7,1,0,23,0,23,2,9,1,70,4,2,1,35,65,3,61,31,0,,,,,,,3,0,10,0,3,0,2,0,2,0,4,2,35.711825000000005,139.42186972222223,1,3,,,,
1,30,887,871,2,0,1,10260,0,202,2019,12,10,9,0,12,,,,,1,2,1,1,1,9,22,0,23,14,9,30,70,4,2,1,75,75,3,61,31,0,,,,,,,3,0,10,0,3,0,2,0,2,0,4,2,35.72577861111111,139.39250805555554,3,3,,,,
1,30,887,876,2,0,1,30000,0,202,2019,12,13,8,50,12,,,,,2,2,1,14,7,0,23,0,23,3,9,1,70,4,2,1,25,35,14,61,31,0,,,,,,,2,0,30,0,3,0,2,0,2,0,4,2,35.69568333333333,139.41351861111113,6,3,,,,
1,30,887,878,2,0,1,30000,0,215,2019,12,13,9,7,12,,,,,2,1,1,7,7,0,23,0,23,1,9,1,70,5,2,1,55,55,3,61,31,0,,,,,,,3,0,20,0,3,0,2,0,2,0,4,2,35.699015555555555,139.43485722222223,6,3,,,,
1,30,887,879,2,0,1,30000,0,202,2019,12,8,19,5,22,,,,,1,2,1,1,7,1,21,0,23,17,9,30,70,1,2,1,35,1,3,61,31,0,,,,,,,10,0,10,0,3,0,2,0,2,0,4,2,35.70035,139.41671277777778,1,3,,,,
1,30,887,883,2,0,1,30000,0,215,2019,11,25,11,25,12,,,,,1,1,1,1,7,9,22,0,23,14,7,30,70,5,3,1,65,55,3,61,31,0,,,,,,,10,0,20,0,3,0,2,0,2,0,4,2,35.68267611111111,139.44677555555555,2,3,,,,
1,30,887,886,2,0,1,10260,0,202,2019,12,16,6,15,23,,,,,1,1,1,1,1,9,22,0,23,17,9,30,70,4,2,1,65,1,14,61,31,0,,,,,,,3,0,10,0,2,0,2,0,2,0,4,2,35.722879722222224,139.42819944444443,2,3,,,,
1,30,887,892,2,0,1,30000,0,202,2019,12,16,19,56,22,,,,,1,1,1,7,1,0,23,0,23,2,9,1,70,1,2,1,55,55,3,61,31,0,,,,,,,4,0,10,0,3,0,2,0,2,0,4,2,35.72085722222222,139.39665527777777,2,3,,,,
1,30,887,895,2,0,1,30000,0,202,2019,12,18,5,3,22,,,,,1,1,1,1,7,1,21,0,23,15,9,30,70,5,3,1,45,55,17,61,31,0,,,,,,,2,0,10,0,3,0,2,0,2,0,4,2,35.700185833333336,139.41552555555555,4,3,,,,
1,30,887,900,2,0,1,95000,0,202,2019,12,20,15,5,12,,,,,1,2,1,14,7,0,23,0,23,2,9,20,70,5,2,1,65,1,13,61,31,0,,,,,,,2,0,10,0,4,0,2,0,2,0,4,2,35.698591388888886,139.41207472222223,6,3,,,,
1,30,887,904,2,0,1,30000,0,202,2019,11,4,18,0,22,,,,,1,2,1,14,7,0,23,0,23,5,9,1,70,1,1,1,1,65,51,61,0,0,,,,,,,0,0,10,0,3,0,0,0,0,0,4,2,35.71698055555556,139.41932,2,1,,,,
1,30,887,914,2,0,1,30000,0,202,2019,12,23,18,30,22,,,,,1,1,1,1,7,9,22,0,23,14,9,30,70,4,3,1,35,65,51,61,0,0,,,,,,,0,0,10,0,3,0,0,0,0,0,4,2,35.72125472222223,139.40286166666667,2,3,,,,
1,30,887,917,2,0,1,30000,0,202,2019,12,18,15,10,12,,,,,1,1,1,14,7,0,23,0,23,3,9,1,70,4,3,1,65,0,61,0,0,0,,,,,,,0,0,0,0,0,0,0,0,0,0,2,0,35.69593444444444,139.41125222222223,4,3,,,,
1,30,887,919,2,0,1,99000,0,202,2019,12,28,14,55,12,,,,,1,2,1,0,7,0,23,0,23,0,0,20,70,0,4,1,25,75,3,61,31,0,,,,,,,10,0,20,0,3,0,2,0,2,0,4,2,35.73314444444445,139.3755052777778,7,3,,,,
1,30,887,920,2,0,1,10520,0,202,2019,12,29,0,0,22,,,,,1,2,1,1,1,9,22,0,23,14,9,30,70,4,2,1,55,25,3,61,31,0,,,,,,,3,0,10,0,3,0,2,0,2,0,4,2,35.69618972222222,139.41901583333333,1,3,,,,
1,30,887,922,2,0,1,30000,0,202,2019,12,12,7,50,12,,,,,1,2,1,1,1,0,23,0,23,15,9,30,70,4,2,1,1,0,61,0,0,0,,,,,,,0,0,0,0,0,0,0,0,0,0,2,0,35.72637888888889,139.4099988888889,5,3,,,,
1,30,887,925,2,0,1,95000,0,202,2019,12,29,17,55,22,,,,,1,2,1,1,7,9,22,0,23,14,9,30,70,4,2,1,55,75,3,61,31,0,,,,,,,3,0,10,0,4,0,2,0,2,0,4,2,35.72701555555556,139.3740838888889,1,3,,,,
1,30,887,927,2,0,1,30000,0,202,2019,12,24,8,10,12,,,,,1,2,1,14,7,0,23,0,23,1,9,1,70,5,4,1,75,55,3,61,31,0,,,,,,,1,0,40,0,3,0,2,0,2,0,4,2,35.700660000000006,139.41743888888888,3,3,,,,
1,30,888,293,2,0,1,30000,0,206,2019,12,1,10,25,12,,,,,1,1,1,1,7,9,22,0,23,11,9,30,70,4,2,1,45,1,3,61,31,0,,,,,,,2,0,20,0,4,0,2,0,2,0,4,2,35.67421972222222,139.4670688888889,1,3,,,,
1,30,888,294,2,0,1,30000,0,206,2019,12,4,8,0,12,,,,,1,1,1,14,7,0,23,0,23,2,9,1,70,5,4,1,35,1,36,61,31,0,,,,,,,1,0,10,0,3,0,0,0,0,0,4,2,35.69598444444444,139.46370138888886,4,3,,,,
1,30,888,302,2,0,1,95000,0,206,2019,12,19,20,55,22,,,,,2,1,2,1,1,9,22,0,23,17,9,30,70,1,1,1,45,45,17,61,1,0,,,,,,,4,0,80,0,3,0,2,0,2,0,4,2,35.668148055555555,139.45915694444443,5,3,,,,
1,30,888,315,2,0,1,30000,0,206,2019,12,13,17,20,21,,,,,2,1,1,14,7,0,23,0,23,2,9,1,70,5,3,1,75,65,3,61,31,0,,,,,,,10,0,40,0,3,0,2,0,2,0,4,2,35.67219972222222,139.47645277777778,6,3,,,,
1,30,889,296,2,0,1,30000,0,210,2019,12,4,7,50,12,,,,,1,1,1,1,7,9,22,0,23,11,9,30,70,4,2,1,45,1,3,61,31,0,,,,,,,3,0,50,0,4,0,2,0,2,0,4,2,35.70498416666667,139.52272000000002,4,3,,,,
1,30,889,297,2,0,1,30000,0,214,2019,12,14,16,10,13,,,,,1,1,1,1,7,9,22,0,23,11,9,30,70,4,2,1,45,75,3,61,31,0,,,,,,,3,0,10,0,3,0,2,0,2,0,4,2,35.710461111111115,139.4638697222222,7,3,,,,
1,30,889,300,2,0,1,30000,0,214,2019,12,17,16,50,21,,,,,2,1,1,1,7,9,22,0,23,11,9,30,70,4,2,1,55,1,3,61,31,0,,,,,,,2,0,10,0,4,0,2,0,2,0,4,2,35.71523416666667,139.46072638888887,3,3,,,,
1,30,889,303,2,0,1,30000,0,210,2019,12,20,20,25,22,,,,,1,1,1,14,7,0,23,0,23,2,8,1,70,5,4,1,55,25,51,61,0,0,,,,,,,0,0,10,0,3,0,0,0,0,0,4,2,35.69813166666666,139.5010613888889,6,3,,,,
1,30,889,309,2,0,1,30000,0,214,2019,12,24,10,0,12,,,,,1,1,1,12,7,0,23,0,23,3,9,1,70,5,4,1,35,45,3,61,31,0,,,,,,,1,0,40,0,3,0,2,0,2,0,4,2,35.704616944444446,139.46770083333334,3,3,,,,
1,30,889,310,2,0,1,30000,0,214,2019,12,29,13,10,12,,,,,1,1,1,14,7,0,23,0,23,3,9,1,70,4,4,1,45,55,3,61,31,0,,,,,,,2,0,10,0,4,0,2,0,2,0,4,2,35.7022825,139.48095055555555,1,3,,,,
1,30,890,550,2,0,1,30000,0,229,2019,12,31,15,40,13,,,,,1,1,1,14,7,0,23,0,23,3,9,1,70,4,3,1,55,65,3,61,31,0,,,,,,,3,0,40,0,3,0,2,0,2,0,4,2,35.747525555555555,139.56579916666666,3,3,,,,
1,30,890,556,2,0,1,10240,0,229,2019,11,24,12,21,12,,,,,1,1,1,14,7,0,23,0,23,2,9,1,70,4,2,1,55,65,51,61,0,0,,,,,,,0,0,10,0,3,0,0,0,0,0,2,4,35.72981666666667,139.5389375,1,3,,,,
1,30,890,561,2,0,1,30000,0,222,2019,12,6,9,40,12,,,,,1,1,1,1,7,1,21,0,23,15,9,30,70,4,2,1,65,45,3,61,31,0,,,,,,,10,0,10,0,3,0,2,0,2,0,4,2,35.75937361111111,139.53260583333335,6,3,,,,
1,30,890,565,2,0,1,30000,0,229,2019,12,6,6,10,23,,,,,2,1,1,7,7,0,23,0,23,3,9,1,70,4,2,1,65,55,3,61,31,0,,,,,,,3,0,50,0,3,0,2,0,2,0,4,2,35.7297675,139.52777861111113,6,3,,,,
1,30,890,567,2,0,1,95000,0,222,2019,12,5,17,50,22,,,,,1,1,1,7,7,0,23,0,23,3,9,1,70,4,2,1,35,1,3,61,31,0,,,,,,,3,0,10,0,3,0,2,0,2,0,4,2,35.75951722222222,139.5315425,5,3,,,,
1,30,890,572,2,0,1,30000,0,229,2019,12,11,6,0,23,,,,,1,1,1,14,7,0,23,0,23,2,9,1,70,5,3,1,25,1,4,61,31,0,,,,,,,2,0,10,0,3,0,2,0,2,0,4,2,35.734504722222226,139.55598333333336,4,3,,,,
1,30,890,573,2,0,1,95000,0,222,2019,12,11,7,50,12,,,,,1,1,1,14,7,0,23,0,23,4,9,1,70,5,2,1,45,75,3,61,31,0,,,,,,,10,0,10,0,4,0,2,0,2,0,4,2,35.760108055555555,139.53349805555555,4,3,,,,
1,30,890,581,2,0,1,30000,0,222,2019,12,15,14,3,12,,,,,1,1,1,1,7,9,22,0,23,14,9,30,70,4,2,1,1,1,4,61,31,0,,,,,,,3,0,10,0,3,0,2,0,2,0,4,2,35.74739944444445,139.533035,1,3,,,,
1,30,890,586,2,0,1,95000,0,222,2019,12,18,6,30,23,,,,,1,1,1,14,7,0,23,0,23,2,9,1,70,4,2,1,25,65,51,61,0,0,,,,,,,0,0,10,0,4,0,0,0,0,0,4,2,35.75868638888889,139.5302427777778,4,3,,,,
1,30,890,594,2,0,1,10580,0,222,2019,12,21,18,5,22,,,,,2,1,1,14,7,0,23,0,23,3,9,1,70,4,3,1,45,45,3,61,31,0,,,,,,,3,0,40,0,3,0,2,0,2,0,4,2,35.74745055555556,139.51979666666668,7,3,,,,
1,30,890,603,2,0,1,30000,0,222,2019,11,28,16,5,13,,,,,3,1,2,14,7,0,23,0,23,4,9,1,70,4,2,1,45,75,36,61,31,0,,,,,,,2,0,10,0,3,0,0,0,0,0,4,2,35.74654861111111,139.50277583333335,5,3,,,,
1,30,890,607,2,0,1,30000,0,222,2019,12,9,16,50,21,,,,,2,1,1,1,7,9,22,0,23,11,9,30,70,5,3,1,35,75,4,61,31,0,,,,,,,1,0,20,0,3,0,2,0,2,0,4,2,35.76192277777778,139.53735694444444,2,3,,,,
1,30,890,608,2,0,1,30000,0,222,2019,12,27,21,47,22,,,,,1,1,1,1,1,9,22,0,23,15,9,30,70,4,1,1,45,55,3,61,31,0,,,,,,,3,0,10,0,3,0,2,0,2,0,4,2,35.74587527777778,139.52628555555557,6,3,,,,
1,30,891,289,2,0,1,10500,0,213,2019,12,7,2,5,22,,,,,1,1,1,7,1,0,23,0,23,3,9,1,70,4,2,1,45,25,12,61,1,0,,,,,,,3,0,10,0,3,0,2,0,2,0,4,2,35.76092805555555,139.46726305555555,7,3,,,,
1,30,891,290,2,0,1,30000,0,221,2019,11,21,21,5,22,,,,,1,1,1,1,1,9,22,0,23,15,9,30,70,4,2,1,55,35,51,61,0,0,,,,,,,0,0,20,0,4,0,0,0,0,0,4,2,35.77399166666667,139.52025916666668,5,3,,,,
1,30,891,293,2,0,1,30000,0,221,2019,12,14,17,55,22,,,,,1,2,1,1,7,9,22,0,23,15,9,30,70,4,2,1,55,65,3,61,31,0,,,,,,,2,0,50,0,3,0,2,0,2,0,4,2,35.779179444444445,139.53753694444444,7,3,,,,
1,30,891,297,2,0,1,30000,0,213,2019,12,18,9,30,12,,,,,1,1,1,7,7,0,23,0,23,3,9,1,70,4,2,1,45,55,3,61,31,0,,,,,,,2,0,10,0,3,0,2,0,2,0,4,2,35.76017888888889,139.48904166666665,4,3,,,,
1,30,891,299,2,0,1,30000,0,213,2019,12,21,15,15,12,,,,,2,1,1,1,1,9,22,0,23,15,9,30,70,4,1,1,35,1,14,61,31,0,,,,,,,2,0,50,0,3,0,2,0,2,0,4,2,35.74292805555556,139.4755113888889,7,3,,,,
1,30,892,200,2,0,1,30000,0,203,2019,12,2,9,30,12,,,,,3,1,2,14,7,0,23,0,23,2,9,1,70,5,3,1,25,35,3,61,31,0,,,,,,,2,0,40,0,3,0,2,0,2,0,4,2,35.697668611111105,139.5491425,2,3,,,,
1,30,892,201,2,0,1,20000,0,203,2019,12,4,11,5,12,,,,,1,1,1,1,8,9,22,0,23,15,9,30,70,5,2,1,45,55,51,61,0,0,,,,,,,0,0,10,0,3,0,0,0,0,0,4,2,35.71519555555556,139.5623825,4,3,,,,
1,30,892,206,2,0,1,20270,0,203,2019,12,3,22,50,22,,,,,1,1,1,1,1,9,22,0,23,15,9,30,70,4,3,1,1,45,3,61,31,0,,,,,,,3,0,10,0,3,0,2,0,2,0,4,2,35.70290805555556,139.57737527777778,3,3,,,,
1,30,892,208,2,0,1,30000,0,203,2019,12,14,17,40,22,,,,,2,1,1,1,7,9,22,0,23,11,9,30,70,5,3,1,25,1,51,61,0,0,,,,,,,0,0,10,0,3,0,0,0,0,0,4,2,35.70534583333334,139.57259277777777,7,3,,,,
1,30,892,210,2,0,1,20000,0,203,2019,12,18,17,10,21,,,,,1,1,1,1,7,9,22,0,23,14,9,30,70,5,2,1,45,65,3,61,31,0,,,,,,,3,0,80,0,3,0,2,0,2,0,4,2,35.703111944444444,139.53847611111112,4,3,,,,
1,30,892,211,2,0,1,20270,0,203,2019,12,19,23,17,22,,,,,1,1,1,1,1,9,22,0,23,14,9,30,70,4,2,1,1,35,4,61,31,0,,,,,,,3,0,10,0,3,0,2,0,2,0,4,2,35.70214166666667,139.57979444444445,5,3,,,,
1,30,892,220,2,0,1,10600,0,203,2019,12,6,18,4,22,,,,,2,1,1,14,7,0,23,0,23,4,9,1,70,5,2,1,55,0,61,0,0,0,,,,,,,0,0,0,0,0,0,0,0,0,0,2,0,35.70576166666667,139.54394722222222,6,3,,,,
1,30,892,222,2,0,1,10260,0,203,2019,12,31,20,40,22,,,,,1,1,1,1,1,9,22,0,23,14,9,30,70,4,3,1,75,65,3,61,31,0,,,,,,,3,0,10,0,3,0,2,0,2,0,4,2,35.70211583333334,139.5901802777778,3,3,,,,
1,30,893,334,2,0,1,10270,0,204,2019,12,5,13,15,12,,,,,1,1,1,1,1,9,22,0,23,15,9,30,70,4,2,1,25,45,12,61,31,0,,,,,,,3,0,10,0,3,0,2,0,2,0,4,2,35.67896611111111,139.5266652777778,5,3,,,,
1,30,893,338,2,0,1,10270,0,204,2019,12,9,21,10,22,,,,,3,1,1,1,1,9,22,0,23,15,9,30,70,4,2,1,65,25,3,61,1,0,,,,,,,3,0,10,0,3,0,2,0,2,0,4,2,35.68339444444444,139.56346611111113,2,3,,,,
1,30,893,339,2,0,1,10270,0,204,2019,12,12,5,45,23,,,,,1,1,1,1,1,9,22,0,23,15,9,30,70,4,2,1,45,45,14,61,31,0,,,,,,,3,0,10,0,3,0,2,0,2,0,4,2,35.68279416666667,139.5683736111111,5,3,,,,
1,30,893,347,2,0,1,10750,0,204,2019,12,10,5,2,22,,,,,3,1,1,1,1,9,22,0,23,15,9,30,70,1,2,1,65,55,13,61,31,0,,,,,,,5,0,10,0,3,0,2,0,2,0,4,2,35.68149416666667,139.5341836111111,3,3,,,,
1,30,893,356,2,0,1,30000,0,204,2019,12,27,9,10,12,,,,,1,1,1,14,7,0,23,0,23,2,9,1,70,5,3,1,35,75,3,61,31,0,,,,,,,2,0,10,0,3,0,2,0,2,0,4,2,35.68964583333333,139.54784027777777,6,3,,,,
1,30,894,486,2,0,1,30000,0,208,2019,12,6,3,15,22,,,,,1,1,1,1,7,1,21,0,23,11,9,20,70,5,3,1,35,25,13,61,1,0,,,,,,,10,0,10,0,4,0,2,0,2,0,4,2,35.65640833333333,139.55862027777778,6,3,,,,
1,30,895,327,2,0,1,20820,0,211,2019,10,18,18,25,22,,,,,3,1,2,14,7,0,23,0,23,3,9,1,70,4,2,1,75,0,61,0,0,0,,,,,,,0,0,0,0,0,0,0,0,0,0,2,0,35.70957416666667,139.4871436111111,6,3,,,,
1,30,895,333,2,0,1,20820,0,211,2019,12,5,8,50,12,,,,,1,1,1,14,7,0,23,0,23,1,9,1,70,5,2,1,1,65,51,61,0,0,,,,,,,0,0,40,0,3,0,0,0,0,0,4,2,35.712185833333336,139.48757305555554,5,3,,,,
1,30,895,334,2,0,1,95000,0,211,2019,12,5,10,39,12,,,,,1,1,1,14,7,0,23,0,23,1,9,1,70,5,2,1,45,75,14,61,1,0,,,,,,,10,0,10,0,3,0,2,0,2,0,4,2,35.72278222222222,139.49009444444442,5,3,,,,
1,30,895,338,2,0,1,30000,0,211,2019,12,6,17,10,21,,,,,2,1,1,1,7,9,22,0,23,15,9,30,70,4,2,1,75,75,3,61,31,0,,,,,,,3,0,10,0,3,0,2,0,2,0,4,2,35.722771111111115,139.49143222222222,6,3,,,,
1,30,895,341,2,0,1,30000,0,211,2019,12,11,8,10,12,,,,,1,1,1,1,7,9,22,0,23,11,9,30,70,5,4,1,35,1,3,61,31,0,,,,,,,2,0,40,0,3,0,2,0,2,0,4,2,35.72925277777778,139.48186777777778,4,3,,,,
1,30,895,343,2,0,1,10660,0,211,2019,12,13,14,22,12,,,,,2,1,1,14,7,0,23,0,23,4,9,1,70,4,1,1,75,65,3,61,31,0,,,,,,,4,0,10,0,3,0,2,0,2,0,4,2,35.72035777777778,139.49724194444443,6,3,,,,
1,30,895,344,2,0,1,30610,0,211,2019,12,14,7,27,11,,,,,2,1,1,1,1,9,22,0,23,11,9,30,70,4,2,1,45,25,3,61,31,0,,,,,,,3,0,10,0,3,0,2,0,2,0,4,2,35.73811527777778,139.4915172222222,7,3,,,,
1,30,895,347,2,0,1,10240,0,211,2019,12,16,16,45,21,,,,,1,1,1,14,7,0,23,0,23,3,9,1,70,4,2,1,25,1,3,61,31,0,,,,,,,3,0,10,0,3,0,2,0,2,0,4,2,35.730624722222224,139.5039563888889,2,3,,,,
1,30,895,348,2,0,1,10560,0,211,2019,11,25,1,5,22,,,,,2,1,1,1,2,9,22,0,23,17,9,30,70,4,1,1,35,1,3,61,31,0,,,,,,,3,0,10,0,3,0,2,0,2,0,4,2,35.728546388888894,139.51163694444443,2,3,,,,
1,30,895,354,2,0,1,30000,0,211,2019,12,22,18,35,22,,,,,3,1,2,14,7,0,23,0,23,3,9,1,70,4,2,1,55,55,3,61,31,0,,,,,,,3,0,20,0,3,0,2,0,2,0,4,2,35.73257388888889,139.46447277777776,1,3,,,,
1,30,895,360,2,0,1,30000,0,211,2019,12,27,11,12,12,,,,,1,1,1,1,1,9,22,0,23,15,9,30,70,4,1,1,45,45,14,61,31,0,,,,,,,3,0,10,0,3,0,2,0,2,0,4,2,35.734052222222225,139.47631583333333,6,3,,,,
1,30,895,366,2,0,1,30000,0,211,2019,12,30,17,25,21,,,,,2,1,1,7,1,0,23,0,23,3,9,20,70,5,1,1,55,75,3,61,31,0,,,,,,,2,0,10,0,4,0,2,0,2,0,4,2,35.735745,139.46123916666664,2,3,,,,
1,30,69,30,2,0,1,42610,0,212,2020,1,18,8,30,12,,,,,5,2,2,0,7,0,23,0,23,0,0,20,70,0,4,1,55,1,12,61,31,0,,,,,,,10,0,10,0,3,0,2,0,2,0,4,2,35.68006333333333,139.37492722222223,7,3,,,,
1,30,100,3,2,0,1,30000,0,101,2020,1,10,20,5,22,,,,,1,1,1,1,1,9,22,0,23,15,9,30,1,4,1,1,75,75,3,61,1,0,,,,,,,2,0,10,0,3,0,2,0,2,0,4,2,35.688181111111106,139.74363083333333,6,3,,,,
1,30,100,5,2,0,1,30000,0,101,2020,1,20,9,0,12,,,,,1,1,1,14,7,0,23,0,23,3,9,1,70,5,3,1,45,65,51,61,0,0,,,,,,,0,0,10,0,4,0,0,0,0,0,4,2,35.690258888888884,139.73466666666664,2,3,,,,
1,30,100,8,2,0,1,10010,0,101,2020,1,25,17,50,21,,,,,1,1,1,14,7,0,23,0,23,6,9,1,70,1,1,1,45,75,13,61,31,0,,,,,,,3,0,40,0,3,0,2,0,2,0,4,2,35.695927499999996,139.75132,7,3,,,,
1,30,100,10,2,0,1,95000,0,101,2020,1,27,20,55,22,,,,,3,1,2,1,1,8,22,0,23,15,9,30,1,4,2,1,65,25,3,61,1,0,,,,,,,2,0,50,0,3,0,2,0,2,0,4,2,35.682964722222216,139.73689055555553,2,3,,,,
1,30,100,12,2,0,2,30000,0,101,2020,1,29,11,50,12,,,,,1,1,1,1,7,9,22,0,23,15,9,30,1,4,2,1,55,35,3,61,1,0,,,,,,,2,0,10,0,3,0,2,0,2,0,4,2,35.691539166666665,139.7435425,4,3,,,,
1,30,100,14,2,0,1,30000,0,101,2020,1,31,12,35,12,,,,,1,1,1,14,7,0,23,0,23,3,9,1,70,4,1,1,45,55,51,61,0,0,,,,,,,0,0,0,0,4,0,0,0,0,0,4,2,35.68174611111111,139.73509472222221,6,3,,,,
1,30,101,1,1,1,0,10630,0,101,2020,1,18,18,5,22,,,,,3,1,2,1,1,9,22,0,23,19,9,30,70,5,2,1,45,75,13,61,31,0,,,,,,,4,0,10,0,1,0,2,0,2,0,4,1,35.67184555555556,139.75269416666666,7,3,,,,
1,30,101,6,2,0,1,20000,0,101,2020,1,3,16,55,21,,,,,1,1,1,14,7,0,23,0,23,6,9,1,70,1,2,1,35,45,3,61,31,0,,,,,,,3,0,30,0,3,0,2,0,2,0,4,2,35.68413861111111,139.76743305555556,6,3,,,,
1,30,101,8,2,0,1,95000,0,101,2020,1,8,12,21,12,,,,,2,1,2,14,7,0,23,0,23,2,9,20,70,5,4,1,65,1,3,61,1,0,,,,,,,10,0,30,0,4,0,2,0,2,0,4,2,35.672443333333334,139.75771666666665,4,3,,,,
1,30,101,12,2,0,1,30000,0,101,2020,1,15,0,25,22,,,,,3,1,2,1,7,9,22,0,23,15,9,30,70,4,2,1,65,35,3,61,1,0,,,,,,,3,0,10,0,3,0,2,0,2,0,4,2,35.67224833333333,139.7598847222222,4,3,,,,
1,30,101,16,2,0,1,30000,0,101,2020,1,27,9,25,12,,,,,2,1,1,1,7,1,21,0,23,17,9,20,70,5,1,1,55,35,17,61,31,0,,,,,,,5,0,30,0,3,0,2,0,2,0,4,2,35.67552138888889,139.76442583333332,2,3,,,,
1,30,101,18,2,0,1,10020,0,101,2020,1,29,7,45,12,,,,,2,1,1,1,7,9,22,0,23,19,9,30,70,1,2,1,45,35,35,61,31,0,,,,,,,10,0,10,0,3,0,0,0,0,0,4,2,35.67536916666666,139.75951416666666,4,3,,,,
1,30,102,2,2,0,1,30000,0,101,2020,1,9,10,14,12,,,,,1,1,1,14,7,0,23,0,23,3,9,1,1,5,4,1,75,45,3,61,31,0,,,,,,,2,0,10,0,4,0,2,0,2,0,4,2,35.69144416666666,139.76307555555556,5,3,,,,
1,30,102,4,2,0,1,20000,0,101,2020,1,11,23,56,22,,,,,1,1,1,12,7,0,23,0,23,4,9,1,70,3,1,1,65,35,3,61,1,0,,,,,,,3,0,10,0,1,0,1,0,2,0,4,2,35.69956138888889,139.76538833333333,7,3,,,,
1,30,102,8,2,0,1,10050,0,101,2020,1,22,19,57,22,,,,,1,1,1,7,1,0,23,0,23,4,9,1,70,1,1,1,55,35,3,61,31,0,,,,,,,5,0,10,0,3,0,2,0,2,0,4,2,35.6943475,139.76338444444445,4,3,,,,
1,30,102,11,2,0,1,20000,0,101,2020,1,28,18,0,21,,,,,3,1,2,1,7,9,22,0,23,17,9,30,70,4,1,1,45,55,13,61,31,0,,,,,,,4,0,80,0,4,0,2,0,2,0,4,2,35.689591111111106,139.764515,3,3,,,,
1,30,104,2,2,0,1,30000,0,102,2019,8,30,9,11,12,,,,,3,1,2,14,7,0,23,0,23,3,9,1,70,5,3,1,25,25,13,61,31,0,,,,,,,10,0,50,0,4,0,2,0,2,0,4,2,35.67901305555555,139.77081333333334,6,3,,,,
1,30,104,5,2,0,1,30000,0,102,2020,1,4,14,10,12,,,,,1,1,1,14,7,0,23,0,23,3,9,1,70,5,2,1,65,1,3,61,31,0,,,,,,,2,0,20,0,4,0,2,0,2,0,4,2,35.681641388888885,139.77661527777778,7,3,,,,
1,30,104,7,2,0,1,30000,0,102,2020,1,7,9,0,12,,,,,2,1,1,14,7,0,23,0,23,3,9,1,70,5,2,1,45,25,3,61,31,0,,,,,,,5,0,20,0,4,0,2,0,2,0,4,2,35.67495972222222,139.77854472222222,3,3,,,,
1,30,104,16,2,0,1,10040,0,102,2020,1,17,20,48,22,,,,,2,1,1,14,7,0,23,0,23,6,9,1,70,5,1,1,45,0,61,0,0,0,,,,,,,0,0,0,0,0,0,0,0,0,0,2,0,35.67961638888889,139.78052555555556,6,3,,,,
1,30,104,18,2,0,1,30000,0,102,2020,1,20,15,0,12,,,,,1,1,1,14,7,0,23,0,23,2,9,1,70,5,4,1,65,25,3,61,1,0,,,,,,,5,0,40,0,4,0,2,0,2,0,4,2,35.67924305555555,139.77490972222225,2,3,,,,
1,30,105,2,2,0,1,30000,0,102,2020,1,7,14,54,12,,,,,3,1,2,1,7,9,22,0,23,18,9,30,70,5,2,1,35,65,3,61,31,0,,,,,,,3,0,10,0,3,0,2,0,2,0,4,2,35.69417111111111,139.78516888888888,3,3,,,,
1,30,106,3,2,0,1,30000,0,102,2020,1,2,16,20,13,,,,,1,1,1,14,7,0,23,0,23,3,9,1,70,5,2,1,55,25,4,61,31,0,,,,,,,2,0,30,0,3,0,2,0,2,0,4,2,35.671408888888884,139.7661963888889,5,3,,,,
1,30,106,7,2,0,1,30000,0,102,2020,1,15,4,55,22,,,,,3,1,2,1,7,9,22,0,23,15,9,30,70,5,2,1,55,1,17,61,31,0,,,,,,,2,0,80,0,3,0,2,0,2,0,4,2,35.67021388888889,139.7619327777778,4,3,,,,