資料区分,都道府県コード,警察署等コード,本票番号,事故内容,死者数,負傷者数,路線コード,地点コード,市区町村コード,発生日時　　年,発生日時　　月,発生日時　　日,発生日時　　時,発生日時　　分,昼夜,日の出時刻　　時,日の出時刻　　分,日の入り時刻　　時,日の入り時刻　　分,天候,地形,路面状態,道路形状,信号機,一時停止規制　標識（当事者A）,一時停止規制　表示（当事者A）,一時停止規制　標識（当事者B）,一時停止規制　表示（当事者B）,車道幅員,道路線形,衝突地点,ゾーン規制,中央分離帯施設等,歩車道区分,事故類型,年齢（当事者A）,年齢（当事者B）,当事者種別（当事者A）,当事者種別（当事者B）,用途別（当事者A）,用途別（当事者B）,車両形状等（当事者A）,車両形状等（当事者B）,オートマチック車（当事者A）,オートマチック車（当事者B）,サポカー（当事者A）,サポカー（当事者B）,速度規制（指定のみ）（当事者A）,速度規制（指定のみ）（当事者B）,車両の衝突部位（当事者A）,車両の衝突部位（当事者B）,車両の損壊程度（当事者A）,車両の損壊程度（当事者B）,エアバッグの装備（当事者A）,エアバッグの装備（当事者B）,サイドエアバッグの装備（当事者A）,サイドエアバッグの装備（当事者B）,人身損傷程度（当事者A）,人身損傷程度（当事者B）,lat,lon,曜日(発生年月日),祝日(発生年月日),認知機能検査経過日数（当事者A）,認知機能検査経過日数（当事者B）,運転練習の方法（当事者A）,運転練習の方法（当事者B）
1,30,106,10,2,0,1,10020,0,102,2020,1,18,1,33,22,,,,,3,1,2,1,1,9,22,0,23,17,9,30,70,1,2,1,55,45,11,61,1,0,,,,,,,5,0,50,0,3,0,2,0,2,0,4,2,35.66364333333333,139.7735552777778,7,3,,,,
1,30,107,7,2,0,1,30000,0,102,2020,1,17,23,11,22,,,,,3,1,1,14,7,0,23,0,23,2,9,1,70,4,2,1,45,35,3,61,1,0,,,,,,,3,0,10,0,3,0,2,0,2,0,4,2,35.655590277777776,139.77947555555556,6,3,,,,
1,30,108,6,2,0,1,30000,0,103,2020,1,9,15,40,12,,,,,1,1,1,14,7,0,23,0,23,3,9,1,70,5,2,1,25,65,51,61,0,0,,,,,,,0,0,10,0,4,0,0,0,0,0,4,2,35.653666944444446,139.75284444444443,5,3,,,,
1,30,108,8,2,0,1,150,26,103,2020,1,13,11,20,12,,,,,1,1,1,1,7,9,22,0,23,18,9,30,70,1,1,1,45,65,14,61,1,0,,,,,,,5,0,40,0,4,0,2,0,2,0,4,2,35.664518888888885,139.75888583333332,2,1,,,,
1,30,108,11,2,0,1,30000,0,103,2020,1,13,18,40,22,,,,,1,1,1,1,1,9,22,0,23,19,9,30,70,4,1,1,55,55,3,61,1,0,,,,,,,3,0,10,0,4,0,2,0,2,0,4,2,35.65975805555556,139.74884305555554,2,1,,,,
1,30,108,13,2,0,1,30000,0,103,2020,1,21,14,32,12,,,,,1,1,1,14,7,0,23,0,23,3,9,1,70,5,2,1,55,55,3,61,1,0,,,,,,,10,0,10,0,4,0,2,0,2,0,4,2,35.664896666666664,139.75603666666666,3,3,,,,
1,30,108,14,2,0,1,30000,0,103,2020,1,24,23,5,22,,,,,1,1,1,14,7,0,23,0,23,3,9,1,70,5,3,1,35,35,3,61,31,0,,,,,,,10,0,20,0,4,0,2,0,2,0,4,2,35.6654625,139.75786222222223,6,3,,,,
1,30,108,15,2,0,1,20090,0,103,2020,1,27,23,25,22,,,,,3,1,2,1,7,9,22,0,23,15,9,30,70,4,1,1,55,45,3,61,1,0,,,,,,,4,0,10,0,4,0,2,0,2,0,4,2,35.66796305555555,139.75857194444444,2,3,,,,
1,30,108,19,2,0,1,30000,0,103,2020,1,29,21,45,22,,,,,1,1,1,14,7,0,23,0,23,3,9,1,70,5,3,1,55,65,3,61,1,0,,,,,,,10,0,80,0,3,0,2,0,2,0,4,2,35.66488111111111,139.75756916666666,4,3,,,,
1,30,108,20,2,0,1,30000,0,103,2020,1,31,8,20,12,,,,,1,1,1,14,7,0,23,0,23,3,9,1,70,4,2,1,25,45,14,61,31,0,,,,,,,1,0,40,0,4,0,2,0,2,0,4,2,35.67055111111111,139.7522436111111,6,3,,,,
1,30,109,3,2,0,1,20000,0,103,2019,12,24,11,20,12,,,,,1,1,1,14,7,0,23,0,23,5,9,20,70,4,2,1,35,45,51,61,0,0,,,,,,,0,0,10,0,3,0,0,0,0,0,4,2,35.65437555555555,139.74401555555554,3,3,,,,
1,30,109,11,2,0,1,20000,0,103,2020,1,23,17,35,21,,,,,2,1,1,14,7,0,23,0,23,3,9,20,70,1,1,1,45,55,13,61,31,0,,,,,,,5,0,80,0,2,0,2,0,2,0,4,2,35.648315833333335,139.75884638888888,5,3,,,,
1,30,109,13,2,0,1,10,68,103,2020,1,25,10,33,12,,,,,1,1,1,14,7,0,23,0,23,5,7,1,70,1,2,1,25,45,51,61,0,0,,,,,,,0,0,40,0,3,0,0,0,0,0,4,2,35.64783972222222,139.74210777777776,7,3,,,,
1,30,109,14,2,0,1,10,64,103,2020,1,27,17,30,21,,,,,1,1,1,7,7,0,23,0,23,3,9,1,70,5,2,1,65,1,3,61,1,0,,,,,,,10,0,80,0,3,0,2,0,2,0,4,2,35.64971888888889,139.74491277777776,2,3,,,,
1,30,110,2,2,0,1,30000,0,103,2020,1,4,13,50,12,,,,,1,1,1,14,7,0,23,0,23,2,9,1,70,5,4,1,35,1,3,61,31,0,,,,,,,10,0,80,0,4,0,2,0,2,0,4,2,35.626314444444446,139.7373783333333,7,3,,,,
1,30,110,5,2,0,1,10070,0,103,2020,1,15,8,40,12,,,,,3,1,2,1,1,9,22,0,23,19,9,20,70,1,2,1,35,1,51,61,0,0,,,,,,,0,0,20,0,4,0,0,0,0,0,4,2,35.63161083333333,139.7506361111111,4,3,,,,
1,30,110,8,2,0,1,20000,0,103,2020,1,21,9,25,12,,,,,1,1,1,1,1,9,22,0,23,15,9,30,70,1,4,1,45,65,51,61,0,0,,,,,,,0,0,10,0,4,0,0,0,0,0,4,2,35.63178527777778,139.74311055555555,3,3,,,,
1,30,110,9,2,0,1,30000,0,103,2020,1,21,17,15,21,,,,,1,1,2,14,7,0,23,0,23,3,9,1,70,4,2,1,35,25,51,61,0,0,,,,,,,0,0,10,0,4,0,0,0,0,0,4,2,35.63417833333333,139.74826833333333,3,3,,,,
1,30,110,10,2,0,1,150,72,103,2020,1,23,8,45,12,,,,,3,1,2,1,1,9,22,0,23,18,9,30,70,1,1,1,45,25,3,61,31,0,,,,,,,10,0,10,0,4,0,2,0,2,0,4,2,35.630255,139.73744944444442,5,3,,,,
1,30,111,6,2,0,1,30000,0,103,2020,1,7,20,20,22,,,,,3,1,2,1,7,9,22,0,23,15,9,30,70,5,2,1,45,45,3,61,1,0,,,,,,,10,0,10,0,4,0,2,0,2,0,4,2,35.66164527777778,139.73028833333333,3,3,,,,
1,30,111,7,2,0,1,20170,0,103,2020,1,9,5,33,22,,,,,1,1,1,1,1,9,22,0,23,18,8,20,70,1,1,1,45,45,11,61,1,0,,,,,,,5,0,10,0,2,0,2,0,2,0,4,2,35.66416805555556,139.73391388888888,5,3,,,,
1,30,111,11,2,0,1,20120,0,103,2020,1,12,5,48,22,,,,,1,1,1,14,7,0,23,0,23,5,9,1,70,5,2,1,55,25,3,61,1,0,,,,,,,4,0,40,0,3,0,2,0,2,0,4,2,35.659463055555555,139.72356638888888,1,2,,,,
1,30,111,13,2,0,1,30000,0,103,2020,1,8,10,7,12,,,,,3,1,2,14,7,0,23,0,23,3,9,1,70,5,2,1,25,45,3,61,31,0,,,,,,,5,0,20,0,4,0,2,0,2,0,4,2,35.65181916666666,139.73068333333333,4,3,,,,
1,30,112,2,2,0,1,95000,0,103,2019,12,28,18,0,22,,,,,1,1,1,14,7,0,23,0,23,5,9,1,70,1,1,1,65,25,3,61,1,0,,,,,,,5,0,40,0,4,0,2,0,2,0,4,2,35.66289694444444,139.710565,7,3,,,,
1,30,112,3,2,0,2,20170,0,103,2020,1,5,9,7,12,,,,,1,1,1,1,1,9,22,0,23,18,9,30,70,1,1,1,55,45,3,61,31,0,,,,,,,5,0,10,0,3,0,2,0,2,0,4,2,35.658924166666665,139.71532472222222,1,3,,,,
1,30,112,5,2,0,1,20150,0,103,2020,1,15,22,33,22,,,,,2,1,1,1,7,9,22,0,23,11,9,30,70,4,1,1,65,35,3,61,1,0,,,,,,,3,0,10,0,3,0,2,0,2,0,4,2,35.67299416666666,139.73783916666665,4,3,,,,
1,30,112,6,2,0,1,95000,0,103,2020,1,16,12,50,12,,,,,1,1,1,1,1,9,22,0,23,18,9,30,70,1,2,1,55,45,3,61,31,0,,,,,,,5,0,10,0,4,0,2,0,2,0,4,2,35.67034777777778,139.71746055555556,5,3,,,,
1,30,112,9,2,0,1,20000,0,103,2020,1,17,19,30,22,,,,,1,1,1,1,1,9,22,0,23,14,9,30,70,4,1,1,65,25,3,61,1,0,,,,,,,3,0,10,0,3,0,2,0,2,0,4,2,35.66383666666667,139.71459888888887,6,3,,,,
1,30,113,9,2,0,1,30000,0,111,2020,1,15,17,5,21,,,,,2,1,2,1,7,9,22,0,23,15,7,30,70,1,2,1,45,65,11,61,31,0,,,,,,,10,0,20,0,4,0,2,0,2,0,4,2,35.58056611111112,139.77983666666668,4,3,,,,
1,30,216,3,2,0,1,20000,0,109,2019,10,1,9,0,12,,,,,1,1,1,7,1,0,23,0,23,3,9,1,70,4,2,1,65,45,3,61,1,0,,,,,,,2,0,40,0,4,0,2,0,2,0,4,2,35.60727694444444,139.7364311111111,3,3,,,,
1,30,216,7,2,0,1,30000,0,109,2019,11,30,20,40,22,,,,,1,1,1,7,7,0,23,0,23,2,9,1,70,5,2,1,65,45,13,61,31,0,,,,,,,2,0,10,0,3,0,2,0,2,0,4,2,35.59365027777778,139.7329961111111,7,3,,,,
1,30,216,12,2,0,1,30000,0,109,2020,1,18,5,15,22,,,,,3,1,2,1,1,9,22,0,23,11,9,30,70,4,3,1,65,65,4,61,31,0,,,,,,,3,0,40,0,3,0,2,0,2,0,4,2,35.59993638888889,139.72323083333333,7,3,,,,
1,30,217,2,2,0,1,20130,0,109,2019,12,24,17,15,21,,,,,1,1,1,14,7,0,23,0,23,5,9,1,70,1,1,1,35,25,51,61,0,0,,,,,,,0,0,20,0,4,0,0,0,0,0,4,2,35.62564805555556,139.71853277777777,3,3,,,,
1,30,217,13,2,0,1,30000,0,109,2020,1,17,15,55,13,,,,,1,1,1,14,7,0,23,0,23,3,9,1,70,4,2,1,65,45,3,61,31,0,,,,,,,2,0,80,0,4,0,2,0,2,0,4,2,35.62255583333334,139.7257925,6,3,,,,
1,30,217,14,2,0,1,30000,0,109,2019,12,23,6,25,23,,,,,2,1,2,7,7,0,23,0,23,3,9,1,70,4,1,1,1,35,36,61,31,0,,,,,,,2,0,10,0,3,0,0,0,0,0,4,2,35.62127805555556,139.72775083333335,2,3,,,,
1,30,217,15,2,0,1,95000,0,109,2020,1,28,17,45,21,,,,,3,1,2,1,1,9,22,0,23,18,9,30,70,1,1,1,35,55,14,61,31,0,,,,,,,3,0,40,0,4,0,2,0,2,0,4,2,35.634900277777774,139.7149486111111,3,3,,,,
1,30,217,16,2,0,1,30000,0,109,2020,1,30,17,45,21,,,,,1,1,1,1,7,1,21,0,23,14,9,30,70,4,2,1,45,1,4,61,31,0,,,,,,,10,0,10,0,3,0,2,0,2,0,4,2,35.622107222222226,139.72887222222224,5,3,,,,
1,30,217,17,2,0,1,30000,0,109,2020,1,28,21,20,22,,,,,3,1,2,1,7,9,22,0,23,11,9,30,70,4,2,1,65,55,3,61,1,0,,,,,,,3,0,50,0,4,0,2,0,2,0,4,2,35.619791944444444,139.73157083333334,3,3,,,,
1,30,217,18,2,0,1,30000,0,109,2020,1,31,11,50,12,,,,,1,1,1,14,7,0,23,0,23,2,7,1,70,4,2,1,55,45,3,61,1,0,,,,,,,3,0,10,0,4,0,2,0,2,0,4,2,35.62360416666667,139.72653416666668,6,3,,,,
1,30,217,20,2,0,1,10150,0,109,2020,1,8,7,30,11,,,,,3,1,2,1,1,0,23,0,23,15,9,30,70,4,1,1,55,0,61,0,0,0,,,,,,,0,0,0,0,0,0,0,0,0,0,2,0,35.625123611111114,139.7302238888889,4,3,,,,
1,30,218,2,2,0,1,30000,0,109,2019,7,31,9,10,12,,,,,2,1,1,14,7,0,23,0,23,3,9,1,70,5,3,1,45,25,51,61,0,0,,,,,,,0,0,40,0,3,0,0,0,0,0,2,4,35.604754722222225,139.72093138888889,4,3,,,,
1,30,218,4,2,0,1,30000,0,109,2019,12,9,20,10,22,,,,,3,1,2,1,7,9,22,0,23,11,9,30,70,5,3,1,45,25,36,61,31,0,,,,,,,2,0,10,0,3,0,0,0,0,0,4,2,35.60747194444445,139.7049711111111,2,3,,,,
1,30,219,17,2,0,1,30000,0,111,2020,1,10,12,55,12,,,,,1,1,1,14,7,0,23,0,23,2,9,1,70,5,3,1,45,75,17,61,1,0,,,,,,,5,0,40,0,3,0,2,0,2,0,4,2,35.56498,139.73106333333334,6,3,,,,
1,30,219,18,2,0,1,99000,0,111,2020,1,10,15,25,12,,,,,1,1,1,0,7,0,23,0,23,0,0,20,70,0,4,1,55,25,59,61,0,0,,,,,,,0,0,30,0,4,0,0,0,0,0,4,2,35.57794194444445,139.7461383333333,6,3,,,,
1,30,219,29,2,0,1,30000,0,111,2020,1,17,11,25,12,,,,,1,1,1,1,7,9,22,0,23,11,9,30,70,5,2,1,65,75,51,61,0,0,,,,,,,0,0,10,0,4,0,0,0,0,0,4,2,35.588300000000004,139.72856972222223,6,3,,,,
1,30,219,31,2,0,1,30000,0,111,2020,1,13,12,0,12,,,,,1,1,1,14,7,0,23,0,23,2,9,1,70,5,4,1,65,55,3,61,1,0,,,,,,,5,0,40,0,3,0,2,0,2,0,4,2,35.58650055555556,139.72689583333334,2,1,,,,
1,30,219,38,2,0,1,30000,0,111,2020,1,23,7,47,12,,,,,1,1,1,1,7,1,21,0,23,11,9,30,70,4,3,1,65,1,3,61,1,0,,,,,,,10,0,10,0,4,0,2,0,2,0,4,2,35.574217222222224,139.7321347222222,5,3,,,,
1,30,219,47,2,0,1,30000,0,111,2020,1,24,7,40,11,,,,,1,1,1,1,7,9,22,0,23,11,9,30,70,5,3,1,45,1,51,61,0,0,,,,,,,0,0,10,0,4,0,0,0,0,0,4,2,35.590185000000005,139.72587305555555,6,3,,,,
1,30,220,3,2,0,1,30000,0,111,2020,1,15,17,0,21,,,,,1,1,2,1,7,1,22,0,23,15,9,30,70,4,3,1,75,65,35,61,31,0,,,,,,,10,0,10,0,3,0,0,0,0,0,4,2,35.590041944444444,139.6836502777778,4,3,,,,
1,30,221,2,1,1,0,30000,0,111,2020,1,19,18,25,22,,,,,1,1,1,1,1,9,22,0,23,15,9,30,70,5,2,1,45,75,17,61,31,0,,,,,,,2,0,50,0,3,0,2,0,2,0,4,1,35.54631472222222,139.72275055555556,1,3,,,,
1,30,221,9,2,0,1,30000,0,111,2019,12,19,15,48,13,,,,,1,1,1,14,7,0,23,0,23,2,7,1,70,4,4,1,35,75,51,61,0,0,,,,,,,0,0,10,0,4,0,0,0,0,0,4,2,35.564723611111106,139.71719305555555,5,3,,,,
1,30,221,15,2,0,1,99000,0,111,2020,1,15,13,15,12,,,,,2,1,1,0,7,0,23,0,23,0,0,20,70,0,1,1,45,65,51,61,0,0,,,,,,,0,0,10,0,3,0,0,0,0,0,4,2,35.56072638888889,139.723725,4,3,,,,
1,30,221,18,2,0,1,150,154,111,2020,1,21,9,15,12,,,,,1,1,1,14,7,0,23,0,23,6,9,1,70,1,1,1,35,45,51,61,0,0,,,,,,,0,0,10,0,4,0,0,0,0,0,4,2,35.56042472222222,139.72392250000001,3,3,,,,
1,30,221,23,2,0,1,30000,0,111,2020,1,23,11,50,12,,,,,3,1,2,1,7,9,22,0,23,11,9,30,70,4,3,1,1,55,51,61,0,0,,,,,,,0,0,10,0,4,0,0,0,0,0,4,2,35.56227833333333,139.72616916666666,5,3,,,,
1,30,221,25,2,0,1,30000,0,111,2020,1,27,14,10,12,,,,,2,1,1,1,7,0,23,0,23,14,9,30,70,4,1,1,45,0,61,0,0,0,,,,,,,0,0,0,0,0,0,0,0,0,0,2,0,35.560295555555555,139.7465247222222,2,3,,,,
1,30,221,32,2,0,1,30000,0,111,2020,1,27,21,3,22,,,,,3,1,2,7,7,0,23,0,23,3,9,1,70,5,3,1,35,25,51,61,0,0,,,,,,,0,0,40,0,4,0,0,0,0,0,4,2,35.57002888888889,139.71636694444445,2,3,,,,
1,30,222,6,2,0,1,20180,0,111,2020,1,8,15,15,12,,,,,1,1,1,1,1,9,22,0,23,14,9,30,70,4,2,1,65,75,3,61,31,0,,,,,,,3,0,80,0,3,0,2,0,2,0,4,2,35.57659777777778,139.71428333333333,4,3,,,,
1,30,222,11,2,0,1,30000,0,111,2020,1,12,12,10,12,,,,,1,1,1,1,7,9,22,0,23,15,9,30,70,5,2,1,35,1,14,61,31,0,,,,,,,2,0,10,0,3,0,2,0,2,0,4,2,35.56424527777777,139.69980055555556,1,2,,,,
1,30,222,18,2,0,1,30000,0,111,2020,1,12,4,50,22,,,,,1,1,1,14,7,0,23,0,23,3,9,1,70,5,3,1,45,65,51,61,0,0,,,,,,,0,0,10,0,3,0,0,0,0,0,4,2,35.57025777777778,139.70594583333332,1,2,,,,
1,30,222,23,2,0,1,10,148,111,2020,1,24,5,2,22,,,,,1,1,1,1,1,9,22,0,23,19,9,30,70,1,2,1,55,35,3,61,1,0,,,,,,,10,0,80,0,3,0,2,0,2,0,4,2,35.586106944444445,139.7054186111111,6,3,,,,
1,30,222,25,2,0,1,95000,0,111,2020,1,27,8,5,12,,,,,2,1,1,14,7,0,23,0,23,1,9,1,70,5,2,1,45,65,4,61,31,0,,,,,,,10,0,30,0,3,0,2,0,2,0,4,2,35.57207833333334,139.70553027777777,2,3,,,,
1,30,325,7,2,0,1,30000,0,112,2020,1,8,11,45,12,,,,,3,1,2,14,7,0,23,0,23,1,9,1,70,5,3,1,25,75,51,61,0,0,,,,,,,0,0,10,0,4,0,0,0,0,0,4,2,35.64012361111111,139.66935583333333,4,3,,,,
1,30,325,8,2,0,1,10130,0,112,2020,1,9,12,40,12,,,,,1,1,1,14,7,0,23,0,23,5,9,1,70,1,2,1,55,25,34,61,31,0,,,,,,,4,0,10,0,3,0,0,0,0,0,4,2,35.63368222222222,139.6671522222222,5,3,,,,
1,30,325,9,2,0,1,30000,0,112,2020,1,9,13,10,12,,,,,1,1,1,14,7,0,23,0,23,2,9,1,1,5,3,1,25,1,14,61,1,0,,,,,,,2,0,10,0,3,0,2,0,2,0,4,2,35.64056194444444,139.68082166666665,5,3,,,,
1,30,325,12,2,0,1,30000,0,112,2020,1,10,12,20,12,,,,,1,1,1,14,7,0,23,0,23,3,7,1,70,4,3,1,25,0,61,0,0,0,,,,,,,0,0,0,0,0,0,0,0,0,0,2,0,35.65186611111111,139.67384527777776,6,3,,,,
1,30,326,8,2,0,1,30000,0,112,2020,1,1,15,52,13,,,,,1,1,1,14,7,0,23,0,23,2,9,1,70,5,3,1,45,35,51,61,0,0,,,,,,,0,0,10,0,4,0,0,0,0,0,4,2,35.662411388888884,139.65561666666667,4,1,,,,
1,30,326,11,2,0,1,30000,0,112,2020,1,9,10,42,12,,,,,1,1,1,7,7,0,23,0,23,2,9,1,70,5,3,1,35,45,17,61,31,0,,,,,,,2,0,40,0,3,0,2,0,2,0,4,2,35.6550025,139.6746447222222,5,3,,,,
1,30,326,12,2,0,1,30000,0,112,2020,1,10,7,45,11,,,,,1,1,1,1,1,9,22,0,23,11,9,30,70,4,2,1,65,1,3,61,1,0,,,,,,,3,0,10,0,3,0,2,0,2,0,4,2,35.64808027777778,139.63374194444444,6,3,,,,
1,30,326,15,2,0,1,10130,0,112,2020,1,14,5,20,22,,,,,1,1,1,1,1,9,22,0,23,18,9,30,70,1,1,1,65,35,3,61,31,0,,,,,,,4,0,20,0,4,0,2,0,2,0,4,2,35.65446333333333,139.66013138888889,3,3,,,,
1,30,326,19,2,0,1,30000,0,112,2020,1,16,3,15,22,,,,,1,1,1,14,7,0,23,0,23,2,9,1,70,5,3,1,25,35,36,61,31,0,,,,,,,2,0,10,0,3,0,0,0,0,0,4,2,35.66301333333333,139.6465372222222,5,3,,,,
1,30,326,25,2,0,1,30000,0,112,2020,1,22,20,27,22,,,,,1,1,1,1,7,9,22,0,23,15,9,30,70,4,2,1,1,45,13,61,31,0,,,,,,,3,0,10,0,3,0,2,0,2,0,4,2,35.659841666666665,139.6434072222222,4,3,,,,
1,30,326,35,2,0,1,30000,0,112,2020,1,11,12,35,12,,,,,1,1,1,14,7,0,23,0,23,2,9,1,70,5,4,1,65,45,3,61,31,0,,,,,,,5,0,20,0,4,0,2,0,2,0,4,2,35.65247111111111,139.65560416666668,7,3,,,,
1,30,327,2,2,0,1,90000,0,112,2019,12,31,11,15,12,,,,,1,1,1,0,7,0,23,0,23,0,0,20,70,0,4,1,25,65,3,61,31,0,,,,,,,10,0,40,0,4,0,2,0,2,0,4,2,35.61438305555556,139.62606833333334,3,2,,,,
1,30,327,7,2,0,1,30000,0,112,2019,12,23,12,10,12,,,,,1,1,1,7,7,0,23,0,23,2,9,1,70,5,3,1,65,75,3,61,1,0,,,,,,,3,0,10,0,3,0,2,0,2,0,4,2,35.60250138888889,139.67407138888888,2,3,,,,
1,30,327,13,2,0,1,30000,0,112,2020,1,7,8,33,12,,,,,1,1,1,14,7,0,23,0,23,3,9,1,70,5,2,1,65,35,51,61,0,0,,,,,,,0,0,10,0,3,0,0,0,0,0,2,4,35.62187388888889,139.64054527777776,3,3,,,,
1,30,327,20,2,0,1,30000,0,112,2020,1,15,17,25,21,,,,,2,1,2,1,7,1,21,0,23,14,9,30,70,5,2,1,35,75,3,61,31,0,,,,,,,2,0,40,0,3,0,2,0,2,0,4,2,35.62582444444445,139.63222777777779,4,3,,,,
1,30,327,23,2,0,1,95000,0,112,2020,1,10,14,58,12,,,,,1,1,1,13,7,0,23,0,23,5,3,1,70,4,2,1,35,65,3,61,31,0,,,,,,,3,0,10,0,3,0,2,0,2,0,4,2,35.611471944444446,139.6303988888889,6,3,,,,
1,30,328,3,2,0,1,30000,0,112,2019,11,6,22,50,22,,,,,1,1,1,1,7,1,21,0,23,15,9,30,70,5,3,1,65,55,3,61,1,0,,,,,,,10,0,10,0,4,0,2,0,2,0,4,4,35.63536,139.58957083333334,4,3,,,,
1,30,328,7,2,0,1,200,175,112,2019,11,19,18,10,22,,,,,1,1,1,1,1,9,22,0,23,18,9,30,70,4,1,1,45,55,3,61,31,0,,,,,,,4,0,10,0,3,0,2,0,2,0,4,2,35.67285222222222,139.60886888888888,3,3,,,,
1,30,328,8,2,0,1,30000,0,112,2019,11,21,10,24,12,,,,,1,1,1,14,7,0,23,0,23,3,7,1,70,5,3,1,75,45,51,61,0,0,,,,,,,0,0,10,0,3,0,0,0,0,0,4,2,35.64709555555555,139.62229666666667,5,3,,,,
1,30,328,12,2,0,1,10210,0,112,2019,12,22,16,25,13,,,,,3,1,2,7,7,0,23,0,23,3,9,1,70,4,1,1,45,75,3,61,31,0,,,,,,,3,0,10,0,2,0,2,0,2,0,4,2,35.63518611111111,139.61654305555555,1,3,,,,
1,30,328,13,2,0,1,30000,0,112,2019,12,28,8,30,12,,,,,1,1,1,14,7,0,23,0,23,3,9,1,70,4,1,1,35,55,3,61,31,0,,,,,,,3,0,10,0,3,0,2,0,2,0,4,2,35.628035833333335,139.60276527777776,7,3,,,,
1,30,328,20,2,0,1,30000,0,112,2020,1,12,17,15,21,,,,,2,1,1,1,1,9,22,0,23,15,9,30,70,4,3,1,55,55,4,61,31,0,,,,,,,2,0,10,0,3,0,2,0,2,0,4,2,35.62838138888889,139.6145025,1,2,,,,
1,30,328,24,2,0,1,30000,0,112,2020,1,15,17,22,21,,,,,2,1,2,1,1,8,22,0,23,17,9,30,70,4,1,1,1,75,51,61,0,0,,,,,,,0,0,10,0,3,0,0,0,0,0,4,2,35.647128611111114,139.62189055555555,4,3,,,,
1,30,328,28,2,0,1,30000,0,112,2020,1,21,12,42,12,,,,,1,1,1,21,7,0,23,0,23,3,9,20,70,5,3,1,75,75,3,61,31,0,,,,,,,10,0,40,0,3,0,2,0,2,0,4,2,35.66819666666667,139.6014361111111,3,3,,,,
1,30,328,30,2,0,1,20000,0,112,2020,1,23,13,0,12,,,,,2,1,2,14,1,0,23,0,23,3,9,1,70,4,3,1,55,45,3,61,31,0,,,,,,,3,0,40,0,3,0,2,0,2,0,4,2,35.66962722222222,139.6003275,5,3,,,,
1,30,328,31,2,0,1,30000,0,112,2020,1,23,18,5,22,,,,,2,1,1,14,7,0,23,0,23,3,9,1,70,4,2,1,65,35,13,61,31,0,,,,,,,3,0,40,0,3,0,2,0,2,0,4,2,35.656056944444444,139.60915277777778,5,3,,,,
1,30,328,32,2,0,1,30000,0,112,2020,1,24,9,45,12,,,,,2,1,1,14,7,0,23,0,23,4,9,1,70,4,2,1,45,45,51,61,0,0,,,,,,,0,0,10,0,4,0,0,0,0,0,4,2,35.6472475,139.62178722222222,6,3,,,,
1,30,328,33,2,0,1,30000,0,112,2020,1,25,14,15,12,,,,,1,1,1,1,7,9,22,0,23,15,9,30,70,5,2,1,45,35,3,61,31,0,,,,,,,2,0,20,0,3,0,2,0,2,0,4,2,35.63684555555555,139.58836805555558,7,3,,,,
1,30,328,36,2,0,1,30000,0,112,2020,1,27,11,25,12,,,,,2,1,1,14,7,0,23,0,23,1,9,1,70,5,4,1,55,55,3,61,31,0,,,,,,,5,0,20,0,3,0,2,0,2,0,4,2,35.653906388888885,139.60945833333332,2,3,,,,
1,30,328,38,2,0,1,20000,0,112,2020,1,18,7,15,11,,,,,3,1,2,14,7,0,23,0,23,3,9,1,70,4,3,1,35,55,1,61,1,0,,,,,,,2,0,30,0,4,0,2,0,2,0,4,2,35.66963805555555,139.59990055555556,7,3,,,,
1,30,329,1,2,0,1,30000,0,110,2019,12,20,14,0,12,,,,,1,1,1,1,7,9,22,0,23,11,9,30,70,5,3,1,65,35,51,61,0,0,,,,,,,0,0,10,0,4,0,0,0,0,0,4,2,35.64200916666667,139.69736916666668,6,3,,,,
1,30,329,6,2,0,1,30000,0,110,2019,8,15,17,50,13,,,,,2,1,1,14,7,0,23,0,23,3,9,1,1,5,3,1,35,1,3,61,31,0,,,,,,,2,0,10,0,3,0,2,0,2,0,4,2,35.63599305555555,139.7075186111111,5,3,,,,
1,30,329,7,2,0,1,30000,0,110,2020,1,5,10,10,12,,,,,1,1,1,14,7,0,23,0,23,3,9,1,70,5,2,1,65,55,13,61,1,0,,,,,,,2,0,50,0,3,0,2,0,2,0,4,2,35.63632388888889,139.70762638888888,1,3,,,,
1,30,329,10,2,0,1,99000,0,110,2020,1,11,1,18,22,,,,,1,1,1,0,7,0,23,0,23,0,0,20,70,0,4,1,75,25,3,61,1,0,,,,,,,10,0,20,0,3,0,2,0,2,0,4,2,35.63682305555555,139.70274333333333,7,3,,,,
1,30,329,11,2,0,1,30000,0,110,2020,1,30,8,0,12,,,,,1,1,1,14,7,0,23,0,23,3,9,1,70,5,3,1,45,45,14,61,31,0,,,,,,,2,0,30,0,4,0,2,0,2,0,4,2,35.633690277777774,139.70954333333333,5,3,,,,
1,30,330,4,2,0,1,30000,0,112,2020,1,7,12,20,12,,,,,2,1,1,1,1,9,22,0,23,11,9,30,70,4,3,1,25,55,51,61,0,0,,,,,,,0,0,10,0,3,0,0,0,0,0,4,2,35.63157611111111,139.66171861111113,3,3,,,,