資料区分,都道府県コード,警察署等コード,本票番号,事故内容,死者数,負傷者数,路線コード,地点コード,市区町村コード,発生日時　　年,発生日時　　月,発生日時　　日,発生日時　　時,発生日時　　分,昼夜,日の出時刻　　時,日の出時刻　　分,日の入り時刻　　時,日の入り時刻　　分,天候,地形,路面状態,道路形状,信号機,一時停止規制　標識（当事者A）,一時停止規制　表示（当事者A）,一時停止規制　標識（当事者B）,一時停止規制　表示（当事者B）,車道幅員,道路線形,衝突地点,ゾーン規制,中央分離帯施設等,歩車道区分,事故類型,年齢（当事者A）,年齢（当事者B）,当事者種別（当事者A）,当事者種別（当事者B）,用途別（当事者A）,用途別（当事者B）,車両形状等（当事者A）,車両形状等（当事者B）,オートマチック車（当事者A）,オートマチック車（当事者B）,サポカー（当事者A）,サポカー（当事者B）,速度規制（指定のみ）（当事者A）,速度規制（指定のみ）（当事者B）,車両の衝突部位（当事者A）,車両の衝突部位（当事者B）,車両の損壊程度（当事者A）,車両の損壊程度（当事者B）,エアバッグの装備（当事者A）,エアバッグの装備（当事者B）,サイドエアバッグの装備（当事者A）,サイドエアバッグの装備（当事者B）,人身損傷程度（当事者A）,人身損傷程度（当事者B）,lat,lon,曜日(発生年月日),祝日(発生年月日),認知機能検査経過日数（当事者A）,認知機能検査経過日数（当事者B）,運転練習の方法（当事者A）,運転練習の方法（当事者B）
1,30,330,6,2,0,1,30000,0,110,2020,1,6,10,2,12,,,,,1,1,1,1,7,9,22,0,23,14,9,30,70,5,3,1,35,35,51,61,0,0,,,,,,,0,0,12,0,3,0,0,0,0,0,4,2,35.62816638888889,139.68480166666666,2,3,,,,
1,30,330,9,2,0,1,20190,0,110,2020,1,21,7,48,12,,,,,1,1,1,14,7,0,23,0,23,4,9,1,70,4,3,1,1,25,3,61,31,0,,,,,,,3,0,40,0,3,0,2,0,2,0,4,2,35.62985777777778,139.6866675,3,3,,,,
1,30,330,10,2,0,1,30000,0,110,2020,1,9,18,35,22,,,,,1,1,1,14,7,0,23,0,23,3,9,1,1,5,3,1,75,55,3,61,31,0,,,,,,,2,0,10,0,3,0,2,0,2,0,4,2,35.62976888888889,139.6861186111111,5,3,,,,
1,30,330,13,2,0,1,30000,0,110,2020,1,26,12,7,12,,,,,1,1,1,1,7,9,22,0,23,11,9,30,70,5,3,1,75,1,51,61,0,0,,,,,,,0,0,20,0,3,0,0,0,0,0,2,4,35.62026083333333,139.6955513888889,1,3,,,,
1,30,331,1,2,0,1,30000,0,113,2019,12,19,0,0,22,,,,,1,1,1,14,7,0,23,0,23,2,9,20,70,5,2,1,25,25,51,61,0,0,,,,,,,0,0,10,0,3,0,0,0,0,0,4,2,35.66067916666667,139.698885,5,3,,,,
1,30,331,4,2,0,1,20120,0,113,2020,1,5,10,32,12,,,,,1,1,1,1,1,9,22,0,23,18,9,30,70,1,1,1,45,25,12,61,31,0,,,,,,,4,0,10,0,3,0,2,0,2,0,4,2,35.64325222222222,139.72067611111112,1,3,,,,
1,30,331,6,2,0,1,20240,0,113,2020,1,18,12,56,12,,,,,3,1,2,1,1,0,23,0,23,19,8,30,70,5,1,1,45,0,61,0,0,0,,,,,,,0,0,0,0,0,0,0,0,0,0,2,0,35.646523055555555,139.70221999999998,7,3,,,,
1,30,331,7,2,0,1,30000,0,113,2020,1,21,16,15,13,,,,,1,1,1,1,7,9,22,0,23,11,8,30,70,5,4,1,25,65,51,61,0,0,,,,,,,0,0,10,0,3,0,0,0,0,0,4,2,35.65351833333333,139.71050722222222,3,3,,,,
1,30,331,9,2,0,1,10090,0,113,2020,1,30,13,50,12,,,,,1,1,1,14,1,0,23,0,23,5,9,1,70,5,1,1,55,55,2,61,1,0,,,,,,,4,0,20,0,4,0,2,0,2,0,4,2,35.65935972222222,139.70259,5,3,,,,
1,30,332,2,2,0,1,30000,0,113,2019,12,17,11,37,12,,,,,2,1,1,14,7,0,23,0,23,3,9,20,1,5,3,1,65,35,3,61,1,0,,,,,,,2,0,40,0,4,0,2,0,2,0,4,2,35.66902861111111,139.71168194444442,3,3,,,,
1,30,333,5,2,0,1,30000,0,113,2020,1,4,23,5,22,,,,,3,1,2,1,7,1,22,0,23,17,9,30,70,1,1,1,45,25,4,61,31,0,,,,,,,10,0,40,0,4,0,2,0,2,0,4,2,35.67697388888889,139.67529499999998,7,3,,,,
1,30,333,9,2,0,1,200,117,113,2020,1,23,16,50,13,,,,,3,1,2,1,1,9,22,0,23,18,9,30,70,1,2,1,65,75,3,61,31,0,,,,,,,10,0,20,0,3,0,2,0,2,0,4,2,35.67454111111111,139.66803416666664,5,3,,,,
1,30,333,13,2,0,1,30000,0,113,2020,1,28,17,40,21,,,,,3,1,2,14,7,0,23,0,23,4,9,1,70,4,1,1,45,35,33,61,31,0,,,,,,,3,0,10,0,3,0,0,0,0,0,4,2,35.66819361111111,139.70190166666666,3,3,,,,
1,30,435,2,2,0,1,30000,0,104,2019,12,9,19,30,22,,,,,3,1,2,14,7,0,23,0,23,3,9,1,70,5,3,1,65,45,3,61,1,0,,,,,,,2,0,20,0,3,0,2,0,2,0,4,2,35.69461805555555,139.72063333333332,2,3,,,,
1,30,435,4,2,0,1,10050,0,104,2019,8,28,1,0,22,,,,,3,1,2,1,1,9,22,0,23,17,9,30,70,4,1,1,1,55,3,61,31,0,,,,,,,10,0,0,0,3,0,2,0,2,0,4,2,35.69107416666667,139.7306413888889,4,3,,,,
1,30,435,8,2,0,1,99000,0,104,2020,1,1,3,35,22,,,,,2,1,1,0,7,0,23,0,23,0,0,20,70,0,4,1,25,1,12,61,31,0,,,,,,,10,0,70,0,3,0,2,0,2,0,4,2,35.69944666666667,139.71495055555553,4,1,,,,
1,30,435,16,2,0,1,30000,0,104,2020,1,28,18,15,22,,,,,3,1,2,14,7,0,23,0,23,3,9,1,70,5,3,1,45,1,34,61,31,0,,,,,,,2,0,10,0,4,0,0,0,0,0,4,2,35.69519083333333,139.72962611111112,3,3,,,,
1,30,436,4,2,0,1,30000,0,104,2019,12,15,1,41,22,,,,,2,1,1,1,7,1,21,0,23,14,9,30,70,4,2,1,45,25,3,61,1,0,,,,,,,10,0,10,0,4,0,2,0,2,0,4,2,35.696172499999996,139.70452277777775,1,3,,,,
1,30,436,5,2,0,1,30000,0,104,2019,12,26,17,50,22,,,,,2,1,1,14,7,0,23,0,23,3,9,1,70,5,3,1,65,55,4,61,31,0,,,,,,,10,0,40,0,4,0,2,0,2,0,4,2,35.70407777777778,139.69999166666668,5,3,,,,
1,30,436,9,2,0,1,10240,0,104,2019,12,22,22,25,22,,,,,3,1,2,1,1,9,22,0,23,19,9,30,70,1,1,1,55,25,3,61,1,0,,,,,,,10,0,20,0,3,0,2,0,2,0,4,2,35.69583166666666,139.68857111111112,1,3,,,,
1,30,436,19,2,0,1,30000,0,104,2020,1,9,18,30,22,,,,,1,1,1,1,7,9,22,0,23,17,9,30,70,5,2,1,75,45,3,61,31,0,,,,,,,3,0,10,0,4,0,2,0,2,0,4,2,35.69499833333333,139.70739833333332,5,3,,,,
1,30,436,21,2,0,1,30000,0,104,2020,1,11,6,5,23,,,,,1,1,1,1,7,9,22,0,23,15,9,30,70,5,3,1,45,1,3,61,1,0,,,,,,,2,0,10,0,3,0,2,0,2,0,4,2,35.69562444444444,139.70362444444444,7,3,,,,
1,30,436,29,2,0,1,20000,0,104,2020,1,29,10,18,12,,,,,1,1,1,14,7,0,23,0,23,6,9,20,70,1,2,1,25,55,51,61,0,0,,,,,,,0,0,20,0,4,0,0,0,0,0,4,2,35.69023138888888,139.69479055555556,4,3,,,,
1,30,437,3,2,0,1,10010,0,104,2019,12,23,11,15,12,,,,,1,1,2,14,7,0,23,0,23,1,9,1,70,4,2,1,45,25,52,61,0,0,,,,,,,0,0,10,0,3,0,0,0,0,0,4,2,35.72201444444445,139.69784972222223,2,3,,,,
1,30,437,5,2,0,1,10250,0,104,2019,8,28,7,10,12,,,,,3,1,2,7,7,0,23,0,23,4,3,1,70,4,1,1,35,55,33,61,31,0,,,,,,,3,0,11,0,3,0,0,0,0,0,4,2,35.72243944444445,139.68218666666667,4,3,,,,
1,30,437,13,2,0,1,10090,0,104,2020,1,29,2,35,22,,,,,3,1,2,1,1,9,22,0,23,11,9,30,70,4,2,1,65,55,3,61,1,0,,,,,,,4,0,10,0,4,0,2,0,2,0,4,2,35.71132777777778,139.71003305555556,4,3,,,,
1,30,438,4,2,0,1,10120,0,104,2020,1,29,8,45,12,,,,,1,1,1,14,7,0,23,0,23,4,9,1,70,1,1,1,65,35,3,61,1,0,,,,,,,4,0,30,0,3,0,2,0,2,0,4,2,35.68506111111111,139.72014972222223,4,3,,,,
1,30,438,5,2,0,1,10050,0,104,2020,1,17,20,50,22,,,,,1,1,1,1,7,9,22,0,23,11,9,30,70,1,1,1,75,55,3,61,1,0,,,,,,,2,0,40,0,4,0,2,0,2,0,4,2,35.692924999999995,139.7045761111111,6,3,,,,
1,30,438,6,2,0,1,30000,0,104,2019,11,20,9,30,12,,,,,1,1,1,14,7,0,23,0,23,3,9,20,70,5,3,1,65,35,3,61,1,0,,,,,,,2,0,20,0,4,0,2,0,2,0,4,2,35.68982055555555,139.7080025,4,3,,,,
1,30,439,8,2,0,1,30000,0,114,2020,1,14,14,50,12,,,,,1,1,1,1,7,9,22,0,23,11,9,30,70,5,3,1,65,25,13,61,31,0,,,,,,,5,0,30,0,3,0,2,0,2,0,4,2,35.69424944444444,139.67299277777778,3,3,,,,
1,30,439,10,2,0,1,30000,0,114,2020,1,16,11,50,12,,,,,2,1,1,14,7,0,23,0,23,2,9,1,70,5,4,1,65,25,3,61,1,0,,,,,,,5,0,40,0,3,0,2,0,2,0,4,2,35.70621777777778,139.66784805555554,5,3,,,,
1,30,439,16,2,0,1,30000,0,114,2020,1,20,16,40,13,,,,,1,1,1,14,7,0,23,0,23,2,9,1,70,5,4,1,25,45,3,61,31,0,,,,,,,10,0,10,0,3,0,2,0,2,0,4,2,35.688067777777775,139.67150638888887,2,3,,,,
1,30,439,19,2,0,1,20290,0,114,2020,1,25,11,5,12,,,,,2,1,1,1,1,1,21,0,23,15,9,30,70,4,1,1,65,1,3,61,31,0,,,,,,,3,0,10,0,3,0,2,0,2,0,4,2,35.70137805555556,139.6786761111111,7,3,,,,
1,30,439,22,2,0,1,10230,0,114,2020,1,28,16,10,13,,,,,3,1,2,13,1,0,23,0,23,4,3,1,70,4,1,1,65,1,3,61,1,0,,,,,,,3,0,10,0,3,0,2,0,2,0,4,2,35.686539999999994,139.67454972222222,3,3,,,,
1,30,439,23,2,0,1,30000,0,114,2020,1,30,8,15,12,,,,,1,1,1,1,1,9,22,0,23,18,9,30,70,5,1,1,35,55,34,61,31,0,,,,,,,3,0,10,0,3,0,0,0,0,0,4,2,35.697395,139.67087805555553,5,3,,,,
1,30,439,24,2,0,1,30000,0,114,2020,1,28,0,5,22,,,,,5,1,1,14,7,0,23,0,23,3,9,1,70,5,3,1,1,0,61,0,0,0,,,,,,,0,0,0,0,0,0,0,0,0,0,2,0,35.696060277777775,139.6762961111111,3,3,,,,
1,30,440,1,2,0,1,30000,0,114,2020,1,5,14,30,12,,,,,1,1,1,1,7,9,22,0,23,14,9,30,70,4,3,1,45,1,13,61,1,0,,,,,,,2,0,20,0,3,0,2,0,2,0,4,2,35.7172975,139.67785999999998,1,3,,,,
1,30,440,4,2,0,1,30000,0,114,2020,1,8,8,10,12,,,,,2,1,2,13,7,0,23,0,23,2,6,1,1,5,4,1,35,1,51,61,0,0,,,,,,,0,0,10,0,3,0,0,0,0,0,4,2,35.73178527777778,139.6353825,4,3,,,,
1,30,440,12,2,0,1,30000,0,114,2020,1,17,10,15,12,,,,,1,1,1,14,7,0,23,0,23,2,9,1,70,5,3,1,35,65,13,61,31,0,,,,,,,2,0,40,0,3,0,2,0,1,0,4,2,35.71877972222222,139.65678222222223,6,3,,,,
1,30,440,15,2,0,1,10220,0,114,2020,1,18,10,15,12,,,,,5,1,2,14,7,0,23,0,23,4,9,1,70,4,1,1,25,75,3,61,31,0,,,,,,,3,0,10,0,3,0,2,0,2,0,4,2,35.70959777777778,139.6534127777778,7,3,,,,
1,30,440,22,2,0,1,30000,0,114,2020,1,28,16,0,12,,,,,3,1,2,14,7,0,23,0,23,1,9,20,70,5,4,1,1,1,51,61,0,0,,,,,,,0,0,10,0,4,0,0,0,0,0,4,2,35.72199138888889,139.652065,3,3,,,,
1,30,441,1,2,0,1,20500,0,115,2019,12,16,17,40,22,,,,,1,1,1,14,7,0,23,0,23,1,9,1,70,4,2,1,65,35,51,61,0,0,,,,,,,0,0,30,0,4,0,0,0,0,0,4,2,35.70594916666667,139.63658694444445,2,3,,,,
1,30,441,7,2,0,1,30000,0,115,2020,1,9,12,15,12,,,,,1,1,1,1,7,9,22,0,23,11,9,30,70,5,3,1,35,75,35,61,31,0,,,,,,,2,0,20,0,3,0,0,0,0,0,4,2,35.70066916666667,139.6437163888889,5,3,,,,
1,30,441,8,2,0,1,30000,0,115,2020,1,10,8,45,12,,,,,1,1,1,1,7,9,22,0,23,11,9,30,70,5,2,1,65,25,4,61,31,0,,,,,,,1,0,10,0,3,0,2,0,2,0,4,2,35.69563944444444,139.63245555555557,6,3,,,,
1,30,441,13,2,0,1,30000,0,115,2020,1,19,0,40,22,,,,,1,1,1,14,7,0,23,0,23,3,9,1,70,5,3,1,65,35,3,61,1,0,,,,,,,1,0,40,0,3,0,2,0,2,0,4,2,35.709073333333336,139.64978944444442,1,3,,,,
1,30,441,15,2,0,1,30000,0,115,2020,1,21,16,40,13,,,,,1,1,1,1,7,6,21,0,23,11,9,30,70,5,3,1,25,65,14,61,31,0,,,,,,,10,0,20,0,3,0,2,0,2,0,4,2,35.69653888888889,139.63810166666667,3,3,,,,
1,30,441,18,2,0,1,30000,0,115,2020,1,30,17,50,21,,,,,1,1,1,14,7,0,23,0,23,2,9,1,70,5,4,1,45,65,14,61,1,0,,,,,,,10,0,20,0,3,0,2,0,2,0,4,2,35.70073,139.65748722222222,5,3,,,,
1,30,442,1,1,1,0,99000,0,115,2020,1,8,17,55,22,,,,,1,1,1,0,7,0,23,0,23,0,0,20,70,0,4,1,65,75,3,61,31,0,,,,,,,10,0,10,0,3,0,2,0,2,0,4,1,35.68481611111111,139.61472666666666,4,3,,,,
1,30,442,4,2,0,1,30000,0,115,2019,11,26,15,33,13,,,,,3,1,2,14,7,0,23,0,23,1,9,1,70,5,4,1,65,35,3,61,31,0,,,,,,,10,0,30,0,4,0,2,0,2,0,4,2,35.68387444444444,139.65623861111112,3,3,,,,
1,30,442,6,2,0,1,30000,0,115,2019,12,28,12,0,12,,,,,1,1,1,14,7,0,23,0,23,2,9,20,70,5,4,1,1,25,51,61,0,0,,,,,,,0,0,10,0,3,0,0,0,0,0,4,2,35.68226,139.65517555555556,7,3,,,,
1,30,442,11,2,0,1,10200,0,115,2020,1,10,16,30,13,,,,,1,1,1,14,7,0,23,0,23,5,9,1,70,1,1,1,35,0,61,0,0,0,,,,,,,0,0,0,0,0,0,0,0,0,0,2,0,35.67977472222222,139.61441944444445,6,3,,,,
1,30,442,25,2,0,2,30000,0,115,2020,1,24,16,26,13,,,,,1,1,1,14,7,0,23,0,23,3,9,20,70,4,3,1,55,1,3,61,31,0,,,,,,,2,0,10,0,3,0,2,0,2,0,4,2,35.67565833333333,139.64358527777776,6,3,,,,
1,30,442,28,2,0,1,30000,0,115,2020,1,20,16,0,13,,,,,1,1,1,14,7,0,23,0,23,1,9,1,70,5,3,1,1,25,4,61,31,0,,,,,,,5,0,40,0,3,0,2,0,2,0,4,2,35.67592361111111,139.609995,2,3,,,,
1,30,443,2,2,0,1,20350,0,115,2019,12,26,15,55,13,,,,,2,1,1,1,7,9,22,0,23,14,9,30,70,4,2,1,35,75,4,61,31,0,,,,,,,2,0,10,0,3,0,2,0,2,0,4,2,35.7238125,139.62402111111112,5,3,,,,
1,30,443,8,2,0,1,10240,0,115,2020,1,14,18,10,22,,,,,1,1,1,14,7,0,23,0,23,5,9,1,70,4,2,1,1,45,51,61,0,0,,,,,,,0,0,40,0,4,0,0,0,0,0,4,2,35.706606944444445,139.6173141666667,3,3,,,,
1,30,443,10,2,0,1,30000,0,115,2020,1,15,17,25,21,,,,,1,1,2,13,7,0,23,0,23,3,3,1,70,5,1,1,75,25,4,61,31,0,,,,,,,2,0,20,0,4,0,2,0,2,0,4,2,35.704053611111114,139.6160113888889,4,3,,,,
1,30,443,13,2,0,1,30000,0,115,2020,1,21,12,45,12,,,,,1,1,1,14,7,0,23,0,23,2,9,1,1,4,3,1,35,65,51,61,0,0,,,,,,,0,0,40,0,4,0,0,0,0,0,4,2,35.71491916666667,139.58613722222222,3,3,,,,
1,30,545,1,2,0,1,30000,0,105,2020,1,9,8,5,12,,,,,1,1,1,14,7,0,23,0,23,1,9,20,70,5,4,1,1,45,51,61,0,0,,,,,,,0,0,10,0,3,0,0,0,0,0,4,2,35.71266527777778,139.7491622222222,5,3,,,,
1,30,546,2,2,0,1,30000,0,105,2020,1,5,11,10,12,,,,,1,1,1,1,1,9,22,0,23,15,8,30,70,4,3,1,55,35,3,61,31,0,,,,,,,2,0,50,0,3,0,2,0,2,0,4,2,35.71083472222222,139.73354916666665,1,3,,,,
1,30,546,8,2,0,1,30000,0,105,2020,1,15,13,30,12,,,,,1,1,1,14,7,0,23,0,23,4,9,1,70,5,3,1,25,75,13,61,31,0,,,,,,,1,0,10,0,3,0,2,0,2,0,4,2,35.71018138888889,139.7375086111111,4,3,,,,
1,30,547,3,2,0,1,20400,0,105,2020,1,14,11,2,12,,,,,1,1,1,1,1,9,22,0,23,15,9,30,70,4,2,1,45,45,17,61,1,0,,,,,,,4,0,10,0,2,0,2,0,2,0,4,2,35.71067416666667,139.759965,3,3,,,,
1,30,547,4,2,0,1,20080,0,105,2020,1,15,6,48,23,,,,,3,1,2,14,7,0,23,0,23,3,9,1,70,4,1,1,75,45,13,61,31,0,,,,,,,4,0,10,0,3,0,2,0,2,0,4,2,35.70862888888889,139.7697813888889,4,3,,,,
1,30,547,7,2,0,1,20390,0,105,2020,1,25,11,5,12,,,,,2,1,1,14,7,0,23,0,23,5,9,1,70,4,1,1,1,75,51,61,0,0,,,,,,,0,0,10,0,3,0,0,0,0,0,4,2,35.70800527777778,139.77238416666668,7,3,,,,
1,30,548,3,2,0,3,20000,0,105,2019,11,17,13,43,12,,,,,1,1,1,7,2,0,23,0,23,1,9,20,70,5,2,1,35,35,51,61,0,0,,,,,,,0,0,10,0,3,0,0,0,0,0,2,2,35.7246125,139.76409194444443,1,3,,,,
1,30,549,5,2,0,1,30000,0,116,2020,1,7,15,53,13,,,,,3,1,2,1,7,1,21,0,23,11,9,30,70,5,3,1,65,55,3,61,31,0,,,,,,,10,0,30,0,4,0,2,0,2,0,4,2,35.73587861111111,139.73771333333332,3,3,,,,
1,30,549,8,2,0,1,30000,0,116,2020,1,19,17,50,21,,,,,1,1,1,1,7,1,21,0,23,17,9,30,70,5,1,1,65,55,13,61,31,0,,,,,,,10,0,10,0,4,0,2,0,2,0,4,2,35.73578444444445,139.73591,1,3,,,,
1,30,549,9,2,0,1,170,69,116,2020,1,20,17,45,21,,,,,1,1,1,7,1,0,23,0,23,5,9,1,70,1,1,1,65,1,3,61,31,0,,,,,,,10,0,40,0,3,0,2,0,2,0,4,2,35.73386888888889,139.7381886111111,2,3,,,,
1,30,549,14,2,0,1,170,69,116,2020,1,11,14,20,12,,,,,1,1,1,14,1,0,23,0,23,6,9,20,70,1,2,1,65,45,51,61,0,0,,,,,,,0,0,10,0,4,0,0,0,0,0,4,2,35.73343861111111,139.73887027777778,7,3,,,,
1,30,550,2,2,0,1,30000,0,116,2020,1,1,0,38,22,,,,,1,1,1,1,1,9,22,0,23,14,9,30,70,4,2,1,55,25,3,61,1,0,,,,,,,3,0,40,0,2,0,2,0,2,0,4,2,35.73443555555556,139.7082683333333,4,1,,,,
1,30,550,6,2,0,1,30000,0,116,2020,1,10,0,15,22,,,,,1,1,1,7,7,0,23,0,23,2,9,1,70,5,1,1,35,25,3,61,31,0,,,,,,,10,0,40,0,3,0,2,0,2,0,4,2,35.73123277777778,139.70557944444442,6,3,,,,
1,30,550,9,2,0,1,30000,0,116,2020,1,14,12,50,12,,,,,1,1,1,14,7,0,23,0,23,2,9,1,70,5,3,1,35,45,51,61,0,0,,,,,,,0,0,10,0,3,0,0,0,0,0,4,2,35.73180027777778,139.70628333333332,3,3,,,,
1,30,550,13,2,0,1,10090,0,116,2020,1,21,21,49,22,,,,,1,1,1,1,1,9,22,0,23,18,9,30,70,4,1,1,75,1,3,61,31,0,,,,,,,4,0,10,0,3,0,2,0,2,0,4,2,35.73464472222222,139.71776166666666,3,3,,,,
1,30,550,16,2,0,1,10090,0,116,2020,1,23,22,30,22,,,,,2,1,1,1,7,1,21,0,23,17,9,30,70,4,1,1,25,25,3,61,31,0,,,,,,,10,0,40,0,4,0,2,0,2,0,4,2,35.73308416666667,139.71618638888887,5,3,,,,
1,30,550,17,2,0,1,30000,0,116,2020,1,24,18,5,22,,,,,2,1,1,1,7,9,22,0,23,15,9,30,70,4,1,1,25,25,4,61,31,0,,,,,,,3,0,10,0,3,0,2,0,2,0,4,2,35.7330725,139.70997305555554,6,3,,,,
1,30,550,19,2,0,1,30000,0,116,2020,1,27,1,23,22,,,,,1,1,1,14,7,0,23,0,23,2,9,1,70,5,4,1,45,65,17,61,1,0,,,,,,,1,0,70,0,3,0,2,0,2,0,4,2,35.72911527777778,139.71256194444445,2,3,,,,
1,30,550,21,2,0,1,30000,0,116,2020,1,31,0,20,22,,,,,1,1,1,14,7,0,23,0,23,2,9,1,70,5,2,1,45,0,61,0,0,0,,,,,,,0,0,0,0,0,0,0,0,0,0,2,0,35.741663611111115,139.71601305555555,6,3,,,,
1,30,553,2,2,0,1,10310,0,117,2020,1,7,18,30,22,,,,,3,1,2,1,7,9,22,0,23,18,9,30,70,4,1,1,55,45,3,61,1,0,,,,,,,3,0,40,0,4,0,2,0,2,0,4,2,35.757729166666664,139.74345555555556,3,3,,,,
1,30,553,7,2,0,1,30000,0,117,2020,1,18,13,45,12,,,,,1,1,2,14,7,0,23,0,23,2,9,1,70,4,3,1,25,0,61,0,0,0,,,,,,,0,0,0,0,0,0,0,0,0,0,2,0,35.76499638888889,139.724725,7,3,,,,
1,30,553,13,2,0,1,10130,0,117,2020,1,27,23,10,22,,,,,3,1,2,1,1,9,22,0,23,18,9,30,70,1,2,1,45,35,3,61,31,0,,,,,,,4,0,20,0,4,0,2,0,2,0,4,2,35.766535,139.72379361111112,2,3,,,,
1,30,554,5,2,0,1,30000,0,117,2020,1,7,17,40,21,,,,,3,1,2,1,7,9,22,0,23,15,9,30,70,5,3,1,45,45,3,61,31,0,,,,,,,2,0,10,0,3,0,2,0,2,0,4,2,35.77630972222222,139.73082194444444,3,3,,,,
1,30,555,3,2,0,1,30000,0,119,2019,12,28,22,5,22,,,,,1,1,1,1,1,9,22,0,23,15,9,30,70,4,2,1,55,35,14,61,1,0,,,,,,,3,0,50,0,3,0,2,0,2,0,4,2,35.76361638888889,139.68401916666667,7,3,,,,
1,30,555,5,2,0,1,10130,0,119,2019,12,28,12,42,12,,,,,1,1,1,14,7,0,23,0,23,6,9,1,70,1,2,1,1,65,51,61,0,0,,,,,,,0,0,10,0,3,0,0,0,0,0,4,2,35.76107416666667,139.70402277777777,7,3,,,,
1,30,555,19,2,0,1,30000,0,119,2020,1,8,17,40,21,,,,,2,1,1,1,1,9,22,0,23,15,9,30,70,5,2,1,25,45,4,61,31,0,,,,,,,1,0,40,0,4,0,2,0,2,0,4,2,35.76021055555555,139.6898275,4,3,,,,
1,30,555,24,2,0,1,30000,0,119,2020,1,24,11,22,12,,,,,1,1,1,7,1,0,23,0,23,3,9,1,70,5,3,1,55,75,3,61,31,0,,,,,,,2,0,10,0,3,0,2,0,2,0,4,2,35.751421111111114,139.69607861111112,6,3,,,,
1,30,555,26,2,0,1,30000,0,119,2020,1,15,4,15,22,,,,,3,1,2,1,1,9,22,0,23,15,8,30,70,5,2,1,45,65,35,61,31,0,,,,,,,1,0,10,0,3,0,0,0,0,0,4,2,35.75349861111111,139.69943444444445,4,3,,,,
1,30,555,27,2,0,1,30000,0,119,2020,1,21,14,40,12,,,,,1,1,1,1,7,9,22,0,23,14,9,30,70,4,1,1,55,1,3,61,31,0,,,,,,,2,0,10,0,3,0,2,0,2,0,4,2,35.76546222222222,139.67319416666666,3,3,,,,
1,30,555,32,2,0,1,30000,0,119,2020,1,24,13,30,12,,,,,1,1,1,14,7,0,23,0,23,3,9,1,70,5,3,1,65,65,3,61,31,0,,,,,,,10,0,40,0,3,0,2,0,2,0,4,2,35.763531666666665,139.67744888888888,6,3,,,,
1,30,555,34,2,0,1,20420,0,119,2020,1,28,18,55,22,,,,,3,1,2,1,1,9,22,0,23,18,9,30,70,1,1,1,55,55,3,61,1,0,,,,,,,4,0,10,0,3,0,2,0,2,0,4,2,35.74281833333333,139.68077944444443,3,3,,,,
1,30,555,35,2,0,1,170,101,119,2020,1,28,8,10,12,,,,,3,1,1,1,1,9,22,0,23,18,9,30,70,1,2,1,25,45,3,61,31,0,,,,,,,5,0,10,0,3,0,2,0,2,0,4,2,35.74937305555556,139.7141797222222,3,3,,,,
1,30,556,8,2,0,1,170,134,119,2020,1,10,14,20,12,,,,,1,1,1,1,1,9,22,0,23,18,9,30,70,4,2,1,25,25,17,61,1,0,,,,,,,5,0,10,0,3,0,2,0,2,0,4,2,35.77623138888889,139.69496083333334,6,3,,,,
1,30,556,13,2,0,1,30000,0,119,2020,1,16,23,17,22,,,,,1,1,1,14,7,0,23,0,23,2,9,1,70,5,3,1,55,25,17,61,1,0,,,,,,,2,0,10,0,3,0,2,0,2,0,4,2,35.77779611111111,139.68553888888889,5,3,,,,
1,30,556,21,2,0,1,30000,0,119,2020,1,16,17,25,21,,,,,1,1,1,1,1,9,22,0,23,14,4,30,70,4,3,1,75,55,3,61,31,0,,,,,,,2,0,40,0,4,0,2,0,2,0,4,2,35.771393055555556,139.67610333333332,5,3,,,,
1,30,556,22,2,0,1,20480,0,119,2020,1,28,5,54,23,,,,,3,1,2,1,1,9,22,0,23,18,9,30,70,1,2,1,1,45,3,61,31,0,,,,,,,2,0,10,0,2,0,2,0,2,0,4,2,35.785311388888886,139.67958777777775,3,3,,,,
1,30,556,24,2,0,1,10200,0,119,2020,1,28,17,15,21,,,,,3,1,2,1,1,9,22,0,23,18,9,30,70,1,2,1,55,55,3,61,31,0,,,,,,,5,0,10,0,4,0,2,0,2,0,4,2,35.7787825,139.68598527777777,3,3,,,,
1,30,556,26,2,0,1,30000,0,119,2020,1,29,6,15,23,,,,,3,1,2,1,1,9,22,0,23,18,9,30,70,6,2,1,35,55,4,61,31,0,,,,,,,5,0,40,0,4,0,2,0,2,0,4,2,35.79367194444444,139.68573777777777,4,3,,,,
1,30,556,27,2,0,1,30000,0,119,2020,1,20,17,55,21,,,,,1,1,1,1,7,9,22,0,23,15,9,30,70,4,3,1,25,35,3,61,31,0,,,,,,,2,0,80,0,3,0,2,0,2,0,4,2,35.775615,139.69660611111112,2,3,,,,
1,30,557,14,2,0,1,30000,0,120,2020,1,7,14,5,12,,,,,3,1,1,14,7,0,23,0,23,3,9,1,70,5,3,1,35,65,4,61,31,0,,,,,,,10,0,30,0,3,0,2,0,2,0,4,2,35.73607916666667,139.65031638888888,3,3,,,,
1,30,557,18,2,0,1,30000,0,120,2020,1,13,14,30,12,,,,,1,1,1,14,7,0,23,0,23,3,9,1,70,5,2,1,55,1,36,61,31,0,,,,,,,2,0,10,0,3,0,0,0,0,0,4,2,35.73807305555555,139.67572333333334,2,1,,,,
1,30,557,25,2,0,1,20430,0,120,2020,1,27,18,57,22,,,,,2,1,1,1,1,9,22,0,23,15,9,30,70,5,2,1,1,35,35,61,31,0,,,,,,,3,0,10,0,3,0,0,0,0,0,4,2,35.73702083333333,139.65093916666666,2,3,,,,