資料区分,都道府県コード,警察署等コード,本票番号,事故内容,死者数,負傷者数,路線コード,地点コード,市区町村コード,発生日時　　年,発生日時　　月,発生日時　　日,発生日時　　時,発生日時　　分,昼夜,日の出時刻　　時,日の出時刻　　分,日の入り時刻　　時,日の入り時刻　　分,天候,地形,路面状態,道路形状,信号機,一時停止規制　標識（当事者A）,一時停止規制　表示（当事者A）,一時停止規制　標識（当事者B）,一時停止規制　表示（当事者B）,車道幅員,道路線形,衝突地点,ゾーン規制,中央分離帯施設等,歩車道区分,事故類型,年齢（当事者A）,年齢（当事者B）,当事者種別（当事者A）,当事者種別（当事者B）,用途別（当事者A）,用途別（当事者B）,車両形状等（当事者A）,車両形状等（当事者B）,オートマチック車（当事者A）,オートマチック車（当事者B）,サポカー（当事者A）,サポカー（当事者B）,速度規制（指定のみ）（当事者A）,速度規制（指定のみ）（当事者B）,車両の衝突部位（当事者A）,車両の衝突部位（当事者B）,車両の損壊程度（当事者A）,車両の損壊程度（当事者B）,エアバッグの装備（当事者A）,エアバッグの装備（当事者B）,サイドエアバッグの装備（当事者A）,サイドエアバッグの装備（当事者B）,人身損傷程度（当事者A）,人身損傷程度（当事者B）,lat,lon,曜日(発生年月日),祝日(発生年月日),認知機能検査経過日数（当事者A）,認知機能検査経過日数（当事者B）,運転練習の方法（当事者A）,運転練習の方法（当事者B）
1,30,558,4,2,0,1,30000,0,120,2020,1,10,16,50,21,,,,,1,1,1,1,7,9,22,0,23,15,9,30,70,5,3,1,65,45,3,61,31,0,,,,,,,2,0,10,0,3,0,2,0,2,0,4,2,35.719634722222224,139.58010861111111,6,3,,,,
1,30,558,18,2,0,1,30000,0,120,2020,1,25,16,0,12,,,,,1,1,1,14,7,0,23,0,23,1,9,1,70,5,3,1,75,35,3,61,31,0,,,,,,,2,0,80,0,3,0,2,0,2,0,4,2,35.72637972222223,139.5886863888889,7,3,,,,
1,30,558,23,2,0,1,30000,0,120,2020,1,28,22,30,22,,,,,3,1,2,14,7,0,23,0,23,1,9,1,70,5,3,1,25,45,51,61,0,0,,,,,,,0,0,10,0,3,0,0,0,0,0,4,2,35.768416944444446,139.59502527777778,3,3,,,,
1,30,559,1,2,0,1,30000,0,119,2019,12,26,19,15,22,,,,,1,1,1,21,7,0,23,0,23,3,9,20,70,5,4,1,1,75,3,61,31,0,,,,,,,10,0,10,0,4,0,2,0,2,0,4,2,35.76877388888889,139.66126083333333,5,3,,,,
1,30,559,4,2,0,1,20490,0,119,2020,1,7,6,40,23,,,,,1,1,1,14,7,0,23,0,23,3,8,1,70,5,3,1,35,25,4,61,31,0,,,,,,,3,0,80,0,3,0,2,0,2,0,4,2,35.77594444444444,139.63859138888887,3,3,,,,
1,30,559,8,2,0,1,30000,0,119,2020,1,16,18,50,22,,,,,1,1,1,7,7,0,23,0,23,3,7,1,70,4,2,1,65,65,3,61,1,0,,,,,,,5,0,10,0,4,0,2,0,2,0,4,2,35.78058083333333,139.63028333333335,5,3,,,,
1,30,559,13,2,0,1,30000,0,119,2020,1,26,5,45,23,,,,,3,1,2,1,1,9,22,0,23,11,7,30,70,4,2,1,45,1,3,61,31,0,,,,,,,3,0,10,0,4,0,2,0,2,0,4,2,35.772460277777775,139.63164361111112,1,3,,,,
1,30,559,14,2,0,1,30000,0,119,2020,1,28,22,50,22,,,,,3,1,2,7,1,0,23,0,23,3,9,1,70,4,1,1,55,35,3,61,1,0,,,,,,,2,0,10,0,4,0,2,0,2,0,4,2,35.783297777777776,139.63807888888888,3,3,,,,
1,30,560,11,2,0,1,30000,0,120,2020,1,8,10,25,12,,,,,3,1,2,1,7,9,22,0,23,14,9,30,70,4,1,1,55,75,3,61,31,0,,,,,,,2,0,10,0,4,0,2,0,2,0,4,2,35.76667555555555,139.62213916666667,4,3,,,,
1,30,560,16,2,0,1,30000,0,120,2020,1,15,17,50,21,,,,,2,1,1,1,1,9,22,0,23,18,9,30,70,4,1,1,65,1,3,61,31,0,,,,,,,10,0,10,0,3,0,2,0,2,0,4,2,35.76090388888889,139.62538805555556,4,3,,,,
1,30,560,29,2,0,1,30000,0,120,2020,1,18,19,23,22,,,,,3,1,2,1,7,1,21,0,23,14,9,30,70,5,3,1,65,65,4,61,31,0,,,,,,,10,0,10,0,3,0,2,0,2,0,4,2,35.76359083333333,139.6508,7,3,,,,
1,30,660,3,2,0,1,20370,0,106,2020,1,5,0,55,22,,,,,2,1,2,14,7,0,23,0,23,5,9,1,70,4,1,1,45,65,3,61,31,0,,,,,,,3,0,40,0,4,0,2,0,2,0,4,2,35.71147277777778,139.7685888888889,1,3,,,,
1,30,660,4,2,0,1,40,37,106,2020,1,6,5,45,22,,,,,1,1,1,7,1,0,23,0,23,5,9,1,70,1,2,1,35,45,36,61,31,0,,,,,,,2,0,10,0,3,0,0,0,0,0,4,2,35.714579722222226,139.77997111111114,2,3,,,,
1,30,660,5,2,0,1,30000,0,106,2020,1,10,7,33,11,,,,,1,1,1,14,7,0,23,0,23,1,9,1,70,5,3,1,65,45,3,61,31,0,,,,,,,10,0,50,0,3,0,2,0,2,0,4,2,35.703140833333336,139.77802361111114,6,3,,,,
1,30,660,15,2,0,1,20070,0,106,2020,1,29,18,48,22,,,,,1,1,1,14,1,0,23,0,23,3,9,1,70,4,2,1,55,1,3,61,1,0,,,,,,,4,0,10,0,3,0,2,0,2,0,4,2,35.711561111111116,139.77555444444445,4,3,,,,
1,30,661,4,2,0,1,30000,0,106,2020,1,14,13,15,12,,,,,2,1,1,1,1,9,22,0,23,15,9,30,70,4,2,1,65,75,13,61,31,0,,,,,,,3,0,10,0,3,0,2,0,2,0,4,2,35.72514555555556,139.78638583333333,3,3,,,,
1,30,661,6,2,0,1,40,40,106,2020,1,17,14,42,12,,,,,1,1,1,7,1,0,23,0,23,6,9,1,70,1,2,1,65,35,13,61,31,0,,,,,,,5,0,10,0,3,0,2,0,2,0,4,2,35.717151666666666,139.7816013888889,6,3,,,,
1,30,661,8,2,0,1,30000,0,106,2020,1,30,8,10,12,,,,,1,1,1,7,7,0,23,0,23,3,9,1,70,5,3,1,55,65,3,61,1,0,,,,,,,1,0,30,0,3,0,2,0,2,0,4,2,35.720545,139.78459555555554,5,3,,,,
1,30,662,2,2,0,1,20550,0,106,2020,1,7,21,20,22,,,,,3,1,2,1,1,9,22,0,23,18,9,30,70,1,2,1,45,25,3,61,31,0,,,,,,,3,0,20,0,4,0,2,0,2,0,4,2,35.71546083333334,139.80181111111114,3,3,,,,
1,30,662,6,2,0,1,30000,0,106,2020,1,29,19,10,22,,,,,1,1,1,14,7,0,23,0,23,2,9,1,70,4,1,1,45,45,51,61,0,0,,,,,,,0,0,10,0,3,0,0,0,0,0,4,2,35.72016083333334,139.79363972222222,4,3,,,,
1,30,664,2,2,0,1,30000,0,118,2020,1,18,10,55,12,,,,,3,1,2,1,7,9,22,0,23,11,9,30,70,5,3,1,65,35,3,61,31,0,,,,,,,2,0,10,0,3,0,2,0,2,0,4,2,35.74759777777778,139.77102250000002,7,3,,,,
1,30,665,3,2,0,1,30000,0,118,2020,1,25,21,25,22,,,,,1,1,1,7,7,0,23,0,23,2,9,1,70,5,4,1,55,1,4,61,31,0,,,,,,,2,0,10,0,3,0,2,0,2,0,4,2,35.738508055555556,139.7920247222222,7,3,,,,
1,30,665,4,2,0,1,30000,0,118,2020,1,21,13,40,12,,,,,1,1,1,1,7,1,22,0,23,11,9,30,70,5,3,1,75,45,51,61,0,0,,,,,,,0,0,40,0,4,0,0,0,0,0,4,2,35.734432500000004,139.79653916666666,3,3,,,,
1,30,666,5,2,0,1,30000,0,118,2020,1,4,16,30,13,,,,,2,1,1,14,7,0,23,0,23,2,9,20,70,5,3,1,1,65,3,61,31,0,,,,,,,10,0,10,0,3,0,2,0,2,0,4,2,35.733223333333335,139.76194805555556,7,3,,,,
1,30,666,8,2,0,1,30000,0,118,2020,1,18,9,20,12,,,,,3,1,2,14,7,0,23,0,23,3,9,1,70,5,3,1,25,55,51,61,0,0,,,,,,,0,0,40,0,4,0,0,0,0,0,4,2,35.72815388888889,139.78404416666666,7,3,,,,
1,30,666,9,2,0,1,10340,0,118,2020,1,11,6,48,23,,,,,1,1,1,1,1,9,22,0,23,19,9,30,70,4,1,1,45,1,13,61,31,0,,,,,,,3,0,10,0,4,0,2,0,2,0,4,2,35.749671666666664,139.78493,7,3,,,,
1,30,667,3,2,0,2,30390,0,121,2020,1,3,15,10,12,,,,,1,1,1,7,1,0,23,0,23,2,9,20,70,4,2,1,65,35,4,61,31,0,,,,,,,3,0,40,0,3,0,2,0,2,0,4,2,35.74998,139.80385777777778,6,3,,,,
1,30,667,5,2,0,1,30000,0,121,2020,1,9,19,50,22,,,,,2,1,1,1,7,9,22,0,23,11,9,30,1,5,3,1,65,35,3,61,31,0,,,,,,,2,0,80,0,4,0,2,0,2,0,4,2,35.75265666666667,139.80376416666667,5,3,,,,
1,30,667,6,2,0,1,30000,0,121,2020,1,11,21,0,22,,,,,1,1,1,14,7,0,23,0,23,1,9,20,70,5,3,1,25,45,3,61,31,0,,,,,,,10,0,20,0,3,0,2,0,2,0,4,2,35.748600277777776,139.80247,7,3,,,,
1,30,668,1,1,1,0,40,110,121,2020,1,2,6,39,23,,,,,1,1,1,1,1,9,22,0,23,19,9,30,70,5,1,1,55,55,3,61,1,0,,,,,,,10,0,40,0,3,0,2,0,2,0,4,1,35.77542166666667,139.80322805555556,5,3,,,,
1,30,668,5,2,0,1,10130,0,121,2019,12,22,20,40,22,,,,,3,1,2,1,1,9,22,0,23,17,9,30,70,1,2,1,1,1,3,61,31,0,,,,,,,4,0,10,0,3,0,2,0,2,0,4,2,35.772554166666666,139.73876527777776,1,3,,,,
1,30,668,12,2,0,1,30000,0,121,2020,1,2,18,45,22,,,,,1,1,1,14,7,0,23,0,23,2,9,1,70,4,1,1,65,35,51,61,0,0,,,,,,,0,0,10,0,4,0,0,0,0,0,4,2,35.77564722222222,139.7865913888889,5,3,,,,
1,30,668,17,2,0,1,30790,0,121,2020,1,8,21,19,22,,,,,1,1,1,1,7,1,22,0,23,14,9,30,70,5,2,1,45,55,4,61,31,0,,,,,,,5,0,10,0,3,0,2,0,2,0,4,2,35.76783527777778,139.78053472222223,4,3,,,,
1,30,668,18,2,0,1,30000,0,121,2020,1,13,15,28,12,,,,,1,1,1,7,1,0,23,0,23,3,9,20,70,4,3,1,1,65,1,61,1,0,,,,,,,2,0,80,0,3,0,2,0,2,0,4,2,35.78037916666666,139.76072222222223,2,1,,,,
1,30,668,24,2,0,1,30000,0,121,2020,1,20,7,55,12,,,,,1,1,1,1,1,9,22,0,23,15,9,30,70,4,2,1,45,1,17,61,31,0,,,,,,,2,0,10,0,4,0,2,0,2,0,4,2,35.79247194444444,139.76791944444446,2,3,,,,
1,30,668,29,2,0,1,30790,0,121,2020,1,27,17,20,21,,,,,2,1,1,1,1,9,22,0,23,14,9,30,70,4,2,1,45,65,17,61,31,0,,,,,,,2,0,10,0,3,0,2,0,2,0,4,2,35.771588333333334,139.7810852777778,2,3,,,,
1,30,669,4,2,0,1,30000,0,121,2019,12,6,8,2,12,,,,,2,1,1,14,7,0,23,0,23,3,9,1,1,5,3,1,75,35,3,61,31,0,,,,,,,2,0,40,0,4,0,2,0,2,0,4,2,35.76720805555556,139.80941472222224,6,3,,,,
1,30,669,13,2,0,1,30000,0,121,2020,1,7,16,40,13,,,,,3,1,2,1,7,1,21,0,23,14,9,30,70,4,1,1,65,55,3,61,31,0,,,,,,,10,0,20,0,4,0,2,0,2,0,4,2,35.79237694444444,139.82902944444444,3,3,,,,
1,30,669,17,2,0,1,10360,0,121,2020,1,9,10,23,12,,,,,2,1,1,1,7,9,22,0,23,14,9,30,70,5,2,1,35,75,35,61,31,0,,,,,,,3,0,10,0,2,0,0,0,0,0,4,2,35.76697361111111,139.82931055555557,5,3,,,,
1,30,669,20,2,0,1,30000,0,121,2020,1,10,19,5,22,,,,,2,1,1,1,7,1,21,0,23,11,9,30,70,5,2,1,35,65,3,61,31,0,,,,,,,2,0,10,0,3,0,2,0,2,0,4,2,35.77267527777778,139.8054977777778,6,3,,,,
1,30,669,26,2,0,1,30000,0,121,2020,1,15,13,16,12,,,,,2,1,2,1,1,9,22,0,23,14,9,30,70,4,2,1,45,65,1,61,1,0,,,,,,,3,0,10,0,3,0,2,0,1,0,4,2,35.76229722222222,139.8241847222222,4,3,,,,
1,30,669,27,2,0,1,30000,0,121,2020,1,17,20,20,22,,,,,1,1,1,1,1,9,22,0,23,15,9,30,70,4,2,1,1,35,3,61,31,0,,,,,,,3,0,10,0,3,0,2,0,2,0,4,2,35.76891527777778,139.83575027777778,6,3,,,,
1,30,669,39,2,0,1,30000,0,121,2020,1,27,21,55,22,,,,,3,1,2,7,1,0,23,0,23,3,9,1,70,4,2,1,45,35,3,61,31,0,,,,,,,2,0,10,0,3,0,2,0,2,0,4,2,35.785849444444445,139.8162802777778,2,3,,,,
1,30,670,1,1,1,0,30000,0,121,2020,1,21,9,40,12,,,,,1,1,1,1,1,9,22,0,23,15,9,30,70,5,2,1,55,75,11,61,31,0,,,,,,,3,0,10,0,3,0,2,0,2,0,4,1,35.793526944444444,139.8196086111111,3,3,,,,
1,30,670,2,2,0,1,30000,0,121,2019,12,29,13,20,12,,,,,1,1,1,1,1,9,22,0,23,18,9,30,70,4,2,1,25,45,3,61,31,0,,,,,,,3,0,40,0,4,0,2,0,2,0,4,2,35.7937975,139.79170861111112,1,3,,,,
1,30,670,9,2,0,1,30000,0,121,2020,1,8,20,55,22,,,,,1,1,1,1,1,1,22,0,23,15,9,30,70,4,2,1,45,45,3,61,31,0,,,,,,,3,0,10,0,3,0,2,0,2,0,4,2,35.79959472222222,139.81733277777778,4,3,,,,
1,30,670,27,2,0,1,30000,0,121,2020,1,24,17,40,21,,,,,1,1,1,14,7,0,23,0,23,2,9,1,70,5,3,1,25,25,4,61,31,0,,,,,,,2,0,30,0,3,0,2,0,2,0,4,2,35.79077861111111,139.80468972222224,6,3,,,,
1,30,670,35,2,0,1,20610,0,121,2020,1,9,19,0,22,,,,,1,1,1,1,1,9,22,0,23,19,9,30,70,1,2,1,65,55,3,61,31,0,,,,,,,5,0,10,0,3,0,2,0,2,0,4,2,35.79633388888889,139.760915,5,3,,,,
1,30,771,1,1,1,0,10040,0,108,2020,1,21,20,51,22,,,,,1,1,1,1,1,9,22,0,23,19,9,30,70,5,1,1,65,55,3,61,31,0,,,,,,,4,0,10,0,3,0,2,0,2,0,4,1,35.672242222222216,139.79509972222223,3,3,,,,
1,30,771,2,2,0,1,10040,0,108,2019,12,20,11,58,12,,,,,1,1,1,1,1,9,22,0,23,17,9,30,70,1,2,1,1,45,51,61,0,0,,,,,,,0,0,10,0,3,0,0,0,0,0,4,2,35.66941694444444,139.80828055555557,6,3,,,,
1,30,771,3,2,0,1,10040,0,108,2019,12,25,13,55,12,,,,,1,1,1,1,1,9,22,0,23,17,9,30,70,3,1,1,55,25,51,61,0,0,,,,,,,0,0,10,0,4,0,0,0,0,0,4,2,35.67133416666666,139.79749444444445,4,3,,,,
1,30,771,7,2,0,1,30000,0,108,2020,1,3,17,35,21,,,,,1,1,1,14,7,0,23,0,23,2,7,1,70,4,1,1,25,1,52,61,0,0,,,,,,,0,0,30,0,3,0,0,0,0,0,4,2,35.661719444444444,139.80322972222223,6,3,,,,
1,30,771,15,2,0,1,30000,0,108,2020,1,14,16,30,13,,,,,1,1,1,14,7,0,23,0,23,3,9,1,70,4,2,1,1,45,51,61,0,0,,,,,,,0,0,10,0,3,0,0,0,0,0,4,2,35.666421666666665,139.80054583333333,3,3,,,,
1,30,771,19,2,0,1,30000,0,108,2020,1,17,22,35,22,,,,,3,1,2,14,7,0,23,0,23,4,9,1,70,4,1,1,45,35,3,61,1,0,,,,,,,3,0,10,0,3,0,2,0,2,0,4,2,35.65922777777778,139.79611055555554,6,3,,,,
1,30,771,23,2,0,1,30000,0,108,2020,1,18,19,20,22,,,,,3,1,2,1,1,9,22,0,23,18,9,30,70,3,1,1,45,25,1,61,1,0,,,,,,,3,0,10,0,4,0,2,0,2,0,4,2,35.662018055555556,139.80378472222225,7,3,,,,
1,30,771,28,2,0,1,10020,0,108,2020,1,29,16,8,13,,,,,1,1,1,14,7,0,23,0,23,2,9,1,70,4,2,1,1,45,51,61,0,0,,,,,,,0,0,10,0,4,0,0,0,0,0,4,2,35.652208333333334,139.79920333333334,4,3,,,,
1,30,771,30,2,0,1,30000,0,108,2020,1,27,8,28,12,,,,,2,1,1,14,7,0,23,0,23,1,8,1,70,4,2,1,1,55,51,61,0,0,,,,,,,0,0,10,0,3,0,0,0,0,0,4,2,35.66825444444444,139.7970536111111,2,3,,,,
1,30,771,31,2,0,1,30000,0,108,2020,1,10,11,40,12,,,,,1,1,1,14,7,0,23,0,23,3,9,1,70,5,2,1,45,75,51,61,0,0,,,,,,,0,0,10,0,3,0,0,0,0,0,4,2,35.654088888888886,139.7961711111111,6,3,,,,
1,30,772,14,2,0,1,30000,0,108,2020,1,21,9,50,12,,,,,1,1,1,1,1,9,22,0,23,15,9,30,70,5,2,1,55,75,4,61,31,0,,,,,,,3,0,10,0,3,0,2,0,2,0,4,2,35.66828388888889,139.84200916666668,3,3,,,,
1,30,772,15,2,0,1,30000,0,108,2020,1,22,13,9,12,,,,,2,1,1,1,7,9,22,0,23,14,9,30,70,4,2,1,45,65,13,61,31,0,,,,,,,2,0,10,0,4,0,2,0,2,0,4,2,35.69922944444444,139.8234011111111,4,3,,,,
1,30,772,23,2,0,1,30000,0,108,2020,1,28,6,25,23,,,,,3,1,1,1,7,9,22,0,23,11,9,30,70,5,2,1,65,65,3,61,31,0,,,,,,,10,0,10,0,3,0,2,0,2,0,4,2,35.6863475,139.836285,3,3,,,,
1,30,773,2,2,0,1,30000,0,107,2020,1,14,6,8,23,,,,,1,1,1,1,1,9,22,0,23,19,9,30,70,4,2,1,65,75,3,61,31,0,,,,,,,10,0,50,0,4,0,2,0,2,0,4,2,35.70747666666667,139.7984422222222,3,3,,,,
1,30,773,4,2,0,1,30000,0,107,2020,1,26,1,30,22,,,,,1,1,1,1,7,9,22,0,23,11,9,30,70,4,3,1,65,35,3,61,1,0,,,,,,,5,0,10,0,3,0,2,0,2,0,4,2,35.693661388888884,139.8113488888889,1,3,,,,
1,30,774,5,2,0,1,60,75,107,2020,1,4,12,0,12,,,,,1,1,1,1,1,9,22,0,23,18,9,30,70,4,2,1,35,1,36,61,31,0,,,,,,,10,0,10,0,4,0,0,0,0,0,4,2,35.728728333333336,139.82510027777778,7,3,,,,
1,30,774,8,2,0,1,30000,0,107,2020,1,14,7,43,11,,,,,1,1,1,14,1,0,23,0,23,3,9,1,70,4,3,1,65,25,3,61,31,0,,,,,,,2,0,20,0,3,0,2,0,2,0,4,2,35.715224722222224,139.83275388888887,3,3,,,,
1,30,775,5,2,0,1,30000,0,122,2019,11,19,17,45,22,,,,,1,1,1,1,7,9,22,0,23,14,9,30,70,4,2,1,45,35,33,61,31,0,,,,,,,2,0,40,0,3,0,0,0,0,0,4,2,35.75638555555555,139.83083638888888,3,3,,,,
1,30,775,10,2,0,1,30000,0,122,2019,12,24,20,15,22,,,,,1,1,1,14,7,0,23,0,23,3,9,1,70,4,1,1,25,75,34,61,31,0,,,,,,,3,0,20,0,3,0,0,0,0,0,4,2,35.787034999999996,139.85051833333333,3,3,,,,
1,30,775,12,2,0,1,20000,0,122,2020,1,8,22,0,22,,,,,2,1,1,1,1,9,22,0,23,15,9,30,70,4,1,1,35,75,3,61,31,0,,,,,,,2,0,80,0,4,0,2,0,2,0,4,2,35.76027777777778,139.8358663888889,4,3,,,,
1,30,775,13,2,0,1,30000,0,122,2020,1,9,10,55,12,,,,,1,1,1,7,7,0,23,0,23,1,9,1,70,4,2,1,35,75,4,61,31,0,,,,,,,10,0,20,0,4,0,2,0,2,0,4,2,35.778368888888885,139.86931222222222,5,3,,,,
1,30,775,23,2,0,1,20000,0,122,2020,1,31,4,45,22,,,,,1,1,1,1,1,9,22,0,23,15,9,30,70,4,1,1,65,45,3,61,1,0,,,,,,,3,0,10,0,4,0,2,0,2,0,4,2,35.76284416666667,139.8477286111111,6,3,,,,
1,30,775,24,2,0,1,30000,0,122,2020,1,28,12,5,12,,,,,3,1,2,14,7,0,23,0,23,1,9,1,70,5,2,1,55,45,3,61,31,0,,,,,,,2,0,10,0,4,0,2,0,2,0,4,2,35.780340833333334,139.8615311111111,3,3,,,,
1,30,776,14,2,0,1,60,85,122,2020,1,28,21,25,22,,,,,3,1,2,7,1,0,23,0,23,3,9,1,70,1,2,1,55,45,3,61,31,0,,,,,,,5,0,10,0,3,0,2,0,2,0,4,2,35.735214722222224,139.83362944444445,3,3,,,,
1,30,777,20,2,0,1,30520,0,123,2020,1,12,1,48,22,,,,,1,1,1,14,7,0,23,0,23,3,9,1,70,4,2,1,45,45,3,61,31,0,,,,,,,2,0,10,0,2,0,2,0,2,0,4,2,35.68767444444444,139.88223027777778,1,2,,,,
1,30,777,22,2,0,1,30000,0,123,2020,1,10,6,25,23,,,,,2,1,1,7,8,0,23,0,23,2,9,1,70,5,2,1,45,45,3,61,31,0,,,,,,,2,0,50,0,3,0,2,0,2,0,4,2,35.70337138888889,139.90910277777778,6,3,,,,
1,30,777,24,2,0,1,30000,0,123,2020,1,13,13,10,12,,,,,1,1,1,1,1,9,22,0,23,14,9,30,70,5,2,1,45,1,51,61,0,0,,,,,,,0,0,10,0,4,0,0,0,0,0,4,2,35.692437777777776,139.8974433333333,2,1,,,,
1,30,777,26,2,0,1,30000,0,123,2020,1,15,8,0,12,,,,,2,1,2,1,1,9,22,0,23,11,9,20,70,4,1,1,45,1,2,61,31,0,,,,,,,10,0,10,0,3,0,2,0,2,0,4,2,35.695769444444444,139.84877555555556,4,3,,,,
1,30,777,29,2,0,1,95000,0,123,2020,1,16,12,45,12,,,,,1,1,1,1,7,9,22,0,23,11,9,30,70,5,3,1,45,55,51,61,0,0,,,,,,,0,0,10,0,3,0,0,0,0,0,4,2,35.70719527777778,139.86897555555555,5,3,,,,
1,30,777,32,2,0,1,30000,0,123,2020,1,17,12,43,12,,,,,1,1,1,14,7,0,23,0,23,1,9,1,70,4,2,1,55,75,51,61,0,0,,,,,,,0,0,10,0,4,0,0,0,0,0,4,2,35.69817527777777,139.89042555555554,6,3,,,,
1,30,777,35,2,0,1,141,0,123,2020,1,18,6,25,23,,,,,3,1,2,14,7,0,23,0,23,3,9,1,70,4,1,1,1,65,51,61,0,0,,,,,,,0,0,10,0,3,0,0,0,0,0,4,2,35.70587333333334,139.86777222222224,7,3,,,,
1,30,777,42,2,0,1,30000,0,123,2020,1,24,13,15,12,,,,,1,1,1,14,7,0,23,0,23,3,9,1,70,4,3,1,65,55,4,61,31,0,,,,,,,2,0,40,0,3,0,2,0,2,0,4,2,35.709227777777784,139.8708975,6,3,,,,
1,30,777,43,2,0,1,30000,0,123,2020,1,24,19,55,22,,,,,1,1,1,14,7,0,23,0,23,3,9,1,70,4,3,1,65,65,51,61,0,0,,,,,,,0,0,10,0,3,0,0,0,0,0,4,2,35.71090805555556,139.87008,6,3,,,,
1,30,778,6,2,0,1,10290,0,123,2020,1,7,18,40,22,,,,,3,1,2,7,1,0,23,0,23,5,9,1,70,1,3,1,65,1,3,61,31,0,,,,,,,4,0,10,0,4,0,2,0,2,0,4,2,35.736291944444446,139.89281805555555,3,3,,,,
1,30,778,10,2,0,1,30000,0,123,2020,1,15,12,30,12,,,,,3,1,2,1,7,9,22,0,23,11,9,30,70,4,2,1,55,45,51,61,0,0,,,,,,,0,0,40,0,4,0,0,0,0,0,4,2,35.74041805555556,139.8803452777778,4,3,,,,
1,30,778,13,2,0,1,30000,0,123,2020,1,28,21,22,22,,,,,3,1,2,1,1,9,22,0,23,15,9,30,70,4,2,1,45,55,3,61,31,0,,,,,,,2,0,10,0,2,0,2,0,2,0,4,2,35.742422222222224,139.8916936111111,3,3,,,,
1,30,779,1,1,1,0,10350,0,123,2020,1,5,6,56,11,,,,,1,1,3,12,7,0,23,0,23,3,8,1,70,5,1,1,65,55,13,61,31,0,,,,,,,4,0,10,0,3,0,2,0,2,0,4,1,35.66546583333333,139.88674944444443,1,3,,,,
1,30,779,6,2,0,1,10130,0,123,2019,10,24,23,30,22,,,,,2,1,2,14,1,0,23,0,23,6,9,20,70,1,2,1,1,1,34,61,31,0,,,,,,,4,0,10,0,3,0,0,0,0,0,4,2,35.66381805555555,139.87317361111113,5,3,,,,
1,30,779,7,2,0,1,30000,0,123,2019,10,28,15,36,12,,,,,1,1,1,1,7,9,22,0,23,15,9,30,70,4,2,1,45,55,3,61,1,0,,,,,,,2,0,10,0,3,0,2,0,2,0,4,2,35.66506638888889,139.85969472222223,2,3,,,,
1,30,779,25,2,0,1,30000,0,123,2020,1,14,13,25,12,,,,,1,1,1,1,1,9,22,0,23,14,9,20,70,5,2,1,35,75,1,61,1,0,,,,,,,3,0,0,0,4,0,2,0,2,0,4,2,35.67917861111111,139.87275666666667,3,3,,,,
1,30,779,27,2,0,1,30000,0,123,2020,1,15,18,30,22,,,,,1,1,1,1,1,9,22,0,23,14,9,30,70,4,2,1,65,65,3,61,31,0,,,,,,,3,0,50,0,3,0,2,0,2,0,4,2,35.657379999999996,139.86076166666666,4,3,,,,
1,30,779,31,2,0,1,30000,0,123,2020,1,18,21,50,22,,,,,3,1,2,14,7,0,23,0,23,3,9,1,70,5,2,1,45,25,3,61,31,0,,,,,,,2,0,10,0,4,0,2,0,2,0,4,2,35.66806861111111,139.86087722222223,7,3,,,,
1,30,779,39,2,0,1,30000,0,123,2020,1,26,17,30,21,,,,,1,1,1,14,7,0,23,0,23,3,9,1,70,1,4,1,75,55,3,61,31,0,,,,,,,3,0,10,0,4,0,2,0,2,0,4,2,35.643547777777776,139.87637750000002,1,3,,,,
1,30,779,41,2,0,1,30000,0,123,2020,1,12,15,5,12,,,,,2,1,1,1,7,9,22,0,23,17,9,30,70,4,2,1,35,35,3,61,31,0,,,,,,,2,0,40,0,3,0,2,0,2,0,4,2,35.670415,139.85614972222223,1,2,,,,
1,30,876,2,2,0,1,10490,0,209,2019,12,21,11,55,12,,,,,2,1,1,1,8,9,22,0,23,11,9,30,70,4,2,1,35,25,3,61,31,0,,,,,,,2,0,10,0,3,0,2,0,2,0,4,2,35.591703333333335,139.3818777777778,7,3,,,,
1,30,876,6,2,0,1,30000,0,201,2019,11,10,17,35,21,,,,,1,1,1,7,1,0,23,0,23,2,9,1,70,4,1,1,65,55,3,61,31,0,,,,,,,3,0,10,0,3,0,2,0,2,0,4,2,35.623375277777775,139.40110083333335,1,3,,,,
1,30,876,11,2,0,1,30000,0,209,2020,1,3,10,47,12,,,,,1,1,1,1,1,9,22,0,23,15,8,30,70,4,1,1,25,75,3,61,31,0,,,,,,,3,0,0,0,4,0,2,0,2,0,4,2,35.605000555555556,139.36088916666665,6,3,,,,
1,30,876,12,2,0,1,30000,0,201,2020,1,4,18,10,22,,,,,1,1,1,7,1,0,23,0,23,1,9,1,70,4,2,1,45,1,3,61,31,0,,,,,,,2,0,50,0,4,0,2,0,2,0,4,2,35.639539166666665,139.42154527777777,7,3,,,,
1,30,876,14,2,0,1,30000,0,201,2020,1,5,10,58,12,,,,,1,2,1,1,1,9,22,0,23,14,9,30,70,4,2,1,45,65,3,61,31,0,,,,,,,3,0,80,0,3,0,2,0,2,0,4,2,35.63792222222222,139.35836416666666,1,3,,,,
1,30,876,24,2,0,1,160,0,209,2020,1,14,23,17,22,,,,,2,1,1,14,7,0,23,0,23,4,9,1,70,4,1,1,35,25,4,61,31,0,,,,,,,4,0,10,0,2,0,2,0,2,0,4,2,35.610504166666665,139.34434111111113,3,3,,,,