資料区分,都道府県コード,警察署等コード,本票番号,事故内容,死者数,負傷者数,路線コード,地点コード,市区町村コード,発生日時　　年,発生日時　　月,発生日時　　日,発生日時　　時,発生日時　　分,昼夜,日の出時刻　　時,日の出時刻　　分,日の入り時刻　　時,日の入り時刻　　分,天候,地形,路面状態,道路形状,信号機,一時停止規制　標識（当事者A）,一時停止規制　表示（当事者A）,一時停止規制　標識（当事者B）,一時停止規制　表示（当事者B）,車道幅員,道路線形,衝突地点,ゾーン規制,中央分離帯施設等,歩車道区分,事故類型,年齢（当事者A）,年齢（当事者B）,当事者種別（当事者A）,当事者種別（当事者B）,用途別（当事者A）,用途別（当事者B）,車両形状等（当事者A）,車両形状等（当事者B）,オートマチック車（当事者A）,オートマチック車（当事者B）,サポカー（当事者A）,サポカー（当事者B）,速度規制（指定のみ）（当事者A）,速度規制（指定のみ）（当事者B）,車両の衝突部位（当事者A）,車両の衝突部位（当事者B）,車両の損壊程度（当事者A）,車両の損壊程度（当事者B）,エアバッグの装備（当事者A）,エアバッグの装備（当事者B）,サイドエアバッグの装備（当事者A）,サイドエアバッグの装備（当事者B）,人身損傷程度（当事者A）,人身損傷程度（当事者B）,lat,lon,曜日(発生年月日),祝日(発生年月日),認知機能検査経過日数（当事者A）,認知機能検査経過日数（当事者B）,運転練習の方法（当事者A）,運転練習の方法（当事者B）
1,30,876,25,2,0,1,30000,0,201,2020,1,15,17,15,21,,,,,1,1,1,1,1,9,22,0,23,15,9,30,70,4,1,1,45,65,4,61,31,0,,,,,,,2,0,40,0,3,0,2,0,2,0,4,2,35.632465833333335,139.41696444444443,4,3,,,,
1,30,876,27,2,0,1,10490,0,209,2020,1,21,5,50,23,,,,,1,2,1,1,1,9,22,0,23,15,9,30,70,4,1,1,45,45,12,61,1,0,,,,,,,3,0,10,0,3,0,2,0,2,0,4,2,35.602829444444446,139.34893472222222,3,3,,,,
1,30,876,28,2,0,1,30000,0,201,2020,1,21,9,45,12,,,,,1,2,1,1,7,9,22,0,23,14,9,30,70,5,3,1,45,55,3,61,1,0,,,,,,,2,0,10,0,3,0,2,0,2,0,4,2,35.651671666666665,139.3479938888889,3,3,,,,
1,30,876,32,2,0,1,30000,0,201,2020,1,26,19,0,22,,,,,2,1,1,1,7,9,22,0,23,11,9,30,70,4,2,1,55,55,3,61,31,0,,,,,,,5,0,50,0,3,0,2,0,2,0,4,2,35.64463333333333,139.3569886111111,1,3,,,,
1,30,877,4,2,0,1,30000,0,201,2019,11,23,23,30,22,,,,,3,2,2,1,1,9,22,0,23,15,9,30,70,1,2,1,25,1,3,61,31,0,,,,,,,3,0,80,0,4,0,2,0,2,0,4,2,35.63826916666667,139.3092611111111,7,1,,,,
1,30,877,12,2,0,1,30000,0,201,2020,1,11,11,35,12,,,,,1,1,1,1,1,9,22,0,23,18,9,30,70,1,1,1,75,65,3,61,31,0,,,,,,,3,0,10,0,3,0,2,0,2,0,4,2,35.63644,139.3106341666667,7,3,,,,
1,30,877,18,2,0,1,30000,0,201,2020,1,21,19,30,22,,,,,1,2,1,14,7,0,23,0,23,3,9,20,70,4,2,1,55,1,36,61,31,0,,,,,,,2,0,14,0,3,0,0,0,0,0,4,2,35.63598666666667,139.30852222222222,3,3,,,,
1,30,877,25,2,0,1,30000,0,201,2020,1,29,18,45,22,,,,,1,1,1,1,1,9,22,0,23,18,9,30,70,5,4,1,55,45,4,61,31,0,,,,,,,3,0,10,0,3,0,2,0,2,0,4,2,35.650550555555554,139.30483444444445,4,3,,,,
1,30,878,16,2,0,1,30000,0,225,2020,1,6,8,40,12,,,,,1,2,1,1,1,9,22,0,23,15,9,30,70,4,2,1,45,25,3,61,31,0,,,,,,,3,0,20,0,3,0,2,0,2,0,4,2,35.64964333333333,139.49048277777777,2,3,,,,
1,30,878,29,2,0,1,99000,0,224,2020,1,18,18,48,22,,,,,3,2,2,0,7,0,23,0,23,0,0,20,70,0,4,1,25,35,4,61,31,0,,,,,,,10,0,30,0,2,0,2,0,2,0,4,2,35.63538361111111,139.4481613888889,7,3,,,,
1,30,878,32,2,0,1,30000,0,224,2020,1,15,19,3,22,,,,,1,2,1,1,1,9,22,0,23,11,9,30,70,4,1,1,45,45,3,61,31,0,,,,,,,2,0,10,0,3,0,2,0,2,0,4,2,35.61376361111111,139.40158055555557,4,3,,,,
1,30,878,35,2,0,1,30000,0,225,2020,1,24,6,30,23,,,,,2,2,1,1,7,1,21,0,23,14,9,30,70,5,2,1,45,1,3,61,31,0,,,,,,,5,0,10,0,4,0,2,0,2,0,4,2,35.640926666666665,139.49257555555553,6,3,,,,
1,30,878,43,2,0,1,30000,0,225,2020,1,30,16,0,12,,,,,1,2,1,14,7,0,23,0,23,3,9,1,70,4,2,1,75,35,3,61,31,0,,,,,,,3,0,20,0,3,0,2,0,2,0,4,2,35.64154805555555,139.5190913888889,5,3,,,,
1,30,879,8,2,0,1,30000,0,223,2020,1,7,17,45,22,,,,,3,1,1,7,7,0,23,0,23,3,9,1,70,4,2,1,45,65,4,61,31,0,,,,,,,3,0,50,0,3,0,2,0,2,0,4,2,35.747641111111115,139.37766472222222,3,3,,,,
1,30,879,10,2,0,1,30000,0,220,2020,1,10,21,50,22,,,,,1,2,1,1,7,1,21,0,23,11,9,30,70,4,2,1,55,1,4,61,31,0,,,,,,,2,0,10,0,3,0,2,0,2,0,4,2,35.7650225,139.41738416666666,6,3,,,,
1,30,879,15,2,0,1,10240,0,223,2020,1,14,20,0,22,,,,,1,1,1,1,1,9,22,0,23,14,9,30,70,4,1,1,45,35,14,61,31,0,,,,,,,3,0,10,0,3,0,2,0,2,0,4,2,35.759236111111115,139.37704250000002,3,3,,,,
1,30,879,25,2,0,1,10540,0,220,2020,1,20,18,55,22,,,,,1,1,1,1,1,9,22,0,23,19,9,30,70,1,1,1,75,1,3,61,31,0,,,,,,,3,0,10,0,3,0,2,0,2,0,4,2,35.73844166666667,139.41678027777778,2,3,,,,
1,30,879,28,2,0,1,30000,0,220,2020,1,25,8,55,12,,,,,1,1,1,14,7,0,23,0,23,3,9,1,70,4,3,1,1,1,14,61,1,0,,,,,,,10,0,80,0,3,0,2,0,2,0,4,2,35.745200833333335,139.41929833333333,7,3,,,,
1,30,880,3,2,0,1,30000,0,205,2019,12,3,23,30,22,,,,,1,2,1,1,7,1,21,0,23,11,9,30,70,5,3,1,55,45,4,61,31,0,,,,,,,10,0,10,0,3,0,2,0,2,0,4,2,35.78538611111111,139.30243944444445,3,3,,,,
1,30,880,10,2,0,1,30000,0,205,2020,1,10,20,43,22,,,,,1,1,1,1,7,1,22,0,23,14,9,30,70,4,1,1,35,65,3,61,31,0,,,,,,,10,0,10,0,3,0,2,0,2,0,4,2,35.79387083333333,139.28126,6,3,,,,
1,30,880,16,2,0,1,10530,0,205,2020,1,18,1,25,22,,,,,3,2,2,14,7,0,23,0,23,3,9,1,70,4,2,1,55,25,3,61,1,0,,,,,,,3,0,21,0,3,0,2,0,2,0,4,2,35.784215555555555,139.28165416666667,7,3,,,,
1,30,880,18,2,0,1,10440,0,205,2020,1,20,17,45,21,,,,,1,2,1,14,7,0,23,0,23,3,9,1,70,4,3,1,65,45,3,61,31,0,,,,,,,3,0,40,0,3,0,2,0,2,0,4,2,35.78960194444444,139.3257125,2,3,,,,
1,30,880,21,2,0,1,30000,0,205,2020,1,7,19,30,22,,,,,2,2,1,14,7,0,23,0,23,3,9,1,70,5,2,1,55,1,3,61,31,0,,,,,,,5,0,21,0,4,0,2,0,2,0,4,2,35.78079388888889,139.3176211111111,3,3,,,,
1,30,880,26,2,0,1,30000,0,205,2020,1,28,19,30,22,,,,,3,2,2,1,7,9,22,0,23,15,9,30,70,4,1,1,65,1,4,61,31,0,,,,,,,3,0,80,0,3,0,2,0,2,0,4,2,35.781058055555555,139.31257444444446,3,3,,,,
1,30,880,28,2,0,1,30000,0,205,2020,1,30,9,0,12,,,,,1,2,1,14,7,0,23,0,23,3,9,1,70,4,3,1,75,75,3,61,31,0,,,,,,,2,0,40,0,4,0,2,0,2,0,4,2,35.810235,139.31658361111113,5,3,,,,
1,30,880,30,2,0,1,99000,0,205,2020,1,4,16,40,13,,,,,1,2,1,0,7,0,23,0,23,0,0,20,70,0,4,1,45,45,3,61,31,0,,,,,,,10,0,30,0,3,0,2,0,2,0,4,2,35.78130111111111,139.31748,7,3,,,,
1,30,881,12,2,0,1,30000,0,228,2020,1,25,18,0,21,,,,,1,3,1,7,7,0,23,0,23,3,9,20,70,5,3,1,45,75,4,61,31,0,,,,,,,2,0,50,0,3,0,2,0,2,0,4,2,35.73087666666667,139.22269166666666,7,3,,,,
1,30,882,3,2,0,1,30000,0,218,2019,12,15,2,25,22,,,,,1,3,1,1,7,9,22,0,23,14,9,30,70,5,4,1,65,35,3,61,1,0,,,,,,,10,0,14,0,3,0,2,0,2,0,4,2,35.74348194444445,139.32941916666667,1,3,,,,
1,30,882,27,2,0,1,30000,0,228,2020,1,9,9,10,12,,,,,1,1,1,14,7,0,23,0,23,2,9,1,70,5,3,1,25,25,3,61,31,0,,,,,,,2,0,10,0,3,0,2,0,2,0,4,2,35.72393777777778,139.2738927777778,5,3,,,,
1,30,882,28,2,0,1,30000,0,228,2020,1,18,17,35,21,,,,,3,1,1,7,1,0,23,0,23,2,8,1,70,4,2,1,45,55,4,61,31,0,,,,,,,3,0,10,0,4,0,2,0,2,0,4,2,35.736312500000004,139.2951563888889,7,3,,,,
1,30,882,36,2,0,1,30000,0,303,2020,1,16,21,0,22,,,,,1,1,1,1,7,1,22,0,23,14,9,30,70,4,3,1,25,1,36,61,31,0,,,,,,,1,0,10,0,4,0,0,0,0,0,4,2,35.764723333333336,139.35999833333332,5,3,,,,
1,30,882,38,2,0,1,30000,0,303,2020,1,30,15,40,12,,,,,1,1,1,7,1,0,23,0,23,1,9,1,70,4,2,1,75,1,4,61,31,0,,,,,,,2,0,10,0,3,0,2,0,2,0,4,2,35.76183805555556,139.33843777777778,5,3,,,,
1,30,882,40,2,0,1,95000,0,228,2020,1,19,19,0,22,,,,,1,3,1,0,7,0,23,0,23,0,0,20,70,0,4,1,35,1,3,61,31,0,,,,,,,10,0,25,0,3,0,2,0,2,0,4,2,35.73440138888889,139.28795055555554,1,3,,,,
1,30,883,5,2,0,1,200,449,201,2019,12,8,1,25,22,,,,,1,1,1,7,7,0,23,0,23,3,9,1,70,4,1,1,1,55,36,61,31,0,,,,,,,2,0,10,0,3,0,0,0,0,0,4,2,35.65973944444444,139.3378863888889,1,3,,,,
1,30,883,9,2,0,1,30540,0,201,2019,12,2,17,5,21,,,,,2,2,2,14,7,0,23,0,23,3,9,1,70,4,2,1,45,55,13,61,31,0,,,,,,,3,0,40,0,3,0,2,0,2,0,4,2,35.677502499999996,139.37320416666668,2,3,,,,
1,30,883,11,2,0,1,99000,0,201,2020,1,5,17,40,21,,,,,1,1,1,0,7,0,23,0,23,0,0,20,70,0,4,1,45,65,14,61,1,0,,,,,,,10,0,50,0,4,0,2,0,2,0,4,2,35.666605,139.34086416666668,1,3,,,,
1,30,883,12,2,0,1,30000,0,201,2020,1,6,13,30,12,,,,,1,1,1,1,7,9,22,0,23,14,9,30,70,5,1,1,75,55,3,61,31,0,,,,,,,10,0,10,0,3,0,2,0,2,0,4,2,35.657692499999996,139.3401113888889,2,3,,,,
1,30,883,13,2,0,1,30000,0,201,2020,1,6,16,25,13,,,,,1,1,1,14,7,0,23,0,23,2,9,1,70,4,1,1,35,45,3,61,31,0,,,,,,,3,0,80,0,3,0,2,0,2,0,4,2,35.65000805555555,139.32216666666667,2,3,,,,
1,30,883,26,2,0,1,30000,0,201,2020,1,15,20,20,22,,,,,1,1,1,1,7,9,22,0,23,11,8,30,70,5,3,1,1,55,51,61,0,0,,,,,,,0,0,10,0,3,0,0,0,0,0,4,2,35.675019166666665,139.36072555555555,4,3,,,,
1,30,883,31,2,0,1,30000,0,201,2020,1,20,8,40,12,,,,,1,1,1,1,7,9,22,0,23,14,9,30,70,4,2,1,35,55,17,61,31,0,,,,,,,3,0,10,0,3,0,2,0,2,0,4,2,35.65136555555556,139.33800361111113,2,3,,,,
1,30,883,35,2,0,1,90000,0,201,2020,1,14,8,25,12,,,,,1,2,1,14,7,0,23,0,23,2,9,1,70,5,4,1,45,75,3,61,31,0,,,,,,,10,0,30,0,3,0,2,0,2,0,4,2,35.670880277777776,139.34779111111112,3,3,,,,
1,30,883,43,2,0,1,30000,0,201,2020,1,30,18,30,22,,,,,1,1,1,1,7,9,22,0,23,14,9,20,70,4,2,1,55,55,14,61,31,0,,,,,,,10,0,20,0,3,0,2,0,2,0,4,2,35.67354777777778,139.3608161111111,5,3,,,,
1,30,883,45,2,0,1,30000,0,201,2020,1,31,18,30,22,,,,,1,1,1,14,7,0,23,0,23,1,9,1,70,5,3,1,35,45,3,61,31,0,,,,,,,5,0,40,0,3,0,2,0,2,0,4,2,35.648296944444446,139.33058972222221,6,3,,,,
1,30,884,1,2,0,1,95000,0,209,2019,12,18,6,22,23,,,,,2,1,1,14,7,0,23,0,23,3,9,1,70,1,2,1,55,75,3,61,31,0,,,,,,,2,0,10,0,4,0,2,0,2,0,4,2,35.57383805555556,139.42546555555555,4,3,,,,
1,30,884,4,2,0,1,30000,0,209,2019,11,20,16,55,21,,,,,1,1,2,14,7,0,23,0,23,3,9,1,70,4,4,1,35,75,7,61,31,0,,,,,,,3,0,10,0,3,0,2,0,2,0,4,2,35.56388888888888,139.46332916666665,4,3,,,,
1,30,884,7,2,0,1,30000,0,209,2019,12,22,12,10,12,,,,,2,1,1,1,7,0,23,0,23,11,9,30,70,5,2,1,65,0,61,0,0,0,,,,,,,0,0,0,0,0,0,0,0,0,0,2,0,35.53139916666667,139.46444055555554,1,3,,,,
1,30,884,9,2,0,1,30000,0,209,2019,12,29,10,24,12,,,,,1,1,1,1,7,9,22,0,23,11,9,30,70,5,4,1,65,45,3,61,31,0,,,,,,,10,0,20,0,3,0,2,0,2,0,4,2,35.54539027777778,139.44449777777777,1,3,,,,
1,30,884,10,2,0,1,30000,0,209,2019,12,20,18,30,22,,,,,1,1,1,1,8,9,22,0,23,11,7,30,70,1,2,1,65,35,4,61,31,0,,,,,,,5,0,50,0,3,0,2,0,2,0,4,2,35.593649722222224,139.47239416666667,6,3,,,,
1,30,884,11,2,0,1,99000,0,209,2020,1,2,11,42,12,,,,,1,1,1,0,7,0,23,0,23,0,0,20,70,0,4,1,75,1,3,61,31,0,,,,,,,10,0,20,0,3,0,2,0,2,0,4,2,35.60684472222222,139.45842194444444,5,3,,,,
1,30,884,14,2,0,1,30000,0,209,2020,1,5,13,50,12,,,,,1,2,1,14,7,0,23,0,23,3,9,1,70,4,2,1,45,1,3,61,31,0,,,,,,,2,0,40,0,4,0,2,0,2,0,4,2,35.52466555555556,139.48650777777777,1,3,,,,
1,30,884,15,2,0,1,30000,0,209,2020,1,7,17,55,22,,,,,3,1,2,1,7,9,22,0,23,15,7,30,70,4,2,1,45,45,3,61,31,0,,,,,,,3,0,10,0,4,0,2,0,2,0,4,2,35.60055638888889,139.4716286111111,3,3,,,,
1,30,884,16,2,0,1,10610,0,209,2020,1,8,9,50,12,,,,,3,1,2,1,1,9,22,0,23,15,9,30,70,4,2,1,75,45,3,61,31,0,,,,,,,3,0,10,0,3,0,2,0,2,0,4,2,35.575342222222226,139.45525916666665,4,3,,,,
1,30,884,17,2,0,1,30000,0,209,2020,1,8,19,10,22,,,,,1,1,1,7,1,0,23,0,23,2,9,1,70,5,2,1,55,45,3,61,31,0,,,,,,,3,0,10,0,3,0,2,0,2,0,4,2,35.58981611111111,139.468065,4,3,,,,
1,30,884,18,2,0,1,30000,0,209,2020,1,9,5,50,22,,,,,1,1,1,1,7,9,22,0,23,11,9,20,70,5,4,1,45,55,3,61,31,0,,,,,,,10,0,10,0,3,0,2,0,2,0,4,2,35.58730055555556,139.39405,5,3,,,,
1,30,884,19,2,0,1,30000,0,209,2020,1,9,16,55,21,,,,,1,1,1,7,7,0,23,0,23,2,9,1,70,5,3,1,75,65,3,61,31,0,,,,,,,5,0,10,0,3,0,2,0,2,0,4,2,35.555459166666665,139.47916472222224,5,3,,,,
1,30,884,21,2,0,1,30000,0,209,2020,1,10,17,38,21,,,,,1,1,1,14,7,0,23,0,23,2,9,1,70,5,3,1,35,75,3,61,31,0,,,,,,,2,0,10,0,3,0,2,0,2,0,4,2,35.53582083333333,139.45501166666665,6,3,,,,
1,30,884,26,2,0,1,30000,0,209,2020,1,7,19,25,22,,,,,3,1,2,14,7,0,23,0,23,2,9,1,70,5,4,1,45,45,4,61,31,0,,,,,,,10,0,10,0,4,0,2,0,2,0,4,2,35.58516777777778,139.43370444444446,3,3,,,,
1,30,884,27,2,0,1,30000,0,209,2020,1,11,17,40,21,,,,,1,2,1,14,7,0,23,0,23,2,9,1,1,5,4,1,65,75,35,61,31,0,,,,,,,2,0,10,0,3,0,0,0,0,0,4,2,35.60207361111111,139.46478249999998,7,3,,,,
1,30,884,32,2,0,1,30570,0,209,2020,1,20,8,0,12,,,,,1,1,1,1,1,1,21,0,23,14,9,30,70,5,2,1,65,35,7,61,31,0,,,,,,,3,0,50,0,3,0,2,0,2,0,4,2,35.564993333333334,139.4224458333333,2,3,,,,
1,30,884,34,2,0,1,30000,0,209,2020,1,12,11,30,12,,,,,1,1,1,14,7,0,23,0,23,3,9,1,70,5,4,1,55,45,3,61,31,0,,,,,,,5,0,10,0,3,0,2,0,2,0,4,2,35.52643972222222,139.4710975,1,2,,,,
1,30,884,36,2,0,1,10610,0,209,2020,1,13,22,24,22,,,,,1,1,1,7,7,0,23,0,23,3,9,20,70,5,1,1,25,1,3,61,1,0,,,,,,,3,0,10,0,3,0,2,0,2,0,4,2,35.583917500000005,139.47459138888888,2,1,,,,
1,30,884,38,2,0,1,30000,0,209,2020,1,27,14,25,12,,,,,2,1,1,7,1,0,23,0,23,3,9,1,70,4,1,1,1,55,3,61,31,0,,,,,,,3,0,10,0,3,0,2,0,2,0,4,2,35.55611388888889,139.45506416666666,2,3,,,,
1,30,884,39,2,0,1,30000,0,209,2020,1,27,21,15,22,,,,,3,1,2,1,1,9,22,0,23,14,9,30,70,5,2,1,65,35,4,61,31,0,,,,,,,3,0,10,0,3,0,2,0,2,0,4,2,35.538850555555555,139.47369416666666,2,3,,,,
1,30,884,43,2,0,1,30000,0,209,2020,1,30,8,25,12,,,,,1,1,1,14,7,0,23,0,23,2,8,20,70,5,2,1,75,45,3,61,31,0,,,,,,,5,0,10,0,3,0,2,0,2,0,4,2,35.56315472222222,139.46426305555553,5,3,,,,
1,30,884,46,2,0,1,30560,0,209,2020,1,31,22,28,22,,,,,1,1,1,14,7,0,23,0,23,5,9,1,70,4,2,1,25,55,3,61,1,0,,,,,,,3,0,10,0,3,0,2,0,2,0,4,2,35.54439,139.4433036111111,6,3,,,,
1,30,885,15,2,0,1,10510,0,212,2020,1,7,13,25,12,,,,,2,1,1,14,7,0,23,0,23,3,9,1,70,5,2,1,65,65,51,61,0,0,,,,,,,0,0,10,0,3,0,0,0,0,0,4,2,35.659080555555555,139.41545583333334,3,3,,,,
1,30,885,19,2,0,1,99000,0,212,2020,1,11,12,55,12,,,,,1,3,1,0,7,0,23,0,23,0,0,20,70,0,4,1,65,45,3,61,31,0,,,,,,,10,0,80,0,3,0,2,0,2,0,4,2,35.66238861111111,139.38069944444445,7,3,,,,
1,30,885,27,2,0,1,10510,0,212,2020,1,16,17,50,21,,,,,1,3,1,7,7,0,23,0,23,2,9,1,70,4,2,1,75,75,51,61,0,0,,,,,,,0,0,10,0,3,0,0,0,0,0,4,2,35.65734166666667,139.42759527777775,5,3,,,,
1,30,885,30,2,0,1,30000,0,212,2020,1,19,10,50,12,,,,,1,3,1,14,7,0,23,0,23,3,9,1,70,4,3,1,55,25,3,61,31,0,,,,,,,2,0,10,0,3,0,2,0,2,0,4,2,35.68127027777778,139.3916625,1,3,,,,
1,30,885,35,2,0,1,10510,0,212,2020,1,22,6,20,23,,,,,2,3,1,1,1,9,22,0,23,11,9,30,70,4,2,1,65,35,4,61,31,0,,,,,,,3,0,40,0,4,0,2,0,2,0,4,2,35.662056944444444,139.4112213888889,4,3,,,,
1,30,885,41,2,0,1,30000,0,212,2020,1,24,17,37,21,,,,,1,2,1,13,7,0,23,0,23,3,2,1,70,5,4,1,55,75,4,61,31,0,,,,,,,2,0,20,0,3,0,2,0,2,0,4,2,35.661276944444445,139.3954136111111,6,3,,,,
1,30,885,43,2,0,1,30000,0,212,2020,1,26,10,15,12,,,,,2,2,2,14,7,0,23,0,23,3,9,1,70,1,2,1,25,35,14,61,1,0,,,,,,,2,0,20,0,3,0,2,0,2,0,4,2,35.652566388888886,139.37618361111112,1,3,,,,
1,30,886,2,2,0,1,95000,0,207,2020,1,4,17,50,22,,,,,1,1,1,1,1,9,22,0,23,15,9,30,70,4,2,1,65,65,3,61,31,0,,,,,,,3,0,10,0,4,0,2,0,2,0,4,2,35.72431805555556,139.36403444444443,7,3,,,,
1,30,886,50,2,0,1,30000,0,207,2020,1,28,17,40,21,,,,,3,1,2,1,7,9,22,0,23,15,9,30,70,4,2,1,65,55,3,61,31,0,,,,,,,3,0,10,0,4,0,2,0,2,0,4,2,35.71427861111111,139.37219861111112,3,3,,,,
1,30,887,1,2,0,1,30000,0,202,2019,12,25,8,33,12,,,,,2,1,1,14,7,0,23,0,23,1,9,1,70,4,3,1,75,25,3,61,31,0,,,,,,,3,0,10,0,4,0,2,0,2,0,4,2,35.693868055555555,139.41013111111113,4,3,,,,
1,30,887,9,2,0,1,30000,0,215,2020,1,10,8,10,12,,,,,1,2,1,1,7,9,22,0,23,14,9,30,70,4,2,1,65,55,3,61,31,0,,,,,,,10,0,10,0,4,0,2,0,2,0,4,2,35.70052416666667,139.4391402777778,6,3,,,,
1,30,887,13,2,0,1,30000,0,202,2020,1,11,14,0,12,,,,,1,2,1,14,7,0,23,0,23,2,9,1,70,4,2,1,45,1,51,61,0,0,,,,,,,0,0,10,0,3,0,0,0,0,0,4,2,35.69862138888889,139.41171694444446,7,3,,,,
1,30,887,14,2,0,1,30000,0,202,2020,1,11,11,45,12,,,,,1,1,1,14,7,0,23,0,23,3,9,1,70,5,2,1,1,65,51,61,0,0,,,,,,,0,0,10,0,4,0,0,0,0,0,4,2,35.697205,139.4138352777778,7,3,,,,
1,30,887,15,2,0,1,30000,0,202,2020,1,15,10,5,12,,,,,3,2,2,7,1,0,23,0,23,4,9,1,70,4,2,1,55,25,14,61,1,0,,,,,,,2,0,10,0,3,0,2,0,2,0,4,2,35.691649722222216,139.42546277777777,4,3,,,,
1,30,887,16,2,0,1,30000,0,202,2020,1,15,18,0,22,,,,,2,2,1,7,1,0,23,0,23,4,9,1,70,4,2,1,55,1,14,61,31,0,,,,,,,2,0,20,0,3,0,2,0,2,0,4,2,35.72825916666667,139.40025194444445,4,3,,,,
1,30,887,23,2,0,1,95000,0,202,2020,1,14,14,0,12,,,,,1,1,1,0,7,0,23,0,23,0,0,20,70,0,4,1,25,25,3,61,31,0,,,,,,,10,0,40,0,3,0,2,0,2,0,4,2,35.71196583333334,139.41864694444445,3,3,,,,
1,30,887,29,2,0,1,30000,0,202,2020,1,21,18,55,22,,,,,1,2,1,1,7,9,22,0,23,14,9,30,70,4,2,1,55,75,3,61,31,0,,,,,,,3,0,10,0,3,0,2,0,2,0,4,2,35.73509194444445,139.37625944444446,3,3,,,,
1,30,887,30,2,0,1,30000,0,215,2020,1,17,18,30,22,,,,,1,1,1,1,7,9,22,0,23,14,9,30,70,4,2,1,65,55,3,61,31,0,,,,,,,2,0,10,0,4,0,2,0,2,0,4,2,35.681890555555555,139.44583055555555,6,3,,,,
1,30,887,35,2,0,1,30000,0,215,2020,1,28,21,45,22,,,,,3,1,2,1,1,9,22,0,23,14,9,30,70,4,2,1,35,25,3,61,31,0,,,,,,,3,0,10,0,3,0,2,0,2,0,4,2,35.69060972222222,139.44679805555555,3,3,,,,
1,30,887,36,2,0,1,10520,0,202,2020,1,29,6,0,23,,,,,2,2,2,1,1,9,22,0,23,15,9,30,70,4,2,1,65,75,17,61,1,0,,,,,,,3,0,10,0,4,0,2,0,2,0,4,2,35.696306111111106,139.41901777777778,4,3,,,,
1,30,887,39,2,0,1,20890,0,215,2020,1,28,17,25,21,,,,,3,2,2,1,1,9,22,0,23,15,9,30,70,4,2,1,25,65,3,61,31,0,,,,,,,4,0,10,0,4,0,2,0,2,0,4,2,35.68226083333333,139.43168416666666,3,3,,,,
1,30,887,42,2,0,1,30000,0,202,2020,1,30,7,10,11,,,,,1,1,1,14,7,0,23,0,23,4,9,1,70,4,2,1,35,1,17,61,1,0,,,,,,,3,0,10,0,3,0,2,0,2,0,4,2,35.69501805555555,139.41416944444444,5,3,,,,
1,30,887,45,2,0,1,30000,0,202,2020,1,28,19,40,22,,,,,3,2,1,1,1,9,22,0,23,15,9,30,70,4,2,1,1,1,3,61,31,0,,,,,,,3,0,40,0,4,0,2,0,2,0,4,2,35.726375833333336,139.410035,3,3,,,,
1,30,888,9,2,0,1,20890,0,206,2020,1,19,2,0,22,,,,,1,1,2,1,7,1,21,0,23,11,9,30,70,4,2,1,45,55,17,61,1,0,,,,,,,2,0,10,0,3,0,2,0,2,0,4,2,35.66954583333333,139.49363805555555,1,3,,,,
1,30,888,10,2,0,1,99000,0,206,2020,1,20,10,35,12,,,,,1,1,1,0,7,0,23,0,23,0,0,20,70,0,4,1,65,75,14,61,31,0,,,,,,,10,0,70,0,3,0,2,0,2,0,4,2,35.66793916666666,139.5088411111111,2,3,,,,
1,30,888,11,2,0,1,30000,0,206,2020,1,20,18,20,22,,,,,1,1,1,14,7,0,23,0,23,1,9,1,70,5,4,1,35,55,51,61,0,0,,,,,,,0,0,10,0,3,0,0,0,0,0,4,2,35.68151444444444,139.4744713888889,2,3,,,,
1,30,888,12,2,0,1,30000,0,206,2020,1,22,7,47,12,,,,,2,1,1,14,7,0,23,0,23,1,7,1,70,4,1,1,45,1,14,61,31,0,,,,,,,2,0,10,0,3,0,2,0,2,0,4,2,35.67883,139.46681833333332,4,3,,,,
1,30,889,2,2,0,1,30000,0,214,2019,12,18,15,35,13,,,,,1,1,1,1,7,9,22,0,23,15,9,30,70,5,3,1,75,35,3,61,31,0,,,,,,,5,0,40,0,4,0,2,0,2,0,4,2,35.701322222222224,139.44795305555556,4,3,,,,
1,30,889,7,2,0,4,30000,0,214,2019,12,13,19,45,22,,,,,1,1,1,14,7,0,23,0,23,2,9,1,70,5,4,1,45,65,3,61,31,0,,,,,,,10,0,10,0,1,0,1,0,2,0,2,2,35.701550277777784,139.48169944444444,6,3,,,,
1,30,889,14,2,0,1,30000,0,210,2020,1,10,8,20,12,,,,,1,1,1,14,7,0,23,0,23,1,9,1,70,4,2,1,1,65,51,61,0,0,,,,,,,0,0,10,0,4,0,0,0,0,0,4,2,35.687617777777774,139.52293833333334,6,3,,,,
1,30,889,24,2,0,1,30000,0,214,2020,1,28,8,0,12,,,,,3,1,2,14,7,0,23,0,23,3,9,1,70,4,2,1,35,1,51,61,0,0,,,,,,,0,0,10,0,3,0,0,0,0,0,4,2,35.706071111111115,139.44262944444444,3,3,,,,
1,30,890,5,2,0,1,30000,0,229,2019,12,28,9,25,12,,,,,1,1,1,7,7,0,23,0,23,2,9,1,70,5,2,1,55,35,4,61,31,0,,,,,,,5,0,10,0,4,0,2,0,2,0,4,2,35.750373333333336,139.54383194444443,7,3,,,,
1,30,890,13,2,0,1,99000,0,229,2020,1,7,6,35,23,,,,,1,1,1,0,7,0,23,0,23,0,0,20,70,0,4,1,35,55,13,61,31,0,,,,,,,10,0,30,0,3,0,2,0,2,0,4,2,35.72990083333333,139.52760361111112,3,3,,,,