資料区分,都道府県コード,警察署等コード,本票番号,事故内容,死者数,負傷者数,路線コード,地点コード,市区町村コード,発生日時　　年,発生日時　　月,発生日時　　日,発生日時　　時,発生日時　　分,昼夜,日の出時刻　　時,日の出時刻　　分,日の入り時刻　　時,日の入り時刻　　分,天候,地形,路面状態,道路形状,信号機,一時停止規制　標識（当事者A）,一時停止規制　表示（当事者A）,一時停止規制　標識（当事者B）,一時停止規制　表示（当事者B）,車道幅員,道路線形,衝突地点,ゾーン規制,中央分離帯施設等,歩車道区分,事故類型,年齢（当事者A）,年齢（当事者B）,当事者種別（当事者A）,当事者種別（当事者B）,用途別（当事者A）,用途別（当事者B）,車両形状等（当事者A）,車両形状等（当事者B）,オートマチック車（当事者A）,オートマチック車（当事者B）,サポカー（当事者A）,サポカー（当事者B）,速度規制（指定のみ）（当事者A）,速度規制（指定のみ）（当事者B）,車両の衝突部位（当事者A）,車両の衝突部位（当事者B）,車両の損壊程度（当事者A）,車両の損壊程度（当事者B）,エアバッグの装備（当事者A）,エアバッグの装備（当事者B）,サイドエアバッグの装備（当事者A）,サイドエアバッグの装備（当事者B）,人身損傷程度（当事者A）,人身損傷程度（当事者B）,lat,lon,曜日(発生年月日),祝日(発生年月日),認知機能検査経過日数（当事者A）,認知機能検査経過日数（当事者B）,運転練習の方法（当事者A）,運転練習の方法（当事者B）
1,30,890,18,2,0,1,95000,0,222,2020,1,4,10,30,12,,,,,1,1,1,1,1,9,22,0,23,14,9,30,70,4,2,1,75,75,3,61,31,0,,,,,,,3,0,50,0,3,0,2,0,2,0,4,2,35.750975277777776,139.50686166666668,7,3,,,,
1,30,890,23,2,0,1,30000,0,229,2020,1,14,13,18,12,,,,,1,1,1,1,7,1,22,0,23,15,9,30,70,4,1,1,75,55,3,61,31,0,,,,,,,3,0,10,0,3,0,2,0,2,0,4,2,35.730584444444446,139.5401997222222,3,3,,,,
1,30,890,24,2,0,1,30000,0,222,2020,1,15,7,55,12,,,,,2,1,2,14,7,0,23,0,23,2,9,1,70,4,2,1,45,1,35,61,31,0,,,,,,,2,0,10,0,3,0,0,0,0,0,4,2,35.7588975,139.5257613888889,4,3,,,,
1,30,890,25,2,0,1,10250,0,229,2020,1,17,9,15,12,,,,,2,1,1,7,1,0,23,0,23,2,9,1,70,4,1,1,25,25,3,61,31,0,,,,,,,1,0,10,0,3,0,2,0,2,0,4,2,35.73196083333333,139.5389136111111,6,3,,,,
1,30,890,27,2,0,1,20000,0,222,2020,1,18,9,20,12,,,,,5,1,2,1,1,9,22,0,23,15,9,30,70,4,2,1,45,35,3,61,31,0,,,,,,,3,0,10,0,3,0,2,0,2,0,4,2,35.743205277777776,139.52577194444447,7,3,,,,
1,30,890,28,2,0,1,30000,0,222,2020,1,18,9,35,12,,,,,5,1,2,1,1,9,22,0,23,15,9,30,70,4,2,1,65,55,3,61,1,0,,,,,,,3,0,10,0,3,0,2,0,2,0,4,2,35.75900277777778,139.52014416666668,7,3,,,,
1,30,890,29,2,0,1,30000,0,229,2020,1,17,5,47,22,,,,,1,1,1,14,7,0,23,0,23,4,9,1,70,4,2,1,45,0,61,0,0,0,,,,,,,0,0,0,0,0,0,0,0,0,0,2,0,35.74709333333333,139.54781305555557,6,3,,,,
1,30,890,30,2,0,1,20000,0,229,2020,1,20,18,20,22,,,,,1,1,1,14,7,0,23,0,23,2,9,1,70,4,3,1,35,1,3,61,31,0,,,,,,,2,0,10,0,3,0,2,0,2,0,4,2,35.74592138888889,139.56274472222222,2,3,,,,
1,30,890,34,2,0,1,99000,0,229,2020,1,24,12,32,12,,,,,2,1,1,0,7,0,23,0,23,0,0,20,70,0,4,1,25,45,4,61,31,0,,,,,,,10,0,30,0,3,0,2,0,2,0,4,2,35.74022388888889,139.54371527777778,6,3,,,,
1,30,890,37,2,0,1,95000,0,222,2020,1,16,18,5,22,,,,,1,1,1,1,1,9,22,0,23,18,9,30,70,4,2,1,65,1,3,61,31,0,,,,,,,3,0,10,0,3,0,2,0,2,0,4,2,35.74355805555555,139.50268527777777,5,3,,,,
1,30,890,40,2,0,1,30000,0,222,2020,1,17,11,45,12,,,,,1,1,1,7,1,0,23,0,23,2,9,1,70,4,2,1,45,35,3,61,31,0,,,,,,,4,0,10,0,3,0,2,0,2,0,4,2,35.75875277777778,139.5114575,6,3,,,,
1,30,890,42,2,0,1,30000,0,229,2020,1,29,13,28,12,,,,,1,1,1,7,1,0,23,0,23,2,9,1,70,4,2,1,45,75,17,61,1,0,,,,,,,2,0,10,0,2,0,2,0,2,0,4,2,35.74212361111111,139.54008694444445,4,3,,,,
1,30,890,55,2,0,1,30000,0,222,2020,1,28,19,50,22,,,,,3,1,2,7,7,0,23,0,23,2,9,1,70,5,4,1,65,45,3,61,31,0,,,,,,,10,0,50,0,3,0,2,0,2,0,4,2,35.76327722222222,139.53191583333336,3,3,,,,
1,30,891,1,1,1,0,30000,0,221,2020,1,20,4,55,22,,,,,1,1,1,14,7,0,23,0,23,3,9,20,70,4,2,1,25,65,3,61,31,0,,,,,,,2,0,10,0,3,0,2,0,2,0,4,1,35.771543888888885,139.51005166666667,2,3,,,,
1,30,891,2,2,0,1,30000,0,213,2019,11,22,19,20,22,,,,,3,2,2,14,7,0,23,0,23,1,9,1,70,5,3,1,25,25,36,61,31,0,,,,,,,1,0,10,0,3,0,0,0,0,0,4,2,35.75082527777778,139.48069055555555,6,2,,,,
1,30,891,4,2,0,1,30000,0,213,2020,1,8,9,48,12,,,,,3,1,1,14,7,0,23,0,23,3,9,1,70,4,2,1,55,75,14,61,31,0,,,,,,,3,0,10,0,3,0,2,0,2,0,4,2,35.760757222222225,139.4743288888889,4,3,,,,
1,30,891,5,2,0,1,30000,0,221,2020,1,8,17,15,21,,,,,1,1,2,7,7,0,23,0,23,3,9,1,70,5,3,1,35,55,13,61,31,0,,,,,,,2,0,50,0,3,0,2,0,2,0,4,2,35.7782225,139.50421972222222,4,3,,,,
1,30,891,7,2,0,1,30000,0,221,2020,1,9,17,20,21,,,,,1,1,1,14,7,0,23,0,23,3,9,1,70,5,2,1,65,75,3,61,31,0,,,,,,,10,0,10,0,4,0,2,0,2,0,4,2,35.76502027777778,139.5094961111111,5,3,,,,
1,30,891,10,2,0,1,30610,0,213,2020,1,13,15,20,12,,,,,1,2,1,1,1,9,22,0,23,15,9,30,70,4,2,1,35,75,3,61,31,0,,,,,,,3,0,10,0,3,0,2,0,2,0,4,2,35.74483055555556,139.45472833333332,2,1,,,,
1,30,891,18,2,0,1,30000,0,213,2020,1,17,16,37,13,,,,,1,1,1,1,7,9,22,0,23,15,9,30,70,5,2,1,45,65,3,61,31,0,,,,,,,3,0,50,0,4,0,2,0,2,0,4,2,35.76947638888889,139.46963083333333,6,3,,,,
1,30,891,19,2,0,1,30000,0,213,2020,1,18,20,35,22,,,,,3,1,2,7,3,0,23,0,23,3,9,20,70,4,2,1,55,65,3,61,31,0,,,,,,,3,0,10,0,3,0,2,0,2,0,4,2,35.76927305555555,139.4864586111111,7,3,,,,
1,30,891,22,2,0,1,30000,0,213,2020,1,24,6,20,23,,,,,2,2,1,1,1,9,22,0,23,15,9,30,70,4,2,1,55,55,14,61,31,0,,,,,,,3,0,10,0,3,0,2,0,2,0,4,2,35.75548111111111,139.45783305555554,6,3,,,,
1,30,891,23,2,0,1,30000,0,213,2020,1,24,18,25,22,,,,,1,2,1,1,1,9,22,0,23,14,9,30,70,4,2,1,55,45,3,61,31,0,,,,,,,2,0,10,0,3,0,2,0,2,0,4,2,35.74109,139.4748152777778,6,3,,,,
1,30,891,31,2,0,1,10590,0,213,2020,1,28,17,30,21,,,,,3,1,2,1,7,9,22,0,23,14,9,30,70,4,2,1,65,35,13,61,31,0,,,,,,,3,0,10,0,4,0,2,0,2,0,4,2,35.77347722222222,139.4962061111111,3,3,,,,
1,30,892,3,2,0,1,30000,0,203,2020,1,7,10,0,12,,,,,2,1,1,14,7,0,23,0,23,1,9,1,70,5,4,1,45,75,13,61,1,0,,,,,,,10,0,40,0,4,0,2,0,2,0,4,2,35.71281944444445,139.54435555555554,3,3,,,,
1,30,892,5,2,0,1,30000,0,203,2020,1,10,19,45,22,,,,,1,1,1,7,1,0,23,0,23,3,9,1,70,5,2,1,65,55,3,61,1,0,,,,,,,2,0,80,0,3,0,2,0,2,0,4,2,35.70014805555556,139.57244694444444,6,3,,,,
1,30,892,11,2,0,1,30000,0,203,2020,1,10,17,48,22,,,,,1,1,1,14,7,0,23,0,23,1,9,1,70,5,4,1,1,1,51,61,0,0,,,,,,,0,0,10,0,3,0,0,0,0,0,4,2,35.715431388888895,139.57011333333332,6,3,,,,
1,30,893,4,2,0,1,30000,0,204,2020,1,5,16,8,13,,,,,1,1,1,1,7,9,22,0,23,11,9,30,70,5,2,1,55,75,51,61,0,0,,,,,,,0,0,10,0,3,0,0,0,0,0,4,2,35.66793222222222,139.5753725,1,3,,,,
1,30,893,26,2,0,1,99000,0,204,2020,1,31,14,55,12,,,,,1,1,1,0,7,0,23,0,23,0,0,20,70,0,4,1,35,25,3,61,31,0,,,,,,,10,0,30,0,4,0,2,0,2,0,4,2,35.677059166666666,139.56777527777777,6,3,,,,
1,30,894,6,2,0,1,30000,0,208,2019,12,27,18,15,22,,,,,1,1,1,1,7,9,22,0,23,11,9,30,70,5,4,1,45,25,35,61,31,0,,,,,,,5,0,10,0,3,0,0,0,0,0,4,2,35.64976277777778,139.55392166666667,6,3,,,,
1,30,894,10,2,0,1,30000,0,208,2020,1,4,9,30,12,,,,,1,1,1,1,7,9,22,0,23,17,9,30,70,5,3,1,55,35,3,61,31,0,,,,,,,10,0,40,0,3,0,2,0,2,0,4,2,35.65612,139.54696777777778,7,3,,,,
1,30,894,14,2,0,1,30000,0,208,2020,1,9,19,37,22,,,,,1,1,1,1,7,9,22,0,23,15,9,30,70,4,2,1,35,25,3,61,31,0,,,,,,,2,0,10,0,3,0,2,0,2,0,4,2,35.65154361111111,139.57846694444444,5,3,,,,
1,30,894,15,2,0,1,95000,0,219,2020,1,10,13,49,12,,,,,1,1,1,1,7,9,22,0,23,11,9,30,70,4,2,1,1,1,17,61,1,0,,,,,,,2,0,40,0,4,0,2,0,2,0,4,2,35.622772222222224,139.58369444444446,6,3,,,,
1,30,894,26,2,0,1,30840,0,208,2020,1,19,11,27,12,,,,,1,1,1,1,1,9,22,0,23,14,9,30,70,4,2,1,45,55,13,61,31,0,,,,,,,3,0,10,0,3,0,2,0,2,0,4,2,35.656885277777775,139.57756305555554,1,3,,,,
1,30,894,34,2,0,1,30840,0,208,2020,1,23,17,45,21,,,,,2,1,2,7,1,0,23,0,23,2,9,1,70,4,2,1,35,55,36,61,31,0,,,,,,,2,0,10,0,4,0,0,0,0,0,4,2,35.64760777777778,139.54560777777778,5,3,,,,
1,30,894,35,2,0,1,30000,0,219,2020,1,18,11,25,12,,,,,5,1,1,14,7,0,23,0,23,3,9,1,70,5,3,1,1,45,3,61,31,0,,,,,,,1,0,40,0,4,0,2,0,2,0,4,2,35.63334444444445,139.58888000000002,7,3,,,,
1,30,895,2,2,0,1,30000,0,211,2019,12,6,19,20,22,,,,,2,1,1,1,1,9,22,0,23,14,9,30,70,4,2,1,45,75,3,61,31,0,,,,,,,2,0,20,0,4,0,2,0,2,0,4,2,35.72495277777778,139.45755555555556,6,3,,,,
1,30,895,9,2,0,1,10500,0,211,2020,1,14,21,31,22,,,,,1,1,1,1,1,9,22,0,23,18,9,30,70,1,1,1,65,75,14,61,1,0,,,,,,,3,0,10,0,3,0,2,0,2,0,4,2,35.73433333333333,139.4655536111111,3,3,,,,
1,30,895,18,2,0,1,95000,0,211,2020,1,21,18,13,22,,,,,1,1,1,14,7,0,23,0,23,5,9,1,70,4,2,1,25,1,51,61,0,0,,,,,,,0,0,10,0,3,0,0,0,0,0,4,2,35.718606388888894,139.49133388888887,3,3,,,,
1,30,895,19,2,0,1,95000,0,211,2020,1,22,9,30,12,,,,,2,1,1,14,7,0,23,0,23,6,9,20,70,5,4,1,35,55,3,61,31,0,,,,,,,5,0,30,0,3,0,2,0,2,0,4,2,35.738299166666664,139.4915086111111,4,3,,,,
1,30,898,1,2,0,1,20000,0,381,2020,1,23,16,35,13,,,,,3,3,1,1,7,9,22,0,23,14,7,30,70,4,1,1,55,75,3,61,31,0,,,,,,,3,0,10,0,4,0,2,0,2,0,4,2,34.06584472222222,139.48246722222223,5,3,,,,
1,30,101,30,2,0,1,20040,0,101,2020,2,14,18,10,21,,,,,2,1,2,1,7,9,22,0,23,14,9,20,70,4,1,1,35,55,52,61,0,0,,,,,,,0,0,20,0,4,0,0,0,0,0,4,2,35.68734444444444,139.766495,6,3,,,,
1,30,101,33,2,0,1,10040,0,101,2020,2,25,18,45,22,,,,,2,1,1,14,1,0,23,0,23,2,9,1,70,1,2,1,35,55,51,61,0,0,,,,,,,0,0,0,0,4,0,0,0,0,0,4,2,35.68373888888888,139.76969694444446,3,3,,,,
1,30,101,34,2,0,1,20040,0,101,2020,2,28,15,10,12,,,,,1,1,1,1,1,9,22,0,23,15,9,30,70,4,2,1,45,55,3,61,31,0,,,,,,,5,0,40,0,4,0,2,0,2,0,4,2,35.68310861111111,139.76504444444444,6,3,,,,
1,30,101,35,2,0,1,10040,0,101,2020,2,28,22,30,22,,,,,1,1,1,1,1,9,22,0,23,14,9,30,70,1,2,1,35,25,3,61,1,0,,,,,,,5,0,10,0,3,0,2,0,2,0,4,2,35.67376333333333,139.76122777777778,6,3,,,,
1,30,103,6,2,0,1,10050,0,101,2020,2,1,13,16,12,,,,,1,1,1,1,1,9,22,0,23,19,9,30,70,1,1,1,55,65,3,61,1,0,,,,,,,5,0,40,0,4,0,2,0,2,0,4,2,35.69585055555555,139.770735,7,3,,,,
1,30,103,7,2,0,1,20070,0,101,2020,2,7,5,30,22,,,,,1,1,1,1,1,9,22,0,23,19,9,30,70,1,2,1,55,75,3,61,1,0,,,,,,,4,0,10,0,3,0,2,0,2,0,4,2,35.69779833333333,139.77113833333334,6,3,,,,
1,30,103,10,2,0,1,30000,0,101,2020,2,18,10,30,12,,,,,1,1,1,14,7,0,23,0,23,3,9,1,70,5,3,1,55,35,3,61,1,0,,,,,,,5,0,10,0,4,0,2,0,2,0,4,2,35.692812222222216,139.7707386111111,3,3,,,,
1,30,103,11,2,0,1,20070,0,101,2020,2,29,6,4,23,,,,,1,1,1,14,7,0,23,0,23,6,9,1,70,4,2,1,55,1,17,61,31,0,,,,,,,4,0,10,0,3,0,2,0,2,0,4,2,35.697557222222216,139.77382888888891,7,3,,,,
1,30,104,44,2,0,1,10030,0,102,2020,2,16,19,17,22,,,,,3,1,2,7,1,0,23,0,23,5,9,1,70,1,2,1,35,25,3,61,1,0,,,,,,,5,0,10,0,3,0,1,0,2,0,4,2,35.67823805555555,139.77373472222223,1,3,,,,
1,30,104,50,2,0,1,30000,0,102,2020,2,26,13,10,12,,,,,3,1,2,1,7,9,22,0,23,15,9,30,70,5,2,1,35,35,4,61,31,0,,,,,,,2,0,10,0,4,0,2,0,2,0,4,2,35.6917475,139.7792538888889,4,3,,,,
1,30,104,52,2,0,1,30000,0,102,2020,2,27,8,40,12,,,,,1,1,1,14,7,0,23,0,23,3,9,1,70,5,3,1,75,35,14,61,31,0,,,,,,,10,0,20,0,3,0,2,0,2,0,4,2,35.68551027777777,139.77894944444446,5,3,,,,
1,30,104,56,2,0,1,20090,0,102,2020,2,25,22,5,22,,,,,3,1,2,1,7,9,22,0,23,18,9,30,70,1,2,1,45,35,14,61,1,0,,,,,,,5,0,40,0,4,0,2,0,2,0,4,2,35.68426583333333,139.7714138888889,3,3,,,,
1,30,104,57,2,0,1,10040,0,102,2020,1,8,9,0,12,,,,,1,1,1,1,1,9,22,0,23,17,9,30,70,1,2,1,25,55,51,61,0,0,,,,,,,0,0,10,0,4,0,0,0,0,0,4,2,35.68105111111111,139.77718194444446,4,3,,,,
1,30,105,9,2,0,1,30000,0,102,2020,2,7,18,10,21,,,,,1,1,1,14,7,0,23,0,23,5,9,1,70,4,2,1,25,25,4,61,31,0,,,,,,,3,0,10,0,3,0,2,0,2,0,4,2,35.68413944444444,139.77968916666669,6,3,,,,
1,30,105,10,2,0,1,10060,0,102,2020,2,14,19,25,22,,,,,2,1,1,14,7,0,23,0,23,5,9,1,70,1,1,1,35,25,3,61,31,0,,,,,,,4,0,10,0,3,0,2,0,2,0,4,2,35.68547333333333,139.787825,6,3,,,,
1,30,105,15,2,0,1,60,14,102,2020,2,28,20,40,22,,,,,1,1,1,14,7,0,23,0,23,4,9,1,70,4,2,1,1,25,36,61,31,0,,,,,,,2,0,10,0,3,0,0,0,0,0,4,2,35.692683055555555,139.78146916666668,6,3,,,,
1,30,106,23,2,0,1,30000,0,102,2020,2,1,1,0,22,,,,,1,1,1,1,1,9,22,0,23,15,9,30,70,4,2,1,55,1,11,61,31,0,,,,,,,2,0,40,0,3,0,2,0,2,0,4,2,35.668123055555554,139.77663750000002,7,3,,,,
1,30,106,33,2,0,1,95000,0,102,2020,1,5,20,33,22,,,,,1,1,1,14,7,0,23,0,23,1,9,1,70,5,2,1,45,25,59,61,0,0,,,,,,,0,0,10,0,4,0,0,0,0,0,4,2,35.66972388888889,139.76475194444444,1,3,,,,
1,30,107,13,2,0,1,20680,0,102,2020,2,17,14,50,12,,,,,1,1,1,1,1,9,22,0,23,19,9,30,70,1,2,1,45,45,13,61,31,0,,,,,,,4,0,10,0,3,0,2,0,2,0,4,2,35.66446861111111,139.78463222222223,2,3,,,,
1,30,108,22,1,1,0,21180,0,103,2020,2,4,7,55,12,,,,,1,1,1,1,1,9,22,0,23,19,9,30,70,1,1,1,45,1,13,61,31,0,,,,,,,4,0,80,0,3,0,2,0,2,0,4,1,35.66790583333333,139.74815694444442,3,3,,,,
1,30,108,25,2,0,1,30000,0,103,2020,2,12,19,5,22,,,,,1,1,1,14,7,0,23,0,23,3,8,20,70,5,1,1,1,45,13,61,31,0,,,,,,,2,0,20,0,3,0,2,0,2,0,4,2,35.664725,139.74400277777775,4,3,,,,
1,30,108,27,2,0,1,30000,0,103,2020,2,17,10,10,12,,,,,2,1,1,14,7,0,23,0,23,3,9,1,70,5,2,1,55,45,13,61,1,0,,,,,,,10,0,30,0,4,0,2,0,2,0,4,2,35.66385388888889,139.75352444444445,2,3,,,,
1,30,109,20,2,0,1,95000,0,103,2020,1,15,10,57,12,,,,,3,1,1,0,7,0,23,0,23,0,0,20,70,0,2,1,45,45,3,61,1,0,,,,,,,10,0,20,0,3,0,2,0,2,0,4,2,35.64926611111111,139.74863722222221,4,3,,,,
1,30,110,15,2,0,1,30000,0,103,2020,2,4,16,45,13,,,,,1,1,1,14,7,0,23,0,23,3,9,1,70,5,3,1,55,1,3,61,31,0,,,,,,,10,0,80,0,3,0,2,0,2,0,4,2,35.63329027777778,139.72902611111112,3,3,,,,
1,30,110,17,2,0,1,30000,0,103,2020,2,10,17,15,13,,,,,1,1,1,1,7,9,22,0,23,11,9,30,70,5,3,1,35,75,51,61,0,0,,,,,,,0,0,10,0,4,0,0,0,0,0,4,2,35.6458625,139.7245538888889,2,2,,,,
1,30,110,21,2,0,1,20000,0,103,2020,2,22,13,35,12,,,,,1,1,1,14,7,0,23,0,23,3,9,1,70,4,1,1,1,45,51,61,0,0,,,,,,,0,0,10,0,3,0,0,0,0,0,4,2,35.643906666666666,139.72956305555556,7,2,,,,
1,30,111,31,2,0,1,10090,0,103,2020,2,10,10,35,12,,,,,1,1,1,14,7,0,23,0,23,4,9,1,70,1,1,1,35,35,51,61,0,0,,,,,,,0,0,10,0,4,0,0,0,0,0,4,2,35.647481666666664,139.72361833333335,2,2,,,,
1,30,112,19,2,0,1,2460,33,103,2020,2,2,10,24,12,,,,,1,1,1,14,1,0,23,0,23,4,9,1,70,1,1,1,1,25,3,61,1,0,,,,,,,10,0,50,0,2,0,2,0,2,0,4,2,35.66698916666667,139.71411527777778,1,3,,,,
1,30,113,37,2,0,1,95000,0,108,2020,2,17,17,5,13,,,,,1,1,1,0,7,0,23,0,23,0,0,20,1,0,2,1,45,45,51,61,0,0,,,,,,,0,0,10,0,3,0,0,0,0,0,4,2,35.64926472222222,139.80158972222225,2,3,,,,
1,30,216,21,2,0,1,30910,0,109,2019,12,30,19,20,22,,,,,1,1,1,14,7,0,23,0,23,4,9,20,70,5,2,1,45,65,1,61,1,0,,,,,,,4,0,40,0,3,0,2,0,2,0,4,2,35.595798611111114,139.74552777777777,2,3,,,,
1,30,216,22,2,0,1,30000,0,109,2019,9,14,12,52,12,,,,,2,1,1,14,7,0,23,0,23,1,9,20,70,5,4,1,25,35,51,61,0,0,,,,,,,0,0,20,0,3,0,0,0,0,0,4,2,35.601662222222224,139.73542416666666,7,3,,,,
1,30,216,26,2,0,1,30000,0,109,2020,2,15,10,30,12,,,,,1,1,1,1,1,9,22,0,23,14,9,30,70,4,2,1,55,75,12,61,1,0,,,,,,,2,0,40,0,3,0,2,0,2,0,4,2,35.60019777777778,139.75056166666667,7,3,,,,
1,30,216,28,2,0,1,99000,0,109,2020,2,21,7,35,12,,,,,1,1,1,0,7,0,23,0,23,0,0,20,70,0,4,1,65,25,3,61,1,0,,,,,,,5,0,10,0,3,0,2,0,2,0,4,2,35.59753694444445,139.75081138888888,6,3,,,,
1,30,216,30,2,0,1,30000,0,109,2020,2,25,23,20,22,,,,,3,1,2,1,7,1,21,0,23,15,9,30,1,1,3,1,65,25,3,61,31,0,,,,,,,2,0,20,0,4,0,2,0,2,0,4,2,35.60105361111111,139.7189775,3,3,,,,
1,30,217,27,2,0,1,10150,0,109,2020,2,19,1,28,22,,,,,1,1,1,14,7,0,23,0,23,2,9,1,70,4,1,1,35,0,61,0,0,0,,,,,,,0,0,0,0,0,0,0,0,0,0,2,0,35.624050277777776,139.72308194444446,4,3,,,,
1,30,217,29,2,0,1,10160,0,109,2020,2,19,18,30,22,,,,,1,1,1,1,1,9,22,0,23,19,9,30,70,1,1,1,25,25,3,61,31,0,,,,,,,10,0,10,0,4,0,2,0,2,0,4,2,35.625193611111115,139.71799083333335,4,3,,,,
1,30,217,30,2,0,1,30000,0,109,2020,2,7,20,20,22,,,,,1,1,1,1,7,1,21,0,23,11,9,30,70,5,3,1,55,35,14,61,31,0,,,,,,,1,0,10,0,4,0,2,0,2,0,4,2,35.625010555555555,139.7224875,6,3,,,,
1,30,217,35,2,0,1,30000,0,109,2020,2,22,18,50,22,,,,,3,1,1,1,7,1,22,0,23,14,9,30,70,4,2,1,65,25,3,61,1,0,,,,,,,2,0,50,0,3,0,2,0,2,0,4,2,35.61698833333333,139.72481055555556,7,2,,,,
1,30,218,21,2,0,1,10170,0,109,2020,1,16,16,55,21,,,,,1,1,1,1,1,9,22,0,23,11,9,30,70,5,2,1,45,75,3,61,31,0,,,,,,,4,0,20,0,3,0,2,0,2,0,4,2,35.617329166666664,139.71285694444444,5,3,,,,
1,30,218,22,2,0,1,30000,0,109,2020,1,29,18,52,22,,,,,1,1,1,14,7,0,23,0,23,2,9,1,70,5,3,1,45,65,3,61,31,0,,,,,,,2,0,0,0,4,0,2,0,2,0,4,2,35.61548027777778,139.71576777777776,4,3,,,,
1,30,218,23,2,0,1,30000,0,109,2020,2,7,12,40,12,,,,,1,1,1,14,7,0,23,0,23,1,9,1,70,5,3,1,55,55,14,61,31,0,,,,,,,2,0,40,0,3,0,2,0,2,0,4,2,35.616328333333335,139.71123777777777,6,3,,,,
1,30,218,25,2,0,1,10170,0,109,2020,1,18,4,54,22,,,,,3,1,2,14,7,0,23,0,23,5,9,1,70,5,1,1,55,1,3,61,1,0,,,,,,,4,0,80,0,3,0,2,0,2,0,4,2,35.614871111111114,139.70839666666666,7,3,,,,
1,30,218,30,2,0,1,30000,0,109,2020,2,22,10,50,12,,,,,1,1,1,1,7,9,22,0,23,14,9,20,70,5,3,1,75,45,13,61,31,0,,,,,,,2,0,10,0,4,0,2,0,2,0,4,2,35.60685055555556,139.70404138888887,7,2,,,,
1,30,219,60,2,0,1,20180,0,111,2020,2,7,13,50,12,,,,,1,1,1,1,1,9,22,0,23,11,9,30,70,4,2,1,65,65,2,61,31,0,,,,,,,2,0,10,0,4,0,2,0,2,0,4,2,35.58648916666667,139.72621194444446,6,3,,,,
1,30,219,77,2,0,1,30000,0,111,2020,2,23,12,15,12,,,,,1,1,1,1,7,9,22,0,23,11,9,30,70,5,2,1,25,55,3,61,31,0,,,,,,,10,0,80,0,4,0,2,0,2,0,4,2,35.57586444444445,139.73411055555553,1,1,,,,
1,30,219,82,2,0,1,30000,0,111,2020,2,28,9,25,12,,,,,1,1,1,14,7,0,23,0,23,2,9,1,70,5,3,1,65,55,3,61,31,0,,,,,,,2,0,40,0,4,0,2,0,2,0,4,2,35.57704805555556,139.7216652777778,6,3,,,,
1,30,219,87,2,0,1,30000,0,111,2020,2,29,18,13,21,,,,,1,1,1,14,7,0,23,0,23,3,9,1,70,5,2,1,55,75,3,61,31,0,,,,,,,5,0,40,0,3,0,2,0,2,0,4,2,35.588702222222224,139.72898083333334,7,3,,,,
1,30,219,91,2,0,1,10130,0,111,2020,2,27,9,30,12,,,,,1,1,1,1,1,0,23,0,23,17,9,30,70,1,2,1,65,0,61,0,0,0,,,,,,,0,0,0,0,0,0,0,0,0,0,2,0,35.57758638888889,139.7360422222222,5,3,,,,
1,30,219,93,2,0,1,30000,0,111,2020,2,5,12,40,12,,,,,1,1,1,14,7,0,23,0,23,3,9,1,70,5,3,1,55,0,61,0,0,0,,,,,,,0,0,0,0,0,0,0,0,0,0,2,0,35.56751222222223,139.7269061111111,4,3,,,,
1,30,220,11,2,0,1,30000,0,111,2020,2,10,7,55,12,,,,,1,1,1,1,7,9,22,0,23,15,8,30,70,4,2,1,45,1,3,61,31,0,,,,,,,2,0,10,0,3,0,2,0,2,0,4,2,35.591408333333334,139.69400972222223,2,2,,,,
1,30,220,13,2,0,1,10200,0,111,2020,2,12,13,44,12,,,,,1,1,1,7,1,0,23,0,23,6,9,1,70,1,1,1,25,45,3,61,31,0,,,,,,,5,0,10,0,4,0,2,0,2,0,4,2,35.585615833333335,139.67990416666666,4,3,,,,
1,30,220,18,2,0,1,30000,0,111,2020,2,14,20,35,22,,,,,1,1,1,14,7,0,23,0,23,1,9,1,70,5,3,1,55,25,3,61,31,0,,,,,,,2,0,30,0,3,0,2,0,2,0,4,2,35.587836111111116,139.67923222222223,6,3,,,,
1,30,220,20,2,0,1,10170,0,111,2020,2,16,21,42,22,,,,,3,1,2,1,1,9,22,0,23,19,9,30,70,1,2,1,25,1,14,61,31,0,,,,,,,4,0,10,0,3,0,2,0,2,0,4,2,35.585977500000006,139.6697497222222,1,3,,,,
1,30,220,24,2,0,1,30000,0,111,2020,2,14,18,37,22,,,,,1,1,1,14,7,0,23,0,23,2,9,1,70,5,2,1,55,45,3,61,31,0,,,,,,,2,0,10,0,4,0,2,0,2,0,4,2,35.59005138888889,139.6916077777778,6,3,,,,
1,30,221,38,2,0,1,30000,0,111,2020,2,2,10,20,12,,,,,1,1,1,14,7,0,23,0,23,3,9,1,70,5,3,1,75,65,3,61,31,0,,,,,,,2,0,40,0,3,0,2,0,2,0,4,2,35.54743694444444,139.71990861111112,1,3,,,,
1,30,221,42,2,0,1,10180,0,111,2020,2,9,18,24,22,,,,,1,1,1,1,1,9,22,0,23,18,9,30,70,1,1,1,45,65,13,61,31,0,,,,,,,2,0,80,0,3,0,2,0,2,0,4,2,35.549015,139.7410136111111,1,3,,,,