資料区分,都道府県コード,警察署等コード,本票番号,事故内容,死者数,負傷者数,路線コード,地点コード,市区町村コード,発生日時　　年,発生日時　　月,発生日時　　日,発生日時　　時,発生日時　　分,昼夜,日の出時刻　　時,日の出時刻　　分,日の入り時刻　　時,日の入り時刻　　分,天候,地形,路面状態,道路形状,信号機,一時停止規制　標識（当事者A）,一時停止規制　表示（当事者A）,一時停止規制　標識（当事者B）,一時停止規制　表示（当事者B）,車道幅員,道路線形,衝突地点,ゾーン規制,中央分離帯施設等,歩車道区分,事故類型,年齢（当事者A）,年齢（当事者B）,当事者種別（当事者A）,当事者種別（当事者B）,用途別（当事者A）,用途別（当事者B）,車両形状等（当事者A）,車両形状等（当事者B）,オートマチック車（当事者A）,オートマチック車（当事者B）,サポカー（当事者A）,サポカー（当事者B）,速度規制（指定のみ）（当事者A）,速度規制（指定のみ）（当事者B）,車両の衝突部位（当事者A）,車両の衝突部位（当事者B）,車両の損壊程度（当事者A）,車両の損壊程度（当事者B）,エアバッグの装備（当事者A）,エアバッグの装備（当事者B）,サイドエアバッグの装備（当事者A）,サイドエアバッグの装備（当事者B）,人身損傷程度（当事者A）,人身損傷程度（当事者B）,lat,lon,曜日(発生年月日),祝日(発生年月日),認知機能検査経過日数（当事者A）,認知機能検査経過日数（当事者B）,運転練習の方法（当事者A）,運転練習の方法（当事者B）
1,30,221,43,2,0,1,30000,0,111,2020,2,7,10,20,12,,,,,1,1,1,14,7,0,23,0,23,2,9,1,70,5,3,1,65,55,13,61,31,0,,,,,,,4,0,10,0,3,0,2,0,2,0,4,2,35.56379638888889,139.71608638888887,6,3,,,,
1,30,221,50,2,0,1,10200,0,111,2020,2,15,0,40,22,,,,,1,1,1,1,1,9,22,0,23,18,9,30,70,5,1,1,35,35,4,61,31,0,,,,,,,3,0,80,0,4,0,2,0,2,0,4,2,35.55999805555555,139.70894083333332,7,3,,,,
1,30,221,52,2,0,1,30000,0,111,2020,2,13,17,5,13,,,,,1,1,1,14,7,0,23,0,23,3,9,1,70,4,1,1,35,1,3,61,31,0,,,,,,,2,0,10,0,3,0,2,0,2,0,4,2,35.54933472222222,139.73738805555556,5,3,,,,
1,30,221,54,2,0,1,30000,0,111,2020,2,17,9,35,12,,,,,1,1,1,14,7,0,23,0,23,2,9,1,70,5,3,1,65,65,3,61,31,0,,,,,,,2,0,80,0,4,0,2,0,2,0,4,2,35.56221583333333,139.7112125,2,3,,,,
1,30,221,57,2,0,1,30000,0,111,2020,2,15,10,30,12,,,,,2,1,1,1,1,9,22,0,23,15,9,20,70,4,3,1,65,45,3,61,31,0,,,,,,,2,0,80,0,3,0,2,0,2,0,4,2,35.55134555555555,139.7218325,7,3,,,,
1,30,221,58,2,0,1,30000,0,111,2020,1,28,20,50,22,,,,,3,1,2,1,7,1,21,0,23,11,9,30,70,5,3,1,65,35,36,61,31,0,,,,,,,2,0,10,0,3,0,0,0,0,0,4,2,35.55748666666666,139.72530194444445,3,3,,,,
1,30,221,61,2,0,1,30000,0,111,2020,2,20,15,3,12,,,,,2,1,1,1,7,1,21,0,23,14,9,30,70,4,3,1,45,1,14,61,31,0,,,,,,,1,0,20,0,3,0,2,0,2,0,4,2,35.55765638888889,139.7054825,5,3,,,,
1,30,221,65,2,0,1,30000,0,111,2020,2,26,11,0,12,,,,,2,1,1,14,7,0,23,0,23,3,9,1,70,5,3,1,65,35,51,61,0,0,,,,,,,0,0,10,0,3,0,0,0,0,0,4,2,35.54403305555555,139.70691916666667,4,3,,,,
1,30,222,33,2,0,1,30000,0,111,2020,2,3,16,0,12,,,,,1,1,1,1,7,9,22,0,23,14,9,30,70,5,3,1,75,75,4,61,31,0,,,,,,,10,0,30,0,4,0,2,0,2,0,4,2,35.57288888888889,139.70670194444443,2,3,,,,
1,30,222,34,2,0,1,10,175,111,2020,2,5,7,50,12,,,,,1,1,1,1,1,9,22,0,23,18,9,30,70,4,1,1,45,75,12,61,1,0,,,,,,,5,0,40,0,3,0,2,0,2,0,4,2,35.563470277777775,139.69660055555556,4,3,,,,
1,30,222,38,2,0,1,30000,0,111,2020,2,7,18,7,21,,,,,1,1,1,1,7,9,22,0,23,15,7,30,70,4,3,1,25,1,14,61,31,0,,,,,,,1,0,10,0,3,0,2,0,2,0,4,2,35.596000555555555,139.70389138888888,6,3,,,,
1,30,222,42,2,0,1,10200,0,111,2020,2,17,11,0,12,,,,,1,1,1,1,1,9,22,0,23,18,9,30,70,1,1,1,65,25,17,61,31,0,,,,,,,10,0,10,0,3,0,2,0,2,0,4,2,35.563741944444445,139.69890305555555,2,3,,,,
1,30,222,43,2,0,1,30000,0,111,2020,2,18,18,8,21,,,,,1,1,1,7,7,0,23,0,23,3,9,20,70,5,2,1,75,75,3,61,31,0,,,,,,,2,0,10,0,3,0,2,0,2,0,4,2,35.56639472222222,139.70603055555554,3,3,,,,
1,30,325,30,1,1,0,10210,0,112,2020,2,8,1,49,22,,,,,1,1,1,7,7,0,23,0,23,4,9,1,70,4,2,1,75,45,3,61,31,0,,,,,,,3,0,10,0,3,0,2,0,2,0,4,1,35.64207277777778,139.65682833333335,7,3,,,,
1,30,325,31,1,1,0,2460,78,112,2020,2,19,3,50,22,,,,,1,1,1,14,7,0,23,0,23,6,9,1,70,1,1,1,65,35,3,61,1,0,,,,,,,10,0,10,0,3,0,2,0,2,0,4,1,35.64471833333333,139.67341305555556,4,3,,,,
1,30,325,33,2,0,1,30000,0,112,2020,2,3,8,10,12,,,,,1,1,1,14,7,0,23,0,23,3,9,1,70,5,3,1,35,65,13,61,31,0,,,,,,,3,0,10,0,3,0,2,0,2,0,4,2,35.64040972222222,139.65245305555555,2,3,,,,
1,30,325,34,2,0,1,30000,0,112,2020,2,5,8,55,12,,,,,1,1,1,14,7,0,23,0,23,2,9,1,70,5,3,1,45,45,3,61,31,0,,,,,,,10,0,40,0,3,0,2,0,2,0,4,2,35.646586944444444,139.62387,4,3,,,,
1,30,325,36,2,0,1,30740,0,112,2020,2,10,10,0,12,,,,,1,1,1,1,7,9,22,0,23,14,9,30,70,4,2,1,1,75,3,61,31,0,,,,,,,3,0,10,0,3,0,2,0,2,0,4,2,35.645345,139.6704225,2,2,,,,
1,30,325,41,2,0,1,10200,0,112,2020,2,15,17,14,13,,,,,2,1,1,1,1,9,21,0,23,18,9,30,70,1,1,1,65,65,3,61,31,0,,,,,,,10,0,10,0,3,0,2,0,2,0,4,2,35.64145111111111,139.61919583333335,7,3,,,,
1,30,325,46,2,0,1,99000,0,112,2020,2,8,21,0,22,,,,,1,1,1,0,7,0,23,0,23,0,0,20,70,0,4,1,45,55,3,61,31,0,,,,,,,10,0,30,0,3,0,2,0,2,0,4,2,35.637661666666666,139.66596472222224,7,3,,,,
1,30,325,49,2,0,1,2460,72,112,2020,2,27,18,15,21,,,,,1,1,1,7,7,0,23,0,23,6,9,1,70,1,2,1,55,45,12,61,31,0,,,,,,,5,0,10,0,3,0,2,0,2,0,4,2,35.64808027777778,139.6792725,5,3,,,,
1,30,325,51,2,0,1,2460,74,112,2020,2,27,20,48,22,,,,,1,1,1,7,1,0,23,0,23,5,9,1,70,1,2,1,45,55,3,61,31,0,,,,,,,5,0,10,0,3,0,2,0,2,0,4,2,35.647129722222225,139.67784583333332,5,3,,,,
1,30,325,57,2,0,1,30000,0,112,2020,2,15,18,54,22,,,,,2,1,1,14,7,0,23,0,23,4,9,20,70,4,2,1,65,45,51,61,0,0,,,,,,,0,0,10,0,4,0,0,0,0,0,4,2,35.647193055555555,139.62151166666666,7,3,,,,
1,30,325,59,2,0,1,2460,84,112,2020,2,12,8,2,12,,,,,1,1,1,1,1,9,22,0,23,17,9,30,70,1,1,1,45,1,51,61,0,0,,,,,,,0,0,40,0,4,0,0,0,0,0,4,2,35.641553888888886,139.66958472222223,4,3,,,,
1,30,326,42,2,0,1,30000,0,112,2020,2,4,8,35,12,,,,,1,1,1,1,7,9,22,0,23,11,9,30,70,5,4,1,35,45,3,61,31,0,,,,,,,10,0,10,0,4,0,2,0,2,0,4,2,35.658788888888886,139.6606413888889,3,3,,,,
1,30,326,54,2,0,1,30000,0,112,2020,2,16,19,45,22,,,,,3,1,2,14,7,0,23,0,23,3,9,1,70,5,3,1,1,75,3,61,31,0,,,,,,,10,0,10,0,4,0,2,0,2,0,4,2,35.651450277777776,139.63464277777777,1,3,,,,
1,30,326,56,2,0,1,30000,0,112,2020,2,17,18,13,21,,,,,1,1,1,14,7,0,23,0,23,3,9,20,70,5,3,1,75,55,3,61,31,0,,,,,,,2,0,80,0,4,0,2,0,2,0,4,2,35.661003055555554,139.66873555555554,2,3,,,,
1,30,326,57,2,0,1,30000,0,112,2020,2,13,18,7,21,,,,,1,1,1,14,7,0,23,0,23,2,9,1,70,5,4,1,65,1,3,61,31,0,,,,,,,10,0,40,0,3,0,2,0,2,0,4,2,35.65090194444444,139.6361347222222,5,3,,,,
1,30,326,58,2,0,1,30000,0,112,2020,2,17,10,58,12,,,,,1,1,1,14,7,0,23,0,23,1,9,1,70,5,4,1,25,25,36,61,31,0,,,,,,,10,0,40,0,4,0,0,0,0,0,4,2,35.66101166666667,139.66780527777777,2,3,,,,
1,30,326,65,2,0,1,30000,0,112,2020,2,19,14,51,12,,,,,1,1,1,14,7,0,23,0,23,2,9,1,70,5,3,1,45,45,3,61,31,0,,,,,,,2,0,20,0,4,0,2,0,2,0,4,2,35.647062222222225,139.63480527777776,4,3,,,,
1,30,326,66,2,0,1,30000,0,112,2020,2,8,8,6,12,,,,,1,1,1,7,7,0,23,0,23,2,9,1,70,5,2,1,65,25,3,61,1,0,,,,,,,3,0,70,0,4,0,2,0,2,0,4,2,35.653702777777774,139.6688511111111,7,3,,,,
1,30,326,71,2,0,1,90000,0,112,2020,2,28,12,20,12,,,,,1,1,1,14,7,0,23,0,23,2,7,1,70,5,4,1,35,55,14,61,1,0,,,,,,,10,0,30,0,3,0,2,0,2,0,4,2,35.649384166666664,139.6267938888889,6,3,,,,
1,30,326,73,2,0,1,30000,0,112,2020,2,28,17,25,13,,,,,1,1,1,1,7,1,21,0,23,14,9,30,70,5,2,1,35,75,3,61,31,0,,,,,,,10,0,10,0,4,0,2,0,2,0,4,2,35.65482027777777,139.66916388888887,6,3,,,,
1,30,326,77,2,0,1,30000,0,112,2020,2,19,10,3,12,,,,,1,1,1,14,7,0,23,0,23,2,9,1,70,5,2,1,65,65,3,61,1,0,,,,,,,2,0,40,0,3,0,2,0,2,0,4,2,35.65497944444444,139.66863555555554,4,3,,,,
1,30,326,78,2,0,1,30000,0,112,2020,2,28,13,0,12,,,,,1,1,1,1,1,9,22,0,23,15,9,30,70,4,1,1,75,75,3,61,31,0,,,,,,,3,0,20,0,4,0,2,0,2,0,4,2,35.65381055555555,139.6651975,6,3,,,,
1,30,327,39,2,0,1,30000,0,112,2019,12,9,13,17,12,,,,,2,1,1,14,7,0,23,0,23,2,9,1,70,5,3,1,35,75,14,61,31,0,,,,,,,10,0,10,0,3,0,2,0,2,0,4,2,35.6178275,139.65547166666667,2,3,,,,
1,30,327,41,2,0,1,20240,0,112,2020,2,2,20,35,22,,,,,1,1,1,1,1,9,22,0,23,11,9,30,70,4,1,1,55,35,3,61,31,0,,,,,,,3,0,10,0,4,0,2,0,2,0,4,2,35.623224444444446,139.6598875,1,3,,,,
1,30,327,52,2,0,1,30000,0,112,2020,2,4,14,20,12,,,,,1,1,1,1,1,9,22,0,23,14,9,20,70,4,2,1,45,45,14,61,31,0,,,,,,,10,0,80,0,3,0,2,0,2,0,4,2,35.59896722222222,139.67698083333332,3,3,,,,
1,30,327,53,2,0,1,30000,0,112,2020,2,5,15,25,12,,,,,1,1,1,7,7,0,23,0,23,2,9,1,70,5,3,1,65,45,3,61,1,0,,,,,,,10,0,40,0,4,0,2,0,2,0,4,2,35.622305555555556,139.6250913888889,4,3,,,,
1,30,327,56,2,0,1,30000,0,112,2020,2,13,6,50,11,,,,,2,1,1,14,7,0,23,0,23,2,9,1,70,5,2,1,45,35,14,61,31,0,,,,,,,10,0,40,0,3,0,2,0,2,0,4,2,35.61381277777778,139.6259488888889,5,3,,,,
1,30,327,58,2,0,1,30000,0,112,2020,2,18,8,43,12,,,,,1,1,1,14,7,0,23,0,23,3,9,1,70,5,2,1,45,45,3,61,31,0,,,,,,,2,0,20,0,4,0,2,0,2,0,4,2,35.6042325,139.65220666666667,3,3,,,,
1,30,327,62,2,0,1,30000,0,112,2020,1,22,9,45,12,,,,,1,1,1,1,7,9,22,0,23,14,9,30,70,5,3,1,75,35,3,61,31,0,,,,,,,1,0,40,0,3,0,2,0,2,0,4,2,35.618790555555556,139.63210055555555,4,3,,,,
1,30,327,68,2,0,1,30000,0,112,2020,2,25,7,30,12,,,,,1,1,1,14,7,0,23,0,23,3,9,1,70,4,2,1,25,35,14,61,1,0,,,,,,,3,0,10,0,3,0,2,0,2,0,4,2,35.61425333333334,139.66019083333333,3,3,,,,
1,30,328,50,2,0,1,30000,0,112,2019,12,21,19,6,22,,,,,1,1,1,14,7,0,23,0,23,1,9,1,70,4,3,1,45,0,61,0,0,0,,,,,,,0,0,0,0,0,0,0,0,0,0,2,0,35.62401861111111,139.6192411111111,7,3,,,,
1,30,328,52,2,0,1,30000,0,112,2020,1,5,16,0,13,,,,,1,1,1,7,7,0,23,0,23,2,9,1,70,5,2,1,65,75,51,61,0,0,,,,,,,0,0,30,0,3,0,0,0,0,0,4,2,35.669712499999996,139.6054725,1,3,,,,
1,30,328,60,2,0,1,30000,0,112,2020,2,4,17,30,21,,,,,1,1,1,1,7,9,22,0,23,11,9,30,70,4,2,1,35,25,3,61,31,0,,,,,,,2,0,10,0,3,0,2,0,2,0,4,2,35.64502638888889,139.61670972222223,3,3,,,,
1,30,328,66,2,0,1,30000,0,112,2020,2,8,18,10,21,,,,,1,1,1,1,1,8,22,0,23,15,9,30,70,4,2,1,75,1,3,61,31,0,,,,,,,3,0,10,0,3,0,2,0,2,0,4,2,35.63672416666667,139.60002749999998,7,3,,,,
1,30,328,69,2,0,1,30000,0,112,2020,2,9,13,55,12,,,,,1,1,1,1,7,9,22,0,23,11,9,20,70,5,3,1,45,65,3,61,31,0,,,,,,,10,0,20,0,3,0,2,0,2,0,4,2,35.680452777777774,139.5901652777778,1,3,,,,
1,30,328,84,2,0,1,30000,0,112,2020,2,17,8,10,12,,,,,1,1,1,1,7,0,23,0,23,11,9,30,70,5,3,1,1,0,61,0,0,0,,,,,,,0,0,0,0,0,0,0,0,0,0,2,0,35.620780555555555,139.61576666666667,2,3,,,,
1,30,328,95,2,0,1,30000,0,112,2020,2,27,15,40,12,,,,,1,1,1,14,7,0,23,0,23,3,9,1,70,4,2,1,1,75,36,61,31,0,,,,,,,10,0,10,0,3,0,0,0,0,0,4,2,35.641755277777776,139.60578194444443,5,3,,,,
1,30,329,15,2,0,1,10080,0,110,2019,4,9,3,50,22,,,,,1,1,3,1,1,9,22,0,23,18,9,30,70,5,2,1,75,75,3,61,1,0,,,,,,,4,0,10,0,4,0,2,0,2,0,4,2,35.633738055555554,139.71072777777778,3,3,,,,
1,30,329,16,2,0,1,10160,0,110,2020,2,2,4,10,22,,,,,1,1,1,14,7,0,23,0,23,5,9,1,70,4,2,1,55,35,3,61,1,0,,,,,,,5,0,10,0,3,0,2,0,2,0,4,2,35.64513111111111,139.69813638888888,1,3,,,,
1,30,329,24,2,0,1,30000,0,110,2020,1,16,17,5,21,,,,,1,1,1,14,7,0,23,0,23,3,9,1,70,4,3,1,55,75,3,61,1,0,,,,,,,2,0,10,0,4,0,2,0,2,0,4,2,35.63516222222222,139.69576305555555,5,3,,,,
1,30,330,19,2,0,1,30000,0,110,2020,2,2,10,30,12,,,,,1,1,1,1,7,1,21,0,23,14,9,30,1,5,3,1,45,35,3,61,31,0,,,,,,,2,0,40,0,3,0,2,0,2,0,4,2,35.61212416666667,139.67222694444445,1,3,,,,
1,30,330,29,2,0,1,10130,0,110,2020,2,25,18,59,22,,,,,1,1,1,1,1,9,22,0,23,19,9,30,70,1,1,1,35,25,51,61,0,0,,,,,,,0,0,10,0,3,0,0,0,0,0,4,2,35.62364138888889,139.67925833333334,3,3,,,,
1,30,330,31,2,0,1,30000,0,110,2020,2,9,12,18,12,,,,,1,1,1,14,7,0,23,0,23,3,9,1,70,4,3,1,45,1,3,61,31,0,,,,,,,2,0,80,0,3,0,2,0,2,0,4,2,35.60879472222222,139.67454583333333,1,3,,,,
1,30,331,15,2,0,1,10090,0,113,2020,2,4,20,40,22,,,,,1,1,1,1,1,9,22,0,23,17,9,30,70,1,1,1,55,55,14,61,1,0,,,,,,,4,0,10,0,2,0,2,0,2,0,4,2,35.64853166666666,139.7126113888889,3,3,,,,
1,30,331,19,2,0,1,30000,0,113,2020,1,24,8,20,12,,,,,2,1,1,14,7,0,23,0,23,3,9,20,70,5,3,1,65,25,3,61,31,0,,,,,,,10,0,70,0,4,0,2,0,2,0,4,2,35.66079916666666,139.7046986111111,6,3,,,,
1,30,331,21,2,0,1,30000,0,113,2020,2,11,10,0,12,,,,,1,1,1,14,7,0,23,0,23,3,8,20,70,5,3,1,25,1,51,61,0,0,,,,,,,0,0,10,0,3,0,0,0,0,0,4,2,35.652186666666665,139.69647916666668,3,1,,,,
1,30,331,26,2,0,1,20120,0,113,2020,2,28,12,40,12,,,,,1,1,1,14,7,0,23,0,23,5,9,20,70,4,2,1,55,75,14,61,1,0,,,,,,,4,0,30,0,4,0,2,0,2,0,4,2,35.65170361111111,139.72211277777777,6,3,,,,
1,30,331,28,2,0,1,10650,0,113,2020,2,27,19,30,22,,,,,1,1,1,1,1,9,22,0,23,18,9,30,70,4,2,1,45,25,13,61,31,0,,,,,,,4,0,50,0,3,0,2,0,2,0,4,2,35.65179055555556,139.69568333333333,5,3,,,,
1,30,332,17,2,0,1,30000,0,113,2020,2,18,19,10,22,,,,,1,1,1,14,7,0,23,0,23,2,9,1,70,4,3,1,1,1,3,61,31,0,,,,,,,2,0,10,0,4,0,2,0,2,0,4,2,35.68391805555555,139.70098222222222,3,3,,,,
1,30,333,20,2,0,1,30000,0,113,2020,2,4,17,34,21,,,,,1,1,1,14,7,0,23,0,23,1,9,1,70,5,3,1,65,65,3,61,31,0,,,,,,,2,0,10,0,3,0,2,0,2,0,4,2,35.67972583333333,139.67128749999998,3,3,,,,
1,30,333,36,2,0,1,30000,0,113,2020,2,19,15,30,12,,,,,1,1,1,14,7,0,23,0,23,1,9,1,70,5,3,1,45,45,3,61,31,0,,,,,,,2,0,40,0,4,0,2,0,2,0,4,2,35.667680555555556,139.68166666666664,4,3,,,,
1,30,435,19,2,0,1,30000,0,104,2020,1,30,14,35,12,,,,,1,1,1,14,7,0,23,0,23,2,7,1,70,5,2,1,65,1,13,61,31,0,,,,,,,10,0,10,0,3,0,2,0,2,0,4,2,35.70105527777778,139.74113777777777,5,3,,,,
1,30,435,21,2,0,1,30000,0,104,2020,2,9,14,30,12,,,,,1,1,1,1,7,1,22,0,23,14,9,30,70,4,2,1,25,75,51,61,0,0,,,,,,,0,0,10,0,3,0,0,0,0,0,4,2,35.69275305555555,139.71278138888889,1,3,,,,
1,30,435,25,2,0,1,20290,0,104,2020,2,18,10,30,12,,,,,1,1,1,1,1,9,22,0,23,17,9,30,70,4,2,1,35,25,13,61,31,0,,,,,,,3,0,10,0,3,0,2,0,2,0,4,2,35.69912333333333,139.7299625,3,3,,,,
1,30,436,34,2,0,1,20000,0,104,2020,2,4,23,55,22,,,,,1,1,1,1,1,9,22,0,23,15,9,30,70,1,2,1,55,25,3,61,1,0,,,,,,,5,0,10,0,3,0,2,0,2,0,4,2,35.692729166666666,139.69930944444445,3,3,,,,
1,30,436,35,2,0,1,20000,0,104,2020,2,3,18,30,22,,,,,1,1,1,1,1,9,22,0,23,18,9,30,70,1,2,1,45,45,3,61,31,0,,,,,,,2,0,10,0,4,0,2,0,2,0,4,2,35.69679416666666,139.69050055555556,2,3,,,,
1,30,436,37,2,0,1,20000,0,104,2020,2,9,18,30,22,,,,,1,1,1,1,7,1,21,0,23,17,9,30,70,4,2,1,65,35,3,61,1,0,,,,,,,4,0,10,0,2,0,2,0,2,0,4,2,35.69139472222222,139.68793472222222,1,3,,,,
1,30,436,40,2,0,1,200,0,113,2020,2,14,15,55,12,,,,,2,1,1,7,1,0,23,0,23,4,9,1,70,1,1,1,25,65,35,61,31,0,,,,,,,10,0,10,0,2,0,0,0,0,0,4,2,35.68900333333333,139.7003983333333,6,3,,,,
1,30,436,41,2,0,1,90000,0,104,2020,2,14,11,25,12,,,,,2,1,1,0,7,0,23,0,23,0,0,20,70,0,2,1,75,45,3,61,1,0,,,,,,,1,0,40,0,4,0,2,0,2,0,4,2,35.704457500000004,139.69931805555555,6,3,,,,
1,30,436,44,2,0,1,30000,0,104,2020,2,6,10,29,12,,,,,1,1,1,1,1,9,22,0,23,14,9,30,70,5,2,1,55,35,3,61,31,0,,,,,,,10,0,20,0,4,0,2,0,2,0,4,2,35.69498194444444,139.70425916666665,5,3,,,,
1,30,436,47,2,0,1,20320,0,104,2020,2,21,3,40,22,,,,,1,1,1,7,1,0,23,0,23,5,9,1,70,1,2,1,65,75,3,61,31,0,,,,,,,4,0,10,0,3,0,2,0,2,0,4,2,35.69200194444444,139.68705722222222,6,3,,,,
1,30,436,52,2,0,1,30290,0,104,2020,1,27,22,10,22,,,,,3,1,2,14,7,0,23,0,23,5,9,1,70,4,2,1,55,45,51,61,0,0,,,,,,,0,0,10,0,3,0,0,0,0,0,4,2,35.69442222222222,139.6989227777778,2,3,,,,
1,30,436,53,2,0,1,20290,0,104,2020,2,26,3,40,22,,,,,1,1,1,14,7,0,23,0,23,4,9,20,70,4,2,1,45,25,3,61,1,0,,,,,,,10,0,0,0,4,0,2,0,2,0,4,2,35.70119833333334,139.70398694444444,4,3,,,,
1,30,436,54,2,0,1,30000,0,104,2020,2,2,23,1,22,,,,,1,1,1,14,7,0,23,0,23,3,9,1,70,5,2,1,35,1,3,61,31,0,,,,,,,10,0,40,0,4,0,2,0,2,0,4,2,35.695094166666664,139.7015361111111,1,3,,,,
1,30,436,55,2,0,1,30000,0,104,2020,2,22,15,42,12,,,,,1,1,1,14,7,0,23,0,23,3,9,1,70,5,4,1,25,35,51,61,0,0,,,,,,,0,0,40,0,4,0,0,0,0,0,4,2,35.699600277777776,139.70175305555554,7,2,,,,
1,30,437,14,2,0,1,95000,0,104,2019,12,29,7,30,11,,,,,1,1,1,0,7,0,23,0,23,0,0,20,70,0,2,1,45,1,51,61,0,0,,,,,,,0,0,10,0,4,0,0,0,0,0,4,2,35.7132725,139.70441277777778,1,3,,,,
1,30,437,22,2,0,1,30000,0,104,2020,2,20,1,11,22,,,,,1,1,1,1,7,9,22,0,23,14,8,30,70,4,2,1,75,55,3,61,1,0,,,,,,,3,0,10,0,3,0,2,0,2,0,4,2,35.707385,139.71534416666665,5,3,,,,
1,30,437,24,2,0,1,10220,0,104,2020,1,21,16,0,13,,,,,1,1,1,14,7,0,23,0,23,4,9,20,70,4,2,1,45,75,51,61,0,0,,,,,,,0,0,40,0,4,0,0,0,0,0,4,2,35.71307416666667,139.70100027777778,3,3,,,,
1,30,437,25,2,0,1,30000,0,104,2020,2,18,19,10,22,,,,,1,1,1,14,7,0,23,0,23,2,9,1,70,5,4,1,55,65,3,61,31,0,,,,,,,1,0,10,0,4,0,2,0,2,0,4,2,35.71461305555556,139.7030272222222,3,3,,,,
1,30,437,26,2,0,1,10220,0,104,2020,2,25,7,5,11,,,,,1,1,1,1,7,9,21,0,23,11,6,30,70,5,1,1,45,25,13,61,31,0,,,,,,,1,0,10,0,4,0,2,0,2,0,4,2,35.710056111111115,139.68272277777777,3,3,,,,
1,30,437,28,2,0,1,30000,0,104,2020,2,29,14,45,12,,,,,1,1,1,14,7,0,23,0,23,3,9,1,1,4,2,1,45,25,3,61,31,0,,,,,,,2,0,40,0,3,0,2,0,2,0,4,2,35.72126888888889,139.67879888888888,7,3,,,,
1,30,438,13,2,0,1,21030,0,104,2020,2,14,8,10,12,,,,,1,1,1,14,1,0,23,0,23,3,9,1,70,5,1,1,25,25,17,61,31,0,,,,,,,3,0,80,0,3,0,2,0,2,0,4,2,35.68865722222222,139.71026999999998,6,3,,,,
1,30,438,15,2,0,1,10120,0,104,2020,2,17,10,43,12,,,,,1,1,1,7,7,0,23,0,23,5,7,1,70,1,1,1,1,35,14,61,1,0,,,,,,,4,0,30,0,3,0,2,0,2,0,4,2,35.690977777777775,139.72272527777778,2,3,,,,
1,30,439,30,2,0,1,20280,0,114,2020,2,3,14,35,12,,,,,1,1,1,14,7,0,23,0,23,4,9,1,70,4,1,1,45,1,13,61,31,0,,,,,,,3,0,10,0,3,0,2,0,2,0,4,2,35.7018075,139.66655583333335,2,3,,,,
1,30,439,32,2,0,1,30000,0,114,2020,2,6,9,55,12,,,,,1,1,4,1,7,9,22,0,23,11,9,30,70,5,3,1,45,1,3,61,31,0,,,,,,,2,0,10,0,3,0,2,0,2,0,4,2,35.69537805555555,139.6641888888889,5,3,,,,
1,30,439,34,2,0,1,30000,0,114,2020,2,8,2,5,22,,,,,1,1,1,14,7,0,23,0,23,3,9,1,70,4,1,1,65,25,3,61,1,0,,,,,,,5,0,40,0,1,0,2,0,2,0,4,2,35.710841388888895,139.67988166666666,7,3,,,,
1,30,439,37,2,0,1,20290,0,114,2020,2,10,14,15,12,,,,,1,1,1,14,7,0,23,0,23,3,9,1,70,4,1,1,35,25,3,61,31,0,,,,,,,3,0,10,0,3,0,2,0,2,0,4,2,35.70160083333334,139.68619777777778,2,2,,,,
1,30,439,39,2,0,1,20280,0,114,2020,2,14,16,40,13,,,,,3,1,1,1,1,9,22,0,23,15,9,20,70,4,2,1,1,75,51,61,0,0,,,,,,,0,0,10,0,3,0,0,0,0,0,4,2,35.7025725,139.66562972222223,6,3,,,,
1,30,439,45,2,0,1,30000,0,114,2020,2,19,22,42,22,,,,,1,1,1,14,7,0,23,0,23,3,9,1,70,5,3,1,45,25,36,61,31,0,,,,,,,2,0,10,0,3,0,0,0,0,0,4,2,35.693123888888884,139.68242194444443,4,3,,,,
1,30,439,46,2,0,1,20280,0,114,2020,2,20,10,0,12,,,,,1,1,1,14,7,0,23,0,23,4,9,20,70,4,2,1,45,75,1,61,1,0,,,,,,,3,0,30,0,4,0,2,0,2,0,4,2,35.6979925,139.66744,5,3,,,,
1,30,439,48,2,0,1,30000,0,114,2020,2,24,14,55,12,,,,,1,1,1,1,7,9,22,0,23,11,9,30,70,5,2,1,35,35,51,61,0,0,,,,,,,0,0,10,0,4,0,0,0,0,0,4,2,35.70532027777778,139.66869388888887,2,1,,,,
1,30,439,55,2,0,1,10220,0,114,2020,2,27,18,15,21,,,,,1,1,1,1,1,9,22,0,23,14,9,30,70,5,2,1,25,65,51,61,0,0,,,,,,,0,0,40,0,3,0,0,0,0,0,4,2,35.709941944444445,139.68264194444444,5,3,,,,
1,30,439,56,2,0,1,10160,0,114,2020,2,17,16,30,13,,,,,1,1,1,14,7,0,23,0,23,5,9,1,70,1,2,1,35,1,51,61,0,0,,,,,,,0,0,10,0,3,0,0,0,0,0,4,2,35.70625777777778,139.68254805555554,2,3,,,,
1,30,440,26,2,0,1,30000,0,114,2020,1,22,17,3,21,,,,,1,1,1,1,7,9,22,0,23,15,9,30,70,5,3,1,35,1,3,61,31,0,,,,,,,2,0,20,0,3,0,2,0,2,0,4,2,35.726950555555554,139.66599666666667,4,3,,,,
1,30,440,37,2,0,1,30000,0,114,2020,2,8,8,5,12,,,,,1,1,1,14,7,0,23,0,23,2,9,1,70,5,4,1,25,1,51,61,0,0,,,,,,,0,0,10,0,3,0,0,0,0,0,4,2,35.71693583333334,139.6692297222222,7,3,,,,