資料区分,都道府県コード,警察署等コード,本票番号,事故内容,死者数,負傷者数,路線コード,地点コード,市区町村コード,発生日時　　年,発生日時　　月,発生日時　　日,発生日時　　時,発生日時　　分,昼夜,日の出時刻　　時,日の出時刻　　分,日の入り時刻　　時,日の入り時刻　　分,天候,地形,路面状態,道路形状,信号機,一時停止規制　標識（当事者A）,一時停止規制　表示（当事者A）,一時停止規制　標識（当事者B）,一時停止規制　表示（当事者B）,車道幅員,道路線形,衝突地点,ゾーン規制,中央分離帯施設等,歩車道区分,事故類型,年齢（当事者A）,年齢（当事者B）,当事者種別（当事者A）,当事者種別（当事者B）,用途別（当事者A）,用途別（当事者B）,車両形状等（当事者A）,車両形状等（当事者B）,オートマチック車（当事者A）,オートマチック車（当事者B）,サポカー（当事者A）,サポカー（当事者B）,速度規制（指定のみ）（当事者A）,速度規制（指定のみ）（当事者B）,車両の衝突部位（当事者A）,車両の衝突部位（当事者B）,車両の損壊程度（当事者A）,車両の損壊程度（当事者B）,エアバッグの装備（当事者A）,エアバッグの装備（当事者B）,サイドエアバッグの装備（当事者A）,サイドエアバッグの装備（当事者B）,人身損傷程度（当事者A）,人身損傷程度（当事者B）,lat,lon,曜日(発生年月日),祝日(発生年月日),認知機能検査経過日数（当事者A）,認知機能検査経過日数（当事者B）,運転練習の方法（当事者A）,運転練習の方法（当事者B）
1,30,440,39,2,0,1,10250,0,114,2020,2,10,13,20,12,,,,,1,1,1,14,7,0,23,0,23,3,9,1,70,4,1,1,1,65,51,61,0,0,,,,,,,0,0,10,0,3,0,0,0,0,0,4,2,35.72389833333334,139.67160277777776,2,2,,,,
1,30,440,45,2,0,1,30000,0,114,2020,2,10,15,55,12,,,,,1,1,1,14,7,0,23,0,23,3,9,1,70,5,1,1,55,45,3,61,31,0,,,,,,,4,0,40,0,4,0,2,0,2,0,4,2,35.719885000000005,139.6538661111111,2,2,,,,
1,30,440,50,2,0,1,30000,0,114,2020,2,20,11,50,12,,,,,1,1,1,14,7,0,23,0,23,3,9,1,70,5,3,1,55,0,61,0,0,0,,,,,,,0,0,0,0,0,0,0,0,0,0,2,0,35.71870777777778,139.6528761111111,5,3,,,,
1,30,440,53,2,0,1,30000,0,114,2020,2,22,12,50,12,,,,,1,1,1,14,7,0,23,0,23,2,9,1,70,5,3,1,35,45,3,61,31,0,,,,,,,1,0,40,0,3,0,2,0,2,0,4,2,35.71872333333334,139.65279194444446,7,2,,,,
1,30,441,35,2,0,1,30880,0,115,2020,2,22,21,40,22,,,,,2,1,1,14,7,0,23,0,23,3,8,1,70,4,2,1,1,65,51,61,0,0,,,,,,,0,0,20,0,4,0,0,0,0,0,4,2,35.7042,139.64957388888888,7,2,,,,
1,30,441,42,2,0,1,30000,0,115,2020,2,29,11,45,12,,,,,1,1,1,1,7,9,22,0,23,11,9,30,70,5,4,1,55,55,13,61,31,0,,,,,,,10,0,70,0,4,0,2,0,2,0,4,2,35.696058611111106,139.65191555555555,7,3,,,,
1,30,442,43,2,0,1,10230,0,115,2020,2,25,21,10,22,,,,,2,1,1,1,1,9,22,0,23,18,9,30,70,5,2,1,45,55,14,61,31,0,,,,,,,3,0,10,0,3,0,2,0,2,0,4,2,35.68272777777778,139.64726944444445,3,3,,,,
1,30,442,44,2,0,1,10200,0,112,2020,2,26,15,30,12,,,,,2,1,1,1,7,9,22,0,23,17,9,20,70,1,1,1,65,1,51,61,0,0,,,,,,,0,0,10,0,3,0,0,0,0,0,4,2,35.67456194444444,139.61383805555556,4,3,,,,
1,30,442,48,2,0,1,30000,0,115,2020,2,10,16,40,13,,,,,1,1,1,14,7,0,23,0,23,2,9,1,70,5,4,1,1,0,61,0,0,0,,,,,,,0,0,0,0,0,0,0,0,0,0,2,0,35.675760277777776,139.6312841666667,2,2,,,,
1,30,442,49,2,0,1,30000,0,115,2020,2,22,13,20,12,,,,,1,1,1,14,7,0,23,0,23,1,7,1,70,5,3,1,65,35,3,61,31,0,,,,,,,1,0,40,0,3,0,2,0,2,0,4,2,35.687033888888884,139.59971722222224,7,2,,,,
1,30,443,21,2,0,1,20430,0,120,2020,2,7,6,50,11,,,,,1,1,1,14,7,0,23,0,23,4,9,1,70,4,2,1,45,55,3,61,31,0,,,,,,,3,0,40,0,4,0,2,0,2,0,4,2,35.72750277777778,139.60674083333333,6,3,,,,
1,30,443,23,2,0,1,30310,0,115,2020,2,7,18,0,21,,,,,1,1,1,14,7,0,23,0,23,3,9,1,70,4,3,1,65,45,3,61,31,0,,,,,,,2,0,20,0,3,0,2,0,2,0,4,2,35.711733055555555,139.6286938888889,6,3,,,,
1,30,545,10,2,0,1,10100,0,105,2020,2,14,18,25,22,,,,,2,1,2,1,1,9,22,0,23,15,9,30,70,1,1,1,25,1,51,61,0,0,,,,,,,0,0,10,0,4,0,0,0,0,0,4,2,35.725989444444444,139.74569305555553,6,3,,,,
1,30,545,11,2,0,1,20000,0,105,2020,2,14,20,30,22,,,,,2,1,1,1,1,9,22,0,23,14,9,30,70,4,1,1,45,65,36,61,31,0,,,,,,,2,0,10,0,3,0,0,0,0,0,4,2,35.71579222222223,139.74710833333333,6,3,,,,
1,30,546,17,2,0,1,30000,0,105,2020,2,10,18,55,22,,,,,1,1,1,1,7,9,22,0,23,14,9,30,70,4,1,1,65,65,4,61,31,0,,,,,,,3,0,20,0,4,0,2,0,2,0,4,2,35.72023388888889,139.73463166666664,2,2,,,,
1,30,546,22,2,0,1,2540,37,105,2020,2,27,21,27,22,,,,,1,1,1,1,1,9,22,0,23,19,9,30,70,5,2,1,45,1,4,61,31,0,,,,,,,4,0,10,0,2,0,2,0,2,0,4,2,35.72595166666667,139.72977194444445,5,3,,,,
1,30,547,11,2,0,1,20400,0,105,2020,2,1,19,33,22,,,,,1,1,1,1,1,9,22,0,23,18,9,30,70,1,2,1,45,25,3,61,31,0,,,,,,,4,0,10,0,3,0,2,0,2,0,4,2,35.7057425,139.76077166666667,7,3,,,,
1,30,547,12,2,0,1,20390,0,105,2020,2,5,18,45,22,,,,,1,1,1,14,7,0,23,0,23,2,9,1,70,1,1,1,45,75,52,61,0,0,,,,,,,0,0,10,0,3,0,0,0,0,0,4,2,35.708353888888894,139.75437861111112,4,3,,,,
1,30,547,14,2,0,1,20400,0,105,2020,2,16,1,15,22,,,,,1,1,1,14,7,0,23,0,23,5,9,1,70,4,2,1,65,35,3,61,1,0,,,,,,,4,0,10,0,3,0,2,0,2,0,4,2,35.71367555555556,139.75923583333332,1,3,,,,
1,30,548,9,2,0,1,30900,0,105,2020,2,4,18,30,22,,,,,1,1,1,14,1,0,23,0,23,2,8,1,70,4,2,1,35,25,51,61,0,0,,,,,,,0,0,14,0,3,0,0,0,0,0,4,2,35.72063583333333,139.75920888888888,3,3,,,,
1,30,548,12,2,0,1,99000,0,105,2020,1,28,8,40,12,,,,,3,1,2,0,7,0,23,0,23,0,0,20,70,0,2,1,65,65,3,61,31,0,,,,,,,10,0,15,0,3,0,2,0,2,0,4,2,35.730272222222226,139.75689444444444,3,3,,,,
1,30,549,19,2,0,1,30000,0,116,2020,2,23,16,55,13,,,,,1,1,1,13,7,0,23,0,23,3,3,20,70,5,1,1,35,65,3,61,31,0,,,,,,,5,0,10,0,4,0,2,0,1,0,4,2,35.73295666666667,139.73979972222222,1,1,,,,
1,30,549,23,2,0,1,2540,39,116,2020,2,6,5,20,22,,,,,1,1,1,7,1,0,23,0,23,2,9,1,70,5,1,1,65,45,3,61,1,0,,,,,,,4,0,10,0,3,0,2,0,2,0,4,2,35.72701722222222,139.72811416666667,5,3,,,,
1,30,550,27,2,0,1,30000,0,116,2020,2,2,13,40,12,,,,,1,1,1,14,7,0,23,0,23,3,9,1,70,5,3,1,45,45,13,61,31,0,,,,,,,10,0,40,0,4,0,2,0,2,0,4,2,35.72974694444444,139.71534055555554,1,3,,,,
1,30,550,28,2,0,1,30000,0,116,2020,2,8,12,20,12,,,,,1,1,1,14,7,0,23,0,23,3,9,1,70,5,3,1,45,35,14,61,31,0,,,,,,,10,0,20,0,4,0,2,0,2,0,4,2,35.73266638888889,139.71004138888887,7,3,,,,
1,30,550,33,2,0,1,30000,0,116,2020,2,21,19,5,22,,,,,1,1,1,1,7,9,22,0,23,11,9,30,70,5,2,1,25,35,3,61,31,0,,,,,,,5,0,40,0,3,0,2,0,2,0,4,2,35.73249555555556,139.71097583333332,6,3,,,,
1,30,550,34,2,0,1,2540,51,116,2020,2,29,14,0,12,,,,,2,1,1,14,1,0,23,0,23,3,9,1,70,5,1,1,25,35,4,61,31,0,,,,,,,10,0,10,0,3,0,2,0,2,0,4,2,35.7329225,139.71763777777778,7,3,,,,
1,30,551,7,1,1,0,20420,0,116,2020,1,25,5,3,22,,,,,2,1,1,1,1,9,22,0,23,17,9,30,70,5,2,1,45,75,3,61,31,0,,,,,,,10,0,10,0,3,0,2,0,2,0,4,1,35.73871888888889,139.68892888888888,7,3,,,,
1,30,552,10,2,0,1,30000,0,117,2020,2,2,11,43,12,,,,,1,1,1,7,7,0,23,0,23,2,9,1,70,5,3,1,1,75,36,61,31,0,,,,,,,10,0,10,0,4,0,0,0,0,0,4,2,35.744994166666665,139.723095,1,3,,,,
1,30,552,15,2,0,1,30000,0,117,2020,2,5,17,55,21,,,,,1,1,1,1,1,9,22,0,23,15,9,30,70,4,2,1,65,65,3,61,31,0,,,,,,,2,0,10,0,3,0,2,0,2,0,4,2,35.735772777777775,139.75236805555556,4,3,,,,
1,30,552,16,2,0,1,10090,0,117,2020,2,6,15,13,12,,,,,1,1,1,7,1,0,23,0,23,4,9,1,70,1,2,1,65,35,13,61,31,0,,,,,,,4,0,20,0,4,0,2,0,2,0,4,2,35.741482777777776,139.7648575,5,3,,,,
1,30,552,17,2,0,1,30000,0,117,2020,2,8,14,20,12,,,,,1,1,1,14,7,0,23,0,23,2,9,1,70,5,4,1,55,45,3,61,1,0,,,,,,,5,0,20,0,3,0,2,0,2,0,4,2,35.75042277777778,139.7455425,7,3,,,,
1,30,552,26,2,0,1,30000,0,117,2020,2,23,14,14,12,,,,,1,1,1,14,7,0,23,0,23,3,9,1,70,4,2,1,25,55,17,61,31,0,,,,,,,2,0,10,0,3,0,2,0,2,0,4,2,35.74546277777778,139.7205211111111,1,1,,,,
1,30,552,29,2,0,1,30000,0,117,2020,2,28,20,2,22,,,,,1,1,1,1,7,9,22,0,23,14,9,30,70,5,1,1,25,25,51,61,0,0,,,,,,,0,0,20,0,4,0,0,0,0,0,4,2,35.74185555555556,139.7615827777778,6,3,,,,
1,30,553,17,2,0,1,30000,0,117,2020,2,16,18,40,22,,,,,3,1,2,14,7,0,23,0,23,3,9,1,70,5,3,1,25,1,3,61,31,0,,,,,,,10,0,20,0,4,0,2,0,2,0,4,2,35.75094888888889,139.74848194444442,1,3,,,,
1,30,553,18,2,0,1,30000,0,117,2020,2,21,15,2,12,,,,,1,1,1,14,7,0,23,0,23,3,9,1,70,4,3,1,65,45,3,61,31,0,,,,,,,3,0,40,0,3,0,2,0,2,0,4,2,35.7651025,139.72462222222222,6,3,,,,
1,30,554,12,2,0,1,30370,0,117,2019,12,24,1,15,22,,,,,1,1,1,1,1,9,22,0,23,18,9,30,70,1,2,1,45,75,3,61,31,0,,,,,,,4,0,20,0,4,0,2,0,2,0,4,2,35.781775555555555,139.72258638888889,3,3,,,,
1,30,554,13,2,0,1,30000,0,117,2020,2,1,13,50,12,,,,,1,1,1,14,7,0,23,0,23,3,9,1,70,5,3,1,75,45,51,61,0,0,,,,,,,0,0,10,0,4,0,0,0,0,0,4,2,35.77944,139.72448555555556,7,3,,,,
1,30,554,20,2,0,1,1220,0,117,2020,2,22,22,54,22,,,,,1,1,1,1,1,8,22,0,23,18,9,30,70,1,1,1,35,25,4,61,31,0,,,,,,,10,0,50,0,3,0,2,0,2,0,4,2,35.774072777777775,139.73319722222223,7,2,,,,
1,30,555,42,2,0,1,30000,0,119,2020,2,3,12,1,12,,,,,1,1,1,14,7,0,23,0,23,3,9,20,70,5,3,1,55,25,3,61,31,0,,,,,,,5,0,10,0,3,0,2,0,2,0,4,2,35.74807166666667,139.71955666666668,2,3,,,,
1,30,555,43,2,0,1,30000,0,119,2020,2,5,14,20,12,,,,,1,1,1,14,7,0,23,0,23,1,9,1,70,5,3,1,55,75,24,61,0,0,,,,,,,10,0,70,0,3,0,0,0,0,0,4,2,35.74494138888889,139.7092113888889,4,3,,,,
1,30,555,45,2,0,1,170,95,119,2020,2,10,2,56,22,,,,,1,1,1,1,1,9,22,0,23,18,9,30,70,1,1,1,55,25,3,61,31,0,,,,,,,5,0,10,0,2,0,2,0,2,0,4,2,35.749024722222224,139.71766722222222,2,2,,,,
1,30,555,46,2,0,1,30000,0,119,2020,1,24,13,30,12,,,,,1,1,1,14,7,0,23,0,23,4,9,1,70,4,1,1,45,65,51,61,0,0,,,,,,,0,0,10,0,4,0,0,0,0,0,4,2,35.7475825,139.71833694444445,6,3,,,,
1,30,555,48,2,0,1,10160,0,119,2020,2,8,21,10,22,,,,,1,1,1,1,1,9,22,0,23,18,9,30,70,1,2,1,25,65,34,61,31,0,,,,,,,4,0,10,0,3,0,0,0,0,0,4,2,35.738533333333336,139.70407583333332,7,3,,,,
1,30,555,56,2,0,1,30000,0,119,2020,2,20,20,20,22,,,,,1,1,1,1,7,1,21,0,23,14,9,30,70,5,3,1,55,25,14,61,1,0,,,,,,,10,0,10,0,3,0,2,0,2,0,4,2,35.764962777777775,139.6779672222222,5,3,,,,
1,30,555,58,2,0,1,30000,0,119,2020,2,21,9,21,12,,,,,1,1,1,14,7,0,23,0,23,3,9,1,70,5,3,1,1,35,51,61,0,0,,,,,,,0,0,10,0,3,0,0,0,0,0,4,2,35.75311166666667,139.69382027777777,6,3,,,,
1,30,555,61,2,0,1,30000,0,119,2020,2,21,15,35,12,,,,,1,1,1,14,7,0,23,0,23,3,9,20,70,5,3,1,45,1,14,61,1,0,,,,,,,3,0,10,0,3,0,2,0,2,0,4,2,35.76114277777778,139.7021161111111,6,3,,,,
1,30,555,65,2,0,1,10130,0,119,2020,1,13,17,10,21,,,,,1,1,1,1,1,9,22,0,23,17,9,30,70,1,1,1,65,45,3,61,31,0,,,,,,,4,0,40,0,4,0,2,0,2,0,4,2,35.75143944444444,139.6830572222222,2,1,,,,
1,30,556,46,2,0,1,30000,0,119,2020,2,27,8,20,12,,,,,1,1,1,1,1,9,22,0,23,14,9,30,70,4,2,1,45,65,51,61,0,0,,,,,,,0,0,10,0,4,0,0,0,0,0,4,2,35.76472916666667,139.70506944444443,5,3,,,,
1,30,557,42,2,0,1,30000,0,120,2020,2,2,13,0,12,,,,,1,1,1,14,7,0,23,0,23,2,9,1,70,5,3,1,1,75,51,61,0,0,,,,,,,0,0,10,0,4,0,0,0,0,0,4,2,35.7394175,139.66512777777777,1,3,,,,
1,30,557,46,2,0,1,30000,0,120,2020,2,17,22,15,22,,,,,1,1,1,1,1,9,22,0,23,11,9,30,70,5,2,1,45,75,3,61,31,0,,,,,,,2,0,10,0,3,0,2,0,2,0,4,2,35.75087305555556,139.63491888888888,2,3,,,,
1,30,557,47,2,0,1,10200,0,120,2020,2,18,20,25,22,,,,,1,1,1,1,1,9,22,0,23,14,9,30,70,1,2,1,45,45,13,61,31,0,,,,,,,10,0,10,0,4,0,2,0,2,0,4,2,35.759281111111115,139.65526583333335,3,3,,,,
1,30,557,55,2,0,1,30000,0,120,2020,2,26,15,50,12,,,,,2,1,1,1,7,1,21,0,23,15,9,30,70,4,2,1,45,65,3,61,31,0,,,,,,,10,0,10,0,4,0,2,0,2,0,4,2,35.734117777777776,139.6474663888889,4,3,,,,
1,30,557,56,2,0,1,20430,0,120,2020,2,3,12,40,12,,,,,1,1,1,1,1,1,22,0,23,14,9,30,70,4,2,1,65,35,3,61,31,0,,,,,,,3,0,10,0,4,0,2,0,2,0,4,2,35.737608055555555,139.66858194444444,2,3,,,,
1,30,557,59,2,0,1,30000,0,120,2020,2,24,18,18,21,,,,,1,1,1,1,7,9,22,0,23,15,9,30,70,5,3,1,25,1,51,61,0,0,,,,,,,0,0,10,0,3,0,0,0,0,0,4,2,35.74924,139.65736,2,1,,,,
1,30,558,30,2,0,1,30000,0,120,2020,2,3,11,45,12,,,,,1,1,1,7,1,0,23,0,23,1,9,1,70,5,3,1,45,75,3,61,31,0,,,,,,,2,0,10,0,3,0,2,0,2,0,4,2,35.74026861111111,139.6083011111111,2,3,,,,
1,30,558,44,2,0,1,30000,0,120,2020,2,21,7,43,12,,,,,1,1,1,1,7,1,21,0,23,11,9,30,70,5,3,1,35,35,3,61,31,0,,,,,,,10,0,10,0,4,0,2,0,2,0,4,2,35.73137555555556,139.60204861111112,6,3,,,,
1,30,558,50,2,0,1,30000,0,120,2020,2,28,5,59,23,,,,,1,1,1,7,1,0,23,0,23,1,9,1,70,5,2,1,35,55,3,61,31,0,,,,,,,2,0,40,0,3,0,2,0,2,0,4,2,35.7555975,139.56683083333334,6,3,,,,
1,30,558,55,2,0,1,30000,0,120,2020,2,19,19,13,22,,,,,1,1,1,1,7,1,21,0,23,14,9,30,70,5,2,1,45,45,14,61,31,0,,,,,,,10,0,10,0,3,0,2,0,2,0,4,2,35.76094777777778,139.59535444444447,4,3,,,,
1,30,558,57,2,0,1,20520,0,120,2020,1,29,19,15,22,,,,,1,1,1,1,7,1,21,0,23,15,9,30,70,1,2,1,55,45,3,61,31,0,,,,,,,2,0,80,0,4,0,2,0,2,0,4,2,35.75761722222222,139.5948791666667,4,3,,,,
1,30,558,58,2,0,1,30000,0,120,2020,2,28,8,50,12,,,,,1,1,1,1,7,9,22,0,23,14,9,30,70,5,3,1,1,1,13,61,31,0,,,,,,,2,0,40,0,4,0,2,0,2,0,4,2,35.7467825,139.5812572222222,6,3,,,,
1,30,559,22,2,0,1,30000,0,119,2020,1,10,19,54,22,,,,,1,1,1,14,7,0,23,0,23,1,9,1,70,5,3,1,25,1,51,61,0,0,,,,,,,0,0,22,0,3,0,0,0,0,0,4,2,35.76882305555556,139.66128055555555,6,3,,,,
1,30,559,24,2,0,1,30000,0,119,2020,2,28,18,40,22,,,,,1,1,1,14,7,0,23,0,23,2,9,20,70,5,3,1,1,35,51,61,0,0,,,,,,,0,0,10,0,4,0,0,0,0,0,4,2,35.777409999999996,139.63619972222222,6,3,,,,
1,30,559,26,2,0,1,30000,0,119,2020,2,29,16,45,13,,,,,1,1,1,7,1,0,23,0,23,3,6,1,70,4,2,1,65,1,4,61,31,0,,,,,,,3,0,40,0,3,0,2,0,2,0,4,2,35.781845,139.63782194444443,7,3,,,,
1,30,560,40,2,0,2,30000,0,120,2020,1,16,18,40,22,,,,,1,1,1,1,7,9,22,0,23,11,9,30,70,5,3,1,55,25,3,61,31,0,,,,,,,5,0,30,0,3,0,2,0,2,0,4,2,35.764834722222226,139.6163838888889,5,3,,,,
1,30,560,43,2,0,1,30000,0,120,2020,2,14,12,0,12,,,,,2,1,1,14,7,0,23,0,23,3,9,1,70,4,1,1,25,45,4,61,31,0,,,,,,,10,0,80,0,3,0,2,0,2,0,4,2,35.75952222222222,139.62744,6,3,,,,
1,30,560,49,2,0,1,30000,0,120,2020,2,21,18,45,22,,,,,1,1,1,1,7,9,22,0,23,14,9,30,70,5,1,1,65,55,3,61,31,0,,,,,,,2,0,10,0,3,0,2,0,2,0,4,2,35.73363027777778,139.6260061111111,6,3,,,,
1,30,560,64,2,0,1,30000,0,120,2020,2,28,17,0,13,,,,,1,1,1,1,7,9,22,0,23,14,9,30,70,4,1,1,45,35,14,61,1,0,,,,,,,10,0,10,0,4,0,2,0,2,0,4,2,35.75626694444444,139.62669333333335,6,3,,,,
1,30,660,18,2,0,1,20390,0,106,2019,11,29,7,44,12,,,,,1,1,1,1,7,1,22,0,23,18,9,30,70,5,3,1,65,45,17,61,31,0,,,,,,,3,0,50,0,4,0,2,0,2,0,4,2,35.70800694444445,139.7737925,6,3,,,,
1,30,660,30,2,0,1,20370,0,106,2020,2,11,18,9,21,,,,,1,1,1,1,1,9,22,0,23,15,9,20,70,4,2,1,1,75,51,61,0,0,,,,,,,0,0,10,0,4,0,0,0,0,0,4,2,35.71241694444445,139.7685925,3,1,,,,
1,30,660,35,2,0,1,99000,0,106,2020,2,27,11,8,12,,,,,1,1,1,0,7,0,23,0,23,0,0,20,70,0,4,1,65,75,3,61,1,0,,,,,,,10,0,40,0,4,0,2,0,2,0,4,2,35.70991166666667,139.77964111111112,5,3,,,,
1,30,661,14,2,0,1,10300,0,106,2020,1,28,17,35,21,,,,,3,1,2,1,1,9,22,0,23,18,9,30,70,1,2,1,35,35,51,61,0,0,,,,,,,0,0,10,0,4,0,0,0,0,0,4,2,35.720017222222225,139.78373277777777,3,3,,,,
1,30,661,15,2,0,1,30000,0,106,2020,2,29,12,20,12,,,,,1,1,1,14,7,0,23,0,23,4,9,1,70,4,1,1,45,55,51,61,0,0,,,,,,,0,0,20,0,4,0,0,0,0,0,4,2,35.73076944444445,139.76357194444444,7,3,,,,
1,30,662,14,2,0,1,30000,0,106,2020,2,19,18,18,21,,,,,1,1,1,14,7,0,23,0,23,3,9,1,70,5,4,1,55,45,51,61,0,0,,,,,,,0,0,20,0,4,0,0,0,0,0,4,2,35.71602222222222,139.79379083333333,4,3,,,,
1,30,663,5,2,0,1,20560,0,106,2020,2,1,17,29,21,,,,,1,1,1,1,1,9,22,0,23,19,9,30,70,1,2,1,55,35,35,61,31,0,,,,,,,4,0,10,0,3,0,0,0,0,0,4,2,35.70291277777778,139.79004277777778,7,3,,,,
1,30,663,11,2,0,1,30000,0,106,2020,2,12,17,40,21,,,,,1,1,1,1,7,1,22,0,23,14,9,30,70,5,2,1,25,75,13,61,31,0,,,,,,,2,0,20,0,3,0,2,0,2,0,4,2,35.7018025,139.78246305555558,4,3,,,,
1,30,664,9,2,0,1,21060,0,118,2020,2,6,15,10,12,,,,,1,1,1,1,7,9,22,0,23,17,9,30,1,1,1,1,65,1,13,61,31,0,,,,,,,2,0,40,0,3,0,2,0,2,0,4,2,35.750730833333336,139.7594511111111,5,3,,,,
1,30,666,16,2,0,2,10340,0,118,2019,10,31,18,38,22,,,,,1,1,1,7,7,0,23,0,23,2,9,1,70,4,2,1,45,1,34,61,31,0,,,,,,,3,0,10,0,3,0,0,0,0,0,2,2,35.7415425,139.77971583333334,5,3,,,,
1,30,666,18,2,0,1,20410,0,118,2020,1,28,17,50,21,,,,,3,1,2,1,1,9,22,0,23,11,9,20,70,4,2,1,1,65,51,61,0,0,,,,,,,0,0,10,0,3,0,0,0,0,0,4,2,35.7350525,139.7732502777778,3,3,,,,
1,30,667,15,2,0,1,30000,0,121,2020,2,6,13,55,12,,,,,1,1,1,7,7,0,23,0,23,2,9,1,70,5,3,1,55,0,61,0,0,0,,,,,,,0,0,0,0,0,0,0,0,0,0,2,0,35.749703333333336,139.7989736111111,5,3,,,,
1,30,668,53,2,0,1,20610,0,121,2020,2,20,4,25,22,,,,,1,1,1,14,7,0,23,0,23,4,9,1,70,4,1,1,45,45,35,61,31,0,,,,,,,3,0,10,0,3,0,0,0,0,0,4,2,35.795492499999995,139.76172555555556,5,3,,,,
1,30,668,55,2,0,1,95000,0,121,2020,2,23,13,14,12,,,,,1,1,1,1,7,9,22,0,23,14,9,30,70,4,2,1,25,1,3,61,31,0,,,,,,,3,0,50,0,3,0,2,0,2,0,4,2,35.78291472222222,139.77186111111112,1,1,,,,
1,30,668,61,2,0,1,30790,0,121,2020,2,27,18,19,21,,,,,1,1,1,1,1,9,22,0,23,18,9,30,70,1,2,1,75,75,4,61,31,0,,,,,,,10,0,10,0,3,0,2,0,2,0,4,2,35.769977499999996,139.78109722222223,5,3,,,,
1,30,669,46,1,1,0,30000,0,121,2020,2,23,1,4,22,,,,,1,1,1,14,7,0,23,0,23,4,9,1,70,4,2,1,55,35,3,61,31,0,,,,,,,3,0,10,0,3,0,2,0,2,0,4,1,35.761537777777775,139.82419833333333,1,1,,,,
1,30,669,48,2,0,1,30000,0,121,2020,2,1,10,50,12,,,,,1,1,1,14,7,0,23,0,23,1,9,1,70,4,2,1,45,75,51,61,0,0,,,,,,,0,0,0,0,4,0,0,0,0,0,4,2,35.77941833333333,139.81098972222225,7,3,,,,
1,30,669,55,2,0,1,30000,0,121,2020,2,3,14,55,12,,,,,2,1,1,14,7,0,23,0,23,3,9,1,70,5,1,1,25,65,14,61,1,0,,,,,,,5,0,30,0,4,0,2,0,2,0,4,2,35.76204055555556,139.81369194444446,2,3,,,,
1,30,669,60,2,0,1,30000,0,121,2020,2,8,11,50,12,,,,,1,1,1,1,1,9,22,0,23,14,9,30,70,4,2,1,1,35,36,61,31,0,,,,,,,2,0,40,0,3,0,0,0,0,0,4,2,35.78201472222222,139.82799583333332,7,3,,,,
1,30,669,83,2,0,1,30000,0,121,2020,2,7,15,20,12,,,,,1,1,1,1,1,9,22,0,23,15,9,30,70,4,2,1,65,35,13,61,31,0,,,,,,,2,0,40,0,3,0,2,0,2,0,4,2,35.76231166666667,139.82418416666667,6,3,,,,
1,30,669,88,2,0,1,20000,0,121,2020,2,22,20,15,22,,,,,3,1,2,1,7,1,22,0,23,14,9,30,70,4,2,1,65,55,3,61,31,0,,,,,,,10,0,10,0,3,0,2,0,2,0,4,2,35.762413611111114,139.8251688888889,7,2,,,,
1,30,669,92,2,0,2,10360,0,121,2020,2,25,17,20,13,,,,,1,1,1,7,1,0,23,0,23,2,9,1,70,4,1,1,25,55,35,61,31,0,,,,,,,3,0,14,0,3,0,0,0,0,0,2,2,35.76069722222222,139.82904055555557,3,3,,,,
1,30,669,93,2,0,1,30000,0,121,2020,2,26,8,2,12,,,,,2,1,2,1,7,9,22,0,23,11,9,30,70,4,2,1,1,25,3,61,31,0,,,,,,,2,0,10,0,3,0,2,0,2,0,4,2,35.777497777777775,139.83905833333336,4,3,,,,
1,30,670,46,2,0,1,20000,0,121,2020,2,15,20,4,22,,,,,1,1,1,1,1,9,22,0,23,17,9,30,70,4,2,1,35,45,3,61,31,0,,,,,,,3,0,20,0,3,0,2,0,2,0,4,2,35.807630555555555,139.8107488888889,7,3,,,,
1,30,670,49,2,0,1,30000,0,121,2020,2,25,17,50,21,,,,,2,1,1,1,7,1,21,0,23,14,9,30,70,4,2,1,65,65,4,61,31,0,,,,,,,10,0,10,0,3,0,2,0,2,0,4,2,35.788975,139.82337222222222,3,3,,,,
1,30,771,34,2,0,2,20680,0,108,2020,2,2,12,50,12,,,,,1,1,1,1,7,9,22,0,23,14,9,30,70,4,1,1,1,65,34,61,31,0,,,,,,,4,0,10,0,3,0,0,0,0,0,2,2,35.68614722222222,139.79836944444443,1,3,,,,
1,30,771,35,2,0,1,30000,0,108,2020,2,2,21,40,22,,,,,1,1,1,14,7,0,23,0,23,2,9,1,1,4,2,1,45,35,51,61,0,0,,,,,,,0,0,10,0,4,0,0,0,0,0,4,2,35.658364722222224,139.79527638888888,1,3,,,,
1,30,771,43,2,0,1,30000,0,108,2020,2,9,16,55,13,,,,,1,1,1,14,7,0,23,0,23,4,9,1,70,1,2,1,1,35,51,61,0,0,,,,,,,0,0,10,0,4,0,0,0,0,0,4,2,35.65443611111111,139.79873916666668,1,3,,,,
1,30,771,47,2,0,1,20540,0,108,2020,1,25,3,58,22,,,,,2,1,1,14,7,0,23,0,23,4,9,1,70,4,1,1,65,35,3,61,1,0,,,,,,,3,0,40,0,4,0,2,0,2,0,4,2,35.68295027777778,139.81310555555558,7,3,,,,
1,30,772,30,2,0,1,10090,0,108,2020,2,5,19,39,22,,,,,1,1,1,14,1,0,23,0,23,5,9,1,70,5,2,1,1,65,3,61,31,0,,,,,,,4,0,10,0,2,0,2,0,2,0,4,2,35.702039722222224,139.82534583333333,4,3,,,,