資料区分,都道府県コード,警察署等コード,本票番号,事故内容,死者数,負傷者数,路線コード,地点コード,市区町村コード,発生日時　　年,発生日時　　月,発生日時　　日,発生日時　　時,発生日時　　分,昼夜,日の出時刻　　時,日の出時刻　　分,日の入り時刻　　時,日の入り時刻　　分,天候,地形,路面状態,道路形状,信号機,一時停止規制　標識（当事者A）,一時停止規制　表示（当事者A）,一時停止規制　標識（当事者B）,一時停止規制　表示（当事者B）,車道幅員,道路線形,衝突地点,ゾーン規制,中央分離帯施設等,歩車道区分,事故類型,年齢（当事者A）,年齢（当事者B）,当事者種別（当事者A）,当事者種別（当事者B）,用途別（当事者A）,用途別（当事者B）,車両形状等（当事者A）,車両形状等（当事者B）,オートマチック車（当事者A）,オートマチック車（当事者B）,サポカー（当事者A）,サポカー（当事者B）,速度規制（指定のみ）（当事者A）,速度規制（指定のみ）（当事者B）,車両の衝突部位（当事者A）,車両の衝突部位（当事者B）,車両の損壊程度（当事者A）,車両の損壊程度（当事者B）,エアバッグの装備（当事者A）,エアバッグの装備（当事者B）,サイドエアバッグの装備（当事者A）,サイドエアバッグの装備（当事者B）,人身損傷程度（当事者A）,人身損傷程度（当事者B）,lat,lon,曜日(発生年月日),祝日(発生年月日),認知機能検査経過日数（当事者A）,認知機能検査経過日数（当事者B）,運転練習の方法（当事者A）,運転練習の方法（当事者B）
1,30,772,34,2,0,1,10090,0,108,2020,2,18,20,25,22,,,,,1,1,1,14,7,0,23,0,23,6,9,1,70,4,1,1,1,1,51,61,0,0,,,,,,,0,0,10,0,3,0,0,0,0,0,4,2,35.698565555555554,139.82563416666667,3,3,,,,
1,30,772,36,2,0,1,10040,0,108,2020,2,21,14,45,12,,,,,1,1,1,1,1,9,22,0,23,19,9,30,70,1,2,1,25,75,51,61,0,0,,,,,,,0,0,10,0,3,0,0,0,0,0,4,2,35.6696575,139.8208136111111,6,3,,,,
1,30,772,37,2,0,1,30000,0,108,2020,2,21,18,55,22,,,,,1,1,1,14,7,0,23,0,23,2,9,20,70,5,3,1,35,25,17,61,31,0,,,,,,,2,0,40,0,3,0,2,0,2,0,4,2,35.68170166666666,139.82431833333334,6,3,,,,
1,30,772,38,2,0,1,10090,0,108,2020,2,14,1,58,22,,,,,1,1,1,1,1,9,22,0,23,15,9,30,70,4,2,1,55,25,3,61,1,0,,,,,,,4,0,40,0,3,0,2,0,2,0,4,2,35.698293611111104,139.82569222222222,6,3,,,,
1,30,773,8,2,0,1,20680,0,107,2020,2,2,13,44,12,,,,,1,1,1,1,1,9,22,0,23,18,9,30,70,1,2,1,65,35,11,61,1,0,,,,,,,4,0,10,0,3,0,2,0,2,0,4,2,35.708152500000004,139.80062944444447,1,3,,,,
1,30,773,9,2,0,1,10370,0,107,2020,2,4,17,20,21,,,,,1,1,1,14,7,0,23,0,23,5,9,1,70,4,1,1,25,25,13,61,31,0,,,,,,,4,0,80,0,3,0,2,0,2,0,4,2,35.68816833333333,139.80602861111112,3,3,,,,
1,30,773,14,2,0,1,10290,0,107,2020,2,22,18,55,22,,,,,3,1,2,1,1,9,22,0,23,19,9,30,70,4,1,1,45,75,3,61,31,0,,,,,,,3,0,80,0,3,0,2,0,2,0,4,2,35.70368027777778,139.79710805555555,7,2,,,,
1,30,773,16,2,0,1,30000,0,107,2020,2,20,18,55,22,,,,,1,1,1,1,7,1,21,0,23,15,9,30,70,5,3,1,55,55,4,61,31,0,,,,,,,10,0,10,0,3,0,2,0,2,0,4,2,35.71040194444445,139.81521805555556,5,3,,,,
1,30,774,22,2,0,1,30000,0,107,2020,2,8,20,25,22,,,,,1,1,1,14,7,0,23,0,23,2,9,1,70,4,3,1,45,0,61,0,0,0,,,,,,,0,0,0,0,0,0,0,0,0,0,2,0,35.73147361111111,139.82181166666666,7,3,,,,
1,30,774,29,2,0,1,10090,0,107,2020,2,18,19,40,22,,,,,1,1,1,1,1,9,22,0,23,17,9,30,70,4,1,1,45,45,3,61,31,0,,,,,,,4,0,40,0,3,0,2,0,2,0,4,2,35.72257388888889,139.8181486111111,3,3,,,,
1,30,775,33,2,0,1,10380,0,122,2020,2,1,13,10,12,,,,,1,1,1,14,7,0,23,0,23,1,9,1,70,4,1,1,65,25,3,61,31,0,,,,,,,3,0,10,0,3,0,2,0,2,0,4,2,35.76038194444445,139.87503750000002,7,3,,,,
1,30,775,51,2,0,1,60,108,122,2020,2,16,12,27,12,,,,,2,1,2,7,1,0,23,0,23,2,9,1,70,1,1,1,25,65,3,61,31,0,,,,,,,5,0,80,0,4,0,2,0,2,0,4,2,35.75212777777778,139.84995750000002,1,3,,,,
1,30,776,18,2,0,1,10400,0,122,2020,2,2,17,50,21,,,,,1,1,1,7,1,0,23,0,23,2,9,1,70,4,2,1,45,35,4,61,31,0,,,,,,,3,0,50,0,3,0,2,0,2,0,4,2,35.71526555555556,139.8612036111111,1,3,,,,
1,30,776,27,2,0,1,10400,0,122,2020,2,18,9,50,12,,,,,1,1,1,1,1,9,22,0,23,15,9,30,70,4,2,1,55,75,3,61,31,0,,,,,,,3,0,80,0,3,0,2,0,2,0,4,2,35.7461475,139.83037194444444,3,3,,,,
1,30,776,29,2,0,1,30000,0,122,2020,2,21,10,15,12,,,,,1,1,1,1,1,9,22,0,23,15,9,30,70,4,3,1,65,75,17,61,1,0,,,,,,,5,0,10,0,3,0,2,0,2,0,4,2,35.73072611111111,139.86085277777778,6,3,,,,
1,30,776,31,2,0,1,30000,0,122,2020,2,6,14,35,12,,,,,1,1,1,1,1,9,22,0,23,11,9,30,70,4,2,1,35,65,3,61,31,0,,,,,,,3,0,20,0,3,0,2,0,2,0,4,2,35.73001861111111,139.8628975,5,3,,,,
1,30,777,76,2,0,1,95000,0,123,2020,2,3,14,50,12,,,,,1,1,1,7,7,0,23,0,23,1,9,1,70,4,2,1,35,1,14,61,31,0,,,,,,,2,0,10,0,3,0,2,0,2,0,4,2,35.69306472222222,139.90759,2,3,,,,
1,30,777,89,2,0,1,30000,0,123,2020,2,10,13,20,12,,,,,1,1,1,14,7,0,23,0,23,2,9,20,70,5,3,1,65,1,17,61,1,0,,,,,,,5,0,50,0,3,0,2,0,2,0,4,2,35.69394638888888,139.9066863888889,2,2,,,,
1,30,777,107,2,0,1,30000,0,123,2020,2,20,17,55,21,,,,,2,1,1,1,7,3,21,0,23,14,9,30,70,4,2,1,35,55,3,61,31,0,,,,,,,10,0,20,0,3,0,2,0,2,0,4,2,35.70707916666667,139.90363861111112,5,3,,,,
1,30,777,110,2,0,1,30000,0,123,2020,2,21,16,30,13,,,,,2,1,1,1,7,9,22,0,23,14,9,30,70,4,2,1,1,65,51,61,0,0,,,,,,,0,0,10,0,4,0,0,0,0,0,4,2,35.68352055555555,139.88979722222223,6,3,,,,
1,30,777,122,2,0,1,20700,0,123,2020,2,28,7,15,12,,,,,1,1,1,1,1,9,22,0,23,14,9,30,70,5,2,1,45,25,3,61,31,0,,,,,,,2,0,40,0,3,0,2,0,2,0,4,2,35.693620277777775,139.90872416666667,6,3,,,,
1,30,777,126,2,0,1,140,90,123,2020,2,29,18,40,22,,,,,1,1,1,7,7,0,23,0,23,2,9,1,70,1,2,1,1,55,35,61,31,0,,,,,,,5,0,10,0,3,0,0,0,0,0,4,2,35.7017425,139.86232694444445,7,3,,,,
1,30,778,16,2,0,1,30000,0,123,2020,1,23,17,35,21,,,,,3,1,2,14,7,0,23,0,23,1,9,1,70,4,2,1,65,1,3,61,1,0,,,,,,,10,0,10,0,3,0,2,0,2,0,4,2,35.73756083333333,139.8817838888889,5,3,,,,
1,30,778,24,2,0,1,141,4224,123,2020,2,13,17,20,13,,,,,1,1,1,7,7,0,23,0,23,3,9,1,70,4,1,1,75,1,3,61,31,0,,,,,,,3,0,10,0,4,0,2,0,2,0,4,2,35.72472583333334,139.88329777777778,5,3,,,,
1,30,779,47,2,0,1,30000,0,123,2019,12,13,17,30,22,,,,,2,1,1,1,7,9,22,0,23,14,9,30,70,4,2,1,55,1,3,61,31,0,,,,,,,2,0,10,0,3,0,2,0,2,0,4,2,35.68060333333333,139.8756336111111,6,3,,,,
1,30,779,48,2,0,1,30000,0,123,2020,1,9,5,10,22,,,,,1,1,1,1,7,9,22,0,23,11,9,30,70,5,2,1,65,1,3,61,31,0,,,,,,,10,0,80,0,4,0,2,0,2,0,4,2,35.66519777777778,139.88234027777779,5,3,,,,
1,30,779,49,2,0,1,10390,0,123,2020,2,1,12,27,12,,,,,1,1,1,1,7,1,21,0,23,17,9,30,1,5,1,1,75,75,14,61,31,0,,,,,,,10,0,80,0,3,0,2,0,2,0,4,2,35.684999722222216,139.8641947222222,7,3,,,,
1,30,779,51,2,0,1,30000,0,123,2020,2,4,8,10,12,,,,,1,1,1,1,1,9,22,0,23,15,9,30,70,4,2,1,65,1,3,61,31,0,,,,,,,3,0,10,0,3,0,2,0,2,0,4,2,35.661808055555554,139.87801666666667,3,3,,,,
1,30,779,60,2,0,2,30000,0,123,2020,2,10,7,50,12,,,,,1,1,1,14,7,0,23,0,23,3,9,1,1,4,2,1,45,65,35,61,31,0,,,,,,,2,0,10,0,3,0,0,0,0,0,2,2,35.6749125,139.86410722222223,2,2,,,,
1,30,779,67,2,0,1,10390,0,123,2020,2,16,17,50,21,,,,,3,1,2,1,1,9,22,0,23,11,9,30,70,5,2,1,55,55,3,61,31,0,,,,,,,2,0,10,0,4,0,2,0,2,0,4,2,35.68436277777777,139.86418749999999,1,3,,,,
1,30,779,81,2,0,2,30000,0,123,2020,2,28,19,55,22,,,,,1,1,1,1,7,9,22,0,23,14,9,30,70,4,2,1,35,45,35,61,31,0,,,,,,,3,0,10,0,2,0,0,0,0,0,2,2,35.66189333333333,139.8766913888889,6,3,,,,
1,30,779,84,2,0,1,10390,0,123,2020,2,18,21,45,22,,,,,2,1,1,1,1,9,22,0,23,15,9,30,1,4,2,1,65,75,14,61,31,0,,,,,,,2,0,0,0,4,0,2,0,2,0,4,2,35.681689166666665,139.862425,3,3,,,,
1,30,876,39,2,0,1,30000,0,201,2019,12,19,16,15,13,,,,,2,1,1,1,1,9,22,0,23,15,9,30,70,4,2,1,35,65,4,61,31,0,,,,,,,3,0,0,0,4,0,2,0,2,0,4,2,35.62544722222222,139.32441666666665,5,3,,,,
1,30,876,44,2,0,1,10490,0,209,2020,1,27,19,30,22,,,,,3,2,2,1,1,9,22,0,23,18,9,30,70,1,1,1,65,55,3,61,31,0,,,,,,,5,0,10,0,4,0,2,0,2,0,4,2,35.599625833333334,139.36231444444445,2,3,,,,
1,30,876,45,2,0,1,30000,0,201,2020,2,3,5,55,23,,,,,1,1,1,1,7,9,22,0,23,15,9,30,70,4,1,1,45,25,4,61,31,0,,,,,,,2,0,10,0,3,0,2,0,2,0,4,2,35.642741388888886,139.41216888888889,2,3,,,,
1,30,876,48,2,0,1,30000,0,201,2020,2,4,18,55,22,,,,,1,1,1,1,7,1,21,0,23,11,9,30,70,5,3,1,35,25,3,61,31,0,,,,,,,2,0,12,0,3,0,2,0,2,0,4,2,35.653597777777776,139.34726305555557,3,3,,,,
1,30,876,54,2,0,1,21200,0,201,2020,2,10,19,25,22,,,,,1,1,1,1,1,9,22,0,23,19,9,30,70,1,2,1,25,25,35,61,31,0,,,,,,,10,0,10,0,3,0,0,0,0,0,4,2,35.62617361111111,139.39865972222222,2,2,,,,
1,30,876,56,2,0,1,30000,0,201,2020,2,12,7,30,11,,,,,1,1,1,14,7,0,23,0,23,2,9,1,70,1,2,1,25,1,14,61,1,0,,,,,,,4,0,50,0,3,0,2,0,2,0,4,2,35.633292222222224,139.33099555555555,4,3,,,,
1,30,876,59,2,0,1,21110,0,209,2020,2,13,18,15,21,,,,,1,1,1,1,1,9,22,0,23,14,9,30,70,1,2,1,75,45,3,61,31,0,,,,,,,5,0,50,0,3,0,2,0,2,0,4,2,35.603181944444444,139.36654222222222,5,3,,,,
1,30,876,73,2,0,1,30000,0,201,2020,2,26,2,20,22,,,,,3,1,2,1,1,9,22,0,23,14,9,30,70,1,2,1,1,25,4,61,31,0,,,,,,,3,0,10,0,3,0,2,0,2,0,4,2,35.62097972222222,139.39810555555556,4,3,,,,
1,30,877,33,2,0,1,30000,0,201,2020,2,4,17,55,21,,,,,1,1,1,14,7,0,23,0,23,4,9,20,70,1,2,1,1,65,51,61,0,0,,,,,,,0,0,10,0,3,0,0,0,0,0,4,2,35.640452777777774,139.31617722222222,3,3,,,,
1,30,877,34,2,0,1,95000,0,201,2020,2,6,11,45,12,,,,,1,2,1,0,7,0,23,0,23,0,0,20,70,0,4,1,65,75,4,61,31,0,,,,,,,10,0,40,0,3,0,2,0,2,0,4,2,35.650211666666664,139.3046138888889,5,3,,,,
1,30,877,38,2,0,1,99000,0,201,2020,2,7,18,45,22,,,,,1,1,1,0,7,0,23,0,23,0,0,20,70,0,4,1,25,45,4,61,31,0,,,,,,,10,0,30,0,3,0,2,0,2,0,4,2,35.65587722222222,139.30516805555555,6,3,,,,
1,30,877,39,2,0,1,30000,0,201,2020,2,10,11,30,12,,,,,1,1,1,14,7,0,23,0,23,3,9,1,70,4,2,1,45,65,3,61,31,0,,,,,,,10,0,50,0,3,0,2,0,2,0,4,2,35.63717416666667,139.2943588888889,2,2,,,,
1,30,877,40,2,0,1,20730,0,201,2020,2,12,15,25,12,,,,,1,2,1,1,2,9,22,0,23,14,9,30,70,4,2,1,75,75,3,61,31,0,,,,,,,3,0,80,0,3,0,2,0,2,0,4,2,35.672805277777776,139.2636125,4,3,,,,
1,30,877,43,2,0,1,30000,0,201,2020,2,15,10,40,12,,,,,2,2,1,1,1,9,22,0,23,15,9,30,70,4,2,1,65,75,3,61,1,0,,,,,,,3,0,10,0,3,0,2,0,2,0,4,2,35.641283055555554,139.2842261111111,7,3,,,,
1,30,877,47,2,0,1,30000,0,201,2020,2,20,17,54,21,,,,,2,2,1,13,7,0,23,0,23,1,3,1,70,5,3,1,55,55,4,61,31,0,,,,,,,5,0,20,0,3,0,2,0,2,0,4,2,35.68145444444444,139.28117277777778,5,3,,,,
1,30,878,49,2,0,1,30000,0,225,2020,2,5,16,50,13,,,,,1,1,1,14,7,0,23,0,23,2,9,1,70,1,2,1,75,1,3,61,31,0,,,,,,,3,0,20,0,3,0,2,0,2,0,4,2,35.623911666666665,139.47810611111112,4,3,,,,
1,30,878,59,2,0,1,30000,0,225,2020,2,21,18,57,22,,,,,1,2,1,1,7,1,22,0,23,11,9,30,70,5,2,1,1,55,3,61,31,0,,,,,,,2,0,10,0,3,0,2,0,1,0,4,2,35.64720277777778,139.49649555555555,6,3,,,,
1,30,878,64,2,0,1,30000,0,225,2020,2,24,13,30,12,,,,,1,1,1,14,7,0,23,0,23,2,9,1,70,5,2,1,75,75,3,61,31,0,,,,,,,10,0,30,0,4,0,2,0,2,0,4,2,35.634116666666664,139.50359416666666,2,1,,,,
1,30,878,65,2,0,1,10510,0,224,2020,2,27,18,0,21,,,,,1,2,1,1,1,9,22,0,23,17,9,30,70,1,2,1,45,45,51,61,0,0,,,,,,,0,0,10,0,3,0,0,0,0,0,4,2,35.650863888888885,139.4432263888889,5,3,,,,
1,30,879,39,2,0,2,10240,0,220,2020,2,1,5,5,22,,,,,1,1,1,14,7,0,23,0,23,3,9,1,70,4,2,1,1,45,14,61,31,0,,,,,,,2,0,10,0,1,0,1,0,2,0,2,2,35.73958583333334,139.43209166666665,7,3,,,,
1,30,879,43,2,0,1,30000,0,223,2020,2,1,14,30,12,,,,,1,1,1,7,7,0,23,0,23,4,9,1,70,5,2,1,35,75,17,61,31,0,,,,,,,2,0,10,0,3,0,2,0,2,0,4,2,35.75922111111111,139.36533972222222,7,3,,,,
1,30,879,50,2,0,1,30000,0,220,2020,2,5,10,25,12,,,,,1,2,1,1,1,9,22,0,23,15,9,30,70,5,2,1,65,75,3,61,31,0,,,,,,,2,0,10,0,3,0,2,0,2,0,4,2,35.76560527777778,139.41733277777777,4,3,,,,
1,30,879,58,2,0,1,30000,0,220,2020,2,10,16,15,12,,,,,1,2,1,14,7,0,23,0,23,3,9,1,70,5,2,1,25,1,35,61,31,0,,,,,,,2,0,10,0,3,0,0,0,0,0,4,2,35.757865555555554,139.43048888888887,2,2,,,,
1,30,879,67,2,0,1,30000,0,223,2020,2,19,11,45,12,,,,,1,1,1,1,1,9,22,0,23,15,9,30,70,4,2,1,75,65,3,61,31,0,,,,,,,3,0,40,0,3,0,2,0,2,0,4,2,35.76081555555555,139.36976388888888,4,3,,,,
1,30,879,70,2,0,1,30000,0,220,2020,2,20,19,18,22,,,,,2,1,1,1,1,9,22,0,23,14,9,30,70,5,2,1,55,25,3,61,31,0,,,,,,,3,0,10,0,3,0,2,0,2,0,4,2,35.74595472222222,139.44445194444444,5,3,,,,
1,30,879,71,2,0,1,30610,0,223,2020,2,20,22,40,22,,,,,1,2,1,1,1,9,22,0,23,15,9,30,70,4,2,1,35,65,3,61,31,0,,,,,,,1,0,50,0,3,0,2,0,2,0,4,2,35.741058055555555,139.40647722222224,5,3,,,,
1,30,879,81,2,0,1,30000,0,220,2020,2,26,12,45,12,,,,,2,1,1,1,7,9,22,0,23,11,9,30,70,5,2,1,55,1,3,61,31,0,,,,,,,2,0,20,0,3,0,2,0,2,0,4,2,35.73844833333334,139.4277736111111,4,3,,,,
1,30,880,31,2,0,1,99000,0,205,2020,2,2,14,55,12,,,,,1,2,1,0,7,0,23,0,23,0,0,20,70,0,4,1,55,75,4,61,31,0,,,,,,,10,0,40,0,4,0,2,0,2,0,4,2,35.79976416666666,139.30526833333334,1,3,,,,
1,30,880,32,2,0,1,10240,0,205,2020,2,6,6,10,23,,,,,1,1,1,14,7,0,23,0,23,3,7,1,70,4,2,1,1,75,4,61,31,0,,,,,,,3,0,10,0,3,0,2,0,2,0,4,2,35.787750833333334,139.2297725,5,3,,,,
1,30,880,34,2,0,2,30000,0,205,2020,2,7,10,45,12,,,,,1,2,1,14,7,0,23,0,23,2,9,1,70,5,3,1,65,45,51,61,0,0,,,,,,,0,0,10,0,4,0,0,0,0,0,2,2,35.78583,139.2820813888889,6,3,,,,
1,30,880,39,2,0,1,99000,0,205,2020,2,12,15,50,12,,,,,1,2,1,0,7,0,23,0,23,0,0,20,70,0,4,1,35,75,3,61,31,0,,,,,,,10,0,30,0,4,0,2,0,2,0,4,2,35.79013472222222,139.2216547222222,4,3,,,,
1,30,880,44,2,0,1,20000,0,205,2020,2,19,8,57,12,,,,,1,2,1,1,1,9,22,0,23,15,9,30,70,4,2,1,45,75,4,61,31,0,,,,,,,2,0,10,0,3,0,2,0,2,0,4,2,35.80007611111111,139.2876375,4,3,,,,
1,30,880,45,2,0,1,30000,0,205,2020,2,19,7,30,12,,,,,1,1,1,1,1,9,22,0,23,15,9,30,70,4,2,1,45,35,3,61,31,0,,,,,,,2,0,10,0,3,0,2,0,2,0,4,2,35.79911666666666,139.29728916666667,4,3,,,,
1,30,880,47,2,0,1,30000,0,205,2020,2,19,17,45,21,,,,,1,1,1,1,1,9,22,0,23,15,9,30,70,4,1,1,65,75,51,61,0,0,,,,,,,0,0,10,0,3,0,0,0,0,0,4,2,35.79189888888889,139.3007888888889,4,3,,,,
1,30,880,51,2,0,1,30000,0,205,2020,2,21,15,10,12,,,,,1,1,1,7,7,0,23,0,23,3,9,1,70,1,2,1,75,55,3,61,31,0,,,,,,,10,0,10,0,3,0,2,0,2,0,4,2,35.78986555555555,139.2582375,6,3,,,,
1,30,880,54,2,0,1,30000,0,205,2020,2,8,14,35,12,,,,,1,2,1,14,7,0,23,0,23,4,9,1,70,4,2,1,55,75,1,61,1,0,,,,,,,3,0,40,0,4,0,2,0,2,0,4,2,35.79123222222222,139.30337972222225,7,3,,,,
1,30,880,55,2,0,1,30000,0,205,2020,2,23,5,25,23,,,,,1,2,1,1,1,9,22,0,23,18,9,30,70,4,1,1,45,55,11,61,31,0,,,,,,,3,0,10,0,4,0,1,0,2,0,4,2,35.77715666666666,139.32074555555556,1,1,,,,
1,30,881,18,2,0,1,30000,0,305,2020,1,28,17,30,21,,,,,3,1,2,1,1,9,22,0,23,14,9,30,70,4,2,1,45,1,4,61,31,0,,,,,,,3,0,10,0,3,0,2,0,2,0,4,2,35.73344027777778,139.275605,3,3,,,,
1,30,881,21,2,0,1,30000,0,228,2020,2,18,8,15,12,,,,,1,1,2,13,7,0,23,0,23,2,1,1,70,5,4,1,75,45,4,61,31,0,,,,,,,10,0,20,0,3,0,2,0,2,0,4,2,35.72824861111111,139.25661722222222,3,3,,,,
1,30,881,22,2,0,1,30000,0,228,2020,2,18,8,30,12,,,,,1,1,1,1,7,9,22,0,23,11,9,30,70,5,3,1,45,65,4,61,31,0,,,,,,,2,0,70,0,3,0,2,0,2,0,4,2,35.728411111111114,139.23797027777778,3,3,,,,
1,30,881,23,2,0,1,30000,0,228,2020,2,19,8,0,12,,,,,1,2,1,1,7,1,22,0,23,14,5,30,70,5,3,1,35,1,51,61,0,0,,,,,,,0,0,10,0,3,0,0,0,0,0,4,2,35.7325225,139.22252083333333,4,3,,,,
1,30,881,25,2,0,1,10260,0,228,2020,2,20,19,0,22,,,,,1,2,1,1,7,9,22,0,23,11,9,30,70,5,3,1,55,45,3,61,31,0,,,,,,,2,0,80,0,3,0,2,0,2,0,4,2,35.730624444444445,139.23112694444444,5,3,,,,
1,30,882,60,2,0,1,30000,0,303,2020,1,31,15,3,12,,,,,1,3,1,7,7,0,23,0,23,1,9,1,70,5,3,1,75,75,4,61,31,0,,,,,,,10,0,10,0,3,0,2,0,2,0,4,2,35.787326944444445,139.35122166666667,6,3,,,,
1,30,882,64,2,0,1,30000,0,227,2020,2,5,4,45,22,,,,,1,1,1,7,1,0,23,0,23,1,9,1,70,4,2,1,35,35,4,61,31,0,,,,,,,2,0,10,0,4,0,2,0,2,0,4,2,35.76445777777778,139.3162102777778,4,3,,,,
1,30,882,69,2,0,1,30000,0,218,2020,2,21,7,35,12,,,,,1,2,1,14,7,0,23,0,23,2,9,1,70,5,3,1,65,1,4,61,31,0,,,,,,,2,0,20,0,3,0,2,0,2,0,4,2,35.723083055555556,139.34036861111113,6,3,,,,
1,30,883,55,2,0,1,20740,0,201,2020,2,3,18,40,22,,,,,1,1,1,1,1,9,22,0,23,15,9,30,70,4,2,1,75,35,3,61,31,0,,,,,,,3,0,10,0,3,0,2,0,2,0,4,2,35.707686111111116,139.29623777777778,2,3,,,,
1,30,883,57,2,0,1,30000,0,201,2020,2,4,17,55,21,,,,,1,1,1,7,7,0,23,0,23,3,9,1,70,5,3,1,55,45,5,61,31,0,,,,,,,10,0,10,0,4,0,2,0,2,0,4,2,35.66413055555555,139.3312975,3,3,,,,
1,30,883,61,2,0,1,200,471,201,2020,2,1,7,30,11,,,,,1,1,1,1,1,9,22,0,23,18,9,30,70,4,2,1,35,25,3,61,31,0,,,,,,,10,0,10,0,3,0,2,0,2,0,4,2,35.658633333333334,139.31401361111114,7,3,,,,
1,30,883,63,2,0,1,30000,0,201,2020,2,7,11,33,12,,,,,1,1,1,1,7,1,21,0,23,14,9,30,70,5,2,1,65,25,13,61,31,0,,,,,,,10,0,10,0,3,0,2,0,2,0,4,2,35.658566388888886,139.34263833333335,6,3,,,,
1,30,883,65,2,0,1,30000,0,201,2020,2,8,10,55,12,,,,,1,1,1,14,7,0,23,0,23,4,9,1,70,4,1,1,45,55,51,61,0,0,,,,,,,0,0,20,0,4,0,0,0,0,0,4,2,35.67458722222222,139.32588388888888,7,3,,,,
1,30,883,84,2,0,1,30000,0,201,2020,1,31,19,25,22,,,,,1,2,1,1,7,9,22,0,23,15,9,30,70,4,2,1,35,1,35,61,31,0,,,,,,,2,0,10,0,3,0,0,0,0,0,4,2,35.66361722222222,139.35245833333332,6,3,,,,
1,30,883,91,2,0,1,30000,0,201,2020,2,20,20,45,22,,,,,2,1,1,1,1,9,22,0,23,15,9,30,70,4,2,1,35,1,3,61,31,0,,,,,,,3,0,50,0,3,0,2,0,2,0,4,2,35.68705444444444,139.32511027777778,5,3,,,,
1,30,883,95,2,0,1,30000,0,201,2020,2,27,8,15,12,,,,,1,1,1,1,7,1,21,0,23,15,9,30,70,5,2,1,55,35,13,61,31,0,,,,,,,10,0,50,0,4,0,2,0,2,0,4,2,35.659300555555554,139.31355805555557,5,3,,,,
1,30,883,97,2,0,1,30000,0,201,2020,2,27,16,10,12,,,,,1,1,1,1,1,9,22,0,23,15,9,30,70,5,2,1,45,75,17,61,1,0,,,,,,,5,0,50,0,3,0,2,0,2,0,4,2,35.66063666666667,139.33707166666667,5,3,,,,
1,30,883,98,2,0,1,30000,0,201,2020,2,27,21,45,22,,,,,1,1,1,1,7,9,22,0,23,15,9,30,70,4,1,1,1,45,3,61,31,0,,,,,,,5,0,80,0,4,0,2,0,2,0,4,2,35.64993611111111,139.32204944444445,5,3,,,,
1,30,884,54,2,0,1,30000,0,209,2019,12,29,14,55,12,,,,,1,1,1,7,7,0,23,0,23,2,9,1,70,5,4,1,55,1,14,61,1,0,,,,,,,10,0,10,0,4,0,2,0,2,0,4,2,35.53720194444444,139.48278805555555,1,3,,,,
1,30,884,60,2,0,1,30000,0,209,2020,2,5,6,40,11,,,,,1,3,1,7,7,0,23,0,23,2,8,1,70,5,2,1,55,75,3,61,31,0,,,,,,,10,0,80,0,3,0,2,0,2,0,4,2,35.56526861111111,139.4332083333333,4,3,,,,
1,30,884,64,2,0,1,30000,0,209,2020,2,7,18,0,21,,,,,1,1,1,14,7,0,23,0,23,2,9,1,70,5,3,1,45,65,3,61,31,0,,,,,,,10,0,20,0,4,0,2,0,2,0,4,2,35.54382416666667,139.44194777777778,6,3,,,,
1,30,884,70,2,0,1,95000,0,209,2020,1,30,16,22,13,,,,,1,2,1,0,7,0,23,0,23,0,0,20,70,0,4,1,25,45,13,61,31,0,,,,,,,10,0,30,0,4,0,2,0,2,0,4,2,35.579186944444444,139.40706694444444,5,3,,,,
1,30,884,73,2,0,1,30000,0,209,2020,2,13,15,37,12,,,,,1,1,1,1,1,1,22,0,23,14,9,30,70,5,2,1,65,55,3,61,31,0,,,,,,,3,0,50,0,3,0,2,0,2,0,4,2,35.58049861111112,139.45435027777776,5,3,,,,
1,30,884,74,2,0,1,10490,0,209,2020,2,12,14,4,12,,,,,1,2,1,7,7,0,23,0,23,4,9,1,70,4,2,1,25,75,13,61,31,0,,,,,,,3,0,80,0,3,0,2,0,2,0,4,2,35.57440638888889,139.41898138888888,4,3,,,,
1,30,884,76,2,0,1,95000,0,209,2020,1,29,0,31,22,,,,,1,2,1,0,7,0,23,0,23,0,0,20,70,0,2,1,45,45,3,61,31,0,,,,,,,10,0,60,0,3,0,2,0,2,0,4,2,35.576209444444444,139.4156561111111,4,3,,,,
1,30,884,79,2,0,1,21120,0,209,2020,2,17,20,20,22,,,,,1,1,1,14,2,0,23,0,23,3,9,1,70,4,3,1,35,25,4,61,31,0,,,,,,,3,0,10,0,3,0,2,0,2,0,4,2,35.54319638888889,139.47254333333333,2,3,,,,
1,30,884,84,2,0,1,30000,0,209,2020,2,7,0,15,22,,,,,1,1,1,7,1,0,23,0,23,4,9,1,70,5,2,1,25,65,3,61,31,0,,,,,,,3,0,50,0,3,0,2,0,2,0,4,2,35.587049722222226,139.47560083333335,6,3,,,,
1,30,884,87,2,0,1,30000,0,209,2020,2,19,16,52,13,,,,,1,1,1,7,7,0,23,0,23,3,9,1,70,4,2,1,55,1,3,61,31,0,,,,,,,3,0,10,0,3,0,2,0,2,0,4,2,35.582836111111114,139.42413555555555,4,3,,,,
1,30,884,99,2,0,1,95000,0,209,2020,2,28,17,20,13,,,,,1,2,1,7,1,0,23,0,23,4,9,1,70,4,2,1,65,1,14,61,31,0,,,,,,,3,0,80,0,3,0,2,0,2,0,4,2,35.576572777777784,139.45507388888888,6,3,,,,