資料区分,都道府県コード,警察署等コード,本票番号,事故内容,死者数,負傷者数,路線コード,地点コード,市区町村コード,発生日時　　年,発生日時　　月,発生日時　　日,発生日時　　時,発生日時　　分,昼夜,日の出時刻　　時,日の出時刻　　分,日の入り時刻　　時,日の入り時刻　　分,天候,地形,路面状態,道路形状,信号機,一時停止規制　標識（当事者A）,一時停止規制　表示（当事者A）,一時停止規制　標識（当事者B）,一時停止規制　表示（当事者B）,車道幅員,道路線形,衝突地点,ゾーン規制,中央分離帯施設等,歩車道区分,事故類型,年齢（当事者A）,年齢（当事者B）,当事者種別（当事者A）,当事者種別（当事者B）,用途別（当事者A）,用途別（当事者B）,車両形状等（当事者A）,車両形状等（当事者B）,オートマチック車（当事者A）,オートマチック車（当事者B）,サポカー（当事者A）,サポカー（当事者B）,速度規制（指定のみ）（当事者A）,速度規制（指定のみ）（当事者B）,車両の衝突部位（当事者A）,車両の衝突部位（当事者B）,車両の損壊程度（当事者A）,車両の損壊程度（当事者B）,エアバッグの装備（当事者A）,エアバッグの装備（当事者B）,サイドエアバッグの装備（当事者A）,サイドエアバッグの装備（当事者B）,人身損傷程度（当事者A）,人身損傷程度（当事者B）,lat,lon,曜日(発生年月日),祝日(発生年月日),認知機能検査経過日数（当事者A）,認知機能検査経過日数（当事者B）,運転練習の方法（当事者A）,運転練習の方法（当事者B）
1,30,884,104,2,0,1,10490,0,209,2020,2,26,13,55,12,,,,,2,1,1,14,7,0,23,0,23,4,7,1,70,4,2,1,75,55,52,61,0,0,,,,,,,0,0,10,0,4,0,0,0,0,0,4,2,35.54689194444444,139.44894555555555,4,3,,,,
1,30,885,60,2,0,1,30000,0,212,2020,2,6,15,0,12,,,,,1,2,1,7,1,0,23,0,23,4,9,1,70,5,1,1,25,25,36,61,31,0,,,,,,,2,0,10,0,3,0,0,0,0,0,4,2,35.67977416666666,139.3780088888889,5,3,,,,
1,30,885,72,2,0,1,30000,0,212,2020,2,18,19,10,22,,,,,1,3,1,1,1,9,22,0,23,14,9,30,70,4,1,1,65,35,51,61,0,0,,,,,,,0,0,10,0,3,0,0,0,0,0,4,2,35.66088111111111,139.41349333333335,3,3,,,,
1,30,885,81,2,0,1,30000,0,212,2020,2,25,7,23,12,,,,,1,3,1,14,7,0,23,0,23,2,9,1,70,4,2,1,45,65,4,61,31,0,,,,,,,2,0,10,0,3,0,2,0,2,0,4,2,35.674164166666664,139.39437194444443,3,3,,,,
1,30,885,84,2,0,1,30000,0,212,2020,2,28,14,0,12,,,,,1,3,1,1,7,1,22,0,23,17,9,30,70,5,3,1,55,65,14,61,1,0,,,,,,,10,0,20,0,3,0,2,0,2,0,4,2,35.65837361111111,139.3648088888889,6,3,,,,
1,30,886,59,2,0,1,30000,0,207,2020,2,7,7,55,12,,,,,1,2,1,14,7,0,23,0,23,1,9,1,70,4,2,1,1,1,51,61,0,0,,,,,,,0,0,10,0,3,0,0,0,0,0,4,2,35.720356111111116,139.35506944444444,6,3,,,,
1,30,886,60,2,0,1,30000,0,207,2020,2,8,2,50,22,,,,,1,1,1,1,1,9,22,0,23,15,9,30,1,4,3,1,65,35,3,61,31,0,,,,,,,3,0,20,0,3,0,2,0,2,0,4,2,35.713815833333335,139.350645,7,3,,,,
1,30,886,62,2,0,1,30000,0,207,2020,2,10,10,48,12,,,,,1,1,1,14,7,0,23,0,23,3,9,1,70,5,1,1,75,45,3,61,31,0,,,,,,,3,0,40,0,3,0,2,0,2,0,4,2,35.719795833333336,139.38279277777778,2,2,,,,
1,30,886,69,2,0,1,30000,0,207,2020,2,13,11,45,12,,,,,1,3,1,1,1,0,23,0,23,15,9,30,70,5,2,1,45,0,61,0,0,0,,,,,,,0,0,0,0,0,0,0,0,0,0,2,0,35.714443333333335,139.37133500000002,5,3,,,,
1,30,887,48,2,0,1,30000,0,215,2020,2,2,6,10,23,,,,,1,2,1,1,1,9,22,0,23,15,9,30,70,4,2,1,55,75,3,61,31,0,,,,,,,10,0,10,0,3,0,2,0,2,0,4,2,35.699552222222216,139.42946194444443,1,3,,,,
1,30,887,50,2,0,1,30000,0,202,2020,2,3,10,40,12,,,,,1,2,1,1,7,9,22,0,23,14,9,30,70,4,2,1,65,45,4,61,31,0,,,,,,,2,0,10,0,3,0,2,0,2,0,4,2,35.69594,139.40840333333333,2,3,,,,
1,30,887,51,2,0,1,10520,0,202,2020,2,3,13,20,12,,,,,1,1,1,1,1,9,22,0,23,15,9,30,70,4,2,1,75,1,3,61,31,0,,,,,,,3,0,20,0,3,0,2,0,2,0,4,2,35.70713527777778,139.42179416666664,2,3,,,,
1,30,887,54,2,0,1,10520,0,202,2020,2,7,8,10,12,,,,,1,1,1,1,7,9,22,0,23,14,9,30,70,1,2,1,65,55,4,61,31,0,,,,,,,10,0,10,0,3,0,2,0,2,0,4,2,35.69210777777777,139.42243444444443,6,3,,,,
1,30,887,57,2,0,2,20000,0,202,2020,2,7,17,35,21,,,,,1,2,1,14,7,0,23,0,23,6,9,1,70,1,1,1,35,35,51,61,0,0,,,,,,,0,0,10,0,3,0,0,0,0,0,2,2,35.70921388888889,139.40672750000002,6,3,,,,
1,30,887,89,2,0,1,95000,0,202,2020,2,23,16,20,12,,,,,1,2,1,7,7,0,23,0,23,2,7,1,70,1,2,1,25,55,4,61,31,0,,,,,,,3,0,20,0,3,0,2,0,2,0,4,2,35.69204083333333,139.42231194444443,1,1,,,,
1,30,887,93,2,0,2,30000,0,202,2020,2,24,10,5,12,,,,,1,2,1,13,7,0,23,0,23,2,6,20,70,5,4,1,1,65,51,61,0,0,,,,,,,0,0,10,0,3,0,0,0,0,0,4,2,35.68987833333333,139.39804388888888,2,1,,,,
1,30,887,101,2,0,1,30000,0,202,2020,2,26,18,5,21,,,,,2,1,1,14,7,0,23,0,23,2,9,1,70,5,3,1,1,75,36,61,31,0,,,,,,,1,0,10,0,3,0,0,0,0,0,4,2,35.70525555555556,139.43210027777778,4,3,,,,
1,30,887,108,2,0,1,30000,0,202,2020,2,28,18,45,22,,,,,1,2,1,1,7,1,22,0,23,11,9,30,70,5,2,1,45,25,3,61,31,0,,,,,,,2,0,10,0,4,0,2,0,2,0,4,2,35.728295555555555,139.3949375,6,3,,,,
1,30,888,21,2,0,1,30000,0,206,2020,2,2,18,32,22,,,,,1,1,1,14,7,0,23,0,23,2,9,1,70,5,1,1,55,55,4,61,31,0,,,,,,,10,0,20,0,3,0,2,0,2,0,4,2,35.67123888888889,139.47911833333333,1,3,,,,
1,30,888,25,2,0,1,30000,0,206,2020,1,16,17,30,21,,,,,1,1,1,14,7,0,23,0,23,1,9,1,70,5,2,1,35,55,51,61,0,0,,,,,,,0,0,10,0,3,0,0,0,0,0,4,2,35.6662675,139.46458527777776,5,3,,,,
1,30,888,26,2,0,1,30000,0,206,2020,2,15,19,12,22,,,,,1,1,1,7,7,0,23,0,23,1,9,1,70,1,2,1,1,75,14,61,1,0,,,,,,,5,0,10,0,3,0,2,0,2,0,4,2,35.681979444444444,139.49924777777775,7,3,,,,
1,30,888,30,2,0,1,30000,0,206,2020,2,19,18,40,22,,,,,1,1,1,7,7,0,23,0,23,2,9,1,70,5,2,1,55,25,3,61,31,0,,,,,,,2,0,50,0,3,0,2,0,2,0,4,2,35.661992777777776,139.51171944444445,4,3,,,,
1,30,889,38,2,0,1,30000,0,214,2020,1,4,20,20,22,,,,,2,1,1,13,7,0,23,0,23,3,6,1,70,5,4,1,35,0,61,0,0,0,,,,,,,0,0,0,0,0,0,0,0,0,0,2,0,35.71104722222223,139.44434916666668,7,3,,,,
1,30,889,39,2,0,1,30000,0,214,2020,1,14,7,35,11,,,,,2,1,1,1,7,9,22,0,23,11,9,30,70,4,2,1,45,65,51,61,0,0,,,,,,,0,0,10,0,4,0,0,0,0,0,4,2,35.71050555555556,139.4638486111111,3,3,,,,
1,30,889,48,2,0,1,30000,0,214,2020,2,4,6,45,11,,,,,1,1,1,14,7,0,23,0,23,3,9,1,70,4,2,1,45,25,1,61,1,0,,,,,,,2,0,10,0,3,0,2,0,2,0,4,2,35.69949166666667,139.4814511111111,3,3,,,,
1,30,889,53,2,0,1,30000,0,210,2020,2,19,18,50,22,,,,,1,1,1,1,1,9,22,0,23,15,9,30,70,4,1,1,65,45,3,61,31,0,,,,,,,3,0,80,0,3,0,2,0,2,0,4,2,35.70212138888889,139.49763055555553,4,3,,,,
1,30,890,56,1,1,0,10250,0,229,2020,2,21,4,56,22,,,,,1,1,1,1,1,9,22,0,23,18,9,30,70,5,2,1,45,75,14,61,31,0,,,,,,,4,0,10,0,3,0,2,0,2,0,4,1,35.73189472222222,139.54048277777778,6,3,,,,
1,30,890,57,2,0,1,30000,0,229,2019,12,17,4,40,22,,,,,2,1,2,7,7,0,23,0,23,2,9,1,70,5,3,1,55,55,14,61,1,0,,,,,,,1,0,30,0,4,0,2,0,2,0,4,2,35.75243305555556,139.5445886111111,3,3,,,,
1,30,890,61,2,0,1,99000,0,229,2020,2,5,16,5,12,,,,,1,1,1,0,7,0,23,0,23,0,0,20,70,0,4,1,65,35,4,61,31,0,,,,,,,10,0,30,0,3,0,2,0,2,0,4,2,35.72632,139.53178916666667,4,3,,,,
1,30,890,65,2,0,1,30000,0,222,2020,1,30,9,3,12,,,,,1,1,1,14,7,0,23,0,23,2,9,1,70,5,3,1,45,45,14,61,31,0,,,,,,,10,0,10,0,3,0,2,0,2,0,4,2,35.74879194444445,139.50540972222223,5,3,,,,
1,30,890,71,2,0,1,30000,0,229,2020,2,16,17,50,21,,,,,3,1,2,7,7,0,23,0,23,2,9,1,70,5,2,1,35,75,3,61,31,0,,,,,,,2,0,50,0,3,0,2,0,2,0,4,2,35.745334166666666,139.54165027777776,1,3,,,,
1,30,890,73,2,0,1,30000,0,229,2020,2,20,5,35,23,,,,,1,1,1,1,7,9,22,0,23,15,9,30,70,5,1,1,65,65,14,61,31,0,,,,,,,3,0,10,0,2,0,2,0,2,0,4,2,35.72909833333333,139.56529305555557,5,3,,,,
1,30,890,74,2,0,1,30000,0,229,2020,2,15,11,30,12,,,,,2,1,1,14,7,0,23,0,23,2,9,1,70,4,3,1,45,65,3,61,31,0,,,,,,,2,0,40,0,3,0,2,0,2,0,4,2,35.74727722222222,139.56414527777778,7,3,,,,
1,30,890,79,2,0,1,30000,0,229,2020,2,25,17,45,21,,,,,2,1,1,1,7,9,22,0,23,14,9,30,70,5,2,1,65,55,3,61,31,0,,,,,,,2,0,20,0,3,0,2,0,2,0,4,2,35.72251527777778,139.55569111111112,3,3,,,,
1,30,890,80,2,0,1,30000,0,229,2020,2,25,17,55,21,,,,,2,1,1,14,7,0,23,0,23,1,9,1,70,5,4,1,65,45,3,61,31,0,,,,,,,1,0,30,0,4,0,2,0,2,0,4,2,35.723414444444444,139.53854666666666,3,3,,,,
1,30,890,85,2,0,1,30000,0,222,2020,2,14,19,52,22,,,,,2,1,2,14,7,0,23,0,23,4,9,1,70,4,2,1,65,65,3,61,31,0,,,,,,,3,0,10,0,3,0,2,0,2,0,4,2,35.75448138888889,139.50169805555555,6,3,,,,
1,30,891,36,2,0,1,30000,0,213,2019,12,28,7,58,12,,,,,1,1,1,14,7,0,23,0,23,3,9,1,70,5,3,1,65,45,3,61,31,0,,,,,,,2,0,40,0,4,0,2,0,2,0,4,2,35.777811666666665,139.49485499999997,7,3,,,,
1,30,891,45,2,0,1,30000,0,221,2020,1,28,18,44,22,,,,,3,1,2,14,7,0,23,0,23,2,9,1,70,5,3,1,45,55,4,61,31,0,,,,,,,2,0,10,0,3,0,2,0,2,0,4,2,35.803484166666664,139.54445972222223,3,3,,,,
1,30,891,46,2,0,1,30000,0,213,2020,2,21,6,0,23,,,,,1,1,1,14,7,0,23,0,23,3,9,1,70,4,3,1,65,45,13,61,31,0,,,,,,,2,0,10,0,3,0,2,0,2,0,4,2,35.76142222222222,139.45817138888887,6,3,,,,
1,30,891,47,2,0,1,30000,0,221,2020,2,21,15,10,12,,,,,1,1,1,14,7,0,23,0,23,2,9,1,70,5,3,1,65,75,3,61,31,0,,,,,,,10,0,10,0,3,0,2,0,2,0,4,2,35.786749444444446,139.52684444444446,6,3,,,,
1,30,891,49,2,0,1,30000,0,221,2020,2,24,21,0,22,,,,,1,2,1,1,1,9,22,0,23,15,9,30,70,4,2,1,65,35,3,61,31,0,,,,,,,2,0,10,0,4,0,2,0,2,0,4,2,35.77334166666667,139.5229863888889,2,1,,,,
1,30,891,50,2,0,1,30000,0,213,2020,2,9,6,25,23,,,,,1,1,1,14,7,0,23,0,23,1,9,1,70,5,4,1,35,65,51,61,0,0,,,,,,,0,0,0,0,4,0,0,0,0,0,4,2,35.76822055555555,139.46683916666666,1,3,,,,
1,30,891,51,2,0,1,30000,0,213,2020,2,18,17,40,21,,,,,1,1,1,14,7,0,23,0,23,2,9,1,70,5,2,1,55,25,3,61,31,0,,,,,,,1,0,40,0,4,0,2,0,2,0,4,2,35.78135611111111,139.4936461111111,3,3,,,,
1,30,892,18,2,0,2,20000,0,203,2020,2,3,6,3,23,,,,,1,1,1,1,1,9,22,0,23,17,9,30,70,1,2,1,45,35,34,61,31,0,,,,,,,4,0,10,0,1,0,0,0,0,0,2,2,35.71272972222223,139.55314361111112,2,3,,,,
1,30,892,28,2,0,1,30000,0,203,2020,2,14,18,45,22,,,,,2,1,1,14,7,0,23,0,23,4,9,20,70,5,1,1,75,75,51,61,0,0,,,,,,,0,0,40,0,4,0,0,0,0,0,4,2,35.70182166666667,139.5447436111111,6,3,,,,
1,30,892,32,2,0,1,10260,0,203,2020,2,15,18,0,21,,,,,1,1,1,1,1,9,22,0,23,15,9,30,70,4,2,1,55,1,51,61,0,0,,,,,,,0,0,10,0,4,0,0,0,0,0,4,2,35.70614583333334,139.58192805555555,7,3,,,,
1,30,892,40,2,0,1,10260,0,203,2020,2,29,14,10,12,,,,,1,1,1,1,7,9,22,0,23,11,9,30,70,4,2,1,45,1,3,61,31,0,,,,,,,2,0,20,0,3,0,2,0,2,0,4,2,35.71560305555556,139.57734444444444,7,3,,,,
1,30,893,47,2,0,1,30000,0,204,2020,2,12,13,15,12,,,,,1,1,1,1,7,1,22,0,23,14,9,30,70,4,2,1,65,25,3,61,31,0,,,,,,,3,0,50,0,4,0,2,0,2,0,4,2,35.70124416666667,139.56042000000002,4,3,,,,
1,30,893,52,2,0,1,30000,0,204,2020,2,23,23,20,22,,,,,1,1,1,14,7,0,23,0,23,3,9,1,70,5,3,1,25,55,51,61,0,0,,,,,,,0,0,10,0,3,0,0,0,0,0,4,2,35.692905277777776,139.58691305555556,1,1,,,,
1,30,893,62,2,0,1,30000,0,204,2020,2,18,6,50,11,,,,,1,1,1,1,7,1,21,0,23,15,7,30,70,5,2,1,45,65,3,61,31,0,,,,,,,2,0,10,0,3,0,2,0,2,0,4,2,35.669623611111106,139.56747527777776,3,3,,,,
1,30,893,63,2,0,1,20910,0,204,2020,2,28,18,35,22,,,,,1,1,1,1,1,9,22,0,23,14,9,30,70,4,2,1,45,25,3,61,31,0,,,,,,,3,0,10,0,3,0,2,0,2,0,4,2,35.682869999999994,139.53866027777778,6,3,,,,
1,30,894,46,2,0,1,95000,0,208,2019,12,8,21,50,22,,,,,1,1,1,14,7,0,23,0,23,1,9,1,70,5,4,1,35,45,51,61,0,0,,,,,,,0,0,10,0,3,0,0,0,0,0,4,2,35.64829638888889,139.52287972222223,1,3,,,,
1,30,894,49,2,0,1,20890,0,208,2020,2,1,16,5,12,,,,,1,1,1,1,1,9,22,0,23,15,9,30,70,4,2,1,45,45,51,61,0,0,,,,,,,0,0,20,0,3,0,0,0,0,0,4,2,35.65320222222222,139.544035,7,3,,,,
1,30,894,54,2,0,1,30000,0,208,2020,2,5,7,0,11,,,,,1,1,1,14,7,0,23,0,23,3,9,1,70,4,2,1,35,45,13,61,1,0,,,,,,,2,0,40,0,3,0,2,0,2,0,4,2,35.67028555555555,139.5548963888889,4,3,,,,
1,30,894,62,2,0,1,21230,0,219,2020,2,8,21,10,22,,,,,1,1,1,1,1,9,22,0,23,11,9,30,70,4,2,1,45,45,3,61,31,0,,,,,,,3,0,10,0,3,0,2,0,2,0,4,2,35.63310805555555,139.57260916666667,7,3,,,,
1,30,894,75,2,0,1,20890,0,208,2020,2,21,12,35,12,,,,,1,1,1,14,7,0,23,0,23,3,9,20,70,4,2,1,55,25,51,61,0,0,,,,,,,0,0,40,0,4,0,0,0,0,0,4,2,35.65937722222222,139.52867805555556,6,3,,,,
1,30,894,88,2,0,1,30000,0,208,2020,2,7,18,25,22,,,,,1,1,1,7,7,0,23,0,23,3,9,1,70,5,3,1,45,1,51,61,0,0,,,,,,,0,0,40,0,4,0,0,0,0,0,4,2,35.65419694444444,139.5464613888889,6,3,,,,
1,30,894,89,2,0,1,95000,0,208,2020,2,21,2,5,22,,,,,1,1,1,13,7,0,23,0,23,3,3,1,70,5,2,1,45,55,3,61,1,0,,,,,,,2,0,10,0,3,0,2,0,2,0,4,2,35.652256944444446,139.54382222222222,6,3,,,,
1,30,895,29,2,0,1,10240,0,211,2020,1,30,15,25,12,,,,,1,1,1,7,7,0,23,0,23,2,9,1,70,5,2,1,25,75,3,61,31,0,,,,,,,3,0,10,0,3,0,2,0,2,0,4,2,35.73042027777778,139.4618511111111,5,3,,,,
1,30,895,38,2,0,1,10560,0,211,2020,2,10,6,5,23,,,,,1,1,1,1,1,9,22,0,23,15,9,30,70,4,2,1,25,1,4,61,31,0,,,,,,,3,0,10,0,3,0,2,0,2,0,4,2,35.73473472222222,139.51285305555555,2,2,,,,
1,30,895,45,2,0,1,30000,0,211,2020,2,18,23,55,22,,,,,1,1,1,1,7,9,22,0,23,11,9,30,70,5,4,1,75,25,3,61,31,0,,,,,,,10,0,80,0,3,0,2,0,2,0,4,2,35.73348638888889,139.49747388888886,3,3,,,,
1,30,895,47,2,0,1,30000,0,211,2020,2,19,17,50,21,,,,,1,1,1,1,1,9,22,0,23,15,9,30,70,5,3,1,75,25,3,61,31,0,,,,,,,2,0,10,0,3,0,2,0,2,0,4,2,35.72740888888889,139.47837333333334,4,3,,,,
1,30,895,49,2,0,1,99000,0,211,2020,2,23,18,21,21,,,,,1,1,1,0,7,0,23,0,23,0,0,20,70,0,4,1,1,65,3,61,31,0,,,,,,,10,0,10,0,3,0,2,0,2,0,4,2,35.72604694444445,139.46487249999998,1,1,,,,
1,30,895,52,2,0,1,30000,0,211,2020,2,8,16,0,12,,,,,1,1,1,14,7,0,23,0,23,3,9,1,70,4,3,1,45,0,61,0,0,0,,,,,,,0,0,0,0,0,0,0,0,0,0,2,0,35.70883583333334,139.48571027777777,7,3,,,,
1,30,895,53,2,0,1,30000,0,211,2020,2,25,20,20,22,,,,,1,1,1,1,1,9,22,0,23,15,9,30,70,5,2,1,55,45,4,61,31,0,,,,,,,1,0,10,0,3,0,2,0,2,0,4,2,35.7246175,139.5139613888889,3,3,,,,
1,30,69,155,2,0,1,50330,0,108,2020,2,1,1,48,22,,,,,1,1,1,13,7,0,23,0,23,4,1,1,70,1,4,1,55,25,12,61,1,0,,,,,,,5,0,10,0,4,0,2,0,2,0,4,2,35.631395833333336,139.78460583333333,7,3,,,,
1,30,100,28,2,0,1,95000,0,101,2020,3,9,9,25,12,,,,,2,1,1,14,7,0,23,0,23,4,8,1,70,4,2,1,35,55,51,61,0,0,,,,,,,0,0,10,0,3,0,0,0,0,0,4,2,35.690413888888884,139.743205,2,3,,,,
1,30,100,31,2,0,1,30000,0,101,2020,3,16,12,12,12,,,,,1,1,1,7,7,0,23,0,23,3,9,1,70,5,3,1,35,45,3,61,1,0,,,,,,,10,0,50,0,3,0,2,0,2,0,4,2,35.683715,139.74267555555554,2,3,,,,
1,30,100,39,2,0,1,10110,0,101,2020,3,26,17,50,13,,,,,1,1,1,14,7,0,23,0,23,1,7,1,70,5,1,1,55,55,51,61,0,0,,,,,,,0,0,20,0,4,0,0,0,0,0,4,2,35.691741388888886,139.7458375,5,3,,,,
1,30,102,22,2,0,1,95000,0,101,2020,3,8,10,13,12,,,,,3,1,2,1,1,9,22,0,23,19,9,30,70,4,1,1,65,45,3,61,31,0,,,,,,,4,0,10,0,4,0,2,0,2,0,4,2,35.692278888888886,139.76486694444444,1,3,,,,
1,30,102,27,2,0,1,30000,0,101,2020,3,24,22,18,22,,,,,1,1,1,1,1,9,22,0,23,17,9,30,70,4,1,1,65,45,3,61,1,0,,,,,,,4,0,50,0,3,0,2,0,2,0,4,2,35.69880472222222,139.7628175,3,3,,,,
1,30,102,30,2,0,1,20090,0,101,2020,3,23,8,0,12,,,,,1,1,1,1,7,9,22,0,23,14,9,30,70,4,1,1,55,45,3,61,31,0,,,,,,,4,0,40,0,3,0,2,0,2,0,4,2,35.69600388888889,139.76731833333335,2,3,,,,
1,30,104,64,2,0,1,30000,0,102,2020,3,13,10,40,12,,,,,1,1,1,14,7,0,23,0,23,3,9,1,70,5,4,1,35,1,3,61,31,0,,,,,,,2,0,10,0,4,0,2,0,2,0,4,2,35.68964861111111,139.77796694444444,6,3,,,,
1,30,104,65,2,0,1,10030,0,102,2020,3,15,10,47,12,,,,,1,1,1,1,1,9,22,0,23,18,9,30,70,1,2,1,25,35,12,61,1,0,,,,,,,5,0,50,0,4,0,2,0,2,0,4,2,35.685203611111106,139.77145805555557,1,3,,,,
1,30,105,19,2,0,1,30000,0,102,2020,3,19,15,40,12,,,,,1,1,1,0,7,0,23,0,23,0,0,20,70,0,1,1,55,35,13,61,31,0,,,,,,,10,0,30,0,4,0,2,0,2,0,4,2,35.682313888888885,139.78205250000002,5,2,,,,
1,30,105,23,2,0,1,30000,0,102,2020,3,27,8,0,12,,,,,1,1,1,14,7,0,23,0,23,3,9,1,70,4,2,1,35,1,51,61,0,0,,,,,,,0,0,10,0,3,0,0,0,0,0,4,2,35.682163055555556,139.78708527777778,6,3,,,,
1,30,106,38,2,0,1,20090,0,102,2019,12,24,21,7,22,,,,,1,1,1,1,1,9,22,0,23,19,9,30,70,4,2,1,35,35,51,61,0,0,,,,,,,0,0,20,0,4,0,0,0,0,0,4,2,35.67235722222222,139.76314583333334,3,3,,,,
1,30,106,44,2,0,1,30000,0,102,2020,3,12,8,33,12,,,,,1,1,1,1,7,1,21,0,23,14,9,30,70,5,2,1,45,65,13,61,1,0,,,,,,,2,0,20,0,3,0,2,0,2,0,4,2,35.67433416666666,139.76696194444446,5,3,,,,
1,30,106,48,2,0,1,30000,0,102,2020,3,30,15,40,12,,,,,2,1,1,1,7,9,22,0,23,15,9,30,70,5,1,1,1,45,51,61,0,0,,,,,,,0,0,40,0,4,0,0,0,0,0,4,2,35.66995583333333,139.76878805555558,2,3,,,,
1,30,107,23,2,0,1,30000,0,102,2020,3,7,13,30,12,,,,,2,1,1,14,7,0,23,0,23,3,9,1,70,5,2,1,35,45,3,61,31,0,,,,,,,2,0,30,0,3,0,2,0,2,0,4,2,35.659462222222224,139.77573805555556,7,3,,,,
1,30,107,26,2,0,1,95000,0,102,2020,3,17,6,50,12,,,,,1,1,1,14,7,0,23,0,23,3,9,1,70,4,2,1,35,45,3,61,31,0,,,,,,,3,0,20,0,3,0,2,0,2,0,4,2,35.65562416666666,139.7842863888889,3,3,,,,
1,30,107,30,2,0,1,30000,0,102,2020,3,24,8,50,12,,,,,1,1,1,1,1,9,22,0,23,15,9,30,70,5,2,1,65,45,14,61,31,0,,,,,,,2,0,10,0,4,0,2,0,2,0,4,2,35.659548888888885,139.77571194444445,3,3,,,,
1,30,108,33,2,0,1,30000,0,103,2020,3,5,8,10,12,,,,,1,1,1,14,7,0,23,0,23,1,9,1,70,5,3,1,55,45,13,61,1,0,,,,,,,10,0,80,0,3,0,2,0,2,0,4,2,35.65893,139.75219666666666,5,3,,,,
1,30,108,34,2,0,1,30000,0,103,2020,3,5,16,40,13,,,,,2,1,1,14,7,0,23,0,23,3,9,1,70,4,1,1,65,25,3,61,1,0,,,,,,,3,0,20,0,3,0,2,0,2,0,4,2,35.66705916666666,139.7559363888889,5,3,,,,
1,30,108,45,2,0,1,30000,0,103,2020,3,23,23,50,22,,,,,1,1,1,14,7,0,23,0,23,4,9,1,70,6,2,1,35,25,3,61,31,0,,,,,,,3,0,40,0,3,0,2,0,2,0,4,2,35.656729444444444,139.75542222222222,2,3,,,,
1,30,109,29,2,0,1,95000,0,103,2020,3,12,12,38,12,,,,,1,1,1,0,7,0,23,0,23,0,0,20,70,0,4,1,65,35,3,61,1,0,,,,,,,10,0,30,0,4,0,2,0,2,0,4,2,35.65159083333333,139.75796805555555,5,3,,,,
1,30,109,31,2,0,1,30000,0,103,2020,3,17,18,17,21,,,,,1,1,1,14,7,0,23,0,23,2,9,1,1,5,4,1,65,1,3,61,1,0,,,,,,,2,0,10,0,3,0,2,0,2,0,4,2,35.64507416666667,139.752925,3,3,,,,
1,30,109,35,2,0,1,30000,0,103,2020,3,9,15,32,12,,,,,1,1,1,14,7,0,23,0,23,2,9,1,70,5,2,1,75,35,14,61,31,0,,,,,,,10,0,40,0,4,0,2,0,2,0,4,2,35.648851666666665,139.74533305555553,2,3,,,,
1,30,110,25,2,0,1,10140,0,103,2020,3,4,20,25,22,,,,,3,1,2,1,1,9,22,0,23,19,9,30,70,1,2,1,45,35,3,61,31,0,,,,,,,4,0,10,0,4,0,2,0,2,0,4,2,35.631789166666664,139.74541777777776,4,3,,,,
1,30,110,27,2,0,1,30000,0,103,2020,2,25,12,59,12,,,,,2,1,1,14,1,0,23,0,23,5,7,1,70,4,1,1,45,75,1,61,1,0,,,,,,,3,0,10,0,4,0,2,0,2,0,4,4,35.63992611111111,139.73858416666664,3,3,,,,
1,30,110,29,2,0,1,20000,0,103,2020,3,23,10,20,12,,,,,3,1,2,14,7,0,23,0,23,1,7,20,70,4,2,1,55,65,3,61,1,0,,,,,,,3,0,10,0,3,0,2,0,2,0,4,2,35.62903333333333,139.73666083333333,2,3,,,,
1,30,111,42,2,0,1,30000,0,103,2020,1,28,22,17,22,,,,,3,1,2,14,7,0,23,0,23,4,9,1,70,4,2,1,45,65,3,61,1,0,,,,,,,3,0,0,0,4,0,2,0,2,0,4,2,35.652593055555556,139.7354633333333,3,3,,,,
1,30,111,44,2,0,2,30000,0,103,2020,2,22,21,55,22,,,,,2,1,4,14,7,0,23,0,23,1,9,1,70,5,2,1,35,45,3,61,1,0,,,,,,,3,0,20,0,3,0,2,0,2,0,4,2,35.660964444444446,139.732835,7,2,,,,
1,30,111,46,2,0,1,30000,0,103,2020,3,4,19,55,22,,,,,2,1,1,1,7,9,22,0,23,15,9,30,70,5,2,1,55,25,3,61,1,0,,,,,,,1,0,10,0,3,0,2,0,2,0,4,2,35.65704861111111,139.71832111111112,4,3,,,,
1,30,111,59,2,0,1,20120,0,103,2020,3,28,4,10,22,,,,,1,1,1,14,1,0,23,0,23,6,9,1,70,1,2,1,35,1,3,61,31,0,,,,,,,4,0,18,0,3,0,2,0,2,0,4,2,35.65820055555555,139.7237063888889,7,3,,,,
1,30,112,29,2,0,1,30000,0,103,2020,3,3,20,40,22,,,,,2,1,1,1,1,9,22,0,23,14,9,30,70,4,1,1,65,45,3,61,1,0,,,,,,,5,0,20,0,3,0,2,0,2,0,4,2,35.666739166666666,139.74305027777777,3,3,,,,
1,30,112,33,2,0,1,30000,0,103,2020,3,12,22,17,22,,,,,1,1,1,1,1,9,22,0,23,15,9,30,70,4,2,1,65,25,3,61,1,0,,,,,,,2,0,10,0,4,0,2,0,2,0,4,2,35.671996388888886,139.73921444444443,5,3,,,,
1,30,112,36,2,0,1,30000,0,103,2020,3,1,18,0,21,,,,,1,1,1,14,7,0,23,0,23,1,9,1,70,5,3,1,55,25,3,61,31,0,,,,,,,2,0,40,0,3,0,2,0,2,0,4,2,35.66363694444444,139.71288583333333,1,3,,,,