資料区分,都道府県コード,警察署等コード,本票番号,事故内容,死者数,負傷者数,路線コード,地点コード,市区町村コード,発生日時　　年,発生日時　　月,発生日時　　日,発生日時　　時,発生日時　　分,昼夜,日の出時刻　　時,日の出時刻　　分,日の入り時刻　　時,日の入り時刻　　分,天候,地形,路面状態,道路形状,信号機,一時停止規制　標識（当事者A）,一時停止規制　表示（当事者A）,一時停止規制　標識（当事者B）,一時停止規制　表示（当事者B）,車道幅員,道路線形,衝突地点,ゾーン規制,中央分離帯施設等,歩車道区分,事故類型,年齢（当事者A）,年齢（当事者B）,当事者種別（当事者A）,当事者種別（当事者B）,用途別（当事者A）,用途別（当事者B）,車両形状等（当事者A）,車両形状等（当事者B）,オートマチック車（当事者A）,オートマチック車（当事者B）,サポカー（当事者A）,サポカー（当事者B）,速度規制（指定のみ）（当事者A）,速度規制（指定のみ）（当事者B）,車両の衝突部位（当事者A）,車両の衝突部位（当事者B）,車両の損壊程度（当事者A）,車両の損壊程度（当事者B）,エアバッグの装備（当事者A）,エアバッグの装備（当事者B）,サイドエアバッグの装備（当事者A）,サイドエアバッグの装備（当事者B）,人身損傷程度（当事者A）,人身損傷程度（当事者B）,lat,lon,曜日(発生年月日),祝日(発生年月日),認知機能検査経過日数（当事者A）,認知機能検査経過日数（当事者B）,運転練習の方法（当事者A）,運転練習の方法（当事者B）
1,30,112,39,2,0,1,30000,0,103,2020,3,24,14,20,12,,,,,1,1,1,14,7,0,23,0,23,2,9,1,70,5,4,1,65,65,3,61,1,0,,,,,,,2,0,50,0,3,0,2,0,2,0,4,2,35.66853722222222,139.73940638888888,3,3,,,,
1,30,112,40,2,0,1,2460,24,103,2020,3,28,18,45,21,,,,,3,1,2,1,1,9,22,0,23,19,9,30,70,1,1,1,45,75,3,61,31,0,,,,,,,3,0,10,0,4,0,2,0,2,0,4,2,35.67187444444444,139.72113638888888,7,3,,,,
1,30,113,43,2,0,1,20000,0,111,2020,3,11,15,34,12,,,,,1,1,1,14,7,0,23,0,23,2,7,1,70,5,4,1,35,45,1,61,1,0,,,,,,,5,0,80,0,3,0,2,0,2,0,4,2,35.58482333333333,139.76417416666666,4,3,,,,
1,30,113,54,2,0,1,85010,0,108,2020,3,26,8,20,12,,,,,1,1,1,1,1,9,22,0,23,19,9,30,70,1,1,1,1,25,12,61,1,0,,,,,,,4,0,10,0,3,0,2,0,2,0,4,2,35.61856888888889,139.7807852777778,5,3,,,,
1,30,113,56,2,0,1,85000,0,111,2020,3,10,19,20,22,,,,,3,1,2,1,1,9,22,0,23,19,9,30,70,1,2,1,45,55,3,61,31,0,,,,,,,5,0,20,0,3,0,2,0,2,0,4,2,35.584584722222225,139.76590972222223,3,3,,,,
1,30,215,17,2,0,1,150,96,109,2020,2,23,22,11,22,,,,,1,1,1,14,7,0,23,0,23,6,9,1,70,1,2,1,55,65,3,61,1,0,,,,,,,4,0,0,0,4,0,2,0,2,0,4,2,35.60897027777778,139.7427075,1,1,,,,
1,30,217,37,2,0,1,10080,0,109,2020,2,14,17,22,21,,,,,3,1,2,14,7,0,23,0,23,6,9,1,70,4,2,1,55,25,3,61,1,0,,,,,,,3,0,50,0,3,0,2,0,2,0,4,2,35.63408111111111,139.71801611111113,6,3,,,,
1,30,217,44,2,0,1,30000,0,109,2020,2,28,17,34,13,,,,,1,1,1,14,7,0,23,0,23,2,9,1,70,5,3,1,55,75,3,61,1,0,,,,,,,5,0,10,0,3,0,2,0,2,0,4,2,35.626150277777775,139.72129666666666,6,3,,,,
1,30,217,48,2,0,1,90000,0,109,2020,3,20,9,55,12,,,,,1,1,1,14,7,0,23,0,23,2,9,1,70,5,4,1,55,75,3,61,31,0,,,,,,,10,0,40,0,4,0,2,0,2,0,4,2,35.63428694444445,139.7179575,6,1,,,,
1,30,217,50,2,0,1,10170,0,109,2020,3,24,18,25,21,,,,,1,1,1,1,1,9,22,0,23,18,9,30,70,1,2,1,55,75,3,61,1,0,,,,,,,10,0,10,0,3,0,2,0,2,0,4,2,35.6183625,139.71841666666666,3,3,,,,
1,30,217,51,2,0,1,30000,0,109,2020,3,27,8,52,12,,,,,1,1,1,14,7,0,23,0,23,3,9,1,70,4,2,1,45,25,3,61,31,0,,,,,,,3,0,10,0,3,0,2,0,2,0,4,2,35.617355833333335,139.72978194444445,6,3,,,,
1,30,217,52,2,0,1,30000,0,109,2020,3,24,20,25,22,,,,,1,1,1,1,1,9,22,0,23,15,9,30,70,4,2,1,55,55,3,61,1,0,,,,,,,3,0,10,0,4,0,2,0,2,0,4,2,35.62040555555556,139.73060361111112,3,3,,,,
1,30,218,45,2,0,1,30000,0,109,2020,3,3,8,40,12,,,,,1,1,1,14,7,0,23,0,23,2,9,1,70,5,3,1,25,55,3,61,31,0,,,,,,,2,0,10,0,3,0,2,0,2,0,4,2,35.60359277777778,139.70821888888887,3,3,,,,
1,30,218,47,2,0,1,30000,0,109,2020,3,3,12,13,12,,,,,1,1,1,14,7,0,23,0,23,1,9,1,70,5,2,1,65,0,61,0,0,0,,,,,,,0,0,0,0,0,0,0,0,0,0,2,0,35.61814555555556,139.71873055555557,3,3,,,,
1,30,218,48,2,0,1,30000,0,109,2020,3,3,14,45,12,,,,,1,1,1,1,7,9,22,0,23,15,9,30,70,5,3,1,45,75,3,61,31,0,,,,,,,2,0,40,0,3,0,2,0,2,0,4,2,35.614155555555556,139.722915,3,3,,,,
1,30,218,51,2,0,1,30000,0,109,2020,3,9,16,30,12,,,,,1,1,1,7,7,0,23,0,23,2,8,20,70,5,3,1,65,1,3,61,1,0,,,,,,,2,0,40,0,4,0,2,0,2,0,4,2,35.61147583333334,139.72598277777777,2,3,,,,
1,30,218,52,2,0,1,30000,0,109,2020,2,6,14,5,12,,,,,1,1,1,7,7,0,23,0,23,3,9,20,70,5,3,1,75,55,14,61,1,0,,,,,,,2,0,40,0,3,0,2,0,2,0,4,2,35.62004888888889,139.70617388888888,5,3,,,,
1,30,219,96,2,0,1,20180,0,111,2020,2,16,17,25,21,,,,,3,1,2,14,7,0,23,0,23,2,9,1,70,4,2,1,55,75,14,61,1,0,,,,,,,3,0,10,0,3,0,2,0,2,0,4,2,35.57824138888889,139.7173911111111,1,3,,,,
1,30,219,99,2,0,1,30000,0,111,2020,3,3,7,40,12,,,,,1,1,1,1,7,9,22,0,23,11,9,30,70,4,2,1,35,75,35,61,31,0,,,,,,,2,0,10,0,3,0,0,0,0,0,4,2,35.57604944444445,139.7374175,3,3,,,,
1,30,219,102,2,0,1,10130,0,111,2020,3,8,11,35,12,,,,,3,1,2,7,1,0,23,0,23,2,9,1,70,1,1,1,55,55,3,61,31,0,,,,,,,4,0,50,0,3,0,2,0,2,0,4,2,35.58134722222223,139.72187027777778,1,3,,,,
1,30,219,122,2,0,1,30000,0,111,2020,3,24,9,35,12,,,,,1,1,1,1,1,9,22,0,23,14,9,30,70,4,3,1,45,65,3,61,31,0,,,,,,,2,0,50,0,3,0,2,0,2,0,4,2,35.581225833333335,139.71761944444444,3,3,,,,
1,30,219,126,2,0,1,1310,0,111,2020,3,28,20,40,22,,,,,3,1,2,1,1,9,22,0,23,18,9,30,1,4,2,1,45,25,36,61,31,0,,,,,,,10,0,10,0,3,0,0,0,0,0,4,2,35.56858888888889,139.735415,7,3,,,,
1,30,220,29,2,0,1,10200,0,111,2020,3,10,13,40,12,,,,,3,1,2,1,1,9,22,0,23,15,9,30,70,1,1,1,1,65,13,61,31,0,,,,,,,5,0,10,0,3,0,2,0,2,0,4,2,35.58556138888889,139.68005194444444,3,3,,,,
1,30,220,30,2,0,1,30000,0,111,2020,3,13,8,55,12,,,,,1,1,1,1,7,1,21,0,23,11,9,30,70,5,3,1,1,1,13,61,31,0,,,,,,,2,0,10,0,3,0,2,0,2,0,4,2,35.57493,139.68636833333335,6,3,,,,
1,30,220,31,2,0,1,30000,0,111,2020,3,14,9,40,12,,,,,3,1,2,14,7,0,23,0,23,3,9,1,70,5,3,1,55,65,3,61,31,0,,,,,,,2,0,30,0,4,0,2,0,2,0,4,2,35.58219638888889,139.6995088888889,7,3,,,,
1,30,220,33,2,0,1,30000,0,111,2020,2,24,14,50,12,,,,,1,1,1,1,7,1,21,0,23,15,9,30,70,4,3,1,25,35,3,61,31,0,,,,,,,2,0,10,0,4,0,2,0,2,0,4,2,35.60452888888889,139.6850363888889,2,1,,,,
1,30,220,37,2,0,1,10130,0,111,2020,3,25,12,15,12,,,,,1,1,1,1,1,9,22,0,23,14,9,30,70,1,2,1,55,35,3,61,31,0,,,,,,,4,0,10,0,3,0,2,0,2,0,4,2,35.59930166666667,139.70374944444444,4,3,,,,
1,30,221,78,2,0,1,10200,0,111,2020,3,15,12,43,12,,,,,1,1,1,14,7,0,23,0,23,5,9,1,70,1,1,1,65,1,51,61,0,0,,,,,,,0,0,10,0,4,0,0,0,0,0,4,2,35.55273611111111,139.7343775,1,3,,,,
1,30,221,85,2,0,1,30000,0,111,2020,3,26,13,0,12,,,,,1,1,1,1,1,9,22,0,23,11,9,30,70,4,3,1,55,75,17,61,1,0,,,,,,,2,0,10,0,4,0,2,0,2,0,4,2,35.54675666666667,139.7070836111111,5,3,,,,
1,30,221,86,2,0,1,30000,0,111,2020,3,24,12,35,12,,,,,1,1,1,14,7,0,23,0,23,3,9,1,70,5,3,1,65,45,3,61,31,0,,,,,,,5,0,10,0,3,0,2,0,2,0,4,2,35.55188361111111,139.7066486111111,3,3,,,,
1,30,221,91,2,0,1,30000,0,111,2020,3,30,14,45,12,,,,,2,1,1,14,7,0,23,0,23,4,9,1,70,4,3,1,45,65,3,61,31,0,,,,,,,2,0,10,0,3,0,2,0,2,0,4,2,35.560117777777776,139.7470172222222,2,3,,,,
1,30,221,93,2,0,1,10200,0,111,2020,3,27,13,25,12,,,,,2,1,1,14,7,0,23,0,23,4,9,1,70,1,1,1,35,1,51,61,0,0,,,,,,,0,0,20,0,3,0,0,0,0,0,4,2,35.55439027777778,139.72854944444444,6,3,,,,
1,30,221,95,2,0,1,30000,0,111,2020,2,12,17,22,21,,,,,1,1,1,14,7,0,23,0,23,3,9,1,70,4,3,1,35,75,1,61,1,0,,,,,,,10,0,0,0,4,0,2,0,2,0,4,2,35.54798472222222,139.74820583333332,4,3,,,,
1,30,222,51,2,0,1,30000,0,111,2020,3,3,9,30,12,,,,,1,1,1,14,7,0,23,0,23,3,9,1,70,5,3,1,45,1,13,61,31,0,,,,,,,2,0,80,0,4,0,2,0,2,0,4,2,35.58513722222222,139.69463944444445,3,3,,,,
1,30,222,53,2,0,1,10130,0,111,2020,3,4,8,28,12,,,,,2,1,1,1,7,9,22,0,23,17,9,20,70,1,1,1,45,25,14,61,1,0,,,,,,,4,0,60,0,4,0,2,0,2,0,4,2,35.592530555555555,139.71733277777778,4,3,,,,
1,30,222,66,2,0,1,30000,0,111,2020,3,24,8,40,12,,,,,1,1,1,1,7,1,21,0,23,11,9,30,70,5,3,1,35,55,3,61,31,0,,,,,,,2,0,10,0,4,0,2,0,2,0,4,2,35.58696333333334,139.70177194444443,3,3,,,,
1,30,222,72,2,0,1,10,135,111,2020,3,27,21,13,22,,,,,2,1,1,1,1,9,22,0,23,19,9,30,70,5,2,1,65,35,3,61,1,0,,,,,,,5,0,10,0,4,0,2,0,2,0,4,2,35.59690194444445,139.71188027777777,6,3,,,,
1,30,222,82,2,0,1,30000,0,111,2020,1,9,15,28,12,,,,,1,1,1,7,1,0,23,0,23,2,9,20,70,5,2,1,45,1,3,61,31,0,,,,,,,3,0,10,0,3,0,2,0,2,0,4,2,35.56422194444444,139.7045497222222,5,3,,,,
1,30,325,68,2,0,1,2460,90,112,2020,3,18,13,6,12,,,,,1,1,1,14,7,0,23,0,23,4,9,1,70,1,1,1,45,55,51,61,0,0,,,,,,,0,0,40,0,3,0,0,0,0,0,4,2,35.63641694444444,139.66580666666667,4,3,,,,
1,30,325,80,2,0,1,30000,0,112,2020,2,8,17,35,21,,,,,1,1,1,14,7,0,23,0,23,2,9,1,70,4,3,1,75,0,61,0,0,0,,,,,,,0,0,0,0,0,0,0,0,0,0,2,0,35.63842888888889,139.65825750000002,7,3,,,,
1,30,326,82,2,0,1,30000,0,112,2020,2,12,9,5,12,,,,,1,1,1,1,1,9,22,0,23,15,9,30,70,4,3,1,55,35,51,61,0,0,,,,,,,0,0,10,0,3,0,0,0,0,0,4,2,35.64812583333333,139.6446836111111,4,3,,,,
1,30,326,86,2,0,1,30000,0,112,2020,3,5,12,30,12,,,,,1,1,1,14,7,0,23,0,23,3,9,1,70,5,3,1,25,35,59,61,0,0,,,,,,,0,0,10,0,4,0,0,0,0,0,4,2,35.65929277777778,139.66725527777777,5,3,,,,
1,30,326,96,2,0,1,20260,0,112,2020,3,11,21,30,22,,,,,1,1,1,14,7,0,23,0,23,3,9,1,70,4,1,1,35,45,51,61,0,0,,,,,,,0,0,10,0,4,0,0,0,0,0,4,2,35.65113222222222,139.66890972222222,4,3,,,,
1,30,326,108,2,0,2,20260,0,112,2020,3,22,23,1,22,,,,,1,1,1,1,1,9,22,0,23,15,9,30,70,4,2,1,35,1,33,61,31,0,,,,,,,3,0,10,0,3,0,0,0,0,0,2,2,35.650845,139.66721388888888,1,3,,,,
1,30,326,109,2,0,1,30000,0,112,2020,3,23,8,40,12,,,,,3,1,2,1,7,9,22,0,23,11,9,30,70,5,4,1,35,55,51,61,0,0,,,,,,,0,0,40,0,4,0,0,0,0,0,4,2,35.67116,139.66949944444443,2,3,,,,
1,30,326,110,2,0,1,30000,0,112,2020,3,24,9,45,12,,,,,1,1,1,1,7,9,22,0,23,15,9,30,70,5,3,1,65,45,51,61,0,0,,,,,,,0,0,20,0,4,0,0,0,0,0,4,2,35.65555888888889,139.65448416666666,3,3,,,,
1,30,326,111,2,0,1,30000,0,112,2020,3,24,14,0,12,,,,,1,1,1,14,7,0,23,0,23,1,9,1,70,5,3,1,65,45,51,61,0,0,,,,,,,0,0,10,0,4,0,0,0,0,0,4,2,35.65358805555555,139.63447333333332,3,3,,,,
1,30,326,118,2,0,1,10130,0,115,2020,3,29,1,5,22,,,,,3,1,2,1,1,9,22,0,23,19,9,30,70,1,2,1,65,45,3,61,1,0,,,,,,,4,0,10,0,3,0,2,0,2,0,4,2,35.672754999999995,139.6604338888889,1,3,,,,
1,30,326,119,2,0,1,30000,0,112,2020,3,19,19,17,22,,,,,2,1,1,1,7,9,22,0,23,14,9,30,70,4,2,1,55,55,14,61,31,0,,,,,,,3,0,50,0,3,0,2,0,2,0,4,2,35.653061666666666,139.66638694444444,5,2,,,,
1,30,326,124,2,0,1,30000,0,112,2020,3,26,11,5,12,,,,,1,1,1,14,7,0,23,0,23,2,9,1,70,5,2,1,45,35,3,61,1,0,,,,,,,5,0,20,0,4,0,2,0,2,0,4,2,35.649773055555556,139.6461211111111,5,3,,,,
1,30,327,81,2,0,1,30000,0,112,2020,1,28,19,28,22,,,,,3,1,2,1,7,9,22,0,23,15,9,30,70,5,1,1,45,1,3,61,31,0,,,,,,,10,0,80,0,3,0,2,0,2,0,4,2,35.61919416666667,139.63045194444445,3,3,,,,
1,30,327,91,2,0,1,30000,0,112,2020,2,17,17,15,13,,,,,1,1,1,7,7,0,23,0,23,2,9,1,70,5,2,1,35,75,3,61,31,0,,,,,,,10,0,80,0,3,0,2,0,2,0,4,2,35.598798333333335,139.67208,2,3,,,,
1,30,327,92,2,0,1,90000,0,112,2020,3,21,16,0,12,,,,,1,1,1,14,7,0,23,0,23,1,9,20,70,5,3,1,65,75,3,61,31,0,,,,,,,10,0,30,0,4,0,2,0,2,0,4,2,35.59489027777778,139.65216666666666,7,3,,,,
1,30,327,95,2,0,1,30000,0,112,2020,3,26,9,33,12,,,,,1,1,1,14,7,0,23,0,23,2,9,1,70,5,2,1,65,55,3,61,31,0,,,,,,,10,0,40,0,3,0,2,0,2,0,4,2,35.62771638888889,139.6314825,5,3,,,,
1,30,327,97,2,0,1,95000,0,112,2020,3,17,11,30,12,,,,,1,1,1,14,7,0,23,0,23,3,9,1,70,4,2,1,55,25,3,61,31,0,,,,,,,3,0,40,0,3,0,2,0,2,0,4,2,35.63867805555555,139.63423055555555,3,3,,,,
1,30,328,101,2,0,1,30000,0,112,2020,2,27,10,19,12,,,,,1,1,1,14,7,0,23,0,23,2,9,1,70,5,2,1,35,75,36,61,31,0,,,,,,,2,0,10,0,3,0,0,0,0,0,4,2,35.622772777777776,139.60579666666666,5,3,,,,
1,30,328,102,2,0,1,30000,0,112,2020,3,1,14,35,12,,,,,3,1,1,14,7,0,23,0,23,4,9,1,70,4,1,1,25,1,51,61,0,0,,,,,,,0,0,24,0,4,0,0,0,0,0,4,2,35.64496277777778,139.6165436111111,1,3,,,,
1,30,328,108,2,0,1,30000,0,112,2020,3,10,19,20,22,,,,,3,1,2,7,7,0,23,0,23,2,9,20,70,4,3,1,65,45,13,61,31,0,,,,,,,2,0,10,0,3,0,2,0,1,0,4,2,35.670160277777775,139.60298944444443,3,3,,,,
1,30,328,110,2,0,1,30000,0,112,2020,3,7,7,30,12,,,,,2,1,1,1,7,1,22,0,23,11,9,30,70,5,3,1,65,45,3,61,31,0,,,,,,,2,0,50,0,4,0,2,0,2,0,4,2,35.657039166666664,139.59890666666666,7,3,,,,
1,30,328,122,2,0,1,30000,0,112,2020,3,15,13,10,12,,,,,1,1,1,13,7,0,23,0,23,3,3,1,70,4,1,1,65,35,3,61,31,0,,,,,,,2,0,40,0,4,0,2,0,2,0,4,2,35.63493666666667,139.62006972222224,1,3,,,,
1,30,328,128,2,0,1,10190,0,112,2020,3,23,18,50,21,,,,,2,1,1,1,1,9,22,0,23,15,9,30,70,4,1,1,35,35,4,61,31,0,,,,,,,3,0,50,0,4,0,2,0,2,0,4,2,35.62412111111111,139.6082458333333,2,3,,,,
1,30,329,34,2,0,1,30000,0,110,2020,2,29,19,2,22,,,,,1,1,1,7,7,0,23,0,23,3,8,1,70,5,2,1,55,45,3,61,1,0,,,,,,,10,0,50,0,3,0,2,0,2,0,4,2,35.633341944444446,139.7110536111111,7,3,,,,
1,30,329,36,2,0,1,20240,0,110,2020,2,28,10,48,12,,,,,1,1,1,1,1,9,22,0,23,14,9,30,70,4,1,1,65,35,51,61,0,0,,,,,,,0,0,40,0,4,0,0,0,0,0,4,2,35.636178055555554,139.69438250000002,6,3,,,,
1,30,329,40,2,0,1,30000,0,110,2020,3,20,14,47,12,,,,,1,1,1,1,1,9,22,0,23,15,9,30,70,4,3,1,35,45,17,61,1,0,,,,,,,2,0,50,0,4,0,2,0,2,0,4,2,35.64872611111111,139.69491666666667,6,1,,,,
1,30,329,41,2,0,1,30000,0,110,2020,2,14,16,35,13,,,,,2,1,1,14,7,0,23,0,23,3,9,1,70,5,3,1,45,35,51,61,0,0,,,,,,,0,0,30,0,3,0,0,0,0,0,4,2,35.64083194444444,139.69468694444444,6,3,,,,
1,30,329,44,2,0,1,30000,0,110,2020,3,25,13,45,12,,,,,1,1,1,7,7,0,23,0,23,3,9,1,70,5,2,1,65,1,3,61,1,0,,,,,,,2,0,10,0,3,0,2,0,2,0,4,2,35.64753555555556,139.6869286111111,4,3,,,,
1,30,329,45,2,0,1,10080,0,110,2020,3,26,12,30,12,,,,,1,1,1,14,7,0,23,0,23,5,8,1,70,4,2,1,45,55,17,61,31,0,,,,,,,4,0,80,0,3,0,2,0,2,0,4,2,35.63188138888889,139.7063811111111,5,3,,,,
1,30,329,47,2,0,1,20240,0,110,2020,2,26,16,4,12,,,,,2,1,1,1,1,9,22,0,23,19,9,30,70,1,2,1,45,1,3,61,1,0,,,,,,,3,0,10,0,3,0,2,0,2,0,4,2,35.642941111111114,139.70077305555554,4,3,,,,
1,30,329,48,2,0,1,10160,0,110,2020,3,29,11,40,12,,,,,5,1,2,1,1,9,22,0,23,15,9,30,70,1,2,1,1,55,17,61,31,0,,,,,,,5,0,10,0,3,0,2,0,2,0,4,2,35.63739472222222,139.70497527777778,1,3,,,,
1,30,330,32,2,0,1,30000,0,110,2019,12,24,11,0,12,,,,,1,1,1,14,7,0,23,0,23,2,9,1,70,5,3,1,45,45,3,61,1,0,,,,,,,5,0,20,0,4,0,2,0,2,0,4,2,35.62895805555556,139.68715083333333,3,3,,,,
1,30,330,35,2,0,1,20210,0,110,2020,3,9,4,39,22,,,,,1,1,1,1,7,9,22,0,23,14,9,30,70,4,1,1,35,55,3,61,1,0,,,,,,,3,0,10,0,3,0,2,0,2,0,4,2,35.61654166666667,139.66898333333333,2,3,,,,
1,30,330,39,2,0,1,30000,0,110,2020,3,20,13,35,12,,,,,1,1,1,1,7,9,22,0,23,11,9,30,70,5,1,1,35,25,14,61,1,0,,,,,,,2,0,10,0,3,0,2,0,2,0,4,2,35.61739138888889,139.67644694444442,6,1,,,,
1,30,330,45,2,0,1,30000,0,110,2020,3,24,20,0,22,,,,,1,1,1,14,7,0,23,0,23,2,9,1,70,5,3,1,55,35,3,61,31,0,,,,,,,10,0,40,0,3,0,2,0,2,0,4,2,35.609432222222225,139.66835166666667,3,3,,,,
1,30,330,46,2,0,1,20210,0,110,2020,3,12,20,58,22,,,,,1,1,1,14,1,0,23,0,23,2,9,1,70,5,3,1,65,45,3,61,1,0,,,,,,,10,0,80,0,3,0,2,0,2,0,4,2,35.6137025,139.66989999999998,5,3,,,,
1,30,331,33,2,0,1,30000,0,113,2020,3,9,18,5,21,,,,,1,1,1,14,7,0,23,0,23,3,9,1,70,5,2,1,35,45,51,61,0,0,,,,,,,0,0,10,0,3,0,0,0,0,0,4,2,35.65025,139.720775,2,3,,,,
1,30,331,35,2,0,1,20240,0,113,2020,3,13,3,33,22,,,,,1,1,1,1,1,9,22,0,23,18,9,30,70,1,1,1,55,35,3,61,1,0,,,,,,,4,0,10,0,3,0,2,0,2,0,4,2,35.64814972222222,139.70995,6,3,,,,
1,30,332,22,2,0,1,30000,0,113,2020,3,10,8,35,12,,,,,3,1,2,1,7,9,22,0,23,15,9,30,70,4,2,1,55,25,3,61,31,0,,,,,,,2,0,10,0,3,0,2,0,2,0,4,2,35.68376277777777,139.70300833333332,3,3,,,,
1,30,333,37,2,0,1,20270,0,113,2020,3,1,11,25,12,,,,,1,1,1,7,1,0,23,0,23,4,9,1,70,1,1,1,45,55,13,61,31,0,,,,,,,10,0,80,0,3,0,2,0,2,0,4,2,35.667465,139.69089666666667,1,3,,,,
1,30,333,45,2,0,1,200,111,113,2020,3,11,17,55,21,,,,,1,1,1,1,1,9,22,0,23,17,9,30,70,1,1,1,45,55,51,61,0,0,,,,,,,0,0,10,0,4,0,0,0,0,0,4,2,35.67735527777778,139.6768161111111,4,3,,,,
1,30,333,50,2,0,1,30000,0,113,2020,3,19,14,42,12,,,,,1,1,1,7,7,0,23,0,23,2,9,1,70,5,3,1,45,1,3,61,1,0,,,,,,,1,0,40,0,4,0,2,0,2,0,4,2,35.68023944444444,139.69247194444443,5,2,,,,
1,30,333,51,2,0,1,30000,0,113,2020,3,21,9,50,12,,,,,1,1,1,1,1,9,22,0,23,14,9,30,70,1,2,1,45,35,11,61,1,0,,,,,,,10,0,60,0,3,0,2,0,2,0,4,2,35.6861075,139.68468000000001,7,3,,,,
1,30,333,52,2,0,1,21000,0,113,2020,3,24,9,5,12,,,,,1,1,1,14,7,0,23,0,23,3,9,1,70,5,1,1,35,25,51,61,0,0,,,,,,,0,0,0,0,3,0,0,0,0,0,4,2,35.66923805555555,139.70188777777776,3,3,,,,
1,30,435,36,2,0,1,30000,0,104,2020,3,16,12,50,12,,,,,1,1,1,7,7,0,23,0,23,2,9,1,70,5,3,1,45,55,24,61,0,0,,,,,,,2,0,30,0,4,0,0,0,0,0,4,2,35.70792027777778,139.72596972222223,2,3,,,,
1,30,435,38,2,0,1,10280,0,104,2020,3,19,21,20,22,,,,,3,1,2,1,1,9,22,0,23,19,9,30,70,1,1,1,65,1,13,61,1,0,,,,,,,4,0,16,0,4,0,2,0,2,0,4,2,35.70973583333333,139.7273125,5,2,,,,
1,30,435,39,2,0,1,30000,0,104,2020,3,20,16,10,12,,,,,1,1,1,1,1,9,22,0,23,18,8,30,1,1,2,1,25,45,3,61,31,0,,,,,,,10,0,80,0,3,0,2,0,2,0,4,2,35.700385555555556,139.7428286111111,6,1,,,,
1,30,436,61,2,0,1,30000,0,104,2020,2,16,20,51,22,,,,,3,1,2,14,7,0,23,0,23,3,9,1,70,4,3,1,45,25,3,61,1,0,,,,,,,2,0,40,0,3,0,2,0,2,0,4,2,35.69307111111111,139.71161333333333,1,3,,,,
1,30,436,62,2,0,1,10240,0,104,2020,2,28,12,20,12,,,,,1,1,1,14,7,0,23,0,23,4,9,1,70,1,2,1,45,25,51,61,0,0,,,,,,,0,0,10,0,3,0,0,0,0,0,4,2,35.69344972222222,139.69857194444444,6,3,,,,
1,30,436,64,2,0,1,10240,0,104,2020,1,29,6,54,11,,,,,2,1,2,1,1,9,22,0,23,19,9,30,70,1,2,1,45,35,51,61,0,0,,,,,,,0,0,10,0,4,0,0,0,0,0,4,2,35.693640277777774,139.69893944444445,4,3,,,,
1,30,436,66,2,0,1,200,89,113,2020,3,7,21,13,22,,,,,3,1,2,1,1,9,22,0,23,18,9,30,70,1,1,1,65,25,3,61,31,0,,,,,,,10,0,20,0,4,0,2,0,2,0,4,2,35.68753777777778,139.6963738888889,7,3,,,,
1,30,436,70,2,0,1,20290,0,104,2020,3,22,13,15,12,,,,,1,1,1,7,1,0,23,0,23,2,9,1,70,4,2,1,25,55,51,61,0,0,,,,,,,0,0,10,0,3,0,0,0,0,0,2,4,35.70192166666667,139.6932038888889,1,3,,,,
1,30,436,71,2,0,1,30290,0,104,2020,3,23,9,40,12,,,,,3,1,2,14,7,0,23,0,23,3,9,1,70,4,2,1,65,75,3,61,1,0,,,,,,,3,0,40,0,3,0,2,0,2,0,4,2,35.70676027777778,139.69440805555556,2,3,,,,
1,30,436,73,2,0,1,20290,0,104,2020,3,21,12,25,12,,,,,1,1,1,14,7,0,23,0,23,3,9,1,70,4,2,1,25,75,51,61,0,0,,,,,,,0,0,40,0,4,0,0,0,0,0,4,2,35.70190277777778,139.69457194444445,7,3,,,,
1,30,437,32,2,0,1,95000,0,104,2020,3,18,10,10,12,,,,,1,1,1,1,7,9,22,0,23,11,9,30,70,5,3,1,45,45,14,61,1,0,,,,,,,2,0,80,0,3,0,2,0,2,0,4,2,35.71600388888889,139.68692777777778,4,3,,,,
1,30,437,33,2,0,1,10280,0,104,2020,3,23,13,55,12,,,,,1,1,1,1,1,1,22,0,23,17,9,30,70,1,1,1,75,75,3,61,31,0,,,,,,,4,0,10,0,3,0,2,0,2,0,4,2,35.71299527777778,139.71406944444442,2,3,,,,
1,30,438,19,2,0,1,30000,0,104,2019,10,22,6,45,11,,,,,3,1,1,14,7,0,23,0,23,1,9,1,70,5,3,1,45,55,3,61,31,0,,,,,,,1,0,20,0,3,0,2,0,2,0,4,2,35.68445555555555,139.71767277777778,3,1,,,,
1,30,438,20,2,0,1,21030,0,104,2020,3,7,10,17,12,,,,,1,1,1,1,1,9,22,0,23,15,9,30,70,1,2,1,45,65,3,61,1,0,,,,,,,5,0,10,0,3,0,2,0,2,0,4,2,35.68591472222222,139.72911611111113,7,3,,,,
1,30,438,24,2,0,1,200,0,104,2020,3,19,23,0,22,,,,,2,1,2,1,1,9,22,0,23,19,9,30,70,1,1,1,45,55,34,61,31,0,,,,,,,5,0,10,0,3,0,0,0,0,0,4,2,35.686590555555554,139.72754916666668,5,2,,,,
1,30,438,27,2,0,1,20120,0,104,2020,3,26,13,22,12,,,,,1,1,1,14,7,0,23,0,23,5,9,1,70,4,1,1,25,35,13,61,31,0,,,,,,,4,0,10,0,4,0,2,0,2,0,4,2,35.68700027777778,139.71602527777776,5,3,,,,