資料区分,都道府県コード,警察署等コード,本票番号,事故内容,死者数,負傷者数,路線コード,地点コード,市区町村コード,発生日時　　年,発生日時　　月,発生日時　　日,発生日時　　時,発生日時　　分,昼夜,日の出時刻　　時,日の出時刻　　分,日の入り時刻　　時,日の入り時刻　　分,天候,地形,路面状態,道路形状,信号機,一時停止規制　標識（当事者A）,一時停止規制　表示（当事者A）,一時停止規制　標識（当事者B）,一時停止規制　表示（当事者B）,車道幅員,道路線形,衝突地点,ゾーン規制,中央分離帯施設等,歩車道区分,事故類型,年齢（当事者A）,年齢（当事者B）,当事者種別（当事者A）,当事者種別（当事者B）,用途別（当事者A）,用途別（当事者B）,車両形状等（当事者A）,車両形状等（当事者B）,オートマチック車（当事者A）,オートマチック車（当事者B）,サポカー（当事者A）,サポカー（当事者B）,速度規制（指定のみ）（当事者A）,速度規制（指定のみ）（当事者B）,車両の衝突部位（当事者A）,車両の衝突部位（当事者B）,車両の損壊程度（当事者A）,車両の損壊程度（当事者B）,エアバッグの装備（当事者A）,エアバッグの装備（当事者B）,サイドエアバッグの装備（当事者A）,サイドエアバッグの装備（当事者B）,人身損傷程度（当事者A）,人身損傷程度（当事者B）,lat,lon,曜日(発生年月日),祝日(発生年月日),認知機能検査経過日数（当事者A）,認知機能検査経過日数（当事者B）,運転練習の方法（当事者A）,運転練習の方法（当事者B）
1,30,439,58,2,0,1,20290,0,114,2020,1,30,18,25,22,,,,,1,1,1,14,7,0,23,0,23,3,9,1,70,4,2,1,1,55,51,61,0,0,,,,,,,0,0,40,0,3,0,0,0,0,0,4,2,35.70111861111111,139.68000833333332,5,3,,,,
1,30,439,61,2,0,1,20280,0,114,2020,3,7,21,25,22,,,,,3,1,2,1,1,9,22,0,23,14,9,30,70,4,1,1,25,65,51,61,0,0,,,,,,,0,0,10,0,3,0,0,0,0,0,4,2,35.68358055555555,139.6693925,7,3,,,,
1,30,439,62,2,0,1,20280,0,114,2020,3,8,15,0,12,,,,,3,1,2,14,1,0,23,0,23,4,7,1,70,4,2,1,35,0,61,0,0,0,,,,,,,0,0,0,0,0,0,0,0,0,0,2,0,35.70166888888889,139.66675694444444,1,3,,,,
1,30,439,64,2,0,1,30000,0,114,2020,3,7,2,5,22,,,,,3,1,2,14,7,0,23,0,23,2,9,1,70,5,3,1,65,35,3,61,1,0,,,,,,,5,0,40,0,3,0,2,0,2,0,4,2,35.70794583333333,139.6669811111111,7,3,,,,
1,30,439,65,2,0,1,10240,0,114,2020,3,15,16,40,12,,,,,1,1,1,7,1,0,23,0,23,3,9,1,70,1,2,1,1,75,51,61,0,0,,,,,,,0,0,10,0,3,0,0,0,0,0,4,2,35.70666388888889,139.68273444444443,1,3,,,,
1,30,439,68,2,0,1,20280,0,114,2020,3,18,1,38,22,,,,,1,1,1,1,1,8,22,0,23,14,9,30,70,4,2,1,55,35,3,61,1,0,,,,,,,3,0,10,0,3,0,2,0,2,0,4,2,35.70082027777778,139.66707194444444,4,3,,,,
1,30,439,77,2,0,1,20280,0,114,2020,3,6,11,20,12,,,,,1,1,1,1,1,9,22,0,23,14,9,30,70,4,2,1,55,75,14,61,31,0,,,,,,,3,0,40,0,3,0,2,0,2,0,4,2,35.68339583333333,139.6693411111111,6,3,,,,
1,30,439,79,2,0,1,30000,0,114,2020,3,26,11,10,12,,,,,1,1,1,14,7,0,23,0,23,1,9,1,70,5,4,1,65,25,3,61,31,0,,,,,,,10,0,10,0,4,0,2,0,2,0,4,2,35.70941527777778,139.66852805555556,5,3,,,,
1,30,440,67,2,0,1,30000,0,114,2020,2,15,10,57,12,,,,,1,1,1,1,7,9,22,0,23,15,9,30,70,4,3,1,65,1,13,61,31,0,,,,,,,2,0,40,0,4,0,2,0,2,0,4,2,35.72619805555556,139.67304055555556,7,3,,,,
1,30,440,68,2,0,1,30000,0,114,2020,3,12,13,7,12,,,,,1,1,1,14,7,0,23,0,23,2,9,1,70,5,4,1,25,55,14,61,1,0,,,,,,,10,0,80,0,4,0,2,0,2,0,4,2,35.71778694444445,139.6321002777778,5,3,,,,
1,30,440,87,2,0,2,30000,0,114,2020,3,26,15,40,12,,,,,1,1,1,1,7,9,22,0,23,14,9,30,70,5,3,1,75,1,51,61,0,0,,,,,,,0,0,40,0,3,0,0,0,0,0,4,2,35.734493055555554,139.6292213888889,5,3,,,,
1,30,441,47,2,0,1,10130,0,115,2020,2,28,9,25,12,,,,,1,1,1,7,7,0,23,0,23,1,9,1,70,4,2,1,45,65,51,61,0,0,,,,,,,0,0,40,0,3,0,0,0,0,0,4,2,35.701551388888895,139.65496611111112,6,3,,,,
1,30,441,53,2,0,1,10130,0,115,2020,3,2,18,45,22,,,,,1,1,2,1,1,9,22,0,23,19,9,30,70,4,2,1,35,35,51,61,0,0,,,,,,,0,0,10,0,4,0,0,0,0,0,4,2,35.69813722222222,139.65447666666668,2,3,,,,
1,30,441,54,2,0,1,30000,0,115,2020,2,29,1,20,22,,,,,1,1,1,7,7,0,23,0,23,1,9,1,70,5,2,1,65,35,3,61,1,0,,,,,,,1,0,20,0,3,0,2,0,2,0,4,2,35.705110833333336,139.64891416666666,7,3,,,,
1,30,441,59,2,0,1,30880,0,115,2020,3,14,20,45,22,,,,,3,1,2,1,7,9,22,0,23,11,8,30,70,4,2,1,25,45,51,61,0,0,,,,,,,0,0,10,0,3,0,0,0,0,0,4,2,35.704388333333334,139.64967527777776,7,3,,,,
1,30,441,70,2,0,1,30000,0,115,2020,3,20,17,25,13,,,,,1,1,1,14,7,0,23,0,23,2,8,1,70,5,3,1,35,35,3,61,31,0,,,,,,,3,0,40,0,3,0,2,0,2,0,4,2,35.68794416666666,139.6301325,6,1,,,,
1,30,442,51,2,0,1,20270,0,115,2019,12,28,15,58,13,,,,,1,1,1,14,7,0,23,0,23,5,9,20,70,4,2,1,1,45,51,61,0,0,,,,,,,0,0,10,0,4,0,0,0,0,0,4,2,35.67167305555555,139.61654277777777,7,3,,,,
1,30,442,52,2,0,1,30000,0,115,2020,2,17,12,35,12,,,,,1,1,1,14,1,0,23,0,23,2,9,1,70,5,3,1,45,0,61,0,0,0,,,,,,,0,0,0,0,0,0,0,0,0,0,2,0,35.68744722222222,139.59969138888889,2,3,,,,
1,30,442,56,2,0,1,30000,0,115,2020,3,6,7,50,12,,,,,1,1,1,14,7,0,23,0,23,3,9,20,70,5,3,1,35,45,51,61,0,0,,,,,,,0,0,10,0,4,0,0,0,0,0,4,2,35.68489861111111,139.6080336111111,6,3,,,,
1,30,442,65,2,0,1,10200,0,115,2020,3,14,12,30,12,,,,,1,1,2,1,1,9,22,0,23,14,9,30,70,4,2,1,1,1,13,61,31,0,,,,,,,4,0,40,0,4,0,2,0,1,0,4,2,35.67182555555555,139.61356194444443,7,3,,,,
1,30,442,78,2,0,1,10260,0,115,2020,3,30,14,50,12,,,,,1,1,1,7,1,0,23,0,23,1,9,1,70,4,2,1,25,45,3,61,31,0,,,,,,,3,0,50,0,4,0,2,0,2,0,4,2,35.6892175,139.6186363888889,2,3,,,,
1,30,443,41,2,0,1,99000,0,115,2020,1,30,16,30,13,,,,,1,1,1,0,7,0,23,0,23,0,0,20,70,0,3,1,55,45,3,61,1,0,,,,,,,1,0,0,0,4,0,2,0,2,0,4,2,35.70546111111111,139.59666833333335,5,3,,,,
1,30,443,43,2,0,1,30000,0,115,2020,3,15,12,45,12,,,,,1,1,1,1,5,1,21,0,23,11,9,30,1,5,3,1,65,35,13,61,31,0,,,,,,,2,0,10,0,4,0,2,0,2,0,4,2,35.70934305555556,139.60088916666666,1,3,,,,
1,30,443,44,2,0,1,90000,0,115,2020,3,15,15,45,12,,,,,1,1,1,14,7,0,23,0,23,1,9,20,70,5,4,1,1,45,51,61,0,0,,,,,,,0,0,10,0,4,0,0,0,0,0,4,2,35.70856722222223,139.60561027777777,1,3,,,,
1,30,443,45,2,0,1,30000,0,120,2020,3,17,18,30,21,,,,,1,1,1,1,7,9,22,0,23,14,9,30,70,5,1,1,35,25,3,61,31,0,,,,,,,2,0,10,0,3,0,2,0,2,0,4,2,35.719025,139.59439861111113,3,3,,,,
1,30,443,48,2,0,1,30000,0,115,2020,3,21,20,5,22,,,,,1,1,1,14,7,0,23,0,23,2,9,1,1,5,3,1,75,1,3,61,31,0,,,,,,,2,0,10,0,4,0,2,0,2,0,4,2,35.70331305555556,139.60802527777778,7,3,,,,
1,30,443,54,2,0,2,10240,0,115,2020,3,31,1,6,22,,,,,1,1,1,1,7,9,22,0,23,17,9,30,70,4,1,1,25,35,35,61,31,0,,,,,,,5,0,10,0,3,0,0,0,0,0,2,2,35.70613777777778,139.61840138888888,3,3,,,,
1,30,443,55,2,0,1,30000,0,115,2020,3,22,19,25,22,,,,,1,1,1,14,7,0,23,0,23,3,9,1,70,5,3,1,25,75,3,61,31,0,,,,,,,2,0,30,0,4,0,2,0,2,0,4,2,35.70062777777778,139.61847277777778,1,3,,,,
1,30,443,56,2,0,1,30000,0,115,2020,3,26,19,40,22,,,,,1,1,1,1,1,9,22,0,23,11,9,30,70,4,3,1,65,1,3,61,1,0,,,,,,,2,0,20,0,4,0,2,0,2,0,4,2,35.703632500000005,139.60476722222222,5,3,,,,
1,30,545,15,2,0,1,30000,0,105,2020,3,1,11,58,12,,,,,1,1,1,1,1,9,22,0,23,14,9,30,70,4,1,1,55,1,3,61,31,0,,,,,,,5,0,20,0,3,0,2,0,2,0,4,2,35.71917694444445,139.74962194444444,1,3,,,,
1,30,545,22,2,0,1,20000,0,105,2020,3,24,8,20,12,,,,,1,1,1,1,1,9,22,0,23,15,9,30,70,4,1,1,35,35,51,61,0,0,,,,,,,0,0,10,0,3,0,0,0,0,0,4,2,35.71114333333334,139.75155305555555,3,3,,,,
1,30,546,29,2,0,1,30000,0,105,2020,3,16,20,55,22,,,,,1,1,1,14,7,0,23,0,23,1,9,1,1,5,4,1,1,25,36,61,31,0,,,,,,,10,0,10,0,4,0,0,0,0,0,4,2,35.725501944444446,139.72958583333335,2,3,,,,
1,30,546,31,2,0,1,30000,0,105,2020,3,17,14,20,12,,,,,1,1,1,14,7,0,23,0,23,3,9,1,70,5,3,1,65,1,3,61,31,0,,,,,,,10,0,10,0,3,0,2,0,2,0,4,2,35.70823194444445,139.7330247222222,3,3,,,,
1,30,549,25,2,0,1,30000,0,116,2020,3,9,9,27,12,,,,,2,1,1,14,7,0,23,0,23,3,9,1,70,5,4,1,35,35,52,61,0,0,,,,,,,0,0,40,0,4,0,0,0,0,0,4,2,35.740748611111115,139.74387277777777,2,3,,,,
1,30,549,26,2,0,1,30000,0,116,2020,1,28,16,20,13,,,,,4,1,2,14,7,0,23,0,23,1,9,20,70,5,4,1,65,75,51,61,0,0,,,,,,,0,0,10,0,3,0,0,0,0,0,4,2,35.739381944444446,139.73379583333332,3,3,,,,
1,30,549,28,2,0,1,30000,0,116,2020,3,10,15,15,12,,,,,3,1,2,1,7,9,22,0,23,11,7,30,70,5,3,1,55,55,3,61,31,0,,,,,,,2,0,30,0,3,0,2,0,2,0,4,2,35.73078833333334,139.72787666666667,3,3,,,,
1,30,549,33,2,0,1,30000,0,116,2020,3,25,8,44,12,,,,,1,1,1,1,7,9,21,0,23,11,9,30,70,5,4,1,65,45,3,61,1,0,,,,,,,1,0,30,0,4,0,2,0,2,0,4,2,35.74125611111111,139.74241888888886,4,3,,,,
1,30,549,36,2,0,1,170,71,116,2020,3,27,18,54,21,,,,,2,1,1,14,7,0,23,0,23,5,9,1,70,4,1,1,45,0,61,0,0,0,,,,,,,0,0,0,0,0,0,0,0,0,0,2,0,35.734969722222225,139.73691916666667,6,3,,,,
1,30,550,38,2,0,2,95000,0,116,2020,3,15,13,45,12,,,,,1,1,1,7,7,0,23,0,23,3,9,1,70,5,2,1,65,45,3,61,1,0,,,,,,,5,0,10,0,3,0,2,0,2,0,4,2,35.733035,139.7095936111111,1,3,,,,
1,30,550,42,2,0,1,30000,0,116,2020,3,20,22,58,22,,,,,1,1,1,1,7,9,22,0,23,11,9,30,70,4,2,1,55,35,3,61,1,0,,,,,,,10,0,10,0,3,0,2,0,2,0,4,2,35.73307944444445,139.70993833333333,6,1,,,,
1,30,550,44,2,0,1,30000,0,116,2020,3,21,17,5,13,,,,,1,1,1,14,7,0,23,0,23,3,9,1,70,5,3,1,1,75,51,61,0,0,,,,,,,0,0,10,0,3,0,0,0,0,0,4,2,35.741660277777775,139.71209694444443,7,3,,,,
1,30,550,46,2,0,1,95000,0,116,2020,3,16,17,35,13,,,,,1,1,1,14,7,0,23,0,23,3,9,1,70,5,2,1,1,45,51,61,0,0,,,,,,,0,0,20,0,3,0,0,0,0,0,4,2,35.72998388888889,139.7129972222222,2,3,,,,
1,30,550,48,2,0,1,30000,0,116,2020,3,31,22,10,22,,,,,2,1,1,1,7,9,22,0,23,18,6,30,70,5,1,1,55,25,3,61,1,0,,,,,,,5,0,10,0,4,0,2,0,2,0,4,2,35.73184833333333,139.7109311111111,3,3,,,,
1,30,551,32,2,0,1,30000,0,116,2020,3,22,14,55,12,,,,,1,1,1,14,7,0,23,0,23,1,9,1,70,5,3,1,75,65,52,61,0,0,,,,,,,0,0,10,0,4,0,0,0,0,0,4,2,35.728568611111115,139.69495555555557,1,3,,,,
1,30,552,36,2,0,1,30000,0,117,2020,3,11,8,15,12,,,,,1,1,1,14,7,0,23,0,23,3,9,1,70,5,3,1,65,45,51,61,0,0,,,,,,,0,0,10,0,3,0,0,0,0,0,4,2,35.74079555555556,139.74773277777777,4,3,,,,
1,30,552,43,2,0,1,30000,0,117,2020,3,18,12,0,12,,,,,1,1,1,14,7,0,23,0,23,3,9,1,70,5,4,1,45,55,14,61,1,0,,,,,,,10,0,40,0,4,0,2,0,2,0,4,2,35.736448055555556,139.75239666666667,4,3,,,,
1,30,554,27,2,0,1,30000,0,117,2020,3,7,14,50,12,,,,,2,1,1,1,7,9,22,0,23,15,9,30,70,5,2,1,45,55,3,61,31,0,,,,,,,3,0,10,0,3,0,2,0,2,0,4,2,35.78449111111111,139.69832833333334,7,3,,,,
1,30,554,35,2,0,1,30000,0,117,2020,3,16,13,20,12,,,,,1,1,1,7,7,0,23,0,23,2,9,1,70,5,4,1,75,45,3,61,31,0,,,,,,,10,0,20,0,3,0,2,0,2,0,4,2,35.774348055555556,139.70476305555553,2,3,,,,
1,30,554,37,2,0,1,30000,0,117,2020,3,20,22,30,22,,,,,1,1,1,1,2,9,22,0,23,14,9,30,70,5,2,1,65,25,3,61,31,0,,,,,,,2,0,10,0,4,0,2,0,2,0,4,2,35.77681805555555,139.7199586111111,6,1,,,,
1,30,555,72,2,0,1,30000,0,119,2020,3,2,17,40,21,,,,,3,1,1,1,1,9,22,0,23,15,9,30,1,5,2,1,65,65,3,61,31,0,,,,,,,2,0,20,0,4,0,2,0,2,0,4,2,35.74973694444444,139.70177305555555,2,3,,,,
1,30,555,78,2,0,1,30000,0,119,2020,3,12,16,57,13,,,,,1,1,1,14,7,0,23,0,23,3,9,1,70,5,3,1,45,1,3,61,31,0,,,,,,,5,0,50,0,4,0,2,0,2,0,4,2,35.75239583333333,139.69538722222222,5,3,,,,
1,30,555,82,2,0,1,30000,0,119,2020,3,19,12,0,12,,,,,1,1,4,14,7,0,23,0,23,2,9,1,70,5,4,1,65,45,14,61,1,0,,,,,,,2,0,10,0,4,0,2,0,2,0,4,2,35.76134944444444,139.6749822222222,5,2,,,,
1,30,555,83,2,0,1,10130,0,119,2020,3,20,2,7,22,,,,,2,1,1,1,1,9,22,0,23,18,9,30,70,1,1,1,25,35,3,61,31,0,,,,,,,4,0,10,0,2,0,2,0,2,0,4,2,35.76235527777778,139.70943499999998,6,1,,,,
1,30,555,87,2,0,1,30000,0,119,2020,3,14,10,30,12,,,,,3,1,1,1,7,1,21,0,23,14,9,30,1,5,3,1,25,35,13,61,31,0,,,,,,,2,0,30,0,4,0,2,0,2,0,4,2,35.747460555555556,139.71698666666666,7,3,,,,
1,30,556,51,2,0,1,30000,0,119,2019,9,8,19,35,22,,,,,3,1,1,1,7,0,23,0,23,15,9,30,70,4,1,1,75,0,61,0,0,0,,,,,,,0,0,0,0,0,0,0,0,0,0,2,0,35.76678972222222,139.67768333333333,1,3,,,,
1,30,556,52,2,0,1,30000,0,119,2020,2,5,6,10,23,,,,,1,1,1,1,7,1,21,0,23,11,9,30,70,5,1,1,55,55,35,61,31,0,,,,,,,2,0,10,0,3,0,0,0,0,0,4,2,35.78799444444444,139.68233194444443,4,3,,,,
1,30,556,58,2,0,1,30000,0,119,2020,3,2,12,45,12,,,,,1,1,2,14,7,0,23,0,23,2,9,1,70,5,3,1,65,45,3,61,31,0,,,,,,,5,0,20,0,4,0,2,0,2,0,4,2,35.77728472222222,139.68556666666666,2,3,,,,
1,30,556,59,2,0,1,30000,0,119,2020,3,6,16,33,12,,,,,1,1,1,1,1,9,22,0,23,14,9,30,70,4,3,1,65,75,3,61,1,0,,,,,,,3,0,10,0,3,0,2,0,2,0,4,2,35.77138333333333,139.67606999999998,6,3,,,,
1,30,556,61,2,0,1,20000,0,119,2020,3,7,21,30,22,,,,,3,1,2,7,1,0,23,0,23,2,9,1,70,5,2,1,45,25,13,61,1,0,,,,,,,3,0,80,0,3,0,2,0,2,0,4,2,35.793639999999996,139.68531694444445,7,3,,,,
1,30,556,62,2,0,1,170,125,119,2020,3,12,4,50,22,,,,,1,1,1,1,7,1,21,0,23,17,9,30,70,4,1,1,65,75,14,61,31,0,,,,,,,5,0,10,0,4,0,2,0,1,0,4,2,35.76944666666667,139.70174722222222,5,3,,,,
1,30,556,66,2,0,1,30000,0,119,2020,3,13,19,30,22,,,,,1,1,1,1,1,9,22,0,23,11,9,30,70,5,2,1,35,75,4,61,31,0,,,,,,,3,0,10,0,3,0,2,0,2,0,4,2,35.778150833333335,139.69906166666667,6,3,,,,
1,30,556,69,2,0,2,30000,0,119,2020,3,15,20,16,22,,,,,1,1,2,1,7,9,22,0,23,11,9,30,70,5,3,1,35,55,35,61,31,0,,,,,,,2,0,10,0,3,0,0,0,0,0,2,2,35.78319,139.6848202777778,1,3,,,,
1,30,556,73,2,0,1,30000,0,119,2020,3,19,3,30,22,,,,,1,1,1,1,7,9,22,0,23,11,9,30,70,4,3,1,45,1,3,61,31,0,,,,,,,10,0,10,0,3,0,2,0,2,0,4,2,35.77219777777778,139.68682,5,2,,,,
1,30,556,75,2,0,1,30000,0,119,2020,3,16,18,40,21,,,,,1,1,1,1,7,1,21,0,23,15,9,30,70,4,2,1,65,35,3,61,31,0,,,,,,,5,0,50,0,4,0,2,0,2,0,4,2,35.79348805555556,139.68730944444445,2,3,,,,
1,30,556,84,2,0,1,30000,0,119,2020,3,18,16,36,12,,,,,1,1,1,14,7,0,23,0,23,2,9,1,70,5,2,1,65,45,51,61,0,0,,,,,,,0,0,30,0,3,0,0,0,0,0,4,2,35.77444083333333,139.68579888888888,4,3,,,,
1,30,557,70,2,0,1,30000,0,120,2020,3,13,12,40,12,,,,,1,1,1,14,7,0,23,0,23,3,9,1,70,5,3,1,65,45,3,61,31,0,,,,,,,10,0,10,0,3,0,2,0,2,0,4,2,35.73885027777778,139.66932527777777,6,3,,,,
1,30,557,72,2,0,1,20430,0,120,2020,3,14,14,20,12,,,,,5,1,2,1,1,9,22,0,23,14,9,30,70,4,2,1,75,45,3,61,31,0,,,,,,,10,0,30,0,4,0,2,0,2,0,4,2,35.73800138888889,139.65729722222224,7,3,,,,
1,30,558,62,2,0,1,30000,0,120,2020,3,5,15,55,12,,,,,1,1,1,1,1,9,22,0,23,14,9,30,70,5,3,1,75,65,4,61,31,0,,,,,,,2,0,80,0,4,0,2,0,2,0,4,2,35.763886666666664,139.58321361111112,5,3,,,,
1,30,558,67,2,0,1,10320,0,120,2020,3,6,19,35,22,,,,,1,1,1,1,1,9,22,0,23,11,9,30,70,4,2,1,35,25,13,61,31,0,,,,,,,3,0,10,0,3,0,2,0,2,0,4,2,35.73964166666667,139.59024055555557,6,3,,,,
1,30,558,70,2,0,1,20000,0,120,2020,2,28,15,43,12,,,,,1,1,1,1,7,9,22,0,23,15,9,30,70,5,3,1,75,1,36,61,31,0,,,,,,,2,0,10,0,3,0,0,0,0,0,4,2,35.756033055555555,139.57363416666666,6,3,,,,
1,30,558,73,2,0,1,30000,0,120,2020,3,14,13,0,12,,,,,1,1,2,7,7,0,23,0,23,2,9,1,70,5,4,1,35,55,3,61,31,0,,,,,,,10,0,30,0,3,0,2,0,2,0,4,2,35.73361555555556,139.5913663888889,7,3,,,,
1,30,558,78,2,0,1,30000,0,120,2020,2,21,18,0,21,,,,,1,1,1,7,7,0,23,0,23,1,9,1,70,5,2,1,75,1,4,61,31,0,,,,,,,3,0,10,0,3,0,2,0,2,0,4,2,35.7523575,139.59421833333334,6,3,,,,
1,30,558,92,2,0,1,30380,0,120,2020,2,27,21,55,22,,,,,2,1,1,14,7,0,23,0,23,1,9,1,70,5,1,1,35,65,51,61,0,0,,,,,,,0,0,10,0,4,0,0,0,0,0,4,2,35.75317861111111,139.58618805555557,5,3,,,,
1,30,558,95,2,0,1,30000,0,120,2020,3,23,12,10,12,,,,,2,1,1,14,7,0,23,0,23,3,9,1,70,5,3,1,35,25,51,61,0,0,,,,,,,0,0,40,0,4,0,0,0,0,0,4,2,35.72696333333334,139.5782761111111,2,3,,,,
1,30,559,29,2,0,1,30000,0,119,2020,3,2,16,0,12,,,,,3,1,2,1,7,1,22,0,23,14,9,30,70,5,3,1,65,45,3,61,31,0,,,,,,,2,0,20,0,3,0,2,0,2,0,4,2,35.780029444444445,139.6354836111111,2,3,,,,
1,30,559,30,2,0,2,30000,0,119,2020,3,1,10,20,12,,,,,1,1,1,1,1,9,22,0,23,11,9,30,70,5,2,1,75,1,3,61,31,0,,,,,,,3,0,10,0,3,0,2,0,2,0,4,2,35.779786944444446,139.63953305555555,1,3,,,,
1,30,559,32,2,0,1,30000,0,119,2020,3,12,16,50,13,,,,,1,1,1,14,7,0,23,0,23,3,9,1,70,4,3,1,35,1,51,61,0,0,,,,,,,0,0,10,0,3,0,0,0,0,0,4,2,35.7910375,139.6603802777778,5,3,,,,
1,30,559,36,2,0,1,95000,0,119,2020,3,20,9,0,12,,,,,1,1,1,14,7,0,23,0,23,1,9,1,70,5,1,1,45,45,51,61,0,0,,,,,,,0,0,40,0,4,0,0,0,0,0,4,2,35.788669999999996,139.63662083333332,6,1,,,,
1,30,559,38,2,0,1,2540,140,119,2020,3,28,15,25,12,,,,,3,1,2,1,1,9,22,0,23,18,8,20,70,1,2,1,1,75,51,61,0,0,,,,,,,0,0,10,0,3,0,0,0,0,0,4,2,35.773786944444446,139.63547333333332,7,3,,,,
1,30,560,65,2,0,1,30000,0,120,2020,2,20,16,30,13,,,,,2,1,1,14,7,0,23,0,23,3,9,20,70,4,3,1,1,35,14,61,1,0,,,,,,,10,0,40,0,4,0,2,0,2,0,4,2,35.76873416666667,139.66130361111112,5,3,,,,
1,30,560,66,2,0,1,30000,0,120,2020,3,3,7,10,12,,,,,1,1,1,1,7,1,21,0,23,11,9,30,70,5,3,1,45,25,3,61,31,0,,,,,,,2,0,10,0,3,0,2,0,2,0,4,2,35.74341972222222,139.6184413888889,3,3,,,,
1,30,560,70,2,0,1,20000,0,120,2020,3,7,17,0,13,,,,,2,1,1,1,1,9,22,0,23,14,9,30,70,4,1,1,65,55,17,61,31,0,,,,,,,3,0,40,0,4,0,2,0,2,0,4,2,35.76553888888889,139.6141311111111,7,3,,,,
1,30,560,72,2,0,2,10200,0,120,2020,3,10,18,50,22,,,,,3,1,2,1,1,9,22,0,23,18,9,30,70,1,1,1,45,55,4,61,31,0,,,,,,,5,0,10,0,3,0,2,0,2,0,4,2,35.75626472222222,139.6493197222222,3,3,,,,
1,30,560,74,2,0,1,10000,0,120,2020,3,13,18,25,21,,,,,1,1,1,1,7,9,22,0,23,11,9,30,70,4,2,1,45,65,35,61,31,0,,,,,,,1,0,10,0,3,0,0,0,0,0,4,2,35.75964722222222,139.63053250000002,6,3,,,,
1,30,660,45,2,0,1,95000,0,106,2020,3,20,12,47,12,,,,,1,1,1,14,7,0,23,0,23,2,9,1,70,5,4,1,45,65,3,61,31,0,,,,,,,5,0,20,0,3,0,2,0,2,0,4,2,35.71387722222222,139.7728561111111,6,1,,,,
1,30,660,49,2,0,1,20390,0,106,2020,3,24,11,8,12,,,,,1,1,1,7,1,0,23,0,23,5,9,1,70,4,1,1,65,55,3,61,31,0,,,,,,,3,0,20,0,4,0,2,0,2,0,4,2,35.70743166666667,139.77815722222223,3,3,,,,
1,30,660,54,2,0,1,30000,0,106,2020,3,26,15,30,12,,,,,1,1,1,14,7,0,23,0,23,2,9,1,70,5,3,1,25,55,3,61,31,0,,,,,,,1,0,10,0,4,0,2,0,2,0,4,2,35.71104416666667,139.7785313888889,5,3,,,,
1,30,661,17,2,0,1,40,46,106,2020,2,21,17,8,13,,,,,1,1,1,14,7,0,23,0,23,6,9,1,70,4,1,1,45,1,51,61,0,0,,,,,,,0,0,10,0,3,0,0,0,0,0,4,2,35.721021666666665,139.78462833333333,6,3,,,,
1,30,661,23,2,0,1,30000,0,106,2020,1,14,11,30,12,,,,,1,1,1,14,7,0,23,0,23,3,9,1,70,4,2,1,65,55,3,61,1,0,,,,,,,2,0,40,0,4,0,2,0,2,0,4,2,35.72223944444445,139.7816625,3,3,,,,
1,30,662,25,2,0,1,30000,0,106,2020,3,23,15,48,12,,,,,1,1,1,1,1,1,21,0,23,14,9,30,70,5,1,1,65,75,3,61,31,0,,,,,,,10,0,50,0,3,0,2,0,2,0,4,2,35.720042222222226,139.79418166666667,2,3,,,,
1,30,663,16,1,1,0,60,32,106,2020,3,7,2,37,22,,,,,2,1,1,14,7,0,23,0,23,5,9,1,70,4,2,1,45,65,3,61,31,0,,,,,,,4,0,10,0,3,0,2,0,2,0,4,1,35.70459777777778,139.79255111111112,7,3,,,,
1,30,663,17,2,0,1,20560,0,106,2020,3,8,13,32,12,,,,,3,1,1,1,1,9,22,0,23,18,9,30,70,1,1,1,55,25,3,61,31,0,,,,,,,4,0,20,0,3,0,2,0,2,0,4,2,35.70453083333334,139.79043083333332,1,3,,,,
1,30,665,13,1,1,0,10090,0,118,2020,3,16,21,35,22,,,,,1,1,1,14,7,0,23,0,23,6,9,1,70,1,1,1,55,55,3,61,31,0,,,,,,,4,0,10,0,3,0,2,0,2,0,4,1,35.73152138888889,139.78944944444444,2,3,,,,
1,30,665,16,2,0,1,30000,0,118,2020,3,4,21,0,22,,,,,3,1,2,14,7,0,23,0,23,3,9,1,70,4,2,1,45,55,3,61,1,0,,,,,,,2,0,20,0,3,0,2,0,2,0,4,2,35.73941388888889,139.79280166666666,4,3,,,,
1,30,665,17,2,0,1,30000,0,118,2020,3,9,13,54,12,,,,,1,1,1,14,7,0,23,0,23,4,9,1,70,4,2,1,45,75,14,61,1,0,,,,,,,3,0,10,0,3,0,2,0,2,0,4,2,35.73710861111111,139.8073102777778,2,3,,,,
1,30,665,25,2,0,1,30000,0,118,2020,3,25,14,10,12,,,,,1,1,1,1,7,9,22,0,23,15,9,30,70,4,1,1,45,1,3,61,31,0,,,,,,,2,0,40,0,3,0,2,0,2,0,4,2,35.735905555555554,139.80681083333334,4,3,,,,
1,30,666,34,2,0,1,30000,0,118,2020,3,5,21,30,22,,,,,1,1,1,14,7,0,23,0,23,3,9,1,70,4,1,1,45,25,36,61,31,0,,,,,,,2,0,10,0,3,0,0,0,0,0,4,2,35.74104388888889,139.7799788888889,5,3,,,,
1,30,666,42,2,0,1,20410,0,118,2020,2,17,17,41,21,,,,,1,1,1,1,1,9,22,0,23,19,9,30,70,4,1,1,25,55,35,61,31,0,,,,,,,3,0,10,0,3,0,0,0,0,0,4,2,35.736715277777776,139.7762638888889,2,3,,,,