資料区分,都道府県コード,警察署等コード,本票番号,事故内容,死者数,負傷者数,路線コード,地点コード,市区町村コード,発生日時　　年,発生日時　　月,発生日時　　日,発生日時　　時,発生日時　　分,昼夜,日の出時刻　　時,日の出時刻　　分,日の入り時刻　　時,日の入り時刻　　分,天候,地形,路面状態,道路形状,信号機,一時停止規制　標識（当事者A）,一時停止規制　表示（当事者A）,一時停止規制　標識（当事者B）,一時停止規制　表示（当事者B）,車道幅員,道路線形,衝突地点,ゾーン規制,中央分離帯施設等,歩車道区分,事故類型,年齢（当事者A）,年齢（当事者B）,当事者種別（当事者A）,当事者種別（当事者B）,用途別（当事者A）,用途別（当事者B）,車両形状等（当事者A）,車両形状等（当事者B）,オートマチック車（当事者A）,オートマチック車（当事者B）,サポカー（当事者A）,サポカー（当事者B）,速度規制（指定のみ）（当事者A）,速度規制（指定のみ）（当事者B）,車両の衝突部位（当事者A）,車両の衝突部位（当事者B）,車両の損壊程度（当事者A）,車両の損壊程度（当事者B）,エアバッグの装備（当事者A）,エアバッグの装備（当事者B）,サイドエアバッグの装備（当事者A）,サイドエアバッグの装備（当事者B）,人身損傷程度（当事者A）,人身損傷程度（当事者B）,lat,lon,曜日(発生年月日),祝日(発生年月日),認知機能検査経過日数（当事者A）,認知機能検査経過日数（当事者B）,運転練習の方法（当事者A）,運転練習の方法（当事者B）
1,30,667,23,2,0,1,30000,0,121,2020,3,3,17,30,13,,,,,1,1,1,1,7,1,22,0,23,15,9,30,70,5,3,1,35,75,13,61,31,0,,,,,,,10,0,20,0,4,0,2,0,2,0,4,2,35.754286111111114,139.79174388888887,3,3,,,,
1,30,667,32,2,0,1,30000,0,121,2020,3,17,17,35,13,,,,,1,1,1,7,7,0,23,0,23,2,9,20,70,4,2,1,65,1,3,61,1,0,,,,,,,3,0,10,0,3,0,2,0,2,0,4,2,35.742336111111115,139.79450972222222,3,3,,,,
1,30,668,77,2,0,1,20620,0,121,2020,3,10,17,25,13,,,,,3,1,2,1,1,9,22,0,23,15,9,30,70,4,2,1,55,55,3,61,31,0,,,,,,,3,0,50,0,4,0,2,0,2,0,4,2,35.77061277777778,139.79740194444443,3,3,,,,
1,30,668,78,2,0,1,30000,0,121,2020,3,11,11,0,12,,,,,1,1,1,1,7,1,21,0,23,11,8,30,70,5,4,1,45,75,51,61,0,0,,,,,,,0,0,10,0,3,0,0,0,0,0,4,2,35.78644305555555,139.75547333333333,4,3,,,,
1,30,668,79,2,0,1,30000,0,121,2020,3,12,15,3,12,,,,,1,1,1,1,1,9,22,0,23,14,9,30,70,4,2,1,45,75,17,61,1,0,,,,,,,2,0,10,0,4,0,2,0,2,0,4,2,35.765744166666664,139.80171166666668,5,3,,,,
1,30,668,94,2,0,1,10710,0,121,2020,3,18,18,30,21,,,,,1,1,1,1,7,1,21,0,23,14,9,30,70,5,3,1,65,1,17,61,31,0,,,,,,,10,0,10,0,3,0,2,0,2,0,4,2,35.77466277777778,139.77044083333334,4,3,,,,
1,30,669,111,2,0,1,10130,0,121,2020,3,5,12,45,12,,,,,1,1,1,14,7,0,23,0,23,5,9,1,70,1,2,1,45,75,51,61,0,0,,,,,,,0,0,10,0,3,0,0,0,0,0,4,2,35.77851666666667,139.8152663888889,5,3,,,,
1,30,669,127,2,0,1,30000,0,121,2020,3,20,23,15,22,,,,,1,1,1,14,7,0,23,0,23,3,9,20,70,5,3,1,45,65,51,61,0,0,,,,,,,0,0,10,0,3,0,0,0,0,0,4,2,35.76783972222222,139.80952916666666,6,1,,,,
1,30,669,129,2,0,1,30000,0,121,2020,3,21,17,13,13,,,,,1,1,1,1,7,1,21,0,23,11,9,30,70,5,2,1,65,55,3,61,31,0,,,,,,,2,0,10,0,3,0,2,0,2,0,4,2,35.777276666666666,139.8100752777778,7,3,,,,
1,30,669,131,2,0,1,10130,0,121,2020,3,23,20,23,22,,,,,1,1,1,1,1,9,22,0,23,17,9,30,70,1,2,1,35,25,3,61,31,0,,,,,,,4,0,10,0,3,0,2,0,2,0,4,2,35.77734,139.8338977777778,2,3,,,,
1,30,669,133,2,0,1,30000,0,121,2020,3,27,13,3,12,,,,,2,1,1,1,7,9,22,0,23,15,9,30,70,4,2,1,55,1,11,61,1,0,,,,,,,2,0,40,0,4,0,2,0,2,0,4,2,35.78048722222222,139.82643777777778,6,3,,,,
1,30,670,64,2,0,1,30000,0,121,2020,3,17,17,53,21,,,,,1,1,1,1,7,1,21,0,23,14,9,30,70,5,2,1,35,55,14,61,31,0,,,,,,,10,0,10,0,4,0,2,0,2,0,4,2,35.78792166666666,139.8245388888889,3,3,,,,
1,30,771,72,2,0,1,10350,0,108,2020,2,29,23,55,22,,,,,3,1,2,1,1,9,21,0,23,19,9,30,70,5,2,1,35,55,3,61,31,0,,,,,,,3,0,40,0,3,0,2,0,2,0,4,2,35.67558222222222,139.81208777777778,7,3,,,,
1,30,771,75,2,0,1,20540,0,108,2020,3,2,16,45,13,,,,,3,1,2,1,1,9,22,0,23,17,9,30,70,4,2,1,25,55,14,61,1,0,,,,,,,3,0,50,0,3,0,2,0,2,0,4,2,35.68308277777778,139.8172113888889,2,3,,,,
1,30,771,78,2,0,1,20000,0,108,2020,3,7,4,41,22,,,,,3,1,2,1,1,9,22,0,23,19,9,30,70,1,1,1,75,55,17,61,1,0,,,,,,,4,0,10,0,3,0,2,0,2,0,4,2,35.64427777777778,139.78347805555555,7,3,,,,
1,30,771,79,2,0,1,10350,0,108,2020,1,17,14,49,12,,,,,1,1,1,14,7,0,23,0,23,3,9,20,70,4,2,1,35,45,3,61,1,0,,,,,,,4,0,0,0,4,0,2,0,2,0,4,2,35.67558611111111,139.81272055555556,6,3,,,,
1,30,771,80,2,0,1,30000,0,108,2020,3,10,18,5,21,,,,,3,1,2,14,7,0,23,0,23,3,9,1,70,5,3,1,25,55,35,61,31,0,,,,,,,10,0,10,0,3,0,0,0,0,0,4,2,35.67958944444444,139.8100288888889,3,3,,,,
1,30,771,93,2,0,1,30000,0,108,2020,2,12,15,32,12,,,,,1,1,1,1,7,9,22,0,23,15,7,30,70,4,2,1,75,1,13,61,1,0,,,,,,,3,0,10,0,3,0,2,0,2,0,4,2,35.68586749999999,139.8073916666667,4,3,,,,
1,30,771,101,2,0,1,20680,0,108,2020,3,25,11,30,12,,,,,1,1,1,14,7,0,23,0,23,5,9,1,70,4,2,1,45,35,51,61,0,0,,,,,,,0,0,10,0,3,0,0,0,0,0,4,2,35.679944166666665,139.79893944444444,4,3,,,,
1,30,771,102,2,0,1,10060,0,108,2020,3,25,10,55,12,,,,,1,1,1,1,1,9,22,0,23,19,9,30,70,4,2,1,65,55,3,61,31,0,,,,,,,4,0,40,0,3,0,2,0,2,0,4,2,35.68863305555555,139.8107688888889,4,3,,,,
1,30,771,105,2,0,1,30000,0,108,2020,3,24,18,28,21,,,,,1,1,1,1,1,9,22,0,23,19,9,30,70,1,1,1,75,55,35,61,31,0,,,,,,,3,0,10,0,3,0,0,0,0,0,4,2,35.660580555555555,139.80062111111113,3,3,,,,
1,30,771,106,2,0,1,99000,0,108,2020,3,30,12,40,12,,,,,2,1,1,0,7,0,23,0,23,0,0,20,70,0,1,1,45,55,3,61,1,0,,,,,,,10,0,70,0,3,0,2,0,2,0,4,2,35.66354333333333,139.810585,2,3,,,,
1,30,771,108,2,0,1,30000,0,108,2020,2,6,17,40,21,,,,,2,1,1,1,7,9,22,0,23,14,9,30,70,5,2,1,1,65,51,61,0,0,,,,,,,0,0,10,0,3,0,0,0,0,0,4,2,35.653863055555554,139.8007002777778,5,3,,,,
1,30,772,49,2,0,1,30000,0,108,2020,2,21,21,5,22,,,,,1,1,1,14,7,0,23,0,23,3,9,1,70,5,2,1,1,65,51,61,0,0,,,,,,,0,0,10,0,3,0,0,0,0,0,4,2,35.667363888888886,139.8409752777778,6,3,,,,
1,30,772,50,2,0,1,30000,0,108,2020,3,10,18,30,21,,,,,3,1,2,1,1,9,22,0,23,15,9,30,70,5,2,1,65,1,3,61,1,0,,,,,,,2,0,10,0,3,0,2,0,2,0,4,2,35.69429861111111,139.82265444444445,3,3,,,,
1,30,772,57,2,0,1,20650,0,108,2020,3,21,22,0,22,,,,,1,1,1,1,1,9,22,0,23,15,6,30,70,5,1,1,65,75,3,61,1,0,,,,,,,3,0,80,0,3,0,2,0,2,0,4,2,35.6844775,139.8362236111111,7,3,,,,
1,30,772,64,2,0,1,99000,0,108,2020,3,31,14,36,12,,,,,2,1,1,0,7,0,23,0,23,0,0,20,70,0,4,1,1,75,4,61,31,0,,,,,,,10,0,30,0,4,0,2,0,2,0,4,2,35.675643611111106,139.84022555555558,3,3,,,,
1,30,773,23,2,0,1,10370,0,107,2020,1,27,15,34,12,,,,,2,1,1,1,1,9,22,0,23,19,9,30,70,4,2,1,45,1,14,61,31,0,,,,,,,4,0,10,0,3,0,2,0,2,0,4,2,35.70075527777778,139.80500833333335,2,3,,,,
1,30,774,32,2,0,1,30000,0,107,2020,3,6,9,15,12,,,,,1,1,1,14,7,0,23,0,23,1,9,1,70,5,4,1,65,1,51,61,0,0,,,,,,,0,0,10,0,3,0,0,0,0,0,2,4,35.73095083333334,139.82143305555556,6,3,,,,
1,30,775,55,2,0,1,30000,0,122,2020,3,1,10,39,12,,,,,1,1,1,14,7,0,23,0,23,3,9,1,70,5,2,1,25,65,3,61,31,0,,,,,,,2,0,20,0,3,0,2,0,2,0,4,2,35.76208361111111,139.82612055555555,1,3,,,,
1,30,775,59,2,0,1,30000,0,122,2020,3,5,5,5,22,,,,,2,1,2,1,7,9,22,0,23,14,9,30,70,4,1,1,35,45,3,61,31,0,,,,,,,2,0,50,0,3,0,2,0,2,0,4,2,35.76699083333333,139.84563694444446,5,3,,,,
1,30,775,62,2,0,1,20000,0,122,2020,3,11,8,35,12,,,,,1,1,1,1,1,9,22,0,23,14,9,30,70,4,1,1,45,1,13,61,31,0,,,,,,,3,0,10,0,4,0,2,0,2,0,4,2,35.7632475,139.85372138888889,4,3,,,,
1,30,775,64,2,0,1,30000,0,122,2020,3,12,13,50,12,,,,,1,1,1,1,7,9,22,0,23,11,9,30,70,5,1,1,65,1,3,61,31,0,,,,,,,2,0,20,0,4,0,2,0,2,0,4,2,35.75014777777778,139.8415388888889,5,3,,,,
1,30,775,73,2,0,1,30000,0,122,2020,3,14,19,0,22,,,,,3,1,2,7,7,0,23,0,23,4,9,1,70,4,1,1,65,45,13,61,31,0,,,,,,,1,0,10,0,3,0,2,0,2,0,4,2,35.74823138888889,139.8524747222222,7,3,,,,
1,30,776,36,1,1,1,60,95,122,2020,3,14,20,46,22,,,,,2,1,2,1,1,9,22,0,23,18,9,30,70,5,2,1,65,1,14,61,1,0,,,,,,,5,0,10,0,2,0,2,0,2,0,4,1,35.74164694444445,139.84100972222222,7,3,,,,
1,30,776,39,2,0,1,30000,0,122,2020,1,24,19,20,22,,,,,1,1,1,14,7,0,23,0,23,3,9,1,70,5,3,1,35,0,61,0,0,0,,,,,,,0,0,0,0,0,0,0,0,0,0,2,0,35.74526888888889,139.85560277777776,6,3,,,,
1,30,776,43,2,0,1,30000,0,122,2020,3,6,18,38,21,,,,,1,1,1,1,7,1,21,0,23,11,9,30,1,5,2,1,45,35,4,61,31,0,,,,,,,2,0,50,0,3,0,2,0,2,0,4,2,35.72170194444445,139.85078055555556,6,3,,,,
1,30,776,54,2,0,1,30000,0,122,2020,3,15,6,55,12,,,,,1,1,1,1,1,9,22,0,23,18,9,30,70,5,2,1,45,55,34,61,31,0,,,,,,,10,0,10,0,3,0,0,0,0,0,4,2,35.74688027777778,139.82666,1,3,,,,
1,30,777,135,2,0,1,30000,0,123,2020,3,1,19,18,22,,,,,1,1,1,1,7,9,22,0,23,14,9,20,70,4,2,1,45,45,35,61,31,0,,,,,,,3,0,10,0,3,0,0,0,0,0,4,2,35.69803694444444,139.89047888888888,1,3,,,,
1,30,777,145,2,0,1,140,2000,123,2020,3,7,19,0,22,,,,,3,1,2,1,1,9,22,0,23,19,9,30,70,1,2,1,25,1,4,61,31,0,,,,,,,2,0,50,0,3,0,2,0,2,0,4,2,35.70267972222223,139.9013811111111,7,3,,,,
1,30,777,154,2,0,1,30000,0,123,2020,2,25,9,58,12,,,,,2,1,1,14,7,0,23,0,23,2,9,1,70,5,2,1,45,75,3,61,31,0,,,,,,,2,0,10,0,4,0,2,0,2,0,4,2,35.703743333333335,139.86511805555554,3,3,,,,
1,30,777,162,2,0,1,30000,0,123,2020,3,14,11,15,12,,,,,3,1,2,1,7,1,21,0,23,11,9,30,70,5,3,1,25,55,51,61,0,0,,,,,,,0,0,10,0,4,0,0,0,0,0,4,2,35.70492,139.8420952777778,7,3,,,,
1,30,777,173,2,0,1,95000,0,123,2020,3,17,15,0,12,,,,,1,1,1,14,7,0,23,0,23,1,9,1,70,5,2,1,65,55,51,61,0,0,,,,,,,0,0,10,0,3,0,0,0,0,0,4,2,35.68306916666666,139.88698944444442,3,3,,,,
1,30,777,180,2,0,1,20700,0,123,2020,3,19,9,20,12,,,,,1,1,1,14,7,0,23,0,23,3,9,1,70,4,2,1,45,1,51,61,0,0,,,,,,,0,0,10,0,3,0,0,0,0,0,4,2,35.68988805555555,139.90349416666666,5,2,,,,
1,30,777,187,2,0,1,30000,0,123,2020,3,21,22,50,22,,,,,1,1,1,14,7,0,23,0,23,2,9,1,70,5,3,1,45,55,51,61,0,0,,,,,,,0,0,0,0,4,0,0,0,0,0,4,2,35.69764138888888,139.90395444444445,7,3,,,,
1,30,777,198,2,0,1,30000,0,123,2020,3,27,9,0,12,,,,,2,1,1,14,7,0,23,0,23,2,9,1,70,5,2,1,75,75,51,61,0,0,,,,,,,0,0,20,0,3,0,0,0,0,0,2,4,35.698677499999995,139.86743416666667,6,3,,,,
1,30,777,204,2,0,1,30000,0,123,2020,3,21,8,35,12,,,,,1,1,1,14,7,0,23,0,23,2,9,1,70,5,2,1,25,75,3,61,31,0,,,,,,,10,0,20,0,3,0,2,0,2,0,4,2,35.709739722222224,139.88003833333335,7,3,,,,
1,30,777,207,2,0,1,30000,0,123,2020,3,31,10,20,12,,,,,2,1,1,1,1,9,22,0,23,14,9,30,70,4,2,1,25,1,13,61,31,0,,,,,,,2,0,20,0,4,0,2,0,2,0,4,2,35.70635333333334,139.87119333333334,3,3,,,,
1,30,778,34,2,0,1,30000,0,123,2020,2,29,20,30,22,,,,,2,1,1,14,7,0,23,0,23,1,9,1,1,4,2,1,45,1,3,61,1,0,,,,,,,2,0,40,0,3,0,2,0,2,0,4,2,35.73265777777778,139.8838788888889,7,3,,,,
1,30,778,37,2,0,1,30000,0,123,2020,1,28,14,25,12,,,,,3,1,1,14,7,0,23,0,23,3,9,1,70,4,3,1,75,75,3,61,31,0,,,,,,,2,0,40,0,4,0,2,0,2,0,4,2,35.72389972222222,139.88487138888888,3,3,,,,
1,30,778,42,2,0,1,30000,0,123,2020,2,4,18,15,22,,,,,1,1,1,14,7,0,23,0,23,1,9,1,70,4,2,1,45,55,14,61,31,0,,,,,,,10,0,30,0,4,0,2,0,2,0,4,2,35.715015,139.8889625,3,3,,,,
1,30,779,88,2,0,1,10060,0,123,2020,1,22,23,55,22,,,,,1,1,1,1,1,9,22,0,23,19,9,30,70,1,1,1,55,65,3,61,1,0,,,,,,,5,0,10,0,3,0,2,0,2,0,4,2,35.68628388888889,139.86516749999998,4,3,,,,
1,30,779,89,2,0,1,30000,0,123,2020,1,28,21,25,22,,,,,3,1,2,7,7,0,23,0,23,3,9,1,70,4,2,1,45,1,36,61,31,0,,,,,,,2,0,10,0,3,0,0,0,0,0,4,2,35.66616861111111,139.85912444444443,3,3,,,,
1,30,779,101,2,0,1,30000,0,123,2020,2,18,15,50,12,,,,,1,1,1,14,7,0,23,0,23,3,9,1,70,5,4,1,35,1,14,61,31,0,,,,,,,5,0,10,0,3,0,2,0,2,0,4,2,35.657405,139.86899555555556,3,3,,,,
1,30,779,116,2,0,1,30000,0,123,2020,3,26,19,25,22,,,,,1,1,1,1,7,1,21,0,23,14,9,30,70,5,3,1,65,35,13,61,31,0,,,,,,,2,0,80,0,3,0,2,0,2,0,4,2,35.654845277777774,139.86642333333333,5,3,,,,
1,30,876,75,1,1,0,30000,0,201,2020,3,9,10,30,12,,,,,1,1,1,14,7,0,23,0,23,2,9,1,70,5,3,1,55,65,11,61,31,0,,,,,,,10,0,40,0,3,0,2,0,2,0,4,1,35.64304472222222,139.31988333333334,2,3,,,,
1,30,876,80,2,0,1,30000,0,201,2020,2,14,8,38,12,,,,,1,1,1,14,7,0,23,0,23,2,9,1,70,4,1,1,65,55,3,61,31,0,,,,,,,3,0,50,0,1,0,1,0,2,0,4,2,35.608601666666665,139.36396444444443,6,3,,,,
1,30,876,89,2,0,1,99000,0,201,2020,3,11,17,0,13,,,,,1,1,1,0,7,0,23,0,23,0,0,20,70,0,4,1,75,65,3,61,31,0,,,,,,,10,0,10,0,4,0,2,0,2,0,4,2,35.61224444444444,139.39765305555554,4,3,,,,
1,30,876,96,2,0,1,99000,0,201,2020,3,10,12,37,12,,,,,3,2,2,0,7,0,23,0,23,0,0,20,70,0,4,1,55,45,3,61,31,0,,,,,,,10,0,30,0,3,0,2,0,2,0,4,2,35.64217111111111,139.37150972222224,3,3,,,,
1,30,876,104,2,0,1,21200,0,201,2020,3,22,19,30,22,,,,,1,1,1,1,1,9,22,0,23,15,9,30,70,1,1,1,45,35,4,61,31,0,,,,,,,4,0,10,0,3,0,2,0,2,0,4,2,35.61432027777778,139.39788694444442,1,3,,,,
1,30,876,106,2,0,1,30000,0,201,2020,1,29,9,55,12,,,,,1,1,1,1,1,9,22,0,23,15,9,30,70,5,2,1,25,55,13,61,31,0,,,,,,,3,0,20,0,3,0,2,0,2,0,4,2,35.64076277777778,139.34136555555557,4,3,,,,
1,30,876,109,2,0,1,21110,0,201,2020,3,26,13,0,12,,,,,1,1,1,1,8,9,22,0,23,18,9,30,70,1,2,1,55,1,11,61,31,0,,,,,,,10,0,10,0,3,0,2,0,2,0,4,2,35.61633166666667,139.3830602777778,5,3,,,,
1,30,876,111,2,0,1,30000,0,201,2020,2,20,12,0,12,,,,,1,1,1,14,7,0,23,0,23,3,9,1,70,5,2,1,25,55,3,61,1,0,,,,,,,2,0,40,0,3,0,2,0,2,0,4,2,35.608043055555555,139.36779583333333,5,3,,,,
1,30,876,113,2,0,1,20770,0,201,2020,3,31,10,45,12,,,,,2,1,1,1,1,9,22,0,23,15,9,30,70,4,2,1,55,65,3,61,31,0,,,,,,,3,0,10,0,3,0,2,0,2,0,4,2,35.63834638888889,139.3184675,3,3,,,,
1,30,877,55,2,0,2,95000,0,201,2019,2,2,23,3,22,,,,,1,1,1,0,7,0,23,0,23,0,0,20,70,0,4,1,45,35,3,61,1,0,,,,,,,10,0,10,0,3,0,2,0,2,0,4,2,35.665823055555556,139.28849,7,3,,,,
1,30,877,58,2,0,1,30000,0,201,2020,3,2,14,46,12,,,,,2,3,2,7,7,0,23,0,23,3,9,1,70,5,3,1,1,75,36,61,31,0,,,,,,,2,0,10,0,3,0,0,0,0,0,4,2,35.670384444444444,139.29571694444445,2,3,,,,
1,30,877,60,2,0,1,30000,0,201,2020,3,5,19,59,22,,,,,1,2,1,14,7,0,23,0,23,4,9,1,70,4,2,1,65,75,4,61,31,0,,,,,,,10,0,10,0,4,0,2,0,2,0,4,2,35.65482027777777,139.30503722222224,5,3,,,,
1,30,877,61,2,0,1,30000,0,201,2020,3,7,14,40,12,,,,,1,2,1,1,7,9,22,0,23,14,9,30,70,4,2,1,65,75,14,61,31,0,,,,,,,3,0,70,0,4,0,2,0,2,0,4,2,35.64152833333333,139.28581972222221,7,3,,,,
1,30,877,65,2,0,1,20740,0,201,2020,3,13,19,10,22,,,,,2,1,1,14,7,0,23,0,23,4,9,1,70,4,2,1,1,55,51,61,0,0,,,,,,,0,0,10,0,3,0,0,0,0,0,4,2,35.658947777777776,139.28233944444446,6,3,,,,
1,30,877,66,2,0,1,99000,0,201,2020,3,16,18,5,21,,,,,1,2,1,0,7,0,23,0,23,0,0,20,70,0,4,1,55,75,3,61,31,0,,,,,,,10,0,30,0,3,0,2,0,2,0,4,2,35.67245138888889,139.29091722222222,2,3,,,,
1,30,877,72,2,0,1,30000,0,201,2020,3,23,18,45,21,,,,,1,2,1,1,7,9,22,0,23,14,9,30,70,4,1,1,65,65,3,61,31,0,,,,,,,3,0,10,0,4,0,2,0,2,0,4,2,35.66717222222222,139.29471361111112,2,3,,,,
1,30,878,70,2,0,1,30000,0,224,2020,3,1,13,15,12,,,,,1,1,1,1,1,9,22,0,23,18,9,30,70,5,2,1,35,1,3,61,31,0,,,,,,,3,0,10,0,3,0,2,0,2,0,4,2,35.6228125,139.42837138888888,1,3,,,,
1,30,878,74,2,0,1,10500,0,225,2020,3,7,22,44,22,,,,,3,1,2,1,1,9,22,0,23,18,9,30,70,1,1,1,45,25,13,61,31,0,,,,,,,10,0,10,0,3,0,2,0,2,0,4,2,35.64955194444445,139.48840444444443,7,3,,,,
1,30,878,81,2,0,1,30000,0,224,2020,3,17,9,50,12,,,,,1,1,1,1,1,9,22,0,23,14,9,30,70,1,2,1,45,75,4,61,31,0,,,,,,,3,0,10,0,4,0,2,0,2,0,4,2,35.61551111111111,139.41206194444445,3,3,,,,
1,30,878,85,2,0,1,30000,0,225,2020,3,10,19,10,22,,,,,1,1,1,1,1,9,22,0,23,19,9,30,70,1,2,1,65,1,3,61,1,0,,,,,,,3,0,10,0,3,0,2,0,2,0,4,2,35.62059333333333,139.47208361111112,3,3,,,,
1,30,878,89,2,0,1,30000,0,224,2020,3,25,10,50,12,,,,,1,1,1,7,1,0,23,0,23,5,8,1,70,1,2,1,35,75,1,61,1,0,,,,,,,4,0,10,0,4,0,2,0,2,0,4,2,35.61810611111111,139.42220583333332,4,3,,,,
1,30,879,89,2,0,1,10240,0,223,2020,3,7,13,45,12,,,,,2,1,3,14,7,0,23,0,23,3,9,1,70,4,3,1,65,1,14,61,31,0,,,,,,,3,0,50,0,3,0,2,0,2,0,4,2,35.75447944444444,139.39538916666666,7,3,,,,
1,30,879,92,2,0,1,30000,0,220,2020,3,9,15,50,12,,,,,1,2,1,1,7,8,22,0,23,14,9,30,70,4,2,1,35,75,13,61,31,0,,,,,,,2,0,50,0,3,0,2,0,2,0,4,2,35.73916277777778,139.44654972222222,2,3,,,,
1,30,879,119,2,0,1,30000,0,223,2020,3,24,11,23,12,,,,,1,2,1,14,7,0,23,0,23,3,9,1,70,5,1,1,35,75,51,61,0,0,,,,,,,0,0,10,0,4,0,0,0,0,0,4,2,35.74621138888889,139.37242472222223,3,3,,,,
1,30,880,59,2,0,2,10450,0,205,2020,3,4,8,58,12,,,,,2,1,1,14,7,0,23,0,23,3,9,1,70,4,2,1,1,1,51,61,0,0,,,,,,,0,0,10,0,3,0,0,0,0,0,4,2,35.77161361111111,139.28894472222223,4,3,,,,
1,30,880,70,2,0,1,20000,0,205,2020,3,16,21,5,22,,,,,1,2,1,14,7,0,23,0,23,4,9,1,70,4,2,1,45,35,3,61,31,0,,,,,,,3,0,10,0,3,0,2,0,2,0,4,2,35.80025638888888,139.21118027777777,2,3,,,,
1,30,880,72,2,0,1,30000,0,205,2020,3,18,15,45,12,,,,,1,2,1,1,1,0,23,0,23,15,9,30,70,4,1,1,25,0,61,0,0,0,,,,,,,0,0,0,0,0,0,0,0,0,0,2,0,35.79557694444444,139.30235361111113,4,3,,,,
1,30,880,73,2,0,1,10440,0,205,2020,3,19,18,0,21,,,,,1,1,1,14,2,0,23,0,23,4,9,1,70,4,2,1,55,55,3,61,31,0,,,,,,,3,0,10,0,3,0,2,0,2,0,4,2,35.79306638888889,139.3212775,5,2,,,,
1,30,880,76,2,0,1,10450,0,205,2020,3,22,13,53,12,,,,,1,2,1,14,2,0,23,0,23,3,9,1,70,4,2,1,1,45,33,61,31,0,,,,,,,3,0,14,0,3,0,0,0,0,0,4,2,35.799501666666664,139.21184527777777,1,3,,,,
1,30,880,82,2,0,1,95000,0,205,2020,3,30,6,10,11,,,,,2,1,1,1,1,9,22,0,23,15,9,30,70,4,2,1,55,65,4,61,31,0,,,,,,,3,0,10,0,4,0,2,0,2,0,4,2,35.794399444444444,139.27626555555557,2,3,,,,
1,30,881,30,2,0,1,10460,0,228,2020,3,4,19,0,22,,,,,3,1,2,1,1,9,22,0,23,14,9,30,70,4,2,1,35,75,3,61,31,0,,,,,,,3,0,10,0,3,0,2,0,2,0,4,2,35.73329916666667,139.2300136111111,4,3,,,,
1,30,881,32,2,0,1,95000,0,305,2020,3,9,11,10,12,,,,,1,3,1,0,7,0,23,0,23,0,0,20,70,0,4,1,55,65,3,61,31,0,,,,,,,10,0,70,0,3,0,2,0,2,0,4,2,35.739635,139.28092444444445,2,3,,,,
1,30,882,91,2,0,1,30000,0,227,2020,2,16,19,22,22,,,,,3,2,2,1,7,5,21,0,23,15,9,30,70,5,2,1,55,55,3,61,31,0,,,,,,,2,0,10,0,3,0,2,0,2,0,4,2,35.758404444444444,139.3168261111111,1,3,,,,
1,30,882,95,2,0,1,30000,0,227,2020,3,6,23,49,22,,,,,1,1,1,1,1,9,22,0,23,14,9,30,70,4,2,1,65,45,4,61,31,0,,,,,,,3,0,10,0,2,0,2,0,2,0,4,2,35.77641833333333,139.30491055555558,6,3,,,,
1,30,882,102,2,0,1,30000,0,218,2020,3,5,4,30,22,,,,,2,2,2,1,1,9,22,0,23,15,9,20,70,4,1,1,45,75,12,61,1,0,,,,,,,3,0,80,0,3,0,2,0,2,0,4,2,35.75020194444444,139.33389972222224,5,3,,,,
1,30,882,107,2,0,1,30000,0,227,2020,3,16,12,38,12,,,,,1,1,1,14,7,0,23,0,23,3,9,1,70,4,1,1,75,75,3,61,31,0,,,,,,,2,0,80,0,3,0,2,0,2,0,4,2,35.756970277777775,139.31830472222222,2,3,,,,
1,30,882,111,2,0,1,95000,0,303,2020,2,23,16,34,13,,,,,1,2,1,0,7,0,23,0,23,0,0,20,70,0,4,1,75,75,4,61,31,0,,,,,,,10,0,10,0,3,0,2,0,2,0,4,2,35.76707138888889,139.35079,1,1,,,,
1,30,882,116,2,0,1,30000,0,218,2020,3,20,16,55,13,,,,,1,1,1,14,7,0,23,0,23,4,9,20,70,5,2,1,45,75,3,61,1,0,,,,,,,2,0,30,0,3,0,2,0,2,0,4,2,35.74198194444445,139.32786527777776,6,1,,,,
1,30,882,119,2,0,1,30000,0,218,2020,1,23,12,50,12,,,,,3,2,2,1,1,9,22,0,23,15,9,30,70,5,3,1,55,45,3,61,31,0,,,,,,,2,0,10,0,3,0,2,0,2,0,4,2,35.73644361111111,139.33362583333334,5,3,,,,
1,30,882,121,2,0,1,95000,0,303,2020,3,30,8,30,12,,,,,2,1,1,13,7,0,23,0,23,2,6,1,70,5,3,1,25,55,4,61,31,0,,,,,,,2,0,40,0,3,0,2,0,2,0,4,2,35.778444444444446,139.34941666666668,2,3,,,,
1,30,882,126,2,0,1,30000,0,227,2020,3,16,14,15,12,,,,,1,3,1,1,7,9,22,0,23,11,9,30,70,5,4,1,45,1,4,61,31,0,,,,,,,2,0,12,0,3,0,2,0,2,0,4,2,35.761245,139.33407083333336,2,3,,,,
1,30,883,108,2,0,1,30540,0,201,2020,1,18,19,50,22,,,,,3,1,2,1,1,9,22,0,23,15,9,30,70,4,1,1,45,75,3,61,31,0,,,,,,,3,0,80,0,2,0,2,0,2,0,4,2,35.66360777777778,139.33182166666666,7,3,,,,