資料区分,都道府県コード,警察署等コード,本票番号,事故内容,死者数,負傷者数,路線コード,地点コード,市区町村コード,発生日時　　年,発生日時　　月,発生日時　　日,発生日時　　時,発生日時　　分,昼夜,日の出時刻　　時,日の出時刻　　分,日の入り時刻　　時,日の入り時刻　　分,天候,地形,路面状態,道路形状,信号機,一時停止規制　標識（当事者A）,一時停止規制　表示（当事者A）,一時停止規制　標識（当事者B）,一時停止規制　表示（当事者B）,車道幅員,道路線形,衝突地点,ゾーン規制,中央分離帯施設等,歩車道区分,事故類型,年齢（当事者A）,年齢（当事者B）,当事者種別（当事者A）,当事者種別（当事者B）,用途別（当事者A）,用途別（当事者B）,車両形状等（当事者A）,車両形状等（当事者B）,オートマチック車（当事者A）,オートマチック車（当事者B）,サポカー（当事者A）,サポカー（当事者B）,速度規制（指定のみ）（当事者A）,速度規制（指定のみ）（当事者B）,車両の衝突部位（当事者A）,車両の衝突部位（当事者B）,車両の損壊程度（当事者A）,車両の損壊程度（当事者B）,エアバッグの装備（当事者A）,エアバッグの装備（当事者B）,サイドエアバッグの装備（当事者A）,サイドエアバッグの装備（当事者B）,人身損傷程度（当事者A）,人身損傷程度（当事者B）,lat,lon,曜日(発生年月日),祝日(発生年月日),認知機能検査経過日数（当事者A）,認知機能検査経過日数（当事者B）,運転練習の方法（当事者A）,運転練習の方法（当事者B）
1,30,883,110,2,0,1,160,0,201,2020,3,2,9,15,12,,,,,3,1,2,1,1,9,22,0,23,11,9,30,70,4,2,1,55,45,14,61,1,0,,,,,,,10,0,10,0,3,0,2,0,2,0,4,2,35.657244999999996,139.33312027777777,2,3,,,,
1,30,883,111,2,0,1,10730,0,201,2020,3,3,2,10,22,,,,,1,1,1,14,7,0,23,0,23,4,9,1,70,1,1,1,55,25,17,61,1,0,,,,,,,4,0,10,0,3,0,2,0,2,0,4,2,35.69601944444444,139.32185944444444,3,3,,,,
1,30,883,117,2,0,1,30000,0,201,2020,3,4,2,20,22,,,,,1,1,1,14,7,0,23,0,23,4,9,1,70,4,3,1,45,1,3,61,1,0,,,,,,,10,0,20,0,3,0,2,0,2,0,4,2,35.657781944444444,139.33614277777778,4,3,,,,
1,30,883,118,2,0,1,10730,0,201,2020,3,6,15,55,12,,,,,1,1,1,1,1,9,22,0,23,14,1,30,70,5,3,1,65,75,17,61,31,0,,,,,,,5,0,10,0,4,0,2,0,2,0,4,2,35.680707777777776,139.35446416666667,6,3,,,,
1,30,883,120,2,0,1,200,449,201,2020,3,6,18,20,21,,,,,1,1,1,14,7,0,23,0,23,6,9,1,70,4,1,1,25,0,61,0,0,0,,,,,,,0,0,0,0,0,0,0,0,0,0,2,0,35.659704166666664,139.33799666666667,6,3,,,,
1,30,883,125,2,0,1,30000,0,201,2020,3,11,19,53,22,,,,,1,1,1,13,7,0,23,0,23,1,6,1,70,5,4,1,35,65,3,61,31,0,,,,,,,10,0,80,0,4,0,2,0,2,0,4,2,35.688629166666665,139.2502111111111,4,3,,,,
1,30,883,131,2,0,1,30000,0,201,2020,2,27,19,6,22,,,,,1,2,1,7,1,0,23,0,23,1,9,1,70,4,3,1,55,1,3,61,31,0,,,,,,,3,0,20,0,3,0,2,0,2,0,4,2,35.661449166666664,139.32568083333334,5,3,,,,
1,30,883,136,2,0,1,10460,0,201,2020,3,19,18,5,21,,,,,1,1,1,1,7,9,22,0,23,15,9,30,70,4,2,1,1,1,51,61,0,0,,,,,,,0,0,10,0,3,0,0,0,0,0,4,2,35.661452777777775,139.32327222222222,5,2,,,,
1,30,883,149,2,0,1,30000,0,201,2020,3,31,21,0,22,,,,,2,1,2,1,1,9,22,0,23,18,9,30,70,4,2,1,75,25,4,61,31,0,,,,,,,3,0,10,0,3,0,2,0,2,0,4,2,35.685647499999995,139.370735,3,3,,,,
1,30,884,105,2,0,1,30000,0,209,2019,5,29,10,20,12,,,,,1,1,1,14,7,0,23,0,23,3,9,1,70,5,4,1,25,55,14,61,31,0,,,,,,,3,0,40,0,3,0,2,0,2,0,4,2,35.543,139.44770027777778,4,3,,,,
1,30,884,110,2,0,1,10610,0,209,2020,3,3,21,55,22,,,,,1,2,1,1,1,9,22,0,23,18,9,30,70,4,1,1,55,35,35,61,31,0,,,,,,,2,0,10,0,3,0,0,0,0,0,4,2,35.58186388888889,139.4701388888889,3,3,,,,
1,30,884,112,2,0,1,160,173,209,2020,3,5,4,52,22,,,,,2,1,2,7,1,0,23,0,23,4,9,1,70,1,2,1,45,55,3,61,31,0,,,,,,,5,0,10,0,2,0,2,0,2,0,4,2,35.51369,139.46560916666667,5,3,,,,
1,30,884,116,2,0,1,10490,0,209,2020,3,6,10,55,12,,,,,1,1,1,7,1,0,23,0,23,4,9,1,70,4,2,1,65,75,3,61,31,0,,,,,,,3,0,10,0,3,0,2,0,2,0,4,2,35.566337499999996,139.4241875,6,3,,,,
1,30,884,128,2,0,1,30000,0,209,2020,2,26,9,57,12,,,,,3,1,2,14,7,0,23,0,23,2,9,1,70,5,3,1,65,45,3,61,31,0,,,,,,,3,0,40,0,4,0,2,0,2,0,4,2,35.550819999999995,139.4524338888889,4,3,,,,
1,30,884,140,2,0,1,95000,0,209,2020,3,17,11,30,12,,,,,1,1,1,14,7,0,23,0,23,1,9,1,70,5,2,1,45,75,51,61,0,0,,,,,,,0,0,10,0,4,0,0,0,0,0,4,2,35.53004138888889,139.47961305555555,3,3,,,,
1,30,884,154,2,0,1,10490,0,209,2020,3,29,0,10,22,,,,,3,1,2,1,1,9,22,0,23,11,9,30,70,1,2,1,45,55,36,61,31,0,,,,,,,10,0,10,0,3,0,0,0,0,0,4,2,35.54497305555555,139.45061444444443,1,3,,,,
1,30,884,158,2,0,1,30560,0,209,2020,3,31,10,20,12,,,,,2,1,1,1,3,9,22,0,23,17,9,30,70,5,2,1,75,55,52,61,0,0,,,,,,,0,0,10,0,3,0,0,0,0,0,4,2,35.543860277777775,139.4444202777778,3,3,,,,
1,30,885,87,2,0,1,30000,0,212,2020,2,5,9,28,12,,,,,1,3,1,14,7,0,23,0,23,2,9,1,70,5,4,1,45,45,4,61,31,0,,,,,,,2,0,40,0,3,0,2,0,2,0,4,2,35.658744444444444,139.39838194444442,4,3,,,,
1,30,885,88,2,0,1,30000,0,212,2020,2,23,16,36,13,,,,,1,3,1,1,7,9,22,0,23,15,9,30,70,5,3,1,65,35,4,61,31,0,,,,,,,10,0,10,0,3,0,2,0,2,0,4,2,35.658070277777774,139.37001583333335,1,1,,,,
1,30,885,95,2,0,1,30000,0,212,2020,3,3,7,10,12,,,,,1,3,1,1,7,1,21,0,23,14,9,30,70,5,2,1,45,65,3,61,31,0,,,,,,,3,0,10,0,3,0,2,0,2,0,4,2,35.65000666666666,139.41850722222222,3,3,,,,
1,30,885,96,2,0,1,30000,0,212,2020,3,5,12,15,12,,,,,1,3,1,14,7,0,23,0,23,2,9,1,70,5,2,1,1,35,51,61,0,0,,,,,,,0,0,40,0,3,0,0,0,0,0,4,2,35.67856527777778,139.39493861111112,5,3,,,,
1,30,885,98,2,0,1,200,0,212,2020,3,7,17,32,13,,,,,1,2,1,1,7,1,22,0,23,15,9,30,70,1,2,1,25,35,3,61,31,0,,,,,,,5,0,10,0,3,0,2,0,2,0,4,2,35.6685375,139.38599222222223,7,3,,,,
1,30,885,102,2,0,1,30000,0,212,2020,3,10,19,0,22,,,,,3,3,2,1,7,9,22,0,23,14,9,30,70,4,2,1,65,75,3,61,1,0,,,,,,,3,0,10,0,4,0,2,0,2,0,4,2,35.661386388888886,139.38121055555555,3,3,,,,
1,30,885,104,2,0,1,30000,0,212,2020,3,11,19,45,22,,,,,1,3,1,7,1,0,23,0,23,2,9,1,70,4,2,1,45,75,51,61,0,0,,,,,,,0,0,10,0,3,0,0,0,0,0,4,2,35.66073055555555,139.38042222222222,4,3,,,,
1,30,885,113,2,0,1,30000,0,212,2020,3,19,17,55,21,,,,,1,2,1,7,7,0,23,0,23,3,9,1,70,5,2,1,55,1,3,61,31,0,,,,,,,3,0,10,0,3,0,2,0,2,0,4,2,35.683545277777775,139.39496777777777,5,2,,,,
1,30,885,115,2,0,1,30000,0,212,2020,3,15,12,30,12,,,,,1,3,1,14,7,0,23,0,23,2,9,1,70,5,2,1,65,1,3,61,31,0,,,,,,,2,0,10,0,4,0,2,0,2,0,4,2,35.661185833333334,139.4145763888889,1,3,,,,
1,30,885,122,2,0,1,99000,0,212,2020,3,24,20,10,22,,,,,1,3,1,0,7,0,23,0,23,0,0,20,70,0,4,1,45,75,3,61,31,0,,,,,,,10,0,30,0,3,0,2,0,2,0,4,2,35.67011166666666,139.41183777777778,3,3,,,,
1,30,885,125,2,0,1,20780,0,212,2020,3,29,18,35,21,,,,,2,3,2,14,7,0,23,0,23,3,9,1,70,1,2,1,65,55,51,61,0,0,,,,,,,0,0,10,0,3,0,0,0,0,0,4,2,35.659328333333335,139.41379805555556,1,3,,,,
1,30,885,129,2,0,1,30000,0,212,2020,3,31,9,0,12,,,,,2,2,1,7,7,0,23,0,23,1,9,1,70,5,4,1,1,45,51,61,0,0,,,,,,,0,0,20,0,4,0,0,0,0,0,4,2,35.661900555555555,139.38528416666665,3,3,,,,
1,30,886,84,2,0,1,95000,0,207,2020,3,1,19,10,22,,,,,1,2,1,14,7,0,23,0,23,2,9,1,70,4,2,1,45,75,51,61,0,0,,,,,,,0,0,40,0,4,0,0,0,0,0,4,2,35.71447472222223,139.3703363888889,1,3,,,,
1,30,886,91,2,0,1,30000,0,207,2020,3,9,18,0,21,,,,,1,1,1,14,7,0,23,0,23,1,9,1,70,5,4,1,65,45,3,61,31,0,,,,,,,2,0,70,0,3,0,2,0,2,0,4,2,35.704862500000004,139.37254722222224,2,3,,,,
1,30,886,100,2,0,1,30000,0,207,2020,3,20,19,0,22,,,,,1,3,1,14,7,0,23,0,23,4,9,1,70,5,3,1,65,75,3,61,31,0,,,,,,,2,0,10,0,4,0,2,0,2,0,4,2,35.71905777777778,139.38533555555554,6,1,,,,
1,30,886,106,2,0,3,30000,0,207,2020,3,26,18,33,21,,,,,1,3,1,14,7,0,23,0,23,1,9,1,70,5,4,1,1,65,51,61,0,0,,,,,,,0,0,10,0,3,0,0,0,0,0,2,2,35.696326111111105,139.36907166666668,5,3,,,,
1,30,887,119,2,0,1,95000,0,215,2020,3,3,18,56,22,,,,,1,1,1,7,7,0,23,0,23,2,9,1,70,4,2,1,55,45,4,61,31,0,,,,,,,1,0,10,0,3,0,2,0,2,0,4,2,35.69741666666666,139.4442725,3,3,,,,
1,30,887,128,2,0,1,30000,0,202,2020,3,9,12,48,12,,,,,1,1,1,14,7,0,23,0,23,1,9,1,70,5,3,1,45,25,3,61,31,0,,,,,,,10,0,40,0,4,0,2,0,2,0,4,2,35.69891361111111,139.41137472222223,2,3,,,,
1,30,887,129,2,0,1,30000,0,202,2020,3,10,8,45,12,,,,,3,2,2,1,7,9,22,0,23,14,9,30,70,4,2,1,65,25,13,61,31,0,,,,,,,3,0,10,0,3,0,2,0,2,0,4,2,35.69654833333333,139.41769638888888,3,3,,,,
1,30,887,137,2,0,2,30000,0,202,2020,3,15,17,55,21,,,,,1,1,1,7,7,0,23,0,23,3,9,1,70,4,1,1,45,65,36,61,31,0,,,,,,,2,0,10,0,3,0,0,0,0,0,2,2,35.695876388888884,139.4263111111111,1,3,,,,
1,30,887,142,2,0,1,30000,0,202,2020,3,17,20,0,22,,,,,1,2,1,1,7,1,22,0,23,11,9,30,70,4,2,1,55,35,3,61,31,0,,,,,,,2,0,10,0,3,0,2,0,2,0,4,2,35.727917222222224,139.39138333333332,3,3,,,,
1,30,887,146,2,0,1,95000,0,202,2020,3,19,2,58,22,,,,,1,1,1,1,1,9,22,0,23,18,9,30,70,1,1,1,55,35,3,61,1,0,,,,,,,4,0,10,0,3,0,2,0,2,0,4,2,35.69376472222222,139.41137583333335,5,2,,,,
1,30,887,161,2,0,1,30000,0,202,2019,12,20,18,42,22,,,,,1,1,1,14,7,0,23,0,23,2,9,1,1,5,2,1,35,0,61,0,0,0,,,,,,,0,0,0,0,0,0,0,0,0,0,2,0,35.69859527777778,139.41456305555556,6,3,,,,
1,30,887,163,2,0,1,30000,0,202,2020,3,26,20,20,22,,,,,1,2,1,14,7,0,23,0,23,3,9,1,70,4,3,1,35,75,3,61,31,0,,,,,,,3,0,10,0,3,0,2,0,2,0,4,2,35.70096277777778,139.39695166666667,5,3,,,,
1,30,887,169,2,0,1,30000,0,202,2020,3,30,11,42,12,,,,,2,1,1,14,7,0,23,0,23,1,9,20,70,5,4,1,65,45,3,61,31,0,,,,,,,2,0,40,0,4,0,2,0,2,0,4,2,35.73189361111111,139.40258555555556,2,3,,,,
1,30,888,40,2,0,1,200,314,206,2020,3,2,7,6,11,,,,,3,1,2,1,1,9,22,0,23,18,9,30,70,4,2,1,45,55,3,61,31,0,,,,,,,4,0,10,0,3,0,2,0,2,0,4,2,35.672820277777774,139.4671502777778,2,3,,,,
1,30,888,50,2,0,1,200,326,206,2020,3,21,11,30,12,,,,,1,1,1,1,1,9,22,0,23,11,9,30,70,4,4,1,55,55,12,61,1,0,,,,,,,4,0,40,0,3,0,2,0,2,0,4,2,35.67444916666666,139.4564472222222,7,3,,,,
1,30,889,56,2,0,2,30000,0,214,2019,12,27,15,55,13,,,,,1,1,1,14,7,0,23,0,23,3,9,1,70,4,1,1,45,75,36,61,31,0,,,,,,,10,0,20,0,3,0,0,0,0,0,2,2,35.70514638888889,139.45555555555555,6,3,,,,
1,30,889,60,2,0,1,30000,0,214,2020,3,1,17,35,13,,,,,1,1,1,1,7,2,21,0,23,15,9,30,70,5,1,1,1,55,3,61,31,0,,,,,,,1,0,10,0,4,0,2,0,2,0,4,2,35.697781111111105,139.48123333333334,1,3,,,,
1,30,889,69,2,0,1,30600,0,210,2020,3,21,13,5,12,,,,,1,1,1,1,7,9,22,0,23,14,9,30,70,4,2,1,1,25,3,61,31,0,,,,,,,3,0,10,0,3,0,2,0,2,0,4,2,35.70489472222223,139.52406055555556,7,3,,,,
1,30,889,70,2,0,1,30000,0,214,2020,3,21,13,45,12,,,,,1,1,1,14,7,0,23,0,23,2,9,1,70,5,3,1,1,55,3,61,31,0,,,,,,,2,0,40,0,4,0,2,0,2,0,4,2,35.70433472222223,139.46864611111113,7,3,,,,
1,30,889,73,2,0,2,20820,0,214,2020,3,24,4,55,23,,,,,1,1,1,14,7,0,23,0,23,3,9,1,70,4,3,1,45,35,36,61,31,0,,,,,,,2,0,10,0,3,0,0,0,0,0,2,2,35.69500222222222,139.48076416666666,3,3,,,,
1,30,890,97,2,0,1,10000,0,229,2020,3,1,17,45,21,,,,,1,1,1,14,7,0,23,0,23,4,9,1,70,4,2,1,55,1,3,61,31,0,,,,,,,3,0,10,0,4,0,2,0,2,0,4,2,35.74184555555556,139.54341333333332,1,3,,,,
1,30,890,100,2,0,1,30000,0,222,2020,3,9,13,5,12,,,,,1,1,1,7,7,0,23,0,23,3,9,1,70,4,2,1,65,65,14,61,31,0,,,,,,,2,0,10,0,4,0,2,0,2,0,4,2,35.75931472222222,139.53268305555557,2,3,,,,
1,30,890,104,2,0,1,10250,0,229,2020,3,10,18,5,21,,,,,3,1,2,1,1,9,22,0,23,15,9,30,70,4,2,1,65,55,4,61,31,0,,,,,,,3,0,10,0,3,0,2,0,2,0,4,2,35.73172027777778,139.56604111111113,3,3,,,,
1,30,890,105,2,0,1,95000,0,222,2020,3,13,14,5,12,,,,,1,1,1,14,7,0,23,0,23,3,9,1,70,4,2,1,75,75,3,61,31,0,,,,,,,3,0,80,0,3,0,2,0,2,0,4,2,35.75381138888889,139.50062972222221,6,3,,,,
1,30,890,113,2,0,1,10000,0,229,2020,2,2,14,45,12,,,,,1,1,1,7,7,0,23,0,23,3,9,1,70,4,2,1,45,75,14,61,31,0,,,,,,,3,0,10,0,3,0,2,0,2,0,4,2,35.75118138888889,139.55986166666668,1,3,,,,
1,30,890,117,2,0,1,95000,0,222,2020,3,27,18,10,21,,,,,1,1,1,14,7,0,23,0,23,4,9,1,70,4,1,1,45,75,3,61,31,0,,,,,,,3,0,10,0,3,0,2,0,2,0,4,2,35.75530027777778,139.4987522222222,6,3,,,,
1,30,891,66,2,0,1,99000,0,213,2020,3,6,21,51,22,,,,,1,1,1,0,7,0,23,0,23,0,0,20,70,0,4,1,55,45,3,61,31,0,,,,,,,10,0,30,0,3,0,2,0,2,0,4,2,35.75926333333334,139.4524911111111,6,3,,,,
1,30,891,67,2,0,1,20000,0,213,2020,3,8,11,55,12,,,,,3,2,2,1,1,9,22,0,23,15,9,30,70,4,2,1,45,45,3,61,31,0,,,,,,,3,0,80,0,4,0,2,0,2,0,4,2,35.75970138888889,139.48854583333332,1,3,,,,
1,30,891,75,2,0,1,20000,0,213,2020,3,8,22,25,22,,,,,2,2,1,1,7,9,22,0,23,14,9,30,70,4,2,1,55,1,4,61,31,0,,,,,,,3,0,80,0,3,0,2,0,2,0,4,2,35.76016805555555,139.4890736111111,1,3,,,,
1,30,891,77,2,0,1,30000,0,213,2020,3,17,18,0,21,,,,,1,1,1,14,7,0,23,0,23,3,9,1,70,4,1,1,45,1,12,61,1,0,,,,,,,3,0,10,0,3,0,2,0,2,0,4,2,35.76079638888889,139.47026888888888,3,3,,,,
1,30,891,84,2,0,1,10590,0,221,2020,3,24,19,17,22,,,,,1,1,1,14,7,0,23,0,23,3,9,20,70,5,2,1,1,65,14,61,1,0,,,,,,,3,0,10,0,4,0,2,0,2,0,4,2,35.761967222222225,139.50734222222223,3,3,,,,
1,30,892,42,2,0,1,10600,0,203,2020,3,7,12,47,12,,,,,2,1,1,1,7,9,22,0,23,11,9,30,70,4,2,1,65,55,13,61,31,0,,,,,,,2,0,80,0,3,0,2,0,2,0,4,2,35.70296638888889,139.54639,7,3,,,,
1,30,892,43,2,0,1,20270,0,203,2020,3,8,19,35,22,,,,,2,1,2,14,1,0,23,0,23,2,9,1,70,4,2,1,55,55,14,61,31,0,,,,,,,3,0,10,0,3,0,2,0,2,0,4,2,35.702535833333336,139.57856,1,3,,,,
1,30,892,48,2,0,1,30000,0,203,2020,3,18,21,15,22,,,,,1,1,1,14,7,0,23,0,23,3,9,1,70,5,2,1,45,65,4,61,31,0,,,,,,,10,0,10,0,3,0,2,0,2,0,4,2,35.70331388888889,139.56067055555556,4,3,,,,
1,30,892,52,2,0,1,20270,0,203,2020,3,31,19,55,22,,,,,1,1,1,14,7,0,23,0,23,2,9,1,70,4,1,1,45,25,3,61,1,0,,,,,,,3,0,80,0,3,0,2,0,2,0,4,2,35.70231777777778,139.5791261111111,3,3,,,,
1,30,893,82,2,0,1,30000,0,204,2020,3,15,16,20,12,,,,,1,1,1,14,7,0,23,0,23,2,9,1,70,5,4,1,1,45,51,61,0,0,,,,,,,0,0,10,0,4,0,0,0,0,0,4,2,35.69959583333333,139.55757305555557,1,3,,,,
1,30,893,84,2,0,1,10270,0,204,2020,3,19,13,50,12,,,,,1,1,1,7,7,0,23,0,23,3,9,1,70,4,2,1,45,1,3,61,31,0,,,,,,,3,0,50,0,3,0,2,0,2,0,4,2,35.683481388888886,139.5622363888889,5,2,,,,
1,30,893,85,2,0,1,30000,0,204,2020,3,20,14,40,12,,,,,1,1,1,14,7,0,23,0,23,3,9,1,70,5,4,1,45,1,36,61,31,0,,,,,,,2,0,10,0,3,0,0,0,0,0,4,2,35.67726472222222,139.57870083333333,6,1,,,,
1,30,893,87,2,0,1,30000,0,204,2020,3,24,15,55,12,,,,,1,1,1,14,7,0,23,0,23,3,9,1,70,5,4,1,45,25,14,61,31,0,,,,,,,5,0,10,0,3,0,2,0,2,0,4,2,35.66797722222222,139.5759361111111,3,3,,,,
1,30,893,91,2,0,1,10750,0,204,2020,3,26,11,45,12,,,,,1,1,1,1,1,9,22,0,23,18,9,30,70,1,2,1,45,75,13,61,31,0,,,,,,,5,0,10,0,3,0,2,0,2,0,4,2,35.68147027777778,139.53360361111112,5,3,,,,
1,30,893,93,2,0,1,10750,0,204,2020,3,27,3,0,22,,,,,1,1,1,1,1,9,22,0,23,14,9,30,70,1,2,1,55,1,3,61,1,0,,,,,,,4,0,10,0,3,0,2,0,2,0,4,2,35.685672499999995,139.59122055555557,6,3,,,,
1,30,893,99,2,0,1,30000,0,204,2020,2,20,8,10,12,,,,,1,1,1,14,7,0,23,0,23,1,9,1,70,5,3,1,1,35,51,61,0,0,,,,,,,0,0,10,0,4,0,0,0,0,0,4,2,35.6977025,139.57515916666665,5,3,,,,
1,30,894,93,2,0,1,30000,0,208,2020,3,5,11,43,12,,,,,1,1,1,14,7,0,23,0,23,2,9,1,70,5,3,1,75,75,14,61,1,0,,,,,,,10,0,10,0,3,0,2,0,2,0,4,2,35.66111083333333,139.58455444444445,5,3,,,,
1,30,894,99,2,0,1,30000,0,208,2020,3,6,8,45,12,,,,,1,1,1,14,7,0,23,0,23,1,9,1,70,5,4,1,55,1,51,61,0,0,,,,,,,0,0,10,0,4,0,0,0,0,0,4,2,35.63741805555556,139.55308916666667,6,3,,,,
1,30,894,100,2,0,1,30000,0,208,2020,3,8,10,30,12,,,,,3,1,2,7,1,0,23,0,23,2,9,1,70,4,2,1,45,75,3,61,31,0,,,,,,,3,0,10,0,3,0,2,0,2,0,4,2,35.65962527777778,139.58573444444445,1,3,,,,
1,30,894,106,2,0,1,200,240,208,2020,3,15,1,5,22,,,,,2,1,2,1,1,9,22,0,23,18,9,30,70,5,1,1,55,1,3,61,31,0,,,,,,,4,0,10,0,3,0,2,0,2,0,4,2,35.655249166666664,139.54443444444445,1,3,,,,
1,30,894,112,2,0,1,30000,0,219,2020,3,24,21,47,22,,,,,1,1,1,1,1,9,22,0,23,18,9,30,70,4,2,1,65,45,3,61,1,0,,,,,,,3,0,10,0,4,0,2,0,2,0,4,2,35.63389472222222,139.578365,3,3,,,,
1,30,894,119,2,0,1,30000,0,208,2020,3,11,12,30,12,,,,,1,1,1,14,7,0,23,0,23,4,9,1,70,4,2,1,55,55,51,61,0,0,,,,,,,0,0,10,0,3,0,0,0,0,0,4,2,35.66649611111111,139.5508225,4,3,,,,
1,30,895,61,2,0,1,30000,0,211,2020,3,3,19,15,22,,,,,1,1,1,14,7,0,23,0,23,3,9,1,70,4,2,1,35,55,14,61,1,0,,,,,,,3,0,10,0,3,0,2,0,2,0,4,2,35.73530916666667,139.49246805555555,3,3,,,,
1,30,895,65,2,0,1,30000,0,211,2020,3,11,9,15,12,,,,,1,1,1,14,7,0,23,0,23,2,9,1,1,5,3,1,55,1,14,61,31,0,,,,,,,2,0,10,0,3,0,2,0,2,0,4,2,35.734184166666665,139.50189166666667,4,3,,,,
1,30,895,74,2,0,1,30000,0,211,2020,3,19,8,10,12,,,,,1,1,1,1,7,9,22,0,23,11,9,30,70,5,2,1,1,45,3,61,31,0,,,,,,,2,0,10,0,3,0,2,0,2,0,4,2,35.74166833333334,139.49140416666665,5,2,,,,
1,30,895,78,2,0,1,99000,0,211,2020,3,30,13,5,12,,,,,2,1,1,0,7,0,23,0,23,0,0,20,70,0,4,1,65,75,3,61,31,0,,,,,,,10,0,0,0,4,0,2,0,2,0,4,2,35.73425861111111,139.51637583333334,2,3,,,,
1,30,895,82,2,0,1,30000,0,211,2020,3,31,14,15,12,,,,,2,1,1,1,7,9,22,0,23,11,9,20,70,5,4,1,45,55,3,61,31,0,,,,,,,10,0,30,0,3,0,2,0,2,0,4,2,35.72532805555556,139.46668055555557,3,3,,,,
1,30,100,46,2,0,1,10050,0,101,2020,3,26,7,40,12,,,,,1,1,2,14,7,0,23,0,23,6,9,1,70,1,1,1,45,25,51,61,0,0,,,,,,,0,0,10,0,3,0,0,0,0,0,4,2,35.69535361111111,139.75202416666667,5,3,,,,
1,30,100,47,2,0,1,20170,0,101,2020,4,14,19,55,22,,,,,1,1,1,7,1,0,23,0,23,5,9,1,70,1,2,1,35,25,1,61,31,0,,,,,,,5,0,0,0,4,0,2,0,2,0,4,2,35.67568305555555,139.74881499999998,3,3,,,,
1,30,100,49,2,0,1,10100,0,101,2020,4,24,19,6,21,,,,,2,1,1,7,7,0,23,0,23,4,9,1,70,4,2,1,45,55,3,61,31,0,,,,,,,4,0,50,0,3,0,2,0,2,0,4,2,35.690659999999994,139.75882194444443,6,3,,,,
1,30,101,46,2,0,1,99000,0,101,2020,2,1,19,25,22,,,,,1,1,1,0,7,0,23,0,23,0,0,20,70,0,2,1,65,45,3,61,1,0,,,,,,,10,0,10,0,4,0,2,0,2,0,4,2,35.67235888888889,139.75920083333332,7,3,,,,
1,30,102,35,2,0,1,30000,0,101,2020,4,19,16,35,12,,,,,1,1,1,1,7,9,22,0,23,17,9,30,1,5,3,1,1,1,14,61,1,0,,,,,,,2,0,12,0,3,0,2,0,2,0,4,2,35.69647277777777,139.75590888888888,1,3,,,,
1,30,102,36,2,0,1,20000,0,101,2020,4,24,0,51,22,,,,,1,1,1,1,1,9,22,0,23,18,9,30,70,4,1,1,45,45,3,61,1,0,,,,,,,4,0,40,0,3,0,2,0,2,0,4,2,35.69355083333333,139.7650761111111,6,3,,,,
1,30,102,37,2,0,1,30000,0,101,2020,4,15,14,35,12,,,,,1,1,1,1,7,9,22,0,23,15,9,30,70,5,2,1,55,35,51,61,0,0,,,,,,,0,0,10,0,3,0,0,0,0,0,4,2,35.69851666666666,139.75870777777777,4,3,,,,
1,30,103,18,2,0,1,30000,0,101,2020,4,10,16,0,12,,,,,1,1,1,1,7,1,22,0,23,15,9,30,70,5,3,1,45,1,14,61,31,0,,,,,,,10,0,10,0,3,0,2,0,2,0,4,2,35.69757222222222,139.781775,6,3,,,,
1,30,104,72,2,0,1,20020,0,102,2020,4,1,20,15,22,,,,,3,1,2,1,1,9,22,0,23,15,9,30,70,5,2,1,65,55,3,61,1,0,,,,,,,4,0,10,0,4,0,2,0,2,0,4,2,35.67476833333333,139.77681194444446,4,3,,,,
1,30,104,76,2,0,1,30000,0,102,2020,3,11,9,0,12,,,,,1,1,1,7,7,0,23,0,23,2,9,1,70,5,2,1,25,0,61,0,0,0,,,,,,,0,0,0,0,0,0,0,0,0,0,2,0,35.67742833333333,139.77490583333335,4,3,,,,
1,30,104,82,2,0,1,10040,0,102,2020,4,24,17,20,12,,,,,1,1,1,14,7,0,23,0,23,6,9,1,70,4,2,1,45,1,51,61,0,0,,,,,,,0,0,10,0,4,0,0,0,0,0,4,2,35.6802225,139.77982916666667,6,3,,,,
1,30,105,26,2,0,1,30000,0,102,2020,4,8,13,50,12,,,,,1,1,1,14,7,0,23,0,23,3,9,1,70,5,3,1,35,55,3,61,31,0,,,,,,,5,0,40,0,3,0,2,0,2,0,4,2,35.685745,139.7800975,4,3,,,,
1,30,106,53,2,0,1,95000,0,102,2020,4,2,10,9,12,,,,,1,1,1,1,1,9,22,0,23,15,9,30,70,5,1,1,45,65,3,61,31,0,,,,,,,2,0,10,0,3,0,2,0,2,0,4,2,35.668369999999996,139.77093166666668,5,3,,,,
1,30,106,57,2,0,1,30000,0,102,2020,4,15,13,51,12,,,,,1,1,1,1,1,9,22,0,23,19,9,30,70,4,2,1,45,25,3,61,31,0,,,,,,,3,0,50,0,3,0,2,0,2,0,4,2,35.66924777777778,139.77894944444446,4,3,,,,
1,30,106,58,2,0,1,30000,0,102,2020,4,17,9,50,12,,,,,1,1,1,14,7,0,23,0,23,2,9,1,70,5,3,1,75,25,3,61,31,0,,,,,,,5,0,40,0,3,0,2,0,2,0,4,2,35.665388888888884,139.77238944444446,6,3,,,,
1,30,106,59,2,0,1,21180,0,102,2020,4,17,12,10,12,,,,,1,1,1,14,7,0,23,0,23,2,8,1,70,1,1,1,1,55,51,61,0,0,,,,,,,0,0,10,0,3,0,0,0,0,0,4,2,35.65949611111111,139.77029222222222,6,3,,,,