資料区分,都道府県コード,警察署等コード,本票番号,事故内容,死者数,負傷者数,路線コード,地点コード,市区町村コード,発生日時　　年,発生日時　　月,発生日時　　日,発生日時　　時,発生日時　　分,昼夜,日の出時刻　　時,日の出時刻　　分,日の入り時刻　　時,日の入り時刻　　分,天候,地形,路面状態,道路形状,信号機,一時停止規制　標識（当事者A）,一時停止規制　表示（当事者A）,一時停止規制　標識（当事者B）,一時停止規制　表示（当事者B）,車道幅員,道路線形,衝突地点,ゾーン規制,中央分離帯施設等,歩車道区分,事故類型,年齢（当事者A）,年齢（当事者B）,当事者種別（当事者A）,当事者種別（当事者B）,用途別（当事者A）,用途別（当事者B）,車両形状等（当事者A）,車両形状等（当事者B）,オートマチック車（当事者A）,オートマチック車（当事者B）,サポカー（当事者A）,サポカー（当事者B）,速度規制（指定のみ）（当事者A）,速度規制（指定のみ）（当事者B）,車両の衝突部位（当事者A）,車両の衝突部位（当事者B）,車両の損壊程度（当事者A）,車両の損壊程度（当事者B）,エアバッグの装備（当事者A）,エアバッグの装備（当事者B）,サイドエアバッグの装備（当事者A）,サイドエアバッグの装備（当事者B）,人身損傷程度（当事者A）,人身損傷程度（当事者B）,lat,lon,曜日(発生年月日),祝日(発生年月日),認知機能検査経過日数（当事者A）,認知機能検査経過日数（当事者B）,運転練習の方法（当事者A）,運転練習の方法（当事者B）
1,30,106,62,2,0,1,30000,0,102,2020,4,6,23,30,22,,,,,1,1,1,1,7,1,21,0,23,11,9,30,70,5,2,1,55,45,3,61,1,0,,,,,,,2,0,10,0,4,0,2,0,2,0,4,2,35.66810805555555,139.76297055555557,2,3,,,,
1,30,107,34,2,0,1,30000,0,102,2020,4,17,9,20,12,,,,,1,1,1,1,7,1,22,0,23,15,9,30,70,4,2,1,35,65,3,61,31,0,,,,,,,2,0,10,0,4,0,2,0,2,0,4,2,35.66556638888889,139.7842327777778,6,3,,,,
1,30,108,55,2,0,1,20030,0,103,2020,4,13,19,48,22,,,,,3,1,2,1,1,0,23,0,23,19,9,30,70,1,1,1,35,0,61,0,0,0,,,,,,,0,0,0,0,0,0,0,0,0,0,2,0,35.66838194444444,139.75491055555557,2,3,,,,
1,30,110,33,2,0,1,10070,0,103,2020,4,14,10,50,12,,,,,1,1,1,1,1,9,22,0,23,18,9,20,70,1,3,1,1,1,51,61,0,0,,,,,,,0,0,10,0,4,0,0,0,0,0,4,2,35.63124972222222,139.7506547222222,3,3,,,,
1,30,110,39,2,0,1,30000,0,103,2020,4,30,11,39,12,,,,,1,1,1,14,7,0,23,0,23,2,9,1,70,5,3,1,65,0,61,0,0,0,,,,,,,0,0,0,0,0,0,0,0,0,0,2,0,35.64652722222222,139.73154166666666,5,3,,,,
1,30,111,61,2,0,1,30000,0,103,2020,4,1,3,29,22,,,,,2,1,1,1,7,9,22,0,23,11,9,30,70,5,2,1,65,1,3,61,1,0,,,,,,,2,0,80,0,3,0,2,0,2,0,4,2,35.65339972222222,139.73448194444444,4,3,,,,
1,30,111,64,2,0,1,10120,0,103,2020,4,6,14,5,12,,,,,1,1,1,14,7,0,23,0,23,1,9,1,70,1,1,1,1,65,51,61,0,0,,,,,,,0,0,10,0,4,0,0,0,0,0,4,2,35.66084333333333,139.73860194444444,2,3,,,,
1,30,111,67,2,0,1,95000,0,103,2020,4,11,9,20,12,,,,,1,1,1,1,1,9,22,0,23,15,9,30,70,1,1,1,45,75,51,61,0,0,,,,,,,0,0,10,0,3,0,0,0,0,0,4,2,35.65011555555555,139.73666666666665,7,3,,,,
1,30,112,41,2,0,1,10120,0,103,2020,3,3,23,40,22,,,,,2,1,1,1,1,9,22,0,23,17,3,30,70,1,1,1,55,1,3,61,31,0,,,,,,,4,0,10,0,3,0,2,0,2,0,4,2,35.67484222222222,139.72225805555556,3,3,,,,
1,30,112,43,2,0,1,99000,0,103,2020,4,4,11,50,12,,,,,1,1,1,0,7,0,23,0,23,0,0,20,70,0,4,1,55,45,3,61,1,0,,,,,,,10,0,20,0,3,0,2,0,2,0,4,2,35.666376944444444,139.73159055555556,7,3,,,,
1,30,112,44,2,0,1,2460,27,103,2020,4,12,13,20,12,,,,,2,1,1,1,7,1,22,0,23,17,6,30,70,5,1,1,55,25,3,61,31,0,,,,,,,10,0,10,0,4,0,2,0,2,0,4,2,35.67046916666666,139.71840805555556,1,3,,,,
1,30,113,64,2,0,1,30000,0,108,2020,4,1,19,20,22,,,,,3,1,2,1,1,9,22,0,23,19,9,30,70,1,2,1,35,25,3,61,31,0,,,,,,,3,0,10,0,3,0,2,0,2,0,4,2,35.63844361111111,139.82335444444445,4,3,,,,
1,30,113,66,2,0,1,30000,0,111,2020,4,8,20,15,22,,,,,1,1,1,14,7,0,23,0,23,3,9,1,70,5,2,1,45,1,22,61,0,0,,,,,,,10,0,0,0,4,0,0,0,0,0,4,2,35.58054611111111,139.77923083333334,4,3,,,,
1,30,215,28,2,0,1,30000,0,109,2020,2,12,19,45,22,,,,,1,1,1,1,1,9,22,0,23,15,9,30,70,4,3,1,65,35,13,61,31,0,,,,,,,2,0,10,0,4,0,2,0,2,0,4,2,35.61306444444445,139.73170416666667,4,3,,,,
1,30,215,31,2,0,1,30000,0,109,2020,4,21,8,40,12,,,,,2,1,1,1,7,1,21,0,23,11,9,30,70,5,2,1,65,45,3,61,31,0,,,,,,,2,0,80,0,4,0,2,0,2,0,4,2,35.61806388888889,139.7346522222222,3,3,,,,
1,30,216,39,2,0,1,30000,0,109,2020,3,28,16,8,12,,,,,2,1,1,1,1,9,22,0,23,11,3,30,70,4,2,1,35,45,3,61,31,0,,,,,,,4,0,10,0,3,0,2,0,2,0,4,2,35.599940000000004,139.7233488888889,7,3,,,,
1,30,216,42,2,0,1,30000,0,109,2020,4,27,21,49,22,,,,,3,1,2,1,1,9,22,0,23,17,9,30,70,5,1,1,45,25,3,61,31,0,,,,,,,3,0,20,0,4,0,2,0,2,0,4,2,35.598109722222226,139.74524305555553,2,3,,,,
1,30,216,46,2,0,1,30000,0,109,2020,4,25,10,45,12,,,,,1,1,1,1,7,9,22,0,23,11,7,30,70,5,3,1,75,75,51,61,0,0,,,,,,,0,0,20,0,4,0,0,0,0,0,4,2,35.598669722222226,139.7370336111111,7,3,,,,
1,30,216,47,2,0,1,30000,0,109,2020,4,18,17,53,13,,,,,2,1,1,14,7,0,23,0,23,1,9,1,70,5,3,1,35,35,14,61,1,0,,,,,,,10,0,10,0,4,0,2,0,2,0,4,2,35.60612638888889,139.72917583333333,7,3,,,,
1,30,217,54,2,0,1,10160,0,109,2020,2,15,6,53,11,,,,,1,1,1,14,7,0,23,0,23,6,9,1,70,1,1,1,45,45,3,61,31,0,,,,,,,5,0,10,0,2,0,1,0,2,0,4,2,35.62593972222222,139.7170311111111,7,3,,,,
1,30,218,66,1,1,0,10,126,109,2020,4,14,20,44,22,,,,,1,1,1,14,3,0,23,0,23,5,9,1,70,5,1,1,25,75,3,61,31,0,,,,,,,5,0,10,0,3,0,2,0,2,0,4,1,35.60465972222222,139.7134788888889,3,3,,,,
1,30,218,67,2,0,1,95000,0,109,2020,1,30,14,25,12,,,,,1,1,1,0,7,0,23,0,23,0,0,20,70,0,4,1,1,45,17,61,31,0,,,,,,,10,0,30,0,3,0,2,0,2,0,4,2,35.602286944444444,139.70296666666667,5,3,,,,
1,30,218,71,2,0,1,30000,0,109,2020,4,1,20,30,22,,,,,3,1,2,14,7,0,23,0,23,2,9,1,70,5,3,1,1,25,51,61,0,0,,,,,,,0,0,10,0,3,0,0,0,0,0,4,2,35.60391055555556,139.71230888888888,4,3,,,,
1,30,218,78,2,0,1,30000,0,109,2020,3,25,17,50,13,,,,,1,1,1,7,7,0,23,0,23,3,9,20,70,5,1,1,65,35,3,61,1,0,,,,,,,2,0,10,0,3,0,2,0,2,0,4,2,35.619211944444444,139.7160725,4,3,,,,
1,30,218,83,2,0,1,30000,0,109,2020,4,18,11,40,12,,,,,3,1,2,14,7,0,23,0,23,3,9,1,70,5,3,1,45,25,3,61,31,0,,,,,,,2,0,70,0,4,0,2,0,2,0,4,2,35.60719527777778,139.70496916666664,7,3,,,,
1,30,218,85,2,0,1,30000,0,109,2020,4,27,12,27,12,,,,,2,1,1,14,7,0,23,0,23,2,9,1,70,5,4,1,65,75,3,61,1,0,,,,,,,10,0,40,0,3,0,2,0,2,0,4,2,35.6067575,139.72898111111112,2,3,,,,
1,30,219,138,2,0,1,150,141,111,2020,4,2,7,13,12,,,,,1,1,1,14,7,0,23,0,23,2,9,1,70,1,2,1,45,35,51,61,0,0,,,,,,,0,0,10,0,4,0,0,0,0,0,2,4,35.57091055555556,139.73176666666666,5,3,,,,
1,30,219,146,2,0,1,30000,0,111,2020,4,7,15,25,12,,,,,1,1,1,14,7,0,23,0,23,2,9,1,70,5,4,1,45,1,51,61,0,0,,,,,,,0,0,10,0,3,0,0,0,0,0,4,2,35.569342777777784,139.72567972222222,3,3,,,,
1,30,219,151,2,0,1,30000,0,111,2020,4,14,10,20,12,,,,,1,1,1,14,7,0,23,0,23,1,9,1,70,5,3,1,55,75,51,61,0,0,,,,,,,0,0,10,0,4,0,0,0,0,0,4,2,35.581865,139.72667555555554,3,3,,,,
1,30,219,156,2,0,1,30000,0,111,2020,4,23,16,15,12,,,,,3,1,2,14,7,0,23,0,23,4,9,1,70,4,2,1,75,25,51,61,0,0,,,,,,,0,0,0,0,4,0,0,0,0,0,4,2,35.56270833333333,139.74088277777776,5,3,,,,
1,30,219,160,2,0,1,21140,0,111,2020,4,28,20,0,22,,,,,2,1,2,1,1,0,23,0,23,15,9,30,70,5,2,1,35,0,61,0,0,0,,,,,,,0,0,0,0,0,0,0,0,0,0,2,0,35.57031055555556,139.7238436111111,3,2,,,,
1,30,220,44,2,0,1,30000,0,111,2020,3,24,18,0,21,,,,,1,1,1,14,7,0,23,0,23,1,9,1,70,5,4,1,35,35,3,61,31,0,,,,,,,2,0,20,0,4,0,2,0,2,0,4,2,35.58571444444445,139.68320666666665,3,3,,,,
1,30,220,48,2,0,1,30000,0,111,2020,4,24,16,28,12,,,,,1,1,1,14,7,0,23,0,23,2,9,1,70,5,1,1,75,75,3,61,31,0,,,,,,,10,0,20,0,4,0,2,0,2,0,4,2,35.60754194444445,139.6870722222222,6,3,,,,
1,30,221,100,2,0,1,30000,0,111,2020,4,6,22,30,22,,,,,1,1,1,7,7,0,23,0,23,3,9,1,70,4,3,1,35,25,3,61,1,0,,,,,,,2,0,10,0,3,0,2,0,2,0,4,2,35.563226111111106,139.71937472222223,2,3,,,,
1,30,221,102,2,0,1,30000,0,111,2020,1,30,17,45,21,,,,,1,1,1,1,7,9,22,0,23,15,9,30,70,4,1,1,55,75,3,61,31,0,,,,,,,3,0,20,0,4,0,2,0,2,0,4,2,35.559268055555556,139.71855416666668,5,3,,,,
1,30,221,105,2,0,1,30000,0,111,2020,4,7,19,14,22,,,,,1,1,1,14,7,0,23,0,23,3,9,1,70,4,3,1,75,1,3,61,31,0,,,,,,,2,0,40,0,3,0,2,0,2,0,4,2,35.554473888888886,139.7479886111111,3,3,,,,
1,30,222,95,2,0,1,30000,0,111,2020,3,28,19,5,22,,,,,3,1,2,1,7,1,22,0,23,15,9,30,70,4,2,1,45,25,14,61,31,0,,,,,,,2,0,50,0,3,0,2,0,2,0,4,2,35.56851805555556,139.68771416666667,7,3,,,,
1,30,325,89,2,0,2,10210,0,112,2020,4,12,19,57,22,,,,,3,1,2,14,7,0,23,0,23,5,9,1,70,4,2,1,45,55,35,61,31,0,,,,,,,3,0,10,0,3,0,0,0,0,0,2,2,35.64335972222222,139.66936388888888,1,3,,,,
1,30,325,91,2,0,1,2460,81,112,2020,2,28,17,25,13,,,,,1,1,1,14,7,0,23,0,23,1,9,1,70,4,1,1,25,75,51,61,0,0,,,,,,,0,0,20,0,4,0,0,0,0,0,4,2,35.64344555555555,139.6707172222222,6,3,,,,
1,30,325,93,2,0,1,30000,0,112,2020,4,24,11,18,12,,,,,1,1,1,14,7,0,23,0,23,3,9,1,70,5,3,1,45,1,13,61,31,0,,,,,,,2,0,10,0,3,0,2,0,2,0,4,2,35.63791638888889,139.68142944444443,6,3,,,,
1,30,325,98,2,0,1,20260,0,112,2020,4,12,9,41,12,,,,,1,1,1,1,7,9,22,0,23,14,9,30,70,5,2,1,55,75,3,61,31,0,,,,,,,3,0,20,0,3,0,2,0,2,0,4,2,35.652298888888886,139.67145666666667,1,3,,,,
1,30,326,129,2,0,1,30000,0,112,2020,4,3,16,0,12,,,,,1,1,1,1,7,9,22,0,23,11,9,30,1,5,3,1,45,65,14,61,31,0,,,,,,,2,0,10,0,3,0,2,0,2,0,4,2,35.66461111111111,139.64974694444444,6,3,,,,
1,30,326,130,2,0,1,30000,0,112,2020,3,22,9,45,12,,,,,1,1,1,14,7,0,23,0,23,2,9,1,70,5,3,1,55,35,3,61,31,0,,,,,,,2,0,20,0,4,0,2,0,2,0,4,2,35.659443055555556,139.67282444444444,1,3,,,,
1,30,326,132,2,0,1,10130,0,112,2020,4,9,19,45,22,,,,,3,1,2,7,7,0,23,0,23,3,8,1,70,5,3,1,1,1,14,61,1,0,,,,,,,10,0,10,0,4,0,2,0,2,0,4,2,35.65397,139.66024666666667,5,3,,,,
1,30,327,102,2,0,1,30000,0,112,2019,12,12,21,3,22,,,,,1,1,1,14,7,0,23,0,23,3,9,1,1,5,3,1,45,25,3,61,31,0,,,,,,,2,0,80,0,3,0,2,0,2,0,4,2,35.614921111111116,139.62530944444444,5,3,,,,
1,30,327,105,2,0,1,30000,0,112,2020,4,5,12,25,12,,,,,3,1,1,14,7,0,23,0,23,1,9,1,70,5,3,1,35,55,3,61,31,0,,,,,,,2,0,40,0,4,0,2,0,2,0,4,2,35.626626944444446,139.63435527777776,1,3,,,,
1,30,327,108,2,0,1,30000,0,112,2020,3,16,14,15,12,,,,,1,1,1,1,1,9,22,0,23,14,9,30,70,5,1,1,45,1,3,61,31,0,,,,,,,3,0,50,0,3,0,2,0,2,0,4,2,35.62325527777778,139.63875916666666,2,3,,,,
1,30,327,110,2,0,1,30000,0,112,2020,4,13,12,15,12,,,,,3,1,2,14,7,0,23,0,23,2,9,1,70,5,3,1,25,75,14,61,1,0,,,,,,,2,0,40,0,3,0,2,0,2,0,4,2,35.60638,139.67599194444443,2,3,,,,
1,30,328,140,2,0,1,30000,0,112,2020,4,4,13,55,12,,,,,1,1,1,1,1,9,22,0,23,17,9,30,70,4,2,1,55,25,3,61,31,0,,,,,,,3,0,20,0,3,0,2,0,2,0,4,2,35.64540777777778,139.61810305555557,7,3,,,,
1,30,328,141,2,0,1,200,182,112,2020,4,10,9,25,12,,,,,1,1,1,1,1,8,22,0,23,18,9,30,70,4,1,1,1,65,14,61,31,0,,,,,,,4,0,10,0,4,0,2,0,2,0,4,2,35.67256444444444,139.60162499999998,6,3,,,,
1,30,328,152,2,0,1,30000,0,112,2020,4,21,15,30,12,,,,,1,1,1,14,7,0,23,0,23,1,9,1,70,4,1,1,25,35,3,61,31,0,,,,,,,3,0,10,0,2,0,2,0,2,0,4,2,35.67811555555555,139.59073333333333,3,3,,,,
1,30,328,154,2,0,1,30000,0,112,2020,4,20,17,0,12,,,,,3,1,2,1,7,9,22,0,23,11,9,30,70,5,3,1,25,45,13,61,31,0,,,,,,,10,0,10,0,3,0,2,0,2,0,4,2,35.667093333333334,139.63147166666667,2,3,,,,
1,30,329,53,2,0,1,10160,0,110,2020,4,25,9,40,12,,,,,1,1,1,1,7,9,22,0,23,17,9,30,70,4,2,1,35,75,3,61,31,0,,,,,,,5,0,10,0,4,0,2,0,2,0,4,2,35.65125722222222,139.68904166666667,7,3,,,,
1,30,329,54,2,0,1,30000,0,110,2020,3,9,9,10,12,,,,,2,1,1,14,7,0,23,0,23,2,9,1,70,5,4,1,25,1,51,61,0,0,,,,,,,0,0,10,0,4,0,0,0,0,0,4,2,35.62668583333333,139.70840083333331,2,3,,,,
1,30,329,55,2,0,1,30000,0,110,2020,4,9,11,0,12,,,,,1,1,1,14,7,0,23,0,23,3,9,1,70,5,3,1,35,45,3,61,31,0,,,,,,,10,0,10,0,3,0,2,0,2,0,4,2,35.641015277777775,139.69519305555556,5,3,,,,
1,30,331,43,2,0,1,30000,0,113,2019,12,28,14,12,12,,,,,1,1,1,14,7,0,23,0,23,4,9,1,70,5,2,1,55,35,17,61,1,0,,,,,,,5,0,50,0,3,0,2,0,2,0,4,2,35.65826305555555,139.70073722222222,7,3,,,,
1,30,332,33,2,0,1,30000,0,113,2020,4,28,10,50,12,,,,,1,1,1,7,7,0,23,0,23,5,9,20,1,4,3,1,45,45,3,61,31,0,,,,,,,2,0,50,0,4,0,2,0,2,0,4,2,35.67641277777778,139.70743527777776,3,2,,,,
1,30,333,62,2,0,1,30000,0,113,2020,4,10,18,0,13,,,,,1,1,1,14,7,0,23,0,23,3,9,1,70,5,2,1,75,25,3,61,31,0,,,,,,,2,0,20,0,3,0,2,0,2,0,4,2,35.66932972222222,139.67988527777777,6,3,,,,
1,30,333,63,2,0,1,200,113,113,2020,4,29,11,40,12,,,,,1,1,1,14,7,0,23,0,23,3,9,1,70,1,2,1,25,55,51,61,0,0,,,,,,,0,0,10,0,4,0,0,0,0,0,4,2,35.67685472222222,139.67615555555554,4,1,,,,
1,30,435,43,1,1,0,10120,0,104,2020,4,19,14,58,12,,,,,1,1,1,1,1,9,22,0,23,18,7,30,70,5,1,1,45,1,1,61,1,0,,,,,,,3,0,10,0,3,0,2,0,2,0,4,1,35.69537166666667,139.72497777777778,1,3,,,,
1,30,436,75,2,0,1,30000,0,104,2019,5,12,7,38,12,,,,,1,1,1,7,7,0,23,0,23,3,9,20,70,5,3,1,65,35,3,61,1,0,,,,,,,2,0,20,0,3,0,2,0,2,0,4,2,35.695970277777775,139.70352916666667,1,3,,,,
1,30,436,77,2,0,1,95000,0,113,2020,3,4,7,0,11,,,,,2,1,1,1,1,9,22,0,23,19,9,30,70,1,1,1,65,45,12,61,1,0,,,,,,,10,0,20,0,3,0,2,0,2,0,4,2,35.68751472222222,139.69632194444443,4,3,,,,
1,30,436,82,2,0,1,20000,0,104,2020,3,17,21,55,22,,,,,1,1,1,14,7,0,23,0,23,5,9,1,70,4,2,1,1,35,51,61,0,0,,,,,,,0,0,10,0,3,0,0,0,0,0,4,2,35.69240472222222,139.69500083333332,3,3,,,,
1,30,436,88,2,0,1,30290,0,104,2020,3,1,0,30,22,,,,,3,1,2,1,8,9,22,0,23,15,9,30,70,4,2,1,65,1,3,61,1,0,,,,,,,3,0,10,0,3,0,2,0,2,0,4,2,35.70453611111111,139.694745,1,3,,,,
1,30,436,95,2,0,1,30290,0,104,2020,4,15,12,20,12,,,,,1,1,1,14,7,0,23,0,23,3,9,1,70,4,2,1,1,75,51,61,0,0,,,,,,,0,0,10,0,3,0,0,0,0,0,4,2,35.70741166666667,139.69445333333334,4,3,,,,
1,30,437,42,2,0,1,10220,0,114,2020,4,2,14,25,12,,,,,1,1,1,14,1,0,23,0,23,3,9,1,70,4,1,1,55,75,13,61,31,0,,,,,,,3,0,40,0,3,0,2,0,2,0,4,2,35.71033972222222,139.69287083333333,5,3,,,,
1,30,437,43,2,0,1,30000,0,104,2020,4,16,12,50,12,,,,,1,1,1,1,1,9,22,0,23,11,8,30,70,4,2,1,65,35,3,61,31,0,,,,,,,3,0,30,0,3,0,2,0,2,0,4,2,35.71100944444445,139.7197263888889,5,3,,,,
1,30,438,29,2,0,1,30000,0,104,2020,3,5,4,5,22,,,,,2,1,1,14,7,0,23,0,23,5,9,1,70,1,1,1,25,45,17,61,31,0,,,,,,,4,0,10,0,3,0,2,0,2,0,4,2,35.694325,139.7068997222222,5,3,,,,
1,30,439,86,2,0,1,10240,0,114,2020,3,25,19,45,22,,,,,1,1,1,7,7,0,23,0,23,5,8,1,70,1,1,1,25,0,61,0,0,0,,,,,,,0,0,0,0,0,0,0,0,0,0,2,0,35.696799999999996,139.68453027777778,4,3,,,,
1,30,439,89,2,0,1,30000,0,114,2020,4,15,16,50,12,,,,,1,1,1,1,7,9,22,0,23,14,9,20,70,5,3,1,55,75,14,61,31,0,,,,,,,2,0,10,0,3,0,2,0,2,0,4,2,35.68877972222222,139.6698522222222,4,3,,,,
1,30,439,96,2,0,1,30000,0,114,2020,4,28,16,30,12,,,,,1,1,1,14,7,0,23,0,23,2,9,1,70,5,3,1,25,1,14,61,31,0,,,,,,,5,0,80,0,3,0,2,0,2,0,4,2,35.69690527777777,139.67923027777778,3,2,,,,
1,30,439,97,2,0,1,30000,0,114,2020,4,24,11,49,12,,,,,1,1,1,7,7,0,23,0,23,1,9,1,70,5,4,1,75,45,3,61,31,0,,,,,,,10,0,80,0,3,0,2,0,2,0,4,2,35.70574444444445,139.68400861111112,6,3,,,,
1,30,439,98,2,0,1,30000,0,114,2020,4,11,8,20,12,,,,,1,1,4,14,7,0,23,0,23,3,9,1,70,5,4,1,55,55,13,61,31,0,,,,,,,1,0,40,0,3,0,2,0,2,0,4,2,35.7081925,139.67959138888887,7,3,,,,
1,30,440,88,2,0,1,30000,0,114,2020,2,21,15,30,12,,,,,1,1,1,14,7,0,23,0,23,2,9,20,70,5,4,1,65,25,14,61,31,0,,,,,,,2,0,30,0,3,0,2,0,2,0,4,2,35.71926388888889,139.64955444444445,6,3,,,,
1,30,440,92,2,0,1,20280,0,114,2020,4,10,20,50,22,,,,,1,1,1,1,1,1,21,0,23,14,9,30,70,4,2,1,65,35,3,61,1,0,,,,,,,10,0,10,0,4,0,2,0,2,0,4,2,35.716695,139.63602916666665,6,3,,,,
1,30,440,95,2,0,1,95000,0,114,2020,4,12,2,5,22,,,,,3,1,1,0,7,0,23,0,23,0,0,20,70,0,4,1,1,35,3,61,31,0,,,,,,,10,0,30,0,3,0,2,0,2,0,4,2,35.70938,139.6542025,1,3,,,,
1,30,440,97,2,0,1,30000,0,114,2020,4,19,14,5,12,,,,,1,1,1,1,1,9,22,0,23,14,9,30,70,4,1,1,65,55,3,61,31,0,,,,,,,10,0,50,0,3,0,2,0,2,0,4,2,35.7252825,139.65111416666667,1,3,,,,
1,30,441,92,2,0,1,30000,0,115,2020,4,24,10,15,12,,,,,1,1,1,1,7,9,22,0,23,11,9,30,70,5,4,1,65,45,14,61,31,0,,,,,,,5,0,40,0,3,0,2,0,2,0,4,2,35.70111222222223,139.64675472222223,6,3,,,,
1,30,441,94,2,0,1,30000,0,115,2020,4,20,11,10,12,,,,,3,1,2,14,7,0,23,0,23,1,9,1,70,5,4,1,45,25,17,61,31,0,,,,,,,10,0,30,0,4,0,2,0,2,0,4,2,35.700945833333336,139.6466786111111,2,3,,,,
1,30,442,85,2,0,1,20000,0,115,2020,4,10,12,4,12,,,,,1,1,1,1,7,1,22,0,23,11,2,30,70,5,3,1,25,75,13,61,31,0,,,,,,,10,0,10,0,3,0,2,0,2,0,4,2,35.684756666666665,139.65331194444445,6,3,,,,
1,30,442,97,2,0,1,10130,0,115,2020,4,10,7,48,12,,,,,1,1,1,14,7,0,23,0,23,5,9,20,70,1,2,1,25,0,61,0,0,0,,,,,,,0,0,0,0,0,0,0,0,0,0,2,0,35.68592972222222,139.65640833333333,6,3,,,,
1,30,443,59,2,0,1,30000,0,115,2020,4,1,12,13,12,,,,,3,1,2,14,7,0,23,0,23,2,9,1,70,5,3,1,75,45,3,61,31,0,,,,,,,10,0,20,0,4,0,2,0,2,0,4,2,35.70124527777778,139.6044183333333,4,3,,,,
1,30,443,61,2,0,1,30000,0,115,2020,4,2,17,0,12,,,,,1,1,1,14,7,0,23,0,23,2,9,1,70,5,4,1,45,1,36,61,31,0,,,,,,,2,0,10,0,3,0,0,0,0,0,4,2,35.708464722222224,139.61992416666666,5,3,,,,
1,30,443,74,2,0,1,30000,0,115,2020,4,19,12,40,12,,,,,1,1,1,1,1,9,22,0,23,15,9,20,70,4,1,1,65,35,3,61,31,0,,,,,,,3,0,80,0,4,0,2,0,2,0,4,2,35.71647555555556,139.62707,1,3,,,,
1,30,443,76,2,0,1,30000,0,115,2020,4,21,0,15,22,,,,,1,1,2,14,7,0,23,0,23,3,9,1,70,5,4,1,55,25,3,61,1,0,,,,,,,10,0,10,0,4,0,2,0,2,0,4,2,35.70853,139.60323583333331,3,3,,,,
1,30,545,25,2,0,1,20370,0,105,2020,4,28,14,10,12,,,,,1,1,1,14,7,0,23,0,23,1,7,20,70,4,2,1,55,45,51,61,0,0,,,,,,,0,0,10,0,4,0,0,0,0,0,4,2,35.726327500000004,139.7414711111111,3,2,,,,
1,30,547,19,2,0,1,30000,0,105,2020,4,21,18,45,21,,,,,1,1,1,1,1,9,22,0,23,15,9,30,70,4,1,1,55,55,3,61,31,0,,,,,,,2,0,40,0,4,0,2,0,2,0,4,2,35.70686888888889,139.76790583333334,3,3,,,,
1,30,548,18,2,0,1,70000,0,105,2020,4,5,10,30,12,,,,,1,1,4,0,7,0,23,0,23,0,0,20,70,0,2,1,45,1,51,61,0,0,,,,,,,0,0,10,0,4,0,0,0,0,0,4,2,35.729192222222224,139.75705638888888,1,3,,,,
1,30,549,39,2,0,1,20000,0,116,2020,4,18,13,4,12,,,,,3,1,2,1,1,9,22,0,23,14,9,30,70,4,1,1,25,55,3,61,31,0,,,,,,,3,0,50,0,4,0,2,0,2,0,4,2,35.73331777777778,139.72861,7,3,,,,
1,30,549,40,2,0,1,30000,0,116,2020,4,25,15,45,12,,,,,1,1,1,14,7,0,23,0,23,1,8,1,70,5,3,1,55,45,3,61,31,0,,,,,,,10,0,20,0,4,0,2,0,2,0,4,2,35.73030611111111,139.72767666666667,7,3,,,,
1,30,550,55,2,0,1,30000,0,116,2020,4,4,23,45,22,,,,,1,1,1,14,7,0,23,0,23,3,9,1,70,4,1,1,25,45,3,61,31,0,,,,,,,10,0,30,0,3,0,2,0,2,0,4,2,35.73439888888889,139.7083788888889,7,3,,,,
1,30,550,58,2,0,1,30000,0,116,2020,4,27,15,20,12,,,,,3,1,2,14,7,0,23,0,23,3,9,1,70,5,3,1,45,1,13,61,31,0,,,,,,,5,0,10,0,3,0,2,0,2,0,4,2,35.72974333333334,139.71536666666665,2,3,,,,
1,30,551,38,2,0,1,30000,0,116,2020,3,28,0,21,22,,,,,1,1,1,1,1,9,22,0,23,14,9,30,70,4,3,1,55,35,33,61,31,0,,,,,,,3,0,10,0,3,0,0,0,0,0,4,2,35.72754444444445,139.70880194444445,7,3,,,,
1,30,551,39,2,0,1,10160,0,116,2020,4,3,16,46,12,,,,,1,1,1,7,1,0,23,0,23,2,9,1,70,1,1,1,35,1,3,61,31,0,,,,,,,10,0,10,0,3,0,2,0,2,0,4,2,35.722725833333335,139.6927263888889,6,3,,,,
1,30,552,47,2,0,1,30000,0,117,2020,4,14,15,45,12,,,,,1,1,1,1,7,9,22,0,23,11,9,30,70,5,3,1,45,1,14,61,1,0,,,,,,,2,0,10,0,3,0,2,0,2,0,4,2,35.746431111111114,139.75087555555555,3,3,,,,
1,30,553,38,1,1,0,10310,0,117,2020,4,14,8,15,12,,,,,1,1,1,1,1,9,22,0,23,15,9,30,70,5,1,1,45,25,3,61,31,0,,,,,,,3,0,10,0,3,0,2,0,2,0,4,1,35.76361694444444,139.75286555555556,3,3,,,,
1,30,554,42,2,0,1,30000,0,117,2020,4,2,15,35,12,,,,,1,1,1,1,7,1,21,0,23,15,9,30,70,4,2,1,45,45,17,61,1,0,,,,,,,2,0,10,0,4,0,2,0,2,0,4,2,35.7699675,139.7073475,5,3,,,,
1,30,554,43,2,0,1,30000,0,117,2020,4,4,16,40,12,,,,,1,1,1,1,1,9,22,0,23,15,9,30,70,4,1,1,45,1,36,61,31,0,,,,,,,2,0,40,0,3,0,0,0,0,0,4,2,35.77851916666667,139.71338083333333,7,3,,,,