資料区分,都道府県コード,警察署等コード,本票番号,事故内容,死者数,負傷者数,路線コード,地点コード,市区町村コード,発生日時　　年,発生日時　　月,発生日時　　日,発生日時　　時,発生日時　　分,昼夜,日の出時刻　　時,日の出時刻　　分,日の入り時刻　　時,日の入り時刻　　分,天候,地形,路面状態,道路形状,信号機,一時停止規制　標識（当事者A）,一時停止規制　表示（当事者A）,一時停止規制　標識（当事者B）,一時停止規制　表示（当事者B）,車道幅員,道路線形,衝突地点,ゾーン規制,中央分離帯施設等,歩車道区分,事故類型,年齢（当事者A）,年齢（当事者B）,当事者種別（当事者A）,当事者種別（当事者B）,用途別（当事者A）,用途別（当事者B）,車両形状等（当事者A）,車両形状等（当事者B）,オートマチック車（当事者A）,オートマチック車（当事者B）,サポカー（当事者A）,サポカー（当事者B）,速度規制（指定のみ）（当事者A）,速度規制（指定のみ）（当事者B）,車両の衝突部位（当事者A）,車両の衝突部位（当事者B）,車両の損壊程度（当事者A）,車両の損壊程度（当事者B）,エアバッグの装備（当事者A）,エアバッグの装備（当事者B）,サイドエアバッグの装備（当事者A）,サイドエアバッグの装備（当事者B）,人身損傷程度（当事者A）,人身損傷程度（当事者B）,lat,lon,曜日(発生年月日),祝日(発生年月日),認知機能検査経過日数（当事者A）,認知機能検査経過日数（当事者B）,運転練習の方法（当事者A）,運転練習の方法（当事者B）
1,30,555,105,2,0,1,30000,0,119,2020,4,16,19,12,21,,,,,3,1,2,1,7,1,21,0,23,15,9,30,70,1,3,1,35,55,14,61,31,0,,,,,,,5,0,10,0,3,0,2,0,2,0,4,2,35.751148055555554,139.68550416666668,5,3,,,,
1,30,555,108,2,0,1,30000,0,119,2020,4,21,8,13,12,,,,,1,1,1,7,7,0,23,0,23,3,9,1,70,5,3,1,25,35,13,61,31,0,,,,,,,2,0,40,0,3,0,2,0,2,0,4,2,35.75149361111111,139.6809411111111,3,3,,,,
1,30,555,112,2,0,1,30000,0,119,2020,4,28,10,30,12,,,,,1,1,1,1,7,9,21,0,23,11,4,20,1,5,3,1,25,1,3,61,31,0,,,,,,,2,0,40,0,4,0,2,0,2,0,4,2,35.74926138888889,139.68958777777777,3,2,,,,
1,30,556,87,2,0,1,30000,0,119,2020,3,27,8,25,12,,,,,2,1,2,1,7,9,22,0,23,11,8,30,1,5,3,1,35,35,52,61,0,0,,,,,,,0,0,10,0,4,0,0,0,0,0,4,2,35.76728388888889,139.69560833333333,6,3,,,,
1,30,556,88,2,0,1,170,146,119,2020,4,1,18,0,13,,,,,3,1,2,1,1,9,22,0,23,19,9,30,70,1,2,1,35,75,35,61,31,0,,,,,,,5,0,10,0,4,0,0,0,0,0,4,2,35.78489277777778,139.6863788888889,4,3,,,,
1,30,556,93,2,0,1,30760,0,119,2020,4,8,13,0,12,,,,,1,1,1,14,7,0,23,0,23,2,9,1,70,4,2,1,25,45,51,61,0,0,,,,,,,0,0,10,0,4,0,0,0,0,0,4,2,35.762659166666666,139.69629,4,3,,,,
1,30,557,89,2,0,1,20430,0,120,2020,4,21,8,27,12,,,,,1,1,1,14,7,0,23,0,23,1,9,1,70,5,2,1,45,35,51,61,0,0,,,,,,,0,0,20,0,3,0,0,0,0,0,2,4,35.736755,139.64084055555554,3,3,,,,
1,30,557,93,2,0,1,30000,0,120,2020,4,26,17,52,13,,,,,1,1,1,14,7,0,23,0,23,1,9,1,70,5,3,1,1,25,3,61,31,0,,,,,,,10,0,40,0,4,0,2,0,2,0,4,2,35.74825333333333,139.66835749999998,1,3,,,,
1,30,558,97,2,0,1,30000,0,120,2020,4,5,14,45,12,,,,,1,1,1,1,7,9,22,0,23,11,9,30,70,5,3,1,65,65,14,61,1,0,,,,,,,2,0,70,0,4,0,2,0,2,0,4,2,35.76412805555555,139.5902988888889,1,3,,,,
1,30,558,100,2,0,1,30000,0,120,2020,4,7,10,13,12,,,,,1,1,1,1,7,9,22,0,23,15,9,30,70,5,1,1,55,45,51,61,0,0,,,,,,,0,0,10,0,3,0,0,0,0,0,4,2,35.74308583333333,139.60654805555555,3,3,,,,
1,30,558,101,2,0,1,30000,0,120,2020,4,9,19,38,22,,,,,3,1,2,14,7,0,23,0,23,1,9,1,70,5,3,1,55,35,3,61,31,0,,,,,,,2,0,10,0,2,0,2,0,1,0,4,2,35.72624527777778,139.57106833333333,5,3,,,,
1,30,558,102,2,0,1,30000,0,120,2020,4,2,15,50,12,,,,,1,1,1,1,7,9,22,0,23,11,9,30,70,5,3,1,55,25,51,61,0,0,,,,,,,0,0,10,0,4,0,0,0,0,0,4,2,35.713096944444445,139.58384555555557,5,3,,,,
1,30,558,111,2,0,1,30000,0,120,2020,4,24,8,21,12,,,,,1,1,1,21,7,0,23,0,23,3,9,20,70,5,3,1,35,55,51,61,0,0,,,,,,,0,0,0,0,4,0,0,0,0,0,4,2,35.726328888888894,139.5913663888889,6,3,,,,
1,30,558,113,2,0,1,20350,0,120,2020,4,25,9,15,12,,,,,1,1,1,1,7,1,21,0,23,14,9,30,70,5,3,1,45,25,3,61,31,0,,,,,,,10,0,10,0,3,0,2,0,2,0,4,2,35.743161111111114,139.57354194444443,7,3,,,,
1,30,559,43,2,0,1,30920,0,119,2020,4,3,12,2,12,,,,,1,1,1,14,7,0,23,0,23,1,9,1,70,4,2,1,1,1,51,61,0,0,,,,,,,0,0,20,0,4,0,0,0,0,0,4,2,35.77108833333333,139.66277583333334,6,3,,,,
1,30,559,51,2,0,1,20490,0,119,2020,4,22,7,35,12,,,,,1,1,1,7,1,0,23,0,23,2,9,1,70,4,1,1,45,75,13,61,31,0,,,,,,,3,0,10,0,3,0,2,0,2,0,4,2,35.777569166666666,139.6418125,4,3,,,,
1,30,559,52,2,0,1,30000,0,119,2020,4,26,20,32,22,,,,,1,1,1,14,7,0,23,0,23,1,9,1,70,5,3,1,25,45,3,61,31,0,,,,,,,2,0,55,0,2,0,2,0,2,0,4,2,35.78407555555555,139.62904333333333,1,3,,,,
1,30,560,95,2,0,1,30000,0,120,2020,4,4,9,50,12,,,,,1,1,1,1,7,1,22,0,23,14,9,30,70,5,3,1,45,65,3,61,31,0,,,,,,,2,0,40,0,3,0,2,0,2,0,4,2,35.75322166666667,139.61913583333333,7,3,,,,
1,30,560,97,2,0,1,30000,0,120,2020,4,9,19,35,22,,,,,3,1,2,1,1,9,22,0,23,14,9,30,70,4,2,1,55,55,3,61,31,0,,,,,,,3,0,10,0,3,0,2,0,2,0,4,2,35.76251583333333,139.63541527777778,5,3,,,,
1,30,560,99,2,0,1,30000,0,120,2020,4,5,14,10,12,,,,,2,1,1,1,7,9,22,0,23,11,9,30,70,5,3,1,65,45,3,61,31,0,,,,,,,1,0,10,0,3,0,2,0,2,0,4,2,35.765119444444444,139.66871833333332,1,3,,,,
1,30,560,105,2,0,1,30000,0,120,2020,4,19,12,0,12,,,,,1,1,1,14,7,0,23,0,23,1,9,1,70,5,3,1,65,45,3,61,31,0,,,,,,,1,0,80,0,3,0,2,0,2,0,4,2,35.76851277777778,139.64575055555554,1,3,,,,
1,30,661,24,2,0,1,30000,0,106,2020,4,10,15,25,12,,,,,1,1,1,14,7,0,23,0,23,1,9,1,70,5,3,1,55,1,3,61,31,0,,,,,,,2,0,10,0,4,0,2,0,2,0,4,2,35.72872666666667,139.76446777777778,6,3,,,,
1,30,662,30,2,0,1,60,37,106,2020,4,1,18,15,21,,,,,3,1,2,1,1,9,22,0,23,18,9,30,70,1,2,1,45,45,3,61,31,0,,,,,,,4,0,15,0,3,0,2,0,2,0,4,2,35.70879388888889,139.79639972222222,4,3,,,,
1,30,663,30,2,0,1,30000,0,106,2020,4,25,13,26,12,,,,,1,1,1,1,7,1,21,0,23,14,9,30,1,5,3,1,55,35,4,61,31,0,,,,,,,2,0,10,0,4,0,2,0,2,0,4,2,35.701655833333334,139.78133833333334,7,3,,,,
1,30,664,18,2,0,1,30000,0,118,2020,4,7,8,40,12,,,,,1,1,1,7,7,0,23,0,23,2,9,1,70,5,3,1,65,55,3,61,31,0,,,,,,,1,0,20,0,3,0,2,0,2,0,4,2,35.74836,139.76520222222223,3,3,,,,
1,30,665,29,2,0,1,30000,0,118,2020,4,3,11,45,12,,,,,1,1,1,1,7,1,21,0,23,15,9,30,70,4,3,1,65,75,13,61,1,0,,,,,,,1,0,10,0,3,0,2,0,2,0,4,2,35.73675222222222,139.79001472222222,6,3,,,,
1,30,666,44,2,0,1,30000,0,118,2020,4,1,19,35,22,,,,,3,1,2,7,7,0,23,0,23,2,9,1,70,4,2,1,65,25,3,61,1,0,,,,,,,1,0,10,0,4,0,2,0,2,0,4,2,35.73562027777778,139.78490222222223,4,3,,,,
1,30,666,45,2,0,1,10340,0,118,2020,4,14,7,45,12,,,,,1,1,1,1,1,1,22,0,23,15,9,30,70,4,2,1,35,35,3,61,31,0,,,,,,,3,0,10,0,4,0,2,0,2,0,4,2,35.743766388888886,139.78117277777778,3,3,,,,
1,30,667,38,2,0,1,30000,0,121,2020,2,11,9,20,12,,,,,1,1,1,13,7,0,23,0,23,3,3,20,70,5,4,1,35,35,51,61,0,0,,,,,,,0,0,40,0,3,0,0,0,0,0,2,4,35.75463611111111,139.80908027777778,3,1,,,,
1,30,668,99,1,1,0,20620,0,121,2020,4,29,0,49,22,,,,,2,1,1,1,1,9,22,0,23,14,9,30,70,4,2,1,55,65,12,61,31,0,,,,,,,2,0,10,0,2,0,2,0,2,0,4,1,35.77272611111111,139.79752277777777,4,1,,,,
1,30,668,101,2,0,1,30000,0,121,2020,3,21,16,14,12,,,,,1,1,1,7,7,0,23,0,23,3,9,1,70,5,4,1,65,1,17,61,31,0,,,,,,,10,0,40,0,3,0,2,0,2,0,4,2,35.76399138888889,139.7724525,7,3,,,,
1,30,668,102,2,0,1,30000,0,121,2020,3,26,9,50,12,,,,,1,1,1,14,7,0,23,0,23,3,9,1,70,4,1,1,45,55,36,61,31,0,,,,,,,2,0,10,0,3,0,0,0,0,0,4,2,35.759699166666664,139.7527802777778,5,3,,,,
1,30,668,107,2,0,1,30000,0,121,2020,4,3,19,45,22,,,,,1,1,1,14,7,0,23,0,23,3,9,1,70,5,1,1,75,25,51,61,0,0,,,,,,,0,0,10,0,3,0,0,0,0,0,4,2,35.784238333333334,139.77811583333335,6,3,,,,
1,30,668,108,2,0,1,30000,0,121,2020,4,8,9,10,12,,,,,1,1,1,1,7,1,21,0,23,11,9,30,70,5,2,1,65,45,12,61,31,0,,,,,,,4,0,80,0,3,0,2,0,2,0,4,2,35.761158611111114,139.78928277777777,4,3,,,,
1,30,668,113,2,0,1,30000,0,121,2020,4,15,16,5,12,,,,,1,1,1,13,7,0,23,0,23,2,3,1,70,5,3,1,55,1,3,61,31,0,,,,,,,10,0,20,0,4,0,2,0,2,0,4,2,35.77708833333333,139.7928588888889,4,3,,,,
1,30,668,116,2,0,1,30000,0,121,2020,4,23,13,30,12,,,,,1,1,1,14,7,0,23,0,23,3,9,1,70,5,3,1,45,75,51,61,0,0,,,,,,,0,0,40,0,4,0,0,0,0,0,4,2,35.770744444444446,139.76185,5,3,,,,
1,30,668,118,2,0,1,30000,0,121,2020,4,25,10,25,12,,,,,1,1,1,1,1,9,22,0,23,18,9,30,70,4,2,1,55,65,3,61,31,0,,,,,,,3,0,10,0,3,0,2,0,2,0,4,2,35.786636944444446,139.77932694444445,7,3,,,,
1,30,669,147,2,0,1,30000,0,121,2020,4,2,22,40,22,,,,,1,1,1,1,1,9,22,0,23,15,9,30,70,4,2,1,35,55,3,61,31,0,,,,,,,1,0,10,0,3,0,2,0,2,0,4,2,35.78154833333333,139.8368838888889,5,3,,,,
1,30,669,150,2,0,1,30000,0,121,2020,4,4,13,40,12,,,,,1,1,1,1,7,0,23,0,23,17,9,30,70,4,2,1,35,0,61,0,0,0,,,,,,,0,0,0,0,0,0,0,0,0,0,2,0,35.76423666666667,139.82902972222223,7,3,,,,
1,30,669,156,2,0,1,30000,0,121,2020,3,13,12,30,12,,,,,1,1,1,1,7,9,22,0,23,11,9,30,70,4,3,1,25,65,3,61,31,0,,,,,,,2,0,10,0,3,0,2,0,2,0,4,2,35.76618111111111,139.80910083333333,6,3,,,,
1,30,669,164,2,0,1,20000,0,121,2020,4,20,18,37,21,,,,,3,1,2,14,7,0,23,0,23,4,9,1,70,4,2,1,45,25,3,61,31,0,,,,,,,10,0,10,0,3,0,2,0,2,0,4,2,35.774499166666665,139.83894111111113,2,3,,,,
1,30,669,167,2,0,1,95000,0,121,2020,4,21,15,20,12,,,,,1,1,1,0,7,0,23,0,23,0,0,20,70,0,4,1,55,35,13,61,31,0,,,,,,,10,0,30,0,4,0,2,0,2,0,4,2,35.785738055555555,139.83638333333334,3,3,,,,
1,30,669,176,2,0,1,99000,0,121,2020,4,29,16,0,12,,,,,1,1,1,0,7,0,23,0,23,0,0,20,70,0,4,1,55,35,14,61,31,0,,,,,,,10,0,60,0,3,0,2,0,2,0,4,2,35.76642527777778,139.84157361111113,4,1,,,,
1,30,771,121,2,0,1,30000,0,108,2020,4,13,18,47,21,,,,,3,1,2,1,1,9,22,0,23,18,9,30,70,1,1,1,35,75,4,61,31,0,,,,,,,3,0,10,0,3,0,2,0,2,0,4,2,35.662025,139.80381694444446,2,3,,,,
1,30,771,125,2,0,1,20680,0,108,2020,4,4,17,0,12,,,,,1,1,1,1,1,9,22,0,23,15,9,30,70,4,2,1,55,55,3,61,1,0,,,,,,,4,0,20,0,3,0,2,0,2,0,4,2,35.685521666666666,139.79847777777778,7,3,,,,
1,30,772,66,1,1,0,10090,0,108,2020,4,4,16,44,12,,,,,1,1,1,1,1,9,22,0,23,18,9,30,70,5,1,1,35,65,3,61,31,0,,,,,,,4,0,10,0,3,0,2,0,2,0,4,1,35.68500916666666,139.82671916666666,7,3,,,,
1,30,772,67,2,0,1,10290,0,108,2019,12,26,4,35,22,,,,,2,1,1,1,1,9,22,0,23,17,9,30,70,1,1,1,55,55,3,61,31,0,,,,,,,4,0,10,0,3,0,2,0,2,0,4,2,35.70161416666667,139.831105,5,3,,,,
1,30,772,72,2,0,1,30000,0,108,2020,4,10,16,5,12,,,,,1,1,1,1,7,9,22,0,23,15,9,30,70,4,2,1,45,1,3,61,31,0,,,,,,,2,0,80,0,3,0,2,0,2,0,4,2,35.69472222222222,139.84536500000002,6,3,,,,
1,30,772,73,2,0,1,140,68,108,2020,4,13,19,45,22,,,,,3,1,2,1,1,9,22,0,23,18,9,30,70,4,2,1,35,35,3,61,31,0,,,,,,,5,0,10,0,3,0,2,0,2,0,4,2,35.697311944444444,139.83968694444445,2,3,,,,
1,30,773,29,2,0,1,10060,0,107,2019,5,11,2,20,22,,,,,1,1,1,1,1,9,22,0,23,18,9,30,70,1,2,1,25,25,3,61,31,0,,,,,,,4,0,10,0,3,0,2,0,2,0,4,2,35.68833166666666,139.80480916666667,7,3,,,,
1,30,773,30,2,0,1,95000,0,107,2020,4,17,10,30,12,,,,,1,1,1,14,3,0,23,0,23,3,9,1,70,4,2,1,25,65,51,61,0,0,,,,,,,0,0,30,0,4,0,0,0,0,0,4,2,35.69456916666666,139.799655,6,3,,,,
1,30,773,33,2,0,1,30000,0,107,2020,4,9,7,9,12,,,,,1,1,1,1,1,9,22,0,23,14,9,30,70,5,2,1,55,1,3,61,1,0,,,,,,,2,0,10,0,4,0,2,0,2,0,4,2,35.69195277777777,139.8103888888889,5,3,,,,
1,30,773,37,2,0,1,60,51,107,2020,4,19,12,5,12,,,,,1,1,1,1,1,9,22,0,23,18,9,30,70,4,1,1,35,55,34,61,31,0,,,,,,,10,0,10,0,4,0,0,0,0,0,4,2,35.71377638888889,139.8071786111111,1,3,,,,
1,30,773,40,2,0,1,140,28,107,2020,4,22,10,0,12,,,,,1,1,1,1,1,9,22,0,23,18,9,30,70,1,1,1,45,25,3,61,31,0,,,,,,,5,0,50,0,3,0,2,0,2,0,4,2,35.6944625,139.79508388888888,4,3,,,,
1,30,773,44,2,0,1,140,30,107,2020,4,30,14,20,12,,,,,1,1,1,1,1,9,22,0,23,19,9,30,70,5,2,1,25,65,13,61,31,0,,,,,,,5,0,40,0,3,0,2,0,2,0,4,2,35.694695555555555,139.79760916666666,5,3,,,,
1,30,775,89,2,0,1,30000,0,122,2020,4,21,16,55,12,,,,,2,1,1,1,1,9,22,0,23,15,9,30,1,4,1,1,25,75,3,61,1,0,,,,,,,2,0,10,0,4,0,2,0,2,0,4,2,35.76474666666667,139.84608055555557,3,3,,,,
1,30,775,93,2,0,1,30000,0,122,2020,4,26,18,50,21,,,,,1,1,1,14,7,0,23,0,23,3,9,1,70,4,2,1,55,55,14,61,31,0,,,,,,,2,0,10,0,3,0,2,0,2,0,4,2,35.77501777777778,139.85553472222222,1,3,,,,
1,30,776,67,2,0,1,30000,0,122,2020,4,20,18,0,13,,,,,3,1,2,14,7,0,23,0,23,2,9,1,70,5,4,1,45,45,3,61,1,0,,,,,,,2,0,70,0,4,0,2,0,2,0,4,2,35.71906194444445,139.86571555555554,2,3,,,,
1,30,777,211,1,1,0,30000,0,123,2020,4,26,18,30,21,,,,,1,1,1,1,1,9,22,0,23,14,9,30,70,5,2,1,25,75,3,61,31,0,,,,,,,3,0,10,0,2,0,2,0,2,0,4,1,35.69065944444444,139.89738749999998,1,3,,,,
1,30,777,227,2,0,1,20700,0,123,2020,4,7,17,35,13,,,,,1,1,1,14,7,0,23,0,23,3,9,1,70,5,2,1,25,55,4,61,31,0,,,,,,,3,0,40,0,3,0,1,0,2,0,4,2,35.68965055555555,139.89862944444442,3,3,,,,
1,30,777,234,2,0,1,30520,0,123,2020,4,13,7,30,12,,,,,3,1,2,7,1,0,23,0,23,2,9,1,70,4,2,1,45,1,3,61,31,0,,,,,,,2,0,10,0,3,0,2,0,2,0,4,2,35.69208916666666,139.87640777777779,2,3,,,,
1,30,777,258,2,0,1,140,108,123,2020,4,29,20,58,22,,,,,1,1,1,1,1,9,22,0,23,18,9,30,70,1,2,1,45,25,11,61,1,0,,,,,,,5,0,10,0,3,0,2,0,2,0,4,2,35.70271,139.8813088888889,4,1,,,,
1,30,778,45,2,0,1,30000,0,123,2020,3,23,18,20,21,,,,,1,1,1,14,7,0,23,0,23,1,9,1,70,5,1,1,65,75,36,61,31,0,,,,,,,2,0,10,0,3,0,0,0,0,0,4,2,35.728637500000005,139.8859122222222,2,3,,,,
1,30,778,47,2,0,1,30000,0,123,2020,3,31,12,37,12,,,,,2,1,2,14,7,0,23,0,23,2,9,1,70,5,4,1,45,35,3,61,31,0,,,,,,,5,0,40,0,4,0,2,0,2,0,4,2,35.72397472222222,139.8822713888889,3,3,,,,
1,30,778,58,2,0,1,30000,0,123,2020,4,1,18,2,13,,,,,3,1,2,7,7,0,23,0,23,3,9,1,70,5,2,1,65,35,3,61,31,0,,,,,,,10,0,10,0,4,0,2,0,2,0,4,2,35.73421722222222,139.88304555555555,4,3,,,,
1,30,778,62,2,0,1,10290,0,123,2020,4,21,11,38,12,,,,,1,1,1,14,7,0,23,0,23,1,9,1,70,1,1,1,1,55,51,61,0,0,,,,,,,0,0,10,0,3,0,0,0,0,0,4,2,35.73471083333333,139.88005527777779,3,3,,,,
1,30,778,65,2,0,1,10380,0,123,2020,4,18,2,18,22,,,,,3,1,2,14,7,0,23,0,23,3,9,20,70,4,2,1,45,35,12,61,31,0,,,,,,,3,0,40,0,3,0,2,0,2,0,4,2,35.74266,139.88199305555557,7,3,,,,
1,30,779,129,2,0,1,30000,0,123,2020,4,3,11,15,12,,,,,1,1,1,1,1,9,22,0,23,15,9,30,70,4,2,1,35,65,3,61,31,0,,,,,,,2,0,10,0,3,0,2,0,2,0,4,2,35.66296694444444,139.8784613888889,6,3,,,,
1,30,779,142,2,0,1,30000,0,123,2020,4,17,13,45,12,,,,,1,1,1,14,7,0,23,0,23,3,9,1,70,4,2,1,1,75,51,61,0,0,,,,,,,0,0,10,0,3,0,0,0,0,0,4,2,35.66963,139.85913194444444,6,3,,,,
1,30,779,147,2,0,1,30000,0,123,2020,4,24,17,45,13,,,,,1,1,1,1,7,1,21,0,23,11,9,30,70,5,2,1,55,25,3,61,31,0,,,,,,,5,0,10,0,3,0,2,0,2,0,4,2,35.668302777777775,139.87355333333335,6,3,,,,
1,30,876,117,2,0,1,10480,0,201,2020,3,4,14,19,12,,,,,2,1,1,7,1,0,23,0,23,4,9,20,70,1,1,1,35,35,3,61,31,0,,,,,,,5,0,40,0,3,0,2,0,2,0,4,2,35.63726472222222,139.4151788888889,4,3,,,,
1,30,876,136,2,0,1,30000,0,201,2020,4,23,21,40,22,,,,,1,1,1,1,1,9,22,0,23,14,9,30,70,4,2,1,55,35,4,61,31,0,,,,,,,2,0,52,0,2,0,2,0,2,0,4,2,35.642786944444445,139.36688694444445,5,3,,,,
1,30,876,140,2,0,1,30000,0,201,2020,4,21,10,10,12,,,,,1,1,1,1,7,9,22,0,23,14,9,20,70,5,3,1,75,65,3,61,31,0,,,,,,,5,0,40,0,4,0,2,0,1,0,4,2,35.63160055555556,139.34122361111113,3,3,,,,
1,30,877,85,2,0,1,20740,0,201,2020,4,10,11,10,12,,,,,1,2,1,14,1,0,23,0,23,4,9,1,70,4,2,1,75,35,4,61,31,0,,,,,,,3,0,10,0,2,0,2,0,2,0,4,2,35.66014916666666,139.28293416666668,6,3,,,,
1,30,877,91,2,0,1,20730,0,201,2020,4,27,4,40,23,,,,,1,2,1,7,7,0,23,0,23,4,9,1,70,4,2,1,75,25,14,61,31,0,,,,,,,3,0,10,0,3,0,2,0,2,0,4,2,35.66734611111111,139.3023913888889,2,3,,,,
1,30,878,108,2,0,1,20000,0,224,2020,4,23,20,27,22,,,,,1,2,1,1,1,9,22,0,23,15,9,30,70,1,2,1,35,25,13,61,31,0,,,,,,,4,0,80,0,3,0,2,0,2,0,4,2,35.62911583333334,139.45505194444442,5,3,,,,
1,30,878,116,2,0,1,20000,0,224,2020,4,26,20,0,22,,,,,1,1,1,14,7,0,23,0,23,4,8,1,70,1,2,1,25,25,51,61,0,0,,,,,,,0,0,10,0,3,0,0,0,0,0,4,2,35.627407222222224,139.4560336111111,1,3,,,,
1,30,879,141,2,0,1,30000,0,220,2020,4,6,15,15,12,,,,,1,1,1,14,7,0,23,0,23,3,9,1,70,4,2,1,1,0,61,0,0,0,,,,,,,0,0,0,0,0,0,0,0,0,0,2,0,35.75787555555556,139.431695,2,3,,,,
1,30,879,143,2,0,1,95000,0,220,2020,4,7,16,25,12,,,,,1,1,1,13,7,0,23,0,23,1,2,1,70,4,4,1,1,75,51,61,0,0,,,,,,,0,0,10,0,4,0,0,0,0,0,4,2,35.769236944444444,139.43862583333333,3,3,,,,
1,30,879,152,2,0,1,30000,0,220,2020,4,29,12,30,12,,,,,1,1,1,1,1,9,22,0,23,11,9,30,70,5,2,1,75,65,13,61,31,0,,,,,,,3,0,10,0,3,0,2,0,2,0,4,2,35.736040555555554,139.4340738888889,4,1,,,,
1,30,880,87,2,0,1,10240,0,205,2020,4,1,20,30,22,,,,,3,2,2,1,1,9,22,0,23,11,9,30,70,4,2,1,35,1,4,61,31,0,,,,,,,3,0,10,0,3,0,2,0,2,0,4,2,35.78987305555555,139.25501694444444,4,3,,,,
1,30,880,93,2,0,1,99000,0,205,2020,4,5,12,47,12,,,,,2,2,1,0,7,0,23,0,23,0,0,20,70,0,4,1,65,45,3,61,31,0,,,,,,,10,0,30,0,4,0,2,0,2,0,4,2,35.782891388888885,139.2934197222222,1,3,,,,
1,30,880,102,2,0,1,99000,0,205,2020,4,19,10,50,12,,,,,1,2,1,0,7,0,23,0,23,0,0,20,70,0,4,1,75,35,3,61,31,0,,,,,,,10,0,30,0,3,0,2,0,2,0,4,2,35.79025222222222,139.22156055555556,1,3,,,,
1,30,880,106,2,0,1,10460,0,205,2020,4,27,16,5,12,,,,,3,2,2,7,1,0,23,0,23,4,7,1,70,4,2,1,65,65,3,61,31,0,,,,,,,3,0,10,0,4,0,2,0,1,0,4,2,35.78242222222222,139.2636163888889,2,3,,,,
1,30,881,51,2,0,1,30000,0,305,2020,4,13,8,15,12,,,,,3,2,2,1,1,9,22,0,23,15,9,30,70,4,1,1,45,65,13,61,31,0,,,,,,,3,0,10,0,4,0,2,0,2,0,4,2,35.73325888888889,139.27100083333335,2,3,,,,
1,30,882,142,2,0,1,99000,0,218,2020,1,29,18,40,22,,,,,1,2,1,0,7,0,23,0,23,0,0,20,70,0,4,1,55,75,3,61,31,0,,,,,,,10,0,40,0,3,0,2,0,2,0,4,2,35.74055222222222,139.32722388888888,4,3,,,,
1,30,883,153,2,0,1,30000,0,201,2020,3,13,18,40,21,,,,,1,2,1,1,7,9,22,0,23,11,9,30,70,5,3,1,55,55,3,61,31,0,,,,,,,10,0,10,0,3,0,2,0,2,0,4,2,35.6880125,139.29489583333333,6,3,,,,
1,30,883,159,2,0,1,160,0,201,2020,4,2,18,30,21,,,,,1,1,1,14,7,0,23,0,23,4,9,1,70,4,2,1,75,25,3,61,31,0,,,,,,,4,0,40,0,3,0,2,0,2,0,4,2,35.6598025,139.33360027777778,5,3,,,,
1,30,883,162,2,0,1,200,479,201,2020,4,3,18,32,21,,,,,1,1,1,1,1,9,22,0,23,14,9,30,70,4,2,1,45,55,4,61,31,0,,,,,,,4,0,20,0,3,0,2,0,2,0,4,2,35.65551388888889,139.30758555555556,6,3,,,,
1,30,883,168,2,0,1,30000,0,201,2020,4,15,9,25,12,,,,,1,1,1,1,1,9,22,0,23,17,9,30,70,4,4,1,45,75,3,61,31,0,,,,,,,2,0,50,0,3,0,2,0,2,0,4,2,35.664069999999995,139.35076166666667,4,3,,,,
1,30,884,162,2,0,1,30000,0,209,2020,4,2,7,50,12,,,,,1,1,1,1,7,9,22,0,23,15,9,30,70,4,1,1,55,75,3,61,31,0,,,,,,,2,0,10,0,3,0,2,0,2,0,4,2,35.570553333333336,139.43097194444442,5,3,,,,
1,30,884,170,2,0,1,10610,0,209,2020,4,14,15,40,12,,,,,1,2,1,1,1,9,22,0,23,14,9,30,70,4,2,1,55,65,3,61,31,0,,,,,,,3,0,10,0,3,0,2,0,2,0,4,2,35.57389361111112,139.4671425,3,3,,,,
1,30,884,183,2,0,1,30000,0,209,2020,4,24,20,45,22,,,,,1,1,1,7,1,0,23,0,23,4,9,1,70,4,2,1,55,1,3,61,31,0,,,,,,,3,0,0,0,4,0,2,0,2,0,4,2,35.51875388888889,139.46444277777778,6,3,,,,
1,30,884,184,2,0,1,10610,0,209,2020,4,15,7,40,12,,,,,1,2,1,14,7,0,23,0,23,1,9,1,70,5,2,1,55,45,51,61,0,0,,,,,,,0,0,20,0,3,0,0,0,0,0,4,2,35.58411944444445,139.47339583333334,4,3,,,,
1,30,885,132,2,0,1,20770,0,212,2020,3,28,19,45,22,,,,,3,3,2,14,7,0,23,0,23,2,9,1,70,4,2,1,55,45,4,61,31,0,,,,,,,3,0,40,0,3,0,2,0,2,0,4,2,35.650598333333335,139.38963333333334,7,3,,,,
1,30,886,111,2,0,1,10530,0,207,2020,4,1,16,57,12,,,,,3,1,2,14,7,0,23,0,23,3,9,1,70,4,1,1,45,45,1,61,1,0,,,,,,,3,0,40,0,4,0,2,0,2,0,4,2,35.70451888888889,139.3462702777778,4,3,,,,
1,30,886,114,2,0,1,10550,0,207,2020,4,3,18,48,21,,,,,1,1,1,1,1,9,22,0,23,14,9,20,70,1,2,1,45,45,3,61,31,0,,,,,,,5,0,10,0,1,0,2,0,2,0,4,2,35.69414888888888,139.38592722222222,6,3,,,,
1,30,886,115,2,0,1,30000,0,207,2020,4,3,20,25,22,,,,,2,1,1,1,7,9,22,0,23,11,9,30,70,5,3,1,45,55,4,61,31,0,,,,,,,5,0,10,0,3,0,2,0,2,0,4,2,35.70950222222223,139.35798305555554,6,3,,,,