資料区分,都道府県コード,警察署等コード,本票番号,事故内容,死者数,負傷者数,路線コード,地点コード,市区町村コード,発生日時　　年,発生日時　　月,発生日時　　日,発生日時　　時,発生日時　　分,昼夜,日の出時刻　　時,日の出時刻　　分,日の入り時刻　　時,日の入り時刻　　分,天候,地形,路面状態,道路形状,信号機,一時停止規制　標識（当事者A）,一時停止規制　表示（当事者A）,一時停止規制　標識（当事者B）,一時停止規制　表示（当事者B）,車道幅員,道路線形,衝突地点,ゾーン規制,中央分離帯施設等,歩車道区分,事故類型,年齢（当事者A）,年齢（当事者B）,当事者種別（当事者A）,当事者種別（当事者B）,用途別（当事者A）,用途別（当事者B）,車両形状等（当事者A）,車両形状等（当事者B）,オートマチック車（当事者A）,オートマチック車（当事者B）,サポカー（当事者A）,サポカー（当事者B）,速度規制（指定のみ）（当事者A）,速度規制（指定のみ）（当事者B）,車両の衝突部位（当事者A）,車両の衝突部位（当事者B）,車両の損壊程度（当事者A）,車両の損壊程度（当事者B）,エアバッグの装備（当事者A）,エアバッグの装備（当事者B）,サイドエアバッグの装備（当事者A）,サイドエアバッグの装備（当事者B）,人身損傷程度（当事者A）,人身損傷程度（当事者B）,lat,lon,曜日(発生年月日),祝日(発生年月日),認知機能検査経過日数（当事者A）,認知機能検査経過日数（当事者B）,運転練習の方法（当事者A）,運転練習の方法（当事者B）
1,30,886,120,2,0,1,99000,0,207,2020,4,13,12,5,12,,,,,3,1,2,0,7,0,23,0,23,0,0,20,70,0,4,1,65,35,3,61,31,0,,,,,,,10,0,40,0,4,0,2,0,2,0,4,2,35.69982527777778,139.36700194444444,2,3,,,,
1,30,886,121,2,0,1,99000,0,207,2020,4,13,19,0,21,,,,,3,1,2,0,7,0,23,0,23,0,0,20,70,0,4,1,55,45,3,61,31,0,,,,,,,1,0,10,0,4,0,2,0,2,0,4,2,35.70320111111111,139.35518194444444,2,3,,,,
1,30,886,127,2,0,1,30000,0,207,2020,4,20,20,40,22,,,,,1,3,1,14,7,0,23,0,23,1,9,1,70,5,4,1,45,35,3,61,31,0,,,,,,,2,0,40,0,4,0,2,0,2,0,4,2,35.71722472222223,139.35076388888888,2,3,,,,
1,30,886,132,2,0,2,30810,0,207,2020,4,27,15,0,12,,,,,3,2,2,7,7,0,23,0,23,3,9,1,70,4,2,1,45,45,13,61,31,0,,,,,,,1,0,80,0,3,0,2,0,2,0,4,2,35.71288972222222,139.36019027777778,2,3,,,,
1,30,887,186,2,0,1,10520,0,202,2020,4,9,10,20,12,,,,,1,2,1,1,1,9,22,0,23,15,9,30,70,1,2,1,65,65,51,61,0,0,,,,,,,0,0,10,0,3,0,0,0,0,0,4,2,35.702177222222225,139.41595055555555,5,3,,,,
1,30,887,187,2,0,1,30000,0,202,2020,3,16,18,45,21,,,,,1,2,1,14,7,0,23,0,23,4,9,1,70,4,2,1,25,35,51,61,0,0,,,,,,,0,0,20,0,4,0,0,0,0,0,4,2,35.694961666666664,139.4144475,2,3,,,,
1,30,887,188,2,0,1,30000,0,202,2020,4,9,13,47,12,,,,,1,2,1,14,7,0,23,0,23,3,9,1,70,4,2,1,35,1,3,61,31,0,,,,,,,2,0,10,0,3,0,2,0,2,0,4,2,35.69409583333333,139.42084694444443,5,3,,,,
1,30,887,197,2,0,1,95000,0,202,2020,4,7,18,10,21,,,,,1,1,1,0,7,0,23,0,23,0,0,20,70,0,4,1,1,35,3,61,31,0,,,,,,,10,0,30,0,3,0,2,0,2,0,4,2,35.72156944444445,139.39355055555555,3,3,,,,
1,30,887,202,2,0,1,10550,0,202,2020,4,16,18,50,21,,,,,3,1,2,1,1,9,22,0,23,18,9,30,70,4,1,1,45,45,3,61,31,0,,,,,,,4,0,50,0,3,0,2,0,2,0,4,2,35.69314416666666,139.38990638888887,5,3,,,,
1,30,887,209,2,0,1,95000,0,202,2020,4,13,11,13,12,,,,,3,1,2,0,7,0,23,0,23,0,0,20,70,0,4,1,55,55,14,61,31,0,,,,,,,10,0,30,0,3,0,2,0,2,0,4,2,35.72936861111111,139.39418055555555,2,3,,,,
1,30,887,211,2,0,1,95000,0,215,2020,4,21,15,55,12,,,,,1,2,1,1,7,9,22,0,23,11,9,30,70,5,3,1,55,75,51,61,0,0,,,,,,,0,0,10,0,4,0,0,0,0,0,4,2,35.6913675,139.44714472222222,3,3,,,,
1,30,887,216,2,0,1,30000,0,202,2019,12,29,6,21,23,,,,,1,1,1,14,7,0,23,0,23,2,9,1,70,5,2,1,1,45,3,61,31,0,,,,,,,2,0,10,0,3,0,2,0,2,0,4,2,35.69726333333333,139.4121088888889,1,3,,,,
1,30,888,58,2,0,1,95000,0,206,2020,4,2,8,12,12,,,,,1,1,1,14,7,0,23,0,23,1,9,1,70,5,4,1,55,35,14,61,31,0,,,,,,,10,0,80,0,3,0,2,0,2,0,4,2,35.692231388888885,139.46315277777776,5,3,,,,
1,30,888,61,2,0,1,10560,0,206,2020,4,7,16,55,12,,,,,1,1,1,1,1,9,22,0,23,14,9,30,70,4,1,1,55,25,3,61,31,0,,,,,,,3,0,10,0,3,0,2,0,2,0,4,2,35.677501111111106,139.4855372222222,3,3,,,,
1,30,888,62,2,0,1,30000,0,206,2020,3,26,18,40,21,,,,,1,1,1,14,7,0,23,0,23,3,9,1,70,4,1,1,1,75,35,61,31,0,,,,,,,2,0,40,0,3,0,0,0,0,0,4,2,35.67502111111111,139.47931083333333,5,3,,,,
1,30,888,63,2,0,1,20890,0,206,2020,4,6,9,35,12,,,,,1,1,1,1,2,9,22,0,23,14,9,30,70,4,3,1,25,25,51,61,0,0,,,,,,,0,0,10,0,3,0,0,0,0,0,4,2,35.66312027777778,139.52081416666667,2,3,,,,
1,30,889,85,2,0,1,10660,0,210,2020,4,1,20,40,22,,,,,3,1,2,1,1,9,22,0,23,14,9,30,70,4,2,1,65,25,14,61,31,0,,,,,,,4,0,10,0,3,0,2,0,2,0,4,2,35.69689583333333,139.4978047222222,4,3,,,,
1,30,889,87,2,0,1,30000,0,210,2020,4,5,10,30,12,,,,,2,1,1,14,7,0,23,0,23,3,9,1,70,5,3,1,35,25,51,61,0,0,,,,,,,0,0,10,0,3,0,0,0,0,0,4,2,35.69934055555555,139.5083725,1,3,,,,
1,30,889,89,2,0,1,30000,0,210,2020,4,8,16,15,12,,,,,1,1,1,14,7,0,23,0,23,3,8,1,70,5,4,1,55,1,51,61,0,0,,,,,,,0,0,10,0,4,0,0,0,0,0,4,2,35.693556666666666,139.5108263888889,4,3,,,,
1,30,889,94,2,0,1,30000,0,214,2020,4,30,17,40,13,,,,,1,1,1,14,7,0,23,0,23,3,9,1,70,5,2,1,55,55,3,61,31,0,,,,,,,10,0,30,0,4,0,2,0,2,0,4,2,35.71425277777778,139.4320522222222,5,3,,,,
1,30,890,127,2,0,1,30000,0,222,2020,4,3,14,35,12,,,,,1,1,1,14,7,0,23,0,23,2,9,1,70,5,2,1,65,25,3,61,31,0,,,,,,,10,0,40,0,4,0,2,0,2,0,4,2,35.74205694444444,139.49222194444442,6,3,,,,
1,30,890,131,2,0,1,20000,0,229,2020,4,7,11,55,12,,,,,1,1,1,14,7,0,23,0,23,2,9,1,70,4,2,1,25,55,12,61,31,0,,,,,,,2,0,40,0,4,0,2,0,2,0,4,2,35.72786416666667,139.5257261111111,3,3,,,,
1,30,890,136,2,0,1,10560,0,222,2020,4,13,18,24,21,,,,,3,1,2,1,1,9,22,0,23,15,9,30,70,4,1,1,35,35,3,61,31,0,,,,,,,3,0,10,0,4,0,2,0,2,0,4,2,35.7486775,139.51466555555555,2,3,,,,
1,30,890,138,2,0,1,30000,0,229,2020,4,16,19,12,21,,,,,3,1,2,7,7,0,23,0,23,1,9,1,70,5,4,1,35,25,14,61,1,0,,,,,,,5,0,10,0,4,0,2,0,2,0,4,2,35.72817138888889,139.5196052777778,5,3,,,,
1,30,891,89,2,0,1,30000,0,213,2020,4,1,20,28,22,,,,,3,1,2,14,7,0,23,0,23,2,9,1,70,5,2,1,45,65,35,61,31,0,,,,,,,2,0,10,0,3,0,0,0,0,0,4,2,35.75659861111111,139.46501666666666,4,3,,,,
1,30,892,58,2,0,1,30000,0,203,2020,3,31,16,55,12,,,,,2,1,1,1,7,0,23,0,23,14,9,30,70,5,2,1,45,0,61,0,0,0,,,,,,,0,0,0,0,0,0,0,0,0,0,2,0,35.72071722222223,139.56858138888887,3,3,,,,
1,30,892,63,2,0,1,30000,0,203,2020,4,24,15,10,12,,,,,1,1,1,14,7,0,23,0,23,1,9,1,70,5,4,1,1,75,51,61,0,0,,,,,,,0,0,10,0,3,0,0,0,0,0,4,2,35.713370000000005,139.52675194444447,6,3,,,,
1,30,892,64,2,0,1,20270,0,203,2020,4,24,17,15,12,,,,,2,1,1,14,7,0,23,0,23,3,9,1,70,4,1,1,45,75,1,61,1,0,,,,,,,3,0,40,0,3,0,2,0,2,0,4,2,35.70229416666667,139.57918388888888,6,3,,,,
1,30,893,104,2,0,1,30000,0,204,2020,4,6,16,0,12,,,,,1,1,1,1,7,9,22,0,23,14,9,30,70,5,3,1,45,1,14,61,1,0,,,,,,,10,0,80,0,3,0,2,0,2,0,4,2,35.69297916666666,139.57991916666666,2,3,,,,
1,30,894,123,2,0,1,95000,0,208,2020,4,6,9,10,12,,,,,1,1,1,1,7,9,22,0,23,11,9,30,70,4,2,1,65,1,3,61,31,0,,,,,,,3,0,50,0,3,0,2,0,2,0,4,2,35.66178472222222,139.5500088888889,2,3,,,,
1,30,894,133,2,0,1,99000,0,208,2020,3,3,17,20,13,,,,,1,1,1,0,7,0,23,0,23,0,0,20,70,0,4,1,65,75,51,61,0,0,,,,,,,0,0,10,0,4,0,0,0,0,0,4,2,35.63793944444444,139.55067083333336,3,3,,,,
1,30,894,140,2,0,1,30000,0,208,2020,4,23,6,50,12,,,,,1,1,1,1,1,9,22,0,23,11,9,30,70,5,3,1,35,25,3,61,31,0,,,,,,,2,0,10,0,3,0,2,0,2,0,4,2,35.648337222222224,139.56808527777778,5,3,,,,
1,30,894,141,2,0,1,30000,0,208,2020,4,14,14,45,12,,,,,1,1,1,14,7,0,23,0,23,2,9,1,70,5,3,1,35,1,3,61,31,0,,,,,,,10,0,10,0,3,0,2,0,2,0,4,2,35.67841,139.5467225,3,3,,,,
1,30,899,2,2,0,1,20000,0,401,2020,4,16,19,55,22,,,,,2,3,1,1,7,9,22,0,23,15,9,30,70,4,2,1,45,45,14,61,31,0,,,,,,,3,0,10,0,4,0,2,0,2,0,4,2,33.11872861111111,139.80263222222223,5,3,,,,
1,30,100,55,2,0,1,30000,0,101,2020,5,7,14,30,12,,,,,1,1,1,14,7,0,23,0,23,3,7,1,70,5,3,1,55,35,3,61,31,0,,,,,,,1,0,10,0,3,0,2,0,2,0,4,2,35.699526388888884,139.74681444444442,5,3,,,,
1,30,100,61,2,0,1,95000,0,101,2020,5,17,13,30,12,,,,,2,1,1,1,7,9,22,0,23,14,9,30,1,5,1,1,55,45,3,61,1,0,,,,,,,2,0,70,0,3,0,2,0,2,0,4,2,35.698741388888884,139.74554694444444,1,3,,,,
1,30,101,47,2,0,1,10110,0,101,2020,5,8,17,50,13,,,,,1,1,1,1,1,9,22,0,23,19,9,20,70,1,1,1,35,35,51,61,0,0,,,,,,,0,0,10,0,4,0,0,0,0,0,4,2,35.68920527777777,139.76074194444445,6,3,,,,
1,30,103,20,2,0,1,30000,0,101,2020,5,5,15,23,12,,,,,1,1,1,1,7,9,22,0,23,11,9,30,70,4,2,1,45,55,3,61,31,0,,,,,,,3,0,10,0,3,0,2,0,2,0,4,2,35.69971222222222,139.77051805555556,3,1,,,,
1,30,103,23,2,0,1,30000,0,101,2020,5,25,7,55,12,,,,,1,1,1,14,7,0,23,0,23,1,9,20,70,5,4,1,45,65,51,61,0,0,,,,,,,0,0,10,0,3,0,0,0,0,0,4,2,35.69383916666666,139.77267750000001,2,3,,,,
1,30,104,95,2,0,1,30000,0,102,2020,5,21,16,50,12,,,,,2,1,1,1,7,9,22,0,23,11,9,30,70,4,2,1,1,35,13,61,31,0,,,,,,,3,0,10,0,3,0,2,0,2,0,4,2,35.674367777777775,139.78219166666668,5,3,,,,
1,30,105,31,2,0,1,30000,0,102,2020,5,14,11,20,12,,,,,1,1,1,1,7,9,22,0,23,11,9,30,70,5,2,1,25,1,51,61,0,0,,,,,,,0,0,10,0,3,0,0,0,0,0,4,2,35.68890916666666,139.78385805555556,5,3,,,,
1,30,105,32,2,0,1,20000,0,102,2020,5,18,19,37,21,,,,,3,1,2,1,7,9,22,0,23,14,9,30,70,5,1,1,45,35,3,61,31,0,,,,,,,3,0,10,0,3,0,2,0,2,0,4,2,35.680411111111106,139.78544194444444,2,3,,,,
1,30,106,67,2,0,1,10030,0,102,2020,5,12,19,43,22,,,,,1,1,1,1,1,9,22,0,23,15,9,30,70,4,1,1,25,25,13,61,31,0,,,,,,,2,0,10,0,3,0,2,0,2,0,4,2,35.67171166666667,139.7688463888889,3,3,,,,
1,30,106,70,2,0,1,30000,0,102,2020,5,13,7,58,12,,,,,1,1,1,1,1,9,22,0,23,15,9,30,70,4,1,1,65,55,13,61,31,0,,,,,,,5,0,10,0,3,0,2,0,2,0,4,2,35.673177499999994,139.77409277777778,4,3,,,,
1,30,106,72,2,0,1,70000,0,102,2020,5,22,21,52,22,,,,,3,1,2,14,7,0,23,0,23,3,7,1,70,4,2,1,65,45,3,61,1,0,,,,,,,2,0,10,0,3,0,2,0,2,0,4,2,35.673293055555554,139.77252194444446,6,3,,,,
1,30,107,46,2,0,1,21180,0,102,2020,5,24,14,5,12,,,,,1,1,1,1,1,9,22,0,23,19,8,30,70,1,2,1,1,55,51,61,0,0,,,,,,,0,0,10,0,3,0,0,0,0,0,4,2,35.65646666666667,139.7739075,1,3,,,,
1,30,107,50,2,0,1,20000,0,102,2020,5,22,15,24,12,,,,,1,1,1,14,7,0,23,0,23,4,9,1,70,1,2,1,55,55,1,61,1,0,,,,,,,5,0,0,0,3,0,2,0,2,0,4,2,35.660062499999995,139.78797,6,3,,,,
1,30,108,60,2,0,1,30000,0,103,2020,5,9,18,10,13,,,,,2,1,1,14,7,0,23,0,23,3,9,1,70,4,2,1,25,45,51,61,0,0,,,,,,,0,0,10,0,3,0,0,0,0,0,4,2,35.666495,139.7568836111111,7,3,,,,
1,30,109,47,2,0,1,10,74,103,2020,5,8,10,27,12,,,,,1,1,1,14,7,0,23,0,23,4,9,1,70,4,2,1,55,1,3,61,1,0,,,,,,,4,0,10,0,3,0,2,0,2,0,4,2,35.64457055555555,139.73733861111108,6,3,,,,
1,30,110,41,2,0,1,10,76,103,2020,5,3,11,0,12,,,,,1,1,1,14,7,0,23,0,23,6,8,1,70,5,2,1,25,1,51,61,0,0,,,,,,,0,0,10,0,4,0,0,0,0,0,4,2,35.64357416666667,139.73584305555553,1,1,,,,
1,30,110,45,2,0,1,20000,0,103,2020,4,11,12,35,12,,,,,1,1,1,14,7,0,23,0,23,3,9,1,70,4,2,1,25,35,51,61,0,0,,,,,,,0,0,10,0,3,0,0,0,0,0,4,2,35.64465638888889,139.7229186111111,7,3,,,,
1,30,110,47,2,0,1,30000,0,103,2020,5,12,12,58,12,,,,,1,1,1,14,7,0,23,0,23,1,9,1,70,4,1,1,35,0,61,0,0,0,,,,,,,0,0,0,0,0,0,0,0,0,0,2,0,35.63576222222222,139.73164888888888,3,3,,,,
1,30,110,48,2,0,1,30000,0,103,2020,5,25,13,50,12,,,,,2,1,1,1,1,9,22,0,23,15,9,30,70,4,1,1,55,75,11,61,31,0,,,,,,,3,0,10,0,4,0,2,0,2,0,4,2,35.63457138888889,139.74870861111108,2,3,,,,
1,30,111,83,2,0,2,30000,0,103,2020,5,14,17,16,12,,,,,1,1,1,13,7,0,23,0,23,3,5,1,70,4,1,1,35,25,51,61,0,0,,,,,,,0,0,10,0,3,0,0,0,0,0,2,2,35.66199916666667,139.73287666666667,5,3,,,,
1,30,111,85,2,0,1,30000,0,103,2020,5,18,10,45,12,,,,,3,1,2,14,7,0,23,0,23,4,9,1,1,5,2,1,1,55,51,61,0,0,,,,,,,0,0,10,0,3,0,0,0,0,0,4,2,35.655453055555554,139.73672472222222,2,3,,,,
1,30,216,49,2,0,1,30000,0,109,2020,2,28,17,55,21,,,,,1,1,1,7,7,0,23,0,23,3,9,1,70,1,1,1,55,65,14,61,31,0,,,,,,,2,0,10,0,3,0,2,0,2,0,4,2,35.6060575,139.73525138888888,6,3,,,,
1,30,216,50,2,0,1,30000,0,109,2020,5,2,15,53,12,,,,,1,1,1,14,7,0,23,0,23,2,9,1,70,5,4,1,35,0,61,0,0,0,,,,,,,0,0,0,0,0,0,0,0,0,0,2,0,35.59882944444445,139.73581305555555,7,2,,,,
1,30,217,62,2,0,1,30000,0,109,2020,1,16,17,0,21,,,,,1,1,1,12,7,0,23,0,23,2,9,1,70,4,2,1,1,0,61,0,0,0,,,,,,,0,0,0,0,0,0,0,0,0,0,2,0,35.617309722222224,139.72983916666666,5,3,,,,
1,30,217,67,2,0,1,95000,0,109,2020,5,28,13,0,12,,,,,1,1,1,7,7,0,23,0,23,3,9,1,70,4,1,1,1,1,13,61,31,0,,,,,,,2,0,10,0,3,0,2,0,2,0,4,2,35.616437777777776,139.7262925,5,3,,,,
1,30,218,87,1,1,0,10,114,109,2020,5,23,23,38,22,,,,,1,1,1,14,7,0,23,0,23,6,9,1,70,1,1,1,35,55,3,61,31,0,,,,,,,10,0,50,0,2,0,2,0,2,0,4,1,35.61573277777778,139.71685305555556,7,3,,,,
1,30,218,90,2,0,1,10170,0,109,2020,4,9,22,5,22,,,,,1,1,1,14,1,0,23,0,23,4,9,20,70,1,2,1,35,65,36,61,31,0,,,,,,,2,0,10,0,2,0,0,0,0,0,4,2,35.61131805555556,139.70591527777776,5,3,,,,
1,30,218,91,2,0,1,10,110,109,2020,4,27,16,55,12,,,,,3,1,2,1,1,1,22,0,23,15,9,20,70,1,2,1,55,65,3,61,31,0,,,,,,,5,0,10,0,4,0,2,0,2,0,4,2,35.61842055555556,139.71803527777777,2,3,,,,
1,30,218,96,2,0,1,30000,0,109,2020,5,9,17,50,13,,,,,2,1,1,14,7,0,23,0,23,1,9,1,70,5,3,1,35,1,51,61,0,0,,,,,,,0,0,40,0,3,0,0,0,0,0,4,2,35.617312222222225,139.7020047222222,7,3,,,,
1,30,218,103,2,0,1,20190,0,109,2020,5,28,14,10,12,,,,,2,1,1,14,7,0,23,0,23,4,9,1,70,5,1,1,65,65,51,61,0,0,,,,,,,0,0,10,0,4,0,0,0,0,0,2,4,35.61071944444445,139.71808166666668,5,3,,,,
1,30,218,105,2,0,1,30000,0,109,2020,5,1,17,20,12,,,,,1,1,1,1,7,9,22,0,23,11,9,30,70,5,3,1,55,1,3,61,31,0,,,,,,,2,0,20,0,4,0,2,0,2,0,4,2,35.61306638888889,139.7175775,6,3,,,,
1,30,219,162,2,0,1,30000,0,111,2020,4,20,21,40,22,,,,,2,1,2,7,7,0,23,0,23,3,9,1,70,5,2,1,45,55,51,61,0,0,,,,,,,0,0,41,0,3,0,0,0,0,0,4,2,35.58689555555556,139.72718277777778,2,3,,,,
1,30,219,165,2,0,1,95000,0,111,2020,5,1,19,20,21,,,,,1,1,1,14,7,0,23,0,23,3,9,1,70,4,2,1,55,35,3,61,31,0,,,,,,,2,0,10,0,3,0,2,0,2,0,4,2,35.57818277777778,139.71743388888888,6,3,,,,
1,30,219,167,2,0,1,150,126,111,2020,5,8,8,25,12,,,,,1,1,1,1,1,0,23,0,23,19,9,30,70,1,2,1,25,0,61,0,0,0,,,,,,,0,0,0,0,0,0,0,0,0,0,2,0,35.58322694444445,139.73660694444442,6,3,,,,
1,30,220,53,2,0,1,10170,0,111,2020,5,15,19,54,22,,,,,2,1,1,1,1,9,22,0,23,18,6,30,70,4,2,1,45,75,3,61,31,0,,,,,,,4,0,21,0,4,0,2,0,2,0,4,2,35.59157861111111,139.6804058333333,6,3,,,,
1,30,221,126,2,0,1,30000,0,111,2020,5,15,15,30,12,,,,,2,1,1,1,7,9,22,0,23,14,9,30,70,4,2,1,45,1,13,61,31,0,,,,,,,2,0,20,0,3,0,2,0,2,0,4,2,35.56144972222222,139.71046166666665,6,3,,,,
1,30,221,132,2,0,1,30000,0,111,2020,5,17,15,23,12,,,,,1,1,1,14,7,0,23,0,23,4,9,1,70,5,4,1,55,1,3,61,31,0,,,,,,,5,0,40,0,3,0,2,0,2,0,4,2,35.54004083333333,139.7081375,1,3,,,,
1,30,221,135,2,0,1,10200,0,111,2020,5,26,21,1,22,,,,,3,1,2,1,1,9,22,0,23,14,9,30,70,1,1,1,45,45,3,61,31,0,,,,,,,10,0,50,0,3,0,2,0,2,0,4,2,35.560003055555555,139.7089272222222,3,3,,,,
1,30,221,138,2,0,1,30000,0,111,2020,2,12,15,30,12,,,,,1,1,1,14,7,0,23,0,23,3,9,1,70,4,3,1,45,75,51,61,0,0,,,,,,,0,0,20,0,4,0,0,0,0,0,4,2,35.54907611111111,139.74252777777775,4,3,,,,
1,30,221,141,2,0,1,30000,0,111,2020,3,16,8,40,12,,,,,1,1,1,1,7,9,22,0,23,11,9,30,70,5,3,1,25,65,51,61,0,0,,,,,,,0,0,30,0,4,0,0,0,0,0,4,2,35.54543583333333,139.71162055555556,2,3,,,,
1,30,222,102,2,0,1,30000,0,111,2020,5,8,12,30,12,,,,,1,1,1,14,7,0,23,0,23,2,9,1,70,5,3,1,75,55,3,61,31,0,,,,,,,2,0,80,0,3,0,2,0,2,0,4,2,35.56120333333333,139.70010166666665,6,3,,,,
1,30,222,106,2,0,1,10130,0,111,2020,5,15,9,40,12,,,,,1,1,1,1,1,9,22,0,23,17,9,20,70,4,2,1,1,65,51,61,0,0,,,,,,,0,0,20,0,4,0,0,0,0,0,4,2,35.59288611111111,139.71628583333333,6,3,,,,
1,30,222,108,2,0,1,30000,0,111,2020,5,22,8,30,12,,,,,2,1,1,14,7,0,23,0,23,2,8,1,70,5,3,1,65,1,3,61,31,0,,,,,,,2,0,40,0,4,0,2,0,2,0,4,2,35.58704083333333,139.7030658333333,6,3,,,,
1,30,223,3,2,0,1,99000,0,111,2020,4,29,7,0,12,,,,,1,1,1,0,7,0,23,0,23,0,0,20,70,0,2,1,45,25,3,61,31,0,,,,,,,10,0,10,0,3,0,2,0,2,0,4,2,35.54885833333333,139.78516666666667,4,1,,,,
1,30,325,106,2,0,1,30000,0,112,2020,5,8,15,45,12,,,,,1,1,1,14,7,0,23,0,23,3,9,1,70,4,1,1,35,1,3,61,31,0,,,,,,,1,0,10,0,3,0,2,0,2,0,4,2,35.63894444444444,139.67212166666667,6,3,,,,
1,30,325,109,2,0,1,30000,0,112,2020,5,18,9,45,12,,,,,2,1,2,1,7,9,22,0,23,11,9,30,1,5,3,1,65,1,13,61,31,0,,,,,,,2,0,10,0,3,0,2,0,2,0,4,2,35.65410166666666,139.6747188888889,2,3,,,,
1,30,325,110,2,0,1,30000,0,112,2020,5,21,18,38,13,,,,,3,1,2,14,7,0,23,0,23,4,9,20,70,5,3,1,25,55,51,61,0,0,,,,,,,0,0,10,0,3,0,0,0,0,0,4,2,35.64742638888889,139.67914888888888,5,3,,,,
1,30,325,118,2,0,1,10130,0,112,2020,4,17,7,55,12,,,,,1,1,1,1,1,9,22,0,23,19,9,30,70,1,2,1,55,35,14,61,1,0,,,,,,,4,0,10,0,4,0,2,0,2,0,4,2,35.63157666666667,139.67007555555554,6,3,,,,
1,30,325,119,2,0,1,10130,0,112,2020,5,22,19,37,21,,,,,3,1,1,14,7,0,23,0,23,4,9,1,70,1,2,1,1,45,51,61,0,0,,,,,,,0,0,20,0,3,0,0,0,0,0,4,2,35.63910972222222,139.66195833333333,6,3,,,,
1,30,326,152,2,0,1,30000,0,112,2020,2,8,16,5,12,,,,,1,1,1,1,7,9,22,0,23,11,9,30,70,5,3,1,75,75,14,61,31,0,,,,,,,2,0,10,0,3,0,2,0,2,0,4,2,35.659015833333335,139.65981305555556,7,3,,,,
1,30,326,161,2,0,1,30000,0,112,2020,4,22,17,30,13,,,,,2,1,1,14,7,0,23,0,23,3,9,1,70,5,3,1,75,45,3,61,31,0,,,,,,,2,0,40,0,4,0,2,0,2,0,4,2,35.66059722222222,139.64186333333333,4,3,,,,
1,30,326,164,2,0,1,20260,0,112,2020,5,26,8,10,12,,,,,2,1,1,7,1,0,23,0,23,2,9,1,70,4,2,1,65,45,13,61,31,0,,,,,,,3,0,70,0,3,0,2,0,2,0,4,2,35.6508125,139.66723499999998,3,3,,,,
1,30,327,126,2,0,1,10080,0,112,2020,2,16,17,50,21,,,,,3,1,2,1,1,9,22,0,23,19,9,30,70,1,2,1,65,1,4,61,31,0,,,,,,,10,0,50,0,3,0,2,0,2,0,4,2,35.604890555555556,139.64753444444443,1,3,,,,
1,30,327,128,2,0,1,30000,0,112,2020,3,20,13,35,12,,,,,1,1,1,1,1,9,22,0,23,15,9,30,70,4,2,1,25,1,4,61,31,0,,,,,,,3,0,50,0,3,0,2,0,2,0,4,2,35.61868305555556,139.65999250000002,6,1,,,,
1,30,327,135,2,0,1,20210,0,112,2020,5,17,18,20,13,,,,,1,1,1,14,7,0,23,0,23,3,9,1,70,5,3,1,45,25,3,61,31,0,,,,,,,2,0,40,0,3,0,2,0,2,0,4,2,35.597640000000006,139.67478666666665,1,3,,,,
1,30,327,136,2,0,1,95000,0,112,2020,5,17,15,55,12,,,,,1,1,1,14,7,0,23,0,23,4,8,20,70,5,2,1,55,55,51,61,0,0,,,,,,,0,0,10,0,3,0,0,0,0,0,4,2,35.62521,139.65924416666667,1,3,,,,
1,30,327,137,2,0,1,30000,0,112,2020,3,23,16,40,12,,,,,1,1,1,14,7,0,23,0,23,3,9,20,70,4,2,1,1,1,51,61,0,0,,,,,,,0,0,10,0,3,0,0,0,0,0,4,2,35.60946666666667,139.64608277777776,2,3,,,,
1,30,327,141,2,0,1,30000,0,112,2020,1,10,17,55,22,,,,,1,1,1,7,7,0,23,0,23,2,9,1,70,5,3,1,55,55,3,61,31,0,,,,,,,3,0,10,0,3,0,2,0,2,0,4,2,35.631885,139.64271277777777,6,3,,,,
1,30,327,142,2,0,1,30000,0,112,2020,3,13,15,25,12,,,,,1,1,1,14,7,0,23,0,23,2,9,1,70,5,3,1,35,1,35,61,31,0,,,,,,,10,0,10,0,3,0,0,0,0,0,4,2,35.60746388888889,139.67130444444444,6,3,,,,
1,30,327,143,2,0,1,30000,0,112,2020,3,28,20,50,22,,,,,3,1,2,14,7,0,23,0,23,3,9,1,70,5,3,1,35,45,52,61,0,0,,,,,,,0,0,40,0,3,0,0,0,0,0,4,2,35.59780333333334,139.6497486111111,7,3,,,,
1,30,327,149,2,0,1,30000,0,112,2020,5,20,18,45,21,,,,,1,1,1,14,7,0,23,0,23,3,9,1,70,5,3,1,35,45,51,61,0,0,,,,,,,0,0,10,0,4,0,0,0,0,0,4,2,35.631568055555555,139.64092083333333,4,3,,,,
1,30,327,150,2,0,1,30000,0,112,2020,5,8,16,25,12,,,,,1,1,1,14,7,0,23,0,23,2,9,1,70,5,1,1,35,35,51,61,0,0,,,,,,,0,0,10,0,4,0,0,0,0,0,4,2,35.59957527777778,139.67073805555555,6,3,,,,
1,30,328,167,2,0,1,30000,0,112,2020,4,22,16,30,12,,,,,1,1,1,1,7,1,22,0,23,15,9,30,70,4,2,1,45,75,3,61,31,0,,,,,,,2,0,10,0,3,0,2,0,2,0,4,2,35.64212222222222,139.60012166666667,4,3,,,,