資料区分,都道府県コード,警察署等コード,本票番号,事故内容,死者数,負傷者数,路線コード,地点コード,市区町村コード,発生日時　　年,発生日時　　月,発生日時　　日,発生日時　　時,発生日時　　分,昼夜,日の出時刻　　時,日の出時刻　　分,日の入り時刻　　時,日の入り時刻　　分,天候,地形,路面状態,道路形状,信号機,一時停止規制　標識（当事者A）,一時停止規制　表示（当事者A）,一時停止規制　標識（当事者B）,一時停止規制　表示（当事者B）,車道幅員,道路線形,衝突地点,ゾーン規制,中央分離帯施設等,歩車道区分,事故類型,年齢（当事者A）,年齢（当事者B）,当事者種別（当事者A）,当事者種別（当事者B）,用途別（当事者A）,用途別（当事者B）,車両形状等（当事者A）,車両形状等（当事者B）,オートマチック車（当事者A）,オートマチック車（当事者B）,サポカー（当事者A）,サポカー（当事者B）,速度規制（指定のみ）（当事者A）,速度規制（指定のみ）（当事者B）,車両の衝突部位（当事者A）,車両の衝突部位（当事者B）,車両の損壊程度（当事者A）,車両の損壊程度（当事者B）,エアバッグの装備（当事者A）,エアバッグの装備（当事者B）,サイドエアバッグの装備（当事者A）,サイドエアバッグの装備（当事者B）,人身損傷程度（当事者A）,人身損傷程度（当事者B）,lat,lon,曜日(発生年月日),祝日(発生年月日),認知機能検査経過日数（当事者A）,認知機能検査経過日数（当事者B）,運転練習の方法（当事者A）,運転練習の方法（当事者B）
1,30,328,171,2,0,1,30000,0,112,2020,4,28,8,45,12,,,,,1,1,1,14,7,0,23,0,23,1,9,1,70,5,1,1,35,75,17,61,1,0,,,,,,,10,0,40,0,4,0,2,0,2,0,4,2,35.65989916666666,139.59509444444444,3,2,,,,
1,30,328,175,2,0,1,30000,0,112,2020,5,25,16,15,12,,,,,1,1,1,14,7,0,23,0,23,2,9,1,70,5,4,1,75,1,14,61,31,0,,,,,,,5,0,60,0,3,0,2,0,2,0,4,2,35.658429444444444,139.59994222222224,2,3,,,,
1,30,329,58,2,0,1,99000,0,110,2020,5,8,8,20,12,,,,,1,1,1,0,7,0,23,0,23,0,0,20,70,0,4,1,65,25,13,61,31,0,,,,,,,10,0,10,0,3,0,2,0,2,0,4,2,35.64113611111111,139.68634500000002,6,3,,,,
1,30,330,62,2,0,1,30000,0,110,2020,4,21,13,15,12,,,,,1,1,1,1,7,9,22,0,23,11,9,20,70,5,3,1,45,35,14,61,31,0,,,,,,,2,0,40,0,3,0,2,0,2,0,4,2,35.615210000000005,139.6969775,3,3,,,,
1,30,330,64,2,0,1,20210,0,110,2020,5,12,13,50,12,,,,,1,1,1,1,7,1,21,0,23,15,9,20,70,5,3,1,45,35,3,61,31,0,,,,,,,2,0,10,0,4,0,2,0,2,0,4,2,35.607391944444444,139.67091722222222,3,3,,,,
1,30,331,56,2,0,1,30000,0,113,2020,5,10,19,28,21,,,,,1,1,1,14,7,0,23,0,23,2,9,1,1,5,3,1,1,35,51,61,0,0,,,,,,,0,0,10,0,4,0,0,0,0,0,4,2,35.66553138888889,139.69255055555556,1,3,,,,
1,30,331,60,2,0,1,30000,0,113,2020,5,13,14,0,12,,,,,1,1,1,14,7,0,23,0,23,1,9,1,70,5,3,1,1,35,3,61,31,0,,,,,,,2,0,40,0,3,0,2,0,2,0,4,2,35.64458472222222,139.71060027777776,4,3,,,,
1,30,332,35,2,0,1,30000,0,113,2020,2,25,14,45,12,,,,,2,1,1,14,7,0,23,0,23,2,9,1,70,5,3,1,55,45,14,61,1,0,,,,,,,10,0,80,0,3,0,2,0,2,0,4,2,35.68329027777778,139.70291305555554,3,3,,,,
1,30,332,41,2,0,1,30000,0,113,2020,5,27,11,30,12,,,,,2,1,1,14,7,0,23,0,23,1,7,1,1,5,4,1,45,1,3,61,31,0,,,,,,,2,0,10,0,4,0,2,0,2,0,4,2,35.671657777777774,139.71147888888888,4,3,,,,
1,30,333,64,2,0,1,10160,0,113,2019,11,19,21,15,22,,,,,1,1,1,1,7,1,21,0,23,14,9,30,70,5,2,1,45,45,3,61,31,0,,,,,,,10,0,10,0,4,0,2,0,2,0,4,2,35.67763194444444,139.6882386111111,3,3,,,,
1,30,333,71,2,0,1,20330,0,113,2020,5,19,19,45,22,,,,,3,1,2,14,7,0,23,0,23,5,9,1,70,4,1,1,65,25,3,61,31,0,,,,,,,3,0,40,0,4,0,2,0,2,0,4,2,35.68065555555555,139.67909749999998,3,3,,,,
1,30,333,72,2,0,1,30000,0,113,2020,5,24,16,33,12,,,,,1,1,1,14,7,0,23,0,23,2,8,1,70,5,4,1,45,35,4,61,31,0,,,,,,,10,0,10,0,3,0,2,0,2,0,4,2,35.67905083333333,139.66842777777777,1,3,,,,
1,30,333,74,2,0,1,30000,0,113,2020,5,17,18,30,13,,,,,1,1,1,14,7,0,23,0,23,1,9,1,70,5,3,1,25,25,3,61,31,0,,,,,,,2,0,20,0,4,0,2,0,2,0,4,2,35.672147777777774,139.6899627777778,1,3,,,,
1,30,435,51,2,0,1,20090,0,104,2020,5,6,14,53,12,,,,,3,1,2,1,1,9,22,0,23,17,9,30,70,1,1,1,55,45,13,61,31,0,,,,,,,10,0,10,0,3,0,2,0,2,0,4,2,35.70123138888889,139.7432575,4,1,,,,
1,30,436,100,2,0,1,30000,0,104,2020,3,25,12,30,12,,,,,1,1,1,14,7,0,23,0,23,2,9,1,70,5,3,1,35,25,51,61,0,0,,,,,,,0,0,20,0,4,0,0,0,0,0,4,2,35.69654777777777,139.69662444444444,4,3,,,,
1,30,436,107,2,0,1,20320,0,104,2020,4,9,20,50,22,,,,,3,1,2,14,7,0,23,0,23,6,9,1,70,1,1,1,25,25,51,61,0,0,,,,,,,0,0,10,0,3,0,0,0,0,0,4,2,35.69268611111111,139.6868922222222,5,3,,,,
1,30,437,51,2,0,1,30000,0,104,2020,5,14,11,38,12,,,,,1,1,1,14,7,0,23,0,23,1,9,1,70,5,3,1,1,35,14,61,31,0,,,,,,,10,0,80,0,4,0,2,0,2,0,4,2,35.71346472222223,139.70661805555554,5,3,,,,
1,30,438,35,2,0,1,30000,0,104,2020,5,18,12,35,12,,,,,2,1,1,7,7,0,23,0,23,3,9,1,70,4,2,1,55,55,3,61,31,0,,,,,,,10,0,20,0,3,0,2,0,2,0,4,2,35.69132694444444,139.7101933333333,2,3,,,,
1,30,439,109,2,0,1,30000,0,114,2020,5,20,14,55,12,,,,,2,1,1,7,7,0,23,0,23,2,9,1,70,5,4,1,45,35,4,61,31,0,,,,,,,10,0,30,0,4,0,2,0,2,0,4,2,35.70145333333333,139.67165,4,3,,,,
1,30,439,110,2,0,1,20280,0,114,2020,5,28,7,25,12,,,,,2,1,1,1,1,9,22,0,23,15,8,30,70,5,1,1,45,45,51,61,0,0,,,,,,,0,0,10,0,3,0,0,0,0,0,4,2,35.692545555555554,139.66885305555556,5,3,,,,
1,30,440,116,2,0,1,30000,0,114,2020,4,11,13,52,12,,,,,1,1,1,14,7,0,23,0,23,2,9,1,70,4,3,1,75,45,3,61,31,0,,,,,,,2,0,40,0,3,0,2,0,2,0,4,2,35.713503888888894,139.66869694444443,7,3,,,,
1,30,440,117,2,0,1,20500,0,114,2020,5,8,15,30,12,,,,,1,1,1,14,7,0,23,0,23,3,9,1,70,4,2,1,75,25,51,61,0,0,,,,,,,0,0,10,0,4,0,0,0,0,0,4,2,35.72697416666667,139.63896722222222,6,3,,,,
1,30,440,128,2,0,1,30000,0,114,2020,5,28,17,15,12,,,,,3,1,2,14,7,0,23,0,23,2,9,1,70,5,4,1,25,45,32,61,31,0,,,,,,,10,0,10,0,3,0,0,0,0,0,4,2,35.71689972222222,139.6524836111111,5,3,,,,
1,30,441,96,2,0,1,10130,0,115,2020,5,3,2,30,22,,,,,1,1,1,1,1,9,22,0,23,17,9,30,70,4,2,1,35,45,3,61,31,0,,,,,,,4,0,10,0,3,0,2,0,2,0,4,2,35.69179694444444,139.65452944444445,1,1,,,,
1,30,441,105,2,0,1,10130,0,115,2020,5,21,20,15,22,,,,,3,1,2,1,1,9,22,0,23,19,9,30,70,1,1,1,55,45,36,61,31,0,,,,,,,2,0,10,0,3,0,0,0,0,0,4,2,35.69815277777777,139.65454944444446,5,3,,,,
1,30,441,108,2,0,1,20500,0,115,2020,5,23,13,40,12,,,,,1,1,1,14,7,0,23,0,23,1,9,1,70,5,2,1,25,65,51,61,0,0,,,,,,,0,0,10,0,4,0,0,0,0,0,4,2,35.70460805555556,139.63676944444444,7,3,,,,
1,30,441,109,2,0,1,30000,0,115,2020,5,21,11,50,12,,,,,2,1,1,14,7,0,23,0,23,1,9,1,70,5,3,1,25,65,51,61,0,0,,,,,,,0,0,10,0,4,0,0,0,0,0,4,2,35.69568666666666,139.64424833333334,5,3,,,,
1,30,441,110,2,0,1,30000,0,115,2020,5,27,11,45,12,,,,,1,1,1,14,7,0,23,0,23,2,9,1,70,5,3,1,25,65,51,61,0,0,,,,,,,0,0,10,0,3,0,0,0,0,0,4,2,35.705305833333334,139.6377063888889,4,3,,,,
1,30,441,112,2,0,1,20500,0,115,2020,5,27,20,30,22,,,,,2,1,1,1,7,1,21,0,23,14,9,20,70,4,2,1,55,65,3,61,1,0,,,,,,,3,0,10,0,3,0,2,0,2,0,4,2,35.705421944444446,139.63662444444444,4,3,,,,
1,30,441,113,2,0,1,10240,0,115,2020,5,27,20,30,22,,,,,1,1,1,14,1,0,23,0,23,4,9,1,70,4,2,1,25,1,51,61,0,0,,,,,,,0,0,10,0,3,0,0,0,0,0,4,2,35.700606111111114,139.6328652777778,4,3,,,,
1,30,442,100,2,0,1,30000,0,115,2020,5,2,11,15,12,,,,,1,1,1,14,7,0,23,0,23,2,9,1,70,5,3,1,65,65,51,61,0,0,,,,,,,0,0,10,0,3,0,0,0,0,0,4,2,35.69168527777777,139.6187911111111,7,2,,,,
1,30,442,104,2,0,1,30000,0,115,2020,5,12,14,0,12,,,,,1,1,1,14,7,0,23,0,23,1,9,1,70,4,3,1,35,65,14,61,1,0,,,,,,,2,0,80,0,3,0,2,0,2,0,4,2,35.697070277777776,139.59113194444444,3,3,,,,
1,30,442,112,2,0,1,30000,0,115,2020,5,28,9,21,12,,,,,1,1,1,14,7,0,23,0,23,2,8,1,70,5,3,1,55,35,13,61,31,0,,,,,,,1,0,20,0,3,0,2,0,2,0,4,2,35.68664388888889,139.59966555555556,5,3,,,,
1,30,442,113,2,0,1,10130,0,115,2020,5,30,5,57,12,,,,,1,1,1,14,1,0,23,0,23,4,9,1,70,1,2,1,35,65,3,61,31,0,,,,,,,4,0,10,0,3,0,2,0,2,0,4,2,35.68031444444444,139.65715694444444,7,3,,,,
1,30,443,82,2,0,1,30000,0,115,2020,5,7,13,53,12,,,,,1,1,1,1,7,9,22,0,23,11,9,30,70,4,3,1,35,1,4,61,31,0,,,,,,,10,0,20,0,4,0,2,0,2,0,4,2,35.717328611111114,139.59389805555557,5,3,,,,
1,30,545,27,2,0,1,30000,0,105,2020,5,1,9,20,12,,,,,1,1,1,1,7,9,22,0,23,15,9,30,70,5,2,1,55,45,3,61,31,0,,,,,,,10,0,30,0,3,0,2,0,2,0,4,2,35.7049,139.7454761111111,6,3,,,,
1,30,545,28,2,0,1,30000,0,105,2020,4,30,22,45,22,,,,,1,1,1,14,7,0,23,0,23,2,9,1,70,5,3,1,25,45,51,61,0,0,,,,,,,0,0,10,0,3,0,0,0,0,0,4,2,35.726685,139.73988277777775,5,3,,,,
1,30,545,30,2,0,1,20000,0,105,2020,5,18,11,41,12,,,,,2,1,1,1,1,9,22,0,23,18,7,30,70,5,1,1,1,75,51,61,0,0,,,,,,,0,0,10,0,4,0,0,0,0,0,4,2,35.706923055555556,139.74796138888888,2,3,,,,
1,30,547,23,2,0,2,20080,0,105,2019,11,11,21,5,22,,,,,1,1,1,14,7,0,23,0,23,3,9,1,70,4,1,1,55,45,35,61,31,0,,,,,,,4,0,10,0,3,0,0,0,0,0,4,2,35.708801388888894,139.76990583333335,2,3,,,,
1,30,547,28,2,0,1,95000,0,105,2020,5,28,10,30,12,,,,,1,1,1,14,7,0,23,0,23,4,9,1,70,5,2,1,65,55,51,61,0,0,,,,,,,0,0,10,0,3,0,0,0,0,0,4,2,35.71012972222223,139.76405805555555,5,3,,,,
1,30,548,19,2,0,1,21160,0,105,2020,5,9,14,20,12,,,,,2,1,1,14,7,0,23,0,23,3,9,1,70,4,3,1,45,25,14,61,31,0,,,,,,,2,0,20,0,4,0,2,0,2,0,4,2,35.72340027777778,139.75465416666665,7,3,,,,
1,30,548,20,2,0,1,20400,0,105,2020,5,10,15,10,12,,,,,1,1,1,14,7,0,23,0,23,2,9,1,70,1,1,1,65,1,51,61,0,0,,,,,,,0,0,10,0,3,0,0,0,0,0,4,2,35.72503944444445,139.75375527777777,1,3,,,,
1,30,548,24,2,0,1,170,49,105,2020,5,27,16,0,12,,,,,1,1,1,14,7,0,23,0,23,3,9,1,70,4,1,1,45,45,51,61,0,0,,,,,,,0,0,40,0,4,0,0,0,0,0,4,2,35.72123722222222,139.7534513888889,4,3,,,,
1,30,549,43,2,0,1,170,71,116,2020,5,1,10,0,12,,,,,1,1,1,7,7,0,23,0,23,5,9,1,70,4,2,1,45,65,51,61,0,0,,,,,,,0,0,20,0,4,0,0,0,0,0,4,2,35.73520333333333,139.73672888888888,6,3,,,,
1,30,550,59,1,1,0,30000,0,116,2020,5,21,3,13,22,,,,,3,1,2,14,7,0,23,0,23,3,9,1,70,5,2,1,65,35,3,61,1,0,,,,,,,10,0,10,0,3,0,2,0,2,0,4,1,35.73359416666667,139.70802833333332,5,3,,,,
1,30,550,63,2,0,1,30000,0,116,2020,5,19,17,40,12,,,,,2,1,1,14,7,0,23,0,23,6,9,1,70,1,1,1,1,25,51,61,0,0,,,,,,,0,0,10,0,4,0,0,0,0,0,4,2,35.73204416666667,139.7063188888889,3,3,,,,
1,30,550,65,2,0,1,30000,0,116,2020,5,28,15,55,12,,,,,2,1,1,14,7,0,23,0,23,2,9,1,70,5,4,1,1,75,51,61,0,0,,,,,,,0,0,0,0,4,0,0,0,0,0,4,2,35.73034555555556,139.70476833333333,5,3,,,,
1,30,551,48,2,0,1,30000,0,116,2020,3,16,8,5,12,,,,,1,1,1,21,7,0,23,0,23,1,9,20,70,5,3,1,65,35,4,61,31,0,,,,,,,2,0,80,0,3,0,2,0,2,0,4,2,35.72734611111111,139.6905213888889,2,3,,,,
1,30,551,52,2,0,1,20420,0,116,2020,5,7,13,35,12,,,,,1,1,1,1,1,9,22,0,23,18,9,30,70,1,2,1,55,75,3,61,31,0,,,,,,,4,0,10,0,3,0,2,0,2,0,4,2,35.73784305555556,139.68997972222223,5,3,,,,
1,30,551,54,2,0,1,30000,0,116,2020,5,8,18,55,21,,,,,1,1,1,7,7,0,23,0,23,3,9,1,70,4,3,1,35,75,35,61,31,0,,,,,,,2,0,20,0,4,0,0,0,0,0,4,2,35.73961611111111,139.69510472222223,6,3,,,,
1,30,551,57,2,0,1,30000,0,116,2020,5,23,21,35,22,,,,,1,1,1,14,7,0,23,0,23,2,9,1,70,5,3,1,55,25,3,61,1,0,,,,,,,10,0,80,0,4,0,2,0,2,0,4,2,35.724246111111114,139.68938166666666,7,3,,,,
1,30,552,63,2,0,1,30000,0,117,2020,5,7,8,57,12,,,,,1,1,1,14,7,0,23,0,23,3,9,1,70,4,2,1,35,35,1,61,1,0,,,,,,,4,0,0,0,3,0,2,0,2,0,4,2,35.73825055555556,139.76017027777777,5,3,,,,
1,30,553,44,2,0,1,20450,0,117,2020,5,13,20,5,22,,,,,1,1,1,1,1,9,22,0,23,14,9,30,70,4,1,1,55,45,14,61,1,0,,,,,,,3,0,10,0,4,0,2,0,2,0,4,2,35.758445555555554,139.72780111111112,4,3,,,,
1,30,555,119,2,0,1,2540,76,119,2020,5,4,15,13,12,,,,,1,1,1,14,1,0,23,0,23,5,9,1,70,1,2,1,1,45,51,61,0,0,,,,,,,0,0,10,0,4,0,0,0,0,0,4,2,35.74829138888889,139.6978838888889,2,1,,,,
1,30,555,124,2,0,1,30000,0,119,2020,4,17,11,32,12,,,,,1,1,1,14,7,0,23,0,23,1,9,1,70,5,3,1,25,35,3,61,31,0,,,,,,,5,0,10,0,3,0,2,0,2,0,4,2,35.76076027777778,139.70514999999997,6,3,,,,
1,30,555,129,2,0,1,30000,0,119,2020,3,7,19,35,22,,,,,3,1,1,1,7,9,22,0,23,11,9,30,70,5,3,1,65,55,3,61,1,0,,,,,,,5,0,10,0,3,0,2,0,2,0,4,2,35.74570888888889,139.7189052777778,7,3,,,,
1,30,555,133,2,0,1,30000,0,119,2020,5,18,14,3,12,,,,,3,1,2,14,7,0,23,0,23,3,9,1,70,4,2,1,45,55,51,61,0,0,,,,,,,0,0,10,0,3,0,0,0,0,0,4,2,35.76482611111111,139.67419388888888,2,3,,,,
1,30,556,107,2,0,1,95000,0,119,2020,5,8,14,10,12,,,,,1,1,1,1,1,9,22,0,23,11,9,30,70,5,2,1,55,75,3,61,31,0,,,,,,,2,0,10,0,3,0,2,0,2,0,4,2,35.776583055555555,139.6825861111111,6,3,,,,
1,30,556,110,2,0,1,30000,0,119,2020,5,12,12,50,12,,,,,1,1,1,1,7,1,22,0,23,14,9,30,70,4,2,1,65,65,4,61,31,0,,,,,,,5,0,10,0,3,0,2,0,2,0,4,2,35.76910916666667,139.66732777777776,3,3,,,,
1,30,556,112,2,0,1,30000,0,119,2020,5,24,18,45,13,,,,,1,1,1,7,7,0,23,0,23,2,9,1,70,5,1,1,35,1,51,61,0,0,,,,,,,0,0,12,0,2,0,0,0,0,0,4,2,35.768755,139.69962527777778,1,3,,,,
1,30,556,115,2,0,1,30000,0,119,2020,5,27,9,0,12,,,,,2,1,1,14,7,0,23,0,23,3,9,1,70,5,3,1,55,1,3,61,31,0,,,,,,,2,0,40,0,3,0,2,0,2,0,4,2,35.792296944444445,139.68958333333333,4,3,,,,
1,30,557,97,2,0,1,10130,0,120,2020,4,29,12,46,12,,,,,1,1,1,14,7,0,23,0,23,5,9,1,70,4,2,1,45,25,17,61,1,0,,,,,,,4,0,10,0,3,0,2,0,2,0,4,2,35.73204972222222,139.6595636111111,4,1,,,,
1,30,557,101,2,0,1,30000,0,120,2020,5,15,10,25,12,,,,,1,1,1,12,7,0,23,0,23,3,9,1,70,5,3,1,45,75,51,61,0,0,,,,,,,0,0,10,0,3,0,0,0,0,0,4,2,35.73990444444445,139.63497166666667,6,3,,,,
1,30,557,106,2,0,1,30000,0,120,2020,3,13,17,56,21,,,,,1,1,1,14,7,0,23,0,23,3,9,1,70,5,3,1,25,35,14,61,31,0,,,,,,,10,0,20,0,4,0,2,0,2,0,4,2,35.73605916666667,139.64277388888888,6,3,,,,
1,30,557,109,2,0,1,30000,0,120,2020,5,25,14,55,12,,,,,1,1,1,14,7,0,23,0,23,2,9,1,70,5,2,1,25,45,51,61,0,0,,,,,,,0,0,20,0,4,0,0,0,0,0,4,2,35.736646666666665,139.65546722222223,2,3,,,,
1,30,558,123,2,0,1,30000,0,120,2020,4,18,17,30,13,,,,,2,1,1,14,7,0,23,0,23,2,9,1,70,5,3,1,55,45,3,61,31,0,,,,,,,2,0,40,0,4,0,2,0,2,0,4,2,35.763907777777774,139.60919083333332,7,3,,,,
1,30,558,126,2,0,1,30000,0,120,2020,5,3,11,35,12,,,,,1,1,1,7,1,0,23,0,23,1,9,1,70,5,1,1,45,75,3,61,31,0,,,,,,,2,0,10,0,3,0,2,0,2,0,4,2,35.74137805555556,139.60774805555556,1,1,,,,
1,30,558,156,2,0,1,30000,0,120,2020,3,25,13,53,12,,,,,1,1,1,1,7,9,22,0,23,11,9,30,70,4,2,1,35,1,35,61,31,0,,,,,,,2,0,10,0,3,0,0,0,0,0,4,2,35.725658055555556,139.59955555555555,4,3,,,,
1,30,560,109,2,0,1,30000,0,120,2020,5,1,13,30,12,,,,,1,1,1,14,7,0,23,0,23,3,9,1,70,5,3,1,75,75,3,61,31,0,,,,,,,2,0,80,0,2,0,2,0,2,0,4,2,35.75573,139.61671722222223,6,3,,,,
1,30,560,117,2,0,1,95000,0,120,2020,5,21,13,10,12,,,,,2,1,1,0,7,0,23,0,23,0,0,20,70,0,4,1,45,45,51,61,0,0,,,,,,,0,0,10,0,3,0,0,0,0,0,4,2,35.75505777777778,139.62913861111113,5,3,,,,
1,30,560,119,2,0,1,20510,0,120,2020,5,22,19,10,21,,,,,3,1,2,1,1,9,22,0,23,18,9,30,70,1,2,1,75,75,4,61,31,0,,,,,,,2,0,10,0,3,0,2,0,2,0,4,2,35.76197305555556,139.62004333333334,6,3,,,,
1,30,560,123,2,0,1,99000,0,120,2020,5,17,11,53,12,,,,,1,1,1,0,7,0,23,0,23,0,0,20,70,0,4,1,35,65,14,61,1,0,,,,,,,10,0,30,0,4,0,2,0,2,0,4,2,35.759884166666666,139.6246563888889,1,3,,,,
1,30,660,70,2,0,1,30000,0,106,2020,5,15,11,20,12,,,,,1,1,2,1,7,1,22,0,23,18,9,30,70,5,3,1,45,35,3,61,31,0,,,,,,,10,0,10,0,4,0,2,0,2,0,4,2,35.70807638888889,139.77956250000003,6,3,,,,
1,30,661,32,2,0,1,30000,0,106,2020,5,31,21,25,22,,,,,1,1,1,1,1,9,22,0,23,15,9,30,70,4,2,1,65,55,3,61,1,0,,,,,,,10,0,10,0,3,0,2,0,2,0,4,2,35.721246666666666,139.78925,1,3,,,,
1,30,661,33,2,0,1,10090,0,106,2020,5,27,8,35,12,,,,,2,1,1,14,7,0,23,0,23,6,9,1,70,1,2,1,45,45,4,61,31,0,,,,,,,4,0,40,0,3,0,2,0,2,0,4,2,35.73032888888889,139.79108944444445,4,3,,,,
1,30,662,39,2,0,1,30000,0,106,2020,5,10,14,5,12,,,,,2,1,1,7,7,0,23,0,23,6,9,1,70,4,2,1,75,75,3,61,31,0,,,,,,,3,0,80,0,3,0,2,0,2,0,4,2,35.710990833333334,139.79531444444444,1,3,,,,
1,30,662,41,2,0,1,10300,0,106,2020,5,16,9,50,12,,,,,3,1,2,1,7,9,22,0,23,18,9,30,70,5,1,1,25,45,51,61,0,0,,,,,,,0,0,20,0,3,0,0,0,0,0,4,2,35.71641888888889,139.79580694444445,7,3,,,,
1,30,662,42,2,0,1,30000,0,106,2020,5,30,13,58,12,,,,,1,1,1,14,7,0,23,0,23,4,9,1,70,5,4,1,35,25,51,61,0,0,,,,,,,0,0,20,0,4,0,0,0,0,0,4,2,35.713324444444446,139.7932125,7,3,,,,
1,30,663,32,2,0,1,60,35,106,2020,5,14,21,50,22,,,,,1,1,1,1,1,9,22,0,23,17,9,30,70,5,1,1,25,25,51,61,0,0,,,,,,,0,0,20,0,3,0,0,0,0,0,4,2,35.707435555555556,139.7951488888889,5,3,,,,
1,30,663,33,2,0,1,30000,0,106,2020,5,18,9,50,12,,,,,3,1,1,1,7,1,22,0,23,15,9,30,70,4,2,1,65,55,4,61,31,0,,,,,,,10,0,10,0,3,0,2,0,2,0,4,2,35.699305277777775,139.79033361111112,2,3,,,,
1,30,665,34,2,0,1,40,59,118,2020,5,24,14,20,12,,,,,1,1,1,14,7,0,23,0,23,1,9,1,70,5,2,1,45,35,51,61,0,0,,,,,,,0,0,10,0,4,0,0,0,0,0,4,2,35.73173,139.7925438888889,1,3,,,,
1,30,666,50,2,0,1,20410,0,118,2020,2,18,1,40,22,,,,,1,1,1,14,7,0,23,0,23,3,9,1,70,4,2,1,55,55,52,61,0,0,,,,,,,0,0,10,0,3,0,0,0,0,0,4,2,35.730964444444446,139.7788377777778,3,3,,,,
1,30,668,138,2,0,1,95000,0,121,2020,5,20,19,28,21,,,,,3,1,2,14,7,0,23,0,23,4,9,1,70,5,1,1,55,75,34,61,31,0,,,,,,,3,0,10,0,3,0,0,0,0,0,4,2,35.77406638888889,139.7655188888889,4,3,,,,
1,30,668,143,2,0,1,10340,0,121,2020,5,25,20,25,22,,,,,1,1,1,14,1,0,23,0,23,4,9,1,70,1,2,1,35,75,51,61,0,0,,,,,,,0,0,20,0,3,0,0,0,0,0,4,2,35.76566777777778,139.7866,2,3,,,,
1,30,668,144,2,0,1,30000,0,121,2020,5,26,15,15,12,,,,,1,1,2,1,7,9,22,0,23,11,9,30,70,5,4,1,75,75,51,61,0,0,,,,,,,0,0,10,0,3,0,0,0,0,0,4,2,35.767765,139.77175472222223,3,3,,,,
1,30,668,145,2,0,1,10130,0,121,2020,5,27,9,40,12,,,,,2,1,1,1,7,9,22,0,23,18,9,30,70,5,1,1,65,55,22,61,0,0,,,,,,,4,0,10,0,3,0,0,0,0,0,4,2,35.77796055555555,139.7819775,4,3,,,,
1,30,668,150,2,0,1,30000,0,121,2020,4,16,9,0,12,,,,,1,1,1,14,7,0,23,0,23,3,9,1,70,5,2,1,45,1,17,61,31,0,,,,,,,3,0,10,0,3,0,2,0,2,0,4,2,35.7711375,139.7466208333333,5,3,,,,
1,30,669,181,2,0,1,30000,0,121,2020,3,17,16,46,12,,,,,1,1,1,7,7,0,23,0,23,3,9,1,70,5,3,1,1,35,35,61,31,0,,,,,,,10,0,44,0,3,0,0,0,0,0,4,2,35.76641388888889,139.85301277777776,3,3,,,,
1,30,669,187,2,0,1,30000,0,121,2020,5,3,14,35,12,,,,,2,1,1,7,7,0,23,0,23,2,9,1,70,5,2,1,45,75,4,61,31,0,,,,,,,10,0,10,0,4,0,2,0,2,0,4,2,35.77676916666667,139.82128527777778,1,1,,,,
1,30,669,188,2,0,1,99000,0,121,2020,5,3,19,20,21,,,,,1,1,1,0,7,0,23,0,23,0,0,20,70,0,4,1,35,35,3,61,31,0,,,,,,,10,0,30,0,4,0,2,0,2,0,4,2,35.7783525,139.82229611111111,1,1,,,,
1,30,669,197,2,0,1,30000,0,121,2020,5,13,18,20,13,,,,,1,1,1,1,7,9,22,0,23,11,9,30,70,5,2,1,35,75,3,61,31,0,,,,,,,2,0,10,0,3,0,2,0,2,0,4,2,35.77791027777778,139.8338913888889,4,3,,,,
1,30,669,204,2,0,1,30000,0,121,2020,5,19,21,5,22,,,,,3,1,2,1,7,9,22,0,23,15,9,30,70,5,2,1,25,35,3,61,31,0,,,,,,,3,0,51,0,4,0,2,0,2,0,4,2,35.792155,139.82832444444443,3,3,,,,
1,30,669,205,2,0,1,30000,0,121,2020,5,21,8,55,12,,,,,2,1,1,14,7,0,23,0,23,1,9,1,70,5,4,1,55,1,13,61,31,0,,,,,,,10,0,10,0,3,0,2,0,2,0,4,2,35.79714555555555,139.8363791666667,5,3,,,,
1,30,669,208,2,0,1,30000,0,121,2020,5,22,8,35,12,,,,,2,1,1,14,7,0,23,0,23,2,9,1,70,5,3,1,25,0,61,0,0,0,,,,,,,0,0,0,0,0,0,0,0,0,0,2,0,35.76918416666667,139.85163416666666,6,3,,,,
1,30,669,211,2,0,1,30000,0,121,2020,5,25,17,15,12,,,,,1,1,1,1,7,9,22,0,23,11,9,30,70,5,4,1,45,1,3,61,31,0,,,,,,,10,0,10,0,3,0,2,0,2,0,4,2,35.769350277777775,139.81166805555557,2,3,,,,
1,30,771,138,2,0,1,30000,0,108,2020,5,21,0,30,22,,,,,1,1,1,7,1,0,23,0,23,3,9,1,70,5,3,1,65,65,4,61,31,0,,,,,,,2,0,10,0,3,0,2,0,2,0,4,2,35.679120555555556,139.79350027777778,5,3,,,,
1,30,771,139,2,0,1,30000,0,108,2020,5,17,15,10,12,,,,,1,1,1,1,1,9,22,0,23,18,9,30,70,1,2,1,45,25,13,61,31,0,,,,,,,3,0,10,0,3,0,2,0,2,0,4,2,35.67758555555555,139.7926725,1,3,,,,
1,30,771,149,2,0,1,99000,0,108,2020,5,18,20,15,22,,,,,3,1,2,0,7,0,23,0,23,0,0,20,70,0,4,1,35,25,51,61,0,0,,,,,,,0,0,10,0,3,0,0,0,0,0,4,2,35.64252583333333,139.77639555555558,2,3,,,,