資料区分,都道府県コード,警察署等コード,本票番号,事故内容,死者数,負傷者数,路線コード,地点コード,市区町村コード,発生日時　　年,発生日時　　月,発生日時　　日,発生日時　　時,発生日時　　分,昼夜,日の出時刻　　時,日の出時刻　　分,日の入り時刻　　時,日の入り時刻　　分,天候,地形,路面状態,道路形状,信号機,一時停止規制　標識（当事者A）,一時停止規制　表示（当事者A）,一時停止規制　標識（当事者B）,一時停止規制　表示（当事者B）,車道幅員,道路線形,衝突地点,ゾーン規制,中央分離帯施設等,歩車道区分,事故類型,年齢（当事者A）,年齢（当事者B）,当事者種別（当事者A）,当事者種別（当事者B）,用途別（当事者A）,用途別（当事者B）,車両形状等（当事者A）,車両形状等（当事者B）,オートマチック車（当事者A）,オートマチック車（当事者B）,サポカー（当事者A）,サポカー（当事者B）,速度規制（指定のみ）（当事者A）,速度規制（指定のみ）（当事者B）,車両の衝突部位（当事者A）,車両の衝突部位（当事者B）,車両の損壊程度（当事者A）,車両の損壊程度（当事者B）,エアバッグの装備（当事者A）,エアバッグの装備（当事者B）,サイドエアバッグの装備（当事者A）,サイドエアバッグの装備（当事者B）,人身損傷程度（当事者A）,人身損傷程度（当事者B）,lat,lon,曜日(発生年月日),祝日(発生年月日),認知機能検査経過日数（当事者A）,認知機能検査経過日数（当事者B）,運転練習の方法（当事者A）,運転練習の方法（当事者B）
1,30,772,86,2,0,1,30000,0,108,2020,5,3,14,15,12,,,,,1,1,1,1,7,9,22,0,23,11,9,30,70,5,4,1,45,1,3,61,31,0,,,,,,,10,0,10,0,3,0,2,0,2,0,4,2,35.67625916666666,139.84273361111113,1,1,,,,
1,30,772,95,2,0,1,10090,0,108,2020,5,20,12,0,12,,,,,1,1,1,1,1,9,22,0,23,19,9,30,70,5,1,1,65,65,11,61,31,0,,,,,,,4,0,80,0,4,0,2,0,2,0,4,2,35.67690083333333,139.8271147222222,4,3,,,,
1,30,772,97,2,0,1,10090,0,108,2020,5,8,12,25,12,,,,,1,1,1,1,7,0,23,0,23,15,9,30,70,5,1,1,75,0,61,0,0,0,,,,,,,0,0,0,0,0,0,0,0,0,0,2,0,35.69689222222222,139.82561277777776,6,3,,,,
1,30,773,47,2,0,1,140,30,107,2020,5,6,18,50,21,,,,,3,1,2,1,1,9,22,0,23,19,9,30,70,1,2,1,65,35,3,61,31,0,,,,,,,10,0,50,0,3,0,2,0,2,0,4,2,35.69452305555555,139.79752944444445,4,1,,,,
1,30,773,48,2,0,1,30000,0,107,2020,5,7,15,48,12,,,,,1,1,1,14,7,0,23,0,23,2,9,1,70,5,4,1,35,1,13,61,31,0,,,,,,,10,0,40,0,3,0,2,0,2,0,4,2,35.70377083333334,139.81165694444445,5,3,,,,
1,30,773,53,2,0,1,30000,0,107,2020,5,20,6,52,12,,,,,3,1,2,1,1,9,22,0,23,15,9,30,70,4,2,1,35,55,13,61,31,0,,,,,,,10,0,20,0,3,0,2,0,2,0,4,2,35.69378416666666,139.81313055555557,4,3,,,,
1,30,773,57,2,0,2,20690,0,107,2020,5,21,18,20,13,,,,,3,1,2,1,1,9,22,0,23,15,9,30,70,4,2,1,25,1,51,61,0,0,,,,,,,0,0,10,0,4,0,0,0,0,0,4,2,35.71030416666667,139.81459777777778,5,3,,,,
1,30,773,66,2,0,1,30000,0,107,2020,3,19,10,17,12,,,,,1,1,1,1,7,9,22,0,23,15,9,30,70,5,2,1,45,45,51,61,0,0,,,,,,,0,0,40,0,4,0,0,0,0,0,4,2,35.69618861111111,139.8014838888889,5,2,,,,
1,30,773,67,2,0,1,140,38,107,2020,5,27,13,35,12,,,,,1,1,1,1,1,0,23,0,23,19,9,20,70,4,2,1,1,0,61,0,0,0,,,,,,,0,0,0,0,0,0,0,0,0,0,2,0,35.694899166666666,139.80570833333334,4,3,,,,
1,30,775,100,2,0,1,30000,0,122,2020,5,7,10,50,12,,,,,1,1,1,1,7,9,22,0,23,11,9,30,70,4,1,1,35,65,51,61,0,0,,,,,,,0,0,40,0,3,0,0,0,0,0,4,2,35.74529416666667,139.84165583333333,5,3,,,,
1,30,775,101,2,0,1,30000,0,122,2020,5,7,13,7,12,,,,,1,1,1,14,7,0,23,0,23,2,9,1,70,4,2,1,1,75,51,61,0,0,,,,,,,0,0,10,0,3,0,0,0,0,0,4,2,35.76557694444445,139.84941166666667,5,3,,,,
1,30,775,105,2,0,1,30000,0,122,2020,5,15,16,48,12,,,,,1,1,1,14,7,0,23,0,23,2,9,1,70,5,1,1,1,1,35,61,31,0,,,,,,,2,0,10,0,3,0,0,0,0,0,4,2,35.77738027777778,139.86297194444444,6,3,,,,
1,30,776,68,2,0,1,30000,0,122,2020,4,30,15,38,12,,,,,1,1,1,7,7,0,23,0,23,3,9,1,70,5,1,1,75,75,3,61,31,0,,,,,,,5,0,10,0,3,0,2,0,2,0,4,2,35.740252500000004,139.85398166666667,5,3,,,,
1,30,776,70,2,0,1,30000,0,122,2020,5,7,15,55,12,,,,,1,1,1,14,7,0,23,0,23,2,9,1,70,5,4,1,25,75,51,61,0,0,,,,,,,0,0,10,0,3,0,0,0,0,0,4,2,35.71958444444444,139.8546086111111,5,3,,,,
1,30,777,283,2,0,1,30000,0,123,2020,5,17,10,35,12,,,,,1,1,1,1,7,1,21,0,23,14,9,30,70,4,2,1,35,75,3,61,31,0,,,,,,,10,0,50,0,3,0,2,0,2,0,4,2,35.69896138888888,139.87127055555555,1,3,,,,
1,30,777,304,2,0,1,30000,0,123,2020,5,30,18,40,13,,,,,1,1,1,1,7,9,22,0,23,11,9,30,70,5,4,1,45,1,36,61,31,0,,,,,,,2,0,40,0,3,0,0,0,0,0,4,2,35.70767472222222,139.84633583333334,7,3,,,,
1,30,778,75,2,0,1,30000,0,123,2020,5,9,16,40,12,,,,,2,1,1,14,7,0,23,0,23,3,9,1,70,5,4,1,35,25,51,61,0,0,,,,,,,0,0,0,0,4,0,0,0,0,0,4,2,35.72829638888889,139.89426777777777,7,3,,,,
1,30,778,79,2,0,1,30000,0,123,2020,5,17,17,12,12,,,,,1,1,1,1,1,9,22,0,23,14,9,30,70,4,1,1,75,1,4,61,31,0,,,,,,,2,0,10,0,3,0,2,0,2,0,4,2,35.74955611111111,139.88191111111112,1,3,,,,
1,30,778,83,2,0,1,30000,0,123,2020,5,20,10,53,12,,,,,2,1,1,7,7,0,23,0,23,3,9,1,70,5,2,1,55,1,3,61,31,0,,,,,,,5,0,10,0,4,0,2,0,2,0,4,2,35.73421166666667,139.88307527777778,4,3,,,,
1,30,779,158,2,0,1,30000,0,123,2020,5,13,16,55,12,,,,,1,1,1,14,7,0,23,0,23,1,9,1,70,5,2,1,35,45,14,61,31,0,,,,,,,10,0,10,0,4,0,2,0,2,0,4,2,35.67767666666666,139.8727925,4,3,,,,
1,30,779,162,2,0,1,30000,0,123,2020,5,18,11,25,12,,,,,2,1,1,14,7,0,23,0,23,2,9,1,1,5,3,1,75,75,3,61,31,0,,,,,,,2,0,40,0,3,0,2,0,2,0,4,2,35.66585277777778,139.85864527777778,2,3,,,,
1,30,779,166,2,0,1,30000,0,123,2020,5,22,20,50,22,,,,,3,1,2,1,1,9,22,0,23,15,9,30,70,5,2,1,35,55,14,61,1,0,,,,,,,2,0,10,0,4,0,2,0,2,0,4,2,35.681286666666665,139.86820694444444,6,3,,,,
1,30,779,169,2,0,1,30000,0,123,2020,5,29,11,10,12,,,,,1,1,1,1,7,1,21,0,23,15,9,30,1,5,2,1,65,65,3,61,31,0,,,,,,,2,0,50,0,4,0,2,0,2,0,4,2,35.66401722222222,139.8595036111111,6,3,,,,
1,30,876,143,2,0,1,30000,0,209,2020,3,17,8,10,12,,,,,1,2,1,14,7,0,23,0,23,2,9,1,70,5,4,1,45,1,4,61,31,0,,,,,,,10,0,40,0,3,0,2,0,2,0,4,2,35.60570916666667,139.30358444444445,3,3,,,,
1,30,876,144,2,0,1,30000,0,201,2020,3,17,15,30,12,,,,,1,1,1,1,7,1,22,0,23,15,8,30,70,4,2,1,45,55,3,61,31,0,,,,,,,2,0,10,0,4,0,2,0,2,0,4,2,35.63366444444444,139.35721583333333,3,3,,,,
1,30,876,146,2,0,1,30820,0,209,2020,5,2,9,33,12,,,,,1,1,1,14,7,0,23,0,23,1,9,1,70,4,2,1,45,45,4,61,31,0,,,,,,,3,0,20,0,3,0,2,0,2,0,4,2,35.601731666666666,139.37686194444444,7,2,,,,
1,30,876,149,2,0,1,10480,0,201,2020,5,7,13,25,12,,,,,1,2,1,14,7,0,23,0,23,5,9,1,70,1,2,1,65,35,3,61,31,0,,,,,,,10,0,10,0,3,0,2,0,2,0,4,2,35.62877,139.3887063888889,5,3,,,,
1,30,876,155,2,0,1,30000,0,201,2020,5,14,13,55,12,,,,,1,1,1,14,7,0,23,0,23,2,9,1,70,4,2,1,65,1,3,61,31,0,,,,,,,3,0,50,0,3,0,2,0,2,0,4,2,35.61487555555556,139.3679625,5,3,,,,
1,30,876,159,2,0,1,30000,0,209,2020,5,18,10,0,12,,,,,3,1,2,13,7,0,23,0,23,3,2,1,70,5,4,1,75,65,17,61,31,0,,,,,,,10,0,10,0,2,0,2,0,2,0,4,2,35.61392527777778,139.28746999999998,2,3,,,,
1,30,878,124,2,0,1,21110,0,224,2020,5,14,11,57,12,,,,,1,2,1,14,7,0,23,0,23,4,9,1,70,1,2,1,25,1,51,61,0,0,,,,,,,0,0,10,0,3,0,0,0,0,0,4,2,35.63146027777778,139.4341877777778,5,3,,,,
1,30,878,127,2,0,1,30000,0,224,2020,5,20,19,20,21,,,,,3,1,2,14,7,0,23,0,23,1,9,1,70,4,1,1,65,75,35,61,31,0,,,,,,,3,0,10,0,3,0,0,0,0,0,4,2,35.63455527777778,139.4645175,4,3,,,,
1,30,878,131,2,0,1,30000,0,225,2020,5,24,16,57,12,,,,,1,1,1,14,7,0,23,0,23,3,7,1,70,4,1,1,35,55,1,61,1,0,,,,,,,10,0,0,0,4,0,2,0,2,0,4,2,35.64090222222222,139.4913447222222,1,3,,,,
1,30,879,160,2,0,1,20000,0,220,2020,5,11,19,40,22,,,,,1,1,1,1,1,9,22,0,23,15,9,30,70,4,2,1,75,45,4,61,31,0,,,,,,,2,0,50,0,3,0,2,0,2,0,4,2,35.73690027777778,139.42758805555556,2,3,,,,
1,30,879,175,2,0,1,99000,0,220,2020,5,20,19,10,21,,,,,3,1,2,0,7,0,23,0,23,0,0,20,70,0,4,1,25,25,3,61,31,0,,,,,,,10,0,10,0,3,0,2,0,2,0,4,2,35.74681138888889,139.41819583333333,4,3,,,,
1,30,879,184,2,0,1,30000,0,223,2020,5,30,15,20,12,,,,,2,1,1,1,1,9,22,0,23,11,9,30,70,4,2,1,65,1,4,61,31,0,,,,,,,2,0,10,0,3,0,2,0,2,0,4,2,35.740454166666666,139.3761563888889,7,3,,,,
1,30,880,114,2,0,1,30000,0,205,2020,5,8,16,0,12,,,,,1,1,1,1,7,9,22,0,23,11,9,30,70,4,2,1,1,65,4,61,31,0,,,,,,,3,0,10,0,3,0,2,0,2,0,4,2,35.77804027777778,139.32150888888887,6,3,,,,
1,30,880,115,2,0,1,10240,0,205,2020,5,9,10,50,12,,,,,2,2,1,1,1,9,22,0,23,14,9,30,70,4,1,1,55,55,14,61,31,0,,,,,,,3,0,10,0,3,0,2,0,2,0,4,2,35.78631972222222,139.2731413888889,7,3,,,,
1,30,880,120,2,0,1,10240,0,205,2020,5,20,9,10,12,,,,,2,2,1,14,7,0,23,0,23,3,9,1,70,4,2,1,75,65,3,61,31,0,,,,,,,3,0,10,0,4,0,2,0,2,0,4,2,35.79036277777777,139.26743972222224,4,3,,,,
1,30,882,155,2,0,1,10550,0,227,2020,5,5,19,50,22,,,,,3,1,2,1,1,9,22,0,23,14,9,30,70,1,2,1,65,55,3,61,31,0,,,,,,,3,0,10,0,4,0,2,0,2,0,4,2,35.772682777777774,139.30247250000002,3,1,,,,
1,30,882,159,2,0,1,30000,0,228,2020,4,30,15,25,12,,,,,1,1,1,14,7,0,23,0,23,1,9,1,70,5,2,1,55,25,51,61,0,0,,,,,,,0,0,10,0,3,0,0,0,0,0,4,2,35.73182361111111,139.28974027777778,5,3,,,,
1,30,882,167,2,0,1,30000,0,227,2020,5,21,20,0,22,,,,,3,1,2,1,7,9,22,0,23,14,9,20,70,5,3,1,45,45,3,61,31,0,,,,,,,2,0,10,0,4,0,2,0,2,0,4,2,35.76579638888889,139.31255583333333,5,3,,,,
1,30,882,171,2,0,1,30000,0,303,2020,4,8,10,0,12,,,,,1,1,1,7,7,0,23,0,23,2,9,20,70,5,4,1,45,45,3,61,31,0,,,,,,,2,0,51,0,3,0,2,0,2,0,4,2,35.76408277777778,139.3374227777778,4,3,,,,
1,30,883,188,2,0,1,30000,0,201,2020,2,26,11,45,12,,,,,2,1,1,14,7,0,23,0,23,4,9,1,70,4,2,1,75,1,3,61,31,0,,,,,,,3,0,10,0,3,0,2,0,2,0,4,2,35.65897138888889,139.34638,4,3,,,,
1,30,883,192,2,0,1,30000,0,201,2020,5,4,14,25,12,,,,,1,1,1,14,7,0,23,0,23,3,9,1,70,4,1,1,25,1,4,61,31,0,,,,,,,3,0,40,0,3,0,2,0,2,0,4,2,35.68047111111111,139.31240833333334,2,1,,,,
1,30,883,195,2,0,1,160,404,201,2020,5,7,9,15,12,,,,,1,1,1,1,1,9,22,0,23,18,9,30,70,4,2,1,65,55,3,61,31,0,,,,,,,4,0,40,0,4,0,1,0,1,0,4,2,35.662390555555554,139.35335805555556,5,3,,,,
1,30,883,197,2,0,1,30000,0,201,2020,5,10,17,5,12,,,,,2,1,1,7,7,0,23,0,23,3,9,1,70,5,2,1,25,1,4,61,31,0,,,,,,,10,0,82,0,3,0,2,0,2,0,4,2,35.673991388888886,139.30964083333333,1,3,,,,
1,30,883,210,2,0,1,30000,0,201,2020,5,23,16,5,12,,,,,1,1,1,1,1,9,22,0,23,15,9,30,70,4,1,1,55,65,3,61,31,0,,,,,,,3,0,20,0,3,0,2,0,2,0,4,2,35.66786027777778,139.3411438888889,7,3,,,,
1,30,884,192,2,0,1,30000,0,209,2020,5,3,11,10,12,,,,,1,1,1,7,7,0,23,0,23,3,9,1,70,5,3,1,25,35,14,61,1,0,,,,,,,2,0,40,0,3,0,2,0,2,0,4,2,35.57731416666667,139.41664222222224,1,1,,,,
1,30,884,194,2,0,1,30000,0,209,2020,5,8,11,0,12,,,,,1,2,1,13,7,0,23,0,23,4,2,1,70,4,2,1,75,75,51,61,0,0,,,,,,,0,0,10,0,3,0,0,0,0,0,4,2,35.571643333333334,139.43934333333334,6,3,,,,
1,30,884,198,2,0,1,10490,0,209,2020,5,2,8,17,12,,,,,1,1,1,1,7,7,21,0,23,14,9,30,70,4,1,1,65,35,3,61,31,0,,,,,,,3,0,10,0,4,0,2,0,2,0,4,2,35.53813833333333,139.45433027777776,7,2,,,,
1,30,884,201,2,0,1,30000,0,209,2020,4,16,14,20,12,,,,,2,1,1,14,7,0,23,0,23,3,9,1,70,4,1,1,65,35,51,61,0,0,,,,,,,0,0,10,0,4,0,0,0,0,0,4,2,35.5471025,139.4537533333333,5,3,,,,
1,30,884,208,2,0,2,10610,0,209,2020,5,20,18,25,13,,,,,3,2,2,1,1,9,22,0,23,15,9,30,70,4,2,1,55,25,35,61,31,0,,,,,,,3,0,10,0,3,0,0,0,0,0,4,2,35.58333027777778,139.47978138888888,4,3,,,,
1,30,884,211,2,0,1,30000,0,209,2020,5,28,10,33,12,,,,,1,1,1,1,7,9,22,0,23,11,9,30,70,5,3,1,45,35,3,61,31,0,,,,,,,2,0,40,0,4,0,2,0,2,0,4,2,35.54006083333333,139.45230638888887,5,3,,,,
1,30,885,149,1,1,0,30000,0,212,2020,5,19,12,0,12,,,,,3,3,2,1,1,9,22,0,23,15,9,30,70,5,2,1,55,75,13,61,31,0,,,,,,,3,0,10,0,3,0,2,0,2,0,4,1,35.67153027777778,139.39359916666666,3,3,,,,
1,30,885,154,2,0,1,30000,0,212,2020,3,28,18,25,21,,,,,3,3,2,1,1,9,22,0,23,19,9,30,70,4,2,1,1,55,4,61,31,0,,,,,,,3,0,10,0,3,0,2,0,2,0,4,2,35.679631944444445,139.39296833333333,7,3,,,,
1,30,885,157,2,0,2,200,0,212,2020,4,8,6,50,12,,,,,1,3,1,14,7,0,23,0,23,5,9,1,70,1,2,1,35,55,51,61,0,0,,,,,,,0,0,10,0,3,0,0,0,0,0,2,2,35.66870972222222,139.38744055555554,4,3,,,,
1,30,885,158,2,0,1,30000,0,212,2020,4,21,18,50,21,,,,,2,2,1,1,7,9,22,0,23,11,9,30,70,5,2,1,55,65,14,61,1,0,,,,,,,2,0,50,0,3,0,2,0,2,0,4,2,35.65251083333333,139.41829388888888,3,3,,,,
1,30,885,164,2,0,1,200,0,212,2020,5,9,7,57,12,,,,,2,3,1,1,1,9,22,0,23,18,9,30,70,4,2,1,55,45,12,61,31,0,,,,,,,5,0,10,0,3,0,2,0,2,0,4,2,35.66797194444444,139.38232722222222,7,3,,,,
1,30,885,175,2,0,1,10510,0,212,2020,5,29,11,30,12,,,,,1,3,1,1,1,9,22,0,23,11,9,30,70,5,3,1,45,55,13,61,31,0,,,,,,,3,0,10,0,3,0,2,0,2,0,4,2,35.671207499999994,139.40347166666666,6,3,,,,
1,30,886,136,2,0,1,30000,0,207,2020,5,2,8,50,12,,,,,1,3,1,1,1,9,22,0,23,15,9,30,70,5,2,1,35,75,14,61,1,0,,,,,,,3,0,10,0,3,0,2,0,1,0,4,2,35.71969611111111,139.3773441666667,7,2,,,,
1,30,886,140,2,0,1,30810,0,207,2020,5,3,16,0,12,,,,,2,1,1,1,1,9,22,0,23,14,9,30,70,4,2,1,25,65,51,61,0,0,,,,,,,0,0,10,0,3,0,0,0,0,0,4,2,35.708263055555555,139.37300611111112,1,1,,,,
1,30,886,143,2,0,1,30000,0,207,2020,5,7,19,20,21,,,,,1,1,1,14,7,0,23,0,23,3,9,1,70,5,2,1,45,65,51,61,0,0,,,,,,,0,0,10,0,3,0,0,0,0,0,4,2,35.70355333333334,139.35403694444443,5,3,,,,
1,30,886,144,2,0,1,30000,0,207,2020,4,29,15,45,12,,,,,1,1,1,14,7,0,23,0,23,2,9,1,70,5,4,1,45,45,51,61,0,0,,,,,,,0,0,10,0,3,0,0,0,0,0,4,2,35.70310416666667,139.3409463888889,4,1,,,,
1,30,886,151,2,0,1,30000,0,207,2020,5,13,19,10,21,,,,,1,1,1,14,7,0,23,0,23,2,9,1,70,4,2,1,45,75,3,61,31,0,,,,,,,3,0,10,0,3,0,2,0,2,0,4,2,35.70475805555556,139.3667038888889,4,3,,,,
1,30,886,158,2,0,1,30000,0,207,2020,5,26,17,45,12,,,,,3,1,2,14,7,0,23,0,23,2,9,1,70,5,3,1,35,1,4,61,31,0,,,,,,,5,0,10,0,4,0,2,0,2,0,4,2,35.70830305555556,139.3808377777778,3,3,,,,
1,30,886,161,2,0,2,30810,0,207,2020,5,29,11,0,12,,,,,1,1,1,14,7,0,23,0,23,2,9,1,70,4,2,1,75,55,51,61,0,0,,,,,,,0,0,10,0,3,0,0,0,0,0,4,2,35.716230833333334,139.3485652777778,6,3,,,,
1,30,887,226,2,0,1,30000,0,202,2020,5,3,11,3,12,,,,,1,2,1,1,7,9,22,0,23,11,9,30,70,4,2,1,65,65,14,61,31,0,,,,,,,3,0,10,0,3,0,2,0,2,0,4,2,35.72570555555556,139.3656725,1,1,,,,
1,30,887,228,2,0,1,30000,0,215,2020,5,7,18,25,13,,,,,1,1,1,14,1,0,23,0,23,3,9,1,70,5,2,1,1,1,51,61,0,0,,,,,,,0,0,20,0,3,0,0,0,0,0,4,2,35.68598166666666,139.44707111111111,5,3,,,,
1,30,887,240,2,0,1,30000,0,215,2020,5,19,12,25,12,,,,,3,1,2,1,1,9,22,0,23,14,9,30,70,4,2,1,45,75,4,61,31,0,,,,,,,2,0,10,0,4,0,2,0,2,0,4,2,35.686014166666666,139.43596055555557,3,3,,,,
1,30,887,248,2,0,1,30000,0,215,2020,5,28,8,50,12,,,,,1,2,1,1,1,2,22,0,23,11,9,30,70,4,2,1,45,25,14,61,31,0,,,,,,,2,0,10,0,4,0,2,0,2,0,4,2,35.70073444444445,139.44809194444446,5,3,,,,
1,30,888,81,2,0,1,200,301,206,2020,4,22,8,12,12,,,,,1,1,1,1,1,9,22,0,23,19,9,30,70,5,2,1,1,45,3,61,31,0,,,,,,,4,0,10,0,3,0,2,0,2,0,4,2,35.67322055555555,139.4819225,4,3,,,,
1,30,888,88,2,0,1,10500,0,206,2020,5,4,11,35,12,,,,,1,1,1,7,1,0,23,0,23,4,9,1,70,4,2,1,65,45,51,61,0,0,,,,,,,0,0,10,0,3,0,0,0,0,0,4,2,35.669977777777774,139.47692916666668,2,1,,,,
1,30,888,94,2,0,1,10500,0,206,2020,5,25,17,15,12,,,,,1,1,1,14,7,0,23,0,23,2,9,1,70,4,1,1,25,1,51,61,0,0,,,,,,,0,0,10,0,4,0,0,0,0,0,4,2,35.664366666666666,139.47885277777777,2,3,,,,
1,30,889,99,2,0,1,30600,0,210,2020,5,7,16,0,12,,,,,1,1,1,1,7,9,22,0,23,11,9,30,70,4,2,1,75,75,3,61,31,0,,,,,,,3,0,10,0,4,0,2,0,2,0,4,2,35.705605000000006,139.51317083333333,5,3,,,,
1,30,889,104,2,0,1,30000,0,214,2020,4,15,14,24,12,,,,,1,1,1,14,7,0,23,0,23,3,9,1,70,4,3,1,45,1,3,61,31,0,,,,,,,2,0,40,0,4,0,2,0,2,0,4,2,35.70610861111111,139.48209555555556,4,3,,,,
1,30,889,110,2,0,1,10560,0,210,2020,5,28,9,19,12,,,,,1,1,1,14,7,0,23,0,23,4,9,1,70,4,1,1,75,55,51,61,0,0,,,,,,,0,0,40,0,3,0,0,0,0,0,4,2,35.70171666666667,139.50725722222222,5,3,,,,
1,30,890,153,2,0,1,95000,0,222,2020,5,7,6,30,12,,,,,1,1,1,1,1,9,22,0,23,18,9,30,70,4,2,1,45,45,3,61,31,0,,,,,,,3,0,50,0,4,0,2,0,2,0,4,2,35.75255361111111,139.5039663888889,5,3,,,,
1,30,890,159,2,0,1,30000,0,222,2020,5,22,7,30,12,,,,,2,1,1,14,7,0,23,0,23,2,9,1,70,5,4,1,45,45,13,61,31,0,,,,,,,10,0,20,0,3,0,2,0,2,0,4,2,35.76279638888889,139.52361222222223,6,3,,,,
1,30,890,161,2,0,1,30000,0,222,2020,2,14,20,10,22,,,,,2,1,1,14,7,0,23,0,23,4,9,1,70,4,2,1,55,65,3,61,31,0,,,,,,,3,0,10,0,3,0,2,0,2,0,4,2,35.75369472222222,139.50179555555556,6,3,,,,
1,30,890,163,2,0,1,21220,0,229,2020,5,19,20,0,22,,,,,3,1,2,1,1,9,22,0,23,19,7,30,70,1,2,1,65,1,14,61,31,0,,,,,,,5,0,10,0,4,0,2,0,2,0,4,2,35.7431075,139.55790805555557,3,3,,,,
1,30,890,167,2,0,1,10240,0,229,2020,5,30,11,2,12,,,,,1,1,1,14,7,0,23,0,23,5,8,1,70,1,1,1,55,65,3,61,31,0,,,,,,,10,0,50,0,3,0,2,0,2,0,4,2,35.724250833333336,139.55948472222224,7,3,,,,
1,30,890,168,2,0,1,30000,0,222,2020,3,10,18,30,21,,,,,3,1,2,14,7,0,23,0,23,2,9,1,70,5,4,1,1,75,51,61,0,0,,,,,,,0,0,20,0,3,0,0,0,0,0,4,2,35.75797194444444,139.5450338888889,3,3,,,,
1,30,890,171,2,0,1,30000,0,229,2020,5,25,23,30,22,,,,,1,1,1,14,7,0,23,0,23,3,9,1,70,5,1,1,35,75,51,61,0,0,,,,,,,0,0,10,0,3,0,0,0,0,0,4,2,35.750235,139.54575083333333,2,3,,,,
1,30,891,102,2,0,1,30000,0,213,2020,5,12,10,20,12,,,,,2,2,1,14,7,0,23,0,23,2,9,1,70,5,3,1,65,75,4,61,31,0,,,,,,,2,0,30,0,4,0,2,0,2,0,4,2,35.74998527777778,139.46810333333335,3,3,,,,
1,30,891,106,2,0,1,30000,0,221,2020,5,14,8,40,12,,,,,1,1,1,7,7,0,23,0,23,2,9,1,70,5,3,1,55,75,51,61,0,0,,,,,,,0,0,10,0,4,0,0,0,0,0,4,2,35.78957194444444,139.53333972222222,5,3,,,,
1,30,891,110,2,0,1,30000,0,213,2020,5,17,5,55,12,,,,,1,1,1,14,7,0,23,0,23,3,9,1,70,5,3,1,35,55,51,61,0,0,,,,,,,0,0,10,0,3,0,0,0,0,0,4,2,35.77404111111111,139.49511583333333,1,3,,,,
1,30,891,113,2,0,1,20000,0,221,2020,5,21,12,35,12,,,,,2,1,1,1,1,9,22,0,23,15,9,30,70,4,1,1,55,55,11,61,1,0,,,,,,,3,0,10,0,4,0,2,0,2,0,4,2,35.76596361111111,139.51635694444445,5,3,,,,
1,30,891,116,2,0,1,30000,0,213,2020,5,24,16,45,12,,,,,1,2,1,14,7,0,23,0,23,2,9,1,70,5,3,1,65,35,14,61,31,0,,,,,,,2,0,40,0,4,0,2,0,2,0,4,2,35.75333583333333,139.4822675,1,3,,,,
1,30,892,68,2,0,1,30000,0,203,2020,5,5,11,10,12,,,,,1,1,1,14,7,0,23,0,23,2,9,1,70,5,4,1,1,1,51,61,0,0,,,,,,,0,0,10,0,3,0,0,0,0,0,4,2,35.71364472222223,139.56307444444445,3,1,,,,
1,30,892,69,2,0,1,10260,0,203,2020,5,6,20,16,22,,,,,3,1,2,14,7,0,23,0,23,3,9,1,70,4,2,1,35,45,34,61,31,0,,,,,,,3,0,10,0,3,0,0,0,0,0,4,2,35.71148666666667,139.56708444444445,4,1,,,,
1,30,892,71,2,0,1,30000,0,203,2020,5,8,20,0,22,,,,,1,1,1,7,7,0,23,0,23,4,9,1,70,4,2,1,45,35,3,61,31,0,,,,,,,10,0,10,0,3,0,2,0,2,0,4,2,35.70135611111112,139.54521277777778,6,3,,,,
1,30,893,119,2,0,1,30000,0,204,2019,10,22,20,28,22,,,,,1,1,1,1,7,0,23,0,23,14,9,30,70,5,4,1,35,0,61,0,0,0,,,,,,,0,0,0,0,0,0,0,0,0,0,2,0,35.6709525,139.53575416666666,3,1,,,,
1,30,893,121,2,0,1,10750,0,204,2020,5,5,7,0,12,,,,,1,1,1,1,1,9,22,0,23,18,9,30,70,1,2,1,1,45,4,61,31,0,,,,,,,4,0,20,0,3,0,2,0,2,0,4,2,35.681483888888884,139.53361444444445,3,1,,,,
1,30,894,153,2,0,1,30000,0,208,2020,5,7,20,5,22,,,,,1,1,1,1,7,1,21,0,23,11,9,30,70,5,3,1,45,45,3,61,31,0,,,,,,,10,0,10,0,3,0,2,0,2,0,4,2,35.66500583333333,139.5839625,5,3,,,,
1,30,894,155,2,0,1,99000,0,219,2020,5,12,12,0,12,,,,,1,1,1,0,7,0,23,0,23,0,0,20,70,0,4,1,25,75,13,61,1,0,,,,,,,10,0,40,0,4,0,2,0,2,0,4,2,35.64700055555556,139.56836027777777,3,3,,,,
1,30,894,156,2,0,1,30000,0,208,2020,5,12,15,50,12,,,,,1,1,1,1,7,9,22,0,23,11,9,20,70,5,4,1,1,55,51,61,0,0,,,,,,,0,0,40,0,4,0,0,0,0,0,4,2,35.651243888888885,139.54665694444444,3,3,,,,
1,30,894,174,2,0,1,30000,0,208,2020,5,28,11,20,12,,,,,1,1,1,14,7,0,23,0,23,1,9,1,70,5,3,1,45,55,3,61,31,0,,,,,,,1,0,40,0,4,0,2,0,2,0,4,2,35.654941388888886,139.5675036111111,5,3,,,,
1,30,895,90,2,0,1,30000,0,211,2020,3,30,7,55,12,,,,,2,1,1,14,7,0,23,0,23,3,9,1,70,4,3,1,35,45,14,61,31,0,,,,,,,3,0,80,0,3,0,2,0,2,0,4,2,35.73477277777778,139.4764638888889,2,3,,,,