資料区分,都道府県コード,警察署等コード,本票番号,事故内容,死者数,負傷者数,路線コード,地点コード,市区町村コード,発生日時　　年,発生日時　　月,発生日時　　日,発生日時　　時,発生日時　　分,昼夜,日の出時刻　　時,日の出時刻　　分,日の入り時刻　　時,日の入り時刻　　分,天候,地形,路面状態,道路形状,信号機,一時停止規制　標識（当事者A）,一時停止規制　表示（当事者A）,一時停止規制　標識（当事者B）,一時停止規制　表示（当事者B）,車道幅員,道路線形,衝突地点,ゾーン規制,中央分離帯施設等,歩車道区分,事故類型,年齢（当事者A）,年齢（当事者B）,当事者種別（当事者A）,当事者種別（当事者B）,用途別（当事者A）,用途別（当事者B）,車両形状等（当事者A）,車両形状等（当事者B）,オートマチック車（当事者A）,オートマチック車（当事者B）,サポカー（当事者A）,サポカー（当事者B）,速度規制（指定のみ）（当事者A）,速度規制（指定のみ）（当事者B）,車両の衝突部位（当事者A）,車両の衝突部位（当事者B）,車両の損壊程度（当事者A）,車両の損壊程度（当事者B）,エアバッグの装備（当事者A）,エアバッグの装備（当事者B）,サイドエアバッグの装備（当事者A）,サイドエアバッグの装備（当事者B）,人身損傷程度（当事者A）,人身損傷程度（当事者B）,lat,lon,曜日(発生年月日),祝日(発生年月日),認知機能検査経過日数（当事者A）,認知機能検査経過日数（当事者B）,運転練習の方法（当事者A）,運転練習の方法（当事者B）
1,30,895,91,2,0,1,30610,0,211,2020,4,27,20,15,22,,,,,3,1,2,1,1,9,22,0,23,11,9,30,70,4,2,1,75,55,3,61,31,0,,,,,,,3,0,10,0,3,0,2,0,2,0,4,2,35.73818638888889,139.49163638888888,2,3,,,,
1,30,895,97,2,0,1,30000,0,211,2020,4,11,12,40,12,,,,,1,1,1,1,7,9,22,0,23,11,9,30,70,4,2,1,45,45,3,61,31,0,,,,,,,2,0,10,0,3,0,2,0,2,0,4,2,35.719632222222224,139.48003472222223,7,3,,,,
1,30,895,101,2,0,1,30000,0,211,2020,5,25,14,30,12,,,,,1,1,1,1,7,1,22,0,23,17,9,30,70,5,3,1,55,55,3,61,31,0,,,,,,,2,0,80,0,3,0,2,0,2,0,4,2,35.72686388888889,139.50990416666667,2,3,,,,
1,30,100,69,2,0,1,30000,0,101,2020,6,3,12,30,12,,,,,1,1,1,14,7,0,23,0,23,3,9,1,70,4,2,1,1,55,51,61,0,0,,,,,,,0,0,10,0,4,0,0,0,0,0,4,2,35.69166333333333,139.74216916666666,4,3,,,,
1,30,100,75,2,0,1,95000,0,101,2020,6,16,13,35,12,,,,,1,1,1,14,7,0,23,0,23,3,9,1,70,5,3,1,65,75,3,61,1,0,,,,,,,1,0,70,0,3,0,2,0,2,0,4,2,35.687399166666665,139.7365647222222,3,3,,,,
1,30,101,53,2,0,1,20030,0,101,2020,6,10,10,10,12,,,,,1,1,1,1,1,9,22,0,23,19,9,30,70,1,2,1,65,55,3,61,31,0,,,,,,,5,0,10,0,3,0,2,0,2,0,4,2,35.67055,139.7561375,4,3,,,,
1,30,102,45,2,0,1,10050,0,101,2020,6,11,4,25,11,,,,,1,1,1,1,1,9,22,0,23,19,9,30,70,1,2,1,45,45,12,61,31,0,,,,,,,4,0,10,0,3,0,2,0,2,0,4,2,35.695832499999995,139.75514027777777,5,3,,,,
1,30,103,27,2,0,1,30000,0,101,2020,6,18,11,25,12,,,,,2,1,1,14,7,0,23,0,23,3,9,1,70,5,3,1,55,65,3,61,31,0,,,,,,,10,0,10,0,4,0,2,0,2,0,4,2,35.69510472222222,139.78098,5,3,,,,
1,30,103,30,2,0,1,30000,0,101,2020,6,26,17,7,12,,,,,1,1,1,14,7,0,23,0,23,3,9,1,70,5,3,1,55,55,51,61,0,0,,,,,,,0,0,40,0,3,0,0,0,0,0,4,2,35.70162861111111,139.77052305555557,6,3,,,,
1,30,104,101,2,0,1,30000,0,102,2019,10,16,17,30,21,,,,,1,1,1,14,7,0,23,0,23,3,9,1,70,5,3,1,55,45,14,61,1,0,,,,,,,2,0,0,0,4,0,2,0,2,0,4,2,35.68750055555555,139.7775813888889,4,3,,,,
1,30,104,106,2,0,1,10040,0,102,2020,6,12,20,45,22,,,,,3,1,2,1,1,9,22,0,23,19,9,30,70,1,2,1,75,25,3,61,1,0,,,,,,,4,0,10,0,3,0,2,0,2,0,4,2,35.68354722222222,139.77118805555557,6,3,,,,
1,30,104,113,2,0,1,95000,0,102,2020,6,26,16,10,12,,,,,1,1,1,1,1,9,22,0,23,15,9,30,70,4,2,1,25,75,59,61,0,0,,,,,,,0,0,10,0,2,0,0,0,0,0,4,2,35.68355333333333,139.77451361111113,6,3,,,,
1,30,104,117,2,0,1,30000,0,102,2020,6,29,11,40,12,,,,,1,1,1,14,7,0,23,0,23,3,9,1,70,5,3,1,25,65,14,61,31,0,,,,,,,1,0,30,0,3,0,2,0,2,0,4,2,35.68693472222222,139.77884222222224,2,3,,,,
1,30,104,121,2,0,1,30000,0,102,2020,6,26,23,5,22,,,,,1,1,1,1,7,1,21,0,23,11,9,30,70,5,2,1,25,35,3,61,1,0,,,,,,,2,0,20,0,3,0,2,0,2,0,4,2,35.680212777777776,139.7706952777778,6,3,,,,
1,30,105,34,2,0,1,20540,0,102,2020,6,8,15,40,12,,,,,1,1,1,1,1,9,22,0,23,18,9,30,70,4,2,1,25,75,51,61,0,0,,,,,,,0,0,10,0,3,0,0,0,0,0,4,2,35.68310361111111,139.790465,2,3,,,,
1,30,105,35,2,0,1,30000,0,102,2020,6,11,19,5,21,,,,,3,1,2,14,7,0,23,0,23,4,9,1,70,5,2,1,45,35,3,61,31,0,,,,,,,10,0,80,0,4,0,2,0,2,0,4,2,35.684126111111105,139.77967722222223,5,3,,,,
1,30,107,52,2,0,1,10020,0,102,2020,6,1,16,35,12,,,,,2,1,2,1,8,8,22,0,23,18,9,30,70,1,1,1,35,1,51,61,0,0,,,,,,,0,0,10,0,3,0,0,0,0,0,4,2,35.66038944444444,139.77674861111112,2,3,,,,
1,30,108,68,2,0,1,30000,0,103,2020,5,25,21,50,22,,,,,1,1,1,14,7,0,23,0,23,3,9,1,70,5,2,1,65,45,3,61,1,0,,,,,,,10,0,40,0,4,0,2,0,2,0,4,2,35.66571277777778,139.75648972222223,2,3,,,,
1,30,108,73,2,0,1,30000,0,103,2020,6,16,18,50,13,,,,,1,1,1,14,7,0,23,0,23,2,9,1,70,5,4,1,55,35,3,61,1,0,,,,,,,10,0,55,0,3,0,2,0,2,0,4,2,35.66547194444444,139.7572925,3,3,,,,
1,30,109,56,2,0,1,30000,0,103,2020,3,30,12,50,12,,,,,2,1,1,14,7,0,23,0,23,3,9,1,70,5,2,1,45,65,51,61,0,0,,,,,,,0,0,10,0,3,0,0,0,0,0,4,2,35.648181666666666,139.75419277777777,2,3,,,,
1,30,109,62,2,0,1,10140,0,103,2020,6,13,13,0,12,,,,,3,1,2,12,7,0,23,0,23,1,9,1,70,5,2,1,75,35,51,61,0,0,,,,,,,0,0,40,0,4,0,0,0,0,0,4,2,35.641486666666665,139.74814388888888,7,3,,,,
1,30,109,66,2,0,1,10,73,103,2020,2,27,16,0,12,,,,,1,1,1,1,1,9,22,0,23,18,9,30,70,4,2,1,1,1,51,61,0,0,,,,,,,0,0,10,0,3,0,0,0,0,0,4,2,35.645157222222224,139.7385708333333,5,3,,,,
1,30,109,67,2,0,1,30000,0,103,2020,6,23,11,13,12,,,,,2,1,1,14,7,0,23,0,23,3,9,1,70,5,3,1,55,45,3,61,1,0,,,,,,,5,0,30,0,3,0,2,0,2,0,4,2,35.64510277777778,139.7542202777778,3,3,,,,
1,30,109,71,2,0,1,150,47,103,2020,6,5,19,30,21,,,,,1,1,1,14,8,0,23,0,23,6,9,1,70,1,2,1,65,0,61,0,0,0,,,,,,,0,0,0,0,0,0,0,0,0,0,2,0,35.648089444444444,139.75037472222223,6,3,,,,
1,30,110,52,2,0,1,30000,0,103,2020,6,13,11,50,12,,,,,3,1,2,14,7,0,23,0,23,2,9,1,70,5,3,1,35,35,51,61,0,0,,,,,,,0,0,10,0,4,0,0,0,0,0,4,2,35.644082222222224,139.7230113888889,7,3,,,,
1,30,110,53,2,0,1,30000,0,103,2020,6,17,7,56,12,,,,,1,1,1,14,7,0,23,0,23,2,9,1,70,5,1,1,1,0,61,0,0,0,,,,,,,0,0,0,0,0,0,0,0,0,0,2,0,35.628751111111114,139.74448638888887,4,3,,,,
1,30,111,99,2,0,1,20120,0,103,2020,6,10,18,15,13,,,,,1,1,1,1,1,9,22,0,23,17,9,30,70,5,2,1,45,25,3,61,31,0,,,,,,,5,0,40,0,4,0,2,0,2,0,4,2,35.652881388888886,139.72202916666666,4,3,,,,
1,30,111,106,2,0,1,10090,0,103,2020,6,20,20,20,22,,,,,1,1,1,14,7,0,23,0,23,5,9,1,70,1,1,1,35,25,51,61,0,0,,,,,,,0,0,10,0,3,0,0,0,0,0,4,2,35.64749861111111,139.73276972222223,7,3,,,,
1,30,111,110,2,0,1,30000,0,103,2020,6,30,15,3,12,,,,,3,1,2,14,7,0,23,0,23,2,8,1,70,5,1,1,75,45,51,61,0,0,,,,,,,0,0,10,0,3,0,0,0,0,0,2,4,35.66199694444445,139.73287805555555,3,3,,,,
1,30,112,63,2,0,1,30000,0,103,2020,6,3,14,15,12,,,,,1,1,1,14,7,0,23,0,23,3,9,1,70,5,3,1,55,45,51,61,0,0,,,,,,,0,0,40,0,3,0,0,0,0,0,4,2,35.67093083333333,139.72982611111112,4,3,,,,
1,30,112,69,2,0,1,20000,0,103,2020,6,20,12,30,12,,,,,1,1,1,1,1,9,22,0,23,15,9,30,70,4,2,1,55,25,3,61,1,0,,,,,,,2,0,50,0,3,0,2,0,2,0,4,2,35.668188888888885,139.73291555555556,7,3,,,,
1,30,112,71,2,0,1,30000,0,103,2020,6,25,14,45,12,,,,,2,1,1,1,1,9,22,0,23,14,9,30,70,4,1,1,65,55,3,61,1,0,,,,,,,3,0,40,0,4,0,2,0,2,0,4,2,35.663815,139.7145622222222,5,3,,,,
1,30,112,74,2,0,1,2460,32,103,2020,6,27,13,15,12,,,,,1,1,1,14,7,0,23,0,23,6,9,1,70,1,1,1,65,55,51,61,0,0,,,,,,,0,0,10,0,3,0,0,0,0,0,4,2,35.66767333333333,139.71453138888887,7,3,,,,
1,30,215,41,2,0,1,30000,0,109,2020,6,6,10,15,12,,,,,1,1,1,14,7,0,23,0,23,3,9,1,70,5,3,1,55,35,3,61,1,0,,,,,,,5,0,10,0,3,0,2,0,2,0,4,2,35.62051388888889,139.73927916666665,7,3,,,,
1,30,216,55,2,0,1,30000,0,109,2020,3,4,13,13,12,,,,,3,1,1,14,7,0,23,0,23,1,9,1,70,5,1,1,65,35,51,61,0,0,,,,,,,0,0,10,0,4,0,0,0,0,0,4,2,35.60774888888889,139.73256083333334,4,3,,,,
1,30,216,62,2,0,1,30000,0,109,2020,6,26,5,55,12,,,,,2,1,1,1,1,9,22,0,23,14,9,30,70,5,2,1,45,45,51,61,0,0,,,,,,,0,0,10,0,3,0,0,0,0,0,4,2,35.608040555555554,139.72991916666666,6,3,,,,
1,30,217,71,2,0,1,10150,0,109,2020,6,4,12,10,12,,,,,1,1,1,14,7,0,23,0,23,4,9,1,70,4,1,1,45,55,51,61,0,0,,,,,,,0,0,10,0,3,0,0,0,0,0,4,2,35.62560833333333,139.7263963888889,5,3,,,,
1,30,217,72,2,0,1,10,96,109,2020,6,4,16,15,12,,,,,1,1,1,7,7,0,23,0,23,6,7,20,70,1,2,1,35,65,14,61,1,0,,,,,,,5,0,30,0,3,0,2,0,2,0,4,2,35.62842444444445,139.72567083333334,5,3,,,,
1,30,217,73,2,0,1,30120,0,109,2020,6,14,19,8,21,,,,,1,1,1,14,1,0,23,0,23,5,9,1,70,1,1,1,25,35,3,61,1,0,,,,,,,10,0,40,0,4,0,2,0,2,0,4,2,35.63475666666667,139.71514027777778,1,3,,,,
1,30,218,112,2,0,1,20190,0,109,2020,6,6,16,50,12,,,,,1,1,1,1,7,0,23,0,23,14,9,30,70,4,2,1,65,0,61,0,0,0,,,,,,,0,0,0,0,0,0,0,0,0,0,2,0,35.61051694444445,139.71835444444446,7,3,,,,
1,30,218,116,2,0,1,30000,0,109,2020,6,11,14,0,12,,,,,3,1,2,14,7,0,23,0,23,2,9,1,70,5,3,1,55,25,14,61,31,0,,,,,,,2,0,80,0,4,0,2,0,2,0,4,2,35.615855,139.71391916666664,5,3,,,,
1,30,218,128,2,0,1,10,114,109,2020,6,10,12,35,12,,,,,1,1,1,1,1,9,22,0,23,17,9,30,70,1,2,1,25,65,51,61,0,0,,,,,,,0,0,40,0,3,0,0,0,0,0,4,2,35.61537222222223,139.71661555555553,4,3,,,,
1,30,218,129,2,0,1,30000,0,109,2020,6,21,14,10,12,,,,,2,1,1,14,7,0,23,0,23,3,9,1,70,5,3,1,65,75,51,61,0,0,,,,,,,0,0,10,0,4,0,0,0,0,0,4,2,35.616753611111115,139.70871527777777,1,3,,,,
1,30,218,135,2,0,1,30000,0,109,2020,6,28,18,0,12,,,,,2,1,1,14,7,0,23,0,23,2,9,20,70,5,4,1,45,35,14,61,1,0,,,,,,,2,0,30,0,4,0,2,0,2,0,4,2,35.61561944444445,139.71542805555555,1,3,,,,
1,30,219,194,1,1,0,10130,0,111,2020,6,27,22,28,22,,,,,2,1,1,1,1,9,22,0,23,18,9,30,70,5,1,1,65,75,3,61,31,0,,,,,,,4,0,10,0,3,0,2,0,2,0,4,1,35.57762805555556,139.7361222222222,7,3,,,,
1,30,219,201,2,0,1,30710,0,111,2020,6,12,23,28,22,,,,,2,1,2,14,7,0,23,0,23,4,7,1,70,4,2,1,55,75,3,61,31,0,,,,,,,3,0,10,0,3,0,2,0,2,0,4,2,35.590828333333334,139.72756055555556,6,3,,,,
1,30,219,206,2,0,1,30000,0,111,2020,5,31,23,35,22,,,,,2,1,1,7,7,0,23,0,23,3,9,1,70,5,4,1,1,25,51,61,0,0,,,,,,,0,0,10,0,3,0,0,0,0,0,4,2,35.57568583333334,139.72141222222223,1,3,,,,
1,30,219,211,2,0,1,30000,0,111,2020,6,23,13,25,12,,,,,1,1,1,14,7,0,23,0,23,4,9,1,70,5,2,1,45,45,51,61,0,0,,,,,,,0,0,12,0,3,0,0,0,0,0,4,2,35.5882975,139.72854694444445,3,3,,,,
1,30,219,212,2,0,2,30710,0,111,2020,6,23,17,35,12,,,,,1,1,1,14,7,0,23,0,23,4,9,1,70,4,2,1,55,75,35,61,31,0,,,,,,,3,0,10,0,3,0,0,0,0,0,2,2,35.59182083333334,139.72030416666666,3,3,,,,
1,30,219,219,2,0,1,30000,0,111,2020,6,28,10,35,12,,,,,3,1,1,1,7,9,22,0,23,15,9,30,70,5,2,1,55,45,1,61,1,0,,,,,,,10,0,10,0,4,0,2,0,2,0,4,2,35.58838055555556,139.72873,1,3,,,,
1,30,220,62,2,0,1,30000,0,111,2020,4,25,14,30,12,,,,,1,1,1,14,7,0,23,0,23,2,9,1,70,5,3,1,65,65,51,61,0,0,,,,,,,0,0,10,0,3,0,0,0,0,0,4,2,35.6017225,139.69787722222222,7,3,,,,
1,30,220,63,2,0,2,30000,0,111,2020,6,14,13,50,12,,,,,3,1,2,1,7,9,22,0,23,14,9,30,70,4,1,1,1,35,35,61,31,0,,,,,,,2,0,10,0,3,0,0,0,0,0,2,2,35.600074722222224,139.6990688888889,1,3,,,,
1,30,220,69,2,0,1,30000,0,111,2020,6,18,18,50,13,,,,,3,1,2,1,7,1,21,0,23,14,9,30,70,5,3,1,55,35,3,61,31,0,,,,,,,2,0,20,0,3,0,2,0,2,0,4,2,35.59085916666667,139.66992138888887,5,3,,,,
1,30,221,145,2,0,1,30000,0,111,2020,5,30,15,0,12,,,,,1,1,1,14,7,0,23,0,23,1,9,20,70,5,3,1,1,45,3,61,31,0,,,,,,,10,0,20,0,3,0,2,0,2,0,4,2,35.55993083333333,139.7345825,7,3,,,,
1,30,221,146,2,0,1,30000,0,111,2020,5,30,18,20,13,,,,,1,1,1,14,7,0,23,0,23,2,9,1,70,5,4,1,1,55,51,61,0,0,,,,,,,0,0,10,0,3,0,0,0,0,0,4,2,35.54530916666666,139.7299563888889,7,3,,,,
1,30,221,147,2,0,1,30000,0,111,2020,6,3,18,5,13,,,,,1,1,1,14,7,0,23,0,23,1,9,20,70,5,3,1,45,75,51,61,0,0,,,,,,,0,0,0,0,4,0,0,0,0,0,4,2,35.55511138888889,139.73002055555557,4,3,,,,
1,30,221,149,2,0,1,95000,0,111,2020,6,9,13,10,12,,,,,1,1,1,14,7,0,23,0,23,2,9,20,70,5,4,1,45,35,3,61,31,0,,,,,,,10,0,37,0,4,0,2,0,2,0,4,2,35.55045277777778,139.71575944444444,3,3,,,,
1,30,221,152,2,0,1,10200,0,111,2020,5,1,7,20,12,,,,,1,1,1,14,7,0,23,0,23,1,9,20,70,1,2,1,25,75,51,61,0,0,,,,,,,0,0,20,0,4,0,0,0,0,0,4,2,35.55217638888889,139.74124305555554,6,3,,,,
1,30,221,158,2,0,1,30000,0,111,2020,6,19,13,25,12,,,,,3,1,2,14,7,0,23,0,23,4,9,1,70,5,2,1,25,75,51,61,0,0,,,,,,,0,0,10,0,3,0,0,0,0,0,4,2,35.56023583333333,139.72188194444445,6,3,,,,
1,30,221,159,2,0,1,30000,0,111,2020,4,28,3,57,23,,,,,1,1,1,1,7,9,22,0,23,11,9,30,70,5,3,1,45,45,4,61,31,0,,,,,,,2,0,10,0,3,0,2,0,2,0,4,2,35.56433111111111,139.71773861111112,3,2,,,,
1,30,221,162,2,0,1,30000,0,111,2020,2,3,14,27,12,,,,,1,1,1,1,7,1,21,0,23,11,9,30,70,5,3,1,65,55,51,61,0,0,,,,,,,0,0,20,0,3,0,0,0,0,0,4,2,35.571983888888894,139.7112861111111,2,3,,,,
1,30,222,116,2,0,1,10,171,111,2020,6,2,6,55,12,,,,,2,1,1,14,7,0,23,0,23,1,9,1,70,5,2,1,25,65,51,61,0,0,,,,,,,0,0,10,0,3,0,0,0,0,0,4,2,35.567417777777784,139.6961513888889,3,3,,,,
1,30,222,117,2,0,1,10,153,111,2020,6,5,18,20,13,,,,,1,1,1,14,7,0,23,0,23,5,7,1,70,1,2,1,25,1,51,61,0,0,,,,,,,0,0,10,0,3,0,0,0,0,0,4,2,35.58252055555556,139.70277305555555,6,3,,,,
1,30,222,127,2,0,1,10,148,111,2020,6,22,23,55,22,,,,,3,1,2,1,1,9,22,0,23,17,9,30,70,4,1,1,55,45,3,61,31,0,,,,,,,5,0,50,0,3,0,2,0,2,0,4,2,35.586242222222225,139.7053886111111,2,3,,,,
1,30,222,129,2,0,1,20180,0,111,2020,6,23,17,39,12,,,,,1,1,1,1,1,9,22,0,23,11,9,30,70,5,2,1,45,1,12,61,31,0,,,,,,,10,0,40,0,4,0,2,0,2,0,4,2,35.57705527777778,139.71503888888887,3,3,,,,
1,30,325,122,2,0,1,30000,0,112,2020,6,2,17,15,12,,,,,1,1,1,1,7,1,22,0,23,11,9,30,70,5,3,1,55,55,3,61,31,0,,,,,,,2,0,20,0,3,0,2,0,2,0,4,2,35.650865833333334,139.6617486111111,3,3,,,,
1,30,325,129,2,0,1,20000,0,112,2020,5,25,16,25,12,,,,,1,1,1,14,7,0,23,0,23,3,9,1,70,4,2,1,65,35,3,61,1,0,,,,,,,3,0,10,0,3,0,2,0,2,0,4,2,35.63465083333333,139.65459194444446,2,3,,,,
1,30,325,135,2,0,1,30730,0,112,2020,6,18,12,0,12,,,,,1,1,1,1,1,9,22,0,23,15,9,30,70,4,2,1,25,45,51,61,0,0,,,,,,,0,0,10,0,4,0,0,0,0,0,4,2,35.64387361111111,139.62643194444445,5,3,,,,
1,30,325,142,2,0,1,30210,0,112,2020,6,25,12,28,12,,,,,2,1,1,14,7,0,23,0,23,1,9,1,70,4,2,1,55,1,3,61,1,0,,,,,,,3,0,10,0,3,0,2,0,2,0,4,2,35.6401525,139.6828875,5,3,,,,
1,30,325,147,2,0,1,30000,0,112,2020,6,21,17,30,12,,,,,2,1,1,14,7,0,23,0,23,2,9,1,70,5,2,1,55,35,51,61,0,0,,,,,,,0,0,40,0,3,0,0,0,0,0,4,2,35.64320277777778,139.6714783333333,1,3,,,,
1,30,325,149,2,0,1,30000,0,112,2020,6,3,15,30,12,,,,,2,1,1,14,7,0,23,0,23,2,9,1,1,5,3,1,1,1,51,61,0,0,,,,,,,0,0,0,0,3,0,0,0,0,0,4,2,35.632739722222226,139.67944277777778,4,3,,,,
1,30,326,176,2,0,1,30000,0,112,2020,6,10,7,28,12,,,,,1,1,1,14,7,0,23,0,23,2,9,1,70,5,3,1,55,35,3,61,1,0,,,,,,,10,0,60,0,3,0,2,0,2,0,4,2,35.658340277777775,139.65295666666668,4,3,,,,
1,30,326,185,2,0,1,30000,0,112,2020,6,23,3,32,23,,,,,3,1,2,1,7,0,23,0,23,14,9,30,70,5,4,1,35,0,61,0,0,0,,,,,,,0,0,0,0,0,0,0,0,0,0,2,0,35.662506388888886,139.6591963888889,3,3,,,,
1,30,326,187,2,0,1,30000,0,112,2020,6,24,0,40,22,,,,,1,1,1,14,7,0,23,0,23,2,9,1,70,5,3,1,25,55,17,61,31,0,,,,,,,2,0,20,0,4,0,2,0,2,0,4,2,35.65510416666667,139.63172527777778,4,3,,,,
1,30,326,192,2,0,1,30000,0,112,2020,6,26,14,30,12,,,,,1,1,1,14,7,0,23,0,23,1,9,1,70,5,3,1,1,75,51,61,0,0,,,,,,,0,0,10,0,4,0,0,0,0,0,4,2,35.66173444444444,139.66794694444442,6,3,,,,
1,30,327,152,1,1,0,30000,0,112,2020,6,23,13,0,12,,,,,1,1,1,1,7,1,21,0,23,15,9,30,70,5,3,1,45,1,13,61,31,0,,,,,,,10,0,50,0,3,0,2,0,2,0,4,1,35.619835555555554,139.6397697222222,3,3,,,,
1,30,327,164,2,0,1,30000,0,112,2020,6,25,8,36,12,,,,,2,1,2,1,7,9,22,0,23,17,9,20,70,5,4,1,55,1,3,61,1,0,,,,,,,1,0,40,0,3,0,2,0,2,0,4,2,35.61629222222222,139.6234288888889,5,3,,,,
1,30,327,167,2,0,1,30000,0,112,2020,6,16,18,15,13,,,,,1,1,1,1,7,9,22,0,23,14,9,30,70,5,4,1,65,1,51,61,0,0,,,,,,,0,0,10,0,3,0,0,0,0,0,4,2,35.60025805555556,139.64793944444443,3,3,,,,
1,30,327,175,2,0,1,2460,110,112,2020,6,18,8,35,12,,,,,1,1,1,7,7,0,23,0,23,1,8,1,70,1,2,1,45,25,51,61,0,0,,,,,,,0,0,10,0,4,0,0,0,0,0,4,2,35.62788361111111,139.646785,5,3,,,,
1,30,327,177,2,0,1,30200,0,112,2020,6,10,7,14,12,,,,,1,1,1,14,7,0,23,0,23,4,9,20,70,4,2,1,45,35,51,61,0,0,,,,,,,0,0,10,0,4,0,0,0,0,0,4,2,35.62514388888889,139.655475,4,3,,,,
1,30,328,187,2,0,1,30000,0,112,2020,6,1,15,0,12,,,,,3,1,2,1,7,9,22,0,23,14,9,30,70,4,2,1,65,45,13,61,31,0,,,,,,,3,0,10,0,3,0,2,0,2,0,4,2,35.65292972222222,139.61440666666667,2,3,,,,
1,30,328,190,2,0,1,30000,0,112,2020,6,4,20,45,22,,,,,1,1,1,1,1,9,22,0,23,14,9,30,70,4,2,1,1,25,4,61,31,0,,,,,,,3,0,10,0,3,0,2,0,2,0,4,2,35.642230833333336,139.60858944444445,5,3,,,,
1,30,328,199,2,0,1,30000,0,112,2020,6,15,19,10,21,,,,,1,1,1,1,7,2,22,0,23,11,9,30,70,4,3,1,35,65,3,61,31,0,,,,,,,2,0,20,0,3,0,2,0,2,0,4,2,35.66632027777778,139.60086805555554,2,3,,,,
1,30,328,200,2,0,1,30000,0,112,2020,6,17,7,18,12,,,,,1,1,1,1,1,9,22,0,23,14,9,30,70,4,3,1,55,65,13,61,31,0,,,,,,,2,0,10,0,3,0,2,0,2,0,4,2,35.65705777777777,139.5965075,4,3,,,,
1,30,328,201,2,0,1,30000,0,112,2020,6,17,9,35,12,,,,,1,1,1,14,7,0,23,0,23,1,9,1,70,5,2,1,65,65,3,61,31,0,,,,,,,2,0,10,0,4,0,2,0,2,0,4,2,35.6557375,139.62344666666667,4,3,,,,
1,30,328,202,2,0,1,30000,0,112,2020,6,7,16,0,12,,,,,1,1,1,1,7,9,22,0,23,11,9,30,70,5,3,1,25,45,13,61,31,0,,,,,,,10,0,40,0,4,0,2,0,2,0,4,2,35.668169444444445,139.60573444444444,1,3,,,,
1,30,328,208,2,0,1,30000,0,112,2020,6,24,14,50,12,,,,,2,1,1,14,7,0,23,0,23,2,9,1,70,4,2,1,55,35,4,61,31,0,,,,,,,2,0,30,0,3,0,2,0,2,0,4,2,35.66679361111111,139.60156638888887,4,3,,,,
1,30,329,66,2,0,1,30000,0,110,2020,6,1,9,40,12,,,,,3,1,1,14,7,0,23,0,23,1,9,1,70,5,4,1,45,55,14,61,1,0,,,,,,,10,0,30,0,4,0,2,0,2,0,4,2,35.65392444444444,139.69145527777778,2,3,,,,
1,30,329,67,2,0,1,10160,0,110,2020,6,2,17,20,12,,,,,1,1,1,1,1,9,22,0,23,18,9,30,70,4,1,1,55,75,51,61,0,0,,,,,,,0,0,0,0,4,0,0,0,0,0,4,2,35.63829027777778,139.70414666666665,3,3,,,,
1,30,330,74,2,0,1,20210,0,110,2020,6,6,11,33,12,,,,,1,1,1,14,7,0,23,0,23,2,9,1,70,4,3,1,45,75,3,61,31,0,,,,,,,1,0,40,0,4,0,2,0,2,0,4,2,35.61456861111111,139.6698213888889,7,3,,,,
1,30,330,79,2,0,1,30000,0,110,2020,6,23,9,3,12,,,,,2,1,2,14,7,0,23,0,23,1,9,1,1,5,3,1,65,55,3,61,31,0,,,,,,,2,0,80,0,3,0,2,0,2,0,4,2,35.62956027777778,139.6860886111111,3,3,,,,
1,30,331,71,2,0,1,30000,0,113,2020,3,16,9,25,12,,,,,1,1,1,14,7,0,23,0,23,1,9,20,70,5,4,1,55,55,17,61,31,0,,,,,,,10,0,70,0,4,0,2,0,2,0,4,2,35.64382277777778,139.71897583333333,2,3,,,,
1,30,331,74,2,0,1,30220,0,113,2020,6,23,19,25,21,,,,,1,1,1,1,1,9,22,0,23,19,8,30,70,4,1,1,35,65,51,61,0,0,,,,,,,0,0,10,0,3,0,0,0,0,0,4,2,35.6594925,139.70218083333333,3,3,,,,
1,30,333,78,2,0,1,10230,0,113,2020,6,11,16,35,12,,,,,3,1,2,14,7,0,23,0,23,2,9,1,70,4,2,1,25,1,3,61,31,0,,,,,,,4,0,50,0,3,0,2,0,2,0,4,2,35.689411944444444,139.68343083333335,5,3,,,,
1,30,435,58,2,0,1,10220,0,104,2020,6,4,12,10,12,,,,,2,1,1,14,7,0,23,0,23,2,8,1,70,5,2,1,25,75,51,61,0,0,,,,,,,0,0,40,0,3,0,0,0,0,0,4,2,35.702892777777784,139.73710333333332,5,3,,,,
1,30,435,60,2,0,1,30000,0,104,2020,6,10,18,18,13,,,,,1,1,1,1,7,9,22,0,23,14,9,30,70,4,1,1,25,75,3,61,31,0,,,,,,,2,0,40,0,3,0,2,0,2,0,4,2,35.692703055555555,139.71423,4,3,,,,
1,30,435,69,2,0,1,30280,0,104,2020,6,24,2,45,22,,,,,1,1,1,14,7,0,23,0,23,3,9,1,70,4,2,1,65,35,3,61,1,0,,,,,,,3,0,40,0,3,0,2,0,2,0,4,2,35.70337638888889,139.73292194444446,4,3,,,,