資料区分,都道府県コード,警察署等コード,本票番号,事故内容,死者数,負傷者数,路線コード,地点コード,市区町村コード,発生日時　　年,発生日時　　月,発生日時　　日,発生日時　　時,発生日時　　分,昼夜,日の出時刻　　時,日の出時刻　　分,日の入り時刻　　時,日の入り時刻　　分,天候,地形,路面状態,道路形状,信号機,一時停止規制　標識（当事者A）,一時停止規制　表示（当事者A）,一時停止規制　標識（当事者B）,一時停止規制　表示（当事者B）,車道幅員,道路線形,衝突地点,ゾーン規制,中央分離帯施設等,歩車道区分,事故類型,年齢（当事者A）,年齢（当事者B）,当事者種別（当事者A）,当事者種別（当事者B）,用途別（当事者A）,用途別（当事者B）,車両形状等（当事者A）,車両形状等（当事者B）,オートマチック車（当事者A）,オートマチック車（当事者B）,サポカー（当事者A）,サポカー（当事者B）,速度規制（指定のみ）（当事者A）,速度規制（指定のみ）（当事者B）,車両の衝突部位（当事者A）,車両の衝突部位（当事者B）,車両の損壊程度（当事者A）,車両の損壊程度（当事者B）,エアバッグの装備（当事者A）,エアバッグの装備（当事者B）,サイドエアバッグの装備（当事者A）,サイドエアバッグの装備（当事者B）,人身損傷程度（当事者A）,人身損傷程度（当事者B）,lat,lon,曜日(発生年月日),祝日(発生年月日),認知機能検査経過日数（当事者A）,認知機能検査経過日数（当事者B）,運転練習の方法（当事者A）,運転練習の方法（当事者B）
1,30,436,109,2,0,1,20000,0,104,2020,6,3,8,10,12,,,,,1,1,1,1,7,9,22,0,23,11,9,30,70,4,2,1,25,35,13,61,31,0,,,,,,,4,0,20,0,3,0,2,0,2,0,4,2,35.68832194444444,139.69026333333335,4,3,,,,
1,30,436,111,2,0,1,30000,0,104,2020,6,12,8,40,12,,,,,2,1,1,14,7,0,23,0,23,3,9,1,70,4,2,1,35,25,36,61,31,0,,,,,,,2,0,10,0,3,0,0,0,0,0,4,2,35.69327027777778,139.69251944444446,6,3,,,,
1,30,436,113,2,0,1,30000,0,104,2020,6,12,11,3,12,,,,,1,1,1,14,7,0,23,0,23,3,9,1,70,5,2,1,65,55,59,61,0,0,,,,,,,0,0,10,0,3,0,0,0,0,0,4,2,35.69526388888889,139.7002636111111,6,3,,,,
1,30,436,118,2,0,1,30000,0,104,2020,5,23,20,20,22,,,,,1,1,1,14,7,0,23,0,23,1,9,1,70,5,3,1,65,25,3,61,1,0,,,,,,,2,0,40,0,3,0,2,0,2,0,4,2,35.700005833333336,139.6976261111111,7,3,,,,
1,30,436,125,2,0,1,20320,0,104,2020,6,16,18,30,13,,,,,1,1,1,14,7,0,23,0,23,5,9,1,70,5,2,1,45,25,3,61,31,0,,,,,,,4,0,30,0,3,0,2,0,2,0,4,2,35.692813611111106,139.68708361111112,3,3,,,,
1,30,437,55,2,0,1,30000,0,104,2020,6,9,14,50,12,,,,,1,1,1,14,7,0,23,0,23,3,9,1,70,4,1,1,45,1,17,61,1,0,,,,,,,10,0,30,0,3,0,2,0,2,0,4,2,35.71366611111112,139.70508333333333,3,3,,,,
1,30,437,58,2,0,1,30000,0,104,2020,6,16,8,41,12,,,,,1,1,1,1,7,1,22,0,23,11,9,30,70,5,1,1,65,55,13,61,31,0,,,,,,,10,0,10,0,3,0,2,0,2,0,4,2,35.717332500000005,139.70431166666665,3,3,,,,
1,30,438,39,2,0,1,10090,0,104,2020,6,6,8,40,12,,,,,1,1,1,1,1,9,22,0,23,19,9,30,70,1,1,1,55,45,3,61,31,0,,,,,,,4,0,10,0,4,0,2,0,2,0,4,2,35.68987833333333,139.7043797222222,7,3,,,,
1,30,438,42,2,0,1,30000,0,104,2020,6,9,10,45,12,,,,,1,1,1,14,7,0,23,0,23,2,9,1,70,5,1,1,65,35,14,61,31,0,,,,,,,5,0,80,0,3,0,2,0,2,0,4,2,35.69217305555555,139.70475416666665,3,3,,,,
1,30,438,43,2,0,1,10120,0,104,2020,6,21,16,10,12,,,,,2,1,1,1,1,9,22,0,23,15,7,30,70,1,1,1,65,45,4,61,31,0,,,,,,,2,0,50,0,3,0,2,0,2,0,4,2,35.69302027777778,139.72412694444444,1,3,,,,
1,30,438,47,2,0,1,200,69,104,2020,6,11,18,0,13,,,,,3,1,2,14,7,0,23,0,23,3,9,1,70,1,2,1,65,45,3,61,1,0,,,,,,,1,0,10,0,3,0,2,0,2,0,4,2,35.68776694444444,139.71715305555557,5,3,,,,
1,30,439,131,2,0,1,20290,0,114,2020,6,25,13,15,12,,,,,2,1,1,14,7,0,23,0,23,3,9,1,70,4,1,1,25,0,61,0,0,0,,,,,,,0,0,0,0,0,0,0,0,0,0,2,0,35.70301277777778,139.66675194444443,5,3,,,,
1,30,440,134,2,0,1,10250,0,114,2020,6,3,9,15,12,,,,,1,1,1,1,7,9,22,0,23,14,9,30,70,5,1,1,45,1,35,61,31,0,,,,,,,3,0,10,0,3,0,0,0,0,0,4,2,35.72564361111111,139.64192916666667,4,3,,,,
1,30,440,137,2,0,1,10130,0,114,2020,6,4,20,18,22,,,,,2,1,1,14,7,0,23,0,23,4,9,1,70,1,2,1,65,25,3,61,1,0,,,,,,,4,0,10,0,3,0,2,0,2,0,4,2,35.721051111111116,139.65365833333334,5,3,,,,
1,30,440,142,2,0,1,30000,0,114,2020,6,11,8,30,12,,,,,1,1,1,14,7,0,23,0,23,3,9,1,70,5,3,1,45,35,3,61,31,0,,,,,,,2,0,20,0,4,0,2,0,2,0,4,2,35.719504444444446,139.66332333333335,5,3,,,,
1,30,440,145,2,0,1,10220,0,114,2020,6,6,10,50,12,,,,,2,1,1,14,1,0,23,0,23,4,9,1,70,4,2,1,25,55,51,61,0,0,,,,,,,0,0,20,0,3,0,0,0,0,0,4,2,35.709935,139.66567,7,3,,,,
1,30,440,161,2,0,1,20500,0,114,2020,6,27,11,30,12,,,,,2,1,1,1,7,9,22,0,23,14,9,30,70,4,3,1,35,55,51,61,0,0,,,,,,,0,0,10,0,3,0,0,0,0,0,4,2,35.72309833333333,139.63809833333332,7,3,,,,
1,30,441,119,2,0,1,30000,0,115,2020,6,10,20,45,22,,,,,1,1,1,14,7,0,23,0,23,3,9,1,70,5,3,1,65,55,3,61,1,0,,,,,,,2,0,70,0,4,0,2,0,2,0,4,2,35.69154694444444,139.65003444444446,4,3,,,,
1,30,441,128,2,0,1,30000,0,115,2020,6,23,22,31,22,,,,,1,1,1,14,7,0,23,0,23,3,9,1,70,4,2,1,65,45,3,61,1,0,,,,,,,10,0,20,0,3,0,2,0,2,0,4,2,35.70513638888889,139.63646083333333,3,3,,,,
1,30,441,133,2,0,1,95000,0,115,2020,6,28,13,35,12,,,,,2,1,1,14,7,0,23,0,23,2,9,1,70,5,2,1,55,25,59,61,0,0,,,,,,,0,0,10,0,4,0,0,0,0,0,4,2,35.70340138888889,139.63686638888888,1,3,,,,
1,30,441,135,2,0,1,30000,0,115,2020,6,30,11,50,12,,,,,2,1,1,1,7,9,22,0,23,11,9,30,70,5,4,1,35,65,51,61,0,0,,,,,,,0,0,10,0,3,0,0,0,0,0,4,2,35.70273055555556,139.63889527777778,3,3,,,,
1,30,442,133,2,0,1,20270,0,115,2020,3,7,23,19,22,,,,,3,1,2,1,1,0,23,0,23,15,9,30,70,1,2,1,35,0,61,0,0,0,,,,,,,0,0,0,0,0,0,0,0,0,0,2,0,35.68886972222222,139.61609083333332,7,3,,,,
1,30,442,134,2,0,1,20000,0,115,2020,5,21,20,40,22,,,,,3,1,2,14,7,0,23,0,23,6,9,20,70,1,2,1,55,0,61,0,0,0,,,,,,,0,0,0,0,0,0,0,0,0,0,2,0,35.67912222222222,139.65706694444444,5,3,,,,
1,30,442,137,2,0,1,10230,0,115,2020,6,28,17,22,12,,,,,1,1,1,14,7,0,23,0,23,2,9,1,70,4,2,1,35,35,51,61,0,0,,,,,,,0,0,0,0,4,0,0,0,0,0,4,2,35.683995277777775,139.65950750000002,1,3,,,,
1,30,443,106,2,0,1,30000,0,115,2020,6,19,18,15,13,,,,,3,1,2,7,7,0,23,0,23,4,9,1,1,4,2,1,55,1,4,61,31,0,,,,,,,2,0,10,0,3,0,2,0,2,0,4,2,35.721291944444445,139.62558916666669,6,3,,,,
1,30,545,36,2,0,1,30000,0,105,2020,6,27,16,55,12,,,,,2,1,1,14,7,0,23,0,23,4,9,1,70,4,3,1,55,1,3,61,31,0,,,,,,,10,0,10,0,3,0,2,0,2,0,4,2,35.71229972222223,139.7503722222222,7,3,,,,
1,30,546,47,2,0,1,2540,25,105,2020,6,11,11,53,12,,,,,2,1,1,14,7,0,23,0,23,5,9,1,70,1,1,1,35,1,52,61,0,0,,,,,,,0,0,10,0,4,0,0,0,0,0,4,2,35.71710055555556,139.73808138888887,5,3,,,,
1,30,548,31,2,0,1,20400,0,105,2020,6,27,11,50,12,,,,,1,1,1,14,7,0,23,0,23,2,9,1,70,3,1,1,75,75,3,61,31,0,,,,,,,10,0,10,0,3,0,2,0,2,0,4,2,35.72866527777778,139.75187111111111,7,3,,,,
1,30,549,51,2,0,1,2540,47,116,2020,6,1,16,20,12,,,,,2,1,2,1,1,9,22,0,23,19,9,30,70,4,1,1,35,25,3,61,31,0,,,,,,,4,0,10,0,3,0,2,0,2,0,4,2,35.73104111111111,139.72142027777778,2,3,,,,
1,30,549,53,2,0,1,2540,45,116,2020,6,14,10,51,12,,,,,1,1,2,1,1,9,22,0,23,15,9,30,70,4,2,1,25,55,51,61,0,0,,,,,,,0,0,10,0,4,0,0,0,0,0,4,2,35.729216388888894,139.72469527777778,1,3,,,,
1,30,549,60,2,0,1,30000,0,116,2020,6,29,16,59,12,,,,,1,1,5,14,7,0,23,0,23,1,9,1,70,5,4,1,1,75,51,61,0,0,,,,,,,0,0,10,0,3,0,0,0,0,0,4,2,35.73329555555556,139.72385166666666,2,3,,,,
1,30,550,66,2,0,1,30000,0,116,2020,6,3,8,45,12,,,,,1,1,1,1,1,9,22,0,23,19,9,30,70,3,1,1,45,45,34,61,31,0,,,,,,,3,0,40,0,4,0,0,0,0,0,4,2,35.731856666666665,139.70686833333332,4,3,,,,
1,30,550,69,2,0,1,10090,0,116,2020,6,11,20,10,22,,,,,3,1,2,1,1,9,22,0,23,19,9,30,70,1,1,1,1,25,3,61,31,0,,,,,,,5,0,14,0,3,0,2,0,2,0,4,2,35.73368111111111,139.71688805555556,5,3,,,,
1,30,550,71,2,0,1,30000,0,116,2020,6,12,8,10,12,,,,,1,1,1,7,7,0,23,0,23,1,9,1,70,5,3,1,65,55,14,61,31,0,,,,,,,10,0,40,0,4,0,2,0,2,0,4,2,35.74254972222222,139.70958249999998,6,3,,,,
1,30,550,74,2,0,1,20000,0,116,2020,6,12,17,30,12,,,,,2,1,1,14,7,0,23,0,23,5,9,1,70,4,1,1,65,1,3,61,1,0,,,,,,,3,0,40,0,4,0,2,0,2,0,4,2,35.73111361111111,139.70932472222222,6,3,,,,
1,30,550,75,2,0,1,30000,0,116,2020,6,16,7,53,12,,,,,1,1,1,1,1,9,22,0,23,18,9,30,70,6,1,1,45,55,3,61,31,0,,,,,,,10,0,30,0,3,0,2,0,2,0,4,2,35.73466972222222,139.71778444444445,3,3,,,,
1,30,550,77,2,0,1,30000,0,116,2020,6,25,12,30,12,,,,,2,1,1,14,7,0,23,0,23,3,9,1,70,5,2,1,25,75,51,61,0,0,,,,,,,0,0,10,0,3,0,0,0,0,0,4,2,35.73188388888889,139.71132583333332,5,3,,,,
1,30,550,80,2,0,1,30000,0,116,2020,6,28,19,50,21,,,,,2,1,1,1,1,9,22,0,23,15,9,30,70,4,1,1,45,35,3,61,1,0,,,,,,,3,0,40,0,4,0,2,0,2,0,4,2,35.73324083333333,139.71167944444443,1,3,,,,
1,30,550,81,2,0,1,30000,0,116,2020,6,5,12,0,12,,,,,1,1,1,14,7,0,23,0,23,2,9,1,70,5,3,1,35,75,3,61,1,0,,,,,,,10,0,0,0,4,0,2,0,2,0,4,2,35.73511305555556,139.7055275,6,3,,,,
1,30,550,82,2,0,1,95000,0,116,2020,6,19,9,25,12,,,,,3,1,2,14,7,0,23,0,23,5,9,1,70,3,1,1,65,25,3,61,1,0,,,,,,,3,0,40,0,4,0,2,0,2,0,4,2,35.732638333333334,139.71857805555555,6,3,,,,
1,30,551,59,2,0,2,10090,0,116,2020,2,11,22,35,22,,,,,1,1,1,1,1,9,22,0,23,19,9,30,70,4,2,1,25,1,51,61,0,0,,,,,,,0,0,10,0,3,0,0,0,0,0,4,2,35.72691972222223,139.71185666666665,3,1,,,,
1,30,551,66,2,0,1,30000,0,116,2020,6,12,21,20,22,,,,,3,1,2,14,7,0,23,0,23,3,9,1,70,5,3,1,55,65,51,61,0,0,,,,,,,0,0,10,0,3,0,0,0,0,0,4,2,35.71705888888889,139.70665722222222,6,3,,,,
1,30,551,73,2,0,1,10010,0,116,2020,6,23,17,30,12,,,,,2,1,1,14,1,0,23,0,23,4,9,1,70,5,2,1,45,55,51,61,0,0,,,,,,,0,0,20,0,4,0,0,0,0,0,4,2,35.722279722222225,139.69456722222222,3,3,,,,
1,30,552,74,2,0,1,10090,0,117,2020,6,20,22,25,22,,,,,2,1,1,14,1,0,23,0,23,4,9,1,70,5,1,1,45,75,35,61,31,0,,,,,,,4,0,10,0,3,0,0,0,0,0,4,2,35.74303694444445,139.76229333333333,7,3,,,,
1,30,552,75,2,0,1,30000,0,117,2020,6,21,19,40,21,,,,,1,1,1,1,7,9,22,0,23,14,9,30,70,4,1,1,35,75,3,61,31,0,,,,,,,2,0,10,0,3,0,2,0,2,0,4,2,35.747210555555554,139.73404472222222,1,3,,,,
1,30,552,78,2,0,1,30000,0,117,2020,6,24,11,33,12,,,,,1,1,1,1,7,1,21,0,23,11,9,30,70,5,3,1,65,1,3,61,31,0,,,,,,,2,0,20,0,3,0,2,0,2,0,4,2,35.74613055555556,139.75787333333332,4,3,,,,
1,30,553,47,2,0,1,30000,0,117,2020,6,12,22,27,22,,,,,3,1,2,1,1,9,22,0,23,14,9,30,70,4,2,1,35,1,3,61,31,0,,,,,,,2,0,10,0,3,0,2,0,2,0,4,2,35.759029166666664,139.74015166666666,6,3,,,,
1,30,553,49,2,0,1,1220,1,117,2020,6,24,17,45,12,,,,,2,1,1,7,1,0,23,0,23,4,9,20,70,1,2,1,65,65,4,61,31,0,,,,,,,4,0,10,0,3,0,2,0,2,0,4,2,35.76564361111111,139.73565527777777,4,3,,,,
1,30,554,62,2,0,1,30000,0,117,2020,6,16,17,55,12,,,,,1,1,1,14,7,0,23,0,23,3,9,1,70,5,3,1,55,45,51,61,0,0,,,,,,,0,0,40,0,4,0,0,0,0,0,4,2,35.77777277777778,139.72222833333333,3,3,,,,
1,30,555,139,2,0,1,30760,0,119,2020,4,7,18,2,13,,,,,1,1,1,14,7,0,23,0,23,3,9,1,70,5,3,1,65,55,3,61,31,0,,,,,,,2,0,40,0,4,0,2,0,2,0,4,2,35.76506194444445,139.67971138888888,3,3,,,,
1,30,555,142,2,0,1,30000,0,119,2020,6,1,11,12,12,,,,,3,1,2,1,1,9,22,0,23,14,9,30,1,4,2,1,25,65,14,61,31,0,,,,,,,2,0,10,0,4,0,2,0,2,0,4,2,35.754265833333335,139.7049236111111,2,3,,,,
1,30,555,143,2,0,1,30000,0,119,2020,6,1,19,20,21,,,,,2,1,2,1,1,9,22,0,23,15,9,30,70,5,3,1,55,45,3,61,1,0,,,,,,,1,0,20,0,4,0,2,0,2,0,4,2,35.747859166666665,139.7096247222222,2,3,,,,
1,30,555,145,2,0,1,2540,101,119,2020,4,15,14,55,12,,,,,1,1,1,1,1,9,22,0,23,14,9,30,70,1,1,1,55,65,13,61,31,0,,,,,,,10,0,10,0,3,0,2,0,2,0,4,2,35.76079166666667,139.67550055555554,4,3,,,,
1,30,555,158,2,0,1,30000,0,119,2020,6,23,4,2,23,,,,,3,1,2,14,7,0,23,0,23,3,9,1,70,4,1,1,45,75,35,61,31,0,,,,,,,2,0,10,0,4,0,0,0,0,0,4,2,35.749139166666666,139.69471805555557,3,3,,,,
1,30,555,161,2,0,1,30000,0,119,2020,6,13,15,0,12,,,,,3,1,2,1,1,9,22,0,23,15,9,30,70,4,2,1,75,35,3,61,31,0,,,,,,,2,0,40,0,4,0,2,0,2,0,4,2,35.74784138888889,139.68080166666667,7,3,,,,
1,30,555,162,2,0,1,30000,0,119,2020,6,14,13,39,12,,,,,3,1,2,14,7,0,23,0,23,3,9,1,70,4,3,1,55,55,3,61,1,0,,,,,,,2,0,40,0,3,0,2,0,2,0,4,2,35.75542222222222,139.6953613888889,1,3,,,,
1,30,556,123,2,0,1,30000,0,119,2020,6,5,17,45,12,,,,,1,1,1,14,7,0,23,0,23,1,9,1,70,4,1,1,1,75,51,61,0,0,,,,,,,0,0,10,0,3,0,0,0,0,0,4,2,35.76815861111111,139.68871555555555,6,3,,,,
1,30,556,140,2,0,1,170,127,119,2020,6,29,10,49,12,,,,,1,1,1,1,8,9,22,0,23,17,9,20,70,4,1,1,55,35,13,61,1,0,,,,,,,10,0,40,0,3,0,2,0,2,0,4,2,35.77141916666667,139.69997555555557,2,3,,,,
1,30,557,131,2,0,1,30000,0,120,2020,6,27,14,55,12,,,,,2,1,1,14,7,0,23,0,23,3,9,1,70,5,3,1,55,45,14,61,31,0,,,,,,,2,0,10,0,3,0,2,0,2,0,4,2,35.73684638888889,139.65304527777778,7,3,,,,
1,30,558,164,2,0,1,30000,0,120,2020,6,8,16,25,12,,,,,1,1,1,7,7,0,23,0,23,2,9,1,70,5,3,1,35,1,36,61,31,0,,,,,,,10,0,10,0,3,0,0,0,0,0,4,2,35.73284638888889,139.60542694444445,2,3,,,,
1,30,558,165,2,0,1,30000,0,120,2020,6,9,10,0,12,,,,,1,1,1,14,7,0,23,0,23,2,9,1,70,5,3,1,55,35,3,61,31,0,,,,,,,2,0,60,0,3,0,2,0,2,0,4,2,35.72192027777778,139.57324277777778,3,3,,,,
1,30,558,166,2,0,1,30000,0,120,2020,6,9,16,50,12,,,,,1,1,1,7,7,0,23,0,23,3,9,1,70,4,2,1,65,75,13,61,1,0,,,,,,,3,0,50,0,3,0,2,0,2,0,4,2,35.75337916666667,139.59591694444444,3,3,,,,
1,30,558,168,2,0,1,10240,0,120,2020,6,10,7,35,12,,,,,1,1,1,14,7,0,23,0,23,4,9,1,70,1,1,1,25,55,51,61,0,0,,,,,,,0,0,40,0,4,0,0,0,0,0,4,2,35.720509444444446,139.59071916666667,4,3,,,,
1,30,558,171,2,0,1,95000,0,120,2020,6,16,10,0,12,,,,,1,1,1,14,7,0,23,0,23,3,9,1,70,5,3,1,45,75,51,61,0,0,,,,,,,0,0,14,0,4,0,0,0,0,0,4,2,35.72794861111111,139.59137750000002,3,3,,,,
1,30,558,172,2,0,1,30000,0,120,2020,6,17,8,5,12,,,,,1,1,1,14,7,0,23,0,23,3,8,1,70,5,2,1,25,1,51,61,0,0,,,,,,,0,0,10,0,4,0,0,0,0,0,4,2,35.76173638888889,139.59512916666668,4,3,,,,
1,30,558,173,2,0,1,30000,0,120,2020,6,10,17,5,12,,,,,1,1,1,1,7,9,22,0,23,15,9,30,70,4,2,1,65,35,3,61,31,0,,,,,,,2,0,10,0,3,0,2,0,2,0,4,2,35.74422305555556,139.60788694444443,4,3,,,,
1,30,558,182,2,0,1,10320,0,120,2020,6,28,7,45,12,,,,,2,1,1,1,7,9,22,0,23,14,8,30,70,4,2,1,65,45,3,61,31,0,,,,,,,3,0,10,0,4,0,2,0,2,0,4,2,35.74434611111111,139.60457805555555,1,3,,,,
1,30,559,79,2,0,1,30930,0,119,2020,6,22,14,55,12,,,,,3,1,2,1,7,9,22,0,23,15,9,30,70,4,2,1,75,75,35,61,31,0,,,,,,,3,0,10,0,3,0,0,0,0,0,4,2,35.790818611111106,139.65910472222222,2,3,,,,
1,30,560,128,2,0,1,20000,0,120,2020,6,10,8,7,12,,,,,1,1,1,14,7,0,23,0,23,3,9,1,70,5,3,1,55,0,61,0,0,0,,,,,,,0,0,0,0,0,0,0,0,0,0,2,0,35.750038333333336,139.61118194444444,4,3,,,,
1,30,560,130,2,0,1,30000,0,120,2020,6,15,12,10,12,,,,,1,1,1,1,1,9,22,0,23,14,9,30,1,5,3,1,65,55,3,61,31,0,,,,,,,2,0,10,0,3,0,2,0,2,0,4,2,35.751090833333336,139.62653666666668,2,3,,,,
1,30,560,133,2,0,1,30000,0,120,2020,6,23,8,55,12,,,,,2,1,1,14,7,0,23,0,23,4,9,20,70,4,2,1,35,75,51,61,0,0,,,,,,,0,0,10,0,3,0,0,0,0,0,4,2,35.762054722222224,139.61246083333333,3,3,,,,
1,30,560,135,2,0,1,30000,0,120,2020,6,23,15,12,12,,,,,1,1,1,14,7,0,23,0,23,2,9,1,70,5,4,1,55,1,3,61,31,0,,,,,,,1,0,40,0,3,0,2,0,2,0,4,2,35.76387972222222,139.623155,3,3,,,,
1,30,660,79,2,0,1,20070,0,106,2020,6,11,20,18,22,,,,,3,1,2,1,7,0,23,0,23,17,9,30,70,4,2,1,35,0,61,0,0,0,,,,,,,0,0,0,0,0,0,0,0,0,0,2,0,35.71145416666667,139.77522611111112,5,3,,,,
1,30,660,80,2,0,1,20530,0,106,2020,6,12,21,30,22,,,,,3,1,2,7,1,0,23,0,23,5,9,1,70,1,2,1,45,55,3,61,31,0,,,,,,,3,0,40,0,4,0,2,0,2,0,4,2,35.71124027777778,139.7828388888889,6,3,,,,
1,30,660,83,2,0,1,20370,0,106,2020,6,18,22,10,22,,,,,3,1,2,14,7,0,23,0,23,5,9,1,70,4,2,1,65,65,3,61,1,0,,,,,,,3,0,21,0,3,0,2,0,2,0,4,2,35.71313916666667,139.76836861111113,5,3,,,,
1,30,660,85,2,0,1,30000,0,106,2020,6,20,9,20,12,,,,,1,1,1,14,7,0,23,0,23,3,9,1,70,5,3,1,55,45,51,61,0,0,,,,,,,0,0,10,0,3,0,0,0,0,0,2,4,35.71514555555556,139.78077055555556,7,3,,,,
1,30,660,86,2,0,1,30000,0,106,2020,6,23,19,10,21,,,,,2,1,1,1,7,9,22,0,23,14,9,20,70,4,2,1,25,45,51,61,0,0,,,,,,,0,0,10,0,3,0,0,0,0,0,4,2,35.70051638888889,139.77676805555558,3,3,,,,
1,30,661,34,2,0,1,10300,0,106,2020,6,2,9,30,12,,,,,2,1,1,1,1,9,22,0,23,18,9,30,70,1,1,1,45,1,3,61,31,0,,,,,,,3,0,10,0,3,0,2,0,2,0,4,2,35.72124388888889,139.78080805555558,3,3,,,,
1,30,662,50,2,0,1,20550,0,106,2020,6,12,21,17,22,,,,,3,1,2,1,1,9,22,0,23,19,9,30,70,4,2,1,45,1,3,61,31,0,,,,,,,3,0,81,0,3,0,2,0,2,0,4,2,35.71543944444445,139.80176222222224,6,3,,,,
1,30,664,33,2,0,1,30000,0,118,2020,5,31,0,30,22,,,,,1,1,1,14,7,0,23,0,23,3,9,1,70,4,4,1,55,1,3,61,31,0,,,,,,,10,0,40,0,3,0,2,0,2,0,4,2,35.751985,139.78662333333332,1,3,,,,
1,30,665,42,2,0,1,30000,0,118,2020,6,11,21,10,22,,,,,3,1,2,7,7,0,23,0,23,2,9,20,70,5,4,1,65,55,4,61,31,0,,,,,,,1,0,40,0,4,0,2,0,2,0,4,2,35.73468666666667,139.7889625,5,3,,,,
1,30,666,55,2,0,1,30000,0,118,2020,2,29,14,50,12,,,,,1,1,1,14,7,0,23,0,23,1,9,1,70,5,3,1,35,1,51,61,0,0,,,,,,,0,0,40,0,3,0,0,0,0,0,4,2,35.73200666666667,139.77267111111112,7,3,,,,
1,30,666,60,2,0,1,20410,0,118,2020,4,6,10,24,12,,,,,1,1,1,14,7,0,23,0,23,5,9,20,70,4,1,1,35,75,51,61,0,0,,,,,,,0,0,10,0,3,0,0,0,0,0,4,2,35.732260833333335,139.76642444444445,2,3,,,,
1,30,666,62,2,0,1,21060,0,118,2020,5,30,13,0,12,,,,,1,1,1,14,7,0,23,0,23,1,9,1,70,5,3,1,75,35,3,61,31,0,,,,,,,10,0,10,0,4,0,2,0,2,0,4,2,35.74317638888889,139.77940111111113,7,3,,,,
1,30,666,63,2,0,1,30000,0,118,2020,6,20,16,35,12,,,,,1,1,1,1,7,9,22,0,23,11,9,30,70,5,3,1,35,75,3,61,31,0,,,,,,,2,0,10,0,4,0,2,0,2,0,4,2,35.73037666666667,139.78419527777777,7,3,,,,
1,30,666,65,2,0,1,30000,0,118,2020,6,23,11,30,12,,,,,2,1,1,14,7,0,23,0,23,2,9,1,70,5,1,1,55,75,3,61,1,0,,,,,,,2,0,10,0,3,0,2,0,2,0,4,2,35.74337444444445,139.77854222222223,3,3,,,,
1,30,666,67,2,0,1,30000,0,118,2020,6,25,14,5,12,,,,,2,1,1,7,7,0,23,0,23,2,9,20,70,4,2,1,75,55,13,61,31,0,,,,,,,3,0,20,0,3,0,2,0,2,0,4,2,35.7285775,139.77380555555555,5,3,,,,
1,30,666,68,2,0,1,30000,0,118,2020,6,16,20,6,22,,,,,1,1,2,1,7,9,22,0,23,11,9,30,70,5,2,1,1,35,51,61,0,0,,,,,,,0,0,10,0,3,0,0,0,0,0,4,2,35.72751166666667,139.77249861111113,3,3,,,,
1,30,667,70,2,0,1,30000,0,121,2020,6,18,9,15,12,,,,,1,1,1,14,7,0,23,0,23,1,9,1,1,5,1,1,25,25,51,61,0,0,,,,,,,0,0,30,0,4,0,0,0,0,0,4,2,35.75043194444444,139.80219416666668,5,3,,,,
1,30,667,74,2,0,1,95000,0,121,2020,6,20,8,10,12,,,,,1,1,1,14,7,0,23,0,23,3,9,1,70,4,4,1,45,35,51,61,0,0,,,,,,,0,0,10,0,3,0,0,0,0,0,4,2,35.75595083333333,139.8067027777778,7,3,,,,
1,30,668,163,2,0,1,30000,0,121,2020,6,10,9,0,12,,,,,1,1,1,1,7,1,21,0,23,15,9,30,70,4,2,1,45,75,3,61,31,0,,,,,,,2,0,50,0,4,0,2,0,2,0,4,2,35.787348888888886,139.78200722222223,4,3,,,,
1,30,668,174,2,0,1,30000,0,121,2020,6,22,13,30,12,,,,,3,1,2,1,7,9,22,0,23,11,9,30,70,4,2,1,75,45,3,61,31,0,,,,,,,2,0,20,0,3,0,2,0,2,0,4,2,35.77789444444444,139.79185222222222,2,3,,,,
1,30,668,176,2,0,1,95000,0,121,2020,5,27,8,33,12,,,,,1,1,1,0,7,0,23,0,23,0,0,20,70,0,4,1,35,35,3,61,31,0,,,,,,,10,0,20,0,3,0,2,0,2,0,4,2,35.764091666666666,139.770505,4,3,,,,
1,30,668,179,2,0,1,95000,0,121,2020,6,26,14,17,12,,,,,1,1,1,1,7,1,21,0,23,14,9,30,70,4,2,1,45,65,13,61,31,0,,,,,,,3,0,10,0,3,0,2,0,2,0,4,2,35.789161388888886,139.7601125,6,3,,,,
1,30,668,182,2,0,1,30000,0,121,2020,6,27,18,15,13,,,,,1,1,1,1,1,9,22,0,23,14,9,30,70,4,2,1,25,45,14,61,31,0,,,,,,,3,0,10,0,3,0,2,0,2,0,4,2,35.782580555555555,139.78162527777778,7,3,,,,
1,30,668,187,2,0,1,95000,0,121,2020,6,19,15,20,12,,,,,3,1,1,0,7,0,23,0,23,0,0,20,70,0,4,1,45,35,3,61,31,0,,,,,,,10,0,0,0,4,0,2,0,2,0,4,2,35.78226027777778,139.77037555555557,6,3,,,,
1,30,669,216,2,0,1,10130,0,121,2020,3,11,7,38,12,,,,,1,1,1,14,7,0,23,0,23,3,9,1,70,1,2,1,55,0,61,0,0,0,,,,,,,0,0,0,0,0,0,0,0,0,0,2,0,35.77873611111111,139.80484833333335,4,3,,,,
1,30,669,229,2,0,1,10360,0,121,2020,6,10,8,45,12,,,,,1,1,1,14,7,0,23,0,23,1,9,1,70,4,1,1,55,55,51,61,0,0,,,,,,,0,0,20,0,4,0,0,0,0,0,4,2,35.76649722222222,139.829375,4,3,,,,