資料区分,都道府県コード,警察署等コード,本票番号,事故内容,死者数,負傷者数,路線コード,地点コード,市区町村コード,発生日時　　年,発生日時　　月,発生日時　　日,発生日時　　時,発生日時　　分,昼夜,日の出時刻　　時,日の出時刻　　分,日の入り時刻　　時,日の入り時刻　　分,天候,地形,路面状態,道路形状,信号機,一時停止規制　標識（当事者A）,一時停止規制　表示（当事者A）,一時停止規制　標識（当事者B）,一時停止規制　表示（当事者B）,車道幅員,道路線形,衝突地点,ゾーン規制,中央分離帯施設等,歩車道区分,事故類型,年齢（当事者A）,年齢（当事者B）,当事者種別（当事者A）,当事者種別（当事者B）,用途別（当事者A）,用途別（当事者B）,車両形状等（当事者A）,車両形状等（当事者B）,オートマチック車（当事者A）,オートマチック車（当事者B）,サポカー（当事者A）,サポカー（当事者B）,速度規制（指定のみ）（当事者A）,速度規制（指定のみ）（当事者B）,車両の衝突部位（当事者A）,車両の衝突部位（当事者B）,車両の損壊程度（当事者A）,車両の損壊程度（当事者B）,エアバッグの装備（当事者A）,エアバッグの装備（当事者B）,サイドエアバッグの装備（当事者A）,サイドエアバッグの装備（当事者B）,人身損傷程度（当事者A）,人身損傷程度（当事者B）,lat,lon,曜日(発生年月日),祝日(発生年月日),認知機能検査経過日数（当事者A）,認知機能検査経過日数（当事者B）,運転練習の方法（当事者A）,運転練習の方法（当事者B）
1,30,669,234,2,0,1,30000,0,121,2020,6,12,20,57,22,,,,,3,1,2,1,2,9,22,0,23,14,9,30,70,5,3,1,1,65,35,61,31,0,,,,,,,2,0,10,0,3,0,0,0,0,0,4,2,35.769109444444446,139.8099402777778,6,3,,,,
1,30,669,238,2,0,1,30000,0,121,2020,6,16,9,45,12,,,,,1,1,1,1,7,1,21,0,23,14,9,30,70,1,2,1,25,75,3,61,31,0,,,,,,,10,0,50,0,3,0,2,0,2,0,4,2,35.77859111111111,139.80590444444445,3,3,,,,
1,30,669,247,2,0,1,99000,0,121,2020,6,20,15,30,12,,,,,1,1,1,0,7,0,23,0,23,0,0,20,70,0,4,1,65,35,3,61,31,0,,,,,,,10,0,70,0,3,0,2,0,2,0,4,2,35.77947916666667,139.81661583333334,7,3,,,,
1,30,669,250,2,0,1,10130,0,121,2020,6,22,17,10,12,,,,,3,1,2,14,7,0,23,0,23,3,9,1,70,1,2,1,55,45,51,61,0,0,,,,,,,0,0,10,0,3,0,0,0,0,0,4,2,35.77758083333333,139.8275786111111,2,3,,,,
1,30,670,97,2,0,1,30000,0,121,2020,6,18,18,20,13,,,,,3,1,2,14,7,0,23,0,23,3,9,1,70,1,2,1,55,1,3,61,31,0,,,,,,,3,0,40,0,3,0,2,0,2,0,4,2,35.79363972222222,139.79226555555556,5,3,,,,
1,30,670,98,2,0,1,30000,0,121,2020,6,19,19,55,21,,,,,3,1,2,7,7,0,23,0,23,2,9,1,70,5,3,1,35,45,3,61,31,0,,,,,,,3,0,10,0,3,0,2,0,2,0,4,2,35.78880611111111,139.8044513888889,6,3,,,,
1,30,771,156,2,0,1,30000,0,108,2019,4,10,8,15,12,,,,,1,1,1,14,1,0,23,0,23,3,9,1,70,1,2,1,55,45,1,61,1,0,,,,,,,1,0,0,0,3,0,2,0,2,0,4,2,35.664915,139.79640777777777,4,3,,,,
1,30,771,159,2,0,1,30000,0,108,2020,6,10,13,32,12,,,,,1,1,1,1,7,1,21,0,23,14,9,30,70,5,1,1,35,25,13,61,31,0,,,,,,,3,0,50,0,4,0,2,0,2,0,4,2,35.68069555555555,139.81801583333333,4,3,,,,
1,30,771,169,2,0,1,30000,0,108,2020,5,23,11,15,12,,,,,2,1,1,14,7,0,23,0,23,3,8,1,70,5,2,1,65,1,14,61,1,0,,,,,,,5,0,10,0,3,0,2,0,2,0,4,2,35.66517111111111,139.80200972222224,7,3,,,,
1,30,772,104,2,0,1,90000,0,108,2020,6,3,18,20,13,,,,,2,1,1,14,7,0,23,0,23,1,9,1,70,5,4,1,65,25,4,61,31,0,,,,,,,10,0,30,0,3,0,2,0,2,0,4,2,35.68356416666666,139.8353525,4,3,,,,
1,30,772,111,2,0,1,10090,0,108,2020,6,16,6,40,12,,,,,1,1,1,1,1,9,22,0,23,18,9,30,70,1,1,1,65,65,3,61,31,0,,,,,,,4,0,10,0,4,0,2,0,2,0,4,2,35.69439111111111,139.8259911111111,3,3,,,,
1,30,773,68,2,0,1,30000,0,107,2020,1,29,19,10,22,,,,,1,1,1,1,1,9,22,0,23,15,9,30,70,4,2,1,65,65,13,61,31,0,,,,,,,10,0,10,0,3,0,2,0,2,0,4,2,35.690149722222216,139.80827805555558,4,3,,,,
1,30,773,73,2,0,1,20690,0,107,2020,6,11,10,36,12,,,,,2,1,1,1,1,9,22,0,23,19,9,30,70,4,2,1,1,45,13,61,31,0,,,,,,,4,0,10,0,3,0,2,0,2,0,4,2,35.70131611111111,139.81460444444446,5,3,,,,
1,30,773,81,2,0,1,30000,0,107,2020,6,25,15,38,12,,,,,2,1,1,1,7,9,22,0,23,15,9,30,70,5,3,1,55,1,3,61,1,0,,,,,,,2,0,10,0,3,0,2,0,2,0,4,2,35.71452555555556,139.80898361111113,5,3,,,,
1,30,775,115,2,0,1,30000,0,122,2020,6,1,19,23,21,,,,,2,1,1,1,7,1,21,0,23,11,9,20,70,4,4,1,45,35,3,61,31,0,,,,,,,10,0,80,0,3,0,2,0,2,0,4,2,35.75758555555556,139.88003722222223,2,3,,,,
1,30,775,117,2,0,1,60,99,122,2020,6,9,6,0,12,,,,,1,1,1,1,1,9,22,0,23,14,9,30,70,1,1,1,45,45,11,61,31,0,,,,,,,3,0,10,0,4,0,2,0,2,0,4,2,35.74429222222222,139.84359444444445,3,3,,,,
1,30,776,85,2,0,1,99000,0,122,2020,6,17,19,55,21,,,,,1,1,1,0,7,0,23,0,23,0,0,20,70,0,4,1,55,75,3,61,31,0,,,,,,,10,0,60,0,3,0,2,0,2,0,4,2,35.73949944444445,139.8427425,4,3,,,,
1,30,776,88,2,0,1,10410,0,122,2020,6,14,22,55,22,,,,,3,1,2,14,7,0,23,0,23,3,9,1,70,4,1,1,1,55,51,61,0,0,,,,,,,0,0,10,0,3,0,0,0,0,0,4,2,35.73643138888889,139.85488805555556,1,3,,,,
1,30,777,310,2,0,1,95000,0,123,2020,6,1,17,30,12,,,,,2,1,1,1,7,9,22,0,23,11,9,30,70,5,2,1,55,65,3,61,31,0,,,,,,,10,0,40,0,3,0,2,0,2,0,4,2,35.690059722222216,139.89910138888888,2,3,,,,
1,30,777,316,2,0,1,141,0,123,2020,6,4,16,45,12,,,,,1,1,1,14,7,0,23,0,23,3,9,1,70,4,2,1,75,35,51,61,0,0,,,,,,,0,0,40,0,4,0,0,0,0,0,2,4,35.703811111111115,139.867875,5,3,,,,
1,30,777,318,2,0,1,140,0,123,2020,6,7,17,10,12,,,,,1,1,1,14,7,0,23,0,23,4,9,1,70,1,1,1,1,55,51,61,0,0,,,,,,,0,0,10,0,3,0,0,0,0,0,4,2,35.70345888888889,139.90414416666667,1,3,,,,
1,30,777,323,2,0,1,30000,0,123,2020,6,9,12,5,12,,,,,1,1,1,14,7,0,23,0,23,3,9,1,70,5,3,1,45,45,3,61,31,0,,,,,,,2,0,40,0,3,0,2,0,2,0,4,2,35.68776861111111,139.9035325,3,3,,,,
1,30,777,329,2,0,1,140,0,123,2020,6,13,8,20,12,,,,,3,1,2,1,1,9,22,0,23,17,9,30,70,1,2,1,45,35,3,61,31,0,,,,,,,2,0,10,0,3,0,2,0,2,0,4,2,35.702601111111115,139.90131305555556,7,3,,,,
1,30,777,341,2,0,1,30000,0,123,2020,6,16,10,25,12,,,,,1,1,1,14,7,0,23,0,23,4,9,20,70,5,4,1,25,55,51,61,0,0,,,,,,,0,0,10,0,3,0,0,0,0,0,4,2,35.696392777777774,139.85440444444444,3,3,,,,
1,30,777,349,2,0,1,30000,0,123,2020,6,22,20,35,22,,,,,3,1,2,14,7,0,23,0,23,4,9,1,70,4,2,1,1,25,51,61,0,0,,,,,,,0,0,20,0,3,0,0,0,0,0,4,2,35.697137777777776,139.89425,2,3,,,,
1,30,777,363,2,0,1,30000,0,123,2020,6,29,8,35,12,,,,,1,1,1,1,7,1,22,0,23,15,9,30,70,5,3,1,65,25,14,61,31,0,,,,,,,5,0,10,0,3,0,2,0,2,0,4,2,35.702525,139.90389805555557,2,3,,,,
1,30,778,89,2,0,1,10410,0,123,2020,5,13,17,35,12,,,,,1,1,1,1,1,9,22,0,23,14,9,30,70,4,2,1,45,55,3,61,31,0,,,,,,,2,0,10,0,3,0,2,0,2,0,4,2,35.7343225,139.87305972222222,4,3,,,,
1,30,778,93,2,0,1,10380,0,123,2020,6,9,19,3,21,,,,,1,1,1,7,1,0,23,0,23,3,9,1,70,5,2,1,25,75,14,61,1,0,,,,,,,10,0,10,0,3,0,2,0,2,0,4,2,35.72041777777778,139.890505,3,3,,,,
1,30,778,102,2,0,1,30000,0,123,2020,6,9,13,5,12,,,,,1,1,1,7,1,0,23,0,23,2,9,1,70,5,2,1,65,35,14,61,31,0,,,,,,,10,0,14,0,3,0,2,0,2,0,4,2,35.735796944444445,139.8800177777778,3,3,,,,
1,30,778,104,2,0,1,30000,0,123,2020,6,13,15,35,12,,,,,3,1,2,14,7,0,23,0,23,3,9,1,70,5,3,1,65,55,3,61,31,0,,,,,,,5,0,80,0,4,0,2,0,2,0,4,2,35.73395083333333,139.8797766666667,7,3,,,,
1,30,779,170,1,1,0,30000,0,123,2020,6,12,21,25,22,,,,,3,1,2,1,7,9,22,0,23,18,9,30,70,1,1,1,45,75,3,61,31,0,,,,,,,3,0,10,0,3,0,2,0,2,0,4,1,35.653748888888884,139.86334833333333,6,3,,,,
1,30,779,172,2,0,1,30000,0,123,2020,5,21,17,15,12,,,,,1,1,1,14,7,0,23,0,23,3,9,1,1,5,3,1,35,55,51,61,0,0,,,,,,,0,0,10,0,3,0,0,0,0,0,4,2,35.664275277777776,139.8709286111111,5,3,,,,
1,30,779,173,2,0,1,30000,0,123,2020,5,29,14,9,12,,,,,1,1,1,14,7,0,23,0,23,4,9,1,70,4,2,1,75,1,13,61,31,0,,,,,,,4,0,10,0,3,0,2,0,2,0,4,2,35.65676083333333,139.86308916666667,6,3,,,,
1,30,779,184,2,0,1,30000,0,123,2020,6,12,12,50,12,,,,,1,1,1,14,7,0,23,0,23,2,9,1,70,5,2,1,1,1,51,61,0,0,,,,,,,0,0,10,0,3,0,0,0,0,0,4,2,35.66439694444444,139.87386583333335,6,3,,,,
1,30,779,187,2,0,1,30000,0,123,2020,6,17,19,5,21,,,,,1,1,1,14,7,0,23,0,23,3,9,1,70,5,3,1,1,35,51,61,0,0,,,,,,,0,0,10,0,3,0,0,0,0,0,4,2,35.65273527777778,139.87576694444445,4,3,,,,
1,30,779,193,2,0,1,99000,0,123,2020,6,21,11,32,12,,,,,1,1,1,0,7,0,23,0,23,0,0,20,70,0,4,1,45,65,3,61,31,0,,,,,,,10,0,40,0,4,0,2,0,2,0,4,2,35.66950972222222,139.86363833333334,1,3,,,,
1,30,876,193,2,0,1,20770,0,201,2020,6,30,19,30,21,,,,,3,1,2,1,1,9,22,0,23,15,9,30,70,5,2,1,65,35,4,61,31,0,,,,,,,2,0,20,0,2,0,2,0,2,0,4,2,35.64384638888889,139.3455013888889,3,3,,,,
1,30,877,114,2,0,1,10490,0,201,2020,6,12,12,40,12,,,,,1,1,1,14,7,0,23,0,23,4,8,1,70,4,1,1,45,1,51,61,0,0,,,,,,,0,0,10,0,3,0,0,0,0,0,4,2,35.640074722222224,139.287,6,3,,,,
1,30,877,123,2,0,1,30000,0,201,2020,6,20,15,7,12,,,,,1,2,1,1,7,0,23,0,23,14,9,30,70,4,2,1,25,0,61,0,0,0,,,,,,,0,0,0,0,0,0,0,0,0,0,2,0,35.641863888888885,139.28022194444446,7,3,,,,
1,30,878,139,2,0,1,99000,0,224,2020,5,30,8,40,12,,,,,1,1,1,0,7,0,23,0,23,0,0,20,70,0,2,1,45,75,1,61,1,0,,,,,,,10,0,40,0,4,0,2,0,2,0,4,2,35.65121305555555,139.44730388888888,7,3,,,,
1,30,878,154,2,0,1,99000,0,224,2020,6,20,15,30,12,,,,,1,2,1,0,7,0,23,0,23,0,0,20,70,0,4,1,25,55,3,61,31,0,,,,,,,10,0,50,0,3,0,2,0,1,0,4,2,35.61369083333334,139.41128222222224,7,3,,,,
1,30,878,163,2,0,1,10510,0,224,2020,6,28,14,47,12,,,,,2,1,2,12,7,0,23,0,23,5,8,1,70,1,2,1,35,25,3,61,31,0,,,,,,,10,0,10,0,4,0,2,0,2,0,4,2,35.64731027777778,139.45524916666665,1,3,,,,
1,30,879,190,2,0,1,30000,0,223,2020,6,5,0,40,22,,,,,1,1,1,14,7,0,23,0,23,4,9,1,70,4,2,1,45,45,13,61,31,0,,,,,,,3,0,10,0,3,0,2,0,2,0,4,2,35.7517025,139.39837388888887,6,3,,,,
1,30,879,193,2,0,1,30000,0,223,2020,6,1,8,20,12,,,,,3,2,2,1,7,9,22,0,23,11,9,30,70,5,4,1,1,55,4,61,31,0,,,,,,,2,0,20,0,4,0,2,0,2,0,4,2,35.75082027777778,139.4009638888889,2,3,,,,
1,30,879,207,2,0,1,10240,0,223,2020,6,15,10,45,12,,,,,1,1,1,1,1,9,22,0,23,18,9,30,70,4,2,1,35,25,32,61,31,0,,,,,,,3,0,10,0,3,0,0,0,0,0,4,2,35.75425277777778,139.3993722222222,2,3,,,,
1,30,879,215,2,0,1,30000,0,220,2020,6,6,22,15,22,,,,,3,2,2,14,7,0,23,0,23,3,9,1,70,5,4,1,45,1,51,61,0,0,,,,,,,0,0,10,0,4,0,0,0,0,0,4,2,35.73917333333333,139.4302425,7,3,,,,
1,30,879,226,2,0,1,30000,0,220,2020,6,26,10,8,12,,,,,2,1,1,14,7,0,23,0,23,4,9,1,70,4,2,1,55,75,34,61,31,0,,,,,,,3,0,20,0,3,0,0,0,0,0,4,2,35.73664138888889,139.4426163888889,6,3,,,,
1,30,879,230,2,0,1,99000,0,223,2020,6,28,14,35,12,,,,,2,1,1,0,7,0,23,0,23,0,0,20,70,0,4,1,45,75,3,61,31,0,,,,,,,10,0,60,0,3,0,2,0,2,0,4,2,35.75053333333334,139.3896775,1,3,,,,
1,30,880,136,2,0,1,10240,0,205,2020,6,8,8,30,12,,,,,1,2,1,1,1,8,22,0,23,18,9,30,70,4,2,1,75,35,14,61,31,0,,,,,,,3,0,51,0,3,0,2,0,2,0,4,2,35.78914805555555,139.2289213888889,2,3,,,,
1,30,880,141,2,0,4,99000,0,205,2020,6,12,11,40,12,,,,,2,1,1,0,7,0,23,0,23,0,0,20,70,0,4,1,75,35,4,61,31,0,,,,,,,10,0,30,0,3,0,2,0,2,0,4,2,35.785171388888884,139.26949472222225,6,3,,,,
1,30,880,146,2,0,1,99000,0,205,2020,6,18,12,55,12,,,,,2,2,1,0,7,0,23,0,23,0,0,20,70,0,4,1,75,35,3,61,31,0,,,,,,,10,0,10,0,3,0,2,0,2,0,4,2,35.79248555555555,139.27758416666668,5,3,,,,
1,30,880,151,2,0,1,95000,0,205,2020,5,16,12,0,12,,,,,3,2,2,0,7,0,23,0,23,0,0,20,70,0,4,1,65,75,3,61,31,0,,,,,,,5,0,30,0,3,0,2,0,2,0,4,2,35.78834222222222,139.28577833333333,7,3,,,,
1,30,881,66,2,0,1,95000,0,305,2020,6,19,19,35,21,,,,,3,2,2,0,7,0,23,0,23,0,0,20,70,0,4,1,45,1,4,61,31,0,,,,,,,10,0,50,0,3,0,2,0,2,0,4,2,35.73553138888889,139.2733141666667,6,3,,,,
1,30,881,71,2,0,1,90000,0,305,2020,6,28,14,10,12,,,,,1,2,1,0,7,0,23,0,23,0,0,20,70,0,4,1,35,1,4,61,31,0,,,,,,,10,0,20,0,4,0,2,0,2,0,4,2,35.743299722222226,139.25861083333334,1,3,,,,
1,30,882,183,2,0,1,10260,0,228,2019,11,22,20,25,22,,,,,3,2,2,14,7,0,23,0,23,3,7,1,70,4,2,1,65,75,14,61,31,0,,,,,,,3,0,80,0,3,0,2,0,2,0,4,2,35.72715416666667,139.28089083333336,6,2,,,,
1,30,882,184,2,0,1,95000,0,218,2020,5,31,22,50,22,,,,,2,1,1,0,7,0,23,0,23,0,0,20,70,0,4,1,65,35,14,61,31,0,,,,,,,10,0,30,0,3,0,2,0,2,0,4,2,35.73339388888889,139.33561722222223,1,3,,,,
1,30,882,189,2,0,1,30000,0,218,2020,6,15,11,30,12,,,,,1,1,1,14,7,0,23,0,23,3,9,1,70,5,3,1,25,55,14,61,1,0,,,,,,,1,0,30,0,3,0,2,0,2,0,4,2,35.74109138888889,139.32371555555557,2,3,,,,
1,30,884,221,2,0,1,10490,0,209,2020,6,3,12,5,12,,,,,1,1,1,14,7,0,23,0,23,4,9,1,70,4,2,1,55,1,51,61,0,0,,,,,,,0,0,10,0,3,0,0,0,0,0,4,2,35.57727611111111,139.41369916666667,4,3,,,,
1,30,884,229,2,0,1,10490,0,209,2020,6,3,9,20,12,,,,,1,1,1,7,1,0,23,0,23,1,9,1,70,4,2,1,65,1,52,61,0,0,,,,,,,0,0,10,0,3,0,0,0,0,0,4,2,35.53512,139.45795305555555,4,3,,,,
1,30,884,236,2,0,1,30000,0,209,2020,6,19,8,25,12,,,,,3,1,2,1,7,9,22,0,23,11,9,30,70,4,2,1,35,35,3,61,31,0,,,,,,,2,0,10,0,3,0,2,0,2,0,4,2,35.558233333333334,139.43171999999998,6,3,,,,
1,30,884,238,2,0,1,30000,0,209,2020,6,11,8,55,12,,,,,1,1,1,14,7,0,23,0,23,3,9,1,70,5,3,1,45,1,3,61,31,0,,,,,,,2,0,40,0,3,0,2,0,2,0,4,2,35.54651833333333,139.44679916666666,5,3,,,,
1,30,884,239,2,0,1,30000,0,209,2020,6,13,18,40,13,,,,,3,2,2,7,7,0,23,0,23,3,9,20,70,5,2,1,45,65,14,61,31,0,,,,,,,3,0,50,0,3,0,2,0,2,0,4,2,35.576952777777784,139.41129777777778,7,3,,,,
1,30,884,243,2,0,1,30000,0,209,2020,5,27,17,14,12,,,,,1,1,1,14,7,0,23,0,23,2,9,20,70,5,4,1,45,45,3,61,31,0,,,,,,,10,0,50,0,4,0,2,0,2,0,4,2,35.533632777777775,139.47234277777778,4,3,,,,
1,30,884,247,2,0,1,30000,0,209,2020,2,23,22,35,22,,,,,1,1,1,14,7,0,23,0,23,3,9,1,70,5,2,1,25,25,34,61,31,0,,,,,,,10,0,40,0,4,0,0,0,0,0,4,2,35.54184472222222,139.44789111111112,1,1,,,,
1,30,884,255,2,0,1,99000,0,209,2020,6,20,9,25,12,,,,,1,1,1,0,7,0,23,0,23,0,0,20,70,0,4,1,55,55,3,61,31,0,,,,,,,10,0,30,0,3,0,2,0,2,0,4,2,35.57616027777778,139.454615,7,3,,,,
1,30,885,185,2,0,1,20780,0,212,2020,6,4,11,30,12,,,,,1,3,1,14,7,0,23,0,23,4,7,1,70,1,1,1,55,25,51,61,0,0,,,,,,,0,0,40,0,3,0,0,0,0,0,2,4,35.66602638888889,139.41912305555556,5,3,,,,
1,30,885,193,2,0,1,30000,0,212,2020,6,11,12,10,12,,,,,3,3,2,1,1,9,22,0,23,14,9,30,70,4,1,1,35,1,2,61,1,0,,,,,,,2,0,20,0,3,0,2,0,2,0,4,2,35.66117555555555,139.39137055555554,5,3,,,,
1,30,885,201,2,0,1,10510,0,212,2020,6,20,11,40,12,,,,,1,3,1,14,1,0,23,0,23,2,9,1,70,5,1,1,1,65,51,61,0,0,,,,,,,0,0,10,0,3,0,0,0,0,0,4,2,35.66007361111111,139.41316583333335,7,3,,,,
1,30,886,168,2,0,1,30000,0,207,2020,6,5,21,0,22,,,,,1,1,1,1,3,9,22,0,23,18,9,30,70,4,2,1,65,55,3,61,31,0,,,,,,,3,0,10,0,3,0,1,0,2,0,4,2,35.7242,139.37349972222222,6,3,,,,
1,30,886,170,2,0,1,30000,0,207,2020,6,7,21,45,22,,,,,1,3,1,14,7,0,23,0,23,3,9,20,70,5,3,1,45,0,61,0,0,0,,,,,,,0,0,0,0,0,0,0,0,0,0,2,0,35.71654166666667,139.37486222222222,1,3,,,,
1,30,886,173,2,0,1,30000,0,207,2020,6,8,21,20,22,,,,,1,1,1,14,7,0,23,0,23,3,9,1,70,5,3,1,1,1,3,61,31,0,,,,,,,2,0,40,0,4,0,2,0,2,0,4,2,35.704928611111114,139.37248305555556,2,3,,,,
1,30,886,188,2,0,1,30000,0,207,2020,6,19,20,49,22,,,,,3,2,2,14,7,0,23,0,23,2,9,1,70,5,4,1,35,35,4,61,31,0,,,,,,,10,0,30,0,3,0,2,0,2,0,4,2,35.710367222222224,139.37772555555557,6,3,,,,
1,30,886,189,2,0,1,30000,0,207,2020,6,20,4,40,11,,,,,1,2,1,14,7,0,23,0,23,3,9,1,70,5,3,1,65,1,3,61,31,0,,,,,,,2,0,50,0,3,0,2,0,2,0,4,2,35.710573333333336,139.37097694444446,7,3,,,,
1,30,887,263,2,0,1,30000,0,215,2020,6,9,15,30,12,,,,,1,1,1,14,7,0,23,0,23,4,9,1,70,4,2,1,1,45,51,61,0,0,,,,,,,0,0,10,0,4,0,0,0,0,0,4,2,35.69819194444444,139.44690416666668,3,3,,,,
1,30,887,267,2,0,1,200,0,215,2020,6,13,1,5,22,,,,,2,1,2,1,1,9,22,0,23,18,9,30,70,4,2,1,35,25,3,61,31,0,,,,,,,4,0,10,0,3,0,2,0,2,0,4,2,35.68185777777777,139.43909583333334,7,3,,,,
1,30,887,270,2,0,1,30000,0,215,2020,6,13,10,55,12,,,,,3,1,1,1,7,9,22,0,23,17,9,30,70,5,2,1,65,45,3,61,31,0,,,,,,,10,0,10,0,3,0,2,0,2,0,4,2,35.68905861111111,139.4339586111111,7,3,,,,
1,30,887,273,2,0,1,30000,0,202,2020,6,5,18,10,13,,,,,1,1,1,14,7,0,23,0,23,1,9,1,1,4,2,1,1,0,61,0,0,0,,,,,,,0,0,0,0,0,0,0,0,0,0,2,0,35.73119472222223,139.41073305555557,6,3,,,,
1,30,887,286,2,0,1,30000,0,215,2020,6,19,19,20,21,,,,,3,2,2,1,7,1,22,0,23,14,7,30,70,5,2,1,55,65,17,61,31,0,,,,,,,10,0,10,0,3,0,2,0,2,0,4,2,35.701976388888895,139.42923638888888,6,3,,,,
1,30,887,295,2,0,1,10550,0,202,2020,6,25,10,15,12,,,,,2,1,1,1,7,1,21,0,23,17,9,30,70,4,1,1,45,55,4,61,31,0,,,,,,,10,0,20,0,3,0,2,0,2,0,4,2,35.69173083333333,139.39464805555554,5,3,,,,
1,30,887,298,2,0,1,30000,0,202,2020,6,26,8,7,12,,,,,2,2,1,1,1,0,23,0,23,11,9,30,70,4,1,1,1,0,61,0,0,0,,,,,,,0,0,0,0,0,0,0,0,0,0,2,0,35.7182,139.4235422222222,6,3,,,,
1,30,887,300,2,0,1,30000,0,202,2020,6,27,10,0,12,,,,,2,1,1,14,7,0,23,0,23,3,9,1,70,5,1,1,35,1,51,61,0,0,,,,,,,0,0,10,0,3,0,0,0,0,0,4,2,35.707753333333336,139.41259,7,3,,,,
1,30,887,307,2,0,1,30000,0,215,2020,6,28,15,40,12,,,,,2,1,1,14,7,0,23,0,23,3,9,1,70,4,2,1,35,45,3,61,31,0,,,,,,,2,0,50,0,3,0,2,0,2,0,4,2,35.69950972222222,139.44613555555557,1,3,,,,
1,30,887,308,2,0,1,10530,0,202,2020,6,29,16,10,12,,,,,1,2,1,7,7,0,23,0,23,1,2,1,70,4,2,1,75,1,3,61,1,0,,,,,,,3,0,10,0,3,0,2,0,2,0,4,2,35.729458055555554,139.39203583333332,2,3,,,,
1,30,887,313,2,0,1,30000,0,215,2020,6,25,9,55,12,,,,,2,1,1,7,7,0,23,0,23,1,9,1,70,5,4,1,45,75,3,61,31,0,,,,,,,1,0,30,0,4,0,2,0,2,0,4,2,35.698274722222216,139.42760444444443,5,3,,,,
1,30,888,103,2,0,1,30000,0,206,2020,6,17,10,25,12,,,,,1,1,1,1,1,9,22,0,23,14,9,30,70,5,3,1,35,75,3,61,31,0,,,,,,,2,0,10,0,3,0,2,0,2,0,4,2,35.65418555555556,139.5172713888889,4,3,,,,
1,30,888,112,2,0,1,30000,0,206,2020,6,26,7,56,12,,,,,2,1,1,1,7,9,22,0,23,11,9,20,70,5,2,1,35,1,3,61,31,0,,,,,,,10,0,10,0,3,0,2,0,2,0,4,2,35.67328,139.45663194444444,6,3,,,,
1,30,889,126,2,0,1,10750,0,210,2020,6,12,7,40,12,,,,,1,1,1,14,7,0,23,0,23,6,9,1,70,1,2,1,45,45,51,61,0,0,,,,,,,0,0,10,0,3,0,0,0,0,0,4,2,35.68948555555555,139.50302861111112,6,3,,,,
1,30,889,129,2,0,1,30600,0,210,2020,6,13,11,30,12,,,,,3,1,2,14,7,0,23,0,23,3,9,1,70,4,2,1,55,55,3,61,31,0,,,,,,,2,0,50,0,4,0,2,0,2,0,4,2,35.7057425,139.50180305555557,7,3,,,,
1,30,890,188,2,0,1,20000,0,229,2020,6,2,5,35,12,,,,,1,1,1,1,7,1,21,0,23,11,9,30,70,4,2,1,45,45,3,61,31,0,,,,,,,3,0,10,0,3,0,2,0,2,0,4,2,35.725031944444446,139.53479666666667,3,3,,,,
1,30,890,194,2,0,1,10240,0,229,2020,6,17,15,44,12,,,,,1,1,1,13,7,0,23,0,23,3,6,1,70,4,2,1,45,75,4,61,31,0,,,,,,,3,0,50,0,3,0,2,0,2,0,4,2,35.72978138888889,139.52453861111113,4,3,,,,
1,30,890,199,2,0,1,30000,0,229,2020,6,22,9,40,12,,,,,2,1,2,14,7,0,23,0,23,3,9,1,70,5,4,1,75,55,3,61,31,0,,,,,,,10,0,40,0,3,0,2,0,2,0,4,2,35.726845833333336,139.53917305555555,2,3,,,,
1,30,890,200,2,0,1,30000,0,229,2020,6,11,17,10,12,,,,,3,1,1,7,7,0,23,0,23,1,9,1,70,4,2,1,75,1,3,61,31,0,,,,,,,3,0,10,0,3,0,2,0,2,0,4,2,35.72908694444445,139.56525972222224,5,3,,,,
1,30,890,204,2,0,1,99000,0,222,2020,5,26,7,37,12,,,,,1,1,1,0,7,0,23,0,23,0,0,20,70,0,4,1,75,1,14,61,31,0,,,,,,,10,0,10,0,3,0,2,0,2,0,4,2,35.75805611111111,139.49579388888887,3,3,,,,
1,30,890,206,2,0,1,10240,0,229,2020,6,21,15,30,12,,,,,2,1,1,14,7,0,23,0,23,3,9,1,70,4,2,1,35,1,3,61,31,0,,,,,,,3,0,10,0,3,0,2,0,2,0,4,2,35.73038777777778,139.51682416666668,1,3,,,,
1,30,890,210,2,0,1,30000,0,229,2020,3,27,13,15,12,,,,,1,1,1,1,7,9,22,0,23,11,9,30,70,5,3,1,65,75,3,61,31,0,,,,,,,10,0,50,0,3,0,2,0,2,0,4,2,35.750771944444445,139.54836194444445,6,3,,,,
1,30,891,121,2,0,1,30000,0,213,2020,6,5,17,53,12,,,,,1,2,1,21,7,0,23,0,23,2,9,20,70,5,4,1,65,1,3,61,31,0,,,,,,,10,0,80,0,4,0,2,0,2,0,4,2,35.76654777777778,139.46679472222223,6,3,,,,
1,30,891,123,2,0,1,10560,0,221,2020,6,6,19,30,21,,,,,3,1,2,1,1,9,22,0,23,15,9,30,70,4,2,1,45,45,3,61,31,0,,,,,,,3,0,10,0,4,0,2,0,2,0,4,2,35.783015,139.5154797222222,7,3,,,,