資料区分,都道府県コード,警察署等コード,本票番号,事故内容,死者数,負傷者数,路線コード,地点コード,市区町村コード,発生日時　　年,発生日時　　月,発生日時　　日,発生日時　　時,発生日時　　分,昼夜,日の出時刻　　時,日の出時刻　　分,日の入り時刻　　時,日の入り時刻　　分,天候,地形,路面状態,道路形状,信号機,一時停止規制　標識（当事者A）,一時停止規制　表示（当事者A）,一時停止規制　標識（当事者B）,一時停止規制　表示（当事者B）,車道幅員,道路線形,衝突地点,ゾーン規制,中央分離帯施設等,歩車道区分,事故類型,年齢（当事者A）,年齢（当事者B）,当事者種別（当事者A）,当事者種別（当事者B）,用途別（当事者A）,用途別（当事者B）,車両形状等（当事者A）,車両形状等（当事者B）,オートマチック車（当事者A）,オートマチック車（当事者B）,サポカー（当事者A）,サポカー（当事者B）,速度規制（指定のみ）（当事者A）,速度規制（指定のみ）（当事者B）,車両の衝突部位（当事者A）,車両の衝突部位（当事者B）,車両の損壊程度（当事者A）,車両の損壊程度（当事者B）,エアバッグの装備（当事者A）,エアバッグの装備（当事者B）,サイドエアバッグの装備（当事者A）,サイドエアバッグの装備（当事者B）,人身損傷程度（当事者A）,人身損傷程度（当事者B）,lat,lon,曜日(発生年月日),祝日(発生年月日),認知機能検査経過日数（当事者A）,認知機能検査経過日数（当事者B）,運転練習の方法（当事者A）,運転練習の方法（当事者B）
1,30,891,129,2,0,1,90000,0,213,2020,6,10,19,28,21,,,,,1,1,1,13,7,0,23,0,23,2,3,20,70,5,4,1,65,75,51,61,0,0,,,,,,,0,0,10,0,4,0,0,0,0,0,2,4,35.77777722222222,139.48993027777777,4,3,,,,
1,30,891,136,2,0,1,30000,0,221,2020,6,18,18,25,13,,,,,3,1,2,1,7,1,21,0,23,14,9,30,70,5,3,1,35,45,3,61,31,0,,,,,,,2,0,10,0,3,0,2,0,2,0,4,2,35.775459444444444,139.49897916666666,5,3,,,,
1,30,891,140,2,0,1,30000,0,213,2020,6,18,8,10,12,,,,,1,1,1,7,7,0,23,0,23,2,9,1,70,5,3,1,35,35,4,61,31,0,,,,,,,2,0,10,0,3,0,2,0,2,0,4,2,35.77168666666667,139.49518333333333,5,3,,,,
1,30,892,89,2,0,1,20230,0,203,2020,6,26,6,57,12,,,,,1,1,1,1,1,9,22,0,23,14,9,30,70,4,2,1,65,45,14,61,31,0,,,,,,,2,0,10,0,3,0,2,0,2,0,4,2,35.713478055555555,139.58253916666666,6,3,,,,
1,30,892,90,2,0,1,20270,0,203,2020,6,30,14,20,12,,,,,3,1,2,14,7,0,23,0,23,4,9,1,70,4,2,1,55,45,3,61,1,0,,,,,,,3,0,20,0,3,0,2,0,2,0,4,2,35.70324472222222,139.5762572222222,3,3,,,,
1,30,893,139,2,0,1,95000,0,204,2020,6,8,16,55,12,,,,,1,1,1,14,1,0,23,0,23,3,9,1,70,4,2,1,35,1,4,61,31,0,,,,,,,3,0,10,0,3,0,2,0,2,0,4,2,35.68856861111111,139.5570352777778,2,3,,,,
1,30,893,143,2,0,1,30000,0,204,2020,6,11,10,55,12,,,,,2,1,1,1,1,9,22,0,23,11,9,30,70,5,1,1,55,55,12,61,31,0,,,,,,,10,0,10,0,4,0,2,0,2,0,4,2,35.66982833333333,139.56784555555555,5,3,,,,
1,30,893,144,2,0,1,30000,0,204,2020,6,11,11,30,12,,,,,1,1,1,1,7,9,22,0,23,11,9,30,70,5,2,1,45,55,3,61,31,0,,,,,,,2,0,30,0,3,0,2,0,2,0,4,2,35.70166805555556,139.5610027777778,5,3,,,,
1,30,893,146,2,0,1,20230,0,204,2020,6,7,13,55,12,,,,,1,1,1,14,7,0,23,0,23,3,9,20,70,4,2,1,55,55,3,61,31,0,,,,,,,10,0,80,0,4,0,2,0,2,0,4,2,35.677951944444445,139.57509305555556,1,3,,,,
1,30,893,147,2,0,1,30000,0,204,2020,6,12,8,5,12,,,,,1,1,1,14,7,0,23,0,23,3,9,1,70,5,3,1,45,35,3,61,31,0,,,,,,,2,0,40,0,3,0,2,0,2,0,4,2,35.693616666666664,139.571525,6,3,,,,
1,30,893,151,2,0,1,30000,0,204,2020,6,17,15,50,12,,,,,1,1,1,7,7,0,23,0,23,2,9,1,70,5,2,1,75,1,4,61,31,0,,,,,,,2,0,10,0,3,0,2,0,2,0,4,2,35.67047833333333,139.5689975,4,3,,,,
1,30,894,184,2,0,1,30000,0,208,2020,6,10,7,50,12,,,,,1,1,1,14,7,0,23,0,23,3,9,1,70,5,2,1,35,1,51,61,0,0,,,,,,,0,0,10,0,4,0,0,0,0,0,4,2,35.669239166666664,139.56250805555555,4,3,,,,
1,30,894,187,2,0,1,200,253,208,2020,6,14,17,50,12,,,,,2,1,2,1,1,9,22,0,23,18,9,30,70,4,2,1,45,45,3,61,31,0,,,,,,,2,0,10,0,3,0,2,0,2,0,4,2,35.659935,139.53236194444446,1,3,,,,
1,30,894,191,2,0,1,10210,0,219,2020,3,10,18,40,21,,,,,3,1,2,1,1,9,22,0,23,17,9,30,70,1,3,1,25,65,4,61,31,0,,,,,,,4,0,20,0,3,0,2,0,2,0,4,2,35.62860333333333,139.57407361111112,3,3,,,,
1,30,894,200,2,0,1,95000,0,208,2020,6,13,13,17,12,,,,,3,1,2,0,7,0,23,0,23,0,0,20,70,0,2,1,45,35,1,61,1,0,,,,,,,1,0,40,0,4,0,2,0,2,0,4,2,35.658316388888885,139.57458527777777,7,3,,,,
1,30,894,205,2,0,1,30000,0,208,2020,6,26,22,45,22,,,,,1,1,1,7,7,0,23,0,23,2,9,1,70,5,4,1,45,35,3,61,31,0,,,,,,,10,0,10,0,1,0,1,0,1,0,4,2,35.655230833333334,139.5782586111111,6,3,,,,
1,30,895,105,2,0,1,30000,0,211,2020,6,9,21,3,22,,,,,1,1,1,1,7,3,22,0,23,11,9,30,70,5,2,1,25,35,3,61,31,0,,,,,,,2,0,10,0,3,0,2,0,2,0,4,2,35.72626527777778,139.51421861111112,3,3,,,,
1,30,895,109,2,0,1,30610,0,211,2020,6,9,12,10,12,,,,,1,1,1,14,7,0,23,0,23,2,9,1,70,4,2,1,45,45,3,61,31,0,,,,,,,3,0,40,0,3,0,2,0,2,0,4,2,35.73408305555556,139.5168416666667,3,3,,,,
1,30,899,3,2,0,1,99000,0,401,2020,6,26,8,5,12,,,,,2,3,2,0,7,0,23,0,23,0,0,20,70,0,4,1,55,55,4,61,31,0,,,,,,,10,0,10,0,4,0,2,0,2,0,4,2,33.07445166666667,139.79834777777776,6,3,,,,
1,30,69,284,2,0,1,50290,0,116,2020,7,17,8,37,12,,,,,2,1,1,14,7,0,23,0,23,4,9,1,70,1,3,1,25,35,3,61,31,0,,,,,,,5,0,10,0,3,0,2,0,2,0,4,2,35.730849444444445,139.69832833333334,6,3,,,,
1,30,69,297,2,0,1,50050,0,103,2020,6,12,12,11,12,,,,,1,1,1,14,7,0,23,0,23,2,9,1,70,1,4,1,55,55,11,61,31,0,,,,,,,5,0,10,0,3,0,2,0,2,0,4,2,35.641284722222224,139.75438722222222,6,3,,,,
1,30,100,81,2,0,1,2460,3,101,2020,7,16,19,35,21,,,,,1,1,1,1,1,9,22,0,23,18,9,30,70,1,1,1,45,55,3,61,1,0,,,,,,,1,0,40,0,4,0,2,0,2,0,4,2,35.677502777777775,139.74292749999998,5,3,,,,
1,30,100,84,2,0,1,99000,0,101,2020,7,27,9,45,12,,,,,1,1,1,0,7,0,23,0,23,0,0,20,70,0,4,1,55,1,51,61,0,0,,,,,,,0,0,10,0,3,0,0,0,0,0,4,2,35.69881972222222,139.7475611111111,2,3,,,,
1,30,101,63,2,0,1,10110,0,101,2020,7,20,20,20,22,,,,,1,1,1,1,1,9,22,0,23,19,9,30,70,1,2,1,25,25,4,61,31,0,,,,,,,10,0,10,0,4,0,2,0,2,0,4,2,35.67949722222222,139.75786555555555,2,3,,,,
1,30,101,68,2,0,1,20030,0,101,2020,7,13,19,50,21,,,,,3,1,2,1,1,9,22,0,23,18,9,30,70,1,1,1,45,55,3,61,1,0,,,,,,,4,0,50,0,3,0,2,0,1,0,4,2,35.687015555555554,139.76362138888888,2,3,,,,
1,30,102,51,2,0,1,20090,0,101,2020,7,6,20,50,22,,,,,3,1,2,1,1,9,22,0,23,19,9,30,70,4,1,1,65,25,3,61,1,0,,,,,,,4,0,50,0,3,0,2,0,2,0,4,2,35.695208888888885,139.76746,2,3,,,,
1,30,102,54,2,0,1,30000,0,101,2020,7,10,7,49,12,,,,,2,1,2,1,1,9,22,0,23,14,9,30,70,4,2,1,35,25,51,61,0,0,,,,,,,0,0,10,0,4,0,0,0,0,0,4,2,35.70190083333333,139.75213555555555,6,3,,,,
1,30,104,128,2,0,1,10060,0,102,2020,7,8,19,15,21,,,,,3,1,2,14,7,0,23,0,23,5,9,1,70,4,2,1,35,25,51,61,0,0,,,,,,,0,0,10,0,3,0,0,0,0,0,4,2,35.67499333333333,139.77724861111113,4,3,,,,
1,30,104,131,2,0,1,20020,0,102,2020,7,15,12,12,12,,,,,3,1,2,1,1,9,22,0,23,19,9,30,70,1,2,1,45,25,51,61,0,0,,,,,,,0,0,40,0,4,0,0,0,0,0,4,2,35.677211944444444,139.76670305555558,4,3,,,,
1,30,104,137,2,0,1,20100,0,102,2020,7,16,9,0,12,,,,,2,1,1,1,7,9,22,0,23,18,9,20,70,4,2,1,45,45,3,61,31,0,,,,,,,4,0,50,0,4,0,2,0,2,0,4,2,35.67776166666666,139.7752138888889,5,3,,,,
1,30,104,141,2,0,1,30000,0,102,2020,7,31,4,27,23,,,,,2,1,1,1,1,9,22,0,23,14,9,30,70,5,1,1,45,65,14,61,31,0,,,,,,,3,0,10,0,3,0,2,0,2,0,4,2,35.67888277777777,139.77718222222222,6,3,,,,
1,30,105,40,2,0,1,140,20,102,2020,7,11,16,50,12,,,,,2,1,2,1,1,9,22,0,23,19,9,30,70,4,2,1,45,35,51,61,0,0,,,,,,,0,0,10,0,3,0,0,0,0,0,4,2,35.69485361111111,139.78551333333334,7,3,,,,
1,30,105,43,2,0,1,10060,0,102,2020,7,25,19,50,21,,,,,2,1,1,1,1,9,22,0,23,19,9,30,70,4,2,1,25,25,51,61,0,0,,,,,,,0,0,10,0,3,0,0,0,0,0,4,2,35.6824975,139.78195916666667,7,3,,,,
1,30,106,85,2,0,1,30000,0,102,2020,7,7,19,8,21,,,,,2,1,1,1,7,9,22,0,23,14,9,30,70,1,2,1,35,55,3,61,31,0,,,,,,,5,0,30,0,3,0,2,0,2,0,4,2,35.66659027777778,139.76474638888888,3,3,,,,
1,30,106,86,2,0,1,30000,0,102,2020,7,13,16,26,12,,,,,3,1,2,1,7,1,22,0,23,15,9,30,70,5,2,1,55,55,3,61,1,0,,,,,,,10,0,10,0,4,0,2,0,2,0,4,2,35.6728075,139.76478472222223,2,3,,,,
1,30,106,87,2,0,1,95000,0,102,2020,7,14,13,55,12,,,,,2,1,1,1,7,9,22,0,23,11,9,30,70,5,2,1,65,25,14,61,1,0,,,,,,,5,0,40,0,4,0,2,0,2,0,4,2,35.67239555555555,139.76550083333333,3,3,,,,
1,30,106,94,2,0,1,30000,0,102,2020,4,3,9,27,12,,,,,1,1,1,14,7,0,23,0,23,3,9,1,70,5,3,1,45,45,3,61,1,0,,,,,,,10,0,20,0,3,0,2,0,2,0,4,2,35.66732611111111,139.76869250000001,6,3,,,,
1,30,107,58,2,0,1,20000,0,102,2020,7,2,8,20,12,,,,,1,1,1,14,7,0,23,0,23,5,9,1,70,1,1,1,25,75,51,61,0,0,,,,,,,0,0,10,0,4,0,0,0,0,0,4,2,35.66211916666666,139.78718194444446,5,3,,,,
1,30,107,61,2,0,1,30000,0,102,2020,7,10,16,2,12,,,,,2,1,1,14,7,0,23,0,23,2,9,1,70,5,4,1,1,35,51,61,0,0,,,,,,,0,0,10,0,4,0,0,0,0,0,4,2,35.666891111111106,139.78337166666665,6,3,,,,
1,30,107,72,2,0,1,20680,0,102,2020,7,24,18,40,13,,,,,2,1,2,14,7,0,23,0,23,5,9,1,70,1,2,1,75,0,61,0,0,0,,,,,,,0,0,0,0,0,0,0,0,0,0,2,0,35.663200555555555,139.78292472222225,6,1,,,,
1,30,107,73,2,0,1,10020,0,102,2020,7,30,14,25,12,,,,,1,1,1,1,1,9,22,0,23,18,9,20,70,1,2,1,55,1,51,61,0,0,,,,,,,0,0,10,0,3,0,0,0,0,0,4,2,35.66026222222222,139.77655722222224,5,3,,,,
1,30,108,80,2,0,1,20030,0,103,2020,7,13,18,45,13,,,,,3,1,2,1,1,9,22,0,23,17,9,30,70,1,1,1,45,55,51,61,0,0,,,,,,,0,0,10,0,4,0,0,0,0,0,4,2,35.667873888888884,139.75454722222221,2,3,,,,
1,30,108,83,2,0,1,20000,0,103,2020,7,17,10,50,12,,,,,2,1,2,1,1,9,22,0,23,18,9,30,70,1,2,1,45,75,13,61,31,0,,,,,,,3,0,10,0,3,0,2,0,2,0,4,2,35.65777111111111,139.75844583333333,6,3,,,,
1,30,108,91,2,0,1,30000,0,103,2020,7,16,17,8,12,,,,,2,1,1,1,7,9,22,0,23,18,9,30,70,4,2,1,45,25,51,61,0,0,,,,,,,0,0,10,0,4,0,0,0,0,0,4,2,35.6605225,139.7539686111111,5,3,,,,
1,30,109,80,2,0,1,30000,0,103,2020,7,17,19,3,21,,,,,3,1,2,14,7,0,23,0,23,4,8,1,70,5,2,1,55,75,51,61,0,0,,,,,,,0,0,10,0,3,0,0,0,0,0,4,2,35.64740166666667,139.74367611111109,6,3,,,,
1,30,110,69,2,0,1,20000,0,103,2020,7,25,21,0,22,,,,,1,1,1,14,7,0,23,0,23,3,9,1,70,4,1,1,45,1,1,61,1,0,,,,,,,2,0,10,0,4,0,2,0,2,0,4,2,35.64384805555556,139.72949527777777,7,3,,,,
1,30,110,70,2,0,1,30000,0,103,2020,7,24,19,30,21,,,,,2,1,1,14,7,0,23,0,23,3,9,1,70,5,3,1,75,45,3,61,31,0,,,,,,,1,0,20,0,4,0,2,0,2,0,4,2,35.634115,139.73201305555557,6,1,,,,
1,30,111,121,2,0,1,30000,0,103,2020,7,7,17,55,12,,,,,2,1,1,14,7,0,23,0,23,3,9,1,70,5,4,1,25,25,13,61,1,0,,,,,,,5,0,30,0,4,0,2,0,2,0,4,2,35.663601388888885,139.73409638888887,3,3,,,,
1,30,111,135,2,0,1,90000,0,103,2020,7,16,11,15,12,,,,,2,1,1,0,7,0,23,0,23,0,0,20,70,0,4,1,45,35,3,61,31,0,,,,,,,10,0,30,0,3,0,2,0,2,0,4,2,35.657395,139.72148388888888,5,3,,,,
1,30,111,137,2,0,1,20000,0,103,2020,6,26,14,39,12,,,,,1,1,1,14,7,0,23,0,23,3,9,1,70,5,3,1,65,1,3,61,1,0,,,,,,,1,0,40,0,4,0,2,0,2,0,4,2,35.65752194444444,139.71837055555557,6,3,,,,
1,30,112,78,2,0,1,20090,0,101,2020,7,3,21,44,22,,,,,3,1,2,1,1,1,22,0,23,18,9,30,70,1,2,1,45,65,3,61,1,0,,,,,,,5,0,10,0,3,0,2,0,2,0,4,2,35.676073055555555,139.73785249999997,6,3,,,,
1,30,112,82,2,0,1,30000,0,103,2020,7,14,8,55,12,,,,,3,1,2,14,7,0,23,0,23,3,8,1,70,5,3,1,25,25,13,61,31,0,,,,,,,2,0,80,0,3,0,2,0,2,0,4,2,35.66913222222222,139.73599472222222,3,3,,,,
1,30,112,83,2,0,1,30000,0,103,2020,7,14,13,25,12,,,,,3,1,2,14,7,0,23,0,23,3,8,1,70,4,2,1,45,25,3,61,1,0,,,,,,,2,0,10,0,3,0,2,0,2,0,4,2,35.673226388888885,139.73088805555557,3,3,,,,
1,30,112,86,2,0,1,2460,20,103,2020,7,16,9,49,12,,,,,2,1,1,1,1,9,22,0,23,18,9,30,70,1,2,1,35,75,12,61,1,0,,,,,,,5,0,40,0,3,0,2,0,2,0,4,2,35.67310527777777,139.72574944444446,5,3,,,,
1,30,112,93,2,0,1,20170,0,103,2020,7,31,9,24,12,,,,,2,1,1,1,7,1,21,0,23,17,9,20,70,1,1,1,45,45,3,61,1,0,,,,,,,10,0,80,0,3,0,2,0,2,0,4,2,35.66874166666666,139.74080222222221,6,3,,,,
1,30,112,95,2,0,1,2460,9,103,2020,7,31,16,50,12,,,,,1,1,1,1,1,9,22,0,23,19,9,30,70,1,1,1,45,55,52,61,0,0,,,,,,,0,0,20,0,3,0,0,0,0,0,4,2,35.67790861111111,139.73643416666664,6,3,,,,
1,30,113,117,2,0,1,10020,0,108,2020,3,3,18,32,21,,,,,1,1,1,14,7,0,23,0,23,6,9,1,70,1,1,1,45,55,51,61,0,0,,,,,,,0,0,10,0,3,0,0,0,0,0,4,2,35.64618,139.80202694444446,3,3,,,,
1,30,216,64,2,0,1,150,121,111,2020,6,24,8,40,12,,,,,1,1,1,14,7,0,23,0,23,2,9,1,70,5,2,1,45,0,61,0,0,0,,,,,,,0,0,0,0,0,0,0,0,0,0,2,0,35.58787916666667,139.73606055555555,4,3,,,,
1,30,216,65,2,0,1,150,112,109,2020,7,4,1,50,22,,,,,3,1,2,1,1,9,22,0,23,15,9,30,70,1,1,1,55,35,3,61,1,0,,,,,,,4,0,10,0,2,0,2,0,2,0,4,2,35.59617305555556,139.73696805555554,7,3,,,,
1,30,216,72,2,0,1,30000,0,109,2020,1,24,15,30,12,,,,,1,1,1,7,7,0,23,0,23,1,9,1,70,4,2,1,75,65,51,61,0,0,,,,,,,0,0,10,0,3,0,0,0,0,0,4,2,35.60368444444445,139.73257944444444,6,3,,,,
1,30,216,74,2,0,1,30000,0,109,2020,7,29,21,21,22,,,,,2,1,1,1,1,9,22,0,23,14,9,30,70,4,2,1,25,35,13,61,31,0,,,,,,,3,0,10,0,3,0,2,0,1,0,4,2,35.60478944444444,139.7306311111111,4,3,,,,
1,30,217,81,2,0,1,10160,0,109,2020,7,8,22,0,22,,,,,2,1,2,1,7,1,21,0,23,15,9,30,70,5,2,1,45,25,4,61,31,0,,,,,,,2,0,10,0,4,0,2,0,2,0,4,2,35.61940444444444,139.72779,4,3,,,,
1,30,218,138,2,0,1,30130,0,109,2020,7,1,9,32,12,,,,,3,1,2,1,7,9,22,0,23,11,9,30,70,5,3,1,75,45,3,61,1,0,,,,,,,2,0,30,0,3,0,2,0,2,0,4,2,35.60414138888889,139.70372166666667,4,3,,,,
1,30,218,140,2,0,1,30000,0,109,2020,7,3,9,52,12,,,,,1,1,1,14,7,0,23,0,23,2,9,20,70,5,3,1,55,55,3,61,31,0,,,,,,,5,0,42,0,4,0,2,0,2,0,4,2,35.60407138888889,139.71035805555553,6,3,,,,
1,30,218,149,2,0,1,30000,0,109,2020,7,12,16,50,12,,,,,1,1,1,14,7,0,23,0,23,1,9,1,70,5,3,1,55,55,3,61,31,0,,,,,,,10,0,80,0,4,0,2,0,2,0,4,2,35.604975555555555,139.70378305555553,1,3,,,,
1,30,218,153,2,0,1,10170,0,109,2020,7,19,12,50,12,,,,,1,1,1,1,7,1,21,0,23,11,7,30,70,5,3,1,45,45,3,61,31,0,,,,,,,10,0,12,0,3,0,2,0,2,0,4,2,35.60458472222222,139.69884916666666,1,3,,,,
1,30,218,154,2,0,1,30000,0,109,2020,7,21,16,20,12,,,,,2,1,1,1,7,9,22,0,23,11,9,30,70,5,3,1,45,1,4,61,31,0,,,,,,,2,0,10,0,4,0,2,0,2,0,4,2,35.61012,139.71056222222222,3,3,,,,
1,30,218,155,2,0,1,30000,0,109,2020,7,19,18,48,13,,,,,1,1,1,14,7,0,23,0,23,2,9,20,70,5,4,1,25,55,3,61,31,0,,,,,,,10,0,24,0,3,0,2,0,2,0,4,2,35.60452611111111,139.72592972222222,1,3,,,,
1,30,218,159,2,0,1,20190,0,109,2020,7,12,15,45,12,,,,,2,1,1,14,7,0,23,0,23,4,9,1,70,4,2,1,1,65,51,61,0,0,,,,,,,0,0,10,0,3,0,0,0,0,0,4,2,35.61757027777778,139.7059186111111,1,3,,,,
1,30,218,160,2,0,1,30000,0,109,2020,7,25,9,21,12,,,,,2,1,1,14,7,0,23,0,23,3,9,1,70,5,3,1,45,45,3,61,31,0,,,,,,,2,0,40,0,4,0,2,0,2,0,4,2,35.60249694444445,139.708195,7,3,,,,
1,30,218,164,2,0,1,30000,0,109,2020,7,27,19,0,21,,,,,3,1,2,1,7,9,22,0,23,14,9,30,1,5,3,1,45,45,35,61,31,0,,,,,,,2,0,11,0,3,0,0,0,0,0,4,2,35.61873222222222,139.71397555555555,2,3,,,,
1,30,218,165,2,0,1,30000,0,109,2020,7,28,9,35,12,,,,,2,1,1,14,7,0,23,0,23,1,9,1,70,5,3,1,35,1,51,61,0,0,,,,,,,0,0,10,0,4,0,0,0,0,0,4,2,35.61062027777778,139.7114225,3,3,,,,
1,30,219,224,2,0,1,99000,0,111,2020,5,24,7,0,12,,,,,1,1,1,0,7,0,23,0,23,0,0,20,70,0,4,1,75,65,51,61,0,0,,,,,,,0,0,40,0,3,0,0,0,0,0,4,2,35.57210333333334,139.74249527777778,1,3,,,,
1,30,219,226,2,0,1,30000,0,111,2020,6,23,16,0,12,,,,,1,1,1,14,7,0,23,0,23,3,9,1,70,5,2,1,45,75,51,61,0,0,,,,,,,0,0,43,0,3,0,0,0,0,0,4,2,35.58581,139.73114305555555,3,3,,,,
1,30,219,237,2,0,1,30000,0,111,2020,7,13,9,44,12,,,,,2,1,1,1,7,9,22,0,23,11,9,30,70,4,2,1,25,55,4,61,31,0,,,,,,,2,0,10,0,3,0,2,0,2,0,4,2,35.570887500000005,139.72203833333333,2,3,,,,
1,30,219,241,2,0,1,30000,0,111,2020,7,17,16,50,12,,,,,3,1,2,14,7,0,23,0,23,1,9,1,70,5,3,1,55,1,3,61,31,0,,,,,,,1,0,40,0,4,0,2,0,2,0,4,2,35.582886388888895,139.73130166666667,6,3,,,,
1,30,219,244,2,0,1,30000,0,111,2020,7,22,12,52,12,,,,,2,1,1,14,7,0,23,0,23,3,9,1,70,5,3,1,35,35,51,61,0,0,,,,,,,0,0,20,0,3,0,0,0,0,0,2,4,35.58558666666667,139.7278611111111,4,2,,,,
1,30,219,246,2,0,1,150,132,111,2020,7,29,9,40,12,,,,,2,1,1,14,7,0,23,0,23,3,9,1,70,1,2,1,25,25,51,61,0,0,,,,,,,0,0,10,0,4,0,0,0,0,0,4,2,35.57845833333334,139.73519499999998,4,3,,,,
1,30,220,72,2,0,1,30000,0,111,2020,7,2,21,0,22,,,,,1,1,1,1,7,9,22,0,23,15,9,30,70,5,3,1,35,55,14,61,1,0,,,,,,,5,0,21,0,3,0,2,0,2,0,4,2,35.601191666666665,139.69835527777778,5,3,,,,
1,30,220,74,2,0,1,30000,0,111,2020,7,5,14,50,12,,,,,2,1,1,14,7,0,23,0,23,3,8,1,70,5,3,1,45,1,14,61,1,0,,,,,,,10,0,10,0,3,0,2,0,2,0,4,2,35.59789472222222,139.7021047222222,1,3,,,,
1,30,220,77,2,0,1,30000,0,111,2020,7,15,20,35,22,,,,,3,1,2,1,1,9,22,0,23,15,8,30,1,5,2,1,35,55,3,61,31,0,,,,,,,2,0,10,0,4,0,2,0,2,0,4,2,35.596158055555556,139.66765694444445,4,3,,,,
1,30,220,79,2,0,1,10170,0,111,2020,7,17,22,0,22,,,,,3,1,2,1,1,1,21,0,23,19,9,30,70,4,1,1,45,35,14,61,1,0,,,,,,,4,0,10,0,3,0,2,0,2,0,4,2,35.58889277777778,139.678055,6,3,,,,
1,30,221,171,2,0,1,30000,0,111,2020,7,4,16,10,12,,,,,2,1,1,14,7,0,23,0,23,5,9,1,70,4,3,1,65,25,3,61,31,0,,,,,,,5,0,40,0,3,0,2,0,1,0,4,2,35.54134888888888,139.70746722222222,7,3,,,,
1,30,221,175,2,0,1,30000,0,111,2020,7,10,18,20,13,,,,,2,1,1,14,7,0,23,0,23,4,9,1,70,5,4,1,1,1,51,61,0,0,,,,,,,0,0,40,0,4,0,0,0,0,0,4,2,35.56439722222222,139.71758777777777,6,3,,,,
1,30,221,181,2,0,1,30000,0,111,2020,7,19,11,15,12,,,,,1,1,1,1,1,9,22,0,23,14,9,30,70,4,2,1,65,45,51,61,0,0,,,,,,,0,0,20,0,3,0,0,0,0,0,4,2,35.550572499999994,139.7140411111111,1,3,,,,
1,30,221,182,2,0,1,95000,0,111,2020,7,21,9,0,12,,,,,2,1,1,1,7,1,22,0,23,14,9,30,70,5,3,1,45,65,13,61,31,0,,,,,,,2,0,40,0,3,0,2,0,2,0,4,2,35.54303861111111,139.71684055555556,3,3,,,,
1,30,221,183,2,0,1,30000,0,111,2020,7,18,15,5,12,,,,,2,1,1,1,7,9,22,0,23,14,9,30,70,1,2,1,25,1,51,61,0,0,,,,,,,0,0,40,0,3,0,0,0,0,0,4,2,35.55972111111111,139.7165447222222,7,3,,,,
1,30,222,136,2,0,2,10130,0,111,2020,7,2,7,3,12,,,,,1,1,1,14,7,0,23,0,23,5,9,20,70,1,2,1,45,25,35,61,31,0,,,,,,,4,0,10,0,3,0,0,0,0,0,2,2,35.597785,139.70762833333333,5,3,,,,
1,30,222,141,2,0,1,30000,0,111,2020,7,7,12,23,12,,,,,2,1,1,14,7,0,23,0,23,3,7,1,70,4,3,1,55,1,14,61,31,0,,,,,,,2,0,50,0,3,0,2,0,2,0,4,2,35.59568222222222,139.70619194444444,3,3,,,,
1,30,222,143,2,0,1,20180,0,111,2020,2,17,20,5,22,,,,,1,1,1,14,7,0,23,0,23,4,9,1,70,4,2,1,25,35,51,61,0,0,,,,,,,0,0,10,0,3,0,0,0,0,0,2,4,35.572855277777784,139.70222333333334,2,3,,,,
1,30,325,152,2,0,1,2460,95,112,2020,7,2,0,0,22,,,,,1,1,1,14,7,0,23,0,23,4,9,1,70,1,1,1,55,25,51,61,0,0,,,,,,,0,0,10,0,3,0,0,0,0,0,4,2,35.633404166666665,139.66126500000001,5,3,,,,
1,30,325,154,2,0,1,2460,82,112,2020,7,2,3,12,22,,,,,1,1,1,1,1,9,22,0,23,17,9,30,70,1,2,1,55,45,3,61,1,0,,,,,,,10,0,30,0,3,0,2,0,2,0,4,2,35.64253111111111,139.67031388888887,5,3,,,,
1,30,325,155,2,0,1,30000,0,112,2020,7,5,14,10,12,,,,,2,1,1,14,7,0,23,0,23,1,9,1,70,5,4,1,35,75,3,61,31,0,,,,,,,2,0,30,0,4,0,2,0,2,0,4,2,35.645425833333334,139.66899694444444,1,3,,,,
1,30,325,156,2,0,1,30000,0,112,2020,7,6,6,30,12,,,,,3,1,2,1,1,9,22,0,23,11,9,30,1,5,3,1,45,1,13,61,1,0,,,,,,,2,0,10,0,3,0,2,0,2,0,4,2,35.635644166666665,139.65973,2,3,,,,
1,30,325,161,2,0,1,10210,0,112,2020,7,13,12,30,12,,,,,2,1,1,14,7,0,23,0,23,1,9,1,70,4,2,1,35,65,52,61,0,0,,,,,,,0,0,40,0,4,0,0,0,0,0,4,2,35.642758888888885,139.65017277777778,2,3,,,,
1,30,325,168,2,0,1,2460,73,112,2020,7,18,6,40,12,,,,,3,1,2,1,1,9,22,0,23,19,9,30,70,1,2,1,55,55,3,61,31,0,,,,,,,3,0,20,0,3,0,2,0,2,0,4,2,35.64738055555556,139.67810277777778,7,3,,,,
1,30,325,169,2,0,1,30000,0,112,2020,7,25,10,30,12,,,,,3,1,2,14,7,0,23,0,23,2,7,1,70,5,4,1,25,1,14,61,1,0,,,,,,,10,0,10,0,3,0,2,0,2,0,4,2,35.6482925,139.65192444444446,7,3,,,,
1,30,326,208,2,0,1,30000,0,112,2020,7,11,23,40,22,,,,,3,1,2,1,7,9,22,0,23,14,9,30,70,5,3,1,25,25,51,61,0,0,,,,,,,0,0,40,0,3,0,0,0,0,0,4,2,35.660559166666665,139.66839472222222,7,3,,,,