資料区分,都道府県コード,警察署等コード,本票番号,事故内容,死者数,負傷者数,路線コード,地点コード,市区町村コード,発生日時　　年,発生日時　　月,発生日時　　日,発生日時　　時,発生日時　　分,昼夜,日の出時刻　　時,日の出時刻　　分,日の入り時刻　　時,日の入り時刻　　分,天候,地形,路面状態,道路形状,信号機,一時停止規制　標識（当事者A）,一時停止規制　表示（当事者A）,一時停止規制　標識（当事者B）,一時停止規制　表示（当事者B）,車道幅員,道路線形,衝突地点,ゾーン規制,中央分離帯施設等,歩車道区分,事故類型,年齢（当事者A）,年齢（当事者B）,当事者種別（当事者A）,当事者種別（当事者B）,用途別（当事者A）,用途別（当事者B）,車両形状等（当事者A）,車両形状等（当事者B）,オートマチック車（当事者A）,オートマチック車（当事者B）,サポカー（当事者A）,サポカー（当事者B）,速度規制（指定のみ）（当事者A）,速度規制（指定のみ）（当事者B）,車両の衝突部位（当事者A）,車両の衝突部位（当事者B）,車両の損壊程度（当事者A）,車両の損壊程度（当事者B）,エアバッグの装備（当事者A）,エアバッグの装備（当事者B）,サイドエアバッグの装備（当事者A）,サイドエアバッグの装備（当事者B）,人身損傷程度（当事者A）,人身損傷程度（当事者B）,lat,lon,曜日(発生年月日),祝日(発生年月日),認知機能検査経過日数（当事者A）,認知機能検査経過日数（当事者B）,運転練習の方法（当事者A）,運転練習の方法（当事者B）
1,30,326,217,2,0,1,30000,0,112,2020,7,18,3,20,22,,,,,1,1,2,7,7,0,23,0,23,3,9,1,70,4,1,1,45,25,3,61,31,0,,,,,,,3,0,10,0,3,0,2,0,2,0,4,2,35.6488325,139.62870972222223,7,3,,,,
1,30,326,220,2,0,1,30000,0,112,2020,7,11,17,15,12,,,,,2,1,1,14,7,0,23,0,23,2,7,1,70,5,3,1,55,25,13,61,31,0,,,,,,,2,0,40,0,3,0,2,0,2,0,4,2,35.66067222222222,139.65142222222224,7,3,,,,
1,30,326,225,2,0,1,30000,0,112,2020,5,9,12,20,12,,,,,2,1,1,14,7,0,23,0,23,1,9,1,70,5,4,1,35,35,17,61,1,0,,,,,,,2,0,40,0,4,0,2,0,1,0,4,2,35.65987777777778,139.64586833333334,7,3,,,,
1,30,327,188,2,0,1,30000,0,112,2020,4,28,1,35,22,,,,,2,1,2,1,7,9,22,0,23,11,9,30,70,5,3,1,55,1,3,61,1,0,,,,,,,10,0,50,0,3,0,2,0,2,0,4,2,35.60022083333333,139.64490055555555,3,2,,,,
1,30,328,213,1,1,0,200,175,112,2020,7,9,22,57,22,,,,,2,1,2,1,1,9,22,0,23,18,9,30,70,5,1,1,45,1,4,61,31,0,,,,,,,4,0,10,0,2,0,2,0,2,0,4,1,35.672822499999995,139.60887027777778,5,3,,,,
1,30,328,215,2,0,1,20220,0,112,2020,4,21,17,50,13,,,,,1,1,1,14,7,0,23,0,23,3,9,1,70,5,3,1,75,35,14,61,31,0,,,,,,,2,0,40,0,3,0,2,0,2,0,4,2,35.66222111111111,139.62832166666666,3,3,,,,
1,30,328,230,2,0,1,30000,0,112,2020,7,10,16,0,12,,,,,1,1,1,14,7,0,23,0,23,3,9,1,70,5,3,1,65,35,3,61,31,0,,,,,,,5,0,40,0,3,0,2,0,2,0,4,2,35.669333055555555,139.62032944444445,6,3,,,,
1,30,328,236,2,0,1,30000,0,112,2020,7,15,8,35,12,,,,,3,1,2,14,7,0,23,0,23,3,9,1,70,4,2,1,55,45,51,61,0,0,,,,,,,0,0,20,0,4,0,0,0,0,0,4,2,35.64724361111111,139.6217775,4,3,,,,
1,30,328,240,2,0,1,30000,0,112,2020,7,30,9,50,12,,,,,2,1,1,1,1,9,22,0,23,11,9,30,70,4,2,1,45,75,17,61,1,0,,,,,,,2,0,10,0,3,0,2,0,2,0,4,2,35.652845,139.59631805555557,5,3,,,,
1,30,328,243,2,0,1,10200,0,112,2020,6,27,19,20,21,,,,,1,1,1,14,7,0,23,0,23,4,9,1,70,1,1,1,25,35,3,61,31,0,,,,,,,5,0,10,0,3,0,2,0,2,0,4,2,35.669130277777775,139.61343333333332,7,3,,,,
1,30,329,81,2,0,1,30000,0,110,2020,7,2,12,15,12,,,,,1,1,1,14,7,0,23,0,23,3,9,20,70,5,3,1,35,75,3,61,31,0,,,,,,,10,0,80,0,4,0,2,0,2,0,4,2,35.63746361111111,139.69157055555556,5,3,,,,
1,30,329,83,2,0,1,30000,0,110,2020,7,15,9,50,12,,,,,2,1,2,7,7,0,23,0,23,2,9,1,70,5,3,1,45,75,51,61,0,0,,,,,,,0,0,20,0,4,0,0,0,0,0,4,2,35.64427277777778,139.69806166666666,4,3,,,,
1,30,329,86,2,0,1,10160,0,110,2020,7,25,0,20,22,,,,,1,1,2,14,8,0,23,0,23,4,9,1,70,1,2,1,35,25,51,61,0,0,,,,,,,0,0,20,0,3,0,0,0,0,0,4,2,35.65044388888889,139.69020583333332,7,3,,,,
1,30,330,89,2,0,1,30000,0,110,2020,7,6,11,32,12,,,,,2,1,2,14,7,0,23,0,23,2,9,1,1,4,3,1,55,45,3,61,31,0,,,,,,,2,0,10,0,3,0,2,0,2,0,4,2,35.60850916666667,139.67222222222222,2,3,,,,
1,30,330,92,2,0,1,99000,0,110,2020,7,10,10,10,12,,,,,3,1,2,0,7,0,23,0,23,0,0,20,70,0,4,1,75,25,3,61,1,0,,,,,,,10,0,30,0,3,0,2,0,2,0,4,2,35.61907361111111,139.68530916666668,6,3,,,,
1,30,330,93,2,0,1,20210,0,110,2020,7,17,12,35,12,,,,,3,1,2,14,7,0,23,0,23,4,9,1,70,4,3,1,45,35,3,61,31,0,,,,,,,2,0,40,0,3,0,2,0,2,0,4,2,35.6076,139.67090583333334,6,3,,,,
1,30,330,96,2,0,1,30000,0,110,2020,7,18,16,55,12,,,,,1,1,2,14,7,0,23,0,23,2,9,1,1,4,3,1,55,45,3,61,31,0,,,,,,,2,0,40,0,3,0,2,0,2,0,4,2,35.61081611111111,139.6698936111111,7,3,,,,
1,30,330,99,2,0,1,20190,0,110,2020,7,18,17,15,12,,,,,1,1,1,14,7,0,23,0,23,3,9,1,70,4,3,1,35,55,51,61,0,0,,,,,,,0,0,40,0,4,0,0,0,0,0,4,2,35.63013361111111,139.68474083333334,7,3,,,,
1,30,330,101,2,0,1,30000,0,110,2020,7,26,17,30,12,,,,,2,1,2,1,7,9,22,0,23,11,9,30,70,5,3,1,55,1,3,61,1,0,,,,,,,10,0,10,0,3,0,2,0,2,0,4,2,35.61158388888889,139.68131888888888,1,3,,,,
1,30,331,79,2,0,1,30000,0,113,2020,7,8,10,15,12,,,,,3,1,2,14,7,0,23,0,23,4,9,1,70,4,2,1,25,35,13,61,1,0,,,,,,,2,0,80,0,3,0,2,0,2,0,4,2,35.66036416666667,139.69724416666668,4,3,,,,
1,30,331,80,2,0,1,30220,0,113,2020,7,8,23,52,22,,,,,3,1,2,14,7,0,23,0,23,4,8,1,70,4,2,1,55,55,3,61,1,0,,,,,,,3,0,10,0,3,0,2,0,2,0,4,2,35.65973583333333,139.7037861111111,4,3,,,,
1,30,331,82,2,0,1,30000,0,103,2020,7,9,3,30,22,,,,,3,1,2,14,7,0,23,0,23,1,9,1,70,5,3,1,35,45,3,61,1,0,,,,,,,5,0,87,0,3,0,2,0,2,0,4,2,35.66265722222222,139.71063999999998,5,3,,,,
1,30,331,91,2,0,1,30000,0,113,2020,7,21,17,20,12,,,,,1,1,1,14,7,0,23,0,23,3,9,20,70,4,2,1,55,1,14,61,1,0,,,,,,,2,0,10,0,3,0,2,0,2,0,4,2,35.65010916666667,139.70746388888887,3,3,,,,
1,30,332,58,2,0,1,200,87,113,2020,7,6,23,15,22,,,,,3,1,2,1,1,9,22,0,23,19,9,30,70,1,2,1,45,35,12,61,31,0,,,,,,,4,0,40,0,4,0,2,0,2,0,4,2,35.68848333333333,139.69906722222223,2,3,,,,
1,30,333,89,2,0,1,30000,0,113,2020,7,9,13,2,12,,,,,3,1,2,14,7,0,23,0,23,2,9,1,70,5,3,1,45,45,17,61,1,0,,,,,,,2,0,80,0,4,0,2,0,2,0,4,2,35.67115638888889,139.6829197222222,5,3,,,,
1,30,333,90,2,0,1,30000,0,113,2020,6,30,8,5,12,,,,,2,1,2,14,7,0,23,0,23,5,9,1,70,1,1,1,55,45,51,61,0,0,,,,,,,0,0,40,0,4,0,0,0,0,0,4,2,35.68568694444444,139.69333555555556,3,3,,,,
1,30,333,99,2,0,1,10230,0,113,2020,7,23,17,30,12,,,,,3,1,2,7,7,0,23,0,23,4,9,1,70,4,1,1,55,25,3,61,1,0,,,,,,,5,0,40,0,3,0,2,0,2,0,4,2,35.68934722222222,139.68314638888887,5,1,,,,
1,30,435,73,2,0,1,10050,0,104,2020,7,9,14,48,12,,,,,3,1,2,1,7,0,23,0,23,17,9,30,70,4,2,1,35,0,61,0,0,0,,,,,,,0,0,0,0,0,0,0,0,0,0,2,0,35.69226,139.7217225,5,3,,,,
1,30,436,130,2,0,1,30000,0,104,2020,7,1,4,15,23,,,,,1,1,1,1,7,9,22,0,23,15,9,30,70,5,3,1,55,35,3,61,1,0,,,,,,,2,0,30,0,3,0,2,0,2,0,4,2,35.69648888888889,139.7037063888889,4,3,,,,
1,30,436,132,2,0,1,20320,0,104,2020,7,22,9,5,12,,,,,1,1,1,14,7,0,23,0,23,5,8,1,70,4,2,1,25,55,3,61,31,0,,,,,,,4,0,40,0,3,0,2,0,2,0,4,2,35.689633055555554,139.688335,4,2,,,,
1,30,436,134,2,0,1,30000,0,104,2020,7,18,1,10,22,,,,,3,1,2,1,7,1,21,0,23,15,9,30,70,4,2,1,45,25,3,61,1,0,,,,,,,3,0,80,0,3,0,2,0,2,0,4,2,35.69581333333333,139.70445277777776,7,3,,,,
1,30,437,63,2,0,1,10220,0,104,2020,7,13,8,28,12,,,,,1,1,1,7,1,0,23,0,23,5,7,1,70,4,2,1,55,55,4,61,31,0,,,,,,,3,0,80,0,3,0,2,0,2,0,4,2,35.71151722222223,139.7102011111111,2,3,,,,
1,30,437,64,2,0,1,10010,0,104,2020,6,24,9,55,12,,,,,2,1,1,14,7,0,23,0,23,3,9,1,70,4,2,1,35,1,3,61,31,0,,,,,,,3,0,10,0,3,0,2,0,2,0,4,2,35.72259555555556,139.7042358333333,4,3,,,,
1,30,437,70,2,0,1,90000,0,104,2020,7,4,12,30,12,,,,,2,1,1,14,7,0,23,0,23,2,7,1,70,5,4,1,65,25,36,61,31,0,,,,,,,10,0,40,0,4,0,0,0,0,0,4,2,35.72232805555556,139.70163499999998,7,3,,,,
1,30,439,138,2,0,1,10160,0,114,2020,7,1,10,45,12,,,,,3,1,2,1,1,9,22,0,23,17,9,30,70,1,1,1,25,45,51,61,0,0,,,,,,,0,0,40,0,4,0,0,0,0,0,4,2,35.70114055555556,139.68283833333334,4,3,,,,
1,30,439,141,2,0,1,30000,0,114,2020,6,28,11,55,12,,,,,3,1,2,14,7,0,23,0,23,3,8,1,70,5,3,1,45,25,3,61,31,0,,,,,,,2,0,20,0,3,0,2,0,2,0,4,2,35.69087333333333,139.66981555555554,1,3,,,,
1,30,439,143,2,0,1,30000,0,114,2020,6,13,2,20,22,,,,,2,1,1,1,7,0,23,0,23,11,9,30,70,5,4,1,55,0,61,0,0,0,,,,,,,0,0,0,0,0,0,0,0,0,0,2,0,35.708492222222226,139.66651333333334,7,3,,,,
1,30,439,144,2,0,1,20280,0,114,2020,7,17,20,45,22,,,,,3,1,2,14,7,0,23,0,23,4,9,1,70,4,1,1,35,65,51,61,0,0,,,,,,,0,0,40,0,4,0,0,0,0,0,4,2,35.68099972222222,139.66951638888887,6,3,,,,
1,30,439,155,2,0,1,20280,0,114,2020,7,29,20,23,22,,,,,1,1,1,14,7,0,23,0,23,4,9,1,70,4,1,1,45,65,4,61,31,0,,,,,,,3,0,40,0,3,0,2,0,2,0,4,2,35.68291305555555,139.66938694444443,4,3,,,,
1,30,440,169,2,0,1,30000,0,114,2020,7,2,0,10,22,,,,,2,1,1,14,7,0,23,0,23,2,9,1,70,4,2,1,25,45,3,61,31,0,,,,,,,2,0,30,0,4,0,2,0,2,0,4,2,35.72281138888889,139.63809972222222,5,3,,,,
1,30,440,172,2,0,1,30000,0,114,2020,7,1,19,15,21,,,,,3,1,2,14,7,0,23,0,23,2,9,20,70,5,4,1,55,45,3,61,1,0,,,,,,,1,0,20,0,4,0,2,0,2,0,4,2,35.713302777777784,139.65052722222222,4,3,,,,
1,30,440,179,2,0,1,20430,0,114,2020,7,14,8,20,12,,,,,3,1,2,1,1,9,22,0,23,18,9,30,70,4,2,1,1,65,51,61,0,0,,,,,,,0,0,10,0,3,0,0,0,0,0,4,2,35.73466472222222,139.63070722222224,3,3,,,,
1,30,440,182,2,0,1,95000,0,114,2020,7,16,13,0,12,,,,,2,1,1,0,7,0,23,0,23,0,0,20,70,0,4,1,45,75,3,61,31,0,,,,,,,10,0,40,0,3,0,2,0,2,0,4,2,35.712180833333335,139.64397333333332,5,3,,,,
1,30,440,184,2,0,1,10010,0,114,2020,7,16,15,30,12,,,,,2,1,1,14,7,0,23,0,23,5,9,1,70,4,1,1,1,0,61,0,0,0,,,,,,,0,0,0,0,0,0,0,0,0,0,2,0,35.73162861111111,139.67335916666667,5,3,,,,
1,30,441,142,2,0,1,10130,0,115,2020,7,11,14,0,12,,,,,3,1,2,1,1,9,22,0,23,14,9,30,70,1,2,1,45,45,14,61,1,0,,,,,,,4,0,40,0,3,0,2,0,2,0,4,2,35.70134,139.65496361111113,7,3,,,,
1,30,441,146,2,0,1,30000,0,115,2020,7,20,9,30,12,,,,,1,1,1,1,7,1,21,0,23,11,9,30,70,5,3,1,35,55,13,61,31,0,,,,,,,10,0,50,0,4,0,2,0,2,0,4,2,35.69164,139.66679555555555,2,3,,,,
1,30,441,152,2,0,1,10240,0,115,2020,7,26,17,25,12,,,,,1,1,2,1,1,9,22,0,23,14,9,30,70,4,2,1,45,35,51,61,0,0,,,,,,,0,0,10,0,4,0,0,0,0,0,4,2,35.698791388888885,139.63708305555554,1,3,,,,
1,30,441,159,2,0,1,30000,0,115,2020,7,31,15,20,12,,,,,1,1,1,1,7,9,22,0,23,17,9,30,70,5,3,1,35,1,35,61,31,0,,,,,,,1,0,10,0,3,0,0,0,0,0,4,2,35.70340083333333,139.64802833333331,6,3,,,,
1,30,442,149,2,0,1,20270,0,115,2020,7,18,9,45,12,,,,,3,1,2,1,1,1,21,0,23,14,9,30,70,4,2,1,55,75,3,61,31,0,,,,,,,3,0,10,0,3,0,2,0,2,0,4,2,35.681128611111106,139.63409527777776,7,3,,,,
1,30,442,151,2,0,1,20220,0,115,2020,7,22,9,12,12,,,,,2,1,1,1,1,9,22,0,23,15,9,30,70,5,3,1,45,25,3,61,31,0,,,,,,,2,0,50,0,3,0,2,0,2,0,4,2,35.68269111111111,139.64419999999998,4,2,,,,
1,30,442,153,2,0,1,10200,0,115,2020,6,30,7,50,12,,,,,1,1,1,14,7,0,23,0,23,2,8,1,70,5,2,1,55,1,51,61,0,0,,,,,,,0,0,12,0,4,0,0,0,0,0,4,2,35.684173888888886,139.61549055555554,3,3,,,,
1,30,443,114,2,0,1,30000,0,115,2020,7,7,11,20,12,,,,,2,1,1,14,7,0,23,0,23,2,9,1,70,5,4,1,25,55,3,61,31,0,,,,,,,1,0,40,0,4,0,2,0,2,0,4,2,35.70317472222222,139.6215588888889,3,3,,,,
1,30,443,115,2,0,1,10240,0,115,2020,7,7,12,30,12,,,,,3,1,1,1,1,9,22,0,23,17,9,30,70,4,2,1,45,65,51,61,0,0,,,,,,,0,0,10,0,4,0,0,0,0,0,4,2,35.71164111111111,139.60442,3,3,,,,
1,30,443,126,2,0,1,30000,0,115,2020,7,22,8,0,12,,,,,2,1,1,14,7,0,23,0,23,3,7,1,70,4,3,1,35,1,3,61,31,0,,,,,,,2,0,10,0,3,0,2,0,2,0,4,2,35.72329083333334,139.61665694444443,4,2,,,,
1,30,443,130,2,0,1,30000,0,115,2020,7,28,11,38,12,,,,,2,1,1,1,7,9,22,0,23,11,9,30,70,5,3,1,35,75,4,61,31,0,,,,,,,2,0,10,0,3,0,2,0,2,0,4,2,35.70344777777778,139.6176986111111,3,3,,,,
1,30,443,131,2,0,1,30000,0,115,2020,7,30,9,50,12,,,,,2,1,1,1,7,1,21,0,23,11,9,30,70,5,3,1,25,65,3,61,31,0,,,,,,,2,0,10,0,4,0,2,0,2,0,4,2,35.71465416666667,139.60594361111112,5,3,,,,
1,30,545,37,2,0,1,10000,0,105,2020,6,24,19,10,21,,,,,2,1,1,14,1,0,23,0,23,4,9,1,70,4,2,1,25,75,51,61,0,0,,,,,,,0,0,10,0,3,0,0,0,0,0,4,2,35.721493888888894,139.75228583333333,4,3,,,,
1,30,546,57,2,0,1,10010,0,105,2020,7,21,19,2,21,,,,,2,1,1,1,1,9,22,0,23,19,9,30,70,1,2,1,45,45,14,61,31,0,,,,,,,4,0,10,0,1,0,2,0,2,0,4,2,35.71022,139.7317075,3,3,,,,
1,30,546,59,2,0,1,10010,0,105,2020,7,19,15,50,12,,,,,1,1,1,14,7,0,23,0,23,2,9,1,70,5,2,1,45,1,51,61,0,0,,,,,,,0,0,20,0,3,0,0,0,0,0,4,2,35.71747111111112,139.71945888888888,1,3,,,,
1,30,547,35,2,0,1,30000,0,105,2020,7,5,3,50,23,,,,,2,1,1,1,7,1,22,0,23,11,9,30,70,5,3,1,45,65,14,61,1,0,,,,,,,10,0,10,0,4,0,2,0,2,0,4,2,35.710076111111114,139.75814472222223,1,3,,,,
1,30,547,38,2,0,1,20090,0,105,2020,7,28,16,30,12,,,,,3,1,1,1,8,9,22,0,23,19,9,30,70,4,1,1,1,55,13,61,31,0,,,,,,,3,0,10,0,3,0,2,0,2,0,4,2,35.70054888888889,139.76419027777777,3,3,,,,
1,30,548,34,2,0,1,20400,0,105,2020,7,13,6,53,12,,,,,1,1,1,14,1,0,23,0,23,4,7,1,70,4,2,1,55,0,61,0,0,0,,,,,,,0,0,0,0,0,0,0,0,0,0,2,0,35.72217416666667,139.75480694444445,2,3,,,,
1,30,548,36,2,0,1,30000,0,105,2020,7,20,9,55,12,,,,,1,1,1,7,7,0,23,0,23,2,9,1,70,4,2,1,45,25,35,61,31,0,,,,,,,3,0,10,0,3,0,0,0,0,0,4,2,35.72114416666667,139.75349694444444,2,3,,,,
1,30,549,69,2,0,1,30000,0,116,2020,7,20,9,50,12,,,,,1,1,1,1,7,1,21,0,23,15,8,30,70,5,3,1,55,55,17,61,31,0,,,,,,,10,0,20,0,3,0,2,0,2,0,4,2,35.73134777777778,139.73244083333333,2,3,,,,
1,30,549,70,2,0,1,170,67,116,2020,7,18,18,45,13,,,,,2,1,1,14,7,0,23,0,23,3,9,1,70,5,2,1,45,65,51,61,0,0,,,,,,,0,0,32,0,3,0,0,0,0,0,4,2,35.73227083333334,139.7397661111111,7,3,,,,
1,30,549,73,2,0,1,30000,0,116,2020,1,21,12,1,12,,,,,1,1,1,14,7,0,23,0,23,1,9,1,70,5,3,1,65,55,4,61,31,0,,,,,,,10,0,40,0,4,0,2,0,2,0,4,2,35.73251472222223,139.72068027777777,3,3,,,,
1,30,550,83,2,0,1,95000,0,116,2020,7,2,6,40,12,,,,,1,1,1,1,1,9,22,0,23,15,9,30,70,1,2,1,1,65,14,61,1,0,,,,,,,3,0,10,0,3,0,2,0,2,0,4,2,35.733043611111114,139.70927999999998,5,3,,,,
1,30,550,84,2,0,1,30000,0,116,2020,7,2,16,10,12,,,,,1,1,1,14,7,0,23,0,23,1,9,1,70,5,3,1,25,35,3,61,31,0,,,,,,,10,0,40,0,4,0,2,0,2,0,4,2,35.73471722222222,139.70716527777776,5,3,,,,
1,30,550,86,2,0,1,30000,0,116,2020,7,13,19,10,21,,,,,3,1,2,14,7,0,23,0,23,4,9,1,70,4,1,1,25,65,51,61,0,0,,,,,,,0,0,10,0,4,0,0,0,0,0,4,2,35.73470916666667,139.7166675,2,3,,,,
1,30,552,94,2,0,1,10090,0,117,2020,7,20,8,15,12,,,,,1,1,1,14,1,0,23,0,23,5,9,1,70,1,1,1,45,1,11,61,1,0,,,,,,,4,0,10,0,4,0,2,0,2,0,4,2,35.74608666666667,139.7304713888889,2,3,,,,
1,30,553,51,1,1,0,10130,0,117,2020,7,19,4,6,23,,,,,2,1,1,14,7,0,23,0,23,6,9,1,70,1,1,1,45,1,4,61,31,0,,,,,,,4,0,10,0,3,0,2,0,2,0,4,1,35.76403277777778,139.71560277777778,1,3,,,,
1,30,554,74,2,0,1,30000,0,117,2020,7,10,10,15,12,,,,,2,1,1,1,1,9,22,0,23,15,9,30,70,4,1,1,75,55,4,61,31,0,,,,,,,2,0,10,0,3,0,2,0,2,0,4,2,35.77456222222222,139.72378833333335,6,3,,,,
1,30,554,76,2,0,1,99000,0,117,2020,7,10,15,0,12,,,,,2,1,1,0,7,0,23,0,23,0,0,20,70,0,4,1,45,35,3,61,1,0,,,,,,,10,0,40,0,4,0,2,0,2,0,4,2,35.783229999999996,139.70544277777776,6,3,,,,
1,30,554,77,2,0,1,30000,0,117,2020,7,12,11,20,12,,,,,1,1,1,1,1,9,22,0,23,15,9,30,70,4,1,1,75,75,51,61,0,0,,,,,,,0,0,20,0,3,0,0,0,0,0,4,2,35.788153333333334,139.70329305555555,1,3,,,,
1,30,554,78,2,0,1,30000,0,117,2020,7,13,22,0,22,,,,,3,1,2,1,7,9,22,0,23,14,9,30,70,5,1,1,45,55,3,61,31,0,,,,,,,10,0,30,0,4,0,2,0,2,0,4,2,35.77653472222222,139.72273972222223,2,3,,,,
1,30,554,82,2,0,1,30000,0,117,2020,7,19,17,35,12,,,,,1,1,1,14,7,0,23,0,23,3,9,1,70,5,3,1,65,1,36,61,31,0,,,,,,,10,0,10,0,3,0,0,0,0,0,4,2,35.78179472222222,139.72101194444446,1,3,,,,
1,30,554,87,2,0,1,1220,0,117,2020,7,28,15,35,12,,,,,3,1,1,14,7,0,23,0,23,2,9,1,70,1,1,1,25,65,51,61,0,0,,,,,,,0,0,10,0,3,0,0,0,0,0,4,2,35.76775361111111,139.7350383333333,3,3,,,,
1,30,554,89,2,0,1,30000,0,117,2020,7,28,19,35,21,,,,,3,1,2,1,7,1,21,0,23,14,9,30,70,5,2,1,55,35,3,61,31,0,,,,,,,2,0,50,0,4,0,2,0,2,0,4,2,35.78449083333333,139.69832944444445,3,3,,,,
1,30,555,175,2,0,1,30000,0,119,2020,7,4,1,0,22,,,,,3,1,2,14,7,0,23,0,23,3,9,1,70,4,3,1,45,45,51,61,0,0,,,,,,,0,0,10,0,3,0,0,0,0,0,4,2,35.75182888888889,139.6791888888889,7,3,,,,
1,30,555,178,2,0,1,10130,0,119,2020,6,29,8,40,12,,,,,1,1,1,14,7,0,23,0,23,4,9,1,70,1,1,1,55,55,51,61,0,0,,,,,,,0,0,10,0,3,0,0,0,0,0,4,2,35.76197666666667,139.7086075,2,3,,,,
1,30,555,180,2,0,1,30000,0,119,2020,7,1,14,45,12,,,,,2,1,1,1,7,9,22,0,23,15,9,30,70,4,2,1,65,45,3,61,31,0,,,,,,,2,0,50,0,3,0,2,0,2,0,4,2,35.749741666666665,139.70175166666667,4,3,,,,
1,30,555,190,2,0,1,30000,0,119,2020,7,27,14,55,12,,,,,2,1,1,7,1,0,23,0,23,3,9,1,70,4,3,1,45,45,3,61,31,0,,,,,,,2,0,10,0,3,0,2,0,2,0,4,2,35.755768055555556,139.69716222222223,2,3,,,,
1,30,555,194,2,0,1,30000,0,119,2020,7,26,19,0,21,,,,,2,1,1,1,1,9,22,0,23,14,9,30,70,4,3,1,65,45,14,61,1,0,,,,,,,2,0,40,0,3,0,2,0,2,0,4,2,35.74573138888889,139.7052938888889,1,3,,,,
1,30,555,200,2,0,1,170,108,119,2020,7,22,12,40,12,,,,,1,1,1,1,1,9,22,0,23,17,9,30,70,1,1,1,55,75,13,61,31,0,,,,,,,10,0,10,0,3,0,2,0,2,0,4,2,35.7552925,139.70793305555554,4,2,,,,
1,30,556,144,2,0,1,30000,0,119,2020,5,10,0,25,22,,,,,2,1,1,1,7,1,21,0,23,11,8,30,70,5,4,1,35,45,3,61,1,0,,,,,,,1,0,70,0,4,0,2,0,2,0,4,2,35.780633888888886,139.67034027777777,1,3,,,,
1,30,556,149,2,0,1,30000,0,119,2020,7,3,18,25,13,,,,,3,1,2,1,8,9,22,0,23,14,9,30,70,5,1,1,45,55,51,61,0,0,,,,,,,0,0,10,0,3,0,0,0,0,0,4,2,35.77824888888889,139.69912305555556,6,3,,,,
1,30,557,138,2,0,1,20430,0,120,2020,6,25,20,28,22,,,,,2,1,2,1,1,9,22,0,23,14,9,30,70,4,2,1,35,25,4,61,31,0,,,,,,,3,0,10,0,2,0,2,0,2,0,4,2,35.73654527777778,139.6406697222222,5,3,,,,
1,30,557,140,2,0,1,30000,0,120,2020,7,2,8,13,12,,,,,1,1,1,1,1,9,22,0,23,15,9,30,70,5,2,1,35,75,14,61,31,0,,,,,,,2,0,10,0,3,0,2,0,2,0,4,2,35.74799888888889,139.6664372222222,5,3,,,,
1,30,557,147,2,0,1,30000,0,120,2020,6,25,7,38,12,,,,,3,1,2,1,7,1,21,0,23,11,9,30,70,5,3,1,45,25,3,61,31,0,,,,,,,5,0,10,0,3,0,2,0,2,0,4,2,35.75143583333333,139.6693911111111,5,3,,,,
1,30,557,156,2,0,1,30000,0,120,2020,7,26,12,15,12,,,,,2,1,2,14,7,0,23,0,23,3,9,20,70,4,3,1,25,1,3,61,31,0,,,,,,,2,0,30,0,3,0,2,0,2,0,4,2,35.74962472222222,139.66599333333335,1,3,,,,
1,30,557,162,2,0,1,30000,0,120,2020,7,31,17,40,12,,,,,1,1,1,14,7,0,23,0,23,3,9,1,70,5,3,1,55,1,3,61,31,0,,,,,,,10,0,10,0,3,0,2,0,2,0,4,2,35.75723166666667,139.6639027777778,6,3,,,,
1,30,558,195,2,0,1,30000,0,120,2020,7,10,23,50,22,,,,,2,1,1,14,7,0,23,0,23,3,9,1,70,4,2,1,35,45,51,61,0,0,,,,,,,0,0,10,0,3,0,0,0,0,0,2,4,35.75201638888889,139.59401611111113,6,3,,,,
1,30,558,196,2,0,1,30000,0,120,2020,6,22,8,25,12,,,,,3,1,2,14,7,0,23,0,23,3,9,1,70,5,3,1,25,35,35,61,31,0,,,,,,,2,0,10,0,3,0,0,0,0,0,4,2,35.75300111111111,139.5896313888889,2,3,,,,
1,30,558,200,2,0,1,30000,0,120,2020,7,16,11,10,12,,,,,1,1,1,13,7,0,23,0,23,3,3,1,70,4,3,1,25,55,14,61,1,0,,,,,,,2,0,80,0,3,0,2,0,2,0,4,2,35.724090833333335,139.5812447222222,5,3,,,,
1,30,558,206,2,0,1,30000,0,120,2020,7,22,6,30,12,,,,,3,1,2,14,7,0,23,0,23,2,9,1,70,5,4,1,55,45,3,61,31,0,,,,,,,2,0,20,0,4,0,2,0,2,0,4,2,35.73170388888889,139.60681722222222,4,2,,,,
1,30,558,212,2,0,1,10330,0,120,2020,4,20,7,30,12,,,,,1,1,2,1,7,1,21,0,23,14,9,30,70,5,3,1,35,35,17,61,31,0,,,,,,,10,0,80,0,3,0,2,0,2,0,4,2,35.75093444444445,139.58930444444445,2,3,,,,
1,30,558,217,2,0,1,30000,0,120,2020,7,10,20,48,22,,,,,2,1,1,14,7,0,23,0,23,3,9,1,70,5,3,1,65,25,14,61,31,0,,,,,,,3,0,40,0,3,0,2,0,2,0,4,2,35.73771194444445,139.58865805555556,6,3,,,,
1,30,558,220,2,0,2,30000,0,120,2020,2,1,22,0,22,,,,,1,1,1,1,1,9,22,0,23,18,9,30,70,4,2,1,25,35,3,61,31,0,,,,,,,3,0,10,0,4,0,2,0,2,0,4,2,35.77527944444444,139.5952491666667,7,3,,,,