資料区分,都道府県コード,警察署等コード,本票番号,事故内容,死者数,負傷者数,路線コード,地点コード,市区町村コード,発生日時　　年,発生日時　　月,発生日時　　日,発生日時　　時,発生日時　　分,昼夜,日の出時刻　　時,日の出時刻　　分,日の入り時刻　　時,日の入り時刻　　分,天候,地形,路面状態,道路形状,信号機,一時停止規制　標識（当事者A）,一時停止規制　表示（当事者A）,一時停止規制　標識（当事者B）,一時停止規制　表示（当事者B）,車道幅員,道路線形,衝突地点,ゾーン規制,中央分離帯施設等,歩車道区分,事故類型,年齢（当事者A）,年齢（当事者B）,当事者種別（当事者A）,当事者種別（当事者B）,用途別（当事者A）,用途別（当事者B）,車両形状等（当事者A）,車両形状等（当事者B）,オートマチック車（当事者A）,オートマチック車（当事者B）,サポカー（当事者A）,サポカー（当事者B）,速度規制（指定のみ）（当事者A）,速度規制（指定のみ）（当事者B）,車両の衝突部位（当事者A）,車両の衝突部位（当事者B）,車両の損壊程度（当事者A）,車両の損壊程度（当事者B）,エアバッグの装備（当事者A）,エアバッグの装備（当事者B）,サイドエアバッグの装備（当事者A）,サイドエアバッグの装備（当事者B）,人身損傷程度（当事者A）,人身損傷程度（当事者B）,lat,lon,曜日(発生年月日),祝日(発生年月日),認知機能検査経過日数（当事者A）,認知機能検査経過日数（当事者B）,運転練習の方法（当事者A）,運転練習の方法（当事者B）
1,30,559,86,2,0,1,20000,0,119,2020,7,2,10,17,12,,,,,1,1,1,14,7,0,23,0,23,1,9,1,70,5,1,1,25,75,51,61,0,0,,,,,,,0,0,10,0,3,0,0,0,0,0,4,2,35.783876666666664,139.65800722222224,5,3,,,,
1,30,559,102,2,0,1,30000,0,119,2020,7,25,18,57,21,,,,,3,1,1,1,1,9,22,0,23,14,7,30,70,4,2,1,45,1,3,61,31,0,,,,,,,2,0,10,0,3,0,2,0,2,0,4,2,35.769242222222225,139.6614211111111,7,3,,,,
1,30,660,96,2,0,1,30000,0,106,2020,7,5,19,3,21,,,,,2,1,1,1,1,0,23,0,23,18,9,30,70,4,2,1,45,0,61,0,0,0,,,,,,,0,0,0,0,0,0,0,0,0,0,2,0,35.7105675,139.7735963888889,1,3,,,,
1,30,660,100,2,0,1,30000,0,106,2020,7,10,12,25,12,,,,,3,1,2,7,7,0,23,0,23,3,9,1,70,5,2,1,65,45,13,61,31,0,,,,,,,10,0,40,0,3,0,2,0,2,0,4,2,35.708909722222224,139.77595361111113,6,3,,,,
1,30,660,105,2,0,2,20070,0,106,2020,7,19,14,57,12,,,,,1,1,1,7,8,0,23,0,23,6,7,1,70,4,2,1,35,45,51,61,0,0,,,,,,,0,0,10,0,3,0,0,0,0,0,2,2,35.711648888888895,139.77514000000002,1,3,,,,
1,30,660,112,2,0,1,20070,0,106,2020,7,25,8,30,12,,,,,2,1,1,14,7,0,23,0,23,5,9,1,70,4,1,1,45,25,51,61,0,0,,,,,,,0,0,40,0,4,0,0,0,0,0,4,2,35.71015555555556,139.77381472222223,7,3,,,,
1,30,661,42,2,0,1,20560,0,106,2020,5,23,22,5,22,,,,,1,1,1,1,1,9,22,0,23,17,9,30,70,1,1,1,55,45,1,61,1,0,,,,,,,4,0,10,0,3,0,2,0,2,0,4,2,35.72598055555556,139.79084277777778,7,3,,,,
1,30,661,48,2,0,1,30000,0,106,2020,7,11,21,43,22,,,,,1,1,1,14,7,0,23,0,23,2,9,1,70,5,4,1,45,25,3,61,31,0,,,,,,,2,0,10,0,3,0,2,0,2,0,4,2,35.72017027777778,139.77931861111114,7,3,,,,
1,30,662,55,2,0,1,60,38,106,2020,7,17,19,13,21,,,,,3,1,2,14,7,0,23,0,23,5,9,1,70,4,2,1,65,35,3,61,31,0,,,,,,,4,0,10,0,2,0,2,0,2,0,4,2,35.71044055555556,139.79755777777777,6,3,,,,
1,30,663,45,2,0,1,10290,0,106,2020,7,13,23,18,22,,,,,3,1,2,14,7,0,23,0,23,6,9,1,70,4,2,1,75,1,3,61,1,0,,,,,,,4,0,10,0,2,0,2,0,2,0,4,2,35.70187694444445,139.78478194444443,2,3,,,,
1,30,664,41,2,0,1,30000,0,118,2020,7,18,14,10,12,,,,,2,1,2,14,7,0,23,0,23,3,9,1,70,5,1,1,45,1,51,61,0,0,,,,,,,0,0,10,0,3,0,0,0,0,0,4,2,35.75156138888889,139.78327833333336,7,3,,,,
1,30,665,52,2,0,1,30000,0,118,2020,7,30,16,25,12,,,,,2,1,1,1,1,9,22,0,23,15,9,20,70,4,1,1,45,1,35,61,31,0,,,,,,,3,0,10,0,4,0,0,0,0,0,4,2,35.735705,139.79708277777777,5,3,,,,
1,30,667,78,2,0,2,30000,0,121,2020,7,7,17,23,12,,,,,2,1,1,14,7,0,23,0,23,2,9,1,70,5,3,1,65,55,51,61,0,0,,,,,,,0,0,10,0,3,0,0,0,0,0,2,2,35.751417777777775,139.8032063888889,3,3,,,,
1,30,667,80,2,0,1,40,75,121,2020,7,1,11,0,12,,,,,3,1,2,1,1,9,22,0,23,18,9,30,70,4,1,1,65,75,3,61,31,0,,,,,,,5,0,40,0,3,0,2,0,2,0,4,2,35.744459722222224,139.79756916666668,4,3,,,,
1,30,667,86,2,0,1,30000,0,121,2020,7,21,11,0,12,,,,,2,1,1,14,7,0,23,0,23,2,9,1,70,4,3,1,35,75,13,61,31,0,,,,,,,2,0,40,0,4,0,2,0,2,0,4,2,35.74889777777778,139.79502194444444,3,3,,,,
1,30,668,190,2,0,1,30000,0,121,2020,7,2,8,20,12,,,,,1,1,1,0,7,0,23,0,23,0,0,20,70,0,4,1,25,75,3,61,31,0,,,,,,,1,0,30,0,3,0,2,0,2,0,4,2,35.77974527777778,139.79127055555554,5,3,,,,
1,30,668,192,2,0,1,10130,0,121,2020,7,3,13,50,12,,,,,2,1,1,1,7,1,22,0,23,14,9,30,70,1,1,1,45,25,14,61,1,0,,,,,,,5,0,10,0,3,0,2,0,2,0,4,2,35.77834111111111,139.79356944444444,6,3,,,,
1,30,668,216,2,0,1,30000,0,121,2020,7,3,10,47,12,,,,,2,1,1,14,7,0,23,0,23,1,9,1,70,5,4,1,75,45,4,61,31,0,,,,,,,10,0,50,0,3,0,2,0,2,0,4,2,35.76731722222222,139.80120250000002,6,3,,,,
1,30,668,223,2,0,1,30000,0,121,2020,7,27,17,27,12,,,,,3,1,2,1,7,9,22,0,23,14,9,30,70,4,1,1,45,35,3,61,31,0,,,,,,,3,0,20,0,3,0,2,0,2,0,4,2,35.7906525,139.76289583333335,2,3,,,,
1,30,668,229,2,0,1,30000,0,121,2020,7,31,16,30,12,,,,,1,1,1,14,7,0,23,0,23,2,9,1,70,5,2,1,35,1,14,61,31,0,,,,,,,10,0,10,0,3,0,2,0,2,0,4,2,35.77658472222222,139.75733888888888,6,3,,,,
1,30,669,268,2,0,1,30000,0,121,2020,7,5,12,10,12,,,,,3,1,2,1,1,9,22,0,23,11,9,30,70,5,2,1,55,65,3,61,31,0,,,,,,,2,0,50,0,4,0,2,0,2,0,4,2,35.768878888888885,139.82342416666665,1,3,,,,
1,30,669,290,2,0,1,30000,0,121,2020,7,17,22,55,22,,,,,3,1,2,14,7,0,23,0,23,3,9,1,70,4,2,1,55,55,51,61,0,0,,,,,,,0,0,10,0,3,0,0,0,0,0,4,2,35.79834555555556,139.83958666666666,6,3,,,,
1,30,669,291,2,0,1,20000,0,121,2020,7,18,11,3,12,,,,,3,1,2,1,1,1,22,0,23,14,9,20,70,4,1,1,45,75,3,61,31,0,,,,,,,3,0,10,0,3,0,2,0,2,0,4,2,35.77097777777778,139.82027027777778,7,3,,,,
1,30,669,309,2,0,1,30000,0,121,2020,6,20,10,26,12,,,,,1,1,1,1,1,9,22,0,23,15,6,30,70,5,3,1,75,45,3,61,31,0,,,,,,,2,0,80,0,3,0,2,0,2,0,4,2,35.76524444444444,139.80867916666668,7,3,,,,
1,30,670,131,2,0,1,30000,0,121,2020,7,15,13,49,12,,,,,3,1,2,1,1,0,23,0,23,18,9,30,70,4,2,1,35,0,61,0,0,0,,,,,,,0,0,0,0,0,0,0,0,0,0,2,0,35.79421083333333,139.78973888888888,4,3,,,,
1,30,771,187,2,0,1,10370,0,108,2020,7,9,0,4,22,,,,,2,1,2,1,1,9,22,0,23,18,9,30,70,1,2,1,25,45,3,61,31,0,,,,,,,4,0,10,0,3,0,2,0,2,0,4,2,35.664271388888885,139.80499944444446,5,3,,,,
1,30,771,188,2,0,1,30000,0,108,2020,7,10,15,55,12,,,,,2,1,1,1,1,9,22,0,23,18,9,30,70,5,2,1,35,65,51,61,0,0,,,,,,,0,0,0,0,4,0,0,0,0,0,4,2,35.65581666666667,139.79803083333334,6,3,,,,
1,30,771,189,2,0,1,10350,0,108,2020,4,11,19,2,21,,,,,2,1,1,14,1,0,23,0,23,4,8,1,70,1,2,1,35,35,3,61,1,0,,,,,,,4,0,10,0,3,0,2,0,2,0,4,2,35.67574555555555,139.816225,7,3,,,,
1,30,771,193,2,0,1,10040,0,108,2020,6,8,11,40,12,,,,,1,1,1,14,7,0,23,0,23,5,9,1,70,4,1,1,55,45,3,61,31,0,,,,,,,10,0,20,0,3,0,2,0,2,0,4,2,35.670986111111105,139.79819027777776,2,3,,,,
1,30,771,194,2,0,1,30000,0,108,2020,5,23,8,38,12,,,,,1,1,1,7,1,0,23,0,23,4,9,1,70,1,2,1,55,35,3,61,1,0,,,,,,,3,0,0,0,4,0,2,0,2,0,4,2,35.654421388888885,139.796145,7,3,,,,
1,30,771,199,2,0,1,20000,0,108,2020,7,30,16,5,12,,,,,1,1,1,1,1,1,21,0,23,11,9,30,70,4,1,1,65,1,14,61,1,0,,,,,,,3,0,70,0,4,0,2,0,2,0,4,2,35.666958888888885,139.8165352777778,5,3,,,,
1,30,771,202,2,0,1,10350,0,108,2020,7,29,20,20,22,,,,,1,1,1,14,7,0,23,0,23,5,9,1,70,4,2,1,45,35,3,61,31,0,,,,,,,4,0,40,0,3,0,2,0,2,0,4,2,35.67543083333333,139.80663166666668,4,3,,,,
1,30,772,133,2,0,1,30000,0,108,2020,7,24,10,59,12,,,,,2,1,1,1,7,1,22,0,23,11,9,20,70,5,3,1,55,75,3,61,31,0,,,,,,,1,0,30,0,4,0,2,0,2,0,4,2,35.687618888888885,139.83738027777778,6,1,,,,
1,30,773,87,2,0,1,10290,0,107,2020,7,6,8,42,12,,,,,3,1,2,1,1,9,22,0,23,17,9,30,70,1,2,1,35,55,13,61,31,0,,,,,,,4,0,10,0,3,0,2,0,2,0,4,2,35.7005825,139.80377555555557,2,3,,,,
1,30,773,88,2,0,1,10370,0,107,2020,7,8,8,45,12,,,,,2,1,5,1,7,9,22,0,23,17,9,30,70,4,1,1,35,45,35,61,31,0,,,,,,,4,0,10,0,3,0,0,0,0,0,4,2,35.691337499999996,139.80584694444445,4,3,,,,
1,30,773,93,2,0,1,30000,0,107,2020,7,10,17,43,12,,,,,3,1,2,14,7,0,23,0,23,2,9,1,70,4,2,1,55,1,36,61,31,0,,,,,,,2,0,10,0,3,0,0,0,0,0,4,2,35.70048055555556,139.80946694444447,6,3,,,,
1,30,773,95,2,0,1,30000,0,107,2020,7,12,0,43,22,,,,,2,1,2,14,7,0,23,0,23,4,9,1,70,5,3,1,35,25,3,61,31,0,,,,,,,10,0,30,0,3,0,2,0,2,0,4,2,35.70822777777778,139.8145702777778,1,3,,,,
1,30,773,98,2,0,1,95000,0,107,2020,7,24,14,42,12,,,,,2,1,1,14,7,0,23,0,23,1,9,20,70,5,4,1,45,65,4,61,31,0,,,,,,,10,0,40,0,4,0,2,0,2,0,4,2,35.707171388888895,139.8175975,6,1,,,,
1,30,773,99,2,0,1,30000,0,107,2020,7,25,3,8,22,,,,,3,1,2,14,7,0,23,0,23,3,9,1,70,5,1,1,35,35,3,61,31,0,,,,,,,5,0,40,0,3,0,2,0,2,0,4,2,35.69426444444444,139.81317944444444,7,3,,,,
1,30,773,102,2,0,1,20680,0,107,2020,7,29,15,40,12,,,,,1,1,1,1,7,9,22,0,23,18,9,30,70,4,2,1,25,75,13,61,31,0,,,,,,,4,0,50,0,3,0,2,0,2,0,4,2,35.70275361111111,139.7968913888889,4,3,,,,
1,30,774,71,2,0,1,99000,0,107,2020,7,11,6,40,12,,,,,2,1,1,0,7,0,23,0,23,0,0,20,70,0,4,1,55,55,51,61,0,0,,,,,,,0,0,10,0,3,0,0,0,0,0,4,2,35.73304138888889,139.82479916666665,7,3,,,,
1,30,774,81,2,0,1,30000,0,107,2020,7,23,19,4,21,,,,,2,1,2,14,7,0,23,0,23,3,9,1,70,5,3,1,35,1,3,61,31,0,,,,,,,2,0,20,0,4,0,2,0,2,0,4,2,35.71331777777778,139.82885249999998,5,1,,,,
1,30,774,82,2,0,1,30000,0,107,2020,7,9,14,10,12,,,,,3,1,2,1,7,1,22,0,23,14,9,30,1,4,1,1,55,1,17,61,1,0,,,,,,,2,0,40,0,4,0,2,0,2,0,4,2,35.716320555555555,139.81862944444444,5,3,,,,
1,30,775,136,2,0,1,60,131,122,2020,7,14,20,18,22,,,,,2,1,1,1,1,9,22,0,23,17,9,30,70,1,2,1,55,65,36,61,31,0,,,,,,,2,0,10,0,3,0,0,0,0,0,4,2,35.765105,139.86769361111112,3,3,,,,
1,30,775,139,2,0,1,30000,0,122,2020,7,17,21,50,22,,,,,3,1,2,14,7,0,23,0,23,2,9,1,70,5,3,1,65,55,3,61,31,0,,,,,,,2,0,40,0,3,0,2,0,2,0,4,2,35.74941944444445,139.83383416666666,6,3,,,,
1,30,775,144,2,0,1,60,0,122,2020,4,22,19,30,22,,,,,1,1,1,14,7,0,23,0,23,2,9,1,70,5,2,1,1,0,61,0,0,0,,,,,,,0,0,0,0,0,0,0,0,0,0,2,0,35.764273333333335,139.8513361111111,4,3,,,,
1,30,776,101,2,0,1,30000,0,122,2020,6,13,12,10,12,,,,,3,1,2,1,7,9,22,0,23,14,9,30,70,4,2,1,35,45,3,61,31,0,,,,,,,3,0,50,0,4,0,2,0,2,0,4,2,35.742086111111114,139.84709222222224,7,3,,,,
1,30,776,103,2,0,1,30000,0,122,2020,1,23,8,40,12,,,,,3,1,2,1,1,9,22,0,23,15,9,30,70,4,2,1,75,65,3,61,31,0,,,,,,,2,0,40,0,4,0,2,0,2,0,4,2,35.74906277777778,139.86333944444445,5,3,,,,
1,30,776,106,2,0,1,30000,0,122,2020,7,23,9,43,12,,,,,3,1,2,14,7,0,23,0,23,1,9,1,1,4,1,1,25,1,4,61,31,0,,,,,,,2,0,80,0,3,0,2,0,2,0,4,2,35.71801805555556,139.85079055555556,5,1,,,,
1,30,777,370,2,0,1,95000,0,123,2020,7,1,15,25,12,,,,,2,1,1,14,7,0,23,0,23,1,9,1,70,4,3,1,25,1,3,61,31,0,,,,,,,2,0,10,0,3,0,2,0,2,0,4,2,35.70039972222222,139.87333916666668,4,3,,,,
1,30,777,372,2,0,1,30000,0,123,2020,7,1,23,35,22,,,,,3,1,2,1,1,9,22,0,23,14,9,30,70,5,3,1,1,25,3,61,31,0,,,,,,,3,0,10,0,3,0,2,0,2,0,4,2,35.69224611111111,139.89670583333333,4,3,,,,
1,30,777,373,2,0,1,95000,0,123,2020,7,2,7,10,12,,,,,1,1,1,1,1,9,22,0,23,15,9,30,70,5,2,1,45,45,14,61,31,0,,,,,,,2,0,20,0,3,0,2,0,2,0,4,2,35.70659166666667,139.86781055555556,5,3,,,,
1,30,777,381,2,0,1,30000,0,123,2020,7,6,8,5,12,,,,,3,1,2,14,7,0,23,0,23,1,9,1,70,4,2,1,45,75,51,61,0,0,,,,,,,0,0,20,0,4,0,0,0,0,0,4,2,35.69166333333333,139.8948636111111,2,3,,,,
1,30,777,394,2,0,1,30000,0,123,2020,6,23,20,20,22,,,,,1,1,1,1,7,9,22,0,23,18,9,30,70,5,2,1,55,55,13,61,31,0,,,,,,,2,0,0,0,4,0,2,0,2,0,4,2,35.70075083333334,139.89648666666665,3,3,,,,
1,30,777,396,2,0,1,141,0,123,2020,7,5,9,30,12,,,,,2,1,1,14,7,0,23,0,23,2,9,1,70,5,1,1,25,1,51,61,0,0,,,,,,,0,0,40,0,3,0,0,0,0,0,4,2,35.70708722222223,139.86787972222223,1,3,,,,
1,30,777,402,2,0,1,30000,0,123,2020,3,6,14,10,12,,,,,2,1,1,14,7,0,23,0,23,3,9,1,70,4,2,1,75,0,61,0,0,0,,,,,,,0,0,0,0,0,0,0,0,0,0,2,0,35.69284111111111,139.89917305555554,6,3,,,,
1,30,777,409,2,0,1,30000,0,123,2020,7,16,19,0,21,,,,,1,1,1,1,1,9,22,0,23,14,9,30,70,4,2,1,1,45,51,61,0,0,,,,,,,0,0,10,0,4,0,0,0,0,0,4,2,35.69536861111111,139.89500027777777,5,3,,,,
1,30,777,435,2,0,1,140,2000,123,2020,7,27,20,5,22,,,,,3,1,2,1,1,9,22,0,23,18,9,30,70,1,3,1,1,55,14,61,31,0,,,,,,,2,0,80,0,4,0,2,0,2,0,4,2,35.702579444444446,139.9013566666667,2,3,,,,
1,30,777,443,2,0,1,30000,0,123,2020,7,29,14,45,12,,,,,2,1,1,14,7,0,23,0,23,2,9,1,70,5,3,1,65,1,3,61,31,0,,,,,,,10,0,80,0,3,0,2,0,2,0,4,2,35.69498944444444,139.90077305555556,4,3,,,,
1,30,778,108,2,0,1,30000,0,123,2020,6,25,14,55,12,,,,,2,1,1,1,7,9,22,0,23,14,9,30,70,5,1,1,45,75,14,61,1,0,,,,,,,5,0,50,0,3,0,2,0,2,0,4,2,35.71910972222222,139.8905986111111,5,3,,,,
1,30,778,114,2,0,1,30000,0,123,2020,7,12,11,58,12,,,,,1,1,1,14,7,0,23,0,23,2,9,20,70,5,4,1,45,1,51,61,0,0,,,,,,,0,0,10,0,3,0,0,0,0,0,4,2,35.71740305555556,139.9008875,1,3,,,,
1,30,778,125,2,0,1,20000,0,123,2020,7,9,1,25,22,,,,,3,1,2,14,7,0,23,0,23,3,9,1,70,4,1,1,45,25,3,61,1,0,,,,,,,2,0,10,0,3,0,2,0,2,0,4,2,35.73778222222222,139.88409305555555,5,3,,,,
1,30,779,201,2,0,1,99000,0,123,2020,6,6,14,55,12,,,,,1,1,1,0,7,0,23,0,23,0,0,20,70,0,4,1,1,1,51,61,0,0,,,,,,,0,0,10,0,4,0,0,0,0,0,4,2,35.65750638888889,139.85087333333334,7,3,,,,
1,30,779,202,2,0,1,10130,0,123,2020,6,22,20,25,22,,,,,3,1,2,1,1,9,22,0,23,18,9,30,70,1,2,1,45,55,13,61,31,0,,,,,,,3,0,10,0,3,0,2,0,2,0,4,2,35.65446722222222,139.87242166666667,2,3,,,,
1,30,779,209,2,0,1,30000,0,123,2020,7,5,9,59,12,,,,,2,1,1,1,7,1,21,0,23,14,9,30,70,4,2,1,35,55,4,61,31,0,,,,,,,2,0,10,0,4,0,2,0,2,0,4,2,35.669623888888886,139.86633916666665,1,3,,,,
1,30,779,214,2,0,1,30000,0,123,2020,7,9,10,30,12,,,,,2,1,2,1,1,9,22,0,23,11,9,30,70,4,2,1,65,45,3,61,31,0,,,,,,,3,0,10,0,4,0,2,0,2,0,4,2,35.661811111111106,139.87780333333333,5,3,,,,
1,30,779,228,2,0,1,30000,0,123,2020,7,26,4,15,23,,,,,3,1,2,1,7,9,22,0,23,15,9,30,70,4,2,1,55,25,3,61,31,0,,,,,,,2,0,10,0,3,0,2,0,2,0,4,2,35.67529111111111,139.87129861111111,1,3,,,,
1,30,779,234,2,0,1,30000,0,123,2020,7,30,19,37,21,,,,,2,1,1,14,7,0,23,0,23,3,9,1,70,4,2,1,25,45,51,61,0,0,,,,,,,0,0,20,0,3,0,0,0,0,0,4,2,35.663583333333335,139.87896305555557,5,3,,,,
1,30,876,194,1,1,0,30820,0,209,2020,7,2,23,3,22,,,,,1,1,1,1,7,9,22,0,23,15,8,30,70,4,2,1,55,55,11,61,1,0,,,,,,,3,0,10,0,3,0,2,0,2,0,4,1,35.60334527777778,139.36326805555555,5,3,,,,
1,30,876,202,2,0,1,30000,0,201,2020,7,3,15,36,12,,,,,3,1,2,14,7,0,23,0,23,2,9,1,70,5,3,1,35,1,13,61,31,0,,,,,,,10,0,20,0,3,0,2,0,2,0,4,2,35.62644777777778,139.39102333333332,6,3,,,,
1,30,876,212,2,0,1,30000,0,201,2020,7,11,5,50,12,,,,,2,1,1,14,7,0,23,0,23,5,9,1,70,4,2,1,25,75,51,61,0,0,,,,,,,0,0,10,0,4,0,0,0,0,0,4,2,35.6261475,139.3168963888889,7,3,,,,
1,30,876,213,2,0,1,30000,0,201,2020,7,11,22,18,22,,,,,3,2,2,11,7,0,23,0,23,2,9,1,70,5,1,1,55,45,14,61,1,0,,,,,,,2,0,40,0,3,0,2,0,2,0,4,2,35.62128194444445,139.34546444444445,7,3,,,,
1,30,876,219,2,0,1,99000,0,201,2020,7,18,19,55,21,,,,,1,1,1,0,7,0,23,0,23,0,0,20,70,0,4,1,25,65,35,61,31,0,,,,,,,10,0,10,0,3,0,0,0,0,0,4,2,35.6122425,139.39761277777777,7,3,,,,
1,30,876,227,2,0,1,30000,0,201,2020,7,26,19,20,21,,,,,3,1,2,1,1,9,22,0,23,15,9,30,70,4,2,1,35,25,3,61,31,0,,,,,,,3,0,10,0,3,0,2,0,2,0,4,2,35.641534444444446,139.31884777777776,1,3,,,,
1,30,876,228,2,0,1,20000,0,201,2020,7,27,8,30,12,,,,,1,1,1,11,7,0,23,0,23,2,6,1,70,5,2,1,1,45,51,61,0,0,,,,,,,0,0,10,0,3,0,0,0,0,0,4,2,35.64325638888889,139.40434805555557,2,3,,,,
1,30,876,229,2,0,1,10480,0,201,2020,7,23,8,42,12,,,,,3,1,2,14,7,0,23,0,23,4,9,1,70,1,2,1,1,45,51,61,0,0,,,,,,,0,0,10,0,4,0,0,0,0,0,4,2,35.63216444444444,139.40475305555557,5,1,,,,
1,30,876,231,2,0,1,95000,0,201,2020,7,28,13,2,12,,,,,2,1,1,0,7,0,23,0,23,0,0,20,70,0,4,1,45,65,3,61,31,0,,,,,,,10,0,10,0,3,0,2,0,2,0,4,2,35.63764194444445,139.41935833333332,3,3,,,,
1,30,877,132,2,0,1,30000,0,201,2020,7,10,9,30,12,,,,,3,1,2,1,7,9,22,0,23,14,9,30,70,1,3,1,75,75,14,61,31,0,,,,,,,1,0,10,0,3,0,2,0,2,0,4,2,35.64896611111111,139.30768277777779,6,3,,,,
1,30,877,135,2,0,1,200,494,201,2020,7,16,6,25,12,,,,,2,2,2,1,1,9,22,0,23,18,9,30,70,4,2,1,65,65,3,61,31,0,,,,,,,4,0,10,0,3,0,2,0,2,0,4,2,35.64742722222222,139.2924297222222,5,3,,,,
1,30,877,140,2,0,1,30000,0,201,2020,7,30,16,20,12,,,,,2,2,1,14,7,0,23,0,23,2,9,1,70,4,3,1,75,0,61,0,0,0,,,,,,,0,0,0,0,0,0,0,0,0,0,2,0,35.65206305555555,139.2920275,5,3,,,,
1,30,878,172,2,0,1,30950,0,225,2020,6,29,10,45,12,,,,,1,1,1,1,7,9,22,0,23,14,9,30,70,4,2,1,65,55,14,61,1,0,,,,,,,10,0,10,0,4,0,2,0,2,0,4,2,35.6108175,139.4945572222222,2,3,,,,
1,30,878,173,2,0,1,30000,0,225,2020,6,29,16,29,12,,,,,1,1,1,14,7,0,23,0,23,3,9,1,70,4,2,1,65,1,3,61,31,0,,,,,,,10,0,10,0,2,0,2,0,2,0,4,2,35.65004416666667,139.49346916666664,2,3,,,,
1,30,878,185,2,0,1,30000,0,224,2020,7,16,20,53,22,,,,,1,1,1,14,7,0,23,0,23,4,9,1,70,5,2,1,45,75,1,61,1,0,,,,,,,10,0,30,0,4,0,2,0,2,0,4,2,35.62426333333333,139.42424277777778,5,3,,,,
1,30,878,187,2,0,1,21110,0,224,2020,7,18,16,23,12,,,,,2,1,2,1,1,9,22,0,23,19,9,30,70,1,2,1,55,65,3,61,31,0,,,,,,,10,0,50,0,4,0,2,0,2,0,4,2,35.626556388888886,139.42399833333332,7,3,,,,
1,30,878,201,2,0,1,99000,0,225,2020,7,14,10,50,12,,,,,3,1,2,0,7,0,23,0,23,0,0,20,70,0,4,1,35,25,17,61,31,0,,,,,,,10,0,60,0,3,0,2,0,2,0,4,2,35.62007138888889,139.47338472222222,3,3,,,,
1,30,879,241,2,0,1,99000,0,220,2020,7,4,9,55,12,,,,,3,1,2,0,7,0,23,0,23,0,0,20,70,0,4,1,55,65,3,61,31,0,,,,,,,10,0,10,0,3,0,2,0,2,0,4,2,35.745758333333335,139.4267683333333,7,3,,,,
1,30,879,246,2,0,1,30000,0,223,2020,7,6,16,45,12,,,,,3,2,2,1,7,1,21,0,23,11,9,30,70,5,2,1,75,75,3,61,31,0,,,,,,,2,0,10,0,3,0,2,0,2,0,4,2,35.74676388888889,139.4061563888889,2,3,,,,
1,30,879,257,2,0,1,30000,0,220,2020,7,15,19,47,21,,,,,3,1,2,7,7,0,23,0,23,3,9,1,70,4,2,1,75,45,3,61,31,0,,,,,,,3,0,20,0,3,0,2,0,2,0,4,2,35.73917,139.41436972222223,4,3,,,,
1,30,879,267,2,0,1,30000,0,220,2020,7,21,3,18,22,,,,,3,1,2,14,7,0,23,0,23,3,9,1,70,5,3,1,55,25,3,61,31,0,,,,,,,2,0,10,0,3,0,2,0,2,0,4,2,35.73739722222222,139.41906749999998,3,3,,,,
1,30,880,162,2,0,1,10450,0,205,2020,7,4,20,15,22,,,,,3,1,2,7,7,0,23,0,23,1,9,1,70,5,1,1,1,65,51,61,0,0,,,,,,,0,0,10,0,4,0,0,0,0,0,4,2,35.78053222222222,139.26965805555557,7,3,,,,
1,30,880,175,2,0,1,10240,0,205,2020,7,26,20,0,22,,,,,3,2,2,1,7,9,22,0,23,14,9,30,70,4,1,1,45,65,3,61,31,0,,,,,,,4,0,10,0,4,0,2,0,2,0,4,2,35.78854444444444,139.28552444444443,1,3,,,,
1,30,880,177,2,0,1,99000,0,205,2020,7,29,12,40,12,,,,,3,2,2,0,7,0,23,0,23,0,0,20,70,0,4,1,35,55,4,61,31,0,,,,,,,10,0,10,0,4,0,2,0,2,0,4,2,35.78586333333333,139.27082305555558,4,3,,,,
1,30,882,203,2,0,1,30000,0,228,2020,7,4,20,2,22,,,,,2,1,2,1,1,9,22,0,23,15,9,30,70,4,2,1,55,1,4,61,31,0,,,,,,,2,0,10,0,3,0,2,0,2,0,4,2,35.73556611111111,139.2919375,7,3,,,,
1,30,882,208,2,0,1,10740,0,228,2020,7,15,19,50,21,,,,,3,2,2,7,1,0,23,0,23,3,9,1,70,4,2,1,45,1,3,61,31,0,,,,,,,4,0,50,0,3,0,1,0,2,0,4,2,35.725770833333335,139.26662083333332,4,3,,,,
1,30,882,210,2,0,1,10550,0,218,2020,7,16,19,47,21,,,,,2,1,2,1,7,1,21,0,23,14,9,30,70,4,1,1,55,65,3,61,31,0,,,,,,,3,0,10,0,4,0,2,0,2,0,4,2,35.72383388888889,139.3351188888889,5,3,,,,
1,30,882,211,2,0,2,10240,0,303,2020,7,17,9,57,12,,,,,3,2,2,1,1,9,22,0,23,17,9,30,70,4,2,1,65,45,3,61,31,0,,,,,,,4,0,10,0,3,0,2,0,2,0,4,2,35.77956138888889,139.32887416666665,6,3,,,,
1,30,882,213,2,0,1,30000,0,218,2020,7,20,22,30,22,,,,,3,2,2,1,1,9,22,0,23,18,9,30,70,4,2,1,1,35,3,61,31,0,,,,,,,3,0,12,0,3,0,2,0,2,0,4,2,35.74243416666667,139.32926833333332,2,3,,,,