資料区分,都道府県コード,警察署等コード,本票番号,事故内容,死者数,負傷者数,路線コード,地点コード,市区町村コード,発生日時　　年,発生日時　　月,発生日時　　日,発生日時　　時,発生日時　　分,昼夜,日の出時刻　　時,日の出時刻　　分,日の入り時刻　　時,日の入り時刻　　分,天候,地形,路面状態,道路形状,信号機,一時停止規制　標識（当事者A）,一時停止規制　表示（当事者A）,一時停止規制　標識（当事者B）,一時停止規制　表示（当事者B）,車道幅員,道路線形,衝突地点,ゾーン規制,中央分離帯施設等,歩車道区分,事故類型,年齢（当事者A）,年齢（当事者B）,当事者種別（当事者A）,当事者種別（当事者B）,用途別（当事者A）,用途別（当事者B）,車両形状等（当事者A）,車両形状等（当事者B）,オートマチック車（当事者A）,オートマチック車（当事者B）,サポカー（当事者A）,サポカー（当事者B）,速度規制（指定のみ）（当事者A）,速度規制（指定のみ）（当事者B）,車両の衝突部位（当事者A）,車両の衝突部位（当事者B）,車両の損壊程度（当事者A）,車両の損壊程度（当事者B）,エアバッグの装備（当事者A）,エアバッグの装備（当事者B）,サイドエアバッグの装備（当事者A）,サイドエアバッグの装備（当事者B）,人身損傷程度（当事者A）,人身損傷程度（当事者B）,lat,lon,曜日(発生年月日),祝日(発生年月日),認知機能検査経過日数（当事者A）,認知機能検査経過日数（当事者B）,運転練習の方法（当事者A）,運転練習の方法（当事者B）
1,30,883,261,2,0,1,99000,0,201,2020,6,29,9,15,12,,,,,1,1,1,0,7,0,23,0,23,0,0,20,70,0,4,1,35,35,4,61,31,0,,,,,,,10,0,63,0,3,0,2,0,2,0,4,2,35.67238972222222,139.3316638888889,2,3,,,,
1,30,883,262,2,0,1,200,449,201,2020,7,3,19,25,21,,,,,3,1,2,14,7,0,23,0,23,2,9,20,70,4,2,1,55,45,35,61,31,0,,,,,,,4,0,40,0,3,0,0,0,0,0,4,2,35.65981583333333,139.33785055555558,6,3,,,,
1,30,883,279,2,0,1,30000,0,201,2020,7,7,12,20,12,,,,,2,1,1,14,7,0,23,0,23,3,9,1,70,5,3,1,55,55,3,61,31,0,,,,,,,2,0,40,0,3,0,2,0,2,0,4,2,35.687355,139.30939527777778,3,3,,,,
1,30,883,284,2,0,1,30000,0,201,2020,7,17,18,40,13,,,,,3,1,2,1,1,9,22,0,23,14,9,30,70,4,3,1,35,35,14,61,31,0,,,,,,,5,0,10,0,4,0,2,0,2,0,4,2,35.652105,139.33663166666668,6,3,,,,
1,30,883,286,2,0,1,10460,0,201,2020,7,15,15,10,12,,,,,3,1,2,1,7,1,21,0,23,15,9,30,70,4,1,1,25,75,3,61,31,0,,,,,,,3,0,20,0,4,0,2,0,2,0,4,2,35.67539,139.31322694444447,4,3,,,,
1,30,883,290,2,0,1,99000,0,201,2020,7,21,6,15,12,,,,,2,2,1,0,7,0,23,0,23,0,0,20,70,0,4,1,1,75,3,61,31,0,,,,,,,10,0,30,0,3,0,2,0,2,0,4,2,35.68398111111111,139.2989902777778,3,3,,,,
1,30,883,293,2,0,1,30000,0,201,2020,7,22,8,5,12,,,,,2,1,1,1,1,9,22,0,23,15,9,30,70,4,2,1,25,25,4,61,31,0,,,,,,,3,0,10,0,3,0,2,0,2,0,4,2,35.65613222222222,139.34465333333335,4,2,,,,
1,30,883,295,2,0,1,200,452,201,2020,7,22,15,5,12,,,,,1,1,1,14,7,0,23,0,23,3,9,1,70,4,1,1,75,1,3,61,31,0,,,,,,,5,0,40,0,3,0,2,0,2,0,4,2,35.659965,139.3331638888889,4,2,,,,
1,30,883,299,2,0,1,30540,0,201,2020,7,26,13,15,12,,,,,3,1,2,1,1,9,22,0,23,14,9,30,70,4,1,1,55,75,3,61,31,0,,,,,,,3,0,10,0,3,0,2,0,2,0,4,2,35.66347277777778,139.3370913888889,1,3,,,,
1,30,884,261,2,0,1,10490,0,209,2020,7,3,15,55,12,,,,,3,1,2,1,1,9,22,0,23,11,9,30,70,4,1,1,55,1,3,61,31,0,,,,,,,3,0,80,0,4,0,2,0,2,0,4,2,35.530342499999996,139.4620222222222,6,3,,,,
1,30,884,268,2,0,1,10490,0,209,2020,7,10,21,5,22,,,,,2,1,2,1,1,9,22,0,23,15,9,30,70,4,2,1,45,35,4,61,31,0,,,,,,,3,0,10,0,4,0,2,0,2,0,4,2,35.55838722222222,139.43204972222222,6,3,,,,
1,30,884,278,2,0,1,10490,0,209,2020,7,11,14,35,12,,,,,2,1,1,1,7,9,22,0,23,11,9,30,70,5,4,1,55,45,4,61,31,0,,,,,,,3,0,10,0,3,0,2,0,2,0,4,2,35.519418611111114,139.47208166666667,7,3,,,,
1,30,884,282,2,0,1,30000,0,209,2020,6,4,13,40,12,,,,,1,1,1,1,1,9,22,0,23,15,9,30,70,4,2,1,75,75,4,61,31,0,,,,,,,2,0,10,0,3,0,2,0,2,0,4,2,35.57540666666667,139.4335702777778,5,3,,,,
1,30,884,293,2,0,1,30000,0,209,2020,7,28,11,11,12,,,,,2,1,1,1,1,9,22,0,23,15,9,30,70,4,2,1,45,75,3,61,31,0,,,,,,,3,0,10,0,4,0,2,0,2,0,4,2,35.564923611111105,139.46345888888888,3,3,,,,
1,30,885,220,2,0,1,30000,0,212,2020,7,4,18,25,13,,,,,1,2,1,7,7,0,23,0,23,2,9,1,70,5,3,1,55,55,4,61,31,0,,,,,,,5,0,80,0,3,0,2,0,2,0,4,2,35.68053222222222,139.38350583333332,7,3,,,,
1,30,885,234,2,0,1,99000,0,212,2020,7,12,13,35,12,,,,,2,3,1,0,7,0,23,0,23,0,0,20,70,0,4,1,65,35,3,61,31,0,,,,,,,10,0,20,0,3,0,2,0,2,0,4,2,35.67319333333333,139.4031977777778,1,3,,,,
1,30,885,240,2,0,1,99000,0,212,2020,7,21,15,50,12,,,,,2,3,1,0,7,0,23,0,23,0,0,20,70,0,4,1,45,45,12,61,1,0,,,,,,,1,0,40,0,3,0,2,0,2,0,4,2,35.65429777777778,139.36958361111112,3,3,,,,
1,30,886,205,2,0,1,30000,0,207,2020,7,7,9,50,12,,,,,2,1,1,1,1,9,22,0,23,14,9,30,70,4,2,1,75,75,4,61,31,0,,,,,,,3,0,10,0,4,0,2,0,2,0,4,2,35.70923611111112,139.35356472222222,3,3,,,,
1,30,886,207,2,0,1,30810,0,207,2020,7,8,21,50,22,,,,,2,1,1,7,1,0,23,0,23,2,9,1,70,4,2,1,35,55,51,61,0,0,,,,,,,0,0,10,0,3,0,0,0,0,0,4,2,35.708173333333335,139.37292805555558,4,3,,,,
1,30,886,208,2,0,1,30810,0,207,2020,7,10,8,0,12,,,,,2,2,2,7,1,0,23,0,23,3,9,1,70,4,2,1,1,1,51,61,0,0,,,,,,,0,0,10,0,3,0,0,0,0,0,4,2,35.718161111111115,139.3452877777778,6,3,,,,
1,30,886,213,2,0,1,30000,0,207,2020,7,6,11,15,12,,,,,3,1,2,1,1,9,22,0,23,15,9,30,70,4,2,1,65,35,17,61,1,0,,,,,,,2,0,40,0,4,0,2,0,2,0,4,2,35.72102944444445,139.35125777777776,2,3,,,,
1,30,886,220,2,0,1,99000,0,207,2020,7,18,17,0,12,,,,,2,1,1,0,7,0,23,0,23,0,0,20,70,0,4,1,35,1,3,61,31,0,,,,,,,10,0,10,0,4,0,2,0,2,0,4,2,35.698009166666665,139.37596472222222,7,3,,,,
1,30,886,229,2,0,1,30000,0,207,2020,7,25,16,20,12,,,,,3,1,2,1,7,1,21,0,23,11,9,30,70,5,2,1,65,55,3,61,31,0,,,,,,,3,0,10,0,3,0,2,0,2,0,4,2,35.71643666666667,139.34984527777777,7,3,,,,
1,30,887,322,2,0,1,30000,0,202,2020,7,6,20,55,22,,,,,3,1,2,14,7,0,23,0,23,3,9,1,70,4,2,1,35,45,51,61,0,0,,,,,,,0,0,10,0,4,0,0,0,0,0,4,2,35.697532499999994,139.41007277777777,2,3,,,,
1,30,887,324,2,0,1,30000,0,202,2020,7,7,9,25,12,,,,,3,2,1,1,7,9,22,0,23,11,7,30,70,5,2,1,55,25,12,61,31,0,,,,,,,10,0,10,0,3,0,2,0,2,0,4,2,35.696570277777774,139.41762805555555,3,3,,,,
1,30,887,330,2,0,1,30000,0,215,2020,7,9,20,32,22,,,,,3,1,2,14,7,0,23,0,23,3,9,1,70,4,2,1,1,1,33,61,31,0,,,,,,,3,0,10,0,3,0,0,0,0,0,4,2,35.69786166666666,139.44756666666666,5,3,,,,
1,30,887,334,2,0,1,30000,0,202,2020,7,10,17,8,12,,,,,2,1,1,14,7,0,23,0,23,2,9,1,70,5,4,1,1,0,61,0,0,0,,,,,,,0,0,0,0,0,0,0,0,0,0,2,0,35.72780027777778,139.41374861111112,6,3,,,,
1,30,887,358,2,0,1,99000,0,202,2020,7,27,11,50,12,,,,,2,1,1,0,7,0,23,0,23,0,0,20,70,0,4,1,65,55,3,61,31,0,,,,,,,10,0,70,0,4,0,2,0,2,0,4,2,35.70308,139.4145463888889,2,3,,,,
1,30,887,361,2,0,1,30000,0,202,2020,7,29,11,10,12,,,,,3,2,2,14,7,0,23,0,23,1,9,1,70,5,3,1,25,65,3,61,31,0,,,,,,,2,0,10,0,3,0,2,0,2,0,4,2,35.69348722222222,139.41519527777777,4,3,,,,
1,30,888,132,2,0,1,30000,0,206,2020,7,11,8,43,12,,,,,2,1,1,14,7,0,23,0,23,2,9,1,70,5,2,1,55,55,3,61,31,0,,,,,,,10,0,30,0,3,0,2,0,2,0,4,2,35.65832527777778,139.49048805555555,7,3,,,,
1,30,888,134,2,0,1,30000,0,206,2020,7,12,8,0,12,,,,,2,1,1,14,7,0,23,0,23,1,9,1,70,5,4,1,45,65,51,61,0,0,,,,,,,0,0,10,0,3,0,0,0,0,0,4,2,35.66215666666667,139.440115,1,3,,,,
1,30,888,139,2,0,1,30000,0,206,2020,7,19,16,5,12,,,,,1,1,1,14,7,0,23,0,23,1,9,1,70,5,4,1,25,55,51,61,0,0,,,,,,,0,0,40,0,3,0,0,0,0,0,4,2,35.65764333333333,139.4469527777778,1,3,,,,
1,30,888,147,2,0,1,20000,0,206,2020,7,28,13,40,12,,,,,3,1,2,1,1,9,22,0,23,18,9,30,70,5,1,1,45,75,1,61,1,0,,,,,,,10,0,10,0,4,0,2,0,2,0,4,2,35.65958277777778,139.49952527777776,3,3,,,,
1,30,889,150,2,0,1,30000,0,214,2020,7,3,16,55,12,,,,,3,1,2,1,7,9,22,0,23,15,9,30,70,4,2,1,25,1,13,61,31,0,,,,,,,2,0,10,0,3,0,2,0,2,0,4,2,35.70267055555556,139.45514305555554,6,3,,,,
1,30,889,153,2,0,1,30000,0,214,2020,7,10,8,40,12,,,,,3,1,1,14,7,0,23,0,23,3,9,1,70,5,3,1,55,55,3,61,31,0,,,,,,,2,0,40,0,3,0,2,0,2,0,4,2,35.71008388888889,139.45384527777776,6,3,,,,
1,30,889,154,2,0,1,10560,0,210,2020,7,10,14,50,12,,,,,1,1,1,14,7,0,23,0,23,2,9,1,70,4,2,1,65,1,51,61,0,0,,,,,,,0,0,10,0,3,0,0,0,0,0,4,2,35.707190277777784,139.5079127777778,6,3,,,,
1,30,889,157,2,0,1,10750,0,210,2020,7,12,19,30,21,,,,,1,1,2,1,1,9,22,0,23,18,9,30,70,1,1,1,35,45,3,61,31,0,,,,,,,5,0,10,0,3,0,2,0,2,0,4,2,35.68944666666666,139.50108055555555,1,3,,,,
1,30,889,162,2,0,1,30000,0,214,2020,7,20,15,58,12,,,,,2,1,1,14,7,0,23,0,23,2,9,1,70,5,3,1,1,1,51,61,0,0,,,,,,,0,0,40,0,3,0,0,0,0,0,4,2,35.71112333333333,139.46390444444444,2,3,,,,
1,30,890,227,2,0,1,30000,0,229,2020,5,19,19,25,21,,,,,3,1,2,14,7,0,23,0,23,3,9,1,70,5,3,1,35,65,36,61,31,0,,,,,,,1,0,40,0,3,0,0,0,0,0,4,2,35.74361805555556,139.55240972222222,3,3,,,,
1,30,890,237,2,0,1,95000,0,229,2020,7,23,15,10,12,,,,,3,1,2,0,7,0,23,0,23,0,0,20,70,0,4,1,25,45,3,61,31,0,,,,,,,10,0,30,0,4,0,2,0,2,0,4,2,35.75046388888889,139.54424,5,1,,,,
1,30,891,152,2,0,1,30000,0,213,2020,7,7,8,5,12,,,,,2,1,1,14,7,0,23,0,23,2,8,1,70,5,4,1,1,0,61,0,0,0,,,,,,,0,0,0,0,0,0,0,0,0,0,2,0,35.77035055555555,139.4959686111111,3,3,,,,
1,30,891,155,2,0,1,30000,0,213,2020,7,9,14,45,12,,,,,1,1,1,14,7,0,23,0,23,2,9,1,70,4,2,1,65,1,4,61,31,0,,,,,,,3,0,10,0,3,0,2,0,2,0,4,2,35.74852805555555,139.46483694444444,5,3,,,,
1,30,892,97,2,0,1,30000,0,203,2020,7,5,23,0,22,,,,,2,1,2,1,7,9,22,0,23,11,9,30,70,5,3,1,25,35,51,61,0,0,,,,,,,0,0,10,0,3,0,0,0,0,0,4,2,35.707102222222225,139.59191333333334,1,3,,,,
1,30,892,101,2,0,1,30000,0,203,2020,7,13,14,30,12,,,,,3,1,2,1,1,9,22,0,23,15,9,30,70,5,2,1,75,65,14,61,31,0,,,,,,,2,0,80,0,3,0,2,0,2,0,4,2,35.717623055555556,139.57441722222222,2,3,,,,
1,30,892,107,2,0,1,95000,0,203,2020,7,26,9,25,12,,,,,3,1,2,1,1,9,22,0,23,15,9,30,70,4,2,1,35,75,3,61,31,0,,,,,,,3,0,10,0,3,0,2,0,2,0,4,2,35.70493638888889,139.56050111111114,1,3,,,,
1,30,892,110,2,0,1,30000,0,203,2020,7,30,21,25,22,,,,,2,1,1,7,7,0,23,0,23,2,9,1,70,5,2,1,35,45,3,61,31,0,,,,,,,2,0,10,0,3,0,2,0,2,0,4,2,35.709809444444446,139.53176722222224,5,3,,,,
1,30,893,166,2,0,1,20880,0,204,2020,7,6,19,37,21,,,,,3,1,2,14,7,0,23,0,23,3,9,1,70,5,2,1,45,75,13,61,31,0,,,,,,,3,0,10,0,3,0,2,0,2,0,4,2,35.69090166666666,139.57181944444443,2,3,,,,
1,30,893,173,2,0,1,95000,0,204,2020,7,13,13,26,12,,,,,2,1,1,14,7,0,23,0,23,2,9,1,70,5,3,1,35,75,1,61,1,0,,,,,,,2,0,80,0,3,0,2,0,2,0,4,2,35.69866083333333,139.55642,2,3,,,,
1,30,893,181,2,0,1,95000,0,204,2020,7,20,10,50,12,,,,,1,1,1,0,7,0,23,0,23,0,0,20,70,0,4,1,55,65,1,61,1,0,,,,,,,10,0,40,0,4,0,2,0,2,0,4,2,35.675,139.5326836111111,2,3,,,,
1,30,893,189,2,0,1,20880,0,204,2020,7,26,14,35,12,,,,,3,1,2,14,7,0,23,0,23,3,9,1,70,4,2,1,35,45,1,61,1,0,,,,,,,3,0,40,0,3,0,2,0,2,0,4,2,35.693931388888885,139.55487083333335,1,3,,,,
1,30,894,214,2,0,1,30000,0,208,2020,7,1,23,20,22,,,,,3,1,5,14,7,0,23,0,23,2,9,1,70,5,4,1,45,65,3,61,1,0,,,,,,,10,0,40,0,4,0,2,0,2,0,4,2,35.66172527777778,139.5846838888889,4,3,,,,
1,30,894,240,2,0,1,30000,0,208,2020,7,19,17,15,12,,,,,1,1,2,14,7,0,23,0,23,3,9,1,70,5,4,1,65,55,51,61,0,0,,,,,,,0,0,10,0,3,0,0,0,0,0,4,2,35.645785833333335,139.53299944444447,1,3,,,,
1,30,894,253,2,0,1,30000,0,208,2020,7,28,11,38,12,,,,,3,1,2,14,7,0,23,0,23,2,9,1,70,4,2,1,55,65,3,61,31,0,,,,,,,2,0,10,0,4,0,2,0,2,0,4,2,35.66047,139.5228925,3,3,,,,
1,30,894,254,2,0,1,200,238,208,2020,7,28,11,30,12,,,,,1,1,1,1,1,9,22,0,23,14,9,30,70,4,2,1,65,55,3,61,31,0,,,,,,,4,0,10,0,4,0,2,0,2,0,4,2,35.654446111111106,139.54719416666666,3,3,,,,
1,30,894,258,2,0,1,20890,0,208,2020,7,25,1,10,22,,,,,2,1,2,7,7,0,23,0,23,3,9,1,70,4,2,1,55,35,3,61,1,0,,,,,,,2,0,30,0,3,0,2,0,2,0,4,2,35.65266805555555,139.5455352777778,7,3,,,,
1,30,895,130,2,0,1,95000,0,211,2020,7,5,18,25,13,,,,,2,1,1,14,7,0,23,0,23,3,9,1,70,4,1,1,35,1,4,61,31,0,,,,,,,3,0,10,0,3,0,2,0,2,0,4,2,35.73659833333333,139.49251888888887,1,3,,,,
1,30,895,132,2,0,1,95000,0,211,2020,7,2,7,20,12,,,,,1,1,1,14,1,0,23,0,23,2,9,1,70,5,2,1,55,25,4,61,31,0,,,,,,,2,0,80,0,3,0,2,0,2,0,4,2,35.732841944444445,139.43500555555556,5,3,,,,
1,30,895,140,2,0,1,95000,0,211,2020,7,30,13,44,12,,,,,2,1,1,1,1,9,22,0,23,14,9,30,70,5,2,1,65,65,13,61,1,0,,,,,,,2,0,50,0,3,0,2,0,2,0,4,2,35.72303388888889,139.47977083333333,5,3,,,,
1,30,895,143,2,0,1,30000,0,211,2020,7,27,18,33,13,,,,,3,1,2,1,7,2,21,0,23,14,9,30,70,5,2,1,75,25,4,61,31,0,,,,,,,2,0,10,0,3,0,2,0,2,0,4,2,35.7263675,139.51430888888888,2,3,,,,
1,30,100,86,2,0,1,30000,0,101,2020,8,7,14,55,12,,,,,1,1,1,1,7,9,22,0,23,11,9,30,1,4,1,1,35,65,3,61,1,0,,,,,,,2,0,10,0,3,0,2,0,2,0,4,2,35.701862222222225,139.75050055555556,6,3,,,,
1,30,100,93,2,0,1,200,49,101,2020,8,28,9,20,12,,,,,1,1,1,14,7,0,23,0,23,6,9,1,70,1,2,1,35,55,13,61,1,0,,,,,,,5,0,30,0,3,0,2,0,2,0,4,2,35.68380388888889,139.73723249999998,6,3,,,,
1,30,101,70,2,0,1,20030,0,101,2020,7,27,20,25,22,,,,,3,1,2,1,1,9,22,0,23,18,9,30,70,4,2,1,55,35,3,61,31,0,,,,,,,3,0,10,0,3,0,2,0,2,0,4,2,35.67046166666666,139.75610333333333,2,3,,,,
1,30,101,73,2,0,1,30000,0,101,2020,8,5,16,25,12,,,,,1,1,1,14,7,0,23,0,23,3,9,1,70,5,2,1,65,55,3,61,1,0,,,,,,,1,0,20,0,3,0,2,0,2,0,4,2,35.67293861111111,139.76052638888888,4,3,,,,
1,30,101,81,2,0,1,20000,0,101,2020,8,24,7,37,12,,,,,1,1,1,1,1,8,22,0,23,18,9,20,70,1,2,1,1,35,51,61,0,0,,,,,,,0,0,10,0,3,0,0,0,0,0,4,2,35.67781305555555,139.763495,2,3,,,,
1,30,102,61,2,0,1,30000,0,101,2020,8,23,14,14,12,,,,,2,1,1,14,7,0,23,0,23,3,9,1,1,5,1,1,25,55,51,61,0,0,,,,,,,0,0,10,0,4,0,0,0,0,0,4,2,35.700032500000006,139.76249666666666,1,3,,,,
1,30,103,39,2,0,1,20070,0,101,2020,8,5,16,50,12,,,,,1,1,1,7,1,0,23,0,23,2,9,1,70,4,2,1,45,55,51,61,0,0,,,,,,,0,0,10,0,4,0,0,0,0,0,4,2,35.691938888888885,139.77152833333335,4,3,,,,
1,30,104,143,2,0,1,30000,0,102,2020,8,2,2,50,22,,,,,1,1,1,1,7,9,22,0,23,15,9,20,70,5,3,1,75,25,3,61,1,0,,,,,,,2,0,70,0,4,0,2,0,2,0,4,2,35.69262472222222,139.7802352777778,1,3,,,,
1,30,104,146,2,0,1,30000,0,102,2020,8,5,11,55,12,,,,,1,1,1,1,7,1,21,0,23,15,9,30,70,5,3,1,45,35,14,61,1,0,,,,,,,10,0,10,0,3,0,2,0,2,0,4,2,35.6871825,139.77953722222225,4,3,,,,
1,30,104,147,2,0,1,30000,0,102,2020,8,7,5,49,11,,,,,1,1,1,14,7,0,23,0,23,3,9,1,70,5,3,1,55,75,4,61,1,0,,,,,,,2,0,30,0,4,0,2,0,2,0,4,2,35.67554666666666,139.77385777777778,6,3,,,,
1,30,104,156,2,0,1,10040,0,102,2020,8,20,15,35,12,,,,,1,1,1,14,1,0,23,0,23,2,9,1,70,4,2,1,1,65,59,61,0,0,,,,,,,0,0,10,0,4,0,0,0,0,0,4,2,35.682586944444445,139.77391333333335,5,3,,,,
1,30,104,162,2,0,1,30000,0,102,2020,8,30,14,52,12,,,,,1,1,1,1,7,9,22,0,23,14,9,30,70,4,2,1,45,45,3,61,1,0,,,,,,,10,0,10,0,3,0,2,0,2,0,4,2,35.683346388888886,139.7785741666667,1,3,,,,
1,30,105,45,2,0,1,95000,0,102,2020,8,6,18,5,13,,,,,1,1,1,14,7,0,23,0,23,6,9,1,70,4,2,1,25,35,51,61,0,0,,,,,,,0,0,10,0,3,0,0,0,0,0,4,2,35.6938575,139.7828788888889,5,3,,,,
1,30,106,97,2,0,1,30000,0,102,2020,7,29,17,54,13,,,,,2,1,1,14,7,0,23,0,23,3,9,1,70,5,2,1,65,25,3,61,1,0,,,,,,,2,0,10,0,4,0,2,0,2,0,4,2,35.66945861111111,139.76112,4,3,,,,
1,30,106,103,2,0,1,30000,0,102,2020,3,18,21,20,22,,,,,1,1,1,1,7,1,21,0,23,11,9,30,70,5,2,1,55,35,3,61,31,0,,,,,,,2,0,10,0,3,0,2,0,2,0,4,2,35.66970666666666,139.7692577777778,4,3,,,,
1,30,106,105,2,0,1,95000,0,102,2020,7,14,14,24,12,,,,,2,1,1,1,7,1,21,0,23,11,9,30,70,5,2,1,45,35,3,61,31,0,,,,,,,2,0,10,0,3,0,2,0,2,0,4,2,35.66889444444444,139.76390694444444,3,3,,,,
1,30,107,78,2,0,1,20680,0,102,2020,8,23,19,4,21,,,,,2,1,1,1,1,9,22,0,23,18,8,30,70,1,2,1,25,45,51,61,0,0,,,,,,,0,0,10,0,3,0,0,0,0,0,4,2,35.666355555555555,139.78709694444444,1,3,,,,
1,30,108,95,2,0,1,30000,0,103,2020,8,14,20,44,22,,,,,1,1,1,1,7,9,22,0,23,15,9,30,70,5,3,1,35,65,3,61,1,0,,,,,,,2,0,50,0,3,0,2,0,2,0,4,2,35.66446416666667,139.7579413888889,6,3,,,,
1,30,109,84,2,0,1,20000,0,103,2020,7,22,0,45,22,,,,,3,1,2,14,1,0,23,0,23,5,9,1,70,4,2,1,55,1,3,61,31,0,,,,,,,4,0,10,0,3,0,2,0,2,0,4,2,35.64241805555555,139.74665666666667,4,2,,,,
1,30,109,86,2,0,1,30000,0,103,2020,8,7,20,0,22,,,,,1,1,1,7,7,0,23,0,23,2,9,1,70,4,1,1,65,45,35,61,31,0,,,,,,,3,0,10,0,3,0,0,0,0,0,4,2,35.649993055555555,139.7503238888889,6,3,,,,
1,30,110,78,2,0,1,10080,0,103,2020,8,12,11,35,12,,,,,1,1,1,14,7,0,23,0,23,4,9,1,70,1,2,1,55,55,3,61,31,0,,,,,,,3,0,40,0,4,0,2,0,2,0,4,2,35.63649111111111,139.7226975,4,3,,,,
1,30,110,82,2,0,1,10,79,103,2020,2,17,8,30,12,,,,,1,1,1,1,1,9,22,0,23,17,9,30,70,1,1,1,25,35,51,61,0,0,,,,,,,0,0,10,0,3,0,0,0,0,0,4,2,35.64187222222222,139.73344083333333,2,3,,,,
1,30,110,84,2,0,1,30000,0,103,2020,8,19,17,50,13,,,,,1,1,1,7,7,0,23,0,23,5,9,1,70,4,2,1,25,1,51,61,0,0,,,,,,,0,0,20,0,4,0,0,0,0,0,4,2,35.62836333333333,139.7426436111111,4,3,,,,
1,30,111,145,2,0,1,30000,0,103,2020,8,1,20,25,22,,,,,1,1,1,14,7,0,23,0,23,2,9,1,70,5,1,1,65,1,3,61,1,0,,,,,,,10,0,10,0,4,0,2,0,2,0,4,2,35.66265305555555,139.73497138888888,7,3,,,,
1,30,111,151,2,0,1,30000,0,103,2020,4,24,9,30,12,,,,,1,1,1,14,7,0,23,0,23,3,9,1,70,5,4,1,45,35,3,61,31,0,,,,,,,5,0,0,0,4,0,2,0,2,0,4,2,35.65183333333333,139.73065861111112,6,3,,,,
1,30,111,155,2,0,1,30000,0,103,2020,8,16,16,7,12,,,,,1,1,1,14,7,0,23,0,23,3,7,1,70,5,2,1,55,45,3,61,1,0,,,,,,,5,0,20,0,3,0,2,0,2,0,4,2,35.66224722222222,139.73316888888888,1,3,,,,
1,30,111,156,2,0,1,30000,0,103,2020,8,18,10,15,12,,,,,1,1,1,14,7,0,23,0,23,1,8,1,70,5,3,1,75,45,3,61,31,0,,,,,,,10,0,40,0,3,0,2,0,2,0,4,2,35.65181916666666,139.72370416666666,3,3,,,,
1,30,111,161,2,0,1,30000,0,103,2020,8,21,22,23,22,,,,,1,1,1,1,7,9,22,0,23,11,9,30,70,5,3,1,45,1,3,61,1,0,,,,,,,1,0,80,0,4,0,2,0,2,0,4,2,35.647911388888886,139.72500888888888,6,3,,,,
1,30,111,166,2,0,2,10090,0,103,2020,8,25,6,0,11,,,,,1,1,1,7,7,0,23,0,23,5,9,1,70,1,1,1,45,55,51,61,0,0,,,,,,,0,0,10,0,3,0,0,0,0,0,2,2,35.64698444444444,139.73402833333333,3,3,,,,
1,30,111,168,2,0,1,10090,0,103,2020,6,26,19,13,21,,,,,1,1,1,14,7,0,23,0,23,1,9,20,70,1,2,1,35,25,51,61,0,0,,,,,,,0,0,10,0,4,0,0,0,0,0,4,2,35.647502777777774,139.73273194444445,6,3,,,,
1,30,111,171,2,0,1,30000,0,103,2020,7,30,20,58,22,,,,,2,1,1,14,7,0,23,0,23,2,8,1,70,5,3,1,1,25,51,61,0,0,,,,,,,0,0,10,0,3,0,0,0,0,0,4,2,35.66259361111111,139.73408416666666,5,3,,,,
1,30,112,102,2,0,1,30000,0,103,2020,8,12,20,20,22,,,,,2,1,1,7,1,0,23,0,23,3,9,1,70,4,1,1,65,75,3,61,1,0,,,,,,,2,0,40,0,3,0,2,0,2,0,4,2,35.67267777777778,139.7313697222222,4,3,,,,
1,30,112,106,2,0,1,30000,0,103,2020,8,15,13,0,12,,,,,1,1,1,1,1,9,22,0,23,17,9,30,70,4,2,1,25,65,51,61,0,0,,,,,,,0,0,10,0,3,0,0,0,0,0,4,2,35.65965305555555,139.7185511111111,7,3,,,,
1,30,112,108,2,0,1,30000,0,103,2020,8,17,12,10,12,,,,,1,1,1,1,7,9,22,0,23,11,9,30,70,5,3,1,65,25,3,61,31,0,,,,,,,2,0,10,0,3,0,2,0,2,0,4,2,35.672376388888885,139.7318838888889,2,3,,,,
1,30,112,111,2,0,1,30000,0,103,2020,8,21,13,7,12,,,,,1,1,1,1,1,9,22,0,23,15,3,30,70,4,2,1,25,35,3,61,31,0,,,,,,,2,0,10,0,3,0,2,0,2,0,4,2,35.66544805555555,139.7324497222222,6,3,,,,
1,30,112,115,2,0,1,30000,0,103,2020,8,24,9,55,12,,,,,1,1,1,1,7,1,21,0,23,11,9,30,1,5,2,1,65,25,3,61,31,0,,,,,,,2,0,10,0,3,0,2,0,2,0,4,2,35.67419666666667,139.73737388888887,2,3,,,,
1,30,112,116,2,0,1,99000,0,103,2020,8,24,12,55,12,,,,,1,1,1,0,7,0,23,0,23,0,0,20,70,0,4,1,35,35,3,61,31,0,,,,,,,10,0,50,0,3,0,2,0,2,0,4,2,35.67292472222222,139.73203388888888,2,3,,,,
1,30,113,140,2,0,1,10020,0,108,2020,6,16,17,22,12,,,,,1,1,1,14,7,0,23,0,23,5,8,1,70,1,2,1,55,25,51,61,0,0,,,,,,,0,0,40,0,3,0,0,0,0,0,4,2,35.650101944444444,139.80118583333334,3,3,,,,
1,30,216,80,2,0,1,30000,0,109,2020,8,5,17,35,12,,,,,1,1,1,14,7,0,23,0,23,1,9,1,70,5,3,1,35,75,51,61,0,0,,,,,,,0,0,41,0,3,0,0,0,0,0,4,2,35.59966166666667,139.71577277777777,4,3,,,,