資料区分,都道府県コード,警察署等コード,本票番号,事故内容,死者数,負傷者数,路線コード,地点コード,市区町村コード,発生日時　　年,発生日時　　月,発生日時　　日,発生日時　　時,発生日時　　分,昼夜,日の出時刻　　時,日の出時刻　　分,日の入り時刻　　時,日の入り時刻　　分,天候,地形,路面状態,道路形状,信号機,一時停止規制　標識（当事者A）,一時停止規制　表示（当事者A）,一時停止規制　標識（当事者B）,一時停止規制　表示（当事者B）,車道幅員,道路線形,衝突地点,ゾーン規制,中央分離帯施設等,歩車道区分,事故類型,年齢（当事者A）,年齢（当事者B）,当事者種別（当事者A）,当事者種別（当事者B）,用途別（当事者A）,用途別（当事者B）,車両形状等（当事者A）,車両形状等（当事者B）,オートマチック車（当事者A）,オートマチック車（当事者B）,サポカー（当事者A）,サポカー（当事者B）,速度規制（指定のみ）（当事者A）,速度規制（指定のみ）（当事者B）,車両の衝突部位（当事者A）,車両の衝突部位（当事者B）,車両の損壊程度（当事者A）,車両の損壊程度（当事者B）,エアバッグの装備（当事者A）,エアバッグの装備（当事者B）,サイドエアバッグの装備（当事者A）,サイドエアバッグの装備（当事者B）,人身損傷程度（当事者A）,人身損傷程度（当事者B）,lat,lon,曜日(発生年月日),祝日(発生年月日),認知機能検査経過日数（当事者A）,認知機能検査経過日数（当事者B）,運転練習の方法（当事者A）,運転練習の方法（当事者B）
1,30,216,81,2,0,1,30000,0,109,2020,8,9,10,45,12,,,,,1,1,1,1,7,1,21,0,23,11,9,30,70,5,3,1,65,35,4,61,31,0,,,,,,,5,0,10,0,3,0,2,0,2,0,4,2,35.59521055555556,139.72373305555556,1,2,,,,
1,30,216,83,2,0,1,30000,0,109,2020,8,12,12,45,12,,,,,1,1,1,14,7,0,23,0,23,1,7,1,70,5,4,1,1,45,51,61,0,0,,,,,,,0,0,10,0,3,0,0,0,0,0,4,2,35.604083333333335,139.73689694444442,4,3,,,,
1,30,216,85,2,0,1,30000,0,109,2020,8,17,12,30,12,,,,,1,1,1,14,7,0,23,0,23,2,9,1,70,5,2,1,45,1,4,61,31,0,,,,,,,5,0,62,0,4,0,2,0,2,0,4,2,35.60102055555556,139.72958472222223,2,3,,,,
1,30,216,87,2,0,1,30000,0,109,2020,7,15,18,0,13,,,,,3,1,2,7,7,0,23,0,23,2,9,1,70,5,3,1,35,55,51,61,0,0,,,,,,,0,0,10,0,3,0,0,0,0,0,4,2,35.58843277777778,139.73489527777775,4,3,,,,
1,30,217,88,2,0,1,30000,0,109,2020,8,2,1,28,22,,,,,1,1,1,1,7,9,22,0,23,11,9,30,70,5,4,1,65,35,3,61,31,0,,,,,,,1,0,50,0,3,0,2,0,2,0,4,2,35.633272222222224,139.71763805555557,1,3,,,,
1,30,217,91,2,0,1,30000,0,109,2020,8,4,19,30,21,,,,,1,1,1,14,7,0,23,0,23,4,9,1,70,4,1,1,75,45,3,61,31,0,,,,,,,3,0,80,0,3,0,2,0,2,0,4,2,35.627834722222225,139.72230583333334,3,3,,,,
1,30,217,92,2,0,1,30000,0,109,2020,8,20,6,40,12,,,,,1,1,1,1,1,9,22,0,23,14,9,30,70,4,2,1,45,55,13,61,31,0,,,,,,,2,0,50,0,3,0,2,0,2,0,4,2,35.61776527777778,139.71952055555556,5,3,,,,
1,30,217,93,2,0,1,30000,0,109,2020,8,27,10,25,12,,,,,1,1,1,7,7,0,23,0,23,2,9,1,70,5,2,1,65,55,3,61,31,0,,,,,,,3,0,10,0,3,0,2,0,2,0,4,2,35.62076277777778,139.72838861111111,5,3,,,,
1,30,218,175,2,0,1,10,114,109,2020,8,6,6,55,12,,,,,1,1,1,1,1,9,22,0,23,17,9,30,70,1,2,1,25,65,13,61,31,0,,,,,,,10,0,50,0,3,0,2,0,2,0,4,2,35.615344444444446,139.7166597222222,5,3,,,,
1,30,218,177,2,0,1,10,0,109,2020,8,5,16,0,12,,,,,1,1,1,14,7,0,23,0,23,6,9,1,70,1,1,1,75,75,51,61,0,0,,,,,,,0,0,10,0,4,0,0,0,0,0,4,2,35.60308638888889,139.71306444444443,4,3,,,,
1,30,218,186,2,0,1,10,120,109,2020,7,26,13,50,12,,,,,2,1,1,7,1,0,23,0,23,6,9,1,70,1,2,1,55,35,3,61,31,0,,,,,,,10,0,80,0,4,0,2,0,2,0,4,2,35.609478333333335,139.71460194444444,1,3,,,,
1,30,218,192,2,0,1,30000,0,109,2020,8,28,10,50,12,,,,,1,1,1,14,7,0,23,0,23,1,9,20,70,5,4,1,25,25,14,61,1,0,,,,,,,10,0,12,0,4,0,2,0,2,0,4,2,35.60648777777778,139.72194777777779,6,3,,,,
1,30,218,195,2,0,1,20190,0,109,2020,8,31,18,55,21,,,,,1,1,1,14,7,0,23,0,23,1,9,1,70,5,2,1,35,35,51,61,0,0,,,,,,,0,0,10,0,3,0,0,0,0,0,4,2,35.61942916666667,139.70351472222222,2,3,,,,
1,30,219,250,2,0,1,30000,0,111,2020,8,1,18,41,13,,,,,1,1,1,14,7,0,23,0,23,2,9,1,70,5,2,1,25,45,51,61,0,0,,,,,,,0,0,40,0,4,0,0,0,0,0,4,2,35.58538,139.73129166666666,7,3,,,,
1,30,219,260,2,0,1,30000,0,111,2020,8,7,7,46,12,,,,,1,1,1,14,7,0,23,0,23,3,9,1,70,4,2,1,25,35,51,61,0,0,,,,,,,0,0,10,0,3,0,0,0,0,0,4,2,35.57125027777778,139.7494336111111,6,3,,,,
1,30,219,269,2,0,1,30000,0,111,2020,8,17,16,56,12,,,,,1,1,1,1,7,0,23,0,23,11,9,30,70,5,2,1,75,0,61,0,0,0,,,,,,,0,0,0,0,0,0,0,0,0,0,2,0,35.58770944444445,139.72946583333334,2,3,,,,
1,30,219,271,2,0,1,20180,0,111,2020,8,7,19,45,22,,,,,1,1,1,14,7,0,23,0,23,3,9,1,70,4,1,1,35,55,3,61,31,0,,,,,,,10,0,10,0,3,0,2,0,2,0,4,2,35.57820027777778,139.71744611111112,6,3,,,,
1,30,219,272,2,0,1,30000,0,111,2020,8,22,8,55,12,,,,,1,1,1,14,7,0,23,0,23,2,9,1,70,5,2,1,35,45,3,61,1,0,,,,,,,10,0,10,0,3,0,2,0,2,0,4,2,35.58866805555556,139.72904083333333,7,3,,,,
1,30,219,280,2,0,1,30000,0,111,2020,7,28,17,54,13,,,,,3,1,2,13,7,0,23,0,23,3,2,1,70,5,3,1,45,1,3,61,31,0,,,,,,,1,0,80,0,4,0,2,0,2,0,4,2,35.58681444444445,139.72618805555555,3,3,,,,
1,30,219,282,2,0,1,30000,0,111,2020,8,31,19,56,22,,,,,1,1,1,1,7,9,22,0,23,15,9,30,70,4,1,1,65,65,3,61,1,0,,,,,,,10,0,50,0,3,0,2,0,2,0,4,2,35.5873075,139.72919583333334,2,3,,,,
1,30,220,90,2,0,1,30000,0,111,2020,8,14,9,15,12,,,,,1,1,1,1,7,9,22,0,23,14,9,30,70,4,2,1,35,55,34,61,31,0,,,,,,,2,0,10,0,3,0,0,0,0,0,4,2,35.592869444444446,139.69271972222222,6,3,,,,
1,30,221,201,2,0,1,30000,0,111,2020,8,9,16,5,12,,,,,1,1,1,1,7,1,21,0,23,11,9,30,1,4,1,1,35,1,3,61,31,0,,,,,,,2,0,40,0,3,0,2,0,2,0,4,2,35.55100916666667,139.73773388888887,1,2,,,,
1,30,221,202,2,0,1,30000,0,111,2020,6,22,18,0,13,,,,,3,1,2,14,7,0,23,0,23,2,9,1,70,5,3,1,55,25,36,61,31,0,,,,,,,10,0,10,0,4,0,0,0,0,0,4,2,35.56873055555556,139.72114805555555,2,3,,,,
1,30,221,211,2,0,1,30000,0,111,2020,8,13,4,30,23,,,,,1,1,1,1,7,9,22,0,23,15,9,30,70,4,3,1,55,1,3,61,1,0,,,,,,,2,0,10,0,3,0,2,0,2,0,4,2,35.54659944444444,139.72872444444445,5,3,,,,
1,30,221,213,2,0,1,30000,0,111,2020,8,22,17,50,13,,,,,1,1,1,14,7,0,23,0,23,3,9,1,70,4,3,1,75,45,17,61,31,0,,,,,,,2,0,40,0,3,0,2,0,2,0,4,2,35.55414972222222,139.71288166666665,7,3,,,,
1,30,221,217,2,0,1,30000,0,111,2020,8,24,15,50,12,,,,,1,1,1,14,7,0,23,0,23,3,9,1,70,4,2,1,45,1,14,61,31,0,,,,,,,10,0,80,0,3,0,2,0,2,0,4,2,35.55168027777778,139.72566916666668,2,3,,,,
1,30,222,159,2,0,1,30000,0,111,2020,8,4,13,18,12,,,,,1,1,1,7,7,0,23,0,23,2,9,20,70,5,3,1,65,35,14,61,31,0,,,,,,,2,0,10,0,3,0,2,0,2,0,4,2,35.59751611111111,139.7113822222222,3,3,,,,
1,30,222,162,2,0,1,30000,0,111,2020,8,8,12,20,12,,,,,1,1,1,1,7,9,22,0,23,11,9,30,70,5,3,1,55,75,51,61,0,0,,,,,,,0,0,10,0,4,0,0,0,0,0,4,2,35.57248277777778,139.71440833333332,7,3,,,,
1,30,222,168,2,0,1,30000,0,111,2020,8,24,13,20,12,,,,,1,1,1,13,7,0,23,0,23,2,3,1,70,5,2,1,1,55,51,61,0,0,,,,,,,0,0,10,0,3,0,0,0,0,0,4,2,35.57111583333334,139.6859263888889,2,3,,,,
1,30,222,175,2,0,1,10,167,111,2020,8,28,11,50,12,,,,,1,1,1,7,7,0,23,0,23,3,9,20,70,5,3,1,55,45,3,61,31,0,,,,,,,2,0,10,0,3,0,2,0,2,0,4,2,35.57130194444445,139.69658722222223,6,3,,,,
1,30,222,176,2,0,1,30000,0,111,2020,7,27,7,30,12,,,,,2,1,1,14,7,0,23,0,23,2,9,1,70,5,3,1,55,35,3,61,31,0,,,,,,,5,0,30,0,3,0,2,0,2,0,4,2,35.558571944444445,139.6976238888889,2,3,,,,
1,30,325,187,2,0,1,10210,0,112,2020,8,26,19,47,22,,,,,1,1,1,1,1,9,22,0,23,15,9,30,70,4,2,1,65,35,3,61,31,0,,,,,,,3,0,10,0,3,0,2,0,2,0,4,2,35.639740277777776,139.6309136111111,4,3,,,,
1,30,325,191,2,0,1,2460,84,112,2020,8,14,0,15,22,,,,,1,1,1,14,7,0,23,0,23,6,9,1,70,1,1,1,35,35,51,61,0,0,,,,,,,0,0,40,0,4,0,0,0,0,0,4,2,35.64137361111111,139.66942999999998,6,3,,,,
1,30,325,194,2,0,1,30000,0,112,2020,4,20,17,42,13,,,,,3,1,2,14,7,0,23,0,23,3,9,1,70,5,3,1,55,45,3,61,31,0,,,,,,,10,0,80,0,4,0,2,0,2,0,4,2,35.648180277777776,139.68165416666665,2,3,,,,
1,30,326,236,2,0,1,30000,0,112,2020,8,1,19,18,21,,,,,1,1,1,13,7,0,23,0,23,2,4,1,70,5,4,1,55,45,36,61,31,0,,,,,,,2,0,20,0,4,0,0,0,0,0,4,2,35.667160833333334,139.6681597222222,7,3,,,,
1,30,326,245,2,0,1,30000,0,112,2020,8,14,17,16,12,,,,,1,1,1,14,7,0,23,0,23,3,9,1,70,4,2,1,65,1,3,61,31,0,,,,,,,2,0,10,0,3,0,2,0,2,0,4,2,35.656459999999996,139.6547038888889,6,3,,,,
1,30,326,256,2,0,1,30000,0,112,2020,8,24,10,20,12,,,,,1,1,1,14,7,0,23,0,23,3,9,1,70,5,3,1,25,45,51,61,0,0,,,,,,,0,0,10,0,4,0,0,0,0,0,4,2,35.658919166666664,139.65981694444446,2,3,,,,
1,30,326,258,2,0,1,30000,0,112,2020,8,25,19,30,22,,,,,1,1,1,14,7,0,23,0,23,2,9,1,70,5,3,1,1,25,3,61,31,0,,,,,,,2,0,40,0,3,0,2,0,2,0,4,2,35.668060555555556,139.66599666666667,3,3,,,,
1,30,326,261,2,0,1,30000,0,112,2020,8,20,10,35,12,,,,,1,1,1,14,7,0,23,0,23,2,9,1,70,5,3,1,25,25,3,61,31,0,,,,,,,2,0,40,0,3,0,2,0,2,0,4,2,35.6658025,139.64055194444444,5,3,,,,
1,30,327,203,2,0,1,30000,0,112,2020,8,1,7,50,12,,,,,1,1,1,7,7,0,23,0,23,2,9,1,70,5,2,1,45,55,51,61,0,0,,,,,,,0,0,10,0,3,0,0,0,0,0,4,2,35.616013888888894,139.62747722222224,7,3,,,,
1,30,327,215,2,0,1,10200,0,112,2020,8,8,12,42,12,,,,,1,1,1,14,7,0,23,0,23,4,9,1,70,1,2,1,25,55,3,61,31,0,,,,,,,10,0,40,0,3,0,2,0,2,0,4,2,35.62186166666667,139.63019944444446,7,3,,,,
1,30,327,222,2,0,1,30000,0,112,2020,4,3,19,45,22,,,,,1,1,1,1,7,9,22,0,23,11,3,30,70,5,2,1,45,45,14,61,1,0,,,,,,,10,0,80,0,2,0,2,0,2,0,4,2,35.6063775,139.63549583333332,6,3,,,,
1,30,327,223,2,0,1,2460,100,112,2020,8,22,21,40,22,,,,,3,1,1,1,1,9,22,0,23,19,9,30,70,1,2,1,45,75,4,61,31,0,,,,,,,5,0,20,0,3,0,2,0,2,0,4,2,35.63112638888889,139.6566777777778,7,3,,,,
1,30,328,246,2,0,2,30000,0,112,2020,6,7,15,35,12,,,,,1,1,1,14,7,0,23,0,23,3,9,1,70,4,1,1,25,1,51,61,0,0,,,,,,,0,0,10,0,3,0,0,0,0,0,4,2,35.618608333333334,139.6179011111111,1,3,,,,
1,30,328,256,2,0,1,30000,0,112,2020,8,10,18,20,13,,,,,1,1,1,14,7,0,23,0,23,2,9,1,70,5,4,1,35,25,3,61,31,0,,,,,,,10,0,20,0,3,0,2,0,2,0,4,2,35.65965,139.59884611111113,2,1,,,,
1,30,328,265,2,0,1,30000,0,112,2020,8,1,13,41,12,,,,,1,1,1,14,7,0,23,0,23,3,9,1,70,4,1,1,1,35,51,61,0,0,,,,,,,0,0,10,0,3,0,0,0,0,0,4,2,35.64160722222222,139.59885277777778,7,3,,,,
1,30,328,270,2,0,1,30000,0,112,2020,8,26,10,0,12,,,,,1,1,1,1,1,9,22,0,23,15,9,30,70,4,1,1,55,55,3,61,31,0,,,,,,,2,0,10,0,3,0,2,0,2,0,4,2,35.63214694444444,139.62225138888888,4,3,,,,
1,30,329,91,2,0,1,30000,0,110,2020,7,25,15,30,12,,,,,2,1,2,14,7,0,23,0,23,3,9,1,70,5,3,1,35,55,14,61,31,0,,,,,,,2,0,80,0,4,0,2,0,2,0,4,2,35.63102972222222,139.70085388888887,7,3,,,,
1,30,329,92,2,0,1,30000,0,110,2020,7,31,14,15,12,,,,,1,1,1,1,7,9,22,0,23,14,8,30,70,4,1,1,45,1,13,61,31,0,,,,,,,2,0,40,0,3,0,2,0,2,0,4,2,35.65033777777778,139.6966602777778,6,3,,,,
1,30,329,104,2,0,1,10160,0,110,2020,5,23,16,19,12,,,,,1,1,1,1,7,0,23,0,23,18,9,30,70,4,2,1,55,0,61,0,0,0,,,,,,,0,0,0,0,0,0,0,0,0,0,2,0,35.64654138888889,139.69618194444445,7,3,,,,
1,30,329,108,2,0,1,30120,0,110,2020,7,4,18,58,13,,,,,2,1,1,14,7,0,23,0,23,3,9,1,70,4,2,1,55,0,61,0,0,0,,,,,,,0,0,0,0,0,0,0,0,0,0,2,0,35.639670555555554,139.7122858333333,7,3,,,,
1,30,330,105,2,0,1,30000,0,110,2020,8,5,18,45,21,,,,,1,1,1,14,7,0,23,0,23,3,9,1,70,5,3,1,35,65,51,61,0,0,,,,,,,0,0,40,0,4,0,0,0,0,0,4,2,35.60910638888889,139.6694825,4,3,,,,
1,30,330,107,2,0,1,30000,0,110,2020,8,1,13,20,12,,,,,1,1,1,14,7,0,23,0,23,3,9,1,70,5,1,1,55,35,17,61,1,0,,,,,,,2,0,30,0,3,0,2,0,2,0,4,2,35.610195000000004,139.6944836111111,7,3,,,,
1,30,330,108,2,0,1,30000,0,110,2020,7,13,7,33,12,,,,,2,1,1,1,1,9,22,0,23,15,9,30,70,5,3,1,65,75,3,61,1,0,,,,,,,10,0,10,0,3,0,2,0,2,0,4,2,35.61781305555556,139.68823722222223,2,3,,,,
1,30,330,111,2,0,1,30000,0,110,2020,8,4,16,5,12,,,,,1,1,1,1,1,9,22,0,23,14,9,30,70,4,3,1,55,35,3,61,31,0,,,,,,,2,0,40,0,3,0,2,0,2,0,4,2,35.627005,139.68663,3,3,,,,
1,30,330,114,2,0,1,30000,0,110,2020,8,20,22,48,22,,,,,1,1,1,14,7,0,23,0,23,2,9,1,70,4,3,1,65,35,3,61,31,0,,,,,,,2,0,40,0,3,0,2,0,2,0,4,2,35.60576833333334,139.6796186111111,5,3,,,,
1,30,330,115,2,0,1,30000,0,110,2020,8,22,19,35,22,,,,,1,1,1,14,7,0,23,0,23,2,9,20,70,5,4,1,55,45,14,61,1,0,,,,,,,10,0,80,0,3,0,2,0,2,0,4,2,35.60763777777778,139.6676325,7,3,,,,
1,30,330,118,2,0,1,30000,0,110,2020,8,23,15,55,12,,,,,1,1,1,14,7,0,23,0,23,2,9,1,1,4,3,1,1,65,51,61,0,0,,,,,,,0,0,10,0,3,0,0,0,0,0,4,2,35.608631111111116,139.67315638888888,1,3,,,,
1,30,330,119,2,0,1,30000,0,110,2020,8,3,11,44,12,,,,,1,1,1,14,7,0,23,0,23,2,9,1,70,5,2,1,75,45,3,61,31,0,,,,,,,10,0,20,0,4,0,2,0,2,0,4,2,35.60740277777778,139.6681872222222,2,3,,,,
1,30,331,96,2,0,1,30000,0,113,2020,8,4,14,44,12,,,,,1,1,1,1,1,9,22,0,23,14,8,30,70,4,1,1,25,65,51,61,0,0,,,,,,,0,0,10,0,3,0,0,0,0,0,4,2,35.645360833333335,139.7081636111111,3,3,,,,
1,30,331,98,2,0,1,30220,0,113,2020,8,6,21,45,22,,,,,1,1,1,1,1,9,22,0,23,15,9,30,70,4,2,1,1,45,51,61,0,0,,,,,,,0,0,20,0,3,0,0,0,0,0,4,2,35.65766472222222,139.6963438888889,5,3,,,,
1,30,331,99,2,0,1,30000,0,113,2020,8,7,16,37,12,,,,,1,1,1,1,7,9,22,0,23,11,9,30,70,4,2,1,1,1,3,61,31,0,,,,,,,2,0,20,0,3,0,2,0,2,0,4,2,35.64698166666667,139.71225444444443,6,3,,,,
1,30,331,101,2,0,1,30000,0,113,2020,8,11,21,25,22,,,,,1,1,1,7,7,0,23,0,23,3,8,20,70,4,2,1,1,65,52,61,0,0,,,,,,,0,0,10,0,3,0,0,0,0,0,4,2,35.65294305555555,139.72163777777777,3,3,,,,
1,30,331,105,2,0,1,20240,0,113,2020,8,19,14,35,12,,,,,1,1,1,1,1,9,22,0,23,18,6,30,70,4,1,1,25,25,52,61,0,0,,,,,,,0,0,10,0,3,0,0,0,0,0,4,2,35.646343611111114,139.70763805555555,4,3,,,,
1,30,331,106,2,0,1,30000,0,113,2020,8,19,20,33,22,,,,,1,1,1,14,7,0,23,0,23,2,9,1,70,5,3,1,1,45,5,61,31,0,,,,,,,10,0,10,0,3,0,2,0,2,0,4,2,35.658366666666666,139.69967805555555,4,3,,,,
1,30,332,64,2,0,1,20120,0,113,2020,8,1,18,20,13,,,,,1,1,1,1,1,9,22,0,23,14,9,30,70,1,1,1,25,45,51,61,0,0,,,,,,,0,0,10,0,3,0,0,0,0,0,4,2,35.67049833333333,139.7138263888889,7,3,,,,
1,30,333,105,2,0,1,10160,0,113,2020,8,5,9,20,12,,,,,1,1,1,1,1,9,22,0,23,15,9,30,70,1,1,1,45,55,35,61,31,0,,,,,,,5,0,40,0,3,0,0,0,0,0,4,2,35.67981555555556,139.68854666666667,4,3,,,,
1,30,333,113,2,0,1,10160,0,113,2020,8,22,1,30,22,,,,,1,1,1,14,1,0,23,0,23,3,9,1,70,1,1,1,65,25,3,61,1,0,,,,,,,5,0,20,0,3,0,2,0,2,0,4,2,35.66983527777778,139.68770694444444,7,3,,,,
1,30,333,115,2,0,1,30000,0,113,2020,8,29,10,50,12,,,,,1,1,1,14,7,0,23,0,23,2,9,1,70,1,1,1,35,55,3,61,31,0,,,,,,,4,0,30,0,3,0,2,0,2,0,4,2,35.677412777777775,139.6930413888889,7,3,,,,
1,30,435,79,2,0,1,30000,0,104,2020,3,11,13,8,12,,,,,1,1,1,14,7,0,23,0,23,2,9,1,70,5,3,1,25,45,3,61,31,0,,,,,,,10,0,0,0,4,0,2,0,2,0,4,2,35.69659444444444,139.73467194444444,4,3,,,,
1,30,435,80,2,0,1,10120,0,104,2020,2,22,19,10,22,,,,,2,1,2,1,1,9,22,0,23,14,9,30,70,5,1,1,65,45,51,61,0,0,,,,,,,0,0,10,0,4,0,0,0,0,0,4,2,35.69818444444444,139.72572527777777,7,2,,,,
1,30,435,85,2,0,1,30000,0,104,2020,8,17,10,55,12,,,,,1,1,1,1,7,1,22,0,23,14,9,30,70,4,2,1,45,75,17,61,31,0,,,,,,,2,0,10,0,3,0,2,0,2,0,4,2,35.69278694444444,139.71285972222222,2,3,,,,
1,30,435,90,2,0,1,99000,0,104,2020,8,25,12,5,12,,,,,1,1,1,0,7,0,23,0,23,0,0,20,70,0,4,1,75,55,14,61,1,0,,,,,,,10,0,30,0,3,0,2,0,2,0,4,2,35.697334166666664,139.71907805555557,3,3,,,,
1,30,435,91,2,0,1,10220,0,104,2020,5,29,8,45,12,,,,,1,1,1,1,1,9,22,0,23,18,9,20,70,4,2,1,55,1,3,61,31,0,,,,,,,3,0,20,0,3,0,2,0,2,0,4,2,35.70609694444445,139.71975555555557,6,3,,,,
1,30,436,143,2,0,1,30000,0,104,2019,10,18,18,40,22,,,,,3,1,1,14,7,0,23,0,23,1,9,1,70,5,3,1,1,1,17,61,1,0,,,,,,,1,0,40,0,4,0,2,0,2,0,4,2,35.69632305555555,139.71298416666664,6,3,,,,
1,30,436,148,2,0,1,30000,0,104,2020,8,9,13,18,12,,,,,1,1,1,14,7,0,23,0,23,2,9,1,1,5,3,1,25,75,51,61,0,0,,,,,,,0,0,20,0,3,0,0,0,0,0,4,2,35.70928138888889,139.69255,1,2,,,,
1,30,436,157,2,0,1,20000,0,104,2020,7,30,18,50,21,,,,,2,1,1,14,7,0,23,0,23,5,9,1,70,5,2,1,55,75,3,61,1,0,,,,,,,5,0,40,0,4,0,2,0,2,0,4,2,35.69148583333333,139.69917694444445,5,3,,,,
1,30,436,163,2,0,1,20300,0,104,2020,8,19,22,50,22,,,,,1,1,1,1,1,1,21,0,23,18,9,30,70,5,2,1,45,45,3,61,1,0,,,,,,,4,0,50,0,3,0,2,0,2,0,4,2,35.69813416666666,139.7026472222222,4,3,,,,
1,30,437,74,2,0,1,10220,0,104,2020,8,14,14,39,12,,,,,1,1,1,1,1,9,22,0,23,15,9,30,70,4,1,1,35,65,3,61,31,0,,,,,,,4,0,10,0,3,0,2,0,2,0,4,2,35.70939972222222,139.71627527777775,6,3,,,,
1,30,438,71,2,0,1,21030,0,104,2020,8,23,15,25,12,,,,,1,1,5,1,1,1,22,0,23,19,9,20,70,1,4,1,55,35,13,61,31,0,,,,,,,10,0,40,0,3,0,2,0,2,0,4,2,35.68788055555555,139.71420194444443,1,3,,,,
1,30,439,161,2,0,1,10240,0,114,2020,7,17,19,15,21,,,,,3,1,2,7,7,0,23,0,23,5,9,1,70,4,1,1,55,45,1,61,1,0,,,,,,,10,0,80,0,3,0,2,0,2,0,4,2,35.69748277777777,139.67160388888888,6,3,,,,
1,30,439,163,2,0,1,30000,0,114,2020,8,3,11,50,12,,,,,1,1,1,1,7,1,21,0,23,11,9,30,1,5,4,1,65,55,14,61,1,0,,,,,,,1,0,10,0,4,0,2,0,2,0,4,2,35.700006111111115,139.67865416666666,2,3,,,,
1,30,439,166,2,0,1,30000,0,114,2020,8,4,17,48,13,,,,,1,1,1,1,7,9,22,0,23,11,9,30,70,5,3,1,45,35,12,61,31,0,,,,,,,5,0,10,0,3,0,2,0,2,0,4,2,35.68815027777777,139.67618888888887,3,3,,,,
1,30,439,169,2,0,2,20280,0,114,2020,8,6,8,40,12,,,,,1,1,1,14,7,0,23,0,23,3,8,1,70,4,1,1,55,35,51,61,0,0,,,,,,,0,0,21,0,3,0,0,0,0,0,2,2,35.70102805555556,139.66696194444444,5,3,,,,
1,30,439,170,2,0,1,30000,0,114,2020,8,6,17,45,13,,,,,2,1,1,7,1,0,23,0,23,3,9,1,70,4,2,1,55,1,3,61,31,0,,,,,,,3,0,60,0,4,0,2,0,2,0,4,2,35.69389611111111,139.67443166666666,5,3,,,,
1,30,439,172,2,0,1,30000,0,114,2020,8,3,8,5,12,,,,,1,1,1,14,7,0,23,0,23,3,9,1,70,5,4,1,35,55,3,61,31,0,,,,,,,5,0,30,0,4,0,2,0,2,0,4,2,35.69585194444444,139.68292833333334,2,3,,,,
1,30,439,173,2,0,1,30000,0,114,2020,8,1,13,52,12,,,,,1,1,1,14,7,0,23,0,23,3,9,1,70,5,4,1,25,25,51,61,0,0,,,,,,,0,0,10,0,3,0,0,0,0,0,4,2,35.70075777777778,139.68211916666667,7,3,,,,
1,30,439,184,2,0,1,10220,0,114,2020,8,27,7,7,12,,,,,1,1,1,1,1,9,22,0,23,15,9,30,70,1,2,1,65,55,3,61,31,0,,,,,,,3,0,10,0,4,0,2,0,2,0,4,2,35.70917111111111,139.67307027777778,5,3,,,,
1,30,439,188,2,0,1,30000,0,114,2020,8,28,10,23,12,,,,,1,1,1,14,7,0,23,0,23,2,9,1,70,5,4,1,55,45,4,61,31,0,,,,,,,5,0,40,0,4,0,2,0,2,0,4,2,35.68800888888889,139.67393333333334,6,3,,,,
1,30,440,196,2,0,1,30000,0,114,2020,8,3,18,20,13,,,,,1,1,1,14,7,0,23,0,23,1,9,1,70,5,4,1,45,45,3,61,31,0,,,,,,,1,0,40,0,3,0,2,0,2,0,4,2,35.716095833333334,139.6469911111111,2,3,,,,
1,30,440,203,2,0,1,30000,0,114,2020,8,8,7,30,12,,,,,2,1,1,14,7,0,23,0,23,2,9,1,70,5,3,1,55,0,61,0,0,0,,,,,,,0,0,0,0,0,0,0,0,0,0,2,0,35.72166361111111,139.6445163888889,7,3,,,,
1,30,440,207,2,0,1,10220,0,114,2020,8,11,15,25,12,,,,,1,1,1,14,1,0,23,0,23,4,9,1,70,4,1,1,55,25,51,61,0,0,,,,,,,0,0,10,0,3,0,0,0,0,0,2,4,35.70993527777778,139.66568666666666,3,3,,,,
1,30,440,215,2,0,1,10220,0,114,2020,8,18,16,28,12,,,,,1,1,1,1,1,9,22,0,23,15,9,30,70,4,2,1,65,75,14,61,31,0,,,,,,,2,0,20,0,4,0,2,0,2,0,4,2,35.7099375,139.66302611111112,3,3,,,,
1,30,440,219,2,0,1,30000,0,114,2020,8,24,14,30,12,,,,,1,1,1,14,7,0,23,0,23,2,9,1,70,5,3,1,75,25,51,61,0,0,,,,,,,0,0,10,0,3,0,0,0,0,0,2,4,35.72826638888889,139.67477694444443,2,3,,,,
1,30,440,221,2,0,1,20280,0,114,2020,8,25,20,25,22,,,,,1,1,1,14,1,0,23,0,23,3,9,20,70,4,2,1,1,35,51,61,0,0,,,,,,,0,0,10,0,3,0,0,0,0,0,4,2,35.71111277777778,139.66530805555556,3,3,,,,
1,30,440,226,2,0,1,30000,0,114,2020,8,29,16,10,12,,,,,1,1,1,1,7,9,22,0,23,14,9,30,70,5,2,1,55,45,3,61,31,0,,,,,,,2,0,40,0,4,0,2,0,2,0,4,2,35.735487222222226,139.63339555555555,7,3,,,,
1,30,441,168,2,0,1,30000,0,115,2020,7,13,13,50,12,,,,,2,1,1,14,7,0,23,0,23,2,9,1,70,5,4,1,1,0,61,0,0,0,,,,,,,0,0,0,0,0,0,0,0,0,0,2,0,35.69860499999999,139.63325666666668,2,3,,,,