資料区分,都道府県コード,警察署等コード,本票番号,事故内容,死者数,負傷者数,路線コード,地点コード,市区町村コード,発生日時　　年,発生日時　　月,発生日時　　日,発生日時　　時,発生日時　　分,昼夜,日の出時刻　　時,日の出時刻　　分,日の入り時刻　　時,日の入り時刻　　分,天候,地形,路面状態,道路形状,信号機,一時停止規制　標識（当事者A）,一時停止規制　表示（当事者A）,一時停止規制　標識（当事者B）,一時停止規制　表示（当事者B）,車道幅員,道路線形,衝突地点,ゾーン規制,中央分離帯施設等,歩車道区分,事故類型,年齢（当事者A）,年齢（当事者B）,当事者種別（当事者A）,当事者種別（当事者B）,用途別（当事者A）,用途別（当事者B）,車両形状等（当事者A）,車両形状等（当事者B）,オートマチック車（当事者A）,オートマチック車（当事者B）,サポカー（当事者A）,サポカー（当事者B）,速度規制（指定のみ）（当事者A）,速度規制（指定のみ）（当事者B）,車両の衝突部位（当事者A）,車両の衝突部位（当事者B）,車両の損壊程度（当事者A）,車両の損壊程度（当事者B）,エアバッグの装備（当事者A）,エアバッグの装備（当事者B）,サイドエアバッグの装備（当事者A）,サイドエアバッグの装備（当事者B）,人身損傷程度（当事者A）,人身損傷程度（当事者B）,lat,lon,曜日(発生年月日),祝日(発生年月日),認知機能検査経過日数（当事者A）,認知機能検査経過日数（当事者B）,運転練習の方法（当事者A）,運転練習の方法（当事者B）
1,30,441,175,2,0,1,30000,0,115,2020,8,20,9,50,12,,,,,1,1,1,1,7,1,21,0,23,11,9,30,70,5,3,1,65,75,51,61,0,0,,,,,,,0,0,10,0,3,0,0,0,0,0,4,2,35.68707611111111,139.65128333333334,5,3,,,,
1,30,441,180,2,0,1,10240,0,115,2020,8,22,14,48,12,,,,,1,1,1,14,7,0,23,0,23,4,9,1,70,4,2,1,1,25,51,61,0,0,,,,,,,0,0,40,0,4,0,0,0,0,0,4,2,35.69793583333333,139.65794694444446,7,3,,,,
1,30,441,184,2,0,1,30000,0,115,2020,8,24,20,50,22,,,,,1,1,1,1,7,9,22,0,23,11,9,20,70,5,3,1,45,1,3,61,31,0,,,,,,,10,0,20,0,3,0,2,0,2,0,4,2,35.69146333333333,139.66119583333335,2,3,,,,
1,30,442,162,2,0,1,10130,0,115,2020,8,8,11,38,12,,,,,1,1,1,14,7,0,23,0,23,6,7,1,70,1,2,1,25,55,51,61,0,0,,,,,,,0,0,10,0,3,0,0,0,0,0,4,2,35.67834638888888,139.65778666666668,7,3,,,,
1,30,442,177,2,0,1,30000,0,115,2020,8,22,9,20,12,,,,,1,1,1,14,7,0,23,0,23,2,9,1,70,5,3,1,65,65,3,61,1,0,,,,,,,1,0,40,0,3,0,2,0,2,0,4,2,35.67244944444444,139.6241141666667,7,3,,,,
1,30,442,179,2,0,1,30000,0,115,2020,8,25,17,14,12,,,,,1,1,1,14,7,0,23,0,23,1,9,20,70,5,1,1,45,1,3,61,31,0,,,,,,,2,0,40,0,4,0,2,0,2,0,4,2,35.6787675,139.64123916666665,3,3,,,,
1,30,442,181,2,0,1,30000,0,115,2020,8,18,21,30,22,,,,,1,1,1,14,7,0,23,0,23,2,9,20,70,5,3,1,1,55,51,61,0,0,,,,,,,0,0,10,0,3,0,0,0,0,0,4,2,35.68606555555555,139.5993875,3,3,,,,
1,30,443,138,2,0,1,30000,0,115,2020,7,31,13,45,12,,,,,1,1,1,1,1,9,22,0,23,11,9,30,70,4,3,1,55,25,3,61,31,0,,,,,,,2,0,40,0,4,0,2,0,2,0,4,2,35.70022083333333,139.61341805555554,6,3,,,,
1,30,443,142,2,0,1,10240,0,115,2020,8,17,13,25,12,,,,,1,1,1,1,1,9,22,0,23,14,9,30,70,4,3,1,1,75,3,61,31,0,,,,,,,2,0,50,0,3,0,2,0,2,0,4,2,35.718055,139.59375083333333,2,3,,,,
1,30,443,147,2,0,1,30000,0,115,2020,8,24,8,5,12,,,,,1,1,1,1,1,9,22,0,23,18,9,30,70,5,1,1,55,25,3,61,31,0,,,,,,,10,0,10,0,4,0,2,0,2,0,4,2,35.70514138888889,139.62054083333334,2,3,,,,
1,30,545,46,2,0,1,95000,0,105,2020,8,13,8,45,12,,,,,1,1,1,0,7,0,23,0,23,0,0,20,70,0,4,1,25,65,3,61,31,0,,,,,,,10,0,50,0,4,0,2,0,2,0,4,2,35.70539361111111,139.74497805555555,5,3,,,,
1,30,545,47,2,0,1,20000,0,105,2020,8,14,7,20,12,,,,,1,1,1,1,1,9,22,0,23,15,9,30,70,1,1,1,65,45,3,61,1,0,,,,,,,3,0,80,0,4,0,2,0,2,0,4,2,35.70550388888889,139.74433416666665,6,3,,,,
1,30,545,48,2,0,1,10100,0,105,2020,8,16,18,56,21,,,,,1,1,1,14,1,0,23,0,23,1,9,1,70,1,1,1,1,65,51,61,0,0,,,,,,,0,0,10,0,3,0,0,0,0,0,4,2,35.71756055555556,139.7514297222222,1,3,,,,
1,30,547,42,2,0,1,170,45,105,2020,8,25,12,30,12,,,,,1,1,1,14,7,0,23,0,23,4,9,1,70,4,1,1,35,65,34,61,31,0,,,,,,,3,0,10,0,3,0,0,0,0,0,4,2,35.717888611111114,139.7556925,3,3,,,,
1,30,548,42,2,0,1,21170,0,105,2020,8,13,11,0,12,,,,,1,1,1,7,7,0,23,0,23,3,7,1,70,4,2,1,25,45,51,61,0,0,,,,,,,0,0,10,0,3,0,0,0,0,0,4,2,35.73184527777778,139.7583611111111,5,3,,,,
1,30,550,96,2,0,1,10090,0,116,2020,8,13,13,50,12,,,,,2,1,1,1,1,9,22,0,23,18,9,30,70,5,2,1,65,25,34,61,31,0,,,,,,,4,0,10,0,3,0,0,0,0,0,4,2,35.73133083333334,139.7129975,5,3,,,,
1,30,550,98,2,0,1,30000,0,116,2020,8,20,21,42,22,,,,,1,1,1,14,7,0,23,0,23,3,9,1,70,5,3,1,1,0,61,0,0,0,,,,,,,0,0,0,0,0,0,0,0,0,0,2,0,35.73956472222223,139.7124636111111,5,3,,,,
1,30,550,100,2,0,1,30770,0,116,2020,8,23,0,10,22,,,,,2,1,1,1,1,9,22,0,23,18,9,30,70,1,1,1,1,65,11,61,1,0,,,,,,,3,0,20,0,3,0,2,0,2,0,4,2,35.73306083333333,139.70906555555555,1,3,,,,
1,30,550,101,2,0,2,30000,0,116,2020,8,25,15,25,12,,,,,1,1,1,1,7,9,22,0,23,11,9,30,70,5,3,1,65,1,14,61,31,0,,,,,,,10,0,10,0,3,0,2,0,2,0,4,2,35.74360333333333,139.71555194444443,3,3,,,,
1,30,551,107,2,0,1,30000,0,116,2020,8,8,17,55,13,,,,,1,1,1,14,7,0,23,0,23,3,9,1,70,5,3,1,45,65,51,61,0,0,,,,,,,0,0,10,0,3,0,0,0,0,0,4,2,35.73117527777778,139.68340583333332,7,3,,,,
1,30,552,106,2,0,1,10090,0,117,2020,8,13,15,45,12,,,,,2,1,1,14,7,0,23,0,23,5,9,1,70,5,1,1,55,1,51,61,0,0,,,,,,,0,0,40,0,3,0,0,0,0,0,2,4,35.73972861111111,139.7680277777778,5,3,,,,
1,30,553,57,2,0,1,10090,0,117,2020,6,14,18,5,13,,,,,2,1,1,7,1,0,23,0,23,6,9,1,70,1,1,1,45,55,3,61,31,0,,,,,,,3,0,40,0,4,0,2,0,2,0,4,2,35.758630555555555,139.73784138888888,1,3,,,,
1,30,554,93,2,0,1,1220,0,117,2020,8,20,8,55,12,,,,,1,1,1,1,1,9,22,0,23,18,9,30,70,1,2,1,55,35,3,61,1,0,,,,,,,5,0,10,0,3,0,2,0,2,0,4,2,35.77421805555556,139.73309916666668,5,3,,,,
1,30,554,100,2,0,1,10130,0,117,2020,2,6,8,0,12,,,,,1,1,1,1,7,0,23,0,23,18,9,30,70,4,2,1,25,0,61,0,0,0,,,,,,,0,0,0,0,0,0,0,0,0,0,2,0,35.768455277777775,139.73008305555555,5,3,,,,
1,30,554,101,2,0,1,30000,0,117,2020,8,12,10,45,12,,,,,1,1,1,14,7,0,23,0,23,3,9,1,70,5,4,1,45,65,51,61,0,0,,,,,,,0,0,20,0,4,0,0,0,0,0,4,2,35.78602194444444,139.73031583333332,4,3,,,,
1,30,554,103,2,0,1,30000,0,117,2020,8,7,14,48,12,,,,,1,1,1,1,1,9,22,0,23,15,9,30,70,4,2,1,1,1,13,61,31,0,,,,,,,2,0,20,0,3,0,2,0,2,0,4,2,35.766177222222225,139.7077997222222,6,3,,,,
1,30,555,209,2,0,1,10160,0,119,2020,7,24,19,40,21,,,,,2,1,1,1,1,9,22,0,23,18,9,30,70,1,2,1,55,45,3,61,1,0,,,,,,,10,0,50,0,3,0,2,0,2,0,4,2,35.75217527777778,139.70831527777776,6,1,,,,
1,30,555,228,2,0,1,30000,0,119,2020,6,26,10,30,12,,,,,1,1,1,14,7,0,23,0,23,3,9,1,70,5,3,1,35,75,51,61,0,0,,,,,,,0,0,40,0,4,0,0,0,0,0,4,2,35.75297972222222,139.70992305555555,6,3,,,,
1,30,556,159,2,0,1,30000,0,119,2020,8,3,10,0,12,,,,,1,1,1,14,7,0,23,0,23,2,9,1,70,5,4,1,25,75,14,61,1,0,,,,,,,10,0,80,0,3,0,2,0,2,0,4,2,35.77234111111111,139.67478138888887,2,3,,,,
1,30,556,172,2,0,1,10200,0,119,2020,8,21,19,55,22,,,,,1,1,1,1,7,3,21,0,23,14,9,30,70,5,1,1,55,75,3,61,31,0,,,,,,,2,0,10,0,4,0,2,0,2,0,4,2,35.78758138888889,139.68227277777777,6,3,,,,
1,30,556,177,2,0,1,30000,0,119,2020,8,25,8,45,12,,,,,1,1,1,1,7,9,22,0,23,11,9,30,70,5,1,1,55,75,13,61,1,0,,,,,,,3,0,10,0,3,0,2,0,2,0,4,2,35.76598055555556,139.6854175,3,3,,,,
1,30,556,181,2,0,1,30000,0,119,2020,8,27,10,5,12,,,,,1,1,1,1,7,0,23,0,23,11,7,30,70,5,3,1,1,0,61,0,0,0,,,,,,,0,0,0,0,0,0,0,0,0,0,2,0,35.77600666666667,139.66829888888887,5,3,,,,
1,30,556,182,2,0,1,30000,0,119,2020,8,9,17,40,13,,,,,1,1,1,14,7,0,23,0,23,2,9,1,70,5,1,1,65,35,3,61,31,0,,,,,,,2,0,20,0,4,0,2,0,2,0,4,2,35.777387777777776,139.68595944444445,1,2,,,,
1,30,556,183,2,0,1,30000,0,119,2020,8,29,10,45,12,,,,,1,1,1,14,7,0,23,0,23,1,9,1,70,5,3,1,25,25,3,61,31,0,,,,,,,1,0,60,0,3,0,2,0,2,0,4,2,35.76509166666666,139.69844833333335,7,3,,,,
1,30,557,170,2,0,1,30000,0,120,2020,8,11,17,20,12,,,,,1,1,1,14,7,0,23,0,23,2,9,1,70,1,4,1,55,0,61,0,0,0,,,,,,,0,0,0,0,0,0,0,0,0,0,2,0,35.73556194444445,139.6319611111111,3,3,,,,
1,30,557,184,2,0,1,30000,0,120,2020,8,21,7,42,12,,,,,1,1,1,14,7,0,23,0,23,2,9,1,70,5,3,1,45,45,3,61,31,0,,,,,,,5,0,40,0,3,0,2,0,2,0,4,2,35.747350555555556,139.6443361111111,6,3,,,,
1,30,558,223,2,0,1,30000,0,120,2020,8,4,10,30,12,,,,,1,1,1,1,7,9,22,0,23,14,9,30,70,5,2,1,45,65,51,61,0,0,,,,,,,0,0,10,0,3,0,0,0,0,0,4,2,35.74397138888889,139.60389138888888,3,3,,,,
1,30,558,229,2,0,1,10240,0,120,2020,8,11,21,5,22,,,,,1,1,1,1,1,9,22,0,23,15,9,30,70,1,1,1,65,1,3,61,1,0,,,,,,,5,0,10,0,3,0,2,0,2,0,4,2,35.72294527777778,139.56875472222222,3,3,,,,
1,30,559,113,2,0,1,99000,0,119,2020,3,16,3,10,22,,,,,1,1,1,0,7,0,23,0,23,0,0,20,70,0,4,1,55,45,17,61,31,0,,,,,,,10,0,40,0,4,0,2,0,2,0,4,2,35.79315027777778,139.65364833333334,2,3,,,,
1,30,559,123,2,0,1,30000,0,119,2020,8,18,10,15,12,,,,,1,1,1,1,1,9,22,0,23,15,9,30,70,4,2,1,35,25,51,61,0,0,,,,,,,0,0,40,0,4,0,0,0,0,0,4,2,35.76926972222222,139.6615863888889,3,3,,,,
1,30,559,127,2,0,1,30000,0,119,2020,8,31,19,29,22,,,,,2,1,1,1,7,9,22,0,23,11,9,30,70,5,3,1,25,65,14,61,1,0,,,,,,,5,0,20,0,4,0,2,0,2,0,4,2,35.77935055555555,139.62641472222222,2,3,,,,
1,30,560,172,2,0,1,20510,0,120,2020,8,4,10,15,12,,,,,1,1,1,1,1,9,22,0,23,18,9,30,70,1,1,1,75,75,52,61,0,0,,,,,,,0,0,10,0,3,0,0,0,0,0,4,2,35.74587694444445,139.61694722222222,3,3,,,,
1,30,560,202,2,0,1,30000,0,120,2020,8,23,10,22,12,,,,,3,1,1,14,7,0,23,0,23,2,9,1,1,5,4,1,35,65,14,61,1,0,,,,,,,2,0,10,0,3,0,2,0,2,0,4,2,35.74012972222222,139.61734583333333,1,3,,,,
1,30,660,118,2,0,1,20070,0,106,2020,8,11,14,38,12,,,,,1,1,1,14,7,0,23,0,23,5,9,1,70,4,2,1,45,1,51,61,0,0,,,,,,,0,0,10,0,4,0,0,0,0,0,4,2,35.70851777777778,139.77333750000003,3,3,,,,
1,30,660,122,2,0,1,20370,0,106,2020,8,22,6,28,12,,,,,1,1,1,1,1,9,22,0,23,17,9,30,70,4,1,1,45,35,17,61,31,0,,,,,,,3,0,50,0,3,0,2,0,2,0,4,2,35.709537222222224,139.77129027777778,7,3,,,,
1,30,660,124,2,0,1,30000,0,106,2020,8,21,17,10,12,,,,,1,1,1,14,7,0,23,0,23,2,9,1,70,5,3,1,55,25,3,61,31,0,,,,,,,10,0,10,0,3,0,2,0,2,0,4,2,35.705694722222226,139.77317361111113,6,3,,,,
1,30,661,51,2,0,1,30000,0,106,2020,6,27,14,15,12,,,,,1,1,1,1,7,9,22,0,23,15,9,30,70,5,3,1,1,75,51,61,0,0,,,,,,,0,0,10,0,3,0,0,0,0,0,4,2,35.72855194444445,139.7645136111111,7,3,,,,
1,30,661,54,2,0,1,10090,0,106,2020,7,19,17,15,12,,,,,1,1,1,1,1,9,22,0,23,19,9,30,70,1,2,1,55,1,1,61,1,0,,,,,,,4,0,10,0,3,0,2,0,2,0,4,2,35.7300325,139.79193305555555,1,3,,,,
1,30,662,67,2,0,1,30000,0,106,2020,8,22,21,18,22,,,,,2,1,2,1,7,9,22,0,23,14,9,30,70,4,3,1,65,25,3,61,1,0,,,,,,,10,0,70,0,3,0,2,0,2,0,4,2,35.71664222222223,139.7958052777778,7,3,,,,
1,30,662,72,2,0,1,30480,0,106,2020,8,31,22,0,22,,,,,3,1,2,1,1,9,22,0,23,19,9,30,70,6,2,1,45,45,3,61,31,0,,,,,,,3,0,81,0,3,0,2,0,2,0,4,2,35.71596166666667,139.7986286111111,2,3,,,,
1,30,663,49,2,0,1,20540,0,106,2020,7,15,23,27,22,,,,,3,1,2,1,1,9,22,0,23,18,9,30,70,4,2,1,25,35,51,61,0,0,,,,,,,0,0,10,0,3,0,0,0,0,0,4,2,35.709363888888895,139.78244833333335,4,3,,,,
1,30,663,50,2,0,1,30000,0,106,2020,8,4,20,5,22,,,,,1,1,1,14,7,0,23,0,23,3,9,1,70,5,3,1,1,75,51,61,0,0,,,,,,,0,0,10,0,3,0,0,0,0,0,4,2,35.705218611111114,139.78989611111112,3,3,,,,
1,30,663,54,2,0,1,20540,0,106,2020,8,12,13,29,12,,,,,1,1,1,1,3,9,22,0,23,14,9,30,70,4,2,1,75,35,3,61,31,0,,,,,,,3,0,10,0,3,0,2,0,2,0,4,2,35.70863194444445,139.78211944444445,4,3,,,,
1,30,663,56,2,0,1,95000,0,106,2020,8,16,12,10,12,,,,,1,1,1,14,7,0,23,0,23,4,9,1,70,1,2,1,35,0,61,0,0,0,,,,,,,0,0,0,0,0,0,0,0,0,0,2,0,35.704191944444446,139.79227805555556,1,3,,,,
1,30,664,51,2,0,1,30000,0,118,2020,8,24,8,0,12,,,,,1,1,1,1,7,9,22,0,23,11,9,20,1,5,3,1,25,1,51,61,0,0,,,,,,,0,0,10,0,3,0,0,0,0,0,4,2,35.74322888888889,139.77061111111112,2,3,,,,
1,30,666,82,2,0,2,10340,0,118,2020,6,26,9,35,12,,,,,2,1,1,14,7,0,23,0,23,3,9,20,70,4,1,1,45,25,36,61,31,0,,,,,,,2,0,40,0,3,0,0,0,0,0,2,2,35.738171666666666,139.77744416666667,6,3,,,,
1,30,666,84,2,0,1,10340,0,118,2020,8,4,14,35,12,,,,,1,1,1,1,1,9,22,0,23,18,9,30,70,4,1,1,25,35,51,61,0,0,,,,,,,0,0,10,0,3,0,0,0,0,0,4,2,35.73170916666667,139.77868944444447,3,3,,,,
1,30,666,89,2,0,1,10710,0,118,2020,8,19,9,34,12,,,,,1,1,1,1,1,9,22,0,23,15,9,30,70,1,2,1,65,45,51,61,0,0,,,,,,,0,0,10,0,3,0,0,0,0,0,4,2,35.731229166666665,139.7698452777778,4,3,,,,
1,30,666,91,2,0,1,10710,0,118,2020,8,21,4,50,23,,,,,1,1,1,1,1,9,22,0,23,18,9,30,70,1,1,1,75,25,3,61,31,0,,,,,,,3,0,10,0,3,0,2,0,2,0,4,2,35.73635888888889,139.7682288888889,6,3,,,,
1,30,666,93,2,0,1,20410,0,118,2020,8,25,3,30,22,,,,,1,1,1,1,1,9,22,0,23,19,9,30,70,5,2,1,55,35,3,61,1,0,,,,,,,3,0,10,0,2,0,2,0,2,0,4,2,35.73309972222222,139.76834333333335,3,3,,,,
1,30,668,236,2,0,1,30790,0,121,2020,8,1,11,5,12,,,,,1,1,1,1,1,9,22,0,23,14,9,30,70,4,2,1,55,75,4,61,31,0,,,,,,,2,0,10,0,3,0,2,0,2,0,4,2,35.7715775,139.78108055555558,7,3,,,,
1,30,668,237,2,0,1,30790,0,121,2020,7,17,8,0,12,,,,,3,1,2,1,1,0,23,0,23,18,9,30,70,1,2,1,25,0,61,0,0,0,,,,,,,0,0,0,0,0,0,0,0,0,0,2,0,35.778303333333334,139.7847311111111,6,3,,,,
1,30,668,248,2,0,1,95000,0,121,2020,8,6,16,30,12,,,,,1,1,1,1,1,9,22,0,23,15,9,30,70,4,2,1,1,1,36,61,31,0,,,,,,,2,0,40,0,3,0,0,0,0,0,4,2,35.79026805555555,139.76770722222224,5,3,,,,
1,30,668,250,2,0,1,20620,0,121,2020,8,19,12,23,12,,,,,1,1,1,1,7,1,22,0,23,14,9,30,70,5,1,1,35,65,35,61,31,0,,,,,,,10,0,10,0,3,0,0,0,0,0,4,2,35.78089722222222,139.79771055555554,4,3,,,,
1,30,668,255,2,0,1,20620,0,121,2020,8,22,18,45,21,,,,,2,1,1,14,1,0,23,0,23,3,9,20,70,5,2,1,25,25,3,61,31,0,,,,,,,3,0,14,0,3,0,2,0,2,0,4,2,35.76284694444445,139.7989,7,3,,,,
1,30,668,264,2,0,1,10340,0,121,2020,8,24,20,45,22,,,,,1,1,1,7,1,0,23,0,23,3,9,1,70,5,1,1,65,45,3,61,31,0,,,,,,,4,0,10,0,3,0,2,0,2,0,4,2,35.78689611111111,139.78594583333333,2,3,,,,
1,30,669,328,2,0,1,30000,0,121,2020,8,8,10,0,12,,,,,1,1,1,14,7,0,23,0,23,3,9,1,70,4,2,1,45,1,36,61,31,0,,,,,,,2,0,40,0,3,0,0,0,0,0,4,2,35.78888972222222,139.8394513888889,7,3,,,,
1,30,669,350,2,0,1,95000,0,121,2020,8,19,12,41,12,,,,,1,1,1,14,7,0,23,0,23,1,9,1,70,4,2,1,35,75,51,61,0,0,,,,,,,0,0,10,0,4,0,0,0,0,0,4,2,35.77216194444444,139.8356563888889,4,3,,,,
1,30,669,358,2,0,1,30000,0,121,2020,8,24,4,23,23,,,,,1,1,1,7,7,0,23,0,23,2,9,1,70,5,2,1,65,75,4,61,31,0,,,,,,,5,0,80,0,2,0,2,0,2,0,4,2,35.78546472222222,139.84344694444445,2,3,,,,
1,30,669,360,2,0,1,30000,0,121,2020,8,25,9,0,12,,,,,1,1,1,14,7,0,23,0,23,2,9,20,70,5,4,1,55,75,3,61,1,0,,,,,,,10,0,40,0,3,0,2,0,2,0,4,2,35.76650305555555,139.81104583333334,3,3,,,,
1,30,670,133,2,0,1,30000,0,121,2020,7,28,17,35,12,,,,,2,1,1,14,7,0,23,0,23,2,9,1,70,4,2,1,35,1,3,61,31,0,,,,,,,3,0,10,0,3,0,2,0,2,0,4,2,35.804833888888886,139.80270972222223,3,3,,,,
1,30,670,139,2,0,1,30000,0,121,2020,8,11,18,50,21,,,,,1,1,1,1,1,9,22,0,23,14,9,30,70,4,2,1,45,1,3,61,31,0,,,,,,,10,0,10,0,3,0,2,0,2,0,4,2,35.79689333333333,139.80381500000001,3,3,,,,
1,30,670,148,2,0,1,30000,0,121,2020,8,10,5,0,11,,,,,1,1,1,1,1,1,22,0,23,14,9,30,70,4,2,1,25,45,3,61,31,0,,,,,,,3,0,10,0,3,0,2,0,2,0,4,2,35.79310833333333,139.79433305555554,2,1,,,,
1,30,670,151,2,0,1,30000,0,121,2020,8,30,18,50,21,,,,,1,1,1,1,7,1,22,0,23,11,9,30,70,4,2,1,65,75,4,61,31,0,,,,,,,10,0,10,0,3,0,2,0,2,0,4,2,35.80721555555555,139.77497083333336,1,3,,,,
1,30,771,217,2,0,2,10350,0,108,2020,8,5,18,53,21,,,,,1,1,1,12,1,0,23,0,23,5,9,1,70,3,1,1,55,45,51,61,0,0,,,,,,,0,0,10,0,3,0,0,0,0,0,2,2,35.67532027777778,139.8043863888889,4,3,,,,
1,30,771,221,2,0,1,10370,0,108,2020,8,11,18,30,13,,,,,1,1,1,7,1,0,23,0,23,3,8,1,70,1,2,1,35,65,51,61,0,0,,,,,,,0,0,20,0,4,0,0,0,0,0,4,2,35.669194999999995,139.80591722222223,3,3,,,,
1,30,772,143,2,0,1,10060,0,108,2020,8,17,18,5,13,,,,,1,1,1,14,7,0,23,0,23,5,9,1,70,4,2,1,65,45,51,61,0,0,,,,,,,0,0,40,0,4,0,0,0,0,0,4,2,35.68944333333333,139.825705,2,3,,,,
1,30,772,146,2,0,1,140,65,108,2020,8,5,13,45,12,,,,,1,1,1,14,7,0,23,0,23,6,9,1,70,1,2,1,1,55,51,61,0,0,,,,,,,0,0,10,0,3,0,0,0,0,0,4,2,35.69723694444444,139.83521611111112,4,3,,,,
1,30,772,150,2,0,1,140,64,108,2020,8,24,22,28,22,,,,,1,1,1,1,1,9,22,0,23,19,9,30,70,1,1,1,45,25,13,61,31,0,,,,,,,4,0,50,0,4,0,2,0,2,0,4,2,35.69700861111111,139.8337877777778,2,3,,,,
1,30,772,157,2,0,1,30000,0,108,2020,7,27,12,37,12,,,,,3,1,1,1,7,1,21,0,23,17,9,30,70,5,3,1,45,1,3,61,31,0,,,,,,,2,0,10,0,3,0,2,0,2,0,4,2,35.68938305555555,139.83799972222224,2,3,,,,
1,30,772,159,2,0,1,30000,0,108,2020,8,29,9,0,12,,,,,1,1,1,1,7,9,22,0,23,14,9,30,70,1,2,1,45,75,51,61,0,0,,,,,,,0,0,10,0,3,0,0,0,0,0,4,2,35.69006805555555,139.82863972222222,7,3,,,,
1,30,773,108,2,0,1,95000,0,107,2020,8,1,13,34,12,,,,,1,1,1,1,7,9,22,0,23,15,9,30,70,5,2,1,55,1,3,61,31,0,,,,,,,10,0,10,0,4,0,2,0,2,0,4,2,35.69612166666666,139.81186305555556,7,3,,,,
1,30,773,114,2,0,1,30000,0,107,2020,4,1,10,20,12,,,,,3,1,2,1,1,9,22,0,23,15,9,30,70,4,2,1,75,75,4,61,31,0,,,,,,,2,0,10,0,3,0,2,0,2,0,4,2,35.71317055555556,139.8112377777778,4,3,,,,
1,30,773,121,2,0,1,30000,0,107,2020,8,24,7,43,12,,,,,1,1,1,1,1,9,22,0,23,15,9,30,70,4,2,1,35,55,4,61,31,0,,,,,,,2,0,20,0,3,0,2,0,2,0,4,2,35.69208555555555,139.81036500000002,2,3,,,,
1,30,774,85,2,0,1,30000,0,107,2020,7,29,8,20,12,,,,,2,1,1,14,7,0,23,0,23,2,9,1,70,5,3,1,35,1,51,61,0,0,,,,,,,0,0,40,0,4,0,0,0,0,0,4,2,35.70834083333334,139.81835805555556,4,3,,,,
1,30,774,87,2,0,1,60,59,107,2020,8,6,10,30,12,,,,,1,1,1,1,8,9,22,0,23,17,9,30,70,4,1,1,65,75,51,61,0,0,,,,,,,0,0,30,0,3,0,0,0,0,0,4,2,35.718091666666666,139.8133338888889,5,3,,,,
1,30,774,91,2,0,1,30000,0,107,2020,8,10,9,40,12,,,,,1,1,1,1,7,9,22,0,23,15,9,30,70,5,3,1,65,1,4,61,31,0,,,,,,,2,0,10,0,3,0,2,0,2,0,4,2,35.712158611111114,139.83336722222222,2,1,,,,
1,30,774,94,2,0,1,10090,0,107,2020,8,14,17,0,12,,,,,1,1,1,14,7,0,23,0,23,5,9,1,70,1,1,1,55,0,61,0,0,0,,,,,,,0,0,0,0,0,0,0,0,0,0,2,0,35.715493055555555,139.8251688888889,6,3,,,,
1,30,775,149,2,0,1,30000,0,122,2020,8,6,7,30,12,,,,,1,1,1,1,7,4,22,0,23,14,9,30,70,5,2,1,65,75,13,61,31,0,,,,,,,2,0,10,0,3,0,2,0,2,0,4,2,35.752338333333334,139.8252997222222,5,3,,,,
1,30,775,151,2,0,1,60,122,122,2020,8,8,19,35,21,,,,,1,1,1,1,1,9,22,0,23,18,9,30,70,1,2,1,55,35,3,61,31,0,,,,,,,5,0,10,0,3,0,2,0,2,0,4,2,35.76033611111111,139.85959805555555,7,3,,,,
1,30,775,154,2,0,1,10380,0,122,2020,8,14,11,12,12,,,,,1,1,1,1,1,9,22,0,23,18,9,30,70,4,1,1,45,1,4,61,31,0,,,,,,,3,0,30,0,4,0,2,0,2,0,4,2,35.75758694444445,139.87629722222223,6,3,,,,
1,30,776,112,2,0,1,30000,0,122,2020,7,18,6,0,12,,,,,3,1,2,14,7,0,23,0,23,3,9,1,70,5,4,1,35,0,61,0,0,0,,,,,,,0,0,0,0,0,0,0,0,0,0,2,0,35.74926972222222,139.87824555555557,7,3,,,,
1,30,776,114,2,0,1,30000,0,122,2020,8,5,19,40,21,,,,,1,1,1,14,7,0,23,0,23,1,9,1,70,4,2,1,45,45,34,61,31,0,,,,,,,5,0,10,0,3,0,0,0,0,0,4,2,35.74411833333333,139.85321249999998,4,3,,,,
1,30,776,116,2,0,1,30000,0,122,2020,8,9,2,5,22,,,,,1,1,1,14,7,0,23,0,23,3,9,1,70,4,3,1,1,1,4,61,31,0,,,,,,,2,0,40,0,3,0,2,0,2,0,4,2,35.738661666666665,139.83204972222222,1,2,,,,
1,30,776,122,2,0,1,30000,0,122,2020,8,14,16,47,12,,,,,1,1,1,1,7,1,21,0,23,14,9,30,70,5,1,1,55,65,3,61,31,0,,,,,,,10,0,20,0,3,0,2,0,2,0,4,2,35.751130277777776,139.86793944444446,6,3,,,,
1,30,776,125,2,0,1,10130,0,122,2020,8,19,19,50,22,,,,,1,1,1,1,1,9,22,0,23,18,9,30,70,1,1,1,75,1,36,61,31,0,,,,,,,10,0,10,0,4,0,0,0,0,0,4,2,35.738704166666665,139.86391805555556,4,3,,,,
1,30,776,126,2,0,1,30000,0,122,2020,8,17,17,50,13,,,,,1,1,1,14,7,0,23,0,23,3,9,1,70,5,3,1,1,45,51,61,0,0,,,,,,,0,0,10,0,3,0,0,0,0,0,4,2,35.745313611111115,139.85564666666667,2,3,,,,
1,30,776,128,2,0,1,95000,0,122,2020,8,24,3,25,22,,,,,2,1,1,0,7,0,23,0,23,0,0,20,70,0,4,1,1,65,3,61,31,0,,,,,,,10,0,30,0,3,0,2,0,2,0,4,2,35.72139583333333,139.8603236111111,2,3,,,,