資料区分,都道府県コード,警察署等コード,本票番号,事故内容,死者数,負傷者数,路線コード,地点コード,市区町村コード,発生日時　　年,発生日時　　月,発生日時　　日,発生日時　　時,発生日時　　分,昼夜,日の出時刻　　時,日の出時刻　　分,日の入り時刻　　時,日の入り時刻　　分,天候,地形,路面状態,道路形状,信号機,一時停止規制　標識（当事者A）,一時停止規制　表示（当事者A）,一時停止規制　標識（当事者B）,一時停止規制　表示（当事者B）,車道幅員,道路線形,衝突地点,ゾーン規制,中央分離帯施設等,歩車道区分,事故類型,年齢（当事者A）,年齢（当事者B）,当事者種別（当事者A）,当事者種別（当事者B）,用途別（当事者A）,用途別（当事者B）,車両形状等（当事者A）,車両形状等（当事者B）,オートマチック車（当事者A）,オートマチック車（当事者B）,サポカー（当事者A）,サポカー（当事者B）,速度規制（指定のみ）（当事者A）,速度規制（指定のみ）（当事者B）,車両の衝突部位（当事者A）,車両の衝突部位（当事者B）,車両の損壊程度（当事者A）,車両の損壊程度（当事者B）,エアバッグの装備（当事者A）,エアバッグの装備（当事者B）,サイドエアバッグの装備（当事者A）,サイドエアバッグの装備（当事者B）,人身損傷程度（当事者A）,人身損傷程度（当事者B）,lat,lon,曜日(発生年月日),祝日(発生年月日),認知機能検査経過日数（当事者A）,認知機能検査経過日数（当事者B）,運転練習の方法（当事者A）,運転練習の方法（当事者B）
1,30,777,454,2,0,1,95000,0,123,2020,8,2,15,45,12,,,,,1,1,1,14,7,0,23,0,23,3,9,1,70,5,4,1,1,55,51,61,0,0,,,,,,,0,0,10,0,3,0,0,0,0,0,4,2,35.70774666666667,139.8504125,1,3,,,,
1,30,777,470,2,0,1,30000,0,123,2020,7,7,17,20,12,,,,,1,1,1,14,7,0,23,0,23,3,9,1,70,4,3,1,55,0,61,0,0,0,,,,,,,0,0,0,0,0,0,0,0,0,0,2,0,35.69510194444444,139.8992563888889,3,3,,,,
1,30,777,472,2,0,1,10400,0,123,2020,8,10,23,10,22,,,,,1,1,1,1,7,9,22,0,23,14,9,20,70,4,2,1,65,75,3,61,1,0,,,,,,,3,0,10,0,3,0,2,0,2,0,4,2,35.708905,139.86697944444444,2,1,,,,
1,30,777,477,2,0,1,30000,0,123,2020,8,13,16,26,12,,,,,3,1,2,1,1,9,22,0,23,15,9,30,70,4,2,1,65,1,4,61,31,0,,,,,,,2,0,10,0,3,0,2,0,2,0,4,2,35.68338305555555,139.8879597222222,5,3,,,,
1,30,777,479,2,0,1,30000,0,123,2020,8,14,2,50,22,,,,,1,1,1,1,1,9,22,0,23,15,9,30,70,4,2,1,45,25,17,61,1,0,,,,,,,2,0,50,0,3,0,2,0,2,0,4,2,35.706972500000006,139.84234083333334,6,3,,,,
1,30,777,499,2,0,1,140,0,123,2020,8,21,15,35,12,,,,,1,1,1,1,1,9,22,0,23,18,9,30,70,1,2,1,55,45,11,61,1,0,,,,,,,4,0,20,0,3,0,2,0,2,0,4,2,35.701600000000006,139.8970833333333,6,3,,,,
1,30,777,514,2,0,1,95000,0,123,2020,8,28,8,20,12,,,,,1,1,1,14,7,0,23,0,23,1,9,1,70,4,2,1,45,0,61,0,0,0,,,,,,,0,0,0,0,0,0,0,0,0,0,2,0,35.712118611111116,139.86464916666665,6,3,,,,
1,30,778,126,2,0,1,10380,0,123,2020,7,6,21,50,22,,,,,3,1,2,1,7,9,22,0,23,15,9,30,70,5,1,1,55,75,13,61,31,0,,,,,,,3,0,10,0,3,0,2,0,2,0,4,2,35.72564777777778,139.88869833333334,2,3,,,,
1,30,778,127,2,0,1,30000,0,123,2020,7,10,19,20,21,,,,,1,1,1,13,7,0,23,0,23,1,3,1,70,5,2,1,45,25,3,61,31,0,,,,,,,10,0,10,0,3,0,2,0,2,0,4,2,35.73235944444445,139.8823536111111,6,3,,,,
1,30,779,242,2,0,1,10130,0,123,2020,8,5,7,5,12,,,,,1,1,1,7,7,0,23,0,23,2,7,1,70,5,2,1,35,45,3,61,31,0,,,,,,,2,0,10,0,3,0,2,0,2,0,4,2,35.67547583333333,139.87766083333335,4,3,,,,
1,30,779,243,2,0,2,30000,0,123,2020,8,10,17,30,12,,,,,1,1,1,14,7,0,23,0,23,3,9,1,70,5,4,1,35,35,51,61,0,0,,,,,,,0,0,10,0,3,0,0,0,0,0,4,2,35.66282111111111,139.8689627777778,2,1,,,,
1,30,779,245,2,0,1,30000,0,123,2020,8,11,11,40,12,,,,,1,1,1,14,1,0,23,0,23,3,9,1,70,1,2,1,65,25,4,61,31,0,,,,,,,4,0,20,0,3,0,2,0,2,0,4,2,35.668992499999995,139.86458194444444,3,3,,,,
1,30,779,246,2,0,1,10350,0,123,2020,8,12,9,5,12,,,,,1,1,1,14,7,0,23,0,23,4,9,1,70,1,2,1,55,25,17,61,1,0,,,,,,,4,0,20,0,3,0,2,0,2,0,4,2,35.666087499999996,139.8830575,4,3,,,,
1,30,779,250,2,0,1,30000,0,123,2020,8,19,7,40,12,,,,,1,1,1,1,7,9,22,0,23,15,9,30,1,5,1,1,35,45,36,61,31,0,,,,,,,10,0,10,0,3,0,0,0,0,0,4,2,35.68605888888889,139.86201138888887,4,3,,,,
1,30,779,254,2,0,1,30000,0,123,2020,8,21,14,50,12,,,,,1,1,1,14,7,0,23,0,23,2,9,20,70,5,4,1,45,1,14,61,1,0,,,,,,,2,0,10,0,3,0,2,0,2,0,4,2,35.669534166666665,139.86971,6,3,,,,
1,30,876,239,2,0,1,30000,0,201,2019,12,16,21,50,22,,,,,1,1,1,14,7,0,23,0,23,3,9,20,70,5,2,1,55,0,61,0,0,0,,,,,,,0,0,0,0,0,0,0,0,0,0,2,0,35.64908694444444,139.35183361111112,2,3,,,,
1,30,876,241,2,0,1,30000,0,201,2020,7,30,11,55,12,,,,,2,1,1,1,7,1,21,0,23,14,7,30,70,4,2,1,55,65,3,61,31,0,,,,,,,3,0,10,0,3,0,2,0,2,0,4,2,35.60762694444445,139.38580527777776,5,3,,,,
1,30,876,242,2,0,1,99000,0,201,2020,8,1,11,28,12,,,,,1,1,1,0,7,0,23,0,23,0,0,20,70,0,4,1,35,75,3,61,31,0,,,,,,,10,0,30,0,3,0,2,0,2,0,4,2,35.64317111111111,139.3385513888889,7,3,,,,
1,30,876,255,2,0,1,21110,0,201,2020,8,5,10,8,12,,,,,1,1,1,14,7,0,23,0,23,5,9,1,70,1,2,1,35,25,3,61,31,0,,,,,,,10,0,10,0,4,0,2,0,2,0,4,2,35.62652361111111,139.3995561111111,4,3,,,,
1,30,876,262,2,0,1,30000,0,201,2020,8,29,5,50,11,,,,,1,1,1,14,7,0,23,0,23,3,9,20,70,5,2,1,35,75,14,61,31,0,,,,,,,10,0,30,0,3,0,2,0,2,0,4,2,35.632529444444444,139.42516305555554,7,3,,,,
1,30,877,153,2,0,1,20000,0,201,2020,8,19,21,6,22,,,,,1,1,1,1,1,9,22,0,23,14,9,30,70,5,2,1,45,75,4,61,31,0,,,,,,,3,0,10,0,3,0,2,0,2,0,4,2,35.657935,139.30194861111113,4,3,,,,
1,30,877,163,2,0,1,99000,0,201,2020,8,8,10,27,12,,,,,1,2,1,0,7,0,23,0,23,0,0,20,70,0,4,1,65,45,3,61,31,0,,,,,,,10,0,30,0,4,0,2,0,2,0,4,2,35.65272833333333,139.30886055555555,7,3,,,,
1,30,877,168,2,0,1,30000,0,201,2020,8,31,7,37,12,,,,,1,2,1,14,7,0,23,0,23,3,9,1,70,5,3,1,55,35,51,61,0,0,,,,,,,0,0,10,0,3,0,0,0,0,0,4,2,35.65636,139.31409666666667,2,3,,,,
1,30,878,208,2,0,1,30000,0,224,2020,8,1,15,35,12,,,,,2,2,1,1,7,1,22,0,23,14,8,20,70,5,3,1,35,45,13,61,31,0,,,,,,,10,0,20,0,3,0,2,0,2,0,4,2,35.63921583333333,139.43564305555557,7,3,,,,
1,30,878,210,2,0,1,30000,0,224,2020,8,5,15,0,12,,,,,1,1,1,1,7,9,22,0,23,14,6,30,70,4,2,1,1,1,4,61,31,0,,,,,,,2,0,50,0,3,0,2,0,2,0,4,2,35.633270833333334,139.45123805555554,4,3,,,,
1,30,878,217,2,0,1,95000,0,225,2020,8,9,15,35,12,,,,,1,1,1,1,1,9,22,0,23,14,9,30,70,4,2,1,55,75,3,61,31,0,,,,,,,3,0,30,0,3,0,2,0,2,0,4,2,35.60983277777778,139.49616277777776,1,2,,,,
1,30,878,222,2,0,1,30000,0,224,2020,8,16,10,13,12,,,,,1,1,1,14,7,0,23,0,23,3,9,1,70,5,2,1,55,45,3,61,1,0,,,,,,,10,0,30,0,4,0,2,0,2,0,4,2,35.64729777777778,139.4523186111111,1,3,,,,
1,30,878,229,2,0,1,30000,0,225,2020,8,21,14,40,12,,,,,1,1,1,0,7,0,23,0,23,0,0,20,70,0,1,1,1,1,52,61,0,0,,,,,,,0,0,10,0,3,0,0,0,0,0,4,2,35.623893611111114,139.47271666666666,6,3,,,,
1,30,878,238,2,0,1,10510,0,224,2020,8,21,10,30,12,,,,,1,1,1,14,7,0,23,0,23,1,9,1,70,1,2,1,1,75,51,61,0,0,,,,,,,0,0,10,0,4,0,0,0,0,0,4,2,35.64959388888889,139.44974027777778,6,3,,,,
1,30,879,280,2,0,1,30000,0,223,2020,8,3,21,35,22,,,,,1,1,1,14,7,0,23,0,23,3,9,1,70,5,4,1,25,65,4,61,31,0,,,,,,,10,0,10,0,3,0,2,0,2,0,4,2,35.74616888888889,139.38370277777776,2,3,,,,
1,30,879,283,2,0,1,30000,0,220,2020,8,5,20,0,22,,,,,2,2,1,1,7,1,21,0,23,14,9,30,70,5,2,1,65,35,3,61,1,0,,,,,,,10,0,10,0,3,0,2,0,2,0,4,2,35.73395194444444,139.43421527777778,4,3,,,,
1,30,879,295,2,0,1,30000,0,223,2020,8,12,23,15,22,,,,,1,2,1,1,1,9,22,0,23,15,9,30,70,5,2,1,45,45,3,61,31,0,,,,,,,3,0,10,0,3,0,2,0,2,0,4,2,35.744302222222224,139.38837305555555,4,3,,,,
1,30,879,310,2,0,1,30580,0,220,2020,8,24,14,20,12,,,,,1,2,1,14,7,0,23,0,23,3,9,1,70,5,2,1,45,25,51,61,0,0,,,,,,,0,0,40,0,3,0,0,0,0,0,2,4,35.742673333333336,139.44019472222223,2,3,,,,
1,30,879,316,2,0,1,95000,0,220,2020,8,27,19,10,21,,,,,1,1,1,0,7,0,23,0,23,0,0,20,70,0,4,1,1,1,51,61,0,0,,,,,,,0,0,10,0,3,0,0,0,0,0,4,2,35.735995,139.4211586111111,5,3,,,,
1,30,880,198,2,0,1,10240,0,308,2020,8,10,10,45,12,,,,,1,2,1,14,7,0,23,0,23,2,9,1,70,4,3,1,45,45,4,61,31,0,,,,,,,2,0,10,0,2,0,2,0,2,0,4,2,35.7779325,139.01405888888888,2,1,,,,
1,30,880,209,2,0,1,99000,0,205,2020,8,11,17,30,12,,,,,1,1,1,0,7,0,23,0,23,0,0,20,70,0,4,1,55,65,4,61,31,0,,,,,,,10,0,30,0,3,0,2,0,2,0,4,2,35.782404722222225,139.29377416666665,3,3,,,,
1,30,880,212,2,0,1,10420,0,205,2020,8,19,11,0,12,,,,,1,2,1,1,1,9,22,0,23,14,3,20,70,5,2,1,75,75,3,61,31,0,,,,,,,3,0,10,0,3,0,2,0,2,0,4,2,35.82635777777778,139.28964249999999,4,3,,,,
1,30,881,89,2,0,1,30000,0,228,2020,8,15,11,45,12,,,,,1,3,1,13,7,0,23,0,23,3,2,1,70,4,3,1,25,25,51,61,0,0,,,,,,,0,0,10,0,4,0,0,0,0,0,4,2,35.72263916666667,139.256845,7,3,,,,
1,30,882,238,2,0,1,30000,0,218,2020,7,27,10,2,12,,,,,1,1,1,7,7,0,23,0,23,3,9,1,70,5,3,1,25,45,3,61,31,0,,,,,,,2,0,40,0,4,0,2,0,2,0,4,2,35.73374944444445,139.33560833333334,2,3,,,,
1,30,882,247,2,0,1,95000,0,228,2020,7,30,19,0,21,,,,,2,2,1,14,7,0,23,0,23,3,9,1,70,4,2,1,45,75,14,61,31,0,,,,,,,2,0,10,0,4,0,2,0,2,0,4,2,35.728405,139.28900861111111,5,3,,,,
1,30,882,253,2,0,1,10740,0,228,2020,8,7,15,55,12,,,,,1,3,1,1,1,9,22,0,23,18,9,30,70,4,2,1,75,45,3,61,31,0,,,,,,,2,0,21,0,3,0,2,0,2,0,4,2,35.72305222222222,139.2937386111111,6,3,,,,
1,30,882,263,2,0,1,99000,0,228,2020,8,16,0,50,22,,,,,1,1,1,0,7,0,23,0,23,0,0,20,70,0,4,1,55,25,17,61,31,0,,,,,,,10,0,60,0,4,0,2,0,2,0,4,2,35.72875888888889,139.2860125,1,3,,,,
1,30,883,309,2,0,1,30000,0,201,2020,8,15,15,40,12,,,,,1,1,1,14,7,0,23,0,23,3,9,1,70,5,3,1,55,25,14,61,1,0,,,,,,,10,0,10,0,3,0,2,0,2,0,4,2,35.656171388888886,139.31376277777778,7,3,,,,
1,30,883,324,2,0,1,30000,0,201,2020,8,11,12,50,12,,,,,1,1,1,7,7,0,23,0,23,3,9,1,70,4,2,1,75,65,35,61,31,0,,,,,,,5,0,10,0,3,0,0,0,0,0,4,2,35.6567675,139.315235,3,3,,,,
1,30,883,325,2,0,1,200,424,201,2020,8,11,19,50,22,,,,,1,1,1,1,1,9,22,0,23,18,9,30,70,4,1,1,1,65,3,61,31,0,,,,,,,4,0,10,0,3,0,2,0,2,0,4,2,35.665571388888885,139.36283166666666,3,3,,,,
1,30,883,329,2,0,1,20000,0,201,2020,8,15,7,15,12,,,,,1,1,1,1,1,9,22,0,23,15,9,30,70,4,2,1,65,25,4,61,31,0,,,,,,,2,0,10,0,3,0,2,0,2,0,4,2,35.687640555555554,139.3705713888889,7,3,,,,
1,30,883,346,2,0,1,30000,0,201,2020,8,31,19,20,22,,,,,1,2,2,1,1,9,22,0,23,15,9,30,70,4,2,1,55,45,3,61,31,0,,,,,,,3,0,10,0,3,0,2,0,2,0,4,2,35.65519555555555,139.3446088888889,2,3,,,,
1,30,884,304,1,1,0,99000,0,209,2020,7,28,12,18,12,,,,,1,2,1,0,7,0,23,0,23,0,0,20,70,0,4,1,45,75,17,61,1,0,,,,,,,10,0,30,0,4,0,2,0,2,0,4,1,35.57619972222223,139.4114911111111,3,3,,,,
1,30,884,312,2,0,1,30000,0,209,2020,5,8,12,53,12,,,,,1,1,1,14,7,0,23,0,23,1,9,20,70,5,4,1,55,55,51,61,0,0,,,,,,,0,0,20,0,4,0,0,0,0,0,4,2,35.54603833333333,139.43787305555557,6,3,,,,
1,30,884,313,2,0,1,10610,0,209,2020,8,1,21,45,22,,,,,1,1,1,1,1,9,22,0,23,18,9,30,70,4,2,1,55,35,36,61,31,0,,,,,,,2,0,10,0,3,0,0,0,0,0,4,2,35.584674722222225,139.48382527777775,7,3,,,,
1,30,884,316,2,0,1,21120,0,209,2020,8,10,16,30,12,,,,,1,2,1,1,7,9,22,0,23,15,9,30,70,5,4,1,65,1,3,61,31,0,,,,,,,10,0,40,0,3,0,2,0,2,0,4,2,35.578412500000006,139.40906361111112,2,1,,,,
1,30,884,320,2,0,1,30560,0,209,2020,7,9,9,15,12,,,,,2,1,1,1,1,9,22,0,23,15,9,30,70,4,2,1,65,65,3,61,31,0,,,,,,,3,0,40,0,3,0,2,0,2,0,4,2,35.547515555555556,139.43869805555556,5,3,,,,
1,30,884,321,2,0,1,30000,0,209,2020,6,10,16,40,12,,,,,1,1,1,7,7,0,23,0,23,3,9,1,70,4,2,1,55,1,4,61,31,0,,,,,,,3,0,10,0,3,0,2,0,2,0,4,2,35.546753333333335,139.44133916666667,4,3,,,,
1,30,884,324,2,0,1,30000,0,209,2020,7,24,11,25,12,,,,,2,1,1,14,7,0,23,0,23,1,9,1,70,5,4,1,55,25,3,61,31,0,,,,,,,5,0,80,0,3,0,2,0,2,0,4,2,35.54249333333333,139.44806861111113,6,1,,,,
1,30,884,325,2,0,1,30000,0,209,2020,8,18,16,5,12,,,,,1,1,1,1,7,7,21,0,23,15,3,30,70,4,2,1,1,75,3,61,31,0,,,,,,,10,0,20,0,3,0,2,0,2,0,4,2,35.563599999999994,139.44792722222223,3,3,,,,
1,30,884,328,2,0,1,30000,0,209,2020,8,21,9,57,12,,,,,1,2,1,1,1,9,22,0,23,15,9,30,70,4,2,1,35,75,13,61,31,0,,,,,,,3,0,10,0,3,0,2,0,2,0,4,2,35.576465000000006,139.4089952777778,6,3,,,,
1,30,884,337,2,0,1,30000,0,209,2020,8,31,8,45,12,,,,,1,2,1,14,7,0,23,0,23,3,9,20,70,4,2,1,65,75,14,61,31,0,,,,,,,3,0,10,0,3,0,2,0,2,0,4,2,35.55600611111111,139.43529805555556,2,3,,,,
1,30,884,338,2,0,1,30000,0,209,2020,8,20,10,20,12,,,,,1,1,1,1,7,1,21,0,23,15,9,30,70,5,3,1,1,35,52,61,0,0,,,,,,,0,0,10,0,4,0,0,0,0,0,4,2,35.540057499999996,139.45229305555554,5,3,,,,
1,30,884,340,2,0,1,30000,0,209,2020,7,2,8,10,12,,,,,1,2,1,14,7,0,23,0,23,2,8,1,70,5,3,1,35,1,51,61,0,0,,,,,,,0,0,10,0,3,0,0,0,0,0,4,2,35.58312916666667,139.4707163888889,5,3,,,,
1,30,885,261,2,0,1,30000,0,212,2020,8,7,14,15,12,,,,,1,3,1,14,7,0,23,0,23,3,8,1,70,5,3,1,1,1,51,61,0,0,,,,,,,0,0,10,0,2,0,0,0,0,0,4,2,35.67462888888889,139.39208722222222,6,3,,,,
1,30,885,267,2,0,1,30000,0,212,2020,8,10,12,5,12,,,,,1,3,1,14,7,0,23,0,23,3,9,1,70,5,3,1,25,75,3,61,31,0,,,,,,,10,0,10,0,4,0,2,0,2,0,4,2,35.65866111111111,139.4132325,2,1,,,,
1,30,885,274,2,0,1,30000,0,212,2020,8,5,14,30,12,,,,,1,3,1,7,7,0,23,0,23,2,9,1,70,4,2,1,45,1,51,61,0,0,,,,,,,0,0,40,0,3,0,0,0,0,0,4,2,35.680616666666666,139.40385722222223,4,3,,,,
1,30,886,255,2,0,1,21150,0,207,2020,8,18,16,22,12,,,,,1,2,1,14,1,0,23,0,23,2,9,1,70,4,2,1,45,65,3,61,31,0,,,,,,,3,0,50,0,3,0,2,0,2,0,4,2,35.69864555555555,139.37677305555556,3,3,,,,
1,30,886,262,2,0,1,95000,0,207,2020,8,23,11,24,12,,,,,2,1,1,1,1,1,22,0,23,14,9,30,70,4,2,1,35,55,3,61,31,0,,,,,,,1,0,10,0,3,0,2,0,2,0,4,2,35.72054777777778,139.3836272222222,1,3,,,,
1,30,887,373,2,0,1,95000,0,202,2020,8,7,13,30,12,,,,,1,2,1,14,1,0,23,0,23,4,9,1,70,4,2,1,25,45,4,61,31,0,,,,,,,3,0,10,0,3,0,2,0,2,0,4,2,35.695477499999996,139.41279,6,3,,,,
1,30,887,375,2,0,1,30000,0,202,2020,8,9,13,0,12,,,,,1,2,1,7,7,0,23,0,23,3,9,1,70,4,1,1,75,55,3,61,31,0,,,,,,,10,0,10,0,3,0,2,0,2,0,4,2,35.699009999999994,139.4134275,1,2,,,,
1,30,887,383,2,0,1,30000,0,202,2020,8,16,16,55,12,,,,,3,1,2,1,1,9,22,0,23,11,9,30,1,4,2,1,45,1,51,61,0,0,,,,,,,0,0,10,0,3,0,0,0,0,0,4,2,35.72520777777778,139.3737602777778,1,3,,,,
1,30,887,400,2,0,1,99000,0,202,2020,8,6,14,14,12,,,,,1,1,1,0,7,0,23,0,23,0,0,20,70,0,4,1,25,25,14,61,31,0,,,,,,,10,0,30,0,3,0,2,0,2,0,4,2,35.69255333333333,139.39140055555555,5,3,,,,
1,30,887,401,2,0,1,30000,0,202,2020,8,31,9,40,12,,,,,3,2,1,13,7,0,23,0,23,3,3,1,70,5,2,1,55,75,3,61,1,0,,,,,,,2,0,10,0,3,0,2,0,2,0,4,2,35.69288361111111,139.4239988888889,2,3,,,,
1,30,887,410,2,0,1,95000,0,215,2020,8,14,16,40,12,,,,,1,1,1,14,8,0,23,0,23,5,9,1,70,4,2,1,1,75,51,61,0,0,,,,,,,0,0,10,0,3,0,0,0,0,0,4,2,35.69508388888889,139.44671833333334,6,3,,,,
1,30,888,170,2,0,2,30000,0,206,2020,8,30,19,10,21,,,,,1,1,1,14,1,0,23,0,23,1,9,1,1,4,2,1,55,35,14,61,1,0,,,,,,,2,0,10,0,2,0,2,0,2,0,4,2,35.66506416666667,139.44982416666667,1,3,,,,
1,30,888,173,2,0,1,10270,0,206,2020,6,25,7,12,12,,,,,3,1,1,14,7,0,23,0,23,2,9,1,70,5,4,1,55,45,4,61,31,0,,,,,,,2,0,40,0,4,0,2,0,2,0,4,2,35.67778305555555,139.5181327777778,5,3,,,,
1,30,889,178,2,0,1,30000,0,210,2020,8,4,8,38,12,,,,,1,1,1,1,7,9,22,0,23,14,9,30,70,5,4,1,1,75,51,61,0,0,,,,,,,0,0,40,0,3,0,0,0,0,0,4,2,35.695949999999996,139.49983749999998,3,3,,,,
1,30,889,180,2,0,1,20820,0,214,2020,8,13,14,40,12,,,,,1,1,1,1,1,0,23,0,23,14,9,30,70,4,3,1,35,0,61,0,0,0,,,,,,,0,0,0,0,0,0,0,0,0,0,2,0,35.694469444444444,139.48082694444446,5,3,,,,
1,30,889,191,2,0,1,30000,0,214,2020,8,20,20,15,22,,,,,1,1,1,1,7,1,22,0,23,14,9,30,70,4,2,1,55,65,3,61,31,0,,,,,,,2,0,20,0,4,0,2,0,2,0,4,2,35.701835833333334,139.4818263888889,5,3,,,,
1,30,889,197,2,0,1,10500,0,214,2020,8,27,17,10,12,,,,,1,1,1,14,7,0,23,0,23,4,9,1,70,4,1,1,35,35,3,61,31,0,,,,,,,3,0,10,0,2,0,1,0,1,0,4,2,35.69650444444444,139.46713527777777,5,3,,,,
1,30,889,201,2,0,1,30000,0,214,2020,8,29,15,15,12,,,,,1,1,1,14,7,0,23,0,23,3,9,1,70,4,2,1,25,45,1,61,1,0,,,,,,,2,0,10,0,4,0,2,0,2,0,4,2,35.701683055555556,139.44649083333334,7,3,,,,
1,30,889,203,2,0,1,30000,0,214,2020,7,13,15,35,12,,,,,3,1,1,1,7,1,22,0,23,11,9,30,70,5,3,1,35,75,3,61,31,0,,,,,,,2,0,20,0,3,0,2,0,2,0,4,2,35.72188138888889,139.45122305555554,2,3,,,,
1,30,890,249,2,0,1,20000,0,222,2020,8,2,2,15,22,,,,,1,1,1,1,1,9,22,0,23,15,9,30,70,4,2,1,45,25,17,61,1,0,,,,,,,2,0,10,0,3,0,2,0,2,0,4,2,35.756954722222225,139.52202944444446,1,3,,,,
1,30,890,263,2,0,1,30000,0,222,2020,8,17,8,15,12,,,,,1,1,1,1,7,9,22,0,23,11,9,30,70,5,3,1,75,1,4,61,31,0,,,,,,,10,0,10,0,3,0,2,0,2,0,4,2,35.74006277777778,139.50991611111112,2,3,,,,
1,30,890,269,2,0,1,10250,0,229,2020,8,21,21,24,22,,,,,1,1,1,14,7,0,23,0,23,2,9,1,70,4,1,1,25,55,14,61,31,0,,,,,,,3,0,10,0,3,0,2,0,2,0,4,2,35.731974722222226,139.5523338888889,6,3,,,,
1,30,890,276,2,0,1,30000,0,222,2020,8,27,16,13,12,,,,,1,1,2,14,7,0,23,0,23,2,9,1,70,5,3,1,45,1,3,61,31,0,,,,,,,10,0,10,0,4,0,2,0,2,0,4,2,35.74024611111111,139.52030166666668,5,3,,,,
1,30,890,283,2,0,1,30000,0,229,2020,8,18,16,5,12,,,,,1,1,1,14,7,0,23,0,23,1,9,1,70,5,2,1,25,45,3,61,31,0,,,,,,,10,0,30,0,4,0,2,0,2,0,4,2,35.72755166666667,139.5388413888889,3,3,,,,
1,30,891,179,2,0,1,30000,0,213,2020,8,5,13,15,12,,,,,1,1,1,14,7,0,23,0,23,3,9,1,70,5,3,1,75,1,3,61,31,0,,,,,,,1,0,10,0,3,0,2,0,2,0,4,2,35.77345416666667,139.48234194444444,4,3,,,,
1,30,891,187,2,0,1,30000,0,221,2020,8,13,16,10,12,,,,,3,1,2,1,1,9,22,0,23,14,9,30,70,4,2,1,65,65,3,61,31,0,,,,,,,3,0,10,0,3,0,2,0,2,0,4,2,35.77334833333333,139.52299055555557,5,3,,,,
1,30,892,116,2,0,1,20900,0,203,2020,8,6,15,5,12,,,,,1,1,1,14,7,0,23,0,23,4,9,1,70,4,2,1,45,75,1,61,1,0,,,,,,,3,0,0,0,4,0,2,0,2,0,4,2,35.71057638888889,139.56299305555558,5,3,,,,
1,30,892,124,2,0,1,99000,0,203,2020,8,7,6,35,12,,,,,1,1,1,0,7,0,23,0,23,0,0,20,70,0,4,1,75,45,51,61,0,0,,,,,,,0,0,10,0,4,0,0,0,0,0,4,2,35.711847777777784,139.54492916666666,6,3,,,,
1,30,892,125,2,0,1,95000,0,203,2020,8,8,14,55,12,,,,,1,1,1,14,7,0,23,0,23,3,9,1,70,1,2,1,55,75,3,61,1,0,,,,,,,3,0,40,0,4,0,2,0,2,0,4,2,35.70562416666667,139.58159833333332,7,3,,,,
1,30,892,127,2,0,1,30000,0,203,2020,8,24,7,0,12,,,,,1,1,1,14,7,0,23,0,23,2,9,1,70,5,3,1,1,55,51,61,0,0,,,,,,,0,0,10,0,3,0,0,0,0,0,4,2,35.70691361111111,139.5742113888889,2,3,,,,
1,30,893,204,2,0,1,30000,0,204,2020,8,4,11,10,12,,,,,1,1,1,14,7,0,23,0,23,2,9,1,70,4,2,1,25,35,51,61,0,0,,,,,,,0,0,10,0,3,0,0,0,0,0,4,2,35.70234888888889,139.56038972222223,3,3,,,,
1,30,893,217,2,0,1,30000,0,204,2020,8,26,19,30,22,,,,,1,1,1,14,7,0,23,0,23,3,9,1,70,5,2,1,65,25,4,61,31,0,,,,,,,10,0,10,0,4,0,2,0,2,0,4,2,35.6859325,139.57605972222223,4,3,,,,
1,30,893,221,2,0,1,30000,0,204,2020,8,15,7,30,12,,,,,1,1,1,14,7,0,23,0,23,3,9,1,70,5,2,1,1,45,51,61,0,0,,,,,,,0,0,10,0,3,0,0,0,0,0,4,2,35.67664222222222,139.57723166666668,7,3,,,,
1,30,894,284,2,0,1,20890,0,208,2020,8,12,10,9,12,,,,,1,1,1,1,7,9,22,0,23,15,9,30,70,4,2,1,25,65,13,61,31,0,,,,,,,2,0,10,0,3,0,2,0,2,0,4,2,35.65232722222222,139.5469527777778,4,3,,,,
1,30,894,290,2,0,1,20900,0,208,2020,8,22,17,44,13,,,,,1,1,1,14,7,0,23,0,23,3,9,1,70,4,2,1,45,65,35,61,31,0,,,,,,,10,0,10,0,4,0,0,0,0,0,4,2,35.65943305555555,139.55205861111114,7,3,,,,
1,30,894,299,2,0,1,10210,0,219,2020,8,31,21,50,22,,,,,3,1,2,1,1,9,22,0,23,14,9,30,70,4,1,1,1,45,3,61,31,0,,,,,,,3,0,10,0,3,0,2,0,2,0,4,2,35.633096111111115,139.58913833333335,2,3,,,,
1,30,895,156,2,0,1,10240,0,211,2020,8,17,12,20,12,,,,,1,1,1,1,1,9,22,0,23,18,9,30,70,4,2,1,45,45,3,61,31,0,,,,,,,4,0,10,0,1,0,1,0,2,0,4,2,35.73062777777778,139.4777202777778,2,3,,,,
1,30,69,377,2,0,1,50130,0,115,2019,8,27,22,55,22,,,,,3,1,2,0,7,0,23,0,23,0,0,20,70,0,4,1,1,45,3,61,31,0,,,,,,,1,0,30,0,3,0,2,0,2,0,4,2,35.66820472222222,139.64357972222223,3,3,,,,