資料区分,都道府県コード,警察署等コード,本票番号,事故内容,死者数,負傷者数,路線コード,地点コード,市区町村コード,発生日時　　年,発生日時　　月,発生日時　　日,発生日時　　時,発生日時　　分,昼夜,日の出時刻　　時,日の出時刻　　分,日の入り時刻　　時,日の入り時刻　　分,天候,地形,路面状態,道路形状,信号機,一時停止規制　標識（当事者A）,一時停止規制　表示（当事者A）,一時停止規制　標識（当事者B）,一時停止規制　表示（当事者B）,車道幅員,道路線形,衝突地点,ゾーン規制,中央分離帯施設等,歩車道区分,事故類型,年齢（当事者A）,年齢（当事者B）,当事者種別（当事者A）,当事者種別（当事者B）,用途別（当事者A）,用途別（当事者B）,車両形状等（当事者A）,車両形状等（当事者B）,オートマチック車（当事者A）,オートマチック車（当事者B）,サポカー（当事者A）,サポカー（当事者B）,速度規制（指定のみ）（当事者A）,速度規制（指定のみ）（当事者B）,車両の衝突部位（当事者A）,車両の衝突部位（当事者B）,車両の損壊程度（当事者A）,車両の損壊程度（当事者B）,エアバッグの装備（当事者A）,エアバッグの装備（当事者B）,サイドエアバッグの装備（当事者A）,サイドエアバッグの装備（当事者B）,人身損傷程度（当事者A）,人身損傷程度（当事者B）,lat,lon,曜日(発生年月日),祝日(発生年月日),認知機能検査経過日数（当事者A）,認知機能検査経過日数（当事者B）,運転練習の方法（当事者A）,運転練習の方法（当事者B）
1,30,100,100,2,0,1,95000,0,101,2020,9,16,13,5,12,,,,,1,1,1,0,7,0,23,0,23,0,0,20,70,0,4,1,55,55,3,61,31,0,,,,,,,10,0,30,0,4,0,2,0,2,0,4,2,35.671909444444445,139.7491047222222,4,3,,,,
1,30,100,103,2,0,1,10050,0,101,2020,9,24,0,1,22,,,,,3,1,2,7,7,0,23,0,23,4,9,1,70,1,2,1,75,35,3,61,1,0,,,,,,,5,0,50,0,3,0,2,0,2,0,4,2,35.69563194444444,139.75206833333334,5,3,,,,
1,30,100,104,2,0,1,95000,0,101,2020,9,25,18,20,21,,,,,3,1,1,14,7,0,23,0,23,2,9,1,70,4,2,1,55,45,51,61,0,0,,,,,,,0,0,10,0,3,0,0,0,0,0,4,2,35.68093583333333,139.73827805555555,6,3,,,,
1,30,102,79,2,0,1,30000,0,101,2020,9,28,20,28,22,,,,,1,1,1,1,1,9,22,0,23,18,9,30,70,5,2,1,55,75,3,61,1,0,,,,,,,3,0,50,0,3,0,2,0,2,0,4,2,35.697515277777775,139.75449944444443,2,3,,,,
1,30,105,47,2,0,1,20540,0,102,2020,9,7,11,45,12,,,,,1,1,1,14,7,0,23,0,23,3,9,1,70,5,2,1,55,75,17,61,31,0,,,,,,,4,0,10,0,3,0,2,0,2,0,4,2,35.68350444444444,139.78993444444444,2,3,,,,
1,30,105,51,2,0,1,30000,0,102,2020,9,25,12,1,12,,,,,2,1,1,14,7,0,23,0,23,2,9,1,70,4,1,1,55,1,3,61,1,0,,,,,,,2,0,10,0,3,0,2,0,2,0,4,2,35.68274666666667,139.7853275,6,3,,,,
1,30,106,113,2,0,1,30000,0,102,2020,9,14,16,30,12,,,,,1,1,1,1,7,9,22,0,23,11,9,30,70,5,2,1,1,35,51,61,0,0,,,,,,,0,0,10,0,4,0,0,0,0,0,4,2,35.671326666666666,139.76685694444447,2,3,,,,
1,30,106,115,2,0,1,10060,0,102,2020,9,15,12,10,12,,,,,1,1,1,1,1,9,22,0,23,15,9,30,70,1,2,1,65,1,3,61,1,0,,,,,,,4,0,50,0,4,0,2,0,2,0,4,2,35.668616944444445,139.77314583333336,3,3,,,,
1,30,106,116,2,0,1,95000,0,102,2020,9,4,15,50,12,,,,,1,1,1,14,7,0,23,0,23,3,9,1,70,5,2,1,35,45,51,61,0,0,,,,,,,0,0,10,0,3,0,0,0,0,0,4,2,35.6677775,139.76056166666666,6,3,,,,
1,30,106,122,2,0,1,30000,0,102,2020,9,25,19,55,22,,,,,3,1,2,1,7,1,22,0,23,15,9,30,70,5,2,1,65,35,3,61,1,0,,,,,,,2,0,10,0,4,0,2,0,2,0,4,2,35.669130277777775,139.7614686111111,6,3,,,,
1,30,107,85,2,0,1,20680,0,102,2020,9,8,7,50,12,,,,,1,1,1,14,7,0,23,0,23,4,9,1,70,1,2,1,25,45,3,61,1,0,,,,,,,4,0,40,0,3,0,2,0,2,0,4,2,35.65574722222222,139.77227055555556,3,3,,,,
1,30,107,89,2,0,1,10020,0,102,2020,9,15,20,43,22,,,,,2,1,1,1,7,9,22,0,23,18,9,20,70,1,2,1,35,45,51,61,0,0,,,,,,,0,0,30,0,4,0,0,0,0,0,4,2,35.660405,139.77683972222223,3,3,,,,
1,30,107,91,2,0,1,30000,0,102,2020,6,15,12,9,12,,,,,1,1,1,14,7,0,23,0,23,3,9,1,70,1,2,1,1,55,51,61,0,0,,,,,,,0,0,10,0,3,0,0,0,0,0,4,2,35.66936888888889,139.7851388888889,2,3,,,,
1,30,107,92,2,0,1,30000,0,102,2020,9,18,17,25,13,,,,,1,1,1,1,7,9,22,0,23,11,9,30,70,4,2,1,1,45,51,61,0,0,,,,,,,0,0,10,0,3,0,0,0,0,0,4,2,35.66212861111111,139.78292583333334,6,3,,,,
1,30,109,94,2,0,1,30000,0,103,2020,9,9,16,29,12,,,,,1,1,1,14,7,0,23,0,23,2,9,1,70,5,4,1,55,25,3,61,1,0,,,,,,,10,0,40,0,3,0,2,0,2,0,4,2,35.648739722222224,139.73758611111109,4,3,,,,
1,30,110,85,2,0,1,30000,0,103,2020,9,1,9,47,12,,,,,1,1,1,14,7,0,23,0,23,1,9,1,70,5,3,1,35,35,13,61,1,0,,,,,,,5,0,70,0,4,0,2,0,2,0,4,2,35.63299611111111,139.72994583333335,3,3,,,,
1,30,110,87,2,0,1,10140,0,103,2020,8,31,18,10,21,,,,,1,1,1,7,7,0,23,0,23,5,9,1,70,4,2,1,1,45,51,61,0,0,,,,,,,0,0,20,0,4,0,0,0,0,0,4,2,35.624520555555556,139.74524444444444,2,3,,,,
1,30,110,93,2,0,1,30000,0,103,2020,9,19,11,8,12,,,,,2,1,1,1,1,9,22,0,23,11,7,30,70,5,2,1,35,1,3,61,31,0,,,,,,,3,0,10,0,3,0,2,0,2,0,4,2,35.63567305555556,139.7331536111111,7,3,,,,
1,30,111,177,2,0,1,30000,0,103,2020,9,3,16,36,12,,,,,1,1,1,14,7,0,23,0,23,3,9,1,70,5,2,1,35,65,51,61,0,0,,,,,,,0,0,10,0,3,0,0,0,0,0,4,2,35.65226611111111,139.73524805555553,5,3,,,,
1,30,111,181,2,0,1,20170,0,103,2020,9,12,4,37,23,,,,,1,1,1,1,7,8,21,0,23,11,9,30,70,1,2,1,45,25,3,61,1,0,,,,,,,3,0,40,0,3,0,2,0,2,0,4,2,35.65981416666666,139.72292638888888,7,3,,,,
1,30,111,183,2,0,1,30000,0,103,2020,9,18,12,26,12,,,,,1,1,1,1,1,9,22,0,23,11,9,30,70,4,1,1,45,25,3,61,1,0,,,,,,,5,0,10,0,3,0,2,0,2,0,4,2,35.665295,139.73239666666666,6,3,,,,
1,30,111,190,2,0,1,20170,0,103,2020,9,24,3,1,22,,,,,2,1,2,1,1,9,22,0,23,19,9,30,70,1,2,1,55,25,3,61,1,0,,,,,,,10,0,10,0,3,0,2,0,2,0,4,2,35.66302611111111,139.73209277777778,5,3,,,,
1,30,111,196,2,0,1,30000,0,103,2020,9,17,11,27,12,,,,,2,1,1,14,7,0,23,0,23,3,9,1,70,5,4,1,55,35,3,61,31,0,,,,,,,1,0,40,0,3,0,2,0,2,0,4,2,35.660065277777775,139.7227838888889,5,3,,,,
1,30,111,198,2,0,1,20120,0,103,2020,9,23,14,48,12,,,,,2,1,1,14,7,0,23,0,23,5,9,1,70,5,2,1,25,55,51,61,0,0,,,,,,,0,0,40,0,3,0,0,0,0,0,4,2,35.66009472222222,139.72320972222224,4,3,,,,
1,30,112,130,2,0,1,20170,0,103,2020,9,19,0,50,22,,,,,1,1,1,7,7,0,23,0,23,1,9,1,70,1,2,1,65,25,3,61,1,0,,,,,,,5,0,10,0,3,0,2,0,2,0,4,2,35.67068972222222,139.7429575,7,3,,,,
1,30,113,171,2,0,1,30000,0,108,2020,9,25,20,21,22,,,,,3,1,2,1,1,9,22,0,23,19,3,30,70,5,2,1,55,45,1,61,1,0,,,,,,,10,0,10,0,3,0,2,0,2,0,4,2,35.618559166666664,139.78075305555558,6,3,,,,
1,30,215,65,2,0,1,20000,0,109,2020,9,8,9,28,12,,,,,1,1,1,1,1,9,22,0,23,17,9,30,70,4,2,1,45,55,17,61,1,0,,,,,,,3,0,80,0,3,0,1,0,2,0,4,2,35.62475694444444,139.73149,3,3,,,,
1,30,216,93,2,0,1,30000,0,109,2020,9,8,10,35,12,,,,,1,1,1,1,7,9,22,0,23,11,9,30,70,4,2,1,35,65,13,61,31,0,,,,,,,5,0,20,0,3,0,2,0,2,0,4,2,35.589646944444446,139.73297805555555,3,3,,,,
1,30,216,95,2,0,1,99000,0,109,2020,9,16,10,55,12,,,,,1,1,1,0,7,0,23,0,23,0,0,20,70,0,4,1,45,45,3,61,31,0,,,,,,,10,0,80,0,3,0,2,0,2,0,4,2,35.60479333333333,139.74753916666666,4,3,,,,
1,30,216,97,2,0,1,30000,0,109,2020,9,24,16,40,13,,,,,3,1,2,14,7,0,23,0,23,3,7,1,70,5,1,1,65,65,51,61,0,0,,,,,,,0,0,10,0,4,0,0,0,0,0,4,2,35.607125277777776,139.73468916666664,5,3,,,,
1,30,217,101,2,0,1,30000,0,109,2020,9,20,23,40,22,,,,,3,1,2,1,7,9,22,0,23,15,9,30,70,4,2,1,55,35,3,61,1,0,,,,,,,3,0,10,0,3,0,2,0,2,0,4,2,35.620718333333336,139.7267388888889,1,2,,,,
1,30,217,102,2,0,1,10150,0,109,2020,9,24,1,28,22,,,,,3,1,2,1,1,9,22,0,23,17,9,30,70,4,2,1,45,25,3,61,31,0,,,,,,,3,0,10,0,4,0,2,0,2,0,4,2,35.62575777777778,139.72549972222222,5,3,,,,
1,30,218,198,2,0,1,30000,0,109,2020,8,7,9,45,12,,,,,1,1,1,21,7,0,23,0,23,3,9,20,70,5,3,1,25,35,3,61,31,0,,,,,,,2,0,0,0,3,0,2,0,2,0,4,2,35.603882500000005,139.70823583333333,6,3,,,,
1,30,218,205,2,0,1,30000,0,109,2020,9,10,20,15,22,,,,,1,1,1,7,7,0,23,0,23,3,9,1,70,5,3,1,55,35,3,61,31,0,,,,,,,2,0,40,0,4,0,2,0,2,0,4,2,35.61797194444444,139.7039636111111,5,3,,,,
1,30,219,285,2,0,1,20180,0,111,2020,7,2,11,41,12,,,,,1,1,1,14,7,0,23,0,23,4,9,1,70,4,2,1,25,75,14,61,31,0,,,,,,,3,0,30,0,3,0,2,0,2,0,4,2,35.590179722222224,139.72822027777778,5,3,,,,
1,30,219,290,2,0,1,30000,0,111,2020,9,2,21,50,22,,,,,2,1,1,14,7,0,23,0,23,2,9,1,70,5,3,1,45,75,51,61,0,0,,,,,,,0,0,10,0,3,0,0,0,0,0,4,2,35.579730277777784,139.717785,4,3,,,,
1,30,219,293,2,0,1,95000,0,111,2020,9,7,17,13,13,,,,,2,1,2,14,7,0,23,0,23,1,9,1,70,5,3,1,35,75,51,61,0,0,,,,,,,0,0,10,0,3,0,0,0,0,0,4,2,35.567546944444445,139.7268777777778,2,3,,,,
1,30,219,299,2,0,1,30700,0,111,2020,9,9,14,50,12,,,,,1,1,1,14,7,0,23,0,23,5,9,1,70,5,1,1,45,25,3,61,31,0,,,,,,,3,0,10,0,3,0,2,0,2,0,4,2,35.579798333333336,139.72825805555556,4,3,,,,
1,30,219,300,2,0,1,30700,0,111,2020,9,13,22,25,22,,,,,2,1,1,1,1,8,22,0,23,11,9,30,70,4,2,1,1,55,35,61,31,0,,,,,,,3,0,10,0,3,0,0,0,0,0,4,2,35.57420277777778,139.72529111111112,1,3,,,,
1,30,219,303,2,0,1,30000,0,111,2020,9,14,13,15,12,,,,,1,1,1,14,7,0,23,0,23,3,9,1,70,5,4,1,1,75,51,61,0,0,,,,,,,0,0,10,0,3,0,0,0,0,0,4,2,35.56772138888889,139.7259736111111,2,3,,,,
1,30,219,310,2,0,1,30000,0,111,2020,9,19,17,20,13,,,,,1,1,1,1,7,9,22,0,23,15,9,30,70,5,3,1,1,65,51,61,0,0,,,,,,,0,0,12,0,4,0,0,0,0,0,4,2,35.57797388888889,139.71962083333332,7,3,,,,
1,30,219,313,2,0,1,30000,0,111,2020,9,22,15,40,12,,,,,2,1,1,1,7,1,21,0,23,11,9,30,70,5,4,1,35,1,51,61,0,0,,,,,,,0,0,30,0,3,0,0,0,0,0,4,2,35.57644861111111,139.72976,3,1,,,,
1,30,219,316,2,0,1,30000,0,111,2020,9,24,11,48,12,,,,,2,1,2,14,7,0,23,0,23,3,9,1,70,4,2,1,55,75,1,61,1,0,,,,,,,2,0,0,0,4,0,2,0,2,0,4,2,35.57541777777778,139.7259686111111,5,3,,,,
1,30,220,105,2,0,1,30000,0,111,2020,9,18,19,5,22,,,,,1,1,1,1,7,9,22,0,23,14,9,30,70,5,3,1,65,35,3,61,31,0,,,,,,,10,0,40,0,3,0,2,0,2,0,4,2,35.57566277777778,139.68015416666665,6,3,,,,
1,30,221,227,2,0,1,10200,0,111,2020,8,21,23,25,22,,,,,1,1,1,1,1,9,22,0,23,19,9,30,70,1,4,1,65,75,3,61,31,0,,,,,,,5,0,10,0,3,0,2,0,2,0,4,2,35.554451388888886,139.72861333333333,6,3,,,,
1,30,221,230,2,0,1,30000,0,111,2020,9,5,12,25,12,,,,,1,1,1,14,7,0,23,0,23,4,9,1,70,5,4,1,1,1,51,61,0,0,,,,,,,0,0,20,0,3,0,0,0,0,0,4,2,35.56493805555555,139.7167425,7,3,,,,
1,30,221,231,2,0,1,30000,0,111,2020,9,9,7,15,12,,,,,1,1,1,14,7,0,23,0,23,2,9,1,70,5,2,1,25,45,51,61,0,0,,,,,,,0,0,20,0,3,0,0,0,0,0,4,2,35.561032499999996,139.72438583333334,4,3,,,,
1,30,221,235,2,0,1,30000,0,111,2020,9,13,14,45,12,,,,,2,1,1,1,7,9,22,0,23,15,9,30,70,5,3,1,1,35,17,61,31,0,,,,,,,2,0,30,0,3,0,2,0,2,0,4,2,35.545808611111106,139.74360583333333,1,3,,,,
1,30,221,236,2,0,1,30000,0,111,2020,9,1,11,5,12,,,,,2,1,1,14,7,0,23,0,23,2,9,20,70,5,4,1,45,65,14,61,1,0,,,,,,,5,0,80,0,3,0,2,0,2,0,4,2,35.55074,139.7110258333333,3,3,,,,
1,30,221,239,2,0,1,10200,0,111,2020,9,15,4,20,22,,,,,1,1,1,1,1,9,22,0,23,19,9,30,70,1,1,1,35,45,17,61,1,0,,,,,,,2,0,10,0,3,0,2,0,2,0,4,2,35.55958638888889,139.71148499999998,3,3,,,,
1,30,221,244,2,0,1,30000,0,111,2020,9,23,15,15,12,,,,,3,1,2,14,7,0,23,0,23,3,9,1,70,5,3,1,25,1,13,61,31,0,,,,,,,10,0,10,0,3,0,2,0,2,0,4,2,35.56011472222222,139.73972166666664,4,3,,,,
1,30,222,187,2,0,1,30000,0,111,2020,9,12,10,28,12,,,,,2,1,1,13,7,0,23,0,23,2,3,1,70,5,3,1,55,75,14,61,1,0,,,,,,,2,0,20,0,3,0,2,0,2,0,4,2,35.589283055555555,139.7065072222222,7,3,,,,
1,30,223,7,2,0,1,95000,0,111,2020,9,11,13,30,12,,,,,1,1,1,1,1,9,21,0,23,17,9,30,70,1,2,1,55,35,14,61,1,0,,,,,,,4,0,10,0,2,0,2,0,2,0,4,2,35.55616944444444,139.78116,6,3,,,,
1,30,325,199,2,0,1,30210,0,112,2020,9,5,10,30,12,,,,,1,1,1,14,7,0,23,0,23,4,9,1,70,4,2,1,55,1,3,61,31,0,,,,,,,3,0,40,0,3,0,2,0,2,0,4,2,35.636564722222225,139.67564861111111,7,3,,,,
1,30,325,201,2,0,1,30000,0,112,2020,9,10,7,30,12,,,,,2,1,1,1,1,9,22,0,23,15,9,30,70,4,2,1,45,75,3,61,31,0,,,,,,,3,0,10,0,3,0,2,0,2,0,4,2,35.646591388888886,139.6220602777778,5,3,,,,
1,30,325,204,2,0,1,10210,0,112,2020,9,5,20,10,22,,,,,3,1,2,1,7,9,22,0,23,14,9,30,70,4,2,1,25,1,36,61,31,0,,,,,,,2,0,10,0,3,0,0,0,0,0,4,2,35.6431025,139.66759833333333,7,3,,,,
1,30,325,215,2,0,1,2460,80,112,2020,9,17,13,33,12,,,,,2,1,1,14,7,0,23,0,23,6,9,1,70,1,2,1,1,25,51,61,0,0,,,,,,,0,0,10,0,3,0,0,0,0,0,4,2,35.644128888888886,139.67206277777777,5,3,,,,
1,30,325,218,2,0,1,30000,0,112,2020,9,23,1,15,22,,,,,3,1,2,14,7,0,23,0,23,3,9,1,70,4,2,1,65,25,3,61,1,0,,,,,,,3,0,10,0,2,0,2,0,2,0,4,2,35.65044416666667,139.6772311111111,4,3,,,,
1,30,325,223,2,0,1,2460,94,112,2020,7,13,19,55,21,,,,,3,1,2,14,7,0,23,0,23,1,9,1,70,1,2,1,45,45,51,61,0,0,,,,,,,0,0,40,0,4,0,0,0,0,0,2,4,35.63373194444444,139.66218527777778,2,3,,,,
1,30,325,225,2,0,1,10210,0,112,2020,9,29,16,44,13,,,,,1,1,1,1,1,1,22,0,23,15,9,30,70,4,2,1,25,75,14,61,1,0,,,,,,,3,0,10,0,4,0,2,0,2,0,4,2,35.637929166666666,139.62392083333333,3,3,,,,
1,30,326,267,2,0,1,30000,0,112,2020,9,4,9,35,12,,,,,1,1,1,1,7,9,22,0,23,14,9,30,70,4,2,1,75,55,14,61,31,0,,,,,,,3,0,10,0,3,0,2,0,2,0,4,2,35.65681138888889,139.65315111111113,6,3,,,,
1,30,326,275,2,0,1,30000,0,112,2020,9,10,8,16,12,,,,,1,1,1,14,7,0,23,0,23,1,9,1,70,5,3,1,35,1,51,61,0,0,,,,,,,0,0,10,0,3,0,0,0,0,0,4,2,35.65503944444444,139.63181277777778,5,3,,,,
1,30,326,280,2,0,1,30000,0,112,2020,8,22,16,29,12,,,,,1,1,1,14,7,0,23,0,23,3,9,1,70,5,3,1,35,45,51,61,0,0,,,,,,,0,0,40,0,3,0,0,0,0,0,4,2,35.65960222222222,139.66739638888887,7,3,,,,
1,30,326,290,2,0,1,30000,0,112,2020,9,18,21,35,22,,,,,2,1,1,1,7,9,22,0,23,11,9,30,70,5,3,1,55,35,59,61,0,0,,,,,,,0,0,10,0,3,0,0,0,0,0,4,2,35.66121277777778,139.66758472222222,6,3,,,,
1,30,326,296,2,0,1,20260,0,112,2020,9,5,18,8,21,,,,,2,1,1,14,1,0,23,0,23,4,9,1,70,5,2,1,1,25,51,61,0,0,,,,,,,0,0,10,0,3,0,0,0,0,0,4,2,35.655665,139.67947666666666,7,3,,,,
1,30,327,237,2,0,1,10080,0,112,2020,9,2,16,50,12,,,,,1,1,1,14,7,0,23,0,23,1,9,1,70,5,1,1,35,65,51,61,0,0,,,,,,,0,0,10,0,4,0,0,0,0,0,4,2,35.61396694444445,139.65974944444446,4,3,,,,
1,30,327,238,2,0,1,30000,0,112,2020,9,7,16,25,12,,,,,2,1,1,1,1,9,22,0,23,18,9,30,70,4,2,1,45,55,3,61,31,0,,,,,,,3,0,10,0,3,0,2,0,2,0,4,2,35.612425555555554,139.6292877777778,2,3,,,,
1,30,327,247,2,0,1,95000,0,112,2020,3,16,17,24,13,,,,,1,1,1,0,7,0,23,0,23,0,0,20,70,0,4,1,35,35,13,61,31,0,,,,,,,10,0,30,0,3,0,2,0,2,0,4,2,35.62717472222222,139.64378305555556,2,3,,,,
1,30,328,284,2,0,1,30000,0,112,2020,9,2,17,15,13,,,,,1,1,1,14,7,0,23,0,23,3,9,1,70,5,3,1,65,55,3,61,31,0,,,,,,,2,0,30,0,3,0,2,0,2,0,4,2,35.66482722222222,139.60159333333334,4,3,,,,
1,30,328,291,2,0,1,30000,0,112,2020,8,30,16,18,12,,,,,1,1,1,1,7,0,23,0,23,11,9,30,70,5,3,1,45,0,61,0,0,0,,,,,,,0,0,0,0,0,0,0,0,0,0,2,0,35.65413861111111,139.60883055555556,1,3,,,,
1,30,328,293,2,0,1,10200,0,112,2020,8,2,12,30,12,,,,,1,1,5,1,1,9,22,0,23,18,9,30,70,1,1,1,1,1,51,61,0,0,,,,,,,0,0,10,0,3,0,0,0,0,0,4,2,35.629035555555554,139.6260088888889,1,3,,,,
1,30,328,296,2,0,1,30000,0,112,2020,9,9,17,10,13,,,,,1,1,1,14,7,0,23,0,23,3,9,1,70,4,2,1,55,0,61,0,0,0,,,,,,,0,0,0,0,0,0,0,0,0,0,2,0,35.65900444444444,139.6108325,4,3,,,,
1,30,328,308,2,0,1,30000,0,112,2020,9,23,19,12,22,,,,,3,1,2,1,1,9,22,0,23,15,9,30,70,4,2,1,35,35,3,61,31,0,,,,,,,3,0,10,0,3,0,2,0,2,0,4,2,35.656776666666666,139.62314916666668,4,3,,,,
1,30,329,114,2,0,1,10080,0,110,2020,7,27,16,3,12,,,,,2,1,1,14,7,0,23,0,23,5,8,1,70,5,1,1,55,1,3,61,1,0,,,,,,,1,0,50,0,3,0,2,0,2,0,4,2,35.63419777777778,139.71380472222222,2,3,,,,
1,30,330,123,2,0,1,30000,0,110,2020,9,4,18,0,13,,,,,1,1,1,14,7,0,23,0,23,1,9,1,70,5,4,1,55,65,51,61,0,0,,,,,,,0,0,20,0,3,0,0,0,0,0,4,2,35.626106666666665,139.68383083333333,6,3,,,,
1,30,330,127,2,0,1,30000,0,110,2020,9,1,11,57,12,,,,,1,1,1,14,7,0,23,0,23,3,9,1,70,4,3,1,45,25,3,61,31,0,,,,,,,2,0,40,0,4,0,2,0,2,0,4,2,35.629689722222224,139.6834802777778,3,3,,,,
1,30,330,128,2,0,1,30000,0,110,2020,9,8,11,45,12,,,,,1,1,1,14,7,0,23,0,23,3,9,1,70,5,3,1,1,45,3,61,31,0,,,,,,,10,0,80,0,3,0,2,0,2,0,4,2,35.60841888888889,139.67088388888888,3,3,,,,
1,30,331,118,2,0,2,20240,0,113,2020,9,2,2,55,22,,,,,3,1,2,1,1,1,22,0,23,15,9,30,70,1,1,1,25,45,3,61,1,0,,,,,,,4,0,80,0,3,0,2,0,2,0,4,2,35.64834694444444,139.71006888888888,4,3,,,,
1,30,331,134,2,0,1,95000,0,113,2020,7,4,14,30,12,,,,,2,1,1,14,7,0,23,0,23,3,8,20,70,5,4,1,25,1,13,61,31,0,,,,,,,2,0,30,0,3,0,2,0,2,0,4,2,35.66233,139.69516361111113,7,3,,,,
1,30,331,138,2,0,1,30000,0,113,2020,9,25,2,20,22,,,,,3,1,2,1,7,9,22,0,23,14,9,30,70,4,2,1,35,55,12,61,31,0,,,,,,,5,0,70,0,3,0,2,0,2,0,4,2,35.64881472222222,139.7094586111111,6,3,,,,
1,30,331,140,2,0,2,20170,0,113,2020,9,25,9,16,12,,,,,3,1,2,1,7,1,22,0,23,11,9,30,70,5,2,1,65,25,3,61,1,0,,,,,,,2,0,10,0,3,0,2,0,2,0,4,2,35.65853861111111,139.70697666666666,6,3,,,,
1,30,331,146,2,0,1,30000,0,113,2020,7,17,17,19,12,,,,,2,1,1,14,7,0,23,0,23,3,9,1,70,5,3,1,55,35,3,61,31,0,,,,,,,5,0,10,0,4,0,2,0,2,0,4,2,35.64764972222222,139.70806055555553,6,3,,,,
1,30,332,80,2,0,1,30000,0,113,2020,9,10,14,25,12,,,,,1,1,1,14,7,0,23,0,23,3,9,1,70,4,1,1,25,65,3,61,31,0,,,,,,,2,0,40,0,3,0,2,0,2,0,4,2,35.68437944444444,139.70364694444444,5,3,,,,
1,30,332,89,2,0,1,30000,0,113,2020,9,5,18,8,21,,,,,1,1,1,14,7,0,23,0,23,2,7,1,70,4,2,1,35,25,51,61,0,0,,,,,,,0,0,10,0,3,0,0,0,0,0,4,2,35.672199166666665,139.70315888888888,7,3,,,,
1,30,332,90,2,0,1,20000,0,113,2020,9,24,19,23,22,,,,,2,1,2,1,1,1,22,0,23,18,9,30,70,5,2,1,35,55,3,61,1,0,,,,,,,10,0,10,0,3,0,2,0,2,0,4,2,35.67384416666666,139.70571999999999,5,3,,,,
1,30,332,94,2,0,1,20160,0,113,2020,9,23,11,15,12,,,,,3,1,2,7,7,0,23,0,23,1,8,1,70,5,2,1,25,25,51,61,0,0,,,,,,,0,0,10,0,3,0,0,0,0,0,4,2,35.66643777777777,139.7094736111111,4,3,,,,
1,30,333,117,2,0,1,30000,0,113,2020,9,1,17,30,13,,,,,1,1,1,14,7,0,23,0,23,3,9,1,70,5,1,1,45,35,36,61,31,0,,,,,,,10,0,10,0,3,0,0,0,0,0,4,2,35.67307888888889,139.66710555555554,3,3,,,,
1,30,333,126,2,0,1,30000,0,113,2020,9,24,19,5,22,,,,,2,1,2,14,7,0,23,0,23,1,9,1,70,5,4,1,75,55,3,61,31,0,,,,,,,5,0,10,0,3,0,2,0,2,0,4,2,35.677727777777775,139.69140166666668,5,3,,,,
1,30,435,94,2,0,1,30000,0,104,2020,9,3,9,5,12,,,,,3,1,2,1,1,9,22,0,23,14,9,30,70,4,1,1,35,35,12,61,31,0,,,,,,,1,0,23,0,4,0,2,0,2,0,4,2,35.69723694444444,139.72063055555554,5,3,,,,
1,30,435,101,2,0,1,20000,0,104,2020,9,26,13,34,12,,,,,3,1,2,14,7,0,23,0,23,5,9,1,70,1,2,1,35,35,59,61,0,0,,,,,,,0,0,10,0,3,0,0,0,0,0,4,2,35.7075125,139.7253713888889,7,3,,,,
1,30,436,171,2,0,1,30000,0,104,2020,9,2,20,10,22,,,,,2,1,1,1,7,1,21,0,23,14,9,30,70,5,2,1,55,35,3,61,1,0,,,,,,,3,0,10,0,3,0,2,0,2,0,4,2,35.696171111111106,139.70452972222222,4,3,,,,
1,30,437,79,1,1,0,30000,0,104,2020,6,22,15,25,12,,,,,3,1,2,7,7,0,23,0,23,2,8,1,70,4,3,1,55,45,3,61,31,0,,,,,,,2,0,0,0,4,0,2,0,2,0,4,1,35.71995388888889,139.67461694444444,2,3,,,,
1,30,437,80,2,0,1,30000,0,104,2020,9,2,16,10,12,,,,,2,1,2,1,8,1,21,0,23,17,9,30,70,1,2,1,55,35,4,61,31,0,,,,,,,10,0,10,0,3,0,2,0,2,0,4,2,35.72141111111112,139.69129611111111,4,3,,,,
1,30,437,85,2,0,1,30000,0,104,2020,9,9,20,13,22,,,,,1,1,1,14,7,0,23,0,23,2,7,20,70,1,2,1,35,1,35,61,31,0,,,,,,,2,0,10,0,3,0,0,0,0,0,4,2,35.71225888888889,139.70450444444444,4,3,,,,
1,30,437,86,2,0,1,30000,0,104,2020,9,11,9,53,12,,,,,1,1,1,1,1,9,22,0,23,18,8,30,1,1,2,1,1,35,51,61,0,0,,,,,,,0,0,10,0,4,0,0,0,0,0,4,2,35.70935111111111,139.70345305555554,6,3,,,,
1,30,437,88,2,0,1,20000,0,104,2020,9,19,13,10,12,,,,,2,1,1,1,7,1,22,0,23,11,9,30,70,5,1,1,45,55,3,61,31,0,,,,,,,10,0,20,0,4,0,2,0,2,0,4,2,35.708176388888894,139.7119322222222,7,3,,,,
1,30,438,83,2,0,1,95000,0,104,2020,9,21,7,50,12,,,,,1,1,1,0,7,0,23,0,23,0,0,20,70,0,4,1,65,45,17,61,31,0,,,,,,,10,0,30,0,3,0,2,0,2,0,4,2,35.68975277777778,139.72961138888888,2,1,,,,
1,30,438,85,2,0,1,10050,0,104,2020,9,26,13,3,12,,,,,3,1,2,14,7,0,23,0,23,6,7,1,70,1,1,1,25,65,14,61,31,0,,,,,,,5,0,80,0,3,0,2,0,2,0,4,2,35.691717222222216,139.70949638888888,7,3,,,,