資料区分,都道府県コード,警察署等コード,本票番号,事故内容,死者数,負傷者数,路線コード,地点コード,市区町村コード,発生日時　　年,発生日時　　月,発生日時　　日,発生日時　　時,発生日時　　分,昼夜,日の出時刻　　時,日の出時刻　　分,日の入り時刻　　時,日の入り時刻　　分,天候,地形,路面状態,道路形状,信号機,一時停止規制　標識（当事者A）,一時停止規制　表示（当事者A）,一時停止規制　標識（当事者B）,一時停止規制　表示（当事者B）,車道幅員,道路線形,衝突地点,ゾーン規制,中央分離帯施設等,歩車道区分,事故類型,年齢（当事者A）,年齢（当事者B）,当事者種別（当事者A）,当事者種別（当事者B）,用途別（当事者A）,用途別（当事者B）,車両形状等（当事者A）,車両形状等（当事者B）,オートマチック車（当事者A）,オートマチック車（当事者B）,サポカー（当事者A）,サポカー（当事者B）,速度規制（指定のみ）（当事者A）,速度規制（指定のみ）（当事者B）,車両の衝突部位（当事者A）,車両の衝突部位（当事者B）,車両の損壊程度（当事者A）,車両の損壊程度（当事者B）,エアバッグの装備（当事者A）,エアバッグの装備（当事者B）,サイドエアバッグの装備（当事者A）,サイドエアバッグの装備（当事者B）,人身損傷程度（当事者A）,人身損傷程度（当事者B）,lat,lon,曜日(発生年月日),祝日(発生年月日),認知機能検査経過日数（当事者A）,認知機能検査経過日数（当事者B）,運転練習の方法（当事者A）,運転練習の方法（当事者B）
1,30,439,192,1,1,0,30000,0,114,2020,9,6,13,50,12,,,,,2,1,1,1,7,9,22,0,23,11,5,30,70,5,4,1,25,65,51,61,0,0,,,,,,,0,0,10,0,4,0,0,0,0,0,4,1,35.69291166666666,139.66910388888888,1,3,,,,
1,30,439,199,2,0,1,30000,0,114,2020,9,11,16,5,12,,,,,1,1,1,7,1,0,23,0,23,3,9,1,70,4,2,1,25,35,3,61,31,0,,,,,,,3,0,10,0,4,0,2,0,2,0,4,2,35.709701111111116,139.67041083333334,6,3,,,,
1,30,440,243,2,0,1,30000,0,114,2020,9,18,16,45,13,,,,,1,1,1,14,7,0,23,0,23,1,9,1,70,5,4,1,75,25,13,61,31,0,,,,,,,10,0,10,0,3,0,2,0,2,0,4,2,35.719524444444446,139.66423444444445,6,3,,,,
1,30,440,247,2,0,1,30000,0,114,2020,9,15,18,43,21,,,,,3,1,1,14,7,0,23,0,23,3,9,1,70,4,2,1,25,25,51,61,0,0,,,,,,,0,0,40,0,3,0,0,0,0,0,4,2,35.72948944444445,139.66862333333333,3,3,,,,
1,30,440,255,2,0,1,30000,0,114,2020,9,30,19,3,22,,,,,1,1,1,14,7,0,23,0,23,2,9,1,70,5,4,1,35,45,3,61,31,0,,,,,,,10,0,40,0,4,0,2,0,2,0,4,2,35.718365,139.65261333333333,4,3,,,,
1,30,441,191,2,0,1,30000,0,115,2020,8,23,0,13,22,,,,,2,1,1,1,7,9,22,0,23,11,9,30,70,5,3,1,65,45,3,61,1,0,,,,,,,1,0,40,0,3,0,2,0,2,0,4,2,35.69315388888889,139.63134555555555,1,3,,,,
1,30,441,195,2,0,1,10240,0,115,2020,9,3,20,14,22,,,,,1,1,1,1,1,9,22,0,23,17,9,30,70,5,2,1,25,35,31,61,31,0,,,,,,,5,0,14,0,2,0,0,0,0,0,4,2,35.6977425,139.64757138888888,5,3,,,,
1,30,441,209,2,0,1,10260,0,115,2020,9,26,14,50,12,,,,,3,1,2,14,7,0,23,0,23,3,8,1,70,4,1,1,45,75,36,61,31,0,,,,,,,2,0,10,0,3,0,0,0,0,0,4,2,35.691801388888884,139.63444833333332,7,3,,,,
1,30,442,189,2,0,1,30000,0,115,2020,9,9,9,30,12,,,,,1,1,1,14,7,0,23,0,23,4,9,1,70,4,2,1,35,65,14,61,1,0,,,,,,,10,0,30,0,3,0,2,0,2,0,4,2,35.684509444444444,139.61589666666666,4,3,,,,
1,30,442,190,2,0,1,20270,0,115,2020,9,12,14,27,12,,,,,3,1,2,7,7,0,23,0,23,2,9,1,70,4,2,1,45,75,3,61,31,0,,,,,,,3,0,23,0,3,0,2,0,2,0,4,2,35.69392,139.60218972222222,7,3,,,,
1,30,442,194,2,0,1,30000,0,115,2020,9,5,17,10,13,,,,,1,1,1,7,7,0,23,0,23,3,9,1,70,4,3,1,25,35,3,61,31,0,,,,,,,1,0,40,0,4,0,2,0,2,0,4,2,35.67954666666667,139.62894166666666,7,3,,,,
1,30,442,196,2,0,1,30000,0,115,2020,9,17,8,10,12,,,,,1,1,1,1,7,9,22,0,23,11,8,20,70,5,3,1,65,35,3,61,31,0,,,,,,,1,0,80,0,4,0,2,0,2,0,4,2,35.68881555555555,139.60010916666667,5,3,,,,
1,30,442,204,2,0,1,20000,0,115,2020,9,28,17,21,13,,,,,1,1,1,14,7,0,23,0,23,2,9,1,70,5,3,1,45,1,4,61,31,0,,,,,,,1,0,23,0,3,0,2,0,2,0,4,2,35.69812388888889,139.5985513888889,2,3,,,,
1,30,442,206,2,0,1,30000,0,115,2020,8,31,14,40,12,,,,,1,1,1,14,7,0,23,0,23,3,9,20,70,5,3,1,35,35,4,61,31,0,,,,,,,1,0,40,0,3,0,2,0,2,0,4,2,35.682365,139.62934333333334,2,3,,,,
1,30,443,161,2,0,1,30000,0,115,2020,9,13,21,15,22,,,,,2,1,1,14,7,0,23,0,23,3,9,1,70,5,2,1,65,45,3,61,1,0,,,,,,,5,0,30,0,4,0,2,0,2,0,4,2,35.70417333333334,139.6185125,1,3,,,,
1,30,443,169,2,0,1,10200,0,115,2020,9,30,11,10,12,,,,,1,1,1,1,1,9,22,0,23,17,9,30,70,1,1,1,55,55,12,61,1,0,,,,,,,5,0,10,0,3,0,2,0,2,0,4,2,35.70283527777778,139.61647305555556,4,3,,,,
1,30,545,56,2,0,1,20000,0,105,2020,9,10,17,15,13,,,,,1,1,1,14,7,0,23,0,23,5,9,1,70,1,1,1,25,55,51,61,0,0,,,,,,,0,0,10,0,3,0,0,0,0,0,4,2,35.706897222222224,139.7489461111111,5,3,,,,
1,30,545,58,2,0,1,30000,0,105,2020,9,23,14,10,12,,,,,3,1,2,14,7,0,23,0,23,2,9,1,70,5,3,1,45,1,14,61,31,0,,,,,,,2,0,80,0,4,0,2,0,2,0,4,2,35.70877111111111,139.75122916666666,4,3,,,,
1,30,546,70,2,0,1,2540,25,105,2020,9,4,6,55,12,,,,,1,1,1,14,1,0,23,0,23,6,9,1,70,1,1,1,1,35,51,61,0,0,,,,,,,0,0,40,0,4,0,0,0,0,0,4,2,35.716750833333336,139.73821944444444,6,3,,,,
1,30,546,71,2,0,1,30000,0,105,2020,9,4,20,40,22,,,,,1,1,1,1,7,1,21,0,23,14,9,30,70,5,4,1,55,55,14,61,1,0,,,,,,,1,0,50,0,3,0,2,0,2,0,4,2,35.715341388888895,139.73838055555555,6,3,,,,
1,30,546,74,2,0,1,30000,0,105,2020,9,10,7,51,12,,,,,1,1,1,1,7,9,22,0,23,11,9,30,70,5,2,1,65,1,3,61,31,0,,,,,,,2,0,20,0,3,0,2,0,2,0,4,2,35.71339777777778,139.73309305555557,5,3,,,,
1,30,546,75,2,0,1,10010,0,105,2020,9,17,17,39,13,,,,,1,1,1,1,1,9,22,0,23,19,9,30,70,4,1,1,1,45,51,61,0,0,,,,,,,0,0,10,0,3,0,0,0,0,0,4,2,35.71219305555556,139.73069583333333,5,3,,,,
1,30,548,49,2,0,1,20400,0,105,2020,9,4,16,2,12,,,,,1,1,1,7,1,0,23,0,23,5,9,1,70,4,2,1,1,65,51,61,0,0,,,,,,,0,0,40,0,3,0,0,0,0,0,4,2,35.730890555555554,139.75049388888888,6,3,,,,
1,30,549,84,2,0,1,20000,0,116,2020,9,7,15,24,12,,,,,2,1,1,14,7,0,23,0,23,4,9,1,70,4,1,1,1,65,51,61,0,0,,,,,,,0,0,10,0,4,0,0,0,0,0,4,2,35.729353055555556,139.73133333333334,2,3,,,,
1,30,549,87,2,0,1,20400,0,116,2020,9,10,14,45,12,,,,,2,1,1,12,5,0,23,0,23,5,9,1,70,4,2,1,45,55,51,61,0,0,,,,,,,0,0,10,0,3,0,0,0,0,0,4,2,35.736087777777776,139.74659777777777,5,3,,,,
1,30,549,89,2,0,1,30000,0,116,2020,9,18,21,0,22,,,,,1,1,1,14,7,0,23,0,23,2,9,1,70,5,3,1,1,75,51,61,0,0,,,,,,,0,0,10,0,4,0,0,0,0,0,4,2,35.73450305555556,139.72585,6,3,,,,
1,30,549,90,2,0,1,30000,0,116,2020,9,19,16,56,13,,,,,1,1,1,1,7,1,21,0,23,14,9,30,70,5,3,1,55,65,3,61,31,0,,,,,,,10,0,10,0,3,0,2,0,2,0,4,2,35.733717222222225,139.7274627777778,7,3,,,,
1,30,549,92,2,0,1,30000,0,116,2020,9,16,18,30,21,,,,,1,1,1,14,7,0,23,0,23,1,7,1,70,5,3,1,25,45,3,61,31,0,,,,,,,10,0,70,0,3,0,2,0,2,0,4,2,35.732435,139.73837305555554,4,3,,,,
1,30,550,109,2,0,1,90000,0,116,2020,9,5,7,48,12,,,,,1,1,1,0,7,0,23,0,23,0,0,20,70,0,2,1,55,75,3,61,31,0,,,,,,,1,0,80,0,3,0,2,0,2,0,4,2,35.73378972222223,139.70888916666667,7,3,,,,
1,30,550,111,2,0,1,30000,0,116,2020,9,2,0,0,22,,,,,2,1,1,14,7,0,23,0,23,1,9,1,70,5,4,1,35,35,3,61,31,0,,,,,,,10,0,40,0,4,0,2,0,2,0,4,2,35.737388333333335,139.71479944444442,4,3,,,,
1,30,550,114,2,0,1,30000,0,116,2020,9,25,20,55,22,,,,,2,1,2,1,1,9,22,0,23,15,9,30,70,4,1,1,45,45,17,61,31,0,,,,,,,3,0,10,0,4,0,2,0,2,0,4,2,35.73082472222222,139.7183897222222,6,3,,,,
1,30,551,120,2,0,1,10090,0,116,2020,9,2,17,15,13,,,,,2,1,2,14,7,0,23,0,23,5,8,1,70,1,2,1,1,65,17,61,31,0,,,,,,,4,0,10,0,3,0,2,0,2,0,4,2,35.717439444444445,139.71284749999998,4,3,,,,
1,30,551,122,2,0,1,30000,0,116,2020,9,4,7,50,12,,,,,1,1,1,14,7,0,23,0,23,3,9,1,70,5,3,1,35,25,14,61,31,0,,,,,,,10,0,40,0,4,0,2,0,2,0,4,2,35.72499777777778,139.70971916666664,6,3,,,,
1,30,552,120,2,0,1,20400,0,117,2020,9,8,17,25,13,,,,,1,1,1,14,7,0,23,0,23,2,9,1,70,5,2,1,75,25,52,61,0,0,,,,,,,0,0,10,0,3,0,0,0,0,0,4,2,35.744213333333335,139.74497944444443,3,3,,,,
1,30,552,121,2,0,1,30000,0,117,2020,9,11,8,15,12,,,,,1,1,1,14,7,0,23,0,23,3,9,1,70,4,2,1,45,55,35,61,31,0,,,,,,,2,0,10,0,3,0,0,0,0,0,4,2,35.75079138888889,139.7299052777778,6,3,,,,
1,30,552,131,2,0,1,30000,0,117,2020,9,23,7,10,12,,,,,1,1,1,14,7,0,23,0,23,4,9,1,70,5,3,1,45,25,51,61,0,0,,,,,,,0,0,10,0,3,0,0,0,0,0,4,2,35.74360027777778,139.72469694444445,4,3,,,,
1,30,554,104,2,0,1,30000,0,117,2020,9,5,13,20,12,,,,,1,1,1,14,7,0,23,0,23,3,9,1,70,4,2,1,65,75,51,61,0,0,,,,,,,0,0,10,0,4,0,0,0,0,0,4,2,35.779020833333334,139.71358333333333,7,3,,,,
1,30,554,107,2,0,1,10200,0,117,2020,9,10,17,40,13,,,,,1,1,1,14,1,0,23,0,23,3,9,1,70,1,1,1,55,35,35,61,31,0,,,,,,,10,0,10,0,3,0,0,0,0,0,4,2,35.78555055555555,139.7083847222222,5,3,,,,
1,30,554,112,2,0,1,30000,0,117,2020,9,24,6,23,11,,,,,3,1,2,13,7,0,23,0,23,4,2,1,70,5,4,1,55,35,51,61,0,0,,,,,,,0,0,10,0,3,0,0,0,0,0,4,2,35.77488666666667,139.72041583333333,5,3,,,,
1,30,554,113,2,0,1,30000,0,117,2020,9,13,15,50,12,,,,,2,1,1,14,7,0,23,0,23,3,9,1,70,5,1,1,1,35,51,61,0,0,,,,,,,0,0,10,0,4,0,0,0,0,0,4,2,35.77788416666667,139.7186188888889,1,3,,,,
1,30,555,236,2,0,1,30000,0,119,2020,9,8,9,5,12,,,,,1,1,1,14,7,0,23,0,23,2,9,1,70,4,3,1,25,35,3,61,31,0,,,,,,,2,0,40,0,4,0,2,0,2,0,4,2,35.76113138888889,139.69191805555556,3,3,,,,
1,30,555,249,2,0,1,30000,0,119,2020,9,25,8,55,12,,,,,3,1,2,1,7,1,21,0,23,15,9,30,70,5,3,1,75,45,13,61,31,0,,,,,,,10,0,10,0,3,0,2,0,2,0,4,2,35.764969444444446,139.6779586111111,6,3,,,,
1,30,556,188,1,1,1,30000,0,119,2020,9,29,15,30,12,,,,,1,1,1,14,7,0,23,0,23,3,9,1,70,5,3,1,35,35,17,61,1,0,,,,,,,3,0,10,0,1,0,1,0,2,0,2,1,35.79582972222222,139.6832963888889,3,3,,,,
1,30,556,189,2,0,1,30000,0,119,2020,8,3,10,30,12,,,,,1,1,1,1,1,9,22,0,23,14,9,30,70,5,1,1,35,65,14,61,31,0,,,,,,,5,0,10,0,3,0,2,0,2,0,4,2,35.769935,139.67611722222222,2,3,,,,
1,30,556,190,2,0,1,30000,0,119,2020,8,18,16,5,12,,,,,1,1,1,14,7,0,23,0,23,3,9,1,70,5,3,1,25,1,3,61,31,0,,,,,,,1,0,10,0,3,0,2,0,2,0,4,2,35.76329055555556,139.69839361111113,3,3,,,,
1,30,556,198,2,0,1,30000,0,119,2020,9,10,8,20,12,,,,,1,1,1,1,7,9,22,0,23,14,9,30,70,4,2,1,55,35,14,61,31,0,,,,,,,2,0,30,0,3,0,2,0,2,0,4,2,35.78042277777778,139.6786997222222,5,3,,,,
1,30,556,209,2,0,1,30000,0,119,2020,9,19,18,0,21,,,,,2,1,1,1,7,3,22,0,23,11,9,30,70,5,2,1,25,35,3,61,31,0,,,,,,,5,0,40,0,3,0,2,0,2,0,4,2,35.77630527777778,139.69499027777778,7,3,,,,
1,30,557,186,2,0,1,30000,0,120,2020,6,16,15,50,12,,,,,1,1,1,7,7,0,23,0,23,2,7,1,70,5,3,1,75,75,51,61,0,0,,,,,,,0,0,10,0,3,0,0,0,0,0,4,2,35.742495,139.66863166666667,3,3,,,,
1,30,557,190,2,0,1,30000,0,120,2020,9,1,12,10,12,,,,,2,1,1,14,7,0,23,0,23,4,9,20,70,5,2,1,75,75,3,61,1,0,,,,,,,10,0,30,0,3,0,2,0,1,0,4,2,35.7381125,139.6538563888889,3,3,,,,
1,30,557,191,2,0,1,30000,0,120,2020,8,1,20,25,22,,,,,1,1,1,14,7,0,23,0,23,3,9,1,70,5,4,1,25,45,51,61,0,0,,,,,,,0,0,10,0,4,0,0,0,0,0,4,2,35.73930583333333,139.65590111111112,7,3,,,,
1,30,557,197,2,0,1,30000,0,120,2020,9,11,17,5,13,,,,,1,1,1,14,7,0,23,0,23,3,9,1,70,4,2,1,45,1,3,61,31,0,,,,,,,10,0,10,0,3,0,2,0,2,0,4,2,35.73329277777778,139.64459722222222,6,3,,,,
1,30,557,204,2,0,1,30000,0,120,2020,9,27,18,30,21,,,,,3,1,2,7,1,0,23,0,23,3,9,1,70,4,2,1,65,25,14,61,31,0,,,,,,,5,0,10,0,3,0,2,0,2,0,4,2,35.73460361111111,139.64746666666665,1,3,,,,
1,30,558,249,2,0,1,30000,0,120,2020,9,4,14,20,12,,,,,1,1,1,1,1,9,22,0,23,15,9,30,70,5,3,1,55,55,13,61,31,0,,,,,,,3,0,10,0,3,0,2,0,2,0,4,2,35.749876111111114,139.57320194444443,6,3,,,,
1,30,558,252,2,0,1,30000,0,120,2020,9,8,11,45,12,,,,,1,1,1,14,7,0,23,0,23,3,9,1,70,5,3,1,55,35,3,61,31,0,,,,,,,10,0,10,0,4,0,2,0,2,0,4,2,35.73466694444445,139.6093038888889,3,3,,,,
1,30,558,255,2,0,1,30000,0,120,2020,9,7,20,55,22,,,,,1,1,1,14,7,0,23,0,23,2,9,1,70,5,3,1,55,55,3,61,31,0,,,,,,,2,0,40,0,4,0,2,0,2,0,4,2,35.773179444444445,139.59453166666668,2,3,,,,
1,30,558,256,2,0,1,30000,0,120,2020,9,12,11,50,12,,,,,3,1,2,7,7,0,23,0,23,1,9,1,70,5,2,1,65,75,3,61,31,0,,,,,,,1,0,10,0,4,0,2,0,2,0,4,2,35.743817222222226,139.6071063888889,7,3,,,,
1,30,558,267,2,0,1,30000,0,120,2020,9,4,15,0,12,,,,,1,1,1,1,7,9,22,0,23,14,9,30,70,5,1,1,75,1,3,61,31,0,,,,,,,2,0,10,0,3,0,2,0,2,0,4,2,35.76696944444444,139.60791666666665,6,3,,,,
1,30,558,268,2,0,1,95000,0,120,2020,9,24,8,6,12,,,,,2,1,1,14,7,0,23,0,23,2,9,1,70,5,3,1,45,35,3,61,1,0,,,,,,,2,0,80,0,4,0,2,0,2,0,4,2,35.72716694444445,139.59141833333334,5,3,,,,
1,30,558,272,2,0,1,30000,0,120,2020,9,29,10,18,12,,,,,2,1,1,1,7,9,22,0,23,15,9,30,70,5,3,1,55,75,17,61,1,0,,,,,,,2,0,20,0,4,0,2,0,2,0,4,2,35.73117388888889,139.5822125,3,3,,,,
1,30,559,129,2,0,1,30930,0,119,2020,9,8,12,0,12,,,,,1,1,1,1,1,9,22,0,23,18,9,30,70,4,2,1,65,65,2,61,31,0,,,,,,,3,0,10,0,4,0,2,0,2,0,4,2,35.79149972222222,139.65548527777779,3,3,,,,
1,30,559,131,2,0,1,99000,0,119,2020,9,4,18,40,21,,,,,3,1,2,0,7,0,23,0,23,0,0,20,70,0,4,1,65,55,17,61,31,0,,,,,,,10,0,30,0,4,0,2,0,2,0,4,2,35.78602361111111,139.66711666666666,6,3,,,,
1,30,559,142,2,0,1,30000,0,119,2020,9,22,20,5,22,,,,,3,1,2,1,1,9,22,0,23,18,9,30,70,4,1,1,35,65,51,61,0,0,,,,,,,0,0,10,0,3,0,0,0,0,0,4,2,35.77643277777778,139.6548838888889,3,1,,,,
1,30,559,145,2,0,1,2540,140,119,2020,9,24,17,50,21,,,,,3,1,2,1,1,9,22,0,23,11,9,30,70,1,2,1,65,75,3,61,31,0,,,,,,,5,0,15,0,3,0,2,0,2,0,4,2,35.77386138888889,139.63550694444444,5,3,,,,
1,30,559,149,2,0,1,30000,0,119,2020,9,17,11,35,12,,,,,1,1,1,14,7,0,23,0,23,1,9,1,70,5,3,1,1,1,35,61,31,0,,,,,,,5,0,40,0,3,0,0,0,0,0,4,2,35.76886555555556,139.6610491666667,5,3,,,,
1,30,560,205,2,0,1,30000,0,120,2020,9,2,7,35,12,,,,,1,1,1,1,1,9,22,0,23,15,9,30,70,4,1,1,45,55,51,61,0,0,,,,,,,0,0,10,0,4,0,0,0,0,0,4,2,35.75380138888889,139.62688888888889,4,3,,,,
1,30,560,211,2,0,1,30000,0,120,2020,8,29,13,0,12,,,,,1,1,1,14,7,0,23,0,23,3,9,1,70,5,3,1,45,45,3,61,31,0,,,,,,,2,0,10,0,4,0,2,0,2,0,4,2,35.75644277777778,139.63701,7,3,,,,
1,30,560,220,2,0,1,30000,0,120,2020,9,25,13,15,12,,,,,3,1,2,1,7,1,21,0,23,15,9,30,70,5,1,1,75,75,3,61,31,0,,,,,,,2,0,10,0,3,0,2,0,2,0,4,2,35.759638611111114,139.6304,6,3,,,,
1,30,560,223,2,0,1,30000,0,120,2020,9,30,13,52,12,,,,,1,1,1,1,1,9,22,0,23,14,9,30,70,5,2,1,45,75,3,61,31,0,,,,,,,3,0,50,0,3,0,2,0,2,0,4,2,35.77238722222222,139.62466194444445,4,3,,,,
1,30,660,132,2,0,1,30000,0,106,2020,9,13,19,4,22,,,,,1,1,1,14,7,0,23,0,23,2,9,1,70,5,1,1,45,55,13,61,31,0,,,,,,,10,0,10,0,3,0,2,0,2,0,4,2,35.70668944444445,139.77441055555556,1,3,,,,
1,30,661,57,2,0,1,30000,0,106,2020,8,14,16,30,12,,,,,1,1,1,1,1,9,22,0,23,14,9,30,70,4,2,1,25,55,51,61,0,0,,,,,,,0,0,10,0,3,0,0,0,0,0,4,2,35.72159722222222,139.78394555555556,6,3,,,,
1,30,662,76,2,0,1,20560,0,106,2020,9,20,19,50,22,,,,,1,1,1,1,1,9,22,0,23,18,9,30,70,1,1,1,55,65,3,61,31,0,,,,,,,4,0,80,0,3,0,2,0,2,0,4,2,35.712468333333334,139.7922686111111,1,2,,,,
1,30,662,78,2,0,1,30000,0,106,2020,9,25,16,40,13,,,,,3,1,2,14,7,0,23,0,23,3,9,1,70,5,3,1,25,65,14,61,31,0,,,,,,,10,0,30,0,3,0,2,0,2,0,4,2,35.719680000000004,139.80432583333334,6,3,,,,
1,30,663,63,2,0,1,20390,0,106,2020,9,13,8,50,12,,,,,2,1,1,7,7,0,23,0,23,1,9,1,70,5,2,1,25,55,51,61,0,0,,,,,,,0,0,10,0,4,0,0,0,0,0,4,2,35.70677583333334,139.7835111111111,1,3,,,,
1,30,663,66,2,0,1,60,0,106,2020,9,27,18,13,21,,,,,2,1,1,1,1,9,22,0,23,19,9,30,70,5,2,1,1,1,3,61,31,0,,,,,,,4,0,10,0,3,0,2,0,2,0,4,2,35.700159722222224,139.78805499999999,1,3,,,,
1,30,663,70,2,0,1,20000,0,106,2020,9,30,16,30,13,,,,,1,1,1,1,7,9,22,0,23,14,9,20,70,4,2,1,55,35,3,61,31,0,,,,,,,2,0,40,0,3,0,2,0,2,0,4,2,35.708174722222225,139.7849975,4,3,,,,
1,30,664,53,2,0,1,30000,0,118,2020,9,3,15,30,12,,,,,1,1,1,14,7,0,23,0,23,2,9,1,1,5,4,1,1,1,14,61,31,0,,,,,,,10,0,30,0,3,0,2,0,2,0,4,2,35.746610833333335,139.7648538888889,5,3,,,,
1,30,664,56,2,0,1,30000,0,118,2020,9,9,14,34,12,,,,,1,1,1,14,7,0,23,0,23,2,9,1,70,5,4,1,65,1,35,61,31,0,,,,,,,2,0,20,0,3,0,0,0,0,0,4,2,35.75055,139.7803738888889,4,3,,,,
1,30,664,60,2,0,1,30000,0,118,2020,9,17,17,30,13,,,,,1,1,1,7,7,0,23,0,23,2,9,1,70,5,2,1,25,55,51,61,0,0,,,,,,,0,0,10,0,4,0,0,0,0,0,4,2,35.75159638888889,139.7782827777778,5,3,,,,
1,30,665,63,2,0,1,20550,0,118,2020,9,18,7,0,12,,,,,2,1,1,7,7,0,23,0,23,4,9,1,70,4,1,1,45,0,61,0,0,0,,,,,,,0,0,0,0,0,0,0,0,0,0,2,0,35.73605722222222,139.79697222222222,6,3,,,,
1,30,667,99,2,0,2,95000,0,121,2020,9,4,20,40,22,,,,,2,1,2,1,7,9,22,0,23,11,9,20,1,5,4,1,35,25,35,61,31,0,,,,,,,2,0,20,0,3,0,0,0,0,0,2,2,35.75667388888889,139.79213555555555,6,3,,,,
1,30,667,100,2,0,2,20670,0,121,2020,9,5,21,26,22,,,,,3,1,2,1,1,9,22,0,23,15,3,30,70,5,1,1,25,25,3,61,1,0,,,,,,,3,0,50,0,4,0,2,0,2,0,4,2,35.75568083333334,139.79010722222222,7,3,,,,
1,30,667,102,2,0,1,20670,0,121,2020,9,7,21,55,22,,,,,1,1,1,1,1,9,22,0,23,15,9,30,70,5,4,1,35,75,3,61,31,0,,,,,,,3,0,10,0,3,0,2,0,2,0,4,2,35.746359444444444,139.79452583333332,2,3,,,,
1,30,667,108,2,0,1,30000,0,121,2020,9,22,18,25,21,,,,,2,1,1,14,7,0,23,0,23,3,9,1,70,4,3,1,55,1,4,61,31,0,,,,,,,2,0,10,0,3,0,2,0,1,0,4,2,35.75588861111111,139.7986613888889,3,1,,,,
1,30,668,273,2,0,1,10130,0,121,2020,9,1,21,58,22,,,,,3,1,2,7,1,0,23,0,23,6,9,1,70,1,1,1,25,45,3,61,31,0,,,,,,,4,0,50,0,3,0,2,0,2,0,4,2,35.77814083333333,139.7787988888889,3,3,,,,
1,30,668,282,2,0,1,30000,0,121,2020,9,9,9,43,12,,,,,1,1,1,1,7,1,21,0,23,11,9,30,70,5,4,1,1,75,14,61,31,0,,,,,,,5,0,30,0,4,0,2,0,2,0,4,2,35.78008833333333,139.74800138888887,4,3,,,,
1,30,668,304,2,0,1,30800,0,121,2020,1,6,11,6,12,,,,,1,1,1,1,1,9,22,0,23,15,9,30,70,5,2,1,55,75,36,61,31,0,,,,,,,10,0,10,0,4,0,0,0,0,0,4,2,35.78339611111111,139.75628083333334,2,3,,,,
1,30,668,307,2,0,1,30000,0,121,2020,9,24,19,45,22,,,,,3,1,2,14,7,0,23,0,23,1,9,1,70,5,2,1,45,35,3,61,31,0,,,,,,,10,0,30,0,3,0,2,0,2,0,4,2,35.78353111111111,139.7555875,5,3,,,,
1,30,669,373,2,0,1,30000,0,121,2020,9,2,19,55,22,,,,,2,1,1,1,1,9,22,0,23,15,9,30,70,4,2,1,25,55,3,61,31,0,,,,,,,2,0,10,0,3,0,2,0,2,0,4,2,35.77007527777778,139.8433288888889,4,3,,,,
1,30,669,374,2,0,1,30000,0,121,2020,9,3,13,0,12,,,,,1,1,1,1,7,1,22,0,23,14,9,30,70,5,3,1,65,65,3,61,31,0,,,,,,,2,0,20,0,3,0,2,0,2,0,4,2,35.799033611111106,139.8392527777778,5,3,,,,
1,30,669,398,2,0,1,30000,0,121,2020,9,23,16,40,13,,,,,2,1,1,14,7,0,23,0,23,3,9,1,70,4,3,1,25,55,14,61,1,0,,,,,,,2,0,80,0,3,0,2,0,2,0,4,2,35.77353361111111,139.8080441666667,4,3,,,,
1,30,669,404,2,0,1,40,120,121,2020,9,26,19,0,22,,,,,2,1,2,14,7,0,23,0,23,5,9,1,70,1,2,1,1,35,51,61,0,0,,,,,,,0,0,40,0,3,0,0,0,0,0,4,2,35.78436305555555,139.80309583333334,7,3,,,,
1,30,669,407,2,0,1,30000,0,121,2020,9,27,17,40,21,,,,,2,1,2,14,7,0,23,0,23,2,9,1,70,5,4,1,25,55,51,61,0,0,,,,,,,0,0,10,0,3,0,0,0,0,0,4,2,35.76387694444445,139.8128411111111,1,3,,,,
1,30,669,409,2,0,1,30000,0,121,2020,9,26,6,40,12,,,,,1,1,1,1,7,0,23,0,23,11,9,20,70,5,2,1,25,0,61,0,0,0,,,,,,,0,0,0,0,0,0,0,0,0,0,2,0,35.77795777777778,139.8323888888889,7,3,,,,
1,30,669,410,2,0,2,30450,0,121,2020,9,28,16,20,12,,,,,1,1,1,1,7,9,22,0,23,14,9,30,70,5,2,1,65,35,3,61,31,0,,,,,,,10,0,11,0,4,0,2,0,2,0,4,2,35.789674444444444,139.84126500000002,2,3,,,,
1,30,670,152,2,0,1,30000,0,121,2020,8,13,10,20,12,,,,,1,1,1,14,7,0,23,0,23,2,9,1,70,4,3,1,35,45,36,61,31,0,,,,,,,1,0,10,0,3,0,0,0,0,0,4,2,35.79362083333333,139.79035444444443,5,3,,,,
1,30,670,153,2,0,1,20620,0,121,2020,8,20,17,40,13,,,,,1,1,1,1,1,9,22,0,23,11,9,30,70,4,1,1,35,75,3,61,31,0,,,,,,,2,0,10,0,3,0,2,0,2,0,4,2,35.80102833333333,139.79760916666666,5,3,,,,
1,30,670,160,2,0,1,30000,0,121,2020,9,9,22,24,22,,,,,3,1,2,1,1,9,22,0,23,15,9,30,70,4,2,1,45,45,3,61,31,0,,,,,,,3,0,10,0,3,0,2,0,2,0,4,2,35.78966138888889,139.8106688888889,4,3,,,,
1,30,771,239,2,0,1,20000,0,108,2020,9,10,14,10,12,,,,,1,1,1,14,7,0,23,0,23,3,9,1,70,4,2,1,65,55,3,61,31,0,,,,,,,3,0,40,0,3,0,2,0,2,0,4,2,35.67086638888889,139.8111163888889,5,3,,,,