資料区分,都道府県コード,警察署等コード,本票番号,事故内容,死者数,負傷者数,路線コード,地点コード,市区町村コード,発生日時　　年,発生日時　　月,発生日時　　日,発生日時　　時,発生日時　　分,昼夜,日の出時刻　　時,日の出時刻　　分,日の入り時刻　　時,日の入り時刻　　分,天候,地形,路面状態,道路形状,信号機,一時停止規制　標識（当事者A）,一時停止規制　表示（当事者A）,一時停止規制　標識（当事者B）,一時停止規制　表示（当事者B）,車道幅員,道路線形,衝突地点,ゾーン規制,中央分離帯施設等,歩車道区分,事故類型,年齢（当事者A）,年齢（当事者B）,当事者種別（当事者A）,当事者種別（当事者B）,用途別（当事者A）,用途別（当事者B）,車両形状等（当事者A）,車両形状等（当事者B）,オートマチック車（当事者A）,オートマチック車（当事者B）,サポカー（当事者A）,サポカー（当事者B）,速度規制（指定のみ）（当事者A）,速度規制（指定のみ）（当事者B）,車両の衝突部位（当事者A）,車両の衝突部位（当事者B）,車両の損壊程度（当事者A）,車両の損壊程度（当事者B）,エアバッグの装備（当事者A）,エアバッグの装備（当事者B）,サイドエアバッグの装備（当事者A）,サイドエアバッグの装備（当事者B）,人身損傷程度（当事者A）,人身損傷程度（当事者B）,lat,lon,曜日(発生年月日),祝日(発生年月日),認知機能検査経過日数（当事者A）,認知機能検査経過日数（当事者B）,運転練習の方法（当事者A）,運転練習の方法（当事者B）
1,30,771,247,2,0,1,30000,0,108,2020,9,30,13,20,12,,,,,1,1,1,1,1,9,22,0,23,11,9,30,70,4,2,1,45,25,3,61,1,0,,,,,,,2,0,10,0,4,0,2,0,2,0,4,2,35.67643277777778,139.81466500000002,4,3,,,,
1,30,772,163,2,0,1,10090,0,108,2020,9,14,21,15,22,,,,,3,1,2,1,1,9,22,0,23,19,9,30,70,1,2,1,55,45,3,61,31,0,,,,,,,4,0,10,0,3,0,2,0,2,0,4,2,35.658029444444445,139.82397472222223,2,3,,,,
1,30,772,166,2,0,1,10720,0,108,2020,9,20,16,25,12,,,,,1,1,1,14,7,0,23,0,23,1,9,1,70,5,1,1,1,65,51,61,0,0,,,,,,,0,0,40,0,4,0,0,0,0,0,4,2,35.66573277777778,139.84182583333333,1,2,,,,
1,30,772,170,2,0,1,10090,0,108,2020,9,26,17,52,21,,,,,2,1,2,7,1,0,23,0,23,5,9,1,70,4,2,1,25,75,36,61,31,0,,,,,,,10,0,10,0,3,0,0,0,0,0,4,2,35.67152472222222,139.82608666666667,7,3,,,,
1,30,772,174,2,0,1,99000,0,108,2020,9,29,16,54,13,,,,,2,1,1,0,7,0,23,0,23,0,0,20,70,0,4,1,35,75,13,61,31,0,,,,,,,10,0,10,0,3,0,2,0,2,0,4,2,35.69047166666666,139.83403583333333,3,3,,,,
1,30,773,130,2,0,1,30000,0,107,2020,9,2,12,2,12,,,,,2,1,1,14,7,0,23,0,23,4,9,1,70,4,2,1,35,55,51,61,0,0,,,,,,,0,0,20,0,4,0,0,0,0,0,4,2,35.709404722222224,139.8001002777778,4,3,,,,
1,30,773,151,2,0,1,30000,0,107,2020,8,18,0,37,22,,,,,1,1,1,1,1,9,22,0,23,15,9,30,70,5,2,1,55,25,3,61,31,0,,,,,,,10,0,80,0,4,0,2,0,2,0,4,2,35.69111805555555,139.7920288888889,3,3,,,,
1,30,774,103,2,0,1,30000,0,107,2020,9,7,19,7,22,,,,,2,1,2,14,7,0,23,0,23,1,9,20,70,5,3,1,45,25,35,61,31,0,,,,,,,10,0,20,0,3,0,0,0,0,0,4,2,35.72622472222223,139.82601722222222,2,3,,,,
1,30,774,117,2,0,1,30000,0,107,2020,9,23,14,58,12,,,,,3,1,1,7,7,0,23,0,23,2,9,1,70,5,3,1,25,1,3,61,31,0,,,,,,,2,0,50,0,3,0,2,0,2,0,4,2,35.73370666666667,139.81807083333334,4,3,,,,
1,30,775,177,2,0,1,30000,0,122,2020,9,20,15,30,12,,,,,1,1,1,1,1,9,22,0,23,14,9,30,70,4,2,1,35,75,3,61,31,0,,,,,,,5,0,50,0,4,0,2,0,2,0,4,2,35.77087972222222,139.86718333333334,1,2,,,,
1,30,775,182,2,0,1,30000,0,122,2020,9,28,9,35,12,,,,,1,1,1,14,7,0,23,0,23,3,9,1,70,4,2,1,35,65,4,61,31,0,,,,,,,3,0,10,0,2,0,2,0,2,0,4,2,35.78420944444444,139.8546513888889,2,3,,,,
1,30,776,134,2,0,1,21080,0,122,2020,8,24,20,18,22,,,,,1,1,1,14,7,0,23,0,23,1,9,1,70,4,4,1,55,0,61,0,0,0,,,,,,,0,0,0,0,0,0,0,0,0,0,2,0,35.72331666666667,139.8441486111111,2,3,,,,
1,30,776,144,2,0,1,30000,0,122,2020,9,12,15,20,12,,,,,3,1,2,14,7,0,23,0,23,2,9,1,1,5,3,1,55,45,3,61,31,0,,,,,,,2,0,20,0,3,0,2,0,2,0,4,2,35.73788166666667,139.83903305555557,7,3,,,,
1,30,776,148,2,0,1,30000,0,122,2020,9,18,8,25,12,,,,,1,1,1,7,7,0,23,0,23,3,9,1,1,5,3,1,45,45,51,61,0,0,,,,,,,0,0,10,0,3,0,0,0,0,0,4,2,35.72403388888889,139.86132055555555,6,3,,,,
1,30,776,156,2,0,1,30000,0,122,2020,9,30,18,0,21,,,,,1,1,1,1,7,9,22,0,23,15,9,30,70,5,3,1,35,1,3,61,31,0,,,,,,,3,0,10,0,3,0,2,0,2,0,4,2,35.741414166666665,139.87123055555557,4,3,,,,
1,30,777,539,2,0,1,30000,0,123,2020,9,7,9,44,12,,,,,2,1,1,14,7,0,23,0,23,2,9,1,70,5,2,1,25,55,51,61,0,0,,,,,,,0,0,10,0,3,0,0,0,0,0,4,2,35.70395444444445,139.84616250000002,2,3,,,,
1,30,777,550,2,0,1,99000,0,123,2020,9,10,13,30,12,,,,,1,1,1,0,7,0,23,0,23,0,0,20,70,0,4,1,1,55,14,61,31,0,,,,,,,10,0,30,0,3,0,2,0,2,0,4,2,35.70171361111112,139.90954638888888,5,3,,,,
1,30,777,559,2,0,1,30000,0,123,2020,9,12,11,30,12,,,,,3,1,2,1,7,9,22,0,23,11,9,30,70,5,2,1,65,25,12,61,31,0,,,,,,,10,0,10,0,3,0,2,0,2,0,4,2,35.687686388888885,139.8764288888889,7,3,,,,
1,30,777,564,2,0,1,30000,0,123,2020,9,15,18,50,22,,,,,2,1,1,14,7,0,23,0,23,2,9,1,70,5,2,1,1,45,51,61,0,0,,,,,,,0,0,10,0,3,0,0,0,0,0,4,2,35.70040277777778,139.90294861111113,3,3,,,,
1,30,777,568,2,0,1,30000,0,123,2020,9,16,14,30,12,,,,,2,1,1,14,7,0,23,0,23,1,9,1,70,5,2,1,55,75,51,61,0,0,,,,,,,0,0,10,0,3,0,0,0,0,0,4,2,35.70459138888889,139.8453713888889,4,3,,,,
1,30,777,571,2,0,1,30000,0,123,2020,9,18,7,45,12,,,,,1,1,1,14,7,0,23,0,23,3,9,1,70,5,4,1,35,65,51,61,0,0,,,,,,,0,0,10,0,3,0,0,0,0,0,4,2,35.68628666666666,139.85005083333334,6,3,,,,
1,30,777,575,2,0,1,99000,0,123,2020,9,21,11,50,12,,,,,1,1,1,0,7,0,23,0,23,0,0,20,70,0,4,1,1,1,51,61,0,0,,,,,,,0,0,20,0,4,0,0,0,0,0,4,2,35.691986111111106,139.85062083333332,2,1,,,,
1,30,777,595,2,0,1,10380,0,123,2020,9,15,16,15,12,,,,,1,1,1,14,7,0,23,0,23,2,9,1,70,5,2,1,25,55,1,61,1,0,,,,,,,2,0,0,0,4,0,2,0,2,0,4,2,35.698723055555554,139.9121225,3,3,,,,
1,30,778,145,2,0,1,30000,0,123,2020,9,18,18,17,21,,,,,1,1,1,14,7,0,23,0,23,3,9,1,70,5,4,1,35,45,51,61,0,0,,,,,,,0,0,10,0,3,0,0,0,0,0,4,2,35.73379833333333,139.89604388888887,6,3,,,,
1,30,778,147,2,0,1,30000,0,123,2020,9,29,10,50,12,,,,,2,1,1,1,7,1,22,0,23,11,9,30,70,5,3,1,75,75,3,61,31,0,,,,,,,10,0,10,0,3,0,2,0,2,0,4,2,35.726597777777776,139.8893422222222,3,3,,,,
1,30,779,262,2,0,1,30000,0,123,2020,8,20,8,0,12,,,,,1,1,1,1,1,9,22,0,23,15,9,30,70,4,1,1,35,45,51,61,0,0,,,,,,,0,0,10,0,3,0,0,0,0,0,4,2,35.655786388888885,139.8843536111111,5,3,,,,
1,30,779,265,2,0,1,30000,0,123,2020,9,1,16,55,12,,,,,2,1,1,14,7,0,23,0,23,3,9,1,70,4,2,1,35,1,51,61,0,0,,,,,,,0,0,10,0,3,0,0,0,0,0,4,2,35.677790277777774,139.8717163888889,3,3,,,,
1,30,779,279,2,0,1,30000,0,123,2020,9,19,16,20,12,,,,,2,1,1,1,7,9,22,0,23,14,9,30,70,4,3,1,45,75,4,61,31,0,,,,,,,10,0,50,0,3,0,2,0,2,0,4,2,35.658007222222224,139.88448305555553,7,3,,,,
1,30,779,281,2,0,1,30000,0,123,2020,9,22,15,10,12,,,,,2,1,1,1,7,1,21,0,23,14,9,20,70,4,2,1,35,25,3,61,31,0,,,,,,,2,0,80,0,3,0,2,0,2,0,4,2,35.66614222222222,139.85909083333334,3,1,,,,
1,30,779,284,2,0,1,30000,0,123,2020,9,30,8,20,12,,,,,1,1,1,1,1,9,22,0,23,14,9,30,70,1,2,1,45,55,11,61,31,0,,,,,,,4,0,10,0,3,0,2,0,2,0,4,2,35.65002833333333,139.8627275,4,3,,,,
1,30,876,268,2,0,1,30000,0,201,2020,9,9,11,20,12,,,,,1,1,1,14,7,0,23,0,23,3,9,20,70,5,4,1,75,75,4,61,31,0,,,,,,,10,0,10,0,4,0,2,0,1,0,4,2,35.64393916666667,139.34160444444444,4,3,,,,
1,30,876,281,2,0,1,99000,0,201,2020,9,29,18,32,22,,,,,1,1,1,0,7,0,23,0,23,0,0,20,70,0,3,1,45,75,3,61,31,0,,,,,,,10,0,30,0,4,0,2,0,2,0,4,2,35.6419775,139.3175686111111,3,3,,,,
1,30,877,180,2,0,1,30000,0,201,2020,9,12,19,5,22,,,,,3,2,2,1,1,9,22,0,23,15,9,30,70,5,2,1,65,45,3,61,31,0,,,,,,,3,0,10,0,3,0,2,0,2,0,4,2,35.650455,139.30454277777778,7,3,,,,
1,30,877,182,2,0,1,30000,0,201,2020,9,19,8,0,12,,,,,2,2,1,1,7,9,22,0,23,14,9,30,70,4,2,1,25,1,13,61,31,0,,,,,,,2,0,10,0,3,0,2,0,2,0,4,2,35.65889722222222,139.30414083333335,7,3,,,,
1,30,877,184,2,0,1,30000,0,201,2020,9,24,15,0,12,,,,,2,2,1,14,7,0,23,0,23,3,9,1,70,4,2,1,1,75,3,61,31,0,,,,,,,2,0,60,0,4,0,2,0,2,0,4,2,35.65624805555555,139.31462611111112,5,3,,,,
1,30,877,186,2,0,1,20740,0,201,2020,9,29,19,5,22,,,,,1,1,1,1,1,1,22,0,23,14,9,30,70,4,2,1,1,55,3,61,31,0,,,,,,,2,0,10,0,3,0,2,0,2,0,4,2,35.65694972222222,139.28038,3,3,,,,
1,30,878,255,2,0,1,10610,0,225,2020,9,16,11,55,12,,,,,2,1,1,14,7,0,23,0,23,5,9,20,70,1,2,1,65,65,14,61,1,0,,,,,,,10,0,10,0,4,0,2,0,2,0,4,2,35.63760944444444,139.5089011111111,4,3,,,,
1,30,879,323,2,0,1,30000,0,223,2020,9,1,18,45,21,,,,,1,2,1,1,7,1,22,0,23,14,9,30,70,4,2,1,65,55,14,61,31,0,,,,,,,2,0,10,0,3,0,2,0,2,0,4,2,35.76295611111111,139.37088833333334,3,3,,,,
1,30,879,327,2,0,1,30000,0,223,2020,9,4,16,25,12,,,,,1,1,1,14,7,0,23,0,23,1,9,1,70,5,2,1,75,1,3,61,31,0,,,,,,,2,0,10,0,3,0,2,0,2,0,4,2,35.76003638888889,139.37462222222223,6,3,,,,
1,30,879,347,2,0,1,30000,0,220,2020,9,17,16,5,12,,,,,2,2,1,14,7,0,23,0,23,3,9,1,70,4,3,1,35,1,4,61,31,0,,,,,,,2,0,20,0,3,0,2,0,2,0,4,2,35.75721,139.41202055555556,5,3,,,,
1,30,879,359,2,0,1,30000,0,223,2020,9,25,21,10,22,,,,,2,2,2,14,7,0,23,0,23,3,9,1,70,4,1,1,55,45,3,61,31,0,,,,,,,2,0,10,0,3,0,2,0,2,0,4,2,35.75364805555556,139.3654861111111,6,3,,,,
1,30,880,230,2,0,1,99000,0,205,2020,9,6,19,30,22,,,,,2,2,1,0,7,0,23,0,23,0,0,20,70,0,4,1,65,45,4,61,31,0,,,,,,,10,0,10,0,3,0,2,0,2,0,4,2,35.79319722222222,139.30346972222225,1,3,,,,
1,30,880,248,2,0,1,30000,0,205,2020,9,19,18,25,21,,,,,3,1,2,14,7,0,23,0,23,3,9,1,70,4,3,1,65,75,51,61,0,0,,,,,,,0,0,10,0,4,0,0,0,0,0,4,2,35.791575277777774,139.287505,7,3,,,,
1,30,881,101,2,0,1,20000,0,228,2020,9,13,19,30,22,,,,,3,2,2,1,7,9,22,0,23,14,7,30,70,4,2,1,35,65,36,61,31,0,,,,,,,10,0,10,0,3,0,0,0,0,0,4,2,35.730869444444444,139.2547688888889,1,3,,,,
1,30,881,102,2,0,1,30000,0,228,2020,9,14,7,40,12,,,,,2,2,1,1,7,9,22,0,23,14,9,30,70,4,2,1,55,65,3,61,31,0,,,,,,,10,0,50,0,3,0,2,0,2,0,4,2,35.73065555555556,139.25611444444445,2,3,,,,
1,30,881,108,2,0,1,10460,0,228,2020,9,25,14,30,12,,,,,3,2,2,1,1,9,22,0,23,14,9,30,70,4,2,1,65,75,4,61,31,0,,,,,,,3,0,50,0,3,0,2,0,2,0,4,2,35.73314805555556,139.22999166666668,6,3,,,,
1,30,882,291,2,0,1,70000,0,218,2020,8,20,19,0,21,,,,,1,2,1,14,7,0,23,0,23,2,9,1,70,5,3,1,45,25,3,61,31,0,,,,,,,2,0,40,0,3,0,2,0,2,0,4,2,35.73650194444445,139.3335825,5,3,,,,
1,30,882,295,2,0,1,30000,0,228,2020,9,29,7,35,12,,,,,2,3,2,1,1,9,22,0,23,11,9,30,70,4,2,1,55,1,3,61,31,0,,,,,,,2,0,21,0,3,0,2,0,2,0,4,2,35.733001944444446,139.30414694444445,3,3,,,,
1,30,882,296,2,0,1,10260,0,228,2020,9,29,15,0,12,,,,,2,1,1,14,7,0,23,0,23,3,9,1,70,4,2,1,55,45,3,61,31,0,,,,,,,10,0,30,0,3,0,2,0,2,0,4,2,35.72362444444445,139.3059841666667,3,3,,,,
1,30,882,300,2,0,1,30000,0,227,2020,9,11,17,15,13,,,,,1,2,1,7,7,0,23,0,23,1,9,1,70,5,3,1,25,1,3,61,31,0,,,,,,,1,0,40,0,3,0,2,0,2,0,4,2,35.75985277777778,139.33335916666667,6,3,,,,
1,30,883,351,2,0,1,30000,0,201,2020,9,1,7,35,12,,,,,2,2,1,7,7,0,23,0,23,3,9,1,70,5,4,1,45,1,4,61,31,0,,,,,,,5,0,10,0,3,0,2,0,2,0,4,2,35.687016666666665,139.36064249999998,3,3,,,,
1,30,883,356,2,0,1,30000,0,201,2020,9,4,7,55,12,,,,,1,1,1,1,7,0,23,0,23,14,9,30,70,4,2,1,75,0,61,0,0,0,,,,,,,0,0,0,0,0,0,0,0,0,0,2,0,35.67247972222222,139.35680472222222,6,3,,,,
1,30,883,363,2,0,1,160,439,201,2020,7,24,7,40,12,,,,,3,1,2,1,1,9,22,0,23,19,9,30,70,1,1,1,55,75,13,61,31,0,,,,,,,10,0,10,0,3,0,2,0,2,0,4,2,35.68441194444444,139.34622055555556,6,1,,,,
1,30,883,364,2,0,1,30000,0,201,2020,7,24,6,5,12,,,,,2,1,2,14,7,0,23,0,23,1,9,1,70,5,1,1,25,35,4,61,31,0,,,,,,,2,0,40,0,3,0,2,0,2,0,4,2,35.659815277777774,139.34945472222222,6,1,,,,
1,30,883,369,2,0,1,30000,0,201,2020,9,11,4,0,22,,,,,1,1,1,1,7,9,22,0,23,11,9,30,70,4,3,1,25,1,4,61,31,0,,,,,,,10,0,10,0,2,0,2,0,2,0,4,2,35.660223888888886,139.3211063888889,6,3,,,,
1,30,883,376,2,0,1,30000,0,201,2020,8,13,7,38,12,,,,,1,1,1,14,7,0,23,0,23,2,9,1,70,5,4,1,35,0,61,0,0,0,,,,,,,0,0,0,0,0,0,0,0,0,0,2,0,35.66104555555555,139.3560772222222,5,3,,,,
1,30,883,380,2,0,1,30000,0,201,2020,9,18,15,30,12,,,,,2,1,1,1,7,8,21,0,23,14,9,30,70,4,2,1,55,75,13,61,31,0,,,,,,,5,0,10,0,3,0,2,0,2,0,4,2,35.663645555555554,139.35225805555555,6,3,,,,
1,30,883,386,2,0,1,30000,0,201,2020,9,9,10,40,12,,,,,1,1,5,14,7,0,23,0,23,1,9,1,70,4,1,1,35,55,51,61,0,0,,,,,,,0,0,10,0,3,0,0,0,0,0,4,2,35.67077166666667,139.3420825,4,3,,,,
1,30,884,347,2,0,1,10610,0,209,2020,9,1,8,5,12,,,,,1,1,1,7,1,0,23,0,23,3,7,1,70,4,2,1,55,1,3,61,31,0,,,,,,,3,0,10,0,3,0,2,0,2,0,4,2,35.56554611111111,139.4530261111111,3,3,,,,
1,30,884,361,2,0,1,10490,0,209,2020,9,16,13,0,12,,,,,2,1,1,14,7,0,23,0,23,4,9,1,70,4,1,1,1,75,51,61,0,0,,,,,,,0,0,10,0,3,0,0,0,0,0,4,2,35.54105472222222,139.44860944444446,4,3,,,,
1,30,884,369,2,0,1,30000,0,209,2020,9,25,19,25,22,,,,,3,2,2,1,7,1,21,0,23,11,9,30,70,4,3,1,55,1,3,61,1,0,,,,,,,10,0,40,0,3,0,2,0,2,0,4,2,35.540065,139.45230666666666,6,3,,,,
1,30,884,370,2,0,1,10490,0,209,2020,9,26,9,32,12,,,,,1,1,2,1,7,9,22,0,23,14,9,30,70,4,2,1,45,65,4,61,31,0,,,,,,,3,0,10,0,3,0,2,0,2,0,4,2,35.55600666666666,139.44075333333333,7,3,,,,
1,30,884,373,2,0,1,30560,0,209,2020,9,28,7,0,12,,,,,1,1,1,1,1,9,22,0,23,15,9,30,70,4,2,1,1,1,4,61,31,0,,,,,,,3,0,10,0,3,0,2,0,2,0,4,2,35.57217611111111,139.41459694444444,2,3,,,,
1,30,885,295,2,0,1,30000,0,212,2020,9,3,11,54,12,,,,,1,2,1,1,7,1,22,0,23,15,8,30,70,4,2,1,35,35,17,61,1,0,,,,,,,3,0,10,0,3,0,2,0,2,0,4,2,35.65430555555555,139.41428416666668,5,3,,,,
1,30,885,299,2,0,2,30000,0,212,2020,9,7,8,5,12,,,,,3,1,2,14,7,0,23,0,23,4,8,1,70,5,2,1,75,25,2,61,1,0,,,,,,,10,0,30,0,4,0,2,0,2,0,4,2,35.66103416666667,139.42484777777776,2,3,,,,
1,30,885,300,2,0,1,99000,0,212,2020,9,8,14,10,12,,,,,1,3,1,0,7,0,23,0,23,0,0,20,70,0,4,1,35,75,3,61,31,0,,,,,,,10,0,10,0,4,0,2,0,2,0,4,2,35.6623325,139.3805688888889,3,3,,,,
1,30,885,303,2,0,1,30000,0,212,2020,9,9,16,0,12,,,,,1,3,1,7,7,0,23,0,23,4,6,20,70,4,2,1,75,75,14,61,31,0,,,,,,,3,0,50,0,3,0,2,0,2,0,4,2,35.65383222222222,139.41599972222224,4,3,,,,
1,30,885,307,2,0,1,99000,0,212,2020,9,13,9,45,12,,,,,2,2,1,0,7,0,23,0,23,0,0,20,70,0,4,1,65,1,3,61,31,0,,,,,,,10,0,30,0,3,0,2,0,2,0,4,2,35.655705555555556,139.43802694444446,1,3,,,,
1,30,885,315,2,0,1,20780,0,212,2020,9,25,18,7,21,,,,,3,3,2,7,1,0,23,0,23,4,9,1,70,1,1,1,45,45,3,61,31,0,,,,,,,3,0,20,0,3,0,2,0,2,0,4,2,35.66349611111111,139.41685555555554,6,3,,,,
1,30,886,272,2,0,1,30000,0,207,2020,8,31,12,30,12,,,,,1,1,1,1,7,1,22,0,23,14,9,30,70,5,3,1,55,25,13,61,31,0,,,,,,,10,0,80,0,3,0,2,0,2,0,4,2,35.708759722222226,139.37598527777777,2,3,,,,
1,30,886,280,2,0,1,30000,0,207,2020,9,7,21,50,22,,,,,2,2,1,1,1,9,22,0,23,15,9,30,70,4,2,1,35,35,3,61,31,0,,,,,,,3,0,40,0,3,0,2,0,2,0,4,2,35.701462222222226,139.37738166666668,2,3,,,,
1,30,886,292,2,0,1,95000,0,207,2020,9,22,12,10,12,,,,,1,2,1,1,1,9,22,0,23,17,9,30,70,1,1,1,45,45,3,61,31,0,,,,,,,2,0,20,0,4,0,2,0,2,0,4,2,35.706587500000005,139.34841416666669,3,1,,,,
1,30,886,300,2,0,1,30000,0,207,2020,9,27,16,20,12,,,,,2,2,1,1,1,9,22,0,23,15,9,30,70,5,2,1,45,35,3,61,31,0,,,,,,,10,0,10,0,4,0,2,0,2,0,4,2,35.714087500000005,139.36494888888888,1,3,,,,
1,30,887,412,2,0,1,30000,0,215,2020,9,2,9,50,12,,,,,1,2,1,14,7,0,23,0,23,2,9,1,70,5,2,1,45,25,51,61,0,0,,,,,,,0,0,10,0,4,0,0,0,0,0,4,2,35.68168083333333,139.44635305555556,4,3,,,,
1,30,887,414,2,0,1,30000,0,202,2020,9,4,14,41,12,,,,,1,1,1,1,1,9,22,0,23,15,9,30,70,4,2,1,25,1,4,61,31,0,,,,,,,2,0,40,0,3,0,2,0,2,0,4,2,35.72763472222223,139.36557333333332,6,3,,,,
1,30,887,415,2,0,1,30000,0,215,2020,9,4,17,20,13,,,,,1,1,1,14,7,0,23,0,23,3,9,1,70,5,2,1,1,1,51,61,0,0,,,,,,,0,0,10,0,3,0,0,0,0,0,4,2,35.693864722222216,139.45233138888887,6,3,,,,
1,30,887,420,2,0,1,30000,0,215,2020,9,2,21,15,22,,,,,3,2,2,1,7,9,22,0,23,11,9,30,70,5,2,1,25,45,3,61,31,0,,,,,,,2,0,20,0,4,0,2,0,2,0,4,2,35.69958361111111,139.43466777777778,4,3,,,,
1,30,887,423,2,0,1,30000,0,202,2020,8,11,9,54,12,,,,,1,2,1,1,1,9,22,0,23,17,6,30,70,4,2,1,45,45,1,61,1,0,,,,,,,3,0,10,0,3,0,2,0,2,0,4,2,35.728187222222225,139.40015277777778,3,3,,,,
1,30,887,424,2,0,1,30000,0,202,2020,9,9,9,17,12,,,,,1,2,1,13,5,0,23,0,23,2,6,1,70,5,2,1,65,1,3,61,31,0,,,,,,,1,0,20,0,4,0,2,0,2,0,4,2,35.69852861111111,139.41787055555554,4,3,,,,
1,30,887,428,2,0,1,20890,0,215,2020,9,12,11,30,12,,,,,3,2,2,1,1,1,21,0,23,14,9,30,70,4,1,1,75,75,3,61,31,0,,,,,,,1,0,50,0,3,0,2,0,2,0,4,2,35.682181388888885,139.4332486111111,7,3,,,,
1,30,887,434,2,0,1,30000,0,202,2020,9,14,8,15,12,,,,,2,2,1,1,7,9,22,0,23,11,9,30,70,5,2,1,25,1,14,61,31,0,,,,,,,1,0,40,0,3,0,2,0,2,0,4,2,35.70189416666667,139.41647333333333,2,3,,,,
1,30,887,435,2,0,1,30000,0,202,2020,9,15,10,55,12,,,,,1,2,1,1,1,8,22,0,23,17,6,30,70,4,2,1,65,75,3,61,31,0,,,,,,,3,0,30,0,4,0,2,0,2,0,4,2,35.72825,139.40025222222224,3,3,,,,
1,30,887,440,2,0,1,30000,0,215,2020,9,17,18,10,21,,,,,1,1,1,14,7,0,23,0,23,1,9,1,70,5,4,1,35,45,51,61,0,0,,,,,,,0,0,10,0,3,0,0,0,0,0,4,2,35.686766111111105,139.44779972222221,5,3,,,,
1,30,887,441,2,0,1,95000,0,202,2020,9,23,19,57,22,,,,,3,1,2,1,1,9,22,0,23,15,9,30,70,4,1,1,55,1,3,61,31,0,,,,,,,3,0,10,0,4,0,2,0,2,0,4,2,35.69060333333333,139.42368222222223,4,3,,,,
1,30,887,445,2,0,1,99000,0,202,2020,9,15,16,0,12,,,,,2,1,1,0,7,0,23,0,23,0,0,20,70,0,4,1,45,45,3,61,1,0,,,,,,,10,0,30,0,4,0,2,0,2,0,4,2,35.70368388888889,139.41385944444445,3,3,,,,
1,30,887,449,2,0,1,30000,0,202,2020,9,25,17,50,21,,,,,3,1,2,1,1,9,22,0,23,18,9,30,70,1,1,1,55,65,4,61,31,0,,,,,,,2,0,10,0,3,0,2,0,2,0,4,2,35.720799166666666,139.3964147222222,6,3,,,,
1,30,887,462,2,0,1,30000,0,215,2020,9,30,14,55,12,,,,,1,1,1,1,7,9,22,0,23,14,9,30,70,5,2,1,45,1,3,61,31,0,,,,,,,3,0,40,0,2,0,2,0,2,0,4,2,35.69221555555555,139.45248277777776,4,3,,,,
1,30,888,174,2,0,1,30000,0,206,2020,8,11,9,30,12,,,,,1,1,1,1,1,9,22,0,23,15,9,30,70,5,2,1,35,45,13,61,31,0,,,,,,,4,0,10,0,3,0,2,0,2,0,4,2,35.66487138888889,139.47909722222224,3,3,,,,
1,30,888,183,2,0,1,20890,0,206,2020,9,13,11,55,12,,,,,2,1,1,14,7,0,23,0,23,3,9,1,70,4,2,1,25,75,51,61,0,0,,,,,,,0,0,10,0,3,0,0,0,0,0,4,2,35.669935277777775,139.47290027777777,1,3,,,,
1,30,888,187,2,0,1,30000,0,206,2020,9,15,12,50,12,,,,,2,1,1,14,7,0,23,0,23,2,9,1,70,5,3,1,55,1,3,61,31,0,,,,,,,10,0,80,0,3,0,2,0,2,0,4,2,35.66730027777778,139.51088166666668,3,3,,,,
1,30,888,189,2,0,1,99000,0,206,2020,9,16,15,50,12,,,,,1,1,1,0,7,0,23,0,23,0,0,20,70,0,4,1,35,55,12,61,31,0,,,,,,,10,0,10,0,3,0,2,0,2,0,4,2,35.67560222222222,139.50456916666667,4,3,,,,
1,30,889,222,2,0,1,30000,0,214,2020,9,23,14,40,12,,,,,3,1,2,14,7,0,23,0,23,2,9,1,70,5,2,1,65,1,13,61,31,0,,,,,,,2,0,50,0,4,0,2,0,2,0,4,2,35.702864444444444,139.43366083333333,4,3,,,,
1,30,889,223,2,0,1,30000,0,214,2020,9,24,6,2,11,,,,,3,1,2,14,7,0,23,0,23,3,8,1,70,4,1,1,25,1,3,61,31,0,,,,,,,2,0,10,0,3,0,2,0,2,0,4,2,35.70065888888889,139.47982944444445,5,3,,,,
1,30,889,226,2,0,1,99000,0,210,2020,9,27,9,35,12,,,,,2,1,1,0,7,0,23,0,23,0,0,20,70,0,4,1,25,45,3,61,31,0,,,,,,,10,0,10,0,4,0,2,0,2,0,4,2,35.68848527777777,139.51407111111112,1,3,,,,
1,30,889,229,2,0,1,20880,0,214,2020,9,26,22,10,22,,,,,3,1,2,1,1,9,22,0,23,11,9,30,70,4,3,1,65,35,3,61,1,0,,,,,,,2,0,10,0,4,0,2,0,2,0,4,2,35.70619222222223,139.4822027777778,7,3,,,,
1,30,889,231,2,0,1,30000,0,214,2020,9,30,7,35,12,,,,,1,1,1,1,8,9,22,0,23,15,9,30,70,4,2,1,25,1,3,61,31,0,,,,,,,3,0,10,0,4,0,2,0,2,0,4,2,35.70926916666667,139.44855611111112,4,3,,,,
1,30,889,234,2,0,1,30000,0,214,2020,9,13,18,25,21,,,,,3,1,2,14,7,0,23,0,23,2,9,1,70,5,2,1,1,55,51,61,0,0,,,,,,,0,0,20,0,4,0,0,0,0,0,4,2,35.70391166666667,139.43781305555555,1,3,,,,