資料区分,都道府県コード,警察署等コード,本票番号,事故内容,死者数,負傷者数,路線コード,地点コード,市区町村コード,発生日時　　年,発生日時　　月,発生日時　　日,発生日時　　時,発生日時　　分,昼夜,日の出時刻　　時,日の出時刻　　分,日の入り時刻　　時,日の入り時刻　　分,天候,地形,路面状態,道路形状,信号機,一時停止規制　標識（当事者A）,一時停止規制　表示（当事者A）,一時停止規制　標識（当事者B）,一時停止規制　表示（当事者B）,車道幅員,道路線形,衝突地点,ゾーン規制,中央分離帯施設等,歩車道区分,事故類型,年齢（当事者A）,年齢（当事者B）,当事者種別（当事者A）,当事者種別（当事者B）,用途別（当事者A）,用途別（当事者B）,車両形状等（当事者A）,車両形状等（当事者B）,オートマチック車（当事者A）,オートマチック車（当事者B）,サポカー（当事者A）,サポカー（当事者B）,速度規制（指定のみ）（当事者A）,速度規制（指定のみ）（当事者B）,車両の衝突部位（当事者A）,車両の衝突部位（当事者B）,車両の損壊程度（当事者A）,車両の損壊程度（当事者B）,エアバッグの装備（当事者A）,エアバッグの装備（当事者B）,サイドエアバッグの装備（当事者A）,サイドエアバッグの装備（当事者B）,人身損傷程度（当事者A）,人身損傷程度（当事者B）,lat,lon,曜日(発生年月日),祝日(発生年月日),認知機能検査経過日数（当事者A）,認知機能検査経過日数（当事者B）,運転練習の方法（当事者A）,運転練習の方法（当事者B）
1,30,889,235,2,0,1,30000,0,214,2020,9,18,18,30,21,,,,,1,1,1,1,7,9,22,0,23,11,9,30,70,5,3,1,55,35,3,61,1,0,,,,,,,2,0,60,0,4,0,2,0,2,0,4,2,35.700698611111115,139.47858833333333,6,3,,,,
1,30,890,288,2,0,2,95000,0,222,2020,7,1,9,30,12,,,,,3,1,2,14,7,0,23,0,23,1,9,20,70,5,4,1,55,75,4,61,31,0,,,,,,,10,0,33,0,2,0,2,0,2,0,4,2,35.769174444444445,139.54259027777778,4,3,,,,
1,30,890,289,2,0,1,95000,0,229,2020,8,26,11,50,12,,,,,1,1,1,14,7,0,23,0,23,3,9,1,70,4,1,1,65,75,14,61,1,0,,,,,,,2,0,30,0,4,0,2,0,2,0,4,2,35.74451694444445,139.5430022222222,4,3,,,,
1,30,890,292,2,0,2,30000,0,222,2020,9,8,12,56,12,,,,,1,1,1,1,7,9,22,0,23,14,9,30,70,5,2,1,65,75,3,61,31,0,,,,,,,3,0,10,0,3,0,2,0,2,0,4,2,35.7620275,139.53726166666667,3,3,,,,
1,30,890,295,2,0,1,30000,0,229,2020,9,11,8,3,12,,,,,1,1,1,1,7,9,22,0,23,11,9,30,70,5,1,1,45,65,51,61,0,0,,,,,,,0,0,10,0,3,0,0,0,0,0,4,2,35.72591194444445,139.53702777777778,6,3,,,,
1,30,890,296,2,0,1,30000,0,222,2020,9,9,19,32,22,,,,,1,1,1,1,1,9,22,0,23,15,9,30,70,5,2,1,35,35,13,61,31,0,,,,,,,3,0,10,0,3,0,2,0,2,0,4,2,35.75541388888889,139.52326694444446,4,3,,,,
1,30,890,313,2,0,1,30000,0,229,2020,9,23,13,45,12,,,,,2,1,1,14,7,0,23,0,23,2,9,1,70,4,1,1,45,1,13,61,31,0,,,,,,,3,0,10,0,2,0,2,0,2,0,4,2,35.756031388888886,139.56260527777778,4,3,,,,
1,30,890,322,2,0,1,30000,0,222,2020,9,27,20,16,22,,,,,2,1,2,13,7,0,23,0,23,4,3,1,70,4,3,1,55,65,3,61,31,0,,,,,,,3,0,80,0,2,0,2,0,2,0,4,2,35.76313416666667,139.53632694444445,1,3,,,,
1,30,890,326,2,0,1,99000,0,222,2020,9,21,18,52,22,,,,,1,1,1,0,7,0,23,0,23,0,0,20,70,0,4,1,55,45,3,61,31,0,,,,,,,10,0,50,0,3,0,2,0,2,0,4,2,35.745489722222224,139.52727833333336,2,1,,,,
1,30,891,200,2,0,1,30000,0,221,2020,6,29,14,45,12,,,,,1,2,1,14,7,0,23,0,23,3,9,1,70,5,3,1,75,1,3,61,31,0,,,,,,,2,0,40,0,3,0,2,0,2,0,4,2,35.790660833333334,139.53041000000002,2,3,,,,
1,30,891,202,2,0,2,10500,0,213,2020,7,29,8,10,12,,,,,2,2,1,1,1,9,22,0,23,18,9,30,70,1,1,1,45,1,3,61,31,0,,,,,,,3,0,10,0,3,0,2,0,2,0,4,2,35.74829583333334,139.46681138888889,4,3,,,,
1,30,891,205,2,0,1,30000,0,213,2020,9,9,16,20,12,,,,,1,2,1,14,7,0,23,0,23,2,9,1,70,5,4,1,65,1,17,61,31,0,,,,,,,10,0,50,0,4,0,2,0,2,0,4,2,35.768634722222224,139.48484472222222,4,3,,,,
1,30,891,211,2,0,1,30000,0,221,2020,9,17,11,30,12,,,,,1,1,1,13,7,0,23,0,23,3,3,1,70,5,3,1,1,0,61,0,0,0,,,,,,,0,0,0,0,0,0,0,0,0,0,2,0,35.77224638888889,139.51850611111112,5,3,,,,
1,30,891,215,2,0,1,30000,0,213,2020,9,22,13,18,12,,,,,1,1,1,1,7,1,21,0,23,14,9,30,70,4,2,1,45,65,3,61,31,0,,,,,,,3,0,10,0,3,0,2,0,2,0,4,2,35.77842416666667,139.4788452777778,3,1,,,,
1,30,891,218,2,0,1,30000,0,213,2020,9,27,18,20,21,,,,,3,2,2,1,1,9,22,0,23,15,9,30,70,4,1,1,45,45,3,61,31,0,,,,,,,3,0,20,0,4,0,2,0,2,0,4,2,35.76085444444445,139.46736416666667,1,3,,,,
1,30,891,225,2,0,1,30000,0,213,2020,9,21,0,0,22,,,,,3,1,2,1,1,8,22,0,23,15,9,30,70,5,2,1,55,25,3,61,31,0,,,,,,,2,0,10,0,4,0,2,0,2,0,4,2,35.75324861111111,139.45133555555554,2,1,,,,
1,30,892,134,2,0,1,20000,0,203,2020,9,2,17,50,13,,,,,1,1,1,1,1,9,22,0,23,18,9,30,70,1,2,1,45,35,51,61,0,0,,,,,,,0,0,10,0,4,0,0,0,0,0,4,2,35.71277972222222,139.55323055555556,4,3,,,,
1,30,892,139,2,0,1,10260,0,203,2020,9,10,12,5,12,,,,,1,1,1,1,1,9,22,0,23,14,9,30,70,4,2,1,65,75,3,61,31,0,,,,,,,3,0,50,0,4,0,2,0,2,0,4,2,35.712051388888895,139.56557972222222,5,3,,,,
1,30,892,142,2,0,1,20230,0,203,2020,8,28,5,17,11,,,,,1,1,1,1,7,1,21,0,23,14,9,30,70,5,2,1,1,25,13,61,1,0,,,,,,,2,0,40,0,3,0,2,0,2,0,4,2,35.70534888888889,139.57834888888888,6,3,,,,
1,30,893,230,2,0,1,20000,0,204,2020,9,11,9,35,12,,,,,1,1,1,14,7,0,23,0,23,3,9,1,70,4,2,1,55,35,3,61,31,0,,,,,,,3,0,10,0,3,0,2,0,2,0,4,2,35.67538638888889,139.56733027777778,6,3,,,,
1,30,893,234,2,0,1,20910,0,204,2020,9,15,6,10,11,,,,,2,1,1,14,7,0,23,0,23,3,9,1,70,4,2,1,1,25,51,61,0,0,,,,,,,0,0,10,0,3,0,0,0,0,0,4,2,35.682424999999995,139.53883916666666,3,3,,,,
1,30,893,243,2,0,1,30000,0,204,2020,9,25,20,0,22,,,,,3,1,2,7,1,0,23,0,23,3,9,1,70,4,2,1,35,65,13,61,31,0,,,,,,,2,0,10,0,3,0,2,0,2,0,4,2,35.70147472222222,139.55968944444444,6,3,,,,
1,30,894,303,2,0,1,30000,0,219,2020,9,4,14,35,12,,,,,1,1,1,1,7,2,21,0,23,11,9,30,70,5,3,1,65,75,3,61,31,0,,,,,,,1,0,20,0,3,0,2,0,2,0,4,2,35.64621555555556,139.57964444444445,6,3,,,,
1,30,894,339,2,0,1,200,203,208,2020,9,29,19,15,22,,,,,1,1,1,14,7,0,23,0,23,1,9,1,70,4,2,1,1,35,51,61,0,0,,,,,,,0,0,10,0,3,0,0,0,0,0,4,2,35.66239888888889,139.5820325,3,3,,,,
1,30,894,344,2,0,1,30000,0,219,2020,9,24,15,0,12,,,,,3,1,2,1,7,9,22,0,23,11,9,30,70,5,3,1,35,75,51,61,0,0,,,,,,,0,0,10,0,3,0,0,0,0,0,4,2,35.63583638888889,139.57122166666667,5,3,,,,
1,30,895,170,2,0,1,10240,0,211,2020,9,15,12,13,12,,,,,1,1,1,1,1,8,22,0,23,15,9,30,70,5,1,1,75,75,3,61,31,0,,,,,,,3,0,40,0,3,0,2,0,2,0,4,2,35.73017305555556,139.47004722222223,3,3,,,,
1,30,895,174,2,0,1,30000,0,211,2020,9,17,16,40,12,,,,,1,1,1,14,7,0,23,0,23,2,9,1,70,4,2,1,25,75,4,61,31,0,,,,,,,10,0,10,0,3,0,2,0,2,0,4,2,35.72813861111111,139.5144202777778,5,3,,,,
1,30,895,180,2,0,1,30000,0,211,2020,9,26,7,23,12,,,,,3,1,2,1,7,9,22,0,23,15,9,30,70,5,1,1,75,25,4,61,31,0,,,,,,,3,0,40,0,4,0,2,0,2,0,4,2,35.727469166666666,139.4494,7,3,,,,
1,30,102,83,2,0,1,20000,0,101,2020,10,21,18,45,22,,,,,1,1,1,14,7,0,23,0,23,5,9,1,70,5,2,1,55,75,3,61,1,0,,,,,,,5,0,10,0,3,0,2,0,2,0,4,2,35.69169833333333,139.75989916666666,4,3,,,,
1,30,102,84,2,0,1,30000,0,101,2020,10,23,15,0,12,,,,,3,1,2,1,1,9,22,0,23,18,9,30,70,4,1,1,35,65,13,61,31,0,,,,,,,4,0,10,0,3,0,2,0,2,0,4,2,35.693621666666665,139.7651872222222,6,3,,,,
1,30,102,85,2,0,1,30000,0,101,2020,10,23,17,10,21,,,,,2,1,2,1,7,1,21,0,23,14,9,30,1,5,4,1,55,45,13,61,31,0,,,,,,,2,0,10,0,3,0,2,0,2,0,4,2,35.69081944444444,139.76532277777778,6,3,,,,
1,30,103,56,2,0,1,30000,0,101,2020,10,27,10,30,12,,,,,2,1,1,14,7,0,23,0,23,2,9,1,70,5,4,1,35,1,3,61,31,0,,,,,,,2,0,10,0,3,0,2,0,2,0,4,2,35.69999055555555,139.7780188888889,3,3,,,,
1,30,104,185,2,0,1,95000,0,102,2020,10,1,17,17,13,,,,,1,1,1,1,7,9,22,0,23,11,9,30,70,5,2,1,65,25,13,61,1,0,,,,,,,2,0,10,0,3,0,1,0,2,0,4,2,35.681936111111106,139.7717263888889,5,3,,,,
1,30,104,190,2,0,1,20090,0,102,2020,10,12,17,40,21,,,,,2,1,1,1,7,9,22,0,23,19,9,30,70,1,2,1,25,55,3,61,31,0,,,,,,,5,0,10,0,3,0,2,0,2,0,4,2,35.6855275,139.77109444444446,2,3,,,,
1,30,104,191,2,0,1,10030,0,102,2020,10,15,1,10,22,,,,,1,1,1,1,1,9,22,0,23,18,9,30,70,1,1,1,25,25,3,61,31,0,,,,,,,5,0,10,0,3,0,2,0,2,0,4,2,35.68351083333333,139.77681,5,3,,,,
1,30,104,198,2,0,1,30080,0,102,2020,10,27,16,8,13,,,,,1,1,1,1,1,9,22,0,23,15,9,30,70,5,2,1,65,55,11,61,31,0,,,,,,,4,0,10,0,4,0,2,0,2,0,4,2,35.68908805555555,139.77988111111114,3,3,,,,
1,30,104,199,2,0,1,30000,0,102,2020,10,28,9,55,12,,,,,2,1,1,14,7,0,23,0,23,4,9,1,70,5,3,1,45,25,14,61,1,0,,,,,,,5,0,10,0,4,0,2,0,2,0,4,2,35.67830277777777,139.7801913888889,4,3,,,,
1,30,104,201,2,0,1,10030,0,102,2020,10,29,12,14,12,,,,,1,1,1,1,1,9,22,0,23,19,9,30,70,1,1,1,45,1,3,61,31,0,,,,,,,1,0,10,0,4,0,2,0,2,0,4,2,35.68932583333333,139.77590361111112,5,3,,,,
1,30,105,54,2,0,1,30000,0,102,2020,10,2,20,30,22,,,,,2,1,1,1,7,1,21,0,23,18,9,30,70,5,3,1,65,45,3,61,1,0,,,,,,,10,0,60,0,3,0,2,0,2,0,4,2,35.686953055555556,139.7809538888889,6,3,,,,
1,30,105,55,2,0,1,30000,0,102,2020,10,6,14,13,12,,,,,2,1,1,1,7,1,21,0,23,14,9,30,70,5,2,1,35,65,4,61,31,0,,,,,,,10,0,10,0,3,0,2,0,2,0,4,2,35.68806416666666,139.78249805555558,3,3,,,,
1,30,106,126,2,0,1,99000,0,102,2020,10,6,12,42,12,,,,,1,1,1,0,7,0,23,0,23,0,0,20,70,0,2,1,45,35,51,61,0,0,,,,,,,0,0,40,0,3,0,0,0,0,0,4,2,35.67084055555555,139.77191305555556,3,3,,,,
1,30,106,130,2,0,1,30000,0,102,2020,10,17,9,10,12,,,,,3,1,2,7,7,0,23,0,23,3,9,20,70,5,2,1,45,25,3,61,31,0,,,,,,,10,0,10,0,4,0,1,0,2,0,4,2,35.67379555555555,139.76576,7,3,,,,
1,30,107,104,2,0,1,20680,0,102,2020,10,11,13,33,12,,,,,2,1,1,1,1,9,22,0,23,18,9,30,70,5,2,1,1,55,51,61,0,0,,,,,,,0,0,10,0,4,0,0,0,0,0,4,2,35.66329805555556,139.78363333333334,1,3,,,,
1,30,107,106,2,0,1,30000,0,102,2020,10,12,16,15,13,,,,,1,1,1,1,1,9,22,0,23,11,9,30,70,4,2,1,55,1,14,61,1,0,,,,,,,2,0,10,0,3,0,2,0,2,0,4,2,35.65535388888889,139.7840038888889,2,3,,,,
1,30,108,124,2,0,1,30000,0,103,2020,10,21,15,8,12,,,,,1,1,1,1,1,9,22,0,23,15,9,30,70,1,1,1,55,45,13,61,1,0,,,,,,,10,0,10,0,4,0,2,0,2,0,4,2,35.65767527777778,139.75830944444445,4,3,,,,
1,30,108,128,2,0,1,30000,0,103,2020,10,22,20,15,22,,,,,2,1,1,1,1,9,22,0,23,11,9,30,70,4,2,1,65,35,3,61,1,0,,,,,,,5,0,10,0,3,0,2,0,2,0,4,2,35.66410194444444,139.7453175,5,3,,,,
1,30,109,103,2,0,1,10070,0,103,2020,10,7,18,23,22,,,,,3,1,1,7,1,0,23,0,23,2,9,1,70,1,1,1,55,1,3,61,1,0,,,,,,,4,0,20,0,3,0,2,0,2,0,4,2,35.64769,139.75752,4,3,,,,
1,30,110,101,1,1,0,30000,0,103,2020,10,19,11,0,12,,,,,2,1,1,1,1,9,22,0,23,15,9,30,70,5,1,1,65,75,11,61,1,0,,,,,,,3,0,50,0,4,0,2,0,2,0,4,1,35.63456861111111,139.7486997222222,2,3,,,,
1,30,110,108,2,0,1,30000,0,103,2020,10,15,15,40,12,,,,,2,1,2,7,7,0,23,0,23,3,9,20,1,5,3,1,45,1,3,61,31,0,,,,,,,1,0,20,0,3,0,2,0,2,0,4,2,35.636806388888886,139.73754944444443,5,3,,,,
1,30,110,109,2,0,1,30000,0,103,2020,10,17,18,20,22,,,,,1,1,2,14,7,0,23,0,23,4,9,1,70,4,2,1,55,55,3,61,1,0,,,,,,,3,0,10,0,4,0,2,0,2,0,4,2,35.62909138888889,139.73612444444444,7,3,,,,
1,30,110,112,2,0,1,30000,0,103,2020,10,23,13,10,12,,,,,3,1,2,1,1,9,22,0,23,15,9,30,70,4,2,1,75,75,13,61,31,0,,,,,,,3,0,10,0,3,0,2,0,2,0,4,2,35.64101055555555,139.73779805555554,6,3,,,,
1,30,110,114,2,0,1,30000,0,103,2020,10,27,13,27,12,,,,,1,1,1,1,7,1,21,0,23,15,9,30,1,5,1,1,55,25,13,61,31,0,,,,,,,2,0,30,0,4,0,2,0,2,0,4,2,35.64427138888889,139.73299583333335,3,3,,,,
1,30,111,199,2,0,1,30000,0,103,2020,10,1,13,15,12,,,,,1,1,1,14,7,0,23,0,23,2,9,1,70,5,3,1,55,35,3,61,1,0,,,,,,,5,0,40,0,3,0,2,0,2,0,4,2,35.65168388888889,139.72843194444445,5,3,,,,
1,30,111,202,2,0,1,30000,0,103,2020,10,8,21,0,22,,,,,3,1,2,14,7,0,23,0,23,3,9,1,70,5,2,1,35,35,3,61,31,0,,,,,,,5,0,30,0,4,0,2,0,2,0,4,2,35.656371666666665,139.73384833333333,5,3,,,,
1,30,111,203,2,0,1,30000,0,103,2020,10,9,12,45,12,,,,,3,1,2,14,7,0,23,0,23,3,9,1,70,5,3,1,65,35,3,61,31,0,,,,,,,1,0,10,0,4,0,2,0,2,0,4,2,35.657876944444446,139.71850166666667,6,3,,,,
1,30,111,215,2,0,1,20140,0,103,2020,10,27,19,2,22,,,,,1,1,1,1,7,9,22,0,23,19,9,30,70,5,2,1,25,35,51,61,0,0,,,,,,,0,0,10,0,3,0,0,0,0,0,4,2,35.65524944444444,139.73732249999998,3,3,,,,
1,30,112,132,2,0,1,30000,0,103,2020,8,18,14,40,12,,,,,1,1,1,14,7,0,23,0,23,2,9,1,70,5,3,1,1,35,3,61,31,0,,,,,,,10,0,80,0,3,0,2,0,2,0,4,2,35.663493333333335,139.71273722222222,3,3,,,,
1,30,112,136,2,0,1,30000,0,103,2020,10,4,10,57,12,,,,,1,1,1,14,7,0,23,0,23,2,9,1,70,4,2,1,35,45,3,61,31,0,,,,,,,2,0,30,0,3,0,2,0,2,0,4,2,35.670254166666666,139.72008472222223,1,3,,,,
1,30,112,140,2,0,1,20150,0,103,2020,10,15,19,8,22,,,,,2,1,1,1,7,9,22,0,23,15,9,30,70,4,4,1,35,25,3,61,1,0,,,,,,,5,0,80,0,4,0,2,0,2,0,4,2,35.67303694444444,139.73800083333333,5,3,,,,
1,30,112,144,2,0,1,30000,0,103,2020,10,28,10,45,12,,,,,2,1,1,7,7,0,23,0,23,1,9,1,70,5,3,1,45,35,3,61,31,0,,,,,,,1,0,10,0,4,0,2,0,2,0,4,2,35.664072777777776,139.71735527777778,4,3,,,,
1,30,113,188,2,0,1,30000,0,108,2020,10,10,18,5,21,,,,,3,1,2,7,1,0,23,0,23,4,9,20,70,1,2,1,55,45,3,61,31,0,,,,,,,5,0,50,0,3,0,2,0,2,0,4,2,35.64561194444445,139.83630805555558,7,3,,,,
1,30,113,204,2,0,1,3570,0,108,2020,10,8,18,35,22,,,,,3,1,2,1,1,9,22,0,23,18,9,30,70,1,2,1,35,65,3,61,31,0,,,,,,,5,0,10,0,3,0,2,0,2,0,4,2,35.64346166666667,139.81291444444446,5,3,,,,
1,30,113,213,2,0,1,30000,0,108,2020,10,27,18,30,22,,,,,1,1,1,14,7,0,23,0,23,1,9,1,70,5,2,1,25,1,51,61,0,0,,,,,,,0,0,10,0,3,0,0,0,0,0,4,2,35.645358333333334,139.80034916666668,3,3,,,,
1,30,216,105,2,0,1,20180,0,109,2020,10,8,17,45,21,,,,,3,1,2,14,7,0,23,0,23,1,9,1,70,5,1,1,45,35,51,61,0,0,,,,,,,0,0,10,0,3,0,0,0,0,0,4,2,35.60131388888889,139.73094416666666,5,3,,,,
1,30,217,109,2,0,1,30120,0,109,2020,10,3,19,35,22,,,,,1,1,1,7,8,0,23,0,23,2,9,1,70,4,2,1,45,45,51,61,0,0,,,,,,,0,0,12,0,4,0,0,0,0,0,4,2,35.63717222222222,139.71396,7,3,,,,
1,30,217,124,2,0,1,10080,0,109,2020,10,30,11,50,12,,,,,1,1,1,1,7,9,22,0,23,14,9,30,70,4,2,1,45,75,14,61,31,0,,,,,,,3,0,40,0,3,0,2,0,2,0,4,2,35.634185555555554,139.71855833333333,6,3,,,,
1,30,218,243,2,0,1,20190,0,109,2020,10,18,14,15,12,,,,,2,1,1,14,7,0,23,0,23,2,9,1,70,5,2,1,65,65,3,61,31,0,,,,,,,2,0,10,0,4,0,2,0,2,0,4,2,35.6107125,139.71788805555556,1,3,,,,
1,30,218,246,2,0,1,30000,0,109,2020,10,21,13,40,12,,,,,1,1,1,14,7,0,23,0,23,2,9,1,70,5,3,1,45,35,4,61,31,0,,,,,,,10,0,40,0,4,0,2,0,2,0,4,2,35.60505277777778,139.71314777777778,4,3,,,,
1,30,218,252,2,0,1,20190,0,109,2020,10,29,7,58,12,,,,,1,1,1,14,7,0,23,0,23,3,9,1,70,1,2,1,65,1,51,61,0,0,,,,,,,0,0,10,0,3,0,0,0,0,0,4,2,35.61471083333333,139.7101111111111,5,3,,,,
1,30,219,321,2,0,1,21140,0,111,2020,10,4,9,10,12,,,,,2,1,1,14,7,0,23,0,23,3,9,1,70,4,2,1,35,25,3,61,1,0,,,,,,,2,0,40,0,4,0,2,0,2,0,4,2,35.57724944444445,139.72691972222222,1,3,,,,
1,30,219,341,2,0,1,30000,0,111,2020,10,24,17,0,21,,,,,1,1,1,7,7,0,23,0,23,1,9,1,70,5,4,1,65,45,4,61,31,0,,,,,,,5,0,30,0,3,0,2,0,2,0,4,2,35.575968611111115,139.71945472222222,7,3,,,,
1,30,221,269,2,0,1,30000,0,111,2020,10,20,8,10,12,,,,,1,1,1,1,7,9,22,0,23,14,9,30,70,4,1,1,55,1,4,61,31,0,,,,,,,3,0,10,0,3,0,2,0,2,0,4,2,35.54606972222222,139.73926694444444,3,3,,,,
1,30,221,270,2,0,1,30000,0,111,2020,10,19,18,40,22,,,,,3,1,2,14,7,0,23,0,23,3,9,1,70,5,3,1,55,75,51,61,0,0,,,,,,,0,0,10,0,4,0,0,0,0,0,4,2,35.55896583333333,139.73956416666664,2,3,,,,
1,30,221,273,2,0,1,30000,0,111,2020,10,22,23,58,22,,,,,2,1,1,14,7,0,23,0,23,3,9,1,70,5,3,1,45,65,3,61,31,0,,,,,,,2,0,60,0,3,0,2,0,2,0,4,2,35.559282499999995,139.7321761111111,5,3,,,,
1,30,221,278,2,0,1,30000,0,111,2020,10,28,19,30,22,,,,,2,1,1,1,7,9,22,0,23,11,9,30,70,4,1,1,1,65,14,61,31,0,,,,,,,2,0,80,0,3,0,2,0,2,0,4,2,35.559304166666664,139.72631777777778,4,3,,,,
1,30,222,200,2,0,1,30000,0,111,2020,10,1,17,35,21,,,,,1,1,1,1,7,9,22,0,23,14,9,30,70,4,3,1,45,1,3,61,31,0,,,,,,,2,0,20,0,3,0,2,0,2,0,4,2,35.581592500000006,139.6880713888889,5,3,,,,
1,30,222,203,2,0,1,10,144,111,2020,10,9,20,13,22,,,,,3,1,2,1,1,9,22,0,23,18,9,30,70,1,1,1,55,1,51,61,0,0,,,,,,,0,0,10,0,4,0,0,0,0,0,4,2,35.58890805555556,139.7074461111111,6,3,,,,
1,30,325,249,2,0,1,10130,0,112,2020,8,27,9,5,12,,,,,1,1,1,1,1,9,22,0,23,19,9,30,70,5,1,1,35,65,17,61,1,0,,,,,,,4,0,80,0,3,0,2,0,2,0,4,2,35.64609361111111,139.66073555555556,5,3,,,,
1,30,325,251,2,0,1,20210,0,112,2020,9,25,10,17,12,,,,,3,1,2,14,7,0,23,0,23,4,9,1,70,4,2,1,55,75,3,61,1,0,,,,,,,2,0,0,0,4,0,2,0,2,0,4,2,35.6321725,139.66158805555557,6,3,,,,
1,30,325,254,2,0,1,30000,0,112,2020,9,26,18,3,21,,,,,3,1,2,1,1,9,22,0,23,15,9,30,70,5,1,1,45,45,13,61,31,0,,,,,,,3,0,40,0,3,0,2,0,2,0,4,2,35.64670527777778,139.6220991666667,7,3,,,,
1,30,326,301,2,0,1,30000,0,112,2020,10,2,22,45,22,,,,,2,1,1,1,7,9,22,0,23,11,9,30,70,5,3,1,55,1,13,61,31,0,,,,,,,10,0,20,0,4,0,2,0,2,0,4,2,35.66301833333333,139.65509916666667,6,3,,,,
1,30,326,302,2,0,1,30000,0,112,2020,10,2,13,59,12,,,,,1,1,1,1,7,9,22,0,23,11,9,30,70,5,4,1,45,1,14,61,31,0,,,,,,,10,0,20,0,3,0,2,0,2,0,4,2,35.669938888888886,139.66474833333334,6,3,,,,
1,30,326,304,2,0,1,30000,0,112,2020,10,7,17,33,21,,,,,3,1,2,14,7,0,23,0,23,3,9,20,70,5,1,1,35,75,34,61,1,0,,,,,,,3,0,10,0,3,0,0,0,0,0,4,2,35.64787694444444,139.63221611111112,4,3,,,,
1,30,326,306,2,0,1,20260,0,112,2020,10,8,17,40,21,,,,,3,1,2,14,7,0,23,0,23,3,9,1,70,4,1,1,25,75,3,61,31,0,,,,,,,3,0,40,0,3,0,2,0,2,0,4,2,35.65546166666667,139.67672888888887,5,3,,,,
1,30,326,307,2,0,1,30000,0,112,2020,9,25,13,20,12,,,,,3,1,2,14,7,0,23,0,23,2,9,1,70,5,3,1,1,35,51,61,0,0,,,,,,,0,0,10,0,4,0,0,0,0,0,4,2,35.65435027777777,139.633515,6,3,,,,
1,30,326,308,2,0,1,30000,0,112,2020,9,15,18,45,21,,,,,2,1,1,1,7,1,21,0,23,15,9,30,70,5,3,1,55,45,3,61,31,0,,,,,,,5,0,20,0,3,0,2,0,2,0,4,2,35.65689138888889,139.65763611111112,3,3,,,,
1,30,326,310,2,0,1,30000,0,112,2020,10,10,20,40,22,,,,,3,1,2,14,7,0,23,0,23,3,9,1,70,5,3,1,45,55,3,61,31,0,,,,,,,5,0,40,0,3,0,2,0,2,0,4,2,35.66433472222222,139.667175,7,3,,,,
1,30,326,315,2,0,1,30000,0,112,2020,10,5,16,15,12,,,,,1,1,1,14,7,0,23,0,23,2,9,1,70,5,4,1,25,75,4,61,31,0,,,,,,,10,0,40,0,4,0,2,0,2,0,4,2,35.65173027777777,139.63477527777778,2,3,,,,
1,30,326,316,2,0,1,30000,0,112,2020,10,14,8,20,12,,,,,2,1,1,14,7,0,23,0,23,2,7,1,1,5,4,1,45,1,17,61,1,0,,,,,,,2,0,40,0,4,0,2,0,2,0,4,2,35.65512333333333,139.67402388888888,4,3,,,,
1,30,326,322,2,0,1,30000,0,112,2020,10,15,21,0,22,,,,,2,1,1,14,7,0,23,0,23,1,9,20,70,5,3,1,25,45,51,61,0,0,,,,,,,0,0,10,0,4,0,0,0,0,0,4,2,35.65094138888889,139.63717083333333,5,3,,,,
1,30,326,332,2,0,1,30000,0,112,2020,10,21,18,23,22,,,,,1,1,1,1,1,9,22,0,23,15,9,30,70,4,2,1,45,25,3,61,31,0,,,,,,,3,0,10,0,4,0,2,0,2,0,4,2,35.6524275,139.65227861111111,4,3,,,,
1,30,326,343,2,0,1,30000,0,112,2020,10,30,19,25,22,,,,,1,1,1,14,7,0,23,0,23,1,9,1,70,5,4,1,25,35,3,61,31,0,,,,,,,5,0,40,0,3,0,2,0,2,0,4,2,35.66638555555556,139.6445861111111,6,3,,,,
1,30,326,349,2,0,1,20260,0,112,2020,10,29,21,0,22,,,,,1,1,1,14,7,0,23,0,23,4,9,1,70,4,1,1,35,35,51,61,0,0,,,,,,,0,0,10,0,3,0,0,0,0,0,4,2,35.65559333333333,139.67803166666667,5,3,,,,
1,30,327,261,2,0,1,95000,0,112,2020,10,3,12,5,12,,,,,2,1,1,1,1,1,21,0,23,18,9,30,70,4,2,1,65,65,52,61,0,0,,,,,,,0,0,10,0,2,0,0,0,0,0,4,2,35.60910055555556,139.6472922222222,7,3,,,,
1,30,327,262,2,0,1,10200,0,112,2020,10,4,16,14,12,,,,,1,1,1,7,1,0,23,0,23,4,9,1,70,1,2,1,45,45,3,61,31,0,,,,,,,10,0,50,0,4,0,2,0,2,0,4,2,35.609792222222225,139.639205,1,3,,,,
1,30,327,275,2,0,1,30000,0,112,2020,10,3,13,20,12,,,,,1,1,1,14,7,0,23,0,23,2,9,1,70,5,3,1,35,55,3,61,31,0,,,,,,,2,0,40,0,3,0,2,0,2,0,4,2,35.60586111111111,139.66833666666665,7,3,,,,
1,30,327,277,2,0,1,30000,0,112,2020,10,13,17,20,21,,,,,1,1,1,1,7,9,22,0,23,11,9,30,70,5,3,1,25,65,51,61,0,0,,,,,,,0,0,10,0,3,0,0,0,0,0,4,2,35.61336388888889,139.64221722222223,3,3,,,,