資料区分,都道府県コード,警察署等コード,本票番号,事故内容,死者数,負傷者数,路線コード,地点コード,市区町村コード,発生日時　　年,発生日時　　月,発生日時　　日,発生日時　　時,発生日時　　分,昼夜,日の出時刻　　時,日の出時刻　　分,日の入り時刻　　時,日の入り時刻　　分,天候,地形,路面状態,道路形状,信号機,一時停止規制　標識（当事者A）,一時停止規制　表示（当事者A）,一時停止規制　標識（当事者B）,一時停止規制　表示（当事者B）,車道幅員,道路線形,衝突地点,ゾーン規制,中央分離帯施設等,歩車道区分,事故類型,年齢（当事者A）,年齢（当事者B）,当事者種別（当事者A）,当事者種別（当事者B）,用途別（当事者A）,用途別（当事者B）,車両形状等（当事者A）,車両形状等（当事者B）,オートマチック車（当事者A）,オートマチック車（当事者B）,サポカー（当事者A）,サポカー（当事者B）,速度規制（指定のみ）（当事者A）,速度規制（指定のみ）（当事者B）,車両の衝突部位（当事者A）,車両の衝突部位（当事者B）,車両の損壊程度（当事者A）,車両の損壊程度（当事者B）,エアバッグの装備（当事者A）,エアバッグの装備（当事者B）,サイドエアバッグの装備（当事者A）,サイドエアバッグの装備（当事者B）,人身損傷程度（当事者A）,人身損傷程度（当事者B）,lat,lon,曜日(発生年月日),祝日(発生年月日),認知機能検査経過日数（当事者A）,認知機能検査経過日数（当事者B）,運転練習の方法（当事者A）,運転練習の方法（当事者B）
1,30,327,289,2,0,1,10200,0,112,2020,9,21,5,0,23,,,,,2,1,1,1,1,9,22,0,23,18,9,30,70,4,2,1,75,65,3,61,31,0,,,,,,,10,0,50,0,3,0,2,0,2,0,4,2,35.62241027777778,139.6292102777778,2,1,,,,
1,30,327,290,2,0,1,30000,0,112,2020,10,28,12,52,12,,,,,2,1,1,1,7,9,22,0,23,15,9,30,70,5,3,1,55,45,51,61,0,0,,,,,,,0,0,10,0,3,0,0,0,0,0,4,2,35.61875833333333,139.62625027777779,4,3,,,,
1,30,327,305,2,0,1,30000,0,112,2020,8,27,10,30,12,,,,,1,1,1,14,7,0,23,0,23,2,9,1,70,5,2,1,35,1,3,61,31,0,,,,,,,2,0,20,0,3,0,2,0,2,0,4,2,35.619635833333334,139.6304741666667,5,3,,,,
1,30,328,323,2,0,1,30000,0,112,2020,10,7,13,36,12,,,,,2,1,1,1,1,9,22,0,23,17,9,30,70,4,1,1,25,55,3,61,31,0,,,,,,,3,0,10,0,3,0,2,0,2,0,4,2,35.647664166666665,139.62010055555555,4,3,,,,
1,30,328,343,2,0,1,30000,0,112,2020,10,31,13,35,12,,,,,1,1,1,14,7,0,23,0,23,3,9,1,70,4,3,1,35,75,13,61,31,0,,,,,,,3,0,10,0,3,0,2,0,2,0,4,2,35.63431083333333,139.60327333333333,7,3,,,,
1,30,328,345,2,0,1,30000,0,112,2020,10,6,7,25,12,,,,,1,1,1,1,7,9,22,0,23,14,9,30,70,5,3,1,45,55,13,61,1,0,,,,,,,10,0,50,0,4,0,2,0,2,0,4,2,35.624099722222226,139.60678833333333,3,3,,,,
1,30,330,141,2,0,1,10080,0,110,2020,9,15,1,16,22,,,,,3,1,2,1,1,9,22,0,23,14,9,30,70,1,1,1,75,25,3,61,1,0,,,,,,,5,0,10,0,3,0,2,0,2,0,4,2,35.627832500000004,139.69346805555557,3,3,,,,
1,30,330,149,2,0,1,30000,0,110,2020,10,26,14,25,12,,,,,1,1,1,14,7,0,23,0,23,3,9,1,70,5,3,1,65,25,14,61,31,0,,,,,,,10,0,10,0,4,0,2,0,2,0,4,2,35.60792527777778,139.66548222222224,2,3,,,,
1,30,330,150,2,0,1,30000,0,110,2020,10,19,9,15,12,,,,,2,1,1,14,7,0,23,0,23,2,9,1,70,5,3,1,65,25,3,61,31,0,,,,,,,2,0,20,0,4,0,2,0,2,0,4,2,35.62235361111111,139.69875944444445,2,3,,,,
1,30,330,154,2,0,1,30000,0,110,2020,10,30,11,45,12,,,,,2,1,1,14,7,0,23,0,23,2,9,1,70,4,3,1,25,25,13,61,31,0,,,,,,,2,0,40,0,4,0,2,0,2,0,4,2,35.621090277777775,139.6933852777778,6,3,,,,
1,30,330,155,2,0,1,30000,0,110,2020,6,23,16,13,12,,,,,1,1,1,14,7,0,23,0,23,3,9,20,70,5,3,1,35,45,1,61,1,0,,,,,,,10,0,10,0,4,0,2,0,2,0,4,2,35.607998333333335,139.66791277777776,3,3,,,,
1,30,330,158,2,0,1,30000,0,110,2020,10,29,17,20,21,,,,,1,1,1,1,7,1,21,0,23,11,9,30,1,5,3,1,65,55,3,61,31,0,,,,,,,2,0,80,0,3,0,2,0,2,0,4,2,35.609685,139.67145027777778,5,3,,,,
1,30,330,159,2,0,1,95000,0,110,2020,10,30,7,30,12,,,,,2,1,1,1,7,1,21,0,23,11,9,30,1,5,3,1,35,55,3,61,31,0,,,,,,,2,0,40,0,3,0,2,0,2,0,4,2,35.62806416666667,139.68679944444446,6,3,,,,
1,30,331,148,2,0,1,20120,0,113,2020,10,1,9,35,12,,,,,3,1,2,1,1,2,22,0,23,19,9,30,70,4,2,1,55,35,13,61,31,0,,,,,,,4,0,10,0,3,0,2,0,2,0,4,2,35.65085666666666,139.72224500000002,5,3,,,,
1,30,331,152,2,0,1,10090,0,113,2020,10,7,17,45,21,,,,,3,1,2,1,1,2,22,0,23,17,9,30,70,1,2,1,45,35,3,61,31,0,,,,,,,3,0,10,0,3,0,2,0,2,0,4,2,35.65394916666666,139.70781416666665,4,3,,,,
1,30,331,153,2,0,1,30000,0,113,2020,10,10,10,53,12,,,,,3,1,2,14,7,0,23,0,23,2,9,20,70,5,3,1,65,45,3,61,31,0,,,,,,,10,0,10,0,3,0,2,0,2,0,4,2,35.65015944444444,139.72127805555556,7,3,,,,
1,30,331,155,2,0,1,30220,0,113,2020,10,12,8,28,12,,,,,2,1,1,7,1,0,23,0,23,4,8,1,70,4,2,1,1,1,51,61,0,0,,,,,,,0,0,12,0,3,0,0,0,0,0,2,4,35.65873305555555,139.6972163888889,2,3,,,,
1,30,331,165,2,0,1,30000,0,113,2020,10,20,17,50,21,,,,,1,1,1,1,7,1,22,0,23,18,9,30,70,4,1,1,35,55,2,61,1,0,,,,,,,5,0,10,0,3,0,2,0,2,0,4,2,35.66079361111111,139.69461222222222,3,3,,,,
1,30,331,169,2,0,1,30000,0,113,2020,10,22,13,10,12,,,,,2,1,1,14,7,0,23,0,23,3,9,1,1,4,3,1,55,25,13,61,31,0,,,,,,,2,0,50,0,4,0,2,0,2,0,4,2,35.64651833333333,139.70889055555554,5,3,,,,
1,30,331,170,2,0,1,30000,0,113,2020,10,27,0,30,22,,,,,1,1,1,1,7,1,22,0,23,14,9,30,70,5,2,1,45,25,3,61,31,0,,,,,,,1,0,60,0,3,0,2,0,2,0,4,2,35.65669916666666,139.70343305555554,3,3,,,,
1,30,332,100,2,0,1,30000,0,113,2020,10,11,12,28,12,,,,,2,1,1,14,7,0,23,0,23,1,9,1,70,5,3,1,35,65,51,61,0,0,,,,,,,0,0,10,0,4,0,0,0,0,0,4,2,35.669018333333334,139.7117108333333,1,3,,,,
1,30,332,102,2,0,1,30000,0,113,2020,10,12,16,20,13,,,,,1,1,1,1,7,1,21,0,23,14,9,30,70,4,1,1,25,55,14,61,1,0,,,,,,,2,0,10,0,4,0,2,0,2,0,4,2,35.67385111111111,139.70573055555553,2,3,,,,
1,30,333,133,2,0,1,200,121,113,2020,10,7,19,35,22,,,,,3,1,2,1,1,9,22,0,23,17,9,30,70,1,1,1,25,65,51,61,0,0,,,,,,,0,0,10,0,3,0,0,0,0,0,4,2,35.67357527777777,139.66470944444444,4,3,,,,
1,30,333,135,2,0,1,30000,0,113,2020,10,15,17,4,13,,,,,1,1,1,1,7,9,22,0,23,14,9,20,70,5,2,1,55,55,3,61,31,0,,,,,,,2,0,10,0,3,0,2,0,2,0,4,2,35.66899333333333,139.6892263888889,5,3,,,,
1,30,333,138,2,0,1,30000,0,113,2020,10,18,0,10,22,,,,,1,1,1,14,7,0,23,0,23,2,9,1,70,5,3,1,55,35,3,61,31,0,,,,,,,1,0,20,0,4,0,2,0,2,0,4,2,35.68286194444444,139.69406305555555,1,3,,,,
1,30,435,105,2,0,1,10090,0,104,2020,10,3,15,50,12,,,,,2,1,1,14,7,0,23,0,23,6,9,1,70,4,1,1,55,35,3,61,31,0,,,,,,,5,0,40,0,3,0,2,0,2,0,4,2,35.705353888888894,139.70874638888887,7,3,,,,
1,30,435,117,2,0,1,10050,0,104,2020,10,28,12,55,12,,,,,2,1,1,14,7,0,23,0,23,5,9,1,70,1,2,1,35,45,3,61,31,0,,,,,,,10,0,30,0,3,0,2,0,2,0,4,2,35.69152472222222,139.71546888888886,4,3,,,,
1,30,436,185,2,0,1,30000,0,104,2020,9,24,8,0,12,,,,,2,1,1,1,7,9,22,0,23,17,9,30,70,4,2,1,75,35,3,61,31,0,,,,,,,4,0,10,0,4,0,2,0,2,0,4,2,35.695296666666664,139.68965527777777,5,3,,,,
1,30,436,190,2,0,1,20000,0,104,2020,10,15,14,30,12,,,,,3,1,2,1,1,9,22,0,23,18,9,30,70,4,2,1,35,75,17,61,1,0,,,,,,,10,0,40,0,4,0,2,0,2,0,4,2,35.69264166666667,139.69940472222223,5,3,,,,
1,30,436,193,2,0,1,21030,0,104,2020,10,4,17,25,21,,,,,2,1,1,1,8,9,22,0,23,18,9,20,70,4,1,1,1,35,32,61,31,0,,,,,,,3,0,40,0,3,0,0,0,0,0,4,2,35.692119999999996,139.70163833333334,1,3,,,,
1,30,436,194,2,0,1,10090,0,104,2020,10,12,13,18,12,,,,,1,1,1,1,1,9,22,0,23,18,9,30,70,1,2,1,1,45,51,61,0,0,,,,,,,0,0,20,0,3,0,0,0,0,0,4,2,35.694964444444444,139.70670805555554,2,3,,,,
1,30,436,195,2,0,1,30000,0,104,2020,10,25,4,14,22,,,,,1,1,1,14,7,0,23,0,23,4,9,1,70,4,2,1,55,35,3,61,1,0,,,,,,,4,0,80,0,3,0,2,0,2,0,4,2,35.692589444444444,139.69391944444445,1,3,,,,
1,30,437,96,2,0,1,30000,0,104,2020,10,9,12,30,12,,,,,3,1,2,1,1,9,22,0,23,11,9,30,70,5,1,1,65,65,3,61,1,0,,,,,,,10,0,10,0,4,0,2,0,2,0,4,2,35.720311111111116,139.67512083333332,6,3,,,,
1,30,437,100,2,0,1,10280,0,104,2020,10,18,19,55,22,,,,,1,1,1,14,1,0,23,0,23,5,9,1,70,1,2,1,1,25,51,61,0,0,,,,,,,0,0,10,0,3,0,0,0,0,0,4,2,35.71620583333333,139.70414805555555,1,3,,,,
1,30,438,90,2,0,1,10120,0,104,2019,11,11,13,10,12,,,,,1,1,1,14,7,0,23,0,23,3,9,1,70,5,2,1,65,75,3,61,1,0,,,,,,,5,0,0,0,4,0,2,0,2,0,4,2,35.68007,139.71955222222223,2,3,,,,
1,30,438,91,2,0,1,10050,0,104,2020,8,23,2,55,22,,,,,1,1,1,1,1,9,22,0,23,17,9,30,70,1,1,1,45,55,36,61,31,0,,,,,,,2,0,20,0,3,0,0,0,0,0,4,2,35.69130111111111,139.71236666666667,1,3,,,,
1,30,438,100,2,0,1,99000,0,104,2020,10,25,21,55,22,,,,,1,1,1,0,7,0,23,0,23,0,0,20,1,0,3,1,65,1,3,61,1,0,,,,,,,2,0,80,0,3,0,2,0,2,0,4,2,35.69146555555555,139.7080486111111,1,3,,,,
1,30,439,210,2,0,2,10240,0,114,2020,8,22,18,30,21,,,,,1,1,1,14,7,0,23,0,23,6,8,1,70,1,1,1,55,45,34,61,31,0,,,,,,,10,0,12,0,2,0,0,0,0,0,2,2,35.696662499999995,139.6849063888889,7,3,,,,
1,30,439,211,2,0,1,30000,0,114,2020,9,13,21,18,22,,,,,2,1,2,14,7,0,23,0,23,3,9,1,70,4,2,1,35,55,3,61,31,0,,,,,,,3,0,80,0,4,0,2,0,2,0,4,2,35.698387777777775,139.670875,1,3,,,,
1,30,439,212,2,0,1,10220,0,114,2020,9,19,12,30,12,,,,,2,1,1,1,1,9,22,0,23,14,9,30,70,4,1,1,45,55,51,61,0,0,,,,,,,0,0,10,0,3,0,0,0,0,0,4,2,35.70996944444445,139.68265,7,3,,,,
1,30,439,214,2,0,1,10160,0,114,2020,10,4,19,50,22,,,,,2,1,1,7,1,0,23,0,23,2,9,1,70,5,2,1,1,1,51,61,0,0,,,,,,,0,0,10,0,3,0,0,0,0,0,4,2,35.69501527777778,139.68229888888888,1,3,,,,
1,30,439,220,2,0,1,20280,0,114,2020,10,12,13,50,12,,,,,1,1,1,7,1,0,23,0,23,4,9,1,70,4,2,1,75,55,51,61,0,0,,,,,,,0,0,10,0,4,0,0,0,0,0,4,2,35.70536805555556,139.66544444444446,2,3,,,,
1,30,439,221,2,0,1,30000,0,114,2020,10,14,15,40,12,,,,,2,1,1,14,7,0,23,0,23,3,9,1,70,4,2,1,25,35,51,61,0,0,,,,,,,0,0,10,0,4,0,0,0,0,0,4,2,35.69645166666666,139.67404166666665,4,3,,,,
1,30,439,225,2,0,1,20280,0,114,2020,10,17,17,25,21,,,,,3,1,2,1,7,9,22,0,23,14,9,30,70,4,2,1,1,75,3,61,31,0,,,,,,,3,0,10,0,3,0,2,0,2,0,4,2,35.68272944444444,139.66941555555556,7,3,,,,
1,30,439,231,2,0,1,30300,0,114,2020,10,23,18,10,22,,,,,2,1,2,1,7,9,22,0,23,14,9,30,70,4,2,1,45,1,13,61,1,0,,,,,,,3,0,10,0,3,0,2,0,2,0,4,2,35.69126055555555,139.67186888888887,6,3,,,,
1,30,439,234,2,0,1,30000,0,114,2020,10,27,8,5,12,,,,,2,1,1,14,7,0,23,0,23,1,9,1,70,5,4,1,1,65,51,61,0,0,,,,,,,0,0,10,0,3,0,0,0,0,0,4,2,35.69479888888888,139.6848461111111,3,3,,,,
1,30,440,259,2,0,1,30000,0,114,2020,10,5,0,20,22,,,,,2,1,1,14,7,0,23,0,23,2,9,1,70,4,2,1,35,45,51,61,0,0,,,,,,,0,0,10,0,3,0,0,0,0,0,2,4,35.71589166666667,139.67128277777778,2,3,,,,
1,30,440,261,2,0,1,30000,0,114,2020,10,7,19,5,22,,,,,3,1,2,14,7,0,23,0,23,3,9,20,70,5,3,1,25,45,51,61,0,0,,,,,,,0,0,14,0,3,0,0,0,0,0,4,2,35.72197305555556,139.66776527777776,4,3,,,,
1,30,440,269,2,0,1,20430,0,114,2020,9,19,20,20,22,,,,,1,1,1,14,7,0,23,0,23,1,9,1,70,4,2,1,65,25,51,61,0,0,,,,,,,0,0,0,0,4,0,0,0,0,0,4,2,35.73437888888889,139.6302286111111,7,3,,,,
1,30,440,270,2,0,1,30000,0,114,2020,10,14,8,20,12,,,,,2,1,1,14,7,0,23,0,23,3,8,20,70,5,3,1,1,65,51,61,0,0,,,,,,,0,0,12,0,3,0,0,0,0,0,2,4,35.71723527777778,139.657735,4,3,,,,
1,30,440,273,2,0,1,30000,0,114,2020,10,17,10,5,12,,,,,3,1,2,1,7,1,21,0,23,11,9,30,70,5,2,1,65,55,3,61,31,0,,,,,,,10,0,20,0,3,0,2,0,2,0,4,2,35.718520000000005,139.65367972222222,7,3,,,,
1,30,440,282,2,0,1,20500,0,114,2020,10,24,20,50,22,,,,,1,1,1,13,7,0,23,0,23,1,5,1,70,4,2,1,45,65,36,61,31,0,,,,,,,2,0,10,0,3,0,0,0,0,0,4,2,35.721695555555556,139.6374875,7,3,,,,
1,30,440,292,2,0,1,30000,0,114,2020,10,30,10,35,12,,,,,2,1,1,14,7,0,23,0,23,2,9,1,70,5,4,1,75,55,3,61,31,0,,,,,,,10,0,60,0,3,0,2,0,2,0,4,2,35.713100000000004,139.67983388888888,6,3,,,,
1,30,441,213,2,0,1,10240,0,115,2020,10,6,12,30,12,,,,,1,1,1,14,7,0,23,0,23,2,9,1,70,5,4,1,65,45,4,61,31,0,,,,,,,5,0,10,0,4,0,2,0,2,0,4,2,35.697533611111105,139.66069944444445,3,3,,,,
1,30,441,221,2,0,1,10240,0,115,2020,10,13,17,15,21,,,,,1,1,1,7,7,0,23,0,23,4,9,1,70,4,2,1,25,55,51,61,0,0,,,,,,,0,0,12,0,3,0,0,0,0,0,4,2,35.69793305555555,139.6579577777778,3,3,,,,
1,30,441,226,2,0,1,10260,0,115,2020,10,17,19,20,22,,,,,3,1,2,7,1,0,23,0,23,3,9,1,70,4,2,1,45,65,14,61,31,0,,,,,,,3,0,40,0,3,0,2,0,2,0,4,2,35.69698666666666,139.64869583333333,7,3,,,,
1,30,441,240,2,0,1,20500,0,115,2020,10,31,15,35,12,,,,,1,1,1,14,7,0,23,0,23,1,8,20,70,5,4,1,35,45,14,61,1,0,,,,,,,10,0,70,0,3,0,2,0,2,0,4,2,35.70572083333334,139.63430527777777,7,3,,,,
1,30,442,212,2,0,1,30000,0,115,2020,10,5,11,30,12,,,,,2,1,1,1,7,9,22,0,23,11,7,20,70,5,4,1,55,75,3,61,1,0,,,,,,,5,0,30,0,4,0,2,0,2,0,4,2,35.68076111111111,139.65361444444446,2,3,,,,
1,30,442,214,2,0,1,10230,0,115,2020,10,9,21,30,22,,,,,3,1,2,14,7,0,23,0,23,4,9,1,70,4,1,1,75,55,3,61,1,0,,,,,,,3,0,10,0,3,0,2,0,2,0,4,2,35.68265611111111,139.6467663888889,6,3,,,,
1,30,442,217,2,0,1,30000,0,115,2020,10,14,17,35,21,,,,,2,1,1,14,7,0,23,0,23,2,9,1,70,5,3,1,45,45,3,61,31,0,,,,,,,1,0,80,0,3,0,2,0,2,0,4,2,35.687951388888884,139.6084575,4,3,,,,
1,30,442,222,2,0,1,10270,0,115,2020,10,24,17,59,22,,,,,1,1,1,7,1,0,23,0,23,4,9,1,70,5,2,1,55,1,4,61,31,0,,,,,,,3,0,40,0,3,0,2,0,2,0,4,2,35.68451194444444,139.62720805555557,7,3,,,,
1,30,442,226,2,0,1,20270,0,115,2020,10,26,16,0,13,,,,,1,1,1,14,7,0,23,0,23,4,9,1,70,4,2,1,1,65,51,61,0,0,,,,,,,0,0,40,0,3,0,0,0,0,0,4,2,35.68279361111111,139.6310388888889,2,3,,,,
1,30,442,227,2,0,1,10200,0,115,2020,10,26,19,0,22,,,,,1,1,1,1,1,9,22,0,23,19,9,30,70,1,2,1,75,55,4,61,31,0,,,,,,,3,0,10,0,3,0,2,0,2,0,4,2,35.67184333333333,139.61354694444444,2,3,,,,
1,30,442,230,2,0,1,20220,0,115,2020,9,10,14,8,12,,,,,1,1,1,14,7,0,23,0,23,3,9,1,70,4,3,1,1,0,61,0,0,0,,,,,,,0,0,0,0,0,0,0,0,0,0,2,0,35.67187944444444,139.63599583333334,5,3,,,,
1,30,442,231,2,0,1,30000,0,115,2020,9,19,18,25,21,,,,,2,1,1,14,7,0,23,0,23,1,9,1,70,5,4,1,25,45,36,61,31,0,,,,,,,2,0,10,0,3,0,0,0,0,0,4,2,35.66795833333333,139.64020444444444,7,3,,,,
1,30,442,232,2,0,1,10270,0,115,2020,10,29,18,15,22,,,,,1,1,1,14,7,0,23,0,23,3,9,1,70,5,3,1,45,55,3,61,31,0,,,,,,,2,0,40,0,3,0,2,0,2,0,4,2,35.687734166666665,139.61018194444443,5,3,,,,
1,30,442,233,2,0,1,20270,0,115,2020,9,18,23,23,22,,,,,1,1,1,14,7,0,23,0,23,2,9,20,70,4,2,1,1,45,51,61,0,0,,,,,,,0,0,0,0,4,0,0,0,0,0,4,2,35.680283055555556,139.63592472222223,6,3,,,,
1,30,442,235,2,0,1,30000,0,115,2020,10,27,19,40,22,,,,,1,1,1,14,7,0,23,0,23,2,9,1,70,5,4,1,45,55,51,61,0,0,,,,,,,0,0,10,0,3,0,0,0,0,0,4,2,35.6772925,139.64413916666666,3,3,,,,
1,30,443,174,2,0,1,10240,0,115,2020,10,4,13,15,12,,,,,2,1,1,7,7,0,23,0,23,5,9,1,70,4,1,1,25,75,3,61,31,0,,,,,,,10,0,10,0,4,0,2,0,2,0,4,2,35.71194333333334,139.60239972222223,1,3,,,,
1,30,443,177,2,0,1,10200,0,115,2020,10,11,18,20,22,,,,,3,1,2,1,1,9,22,0,23,17,9,30,70,1,2,1,1,1,3,61,31,0,,,,,,,5,0,10,0,3,0,2,0,2,0,4,2,35.69415138888888,139.61719027777778,1,3,,,,
1,30,443,194,2,0,1,30000,0,115,2020,10,30,10,40,12,,,,,2,1,1,14,7,0,23,0,23,2,9,1,70,5,3,1,35,35,17,61,1,0,,,,,,,2,0,10,0,4,0,2,0,2,0,4,2,35.71143583333333,139.62691083333334,6,3,,,,
1,30,545,63,2,0,1,30000,0,105,2020,10,2,9,30,12,,,,,1,1,1,14,7,0,23,0,23,1,9,20,70,5,4,1,35,45,3,61,31,0,,,,,,,10,0,10,0,3,0,2,0,2,0,4,2,35.71031305555556,139.7453186111111,6,3,,,,
1,30,545,65,2,0,1,20000,0,105,2020,10,9,23,14,22,,,,,3,1,2,14,1,0,23,0,23,5,9,1,70,1,2,1,25,35,3,61,31,0,,,,,,,10,0,10,0,2,0,2,0,2,0,4,2,35.706161944444446,139.74545444444442,6,3,,,,
1,30,545,72,2,0,1,30000,0,105,2020,10,23,14,7,12,,,,,3,1,2,14,7,0,23,0,23,3,9,1,70,4,1,1,55,75,3,61,31,0,,,,,,,2,0,30,0,3,0,2,0,2,0,4,2,35.716925,139.73868805555554,6,3,,,,
1,30,546,83,2,0,1,30000,0,105,2020,10,6,16,0,12,,,,,1,1,1,1,7,9,22,0,23,11,9,30,70,5,3,1,35,1,14,61,1,0,,,,,,,10,0,10,0,3,0,2,0,2,0,4,2,35.72386222222222,139.7302011111111,3,3,,,,
1,30,548,54,2,0,1,20400,0,105,2020,10,8,15,0,12,,,,,3,1,2,1,1,9,22,0,23,17,9,30,70,3,1,1,45,25,3,61,31,0,,,,,,,1,0,10,0,3,0,2,0,2,0,4,2,35.72050194444444,139.7561925,5,3,,,,
1,30,549,96,2,0,1,30000,0,116,2020,10,8,18,45,22,,,,,1,1,1,14,7,0,23,0,23,2,9,20,70,5,3,1,25,1,14,61,1,0,,,,,,,10,0,22,0,3,0,2,0,2,0,4,2,35.72894194444444,139.72862055555555,5,3,,,,
1,30,550,120,2,0,1,30000,0,116,2020,10,5,15,45,12,,,,,1,1,1,14,7,0,23,0,23,4,9,1,70,5,2,1,55,35,51,61,0,0,,,,,,,0,0,10,0,3,0,0,0,0,0,2,4,35.73361861111111,139.71070916666665,2,3,,,,
1,30,550,126,2,0,1,30000,0,116,2020,10,13,8,55,12,,,,,1,1,1,14,7,0,23,0,23,2,9,1,70,5,1,1,1,35,51,61,0,0,,,,,,,0,0,10,0,3,0,0,0,0,0,4,2,35.73272083333333,139.71313583333333,3,3,,,,
1,30,550,134,2,0,1,30000,0,116,2020,10,24,20,15,22,,,,,1,1,1,1,1,9,22,0,23,15,9,30,70,1,2,1,25,1,5,61,31,0,,,,,,,3,0,12,0,3,0,2,0,2,0,4,2,35.72959027777778,139.7139911111111,7,3,,,,
1,30,550,135,2,0,1,10090,0,116,2020,10,25,17,25,21,,,,,1,1,1,14,7,0,23,0,23,4,9,1,70,1,1,1,35,75,51,61,0,0,,,,,,,0,0,20,0,4,0,0,0,0,0,4,2,35.733494722222225,139.71699138888889,1,3,,,,
1,30,550,137,2,0,1,2540,60,116,2020,10,26,18,20,22,,,,,1,1,1,1,1,9,22,0,23,15,9,20,70,1,1,1,45,45,51,61,0,0,,,,,,,0,0,10,0,2,0,0,0,0,0,4,2,35.73858555555556,139.71073277777776,2,3,,,,
1,30,550,140,2,0,1,30000,0,116,2020,10,27,21,20,22,,,,,1,1,1,1,1,9,22,0,23,15,9,30,70,5,2,1,25,1,13,61,31,0,,,,,,,10,0,40,0,3,0,2,0,2,0,4,2,35.732641944444445,139.71185555555553,3,3,,,,
1,30,550,146,2,0,1,30000,0,116,2020,10,26,22,10,22,,,,,1,1,1,1,7,1,22,0,23,17,9,30,70,4,3,1,65,75,3,61,31,0,,,,,,,10,0,50,0,4,0,2,0,2,0,4,2,35.732576111111115,139.70759416666667,2,3,,,,
1,30,550,147,2,0,1,30000,0,116,2020,10,30,18,0,22,,,,,1,1,1,1,1,9,22,0,23,15,9,30,70,1,1,1,45,35,3,61,31,0,,,,,,,3,0,20,0,3,0,2,0,2,0,4,2,35.73452777777778,139.70943666666665,6,3,,,,
1,30,551,145,2,0,1,10160,0,116,2020,10,9,18,30,22,,,,,3,1,2,1,1,9,22,0,23,18,9,30,70,1,2,1,45,55,3,61,31,0,,,,,,,4,0,50,0,3,0,2,0,2,0,4,2,35.73331694444445,139.69935527777778,6,3,,,,
1,30,551,155,2,0,1,30000,0,116,2020,10,26,17,0,21,,,,,1,1,1,14,7,0,23,0,23,2,9,1,70,5,3,1,55,35,3,61,1,0,,,,,,,10,0,20,0,3,0,2,0,2,0,4,2,35.7223725,139.71264638888888,2,3,,,,
1,30,552,136,2,0,1,30000,0,117,2020,10,13,11,33,12,,,,,1,1,1,14,7,0,23,0,23,2,9,1,70,5,3,1,55,35,51,61,0,0,,,,,,,0,0,10,0,4,0,0,0,0,0,2,4,35.73912027777778,139.7484088888889,3,3,,,,
1,30,552,139,2,0,1,30000,0,117,2020,10,1,10,45,12,,,,,2,1,1,14,1,0,23,0,23,3,9,1,70,4,2,1,55,65,51,61,0,0,,,,,,,0,0,10,0,3,0,0,0,0,0,4,2,35.73419388888889,139.7570725,5,3,,,,
1,30,553,76,1,1,0,10090,0,117,2020,10,8,5,18,23,,,,,3,1,2,1,1,9,22,0,23,19,9,30,70,5,1,1,25,45,14,61,1,0,,,,,,,4,0,10,0,3,0,2,0,2,0,4,1,35.75608138888889,139.74152305555555,5,3,,,,
1,30,554,132,2,0,1,30000,0,117,2020,10,28,11,48,12,,,,,1,1,1,14,7,0,23,0,23,2,9,1,70,5,1,1,25,35,51,61,0,0,,,,,,,0,0,10,0,4,0,0,0,0,0,4,2,35.787726388888885,139.7019797222222,4,3,,,,
1,30,554,134,2,0,1,1220,0,117,2020,10,29,16,58,21,,,,,1,1,1,1,7,9,22,0,23,19,9,30,70,1,1,1,35,1,3,61,31,0,,,,,,,5,0,20,0,3,0,2,0,2,0,4,2,35.783404999999995,139.7222725,5,3,,,,
1,30,555,259,2,0,2,30000,0,119,2020,10,8,10,30,12,,,,,3,1,2,14,7,0,23,0,23,2,9,1,70,5,3,1,65,75,3,61,31,0,,,,,,,10,0,11,0,2,0,2,0,2,0,4,2,35.744365,139.6819825,5,3,,,,
1,30,556,220,2,0,1,30000,0,119,2020,9,11,8,0,12,,,,,1,1,1,1,1,9,22,0,23,15,9,30,70,4,2,1,35,55,3,61,31,0,,,,,,,3,0,50,0,4,0,2,0,2,0,4,2,35.78055305555556,139.67993305555555,6,3,,,,
1,30,556,221,2,0,1,30000,0,119,2020,10,3,11,15,12,,,,,1,1,1,14,7,0,23,0,23,3,9,1,70,5,4,1,55,45,51,61,0,0,,,,,,,0,0,10,0,3,0,0,0,0,0,4,2,35.79646111111111,139.68267055555555,7,3,,,,
1,30,556,226,2,0,1,30920,0,119,2020,10,8,10,12,12,,,,,3,1,2,1,1,9,22,0,23,15,9,30,70,5,1,1,25,75,3,61,31,0,,,,,,,3,0,50,0,3,0,2,0,2,0,4,2,35.77833444444445,139.66492027777778,5,3,,,,
1,30,556,230,2,0,1,170,138,119,2020,10,10,18,15,22,,,,,3,1,2,1,1,9,22,0,23,18,9,30,70,5,2,1,35,45,3,61,31,0,,,,,,,5,0,10,0,4,0,2,0,2,0,4,2,35.77878444444444,139.69227527777778,7,3,,,,