資料区分,都道府県コード,警察署等コード,本票番号,事故内容,死者数,負傷者数,路線コード,地点コード,市区町村コード,発生日時　　年,発生日時　　月,発生日時　　日,発生日時　　時,発生日時　　分,昼夜,日の出時刻　　時,日の出時刻　　分,日の入り時刻　　時,日の入り時刻　　分,天候,地形,路面状態,道路形状,信号機,一時停止規制　標識（当事者A）,一時停止規制　表示（当事者A）,一時停止規制　標識（当事者B）,一時停止規制　表示（当事者B）,車道幅員,道路線形,衝突地点,ゾーン規制,中央分離帯施設等,歩車道区分,事故類型,年齢（当事者A）,年齢（当事者B）,当事者種別（当事者A）,当事者種別（当事者B）,用途別（当事者A）,用途別（当事者B）,車両形状等（当事者A）,車両形状等（当事者B）,オートマチック車（当事者A）,オートマチック車（当事者B）,サポカー（当事者A）,サポカー（当事者B）,速度規制（指定のみ）（当事者A）,速度規制（指定のみ）（当事者B）,車両の衝突部位（当事者A）,車両の衝突部位（当事者B）,車両の損壊程度（当事者A）,車両の損壊程度（当事者B）,エアバッグの装備（当事者A）,エアバッグの装備（当事者B）,サイドエアバッグの装備（当事者A）,サイドエアバッグの装備（当事者B）,人身損傷程度（当事者A）,人身損傷程度（当事者B）,lat,lon,曜日(発生年月日),祝日(発生年月日),認知機能検査経過日数（当事者A）,認知機能検査経過日数（当事者B）,運転練習の方法（当事者A）,運転練習の方法（当事者B）
1,30,556,233,2,0,1,10200,0,119,2020,10,12,14,30,12,,,,,1,1,1,1,1,9,22,0,23,17,9,30,70,1,1,1,55,1,14,61,1,0,,,,,,,2,0,50,0,3,0,2,0,2,0,4,2,35.780565277777775,139.6929336111111,2,3,,,,
1,30,556,235,2,0,1,30000,0,119,2020,10,14,8,0,12,,,,,2,1,1,14,7,0,23,0,23,3,9,1,70,4,1,1,1,1,34,61,31,0,,,,,,,3,0,10,0,3,0,0,0,0,0,4,2,35.769510833333335,139.70591638888888,4,3,,,,
1,30,556,240,2,0,1,170,116,119,2020,10,17,8,15,12,,,,,3,1,2,14,7,0,23,0,23,5,9,1,70,1,2,1,55,65,12,61,31,0,,,,,,,5,0,40,0,3,0,2,0,2,0,4,2,35.762723055555554,139.70510777777776,7,3,,,,
1,30,556,242,2,0,1,30000,0,119,2020,10,17,15,48,12,,,,,3,1,2,1,7,1,21,0,23,14,9,30,1,4,2,1,65,75,3,61,31,0,,,,,,,2,0,80,0,4,0,2,0,2,0,4,2,35.78049444444444,139.67939333333334,7,3,,,,
1,30,556,245,2,0,1,30750,0,119,2020,10,21,14,32,12,,,,,1,1,1,1,8,9,22,0,23,15,3,30,70,4,1,1,65,55,3,61,31,0,,,,,,,2,0,10,0,3,0,2,0,2,0,4,2,35.776063055555554,139.69091305555557,4,3,,,,
1,30,556,254,2,0,1,30000,0,119,2020,6,21,10,30,12,,,,,1,1,1,14,7,0,23,0,23,3,9,1,70,4,1,1,35,75,51,61,0,0,,,,,,,0,0,20,0,4,0,0,0,0,0,4,2,35.7828575,139.6789886111111,1,3,,,,
1,30,556,255,2,0,1,30000,0,119,2020,10,8,7,25,12,,,,,3,1,2,1,7,1,21,0,23,11,9,30,70,5,1,1,65,65,14,61,31,0,,,,,,,2,0,50,0,4,0,2,0,2,0,4,2,35.771880833333334,139.6799847222222,5,3,,,,
1,30,557,211,2,0,1,30000,0,120,2020,8,27,11,48,12,,,,,2,1,1,1,1,9,22,0,23,14,9,30,70,5,2,1,45,65,13,61,31,0,,,,,,,2,0,40,0,3,0,2,0,2,0,4,2,35.7320975,139.65096833333334,5,3,,,,
1,30,557,220,2,0,1,10130,0,120,2020,10,10,19,0,22,,,,,3,1,2,1,1,9,22,0,23,17,9,30,70,6,1,1,1,35,3,61,31,0,,,,,,,4,0,10,0,3,0,2,0,2,0,4,2,35.72825277777778,139.65489,7,3,,,,
1,30,557,221,2,0,1,30000,0,120,2020,10,10,22,0,22,,,,,3,1,2,14,7,0,23,0,23,3,9,1,70,4,1,1,45,1,3,61,31,0,,,,,,,2,0,10,0,3,0,2,0,2,0,4,2,35.73305388888889,139.65916416666667,7,3,,,,
1,30,557,231,2,0,1,30000,0,120,2020,10,17,17,15,21,,,,,3,1,2,1,1,9,22,0,23,15,9,30,70,4,2,1,35,65,4,61,31,0,,,,,,,3,0,20,0,3,0,2,0,2,0,4,2,35.75185805555556,139.63914138888887,7,3,,,,
1,30,557,240,2,0,1,30000,0,120,2020,10,13,5,0,23,,,,,1,1,1,1,7,9,22,0,23,11,9,30,70,4,3,1,55,35,3,61,1,0,,,,,,,2,0,40,0,4,0,2,0,2,0,4,2,35.73642,139.65370805555557,3,3,,,,
1,30,558,280,1,1,0,10240,0,120,2020,10,28,5,30,23,,,,,1,1,1,14,7,0,23,0,23,4,9,1,70,4,1,1,25,45,3,61,31,0,,,,,,,10,0,10,0,2,0,2,0,2,0,4,1,35.72155638888889,139.58814527777778,4,3,,,,
1,30,558,288,2,0,1,30000,0,120,2020,10,4,16,58,13,,,,,1,1,1,1,5,0,23,0,23,11,9,30,70,5,3,1,25,0,61,0,0,0,,,,,,,0,0,0,0,0,0,0,0,0,0,2,0,35.761343333333336,139.58640083333333,1,3,,,,
1,30,558,293,2,0,1,30380,0,120,2020,10,10,18,30,22,,,,,3,1,2,14,7,0,23,0,23,4,9,1,70,5,2,1,55,55,3,61,31,0,,,,,,,3,0,10,0,3,0,2,0,2,0,4,2,35.76161194444445,139.58833305555555,7,3,,,,
1,30,558,298,2,0,1,20230,0,120,2020,8,13,22,30,22,,,,,1,1,1,7,2,0,23,0,23,1,9,1,70,5,1,1,1,75,51,61,0,0,,,,,,,0,0,10,0,3,0,0,0,0,0,4,2,35.71747777777778,139.58288944444445,5,3,,,,
1,30,558,300,2,0,1,30000,0,120,2020,10,19,20,50,22,,,,,2,1,2,1,7,9,22,0,23,11,9,30,70,5,1,1,1,1,3,61,31,0,,,,,,,2,0,10,0,3,0,2,0,2,0,4,2,35.74871805555556,139.5847988888889,2,3,,,,
1,30,558,302,2,0,1,30000,0,120,2020,10,22,8,30,12,,,,,1,1,1,14,7,0,23,0,23,2,9,1,70,5,4,1,55,75,4,61,31,0,,,,,,,10,0,30,0,3,0,2,0,2,0,4,2,35.764649444444444,139.6006075,5,3,,,,
1,30,558,303,2,0,1,95000,0,120,2020,10,20,7,57,12,,,,,1,1,1,14,7,0,23,0,23,3,9,1,70,5,3,1,45,1,4,61,31,0,,,,,,,2,0,10,0,4,0,2,0,2,0,4,2,35.73079555555556,139.58140666666665,3,3,,,,
1,30,558,306,2,0,1,30000,0,120,2020,10,28,21,25,22,,,,,1,1,1,14,7,0,23,0,23,3,9,1,70,4,3,1,45,65,12,61,31,0,,,,,,,2,0,40,0,3,0,2,0,2,0,4,2,35.73003583333333,139.57759916666666,4,3,,,,
1,30,558,307,2,0,1,30000,0,120,2020,10,10,11,0,12,,,,,3,1,2,1,1,9,22,0,23,15,9,30,70,4,2,1,25,1,14,61,1,0,,,,,,,2,0,10,0,3,0,2,0,2,0,4,2,35.72589,139.5886277777778,7,3,,,,
1,30,558,308,2,0,1,20230,0,120,2020,7,20,14,55,12,,,,,1,1,1,1,7,9,22,0,23,17,9,30,70,4,2,1,55,1,51,61,0,0,,,,,,,0,0,10,0,4,0,0,0,0,0,4,2,35.71922666666667,139.58281777777776,2,3,,,,
1,30,559,155,2,0,1,30000,0,119,2020,10,8,19,12,22,,,,,3,1,2,14,7,0,23,0,23,2,9,1,70,5,3,1,35,75,51,61,0,0,,,,,,,0,0,10,0,4,0,0,0,0,0,4,2,35.77541166666666,139.64342555555555,5,3,,,,
1,30,559,161,2,0,1,2540,142,119,2020,10,27,9,15,12,,,,,1,1,1,1,1,9,22,0,23,18,9,30,70,1,2,1,45,55,13,61,31,0,,,,,,,5,0,40,0,3,0,2,0,2,0,4,2,35.775328055555555,139.63412833333334,3,3,,,,
1,30,560,251,2,0,1,30000,0,120,2020,10,25,14,7,12,,,,,2,1,1,1,7,9,22,0,23,11,9,30,70,5,3,1,45,1,3,61,31,0,,,,,,,2,0,40,0,3,0,2,0,2,0,4,2,35.73601444444444,139.6272541666667,1,3,,,,
1,30,660,144,2,0,1,30000,0,106,2020,10,2,21,52,22,,,,,1,1,1,14,7,0,23,0,23,3,9,1,70,5,3,1,55,35,3,61,1,0,,,,,,,5,0,40,0,4,0,2,0,2,0,4,2,35.710322500000004,139.77839333333336,6,3,,,,
1,30,660,145,2,0,1,10290,0,106,2020,10,8,13,2,12,,,,,2,1,1,14,7,0,23,0,23,5,9,1,70,4,2,1,45,0,61,0,0,0,,,,,,,0,0,0,0,0,0,0,0,0,0,2,0,35.70220722222223,139.7802927777778,5,3,,,,
1,30,660,154,2,0,1,30000,0,106,2020,10,26,13,10,12,,,,,1,1,1,14,7,0,23,0,23,2,9,1,70,5,3,1,55,75,3,61,31,0,,,,,,,2,0,10,0,4,0,2,0,2,0,4,2,35.70745194444445,139.77452694444446,2,3,,,,
1,30,660,158,2,0,1,30000,0,106,2020,10,31,15,40,12,,,,,1,1,1,1,7,9,22,0,23,11,9,30,70,5,4,1,55,25,51,61,0,0,,,,,,,0,0,10,0,3,0,0,0,0,0,4,2,35.71039416666667,139.77501361111112,7,3,,,,
1,30,662,82,2,0,1,60,37,106,2020,10,2,11,35,12,,,,,1,1,1,7,7,0,23,0,23,5,9,1,70,4,2,1,65,65,14,61,31,0,,,,,,,4,0,10,0,3,0,2,0,2,0,4,2,35.70923055555556,139.79651333333334,6,3,,,,
1,30,662,83,2,0,1,30000,0,106,2020,10,4,16,0,12,,,,,2,1,1,14,7,0,23,0,23,5,9,1,70,4,1,1,45,1,3,61,31,0,,,,,,,10,0,50,0,4,0,2,0,2,0,4,2,35.71561472222223,139.79846027777776,1,3,,,,
1,30,663,76,2,0,1,20560,0,106,2020,10,6,22,50,22,,,,,1,1,1,1,1,9,22,0,23,18,9,30,70,1,2,1,75,45,3,61,1,0,,,,,,,4,0,10,0,3,0,2,0,2,0,4,2,35.71250944444445,139.79215444444444,3,3,,,,
1,30,663,80,2,0,1,30000,0,106,2020,10,20,16,50,13,,,,,1,1,1,14,7,0,23,0,23,2,9,1,70,5,2,1,45,55,51,61,0,0,,,,,,,0,0,10,0,3,0,0,0,0,0,4,2,35.71248416666667,139.7866875,3,3,,,,
1,30,664,65,2,0,1,95000,0,118,2020,10,5,9,30,12,,,,,2,1,1,1,1,9,22,0,23,14,9,30,70,5,2,1,1,75,51,61,0,0,,,,,,,0,0,10,0,4,0,0,0,0,0,4,2,35.74384166666667,139.77537722222223,2,3,,,,
1,30,664,66,2,0,1,10710,0,118,2020,10,16,11,32,12,,,,,1,1,1,1,1,1,21,0,23,17,9,30,1,1,1,1,1,75,51,61,0,0,,,,,,,0,0,40,0,3,0,0,0,0,0,4,2,35.745914166666665,139.7695402777778,6,3,,,,
1,30,664,68,2,0,1,30000,0,118,2020,10,22,14,40,12,,,,,2,1,1,14,7,0,23,0,23,3,9,1,70,5,3,1,45,1,3,61,31,0,,,,,,,2,0,14,0,3,0,2,0,2,0,4,2,35.75018222222222,139.78374861111112,5,3,,,,
1,30,665,65,2,0,1,30000,0,118,2020,10,17,17,50,21,,,,,3,1,2,13,7,0,23,0,23,3,6,1,70,4,1,1,1,35,51,61,0,0,,,,,,,0,0,10,0,3,0,0,0,0,0,4,2,35.73497527777778,139.80106361111112,7,3,,,,
1,30,665,68,2,0,1,10090,0,118,2020,10,26,12,30,12,,,,,1,1,1,1,1,9,22,0,23,18,9,30,70,3,1,1,55,65,4,61,31,0,,,,,,,4,0,40,0,3,0,2,0,2,0,4,2,35.7281775,139.8086152777778,2,3,,,,
1,30,666,107,2,0,1,30000,0,118,2020,10,7,16,45,13,,,,,3,1,2,1,1,9,22,0,23,11,9,30,70,5,2,1,25,75,3,61,31,0,,,,,,,3,0,10,0,3,0,2,0,2,0,4,2,35.737095833333335,139.78441805555556,4,3,,,,
1,30,666,109,2,0,1,10710,0,118,2020,10,12,15,8,12,,,,,1,1,1,1,7,9,22,0,23,17,9,30,70,4,2,1,65,45,3,61,31,0,,,,,,,5,0,50,0,4,0,2,0,2,0,4,2,35.728790000000004,139.77280055555556,2,3,,,,
1,30,666,110,2,0,1,10340,0,118,2020,10,13,8,35,12,,,,,1,1,1,1,7,9,22,0,23,14,9,30,70,4,2,1,55,55,51,61,0,0,,,,,,,0,0,20,0,3,0,0,0,0,0,4,2,35.740006944444445,139.77876694444447,3,3,,,,
1,30,666,111,2,0,1,30000,0,118,2020,10,12,6,31,11,,,,,2,1,1,14,7,0,23,0,23,2,9,20,70,5,3,1,55,55,3,61,31,0,,,,,,,10,0,40,0,4,0,2,0,2,0,4,2,35.74077361111111,139.7743452777778,2,3,,,,
1,30,666,113,2,0,1,30000,0,118,2020,10,24,15,15,12,,,,,1,1,1,7,7,0,23,0,23,2,9,1,70,5,2,1,65,55,3,61,31,0,,,,,,,2,0,30,0,3,0,2,0,1,0,4,2,35.73756916666667,139.7785863888889,7,3,,,,
1,30,666,114,2,0,1,30000,0,118,2020,10,26,6,45,11,,,,,1,1,1,1,2,9,22,0,23,14,9,30,70,4,2,1,45,65,51,61,0,0,,,,,,,0,0,10,0,3,0,0,0,0,0,4,2,35.73903666666667,139.7843475,2,3,,,,
1,30,667,114,2,0,1,30000,0,121,2020,10,17,12,50,12,,,,,3,1,2,14,7,0,23,0,23,1,9,1,70,5,4,1,35,1,17,61,1,0,,,,,,,5,0,37,0,4,0,2,0,2,0,4,2,35.745221944444445,139.80251750000002,7,3,,,,
1,30,667,117,2,0,1,30000,0,121,2020,10,21,17,15,21,,,,,1,1,1,14,7,0,23,0,23,2,9,1,70,5,1,1,55,45,3,61,31,0,,,,,,,10,0,40,0,4,0,2,0,2,0,4,2,35.74847194444445,139.80296444444446,4,3,,,,
1,30,668,324,2,0,1,30000,0,121,2020,10,6,15,30,12,,,,,2,1,1,1,1,9,22,0,23,14,9,30,70,5,2,1,35,1,3,61,31,0,,,,,,,2,0,10,0,2,0,2,0,2,0,4,2,35.77948722222222,139.7735375,3,3,,,,
1,30,668,338,2,0,1,10710,0,121,2020,10,10,5,55,11,,,,,3,1,2,1,1,9,22,0,23,19,9,30,70,1,2,1,45,25,12,61,1,0,,,,,,,5,0,10,0,3,0,2,0,2,0,4,2,35.782828055555555,139.7701086111111,7,3,,,,
1,30,668,342,2,0,1,30000,0,121,2020,10,22,16,20,13,,,,,2,1,1,14,7,0,23,0,23,1,9,1,70,5,2,1,55,1,14,61,31,0,,,,,,,3,0,20,0,3,0,2,0,2,0,4,2,35.774477777777776,139.79313694444446,5,3,,,,
1,30,668,353,2,0,1,10130,0,121,2020,10,26,13,18,12,,,,,1,1,1,1,1,9,22,0,23,17,9,30,70,1,2,1,55,75,14,61,31,0,,,,,,,4,0,40,0,3,0,2,0,2,0,4,2,35.77795861111111,139.78201444444446,2,3,,,,
1,30,668,355,2,0,1,99000,0,121,2020,10,27,8,5,12,,,,,1,1,1,0,7,0,23,0,23,0,0,20,70,0,4,1,35,75,3,61,31,0,,,,,,,10,0,30,0,4,0,2,0,2,0,4,2,35.78261388888889,139.7994711111111,3,3,,,,
1,30,668,359,2,0,1,10710,0,121,2020,10,31,18,45,22,,,,,1,1,1,1,7,9,22,0,23,14,9,30,70,5,1,1,55,65,3,61,31,0,,,,,,,10,0,50,0,3,0,2,0,2,0,4,2,35.77465055555555,139.77040222222223,7,3,,,,
1,30,669,417,2,0,1,99000,0,121,2020,9,4,9,41,12,,,,,1,1,1,0,7,0,23,0,23,0,0,20,70,0,4,1,75,55,3,61,31,0,,,,,,,10,0,10,0,3,0,2,0,2,0,4,2,35.783181666666664,139.83704861111113,6,3,,,,
1,30,669,428,2,0,1,30000,0,121,2020,10,6,14,35,12,,,,,2,1,1,1,7,0,23,0,23,15,9,30,70,5,3,1,1,0,61,0,0,0,,,,,,,0,0,0,0,0,0,0,0,0,0,2,0,35.78007361111111,139.8080263888889,3,3,,,,
1,30,669,434,2,0,1,30000,0,121,2020,10,8,22,13,22,,,,,3,1,2,14,7,0,23,0,23,3,9,1,70,4,2,1,1,75,51,61,0,0,,,,,,,0,0,10,0,3,0,0,0,0,0,4,2,35.76336027777778,139.82335722222223,5,3,,,,
1,30,669,444,2,0,1,30000,0,121,2020,10,12,14,18,12,,,,,1,1,1,14,7,0,23,0,23,3,9,1,70,5,3,1,55,65,51,61,0,0,,,,,,,0,0,10,0,3,0,0,0,0,0,4,2,35.76750277777778,139.8094677777778,2,3,,,,
1,30,669,445,2,0,1,30000,0,121,2020,10,12,16,13,13,,,,,1,1,1,1,7,1,22,0,23,14,9,30,70,4,2,1,65,55,4,61,31,0,,,,,,,2,0,84,0,3,0,2,0,2,0,4,2,35.77349638888889,139.84287222222224,2,3,,,,
1,30,669,447,2,0,1,10130,0,121,2020,9,2,13,35,12,,,,,2,1,1,14,7,0,23,0,23,4,9,1,70,1,1,1,35,0,61,0,0,0,,,,,,,0,0,0,0,0,0,0,0,0,0,2,0,35.777567222222224,139.8316736111111,4,3,,,,
1,30,669,451,2,0,1,30000,0,121,2020,10,14,7,45,12,,,,,2,1,1,1,7,1,22,0,23,11,9,30,1,5,1,1,65,1,3,61,31,0,,,,,,,2,0,20,0,3,0,2,0,2,0,4,2,35.77789527777778,139.8351138888889,4,3,,,,
1,30,669,470,2,0,1,30000,0,121,2020,10,24,15,35,12,,,,,1,1,1,1,1,9,22,0,23,11,9,30,70,4,2,1,55,1,3,61,31,0,,,,,,,3,0,50,0,3,0,2,0,2,0,4,2,35.77963833333333,139.83039333333332,7,3,,,,
1,30,669,472,2,0,1,90000,0,121,2020,10,25,13,35,12,,,,,1,1,1,14,7,0,23,0,23,2,9,1,70,5,3,1,35,1,3,61,31,0,,,,,,,10,0,80,0,4,0,2,0,2,0,4,2,35.7984425,139.8388216666667,1,3,,,,
1,30,669,481,2,0,1,30450,0,121,2020,10,29,9,10,12,,,,,1,1,1,14,7,0,23,0,23,3,9,1,70,4,2,1,75,35,51,61,0,0,,,,,,,0,0,40,0,3,0,0,0,0,0,2,4,35.77761527777778,139.8434925,5,3,,,,
1,30,669,482,2,0,1,20000,0,121,2020,10,29,16,50,21,,,,,1,1,1,1,1,9,22,0,23,14,9,30,70,4,2,1,25,1,4,61,31,0,,,,,,,3,0,20,0,3,0,2,0,2,0,4,2,35.76731972222222,139.81871027777777,5,3,,,,
1,30,669,486,2,0,1,30000,0,121,2020,10,31,9,28,12,,,,,1,1,1,1,1,9,22,0,23,14,9,20,70,4,2,1,65,1,51,61,0,0,,,,,,,0,0,10,0,4,0,0,0,0,0,4,2,35.76361611111111,139.8074663888889,7,3,,,,
1,30,670,177,2,0,1,10710,0,121,2020,10,4,12,35,12,,,,,2,1,1,1,1,9,22,0,23,15,9,30,70,1,1,1,35,55,13,61,31,0,,,,,,,3,0,10,0,3,0,2,0,2,0,4,2,35.79574611111111,139.7702813888889,1,3,,,,
1,30,670,180,2,0,1,30000,0,121,2020,10,9,19,0,22,,,,,3,1,2,7,1,0,23,0,23,2,9,1,70,4,1,1,75,55,3,61,31,0,,,,,,,3,0,10,0,3,0,2,0,2,0,4,2,35.79308666666667,139.79431888888888,6,3,,,,
1,30,670,194,2,0,1,40,128,121,2020,10,23,10,5,12,,,,,3,1,2,1,1,9,22,0,23,17,9,30,70,1,1,1,75,75,3,61,31,0,,,,,,,4,0,80,0,3,0,2,0,2,0,4,2,35.79134861111111,139.8026741666667,6,3,,,,
1,30,771,255,2,0,1,30000,0,108,2020,10,7,17,35,21,,,,,3,1,2,14,7,0,23,0,23,5,7,1,70,1,2,1,35,75,3,61,1,0,,,,,,,10,0,0,0,4,0,2,0,2,0,4,2,35.65604305555556,139.79479333333333,4,3,,,,
1,30,771,257,2,0,1,30000,0,108,2020,10,12,19,23,22,,,,,1,1,1,7,7,0,23,0,23,3,9,1,70,5,1,1,55,35,14,61,31,0,,,,,,,4,0,80,0,3,0,2,0,2,0,4,2,35.670315277777775,139.81651000000002,2,3,,,,
1,30,771,273,2,0,1,30000,0,108,2020,10,27,8,25,12,,,,,1,1,1,1,7,9,22,0,23,11,9,30,70,5,3,1,65,25,14,61,1,0,,,,,,,2,0,60,0,4,0,2,0,2,0,4,2,35.67984638888888,139.819405,3,3,,,,
1,30,771,274,2,0,1,30000,0,108,2020,10,28,18,25,22,,,,,1,1,1,1,7,1,22,0,23,15,9,30,70,5,1,1,55,1,3,61,31,0,,,,,,,1,0,40,0,3,0,2,0,2,0,4,2,35.68716305555555,139.7951486111111,4,3,,,,
1,30,771,275,2,0,1,10020,0,108,2020,10,16,17,27,21,,,,,1,1,1,1,1,9,22,0,23,19,9,30,70,1,1,1,65,1,3,61,1,0,,,,,,,4,0,80,0,4,0,2,0,2,0,4,2,35.65267,139.79797638888888,6,3,,,,
1,30,772,177,2,0,1,30000,0,108,2020,8,26,12,50,12,,,,,1,1,1,1,7,9,22,0,23,14,9,30,70,5,1,1,65,75,3,61,1,0,,,,,,,2,0,20,0,4,0,2,0,2,0,4,2,35.672848055555555,139.8288561111111,4,3,,,,
1,30,772,182,2,0,1,95000,0,108,2020,9,27,16,30,12,,,,,2,1,1,0,7,0,23,0,23,0,0,20,70,0,4,1,25,25,51,61,0,0,,,,,,,0,0,10,0,3,0,0,0,0,0,4,2,35.65929666666666,139.84255666666667,1,3,,,,
1,30,772,185,2,0,1,30000,0,108,2020,10,11,12,18,12,,,,,2,1,1,14,7,0,23,0,23,4,9,1,70,4,2,1,25,1,51,61,0,0,,,,,,,0,0,20,0,4,0,0,0,0,0,4,2,35.698182777777774,139.82433138888888,1,3,,,,
1,30,772,188,2,0,1,30000,0,108,2020,10,12,14,35,12,,,,,2,1,1,14,7,0,23,0,23,3,9,1,70,5,4,1,55,1,14,61,1,0,,,,,,,10,0,10,0,3,0,2,0,2,0,4,2,35.69168055555555,139.82065916666667,2,3,,,,
1,30,772,192,2,0,1,30000,0,108,2020,10,8,17,40,21,,,,,3,1,1,1,1,9,22,0,23,18,9,30,70,1,2,1,65,55,3,61,31,0,,,,,,,3,0,10,0,3,0,2,0,2,0,4,2,35.68781027777777,139.84532555555558,5,3,,,,
1,30,772,194,2,0,1,20000,0,108,2020,10,9,18,55,22,,,,,3,1,2,14,7,0,23,0,23,5,9,1,70,1,2,1,35,55,35,61,31,0,,,,,,,10,0,10,0,3,0,0,0,0,0,4,2,35.65757972222222,139.82282944444444,6,3,,,,
1,30,773,169,2,0,1,140,31,107,2020,10,20,11,30,12,,,,,1,1,1,7,1,0,23,0,23,6,9,1,70,1,2,1,45,65,11,61,1,0,,,,,,,5,0,40,0,4,0,2,0,2,0,4,2,35.69450138888889,139.79909944444444,3,3,,,,
1,30,773,171,2,0,1,30000,0,107,2020,10,20,15,45,12,,,,,1,1,1,14,7,0,23,0,23,3,9,1,70,5,2,1,55,35,3,61,31,0,,,,,,,2,0,40,0,4,0,2,0,2,0,4,2,35.695476944444444,139.79566416666665,3,3,,,,
1,30,773,177,2,0,1,30000,0,107,2020,10,29,11,45,12,,,,,1,1,1,1,1,9,22,0,23,14,9,30,70,4,2,1,65,35,14,61,1,0,,,,,,,10,0,10,0,3,0,2,0,2,0,4,2,35.69743694444444,139.80658277777778,5,3,,,,
1,30,773,178,2,0,1,30000,0,107,2020,10,30,9,30,12,,,,,2,1,1,14,7,0,23,0,23,3,9,1,70,5,2,1,45,25,3,61,31,0,,,,,,,10,0,30,0,3,0,1,0,2,0,4,2,35.6904275,139.80436916666667,6,3,,,,
1,30,774,131,2,0,1,30000,0,107,2020,10,11,22,39,22,,,,,2,1,1,1,7,1,21,0,23,18,7,30,70,4,2,1,65,45,3,61,31,0,,,,,,,2,0,50,0,3,0,2,0,2,0,4,2,35.708375555555556,139.8181338888889,1,3,,,,
1,30,775,193,2,0,1,10130,0,122,2020,10,2,21,30,22,,,,,1,1,1,1,1,9,22,0,23,18,9,30,70,1,2,1,45,35,3,61,31,0,,,,,,,4,0,10,0,3,0,2,0,2,0,4,2,35.74842666666667,139.8579838888889,6,3,,,,
1,30,775,207,2,0,1,10380,0,122,2020,10,22,13,35,12,,,,,1,1,1,7,7,0,23,0,23,1,9,1,70,4,1,1,45,65,3,61,31,0,,,,,,,3,0,80,0,3,0,2,0,2,0,4,2,35.75642583333333,139.87668583333334,5,3,,,,
1,30,775,212,2,0,1,30000,0,122,2020,10,12,19,32,22,,,,,2,1,1,1,7,9,22,0,23,15,9,30,70,4,2,1,55,35,3,61,31,0,,,,,,,2,0,10,0,3,0,2,0,2,0,4,2,35.74925722222223,139.84838055555556,2,3,,,,
1,30,775,214,2,0,1,30000,0,122,2020,10,29,8,30,12,,,,,1,1,1,14,7,0,23,0,23,3,9,1,70,4,2,1,65,35,3,61,1,0,,,,,,,2,0,40,0,4,0,2,0,2,0,4,2,35.76872972222222,139.8705613888889,5,3,,,,
1,30,775,215,2,0,1,10700,0,122,2020,10,5,8,18,12,,,,,2,1,1,14,7,0,23,0,23,4,9,1,70,4,2,1,45,1,4,61,31,0,,,,,,,2,0,10,0,3,0,2,0,2,0,4,2,35.78728583333333,139.86484055555556,2,3,,,,
1,30,776,162,2,0,1,99000,0,122,2020,10,10,11,20,12,,,,,3,1,2,0,7,0,23,0,23,0,0,20,70,0,4,1,65,45,3,61,31,0,,,,,,,10,0,30,0,4,0,2,0,2,0,4,2,35.74755611111111,139.86434027777779,7,3,,,,
1,30,776,166,2,0,1,30000,0,122,2020,10,3,10,0,12,,,,,1,1,1,14,7,0,23,0,23,2,9,1,70,5,3,1,75,25,14,61,31,0,,,,,,,5,0,80,0,4,0,2,0,2,0,4,2,35.723753333333335,139.86516749999998,7,3,,,,
1,30,776,171,2,0,1,30000,0,122,2020,9,13,13,45,12,,,,,2,1,1,14,7,0,23,0,23,2,9,1,70,5,3,1,25,55,36,61,31,0,,,,,,,10,0,20,0,4,0,0,0,0,0,4,2,35.72932111111111,139.85372388888888,1,3,,,,
1,30,777,603,2,0,1,30000,0,123,2020,10,3,7,55,12,,,,,1,1,1,14,2,0,23,0,23,3,9,1,70,4,2,1,45,25,31,61,31,0,,,,,,,3,0,10,0,2,0,0,0,0,0,4,2,35.685698055555555,139.90753722222223,7,3,,,,
1,30,777,614,2,0,1,30000,0,123,2020,10,10,15,40,12,,,,,3,1,3,1,7,0,23,0,23,15,9,30,70,5,2,1,25,0,61,0,0,0,,,,,,,0,0,0,0,0,0,0,0,0,0,2,0,35.70972861111112,139.87819861111112,7,3,,,,
1,30,777,623,2,0,1,10400,0,123,2020,10,17,14,50,12,,,,,3,1,2,14,7,0,23,0,23,3,9,1,70,5,2,1,35,0,61,0,0,0,,,,,,,0,0,0,0,0,0,0,0,0,0,2,0,35.71101194444445,139.86541499999998,7,3,,,,
1,30,777,628,2,0,1,30000,0,123,2020,10,21,19,40,22,,,,,1,1,1,14,7,0,23,0,23,2,9,1,70,4,3,1,65,35,13,61,31,0,,,,,,,2,0,10,0,3,0,2,0,2,0,4,2,35.70755638888889,139.83892277777778,4,3,,,,
1,30,777,635,2,0,1,30000,0,123,2020,10,24,11,30,12,,,,,1,1,1,14,7,0,23,0,23,2,9,1,70,5,4,1,1,0,61,0,0,0,,,,,,,0,0,0,0,0,0,0,0,0,0,2,0,35.70876388888889,139.88090333333335,7,3,,,,
1,30,778,150,2,0,1,30000,0,123,2020,10,4,7,45,12,,,,,3,1,1,7,7,0,23,0,23,3,9,1,70,4,4,1,1,75,51,61,0,0,,,,,,,0,0,10,0,3,0,0,0,0,0,4,2,35.71494694444445,139.89185388888887,1,3,,,,