資料区分,都道府県コード,警察署等コード,本票番号,事故内容,死者数,負傷者数,路線コード,地点コード,市区町村コード,発生日時　　年,発生日時　　月,発生日時　　日,発生日時　　時,発生日時　　分,昼夜,日の出時刻　　時,日の出時刻　　分,日の入り時刻　　時,日の入り時刻　　分,天候,地形,路面状態,道路形状,信号機,一時停止規制　標識（当事者A）,一時停止規制　表示（当事者A）,一時停止規制　標識（当事者B）,一時停止規制　表示（当事者B）,車道幅員,道路線形,衝突地点,ゾーン規制,中央分離帯施設等,歩車道区分,事故類型,年齢（当事者A）,年齢（当事者B）,当事者種別（当事者A）,当事者種別（当事者B）,用途別（当事者A）,用途別（当事者B）,車両形状等（当事者A）,車両形状等（当事者B）,オートマチック車（当事者A）,オートマチック車（当事者B）,サポカー（当事者A）,サポカー（当事者B）,速度規制（指定のみ）（当事者A）,速度規制（指定のみ）（当事者B）,車両の衝突部位（当事者A）,車両の衝突部位（当事者B）,車両の損壊程度（当事者A）,車両の損壊程度（当事者B）,エアバッグの装備（当事者A）,エアバッグの装備（当事者B）,サイドエアバッグの装備（当事者A）,サイドエアバッグの装備（当事者B）,人身損傷程度（当事者A）,人身損傷程度（当事者B）,lat,lon,曜日(発生年月日),祝日(発生年月日),認知機能検査経過日数（当事者A）,認知機能検査経過日数（当事者B）,運転練習の方法（当事者A）,運転練習の方法（当事者B）
1,30,778,155,2,0,1,30000,0,123,2020,10,10,8,55,12,,,,,3,1,2,14,7,0,23,0,23,2,9,1,70,5,4,1,65,75,14,61,1,0,,,,,,,1,0,60,0,4,0,2,0,2,0,4,2,35.73301222222222,139.87943,7,3,,,,
1,30,779,294,2,0,1,30000,0,123,2020,10,7,13,14,12,,,,,2,1,1,14,7,0,23,0,23,2,9,1,70,5,4,1,65,45,3,61,31,0,,,,,,,10,0,40,0,4,0,2,0,2,0,4,2,35.660152777777775,139.8854136111111,4,3,,,,
1,30,779,295,2,0,1,10390,0,123,2020,10,7,19,32,22,,,,,3,1,2,7,7,0,23,0,23,3,9,1,70,4,1,1,55,45,4,61,31,0,,,,,,,10,0,10,0,4,0,2,0,2,0,4,2,35.67530166666666,139.85907944444443,4,3,,,,
1,30,779,300,2,0,1,30000,0,123,2020,10,2,17,55,21,,,,,1,1,1,1,7,9,22,0,23,17,9,30,70,4,2,1,55,25,3,61,31,0,,,,,,,2,0,10,0,3,0,2,0,2,0,4,2,35.662061666666666,139.8737352777778,6,3,,,,
1,30,779,309,2,0,1,10130,0,123,2020,10,15,18,10,22,,,,,3,1,2,1,1,9,22,0,23,17,9,30,70,1,2,1,35,45,14,61,31,0,,,,,,,4,0,50,0,3,0,2,0,2,0,4,2,35.669846111111106,139.87471305555556,5,3,,,,
1,30,779,315,2,0,1,30000,0,123,2020,10,24,0,5,22,,,,,1,1,1,14,7,0,23,0,23,2,9,1,70,5,4,1,45,45,51,61,0,0,,,,,,,0,0,20,0,3,0,0,0,0,0,4,2,35.683915,139.86762722222224,7,3,,,,
1,30,876,288,2,0,1,30000,0,201,2020,10,2,17,55,21,,,,,1,1,1,1,7,9,22,0,23,15,8,30,70,4,2,1,65,25,13,61,31,0,,,,,,,3,0,20,0,3,0,2,0,2,0,4,2,35.617289444444445,139.3673386111111,6,3,,,,
1,30,876,295,2,0,1,99000,0,201,2020,10,1,19,45,22,,,,,1,1,1,0,7,0,23,0,23,0,0,20,70,0,4,1,25,1,4,61,31,0,,,,,,,10,0,30,0,3,0,2,0,2,0,4,2,35.60449416666667,139.38578833333332,5,3,,,,
1,30,876,298,2,0,1,10480,0,201,2020,9,18,19,20,22,,,,,2,2,1,14,7,0,23,0,23,1,9,1,70,5,2,1,45,55,51,61,0,0,,,,,,,0,0,0,0,4,0,0,0,0,0,4,2,35.62790777777778,139.39644694444445,6,3,,,,
1,30,876,302,2,0,1,21200,0,201,2020,7,29,10,58,12,,,,,2,1,1,1,1,9,22,0,23,15,9,30,70,4,2,1,35,75,3,61,31,0,,,,,,,3,0,20,0,3,0,2,0,2,0,4,2,35.626753055555554,139.33024138888888,4,3,,,,
1,30,877,196,2,0,1,20770,0,201,2020,10,2,18,35,22,,,,,1,3,1,7,7,0,23,0,23,3,9,1,70,4,2,1,55,1,3,61,31,0,,,,,,,2,0,50,0,3,0,2,0,2,0,4,2,35.63521388888889,139.2913963888889,6,3,,,,
1,30,877,211,2,0,1,20770,0,201,2020,10,20,8,25,12,,,,,1,3,1,1,7,8,22,0,23,14,9,30,70,4,2,1,45,1,34,61,31,0,,,,,,,3,0,10,0,3,0,0,0,0,0,4,2,35.63513833333333,139.29097277777777,3,3,,,,
1,30,877,212,2,0,1,30000,0,201,2020,10,20,13,45,12,,,,,1,2,1,1,7,9,22,0,23,14,9,30,70,5,3,1,45,65,3,61,31,0,,,,,,,10,0,40,0,4,0,2,0,2,0,4,2,35.64060972222222,139.27074305555556,3,3,,,,
1,30,877,216,2,0,1,30000,0,201,2020,10,26,9,5,12,,,,,1,2,1,1,1,9,22,0,23,15,9,30,1,1,2,1,55,1,4,61,31,0,,,,,,,3,0,50,0,4,0,2,0,2,0,4,2,35.64377611111111,139.3070002777778,2,3,,,,
1,30,878,276,2,0,1,10610,0,225,2020,9,16,5,15,23,,,,,1,1,1,12,7,0,23,0,23,1,9,1,70,1,1,1,35,65,51,61,0,0,,,,,,,0,0,10,0,3,0,0,0,0,0,4,2,35.6430075,139.52406972222224,4,3,,,,
1,30,878,279,2,0,1,30000,0,224,2020,10,1,21,0,22,,,,,1,2,1,1,1,9,22,0,23,14,9,30,70,4,1,1,45,45,3,61,31,0,,,,,,,5,0,10,0,2,0,2,0,2,0,4,2,35.63495722222222,139.4429925,5,3,,,,
1,30,878,293,2,0,1,30000,0,225,2020,10,13,17,9,21,,,,,1,2,1,1,1,9,22,0,23,11,9,30,70,4,2,1,45,1,14,61,31,0,,,,,,,4,0,10,0,4,0,2,0,2,0,4,2,35.614061944444444,139.4845022222222,3,3,,,,
1,30,878,301,2,0,1,30000,0,224,2020,10,23,14,31,12,,,,,3,1,2,14,7,0,23,0,23,2,9,1,70,1,1,1,45,75,3,61,31,0,,,,,,,10,0,80,0,3,0,2,0,2,0,4,2,35.62501805555556,139.42802,6,3,,,,
1,30,878,308,2,0,1,30000,0,225,2020,10,30,7,43,12,,,,,1,2,1,14,7,0,23,0,23,1,8,1,70,5,2,1,1,25,51,61,0,0,,,,,,,0,0,10,0,4,0,0,0,0,0,4,2,35.647735833333336,139.4887983333333,6,3,,,,
1,30,878,312,2,0,1,30000,0,225,2020,10,27,7,15,12,,,,,1,1,1,1,7,1,22,0,23,14,8,30,70,4,2,1,55,55,4,61,31,0,,,,,,,10,0,10,0,4,0,2,0,2,0,4,2,35.610729444444445,139.48444777777777,3,3,,,,
1,30,879,373,2,0,1,30000,0,223,2020,10,1,15,5,12,,,,,1,2,1,14,7,0,23,0,23,3,9,1,70,5,1,1,45,1,3,61,31,0,,,,,,,2,0,10,0,3,0,2,0,2,0,4,2,35.74608472222222,139.40046361111112,5,3,,,,
1,30,879,382,2,0,1,30000,0,223,2020,10,6,18,30,22,,,,,1,1,1,7,7,0,23,0,23,3,9,1,70,4,2,1,45,45,3,61,31,0,,,,,,,3,0,10,0,3,0,2,0,2,0,4,2,35.73549805555556,139.40559861111112,3,3,,,,
1,30,879,383,2,0,1,30000,0,220,2020,10,6,20,10,22,,,,,1,1,1,14,7,0,23,0,23,2,9,1,70,4,2,1,1,45,51,61,0,0,,,,,,,0,0,10,0,3,0,0,0,0,0,4,2,35.73715472222222,139.43468694444445,3,3,,,,
1,30,879,393,2,0,1,30000,0,220,2020,10,14,14,58,12,,,,,1,1,1,1,7,9,22,0,23,14,9,30,70,5,2,1,45,1,14,61,31,0,,,,,,,3,0,80,0,3,0,2,0,2,0,4,2,35.73916444444445,139.44651000000002,4,3,,,,
1,30,879,396,2,0,1,10540,0,220,2020,10,19,0,50,22,,,,,1,1,1,14,7,0,23,0,23,4,9,1,70,1,2,1,35,45,3,61,1,0,,,,,,,3,0,30,0,3,0,2,0,2,0,4,2,35.746500833333336,139.4158763888889,2,3,,,,
1,30,879,420,2,0,1,30000,0,223,2020,10,30,17,47,21,,,,,1,2,1,14,7,0,23,0,23,3,9,1,70,4,2,1,55,1,35,61,31,0,,,,,,,3,0,10,0,3,0,0,0,0,0,4,2,35.76163583333334,139.36634305555555,6,3,,,,
1,30,880,261,2,0,1,99000,0,205,2020,10,7,9,5,12,,,,,1,2,1,0,7,0,23,0,23,0,0,20,70,0,4,1,55,45,3,61,31,0,,,,,,,10,0,10,0,3,0,2,0,2,0,4,2,35.79435861111111,139.31849055555554,4,3,,,,
1,30,880,278,2,0,1,30000,0,205,2020,10,28,14,50,12,,,,,1,1,1,1,1,9,22,0,23,15,9,30,70,4,2,1,65,55,3,61,31,0,,,,,,,3,0,10,0,3,0,2,0,2,0,4,2,35.785830555555556,139.29221555555554,4,3,,,,
1,30,882,313,2,0,1,30000,0,227,2020,9,24,19,45,22,,,,,3,3,2,1,1,9,22,0,23,15,9,30,70,4,2,1,35,1,3,61,31,0,,,,,,,3,0,10,0,3,0,2,0,2,0,4,2,35.758402777777775,139.31997805555554,5,3,,,,
1,30,882,327,2,0,1,99000,0,228,2020,10,5,20,30,22,,,,,1,2,1,0,7,0,23,0,23,0,0,20,70,0,4,1,55,75,3,61,31,0,,,,,,,10,0,20,0,3,0,2,0,2,0,4,2,35.731315,139.2901938888889,2,3,,,,
1,30,882,328,2,0,1,30000,0,228,2020,10,18,15,48,12,,,,,1,1,1,14,7,0,23,0,23,3,9,20,70,5,3,1,45,1,3,61,1,0,,,,,,,10,0,80,0,3,0,2,0,2,0,4,2,35.73442444444444,139.29976833333333,1,3,,,,
1,30,882,334,2,0,1,30000,0,218,2020,10,6,18,25,22,,,,,1,3,1,1,1,9,22,0,23,15,9,30,70,4,2,1,55,35,4,61,31,0,,,,,,,2,0,50,0,3,0,2,0,2,0,4,2,35.73647361111111,139.33371611111113,3,3,,,,
1,30,883,393,1,1,0,30000,0,201,2020,10,9,17,55,21,,,,,3,1,2,1,7,9,22,0,23,14,9,30,70,5,1,1,65,75,3,61,31,0,,,,,,,3,0,10,0,3,0,2,0,2,0,4,1,35.67283916666666,139.32449111111112,6,3,,,,
1,30,883,394,2,0,1,30000,0,201,2020,9,15,16,25,12,,,,,1,1,1,14,1,0,23,0,23,3,9,1,70,4,2,1,1,1,51,61,0,0,,,,,,,0,0,10,0,3,0,0,0,0,0,4,2,35.644400833333336,139.3214213888889,3,3,,,,
1,30,883,395,2,0,1,30000,0,201,2019,10,8,12,30,12,,,,,2,2,1,14,7,0,23,0,23,3,9,1,70,5,3,1,55,35,51,61,0,0,,,,,,,0,0,40,0,4,0,0,0,0,0,4,2,35.66505472222222,139.34390416666668,3,3,,,,
1,30,883,406,2,0,1,30000,0,201,2020,10,7,17,20,21,,,,,3,1,2,1,7,9,22,0,23,14,7,30,70,4,1,1,45,45,3,61,31,0,,,,,,,3,0,80,0,3,0,2,0,2,0,4,2,35.65224222222222,139.3312547222222,4,3,,,,
1,30,883,423,2,0,1,10460,0,201,2020,10,19,17,30,21,,,,,3,1,2,1,1,9,22,0,23,18,9,30,70,4,1,1,65,65,3,61,31,0,,,,,,,3,0,50,0,3,0,2,0,2,0,4,2,35.660872222222224,139.32331416666668,2,3,,,,
1,30,883,424,2,0,1,30000,0,201,2020,10,19,19,40,22,,,,,2,2,2,1,7,1,21,0,23,11,9,30,70,5,3,1,35,65,3,61,31,0,,,,,,,10,0,80,0,3,0,2,0,2,0,4,2,35.66851388888889,139.33799944444445,2,3,,,,
1,30,883,433,2,0,1,30000,0,201,2020,10,24,16,50,13,,,,,1,1,1,14,7,0,23,0,23,3,9,1,70,4,2,1,75,35,51,61,0,0,,,,,,,0,0,40,0,4,0,0,0,0,0,4,2,35.66225055555555,139.32956916666666,7,3,,,,
1,30,883,437,2,0,1,99000,0,201,2020,10,26,17,50,21,,,,,1,1,1,0,7,0,23,0,23,0,0,20,70,0,4,1,65,45,3,61,31,0,,,,,,,10,0,10,0,3,0,2,0,2,0,4,2,35.68680972222222,139.29611888888888,2,3,,,,
1,30,883,440,2,0,1,30000,0,201,2020,10,28,10,15,12,,,,,1,1,1,14,7,0,23,0,23,2,9,1,70,5,3,1,1,75,51,61,0,0,,,,,,,0,0,10,0,3,0,0,0,0,0,4,2,35.671991388888884,139.31656444444445,4,3,,,,
1,30,883,447,2,0,1,160,0,201,2020,9,28,19,23,22,,,,,1,1,1,1,1,9,22,0,23,14,9,30,70,4,2,1,1,25,3,61,31,0,,,,,,,4,0,10,0,3,0,2,0,2,0,4,2,35.657264999999995,139.33311277777779,2,3,,,,
1,30,883,448,2,0,1,30000,0,201,2020,10,31,8,10,12,,,,,1,2,1,1,1,9,22,0,23,18,9,30,70,4,2,1,45,1,14,61,1,0,,,,,,,3,0,20,0,4,0,2,0,2,0,4,2,35.668656666666664,139.35954694444445,7,3,,,,
1,30,883,450,2,0,1,20000,0,201,2020,10,31,17,15,21,,,,,1,1,1,14,7,0,23,0,23,5,9,1,70,4,1,1,65,45,13,61,31,0,,,,,,,3,0,10,0,3,0,2,0,2,0,4,2,35.65389527777778,139.33900805555555,7,3,,,,
1,30,883,451,2,0,1,99000,0,201,2020,10,31,13,52,12,,,,,1,1,1,0,7,0,23,0,23,0,0,20,70,0,4,1,45,35,3,61,31,0,,,,,,,10,0,20,0,3,0,2,0,2,0,4,2,35.687418611111106,139.30601166666668,7,3,,,,
1,30,883,455,2,0,1,30000,0,201,2020,10,16,17,0,13,,,,,2,1,1,1,7,9,22,0,23,11,9,30,70,5,3,1,55,35,3,61,1,0,,,,,,,5,0,70,0,3,0,2,0,2,0,4,2,35.65872861111111,139.34071277777778,6,3,,,,
1,30,884,389,2,0,1,10490,0,209,2020,10,5,9,20,12,,,,,2,2,1,1,7,9,22,0,23,17,9,20,70,4,1,1,55,45,51,61,0,0,,,,,,,0,0,10,0,3,0,0,0,0,0,4,2,35.52644111111111,139.46540166666665,2,3,,,,
1,30,884,397,2,0,1,30000,0,209,2020,10,13,11,43,12,,,,,1,1,1,12,7,0,23,0,23,2,9,1,70,5,3,1,1,45,17,61,31,0,,,,,,,2,0,10,0,3,0,2,0,2,0,4,2,35.552774444444445,139.46080583333332,3,3,,,,
1,30,884,400,2,0,1,10610,0,209,2020,8,5,19,35,21,,,,,2,1,1,14,7,0,23,0,23,3,9,1,70,5,2,1,45,75,3,61,31,0,,,,,,,10,0,10,0,4,0,2,0,2,0,4,2,35.573095,139.45874166666667,4,3,,,,
1,30,884,404,2,0,1,30550,0,209,2020,10,14,13,30,12,,,,,2,1,1,14,7,0,23,0,23,1,9,1,70,4,2,1,1,1,34,61,31,0,,,,,,,2,0,40,0,3,0,0,0,0,0,4,2,35.588572500000005,139.4027338888889,4,3,,,,
1,30,884,409,2,0,1,30000,0,209,2020,10,16,14,17,12,,,,,1,1,1,14,7,0,23,0,23,3,8,1,70,4,3,1,1,45,3,61,31,0,,,,,,,3,0,40,0,3,0,2,0,2,0,4,2,35.539764166666664,139.454085,6,3,,,,
1,30,884,411,2,0,1,30000,0,209,2020,10,16,16,3,12,,,,,1,1,1,14,7,0,23,0,23,2,9,1,70,5,2,1,45,1,3,61,31,0,,,,,,,2,0,10,0,3,0,2,0,2,0,4,2,35.535648055555555,139.4738047222222,6,3,,,,
1,30,884,414,2,0,1,30000,0,209,2020,9,8,18,15,21,,,,,1,1,1,12,7,0,23,0,23,3,9,1,70,5,3,1,35,45,4,61,31,0,,,,,,,2,0,20,0,4,0,2,0,2,0,4,2,35.5323875,139.4523947222222,3,3,,,,
1,30,884,415,2,0,1,20750,0,209,2020,9,24,13,34,12,,,,,2,1,1,7,1,0,23,0,23,5,7,1,70,4,2,1,55,25,12,61,1,0,,,,,,,3,0,10,0,4,0,2,0,2,0,4,2,35.5801625,139.4165311111111,5,3,,,,
1,30,884,419,2,0,1,30000,0,209,2020,10,9,12,50,12,,,,,3,1,2,1,7,1,22,0,23,14,9,30,70,5,2,1,65,75,3,61,31,0,,,,,,,3,0,10,0,3,0,2,0,2,0,4,2,35.55512583333333,139.47573861111113,6,3,,,,
1,30,884,424,2,0,1,30000,0,209,2020,10,22,18,18,22,,,,,1,1,1,14,7,0,23,0,23,2,8,1,70,4,2,1,45,1,4,61,31,0,,,,,,,3,0,80,0,3,0,2,0,2,0,4,2,35.54947305555555,139.47409194444444,5,3,,,,
1,30,884,427,2,0,1,30000,0,209,2020,10,12,22,1,22,,,,,1,1,1,14,1,0,23,0,23,3,9,1,70,5,4,1,45,75,3,61,31,0,,,,,,,3,0,20,0,3,0,2,0,1,0,4,2,35.56014777777777,139.47580916666666,2,3,,,,
1,30,884,429,2,0,1,30000,0,209,2020,10,25,10,30,12,,,,,1,2,1,14,7,0,23,0,23,2,9,1,70,5,4,1,45,65,3,61,31,0,,,,,,,10,0,30,0,4,0,2,0,2,0,4,2,35.58378777777778,139.40743305555557,1,3,,,,
1,30,884,435,2,0,1,30000,0,209,2020,10,17,12,20,12,,,,,3,1,2,14,7,0,23,0,23,4,9,1,70,5,2,1,65,1,4,61,31,0,,,,,,,3,0,10,0,3,0,2,0,2,0,4,2,35.600542222222224,139.46897722222224,7,3,,,,
1,30,885,323,1,1,0,30000,0,212,2020,10,28,1,0,22,,,,,1,2,1,14,7,0,23,0,23,3,9,1,70,5,3,1,35,35,14,61,31,0,,,,,,,2,0,50,0,3,0,2,0,2,0,4,1,35.676008055555556,139.40897222222222,4,3,,,,
1,30,885,325,2,0,1,30000,0,212,2020,9,6,17,40,13,,,,,1,1,2,1,7,9,22,0,23,11,8,30,70,5,4,1,45,1,14,61,1,0,,,,,,,10,0,40,0,4,0,2,0,2,0,4,2,35.66061527777778,139.40736222222222,1,3,,,,
1,30,885,331,2,0,1,99000,0,212,2020,10,3,15,15,12,,,,,1,3,1,0,7,0,23,0,23,0,0,20,70,0,4,1,35,55,3,61,31,0,,,,,,,10,0,20,0,2,0,2,0,2,0,4,2,35.67443194444444,139.38572916666666,7,3,,,,
1,30,885,348,2,0,1,10510,0,212,2020,10,24,21,24,22,,,,,1,2,1,7,7,0,23,0,23,2,5,1,70,4,2,1,25,45,3,61,31,0,,,,,,,3,0,10,0,1,0,1,0,1,0,4,2,35.66353055555555,139.4074075,7,3,,,,
1,30,886,315,2,0,1,30810,0,207,2020,10,6,8,5,12,,,,,1,1,1,7,1,0,23,0,23,3,9,1,70,4,2,1,25,1,51,61,0,0,,,,,,,0,0,10,0,3,0,0,0,0,0,4,2,35.71811666666667,139.34538111111112,3,3,,,,
1,30,886,316,2,0,1,30810,0,207,2020,10,8,19,20,22,,,,,3,1,2,1,1,9,22,0,23,14,4,30,70,5,2,1,45,65,3,61,31,0,,,,,,,3,0,16,0,3,0,2,0,2,0,4,2,35.714778055555556,139.35077916666665,5,3,,,,
1,30,886,323,2,0,1,30000,0,207,2020,10,14,10,50,12,,,,,1,2,1,1,7,9,22,0,23,11,9,30,70,5,2,1,25,75,51,61,0,0,,,,,,,0,0,10,0,3,0,0,0,0,0,2,4,35.71064333333334,139.36110555555555,4,3,,,,
1,30,886,324,2,0,1,30000,0,207,2020,10,15,14,10,12,,,,,2,1,1,1,7,9,22,0,23,11,9,30,1,5,3,1,35,75,14,61,31,0,,,,,,,2,0,10,0,3,0,2,0,2,0,4,2,35.696416666666664,139.38007555555555,5,3,,,,
1,30,886,325,2,0,1,30000,0,207,2020,10,16,16,30,13,,,,,2,1,1,14,7,0,23,0,23,1,9,20,70,5,4,1,25,1,3,61,31,0,,,,,,,10,0,10,0,4,0,2,0,2,0,4,2,35.71235222222222,139.3508336111111,6,3,,,,
1,30,886,333,2,0,1,30000,0,207,2020,10,19,9,15,12,,,,,3,1,2,7,7,0,23,0,23,1,9,1,70,5,4,1,35,45,3,61,31,0,,,,,,,10,0,30,0,3,0,2,0,2,0,4,2,35.71331333333334,139.3444127777778,2,3,,,,
1,30,886,338,2,0,1,30000,0,207,2020,10,22,17,30,21,,,,,2,1,1,14,7,0,23,0,23,1,9,1,1,5,3,1,25,75,35,61,31,0,,,,,,,2,0,10,0,3,0,0,0,0,0,4,2,35.70746888888889,139.38340527777777,5,3,,,,
1,30,886,340,2,0,1,99000,0,207,2020,10,23,4,10,22,,,,,2,1,1,0,7,0,23,0,23,0,0,20,70,0,4,1,35,25,12,61,1,0,,,,,,,10,0,70,0,4,0,2,0,2,0,4,2,35.71828888888889,139.35173361111111,6,3,,,,
1,30,886,341,2,0,1,30000,0,207,2020,10,16,18,25,22,,,,,3,2,2,7,7,0,23,0,23,3,9,1,70,4,2,1,65,55,4,61,31,0,,,,,,,3,0,20,0,4,0,2,0,2,0,4,2,35.71214194444445,139.37622333333334,6,3,,,,
1,30,886,343,2,0,1,30810,0,207,2020,10,26,18,35,22,,,,,1,1,1,14,7,0,23,0,23,3,9,1,70,4,2,1,55,25,3,61,31,0,,,,,,,3,0,10,0,3,0,2,0,2,0,4,2,35.707747222222224,139.3747461111111,2,3,,,,
1,30,886,348,2,0,1,30810,0,207,2020,10,29,18,5,22,,,,,1,2,1,14,7,0,23,0,23,3,9,1,70,4,2,1,45,45,3,61,31,0,,,,,,,3,0,70,0,3,0,2,0,2,0,4,2,35.718715555555555,139.34443833333333,5,3,,,,
1,30,887,464,2,0,1,30000,0,202,2020,10,3,13,45,12,,,,,1,2,1,1,1,9,22,0,23,11,9,30,70,4,2,1,35,1,13,61,31,0,,,,,,,2,0,10,0,3,0,2,0,2,0,4,2,35.72025916666667,139.4375325,7,3,,,,
1,30,887,465,2,0,1,30000,0,202,2020,10,3,20,28,22,,,,,1,2,1,1,1,9,22,0,23,14,9,30,70,5,2,1,45,1,4,61,31,0,,,,,,,2,0,10,0,3,0,2,0,2,0,4,2,35.71858972222223,139.43899416666667,7,3,,,,
1,30,887,466,2,0,1,30000,0,202,2020,10,4,13,15,12,,,,,2,1,1,14,7,0,23,0,23,2,9,1,70,5,2,1,25,1,51,61,0,0,,,,,,,0,0,10,0,4,0,0,0,0,0,4,2,35.69115305555555,139.387365,1,3,,,,
1,30,887,470,2,0,1,10260,0,202,2020,10,6,18,10,21,,,,,2,2,1,1,1,9,22,0,23,15,9,30,70,4,2,1,45,1,14,61,31,0,,,,,,,3,0,10,0,3,0,2,0,2,0,4,2,35.718805833333334,139.44218666666666,3,3,,,,
1,30,887,472,2,0,1,30000,0,202,2020,10,8,18,10,21,,,,,3,2,2,1,1,8,22,0,23,18,9,30,70,1,2,1,35,1,4,61,31,0,,,,,,,2,0,10,0,3,0,2,0,2,0,4,2,35.7223175,139.39040805555555,5,3,,,,
1,30,887,473,2,0,1,30000,0,215,2020,10,8,18,50,22,,,,,3,2,2,1,1,9,22,0,23,15,9,30,70,1,2,1,45,75,36,61,31,0,,,,,,,2,0,10,0,3,0,0,0,0,0,4,2,35.6859925,139.44721222222222,5,3,,,,
1,30,887,483,2,0,1,30000,0,202,2020,10,12,17,5,13,,,,,1,2,1,14,7,0,23,0,23,3,9,1,70,5,3,1,55,25,3,61,31,0,,,,,,,2,0,50,0,3,0,2,0,2,0,4,2,35.707859722222224,139.42309,2,3,,,,
1,30,887,486,2,0,1,30000,0,202,2020,10,13,7,55,12,,,,,1,1,1,1,1,9,22,0,23,15,9,30,70,4,2,1,65,1,3,61,31,0,,,,,,,2,0,10,0,3,0,2,0,2,0,4,2,35.71973083333334,139.43413666666666,3,3,,,,
1,30,887,489,2,0,1,30000,0,202,2020,10,15,16,40,13,,,,,2,1,1,7,7,0,23,0,23,2,9,1,70,4,2,1,55,35,3,61,31,0,,,,,,,2,0,10,0,4,0,2,0,2,0,4,2,35.72630222222222,139.3787763888889,5,3,,,,
1,30,887,497,2,0,1,30000,0,202,2020,10,20,7,50,12,,,,,1,1,1,14,7,0,23,0,23,2,9,1,70,5,3,1,35,45,51,61,0,0,,,,,,,0,0,10,0,3,0,0,0,0,0,4,2,35.69251388888888,139.4088986111111,3,3,,,,
1,30,887,501,2,0,1,30000,0,202,2020,10,21,4,40,22,,,,,1,1,1,14,7,0,23,0,23,2,9,1,70,4,2,1,25,75,13,61,31,0,,,,,,,10,0,10,0,3,0,2,0,2,0,4,2,35.70259416666667,139.41119583333335,4,3,,,,
1,30,887,506,2,0,1,30000,0,202,2020,10,18,12,15,12,,,,,1,2,1,1,7,1,21,0,23,15,9,30,70,4,2,1,45,65,3,61,31,0,,,,,,,2,0,50,0,3,0,2,0,2,0,4,2,35.69638027777778,139.41495277777778,1,3,,,,
1,30,887,507,2,0,1,99000,0,202,2020,10,24,11,50,12,,,,,1,2,1,0,7,0,23,0,23,0,0,20,70,0,4,1,1,1,3,61,31,0,,,,,,,10,0,30,0,3,0,2,0,2,0,4,2,35.68696361111111,139.41525972222223,7,3,,,,
1,30,887,509,2,0,1,30000,0,202,2020,10,25,17,30,21,,,,,1,2,1,14,7,0,23,0,23,1,9,1,70,5,3,1,75,55,51,61,0,0,,,,,,,0,0,10,0,3,0,0,0,0,0,4,2,35.71886333333334,139.42893638888887,1,3,,,,
1,30,888,202,2,0,1,30000,0,206,2020,10,5,19,36,22,,,,,1,1,1,7,7,0,23,0,23,2,9,1,70,5,2,1,35,65,3,61,31,0,,,,,,,2,0,10,0,3,0,2,0,2,0,4,2,35.66205138888889,139.51303388888888,2,3,,,,
1,30,888,206,2,0,1,95000,0,206,2020,10,8,15,52,12,,,,,3,1,2,14,1,0,23,0,23,3,9,1,70,1,2,1,75,75,3,61,31,0,,,,,,,5,0,10,0,3,0,2,0,2,0,4,2,35.69633611111111,139.46002055555553,5,3,,,,
1,30,888,212,2,0,1,10570,0,206,2020,10,16,15,50,12,,,,,1,1,1,1,1,9,22,0,23,15,9,20,70,4,2,1,25,1,51,61,0,0,,,,,,,0,0,20,0,4,0,0,0,0,0,4,2,35.66728277777778,139.47478972222223,6,3,,,,
1,30,888,220,2,0,1,30000,0,206,2020,10,24,12,0,12,,,,,1,1,1,1,1,9,22,0,23,15,9,30,70,5,4,1,55,55,3,61,31,0,,,,,,,4,0,10,0,3,0,2,0,2,0,4,2,35.66688277777777,139.47065444444445,7,3,,,,
1,30,889,240,2,0,1,30000,0,214,2020,10,8,16,5,12,,,,,3,1,2,1,7,9,22,0,23,15,9,30,70,4,2,1,45,1,14,61,31,0,,,,,,,2,0,80,0,3,0,2,0,2,0,4,2,35.70507944444445,139.47719777777777,5,3,,,,
1,30,889,244,2,0,1,30000,0,210,2020,10,10,18,25,22,,,,,3,1,2,14,7,0,23,0,23,2,9,1,70,5,3,1,75,45,3,61,31,0,,,,,,,2,0,40,0,3,0,2,0,2,0,4,2,35.69249027777777,139.49396916666666,7,3,,,,
1,30,889,246,2,0,1,30000,0,214,2020,9,26,15,15,12,,,,,3,1,2,14,7,0,23,0,23,2,9,1,70,4,2,1,55,75,3,61,31,0,,,,,,,3,0,10,0,4,0,2,0,2,0,4,2,35.70709416666667,139.45915527777777,7,3,,,,
1,30,889,250,2,0,1,30000,0,210,2020,9,2,17,0,12,,,,,1,1,1,14,7,0,23,0,23,2,9,1,70,5,4,1,45,1,3,61,31,0,,,,,,,10,0,40,0,4,0,2,0,2,0,4,2,35.696911944444444,139.51285388888888,4,3,,,,
1,30,889,255,2,0,1,30000,0,210,2020,10,2,15,50,12,,,,,1,1,1,14,7,0,23,0,23,2,9,1,70,5,3,1,45,65,3,61,31,0,,,,,,,2,0,40,0,3,0,2,0,2,0,4,2,35.70220527777778,139.50542583333333,6,3,,,,