資料区分,都道府県コード,警察署等コード,本票番号,事故内容,死者数,負傷者数,路線コード,地点コード,市区町村コード,発生日時　　年,発生日時　　月,発生日時　　日,発生日時　　時,発生日時　　分,昼夜,日の出時刻　　時,日の出時刻　　分,日の入り時刻　　時,日の入り時刻　　分,天候,地形,路面状態,道路形状,信号機,一時停止規制　標識（当事者A）,一時停止規制　表示（当事者A）,一時停止規制　標識（当事者B）,一時停止規制　表示（当事者B）,車道幅員,道路線形,衝突地点,ゾーン規制,中央分離帯施設等,歩車道区分,事故類型,年齢（当事者A）,年齢（当事者B）,当事者種別（当事者A）,当事者種別（当事者B）,用途別（当事者A）,用途別（当事者B）,車両形状等（当事者A）,車両形状等（当事者B）,オートマチック車（当事者A）,オートマチック車（当事者B）,サポカー（当事者A）,サポカー（当事者B）,速度規制（指定のみ）（当事者A）,速度規制（指定のみ）（当事者B）,車両の衝突部位（当事者A）,車両の衝突部位（当事者B）,車両の損壊程度（当事者A）,車両の損壊程度（当事者B）,エアバッグの装備（当事者A）,エアバッグの装備（当事者B）,サイドエアバッグの装備（当事者A）,サイドエアバッグの装備（当事者B）,人身損傷程度（当事者A）,人身損傷程度（当事者B）,lat,lon,曜日(発生年月日),祝日(発生年月日),認知機能検査経過日数（当事者A）,認知機能検査経過日数（当事者B）,運転練習の方法（当事者A）,運転練習の方法（当事者B）
1,30,889,256,2,0,1,30000,0,214,2020,10,28,6,50,11,,,,,1,1,1,14,7,0,23,0,23,2,9,1,70,5,3,1,75,25,3,61,31,0,,,,,,,2,0,20,0,3,0,2,0,2,0,4,2,35.70073527777778,139.47809222222222,4,3,,,,
1,30,890,330,2,0,1,30000,0,229,2020,6,12,10,10,12,,,,,1,1,1,14,7,0,23,0,23,1,9,1,70,5,3,1,65,75,51,61,0,0,,,,,,,0,0,10,0,3,0,0,0,0,0,4,2,35.75302611111111,139.547655,6,3,,,,
1,30,890,331,2,0,1,95000,0,229,2020,9,13,20,30,22,,,,,3,1,1,14,7,0,23,0,23,3,9,1,70,4,2,1,55,65,35,61,31,0,,,,,,,2,0,10,0,3,0,0,0,0,0,4,2,35.72363055555556,139.52935305555556,1,3,,,,
1,30,890,334,2,0,1,10240,0,229,2020,10,6,6,25,11,,,,,2,1,1,1,7,9,22,0,23,14,9,30,70,4,2,1,55,65,13,61,31,0,,,,,,,3,0,10,0,4,0,2,0,2,0,4,2,35.73065805555556,139.5349636111111,3,3,,,,
1,30,890,337,2,0,1,30000,0,222,2020,10,9,18,50,22,,,,,3,1,2,1,1,9,22,0,23,15,9,30,70,5,2,1,1,55,17,61,1,0,,,,,,,3,0,10,0,2,0,2,0,2,0,4,2,35.74188277777778,139.51352694444444,6,3,,,,
1,30,890,348,2,0,1,10000,0,222,2020,9,22,17,8,13,,,,,1,1,1,1,7,9,22,0,23,11,9,30,70,5,4,1,75,1,3,61,31,0,,,,,,,10,0,10,0,3,0,2,0,2,0,4,2,35.759139166666664,139.52442305555556,3,1,,,,
1,30,890,357,2,0,1,30000,0,229,2020,10,8,18,50,22,,,,,3,1,2,1,7,9,22,0,23,14,9,30,70,4,1,1,25,25,3,61,31,0,,,,,,,3,0,10,0,3,0,2,0,2,0,4,2,35.72979361111111,139.5461936111111,5,3,,,,
1,30,890,363,2,0,1,30000,0,229,2020,10,23,8,40,12,,,,,3,1,2,14,7,0,23,0,23,2,9,1,70,5,3,1,35,35,3,61,31,0,,,,,,,2,0,20,0,3,0,2,0,2,0,4,2,35.74590861111111,139.55644944444447,6,3,,,,
1,30,890,366,2,0,1,30000,0,229,2020,9,6,9,50,12,,,,,2,1,1,1,7,9,22,0,23,17,9,30,70,4,2,1,65,65,51,61,0,0,,,,,,,0,0,10,0,4,0,0,0,0,0,4,2,35.74331083333333,139.56572194444445,1,3,,,,
1,30,891,232,2,0,1,30000,0,213,2020,10,5,12,13,12,,,,,2,1,1,1,7,9,22,0,23,14,9,30,70,4,2,1,75,75,3,61,31,0,,,,,,,2,0,10,0,3,0,2,0,2,0,4,2,35.755555,139.47095555555555,2,3,,,,
1,30,891,243,2,0,1,30000,0,213,2020,10,20,18,40,22,,,,,1,1,1,7,7,0,23,0,23,2,9,1,70,5,3,1,55,45,4,61,31,0,,,,,,,10,0,20,0,3,0,2,0,2,0,4,2,35.77257083333333,139.48614055555555,3,3,,,,
1,30,891,244,2,0,1,30000,0,221,2020,10,21,19,40,22,,,,,1,2,1,1,1,9,22,0,23,15,9,30,70,4,2,1,65,55,3,61,31,0,,,,,,,2,0,20,0,4,0,2,0,2,0,4,2,35.76954944444444,139.5034525,4,3,,,,
1,30,891,245,2,0,1,30000,0,221,2020,10,19,18,15,22,,,,,2,1,2,1,7,9,22,0,23,11,9,30,70,5,1,1,45,65,4,61,31,0,,,,,,,2,0,10,0,4,0,2,0,2,0,4,2,35.77813583333333,139.50043583333334,2,3,,,,
1,30,891,246,2,0,1,95000,0,213,2020,10,27,19,15,22,,,,,1,1,1,1,7,9,22,0,23,15,9,30,70,4,1,1,35,25,3,61,31,0,,,,,,,3,0,40,0,4,0,2,0,2,0,4,2,35.757490833333335,139.46241388888888,3,3,,,,
1,30,892,155,2,0,1,30000,0,203,2020,10,17,18,25,22,,,,,3,1,2,1,1,9,22,0,23,15,9,30,70,4,2,1,75,75,3,61,31,0,,,,,,,3,0,10,0,3,0,2,0,2,0,4,2,35.70084,139.54521055555554,7,3,,,,
1,30,892,156,2,0,1,20230,0,203,2020,10,18,18,55,22,,,,,2,1,1,14,7,0,23,0,23,4,9,1,70,4,2,1,1,35,51,61,0,0,,,,,,,0,0,10,0,3,0,0,0,0,0,4,2,35.708281944444444,139.57993694444443,1,3,,,,
1,30,892,157,2,0,1,30000,0,203,2020,9,17,19,0,22,,,,,1,1,1,14,7,0,23,0,23,2,9,1,70,5,2,1,65,1,52,61,0,0,,,,,,,0,0,10,0,4,0,0,0,0,0,4,2,35.71423555555556,139.57015083333334,5,3,,,,
1,30,892,160,2,0,1,90000,0,203,2020,10,28,16,5,13,,,,,1,1,1,1,7,9,22,0,23,15,9,30,70,5,4,1,75,1,3,61,31,0,,,,,,,10,0,60,0,3,0,2,0,2,0,4,2,35.707951111111115,139.53709805555556,4,3,,,,
1,30,892,162,2,0,1,20270,0,203,2020,10,6,14,27,12,,,,,1,1,1,14,7,0,23,0,23,4,9,1,70,4,2,1,35,45,51,61,0,0,,,,,,,0,0,30,0,3,0,0,0,0,0,4,2,35.70135694444445,139.58171222222222,3,3,,,,
1,30,893,256,2,0,1,10750,0,204,2020,10,9,18,15,22,,,,,3,1,2,1,1,9,22,0,23,18,9,30,70,1,1,1,35,1,13,61,31,0,,,,,,,4,0,10,0,4,0,2,0,2,0,4,2,35.681804444444445,139.57645777777776,6,3,,,,
1,30,893,264,2,0,1,10270,0,204,2020,10,17,12,8,12,,,,,3,1,2,14,7,0,23,0,23,2,9,1,70,4,2,1,25,1,4,61,31,0,,,,,,,3,0,10,0,4,0,2,0,2,0,4,2,35.67947083333333,139.530225,7,3,,,,
1,30,893,269,2,0,1,10750,0,204,2020,10,21,16,40,13,,,,,1,1,1,1,1,9,22,0,23,19,9,30,70,1,1,1,55,1,3,61,31,0,,,,,,,5,0,20,0,3,0,2,0,2,0,4,2,35.68152444444444,139.5340713888889,4,3,,,,
1,30,893,271,2,0,1,30000,0,204,2020,10,25,8,40,12,,,,,1,1,1,1,7,1,21,0,23,11,9,30,70,5,3,1,45,65,3,61,31,0,,,,,,,5,0,10,0,4,0,2,0,2,0,4,2,35.69353666666667,139.57219916666665,1,3,,,,
1,30,893,276,2,0,1,20900,0,204,2020,10,29,8,25,12,,,,,1,1,1,14,7,0,23,0,23,4,9,1,70,4,1,1,1,35,51,61,0,0,,,,,,,0,0,20,0,3,0,0,0,0,0,4,2,35.688491666666664,139.55918111111112,5,3,,,,
1,30,894,362,2,0,1,30000,0,208,2020,10,16,17,48,21,,,,,2,1,1,1,7,9,22,0,23,14,9,30,70,4,2,1,75,75,3,61,31,0,,,,,,,2,0,10,0,3,0,2,0,2,0,4,2,35.659351666666666,139.57592055555554,6,3,,,,
1,30,894,380,2,0,1,30000,0,219,2020,10,21,9,50,12,,,,,1,1,1,14,7,0,23,0,23,2,9,1,70,4,2,1,35,65,51,61,0,0,,,,,,,0,0,10,0,3,0,0,0,0,0,4,2,35.6444175,139.56982805555555,4,3,,,,
1,30,894,383,2,0,1,30000,0,208,2020,10,23,17,10,21,,,,,1,1,1,14,7,0,23,0,23,2,9,1,70,5,4,1,1,1,51,61,0,0,,,,,,,0,0,40,0,3,0,0,0,0,0,4,2,35.64966111111111,139.5426038888889,6,3,,,,
1,30,894,384,2,0,1,30000,0,208,2020,10,27,18,40,22,,,,,1,1,1,1,7,1,22,0,23,11,9,30,70,5,3,1,45,45,3,61,31,0,,,,,,,1,0,80,0,4,0,2,0,2,0,4,2,35.65231083333333,139.54038166666666,3,3,,,,
1,30,895,185,2,0,1,95000,0,211,2020,10,5,9,15,12,,,,,2,1,1,0,7,0,23,0,23,0,0,20,70,0,4,1,65,75,4,61,31,0,,,,,,,1,0,10,0,3,0,2,0,2,0,4,2,35.73636166666667,139.48679583333333,2,3,,,,
1,30,895,187,2,0,1,30000,0,211,2020,10,9,17,25,21,,,,,3,1,2,14,7,0,23,0,23,2,9,1,70,5,3,1,1,45,3,61,31,0,,,,,,,2,0,30,0,3,0,2,0,2,0,4,2,35.73779416666667,139.4624575,6,3,,,,
1,30,895,188,2,0,1,30000,0,211,2020,10,9,20,30,22,,,,,3,1,2,14,7,0,23,0,23,2,9,1,70,5,3,1,1,55,51,61,0,0,,,,,,,0,0,13,0,3,0,0,0,0,0,4,2,35.7391175,139.4588436111111,6,3,,,,
1,30,895,189,2,0,2,30000,0,211,2020,10,11,20,10,22,,,,,2,1,2,14,7,0,23,0,23,1,9,1,70,5,4,1,25,65,51,61,0,0,,,,,,,0,0,10,0,3,0,0,0,0,0,4,2,35.73814222222222,139.48850166666665,1,3,,,,
1,30,895,196,2,0,2,30000,0,211,2020,10,24,15,18,12,,,,,1,1,1,14,7,0,23,0,23,1,9,1,70,5,2,1,35,55,51,61,0,0,,,,,,,0,0,10,0,3,0,0,0,0,0,2,2,35.72070138888889,139.52383666666668,7,3,,,,
1,30,100,114,1,1,0,10050,0,101,2020,11,17,13,15,12,,,,,1,1,1,1,1,9,22,0,23,18,9,30,70,5,1,1,45,75,11,61,31,0,,,,,,,10,0,40,0,3,0,2,0,2,0,4,1,35.69258333333333,139.74083944444442,3,3,,,,
1,30,100,115,2,0,1,10010,0,101,2020,11,1,19,15,22,,,,,1,1,1,14,7,0,23,0,23,2,9,1,70,5,1,1,65,25,51,61,0,0,,,,,,,0,0,10,0,4,0,0,0,0,0,4,2,35.701194722222226,139.74661833333332,1,3,,,,
1,30,101,97,2,0,1,10110,0,101,2020,5,27,9,35,12,,,,,2,1,1,1,1,9,22,0,23,19,9,30,70,1,2,1,35,45,51,61,0,0,,,,,,,0,0,10,0,4,0,0,0,0,0,4,2,35.67786222222222,139.7530136111111,4,3,,,,
1,30,101,99,2,0,1,30000,0,101,2020,9,19,14,35,12,,,,,2,1,1,14,1,0,23,0,23,4,9,1,70,4,2,1,35,45,17,61,31,0,,,,,,,3,0,80,0,3,0,2,0,2,0,4,2,35.674882499999995,139.76246944444443,7,3,,,,
1,30,101,102,2,0,1,10020,0,101,2020,11,7,3,50,22,,,,,1,1,1,1,1,9,22,0,23,18,9,30,70,1,2,1,1,35,3,61,31,0,,,,,,,10,0,10,0,2,0,2,0,2,0,4,2,35.67344361111111,139.76186666666666,7,3,,,,
1,30,101,104,2,0,1,20020,0,101,2020,11,9,4,50,22,,,,,1,1,1,14,7,0,23,0,23,3,9,1,70,4,2,1,55,1,3,61,1,0,,,,,,,10,0,10,0,3,0,2,0,2,0,4,2,35.67749944444444,139.76597333333333,2,3,,,,
1,30,101,107,2,0,1,20030,0,101,2020,11,11,22,15,22,,,,,1,1,1,1,1,9,22,0,23,19,9,30,70,1,2,1,65,25,3,61,1,0,,,,,,,10,0,10,0,3,0,2,0,2,0,4,2,35.670921111111106,139.7561825,4,3,,,,
1,30,101,110,2,0,1,20020,0,101,2020,10,29,21,5,22,,,,,1,1,1,1,1,9,22,0,23,18,9,30,70,1,1,1,45,45,3,61,1,0,,,,,,,5,0,10,0,3,0,2,0,2,0,4,2,35.678222777777776,139.76211138888888,5,3,,,,
1,30,101,112,2,0,1,30000,0,102,2020,11,20,16,50,21,,,,,1,1,1,14,7,0,23,0,23,3,9,1,70,5,2,1,45,35,13,61,31,0,,,,,,,1,0,34,0,4,0,2,0,2,0,4,2,35.67272083333333,139.76151027777777,6,3,,,,
1,30,101,114,2,0,1,20030,0,101,2020,11,26,18,20,22,,,,,1,1,1,1,1,9,22,0,23,19,9,30,70,1,2,1,45,45,13,61,31,0,,,,,,,10,0,10,0,3,0,2,0,2,0,4,2,35.67834083333333,139.7609938888889,5,3,,,,
1,30,103,59,2,0,1,20070,0,101,2020,11,1,14,17,12,,,,,1,1,1,14,1,0,23,0,23,5,9,1,70,1,2,1,45,55,51,61,0,0,,,,,,,0,0,0,0,4,0,0,0,0,0,4,2,35.69246194444444,139.77127194444446,1,3,,,,
1,30,103,61,2,0,1,95000,0,101,2020,11,5,11,40,12,,,,,1,1,1,0,7,0,23,0,23,0,0,20,70,0,4,1,25,25,3,61,31,0,,,,,,,10,0,30,0,3,0,2,0,2,0,4,2,35.69861833333333,139.77605611111113,5,3,,,,
1,30,103,65,2,0,1,10050,0,101,2020,11,15,11,40,12,,,,,1,1,1,14,1,0,23,0,23,5,9,1,70,1,2,1,25,55,51,61,0,0,,,,,,,0,0,10,0,3,0,0,0,0,0,4,2,35.695796666666666,139.77187944444447,1,3,,,,
1,30,103,70,2,0,1,20070,0,101,2020,11,21,10,40,12,,,,,1,1,1,1,7,9,22,0,23,18,9,30,70,5,2,1,65,25,12,61,1,0,,,,,,,3,0,10,0,3,0,2,0,2,0,4,2,35.699695,139.7705463888889,7,3,,,,
1,30,103,71,2,0,1,30000,0,101,2020,10,26,8,40,12,,,,,1,1,1,14,7,0,23,0,23,2,9,1,70,5,4,1,25,25,13,61,31,0,,,,,,,5,0,40,0,4,0,2,0,2,0,4,2,35.69065944444444,139.77241305555557,2,3,,,,
1,30,104,214,2,0,1,10030,0,102,2020,11,20,10,35,12,,,,,2,1,1,14,7,0,23,0,23,5,9,1,70,1,2,1,35,35,3,61,31,0,,,,,,,10,0,40,0,4,0,2,0,2,0,4,2,35.68650638888889,139.77660083333333,6,3,,,,
1,30,104,216,2,0,1,20090,0,102,2020,11,30,10,45,12,,,,,1,1,1,1,1,8,22,0,23,19,9,30,70,1,1,1,55,55,35,61,31,0,,,,,,,4,0,40,0,3,0,0,0,0,0,4,2,35.683386388888884,139.77094416666668,2,3,,,,
1,30,106,139,2,0,1,10030,0,102,2020,11,13,23,35,22,,,,,1,1,1,1,1,9,22,0,23,18,9,30,70,1,1,1,45,45,3,61,1,0,,,,,,,5,0,50,0,4,0,2,0,2,0,4,2,35.67370638888889,139.77082972222223,6,3,,,,
1,30,106,140,2,0,1,30000,0,102,2020,11,16,16,8,13,,,,,1,1,1,1,7,9,22,0,23,11,9,30,70,5,2,1,45,75,3,61,31,0,,,,,,,5,0,10,0,3,0,2,0,2,0,4,2,35.67382583333333,139.7657722222222,2,3,,,,
1,30,106,142,2,0,1,30000,0,102,2020,11,19,19,30,22,,,,,1,1,1,14,7,0,23,0,23,3,9,1,70,5,3,1,25,25,3,61,31,0,,,,,,,2,0,40,0,3,0,2,0,2,0,4,2,35.669394999999994,139.76049444444445,5,3,,,,
1,30,106,146,2,0,1,20090,0,102,2020,11,23,19,41,22,,,,,1,1,1,1,1,9,22,0,23,18,9,30,70,4,2,1,35,55,4,61,31,0,,,,,,,5,0,10,0,3,0,2,0,2,0,4,2,35.66947916666666,139.76315555555556,2,1,,,,
1,30,106,148,2,0,1,30000,0,102,2020,11,24,14,9,12,,,,,2,1,1,14,7,0,23,0,23,3,9,1,70,5,2,1,65,45,3,61,31,0,,,,,,,2,0,10,0,3,0,2,0,2,0,4,2,35.670183888888886,139.76978833333334,3,3,,,,
1,30,106,150,2,0,1,30000,0,102,2020,11,25,16,55,21,,,,,2,1,1,1,7,1,21,0,23,15,9,30,70,5,4,1,45,45,3,61,31,0,,,,,,,3,0,10,0,4,0,2,0,2,0,4,2,35.672979166666664,139.77557750000003,4,3,,,,
1,30,106,153,2,0,1,30000,0,102,2020,11,30,21,57,22,,,,,1,1,1,1,1,9,22,0,23,11,9,30,70,5,2,1,45,35,4,61,31,0,,,,,,,2,0,10,0,3,0,2,0,2,0,4,2,35.66940833333333,139.76960916666667,2,3,,,,
1,30,107,128,2,0,1,20680,0,102,2020,11,15,19,35,22,,,,,1,1,1,1,1,9,22,0,23,15,9,30,70,1,2,1,35,25,14,61,31,0,,,,,,,4,0,50,0,3,0,2,0,2,0,4,2,35.659395555555555,139.77786055555558,1,3,,,,
1,30,108,132,2,0,1,30000,0,103,2020,11,11,9,5,12,,,,,1,1,1,1,7,9,22,0,23,15,9,30,70,5,2,1,55,55,51,61,0,0,,,,,,,0,0,30,0,4,0,0,0,0,0,4,2,35.65343861111111,139.75467833333335,4,3,,,,
1,30,108,134,2,0,1,10070,0,103,2020,11,2,18,32,22,,,,,3,1,2,1,1,9,22,0,23,19,9,30,70,1,1,1,25,1,51,61,0,0,,,,,,,0,0,10,0,4,0,0,0,0,0,4,2,35.65615666666667,139.7598361111111,2,2,,,,
1,30,109,116,2,0,1,30000,0,103,2020,11,13,10,15,12,,,,,1,1,1,7,7,0,23,0,23,3,9,1,1,4,2,1,55,75,14,61,1,0,,,,,,,2,0,10,0,3,0,2,0,2,0,4,2,35.64438888888889,139.75186805555555,6,3,,,,
1,30,109,119,2,0,1,10,59,103,2020,11,3,3,10,22,,,,,3,1,2,1,1,9,22,0,23,15,9,30,70,1,2,1,55,45,3,61,31,0,,,,,,,4,0,10,0,3,0,2,0,2,0,4,2,35.653999444444445,139.74518888888886,3,1,,,,
1,30,110,117,2,0,1,20000,0,103,2020,11,2,7,58,12,,,,,1,1,1,7,1,0,23,0,23,3,9,1,70,5,2,1,1,1,51,61,0,0,,,,,,,0,0,10,0,3,0,0,0,0,0,4,2,35.6438175,139.73049722222223,2,2,,,,
1,30,110,127,2,0,1,30000,0,103,2020,11,24,5,42,23,,,,,2,1,1,7,1,0,23,0,23,3,9,1,70,5,1,1,65,35,17,61,1,0,,,,,,,3,0,10,0,3,0,2,0,2,0,4,2,35.62963777777778,139.74082666666666,3,3,,,,
1,30,111,221,2,0,1,30000,0,103,2020,11,10,17,30,21,,,,,1,1,1,1,7,9,22,0,23,14,6,30,70,5,2,1,65,35,3,61,31,0,,,,,,,2,0,10,0,3,0,2,0,2,0,4,2,35.665279444444444,139.740735,3,3,,,,
1,30,111,226,2,0,1,30000,0,103,2020,10,10,20,25,22,,,,,3,1,2,14,7,0,23,0,23,3,9,1,1,5,4,1,35,45,14,61,1,0,,,,,,,2,0,12,0,4,0,2,0,2,0,4,2,35.655856388888886,139.7367186111111,7,3,,,,
1,30,111,231,2,0,1,95000,0,103,2020,10,20,16,19,13,,,,,1,1,1,14,7,0,23,0,23,4,9,1,70,4,2,1,35,65,51,61,0,0,,,,,,,0,0,10,0,4,0,0,0,0,0,4,2,35.65910777777778,139.73067777777777,3,3,,,,
1,30,112,148,2,0,1,20150,0,103,2020,11,4,10,35,12,,,,,1,1,1,1,1,9,22,0,23,15,9,30,70,5,1,1,35,75,14,61,1,0,,,,,,,3,0,80,0,4,0,2,0,2,0,4,2,35.672200277777776,139.73645416666665,4,3,,,,
1,30,112,150,2,0,1,95000,0,103,2020,11,9,14,50,12,,,,,1,1,1,1,8,9,22,0,23,19,3,30,70,1,2,1,35,75,13,61,31,0,,,,,,,5,0,20,0,4,0,2,0,2,0,4,2,35.67780861111111,139.73628138888887,2,3,,,,
1,30,112,151,2,0,1,20150,0,103,2020,9,25,1,0,22,,,,,3,1,1,1,7,9,22,0,23,14,9,30,70,4,2,1,45,35,3,61,1,0,,,,,,,3,0,40,0,4,0,2,0,2,0,4,2,35.673092777777775,139.73786305555555,6,3,,,,
1,30,112,154,2,0,1,20090,0,103,2020,11,23,15,20,12,,,,,2,1,1,14,7,0,23,0,23,6,9,1,70,1,1,1,1,55,51,61,0,0,,,,,,,0,0,10,0,4,0,0,0,0,0,4,2,35.672801666666665,139.73982694444445,2,1,,,,
1,30,113,232,2,0,1,30000,0,108,2020,11,19,17,40,22,,,,,2,1,1,1,7,9,22,0,23,19,9,30,70,5,2,1,45,1,12,61,1,0,,,,,,,3,0,10,0,3,0,2,0,2,0,4,2,35.635016388888886,139.83472500000002,5,3,,,,
1,30,215,81,2,0,1,30000,0,109,2020,11,11,8,15,12,,,,,1,1,1,14,7,0,23,0,23,3,9,1,70,4,1,1,35,1,51,61,0,0,,,,,,,0,0,10,0,3,0,0,0,0,0,4,2,35.61539138888889,139.73833833333333,4,3,,,,
1,30,215,84,2,0,1,30000,0,109,2020,11,12,12,10,12,,,,,1,1,1,14,7,0,23,0,23,3,9,1,70,5,4,1,75,75,51,61,0,0,,,,,,,0,0,10,0,3,0,0,0,0,0,4,2,35.60928888888889,139.74308,5,3,,,,
1,30,215,86,2,0,1,150,80,109,2020,11,13,19,47,22,,,,,1,1,1,1,1,9,22,0,23,18,8,30,70,4,2,1,55,35,3,61,1,0,,,,,,,5,0,10,0,4,0,2,0,2,0,4,2,35.622839722222224,139.73865333333333,6,3,,,,
1,30,215,91,2,0,1,30000,0,109,2020,11,28,1,40,22,,,,,1,1,1,14,7,0,23,0,23,1,9,1,70,1,2,1,35,65,51,61,0,0,,,,,,,0,0,10,0,3,0,0,0,0,0,4,2,35.611132777777776,139.73985166666665,7,3,,,,
1,30,217,128,2,0,2,30000,0,109,2020,10,30,9,11,12,,,,,1,1,1,1,7,9,22,0,23,14,9,30,70,4,2,1,1,35,36,61,31,0,,,,,,,2,0,10,0,3,0,0,0,0,0,2,2,35.62260944444444,139.72885527777777,6,3,,,,
1,30,217,137,2,0,1,30000,0,109,2020,11,18,14,30,12,,,,,1,1,1,14,7,0,23,0,23,2,9,1,70,5,2,1,1,1,51,61,0,0,,,,,,,0,0,10,0,3,0,0,0,0,0,4,2,35.61919388888889,139.72620694444444,4,3,,,,
1,30,217,138,2,0,1,10080,0,109,2020,11,19,0,40,22,,,,,1,1,1,1,1,9,22,0,23,17,9,30,70,4,2,1,25,55,51,61,0,0,,,,,,,0,0,10,0,3,0,0,0,0,0,4,2,35.63370361111111,139.71684694444446,5,3,,,,
1,30,217,139,2,0,1,30000,0,109,2020,11,19,19,10,22,,,,,1,1,1,1,7,1,21,0,23,11,9,30,70,5,3,1,45,65,3,61,31,0,,,,,,,2,0,10,0,3,0,2,0,2,0,4,2,35.6240075,139.72360527777778,5,3,,,,
1,30,217,140,2,0,1,30000,0,109,2020,11,22,15,15,12,,,,,1,1,1,13,7,0,23,0,23,4,6,1,70,4,2,1,35,55,3,61,31,0,,,,,,,2,0,30,0,3,0,2,0,2,0,4,2,35.619930277777776,139.73037222222223,1,2,,,,
1,30,218,259,2,0,1,30000,0,109,2020,11,1,17,55,22,,,,,1,1,1,14,7,0,23,0,23,1,9,1,70,5,3,1,25,0,61,0,0,0,,,,,,,0,0,0,0,0,0,0,0,0,0,2,0,35.60601583333334,139.7071597222222,1,3,,,,
1,30,218,260,2,0,2,10,114,109,2020,11,2,20,58,22,,,,,3,1,2,14,1,0,23,0,23,4,9,20,70,1,2,1,35,55,51,61,0,0,,,,,,,0,0,11,0,3,0,0,0,0,0,4,2,35.61533666666667,139.71680916666668,2,2,,,,
1,30,218,262,2,0,1,10170,0,109,2020,11,3,16,51,21,,,,,2,1,1,1,1,9,22,0,23,18,9,30,70,1,1,1,55,75,3,61,1,0,,,,,,,4,0,40,0,3,0,2,0,2,0,4,2,35.60792472222222,139.7045858333333,3,1,,,,
1,30,218,271,2,0,1,30000,0,109,2020,11,12,17,15,21,,,,,1,1,1,14,7,0,23,0,23,2,8,1,70,5,2,1,65,75,36,61,31,0,,,,,,,2,0,40,0,3,0,0,0,0,0,2,4,35.623336944444446,139.70667972222222,5,3,,,,
1,30,218,276,2,0,1,30000,0,109,2020,11,16,18,40,22,,,,,1,1,1,14,7,0,23,0,23,2,9,1,70,5,3,1,55,45,3,61,1,0,,,,,,,5,0,42,0,3,0,2,0,2,0,4,2,35.605065555555555,139.70378694444443,2,3,,,,
1,30,218,283,2,0,1,10,117,109,2020,11,20,9,20,12,,,,,1,1,1,14,7,0,23,0,23,2,9,1,70,5,2,1,25,25,12,61,1,0,,,,,,,5,0,10,0,4,0,2,0,2,0,4,2,35.6120475,139.7155022222222,6,3,,,,
1,30,218,290,2,0,1,30130,0,109,2020,11,23,8,15,12,,,,,1,1,1,14,7,0,23,0,23,2,9,1,70,5,2,1,1,25,51,61,0,0,,,,,,,0,0,10,0,3,0,0,0,0,0,4,2,35.60235277777778,139.7144647222222,2,1,,,,
1,30,218,293,2,0,2,30000,0,109,2020,11,25,15,0,12,,,,,1,1,1,14,7,0,23,0,23,3,9,1,70,5,1,1,45,1,51,61,0,0,,,,,,,0,0,10,0,3,0,0,0,0,0,2,2,35.611359722222225,139.70282999999998,4,3,,,,
1,30,219,362,2,0,1,30000,0,111,2020,11,6,10,55,12,,,,,2,1,1,1,7,1,21,0,23,14,9,30,70,5,3,1,45,35,13,61,31,0,,,,,,,2,0,11,0,3,0,2,0,2,0,4,2,35.57133805555556,139.72043722222222,6,3,,,,
1,30,219,372,2,0,1,30000,0,111,2020,11,17,12,20,12,,,,,1,1,1,1,7,9,22,0,23,11,9,30,70,5,4,1,25,45,17,61,31,0,,,,,,,5,0,30,0,4,0,2,0,2,0,4,2,35.57509944444445,139.73186666666666,3,3,,,,
1,30,220,131,2,0,1,30000,0,111,2020,11,11,13,25,12,,,,,1,1,1,14,7,0,23,0,23,3,7,1,70,4,2,1,45,75,51,61,0,0,,,,,,,0,0,10,0,3,0,0,0,0,0,4,2,35.59173083333334,139.69359444444444,4,3,,,,
1,30,220,138,2,0,1,30000,0,111,2020,11,25,16,55,21,,,,,1,1,1,1,1,9,22,0,23,11,9,30,70,4,3,1,55,55,17,61,31,0,,,,,,,10,0,55,0,4,0,2,0,2,0,4,2,35.58670111111111,139.67574777777776,4,3,,,,
1,30,221,285,2,0,1,30000,0,111,2020,11,2,9,10,12,,,,,1,1,1,14,7,0,23,0,23,3,9,1,70,5,3,1,55,45,3,61,31,0,,,,,,,2,0,40,0,3,0,2,0,2,0,4,2,35.55304777777778,139.7304388888889,2,2,,,,
1,30,221,288,2,0,1,10200,0,111,2020,11,4,20,58,22,,,,,1,1,1,12,7,0,23,0,23,3,8,1,70,4,2,1,55,55,51,61,0,0,,,,,,,0,0,10,0,3,0,0,0,0,0,4,2,35.55940361111111,139.71341222222222,4,3,,,,
1,30,221,291,2,0,1,30000,0,111,2020,11,5,7,12,12,,,,,1,1,1,14,7,0,23,0,23,3,9,1,70,4,3,1,25,75,3,61,31,0,,,,,,,10,0,80,0,4,0,2,0,2,0,4,2,35.559799722222216,139.73584111111109,5,3,,,,
1,30,221,292,2,0,1,30000,0,111,2020,11,7,15,0,12,,,,,2,1,1,14,7,0,23,0,23,2,9,1,70,1,1,1,35,45,51,61,0,0,,,,,,,0,0,40,0,4,0,0,0,0,0,4,2,35.56242777777778,139.71709833333333,7,3,,,,