資料区分,都道府県コード,警察署等コード,本票番号,事故内容,死者数,負傷者数,路線コード,地点コード,市区町村コード,発生日時　　年,発生日時　　月,発生日時　　日,発生日時　　時,発生日時　　分,昼夜,日の出時刻　　時,日の出時刻　　分,日の入り時刻　　時,日の入り時刻　　分,天候,地形,路面状態,道路形状,信号機,一時停止規制　標識（当事者A）,一時停止規制　表示（当事者A）,一時停止規制　標識（当事者B）,一時停止規制　表示（当事者B）,車道幅員,道路線形,衝突地点,ゾーン規制,中央分離帯施設等,歩車道区分,事故類型,年齢（当事者A）,年齢（当事者B）,当事者種別（当事者A）,当事者種別（当事者B）,用途別（当事者A）,用途別（当事者B）,車両形状等（当事者A）,車両形状等（当事者B）,オートマチック車（当事者A）,オートマチック車（当事者B）,サポカー（当事者A）,サポカー（当事者B）,速度規制（指定のみ）（当事者A）,速度規制（指定のみ）（当事者B）,車両の衝突部位（当事者A）,車両の衝突部位（当事者B）,車両の損壊程度（当事者A）,車両の損壊程度（当事者B）,エアバッグの装備（当事者A）,エアバッグの装備（当事者B）,サイドエアバッグの装備（当事者A）,サイドエアバッグの装備（当事者B）,人身損傷程度（当事者A）,人身損傷程度（当事者B）,lat,lon,曜日(発生年月日),祝日(発生年月日),認知機能検査経過日数（当事者A）,認知機能検査経過日数（当事者B）,運転練習の方法（当事者A）,運転練習の方法（当事者B）
1,30,221,295,2,0,1,30000,0,111,2020,11,11,19,20,22,,,,,1,1,1,1,7,1,21,0,23,14,9,30,70,5,3,1,65,1,51,61,0,0,,,,,,,0,0,10,0,3,0,0,0,0,0,4,2,35.56415111111111,139.71620194444444,4,3,,,,
1,30,221,296,2,0,1,30000,0,111,2020,11,8,10,30,12,,,,,1,1,1,14,7,0,23,0,23,2,9,1,70,5,4,1,25,55,51,61,0,0,,,,,,,0,0,20,0,3,0,0,0,0,0,4,2,35.54002611111111,139.70887,1,3,,,,
1,30,221,304,2,0,1,30000,0,111,2020,11,21,9,30,12,,,,,1,1,1,14,7,0,23,0,23,3,9,1,70,5,2,1,65,75,3,61,31,0,,,,,,,2,0,40,0,3,0,2,0,2,0,4,2,35.55142972222222,139.7145875,7,3,,,,
1,30,222,222,2,0,1,30000,0,111,2020,11,14,9,25,12,,,,,1,1,1,1,7,9,22,0,23,15,7,30,70,5,4,1,45,25,13,61,31,0,,,,,,,10,0,10,0,3,0,2,0,2,0,4,2,35.59495638888889,139.7119286111111,7,3,,,,
1,30,222,230,2,0,1,30000,0,111,2020,11,19,18,30,22,,,,,1,1,1,14,7,0,23,0,23,3,9,1,70,5,1,1,45,1,3,61,31,0,,,,,,,2,0,40,0,3,0,2,0,2,0,4,2,35.585911111111116,139.70864777777777,5,3,,,,
1,30,325,267,2,0,1,30000,0,112,2020,11,4,17,45,22,,,,,1,1,2,14,7,0,23,0,23,2,9,1,70,5,4,1,65,0,61,0,0,0,,,,,,,0,0,0,0,0,0,0,0,0,0,2,0,35.648043055555554,139.6588236111111,4,3,,,,
1,30,325,285,2,0,1,10130,0,112,2020,10,16,12,40,12,,,,,1,1,1,14,7,0,23,0,23,6,9,1,70,5,1,1,45,35,14,61,31,0,,,,,,,4,0,50,0,3,0,2,0,2,0,4,2,35.65078527777778,139.6602588888889,6,3,,,,
1,30,325,287,2,0,1,30000,0,112,2020,10,30,19,20,22,,,,,1,1,1,7,7,0,23,0,23,2,9,1,70,5,4,1,45,35,3,61,31,0,,,,,,,10,0,40,0,3,0,2,0,2,0,4,2,35.631185555555554,139.66796194444444,6,3,,,,
1,30,326,352,2,0,1,10130,0,115,2020,11,3,0,20,22,,,,,3,1,2,1,1,9,22,0,23,19,9,30,70,5,2,1,75,35,3,61,1,0,,,,,,,4,0,50,0,3,0,2,0,2,0,4,2,35.6727375,139.66048194444446,3,1,,,,
1,30,326,353,2,0,1,30000,0,112,2020,11,5,16,0,13,,,,,1,1,1,14,7,0,23,0,23,1,9,1,70,5,3,1,1,25,51,61,0,0,,,,,,,0,0,20,0,3,0,0,0,0,0,4,2,35.66329916666667,139.6634036111111,5,3,,,,
1,30,326,362,2,0,1,30000,0,112,2020,11,15,17,15,21,,,,,1,1,1,1,1,9,22,0,23,15,9,30,70,4,2,1,55,65,3,61,1,0,,,,,,,3,0,10,0,3,0,2,0,2,0,4,2,35.65680555555556,139.63792027777777,1,3,,,,
1,30,326,363,2,0,1,30000,0,112,2020,11,16,13,50,12,,,,,1,1,1,1,7,3,22,0,23,15,9,30,70,5,3,1,45,45,3,61,31,0,,,,,,,2,0,10,0,3,0,2,0,2,0,4,2,35.65810722222222,139.6603263888889,2,3,,,,
1,30,326,369,2,0,1,20270,0,112,2020,10,27,17,30,21,,,,,1,1,1,7,7,0,23,0,23,5,9,1,70,1,1,1,25,1,51,61,0,0,,,,,,,0,0,10,0,4,0,0,0,0,0,4,2,35.668888055555556,139.66201111111113,3,3,,,,
1,30,327,310,2,0,1,20210,0,112,2020,11,10,9,15,12,,,,,1,1,1,1,1,9,22,0,23,14,9,30,70,5,2,1,25,45,3,61,31,0,,,,,,,2,0,10,0,3,0,2,0,2,0,4,2,35.59938638888889,139.6731072222222,3,3,,,,
1,30,327,330,2,0,1,10190,0,112,2020,11,25,14,24,12,,,,,2,1,1,1,1,9,22,0,23,15,9,30,70,1,2,1,35,35,3,61,31,0,,,,,,,3,0,10,0,4,0,2,0,2,0,4,2,35.61208833333333,139.62673916666668,4,3,,,,
1,30,327,336,2,0,1,30000,0,112,2020,11,21,12,0,12,,,,,1,1,1,1,7,9,22,0,23,15,9,30,70,5,2,1,65,55,3,61,31,0,,,,,,,10,0,10,0,4,0,2,0,2,0,4,2,35.61194555555556,139.6306911111111,7,3,,,,
1,30,328,350,2,0,1,30000,0,112,2020,10,21,14,55,12,,,,,1,1,1,1,7,9,22,0,23,14,9,30,70,5,3,1,55,1,3,61,31,0,,,,,,,10,0,20,0,3,0,2,0,2,0,4,2,35.631435,139.60344444444445,4,3,,,,
1,30,328,351,2,0,1,30000,0,112,2020,10,31,21,25,22,,,,,1,1,1,14,7,0,23,0,23,2,9,1,70,5,4,1,1,65,51,61,0,0,,,,,,,0,0,10,0,3,0,0,0,0,0,4,2,35.669976388888884,139.6248152777778,7,3,,,,
1,30,328,352,2,0,1,30000,0,112,2020,11,2,19,5,22,,,,,3,1,2,7,7,0,23,0,23,3,9,1,70,4,2,1,65,75,4,61,31,0,,,,,,,2,0,20,0,3,0,2,0,2,0,4,2,35.65039888888889,139.61536166666667,2,2,,,,
1,30,328,354,2,0,1,200,183,112,2020,11,6,8,10,12,,,,,2,1,1,14,7,0,23,0,23,5,9,1,70,4,1,1,35,1,51,61,0,0,,,,,,,0,0,10,0,3,0,0,0,0,0,4,2,35.67231944444444,139.59992944444446,6,3,,,,
1,30,328,363,2,0,1,30000,0,112,2020,11,19,8,47,12,,,,,1,1,1,7,7,0,23,0,23,2,9,1,70,5,2,1,25,75,13,61,31,0,,,,,,,2,0,30,0,3,0,2,0,2,0,4,2,35.61663277777778,139.61599972222223,5,3,,,,
1,30,329,133,2,0,1,30000,0,110,2020,11,6,8,55,12,,,,,2,1,1,14,7,0,23,0,23,3,9,1,70,5,3,1,1,35,14,61,1,0,,,,,,,2,0,20,0,4,0,2,0,2,0,4,2,35.63540138888889,139.69808,6,3,,,,
1,30,329,137,2,0,1,10080,0,110,2020,11,17,8,40,12,,,,,1,1,1,1,7,1,21,0,23,17,9,30,70,4,2,1,45,45,13,61,31,0,,,,,,,10,0,50,0,3,0,2,0,2,0,4,2,35.6303325,139.70046527777777,3,3,,,,
1,30,329,139,2,0,1,30000,0,110,2020,11,20,10,28,12,,,,,1,1,1,14,7,0,23,0,23,3,9,1,70,5,3,1,75,35,3,61,31,0,,,,,,,2,0,40,0,3,0,2,0,2,0,4,2,35.63212083333333,139.71213166666666,6,3,,,,
1,30,329,141,2,0,1,30000,0,110,2020,10,8,14,57,12,,,,,3,1,2,1,7,1,22,0,23,11,9,30,70,5,3,1,55,55,3,61,1,0,,,,,,,5,0,10,0,3,0,2,0,2,0,4,2,35.63970861111111,139.70394805555554,5,3,,,,
1,30,329,142,2,0,1,30000,0,110,2020,11,27,11,17,12,,,,,2,1,1,14,7,0,23,0,23,2,9,1,70,5,3,1,35,45,3,61,31,0,,,,,,,5,0,10,0,3,0,2,0,2,0,4,2,35.63856666666667,139.6967711111111,6,3,,,,
1,30,329,143,2,0,1,2460,65,110,2020,11,29,2,20,22,,,,,1,1,1,14,7,0,23,0,23,4,9,1,70,1,1,1,45,25,12,61,1,0,,,,,,,5,0,50,0,3,0,2,0,2,0,4,2,35.65150861111111,139.68623916666667,1,3,,,,
1,30,330,163,2,0,1,20210,0,110,2020,11,9,18,15,22,,,,,1,1,1,1,1,9,22,0,23,14,9,30,70,4,2,1,25,45,3,61,31,0,,,,,,,4,0,40,0,3,0,2,0,2,0,4,2,35.6248625,139.66572583333334,2,3,,,,
1,30,330,172,2,0,1,20210,0,110,2020,11,20,15,35,13,,,,,1,1,1,14,7,0,23,0,23,2,9,20,70,5,3,1,75,35,3,61,31,0,,,,,,,2,0,40,0,3,0,2,0,2,0,4,2,35.60825638888889,139.67071194444443,6,3,,,,
1,30,330,182,2,0,1,30000,0,110,2020,11,27,14,10,12,,,,,2,1,1,14,7,0,23,0,23,1,9,1,70,5,3,1,45,25,51,61,0,0,,,,,,,0,0,10,0,3,0,0,0,0,0,4,2,35.60832777777778,139.66986944444443,6,3,,,,
1,30,330,186,2,0,1,30000,0,110,2020,10,13,13,55,12,,,,,1,1,1,14,7,0,23,0,23,3,9,1,70,4,2,1,1,65,51,61,0,0,,,,,,,0,0,10,0,4,0,0,0,0,0,4,2,35.62128222222222,139.67400055555555,3,3,,,,
1,30,331,178,2,0,1,30220,0,113,2020,11,6,8,5,12,,,,,2,1,1,1,1,8,22,0,23,19,9,30,70,1,2,1,25,45,51,61,0,0,,,,,,,0,0,10,0,3,0,0,0,0,0,4,2,35.659485833333335,139.70074444444444,6,3,,,,
1,30,331,199,2,0,1,20120,0,103,2020,11,24,9,20,12,,,,,2,1,1,1,1,1,22,0,23,18,9,30,70,1,2,1,1,75,17,61,31,0,,,,,,,4,0,10,0,3,0,2,0,2,0,4,2,35.650663611111106,139.72237416666667,3,3,,,,
1,30,331,212,2,0,1,30000,0,113,2020,11,28,12,5,12,,,,,1,1,1,1,1,9,22,0,23,15,9,30,70,4,2,1,55,45,3,61,1,0,,,,,,,3,0,10,0,3,0,2,0,2,0,4,2,35.64735888888889,139.70169805555554,7,3,,,,
1,30,332,125,2,0,1,30000,0,113,2020,11,28,0,30,22,,,,,1,1,1,14,7,0,23,0,23,4,9,1,70,4,2,1,55,25,3,61,1,0,,,,,,,2,0,30,0,4,0,2,0,2,0,4,2,35.67972583333333,139.71094694444443,7,3,,,,
1,30,333,160,2,0,1,20280,0,113,2020,11,20,6,40,11,,,,,2,1,1,1,1,9,22,0,23,15,9,30,70,4,1,1,65,55,3,61,31,0,,,,,,,3,0,10,0,3,0,2,0,2,0,4,2,35.679075555555556,139.66996527777778,6,3,,,,
1,30,435,120,2,0,1,30000,0,104,2019,12,19,13,50,12,,,,,2,1,2,14,7,0,23,0,23,3,9,1,70,5,2,1,55,45,3,61,31,0,,,,,,,10,0,40,0,3,0,2,0,2,0,4,2,35.70477833333334,139.7091861111111,5,3,,,,
1,30,435,128,2,0,1,30000,0,104,2020,11,28,16,40,21,,,,,1,1,1,1,7,1,22,0,23,14,9,30,70,5,3,1,65,75,14,61,31,0,,,,,,,1,0,50,0,3,0,2,0,2,0,4,2,35.70601583333334,139.72319972222223,7,3,,,,
1,30,435,129,2,0,1,30280,0,104,2020,11,6,18,5,22,,,,,2,1,1,1,1,9,22,0,23,14,9,30,70,5,2,1,45,1,3,61,31,0,,,,,,,2,0,40,0,4,0,2,0,2,0,4,2,35.69911722222222,139.73345194444443,6,3,,,,
1,30,436,202,2,0,1,20290,0,104,2020,11,3,7,47,12,,,,,3,1,2,14,1,0,23,0,23,4,9,20,70,4,2,1,1,0,61,0,0,0,,,,,,,0,0,0,0,0,0,0,0,0,0,2,0,35.70144583333334,139.7000833333333,3,1,,,,
1,30,436,206,2,0,1,200,87,113,2020,10,19,19,30,22,,,,,3,1,2,1,1,9,22,0,23,19,8,30,70,1,2,1,35,45,3,61,31,0,,,,,,,1,0,80,0,4,0,2,0,2,0,4,2,35.68845444444444,139.6987863888889,2,3,,,,
1,30,436,207,2,0,1,30000,0,104,2020,11,15,16,25,13,,,,,1,1,1,1,7,9,22,0,23,17,9,30,70,5,2,1,45,55,3,61,31,0,,,,,,,2,0,80,0,3,0,2,0,2,0,4,2,35.68970472222222,139.7019325,1,3,,,,
1,30,436,211,2,0,1,30000,0,104,2020,11,17,10,50,12,,,,,1,1,1,14,7,0,23,0,23,2,9,1,70,5,3,1,65,25,51,61,0,0,,,,,,,0,0,10,0,4,0,0,0,0,0,4,2,35.70456,139.70544055555555,3,3,,,,
1,30,436,215,2,0,1,10240,0,104,2020,10,19,6,50,11,,,,,1,1,1,7,7,0,23,0,23,6,9,20,70,1,2,1,75,25,3,61,31,0,,,,,,,5,0,80,0,3,0,2,0,2,0,4,2,35.693816111111104,139.69947833333333,2,3,,,,
1,30,436,217,2,0,1,99000,0,104,2020,11,27,12,20,12,,,,,1,1,1,0,7,0,23,0,23,0,0,20,70,0,4,1,45,55,3,61,31,0,,,,,,,10,0,40,0,4,0,2,0,2,0,4,2,35.693661111111105,139.69199805555556,6,3,,,,
1,30,436,220,2,0,1,30000,0,104,2020,10,16,19,40,22,,,,,2,1,1,1,7,9,22,0,23,11,9,30,70,5,2,1,55,35,51,61,0,0,,,,,,,0,0,20,0,4,0,0,0,0,0,4,2,35.690083055555554,139.69803027777778,6,3,,,,
1,30,436,225,2,0,1,30000,0,104,2020,11,22,12,10,12,,,,,1,1,1,14,7,0,23,0,23,1,9,20,70,5,2,1,45,45,3,61,1,0,,,,,,,1,0,40,0,4,0,2,0,2,0,4,2,35.69507722222222,139.70385944444445,1,2,,,,
1,30,437,107,2,0,1,10090,0,104,2020,10,31,21,15,22,,,,,1,1,1,1,8,9,22,0,23,14,7,30,70,4,1,1,1,65,35,61,31,0,,,,,,,4,0,10,0,3,0,0,0,0,0,4,2,35.71017194444445,139.70971083333333,7,3,,,,
1,30,437,112,2,0,1,30000,0,104,2020,11,10,17,0,21,,,,,1,1,1,14,7,0,23,0,23,3,9,1,70,5,2,1,65,1,34,61,31,0,,,,,,,2,0,20,0,3,0,0,0,0,0,2,4,35.71189027777778,139.71168388888887,3,3,,,,
1,30,437,113,2,0,1,30000,0,104,2020,11,10,17,10,21,,,,,1,1,1,14,7,0,23,0,23,3,9,1,70,4,1,1,65,1,3,61,31,0,,,,,,,3,0,10,0,3,0,2,0,2,0,4,2,35.72061166666667,139.6761236111111,3,3,,,,
1,30,437,114,2,0,1,10090,0,104,2020,11,11,21,55,22,,,,,1,1,1,1,1,9,22,0,23,15,9,30,70,4,2,1,55,45,3,61,1,0,,,,,,,4,0,40,0,3,0,2,0,1,0,4,2,35.71162861111112,139.70998305555554,4,3,,,,
1,30,437,123,2,0,1,10220,0,104,2020,11,25,9,30,12,,,,,3,1,2,1,1,9,22,0,23,14,9,30,70,4,1,1,65,25,3,61,1,0,,,,,,,3,0,10,0,3,0,2,0,2,0,4,2,35.71338472222222,139.70155194444445,4,3,,,,
1,30,437,125,2,0,1,30000,0,104,2020,11,29,18,44,22,,,,,1,1,1,1,7,9,22,0,23,15,9,30,70,5,3,1,45,55,3,61,31,0,,,,,,,10,0,20,0,3,0,2,0,2,0,4,2,35.711999444444444,139.7193725,1,3,,,,
1,30,437,127,2,0,1,10220,0,104,2020,11,24,14,30,12,,,,,2,1,1,1,1,9,22,0,23,14,9,30,70,5,2,1,55,45,3,61,1,0,,,,,,,10,0,20,0,4,0,2,0,2,0,4,2,35.71317861111111,139.70490305555555,3,3,,,,
1,30,438,105,2,0,1,20120,0,104,2020,11,4,17,15,21,,,,,1,1,1,14,1,0,23,0,23,2,9,1,70,1,2,1,55,1,13,61,31,0,,,,,,,4,0,20,0,4,0,2,0,2,0,4,2,35.69022972222222,139.71546888888886,4,3,,,,
1,30,439,249,2,0,1,30000,0,114,2020,11,16,14,33,12,,,,,1,1,1,14,7,0,23,0,23,2,9,1,70,5,3,1,45,1,51,61,0,0,,,,,,,0,0,10,0,3,0,0,0,0,0,4,2,35.70306027777778,139.67350333333331,2,3,,,,
1,30,439,255,2,0,1,10240,0,114,2020,11,25,9,45,12,,,,,3,1,2,14,7,0,23,0,23,5,9,1,70,4,1,1,45,25,3,61,1,0,,,,,,,10,0,10,0,3,0,2,0,2,0,4,2,35.69746361111111,139.6666111111111,4,3,,,,
1,30,439,256,2,0,1,20280,0,114,2020,11,25,17,0,21,,,,,2,1,1,7,1,0,23,0,23,3,9,1,70,4,2,1,55,75,14,61,31,0,,,,,,,2,0,10,0,4,0,2,0,2,0,4,2,35.69389944444444,139.66855305555555,4,3,,,,
1,30,439,258,2,0,1,20290,0,114,2020,11,19,0,25,22,,,,,1,1,1,14,7,0,23,0,23,3,9,20,70,4,1,1,55,25,3,61,1,0,,,,,,,3,0,30,0,4,0,2,0,2,0,4,2,35.70210388888889,139.67468722222222,5,3,,,,
1,30,440,296,2,0,1,30000,0,114,2020,11,3,10,53,12,,,,,2,1,1,1,7,9,22,0,23,11,8,30,70,5,4,1,35,25,51,61,0,0,,,,,,,0,0,20,0,4,0,0,0,0,0,4,2,35.71997777777778,139.66620083333333,3,1,,,,
1,30,440,302,2,0,1,30000,0,114,2020,11,12,10,15,12,,,,,2,1,1,7,7,0,23,0,23,3,9,1,70,5,1,1,75,25,4,61,31,0,,,,,,,10,0,50,0,2,0,2,0,2,0,4,2,35.72286833333334,139.63841333333332,5,3,,,,
1,30,440,314,2,0,1,30000,0,114,2020,11,27,12,0,12,,,,,2,1,1,14,7,0,23,0,23,3,9,1,70,4,2,1,45,1,52,61,0,0,,,,,,,0,0,10,0,4,0,0,0,0,0,4,2,35.71534583333334,139.67079805555554,6,3,,,,
1,30,440,315,2,0,1,30000,0,114,2020,11,29,11,50,12,,,,,2,1,1,14,7,0,23,0,23,3,9,1,70,5,1,1,25,1,51,61,0,0,,,,,,,0,0,10,0,4,0,0,0,0,0,4,2,35.70681861111112,139.66271416666666,1,3,,,,
1,30,441,244,2,0,1,30000,0,115,2020,11,5,12,18,12,,,,,1,1,1,14,7,0,23,0,23,2,9,1,70,5,4,1,55,45,3,61,31,0,,,,,,,10,0,20,0,4,0,2,0,2,0,4,2,35.706210000000006,139.65020083333334,5,3,,,,
1,30,441,249,2,0,1,30000,0,115,2020,11,11,8,40,12,,,,,1,1,1,14,7,0,23,0,23,2,9,1,70,5,4,1,1,1,51,61,0,0,,,,,,,0,0,10,0,3,0,0,0,0,0,4,2,35.70228916666667,139.62717305555557,4,3,,,,
1,30,441,256,2,0,1,10130,0,115,2020,11,21,0,43,22,,,,,1,1,1,14,7,0,23,0,23,5,9,1,70,1,1,1,45,1,51,61,0,0,,,,,,,0,0,0,0,3,0,0,0,0,0,2,4,35.708376388888894,139.6545313888889,7,3,,,,
1,30,441,263,2,0,1,30000,0,115,2020,9,26,18,50,22,,,,,1,1,2,1,7,9,22,0,23,11,9,30,70,5,4,1,35,55,51,61,0,0,,,,,,,0,0,30,0,3,0,0,0,0,0,4,2,35.70642388888889,139.6471211111111,7,3,,,,
1,30,441,264,2,0,1,30000,0,115,2020,11,15,9,27,12,,,,,1,1,1,14,7,0,23,0,23,1,9,1,70,5,4,1,65,25,4,61,31,0,,,,,,,10,0,40,0,4,0,2,0,2,0,4,2,35.712585000000004,139.64094055555555,1,3,,,,
1,30,441,266,2,0,1,30000,0,115,2020,11,23,12,10,12,,,,,1,1,1,14,7,0,23,0,23,2,9,1,70,5,2,1,1,1,51,61,0,0,,,,,,,0,0,10,0,3,0,0,0,0,0,4,2,35.70186416666667,139.64809916666667,2,1,,,,
1,30,441,268,2,0,1,10260,0,115,2020,11,16,17,50,22,,,,,1,1,1,7,1,0,23,0,23,5,9,1,70,4,2,1,25,45,12,61,1,0,,,,,,,3,0,50,0,3,0,2,0,2,0,4,2,35.69680805555555,139.64809166666666,2,3,,,,
1,30,442,242,2,0,1,30000,0,115,2020,9,7,12,2,12,,,,,2,1,2,14,7,0,23,0,23,1,9,1,70,5,4,1,1,45,12,61,31,0,,,,,,,5,0,40,0,4,0,2,0,2,0,4,2,35.68228638888888,139.63010916666667,2,3,,,,
1,30,442,244,2,0,1,30000,0,115,2020,11,7,12,5,12,,,,,2,1,1,14,7,0,23,0,23,2,9,1,70,5,4,1,35,1,14,61,1,0,,,,,,,1,0,14,0,3,0,2,0,2,0,4,2,35.685562777777776,139.6308525,7,3,,,,
1,30,442,245,2,0,1,30000,0,115,2020,11,9,12,30,12,,,,,1,1,1,14,7,0,23,0,23,2,9,20,70,5,3,1,45,55,14,61,31,0,,,,,,,2,0,20,0,3,0,2,0,2,0,4,2,35.68269972222222,139.62717083333334,2,3,,,,
1,30,442,247,2,0,1,30000,0,115,2020,10,31,8,20,12,,,,,1,1,1,14,7,0,23,0,23,2,9,1,70,5,4,1,55,1,3,61,31,0,,,,,,,5,0,80,0,3,0,2,0,2,0,4,2,35.67569527777778,139.64559083333333,7,3,,,,
1,30,442,252,2,0,1,30000,0,115,2020,11,19,6,25,11,,,,,1,1,1,1,7,0,23,0,23,14,9,30,70,5,3,1,45,0,61,0,0,0,,,,,,,0,0,0,0,0,0,0,0,0,0,2,0,35.68711833333333,139.60831444444443,5,3,,,,
1,30,442,257,2,0,1,30000,0,115,2020,11,27,8,15,12,,,,,1,1,1,7,7,0,23,0,23,2,9,1,70,5,3,1,35,1,52,61,0,0,,,,,,,0,0,10,0,3,0,0,0,0,0,4,2,35.68074,139.6578038888889,6,3,,,,
1,30,442,263,2,0,1,10230,0,115,2020,11,24,19,0,22,,,,,2,1,1,1,1,9,22,0,23,19,9,30,70,1,1,1,25,45,51,61,0,0,,,,,,,0,0,10,0,3,0,0,0,0,0,4,2,35.68326833333333,139.65656027777777,3,3,,,,
1,30,443,207,2,0,1,30000,0,115,2020,11,18,13,40,12,,,,,1,1,1,7,7,0,23,0,23,3,9,1,70,4,1,1,25,75,3,61,31,0,,,,,,,10,0,10,0,3,0,2,0,2,0,4,2,35.70333111111111,139.60036166666666,4,3,,,,
1,30,545,77,2,0,1,10100,0,105,2020,11,9,18,50,22,,,,,1,1,1,14,7,0,23,0,23,4,9,1,70,1,1,1,55,25,3,61,1,0,,,,,,,3,0,80,0,3,0,2,0,2,0,4,2,35.718159166666666,139.75139944444444,2,3,,,,
1,30,545,78,2,0,1,30000,0,105,2020,11,11,10,40,12,,,,,1,1,1,1,7,1,21,0,23,15,8,30,70,4,1,1,25,65,13,61,31,0,,,,,,,5,0,50,0,4,0,2,0,2,0,4,2,35.707701944444445,139.74565444444443,4,3,,,,
1,30,545,79,2,0,1,95000,0,105,2020,11,12,16,30,13,,,,,1,1,1,14,7,0,23,0,23,4,9,1,70,4,1,1,55,1,3,61,31,0,,,,,,,3,0,50,0,3,0,2,0,2,0,4,2,35.718340000000005,139.7432811111111,5,3,,,,
1,30,545,84,2,0,1,95000,0,105,2020,11,20,11,50,12,,,,,2,1,1,1,7,1,22,0,23,14,9,30,70,5,3,1,55,55,51,61,0,0,,,,,,,0,0,40,0,4,0,0,0,0,0,4,2,35.712357222222224,139.75138166666667,6,3,,,,
1,30,545,86,2,0,1,2540,14,105,2020,11,24,21,24,22,,,,,1,1,1,1,1,9,22,0,23,19,9,30,70,1,1,1,45,25,4,61,31,0,,,,,,,5,0,50,0,2,0,2,0,2,0,4,2,35.71048027777778,139.7465247222222,3,3,,,,
1,30,546,93,2,0,1,30000,0,105,2020,11,19,15,10,12,,,,,1,1,1,14,7,0,23,0,23,3,8,1,70,4,1,1,65,55,51,61,0,0,,,,,,,0,0,20,0,3,0,0,0,0,0,2,4,35.71890444444445,139.73460444444444,5,3,,,,
1,30,547,62,2,0,1,20370,0,105,2020,11,20,17,15,21,,,,,1,1,1,1,1,9,22,0,23,15,9,30,70,4,2,1,25,65,51,61,0,0,,,,,,,0,0,10,0,3,0,0,0,0,0,4,2,35.72003527777778,139.76299444444444,6,3,,,,
1,30,548,61,2,0,1,30900,0,105,2020,11,2,9,15,12,,,,,1,1,1,14,7,0,23,0,23,2,9,1,70,5,1,1,55,35,3,61,1,0,,,,,,,2,0,20,0,3,0,2,0,2,0,4,2,35.720685833333334,139.75933833333335,2,2,,,,
1,30,548,64,2,0,1,20400,0,105,2020,11,11,14,34,12,,,,,1,1,1,7,1,0,23,0,23,4,9,1,70,4,2,1,25,1,13,61,31,0,,,,,,,4,0,50,0,4,0,2,0,2,0,4,2,35.73057194444445,139.75087083333332,4,3,,,,
1,30,549,101,2,0,1,30340,0,116,2020,11,2,23,50,22,,,,,3,1,2,1,1,0,23,0,23,19,9,30,70,4,1,1,1,0,61,0,0,0,,,,,,,0,0,0,0,0,0,0,0,0,0,2,0,35.741148611111115,139.73073166666666,2,2,,,,
1,30,549,102,2,0,2,2540,40,116,2020,11,5,19,35,22,,,,,1,1,1,14,7,0,23,0,23,5,8,1,70,4,2,1,55,25,34,61,1,0,,,,,,,4,0,41,0,2,0,0,0,0,0,2,2,35.72721333333334,139.72775583333333,5,3,,,,
1,30,549,104,2,0,1,30000,0,116,2020,11,10,14,40,12,,,,,1,1,1,14,7,0,23,0,23,2,9,1,70,5,3,1,25,1,51,61,0,0,,,,,,,0,0,40,0,4,0,0,0,0,0,4,2,35.73650833333333,139.73085194444445,3,3,,,,
1,30,549,108,2,0,1,2540,45,116,2020,11,18,19,12,22,,,,,1,1,1,1,7,9,22,0,23,18,9,30,70,4,1,1,65,35,3,61,1,0,,,,,,,4,0,40,0,4,0,2,0,2,0,4,2,35.729595555555555,139.72422333333333,4,3,,,,
1,30,549,110,2,0,1,20000,0,116,2020,8,21,20,5,22,,,,,1,1,1,1,7,9,22,0,23,17,9,30,70,5,2,1,45,55,34,61,31,0,,,,,,,10,0,12,0,3,0,0,0,0,0,4,2,35.72831166666667,139.72639166666667,6,3,,,,
1,30,550,151,2,0,1,30000,0,116,2020,11,11,15,22,12,,,,,1,1,1,1,7,9,22,0,23,11,9,30,70,5,3,1,25,65,51,61,0,0,,,,,,,0,0,10,0,3,0,0,0,0,0,4,2,35.735733055555556,139.7077647222222,4,3,,,,
1,30,550,162,2,0,1,30000,0,116,2020,11,18,8,29,12,,,,,1,1,1,14,7,0,23,0,23,2,9,1,70,5,1,1,55,0,61,0,0,0,,,,,,,0,0,0,0,0,0,0,0,0,0,2,0,35.73042805555556,139.70603416666665,4,3,,,,
1,30,550,163,2,0,1,10090,0,116,2020,11,27,13,45,12,,,,,2,1,1,14,7,0,23,0,23,5,9,1,70,1,2,1,1,55,51,61,0,0,,,,,,,0,0,10,0,2,0,0,0,0,0,4,2,35.735530833333335,139.71882083333333,6,3,,,,
1,30,550,166,2,0,1,2540,60,116,2020,11,30,18,50,22,,,,,1,1,1,14,7,0,23,0,23,3,9,1,70,1,1,1,1,65,51,61,0,0,,,,,,,0,0,40,0,4,0,0,0,0,0,4,2,35.738553055555556,139.7109261111111,2,3,,,,