資料区分,都道府県コード,警察署等コード,本票番号,事故内容,死者数,負傷者数,路線コード,地点コード,市区町村コード,発生日時　　年,発生日時　　月,発生日時　　日,発生日時　　時,発生日時　　分,昼夜,日の出時刻　　時,日の出時刻　　分,日の入り時刻　　時,日の入り時刻　　分,天候,地形,路面状態,道路形状,信号機,一時停止規制　標識（当事者A）,一時停止規制　表示（当事者A）,一時停止規制　標識（当事者B）,一時停止規制　表示（当事者B）,車道幅員,道路線形,衝突地点,ゾーン規制,中央分離帯施設等,歩車道区分,事故類型,年齢（当事者A）,年齢（当事者B）,当事者種別（当事者A）,当事者種別（当事者B）,用途別（当事者A）,用途別（当事者B）,車両形状等（当事者A）,車両形状等（当事者B）,オートマチック車（当事者A）,オートマチック車（当事者B）,サポカー（当事者A）,サポカー（当事者B）,速度規制（指定のみ）（当事者A）,速度規制（指定のみ）（当事者B）,車両の衝突部位（当事者A）,車両の衝突部位（当事者B）,車両の損壊程度（当事者A）,車両の損壊程度（当事者B）,エアバッグの装備（当事者A）,エアバッグの装備（当事者B）,サイドエアバッグの装備（当事者A）,サイドエアバッグの装備（当事者B）,人身損傷程度（当事者A）,人身損傷程度（当事者B）,lat,lon,曜日(発生年月日),祝日(発生年月日),認知機能検査経過日数（当事者A）,認知機能検査経過日数（当事者B）,運転練習の方法（当事者A）,運転練習の方法（当事者B）
1,30,551,157,1,1,0,30000,0,116,2020,11,8,13,42,12,,,,,2,1,1,13,7,0,23,0,23,2,3,1,70,5,4,1,65,65,3,61,31,0,,,,,,,10,0,80,0,4,0,2,0,2,0,4,1,35.72964638888889,139.69137083333334,1,3,,,,
1,30,551,158,2,0,1,20420,0,116,2020,11,5,20,25,22,,,,,1,1,1,14,1,0,23,0,23,5,9,1,70,1,2,1,25,55,51,61,0,0,,,,,,,0,0,10,0,4,0,0,0,0,0,4,2,35.739305,139.688305,5,3,,,,
1,30,551,159,2,0,1,30000,0,116,2020,11,9,18,30,22,,,,,1,1,1,1,7,9,22,0,23,11,9,30,70,5,3,1,35,1,3,61,31,0,,,,,,,10,0,50,0,3,0,2,0,2,0,4,2,35.74060166666667,139.6989636111111,2,3,,,,
1,30,552,144,2,0,1,30000,0,117,2020,11,7,12,28,12,,,,,1,1,1,14,7,0,23,0,23,3,9,1,70,5,1,1,75,75,36,61,31,0,,,,,,,2,0,10,0,4,0,0,0,0,0,4,2,35.7520575,139.73029027777778,7,3,,,,
1,30,552,145,2,0,1,20440,0,117,2020,11,9,13,0,12,,,,,2,1,1,14,7,0,23,0,23,3,9,1,70,4,1,1,35,25,12,61,1,0,,,,,,,2,0,40,0,3,0,2,0,2,0,4,2,35.733421944444444,139.75892916666666,2,3,,,,
1,30,553,88,2,0,1,30000,0,117,2020,11,9,8,15,12,,,,,1,1,1,7,7,0,23,0,23,2,9,20,70,5,3,1,45,25,3,61,31,0,,,,,,,1,0,20,0,3,0,2,0,2,0,4,2,35.7663325,139.72067833333332,2,3,,,,
1,30,553,92,2,0,1,30000,0,117,2020,11,24,19,15,22,,,,,2,1,1,14,7,0,23,0,23,2,9,20,70,4,2,1,25,35,3,61,31,0,,,,,,,2,0,30,0,3,0,2,0,2,0,4,2,35.75982777777778,139.71733666666668,3,3,,,,
1,30,553,93,2,0,2,30000,0,117,2020,6,26,11,5,12,,,,,1,1,1,7,7,0,23,0,23,2,9,1,70,5,3,1,65,75,51,61,0,0,,,,,,,0,0,20,0,3,0,0,0,0,0,2,2,35.761993333333336,139.73302694444445,6,3,,,,
1,30,554,147,2,0,1,30000,0,117,2020,11,16,13,10,12,,,,,1,1,1,14,7,0,23,0,23,5,9,1,70,4,2,1,45,65,13,61,31,0,,,,,,,10,0,20,0,3,0,2,0,2,0,4,2,35.77576666666666,139.72181444444445,2,3,,,,
1,30,554,148,2,0,1,30000,0,117,2020,11,6,10,40,12,,,,,2,1,1,1,7,9,22,0,23,11,9,30,70,5,4,1,55,25,51,61,0,0,,,,,,,0,0,10,0,3,0,0,0,0,0,4,2,35.78454305555555,139.7246175,6,3,,,,
1,30,555,287,1,1,0,170,93,119,2020,11,16,22,43,22,,,,,1,1,1,1,1,9,22,0,23,18,9,30,70,5,1,1,35,45,3,61,31,0,,,,,,,4,0,10,0,2,0,2,0,2,0,4,1,35.74890138888889,139.71953166666668,2,3,,,,
1,30,555,290,2,0,1,30000,0,119,2020,11,6,23,35,22,,,,,2,1,1,14,7,0,23,0,23,4,9,1,70,5,2,1,45,65,36,61,31,0,,,,,,,2,0,10,0,3,0,0,0,0,0,4,2,35.74565472222222,139.699215,6,3,,,,
1,30,555,292,2,0,1,30000,0,119,2020,10,9,11,20,12,,,,,3,1,2,7,7,0,23,0,23,1,9,1,70,5,4,1,1,35,17,61,31,0,,,,,,,10,0,30,0,4,0,2,0,2,0,4,2,35.741170000000004,139.70347194444443,6,3,,,,
1,30,555,296,2,0,1,30000,0,119,2020,11,10,17,30,21,,,,,1,1,1,14,7,0,23,0,23,3,9,1,70,5,3,1,65,25,14,61,31,0,,,,,,,10,0,40,0,4,0,2,0,2,0,4,2,35.751596944444444,139.6782397222222,3,3,,,,
1,30,555,301,2,0,1,30000,0,119,2020,10,30,20,10,22,,,,,1,1,1,14,7,0,23,0,23,2,9,1,70,5,3,1,75,25,3,61,31,0,,,,,,,2,0,20,0,3,0,2,0,2,0,4,2,35.740455555555556,139.68657555555555,6,3,,,,
1,30,555,314,2,0,1,10130,0,119,2020,11,25,9,10,12,,,,,3,1,2,1,7,1,21,0,23,15,9,30,70,1,1,1,55,25,17,61,31,0,,,,,,,10,0,10,0,3,0,2,0,2,0,4,2,35.75210083333333,139.68366361111111,4,3,,,,
1,30,556,256,1,1,0,30750,0,119,2020,11,16,13,26,12,,,,,1,1,1,14,7,0,23,0,23,3,9,1,70,4,1,1,55,75,3,61,31,0,,,,,,,2,0,80,0,3,0,2,0,2,0,4,1,35.777859166666666,139.68659194444444,2,3,,,,
1,30,556,261,2,0,1,30000,0,119,2020,11,2,4,20,22,,,,,2,1,1,1,7,9,22,0,23,11,9,30,70,5,2,1,45,45,3,61,31,0,,,,,,,2,0,50,0,3,0,2,0,2,0,4,2,35.780721944444444,139.66986666666665,2,2,,,,
1,30,556,270,2,0,1,170,152,119,2020,11,14,9,12,12,,,,,2,1,1,1,8,9,22,0,23,17,9,30,70,4,2,1,35,35,3,61,31,0,,,,,,,5,0,50,0,4,0,2,0,2,0,4,2,35.789721388888886,139.68498666666667,7,3,,,,
1,30,556,283,2,0,1,30000,0,119,2020,11,25,10,6,12,,,,,3,1,2,1,7,1,21,0,23,15,9,30,70,4,2,1,25,35,17,61,1,0,,,,,,,2,0,10,0,3,0,2,0,2,0,4,2,35.78398861111111,139.6765275,4,3,,,,
1,30,557,256,2,0,1,30000,0,120,2020,11,14,19,20,22,,,,,1,1,1,14,7,0,23,0,23,3,9,1,70,5,3,1,1,45,3,61,31,0,,,,,,,5,0,30,0,3,0,2,0,2,0,4,2,35.73607361111111,139.63980583333333,7,3,,,,
1,30,557,267,2,0,1,30000,0,120,2020,11,28,11,59,12,,,,,1,1,1,1,1,9,22,0,23,15,9,30,70,4,3,1,55,1,3,61,31,0,,,,,,,10,0,10,0,3,0,2,0,2,0,4,2,35.755919166666665,139.65693000000002,7,3,,,,
1,30,558,312,1,1,0,30000,0,120,2020,11,11,17,37,22,,,,,1,1,1,14,7,0,23,0,23,1,9,1,70,5,3,1,65,75,3,61,31,0,,,,,,,2,0,10,0,4,0,2,0,2,0,4,1,35.76768666666666,139.58037527777776,4,3,,,,
1,30,558,316,2,0,1,30000,0,120,2020,11,7,9,20,12,,,,,1,1,1,1,1,9,22,0,23,14,9,30,70,4,2,1,45,65,3,61,1,0,,,,,,,3,0,50,0,3,0,2,0,2,0,4,2,35.753995,139.58030027777778,7,3,,,,
1,30,558,325,2,0,1,30000,0,120,2020,11,11,17,28,21,,,,,1,1,1,1,7,9,22,0,23,14,9,30,70,5,2,1,65,25,4,61,31,0,,,,,,,2,0,20,0,3,0,2,0,2,0,4,2,35.75960527777778,139.56653083333333,4,3,,,,
1,30,558,326,2,0,1,30000,0,120,2020,11,15,15,40,13,,,,,1,1,1,7,7,0,23,0,23,2,9,1,70,5,3,1,45,55,3,61,31,0,,,,,,,2,0,50,0,3,0,2,0,2,0,4,2,35.74701944444445,139.56987638888887,1,3,,,,
1,30,558,331,2,0,1,30000,0,120,2020,11,13,11,20,12,,,,,1,1,1,1,7,9,22,0,23,11,9,30,70,5,3,1,35,65,3,61,31,0,,,,,,,2,0,40,0,4,0,2,0,2,0,4,2,35.76493333333333,139.59366944444446,6,3,,,,
1,30,558,337,2,0,1,30000,0,120,2020,11,21,10,11,12,,,,,1,1,1,1,1,8,22,0,23,14,9,30,70,5,2,1,35,65,3,61,31,0,,,,,,,10,0,10,0,4,0,2,0,2,0,4,2,35.740278333333336,139.60831666666667,7,3,,,,
1,30,558,340,2,0,1,30000,0,120,2020,10,18,17,45,21,,,,,2,1,1,7,7,0,23,0,23,1,9,1,70,5,3,1,25,25,3,61,31,0,,,,,,,2,0,40,0,3,0,2,0,2,0,4,2,35.72775111111111,139.5781375,1,3,,,,
1,30,559,170,2,0,1,99000,0,119,2020,10,31,9,10,12,,,,,1,1,1,0,7,0,23,0,23,0,0,20,70,0,4,1,1,45,51,61,0,0,,,,,,,0,0,10,0,4,0,0,0,0,0,4,2,35.79807666666667,139.64469944444443,7,3,,,,
1,30,559,171,2,0,1,20000,0,119,2020,10,31,20,13,22,,,,,1,1,1,14,7,0,23,0,23,2,9,1,70,5,3,1,45,65,3,61,31,0,,,,,,,10,0,40,0,4,0,2,0,2,0,4,2,35.76896305555555,139.66113083333335,7,3,,,,
1,30,559,174,2,0,2,21240,0,119,2020,11,2,22,31,22,,,,,3,1,2,1,7,9,22,0,23,14,9,30,70,4,2,1,45,45,35,61,31,0,,,,,,,3,0,10,0,3,0,0,0,0,0,2,2,35.77254638888889,139.63167722222224,2,2,,,,
1,30,559,180,2,0,1,30000,0,119,2020,11,14,9,55,12,,,,,1,1,1,14,7,0,23,0,23,3,9,1,70,5,2,1,1,75,51,61,0,0,,,,,,,0,0,10,0,4,0,0,0,0,0,4,2,35.78697,139.67331444444443,7,3,,,,
1,30,559,195,2,0,1,30000,0,119,2020,11,27,16,45,21,,,,,1,1,1,14,7,0,23,0,23,1,9,1,70,5,2,1,65,55,3,61,31,0,,,,,,,10,0,10,0,3,0,2,0,2,0,4,2,35.78393555555555,139.63931499999998,6,3,,,,
1,30,559,197,2,0,1,30000,0,119,2020,11,29,11,55,12,,,,,2,1,1,1,7,9,22,0,23,11,9,30,70,4,2,1,35,75,51,61,0,0,,,,,,,0,0,11,0,3,0,0,0,0,0,4,2,35.78016638888889,139.6391113888889,1,3,,,,
1,30,559,199,2,0,1,30000,0,119,2020,11,30,8,20,12,,,,,1,1,1,1,7,9,22,0,23,14,9,30,70,4,2,1,65,1,4,61,31,0,,,,,,,3,0,40,0,3,0,2,0,2,0,4,2,35.79079361111111,139.64574166666665,2,3,,,,
1,30,560,279,2,0,1,30000,0,120,2020,11,25,9,40,12,,,,,3,1,2,14,7,0,23,0,23,3,9,20,70,5,2,1,45,65,17,61,1,0,,,,,,,2,0,10,0,3,0,2,0,2,0,4,2,35.75104805555556,139.63185472222224,4,3,,,,
1,30,560,281,2,0,1,20510,0,120,2020,11,25,16,55,21,,,,,2,1,1,1,1,9,22,0,23,18,9,30,70,1,2,1,75,65,3,61,31,0,,,,,,,4,0,20,0,4,0,2,0,2,0,4,2,35.736000555555556,139.61479111111112,4,3,,,,
1,30,660,165,2,0,1,10290,0,106,2020,11,18,16,8,13,,,,,1,1,1,14,7,0,23,0,23,5,9,1,70,4,2,1,65,45,3,61,31,0,,,,,,,5,0,40,0,4,0,2,0,2,0,4,2,35.70254277777778,139.77663111111113,4,3,,,,
1,30,660,172,2,0,1,30000,0,106,2020,11,25,18,0,22,,,,,2,1,1,14,7,0,23,0,23,3,9,1,70,5,2,1,1,65,51,61,0,0,,,,,,,0,0,10,0,3,0,0,0,0,0,4,2,35.71678666666667,139.78049305555558,4,3,,,,
1,30,660,173,2,0,1,20370,0,106,2020,11,26,9,10,12,,,,,1,1,1,14,7,0,23,0,23,5,9,1,70,4,2,1,25,45,51,61,0,0,,,,,,,0,0,10,0,3,0,0,0,0,0,4,2,35.71602861111111,139.76694694444447,5,3,,,,
1,30,660,174,2,0,1,20390,0,106,2020,11,27,16,37,21,,,,,1,1,1,14,7,0,23,0,23,5,9,1,70,1,1,1,35,35,3,61,31,0,,,,,,,3,0,20,0,3,0,2,0,2,0,4,2,35.70737472222223,139.77851333333334,6,3,,,,
1,30,661,76,2,0,1,40,44,106,2020,10,30,0,45,22,,,,,1,1,1,14,7,0,23,0,23,5,9,1,70,1,2,1,1,65,4,61,31,0,,,,,,,5,0,10,0,3,0,2,0,2,0,4,2,35.72048083333333,139.78448333333333,6,3,,,,
1,30,661,77,2,0,1,10090,0,106,2020,11,2,10,15,12,,,,,2,1,1,1,1,9,22,0,23,18,9,30,70,4,2,1,45,65,11,61,31,0,,,,,,,4,0,10,0,3,0,2,0,2,0,4,2,35.730355,139.79092444444444,2,2,,,,
1,30,662,92,2,0,1,30000,0,106,2020,10,12,19,28,22,,,,,2,1,1,14,7,0,23,0,23,2,9,1,70,5,2,1,45,25,51,61,0,0,,,,,,,0,0,10,0,3,0,0,0,0,0,4,2,35.714286944444446,139.79010833333334,2,3,,,,
1,30,662,93,2,0,1,60,46,106,2020,11,2,18,35,22,,,,,3,1,2,1,1,9,22,0,23,19,9,30,70,4,2,1,35,45,4,61,31,0,,,,,,,4,0,10,0,3,0,2,0,2,0,4,2,35.71508111111111,139.802005,2,2,,,,
1,30,662,96,2,0,1,30000,0,106,2020,11,8,19,5,22,,,,,1,1,1,14,7,0,23,0,23,2,9,1,70,5,3,1,35,1,3,61,1,0,,,,,,,10,0,10,0,3,0,2,0,2,0,4,2,35.72780277777778,139.8068225,1,3,,,,
1,30,662,98,2,0,1,30000,0,106,2020,11,14,18,0,22,,,,,1,1,1,14,1,0,23,0,23,3,9,1,70,4,2,1,1,35,51,61,0,0,,,,,,,0,0,10,0,3,0,0,0,0,0,4,2,35.72405027777778,139.79587527777778,7,3,,,,
1,30,662,99,2,0,1,30000,0,106,2020,11,17,12,5,12,,,,,1,1,1,1,1,9,22,0,23,11,9,30,70,4,2,1,25,35,14,61,31,0,,,,,,,2,0,10,0,3,0,2,0,2,0,4,2,35.72350027777778,139.79486472222223,3,3,,,,
1,30,662,101,2,0,1,30000,0,106,2020,11,25,18,0,22,,,,,2,1,2,1,1,9,22,0,23,15,9,30,70,4,2,1,45,45,13,61,1,0,,,,,,,2,0,20,0,3,0,2,0,2,0,4,2,35.71759111111111,139.79795444444443,4,3,,,,
1,30,663,93,2,0,1,20390,0,106,2020,11,26,13,56,12,,,,,1,1,1,14,3,0,23,0,23,1,9,1,70,4,2,1,45,25,5,61,31,0,,,,,,,3,0,10,0,3,0,2,0,2,0,4,2,35.70665,139.78516916666666,5,3,,,,
1,30,663,95,2,0,1,20540,0,106,2020,10,19,12,7,12,,,,,2,1,1,1,1,9,22,0,23,18,9,30,70,4,2,1,45,45,52,61,0,0,,,,,,,0,0,10,0,4,0,0,0,0,0,4,2,35.69857944444444,139.78035916666667,2,3,,,,
1,30,665,70,2,0,1,40,66,118,2020,11,5,11,48,12,,,,,1,1,1,1,1,9,22,0,23,18,9,30,70,1,2,1,25,35,51,61,0,0,,,,,,,0,0,10,0,3,0,0,0,0,0,4,2,35.73661611111111,139.7967113888889,5,3,,,,
1,30,666,121,2,0,1,30000,0,118,2020,11,6,22,15,22,,,,,1,1,1,1,7,9,22,0,23,11,9,30,70,5,2,1,45,55,17,61,1,0,,,,,,,5,0,10,0,3,0,2,0,2,0,4,2,35.73323527777778,139.76785555555557,6,3,,,,
1,30,666,122,2,0,1,10340,0,118,2020,10,26,16,10,13,,,,,1,1,1,1,7,9,22,0,23,17,9,30,70,5,2,1,1,75,51,61,0,0,,,,,,,0,0,20,0,4,0,0,0,0,0,4,2,35.73257805555556,139.7787886111111,2,3,,,,
1,30,668,361,2,0,1,20610,0,121,2020,8,26,6,28,12,,,,,1,1,1,14,7,0,23,0,23,3,9,1,70,5,2,1,25,55,3,61,31,0,,,,,,,3,0,10,0,3,0,2,0,2,0,4,2,35.791465555555554,139.76196916666666,4,3,,,,
1,30,668,362,2,0,1,30000,0,121,2020,11,1,8,37,12,,,,,1,1,1,14,1,0,23,0,23,3,9,1,70,4,1,1,1,45,3,61,31,0,,,,,,,2,0,11,0,2,0,2,0,2,0,4,2,35.77108083333333,139.74175166666666,1,3,,,,
1,30,668,363,2,0,1,30000,0,121,2020,11,1,13,40,12,,,,,1,1,1,1,7,9,22,0,23,15,9,30,70,5,2,1,55,65,3,61,31,0,,,,,,,10,0,10,0,3,0,2,0,2,0,4,2,35.77574333333333,139.79285694444445,1,3,,,,
1,30,668,378,2,0,1,30000,0,121,2020,11,4,19,0,22,,,,,1,1,1,1,1,9,22,0,23,14,9,30,70,4,2,1,45,35,3,61,31,0,,,,,,,2,0,10,0,3,0,2,0,2,0,4,2,35.77694111111111,139.79755,4,3,,,,
1,30,668,384,2,0,1,10130,0,121,2020,11,15,13,49,12,,,,,1,1,1,7,1,0,23,0,23,5,9,1,70,1,1,1,65,65,14,61,31,0,,,,,,,4,0,10,0,3,0,2,0,2,0,4,2,35.77842583333333,139.7941888888889,1,3,,,,
1,30,668,388,2,0,1,30000,0,121,2020,11,20,14,0,12,,,,,2,1,1,1,7,1,21,0,23,14,9,30,70,4,2,1,75,65,3,61,31,0,,,,,,,2,0,50,0,3,0,2,0,2,0,4,2,35.78486611111111,139.75638722222223,6,3,,,,
1,30,668,391,2,0,1,30000,0,121,2020,11,22,11,22,12,,,,,1,1,1,1,7,1,21,0,23,15,9,30,70,4,2,1,45,45,3,61,31,0,,,,,,,10,0,10,0,4,0,2,0,2,0,4,2,35.771,139.79597805555557,1,2,,,,
1,30,668,399,2,0,1,20620,0,121,2020,11,25,18,55,22,,,,,2,1,1,1,7,9,22,0,23,14,9,30,70,1,2,1,45,65,14,61,1,0,,,,,,,10,0,18,0,3,0,2,0,2,0,4,2,35.76732138888889,139.79799472222223,4,3,,,,
1,30,668,407,2,0,1,30000,0,121,2020,11,28,22,7,22,,,,,1,1,1,14,7,0,23,0,23,2,9,1,70,4,2,1,45,75,3,61,31,0,,,,,,,3,0,10,0,3,0,2,0,2,0,4,2,35.77618,139.7541961111111,7,3,,,,
1,30,668,411,2,0,1,10130,0,121,2020,11,16,11,20,12,,,,,1,1,1,14,7,0,23,0,23,4,9,1,70,1,1,1,55,25,3,61,1,0,,,,,,,10,0,40,0,4,0,2,0,2,0,4,2,35.778370555555554,139.7567688888889,2,3,,,,
1,30,669,493,1,1,0,30000,0,121,2020,11,10,16,42,21,,,,,1,1,1,1,7,9,22,0,23,14,9,30,70,4,2,1,25,55,13,61,31,0,,,,,,,2,0,10,0,3,0,2,0,2,0,4,1,35.78011305555555,139.83954944444446,3,3,,,,
1,30,669,500,2,0,1,99000,0,121,2020,11,4,18,20,22,,,,,1,1,1,0,7,0,23,0,23,0,0,20,70,0,4,1,1,55,51,61,0,0,,,,,,,0,0,20,0,3,0,0,0,0,0,4,2,35.77921638888889,139.84391083333335,4,3,,,,
1,30,669,505,2,0,1,30450,0,121,2020,11,6,16,25,13,,,,,2,1,1,14,7,0,23,0,23,5,9,1,70,4,2,1,45,45,51,61,0,0,,,,,,,0,0,10,0,3,0,0,0,0,0,4,2,35.78532305555555,139.8421316666667,6,3,,,,
1,30,669,541,2,0,1,10360,0,121,2020,11,23,15,0,12,,,,,2,1,1,13,7,0,23,0,23,5,3,1,70,4,1,1,45,1,13,61,31,0,,,,,,,3,0,40,0,3,0,2,0,2,0,4,2,35.75890277777778,139.82903916666666,2,1,,,,
1,30,669,547,2,0,1,30000,0,121,2020,11,25,20,15,22,,,,,2,1,2,14,7,0,23,0,23,2,9,1,70,5,2,1,1,55,51,61,0,0,,,,,,,0,0,10,0,3,0,0,0,0,0,4,2,35.792345555555556,139.83659472222223,4,3,,,,
1,30,669,551,2,0,1,95000,0,121,2020,11,29,9,8,12,,,,,1,1,1,7,7,0,23,0,23,4,9,1,70,4,2,1,55,1,3,61,31,0,,,,,,,3,0,40,0,3,0,2,0,2,0,4,2,35.7981725,139.83951694444445,1,3,,,,
1,30,670,222,2,0,1,30000,0,121,2020,10,31,18,40,22,,,,,1,1,1,14,7,0,23,0,23,1,9,20,70,4,2,1,1,45,51,61,0,0,,,,,,,0,0,10,0,3,0,0,0,0,0,4,2,35.798382777777775,139.79779444444443,7,3,,,,
1,30,670,229,2,0,1,30000,0,121,2020,11,29,19,0,22,,,,,1,1,1,14,7,0,23,0,23,3,9,1,70,5,3,1,25,35,51,61,0,0,,,,,,,0,0,10,0,4,0,0,0,0,0,4,2,35.80364944444444,139.7704427777778,1,3,,,,
1,30,771,283,2,0,1,30000,0,108,2020,11,2,8,0,12,,,,,3,1,2,1,1,9,22,0,23,15,9,30,70,1,2,1,45,55,3,61,31,0,,,,,,,3,0,10,0,3,0,2,0,2,0,4,2,35.658451388888885,139.80201472222222,2,2,,,,
1,30,771,290,2,0,1,30000,0,108,2020,11,13,6,0,23,,,,,1,1,1,14,7,0,23,0,23,6,9,1,70,1,1,1,65,55,51,61,0,0,,,,,,,0,0,0,0,4,0,0,0,0,0,4,2,35.65685361111111,139.80020833333336,6,3,,,,
1,30,771,291,2,0,1,20690,0,108,2020,11,14,12,15,12,,,,,1,1,1,14,7,0,23,0,23,1,9,1,70,4,2,1,45,65,51,61,0,0,,,,,,,0,0,10,0,3,0,0,0,0,0,4,2,35.67431916666666,139.81601472222223,7,3,,,,
1,30,771,295,2,0,1,30000,0,108,2020,11,17,8,5,12,,,,,1,1,1,1,7,1,21,0,23,14,9,30,70,4,2,1,65,1,51,61,0,0,,,,,,,0,0,10,0,3,0,0,0,0,0,4,2,35.686072777777774,139.8148563888889,3,3,,,,
1,30,771,296,2,0,2,30000,0,108,2020,11,20,8,5,12,,,,,2,1,1,14,7,0,23,0,23,3,9,1,70,5,2,1,45,25,3,61,31,0,,,,,,,2,0,70,0,3,0,2,0,2,0,4,2,35.67232666666666,139.8120952777778,6,3,,,,
1,30,771,307,2,0,1,30000,0,108,2020,11,23,21,2,22,,,,,1,1,1,1,1,9,22,0,23,15,9,30,70,4,2,1,45,45,3,61,31,0,,,,,,,3,0,10,0,3,0,2,0,2,0,4,2,35.68263222222222,139.81135194444445,2,1,,,,
1,30,772,207,2,0,1,30000,0,108,2020,11,2,9,40,12,,,,,2,1,1,7,7,0,23,0,23,3,9,20,70,5,4,1,55,45,13,61,31,0,,,,,,,2,0,20,0,4,0,2,0,2,0,4,2,35.67768472222222,139.84035083333333,2,2,,,,
1,30,772,209,2,0,1,30000,0,108,2020,11,7,19,20,22,,,,,2,1,1,7,7,0,23,0,23,4,9,1,70,4,1,1,65,45,3,61,31,0,,,,,,,3,0,30,0,4,0,2,0,2,0,4,2,35.66708916666666,139.84201666666667,7,3,,,,
1,30,773,197,2,0,1,30000,0,107,2020,10,9,18,0,21,,,,,3,1,2,14,7,0,23,0,23,3,9,1,70,5,3,1,55,65,51,61,0,0,,,,,,,0,0,10,0,3,0,0,0,0,0,4,2,35.711778055555556,139.8045513888889,6,3,,,,
1,30,773,199,2,0,1,10290,0,107,2020,11,30,12,25,12,,,,,1,1,1,1,1,9,22,0,23,18,9,30,70,1,2,1,45,65,13,61,31,0,,,,,,,10,0,10,0,3,0,2,0,2,0,4,2,35.700836111111116,139.8075038888889,2,3,,,,
1,30,774,152,2,0,1,30000,0,107,2020,11,7,7,46,12,,,,,2,1,1,1,7,9,22,0,23,11,9,20,70,5,3,1,65,45,51,61,0,0,,,,,,,0,0,20,0,4,0,0,0,0,0,4,2,35.72562916666667,139.82350888888888,7,3,,,,
1,30,774,159,2,0,1,30000,0,107,2020,11,27,12,20,12,,,,,2,1,1,14,7,0,23,0,23,3,9,1,70,5,3,1,75,65,3,61,31,0,,,,,,,2,0,40,0,3,0,2,0,2,0,4,2,35.733649444444445,139.81927305555556,6,3,,,,
1,30,775,226,2,0,1,30000,0,122,2020,11,11,11,15,12,,,,,1,1,1,7,7,0,23,0,23,2,9,1,70,5,3,1,25,75,3,61,1,0,,,,,,,1,0,30,0,3,0,2,0,2,0,4,2,35.75631166666667,139.82687222222222,4,3,,,,
1,30,775,231,2,0,1,30000,0,122,2020,10,9,9,17,12,,,,,3,1,2,7,7,0,23,0,23,2,9,1,70,5,3,1,35,65,3,61,31,0,,,,,,,10,0,40,0,4,0,2,0,2,0,4,2,35.78835888888889,139.85826305555554,6,3,,,,
1,30,775,234,2,0,1,30000,0,122,2020,11,18,17,45,22,,,,,1,1,1,1,7,9,22,0,23,15,9,30,70,4,2,1,35,65,35,61,31,0,,,,,,,10,0,10,0,3,0,0,0,0,0,4,2,35.78779361111111,139.8596486111111,4,3,,,,
1,30,776,180,1,1,0,30000,0,122,2020,11,1,13,34,12,,,,,1,1,1,7,7,0,23,0,23,2,9,1,70,5,4,1,45,55,3,61,31,0,,,,,,,10,0,40,0,3,0,2,0,2,0,4,1,35.72607361111111,139.86067805555555,1,3,,,,
1,30,776,184,2,0,1,30000,0,122,2020,11,4,13,30,12,,,,,1,1,1,14,7,0,23,0,23,2,9,1,70,4,3,1,55,55,14,61,31,0,,,,,,,2,0,80,0,3,0,2,0,2,0,4,2,35.73943722222222,139.87740055555557,4,3,,,,
1,30,776,189,2,0,1,30000,0,122,2020,11,16,13,10,12,,,,,1,1,1,14,7,0,23,0,23,1,9,1,70,5,3,1,65,25,3,61,31,0,,,,,,,1,0,80,0,4,0,2,0,2,0,4,2,35.715580833333334,139.85909972222223,2,3,,,,
1,30,776,191,2,0,1,30000,0,122,2020,11,16,16,10,13,,,,,1,1,1,14,7,0,23,0,23,2,9,1,70,5,2,1,75,1,51,61,0,0,,,,,,,0,0,10,0,3,0,0,0,0,0,2,4,35.74333138888889,139.84794333333335,2,3,,,,
1,30,776,196,2,0,1,30000,0,122,2020,11,30,14,50,12,,,,,1,1,1,1,7,9,22,0,23,11,9,30,70,4,1,1,45,75,51,61,0,0,,,,,,,0,0,10,0,3,0,0,0,0,0,4,2,35.72905666666667,139.86215277777777,2,3,,,,
1,30,776,198,2,0,1,30000,0,122,2020,11,11,20,59,22,,,,,1,1,1,14,7,0,23,0,23,3,9,1,70,5,2,1,1,45,51,61,0,0,,,,,,,0,0,10,0,4,0,0,0,0,0,4,2,35.74809,139.86518999999998,4,3,,,,
1,30,777,667,2,0,1,30520,0,123,2020,11,7,18,30,22,,,,,1,1,1,1,7,9,22,0,23,11,9,30,70,5,2,1,55,75,3,61,31,0,,,,,,,10,0,0,0,4,0,2,0,2,0,4,2,35.70445138888889,139.8727002777778,7,3,,,,
1,30,777,675,2,0,1,30000,0,123,2020,11,10,11,5,12,,,,,1,1,1,1,1,9,22,0,23,15,9,30,70,4,2,1,65,75,3,61,31,0,,,,,,,3,0,20,0,3,0,2,0,2,0,4,2,35.68814,139.90923138888888,3,3,,,,
1,30,777,693,2,0,1,30000,0,123,2020,11,19,9,30,12,,,,,1,1,1,1,7,0,23,0,23,15,9,30,70,4,2,1,55,0,61,0,0,0,,,,,,,0,0,0,0,0,0,0,0,0,0,2,0,35.6930475,139.89614,5,3,,,,
1,30,777,694,2,0,1,99000,0,123,2020,11,19,13,0,12,,,,,1,1,1,0,7,0,23,0,23,0,0,20,70,0,4,1,65,65,13,61,31,0,,,,,,,1,0,10,0,3,0,2,0,2,0,4,2,35.70384916666667,139.83616,5,3,,,,