資料区分,都道府県コード,警察署等コード,本票番号,事故内容,死者数,負傷者数,路線コード,地点コード,市区町村コード,発生日時　　年,発生日時　　月,発生日時　　日,発生日時　　時,発生日時　　分,昼夜,日の出時刻　　時,日の出時刻　　分,日の入り時刻　　時,日の入り時刻　　分,天候,地形,路面状態,道路形状,信号機,一時停止規制　標識（当事者A）,一時停止規制　表示（当事者A）,一時停止規制　標識（当事者B）,一時停止規制　表示（当事者B）,車道幅員,道路線形,衝突地点,ゾーン規制,中央分離帯施設等,歩車道区分,事故類型,年齢（当事者A）,年齢（当事者B）,当事者種別（当事者A）,当事者種別（当事者B）,用途別（当事者A）,用途別（当事者B）,車両形状等（当事者A）,車両形状等（当事者B）,オートマチック車（当事者A）,オートマチック車（当事者B）,サポカー（当事者A）,サポカー（当事者B）,速度規制（指定のみ）（当事者A）,速度規制（指定のみ）（当事者B）,車両の衝突部位（当事者A）,車両の衝突部位（当事者B）,車両の損壊程度（当事者A）,車両の損壊程度（当事者B）,エアバッグの装備（当事者A）,エアバッグの装備（当事者B）,サイドエアバッグの装備（当事者A）,サイドエアバッグの装備（当事者B）,人身損傷程度（当事者A）,人身損傷程度（当事者B）,lat,lon,曜日(発生年月日),祝日(発生年月日),認知機能検査経過日数（当事者A）,認知機能検査経過日数（当事者B）,運転練習の方法（当事者A）,運転練習の方法（当事者B）
1,30,777,698,2,0,1,30000,0,123,2020,11,23,12,37,12,,,,,1,1,1,14,7,0,23,0,23,2,9,1,70,5,2,1,35,45,51,61,0,0,,,,,,,0,0,10,0,3,0,0,0,0,0,4,2,35.69337722222222,139.89885055555555,2,1,,,,
1,30,777,705,2,0,1,30000,0,123,2020,11,26,17,40,22,,,,,1,1,1,1,1,0,23,0,23,15,9,30,70,4,2,1,75,0,61,0,0,0,,,,,,,0,0,0,0,0,0,0,0,0,0,2,0,35.693780277777776,139.89085333333333,5,3,,,,
1,30,777,708,2,0,1,95000,0,123,2020,11,28,6,55,11,,,,,1,1,1,14,7,0,23,0,23,3,9,1,70,4,4,1,45,45,51,61,0,0,,,,,,,0,0,10,0,3,0,0,0,0,0,4,2,35.70329111111111,139.85309805555556,7,3,,,,
1,30,777,710,2,0,1,30000,0,123,2020,11,28,11,0,12,,,,,1,1,1,1,7,9,22,0,23,11,9,30,70,5,3,1,25,1,14,61,1,0,,,,,,,10,0,10,0,3,0,2,0,2,0,4,2,35.70592416666667,139.88176194444446,7,3,,,,
1,30,777,715,2,0,1,30000,0,123,2020,11,30,11,15,12,,,,,1,1,1,14,1,0,23,0,23,3,9,1,70,4,2,1,35,75,51,61,0,0,,,,,,,0,0,10,0,3,0,0,0,0,0,4,2,35.692652777777774,139.89819666666665,2,3,,,,
1,30,777,719,2,0,1,95000,0,123,2020,11,24,19,30,22,,,,,1,1,1,14,7,0,23,0,23,2,9,20,70,5,4,1,55,35,3,61,31,0,,,,,,,10,0,20,0,3,0,2,0,2,0,4,2,35.688805277777774,139.86172333333332,3,3,,,,
1,30,778,165,1,1,0,10380,0,123,2020,11,5,19,0,22,,,,,1,1,1,1,7,9,22,0,23,14,9,30,70,4,1,1,65,65,13,61,31,0,,,,,,,3,0,10,0,3,0,2,0,2,0,4,1,35.7346625,139.8853311111111,5,3,,,,
1,30,778,172,2,0,1,30000,0,123,2020,11,5,21,0,22,,,,,1,1,1,1,7,9,22,0,23,14,9,30,70,5,2,1,75,45,3,61,1,0,,,,,,,10,0,10,0,3,0,2,0,2,0,4,2,35.734322222222225,139.88301555555557,5,3,,,,
1,30,778,174,2,0,1,30000,0,123,2020,11,9,16,10,13,,,,,1,1,1,14,7,0,23,0,23,2,9,1,70,5,4,1,45,75,4,61,31,0,,,,,,,5,0,30,0,3,0,2,0,2,0,4,2,35.73489722222222,139.88222611111112,2,3,,,,
1,30,778,184,2,0,1,10290,0,123,2020,11,21,19,16,22,,,,,1,1,1,1,1,9,22,0,23,18,9,30,70,1,2,1,45,55,3,61,31,0,,,,,,,4,0,10,0,3,0,2,0,2,0,4,2,35.73744611111111,139.88901527777776,7,3,,,,
1,30,778,187,2,0,1,30000,0,123,2020,11,27,8,25,12,,,,,1,1,1,14,7,0,23,0,23,3,9,1,70,5,3,1,1,1,51,61,0,0,,,,,,,0,0,10,0,4,0,0,0,0,0,4,2,35.72375888888889,139.88611749999998,6,3,,,,
1,30,779,328,2,0,1,99000,0,123,2020,11,13,16,0,13,,,,,1,1,1,0,7,0,23,0,23,0,0,20,70,0,4,1,45,65,3,61,31,0,,,,,,,10,0,30,0,4,0,2,0,2,0,4,2,35.64735361111111,139.87301972222224,6,3,,,,
1,30,779,334,2,0,1,30000,0,123,2020,11,26,18,25,22,,,,,1,1,1,14,7,0,23,0,23,3,9,1,70,4,2,1,65,1,3,61,31,0,,,,,,,10,0,10,0,3,0,2,0,2,0,4,2,35.64322055555556,139.8714402777778,5,3,,,,
1,30,779,336,2,0,1,10130,0,123,2020,11,30,20,10,22,,,,,1,1,1,1,1,9,22,0,23,19,9,30,70,1,2,1,55,55,3,61,31,0,,,,,,,4,0,10,0,3,0,2,0,2,0,4,2,35.64564444444444,139.86944694444446,2,3,,,,
1,30,876,312,2,0,1,30000,0,201,2020,10,12,18,18,22,,,,,1,2,1,14,7,0,23,0,23,4,8,1,70,5,1,1,1,45,51,61,0,0,,,,,,,0,0,10,0,3,0,0,0,0,0,4,2,35.64085611111111,139.40069416666668,2,3,,,,
1,30,876,314,2,0,1,30000,0,201,2020,10,25,18,19,22,,,,,1,3,1,1,1,9,22,0,23,14,2,30,70,1,2,1,65,75,3,61,31,0,,,,,,,3,0,50,0,3,0,2,0,2,0,4,2,35.64146638888889,139.31892944444445,1,3,,,,
1,30,876,316,2,0,1,10490,0,209,2020,10,31,13,55,12,,,,,1,2,1,14,7,0,23,0,23,3,8,20,70,5,2,1,35,75,51,61,0,0,,,,,,,0,0,40,0,3,0,0,0,0,0,4,2,35.60615916666667,139.32228555555554,7,3,,,,
1,30,876,322,2,0,1,30000,0,201,2020,11,6,18,0,22,,,,,1,1,1,1,1,9,22,0,23,15,9,30,70,4,2,1,1,65,4,61,31,0,,,,,,,2,0,50,0,3,0,2,0,2,0,4,2,35.63005916666667,139.42293555555554,6,3,,,,
1,30,876,323,2,0,1,30000,0,209,2020,11,7,20,18,22,,,,,3,1,2,1,1,9,22,0,23,14,9,30,70,4,2,1,55,25,3,61,31,0,,,,,,,3,0,20,0,4,0,2,0,2,0,4,2,35.605739722222225,139.31569083333335,7,3,,,,
1,30,876,332,2,0,1,10480,0,201,2020,11,18,16,48,21,,,,,1,1,1,1,1,9,22,0,23,19,9,30,70,1,1,1,55,65,4,61,31,0,,,,,,,4,0,10,0,3,0,2,0,2,0,4,2,35.637454166666664,139.41610805555555,4,3,,,,
1,30,876,338,2,0,1,20770,0,201,2020,11,24,20,0,22,,,,,3,1,2,1,1,9,22,0,23,15,9,30,70,5,1,1,25,45,12,61,31,0,,,,,,,3,0,10,0,3,0,2,0,2,0,4,2,35.638350277777775,139.31848888888888,3,3,,,,
1,30,876,339,2,0,1,30820,0,209,2020,11,25,6,30,11,,,,,3,1,2,1,1,9,22,0,23,15,9,30,70,5,2,1,45,45,3,61,31,0,,,,,,,3,0,10,0,3,0,2,0,2,0,4,2,35.603208055555555,139.36472277777779,4,3,,,,
1,30,876,340,2,0,1,30000,0,201,2020,11,25,17,11,21,,,,,2,2,1,12,7,0,23,0,23,3,9,1,70,5,1,1,45,1,13,61,31,0,,,,,,,3,0,43,0,3,0,2,0,2,0,4,2,35.627341944444446,139.39132972222222,4,3,,,,
1,30,876,343,2,0,1,10490,0,209,2020,9,5,11,37,12,,,,,1,1,1,14,7,0,23,0,23,1,9,1,70,4,2,1,55,0,61,0,0,0,,,,,,,0,0,0,0,0,0,0,0,0,0,2,0,35.59408777777778,139.37610916666668,7,3,,,,
1,30,877,227,1,1,0,30000,0,201,2020,11,5,17,27,21,,,,,1,3,1,14,7,0,23,0,23,4,9,1,70,4,1,1,35,75,1,61,1,0,,,,,,,3,0,10,0,3,0,2,0,2,0,4,1,35.66744722222222,139.30978583333334,5,3,,,,
1,30,877,234,2,0,1,20730,0,201,2020,11,9,9,11,12,,,,,1,2,1,14,7,0,23,0,23,1,9,1,70,5,2,1,1,75,51,61,0,0,,,,,,,0,0,10,0,4,0,0,0,0,0,4,2,35.66396388888889,139.30586194444444,2,3,,,,
1,30,877,237,2,0,1,30000,0,201,2020,11,4,8,10,12,,,,,1,3,1,14,7,0,23,0,23,3,9,1,70,5,4,1,25,25,3,61,31,0,,,,,,,10,0,40,0,3,0,2,0,2,0,4,2,35.66653361111111,139.30509083333334,4,3,,,,
1,30,877,251,2,0,1,20000,0,201,2020,11,20,18,10,22,,,,,1,3,1,1,7,9,22,0,23,15,9,30,70,4,2,1,35,1,3,61,31,0,,,,,,,2,0,10,0,3,0,2,0,2,0,4,2,35.6280725,139.28978555555554,6,3,,,,
1,30,877,252,2,0,1,20000,0,201,2020,11,21,6,0,23,,,,,1,3,1,1,1,9,22,0,23,15,9,30,70,4,2,1,75,45,3,61,31,0,,,,,,,3,0,40,0,4,0,2,0,2,0,4,2,35.65836611111111,139.30041083333333,7,3,,,,
1,30,877,257,2,0,1,95000,0,201,2020,11,26,9,50,12,,,,,1,3,1,1,1,9,22,0,23,15,9,30,70,5,2,1,45,55,4,61,31,0,,,,,,,3,0,20,0,4,0,2,0,2,0,4,2,35.63422944444444,139.31207055555558,5,3,,,,
1,30,878,318,2,0,1,21100,0,224,2020,10,9,17,13,13,,,,,3,1,2,1,1,9,22,0,23,19,9,30,70,1,1,1,35,55,3,61,31,0,,,,,,,10,0,10,0,4,0,2,0,2,0,4,2,35.613015000000004,139.41188916666667,6,3,,,,
1,30,878,322,2,0,1,30000,0,224,2020,11,1,19,20,22,,,,,1,1,1,1,1,9,22,0,23,17,9,30,70,5,2,1,45,55,3,61,31,0,,,,,,,10,0,0,0,4,0,2,0,2,0,4,2,35.62642805555556,139.44613055555556,1,3,,,,
1,30,878,329,2,0,1,30000,0,225,2020,11,6,23,0,22,,,,,1,2,1,1,7,1,21,0,23,11,9,30,70,5,1,1,35,55,51,61,0,0,,,,,,,0,0,10,0,3,0,0,0,0,0,4,2,35.645608333333335,139.49928138888887,6,3,,,,
1,30,878,331,2,0,1,21110,0,224,2020,11,7,17,15,21,,,,,1,1,1,14,7,0,23,0,23,1,8,1,70,4,2,1,55,75,51,61,0,0,,,,,,,0,0,10,0,4,0,0,0,0,0,4,2,35.61222027777778,139.4333188888889,7,3,,,,
1,30,878,341,2,0,1,30000,0,225,2020,11,15,13,10,12,,,,,1,1,1,1,1,9,22,0,23,14,9,30,70,4,2,1,55,75,3,61,31,0,,,,,,,3,0,10,0,4,0,2,0,2,0,4,2,35.64572222222222,139.51241472222222,1,3,,,,
1,30,878,351,2,0,1,95000,0,224,2020,11,21,11,35,12,,,,,1,1,1,1,7,9,22,0,23,17,2,30,70,4,2,1,1,65,33,61,31,0,,,,,,,3,0,40,0,4,0,0,0,0,0,4,2,35.61901888888889,139.42732388888888,7,3,,,,
1,30,878,360,2,0,1,21110,0,224,2020,11,28,23,30,22,,,,,1,2,1,1,1,9,22,0,23,19,9,30,70,1,2,1,55,1,3,61,1,0,,,,,,,5,0,10,0,3,0,2,0,2,0,4,2,35.62524805555556,139.4203086111111,7,3,,,,
1,30,878,362,2,0,1,30000,0,225,2020,11,30,17,47,22,,,,,1,1,1,14,7,0,23,0,23,3,9,1,70,1,2,1,55,1,4,61,31,0,,,,,,,10,0,80,0,3,0,2,0,2,0,4,2,35.62305222222222,139.47114083333332,2,3,,,,
1,30,878,363,2,0,1,30000,0,224,2020,11,30,17,30,22,,,,,1,2,1,14,7,0,23,0,23,2,9,1,70,5,3,1,75,1,4,61,31,0,,,,,,,2,0,80,0,3,0,2,0,2,0,4,2,35.64740361111111,139.4472111111111,2,3,,,,
1,30,879,428,1,1,0,30000,0,223,2020,11,26,15,33,13,,,,,1,2,1,7,7,0,23,0,23,3,9,1,70,5,2,1,55,75,14,61,31,0,,,,,,,2,0,50,0,3,0,2,0,2,0,4,1,35.75703361111111,139.36213722222223,5,3,,,,
1,30,879,429,2,0,1,30000,0,220,2020,11,1,17,10,21,,,,,2,2,1,1,1,9,22,0,23,14,9,30,70,5,2,1,55,55,3,61,31,0,,,,,,,2,0,10,0,3,0,2,0,2,0,4,2,35.76936333333333,139.43862583333333,1,3,,,,
1,30,879,438,2,0,1,30000,0,223,2020,11,4,10,10,12,,,,,1,1,1,1,1,9,22,0,23,11,9,30,70,5,1,1,65,75,14,61,31,0,,,,,,,2,0,10,0,3,0,2,0,2,0,4,2,35.73545305555556,139.40569916666666,4,3,,,,
1,30,879,440,2,0,1,20000,0,223,2020,11,4,14,35,12,,,,,1,2,1,14,7,0,23,0,23,3,9,1,70,4,1,1,75,1,13,61,31,0,,,,,,,3,0,50,0,3,0,2,0,2,0,4,2,35.76074305555556,139.36638,4,3,,,,
1,30,879,443,2,0,1,30000,0,223,2020,11,5,17,45,22,,,,,1,1,1,7,1,0,23,0,23,3,9,1,70,5,2,1,55,75,3,61,1,0,,,,,,,2,0,10,0,3,0,2,0,2,0,4,2,35.73515277777778,139.40762472222224,5,3,,,,
1,30,879,445,2,0,1,30000,0,220,2020,11,8,17,50,22,,,,,2,1,1,1,1,9,22,0,23,11,9,30,70,5,2,1,55,25,4,61,31,0,,,,,,,2,0,10,0,3,0,2,0,2,0,4,2,35.745870277777776,139.41926805555553,1,3,,,,
1,30,879,471,2,0,1,30000,0,223,2020,11,19,17,6,21,,,,,1,1,1,14,7,0,23,0,23,2,9,1,70,5,4,1,55,25,35,61,31,0,,,,,,,2,0,10,0,3,0,0,0,0,0,4,2,35.75658027777778,139.37061250000002,5,3,,,,
1,30,879,472,2,0,1,30000,0,220,2020,11,19,9,0,12,,,,,1,1,1,14,7,0,23,0,23,2,9,1,70,4,3,1,25,65,51,61,0,0,,,,,,,0,0,0,0,4,0,0,0,0,0,4,2,35.755669166666664,139.44316444444445,5,3,,,,
1,30,879,486,2,0,1,30000,0,220,2020,11,26,10,20,12,,,,,1,2,1,1,1,9,22,0,23,15,9,30,70,5,2,1,25,55,3,61,31,0,,,,,,,3,0,20,0,3,0,2,0,2,0,4,2,35.73473027777778,139.4192486111111,5,3,,,,
1,30,880,282,2,0,1,10450,0,205,2020,11,1,5,15,23,,,,,1,2,1,14,1,0,23,0,23,3,9,1,70,4,2,1,45,75,36,61,31,0,,,,,,,10,0,40,0,3,0,0,0,0,0,4,2,35.77152805555556,139.28919333333334,1,3,,,,
1,30,880,283,2,0,1,10530,0,205,2020,11,1,5,55,23,,,,,1,2,1,1,1,1,21,0,23,15,9,30,70,4,2,1,45,65,3,61,31,0,,,,,,,3,0,10,0,3,0,2,0,2,0,4,2,35.785645833333334,139.2790502777778,1,3,,,,
1,30,880,290,2,0,1,30000,0,205,2020,11,8,17,25,21,,,,,2,2,1,1,7,9,22,0,23,15,6,30,70,5,2,1,55,25,3,61,31,0,,,,,,,3,0,10,0,3,0,2,0,2,0,4,2,35.78963861111111,139.28480527777776,1,3,,,,
1,30,880,296,2,0,2,30000,0,205,2020,11,16,11,30,12,,,,,1,1,1,1,1,9,22,0,23,15,9,30,70,4,2,1,75,55,3,61,31,0,,,,,,,3,0,10,0,3,0,2,0,2,0,4,2,35.79049638888889,139.2772975,2,3,,,,
1,30,880,297,2,0,1,30000,0,205,2020,11,16,16,30,13,,,,,1,1,1,14,7,0,23,0,23,2,9,1,70,5,4,1,35,1,3,61,31,0,,,,,,,10,0,10,0,3,0,2,0,2,0,4,2,35.775845,139.27877805555556,2,3,,,,
1,30,880,302,2,0,1,10530,0,205,2020,11,21,15,55,13,,,,,1,1,1,1,1,9,22,0,23,15,9,30,70,4,2,1,65,75,3,61,31,0,,,,,,,3,0,10,0,3,0,2,0,2,0,4,2,35.77750583333333,139.29503666666668,7,3,,,,
1,30,880,305,2,0,1,30000,0,205,2020,11,22,16,25,13,,,,,1,2,1,1,1,9,22,0,23,15,9,30,70,4,2,1,35,45,3,61,31,0,,,,,,,10,0,10,0,3,0,2,0,2,0,4,2,35.79243111111111,139.29274666666666,1,2,,,,
1,30,880,318,2,0,1,30000,0,205,2020,11,30,5,0,22,,,,,1,1,1,14,1,0,23,0,23,3,9,1,70,4,2,1,45,1,4,61,31,0,,,,,,,2,0,10,0,4,0,2,0,2,0,4,2,35.79781861111111,139.2948477777778,2,3,,,,
1,30,880,322,2,0,1,30000,0,205,2020,11,30,20,55,22,,,,,1,1,1,7,7,0,23,0,23,2,9,1,70,5,3,1,25,1,14,61,1,0,,,,,,,10,0,40,0,3,0,2,0,2,0,4,2,35.78636916666667,139.2824527777778,2,3,,,,
1,30,881,129,2,0,1,10460,0,305,2020,11,19,7,40,12,,,,,1,1,1,14,7,0,23,0,23,4,9,1,70,5,2,1,45,1,3,61,31,0,,,,,,,3,0,10,0,3,0,2,0,2,0,4,2,35.74633361111111,139.24013138888887,5,3,,,,
1,30,881,130,2,0,1,99000,0,228,2020,11,20,12,15,12,,,,,1,2,1,0,7,0,23,0,23,0,0,20,70,0,4,1,55,65,4,61,31,0,,,,,,,10,0,30,0,4,0,2,0,2,0,4,2,35.72760777777778,139.21406166666665,6,3,,,,
1,30,882,344,2,0,1,30000,0,227,2020,11,2,15,20,12,,,,,2,1,1,1,7,9,22,0,23,14,9,30,70,4,2,1,45,1,35,61,31,0,,,,,,,2,0,10,0,3,0,0,0,0,0,4,2,35.770537499999996,139.31162722222223,2,2,,,,
1,30,882,347,2,0,1,20000,0,227,2020,11,8,4,0,22,,,,,1,2,1,14,7,0,23,0,23,4,9,1,70,5,2,1,35,0,61,0,0,0,,,,,,,0,0,0,0,0,0,0,0,0,0,2,0,35.77801,139.30253805555557,1,3,,,,
1,30,882,354,2,0,1,30000,0,228,2020,10,22,19,20,22,,,,,2,1,1,14,7,0,23,0,23,2,9,1,70,5,3,1,25,1,4,61,31,0,,,,,,,10,0,40,0,3,0,2,0,2,0,4,2,35.72971694444445,139.29153527777777,5,3,,,,
1,30,882,365,2,0,1,30000,0,218,2020,11,9,7,25,12,,,,,1,1,1,14,7,0,23,0,23,2,9,1,70,5,3,1,55,35,3,61,31,0,,,,,,,2,0,40,0,3,0,2,0,2,0,4,2,35.74188222222222,139.33648250000002,2,3,,,,
1,30,882,371,2,0,1,30000,0,218,2020,11,22,17,30,21,,,,,1,1,1,1,7,1,21,0,23,11,9,30,70,5,3,1,55,45,3,61,31,0,,,,,,,2,0,20,0,4,0,2,0,2,0,4,2,35.744753611111115,139.33030666666667,1,2,,,,
1,30,882,373,2,0,1,99000,0,218,2020,11,10,17,15,21,,,,,1,1,1,0,7,0,23,0,23,0,0,20,70,0,2,1,25,65,51,61,0,0,,,,,,,0,0,10,0,4,0,0,0,0,0,4,2,35.73251944444445,139.32476833333334,3,3,,,,
1,30,882,380,2,0,1,10550,0,218,2020,11,16,10,46,12,,,,,1,1,1,1,1,9,22,0,23,15,9,30,70,4,2,1,45,35,3,61,31,0,,,,,,,3,0,10,0,4,0,2,0,2,0,4,2,35.744724444444444,139.32406166666667,2,3,,,,
1,30,883,472,2,0,1,30000,0,201,2020,11,11,14,15,12,,,,,1,1,1,14,7,0,23,0,23,1,9,1,70,5,4,1,1,1,36,61,31,0,,,,,,,10,0,10,0,3,0,0,0,0,0,4,2,35.66670472222222,139.34759861111112,4,3,,,,
1,30,883,475,2,0,1,30000,0,201,2020,11,2,17,5,21,,,,,3,1,2,7,7,0,23,0,23,1,9,20,70,4,2,1,75,75,3,61,31,0,,,,,,,3,0,50,0,3,0,2,0,2,0,4,2,35.65326694444445,139.33811833333334,2,2,,,,
1,30,883,479,2,0,1,30000,0,201,2020,11,15,16,40,21,,,,,1,2,1,1,1,9,22,0,23,11,9,30,70,4,2,1,75,65,3,61,31,0,,,,,,,2,0,10,0,3,0,2,0,2,0,4,2,35.667586111111106,139.33799861111112,1,3,,,,
1,30,883,482,2,0,1,30000,0,201,2020,11,16,14,20,12,,,,,1,2,1,14,7,0,23,0,23,2,9,1,70,5,1,1,65,1,14,61,31,0,,,,,,,1,0,80,0,3,0,2,0,2,0,4,2,35.66298027777778,139.3466241666667,2,3,,,,
1,30,883,487,2,0,1,30000,0,201,2020,11,18,17,33,22,,,,,1,1,1,1,1,9,22,0,23,15,9,30,70,4,2,1,55,35,3,61,31,0,,,,,,,10,0,50,0,4,0,2,0,2,0,4,2,35.655970555555555,139.3447363888889,4,3,,,,
1,30,883,492,2,0,1,95000,0,201,2020,11,19,12,20,12,,,,,1,1,1,14,7,0,23,0,23,1,9,1,70,5,3,1,45,35,4,61,31,0,,,,,,,5,0,10,0,3,0,2,0,2,0,4,2,35.65998333333333,139.3383736111111,5,3,,,,
1,30,883,495,2,0,1,30000,0,201,2020,10,27,18,10,22,,,,,1,2,1,14,7,0,23,0,23,2,9,1,70,5,3,1,65,1,3,61,31,0,,,,,,,2,0,40,0,4,0,2,0,2,0,4,2,35.68480361111111,139.3124811111111,3,3,,,,
1,30,883,502,2,0,1,30000,0,201,2020,11,26,7,15,11,,,,,1,2,1,1,7,9,22,0,23,11,9,30,70,5,3,1,45,35,14,61,31,0,,,,,,,2,0,10,0,2,0,2,0,2,0,4,2,35.66251388888889,139.3439725,5,3,,,,
1,30,883,504,2,0,1,30000,0,201,2020,11,26,17,40,22,,,,,1,1,1,14,7,0,23,0,23,3,9,1,70,5,4,1,25,35,14,61,31,0,,,,,,,3,0,10,0,3,0,2,0,2,0,4,2,35.66425722222222,139.36792194444445,5,3,,,,
1,30,883,507,2,0,1,30000,0,201,2020,11,28,8,13,12,,,,,1,1,1,1,7,9,22,0,23,15,9,30,70,4,2,1,45,75,4,61,31,0,,,,,,,2,0,80,0,3,0,2,0,2,0,4,2,35.6516725,139.319265,7,3,,,,
1,30,883,510,2,0,1,30000,0,201,2020,11,30,16,17,13,,,,,1,1,1,1,1,8,22,0,23,11,9,30,70,4,1,1,25,25,17,61,31,0,,,,,,,3,0,20,0,4,0,2,0,2,0,4,2,35.65607361111111,139.34986361111112,2,3,,,,
1,30,884,446,1,1,0,30000,0,209,2020,11,11,7,6,11,,,,,1,1,1,1,1,9,22,0,23,15,9,30,70,5,2,1,35,75,35,61,31,0,,,,,,,3,0,10,0,3,0,0,0,0,0,4,1,35.59297611111111,139.47470611111112,4,3,,,,
1,30,884,455,2,0,1,10490,0,209,2020,11,7,22,11,22,,,,,3,1,2,14,7,0,23,0,23,4,9,1,70,4,2,1,25,55,3,61,31,0,,,,,,,3,0,10,0,3,0,2,0,2,0,4,2,35.5447,139.4508836111111,7,3,,,,
1,30,884,456,2,0,1,10490,0,209,2020,11,8,13,14,12,,,,,1,1,1,7,7,0,23,0,23,1,9,1,70,5,2,1,65,75,3,61,31,0,,,,,,,3,0,10,0,3,0,2,0,2,0,4,2,35.565775277777774,139.42458,1,3,,,,
1,30,884,457,2,0,1,20750,0,209,2020,11,8,17,0,21,,,,,1,1,1,1,1,9,22,0,23,11,9,30,70,4,1,1,45,75,3,61,31,0,,,,,,,3,0,10,0,3,0,2,0,2,0,4,2,35.588324166666666,139.45180527777777,1,3,,,,
1,30,884,458,2,0,1,30000,0,209,2020,11,8,22,55,22,,,,,1,1,1,1,7,9,22,0,23,11,7,30,70,4,2,1,45,1,3,61,31,0,,,,,,,2,0,10,0,3,0,2,0,2,0,4,2,35.51690861111111,139.48074444444444,1,3,,,,
1,30,884,461,2,0,1,30000,0,209,2020,11,9,14,50,12,,,,,2,1,1,14,7,0,23,0,23,2,9,1,70,5,4,1,55,75,3,61,31,0,,,,,,,2,0,10,0,4,0,2,0,2,0,4,2,35.55743722222222,139.454255,2,3,,,,
1,30,884,467,2,0,1,30000,0,209,2020,11,15,14,25,12,,,,,1,1,1,1,2,1,22,0,23,11,9,30,70,4,2,1,1,75,3,61,31,0,,,,,,,3,0,50,0,4,0,2,0,2,0,4,2,35.58148055555556,139.4044488888889,1,3,,,,
1,30,884,472,2,0,1,99000,0,209,2020,11,9,23,45,22,,,,,1,1,1,0,7,0,23,0,23,0,0,20,70,0,4,1,45,45,3,61,31,0,,,,,,,10,0,40,0,4,0,2,0,2,0,4,2,35.58866583333334,139.45966305555555,2,3,,,,
1,30,884,473,2,0,1,30000,0,209,2020,11,7,13,34,12,,,,,2,1,1,14,7,0,23,0,23,2,9,1,70,5,4,1,1,1,36,61,31,0,,,,,,,10,0,10,0,3,0,0,0,0,0,4,2,35.51246916666667,139.47230194444444,7,3,,,,
1,30,884,474,2,0,1,30000,0,209,2020,11,10,18,10,22,,,,,1,1,1,1,7,9,22,0,23,15,9,30,70,4,2,1,45,75,14,61,31,0,,,,,,,3,0,10,0,3,0,2,0,2,0,4,2,35.52939833333333,139.4582333333333,3,3,,,,
1,30,884,486,2,0,1,99000,0,209,2020,11,22,16,55,21,,,,,2,1,1,0,7,0,23,0,23,0,0,20,70,0,2,1,75,55,14,61,31,0,,,,,,,3,0,50,0,3,0,2,0,2,0,4,2,35.55828638888889,139.42383166666664,1,2,,,,
1,30,884,489,2,0,1,10490,0,209,2020,11,23,22,25,22,,,,,1,1,1,1,1,9,22,0,23,15,3,30,70,4,2,1,1,1,3,61,31,0,,,,,,,3,0,10,0,4,0,2,0,2,0,4,2,35.538435,139.45384555555555,2,1,,,,
1,30,884,491,2,0,1,30000,0,209,2020,11,19,13,55,12,,,,,1,1,1,1,1,9,22,0,23,15,9,30,70,5,2,1,75,25,3,61,31,0,,,,,,,3,0,50,0,3,0,2,0,2,0,4,2,35.574937222222225,139.48805499999997,5,3,,,,
1,30,884,492,2,0,1,95000,0,209,2020,11,25,16,50,21,,,,,1,1,1,14,1,0,23,0,23,2,9,1,70,5,2,1,75,55,3,61,31,0,,,,,,,3,0,10,0,3,0,2,0,2,0,4,2,35.583668055555556,139.47170305555557,4,3,,,,
1,30,884,494,2,0,1,30000,0,209,2020,11,25,18,20,22,,,,,2,1,1,1,1,1,22,0,23,15,9,30,70,4,2,1,55,55,3,61,31,0,,,,,,,2,0,11,0,3,0,2,0,2,0,4,2,35.554255,139.4573313888889,4,3,,,,
1,30,884,504,2,0,1,30000,0,209,2020,11,13,17,18,21,,,,,1,1,1,1,7,1,22,0,23,14,9,30,70,5,2,1,45,65,3,61,31,0,,,,,,,2,0,20,0,3,0,2,0,2,0,4,2,35.58180777777778,139.43417305555556,6,3,,,,
1,30,885,352,1,1,0,30000,0,212,2020,11,8,18,13,22,,,,,1,2,1,7,7,0,23,0,23,3,9,1,1,5,2,1,55,75,1,61,1,0,,,,,,,2,0,10,0,4,0,2,0,2,0,4,1,35.65844444444444,139.39642305555554,1,3,,,,
1,30,885,361,2,0,1,30000,0,212,2020,11,4,17,5,21,,,,,1,3,1,7,7,0,23,0,23,2,9,1,70,4,2,1,45,75,3,61,31,0,,,,,,,3,0,80,0,3,0,2,0,2,0,4,2,35.65802472222222,139.37215583333335,4,3,,,,
1,30,885,376,2,0,1,10510,0,212,2020,11,1,17,30,21,,,,,1,2,1,14,7,0,23,0,23,3,9,1,70,4,2,1,1,75,51,61,0,0,,,,,,,0,0,10,0,4,0,0,0,0,0,4,2,35.657271944444446,139.42782472222223,1,3,,,,