資料区分,都道府県コード,警察署等コード,本票番号,事故内容,死者数,負傷者数,路線コード,地点コード,市区町村コード,発生日時　　年,発生日時　　月,発生日時　　日,発生日時　　時,発生日時　　分,昼夜,日の出時刻　　時,日の出時刻　　分,日の入り時刻　　時,日の入り時刻　　分,天候,地形,路面状態,道路形状,信号機,一時停止規制　標識（当事者A）,一時停止規制　表示（当事者A）,一時停止規制　標識（当事者B）,一時停止規制　表示（当事者B）,車道幅員,道路線形,衝突地点,ゾーン規制,中央分離帯施設等,歩車道区分,事故類型,年齢（当事者A）,年齢（当事者B）,当事者種別（当事者A）,当事者種別（当事者B）,用途別（当事者A）,用途別（当事者B）,車両形状等（当事者A）,車両形状等（当事者B）,オートマチック車（当事者A）,オートマチック車（当事者B）,サポカー（当事者A）,サポカー（当事者B）,速度規制（指定のみ）（当事者A）,速度規制（指定のみ）（当事者B）,車両の衝突部位（当事者A）,車両の衝突部位（当事者B）,車両の損壊程度（当事者A）,車両の損壊程度（当事者B）,エアバッグの装備（当事者A）,エアバッグの装備（当事者B）,サイドエアバッグの装備（当事者A）,サイドエアバッグの装備（当事者B）,人身損傷程度（当事者A）,人身損傷程度（当事者B）,lat,lon,曜日(発生年月日),祝日(発生年月日),認知機能検査経過日数（当事者A）,認知機能検査経過日数（当事者B）,運転練習の方法（当事者A）,運転練習の方法（当事者B）
1,30,885,384,2,0,1,30000,0,212,2020,11,28,11,5,12,,,,,1,2,1,1,1,9,22,0,23,15,9,30,70,4,2,1,75,45,3,61,31,0,,,,,,,3,0,10,0,3,0,2,0,2,0,4,2,35.680275277777774,139.3933725,7,3,,,,
1,30,886,358,2,0,1,90000,0,207,2020,11,4,15,38,12,,,,,1,1,1,7,7,0,23,0,23,2,9,1,70,5,4,1,45,1,14,61,31,0,,,,,,,10,0,10,0,3,0,2,0,2,0,4,2,35.71386944444445,139.34759277777778,4,3,,,,
1,30,886,363,2,0,1,30000,0,207,2020,11,2,7,5,12,,,,,1,1,1,14,7,0,23,0,23,3,9,20,70,4,4,1,75,35,3,61,31,0,,,,,,,2,0,40,0,4,0,2,0,2,0,4,2,35.72282777777778,139.37543972222224,2,2,,,,
1,30,886,368,2,0,1,30000,0,207,2020,11,13,19,32,22,,,,,1,1,1,1,1,9,22,0,23,15,9,30,70,5,2,1,55,25,3,61,31,0,,,,,,,3,0,10,0,3,0,2,0,2,0,4,2,35.70441111111111,139.36664416666667,6,3,,,,
1,30,886,370,2,0,1,30000,0,207,2020,11,15,12,5,12,,,,,1,3,1,14,7,0,23,0,23,3,8,20,1,5,2,1,55,65,1,61,1,0,,,,,,,10,0,80,0,3,0,2,0,2,0,4,2,35.713104722222226,139.3608725,1,3,,,,
1,30,886,374,2,0,1,30000,0,207,2020,11,19,17,28,21,,,,,1,3,1,14,7,0,23,0,23,3,9,20,70,5,4,1,25,55,36,61,31,0,,,,,,,2,0,10,0,3,0,0,0,0,0,4,2,35.69665333333333,139.3408077777778,5,3,,,,
1,30,886,384,2,0,1,95000,0,207,2020,11,28,10,30,12,,,,,1,2,1,0,7,0,23,0,23,0,0,20,70,0,2,1,65,35,3,61,31,0,,,,,,,10,0,20,0,4,0,2,0,2,0,4,2,35.714642500000004,139.34793555555555,7,3,,,,
1,30,887,529,2,0,1,30000,0,202,2020,11,5,8,35,12,,,,,1,2,1,14,7,0,23,0,23,4,9,1,70,4,2,1,25,75,4,61,31,0,,,,,,,3,0,10,0,3,0,2,0,2,0,4,2,35.72074722222222,139.41649416666667,5,3,,,,
1,30,887,532,2,0,1,30000,0,202,2020,11,7,5,40,23,,,,,2,1,1,1,1,9,22,0,23,15,9,30,70,4,1,1,65,65,14,61,31,0,,,,,,,3,0,10,0,3,0,2,0,2,0,4,2,35.69694138888889,139.3952322222222,7,3,,,,
1,30,887,537,2,0,1,30000,0,202,2020,11,10,18,45,22,,,,,1,2,1,7,1,0,23,0,23,2,7,1,70,5,1,1,45,45,3,61,31,0,,,,,,,2,0,10,0,3,0,2,0,2,0,4,2,35.72238083333333,139.4423638888889,3,3,,,,
1,30,887,549,2,0,1,30000,0,215,2020,11,10,16,30,13,,,,,1,1,1,1,1,9,22,0,23,15,9,30,70,5,2,1,45,75,51,61,0,0,,,,,,,0,0,20,0,4,0,0,0,0,0,4,2,35.68364166666667,139.4474211111111,3,3,,,,
1,30,887,552,2,0,1,10520,0,202,2020,10,20,8,5,12,,,,,1,2,1,1,1,9,22,0,23,15,9,20,70,4,2,1,1,65,51,61,0,0,,,,,,,0,0,10,0,3,0,0,0,0,0,4,2,35.722927222222225,139.4326625,3,3,,,,
1,30,887,556,2,0,1,30000,0,215,2020,11,18,8,15,12,,,,,1,1,1,14,7,0,23,0,23,3,9,1,70,4,2,1,65,1,3,61,31,0,,,,,,,3,0,50,0,3,0,2,0,2,0,4,2,35.69056777777777,139.44559027777777,4,3,,,,
1,30,887,559,2,0,1,30000,0,202,2020,11,18,19,40,22,,,,,1,2,1,7,7,0,23,0,23,2,9,20,70,5,3,1,65,65,3,61,31,0,,,,,,,5,0,10,0,4,0,2,0,2,0,4,2,35.69510472222222,139.4140627777778,4,3,,,,
1,30,887,561,2,0,1,99000,0,215,2020,11,20,8,30,12,,,,,1,2,1,0,7,0,23,0,23,0,0,20,70,0,4,1,45,75,13,61,31,0,,,,,,,10,0,30,0,3,0,2,0,2,0,4,2,35.700316944444445,139.43242944444444,6,3,,,,
1,30,887,563,2,0,1,30000,0,215,2020,11,20,17,25,21,,,,,1,2,1,1,7,9,21,0,23,14,9,30,70,4,2,1,65,1,3,61,1,0,,,,,,,3,0,10,0,3,0,2,0,2,0,4,2,35.69913722222222,139.44100666666668,6,3,,,,
1,30,887,566,2,0,1,30000,0,215,2020,11,22,16,30,13,,,,,1,1,1,1,1,9,22,0,23,14,9,30,70,4,2,1,45,55,3,61,31,0,,,,,,,3,0,10,0,3,0,2,0,2,0,4,2,35.69951722222222,139.44810055555556,1,2,,,,
1,30,887,576,2,0,1,30000,0,202,2020,11,30,11,59,12,,,,,1,1,1,7,1,0,23,0,23,2,9,1,70,4,2,1,55,75,3,61,31,0,,,,,,,2,0,10,0,3,0,2,0,2,0,4,2,35.719676944444444,139.4342836111111,2,3,,,,
1,30,888,226,2,0,1,10500,0,206,2020,8,11,12,55,12,,,,,1,1,1,14,1,0,23,0,23,2,9,1,70,4,4,1,45,45,3,61,31,0,,,,,,,2,0,10,0,3,0,2,0,2,0,4,2,35.681307777777775,139.47180833333334,3,3,,,,
1,30,888,237,2,0,1,99000,0,206,2020,11,15,16,20,13,,,,,1,1,1,0,7,0,23,0,23,0,0,20,70,0,4,1,55,1,3,61,31,0,,,,,,,10,0,60,0,3,0,2,0,2,0,4,2,35.672111666666666,139.4587388888889,1,3,,,,
1,30,888,238,2,0,1,95000,0,206,2020,11,16,11,45,12,,,,,1,1,1,1,1,9,22,0,23,15,9,30,70,4,2,1,25,75,3,61,31,0,,,,,,,3,0,10,0,3,0,2,0,2,0,4,2,35.67080083333333,139.46687416666666,2,3,,,,
1,30,888,241,2,0,1,30000,0,206,2020,11,18,17,20,21,,,,,1,1,1,1,1,9,22,0,23,14,9,30,70,5,2,1,35,75,3,61,31,0,,,,,,,3,0,10,0,3,0,2,0,2,0,4,2,35.68483694444444,139.49368888888887,4,3,,,,
1,30,888,243,2,0,2,10500,0,206,2020,11,18,16,47,21,,,,,1,1,1,14,7,0,23,0,23,3,9,1,70,5,2,1,55,1,1,61,1,0,,,,,,,3,0,10,0,3,0,2,0,2,0,4,2,35.6869825,139.46998888888888,4,3,,,,
1,30,888,245,2,0,1,30000,0,206,2020,11,21,17,30,21,,,,,1,1,1,1,7,9,22,0,23,11,9,30,70,5,4,1,45,75,4,61,31,0,,,,,,,10,0,30,0,4,0,2,0,2,0,4,2,35.67377555555555,139.50036083333333,7,3,,,,
1,30,888,248,2,0,1,30000,0,206,2020,11,24,15,30,13,,,,,2,1,1,1,7,1,21,0,23,11,9,30,70,4,2,1,65,75,3,61,31,0,,,,,,,1,0,10,0,3,0,2,0,2,0,4,2,35.67260805555555,139.45808277777778,3,3,,,,
1,30,888,253,2,0,1,10270,0,206,2020,11,27,7,25,11,,,,,1,1,1,14,7,0,23,0,23,3,9,1,70,5,3,1,45,45,3,61,31,0,,,,,,,1,0,40,0,4,0,2,0,2,0,4,2,35.677813611111105,139.5181238888889,6,3,,,,
1,30,889,263,2,0,1,20000,0,214,2020,10,3,17,35,21,,,,,1,1,1,1,2,9,22,0,23,14,9,30,70,5,1,1,55,65,1,61,1,0,,,,,,,2,0,10,0,3,0,2,0,2,0,4,2,35.694490555555554,139.45745138888887,7,3,,,,
1,30,889,265,2,0,1,20880,0,214,2020,10,30,19,20,22,,,,,1,1,1,14,7,0,23,0,23,3,9,1,70,4,3,1,25,55,14,61,31,0,,,,,,,3,0,10,0,3,0,2,0,2,0,4,2,35.711710555555555,139.46972194444444,6,3,,,,
1,30,889,270,2,0,1,10000,0,214,2020,11,12,17,55,22,,,,,1,1,1,1,7,9,22,0,23,15,9,30,70,4,1,1,55,35,3,61,31,0,,,,,,,3,0,10,0,3,0,2,0,2,0,4,2,35.69872611111111,139.46769555555557,5,3,,,,
1,30,889,271,2,0,1,30000,0,210,2020,11,15,15,50,13,,,,,1,1,1,14,7,0,23,0,23,2,9,1,70,5,4,1,65,1,3,61,31,0,,,,,,,10,0,10,0,3,0,2,0,2,0,4,2,35.69034388888888,139.50671,1,3,,,,
1,30,890,378,2,0,1,10260,0,229,2020,11,5,6,25,11,,,,,1,1,1,1,1,9,22,0,23,18,9,30,70,1,2,1,55,25,4,61,31,0,,,,,,,3,0,10,0,3,0,2,0,2,0,4,2,35.713951944444446,139.54389027777776,5,3,,,,
1,30,890,384,2,0,1,30000,0,229,2020,11,15,11,40,12,,,,,1,1,1,1,7,9,22,0,23,11,9,30,70,4,2,1,55,55,35,61,31,0,,,,,,,2,0,10,0,3,0,0,0,0,0,4,2,35.74158888888889,139.53423,1,3,,,,
1,30,890,391,2,0,1,99000,0,229,2020,11,9,15,58,13,,,,,1,1,1,0,7,0,23,0,23,0,0,20,70,0,4,1,35,1,3,61,31,0,,,,,,,10,0,80,0,3,0,2,0,2,0,4,2,35.72966277777778,139.5223838888889,2,3,,,,
1,30,890,397,2,0,1,30000,0,229,2020,11,20,21,40,22,,,,,2,1,1,1,7,9,22,0,23,14,9,30,70,4,2,1,45,55,3,61,31,0,,,,,,,2,0,20,0,4,0,2,0,2,0,4,2,35.72362694444445,139.5293513888889,6,3,,,,
1,30,890,402,2,0,1,10580,0,222,2020,10,27,7,52,12,,,,,2,1,1,14,7,0,23,0,23,3,9,1,70,4,2,1,1,1,51,61,0,0,,,,,,,0,0,10,0,3,0,0,0,0,0,4,2,35.74905694444445,139.51396166666666,3,3,,,,
1,30,890,403,2,0,1,20000,0,229,2020,11,16,20,0,22,,,,,1,1,1,7,7,0,23,0,23,2,9,1,70,5,3,1,35,55,3,61,31,0,,,,,,,2,0,50,0,3,0,2,0,2,0,4,2,35.734049722222224,139.53047916666668,2,3,,,,
1,30,890,409,2,0,1,30000,0,229,2020,4,14,7,20,12,,,,,1,1,1,1,1,9,22,0,23,15,9,30,70,4,2,1,35,55,3,61,31,0,,,,,,,2,0,10,0,4,0,2,0,2,0,4,2,35.74730777777778,139.53723222222223,3,3,,,,
1,30,890,414,2,0,1,30000,0,229,2020,11,26,10,40,12,,,,,1,1,1,7,7,0,23,0,23,2,9,1,70,5,4,1,75,0,61,0,0,0,,,,,,,0,0,0,0,0,0,0,0,0,0,2,0,35.75201138888889,139.54468305555557,5,3,,,,
1,30,890,416,2,0,1,99000,0,229,2020,10,24,5,35,23,,,,,1,1,1,0,7,0,23,0,23,0,0,20,70,0,4,1,55,1,14,61,31,0,,,,,,,10,0,30,0,4,0,2,0,2,0,4,2,35.72993555555556,139.53102916666668,7,3,,,,
1,30,890,419,2,0,1,30000,0,229,2020,7,14,18,13,13,,,,,2,1,1,1,7,9,22,0,23,14,9,30,70,5,2,1,45,55,1,61,1,0,,,,,,,2,0,10,0,4,0,2,0,2,0,4,2,35.72811083333333,139.53957722222222,3,3,,,,
1,30,891,252,2,0,1,30000,0,213,2020,10,16,18,20,22,,,,,2,1,1,1,7,9,22,0,23,18,9,30,70,5,2,1,55,45,3,61,31,0,,,,,,,2,0,10,0,3,0,2,0,2,0,4,2,35.76466166666667,139.50008222222223,6,3,,,,
1,30,891,256,2,0,1,30000,0,213,2020,11,5,8,8,12,,,,,1,1,1,1,7,9,22,0,23,14,9,30,70,5,3,1,35,1,3,61,31,0,,,,,,,2,0,40,0,3,0,2,0,2,0,4,2,35.76490388888889,139.47969555555557,5,3,,,,
1,30,891,262,2,0,1,95000,0,221,2020,10,26,11,20,12,,,,,1,1,1,1,7,1,22,0,23,17,9,30,70,4,1,1,75,65,3,61,31,0,,,,,,,2,0,10,0,3,0,2,0,2,0,4,2,35.768349444444446,139.51867222222222,2,3,,,,
1,30,891,266,2,0,1,30000,0,221,2020,11,12,5,45,23,,,,,1,1,1,1,1,9,22,0,23,18,9,30,70,4,2,1,45,65,3,61,31,0,,,,,,,3,0,10,0,3,0,2,0,2,0,4,2,35.78930666666666,139.5380786111111,5,3,,,,
1,30,891,267,2,0,1,10580,0,213,2020,11,12,18,25,22,,,,,1,1,1,1,1,9,22,0,23,15,9,30,70,4,2,1,45,45,3,61,31,0,,,,,,,3,0,40,0,3,0,2,0,2,0,4,2,35.76389361111111,139.4944311111111,5,3,,,,
1,30,891,268,2,0,1,30000,0,213,2020,8,25,23,40,22,,,,,1,1,1,7,7,0,23,0,23,3,7,1,70,5,3,1,45,35,36,61,31,0,,,,,,,10,0,10,0,3,0,0,0,0,0,4,2,35.76392555555555,139.443305,3,3,,,,
1,30,891,271,2,0,1,30610,0,213,2020,9,24,19,20,22,,,,,3,1,1,7,7,0,23,0,23,3,9,1,70,4,2,1,45,25,3,61,31,0,,,,,,,3,0,20,0,3,0,2,0,2,0,4,2,35.744861944444445,139.45664833333333,5,3,,,,
1,30,891,279,2,0,1,30000,0,213,2020,11,24,16,5,13,,,,,2,1,1,1,7,9,22,0,23,15,9,20,70,5,4,1,1,75,51,61,0,0,,,,,,,0,0,20,0,4,0,0,0,0,0,4,2,35.760466666666666,139.44518888888888,3,3,,,,
1,30,891,281,2,0,1,10560,0,221,2020,11,18,16,30,13,,,,,1,1,1,7,1,0,23,0,23,1,9,20,70,1,2,1,75,0,61,0,0,0,,,,,,,0,0,0,0,0,0,0,0,0,0,2,0,35.77363,139.523985,4,3,,,,
1,30,891,282,2,0,1,10250,0,213,2020,11,23,17,12,21,,,,,1,1,1,7,7,0,23,0,23,3,9,1,70,5,1,1,45,1,3,61,31,0,,,,,,,2,0,10,0,3,0,2,0,2,0,4,2,35.7530325,139.47949916666667,2,1,,,,
1,30,891,283,2,0,1,95000,0,213,2020,11,28,14,10,12,,,,,1,1,1,0,7,0,23,0,23,0,0,20,70,0,4,1,75,0,61,0,0,0,,,,,,,0,0,0,0,0,0,0,0,0,0,2,0,35.763216388888885,139.44199138888888,7,3,,,,
1,30,892,171,2,0,1,20270,0,203,2020,11,14,13,35,12,,,,,1,1,1,1,1,9,22,0,23,15,9,30,70,4,1,1,65,65,51,61,0,0,,,,,,,0,0,40,0,4,0,0,0,0,0,4,2,35.70730888888889,139.57959333333332,7,3,,,,
1,30,892,172,2,0,1,95000,0,203,2020,11,7,18,0,22,,,,,2,1,1,14,7,0,23,0,23,3,9,1,70,5,3,1,55,45,51,61,0,0,,,,,,,0,0,10,0,3,0,0,0,0,0,4,2,35.69829027777777,139.53696638888889,7,3,,,,
1,30,892,174,2,0,1,10260,0,203,2020,11,13,9,0,12,,,,,1,1,1,14,7,0,23,0,23,1,9,1,70,5,2,1,35,65,51,61,0,0,,,,,,,0,0,10,0,4,0,0,0,0,0,4,2,35.711111111111116,139.53814277777778,6,3,,,,
1,30,892,179,2,0,1,30000,0,203,2020,11,10,13,10,12,,,,,1,1,1,14,7,0,23,0,23,2,9,1,70,5,3,1,45,45,3,61,31,0,,,,,,,2,0,40,0,3,0,2,0,2,0,4,2,35.70544916666667,139.57808527777777,3,3,,,,
1,30,892,180,2,0,1,95000,0,203,2020,11,12,17,10,21,,,,,1,1,1,1,1,0,23,0,23,18,9,30,70,1,2,1,1,0,61,0,0,0,,,,,,,0,0,0,0,0,0,0,0,0,0,2,0,35.712943611111115,139.55300583333334,5,3,,,,
1,30,892,185,2,0,1,30000,0,203,2020,11,30,14,30,12,,,,,1,1,1,14,7,0,23,0,23,2,9,1,70,4,2,1,25,75,51,61,0,0,,,,,,,0,0,10,0,3,0,0,0,0,0,4,2,35.71107194444445,139.5710486111111,2,3,,,,
1,30,893,280,2,0,1,30000,0,204,2020,11,3,8,40,12,,,,,2,1,1,7,7,0,23,0,23,2,7,1,70,5,4,1,45,35,35,61,31,0,,,,,,,2,0,10,0,3,0,0,0,0,0,4,2,35.68653472222222,139.58891555555556,3,1,,,,
1,30,893,281,2,0,1,30000,0,204,2020,11,4,10,40,12,,,,,1,1,1,14,7,0,23,0,23,1,9,1,70,5,4,1,55,55,3,61,31,0,,,,,,,10,0,40,0,3,0,2,0,2,0,4,2,35.69956305555555,139.56574444444445,4,3,,,,
1,30,893,287,2,0,1,95000,0,204,2020,11,10,9,32,12,,,,,1,1,1,14,7,0,23,0,23,4,9,1,70,4,2,1,35,75,11,61,1,0,,,,,,,1,0,10,0,3,0,2,0,2,0,4,2,35.69026944444444,139.54563,3,3,,,,
1,30,893,288,2,0,1,95000,0,204,2020,11,8,17,30,21,,,,,1,1,1,0,7,0,23,0,23,0,0,20,70,0,4,1,45,45,3,61,31,0,,,,,,,10,0,26,0,4,0,2,0,2,0,4,2,35.690419444444444,139.55943611111113,1,3,,,,
1,30,893,304,2,0,1,30000,0,204,2020,11,19,20,0,22,,,,,1,1,1,14,7,0,23,0,23,2,8,1,70,5,4,1,45,25,51,61,0,0,,,,,,,0,0,10,0,3,0,0,0,0,0,4,2,35.70060777777778,139.5525227777778,5,3,,,,
1,30,894,386,2,0,1,30000,0,208,2020,10,18,23,7,22,,,,,1,1,1,1,7,1,21,0,23,14,8,30,70,5,2,1,55,25,3,61,31,0,,,,,,,3,0,10,0,4,0,2,0,2,0,4,2,35.645918888888886,139.58806055555556,1,3,,,,
1,30,894,391,2,0,1,30000,0,208,2020,11,5,12,43,12,,,,,1,1,1,1,1,9,22,0,23,14,9,30,70,1,2,1,55,25,3,61,31,0,,,,,,,3,0,10,0,4,0,2,0,2,0,4,2,35.656061944444446,139.57578,5,3,,,,
1,30,894,397,2,0,1,30000,0,208,2020,10,3,13,25,12,,,,,2,1,1,14,7,0,23,0,23,2,9,20,70,5,4,1,55,1,51,61,0,0,,,,,,,0,0,40,0,3,0,0,0,0,0,4,2,35.665662499999996,139.5853216666667,7,3,,,,
1,30,894,403,2,0,1,99000,0,208,2020,11,2,17,40,21,,,,,3,1,1,0,7,0,23,0,23,0,0,20,70,0,4,1,75,55,3,61,31,0,,,,,,,10,0,10,0,3,0,2,0,2,0,4,2,35.657737499999996,139.5469625,2,2,,,,
1,30,894,413,2,0,1,30000,0,219,2020,11,25,18,20,22,,,,,2,1,1,1,1,9,22,0,23,15,9,30,70,4,2,1,25,75,17,61,31,0,,,,,,,2,0,10,0,3,0,2,0,2,0,4,2,35.6228975,139.58354472222223,4,3,,,,
1,30,894,421,2,0,1,30000,0,208,2020,11,27,8,38,12,,,,,1,1,1,1,7,9,22,0,23,11,9,30,70,5,4,1,45,25,51,61,0,0,,,,,,,0,0,10,0,3,0,0,0,0,0,4,2,35.65056305555555,139.54643472222222,6,3,,,,
1,30,895,203,2,0,1,30000,0,211,2020,10,16,13,10,12,,,,,1,1,1,1,1,9,22,0,23,11,9,30,70,4,2,1,75,65,3,61,31,0,,,,,,,3,0,40,0,3,0,2,0,2,0,4,2,35.73261305555556,139.48776555555554,6,3,,,,
1,30,895,217,2,0,1,10240,0,211,2020,11,13,11,12,12,,,,,1,1,1,14,7,0,23,0,23,3,9,1,70,5,2,1,35,55,12,61,31,0,,,,,,,3,0,40,0,3,0,2,0,2,0,4,2,35.73044638888889,139.47707583333334,6,3,,,,
1,30,895,220,2,0,1,95000,0,211,2020,11,14,20,0,22,,,,,1,1,1,1,1,9,22,0,23,15,9,30,70,5,2,1,55,35,3,61,31,0,,,,,,,3,0,50,0,3,0,2,0,2,0,4,2,35.70953083333334,139.47521333333333,7,3,,,,
1,30,895,229,2,0,1,30000,0,211,2020,11,26,11,1,12,,,,,1,1,1,1,7,9,22,0,23,11,9,30,70,5,3,1,55,75,14,61,1,0,,,,,,,10,0,30,0,3,0,2,0,2,0,4,2,35.74079305555556,139.46203194444442,5,3,,,,
1,30,100,133,2,0,1,200,53,101,2020,12,23,20,5,22,,,,,1,1,1,1,1,9,22,0,23,17,9,30,70,1,1,1,65,45,3,61,1,0,,,,,,,5,0,10,0,3,0,2,0,2,0,4,2,35.684821111111106,139.73314,4,3,,,,
1,30,100,137,2,0,1,10110,0,101,2020,12,2,17,40,22,,,,,1,1,1,1,1,9,22,0,23,15,9,30,70,1,1,1,75,25,3,61,1,0,,,,,,,5,0,50,0,3,0,2,0,2,0,4,2,35.689053055555554,139.74525166666666,4,3,,,,
1,30,100,140,2,0,1,30000,0,101,2020,12,30,17,12,21,,,,,2,1,1,14,7,0,23,0,23,3,9,1,70,4,2,1,75,1,3,61,1,0,,,,,,,3,0,10,0,3,0,2,0,2,0,4,2,35.68024861111111,139.73582166666665,4,3,,,,
1,30,101,118,2,0,1,30000,0,101,2020,12,3,12,10,12,,,,,2,1,1,1,1,9,22,0,23,18,9,20,70,5,2,1,45,35,51,61,0,0,,,,,,,0,0,10,0,4,0,0,0,0,0,4,2,35.68621722222222,139.76895388888892,5,3,,,,
1,30,101,124,2,0,1,30060,0,101,2020,12,21,11,40,12,,,,,1,1,1,1,1,9,22,0,23,19,9,30,70,1,2,1,45,55,3,61,31,0,,,,,,,4,0,80,0,4,0,2,0,2,0,4,2,35.68616583333333,139.7688513888889,2,3,,,,
1,30,101,125,2,0,1,10110,0,101,2020,12,21,12,5,12,,,,,1,1,1,1,1,9,22,0,23,19,9,30,70,1,2,1,65,45,3,61,31,0,,,,,,,10,0,80,0,3,0,2,0,2,0,4,2,35.687237222222215,139.76192305555554,2,3,,,,
1,30,102,98,2,0,2,30000,0,101,2020,11,9,5,9,22,,,,,1,1,1,1,1,9,22,0,23,18,4,30,70,4,1,1,45,25,34,61,31,0,,,,,,,3,0,10,0,3,0,0,0,0,0,4,2,35.699645555555556,139.76330027777777,2,3,,,,
1,30,102,108,2,0,1,10050,0,101,2020,12,29,14,35,12,,,,,2,1,1,7,7,0,23,0,23,6,9,1,70,1,1,1,35,1,52,61,0,0,,,,,,,0,0,10,0,4,0,0,0,0,0,4,2,35.69451333333333,139.7633627777778,3,3,,,,
1,30,102,109,2,0,1,30000,0,101,2020,12,25,8,45,12,,,,,1,1,1,14,7,0,23,0,23,5,9,1,70,4,2,1,75,25,3,61,1,0,,,,,,,3,0,40,0,4,0,2,0,2,0,4,2,35.69672555555555,139.7549527777778,6,3,,,,
1,30,103,73,2,0,1,20070,0,101,2020,12,9,13,30,12,,,,,2,1,1,1,1,9,22,0,23,18,9,30,70,4,2,1,45,65,13,61,31,0,,,,,,,4,0,10,0,3,0,2,0,2,0,4,2,35.70314611111112,139.771735,4,3,,,,
1,30,103,74,2,0,1,20000,0,101,2020,12,8,11,13,12,,,,,1,1,1,14,7,0,23,0,23,5,9,1,70,4,2,1,1,65,13,61,31,0,,,,,,,3,0,70,0,3,0,2,0,2,0,4,2,35.69759861111111,139.77324472222224,3,3,,,,
1,30,103,80,2,0,1,20070,0,101,2020,11,25,11,15,12,,,,,3,1,2,1,7,9,22,0,23,17,9,20,70,4,1,1,55,65,3,61,31,0,,,,,,,4,0,30,0,4,0,2,0,2,0,4,2,35.70080111111111,139.7713875,4,3,,,,
1,30,103,82,2,0,1,20080,0,101,2020,12,28,14,25,12,,,,,1,1,1,1,7,9,22,0,23,17,9,30,70,4,1,1,45,55,3,61,31,0,,,,,,,4,0,80,0,3,0,2,0,2,0,4,2,35.69942861111111,139.76905722222224,2,3,,,,
1,30,104,221,2,0,1,20090,0,102,2020,12,2,17,43,22,,,,,3,1,2,1,1,9,22,0,23,19,9,30,70,1,1,1,25,35,3,61,1,0,,,,,,,5,0,10,0,4,0,2,0,2,0,4,2,35.68058333333333,139.76909333333336,4,3,,,,
1,30,104,222,2,0,1,20020,0,102,2020,12,10,23,0,22,,,,,1,1,1,1,1,9,22,0,23,18,9,30,70,5,2,1,55,35,3,61,1,0,,,,,,,4,0,10,0,3,0,2,0,2,0,4,2,35.674676388888884,139.77460833333333,5,3,,,,
1,30,105,67,2,0,1,30000,0,102,2020,11,28,12,55,12,,,,,1,1,1,1,1,8,22,0,23,14,9,30,70,5,2,1,65,25,3,61,1,0,,,,,,,2,0,10,0,4,0,2,0,2,0,4,2,35.68991444444444,139.78316166666667,7,3,,,,
1,30,106,156,2,0,1,30000,0,102,2020,12,4,19,40,22,,,,,1,1,1,1,7,1,21,0,23,15,9,30,1,5,2,1,45,45,51,61,0,0,,,,,,,0,0,10,0,4,0,0,0,0,0,4,2,35.67346027777778,139.76601916666667,6,3,,,,
1,30,106,157,2,0,1,10030,0,102,2020,12,5,14,40,12,,,,,3,1,2,1,1,9,22,0,23,15,9,30,70,1,1,1,75,35,3,61,31,0,,,,,,,5,0,10,0,4,0,2,0,2,0,4,2,35.66860361111111,139.76604055555555,7,3,,,,
1,30,106,167,2,0,1,10000,0,102,2020,12,24,19,13,22,,,,,1,1,1,1,1,9,22,0,23,15,8,30,70,5,2,1,65,65,3,61,1,0,,,,,,,10,0,50,0,4,0,2,0,2,0,4,2,35.669179166666666,139.769845,5,3,,,,
1,30,106,175,2,0,1,20090,0,102,2020,12,14,19,0,22,,,,,1,1,1,14,7,0,23,0,23,6,9,1,70,5,2,1,45,25,51,61,0,0,,,,,,,0,0,40,0,4,0,0,0,0,0,4,2,35.67547333333333,139.76570361111112,2,3,,,,
1,30,107,134,2,0,2,10020,0,102,2020,10,6,2,48,22,,,,,1,1,1,1,1,9,22,0,23,18,9,30,70,5,1,1,55,25,34,61,31,0,,,,,,,5,0,20,0,3,0,0,0,0,0,2,2,35.660378333333334,139.7767166666667,3,3,,,,
1,30,107,137,2,0,1,20680,0,102,2020,11,23,9,29,12,,,,,1,1,1,7,7,0,23,0,23,3,9,1,70,1,2,1,75,35,3,61,1,0,,,,,,,4,0,40,0,4,0,2,0,2,0,4,2,35.65635944444444,139.7734941666667,2,1,,,,
1,30,107,138,2,0,1,20680,0,102,2020,12,2,14,25,12,,,,,2,1,1,1,1,9,22,0,23,18,9,30,70,1,2,1,65,1,3,61,1,0,,,,,,,4,0,10,0,3,0,2,0,2,0,4,2,35.65644777777778,139.7738252777778,4,3,,,,
1,30,107,140,2,0,1,30000,0,102,2020,12,5,6,15,23,,,,,3,1,2,7,7,0,23,0,23,3,9,1,70,4,1,1,55,45,3,61,31,0,,,,,,,2,0,20,0,3,0,2,0,2,0,4,2,35.66516611111111,139.78164583333336,7,3,,,,
1,30,107,142,2,0,1,20680,0,102,2020,12,7,15,38,13,,,,,1,1,1,1,1,9,22,0,23,18,9,30,70,1,1,1,45,1,17,61,31,0,,,,,,,4,0,50,0,3,0,2,0,2,0,4,2,35.65589666666666,139.77269166666667,2,3,,,,