資料区分,都道府県コード,警察署等コード,本票番号,事故内容,死者数,負傷者数,路線コード,地点コード,市区町村コード,発生日時　　年,発生日時　　月,発生日時　　日,発生日時　　時,発生日時　　分,昼夜,日の出時刻　　時,日の出時刻　　分,日の入り時刻　　時,日の入り時刻　　分,天候,地形,路面状態,道路形状,信号機,一時停止規制　標識（当事者A）,一時停止規制　表示（当事者A）,一時停止規制　標識（当事者B）,一時停止規制　表示（当事者B）,車道幅員,道路線形,衝突地点,ゾーン規制,中央分離帯施設等,歩車道区分,事故類型,年齢（当事者A）,年齢（当事者B）,当事者種別（当事者A）,当事者種別（当事者B）,用途別（当事者A）,用途別（当事者B）,車両形状等（当事者A）,車両形状等（当事者B）,オートマチック車（当事者A）,オートマチック車（当事者B）,サポカー（当事者A）,サポカー（当事者B）,速度規制（指定のみ）（当事者A）,速度規制（指定のみ）（当事者B）,車両の衝突部位（当事者A）,車両の衝突部位（当事者B）,車両の損壊程度（当事者A）,車両の損壊程度（当事者B）,エアバッグの装備（当事者A）,エアバッグの装備（当事者B）,サイドエアバッグの装備（当事者A）,サイドエアバッグの装備（当事者B）,人身損傷程度（当事者A）,人身損傷程度（当事者B）,lat,lon,曜日(発生年月日),祝日(発生年月日),認知機能検査経過日数（当事者A）,認知機能検査経過日数（当事者B）,運転練習の方法（当事者A）,運転練習の方法（当事者B）
1,30,107,154,2,0,1,20680,0,102,2020,11,21,0,25,22,,,,,1,1,1,1,1,9,22,0,23,18,9,30,1,1,2,1,55,35,3,61,1,0,,,,,,,4,0,10,0,4,0,2,0,2,0,4,2,35.66332777777777,139.7834486111111,7,3,,,,
1,30,107,155,2,0,1,10020,0,102,2020,11,8,15,10,12,,,,,1,1,1,14,7,0,23,0,23,1,9,1,70,1,2,1,55,0,61,0,0,0,,,,,,,0,0,0,0,0,0,0,0,0,0,2,0,35.65968055555555,139.77756555555558,1,3,,,,
1,30,108,145,2,0,1,20090,0,103,2020,12,3,5,55,23,,,,,2,1,1,1,1,9,22,0,23,19,9,30,70,1,1,1,45,75,12,61,31,0,,,,,,,5,0,80,0,3,0,2,0,2,0,4,2,35.668706111111106,139.75487444444445,5,3,,,,
1,30,108,146,2,0,2,20090,0,103,2020,12,3,19,15,22,,,,,2,1,1,14,1,0,23,0,23,4,9,1,70,1,1,1,65,45,3,61,1,0,,,,,,,4,0,20,0,2,0,2,0,2,0,2,2,35.66741388888889,139.75282222222222,5,3,,,,
1,30,108,156,2,0,1,10640,0,103,2020,12,17,17,20,21,,,,,1,1,1,14,7,0,23,0,23,2,9,1,70,4,2,1,25,55,51,61,0,0,,,,,,,0,0,10,0,3,0,0,0,0,0,4,2,35.660579722222224,139.74901583333332,5,3,,,,
1,30,109,128,2,0,1,30000,0,103,2020,12,1,7,15,11,,,,,1,1,1,1,7,9,22,0,23,11,9,30,70,5,2,1,1,45,36,61,31,0,,,,,,,10,0,10,0,3,0,0,0,0,0,4,2,35.64353277777778,139.74911083333333,3,3,,,,
1,30,109,129,2,0,1,10,63,103,2020,12,2,11,20,12,,,,,2,1,1,1,1,9,22,0,23,17,9,30,70,1,2,1,65,65,13,61,31,0,,,,,,,4,0,10,0,3,0,2,0,2,0,4,2,35.65039,139.74474194444443,4,3,,,,
1,30,109,131,2,0,1,30000,0,103,2020,12,6,16,35,21,,,,,1,1,1,1,7,9,22,0,23,14,9,20,70,5,2,1,35,1,3,61,31,0,,,,,,,2,0,10,0,4,0,2,0,2,0,4,2,35.653010555555554,139.75236694444445,1,3,,,,
1,30,109,135,2,0,1,30000,0,103,2020,12,25,15,33,12,,,,,1,1,1,1,1,9,22,0,23,14,9,30,70,4,2,1,35,1,13,61,1,0,,,,,,,4,0,80,0,3,0,2,0,2,0,4,2,35.637430555555554,139.7465536111111,6,3,,,,
1,30,110,129,2,0,1,30000,0,103,2020,12,9,8,31,12,,,,,2,1,1,14,7,0,23,0,23,2,9,1,70,4,1,1,65,35,3,61,31,0,,,,,,,10,0,20,0,3,0,2,0,2,0,4,2,35.630742777777776,139.74294972222222,4,3,,,,
1,30,110,136,2,0,1,20000,0,103,2020,12,19,5,40,22,,,,,1,1,1,14,7,0,23,0,23,3,8,1,70,4,2,1,65,25,3,61,1,0,,,,,,,3,0,50,0,3,0,2,0,2,0,4,2,35.641868055555555,139.73728999999997,7,3,,,,
1,30,111,238,2,0,1,30000,0,103,2020,12,7,18,56,22,,,,,1,1,1,7,7,0,23,0,23,3,9,1,70,4,2,1,65,35,3,61,1,0,,,,,,,4,0,10,0,4,0,2,0,2,0,4,2,35.66359277777778,139.7396472222222,2,3,,,,
1,30,111,239,2,0,1,30000,0,103,2020,12,11,12,27,12,,,,,1,1,1,1,7,9,22,0,23,15,9,30,70,5,3,1,75,25,3,61,31,0,,,,,,,1,0,10,0,4,0,2,0,2,0,4,2,35.657693888888886,139.7184836111111,6,3,,,,
1,30,111,246,2,0,1,30000,0,103,2020,12,17,16,50,21,,,,,1,1,1,7,7,0,23,0,23,3,9,1,1,5,2,1,35,1,51,61,0,0,,,,,,,0,0,10,0,3,0,0,0,0,0,4,2,35.652949166666666,139.7349997222222,5,3,,,,
1,30,111,250,2,0,1,20140,0,103,2020,12,26,7,49,12,,,,,1,1,1,1,7,1,22,0,23,18,4,30,1,1,2,1,45,25,3,61,31,0,,,,,,,2,0,10,0,3,0,2,0,2,0,4,2,35.65797055555555,139.73621722222222,7,3,,,,
1,30,111,252,2,0,1,20170,0,103,2020,12,28,20,10,22,,,,,1,1,1,1,7,1,21,0,23,18,7,30,70,1,2,1,25,35,3,61,31,0,,,,,,,10,0,10,0,4,0,2,0,2,0,4,2,35.659495,139.72291166666668,2,3,,,,
1,30,112,158,2,0,1,30000,0,103,2020,8,7,13,40,12,,,,,1,1,1,14,7,0,23,0,23,2,9,1,70,5,4,1,55,0,61,0,0,0,,,,,,,0,0,0,0,0,0,0,0,0,0,2,0,35.665265,139.71587777777776,6,3,,,,
1,30,112,168,2,0,1,30000,0,103,2020,12,16,11,22,12,,,,,1,1,5,14,7,0,23,0,23,2,7,1,70,5,2,1,55,75,3,61,1,0,,,,,,,10,0,30,0,3,0,2,0,2,0,4,2,35.670650277777774,139.74056249999998,4,3,,,,
1,30,112,172,2,0,1,30000,0,103,2020,12,22,11,25,12,,,,,1,1,1,14,7,0,23,0,23,3,9,1,70,5,4,1,65,65,12,61,31,0,,,,,,,5,0,80,0,4,0,2,0,2,0,4,2,35.675374999999995,139.73711083333333,3,3,,,,
1,30,112,173,2,0,1,2460,38,103,2020,12,22,13,23,12,,,,,1,1,1,1,1,9,22,0,23,19,9,30,70,1,1,1,65,25,14,61,1,0,,,,,,,5,0,50,0,3,0,2,0,2,0,4,2,35.663402777777776,139.71072277777776,3,3,,,,
1,30,112,175,2,0,1,95000,0,103,2020,12,24,9,20,12,,,,,2,1,1,1,7,1,22,0,23,14,9,30,70,4,1,1,1,75,3,61,31,0,,,,,,,2,0,50,0,3,0,2,0,2,0,4,2,35.664470277777774,139.7135872222222,5,3,,,,
1,30,113,250,2,0,1,3570,332,108,2020,12,14,5,45,23,,,,,2,1,1,7,1,0,23,0,23,4,9,20,70,1,2,1,45,55,34,61,31,0,,,,,,,4,0,40,0,3,0,0,0,0,0,4,2,35.64055611111111,139.8026888888889,2,3,,,,
1,30,113,254,2,0,1,10020,0,108,2020,12,18,9,40,12,,,,,1,1,1,14,7,0,23,0,23,5,9,1,70,1,2,1,45,25,51,61,0,0,,,,,,,0,0,10,0,4,0,0,0,0,0,4,2,35.64597583333333,139.8017066666667,6,3,,,,
1,30,216,136,2,0,1,95000,0,109,2020,12,24,5,30,22,,,,,1,1,1,12,7,0,23,0,23,2,8,1,70,5,1,1,65,55,51,61,0,0,,,,,,,0,0,10,0,3,0,0,0,0,0,4,2,35.60022305555556,139.7481122222222,5,3,,,,
1,30,217,145,2,0,1,30000,0,109,2020,12,5,10,5,12,,,,,3,1,2,14,7,0,23,0,23,2,9,1,70,5,2,1,35,1,51,61,0,0,,,,,,,0,0,10,0,4,0,0,0,0,0,4,2,35.62634666666667,139.7147161111111,7,3,,,,
1,30,217,147,2,0,1,10080,0,109,2020,12,11,19,0,22,,,,,1,1,1,14,7,0,23,0,23,4,9,1,70,4,2,1,25,65,51,61,0,0,,,,,,,0,0,40,0,4,0,0,0,0,0,4,2,35.63425138888889,139.71867527777778,6,3,,,,
1,30,217,149,2,0,1,10160,0,109,2020,12,13,18,50,22,,,,,1,1,1,7,1,0,23,0,23,6,9,1,70,1,1,1,1,45,36,61,31,0,,,,,,,10,0,10,0,3,0,0,0,0,0,4,2,35.626756944444445,139.7151458333333,1,3,,,,
1,30,217,150,2,0,1,30000,0,109,2020,12,22,15,20,12,,,,,1,1,1,14,7,0,23,0,23,2,7,1,70,5,2,1,65,1,3,61,31,0,,,,,,,10,0,41,0,3,0,2,0,2,0,4,2,35.63190361111111,139.71722722222222,3,3,,,,
1,30,217,152,2,0,1,30000,0,109,2020,12,23,21,44,22,,,,,1,1,1,12,7,0,23,0,23,3,8,1,70,4,1,1,1,75,51,61,0,0,,,,,,,0,0,10,0,3,0,0,0,0,0,4,2,35.62376444444445,139.7266025,4,3,,,,
1,30,217,153,2,0,1,30000,0,109,2020,12,24,11,57,12,,,,,2,1,1,14,7,0,23,0,23,2,9,1,70,5,3,1,55,55,3,61,31,0,,,,,,,1,0,40,0,4,0,2,0,2,0,4,2,35.625775833333336,139.71411333333333,5,3,,,,
1,30,217,155,2,0,1,30000,0,109,2020,12,18,15,20,12,,,,,1,1,1,1,7,9,22,0,23,11,9,30,1,4,1,1,35,1,3,61,31,0,,,,,,,3,0,20,0,3,0,2,0,2,0,4,2,35.62380861111111,139.72668305555555,6,3,,,,
1,30,218,297,2,0,1,30000,0,109,2020,12,4,15,15,12,,,,,1,1,1,14,7,0,23,0,23,3,9,1,70,5,3,1,65,65,51,61,0,0,,,,,,,0,0,20,0,3,0,0,0,0,0,2,4,35.6129775,139.7192347222222,6,3,,,,
1,30,218,304,2,0,1,30000,0,109,2020,12,10,17,0,21,,,,,2,1,1,14,7,0,23,0,23,2,8,1,1,5,3,1,1,65,51,61,0,0,,,,,,,0,0,13,0,3,0,0,0,0,0,4,2,35.61042611111111,139.70204833333332,5,3,,,,
1,30,218,312,2,0,1,30000,0,109,2020,12,6,11,20,12,,,,,1,1,1,14,7,0,23,0,23,2,9,1,70,5,3,1,75,1,4,61,31,0,,,,,,,2,0,10,0,4,0,2,0,2,0,4,2,35.61575388888889,139.71417499999998,1,3,,,,
1,30,218,316,2,0,1,30000,0,109,2020,12,22,8,45,12,,,,,1,1,1,14,7,0,23,0,23,1,9,1,70,5,4,1,55,1,51,61,0,0,,,,,,,0,0,10,0,3,0,0,0,0,0,2,4,35.60178444444445,139.71815333333333,3,3,,,,
1,30,218,319,2,0,1,30000,0,109,2020,12,26,18,39,22,,,,,1,1,1,14,7,0,23,0,23,1,9,1,70,5,3,1,1,75,51,61,0,0,,,,,,,0,0,12,0,3,0,0,0,0,0,4,2,35.60297472222222,139.7081861111111,7,3,,,,
1,30,219,397,1,1,0,10130,0,111,2020,12,14,2,55,22,,,,,2,1,1,14,7,0,23,0,23,5,9,1,70,1,1,1,65,0,61,0,0,0,,,,,,,0,0,0,0,0,0,0,0,0,0,1,0,35.57822416666667,139.73251638888888,2,3,,,,
1,30,219,401,2,0,1,30000,0,111,2020,10,14,18,45,22,,,,,1,1,1,14,7,0,23,0,23,3,9,1,70,5,3,1,35,1,51,61,0,0,,,,,,,0,0,40,0,4,0,0,0,0,0,4,2,35.56774277777778,139.7288188888889,4,3,,,,
1,30,219,428,2,0,1,30000,0,111,2020,12,18,10,50,12,,,,,1,1,1,14,7,0,23,0,23,2,9,1,70,4,2,1,25,45,51,61,0,0,,,,,,,0,0,10,0,3,0,0,0,0,0,2,4,35.58445777777778,139.73427166666664,6,3,,,,
1,30,219,429,2,0,1,30000,0,111,2020,12,18,16,25,13,,,,,1,1,1,14,7,0,23,0,23,1,9,1,70,5,3,1,45,1,35,61,31,0,,,,,,,2,0,10,0,3,0,0,0,0,0,4,2,35.580936111111114,139.71942416666667,6,3,,,,
1,30,219,434,2,0,1,1310,0,111,2020,12,14,19,0,22,,,,,1,1,1,7,1,0,23,0,23,5,9,1,70,5,1,1,45,75,3,61,31,0,,,,,,,4,0,40,0,4,0,2,0,2,0,4,2,35.56619027777778,139.73638888888888,2,3,,,,
1,30,219,435,2,0,1,30000,0,111,2020,12,20,21,13,22,,,,,2,1,1,14,7,0,23,0,23,2,9,1,70,5,3,1,55,45,3,61,31,0,,,,,,,2,0,20,0,4,0,2,0,2,0,4,2,35.589065833333336,139.72891055555556,1,3,,,,
1,30,219,437,2,0,1,150,131,111,2020,12,24,18,20,22,,,,,1,1,1,14,7,0,23,0,23,3,9,1,70,5,2,1,25,55,51,61,0,0,,,,,,,0,0,11,0,3,0,0,0,0,0,4,2,35.57823500000001,139.73541333333333,5,3,,,,
1,30,220,154,2,0,1,30180,0,111,2020,12,15,16,20,13,,,,,1,1,1,1,1,9,22,0,23,14,9,30,70,4,1,1,45,35,4,61,31,0,,,,,,,2,0,10,0,4,0,2,0,2,0,4,2,35.59531333333334,139.70078388888888,3,3,,,,
1,30,221,309,1,1,0,10200,0,111,2020,12,1,19,30,22,,,,,1,1,1,1,7,9,22,0,23,18,9,30,70,5,1,1,65,75,3,61,31,0,,,,,,,10,0,10,0,2,0,2,0,2,0,4,1,35.55199805555555,139.74454194444442,3,3,,,,
1,30,221,319,2,0,1,30000,0,111,2020,12,10,23,0,22,,,,,1,1,1,1,1,9,22,0,23,15,9,30,70,4,2,1,55,65,3,61,1,0,,,,,,,3,0,10,0,3,0,1,0,2,0,4,2,35.54189722222222,139.71394305555555,5,3,,,,
1,30,221,324,2,0,1,30000,0,111,2020,12,11,0,33,22,,,,,1,1,1,14,7,0,23,0,23,3,9,1,70,4,3,1,1,25,3,61,31,0,,,,,,,2,0,40,0,4,0,2,0,2,0,4,2,35.558004999999994,139.7179113888889,6,3,,,,
1,30,221,334,2,0,1,95000,0,111,2020,12,17,10,25,12,,,,,1,1,1,1,7,1,21,0,23,17,9,30,70,4,2,1,1,75,13,61,31,0,,,,,,,2,0,10,0,3,0,2,0,2,0,4,2,35.564548888888886,139.71098916666665,5,3,,,,
1,30,221,335,2,0,1,30000,0,111,2020,12,9,8,7,12,,,,,2,1,1,14,7,0,23,0,23,3,9,1,70,5,3,1,1,1,51,61,0,0,,,,,,,0,0,10,0,3,0,0,0,0,0,4,2,35.55358277777778,139.7069361111111,4,3,,,,
1,30,221,338,2,0,1,95000,0,111,2020,12,21,11,5,12,,,,,1,1,1,14,7,0,23,0,23,2,9,1,70,5,3,1,75,45,3,61,31,0,,,,,,,2,0,80,0,3,0,2,0,2,0,4,2,35.55483972222222,139.7300825,2,3,,,,
1,30,221,342,2,0,1,30000,0,111,2020,12,25,20,0,22,,,,,1,1,1,14,7,0,23,0,23,3,9,1,70,5,4,1,25,55,3,61,31,0,,,,,,,10,0,30,0,4,0,2,0,2,0,4,2,35.56158722222222,139.72007277777777,6,3,,,,
1,30,221,344,2,0,1,30000,0,111,2020,12,26,13,25,12,,,,,1,1,1,14,7,0,23,0,23,3,9,1,70,5,3,1,45,65,14,61,31,0,,,,,,,1,0,40,0,3,0,2,0,2,0,4,2,35.550508611111105,139.71436805555555,7,3,,,,
1,30,221,346,2,0,1,30000,0,111,2020,12,27,11,45,12,,,,,1,1,1,14,7,0,23,0,23,4,9,1,70,5,3,1,55,45,3,61,31,0,,,,,,,10,0,10,0,3,0,2,0,2,0,4,2,35.55162416666666,139.72968833333334,1,3,,,,
1,30,221,349,2,0,1,10200,0,111,2020,12,30,21,30,22,,,,,1,1,1,1,1,9,22,0,23,17,9,30,70,5,1,1,55,55,3,61,1,0,,,,,,,10,0,10,0,2,0,2,0,2,0,4,2,35.55444694444444,139.7286588888889,4,3,,,,
1,30,221,351,2,0,1,30000,0,111,2020,12,25,16,30,13,,,,,1,1,1,14,7,0,23,0,23,3,9,1,70,5,4,1,55,1,3,61,31,0,,,,,,,10,0,40,0,3,0,2,0,2,0,4,2,35.56368944444444,139.7163111111111,6,3,,,,
1,30,221,354,2,0,1,30000,0,111,2020,12,21,6,1,23,,,,,1,1,1,1,1,9,22,0,23,14,9,30,70,1,2,1,45,65,13,61,31,0,,,,,,,2,0,80,0,3,0,2,0,2,0,4,2,35.55942333333333,139.73840055555553,2,3,,,,
1,30,222,252,2,0,1,30000,0,111,2020,12,24,18,45,22,,,,,1,1,1,1,7,9,22,0,23,11,9,30,70,5,4,1,75,55,4,61,31,0,,,,,,,10,0,40,0,3,0,2,0,2,0,4,2,35.58300472222223,139.71055416666667,5,3,,,,
1,30,223,12,2,0,1,20000,0,111,2020,12,9,17,4,21,,,,,1,1,1,1,1,9,22,0,23,15,9,30,70,1,2,1,65,35,12,61,1,0,,,,,,,4,0,10,0,4,0,2,0,2,0,4,2,35.55614388888888,139.7811427777778,4,3,,,,
1,30,325,292,2,0,1,30000,0,112,2020,11,13,17,50,22,,,,,1,1,1,7,7,0,23,0,23,2,9,1,1,1,4,1,45,35,4,61,31,0,,,,,,,2,0,40,0,3,0,2,0,1,0,4,2,35.64046166666667,139.67032055555555,6,3,,,,
1,30,325,294,2,0,1,10210,0,112,2020,12,6,10,40,12,,,,,2,1,1,1,7,1,22,0,23,14,9,30,70,4,1,1,35,75,3,61,31,0,,,,,,,3,0,10,0,3,0,2,0,2,0,4,2,35.64024333333333,139.64040416666666,1,3,,,,
1,30,325,303,2,0,1,21020,0,112,2020,12,13,22,0,22,,,,,2,1,1,14,7,0,23,0,23,4,9,20,70,5,2,1,55,35,35,61,31,0,,,,,,,3,0,10,0,3,0,0,0,0,0,4,2,35.65121444444444,139.67741416666667,1,3,,,,
1,30,325,304,2,0,1,30740,0,112,2020,12,8,11,33,12,,,,,1,1,1,1,7,9,22,0,23,14,8,30,70,4,2,1,45,55,3,61,31,0,,,,,,,2,0,30,0,4,0,2,0,2,0,4,2,35.646097499999996,139.6699911111111,3,3,,,,
1,30,325,307,2,0,1,30000,0,112,2020,12,15,17,14,21,,,,,1,1,1,1,7,9,22,0,23,15,9,30,70,5,1,1,45,1,13,61,31,0,,,,,,,3,0,10,0,3,0,2,0,2,0,4,2,35.640008055555555,139.65588166666666,3,3,,,,
1,30,325,317,2,0,1,30000,0,112,2020,12,24,14,10,12,,,,,2,1,1,1,7,9,22,0,23,14,9,30,70,4,1,1,35,1,36,61,31,0,,,,,,,10,0,10,0,3,0,0,0,0,0,4,2,35.63928305555555,139.65475722222223,5,3,,,,
1,30,325,319,2,0,1,30000,0,112,2020,12,26,17,55,22,,,,,1,1,1,14,7,0,23,0,23,3,8,1,70,5,3,1,45,75,51,61,0,0,,,,,,,0,0,10,0,3,0,0,0,0,0,4,2,35.64924416666667,139.6832272222222,7,3,,,,
1,30,325,321,2,0,1,30000,0,112,2020,12,25,9,56,12,,,,,1,1,1,1,1,9,22,0,23,11,9,30,70,5,1,1,35,55,3,61,31,0,,,,,,,3,0,10,0,3,0,2,0,1,0,4,2,35.636893888888885,139.65517666666668,6,3,,,,
1,30,326,377,2,0,1,30000,0,112,2020,10,27,11,33,12,,,,,1,1,1,1,7,1,21,0,23,14,9,30,70,5,3,1,25,65,13,61,31,0,,,,,,,10,0,20,0,3,0,2,0,2,0,4,2,35.66173166666667,139.65429583333335,3,3,,,,
1,30,326,379,2,0,1,30000,0,112,2020,12,2,8,13,12,,,,,2,1,1,14,7,0,23,0,23,2,9,1,70,5,4,1,1,0,61,0,0,0,,,,,,,0,0,0,0,0,0,0,0,0,0,2,0,35.667589166666666,139.67211361111112,4,3,,,,
1,30,326,386,2,0,1,30000,0,112,2020,12,8,10,5,12,,,,,1,1,1,1,7,9,22,0,23,14,9,30,70,4,1,1,65,45,17,61,1,0,,,,,,,2,0,10,0,4,0,2,0,2,0,4,2,35.660580277777775,139.65203666666667,3,3,,,,
1,30,326,388,2,0,1,30000,0,112,2020,12,8,15,20,12,,,,,1,1,1,14,7,0,23,0,23,3,9,1,70,5,3,1,65,1,3,61,31,0,,,,,,,2,0,10,0,4,0,2,0,2,0,4,2,35.66628166666666,139.65851194444446,3,3,,,,
1,30,327,339,2,0,1,30000,0,112,2020,12,5,6,40,11,,,,,1,1,2,14,7,0,23,0,23,3,9,20,70,5,3,1,55,35,14,61,31,0,,,,,,,10,0,30,0,4,0,2,0,2,0,4,2,35.60058083333333,139.67145083333332,7,3,,,,
1,30,327,355,2,0,1,95000,0,112,2020,12,9,19,5,22,,,,,1,1,1,14,7,0,23,0,23,4,9,1,70,5,2,1,1,55,51,61,0,0,,,,,,,0,0,10,0,3,0,0,0,0,0,4,2,35.623896944444446,139.66015333333334,4,3,,,,
1,30,327,366,2,0,1,2460,110,112,2020,12,18,10,55,12,,,,,1,1,1,7,7,0,23,0,23,1,8,1,70,5,1,1,25,45,51,61,0,0,,,,,,,0,0,10,0,4,0,0,0,0,0,4,2,35.62789277777778,139.6468036111111,6,3,,,,
1,30,327,367,2,0,1,30000,0,112,2020,12,18,9,25,12,,,,,1,1,1,14,7,0,23,0,23,1,9,1,70,5,3,1,75,25,3,61,31,0,,,,,,,10,0,40,0,4,0,2,0,2,0,4,2,35.61895583333333,139.6510636111111,6,3,,,,
1,30,327,370,2,0,1,10200,0,112,2020,12,23,13,20,12,,,,,1,1,1,14,7,0,23,0,23,4,9,1,70,1,2,1,45,35,3,61,31,0,,,,,,,10,0,80,0,3,0,2,0,2,0,4,2,35.60807027777778,139.63997805555556,4,3,,,,
1,30,327,376,2,0,1,2460,110,112,2020,12,27,8,57,12,,,,,1,1,1,1,7,9,22,0,23,17,8,30,70,1,2,1,45,35,51,61,0,0,,,,,,,0,0,10,0,4,0,0,0,0,0,4,2,35.627885,139.64681027777777,1,3,,,,
1,30,327,380,2,0,1,10200,0,112,2020,12,28,23,27,22,,,,,1,1,1,14,7,0,23,0,23,6,9,1,70,1,1,1,35,25,3,61,31,0,,,,,,,10,0,10,0,2,0,2,0,2,0,4,2,35.61692333333333,139.63595166666667,2,3,,,,
1,30,328,378,2,0,1,99000,0,112,2020,11,16,13,35,12,,,,,1,1,1,0,7,0,23,0,23,0,0,20,70,0,4,1,45,65,17,61,1,0,,,,,,,10,0,70,0,3,0,2,0,2,0,4,2,35.63658777777778,139.60383555555555,2,3,,,,
1,30,328,379,2,0,1,30000,0,112,2020,11,22,10,35,12,,,,,1,1,1,1,1,9,22,0,23,15,9,30,70,4,2,1,75,45,3,61,31,0,,,,,,,2,0,10,0,3,0,2,0,2,0,4,2,35.63998333333333,139.60030916666665,1,2,,,,
1,30,328,388,2,0,1,30000,0,112,2020,12,10,19,15,22,,,,,1,1,1,1,7,9,22,0,23,11,9,30,70,5,3,1,25,55,14,61,1,0,,,,,,,2,0,10,0,3,0,2,0,2,0,4,2,35.644284444444445,139.61684694444446,5,3,,,,
1,30,328,401,2,0,1,30000,0,112,2020,12,8,10,10,12,,,,,1,1,1,1,7,9,22,0,23,11,9,30,70,5,3,1,65,75,13,61,31,0,,,,,,,2,0,10,0,3,0,2,0,2,0,4,2,35.652435555555556,139.62623972222224,3,3,,,,
1,30,328,403,2,0,1,30000,0,112,2020,12,25,9,37,12,,,,,1,1,1,1,7,1,21,0,23,11,9,30,70,5,3,1,65,75,3,61,31,0,,,,,,,2,0,10,0,3,0,2,0,2,0,4,2,35.64210222222222,139.6001611111111,6,3,,,,
1,30,329,148,2,0,1,30000,0,110,2020,12,1,12,10,12,,,,,1,1,1,14,7,0,23,0,23,2,9,1,70,5,3,1,55,1,36,61,31,0,,,,,,,10,0,10,0,4,0,0,0,0,0,4,2,35.63328833333333,139.6946786111111,3,3,,,,
1,30,329,149,2,0,1,30000,0,110,2020,12,5,19,15,22,,,,,2,1,2,1,7,1,22,0,23,14,9,20,70,5,3,1,35,55,3,61,31,0,,,,,,,5,0,10,0,3,0,2,0,2,0,4,2,35.62864555555556,139.6995325,7,3,,,,
1,30,329,150,2,0,1,30000,0,110,2020,11,5,18,5,22,,,,,1,1,1,1,7,0,23,0,23,11,9,30,70,5,3,1,25,0,61,0,0,0,,,,,,,0,0,0,0,0,0,0,0,0,0,2,0,35.64552583333333,139.69300194444446,5,3,,,,
1,30,329,153,2,0,1,30000,0,110,2020,12,8,19,40,22,,,,,1,1,1,14,7,0,23,0,23,2,9,1,70,5,3,1,25,45,51,61,0,0,,,,,,,0,0,20,0,3,0,0,0,0,0,4,2,35.642696666666666,139.69697583333334,3,3,,,,
1,30,329,159,2,0,1,10080,0,110,2020,12,21,7,40,11,,,,,1,1,1,1,1,9,22,0,23,19,9,30,70,4,1,1,1,75,51,61,0,0,,,,,,,0,0,10,0,3,0,0,0,0,0,4,2,35.63118222222222,139.70318277777776,2,3,,,,
1,30,329,162,2,0,1,20240,0,110,2020,12,1,16,40,21,,,,,1,1,1,14,7,0,23,0,23,4,9,1,70,4,1,1,45,65,51,61,0,0,,,,,,,0,0,10,0,3,0,0,0,0,0,4,2,35.63421638888889,139.69043305555556,3,3,,,,
1,30,330,188,2,0,1,30000,0,110,2020,12,2,20,15,22,,,,,3,1,2,1,7,9,22,0,23,14,9,30,70,5,2,1,65,45,3,61,31,0,,,,,,,2,0,10,0,3,0,2,0,2,0,4,2,35.618985,139.68760555555556,4,3,,,,
1,30,330,191,2,0,1,30000,0,110,2020,12,8,13,40,12,,,,,1,1,1,14,7,0,23,0,23,3,9,1,70,4,2,1,55,1,3,61,1,0,,,,,,,10,0,10,0,3,0,2,0,2,0,4,2,35.62225166666667,139.6896952777778,3,3,,,,
1,30,330,198,2,0,1,30000,0,110,2020,12,19,9,50,12,,,,,1,1,1,14,7,0,23,0,23,2,9,20,70,5,4,1,75,45,14,61,31,0,,,,,,,10,0,20,0,3,0,2,0,2,0,4,2,35.629335555555556,139.69389694444445,7,3,,,,
1,30,330,199,2,0,1,20210,0,110,2020,12,20,13,45,12,,,,,1,1,1,1,7,9,22,0,23,17,9,30,70,4,3,1,1,1,36,61,31,0,,,,,,,10,0,10,0,3,0,0,0,0,0,4,2,35.607462222222225,139.67090444444443,1,3,,,,
1,30,330,206,2,0,1,30000,0,110,2020,12,18,14,36,12,,,,,1,1,1,14,7,0,23,0,23,3,9,1,70,4,3,1,35,1,3,61,31,0,,,,,,,2,0,40,0,4,0,2,0,2,0,4,2,35.61718166666667,139.67652333333334,6,3,,,,
1,30,331,216,2,0,1,30000,0,113,2020,12,4,13,2,12,,,,,1,1,1,1,1,9,22,0,23,15,9,30,70,4,2,1,55,65,3,61,1,0,,,,,,,2,0,50,0,3,0,2,0,2,0,4,2,35.655053055555555,139.71719916666666,6,3,,,,
1,30,331,218,2,0,2,30000,0,113,2020,12,9,11,0,12,,,,,2,1,1,14,7,0,23,0,23,1,8,1,70,4,1,1,65,35,51,61,0,0,,,,,,,0,0,20,0,3,0,0,0,0,0,2,2,35.65060416666667,139.71737277777777,4,3,,,,
1,30,331,220,2,0,1,30000,0,113,2020,11,17,15,45,13,,,,,1,1,1,14,7,0,23,0,23,1,9,1,70,5,1,1,25,25,3,61,1,0,,,,,,,3,0,20,0,3,0,2,0,2,0,4,2,35.64486055555555,139.70982527777775,3,3,,,,
1,30,331,222,2,0,1,30000,0,113,2020,12,16,16,40,21,,,,,1,1,1,1,7,9,22,0,23,15,9,30,70,4,2,1,35,25,4,61,31,0,,,,,,,2,0,10,0,3,0,2,0,2,0,4,2,35.652929444444446,139.72172444444445,4,3,,,,