資料区分,都道府県コード,警察署等コード,本票番号,事故内容,死者数,負傷者数,路線コード,地点コード,市区町村コード,発生日時　　年,発生日時　　月,発生日時　　日,発生日時　　時,発生日時　　分,昼夜,日の出時刻　　時,日の出時刻　　分,日の入り時刻　　時,日の入り時刻　　分,天候,地形,路面状態,道路形状,信号機,一時停止規制　標識（当事者A）,一時停止規制　表示（当事者A）,一時停止規制　標識（当事者B）,一時停止規制　表示（当事者B）,車道幅員,道路線形,衝突地点,ゾーン規制,中央分離帯施設等,歩車道区分,事故類型,年齢（当事者A）,年齢（当事者B）,当事者種別（当事者A）,当事者種別（当事者B）,用途別（当事者A）,用途別（当事者B）,車両形状等（当事者A）,車両形状等（当事者B）,オートマチック車（当事者A）,オートマチック車（当事者B）,サポカー（当事者A）,サポカー（当事者B）,速度規制（指定のみ）（当事者A）,速度規制（指定のみ）（当事者B）,車両の衝突部位（当事者A）,車両の衝突部位（当事者B）,車両の損壊程度（当事者A）,車両の損壊程度（当事者B）,エアバッグの装備（当事者A）,エアバッグの装備（当事者B）,サイドエアバッグの装備（当事者A）,サイドエアバッグの装備（当事者B）,人身損傷程度（当事者A）,人身損傷程度（当事者B）,lat,lon,曜日(発生年月日),祝日(発生年月日),認知機能検査経過日数（当事者A）,認知機能検査経過日数（当事者B）,運転練習の方法（当事者A）,運転練習の方法（当事者B）
1,30,331,224,2,0,1,30000,0,113,2020,12,11,15,40,13,,,,,2,1,1,1,7,9,22,0,23,14,8,30,1,5,4,1,75,75,3,61,31,0,,,,,,,2,0,30,0,3,0,2,0,2,0,4,2,35.646546944444445,139.70640833333331,6,3,,,,
1,30,331,227,2,0,1,30000,0,113,2020,12,7,11,40,12,,,,,1,1,1,1,1,9,22,0,23,15,8,30,70,5,3,1,35,65,51,61,0,0,,,,,,,0,0,40,0,4,0,0,0,0,0,4,2,35.66465916666667,139.69308194444446,2,3,,,,
1,30,331,234,2,0,1,2460,50,113,2020,12,17,0,5,22,,,,,1,1,1,1,7,1,22,0,23,18,9,30,70,5,2,1,55,55,3,61,1,0,,,,,,,10,0,10,0,3,0,2,0,2,0,4,2,35.6573025,139.7000675,5,3,,,,
1,30,331,235,2,0,1,30000,0,113,2020,12,22,19,0,22,,,,,1,1,1,1,1,9,22,0,23,15,9,30,70,4,2,1,1,45,51,61,0,0,,,,,,,0,0,10,0,3,0,0,0,0,0,4,2,35.66043333333333,139.6967727777778,3,3,,,,
1,30,331,238,2,0,1,30000,0,113,2020,12,25,16,45,21,,,,,1,1,1,1,7,9,22,0,23,14,9,30,70,5,3,1,55,75,36,61,31,0,,,,,,,2,0,20,0,3,0,0,0,0,0,4,2,35.6644375,139.69330472222222,6,3,,,,
1,30,331,242,2,0,1,30240,0,113,2020,12,30,1,30,22,,,,,2,1,1,14,7,0,23,0,23,4,9,1,70,4,1,1,55,1,3,61,1,0,,,,,,,3,0,18,0,3,0,2,0,2,0,4,2,35.65116861111111,139.70371055555555,4,3,,,,
1,30,332,128,2,0,1,10090,0,113,2020,12,25,18,30,22,,,,,1,1,1,1,1,9,22,0,23,17,9,30,70,5,1,1,45,55,51,61,0,0,,,,,,,0,0,0,0,3,0,0,0,0,0,4,2,35.68064388888889,139.70467666666664,6,3,,,,
1,30,332,129,2,0,1,30000,0,113,2020,12,11,12,46,12,,,,,2,1,1,14,7,0,23,0,23,1,9,1,70,5,3,1,75,1,3,61,31,0,,,,,,,10,0,80,0,4,0,2,0,2,0,4,2,35.66661861111111,139.70664638888888,6,3,,,,
1,30,332,131,2,0,1,10090,0,113,2020,12,28,17,55,22,,,,,2,1,1,1,1,9,22,0,23,18,9,30,70,6,2,1,65,25,13,61,31,0,,,,,,,4,0,50,0,4,0,2,0,2,0,4,2,35.684530277777775,139.70378416666665,2,3,,,,
1,30,333,169,1,1,0,20330,0,113,2020,12,19,17,15,21,,,,,1,1,1,1,7,9,22,0,23,14,9,30,70,4,1,1,45,65,3,61,31,0,,,,,,,3,0,10,0,2,0,2,0,2,0,4,1,35.67438833333333,139.66151833333333,7,3,,,,
1,30,435,136,2,0,1,30000,0,104,2020,12,11,10,10,12,,,,,1,1,1,7,7,0,23,0,23,1,9,1,70,5,4,1,45,1,3,61,1,0,,,,,,,10,0,40,0,3,0,2,0,2,0,4,2,35.69159611111111,139.71253222222222,6,3,,,,
1,30,435,137,2,0,1,30000,0,104,2020,11,30,13,5,12,,,,,1,1,1,14,7,0,23,0,23,1,9,1,70,5,4,1,55,45,3,61,31,0,,,,,,,10,0,40,0,4,0,2,0,2,0,4,2,35.69435194444444,139.7242325,2,3,,,,
1,30,436,226,2,0,1,30000,0,104,2020,12,29,14,50,12,,,,,1,1,1,14,7,0,23,0,23,2,9,20,70,5,3,1,35,65,51,61,0,0,,,,,,,0,0,10,0,4,0,0,0,0,0,4,2,35.69976111111111,139.6996802777778,3,3,,,,
1,30,436,227,2,0,1,20290,0,104,2020,10,18,17,10,21,,,,,1,1,1,1,7,1,21,0,23,14,9,30,70,4,2,1,65,25,52,61,0,0,,,,,,,0,0,10,0,3,0,0,0,0,0,4,2,35.70136166666667,139.70108805555554,1,3,,,,
1,30,436,234,2,0,1,30290,0,104,2020,12,12,3,20,22,,,,,1,1,3,1,1,9,22,0,23,14,9,30,70,5,1,1,1,55,31,61,31,0,,,,,,,3,0,10,0,3,0,0,0,0,0,4,2,35.70085055555556,139.69568444444445,7,3,,,,
1,30,436,235,2,0,1,30000,0,104,2020,11,15,3,55,22,,,,,1,1,1,7,7,0,23,0,23,2,9,1,70,5,2,1,55,45,12,61,1,0,,,,,,,2,0,40,0,4,0,2,0,2,0,4,2,35.69501277777778,139.7040975,1,3,,,,
1,30,436,237,2,0,1,30000,0,104,2020,6,10,1,43,22,,,,,1,1,1,1,7,1,22,0,23,11,9,30,70,5,4,1,1,25,34,61,31,0,,,,,,,10,0,10,0,3,0,0,0,0,0,4,2,35.69793,139.6987825,4,3,,,,
1,30,436,240,2,0,1,200,95,104,2020,12,17,13,20,12,,,,,1,1,1,14,7,0,23,0,23,3,9,1,70,5,2,1,25,1,51,61,0,0,,,,,,,0,0,10,0,3,0,0,0,0,0,4,4,35.684443055555555,139.6909563888889,5,3,,,,
1,30,436,245,2,0,1,30000,0,104,2020,12,31,14,55,12,,,,,1,1,1,14,7,0,23,0,23,1,9,1,70,5,4,1,25,1,51,61,0,0,,,,,,,0,0,10,0,3,0,0,0,0,0,4,2,35.698996666666666,139.70390666666665,5,2,,,,
1,30,437,134,2,0,1,10090,0,104,2020,12,12,6,21,23,,,,,2,1,1,14,7,0,23,0,23,4,9,1,70,4,2,1,25,0,61,0,0,0,,,,,,,0,0,0,0,0,0,0,0,0,0,2,0,35.709873333333334,139.70946666666666,7,3,,,,
1,30,438,121,2,0,1,21030,0,104,2020,12,4,6,5,23,,,,,1,1,1,1,1,9,22,0,23,15,9,30,70,4,2,1,35,25,17,61,1,0,,,,,,,4,0,20,0,4,0,2,0,2,0,4,2,35.69007611111111,139.70654694444443,6,3,,,,
1,30,438,128,2,0,1,30000,0,104,2020,12,18,12,10,12,,,,,1,1,1,1,7,9,22,0,23,19,9,30,70,4,1,1,45,25,3,61,31,0,,,,,,,10,0,41,0,3,0,2,0,2,0,4,2,35.692921111111104,139.7045886111111,6,3,,,,
1,30,439,264,2,0,1,30000,0,114,2020,12,2,8,10,12,,,,,2,1,1,1,7,9,22,0,23,11,9,30,70,5,4,1,35,1,51,61,0,0,,,,,,,0,0,40,0,4,0,0,0,0,0,4,2,35.69877722222222,139.6756836111111,4,3,,,,
1,30,439,280,2,0,1,10220,0,114,2020,12,20,10,30,12,,,,,1,1,1,1,1,9,22,0,23,14,9,30,70,4,2,1,45,25,51,61,0,0,,,,,,,0,0,10,0,4,0,0,0,0,0,4,2,35.70937,139.68106083333333,1,3,,,,
1,30,439,284,2,0,1,30000,0,114,2020,12,21,12,25,12,,,,,1,1,1,14,7,0,23,0,23,3,8,1,70,4,2,1,75,35,51,61,0,0,,,,,,,0,0,20,0,4,0,0,0,0,0,4,2,35.69030944444444,139.6742338888889,2,3,,,,
1,30,440,317,2,0,1,10250,0,114,2020,12,2,7,25,11,,,,,2,1,1,7,1,0,23,0,23,4,9,1,70,4,1,1,65,25,3,61,31,0,,,,,,,3,0,10,0,3,0,2,0,2,0,4,2,35.72279833333334,139.65574944444444,4,3,,,,
1,30,440,323,2,0,1,30000,0,114,2020,12,12,19,0,22,,,,,2,1,1,1,7,9,22,0,23,11,7,30,70,5,4,1,25,45,51,61,0,0,,,,,,,0,0,10,0,3,0,0,0,0,0,4,2,35.72128055555556,139.6705208333333,7,3,,,,
1,30,440,330,2,0,1,30000,0,114,2020,12,25,23,25,22,,,,,1,1,1,14,7,0,23,0,23,1,9,20,70,5,3,1,65,1,3,61,1,0,,,,,,,2,0,10,0,3,0,2,0,1,0,4,2,35.715431388888895,139.67084527777777,6,3,,,,
1,30,440,336,2,0,1,10130,0,114,2020,12,20,18,50,22,,,,,1,1,1,14,7,0,23,0,23,5,9,1,70,1,2,1,25,25,51,61,0,0,,,,,,,0,0,40,0,3,0,0,0,0,0,4,2,35.72134944444445,139.65361194444446,1,3,,,,
1,30,441,269,2,0,1,10130,0,115,2020,12,2,19,47,22,,,,,3,1,2,7,7,0,23,0,23,6,9,1,70,1,1,1,25,35,34,61,31,0,,,,,,,4,0,40,0,3,0,0,0,0,0,2,4,35.70595111111111,139.65454472222223,4,3,,,,
1,30,441,286,2,0,1,10260,0,115,2020,12,21,9,45,12,,,,,1,1,1,14,1,0,23,0,23,2,9,1,70,5,2,1,1,45,51,61,0,0,,,,,,,0,0,10,0,3,0,0,0,0,0,4,2,35.694558888888885,139.64169555555554,2,3,,,,
1,30,441,292,2,0,1,30000,0,115,2020,12,24,14,0,12,,,,,1,1,1,1,7,9,22,0,23,11,9,30,70,5,3,1,65,75,3,61,31,0,,,,,,,1,0,60,0,4,0,2,0,2,0,4,2,35.70605583333334,139.6388725,5,3,,,,
1,30,441,296,2,0,1,30000,0,115,2020,12,20,16,9,13,,,,,1,1,1,14,7,0,23,0,23,2,9,1,70,5,3,1,25,0,61,0,0,0,,,,,,,0,0,0,0,0,0,0,0,0,0,2,0,35.69374472222222,139.642105,1,3,,,,
1,30,441,301,2,0,2,30000,0,115,2020,12,29,9,50,12,,,,,1,1,1,14,7,0,23,0,23,1,9,1,70,5,4,1,75,55,51,61,0,0,,,,,,,0,0,10,0,3,0,0,0,0,0,2,2,35.69534722222222,139.62681833333335,3,3,,,,
1,30,442,267,2,0,1,30000,0,115,2020,12,7,17,30,22,,,,,1,1,1,1,7,9,22,0,23,11,9,30,70,5,4,1,75,25,3,61,31,0,,,,,,,2,0,10,0,4,0,2,0,2,0,4,2,35.69696166666667,139.60338694444445,2,3,,,,
1,30,442,274,2,0,1,30000,0,115,2020,12,10,16,53,21,,,,,1,1,1,14,7,0,23,0,23,2,9,1,70,5,3,1,45,55,3,61,31,0,,,,,,,1,0,40,0,3,0,2,0,2,0,4,2,35.6705725,139.63327916666668,5,3,,,,
1,30,442,276,2,0,1,20270,0,115,2020,12,19,7,7,11,,,,,1,1,1,1,1,9,22,0,23,15,9,30,70,4,3,1,45,45,4,61,31,0,,,,,,,3,0,10,0,2,0,2,0,2,0,4,2,35.68352055555555,139.62949166666667,7,3,,,,
1,30,442,277,2,0,1,10130,0,115,2020,12,20,18,43,22,,,,,1,1,1,14,7,0,23,0,23,5,9,1,70,1,1,1,65,55,51,61,0,0,,,,,,,0,0,10,0,3,0,0,0,0,0,4,2,35.67978472222222,139.65726583333333,1,3,,,,
1,30,442,278,2,0,1,30000,0,112,2020,12,10,6,30,23,,,,,2,1,1,1,1,0,23,0,23,15,9,30,70,4,2,1,45,0,61,0,0,0,,,,,,,0,0,0,0,0,0,0,0,0,0,2,0,35.681945,139.59820722222224,5,3,,,,
1,30,442,281,2,0,1,30000,0,115,2020,12,23,8,58,12,,,,,1,1,1,7,1,0,23,0,23,1,9,1,70,4,2,1,75,75,14,61,1,0,,,,,,,3,0,20,0,4,0,2,0,2,0,4,2,35.69784222222222,139.5983791666667,4,3,,,,
1,30,443,229,2,0,1,30000,0,115,2020,12,8,16,35,21,,,,,1,1,1,1,7,9,22,0,23,15,9,30,70,5,3,1,1,1,51,61,0,0,,,,,,,0,0,10,0,4,0,0,0,0,0,4,2,35.72479,139.6065325,3,3,,,,
1,30,443,231,2,0,1,30000,0,115,2020,12,14,15,40,13,,,,,1,1,1,14,7,0,23,0,23,2,9,1,70,5,3,1,35,35,51,61,0,0,,,,,,,0,0,10,0,4,0,0,0,0,0,4,2,35.70378305555556,139.59800722222224,2,3,,,,
1,30,443,234,2,0,1,30000,0,115,2020,12,25,18,50,22,,,,,1,1,1,14,7,0,23,0,23,3,7,1,70,4,3,1,1,55,51,61,0,0,,,,,,,0,0,10,0,4,0,0,0,0,0,4,2,35.721338611111115,139.60087055555556,6,3,,,,
1,30,443,235,2,0,1,30000,0,115,2020,11,17,7,23,12,,,,,1,1,1,1,7,9,22,0,23,14,9,20,70,5,3,1,55,45,3,61,31,0,,,,,,,2,0,40,0,4,0,2,0,2,0,4,2,35.718804722222224,139.58947472222223,3,3,,,,
1,30,545,89,2,0,1,10100,0,105,2020,11,21,11,55,12,,,,,1,1,1,14,1,0,23,0,23,5,9,1,70,1,1,1,35,55,51,61,0,0,,,,,,,0,0,10,0,3,0,0,0,0,0,4,2,35.71765777777778,139.75174972222223,7,3,,,,
1,30,545,93,2,0,1,30000,0,105,2020,12,2,14,17,12,,,,,3,1,2,14,7,0,23,0,23,3,9,1,70,5,3,1,65,1,3,61,1,0,,,,,,,10,0,80,0,3,0,2,0,2,0,4,2,35.7131575,139.75030777777778,4,3,,,,
1,30,545,94,2,0,1,20090,0,105,2020,12,8,16,40,21,,,,,1,1,1,1,1,9,22,0,23,18,9,30,70,1,2,1,65,45,14,61,31,0,,,,,,,10,0,10,0,3,0,2,0,2,0,4,2,35.703272777777784,139.74737,3,3,,,,
1,30,546,102,2,0,1,30000,0,105,2020,11,27,18,20,22,,,,,2,1,1,1,1,9,22,0,23,14,9,30,70,4,2,1,45,25,51,61,0,0,,,,,,,0,0,10,0,3,0,0,0,0,0,4,2,35.72524361111111,139.7284225,6,3,,,,
1,30,546,106,2,0,1,20370,0,105,2020,12,21,6,10,23,,,,,1,1,1,1,1,9,22,0,23,18,8,30,70,5,1,1,55,55,3,61,31,0,,,,,,,2,0,10,0,3,0,2,0,2,0,4,2,35.72107722222223,139.73002666666667,2,3,,,,
1,30,546,107,2,0,1,30000,0,105,2020,12,21,15,59,13,,,,,1,1,1,14,7,0,23,0,23,2,9,1,1,5,3,1,1,25,3,61,31,0,,,,,,,2,0,10,0,4,0,2,0,2,0,4,2,35.70821388888889,139.73321027777777,2,3,,,,
1,30,547,67,2,0,1,30000,0,105,2020,12,11,20,30,22,,,,,1,1,1,1,1,9,22,0,23,15,9,30,70,4,1,1,35,45,3,61,31,0,,,,,,,10,0,80,0,3,0,2,0,2,0,4,2,35.70876277777778,139.76381388888888,6,3,,,,
1,30,547,69,2,0,1,20400,0,105,2020,12,14,13,22,12,,,,,2,1,1,1,1,9,22,0,23,15,9,30,70,4,2,1,45,45,14,61,31,0,,,,,,,4,0,10,0,3,0,2,0,2,0,4,2,35.71626388888889,139.75849,2,3,,,,
1,30,547,75,2,0,1,20400,0,105,2020,12,24,17,8,21,,,,,1,1,1,1,1,9,22,0,23,17,9,30,70,4,1,1,35,45,3,61,1,0,,,,,,,4,0,80,0,3,0,2,0,2,0,4,2,35.710415000000005,139.760105,5,3,,,,
1,30,547,77,2,0,1,20390,0,105,2020,12,28,19,53,22,,,,,1,1,1,7,7,0,23,0,23,4,9,1,70,1,1,1,55,75,3,61,1,0,,,,,,,4,0,20,0,4,0,2,0,2,0,4,2,35.70836055555556,139.76928583333336,2,3,,,,
1,30,549,112,2,0,1,30000,0,116,2020,11,23,17,40,22,,,,,1,1,1,14,7,0,23,0,23,1,9,1,70,5,4,1,55,55,51,61,0,0,,,,,,,0,0,10,0,3,0,0,0,0,0,4,2,35.731431666666666,139.72763916666668,2,1,,,,
1,30,549,113,2,0,1,30000,0,116,2020,12,2,14,57,12,,,,,3,1,2,1,7,9,22,0,23,14,9,30,70,5,3,1,65,55,14,61,31,0,,,,,,,10,0,10,0,4,0,2,0,2,0,4,2,35.73035027777778,139.72842944444446,4,3,,,,
1,30,549,115,2,0,1,10090,0,116,2020,11,28,11,35,12,,,,,1,1,1,14,7,0,23,0,23,1,9,1,70,5,2,1,1,25,51,61,0,0,,,,,,,0,0,10,0,3,0,0,0,0,0,4,2,35.7368425,139.7205522222222,7,3,,,,
1,30,549,116,2,0,1,2540,39,116,2020,12,18,12,5,12,,,,,1,1,1,1,1,9,22,0,23,17,9,30,70,4,1,1,45,1,14,61,31,0,,,,,,,4,0,50,0,3,0,2,0,2,0,4,2,35.726870000000005,139.7282586111111,6,3,,,,
1,30,550,167,2,0,1,30000,0,116,2020,12,1,9,27,12,,,,,1,1,1,14,7,0,23,0,23,2,9,1,70,5,3,1,25,35,14,61,31,0,,,,,,,10,0,40,0,4,0,2,0,2,0,4,2,35.73281777777778,139.70838694444444,3,3,,,,
1,30,550,179,2,0,1,10090,0,116,2020,12,17,14,54,12,,,,,1,1,1,1,1,9,22,0,23,17,9,30,70,3,1,1,65,1,1,61,1,0,,,,,,,4,0,40,0,3,0,2,0,2,0,4,2,35.73621583333333,139.71964777777777,5,3,,,,
1,30,551,168,2,0,1,30000,0,116,2020,12,11,7,25,11,,,,,1,1,1,1,7,9,22,0,23,11,9,30,70,5,3,1,35,45,13,61,31,0,,,,,,,10,0,40,0,3,0,2,0,2,0,4,2,35.73775777777778,139.70139277777776,6,3,,,,
1,30,551,171,2,0,1,30000,0,116,2020,12,29,6,15,23,,,,,1,1,1,1,7,9,22,0,23,14,9,30,70,5,2,1,45,45,4,61,31,0,,,,,,,10,0,10,0,3,0,2,0,2,0,4,2,35.72645916666667,139.71585027777778,3,3,,,,
1,30,551,172,2,0,1,99000,0,116,2020,12,30,9,50,12,,,,,3,1,1,0,7,0,23,0,23,0,0,20,70,0,4,1,65,65,3,61,31,0,,,,,,,10,0,40,0,4,0,2,0,2,0,4,2,35.72767777777778,139.71151638888887,4,3,,,,
1,30,552,169,2,0,1,10090,0,117,2020,12,15,14,35,12,,,,,1,1,1,1,1,9,22,0,23,15,9,30,70,4,2,1,65,75,3,61,31,0,,,,,,,10,0,20,0,4,0,2,0,2,0,4,2,35.74064472222222,139.76633722222223,3,3,,,,
1,30,552,171,2,0,1,30000,0,117,2020,12,17,15,24,12,,,,,1,1,1,14,7,0,23,0,23,2,9,1,70,5,1,1,55,1,3,61,31,0,,,,,,,2,0,10,0,3,0,2,0,2,0,4,2,35.74232777777778,139.76038333333332,5,3,,,,
1,30,553,96,2,0,1,30000,0,117,2020,12,1,8,45,12,,,,,1,1,1,14,7,0,23,0,23,1,9,1,70,5,2,1,1,45,51,61,0,0,,,,,,,0,0,10,0,3,0,0,0,0,0,4,2,35.75963361111111,139.7402508333333,3,3,,,,
1,30,554,155,2,0,1,30000,0,117,2020,11,24,13,0,12,,,,,2,1,1,1,7,9,22,0,23,14,9,30,70,4,2,1,25,75,51,61,0,0,,,,,,,0,0,10,0,4,0,0,0,0,0,4,2,35.78125138888889,139.72666361111112,3,3,,,,
1,30,554,156,2,0,1,30000,0,117,2020,12,3,20,0,22,,,,,2,1,1,7,7,0,23,0,23,3,9,1,70,5,3,1,65,45,3,61,31,0,,,,,,,10,0,30,0,4,0,2,0,2,0,4,2,35.77330277777778,139.71384277777776,5,3,,,,
1,30,554,164,2,0,1,1220,0,117,2020,12,14,12,15,12,,,,,1,1,1,1,1,9,22,0,23,19,9,30,70,1,2,1,45,1,17,61,31,0,,,,,,,1,0,10,0,3,0,2,0,2,0,4,2,35.783631388888885,139.7208475,2,3,,,,
1,30,554,166,2,0,2,20000,0,117,2020,12,14,16,55,21,,,,,2,1,1,1,7,9,22,0,23,11,9,30,70,5,2,1,55,65,51,61,0,0,,,,,,,0,0,10,0,3,0,0,0,0,0,2,2,35.776964722222225,139.7125711111111,2,3,,,,
1,30,554,172,2,0,1,1220,0,117,2020,12,29,2,20,22,,,,,1,1,1,1,1,9,22,0,23,19,9,30,70,1,1,1,65,25,3,61,1,0,,,,,,,10,0,11,0,3,0,2,0,2,0,4,2,35.78347972222222,139.7223825,3,3,,,,
1,30,554,173,2,0,1,30000,0,117,2020,11,19,21,30,22,,,,,1,1,1,14,7,0,23,0,23,5,9,1,70,4,1,1,1,35,51,61,0,0,,,,,,,0,0,10,0,3,0,0,0,0,0,4,2,35.76778083333333,139.7096163888889,5,3,,,,
1,30,555,327,2,0,1,2540,95,119,2020,12,7,0,43,22,,,,,2,1,1,1,1,9,22,0,23,15,9,30,70,1,1,1,45,75,11,61,1,0,,,,,,,10,0,10,0,3,0,2,0,2,0,4,2,35.75989166666667,139.67898916666667,2,3,,,,
1,30,555,328,2,0,1,30000,0,119,2020,12,7,19,17,22,,,,,1,1,1,1,1,9,22,0,23,15,9,30,70,5,2,1,25,65,51,61,0,0,,,,,,,0,0,10,0,4,0,0,0,0,0,4,2,35.76495944444444,139.67423472222222,2,3,,,,
1,30,555,329,2,0,1,170,101,119,2020,11,9,10,10,12,,,,,1,1,1,14,7,0,23,0,23,6,9,1,70,1,1,1,25,25,51,61,0,0,,,,,,,0,0,10,0,3,0,0,0,0,0,4,2,35.75071777777778,139.71116916666665,2,3,,,,
1,30,555,333,2,0,1,30000,0,119,2020,11,11,11,5,12,,,,,1,1,1,14,7,0,23,0,23,2,9,1,70,5,4,1,1,65,51,61,0,0,,,,,,,0,0,10,0,3,0,0,0,0,0,4,2,35.74391638888889,139.68747,4,3,,,,
1,30,555,337,2,0,1,30000,0,119,2020,12,8,10,50,12,,,,,1,1,1,14,7,0,23,0,23,2,9,1,70,5,3,1,75,75,3,61,31,0,,,,,,,10,0,10,0,4,0,2,0,2,0,4,2,35.74886083333333,139.70185944444444,3,3,,,,
1,30,556,294,2,0,1,95000,0,119,2020,12,16,13,50,12,,,,,1,1,1,0,7,0,23,0,23,0,0,20,70,0,4,1,55,75,14,61,1,0,,,,,,,10,0,30,0,3,0,2,0,2,0,4,2,35.77469222222222,139.6782188888889,4,3,,,,
1,30,557,272,2,0,1,30000,0,120,2020,11,24,14,20,12,,,,,2,1,1,1,7,9,22,0,23,11,9,30,70,5,4,1,55,1,3,61,31,0,,,,,,,10,0,20,0,3,0,2,0,2,0,4,2,35.75330722222222,139.64451944444443,3,3,,,,
1,30,557,276,2,0,1,30000,0,120,2020,12,1,20,30,22,,,,,1,1,1,14,7,0,23,0,23,2,9,1,70,5,3,1,1,25,34,61,31,0,,,,,,,5,0,20,0,3,0,0,0,0,0,4,2,35.74278666666667,139.64547472222222,3,3,,,,
1,30,557,290,2,0,1,10200,0,120,2020,12,20,11,50,12,,,,,1,1,1,7,1,0,23,0,23,3,9,1,70,1,2,1,65,25,3,61,31,0,,,,,,,5,0,10,0,3,0,2,0,2,0,4,2,35.760375833333335,139.65743944444446,1,3,,,,
1,30,557,296,2,0,1,10010,0,120,2020,12,7,21,0,22,,,,,1,1,1,1,1,9,22,0,23,15,9,30,70,5,2,1,45,1,3,61,31,0,,,,,,,4,0,10,0,3,0,2,0,2,0,4,2,35.737425555555554,139.64755805555555,2,3,,,,
1,30,557,303,2,0,1,30000,0,120,2020,12,27,7,20,11,,,,,1,1,1,1,1,9,22,0,23,18,9,30,70,4,2,1,55,25,12,61,1,0,,,,,,,10,0,20,0,4,0,2,0,2,0,4,2,35.735545,139.65498083333333,1,3,,,,
1,30,558,347,1,1,0,30000,0,120,2020,12,19,19,34,22,,,,,1,1,1,1,7,1,21,0,23,11,9,30,70,5,3,1,55,75,3,61,31,0,,,,,,,2,0,10,0,3,0,2,0,2,0,4,1,35.74812027777778,139.58333555555558,7,3,,,,
1,30,558,351,2,0,1,10330,0,120,2020,12,5,9,8,12,,,,,3,1,2,14,7,0,23,0,23,2,9,1,70,5,3,1,75,1,4,61,31,0,,,,,,,2,0,40,0,4,0,2,0,2,0,4,2,35.750795,139.5818138888889,7,3,,,,
1,30,558,352,2,0,1,30000,0,120,2020,12,9,18,10,22,,,,,1,1,1,1,1,9,22,0,23,15,9,30,70,1,2,1,45,65,13,61,31,0,,,,,,,5,0,10,0,1,0,2,0,2,0,4,2,35.757665,139.59385194444445,4,3,,,,
1,30,558,359,2,0,1,30000,0,120,2020,11,7,7,46,12,,,,,1,1,1,14,7,0,23,0,23,1,9,1,70,5,3,1,25,55,51,61,0,0,,,,,,,0,0,10,0,3,0,0,0,0,0,4,2,35.74434527777778,139.60909666666666,7,3,,,,
1,30,558,360,2,0,1,10330,0,120,2020,12,10,22,15,22,,,,,1,1,1,1,7,9,22,0,23,14,9,30,70,4,2,1,75,45,3,61,1,0,,,,,,,3,0,10,0,2,0,2,0,2,0,4,2,35.750775,139.59139694444445,5,3,,,,
1,30,558,364,2,0,1,30000,0,120,2020,12,23,12,30,12,,,,,1,1,1,1,7,9,22,0,23,11,9,30,70,5,4,1,45,65,3,61,31,0,,,,,,,10,0,10,0,4,0,2,0,2,0,4,2,35.75178,139.58997638888889,4,3,,,,
1,30,558,365,2,0,1,30000,0,120,2020,12,23,12,40,12,,,,,1,1,1,1,1,9,22,0,23,14,9,30,70,5,3,1,45,75,3,61,31,0,,,,,,,2,0,10,0,4,0,2,0,2,0,4,2,35.734973611111116,139.58945555555556,4,3,,,,
1,30,558,368,2,0,1,10240,0,120,2020,12,24,16,3,13,,,,,2,1,1,7,1,0,23,0,23,3,9,1,70,5,1,1,45,65,3,61,31,0,,,,,,,5,0,10,0,3,0,2,0,2,0,4,2,35.72322388888889,139.58175666666665,5,3,,,,
1,30,558,375,2,0,1,30000,0,120,2020,12,28,16,45,21,,,,,1,1,1,14,7,0,23,0,23,2,9,1,70,5,3,1,35,75,14,61,1,0,,,,,,,2,0,30,0,3,0,2,0,2,0,4,2,35.72675944444445,139.59010194444446,2,3,,,,
1,30,558,376,2,0,1,10250,0,120,2020,12,31,18,43,22,,,,,1,1,1,1,1,8,22,0,23,11,9,30,70,5,2,1,25,25,36,61,31,0,,,,,,,2,0,40,0,4,0,0,0,0,0,4,2,35.729467222222226,139.6012611111111,5,2,,,,
1,30,559,201,2,0,1,20000,0,119,2020,12,2,18,54,22,,,,,3,1,2,7,1,0,23,0,23,3,9,1,70,1,1,1,55,1,3,61,31,0,,,,,,,3,0,10,0,3,0,2,0,2,0,4,2,35.78558472222222,139.6589027777778,4,3,,,,
1,30,559,202,2,0,1,20480,0,119,2020,12,7,10,55,12,,,,,1,1,1,1,1,9,22,0,23,15,9,30,70,1,2,1,65,55,14,61,31,0,,,,,,,5,0,10,0,3,0,2,0,2,0,4,2,35.792363333333334,139.64044527777776,2,3,,,,
1,30,559,208,2,0,1,30000,0,119,2020,12,10,15,0,12,,,,,1,1,1,14,7,0,23,0,23,2,7,1,70,5,4,1,55,1,14,61,1,0,,,,,,,10,0,10,0,3,0,2,0,2,0,4,2,35.78578722222222,139.63716444444444,5,3,,,,
1,30,559,214,2,0,1,30000,0,119,2020,12,13,18,5,22,,,,,1,1,1,1,7,9,22,0,23,14,9,30,70,4,3,1,35,25,3,61,31,0,,,,,,,2,0,40,0,3,0,2,0,2,0,4,2,35.769396111111114,139.66048055555555,1,3,,,,
1,30,559,219,2,0,1,30000,0,119,2020,12,20,11,33,12,,,,,1,1,1,1,7,1,22,0,23,15,9,30,70,4,2,1,75,75,3,61,31,0,,,,,,,2,0,10,0,1,0,2,0,2,0,4,2,35.768813333333334,139.64092805555555,1,3,,,,