資料区分,都道府県コード,警察署等コード,本票番号,事故内容,死者数,負傷者数,路線コード,地点コード,市区町村コード,発生日時　　年,発生日時　　月,発生日時　　日,発生日時　　時,発生日時　　分,昼夜,日の出時刻　　時,日の出時刻　　分,日の入り時刻　　時,日の入り時刻　　分,天候,地形,路面状態,道路形状,信号機,一時停止規制　標識（当事者A）,一時停止規制　表示（当事者A）,一時停止規制　標識（当事者B）,一時停止規制　表示（当事者B）,車道幅員,道路線形,衝突地点,ゾーン規制,中央分離帯施設等,歩車道区分,事故類型,年齢（当事者A）,年齢（当事者B）,当事者種別（当事者A）,当事者種別（当事者B）,用途別（当事者A）,用途別（当事者B）,車両形状等（当事者A）,車両形状等（当事者B）,オートマチック車（当事者A）,オートマチック車（当事者B）,サポカー（当事者A）,サポカー（当事者B）,速度規制（指定のみ）（当事者A）,速度規制（指定のみ）（当事者B）,車両の衝突部位（当事者A）,車両の衝突部位（当事者B）,車両の損壊程度（当事者A）,車両の損壊程度（当事者B）,エアバッグの装備（当事者A）,エアバッグの装備（当事者B）,サイドエアバッグの装備（当事者A）,サイドエアバッグの装備（当事者B）,人身損傷程度（当事者A）,人身損傷程度（当事者B）,lat,lon,曜日(発生年月日),祝日(発生年月日),認知機能検査経過日数（当事者A）,認知機能検査経過日数（当事者B）,運転練習の方法（当事者A）,運転練習の方法（当事者B）
1,30,559,226,2,0,1,30930,0,119,2020,12,25,21,58,22,,,,,1,1,1,1,7,9,22,0,23,17,9,30,70,4,1,1,55,25,3,61,31,0,,,,,,,3,0,10,0,3,0,2,0,2,0,4,2,35.79085305555555,139.6590566666667,6,3,,,,
1,30,560,295,2,0,1,10200,0,120,2020,12,14,17,45,22,,,,,2,1,1,1,7,9,22,0,23,15,9,30,70,1,2,1,45,55,3,61,31,0,,,,,,,10,0,80,0,4,0,2,0,2,0,4,2,35.74524916666667,139.6298513888889,2,3,,,,
1,30,560,298,2,0,1,10200,0,120,2020,9,12,12,0,12,,,,,3,1,1,14,7,0,23,0,23,1,9,1,70,1,2,1,45,25,51,61,0,0,,,,,,,0,0,0,0,3,0,0,0,0,0,4,2,35.735353611111115,139.61690833333333,7,3,,,,
1,30,560,308,2,0,1,30000,0,120,2020,12,20,13,40,12,,,,,1,1,1,14,7,0,23,0,23,3,9,20,70,5,4,1,1,55,51,61,0,0,,,,,,,0,0,10,0,4,0,0,0,0,0,4,2,35.756415555555556,139.6291313888889,1,3,,,,
1,30,560,309,2,0,1,20000,0,120,2020,12,21,7,0,11,,,,,1,1,1,14,7,0,23,0,23,3,9,1,70,5,1,1,1,55,51,61,0,0,,,,,,,0,0,10,0,4,0,0,0,0,0,4,2,35.75978638888889,139.65182361111113,2,3,,,,
1,30,660,175,2,0,1,30000,0,106,2020,12,1,19,30,22,,,,,1,1,1,14,7,0,23,0,23,3,9,1,1,4,2,1,1,45,51,61,0,0,,,,,,,0,0,10,0,3,0,0,0,0,0,4,2,35.712023333333335,139.78076416666667,3,3,,,,
1,30,660,178,2,0,1,30000,0,106,2020,12,8,21,15,22,,,,,2,1,1,14,7,0,23,0,23,3,9,1,70,5,2,1,45,35,4,61,31,0,,,,,,,10,0,20,0,4,0,2,0,2,0,4,2,35.706541666666666,139.77367,3,3,,,,
1,30,660,187,2,0,1,40,28,106,2020,12,21,13,27,12,,,,,1,1,1,1,1,9,22,0,23,19,9,30,70,5,1,1,35,65,51,61,0,0,,,,,,,0,0,10,0,4,0,0,0,0,0,4,2,35.707510000000006,139.77623305555556,2,3,,,,
1,30,660,190,2,0,1,20370,0,106,2020,12,23,12,40,12,,,,,1,1,1,14,7,0,23,0,23,4,9,1,70,4,1,1,35,35,51,61,0,0,,,,,,,0,0,10,0,3,0,0,0,0,0,4,2,35.71617472222223,139.7668802777778,4,3,,,,
1,30,660,192,2,0,1,20390,0,106,2020,11,30,14,35,12,,,,,1,1,1,14,7,0,23,0,23,5,9,1,70,4,1,1,35,0,61,0,0,0,,,,,,,0,0,0,0,0,0,0,0,0,0,2,0,35.707619722222226,139.77736805555557,2,3,,,,
1,30,663,100,2,0,1,20000,0,106,2020,12,9,12,26,12,,,,,2,1,1,1,1,9,22,0,23,14,9,30,70,4,2,1,45,75,3,61,31,0,,,,,,,3,0,20,0,3,0,2,0,2,0,4,2,35.70903166666667,139.78506861111111,4,3,,,,
1,30,663,101,2,0,1,30000,0,106,2020,12,10,13,15,12,,,,,2,1,1,1,1,9,22,0,23,15,9,30,70,4,2,1,55,45,2,61,1,0,,,,,,,2,0,50,0,3,0,2,0,2,0,4,2,35.706788611111115,139.7934647222222,5,3,,,,
1,30,663,102,2,0,1,30000,0,106,2020,12,11,1,15,22,,,,,1,1,1,1,7,9,22,0,23,11,9,30,70,4,2,1,45,1,3,61,1,0,,,,,,,5,0,40,0,3,0,2,0,2,0,4,2,35.69540388888888,139.78749277777777,6,3,,,,
1,30,663,104,2,0,1,20000,0,106,2020,12,9,22,10,22,,,,,1,1,1,1,1,9,22,0,23,15,9,30,70,4,2,1,65,25,3,61,1,0,,,,,,,2,0,10,0,3,0,2,0,2,0,4,2,35.70075,139.78373916666666,4,3,,,,
1,30,663,106,2,0,1,30000,0,106,2020,12,15,16,57,21,,,,,1,1,1,1,7,1,21,0,23,14,9,30,70,5,2,1,55,75,3,61,31,0,,,,,,,10,0,10,0,3,0,2,0,2,0,4,2,35.70646222222223,139.79213916666666,3,3,,,,
1,30,664,85,2,0,1,30000,0,118,2020,12,17,16,18,13,,,,,1,1,1,1,7,1,21,0,23,11,9,30,1,4,3,1,35,75,14,61,1,0,,,,,,,2,0,40,0,3,0,2,0,2,0,4,2,35.74563361111111,139.76509666666666,5,3,,,,
1,30,664,86,2,0,1,30000,0,118,2020,12,22,18,45,22,,,,,1,1,1,14,7,0,23,0,23,3,9,1,70,4,2,1,55,35,13,61,31,0,,,,,,,2,0,50,0,3,0,2,0,2,0,4,2,35.752205,139.7862411111111,3,3,,,,
1,30,665,79,2,0,1,10360,0,118,2020,12,8,8,8,12,,,,,1,1,1,14,7,0,23,0,23,3,9,1,70,4,1,1,55,75,35,61,31,0,,,,,,,3,0,20,0,3,0,0,0,0,0,4,2,35.72857972222222,139.80860583333333,3,3,,,,
1,30,666,136,2,0,1,30000,0,118,2020,12,20,20,52,22,,,,,1,1,1,14,7,0,23,0,23,4,9,1,70,5,1,1,35,55,51,61,0,0,,,,,,,0,0,10,0,4,0,0,0,0,0,4,2,35.728363611111114,139.77148416666668,1,3,,,,
1,30,666,137,2,0,1,30000,0,118,2020,12,30,14,15,12,,,,,1,1,1,14,7,0,23,0,23,2,9,1,70,4,1,1,55,1,14,61,31,0,,,,,,,5,0,10,0,3,0,2,0,2,0,4,2,35.74489861111111,139.78637972222222,4,3,,,,
1,30,667,133,2,0,1,30000,0,121,2020,12,7,16,0,13,,,,,1,1,1,14,7,0,23,0,23,3,9,1,70,5,3,1,1,65,51,61,0,0,,,,,,,0,0,10,0,4,0,0,0,0,0,4,2,35.74530722222222,139.80877722222223,2,3,,,,
1,30,668,440,2,0,1,30000,0,121,2020,12,18,20,27,22,,,,,1,1,1,1,1,9,22,0,23,11,9,30,70,5,1,1,65,55,3,61,1,0,,,,,,,3,0,10,0,3,0,2,0,2,0,4,2,35.75557638888889,139.77004333333335,6,3,,,,
1,30,668,441,2,0,1,99000,0,121,2020,11,16,21,30,22,,,,,1,1,1,0,7,0,23,0,23,0,0,20,70,0,4,1,45,55,51,61,0,0,,,,,,,0,0,10,0,4,0,0,0,0,0,4,2,35.75747611111111,139.76506944444444,2,3,,,,
1,30,668,447,2,0,1,10710,0,121,2020,12,22,8,50,12,,,,,1,1,1,14,7,0,23,0,23,1,9,1,70,1,2,1,55,55,51,61,0,0,,,,,,,0,0,10,0,3,0,0,0,0,0,4,2,35.76202444444444,139.78789111111112,3,3,,,,
1,30,668,452,2,0,1,30000,0,121,2020,12,23,6,5,23,,,,,1,1,1,1,1,9,22,0,23,15,9,30,70,4,2,1,45,35,3,61,31,0,,,,,,,3,0,10,0,4,0,2,0,2,0,4,2,35.786656666666666,139.78960194444446,4,3,,,,
1,30,668,461,2,0,1,30000,0,121,2020,12,27,13,33,12,,,,,1,1,1,1,7,9,22,0,23,15,9,30,70,5,3,1,45,1,3,61,31,0,,,,,,,2,0,50,0,3,0,2,0,2,0,4,2,35.784925,139.7677541666667,1,3,,,,
1,30,669,566,2,0,1,10130,0,121,2020,12,3,19,10,22,,,,,1,1,1,1,7,9,22,0,23,18,9,30,70,5,1,1,45,55,13,61,31,0,,,,,,,2,0,10,0,3,0,2,0,2,0,4,2,35.77665388888889,139.8419552777778,5,3,,,,
1,30,669,577,2,0,1,30000,0,121,2020,12,9,21,15,22,,,,,2,1,1,7,7,0,23,0,23,3,3,1,70,5,2,1,75,1,3,61,31,0,,,,,,,2,0,10,0,3,0,2,0,2,0,4,2,35.76823944444445,139.8214213888889,4,3,,,,
1,30,669,582,2,0,1,99000,0,121,2020,12,13,14,33,12,,,,,1,1,1,0,7,0,23,0,23,0,0,20,1,0,4,1,35,55,51,61,0,0,,,,,,,0,0,10,0,3,0,0,0,0,0,4,2,35.75793,139.81091972222222,1,3,,,,
1,30,669,591,2,0,1,30000,0,121,2020,12,17,9,5,12,,,,,1,1,1,1,1,9,22,0,23,14,9,30,70,5,2,1,65,75,3,61,31,0,,,,,,,2,0,10,0,4,0,2,0,2,0,4,2,35.773827777777775,139.80553055555558,5,3,,,,
1,30,669,599,2,0,1,30000,0,121,2020,12,20,17,45,22,,,,,1,1,1,14,7,0,23,0,23,2,9,1,70,5,2,1,45,65,51,61,0,0,,,,,,,0,0,10,0,3,0,0,0,0,0,2,4,35.777142777777776,139.8055377777778,1,3,,,,
1,30,669,600,2,0,1,30000,0,121,2020,12,20,18,15,22,,,,,1,1,1,14,7,0,23,0,23,2,9,1,70,5,2,1,25,65,51,61,0,0,,,,,,,0,0,10,0,3,0,0,0,0,0,2,4,35.77726777777778,139.8048902777778,1,3,,,,
1,30,669,607,2,0,1,30000,0,121,2020,12,23,8,20,12,,,,,1,1,1,1,1,9,22,0,23,15,9,30,70,4,2,1,55,45,3,61,31,0,,,,,,,3,0,10,0,3,0,2,0,1,0,4,2,35.78264027777778,139.8161041666667,4,3,,,,
1,30,669,614,2,0,1,30000,0,121,2020,11,20,16,40,21,,,,,1,1,1,14,7,0,23,0,23,3,9,1,70,5,3,1,25,25,14,61,1,0,,,,,,,5,0,50,0,3,0,2,0,2,0,4,2,35.77518194444444,139.83640555555556,6,3,,,,
1,30,669,619,2,0,1,10130,0,121,2020,12,25,18,42,22,,,,,1,1,1,1,7,1,21,0,23,17,9,30,70,1,2,1,35,45,13,61,31,0,,,,,,,4,0,20,0,3,0,2,0,2,0,4,2,35.77757972222222,139.83123972222222,6,3,,,,
1,30,670,238,2,0,1,30000,0,121,2020,12,6,18,30,22,,,,,1,1,1,1,1,9,22,0,23,14,9,30,70,4,2,1,45,65,3,61,31,0,,,,,,,3,0,80,0,4,0,2,0,2,0,4,2,35.804699166666666,139.7614286111111,1,3,,,,
1,30,670,241,2,0,1,10340,0,121,2020,12,8,16,40,21,,,,,2,1,1,14,7,0,23,0,23,2,9,20,70,4,2,1,1,35,34,61,31,0,,,,,,,3,0,20,0,3,0,0,0,0,0,4,2,35.79478972222222,139.78802055555556,3,3,,,,
1,30,771,327,2,0,1,30000,0,108,2020,12,15,17,15,21,,,,,1,1,1,12,7,0,23,0,23,3,9,1,70,5,2,1,1,25,51,61,0,0,,,,,,,0,0,10,0,3,0,0,0,0,0,4,2,35.66236444444444,139.79610666666667,3,3,,,,
1,30,771,340,2,0,1,10370,0,108,2020,12,20,17,30,21,,,,,1,1,1,1,1,9,22,0,23,18,9,30,70,1,2,1,1,25,3,61,31,0,,,,,,,5,0,10,0,3,0,2,0,2,0,4,2,35.66627138888889,139.80550222222223,1,3,,,,
1,30,771,343,2,0,1,30000,0,108,2020,8,18,17,35,13,,,,,1,1,1,14,7,0,23,0,23,3,9,1,70,4,1,1,1,45,51,61,0,0,,,,,,,0,0,10,0,3,0,0,0,0,0,4,2,35.646948611111114,139.79111833333334,3,3,,,,
1,30,771,344,2,0,1,30000,0,108,2020,12,22,15,45,13,,,,,1,1,1,14,7,0,23,0,23,1,9,1,70,4,2,1,1,55,51,61,0,0,,,,,,,0,0,10,0,4,0,0,0,0,0,4,2,35.65367888888889,139.79953,3,3,,,,
1,30,771,347,2,0,1,10370,0,108,2020,12,25,15,3,12,,,,,1,1,1,7,1,0,23,0,23,3,9,1,70,4,2,1,25,1,3,61,31,0,,,,,,,4,0,10,0,3,0,2,0,2,0,4,2,35.682633055555556,139.80646055555556,6,3,,,,
1,30,771,355,2,0,1,30000,0,108,2020,12,30,17,50,22,,,,,2,1,1,1,7,9,22,0,23,11,9,30,70,4,2,1,45,75,3,61,31,0,,,,,,,5,0,80,0,4,0,2,0,2,0,4,2,35.68600555555555,139.81243833333335,4,3,,,,
1,30,772,220,2,0,1,20650,0,108,2020,12,31,16,55,21,,,,,1,1,1,1,1,9,22,0,23,19,9,20,70,4,2,1,65,55,3,61,31,0,,,,,,,10,0,11,0,3,0,2,0,2,0,4,2,35.68969027777777,139.83597194444445,5,2,,,,
1,30,772,225,2,0,1,30000,0,108,2020,12,8,18,25,22,,,,,2,1,1,7,7,0,23,0,23,1,9,20,70,5,4,1,65,55,14,61,31,0,,,,,,,10,0,20,0,4,0,2,0,2,0,4,2,35.69061833333333,139.83038888888888,3,3,,,,
1,30,772,226,2,0,1,30000,0,108,2020,11,27,8,4,12,,,,,1,1,1,7,7,0,23,0,23,2,9,1,70,5,2,1,65,55,3,61,1,0,,,,,,,10,0,30,0,4,0,2,0,2,0,4,2,35.698190555555556,139.82452361111112,6,3,,,,
1,30,773,203,2,0,1,140,46,107,2020,12,1,5,1,22,,,,,1,1,1,7,1,0,23,0,23,6,9,1,70,1,2,1,55,55,3,61,1,0,,,,,,,10,0,50,0,3,0,2,0,2,0,4,2,35.695608611111105,139.8138452777778,3,3,,,,
1,30,773,204,2,0,1,30000,0,107,2020,12,1,8,55,12,,,,,1,1,1,7,1,0,23,0,23,3,9,1,70,5,2,1,45,25,14,61,31,0,,,,,,,2,0,10,0,4,0,2,0,2,0,4,2,35.691868611111104,139.80801972222224,3,3,,,,
1,30,773,208,2,0,1,20690,0,107,2020,12,12,5,15,22,,,,,1,1,1,7,8,0,23,0,23,6,8,1,70,4,2,1,65,1,3,61,1,0,,,,,,,5,0,10,0,4,0,2,0,2,0,4,2,35.69539416666667,139.81497194444447,7,3,,,,
1,30,773,219,2,0,1,30000,0,107,2020,12,19,18,18,22,,,,,2,1,1,1,1,9,22,0,23,15,9,30,70,4,2,1,35,55,3,61,31,0,,,,,,,5,0,10,0,3,0,2,0,2,0,4,2,35.7115175,139.8082711111111,7,3,,,,
1,30,773,223,2,0,1,20690,0,107,2020,12,25,11,10,12,,,,,1,1,1,7,1,0,23,0,23,3,9,1,70,4,2,1,35,45,3,61,31,0,,,,,,,4,0,10,0,3,0,2,0,2,0,4,2,35.705668333333335,139.81425750000002,6,3,,,,
1,30,773,225,2,0,1,10370,0,107,2020,12,12,7,31,11,,,,,2,1,1,1,7,9,22,0,23,18,7,30,70,4,2,1,45,35,3,61,31,0,,,,,,,4,0,50,0,4,0,2,0,2,0,4,2,35.691758611111105,139.80563361111112,7,3,,,,
1,30,773,226,2,0,2,30000,0,107,2020,12,6,13,15,12,,,,,1,1,1,14,7,0,23,0,23,3,9,1,70,4,2,1,1,65,51,61,0,0,,,,,,,0,0,10,0,3,0,0,0,0,0,4,2,35.70986777777778,139.81222027777778,1,3,,,,
1,30,774,161,2,0,1,30000,0,107,2020,12,1,18,0,22,,,,,1,1,1,1,7,9,22,0,23,15,9,30,70,4,2,1,35,55,51,61,0,0,,,,,,,0,0,10,0,3,0,0,0,0,0,4,2,35.706179722222224,139.82394916666667,3,3,,,,
1,30,775,243,2,0,1,30000,0,122,2020,11,14,17,37,22,,,,,1,1,1,14,7,0,23,0,23,3,9,1,70,4,2,1,25,35,3,61,31,0,,,,,,,2,0,10,0,3,0,2,0,2,0,4,2,35.747590833333334,139.84098055555557,7,3,,,,
1,30,775,252,2,0,1,60,139,122,2020,12,6,19,55,22,,,,,1,1,1,14,7,0,23,0,23,2,9,1,70,4,2,1,1,65,51,61,0,0,,,,,,,0,0,10,0,3,0,0,0,0,0,4,2,35.76977972222222,139.87556361111112,1,3,,,,
1,30,775,265,2,0,1,30000,0,122,2020,12,14,7,20,11,,,,,2,1,1,1,7,1,22,0,23,11,9,30,1,5,2,1,35,35,3,61,31,0,,,,,,,2,0,14,0,3,0,2,0,2,0,4,2,35.75629444444444,139.82853555555556,2,3,,,,
1,30,775,268,2,0,1,30000,0,122,2020,11,5,19,53,22,,,,,1,1,1,14,7,0,23,0,23,2,9,1,70,5,1,1,45,45,4,61,31,0,,,,,,,2,0,20,0,4,0,2,0,2,0,4,2,35.76886972222222,139.8698525,5,3,,,,
1,30,775,269,2,0,1,30000,0,122,2020,12,17,18,45,22,,,,,1,1,1,1,7,9,22,0,23,14,9,30,70,4,1,1,55,45,3,61,31,0,,,,,,,5,0,20,0,3,0,2,0,2,0,4,2,35.74488111111111,139.84261305555557,5,3,,,,
1,30,775,270,2,0,1,30000,0,122,2020,12,18,7,49,12,,,,,1,1,1,14,7,0,23,0,23,4,9,1,70,4,1,1,35,1,51,61,0,0,,,,,,,0,0,10,0,3,0,0,0,0,0,4,2,35.76972833333333,139.86467027777778,6,3,,,,
1,30,775,271,2,0,1,30000,0,122,2020,10,15,13,15,12,,,,,3,1,1,7,1,0,23,0,23,3,9,1,70,4,3,1,45,75,4,61,31,0,,,,,,,2,0,10,0,3,0,2,0,2,0,4,2,35.77164472222222,139.8681963888889,5,3,,,,
1,30,775,273,2,0,1,30000,0,122,2020,12,2,17,45,22,,,,,3,1,2,1,2,9,22,0,23,14,9,30,70,4,2,1,65,25,3,61,31,0,,,,,,,2,0,10,0,3,0,2,0,2,0,4,2,35.75923972222222,139.865345,4,3,,,,
1,30,775,280,2,0,1,95000,0,122,2020,12,14,1,5,22,,,,,1,1,1,0,7,0,23,0,23,0,0,20,70,0,4,1,1,35,51,61,0,0,,,,,,,0,0,10,0,3,0,0,0,0,0,4,2,35.771006388888885,139.87043,2,3,,,,
1,30,775,284,2,0,1,10130,0,122,2020,12,25,5,45,22,,,,,1,1,1,1,1,9,22,0,23,18,9,30,70,1,4,1,25,65,35,61,31,0,,,,,,,4,0,0,0,4,0,0,0,0,0,4,2,35.74834444444445,139.85794638888888,6,3,,,,
1,30,775,285,2,0,1,30000,0,122,2020,12,25,10,45,12,,,,,1,1,1,14,7,0,23,0,23,1,9,1,1,5,1,1,65,65,3,61,31,0,,,,,,,2,0,20,0,3,0,2,0,2,0,4,2,35.746966111111114,139.84635666666668,6,3,,,,
1,30,776,204,2,0,1,30000,0,122,2020,11,27,19,14,22,,,,,1,1,1,7,7,0,23,0,23,3,9,1,70,5,3,1,55,45,13,61,31,0,,,,,,,1,0,20,0,4,0,2,0,2,0,4,2,35.74548611111111,139.85550361111112,6,3,,,,
1,30,776,206,2,0,1,30000,0,122,2020,12,12,10,15,12,,,,,1,1,1,14,7,0,23,0,23,3,9,1,70,5,3,1,65,55,14,61,31,0,,,,,,,2,0,50,0,4,0,2,0,2,0,4,2,35.719295555555554,139.86302944444444,7,3,,,,
1,30,776,207,2,0,1,30000,0,122,2020,12,13,5,50,23,,,,,1,1,1,1,1,9,22,0,23,15,9,30,70,5,1,1,55,55,3,61,31,0,,,,,,,3,0,10,0,3,0,2,0,2,0,4,2,35.74124416666667,139.87983416666668,1,3,,,,
1,30,776,209,2,0,1,21080,0,122,2020,12,13,12,15,12,,,,,1,1,1,14,7,0,23,0,23,3,9,1,70,5,2,1,25,1,3,61,31,0,,,,,,,3,0,10,0,4,0,2,0,2,0,4,2,35.73973083333333,139.82655555555556,1,3,,,,
1,30,776,211,2,0,1,30000,0,122,2020,12,7,15,5,12,,,,,2,1,1,1,7,9,22,0,23,11,9,30,70,5,4,1,45,45,13,61,31,0,,,,,,,2,0,20,0,4,0,2,0,2,0,4,2,35.72604861111111,139.8478875,2,3,,,,
1,30,776,214,2,0,1,30000,0,122,2020,12,22,17,0,21,,,,,1,1,1,14,7,0,23,0,23,2,9,1,70,5,4,1,75,75,51,61,0,0,,,,,,,0,0,10,0,3,0,0,0,0,0,4,2,35.74597472222222,139.8836711111111,3,3,,,,
1,30,777,726,2,0,1,30520,0,123,2020,12,2,18,42,22,,,,,3,1,2,1,1,9,22,0,23,15,9,30,70,5,2,1,1,25,3,61,31,0,,,,,,,2,0,20,0,3,0,2,0,2,0,4,2,35.685892777777774,139.88439888888888,4,3,,,,
1,30,777,734,2,0,1,30000,0,123,2020,12,8,17,20,21,,,,,1,1,1,1,1,9,22,0,23,14,9,30,70,4,1,1,45,45,4,61,31,0,,,,,,,10,0,10,0,3,0,2,0,2,0,4,2,35.696486388888886,139.87611666666666,3,3,,,,
1,30,777,737,2,0,1,30000,0,123,2020,12,1,15,15,12,,,,,1,1,1,1,7,1,21,0,23,11,9,30,70,1,2,1,55,55,13,61,31,0,,,,,,,5,0,20,0,3,0,2,0,2,0,4,2,35.70579277777778,139.84378750000002,3,3,,,,
1,30,777,749,2,0,1,20700,0,123,2020,12,16,3,55,22,,,,,1,1,1,14,7,0,23,0,23,3,9,1,70,4,2,1,1,65,51,61,0,0,,,,,,,0,0,10,0,3,0,0,0,0,0,4,2,35.698634999999996,139.9121127777778,4,3,,,,
1,30,777,757,2,0,1,10130,0,123,2020,12,18,17,30,22,,,,,1,1,1,1,1,9,22,0,23,18,9,30,70,5,2,1,65,1,3,61,31,0,,,,,,,2,0,10,0,4,0,2,0,2,0,4,2,35.68714305555555,139.8829061111111,6,3,,,,
1,30,777,762,2,0,1,30000,0,123,2020,12,17,17,5,21,,,,,1,1,1,1,7,9,22,0,23,14,9,30,1,5,1,1,35,65,3,61,31,0,,,,,,,2,0,20,0,3,0,2,0,2,0,4,2,35.700167500000006,139.87826305555555,5,3,,,,
1,30,777,769,2,0,2,30000,0,123,2020,12,25,7,25,11,,,,,1,1,1,1,1,9,21,0,23,15,9,30,70,4,2,1,25,65,34,61,31,0,,,,,,,5,0,10,0,3,0,0,0,0,0,4,2,35.6952825,139.89500555555554,6,3,,,,
1,30,777,770,2,0,1,30000,0,123,2020,12,25,12,45,12,,,,,1,1,1,7,7,0,23,0,23,2,9,1,70,5,2,1,65,55,4,61,31,0,,,,,,,5,0,10,0,3,0,2,0,2,0,4,2,35.69403555555555,139.86761333333334,6,3,,,,
1,30,778,194,2,0,1,10380,0,123,2020,12,1,9,18,12,,,,,1,1,1,1,1,9,22,0,23,14,9,30,70,5,2,1,25,75,3,61,31,0,,,,,,,2,0,10,0,4,0,2,0,2,0,4,2,35.7425075,139.88209444444445,3,3,,,,
1,30,778,202,2,0,1,30000,0,123,2020,12,15,8,15,12,,,,,1,1,1,1,7,9,22,0,23,11,9,30,70,5,3,1,1,75,51,61,0,0,,,,,,,0,0,10,0,3,0,0,0,0,0,4,2,35.72459972222222,139.87607444444444,3,3,,,,
1,30,778,220,2,0,1,99000,0,123,2020,12,28,16,25,13,,,,,1,1,1,0,7,0,23,0,23,0,0,20,70,0,2,1,65,1,3,61,31,0,,,,,,,5,0,20,0,3,0,2,0,2,0,4,2,35.7261775,139.88869916666667,2,3,,,,
1,30,779,339,2,0,1,30000,0,123,2020,10,11,11,36,12,,,,,2,1,1,14,7,0,23,0,23,3,9,1,70,5,2,1,55,35,3,61,31,0,,,,,,,1,0,70,0,4,0,2,0,2,0,4,2,35.65333583333333,139.8824216666667,1,3,,,,
1,30,779,341,2,0,1,30000,0,123,2020,11,12,14,20,12,,,,,1,1,1,1,7,9,22,0,23,15,9,30,70,5,2,1,45,55,14,61,31,0,,,,,,,2,0,10,0,3,0,2,0,2,0,4,2,35.66638583333333,139.85996694444444,5,3,,,,
1,30,779,344,2,0,1,30000,0,123,2020,11,28,12,10,12,,,,,1,1,1,1,1,9,22,0,23,15,9,30,70,5,1,1,65,55,4,61,31,0,,,,,,,2,0,10,0,3,0,2,0,2,0,4,2,35.6601475,139.85514055555555,7,3,,,,
1,30,779,345,2,0,1,30000,0,123,2020,11,30,16,35,21,,,,,1,1,1,14,7,0,23,0,23,2,9,1,70,4,2,1,45,1,3,61,31,0,,,,,,,2,0,20,0,3,0,2,0,2,0,4,2,35.67364861111111,139.86722916666668,2,3,,,,
1,30,779,346,2,0,1,30000,0,123,2020,11,30,19,45,22,,,,,1,1,1,1,1,9,22,0,23,15,9,30,70,5,2,1,25,25,13,61,1,0,,,,,,,3,0,80,0,3,0,2,0,2,0,4,2,35.661435555555556,139.88150666666667,2,3,,,,
1,30,779,351,2,0,1,10720,0,123,2020,12,6,15,1,12,,,,,1,1,1,14,1,0,23,0,23,4,9,1,70,1,2,1,1,75,51,61,0,0,,,,,,,0,0,10,0,4,0,0,0,0,0,4,2,35.662885277777775,139.85650666666666,1,3,,,,
1,30,779,358,2,0,1,99000,0,123,2020,12,17,6,40,23,,,,,1,1,5,0,7,0,23,0,23,0,0,20,70,0,4,1,45,75,51,61,0,0,,,,,,,0,0,10,0,3,0,0,0,0,0,4,2,35.67778694444444,139.86547388888889,5,3,,,,
1,30,779,361,2,0,1,30000,0,123,2020,11,21,10,45,12,,,,,1,1,1,14,7,0,23,0,23,3,9,20,70,5,4,1,1,55,51,61,0,0,,,,,,,0,0,10,0,4,0,0,0,0,0,4,2,35.65584833333333,139.8580438888889,7,3,,,,
1,30,779,362,2,0,1,30000,0,123,2020,12,21,13,10,12,,,,,1,1,1,1,7,9,22,0,23,14,9,30,70,4,2,1,75,55,3,61,31,0,,,,,,,3,0,20,0,4,0,2,0,2,0,4,2,35.662106944444446,139.87387055555556,2,3,,,,
1,30,779,375,2,0,1,30000,0,123,2020,11,10,16,25,13,,,,,1,1,1,1,7,1,21,0,23,14,9,30,70,4,2,1,65,35,3,61,31,0,,,,,,,2,0,10,0,4,0,2,0,2,0,4,2,35.678532222222216,139.87134305555557,3,3,,,,
1,30,876,347,2,0,1,30000,0,201,2020,11,18,8,41,12,,,,,1,1,1,1,7,9,22,0,23,15,9,30,70,4,2,1,55,65,3,61,31,0,,,,,,,3,0,10,0,3,0,2,0,2,0,4,2,35.606661111111116,139.375615,4,3,,,,
1,30,876,348,2,0,1,10480,0,201,2020,11,26,7,40,12,,,,,1,1,1,14,1,0,23,0,23,3,9,1,70,5,2,1,25,1,3,61,31,0,,,,,,,2,0,10,0,3,0,2,0,2,0,4,2,35.63970694444444,139.35595583333333,5,3,,,,
1,30,876,352,2,0,1,30820,0,209,2020,12,3,7,50,12,,,,,2,1,2,14,7,0,23,0,23,4,9,1,70,4,1,1,25,1,51,61,0,0,,,,,,,0,0,40,0,3,0,0,0,0,0,4,2,35.59902527777778,139.3819363888889,5,3,,,,
1,30,876,353,2,0,1,30000,0,201,2020,12,4,20,30,22,,,,,2,1,1,14,7,0,23,0,23,2,9,1,70,5,3,1,55,1,4,61,31,0,,,,,,,2,0,70,0,3,0,2,0,2,0,4,2,35.64213138888889,139.37558833333335,6,3,,,,