資料区分,都道府県コード,警察署等コード,本票番号,事故内容,死者数,負傷者数,路線コード,地点コード,市区町村コード,発生日時　　年,発生日時　　月,発生日時　　日,発生日時　　時,発生日時　　分,昼夜,日の出時刻　　時,日の出時刻　　分,日の入り時刻　　時,日の入り時刻　　分,天候,地形,路面状態,道路形状,信号機,一時停止規制　標識（当事者A）,一時停止規制　表示（当事者A）,一時停止規制　標識（当事者B）,一時停止規制　表示（当事者B）,車道幅員,道路線形,衝突地点,ゾーン規制,中央分離帯施設等,歩車道区分,事故類型,年齢（当事者A）,年齢（当事者B）,当事者種別（当事者A）,当事者種別（当事者B）,用途別（当事者A）,用途別（当事者B）,車両形状等（当事者A）,車両形状等（当事者B）,オートマチック車（当事者A）,オートマチック車（当事者B）,サポカー（当事者A）,サポカー（当事者B）,速度規制（指定のみ）（当事者A）,速度規制（指定のみ）（当事者B）,車両の衝突部位（当事者A）,車両の衝突部位（当事者B）,車両の損壊程度（当事者A）,車両の損壊程度（当事者B）,エアバッグの装備（当事者A）,エアバッグの装備（当事者B）,サイドエアバッグの装備（当事者A）,サイドエアバッグの装備（当事者B）,人身損傷程度（当事者A）,人身損傷程度（当事者B）,lat,lon,曜日(発生年月日),祝日(発生年月日),認知機能検査経過日数（当事者A）,認知機能検査経過日数（当事者B）,運転練習の方法（当事者A）,運転練習の方法（当事者B）
1,30,876,362,2,0,1,10490,0,209,2020,12,15,7,15,11,,,,,1,1,1,14,1,0,23,0,23,3,9,1,70,4,2,1,65,55,3,61,31,0,,,,,,,3,0,40,0,3,0,2,0,2,0,4,2,35.60036388888889,139.3596513888889,3,3,,,,
1,30,876,365,2,0,1,30820,0,209,2020,12,15,17,30,22,,,,,1,1,1,1,1,9,22,0,23,15,9,30,70,5,2,1,45,1,3,61,31,0,,,,,,,2,0,40,0,3,0,2,0,2,0,4,2,35.60572527777778,139.35511472222223,3,3,,,,
1,30,876,369,2,0,1,30820,0,209,2020,12,16,19,20,22,,,,,1,1,1,14,7,0,23,0,23,4,9,1,70,4,2,1,1,55,51,61,0,0,,,,,,,0,0,10,0,3,0,0,0,0,0,4,2,35.60358166666667,139.36232166666667,4,3,,,,
1,30,876,371,2,0,1,10490,0,209,2020,10,2,14,4,12,,,,,1,1,1,14,7,0,23,0,23,4,9,1,70,5,2,1,55,75,3,61,31,0,,,,,,,3,0,10,0,3,0,2,0,2,0,4,2,35.606095555555555,139.30342805555557,6,3,,,,
1,30,876,374,2,0,1,30000,0,201,2020,10,14,7,15,12,,,,,2,1,1,14,7,0,23,0,23,3,9,1,70,5,3,1,65,25,3,61,31,0,,,,,,,10,0,10,0,3,0,2,0,2,0,4,2,35.653460277777775,139.3473238888889,4,3,,,,
1,30,876,383,2,0,1,30000,0,209,2020,12,24,9,50,12,,,,,2,1,1,1,7,9,22,0,23,11,8,30,70,5,4,1,35,25,4,61,31,0,,,,,,,10,0,20,0,3,0,2,0,2,0,4,2,35.59341222222223,139.3827061111111,5,3,,,,
1,30,876,387,2,0,1,30000,0,209,2020,12,28,5,20,22,,,,,1,2,1,1,7,9,22,0,23,14,9,30,70,5,2,1,35,45,3,61,31,0,,,,,,,3,0,10,0,3,0,2,0,2,0,4,2,35.604550555555555,139.35856833333332,2,3,,,,
1,30,877,265,2,0,1,99000,0,201,2020,10,4,12,0,12,,,,,2,2,1,0,7,0,23,0,23,0,0,20,70,0,2,1,1,55,3,61,31,0,,,,,,,10,0,20,0,4,0,2,0,2,0,4,2,35.65589305555555,139.30528166666667,1,3,,,,
1,30,877,277,2,0,1,30000,0,201,2020,12,20,18,8,22,,,,,2,1,1,1,1,9,22,0,23,18,9,30,70,4,2,1,45,35,3,61,31,0,,,,,,,2,0,10,0,3,0,2,0,2,0,4,2,35.630811666666666,139.2892097222222,1,3,,,,
1,30,877,282,2,0,1,20000,0,201,2020,12,13,13,30,12,,,,,1,3,1,1,7,9,22,0,23,14,9,20,70,4,2,1,65,45,3,61,31,0,,,,,,,3,0,80,0,3,0,2,0,2,0,4,2,35.650128055555555,139.30515333333335,1,3,,,,
1,30,877,286,2,0,1,30000,0,201,2020,12,27,13,15,12,,,,,1,2,1,1,7,1,21,0,23,11,7,30,70,5,2,1,55,1,3,61,31,0,,,,,,,2,0,10,0,3,0,2,0,2,0,4,2,35.640926666666665,139.2916336111111,1,3,,,,
1,30,878,380,2,0,1,20000,0,224,2020,12,2,19,17,22,,,,,2,1,2,1,7,9,22,0,23,14,9,30,70,4,1,1,45,1,14,61,1,0,,,,,,,3,0,10,0,2,0,2,0,2,0,4,2,35.635869166666666,139.44506722222224,4,3,,,,
1,30,878,388,2,0,1,30000,0,225,2020,12,9,18,25,22,,,,,1,2,1,14,7,0,23,0,23,2,9,1,70,5,4,1,1,1,14,61,1,0,,,,,,,5,0,40,0,3,0,2,0,2,0,4,2,35.61211638888889,139.48034305555555,4,3,,,,
1,30,878,393,2,0,2,10510,0,224,2020,12,13,14,14,12,,,,,1,1,1,14,1,0,23,0,23,6,8,1,70,1,2,1,55,55,3,61,31,0,,,,,,,4,0,10,0,3,0,2,0,2,0,4,2,35.65061027777778,139.44451111111113,1,3,,,,
1,30,878,395,2,0,1,30000,0,224,2020,12,12,17,50,22,,,,,1,2,1,1,1,9,22,0,23,11,9,30,70,4,1,1,25,35,3,61,31,0,,,,,,,2,0,40,0,3,0,2,0,2,0,4,2,35.614938611111114,139.40824666666668,7,3,,,,
1,30,878,397,2,0,1,95000,0,224,2020,12,17,14,30,12,,,,,1,2,1,1,1,9,22,0,23,14,9,30,70,1,2,1,35,45,3,61,31,0,,,,,,,3,0,10,0,3,0,2,0,2,0,4,2,35.61245944444445,139.4235661111111,5,3,,,,
1,30,878,398,2,0,1,30000,0,224,2020,12,10,7,55,12,,,,,1,1,1,14,7,0,23,0,23,3,9,1,70,5,3,1,35,45,3,61,31,0,,,,,,,2,0,10,0,4,0,2,0,2,0,4,2,35.626511666666666,139.42752888888887,5,3,,,,
1,30,878,406,2,0,1,10570,0,224,2020,12,21,15,55,13,,,,,1,1,1,14,1,0,23,0,23,6,9,1,70,1,2,1,65,1,3,61,31,0,,,,,,,10,0,10,0,3,0,2,0,2,0,4,2,35.63387,139.44469555555557,2,3,,,,
1,30,878,408,2,0,1,30000,0,225,2020,12,22,7,55,12,,,,,1,1,1,1,7,1,21,0,23,11,9,30,70,4,2,1,75,55,3,61,31,0,,,,,,,1,0,20,0,3,0,2,0,2,0,4,2,35.64756861111111,139.50352027777777,3,3,,,,
1,30,878,421,2,0,1,99000,0,225,2020,12,28,12,5,12,,,,,1,2,1,0,7,0,23,0,23,0,0,20,70,0,4,1,55,1,3,61,31,0,,,,,,,10,0,10,0,3,0,2,0,2,0,4,2,35.611485555555554,139.49176083333333,2,3,,,,
1,30,879,505,2,0,1,30000,0,220,2020,12,4,18,45,22,,,,,1,2,1,1,7,1,21,0,23,11,9,30,70,5,3,1,55,35,3,61,31,0,,,,,,,2,0,10,0,4,0,2,0,2,0,4,2,35.73686583333333,139.41659555555557,6,3,,,,
1,30,879,515,2,0,1,30000,0,223,2020,12,13,9,50,12,,,,,1,1,1,14,7,0,23,0,23,1,9,1,70,5,4,1,25,45,3,61,31,0,,,,,,,10,0,20,0,3,0,2,0,2,0,4,2,35.76294722222222,139.36853805555558,1,3,,,,
1,30,879,530,2,0,1,30000,0,223,2020,12,19,14,50,12,,,,,1,1,1,1,1,9,22,0,23,17,9,20,70,4,2,1,75,1,3,61,31,0,,,,,,,3,0,80,0,3,0,2,0,2,0,4,2,35.74648527777778,139.39112305555554,7,3,,,,
1,30,879,538,2,0,1,95000,0,223,2020,12,22,17,10,21,,,,,1,1,1,0,7,0,23,0,23,0,0,20,70,0,4,1,75,35,4,61,31,0,,,,,,,10,0,10,0,3,0,2,0,2,0,4,2,35.74903194444445,139.38308138888888,3,3,,,,
1,30,879,543,2,0,1,30580,0,220,2020,12,23,21,45,22,,,,,1,2,1,1,1,9,22,0,23,14,9,30,70,4,2,1,35,25,3,61,31,0,,,,,,,3,0,10,0,3,0,2,0,2,0,4,2,35.74264361111111,139.41714638888888,4,3,,,,
1,30,879,545,2,0,1,30000,0,223,2020,12,24,13,0,12,,,,,1,1,1,14,7,0,23,0,23,3,9,1,70,4,1,1,75,1,4,61,31,0,,,,,,,3,0,10,0,3,0,2,0,2,0,4,2,35.741571111111114,139.37110611111112,5,3,,,,
1,30,879,555,2,0,1,99000,0,220,2020,12,28,13,1,12,,,,,1,1,1,0,7,0,23,0,23,0,0,20,70,0,4,1,75,45,4,61,31,0,,,,,,,10,0,30,0,3,0,2,0,2,0,4,2,35.75208472222222,139.42750583333333,2,3,,,,
1,30,879,556,2,0,1,10240,0,223,2020,12,29,8,30,12,,,,,1,1,1,14,7,0,23,0,23,3,9,1,70,4,2,1,65,1,4,61,31,0,,,,,,,3,0,40,0,3,0,2,0,2,0,4,2,35.75908361111111,139.37493361111112,3,3,,,,
1,30,880,324,2,0,1,30000,0,205,2020,12,7,6,0,23,,,,,1,1,1,7,7,0,23,0,23,3,9,1,70,5,4,1,65,1,4,61,31,0,,,,,,,10,0,10,0,3,0,2,0,2,0,4,2,35.77927638888889,139.31960138888888,2,3,,,,
1,30,880,330,2,0,1,30000,0,205,2020,12,13,15,24,12,,,,,2,2,1,14,7,0,23,0,23,3,9,1,70,4,2,1,55,1,3,61,31,0,,,,,,,2,0,10,0,3,0,2,0,2,0,4,2,35.799098055555554,139.28796694444443,1,3,,,,
1,30,880,335,2,0,1,30000,0,205,2020,12,18,8,36,12,,,,,1,1,1,7,1,0,23,0,23,2,9,1,1,5,3,1,55,65,4,61,31,0,,,,,,,2,0,10,0,3,0,2,0,2,0,4,2,35.79722666666667,139.31497111111113,6,3,,,,
1,30,880,339,2,0,1,30000,0,205,2020,12,20,21,10,22,,,,,1,2,1,7,7,0,23,0,23,1,9,1,70,5,3,1,45,55,4,61,31,0,,,,,,,5,0,10,0,4,0,2,0,2,0,4,2,35.789543888888886,139.27399305555556,1,3,,,,
1,30,881,141,2,0,1,95000,0,305,2020,12,15,8,10,12,,,,,1,3,1,0,7,0,23,0,23,0,0,20,70,0,4,1,45,55,24,61,0,0,,,,,,,10,0,60,0,4,0,0,0,0,0,4,2,35.739376666666665,139.2303363888889,3,3,,,,
1,30,882,382,1,1,0,20000,0,227,2020,12,18,17,7,21,,,,,1,1,1,1,7,9,22,0,23,17,9,30,70,5,2,1,65,75,13,61,31,0,,,,,,,10,0,10,0,3,0,2,0,2,0,4,1,35.76406055555555,139.3212825,6,3,,,,
1,30,882,402,2,0,1,95000,0,227,2020,12,16,9,14,12,,,,,1,1,1,7,1,0,23,0,23,3,9,1,70,4,2,1,1,65,3,61,31,0,,,,,,,2,0,50,0,3,0,2,0,2,0,4,2,35.75859555555556,139.32034833333333,4,3,,,,
1,30,882,418,2,0,1,95000,0,227,2020,12,26,6,20,23,,,,,1,2,1,1,1,9,22,0,23,15,9,30,70,5,2,1,35,75,14,61,31,0,,,,,,,3,0,10,0,3,0,2,0,2,0,4,2,35.77207166666667,139.29768666666666,7,3,,,,
1,30,882,420,2,0,1,99000,0,227,2020,12,24,18,5,22,,,,,1,1,1,0,7,0,23,0,23,0,0,20,70,0,4,1,55,35,4,61,31,0,,,,,,,10,0,50,0,3,0,2,0,2,0,4,2,35.75482972222222,139.3280763888889,5,3,,,,
1,30,882,425,2,0,1,10260,0,218,2020,12,29,11,10,12,,,,,1,1,1,14,7,0,23,0,23,3,9,1,70,4,2,1,35,75,3,61,31,0,,,,,,,3,0,10,0,3,0,2,0,2,0,4,2,35.733435,139.33849694444444,3,3,,,,
1,30,883,522,2,0,1,20000,0,201,2020,12,5,5,15,22,,,,,3,1,2,14,1,0,23,0,23,3,9,1,70,4,3,1,65,45,3,61,31,0,,,,,,,3,0,40,0,3,0,2,0,2,0,4,2,35.675281388888884,139.364415,7,3,,,,
1,30,883,523,2,0,1,30000,0,201,2020,12,6,15,38,13,,,,,1,1,1,1,7,9,22,0,23,14,9,30,70,5,3,1,45,45,3,61,31,0,,,,,,,2,0,10,0,4,0,2,0,2,0,4,2,35.6735675,139.31558833333335,1,3,,,,
1,30,883,524,2,0,1,20000,0,201,2020,12,7,14,50,12,,,,,1,1,1,1,1,9,22,0,23,19,9,20,70,4,1,1,1,45,3,61,31,0,,,,,,,3,0,10,0,3,0,2,0,2,0,4,2,35.66311944444444,139.33966722222223,2,3,,,,
1,30,883,529,2,0,1,30000,0,201,2020,12,11,8,50,12,,,,,1,1,1,14,7,0,23,0,23,1,9,20,70,5,4,1,25,1,3,61,31,0,,,,,,,10,0,40,0,4,0,2,0,2,0,4,2,35.68379916666667,139.3063377777778,6,3,,,,
1,30,883,534,2,0,1,30000,0,201,2020,12,13,17,39,22,,,,,1,1,1,14,7,0,23,0,23,2,9,1,70,5,3,1,1,1,51,61,0,0,,,,,,,0,0,10,0,4,0,0,0,0,0,4,2,35.66990166666666,139.3570936111111,1,3,,,,
1,30,883,539,2,0,1,30000,0,201,2020,12,15,9,15,12,,,,,1,1,1,14,7,0,23,0,23,2,9,1,70,5,3,1,65,45,3,61,31,0,,,,,,,2,0,40,0,3,0,2,0,2,0,4,2,35.66198583333333,139.36052444444445,3,3,,,,
1,30,883,540,2,0,1,30000,0,201,2020,12,15,9,50,12,,,,,1,1,1,1,1,1,21,0,23,11,9,30,70,4,2,1,55,45,3,61,31,0,,,,,,,1,0,20,0,4,0,2,0,2,0,4,2,35.686665,139.30852361111113,3,3,,,,
1,30,883,541,2,0,1,30000,0,201,2020,12,17,19,0,22,,,,,1,1,1,14,7,0,23,0,23,2,9,1,70,5,3,1,1,45,36,61,31,0,,,,,,,10,0,10,0,3,0,0,0,0,0,4,2,35.65671805555555,139.30527750000002,5,3,,,,
1,30,883,560,2,0,1,200,471,201,2020,12,24,17,18,21,,,,,1,1,1,1,1,8,22,0,23,14,9,30,70,4,1,1,35,65,14,61,1,0,,,,,,,4,0,10,0,3,0,2,0,2,0,4,2,35.65862055555555,139.31402416666668,5,3,,,,
1,30,884,507,1,1,1,20750,0,209,2020,12,13,19,50,22,,,,,2,1,1,14,7,0,23,0,23,3,9,1,70,4,2,1,1,55,34,61,31,0,,,,,,,3,0,10,0,2,0,0,0,0,0,2,1,35.58670305555556,139.47034555555555,1,3,,,,
1,30,884,512,2,0,1,30000,0,209,2020,12,3,17,5,21,,,,,1,1,1,14,7,0,23,0,23,2,9,1,70,5,3,1,1,65,51,61,0,0,,,,,,,0,0,10,0,3,0,0,0,0,0,4,2,35.56478166666666,139.42748666666665,5,3,,,,
1,30,884,517,2,0,1,30000,0,209,2020,12,8,13,25,12,,,,,1,1,1,1,7,9,22,0,23,14,9,30,70,4,2,1,35,1,3,61,31,0,,,,,,,3,0,10,0,3,0,2,0,2,0,4,2,35.55629305555555,139.4487486111111,3,3,,,,
1,30,884,529,2,0,1,95000,0,209,2020,10,14,7,27,12,,,,,2,1,1,14,7,0,23,0,23,3,9,1,70,4,2,1,45,25,3,61,31,0,,,,,,,2,0,10,0,4,0,2,0,2,0,4,2,35.551095,139.45245305555554,4,3,,,,
1,30,884,562,2,0,1,30000,0,209,2020,12,2,13,18,12,,,,,2,1,1,14,7,0,23,0,23,3,9,1,70,4,2,1,45,1,35,61,31,0,,,,,,,2,0,20,0,3,0,0,0,0,0,4,2,35.563408055555556,139.44787055555557,4,3,,,,
1,30,884,570,2,0,1,30000,0,209,2020,12,24,19,30,22,,,,,1,2,1,1,7,1,21,0,23,11,9,30,70,5,3,1,55,35,3,61,31,0,,,,,,,2,0,40,0,4,0,2,0,2,0,4,2,35.54011666666666,139.4603138888889,5,3,,,,
1,30,884,571,2,0,1,95000,0,209,2020,12,24,12,23,12,,,,,1,1,1,0,7,0,23,0,23,0,0,20,70,0,4,1,35,25,3,61,31,0,,,,,,,10,0,30,0,3,0,2,0,2,0,4,2,35.57582861111111,139.43360222222222,5,3,,,,
1,30,885,387,2,0,1,95000,0,212,2020,9,25,18,19,21,,,,,3,3,1,14,7,0,23,0,23,3,9,1,70,5,4,1,45,0,61,0,0,0,,,,,,,0,0,0,0,0,0,0,0,0,0,2,0,35.65157416666666,139.38972555555554,6,3,,,,
1,30,885,391,2,0,1,30000,0,212,2020,11,28,16,45,21,,,,,1,1,1,1,7,9,22,0,23,14,9,30,70,5,3,1,35,1,3,61,31,0,,,,,,,10,0,20,0,3,0,2,0,2,0,4,2,35.674083055555556,139.38541972222222,7,3,,,,
1,30,885,393,2,0,1,30000,0,212,2020,12,2,17,30,22,,,,,3,3,2,1,1,9,22,0,23,15,9,30,70,4,2,1,35,25,3,61,31,0,,,,,,,3,0,10,0,3,0,2,0,2,0,4,2,35.653185,139.37981666666667,4,3,,,,
1,30,885,397,2,0,1,30000,0,212,2020,12,7,10,53,12,,,,,1,2,1,7,7,0,23,0,23,3,4,1,70,4,2,1,1,65,36,61,31,0,,,,,,,2,0,10,0,3,0,0,0,0,0,4,2,35.658517777777774,139.41656805555556,2,3,,,,
1,30,885,404,2,0,1,30000,0,212,2020,12,10,16,55,21,,,,,1,2,1,1,7,9,22,0,23,15,9,30,70,4,1,1,25,25,3,61,31,0,,,,,,,3,0,50,0,3,0,2,0,2,0,4,2,35.65880444444444,139.38182861111113,5,3,,,,
1,30,885,405,2,0,1,30000,0,212,2020,12,6,15,15,12,,,,,1,2,1,14,7,0,23,0,23,2,9,1,70,4,2,1,1,65,51,61,0,0,,,,,,,0,0,10,0,3,0,0,0,0,0,4,2,35.66542888888889,139.40706277777778,1,3,,,,
1,30,885,410,2,0,1,30000,0,212,2020,12,16,18,55,22,,,,,1,2,1,1,1,9,22,0,23,14,8,30,70,4,2,1,35,45,36,61,31,0,,,,,,,10,0,10,0,4,0,0,0,0,0,4,2,35.65188722222222,139.4164538888889,4,3,,,,
1,30,885,413,2,0,1,20890,0,212,2020,12,21,5,50,23,,,,,1,3,1,7,1,0,23,0,23,4,9,20,70,5,2,1,35,55,4,61,31,0,,,,,,,3,0,10,0,3,0,2,0,2,0,4,2,35.6732425,139.38334,2,3,,,,
1,30,885,423,2,0,1,21200,0,212,2020,12,28,9,5,12,,,,,1,3,1,7,1,0,23,0,23,4,9,1,70,5,2,1,45,1,3,61,31,0,,,,,,,3,0,60,0,3,0,2,0,2,0,4,2,35.6532975,139.37999694444446,2,3,,,,
1,30,885,424,2,0,1,10510,0,212,2020,11,18,20,20,22,,,,,2,3,1,1,1,9,22,0,23,15,9,30,70,4,1,1,25,25,4,61,31,0,,,,,,,3,0,10,0,3,0,2,0,2,0,4,2,35.6632575,139.40666305555555,4,3,,,,
1,30,886,388,1,1,0,20000,0,207,2020,12,21,0,5,22,,,,,1,1,1,1,1,9,22,0,23,14,9,30,70,5,2,1,65,25,4,61,31,0,,,,,,,3,0,10,0,3,0,2,0,2,0,4,1,35.719683611111115,139.38301083333334,2,3,,,,
1,30,886,396,2,0,1,160,468,207,2020,12,7,16,35,21,,,,,1,1,1,1,1,9,21,0,23,18,9,30,70,1,2,1,65,75,3,61,31,0,,,,,,,2,0,20,0,3,0,2,0,2,0,4,2,35.70662111111111,139.34825500000002,2,3,,,,
1,30,886,416,2,0,1,30810,0,207,2020,12,16,7,44,12,,,,,1,2,1,14,7,0,23,0,23,2,9,1,70,4,2,1,1,1,51,61,0,0,,,,,,,0,0,10,0,3,0,0,0,0,0,4,2,35.71848361111111,139.34467694444444,4,3,,,,
1,30,887,595,2,0,1,30000,0,202,2020,12,6,19,30,22,,,,,1,1,1,14,7,0,23,0,23,2,9,1,70,4,2,1,55,35,3,61,31,0,,,,,,,2,0,40,0,3,0,2,0,2,0,4,2,35.72546694444445,139.3705463888889,1,3,,,,
1,30,887,603,2,0,1,10000,0,202,2020,12,10,8,20,12,,,,,1,1,1,7,1,0,23,0,23,1,9,1,70,5,2,1,75,35,51,61,0,0,,,,,,,0,0,10,0,4,0,0,0,0,0,4,2,35.7055675,139.41311861111112,5,3,,,,
1,30,887,604,2,0,1,30000,0,215,2020,12,10,11,15,12,,,,,1,1,1,1,7,1,21,0,23,14,9,30,70,5,3,1,65,75,3,61,31,0,,,,,,,2,0,10,0,4,0,2,0,2,0,4,2,35.697427777777776,139.44433194444446,5,3,,,,
1,30,887,614,2,0,1,30000,0,215,2020,12,15,10,5,12,,,,,1,1,1,1,7,1,21,0,23,15,9,30,70,4,3,1,45,75,13,61,31,0,,,,,,,10,0,10,0,4,0,2,0,2,0,4,2,35.68266527777777,139.44653694444446,3,3,,,,
1,30,887,619,2,0,1,95000,0,215,2020,12,18,8,45,12,,,,,1,1,1,1,1,9,22,0,23,18,9,30,70,1,1,1,45,65,3,61,31,0,,,,,,,4,0,50,0,3,0,2,0,2,0,4,2,35.67570805555555,139.44593472222223,6,3,,,,
1,30,887,620,2,0,1,99000,0,202,2020,12,18,11,25,12,,,,,1,2,1,0,7,0,23,0,23,0,0,20,70,0,4,1,65,1,51,61,0,0,,,,,,,0,0,10,0,3,0,0,0,0,0,4,2,35.701950833333335,139.41247222222222,6,3,,,,
1,30,887,629,2,0,1,30000,0,215,2020,12,22,12,30,12,,,,,1,2,1,1,1,9,22,0,23,11,7,30,70,5,2,1,75,65,3,61,31,0,,,,,,,3,0,10,0,3,0,2,0,2,0,4,2,35.7001025,139.43435944444445,3,3,,,,
1,30,887,636,2,0,2,99000,0,202,2020,12,25,16,10,13,,,,,1,1,1,0,7,0,23,0,23,0,0,20,70,0,4,1,45,1,4,61,31,0,,,,,,,10,0,12,0,3,0,2,0,2,0,4,2,35.72638083333334,139.42620722222222,6,3,,,,
1,30,887,638,2,0,1,30000,0,215,2020,12,26,12,30,12,,,,,1,2,1,1,7,1,21,0,23,11,9,30,70,5,3,1,45,75,3,61,31,0,,,,,,,2,0,30,0,3,0,2,0,2,0,4,2,35.69753972222222,139.4481075,7,3,,,,
1,30,887,639,2,0,1,30000,0,202,2020,12,26,18,30,22,,,,,1,2,1,13,7,0,23,0,23,2,3,1,70,5,3,1,55,65,4,61,31,0,,,,,,,5,0,20,0,3,0,2,0,2,0,4,2,35.71699944444445,139.42115944444444,7,3,,,,
1,30,887,644,2,0,1,30000,0,215,2020,12,31,14,25,12,,,,,1,1,1,1,7,1,22,0,23,14,9,30,70,4,2,1,35,35,3,61,31,0,,,,,,,1,0,10,0,3,0,2,0,2,0,4,2,35.676991944444445,139.4408961111111,5,2,,,,
1,30,888,261,2,0,1,30000,0,206,2020,12,9,8,40,12,,,,,2,1,1,1,7,9,22,0,23,11,9,20,70,5,2,1,35,1,51,61,0,0,,,,,,,0,0,10,0,4,0,0,0,0,0,4,2,35.67348138888889,139.47904444444444,4,3,,,,
1,30,888,263,2,0,1,200,294,206,2020,12,2,18,15,22,,,,,3,1,2,7,1,0,23,0,23,5,9,1,70,4,2,1,35,55,4,61,31,0,,,,,,,4,0,10,0,3,0,2,0,2,0,4,2,35.671144444444444,139.48974833333332,4,3,,,,
1,30,888,269,2,0,1,30000,0,206,2020,11,26,11,30,12,,,,,1,1,1,1,1,9,22,0,23,14,9,30,70,5,2,1,35,75,13,61,1,0,,,,,,,3,0,20,0,4,0,2,0,2,0,4,2,35.66664361111111,139.50438472222223,5,3,,,,
1,30,888,275,2,0,1,30000,0,206,2020,12,22,7,50,12,,,,,1,1,1,14,7,0,23,0,23,2,9,1,70,5,2,1,25,1,4,61,31,0,,,,,,,2,0,40,0,4,0,2,0,2,0,4,2,35.65956972222222,139.45701805555555,3,3,,,,
1,30,888,280,2,0,1,30000,0,206,2020,12,9,11,55,12,,,,,2,1,1,14,7,0,23,0,23,4,9,1,70,5,2,1,45,45,51,61,0,0,,,,,,,0,0,20,0,4,0,0,0,0,0,4,2,35.662550555555555,139.46975333333333,4,3,,,,
1,30,888,284,2,0,1,95000,0,206,2020,12,27,1,10,22,,,,,1,1,1,1,7,9,22,0,23,14,9,30,70,5,2,1,45,25,3,61,1,0,,,,,,,2,0,30,0,3,0,2,0,2,0,4,2,35.67283388888889,139.480605,1,3,,,,
1,30,889,294,2,0,1,20880,0,210,2020,12,2,17,58,22,,,,,3,1,2,1,1,9,22,0,23,14,9,30,70,4,2,1,35,1,3,61,31,0,,,,,,,3,0,10,0,4,0,2,0,2,0,4,2,35.699171666666665,139.50154111111112,4,3,,,,
1,30,889,297,2,0,1,30000,0,214,2020,12,8,18,10,22,,,,,1,1,1,1,7,9,22,0,23,14,9,30,70,5,1,1,45,55,35,61,31,0,,,,,,,3,0,10,0,3,0,0,0,0,0,4,2,35.70532,139.45578694444444,3,3,,,,
1,30,889,298,2,0,1,30000,0,210,2020,12,11,12,11,12,,,,,1,1,1,1,1,9,22,0,23,15,9,30,70,4,2,1,25,75,1,61,1,0,,,,,,,3,0,40,0,3,0,2,0,2,0,4,2,35.70133333333334,139.50530361111112,6,3,,,,
1,30,889,299,2,0,1,95000,0,210,2020,11,18,7,15,11,,,,,1,1,1,14,7,0,23,0,23,2,9,1,70,5,4,1,55,55,51,61,0,0,,,,,,,0,0,10,0,3,0,0,0,0,0,4,2,35.70762638888889,139.50339222222223,4,3,,,,
1,30,889,300,2,0,1,30000,0,210,2020,11,20,18,5,22,,,,,1,1,1,14,7,0,23,0,23,2,9,1,70,5,4,1,35,55,51,61,0,0,,,,,,,0,0,20,0,3,0,0,0,0,0,4,2,35.69510611111111,139.51858722222224,6,3,,,,
1,30,889,302,2,0,1,10560,0,210,2020,12,18,6,50,11,,,,,1,1,1,7,1,0,23,0,23,3,9,1,70,4,1,1,35,0,61,0,0,0,,,,,,,0,0,0,0,0,0,0,0,0,0,2,0,35.70068361111112,139.50722,6,3,,,,
1,30,889,304,2,0,1,30000,0,214,2020,12,22,9,25,12,,,,,1,1,1,1,1,9,22,0,23,17,9,30,70,4,1,1,25,25,3,61,31,0,,,,,,,2,0,10,0,3,0,2,0,2,0,4,2,35.70507666666667,139.47673722222223,3,3,,,,
1,30,889,305,2,0,1,30000,0,214,2020,12,22,13,0,12,,,,,1,1,1,1,7,9,22,0,23,11,9,30,70,4,2,1,1,35,3,61,31,0,,,,,,,2,0,20,0,3,0,2,0,2,0,4,2,35.71121055555556,139.44996222222224,3,3,,,,
1,30,889,312,2,0,1,30000,0,214,2020,12,15,17,50,22,,,,,1,1,1,14,7,0,23,0,23,2,9,1,70,5,3,1,35,45,3,61,31,0,,,,,,,1,0,20,0,4,0,2,0,2,0,4,2,35.71071805555556,139.46490916666664,3,3,,,,
1,30,889,313,2,0,1,30000,0,214,2020,12,30,6,55,11,,,,,2,1,1,14,7,0,23,0,23,1,9,1,70,5,4,1,25,25,51,61,0,0,,,,,,,0,0,10,0,3,0,0,0,0,0,4,2,35.707834444444444,139.48244472222223,4,3,,,,
1,30,889,314,2,0,1,30000,0,214,2020,12,23,15,25,12,,,,,1,1,1,14,7,0,23,0,23,2,9,1,70,5,4,1,1,75,51,61,0,0,,,,,,,0,0,10,0,3,0,0,0,0,0,4,2,35.69004666666666,139.4674361111111,4,3,,,,
1,30,890,421,2,0,1,30000,0,229,2020,11,7,8,25,12,,,,,2,1,1,1,7,0,23,0,23,11,9,30,70,5,3,1,1,0,61,0,0,0,,,,,,,0,0,0,0,0,0,0,0,0,0,2,0,35.742000000000004,139.54751694444445,7,3,,,,
1,30,890,429,2,0,1,30000,0,229,2020,12,3,5,55,23,,,,,2,1,2,1,1,9,22,0,23,11,9,30,70,4,2,1,45,55,13,61,31,0,,,,,,,2,0,50,0,3,0,2,0,2,0,4,2,35.7555725,139.56680138888888,5,3,,,,
1,30,890,442,2,0,1,20000,0,222,2020,12,18,22,25,22,,,,,1,1,1,1,1,9,22,0,23,11,9,30,70,4,2,1,45,35,3,61,31,0,,,,,,,3,0,50,0,3,0,2,0,2,0,4,2,35.76213416666667,139.54223861111112,6,3,,,,