資料区分,都道府県コード,警察署等コード,本票番号,事故内容,死者数,負傷者数,路線コード,地点コード,市区町村コード,発生日時　　年,発生日時　　月,発生日時　　日,発生日時　　時,発生日時　　分,昼夜,日の出時刻　　時,日の出時刻　　分,日の入り時刻　　時,日の入り時刻　　分,天候,地形,路面状態,道路形状,信号機,一時停止規制　標識（当事者A）,一時停止規制　表示（当事者A）,一時停止規制　標識（当事者B）,一時停止規制　表示（当事者B）,車道幅員,道路線形,衝突地点,ゾーン規制,中央分離帯施設等,歩車道区分,事故類型,年齢（当事者A）,年齢（当事者B）,当事者種別（当事者A）,当事者種別（当事者B）,用途別（当事者A）,用途別（当事者B）,車両形状等（当事者A）,車両形状等（当事者B）,オートマチック車（当事者A）,オートマチック車（当事者B）,サポカー（当事者A）,サポカー（当事者B）,速度規制（指定のみ）（当事者A）,速度規制（指定のみ）（当事者B）,車両の衝突部位（当事者A）,車両の衝突部位（当事者B）,車両の損壊程度（当事者A）,車両の損壊程度（当事者B）,エアバッグの装備（当事者A）,エアバッグの装備（当事者B）,サイドエアバッグの装備（当事者A）,サイドエアバッグの装備（当事者B）,人身損傷程度（当事者A）,人身損傷程度（当事者B）,lat,lon,曜日(発生年月日),祝日(発生年月日),認知機能検査経過日数（当事者A）,認知機能検査経過日数（当事者B）,運転練習の方法（当事者A）,運転練習の方法（当事者B）
1,30,890,444,2,0,1,30000,0,229,2020,12,21,13,30,12,,,,,1,1,1,1,1,9,22,0,23,14,9,30,70,4,2,1,65,35,3,61,31,0,,,,,,,2,0,10,0,3,0,2,0,2,0,4,2,35.72225027777778,139.562275,2,3,,,,
1,30,890,451,2,0,1,95000,0,229,2020,9,5,13,28,12,,,,,1,1,1,14,7,0,23,0,23,2,9,1,70,5,3,1,65,45,4,61,31,0,,,,,,,2,0,40,0,3,0,2,0,2,0,4,2,35.75299972222222,139.5474275,7,3,,,,
1,30,890,456,2,0,1,30000,0,222,2020,12,26,23,20,22,,,,,1,1,1,1,7,9,22,0,23,11,9,30,70,4,2,1,55,65,3,61,31,0,,,,,,,2,0,10,0,3,0,2,0,2,0,4,2,35.752895277777775,139.49702472222222,7,3,,,,
1,30,890,468,2,0,1,30000,0,229,2020,12,9,11,51,12,,,,,2,1,1,14,7,0,23,0,23,2,9,1,70,5,3,1,75,1,3,61,31,0,,,,,,,2,0,10,0,3,0,2,0,2,0,4,2,35.749903055555556,139.5400938888889,4,3,,,,
1,30,890,472,2,0,1,30000,0,222,2020,12,18,6,10,23,,,,,1,1,1,1,7,9,22,0,23,11,9,30,70,5,3,1,55,55,4,61,31,0,,,,,,,2,0,40,0,3,0,2,0,2,0,4,2,35.74877111111111,139.5338486111111,6,3,,,,
1,30,891,288,2,0,1,10500,0,213,2020,12,3,12,29,12,,,,,2,1,1,1,1,9,22,0,23,14,9,30,70,4,2,1,75,75,3,61,31,0,,,,,,,3,0,10,0,3,0,2,0,2,0,4,2,35.76831194444444,139.47218694444445,5,3,,,,
1,30,891,292,2,0,1,10590,0,221,2020,12,10,16,50,21,,,,,2,1,1,1,1,9,22,0,23,18,9,30,70,4,2,1,35,1,14,61,31,0,,,,,,,3,0,10,0,3,0,2,0,2,0,4,2,35.776446388888886,139.5179388888889,5,3,,,,
1,30,891,293,2,0,1,95000,0,213,2020,12,10,22,5,22,,,,,1,1,1,1,1,9,22,0,23,15,9,30,70,4,2,1,55,35,3,61,31,0,,,,,,,3,0,40,0,3,0,2,0,2,0,4,2,35.76085694444444,139.46712472222222,5,3,,,,
1,30,891,296,2,0,1,95000,0,221,2020,12,14,15,30,13,,,,,1,1,1,1,1,9,22,0,23,18,7,20,70,4,3,1,25,1,4,61,31,0,,,,,,,1,0,80,0,3,0,2,0,2,0,4,2,35.77582722222222,139.52614194444445,2,3,,,,
1,30,891,307,2,0,1,30000,0,213,2020,12,27,19,5,22,,,,,1,1,1,1,7,1,21,0,23,11,9,30,70,4,3,1,45,55,14,61,1,0,,,,,,,2,0,10,0,3,0,2,0,2,0,4,2,35.76199972222222,139.46519027777777,1,3,,,,
1,30,892,187,2,0,1,30000,0,203,2020,11,10,19,0,22,,,,,1,1,1,14,7,0,23,0,23,3,9,1,70,5,3,1,45,75,3,61,31,0,,,,,,,10,0,40,0,3,0,2,0,2,0,4,2,35.70506166666667,139.55997027777778,3,3,,,,
1,30,892,192,2,0,1,20270,0,203,2020,12,18,7,30,11,,,,,1,1,1,7,1,0,23,0,23,3,9,1,70,4,2,1,25,45,51,61,0,0,,,,,,,0,0,10,0,3,0,0,0,0,0,4,2,35.70238833333334,139.57911777777778,6,3,,,,
1,30,892,197,2,0,1,20230,0,203,2020,11,21,8,20,12,,,,,1,1,1,14,7,0,23,0,23,4,9,1,70,4,2,1,25,55,51,61,0,0,,,,,,,0,0,40,0,4,0,0,0,0,0,4,2,35.70196888888889,139.57646027777778,7,3,,,,
1,30,892,198,2,0,1,30000,0,203,2020,12,23,10,10,12,,,,,1,1,1,1,7,8,22,0,23,14,9,30,70,5,2,1,55,35,3,61,1,0,,,,,,,10,0,40,0,4,0,2,0,2,0,4,2,35.70149916666667,139.58271805555555,4,3,,,,
1,30,893,308,2,0,1,20900,0,204,2020,12,2,18,0,22,,,,,3,1,2,14,7,0,23,0,23,2,9,1,70,4,2,1,55,35,4,61,31,0,,,,,,,3,0,10,0,3,0,2,0,2,0,4,2,35.69510472222222,139.53519138888888,4,3,,,,
1,30,893,310,2,0,1,30000,0,204,2020,12,4,14,15,12,,,,,1,1,1,1,7,9,22,0,23,11,3,30,70,5,3,1,65,55,13,61,31,0,,,,,,,2,0,20,0,3,0,2,0,2,0,4,2,35.66154722222222,139.57560999999998,6,3,,,,
1,30,893,313,2,0,1,10750,0,204,2020,12,9,14,46,12,,,,,2,1,1,1,1,9,22,0,23,18,9,30,70,1,2,1,65,1,13,61,31,0,,,,,,,4,0,10,0,3,0,2,0,2,0,4,2,35.683236944444445,139.5870252777778,4,3,,,,
1,30,893,315,2,0,1,30000,0,204,2020,11,24,10,20,12,,,,,2,1,1,1,1,9,22,0,23,11,9,30,70,5,3,1,45,1,14,61,31,0,,,,,,,2,0,18,0,4,0,2,0,2,0,4,2,35.689792777777775,139.5858763888889,3,3,,,,
1,30,893,323,2,0,1,20880,0,204,2020,12,22,11,0,12,,,,,1,1,1,1,7,9,22,0,23,14,9,30,70,4,2,1,65,65,51,61,0,0,,,,,,,0,0,10,0,3,0,0,0,0,0,4,2,35.69177111111111,139.5664175,3,3,,,,
1,30,893,328,2,0,1,30000,0,204,2020,12,12,14,25,12,,,,,1,1,1,14,7,0,23,0,23,3,9,1,70,5,4,1,35,35,3,61,31,0,,,,,,,1,0,40,0,3,0,2,0,2,0,4,2,35.68015361111111,139.58604722222222,7,3,,,,
1,30,893,332,2,0,1,20880,0,204,2020,12,29,20,8,22,,,,,1,1,1,14,7,0,23,0,23,3,9,1,70,4,2,1,45,45,51,61,0,0,,,,,,,0,0,40,0,4,0,0,0,0,0,4,2,35.6950825,139.5439638888889,3,3,,,,
1,30,894,438,2,0,1,30840,0,208,2020,11,27,2,58,22,,,,,1,1,1,1,1,1,22,0,23,11,9,30,70,4,1,1,35,25,3,61,31,0,,,,,,,2,0,50,0,3,0,2,0,2,0,4,2,35.65355527777778,139.53196944444446,6,3,,,,
1,30,894,446,2,0,1,30000,0,208,2020,12,18,18,30,22,,,,,1,1,1,1,7,9,22,0,23,11,9,30,70,5,2,1,65,55,3,61,31,0,,,,,,,10,0,60,0,3,0,2,0,2,0,4,2,35.649188333333335,139.55120944444445,6,3,,,,
1,30,894,448,2,0,1,30000,0,208,2020,12,6,9,10,12,,,,,1,1,1,14,7,0,23,0,23,2,9,20,70,5,4,1,1,45,51,61,0,0,,,,,,,0,0,10,0,3,0,0,0,0,0,4,2,35.64064722222222,139.5406025,1,3,,,,
1,30,894,458,2,0,1,95000,0,219,2020,12,23,7,45,11,,,,,1,1,1,7,7,0,23,0,23,3,9,1,70,5,3,1,55,75,4,61,31,0,,,,,,,2,0,10,0,3,0,2,0,2,0,4,2,35.647505833333334,139.57365833333333,4,3,,,,
1,30,894,462,2,0,1,30000,0,208,2020,12,26,17,10,21,,,,,1,1,1,1,1,9,22,0,23,11,9,30,70,4,3,1,65,75,3,61,31,0,,,,,,,2,0,50,0,3,0,2,0,2,0,4,2,35.65577361111111,139.5538686111111,7,3,,,,
1,30,894,463,2,0,1,30840,0,208,2020,12,15,16,5,13,,,,,1,1,1,14,7,0,23,0,23,3,9,20,70,4,2,1,65,45,14,61,31,0,,,,,,,3,0,40,0,3,0,2,0,2,0,4,2,35.65464444444444,139.57323194444444,3,3,,,,
1,30,894,466,2,0,1,95000,0,208,2020,12,22,13,40,12,,,,,1,1,1,1,7,9,22,0,23,11,9,30,70,5,4,1,55,25,13,61,1,0,,,,,,,2,0,80,0,3,0,2,0,2,0,4,2,35.64586111111111,139.54147527777778,3,3,,,,
1,30,895,239,2,0,1,30000,0,211,2020,12,5,18,30,22,,,,,1,1,1,1,7,9,22,0,23,14,9,30,70,4,2,1,35,35,3,61,31,0,,,,,,,3,0,10,0,4,0,2,0,2,0,4,2,35.7335275,139.44441333333333,7,3,,,,
1,30,895,253,2,0,1,20000,0,211,2020,12,11,7,45,12,,,,,1,1,1,1,7,9,22,0,23,14,9,30,70,4,2,1,45,35,14,61,1,0,,,,,,,10,0,10,0,3,0,2,0,2,0,4,2,35.73778027777778,139.49555166666664,6,3,,,,
1,30,895,254,2,0,1,30000,0,211,2020,12,28,10,58,12,,,,,1,1,1,1,7,9,22,0,23,11,4,30,70,5,2,1,35,45,3,61,31,0,,,,,,,5,0,80,0,3,0,2,0,2,0,4,2,35.72761555555556,139.5142913888889,2,3,,,,
1,30,896,3,2,0,1,20000,0,361,2020,12,17,17,25,21,,,,,1,1,1,14,7,0,23,0,23,3,9,1,70,4,2,1,55,55,14,61,31,0,,,,,,,3,0,10,0,3,0,2,0,2,0,4,2,34.758851944444444,139.3582888888889,5,3,,,,
1,30,100,2,2,0,1,30000,0,101,2021,1,3,9,40,12,,,,,1,1,1,7,7,0,23,0,23,3,9,1,1,5,1,1,35,45,3,61,31,0,,,,,,,2,0,10,0,3,0,2,0,2,0,4,2,35.699703888888884,139.7477786111111,1,3,,,,
1,30,100,7,2,0,1,30000,0,101,2021,1,21,18,0,22,,,,,1,1,1,1,7,9,22,0,23,14,9,30,1,4,2,1,35,55,3,61,1,0,,,,,,,2,0,10,0,3,0,2,0,2,0,4,2,35.684598611111106,139.74279249999998,5,3,,,,
1,30,100,8,2,0,1,10050,0,101,2021,1,22,15,30,12,,,,,1,1,1,14,7,0,23,0,23,5,9,1,70,4,2,1,55,35,3,61,31,0,,,,,,,3,0,30,0,4,0,2,0,2,0,4,2,35.692230277777774,139.73980361111109,6,3,,,,
1,30,101,7,2,0,1,10110,0,101,2021,1,25,18,17,22,,,,,1,1,1,1,1,9,22,0,23,18,9,30,70,1,2,1,45,35,3,61,1,0,,,,,,,10,0,10,0,4,0,2,0,2,0,4,2,35.68724388888889,139.7619486111111,2,3,,,,
1,30,102,1,2,0,1,30000,0,101,2020,12,24,14,11,12,,,,,2,1,1,1,7,9,22,0,23,14,9,30,70,5,4,1,45,55,14,61,1,0,,,,,,,10,0,10,0,3,0,2,0,2,0,4,2,35.69160888888889,139.76227972222222,5,3,,,,
1,30,102,2,2,0,1,20090,0,101,2021,1,3,13,28,12,,,,,1,1,1,1,1,9,22,0,23,19,9,30,70,1,1,1,35,55,13,61,31,0,,,,,,,4,0,10,0,4,0,2,0,2,0,4,2,35.695142499999996,139.76749472222224,1,3,,,,
1,30,102,4,2,0,1,30000,0,101,2021,1,18,6,10,23,,,,,1,1,1,1,1,9,22,0,23,17,9,30,70,5,1,1,55,75,3,61,31,0,,,,,,,3,0,10,0,3,0,2,0,2,0,4,2,35.69381111111111,139.76097833333333,2,3,,,,
1,30,102,9,2,0,1,20090,0,101,2021,1,30,11,15,12,,,,,1,1,1,1,1,9,22,0,23,19,9,30,70,1,1,1,25,75,11,61,31,0,,,,,,,4,0,10,0,4,0,2,0,2,0,4,2,35.692076388888886,139.76746722222222,7,3,,,,
1,30,103,1,1,1,0,10050,0,101,2021,1,2,21,10,22,,,,,1,1,1,1,1,9,22,0,23,19,9,30,70,5,1,1,45,75,3,61,31,0,,,,,,,10,0,10,0,2,0,2,0,2,0,4,1,35.69570972222222,139.7706716666667,7,3,,,,
1,30,103,6,2,0,1,10290,0,101,2021,1,23,18,23,22,,,,,3,1,2,1,1,9,22,0,23,18,9,30,70,4,2,1,55,55,3,61,31,0,,,,,,,4,0,50,0,3,0,2,0,2,0,4,2,35.70299722222222,139.77191027777778,7,3,,,,
1,30,103,7,2,0,1,30000,0,101,2021,1,29,12,50,12,,,,,1,1,1,14,7,0,23,0,23,3,9,1,70,5,3,1,1,45,51,61,0,0,,,,,,,0,0,10,0,3,0,0,0,0,0,4,2,35.69721416666666,139.77701861111112,6,3,,,,
1,30,104,15,2,0,1,30000,0,102,2021,1,29,17,0,13,,,,,1,1,1,1,7,1,21,0,23,15,9,30,70,5,2,1,55,25,3,61,1,0,,,,,,,2,0,10,0,4,0,2,0,2,0,4,2,35.68193083333333,139.7716527777778,6,3,,,,
1,30,105,4,2,0,1,30000,0,102,2021,1,22,8,10,12,,,,,1,1,1,1,7,9,22,0,23,17,9,30,70,5,2,1,35,45,51,61,0,0,,,,,,,0,0,10,0,3,0,0,0,0,0,4,2,35.68364361111111,139.78287277777778,6,3,,,,
1,30,106,4,2,0,1,30000,0,102,2020,11,8,14,42,12,,,,,1,1,1,1,7,9,22,0,23,15,9,30,70,5,2,1,25,25,4,61,31,0,,,,,,,5,0,10,0,3,0,2,0,2,0,4,2,35.66905333333333,139.76139722222223,1,3,,,,
1,30,106,13,2,0,1,95000,0,102,2021,1,29,17,45,21,,,,,1,1,3,0,7,0,23,0,23,0,0,20,70,0,4,1,45,65,4,61,31,0,,,,,,,1,0,80,0,4,0,2,0,2,0,4,2,35.66479972222222,139.76806861111112,6,3,,,,
1,30,106,14,2,0,1,30000,0,102,2021,1,21,17,50,21,,,,,2,1,1,7,7,0,23,0,23,4,9,1,70,5,2,1,65,45,3,61,1,0,,,,,,,3,0,10,0,4,0,2,0,2,0,4,2,35.675525,139.76622416666666,5,3,,,,
1,30,106,15,2,0,1,30000,0,102,2020,12,10,11,45,12,,,,,1,1,1,1,7,9,22,0,23,11,9,30,70,5,2,1,75,45,3,61,31,0,,,,,,,5,0,10,0,3,0,2,0,2,0,4,2,35.67402111111111,139.7702125,5,3,,,,
1,30,106,16,2,0,1,30000,0,102,2020,12,19,0,49,22,,,,,1,1,1,1,7,1,21,0,23,11,9,30,70,5,2,1,65,35,3,61,1,0,,,,,,,5,0,20,0,4,0,2,0,2,0,4,2,35.67136444444444,139.76037527777777,7,3,,,,
1,30,108,6,2,0,1,10640,0,103,2021,1,5,13,45,12,,,,,2,1,1,14,7,0,23,0,23,4,9,1,70,4,1,1,65,55,3,61,1,0,,,,,,,3,0,40,0,4,0,2,0,2,0,4,2,35.664566388888886,139.74964444444444,3,3,,,,
1,30,109,3,2,0,1,10,59,103,2020,12,30,21,40,22,,,,,1,1,1,1,1,9,22,0,23,19,9,30,70,5,2,1,65,55,3,61,1,0,,,,,,,1,0,10,0,3,0,2,0,2,0,4,2,35.65412027777778,139.74537638888887,4,3,,,,
1,30,109,4,2,0,1,10,30,103,2020,12,19,19,5,22,,,,,1,1,1,14,7,0,23,0,23,5,9,1,70,4,2,1,45,55,51,61,0,0,,,,,,,0,0,10,0,3,0,0,0,0,0,4,2,35.64748194444444,139.74078361111108,7,3,,,,
1,30,109,6,2,0,1,30000,0,103,2021,1,8,9,20,12,,,,,1,1,1,14,7,0,23,0,23,2,9,1,70,4,2,1,55,55,13,61,31,0,,,,,,,2,0,10,0,3,0,2,0,2,0,4,2,35.64048888888889,139.74563555555554,6,3,,,,
1,30,109,10,2,0,1,30000,0,103,2021,1,21,9,4,12,,,,,1,1,1,1,7,9,22,0,23,14,9,30,70,5,4,1,55,45,13,61,31,0,,,,,,,10,0,10,0,3,0,2,0,2,0,4,2,35.643947777777775,139.75617722222222,5,3,,,,
1,30,110,2,2,0,1,20000,0,103,2021,1,7,18,35,22,,,,,1,1,1,1,1,9,22,0,23,18,9,30,70,1,2,1,35,45,3,61,1,0,,,,,,,4,0,50,0,3,0,2,0,2,0,4,2,35.633923055555556,139.73813944444444,5,3,,,,
1,30,110,7,2,0,1,10,86,103,2021,1,24,17,40,21,,,,,3,1,2,1,1,9,22,0,23,18,9,30,70,1,1,1,65,35,3,61,1,0,,,,,,,5,0,10,0,3,0,2,0,2,0,4,2,35.63570861111111,139.73137027777778,1,3,,,,
1,30,110,10,2,0,1,10,90,103,2021,1,30,18,10,22,,,,,1,1,1,1,1,9,22,0,23,18,9,30,70,1,1,1,55,1,3,61,31,0,,,,,,,10,0,50,0,3,0,2,0,2,0,4,2,35.63241583333333,139.7307825,7,3,,,,
1,30,111,6,2,0,1,30000,0,103,2021,1,24,2,28,22,,,,,3,1,2,14,7,0,23,0,23,3,7,1,70,4,2,1,55,1,3,61,31,0,,,,,,,2,0,10,0,3,0,2,0,2,0,4,2,35.657606666666666,139.73610499999998,1,3,,,,
1,30,111,7,2,0,1,30000,0,103,2021,1,24,16,58,13,,,,,2,1,1,1,7,9,22,0,23,11,9,30,70,5,3,1,65,35,3,61,1,0,,,,,,,10,0,20,0,3,0,2,0,2,0,4,2,35.660802777777775,139.72230416666667,1,3,,,,
1,30,111,8,2,0,1,30000,0,103,2021,1,4,14,23,12,,,,,1,1,1,14,7,0,23,0,23,3,8,1,70,4,2,1,55,45,3,61,1,0,,,,,,,3,0,10,0,3,0,2,0,2,0,4,2,35.65132527777778,139.72372722222224,2,3,,,,
1,30,112,4,2,0,1,30000,0,103,2021,1,7,16,35,13,,,,,1,1,1,14,7,0,23,0,23,4,9,1,70,4,1,1,55,1,3,61,1,0,,,,,,,3,0,40,0,4,0,2,0,2,0,4,2,35.67227527777778,139.7259361111111,5,3,,,,
1,30,112,5,2,0,1,30000,0,103,2021,1,8,20,57,22,,,,,1,1,1,14,7,0,23,0,23,3,9,1,70,5,2,1,45,25,3,61,1,0,,,,,,,5,0,40,0,4,0,2,0,2,0,4,2,35.67533694444444,139.73602333333332,6,3,,,,
1,30,113,5,2,0,1,30000,0,103,2020,12,22,16,15,13,,,,,1,1,1,14,7,0,23,0,23,1,9,1,70,1,2,1,55,25,51,61,0,0,,,,,,,0,0,10,0,3,0,0,0,0,0,4,2,35.62837277777778,139.77567555555558,3,3,,,,
1,30,113,19,2,0,1,30000,0,108,2021,1,17,18,58,22,,,,,1,1,1,1,1,9,22,0,23,19,9,30,70,1,1,1,65,35,2,61,1,0,,,,,,,5,0,10,0,3,0,2,0,2,0,4,2,35.644661944444444,139.82709,1,3,,,,
1,30,113,27,2,0,1,99000,0,108,2021,1,25,13,30,12,,,,,1,1,1,0,7,0,23,0,23,0,0,20,70,0,4,1,25,25,11,61,1,0,,,,,,,10,0,20,0,3,0,2,0,2,0,4,2,35.61405083333334,139.78721694444445,2,3,,,,
1,30,113,31,2,0,1,30000,0,108,2021,1,26,15,55,12,,,,,2,1,1,1,7,9,22,0,23,18,9,30,70,4,2,1,45,75,17,61,1,0,,,,,,,10,0,50,0,3,0,2,0,2,0,4,2,35.64343888888889,139.80088444444445,3,3,,,,
1,30,215,3,2,0,1,10070,0,109,2021,1,30,10,5,12,,,,,1,1,1,1,1,9,22,0,23,15,9,30,70,5,2,1,55,45,12,61,1,0,,,,,,,4,0,10,0,3,0,2,0,2,0,4,2,35.615395,139.7478422222222,7,3,,,,
1,30,216,2,2,0,1,150,110,109,2021,1,12,15,45,12,,,,,2,1,1,1,1,9,22,0,23,17,9,30,70,1,2,1,55,25,14,61,1,0,,,,,,,5,0,40,0,4,0,2,0,2,0,4,2,35.59711111111111,139.7376436111111,3,3,,,,
1,30,217,3,2,0,1,30120,0,109,2021,1,7,13,35,12,,,,,1,1,1,14,7,0,23,0,23,1,9,1,70,4,2,1,35,45,51,61,0,0,,,,,,,0,0,11,0,3,0,0,0,0,0,4,2,35.6349825,139.71513583333333,5,3,,,,
1,30,217,7,2,0,1,10080,0,109,2021,1,11,16,25,13,,,,,1,1,1,1,1,9,22,0,23,17,9,30,70,5,1,1,45,1,3,61,31,0,,,,,,,5,0,10,0,4,0,2,0,2,0,4,2,35.634925833333334,139.7161788888889,2,1,,,,
1,30,218,1,1,1,0,30000,0,109,2021,1,13,7,1,11,,,,,1,1,1,1,1,9,22,0,23,15,9,30,70,5,3,1,35,65,3,61,31,0,,,,,,,2,0,10,0,3,0,2,0,2,0,4,1,35.62045027777778,139.70785555555554,4,3,,,,
1,30,218,3,2,0,1,10,126,109,2020,11,6,8,40,12,,,,,1,1,1,1,1,9,22,0,23,19,9,30,70,5,1,1,35,75,51,61,0,0,,,,,,,0,0,40,0,3,0,0,0,0,0,4,2,35.60465888888889,139.71341277777776,6,3,,,,
1,30,218,4,2,0,1,10,115,109,2020,11,7,17,57,22,,,,,3,1,2,1,1,9,22,0,23,19,9,30,70,5,1,1,35,1,17,61,31,0,,,,,,,5,0,10,0,3,0,2,0,2,0,4,2,35.61396388888889,139.71610916666666,7,3,,,,
1,30,218,11,2,0,1,90000,0,109,2021,1,6,6,25,23,,,,,1,1,1,14,7,0,23,0,23,2,7,1,70,5,4,1,45,75,3,61,31,0,,,,,,,10,0,30,0,4,0,2,0,2,0,4,2,35.62103416666667,139.7138311111111,4,3,,,,
1,30,218,15,2,0,1,10170,0,109,2021,1,12,21,35,22,,,,,2,1,1,1,1,9,22,0,23,18,9,30,70,1,1,1,45,25,3,61,31,0,,,,,,,4,0,10,0,3,0,2,0,2,0,4,2,35.604995555555554,139.69932055555557,3,3,,,,
1,30,218,16,2,0,1,30000,0,109,2021,1,14,5,40,22,,,,,1,1,1,7,7,0,23,0,23,2,7,20,70,5,3,1,55,45,3,61,31,0,,,,,,,2,0,10,0,3,0,2,0,2,0,4,2,35.60156833333333,139.71197944444444,5,3,,,,
1,30,218,20,2,0,1,30000,0,109,2021,1,18,14,30,12,,,,,1,1,1,14,7,0,23,0,23,2,9,1,70,5,3,1,25,75,14,61,1,0,,,,,,,2,0,30,0,3,0,2,0,2,0,4,2,35.61077027777778,139.7124561111111,2,3,,,,
1,30,219,9,2,0,1,30000,0,111,2020,12,8,16,10,13,,,,,2,1,1,1,7,9,22,0,23,11,9,30,70,5,3,1,45,1,14,61,31,0,,,,,,,5,0,80,0,3,0,2,0,2,0,4,2,35.572007500000005,139.7266072222222,3,3,,,,
1,30,219,18,2,0,1,30000,0,111,2021,1,5,8,25,12,,,,,1,1,1,14,7,0,23,0,23,2,9,1,70,5,3,1,35,45,51,61,0,0,,,,,,,0,0,10,0,4,0,0,0,0,0,4,2,35.578745833333336,139.72351694444444,3,3,,,,
1,30,219,26,2,0,1,30000,0,111,2021,1,14,16,47,13,,,,,1,1,1,1,7,1,21,0,23,15,9,30,70,4,2,1,75,75,3,61,31,0,,,,,,,3,0,50,0,3,0,2,0,2,0,4,2,35.584558333333334,139.73296666666667,5,3,,,,
1,30,219,35,2,0,1,30000,0,111,2021,1,21,14,30,12,,,,,1,1,1,14,7,0,23,0,23,2,9,1,70,5,3,1,75,0,61,0,0,0,,,,,,,0,0,0,0,0,0,0,0,0,0,2,0,35.569184444444446,139.7338461111111,5,3,,,,
1,30,219,39,2,0,1,30000,0,111,2021,1,28,7,40,11,,,,,2,1,1,1,7,9,22,0,23,11,9,30,70,5,3,1,1,35,51,61,0,0,,,,,,,0,0,10,0,4,0,0,0,0,0,4,2,35.578700833333336,139.7365547222222,5,3,,,,
1,30,220,3,2,0,1,10130,0,111,2020,12,31,11,40,12,,,,,1,1,1,14,7,0,23,0,23,5,9,1,70,1,1,1,75,1,52,61,0,0,,,,,,,0,0,10,0,4,0,0,0,0,0,4,2,35.61063388888889,139.69064055555555,5,2,,,,
1,30,220,5,2,0,1,30000,0,111,2020,12,19,9,52,12,,,,,1,1,1,14,7,0,23,0,23,2,9,1,70,5,3,1,45,45,3,61,31,0,,,,,,,5,0,40,0,4,0,2,0,2,0,4,2,35.57750555555556,139.68737833333333,7,3,,,,
1,30,220,6,2,0,1,95000,0,111,2021,1,6,17,30,21,,,,,1,1,1,14,7,0,23,0,23,1,9,1,70,5,4,1,35,55,51,61,0,0,,,,,,,0,0,10,0,3,0,0,0,0,0,4,2,35.574125,139.67543999999998,4,3,,,,
1,30,221,2,2,0,1,30000,0,111,2020,12,27,11,10,12,,,,,1,1,1,1,7,9,22,0,23,11,9,30,70,5,3,1,25,1,3,61,31,0,,,,,,,10,0,14,0,3,0,2,0,2,0,4,2,35.55409638888889,139.7351336111111,1,3,,,,
1,30,221,7,2,0,1,30000,0,111,2021,1,16,11,20,12,,,,,1,1,1,14,7,0,23,0,23,2,9,1,70,5,2,1,65,65,4,61,31,0,,,,,,,2,0,40,0,4,0,2,0,2,0,4,2,35.56149694444444,139.7146833333333,7,3,,,,
1,30,221,11,2,0,1,95000,0,111,2021,1,17,19,30,22,,,,,2,1,1,14,7,0,23,0,23,4,9,1,70,5,3,1,25,45,51,61,0,0,,,,,,,0,0,0,0,4,0,0,0,0,0,4,2,35.54891861111111,139.71773472222222,1,3,,,,
1,30,221,18,2,0,1,30000,0,111,2020,10,25,1,0,22,,,,,1,1,1,14,7,0,23,0,23,3,9,1,70,1,2,1,55,1,3,61,1,0,,,,,,,1,0,70,0,4,0,2,0,2,0,4,2,35.562745,139.7169411111111,1,3,,,,
1,30,221,24,2,0,1,30000,0,111,2021,1,22,16,17,13,,,,,1,1,1,14,7,0,23,0,23,1,9,1,70,5,4,1,75,75,59,61,0,0,,,,,,,0,0,40,0,4,0,0,0,0,0,4,2,35.55314444444444,139.7296188888889,6,3,,,,
1,30,222,3,2,0,1,10190,0,111,2021,1,6,8,12,12,,,,,1,1,1,14,7,0,23,0,23,3,9,1,70,4,2,1,25,55,35,61,31,0,,,,,,,2,0,10,0,3,0,0,0,0,0,4,2,35.56435638888889,139.7076322222222,4,3,,,,
1,30,222,4,2,0,1,10,135,111,2021,1,7,10,45,12,,,,,1,1,1,7,1,0,23,0,23,5,9,1,70,4,1,1,25,35,51,61,0,0,,,,,,,0,0,10,0,3,0,0,0,0,0,4,2,35.596920555555556,139.71184277777778,5,3,,,,
1,30,222,8,2,0,1,10190,0,111,2021,1,15,6,11,23,,,,,1,1,1,1,7,1,21,0,23,15,9,30,70,4,2,1,55,45,4,61,31,0,,,,,,,2,0,10,0,3,0,2,0,2,0,4,2,35.56452611111111,139.70873527777778,6,3,,,,
1,30,222,14,2,0,1,20180,0,111,2021,1,19,18,15,22,,,,,1,1,1,1,1,9,22,0,23,18,9,30,70,4,2,1,45,65,13,61,31,0,,,,,,,3,0,10,0,3,0,2,0,2,0,4,2,35.574288611111115,139.70933138888887,3,3,,,,
1,30,222,20,2,0,1,30000,0,111,2021,1,2,13,1,12,,,,,1,1,1,1,1,0,23,0,23,14,9,30,70,4,3,1,75,0,61,0,0,0,,,,,,,0,0,0,0,0,0,0,0,0,0,2,0,35.58443388888889,139.69404166666666,7,3,,,,
1,30,222,21,2,0,1,30000,0,111,2021,1,27,17,10,21,,,,,1,1,1,14,7,0,23,0,23,2,9,1,70,5,4,1,75,55,3,61,31,0,,,,,,,1,0,40,0,3,0,2,0,2,0,4,2,35.57331194444445,139.7108783333333,4,3,,,,