資料区分,都道府県コード,警察署等コード,本票番号,事故内容,死者数,負傷者数,路線コード,地点コード,市区町村コード,発生日時　　年,発生日時　　月,発生日時　　日,発生日時　　時,発生日時　　分,昼夜,日の出時刻　　時,日の出時刻　　分,日の入り時刻　　時,日の入り時刻　　分,天候,地形,路面状態,道路形状,信号機,一時停止規制　標識（当事者A）,一時停止規制　表示（当事者A）,一時停止規制　標識（当事者B）,一時停止規制　表示（当事者B）,車道幅員,道路線形,衝突地点,ゾーン規制,中央分離帯施設等,歩車道区分,事故類型,年齢（当事者A）,年齢（当事者B）,当事者種別（当事者A）,当事者種別（当事者B）,用途別（当事者A）,用途別（当事者B）,車両形状等（当事者A）,車両形状等（当事者B）,オートマチック車（当事者A）,オートマチック車（当事者B）,サポカー（当事者A）,サポカー（当事者B）,速度規制（指定のみ）（当事者A）,速度規制（指定のみ）（当事者B）,車両の衝突部位（当事者A）,車両の衝突部位（当事者B）,車両の損壊程度（当事者A）,車両の損壊程度（当事者B）,エアバッグの装備（当事者A）,エアバッグの装備（当事者B）,サイドエアバッグの装備（当事者A）,サイドエアバッグの装備（当事者B）,人身損傷程度（当事者A）,人身損傷程度（当事者B）,lat,lon,曜日(発生年月日),祝日(発生年月日),認知機能検査経過日数（当事者A）,認知機能検査経過日数（当事者B）,運転練習の方法（当事者A）,運転練習の方法（当事者B）
1,30,222,23,2,0,1,30000,0,111,2021,1,30,11,25,12,,,,,1,1,1,14,7,0,23,0,23,3,9,1,70,5,3,1,55,65,51,61,0,0,,,,,,,0,0,20,0,3,0,0,0,0,0,4,2,35.57231666666667,139.70282,7,3,,,,
1,30,325,1,2,0,1,30000,0,112,2020,12,18,0,3,22,,,,,2,1,1,14,7,0,23,0,23,2,9,1,70,5,3,1,65,35,3,61,1,0,,,,,,,2,0,10,0,3,0,2,0,2,0,4,2,35.646500277777776,139.67092333333332,6,3,,,,
1,30,325,5,2,0,1,30000,0,112,2021,1,2,11,50,12,,,,,1,1,1,1,7,9,22,0,23,14,7,30,70,5,3,1,65,75,3,61,1,0,,,,,,,2,0,40,0,3,0,2,0,2,0,4,2,35.63955388888889,139.685915,7,3,,,,
1,30,325,10,2,0,1,30000,0,112,2021,1,8,8,50,12,,,,,1,1,1,1,1,9,22,0,23,15,9,30,70,1,1,1,25,35,13,61,31,0,,,,,,,2,0,10,0,3,0,2,0,2,0,4,2,35.65344638888889,139.67301138888888,6,3,,,,
1,30,325,14,2,0,1,30000,0,112,2021,1,20,8,50,12,,,,,1,1,1,1,7,1,21,0,23,14,9,30,70,5,3,1,45,35,3,61,31,0,,,,,,,10,0,20,0,3,0,2,0,2,0,4,2,35.63447333333333,139.65660055555557,4,3,,,,
1,30,326,8,2,0,1,30000,0,112,2021,1,14,8,50,12,,,,,1,1,1,14,7,0,23,0,23,1,9,1,70,5,4,1,35,1,52,61,0,0,,,,,,,0,0,10,0,3,0,0,0,0,0,4,2,35.649545833333335,139.651,5,3,,,,
1,30,326,10,2,0,1,30000,0,112,2020,12,20,13,47,12,,,,,1,1,1,14,7,0,23,0,23,2,9,1,70,5,3,1,45,25,3,61,31,0,,,,,,,2,0,10,0,4,0,2,0,2,0,4,2,35.65029555555555,139.63700166666666,1,3,,,,
1,30,326,11,2,0,1,30000,0,112,2021,1,16,11,27,12,,,,,1,1,1,14,7,0,23,0,23,2,9,1,70,5,2,1,1,75,51,61,0,0,,,,,,,0,0,40,0,4,0,0,0,0,0,4,2,35.66599972222222,139.64259083333332,7,3,,,,
1,30,326,13,2,0,1,30000,0,112,2021,1,7,17,32,21,,,,,1,1,1,1,7,9,22,0,23,15,9,30,70,5,3,1,65,35,3,61,31,0,,,,,,,2,0,20,0,4,0,2,0,2,0,4,2,35.655049166666664,139.64981749999998,5,3,,,,
1,30,326,17,2,0,1,30000,0,112,2021,1,24,12,25,12,,,,,3,1,2,14,7,0,23,0,23,1,9,1,70,5,3,1,45,45,3,61,31,0,,,,,,,10,0,40,0,3,0,2,0,2,0,4,2,35.66618555555556,139.6433825,1,3,,,,
1,30,326,18,2,0,1,30000,0,112,2021,1,26,9,35,12,,,,,2,1,1,14,7,0,23,0,23,1,9,1,70,4,2,1,35,35,51,61,0,0,,,,,,,0,0,10,0,3,0,0,0,0,0,4,2,35.65589361111111,139.65227055555556,3,3,,,,
1,30,327,2,2,0,1,30000,0,112,2020,9,12,11,50,12,,,,,3,1,1,21,7,0,23,0,23,3,9,20,70,5,3,1,45,1,3,61,31,0,,,,,,,2,0,80,0,3,0,2,0,2,0,4,2,35.60529416666667,139.6615402777778,7,3,,,,
1,30,327,9,2,0,1,10200,0,112,2020,11,1,21,39,22,,,,,1,1,1,1,7,1,22,0,23,18,9,30,70,1,1,1,25,35,14,61,31,0,,,,,,,10,0,10,0,4,0,2,0,2,0,4,2,35.62382027777778,139.62738805555557,1,3,,,,
1,30,327,14,2,0,1,20210,0,112,2020,9,4,17,10,13,,,,,1,1,1,1,7,1,21,0,23,14,9,30,70,4,3,1,35,35,3,61,31,0,,,,,,,10,0,50,0,3,0,2,0,2,0,4,2,35.606342222222224,139.6712561111111,6,3,,,,
1,30,327,20,2,0,1,30000,0,112,2021,1,14,12,0,12,,,,,1,1,1,1,1,9,22,0,23,14,9,30,70,5,3,1,65,1,3,61,1,0,,,,,,,3,0,10,0,3,0,2,0,2,0,4,2,35.60502861111111,139.67158638888887,5,3,,,,
1,30,327,38,2,0,1,30000,0,112,2021,1,20,12,37,12,,,,,1,1,1,14,7,0,23,0,23,1,9,1,70,5,3,1,45,55,51,61,0,0,,,,,,,0,0,10,0,4,0,0,0,0,0,4,2,35.63110861111111,139.64006361111112,4,3,,,,
1,30,328,1,1,1,0,10200,0,112,2021,1,3,21,58,22,,,,,1,1,1,1,1,9,22,0,23,18,9,30,70,5,1,1,45,1,3,61,31,0,,,,,,,5,0,10,0,3,0,2,0,2,0,4,1,35.63254888888889,139.62465833333334,1,3,,,,
1,30,328,8,2,0,1,200,189,112,2020,10,24,23,20,22,,,,,2,1,1,14,7,0,23,0,23,5,9,1,70,4,2,1,55,25,3,61,1,0,,,,,,,10,0,10,0,2,0,2,0,2,0,4,2,35.669133055555555,139.59429166666666,7,3,,,,
1,30,328,15,2,0,1,30000,0,112,2021,1,6,17,18,21,,,,,2,1,1,1,7,9,22,0,23,11,9,30,70,5,2,1,35,65,35,61,31,0,,,,,,,2,0,10,0,3,0,0,0,0,0,4,2,35.61656388888889,139.61379027777778,4,3,,,,
1,30,328,16,2,0,1,30000,0,112,2021,1,11,14,5,12,,,,,2,1,1,14,7,0,23,0,23,3,9,1,70,4,1,1,65,25,3,61,31,0,,,,,,,3,0,10,0,3,0,2,0,2,0,4,2,35.63438055555555,139.60320416666667,2,1,,,,
1,30,328,17,2,0,1,30000,0,112,2021,1,5,15,49,13,,,,,1,1,1,14,7,0,23,0,23,2,9,1,70,5,3,1,25,25,14,61,1,0,,,,,,,2,0,40,0,3,0,2,0,2,0,4,2,35.658615,139.5902488888889,3,3,,,,
1,30,328,20,2,0,1,95000,0,112,2021,1,10,10,10,12,,,,,1,1,1,14,7,0,23,0,23,4,9,1,70,4,3,1,35,0,61,0,0,0,,,,,,,0,0,0,0,0,0,0,0,0,0,2,0,35.65100972222222,139.59661333333335,1,2,,,,
1,30,328,21,2,0,1,30000,0,112,2020,12,28,19,25,22,,,,,1,1,1,1,7,1,22,0,23,11,9,30,70,5,2,1,45,45,3,61,31,0,,,,,,,2,0,20,0,3,0,2,0,2,0,4,2,35.63383861111111,139.59242055555558,2,3,,,,
1,30,328,26,2,0,1,200,160,112,2021,1,23,19,30,22,,,,,3,1,2,7,1,0,23,0,23,5,9,1,70,1,1,1,55,25,3,61,1,0,,,,,,,5,0,10,0,4,0,2,0,2,0,4,2,35.67028027777778,139.62482305555557,7,3,,,,
1,30,328,27,2,0,1,30000,0,112,2021,1,27,8,50,12,,,,,2,1,2,1,7,9,22,0,23,14,9,30,70,4,3,1,25,1,3,61,31,0,,,,,,,2,0,10,0,3,0,2,0,2,0,4,2,35.662054166666664,139.607245,4,3,,,,
1,30,328,30,2,0,1,200,167,112,2021,1,28,14,45,12,,,,,5,1,2,1,1,9,22,0,23,17,9,30,70,4,2,1,55,65,14,61,31,0,,,,,,,10,0,80,0,3,0,2,0,2,0,4,2,35.67147222222222,139.61654,5,3,,,,
1,30,329,1,2,0,1,30000,0,110,2020,10,5,15,12,12,,,,,1,1,1,14,7,0,23,0,23,3,9,1,1,5,3,1,65,1,3,61,31,0,,,,,,,2,0,20,0,3,0,2,0,2,0,4,2,35.640189444444445,139.7035386111111,2,3,,,,
1,30,329,2,2,0,1,30000,0,110,2020,1,9,19,17,22,,,,,1,1,1,14,7,0,23,0,23,2,9,1,70,5,3,1,45,45,3,61,31,0,,,,,,,2,0,40,0,3,0,2,0,2,0,4,2,35.64463,139.69822638888888,5,3,,,,
1,30,329,3,2,0,1,2460,64,110,2020,12,15,17,50,22,,,,,1,1,1,14,7,0,23,0,23,6,9,1,70,1,1,1,1,45,51,61,0,0,,,,,,,0,0,10,0,4,0,0,0,0,0,4,2,35.65186027777778,139.6865225,3,3,,,,
1,30,329,10,2,0,1,30000,0,110,2021,1,19,19,25,22,,,,,1,1,1,14,7,0,23,0,23,2,9,1,70,5,3,1,45,35,3,61,31,0,,,,,,,2,0,20,0,4,0,2,0,2,0,4,2,35.64493638888889,139.70189694444443,3,3,,,,
1,30,329,17,2,0,1,10160,0,110,2021,1,30,18,35,22,,,,,1,1,1,1,7,1,22,0,23,15,9,30,70,5,2,1,65,25,3,61,1,0,,,,,,,2,0,10,0,4,0,2,0,2,0,4,2,35.65128138888889,139.68903166666666,7,3,,,,
1,30,330,1,2,0,1,10080,0,110,2021,1,2,11,50,12,,,,,1,1,1,1,1,9,22,0,23,19,9,30,70,4,1,1,35,55,3,61,31,0,,,,,,,4,0,40,0,4,0,2,0,2,0,4,2,35.618183611111114,139.67559083333333,7,3,,,,
1,30,330,4,2,0,1,20210,0,110,2021,1,6,18,55,22,,,,,1,1,1,14,7,0,23,0,23,1,9,20,70,5,3,1,35,55,3,61,1,0,,,,,,,1,0,40,0,4,0,2,0,2,0,4,2,35.613820833333335,139.66990277777776,4,3,,,,
1,30,330,7,2,0,1,30000,0,110,2020,12,31,12,50,12,,,,,1,1,1,14,7,0,23,0,23,2,9,1,70,5,4,1,65,65,3,61,31,0,,,,,,,1,0,10,0,3,0,2,0,2,0,4,2,35.61697777777778,139.67601277777777,5,2,,,,
1,30,330,8,2,0,1,30000,0,110,2021,1,11,18,40,22,,,,,1,1,1,1,7,9,22,0,23,14,9,30,70,4,1,1,75,1,3,61,31,0,,,,,,,2,0,10,0,4,0,2,0,2,0,4,2,35.61916083333333,139.6853577777778,2,1,,,,
1,30,331,5,2,0,1,30000,0,103,2020,12,20,17,25,21,,,,,1,1,1,1,7,9,22,0,23,11,9,30,70,1,1,1,45,35,3,61,31,0,,,,,,,10,0,80,0,3,0,2,0,2,0,4,2,35.66277972222222,139.71052444444445,1,3,,,,
1,30,331,8,2,0,1,10650,0,113,2021,1,12,7,53,12,,,,,2,1,1,1,1,9,22,0,23,17,9,30,70,4,1,1,35,25,35,61,31,0,,,,,,,4,0,10,0,3,0,0,0,0,0,4,2,35.65472444444444,139.69270777777777,3,3,,,,
1,30,331,16,2,0,1,30000,0,113,2021,1,20,15,45,12,,,,,1,1,1,14,7,0,23,0,23,2,9,1,70,4,3,1,65,65,3,61,31,0,,,,,,,10,0,10,0,3,0,2,0,2,0,4,2,35.64929583333333,139.708735,4,3,,,,
1,30,331,20,2,0,1,20240,0,113,2021,1,30,11,25,12,,,,,1,1,1,1,1,9,22,0,23,17,9,30,70,4,1,1,65,25,3,61,1,0,,,,,,,4,0,10,0,3,0,2,0,2,0,4,2,35.6461325,139.70756944444443,7,3,,,,
1,30,331,21,2,0,1,30000,0,113,2021,1,13,19,50,22,,,,,1,1,1,14,7,0,23,0,23,1,9,1,70,5,4,1,1,25,51,61,0,0,,,,,,,0,0,40,0,3,0,0,0,0,0,4,2,35.65918361111111,139.69769805555555,4,3,,,,
1,30,331,22,2,0,1,30000,0,113,2021,1,19,13,0,12,,,,,1,1,1,14,7,0,23,0,23,3,9,1,70,4,2,1,35,1,51,61,0,0,,,,,,,0,0,20,0,3,0,0,0,0,0,4,2,35.66005,139.69566833333334,3,3,,,,
1,30,333,1,1,1,5,200,117,113,2021,1,4,19,0,22,,,,,1,1,1,1,1,9,22,0,23,17,9,30,70,5,1,1,65,45,3,61,1,0,,,,,,,5,0,10,0,2,0,2,0,2,0,4,1,35.674567499999995,139.66800305555554,2,3,,,,
1,30,333,2,2,0,1,30000,0,113,2020,12,9,19,20,22,,,,,1,1,1,14,7,0,23,0,23,3,7,1,70,5,3,1,1,1,3,61,31,0,,,,,,,10,0,10,0,3,0,2,0,2,0,4,2,35.675509166666664,139.6831011111111,4,3,,,,
1,30,333,13,2,0,1,30000,0,113,2021,1,28,8,45,12,,,,,2,1,1,14,7,0,23,0,23,1,9,1,70,4,1,1,65,25,13,61,31,0,,,,,,,3,0,80,0,3,0,2,0,2,0,4,2,35.67449083333333,139.68557777777778,5,3,,,,
1,30,436,7,2,0,1,30000,0,104,2020,12,16,0,44,22,,,,,1,1,1,14,7,0,23,0,23,2,9,1,70,5,4,1,75,35,3,61,1,0,,,,,,,1,0,70,0,3,0,2,0,2,0,4,2,35.68991888888888,139.68617361111112,4,3,,,,
1,30,436,10,2,0,1,30000,0,104,2020,12,21,1,50,22,,,,,1,1,1,1,7,9,22,0,23,15,9,30,70,5,3,1,55,35,36,61,31,0,,,,,,,2,0,10,0,4,0,0,0,0,0,4,2,35.69703333333333,139.7030961111111,2,3,,,,
1,30,436,11,2,0,1,20320,0,104,2020,12,12,0,10,22,,,,,1,1,1,1,1,9,22,0,23,18,9,30,70,4,1,1,45,45,3,61,1,0,,,,,,,4,0,40,0,3,0,2,0,2,0,4,2,35.69119,139.68723222222224,7,3,,,,
1,30,436,14,2,0,1,10090,0,104,2020,11,6,2,13,22,,,,,1,1,1,1,7,9,22,0,23,17,9,30,70,1,1,1,45,35,3,61,1,0,,,,,,,4,0,80,0,3,0,2,0,2,0,4,2,35.69523944444444,139.70676333333333,6,3,,,,
1,30,436,17,2,0,1,20320,0,104,2021,1,9,20,0,22,,,,,1,1,1,1,1,9,22,0,23,18,9,30,70,4,2,1,65,45,3,61,1,0,,,,,,,3,0,80,0,3,0,2,0,2,0,4,2,35.686387222222216,139.68956777777777,7,3,,,,
1,30,436,18,2,0,1,30000,0,104,2021,1,10,15,20,12,,,,,1,1,2,14,7,0,23,0,23,2,9,1,70,5,4,1,1,25,51,61,0,0,,,,,,,0,0,10,0,4,0,0,0,0,0,4,2,35.69564472222222,139.7016897222222,1,2,,,,
1,30,436,20,2,0,1,30000,0,104,2021,1,18,13,20,12,,,,,1,1,1,7,7,0,23,0,23,2,9,20,70,5,4,1,35,75,13,61,31,0,,,,,,,1,0,40,0,4,0,2,0,2,0,4,2,35.68977555555555,139.68576083333335,2,3,,,,
1,30,436,24,2,0,1,30290,0,104,2021,1,25,18,30,22,,,,,1,1,1,14,7,0,23,0,23,4,9,1,70,4,2,1,1,35,35,61,31,0,,,,,,,3,0,10,0,3,0,0,0,0,0,4,2,35.69449805555555,139.6988188888889,2,3,,,,
1,30,437,3,2,0,1,10090,0,104,2021,1,19,17,43,21,,,,,1,1,1,1,1,9,22,0,23,14,9,30,70,4,2,1,35,55,3,61,31,0,,,,,,,4,0,0,0,4,0,2,0,2,0,4,2,35.71162916666667,139.7100497222222,3,3,,,,
1,30,438,3,2,0,1,20000,0,104,2020,10,31,0,0,22,,,,,1,1,1,1,1,9,22,0,23,18,9,30,70,1,1,1,75,25,3,61,1,0,,,,,,,3,0,10,0,3,0,2,0,2,0,4,2,35.690126388888885,139.70679194444443,7,3,,,,
1,30,438,6,2,0,1,30000,0,104,2021,1,6,15,5,12,,,,,2,1,1,1,7,1,21,0,23,11,9,30,70,5,3,1,65,1,3,61,1,0,,,,,,,1,0,10,0,4,0,2,0,2,0,4,2,35.68152361111111,139.72383666666667,4,3,,,,
1,30,438,7,2,0,1,30000,0,104,2021,1,20,0,8,22,,,,,1,1,1,1,1,9,22,0,23,14,9,30,1,4,2,1,75,75,3,61,31,0,,,,,,,2,0,20,0,3,0,2,0,2,0,4,2,35.6873625,139.72789944444443,4,3,,,,
1,30,439,4,2,0,1,10160,0,114,2021,1,11,16,55,21,,,,,1,1,1,1,7,1,21,0,23,17,9,30,70,5,2,1,45,1,4,61,31,0,,,,,,,5,0,20,0,4,0,2,0,2,0,4,2,35.70844166666667,139.6839563888889,2,1,,,,
1,30,439,12,2,0,1,10230,0,114,2021,1,20,17,45,21,,,,,1,1,1,1,1,9,22,0,23,15,9,30,70,4,1,1,25,35,51,61,0,0,,,,,,,0,0,40,0,4,0,0,0,0,0,4,2,35.68610611111111,139.66896805555555,4,3,,,,
1,30,440,1,2,0,1,30000,0,114,2020,11,28,13,45,12,,,,,1,1,1,14,7,0,23,0,23,1,9,1,70,5,3,1,35,55,3,61,31,0,,,,,,,2,0,40,0,3,0,2,0,2,0,4,2,35.71395777777778,139.67166944444443,7,3,,,,
1,30,440,8,2,0,1,30000,0,114,2021,1,13,17,35,21,,,,,1,1,1,14,7,0,23,0,23,2,9,1,70,4,2,1,55,75,14,61,1,0,,,,,,,10,0,20,0,4,0,2,0,2,0,4,2,35.71543916666667,139.67410027777777,4,3,,,,
1,30,440,10,2,0,1,30000,0,114,2021,1,19,7,45,11,,,,,1,1,1,14,7,0,23,0,23,5,9,1,70,4,1,1,35,45,51,61,0,0,,,,,,,0,0,10,0,4,0,0,0,0,0,4,2,35.70663888888889,139.66448027777778,3,3,,,,
1,30,440,15,2,0,1,30000,0,114,2021,1,25,10,50,12,,,,,1,1,1,14,7,0,23,0,23,2,9,1,70,5,4,1,75,75,51,61,0,0,,,,,,,0,0,10,0,4,0,0,0,0,0,4,2,35.734788333333334,139.62915166666667,2,3,,,,
1,30,440,19,2,0,1,10250,0,114,2021,1,16,6,55,11,,,,,1,1,1,7,7,0,23,0,23,3,9,1,70,4,2,1,35,35,35,61,31,0,,,,,,,3,0,10,0,3,0,0,0,0,0,4,2,35.72295555555556,139.65312222222224,7,3,,,,
1,30,440,21,2,0,1,10250,0,114,2021,1,29,15,0,12,,,,,1,1,1,1,7,1,22,0,23,11,9,30,70,4,2,1,1,75,51,61,0,0,,,,,,,0,0,10,0,3,0,0,0,0,0,4,2,35.727331944444444,139.62921472222223,6,3,,,,
1,30,440,25,2,0,1,30000,0,114,2021,1,8,9,40,12,,,,,2,1,1,1,7,9,22,0,23,11,9,30,70,5,2,1,55,25,51,61,0,0,,,,,,,0,0,10,0,3,0,0,0,0,0,4,2,35.71615777777778,139.64722416666666,6,3,,,,
1,30,440,27,2,0,1,30000,0,114,2021,1,29,12,45,12,,,,,1,1,1,14,7,0,23,0,23,3,9,1,70,5,3,1,65,25,3,61,31,0,,,,,,,2,0,80,0,3,0,2,0,2,0,4,2,35.72032638888889,139.6630325,6,3,,,,
1,30,441,11,2,0,1,30000,0,115,2021,1,15,12,40,12,,,,,2,1,1,1,7,9,22,0,23,11,7,30,70,5,3,1,65,65,3,61,1,0,,,,,,,1,0,80,0,3,0,2,0,2,0,4,2,35.708200833333336,139.64969472222222,6,3,,,,
1,30,441,14,2,0,1,10130,0,115,2021,1,18,1,15,22,,,,,1,1,1,14,7,0,23,0,23,4,9,1,70,1,2,1,45,25,14,61,1,0,,,,,,,4,0,80,0,3,0,2,0,2,0,4,2,35.70519416666667,139.65485055555556,2,3,,,,
1,30,441,15,2,0,1,20500,0,115,2021,1,19,16,40,13,,,,,1,1,1,14,7,0,23,0,23,1,9,1,70,5,2,1,35,75,51,61,0,0,,,,,,,0,0,20,0,4,0,0,0,0,0,4,2,35.70614694444445,139.63634249999998,3,3,,,,
1,30,441,18,2,0,1,30000,0,115,2021,1,16,17,10,21,,,,,1,1,1,1,7,1,21,0,23,11,9,30,1,5,4,1,35,35,51,61,0,0,,,,,,,0,0,10,0,3,0,0,0,0,0,4,2,35.70529722222223,139.6528538888889,7,3,,,,
1,30,441,23,2,0,1,30000,0,115,2021,1,24,12,12,12,,,,,3,1,2,1,1,9,22,0,23,14,9,30,70,1,1,1,35,45,51,61,0,0,,,,,,,0,0,10,0,3,0,0,0,0,0,4,2,35.705170833333334,139.64959638888888,1,3,,,,
1,30,441,30,2,0,1,10260,0,115,2021,1,29,12,5,12,,,,,1,1,1,14,1,0,23,0,23,3,9,1,70,4,2,1,25,75,51,61,0,0,,,,,,,0,0,40,0,3,0,0,0,0,0,4,2,35.69698527777778,139.64867944444444,6,3,,,,
1,30,442,1,2,0,1,30000,0,115,2020,12,22,17,55,22,,,,,1,1,1,14,7,0,23,0,23,1,9,1,70,5,3,1,45,75,51,61,0,0,,,,,,,0,0,0,0,4,0,0,0,0,0,4,2,35.683990277777774,139.65572166666666,3,3,,,,
1,30,442,9,2,0,1,30000,0,115,2021,1,10,9,35,12,,,,,1,1,1,14,7,0,23,0,23,2,9,1,70,5,3,1,45,35,3,61,31,0,,,,,,,1,0,44,0,3,0,2,0,2,0,4,2,35.68432027777777,139.6077575,1,2,,,,
1,30,442,19,2,0,1,20270,0,115,2021,1,21,14,35,12,,,,,1,1,1,14,7,0,23,0,23,5,9,1,70,4,1,1,35,1,51,61,0,0,,,,,,,0,0,10,0,4,0,0,0,0,0,4,2,35.68413472222222,139.62804083333333,5,3,,,,
1,30,442,28,2,0,1,20270,0,115,2021,1,23,18,50,22,,,,,3,1,2,1,1,9,22,0,23,14,9,30,70,4,2,1,1,55,12,61,31,0,,,,,,,3,0,10,0,3,0,2,0,2,0,4,2,35.69432611111111,139.60529444444444,7,3,,,,
1,30,443,8,2,0,1,30000,0,115,2021,1,10,15,15,12,,,,,1,1,1,14,7,0,23,0,23,3,9,1,70,4,3,1,35,55,3,61,31,0,,,,,,,2,0,40,0,3,0,2,0,2,0,4,2,35.71812972222222,139.60197055555554,1,2,,,,
1,30,443,12,2,0,1,30000,0,115,2021,1,15,12,52,12,,,,,2,1,1,14,7,0,23,0,23,2,9,1,70,5,4,1,65,35,3,61,31,0,,,,,,,10,0,40,0,3,0,2,0,2,0,4,2,35.69804333333333,139.60891416666666,6,3,,,,
1,30,443,14,2,0,1,30000,0,115,2021,1,24,11,25,12,,,,,3,1,2,1,1,9,22,0,23,15,9,30,70,4,1,1,45,75,3,61,31,0,,,,,,,2,0,10,0,4,0,2,0,2,0,4,2,35.70370666666667,139.60054055555554,1,3,,,,
1,30,545,4,2,0,1,30000,0,105,2021,1,18,8,8,12,,,,,2,1,1,1,1,9,22,0,23,14,9,30,70,5,3,1,35,45,51,61,0,0,,,,,,,0,0,10,0,3,0,0,0,0,0,4,2,35.71270805555556,139.75106555555556,2,3,,,,
1,30,545,9,2,0,1,20370,0,105,2021,1,31,14,12,12,,,,,1,1,1,1,1,9,22,0,23,17,9,30,70,4,2,1,65,25,34,61,31,0,,,,,,,3,0,10,0,3,0,0,0,0,0,4,2,35.727089444444445,139.74212638888886,1,3,,,,
1,30,547,2,2,0,1,20400,0,105,2021,1,4,10,23,12,,,,,1,1,1,1,1,9,22,0,23,15,9,30,70,4,1,1,25,75,17,61,31,0,,,,,,,4,0,60,0,3,0,2,0,2,0,4,2,35.71604,139.7584652777778,2,3,,,,
1,30,548,2,2,0,1,21160,0,105,2021,1,15,15,25,12,,,,,2,1,1,1,1,9,22,0,23,14,9,30,70,4,3,1,45,55,3,61,31,0,,,,,,,3,0,10,0,3,0,2,0,2,0,4,2,35.72441861111111,139.7567925,6,3,,,,
1,30,549,1,1,1,0,170,74,116,2021,1,28,18,27,22,,,,,3,1,2,7,1,0,23,0,23,5,9,1,70,4,1,1,45,65,34,61,31,0,,,,,,,5,0,10,0,3,0,0,0,0,0,4,1,35.73740388888889,139.73446055555553,5,3,,,,
1,30,549,2,2,0,1,30000,0,116,2020,12,22,18,55,22,,,,,1,1,1,1,7,1,22,0,23,11,9,30,70,5,2,1,65,55,3,61,1,0,,,,,,,10,0,10,0,3,0,2,0,2,0,4,2,35.73289388888889,139.73056583333334,3,3,,,,
1,30,550,2,2,0,1,95000,0,116,2021,1,5,21,45,22,,,,,1,1,1,14,7,0,23,0,23,3,9,1,70,4,2,1,45,25,3,61,1,0,,,,,,,10,0,20,0,3,0,2,0,2,0,4,2,35.73305166666667,139.7096058333333,3,3,,,,
1,30,550,5,2,0,1,30000,0,116,2021,1,5,13,0,12,,,,,1,1,1,14,7,0,23,0,23,3,9,1,70,1,2,1,1,65,51,61,0,0,,,,,,,0,0,10,0,4,0,0,0,0,0,4,2,35.74593638888889,139.7147872222222,3,3,,,,
1,30,551,8,2,0,1,10000,0,116,2021,1,6,1,40,22,,,,,1,1,1,14,1,0,23,0,23,2,9,1,70,1,2,1,65,65,3,61,1,0,,,,,,,5,0,70,0,3,0,2,0,2,0,4,2,35.730595,139.69837611111112,4,3,,,,
1,30,551,11,2,0,1,10010,0,116,2021,1,13,18,0,22,,,,,1,1,1,14,7,0,23,0,23,5,9,1,70,4,1,1,55,45,51,61,0,0,,,,,,,0,0,10,0,3,0,0,0,0,0,4,2,35.7224725,139.70524333333333,4,3,,,,
1,30,551,21,2,0,1,30000,0,116,2021,1,28,10,5,12,,,,,2,1,1,1,7,9,22,0,23,11,9,30,70,5,3,1,1,65,51,61,0,0,,,,,,,0,0,10,0,4,0,0,0,0,0,4,2,35.72565416666667,139.70822916666665,5,3,,,,
1,30,552,6,2,0,1,10090,0,117,2021,1,17,21,30,22,,,,,1,1,1,14,1,0,23,0,23,5,9,1,70,1,1,1,65,45,13,61,1,0,,,,,,,4,0,10,0,3,0,2,0,2,0,4,2,35.74609027777778,139.73065888888888,1,3,,,,
1,30,552,7,2,0,2,10710,0,117,2021,1,24,17,23,21,,,,,3,1,2,1,1,9,22,0,23,19,9,30,70,1,2,1,35,75,3,61,31,0,,,,,,,4,0,10,0,4,0,2,0,2,0,4,2,35.73948444444444,139.76860111111114,1,3,,,,
1,30,552,8,2,0,1,30000,0,117,2021,1,25,16,50,13,,,,,1,1,1,14,7,0,23,0,23,1,9,1,70,1,1,1,45,1,51,61,0,0,,,,,,,0,0,10,0,4,0,0,0,0,0,2,4,35.750992777777775,139.73616222222222,2,3,,,,
1,30,552,11,2,0,1,20400,0,117,2021,1,27,19,25,22,,,,,1,1,1,14,1,0,23,0,23,5,9,20,70,4,2,1,1,1,51,61,0,0,,,,,,,0,0,10,0,3,0,0,0,0,0,4,2,35.74982222222222,139.73806444444443,4,3,,,,
1,30,553,12,2,0,1,20000,0,117,2021,1,22,15,30,12,,,,,2,1,1,14,7,0,23,0,23,3,9,1,70,5,2,1,55,45,51,61,0,0,,,,,,,0,0,10,0,3,0,0,0,0,0,4,2,35.763087222222225,139.71397583333334,6,3,,,,
1,30,553,15,2,0,1,20450,0,117,2021,1,31,20,20,22,,,,,1,1,1,14,7,0,23,0,23,5,9,1,70,4,1,1,25,65,3,61,31,0,,,,,,,3,0,10,0,3,0,2,0,2,0,4,2,35.763124166666664,139.71406916666666,1,3,,,,
1,30,555,19,2,0,1,30000,0,119,2021,1,15,18,20,22,,,,,1,1,1,1,1,9,22,0,23,15,9,30,70,4,1,1,1,65,14,61,1,0,,,,,,,5,0,10,0,3,0,2,0,2,0,4,2,35.753191666666666,139.71585,6,3,,,,
1,30,555,21,2,0,1,30000,0,119,2021,1,25,16,55,13,,,,,1,1,1,1,1,9,22,0,23,14,9,30,70,4,3,1,65,65,3,61,31,0,,,,,,,10,0,10,0,3,0,2,0,2,0,4,2,35.76099083333333,139.69167638888888,2,3,,,,