資料区分,都道府県コード,警察署等コード,本票番号,事故内容,死者数,負傷者数,路線コード,地点コード,市区町村コード,発生日時　　年,発生日時　　月,発生日時　　日,発生日時　　時,発生日時　　分,昼夜,日の出時刻　　時,日の出時刻　　分,日の入り時刻　　時,日の入り時刻　　分,天候,地形,路面状態,道路形状,信号機,一時停止規制　標識（当事者A）,一時停止規制　表示（当事者A）,一時停止規制　標識（当事者B）,一時停止規制　表示（当事者B）,車道幅員,道路線形,衝突地点,ゾーン規制,中央分離帯施設等,歩車道区分,事故類型,年齢（当事者A）,年齢（当事者B）,当事者種別（当事者A）,当事者種別（当事者B）,用途別（当事者A）,用途別（当事者B）,車両形状等（当事者A）,車両形状等（当事者B）,オートマチック車（当事者A）,オートマチック車（当事者B）,サポカー（当事者A）,サポカー（当事者B）,速度規制（指定のみ）（当事者A）,速度規制（指定のみ）（当事者B）,車両の衝突部位（当事者A）,車両の衝突部位（当事者B）,車両の損壊程度（当事者A）,車両の損壊程度（当事者B）,エアバッグの装備（当事者A）,エアバッグの装備（当事者B）,サイドエアバッグの装備（当事者A）,サイドエアバッグの装備（当事者B）,人身損傷程度（当事者A）,人身損傷程度（当事者B）,lat,lon,曜日(発生年月日),祝日(発生年月日),認知機能検査経過日数（当事者A）,認知機能検査経過日数（当事者B）,運転練習の方法（当事者A）,運転練習の方法（当事者B）
1,30,555,25,2,0,1,2540,83,119,2021,1,30,5,38,22,,,,,1,1,1,1,1,9,22,0,23,18,9,30,70,5,1,1,45,75,11,61,1,0,,,,,,,5,0,80,0,3,0,2,0,2,0,4,2,35.75281777777778,139.6915302777778,7,3,,,,
1,30,555,26,2,0,1,30000,0,119,2021,1,21,9,10,12,,,,,1,1,1,14,7,0,23,0,23,2,9,1,70,5,3,1,55,35,3,61,31,0,,,,,,,2,0,40,0,3,0,2,0,2,0,4,2,35.760690555555556,139.71003916666666,5,3,,,,
1,30,556,5,2,0,1,30000,0,119,2021,1,3,18,20,22,,,,,1,1,1,14,7,0,23,0,23,2,9,1,1,5,3,1,45,25,3,61,31,0,,,,,,,2,0,80,0,4,0,2,0,2,0,4,2,35.77108027777778,139.6926877777778,1,3,,,,
1,30,556,7,2,0,1,20000,0,119,2021,1,3,10,24,12,,,,,1,1,1,14,1,0,23,0,23,3,9,1,70,4,3,1,55,35,3,61,31,0,,,,,,,2,0,40,0,3,0,1,0,2,0,4,2,35.79238972222222,139.68787361111112,1,3,,,,
1,30,556,9,2,0,1,30000,0,119,2021,1,13,16,25,13,,,,,1,1,1,1,7,9,22,0,23,14,8,30,70,5,3,1,1,55,51,61,0,0,,,,,,,0,0,10,0,3,0,0,0,0,0,4,2,35.77762222222222,139.69036305555557,4,3,,,,
1,30,556,12,2,0,1,30000,0,119,2021,1,18,8,12,12,,,,,1,1,1,1,7,1,21,0,23,14,9,30,70,5,2,1,55,35,3,61,1,0,,,,,,,5,0,10,0,4,0,2,0,2,0,4,2,35.795986944444444,139.68530833333332,2,3,,,,
1,30,556,17,2,0,1,170,133,119,2021,1,24,19,31,22,,,,,3,1,2,14,7,0,23,0,23,4,9,1,70,4,2,1,25,55,36,61,31,0,,,,,,,2,0,40,0,3,0,0,0,0,0,4,2,35.775464166666666,139.69584694444444,1,3,,,,
1,30,556,18,2,0,1,170,127,119,2021,1,29,20,10,22,,,,,1,1,1,1,1,9,22,0,23,18,9,30,70,4,2,1,55,35,3,61,1,0,,,,,,,5,0,10,0,4,0,2,0,2,0,4,2,35.77144416666667,139.7000608333333,6,3,,,,
1,30,557,1,2,0,1,30000,0,120,2020,11,26,15,20,12,,,,,1,1,1,14,7,0,23,0,23,2,9,1,70,4,2,1,65,55,51,61,0,0,,,,,,,0,0,20,0,3,0,0,0,0,0,4,2,35.74109583333333,139.64901194444442,5,3,,,,
1,30,557,9,2,0,1,20430,0,120,2020,12,25,8,55,12,,,,,1,1,1,1,1,9,22,0,23,15,9,30,70,4,2,1,35,75,3,61,31,0,,,,,,,3,0,10,0,3,0,2,0,2,0,4,2,35.73633138888889,139.64747583333332,6,3,,,,
1,30,557,11,2,0,1,10010,0,120,2021,1,4,17,30,21,,,,,1,1,1,7,1,0,23,0,23,4,9,1,70,1,2,1,35,1,3,61,31,0,,,,,,,4,0,10,0,3,0,2,0,2,0,4,2,35.73910277777778,139.64094916666667,2,3,,,,
1,30,557,18,2,0,1,30000,0,120,2021,1,15,17,35,21,,,,,1,1,1,14,7,0,23,0,23,3,9,1,70,5,2,1,25,65,51,61,0,0,,,,,,,0,0,10,0,3,0,0,0,0,0,4,2,35.738485000000004,139.6618125,6,3,,,,
1,30,557,19,2,0,1,30000,0,120,2021,1,16,21,50,22,,,,,1,1,1,1,7,9,22,0,23,15,9,30,70,4,2,1,65,45,3,61,1,0,,,,,,,2,0,10,0,3,0,2,0,2,0,4,2,35.745107222222224,139.63352194444442,7,3,,,,
1,30,557,21,2,0,1,30000,0,120,2021,1,19,18,10,22,,,,,1,1,1,1,1,9,22,0,23,17,9,30,70,4,2,1,1,45,51,61,0,0,,,,,,,0,0,10,0,3,0,0,0,0,0,4,2,35.75347277777778,139.63466027777778,3,3,,,,
1,30,557,22,2,0,1,30000,0,120,2021,1,19,19,55,22,,,,,1,1,1,14,7,0,23,0,23,2,9,1,70,5,3,1,35,55,51,61,0,0,,,,,,,0,0,20,0,4,0,0,0,0,0,4,2,35.735895,139.6547461111111,3,3,,,,
1,30,558,1,2,0,1,30000,0,120,2020,12,25,8,0,12,,,,,1,1,1,14,7,0,23,0,23,1,9,1,70,5,3,1,1,1,51,61,0,0,,,,,,,0,0,10,0,3,0,0,0,0,0,4,2,35.74592916666667,139.5862688888889,6,3,,,,
1,30,558,9,2,0,1,10240,0,120,2021,1,1,21,45,22,,,,,1,1,1,1,1,9,22,0,23,18,9,30,70,4,2,1,35,35,4,61,31,0,,,,,,,4,0,10,0,4,0,2,0,2,0,4,2,35.719592500000005,139.59214222222224,6,1,,,,
1,30,558,17,2,0,1,30000,0,120,2021,1,30,12,38,12,,,,,1,1,1,7,7,0,23,0,23,1,9,1,70,5,3,1,45,35,3,61,31,0,,,,,,,2,0,40,0,3,0,2,0,2,0,4,2,35.753456944444444,139.59621166666668,7,3,,,,
1,30,559,1,1,1,0,20490,0,119,2021,1,29,16,10,13,,,,,1,1,1,1,1,9,22,0,23,15,9,30,70,5,2,1,35,75,14,61,31,0,,,,,,,3,0,10,0,3,0,2,0,2,0,4,1,35.780631388888885,139.65241916666668,6,3,,,,
1,30,559,12,2,0,1,99000,0,119,2021,1,28,17,33,21,,,,,3,1,1,0,7,0,23,0,23,0,0,20,70,0,4,1,65,75,3,61,31,0,,,,,,,10,0,10,0,4,0,2,0,2,0,4,2,35.78651083333333,139.66669666666667,5,3,,,,
1,30,560,17,2,0,1,20000,0,120,2021,1,23,11,48,12,,,,,3,1,2,14,7,0,23,0,23,3,9,1,70,4,2,1,75,25,51,61,0,0,,,,,,,0,0,0,0,4,0,0,0,0,0,4,2,35.764067222222224,139.61028583333334,7,3,,,,
1,30,560,18,2,0,1,30000,0,120,2021,1,22,18,28,22,,,,,1,1,1,1,1,9,22,0,23,17,9,30,70,4,2,1,55,45,4,61,31,0,,,,,,,4,0,10,0,3,0,2,0,2,0,4,2,35.75653,139.60100805555555,6,3,,,,
1,30,560,20,2,0,1,10000,0,120,2021,1,28,14,43,12,,,,,5,1,2,14,1,0,23,0,23,5,9,1,70,1,2,1,55,65,3,61,31,0,,,,,,,5,0,20,0,3,0,2,0,2,0,4,2,35.76315777777778,139.6675772222222,5,3,,,,
1,30,660,1,2,0,1,20070,0,106,2020,12,26,10,2,12,,,,,1,1,1,14,7,0,23,0,23,2,9,1,70,5,1,1,1,75,51,61,0,0,,,,,,,0,0,20,0,3,0,0,0,0,0,4,2,35.70915305555556,139.7735252777778,7,3,,,,
1,30,660,4,2,0,1,20370,0,106,2021,1,8,8,30,12,,,,,1,1,1,14,7,0,23,0,23,5,9,1,70,4,1,1,55,45,51,61,0,0,,,,,,,0,0,10,0,4,0,0,0,0,0,4,2,35.70975,139.7688952777778,6,3,,,,
1,30,660,7,2,0,1,99000,0,106,2021,1,18,15,40,12,,,,,1,1,1,0,7,0,23,0,23,0,0,20,70,0,4,1,45,75,3,61,1,0,,,,,,,10,0,40,0,4,0,2,0,2,0,4,2,35.70990388888889,139.7796091666667,2,3,,,,
1,30,660,8,2,0,1,20000,0,106,2021,1,16,17,5,21,,,,,1,1,1,1,7,9,22,0,23,14,9,30,70,4,2,1,65,35,51,61,0,0,,,,,,,0,0,10,0,2,0,0,0,0,0,4,2,35.716901944444444,139.77662527777778,7,3,,,,
1,30,661,1,2,0,1,30000,0,106,2020,8,3,17,30,12,,,,,1,1,1,1,7,9,22,0,23,15,9,30,70,4,2,1,35,25,14,61,31,0,,,,,,,5,0,20,0,4,0,2,0,2,0,4,2,35.72119333333333,139.7871725,2,3,,,,
1,30,662,9,2,0,1,20000,0,106,2021,1,28,17,47,21,,,,,3,1,2,1,1,9,22,0,23,15,9,30,70,5,2,1,65,55,3,61,31,0,,,,,,,1,0,10,0,4,0,2,0,2,0,4,2,35.72562333333334,139.80793,5,3,,,,
1,30,662,11,2,0,1,30000,0,106,2021,1,29,14,30,12,,,,,1,1,1,14,1,0,23,0,23,2,9,1,70,5,2,1,55,75,3,61,31,0,,,,,,,2,0,10,0,3,0,2,0,2,0,4,2,35.72124111111111,139.79294222222222,6,3,,,,
1,30,663,1,2,0,1,30000,0,106,2021,1,5,14,20,12,,,,,1,1,1,14,7,0,23,0,23,3,9,1,1,5,3,1,55,1,51,61,0,0,,,,,,,0,0,10,0,3,0,0,0,0,0,2,4,35.70932666666667,139.7877075,3,3,,,,
1,30,663,3,2,0,1,10290,0,106,2021,1,7,8,0,12,,,,,1,1,1,1,1,9,22,0,23,18,9,30,70,4,2,1,35,25,3,61,31,0,,,,,,,4,0,50,0,4,0,2,0,2,0,4,2,35.70179,139.78547388888887,5,3,,,,
1,30,663,14,2,0,1,95000,0,106,2021,1,30,14,38,12,,,,,1,1,1,0,7,0,23,0,23,0,0,20,70,0,2,1,35,35,51,61,0,0,,,,,,,0,0,0,0,4,0,0,0,0,0,4,2,35.71178166666667,139.7919063888889,7,3,,,,
1,30,664,8,2,0,1,20570,0,118,2021,1,25,17,0,13,,,,,1,1,1,1,1,9,22,0,23,14,9,30,70,5,3,1,1,55,51,61,0,0,,,,,,,0,0,10,0,3,0,0,0,0,0,4,2,35.75317138888889,139.76232416666667,2,3,,,,
1,30,665,1,2,0,1,10090,0,118,2021,1,15,9,54,12,,,,,2,1,1,1,1,9,22,0,23,18,9,30,70,1,1,1,25,25,13,61,31,0,,,,,,,4,0,10,0,4,0,2,0,2,0,4,2,35.73050805555556,139.79091,6,3,,,,
1,30,665,3,2,0,1,30000,0,118,2021,1,27,18,0,21,,,,,1,1,1,1,1,9,22,0,23,18,9,30,70,5,2,1,55,65,3,61,1,0,,,,,,,5,0,40,0,4,0,2,0,2,0,4,2,35.73436777777778,139.79406333333333,4,3,,,,
1,30,667,1,2,0,1,20640,0,121,2020,12,26,10,45,12,,,,,1,1,1,14,7,0,23,0,23,3,9,1,70,5,4,1,35,45,51,61,0,0,,,,,,,0,0,10,0,3,0,0,0,0,0,4,2,35.75629333333333,139.78676666666667,7,3,,,,
1,30,668,9,2,0,1,20620,0,121,2020,8,27,11,17,12,,,,,1,1,2,14,7,0,23,0,23,3,9,1,70,4,2,1,1,65,51,61,0,0,,,,,,,0,0,10,0,3,0,0,0,0,0,4,2,35.77179722222222,139.79756666666665,5,3,,,,
1,30,668,12,2,0,1,30000,0,121,2021,1,1,23,33,22,,,,,1,1,1,1,7,9,22,0,23,15,7,30,70,5,3,1,65,45,3,61,31,0,,,,,,,10,0,10,0,3,0,2,0,2,0,4,2,35.77940916666667,139.78844361111112,6,1,,,,
1,30,668,22,2,0,1,20620,0,121,2021,1,12,10,38,12,,,,,2,1,1,1,1,9,22,0,23,17,9,30,70,4,2,1,45,75,13,61,31,0,,,,,,,3,0,10,0,4,0,2,0,2,0,4,2,35.77059027777778,139.79740194444443,3,3,,,,
1,30,668,26,2,0,1,30000,0,121,2020,12,24,12,30,12,,,,,2,1,1,7,1,0,23,0,23,3,9,1,70,4,3,1,35,55,3,61,31,0,,,,,,,2,0,10,0,4,0,2,0,2,0,4,2,35.77251166666667,139.76921611111112,5,3,,,,
1,30,668,36,2,0,1,30000,0,121,2021,1,25,21,10,22,,,,,1,1,1,14,7,0,23,0,23,3,9,1,70,5,4,1,45,55,51,61,0,0,,,,,,,0,0,10,0,4,0,0,0,0,0,4,2,35.77339083333333,139.7457572222222,2,3,,,,
1,30,668,39,2,0,1,30000,0,121,2021,1,26,11,55,12,,,,,2,1,1,1,7,0,23,0,23,14,9,30,70,5,2,1,45,0,61,0,0,0,,,,,,,0,0,0,0,0,0,0,0,0,0,2,0,35.77497111111111,139.79023805555556,3,3,,,,
1,30,668,41,2,0,1,10340,0,121,2021,1,27,6,0,23,,,,,2,1,2,1,7,1,21,0,23,15,9,30,70,5,1,1,45,65,13,61,31,0,,,,,,,2,0,10,0,3,0,2,0,2,0,4,2,35.78111861111111,139.7855338888889,4,3,,,,
1,30,668,48,2,0,1,30000,0,121,2020,12,28,13,42,12,,,,,1,1,1,14,7,0,23,0,23,2,9,1,70,5,2,1,65,65,3,61,1,0,,,,,,,2,0,0,0,3,0,2,0,2,0,4,2,35.775662777777775,139.8002216666667,2,3,,,,
1,30,668,50,2,0,1,10130,0,121,2021,1,7,17,50,22,,,,,1,1,1,1,1,9,22,0,23,18,9,30,70,1,2,1,65,35,3,61,31,0,,,,,,,4,0,10,0,4,0,2,0,2,0,4,2,35.778079999999996,139.77411361111112,5,3,,,,
1,30,668,52,2,0,1,30000,0,121,2021,1,20,14,10,12,,,,,1,1,1,7,7,0,23,0,23,2,9,1,70,5,2,1,55,55,59,61,0,0,,,,,,,0,0,10,0,4,0,0,0,0,0,4,2,35.76397027777778,139.80098416666667,4,3,,,,
1,30,669,3,2,0,1,30000,0,121,2020,12,29,14,30,12,,,,,1,1,1,1,1,9,22,0,23,14,9,30,70,5,3,1,65,35,3,61,31,0,,,,,,,10,0,40,0,4,0,2,0,2,0,4,2,35.78826027777777,139.83342000000002,3,3,,,,
1,30,669,4,2,0,1,30000,0,121,2020,12,27,12,10,12,,,,,1,1,1,14,1,0,23,0,23,3,9,1,70,4,1,1,35,65,51,61,0,0,,,,,,,0,0,10,0,4,0,0,0,0,0,4,2,35.762548611111114,139.82626888888888,1,3,,,,
1,30,669,13,2,0,1,20000,0,121,2021,1,8,10,20,12,,,,,1,1,1,1,1,9,22,0,23,19,9,30,70,4,2,1,35,75,12,61,1,0,,,,,,,3,0,10,0,3,0,2,0,2,0,4,2,35.78259944444444,139.81078555555555,6,3,,,,
1,30,669,15,2,0,1,30000,0,121,2021,1,8,17,30,21,,,,,1,1,1,1,7,1,22,0,23,15,9,30,70,4,2,1,75,75,3,61,1,0,,,,,,,3,0,10,0,3,0,2,0,2,0,4,2,35.76762361111111,139.8417286111111,6,3,,,,
1,30,669,17,2,0,2,30000,0,121,2021,1,9,14,25,12,,,,,1,1,1,7,1,0,23,0,23,4,9,1,70,5,1,1,45,55,51,61,0,0,,,,,,,0,0,10,0,3,0,0,0,0,0,2,2,35.7644525,139.831975,7,3,,,,
1,30,669,19,2,0,1,30000,0,121,2021,1,9,18,15,22,,,,,1,1,1,14,7,0,23,0,23,2,9,1,70,4,2,1,45,1,51,61,0,0,,,,,,,0,0,30,0,4,0,0,0,0,0,4,2,35.76874083333333,139.82691888888888,7,3,,,,
1,30,669,37,2,0,1,30000,0,121,2021,1,15,16,17,13,,,,,1,1,1,14,7,0,23,0,23,3,9,1,70,5,2,1,55,1,14,61,31,0,,,,,,,2,0,50,0,3,0,2,0,2,0,4,2,35.795048055555554,139.83997583333334,6,3,,,,
1,30,669,42,2,0,1,30000,0,121,2021,1,28,9,55,12,,,,,2,1,1,1,1,9,22,0,23,15,9,30,70,4,1,1,45,75,3,61,31,0,,,,,,,3,0,10,0,4,0,2,0,2,0,4,2,35.78485944444444,139.81070861111112,5,3,,,,
1,30,670,2,2,0,1,99000,0,121,2020,11,10,13,49,12,,,,,1,1,1,0,7,0,23,0,23,0,0,20,70,0,4,1,55,55,3,61,31,0,,,,,,,10,0,30,0,3,0,2,0,2,0,4,2,35.80465638888889,139.8046688888889,3,3,,,,
1,30,670,5,2,0,1,30000,0,121,2021,1,5,17,22,21,,,,,2,1,1,7,7,0,23,0,23,2,9,20,70,5,3,1,65,65,4,61,31,0,,,,,,,3,0,10,0,3,0,2,0,2,0,4,2,35.79474083333333,139.80161611111112,3,3,,,,
1,30,670,13,2,0,1,30000,0,121,2021,1,17,10,0,12,,,,,2,1,1,7,1,0,23,0,23,2,9,1,70,4,2,1,45,35,4,61,31,0,,,,,,,5,0,50,0,3,0,2,0,2,0,4,2,35.80514583333333,139.80433083333335,1,3,,,,
1,30,771,3,2,0,1,30000,0,108,2020,12,31,9,55,12,,,,,1,1,1,7,7,0,23,0,23,3,9,1,70,5,4,1,55,1,3,61,31,0,,,,,,,1,0,40,0,3,0,2,0,2,0,4,2,35.67164361111111,139.79468138888888,5,2,,,,
1,30,771,4,2,0,1,20680,0,108,2020,12,18,15,30,13,,,,,1,1,1,14,7,0,23,0,23,5,9,1,70,4,2,1,35,65,51,61,0,0,,,,,,,0,0,10,0,4,0,0,0,0,0,4,2,35.68857805555555,139.79830222222222,6,3,,,,
1,30,772,4,2,0,1,30000,0,108,2021,1,1,20,1,22,,,,,1,1,1,1,1,9,22,0,23,18,9,30,70,4,3,1,65,35,3,61,31,0,,,,,,,2,0,10,0,4,0,2,0,2,0,4,2,35.66943694444444,139.8410927777778,6,1,,,,
1,30,772,12,2,0,1,30000,0,108,2021,1,12,13,55,12,,,,,3,1,2,1,1,9,22,0,23,14,9,30,70,4,1,1,55,75,13,61,31,0,,,,,,,3,0,10,0,4,0,2,0,2,0,4,2,35.679424166666664,139.82375638888888,3,3,,,,
1,30,772,13,2,0,1,30000,0,108,2021,1,12,16,8,13,,,,,3,1,2,1,7,9,22,0,23,11,9,30,70,4,2,1,1,1,51,61,0,0,,,,,,,0,0,40,0,3,0,0,0,0,0,4,2,35.69215694444444,139.83176166666667,3,3,,,,
1,30,772,16,2,0,1,30000,0,108,2021,1,9,12,10,12,,,,,1,1,1,14,7,0,23,0,23,3,9,1,70,5,3,1,75,35,3,61,31,0,,,,,,,2,0,40,0,4,0,2,0,2,0,4,2,35.70258555555556,139.81926388888888,7,3,,,,
1,30,772,20,2,0,1,10090,0,108,2021,1,25,9,35,12,,,,,1,1,1,14,7,0,23,0,23,4,9,1,70,4,2,1,55,65,3,61,31,0,,,,,,,4,0,30,0,3,0,2,0,2,0,4,2,35.67975305555555,139.82758833333332,2,3,,,,
1,30,772,22,2,0,1,30000,0,108,2021,1,29,11,0,12,,,,,1,1,1,7,1,0,23,0,23,3,9,1,70,4,2,1,45,75,36,61,31,0,,,,,,,10,0,10,0,3,0,0,0,0,0,4,2,35.672932777777774,139.82904249999999,6,3,,,,
1,30,773,1,2,0,1,60,55,107,2021,1,2,20,45,22,,,,,1,1,1,1,1,9,22,0,23,18,9,30,70,1,2,1,55,35,3,61,1,0,,,,,,,5,0,10,0,3,0,2,0,2,0,4,2,35.71568944444445,139.8100213888889,7,3,,,,
1,30,773,2,2,0,1,30000,0,107,2021,1,8,17,50,22,,,,,1,1,1,1,7,1,21,0,23,14,9,30,70,4,2,1,45,55,3,61,31,0,,,,,,,2,0,10,0,3,0,2,0,2,0,4,2,35.69019333333333,139.80960694444445,6,3,,,,
1,30,773,5,2,0,1,30000,0,107,2021,1,15,16,13,13,,,,,1,1,1,14,7,0,23,0,23,3,9,1,70,5,4,1,65,55,3,61,1,0,,,,,,,10,0,40,0,4,0,2,0,2,0,4,2,35.695292499999994,139.81691527777778,6,3,,,,
1,30,773,9,2,0,1,20690,0,107,2021,1,20,10,56,12,,,,,1,1,1,1,1,9,22,0,23,19,9,30,70,4,1,1,45,55,11,61,1,0,,,,,,,5,0,20,0,4,0,2,0,2,0,4,2,35.70428722222223,139.8144263888889,4,3,,,,
1,30,775,14,2,0,1,30000,0,122,2021,1,3,17,45,22,,,,,1,1,1,14,7,0,23,0,23,3,9,20,70,5,3,1,55,25,3,61,31,0,,,,,,,2,0,10,0,4,0,2,0,2,0,4,2,35.747214444444445,139.84398944444445,1,3,,,,
1,30,775,24,2,0,1,30000,0,122,2021,1,20,10,25,12,,,,,1,1,1,7,1,0,23,0,23,3,9,1,70,4,1,1,75,65,3,61,31,0,,,,,,,2,0,10,0,3,0,2,0,2,0,4,2,35.75345333333333,139.84291416666667,4,3,,,,
1,30,776,8,2,0,1,30000,0,122,2021,1,2,8,40,12,,,,,1,1,1,13,7,0,23,0,23,2,3,20,70,5,4,1,1,65,51,61,0,0,,,,,,,0,0,10,0,3,0,0,0,0,0,4,2,35.74225666666667,139.830085,7,3,,,,
1,30,776,16,2,0,1,30000,0,122,2021,1,23,9,40,12,,,,,3,1,2,14,7,0,23,0,23,2,9,1,70,5,3,1,65,35,51,61,0,0,,,,,,,0,0,20,0,4,0,0,0,0,0,4,2,35.7300525,139.86274777777777,7,3,,,,
1,30,777,13,2,0,1,99000,0,123,2021,1,16,14,10,12,,,,,1,1,1,0,7,0,23,0,23,0,0,20,70,0,4,1,35,75,51,61,0,0,,,,,,,0,0,10,0,3,0,0,0,0,0,4,2,35.69082888888889,139.85288444444444,7,3,,,,
1,30,777,24,2,0,1,30000,0,123,2021,1,22,13,22,12,,,,,1,1,1,1,1,9,22,0,23,15,9,30,70,4,2,1,45,75,3,61,31,0,,,,,,,10,0,10,0,3,0,2,0,2,0,4,2,35.707185833333334,139.8422163888889,6,3,,,,
1,30,777,29,2,0,1,30000,0,123,2021,1,26,10,18,12,,,,,1,1,1,1,7,1,21,0,23,11,9,30,70,5,2,1,75,55,51,61,0,0,,,,,,,0,0,10,0,3,0,0,0,0,0,4,2,35.69134472222222,139.861575,3,3,,,,
1,30,777,35,2,0,2,10290,0,123,2021,1,28,21,9,22,,,,,2,1,2,1,1,9,22,0,23,19,9,30,70,1,2,1,35,35,3,61,31,0,,,,,,,10,0,10,0,3,0,2,0,2,0,4,2,35.709318055555556,139.8428436111111,5,3,,,,
1,30,777,41,2,0,1,30000,0,123,2021,1,30,18,10,22,,,,,1,1,1,1,7,9,22,0,23,15,9,30,70,5,1,1,45,45,3,61,31,0,,,,,,,2,0,10,0,3,0,2,0,2,0,4,2,35.70357305555556,139.8978336111111,7,3,,,,
1,30,778,2,2,0,1,30000,0,123,2020,12,9,12,12,12,,,,,2,1,1,1,7,9,22,0,23,14,9,30,70,4,2,1,35,45,3,61,31,0,,,,,,,2,0,30,0,4,0,2,0,2,0,4,2,35.733963611111115,139.88315833333334,4,3,,,,
1,30,778,5,2,0,1,10380,0,123,2021,1,15,14,45,12,,,,,1,1,1,1,1,9,22,0,23,15,9,30,70,4,2,1,35,75,12,61,1,0,,,,,,,3,0,10,0,3,0,2,0,2,0,4,2,35.721381944444445,139.89029555555555,6,3,,,,
1,30,778,6,2,0,1,95000,0,123,2021,1,18,10,50,12,,,,,1,1,1,0,7,0,23,0,23,0,0,20,70,0,4,1,45,35,3,61,31,0,,,,,,,10,0,30,0,3,0,2,0,2,0,4,2,35.725385555555555,139.89062388888888,2,3,,,,
1,30,778,11,2,0,1,30000,0,123,2021,1,22,17,30,21,,,,,1,1,1,7,7,0,23,0,23,3,9,1,70,4,2,1,35,1,12,61,31,0,,,,,,,5,0,10,0,3,0,2,0,2,0,4,2,35.733621944444444,139.8757713888889,6,3,,,,
1,30,778,14,2,0,1,30000,0,123,2021,1,30,13,0,12,,,,,1,1,1,14,7,0,23,0,23,2,9,1,70,5,2,1,1,1,36,61,31,0,,,,,,,2,0,10,0,3,0,0,0,0,0,4,2,35.735215277777776,139.88263166666667,7,3,,,,
1,30,779,2,2,0,1,30000,0,123,2020,11,11,18,20,22,,,,,1,1,1,14,7,0,23,0,23,6,9,1,70,1,2,1,55,55,3,61,31,0,,,,,,,10,0,10,0,3,0,2,0,2,0,4,2,35.65169722222222,139.86320777777777,4,3,,,,
1,30,779,3,2,0,1,30000,0,123,2020,12,21,17,50,22,,,,,1,1,1,14,7,0,23,0,23,3,9,1,70,4,2,1,1,45,51,61,0,0,,,,,,,0,0,10,0,4,0,0,0,0,0,4,2,35.685784444444444,139.85976583333334,2,3,,,,
1,30,779,11,2,0,1,99000,0,123,2021,1,5,4,20,22,,,,,1,1,1,0,7,0,23,0,23,0,0,20,70,0,4,1,25,55,24,61,0,0,,,,,,,10,0,50,0,3,0,0,0,0,0,4,2,35.65011361111111,139.86329722222223,3,3,,,,
1,30,779,16,2,0,1,30000,0,123,2021,1,17,15,15,12,,,,,1,1,1,14,7,0,23,0,23,3,9,1,70,4,2,1,45,35,3,61,31,0,,,,,,,2,0,10,0,3,0,2,0,2,0,4,2,35.667921944444444,139.86150805555556,1,3,,,,
1,30,876,11,2,0,1,20000,0,201,2020,12,3,20,35,22,,,,,1,2,1,1,1,9,22,0,23,15,8,30,70,5,2,1,45,45,3,61,31,0,,,,,,,3,0,10,0,3,0,2,0,2,0,4,2,35.629958611111114,139.42324694444443,5,3,,,,
1,30,876,22,2,0,1,10480,0,201,2021,1,4,10,18,12,,,,,1,1,1,1,1,9,22,0,23,18,9,30,70,1,2,1,65,75,14,61,1,0,,,,,,,4,0,10,0,3,0,2,0,2,0,4,2,35.628015833333336,139.38278277777778,2,3,,,,
1,30,876,29,2,0,1,30000,0,201,2021,1,15,18,40,22,,,,,1,1,1,1,7,9,22,0,23,15,9,30,70,4,2,1,75,55,36,61,31,0,,,,,,,10,0,10,0,4,0,0,0,0,0,4,2,35.62983583333333,139.35227527777778,6,3,,,,
1,30,876,33,2,0,1,30000,0,201,2021,1,20,14,50,12,,,,,1,2,1,14,7,0,23,0,23,3,8,20,70,5,1,1,45,1,4,61,31,0,,,,,,,2,0,80,0,3,0,2,0,2,0,4,2,35.63337527777778,139.3444577777778,4,3,,,,
1,30,876,40,2,0,1,20770,0,201,2021,1,27,8,20,12,,,,,2,1,1,14,7,0,23,0,23,1,8,1,70,4,2,1,25,55,51,61,0,0,,,,,,,0,0,10,0,3,0,0,0,0,0,4,2,35.64286472222222,139.341185,4,3,,,,
1,30,877,2,2,0,1,99000,0,201,2021,1,3,14,40,12,,,,,1,3,1,0,7,0,23,0,23,0,0,20,70,0,4,1,45,75,3,61,31,0,,,,,,,10,0,30,0,3,0,2,0,2,0,4,2,35.66378944444444,139.29520083333333,1,3,,,,
1,30,877,15,2,0,1,95000,0,201,2021,1,13,11,10,12,,,,,1,3,1,0,7,0,23,0,23,0,0,20,70,0,4,1,65,35,3,61,31,0,,,,,,,10,0,50,0,3,0,2,0,2,0,4,2,35.65526388888889,139.3042511111111,4,3,,,,
1,30,877,20,2,0,3,30000,0,201,2021,1,26,15,5,12,,,,,1,1,1,1,1,9,22,0,23,14,9,30,70,4,1,1,75,1,36,61,31,0,,,,,,,2,0,10,0,3,0,0,0,0,0,4,2,35.63151138888889,139.3117402777778,3,3,,,,
1,30,877,22,2,0,1,30000,0,201,2021,1,28,15,25,12,,,,,3,2,2,1,1,9,22,0,23,15,9,30,70,4,2,1,65,25,4,61,31,0,,,,,,,3,0,10,0,3,0,2,0,2,0,4,2,35.63899527777778,139.31193666666667,5,3,,,,
1,30,877,23,2,0,1,30000,0,201,2021,1,18,19,25,22,,,,,1,1,1,14,7,0,23,0,23,3,9,1,70,5,4,1,1,55,51,61,0,0,,,,,,,0,0,10,0,3,0,0,0,0,0,4,2,35.67372777777778,139.28745333333333,2,3,,,,