資料区分,都道府県コード,警察署等コード,本票番号,事故内容,死者数,負傷者数,路線コード,地点コード,市区町村コード,発生日時　　年,発生日時　　月,発生日時　　日,発生日時　　時,発生日時　　分,昼夜,日の出時刻　　時,日の出時刻　　分,日の入り時刻　　時,日の入り時刻　　分,天候,地形,路面状態,道路形状,信号機,一時停止規制　標識（当事者A）,一時停止規制　表示（当事者A）,一時停止規制　標識（当事者B）,一時停止規制　表示（当事者B）,車道幅員,道路線形,衝突地点,ゾーン規制,中央分離帯施設等,歩車道区分,事故類型,年齢（当事者A）,年齢（当事者B）,当事者種別（当事者A）,当事者種別（当事者B）,用途別（当事者A）,用途別（当事者B）,車両形状等（当事者A）,車両形状等（当事者B）,オートマチック車（当事者A）,オートマチック車（当事者B）,サポカー（当事者A）,サポカー（当事者B）,速度規制（指定のみ）（当事者A）,速度規制（指定のみ）（当事者B）,車両の衝突部位（当事者A）,車両の衝突部位（当事者B）,車両の損壊程度（当事者A）,車両の損壊程度（当事者B）,エアバッグの装備（当事者A）,エアバッグの装備（当事者B）,サイドエアバッグの装備（当事者A）,サイドエアバッグの装備（当事者B）,人身損傷程度（当事者A）,人身損傷程度（当事者B）,lat,lon,曜日(発生年月日),祝日(発生年月日),認知機能検査経過日数（当事者A）,認知機能検査経過日数（当事者B）,運転練習の方法（当事者A）,運転練習の方法（当事者B）
1,30,878,4,2,0,1,21110,0,224,2020,12,22,19,15,22,,,,,1,2,1,14,7,0,23,0,23,1,9,1,70,1,2,1,35,1,51,61,0,0,,,,,,,0,0,40,0,3,0,0,0,0,0,4,2,35.631546666666665,139.43374888888889,3,3,,,,
1,30,878,8,2,0,1,30000,0,224,2021,1,4,17,10,21,,,,,1,1,1,1,1,9,22,0,23,14,9,30,70,4,1,1,35,75,3,61,31,0,,,,,,,3,0,20,0,3,0,2,0,2,0,4,2,35.636291666666665,139.4462577777778,2,3,,,,
1,30,878,11,2,0,1,30000,0,224,2021,1,7,12,50,12,,,,,1,2,1,1,1,9,22,0,23,15,8,30,70,4,2,1,1,1,51,61,0,0,,,,,,,0,0,10,0,3,0,0,0,0,0,4,2,35.61638138888889,139.44838722222224,5,3,,,,
1,30,878,13,2,0,1,30000,0,224,2021,1,10,10,55,12,,,,,1,1,1,1,1,9,22,0,23,15,9,30,70,1,1,1,35,65,3,61,31,0,,,,,,,10,0,20,0,3,0,2,0,2,0,4,2,35.62282916666667,139.42834777777776,1,2,,,,
1,30,878,35,2,0,1,30000,0,224,2021,1,19,19,10,22,,,,,1,1,1,14,7,0,23,0,23,4,9,1,70,4,2,1,25,75,36,61,31,0,,,,,,,2,0,10,0,3,0,0,0,0,0,4,2,35.64872833333333,139.44635472222222,3,3,,,,
1,30,878,39,2,0,1,10610,0,225,2021,1,22,18,40,22,,,,,1,1,1,1,1,9,22,0,23,15,9,30,70,4,2,1,25,1,36,61,31,0,,,,,,,2,0,10,0,3,0,0,0,0,0,4,2,35.62744,139.48807944444442,6,3,,,,
1,30,879,4,2,0,1,99000,0,223,2021,1,3,14,15,12,,,,,1,2,1,0,7,0,23,0,23,0,0,20,70,0,4,1,55,25,3,61,31,0,,,,,,,2,0,20,0,3,0,2,0,2,0,4,2,35.74799388888889,139.40584694444445,1,3,,,,
1,30,879,11,2,0,1,30580,0,220,2021,1,12,21,15,22,,,,,2,1,1,1,1,9,22,0,23,15,9,30,70,5,2,1,45,45,12,61,1,0,,,,,,,2,0,10,0,3,0,2,0,2,0,4,2,35.74269666666667,139.4444838888889,3,3,,,,
1,30,879,12,2,0,1,30000,0,220,2021,1,14,6,10,23,,,,,1,2,1,1,1,9,22,0,23,15,9,30,70,5,2,1,55,75,17,61,1,0,,,,,,,3,0,10,0,3,0,2,0,2,0,4,2,35.73844944444445,139.44481055555556,5,3,,,,
1,30,879,28,2,0,1,10240,0,220,2021,1,22,14,40,12,,,,,1,1,1,1,1,9,22,0,23,14,9,30,70,4,2,1,25,75,3,61,31,0,,,,,,,3,0,10,0,3,0,2,0,2,0,4,2,35.75263555555556,139.4270575,6,3,,,,
1,30,879,29,2,0,1,30000,0,220,2021,1,22,14,45,12,,,,,1,1,1,14,7,0,23,0,23,2,9,1,70,5,4,1,75,1,4,61,31,0,,,,,,,1,0,10,0,3,0,2,0,2,0,4,2,35.750818055555555,139.44132694444446,6,3,,,,
1,30,880,4,2,0,1,10450,0,205,2021,1,11,12,30,12,,,,,1,1,1,13,7,0,23,0,23,3,5,1,70,4,1,1,55,55,13,61,31,0,,,,,,,3,0,10,0,2,0,2,0,2,0,4,2,35.79796388888889,139.21331694444444,2,1,,,,
1,30,880,9,2,0,1,30000,0,205,2021,1,16,19,5,22,,,,,1,1,1,1,1,9,22,0,23,15,9,30,70,4,2,1,65,55,3,61,31,0,,,,,,,3,0,10,0,3,0,2,0,2,0,4,2,35.79924777777778,139.30463583333335,7,3,,,,
1,30,880,13,2,0,1,10440,0,205,2021,1,22,8,15,12,,,,,1,1,1,1,7,9,22,0,23,15,9,30,70,5,3,1,75,65,3,61,31,0,,,,,,,1,0,80,0,3,0,2,0,2,0,4,2,35.80426277777777,139.30691416666667,6,3,,,,
1,30,880,14,2,0,1,30000,0,205,2021,1,23,13,20,12,,,,,3,1,2,14,7,0,23,0,23,1,9,1,70,4,2,1,55,55,3,61,31,0,,,,,,,10,0,30,0,4,0,2,0,2,0,4,2,35.79024222222222,139.2866261111111,7,3,,,,
1,30,880,16,2,0,1,30000,0,205,2021,1,25,9,5,12,,,,,1,2,1,7,1,0,23,0,23,2,9,1,70,4,2,1,65,65,4,61,31,0,,,,,,,10,0,80,0,4,0,2,0,2,0,4,2,35.78397,139.29096333333334,2,3,,,,
1,30,880,17,2,0,1,30000,0,205,2021,1,25,14,0,12,,,,,1,2,1,7,7,0,23,0,23,1,9,1,70,5,3,1,25,65,14,61,31,0,,,,,,,10,0,10,0,4,0,2,0,2,0,4,2,35.786054444444446,139.26671361111113,2,3,,,,
1,30,880,20,2,0,1,30000,0,205,2021,1,29,15,10,12,,,,,1,1,1,1,7,1,22,0,23,14,9,30,70,4,2,1,25,55,3,61,31,0,,,,,,,10,0,10,0,3,0,2,0,2,0,4,2,35.78536,139.30301611111113,6,3,,,,
1,30,880,23,2,0,1,30000,0,205,2021,1,26,8,45,12,,,,,1,1,1,14,7,0,23,0,23,4,9,1,70,5,3,1,75,45,3,61,31,0,,,,,,,3,0,40,0,4,0,2,0,2,0,4,2,35.78935388888889,139.27390055555557,3,3,,,,
1,30,881,1,2,0,1,30000,0,305,2021,1,7,7,45,11,,,,,1,3,1,14,7,0,23,0,23,3,9,1,70,4,3,1,45,75,4,61,31,0,,,,,,,3,0,80,0,3,0,2,0,2,0,4,2,35.7363775,139.2799738888889,5,3,,,,
1,30,881,2,2,0,1,10260,0,228,2021,1,8,15,15,12,,,,,1,2,1,1,1,9,22,0,23,19,9,30,70,4,2,1,25,55,3,61,31,0,,,,,,,4,0,50,0,3,0,2,0,2,0,4,2,35.72665,139.2544175,6,3,,,,
1,30,881,7,2,0,1,20000,0,305,2021,1,28,18,0,21,,,,,2,3,2,1,1,9,22,0,23,15,9,30,70,1,1,1,45,35,4,61,31,0,,,,,,,5,0,50,0,4,0,2,0,2,0,4,2,35.73923805555555,139.2840486111111,5,3,,,,
1,30,882,10,2,0,1,99000,0,218,2021,1,1,12,25,12,,,,,1,1,1,0,7,0,23,0,23,0,0,20,70,0,4,1,45,55,3,61,31,0,,,,,,,10,0,70,0,3,0,2,0,2,0,4,2,35.73341611111111,139.33569277777778,6,1,,,,
1,30,882,18,2,0,1,30000,0,227,2021,1,5,18,0,22,,,,,1,1,1,1,1,9,22,0,23,15,9,30,70,4,2,1,45,65,4,61,31,0,,,,,,,3,0,10,0,3,0,2,0,2,0,4,2,35.780098333333335,139.29942499999999,3,3,,,,
1,30,882,20,2,0,1,30000,0,218,2021,1,5,19,20,22,,,,,1,1,1,1,7,1,21,0,23,11,9,30,70,5,3,1,25,35,13,61,1,0,,,,,,,2,0,10,0,3,0,2,0,2,0,4,2,35.73426888888889,139.33249194444443,3,3,,,,
1,30,882,21,2,0,1,95000,0,227,2021,1,6,6,10,23,,,,,2,1,1,1,1,9,22,0,23,14,9,30,70,4,2,1,45,45,3,61,31,0,,,,,,,3,0,10,0,4,0,2,0,2,0,4,2,35.77920638888889,139.30121305555556,4,3,,,,
1,30,882,24,2,0,1,30000,0,218,2021,1,10,19,15,22,,,,,1,2,1,7,7,0,23,0,23,2,9,1,70,5,1,1,65,25,3,61,1,0,,,,,,,2,0,10,0,3,0,2,0,2,0,4,2,35.74558722222222,139.3261586111111,1,2,,,,
1,30,882,29,2,0,1,30000,0,303,2021,1,14,14,40,12,,,,,1,1,1,7,7,0,23,0,23,3,9,20,70,5,3,1,25,1,4,61,31,0,,,,,,,2,0,10,0,3,0,2,0,2,0,4,2,35.766995277777774,139.35334777777777,5,3,,,,
1,30,882,34,2,0,1,30000,0,228,2021,1,20,8,23,12,,,,,1,2,1,7,7,0,23,0,23,2,9,1,70,5,2,1,35,75,4,61,31,0,,,,,,,10,0,20,0,3,0,2,0,2,0,4,2,35.737505,139.30747722222225,4,3,,,,
1,30,882,44,2,0,1,95000,0,228,2021,1,26,5,22,22,,,,,1,1,1,1,7,9,22,0,23,11,9,30,70,5,3,1,25,35,3,61,31,0,,,,,,,10,0,50,0,3,0,2,0,2,0,4,2,35.727179722222225,139.2852986111111,3,3,,,,
1,30,882,47,2,0,1,95000,0,227,2021,1,29,17,45,21,,,,,1,2,1,7,7,0,23,0,23,2,9,1,70,4,2,1,45,55,14,61,31,0,,,,,,,10,0,10,0,3,0,2,0,2,0,4,2,35.7652675,139.32922305555556,6,3,,,,
1,30,882,55,2,0,1,95000,0,303,2021,1,16,18,20,22,,,,,1,3,1,7,7,0,23,0,23,1,9,20,70,5,4,1,45,65,3,61,31,0,,,,,,,10,0,21,0,3,0,2,0,2,0,4,2,35.76063277777778,139.35771805555555,7,3,,,,
1,30,883,3,2,0,1,30000,0,201,2020,12,13,13,0,12,,,,,2,2,1,14,7,0,23,0,23,2,9,1,70,5,2,1,1,45,51,61,0,0,,,,,,,0,0,10,0,4,0,0,0,0,0,4,2,35.662890555555556,139.34954611111112,1,3,,,,
1,30,883,10,2,0,1,30000,0,201,2021,1,8,10,10,12,,,,,1,1,1,14,1,0,23,0,23,2,9,1,70,4,2,1,55,45,2,61,31,0,,,,,,,3,0,10,0,3,0,2,0,2,0,4,2,35.65237888888889,139.32666166666667,6,3,,,,
1,30,883,18,2,0,1,30000,0,201,2021,1,13,8,25,12,,,,,1,1,1,1,1,9,22,0,23,11,9,30,70,5,3,1,55,35,3,61,31,0,,,,,,,5,0,20,0,4,0,2,0,2,0,4,2,35.65873194444444,139.34418305555556,4,3,,,,
1,30,883,19,2,0,1,30000,0,201,2021,1,14,17,30,21,,,,,1,1,1,1,1,9,22,0,23,11,3,30,70,4,2,1,35,55,3,61,31,0,,,,,,,3,0,50,0,2,0,2,0,2,0,4,2,35.688494999999996,139.35186,5,3,,,,
1,30,883,25,2,0,1,30000,0,201,2021,1,18,9,0,12,,,,,2,1,1,14,7,0,23,0,23,2,9,1,70,5,3,1,65,55,4,61,31,0,,,,,,,10,0,40,0,3,0,2,0,2,0,4,2,35.65734527777778,139.3353038888889,2,3,,,,
1,30,883,26,2,0,1,30000,0,201,2021,1,18,20,5,22,,,,,1,2,1,7,1,0,23,0,23,3,9,20,70,4,1,1,75,25,3,61,31,0,,,,,,,3,0,10,0,3,0,2,0,2,0,4,2,35.674767499999994,139.3703275,2,3,,,,
1,30,883,30,2,0,1,30000,0,201,2021,1,21,13,10,12,,,,,1,1,1,7,1,0,23,0,23,2,9,1,70,4,2,1,75,65,3,61,31,0,,,,,,,5,0,10,0,3,0,2,0,2,0,4,2,35.66147083333333,139.34069333333335,5,3,,,,
1,30,883,34,2,0,1,20000,0,201,2021,1,25,16,15,13,,,,,1,1,3,1,1,9,22,0,23,14,9,30,70,4,1,1,1,1,4,61,31,0,,,,,,,3,0,10,0,3,0,2,0,2,0,4,2,35.66320694444444,139.36783861111113,2,3,,,,
1,30,883,35,2,0,1,20740,0,201,2021,1,26,6,20,23,,,,,1,1,1,1,1,9,22,0,23,11,9,30,70,4,1,1,25,45,3,61,31,0,,,,,,,5,0,20,0,3,0,2,0,2,0,4,2,35.6892825,139.3050675,3,3,,,,
1,30,883,44,2,0,1,30000,0,201,2021,1,19,7,50,12,,,,,1,3,1,14,7,0,23,0,23,3,7,1,70,5,3,1,35,1,51,61,0,0,,,,,,,0,0,10,0,4,0,0,0,0,0,4,2,35.66889444444444,139.33058805555555,3,3,,,,
1,30,884,4,2,0,1,30000,0,209,2020,12,25,11,42,12,,,,,1,1,1,14,7,0,23,0,23,3,9,1,70,5,3,1,55,25,3,61,31,0,,,,,,,2,0,30,0,3,0,2,0,2,0,4,2,35.52244722222222,139.46904666666666,6,3,,,,
1,30,884,6,2,0,1,30000,0,209,2020,12,31,17,45,22,,,,,1,1,1,1,7,9,22,0,23,11,9,30,70,5,2,1,55,75,4,61,31,0,,,,,,,3,0,10,0,3,0,2,0,2,0,4,2,35.5544625,139.44530055555555,5,2,,,,
1,30,884,10,2,0,1,30000,0,209,2020,11,21,17,45,22,,,,,1,1,5,14,7,0,23,0,23,3,9,1,70,5,3,1,75,45,14,61,31,0,,,,,,,3,0,20,0,3,0,2,0,2,0,4,2,35.57841166666667,139.45130666666665,7,3,,,,
1,30,884,17,2,0,1,30000,0,209,2021,1,2,15,30,12,,,,,1,1,1,1,7,9,22,0,23,11,7,30,70,4,2,1,25,45,4,61,31,0,,,,,,,5,0,20,0,3,0,2,0,2,0,4,2,35.50954472222222,139.47296694444444,7,3,,,,
1,30,884,19,2,0,1,30000,0,209,2021,1,4,22,55,22,,,,,1,1,1,14,1,0,23,0,23,2,9,1,70,5,2,1,1,55,13,61,31,0,,,,,,,3,0,10,0,3,0,2,0,2,0,4,2,35.53511555555556,139.46336527777777,2,3,,,,
1,30,884,20,2,0,2,30000,0,209,2021,1,5,22,0,22,,,,,1,1,1,14,7,0,23,0,23,2,9,1,70,5,2,1,1,65,51,61,0,0,,,,,,,0,0,10,0,3,0,0,0,0,0,4,2,35.58271250000001,139.43581472222223,3,3,,,,
1,30,884,33,2,0,1,10570,0,209,2021,1,12,16,51,21,,,,,3,1,2,14,7,0,23,0,23,5,8,1,70,4,2,1,45,1,4,61,31,0,,,,,,,3,0,10,0,3,0,2,0,2,0,4,2,35.55969416666667,139.4483075,3,3,,,,
1,30,884,34,2,0,1,30000,0,209,2021,1,12,5,43,22,,,,,2,1,2,1,7,1,21,0,23,14,8,30,70,5,3,1,75,65,3,61,31,0,,,,,,,2,0,10,0,3,0,2,0,2,0,4,2,35.56412638888889,139.46541305555556,3,3,,,,
1,30,884,37,2,0,1,30000,0,209,2021,1,16,14,25,12,,,,,1,1,1,14,7,0,23,0,23,1,9,1,70,5,3,1,55,35,3,61,31,0,,,,,,,2,0,20,0,3,0,2,0,2,0,4,2,35.596583055555556,139.4102538888889,7,3,,,,
1,30,884,41,2,0,1,30560,0,209,2021,1,9,8,50,12,,,,,1,1,1,14,7,0,23,0,23,2,9,1,70,5,3,1,55,1,4,61,31,0,,,,,,,2,0,10,0,4,0,2,0,2,0,4,2,35.54456555555555,139.44267472222222,7,3,,,,
1,30,884,48,2,0,1,99000,0,209,2021,1,22,6,37,23,,,,,1,1,1,0,7,0,23,0,23,0,0,20,70,0,2,1,25,55,13,61,31,0,,,,,,,10,0,10,0,3,0,2,0,2,0,4,2,35.51041416666666,139.47686833333333,6,3,,,,
1,30,884,52,2,0,1,30000,0,209,2021,1,13,12,8,12,,,,,1,1,1,14,7,0,23,0,23,3,8,1,70,5,3,1,75,25,3,61,31,0,,,,,,,2,0,20,0,3,0,2,0,2,0,4,2,35.56495888888889,139.4665186111111,4,3,,,,
1,30,884,53,2,0,1,10490,0,209,2021,1,22,10,20,12,,,,,1,1,1,1,1,9,22,0,23,17,9,30,70,4,2,1,1,65,52,61,0,0,,,,,,,0,0,10,0,3,0,0,0,0,0,4,2,35.53850111111111,139.45389555555553,6,3,,,,
1,30,884,56,2,0,1,30000,0,209,2021,1,25,8,10,12,,,,,1,1,1,1,7,1,22,0,23,11,9,30,70,5,3,1,45,1,3,61,31,0,,,,,,,1,0,80,0,4,0,2,0,2,0,4,2,35.564053055555554,139.42881083333333,2,3,,,,
1,30,884,57,2,0,1,30000,0,209,2021,1,13,13,0,12,,,,,1,1,1,14,7,0,23,0,23,2,9,1,70,5,3,1,55,45,3,61,31,0,,,,,,,2,0,40,0,3,0,2,0,2,0,4,2,35.55090194444444,139.43971416666668,4,3,,,,
1,30,884,60,2,0,1,10610,0,209,2021,1,24,19,45,22,,,,,3,1,2,7,1,0,23,0,23,5,9,1,70,4,2,1,45,45,14,61,31,0,,,,,,,3,0,10,0,3,0,2,0,2,0,4,2,35.587941111111114,139.46731944444446,1,3,,,,
1,30,884,64,2,0,1,30000,0,209,2021,1,4,17,0,21,,,,,1,1,1,14,7,0,23,0,23,2,9,1,70,5,2,1,1,55,51,61,0,0,,,,,,,0,0,10,0,3,0,0,0,0,0,4,2,35.56691333333334,139.4129763888889,2,3,,,,
1,30,884,68,2,0,1,99000,0,209,2021,1,31,16,10,13,,,,,1,1,1,0,7,0,23,0,23,0,0,20,70,0,4,1,35,25,3,61,31,0,,,,,,,10,0,30,0,3,0,2,0,2,0,4,2,35.55459972222222,139.43606916666667,1,3,,,,
1,30,885,5,2,0,1,99000,0,212,2020,11,2,13,9,12,,,,,2,3,1,0,7,0,23,0,23,0,0,20,70,0,4,1,45,65,2,61,31,0,,,,,,,10,0,40,0,3,0,2,0,2,0,4,2,35.66923333333333,139.37242194444445,2,2,,,,
1,30,885,11,2,0,1,99000,0,212,2020,12,14,5,30,22,,,,,1,3,1,0,7,0,23,0,23,0,0,20,70,0,4,1,25,45,51,61,0,0,,,,,,,0,0,10,0,3,0,0,0,0,0,4,2,35.66473388888889,139.42650749999999,2,3,,,,
1,30,885,22,2,0,1,30000,0,212,2021,1,9,12,40,12,,,,,1,1,1,1,7,9,22,0,23,15,9,30,70,5,2,1,55,1,14,61,1,0,,,,,,,2,0,20,0,3,0,2,0,2,0,4,2,35.674031944444444,139.3854313888889,7,3,,,,
1,30,885,23,2,0,1,30000,0,212,2021,1,9,15,0,12,,,,,1,3,1,14,7,0,23,0,23,4,9,1,70,5,3,1,75,1,3,61,31,0,,,,,,,10,0,40,0,4,0,2,0,2,0,4,2,35.6671275,139.40909722222221,7,3,,,,
1,30,885,41,2,0,1,30000,0,212,2021,1,29,14,40,12,,,,,1,3,1,14,7,0,23,0,23,2,9,1,70,5,3,1,65,55,3,61,31,0,,,,,,,2,0,50,0,3,0,2,0,2,0,4,2,35.67923388888889,139.39494249999998,6,3,,,,
1,30,886,4,2,0,1,30000,0,207,2020,12,21,10,30,12,,,,,1,1,1,1,7,1,22,0,23,14,9,30,70,5,3,1,45,35,3,61,31,0,,,,,,,2,0,20,0,4,0,2,0,2,0,4,2,35.70952916666667,139.3744736111111,2,3,,,,
1,30,886,9,2,0,1,95000,0,207,2021,1,6,13,0,12,,,,,2,1,1,14,7,0,23,0,23,1,9,1,70,4,2,1,65,35,51,61,0,0,,,,,,,0,0,10,0,4,0,0,0,0,0,4,2,35.711870833333336,139.35791749999999,4,3,,,,
1,30,886,16,2,0,1,30000,0,207,2021,1,14,13,10,12,,,,,1,1,1,1,7,9,22,0,23,11,9,30,70,5,3,1,45,75,3,61,31,0,,,,,,,5,0,10,0,3,0,2,0,2,0,4,2,35.7051625,139.34637444444445,5,3,,,,
1,30,886,26,2,0,1,10530,0,207,2021,1,25,7,15,11,,,,,1,1,2,7,2,0,23,0,23,3,9,1,70,4,2,1,65,55,36,61,31,0,,,,,,,10,0,10,0,3,0,0,0,0,0,4,2,35.70008833333333,139.39323666666667,2,3,,,,
1,30,886,29,2,0,1,30000,0,207,2021,1,31,15,55,12,,,,,1,3,1,1,1,9,22,0,23,14,9,30,70,5,2,1,55,45,3,61,31,0,,,,,,,3,0,50,0,3,0,2,0,2,0,4,2,35.724180000000004,139.37351833333335,1,3,,,,
1,30,887,3,2,0,1,30000,0,202,2020,11,18,14,45,12,,,,,1,2,1,1,7,9,22,0,23,11,9,30,70,4,2,1,45,1,14,61,31,0,,,,,,,2,0,40,0,4,0,2,0,2,0,4,2,35.72706055555556,139.4337361111111,4,3,,,,
1,30,887,17,2,0,1,30000,0,202,2021,1,9,5,35,22,,,,,1,2,1,1,7,9,22,0,23,11,9,30,70,4,2,1,35,45,3,61,31,0,,,,,,,2,0,10,0,3,0,2,0,2,0,4,2,35.728258611111116,139.39500583333333,7,3,,,,
1,30,887,19,2,0,1,30000,0,202,2021,1,12,17,19,21,,,,,1,1,1,14,7,0,23,0,23,3,9,1,70,5,1,1,35,35,4,61,31,0,,,,,,,2,0,20,0,3,0,2,0,2,0,4,2,35.705607500000006,139.42507194444443,3,3,,,,
1,30,887,21,2,0,1,30000,0,202,2021,1,14,19,20,22,,,,,1,2,1,1,7,9,22,0,23,11,9,30,70,4,2,1,45,35,3,61,31,0,,,,,,,2,0,10,0,3,0,2,0,2,0,4,2,35.69624666666666,139.42149972222222,5,3,,,,
1,30,887,26,2,0,1,30000,0,215,2021,1,19,14,52,12,,,,,1,1,1,14,7,0,23,0,23,3,9,1,70,4,2,1,45,1,36,61,31,0,,,,,,,10,0,10,0,3,0,0,0,0,0,4,2,35.69053694444444,139.44519055555557,3,3,,,,
1,30,887,27,2,0,1,30000,0,215,2021,1,19,14,50,12,,,,,1,1,1,7,1,0,23,0,23,2,9,1,70,4,2,1,55,75,3,61,31,0,,,,,,,5,0,10,0,3,0,2,0,2,0,4,2,35.70047777777778,139.43984583333335,3,3,,,,
1,30,887,32,2,0,1,30000,0,202,2021,1,24,10,0,12,,,,,3,2,2,14,7,0,23,0,23,4,9,1,70,4,2,1,25,75,3,61,31,0,,,,,,,3,0,10,0,3,0,2,0,2,0,4,2,35.71649083333334,139.42446444444442,1,3,,,,
1,30,887,33,2,0,1,10260,0,202,2021,1,24,14,22,12,,,,,3,1,2,7,1,0,23,0,23,2,9,1,70,4,2,1,65,65,3,61,31,0,,,,,,,2,0,10,0,4,0,2,0,2,0,4,2,35.7234725,139.40308833333333,1,3,,,,
1,30,887,35,2,0,1,95000,0,202,2021,1,24,21,30,22,,,,,3,1,2,7,1,0,23,0,23,3,9,1,70,4,2,1,25,45,3,61,31,0,,,,,,,3,0,10,0,3,0,2,0,2,0,4,2,35.720736111111115,139.42269249999998,1,3,,,,
1,30,887,36,2,0,1,30000,0,215,2021,1,26,12,45,12,,,,,2,2,1,1,1,9,22,0,23,11,9,30,70,4,2,1,25,55,13,61,31,0,,,,,,,3,0,10,0,3,0,2,0,2,0,4,2,35.69684805555555,139.44883583333333,3,3,,,,
1,30,887,40,2,0,1,30000,0,202,2021,1,30,7,48,12,,,,,1,1,1,1,1,9,22,0,23,15,9,30,70,4,1,1,45,1,3,61,31,0,,,,,,,3,0,50,0,3,0,2,0,2,0,4,2,35.73338916666667,139.3787488888889,7,3,,,,
1,30,888,10,2,0,1,20890,0,206,2021,1,7,19,35,22,,,,,1,1,1,1,2,1,21,0,23,14,9,30,70,5,2,1,35,45,3,61,31,0,,,,,,,2,0,10,0,3,0,2,0,2,0,4,2,35.66789361111111,139.5097288888889,5,3,,,,
1,30,888,11,2,0,1,30000,0,206,2021,1,9,14,25,12,,,,,1,1,1,7,7,0,23,0,23,1,9,1,70,5,4,1,45,55,3,61,31,0,,,,,,,2,0,70,0,4,0,2,0,2,0,4,2,35.69123638888889,139.45696222222222,7,3,,,,
1,30,888,13,2,0,1,200,275,206,2021,1,13,7,11,11,,,,,1,1,1,1,1,9,22,0,23,15,9,30,70,4,2,1,65,35,14,61,31,0,,,,,,,4,0,10,0,3,0,2,0,2,0,4,2,35.66957361111111,139.50981611111112,4,3,,,,
1,30,888,17,2,0,1,30000,0,206,2021,1,16,9,25,12,,,,,1,1,1,1,1,9,22,0,23,15,9,30,70,1,1,1,75,45,3,61,31,0,,,,,,,3,0,10,0,3,0,2,0,2,0,4,2,35.67859833333333,139.4947547222222,7,3,,,,
1,30,888,19,2,0,1,30000,0,206,2021,1,20,7,45,11,,,,,1,1,1,1,7,9,22,0,23,11,9,30,70,5,3,1,35,1,36,61,31,0,,,,,,,10,0,10,0,3,0,0,0,0,0,4,2,35.663311666666665,139.4427286111111,4,3,,,,
1,30,889,6,2,0,1,10520,0,214,2021,1,15,13,36,12,,,,,1,1,1,7,7,0,23,0,23,3,9,1,70,4,2,1,1,75,51,61,0,0,,,,,,,0,0,40,0,3,0,0,0,0,0,4,2,35.71918333333333,139.43158,6,3,,,,
1,30,889,8,2,0,1,10500,0,214,2021,1,18,17,11,21,,,,,1,1,1,1,1,9,22,0,23,15,7,30,70,4,1,1,25,45,4,61,31,0,,,,,,,3,0,10,0,3,0,2,0,2,0,4,2,35.705131944444446,139.46708944444444,2,3,,,,
1,30,889,12,2,0,1,30000,0,214,2021,1,21,6,40,23,,,,,1,1,1,1,7,1,22,0,23,11,9,30,70,5,2,1,45,45,17,61,31,0,,,,,,,10,0,80,0,3,0,2,0,2,0,4,2,35.70943388888889,139.4669011111111,5,3,,,,
1,30,889,18,2,0,1,30000,0,214,2021,1,28,12,5,12,,,,,2,1,1,14,7,0,23,0,23,1,9,20,70,5,3,1,25,35,14,61,31,0,,,,,,,2,0,20,0,3,0,2,0,2,0,4,2,35.700720555555556,139.47834333333333,5,3,,,,
1,30,889,19,2,0,1,30000,0,214,2021,1,23,19,15,22,,,,,3,1,2,14,7,0,23,0,23,2,9,1,70,5,4,1,35,25,3,61,31,0,,,,,,,10,0,10,0,3,0,2,0,2,0,4,2,35.69856972222222,139.45371277777775,7,3,,,,
1,30,890,8,2,0,1,10580,0,229,2020,12,21,15,19,12,,,,,1,1,1,1,1,9,22,0,23,18,9,30,70,1,2,1,45,25,14,61,31,0,,,,,,,1,0,10,0,4,0,2,0,2,0,4,2,35.730718611111115,139.54341527777777,2,3,,,,
1,30,890,9,2,0,1,95000,0,222,2021,1,4,14,0,12,,,,,1,1,1,1,1,9,22,0,23,18,9,30,70,5,1,1,35,45,3,61,31,0,,,,,,,3,0,80,0,3,0,2,0,2,0,4,2,35.745005,139.50339527777777,2,3,,,,
1,30,890,11,2,0,1,10600,0,229,2021,1,7,12,8,12,,,,,1,1,1,1,1,9,22,0,23,15,9,30,70,4,2,1,1,35,3,61,31,0,,,,,,,3,0,10,0,4,0,2,0,2,0,4,2,35.72911555555556,139.54153222222223,5,3,,,,
1,30,890,14,2,0,1,30000,0,222,2021,1,14,5,50,23,,,,,1,1,1,7,1,0,23,0,23,2,9,1,70,4,1,1,65,45,14,61,31,0,,,,,,,3,0,10,0,3,0,2,0,2,0,4,2,35.74834833333333,139.49902055555555,5,3,,,,
1,30,890,21,2,0,1,20000,0,222,2021,1,27,6,21,23,,,,,2,1,2,1,1,9,22,0,23,15,9,30,70,4,2,1,25,45,3,61,31,0,,,,,,,3,0,10,0,3,0,2,0,2,0,4,2,35.75696333333333,139.52198805555557,4,3,,,,
1,30,890,26,2,0,1,30000,0,222,2021,1,27,10,5,12,,,,,1,1,1,14,7,0,23,0,23,2,9,1,70,5,3,1,35,65,3,61,31,0,,,,,,,2,0,80,0,3,0,2,0,2,0,4,2,35.74566,139.50440194444445,4,3,,,,
1,30,890,28,2,0,1,95000,0,222,2021,1,14,13,20,12,,,,,1,1,1,0,7,0,23,0,23,0,0,20,70,0,4,1,55,1,3,61,31,0,,,,,,,1,0,30,0,3,0,2,0,2,0,4,2,35.73908111111111,139.51039555555556,5,3,,,,
1,30,891,1,2,0,1,30000,0,213,2020,12,23,16,20,13,,,,,1,2,1,7,1,0,23,0,23,3,9,1,70,4,2,1,65,45,3,61,31,0,,,,,,,3,0,10,0,4,0,2,0,2,0,4,2,35.76564055555556,139.48374388888888,4,3,,,,