資料区分,都道府県コード,警察署等コード,本票番号,事故内容,死者数,負傷者数,路線コード,地点コード,市区町村コード,発生日時　　年,発生日時　　月,発生日時　　日,発生日時　　時,発生日時　　分,昼夜,日の出時刻　　時,日の出時刻　　分,日の入り時刻　　時,日の入り時刻　　分,天候,地形,路面状態,道路形状,信号機,一時停止規制　標識（当事者A）,一時停止規制　表示（当事者A）,一時停止規制　標識（当事者B）,一時停止規制　表示（当事者B）,車道幅員,道路線形,衝突地点,ゾーン規制,中央分離帯施設等,歩車道区分,事故類型,年齢（当事者A）,年齢（当事者B）,当事者種別（当事者A）,当事者種別（当事者B）,用途別（当事者A）,用途別（当事者B）,車両形状等（当事者A）,車両形状等（当事者B）,オートマチック車（当事者A）,オートマチック車（当事者B）,サポカー（当事者A）,サポカー（当事者B）,速度規制（指定のみ）（当事者A）,速度規制（指定のみ）（当事者B）,車両の衝突部位（当事者A）,車両の衝突部位（当事者B）,車両の損壊程度（当事者A）,車両の損壊程度（当事者B）,エアバッグの装備（当事者A）,エアバッグの装備（当事者B）,サイドエアバッグの装備（当事者A）,サイドエアバッグの装備（当事者B）,人身損傷程度（当事者A）,人身損傷程度（当事者B）,lat,lon,曜日(発生年月日),祝日(発生年月日),認知機能検査経過日数（当事者A）,認知機能検査経過日数（当事者B）,運転練習の方法（当事者A）,運転練習の方法（当事者B）
1,30,891,3,2,0,1,30000,0,213,2020,10,16,11,31,12,,,,,1,1,1,1,7,0,23,0,23,11,9,30,70,5,2,1,55,0,61,0,0,0,,,,,,,0,0,0,0,0,0,0,0,0,0,2,0,35.761269166666665,139.46516,6,3,,,,
1,30,891,4,2,0,1,99000,0,221,2020,10,29,9,25,12,,,,,1,2,1,0,7,0,23,0,23,0,0,20,70,0,4,1,55,75,14,61,1,0,,,,,,,10,0,70,0,4,0,2,0,2,0,4,2,35.76483916666667,139.51082861111112,5,3,,,,
1,30,891,5,2,0,1,30000,0,213,2020,11,11,20,17,22,,,,,1,1,1,1,7,0,23,0,23,15,9,30,70,5,2,1,1,0,61,0,0,0,,,,,,,0,0,0,0,0,0,0,0,0,0,2,0,35.74330111111111,139.4631675,4,3,,,,
1,30,891,7,2,0,1,30000,0,213,2020,11,30,20,51,22,,,,,1,2,1,14,7,0,23,0,23,3,9,1,70,5,3,1,65,55,4,61,31,0,,,,,,,10,0,40,0,3,0,2,0,2,0,4,2,35.77886861111111,139.49324777777775,2,3,,,,
1,30,891,8,2,0,1,10580,0,213,2021,1,3,14,28,12,,,,,1,1,1,1,7,2,21,0,23,14,9,30,70,5,2,1,45,75,3,61,31,0,,,,,,,1,0,10,0,4,0,2,0,2,0,4,2,35.7656375,139.49166694444443,1,3,,,,
1,30,891,14,2,0,1,10560,0,221,2021,1,19,18,10,22,,,,,1,3,1,1,1,8,22,0,23,15,9,30,70,4,2,1,1,55,14,61,1,0,,,,,,,3,0,51,0,3,0,2,0,2,0,4,2,35.77878027777778,139.51648555555556,3,3,,,,
1,30,891,17,2,0,1,10580,0,213,2021,1,23,8,5,12,,,,,3,1,2,1,1,8,22,0,23,15,9,30,70,4,2,1,45,65,3,61,31,0,,,,,,,3,0,10,0,4,0,2,0,2,0,4,2,35.769259166666664,139.4864883333333,7,3,,,,
1,30,891,19,2,0,1,30000,0,213,2021,1,26,10,20,12,,,,,2,1,1,14,7,0,23,0,23,3,9,1,70,5,3,1,25,65,3,61,31,0,,,,,,,1,0,10,0,3,0,2,0,2,0,4,2,35.778058333333334,139.4946,3,3,,,,
1,30,892,17,2,0,1,95000,0,203,2021,1,22,6,5,23,,,,,1,1,1,1,1,9,22,0,23,18,9,30,70,4,2,1,45,55,3,61,31,0,,,,,,,2,0,50,0,3,0,2,0,2,0,4,2,35.71817,139.55559833333334,6,3,,,,
1,30,892,21,2,0,1,95000,0,203,2021,1,28,6,5,23,,,,,2,1,1,1,1,8,22,0,23,15,9,30,70,4,2,1,45,75,14,61,31,0,,,,,,,2,0,50,0,4,0,2,0,2,0,4,2,35.70716916666667,139.53328111111114,5,3,,,,
1,30,892,23,2,0,2,10260,0,203,2021,1,29,18,35,22,,,,,1,1,1,14,7,0,23,0,23,3,9,1,70,4,2,1,65,45,1,61,1,0,,,,,,,3,0,0,0,4,0,2,0,2,0,4,2,35.70812222222222,139.57737444444444,6,3,,,,
1,30,892,24,2,0,1,30000,0,203,2021,1,30,16,53,13,,,,,1,1,1,14,7,0,23,0,23,2,9,1,70,5,3,1,35,45,3,61,31,0,,,,,,,1,0,40,0,3,0,2,0,2,0,4,2,35.70614444444445,139.5389763888889,7,3,,,,
1,30,893,13,2,0,1,30000,0,204,2021,1,22,18,20,22,,,,,1,1,1,14,7,0,23,0,23,2,9,1,70,5,3,1,55,45,51,61,0,0,,,,,,,0,0,10,0,3,0,0,0,0,0,4,2,35.70182944444445,139.5552563888889,6,3,,,,
1,30,893,15,2,0,1,30000,0,204,2021,1,25,13,36,12,,,,,1,1,1,14,7,0,23,0,23,3,9,1,70,4,2,1,25,75,13,61,1,0,,,,,,,2,0,30,0,4,0,2,0,2,0,4,2,35.69988972222222,139.56109722222223,2,3,,,,
1,30,893,23,2,0,1,20900,0,204,2021,1,30,18,30,22,,,,,1,1,1,14,7,0,23,0,23,3,9,1,70,4,2,1,1,1,51,61,0,0,,,,,,,0,0,10,0,3,0,0,0,0,0,4,2,35.69178833333333,139.55995805555557,7,3,,,,
1,30,894,4,2,0,1,21230,0,219,2020,9,18,20,50,22,,,,,1,1,1,14,7,0,23,0,23,3,9,1,70,4,2,1,55,55,51,61,0,0,,,,,,,0,0,20,0,4,0,0,0,0,0,4,2,35.643142499999996,139.57663583333334,6,3,,,,
1,30,894,5,2,0,2,30000,0,208,2020,12,22,14,33,12,,,,,1,1,1,1,1,9,22,0,23,14,9,30,70,4,2,1,1,25,3,61,1,0,,,,,,,2,0,10,0,3,0,2,0,2,0,4,2,35.66513305555556,139.58283055555555,3,3,,,,
1,30,894,20,2,0,1,30000,0,208,2021,1,23,12,53,12,,,,,3,1,2,1,7,9,22,0,23,11,9,30,70,5,4,1,25,55,51,61,0,0,,,,,,,0,0,40,0,3,0,0,0,0,0,4,2,35.659259999999996,139.56445833333333,7,3,,,,
1,30,894,21,2,0,1,30000,0,208,2021,1,27,8,40,12,,,,,2,1,1,14,7,0,23,0,23,2,9,20,70,5,3,1,55,35,14,61,31,0,,,,,,,5,0,10,0,4,0,2,0,2,0,4,2,35.65562222222222,139.5671911111111,4,3,,,,
1,30,894,22,2,0,1,30000,0,219,2021,1,28,12,15,12,,,,,2,1,2,14,7,0,23,0,23,2,9,1,70,4,2,1,65,55,51,61,0,0,,,,,,,0,0,10,0,3,0,0,0,0,0,2,4,35.639266666666664,139.57872555555556,5,3,,,,
1,30,895,2,2,0,1,30000,0,211,2021,1,7,14,55,12,,,,,1,1,1,14,7,0,23,0,23,2,9,1,70,5,4,1,25,1,3,61,31,0,,,,,,,1,0,10,0,3,0,2,0,2,0,4,2,35.72839833333334,139.45501777777775,5,3,,,,
1,30,895,6,2,0,1,95000,0,211,2021,1,8,19,0,22,,,,,1,1,1,1,7,9,22,0,23,15,9,30,70,4,1,1,55,35,35,61,31,0,,,,,,,3,0,10,0,3,0,0,0,0,0,4,2,35.73803638888889,139.4936886111111,6,3,,,,
1,30,895,10,2,0,1,99000,0,211,2021,1,13,18,30,22,,,,,1,1,1,0,7,0,23,0,23,0,0,20,70,0,4,1,45,35,4,61,31,0,,,,,,,5,0,30,0,3,0,2,0,2,0,4,2,35.722855555555554,139.50093222222222,4,3,,,,
1,30,899,1,2,0,1,20000,0,401,2021,1,21,17,58,22,,,,,1,2,1,1,1,9,22,0,23,15,7,30,70,4,2,1,65,65,3,61,31,0,,,,,,,3,0,10,0,3,0,2,0,2,0,4,2,33.10698444444444,139.78497166666668,5,3,,,,
1,30,102,13,2,0,1,30000,0,101,2021,2,15,13,20,12,,,,,3,1,2,1,7,1,21,0,23,15,9,30,70,5,3,1,55,45,3,61,1,0,,,,,,,2,0,50,0,4,0,2,0,2,0,4,2,35.69040444444444,139.76894305555558,2,3,,,,
1,30,102,14,2,0,1,30000,0,101,2021,2,17,13,48,12,,,,,1,1,1,7,7,0,23,0,23,4,9,20,70,5,1,1,35,75,3,61,31,0,,,,,,,2,0,20,0,4,0,2,0,2,0,4,2,35.70016722222223,139.76197916666666,4,3,,,,
1,30,102,16,2,0,1,10100,0,101,2021,2,28,14,20,12,,,,,1,1,1,14,7,0,23,0,23,5,9,1,70,4,1,1,1,55,51,61,0,0,,,,,,,0,0,10,0,3,0,0,0,0,0,4,2,35.69761305555555,139.75743444444444,1,3,,,,
1,30,103,10,2,0,1,30000,0,101,2021,2,2,9,15,12,,,,,2,1,2,1,7,1,21,0,23,18,9,30,1,5,2,1,35,35,3,61,31,0,,,,,,,2,0,50,0,3,0,2,0,2,0,4,2,35.69884833333333,139.7774813888889,3,3,,,,
1,30,103,16,2,0,1,30000,0,101,2021,1,24,17,18,21,,,,,1,1,1,14,7,0,23,0,23,3,9,1,70,5,3,1,45,25,3,61,31,0,,,,,,,2,0,20,0,4,0,2,0,2,0,4,2,35.69860722222222,139.77084972222224,1,3,,,,
1,30,103,18,2,0,1,30080,0,101,2021,2,22,14,8,12,,,,,1,1,1,1,7,1,21,0,23,18,9,30,70,5,2,1,25,55,3,61,31,0,,,,,,,10,0,10,0,3,0,2,0,2,0,4,2,35.692076944444445,139.77754583333333,2,2,,,,
1,30,104,26,2,0,1,10030,0,102,2021,2,27,10,8,12,,,,,1,1,1,1,7,1,22,0,23,17,9,30,70,1,2,1,1,1,3,61,31,0,,,,,,,2,0,40,0,4,0,2,0,2,0,4,2,35.68879083333333,139.77576722222224,7,3,,,,
1,30,105,11,2,0,1,30000,0,102,2021,2,26,15,10,12,,,,,2,1,1,1,7,9,22,0,23,14,9,30,70,4,2,1,75,55,3,61,31,0,,,,,,,10,0,20,0,4,0,2,0,2,0,4,2,35.68488333333333,139.78299055555556,6,3,,,,
1,30,106,21,2,0,1,30000,0,102,2021,2,4,18,55,22,,,,,1,1,1,14,7,0,23,0,23,3,9,1,70,5,2,1,25,45,3,61,1,0,,,,,,,2,0,40,0,3,0,2,0,2,0,4,2,35.66753305555555,139.76334305555557,5,3,,,,
1,30,106,22,2,0,1,30000,0,102,2021,1,29,9,40,12,,,,,1,1,1,14,7,0,23,0,23,3,9,1,70,5,3,1,55,35,12,61,31,0,,,,,,,2,0,20,0,4,0,2,0,2,0,4,2,35.670026666666665,139.76238972222222,6,3,,,,
1,30,106,27,2,0,1,30000,0,102,2021,2,12,17,40,21,,,,,1,1,1,7,7,0,23,0,23,3,9,1,1,5,2,1,55,25,14,61,31,0,,,,,,,2,0,40,0,4,0,2,0,2,0,4,2,35.67093083333333,139.76084,6,3,,,,
1,30,106,32,2,0,1,150,14,102,2021,2,26,18,10,21,,,,,1,1,1,14,7,0,23,0,23,4,9,1,70,4,2,1,1,55,3,61,1,0,,,,,,,5,0,0,0,3,0,2,0,2,0,4,2,35.673115555555555,139.76699000000002,6,3,,,,
1,30,108,18,2,0,1,30000,0,103,2021,2,4,22,15,22,,,,,1,1,1,1,7,0,23,0,23,17,9,30,70,5,3,1,25,0,61,0,0,0,,,,,,,0,0,0,0,0,0,0,0,0,0,2,0,35.6629925,139.75762166666667,5,3,,,,
1,30,109,14,2,0,1,10,63,103,2021,1,19,11,9,12,,,,,1,1,1,1,1,9,22,0,23,14,9,30,70,1,2,1,1,55,13,61,31,0,,,,,,,3,0,10,0,3,0,2,0,2,0,4,2,35.650436388888885,139.7448386111111,3,3,,,,
1,30,109,26,2,0,1,10,61,103,2021,2,21,10,51,12,,,,,1,1,1,1,1,9,22,0,23,15,9,30,70,1,1,1,45,35,3,61,31,0,,,,,,,4,0,10,0,4,0,2,0,2,0,4,2,35.65185583333333,139.74501999999998,1,3,,,,
1,30,109,29,2,0,1,99000,0,103,2021,2,26,17,5,13,,,,,1,1,1,0,7,0,23,0,23,0,0,20,70,0,4,1,1,35,3,61,31,0,,,,,,,10,0,20,0,4,0,2,0,2,0,4,2,35.647418611111114,139.74481138888888,6,3,,,,
1,30,110,14,2,0,1,10140,0,103,2021,2,7,12,45,12,,,,,2,1,1,7,1,0,23,0,23,6,9,1,70,1,1,1,45,1,51,61,0,0,,,,,,,0,0,10,0,3,0,0,0,0,0,4,2,35.62459027777778,139.74521277777777,1,3,,,,
1,30,111,14,2,0,1,95000,0,103,2021,2,3,17,43,21,,,,,1,1,1,14,7,0,23,0,23,3,9,1,70,5,2,1,45,1,51,61,0,0,,,,,,,0,0,20,0,4,0,0,0,0,0,4,2,35.660468333333334,139.73274416666666,4,3,,,,
1,30,111,21,2,0,1,20170,0,103,2021,2,19,5,20,22,,,,,1,1,1,14,7,0,23,0,23,1,7,1,70,1,2,1,1,75,51,61,0,0,,,,,,,0,0,10,0,4,0,0,0,0,0,4,2,35.66498138888889,139.73547638888888,6,3,,,,
1,30,112,15,2,0,1,10120,0,103,2021,2,8,21,10,22,,,,,2,1,1,1,1,9,22,0,23,15,9,30,70,4,1,1,55,45,51,61,0,0,,,,,,,0,0,10,0,3,0,0,0,0,0,4,2,35.66650611111111,139.72793361111113,2,3,,,,
1,30,112,21,2,0,1,20000,0,103,2021,2,23,12,40,12,,,,,1,1,1,1,1,9,22,0,23,15,9,30,70,5,2,1,1,35,51,61,0,0,,,,,,,0,0,10,0,3,0,0,0,0,0,4,2,35.66811277777778,139.73304333333334,3,1,,,,
1,30,112,22,2,0,1,30000,0,103,2021,2,23,13,50,12,,,,,1,1,1,1,7,1,21,0,23,15,9,30,70,5,4,1,45,35,3,61,31,0,,,,,,,10,0,40,0,4,0,2,0,2,0,4,2,35.67534,139.73692527777777,3,1,,,,
1,30,113,47,2,0,1,10090,0,108,2021,2,16,17,25,21,,,,,1,1,1,1,1,9,22,0,23,14,9,30,70,1,2,1,1,1,3,61,31,0,,,,,,,10,0,10,0,3,0,2,0,2,0,4,2,35.6470675,139.82537333333332,3,3,,,,
1,30,113,48,2,0,1,30000,0,103,2021,2,19,18,20,21,,,,,1,1,1,14,7,0,23,0,23,4,9,1,70,4,2,1,25,35,3,61,31,0,,,,,,,3,0,40,0,4,0,2,0,2,0,4,2,35.63167833333333,139.77828916666667,6,3,,,,
1,30,215,12,2,0,1,30000,0,109,2021,2,19,9,4,12,,,,,1,1,1,14,7,0,23,0,23,4,9,1,70,4,2,1,65,25,3,61,31,0,,,,,,,5,0,10,0,3,0,2,0,2,0,4,2,35.60877972222222,139.7486736111111,6,3,,,,
1,30,215,13,2,0,1,30000,0,109,2021,2,24,15,50,12,,,,,1,1,1,14,7,0,23,0,23,3,9,1,70,5,3,1,55,55,5,61,31,0,,,,,,,2,0,30,0,3,0,2,0,2,0,4,2,35.60847277777778,139.74421777777778,4,3,,,,
1,30,215,17,2,0,1,10160,0,109,2021,2,19,20,1,22,,,,,1,1,1,14,7,0,23,0,23,4,9,1,70,4,2,1,45,25,51,61,0,0,,,,,,,0,0,10,0,3,0,0,0,0,0,4,2,35.617848333333335,139.74350277777776,6,3,,,,
1,30,216,10,2,0,1,30000,0,109,2021,2,4,18,17,22,,,,,1,1,1,14,7,0,23,0,23,3,9,1,70,5,3,1,25,1,52,61,0,0,,,,,,,0,0,10,0,3,0,0,0,0,0,4,2,35.60586388888889,139.74371166666666,5,3,,,,
1,30,216,11,2,0,1,20180,0,109,2021,2,5,9,0,12,,,,,1,1,1,14,7,0,23,0,23,3,9,1,70,4,2,1,35,75,51,61,0,0,,,,,,,0,0,20,0,3,0,0,0,0,0,4,2,35.59774416666667,139.73019722222222,6,3,,,,
1,30,216,12,2,0,1,30000,0,109,2021,2,6,11,40,12,,,,,1,1,1,14,7,0,23,0,23,1,9,20,70,5,4,1,45,45,51,61,0,0,,,,,,,0,0,10,0,3,0,0,0,0,0,2,4,35.60798833333333,139.7354011111111,7,3,,,,
1,30,216,14,2,0,1,90000,0,109,2021,2,9,16,50,13,,,,,1,1,1,14,7,0,23,0,23,1,9,1,70,5,4,1,65,1,3,61,31,0,,,,,,,10,0,20,0,3,0,2,0,2,0,4,2,35.59755027777778,139.71887972222223,3,3,,,,
1,30,217,18,2,0,1,30000,0,109,2021,2,22,8,35,12,,,,,1,1,1,14,7,0,23,0,23,1,9,1,70,5,3,1,55,45,17,61,31,0,,,,,,,1,0,40,0,3,0,2,0,2,0,4,2,35.62513833333333,139.7249013888889,2,2,,,,
1,30,217,19,2,0,1,10150,0,109,2021,2,21,6,7,23,,,,,1,1,1,14,1,0,23,0,23,5,8,1,70,6,1,1,35,25,13,61,31,0,,,,,,,4,0,10,0,3,0,2,0,2,0,4,2,35.62521138888889,139.72356472222222,1,3,,,,
1,30,218,35,2,0,1,10170,0,109,2021,1,27,0,5,22,,,,,3,1,2,14,7,0,23,0,23,5,9,1,70,1,1,1,35,35,51,61,0,0,,,,,,,0,0,10,0,3,0,0,0,0,0,2,4,35.6181225,139.71444583333331,4,3,,,,
1,30,218,36,2,0,1,10,126,109,2021,2,1,11,30,12,,,,,1,1,1,14,7,0,23,0,23,6,9,1,70,1,1,1,45,55,14,61,31,0,,,,,,,6,0,30,0,3,0,2,0,2,0,4,2,35.604197222222226,139.7133108333333,2,3,,,,
1,30,218,37,2,0,1,30000,0,109,2021,2,1,15,0,12,,,,,1,1,1,14,7,0,23,0,23,2,9,1,70,5,2,1,45,1,17,61,1,0,,,,,,,10,0,30,0,4,0,2,0,2,0,4,2,35.60306416666667,139.70230194444443,2,3,,,,
1,30,218,43,2,0,1,30000,0,109,2021,2,9,18,5,21,,,,,1,1,1,14,7,0,23,0,23,2,9,1,70,5,3,1,35,1,51,61,0,0,,,,,,,0,0,10,0,3,0,0,0,0,0,4,2,35.60935888888889,139.71235777777775,3,3,,,,
1,30,218,52,2,0,1,30000,0,109,2021,2,20,11,35,12,,,,,1,1,1,14,7,0,23,0,23,1,9,20,70,5,4,1,25,45,51,61,0,0,,,,,,,0,0,12,0,4,0,0,0,0,0,4,2,35.62042777777778,139.7045125,7,3,,,,
1,30,218,53,2,0,1,10170,0,109,2021,2,21,11,50,12,,,,,1,1,1,1,1,9,22,0,23,18,9,30,70,5,4,1,1,55,51,61,0,0,,,,,,,0,0,10,0,3,0,0,0,0,0,4,2,35.61646888888889,139.71081416666667,1,3,,,,
1,30,218,55,2,0,2,30000,0,109,2021,2,23,4,55,22,,,,,1,1,1,1,7,9,22,0,23,11,9,30,70,5,3,1,65,55,3,61,1,0,,,,,,,2,0,10,0,3,0,2,0,2,0,4,2,35.61302472222222,139.70811944444443,3,1,,,,
1,30,219,44,2,0,1,30000,0,111,2020,11,22,12,10,12,,,,,1,1,1,1,7,9,22,0,23,14,9,30,70,5,3,1,65,75,51,61,0,0,,,,,,,0,0,10,0,3,0,0,0,0,0,4,2,35.57568972222222,139.71888666666666,1,2,,,,
1,30,219,47,2,0,1,30000,0,109,2021,1,18,18,45,22,,,,,1,1,1,1,7,1,21,0,23,15,9,30,70,4,2,1,55,45,3,61,31,0,,,,,,,3,0,10,0,3,0,2,0,2,0,4,2,35.588658333333335,139.7294736111111,2,3,,,,
1,30,219,72,2,0,1,30000,0,111,2021,2,26,7,15,12,,,,,1,1,1,1,7,9,22,0,23,15,9,30,70,4,2,1,45,35,3,61,31,0,,,,,,,2,0,10,0,3,0,2,0,2,0,4,2,35.57722888888889,139.73946222222222,6,3,,,,
1,30,221,32,2,0,1,21140,0,111,2021,2,2,8,14,12,,,,,3,1,2,14,7,0,23,0,23,4,9,1,70,5,2,1,45,55,35,61,31,0,,,,,,,3,0,10,0,4,0,0,0,0,0,4,2,35.56135444444444,139.7203186111111,3,3,,,,
1,30,221,39,2,0,1,30000,0,111,2021,2,10,10,53,12,,,,,1,1,1,14,7,0,23,0,23,4,9,1,70,5,3,1,1,0,61,0,0,0,,,,,,,0,0,0,0,0,0,0,0,0,0,2,0,35.56301722222222,139.71688166666667,4,2,,,,
1,30,221,41,2,0,1,95000,0,111,2021,2,10,12,42,12,,,,,1,1,1,14,7,0,23,0,23,3,9,1,70,5,3,1,35,75,17,61,1,0,,,,,,,10,0,40,0,4,0,2,0,2,0,4,2,35.55245972222222,139.72946166666668,4,2,,,,
1,30,221,44,2,0,1,30000,0,111,2021,2,5,7,40,12,,,,,1,1,1,14,7,0,23,0,23,1,9,20,70,5,4,1,45,1,3,61,31,0,,,,,,,10,0,80,0,3,0,2,0,2,0,4,2,35.54929472222222,139.7162036111111,6,3,,,,
1,30,221,45,2,0,1,30000,0,111,2021,1,13,6,48,23,,,,,1,1,1,1,1,0,23,0,23,14,9,30,70,4,2,1,25,0,61,0,0,0,,,,,,,0,0,0,0,0,0,0,0,0,0,2,0,35.55111888888889,139.73597388888888,4,3,,,,
1,30,221,56,2,0,1,95000,0,111,2021,2,22,17,8,13,,,,,1,1,1,1,7,1,21,0,23,11,9,30,70,5,3,1,45,45,14,61,1,0,,,,,,,2,0,10,0,3,0,2,0,2,0,4,2,35.55667861111111,139.72814861111112,2,2,,,,
1,30,221,62,2,0,1,30000,0,111,2021,2,23,15,20,12,,,,,1,1,1,14,7,0,23,0,23,1,9,1,70,5,1,1,45,1,51,61,0,0,,,,,,,0,0,10,0,3,0,0,0,0,0,4,2,35.54386638888889,139.72190750000001,3,1,,,,
1,30,222,31,2,0,1,30000,0,111,2021,2,16,17,37,21,,,,,1,1,1,1,1,9,22,0,23,15,7,30,70,5,3,1,45,35,3,61,31,0,,,,,,,10,0,0,0,4,0,2,0,2,0,4,2,35.58803138888889,139.7015211111111,3,3,,,,
1,30,325,20,1,1,0,30000,0,112,2021,2,2,8,33,12,,,,,3,1,2,1,7,1,21,0,23,14,9,30,70,5,3,1,55,75,14,61,31,0,,,,,,,2,0,10,0,3,0,2,0,2,0,4,1,35.651469999999996,139.67723833333332,3,3,,,,
1,30,325,26,2,0,2,10210,0,112,2021,2,9,23,36,22,,,,,1,1,1,14,7,0,23,0,23,3,9,1,70,4,3,1,25,1,36,61,31,0,,,,,,,2,0,10,0,1,0,0,0,0,0,2,2,35.6435875,139.6469225,3,3,,,,
1,30,325,34,2,0,1,30000,0,112,2021,2,6,18,18,22,,,,,1,1,1,14,7,0,23,0,23,4,9,1,70,4,2,1,25,25,36,61,31,0,,,,,,,2,0,10,0,3,0,0,0,0,0,4,2,35.65103166666667,139.67753277777777,7,3,,,,
1,30,325,43,2,0,1,10210,0,112,2021,2,1,17,30,21,,,,,1,1,1,1,1,9,22,0,23,19,9,30,70,5,1,1,65,1,51,61,0,0,,,,,,,0,0,20,0,3,0,0,0,0,0,4,2,35.63977333333333,139.63321805555557,2,3,,,,
1,30,325,51,2,0,1,10210,0,112,2021,2,27,11,15,12,,,,,1,1,1,14,7,0,23,0,23,4,9,1,70,4,1,1,65,35,51,61,0,0,,,,,,,0,0,10,0,3,0,0,0,0,0,4,2,35.638689166666666,139.6260688888889,7,3,,,,
1,30,325,53,2,0,1,30000,0,112,2021,2,16,9,37,12,,,,,1,1,1,14,7,0,23,0,23,2,9,20,70,5,4,1,45,0,61,0,0,0,,,,,,,0,0,0,0,0,0,0,0,0,0,2,0,35.64291472222222,139.66388222222224,3,3,,,,
1,30,325,55,2,0,1,30000,0,112,2021,2,3,14,10,12,,,,,1,1,1,14,7,0,23,0,23,1,9,20,70,5,3,1,75,45,51,61,0,0,,,,,,,0,0,10,0,3,0,0,0,0,0,4,2,35.64576888888889,139.6290527777778,4,3,,,,
1,30,326,42,2,0,1,30000,0,112,2021,2,20,15,28,12,,,,,1,1,1,14,7,0,23,0,23,3,9,1,70,4,1,1,25,45,3,61,31,0,,,,,,,3,0,40,0,4,0,2,0,2,0,4,2,35.65702527777778,139.6447147222222,7,3,,,,
1,30,326,43,2,0,1,30000,0,112,2021,1,28,15,42,12,,,,,3,1,2,14,7,0,23,0,23,2,9,1,70,5,3,1,55,0,61,0,0,0,,,,,,,0,0,0,0,0,0,0,0,0,0,2,0,35.665145555555554,139.65364916666667,5,3,,,,
1,30,326,46,2,0,1,30000,0,112,2021,2,27,15,28,12,,,,,1,1,1,14,7,0,23,0,23,2,9,1,70,5,3,1,25,25,4,61,31,0,,,,,,,2,0,40,0,4,0,2,0,2,0,4,2,35.66236305555555,139.65467472222224,7,3,,,,
1,30,326,48,2,0,1,30000,0,112,2021,1,21,14,16,12,,,,,1,1,1,14,7,0,23,0,23,2,8,1,70,5,4,1,25,25,35,61,31,0,,,,,,,10,0,40,0,4,0,0,0,0,0,4,2,35.66149138888889,139.6665602777778,5,3,,,,
1,30,327,44,2,0,1,20000,0,112,2021,2,5,11,26,12,,,,,1,1,1,1,1,9,22,0,23,15,9,30,70,4,2,1,55,75,3,61,31,0,,,,,,,10,0,10,0,4,0,2,0,2,0,4,2,35.633338333333334,139.6279311111111,6,3,,,,
1,30,327,52,2,0,1,30000,0,112,2021,2,4,19,40,22,,,,,1,1,1,7,7,0,23,0,23,1,9,1,70,5,3,1,65,45,3,61,31,0,,,,,,,5,0,10,0,4,0,2,0,2,0,4,2,35.61296027777778,139.66103777777778,5,3,,,,
1,30,327,59,2,0,1,10080,0,112,2021,2,14,19,5,22,,,,,1,1,1,1,1,9,22,0,23,15,9,30,70,4,2,1,35,1,3,61,31,0,,,,,,,10,0,10,0,3,0,2,0,2,0,4,2,35.61398166666667,139.6602327777778,1,3,,,,
1,30,327,62,2,0,1,30000,0,112,2021,2,16,19,47,22,,,,,1,1,1,14,7,0,23,0,23,3,9,1,70,4,2,1,45,65,3,61,31,0,,,,,,,3,0,30,0,4,0,2,0,2,0,4,2,35.63171222222222,139.64729055555554,3,3,,,,
1,30,327,70,2,0,1,20210,0,112,2021,2,7,9,35,12,,,,,1,1,1,1,7,9,22,0,23,14,9,30,70,5,2,1,1,35,14,61,1,0,,,,,,,2,0,50,0,3,0,2,0,2,0,4,2,35.60402333333334,139.67179055555553,1,3,,,,
1,30,328,35,2,0,1,30000,0,112,2020,11,30,10,25,12,,,,,1,1,1,14,7,0,23,0,23,3,9,1,70,4,1,1,35,35,51,61,0,0,,,,,,,0,0,10,0,3,0,0,0,0,0,4,2,35.65006527777778,139.59222305555556,2,3,,,,
1,30,328,37,2,0,1,30000,0,112,2021,1,30,13,20,12,,,,,1,1,1,14,7,0,23,0,23,3,9,1,70,5,3,1,65,1,3,61,31,0,,,,,,,10,0,10,0,3,0,2,0,2,0,4,2,35.64684583333333,139.5952163888889,7,3,,,,
1,30,328,39,2,0,1,30000,0,112,2021,2,6,12,0,12,,,,,1,1,1,14,7,0,23,0,23,3,9,1,70,4,2,1,75,75,51,61,0,0,,,,,,,0,0,10,0,3,0,0,0,0,0,4,2,35.65520138888889,139.60924138888888,7,3,,,,
1,30,328,45,2,0,1,30000,0,112,2021,2,12,16,10,12,,,,,1,1,1,14,7,0,23,0,23,2,9,1,70,5,4,1,35,1,51,61,0,0,,,,,,,0,0,0,0,3,0,0,0,0,0,4,2,35.65355888888889,139.6070022222222,6,3,,,,
1,30,328,47,2,0,1,30000,0,112,2021,1,10,19,22,22,,,,,2,1,1,14,7,0,23,0,23,2,9,1,70,5,4,1,55,35,3,61,31,0,,,,,,,10,0,10,0,4,0,2,0,2,0,4,2,35.66911388888889,139.60383638888888,1,2,,,,
1,30,328,50,2,0,1,30000,0,112,2021,2,20,19,34,22,,,,,1,1,1,1,7,9,22,0,23,11,9,30,70,4,1,1,45,45,3,61,31,0,,,,,,,2,0,10,0,3,0,2,0,2,0,4,2,35.668165555555554,139.60574777777776,7,3,,,,
1,30,328,52,2,0,1,30000,0,112,2021,2,22,8,35,12,,,,,1,1,1,14,7,0,23,0,23,3,9,1,70,4,1,1,25,35,35,61,31,0,,,,,,,2,0,20,0,4,0,0,0,0,0,4,2,35.655791944444445,139.61684611111113,2,2,,,,