資料区分,都道府県コード,警察署等コード,本票番号,事故内容,死者数,負傷者数,路線コード,地点コード,市区町村コード,発生日時　　年,発生日時　　月,発生日時　　日,発生日時　　時,発生日時　　分,昼夜,日の出時刻　　時,日の出時刻　　分,日の入り時刻　　時,日の入り時刻　　分,天候,地形,路面状態,道路形状,信号機,一時停止規制　標識（当事者A）,一時停止規制　表示（当事者A）,一時停止規制　標識（当事者B）,一時停止規制　表示（当事者B）,車道幅員,道路線形,衝突地点,ゾーン規制,中央分離帯施設等,歩車道区分,事故類型,年齢（当事者A）,年齢（当事者B）,当事者種別（当事者A）,当事者種別（当事者B）,用途別（当事者A）,用途別（当事者B）,車両形状等（当事者A）,車両形状等（当事者B）,オートマチック車（当事者A）,オートマチック車（当事者B）,サポカー（当事者A）,サポカー（当事者B）,速度規制（指定のみ）（当事者A）,速度規制（指定のみ）（当事者B）,車両の衝突部位（当事者A）,車両の衝突部位（当事者B）,車両の損壊程度（当事者A）,車両の損壊程度（当事者B）,エアバッグの装備（当事者A）,エアバッグの装備（当事者B）,サイドエアバッグの装備（当事者A）,サイドエアバッグの装備（当事者B）,人身損傷程度（当事者A）,人身損傷程度（当事者B）,lat,lon,曜日(発生年月日),祝日(発生年月日),認知機能検査経過日数（当事者A）,認知機能検査経過日数（当事者B）,運転練習の方法（当事者A）,運転練習の方法（当事者B）
1,30,329,26,2,0,1,30000,0,110,2021,2,19,18,30,22,,,,,1,1,1,1,7,9,22,0,23,14,9,30,70,5,2,1,35,35,4,61,31,0,,,,,,,10,0,20,0,3,0,2,0,2,0,4,2,35.64852472222222,139.6944638888889,6,3,,,,
1,30,329,27,2,0,1,20240,0,110,2021,2,20,15,1,12,,,,,1,1,1,1,1,9,22,0,23,15,9,30,70,4,1,1,45,55,51,61,0,0,,,,,,,0,0,30,0,4,0,0,0,0,0,4,4,35.635513333333336,139.69297444444445,7,3,,,,
1,30,329,32,2,0,1,10160,0,110,2021,2,18,8,9,12,,,,,1,1,1,14,7,0,23,0,23,5,9,1,70,1,2,1,35,1,51,61,0,0,,,,,,,0,0,10,0,4,0,0,0,0,0,4,2,35.640389722222224,139.70245277777778,5,3,,,,
1,30,330,20,2,0,1,30000,0,110,2021,2,3,9,55,12,,,,,1,1,1,14,7,0,23,0,23,1,9,1,70,5,3,1,35,65,51,61,0,0,,,,,,,0,0,40,0,3,0,0,0,0,0,4,2,35.62111194444444,139.69837166666667,4,3,,,,
1,30,330,22,2,0,1,30000,0,110,2021,2,5,16,0,12,,,,,1,1,1,7,7,0,23,0,23,1,9,1,70,5,1,1,65,55,3,61,31,0,,,,,,,1,0,50,0,3,0,2,0,2,0,4,2,35.613016944444446,139.6788772222222,6,3,,,,
1,30,330,26,2,0,1,20210,0,110,2021,2,9,12,30,12,,,,,1,1,1,14,7,0,23,0,23,4,9,1,70,4,3,1,65,55,3,61,31,0,,,,,,,2,0,80,0,3,0,2,0,2,0,4,2,35.61062305555556,139.66990805555554,3,3,,,,
1,30,330,29,2,0,1,20240,0,110,2021,1,29,19,20,22,,,,,1,1,1,1,1,9,22,0,23,15,9,30,70,4,1,1,25,25,51,61,0,0,,,,,,,0,0,10,0,3,0,0,0,0,0,4,4,35.62941194444444,139.68168416666666,6,3,,,,
1,30,330,31,2,0,2,10080,0,110,2021,2,7,11,10,12,,,,,1,1,1,14,7,0,23,0,23,5,9,1,70,4,2,1,75,45,51,61,0,0,,,,,,,0,0,10,0,4,0,0,0,0,0,2,2,35.61675611111111,139.6726708333333,1,3,,,,
1,30,330,33,2,0,1,30000,0,110,2021,2,10,1,5,22,,,,,1,1,1,14,7,0,23,0,23,2,9,1,1,5,3,1,55,65,3,61,31,0,,,,,,,2,0,10,0,3,0,2,0,2,0,4,2,35.623934166666665,139.67698555555555,4,2,,,,
1,30,331,27,2,0,1,30000,0,113,2021,2,1,13,25,12,,,,,1,1,1,1,1,9,22,0,23,15,9,30,70,4,1,1,25,65,3,61,31,0,,,,,,,10,0,10,0,3,0,2,0,2,0,4,2,35.64559194444444,139.70719138888887,2,3,,,,
1,30,331,30,2,0,1,30220,0,113,2021,2,6,10,54,12,,,,,1,1,1,1,8,9,22,0,23,18,9,30,70,4,2,1,1,25,51,61,0,0,,,,,,,0,0,10,0,3,0,0,0,0,0,4,2,35.65954027777778,139.69947805555557,7,3,,,,
1,30,331,32,2,0,1,30000,0,113,2021,2,8,13,50,12,,,,,2,1,1,14,7,0,23,0,23,2,9,1,70,5,2,1,25,45,52,61,0,0,,,,,,,0,0,10,0,3,0,0,0,0,0,4,2,35.66180722222222,139.69764166666667,2,3,,,,
1,30,331,38,2,0,1,30000,0,113,2021,2,16,5,20,22,,,,,1,1,1,1,7,1,21,0,23,14,8,30,70,5,3,1,45,25,13,61,31,0,,,,,,,2,0,10,0,3,0,2,0,2,0,4,2,35.663892499999996,139.70370722222222,3,3,,,,
1,30,331,39,2,0,1,30000,0,113,2021,2,17,16,0,12,,,,,1,1,1,1,7,1,21,0,23,14,8,30,70,5,1,1,55,75,3,61,1,0,,,,,,,10,0,40,0,3,0,2,0,2,0,4,2,35.64738527777778,139.70709499999998,4,3,,,,
1,30,331,40,2,0,1,30000,0,113,2021,2,20,10,52,12,,,,,1,1,1,14,7,0,23,0,23,4,9,1,70,4,2,1,55,45,3,61,1,0,,,,,,,3,0,10,0,3,0,2,0,2,0,4,2,35.65976472222222,139.69890666666666,7,3,,,,
1,30,331,42,2,0,1,30220,0,113,2021,2,21,8,32,12,,,,,1,1,1,1,1,0,23,0,23,17,8,30,70,4,1,1,65,0,61,0,0,0,,,,,,,0,0,0,0,0,0,0,0,0,0,2,0,35.6577225,139.69627833333334,1,3,,,,
1,30,331,43,2,0,1,20120,0,103,2021,2,17,18,45,22,,,,,1,1,1,1,1,0,23,0,23,19,9,30,70,4,1,1,25,0,61,0,0,0,,,,,,,0,0,0,0,0,0,0,0,0,0,2,0,35.65065194444444,139.72239472222222,4,3,,,,
1,30,332,7,2,0,1,30000,0,113,2021,2,2,14,25,12,,,,,1,1,1,1,7,1,21,0,23,14,9,30,70,5,3,1,35,55,17,61,1,0,,,,,,,2,0,10,0,4,0,2,0,2,0,4,2,35.67910166666667,139.70866944444444,3,3,,,,
1,30,332,8,2,0,1,10090,0,113,2021,2,3,17,40,21,,,,,1,1,1,1,1,9,22,0,23,18,9,30,70,1,1,1,55,25,3,61,31,0,,,,,,,2,0,10,0,3,0,2,0,2,0,4,2,35.684487777777775,139.70396333333332,4,3,,,,
1,30,333,15,2,0,1,200,119,113,2021,2,3,11,30,12,,,,,1,1,1,7,1,0,23,0,23,6,9,1,70,1,1,1,55,75,3,61,1,0,,,,,,,10,0,40,0,3,0,2,0,2,0,4,2,35.67453111111111,139.6679763888889,4,3,,,,
1,30,436,32,2,0,1,30000,0,104,2020,12,27,12,50,12,,,,,1,1,1,14,7,0,23,0,23,1,9,20,70,5,4,1,35,55,3,61,31,0,,,,,,,1,0,20,0,4,0,2,0,2,0,4,2,35.70098222222222,139.70385027777778,1,3,,,,
1,30,436,39,2,0,1,10090,0,104,2020,10,20,9,2,12,,,,,1,1,1,1,1,9,22,0,23,14,9,30,70,4,2,1,45,25,3,61,1,0,,,,,,,4,0,0,0,4,0,2,0,2,0,4,2,35.702065555555556,139.70815277777777,3,3,,,,
1,30,436,43,2,0,2,20000,0,104,2021,2,17,18,10,21,,,,,1,1,1,1,1,9,22,0,23,19,9,30,70,4,2,1,55,45,4,61,31,0,,,,,,,4,0,10,0,3,0,2,0,2,0,4,2,35.692100277777776,139.6901163888889,4,3,,,,
1,30,436,48,2,0,1,20290,0,104,2021,2,7,15,30,12,,,,,1,1,1,14,7,0,23,0,23,3,9,1,70,4,2,1,25,25,51,61,0,0,,,,,,,0,0,20,0,4,0,0,0,0,0,4,2,35.70176,139.69629416666666,1,3,,,,
1,30,437,14,2,0,1,30000,0,104,2021,2,8,14,30,12,,,,,1,1,1,1,7,1,21,0,23,11,9,30,70,5,3,1,55,35,14,61,31,0,,,,,,,10,0,10,0,3,0,2,0,2,0,4,2,35.71588555555556,139.68831222222224,2,3,,,,
1,30,437,21,2,0,1,30000,0,104,2021,1,31,8,18,12,,,,,1,1,1,14,7,0,23,0,23,2,9,1,70,5,3,1,25,55,3,61,31,0,,,,,,,10,0,30,0,3,0,2,0,2,0,4,2,35.71048916666667,139.70432944444443,1,3,,,,
1,30,437,23,2,0,1,10280,0,104,2021,2,24,12,30,12,,,,,1,1,1,1,1,9,22,0,23,19,7,30,70,1,1,1,55,65,51,61,0,0,,,,,,,0,0,10,0,4,0,0,0,0,0,4,2,35.714375555555556,139.71157888888888,4,3,,,,
1,30,437,25,2,0,1,30000,0,104,2021,2,25,10,45,12,,,,,1,1,1,14,7,0,23,0,23,1,9,1,1,5,3,1,65,65,3,61,1,0,,,,,,,2,0,10,0,3,0,2,0,2,0,4,2,35.722653055555554,139.68149916666667,5,3,,,,
1,30,438,13,2,0,1,30000,0,104,2020,11,11,8,41,12,,,,,1,1,1,14,7,0,23,0,23,2,8,1,70,5,3,1,65,25,35,61,31,0,,,,,,,2,0,13,0,3,0,0,0,0,0,4,2,35.693036111111105,139.7046533333333,4,3,,,,
1,30,438,18,2,0,1,30000,0,104,2021,2,19,12,55,12,,,,,1,1,1,14,7,0,23,0,23,2,9,1,70,5,3,1,35,35,13,61,31,0,,,,,,,1,0,80,0,4,0,2,0,2,0,4,2,35.68878944444444,139.7023436111111,6,3,,,,
1,30,438,20,2,0,1,200,63,104,2021,2,28,13,25,12,,,,,1,1,1,1,1,8,22,0,23,18,7,30,70,1,2,1,35,55,51,61,0,0,,,,,,,0,0,11,0,4,0,0,0,0,0,4,2,35.68776305555555,139.72339333333335,1,3,,,,
1,30,439,22,2,0,1,10160,0,114,2021,2,1,22,14,22,,,,,1,1,1,14,1,0,23,0,23,6,8,1,70,1,1,1,1,55,51,61,0,0,,,,,,,0,0,10,0,3,0,0,0,0,0,4,2,35.70522583333334,139.68274138888887,2,3,,,,
1,30,439,30,2,0,1,30000,0,114,2021,2,16,9,55,12,,,,,1,1,1,14,7,0,23,0,23,2,9,20,70,5,4,1,65,65,51,61,0,0,,,,,,,0,0,0,0,3,0,0,0,0,0,2,4,35.70316722222223,139.6686572222222,3,3,,,,
1,30,439,38,2,0,1,30000,0,114,2021,2,24,9,20,12,,,,,1,1,1,14,7,0,23,0,23,3,8,1,70,5,4,1,65,25,3,61,31,0,,,,,,,1,0,40,0,4,0,2,0,2,0,4,2,35.694945,139.67652444444442,4,3,,,,
1,30,440,29,2,0,1,30000,0,114,2021,2,4,8,10,12,,,,,1,1,1,1,7,9,22,0,23,14,9,30,70,5,1,1,45,1,1,61,1,0,,,,,,,3,0,10,0,3,0,2,0,2,0,4,2,35.71612555555556,139.66457222222223,5,3,,,,
1,30,440,33,2,0,2,30000,0,114,2021,2,12,15,40,12,,,,,2,1,1,7,7,0,23,0,23,1,9,1,70,5,4,1,1,35,51,61,0,0,,,,,,,0,0,10,0,3,0,0,0,0,0,2,2,35.72669722222222,139.62980972222223,6,3,,,,
1,30,440,35,2,0,1,20280,0,114,2021,2,18,10,40,12,,,,,1,1,1,1,1,9,22,0,23,15,9,30,70,4,2,1,55,65,14,61,1,0,,,,,,,3,0,10,0,3,0,2,0,2,0,4,2,35.72212916666667,139.67246305555554,5,3,,,,
1,30,441,48,2,0,1,30000,0,115,2021,2,17,10,45,12,,,,,1,1,1,14,7,0,23,0,23,2,9,1,1,5,4,1,45,35,13,61,31,0,,,,,,,10,0,40,0,3,0,2,0,2,0,4,2,35.70678527777778,139.64993305555555,4,3,,,,
1,30,441,53,2,0,1,30000,0,115,2021,2,20,19,15,22,,,,,1,1,1,14,7,0,23,0,23,2,9,1,70,4,2,1,45,45,51,61,0,0,,,,,,,0,0,10,0,4,0,0,0,0,0,4,2,35.71416305555556,139.63961361111112,7,3,,,,
1,30,441,55,2,0,1,30000,0,115,2021,2,19,14,18,12,,,,,1,1,1,14,7,0,23,0,23,3,9,1,70,5,3,1,65,1,14,61,1,0,,,,,,,10,0,30,0,4,0,2,0,2,0,4,2,35.68959722222222,139.65900722222221,6,3,,,,
1,30,442,32,2,0,1,10270,0,115,2021,2,4,17,35,21,,,,,1,1,1,14,7,0,23,0,23,3,9,1,70,4,1,1,45,55,51,61,0,0,,,,,,,0,0,10,0,3,0,0,0,0,0,4,2,35.68741444444444,139.59882833333333,5,3,,,,
1,30,442,35,2,0,1,200,170,115,2021,2,4,9,46,12,,,,,1,1,1,1,1,9,22,0,23,19,9,30,70,1,1,1,65,65,3,61,31,0,,,,,,,5,0,80,0,3,0,2,0,2,0,4,2,35.67200527777778,139.61377305555555,5,3,,,,
1,30,442,44,2,0,1,200,152,115,2021,1,15,8,35,12,,,,,2,1,1,1,1,9,22,0,23,19,7,30,70,1,1,1,55,75,51,61,0,0,,,,,,,0,0,10,0,3,0,0,0,0,0,4,2,35.669326388888884,139.63304222222223,6,3,,,,
1,30,442,45,2,0,1,10200,0,115,2021,2,14,11,40,12,,,,,1,1,1,14,7,0,23,0,23,5,9,1,70,1,1,1,1,25,51,61,0,0,,,,,,,0,0,40,0,3,0,0,0,0,0,4,2,35.683525555555555,139.61580583333333,1,3,,,,
1,30,442,47,2,0,1,30000,0,115,2021,2,18,11,35,12,,,,,1,1,1,14,7,0,23,0,23,5,9,1,70,5,3,1,65,1,3,61,31,0,,,,,,,10,0,40,0,3,0,2,0,2,0,4,2,35.692188055555555,139.60003944444443,5,3,,,,
1,30,442,50,2,0,1,30000,0,115,2021,2,22,11,30,12,,,,,1,1,1,14,7,0,23,0,23,3,9,1,70,5,3,1,45,0,61,0,0,0,,,,,,,0,0,0,0,0,0,0,0,0,0,2,0,35.67669722222222,139.61969638888888,2,2,,,,
1,30,442,54,2,0,2,10260,0,115,2021,2,24,20,36,22,,,,,1,1,1,14,7,0,23,0,23,3,9,1,70,4,2,1,35,1,34,61,31,0,,,,,,,3,0,10,0,3,0,0,0,0,0,2,2,35.69515583333333,139.60340027777778,4,3,,,,
1,30,443,22,2,0,1,30000,0,115,2021,2,7,18,5,21,,,,,1,1,1,14,7,0,23,0,23,3,9,1,70,4,3,1,1,35,51,61,0,0,,,,,,,0,0,10,0,4,0,0,0,0,0,4,2,35.71134777777778,139.62437111111112,1,3,,,,
1,30,443,23,2,0,1,10220,0,115,2021,2,8,12,31,12,,,,,1,1,1,1,1,9,22,0,23,15,9,30,70,4,1,1,45,55,3,61,31,0,,,,,,,3,0,10,0,3,0,2,0,2,0,4,2,35.71912861111111,139.60602805555556,2,3,,,,
1,30,443,34,2,0,1,30000,0,115,2021,2,21,18,15,21,,,,,1,1,1,1,7,9,22,0,23,15,9,30,70,4,3,1,35,45,3,61,31,0,,,,,,,2,0,10,0,4,0,2,0,2,0,4,2,35.70365277777778,139.60653888888888,1,3,,,,
1,30,545,10,2,0,1,20370,0,105,2021,1,29,15,17,12,,,,,1,1,1,1,1,9,22,0,23,14,9,30,70,1,1,1,65,45,3,61,31,0,,,,,,,3,0,40,0,3,0,2,0,2,0,4,2,35.72965027777778,139.7453572222222,6,3,,,,
1,30,545,11,2,0,1,30000,0,105,2021,2,3,14,50,12,,,,,1,1,1,14,7,0,23,0,23,2,9,1,70,5,4,1,45,1,14,61,1,0,,,,,,,10,0,50,0,3,0,2,0,2,0,4,2,35.71436194444445,139.7487061111111,4,3,,,,
1,30,545,19,2,0,1,30000,0,105,2021,2,19,8,15,12,,,,,1,1,1,1,7,9,22,0,23,11,9,30,70,5,4,1,35,1,13,61,31,0,,,,,,,10,0,20,0,3,0,2,0,2,0,4,2,35.724069444444446,139.73742916666666,6,3,,,,
1,30,546,8,2,0,1,30000,0,105,2021,2,3,7,48,12,,,,,1,1,1,1,1,9,22,0,23,14,8,30,70,4,2,1,65,25,3,61,31,0,,,,,,,2,0,10,0,3,0,2,0,2,0,4,2,35.710817500000005,139.73352722222222,4,3,,,,
1,30,546,13,2,0,1,20370,0,105,2021,2,18,19,50,22,,,,,1,1,1,14,7,0,23,0,23,5,9,1,70,4,2,1,35,1,51,61,0,0,,,,,,,0,0,10,0,3,0,0,0,0,0,4,2,35.72231388888889,139.73537305555556,5,3,,,,
1,30,548,4,2,0,1,30000,0,105,2021,2,10,11,20,12,,,,,1,1,1,14,7,0,23,0,23,2,9,1,70,5,3,1,55,75,14,61,1,0,,,,,,,10,0,30,0,4,0,2,0,2,0,4,2,35.72284888888889,139.76119222222223,4,2,,,,
1,30,548,5,2,0,2,30900,0,105,2021,2,12,17,10,13,,,,,1,1,1,7,1,0,23,0,23,3,8,1,70,5,1,1,1,65,51,61,0,0,,,,,,,0,0,10,0,3,0,0,0,0,0,2,2,35.72094833333333,139.7607863888889,6,3,,,,
1,30,549,11,2,0,1,30000,0,116,2020,12,14,9,45,12,,,,,1,1,1,14,7,0,23,0,23,2,9,1,70,5,2,1,25,45,14,61,31,0,,,,,,,3,0,10,0,3,0,2,0,2,0,4,2,35.72824722222222,139.7297325,2,3,,,,
1,30,549,14,2,0,1,30000,0,116,2021,2,16,15,38,12,,,,,1,1,1,7,7,0,23,0,23,1,9,20,70,5,4,1,75,65,4,61,31,0,,,,,,,1,0,10,0,3,0,2,0,2,0,4,2,35.7280225,139.72740638888888,3,3,,,,
1,30,549,18,2,0,1,30000,0,116,2021,2,13,2,43,22,,,,,1,1,1,1,7,9,22,0,23,11,9,30,70,5,4,1,65,45,51,61,0,0,,,,,,,0,0,10,0,3,0,0,0,0,0,4,2,35.7409825,139.73174083333333,7,3,,,,
1,30,550,24,2,0,1,95000,0,116,2021,2,21,0,0,22,,,,,1,1,1,1,7,9,22,0,23,11,9,30,70,5,3,1,35,25,3,61,31,0,,,,,,,5,0,40,0,3,0,2,0,2,0,4,2,35.73112388888889,139.7061486111111,1,3,,,,
1,30,550,27,2,0,1,95000,0,116,2021,2,26,20,25,22,,,,,1,1,1,7,7,0,23,0,23,3,9,1,70,4,2,1,65,45,3,61,1,0,,,,,,,10,0,40,0,3,0,2,0,2,0,4,2,35.73307805555556,139.709995,6,3,,,,
1,30,550,28,2,0,1,10090,0,116,2021,2,19,17,15,13,,,,,1,1,1,1,1,9,22,0,23,15,9,30,70,4,1,1,35,25,51,61,0,0,,,,,,,0,0,10,0,3,0,0,0,0,0,4,2,35.731857777777776,139.7139136111111,6,3,,,,
1,30,551,28,2,0,1,20000,0,116,2021,2,10,11,10,12,,,,,1,1,1,1,1,9,22,0,23,15,9,30,70,4,2,1,75,75,51,61,0,0,,,,,,,0,0,10,0,4,0,0,0,0,0,4,2,35.72642472222223,139.7181852777778,4,2,,,,
1,30,551,31,2,0,1,10280,0,116,2021,2,11,7,52,12,,,,,1,1,1,1,1,9,22,0,23,15,9,30,70,1,2,1,55,25,13,61,31,0,,,,,,,4,0,40,0,4,0,2,0,2,0,4,2,35.71595861111111,139.70564833333333,5,1,,,,
1,30,551,40,2,0,1,30000,0,116,2021,2,26,7,24,12,,,,,2,1,1,14,7,0,23,0,23,2,8,1,70,5,3,1,25,65,51,61,0,0,,,,,,,0,0,10,0,4,0,0,0,0,0,4,2,35.71588027777778,139.71501833333332,6,3,,,,
1,30,552,14,2,0,1,30000,0,117,2021,2,5,11,30,12,,,,,1,1,1,14,7,0,23,0,23,3,9,1,70,5,3,1,55,45,3,61,31,0,,,,,,,2,0,10,0,3,0,2,0,2,0,4,2,35.736576944444444,139.74975944444444,6,3,,,,
1,30,552,20,2,0,1,30000,0,117,2021,2,19,12,14,12,,,,,1,1,1,14,7,0,23,0,23,3,9,1,70,5,3,1,25,65,51,61,0,0,,,,,,,0,0,10,0,3,0,0,0,0,0,4,2,35.73924638888889,139.74845027777778,6,3,,,,
1,30,552,23,2,0,1,10090,0,117,2021,2,24,9,31,12,,,,,1,1,1,1,1,9,22,0,23,17,9,30,70,4,1,1,65,45,14,61,31,0,,,,,,,4,0,80,0,3,0,2,0,2,0,4,2,35.74150083333333,139.76500472222222,4,3,,,,
1,30,552,24,2,0,1,30000,0,117,2021,2,23,19,50,22,,,,,1,1,1,1,1,9,22,0,23,18,9,30,70,4,2,1,25,65,36,61,31,0,,,,,,,2,0,20,0,3,0,0,0,0,0,4,2,35.740748611111115,139.72448416666666,3,1,,,,
1,30,552,25,2,0,1,30000,0,117,2021,2,26,8,6,12,,,,,2,1,1,14,1,0,23,0,23,3,9,1,70,4,2,1,45,35,51,61,0,0,,,,,,,0,0,40,0,4,0,0,0,0,0,4,2,35.7391025,139.7622561111111,6,3,,,,
1,30,553,19,2,0,1,20450,0,117,2021,2,4,0,5,22,,,,,1,1,1,1,7,9,22,0,23,15,9,30,70,5,2,1,45,65,3,61,31,0,,,,,,,3,0,80,0,3,0,2,0,2,0,4,2,35.75842111111111,139.72777555555555,5,3,,,,
1,30,553,22,2,0,1,10130,0,117,2021,2,9,15,45,12,,,,,1,1,1,1,1,9,22,0,23,17,9,30,70,1,1,1,65,25,3,61,31,0,,,,,,,4,0,10,0,3,0,2,0,2,0,4,2,35.76596055555556,139.7206461111111,3,3,,,,
1,30,553,25,2,0,2,20450,0,117,2021,2,17,17,30,21,,,,,1,1,2,1,1,9,22,0,23,14,9,30,70,4,1,1,1,65,51,61,0,0,,,,,,,0,0,10,0,3,0,0,0,0,0,2,2,35.75965055555555,139.72162416666666,4,3,,,,
1,30,553,28,2,0,1,30000,0,117,2021,1,19,9,30,12,,,,,1,1,1,14,7,0,23,0,23,2,9,1,70,5,3,1,55,25,14,61,1,0,,,,,,,5,0,40,0,3,0,2,0,2,0,4,2,35.76132444444445,139.72713555555555,3,3,,,,
1,30,553,31,2,0,1,10090,0,117,2021,2,27,11,45,12,,,,,1,1,1,14,1,0,23,0,23,3,9,1,70,4,2,1,25,55,51,61,0,0,,,,,,,0,0,40,0,4,0,0,0,0,0,4,2,35.75526361111111,139.7405111111111,7,3,,,,
1,30,554,22,2,0,1,99000,0,117,2021,2,15,11,15,12,,,,,3,1,2,0,7,0,23,0,23,0,0,20,70,0,4,1,65,35,3,61,31,0,,,,,,,10,0,30,0,3,0,2,0,2,0,4,2,35.77616222222222,139.73011833333334,2,3,,,,
1,30,554,27,2,0,1,30000,0,117,2021,2,22,9,0,12,,,,,1,1,1,1,7,1,22,0,23,15,9,30,70,5,3,1,55,25,3,61,31,0,,,,,,,10,0,10,0,3,0,2,0,2,0,4,2,35.777839166666666,139.72935805555556,2,2,,,,
1,30,554,28,2,0,1,1220,0,117,2021,2,22,15,54,12,,,,,1,1,1,1,1,9,22,0,23,19,9,30,70,5,1,1,25,75,51,61,0,0,,,,,,,0,0,10,0,3,0,0,0,0,0,4,2,35.78669027777777,139.7224138888889,2,2,,,,
1,30,555,39,2,0,1,30000,0,119,2021,1,6,20,5,22,,,,,1,1,1,14,7,0,23,0,23,3,9,1,70,5,3,1,45,65,51,61,0,0,,,,,,,0,0,10,0,3,0,0,0,0,0,4,2,35.75526416666667,139.7091161111111,4,3,,,,
1,30,555,40,2,0,1,10160,0,119,2021,2,9,7,0,11,,,,,1,1,1,1,1,9,22,0,23,18,9,30,70,1,2,1,55,1,14,61,31,0,,,,,,,2,0,50,0,3,0,2,0,2,0,4,2,35.73829055555556,139.7042133333333,3,3,,,,
1,30,555,47,2,0,1,30000,0,119,2021,2,13,18,32,22,,,,,1,1,1,1,7,9,22,0,23,14,9,30,1,5,3,1,65,25,3,61,31,0,,,,,,,2,0,10,0,3,0,2,0,2,0,4,2,35.75141333333333,139.69081833333334,7,3,,,,
1,30,555,49,2,0,1,30000,0,119,2021,2,22,19,40,22,,,,,1,1,1,14,7,0,23,0,23,3,9,1,70,5,3,1,25,35,3,61,31,0,,,,,,,2,0,80,0,3,0,2,0,2,0,4,2,35.747863055555555,139.70208555555556,2,2,,,,
1,30,556,21,1,1,1,170,159,119,2021,2,22,15,50,12,,,,,1,1,1,14,7,0,23,0,23,5,7,1,70,1,4,1,45,45,35,61,31,0,,,,,,,5,0,10,0,1,0,0,0,0,0,1,2,35.7958125,139.68542833333333,2,2,,,,
1,30,556,24,2,0,1,30000,0,119,2021,2,2,8,6,12,,,,,3,1,1,14,7,0,23,0,23,1,9,1,70,4,1,1,25,35,51,61,0,0,,,,,,,0,0,40,0,4,0,0,0,0,0,4,2,35.778758055555556,139.6811761111111,3,3,,,,
1,30,556,28,2,0,1,30000,0,119,2021,1,22,17,45,21,,,,,1,1,1,14,7,0,23,0,23,3,9,1,70,4,1,1,45,45,51,61,0,0,,,,,,,0,0,10,0,3,0,0,0,0,0,4,2,35.77025805555555,139.69142694444446,6,3,,,,
1,30,556,30,2,0,1,30750,0,119,2021,2,11,18,37,22,,,,,1,1,1,14,7,0,23,0,23,3,9,1,70,5,1,1,65,75,3,61,31,0,,,,,,,4,0,10,0,3,0,2,0,2,0,4,2,35.78734333333333,139.68445111111112,5,1,,,,
1,30,556,38,2,0,2,170,129,119,2021,2,19,7,59,12,,,,,1,1,1,1,1,9,22,0,23,18,9,30,70,5,1,1,55,1,11,61,31,0,,,,,,,5,0,70,0,3,0,2,0,2,0,4,2,35.77301555555555,139.6986113888889,6,3,,,,
1,30,556,41,2,0,1,95000,0,119,2021,2,24,10,55,12,,,,,1,1,1,7,2,0,23,0,23,3,9,20,70,4,1,1,75,75,3,61,31,0,,,,,,,2,0,80,0,3,0,2,0,2,0,4,2,35.78434972222222,139.6792636111111,4,3,,,,
1,30,557,26,2,0,1,20430,0,120,2021,1,30,17,30,21,,,,,1,1,1,14,7,0,23,0,23,3,9,1,70,4,1,1,75,55,51,61,0,0,,,,,,,0,0,10,0,3,0,0,0,0,0,4,2,35.737789722222224,139.66815749999998,7,3,,,,
1,30,557,29,2,0,1,30000,0,120,2021,2,9,17,20,21,,,,,1,1,1,1,7,9,22,0,23,15,9,30,70,5,2,1,35,1,14,61,31,0,,,,,,,3,0,10,0,3,0,2,0,2,0,4,2,35.7489925,139.64778555555554,3,3,,,,
1,30,557,34,2,0,1,30000,0,120,2021,2,13,12,40,12,,,,,1,1,1,1,7,9,22,0,23,14,9,30,1,4,2,1,25,1,4,61,31,0,,,,,,,2,0,10,0,3,0,2,0,2,0,4,2,35.73761944444445,139.660945,7,3,,,,
1,30,557,35,2,0,1,30000,0,120,2021,2,13,17,15,13,,,,,1,1,1,1,1,9,22,0,23,14,9,30,1,4,2,1,35,65,17,61,1,0,,,,,,,2,0,10,0,3,0,2,0,2,0,4,2,35.736815,139.66022944444444,7,3,,,,
1,30,558,18,2,0,1,30000,0,120,2020,12,21,8,35,12,,,,,1,1,1,1,7,1,22,0,23,15,6,30,70,5,1,1,55,75,35,61,31,0,,,,,,,2,0,10,0,3,0,0,0,0,0,4,2,35.735330833333336,139.59392861111112,2,3,,,,
1,30,558,25,2,0,1,30000,0,120,2021,2,6,8,23,12,,,,,1,1,1,14,7,0,23,0,23,2,9,1,70,5,4,1,35,65,14,61,1,0,,,,,,,5,0,70,0,3,0,2,0,2,0,4,2,35.74944333333333,139.57281805555556,7,3,,,,
1,30,558,27,2,0,1,10330,0,120,2021,2,3,8,28,12,,,,,1,1,1,14,7,0,23,0,23,3,9,1,70,4,3,1,45,25,51,61,0,0,,,,,,,0,0,10,0,3,0,0,0,0,0,4,2,35.750838333333334,139.5895436111111,4,3,,,,
1,30,558,36,2,0,1,30000,0,120,2021,2,15,20,20,22,,,,,1,1,1,7,7,0,23,0,23,1,9,1,70,5,3,1,65,25,3,61,31,0,,,,,,,2,0,10,0,3,0,2,0,2,0,4,2,35.74666916666667,139.58403444444446,2,3,,,,