資料区分,都道府県コード,警察署等コード,本票番号,事故内容,死者数,負傷者数,路線コード,地点コード,市区町村コード,発生日時　　年,発生日時　　月,発生日時　　日,発生日時　　時,発生日時　　分,昼夜,日の出時刻　　時,日の出時刻　　分,日の入り時刻　　時,日の入り時刻　　分,天候,地形,路面状態,道路形状,信号機,一時停止規制　標識（当事者A）,一時停止規制　表示（当事者A）,一時停止規制　標識（当事者B）,一時停止規制　表示（当事者B）,車道幅員,道路線形,衝突地点,ゾーン規制,中央分離帯施設等,歩車道区分,事故類型,年齢（当事者A）,年齢（当事者B）,当事者種別（当事者A）,当事者種別（当事者B）,用途別（当事者A）,用途別（当事者B）,車両形状等（当事者A）,車両形状等（当事者B）,オートマチック車（当事者A）,オートマチック車（当事者B）,サポカー（当事者A）,サポカー（当事者B）,速度規制（指定のみ）（当事者A）,速度規制（指定のみ）（当事者B）,車両の衝突部位（当事者A）,車両の衝突部位（当事者B）,車両の損壊程度（当事者A）,車両の損壊程度（当事者B）,エアバッグの装備（当事者A）,エアバッグの装備（当事者B）,サイドエアバッグの装備（当事者A）,サイドエアバッグの装備（当事者B）,人身損傷程度（当事者A）,人身損傷程度（当事者B）,lat,lon,曜日(発生年月日),祝日(発生年月日),認知機能検査経過日数（当事者A）,認知機能検査経過日数（当事者B）,運転練習の方法（当事者A）,運転練習の方法（当事者B）
1,30,558,47,2,0,1,30000,0,120,2021,2,17,20,25,22,,,,,1,1,1,14,7,0,23,0,23,1,9,1,70,5,3,1,55,35,1,61,1,0,,,,,,,2,0,80,0,3,0,2,0,2,0,4,2,35.72657,139.5914813888889,4,3,,,,
1,30,559,13,2,0,1,2540,144,119,2021,2,6,11,50,12,,,,,1,1,1,1,1,9,22,0,23,18,9,30,70,1,2,1,25,55,1,61,1,0,,,,,,,10,0,10,0,3,0,2,0,2,0,4,2,35.776313055555555,139.632225,7,3,,,,
1,30,559,16,2,0,1,30930,0,119,2021,2,11,18,11,21,,,,,1,1,1,7,7,0,23,0,23,1,9,1,70,4,2,1,55,45,4,61,31,0,,,,,,,3,0,15,0,3,0,2,0,2,0,4,2,35.79082944444444,139.65905916666668,5,1,,,,
1,30,559,18,2,0,1,30000,0,119,2021,2,11,9,45,12,,,,,1,1,1,7,7,0,23,0,23,1,9,1,70,5,2,1,35,35,34,61,31,0,,,,,,,10,0,22,0,4,0,0,0,0,0,4,2,35.776810833333336,139.6325688888889,5,1,,,,
1,30,559,19,2,0,1,30000,0,119,2021,2,13,12,30,12,,,,,2,1,1,1,7,9,22,0,23,15,9,30,70,4,1,1,65,35,3,61,31,0,,,,,,,2,0,10,0,3,0,2,0,2,0,4,2,35.76958138888889,139.6592875,7,3,,,,
1,30,559,24,2,0,1,30000,0,119,2021,2,24,9,20,12,,,,,1,1,1,1,7,1,22,0,23,15,9,30,70,4,2,1,65,1,3,61,31,0,,,,,,,3,0,10,0,4,0,2,0,2,0,4,2,35.778099166666664,139.6363475,4,3,,,,
1,30,559,25,2,0,1,30000,0,119,2021,2,28,10,10,12,,,,,1,1,1,1,1,9,22,0,23,15,3,30,70,4,1,1,65,45,3,61,31,0,,,,,,,3,0,10,0,3,0,2,0,1,0,4,2,35.788134166666666,139.63784555555554,1,3,,,,
1,30,560,37,2,0,1,30000,0,120,2021,2,7,14,55,12,,,,,1,1,1,7,7,0,23,0,23,1,9,1,70,5,3,1,55,45,14,61,31,0,,,,,,,1,0,10,0,4,0,2,0,2,0,4,2,35.76876583333333,139.64561416666666,1,3,,,,
1,30,560,39,2,0,1,30000,0,120,2021,2,8,19,25,22,,,,,1,1,1,1,7,9,22,0,23,11,9,30,70,4,2,1,75,75,3,61,31,0,,,,,,,2,0,50,0,3,0,2,0,2,0,4,2,35.75958333333333,139.63682444444444,2,3,,,,
1,30,560,40,2,0,1,30000,0,120,2021,2,8,20,30,22,,,,,2,1,1,1,7,1,21,0,23,11,9,30,70,5,3,1,75,45,13,61,31,0,,,,,,,2,0,50,0,3,0,2,0,2,0,4,2,35.73638583333334,139.6255111111111,2,3,,,,
1,30,560,41,2,0,1,20510,0,120,2021,1,3,17,31,21,,,,,1,1,1,1,1,9,22,0,23,14,9,30,70,1,2,1,55,35,3,61,31,0,,,,,,,4,0,40,0,3,0,2,0,2,0,4,2,35.73603972222222,139.61481694444444,1,3,,,,
1,30,560,59,2,0,1,30000,0,120,2021,2,15,19,3,22,,,,,2,1,1,1,7,1,22,0,23,11,9,30,70,5,3,1,55,45,3,61,31,0,,,,,,,10,0,20,0,4,0,2,0,2,0,4,2,35.74608722222222,139.61956416666666,2,3,,,,
1,30,660,13,2,0,1,40,28,106,2020,12,27,17,0,21,,,,,1,1,1,14,7,0,23,0,23,6,9,1,70,1,2,1,1,55,51,61,0,0,,,,,,,0,0,10,0,4,0,0,0,0,0,4,2,35.70733388888889,139.7764827777778,1,3,,,,
1,30,660,21,2,0,1,20070,0,106,2021,2,20,16,1,12,,,,,1,1,1,7,1,0,23,0,23,5,9,1,70,4,2,1,65,45,3,61,31,0,,,,,,,4,0,30,0,3,0,2,0,2,0,4,2,35.70881222222223,139.7733838888889,7,3,,,,
1,30,661,7,2,0,1,30000,0,106,2021,1,16,17,55,22,,,,,1,1,1,1,7,9,22,0,23,11,3,30,70,5,4,1,45,25,3,61,31,0,,,,,,,10,0,20,0,4,0,2,0,2,0,4,2,35.721939166666665,139.76341555555555,7,3,,,,
1,30,662,14,2,0,1,30000,0,106,2021,2,6,17,35,21,,,,,2,1,1,1,1,9,22,0,23,19,9,30,70,4,2,1,45,65,51,61,0,0,,,,,,,0,0,10,0,4,0,0,0,0,0,4,2,35.71797388888889,139.7893738888889,7,3,,,,
1,30,662,15,2,0,1,10090,0,106,2021,2,11,8,25,12,,,,,1,1,1,1,1,9,22,0,23,19,9,30,70,1,1,1,75,55,4,61,31,0,,,,,,,4,0,20,0,3,0,2,0,2,0,4,2,35.72887222222222,139.79581472222222,5,1,,,,
1,30,662,16,2,0,1,20560,0,106,2021,2,7,17,30,21,,,,,1,1,1,14,7,0,23,0,23,3,9,20,70,4,2,1,55,35,51,61,0,0,,,,,,,0,0,40,0,4,0,0,0,0,0,4,2,35.717035555555555,139.79284833333332,1,3,,,,
1,30,665,11,2,0,1,10360,0,118,2021,2,18,6,10,23,,,,,1,1,1,1,1,9,22,0,23,15,9,30,70,4,1,1,45,45,3,61,31,0,,,,,,,3,0,40,0,3,0,2,0,2,0,4,2,35.74003805555556,139.81177805555558,5,3,,,,
1,30,666,11,2,0,1,30000,0,118,2021,2,1,14,40,12,,,,,1,1,1,14,7,0,23,0,23,3,9,1,70,5,2,1,1,35,51,61,0,0,,,,,,,0,0,10,0,4,0,0,0,0,0,4,2,35.72920444444445,139.7718741666667,2,3,,,,
1,30,667,15,2,0,1,30000,0,121,2021,2,2,18,20,22,,,,,1,1,1,14,7,0,23,0,23,3,9,1,70,5,3,1,65,45,3,61,1,0,,,,,,,2,0,40,0,3,0,2,0,2,0,4,2,35.751648055555556,139.8033325,3,3,,,,
1,30,668,57,2,0,1,30000,0,121,2020,11,13,16,27,13,,,,,1,1,1,1,7,9,22,0,23,11,9,30,70,5,2,1,45,75,51,61,0,0,,,,,,,0,0,30,0,3,0,0,0,0,0,4,2,35.7692775,139.74169777777777,6,3,,,,
1,30,668,59,2,0,1,30000,0,121,2021,2,2,10,0,12,,,,,2,1,2,7,7,0,23,0,23,2,9,1,70,5,3,1,75,75,14,61,31,0,,,,,,,10,0,50,0,3,0,2,0,2,0,4,2,35.76902027777778,139.78329472222222,3,3,,,,
1,30,668,60,2,0,1,30000,0,121,2021,2,2,13,15,12,,,,,1,1,1,7,7,0,23,0,23,2,9,1,70,5,3,1,55,45,3,61,31,0,,,,,,,2,0,50,0,3,0,2,0,2,0,4,2,35.780809166666664,139.76220305555555,3,3,,,,
1,30,668,62,2,0,1,30000,0,121,2021,2,4,17,40,21,,,,,1,1,1,1,7,1,21,0,23,11,9,30,70,5,2,1,65,65,3,61,31,0,,,,,,,2,0,20,0,3,0,2,0,2,0,4,2,35.77089111111111,139.79270083333333,5,3,,,,
1,30,668,77,2,0,1,30000,0,121,2021,1,8,9,50,12,,,,,1,1,1,14,7,0,23,0,23,3,9,1,70,5,2,1,75,0,61,0,0,0,,,,,,,0,0,0,0,0,0,0,0,0,0,2,0,35.77083861111111,139.74455027777776,6,3,,,,
1,30,668,79,2,0,1,30000,0,121,2021,2,17,17,0,13,,,,,1,1,1,1,7,9,22,0,23,11,9,30,70,4,3,1,45,1,14,61,31,0,,,,,,,3,0,20,0,3,0,2,0,2,0,4,2,35.77876305555556,139.7605963888889,4,3,,,,
1,30,668,80,2,0,1,30000,0,121,2021,2,18,18,49,22,,,,,2,1,1,14,7,0,23,0,23,3,7,1,70,4,1,1,1,65,14,61,1,0,,,,,,,3,0,80,0,3,0,2,0,2,0,4,2,35.75498972222222,139.762735,5,3,,,,
1,30,668,81,2,0,1,10130,0,121,2021,2,19,11,15,12,,,,,1,1,1,1,1,9,22,0,23,18,9,30,70,5,1,1,25,75,3,61,31,0,,,,,,,4,0,10,0,3,0,2,0,2,0,4,2,35.77807611111111,139.7823277777778,6,3,,,,
1,30,668,90,2,0,1,10710,0,121,2021,1,16,14,34,12,,,,,1,1,1,14,7,0,23,0,23,4,9,1,70,1,2,1,1,35,51,61,0,0,,,,,,,0,0,10,0,3,0,0,0,0,0,4,2,35.786698888888886,139.7701416666667,7,3,,,,
1,30,669,59,2,0,1,30000,0,121,2021,1,28,19,5,22,,,,,3,1,2,1,1,9,22,0,23,15,9,30,70,4,1,1,35,25,36,61,31,0,,,,,,,2,0,10,0,3,0,0,0,0,0,4,2,35.781554166666666,139.8368775,5,3,,,,
1,30,669,61,2,0,1,30000,0,121,2021,2,10,18,0,21,,,,,1,1,1,14,7,0,23,0,23,3,9,1,70,5,1,1,45,55,51,61,0,0,,,,,,,0,0,10,0,4,0,0,0,0,0,4,2,35.77891805555556,139.83256694444444,4,2,,,,
1,30,669,63,2,0,1,10360,0,121,2021,2,12,19,55,22,,,,,1,1,1,1,1,9,22,0,23,15,9,30,70,4,2,1,55,45,4,61,31,0,,,,,,,3,0,10,0,3,0,2,0,2,0,4,2,35.760065833333336,139.8291436111111,6,3,,,,
1,30,669,73,2,0,1,30000,0,121,2021,1,30,20,15,22,,,,,1,1,1,1,7,9,22,0,23,14,9,30,70,4,2,1,55,1,4,61,31,0,,,,,,,2,0,10,0,3,0,2,0,2,0,4,2,35.775885555555554,139.8260772222222,7,3,,,,
1,30,669,81,2,0,1,99000,0,121,2021,2,22,8,13,12,,,,,1,1,1,0,7,0,23,0,23,0,0,20,70,0,1,1,45,75,4,61,31,0,,,,,,,10,0,20,0,3,0,2,0,2,0,4,2,35.7629675,139.80990111111112,2,2,,,,
1,30,669,82,2,0,1,30000,0,121,2021,2,22,15,10,12,,,,,1,1,1,1,1,9,22,0,23,14,9,30,70,5,2,1,65,75,3,61,31,0,,,,,,,2,0,70,0,3,0,2,0,2,0,4,2,35.77300111111111,139.84279222222224,2,2,,,,
1,30,669,86,2,0,1,30000,0,121,2021,2,24,17,50,21,,,,,1,1,1,7,7,0,23,0,23,3,9,1,70,5,2,1,1,25,51,61,0,0,,,,,,,0,0,10,0,3,0,0,0,0,0,4,2,35.77077555555555,139.84239194444444,4,3,,,,
1,30,670,24,2,0,1,30000,0,121,2021,1,18,15,55,13,,,,,1,1,1,14,7,0,23,0,23,4,9,1,70,4,2,1,65,35,4,61,31,0,,,,,,,2,0,40,0,3,0,2,0,2,0,4,2,35.81137694444444,139.7630613888889,2,3,,,,
1,30,670,28,2,0,1,30000,0,121,2021,2,2,8,0,12,,,,,2,1,2,14,7,0,23,0,23,3,9,1,70,4,3,1,55,45,36,61,31,0,,,,,,,2,0,10,0,3,0,0,0,0,0,4,2,35.799521666666664,139.78210611111112,3,3,,,,
1,30,670,30,2,0,1,30000,0,121,2021,2,3,17,30,21,,,,,1,1,1,1,7,3,22,0,23,15,9,30,70,4,2,1,45,65,3,61,31,0,,,,,,,10,0,10,0,3,0,2,0,2,0,4,2,35.80965388888889,139.75297,4,3,,,,
1,30,670,39,2,0,1,30000,0,121,2021,2,9,17,30,21,,,,,1,1,1,1,7,1,21,0,23,14,9,30,70,5,3,1,35,75,3,61,31,0,,,,,,,10,0,50,0,4,0,2,0,2,0,4,2,35.80488305555555,139.7651936111111,3,3,,,,
1,30,670,44,2,0,1,30000,0,121,2021,2,18,17,5,13,,,,,1,1,1,14,7,0,23,0,23,2,9,1,70,4,1,1,1,25,36,61,31,0,,,,,,,2,0,10,0,3,0,0,0,0,0,4,2,35.7866225,139.80966750000002,5,3,,,,
1,30,670,54,2,0,1,30000,0,121,2021,2,25,15,50,12,,,,,1,1,1,0,7,0,23,0,23,0,0,20,70,0,2,1,65,45,4,61,31,0,,,,,,,10,0,50,0,4,0,2,0,2,0,4,2,35.79591333333333,139.78215694444447,5,3,,,,
1,30,771,35,2,0,1,30000,0,108,2021,2,6,10,35,12,,,,,1,1,1,1,7,9,22,0,23,14,9,30,70,5,2,1,55,75,51,61,0,0,,,,,,,0,0,10,0,4,0,0,0,0,0,4,2,35.67088388888889,139.8176347222222,7,3,,,,
1,30,771,40,2,0,1,20690,0,108,2021,2,5,12,10,12,,,,,1,1,1,1,1,9,22,0,23,18,9,30,70,3,1,1,35,35,3,61,31,0,,,,,,,4,0,10,0,4,0,2,0,2,0,4,2,35.686279444444445,139.81591500000002,6,3,,,,
1,30,771,48,2,0,1,20000,0,108,2021,1,30,15,15,12,,,,,1,1,1,1,1,9,22,0,23,14,9,30,70,4,1,1,45,75,3,61,31,0,,,,,,,2,0,10,0,4,0,2,0,2,0,4,2,35.673755,139.81177222222223,7,3,,,,
1,30,771,61,2,0,1,30000,0,108,2021,2,12,18,4,21,,,,,1,1,1,14,7,0,23,0,23,2,9,1,70,5,3,1,35,55,35,61,31,0,,,,,,,5,0,10,0,3,0,0,0,0,0,4,2,35.68553305555555,139.81441972222223,6,3,,,,
1,30,772,33,2,0,1,20660,0,108,2021,2,9,7,58,12,,,,,1,1,1,14,7,0,23,0,23,4,9,1,70,4,1,1,35,1,51,61,0,0,,,,,,,0,0,10,0,3,0,0,0,0,0,4,2,35.681776388888885,139.84457694444444,3,3,,,,
1,30,772,37,2,0,1,30000,0,108,2021,2,6,13,2,12,,,,,1,1,1,14,7,0,23,0,23,3,9,20,70,4,3,1,35,45,3,61,31,0,,,,,,,2,0,40,0,4,0,2,0,2,0,4,2,35.66980777777778,139.8376363888889,7,3,,,,
1,30,773,28,2,0,1,10060,0,107,2021,2,4,6,26,23,,,,,1,1,1,14,7,0,23,0,23,5,9,1,70,1,2,1,25,55,3,61,31,0,,,,,,,4,0,50,0,3,0,2,0,2,0,4,2,35.688363055555556,139.80638166666668,5,3,,,,
1,30,773,31,2,0,1,30000,0,107,2021,2,5,12,30,12,,,,,1,1,1,7,7,0,23,0,23,3,9,1,70,4,3,1,65,75,12,61,1,0,,,,,,,2,0,80,0,4,0,2,0,2,0,4,2,35.69953888888889,139.81393111111112,6,3,,,,
1,30,773,32,2,0,1,30000,0,107,2021,2,6,22,23,22,,,,,1,1,1,14,7,0,23,0,23,3,9,1,70,5,3,1,1,35,36,61,31,0,,,,,,,2,0,10,0,3,0,0,0,0,0,2,4,35.69235527777777,139.79447527777776,7,3,,,,
1,30,773,33,2,0,1,30000,0,107,2021,2,7,21,28,22,,,,,1,1,1,14,7,0,23,0,23,3,9,1,70,4,3,1,25,65,51,61,0,0,,,,,,,0,0,40,0,3,0,0,0,0,0,4,2,35.69393694444444,139.8157277777778,1,3,,,,
1,30,773,37,2,0,1,30000,0,107,2021,1,19,12,12,12,,,,,1,1,1,14,1,0,23,0,23,2,9,1,70,5,2,1,25,65,51,61,0,0,,,,,,,0,0,40,0,4,0,0,0,0,0,4,2,35.69778944444444,139.81184305555556,3,3,,,,
1,30,773,40,2,0,1,10290,0,107,2021,2,22,22,50,22,,,,,1,1,1,1,1,9,22,0,23,15,9,30,70,1,2,1,45,45,3,61,31,0,,,,,,,4,0,10,0,3,0,2,0,2,0,4,2,35.700335833333334,139.79524666666666,2,2,,,,
1,30,775,52,2,0,1,30000,0,122,2021,2,8,8,20,12,,,,,2,1,1,14,7,0,23,0,23,1,9,1,1,5,1,1,35,1,51,61,0,0,,,,,,,0,0,40,0,4,0,0,0,0,0,4,2,35.76746694444444,139.84460194444446,2,3,,,,
1,30,775,54,2,0,1,30000,0,122,2021,2,8,19,56,22,,,,,1,1,1,14,7,0,23,0,23,2,9,1,1,5,3,1,35,1,51,61,0,0,,,,,,,0,0,10,0,3,0,0,0,0,0,4,2,35.76133333333333,139.86035833333332,2,3,,,,
1,30,775,58,2,0,1,30000,0,122,2021,2,11,17,45,21,,,,,1,1,1,14,7,0,23,0,23,3,9,1,70,4,2,1,65,35,3,61,31,0,,,,,,,3,0,10,0,2,0,2,0,2,0,4,2,35.76012111111111,139.85976722222222,5,1,,,,
1,30,775,64,2,0,1,30000,0,122,2021,2,16,17,37,21,,,,,1,1,1,7,7,0,23,0,23,1,9,1,1,4,1,1,25,55,4,61,31,0,,,,,,,2,0,10,0,3,0,2,0,2,0,4,2,35.75331861111111,139.86931388888888,3,3,,,,
1,30,775,67,2,0,1,30000,0,122,2021,2,17,14,28,12,,,,,1,1,1,14,7,0,23,0,23,2,9,1,70,5,4,1,25,1,4,61,31,0,,,,,,,10,0,20,0,3,0,2,0,2,0,4,2,35.75566833333333,139.88053944444445,4,3,,,,
1,30,775,71,2,0,1,30000,0,122,2021,2,20,20,38,22,,,,,1,1,1,14,7,0,23,0,23,4,9,1,70,4,4,1,25,35,3,61,31,0,,,,,,,10,0,30,0,4,0,2,0,2,0,4,2,35.76316027777778,139.85318083333334,7,3,,,,
1,30,775,77,2,0,1,30000,0,122,2021,2,26,7,45,12,,,,,2,1,1,14,7,0,23,0,23,2,9,1,70,5,3,1,45,1,1,61,1,0,,,,,,,10,0,10,0,3,0,2,0,2,0,4,2,35.78580472222222,139.85428777777778,6,3,,,,
1,30,776,26,2,0,1,30000,0,122,2021,2,3,15,15,12,,,,,1,1,1,21,7,0,23,0,23,3,9,20,70,5,4,1,55,65,51,61,0,0,,,,,,,0,0,40,0,4,0,0,0,0,0,4,2,35.73841888888889,139.84927000000002,4,3,,,,
1,30,776,30,2,0,1,30000,0,122,2021,2,9,16,55,13,,,,,1,1,1,14,7,0,23,0,23,1,9,1,1,5,3,1,45,1,14,61,31,0,,,,,,,2,0,40,0,3,0,2,0,2,0,4,2,35.72157222222222,139.85249083333332,3,3,,,,
1,30,776,37,2,0,1,30000,0,122,2021,2,22,17,50,21,,,,,1,1,1,1,7,9,22,0,23,15,9,30,70,4,1,1,25,1,4,61,31,0,,,,,,,2,0,10,0,3,0,2,0,2,0,4,2,35.74664694444444,139.85577722222223,2,2,,,,
1,30,776,43,2,0,1,21080,0,122,2021,2,3,10,5,12,,,,,1,1,1,1,2,9,22,0,23,11,9,30,70,4,2,1,65,35,3,61,31,0,,,,,,,10,0,10,0,4,0,2,0,2,0,4,2,35.74111777777778,139.8256886111111,4,3,,,,
1,30,776,44,2,0,1,10380,0,122,2021,2,15,20,22,22,,,,,1,1,1,1,1,9,22,0,23,15,9,30,70,5,1,1,55,55,3,61,31,0,,,,,,,3,0,50,0,4,0,2,0,2,0,4,2,35.74995694444445,139.87930111111112,2,3,,,,
1,30,776,46,2,0,1,10410,0,122,2021,2,14,15,30,12,,,,,1,1,1,1,1,9,22,0,23,14,9,30,70,4,1,1,45,45,3,61,31,0,,,,,,,2,0,10,0,3,0,2,0,2,0,4,2,35.73686888888889,139.84795916666667,1,3,,,,
1,30,777,64,2,0,1,30000,0,123,2021,2,10,18,35,22,,,,,1,1,1,7,7,0,23,0,23,3,6,1,70,5,2,1,65,75,3,61,31,0,,,,,,,2,0,10,0,3,0,2,0,2,0,4,2,35.691422499999994,139.88097361111113,4,2,,,,
1,30,777,66,2,0,1,30000,0,123,2021,2,11,13,42,12,,,,,1,1,1,14,7,0,23,0,23,2,9,1,70,5,4,1,35,1,51,61,0,0,,,,,,,0,0,10,0,3,0,0,0,0,0,4,2,35.701613333333334,139.85369,5,1,,,,
1,30,777,74,2,0,1,10130,0,123,2021,2,15,19,20,22,,,,,1,1,1,1,1,9,22,0,23,18,9,30,70,1,2,1,45,45,3,61,31,0,,,,,,,4,0,40,0,4,0,2,0,2,0,4,2,35.683303055555555,139.88138694444444,2,3,,,,
1,30,777,76,2,0,1,30000,0,123,2021,2,16,8,45,12,,,,,1,1,1,7,7,0,23,0,23,2,9,1,1,5,3,1,75,35,4,61,31,0,,,,,,,5,0,10,0,3,0,2,0,2,0,4,2,35.6849175,139.88217222222224,3,3,,,,
1,30,777,90,2,0,1,30000,0,123,2021,2,22,14,35,12,,,,,1,1,1,1,7,9,22,0,23,14,9,30,70,5,3,1,35,65,13,61,31,0,,,,,,,2,0,40,0,3,0,2,0,2,0,4,2,35.71082916666667,139.8468627777778,2,2,,,,
1,30,777,94,2,0,1,20700,0,123,2021,2,24,15,55,12,,,,,1,1,1,13,7,0,23,0,23,3,3,1,70,4,1,1,1,45,35,61,31,0,,,,,,,3,0,10,0,3,0,0,0,0,0,4,2,35.701613333333334,139.9166602777778,4,3,,,,
1,30,777,96,2,0,1,30000,0,123,2021,2,25,10,45,12,,,,,2,1,1,14,7,0,23,0,23,3,8,1,70,5,2,1,65,1,51,61,0,0,,,,,,,0,0,20,0,3,0,0,0,0,0,2,4,35.68186305555555,139.8895061111111,5,3,,,,
1,30,777,97,2,0,1,10380,0,123,2021,2,25,14,40,12,,,,,1,1,1,1,1,9,22,0,23,14,9,30,70,4,2,1,75,1,3,61,31,0,,,,,,,5,0,50,0,3,0,2,0,2,0,4,2,35.69982972222222,139.89882333333333,5,3,,,,
1,30,777,99,2,0,1,30000,0,123,2021,2,27,21,40,22,,,,,1,1,1,1,1,9,22,0,23,11,9,30,70,1,2,1,1,65,51,61,0,0,,,,,,,0,0,10,0,3,0,0,0,0,0,4,2,35.692587499999995,139.89792666666665,7,3,,,,
1,30,778,18,2,0,1,30000,0,123,2021,2,7,12,25,12,,,,,1,1,1,14,7,0,23,0,23,3,9,1,70,5,4,1,55,55,51,61,0,0,,,,,,,0,0,10,0,3,0,0,0,0,0,4,2,35.74821166666667,139.88852388888887,1,3,,,,
1,30,778,19,2,0,1,30000,0,123,2021,2,7,13,45,12,,,,,1,1,1,14,7,0,23,0,23,3,9,1,70,5,4,1,25,1,51,61,0,0,,,,,,,0,0,10,0,3,0,0,0,0,0,4,2,35.730940000000004,139.89416777777777,1,3,,,,
1,30,778,20,2,0,1,30000,0,123,2021,2,9,16,25,13,,,,,1,1,1,1,7,9,22,0,23,11,9,30,70,5,4,1,1,1,51,61,0,0,,,,,,,0,0,10,0,4,0,0,0,0,0,4,2,35.722518055555554,139.8756727777778,3,3,,,,
1,30,778,22,2,0,1,95000,0,123,2021,2,17,17,0,13,,,,,1,1,1,0,7,0,23,0,23,0,0,20,70,0,4,1,55,1,3,61,31,0,,,,,,,10,0,30,0,3,0,2,0,2,0,4,2,35.71411444444445,139.87810944444445,4,3,,,,
1,30,779,29,2,0,1,30000,0,123,2021,1,23,21,50,22,,,,,3,1,2,1,7,9,22,0,23,14,9,30,70,5,2,1,45,1,35,61,31,0,,,,,,,2,0,10,0,3,0,0,0,0,0,4,2,35.64796305555556,139.87845611111112,7,3,,,,
1,30,779,30,2,0,1,95000,0,123,2021,1,29,17,5,21,,,,,1,1,1,14,7,0,23,0,23,2,9,1,70,5,2,1,35,1,4,61,31,0,,,,,,,2,0,80,0,4,0,2,0,2,0,4,2,35.68313222222222,139.86444694444444,6,3,,,,
1,30,779,33,2,0,1,30000,0,123,2021,2,7,13,20,12,,,,,1,1,1,14,7,0,23,0,23,3,9,1,70,4,2,1,45,25,51,61,0,0,,,,,,,0,0,10,0,3,0,0,0,0,0,4,2,35.68474083333333,139.8648122222222,1,3,,,,
1,30,779,43,2,0,1,30000,0,123,2021,2,9,21,10,22,,,,,1,1,1,1,7,9,22,0,23,14,9,30,70,4,1,1,25,25,3,61,31,0,,,,,,,2,0,10,0,3,0,2,0,2,0,4,2,35.666243333333334,139.86993472222224,3,3,,,,
1,30,876,46,2,0,1,10480,0,201,2020,12,15,14,35,12,,,,,1,1,1,1,1,9,22,0,23,15,9,30,70,1,1,1,25,1,3,61,31,0,,,,,,,4,0,80,0,3,0,2,0,2,0,4,2,35.633582777777775,139.40718083333334,3,3,,,,
1,30,876,50,2,0,1,30000,0,201,2021,2,3,14,30,12,,,,,1,1,1,14,7,0,23,0,23,3,8,1,70,5,2,1,1,75,51,61,0,0,,,,,,,0,0,10,0,4,0,0,0,0,0,4,2,35.64147472222222,139.36492583333333,4,3,,,,
1,30,876,53,2,0,1,30820,0,209,2021,2,6,18,50,22,,,,,1,1,1,1,1,9,22,0,23,18,9,30,70,1,1,1,35,1,4,61,31,0,,,,,,,3,0,10,0,3,0,2,0,2,0,4,2,35.60283416666667,139.36626944444444,7,3,,,,
1,30,876,72,2,0,1,99000,0,201,2021,2,28,16,50,13,,,,,1,1,1,0,7,0,23,0,23,0,0,20,70,0,4,1,25,1,14,61,31,0,,,,,,,3,0,20,0,3,0,2,0,2,0,4,2,35.62537361111111,139.40380694444445,1,3,,,,
1,30,877,29,2,0,1,30000,0,201,2021,2,9,17,40,21,,,,,1,2,1,1,7,9,22,0,23,15,9,30,70,5,3,1,65,55,3,61,31,0,,,,,,,2,0,20,0,3,0,2,0,2,0,4,2,35.64245972222222,139.29218194444445,3,3,,,,
1,30,877,33,2,0,1,30000,0,201,2021,2,12,7,29,11,,,,,1,3,1,1,7,9,22,0,23,15,9,30,70,4,2,1,1,35,3,61,31,0,,,,,,,10,0,10,0,2,0,2,0,2,0,4,2,35.641326666666664,139.28481055555557,6,3,,,,
1,30,877,35,2,0,1,30000,0,201,2021,2,12,21,30,22,,,,,1,2,1,1,1,9,22,0,23,19,9,30,70,4,2,1,35,55,3,61,31,0,,,,,,,3,0,20,0,3,0,2,0,2,0,4,2,35.63887666666667,139.28745166666667,6,3,,,,
1,30,877,38,2,0,1,99000,0,201,2020,12,22,17,0,21,,,,,1,2,1,0,7,0,23,0,23,0,0,20,70,0,4,1,65,75,3,61,31,0,,,,,,,10,0,10,0,4,0,2,0,2,0,4,2,35.67938916666667,139.29794583333333,3,3,,,,
1,30,877,43,2,0,1,30000,0,201,2021,1,18,19,15,22,,,,,1,2,1,14,7,0,23,0,23,2,9,1,70,5,2,1,1,45,4,61,31,0,,,,,,,1,0,40,0,3,0,2,0,2,0,4,2,35.67496583333333,139.28586916666666,2,3,,,,
1,30,877,49,2,0,1,30000,0,201,2021,2,26,18,5,21,,,,,1,2,1,14,7,0,23,0,23,3,9,1,70,5,3,1,1,45,51,61,0,0,,,,,,,0,0,10,0,4,0,0,0,0,0,4,2,35.6499225,139.3001913888889,6,3,,,,
1,30,878,59,2,0,1,30000,0,225,2021,1,21,16,2,13,,,,,1,2,1,1,7,0,23,0,23,14,9,30,70,4,2,1,1,0,61,0,0,0,,,,,,,0,0,0,0,0,0,0,0,0,0,2,0,35.649365555555555,139.50001083333333,5,3,,,,
1,30,878,60,2,0,1,30000,0,224,2021,2,16,14,44,12,,,,,1,2,1,1,7,9,22,0,23,11,9,30,70,4,1,1,75,1,3,61,31,0,,,,,,,2,0,40,0,3,0,2,0,2,0,4,2,35.62043777777778,139.4128025,3,3,,,,
1,30,878,65,2,0,1,30000,0,224,2021,2,19,10,0,12,,,,,1,2,1,1,1,9,22,0,23,11,9,30,70,4,2,1,75,75,4,61,31,0,,,,,,,3,0,10,0,3,0,2,0,2,0,4,2,35.62585222222222,139.41767055555556,6,3,,,,