資料区分,都道府県コード,警察署等コード,本票番号,事故内容,死者数,負傷者数,路線コード,地点コード,市区町村コード,発生日時　　年,発生日時　　月,発生日時　　日,発生日時　　時,発生日時　　分,昼夜,日の出時刻　　時,日の出時刻　　分,日の入り時刻　　時,日の入り時刻　　分,天候,地形,路面状態,道路形状,信号機,一時停止規制　標識（当事者A）,一時停止規制　表示（当事者A）,一時停止規制　標識（当事者B）,一時停止規制　表示（当事者B）,車道幅員,道路線形,衝突地点,ゾーン規制,中央分離帯施設等,歩車道区分,事故類型,年齢（当事者A）,年齢（当事者B）,当事者種別（当事者A）,当事者種別（当事者B）,用途別（当事者A）,用途別（当事者B）,車両形状等（当事者A）,車両形状等（当事者B）,オートマチック車（当事者A）,オートマチック車（当事者B）,サポカー（当事者A）,サポカー（当事者B）,速度規制（指定のみ）（当事者A）,速度規制（指定のみ）（当事者B）,車両の衝突部位（当事者A）,車両の衝突部位（当事者B）,車両の損壊程度（当事者A）,車両の損壊程度（当事者B）,エアバッグの装備（当事者A）,エアバッグの装備（当事者B）,サイドエアバッグの装備（当事者A）,サイドエアバッグの装備（当事者B）,人身損傷程度（当事者A）,人身損傷程度（当事者B）,lat,lon,曜日(発生年月日),祝日(発生年月日),認知機能検査経過日数（当事者A）,認知機能検査経過日数（当事者B）,運転練習の方法（当事者A）,運転練習の方法（当事者B）
1,30,878,66,2,0,2,30000,0,224,2021,2,20,11,55,12,,,,,1,1,1,14,7,0,23,0,23,3,7,1,70,1,2,1,35,55,51,61,0,0,,,,,,,0,0,10,0,4,0,0,0,0,0,4,2,35.6297625,139.4486863888889,7,3,,,,
1,30,878,67,2,0,1,30000,0,225,2021,2,21,13,30,12,,,,,1,1,1,14,7,0,23,0,23,3,9,1,70,5,2,1,55,1,51,61,0,0,,,,,,,0,0,10,0,4,0,0,0,0,0,4,2,35.65037805555556,139.4991011111111,1,3,,,,
1,30,878,81,2,0,1,30000,0,225,2021,2,25,21,15,22,,,,,2,1,1,14,7,0,23,0,23,5,9,20,70,1,2,1,1,55,52,61,0,0,,,,,,,0,0,10,0,4,0,0,0,0,0,4,2,35.637768888888885,139.49858055555555,5,3,,,,
1,30,879,74,2,0,1,30000,0,223,2021,2,21,17,50,21,,,,,1,1,1,14,7,0,23,0,23,2,9,1,70,5,3,1,1,1,51,61,0,0,,,,,,,0,0,10,0,3,0,0,0,0,0,4,2,35.75459305555555,139.36903194444446,1,3,,,,
1,30,879,79,2,0,1,99000,0,220,2021,2,20,16,15,12,,,,,1,2,1,0,7,0,23,0,23,0,0,20,70,0,4,1,55,65,3,61,31,0,,,,,,,10,0,30,0,3,0,2,0,2,0,4,2,35.73567611111111,139.43357555555556,7,3,,,,
1,30,879,83,2,0,1,95000,0,220,2021,2,25,7,45,12,,,,,1,2,1,14,7,0,23,0,23,5,9,1,70,5,2,1,65,75,3,61,31,0,,,,,,,3,0,10,0,3,0,2,0,2,0,4,2,35.741844444444446,139.4106052777778,5,3,,,,
1,30,879,90,2,0,1,10240,0,220,2021,2,28,17,40,21,,,,,1,2,1,1,1,9,22,0,23,11,9,30,70,4,2,1,1,45,51,61,0,0,,,,,,,0,0,10,0,3,0,0,0,0,0,4,2,35.73720472222222,139.4333975,1,3,,,,
1,30,880,27,2,0,1,30000,0,205,2021,2,8,10,0,12,,,,,1,2,1,1,1,9,22,0,23,15,9,30,70,4,1,1,45,65,4,61,31,0,,,,,,,3,0,10,0,3,0,2,0,2,0,4,2,35.78710638888889,139.28644777777777,2,3,,,,
1,30,880,31,2,0,1,30000,0,205,2021,2,8,17,50,21,,,,,1,2,1,13,7,0,23,0,23,2,3,1,70,5,3,1,35,65,4,61,31,0,,,,,,,2,0,10,0,3,0,2,0,2,0,4,2,35.802275277777774,139.2157722222222,2,3,,,,
1,30,881,13,2,0,1,20000,0,305,2021,2,1,17,30,21,,,,,1,2,1,7,7,0,23,0,23,4,9,1,70,4,2,1,45,75,3,61,31,0,,,,,,,3,0,10,0,3,0,2,0,2,0,4,2,35.7399875,139.27143083333334,2,3,,,,
1,30,881,21,2,0,1,21130,0,228,2021,2,26,18,15,21,,,,,1,2,1,7,7,0,23,0,23,2,9,1,70,4,2,1,45,75,3,61,31,0,,,,,,,10,0,50,0,4,0,2,0,2,0,4,2,35.733647222222224,139.25568583333333,6,3,,,,
1,30,882,58,2,0,1,95000,0,218,2021,2,4,18,5,21,,,,,1,1,1,7,1,0,23,0,23,2,9,1,70,5,3,1,55,65,4,61,31,0,,,,,,,2,0,20,0,3,0,2,0,2,0,4,2,35.72138861111112,139.33745944444445,5,3,,,,
1,30,882,64,2,0,1,30000,0,227,2021,2,11,18,25,22,,,,,1,1,1,1,7,9,22,0,23,15,9,30,70,4,2,1,1,75,34,61,31,0,,,,,,,3,0,10,0,2,0,0,0,0,0,4,2,35.764723333333336,139.31994694444444,5,1,,,,
1,30,882,77,2,0,1,30000,0,227,2021,1,10,9,24,12,,,,,1,1,1,14,7,0,23,0,23,3,9,1,70,5,3,1,75,65,3,61,1,0,,,,,,,2,0,40,0,3,0,2,0,2,0,4,2,35.76531527777778,139.31092916666668,1,2,,,,
1,30,882,78,2,0,1,99000,0,303,2021,2,3,11,35,12,,,,,1,1,1,0,7,0,23,0,23,0,0,20,70,0,4,1,65,55,3,61,31,0,,,,,,,10,0,10,0,3,0,2,0,2,0,4,2,35.76145277777778,139.35884583333333,4,3,,,,
1,30,883,49,1,1,0,20740,0,201,2021,2,10,16,15,12,,,,,1,1,1,1,1,9,22,0,23,14,9,30,70,5,2,1,35,75,4,61,31,0,,,,,,,3,0,10,0,3,0,2,0,2,0,4,1,35.68937583333333,139.30499555555556,4,2,,,,
1,30,883,50,1,1,0,200,463,201,2021,2,23,5,0,22,,,,,1,1,1,14,7,0,23,0,23,4,9,1,70,4,2,1,55,75,14,61,1,0,,,,,,,5,0,10,0,3,0,2,0,2,0,4,1,35.66083416666667,139.32186583333333,3,1,,,,
1,30,883,53,2,0,1,200,427,201,2021,2,1,18,51,22,,,,,1,1,1,1,1,9,22,0,23,15,9,30,70,4,1,1,45,65,14,61,31,0,,,,,,,4,0,50,0,3,0,2,0,2,0,4,2,35.66417666666666,139.35935722222223,2,3,,,,
1,30,883,54,2,0,1,10460,0,201,2021,2,1,19,5,22,,,,,1,1,1,1,1,9,22,0,23,15,9,30,70,4,2,1,35,1,3,61,31,0,,,,,,,3,0,10,0,3,0,2,0,2,0,4,2,35.67620861111111,139.31273861111112,2,3,,,,
1,30,883,55,2,0,1,30000,0,201,2021,2,1,22,34,22,,,,,1,1,1,1,1,9,22,0,23,11,9,30,70,4,2,1,25,65,4,61,31,0,,,,,,,4,0,10,0,3,0,2,0,2,0,4,2,35.657145,139.33324527777776,2,3,,,,
1,30,883,56,2,0,1,30000,0,201,2021,2,2,14,8,12,,,,,1,1,1,1,1,9,22,0,23,15,9,30,70,4,2,1,65,75,3,61,31,0,,,,,,,2,0,10,0,4,0,2,0,2,0,4,2,35.67296388888889,139.32489944444444,3,3,,,,
1,30,883,57,2,0,1,30000,0,201,2021,2,4,9,5,12,,,,,1,2,1,1,7,1,21,0,23,15,9,30,70,5,3,1,45,65,4,61,31,0,,,,,,,2,0,40,0,4,0,2,0,2,0,4,2,35.6576875,139.3130277777778,5,3,,,,
1,30,883,62,2,0,1,30000,0,201,2021,2,2,6,30,23,,,,,3,1,2,14,7,0,23,0,23,1,9,20,70,5,3,1,1,35,36,61,31,0,,,,,,,10,0,10,0,3,0,0,0,0,0,4,2,35.65208805555555,139.33322555555554,3,3,,,,
1,30,883,63,2,0,1,30000,0,201,2021,2,6,12,55,12,,,,,1,1,1,1,7,1,22,0,23,11,9,30,70,5,4,1,75,35,3,61,31,0,,,,,,,10,0,10,0,3,0,2,0,2,0,4,2,35.673673055555554,139.36294638888887,7,3,,,,
1,30,883,66,2,0,1,30000,0,201,2021,2,8,14,20,12,,,,,1,1,1,1,7,1,22,0,23,15,9,30,70,5,4,1,45,75,3,61,31,0,,,,,,,2,0,10,0,3,0,2,0,2,0,4,2,35.6570175,139.3375225,2,3,,,,
1,30,883,68,2,0,1,200,427,201,2021,2,9,11,45,12,,,,,1,1,1,1,1,9,22,0,23,18,9,30,70,5,2,1,65,65,3,61,31,0,,,,,,,4,0,20,0,4,0,2,0,2,0,4,2,35.6642,139.35933944444443,3,3,,,,
1,30,883,74,2,0,1,30000,0,201,2021,2,11,9,40,12,,,,,1,1,1,1,1,9,22,0,23,15,9,30,70,4,2,1,65,25,3,61,31,0,,,,,,,3,0,40,0,3,0,2,0,2,0,4,2,35.66777416666667,139.34131166666668,5,1,,,,
1,30,883,82,2,0,1,30000,0,201,2021,2,17,5,46,23,,,,,2,3,1,1,7,9,22,0,23,11,9,30,70,5,2,1,1,55,36,61,31,0,,,,,,,2,0,20,0,3,0,0,0,0,0,4,2,35.67507388888889,139.33820833333334,4,3,,,,
1,30,883,87,2,0,1,90000,0,201,2021,2,16,15,30,12,,,,,1,3,1,14,7,0,23,0,23,2,9,1,70,5,4,1,55,55,4,61,31,0,,,,,,,1,0,30,0,4,0,2,0,2,0,4,2,35.68816861111111,139.31223111111112,3,3,,,,
1,30,883,91,2,0,2,30000,0,201,2021,2,22,14,15,12,,,,,1,1,1,1,7,9,22,0,23,11,9,30,70,5,3,1,55,25,3,61,1,0,,,,,,,5,0,40,0,3,0,2,0,2,0,4,2,35.65752861111111,139.3287813888889,2,2,,,,
1,30,883,95,2,0,1,160,0,201,2021,2,25,16,19,12,,,,,1,1,1,14,7,0,23,0,23,5,9,1,70,4,2,1,1,45,3,61,31,0,,,,,,,4,0,10,0,3,0,2,0,2,0,4,2,35.66103916666667,139.32897805555555,5,3,,,,
1,30,884,77,2,0,1,30000,0,209,2021,2,2,11,33,12,,,,,1,1,1,1,7,9,22,0,23,14,9,30,70,5,2,1,75,75,3,61,31,0,,,,,,,3,0,10,0,3,0,2,0,2,0,4,2,35.55647222222222,139.4384988888889,3,3,,,,
1,30,884,84,2,0,1,10490,0,209,2021,2,2,5,15,22,,,,,3,1,2,1,1,9,22,0,23,15,9,30,70,4,2,1,1,65,3,61,31,0,,,,,,,3,0,10,0,3,0,2,0,2,0,4,2,35.56632222222222,139.42420527777776,3,3,,,,
1,30,884,97,2,0,1,30000,0,209,2021,2,6,17,28,21,,,,,1,1,1,14,7,0,23,0,23,2,9,1,70,5,3,1,55,65,3,61,31,0,,,,,,,10,0,40,0,4,0,2,0,2,0,4,2,35.544013888888884,139.44710694444444,7,3,,,,
1,30,884,99,2,0,1,30000,0,209,2021,2,9,17,44,21,,,,,1,1,1,1,7,9,22,0,23,17,9,30,70,5,2,1,45,35,3,61,31,0,,,,,,,5,0,10,0,3,0,2,0,1,0,4,2,35.50486166666666,139.48290277777778,3,3,,,,
1,30,884,103,2,0,1,30000,0,209,2021,2,9,8,15,12,,,,,1,1,1,1,7,9,22,0,23,11,9,30,70,4,2,1,1,55,13,61,31,0,,,,,,,3,0,10,0,3,0,2,0,2,0,4,2,35.58313583333334,139.47111611111112,3,3,,,,
1,30,884,107,2,0,1,10490,0,209,2021,2,17,14,0,12,,,,,1,1,1,14,7,0,23,0,23,3,9,1,70,4,2,1,55,55,3,61,31,0,,,,,,,3,0,40,0,3,0,2,0,2,0,4,2,35.520180833333335,139.47175722222224,4,3,,,,
1,30,884,111,2,0,1,10610,0,209,2021,2,6,16,5,12,,,,,1,1,1,14,7,0,23,0,23,4,9,1,70,4,2,1,1,45,51,61,0,0,,,,,,,0,0,10,0,3,0,0,0,0,0,4,2,35.58334972222222,139.47786333333335,7,3,,,,
1,30,884,113,2,0,1,30000,0,209,2021,2,9,20,30,22,,,,,1,1,1,14,7,0,23,0,23,3,7,1,70,5,3,1,25,65,36,61,31,0,,,,,,,2,0,40,0,3,0,0,0,0,0,4,2,35.59271722222223,139.46143944444444,3,3,,,,
1,30,884,118,2,0,1,95000,0,209,2021,1,21,13,18,12,,,,,1,1,1,14,7,0,23,0,23,4,9,1,70,4,1,1,65,65,3,61,31,0,,,,,,,3,0,10,0,3,0,2,0,2,0,4,2,35.5422,139.44652805555555,5,3,,,,
1,30,884,121,2,0,1,30000,0,209,2021,2,26,13,30,12,,,,,2,1,1,14,7,0,23,0,23,3,9,1,70,5,2,1,75,75,3,61,31,0,,,,,,,3,0,10,0,3,0,2,0,1,0,4,2,35.55526111111111,139.45656138888887,6,3,,,,
1,30,885,71,2,0,1,30000,0,212,2021,2,19,19,15,22,,,,,1,3,1,14,7,0,23,0,23,2,9,1,70,4,2,1,1,75,51,61,0,0,,,,,,,0,0,10,0,3,0,0,0,0,0,4,2,35.65299722222222,139.3922988888889,6,3,,,,
1,30,885,77,2,0,1,99000,0,212,2021,2,28,16,25,12,,,,,1,2,1,0,7,0,23,0,23,0,0,20,70,0,4,1,35,25,35,61,31,0,,,,,,,10,0,20,0,3,0,0,0,0,0,4,2,35.68745472222222,139.3777038888889,1,3,,,,
1,30,886,34,2,0,1,30000,0,207,2020,1,12,5,42,22,,,,,1,2,1,14,7,0,23,0,23,3,9,1,70,5,2,1,1,0,61,0,0,0,,,,,,,0,0,0,0,0,0,0,0,0,0,2,0,35.712989444444446,139.38080611111113,1,2,,,,
1,30,886,45,2,0,1,30000,0,207,2021,2,9,19,40,22,,,,,1,1,1,7,7,0,23,0,23,1,9,1,70,4,3,1,45,55,4,61,31,0,,,,,,,10,0,80,0,3,0,2,0,2,0,4,2,35.721804444444444,139.37763055555556,3,3,,,,
1,30,886,46,2,0,1,30000,0,207,2021,2,11,17,50,21,,,,,1,3,1,14,7,0,23,0,23,3,9,20,70,5,2,1,1,1,3,61,31,0,,,,,,,2,0,50,0,3,0,2,0,2,0,4,2,35.712318611111115,139.36257333333333,5,1,,,,
1,30,886,50,2,0,1,10530,0,207,2021,1,22,17,35,21,,,,,2,1,1,1,1,9,22,0,23,14,9,30,70,4,2,1,45,55,4,61,31,0,,,,,,,3,0,20,0,4,0,2,0,2,0,4,2,35.70008888888889,139.38560388888888,6,3,,,,
1,30,886,61,2,0,1,30000,0,207,2021,2,23,20,10,22,,,,,1,1,1,7,7,0,23,0,23,3,9,1,70,5,1,1,35,0,61,0,0,0,,,,,,,0,0,0,0,0,0,0,0,0,0,2,0,35.71897777777778,139.35437694444443,3,1,,,,
1,30,887,47,2,0,1,10520,0,202,2021,1,26,9,40,12,,,,,1,1,1,14,1,0,23,0,23,4,9,20,70,4,2,1,1,65,51,61,0,0,,,,,,,0,0,10,0,3,0,0,0,0,0,4,2,35.689085,139.41619555555556,3,3,,,,
1,30,887,48,2,0,1,30000,0,202,2021,2,1,17,40,21,,,,,1,1,1,7,7,0,23,0,23,2,9,1,70,4,2,1,55,65,35,61,31,0,,,,,,,3,0,10,0,3,0,0,0,0,0,4,2,35.72181944444445,139.38351555555556,2,3,,,,
1,30,887,57,2,0,1,30000,0,202,2021,2,5,12,50,12,,,,,1,1,1,14,7,0,23,0,23,2,9,1,70,4,2,1,1,75,51,61,0,0,,,,,,,0,0,10,0,4,0,0,0,0,0,4,2,35.69624388888889,139.42180805555554,6,3,,,,
1,30,887,62,2,0,1,30000,0,215,2021,2,11,10,10,12,,,,,1,2,1,7,1,0,23,0,23,4,9,1,70,4,2,1,75,55,4,61,31,0,,,,,,,3,0,10,0,3,0,2,0,2,0,4,2,35.68595472222222,139.44719194444446,5,1,,,,
1,30,887,75,2,0,1,90000,0,202,2021,2,25,16,15,12,,,,,1,2,1,0,7,0,23,0,23,0,0,20,70,0,4,1,1,45,36,61,31,0,,,,,,,10,0,10,0,3,0,0,0,0,0,4,2,35.73385416666667,139.37814583333335,5,3,,,,
1,30,887,81,2,0,1,30000,0,202,2021,2,18,12,42,12,,,,,1,2,1,1,7,9,22,0,23,11,9,30,70,5,3,1,25,75,3,61,31,0,,,,,,,2,0,20,0,3,0,2,0,2,0,4,2,35.707797222222226,139.4324586111111,5,3,,,,
1,30,888,24,2,0,1,30000,0,206,2021,2,7,10,5,12,,,,,1,1,1,14,2,0,23,0,23,3,9,1,70,4,2,1,65,1,4,61,31,0,,,,,,,2,0,10,0,3,0,2,0,2,0,4,2,35.66404361111111,139.46574555555554,1,3,,,,
1,30,888,28,2,0,1,10560,0,206,2021,2,13,16,30,13,,,,,1,1,1,14,7,0,23,0,23,3,9,1,70,4,2,1,45,25,2,61,31,0,,,,,,,3,0,10,0,3,0,2,0,2,0,4,2,35.679004166666665,139.49110055555553,7,3,,,,
1,30,889,24,2,0,1,20000,0,214,2021,2,10,18,40,22,,,,,1,1,1,1,1,9,22,0,23,15,9,30,70,4,1,1,75,65,3,61,31,0,,,,,,,3,0,10,0,3,0,2,0,2,0,4,2,35.69609527777777,139.46920972222222,4,2,,,,
1,30,889,29,2,0,1,30000,0,210,2021,2,16,17,8,13,,,,,1,1,1,7,7,0,23,0,23,3,9,1,70,5,2,1,1,1,3,61,31,0,,,,,,,2,0,10,0,3,0,2,0,2,0,4,2,35.704576111111116,139.52005111111112,3,3,,,,
1,30,889,30,2,0,1,30000,0,210,2021,1,18,21,40,22,,,,,1,1,1,1,1,9,22,0,23,14,9,30,70,4,2,1,45,1,3,61,31,0,,,,,,,1,0,10,0,3,0,2,0,2,0,4,2,35.70128777777778,139.50412944444443,2,3,,,,
1,30,889,32,2,0,1,30000,0,214,2021,2,20,6,18,23,,,,,1,1,1,1,7,1,21,0,23,17,9,30,70,4,2,1,35,65,3,61,31,0,,,,,,,2,0,10,0,3,0,2,0,2,0,4,2,35.69446583333333,139.45885777777778,7,3,,,,
1,30,889,36,2,0,1,30000,0,210,2021,2,23,15,5,12,,,,,1,1,1,7,7,0,23,0,23,2,3,1,70,4,3,1,55,75,3,61,1,0,,,,,,,10,0,10,0,3,0,2,0,2,0,4,2,35.70122166666667,139.52445472222223,3,1,,,,
1,30,890,33,2,0,1,30000,0,229,2020,12,12,12,57,12,,,,,1,1,1,7,7,0,23,0,23,1,9,1,70,5,3,1,35,35,3,61,31,0,,,,,,,5,0,20,0,4,0,2,0,2,0,4,2,35.75284138888889,139.54580638888888,7,3,,,,
1,30,890,35,2,0,1,10580,0,222,2020,12,25,15,31,12,,,,,1,1,1,14,7,0,23,0,23,3,9,1,70,4,2,1,65,1,4,61,31,0,,,,,,,3,0,20,0,3,0,2,0,2,0,4,2,35.75832777777778,139.50239,6,3,,,,
1,30,890,37,2,0,1,30000,0,222,2021,2,3,16,41,13,,,,,1,1,1,1,1,9,22,0,23,11,9,30,70,4,2,1,65,55,3,61,31,0,,,,,,,3,0,10,0,3,0,2,0,2,0,4,2,35.75869027777778,139.51147472222223,4,3,,,,
1,30,890,40,2,0,1,20000,0,229,2021,2,6,11,45,12,,,,,1,1,1,1,7,1,22,0,23,14,9,30,70,4,2,1,45,35,3,61,31,0,,,,,,,3,0,10,0,4,0,2,0,2,0,4,2,35.73060527777778,139.54023166666667,7,3,,,,
1,30,890,42,2,0,1,10600,0,229,2021,2,10,14,20,12,,,,,1,1,1,1,7,2,21,0,23,14,9,30,70,4,3,1,25,65,51,61,0,0,,,,,,,0,0,10,0,3,0,0,0,0,0,4,2,35.727561111111115,139.54101555555556,4,2,,,,
1,30,890,46,2,0,1,20000,0,222,2021,2,13,15,5,12,,,,,1,1,1,1,7,9,22,0,23,14,9,30,70,4,3,1,55,75,3,61,31,0,,,,,,,5,0,10,0,4,0,2,0,2,0,4,2,35.76695861111111,139.54239638888887,7,3,,,,
1,30,890,53,2,0,1,30000,0,222,2021,2,3,7,20,11,,,,,1,1,1,14,7,0,23,0,23,2,9,1,70,5,4,1,25,65,3,61,31,0,,,,,,,10,0,20,0,4,0,2,0,2,0,4,2,35.75662611111111,139.50466777777777,4,3,,,,
1,30,890,63,2,0,1,30000,0,222,2021,2,23,18,5,21,,,,,1,1,1,1,7,1,22,0,23,15,9,30,70,5,2,1,45,75,4,61,31,0,,,,,,,2,0,10,0,3,0,2,0,2,0,4,2,35.747231666666664,139.50146444444445,3,1,,,,
1,30,890,64,2,0,1,30000,0,229,2021,2,22,18,20,21,,,,,1,1,1,14,7,0,23,0,23,3,9,1,70,5,3,1,35,45,3,61,31,0,,,,,,,2,0,40,0,4,0,2,0,2,0,4,2,35.74742555555556,139.53752305555557,2,2,,,,
1,30,890,76,2,0,1,95000,0,229,2021,2,20,18,25,21,,,,,1,1,1,14,7,0,23,0,23,3,9,1,70,4,2,1,35,55,3,61,31,0,,,,,,,3,0,10,0,3,0,2,0,2,0,4,2,35.733915277777776,139.54320694444445,7,3,,,,
1,30,891,28,2,0,1,30000,0,213,2021,2,4,19,12,22,,,,,1,1,1,1,7,1,21,0,23,14,9,30,70,4,3,1,45,35,14,61,31,0,,,,,,,2,0,80,0,4,0,2,0,2,0,4,2,35.76202055555556,139.46522166666665,5,3,,,,
1,30,891,32,2,0,1,30000,0,213,2021,2,18,20,25,22,,,,,1,1,1,1,7,9,22,0,23,15,9,30,70,5,2,1,45,65,13,61,31,0,,,,,,,1,0,10,0,3,0,2,0,2,0,4,2,35.77894888888889,139.49636027777777,5,3,,,,
1,30,891,37,2,0,1,30000,0,213,2021,2,22,13,0,12,,,,,1,1,1,1,7,9,22,0,23,14,9,30,70,5,3,1,35,1,3,61,31,0,,,,,,,1,0,50,0,3,0,2,0,2,0,4,2,35.767815,139.4835236111111,2,2,,,,
1,30,892,26,2,0,1,20270,0,203,2021,2,2,17,34,21,,,,,2,1,1,1,1,9,22,0,23,18,9,30,70,4,1,1,75,75,3,61,31,0,,,,,,,3,0,10,0,3,0,2,0,2,0,4,2,35.70137777777778,139.58180638888888,3,3,,,,
1,30,892,28,2,0,1,20270,0,203,2021,2,10,5,50,23,,,,,1,1,1,1,1,9,22,0,23,17,9,30,70,4,2,1,45,45,12,61,31,0,,,,,,,3,0,10,0,3,0,2,0,2,0,4,2,35.70137555555556,139.58179083333334,4,2,,,,
1,30,892,36,2,0,1,20230,0,203,2021,2,24,8,40,12,,,,,1,1,1,1,1,9,22,0,23,15,9,30,70,4,2,1,65,35,4,61,31,0,,,,,,,3,0,20,0,4,0,2,0,2,0,4,2,35.70741916666667,139.579475,4,3,,,,
1,30,892,39,2,0,1,95000,0,203,2021,2,27,9,45,12,,,,,1,1,1,14,7,0,23,0,23,3,9,1,70,5,3,1,35,25,1,61,1,0,,,,,,,10,0,10,0,3,0,2,0,2,0,4,2,35.70278777777778,139.57854944444443,7,3,,,,
1,30,893,30,2,0,1,95000,0,204,2021,2,16,3,25,22,,,,,1,1,1,1,7,9,22,0,23,14,8,30,70,5,3,1,45,75,36,61,31,0,,,,,,,10,0,10,0,3,0,0,0,0,0,4,2,35.694649999999996,139.581705,3,3,,,,
1,30,893,43,2,0,1,30000,0,204,2021,2,12,15,19,12,,,,,2,1,1,14,7,0,23,0,23,2,9,1,70,5,4,1,1,0,61,0,0,0,,,,,,,0,0,0,0,0,0,0,0,0,0,2,0,35.68352972222222,139.57225555555556,6,3,,,,
1,30,893,44,2,0,1,30000,0,204,2021,2,24,11,55,12,,,,,1,1,1,14,7,0,23,0,23,2,9,1,70,5,3,1,55,45,3,61,31,0,,,,,,,5,0,40,0,3,0,2,0,2,0,4,2,35.69165861111111,139.5369336111111,4,3,,,,
1,30,894,29,2,0,1,30000,0,208,2020,12,15,15,25,12,,,,,1,1,1,1,1,9,22,0,23,14,9,30,70,4,2,1,45,1,3,61,31,0,,,,,,,3,0,10,0,3,0,2,0,2,0,4,2,35.670401388888884,139.56317916666669,3,3,,,,
1,30,894,31,2,0,1,20890,0,208,2020,10,12,20,20,22,,,,,1,1,1,14,7,0,23,0,23,3,9,1,70,4,2,1,35,25,51,61,0,0,,,,,,,0,0,40,0,4,0,0,0,0,0,4,2,35.653393888888885,139.5430886111111,2,3,,,,
1,30,894,33,2,0,1,30000,0,208,2021,2,1,9,40,12,,,,,1,1,1,14,7,0,23,0,23,4,9,1,70,4,2,1,45,75,51,61,0,0,,,,,,,0,0,10,0,4,0,0,0,0,0,4,2,35.65378444444444,139.54434138888888,2,3,,,,
1,30,894,37,2,0,1,30000,0,208,2021,2,7,11,50,12,,,,,1,1,1,14,7,0,23,0,23,1,8,1,70,4,1,1,1,1,51,61,0,0,,,,,,,0,0,10,0,3,0,0,0,0,0,4,2,35.66638388888889,139.55146805555557,1,3,,,,
1,30,894,38,2,0,1,30000,0,208,2021,2,8,14,45,12,,,,,1,1,1,1,1,9,22,0,23,11,9,30,70,4,2,1,45,55,4,61,31,0,,,,,,,3,0,50,0,3,0,2,0,2,0,4,2,35.65778111111111,139.58779611111112,2,3,,,,
1,30,894,40,2,0,1,30000,0,208,2021,2,9,9,15,12,,,,,1,1,1,1,7,9,22,0,23,14,9,30,70,4,1,1,65,65,13,61,31,0,,,,,,,2,0,10,0,3,0,2,0,2,0,4,2,35.66235722222222,139.58542333333335,3,3,,,,
1,30,894,41,2,0,1,200,20,208,2021,2,10,7,23,11,,,,,1,1,1,1,1,9,22,0,23,18,9,30,70,4,2,1,45,25,3,61,31,0,,,,,,,3,0,10,0,4,0,2,0,2,0,4,2,35.65994861111111,139.5323863888889,4,2,,,,
1,30,894,53,2,0,1,30000,0,208,2021,2,12,19,30,22,,,,,1,1,1,14,7,0,23,0,23,2,9,1,70,5,4,1,25,75,52,61,0,0,,,,,,,0,0,10,0,3,0,0,0,0,0,4,2,35.64011305555555,139.55948583333335,6,3,,,,
1,30,894,59,2,0,1,30000,0,208,2021,2,24,18,5,21,,,,,1,1,1,1,7,9,22,0,23,11,9,30,70,5,2,1,55,65,35,61,31,0,,,,,,,5,0,42,0,4,0,0,0,0,0,4,2,35.640746944444444,139.55826972222224,4,3,,,,
1,30,895,19,2,0,1,30000,0,211,2021,2,7,12,0,12,,,,,1,1,1,1,1,9,22,0,23,15,9,30,70,4,2,1,35,1,51,61,0,0,,,,,,,0,0,10,0,4,0,0,0,0,0,4,2,35.73665138888889,139.4872272222222,1,3,,,,
1,30,895,27,2,0,1,30000,0,211,2021,2,14,18,35,22,,,,,1,1,1,14,7,0,23,0,23,2,9,1,70,5,3,1,55,1,4,61,31,0,,,,,,,2,0,10,0,3,0,2,0,2,0,4,2,35.729218611111115,139.49362749999997,1,3,,,,
1,30,895,35,2,0,1,30000,0,211,2021,2,21,15,10,12,,,,,1,1,1,1,1,9,22,0,23,14,9,30,70,4,2,1,75,1,3,61,31,0,,,,,,,3,0,50,0,3,0,2,0,2,0,4,2,35.7362825,139.4879922222222,1,3,,,,
1,30,100,26,2,0,1,10010,0,101,2021,3,10,12,50,12,,,,,1,1,1,1,1,9,22,0,23,19,9,30,70,4,1,1,1,1,52,61,0,0,,,,,,,0,0,10,0,4,0,0,0,0,0,4,2,35.698140277777775,139.7500188888889,4,3,,,,
1,30,100,31,2,0,1,10000,0,101,2021,3,25,17,10,13,,,,,1,1,1,7,7,0,23,0,23,3,9,20,70,5,1,1,55,1,3,61,1,0,,,,,,,5,0,10,0,3,0,2,0,2,0,4,2,35.69572472222222,139.74344499999998,5,3,,,,
1,30,101,13,2,0,1,30850,0,101,2021,3,9,18,30,21,,,,,1,1,1,1,1,9,22,0,23,19,9,30,70,1,2,1,45,45,3,61,31,0,,,,,,,10,0,10,0,3,0,2,0,2,0,4,2,35.672020277777776,139.7530561111111,3,3,,,,
1,30,101,14,2,0,1,99000,0,101,2021,3,9,10,50,12,,,,,1,1,1,0,7,0,23,0,23,0,0,20,70,0,4,1,55,35,3,61,31,0,,,,,,,10,0,30,0,3,0,2,0,2,0,4,2,35.68821055555555,139.76620194444445,3,3,,,,
1,30,101,21,2,0,1,10040,0,101,2021,3,22,20,0,22,,,,,3,1,2,1,1,9,22,0,23,18,9,30,70,1,2,1,25,45,3,61,31,0,,,,,,,10,0,10,0,3,0,2,0,2,0,4,2,35.68422111111111,139.7685238888889,2,3,,,,