資料区分,都道府県コード,警察署等コード,本票番号,事故内容,死者数,負傷者数,路線コード,地点コード,市区町村コード,発生日時　　年,発生日時　　月,発生日時　　日,発生日時　　時,発生日時　　分,昼夜,日の出時刻　　時,日の出時刻　　分,日の入り時刻　　時,日の入り時刻　　分,天候,地形,路面状態,道路形状,信号機,一時停止規制　標識（当事者A）,一時停止規制　表示（当事者A）,一時停止規制　標識（当事者B）,一時停止規制　表示（当事者B）,車道幅員,道路線形,衝突地点,ゾーン規制,中央分離帯施設等,歩車道区分,事故類型,年齢（当事者A）,年齢（当事者B）,当事者種別（当事者A）,当事者種別（当事者B）,用途別（当事者A）,用途別（当事者B）,車両形状等（当事者A）,車両形状等（当事者B）,オートマチック車（当事者A）,オートマチック車（当事者B）,サポカー（当事者A）,サポカー（当事者B）,速度規制（指定のみ）（当事者A）,速度規制（指定のみ）（当事者B）,車両の衝突部位（当事者A）,車両の衝突部位（当事者B）,車両の損壊程度（当事者A）,車両の損壊程度（当事者B）,エアバッグの装備（当事者A）,エアバッグの装備（当事者B）,サイドエアバッグの装備（当事者A）,サイドエアバッグの装備（当事者B）,人身損傷程度（当事者A）,人身損傷程度（当事者B）,lat,lon,曜日(発生年月日),祝日(発生年月日),認知機能検査経過日数（当事者A）,認知機能検査経過日数（当事者B）,運転練習の方法（当事者A）,運転練習の方法（当事者B）
1,30,102,20,2,0,1,30000,0,101,2021,3,11,9,35,12,,,,,1,1,1,1,7,1,21,0,23,15,3,30,1,5,1,1,55,65,14,61,1,0,,,,,,,2,0,10,0,3,0,2,0,2,0,4,2,35.69774333333333,139.7601775,5,3,,,,
1,30,103,22,2,0,1,20070,0,101,2021,3,5,22,40,22,,,,,3,1,2,1,1,9,22,0,23,18,9,30,70,1,1,1,55,45,3,61,31,0,,,,,,,4,0,20,0,3,0,2,0,2,0,4,2,35.69747611111111,139.77118000000002,6,3,,,,
1,30,103,24,2,0,1,30000,0,101,2021,3,10,16,3,12,,,,,1,1,1,14,1,0,23,0,23,5,9,20,70,4,1,1,45,75,3,61,31,0,,,,,,,10,0,40,0,4,0,2,0,2,0,4,2,35.69754805555555,139.77516611111113,4,3,,,,
1,30,103,25,2,0,1,30000,0,101,2021,3,16,13,55,12,,,,,1,1,1,1,7,9,22,0,23,14,9,30,70,5,2,1,45,65,3,61,31,0,,,,,,,2,0,30,0,3,0,2,0,2,0,4,2,35.69657333333333,139.77357194444446,3,3,,,,
1,30,103,27,2,0,1,20090,0,101,2021,3,26,22,5,22,,,,,1,1,1,1,1,9,22,0,23,19,9,30,70,4,1,1,65,45,3,61,1,0,,,,,,,4,0,10,0,3,0,2,0,2,0,4,2,35.69853194444444,139.76897694444446,6,3,,,,
1,30,104,29,2,0,1,30000,0,102,2021,3,3,18,35,21,,,,,1,1,1,1,7,1,22,0,23,14,9,30,70,5,2,1,35,55,3,61,31,0,,,,,,,2,0,10,0,4,0,2,0,2,0,4,2,35.6888375,139.77768361111112,4,3,,,,
1,30,104,31,2,0,1,20000,0,102,2021,3,11,10,40,12,,,,,1,1,1,1,8,9,22,0,23,17,9,30,70,4,2,1,35,35,13,61,31,0,,,,,,,10,0,70,0,4,0,2,0,2,0,4,2,35.68495861111111,139.77718222222222,5,3,,,,
1,30,104,35,2,0,1,30000,0,102,2021,3,13,19,21,22,,,,,3,1,2,1,1,9,22,0,23,19,9,30,70,5,2,1,35,65,3,61,31,0,,,,,,,10,0,10,0,3,0,2,0,2,0,4,2,35.684867499999996,139.77720472222222,7,3,,,,
1,30,104,40,2,0,1,20000,0,102,2021,3,18,13,25,12,,,,,1,1,1,14,7,0,23,0,23,6,9,1,70,4,2,1,45,45,51,61,0,0,,,,,,,0,0,10,0,3,0,0,0,0,0,2,4,35.68461138888888,139.77574222222225,5,3,,,,
1,30,104,42,2,0,1,10040,0,102,2021,3,22,18,55,22,,,,,3,1,2,1,1,9,22,0,23,18,9,30,70,4,2,1,45,55,3,61,31,0,,,,,,,10,0,10,0,3,0,2,0,2,0,4,2,35.67874333333333,139.7826902777778,2,3,,,,
1,30,104,44,2,0,1,30000,0,102,2021,3,23,12,15,12,,,,,1,1,1,1,7,1,22,0,23,14,9,30,70,5,2,1,35,45,17,61,1,0,,,,,,,2,0,30,0,4,0,2,0,2,0,4,2,35.68933722222222,139.78047055555558,3,3,,,,
1,30,105,14,2,0,1,30000,0,102,2021,3,7,11,0,12,,,,,2,1,1,1,7,1,21,0,23,14,9,30,70,5,2,1,25,65,51,61,0,0,,,,,,,0,0,10,0,4,0,0,0,0,0,4,2,35.6933425,139.78603305555555,1,3,,,,
1,30,106,39,2,0,1,30000,0,102,2021,3,6,9,6,12,,,,,1,1,1,1,7,1,22,0,23,11,9,30,70,5,3,1,55,45,3,61,1,0,,,,,,,2,0,10,0,3,0,2,0,2,0,4,2,35.673539166666664,139.76611833333334,7,3,,,,
1,30,106,40,2,0,1,150,14,102,2021,3,11,9,10,12,,,,,1,1,1,1,1,9,22,0,23,15,9,30,70,4,2,1,1,25,51,61,0,0,,,,,,,0,0,10,0,3,0,0,0,0,0,4,2,35.67301666666666,139.76686583333336,5,3,,,,
1,30,106,41,2,0,1,150,19,102,2021,3,11,10,55,12,,,,,1,1,1,14,7,0,23,0,23,4,9,1,70,4,2,1,1,75,51,61,0,0,,,,,,,0,0,10,0,4,0,0,0,0,0,4,2,35.66975222222222,139.76360472222223,5,3,,,,
1,30,106,42,2,0,1,30000,0,102,2021,3,11,19,0,22,,,,,1,1,1,1,7,9,22,0,23,14,9,30,70,4,2,1,65,25,3,61,1,0,,,,,,,2,0,50,0,4,0,2,0,2,0,4,2,35.667361666666665,139.76574444444444,5,3,,,,
1,30,106,46,2,0,1,10030,0,102,2021,3,21,15,25,12,,,,,3,1,2,1,1,9,22,0,23,18,9,30,70,1,2,1,45,55,3,61,31,0,,,,,,,5,0,10,0,3,0,2,0,2,0,4,2,35.668617777777776,139.76608416666667,1,3,,,,
1,30,106,47,2,0,1,30000,0,102,2021,3,22,8,5,12,,,,,1,1,1,1,7,9,22,0,23,15,9,30,70,5,2,1,55,35,14,61,31,0,,,,,,,10,0,80,0,3,0,2,0,2,0,4,2,35.67377722222222,139.76564555555555,2,3,,,,
1,30,107,15,2,0,1,20680,0,102,2021,3,21,16,42,12,,,,,3,1,2,1,1,9,22,0,23,19,9,30,70,5,2,1,45,65,12,61,1,0,,,,,,,4,0,10,0,3,0,2,0,2,0,4,2,35.65638138888889,139.77369722222224,1,3,,,,
1,30,107,17,2,0,1,10000,0,102,2021,3,26,10,53,12,,,,,1,1,1,1,7,9,22,0,23,11,9,30,1,5,3,1,55,1,51,61,0,0,,,,,,,0,0,10,0,3,0,0,0,0,0,4,2,35.6628,139.78577277777777,6,3,,,,
1,30,107,19,2,0,1,20680,0,102,2021,3,31,19,34,22,,,,,2,1,1,1,7,4,22,0,23,18,9,30,70,1,2,1,35,55,52,61,0,0,,,,,,,0,0,10,0,4,0,0,0,0,0,4,2,35.66038694444444,139.7795088888889,4,3,,,,
1,30,108,30,2,0,1,30000,0,103,2021,3,12,16,22,12,,,,,1,1,1,14,7,0,23,0,23,4,9,1,70,4,2,1,55,25,13,61,31,0,,,,,,,10,0,10,0,2,0,2,0,2,0,4,2,35.65609166666667,139.7527452777778,6,3,,,,
1,30,108,41,2,0,1,30000,0,103,2021,3,27,18,15,21,,,,,1,1,1,14,2,0,23,0,23,3,9,1,70,5,2,1,25,55,51,61,0,0,,,,,,,0,0,10,0,3,0,0,0,0,0,4,2,35.66459361111111,139.74739,7,3,,,,
1,30,108,42,2,0,1,20090,0,103,2021,2,17,15,15,12,,,,,1,1,1,1,1,9,22,0,23,19,9,30,70,1,1,1,25,75,51,61,0,0,,,,,,,0,0,40,0,4,0,0,0,0,0,4,2,35.66967416666667,139.75133416666668,4,3,,,,
1,30,109,34,2,0,1,99000,0,103,2021,3,11,12,2,12,,,,,1,1,1,0,7,0,23,0,23,0,0,20,70,0,4,1,25,45,3,61,31,0,,,,,,,10,0,10,0,4,0,2,0,2,0,4,2,35.65394,139.74435805555555,5,3,,,,
1,30,110,23,2,0,1,30000,0,103,2021,3,11,14,48,12,,,,,1,1,1,14,7,0,23,0,23,3,9,1,70,5,1,1,65,1,3,61,1,0,,,,,,,2,0,10,0,4,0,2,0,2,0,4,2,35.64280083333333,139.73293,5,3,,,,
1,30,110,24,2,0,1,30000,0,103,2021,3,18,16,0,12,,,,,1,1,1,14,7,0,23,0,23,1,9,1,70,5,4,1,75,25,3,61,1,0,,,,,,,10,0,40,0,3,0,2,0,2,0,4,2,35.64616,139.72908305555555,5,3,,,,
1,30,111,41,2,0,1,95000,0,103,2021,3,26,13,35,12,,,,,1,1,1,14,7,0,23,0,23,3,9,1,70,5,2,1,35,1,3,61,1,0,,,,,,,2,0,10,0,3,0,2,0,2,0,4,2,35.65695861111111,139.732855,6,3,,,,
1,30,111,42,2,0,1,20140,0,103,2021,3,27,11,40,12,,,,,1,1,1,14,7,0,23,0,23,6,9,1,70,1,1,1,55,25,3,61,1,0,,,,,,,10,0,0,0,4,0,2,0,2,0,4,2,35.65362694444444,139.736755,7,3,,,,
1,30,112,27,2,0,1,2460,26,103,2021,2,27,15,20,12,,,,,1,1,1,1,1,9,22,0,23,17,9,30,70,1,1,1,55,25,13,61,1,0,,,,,,,5,0,40,0,4,0,2,0,2,0,4,2,35.671054444444444,139.7197938888889,7,3,,,,
1,30,112,29,2,0,1,2460,37,103,2021,3,11,13,55,12,,,,,1,1,1,14,7,0,23,0,23,6,9,1,70,1,2,1,55,45,34,61,31,0,,,,,,,5,0,10,0,3,0,0,0,0,0,4,2,35.66412861111111,139.7115308333333,5,3,,,,
1,30,112,36,2,0,1,10120,0,103,2021,3,27,5,45,11,,,,,1,1,1,14,7,0,23,0,23,2,9,1,70,1,2,1,1,25,51,61,0,0,,,,,,,0,0,10,0,4,0,0,0,0,0,4,2,35.676718888888885,139.72106805555555,7,3,,,,
1,30,112,37,2,0,1,30000,0,103,2021,3,28,12,45,12,,,,,2,1,1,14,7,0,23,0,23,1,9,1,70,5,3,1,65,55,14,61,31,0,,,,,,,5,0,50,0,4,0,2,0,2,0,4,2,35.66710805555555,139.71627638888887,1,3,,,,
1,30,112,38,2,0,1,20170,0,103,2021,3,28,20,20,22,,,,,3,1,2,1,7,1,22,0,23,17,9,30,70,1,1,1,55,45,3,61,1,0,,,,,,,5,0,10,0,3,0,2,0,2,0,4,2,35.65911166666667,139.7145588888889,1,3,,,,
1,30,112,40,2,0,1,99000,0,103,2021,3,31,13,10,12,,,,,1,1,5,0,7,0,23,0,23,0,0,20,70,0,4,1,65,55,3,61,31,0,,,,,,,10,0,30,0,4,0,2,0,2,0,4,2,35.67612083333333,139.7327036111111,4,3,,,,
1,30,112,41,2,0,1,30000,0,103,2021,3,31,17,21,13,,,,,1,1,1,1,1,9,22,0,23,18,9,30,70,4,2,1,35,25,3,61,1,0,,,,,,,3,0,30,0,4,0,2,0,2,0,4,2,35.66074222222222,139.71576555555555,4,3,,,,
1,30,113,71,2,0,1,30000,0,108,2021,3,24,0,40,22,,,,,1,1,1,14,7,0,23,0,23,4,9,1,70,4,1,1,35,0,61,0,0,0,,,,,,,0,0,0,0,0,0,0,0,0,0,2,0,35.64492694444444,139.79951333333332,4,3,,,,
1,30,215,20,2,0,1,95000,0,109,2021,3,8,7,47,12,,,,,3,1,2,14,7,0,23,0,23,3,9,1,70,5,1,1,35,45,13,61,31,0,,,,,,,1,0,70,0,3,0,2,0,2,0,4,2,35.60863527777778,139.74137416666665,2,3,,,,
1,30,215,24,2,0,1,30000,0,109,2021,3,16,10,40,12,,,,,1,1,1,14,7,0,23,0,23,3,9,1,70,4,2,1,25,0,61,0,0,0,,,,,,,0,0,0,0,0,0,0,0,0,0,2,0,35.622214444444445,139.7313375,3,3,,,,
1,30,215,27,2,0,1,10070,0,109,2021,3,18,17,10,13,,,,,1,1,1,14,7,0,23,0,23,4,9,1,70,1,1,1,65,1,17,61,31,0,,,,,,,4,0,10,0,3,0,2,0,2,0,4,2,35.61642361111111,139.74792388888886,5,3,,,,
1,30,216,22,2,0,1,30000,0,109,2021,3,9,9,35,12,,,,,3,1,1,1,1,9,22,0,23,14,9,30,70,4,2,1,45,45,13,61,31,0,,,,,,,10,0,40,0,3,0,2,0,2,0,4,2,35.6027075,139.723955,3,3,,,,
1,30,218,63,2,0,1,30000,0,109,2021,3,28,20,45,22,,,,,3,1,2,1,8,9,22,0,23,18,9,30,70,4,1,1,35,55,4,61,31,0,,,,,,,3,0,10,0,3,0,2,0,2,0,4,2,35.60807583333334,139.72975694444446,1,3,,,,
1,30,218,64,2,0,1,30000,0,109,2021,1,1,4,14,22,,,,,1,1,1,14,7,0,23,0,23,3,9,1,70,5,3,1,35,25,51,61,0,0,,,,,,,0,0,0,0,4,0,0,0,0,0,4,2,35.61776166666667,139.70379027777776,6,1,,,,
1,30,218,65,2,0,1,30000,0,109,2021,1,20,8,55,12,,,,,1,1,1,14,7,0,23,0,23,1,9,1,70,5,3,1,25,45,51,61,0,0,,,,,,,0,0,10,0,3,0,0,0,0,0,2,4,35.62367888888889,139.70729388888887,4,3,,,,
1,30,218,69,2,0,1,30000,0,109,2021,2,23,11,30,12,,,,,1,1,1,14,7,0,23,0,23,2,9,1,70,5,3,1,65,45,3,61,31,0,,,,,,,5,0,40,0,4,0,2,0,2,0,4,2,35.610822500000005,139.72384166666666,3,1,,,,
1,30,218,70,2,0,1,30000,0,109,2021,3,9,21,40,22,,,,,1,1,1,1,7,1,22,0,23,14,9,30,70,5,3,1,65,65,3,61,31,0,,,,,,,2,0,40,0,3,0,2,0,2,0,4,2,35.60698666666667,139.70460166666666,3,3,,,,
1,30,218,74,2,0,1,30000,0,109,2021,3,17,11,25,12,,,,,1,1,1,14,7,0,23,0,23,2,9,1,70,5,3,1,35,1,3,61,31,0,,,,,,,2,0,40,0,4,0,2,0,2,0,4,2,35.61787972222222,139.70850194444444,4,3,,,,
1,30,218,76,2,0,1,30000,0,109,2021,3,18,5,20,23,,,,,1,1,1,1,7,1,22,0,23,11,9,30,70,5,3,1,45,55,17,61,31,0,,,,,,,10,0,10,0,4,0,2,0,2,0,4,2,35.618315277777775,139.705975,5,3,,,,
1,30,218,77,2,0,1,10170,0,109,2021,3,12,16,19,12,,,,,1,1,1,1,7,9,22,0,23,15,9,30,70,4,2,1,65,55,4,61,31,0,,,,,,,4,0,40,0,3,0,2,0,2,0,4,2,35.611579722222224,139.7061361111111,6,3,,,,
1,30,218,79,2,0,1,30000,0,109,2021,3,12,21,15,22,,,,,2,1,1,21,7,0,23,0,23,2,9,20,70,5,3,1,1,55,51,61,0,0,,,,,,,0,0,10,0,3,0,0,0,0,0,4,2,35.615677777777776,139.7148063888889,6,3,,,,
1,30,219,93,2,0,1,30000,0,111,2021,3,13,13,55,12,,,,,3,1,2,1,7,9,22,0,23,11,9,30,70,5,2,1,25,1,51,61,0,0,,,,,,,0,0,10,0,4,0,0,0,0,0,4,2,35.58831638888889,139.72856944444445,7,3,,,,
1,30,219,94,2,0,2,20180,0,111,2021,3,14,16,50,13,,,,,1,1,1,14,1,0,23,0,23,3,8,1,70,4,2,1,35,35,51,61,0,0,,,,,,,0,0,10,0,3,0,0,0,0,0,2,2,35.58928111111111,139.72776944444445,1,3,,,,
1,30,219,104,2,0,1,30000,0,111,2021,3,25,6,5,11,,,,,1,1,1,14,7,0,23,0,23,2,9,1,70,5,3,1,45,65,14,61,31,0,,,,,,,10,0,15,0,4,0,2,0,2,0,4,2,35.572339444444445,139.72659333333334,5,3,,,,
1,30,219,106,2,0,1,30000,0,111,2021,3,25,9,25,12,,,,,1,1,1,14,7,0,23,0,23,1,9,1,70,5,3,1,75,1,3,61,31,0,,,,,,,5,0,80,0,4,0,2,0,2,0,4,2,35.57868472222223,139.72349833333334,5,3,,,,
1,30,219,110,2,0,1,10130,0,111,2021,3,13,8,0,12,,,,,3,1,2,14,7,0,23,0,23,5,9,1,70,6,1,1,45,45,3,61,31,0,,,,,,,4,0,40,0,3,0,2,0,2,0,4,2,35.577802777777784,139.7341947222222,7,3,,,,
1,30,219,115,2,0,1,1310,0,111,2021,3,20,23,10,22,,,,,1,1,1,7,7,0,23,0,23,2,9,1,70,5,1,1,65,45,51,61,0,0,,,,,,,0,0,10,0,4,0,0,0,0,0,4,2,35.57367,139.73417388888888,7,1,,,,
1,30,220,29,2,0,1,30000,0,111,2021,3,3,14,55,12,,,,,1,1,1,1,7,9,22,0,23,14,9,30,70,4,1,1,25,1,4,61,31,0,,,,,,,2,0,10,0,3,0,2,0,2,0,4,2,35.60375277777778,139.69292305555555,4,3,,,,
1,30,220,38,2,0,1,30000,0,111,2021,3,17,18,18,21,,,,,1,1,1,1,1,9,22,0,23,14,9,30,70,4,2,1,45,55,3,61,31,0,,,,,,,5,0,21,0,4,0,2,0,2,0,4,2,35.588163333333334,139.6909063888889,4,3,,,,
1,30,220,40,2,0,1,10130,0,111,2021,3,21,11,0,12,,,,,3,1,2,1,7,1,21,0,23,15,9,30,70,4,2,1,35,45,13,61,31,0,,,,,,,2,0,10,0,4,0,2,0,2,0,4,2,35.60462305555556,139.69670638888888,1,3,,,,
1,30,221,68,2,0,1,10200,0,111,2020,10,4,15,50,12,,,,,2,1,1,1,1,9,22,0,23,17,9,30,70,1,2,1,55,45,51,61,0,0,,,,,,,0,0,10,0,4,0,0,0,0,0,4,2,35.5521725,139.7417611111111,1,3,,,,
1,30,221,71,2,0,1,95000,0,111,2021,3,4,17,12,13,,,,,1,1,1,1,1,9,22,0,23,18,9,30,70,4,2,1,35,65,14,61,1,0,,,,,,,2,0,10,0,3,0,2,0,2,0,4,2,35.54167944444444,139.7066747222222,5,3,,,,
1,30,221,76,2,0,1,30000,0,111,2021,2,25,21,20,22,,,,,1,1,1,14,7,0,23,0,23,1,9,1,70,5,4,1,35,35,5,61,31,0,,,,,,,10,0,10,0,4,0,2,0,2,0,4,2,35.56010861111111,139.7279922222222,5,3,,,,
1,30,221,78,2,0,1,30000,0,111,2021,3,10,5,10,23,,,,,1,1,1,14,7,0,23,0,23,1,9,1,70,5,3,1,45,55,51,61,0,0,,,,,,,0,0,10,0,4,0,0,0,0,0,4,2,35.541943055555556,139.70870888888888,4,3,,,,
1,30,221,85,2,0,1,30000,0,111,2021,3,15,10,33,12,,,,,1,1,1,21,7,0,23,0,23,1,9,20,70,5,4,1,75,75,4,61,31,0,,,,,,,10,0,40,0,4,0,2,0,2,0,4,2,35.550148611111105,139.74725222222222,2,3,,,,
1,30,221,88,2,0,1,30000,0,111,2021,3,13,18,30,21,,,,,3,1,2,1,7,1,21,0,23,15,9,30,70,5,4,1,55,65,3,61,31,0,,,,,,,2,0,10,0,3,0,2,0,2,0,4,2,35.56055944444444,139.7116211111111,7,3,,,,
1,30,221,94,2,0,1,95000,0,111,2021,3,22,14,25,12,,,,,2,1,1,14,7,0,23,0,23,3,9,1,70,4,3,1,65,75,24,61,0,0,,,,,,,2,0,30,0,4,0,0,0,0,0,4,2,35.54741611111111,139.7072122222222,2,3,,,,
1,30,221,97,2,0,1,30000,0,111,2021,3,26,11,0,12,,,,,1,1,1,14,7,0,23,0,23,3,9,20,70,5,4,1,55,75,3,61,31,0,,,,,,,10,0,10,0,3,0,2,0,2,0,4,2,35.56238361111111,139.71407527777777,6,3,,,,
1,30,221,100,2,0,1,30000,0,111,2021,3,26,0,35,22,,,,,1,1,1,14,7,0,23,0,23,2,9,1,70,5,3,1,1,55,51,61,0,0,,,,,,,0,0,10,0,3,0,0,0,0,0,4,2,35.55218305555555,139.72256222222222,6,3,,,,
1,30,221,102,2,0,1,30000,0,111,2021,3,24,10,9,12,,,,,1,1,1,1,7,1,22,0,23,15,9,30,70,1,2,1,35,55,13,61,31,0,,,,,,,2,0,50,0,3,0,2,0,2,0,4,2,35.56267638888889,139.7123597222222,4,3,,,,
1,30,222,38,2,0,1,10,149,111,2021,3,1,18,5,21,,,,,1,1,1,1,7,1,22,0,23,17,9,30,70,1,2,1,55,35,14,61,1,0,,,,,,,5,0,10,0,4,0,2,0,2,0,4,2,35.585503888888894,139.7050463888889,2,3,,,,
1,30,222,46,2,0,1,30000,0,111,2021,3,18,5,28,23,,,,,1,1,1,1,1,9,22,0,23,15,9,30,70,4,2,1,45,55,3,61,1,0,,,,,,,5,0,10,0,3,0,2,0,2,0,4,2,35.56432944444444,139.68989083333335,5,3,,,,
1,30,222,49,2,0,1,30000,0,111,2021,1,23,12,5,12,,,,,3,1,2,14,7,0,23,0,23,3,9,1,70,4,3,1,75,0,61,0,0,0,,,,,,,0,0,0,0,0,0,0,0,0,0,2,0,35.56238222222222,139.69958583333334,7,3,,,,
1,30,222,53,2,0,1,30000,0,111,2021,3,25,12,15,12,,,,,2,1,1,7,1,0,23,0,23,3,9,1,70,4,2,1,45,75,12,61,31,0,,,,,,,2,0,0,0,4,0,2,0,2,0,4,2,35.570978333333336,139.68052694444444,5,3,,,,
1,30,325,57,2,0,1,30000,0,112,2020,11,29,16,0,13,,,,,1,1,1,14,1,0,23,0,23,3,9,1,70,4,2,1,35,75,51,61,0,0,,,,,,,0,0,10,0,3,0,0,0,0,0,4,2,35.63981916666667,139.63551333333334,1,3,,,,
1,30,325,64,2,0,1,30000,0,112,2021,3,12,7,0,12,,,,,1,1,1,1,7,9,22,0,23,14,9,30,70,5,3,1,35,75,51,61,0,0,,,,,,,0,0,10,0,3,0,0,0,0,0,4,2,35.62916222222222,139.6774086111111,6,3,,,,
1,30,325,67,2,0,1,30000,0,112,2021,3,11,17,13,13,,,,,1,1,1,14,7,0,23,0,23,3,9,1,70,5,3,1,1,0,61,0,0,0,,,,,,,0,0,0,0,0,0,0,0,0,0,2,0,35.63715833333333,139.68277277777776,5,3,,,,
1,30,325,75,2,0,1,30000,0,112,2021,3,24,20,40,22,,,,,1,1,1,1,7,9,22,0,23,14,9,30,70,5,2,1,55,55,17,61,31,0,,,,,,,3,0,10,0,2,0,2,0,2,0,4,2,35.629738055555556,139.6728283333333,4,3,,,,
1,30,325,79,2,0,1,2460,96,112,2021,3,19,17,15,13,,,,,1,1,1,14,7,0,23,0,23,2,9,1,70,1,1,1,1,45,51,61,0,0,,,,,,,0,0,10,0,3,0,0,0,0,0,4,2,35.63287805555556,139.6603536111111,6,2,,,,
1,30,325,80,2,0,1,30000,0,112,2021,3,14,16,15,12,,,,,1,1,1,14,7,0,23,0,23,3,9,1,70,5,4,1,75,55,51,61,0,0,,,,,,,0,0,40,0,3,0,0,0,0,0,4,2,35.646970555555555,139.6235802777778,1,3,,,,
1,30,326,51,2,0,1,30000,0,112,2021,3,4,17,0,13,,,,,1,1,1,1,7,9,22,0,23,14,9,30,70,4,2,1,45,1,3,61,31,0,,,,,,,3,0,50,0,3,0,2,0,2,0,4,2,35.64766222222222,139.63021666666668,5,3,,,,
1,30,326,67,2,0,1,30000,0,112,2021,3,21,12,10,12,,,,,3,1,2,14,7,0,23,0,23,1,9,1,70,5,3,1,35,25,3,61,31,0,,,,,,,2,0,10,0,3,0,2,0,2,0,4,2,35.650709166666665,139.6371625,1,3,,,,
1,30,326,68,2,0,1,30000,0,112,2021,3,21,15,0,12,,,,,3,1,2,14,7,0,23,0,23,1,9,1,70,5,3,1,55,45,51,61,0,0,,,,,,,0,0,40,0,3,0,0,0,0,0,2,4,35.65544944444444,139.63400555555555,1,3,,,,
1,30,326,75,2,0,1,30000,0,112,2021,3,17,18,40,21,,,,,1,1,1,1,7,9,22,0,23,11,9,30,70,5,4,1,65,25,3,61,31,0,,,,,,,2,0,50,0,4,0,2,0,2,0,4,2,35.66271138888889,139.6585213888889,4,3,,,,
1,30,326,80,2,0,1,95000,0,112,2021,3,27,16,35,12,,,,,1,1,1,0,7,0,23,0,23,0,0,20,70,0,4,1,55,75,14,61,31,0,,,,,,,10,0,30,0,4,0,2,0,2,0,4,2,35.652950555555556,139.65256555555555,7,3,,,,
1,30,326,84,2,0,2,30000,0,112,2021,3,11,16,20,12,,,,,1,1,1,14,7,0,23,0,23,2,9,1,70,5,4,1,45,1,35,61,31,0,,,,,,,5,0,10,0,3,0,0,0,0,0,2,2,35.6707025,139.66213027777778,5,3,,,,
1,30,327,84,2,0,1,30000,0,112,2021,2,14,9,50,12,,,,,1,1,1,1,7,1,21,0,23,14,7,30,70,4,2,1,65,55,3,61,1,0,,,,,,,10,0,50,0,4,0,2,0,2,0,4,2,35.618224166666664,139.62887805555556,1,3,,,,
1,30,327,85,2,0,1,10200,0,112,2021,2,20,15,0,12,,,,,1,1,1,14,7,0,23,0,23,1,9,1,70,1,2,1,35,35,51,61,0,0,,,,,,,0,0,20,0,4,0,0,0,0,0,4,2,35.6263525,139.62657388888888,7,3,,,,
1,30,327,89,2,0,1,30000,0,112,2021,3,13,17,55,21,,,,,3,1,2,1,7,0,23,0,23,14,9,30,70,5,3,1,1,0,61,0,0,0,,,,,,,0,0,0,0,0,0,0,0,0,0,2,0,35.605695555555556,139.67810527777777,7,3,,,,
1,30,327,93,2,0,1,10080,0,112,2021,3,15,8,53,12,,,,,1,1,1,1,1,9,22,0,23,19,9,30,70,1,2,1,75,45,13,61,31,0,,,,,,,5,0,10,0,4,0,2,0,2,0,4,2,35.60484638888889,139.64754805555555,2,3,,,,
1,30,327,98,2,0,1,95000,0,112,2021,2,14,13,38,12,,,,,1,1,1,0,7,0,23,0,23,0,0,20,70,0,4,1,1,1,51,61,0,0,,,,,,,0,0,10,0,3,0,0,0,0,0,4,2,35.62809277777778,139.65632083333333,1,3,,,,
1,30,327,99,2,0,1,20240,0,112,2021,1,16,15,40,12,,,,,1,1,1,14,7,0,23,0,23,2,9,1,70,4,1,1,35,45,3,61,31,0,,,,,,,10,0,10,0,4,0,2,0,2,0,4,2,35.62284555555556,139.65871666666666,7,3,,,,
1,30,327,105,2,0,1,95000,0,112,2021,3,20,11,51,12,,,,,1,1,1,1,7,9,22,0,23,15,9,30,70,4,2,1,45,1,3,61,31,0,,,,,,,3,0,50,0,3,0,2,0,2,0,4,2,35.61389416666667,139.64229805555556,7,1,,,,
1,30,327,115,2,0,1,99000,0,112,2021,3,27,14,15,12,,,,,1,1,1,0,7,0,23,0,23,0,0,20,70,0,4,1,45,25,51,61,0,0,,,,,,,0,0,10,0,3,0,0,0,0,0,4,2,35.624409166666666,139.65972694444446,7,3,,,,
1,30,328,63,2,0,1,30000,0,112,2020,10,21,15,15,12,,,,,1,1,1,1,7,9,22,0,23,14,9,30,70,4,1,1,1,1,51,61,0,0,,,,,,,0,0,10,0,3,0,0,0,0,0,2,4,35.63475861111111,139.61911805555556,4,3,,,,
1,30,328,70,2,0,1,30000,0,112,2021,3,3,9,45,12,,,,,1,1,1,1,7,9,22,0,23,11,9,30,70,5,3,1,55,75,13,61,31,0,,,,,,,2,0,10,0,3,0,2,0,2,0,4,2,35.643186666666665,139.60878583333331,4,3,,,,
1,30,328,72,2,0,1,30000,0,112,2021,3,8,8,45,12,,,,,3,1,2,14,1,0,23,0,23,2,9,1,70,5,3,1,45,45,3,61,1,0,,,,,,,2,0,10,0,3,0,2,0,2,0,4,2,35.658699444444444,139.62557583333333,2,3,,,,
1,30,328,77,2,0,1,95000,0,112,2021,3,12,13,5,12,,,,,2,1,1,14,7,0,23,0,23,3,9,1,70,4,2,1,65,75,14,61,31,0,,,,,,,1,0,10,0,3,0,2,0,2,0,4,2,35.67542888888889,139.5925002777778,6,3,,,,
1,30,328,82,2,0,1,30000,0,112,2021,3,14,21,0,22,,,,,1,1,1,1,1,9,22,0,23,15,9,30,70,4,1,1,25,45,3,61,31,0,,,,,,,3,0,10,0,3,0,2,0,2,0,4,2,35.658743055555554,139.6090111111111,1,3,,,,