資料区分,都道府県コード,警察署等コード,本票番号,事故内容,死者数,負傷者数,路線コード,地点コード,市区町村コード,発生日時　　年,発生日時　　月,発生日時　　日,発生日時　　時,発生日時　　分,昼夜,日の出時刻　　時,日の出時刻　　分,日の入り時刻　　時,日の入り時刻　　分,天候,地形,路面状態,道路形状,信号機,一時停止規制　標識（当事者A）,一時停止規制　表示（当事者A）,一時停止規制　標識（当事者B）,一時停止規制　表示（当事者B）,車道幅員,道路線形,衝突地点,ゾーン規制,中央分離帯施設等,歩車道区分,事故類型,年齢（当事者A）,年齢（当事者B）,当事者種別（当事者A）,当事者種別（当事者B）,用途別（当事者A）,用途別（当事者B）,車両形状等（当事者A）,車両形状等（当事者B）,オートマチック車（当事者A）,オートマチック車（当事者B）,サポカー（当事者A）,サポカー（当事者B）,速度規制（指定のみ）（当事者A）,速度規制（指定のみ）（当事者B）,車両の衝突部位（当事者A）,車両の衝突部位（当事者B）,車両の損壊程度（当事者A）,車両の損壊程度（当事者B）,エアバッグの装備（当事者A）,エアバッグの装備（当事者B）,サイドエアバッグの装備（当事者A）,サイドエアバッグの装備（当事者B）,人身損傷程度（当事者A）,人身損傷程度（当事者B）,lat,lon,曜日(発生年月日),祝日(発生年月日),認知機能検査経過日数（当事者A）,認知機能検査経過日数（当事者B）,運転練習の方法（当事者A）,運転練習の方法（当事者B）
1,30,329,33,2,0,1,30000,0,110,2021,3,3,2,30,22,,,,,2,1,1,7,7,0,23,0,23,2,9,1,70,5,3,1,25,25,36,61,31,0,,,,,,,2,0,14,0,3,0,0,0,0,0,4,2,35.635290833333336,139.69451833333335,4,3,,,,
1,30,329,38,2,0,1,30000,0,110,2021,3,17,13,17,12,,,,,1,1,1,14,7,0,23,0,23,3,9,1,70,5,3,1,55,25,3,61,1,0,,,,,,,2,0,20,0,3,0,2,0,2,0,4,2,35.637245,139.69228611111112,4,3,,,,
1,30,329,39,2,0,1,30000,0,110,2021,3,18,17,0,13,,,,,1,1,1,1,7,9,22,0,23,14,9,30,70,5,3,1,45,1,51,61,0,0,,,,,,,0,0,10,0,3,0,0,0,0,0,4,2,35.629019166666666,139.71380055555554,5,3,,,,
1,30,329,43,2,0,1,10160,0,110,2021,3,23,10,30,12,,,,,1,1,1,14,1,0,23,0,23,5,9,1,70,1,1,1,1,65,51,61,0,0,,,,,,,0,0,40,0,3,0,0,0,0,0,4,2,35.63988805555555,139.70296027777778,3,3,,,,
1,30,329,52,2,0,1,30000,0,110,2021,3,27,17,43,13,,,,,1,1,1,14,7,0,23,0,23,2,9,1,70,5,3,1,35,45,3,61,31,0,,,,,,,5,0,40,0,4,0,2,0,2,0,4,2,35.64989611111111,139.6894088888889,7,3,,,,
1,30,330,48,2,0,1,10130,0,110,2021,3,18,10,0,12,,,,,1,1,1,1,1,9,22,0,23,19,9,30,70,5,1,1,55,65,3,61,31,0,,,,,,,4,0,10,0,3,0,2,0,2,0,4,2,35.620288888888886,139.68069277777778,5,3,,,,
1,30,330,49,2,0,1,30000,0,110,2021,2,13,14,21,12,,,,,1,1,1,14,7,0,23,0,23,3,9,1,70,4,3,1,75,25,3,61,31,0,,,,,,,2,0,10,0,4,0,2,0,2,0,4,2,35.60864388888889,139.66898166666667,7,3,,,,
1,30,330,56,2,0,1,20190,0,110,2021,3,26,19,13,22,,,,,1,1,1,1,1,9,22,0,23,14,9,30,70,4,3,1,25,75,3,61,31,0,,,,,,,3,0,20,0,3,0,2,0,2,0,4,2,35.62592222222222,139.69468277777779,6,3,,,,
1,30,330,58,2,0,1,30000,0,110,2021,3,30,9,10,12,,,,,1,1,1,1,7,1,22,0,23,11,9,30,70,4,3,1,45,25,17,61,31,0,,,,,,,4,0,10,0,3,0,2,0,2,0,4,2,35.61668944444445,139.6766336111111,3,3,,,,
1,30,331,52,2,0,1,30000,0,113,2021,3,3,14,40,12,,,,,1,1,1,1,7,9,22,0,23,14,9,30,1,5,3,1,45,1,3,61,31,0,,,,,,,10,0,40,0,3,0,2,0,2,0,4,2,35.65170805555555,139.70064722222222,4,3,,,,
1,30,331,55,2,0,1,30000,0,113,2021,3,9,18,35,21,,,,,1,1,1,14,7,0,23,0,23,2,9,1,70,5,2,1,55,45,3,61,1,0,,,,,,,2,0,30,0,3,0,2,0,2,0,4,2,35.66264388888889,139.69656361111112,3,3,,,,
1,30,331,57,2,0,2,20000,0,113,2021,3,10,19,25,22,,,,,1,1,1,1,7,9,22,0,23,11,9,30,70,5,2,1,55,25,31,61,31,0,,,,,,,2,0,10,0,2,0,0,0,0,0,2,2,35.66131055555555,139.69803722222224,4,3,,,,
1,30,331,63,2,0,1,10090,0,113,2021,3,15,18,20,21,,,,,1,1,1,1,1,9,22,0,23,17,9,30,70,4,1,1,25,25,51,61,0,0,,,,,,,0,0,10,0,3,0,0,0,0,0,4,2,35.66374583333333,139.70200916666664,2,3,,,,
1,30,331,64,2,0,1,30000,0,113,2021,3,16,16,10,12,,,,,1,1,1,14,7,0,23,0,23,3,7,1,70,4,1,1,55,1,3,61,31,0,,,,,,,2,0,10,0,3,0,2,0,2,0,4,2,35.65310888888889,139.7014386111111,3,3,,,,
1,30,331,66,2,0,1,10090,0,113,2021,2,19,3,30,22,,,,,1,1,1,1,8,9,22,0,23,18,9,30,70,4,1,1,45,35,3,61,1,0,,,,,,,3,0,10,0,3,0,2,0,2,0,4,2,35.659483055555555,139.70244388888887,6,3,,,,
1,30,331,67,2,0,1,20120,0,103,2021,3,4,6,0,23,,,,,1,1,1,1,1,0,23,0,23,15,9,30,70,1,1,1,35,0,61,0,0,0,,,,,,,0,0,0,0,0,0,0,0,0,0,2,0,35.650613888888884,139.72240527777777,5,3,,,,
1,30,331,68,2,0,1,10650,0,113,2021,3,21,16,0,12,,,,,3,1,2,1,1,9,22,0,23,19,9,30,70,4,1,1,55,45,3,61,1,0,,,,,,,4,0,10,0,3,0,2,0,2,0,4,2,35.65418361111111,139.69332500000002,1,3,,,,
1,30,331,71,2,0,1,20120,0,113,2021,3,17,18,50,22,,,,,1,1,1,14,7,0,23,0,23,4,9,1,70,4,1,1,55,35,3,61,31,0,,,,,,,4,0,40,0,3,0,2,0,2,0,4,2,35.65047416666666,139.72226722222223,4,3,,,,
1,30,331,74,2,0,1,30000,0,113,2021,3,26,18,42,21,,,,,1,1,1,1,1,9,22,0,23,19,9,30,70,4,2,1,35,55,51,61,0,0,,,,,,,0,0,10,0,3,0,0,0,0,0,4,2,35.65945694444444,139.7020513888889,6,3,,,,
1,30,331,75,2,0,1,30000,0,113,2021,3,27,11,30,12,,,,,1,1,1,14,7,0,23,0,23,3,9,1,70,4,2,1,45,1,14,61,1,0,,,,,,,2,0,10,0,3,0,2,0,2,0,4,2,35.653464166666666,139.70590916666666,7,3,,,,
1,30,332,22,2,0,1,30000,0,113,2021,3,3,16,47,13,,,,,1,1,1,14,7,0,23,0,23,3,8,1,70,4,3,1,45,55,3,61,1,0,,,,,,,2,0,30,0,4,0,2,0,2,0,4,2,35.67672555555556,139.70686527777778,4,3,,,,
1,30,332,25,2,0,1,30000,0,113,2021,3,10,5,10,23,,,,,1,1,1,14,7,0,23,0,23,3,8,1,1,5,3,1,35,65,17,61,31,0,,,,,,,2,0,10,0,4,0,2,0,2,0,4,2,35.670155,139.71343166666665,4,3,,,,
1,30,332,27,2,0,1,30000,0,113,2021,3,4,19,0,22,,,,,2,1,1,14,7,0,23,0,23,2,9,1,70,5,2,1,35,45,51,61,0,0,,,,,,,0,0,20,0,4,0,0,0,0,0,4,2,35.68765138888889,139.69923805555555,5,3,,,,
1,30,332,32,2,0,1,10090,0,113,2021,3,24,9,50,12,,,,,1,1,1,7,1,0,23,0,23,5,9,1,70,4,1,1,35,25,52,61,0,0,,,,,,,0,0,40,0,4,0,0,0,0,0,4,2,35.68031666666666,139.70434277777775,4,3,,,,
1,30,333,36,2,0,1,20330,0,113,2021,3,21,4,58,23,,,,,3,1,2,1,1,9,22,0,23,14,9,30,70,4,2,1,45,25,17,61,31,0,,,,,,,3,0,10,0,3,0,2,0,2,0,4,2,35.68333,139.68434833333333,1,3,,,,
1,30,333,40,2,0,1,30000,0,113,2021,3,23,8,30,12,,,,,1,1,1,14,7,0,23,0,23,2,9,1,1,5,4,1,45,25,17,61,1,0,,,,,,,10,0,40,0,3,0,2,0,2,0,4,2,35.678127777777775,139.6808663888889,3,3,,,,
1,30,435,13,2,0,1,30000,0,104,2021,3,4,18,45,22,,,,,1,1,1,1,7,1,22,0,23,15,9,30,70,5,3,1,55,25,14,61,1,0,,,,,,,10,0,10,0,3,0,2,0,2,0,4,2,35.7063075,139.73679305555555,5,3,,,,
1,30,435,14,2,0,1,99000,0,104,2021,3,5,17,55,21,,,,,3,1,1,0,7,0,23,0,23,0,0,20,70,0,4,1,65,55,3,61,1,0,,,,,,,10,0,40,0,3,0,2,0,2,0,4,2,35.70445083333334,139.70938638888887,6,3,,,,
1,30,435,15,2,0,1,90000,0,104,2021,3,6,15,0,12,,,,,1,1,1,14,7,0,23,0,23,1,9,1,70,5,4,1,65,55,14,61,31,0,,,,,,,10,0,30,0,3,0,2,0,2,0,4,2,35.69242333333333,139.73515444444442,7,3,,,,
1,30,436,57,2,0,1,20290,0,104,2021,2,28,23,52,22,,,,,1,1,1,1,1,9,22,0,23,15,9,30,70,2,2,1,65,45,3,61,1,0,,,,,,,3,0,80,0,4,0,2,0,2,0,4,2,35.70187722222222,139.69540750000002,1,3,,,,
1,30,436,60,2,0,1,30000,0,104,2021,3,7,14,37,12,,,,,2,1,1,14,7,0,23,0,23,1,9,1,70,5,4,1,45,25,4,61,31,0,,,,,,,10,0,40,0,3,0,2,0,2,0,4,2,35.699420277777776,139.70288,1,3,,,,
1,30,436,61,2,0,1,10240,0,104,2021,3,21,5,50,11,,,,,3,1,2,1,1,9,22,0,23,15,8,30,70,1,2,1,45,25,3,61,1,0,,,,,,,1,0,40,0,4,0,2,0,2,0,4,2,35.69564138888889,139.6885963888889,1,3,,,,
1,30,437,28,2,0,1,30000,0,104,2021,3,3,9,15,12,,,,,1,1,1,1,7,1,21,0,23,15,9,30,70,5,3,1,25,45,51,61,0,0,,,,,,,0,0,40,0,3,0,0,0,0,0,4,2,35.720798611111114,139.6799208333333,4,3,,,,
1,30,437,35,2,0,1,30000,0,104,2021,3,16,14,0,12,,,,,1,1,1,1,7,9,22,0,23,11,8,30,70,5,1,1,75,35,14,61,31,0,,,,,,,2,0,10,0,4,0,2,0,2,0,4,2,35.722461111111116,139.67852055555554,3,3,,,,
1,30,437,38,2,0,1,10010,0,104,2021,1,20,12,30,12,,,,,1,1,1,14,7,0,23,0,23,5,9,1,70,5,1,1,35,65,51,61,0,0,,,,,,,0,0,10,0,4,0,0,0,0,0,4,2,35.72954333333333,139.6772758333333,4,3,,,,
1,30,437,44,2,0,1,30000,0,104,2021,3,17,22,0,22,,,,,1,1,1,14,7,0,23,0,23,3,9,1,70,5,3,1,25,0,61,0,0,0,,,,,,,0,0,0,0,0,0,0,0,0,0,2,0,35.719165000000004,139.67807055555554,4,3,,,,
1,30,439,44,1,1,0,30000,0,114,2021,3,21,3,32,22,,,,,3,1,2,14,7,0,23,0,23,3,8,1,70,4,1,1,65,55,12,61,1,0,,,,,,,3,0,10,0,3,0,2,0,2,0,4,1,35.69577388888889,139.67413194444444,1,3,,,,
1,30,439,49,2,0,1,30000,0,114,2021,3,10,19,2,22,,,,,1,1,1,14,7,0,23,0,23,3,9,1,1,5,3,1,45,45,4,61,31,0,,,,,,,2,0,32,0,3,0,2,0,2,0,4,2,35.68349583333333,139.66911277777777,4,3,,,,
1,30,439,51,2,0,1,30000,0,114,2021,3,15,18,25,21,,,,,1,1,1,1,1,1,21,0,23,11,9,30,70,4,2,1,75,75,4,61,31,0,,,,,,,2,0,50,0,3,0,2,0,2,0,4,2,35.68603805555555,139.66154305555557,2,3,,,,
1,30,439,56,2,0,1,30000,0,114,2021,3,23,10,15,12,,,,,1,1,1,1,7,1,21,0,23,11,7,30,70,5,3,1,45,55,3,61,31,0,,,,,,,2,0,50,0,4,0,2,0,2,0,4,2,35.694289722222216,139.67613333333333,3,3,,,,
1,30,439,57,2,0,1,30000,0,114,2021,2,17,18,30,22,,,,,1,1,1,1,7,9,22,0,23,11,9,30,70,5,4,1,45,55,13,61,31,0,,,,,,,5,0,40,0,4,0,2,0,2,0,4,2,35.70601861111111,139.68051972222221,4,3,,,,
1,30,439,66,2,0,1,30000,0,114,2020,10,1,13,50,12,,,,,1,1,1,1,2,1,21,0,23,14,7,30,70,4,1,1,25,45,51,61,0,0,,,,,,,0,0,40,0,4,0,0,0,0,0,4,2,35.701405,139.67212305555555,5,3,,,,
1,30,439,70,2,0,1,20280,0,114,2021,3,31,13,15,12,,,,,1,1,1,1,1,9,22,0,23,15,9,30,70,4,1,1,45,1,14,61,1,0,,,,,,,3,0,10,0,4,0,2,0,2,0,4,2,35.70262833333334,139.66555972222224,4,3,,,,
1,30,440,42,2,0,1,30000,0,114,2021,3,3,20,0,22,,,,,1,1,1,14,7,0,23,0,23,3,9,1,70,5,2,1,65,25,3,61,31,0,,,,,,,2,0,10,0,4,0,2,0,2,0,4,2,35.713884722222225,139.67864194444442,4,3,,,,
1,30,440,45,2,0,1,20280,0,114,2021,3,11,12,2,12,,,,,1,1,1,14,7,0,23,0,23,5,9,1,70,4,2,1,45,25,52,61,0,0,,,,,,,0,0,10,0,4,0,0,0,0,0,4,2,35.708287222222225,139.66517361111113,5,3,,,,
1,30,441,60,2,0,1,20500,0,115,2021,3,6,18,40,21,,,,,1,1,1,1,1,9,22,0,23,11,9,30,70,4,2,1,35,65,51,61,0,0,,,,,,,0,0,40,0,3,0,0,0,0,0,4,2,35.704703333333335,139.63672277777778,7,3,,,,
1,30,441,63,2,0,1,10240,0,115,2021,3,10,17,10,13,,,,,1,1,1,14,1,0,23,0,23,5,9,1,70,4,1,1,75,35,3,61,31,0,,,,,,,10,0,50,0,4,0,2,0,2,0,4,2,35.702847777777784,139.62804305555557,4,3,,,,
1,30,441,80,2,0,1,30000,0,115,2021,3,23,12,55,12,,,,,1,1,1,14,7,0,23,0,23,3,9,1,70,5,3,1,55,25,3,61,31,0,,,,,,,10,0,40,0,3,0,2,0,2,0,4,2,35.70304527777778,139.64575055555554,3,3,,,,
1,30,441,83,2,0,1,30000,0,115,2021,3,31,18,35,21,,,,,1,1,1,12,7,0,23,0,23,2,9,1,70,5,4,1,25,45,51,61,0,0,,,,,,,0,0,10,0,3,0,0,0,0,0,4,2,35.68571055555555,139.6376136111111,4,3,,,,
1,30,442,64,2,0,1,10130,0,115,2021,3,1,11,3,12,,,,,1,1,1,1,1,9,22,0,23,19,9,30,70,1,1,1,35,65,11,61,1,0,,,,,,,4,0,12,0,4,0,2,0,2,0,4,2,35.67274611111111,139.66045472222223,2,3,,,,
1,30,442,73,2,0,1,30000,0,115,2021,3,10,10,55,12,,,,,1,1,1,14,7,0,23,0,23,3,9,1,70,4,3,1,65,65,3,61,31,0,,,,,,,10,0,40,0,3,0,2,0,2,0,4,2,35.68760444444444,139.59592833333335,4,3,,,,
1,30,442,86,2,0,1,30000,0,115,2021,1,22,17,50,21,,,,,1,1,1,14,7,0,23,0,23,4,9,1,70,5,3,1,55,0,61,0,0,0,,,,,,,0,0,0,0,0,0,0,0,0,0,2,0,35.67182722222222,139.6095825,6,3,,,,
1,30,442,87,2,0,1,10130,0,115,2021,3,26,21,15,22,,,,,1,1,1,1,1,9,22,0,23,18,9,30,70,1,1,1,35,35,51,61,0,0,,,,,,,0,0,10,0,3,0,0,0,0,0,4,2,35.678825277777776,139.65730694444446,6,3,,,,
1,30,442,88,2,0,1,30000,0,115,2021,3,26,20,5,22,,,,,1,1,1,14,7,0,23,0,23,3,9,1,70,5,4,1,1,45,36,61,31,0,,,,,,,10,0,10,0,3,0,0,0,0,0,4,2,35.68803472222222,139.59734805555556,6,3,,,,
1,30,443,43,2,0,1,30000,0,115,2021,3,9,12,30,12,,,,,1,1,1,1,7,9,22,0,23,11,9,30,70,5,4,1,75,75,51,61,0,0,,,,,,,0,0,40,0,4,0,0,0,0,0,4,2,35.70639305555556,139.6197177777778,3,3,,,,
1,30,443,44,2,0,1,30000,0,115,2021,3,9,14,50,12,,,,,1,1,1,1,7,9,22,0,23,11,9,30,70,5,3,1,45,1,51,61,0,0,,,,,,,0,0,40,0,4,0,0,0,0,0,4,2,35.7138025,139.63155416666666,3,3,,,,
1,30,443,47,2,0,1,30000,0,115,2021,3,12,9,45,12,,,,,2,1,1,1,7,1,21,0,23,14,9,30,70,4,3,1,25,75,13,61,31,0,,,,,,,3,0,10,0,4,0,2,0,2,0,4,2,35.697775,139.61315222222223,6,3,,,,
1,30,545,25,2,0,1,95000,0,105,2021,3,1,12,5,12,,,,,1,1,1,14,7,0,23,0,23,6,9,1,70,1,2,1,25,65,51,61,0,0,,,,,,,0,0,10,0,4,0,0,0,0,0,4,2,35.71571027777778,139.7397597222222,2,3,,,,
1,30,545,26,2,0,1,10100,0,105,2021,3,1,21,16,22,,,,,2,1,1,14,1,0,23,0,23,6,9,1,70,1,1,1,45,25,17,61,1,0,,,,,,,5,0,10,0,3,0,2,0,2,0,4,2,35.72112388888889,139.74947638888887,2,3,,,,
1,30,545,32,2,0,1,10100,0,105,2021,3,31,15,3,12,,,,,1,1,1,14,7,0,23,0,23,5,9,1,70,1,1,1,75,1,51,61,0,0,,,,,,,0,0,10,0,3,0,0,0,0,0,2,4,35.723535000000005,139.74684694444443,4,3,,,,
1,30,546,21,2,0,1,20000,0,105,2021,3,8,18,27,21,,,,,2,1,1,14,7,0,23,0,23,3,9,1,70,4,2,1,45,1,36,61,31,0,,,,,,,2,0,10,0,3,0,0,0,0,0,4,2,35.723689444444446,139.72977472222223,2,3,,,,
1,30,547,19,2,0,1,20400,0,105,2021,3,23,13,8,12,,,,,1,1,1,14,7,0,23,0,23,4,9,1,70,4,2,1,35,55,51,61,0,0,,,,,,,0,0,10,0,4,0,0,0,0,0,4,2,35.71279722222223,139.7593427777778,3,3,,,,
1,30,547,21,2,0,1,20390,0,105,2021,3,25,14,50,12,,,,,3,1,2,1,1,9,22,0,23,19,9,30,70,4,1,1,25,35,51,61,0,0,,,,,,,0,0,10,0,4,0,0,0,0,0,4,2,35.70759027777778,139.76079972222223,5,3,,,,
1,30,547,23,2,0,1,10100,0,105,2021,3,11,18,40,21,,,,,1,1,1,14,7,0,23,0,23,6,9,1,70,1,2,1,75,55,52,61,0,0,,,,,,,0,0,10,0,4,0,0,0,0,0,4,2,35.7029,139.7555011111111,5,3,,,,
1,30,548,11,2,0,1,30000,0,105,2021,3,14,17,5,13,,,,,1,1,1,7,7,0,23,0,23,1,9,20,1,5,4,1,45,1,14,61,1,0,,,,,,,10,0,80,0,3,0,2,0,2,0,4,2,35.72307194444445,139.75604916666666,1,3,,,,
1,30,548,16,2,0,1,20400,0,105,2021,3,30,22,20,22,,,,,2,1,1,1,1,9,22,0,23,15,9,30,70,4,2,1,25,65,4,61,31,0,,,,,,,4,0,40,0,3,0,2,0,2,0,4,2,35.72478277777778,139.7536311111111,3,3,,,,
1,30,549,20,2,0,1,2540,47,116,2021,3,3,18,5,21,,,,,1,1,1,14,7,0,23,0,23,4,9,1,70,5,2,1,1,1,51,61,0,0,,,,,,,0,0,10,0,3,0,0,0,0,0,4,2,35.73115111111111,139.72104027777777,4,3,,,,
1,30,549,21,2,0,1,30000,0,116,2021,3,14,12,37,12,,,,,1,1,1,1,7,9,22,0,23,11,9,30,70,5,2,1,75,75,3,61,31,0,,,,,,,2,0,10,0,4,0,2,0,2,0,4,2,35.73589527777778,139.74795777777777,1,3,,,,
1,30,549,23,2,0,1,30000,0,116,2021,3,6,15,45,12,,,,,1,1,1,14,7,0,23,0,23,2,9,1,70,5,3,1,45,55,3,61,31,0,,,,,,,10,0,40,0,4,0,2,0,2,0,4,2,35.730201111111114,139.73560888888886,7,3,,,,
1,30,550,40,2,0,1,30000,0,116,2021,3,23,12,55,12,,,,,1,1,1,14,7,0,23,0,23,1,9,1,70,5,1,1,65,1,51,61,0,0,,,,,,,0,0,10,0,3,0,0,0,0,0,4,2,35.7289,139.71781944444444,3,3,,,,
1,30,551,45,2,0,1,95000,0,116,2020,12,3,8,20,12,,,,,2,1,1,14,7,0,23,0,23,4,9,1,70,4,2,1,45,65,51,61,0,0,,,,,,,0,0,10,0,4,0,0,0,0,0,4,2,35.72806277777778,139.69807305555557,5,3,,,,
1,30,551,60,2,0,1,30000,0,116,2021,3,24,11,45,12,,,,,1,1,1,14,7,0,23,0,23,3,9,1,70,5,1,1,1,65,51,61,0,0,,,,,,,0,0,10,0,3,0,0,0,0,0,4,2,35.718065,139.71413083333331,4,3,,,,
1,30,552,33,2,0,1,30000,0,117,2021,3,9,15,25,12,,,,,1,1,1,1,1,9,22,0,23,15,9,30,70,5,2,1,35,65,4,61,31,0,,,,,,,2,0,10,0,3,0,2,0,2,0,4,2,35.74500194444445,139.73267083333334,3,3,,,,
1,30,552,35,2,0,1,30000,0,117,2021,3,11,10,43,12,,,,,1,1,1,14,7,0,23,0,23,3,9,1,70,4,2,1,65,45,3,61,1,0,,,,,,,1,0,40,0,4,0,2,0,2,0,4,2,35.743120833333336,139.73418277777776,5,3,,,,
1,30,552,37,2,0,1,10090,0,117,2021,3,14,6,25,11,,,,,1,1,1,14,7,0,23,0,23,4,9,1,70,1,2,1,35,55,51,61,0,0,,,,,,,0,0,10,0,4,0,0,0,0,0,2,4,35.73999027777778,139.72397777777778,1,3,,,,
1,30,552,39,2,0,1,10090,0,117,2021,3,14,20,28,22,,,,,1,1,1,14,7,0,23,0,23,5,9,1,70,1,1,1,55,25,3,61,31,0,,,,,,,4,0,10,0,3,0,2,0,2,0,4,2,35.745983333333335,139.75689916666667,1,3,,,,
1,30,552,45,2,0,1,20000,0,117,2021,3,22,19,4,22,,,,,3,1,2,7,1,0,23,0,23,3,9,1,70,4,1,1,65,1,3,61,1,0,,,,,,,3,0,10,0,3,0,2,0,2,0,4,2,35.73901583333333,139.7623875,2,3,,,,
1,30,552,49,2,0,1,30000,0,117,2021,3,10,18,18,21,,,,,1,1,1,14,7,0,23,0,23,3,9,1,70,4,4,1,25,45,3,61,31,0,,,,,,,10,0,40,0,4,0,2,0,2,0,4,2,35.74290388888889,139.76150305555555,4,3,,,,
1,30,553,36,2,0,1,30000,0,117,2021,3,12,8,0,12,,,,,1,1,1,14,7,0,23,0,23,2,9,1,70,1,1,1,45,1,3,61,1,0,,,,,,,5,0,10,0,3,0,2,0,2,0,4,2,35.75933944444444,139.73380666666665,6,3,,,,
1,30,553,37,2,0,1,20450,0,117,2021,3,18,9,49,12,,,,,1,1,2,1,7,9,22,0,23,14,9,30,70,5,1,1,65,75,14,61,31,0,,,,,,,3,0,10,0,3,0,2,0,2,0,4,2,35.75322805555555,139.73429305555555,5,3,,,,
1,30,553,41,2,0,1,20450,0,117,2021,3,21,9,10,12,,,,,3,1,2,1,1,9,22,0,23,14,9,30,70,4,1,1,45,45,3,61,31,0,,,,,,,3,0,10,0,3,0,2,0,2,0,4,2,35.76213305555556,139.71549638888888,1,3,,,,
1,30,554,34,2,0,1,30000,0,117,2021,3,6,13,5,12,,,,,1,1,1,1,7,1,22,0,23,15,9,30,70,4,1,1,55,75,3,61,31,0,,,,,,,3,0,10,0,4,0,2,0,2,0,4,2,35.77515694444445,139.72347,7,3,,,,
1,30,554,35,2,0,1,30000,0,117,2021,3,11,14,40,12,,,,,1,1,1,14,7,0,23,0,23,5,9,1,70,4,1,1,35,1,51,61,0,0,,,,,,,0,0,10,0,3,0,0,0,0,0,4,2,35.773605555555555,139.70848527777775,5,3,,,,
1,30,554,36,2,0,1,30000,0,117,2021,3,11,17,20,13,,,,,1,1,1,14,7,0,23,0,23,2,9,1,70,5,2,1,45,35,14,61,1,0,,,,,,,10,0,10,0,3,0,2,0,2,0,4,2,35.77804833333333,139.7235625,5,3,,,,
1,30,554,40,2,0,1,30000,0,117,2021,3,20,14,55,12,,,,,2,1,1,14,7,0,23,0,23,1,9,20,70,5,1,1,25,45,51,61,0,0,,,,,,,0,0,20,0,4,0,0,0,0,0,4,2,35.76851166666667,139.70932472222222,7,1,,,,
1,30,554,46,2,0,1,20000,0,117,2021,3,29,14,5,12,,,,,1,1,1,1,7,9,22,0,23,14,9,30,70,4,1,1,35,65,3,61,31,0,,,,,,,3,0,10,0,3,0,2,0,2,0,4,2,35.78212861111111,139.71860777777778,2,3,,,,
1,30,555,60,2,0,1,10160,0,119,2021,3,4,7,35,12,,,,,1,1,1,1,7,9,22,0,23,11,9,30,70,1,1,1,45,25,3,61,31,0,,,,,,,10,0,10,0,4,0,2,0,2,0,4,2,35.74402,139.70798805555555,5,3,,,,
1,30,555,71,2,0,1,30000,0,119,2021,3,22,22,18,22,,,,,2,1,1,14,7,0,23,0,23,3,9,1,70,5,3,1,25,55,51,61,0,0,,,,,,,0,0,10,0,4,0,0,0,0,0,4,2,35.748910555555554,139.70133944444444,2,3,,,,
1,30,555,74,2,0,1,30000,0,119,2021,3,4,15,58,12,,,,,1,1,1,1,7,9,21,0,23,14,9,30,70,5,2,1,35,25,3,61,31,0,,,,,,,1,0,80,0,4,0,2,0,2,0,4,2,35.746700833333335,139.6847177777778,5,3,,,,
1,30,555,75,2,0,1,2540,82,119,2021,3,17,11,0,12,,,,,1,1,1,14,7,0,23,0,23,4,9,1,70,1,2,1,25,35,3,61,31,0,,,,,,,5,0,40,0,3,0,2,0,2,0,4,2,35.75150027777778,139.69349944444446,4,3,,,,
1,30,555,77,2,0,1,30000,0,119,2021,3,6,19,30,22,,,,,1,1,1,14,7,0,23,0,23,2,9,1,70,5,3,1,1,1,14,61,31,0,,,,,,,5,0,80,0,3,0,2,0,2,0,4,2,35.75166388888889,139.68711333333334,7,3,,,,
1,30,555,79,2,0,1,30000,0,119,2021,3,29,16,28,12,,,,,1,1,1,7,7,0,23,0,23,3,9,1,70,5,1,1,55,75,3,61,31,0,,,,,,,10,0,10,0,4,0,2,0,2,0,4,2,35.766061111111114,139.67490166666667,2,3,,,,
1,30,555,81,2,0,1,30000,0,119,2021,3,6,19,37,22,,,,,1,1,1,14,7,0,23,0,23,3,9,1,70,5,3,1,25,45,14,61,1,0,,,,,,,2,0,40,0,3,0,2,0,2,0,4,2,35.74888444444444,139.70172916666667,7,3,,,,
1,30,556,49,2,0,1,30000,0,119,2021,1,30,8,24,12,,,,,1,1,1,14,7,0,23,0,23,3,9,1,70,4,1,1,65,35,51,61,0,0,,,,,,,0,0,40,0,4,0,0,0,0,0,4,2,35.76871361111111,139.70278944444442,7,3,,,,
1,30,556,56,2,0,1,95000,0,119,2021,3,9,17,45,21,,,,,1,1,1,0,7,0,23,0,23,0,0,20,70,0,4,1,65,35,3,61,31,0,,,,,,,10,0,80,0,3,0,2,0,2,0,4,2,35.76684972222222,139.68592305555555,3,3,,,,
1,30,556,62,2,0,1,30000,0,119,2021,3,17,16,35,12,,,,,1,1,1,14,7,0,23,0,23,3,9,1,70,4,3,1,65,75,3,61,1,0,,,,,,,2,0,80,0,3,0,2,0,2,0,4,2,35.790527777777775,139.6800458333333,4,3,,,,
1,30,556,63,2,0,1,95000,0,119,2021,3,17,13,34,12,,,,,1,1,1,0,7,0,23,0,23,0,0,20,70,0,4,1,45,25,14,61,1,0,,,,,,,10,0,30,0,4,0,2,0,2,0,4,2,35.77178833333333,139.67605527777778,4,3,,,,
1,30,557,47,2,0,1,30000,0,120,2021,2,15,21,16,22,,,,,1,1,2,13,7,0,23,0,23,3,6,1,70,4,1,1,1,65,36,61,31,0,,,,,,,2,0,10,0,3,0,0,0,0,0,4,2,35.748131944444445,139.6472886111111,2,3,,,,