資料区分,都道府県コード,警察署等コード,本票番号,事故内容,死者数,負傷者数,路線コード,地点コード,市区町村コード,発生日時　　年,発生日時　　月,発生日時　　日,発生日時　　時,発生日時　　分,昼夜,日の出時刻　　時,日の出時刻　　分,日の入り時刻　　時,日の入り時刻　　分,天候,地形,路面状態,道路形状,信号機,一時停止規制　標識（当事者A）,一時停止規制　表示（当事者A）,一時停止規制　標識（当事者B）,一時停止規制　表示（当事者B）,車道幅員,道路線形,衝突地点,ゾーン規制,中央分離帯施設等,歩車道区分,事故類型,年齢（当事者A）,年齢（当事者B）,当事者種別（当事者A）,当事者種別（当事者B）,用途別（当事者A）,用途別（当事者B）,車両形状等（当事者A）,車両形状等（当事者B）,オートマチック車（当事者A）,オートマチック車（当事者B）,サポカー（当事者A）,サポカー（当事者B）,速度規制（指定のみ）（当事者A）,速度規制（指定のみ）（当事者B）,車両の衝突部位（当事者A）,車両の衝突部位（当事者B）,車両の損壊程度（当事者A）,車両の損壊程度（当事者B）,エアバッグの装備（当事者A）,エアバッグの装備（当事者B）,サイドエアバッグの装備（当事者A）,サイドエアバッグの装備（当事者B）,人身損傷程度（当事者A）,人身損傷程度（当事者B）,lat,lon,曜日(発生年月日),祝日(発生年月日),認知機能検査経過日数（当事者A）,認知機能検査経過日数（当事者B）,運転練習の方法（当事者A）,運転練習の方法（当事者B）
1,30,557,53,2,0,1,30000,0,120,2021,3,4,11,5,12,,,,,1,1,1,1,1,9,22,0,23,15,9,30,70,4,1,1,45,75,3,61,31,0,,,,,,,10,0,10,0,3,0,2,0,2,0,4,2,35.73820055555556,139.65441055555556,5,3,,,,
1,30,557,59,2,0,1,20430,0,120,2021,3,12,10,19,12,,,,,2,1,1,1,1,9,22,0,23,19,9,30,70,4,1,1,45,65,17,61,31,0,,,,,,,10,0,10,0,3,0,2,0,2,0,4,2,35.7375825,139.65604694444445,6,3,,,,
1,30,557,68,2,0,1,30000,0,120,2021,3,26,18,10,21,,,,,1,1,1,1,1,9,22,0,23,15,9,30,70,5,2,1,25,1,35,61,31,0,,,,,,,2,0,10,0,3,0,0,0,0,0,4,2,35.72934444444444,139.65420194444445,6,3,,,,
1,30,557,70,2,0,1,30000,0,120,2021,3,31,9,20,12,,,,,1,1,1,1,7,1,21,0,23,15,8,30,70,5,2,1,55,35,51,61,0,0,,,,,,,0,0,10,0,3,0,0,0,0,0,4,2,35.737829166666664,139.65070166666666,4,3,,,,
1,30,558,52,1,1,0,20000,0,120,2021,3,3,15,40,12,,,,,1,1,1,1,7,9,22,0,23,14,6,30,70,5,2,1,55,75,4,61,31,0,,,,,,,3,0,10,0,2,0,2,0,2,0,4,1,35.76131861111111,139.56868194444445,4,3,,,,
1,30,558,53,2,0,1,30000,0,120,2020,12,25,17,7,21,,,,,1,1,1,1,1,9,22,0,23,14,9,30,70,5,2,1,65,65,4,61,31,0,,,,,,,2,0,10,0,3,0,2,0,2,0,4,2,35.74036777777778,139.5920727777778,6,3,,,,
1,30,558,55,2,0,1,95000,0,120,2021,3,3,9,30,12,,,,,1,1,1,7,1,0,23,0,23,1,9,1,70,5,3,1,65,75,17,61,31,0,,,,,,,2,0,10,0,3,0,2,0,2,0,4,2,35.73243527777778,139.5997025,4,3,,,,
1,30,558,58,2,0,1,30000,0,120,2021,3,3,8,40,12,,,,,1,1,1,7,7,0,23,0,23,1,9,1,70,5,3,1,55,45,35,61,31,0,,,,,,,2,0,10,0,3,0,0,0,0,0,4,2,35.77422638888889,139.59294666666668,4,3,,,,
1,30,558,62,2,0,1,30000,0,120,2021,3,11,8,0,12,,,,,1,1,1,1,1,9,22,0,23,17,9,30,70,4,3,1,35,35,51,61,0,0,,,,,,,0,0,10,0,4,0,0,0,0,0,4,2,35.74122333333334,139.60774972222222,5,3,,,,
1,30,558,64,2,0,1,30000,0,120,2021,3,14,15,50,12,,,,,1,1,1,7,7,0,23,0,23,1,9,1,70,5,4,1,1,55,51,61,0,0,,,,,,,0,0,10,0,3,0,0,0,0,0,4,2,35.72102138888889,139.57497916666665,1,3,,,,
1,30,558,74,2,0,1,30000,0,120,2021,3,25,15,0,12,,,,,2,1,1,1,7,9,22,0,23,14,9,30,70,5,3,1,25,65,3,61,31,0,,,,,,,2,0,30,0,4,0,2,0,2,0,4,2,35.750793055555555,139.5855402777778,5,3,,,,
1,30,558,77,2,0,1,30000,0,120,2021,3,30,9,25,12,,,,,2,1,1,1,7,9,22,0,23,15,9,30,70,5,3,1,45,25,3,61,31,0,,,,,,,10,0,40,0,4,0,2,0,2,0,4,2,35.726642222222225,139.58865444444444,3,3,,,,
1,30,558,78,2,0,1,10330,0,120,2021,3,30,13,32,12,,,,,2,1,1,7,7,0,23,0,23,1,9,1,70,5,1,1,55,65,3,61,31,0,,,,,,,2,0,10,0,3,0,2,0,2,0,4,2,35.751218888888886,139.58510055555556,3,3,,,,
1,30,559,35,2,0,1,30000,0,119,2021,3,17,16,55,13,,,,,1,1,1,1,1,9,22,0,23,11,9,30,70,5,3,1,65,65,14,61,1,0,,,,,,,2,0,40,0,3,0,2,0,2,0,4,2,35.77519,139.6313986111111,4,3,,,,
1,30,559,37,2,0,1,30000,0,119,2021,3,20,14,25,12,,,,,2,1,1,1,7,9,22,0,23,15,9,30,70,5,4,1,25,45,3,61,31,0,,,,,,,2,0,10,0,4,0,2,0,2,0,4,2,35.79607,139.64296277777777,7,1,,,,
1,30,560,60,1,1,0,10010,0,120,2021,3,20,1,20,22,,,,,1,1,1,14,7,0,23,0,23,6,9,1,70,1,2,1,45,1,14,61,1,0,,,,,,,4,0,10,0,3,0,2,0,2,0,4,1,35.75516777777778,139.60581472222222,7,1,,,,
1,30,560,62,2,0,1,30000,0,120,2020,12,20,18,40,22,,,,,1,1,1,14,7,0,23,0,23,4,9,1,70,4,1,1,75,55,3,61,31,0,,,,,,,3,0,40,0,4,0,2,0,2,0,4,2,35.762375,139.61185194444442,1,3,,,,
1,30,560,65,2,0,1,30000,0,120,2021,3,5,19,5,22,,,,,3,1,2,14,7,0,23,0,23,3,9,1,70,5,2,1,55,1,35,61,31,0,,,,,,,10,0,10,0,3,0,0,0,0,0,4,2,35.740204722222224,139.61576444444444,6,3,,,,
1,30,560,77,2,0,1,95000,0,120,2021,3,16,7,30,12,,,,,1,1,1,14,7,0,23,0,23,3,9,1,70,5,3,1,1,35,3,61,31,0,,,,,,,2,0,40,0,3,0,2,0,2,0,4,2,35.76846416666667,139.65897916666668,3,3,,,,
1,30,560,82,2,0,1,10320,0,120,2021,2,16,7,45,12,,,,,1,1,1,1,7,1,22,0,23,11,9,30,70,4,2,1,1,1,34,61,31,0,,,,,,,2,0,10,0,3,0,0,0,0,0,4,2,35.747032777777775,139.61264777777777,3,3,,,,
1,30,560,83,2,0,1,30000,0,120,2021,3,26,16,30,12,,,,,1,1,1,14,7,0,23,0,23,2,9,20,70,5,3,1,35,45,13,61,31,0,,,,,,,10,0,30,0,3,0,2,0,2,0,4,2,35.75448111111111,139.6067625,6,3,,,,
1,30,660,24,2,0,1,40,26,106,2021,3,5,17,8,13,,,,,3,1,1,1,1,9,22,0,23,17,9,30,70,1,2,1,25,65,4,61,31,0,,,,,,,10,0,80,0,4,0,2,0,2,0,4,2,35.70576638888889,139.77617916666668,6,3,,,,
1,30,660,27,2,0,1,30000,0,106,2021,3,1,9,6,12,,,,,1,1,1,14,7,0,23,0,23,3,9,1,70,5,3,1,35,45,14,61,31,0,,,,,,,10,0,40,0,3,0,2,0,2,0,4,2,35.71067388888889,139.78002444444445,2,3,,,,
1,30,661,21,2,0,1,30000,0,106,2021,3,29,10,27,12,,,,,1,1,1,1,1,9,22,0,23,14,9,30,70,5,2,1,65,75,3,61,1,0,,,,,,,1,0,10,0,3,0,2,0,2,0,4,2,35.723532500000005,139.76910472222224,2,3,,,,
1,30,662,24,2,0,1,30000,0,106,2021,3,2,15,50,12,,,,,3,1,2,7,1,0,23,0,23,6,9,1,70,5,1,1,55,55,51,61,0,0,,,,,,,0,0,10,0,3,0,0,0,0,0,4,2,35.719681111111115,139.79527305555555,3,3,,,,
1,30,662,28,2,0,1,60,41,106,2021,3,22,10,0,12,,,,,2,1,1,1,1,9,22,0,23,18,9,30,70,4,2,1,25,65,51,61,0,0,,,,,,,0,0,40,0,3,0,0,0,0,0,4,2,35.71227527777778,139.79907972222222,2,3,,,,
1,30,663,35,2,0,1,20560,0,106,2021,3,5,10,40,12,,,,,1,1,1,14,7,0,23,0,23,6,9,1,70,1,2,1,25,75,51,61,0,0,,,,,,,0,0,40,0,4,0,0,0,0,0,4,2,35.71345083333333,139.7922027777778,6,3,,,,
1,30,663,36,2,0,2,30000,0,106,2021,3,30,18,35,21,,,,,2,1,1,1,1,9,22,0,23,14,9,30,70,5,2,1,25,65,51,61,0,0,,,,,,,0,0,10,0,3,0,0,0,0,0,2,2,35.69762111111111,139.78290333333334,3,3,,,,
1,30,664,27,2,0,1,21060,0,118,2021,3,10,13,30,12,,,,,1,1,1,14,7,0,23,0,23,3,9,1,70,5,3,1,65,75,17,61,31,0,,,,,,,2,0,10,0,3,0,2,0,2,0,4,2,35.750996388888886,139.75245416666667,4,3,,,,
1,30,665,14,2,0,1,20550,0,118,2021,3,5,18,38,21,,,,,3,1,2,1,7,1,22,0,23,17,9,30,70,4,2,1,45,25,14,61,31,0,,,,,,,10,0,10,0,4,0,2,0,2,0,4,2,35.73586138888889,139.79717722222222,6,3,,,,
1,30,665,15,2,0,1,30000,0,118,2021,3,14,16,16,12,,,,,1,1,1,14,7,0,23,0,23,2,9,1,70,5,3,1,55,65,3,61,31,0,,,,,,,10,0,10,0,4,0,2,0,2,0,4,2,35.73592138888889,139.7986647222222,1,3,,,,
1,30,665,21,2,0,1,95000,0,118,2021,3,27,13,45,12,,,,,1,1,1,14,7,0,23,0,23,2,9,1,70,5,2,1,35,1,51,61,0,0,,,,,,,0,0,40,0,4,0,0,0,0,0,4,2,35.73515277777778,139.8119438888889,7,3,,,,
1,30,666,14,2,0,1,10090,0,118,2021,3,3,16,45,13,,,,,1,1,1,14,7,0,23,0,23,6,9,1,70,1,1,1,25,75,51,61,0,0,,,,,,,0,0,10,0,3,0,0,0,0,0,4,2,35.73514166666667,139.78354944444445,4,3,,,,
1,30,666,16,2,0,1,10710,0,118,2021,3,13,15,10,12,,,,,3,1,2,1,1,9,22,0,23,14,9,30,70,1,2,1,55,1,13,61,1,0,,,,,,,5,0,10,0,4,0,2,0,2,0,4,2,35.726351111111114,139.77522583333334,7,3,,,,
1,30,666,17,2,0,1,30000,0,118,2021,2,25,19,35,22,,,,,1,1,1,1,1,9,22,0,23,11,9,30,70,4,1,1,1,45,51,61,0,0,,,,,,,0,0,10,0,3,0,0,0,0,0,4,2,35.728657500000004,139.77582444444445,5,3,,,,
1,30,666,19,2,0,1,10340,0,118,2021,2,27,16,20,12,,,,,1,1,1,1,1,9,22,0,23,14,9,30,70,4,2,1,45,75,51,61,0,0,,,,,,,0,0,10,0,3,0,0,0,0,0,4,2,35.74783472222222,139.78385777777777,7,3,,,,
1,30,668,128,2,0,1,40,111,121,2021,3,23,19,55,22,,,,,1,1,1,1,1,9,22,0,23,17,9,30,70,1,1,1,35,55,3,61,31,0,,,,,,,5,0,10,0,3,0,2,0,2,0,4,2,35.77697888888889,139.80327805555558,3,3,,,,
1,30,668,130,2,0,1,30000,0,121,2021,3,25,18,32,21,,,,,2,1,1,1,7,9,22,0,23,15,9,30,70,4,2,1,45,1,13,61,31,0,,,,,,,3,0,10,0,3,0,2,0,2,0,4,2,35.78289361111111,139.77185888888891,5,3,,,,
1,30,668,144,2,0,1,30000,0,121,2021,3,27,13,50,12,,,,,1,1,1,7,7,0,23,0,23,2,9,1,70,5,2,1,45,45,51,61,0,0,,,,,,,0,0,20,0,4,0,0,0,0,0,4,2,35.778215833333334,139.7889538888889,7,3,,,,
1,30,669,109,2,0,1,30000,0,121,2021,3,19,16,20,12,,,,,1,1,1,14,7,0,23,0,23,2,9,1,70,5,1,1,25,65,3,61,31,0,,,,,,,1,0,30,0,4,0,2,0,2,0,4,2,35.78601527777778,139.82207944444443,6,2,,,,
1,30,669,113,2,0,2,30000,0,121,2021,3,22,19,20,22,,,,,3,1,2,1,7,9,22,0,23,14,9,30,70,4,2,1,45,55,35,61,31,0,,,,,,,2,0,20,0,3,0,0,0,0,0,2,2,35.77059305555555,139.8489127777778,2,3,,,,
1,30,669,118,2,0,1,10400,0,121,2021,3,24,14,45,12,,,,,1,1,1,1,1,9,22,0,23,15,9,30,70,4,2,1,75,65,3,61,31,0,,,,,,,2,0,20,0,4,0,2,0,2,0,4,2,35.763442222222224,139.8132975,4,3,,,,
1,30,669,119,2,0,1,20000,0,121,2021,3,22,15,55,12,,,,,2,1,1,14,7,0,23,0,23,2,9,1,70,5,3,1,75,1,3,61,31,0,,,,,,,2,0,20,0,3,0,2,0,2,0,4,2,35.79356305555555,139.8332286111111,2,3,,,,
1,30,670,58,2,0,1,30410,0,121,2020,10,28,15,35,12,,,,,1,1,1,14,7,0,23,0,23,3,9,1,70,4,2,1,1,0,61,0,0,0,,,,,,,0,0,0,0,0,0,0,0,0,0,2,0,35.79361027777777,139.7900325,4,3,,,,
1,30,670,68,2,0,1,30000,0,121,2021,3,5,17,55,21,,,,,3,1,2,14,7,0,23,0,23,3,9,1,70,4,1,1,65,55,35,61,31,0,,,,,,,2,0,10,0,3,0,0,0,0,0,4,2,35.789944166666665,139.79046694444443,6,3,,,,
1,30,670,81,2,0,1,10710,0,121,2021,3,12,15,30,12,,,,,1,1,1,14,7,0,23,0,23,1,9,1,70,4,1,1,1,75,51,61,0,0,,,,,,,0,0,10,0,4,0,0,0,0,0,4,2,35.811635555555554,139.77005916666667,6,3,,,,
1,30,670,90,2,0,1,30000,0,121,2021,2,26,18,10,21,,,,,1,1,1,1,7,9,22,0,23,14,9,30,70,5,1,1,45,75,4,61,31,0,,,,,,,2,0,10,0,3,0,2,0,2,0,4,2,35.801339166666665,139.78285444444447,6,3,,,,
1,30,771,70,2,0,1,10040,0,108,2021,3,1,20,5,22,,,,,2,1,1,14,7,0,23,0,23,6,9,1,70,3,1,1,55,75,14,61,1,0,,,,,,,4,0,10,0,3,0,2,0,2,0,4,2,35.67314333333333,139.79337555555554,2,3,,,,
1,30,771,82,2,0,1,30000,0,108,2021,3,15,17,5,13,,,,,1,1,1,14,7,0,23,0,23,1,9,1,70,5,4,1,65,75,3,61,31,0,,,,,,,10,0,10,0,1,0,2,0,2,0,4,2,35.67489333333333,139.7988511111111,2,3,,,,
1,30,771,87,2,0,1,30000,0,108,2021,3,17,17,55,21,,,,,1,1,1,1,7,9,22,0,23,11,9,30,70,4,1,1,55,1,3,61,31,0,,,,,,,3,0,10,0,4,0,2,0,2,0,4,2,35.65348972222222,139.799165,4,3,,,,
1,30,771,88,2,0,1,10370,0,108,2021,3,2,16,40,13,,,,,3,1,2,1,1,9,22,0,23,18,9,30,70,4,2,1,45,1,14,61,31,0,,,,,,,5,0,20,0,3,0,2,0,2,0,4,2,35.66927083333333,139.8058413888889,3,3,,,,
1,30,771,93,2,0,1,30000,0,108,2021,3,22,16,53,12,,,,,2,1,1,1,1,9,22,0,23,11,9,30,70,4,2,1,35,25,51,61,0,0,,,,,,,0,0,30,0,3,0,0,0,0,0,4,2,35.67221555555555,139.81960388888888,2,3,,,,
1,30,771,97,2,0,1,10020,0,108,2021,3,29,16,50,12,,,,,1,1,1,7,1,0,23,0,23,3,9,1,70,1,2,1,35,65,3,61,31,0,,,,,,,5,0,10,0,3,0,2,0,2,0,4,2,35.65586861111111,139.79512333333332,2,3,,,,
1,30,771,102,2,0,1,30000,0,108,2021,3,26,10,15,12,,,,,1,1,1,1,1,9,22,0,23,15,9,30,70,4,2,1,75,65,13,61,31,0,,,,,,,3,0,10,0,3,0,2,0,2,0,4,2,35.68593555555555,139.80869444444446,6,3,,,,
1,30,771,107,2,0,1,30000,0,108,2021,2,18,20,5,22,,,,,1,1,1,14,7,0,23,0,23,3,9,1,70,4,1,1,55,1,36,61,31,0,,,,,,,10,0,10,0,3,0,0,0,0,0,4,2,35.65780916666667,139.7959713888889,5,3,,,,
1,30,772,42,2,0,1,30000,0,108,2020,12,25,5,55,23,,,,,2,1,1,1,1,9,22,0,23,15,9,30,70,4,2,1,45,75,13,61,31,0,,,,,,,5,0,10,0,3,0,2,0,2,0,4,2,35.69808777777777,139.8196172222222,6,3,,,,
1,30,772,43,2,0,1,30000,0,108,2021,1,25,10,23,12,,,,,1,1,1,1,7,9,22,0,23,11,9,30,70,5,1,1,45,45,3,61,1,0,,,,,,,10,0,20,0,4,0,2,0,2,0,4,2,35.69817888888888,139.82608194444444,2,3,,,,
1,30,772,52,2,0,1,30000,0,108,2021,3,2,16,35,12,,,,,3,1,2,1,7,1,21,0,23,11,9,30,70,4,2,1,1,45,14,61,1,0,,,,,,,2,0,10,0,4,0,2,0,2,0,4,2,35.69835138888889,139.84277277777778,3,3,,,,
1,30,772,56,2,0,1,30000,0,108,2021,3,15,5,15,23,,,,,1,1,1,14,7,0,23,0,23,1,9,1,70,5,1,1,65,1,51,61,0,0,,,,,,,0,0,10,0,3,0,0,0,0,0,4,2,35.695811111111105,139.8197497222222,2,3,,,,
1,30,772,58,2,0,1,20650,0,108,2021,3,22,11,35,12,,,,,1,1,1,1,1,9,22,0,23,19,9,30,70,1,1,1,45,55,3,61,31,0,,,,,,,10,0,80,0,3,0,2,0,2,0,4,2,35.684510555555555,139.83621833333333,2,3,,,,
1,30,772,64,2,0,1,99000,0,108,2021,3,25,8,55,12,,,,,1,1,1,0,7,0,23,0,23,0,0,20,70,0,4,1,35,1,51,61,0,0,,,,,,,0,0,20,0,3,0,0,0,0,0,4,2,35.674833888888884,139.83307555555555,5,3,,,,
1,30,773,54,2,0,1,10370,0,107,2021,3,21,1,25,22,,,,,3,1,2,1,1,9,22,0,23,15,9,30,70,4,2,1,25,45,4,61,31,0,,,,,,,4,0,10,0,3,0,2,0,2,0,4,2,35.700791111111116,139.8048838888889,1,3,,,,
1,30,774,30,2,0,1,30000,0,107,2021,3,18,8,0,12,,,,,1,1,1,1,7,1,22,0,23,14,9,30,70,5,2,1,75,45,36,61,31,0,,,,,,,10,0,10,0,4,0,0,0,0,0,4,2,35.717061111111114,139.822625,5,3,,,,
1,30,775,82,2,0,1,30000,0,122,2021,1,26,6,50,11,,,,,1,1,1,14,7,0,23,0,23,2,9,1,70,4,3,1,35,75,13,61,31,0,,,,,,,2,0,40,0,4,0,2,0,2,0,4,2,35.762143888888886,139.87131666666667,3,3,,,,
1,30,775,90,2,0,1,30000,0,122,2021,2,6,17,20,21,,,,,1,1,1,14,7,0,23,0,23,3,9,1,70,4,2,1,75,75,14,61,31,0,,,,,,,5,0,10,0,3,0,2,0,2,0,4,2,35.76248833333333,139.85997166666667,7,3,,,,
1,30,775,104,2,0,1,60,131,122,2021,3,22,20,35,22,,,,,3,1,2,1,1,9,22,0,23,17,9,30,70,4,1,1,45,1,35,61,31,0,,,,,,,5,0,10,0,4,0,0,0,0,0,4,2,35.76493861111111,139.86747277777778,2,3,,,,
1,30,776,48,2,0,1,30000,0,122,2020,12,19,12,45,12,,,,,2,1,1,14,7,0,23,0,23,3,9,1,70,5,2,1,55,45,13,61,31,0,,,,,,,5,0,40,0,3,0,2,0,2,0,4,2,35.73227444444445,139.84595833333336,7,3,,,,
1,30,777,101,2,0,1,95000,0,123,2021,3,1,7,0,11,,,,,1,1,1,14,7,0,23,0,23,2,9,1,70,4,2,1,65,65,4,61,31,0,,,,,,,2,0,10,0,3,0,2,0,2,0,4,2,35.686924999999995,139.89865138888888,2,3,,,,
1,30,777,124,2,0,1,30000,0,123,2021,3,12,23,0,22,,,,,3,1,2,1,7,9,22,0,23,14,9,30,70,4,3,1,1,1,14,61,31,0,,,,,,,2,0,80,0,3,0,2,0,2,0,4,2,35.70699166666667,139.86569305555554,6,3,,,,
1,30,777,129,2,0,1,30000,0,123,2021,3,15,13,20,12,,,,,1,1,1,14,7,0,23,0,23,2,9,1,70,5,2,1,25,65,13,61,31,0,,,,,,,2,0,0,0,4,0,2,0,2,0,4,2,35.69141833333333,139.86166444444444,2,3,,,,
1,30,777,130,2,0,2,10290,0,123,2021,3,16,20,25,22,,,,,1,1,1,14,7,0,23,0,23,2,9,1,70,4,2,1,35,25,51,61,0,0,,,,,,,0,0,40,0,3,0,0,0,0,0,2,2,35.70452388888889,139.83780166666668,3,3,,,,
1,30,777,133,2,0,1,30000,0,123,2021,3,17,12,30,12,,,,,1,1,1,14,7,0,23,0,23,3,9,1,70,5,3,1,65,75,51,61,0,0,,,,,,,0,0,10,0,3,0,0,0,0,0,4,2,35.70413305555556,139.84574111111112,4,3,,,,
1,30,777,136,2,0,1,30000,0,123,2021,3,19,17,14,13,,,,,1,1,1,14,7,0,23,0,23,3,9,1,70,4,2,1,45,1,4,61,31,0,,,,,,,2,0,10,0,3,0,2,0,2,0,4,2,35.700386111111115,139.89266833333332,6,2,,,,
1,30,777,145,2,0,1,95000,0,123,2021,3,24,9,35,12,,,,,1,1,1,1,7,9,22,0,23,11,9,30,70,4,3,1,25,35,13,61,31,0,,,,,,,2,0,10,0,3,0,2,0,2,0,4,2,35.69388583333333,139.9005627777778,4,3,,,,
1,30,777,146,2,0,1,140,100,123,2021,3,25,14,10,12,,,,,3,1,2,1,1,9,22,0,23,18,9,30,70,6,2,1,45,75,3,61,1,0,,,,,,,4,0,10,0,3,0,2,0,2,0,4,2,35.70305555555556,139.8733975,5,3,,,,
1,30,778,39,2,0,1,30000,0,123,2021,3,8,8,35,12,,,,,3,1,2,14,7,0,23,0,23,4,9,1,70,5,2,1,55,45,3,61,1,0,,,,,,,10,0,10,0,4,0,2,0,2,0,4,2,35.732687222222225,139.88204583333334,2,3,,,,
1,30,778,43,2,0,1,141,0,123,2021,3,15,8,1,12,,,,,1,1,1,1,1,9,22,0,23,14,9,30,70,4,2,1,65,35,4,61,31,0,,,,,,,2,0,10,0,4,0,2,0,2,0,4,2,35.73442055555556,139.8934747222222,2,3,,,,
1,30,778,44,2,0,1,10380,0,123,2021,3,15,16,30,12,,,,,1,1,1,14,7,0,23,0,23,3,9,20,70,4,2,1,25,75,51,61,0,0,,,,,,,0,0,10,0,3,0,0,0,0,0,4,2,35.715607777777784,139.89242055555556,2,3,,,,
1,30,778,45,2,0,1,30000,0,123,2021,3,15,17,7,13,,,,,1,1,1,14,7,0,23,0,23,3,9,20,70,4,2,1,45,65,51,61,0,0,,,,,,,0,0,10,0,3,0,0,0,0,0,4,2,35.72709944444445,139.88213944444445,2,3,,,,
1,30,778,48,2,0,1,30000,0,123,2021,3,18,18,15,21,,,,,1,1,1,14,7,0,23,0,23,2,9,1,70,5,3,1,1,0,61,0,0,0,,,,,,,0,0,0,0,0,0,0,0,0,0,2,0,35.731970277777776,139.8792302777778,5,3,,,,
1,30,778,50,2,0,1,10380,0,123,2021,3,21,11,40,12,,,,,3,1,2,14,7,0,23,0,23,1,9,20,70,4,2,1,55,55,3,61,31,0,,,,,,,4,0,10,0,3,0,2,0,2,0,4,2,35.72069722222223,139.89047083333332,1,3,,,,
1,30,778,54,2,0,1,141,0,123,2021,1,5,16,18,13,,,,,1,1,1,1,7,1,21,0,23,17,9,30,70,1,2,1,45,75,3,61,31,0,,,,,,,10,0,10,0,3,0,2,0,2,0,4,2,35.73517777777778,139.89636472222222,3,3,,,,
1,30,779,56,2,0,1,30000,0,123,2021,2,25,13,10,12,,,,,1,1,1,14,7,0,23,0,23,3,9,1,70,5,3,1,45,75,3,61,31,0,,,,,,,2,0,30,0,4,0,2,0,2,0,4,2,35.663870833333334,139.86289777777776,5,3,,,,
1,30,779,59,2,0,1,30000,0,123,2021,3,10,5,10,23,,,,,2,1,1,1,1,9,22,0,23,15,8,30,70,5,2,1,55,75,14,61,1,0,,,,,,,2,0,50,0,3,0,2,0,2,0,4,2,35.67688861111111,139.86631555555556,4,3,,,,
1,30,779,65,2,0,2,30000,0,123,2021,3,16,18,15,21,,,,,2,1,1,13,7,0,23,0,23,3,3,1,70,5,2,1,75,35,4,61,31,0,,,,,,,10,0,10,0,2,0,2,0,2,0,4,2,35.6456,139.87200805555557,3,3,,,,
1,30,779,71,2,0,1,30000,0,123,2021,3,23,16,14,12,,,,,1,1,1,14,7,0,23,0,23,3,9,1,70,4,2,1,65,1,3,61,31,0,,,,,,,2,0,10,0,3,0,2,0,2,0,4,2,35.65676638888889,139.86314916666666,3,3,,,,
1,30,779,78,2,0,1,10390,0,123,2021,3,15,17,20,13,,,,,1,1,1,7,7,0,23,0,23,3,9,1,70,4,2,1,55,55,51,61,0,0,,,,,,,0,0,0,0,4,0,0,0,0,0,4,2,35.68281111111111,139.86336111111112,2,3,,,,
1,30,779,79,2,0,1,30000,0,123,2021,3,29,11,0,12,,,,,1,1,1,14,1,0,23,0,23,3,9,1,70,4,2,1,75,75,3,61,31,0,,,,,,,3,0,10,0,3,0,2,0,2,0,4,2,35.66659722222222,139.85939916666666,2,3,,,,
1,30,876,75,2,0,1,30000,0,209,2020,12,29,11,0,12,,,,,2,1,1,14,7,0,23,0,23,3,9,1,70,5,3,1,45,1,14,61,1,0,,,,,,,10,0,10,0,4,0,2,0,2,0,4,2,35.59939416666667,139.3722111111111,3,3,,,,
1,30,876,83,2,0,1,30820,0,209,2021,2,7,20,9,22,,,,,1,1,1,1,1,9,22,0,23,14,9,30,70,1,2,1,1,35,4,61,31,0,,,,,,,3,0,50,0,3,0,2,0,2,0,4,2,35.60302055555556,139.3660775,1,3,,,,
1,30,876,84,2,0,1,10490,0,209,2021,2,15,8,45,12,,,,,3,2,2,14,7,0,23,0,23,4,9,1,70,4,2,1,65,75,4,61,31,0,,,,,,,3,0,10,0,3,0,2,0,2,0,4,2,35.604485000000004,139.33069416666666,2,3,,,,
1,30,876,95,2,0,2,10480,0,201,2021,3,6,2,10,22,,,,,1,1,2,14,7,0,23,0,23,3,9,1,70,1,1,1,25,35,11,61,31,0,,,,,,,4,0,40,0,3,0,2,0,2,0,4,2,35.63515694444445,139.41029444444445,7,3,,,,
1,30,876,97,2,0,1,30000,0,201,2021,3,7,5,25,23,,,,,2,1,1,1,7,1,22,0,23,14,9,30,70,4,2,1,75,75,3,61,31,0,,,,,,,3,0,10,0,3,0,2,0,2,0,4,2,35.62823111111111,139.3533527777778,1,3,,,,
1,30,876,108,2,0,1,161,0,201,2021,3,21,6,25,11,,,,,3,1,2,1,1,9,22,0,23,18,9,30,70,1,2,1,35,65,3,61,31,0,,,,,,,5,0,10,0,3,0,2,0,2,0,4,2,35.64703222222222,139.3524436111111,1,3,,,,
1,30,876,113,2,0,1,30000,0,201,2021,3,22,15,55,12,,,,,3,1,2,1,7,9,22,0,23,14,9,30,70,4,2,1,55,1,17,61,31,0,,,,,,,3,0,10,0,3,0,2,0,2,0,4,2,35.642672777777776,139.3316525,2,3,,,,
1,30,876,119,2,0,1,30000,0,209,2021,3,20,16,35,12,,,,,1,1,1,14,7,0,23,0,23,2,9,1,70,5,4,1,25,0,61,0,0,0,,,,,,,0,0,0,0,0,0,0,0,0,0,2,0,35.605737222222224,139.33266166666667,7,1,,,,
1,30,876,122,2,0,1,95000,0,201,2021,3,15,16,10,12,,,,,1,1,1,0,7,0,23,0,23,0,0,20,70,0,4,1,45,65,3,61,31,0,,,,,,,10,0,30,0,4,0,2,0,2,0,4,2,35.647867222222224,139.35933777777777,2,3,,,,
1,30,876,123,2,0,1,20770,0,201,2021,3,31,13,0,12,,,,,1,1,1,1,7,9,22,0,23,11,9,30,70,4,2,1,1,45,51,61,0,0,,,,,,,0,0,10,0,3,0,0,0,0,0,4,2,35.64313361111111,139.33572111111113,4,3,,,,