資料区分,都道府県コード,警察署等コード,本票番号,事故内容,死者数,負傷者数,路線コード,地点コード,市区町村コード,発生日時　　年,発生日時　　月,発生日時　　日,発生日時　　時,発生日時　　分,昼夜,日の出時刻　　時,日の出時刻　　分,日の入り時刻　　時,日の入り時刻　　分,天候,地形,路面状態,道路形状,信号機,一時停止規制　標識（当事者A）,一時停止規制　表示（当事者A）,一時停止規制　標識（当事者B）,一時停止規制　表示（当事者B）,車道幅員,道路線形,衝突地点,ゾーン規制,中央分離帯施設等,歩車道区分,事故類型,年齢（当事者A）,年齢（当事者B）,当事者種別（当事者A）,当事者種別（当事者B）,用途別（当事者A）,用途別（当事者B）,車両形状等（当事者A）,車両形状等（当事者B）,オートマチック車（当事者A）,オートマチック車（当事者B）,サポカー（当事者A）,サポカー（当事者B）,速度規制（指定のみ）（当事者A）,速度規制（指定のみ）（当事者B）,車両の衝突部位（当事者A）,車両の衝突部位（当事者B）,車両の損壊程度（当事者A）,車両の損壊程度（当事者B）,エアバッグの装備（当事者A）,エアバッグの装備（当事者B）,サイドエアバッグの装備（当事者A）,サイドエアバッグの装備（当事者B）,人身損傷程度（当事者A）,人身損傷程度（当事者B）,lat,lon,曜日(発生年月日),祝日(発生年月日),認知機能検査経過日数（当事者A）,認知機能検査経過日数（当事者B）,運転練習の方法（当事者A）,運転練習の方法（当事者B）
1,30,877,55,2,0,1,20000,0,201,2021,2,12,15,25,12,,,,,1,1,1,1,1,9,22,0,23,15,9,30,70,5,2,1,55,55,3,61,31,0,,,,,,,2,0,10,0,4,0,2,0,2,0,4,2,35.64494305555556,139.2949088888889,6,3,,,,
1,30,877,57,2,0,1,20730,0,201,2021,3,2,18,0,21,,,,,3,2,3,1,7,9,22,0,23,15,3,30,70,4,2,1,25,65,4,61,31,0,,,,,,,3,0,50,0,3,0,2,0,2,0,4,2,35.67257444444444,139.2617038888889,3,3,,,,
1,30,877,60,2,0,1,30000,0,201,2021,3,9,18,20,21,,,,,2,3,1,7,7,0,23,0,23,4,9,1,70,5,3,1,75,45,3,61,31,0,,,,,,,2,0,40,0,3,0,2,0,2,0,4,2,35.65105888888889,139.30244833333333,3,3,,,,
1,30,877,67,2,0,1,30000,0,201,2021,3,18,13,35,12,,,,,1,1,1,14,7,0,23,0,23,3,9,1,70,5,3,1,1,55,36,61,31,0,,,,,,,10,0,10,0,4,0,0,0,0,0,4,2,35.653480555555554,139.30324972222223,5,3,,,,
1,30,877,72,2,0,1,30000,0,201,2021,3,23,7,10,12,,,,,1,2,1,1,7,1,21,0,23,15,9,30,70,4,2,1,45,45,3,61,31,0,,,,,,,3,0,20,0,2,0,2,0,2,0,4,2,35.65416722222222,139.28405194444446,3,3,,,,
1,30,878,98,2,0,1,10610,0,225,2021,3,8,18,10,21,,,,,2,1,1,1,1,9,22,0,23,15,9,30,70,1,2,1,55,45,3,61,31,0,,,,,,,3,0,10,0,3,0,2,0,2,0,4,2,35.63775944444444,139.49828194444444,2,3,,,,
1,30,878,112,2,0,1,30000,0,224,2021,3,23,8,25,12,,,,,1,2,1,1,7,1,22,0,23,15,8,30,1,5,3,1,75,25,13,61,31,0,,,,,,,10,0,40,0,3,0,2,0,2,0,4,2,35.63514472222222,139.45056583333331,3,3,,,,
1,30,878,115,2,0,1,30000,0,224,2021,3,15,19,2,22,,,,,1,2,1,1,1,9,22,0,23,15,9,30,70,4,2,1,65,45,4,61,31,0,,,,,,,4,0,10,0,3,0,2,0,2,0,4,2,35.63560638888889,139.4361013888889,2,3,,,,
1,30,879,102,2,0,1,30000,0,220,2021,3,7,16,40,12,,,,,2,2,1,14,7,0,23,0,23,3,9,20,70,4,2,1,55,0,61,0,0,0,,,,,,,0,0,0,0,0,0,0,0,0,0,2,0,35.73488666666667,139.4301761111111,1,3,,,,
1,30,879,109,2,0,1,95000,0,220,2021,3,11,14,30,12,,,,,1,1,2,0,7,0,23,0,23,0,0,20,70,0,4,1,45,75,3,61,31,0,,,,,,,5,0,30,0,3,0,2,0,2,0,4,2,35.75211861111111,139.42727305555556,5,3,,,,
1,30,879,124,2,0,1,10240,0,220,2021,3,22,12,35,12,,,,,2,1,1,14,7,0,23,0,23,5,9,1,70,4,2,1,35,45,3,61,31,0,,,,,,,3,0,50,0,3,0,2,0,2,0,4,2,35.733628333333336,139.43531916666666,2,3,,,,
1,30,879,126,2,0,1,30000,0,223,2021,3,15,8,10,12,,,,,1,1,1,14,7,0,23,0,23,2,9,1,70,5,3,1,45,25,3,61,31,0,,,,,,,2,0,40,0,3,0,2,0,2,0,4,2,35.73572,139.40369305555555,2,3,,,,
1,30,879,129,2,0,1,30000,0,220,2021,3,21,20,5,22,,,,,3,1,2,14,7,0,23,0,23,3,8,1,70,5,4,1,1,45,36,61,31,0,,,,,,,10,0,10,0,3,0,0,0,0,0,4,2,35.75589027777778,139.42929777777778,1,3,,,,
1,30,879,132,2,0,1,30000,0,223,2021,3,26,11,5,12,,,,,1,2,1,1,7,9,22,0,23,15,9,30,70,5,3,1,1,65,51,61,0,0,,,,,,,0,0,10,0,4,0,0,0,0,0,4,2,35.73707972222223,139.4012461111111,6,3,,,,
1,30,880,62,2,0,1,30000,0,205,2021,3,21,20,10,22,,,,,3,1,2,1,1,9,22,0,23,11,9,30,70,4,2,1,45,45,3,61,31,0,,,,,,,3,0,10,0,3,0,2,0,2,0,4,2,35.78599444444444,139.28358777777777,1,3,,,,
1,30,880,63,2,0,1,30000,0,205,2021,3,15,11,20,12,,,,,1,2,1,14,7,0,23,0,23,1,9,1,70,4,2,1,25,25,4,61,31,0,,,,,,,4,0,20,0,3,0,2,0,2,0,4,2,35.796710555555556,139.29748944444444,2,3,,,,
1,30,880,70,2,0,1,99000,0,205,2021,3,31,12,45,12,,,,,1,2,1,0,7,0,23,0,23,0,0,20,70,0,4,1,75,75,3,61,31,0,,,,,,,10,0,30,0,3,0,2,0,2,0,4,2,35.79106222222222,139.28118444444445,4,3,,,,
1,30,881,23,1,1,0,10470,0,228,2021,3,1,21,35,22,,,,,1,3,1,7,7,0,23,0,23,3,6,1,70,4,2,1,25,75,14,61,1,0,,,,,,,3,0,10,0,2,0,2,0,2,0,4,1,35.730407222222226,139.20110944444443,2,3,,,,
1,30,881,33,2,0,1,10260,0,228,2021,3,22,15,28,12,,,,,3,2,2,7,1,0,23,0,23,4,9,1,70,4,2,1,65,75,14,61,31,0,,,,,,,3,0,10,0,3,0,2,0,2,0,4,2,35.72932055555556,139.23539444444444,2,3,,,,
1,30,882,82,2,0,1,10550,0,227,2021,3,1,8,30,12,,,,,1,1,1,1,1,9,22,0,23,14,9,30,70,4,2,1,75,75,3,61,31,0,,,,,,,3,0,10,0,4,0,2,0,2,0,4,2,35.7565925,139.31414527777778,2,3,,,,
1,30,882,87,2,0,1,10550,0,227,2021,3,7,17,10,13,,,,,1,1,1,7,1,0,23,0,23,3,9,1,70,4,2,1,65,75,3,61,31,0,,,,,,,2,0,10,0,4,0,2,0,2,0,4,2,35.77570583333333,139.2986388888889,1,3,,,,
1,30,882,102,2,0,1,10250,0,303,2021,3,25,11,25,12,,,,,2,1,1,1,1,9,22,0,23,15,9,30,70,4,2,1,45,65,3,61,31,0,,,,,,,4,0,30,0,4,0,2,0,2,0,4,2,35.775533055555556,139.34007666666668,5,3,,,,
1,30,883,106,2,0,1,30000,0,201,2021,3,2,7,50,12,,,,,2,1,1,14,7,0,23,0,23,4,9,1,70,4,2,1,45,1,51,61,0,0,,,,,,,0,0,10,0,4,0,0,0,0,0,4,2,35.66550611111111,139.35402888888888,3,3,,,,
1,30,883,123,2,0,1,30000,0,201,2021,3,17,13,45,12,,,,,1,1,1,14,7,0,23,0,23,3,9,1,70,4,3,1,35,35,3,61,31,0,,,,,,,2,0,40,0,3,0,2,0,2,0,4,2,35.66520611111111,139.34739555555558,4,3,,,,
1,30,883,138,2,0,1,30000,0,201,2021,3,31,13,5,12,,,,,1,1,1,1,1,9,22,0,23,11,9,30,70,4,3,1,65,35,3,61,31,0,,,,,,,10,0,10,0,3,0,2,0,2,0,4,2,35.65776555555556,139.33523,4,3,,,,
1,30,883,141,2,0,1,10480,0,201,2021,3,11,8,45,12,,,,,1,2,1,1,1,9,22,0,23,15,9,30,70,5,4,1,55,25,3,61,31,0,,,,,,,5,0,50,0,4,0,2,0,2,0,4,2,35.657719444444446,139.3353027777778,5,3,,,,
1,30,884,135,2,0,1,30000,0,209,2021,3,4,13,40,12,,,,,1,1,1,1,1,9,22,0,23,18,9,30,70,5,2,1,55,55,11,61,1,0,,,,,,,3,0,10,0,3,0,2,0,2,0,4,2,35.57984166666667,139.4164636111111,5,3,,,,
1,30,884,142,2,0,1,30000,0,209,2021,3,5,18,55,22,,,,,3,1,2,1,7,1,21,0,23,18,9,30,70,4,1,1,55,35,4,61,31,0,,,,,,,2,0,10,0,3,0,2,0,2,0,4,2,35.562038055555554,139.4296711111111,6,3,,,,
1,30,884,147,2,0,1,30000,0,209,2021,3,11,12,30,12,,,,,1,1,1,14,7,0,23,0,23,2,9,1,70,5,3,1,45,45,3,61,31,0,,,,,,,3,0,40,0,4,0,2,0,2,0,4,2,35.59755388888889,139.4085202777778,5,3,,,,
1,30,884,149,2,0,1,30000,0,209,2021,3,12,16,10,12,,,,,1,2,1,1,7,7,22,0,23,14,9,30,70,4,2,1,65,65,3,61,31,0,,,,,,,2,0,50,0,4,0,2,0,2,0,4,2,35.54971583333333,139.4419813888889,6,3,,,,
1,30,884,150,2,0,1,30000,0,209,2021,3,14,17,20,13,,,,,1,2,1,14,7,0,23,0,23,2,9,1,70,5,4,1,55,35,14,61,31,0,,,,,,,10,0,20,0,4,0,2,0,2,0,4,2,35.578166111111116,139.4998136111111,1,3,,,,
1,30,884,151,2,0,1,99000,0,209,2021,2,19,20,25,22,,,,,1,1,1,0,7,0,23,0,23,0,0,20,70,0,4,1,55,25,3,61,31,0,,,,,,,10,0,30,0,3,0,2,0,2,0,4,2,35.58831861111111,139.46592277777776,6,3,,,,
1,30,884,155,2,0,1,30000,0,209,2021,3,17,19,28,22,,,,,1,1,1,1,7,9,22,0,23,11,9,30,70,4,2,1,25,75,3,61,31,0,,,,,,,3,0,10,0,3,0,2,0,2,0,4,2,35.57131666666667,139.42819555555553,4,3,,,,
1,30,884,157,2,0,1,30000,0,209,2021,3,10,17,35,13,,,,,1,1,1,1,7,9,22,0,23,15,9,30,70,4,2,1,65,45,3,61,31,0,,,,,,,3,0,10,0,3,0,2,0,2,0,4,2,35.548543333333335,139.44434111111113,4,3,,,,
1,30,884,158,2,0,1,30000,0,209,2021,3,19,12,55,12,,,,,1,1,1,14,7,0,23,0,23,4,9,20,70,5,2,1,45,75,14,61,31,0,,,,,,,10,0,30,0,4,0,2,0,2,0,4,2,35.53711333333333,139.47022916666666,6,2,,,,
1,30,884,159,2,0,1,30000,0,209,2021,3,19,19,15,22,,,,,1,1,1,7,7,0,23,0,23,2,9,1,70,5,2,1,65,45,7,61,31,0,,,,,,,10,0,10,0,4,0,2,0,2,0,4,2,35.53761083333333,139.4670847222222,6,2,,,,
1,30,884,163,2,0,1,30000,0,209,2021,3,22,15,20,12,,,,,2,1,1,1,2,1,21,0,23,15,9,30,70,5,2,1,45,25,13,61,31,0,,,,,,,2,0,50,0,3,0,2,0,2,0,4,2,35.548074444444445,139.4435427777778,2,3,,,,
1,30,884,167,2,0,1,10570,0,209,2021,2,18,8,40,12,,,,,1,1,1,14,7,0,23,0,23,2,9,1,70,1,2,1,1,35,51,61,0,0,,,,,,,0,0,10,0,4,0,0,0,0,0,4,2,35.55880138888889,139.44833444444444,5,3,,,,
1,30,884,177,2,0,1,10490,0,209,2021,3,26,7,0,12,,,,,1,1,1,1,1,9,22,0,23,14,9,30,70,4,1,1,35,35,3,61,31,0,,,,,,,3,0,10,0,3,0,2,0,2,0,4,2,35.55717,139.4396213888889,6,3,,,,
1,30,885,83,2,0,1,20770,0,212,2021,3,2,19,50,22,,,,,3,3,2,7,1,0,23,0,23,4,9,20,70,4,2,1,35,25,3,61,31,0,,,,,,,3,0,10,0,3,0,2,0,2,0,4,2,35.66294027777778,139.4065388888889,3,3,,,,
1,30,885,89,2,0,1,30000,0,212,2021,3,6,13,11,12,,,,,1,3,1,1,7,9,22,0,23,14,9,30,70,4,2,1,25,75,3,61,31,0,,,,,,,3,0,10,0,3,0,2,0,2,0,4,2,35.670497777777776,139.38429888888888,7,3,,,,
1,30,885,100,2,0,1,30000,0,212,2021,3,12,13,15,12,,,,,2,3,1,14,7,0,23,0,23,1,9,1,70,5,4,1,65,25,4,61,31,0,,,,,,,10,0,20,0,4,0,2,0,2,0,4,2,35.65280166666667,139.39267944444444,6,3,,,,
1,30,885,104,2,0,1,30000,0,212,2021,3,21,10,15,12,,,,,3,3,2,14,7,0,23,0,23,2,9,1,70,5,4,1,65,55,4,61,31,0,,,,,,,10,0,20,0,4,0,2,0,2,0,4,2,35.685430555555556,139.39064027777778,1,3,,,,
1,30,885,113,2,0,1,30000,0,212,2021,3,13,22,15,22,,,,,1,2,1,7,1,0,23,0,23,3,9,1,70,4,1,1,25,1,3,61,31,0,,,,,,,2,0,10,0,3,0,2,0,2,0,4,2,35.66542805555555,139.40725361111112,7,3,,,,
1,30,885,115,2,0,1,30000,0,212,2021,3,10,18,45,22,,,,,1,3,1,13,7,0,23,0,23,2,3,1,70,5,4,1,35,55,3,61,31,0,,,,,,,10,0,50,0,3,0,2,0,2,0,4,2,35.6563225,139.3924725,4,3,,,,
1,30,886,67,2,0,2,30000,0,207,2021,3,3,8,30,12,,,,,1,1,1,1,1,9,22,0,23,17,9,30,70,4,2,1,25,35,51,61,0,0,,,,,,,0,0,10,0,4,0,0,0,0,0,2,2,35.70593083333333,139.38357222222223,4,3,,,,
1,30,886,81,2,0,1,30000,0,207,2021,3,10,19,45,22,,,,,1,2,1,14,7,0,23,0,23,2,9,1,70,5,3,1,45,55,36,61,31,0,,,,,,,2,0,10,0,4,0,0,0,0,0,4,2,35.71318277777778,139.3485141666667,4,3,,,,
1,30,886,99,2,0,1,30000,0,207,2021,3,22,17,55,21,,,,,3,2,2,14,7,0,23,0,23,2,9,1,70,5,3,1,55,75,4,61,31,0,,,,,,,2,0,70,0,3,0,2,0,2,0,4,2,35.70682055555556,139.34887722222223,2,3,,,,
1,30,886,101,2,0,1,21150,0,207,2021,3,23,10,50,12,,,,,1,3,1,1,7,9,22,0,23,17,9,30,70,5,2,1,55,25,3,61,31,0,,,,,,,3,0,50,0,3,0,2,0,2,0,2,4,35.71311416666667,139.38369666666665,3,3,,,,
1,30,887,83,2,0,1,30000,0,202,2021,1,6,16,0,13,,,,,2,1,1,1,7,1,21,0,23,14,9,30,70,4,2,1,35,75,3,61,31,0,,,,,,,3,0,10,0,3,0,2,0,2,0,4,2,35.728319722222224,139.39506194444445,4,3,,,,
1,30,887,86,2,0,1,30000,0,215,2021,3,4,18,30,21,,,,,1,1,1,14,7,0,23,0,23,3,9,1,70,4,2,1,55,75,13,61,31,0,,,,,,,5,0,10,0,3,0,2,0,2,0,4,2,35.69427527777778,139.45307166666666,5,3,,,,
1,30,887,101,2,0,1,30000,0,202,2021,3,3,5,30,23,,,,,1,1,1,14,7,0,23,0,23,1,9,1,70,4,2,1,45,55,51,61,0,0,,,,,,,0,0,10,0,3,0,0,0,0,0,4,2,35.72795833333333,139.39142888888887,4,3,,,,
1,30,887,104,2,0,1,30000,0,202,2021,3,15,15,15,12,,,,,1,1,1,1,7,9,22,0,23,11,9,30,70,5,4,1,75,75,51,61,0,0,,,,,,,0,0,10,0,3,0,0,0,0,0,4,2,35.733224722222225,139.40585833333333,2,3,,,,
1,30,887,105,2,0,1,30000,0,202,2021,3,16,11,20,12,,,,,1,2,1,7,1,0,23,0,23,2,7,1,70,1,2,1,55,75,22,61,0,0,,,,,,,5,0,10,0,3,0,0,0,0,0,4,2,35.720846944444446,139.39670638888887,3,3,,,,
1,30,887,108,2,0,1,95000,0,215,2021,3,18,12,10,12,,,,,1,1,1,14,7,0,23,0,23,4,9,1,70,4,1,1,1,35,3,61,31,0,,,,,,,3,0,10,0,3,0,2,0,2,0,4,2,35.68630944444444,139.44375055555557,5,3,,,,
1,30,887,115,2,0,1,90000,0,202,2021,3,27,9,35,12,,,,,1,2,1,0,7,0,23,0,23,0,0,20,70,0,4,1,35,1,3,61,31,0,,,,,,,10,0,80,0,3,0,2,0,2,0,4,2,35.72876527777778,139.37334833333335,7,3,,,,
1,30,887,120,2,0,1,30000,0,202,2021,3,29,9,10,12,,,,,1,1,1,1,1,9,22,0,23,15,9,30,70,4,1,1,45,55,3,61,31,0,,,,,,,3,0,10,0,3,0,2,0,2,0,4,2,35.69676944444444,139.39518805555554,2,3,,,,
1,30,887,123,2,0,1,95000,0,202,2021,3,30,11,30,12,,,,,1,2,1,0,7,0,23,0,23,0,0,20,70,0,4,1,45,75,4,61,31,0,,,,,,,10,0,30,0,3,0,2,0,2,0,4,2,35.690712777777776,139.39896027777777,3,3,,,,
1,30,887,130,2,0,1,99000,0,202,2021,2,13,17,55,21,,,,,1,1,1,0,7,0,23,0,23,0,0,20,70,0,4,1,25,25,14,61,31,0,,,,,,,10,0,20,0,4,0,2,0,2,0,4,2,35.69600583333333,139.41701694444444,7,3,,,,
1,30,888,38,2,0,1,30000,0,206,2021,3,2,15,58,12,,,,,3,1,2,1,1,9,22,0,23,15,9,30,70,4,2,1,35,75,3,61,31,0,,,,,,,3,0,10,0,3,0,2,0,2,0,4,2,35.684954166666664,139.48872944444443,3,3,,,,
1,30,888,41,2,0,1,20890,0,206,2021,3,13,6,8,11,,,,,3,1,2,1,1,9,22,0,23,15,9,30,70,4,2,1,45,35,14,61,31,0,,,,,,,3,0,10,0,3,0,2,0,2,0,4,2,35.67000611111111,139.48342777777776,7,3,,,,
1,30,888,50,2,0,1,30000,0,206,2021,2,26,11,5,12,,,,,2,1,1,7,7,0,23,0,23,2,9,1,70,5,2,1,35,25,14,61,31,0,,,,,,,10,0,10,0,3,0,2,0,2,0,4,2,35.670047777777775,139.47723277777777,6,3,,,,
1,30,888,52,2,0,1,30000,0,206,2021,3,23,14,55,12,,,,,1,1,1,14,7,0,23,0,23,4,7,1,70,4,1,1,65,55,51,61,0,0,,,,,,,0,0,10,0,4,0,0,0,0,0,4,2,35.663625555555555,139.500115,3,3,,,,
1,30,889,46,2,0,1,20880,0,214,2021,2,26,5,45,23,,,,,1,1,1,1,2,9,22,0,23,11,9,30,70,4,3,1,35,55,51,61,0,0,,,,,,,0,0,10,0,3,0,0,0,0,0,4,2,35.70580416666667,139.48307055555557,6,3,,,,
1,30,889,49,2,0,1,30000,0,210,2021,3,13,12,0,12,,,,,3,1,2,14,7,0,23,0,23,1,9,1,70,5,4,1,45,25,3,61,31,0,,,,,,,10,0,30,0,4,0,2,0,2,0,4,2,35.701391111111114,139.50097555555556,7,3,,,,
1,30,889,51,2,0,1,10750,0,210,2021,3,15,6,14,11,,,,,1,1,1,7,1,0,23,0,23,4,9,1,70,1,1,1,25,65,3,61,31,0,,,,,,,3,0,20,0,3,0,2,0,2,0,4,2,35.68936861111111,139.50044694444443,2,3,,,,
1,30,889,52,2,0,1,10560,0,210,2021,3,5,18,50,22,,,,,3,1,2,1,1,9,22,0,23,17,9,30,70,4,2,1,35,45,4,61,31,0,,,,,,,3,0,10,0,4,0,2,0,2,0,4,2,35.6997,139.5068611111111,6,3,,,,
1,30,889,53,2,0,1,20880,0,210,2021,3,16,20,30,22,,,,,1,1,1,14,7,0,23,0,23,3,9,1,70,4,2,1,75,75,4,61,31,0,,,,,,,3,0,20,0,3,0,2,0,2,0,4,2,35.69438666666667,139.52337722222222,3,3,,,,
1,30,889,59,2,0,1,30000,0,214,2021,3,23,16,8,12,,,,,1,1,1,1,7,9,22,0,23,11,9,30,70,4,3,1,25,1,3,61,31,0,,,,,,,2,0,10,0,3,0,2,0,2,0,4,2,35.70878888888889,139.48513388888887,3,3,,,,
1,30,889,66,2,0,1,20880,0,210,2021,1,18,9,3,12,,,,,1,1,1,1,7,9,22,0,23,15,9,30,70,4,1,1,45,35,3,61,31,0,,,,,,,2,0,30,0,3,0,2,0,2,0,4,2,35.70127027777778,139.49218555555555,2,3,,,,
1,30,890,80,2,0,1,30000,0,229,2021,3,1,18,6,21,,,,,1,1,1,1,7,9,22,0,23,18,9,30,70,4,1,1,45,65,13,61,31,0,,,,,,,3,0,10,0,3,0,2,0,2,0,4,2,35.75621833333334,139.56659694444446,2,3,,,,
1,30,890,83,2,0,1,30000,0,222,2021,3,4,6,55,11,,,,,1,1,1,1,1,9,22,0,23,15,9,30,70,5,2,1,65,75,22,61,0,0,,,,,,,3,0,40,0,3,0,0,0,0,0,4,2,35.74175694444445,139.5133936111111,5,3,,,,
1,30,890,88,2,0,1,30000,0,222,2021,3,1,19,2,22,,,,,1,1,1,14,7,0,23,0,23,1,9,1,70,5,3,1,25,55,3,61,31,0,,,,,,,1,0,40,0,4,0,2,0,2,0,4,2,35.76296,139.5358136111111,2,3,,,,
1,30,890,90,2,0,1,30000,0,229,2021,1,5,5,40,22,,,,,1,1,1,1,1,1,22,0,23,18,9,30,70,4,1,1,65,75,12,61,1,0,,,,,,,4,0,10,0,3,0,2,0,2,0,4,2,35.74113138888889,139.55723194444445,3,3,,,,
1,30,890,103,2,0,1,20000,0,229,2021,3,16,15,10,12,,,,,1,1,1,14,7,0,23,0,23,3,9,1,70,4,3,1,75,45,3,61,31,0,,,,,,,2,0,80,0,3,0,2,0,2,0,4,2,35.73370472222222,139.554415,3,3,,,,
1,30,890,104,2,0,1,30000,0,229,2021,3,17,19,30,22,,,,,1,1,1,1,7,9,22,0,23,14,9,30,70,5,4,1,45,45,3,61,31,0,,,,,,,10,0,12,0,3,0,2,0,2,0,4,2,35.71796611111111,139.53066,4,3,,,,
1,30,890,125,2,0,1,30000,0,222,2021,3,10,16,50,13,,,,,1,1,1,14,7,0,23,0,23,2,9,1,70,5,3,1,1,65,3,61,31,0,,,,,,,5,0,0,0,4,0,2,0,2,0,4,2,35.744015555555556,139.52087555555556,4,3,,,,
1,30,890,127,2,0,1,10240,0,229,2021,1,28,15,33,12,,,,,5,1,2,7,1,0,23,0,23,3,9,1,70,4,2,1,65,1,14,61,31,0,,,,,,,3,0,10,0,3,0,2,0,2,0,4,2,35.72949805555556,139.54007416666667,5,3,,,,
1,30,891,51,2,0,1,10560,0,221,2021,3,11,14,35,12,,,,,1,3,1,1,1,9,22,0,23,11,9,30,70,5,3,1,75,55,3,61,31,0,,,,,,,3,0,18,0,3,0,2,0,2,0,4,2,35.784258333333334,139.51480138888888,5,3,,,,
1,30,891,54,2,0,1,10580,0,213,2021,3,12,17,39,13,,,,,1,1,1,1,1,9,22,0,23,15,9,30,70,4,1,1,55,75,3,61,31,0,,,,,,,1,0,40,0,4,0,2,0,2,0,4,2,35.766752777777775,139.4895283333333,6,3,,,,
1,30,891,58,2,0,1,95000,0,221,2021,3,17,13,44,12,,,,,1,1,1,1,7,1,22,0,23,18,9,30,70,4,2,1,75,75,14,61,31,0,,,,,,,2,0,40,0,3,0,2,0,2,0,4,2,35.76835722222222,139.51867583333333,4,3,,,,
1,30,891,62,2,0,1,10590,0,221,2021,3,20,17,35,13,,,,,1,1,1,14,7,0,23,0,23,3,9,20,70,5,1,1,25,1,14,61,31,0,,,,,,,3,0,10,0,4,0,2,0,2,0,4,2,35.786247777777774,139.54113027777777,7,1,,,,
1,30,891,74,2,0,1,95000,0,213,2021,3,29,11,55,12,,,,,1,1,1,1,1,9,22,0,23,15,9,30,70,4,2,1,35,35,3,61,31,0,,,,,,,2,0,20,0,3,0,2,0,2,0,4,2,35.74108138888889,139.4747975,2,3,,,,
1,30,892,49,2,0,1,10260,0,203,2021,3,16,19,30,22,,,,,1,1,1,1,1,9,22,0,23,18,9,30,70,1,2,1,35,55,3,61,31,0,,,,,,,3,0,20,0,3,0,2,0,2,0,4,2,35.71391833333334,139.54387555555556,3,3,,,,
1,30,892,59,2,0,1,30000,0,203,2021,2,1,8,17,12,,,,,1,1,1,14,7,0,23,0,23,4,9,1,70,5,2,1,75,55,4,61,31,0,,,,,,,10,0,0,0,4,0,2,0,2,0,4,2,35.70326055555556,139.5603227777778,2,3,,,,
1,30,892,67,2,0,1,30000,0,203,2021,1,26,18,36,22,,,,,1,1,1,1,7,1,21,0,23,14,9,30,70,5,1,1,65,25,3,61,31,0,,,,,,,2,0,40,0,4,0,2,0,2,0,4,2,35.701010000000004,139.58407611111113,3,3,,,,
1,30,893,49,2,0,1,10270,0,204,2021,3,3,19,55,22,,,,,1,1,1,13,7,0,23,0,23,3,3,1,70,4,3,1,35,55,51,61,0,0,,,,,,,0,0,10,0,3,0,0,0,0,0,4,2,35.68795305555555,139.58097777777778,4,3,,,,
1,30,893,51,2,0,1,10750,0,204,2021,3,7,18,40,21,,,,,2,1,1,14,7,0,23,0,23,5,9,1,70,1,2,1,1,75,51,61,0,0,,,,,,,0,0,10,0,3,0,0,0,0,0,4,2,35.681173055555554,139.53975555555556,1,3,,,,
1,30,893,73,2,0,1,30000,0,204,2021,3,31,9,40,12,,,,,1,1,1,1,7,9,22,0,23,11,9,30,70,5,4,1,55,1,3,61,1,0,,,,,,,10,0,80,0,3,0,2,0,2,0,4,2,35.68845916666666,139.541945,4,3,,,,
1,30,894,79,2,0,1,30000,0,208,2021,2,4,7,40,12,,,,,1,1,1,14,7,0,23,0,23,2,9,1,70,5,3,1,65,45,4,61,31,0,,,,,,,2,0,30,0,3,0,2,0,2,0,4,2,35.65865111111111,139.53551055555556,5,3,,,,
1,30,894,81,2,0,1,200,211,208,2021,3,11,12,50,12,,,,,1,1,1,1,7,9,22,0,23,17,9,30,70,4,1,1,55,55,51,61,0,0,,,,,,,0,0,10,0,3,0,0,0,0,0,4,2,35.65929083333333,139.57375638888888,5,3,,,,
1,30,894,85,2,0,1,30000,0,208,2021,3,13,12,38,12,,,,,3,1,2,1,7,9,22,0,23,15,9,30,70,4,1,1,55,45,4,61,31,0,,,,,,,2,0,10,0,3,0,2,0,2,0,4,2,35.65072055555555,139.58757888888888,7,3,,,,
1,30,894,86,2,0,1,30000,0,208,2021,2,28,14,35,12,,,,,1,1,1,7,7,0,23,0,23,2,9,1,70,5,3,1,35,35,3,61,31,0,,,,,,,2,0,40,0,4,0,2,0,2,0,4,2,35.65971416666667,139.58545083333334,1,3,,,,
1,30,894,89,2,0,1,30000,0,219,2021,3,18,12,25,12,,,,,1,1,1,14,7,0,23,0,23,3,9,1,70,4,2,1,1,75,51,61,0,0,,,,,,,0,0,10,0,3,0,0,0,0,0,4,2,35.63424972222222,139.57803805555554,5,3,,,,
1,30,894,99,2,0,1,30000,0,208,2021,3,24,11,55,12,,,,,1,1,1,1,7,9,22,0,23,14,8,30,70,4,1,1,55,1,3,61,31,0,,,,,,,2,0,10,0,3,0,2,0,2,0,4,2,35.66127916666667,139.56321694444446,4,3,,,,
1,30,894,115,2,0,2,30000,0,208,2021,3,13,17,48,21,,,,,3,1,2,7,7,0,23,0,23,1,9,20,70,5,3,1,45,35,3,61,31,0,,,,,,,10,0,30,0,4,0,2,0,2,0,4,2,35.64597694444444,139.53781527777778,7,3,,,,
1,30,895,42,2,0,1,30610,0,211,2021,3,3,8,0,12,,,,,1,1,1,14,7,0,23,0,23,3,9,1,70,4,2,1,45,55,13,61,31,0,,,,,,,3,0,10,0,3,0,2,0,2,0,4,2,35.735422222222226,139.5097788888889,4,3,,,,