資料区分,都道府県コード,警察署等コード,本票番号,事故内容,死者数,負傷者数,路線コード,地点コード,市区町村コード,発生日時　　年,発生日時　　月,発生日時　　日,発生日時　　時,発生日時　　分,昼夜,日の出時刻　　時,日の出時刻　　分,日の入り時刻　　時,日の入り時刻　　分,天候,地形,路面状態,道路形状,信号機,一時停止規制　標識（当事者A）,一時停止規制　表示（当事者A）,一時停止規制　標識（当事者B）,一時停止規制　表示（当事者B）,車道幅員,道路線形,衝突地点,ゾーン規制,中央分離帯施設等,歩車道区分,事故類型,年齢（当事者A）,年齢（当事者B）,当事者種別（当事者A）,当事者種別（当事者B）,用途別（当事者A）,用途別（当事者B）,車両形状等（当事者A）,車両形状等（当事者B）,オートマチック車（当事者A）,オートマチック車（当事者B）,サポカー（当事者A）,サポカー（当事者B）,速度規制（指定のみ）（当事者A）,速度規制（指定のみ）（当事者B）,車両の衝突部位（当事者A）,車両の衝突部位（当事者B）,車両の損壊程度（当事者A）,車両の損壊程度（当事者B）,エアバッグの装備（当事者A）,エアバッグの装備（当事者B）,サイドエアバッグの装備（当事者A）,サイドエアバッグの装備（当事者B）,人身損傷程度（当事者A）,人身損傷程度（当事者B）,lat,lon,曜日(発生年月日),祝日(発生年月日),認知機能検査経過日数（当事者A）,認知機能検査経過日数（当事者B）,運転練習の方法（当事者A）,運転練習の方法（当事者B）
1,30,895,47,2,0,1,30610,0,211,2021,3,13,8,15,12,,,,,3,1,2,7,7,0,23,0,23,3,9,1,70,4,2,1,35,45,13,61,31,0,,,,,,,3,0,50,0,3,0,2,0,2,0,4,2,35.738420833333336,139.48760833333333,7,3,,,,
1,30,895,61,2,0,1,30000,0,211,2021,3,26,14,8,12,,,,,1,1,1,1,7,9,22,0,23,11,9,30,70,5,4,1,45,65,4,61,31,0,,,,,,,1,0,50,0,3,0,2,0,2,0,4,2,35.73656027777778,139.4869936111111,6,3,,,,
1,30,895,62,2,0,1,30000,0,211,2021,3,26,18,15,21,,,,,1,1,1,14,7,0,23,0,23,3,9,1,70,5,4,1,65,65,51,61,0,0,,,,,,,0,0,10,0,3,0,0,0,0,0,4,2,35.709615,139.4861636111111,6,3,,,,
1,30,895,64,2,0,1,10560,0,211,2021,3,28,21,24,22,,,,,3,1,2,1,1,9,22,0,23,15,9,30,70,4,2,1,25,45,3,61,31,0,,,,,,,3,0,10,0,3,0,2,0,2,0,4,2,35.7285525,139.51166666666666,1,3,,,,
1,30,69,143,2,0,1,50220,0,108,2021,4,11,15,16,12,,,,,1,1,1,14,7,0,23,0,23,3,9,1,70,1,4,1,35,45,13,61,31,0,,,,,,,5,0,10,0,1,0,2,0,2,0,4,2,35.693195555555555,139.81645861111113,1,3,,,,
1,30,100,37,2,0,1,10050,0,101,2021,4,3,11,45,12,,,,,1,1,1,14,7,0,23,0,23,2,9,1,70,1,1,1,1,35,51,61,0,0,,,,,,,0,0,10,0,4,0,0,0,0,0,4,2,35.69391555555555,139.74539249999998,7,3,,,,
1,30,100,38,2,0,1,10050,0,101,2021,4,4,20,5,22,,,,,3,1,2,1,1,9,22,0,23,15,9,30,70,4,2,1,65,25,3,61,1,0,,,,,,,5,0,12,0,4,0,2,0,2,0,4,2,35.69514694444444,139.74874916666664,1,3,,,,
1,30,100,44,2,0,1,30010,0,101,2020,12,17,14,23,12,,,,,1,1,1,14,7,0,23,0,23,3,9,1,70,5,3,1,55,75,3,61,1,0,,,,,,,2,0,40,0,4,0,2,0,2,0,4,2,35.68538944444444,139.7345325,5,3,,,,
1,30,101,25,2,0,1,30000,0,101,2021,3,26,10,10,12,,,,,1,1,1,14,7,0,23,0,23,3,9,1,70,5,2,1,35,55,51,61,0,0,,,,,,,0,0,10,0,4,0,0,0,0,0,4,2,35.68409888888888,139.7642261111111,6,3,,,,
1,30,101,27,2,0,1,30000,0,101,2021,4,1,20,50,22,,,,,1,1,1,14,7,0,23,0,23,3,9,1,70,5,2,1,55,45,51,61,0,0,,,,,,,0,0,10,0,4,0,0,0,0,0,4,2,35.67006416666666,139.75877027777778,5,3,,,,
1,30,102,26,2,0,1,30000,0,101,2021,4,8,21,35,22,,,,,2,1,2,7,1,0,23,0,23,4,9,1,70,4,2,1,65,35,3,61,1,0,,,,,,,3,0,10,0,3,0,2,0,2,0,4,2,35.69282972222222,139.76106305555555,5,3,,,,
1,30,102,30,2,0,1,30000,0,101,2021,4,28,8,45,12,,,,,1,1,1,14,7,0,23,0,23,4,9,1,70,4,2,1,55,75,3,61,1,0,,,,,,,2,0,40,0,3,0,2,0,2,0,4,2,35.69756527777778,139.76219833333334,4,2,,,,
1,30,103,30,2,0,1,20070,0,101,2021,3,31,7,53,12,,,,,1,1,1,1,8,9,22,0,23,18,9,30,70,4,2,1,35,45,51,61,0,0,,,,,,,0,0,10,0,3,0,0,0,0,0,4,2,35.69202666666666,139.77165000000002,4,3,,,,
1,30,103,32,2,0,1,30000,0,101,2021,4,3,14,0,12,,,,,1,1,1,14,7,0,23,0,23,3,9,1,70,4,1,1,35,75,3,61,31,0,,,,,,,3,0,10,0,3,0,2,0,2,0,4,2,35.69961333333333,139.7719886111111,7,3,,,,
1,30,103,34,2,0,1,95000,0,101,2021,4,5,12,25,12,,,,,3,1,2,14,1,0,23,0,23,3,9,1,70,5,2,1,45,65,51,61,0,0,,,,,,,0,0,10,0,3,0,0,0,0,0,4,2,35.69939055555555,139.7757263888889,2,3,,,,
1,30,104,51,2,0,1,10030,0,102,2021,4,2,20,55,22,,,,,1,1,1,1,1,9,22,0,23,15,9,30,70,1,2,1,25,45,3,61,31,0,,,,,,,10,0,10,0,4,0,2,0,2,0,4,2,35.68706805555555,139.77677111111112,6,3,,,,
1,30,104,60,2,0,1,30000,0,102,2021,4,26,19,15,21,,,,,1,1,1,1,7,9,22,0,23,11,9,30,70,5,2,1,45,35,13,61,31,0,,,,,,,10,0,10,0,3,0,2,0,2,0,4,2,35.674149444444446,139.78513916666665,2,3,,,,
1,30,104,62,2,0,1,10060,0,102,2021,4,27,13,15,12,,,,,1,1,1,1,1,9,22,0,23,18,9,30,70,1,2,1,1,45,51,61,0,0,,,,,,,0,0,10,0,3,0,0,0,0,0,4,2,35.678036388888884,139.77904111111113,3,3,,,,
1,30,104,63,2,0,1,10040,0,102,2021,4,27,23,25,22,,,,,1,1,1,1,1,9,22,0,23,14,9,30,70,4,2,1,55,45,3,61,1,0,,,,,,,4,0,10,0,4,0,2,0,2,0,4,2,35.67460861111111,139.78000944444446,3,3,,,,
1,30,105,21,2,0,1,30000,0,102,2021,4,6,9,25,12,,,,,1,1,1,14,7,0,23,0,23,4,9,1,70,4,2,1,35,75,3,61,31,0,,,,,,,10,0,10,0,4,0,2,0,2,0,4,2,35.68021888888889,139.78517444444444,3,3,,,,
1,30,105,23,2,0,1,20540,0,102,2021,4,8,18,23,21,,,,,3,1,2,1,1,9,22,0,23,19,9,30,70,5,1,1,45,35,51,61,0,0,,,,,,,0,0,44,0,3,0,0,0,0,0,4,2,35.68325833333333,139.79036083333332,5,3,,,,
1,30,105,24,2,0,1,30000,0,102,2021,4,16,10,20,12,,,,,1,1,5,1,7,9,22,0,23,14,9,30,70,5,2,1,55,55,13,61,31,0,,,,,,,10,0,10,0,3,0,2,0,2,0,4,2,35.68822333333333,139.7878538888889,6,3,,,,
1,30,105,26,2,0,1,10060,0,102,2021,4,21,12,10,12,,,,,1,1,1,1,1,9,22,0,23,17,9,30,70,4,2,1,35,75,14,61,31,0,,,,,,,4,0,40,0,3,0,2,0,2,0,4,2,35.68499722222222,139.78716,4,3,,,,
1,30,106,55,2,0,1,30000,0,102,2020,12,15,18,10,22,,,,,1,1,1,14,7,0,23,0,23,3,9,1,70,5,2,1,25,1,51,61,0,0,,,,,,,0,0,10,0,3,0,0,0,0,0,4,2,35.664099444444446,139.77465750000002,3,3,,,,
1,30,106,62,2,0,1,30000,0,102,2021,4,16,9,45,12,,,,,1,1,1,7,7,0,23,0,23,3,9,1,70,5,2,1,55,1,3,61,1,0,,,,,,,10,0,20,0,3,0,2,0,2,0,4,2,35.673005277777776,139.77552222222224,6,3,,,,
1,30,106,64,2,0,1,20090,0,102,2020,8,10,15,20,12,,,,,1,1,1,14,7,0,23,0,23,4,9,1,70,4,2,1,35,25,3,61,1,0,,,,,,,5,0,10,0,3,0,2,0,2,0,4,2,35.673499444444445,139.76452555555557,2,1,,,,
1,30,106,68,2,0,1,30000,0,102,2021,4,7,12,57,12,,,,,1,1,1,1,7,9,22,0,23,11,9,30,70,5,2,1,65,35,14,61,1,0,,,,,,,10,0,10,0,3,0,2,0,2,0,4,2,35.67323222222222,139.76864833333335,4,3,,,,
1,30,106,71,2,0,1,30000,0,102,2021,4,29,17,20,12,,,,,3,1,2,7,7,0,23,0,23,3,9,1,1,5,2,1,45,65,3,61,1,0,,,,,,,1,0,40,0,3,0,2,0,2,0,4,2,35.66996111111111,139.76224666666667,5,1,,,,
1,30,107,21,2,0,1,20680,0,102,2021,4,3,9,5,12,,,,,1,1,1,1,1,9,22,0,23,19,9,30,70,4,1,1,35,65,13,61,31,0,,,,,,,4,0,40,0,4,0,2,0,2,0,4,2,35.659192499999996,139.77756666666667,7,3,,,,
1,30,109,40,2,0,1,30000,0,103,2021,3,23,10,15,12,,,,,1,1,1,14,7,0,23,0,23,3,9,1,70,4,2,1,45,65,13,61,31,0,,,,,,,3,0,10,0,3,0,2,0,2,0,4,2,35.64240916666667,139.74514527777777,3,3,,,,
1,30,109,41,2,0,1,20000,0,103,2021,4,7,14,30,12,,,,,1,1,1,1,1,9,22,0,23,15,9,30,70,1,2,1,65,1,3,61,1,0,,,,,,,4,0,10,0,3,0,2,0,2,0,4,2,35.652881666666666,139.749585,4,3,,,,
1,30,109,44,2,0,1,10140,0,103,2021,4,15,10,13,12,,,,,1,1,1,1,1,9,22,0,23,15,9,30,70,1,2,1,65,55,3,61,1,0,,,,,,,4,0,50,0,3,0,2,0,2,0,4,2,35.64288888888889,139.7521663888889,5,3,,,,
1,30,109,49,2,0,1,30000,0,103,2021,4,27,20,34,22,,,,,1,1,1,1,1,9,22,0,23,14,9,30,70,4,2,1,55,65,3,61,1,0,,,,,,,3,0,10,0,3,0,2,0,2,0,4,2,35.65298833333333,139.75261277777778,3,3,,,,
1,30,110,30,2,0,1,30000,0,103,2021,4,1,16,0,12,,,,,1,1,1,1,7,9,22,0,23,11,9,30,1,5,3,1,55,1,3,61,1,0,,,,,,,2,0,50,0,4,0,2,0,2,0,4,2,35.64419777777778,139.73139805555556,5,3,,,,
1,30,110,34,2,0,1,20000,0,103,2021,4,13,10,33,12,,,,,2,1,1,1,1,9,22,0,23,15,9,30,70,4,2,1,25,75,14,61,1,0,,,,,,,3,0,18,0,4,0,2,0,2,0,4,2,35.64098611111111,139.73779833333333,3,3,,,,
1,30,110,36,2,0,1,20120,0,103,2021,4,15,13,25,12,,,,,1,1,1,1,1,9,22,0,23,15,9,30,70,1,1,1,55,1,3,61,1,0,,,,,,,4,0,40,0,4,0,1,0,2,0,4,2,35.643253888888886,139.72098888888888,5,3,,,,
1,30,111,55,2,0,1,95000,0,103,2021,4,9,11,5,12,,,,,1,1,1,14,7,0,23,0,23,1,9,1,70,5,2,1,55,45,59,61,0,0,,,,,,,0,0,10,0,4,0,0,0,0,0,4,2,35.659257777777775,139.727655,6,3,,,,
1,30,111,58,2,0,1,20170,0,103,2021,4,23,13,0,12,,,,,1,1,1,14,7,0,23,0,23,2,9,1,70,1,2,1,25,25,51,61,0,0,,,,,,,0,0,10,0,3,0,0,0,0,0,4,2,35.66756861111111,139.73922499999998,6,3,,,,
1,30,111,61,2,0,1,10670,0,103,2021,4,26,10,5,12,,,,,1,1,1,1,1,9,22,0,23,18,9,30,70,4,2,1,25,25,3,61,31,0,,,,,,,4,0,10,0,4,0,2,0,2,0,4,2,35.665972777777775,139.7246025,2,3,,,,
1,30,111,66,2,0,1,10120,0,103,2021,4,19,23,47,22,,,,,1,1,1,1,1,9,22,0,23,18,9,30,70,1,1,1,55,25,3,61,1,0,,,,,,,3,0,10,0,3,0,2,0,2,0,4,2,35.6623,139.73434388888887,2,3,,,,
1,30,112,42,2,0,1,2460,9,103,2021,4,5,21,30,22,,,,,1,1,1,1,1,9,22,0,23,19,9,30,70,5,1,1,45,25,3,61,1,0,,,,,,,5,0,10,0,4,0,2,0,2,0,4,2,35.67805083333333,139.7361772222222,2,3,,,,
1,30,112,44,2,0,1,30000,0,103,2021,4,7,14,35,12,,,,,1,1,1,14,7,0,23,0,23,3,9,1,70,4,2,1,65,1,3,61,31,0,,,,,,,10,0,10,0,3,0,2,0,2,0,4,2,35.67048694444444,139.72000805555555,4,3,,,,
1,30,112,48,2,0,1,30000,0,103,2021,3,26,17,20,13,,,,,1,1,1,14,7,0,23,0,23,2,9,20,70,5,4,1,65,25,3,61,1,0,,,,,,,5,0,20,0,3,0,2,0,2,0,4,2,35.6637225,139.71011833333333,6,3,,,,
1,30,112,49,2,0,1,30000,0,103,2021,4,22,12,55,12,,,,,1,1,1,14,7,0,23,0,23,1,9,1,70,5,4,1,35,25,3,61,31,0,,,,,,,10,0,10,0,4,0,2,0,2,0,4,2,35.66397583333333,139.70976305555556,5,3,,,,
1,30,112,53,2,0,1,30000,0,103,2021,4,27,15,41,12,,,,,1,1,1,14,7,0,23,0,23,2,9,1,70,5,2,1,55,1,3,61,1,0,,,,,,,1,0,40,0,3,0,2,0,2,0,4,2,35.67422166666667,139.7201936111111,3,3,,,,
1,30,113,96,2,0,1,85010,0,108,2021,4,23,9,40,12,,,,,1,1,1,1,1,9,22,0,23,19,9,30,70,1,1,1,45,35,11,61,1,0,,,,,,,5,0,40,0,4,0,2,0,2,0,4,2,35.62305083333333,139.77857472222223,6,3,,,,
1,30,216,32,2,0,1,150,111,109,2021,4,4,21,9,22,,,,,3,1,2,1,1,9,22,0,23,19,9,30,70,1,1,1,45,65,14,61,1,0,,,,,,,10,0,10,0,3,0,2,0,2,0,4,2,35.59699777777778,139.73745916666667,1,3,,,,
1,30,216,39,2,0,1,30000,0,109,2021,4,14,19,25,22,,,,,3,1,2,14,7,0,23,0,23,3,9,1,70,5,1,1,35,35,35,61,31,0,,,,,,,2,0,10,0,3,0,0,0,0,0,4,2,35.60466666666667,139.743415,4,3,,,,
1,30,217,35,2,0,1,30000,0,109,2021,4,2,8,40,12,,,,,2,1,1,14,7,0,23,0,23,1,9,1,70,5,3,1,1,55,17,61,1,0,,,,,,,2,0,80,0,4,0,2,0,2,0,4,2,35.618544722222225,139.72179722222222,6,3,,,,
1,30,217,40,2,0,1,30000,0,109,2021,4,16,11,25,12,,,,,1,1,1,1,1,9,22,0,23,14,9,30,70,4,2,1,75,55,3,61,31,0,,,,,,,2,0,10,0,3,0,2,0,2,0,4,2,35.61775138888889,139.71952472222222,6,3,,,,
1,30,218,95,2,0,1,30000,0,109,2021,4,18,13,10,12,,,,,1,1,1,14,7,0,23,0,23,2,9,1,70,5,3,1,65,45,3,61,31,0,,,,,,,2,0,10,0,4,0,2,0,2,0,4,2,35.61570444444445,139.71460277777777,1,3,,,,
1,30,218,97,2,0,1,30000,0,109,2021,4,19,13,40,12,,,,,1,1,1,14,7,0,23,0,23,2,9,1,70,5,3,1,65,75,3,61,31,0,,,,,,,2,0,80,0,4,0,2,0,2,0,4,2,35.615496666666665,139.71555527777775,2,3,,,,
1,30,218,104,2,0,1,30000,0,109,2021,4,25,12,50,12,,,,,1,1,1,14,7,0,23,0,23,3,9,20,70,5,4,1,45,45,3,61,31,0,,,,,,,5,0,44,0,3,0,2,0,2,0,4,2,35.603524166666666,139.70658166666666,1,3,,,,
1,30,219,120,2,0,1,10130,0,111,2021,4,4,18,55,21,,,,,3,1,2,1,1,9,22,0,23,19,9,30,70,1,2,1,45,35,14,61,1,0,,,,,,,4,0,10,0,3,0,2,0,2,0,4,2,35.582283333333336,139.74852277777777,1,3,,,,
1,30,219,122,2,0,1,30000,0,111,2021,4,6,13,57,12,,,,,1,1,1,1,7,9,22,0,23,11,9,30,70,5,4,1,65,1,3,61,31,0,,,,,,,10,0,10,0,3,0,2,0,2,0,4,2,35.57642083333334,139.72035444444444,3,3,,,,
1,30,219,131,2,0,1,30710,0,111,2021,2,20,8,55,12,,,,,1,1,1,1,7,9,22,0,23,14,9,30,70,4,1,1,65,25,36,61,31,0,,,,,,,10,0,10,0,3,0,0,0,0,0,4,2,35.591840000000005,139.71999,7,3,,,,
1,30,219,144,2,0,1,30000,0,111,2021,4,25,19,55,22,,,,,1,1,5,1,1,9,22,0,23,15,9,30,70,4,1,1,35,75,1,61,1,0,,,,,,,3,0,0,0,4,0,2,0,2,0,4,2,35.58729166666667,139.73191694444444,1,3,,,,
1,30,219,151,2,0,1,30000,0,111,2021,4,24,9,53,12,,,,,1,1,1,1,7,1,21,0,23,15,9,30,70,5,3,1,65,45,3,61,1,0,,,,,,,5,0,20,0,3,0,2,0,2,0,4,2,35.58741222222223,139.72834527777778,7,3,,,,
1,30,220,65,2,0,1,30000,0,111,2021,2,2,13,23,12,,,,,1,1,1,14,7,0,23,0,23,3,9,1,70,5,3,1,25,65,3,61,31,0,,,,,,,2,0,10,0,3,0,2,0,2,0,4,2,35.59126527777778,139.6809788888889,3,3,,,,
1,30,220,71,2,0,1,30000,0,111,2021,4,24,10,45,12,,,,,1,1,1,14,7,0,23,0,23,1,9,1,70,4,2,1,45,1,3,61,31,0,,,,,,,2,0,40,0,4,0,2,0,2,0,4,2,35.59115472222222,139.6747188888889,7,3,,,,
1,30,220,77,2,0,1,30000,0,111,2021,4,28,7,50,12,,,,,1,1,1,1,7,1,21,0,23,14,9,30,70,5,3,1,35,25,3,61,31,0,,,,,,,10,0,10,0,4,0,2,0,2,0,4,2,35.59323472222223,139.68825555555557,4,2,,,,
1,30,221,108,2,0,1,95000,0,111,2021,4,7,9,35,12,,,,,1,1,1,14,7,0,23,0,23,3,9,1,70,5,2,1,1,55,51,61,0,0,,,,,,,0,0,40,0,3,0,0,0,0,0,4,2,35.56063694444444,139.72340027777778,4,3,,,,
1,30,221,111,2,0,1,95000,0,111,2021,4,3,16,47,12,,,,,1,1,1,14,7,0,23,0,23,1,9,1,70,5,2,1,45,65,3,61,1,0,,,,,,,2,0,40,0,3,0,2,0,2,0,4,2,35.56973583333334,139.71138916666666,7,3,,,,
1,30,221,128,2,0,1,30000,0,111,2021,4,19,17,4,12,,,,,1,1,1,14,7,0,23,0,23,4,9,20,70,1,2,1,1,55,51,61,0,0,,,,,,,0,0,10,0,4,0,0,0,0,0,4,2,35.553197499999996,139.73043,2,3,,,,
1,30,221,131,2,0,1,10000,0,111,2021,4,21,21,49,22,,,,,1,1,1,1,7,9,22,0,23,18,9,30,70,5,2,1,1,35,36,61,31,0,,,,,,,2,0,10,0,3,0,0,0,0,0,4,2,35.56245805555555,139.73731166666664,4,3,,,,
1,30,221,133,2,0,1,1310,0,111,2021,4,26,3,35,22,,,,,1,1,1,1,1,9,22,0,23,18,9,30,70,5,1,1,45,45,17,61,31,0,,,,,,,4,0,50,0,3,0,2,0,2,0,4,2,35.54911805555555,139.74110166666665,2,3,,,,
1,30,221,145,2,0,1,30000,0,111,2021,4,26,8,50,12,,,,,1,1,1,14,7,0,23,0,23,3,9,1,70,4,3,1,55,35,17,61,1,0,,,,,,,2,0,70,0,4,0,2,0,2,0,4,2,35.562372777777775,139.72586722222223,2,3,,,,
1,30,222,74,2,0,1,20180,0,111,2021,4,20,11,25,12,,,,,1,1,1,14,7,0,23,0,23,4,9,1,70,4,1,1,65,75,3,61,31,0,,,,,,,3,0,10,0,3,0,2,0,2,0,4,2,35.57288638888889,139.703025,3,3,,,,
1,30,222,76,2,0,1,30000,0,111,2021,4,23,9,55,12,,,,,1,1,1,1,7,9,22,0,23,11,9,30,70,5,3,1,45,1,14,61,1,0,,,,,,,2,0,10,0,3,0,2,0,2,0,4,2,35.59410333333334,139.70370305555554,6,3,,,,
1,30,222,83,2,0,1,30000,0,111,2021,4,28,11,45,12,,,,,2,1,1,1,7,1,21,0,23,15,9,30,70,5,3,1,65,25,3,61,31,0,,,,,,,2,0,10,0,3,0,2,0,2,0,4,2,35.58800388888889,139.71229805555555,4,2,,,,
1,30,325,92,2,0,1,95000,0,112,2021,4,11,15,2,12,,,,,1,1,1,7,1,0,23,0,23,1,9,1,70,5,2,1,45,35,3,61,31,0,,,,,,,3,0,10,0,3,0,2,0,2,0,4,2,35.64019888888889,139.6429022222222,1,3,,,,
1,30,325,95,2,0,1,2460,74,112,2021,4,20,5,20,11,,,,,1,1,1,14,7,0,23,0,23,4,9,1,70,1,2,1,35,35,12,61,1,0,,,,,,,1,0,40,0,4,0,2,0,2,0,4,2,35.646924722222224,139.67711333333332,3,3,,,,
1,30,325,96,2,0,1,30000,0,112,2021,4,24,21,25,22,,,,,1,1,1,7,1,0,23,0,23,2,9,1,70,4,2,1,65,55,3,61,1,0,,,,,,,3,0,10,0,3,0,2,0,2,0,4,2,35.64343611111111,139.6279738888889,7,3,,,,
1,30,325,97,2,0,1,10210,0,112,2021,4,25,5,40,11,,,,,1,1,1,7,1,0,23,0,23,3,9,1,70,4,2,1,45,75,51,61,0,0,,,,,,,0,0,10,0,3,0,0,0,0,0,4,2,35.63973361111111,139.6309327777778,1,3,,,,
1,30,325,101,2,0,1,30000,0,112,2021,3,21,11,28,12,,,,,3,1,2,14,7,0,23,0,23,2,8,1,70,5,3,1,1,25,51,61,0,0,,,,,,,0,0,10,0,3,0,0,0,0,0,4,2,35.64004833333333,139.67424722222222,1,3,,,,
1,30,325,103,2,0,1,30000,0,112,2021,4,30,7,10,12,,,,,1,1,2,14,7,0,23,0,23,2,9,1,1,5,3,1,45,35,3,61,31,0,,,,,,,2,0,20,0,4,0,2,0,2,0,4,2,35.64939416666667,139.67373583333332,6,3,,,,
1,30,325,104,2,0,1,30000,0,112,2021,3,26,0,50,22,,,,,2,1,1,14,7,0,23,0,23,4,9,20,70,5,1,1,45,0,61,0,0,0,,,,,,,0,0,0,0,0,0,0,0,0,0,2,0,35.63931888888889,139.67019694444443,6,3,,,,
1,30,326,89,2,0,1,30000,0,112,2021,4,3,17,10,13,,,,,1,1,1,1,7,9,22,0,23,11,9,30,70,5,3,1,65,45,13,61,31,0,,,,,,,2,0,40,0,3,0,2,0,2,0,4,2,35.64871138888889,139.63827416666666,7,3,,,,
1,30,326,92,2,0,1,30000,0,112,2021,4,6,9,20,12,,,,,2,1,1,14,7,0,23,0,23,2,9,1,70,5,3,1,25,65,51,61,0,0,,,,,,,0,0,10,0,3,0,0,0,0,0,4,2,35.651738888888886,139.6324627777778,3,3,,,,
1,30,326,93,2,0,1,10000,0,112,2021,4,8,21,30,22,,,,,1,1,5,14,7,0,23,0,23,1,9,20,70,5,3,1,35,75,3,61,1,0,,,,,,,2,0,60,0,3,0,2,0,2,0,4,2,35.663538055555556,139.64970777777776,5,3,,,,
1,30,326,95,2,0,1,30000,0,112,2021,4,10,15,0,12,,,,,1,1,1,14,7,0,23,0,23,2,9,20,70,5,4,1,25,75,14,61,1,0,,,,,,,10,0,80,0,3,0,2,0,2,0,4,2,35.65270361111111,139.6371475,7,3,,,,
1,30,326,106,2,0,1,30740,0,112,2021,4,18,15,10,12,,,,,1,1,1,14,7,0,23,0,23,3,9,20,70,4,1,1,35,25,4,61,31,0,,,,,,,3,0,50,0,3,0,2,0,2,0,4,2,35.66283527777777,139.66974055555553,1,3,,,,
1,30,326,109,2,0,1,10130,0,112,2021,2,17,8,15,12,,,,,1,1,1,14,7,0,23,0,23,5,9,1,70,1,1,1,35,45,51,61,0,0,,,,,,,0,0,10,0,3,0,0,0,0,0,4,2,35.67216722222222,139.66094944444444,4,3,,,,
1,30,326,112,2,0,1,200,124,112,2021,4,24,15,10,12,,,,,1,1,1,14,7,0,23,0,23,5,9,1,70,1,2,1,45,25,51,61,0,0,,,,,,,0,0,10,0,3,0,0,0,0,0,4,2,35.671135,139.66148416666667,7,3,,,,
1,30,326,114,2,0,1,30740,0,112,2021,4,26,14,0,12,,,,,1,1,1,13,7,0,23,0,23,2,6,1,1,4,3,1,25,75,36,61,31,0,,,,,,,2,0,10,0,3,0,0,0,0,0,4,2,35.664541388888885,139.6699775,2,3,,,,
1,30,327,129,2,0,1,30000,0,112,2021,4,2,11,0,12,,,,,1,1,1,1,7,1,21,0,23,14,9,30,70,4,2,1,65,75,3,61,31,0,,,,,,,10,0,10,0,4,0,2,0,2,0,4,2,35.63139555555556,139.63914805555555,6,3,,,,
1,30,327,134,2,0,1,10190,0,112,2021,4,3,14,0,12,,,,,1,1,1,14,7,0,23,0,23,2,9,1,70,5,4,1,75,45,3,61,31,0,,,,,,,10,0,40,0,4,0,2,0,1,0,4,2,35.59576972222222,139.6500127777778,7,3,,,,
1,30,327,142,2,0,1,30000,0,112,2021,4,18,19,15,21,,,,,1,1,1,14,7,0,23,0,23,2,9,1,70,5,3,1,25,65,51,61,0,0,,,,,,,0,0,10,0,4,0,0,0,0,0,4,2,35.62869555555556,139.63039722222223,1,3,,,,
1,30,327,154,2,0,1,30000,0,112,2021,4,30,14,45,12,,,,,1,1,1,1,1,9,22,0,23,17,9,30,70,4,2,1,55,55,3,61,31,0,,,,,,,5,0,0,0,4,0,2,0,2,0,4,2,35.598261666666666,139.64869805555554,6,3,,,,
1,30,327,155,2,0,1,30000,0,112,2021,2,17,14,0,12,,,,,1,1,1,14,7,0,23,0,23,3,9,1,70,5,3,1,75,45,3,61,31,0,,,,,,,2,0,80,0,3,0,2,0,2,0,4,2,35.61254527777778,139.63888416666666,4,3,,,,
1,30,327,156,2,0,1,10190,0,112,2021,2,26,2,10,22,,,,,1,1,1,14,7,0,23,0,23,3,9,1,70,4,3,1,75,35,3,61,1,0,,,,,,,3,0,40,0,4,0,2,0,2,0,4,2,35.60209694444445,139.63976194444444,6,3,,,,
1,30,328,97,2,0,1,20220,0,112,2021,1,27,18,15,22,,,,,1,1,1,14,7,0,23,0,23,2,9,1,70,5,1,1,75,1,3,61,31,0,,,,,,,2,0,80,0,4,0,2,0,2,0,4,2,35.626754166666665,139.59853,4,3,,,,
1,30,328,119,2,0,1,30000,0,112,2021,4,17,21,20,22,,,,,3,1,2,14,7,0,23,0,23,3,9,1,70,5,3,1,1,55,52,61,0,0,,,,,,,0,0,10,0,3,0,0,0,0,0,4,2,35.6382725,139.60776416666667,7,3,,,,
1,30,328,121,2,0,1,30000,0,112,2021,4,25,18,0,13,,,,,1,1,1,7,7,0,23,0,23,2,9,1,70,5,4,1,1,1,3,61,31,0,,,,,,,10,0,40,0,3,0,2,0,2,0,4,2,35.64178444444445,139.61441055555554,1,3,,,,
1,30,329,53,2,0,1,10080,0,110,2021,3,24,23,15,22,,,,,1,1,1,14,7,0,23,0,23,5,8,1,70,4,1,1,65,35,3,61,1,0,,,,,,,3,0,10,0,2,0,2,0,2,0,4,2,35.63400861111111,139.71119277777777,4,3,,,,
1,30,329,61,2,0,1,10160,0,110,2021,4,13,20,55,22,,,,,2,1,2,1,1,9,22,0,23,18,9,30,70,1,2,1,65,25,3,61,1,0,,,,,,,10,0,10,0,3,0,2,0,2,0,4,2,35.642448333333334,139.70067694444444,3,3,,,,
1,30,329,66,2,0,1,10080,0,110,2021,4,18,18,53,21,,,,,1,1,1,14,7,0,23,0,23,2,9,1,70,4,1,1,1,35,14,61,1,0,,,,,,,3,0,20,0,3,0,2,0,2,0,4,2,35.63318833333334,139.70952944444443,1,3,,,,
1,30,329,67,2,0,1,30720,0,110,2021,4,26,8,40,12,,,,,1,1,1,1,7,9,22,0,23,11,9,30,70,5,3,1,65,1,3,61,1,0,,,,,,,2,0,10,0,3,0,2,0,2,0,4,2,35.637145833333335,139.6868902777778,2,3,,,,