資料区分,都道府県コード,警察署等コード,本票番号,事故内容,死者数,負傷者数,路線コード,地点コード,市区町村コード,発生日時　　年,発生日時　　月,発生日時　　日,発生日時　　時,発生日時　　分,昼夜,日の出時刻　　時,日の出時刻　　分,日の入り時刻　　時,日の入り時刻　　分,天候,地形,路面状態,道路形状,信号機,一時停止規制　標識（当事者A）,一時停止規制　表示（当事者A）,一時停止規制　標識（当事者B）,一時停止規制　表示（当事者B）,車道幅員,道路線形,衝突地点,ゾーン規制,中央分離帯施設等,歩車道区分,事故類型,年齢（当事者A）,年齢（当事者B）,当事者種別（当事者A）,当事者種別（当事者B）,用途別（当事者A）,用途別（当事者B）,車両形状等（当事者A）,車両形状等（当事者B）,オートマチック車（当事者A）,オートマチック車（当事者B）,サポカー（当事者A）,サポカー（当事者B）,速度規制（指定のみ）（当事者A）,速度規制（指定のみ）（当事者B）,車両の衝突部位（当事者A）,車両の衝突部位（当事者B）,車両の損壊程度（当事者A）,車両の損壊程度（当事者B）,エアバッグの装備（当事者A）,エアバッグの装備（当事者B）,サイドエアバッグの装備（当事者A）,サイドエアバッグの装備（当事者B）,人身損傷程度（当事者A）,人身損傷程度（当事者B）,lat,lon,曜日(発生年月日),祝日(発生年月日),認知機能検査経過日数（当事者A）,認知機能検査経過日数（当事者B）,運転練習の方法（当事者A）,運転練習の方法（当事者B）
1,30,329,68,2,0,1,30000,0,110,2021,4,27,17,10,12,,,,,1,1,1,14,7,0,23,0,23,2,9,1,70,5,2,1,1,1,51,61,0,0,,,,,,,0,0,10,0,3,0,0,0,0,0,4,2,35.65332,139.69200833333335,3,3,,,,
1,30,330,68,2,0,1,30000,0,110,2021,4,11,16,35,12,,,,,1,1,1,14,7,0,23,0,23,1,9,1,70,4,3,1,45,55,3,61,31,0,,,,,,,3,0,40,0,4,0,2,0,2,0,4,2,35.612950833333336,139.66660055555556,1,3,,,,
1,30,330,69,2,0,1,30000,0,110,2021,3,28,13,10,12,,,,,2,1,1,14,7,0,23,0,23,3,9,1,1,4,3,1,35,45,3,61,31,0,,,,,,,2,0,40,0,3,0,2,0,2,0,4,2,35.60915055555556,139.66587805555557,1,3,,,,
1,30,330,71,2,0,1,20190,0,110,2021,4,12,20,0,22,,,,,1,1,1,1,7,9,22,0,23,11,9,30,70,5,4,1,25,45,51,61,0,0,,,,,,,0,0,10,0,3,0,0,0,0,0,4,2,35.63013222222222,139.68455055555555,2,3,,,,
1,30,330,72,2,0,1,30000,0,110,2021,4,18,13,55,12,,,,,1,1,1,14,7,0,23,0,23,3,7,1,70,5,3,1,75,65,3,61,31,0,,,,,,,2,0,80,0,4,0,2,0,2,0,4,2,35.61879388888889,139.6715536111111,1,3,,,,
1,30,330,75,2,0,1,30000,0,110,2021,3,17,4,45,22,,,,,1,1,1,1,7,9,22,0,23,11,9,30,70,5,4,1,65,1,3,61,1,0,,,,,,,10,0,10,0,3,0,2,0,2,0,4,2,35.627233333333336,139.69564888888888,4,3,,,,
1,30,330,80,2,0,1,30000,0,110,2021,4,27,11,30,12,,,,,1,1,1,14,7,0,23,0,23,1,9,1,70,5,2,1,1,55,51,61,0,0,,,,,,,0,0,10,0,4,0,0,0,0,0,4,2,35.617311111111114,139.67793333333333,3,3,,,,
1,30,330,83,2,0,1,30000,0,110,2021,4,26,17,20,12,,,,,1,1,1,14,7,0,23,0,23,4,9,1,70,4,2,1,35,35,3,61,31,0,,,,,,,10,0,40,0,4,0,2,0,2,0,4,2,35.61619694444445,139.6988697222222,2,3,,,,
1,30,331,84,2,0,1,30220,0,113,2021,4,4,22,10,22,,,,,3,1,2,14,7,0,23,0,23,3,8,1,70,4,2,1,45,25,3,61,31,0,,,,,,,3,0,10,0,3,0,2,0,2,0,4,2,35.65925222222222,139.69849416666668,1,3,,,,
1,30,331,92,2,0,1,2460,56,113,2021,4,15,7,40,12,,,,,1,1,3,1,7,5,21,0,23,19,9,30,70,1,1,1,35,65,3,61,31,0,,,,,,,10,0,10,0,3,0,2,0,2,0,4,2,35.65442111111111,139.69335944444444,5,3,,,,
1,30,331,95,2,0,1,30000,0,113,2021,3,30,10,50,12,,,,,2,1,1,1,7,1,22,0,23,11,9,30,70,4,2,1,25,25,3,61,31,0,,,,,,,3,0,10,0,4,0,2,0,2,0,4,2,35.66056916666667,139.70546416666664,3,3,,,,
1,30,331,97,2,0,1,30000,0,113,2021,4,15,13,10,12,,,,,1,1,1,1,7,9,22,0,23,15,9,30,70,4,1,1,35,25,51,61,0,0,,,,,,,0,0,10,0,3,0,0,0,0,0,4,2,35.659815555555554,139.69493,5,3,,,,
1,30,331,98,2,0,1,30000,0,113,2021,4,21,20,20,22,,,,,1,1,1,1,7,9,22,0,23,11,9,30,70,5,4,1,35,1,3,61,31,0,,,,,,,10,0,30,0,3,0,2,0,2,0,4,2,35.65834972222222,139.69606861111112,4,3,,,,
1,30,331,99,2,0,1,30120,0,113,2021,4,23,18,30,21,,,,,1,1,1,1,7,9,22,0,23,14,8,30,70,4,2,1,55,25,51,61,0,0,,,,,,,0,0,10,0,4,0,0,0,0,0,4,2,35.64481222222222,139.70872888888888,6,3,,,,
1,30,332,36,2,0,1,30000,0,113,2021,4,12,9,50,12,,,,,1,1,1,14,7,0,23,0,23,1,8,1,70,5,3,1,65,65,3,61,1,0,,,,,,,10,0,40,0,4,0,2,0,2,0,4,2,35.664545833333335,139.70450333333332,2,3,,,,
1,30,332,37,2,0,1,30000,0,113,2021,3,30,11,25,12,,,,,1,1,1,14,7,0,23,0,23,2,9,1,70,5,2,1,45,45,51,61,0,0,,,,,,,0,0,10,0,4,0,0,0,0,0,4,2,35.688629999999996,139.7022333333333,3,3,,,,
1,30,332,39,2,0,1,20160,0,113,2021,4,19,13,3,12,,,,,1,1,1,7,7,0,23,0,23,5,8,20,70,5,2,1,65,45,51,61,0,0,,,,,,,0,0,40,0,4,0,0,0,0,0,4,2,35.667313888888884,139.70820638888887,2,3,,,,
1,30,332,42,2,0,1,10090,0,113,2021,4,24,15,2,12,,,,,1,1,1,14,7,0,23,0,23,5,9,1,70,1,1,1,45,35,51,61,0,0,,,,,,,0,0,10,0,3,0,0,0,0,0,4,2,35.68732472222222,139.70283194444443,7,3,,,,
1,30,333,56,2,0,1,30000,0,113,2021,4,6,9,50,12,,,,,1,1,1,14,7,0,23,0,23,2,8,1,70,5,4,1,35,25,17,61,31,0,,,,,,,10,0,50,0,4,0,2,0,2,0,4,2,35.68468222222222,139.6954875,3,3,,,,
1,30,435,23,2,0,1,10220,0,104,2021,4,1,20,30,22,,,,,1,1,1,14,7,0,23,0,23,2,8,1,70,5,2,1,35,45,51,61,0,0,,,,,,,0,0,10,0,3,0,0,0,0,0,4,2,35.70178361111111,139.73922305555556,5,3,,,,
1,30,435,24,2,0,1,10220,0,104,2021,4,7,13,20,12,,,,,1,1,1,14,7,0,23,0,23,2,8,1,70,5,2,1,45,45,52,61,0,0,,,,,,,0,0,10,0,3,0,0,0,0,0,4,2,35.70057444444445,139.74233166666664,4,3,,,,
1,30,435,27,2,0,1,10050,0,104,2021,4,4,19,24,22,,,,,3,1,2,1,1,0,23,0,23,19,9,30,70,4,1,1,35,0,61,0,0,0,,,,,,,0,0,0,0,0,0,0,0,0,0,2,0,35.691584999999996,139.73369749999998,1,3,,,,
1,30,435,28,2,0,1,30000,0,104,2021,4,21,13,40,12,,,,,1,1,1,1,7,1,22,0,23,14,9,30,70,5,1,1,55,65,3,61,31,0,,,,,,,1,0,40,0,4,0,2,0,2,0,4,2,35.70641611111111,139.72028111111112,4,3,,,,
1,30,435,29,2,0,1,30000,0,104,2021,4,22,12,15,12,,,,,1,1,1,14,7,0,23,0,23,2,9,1,70,5,3,1,35,45,17,61,31,0,,,,,,,1,0,20,0,3,0,2,0,2,0,4,2,35.70248055555556,139.74052444444442,5,3,,,,
1,30,436,68,1,1,0,30290,0,104,2021,4,17,20,30,22,,,,,3,1,2,7,1,0,23,0,23,4,9,1,70,2,2,1,35,75,13,61,31,0,,,,,,,3,0,50,0,3,0,2,0,2,0,4,1,35.70674777777778,139.6943813888889,7,3,,,,
1,30,436,69,2,0,1,30000,0,104,2021,4,7,10,20,12,,,,,1,1,1,1,7,5,21,0,23,11,9,30,70,5,3,1,55,75,13,61,31,0,,,,,,,5,0,40,0,4,0,2,0,2,0,4,2,35.696949999999994,139.70377499999998,4,3,,,,
1,30,436,70,2,0,1,30260,0,104,2021,4,9,14,22,12,,,,,2,1,1,1,1,9,22,0,23,17,8,30,70,1,1,1,45,65,14,61,31,0,,,,,,,4,0,10,0,3,0,2,0,2,0,4,2,35.69775111111111,139.71002694444442,6,3,,,,
1,30,436,72,2,0,2,30000,0,104,2021,3,14,7,32,12,,,,,1,1,1,1,7,1,21,0,23,11,9,30,70,4,3,1,65,1,3,61,1,0,,,,,,,2,0,10,0,3,0,2,0,2,0,4,2,35.697109722222216,139.7025586111111,1,3,,,,
1,30,436,79,2,0,1,30000,0,104,2021,3,3,15,25,12,,,,,1,1,1,14,7,0,23,0,23,1,9,1,70,5,4,1,55,45,14,61,1,0,,,,,,,10,0,40,0,3,0,2,0,2,0,4,2,35.69960888888888,139.70292027777776,4,3,,,,
1,30,436,83,2,0,1,30290,0,104,2021,3,3,8,0,12,,,,,1,1,1,1,7,9,22,0,23,15,9,30,70,4,2,1,65,65,3,61,31,0,,,,,,,3,0,40,0,3,0,2,0,2,0,4,2,35.70391166666667,139.69485,4,3,,,,
1,30,436,89,2,0,1,30000,0,104,2021,1,26,23,34,22,,,,,1,1,1,1,1,9,22,0,23,14,9,30,70,4,2,1,25,45,36,61,31,0,,,,,,,2,0,40,0,3,0,0,0,0,0,4,2,35.694941388888886,139.70426277777776,3,3,,,,
1,30,437,46,2,0,1,30000,0,104,2021,4,2,8,25,12,,,,,2,1,1,13,7,0,23,0,23,2,6,1,70,5,2,1,65,35,13,61,31,0,,,,,,,10,0,10,0,3,0,2,0,2,0,4,2,35.714060833333335,139.6903425,6,3,,,,
1,30,437,49,2,0,1,10250,0,104,2021,4,8,20,45,22,,,,,1,1,1,7,7,0,23,0,23,3,9,1,70,4,1,1,65,1,4,61,31,0,,,,,,,3,0,10,0,2,0,2,0,2,0,4,2,35.722545555555556,139.68348,5,3,,,,
1,30,437,51,2,0,1,30290,0,104,2021,4,10,8,50,12,,,,,1,1,1,1,1,9,22,0,23,14,9,30,70,4,1,1,35,25,51,61,0,0,,,,,,,0,0,10,0,3,0,0,0,0,0,4,2,35.709403333333334,139.69391000000002,7,3,,,,
1,30,437,53,2,0,2,10280,0,104,2021,4,10,16,0,12,,,,,1,1,1,14,7,0,23,0,23,1,9,1,70,5,2,1,1,55,51,61,0,0,,,,,,,0,0,10,0,4,0,0,0,0,0,4,2,35.713262500000006,139.71337138888887,7,3,,,,
1,30,437,59,2,0,1,10250,0,104,2021,4,18,12,20,12,,,,,1,1,1,14,7,0,23,0,23,3,9,1,70,5,1,1,45,35,51,61,0,0,,,,,,,0,0,40,0,4,0,0,0,0,0,4,2,35.72358638888889,139.67578333333333,1,3,,,,
1,30,437,62,2,0,1,70000,0,104,2021,4,7,12,20,12,,,,,1,1,1,14,7,0,23,0,23,2,9,1,70,5,4,1,25,75,3,61,31,0,,,,,,,1,0,10,0,4,0,2,0,2,0,4,2,35.71281916666667,139.68617416666666,4,3,,,,
1,30,437,64,2,0,1,30000,0,104,2021,4,27,9,40,12,,,,,1,1,1,1,7,1,22,0,23,11,7,30,70,5,3,1,65,75,3,61,31,0,,,,,,,10,0,50,0,3,0,2,0,2,0,4,2,35.71707972222222,139.69113055555556,3,3,,,,
1,30,437,69,2,0,1,10220,0,104,2021,3,19,14,5,12,,,,,1,1,1,1,1,9,22,0,23,19,9,30,70,4,2,1,75,45,51,61,0,0,,,,,,,0,0,10,0,3,0,0,0,0,0,4,2,35.709693333333334,139.69368472222223,6,2,,,,
1,30,438,40,2,0,1,30000,0,104,2021,2,16,21,45,22,,,,,1,1,1,14,7,0,23,0,23,2,9,1,70,5,3,1,75,25,3,61,31,0,,,,,,,10,0,10,0,1,0,2,0,2,0,4,2,35.684396111111106,139.7260386111111,3,3,,,,
1,30,438,41,2,0,1,10050,0,104,2021,4,26,18,52,21,,,,,1,1,1,1,1,9,22,0,23,19,9,30,70,1,2,1,35,25,35,61,31,0,,,,,,,10,0,10,0,3,0,0,0,0,0,4,2,35.69211138888888,139.70730972222222,2,3,,,,
1,30,439,82,2,0,1,10240,0,114,2021,4,11,13,10,12,,,,,1,1,1,14,7,0,23,0,23,2,9,1,70,4,1,1,1,75,51,61,0,0,,,,,,,0,0,10,0,3,0,0,0,0,0,4,2,35.6972825,139.6811736111111,1,3,,,,
1,30,439,84,2,0,1,90000,0,114,2021,3,6,22,30,22,,,,,1,1,1,14,7,0,23,0,23,1,9,1,70,5,4,1,45,55,51,61,0,0,,,,,,,0,0,10,0,4,0,0,0,0,0,4,2,35.69753333333333,139.67991999999998,7,3,,,,
1,30,439,85,2,0,1,30000,0,114,2021,4,15,13,30,12,,,,,1,1,1,14,7,0,23,0,23,3,9,1,70,5,2,1,1,25,51,61,0,0,,,,,,,0,0,10,0,4,0,0,0,0,0,4,2,35.68850222222222,139.6779211111111,5,3,,,,
1,30,439,95,2,0,1,30000,0,114,2021,4,26,10,50,12,,,,,1,1,1,7,1,0,23,0,23,2,9,1,70,4,2,1,75,0,61,0,0,0,,,,,,,0,0,0,0,0,0,0,0,0,0,2,0,35.70140222222223,139.67206305555555,2,3,,,,
1,30,440,62,2,0,1,30000,0,114,2021,4,6,14,55,12,,,,,2,1,1,14,7,0,23,0,23,2,9,1,70,5,3,1,35,1,3,61,31,0,,,,,,,2,0,40,0,3,0,2,0,2,0,4,2,35.717823333333335,139.6391486111111,3,3,,,,
1,30,440,67,2,0,1,30000,0,114,2021,4,20,8,11,12,,,,,1,1,1,14,7,0,23,0,23,2,9,1,70,5,3,1,25,45,13,61,31,0,,,,,,,1,0,40,0,3,0,2,0,2,0,4,2,35.7238625,139.6437922222222,3,3,,,,
1,30,440,78,2,0,1,20280,0,114,2021,4,20,14,20,12,,,,,1,1,1,14,7,0,23,0,23,1,9,1,70,5,2,1,65,45,51,61,0,0,,,,,,,0,0,10,0,4,0,0,0,0,0,4,2,35.70849638888889,139.66518638888888,3,3,,,,
1,30,441,86,2,0,1,30000,0,115,2021,4,1,17,15,13,,,,,1,1,1,14,7,0,23,0,23,2,9,20,70,5,3,1,75,45,4,61,31,0,,,,,,,1,0,20,0,4,0,2,0,2,0,4,2,35.705760000000005,139.63003722222223,5,3,,,,
1,30,441,94,2,0,1,10240,0,115,2021,4,6,6,15,11,,,,,2,1,1,14,7,0,23,0,23,1,9,1,70,5,1,1,1,55,51,61,0,0,,,,,,,0,0,10,0,3,0,0,0,0,0,4,2,35.69789833333333,139.6579802777778,3,3,,,,
1,30,441,96,2,0,1,30000,0,115,2021,4,8,17,27,13,,,,,2,1,1,14,7,0,23,0,23,4,9,20,70,5,1,1,1,75,51,61,0,0,,,,,,,0,0,10,0,3,0,0,0,0,0,4,2,35.704683333333335,139.636325,5,3,,,,
1,30,441,100,2,0,1,30000,0,115,2021,3,27,6,30,11,,,,,1,1,1,1,7,1,21,0,23,11,9,30,70,5,4,1,55,55,51,61,0,0,,,,,,,0,0,10,0,3,0,0,0,0,0,4,2,35.70464638888889,139.6344836111111,7,3,,,,
1,30,441,102,2,0,1,30000,0,115,2021,4,1,10,10,12,,,,,1,1,1,14,7,0,23,0,23,2,9,1,70,5,2,1,25,75,51,61,0,0,,,,,,,0,0,20,0,4,0,0,0,0,0,4,2,35.70663305555556,139.63729694444444,5,3,,,,
1,30,441,103,2,0,1,30000,0,115,2021,4,5,9,15,12,,,,,2,1,1,1,7,1,21,0,23,11,9,30,70,5,3,1,65,45,14,61,31,0,,,,,,,5,0,10,0,3,0,2,0,2,0,4,2,35.697897499999996,139.63644166666666,2,3,,,,
1,30,441,106,2,0,1,30000,0,115,2021,4,21,18,5,13,,,,,1,1,1,14,7,0,23,0,23,2,9,1,70,5,4,1,55,1,51,61,0,0,,,,,,,0,0,10,0,3,0,0,0,0,0,4,2,35.701860833333335,139.64516777777777,4,3,,,,
1,30,441,108,2,0,1,30000,0,115,2021,4,24,21,25,22,,,,,1,1,1,14,7,0,23,0,23,2,9,1,70,5,3,1,25,55,3,61,31,0,,,,,,,2,0,40,0,3,0,2,0,2,0,4,2,35.70528527777778,139.64495277777777,7,3,,,,
1,30,441,109,2,0,1,30000,0,115,2021,3,23,4,5,22,,,,,1,1,1,14,7,0,23,0,23,1,9,1,70,5,4,1,1,35,51,61,0,0,,,,,,,0,0,10,0,3,0,0,0,0,0,4,2,35.70219194444445,139.63906055555555,3,3,,,,
1,30,441,115,2,0,1,95000,0,115,2021,4,25,17,45,13,,,,,2,1,1,14,7,0,23,0,23,2,9,1,70,5,3,1,65,35,3,61,31,0,,,,,,,10,0,40,0,4,0,2,0,2,0,4,2,35.69233583333333,139.65616666666668,1,3,,,,
1,30,442,96,2,0,1,30000,0,115,2021,4,3,13,0,12,,,,,1,1,1,7,7,0,23,0,23,3,9,1,70,5,2,1,55,0,61,0,0,0,,,,,,,0,0,0,0,0,0,0,0,0,0,2,0,35.69763861111111,139.6078611111111,7,3,,,,
1,30,442,98,2,0,1,10270,0,115,2021,4,8,7,50,12,,,,,1,1,1,1,7,8,22,0,23,14,9,30,70,5,2,1,45,25,3,61,31,0,,,,,,,1,0,80,0,3,0,2,0,2,0,4,2,35.68642694444444,139.61626388888888,5,3,,,,
1,30,442,99,2,0,1,30000,0,115,2021,4,13,15,35,12,,,,,2,1,1,14,7,0,23,0,23,4,9,1,70,1,3,1,75,45,3,61,31,0,,,,,,,2,0,20,0,3,0,2,0,2,0,4,2,35.679381388888885,139.64576027777778,3,3,,,,
1,30,442,100,2,0,1,20270,0,115,2021,4,15,14,30,12,,,,,1,1,1,1,1,9,22,0,23,18,9,30,70,5,2,1,45,65,11,61,31,0,,,,,,,3,0,50,0,3,0,2,0,2,0,4,2,35.68859944444444,139.6163075,5,3,,,,
1,30,442,103,2,0,1,200,149,115,2021,4,1,5,45,11,,,,,2,1,1,14,7,0,23,0,23,5,9,1,70,1,2,1,25,0,61,0,0,0,,,,,,,0,0,0,0,0,0,0,0,0,0,2,0,35.66773694444444,139.6368761111111,5,3,,,,
1,30,442,105,2,0,1,200,162,115,2021,4,20,10,25,12,,,,,1,1,1,14,7,0,23,0,23,6,9,1,70,1,1,1,35,75,51,61,0,0,,,,,,,0,0,10,0,3,0,0,0,0,0,4,2,35.67102777777777,139.62363361111113,3,3,,,,
1,30,443,58,2,0,1,10240,0,115,2021,4,7,2,0,22,,,,,1,1,1,14,7,0,23,0,23,5,9,1,70,4,1,1,55,55,3,61,1,0,,,,,,,5,0,40,0,4,0,2,0,2,0,4,2,35.70612722222223,139.61839944444446,4,3,,,,
1,30,443,62,2,0,1,30000,0,115,2021,4,12,18,20,21,,,,,1,1,1,14,7,0,23,0,23,2,9,1,1,5,3,1,1,45,4,61,31,0,,,,,,,2,0,30,0,4,0,2,0,2,0,4,2,35.72492694444445,139.60512833333334,2,3,,,,
1,30,443,63,2,0,1,30000,0,115,2021,4,8,10,30,12,,,,,1,1,1,1,7,9,22,0,23,11,9,30,70,5,3,1,55,35,36,61,31,0,,,,,,,2,0,20,0,4,0,0,0,0,0,4,2,35.705155833333336,139.59623000000002,5,3,,,,
1,30,443,68,2,0,1,30000,0,115,2021,1,27,3,5,22,,,,,3,1,2,14,7,0,23,0,23,3,9,1,70,5,3,1,45,45,36,61,31,0,,,,,,,2,0,40,0,4,0,0,0,0,0,4,2,35.70369083333333,139.60108027777778,4,3,,,,
1,30,443,75,2,0,1,20430,0,115,2021,4,1,11,23,12,,,,,1,1,1,1,1,9,22,0,23,14,9,30,70,4,1,1,65,55,3,61,31,0,,,,,,,3,0,10,0,3,0,2,0,2,0,4,2,35.72908666666667,139.61176777777777,5,3,,,,
1,30,545,34,2,0,1,20000,0,105,2021,4,1,11,40,12,,,,,1,1,1,1,1,9,22,0,23,14,9,30,70,5,2,1,65,65,51,61,0,0,,,,,,,0,0,10,0,3,0,0,0,0,0,4,2,35.71266194444445,139.7511175,5,3,,,,
1,30,545,38,2,0,1,30000,0,105,2021,4,12,16,30,12,,,,,1,1,1,1,7,9,22,0,23,11,9,30,70,5,3,1,25,1,35,61,31,0,,,,,,,5,0,10,0,3,0,0,0,0,0,4,2,35.72765888888889,139.74697944444443,2,3,,,,
1,30,547,36,2,0,1,20390,0,105,2021,4,30,21,10,22,,,,,1,1,1,1,1,9,22,0,23,18,8,30,70,4,1,1,1,1,51,61,0,0,,,,,,,0,0,10,0,3,0,0,0,0,0,4,2,35.707753333333336,139.7670613888889,6,3,,,,
1,30,548,18,2,0,1,20400,0,105,2021,4,11,14,55,12,,,,,1,1,1,1,1,9,22,0,23,18,9,30,70,4,1,1,65,55,3,61,31,0,,,,,,,4,0,10,0,3,0,2,0,2,0,4,2,35.723019444444446,139.75419305555556,1,3,,,,
1,30,549,29,2,0,1,30000,0,116,2021,4,12,9,55,12,,,,,1,1,1,14,7,0,23,0,23,2,9,20,70,5,4,1,1,25,17,61,31,0,,,,,,,10,0,30,0,3,0,2,0,2,0,4,2,35.72549083333333,139.7335436111111,2,3,,,,
1,30,549,31,2,0,2,30000,0,116,2021,4,21,15,40,12,,,,,1,1,1,7,7,0,23,0,23,2,9,20,70,5,4,1,25,1,14,61,1,0,,,,,,,5,0,10,0,3,0,2,0,2,0,4,2,35.735863333333334,139.72057583333333,4,3,,,,
1,30,549,33,2,0,1,30000,0,116,2021,4,28,9,51,12,,,,,1,1,1,1,7,9,22,0,23,11,7,30,70,5,3,1,75,25,3,61,31,0,,,,,,,10,0,10,0,3,0,2,0,2,0,4,2,35.729554722222225,139.72847166666668,4,2,,,,
1,30,550,44,2,0,1,30000,0,116,2021,3,10,16,0,12,,,,,1,1,1,14,7,0,23,0,23,2,9,1,70,5,2,1,65,1,3,61,31,0,,,,,,,10,0,40,0,3,0,2,0,2,0,4,2,35.72970083333333,139.6999675,4,3,,,,
1,30,550,48,2,0,1,30000,0,116,2021,4,1,9,7,12,,,,,1,1,1,14,7,0,23,0,23,3,9,1,70,5,2,1,35,25,13,61,31,0,,,,,,,10,0,10,0,3,0,2,0,2,0,4,2,35.73263722222222,139.70976527777776,5,3,,,,
1,30,550,52,2,0,1,30000,0,116,2021,4,15,8,51,12,,,,,1,1,1,1,7,1,21,0,23,11,8,30,70,5,3,1,1,35,51,61,0,0,,,,,,,0,0,10,0,4,0,0,0,0,0,4,2,35.74153166666667,139.72009194444445,5,3,,,,
1,30,550,53,2,0,1,30000,0,116,2021,4,16,8,7,12,,,,,1,1,1,14,7,0,23,0,23,2,9,1,70,5,2,1,1,0,61,0,0,0,,,,,,,0,0,0,0,0,0,0,0,0,0,2,0,35.7442725,139.7169613888889,6,3,,,,
1,30,550,56,2,0,1,30000,0,116,2021,4,21,17,20,13,,,,,1,1,1,14,7,0,23,0,23,5,8,1,70,1,2,1,45,55,51,61,0,0,,,,,,,0,0,10,0,3,0,0,0,0,0,4,2,35.73280472222223,139.70085305555554,4,3,,,,
1,30,550,57,2,0,1,30000,0,116,2021,4,23,8,22,12,,,,,1,1,1,1,7,9,22,0,23,14,9,30,70,5,3,1,35,1,3,61,31,0,,,,,,,2,0,20,0,3,0,2,0,2,0,4,2,35.74266611111111,139.71364305555554,6,3,,,,
1,30,550,60,2,0,1,30000,0,116,2021,4,27,21,22,22,,,,,1,1,1,14,7,0,23,0,23,3,8,1,70,5,3,1,45,45,51,61,0,0,,,,,,,0,0,10,0,3,0,0,0,0,0,2,4,35.74404916666667,139.71022,3,3,,,,
1,30,550,62,2,0,1,30000,0,116,2021,4,19,17,47,13,,,,,1,1,1,1,7,1,21,0,23,14,9,30,70,4,2,1,65,35,3,61,31,0,,,,,,,10,0,10,0,3,0,2,0,2,0,4,2,35.72884361111111,139.70808555555556,2,3,,,,
1,30,551,64,2,0,1,30000,0,116,2021,2,14,12,30,12,,,,,1,1,1,14,7,0,23,0,23,2,9,1,70,5,3,1,55,55,3,61,31,0,,,,,,,10,0,20,0,3,0,2,0,2,0,4,2,35.73306638888889,139.6971025,1,3,,,,
1,30,551,65,2,0,1,30000,0,116,2021,3,12,12,52,12,,,,,2,1,1,14,7,0,23,0,23,2,9,1,70,5,3,1,55,25,51,61,0,0,,,,,,,0,0,10,0,4,0,0,0,0,0,4,2,35.717193333333334,139.70605305555554,6,3,,,,
1,30,551,68,2,0,1,10280,0,116,2021,4,12,7,5,12,,,,,1,1,1,14,7,0,23,0,23,5,9,1,70,4,2,1,75,45,3,61,31,0,,,,,,,4,0,40,0,3,0,2,0,2,0,4,2,35.716028333333334,139.70483694444442,2,3,,,,
1,30,551,71,2,0,2,30000,0,116,2021,4,2,9,16,12,,,,,2,1,1,14,7,0,23,0,23,2,9,1,70,5,3,1,45,45,51,61,0,0,,,,,,,0,0,10,0,4,0,0,0,0,0,2,2,35.733628333333336,139.6854025,6,3,,,,
1,30,551,80,2,0,1,10160,0,116,2021,4,23,11,20,12,,,,,1,1,1,14,7,0,23,0,23,1,9,1,70,5,2,1,55,35,3,61,1,0,,,,,,,10,0,70,0,4,0,2,0,2,0,4,2,35.72383916666667,139.69400638888888,6,3,,,,
1,30,551,81,2,0,1,30000,0,116,2021,4,20,14,30,12,,,,,1,1,1,1,7,0,23,0,23,11,9,30,70,5,3,1,1,0,61,0,0,0,,,,,,,0,0,0,0,0,0,0,0,0,0,2,0,35.729335,139.68831333333333,3,3,,,,
1,30,552,52,2,0,1,30000,0,117,2021,4,4,12,6,12,,,,,1,1,1,14,7,0,23,0,23,3,9,1,70,5,3,1,65,65,51,61,0,0,,,,,,,0,0,10,0,3,0,0,0,0,0,4,2,35.741615555555555,139.7617038888889,1,3,,,,
1,30,552,62,2,0,1,30000,0,117,2021,4,26,8,45,12,,,,,1,1,1,14,7,0,23,0,23,2,8,1,70,5,3,1,65,1,3,61,1,0,,,,,,,2,0,20,0,3,0,2,0,2,0,4,2,35.74790222222222,139.7235036111111,2,3,,,,
1,30,552,64,2,0,1,170,90,117,2021,4,27,11,20,12,,,,,1,1,1,1,1,9,22,0,23,17,9,30,70,1,2,1,35,75,12,61,31,0,,,,,,,4,0,40,0,4,0,2,0,2,0,4,2,35.74747222222222,139.7233013888889,3,3,,,,
1,30,554,49,2,0,1,30000,0,117,2021,4,3,10,20,12,,,,,1,1,1,1,7,9,22,0,23,15,9,30,70,4,1,1,45,75,35,61,31,0,,,,,,,2,0,10,0,3,0,0,0,0,0,4,2,35.77408666666667,139.72597055555556,7,3,,,,
1,30,554,53,2,0,1,30000,0,117,2021,4,14,19,35,22,,,,,3,1,2,7,7,0,23,0,23,3,9,1,70,5,1,1,35,35,35,61,31,0,,,,,,,2,0,10,0,3,0,0,0,0,0,4,2,35.784972777777774,139.70262277777778,4,3,,,,
1,30,554,54,2,0,1,20000,0,117,2021,4,16,19,15,22,,,,,1,1,1,1,1,8,22,0,23,18,9,30,70,4,2,1,25,65,51,61,0,0,,,,,,,0,0,10,0,4,0,0,0,0,0,4,2,35.781797499999996,139.71800805555554,6,3,,,,
1,30,554,56,2,0,1,30000,0,117,2021,4,17,12,25,12,,,,,2,1,1,14,7,0,23,0,23,4,9,1,70,4,2,1,45,1,3,61,31,0,,,,,,,2,0,10,0,3,0,2,0,2,0,4,2,35.77647361111111,139.7118936111111,7,3,,,,
1,30,554,58,2,0,1,30000,0,117,2021,4,22,6,25,12,,,,,1,1,1,14,7,0,23,0,23,2,9,1,70,5,1,1,35,75,3,61,31,0,,,,,,,10,0,10,0,3,0,2,0,2,0,4,2,35.78275,139.71270027777777,5,3,,,,