資料区分,都道府県コード,警察署等コード,本票番号,事故内容,死者数,負傷者数,路線コード,地点コード,市区町村コード,発生日時　　年,発生日時　　月,発生日時　　日,発生日時　　時,発生日時　　分,昼夜,日の出時刻　　時,日の出時刻　　分,日の入り時刻　　時,日の入り時刻　　分,天候,地形,路面状態,道路形状,信号機,一時停止規制　標識（当事者A）,一時停止規制　表示（当事者A）,一時停止規制　標識（当事者B）,一時停止規制　表示（当事者B）,車道幅員,道路線形,衝突地点,ゾーン規制,中央分離帯施設等,歩車道区分,事故類型,年齢（当事者A）,年齢（当事者B）,当事者種別（当事者A）,当事者種別（当事者B）,用途別（当事者A）,用途別（当事者B）,車両形状等（当事者A）,車両形状等（当事者B）,オートマチック車（当事者A）,オートマチック車（当事者B）,サポカー（当事者A）,サポカー（当事者B）,速度規制（指定のみ）（当事者A）,速度規制（指定のみ）（当事者B）,車両の衝突部位（当事者A）,車両の衝突部位（当事者B）,車両の損壊程度（当事者A）,車両の損壊程度（当事者B）,エアバッグの装備（当事者A）,エアバッグの装備（当事者B）,サイドエアバッグの装備（当事者A）,サイドエアバッグの装備（当事者B）,人身損傷程度（当事者A）,人身損傷程度（当事者B）,lat,lon,曜日(発生年月日),祝日(発生年月日),認知機能検査経過日数（当事者A）,認知機能検査経過日数（当事者B）,運転練習の方法（当事者A）,運転練習の方法（当事者B）
1,30,555,87,2,0,1,2540,70,119,2021,4,10,9,29,12,,,,,1,1,1,1,1,9,22,0,23,18,9,30,70,5,1,1,45,75,3,61,31,0,,,,,,,5,0,10,0,3,0,2,0,2,0,4,2,35.74408944444445,139.70325666666665,7,3,,,,
1,30,555,95,2,0,1,30000,0,119,2021,4,17,19,5,21,,,,,3,1,2,14,7,0,23,0,23,2,9,1,70,5,1,1,25,75,51,61,0,0,,,,,,,0,0,10,0,4,0,0,0,0,0,4,2,35.75449416666667,139.7141136111111,7,3,,,,
1,30,555,103,2,0,1,2540,71,119,2021,4,18,20,15,22,,,,,1,1,1,1,1,9,22,0,23,18,9,30,70,1,2,1,25,55,51,61,0,0,,,,,,,0,0,10,0,4,0,0,0,0,0,4,2,35.74514833333333,139.7019686111111,1,3,,,,
1,30,556,78,2,0,1,30000,0,119,2021,4,3,19,10,22,,,,,1,1,1,1,7,1,21,0,23,11,9,30,1,5,3,1,45,35,3,61,31,0,,,,,,,2,0,50,0,4,0,2,0,2,0,4,2,35.76893416666667,139.69514305555555,7,3,,,,
1,30,556,86,2,0,1,30000,0,119,2021,4,13,19,19,22,,,,,2,1,1,1,7,9,22,0,23,15,9,30,70,5,1,1,55,35,3,61,31,0,,,,,,,3,0,55,0,4,0,2,0,2,0,4,2,35.781395833333335,139.69637111111112,3,3,,,,
1,30,556,87,2,0,1,30000,0,119,2021,4,14,8,10,12,,,,,3,1,2,13,7,0,23,0,23,2,6,1,70,5,3,1,25,65,51,61,0,0,,,,,,,0,0,10,0,4,0,0,0,0,0,4,2,35.77689111111111,139.66919472222222,4,3,,,,
1,30,556,95,2,0,1,30000,0,119,2021,4,23,10,53,12,,,,,1,1,1,14,7,0,23,0,23,3,9,1,70,5,3,1,25,75,3,61,31,0,,,,,,,2,0,30,0,4,0,2,0,2,0,4,2,35.78353194444444,139.68865944444445,6,3,,,,
1,30,556,97,2,0,1,30000,0,119,2021,4,28,10,13,12,,,,,1,1,1,1,7,9,22,0,23,14,9,30,70,4,2,1,35,75,4,61,31,0,,,,,,,2,0,50,0,3,0,2,0,2,0,4,2,35.7728025,139.66849638888888,4,2,,,,
1,30,556,99,2,0,1,30000,0,119,2021,4,28,8,10,12,,,,,1,1,1,14,7,0,23,0,23,3,9,1,70,5,3,1,35,25,3,61,31,0,,,,,,,2,0,10,0,3,0,2,0,2,0,4,2,35.77883861111111,139.68810444444443,4,2,,,,
1,30,557,73,2,0,1,30000,0,120,2020,12,16,22,35,22,,,,,1,1,1,1,7,1,21,0,23,14,9,30,70,4,3,1,65,65,3,61,31,0,,,,,,,2,0,20,0,3,0,2,0,2,0,4,2,35.73224333333334,139.65904277777778,4,3,,,,
1,30,557,76,2,0,1,30000,0,120,2021,3,26,10,40,12,,,,,1,1,1,14,7,0,23,0,23,2,9,1,70,5,3,1,45,75,51,61,0,0,,,,,,,0,0,10,0,3,0,0,0,0,0,4,2,35.74140305555556,139.63619083333333,6,3,,,,
1,30,557,86,2,0,1,30000,0,120,2021,4,14,8,20,12,,,,,3,1,2,14,7,0,23,0,23,3,9,1,70,5,3,1,1,25,51,61,0,0,,,,,,,0,0,10,0,3,0,0,0,0,0,4,2,35.73079388888889,139.65712583333334,4,3,,,,
1,30,557,87,2,0,1,30000,0,120,2021,4,6,8,15,12,,,,,2,1,1,1,7,0,23,0,23,15,9,30,70,5,2,1,1,0,61,0,0,0,,,,,,,0,0,0,0,0,0,0,0,0,0,2,0,35.74157138888889,139.64000472222222,3,3,,,,
1,30,557,90,2,0,1,30000,0,120,2021,4,17,12,24,12,,,,,2,1,1,14,7,0,23,0,23,2,9,1,70,5,2,1,45,55,3,61,31,0,,,,,,,5,0,30,0,3,0,2,0,2,0,4,2,35.732594444444445,139.67084333333332,7,3,,,,
1,30,558,90,2,0,1,10320,0,120,2021,4,13,14,30,12,,,,,2,1,1,1,7,9,22,0,23,14,9,30,70,4,1,1,1,55,51,61,0,0,,,,,,,0,0,10,0,4,0,0,0,0,0,4,2,35.74028055555556,139.59241472222223,3,3,,,,
1,30,558,91,2,0,1,10320,0,120,2021,2,19,8,11,12,,,,,1,1,1,1,1,9,22,0,23,15,9,30,70,4,1,1,35,35,51,61,0,0,,,,,,,0,0,30,0,4,0,0,0,0,0,4,2,35.74532083333333,139.60801916666665,6,3,,,,
1,30,558,98,2,0,1,20350,0,120,2021,4,17,9,10,12,,,,,3,1,1,14,7,0,23,0,23,3,9,1,70,5,3,1,1,35,4,61,31,0,,,,,,,2,0,40,0,4,0,2,0,2,0,4,2,35.73249166666667,139.61197305555555,7,3,,,,
1,30,558,103,2,0,1,20350,0,120,2021,4,27,7,46,12,,,,,1,1,1,1,7,9,22,0,23,15,9,30,70,5,3,1,35,1,3,61,31,0,,,,,,,2,0,50,0,3,0,2,0,2,0,4,2,35.732365,139.6121425,3,3,,,,
1,30,558,104,2,0,1,30000,0,120,2021,4,22,12,35,12,,,,,1,1,1,14,7,0,23,0,23,1,9,1,70,5,2,1,45,45,3,61,31,0,,,,,,,1,0,20,0,3,0,2,0,2,0,4,2,35.77049888888889,139.5859986111111,5,3,,,,
1,30,559,55,2,0,1,30000,0,119,2021,4,9,14,35,12,,,,,2,1,1,14,7,0,23,0,23,1,9,1,70,5,1,1,45,75,51,61,0,0,,,,,,,0,0,10,0,4,0,0,0,0,0,4,2,35.77619555555555,139.65710166666668,6,3,,,,
1,30,559,62,2,0,1,95000,0,119,2021,4,23,13,25,12,,,,,1,1,1,7,7,0,23,0,23,4,9,1,70,5,2,1,25,75,51,61,0,0,,,,,,,0,0,10,0,3,0,0,0,0,0,4,2,35.76783583333333,139.66661638888888,6,3,,,,
1,30,560,110,2,0,1,30000,0,120,2021,4,8,16,45,12,,,,,2,1,1,1,7,9,22,0,23,11,9,30,70,5,3,1,25,1,14,61,1,0,,,,,,,1,0,10,0,3,0,2,0,2,0,4,2,35.747731111111115,139.6164936111111,5,3,,,,
1,30,560,111,2,0,1,10200,0,120,2021,4,26,6,35,12,,,,,1,1,1,14,7,0,23,0,23,1,9,1,70,5,2,1,35,25,51,61,0,0,,,,,,,0,0,10,0,3,0,0,0,0,0,4,2,35.74924333333333,139.63594777777777,2,3,,,,
1,30,660,40,2,0,1,30000,0,106,2021,4,5,12,5,12,,,,,3,1,2,1,1,9,22,0,23,15,9,30,70,5,2,1,35,25,3,61,31,0,,,,,,,2,0,10,0,4,0,2,0,2,0,4,2,35.71013277777778,139.77858805555556,2,3,,,,
1,30,660,41,2,0,1,20370,0,106,2021,4,5,12,30,12,,,,,3,1,2,14,7,0,23,0,23,5,9,1,70,4,2,1,1,35,4,61,31,0,,,,,,,3,0,10,0,1,0,1,0,1,0,4,2,35.7119025,139.76868222222222,2,3,,,,
1,30,660,42,2,0,1,30000,0,106,2021,4,5,13,50,12,,,,,3,1,2,1,1,9,22,0,23,14,9,30,70,5,2,1,25,45,3,61,31,0,,,,,,,2,0,10,0,4,0,2,0,2,0,4,2,35.70890305555556,139.77819194444444,2,3,,,,
1,30,660,45,2,0,1,40,28,106,2021,4,25,3,21,22,,,,,1,1,1,1,1,9,22,0,23,19,9,30,70,1,2,1,1,25,14,61,1,0,,,,,,,5,0,10,0,3,0,2,0,2,0,4,2,35.70748666666667,139.77637805555557,1,3,,,,
1,30,661,25,2,0,1,40,57,106,2021,4,17,0,45,22,,,,,2,1,1,14,7,0,23,0,23,2,9,1,70,5,1,1,35,25,51,61,0,0,,,,,,,0,0,10,0,3,0,0,0,0,0,4,2,35.72916611111111,139.79118166666666,7,3,,,,
1,30,662,31,2,0,1,60,38,106,2021,4,4,19,40,22,,,,,3,1,2,1,1,0,23,0,23,14,9,30,70,4,2,1,25,0,61,0,0,0,,,,,,,0,0,0,0,0,0,0,0,0,0,2,0,35.71058388888889,139.7976422222222,1,3,,,,
1,30,662,35,2,0,1,30000,0,106,2021,4,13,9,0,12,,,,,3,1,1,14,7,0,23,0,23,4,9,1,70,4,2,1,45,75,17,61,1,0,,,,,,,2,0,40,0,3,0,2,0,2,0,4,2,35.726243333333336,139.80210666666667,3,3,,,,
1,30,662,37,2,0,1,30000,0,106,2021,4,18,16,55,12,,,,,1,1,1,7,7,0,23,0,23,2,9,1,70,4,2,1,55,45,13,61,31,0,,,,,,,2,0,60,0,4,0,2,0,2,0,4,2,35.72776527777778,139.79967,1,3,,,,
1,30,662,40,2,0,1,10360,0,106,2021,4,23,7,41,12,,,,,1,1,1,14,7,0,23,0,23,3,9,1,70,5,2,1,1,75,35,61,31,0,,,,,,,3,0,10,0,3,0,0,0,0,0,4,2,35.726458055555554,139.80822,6,3,,,,
1,30,663,38,2,0,1,30000,0,106,2021,3,29,8,29,12,,,,,1,1,1,14,7,0,23,0,23,4,9,1,70,5,2,1,35,1,51,61,0,0,,,,,,,0,0,10,0,3,0,0,0,0,0,2,4,35.701461111111115,139.7852475,2,3,,,,
1,30,663,42,2,0,1,30000,0,106,2021,4,15,8,5,12,,,,,1,1,1,7,7,0,23,0,23,3,9,1,70,5,2,1,65,75,4,61,31,0,,,,,,,2,0,30,0,4,0,2,0,2,0,4,2,35.70833805555556,139.78669,5,3,,,,
1,30,663,44,2,0,1,60,21,106,2021,4,16,20,15,22,,,,,1,1,1,1,1,9,22,0,23,18,9,30,70,1,2,1,25,45,51,61,0,0,,,,,,,0,0,10,0,3,0,0,0,0,0,4,2,35.69748166666666,139.78630638888887,6,3,,,,
1,30,663,49,2,0,1,30000,0,106,2021,4,27,19,30,22,,,,,1,1,1,7,7,0,23,0,23,3,9,1,70,5,3,1,45,65,51,61,0,0,,,,,,,0,0,10,0,4,0,0,0,0,0,4,2,35.70008333333334,139.78092055555558,3,3,,,,
1,30,664,33,2,0,1,30000,0,118,2021,4,19,17,55,13,,,,,1,1,1,14,7,0,23,0,23,1,9,1,70,5,4,1,55,75,51,61,0,0,,,,,,,0,0,20,0,3,0,0,0,0,0,4,2,35.739200833333335,139.7698325,2,3,,,,
1,30,666,23,2,0,1,30000,0,118,2021,4,5,23,30,22,,,,,1,1,1,1,7,9,22,0,23,11,9,30,70,4,1,1,1,1,3,61,31,0,,,,,,,2,0,40,0,4,0,2,0,2,0,4,2,35.74791388888889,139.78619388888887,2,3,,,,
1,30,667,40,2,0,1,30000,0,121,2021,4,17,2,20,22,,,,,1,1,1,14,7,0,23,0,23,3,9,1,70,5,1,1,45,75,24,61,0,0,,,,,,,10,0,60,0,4,0,0,0,0,0,4,2,35.73979277777778,139.8007038888889,7,3,,,,
1,30,668,147,2,0,1,30000,0,121,2021,4,3,18,56,21,,,,,1,1,1,1,1,9,22,0,23,17,9,30,70,1,2,1,45,25,3,61,31,0,,,,,,,5,0,10,0,3,0,2,0,2,0,4,2,35.78733527777778,139.80275805555556,7,3,,,,
1,30,668,156,2,0,1,10710,0,121,2021,4,14,6,43,12,,,,,2,1,2,14,7,0,23,0,23,6,9,1,70,1,1,1,25,55,51,61,0,0,,,,,,,0,0,10,0,3,0,0,0,0,0,4,2,35.76411,139.77098361111112,4,3,,,,
1,30,668,165,2,0,1,30000,0,121,2021,4,21,9,46,12,,,,,1,1,1,1,1,9,22,0,23,18,9,30,70,4,1,1,65,75,51,61,0,0,,,,,,,0,0,10,0,3,0,0,0,0,0,4,2,35.78385333333333,139.7647802777778,4,3,,,,
1,30,668,168,2,0,1,30000,0,121,2021,1,16,10,20,12,,,,,1,1,1,14,7,0,23,0,23,3,9,1,70,4,3,1,25,0,61,0,0,0,,,,,,,0,0,0,0,0,0,0,0,0,0,2,0,35.775151666666666,139.77352444444446,7,3,,,,
1,30,668,175,2,0,1,10130,0,121,2021,3,13,13,18,12,,,,,3,1,2,1,1,9,22,0,23,18,9,30,70,1,2,1,45,25,3,61,31,0,,,,,,,4,0,50,0,4,0,2,0,2,0,4,2,35.773850555555555,139.74070805555553,7,3,,,,
1,30,669,139,2,0,1,30000,0,121,2021,4,1,8,30,12,,,,,1,1,1,1,7,9,22,0,23,11,9,30,70,4,2,1,35,1,3,61,31,0,,,,,,,2,0,20,0,4,0,2,0,2,0,4,2,35.77540277777778,139.84166055555556,5,3,,,,
1,30,669,148,2,0,1,10130,0,121,2021,4,6,14,10,12,,,,,1,1,1,1,7,9,22,0,23,15,9,30,70,5,2,1,25,45,36,61,31,0,,,,,,,2,0,10,0,3,0,0,0,0,0,4,2,35.7775375,139.83231972222222,3,3,,,,
1,30,669,153,2,0,1,30000,0,121,2021,4,11,8,20,12,,,,,1,1,1,1,7,1,22,0,23,11,9,30,70,5,2,1,45,25,3,61,31,0,,,,,,,2,0,10,0,4,0,2,0,2,0,4,2,35.77702611111111,139.82726055555554,1,3,,,,
1,30,669,156,2,0,1,30000,0,121,2021,4,12,15,5,12,,,,,1,1,1,1,7,9,22,0,23,11,9,30,70,5,2,1,25,45,3,61,31,0,,,,,,,3,0,10,0,3,0,2,0,2,0,4,2,35.77666305555555,139.83378666666667,2,3,,,,
1,30,669,158,2,0,1,30000,0,121,2021,4,7,7,33,12,,,,,1,1,1,14,7,0,23,0,23,2,9,1,70,5,3,1,65,25,3,61,1,0,,,,,,,2,0,40,0,3,0,2,0,2,0,4,2,35.76899972222222,139.80989083333336,4,3,,,,
1,30,669,165,2,0,1,30000,0,121,2021,4,17,10,55,12,,,,,2,1,1,14,7,0,23,0,23,2,9,1,70,5,2,1,55,75,51,61,0,0,,,,,,,0,0,10,0,3,0,0,0,0,0,4,2,35.77453888888889,139.81011555555557,7,3,,,,
1,30,669,180,2,0,1,30000,0,121,2021,4,15,9,40,12,,,,,1,1,1,14,7,0,23,0,23,2,9,1,70,5,2,1,65,45,52,61,0,0,,,,,,,0,0,10,0,3,0,0,0,0,0,4,2,35.77303916666666,139.80789555555558,5,3,,,,
1,30,669,183,2,0,1,95000,0,121,2021,4,24,13,10,12,,,,,1,1,1,0,7,0,23,0,23,0,0,20,70,0,4,1,35,75,3,61,31,0,,,,,,,10,0,30,0,4,0,2,0,2,0,4,2,35.77208805555556,139.8278375,7,3,,,,
1,30,670,115,2,0,1,30000,0,121,2021,4,13,16,42,12,,,,,2,1,1,14,7,0,23,0,23,3,9,1,70,4,4,1,65,1,3,61,31,0,,,,,,,3,0,50,0,4,0,2,0,2,0,4,2,35.79603611111111,139.77942416666667,3,3,,,,
1,30,670,124,2,0,1,30000,0,121,2021,4,19,19,8,21,,,,,1,1,1,1,7,9,22,0,23,14,9,30,70,4,2,1,55,75,3,61,31,0,,,,,,,2,0,10,0,3,0,2,0,2,0,4,2,35.80840833333333,139.76804611111112,2,3,,,,
1,30,771,109,1,1,0,30000,0,108,2021,4,20,18,39,21,,,,,1,1,1,1,7,9,22,0,23,18,9,30,70,5,2,1,65,75,3,61,1,0,,,,,,,10,0,50,0,3,0,2,0,2,0,4,1,35.657647222222224,139.80300222222223,3,3,,,,
1,30,771,114,2,0,1,30000,0,108,2021,4,7,18,15,21,,,,,1,1,1,1,7,9,22,0,23,15,9,30,1,5,1,1,35,55,14,61,1,0,,,,,,,2,0,10,0,2,0,2,0,2,0,4,2,35.664586666666665,139.81547083333334,4,3,,,,
1,30,771,129,2,0,1,20540,0,108,2021,4,15,8,35,12,,,,,1,1,1,1,7,9,22,0,23,15,8,30,70,4,2,1,75,65,51,61,0,0,,,,,,,0,0,10,0,3,0,0,0,0,0,4,2,35.682755,139.8097275,5,3,,,,
1,30,771,130,2,0,1,20680,0,108,2021,4,18,12,5,12,,,,,1,1,1,1,1,9,22,0,23,18,9,30,70,1,1,1,35,1,3,61,31,0,,,,,,,4,0,70,0,3,0,2,0,2,0,4,2,35.670767777777776,139.79325194444445,1,3,,,,
1,30,771,138,2,0,1,30000,0,108,2021,3,9,17,0,13,,,,,1,1,1,14,7,0,23,0,23,4,9,1,70,4,1,1,35,25,51,61,0,0,,,,,,,0,0,20,0,4,0,0,0,0,0,4,2,35.68361083333333,139.81131194444447,3,3,,,,
1,30,771,140,2,0,1,10040,0,108,2021,4,15,17,23,13,,,,,1,1,1,1,1,9,22,0,23,18,9,30,70,1,2,1,25,75,51,61,0,0,,,,,,,0,0,10,0,3,0,0,0,0,0,4,2,35.669695,139.81625222222223,5,3,,,,
1,30,771,141,2,0,1,30000,0,108,2021,4,12,8,10,12,,,,,1,1,1,14,7,0,23,0,23,2,9,1,70,4,2,1,45,75,51,61,0,0,,,,,,,0,0,10,0,3,0,0,0,0,0,4,2,35.67505138888889,139.80267833333335,2,3,,,,
1,30,771,145,2,0,1,20680,0,108,2021,2,27,12,45,12,,,,,1,1,1,14,7,0,23,0,23,3,9,1,70,1,2,1,35,25,51,61,0,0,,,,,,,0,0,40,0,4,0,0,0,0,0,4,2,35.67306555555555,139.7951547222222,7,3,,,,
1,30,772,86,2,0,1,30000,0,108,2021,4,18,13,55,12,,,,,1,1,1,14,7,0,23,0,23,5,9,1,70,4,2,1,35,75,51,61,0,0,,,,,,,0,0,10,0,3,0,0,0,0,0,4,2,35.68465277777778,139.84377,1,3,,,,
1,30,772,89,2,0,1,20650,0,108,2021,3,17,6,12,11,,,,,1,1,1,14,7,0,23,0,23,6,9,20,70,1,2,1,45,55,13,61,31,0,,,,,,,4,0,40,0,3,0,2,0,2,0,4,2,35.70165361111111,139.834135,4,3,,,,
1,30,773,63,2,0,1,95000,0,107,2021,4,3,11,0,12,,,,,1,1,1,0,7,0,23,0,23,0,0,20,70,0,2,1,65,75,51,61,0,0,,,,,,,0,0,10,0,4,0,0,0,0,0,4,2,35.711264722222225,139.8151627777778,7,3,,,,
1,30,773,66,2,0,1,30000,0,107,2021,4,5,19,0,21,,,,,2,1,2,1,7,1,21,0,23,11,9,30,70,4,2,1,45,35,14,61,1,0,,,,,,,2,0,40,0,3,0,2,0,2,0,4,2,35.705286944444445,139.81614027777778,2,3,,,,
1,30,773,75,2,0,1,30000,0,107,2021,4,5,20,30,22,,,,,3,1,2,1,1,9,22,0,23,18,9,30,70,4,2,1,45,25,3,61,31,0,,,,,,,10,0,20,0,3,0,2,0,2,0,4,2,35.71583638888889,139.8100938888889,2,3,,,,
1,30,773,81,2,0,1,20690,0,107,2021,4,18,22,51,22,,,,,1,1,1,1,1,9,22,0,23,19,8,30,70,5,2,1,65,45,3,61,1,0,,,,,,,5,0,10,0,2,0,2,0,2,0,4,2,35.695456944444445,139.81497416666667,1,3,,,,
1,30,773,84,2,0,1,140,39,107,2021,4,23,10,30,12,,,,,1,1,1,7,7,0,23,0,23,5,9,1,70,1,2,1,55,25,51,61,0,0,,,,,,,0,0,10,0,3,0,0,0,0,0,2,4,35.69497361111111,139.8068827777778,6,3,,,,
1,30,773,85,2,0,1,10370,0,107,2021,4,26,7,35,12,,,,,1,1,1,1,1,9,22,0,23,18,9,30,70,4,2,1,1,65,13,61,31,0,,,,,,,2,0,80,0,3,0,2,0,2,0,4,2,35.69169083333333,139.80577583333334,2,3,,,,
1,30,773,86,2,0,1,30000,0,107,2021,4,20,19,25,22,,,,,1,1,1,14,7,0,23,0,23,2,7,1,70,5,2,1,25,75,36,61,31,0,,,,,,,2,0,10,0,4,0,0,0,0,0,4,2,35.70847833333334,139.81116444444444,3,3,,,,
1,30,773,90,2,0,1,140,25,107,2021,4,30,1,35,22,,,,,2,1,2,1,1,9,22,0,23,18,9,30,70,4,2,1,65,25,14,61,1,0,,,,,,,10,0,20,0,3,0,2,0,2,0,4,2,35.694198888888884,139.79096583333333,6,3,,,,
1,30,774,34,2,0,1,60,74,107,2021,4,5,13,15,12,,,,,3,1,2,7,1,0,23,0,23,2,9,20,70,4,1,1,25,55,3,61,31,0,,,,,,,5,0,10,0,4,0,2,0,2,0,4,2,35.72853694444445,139.82496972222222,2,3,,,,
1,30,774,35,2,0,1,10090,0,107,2021,4,5,18,50,21,,,,,2,1,2,14,7,0,23,0,23,1,9,1,70,5,1,1,35,35,51,61,0,0,,,,,,,0,0,10,0,4,0,0,0,0,0,4,2,35.711488611111115,139.82906027777778,2,3,,,,
1,30,774,43,2,0,1,30490,0,107,2021,4,17,10,45,12,,,,,2,1,1,1,7,9,22,0,23,14,9,30,70,4,2,1,35,45,51,61,0,0,,,,,,,0,0,10,0,3,0,0,0,0,0,4,2,35.72701916666667,139.82536249999998,7,3,,,,
1,30,775,129,2,0,1,30000,0,122,2021,4,12,9,5,12,,,,,1,1,1,1,7,1,21,0,23,15,9,30,70,4,2,1,65,55,4,61,31,0,,,,,,,2,0,10,0,3,0,2,0,2,0,4,2,35.75260027777778,139.87821222222223,2,3,,,,
1,30,775,136,2,0,1,99000,0,122,2021,4,18,12,10,12,,,,,2,1,1,0,7,0,23,0,23,0,0,20,70,0,4,1,55,55,13,61,31,0,,,,,,,10,0,10,0,3,0,2,0,2,0,4,2,35.75228666666667,139.8491275,1,3,,,,
1,30,775,147,2,0,1,20000,0,122,2021,4,26,15,55,12,,,,,1,1,1,1,7,9,22,0,23,18,9,30,70,4,2,1,1,75,51,61,0,0,,,,,,,0,0,10,0,3,0,0,0,0,0,4,2,35.76310055555555,139.85256583333333,2,3,,,,
1,30,776,80,2,0,1,10290,0,122,2021,4,9,12,13,12,,,,,1,1,1,1,1,9,22,0,23,17,9,30,70,1,1,1,65,65,3,61,31,0,,,,,,,4,0,50,0,4,0,2,0,2,0,4,2,35.72066916666667,139.85898944444443,6,3,,,,
1,30,776,83,2,0,1,30000,0,122,2021,4,15,20,20,22,,,,,1,1,1,1,7,1,22,0,23,11,9,30,70,5,1,1,1,75,33,61,31,0,,,,,,,2,0,20,0,3,0,0,0,0,0,4,2,35.741865833333335,139.86464222222222,5,3,,,,
1,30,776,84,2,0,1,60,85,122,2021,3,15,18,58,22,,,,,1,1,1,1,1,9,22,0,23,19,9,30,70,1,2,1,45,1,51,61,0,0,,,,,,,0,0,10,0,4,0,0,0,0,0,4,2,35.73538583333333,139.83350722222224,2,3,,,,
1,30,777,169,2,0,1,30000,0,123,2021,4,6,11,50,12,,,,,1,1,1,14,7,0,23,0,23,3,9,1,70,5,3,1,35,1,51,61,0,0,,,,,,,0,0,10,0,4,0,0,0,0,0,4,2,35.706718055555555,139.84684555555557,3,3,,,,
1,30,777,174,2,0,1,30000,0,123,2021,4,8,12,6,12,,,,,1,1,1,1,7,1,21,0,23,11,9,30,70,5,2,1,35,75,51,61,0,0,,,,,,,0,0,10,0,3,0,0,0,0,0,4,2,35.69006611111111,139.89566444444444,5,3,,,,
1,30,777,183,2,0,1,30000,0,123,2021,4,14,8,44,12,,,,,3,1,2,1,1,0,23,0,23,11,9,30,70,5,2,1,35,0,61,0,0,0,,,,,,,0,0,0,0,0,0,0,0,0,0,2,0,35.70249861111111,139.84805083333333,4,3,,,,
1,30,777,198,2,0,1,95000,0,123,2021,4,17,20,25,22,,,,,3,1,2,14,7,0,23,0,23,2,9,1,70,5,4,1,35,55,51,61,0,0,,,,,,,0,0,10,0,3,0,0,0,0,0,4,2,35.693640555555554,139.87375083333333,7,3,,,,
1,30,777,220,2,0,1,10290,0,123,2021,3,28,19,10,22,,,,,2,1,1,1,1,0,23,0,23,19,9,30,70,1,1,1,25,0,61,0,0,0,,,,,,,0,0,0,0,0,0,0,0,0,0,2,0,35.70729527777778,139.84051861111112,1,3,,,,
1,30,778,62,2,0,1,10290,0,123,2021,4,5,22,1,22,,,,,2,1,1,1,1,9,22,0,23,19,9,30,70,1,2,1,55,35,3,61,31,0,,,,,,,4,0,10,0,3,0,2,0,2,0,4,2,35.72842444444445,139.87036833333335,2,3,,,,
1,30,779,106,2,0,1,30000,0,123,2021,4,24,16,6,12,,,,,1,1,1,1,7,9,22,0,23,14,9,30,70,5,3,1,35,1,3,61,31,0,,,,,,,2,0,40,0,3,0,2,0,2,0,4,2,35.6626925,139.88280444444445,7,3,,,,
1,30,779,110,2,0,1,30000,0,123,2021,4,28,20,25,22,,,,,1,1,1,14,7,0,23,0,23,3,9,1,70,4,2,1,25,75,51,61,0,0,,,,,,,0,0,10,0,3,0,0,0,0,0,4,2,35.66529416666666,139.85846416666666,4,2,,,,
1,30,876,130,2,0,1,20000,0,201,2021,3,27,9,15,12,,,,,1,1,1,1,1,9,22,0,23,18,9,30,70,1,2,1,75,55,3,61,31,0,,,,,,,3,0,50,0,3,0,2,0,2,0,4,2,35.614219166666665,139.39781138888887,7,3,,,,
1,30,876,136,2,0,1,30000,0,209,2021,4,7,17,0,12,,,,,1,1,1,14,7,0,23,0,23,2,9,20,70,5,3,1,1,1,51,61,0,0,,,,,,,0,0,10,0,4,0,0,0,0,0,4,2,35.59590416666667,139.38409694444442,4,3,,,,
1,30,876,150,2,0,1,30000,0,201,2021,4,17,18,52,21,,,,,3,2,2,14,7,0,23,0,23,2,9,1,70,5,3,1,25,35,3,61,31,0,,,,,,,2,0,40,0,3,0,2,0,2,0,4,2,35.6212975,139.34872777777778,7,3,,,,
1,30,876,151,2,0,1,99000,0,209,2021,4,18,15,50,12,,,,,1,2,1,0,7,0,23,0,23,0,0,20,70,0,4,1,55,35,4,61,31,0,,,,,,,2,0,30,0,3,0,2,0,2,0,4,2,35.60684722222222,139.34932361111112,1,3,,,,
1,30,876,152,2,0,1,99000,0,201,2021,4,12,10,40,12,,,,,1,1,1,0,7,0,23,0,23,0,0,20,70,0,4,1,55,55,3,61,31,0,,,,,,,10,0,70,0,4,0,2,0,2,0,4,2,35.624295000000004,139.4016002777778,2,3,,,,
1,30,876,159,2,0,1,30000,0,201,2021,4,22,15,0,12,,,,,1,1,1,14,7,0,23,0,23,2,9,1,70,1,2,1,25,1,51,61,0,0,,,,,,,0,0,20,0,4,0,0,0,0,0,4,2,35.64859444444444,139.35342083333333,5,3,,,,
1,30,876,165,2,0,1,99000,0,209,2021,4,27,15,20,12,,,,,1,1,1,0,7,0,23,0,23,0,0,20,70,0,4,1,35,65,3,61,31,0,,,,,,,10,0,20,0,3,0,2,0,2,0,4,2,35.602002222222225,139.37569416666668,3,3,,,,
1,30,877,78,2,0,1,30000,0,201,2021,3,26,9,40,12,,,,,1,2,1,14,7,0,23,0,23,3,9,1,70,5,1,1,25,0,61,0,0,0,,,,,,,0,0,0,0,0,0,0,0,0,0,2,0,35.646768888888886,139.29441944444443,6,3,,,,
1,30,877,81,2,0,1,30000,0,201,2021,4,3,12,15,12,,,,,1,3,1,1,1,9,22,0,23,15,9,30,70,4,2,1,55,65,3,61,31,0,,,,,,,3,0,10,0,3,0,2,0,2,0,4,2,35.65696555555555,139.29829333333333,7,3,,,,