資料区分,都道府県コード,警察署等コード,本票番号,事故内容,死者数,負傷者数,路線コード,地点コード,市区町村コード,発生日時　　年,発生日時　　月,発生日時　　日,発生日時　　時,発生日時　　分,昼夜,日の出時刻　　時,日の出時刻　　分,日の入り時刻　　時,日の入り時刻　　分,天候,地形,路面状態,道路形状,信号機,一時停止規制　標識（当事者A）,一時停止規制　表示（当事者A）,一時停止規制　標識（当事者B）,一時停止規制　表示（当事者B）,車道幅員,道路線形,衝突地点,ゾーン規制,中央分離帯施設等,歩車道区分,事故類型,年齢（当事者A）,年齢（当事者B）,当事者種別（当事者A）,当事者種別（当事者B）,用途別（当事者A）,用途別（当事者B）,車両形状等（当事者A）,車両形状等（当事者B）,オートマチック車（当事者A）,オートマチック車（当事者B）,サポカー（当事者A）,サポカー（当事者B）,速度規制（指定のみ）（当事者A）,速度規制（指定のみ）（当事者B）,車両の衝突部位（当事者A）,車両の衝突部位（当事者B）,車両の損壊程度（当事者A）,車両の損壊程度（当事者B）,エアバッグの装備（当事者A）,エアバッグの装備（当事者B）,サイドエアバッグの装備（当事者A）,サイドエアバッグの装備（当事者B）,人身損傷程度（当事者A）,人身損傷程度（当事者B）,lat,lon,曜日(発生年月日),祝日(発生年月日),認知機能検査経過日数（当事者A）,認知機能検査経過日数（当事者B）,運転練習の方法（当事者A）,運転練習の方法（当事者B）
1,30,877,83,2,0,1,30000,0,201,2021,3,29,13,18,12,,,,,1,3,1,1,1,9,22,0,23,15,9,30,70,4,2,1,55,45,4,61,31,0,,,,,,,2,0,10,0,3,0,2,0,2,0,4,2,35.64129472222222,139.28423416666666,2,3,,,,
1,30,877,85,2,0,1,30000,0,201,2021,4,9,13,35,12,,,,,2,3,1,14,7,0,23,0,23,1,9,1,70,5,3,1,65,75,4,61,31,0,,,,,,,2,0,80,0,4,0,2,0,2,0,4,2,35.672913055555554,139.26313888888888,6,3,,,,
1,30,877,94,2,0,1,30000,0,201,2021,4,27,17,15,12,,,,,1,1,1,14,7,0,23,0,23,3,9,1,70,5,3,1,75,65,3,61,31,0,,,,,,,10,0,20,0,4,0,2,0,2,0,4,2,35.640682777777776,139.2939125,3,3,,,,
1,30,877,98,2,0,1,200,480,201,2021,4,21,10,10,12,,,,,1,1,1,14,7,0,23,0,23,5,9,1,70,4,2,1,35,45,4,61,31,0,,,,,,,10,0,30,0,4,0,2,0,2,0,4,2,35.65427972222222,139.3054025,4,3,,,,
1,30,878,137,2,0,1,30000,0,224,2021,4,12,7,30,12,,,,,1,1,1,14,7,0,23,0,23,1,9,1,70,1,1,1,25,1,51,61,0,0,,,,,,,0,0,10,0,4,0,0,0,0,0,4,2,35.623545,139.42046833333333,2,3,,,,
1,30,878,140,2,0,1,99000,0,224,2021,4,13,11,20,12,,,,,2,2,1,0,7,0,23,0,23,0,0,20,70,0,3,1,35,35,34,61,31,0,,,,,,,5,0,24,0,3,0,0,0,0,0,4,2,35.64780583333333,139.44035694444446,3,3,,,,
1,30,878,145,2,0,1,30000,0,224,2021,4,17,12,25,12,,,,,3,1,2,1,1,9,22,0,23,14,9,30,70,1,2,1,35,65,3,61,31,0,,,,,,,10,0,10,0,3,0,2,0,2,0,4,2,35.60750277777778,139.42674305555553,7,3,,,,
1,30,878,152,2,0,1,21110,0,224,2021,4,22,19,30,22,,,,,1,1,1,1,1,9,22,0,23,19,9,30,70,1,2,1,55,25,3,61,31,0,,,,,,,10,0,10,0,3,0,2,0,2,0,4,2,35.62840277777778,139.42878916666666,5,3,,,,
1,30,878,157,2,0,1,30000,0,224,2021,4,27,6,58,12,,,,,1,1,1,14,7,0,23,0,23,2,9,1,70,4,2,1,45,0,61,0,0,0,,,,,,,0,0,0,0,0,0,0,0,0,0,2,0,35.639984444444444,139.46472027777776,3,3,,,,
1,30,878,158,2,0,1,30000,0,224,2021,4,10,20,20,22,,,,,1,2,1,1,7,9,22,0,23,11,9,30,70,5,4,1,25,25,3,61,31,0,,,,,,,10,0,40,0,4,0,2,0,1,0,4,2,35.6504675,139.44849416666668,7,3,,,,
1,30,878,162,2,0,1,30000,0,225,2021,4,28,13,50,12,,,,,1,1,1,1,7,9,22,0,23,14,9,30,70,5,4,1,65,1,3,61,31,0,,,,,,,10,0,50,0,3,0,2,0,2,0,4,2,35.63530055555555,139.51982805555556,4,2,,,,
1,30,879,144,2,0,1,99000,0,223,2021,4,3,14,28,12,,,,,1,2,1,0,7,0,23,0,23,0,0,20,70,0,4,1,45,45,3,61,31,0,,,,,,,10,0,40,0,3,0,2,0,2,0,4,2,35.74783027777778,139.38544888888887,7,3,,,,
1,30,879,152,2,0,1,30000,0,220,2021,4,8,17,43,13,,,,,1,2,1,14,7,0,23,0,23,3,9,20,70,5,3,1,35,1,4,61,31,0,,,,,,,2,0,10,0,3,0,2,0,2,0,4,2,35.743434444444446,139.43749416666668,5,3,,,,
1,30,879,153,2,0,1,10540,0,220,2021,4,9,4,30,23,,,,,1,3,1,1,1,9,22,0,23,14,9,30,70,1,2,1,55,45,3,61,31,0,,,,,,,3,0,30,0,3,0,2,0,2,0,4,2,35.73839138888889,139.41681722222222,6,3,,,,
1,30,879,167,2,0,1,30000,0,220,2021,4,20,8,10,12,,,,,1,2,1,14,7,0,23,0,23,2,9,1,70,5,2,1,1,1,51,61,0,0,,,,,,,0,0,10,0,3,0,0,0,0,0,4,2,35.747405,139.4144863888889,3,3,,,,
1,30,879,172,2,0,1,30590,0,220,2021,4,23,8,20,12,,,,,1,1,1,1,1,9,22,0,23,15,9,30,70,4,2,1,1,45,51,61,0,0,,,,,,,0,0,10,0,4,0,0,0,0,0,4,2,35.73872083333333,139.41648361111112,6,3,,,,
1,30,879,178,2,0,1,30000,0,220,2021,4,29,11,20,12,,,,,3,1,2,1,1,9,22,0,23,14,9,30,70,4,2,1,35,45,17,61,31,0,,,,,,,3,0,10,0,3,0,2,0,2,0,4,2,35.73691055555555,139.41692583333332,5,1,,,,
1,30,880,83,2,0,1,30000,0,205,2021,4,28,16,40,12,,,,,1,1,1,14,7,0,23,0,23,2,9,1,70,5,4,1,25,1,3,61,31,0,,,,,,,10,0,20,0,3,0,2,0,2,0,4,2,35.8054625,139.29520944444445,4,2,,,,
1,30,881,40,2,0,1,10470,0,228,2021,4,16,10,45,12,,,,,2,2,2,14,7,0,23,0,23,4,9,1,70,4,2,1,75,35,4,61,31,0,,,,,,,3,0,40,0,4,0,2,0,2,0,4,2,35.729575277777776,139.22468555555557,6,3,,,,
1,30,882,125,2,0,2,30000,0,228,2021,4,15,16,10,12,,,,,1,1,1,14,7,0,23,0,23,2,9,1,70,5,3,1,55,35,3,61,31,0,,,,,,,2,0,10,0,3,0,2,0,2,0,4,2,35.71530527777778,139.29692916666667,5,3,,,,
1,30,883,142,2,0,1,10730,0,201,2021,2,15,18,25,22,,,,,1,1,1,1,1,9,22,0,23,11,3,30,70,5,1,1,55,1,3,61,31,0,,,,,,,5,0,50,0,4,0,2,0,2,0,4,2,35.70639138888889,139.29656722222222,2,3,,,,
1,30,883,154,2,0,1,30000,0,201,2021,4,7,17,41,13,,,,,1,1,1,14,7,0,23,0,23,2,8,1,70,5,3,1,25,1,3,61,31,0,,,,,,,5,0,40,0,3,0,2,0,2,0,4,2,35.65670972222222,139.33103777777777,4,3,,,,
1,30,883,157,2,0,1,95000,0,201,2021,4,10,10,55,12,,,,,1,1,1,1,1,9,22,0,23,15,9,30,70,4,1,1,75,55,3,61,31,0,,,,,,,3,0,40,0,3,0,2,0,2,0,4,2,35.66776194444444,139.34127194444446,7,3,,,,
1,30,883,176,2,0,1,30000,0,201,2021,4,15,20,30,22,,,,,1,1,1,14,7,0,23,0,23,3,8,1,70,4,2,1,1,1,51,61,0,0,,,,,,,0,0,20,0,4,0,0,0,0,0,4,2,35.68879361111111,139.3603036111111,5,3,,,,
1,30,883,178,2,0,1,30000,0,201,2021,3,9,18,55,22,,,,,2,1,1,14,7,0,23,0,23,2,9,1,70,5,4,1,35,1,36,61,31,0,,,,,,,10,0,40,0,4,0,0,0,0,0,4,2,35.68278,139.36914972222223,3,3,,,,
1,30,883,179,2,0,1,30000,0,201,2021,3,31,9,5,12,,,,,1,1,1,1,7,1,22,0,23,11,8,30,70,5,2,1,35,55,4,61,31,0,,,,,,,2,0,50,0,4,0,2,0,2,0,4,2,35.67775861111111,139.32054527777777,4,3,,,,
1,30,883,187,2,0,1,30000,0,201,2021,4,29,21,15,22,,,,,3,1,2,1,7,9,22,0,23,11,8,30,70,5,3,1,1,45,3,61,31,0,,,,,,,10,0,20,0,4,0,2,0,2,0,4,2,35.64961,139.32034944444445,5,1,,,,
1,30,884,187,2,0,1,30000,0,209,2021,4,3,12,38,12,,,,,1,1,1,14,7,0,23,0,23,2,9,1,70,5,3,1,55,35,3,61,31,0,,,,,,,2,0,40,0,4,0,2,0,2,0,4,2,35.5652075,139.46261638888888,7,3,,,,
1,30,884,190,2,0,1,30000,0,209,2021,4,10,16,45,12,,,,,1,1,1,1,1,8,22,0,23,15,9,30,70,4,2,1,55,55,3,61,31,0,,,,,,,3,0,10,0,4,0,2,0,2,0,4,2,35.519322777777774,139.477535,7,3,,,,
1,30,884,191,2,0,1,30000,0,209,2021,4,11,9,35,12,,,,,1,1,1,14,7,0,23,0,23,3,9,1,70,5,3,1,1,65,51,61,0,0,,,,,,,0,0,10,0,4,0,0,0,0,0,4,2,35.55025055555555,139.44796555555556,1,3,,,,
1,30,884,193,2,0,1,30570,0,209,2021,4,11,18,10,13,,,,,1,1,1,14,2,0,23,0,23,2,9,1,70,4,2,1,55,35,14,61,1,0,,,,,,,3,0,10,0,2,0,2,0,2,0,4,2,35.59116222222222,139.46410166666666,1,3,,,,
1,30,884,197,2,0,1,30000,0,209,2021,4,3,13,2,12,,,,,1,1,1,1,7,9,22,0,23,11,9,30,70,5,2,1,45,25,3,61,31,0,,,,,,,2,0,50,0,4,0,2,0,2,0,4,2,35.548893888888884,139.44874777777778,7,3,,,,
1,30,884,203,2,0,1,30560,0,209,2021,4,13,11,30,12,,,,,1,1,1,1,1,9,22,0,23,11,9,30,70,4,1,1,25,45,59,61,0,0,,,,,,,0,0,40,0,4,0,0,0,0,0,4,2,35.54185972222222,139.44708500000002,3,3,,,,
1,30,884,205,2,0,1,99000,0,209,2021,4,20,18,55,21,,,,,1,1,1,0,7,0,23,0,23,0,0,20,70,0,4,1,45,75,3,61,31,0,,,,,,,10,0,50,0,3,0,2,0,2,0,4,2,35.570887777777784,139.42853055555554,3,3,,,,
1,30,884,216,2,0,1,99000,0,209,2021,4,3,9,58,12,,,,,1,2,1,0,7,0,23,0,23,0,0,20,70,0,4,1,65,35,3,61,31,0,,,,,,,10,0,10,0,1,0,2,0,2,0,4,2,35.52395694444444,139.46768916666667,7,3,,,,
1,30,885,118,2,0,1,30000,0,212,2021,3,15,5,38,23,,,,,1,1,1,1,7,9,22,0,23,11,9,30,70,5,3,1,65,55,34,61,31,0,,,,,,,10,0,10,0,3,0,0,0,0,0,4,2,35.65790138888889,139.39364722222223,2,3,,,,
1,30,885,124,2,0,1,30000,0,212,2021,4,3,14,20,12,,,,,1,3,1,14,7,0,23,0,23,2,9,1,1,5,3,1,65,75,51,61,0,0,,,,,,,0,0,10,0,3,0,0,0,0,0,4,2,35.65085388888889,139.36751,7,3,,,,
1,30,885,125,2,0,1,30000,0,212,2021,4,3,21,0,22,,,,,1,3,1,1,7,1,21,0,23,17,9,30,1,4,2,1,35,1,3,61,31,0,,,,,,,2,0,50,0,3,0,2,0,2,0,4,2,35.67847694444444,139.383195,7,3,,,,
1,30,885,129,2,0,1,10000,0,212,2021,4,9,7,53,12,,,,,1,3,1,14,7,0,23,0,23,5,9,1,70,1,1,1,1,1,52,61,0,0,,,,,,,0,0,10,0,3,0,0,0,0,0,4,2,35.668908888888886,139.39372055555555,6,3,,,,
1,30,885,131,2,0,1,21210,0,212,2021,4,10,19,0,21,,,,,1,2,1,14,7,0,23,0,23,4,9,1,70,4,2,1,25,45,51,61,0,0,,,,,,,0,0,20,0,4,0,0,0,0,0,4,2,35.66057027777778,139.38069555555558,7,3,,,,
1,30,885,141,2,0,1,30000,0,212,2021,4,14,21,45,22,,,,,3,1,2,1,1,9,22,0,23,14,9,30,70,4,2,1,45,35,3,61,31,0,,,,,,,3,0,40,0,4,0,2,0,2,0,4,2,35.66034333333333,139.40710694444445,4,3,,,,
1,30,886,123,2,0,1,10550,0,207,2021,4,8,20,15,22,,,,,1,1,2,1,1,9,22,0,23,17,9,30,70,4,2,1,25,35,3,61,31,0,,,,,,,2,0,50,0,3,0,2,0,2,0,4,2,35.69592194444444,139.3796027777778,5,3,,,,
1,30,886,135,2,0,1,30000,0,207,2021,4,21,14,15,12,,,,,1,1,1,14,7,0,23,0,23,1,9,1,70,5,4,1,65,65,51,61,0,0,,,,,,,0,0,10,0,4,0,0,0,0,0,4,2,35.696371111111105,139.3685838888889,4,3,,,,
1,30,886,142,2,0,1,30810,0,207,2021,4,24,18,30,21,,,,,1,1,1,14,7,0,23,0,23,4,8,20,70,4,2,1,55,55,3,61,31,0,,,,,,,3,0,40,0,3,0,2,0,2,0,4,2,35.71330805555556,139.35832249999999,7,3,,,,
1,30,887,134,2,0,1,30000,0,215,2021,3,25,19,20,22,,,,,1,1,1,1,7,9,22,0,23,11,9,30,70,5,4,1,55,75,3,61,31,0,,,,,,,2,0,10,0,3,0,2,0,2,0,4,2,35.67950527777778,139.43115972222222,5,3,,,,
1,30,887,138,2,0,1,30000,0,202,2021,3,27,17,42,13,,,,,2,1,1,14,7,0,23,0,23,2,9,1,70,5,1,1,65,35,3,61,31,0,,,,,,,1,0,40,0,3,0,2,0,2,0,4,2,35.72535666666667,139.41779944444443,7,3,,,,
1,30,887,141,2,0,1,99000,0,215,2021,4,7,10,10,12,,,,,1,2,1,0,7,0,23,0,23,0,0,20,70,0,4,1,1,75,3,61,31,0,,,,,,,10,0,30,0,3,0,2,0,2,0,4,2,35.686321666666664,139.43265666666665,4,3,,,,
1,30,887,151,2,0,1,30000,0,202,2021,4,14,20,25,22,,,,,3,1,2,14,7,0,23,0,23,2,9,1,70,5,2,1,55,25,3,61,1,0,,,,,,,4,0,10,0,3,0,2,0,2,0,4,2,35.700138055555556,139.42066277777778,4,3,,,,
1,30,887,157,2,0,1,30000,0,202,2021,4,19,17,8,12,,,,,1,2,1,1,1,9,22,0,23,18,9,30,70,4,2,1,25,1,14,61,31,0,,,,,,,3,0,10,0,3,0,2,0,2,0,4,2,35.721069444444446,139.42858277777776,2,3,,,,
1,30,887,160,2,0,1,10520,0,202,2021,4,20,17,40,13,,,,,1,1,1,14,7,0,23,0,23,4,9,1,70,4,2,1,55,1,3,61,31,0,,,,,,,4,0,10,0,3,0,2,0,2,0,4,2,35.68971416666666,139.4164488888889,3,3,,,,
1,30,887,163,2,0,1,30000,0,202,2021,4,22,17,45,13,,,,,1,2,1,1,1,9,22,0,23,15,9,30,70,4,2,1,55,45,4,61,31,0,,,,,,,3,0,80,0,3,0,2,0,2,0,4,2,35.72516888888889,139.37356055555557,5,3,,,,
1,30,887,171,2,0,1,10520,0,202,2021,4,12,18,0,13,,,,,1,1,1,14,7,0,23,0,23,2,9,1,70,4,2,1,35,55,14,61,31,0,,,,,,,3,0,80,0,3,0,2,0,2,0,4,2,35.71476166666667,139.4294297222222,2,3,,,,
1,30,888,54,2,0,1,10500,0,206,2021,2,26,17,10,13,,,,,2,1,1,7,7,0,23,0,23,3,9,1,70,4,2,1,55,65,3,61,31,0,,,,,,,3,0,20,0,3,0,2,0,2,0,4,2,35.67294888888889,139.47540472222224,6,3,,,,
1,30,888,56,2,0,1,30000,0,206,2021,3,24,17,0,13,,,,,1,1,1,1,1,9,22,0,23,11,9,30,70,4,2,1,55,1,4,61,31,0,,,,,,,2,0,10,0,3,0,2,0,2,0,4,2,35.66502055555556,139.4565172222222,4,3,,,,
1,30,888,58,2,0,1,10500,0,206,2021,4,5,8,25,12,,,,,2,1,1,14,7,0,23,0,23,3,8,1,70,4,2,1,55,1,51,61,0,0,,,,,,,0,0,10,0,4,0,0,0,0,0,4,2,35.665665,139.4788175,2,3,,,,
1,30,888,65,2,0,1,10500,0,206,2021,4,9,20,13,22,,,,,1,1,1,1,1,9,22,0,23,18,9,30,70,5,2,1,55,55,35,61,31,0,,,,,,,4,0,10,0,3,0,0,0,0,0,4,2,35.673435,139.47512972222222,6,3,,,,
1,30,888,69,2,0,1,95000,0,206,2021,4,13,11,8,12,,,,,2,1,1,1,7,9,21,0,23,11,9,30,70,4,2,1,55,75,3,61,31,0,,,,,,,10,0,10,0,3,0,2,0,2,0,4,2,35.692251111111105,139.46314805555554,3,3,,,,
1,30,888,79,2,0,1,10750,0,206,2021,4,24,15,55,12,,,,,1,1,1,14,1,0,23,0,23,6,9,1,70,1,1,1,35,65,3,61,31,0,,,,,,,10,0,30,0,3,0,2,0,2,0,4,2,35.68817555555555,139.48865999999998,7,3,,,,
1,30,889,74,2,0,1,30000,0,214,2021,4,15,7,14,12,,,,,1,1,1,14,7,0,23,0,23,1,9,1,70,5,3,1,45,55,4,61,31,0,,,,,,,1,0,40,0,4,0,2,0,2,0,4,2,35.703300000000006,139.47826138888888,5,3,,,,
1,30,889,77,2,0,1,30000,0,210,2021,1,18,14,54,12,,,,,1,1,1,14,7,0,23,0,23,2,9,1,70,5,4,1,65,0,61,0,0,0,,,,,,,0,0,0,0,0,0,0,0,0,0,2,0,35.69980305555555,139.53032666666667,2,3,,,,
1,30,890,136,2,0,1,30000,0,229,2021,4,6,10,33,12,,,,,1,1,1,1,1,9,22,0,23,11,9,30,70,4,2,1,65,75,3,61,31,0,,,,,,,2,0,50,0,4,0,2,0,2,0,4,2,35.74491361111111,139.54295694444446,3,3,,,,
1,30,890,139,2,0,1,30000,0,229,2021,3,20,17,40,13,,,,,2,1,1,14,7,0,23,0,23,2,9,20,70,5,3,1,1,55,51,61,0,0,,,,,,,0,0,10,0,3,0,0,0,0,0,4,2,35.750165833333334,139.54557138888887,7,1,,,,
1,30,890,140,2,0,1,99000,0,229,2021,4,17,12,45,12,,,,,3,1,2,0,7,0,23,0,23,0,0,20,70,0,2,1,25,65,4,61,31,0,,,,,,,2,0,10,0,4,0,2,0,2,0,4,2,35.73629916666667,139.52506833333334,7,3,,,,
1,30,890,147,2,0,1,30000,0,222,2021,4,23,9,50,12,,,,,1,1,1,14,7,0,23,0,23,2,9,1,70,5,4,1,55,65,14,61,1,0,,,,,,,10,0,10,0,4,0,2,0,2,0,4,2,35.75622972222222,139.52743944444447,6,3,,,,
1,30,890,148,2,0,1,99000,0,229,2021,4,23,10,15,12,,,,,1,1,1,0,7,0,23,0,23,0,0,20,70,0,4,1,55,45,17,61,31,0,,,,,,,10,0,80,0,4,0,2,0,2,0,4,2,35.73551472222222,139.52527833333335,6,3,,,,
1,30,890,151,2,0,1,30000,0,229,2021,4,23,7,26,12,,,,,1,1,1,1,7,1,21,0,23,15,9,30,70,5,2,1,45,65,3,61,31,0,,,,,,,2,0,10,0,3,0,2,0,2,0,4,2,35.75156138888889,139.54100472222223,6,3,,,,
1,30,890,153,2,0,1,30000,0,222,2021,4,24,15,25,12,,,,,1,1,1,1,1,9,22,0,23,14,9,30,70,4,2,1,45,65,3,61,31,0,,,,,,,2,0,10,0,4,0,2,0,2,0,4,2,35.747926666666665,139.53556944444443,7,3,,,,
1,30,891,76,2,0,1,10250,0,213,2021,1,14,5,40,22,,,,,1,1,1,1,1,0,23,0,23,14,9,30,70,4,1,1,55,0,61,0,0,0,,,,,,,0,0,0,0,0,0,0,0,0,0,2,0,35.74914722222222,139.44967666666668,5,3,,,,
1,30,891,77,2,0,1,30000,0,213,2021,3,11,8,27,12,,,,,1,3,1,7,7,0,23,0,23,2,9,20,70,5,3,1,25,45,4,61,31,0,,,,,,,2,0,40,0,3,0,2,0,2,0,4,2,35.761046944444445,139.45656777777776,5,3,,,,
1,30,891,79,2,0,1,30000,0,213,2021,4,4,18,10,21,,,,,3,1,2,7,7,0,23,0,23,3,9,1,70,4,2,1,65,75,3,61,31,0,,,,,,,3,0,20,0,4,0,2,0,2,0,4,2,35.750078611111114,139.47138833333332,1,3,,,,
1,30,891,93,2,0,1,30610,0,213,2021,4,15,15,55,12,,,,,1,1,1,14,7,0,23,0,23,3,9,1,70,4,3,1,65,75,3,61,31,0,,,,,,,3,0,10,0,3,0,2,0,2,0,4,2,35.73999555555556,139.47750916666666,5,3,,,,
1,30,891,97,2,0,1,30000,0,221,2021,4,14,11,42,12,,,,,3,1,1,1,7,9,22,0,23,11,9,30,70,5,4,1,25,1,3,61,31,0,,,,,,,1,0,40,0,3,0,2,0,2,0,4,2,35.76652027777778,139.51495916666667,4,3,,,,
1,30,892,75,2,0,2,10260,0,203,2021,4,7,10,28,12,,,,,1,1,1,14,7,0,23,0,23,3,9,1,70,4,2,1,1,55,51,61,0,0,,,,,,,0,0,10,0,3,0,0,0,0,0,2,2,35.71392055555556,139.55800027777778,4,3,,,,
1,30,892,98,2,0,1,30000,0,203,2021,4,24,14,0,12,,,,,1,1,1,14,7,0,23,0,23,3,9,1,70,5,2,1,55,35,3,61,31,0,,,,,,,2,0,10,0,3,0,2,0,2,0,4,2,35.703412500000006,139.58248138888888,7,3,,,,
1,30,892,99,2,0,1,30000,0,203,2021,4,30,8,40,12,,,,,1,1,1,14,7,0,23,0,23,2,9,20,70,5,4,1,35,25,51,61,0,0,,,,,,,0,0,20,0,3,0,0,0,0,0,4,2,35.712669444444444,139.55259222222224,6,3,,,,
1,30,892,100,2,0,1,20230,0,203,2021,4,30,8,35,12,,,,,1,1,1,1,1,9,22,0,23,15,9,30,70,4,2,1,75,35,51,61,0,0,,,,,,,0,0,10,0,3,0,0,0,0,0,4,2,35.703586388888894,139.57747444444445,6,3,,,,
1,30,892,101,2,0,1,30000,0,203,2021,4,30,18,35,21,,,,,1,1,1,14,7,0,23,0,23,2,9,20,70,5,4,1,25,1,14,61,1,0,,,,,,,10,0,80,0,3,0,2,0,2,0,4,2,35.714375000000004,139.5538263888889,6,3,,,,
1,30,893,76,2,0,1,95000,0,204,2021,4,6,18,15,21,,,,,1,1,1,14,1,0,23,0,23,3,9,1,70,4,2,1,35,35,14,61,31,0,,,,,,,3,0,10,0,3,0,2,0,2,0,4,2,35.68911305555555,139.56432805555556,3,3,,,,
1,30,893,80,2,0,1,30000,0,204,2021,4,9,14,40,12,,,,,2,1,1,14,7,0,23,0,23,2,9,1,70,5,3,1,45,1,13,61,31,0,,,,,,,2,0,10,0,3,0,2,0,2,0,4,2,35.68579222222222,139.5617425,6,3,,,,
1,30,893,88,2,0,1,20230,0,204,2021,3,23,14,55,12,,,,,1,1,1,14,1,0,23,0,23,2,8,1,70,4,2,1,45,75,51,61,0,0,,,,,,,0,0,10,0,3,0,0,0,0,0,4,2,35.68947222222222,139.56915805555556,3,3,,,,
1,30,893,90,2,0,1,30000,0,204,2021,4,19,9,35,12,,,,,1,1,1,1,7,9,22,0,23,11,9,30,70,5,4,1,25,65,51,61,0,0,,,,,,,0,0,10,0,3,0,0,0,0,0,4,2,35.68181055555555,139.56913916666667,2,3,,,,
1,30,893,92,2,0,1,30000,0,204,2021,4,20,17,45,13,,,,,1,1,1,14,7,0,23,0,23,1,9,1,70,5,3,1,1,0,61,0,0,0,,,,,,,0,0,0,0,0,0,0,0,0,0,2,0,35.70054638888889,139.56034805555558,3,3,,,,
1,30,893,93,2,0,1,95000,0,204,2021,4,14,13,55,12,,,,,2,1,1,13,7,0,23,0,23,3,5,1,70,4,3,1,25,55,51,61,0,0,,,,,,,0,0,10,0,3,0,0,0,0,0,4,2,35.690081944444444,139.58658694444446,4,3,,,,
1,30,893,96,2,0,1,20880,0,204,2021,4,16,8,20,12,,,,,1,1,1,14,1,0,23,0,23,2,9,20,70,4,3,1,35,1,51,61,0,0,,,,,,,0,0,10,0,4,0,0,0,0,0,4,2,35.68856638888889,139.577185,6,3,,,,
1,30,894,129,2,0,1,99000,0,208,2021,3,24,14,30,12,,,,,1,1,1,0,7,0,23,0,23,0,0,20,70,0,4,1,1,65,51,61,0,0,,,,,,,0,0,10,0,3,0,0,0,0,0,4,2,35.63932527777778,139.5456638888889,4,3,,,,
1,30,894,132,2,0,1,21230,0,219,2021,4,1,7,50,12,,,,,2,1,1,1,1,9,22,0,23,14,9,30,70,4,2,1,75,1,3,61,31,0,,,,,,,3,0,10,0,3,0,2,0,2,0,4,2,35.63010833333333,139.57126694444443,5,3,,,,
1,30,894,138,2,0,1,30000,0,208,2021,4,9,8,37,12,,,,,1,1,1,14,7,0,23,0,23,1,8,1,70,5,4,1,35,25,3,61,31,0,,,,,,,10,0,40,0,3,0,2,0,2,0,4,2,35.643385555555554,139.54778083333332,6,3,,,,
1,30,894,151,2,0,1,30000,0,208,2021,4,22,19,5,21,,,,,1,1,1,14,7,0,23,0,23,2,9,1,70,4,2,1,25,65,4,61,31,0,,,,,,,3,0,20,0,2,0,2,0,2,0,4,2,35.636116666666666,139.5610638888889,5,3,,,,
1,30,894,152,2,0,1,30000,0,208,2021,4,24,8,5,12,,,,,1,1,1,14,7,0,23,0,23,3,9,1,70,5,3,1,1,0,61,0,0,0,,,,,,,0,0,0,0,0,0,0,0,0,0,2,0,35.66014916666666,139.57726499999998,7,3,,,,
1,30,894,154,2,0,1,20890,0,208,2021,4,28,14,17,12,,,,,1,1,1,1,7,9,22,0,23,14,9,30,70,4,2,1,1,1,35,61,31,0,,,,,,,3,0,10,0,3,0,0,0,0,0,4,2,35.65051472222222,139.55369833333336,4,2,,,,
1,30,895,70,2,0,1,30000,0,211,2021,4,6,16,15,12,,,,,1,1,1,14,7,0,23,0,23,4,9,1,70,4,1,1,45,65,51,61,0,0,,,,,,,0,0,10,0,4,0,0,0,0,0,4,2,35.723196111111115,139.488025,3,3,,,,
1,30,895,76,2,0,1,30000,0,211,2021,4,22,14,35,12,,,,,1,1,1,7,7,0,23,0,23,3,9,1,70,5,2,1,1,45,3,61,31,0,,,,,,,2,0,40,0,4,0,2,0,2,0,4,2,35.73406694444444,139.47415722222223,5,3,,,,
1,30,100,53,2,0,1,10110,0,101,2021,5,4,13,25,12,,,,,1,1,1,1,2,9,22,0,23,17,9,30,70,1,1,1,1,35,51,61,0,0,,,,,,,0,0,10,0,3,0,0,0,0,0,4,2,35.681775555555554,139.74478194444444,3,1,,,,
1,30,102,37,2,0,1,30000,0,101,2021,5,28,15,20,12,,,,,1,1,1,1,7,8,21,0,23,14,9,30,70,5,2,1,65,65,14,61,31,0,,,,,,,1,0,10,0,3,0,2,0,2,0,4,2,35.696192777777775,139.763485,6,3,,,,
1,30,102,39,2,0,1,30000,0,101,2021,5,19,14,30,12,,,,,3,1,2,1,7,9,22,0,23,14,9,30,70,5,4,1,35,45,51,61,0,0,,,,,,,0,0,10,0,4,0,0,0,0,0,4,2,35.69161333333333,139.76514805555556,4,3,,,,
1,30,103,42,2,0,1,10290,0,101,2021,5,7,16,5,12,,,,,3,1,2,14,7,0,23,0,23,5,9,1,70,4,2,1,45,35,4,61,31,0,,,,,,,4,0,80,0,3,0,2,0,2,0,4,2,35.70288666666667,139.7724063888889,6,3,,,,
1,30,103,44,2,0,1,30000,0,101,2021,5,15,18,17,13,,,,,1,1,1,1,1,9,22,0,23,17,9,30,70,4,2,1,35,25,4,61,31,0,,,,,,,3,0,40,0,3,0,2,0,2,0,4,2,35.69950027777777,139.77428666666668,7,3,,,,
1,30,105,31,2,0,1,10050,0,102,2021,5,13,18,40,21,,,,,3,1,2,1,1,9,22,0,23,19,9,30,70,5,2,1,45,1,3,61,31,0,,,,,,,4,0,12,0,3,0,2,0,2,0,4,2,35.69490305555555,139.7842136111111,5,3,,,,