資料区分,都道府県コード,警察署等コード,本票番号,事故内容,死者数,負傷者数,路線コード,地点コード,市区町村コード,発生日時　　年,発生日時　　月,発生日時　　日,発生日時　　時,発生日時　　分,昼夜,日の出時刻　　時,日の出時刻　　分,日の入り時刻　　時,日の入り時刻　　分,天候,地形,路面状態,道路形状,信号機,一時停止規制　標識（当事者A）,一時停止規制　表示（当事者A）,一時停止規制　標識（当事者B）,一時停止規制　表示（当事者B）,車道幅員,道路線形,衝突地点,ゾーン規制,中央分離帯施設等,歩車道区分,事故類型,年齢（当事者A）,年齢（当事者B）,当事者種別（当事者A）,当事者種別（当事者B）,用途別（当事者A）,用途別（当事者B）,車両形状等（当事者A）,車両形状等（当事者B）,オートマチック車（当事者A）,オートマチック車（当事者B）,サポカー（当事者A）,サポカー（当事者B）,速度規制（指定のみ）（当事者A）,速度規制（指定のみ）（当事者B）,車両の衝突部位（当事者A）,車両の衝突部位（当事者B）,車両の損壊程度（当事者A）,車両の損壊程度（当事者B）,エアバッグの装備（当事者A）,エアバッグの装備（当事者B）,サイドエアバッグの装備（当事者A）,サイドエアバッグの装備（当事者B）,人身損傷程度（当事者A）,人身損傷程度（当事者B）,lat,lon,曜日(発生年月日),祝日(発生年月日),認知機能検査経過日数（当事者A）,認知機能検査経過日数（当事者B）,運転練習の方法（当事者A）,運転練習の方法（当事者B）
1,30,105,36,2,0,1,30000,0,102,2021,5,18,18,0,13,,,,,2,1,1,7,1,0,23,0,23,3,9,1,70,5,2,1,55,55,3,61,31,0,,,,,,,3,0,20,0,4,0,2,0,2,0,4,2,35.689788611111105,139.78288694444447,3,3,,,,
1,30,106,75,2,0,1,30000,0,102,2021,5,15,6,20,12,,,,,1,1,1,14,7,0,23,0,23,4,9,1,70,5,2,1,75,25,3,61,1,0,,,,,,,2,0,10,0,4,0,2,0,2,0,4,2,35.668258611111106,139.7591886111111,7,3,,,,
1,30,107,27,2,0,1,20680,0,102,2021,5,1,20,10,22,,,,,1,1,2,1,1,9,22,0,23,11,9,30,70,1,2,1,35,35,13,61,31,0,,,,,,,4,0,20,0,3,0,2,0,2,0,4,2,35.657114166666666,139.7746277777778,7,3,,,,
1,30,108,62,2,0,1,30000,0,103,2021,5,4,20,0,22,,,,,1,1,1,14,7,0,23,0,23,4,9,1,70,4,1,1,35,35,4,61,31,0,,,,,,,10,0,30,0,4,0,2,0,2,0,4,2,35.66668083333333,139.7558238888889,3,1,,,,
1,30,109,56,2,0,1,30000,0,103,2021,5,7,17,8,12,,,,,3,1,2,14,7,0,23,0,23,5,9,1,70,4,2,1,35,1,51,61,0,0,,,,,,,0,0,10,0,3,0,0,0,0,0,4,2,35.646834444444444,139.7544452777778,6,3,,,,
1,30,109,59,2,0,1,30000,0,103,2021,4,29,23,10,22,,,,,3,1,1,14,1,0,23,0,23,5,9,1,70,4,2,1,45,35,12,61,31,0,,,,,,,3,0,40,0,3,0,2,0,2,0,4,2,35.65427305555556,139.74401694444444,5,1,,,,
1,30,109,62,2,0,1,30000,0,103,2021,5,30,17,33,12,,,,,2,1,1,1,7,9,22,0,23,11,9,30,1,5,2,1,75,65,51,61,0,0,,,,,,,0,0,10,0,3,0,0,0,0,0,4,2,35.64169972222222,139.74598027777776,1,3,,,,
1,30,110,45,2,0,1,30000,0,103,2021,5,31,16,35,12,,,,,1,1,1,14,7,0,23,0,23,2,9,1,1,5,3,1,45,25,3,61,31,0,,,,,,,2,0,20,0,3,0,2,0,2,0,4,2,35.644775277777775,139.72899388888888,2,3,,,,
1,30,111,81,2,0,1,30000,0,103,2021,5,26,12,12,12,,,,,1,1,1,14,7,0,23,0,23,5,9,1,70,1,1,1,45,25,1,61,1,0,,,,,,,4,0,0,0,4,0,2,0,2,0,4,2,35.66246638888889,139.7238047222222,4,3,,,,
1,30,111,84,2,0,1,30000,0,103,2021,5,31,15,3,12,,,,,1,1,1,14,7,0,23,0,23,2,9,1,70,5,2,1,55,1,3,61,31,0,,,,,,,5,0,10,0,3,0,2,0,2,0,4,2,35.65449361111111,139.73528277777777,2,3,,,,
1,30,112,54,2,0,1,30000,0,103,2021,4,28,10,20,12,,,,,1,1,1,14,7,0,23,0,23,3,9,1,70,5,4,1,55,25,3,61,1,0,,,,,,,2,0,10,0,4,0,2,0,2,0,4,2,35.67354361111111,139.73766666666666,4,2,,,,
1,30,112,63,2,0,1,30000,0,103,2021,5,26,15,45,12,,,,,1,1,2,7,7,0,23,0,23,4,9,1,70,4,2,1,45,45,17,61,1,0,,,,,,,3,0,30,0,4,0,2,0,2,0,4,2,35.662193888888886,139.71249194444442,4,3,,,,
1,30,113,131,2,0,1,30000,0,108,2021,3,26,7,16,12,,,,,1,1,1,14,7,0,23,0,23,4,9,1,70,5,2,1,55,25,3,61,31,0,,,,,,,2,0,10,0,3,0,2,0,2,0,4,2,35.65222277777777,139.80857,6,3,,,,
1,30,215,40,2,0,1,30000,0,109,2021,5,12,12,28,12,,,,,2,1,1,14,1,0,23,0,23,3,9,1,70,5,1,1,1,0,61,0,0,0,,,,,,,0,0,0,0,0,0,0,0,0,0,2,0,35.60917416666667,139.73829944444444,4,3,,,,
1,30,215,46,2,0,1,10160,0,109,2021,5,26,9,0,12,,,,,1,1,1,1,7,9,22,0,23,17,9,30,70,5,2,1,25,25,14,61,31,0,,,,,,,4,0,10,0,2,0,2,0,2,0,4,2,35.620129444444444,139.7458236111111,4,3,,,,
1,30,215,48,2,0,1,10160,0,109,2021,5,30,13,15,12,,,,,1,1,1,14,7,0,23,0,23,5,9,1,70,4,2,1,1,65,51,61,0,0,,,,,,,0,0,40,0,3,0,0,0,0,0,4,2,35.617426944444446,139.73486388888887,1,3,,,,
1,30,215,50,2,0,1,30000,0,109,2021,5,31,16,55,12,,,,,1,1,1,1,7,9,22,0,23,15,9,30,70,5,3,1,65,1,35,61,31,0,,,,,,,2,0,10,0,4,0,0,0,0,0,4,2,35.61385138888889,139.72661305555556,2,3,,,,
1,30,216,50,2,0,1,30000,0,109,2021,5,17,19,7,21,,,,,2,1,2,1,1,9,22,0,23,15,7,30,70,5,1,1,45,25,52,61,0,0,,,,,,,0,0,10,0,3,0,0,0,0,0,4,2,35.604957500000005,139.73059916666668,2,3,,,,
1,30,216,52,2,0,1,99000,0,109,2021,5,9,16,40,12,,,,,1,1,1,0,7,0,23,0,23,0,0,20,70,0,1,1,75,35,51,61,0,0,,,,,,,0,0,0,0,4,0,0,0,0,0,4,2,35.6058575,139.7354672222222,1,3,,,,
1,30,216,53,2,0,1,30000,0,109,2021,5,21,16,25,12,,,,,3,1,2,14,7,0,23,0,23,2,9,1,70,5,1,1,1,0,61,0,0,0,,,,,,,0,0,0,0,0,0,0,0,0,0,2,0,35.607218611111115,139.73591333333331,6,3,,,,
1,30,216,57,2,0,1,30000,0,109,2021,5,28,17,42,12,,,,,1,1,1,14,7,0,23,0,23,2,9,1,70,6,2,1,45,45,51,61,0,0,,,,,,,0,0,10,0,3,0,0,0,0,0,4,2,35.60518722222222,139.73466944444442,6,3,,,,
1,30,216,58,2,0,1,30000,0,109,2021,5,31,10,5,12,,,,,1,1,1,14,7,0,23,0,23,3,9,1,70,5,1,1,65,75,3,61,1,0,,,,,,,10,0,10,0,3,0,2,0,2,0,4,2,35.601871111111116,139.72209916666668,2,3,,,,
1,30,217,45,2,0,1,10080,0,109,2021,5,14,17,47,13,,,,,1,1,1,1,1,9,22,0,23,18,7,30,70,4,1,1,65,1,3,61,1,0,,,,,,,3,0,10,0,3,0,2,0,2,0,4,2,35.63379305555556,139.71613722222222,6,3,,,,
1,30,217,46,2,0,1,30000,0,109,2021,5,21,18,1,13,,,,,3,1,2,14,7,0,23,0,23,4,7,1,70,4,2,1,45,1,3,61,31,0,,,,,,,2,0,50,0,4,0,2,0,2,0,4,2,35.625482500000004,139.71174916666666,6,3,,,,
1,30,217,50,2,0,1,30000,0,109,2021,5,14,22,40,22,,,,,1,1,1,14,7,0,23,0,23,2,9,1,70,5,2,1,55,25,3,61,1,0,,,,,,,10,0,0,0,4,0,2,0,2,0,4,2,35.626739722222226,139.72426361111113,6,3,,,,
1,30,218,109,2,0,1,30000,0,109,2021,4,8,16,45,12,,,,,1,1,1,1,7,9,22,0,23,15,9,30,70,4,1,1,45,1,14,61,31,0,,,,,,,2,0,30,0,3,0,2,0,2,0,4,2,35.615829444444444,139.69921472222222,5,3,,,,
1,30,218,112,2,0,1,30000,0,109,2021,5,9,12,30,12,,,,,1,1,1,14,7,0,23,0,23,3,9,1,70,5,3,1,65,25,3,61,31,0,,,,,,,2,0,10,0,4,0,2,0,2,0,4,2,35.60355777777778,139.70746138888887,1,3,,,,
1,30,218,120,2,0,1,10,126,109,2021,5,17,12,30,12,,,,,2,1,2,14,1,0,23,0,23,6,9,1,70,1,2,1,45,55,51,61,0,0,,,,,,,0,0,10,0,4,0,0,0,0,0,4,2,35.60476444444445,139.71343527777776,2,3,,,,
1,30,218,122,2,0,1,30000,0,109,2021,5,20,9,45,12,,,,,2,1,1,14,7,0,23,0,23,1,9,1,70,5,3,1,45,25,3,61,31,0,,,,,,,2,0,10,0,4,0,2,0,2,0,4,2,35.60572555555556,139.7037786111111,5,3,,,,
1,30,218,134,2,0,1,30000,0,109,2021,5,29,17,45,12,,,,,1,1,1,14,7,0,23,0,23,2,9,20,70,5,3,1,75,55,51,61,0,0,,,,,,,0,0,10,0,3,0,0,0,0,0,4,2,35.61512944444445,139.71745916666666,7,3,,,,
1,30,219,155,2,0,2,30000,0,111,2021,5,2,0,30,22,,,,,2,1,2,14,7,0,23,0,23,2,9,1,70,5,4,1,55,25,35,61,31,0,,,,,,,10,0,10,0,3,0,0,0,0,0,2,2,35.57490583333334,139.73966388888888,1,2,,,,
1,30,219,161,2,0,1,30000,0,111,2021,5,12,12,0,12,,,,,1,1,1,14,7,0,23,0,23,2,9,1,70,5,3,1,35,75,3,61,31,0,,,,,,,5,0,80,0,4,0,2,0,2,0,4,2,35.57976583333334,139.73541694444444,4,3,,,,
1,30,219,165,2,0,1,30000,0,111,2021,5,16,18,20,13,,,,,3,1,2,14,7,0,23,0,23,2,9,1,70,5,3,1,55,25,3,61,1,0,,,,,,,5,0,10,0,4,0,2,0,2,0,4,2,35.575256388888896,139.73053583333333,1,3,,,,
1,30,219,175,2,0,1,30000,0,111,2021,5,22,17,0,12,,,,,1,1,1,14,7,0,23,0,23,1,9,1,70,5,3,1,35,1,3,61,31,0,,,,,,,10,0,10,0,3,0,2,0,2,0,4,2,35.58712694444445,139.7240886111111,7,3,,,,
1,30,219,187,2,0,1,30000,0,111,2021,1,22,8,7,12,,,,,1,1,1,14,7,0,23,0,23,1,9,1,70,5,2,1,55,35,3,61,31,0,,,,,,,10,0,0,0,4,0,2,0,2,0,4,2,35.57470166666667,139.72099194444445,6,3,,,,
1,30,219,188,2,0,1,30000,0,111,2021,4,21,18,45,21,,,,,1,1,1,14,7,0,23,0,23,2,9,1,70,4,1,1,25,65,51,61,0,0,,,,,,,0,0,40,0,4,0,0,0,0,0,4,2,35.579236388888894,139.71858111111112,4,3,,,,
1,30,220,83,2,0,1,10170,0,111,2021,5,4,6,43,12,,,,,1,1,1,1,1,1,21,0,23,14,9,30,70,1,1,1,65,45,3,61,31,0,,,,,,,2,0,10,0,4,0,2,0,2,0,4,2,35.58766305555556,139.67496,3,1,,,,
1,30,220,100,2,0,2,30000,0,111,2021,5,29,18,40,13,,,,,1,1,1,14,7,0,23,0,23,2,9,1,70,5,4,1,25,35,36,61,31,0,,,,,,,2,0,10,0,4,0,0,0,0,0,2,2,35.59989083333333,139.68204388888887,7,3,,,,
1,30,221,146,2,0,1,30000,0,111,2020,3,22,16,25,12,,,,,1,1,1,1,1,9,22,0,23,17,9,30,70,4,1,1,25,1,4,61,31,0,,,,,,,1,0,80,0,3,0,2,0,2,0,4,2,35.547353888888885,139.72540416666666,1,3,,,,
1,30,221,154,2,0,1,30000,0,111,2021,5,12,8,55,12,,,,,1,1,1,14,7,0,23,0,23,3,9,1,70,5,3,1,35,35,17,61,1,0,,,,,,,2,0,10,0,3,0,2,0,2,0,4,2,35.54678722222222,139.70724277777776,4,3,,,,
1,30,221,155,2,0,1,30000,0,111,2021,5,4,23,13,22,,,,,1,1,1,1,7,1,21,0,23,11,9,30,1,5,1,1,55,25,3,61,1,0,,,,,,,2,0,0,0,4,0,2,0,2,0,4,2,35.55045138888889,139.7322247222222,3,1,,,,
1,30,221,161,2,0,1,30000,0,111,2021,5,23,8,20,12,,,,,1,1,1,14,7,0,23,0,23,1,9,1,70,5,4,1,45,75,14,61,31,0,,,,,,,10,0,30,0,3,0,2,0,2,0,4,2,35.54588361111111,139.7368286111111,1,3,,,,
1,30,221,167,2,0,1,95000,0,111,2021,5,21,21,10,22,,,,,2,1,1,14,7,0,23,0,23,1,9,20,70,5,4,1,1,1,51,61,0,0,,,,,,,0,0,40,0,4,0,0,0,0,0,4,2,35.55251222222222,139.7117761111111,6,3,,,,
1,30,221,169,2,0,1,30000,0,111,2021,5,28,0,31,22,,,,,2,1,1,1,7,9,22,0,23,14,3,30,1,5,1,1,65,35,3,61,1,0,,,,,,,2,0,12,0,3,0,2,0,2,0,4,2,35.56074361111111,139.7232925,6,3,,,,
1,30,222,89,2,0,1,30000,0,111,2021,5,15,11,15,12,,,,,1,1,1,1,7,9,22,0,23,11,9,30,1,5,3,1,55,55,3,61,31,0,,,,,,,2,0,80,0,3,0,2,0,2,0,4,2,35.58466611111111,139.69228805555557,7,3,,,,
1,30,222,93,2,0,1,10200,0,111,2021,5,17,2,55,22,,,,,2,1,1,1,1,9,22,0,23,18,9,30,70,1,2,1,45,45,13,61,31,0,,,,,,,10,0,50,0,3,0,2,0,2,0,4,2,35.56848027777778,139.69229055555556,2,3,,,,
1,30,222,97,2,0,1,30000,0,111,2021,5,24,15,59,12,,,,,2,1,1,14,7,0,23,0,23,2,9,20,70,5,3,1,25,1,3,61,31,0,,,,,,,10,0,40,0,3,0,2,0,2,0,4,2,35.56504916666666,139.68620166666668,2,3,,,,
1,30,222,99,2,0,1,30000,0,111,2021,5,25,15,25,12,,,,,1,1,1,14,7,0,23,0,23,4,9,1,70,4,2,1,55,55,3,61,1,0,,,,,,,5,0,40,0,4,0,2,0,2,0,4,2,35.57251638888889,139.70339944444444,3,3,,,,
1,30,325,109,2,0,1,30000,0,112,2021,5,15,19,15,21,,,,,2,1,1,1,1,9,22,0,23,15,9,30,70,4,2,1,25,35,51,61,0,0,,,,,,,0,0,10,0,3,0,0,0,0,0,4,2,35.63820222222222,139.6584638888889,7,3,,,,
1,30,325,113,2,0,1,30000,0,112,2021,5,26,16,20,12,,,,,1,1,1,14,7,0,23,0,23,2,9,1,70,5,2,1,55,55,51,61,0,0,,,,,,,0,0,10,0,3,0,0,0,0,0,4,2,35.63425222222222,139.63907194444442,4,3,,,,
1,30,325,115,2,0,1,2460,83,112,2021,5,14,14,45,12,,,,,1,1,1,7,7,0,23,0,23,1,9,1,70,4,2,1,25,45,52,61,0,0,,,,,,,0,0,20,0,3,0,0,0,0,0,4,2,35.642314444444445,139.66976833333334,6,3,,,,
1,30,325,117,2,0,1,10130,0,112,2021,5,31,17,45,12,,,,,1,1,1,14,1,0,23,0,23,5,9,1,70,1,1,1,45,65,3,61,31,0,,,,,,,4,0,40,0,3,0,2,0,2,0,4,2,35.64603972222222,139.66073305555557,2,3,,,,
1,30,326,120,2,0,1,30000,0,112,2021,4,21,17,5,12,,,,,1,1,1,7,1,0,23,0,23,1,9,1,70,4,2,1,45,45,3,61,31,0,,,,,,,2,0,10,0,4,0,2,0,2,0,4,2,35.64809722222222,139.6445586111111,4,3,,,,
1,30,326,122,2,0,1,10130,0,112,2021,5,1,9,26,12,,,,,1,1,1,1,1,9,22,0,23,19,9,30,70,1,1,1,25,35,51,61,0,0,,,,,,,0,0,40,0,3,0,0,0,0,0,4,2,35.672403055555556,139.66080083333333,7,3,,,,
1,30,326,123,2,0,1,10130,0,112,2021,5,1,19,18,21,,,,,3,1,2,1,1,9,22,0,23,19,9,30,70,4,1,1,35,35,3,61,31,0,,,,,,,4,0,50,0,3,0,2,0,2,0,4,2,35.67237333333333,139.66074472222223,7,3,,,,
1,30,326,124,2,0,1,30000,0,112,2021,5,2,14,30,12,,,,,2,1,1,1,7,9,22,0,23,14,9,30,70,5,2,1,35,65,51,61,0,0,,,,,,,0,0,10,0,3,0,0,0,0,0,4,2,35.65699472222222,139.64901583333332,1,2,,,,
1,30,326,129,2,0,1,30000,0,112,2021,5,8,17,46,13,,,,,1,1,1,14,7,0,23,0,23,2,9,1,70,5,3,1,45,45,3,61,31,0,,,,,,,2,0,10,0,3,0,2,0,2,0,4,2,35.65962,139.66738666666666,7,3,,,,
1,30,326,133,2,0,1,30000,0,112,2021,5,8,19,50,22,,,,,1,1,1,14,7,0,23,0,23,2,9,1,70,5,4,1,45,45,51,61,0,0,,,,,,,0,0,40,0,4,0,0,0,0,0,4,2,35.668681111111106,139.65051166666666,7,3,,,,
1,30,326,134,2,0,1,30000,0,112,2021,5,14,8,7,12,,,,,1,1,1,14,7,0,23,0,23,2,9,1,70,5,3,1,1,25,51,61,0,0,,,,,,,0,0,42,0,3,0,0,0,0,0,4,2,35.66321027777778,139.66925166666667,6,3,,,,
1,30,326,135,2,0,1,30000,0,112,2021,5,14,9,40,12,,,,,1,1,1,1,7,9,22,0,23,17,9,30,70,5,2,1,65,65,51,61,0,0,,,,,,,0,0,10,0,4,0,0,0,0,0,4,2,35.66126361111111,139.65432555555557,6,3,,,,
1,30,326,137,2,0,1,30000,0,112,2021,5,16,18,32,13,,,,,3,1,2,1,1,9,22,0,23,14,9,30,70,4,2,1,55,65,3,61,31,0,,,,,,,2,0,20,0,3,0,2,0,2,0,4,2,35.6488975,139.62869333333333,1,3,,,,
1,30,326,145,2,0,1,30000,0,112,2021,5,19,17,40,12,,,,,3,1,2,14,7,0,23,0,23,3,9,1,70,5,3,1,55,75,3,61,31,0,,,,,,,5,0,30,0,4,0,2,0,2,0,4,2,35.64548194444444,139.64751333333334,4,3,,,,
1,30,326,153,2,0,1,30000,0,112,2021,5,31,12,15,12,,,,,1,1,1,14,7,0,23,0,23,2,9,1,70,5,3,1,1,55,51,61,0,0,,,,,,,0,0,40,0,3,0,0,0,0,0,4,2,35.666156944444445,139.64051944444444,2,3,,,,
1,30,327,160,2,0,2,30000,0,112,2021,4,12,13,55,12,,,,,1,1,1,1,1,9,22,0,23,14,9,30,70,5,2,1,45,1,3,61,31,0,,,,,,,3,0,10,0,3,0,2,0,2,0,4,2,35.61678444444445,139.66015194444444,2,3,,,,
1,30,327,162,2,0,2,10190,0,112,2021,4,20,7,50,12,,,,,1,1,1,14,7,0,23,0,23,4,9,1,70,4,3,1,55,35,33,61,31,0,,,,,,,10,0,10,0,3,0,0,0,0,0,2,2,35.612299444444446,139.62613972222223,3,3,,,,
1,30,327,184,2,0,1,30000,0,112,2021,4,4,20,0,22,,,,,3,1,2,14,7,0,23,0,23,4,9,1,70,5,2,1,35,1,3,61,31,0,,,,,,,3,0,50,0,3,0,2,0,2,0,4,2,35.62230944444445,139.65150472222223,1,3,,,,
1,30,327,185,2,0,1,20000,0,112,2021,5,29,14,45,12,,,,,1,1,1,7,7,0,23,0,23,2,9,1,70,5,4,1,45,65,51,61,0,0,,,,,,,0,0,10,0,3,0,0,0,0,0,4,2,35.6317075,139.64642444444445,7,3,,,,
1,30,328,140,2,0,1,30000,0,112,2021,5,5,9,30,12,,,,,1,1,1,1,7,9,22,0,23,11,9,30,70,4,2,1,65,55,35,61,31,0,,,,,,,3,0,10,0,3,0,0,0,0,0,4,2,35.6589975,139.61116222222222,4,1,,,,
1,30,328,144,2,0,1,10210,0,112,2021,5,10,11,50,12,,,,,1,1,1,1,1,9,22,0,23,15,9,30,70,4,2,1,55,45,3,61,1,0,,,,,,,3,0,10,0,3,0,2,0,2,0,4,2,35.63509583333333,139.61608166666667,2,3,,,,
1,30,328,146,2,0,1,200,183,112,2021,5,11,9,30,12,,,,,2,1,1,1,1,9,22,0,23,15,9,30,70,4,2,1,35,75,3,61,31,0,,,,,,,3,0,10,0,3,0,2,0,2,0,4,2,35.67232,139.60013999999998,3,3,,,,
1,30,328,149,2,0,1,30000,0,112,2021,2,25,7,46,12,,,,,1,1,1,14,7,0,23,0,23,2,9,1,70,5,3,1,25,35,51,61,0,0,,,,,,,0,0,10,0,4,0,0,0,0,0,4,2,35.64330527777778,139.60879194444445,5,3,,,,
1,30,328,154,2,0,1,10200,0,112,2021,4,27,8,50,12,,,,,1,1,1,14,7,0,23,0,23,4,9,1,70,1,1,1,55,1,51,61,0,0,,,,,,,0,0,20,0,3,0,0,0,0,0,4,2,35.666760555555555,139.61368638888888,3,3,,,,
1,30,328,157,2,0,1,10190,0,112,2021,4,16,10,30,12,,,,,1,1,1,14,7,0,23,0,23,3,9,1,70,4,2,1,25,75,36,61,31,0,,,,,,,2,0,40,0,4,0,0,0,0,0,4,2,35.62972611111111,139.60122333333334,6,3,,,,
1,30,328,158,2,0,1,30000,0,112,2021,5,12,12,15,12,,,,,1,1,1,14,7,0,23,0,23,2,9,1,70,5,3,1,1,0,61,0,0,0,,,,,,,0,0,0,0,0,0,0,0,0,0,2,0,35.66709083333333,139.60172027777776,4,3,,,,
1,30,329,74,2,0,1,10080,0,110,2021,5,1,18,43,21,,,,,3,1,2,14,7,0,23,0,23,4,7,1,70,1,1,1,55,35,3,61,31,0,,,,,,,4,0,40,0,4,0,2,0,2,0,4,2,35.63442305555556,139.71186999999998,7,3,,,,
1,30,329,75,2,0,1,30000,0,110,2021,5,8,10,47,12,,,,,1,1,2,14,7,0,23,0,23,1,9,1,70,5,3,1,75,45,3,61,31,0,,,,,,,10,0,10,0,4,0,2,0,2,0,4,2,35.645224166666665,139.69933,7,3,,,,
1,30,329,80,2,0,1,30210,0,110,2021,5,17,17,32,12,,,,,3,1,2,1,7,9,22,0,23,11,9,30,70,5,1,1,25,1,3,61,31,0,,,,,,,3,0,50,0,3,0,2,0,2,0,4,2,35.647547777777774,139.69358944444446,2,3,,,,
1,30,329,81,2,0,1,30000,0,110,2021,5,24,16,25,12,,,,,2,1,1,14,7,0,23,0,23,2,9,1,70,5,4,1,1,65,51,61,0,0,,,,,,,0,0,20,0,4,0,0,0,0,0,4,2,35.62676166666667,139.70854138888888,2,3,,,,
1,30,329,83,2,0,1,30000,0,110,2021,5,27,9,50,12,,,,,3,1,2,1,1,9,22,0,23,14,9,30,70,4,2,1,65,55,17,61,1,0,,,,,,,2,0,10,0,3,0,2,0,2,0,4,2,35.647284722222224,139.6984586111111,5,3,,,,
1,30,330,86,2,0,1,30000,0,110,2021,5,5,13,58,12,,,,,3,1,2,14,7,0,23,0,23,1,9,1,70,5,3,1,45,45,51,61,0,0,,,,,,,0,0,10,0,3,0,0,0,0,0,4,2,35.630985,139.6629777777778,4,1,,,,
1,30,330,87,2,0,1,30000,0,110,2021,4,12,13,37,12,,,,,1,1,1,1,7,9,22,0,23,15,9,30,70,5,2,1,55,25,3,61,1,0,,,,,,,3,0,20,0,4,0,2,0,2,0,4,2,35.61868583333333,139.67503833333333,2,3,,,,
1,30,330,92,2,0,1,20190,0,110,2021,5,18,15,48,12,,,,,3,1,2,13,7,0,23,0,23,1,3,1,70,4,3,1,75,55,3,61,31,0,,,,,,,1,0,40,0,4,0,2,0,2,0,4,2,35.62824444444445,139.6904536111111,3,3,,,,
1,30,330,101,2,0,1,30000,0,110,2021,5,24,13,50,12,,,,,2,1,1,14,7,0,23,0,23,1,9,1,1,5,3,1,75,65,3,61,31,0,,,,,,,2,0,40,0,4,0,2,0,2,0,4,2,35.62528972222222,139.67450305555553,2,3,,,,
1,30,330,103,2,0,1,30000,0,110,2021,5,6,16,20,12,,,,,1,1,1,14,1,0,23,0,23,2,9,1,70,4,3,1,55,55,3,61,31,0,,,,,,,1,0,40,0,3,0,2,0,2,0,4,2,35.623155,139.69425416666667,5,3,,,,
1,30,331,106,2,0,1,30000,0,113,2021,5,6,11,10,12,,,,,1,1,1,1,7,9,22,0,23,15,9,30,70,5,2,1,25,65,51,61,0,0,,,,,,,0,0,10,0,4,0,0,0,0,0,4,2,35.663178888888886,139.69598916666666,5,3,,,,
1,30,331,109,2,0,1,30000,0,113,2021,5,18,17,5,12,,,,,3,1,2,14,7,0,23,0,23,4,9,1,70,4,2,1,75,65,3,61,31,0,,,,,,,3,0,70,0,3,0,2,0,2,0,4,2,35.66037305555555,139.69637861111113,3,3,,,,
1,30,331,110,2,0,1,30000,0,113,2021,4,22,7,49,12,,,,,1,1,1,14,7,0,23,0,23,3,9,1,70,4,2,1,65,1,3,61,1,0,,,,,,,2,0,10,0,3,0,2,0,2,0,4,2,35.658451388888885,139.71284388888887,5,3,,,,
1,30,332,53,2,0,1,30000,0,113,2021,5,20,9,15,12,,,,,2,1,1,14,7,0,23,0,23,2,9,1,70,5,2,1,1,45,17,61,31,0,,,,,,,10,0,20,0,3,0,2,0,2,0,4,2,35.667519444444444,139.70538055555554,5,3,,,,
1,30,332,54,2,0,1,30000,0,113,2021,5,31,12,50,12,,,,,1,1,1,14,7,0,23,0,23,2,9,1,1,5,3,1,45,1,3,61,31,0,,,,,,,2,0,10,0,4,0,2,0,2,0,4,2,35.66640694444445,139.71087805555555,2,3,,,,
1,30,333,64,2,0,1,30000,0,113,2021,4,30,10,20,12,,,,,1,1,1,14,7,0,23,0,23,2,9,1,70,4,2,1,75,35,3,61,1,0,,,,,,,2,0,0,0,4,0,2,0,2,0,4,2,35.67397916666666,139.66827805555553,6,3,,,,
1,30,333,65,2,0,1,30000,0,113,2021,5,5,21,30,22,,,,,2,1,2,14,7,0,23,0,23,2,9,1,70,5,2,1,35,1,14,61,1,0,,,,,,,1,0,80,0,3,0,2,0,2,0,4,2,35.669329166666664,139.68775333333335,4,1,,,,
1,30,333,69,2,0,1,30000,0,113,2021,1,20,17,20,21,,,,,1,1,1,14,7,0,23,0,23,2,9,1,70,5,4,1,45,65,52,61,0,0,,,,,,,0,0,10,0,3,0,0,0,0,0,4,2,35.67378722222222,139.6670025,4,3,,,,
1,30,435,37,2,0,1,30000,0,104,2021,4,28,18,0,13,,,,,2,1,1,14,7,0,23,0,23,2,9,1,70,5,3,1,75,75,51,61,0,0,,,,,,,0,0,10,0,4,0,0,0,0,0,4,2,35.70086583333334,139.71395916666665,4,2,,,,
1,30,435,41,2,0,1,30000,0,104,2021,5,20,10,30,12,,,,,1,1,1,7,7,0,23,0,23,2,9,1,70,4,2,1,55,75,1,61,1,0,,,,,,,2,0,10,0,3,0,2,0,2,0,4,2,35.69732944444444,139.72041472222222,5,3,,,,
1,30,435,45,2,0,1,10220,0,104,2021,5,26,13,36,12,,,,,1,1,1,14,7,0,23,0,23,3,9,1,70,5,2,1,25,75,51,61,0,0,,,,,,,0,0,12,0,4,0,0,0,0,0,4,2,35.70106083333334,139.74112333333332,4,3,,,,
1,30,436,94,2,0,1,95000,0,104,2021,3,27,17,30,13,,,,,1,1,1,14,7,0,23,0,23,4,9,1,70,4,2,1,35,75,3,61,1,0,,,,,,,3,0,40,0,4,0,2,0,2,0,4,2,35.70839166666667,139.70874833333332,7,3,,,,
1,30,436,96,2,0,1,20300,0,104,2021,5,8,6,32,12,,,,,1,1,1,1,8,1,21,0,23,18,9,30,70,5,2,1,65,35,3,61,31,0,,,,,,,3,0,80,0,3,0,2,0,2,0,4,2,35.69821888888889,139.70392583333333,7,3,,,,
1,30,436,97,2,0,1,21030,0,104,2021,3,18,7,2,12,,,,,1,1,1,1,1,9,22,0,23,14,9,30,70,4,2,1,65,35,13,61,1,0,,,,,,,3,0,10,0,3,0,2,0,2,0,4,2,35.69243833333333,139.70089555555555,5,3,,,,