資料区分,都道府県コード,警察署等コード,本票番号,事故内容,死者数,負傷者数,路線コード,地点コード,市区町村コード,発生日時　　年,発生日時　　月,発生日時　　日,発生日時　　時,発生日時　　分,昼夜,日の出時刻　　時,日の出時刻　　分,日の入り時刻　　時,日の入り時刻　　分,天候,地形,路面状態,道路形状,信号機,一時停止規制　標識（当事者A）,一時停止規制　表示（当事者A）,一時停止規制　標識（当事者B）,一時停止規制　表示（当事者B）,車道幅員,道路線形,衝突地点,ゾーン規制,中央分離帯施設等,歩車道区分,事故類型,年齢（当事者A）,年齢（当事者B）,当事者種別（当事者A）,当事者種別（当事者B）,用途別（当事者A）,用途別（当事者B）,車両形状等（当事者A）,車両形状等（当事者B）,オートマチック車（当事者A）,オートマチック車（当事者B）,サポカー（当事者A）,サポカー（当事者B）,速度規制（指定のみ）（当事者A）,速度規制（指定のみ）（当事者B）,車両の衝突部位（当事者A）,車両の衝突部位（当事者B）,車両の損壊程度（当事者A）,車両の損壊程度（当事者B）,エアバッグの装備（当事者A）,エアバッグの装備（当事者B）,サイドエアバッグの装備（当事者A）,サイドエアバッグの装備（当事者B）,人身損傷程度（当事者A）,人身損傷程度（当事者B）,lat,lon,曜日(発生年月日),祝日(発生年月日),認知機能検査経過日数（当事者A）,認知機能検査経過日数（当事者B）,運転練習の方法（当事者A）,運転練習の方法（当事者B）
1,30,436,105,2,0,1,30000,0,104,2021,5,18,14,50,12,,,,,2,1,1,1,7,9,22,0,23,11,9,30,70,5,4,1,55,45,13,61,31,0,,,,,,,2,0,40,0,3,0,2,0,2,0,4,2,35.69961111111111,139.70217527777777,3,3,,,,
1,30,436,108,2,0,1,10090,0,104,2021,5,15,9,8,12,,,,,1,1,1,14,7,0,23,0,23,5,9,1,70,1,2,1,1,55,51,61,0,0,,,,,,,0,0,10,0,3,0,0,0,0,0,4,2,35.70235055555556,139.70837833333331,7,3,,,,
1,30,438,50,2,0,1,20120,0,104,2021,5,15,14,10,12,,,,,1,1,1,14,7,0,23,0,23,2,9,1,70,4,2,1,35,1,51,61,0,0,,,,,,,0,0,10,0,3,0,0,0,0,0,4,2,35.689394166666666,139.71552749999998,7,3,,,,
1,30,438,55,2,0,1,30000,0,104,2021,5,23,15,25,12,,,,,1,1,1,14,7,0,23,0,23,2,9,1,70,5,3,1,55,35,3,61,1,0,,,,,,,1,0,10,0,3,0,2,0,2,0,4,2,35.68865972222222,139.70239666666666,1,3,,,,
1,30,439,100,1,1,0,10240,0,114,2021,5,14,23,50,22,,,,,1,1,1,14,7,0,23,0,23,5,9,1,70,4,1,1,65,35,3,61,31,0,,,,,,,5,0,10,0,3,0,2,0,2,0,4,1,35.69749805555555,139.670265,6,3,,,,
1,30,439,105,2,0,1,30000,0,114,2021,5,4,18,30,21,,,,,1,1,1,14,7,0,23,0,23,1,9,1,70,5,3,1,1,65,36,61,31,0,,,,,,,2,0,10,0,4,0,0,0,0,0,4,2,35.68088777777778,139.66192583333333,3,1,,,,
1,30,439,109,2,0,1,30000,0,114,2021,4,7,11,50,12,,,,,1,1,1,14,7,0,23,0,23,2,9,1,1,5,2,1,55,1,14,61,31,0,,,,,,,2,0,50,0,3,0,2,0,2,0,4,2,35.706451111111114,139.68589166666666,4,3,,,,
1,30,439,118,2,0,1,30000,0,114,2021,5,20,19,56,22,,,,,3,1,2,1,7,1,22,0,23,11,9,30,70,4,2,1,45,45,3,61,31,0,,,,,,,3,0,40,0,4,0,2,0,2,0,4,2,35.70483138888889,139.68556305555555,5,3,,,,
1,30,439,129,2,0,1,20280,0,114,2021,5,6,10,58,12,,,,,1,1,1,1,1,9,22,0,23,15,6,30,70,5,1,1,35,35,51,61,0,0,,,,,,,0,0,10,0,4,0,0,0,0,0,4,2,35.69423388888889,139.66831833333333,5,3,,,,
1,30,440,88,2,0,1,20500,0,114,2021,5,18,13,5,12,,,,,2,1,2,1,7,0,23,0,23,14,9,30,70,4,2,1,25,0,61,0,0,0,,,,,,,0,0,0,0,0,0,0,0,0,0,2,0,35.72309083333334,139.63810555555554,3,3,,,,
1,30,440,90,2,0,1,10250,0,114,2021,5,19,5,35,12,,,,,2,1,1,7,2,0,23,0,23,3,9,1,70,4,2,1,35,35,51,61,0,0,,,,,,,0,0,10,0,3,0,0,0,0,0,2,4,35.72329472222222,139.65987472222224,4,3,,,,
1,30,441,127,2,0,1,30310,0,115,2021,5,25,8,5,12,,,,,1,1,1,14,7,0,23,0,23,2,9,1,70,4,3,1,55,1,3,61,31,0,,,,,,,10,0,40,0,3,0,2,0,2,0,4,2,35.71184388888889,139.62943027777777,3,3,,,,
1,30,441,131,2,0,1,10240,0,115,2021,5,29,12,20,12,,,,,2,1,1,7,7,0,23,0,23,5,9,1,70,4,1,1,55,65,3,61,31,0,,,,,,,10,0,80,0,4,0,2,0,2,0,4,2,35.697849722222216,139.65853777777778,7,3,,,,
1,30,441,134,2,0,1,10220,0,115,2021,5,26,7,47,12,,,,,1,1,1,14,7,0,23,0,23,2,9,1,70,5,2,1,45,1,3,61,31,0,,,,,,,3,0,10,0,4,0,2,0,2,0,4,2,35.71211777777778,139.64129444444444,4,3,,,,
1,30,442,115,2,0,1,30000,0,115,2021,5,1,19,50,22,,,,,3,1,2,14,7,0,23,0,23,3,9,1,70,4,3,1,1,0,61,0,0,0,,,,,,,0,0,0,0,0,0,0,0,0,0,2,0,35.681935555555555,139.6271827777778,7,3,,,,
1,30,442,124,2,0,1,30000,0,115,2021,5,21,9,50,12,,,,,3,1,2,1,1,9,22,0,23,11,9,30,70,5,3,1,35,35,3,61,31,0,,,,,,,2,0,10,0,3,0,2,0,2,0,4,2,35.69595277777778,139.61169833333332,6,3,,,,
1,30,443,80,2,0,1,30000,0,115,2021,5,14,11,30,12,,,,,1,1,1,7,7,0,23,0,23,2,9,1,70,5,3,1,75,45,3,61,31,0,,,,,,,2,0,60,0,3,0,2,0,2,0,4,2,35.70229472222223,139.6191313888889,6,3,,,,
1,30,443,88,2,0,1,30000,0,115,2021,4,26,18,15,13,,,,,1,1,1,14,7,0,23,0,23,3,9,20,70,5,2,1,35,25,51,61,0,0,,,,,,,0,0,10,0,4,0,0,0,0,0,4,2,35.704034444444446,139.5999238888889,2,3,,,,
1,30,443,94,2,0,1,30000,0,115,2021,5,21,18,30,13,,,,,3,1,2,14,7,0,23,0,23,2,9,1,70,5,3,1,55,55,51,61,0,0,,,,,,,0,0,10,0,4,0,0,0,0,0,4,2,35.70341305555556,139.62089361111111,6,3,,,,
1,30,443,95,2,0,1,10200,0,115,2021,5,29,21,5,22,,,,,1,1,1,14,7,0,23,0,23,1,9,1,70,5,3,1,25,55,51,61,0,0,,,,,,,0,0,10,0,3,0,0,0,0,0,4,2,35.70289805555556,139.61656583333334,7,3,,,,
1,30,443,97,2,0,1,30000,0,115,2021,5,31,18,30,13,,,,,1,1,1,1,7,9,22,0,23,15,9,30,1,4,2,1,65,1,3,61,31,0,,,,,,,2,0,40,0,3,0,2,0,2,0,4,2,35.70330833333334,139.60031833333332,2,3,,,,
1,30,545,49,2,0,1,30000,0,105,2021,5,18,17,0,12,,,,,2,1,1,14,7,0,23,0,23,5,9,1,70,4,2,1,1,75,51,61,0,0,,,,,,,0,0,10,0,4,0,0,0,0,0,4,2,35.71108,139.7466475,3,3,,,,
1,30,545,50,2,0,1,10100,0,105,2021,5,23,11,0,12,,,,,1,1,1,14,7,0,23,0,23,6,9,20,70,1,1,1,35,45,51,61,0,0,,,,,,,0,0,10,0,4,0,0,0,0,0,4,2,35.71391222222223,139.75211861111111,1,3,,,,
1,30,546,44,2,0,1,20000,0,105,2021,5,15,15,30,12,,,,,1,1,1,1,7,1,22,0,23,11,9,30,70,5,3,1,75,75,17,61,31,0,,,,,,,10,0,80,0,3,0,2,0,2,0,4,2,35.71432916666667,139.7177988888889,7,3,,,,
1,30,546,48,2,0,1,10010,0,105,2021,5,23,19,25,21,,,,,1,1,1,7,7,0,23,0,23,5,9,1,70,1,1,1,45,55,51,61,0,0,,,,,,,0,0,40,0,4,0,0,0,0,0,4,2,35.70899666666667,139.7348025,1,3,,,,
1,30,546,49,2,0,1,20380,0,105,2021,5,26,18,10,13,,,,,1,1,1,14,7,0,23,0,23,5,9,1,70,4,2,1,1,25,51,61,0,0,,,,,,,0,0,40,0,4,0,0,0,0,0,4,2,35.71305055555556,139.7306438888889,4,3,,,,
1,30,547,45,2,0,1,30000,0,105,2021,5,30,15,36,12,,,,,2,1,1,1,1,9,22,0,23,18,9,30,70,4,2,1,65,55,3,61,31,0,,,,,,,10,0,10,0,3,0,2,0,2,0,4,2,35.706555,139.76980250000003,1,3,,,,
1,30,548,24,2,0,1,20000,0,105,2021,5,11,15,20,12,,,,,1,1,1,14,7,0,23,0,23,4,9,1,70,4,2,1,35,65,3,61,31,0,,,,,,,3,0,60,0,3,0,2,0,2,0,4,2,35.72639527777778,139.7471713888889,3,3,,,,
1,30,548,27,2,0,1,20370,0,105,2021,5,26,16,34,12,,,,,1,1,1,14,7,0,23,0,23,4,9,1,70,4,1,1,25,1,51,61,0,0,,,,,,,0,0,10,0,3,0,0,0,0,0,4,2,35.721625,139.76220027777777,4,3,,,,
1,30,549,37,2,0,1,2540,47,116,2021,5,7,9,16,12,,,,,1,1,1,7,7,0,23,0,23,3,9,1,70,5,1,1,55,45,3,61,31,0,,,,,,,3,0,40,0,3,0,2,0,2,0,4,2,35.730962500000004,139.72174444444445,6,3,,,,
1,30,549,38,2,0,1,2540,50,116,2021,5,23,16,50,12,,,,,1,1,1,7,1,0,23,0,23,3,9,1,70,5,1,1,25,55,51,61,0,0,,,,,,,0,0,10,0,3,0,0,0,0,0,4,2,35.731992500000004,139.71940111111113,1,3,,,,
1,30,549,39,2,0,1,2540,39,116,2021,5,16,12,45,12,,,,,2,1,1,1,1,9,22,0,23,17,9,30,70,4,2,1,45,55,13,61,31,0,,,,,,,5,0,20,0,3,0,2,0,2,0,4,2,35.72699472222222,139.7281952777778,1,3,,,,
1,30,550,74,2,0,1,30770,0,116,2021,5,20,20,25,22,,,,,3,1,2,1,1,9,22,0,23,15,9,30,70,1,2,1,45,45,3,61,31,0,,,,,,,3,0,10,0,3,0,2,0,2,0,4,2,35.732843611111115,139.709025,5,3,,,,
1,30,550,79,2,0,1,10090,0,116,2021,5,29,12,40,12,,,,,1,1,1,1,1,9,22,0,23,19,9,30,70,1,2,1,1,35,3,61,31,0,,,,,,,4,0,10,0,3,0,2,0,2,0,4,2,35.73368333333333,139.71685527777777,7,3,,,,
1,30,550,82,2,0,1,30000,0,116,2021,5,26,20,26,22,,,,,1,1,1,14,7,0,23,0,23,3,9,1,70,5,3,1,1,35,14,61,1,0,,,,,,,2,0,10,0,3,0,2,0,2,0,4,2,35.73127888888889,139.71254777777776,4,3,,,,
1,30,551,89,2,0,1,30000,0,116,2021,5,9,15,20,12,,,,,1,1,1,14,7,0,23,0,23,1,9,1,70,5,3,1,1,75,51,61,0,0,,,,,,,0,0,40,0,3,0,0,0,0,0,4,2,35.73010666666667,139.67939277777776,1,3,,,,
1,30,552,70,2,0,1,30000,0,117,2021,5,3,13,53,12,,,,,2,1,1,1,7,9,22,0,23,14,9,30,70,4,2,1,65,75,51,61,0,0,,,,,,,0,0,40,0,3,0,0,0,0,0,4,2,35.743896666666664,139.739295,2,1,,,,
1,30,552,71,2,0,1,30000,0,117,2021,5,25,8,53,12,,,,,1,1,1,1,1,9,22,0,23,15,9,30,70,5,1,1,65,75,17,61,1,0,,,,,,,2,0,10,0,3,0,2,0,2,0,4,2,35.74399416666667,139.73910833333332,3,3,,,,
1,30,552,74,2,0,1,30000,0,117,2021,5,28,19,10,21,,,,,1,1,1,7,7,0,23,0,23,2,9,20,70,5,3,1,75,55,3,61,1,0,,,,,,,2,0,40,0,3,0,2,0,2,0,4,2,35.737186944444446,139.7665127777778,6,3,,,,
1,30,552,77,2,0,1,10090,0,117,2021,5,31,21,45,22,,,,,3,1,2,14,7,0,23,0,23,5,9,1,70,1,1,1,35,1,51,61,0,0,,,,,,,0,0,10,0,3,0,0,0,0,0,2,4,35.74841972222222,139.73359722222222,2,3,,,,
1,30,554,65,2,0,1,30000,0,117,2021,5,12,12,32,12,,,,,2,1,1,14,7,0,23,0,23,3,9,1,70,5,1,1,35,55,51,61,0,0,,,,,,,0,0,40,0,4,0,0,0,0,0,4,2,35.77705888888889,139.71822666666668,4,3,,,,
1,30,554,66,2,0,1,30000,0,117,2021,5,13,17,15,12,,,,,3,1,2,13,7,0,23,0,23,2,3,1,70,5,3,1,65,1,3,61,31,0,,,,,,,2,0,20,0,4,0,2,0,2,0,4,2,35.7840025,139.71255916666667,5,3,,,,
1,30,554,69,2,0,1,30000,0,117,2021,5,16,19,40,22,,,,,3,1,2,14,7,0,23,0,23,3,9,1,70,4,2,1,25,75,32,61,31,0,,,,,,,10,0,10,0,3,0,0,0,0,0,4,2,35.77567055555556,139.7125597222222,1,3,,,,
1,30,555,114,2,0,1,30000,0,119,2021,5,1,13,55,12,,,,,1,1,1,14,7,0,23,0,23,2,9,1,70,5,3,1,75,75,51,61,0,0,,,,,,,0,0,10,0,4,0,0,0,0,0,4,2,35.756476944444444,139.6965013888889,7,3,,,,
1,30,556,105,2,0,1,30000,0,119,2021,5,7,15,38,12,,,,,3,1,2,14,7,0,23,0,23,2,9,1,70,5,3,1,1,65,51,61,0,0,,,,,,,0,0,10,0,3,0,0,0,0,0,4,2,35.782309166666664,139.67924944444442,6,3,,,,
1,30,556,106,2,0,1,30000,0,119,2021,5,7,19,35,22,,,,,3,1,2,7,7,0,23,0,23,3,9,1,70,5,1,1,75,55,3,61,31,0,,,,,,,5,0,10,0,3,0,2,0,2,0,4,2,35.774926666666666,139.68102416666665,6,3,,,,
1,30,556,107,2,0,1,30000,0,119,2021,4,15,21,17,22,,,,,1,1,1,1,7,1,21,0,23,11,9,30,70,5,3,1,55,25,14,61,1,0,,,,,,,5,0,80,0,3,0,2,0,2,0,4,2,35.769331666666666,139.66858944444442,5,3,,,,
1,30,556,108,2,0,1,30750,0,119,2021,5,10,16,3,12,,,,,1,1,1,1,1,9,22,0,23,15,7,30,70,4,1,1,75,45,34,61,31,0,,,,,,,2,0,10,0,3,0,0,0,0,0,4,2,35.77630833333333,139.69040777777778,2,3,,,,
1,30,556,112,2,0,1,30760,0,119,2021,5,18,8,10,12,,,,,3,1,2,14,1,0,23,0,23,3,9,1,70,4,2,1,25,0,61,0,0,0,,,,,,,0,0,0,0,0,0,0,0,0,0,2,0,35.763605,139.68740583333334,3,3,,,,
1,30,557,100,2,0,1,30000,0,120,2021,5,2,9,57,12,,,,,2,1,1,14,7,0,23,0,23,3,9,1,70,4,3,1,45,75,51,61,0,0,,,,,,,0,0,40,0,3,0,0,0,0,0,4,2,35.75056027777778,139.66528250000002,1,2,,,,
1,30,557,103,2,0,1,30000,0,120,2021,5,13,15,32,12,,,,,3,1,2,13,7,0,23,0,23,3,3,1,70,5,2,1,65,45,3,61,1,0,,,,,,,10,0,10,0,3,0,2,0,2,0,4,2,35.73842194444445,139.65417277777777,5,3,,,,
1,30,557,106,2,0,1,30000,0,120,2021,5,21,16,0,12,,,,,3,1,2,1,8,9,22,0,23,11,9,30,70,5,2,1,1,75,51,61,0,0,,,,,,,0,0,10,0,3,0,0,0,0,0,4,2,35.73433638888889,139.64448833333333,6,3,,,,
1,30,557,114,2,0,1,10010,0,120,2021,3,30,14,6,12,,,,,1,1,1,1,1,9,22,0,23,14,9,30,70,4,2,1,35,65,4,61,31,0,,,,,,,4,0,10,0,3,0,2,0,2,0,4,2,35.74230888888889,139.63354972222223,3,3,,,,
1,30,558,107,2,0,1,30000,0,120,2021,5,2,10,31,12,,,,,1,1,1,14,7,0,23,0,23,2,9,1,70,5,3,1,55,1,17,61,1,0,,,,,,,5,0,80,0,3,0,2,0,2,0,4,2,35.721806111111114,139.580565,1,2,,,,
1,30,558,113,2,0,1,30000,0,120,2021,5,9,10,20,12,,,,,1,1,1,1,7,9,22,0,23,11,9,30,70,5,4,1,75,75,4,61,31,0,,,,,,,1,0,30,0,4,0,2,0,2,0,4,2,35.77175138888889,139.58225222222222,1,3,,,,
1,30,558,119,2,0,1,30000,0,120,2021,4,3,16,30,12,,,,,1,1,1,14,7,0,23,0,23,2,9,1,70,5,3,1,75,1,3,61,31,0,,,,,,,5,0,50,0,4,0,2,0,2,0,4,2,35.744005,139.6047925,7,3,,,,
1,30,558,126,2,0,1,95000,0,120,2021,5,13,14,0,12,,,,,1,1,1,0,7,0,23,0,23,0,0,20,70,0,4,1,55,45,3,61,31,0,,,,,,,10,0,20,0,3,0,2,0,2,0,4,2,35.74194611111111,139.61144166666665,5,3,,,,
1,30,558,130,2,0,1,30000,0,120,2021,5,22,17,5,12,,,,,2,1,2,14,7,0,23,0,23,3,9,20,70,5,3,1,25,45,14,61,31,0,,,,,,,10,0,80,0,3,0,2,0,2,0,4,2,35.752116388888886,139.5729861111111,7,3,,,,
1,30,558,131,2,0,1,30000,0,120,2021,5,17,18,43,21,,,,,2,1,1,21,7,0,23,0,23,3,9,20,70,5,3,1,25,45,3,61,31,0,,,,,,,2,0,40,0,3,0,2,0,2,0,4,2,35.726578333333336,139.58869555555557,2,3,,,,
1,30,558,132,2,0,1,30000,0,120,2021,4,6,18,50,21,,,,,1,1,1,14,7,0,23,0,23,2,9,1,70,5,3,1,1,1,51,61,0,0,,,,,,,0,0,10,0,4,0,0,0,0,0,4,2,35.73218222222222,139.5712675,3,3,,,,
1,30,559,71,2,0,1,2540,145,119,2021,5,15,6,0,12,,,,,1,1,1,1,7,9,22,0,23,18,9,30,70,1,3,1,25,45,17,61,31,0,,,,,,,5,0,40,0,3,0,2,0,2,0,4,2,35.776333055555554,139.63179583333334,7,3,,,,
1,30,559,72,2,0,1,30000,0,119,2021,5,14,15,30,12,,,,,1,1,1,14,7,0,23,0,23,2,9,1,70,5,3,1,65,1,3,61,31,0,,,,,,,2,0,40,0,4,0,2,0,2,0,4,2,35.778906944444444,139.64330611111112,6,3,,,,
1,30,559,76,2,0,1,20480,0,119,2021,5,22,21,40,22,,,,,1,1,2,1,1,9,22,0,23,18,9,30,70,1,2,1,55,55,51,61,0,0,,,,,,,0,0,10,0,4,0,0,0,0,0,4,2,35.79016361111111,139.65314805555556,7,3,,,,
1,30,560,120,2,0,1,30000,0,120,2021,4,14,18,20,21,,,,,3,1,2,7,7,0,23,0,23,4,9,20,70,4,1,1,55,65,3,61,31,0,,,,,,,2,0,10,0,3,0,2,0,2,0,4,2,35.76432305555556,139.6109,4,3,,,,
1,30,560,134,2,0,1,20510,0,120,2021,5,28,15,0,12,,,,,2,1,1,7,1,0,23,0,23,4,9,1,70,1,2,1,45,75,3,61,31,0,,,,,,,4,0,10,0,3,0,2,0,2,0,4,2,35.751081944444444,139.61923944444445,6,3,,,,
1,30,660,53,2,0,1,30000,0,106,2020,12,8,15,5,12,,,,,2,1,1,14,7,0,23,0,23,3,9,1,70,5,1,1,55,35,14,61,31,0,,,,,,,2,0,50,0,3,0,2,0,2,0,4,2,35.705512777777784,139.7804027777778,3,3,,,,
1,30,660,54,2,0,1,40,32,106,2021,4,7,7,32,12,,,,,1,1,1,14,7,0,23,0,23,5,9,1,70,1,1,1,25,35,51,61,0,0,,,,,,,0,0,10,0,4,0,0,0,0,0,4,2,35.71068555555556,139.77683222222223,4,3,,,,
1,30,660,57,2,0,1,30000,0,106,2021,5,10,14,7,12,,,,,1,1,1,1,8,9,22,0,23,15,9,30,70,4,1,1,1,25,17,61,31,0,,,,,,,2,0,10,0,4,0,2,0,2,0,4,2,35.71414861111111,139.77843777777778,2,3,,,,
1,30,660,59,2,0,1,40,30,106,2021,5,13,9,4,12,,,,,3,1,2,14,1,0,23,0,23,6,9,1,70,1,2,1,35,35,34,61,31,0,,,,,,,5,0,10,0,3,0,0,0,0,0,4,2,35.70867305555556,139.77655361111113,5,3,,,,
1,30,660,61,2,0,1,10290,0,106,2021,5,15,12,10,12,,,,,1,1,1,1,7,9,22,0,23,18,9,30,70,4,2,1,65,65,3,61,31,0,,,,,,,4,0,10,0,3,0,2,0,2,0,4,2,35.70274722222222,139.77523416666668,7,3,,,,
1,30,660,62,2,0,1,30000,0,106,2021,5,15,14,22,12,,,,,1,1,1,14,7,0,23,0,23,2,9,1,70,5,4,1,75,35,51,61,0,0,,,,,,,0,0,10,0,4,0,0,0,0,0,4,2,35.71043388888889,139.77430777777778,7,3,,,,
1,30,660,64,2,0,2,10290,0,106,2021,5,19,23,15,22,,,,,2,1,2,7,7,0,23,0,23,5,9,1,70,6,1,1,45,35,35,61,31,0,,,,,,,4,0,10,0,1,0,0,0,0,0,2,2,35.702732222222224,139.77416416666668,4,3,,,,
1,30,660,65,2,0,2,40,35,106,2021,5,20,12,50,12,,,,,2,1,1,1,1,9,22,0,23,18,9,30,70,1,2,1,35,45,51,61,0,0,,,,,,,0,0,10,0,3,0,0,0,0,0,2,2,35.71360416666667,139.7791988888889,5,3,,,,
1,30,660,66,2,0,1,30000,0,106,2021,5,21,18,0,13,,,,,3,1,2,14,7,0,23,0,23,3,9,1,70,4,2,1,55,55,51,61,0,0,,,,,,,0,0,10,0,3,0,0,0,0,0,2,4,35.710906388888894,139.77323555555557,6,3,,,,
1,30,660,70,2,0,1,30000,0,106,2021,3,6,11,5,12,,,,,1,1,1,14,7,0,23,0,23,3,9,1,70,5,4,1,55,35,14,61,1,0,,,,,,,2,0,50,0,4,0,2,0,2,0,4,2,35.709201944444445,139.77179416666667,7,3,,,,
1,30,661,38,2,0,1,30000,0,106,2021,5,20,6,51,12,,,,,1,1,1,1,1,9,22,0,23,14,9,30,70,5,2,1,55,65,14,61,31,0,,,,,,,2,0,10,0,4,0,2,0,2,0,4,2,35.72706083333333,139.7884411111111,5,3,,,,
1,30,661,40,2,0,1,30000,0,106,2021,5,7,13,7,12,,,,,2,1,1,7,7,0,23,0,23,3,9,1,70,5,3,1,35,75,51,61,0,0,,,,,,,0,0,10,0,3,0,0,0,0,0,4,2,35.72317694444445,139.7878736111111,6,3,,,,
1,30,662,48,2,0,1,30000,0,106,2021,5,26,20,37,22,,,,,2,1,1,14,7,0,23,0,23,1,9,1,70,5,1,1,55,1,51,61,0,0,,,,,,,0,0,10,0,4,0,0,0,0,0,4,2,35.72374361111111,139.80759694444447,4,3,,,,
1,30,662,49,2,0,1,30000,0,106,2021,5,15,15,5,12,,,,,1,1,1,7,2,0,23,0,23,2,9,1,70,5,2,1,45,65,51,61,0,0,,,,,,,0,0,0,0,4,0,0,0,0,0,4,2,35.719998611111116,139.79410277777777,7,3,,,,
1,30,663,55,2,0,1,20530,0,106,2021,5,21,11,30,12,,,,,2,1,1,1,1,9,22,0,23,18,9,30,70,4,2,1,35,25,3,61,31,0,,,,,,,4,0,10,0,3,0,2,0,2,0,4,2,35.70910055555556,139.79404472222222,6,3,,,,
1,30,664,43,2,0,1,21060,0,118,2021,5,31,16,0,12,,,,,1,1,1,1,1,9,22,0,23,18,9,30,70,1,1,1,75,35,3,61,1,0,,,,,,,3,0,10,0,3,0,2,0,2,0,4,2,35.749094722222225,139.77001416666667,2,3,,,,
1,30,665,24,2,0,1,30000,0,118,2021,5,17,15,54,12,,,,,3,1,2,1,7,9,22,0,23,15,9,30,70,4,2,1,1,45,3,61,31,0,,,,,,,10,0,10,0,3,0,2,0,2,0,4,2,35.734120555555556,139.79991194444443,2,3,,,,
1,30,665,26,2,0,1,30000,0,118,2021,4,30,12,43,12,,,,,1,1,1,1,7,1,22,0,23,15,9,30,70,4,1,1,65,25,3,61,31,0,,,,,,,2,0,20,0,4,0,2,0,2,0,4,2,35.73677111111111,139.80273055555557,6,3,,,,
1,30,666,37,2,0,1,30000,0,118,2021,5,18,8,5,12,,,,,3,1,2,13,7,0,23,0,23,3,3,1,70,5,4,1,55,75,3,61,31,0,,,,,,,2,0,40,0,3,0,2,0,2,0,4,2,35.735750555555555,139.76553194444443,3,3,,,,
1,30,667,55,2,0,1,40,80,121,2021,5,13,14,51,12,,,,,3,1,2,1,1,9,22,0,23,18,9,30,70,1,1,1,35,45,13,61,31,0,,,,,,,5,0,10,0,4,0,2,0,2,0,4,2,35.74901333333334,139.79938972222223,5,3,,,,
1,30,668,185,2,0,1,30000,0,121,2021,5,10,17,45,13,,,,,1,1,1,14,7,0,23,0,23,3,9,1,70,4,2,1,1,1,51,61,0,0,,,,,,,0,0,10,0,3,0,0,0,0,0,4,2,35.772263055555555,139.80053361111112,2,3,,,,
1,30,668,197,2,0,1,30000,0,121,2021,5,15,7,40,12,,,,,1,1,1,14,7,0,23,0,23,2,9,20,70,5,4,1,45,45,51,61,0,0,,,,,,,0,0,10,0,3,0,0,0,0,0,4,2,35.75715722222222,139.7651888888889,7,3,,,,
1,30,668,199,2,0,1,20620,0,121,2021,5,27,19,40,21,,,,,2,1,2,1,1,9,22,0,23,14,9,30,70,4,2,1,1,65,51,61,0,0,,,,,,,0,0,10,0,3,0,0,0,0,0,4,2,35.772593888888885,139.79749083333334,5,3,,,,
1,30,669,198,2,0,1,30000,0,121,2021,5,1,11,0,12,,,,,1,1,1,14,7,0,23,0,23,2,9,1,70,5,4,1,45,45,3,61,31,0,,,,,,,10,0,40,0,3,0,2,0,2,0,4,2,35.76562333333333,139.81154722222223,7,3,,,,
1,30,669,219,2,0,1,30000,0,121,2021,5,18,7,50,12,,,,,3,1,2,1,7,1,22,0,23,11,9,30,70,5,3,1,35,45,17,61,31,0,,,,,,,10,0,10,0,3,0,2,0,2,0,4,2,35.77832138888889,139.82761722222222,3,3,,,,
1,30,669,238,2,0,1,30000,0,121,2021,5,25,17,20,12,,,,,1,1,1,14,7,0,23,0,23,2,9,1,70,5,1,1,75,1,14,61,31,0,,,,,,,5,0,10,0,4,0,2,0,2,0,4,2,35.784815555555554,139.81232222222224,3,3,,,,
1,30,670,139,2,0,1,30000,0,121,2021,1,30,15,25,12,,,,,1,1,1,14,7,0,23,0,23,1,9,1,70,5,3,1,45,1,3,61,31,0,,,,,,,10,0,10,0,3,0,2,0,2,0,4,2,35.799522499999995,139.77748222222223,7,3,,,,
1,30,670,142,2,0,1,30000,0,121,2021,5,2,11,15,12,,,,,2,1,2,14,7,0,23,0,23,4,9,1,70,4,2,1,1,1,51,61,0,0,,,,,,,0,0,10,0,3,0,0,0,0,0,4,2,35.798758888888884,139.79445777777778,1,2,,,,
1,30,670,148,2,0,1,95000,0,121,2021,5,6,8,20,12,,,,,2,1,1,0,7,0,23,0,23,0,0,20,70,0,4,1,65,75,14,61,31,0,,,,,,,10,0,60,0,4,0,2,0,2,0,4,2,35.801539999999996,139.79731333333334,5,3,,,,
1,30,670,156,2,0,1,30000,0,121,2021,5,14,20,10,22,,,,,1,1,1,14,7,0,23,0,23,3,9,20,70,4,4,1,35,75,14,61,31,0,,,,,,,3,0,30,0,3,0,2,0,2,0,4,2,35.80398472222222,139.78348111111112,6,3,,,,
1,30,670,161,2,0,1,30000,0,121,2021,4,6,16,3,12,,,,,1,1,1,1,1,9,22,0,23,14,9,30,70,4,2,1,75,75,3,61,31,0,,,,,,,5,0,80,0,4,0,2,0,2,0,4,2,35.789465,139.8066427777778,3,3,,,,
1,30,670,171,2,0,1,30000,0,121,2021,5,31,6,10,12,,,,,1,1,1,1,1,9,22,0,23,11,9,30,70,5,2,1,45,75,3,61,31,0,,,,,,,3,0,10,0,3,0,2,0,2,0,4,2,35.8051275,139.80431472222224,2,3,,,,