資料区分,都道府県コード,警察署等コード,本票番号,事故内容,死者数,負傷者数,路線コード,地点コード,市区町村コード,発生日時　　年,発生日時　　月,発生日時　　日,発生日時　　時,発生日時　　分,昼夜,日の出時刻　　時,日の出時刻　　分,日の入り時刻　　時,日の入り時刻　　分,天候,地形,路面状態,道路形状,信号機,一時停止規制　標識（当事者A）,一時停止規制　表示（当事者A）,一時停止規制　標識（当事者B）,一時停止規制　表示（当事者B）,車道幅員,道路線形,衝突地点,ゾーン規制,中央分離帯施設等,歩車道区分,事故類型,年齢（当事者A）,年齢（当事者B）,当事者種別（当事者A）,当事者種別（当事者B）,用途別（当事者A）,用途別（当事者B）,車両形状等（当事者A）,車両形状等（当事者B）,オートマチック車（当事者A）,オートマチック車（当事者B）,サポカー（当事者A）,サポカー（当事者B）,速度規制（指定のみ）（当事者A）,速度規制（指定のみ）（当事者B）,車両の衝突部位（当事者A）,車両の衝突部位（当事者B）,車両の損壊程度（当事者A）,車両の損壊程度（当事者B）,エアバッグの装備（当事者A）,エアバッグの装備（当事者B）,サイドエアバッグの装備（当事者A）,サイドエアバッグの装備（当事者B）,人身損傷程度（当事者A）,人身損傷程度（当事者B）,lat,lon,曜日(発生年月日),祝日(発生年月日),認知機能検査経過日数（当事者A）,認知機能検査経過日数（当事者B）,運転練習の方法（当事者A）,運転練習の方法（当事者B）
1,30,771,151,2,0,1,30000,0,108,2021,5,10,14,55,12,,,,,1,1,1,7,7,0,23,0,23,3,9,1,70,5,2,1,35,1,17,61,1,0,,,,,,,1,0,10,0,3,0,2,0,2,0,4,2,35.672465833333334,139.8108452777778,2,3,,,,
1,30,771,153,2,0,1,10040,0,108,2021,4,19,18,50,21,,,,,1,1,1,14,7,0,23,0,23,4,9,1,70,4,2,1,35,65,51,61,0,0,,,,,,,0,0,40,0,4,0,0,0,0,0,4,2,35.674034444444445,139.79169694444445,2,3,,,,
1,30,771,159,2,0,1,30000,0,108,2021,5,16,12,50,12,,,,,2,1,1,14,7,0,23,0,23,3,9,1,70,5,2,1,25,35,51,61,0,0,,,,,,,0,0,20,0,3,0,0,0,0,0,4,2,35.687730555555554,139.79632083333334,1,3,,,,
1,30,771,162,2,0,1,10040,0,108,2021,5,16,11,42,12,,,,,2,1,2,14,7,0,23,0,23,4,9,1,70,1,2,1,35,25,3,61,31,0,,,,,,,5,0,60,0,4,0,2,0,2,0,4,2,35.67420111111111,139.79130083333334,1,3,,,,
1,30,771,166,2,0,1,30000,0,108,2021,5,23,16,55,12,,,,,1,1,1,1,7,9,22,0,23,11,9,30,70,4,4,1,25,1,14,61,1,0,,,,,,,5,0,40,0,3,0,2,0,2,0,4,2,35.662530277777776,139.80949777777778,1,3,,,,
1,30,772,97,2,0,1,30000,0,108,2021,5,12,18,45,21,,,,,1,1,1,14,7,0,23,0,23,3,9,1,70,5,3,1,25,25,3,61,31,0,,,,,,,10,0,10,0,2,0,2,0,2,0,4,2,35.696256388888884,139.82786944444445,4,3,,,,
1,30,773,93,2,0,1,20530,0,107,2020,12,24,16,5,13,,,,,2,1,1,1,1,9,22,0,23,18,9,30,70,1,2,1,75,75,51,61,0,0,,,,,,,0,0,10,0,3,0,0,0,0,0,4,2,35.70883361111111,139.81182555555557,5,3,,,,
1,30,773,99,2,0,1,30000,0,107,2021,5,12,9,5,12,,,,,1,1,1,1,7,1,21,0,23,14,9,30,70,5,2,1,55,35,3,61,1,0,,,,,,,5,0,10,0,3,0,2,0,2,0,4,2,35.69614249999999,139.8118775,4,3,,,,
1,30,773,106,2,0,1,20690,0,107,2021,5,20,13,16,12,,,,,2,1,1,7,1,0,23,0,23,5,9,1,70,4,2,1,1,45,51,61,0,0,,,,,,,0,0,10,0,3,0,0,0,0,0,4,2,35.69957083333333,139.81490250000002,5,3,,,,
1,30,773,116,2,0,1,30000,0,107,2021,5,28,12,25,12,,,,,1,1,1,7,7,0,23,0,23,3,9,1,1,5,2,1,25,75,14,61,1,0,,,,,,,2,0,50,0,4,0,2,0,2,0,4,2,35.708224722222226,139.80681333333334,6,3,,,,
1,30,775,153,2,0,1,10130,0,122,2021,3,22,19,50,22,,,,,3,1,2,1,1,9,22,0,23,18,9,30,70,1,1,1,25,45,3,61,1,0,,,,,,,5,0,10,0,3,0,2,0,2,0,4,2,35.748379166666666,139.8579147222222,2,3,,,,
1,30,775,161,2,0,1,30000,0,122,2021,5,2,7,45,12,,,,,1,1,1,12,7,0,23,0,23,3,9,1,70,5,4,1,55,45,51,61,0,0,,,,,,,0,0,10,0,3,0,0,0,0,0,4,2,35.75280611111111,139.81667555555555,1,2,,,,
1,30,776,95,2,0,1,30000,0,122,2021,5,11,16,32,12,,,,,1,1,1,14,7,0,23,0,23,2,9,1,70,5,3,1,55,55,3,61,31,0,,,,,,,1,0,10,0,3,0,2,0,2,0,4,2,35.750075277777775,139.86994194444446,3,3,,,,
1,30,776,96,2,0,1,30000,0,122,2021,5,13,18,5,13,,,,,3,1,2,14,7,0,23,0,23,1,9,1,70,5,4,1,25,45,3,61,31,0,,,,,,,10,0,80,0,3,0,2,0,2,0,4,2,35.74826222222222,139.86572611111112,5,3,,,,
1,30,776,97,2,0,1,30000,0,122,2021,5,16,21,0,22,,,,,3,1,2,13,7,0,23,0,23,3,3,1,70,4,1,1,65,45,3,61,1,0,,,,,,,1,0,50,0,3,0,2,0,2,0,4,2,35.72032277777778,139.86555916666666,1,3,,,,
1,30,776,98,2,0,1,10360,0,122,2021,5,1,12,20,12,,,,,1,1,1,14,7,0,23,0,23,4,9,1,70,4,1,1,55,45,3,61,1,0,,,,,,,3,0,40,0,3,0,2,0,2,0,4,2,35.74702111111111,139.82567416666666,7,3,,,,
1,30,777,230,2,0,1,30520,0,123,2021,5,3,14,10,12,,,,,1,1,1,14,7,0,23,0,23,1,9,1,70,4,2,1,75,55,51,61,0,0,,,,,,,0,0,20,0,3,0,0,0,0,0,2,4,35.687551111111105,139.88226916666667,2,1,,,,
1,30,777,233,2,0,2,30000,0,123,2021,5,5,10,17,12,,,,,2,1,1,14,7,0,23,0,23,3,9,1,70,5,2,1,75,75,51,61,0,0,,,,,,,0,0,10,0,3,0,0,0,0,0,2,2,35.68145166666667,139.883435,4,1,,,,
1,30,777,240,2,0,1,30000,0,123,2021,5,8,11,30,12,,,,,1,1,1,1,1,9,22,0,23,15,9,30,70,4,2,1,35,75,51,61,0,0,,,,,,,0,0,40,0,4,0,0,0,0,0,4,2,35.69179055555555,139.8896538888889,7,3,,,,
1,30,777,241,2,0,1,30000,0,123,2021,5,6,12,20,12,,,,,1,1,1,1,1,9,22,0,23,15,9,30,70,4,2,1,45,75,14,61,31,0,,,,,,,3,0,0,0,4,0,2,0,2,0,4,2,35.694599999999994,139.90160222222224,5,3,,,,
1,30,777,247,2,0,1,30000,0,123,2021,5,10,16,35,12,,,,,1,1,1,1,7,9,22,0,23,11,9,30,70,4,2,1,65,1,13,61,31,0,,,,,,,2,0,10,0,3,0,2,0,2,0,4,2,35.69691722222222,139.87145305555558,2,3,,,,
1,30,777,248,2,0,1,30000,0,123,2021,5,10,18,40,21,,,,,1,1,1,1,7,0,23,0,23,11,9,30,70,5,3,1,1,0,61,0,0,0,,,,,,,0,0,0,0,0,0,0,0,0,0,2,0,35.705959722222225,139.84589277777778,2,3,,,,
1,30,777,249,2,0,1,21190,0,123,2021,5,11,6,20,12,,,,,2,1,1,1,1,9,22,0,23,17,9,30,70,4,2,1,55,75,12,61,1,0,,,,,,,3,0,0,0,4,0,2,0,2,0,4,2,35.70838638888889,139.8437252777778,3,3,,,,
1,30,777,255,2,0,1,10380,0,123,2021,4,30,13,5,12,,,,,1,1,1,14,7,0,23,0,23,3,9,1,70,4,2,1,1,65,51,61,0,0,,,,,,,0,0,10,0,3,0,0,0,0,0,4,2,35.695456388888886,139.900955,6,3,,,,
1,30,777,262,2,0,1,10390,0,123,2021,5,3,12,53,12,,,,,1,1,1,1,7,1,21,0,23,11,9,30,70,4,3,1,55,75,3,61,31,0,,,,,,,2,0,10,0,3,0,2,0,2,0,4,2,35.69398472222222,139.86758694444444,2,1,,,,
1,30,777,271,2,0,1,30000,0,123,2021,5,22,13,20,12,,,,,2,1,1,14,7,0,23,0,23,3,9,1,70,4,2,1,45,1,13,61,31,0,,,,,,,2,0,20,0,4,0,2,0,2,0,4,2,35.69172194444444,139.872075,7,3,,,,
1,30,777,274,2,0,1,95000,0,123,2021,5,23,19,20,21,,,,,1,1,1,0,7,0,23,0,23,0,0,20,70,0,4,1,65,35,3,61,31,0,,,,,,,10,0,10,0,3,0,2,0,2,0,4,2,35.68616194444444,139.8836675,1,3,,,,
1,30,777,280,2,0,1,95000,0,123,2021,5,25,19,0,21,,,,,1,1,1,14,7,0,23,0,23,2,9,1,70,4,1,1,75,65,51,61,0,0,,,,,,,0,0,10,0,3,0,0,0,0,0,4,2,35.706005277777784,139.8437002777778,3,3,,,,
1,30,777,283,2,0,1,140,88,123,2021,5,29,16,30,12,,,,,1,1,1,14,7,0,23,0,23,3,9,1,70,5,2,1,1,55,51,61,0,0,,,,,,,0,0,20,0,4,0,0,0,0,0,4,2,35.701548055555556,139.85974249999998,7,3,,,,
1,30,777,288,2,0,1,30520,0,123,2021,4,27,18,50,21,,,,,1,1,1,14,7,0,23,0,23,3,9,1,70,5,2,1,35,55,3,61,31,0,,,,,,,2,0,30,0,3,0,2,0,2,0,4,2,35.68682472222222,139.88319444444446,3,3,,,,
1,30,778,78,2,0,1,30000,0,123,2021,5,12,18,57,21,,,,,1,1,1,1,1,9,22,0,23,14,9,30,70,5,2,1,65,45,13,61,31,0,,,,,,,10,0,10,0,3,0,2,0,2,0,4,2,35.70970527777778,139.89862138888887,4,3,,,,
1,30,778,81,2,0,2,30000,0,123,2021,5,19,7,40,12,,,,,2,1,2,14,7,0,23,0,23,3,9,20,70,5,2,1,45,45,34,61,31,0,,,,,,,10,0,10,0,3,0,0,0,0,0,2,2,35.734023055555554,139.88315444444444,4,3,,,,
1,30,778,86,2,0,1,30000,0,123,2021,5,24,8,14,12,,,,,1,1,1,14,7,0,23,0,23,2,9,1,70,4,2,1,25,65,3,61,31,0,,,,,,,3,0,83,0,3,0,2,0,2,0,4,2,35.73195666666667,139.88417666666666,2,3,,,,
1,30,779,113,2,0,1,30000,0,123,2021,3,30,14,25,12,,,,,2,1,1,14,7,0,23,0,23,1,9,1,70,5,3,1,1,75,51,61,0,0,,,,,,,0,0,10,0,4,0,0,0,0,0,4,2,35.66427722222222,139.86240055555555,3,3,,,,
1,30,779,129,2,0,1,30000,0,123,2021,5,20,20,0,22,,,,,2,1,1,14,7,0,23,0,23,2,9,1,70,5,3,1,25,55,51,61,0,0,,,,,,,0,0,10,0,3,0,0,0,0,0,4,2,35.68305722222222,139.87054777777777,5,3,,,,
1,30,779,131,2,0,1,99000,0,123,2021,1,1,22,5,22,,,,,1,1,1,0,7,0,23,0,23,0,0,20,70,0,4,1,45,25,3,61,31,0,,,,,,,2,0,40,0,4,0,2,0,2,0,4,2,35.68550916666666,139.86244472222222,6,1,,,,
1,30,876,178,2,0,1,99000,0,209,2021,4,26,15,0,12,,,,,1,2,1,0,7,0,23,0,23,0,0,20,70,0,4,1,45,25,3,61,31,0,,,,,,,10,0,70,0,3,0,2,0,2,0,4,2,35.60098833333333,139.37709166666667,2,3,,,,
1,30,876,187,2,0,1,20770,0,201,2021,5,16,15,50,12,,,,,3,1,2,14,7,0,23,0,23,2,9,1,70,5,1,1,1,75,51,61,0,0,,,,,,,0,0,10,0,3,0,0,0,0,0,4,2,35.64187277777778,139.37060027777778,1,3,,,,
1,30,876,190,2,0,1,99000,0,209,2021,5,22,12,39,12,,,,,2,1,1,0,7,0,23,0,23,0,0,20,70,0,4,1,55,35,3,61,31,0,,,,,,,10,0,10,0,4,0,2,0,2,0,4,2,35.60425527777778,139.36068055555555,7,3,,,,
1,30,876,192,2,0,1,30000,0,209,2021,5,26,7,30,12,,,,,1,1,1,1,7,9,22,0,23,14,1,30,70,5,4,1,65,1,4,61,31,0,,,,,,,10,0,50,0,4,0,2,0,2,0,4,2,35.59416111111111,139.3892813888889,4,3,,,,
1,30,876,202,2,0,1,99000,0,201,2021,5,9,13,40,12,,,,,1,1,1,0,7,0,23,0,23,0,0,20,70,0,4,1,1,65,51,61,0,0,,,,,,,0,0,10,0,3,0,0,0,0,0,4,2,35.61423916666667,139.37788333333333,1,3,,,,
1,30,877,105,2,0,1,95000,0,201,2021,5,3,13,30,12,,,,,1,3,1,0,7,0,23,0,23,0,0,20,70,0,4,1,35,45,3,61,31,0,,,,,,,10,0,30,0,4,0,2,0,2,0,4,2,35.6382275,139.30622611111113,2,1,,,,
1,30,877,107,2,0,1,30000,0,201,2021,5,7,15,40,12,,,,,3,2,2,14,7,0,23,0,23,3,9,1,70,4,1,1,75,75,4,61,31,0,,,,,,,3,0,10,0,3,0,2,0,2,0,4,2,35.64527416666667,139.29544777777778,6,3,,,,
1,30,877,115,2,0,1,30000,0,201,2021,5,11,17,0,12,,,,,2,3,1,1,1,9,22,0,23,14,9,30,70,5,3,1,45,45,3,61,31,0,,,,,,,3,0,40,0,4,0,2,0,2,0,4,2,35.67353,139.2583386111111,3,3,,,,
1,30,877,122,2,0,1,30000,0,201,2021,5,16,9,45,12,,,,,3,3,2,1,7,9,22,0,23,15,9,30,70,4,2,1,65,55,34,61,31,0,,,,,,,3,0,20,0,4,0,0,0,0,0,4,2,35.645474722222225,139.2958338888889,1,3,,,,
1,30,877,127,2,0,1,30000,0,201,2021,5,25,23,10,22,,,,,1,2,1,1,1,9,22,0,23,15,9,30,70,4,2,1,45,25,3,61,31,0,,,,,,,3,0,10,0,3,0,2,0,2,0,4,2,35.662239166666666,139.3102577777778,3,3,,,,
1,30,877,130,2,0,1,30000,0,201,2021,5,28,12,40,12,,,,,1,1,1,1,7,1,21,0,23,11,9,30,70,5,3,1,55,55,14,61,1,0,,,,,,,5,0,10,0,3,0,2,0,2,0,4,2,35.65646833333333,139.31431527777778,6,3,,,,
1,30,878,166,2,0,1,30000,0,225,2021,2,4,8,55,12,,,,,1,1,1,13,7,0,23,0,23,4,5,1,70,4,2,1,65,45,51,61,0,0,,,,,,,0,0,10,0,2,0,0,0,0,0,2,4,35.631977222222226,139.52081,5,3,,,,
1,30,878,171,2,0,1,20000,0,225,2021,5,7,1,58,22,,,,,1,3,1,14,7,0,23,0,23,3,9,1,70,4,2,1,45,1,3,61,31,0,,,,,,,3,0,10,0,2,0,2,0,2,0,4,2,35.620131388888886,139.47534694444445,6,3,,,,
1,30,878,195,2,0,1,21110,0,224,2021,5,26,13,40,12,,,,,1,1,1,1,1,8,22,0,23,19,9,30,70,1,1,1,45,1,3,61,31,0,,,,,,,4,0,40,0,3,0,2,0,2,0,4,2,35.628100277777776,139.4288797222222,4,3,,,,
1,30,878,196,2,0,1,21100,0,224,2021,5,28,20,0,22,,,,,2,1,1,1,1,9,22,0,23,15,9,30,70,3,2,1,75,45,14,61,1,0,,,,,,,3,0,10,0,3,0,2,0,2,0,4,2,35.614762500000005,139.45029416666665,6,3,,,,
1,30,878,204,2,0,1,30000,0,224,2021,5,18,8,20,12,,,,,2,2,1,7,1,0,23,0,23,3,9,20,70,4,1,1,35,35,3,61,31,0,,,,,,,3,0,20,0,3,0,2,0,2,0,4,2,35.64642277777778,139.43841472222223,3,3,,,,
1,30,879,190,2,0,1,10240,0,220,2021,5,7,18,50,21,,,,,3,1,2,14,7,0,23,0,23,3,9,1,70,4,2,1,1,1,51,61,0,0,,,,,,,0,0,10,0,3,0,0,0,0,0,4,2,35.737296111111114,139.43336194444444,6,3,,,,
1,30,879,193,2,0,1,10250,0,223,2021,5,10,19,50,22,,,,,2,2,1,14,1,0,23,0,23,4,9,1,70,4,2,1,25,0,61,0,0,0,,,,,,,0,0,0,0,0,0,0,0,0,0,2,0,35.750639722222225,139.39001194444444,2,3,,,,
1,30,879,194,2,0,1,30000,0,223,2021,4,16,19,10,21,,,,,2,2,1,7,1,0,23,0,23,3,9,1,70,4,2,1,35,25,51,61,0,0,,,,,,,0,0,10,0,3,0,0,0,0,0,4,2,35.74751805555556,139.3869875,6,3,,,,
1,30,879,195,2,0,1,30000,0,220,2021,5,11,8,58,12,,,,,2,2,1,14,7,0,23,0,23,2,9,1,70,4,2,1,1,1,51,61,0,0,,,,,,,0,0,10,0,3,0,0,0,0,0,4,2,35.743878055555555,139.41053333333335,3,3,,,,
1,30,879,201,2,0,1,99000,0,220,2021,5,15,16,30,12,,,,,1,2,1,0,7,0,23,0,23,0,0,20,70,0,4,1,1,1,51,61,0,0,,,,,,,0,0,40,0,3,0,0,0,0,0,4,2,35.761180833333334,139.4394247222222,7,3,,,,
1,30,879,203,2,0,1,30000,0,223,2021,5,16,8,2,12,,,,,2,2,1,14,7,0,23,0,23,3,9,20,70,5,2,1,35,1,3,61,31,0,,,,,,,3,0,10,0,2,0,2,0,2,0,4,2,35.755383055555555,139.36650916666667,1,3,,,,
1,30,879,208,2,0,1,99000,0,220,2021,5,19,16,30,12,,,,,3,3,1,0,7,0,23,0,23,0,0,20,70,0,4,1,25,55,3,61,31,0,,,,,,,10,0,30,0,3,0,2,0,2,0,4,2,35.734744444444445,139.4264261111111,4,3,,,,
1,30,879,210,2,0,1,10240,0,220,2021,5,21,10,40,12,,,,,3,2,2,14,7,0,23,0,23,3,9,20,70,5,2,1,75,75,4,61,31,0,,,,,,,3,0,80,0,3,0,2,0,2,0,4,2,35.74141777777778,139.43097722222223,6,3,,,,
1,30,879,224,2,0,1,99000,0,223,2021,5,30,15,35,12,,,,,1,2,1,0,7,0,23,0,23,0,0,20,70,0,4,1,45,1,13,61,31,0,,,,,,,10,0,70,0,3,0,2,0,2,0,4,2,35.757554444444445,139.38308472222224,1,3,,,,
1,30,880,90,2,0,1,10430,0,205,2021,5,11,15,50,12,,,,,2,2,1,13,7,0,23,0,23,4,1,1,70,4,2,1,45,75,3,61,31,0,,,,,,,2,0,10,0,3,0,2,0,2,0,4,2,35.836056944444444,139.20408527777778,3,3,,,,
1,30,881,53,2,0,1,20000,0,305,2021,5,27,19,40,21,,,,,2,1,2,1,1,9,22,0,23,18,9,30,70,4,2,1,45,25,3,61,31,0,,,,,,,3,0,80,0,3,0,2,0,2,0,4,2,35.734430833333334,139.28210111111113,5,3,,,,
1,30,882,149,2,0,1,99000,0,303,2020,12,18,11,50,12,,,,,1,1,1,0,7,0,23,0,23,0,0,20,70,0,1,1,75,45,3,61,31,0,,,,,,,10,0,30,0,3,0,2,0,2,0,4,2,35.761181944444445,139.33815750000002,6,3,,,,
1,30,882,152,2,0,1,10740,0,228,2021,5,6,15,0,12,,,,,1,1,1,14,7,0,23,0,23,4,9,1,70,4,2,1,35,65,4,61,31,0,,,,,,,4,0,30,0,3,0,2,0,2,0,4,2,35.720287500000005,139.32052416666667,5,3,,,,
1,30,882,160,2,0,1,30000,0,218,2021,5,17,14,29,12,,,,,2,1,1,14,7,0,23,0,23,1,9,1,70,5,3,1,45,45,3,61,31,0,,,,,,,10,0,30,0,3,0,2,0,2,0,4,2,35.74710555555556,139.3314775,2,3,,,,
1,30,882,167,2,0,1,20000,0,218,2021,5,31,8,24,12,,,,,1,3,1,7,7,0,23,0,23,3,9,1,70,4,2,1,25,55,36,61,31,0,,,,,,,10,0,11,0,3,0,0,0,0,0,4,2,35.725250833333334,139.3542833333333,2,3,,,,
1,30,882,169,2,0,1,95000,0,227,2021,5,31,20,3,22,,,,,1,2,1,14,7,0,23,0,23,4,9,1,70,5,2,1,1,75,36,61,31,0,,,,,,,2,0,10,0,3,0,0,0,0,0,4,2,35.769039444444445,139.31033583333334,2,3,,,,
1,30,883,192,2,0,1,20000,0,201,2021,4,7,10,56,12,,,,,1,2,1,14,7,0,23,0,23,1,9,1,70,4,3,1,25,1,13,61,31,0,,,,,,,3,0,10,0,3,0,2,0,2,0,4,2,35.69370833333333,139.33172083333332,4,3,,,,
1,30,883,206,2,0,1,30000,0,201,2021,5,15,16,40,12,,,,,1,2,1,1,7,9,22,0,23,11,8,30,70,5,3,1,45,65,51,61,0,0,,,,,,,0,0,10,0,3,0,0,0,0,0,4,2,35.66598277777778,139.33048916666667,7,3,,,,
1,30,883,211,2,0,1,30000,0,201,2021,5,21,11,40,12,,,,,3,1,2,1,1,9,22,0,23,14,9,30,70,4,3,1,55,45,3,61,31,0,,,,,,,5,0,20,0,3,0,2,0,2,0,4,2,35.65548027777778,139.30596583333335,6,3,,,,
1,30,883,222,2,0,1,30000,0,201,2021,5,15,18,10,13,,,,,1,2,1,14,7,0,23,0,23,2,9,1,70,5,3,1,45,45,3,61,31,0,,,,,,,1,0,70,0,3,0,2,0,2,0,4,2,35.66400722222222,139.3370713888889,7,3,,,,
1,30,883,227,2,0,1,99000,0,201,2021,5,20,16,45,12,,,,,3,1,2,0,7,0,23,0,23,0,0,20,70,0,4,1,55,75,3,61,31,0,,,,,,,10,0,30,0,3,0,2,0,2,0,4,2,35.65858166666666,139.3285875,5,3,,,,
1,30,884,238,2,0,1,30000,0,209,2021,5,20,13,45,12,,,,,2,1,1,7,7,0,23,0,23,3,9,1,70,4,2,1,45,75,14,61,1,0,,,,,,,10,0,10,0,3,0,2,0,2,0,4,2,35.58697361111111,139.46266805555555,5,3,,,,
1,30,884,240,2,0,1,99000,0,209,2021,5,21,16,55,12,,,,,3,1,1,0,7,0,23,0,23,0,0,20,70,0,4,1,75,75,3,61,31,0,,,,,,,10,0,30,0,3,0,2,0,2,0,4,2,35.588585,139.47225722222223,6,3,,,,
1,30,884,251,2,0,1,30000,0,209,2021,5,14,8,21,12,,,,,1,1,1,7,1,0,23,0,23,4,8,1,70,1,3,1,45,25,3,61,31,0,,,,,,,2,0,20,0,4,0,2,0,2,0,4,2,35.56413111111111,139.46542194444444,6,3,,,,
1,30,885,150,2,0,1,21210,0,212,2021,3,17,19,5,22,,,,,1,1,1,1,1,9,22,0,23,18,9,30,70,4,2,1,35,55,3,61,31,0,,,,,,,3,0,10,0,3,0,2,0,2,0,4,2,35.66402111111111,139.37894694444446,4,3,,,,
1,30,885,152,2,0,1,21200,0,212,2021,4,18,10,10,12,,,,,1,1,1,1,7,9,22,0,23,11,8,30,70,5,2,1,1,75,51,61,0,0,,,,,,,0,0,20,0,3,0,0,0,0,0,4,2,35.65815861111111,139.37615194444444,1,3,,,,
1,30,885,158,2,0,1,30000,0,212,2021,5,7,18,10,13,,,,,3,2,2,1,7,9,22,0,23,11,9,30,70,5,4,1,55,1,4,61,31,0,,,,,,,2,0,10,0,3,0,2,0,2,0,4,2,35.65952611111111,139.396525,6,3,,,,
1,30,885,164,2,0,1,20770,0,212,2021,5,1,23,15,22,,,,,1,2,1,1,1,1,22,0,23,18,9,30,70,4,1,1,75,25,4,61,31,0,,,,,,,3,0,10,0,3,0,2,0,2,0,4,2,35.64573,139.37851305555557,7,3,,,,
1,30,885,172,2,0,1,99000,0,212,2021,5,21,9,22,12,,,,,3,3,1,0,7,0,23,0,23,0,0,20,70,0,4,1,55,75,3,61,1,0,,,,,,,10,0,40,0,3,0,2,0,2,0,4,2,35.66723138888889,139.37879944444444,6,3,,,,
1,30,885,174,2,0,1,20000,0,212,2021,4,20,8,50,12,,,,,1,3,1,14,7,0,23,0,23,4,9,1,70,4,2,1,1,45,51,61,0,0,,,,,,,0,0,10,0,3,0,0,0,0,0,4,2,35.65427583333333,139.37948916666667,3,3,,,,
1,30,885,178,2,0,1,20770,0,212,2021,5,26,13,5,12,,,,,1,3,1,1,1,9,22,0,23,15,9,30,70,4,2,1,75,1,4,61,31,0,,,,,,,3,0,40,0,3,0,2,0,2,0,4,2,35.64708527777778,139.38438694444443,4,3,,,,
1,30,886,154,2,0,1,160,486,207,2021,5,3,19,55,22,,,,,1,1,1,1,1,8,22,0,23,18,9,30,70,5,2,1,45,75,14,61,31,0,,,,,,,5,0,10,0,2,0,2,0,2,0,4,2,35.71781472222222,139.33995000000002,2,1,,,,
1,30,886,163,2,0,1,30000,0,207,2021,4,28,8,12,12,,,,,1,1,1,14,7,0,23,0,23,1,9,1,70,5,2,1,55,25,51,61,0,0,,,,,,,0,0,10,0,4,0,0,0,0,0,4,2,35.713279722222225,139.36094305555554,4,2,,,,
1,30,886,165,2,0,1,95000,0,207,2021,5,16,20,25,22,,,,,2,2,2,1,1,9,22,0,23,15,9,30,70,4,2,1,55,35,3,61,31,0,,,,,,,3,0,80,0,3,0,2,0,2,0,4,2,35.70937722222222,139.36358916666666,1,3,,,,
1,30,886,171,2,0,1,10550,0,207,2021,4,4,18,10,21,,,,,3,1,2,1,1,9,22,0,23,17,9,30,70,4,2,1,55,75,3,61,31,0,,,,,,,3,0,20,0,4,0,2,0,2,0,4,2,35.708825833333336,139.3438577777778,1,3,,,,
1,30,887,178,2,0,1,30000,0,215,2021,4,14,19,27,22,,,,,3,1,2,1,7,9,22,0,23,14,9,30,70,4,2,1,35,55,3,61,31,0,,,,,,,3,0,10,0,4,0,2,0,2,0,4,2,35.687730555555554,139.4414111111111,4,3,,,,
1,30,887,179,2,0,1,30000,0,202,2021,4,26,14,45,12,,,,,1,1,1,1,1,9,22,0,23,15,9,30,70,5,2,1,65,1,3,61,31,0,,,,,,,10,0,10,0,4,0,2,0,2,0,4,2,35.72776722222223,139.3655738888889,2,3,,,,
1,30,887,183,2,0,1,30000,0,202,2021,5,7,7,5,12,,,,,1,2,1,1,7,9,22,0,23,14,9,30,70,4,2,1,45,65,3,61,31,0,,,,,,,2,0,10,0,3,0,2,0,2,0,4,2,35.71208666666667,139.42398416666666,6,3,,,,
1,30,887,184,2,0,1,30000,0,202,2021,5,7,16,55,12,,,,,3,1,2,1,1,9,22,0,23,14,9,30,70,1,2,1,45,75,12,61,1,0,,,,,,,5,0,80,0,4,0,2,0,2,0,4,2,35.702357500000005,139.39897638888888,6,3,,,,
1,30,887,191,2,0,1,30000,0,215,2021,4,22,15,0,12,,,,,1,2,1,14,7,0,23,0,23,3,9,1,70,4,2,1,25,0,61,0,0,0,,,,,,,0,0,0,0,0,0,0,0,0,0,2,0,35.68140333333333,139.43180666666666,5,3,,,,
1,30,887,194,2,0,1,30000,0,215,2021,5,17,14,0,12,,,,,2,1,1,14,7,0,23,0,23,2,9,1,70,5,4,1,25,1,51,61,0,0,,,,,,,0,0,10,0,3,0,0,0,0,0,4,2,35.67601805555555,139.44946222222222,2,3,,,,
1,30,887,199,2,0,1,30000,0,202,2021,5,21,16,0,12,,,,,2,1,2,1,7,1,21,0,23,11,9,30,70,4,3,1,55,75,14,61,31,0,,,,,,,2,0,10,0,3,0,2,0,2,0,4,2,35.69666583333333,139.41412055555557,6,3,,,,
1,30,887,201,2,0,1,30000,0,202,2021,5,22,13,50,12,,,,,2,2,1,1,7,1,21,0,23,15,9,30,1,4,2,1,35,35,3,61,31,0,,,,,,,3,0,10,0,3,0,2,0,2,0,4,2,35.69719527777777,139.4157475,7,3,,,,
1,30,888,96,2,0,1,10480,0,206,2021,3,21,20,8,22,,,,,3,1,2,1,1,9,22,0,23,17,9,30,70,5,2,1,55,1,3,61,31,0,,,,,,,4,0,20,0,3,0,2,0,2,0,4,2,35.66576555555555,139.44395416666666,1,3,,,,
1,30,888,98,2,0,1,10660,0,206,2021,5,5,20,35,22,,,,,2,1,1,1,2,1,22,0,23,14,9,30,70,4,2,1,35,35,3,61,31,0,,,,,,,3,0,10,0,3,0,2,0,2,0,4,2,35.66414805555556,139.49554833333332,4,1,,,,
1,30,888,102,2,0,1,30000,0,206,2021,5,25,6,15,12,,,,,1,1,1,13,7,0,23,0,23,2,3,1,70,5,3,1,45,65,3,61,31,0,,,,,,,10,0,10,0,4,0,2,0,2,0,4,2,35.67306222222222,139.45496305555554,3,3,,,,