資料区分,都道府県コード,警察署等コード,本票番号,事故内容,死者数,負傷者数,路線コード,地点コード,市区町村コード,発生日時　　年,発生日時　　月,発生日時　　日,発生日時　　時,発生日時　　分,昼夜,日の出時刻　　時,日の出時刻　　分,日の入り時刻　　時,日の入り時刻　　分,天候,地形,路面状態,道路形状,信号機,一時停止規制　標識（当事者A）,一時停止規制　表示（当事者A）,一時停止規制　標識（当事者B）,一時停止規制　表示（当事者B）,車道幅員,道路線形,衝突地点,ゾーン規制,中央分離帯施設等,歩車道区分,事故類型,年齢（当事者A）,年齢（当事者B）,当事者種別（当事者A）,当事者種別（当事者B）,用途別（当事者A）,用途別（当事者B）,車両形状等（当事者A）,車両形状等（当事者B）,オートマチック車（当事者A）,オートマチック車（当事者B）,サポカー（当事者A）,サポカー（当事者B）,速度規制（指定のみ）（当事者A）,速度規制（指定のみ）（当事者B）,車両の衝突部位（当事者A）,車両の衝突部位（当事者B）,車両の損壊程度（当事者A）,車両の損壊程度（当事者B）,エアバッグの装備（当事者A）,エアバッグの装備（当事者B）,サイドエアバッグの装備（当事者A）,サイドエアバッグの装備（当事者B）,人身損傷程度（当事者A）,人身損傷程度（当事者B）,lat,lon,曜日(発生年月日),祝日(発生年月日),認知機能検査経過日数（当事者A）,認知機能検査経過日数（当事者B）,運転練習の方法（当事者A）,運転練習の方法（当事者B）
1,30,888,103,2,0,1,200,284,206,2021,5,25,19,10,21,,,,,1,1,1,1,8,1,21,0,23,17,7,30,70,4,2,1,25,25,3,61,31,0,,,,,,,4,0,10,0,4,0,2,0,2,0,4,2,35.670333888888884,139.50075166666667,3,3,,,,
1,30,888,108,2,0,1,30000,0,206,2021,5,31,20,11,22,,,,,1,1,1,14,7,0,23,0,23,3,9,1,70,5,2,1,35,75,36,61,31,0,,,,,,,2,0,10,0,3,0,0,0,0,0,4,2,35.692076388888886,139.48861055555554,2,3,,,,
1,30,889,89,2,0,1,10560,0,210,2021,5,11,11,10,12,,,,,2,1,1,14,7,0,23,0,23,4,9,1,70,4,1,1,75,65,51,61,0,0,,,,,,,0,0,10,0,3,0,0,0,0,0,4,2,35.70047944444445,139.5072622222222,3,3,,,,
1,30,889,90,2,0,1,30000,0,214,2021,5,12,8,35,12,,,,,1,1,1,14,7,0,23,0,23,1,9,20,70,5,4,1,75,35,3,61,31,0,,,,,,,1,0,80,0,3,0,2,0,2,0,4,2,35.70136138888889,139.45477305555553,4,3,,,,
1,30,889,93,2,0,1,30000,0,214,2021,4,20,15,10,12,,,,,1,1,1,14,1,0,23,0,23,3,9,1,70,4,2,1,55,25,51,61,0,0,,,,,,,0,0,20,0,4,0,0,0,0,0,4,2,35.69942861111111,139.48072333333334,3,3,,,,
1,30,889,96,2,0,1,90000,0,210,2021,5,17,13,30,12,,,,,1,1,1,14,7,0,23,0,23,3,9,1,70,1,2,1,55,1,3,61,31,0,,,,,,,10,0,10,0,3,0,2,0,2,0,4,2,35.703121111111116,139.49019555555554,2,3,,,,
1,30,889,99,2,0,1,30000,0,210,2021,5,19,21,0,22,,,,,2,1,1,14,7,0,23,0,23,2,9,1,70,5,3,1,25,55,3,61,31,0,,,,,,,2,0,30,0,3,0,2,0,2,0,4,2,35.70351194444445,139.50906555555557,4,3,,,,
1,30,889,102,2,0,1,10660,0,210,2021,5,13,7,55,12,,,,,3,1,2,14,7,0,23,0,23,2,9,1,70,4,2,1,45,1,51,61,0,0,,,,,,,0,0,10,0,4,0,0,0,0,0,4,2,35.69164027777777,139.4979425,5,3,,,,
1,30,889,103,2,0,1,30000,0,210,2021,5,28,12,20,12,,,,,1,1,1,1,7,9,22,0,23,15,9,30,70,4,2,1,1,45,51,61,0,0,,,,,,,0,0,10,0,3,0,0,0,0,0,4,2,35.70005916666667,139.50495388888888,6,3,,,,
1,30,890,161,2,0,2,21220,0,229,2021,3,7,21,50,22,,,,,2,1,1,1,1,8,22,0,23,17,7,30,70,1,2,1,25,1,35,61,31,0,,,,,,,5,0,10,0,3,0,0,0,0,0,2,2,35.73450861111111,139.55717805555557,1,3,,,,
1,30,890,167,2,0,1,99000,0,222,2021,5,3,18,20,13,,,,,1,1,1,0,7,0,23,0,23,0,0,20,70,0,4,1,35,45,3,61,31,0,,,,,,,1,0,30,0,4,0,2,0,2,0,4,2,35.74870472222222,139.51442166666666,2,1,,,,
1,30,890,168,2,0,1,30000,0,229,2021,5,4,16,25,12,,,,,1,1,1,1,1,9,22,0,23,11,9,30,70,4,3,1,25,1,3,61,31,0,,,,,,,2,0,10,0,3,0,2,0,2,0,4,2,35.73087694444445,139.5356875,3,1,,,,
1,30,890,169,2,0,1,30000,0,229,2021,5,7,20,3,22,,,,,2,1,2,1,1,9,22,0,23,14,9,30,70,5,4,1,55,45,3,61,31,0,,,,,,,2,0,0,0,4,0,2,0,2,0,4,2,35.719565555555555,139.53097583333334,6,3,,,,
1,30,890,175,2,0,1,10000,0,222,2021,3,25,10,30,12,,,,,1,1,1,14,7,0,23,0,23,3,9,1,70,4,2,1,75,75,4,61,31,0,,,,,,,10,0,10,0,4,0,2,0,2,0,4,2,35.759056666666666,139.52948555555557,5,3,,,,
1,30,890,181,2,0,1,30000,0,222,2021,3,23,10,0,12,,,,,1,1,1,1,1,9,22,0,23,15,9,30,70,4,2,1,35,75,4,61,31,0,,,,,,,3,0,40,0,3,0,2,0,2,0,4,2,35.74990583333334,139.4961238888889,3,3,,,,
1,30,890,184,2,0,1,20000,0,222,2021,5,15,12,40,12,,,,,2,1,1,1,1,9,22,0,23,14,9,30,70,4,2,1,65,75,3,61,1,0,,,,,,,4,0,10,0,3,0,2,0,2,0,4,2,35.74599972222222,139.5263927777778,7,3,,,,
1,30,890,185,2,0,1,30000,0,222,2021,5,10,14,55,12,,,,,1,1,1,1,1,9,22,0,23,15,9,30,70,5,2,1,25,25,13,61,31,0,,,,,,,2,0,10,0,3,0,1,0,2,0,4,2,35.760238333333334,139.52879750000002,2,3,,,,
1,30,890,186,2,0,1,30000,0,229,2021,4,14,11,25,12,,,,,3,1,1,14,7,0,23,0,23,2,9,1,70,5,3,1,65,45,51,61,0,0,,,,,,,0,0,10,0,3,0,0,0,0,0,4,2,35.74839583333333,139.567075,4,3,,,,
1,30,890,187,2,0,1,95000,0,222,2021,5,14,15,50,12,,,,,1,1,1,0,7,0,23,0,23,0,0,20,70,0,4,1,65,75,13,61,31,0,,,,,,,10,0,30,0,4,0,2,0,2,0,4,2,35.75491,139.51461722222223,6,3,,,,
1,30,890,189,2,0,1,30000,0,222,2021,5,6,17,46,13,,,,,1,1,1,14,7,0,23,0,23,1,9,20,70,5,4,1,1,0,61,0,0,0,,,,,,,0,0,0,0,0,0,0,0,0,0,2,0,35.75810361111111,139.54576972222222,5,3,,,,
1,30,890,197,2,0,1,30000,0,229,2021,5,17,18,55,21,,,,,2,1,1,1,7,9,22,0,23,14,9,30,70,4,2,1,45,1,14,61,31,0,,,,,,,10,0,10,0,3,0,2,0,2,0,4,2,35.75123222222222,139.56791555555554,2,3,,,,
1,30,890,198,2,0,1,10580,0,222,2021,5,24,6,25,12,,,,,1,1,1,14,7,0,23,0,23,3,9,1,70,4,2,1,25,65,35,61,31,0,,,,,,,3,0,10,0,3,0,0,0,0,0,4,2,35.74164888888889,139.5279952777778,2,3,,,,
1,30,890,202,2,0,1,30000,0,222,2021,5,31,8,5,12,,,,,1,1,1,7,7,0,23,0,23,3,9,1,70,1,1,1,65,1,51,61,0,0,,,,,,,0,0,10,0,4,0,0,0,0,0,4,2,35.753605,139.51919111111113,2,3,,,,
1,30,890,206,2,0,1,30000,0,229,2021,5,31,12,52,12,,,,,1,1,1,1,7,1,21,0,23,14,9,30,70,5,2,1,45,45,3,61,31,0,,,,,,,10,0,10,0,4,0,2,0,2,0,4,2,35.75277444444445,139.54623361111112,2,3,,,,
1,30,891,109,2,0,1,30000,0,213,2021,5,7,13,38,12,,,,,2,1,2,14,7,0,23,0,23,3,9,20,70,4,2,1,35,1,3,61,31,0,,,,,,,2,0,40,0,4,0,2,0,2,0,4,2,35.75332083333333,139.48733944444444,6,3,,,,
1,30,892,104,2,0,1,30000,0,203,2021,5,1,12,50,12,,,,,1,1,1,14,7,0,23,0,23,1,9,1,70,5,3,1,75,45,3,61,31,0,,,,,,,2,0,40,0,4,0,2,0,2,0,4,2,35.71188333333333,139.53282583333333,7,3,,,,
1,30,892,109,2,0,1,20270,0,203,2021,5,2,11,38,12,,,,,1,1,1,1,1,0,23,0,23,14,9,30,70,4,2,1,25,0,61,0,0,0,,,,,,,0,0,0,0,0,0,0,0,0,0,2,0,35.70134083333333,139.58181472222222,1,2,,,,
1,30,892,110,2,0,1,30000,0,203,2021,5,10,14,34,12,,,,,1,1,1,1,7,9,22,0,23,14,9,30,70,5,3,1,55,1,3,61,31,0,,,,,,,2,0,10,0,3,0,2,0,2,0,4,2,35.71322333333334,139.5577538888889,2,3,,,,
1,30,892,113,2,0,1,20230,0,203,2021,5,13,15,40,12,,,,,3,1,2,14,7,0,23,0,23,4,9,1,70,4,2,1,1,55,51,61,0,0,,,,,,,0,0,10,0,3,0,0,0,0,0,4,2,35.70437555555556,139.57785583333333,5,3,,,,
1,30,892,114,2,0,1,10260,0,203,2021,5,13,19,10,21,,,,,3,1,2,1,7,9,22,0,23,14,9,30,70,4,2,1,65,35,36,61,31,0,,,,,,,2,0,10,0,3,0,0,0,0,0,4,2,35.703721388888894,139.5870377777778,5,3,,,,
1,30,892,124,2,0,1,30000,0,203,2021,5,18,18,48,21,,,,,3,1,2,1,7,1,22,0,23,11,9,30,1,5,4,1,65,25,3,61,31,0,,,,,,,10,0,20,0,4,0,2,0,2,0,4,2,35.708086944444446,139.56065,3,3,,,,
1,30,892,133,2,0,1,30000,0,203,2021,5,24,18,50,21,,,,,2,1,1,7,7,0,23,0,23,3,9,1,70,4,2,1,35,1,3,61,1,0,,,,,,,5,0,80,0,3,0,2,0,2,0,4,2,35.70131444444445,139.5440236111111,2,3,,,,
1,30,892,134,2,0,1,20270,0,203,2021,5,30,18,42,13,,,,,1,1,2,14,7,0,23,0,23,4,9,1,70,4,2,1,45,35,51,61,0,0,,,,,,,0,0,10,0,3,0,0,0,0,0,4,2,35.70097166666667,139.58309444444444,1,3,,,,
1,30,893,114,2,0,1,20900,0,204,2021,5,13,7,55,12,,,,,2,1,1,14,7,0,23,0,23,1,9,1,70,4,2,1,35,1,51,61,0,0,,,,,,,0,0,10,0,3,0,0,0,0,0,4,2,35.696529166666664,139.55925472222222,5,3,,,,
1,30,893,117,2,0,1,30000,0,204,2021,5,20,10,55,12,,,,,2,1,1,14,7,0,23,0,23,2,9,1,70,5,2,1,55,25,13,61,31,0,,,,,,,10,0,40,0,3,0,2,0,2,0,4,2,35.70106555555556,139.5603113888889,5,3,,,,
1,30,894,163,2,0,1,30000,0,208,2021,4,5,6,10,11,,,,,2,1,2,1,1,9,22,0,23,14,9,30,70,4,2,1,35,65,17,61,31,0,,,,,,,3,0,50,0,3,0,2,0,2,0,4,2,35.64823222222222,139.53325611111111,2,3,,,,
1,30,894,164,2,0,1,200,1,208,2021,5,2,19,0,21,,,,,1,1,1,1,1,9,22,0,23,18,9,30,70,5,2,1,45,25,3,61,31,0,,,,,,,4,0,10,0,3,0,2,0,2,0,4,2,35.665393333333334,139.58822722222223,1,2,,,,
1,30,894,178,2,0,1,99000,0,219,2021,5,13,13,15,12,,,,,3,1,2,0,7,0,23,0,23,0,0,20,70,0,2,1,65,65,3,61,31,0,,,,,,,10,0,20,0,4,0,2,0,2,0,4,2,35.64415611111111,139.56656333333333,5,3,,,,
1,30,894,180,2,0,1,30000,0,219,2021,5,14,19,55,22,,,,,1,1,1,14,7,0,23,0,23,4,9,1,70,4,2,1,25,75,36,61,31,0,,,,,,,10,0,10,0,3,0,0,0,0,0,4,2,35.6333075,139.57468944444443,6,3,,,,
1,30,894,194,2,0,1,30000,0,208,2021,5,28,8,0,12,,,,,1,1,1,14,7,0,23,0,23,4,9,1,70,4,2,1,35,1,3,61,31,0,,,,,,,2,0,50,0,3,0,2,0,2,0,4,2,35.65226055555556,139.59191166666668,6,3,,,,
1,30,895,84,2,0,1,30000,0,211,2020,12,1,8,43,12,,,,,1,1,1,14,7,0,23,0,23,1,9,1,70,5,4,1,75,45,3,61,31,0,,,,,,,10,0,40,0,4,0,2,0,2,0,4,2,35.73092833333334,139.47024694444445,3,3,,,,
1,30,895,85,2,0,1,30000,0,211,2021,4,19,17,15,12,,,,,1,1,1,14,7,0,23,0,23,1,9,1,70,5,3,1,25,1,51,61,0,0,,,,,,,0,0,10,0,4,0,0,0,0,0,4,2,35.721380555555555,139.47440111111112,2,3,,,,
1,30,895,96,2,0,1,30610,0,211,2021,5,21,18,5,13,,,,,2,1,1,1,7,9,22,0,23,11,9,30,70,4,2,1,25,55,31,61,31,0,,,,,,,10,0,10,0,3,0,0,0,0,0,4,2,35.7382025,139.4899686111111,6,3,,,,
1,30,100,77,2,0,1,10050,0,101,2021,6,30,14,25,12,,,,,2,1,1,14,7,0,23,0,23,3,9,1,70,5,4,1,55,55,13,61,31,0,,,,,,,3,0,20,0,3,0,2,0,2,0,4,2,35.70253138888889,139.74811527777777,4,3,,,,
1,30,101,43,2,0,1,10110,0,101,2021,5,21,19,45,22,,,,,3,1,2,1,1,9,22,0,23,17,9,30,70,1,2,1,65,1,3,61,1,0,,,,,,,10,0,10,0,3,0,2,0,2,0,4,2,35.683166666666665,139.759915,6,3,,,,
1,30,101,49,2,0,1,20030,0,101,2021,6,22,7,50,12,,,,,2,1,1,14,7,0,23,0,23,4,9,1,70,1,2,1,25,35,51,61,0,0,,,,,,,0,0,10,0,3,0,0,0,0,0,4,2,35.68734472222222,139.76386472222222,3,3,,,,
1,30,102,42,2,0,1,20090,0,101,2021,6,3,11,58,12,,,,,1,1,1,1,1,9,22,0,23,18,9,30,70,4,1,1,25,45,51,61,0,0,,,,,,,0,0,10,0,3,0,0,0,0,0,4,2,35.69454083333333,139.76740444444445,5,3,,,,
1,30,102,46,2,0,1,30000,0,101,2021,5,19,9,28,12,,,,,3,1,2,14,7,0,23,0,23,5,9,1,70,5,1,1,1,45,51,61,0,0,,,,,,,0,0,10,0,4,0,0,0,0,0,4,2,35.69276305555555,139.7593427777778,4,3,,,,
1,30,103,53,2,0,1,40,14,101,2021,6,6,21,13,22,,,,,1,1,1,14,7,0,23,0,23,6,9,1,70,1,1,1,45,65,14,61,31,0,,,,,,,5,0,10,0,3,0,2,0,2,0,4,2,35.695305,139.7752138888889,1,3,,,,
1,30,103,55,2,0,1,30000,0,101,2021,6,10,20,45,22,,,,,1,1,1,14,7,0,23,0,23,3,9,1,70,5,3,1,25,65,3,61,31,0,,,,,,,10,0,60,0,3,0,2,0,2,0,4,2,35.69227083333333,139.77233583333336,5,3,,,,
1,30,103,56,2,0,1,30000,0,101,2021,6,14,8,18,12,,,,,3,1,2,14,7,0,23,0,23,2,9,1,70,5,4,1,75,45,4,61,31,0,,,,,,,5,0,10,0,4,0,2,0,2,0,4,2,35.692566388888885,139.77194722222222,2,3,,,,
1,30,103,57,2,0,1,30000,0,101,2021,6,17,11,10,12,,,,,2,1,2,1,1,9,22,0,23,19,9,30,70,1,1,1,25,55,13,61,31,0,,,,,,,3,0,10,0,3,0,2,0,2,0,4,2,35.69408,139.77523333333335,5,3,,,,
1,30,104,85,2,0,1,30000,0,102,2021,6,1,16,25,12,,,,,1,1,1,1,7,9,22,0,23,14,9,30,70,5,4,1,35,1,13,61,31,0,,,,,,,2,0,10,0,3,0,2,0,2,0,4,2,35.67666916666666,139.78233277777778,3,3,,,,
1,30,104,94,2,0,1,10030,0,102,2021,6,18,13,30,12,,,,,1,1,1,14,7,0,23,0,23,6,9,1,70,1,2,1,25,45,51,61,0,0,,,,,,,0,0,10,0,4,0,0,0,0,0,4,2,35.680186388888885,139.775035,6,3,,,,
1,30,104,98,2,0,1,30000,0,102,2021,6,17,10,25,12,,,,,3,1,2,14,7,0,23,0,23,3,9,1,70,5,3,1,45,55,13,61,1,0,,,,,,,2,0,40,0,4,0,2,0,2,0,4,2,35.676651388888885,139.7845325,5,3,,,,
1,30,104,99,2,0,1,30000,0,102,2021,6,23,10,10,12,,,,,2,1,1,1,7,9,22,0,23,11,9,30,70,5,3,1,55,25,4,61,31,0,,,,,,,2,0,10,0,4,0,2,0,2,0,4,2,35.69024555555555,139.77637583333333,4,3,,,,
1,30,105,41,2,0,1,30000,0,102,2021,6,2,10,30,12,,,,,1,1,1,1,1,9,22,0,23,17,9,30,70,4,2,1,45,45,17,61,31,0,,,,,,,3,0,10,0,3,0,2,0,2,0,4,2,35.68042833333333,139.78546305555557,4,3,,,,
1,30,105,43,2,0,1,30080,0,102,2021,6,8,12,43,12,,,,,1,1,1,1,1,9,22,0,23,17,9,30,70,4,2,1,45,35,51,61,0,0,,,,,,,0,0,10,0,4,0,0,0,0,0,4,2,35.68642416666666,139.78213416666668,3,3,,,,
1,30,107,35,2,0,1,30000,0,102,2021,6,3,17,40,12,,,,,1,1,1,14,7,0,23,0,23,2,9,1,70,1,2,1,45,35,1,61,1,0,,,,,,,3,0,0,0,4,0,2,0,2,0,4,2,35.66737638888889,139.7859838888889,5,3,,,,
1,30,108,67,2,0,1,150,33,103,2021,5,24,17,9,12,,,,,1,1,1,1,1,9,22,0,23,18,9,30,70,1,1,1,35,55,51,61,0,0,,,,,,,0,0,40,0,4,0,0,0,0,0,4,2,35.65882777777777,139.75500694444443,2,3,,,,
1,30,109,64,2,0,1,20000,0,103,2021,4,11,15,48,12,,,,,1,1,1,14,7,0,23,0,23,6,9,1,70,4,2,1,35,75,3,61,31,0,,,,,,,5,0,30,0,3,0,2,0,2,0,4,2,35.64581,139.7359075,1,3,,,,
1,30,109,65,2,0,1,30000,0,103,2021,6,2,11,40,12,,,,,2,1,1,14,7,0,23,0,23,3,9,1,70,5,2,1,1,25,5,61,31,0,,,,,,,5,0,20,0,4,0,2,0,2,0,4,2,35.650730277777775,139.74753055555556,4,3,,,,
1,30,111,85,2,0,1,10120,0,103,2021,5,31,22,50,22,,,,,3,1,2,1,1,9,22,0,23,19,9,30,70,1,1,1,35,55,3,61,1,0,,,,,,,5,0,10,0,3,0,2,0,2,0,4,2,35.66126527777778,139.7375583333333,2,3,,,,
1,30,111,88,2,0,1,20170,0,103,2021,6,7,12,30,12,,,,,1,1,1,1,1,9,22,0,23,15,9,30,70,1,2,1,25,65,3,61,31,0,,,,,,,3,0,15,0,4,0,2,0,2,0,4,2,35.66316083333333,139.7319911111111,2,3,,,,
1,30,111,89,2,0,1,95000,0,103,2021,6,9,15,45,12,,,,,1,1,1,1,7,1,21,0,23,15,9,30,70,5,1,1,45,55,3,61,1,0,,,,,,,10,0,20,0,4,0,2,0,2,0,4,2,35.65304916666666,139.7344475,4,3,,,,
1,30,111,97,2,0,1,20170,0,103,2021,6,18,9,12,12,,,,,1,1,1,14,7,0,23,0,23,1,9,1,70,1,2,1,25,25,51,61,0,0,,,,,,,0,0,10,0,4,0,0,0,0,0,4,2,35.66329555555556,139.73164,6,3,,,,
1,30,111,106,2,0,1,30000,0,103,2021,6,30,1,36,22,,,,,2,1,2,14,7,0,23,0,23,3,9,20,70,5,4,1,55,35,3,61,1,0,,,,,,,5,0,30,0,4,0,2,0,2,0,4,2,35.66336583333333,139.7338025,4,3,,,,
1,30,112,72,2,0,1,30000,0,103,2021,6,15,11,25,12,,,,,1,1,1,7,7,0,23,0,23,4,9,1,70,5,2,1,45,0,61,0,0,0,,,,,,,0,0,0,0,0,0,0,0,0,0,2,0,35.660311666666665,139.71637916666666,3,3,,,,
1,30,112,76,2,0,1,2460,26,103,2021,6,19,19,55,21,,,,,2,1,2,1,1,9,22,0,23,18,9,30,70,1,1,1,55,1,3,61,1,0,,,,,,,5,0,40,0,4,0,2,0,2,0,4,2,35.67106472222222,139.71978638888888,7,3,,,,
1,30,112,80,2,0,1,10120,0,103,2021,6,29,19,54,21,,,,,3,1,2,1,1,9,22,0,23,19,9,30,70,1,1,1,25,35,3,61,1,0,,,,,,,4,0,80,0,4,0,2,0,2,0,4,2,35.67708138888889,139.72114555555555,3,3,,,,
1,30,113,142,2,0,1,90000,0,108,2021,6,13,16,57,12,,,,,1,1,1,14,7,0,23,0,23,3,9,20,70,5,4,1,35,1,51,61,0,0,,,,,,,0,0,30,0,3,0,0,0,0,0,4,2,35.646680833333335,139.81809277777776,1,3,,,,
1,30,113,146,2,0,1,30000,0,108,2021,6,18,9,45,12,,,,,1,1,1,14,7,0,23,0,23,6,9,1,70,1,2,1,55,75,1,61,1,0,,,,,,,5,0,0,0,3,0,2,0,2,0,4,2,35.64988722222222,139.80243222222222,6,3,,,,
1,30,215,51,2,0,1,30000,0,109,2021,6,2,12,20,12,,,,,1,1,1,1,1,9,22,0,23,14,9,30,70,4,2,1,35,45,14,61,31,0,,,,,,,10,0,20,0,3,0,2,0,2,0,4,2,35.611450000000005,139.7400175,4,3,,,,
1,30,215,53,2,0,1,10160,0,109,2021,6,8,15,35,12,,,,,1,1,1,14,7,0,23,0,23,5,9,1,70,4,1,1,35,1,3,61,31,0,,,,,,,3,0,10,0,3,0,2,0,2,0,4,2,35.616883333333334,139.73963916666665,3,3,,,,
1,30,215,54,2,0,1,150,94,109,2021,3,29,18,10,21,,,,,1,1,1,14,1,0,23,0,23,5,9,1,70,4,2,1,25,65,14,61,1,0,,,,,,,5,0,10,0,3,0,2,0,2,0,4,2,35.610732222222225,139.74218,2,3,,,,
1,30,215,57,2,0,1,99000,0,109,2021,6,9,16,28,12,,,,,1,1,1,0,7,0,23,0,23,0,0,20,70,0,4,1,1,1,51,61,0,0,,,,,,,0,0,40,0,3,0,0,0,0,0,4,2,35.61837722222222,139.74933027777777,4,3,,,,
1,30,215,58,2,0,1,30000,0,109,2021,6,26,13,50,12,,,,,2,1,1,14,7,0,23,0,23,3,9,1,70,4,2,1,1,25,51,61,0,0,,,,,,,0,0,10,0,3,0,0,0,0,0,4,2,35.627134166666664,139.73064,7,3,,,,
1,30,216,64,2,0,1,30910,0,109,2021,6,9,9,0,12,,,,,1,1,1,14,7,0,23,0,23,5,9,1,70,1,1,1,25,45,3,61,1,0,,,,,,,4,0,50,0,4,0,2,0,2,0,4,2,35.59570472222222,139.75065777777777,4,3,,,,
1,30,216,71,2,0,1,30000,0,109,2021,6,25,14,55,12,,,,,1,1,1,14,7,0,23,0,23,3,9,1,70,4,3,1,35,1,14,61,1,0,,,,,,,10,0,10,0,1,0,2,0,2,0,4,2,35.59962138888889,139.72386666666668,6,3,,,,
1,30,217,52,2,0,1,10080,0,109,2021,6,1,7,15,12,,,,,1,1,1,7,1,0,23,0,23,2,9,1,70,1,1,1,45,45,3,61,31,0,,,,,,,5,0,14,0,4,0,2,0,2,0,4,2,35.63473555555556,139.71510638888887,3,3,,,,
1,30,217,55,2,0,1,30000,0,109,2021,6,9,18,25,13,,,,,1,1,1,14,7,0,23,0,23,3,8,1,70,4,2,1,55,65,31,61,31,0,,,,,,,2,0,10,0,3,0,0,0,0,0,4,2,35.6234375,139.71121277777777,4,3,,,,
1,30,217,56,2,0,1,30000,0,109,2021,5,25,21,30,22,,,,,1,1,1,14,7,0,23,0,23,1,8,1,70,5,3,1,25,25,51,61,0,0,,,,,,,0,0,10,0,3,0,0,0,0,0,4,2,35.630895277777775,139.71650722222222,3,3,,,,
1,30,217,60,2,0,1,30000,0,109,2021,6,21,12,30,12,,,,,1,1,1,14,7,0,23,0,23,1,8,1,70,5,2,1,45,65,51,61,0,0,,,,,,,0,0,10,0,4,0,0,0,0,0,4,2,35.62073222222222,139.7262,2,3,,,,
1,30,218,145,2,0,1,10,128,109,2021,6,6,9,45,12,,,,,3,1,2,7,1,0,23,0,23,4,9,20,70,1,2,1,45,45,3,61,31,0,,,,,,,5,0,50,0,3,0,2,0,2,0,4,2,35.60250694444444,139.71311916666664,1,3,,,,
1,30,218,151,2,0,1,30000,0,109,2021,6,16,15,30,12,,,,,2,1,1,1,7,9,22,0,23,11,9,30,70,4,1,1,45,1,3,61,31,0,,,,,,,3,0,40,0,3,0,2,0,2,0,4,2,35.620579166666666,139.70745027777775,4,3,,,,
1,30,218,153,2,0,1,30000,0,109,2021,6,19,13,0,12,,,,,3,1,2,1,7,0,23,0,23,11,9,30,70,5,3,1,25,0,61,0,0,0,,,,,,,0,0,0,0,0,0,0,0,0,0,2,0,35.62022,139.70364638888887,7,3,,,,
1,30,220,107,2,0,1,30000,0,111,2021,5,25,9,0,12,,,,,1,1,1,1,7,1,21,0,23,15,7,30,70,5,3,1,65,35,3,61,31,0,,,,,,,10,0,40,0,4,0,2,0,2,0,4,2,35.59733,139.68548083333334,3,3,,,,
1,30,220,108,2,0,1,30000,0,111,2021,6,2,17,49,12,,,,,1,1,1,1,1,9,22,0,23,15,9,30,70,4,2,1,1,1,51,61,0,0,,,,,,,0,0,10,0,3,0,0,0,0,0,4,2,35.59505527777778,139.6705972222222,4,3,,,,
1,30,220,112,2,0,1,30000,0,111,2021,5,13,8,10,12,,,,,1,1,2,1,7,1,21,0,23,11,9,30,70,5,3,1,65,55,14,61,31,0,,,,,,,2,0,10,0,4,0,2,0,2,0,4,2,35.6062225,139.69374833333333,5,3,,,,
1,30,220,113,2,0,1,30000,0,111,2021,5,13,8,45,12,,,,,3,1,1,14,7,0,23,0,23,1,9,1,70,5,4,1,75,35,4,61,31,0,,,,,,,10,0,40,0,4,0,2,0,2,0,4,2,35.6099825,139.6856361111111,5,3,,,,
1,30,220,115,2,0,1,30000,0,111,2021,6,16,16,10,12,,,,,3,1,2,14,7,0,23,0,23,2,9,1,70,5,3,1,1,75,51,61,0,0,,,,,,,0,0,10,0,4,0,0,0,0,0,4,2,35.59691472222222,139.69380583333333,4,3,,,,
1,30,220,121,2,0,1,10170,0,111,2021,6,25,13,5,12,,,,,2,1,1,14,7,0,23,0,23,4,8,1,70,1,1,1,35,75,52,61,0,0,,,,,,,0,0,10,0,4,0,0,0,0,0,4,2,35.59887277777778,139.68529527777778,6,3,,,,
1,30,221,189,2,0,1,30000,0,111,2021,6,9,8,14,12,,,,,1,1,1,1,7,9,22,0,23,11,9,30,70,5,3,1,45,35,3,61,1,0,,,,,,,5,0,50,0,4,0,2,0,2,0,4,2,35.54964111111111,139.7105661111111,4,3,,,,
1,30,221,198,2,0,1,95000,0,111,2021,6,20,15,58,12,,,,,2,1,1,14,7,0,23,0,23,4,9,1,70,1,2,1,65,45,3,61,31,0,,,,,,,10,0,30,0,3,0,2,0,2,0,4,2,35.56267388888889,139.71304444444442,1,3,,,,
1,30,221,200,2,0,1,30000,0,111,2021,6,24,15,18,12,,,,,1,1,1,7,7,0,23,0,23,2,9,20,70,5,3,1,55,1,51,61,0,0,,,,,,,0,0,20,0,3,0,0,0,0,0,4,2,35.549951666666665,139.7414147222222,5,3,,,,
1,30,221,202,2,0,1,30000,0,111,2021,6,28,12,2,12,,,,,1,1,1,14,7,0,23,0,23,3,9,1,70,5,3,1,35,25,51,61,0,0,,,,,,,0,0,40,0,4,0,0,0,0,0,4,2,35.56220861111111,139.70915666666664,2,3,,,,
1,30,222,104,2,0,1,30000,0,111,2021,6,2,8,41,12,,,,,2,1,1,1,7,9,22,0,23,11,9,30,70,5,3,1,55,45,17,61,1,0,,,,,,,2,0,80,0,3,0,2,0,2,0,4,2,35.55849416666666,139.69729916666668,4,3,,,,
1,30,222,109,2,0,1,30000,0,111,2021,6,12,18,30,13,,,,,1,1,1,1,7,9,22,0,23,11,9,30,70,5,2,1,45,75,51,61,0,0,,,,,,,0,0,40,0,3,0,0,0,0,0,4,2,35.566901388888894,139.6905625,7,3,,,,