資料区分,都道府県コード,警察署等コード,本票番号,事故内容,死者数,負傷者数,路線コード,地点コード,市区町村コード,発生日時　　年,発生日時　　月,発生日時　　日,発生日時　　時,発生日時　　分,昼夜,日の出時刻　　時,日の出時刻　　分,日の入り時刻　　時,日の入り時刻　　分,天候,地形,路面状態,道路形状,信号機,一時停止規制　標識（当事者A）,一時停止規制　表示（当事者A）,一時停止規制　標識（当事者B）,一時停止規制　表示（当事者B）,車道幅員,道路線形,衝突地点,ゾーン規制,中央分離帯施設等,歩車道区分,事故類型,年齢（当事者A）,年齢（当事者B）,当事者種別（当事者A）,当事者種別（当事者B）,用途別（当事者A）,用途別（当事者B）,車両形状等（当事者A）,車両形状等（当事者B）,オートマチック車（当事者A）,オートマチック車（当事者B）,サポカー（当事者A）,サポカー（当事者B）,速度規制（指定のみ）（当事者A）,速度規制（指定のみ）（当事者B）,車両の衝突部位（当事者A）,車両の衝突部位（当事者B）,車両の損壊程度（当事者A）,車両の損壊程度（当事者B）,エアバッグの装備（当事者A）,エアバッグの装備（当事者B）,サイドエアバッグの装備（当事者A）,サイドエアバッグの装備（当事者B）,人身損傷程度（当事者A）,人身損傷程度（当事者B）,lat,lon,曜日(発生年月日),祝日(発生年月日),認知機能検査経過日数（当事者A）,認知機能検査経過日数（当事者B）,運転練習の方法（当事者A）,運転練習の方法（当事者B）
1,30,222,114,2,0,1,30000,0,111,2021,6,16,16,55,12,,,,,3,1,2,14,7,0,23,0,23,3,9,20,70,5,3,1,45,75,14,61,1,0,,,,,,,5,0,10,0,3,0,2,0,2,0,4,2,35.57078388888889,139.69256666666666,4,3,,,,
1,30,223,4,2,0,1,99000,0,111,2021,6,4,16,10,12,,,,,3,1,2,0,7,0,23,0,23,0,0,20,70,0,1,1,45,1,13,61,31,0,,,,,,,3,0,10,0,3,0,2,0,2,0,4,2,35.548871388888884,139.7852002777778,6,3,,,,
1,30,325,135,2,0,1,10210,0,112,2021,5,8,8,40,12,,,,,1,1,1,7,1,0,23,0,23,4,9,20,70,5,2,1,1,45,51,61,0,0,,,,,,,0,0,10,0,3,0,0,0,0,0,4,2,35.643074999999996,139.66633777777778,7,3,,,,
1,30,325,139,2,0,1,30000,0,112,2021,5,12,8,0,12,,,,,1,1,1,14,7,0,23,0,23,3,9,1,1,5,3,1,65,45,3,61,1,0,,,,,,,2,0,30,0,3,0,2,0,2,0,4,2,35.63026138888889,139.67401555555554,4,3,,,,
1,30,325,141,2,0,1,2460,82,112,2021,6,1,18,25,13,,,,,1,1,1,1,1,9,22,0,23,19,9,30,70,1,1,1,25,55,51,61,0,0,,,,,,,0,0,10,0,3,0,0,0,0,0,4,2,35.64329861111111,139.67081194444444,3,3,,,,
1,30,326,163,2,0,1,30000,0,112,2021,6,4,19,25,21,,,,,3,1,2,14,7,0,23,0,23,3,9,20,70,5,2,1,25,55,3,61,31,0,,,,,,,2,0,30,0,3,0,2,0,2,0,4,2,35.651759999999996,139.63560888888887,6,3,,,,
1,30,326,164,2,0,1,30000,0,112,2021,6,5,8,30,12,,,,,2,1,1,14,7,0,23,0,23,2,9,1,1,5,3,1,45,35,3,61,31,0,,,,,,,2,0,80,0,3,0,2,0,2,0,4,2,35.65050055555555,139.66517166666668,7,3,,,,
1,30,326,167,2,0,1,10000,0,112,2021,6,11,20,10,22,,,,,2,1,1,14,7,0,23,0,23,1,9,20,70,5,3,1,35,1,3,61,31,0,,,,,,,1,0,50,0,3,0,2,0,2,0,4,2,35.65569694444444,139.65323194444446,6,3,,,,
1,30,326,168,2,0,1,30740,0,112,2021,3,30,13,20,12,,,,,1,1,1,14,7,0,23,0,23,3,9,1,70,5,3,1,45,55,17,61,1,0,,,,,,,2,0,40,0,4,0,2,0,2,0,4,2,35.6651075,139.6698825,3,3,,,,
1,30,326,173,2,0,1,30000,0,112,2021,6,15,18,55,13,,,,,3,1,2,1,1,9,22,0,23,15,9,30,70,4,2,1,65,25,3,61,31,0,,,,,,,10,0,10,0,4,0,2,0,2,0,4,2,35.64738166666667,139.64336805555556,3,3,,,,
1,30,326,188,2,0,1,30000,0,112,2021,6,26,14,5,12,,,,,1,1,1,1,7,9,22,0,23,11,9,30,70,4,1,1,55,1,3,61,31,0,,,,,,,3,0,10,0,4,0,2,0,2,0,4,2,35.65363055555555,139.67165,7,3,,,,
1,30,326,189,2,0,1,30000,0,112,2021,6,26,15,45,12,,,,,2,1,1,7,7,0,23,0,23,3,9,1,70,5,3,1,25,55,51,61,0,0,,,,,,,0,0,10,0,3,0,0,0,0,0,4,2,35.66866527777778,139.65019305555555,7,3,,,,
1,30,326,190,2,0,1,30000,0,112,2021,6,27,12,10,12,,,,,2,1,1,14,7,0,23,0,23,1,9,1,70,5,3,1,75,75,3,61,31,0,,,,,,,2,0,80,0,3,0,2,0,1,0,4,2,35.66123888888889,139.6726158333333,1,3,,,,
1,30,326,194,2,0,1,95000,0,112,2021,6,28,7,31,12,,,,,1,1,1,1,1,9,22,0,23,14,9,30,70,5,2,1,1,75,51,61,0,0,,,,,,,0,0,10,0,4,0,0,0,0,0,4,2,35.6578675,139.66766249999998,2,3,,,,
1,30,327,201,2,0,1,30190,0,112,2021,4,3,11,0,12,,,,,1,1,1,1,1,9,22,0,23,14,9,30,70,4,2,1,35,75,3,61,31,0,,,,,,,10,0,70,0,4,0,2,0,2,0,4,2,35.62173583333333,139.64005666666665,7,3,,,,
1,30,327,202,2,0,1,30000,0,112,2021,6,14,9,0,12,,,,,1,1,1,14,5,0,23,0,23,3,9,1,70,5,3,1,45,65,51,61,0,0,,,,,,,0,0,10,0,3,0,0,0,0,0,4,2,35.62602166666667,139.63582555555556,2,3,,,,
1,30,327,203,2,0,1,30000,0,112,2021,5,14,16,0,12,,,,,1,1,1,14,7,0,23,0,23,3,9,1,70,5,3,1,75,55,3,61,31,0,,,,,,,10,0,50,0,3,0,2,0,2,0,4,2,35.61865888888889,139.63639444444445,6,3,,,,
1,30,327,214,2,0,1,10190,0,112,2021,6,23,1,35,22,,,,,1,1,1,1,8,9,22,0,23,15,9,30,70,1,1,1,45,35,17,61,1,0,,,,,,,5,0,40,0,3,0,2,0,2,0,4,2,35.61098777777778,139.62882361111113,4,3,,,,
1,30,327,217,2,0,1,30000,0,112,2021,6,25,12,5,12,,,,,1,1,1,14,7,0,23,0,23,2,9,1,70,5,3,1,1,0,61,0,0,0,,,,,,,0,0,0,0,0,0,0,0,0,0,2,0,35.593763055555556,139.67741638888887,6,3,,,,
1,30,328,177,2,0,1,30000,0,112,2021,6,4,12,30,12,,,,,3,1,2,1,7,1,22,0,23,11,9,30,70,5,3,1,55,1,3,61,31,0,,,,,,,2,0,10,0,3,0,2,0,2,0,4,2,35.678236388888884,139.5962377777778,6,3,,,,
1,30,328,184,2,0,1,30000,0,112,2021,6,9,18,15,13,,,,,1,1,4,1,7,9,22,0,23,14,9,30,70,4,2,1,45,75,17,61,31,0,,,,,,,2,0,10,0,4,0,2,0,2,0,4,2,35.6598,139.6324911111111,4,3,,,,
1,30,328,188,2,0,1,30000,0,112,2021,5,2,12,25,12,,,,,1,1,1,14,7,0,23,0,23,3,9,1,70,5,3,1,75,45,3,61,31,0,,,,,,,10,0,40,0,3,0,2,0,2,0,4,2,35.64344694444444,139.604115,1,2,,,,
1,30,328,193,2,0,1,20220,0,112,2021,6,13,11,10,12,,,,,1,1,1,14,7,0,23,0,23,2,9,1,70,5,3,1,45,0,61,0,0,0,,,,,,,0,0,0,0,0,0,0,0,0,0,2,0,35.662375555555556,139.62838611111113,1,3,,,,
1,30,328,194,2,0,1,95000,0,112,2021,6,21,7,35,12,,,,,2,1,1,0,7,0,23,0,23,0,0,20,70,0,4,1,25,65,3,61,31,0,,,,,,,10,0,30,0,4,0,2,0,2,0,4,2,35.656953055555554,139.62024416666668,2,3,,,,
1,30,328,196,2,0,1,30000,0,112,2021,6,23,2,40,22,,,,,1,1,1,1,7,1,21,0,23,11,9,30,70,5,4,1,1,35,36,61,31,0,,,,,,,10,0,10,0,3,0,0,0,0,0,4,2,35.660199722222224,139.60738194444443,4,3,,,,
1,30,328,200,2,0,1,30000,0,112,2021,6,28,6,50,12,,,,,1,1,1,1,7,1,21,0,23,11,9,30,70,5,3,1,35,35,3,61,31,0,,,,,,,10,0,10,0,3,0,2,0,2,0,4,2,35.63579111111111,139.61063472222222,2,3,,,,
1,30,328,208,2,0,1,30000,0,112,2021,6,12,11,50,12,,,,,1,1,1,14,1,0,23,0,23,2,9,1,70,5,4,1,75,45,3,61,31,0,,,,,,,5,0,10,0,3,0,2,0,2,0,4,2,35.634530833333336,139.59861555555557,7,3,,,,
1,30,329,89,2,0,1,10080,0,110,2021,5,12,2,15,22,,,,,1,1,1,13,1,0,23,0,23,2,3,1,70,5,1,1,55,45,3,61,1,0,,,,,,,10,0,50,0,4,0,2,0,2,0,4,2,35.634527222222225,139.71324888888887,4,3,,,,
1,30,329,90,2,0,1,20240,0,110,2021,6,5,3,50,23,,,,,1,1,1,1,1,9,22,0,23,14,9,30,70,4,1,1,55,35,3,61,1,0,,,,,,,1,0,50,0,3,0,2,0,2,0,4,2,35.63619138888889,139.69429305555556,7,3,,,,
1,30,329,92,2,0,1,30000,0,110,2021,6,13,11,20,12,,,,,1,1,1,1,1,9,22,0,23,11,3,30,70,5,1,1,45,75,51,61,0,0,,,,,,,0,0,10,0,4,0,0,0,0,0,4,2,35.64128111111111,139.68648333333334,1,3,,,,
1,30,329,93,2,0,1,30210,0,112,2021,6,2,20,18,22,,,,,1,1,1,1,7,9,22,0,23,11,9,30,70,5,1,1,65,35,51,61,0,0,,,,,,,0,0,10,0,4,0,0,0,0,0,4,2,35.64100305555556,139.68562500000002,4,3,,,,
1,30,329,95,2,0,1,10080,0,110,2021,6,17,21,47,22,,,,,1,1,1,14,1,0,23,0,23,5,9,1,70,4,2,1,55,35,3,61,31,0,,,,,,,3,0,10,0,2,0,2,0,2,0,4,2,35.633604444444444,139.71043777777777,5,3,,,,
1,30,329,97,2,0,1,20000,0,110,2021,6,18,11,41,12,,,,,1,1,1,1,1,1,22,0,23,14,9,30,70,5,4,1,55,75,13,61,31,0,,,,,,,2,0,80,0,4,0,2,0,2,0,4,2,35.63258138888889,139.69197194444445,6,3,,,,
1,30,329,98,2,0,1,20260,0,110,2021,6,28,10,39,12,,,,,1,1,1,0,7,0,23,0,23,0,0,20,70,0,2,1,35,65,14,61,31,0,,,,,,,1,0,30,0,4,0,2,0,2,0,4,2,35.63229944444444,139.71262472222222,2,3,,,,
1,30,330,109,2,0,1,30000,0,110,2021,6,6,11,0,12,,,,,3,1,2,14,7,0,23,0,23,2,9,1,1,4,3,1,55,45,3,61,31,0,,,,,,,2,0,40,0,3,0,2,0,1,0,4,2,35.62509166666667,139.6945713888889,1,3,,,,
1,30,331,117,1,1,0,30000,0,113,2021,6,14,9,35,12,,,,,3,1,2,7,1,0,23,0,23,5,9,1,70,5,2,1,45,65,1,61,1,0,,,,,,,10,0,20,0,3,0,2,0,2,0,4,1,35.65875555555555,139.70025388888888,2,3,,,,
1,30,331,127,2,0,1,30000,0,113,2021,6,28,10,20,12,,,,,1,1,1,14,7,0,23,0,23,3,9,1,70,4,2,1,55,75,3,61,1,0,,,,,,,2,0,40,0,4,0,2,0,2,0,4,2,35.64846611111111,139.7098147222222,2,3,,,,
1,30,333,85,2,0,1,30250,0,113,2021,6,17,14,35,12,,,,,1,1,1,13,7,0,23,0,23,3,6,1,70,1,2,1,55,1,3,61,1,0,,,,,,,4,0,0,0,4,0,2,0,2,0,4,2,35.6738375,139.69153444444444,5,3,,,,
1,30,435,49,2,0,1,30870,0,104,2021,6,8,19,30,21,,,,,2,1,1,1,1,9,22,0,23,18,9,30,70,2,1,1,55,65,3,61,1,0,,,,,,,3,0,80,0,3,0,2,0,2,0,4,2,35.70644777777778,139.73117916666666,3,3,,,,
1,30,435,50,2,0,1,30000,0,104,2021,6,10,8,10,12,,,,,1,1,1,7,7,0,23,0,23,1,9,20,70,5,2,1,45,1,13,61,31,0,,,,,,,1,0,40,0,3,0,2,0,2,0,4,2,35.69430805555555,139.71946083333333,5,3,,,,
1,30,435,57,2,0,1,30000,0,104,2021,6,23,9,16,12,,,,,3,1,2,14,7,0,23,0,23,3,9,1,70,4,3,1,55,0,61,0,0,0,,,,,,,0,0,0,0,0,0,0,0,0,0,2,0,35.70481277777778,139.74186944444443,4,3,,,,
1,30,435,61,2,0,1,10120,0,104,2021,6,17,8,15,12,,,,,2,1,1,14,1,0,23,0,23,2,9,1,70,4,2,1,1,1,51,61,0,0,,,,,,,0,0,10,0,4,0,0,0,0,0,4,2,35.69654083333333,139.72521166666667,5,3,,,,
1,30,436,112,2,0,1,30000,0,104,2021,4,4,11,30,12,,,,,1,1,1,1,7,0,23,0,23,11,9,30,70,5,4,1,65,0,61,0,0,0,,,,,,,0,0,0,0,0,0,0,0,0,0,2,0,35.70471416666667,139.7032583333333,1,3,,,,
1,30,436,116,2,0,1,30000,0,104,2021,6,2,17,45,12,,,,,1,1,1,1,7,9,22,0,23,15,9,30,70,4,1,1,25,45,14,61,1,0,,,,,,,2,0,40,0,3,0,2,0,2,0,4,2,35.70379805555556,139.70103916666665,4,3,,,,
1,30,436,120,2,0,1,20320,0,104,2021,5,22,22,30,22,,,,,3,1,2,1,1,9,22,0,23,19,9,30,70,5,2,1,65,25,36,61,31,0,,,,,,,10,0,10,0,3,0,0,0,0,0,4,2,35.68835833333333,139.68895750000001,7,3,,,,
1,30,436,129,2,0,1,30000,0,104,2021,4,22,15,55,12,,,,,1,1,1,14,7,0,23,0,23,1,7,1,1,5,3,1,1,1,3,61,31,0,,,,,,,2,0,20,0,3,0,2,0,2,0,4,2,35.699707222222216,139.69136277777778,5,3,,,,
1,30,436,133,2,0,1,10240,0,104,2021,6,24,13,10,12,,,,,1,1,1,14,7,0,23,0,23,5,9,1,70,6,2,1,45,45,51,61,0,0,,,,,,,0,0,10,0,4,0,0,0,0,0,4,2,35.693243055555556,139.69634944444445,5,3,,,,
1,30,436,134,2,0,1,30000,0,104,2021,6,24,21,45,22,,,,,1,1,1,1,7,9,22,0,23,15,9,30,70,5,3,1,65,25,3,61,1,0,,,,,,,2,0,40,0,4,0,2,0,2,0,4,2,35.69647,139.70533972222222,5,3,,,,
1,30,436,136,2,0,1,30290,0,104,2021,5,2,23,35,22,,,,,1,1,1,1,1,9,22,0,23,18,9,30,70,5,2,1,55,1,3,61,31,0,,,,,,,3,0,50,0,3,0,2,0,2,0,4,2,35.70451666666667,139.69472916666666,1,2,,,,
1,30,436,138,2,0,1,30000,0,104,2021,6,24,13,20,12,,,,,1,1,1,14,7,0,23,0,23,1,9,20,70,5,3,1,75,25,14,61,31,0,,,,,,,10,0,20,0,4,0,2,0,2,0,4,2,35.70137166666667,139.69991027777778,5,3,,,,
1,30,436,139,2,0,1,30000,0,104,2021,6,10,10,40,12,,,,,1,1,1,1,1,9,22,0,23,19,9,30,70,4,1,1,35,1,3,61,31,0,,,,,,,4,0,10,0,3,0,2,0,2,0,4,2,35.690349999999995,139.6906011111111,5,3,,,,
1,30,437,86,2,0,1,30000,0,104,2021,6,2,8,0,12,,,,,2,1,1,14,7,0,23,0,23,2,9,1,70,4,2,1,65,65,13,61,1,0,,,,,,,5,0,20,0,3,0,2,0,2,0,4,2,35.714576666666666,139.69282722222223,4,3,,,,
1,30,437,88,2,0,1,90000,0,104,2021,5,29,16,35,12,,,,,1,1,1,14,7,0,23,0,23,1,9,1,70,5,4,1,25,75,3,61,31,0,,,,,,,10,0,30,0,4,0,2,0,2,0,4,2,35.71268583333334,139.69860833333334,7,3,,,,
1,30,437,97,2,0,1,30000,0,104,2021,6,7,18,0,13,,,,,1,1,1,1,7,9,22,0,23,15,9,30,70,4,3,1,55,1,51,61,0,0,,,,,,,0,0,10,0,3,0,0,0,0,0,4,2,35.72034777777778,139.67977916666666,2,3,,,,
1,30,438,59,2,0,1,30000,0,104,2021,6,2,7,52,12,,,,,2,1,1,1,7,9,22,0,23,14,9,30,70,4,2,1,55,25,3,61,1,0,,,,,,,10,0,70,0,3,0,2,0,2,0,4,2,35.688537499999995,139.72855027777777,4,3,,,,
1,30,438,66,2,0,1,20120,0,104,2021,6,22,17,45,12,,,,,1,1,1,1,8,9,22,0,23,19,9,30,70,1,2,1,1,1,51,61,0,0,,,,,,,0,0,10,0,2,0,0,0,0,0,4,2,35.68226444444444,139.71541638888888,3,3,,,,
1,30,439,131,2,0,1,30000,0,114,2021,6,2,21,10,22,,,,,1,1,1,14,7,0,23,0,23,2,9,1,70,5,4,1,1,1,51,61,0,0,,,,,,,0,0,40,0,4,0,0,0,0,0,4,2,35.69895916666666,139.6774988888889,4,3,,,,
1,30,439,132,2,0,1,30000,0,114,2021,6,4,9,50,12,,,,,3,1,2,7,7,0,23,0,23,2,9,1,70,5,4,1,75,0,61,0,0,0,,,,,,,0,0,0,0,0,0,0,0,0,0,2,0,35.703786388888894,139.67538,6,3,,,,
1,30,439,141,2,0,1,20280,0,114,2021,6,21,11,37,12,,,,,1,1,1,14,7,0,23,0,23,4,7,1,70,4,2,1,65,0,61,0,0,0,,,,,,,0,0,0,0,0,0,0,0,0,0,2,0,35.68920027777777,139.6688413888889,2,3,,,,
1,30,439,147,2,0,1,30000,0,114,2021,6,29,8,55,12,,,,,3,1,2,14,7,0,23,0,23,3,8,1,70,5,2,1,25,45,51,61,0,0,,,,,,,0,0,10,0,3,0,0,0,0,0,2,4,35.70643583333334,139.68388833333333,3,3,,,,
1,30,439,151,2,0,1,30000,0,114,2021,6,23,17,15,12,,,,,1,1,1,14,7,0,23,0,23,1,9,1,70,5,4,1,1,35,51,61,0,0,,,,,,,0,0,40,0,4,0,0,0,0,0,4,2,35.70791416666667,139.66613750000002,4,3,,,,
1,30,439,152,2,0,1,30000,0,114,2021,2,2,21,15,22,,,,,1,1,1,7,7,0,23,0,23,2,9,1,70,5,1,1,45,45,51,61,0,0,,,,,,,0,0,20,0,4,0,0,0,0,0,4,2,35.70814527777778,139.6820975,3,3,,,,
1,30,439,153,2,0,1,20280,0,114,2021,6,18,21,0,22,,,,,2,1,1,7,1,0,23,0,23,2,9,1,70,4,2,1,25,25,51,61,0,0,,,,,,,0,0,10,0,3,0,0,0,0,0,4,2,35.705105833333334,139.66549805555556,6,3,,,,
1,30,440,97,2,0,1,30000,0,114,2021,6,1,8,40,12,,,,,1,1,1,14,7,0,23,0,23,2,9,1,70,5,3,1,1,75,51,61,0,0,,,,,,,0,0,10,0,3,0,0,0,0,0,4,2,35.72206083333334,139.6472963888889,3,3,,,,
1,30,440,98,2,0,1,30000,0,114,2021,6,2,13,52,12,,,,,1,1,1,14,7,0,23,0,23,3,9,1,70,5,3,1,75,25,3,61,31,0,,,,,,,2,0,40,0,4,0,2,0,2,0,4,2,35.720908055555554,139.66281083333334,4,3,,,,
1,30,440,104,2,0,1,30000,0,114,2021,6,4,15,56,12,,,,,3,1,2,1,1,9,22,0,23,11,9,30,70,5,2,1,65,75,4,61,31,0,,,,,,,2,0,10,0,3,0,2,0,2,0,4,2,35.72604027777778,139.66789083333333,6,3,,,,
1,30,440,110,2,0,1,10220,0,114,2021,6,3,7,45,12,,,,,1,1,1,1,1,0,23,0,23,14,9,30,70,4,2,1,45,0,61,0,0,0,,,,,,,0,0,0,0,0,0,0,0,0,0,2,0,35.70997638888889,139.66405472222223,5,3,,,,
1,30,440,111,2,0,1,10010,0,114,2021,6,11,14,15,12,,,,,1,1,1,7,1,0,23,0,23,1,9,1,70,1,2,1,45,35,14,61,1,0,,,,,,,4,0,20,0,3,0,2,0,2,0,4,2,35.73256833333333,139.6705883333333,6,3,,,,
1,30,440,117,2,0,1,10250,0,114,2021,6,23,13,8,12,,,,,2,1,2,14,7,0,23,0,23,3,9,1,70,4,2,1,65,45,3,61,31,0,,,,,,,3,0,20,0,4,0,2,0,2,0,4,2,35.72389916666667,139.66642944444445,4,3,,,,
1,30,440,119,2,0,1,10250,0,114,2021,6,25,7,40,12,,,,,2,1,1,14,7,0,23,0,23,3,9,1,70,4,2,1,45,1,12,61,1,0,,,,,,,3,0,10,0,3,0,2,0,2,0,4,2,35.72384638888889,139.6642888888889,6,3,,,,
1,30,441,162,2,0,1,30000,0,115,2021,6,21,22,25,22,,,,,1,1,1,14,7,0,23,0,23,2,9,1,70,5,3,1,1,65,51,61,0,0,,,,,,,0,0,10,0,3,0,0,0,0,0,4,2,35.70881722222222,139.64978444444444,2,3,,,,
1,30,441,164,2,0,1,30300,0,115,2021,6,28,19,40,21,,,,,2,1,1,14,7,0,23,0,23,3,9,1,70,4,1,1,65,35,51,61,0,0,,,,,,,0,0,20,0,4,0,0,0,0,0,4,2,35.6905875,139.66591472222223,2,3,,,,
1,30,442,140,2,0,1,95000,0,115,2021,6,3,17,55,13,,,,,2,1,1,1,7,9,22,0,23,11,9,30,70,5,3,1,35,55,3,61,31,0,,,,,,,2,0,40,0,3,0,2,0,2,0,4,2,35.68224472222222,139.62937444444447,5,3,,,,
1,30,443,101,2,0,1,20350,0,115,2021,6,5,14,15,12,,,,,2,1,1,14,7,0,23,0,23,3,9,1,70,4,1,1,1,1,3,61,31,0,,,,,,,2,0,40,0,4,0,2,0,2,0,4,2,35.72683,139.6202927777778,7,3,,,,
1,30,443,105,2,0,1,10200,0,115,2021,6,15,21,20,22,,,,,3,1,2,1,1,9,22,0,23,17,9,30,70,1,2,1,25,35,4,61,31,0,,,,,,,10,0,10,0,3,0,2,0,2,0,4,2,35.715157222222224,139.6143847222222,3,3,,,,
1,30,546,53,2,0,1,10010,0,105,2021,6,9,16,0,12,,,,,1,1,1,14,1,0,23,0,23,4,9,20,70,4,2,1,1,35,51,61,0,0,,,,,,,0,0,10,0,4,0,0,0,0,0,4,2,35.71528694444445,139.72383,4,3,,,,
1,30,546,55,2,0,1,2540,25,105,2021,6,11,11,10,12,,,,,1,1,1,1,1,9,22,0,23,18,9,30,70,1,2,1,55,35,3,61,31,0,,,,,,,2,0,10,0,4,0,2,0,2,0,4,2,35.718055,139.7363558333333,6,3,,,,
1,30,546,61,2,0,1,20370,0,105,2021,6,20,12,1,12,,,,,1,1,1,1,1,9,22,0,23,19,9,30,70,4,1,1,35,1,51,61,0,0,,,,,,,0,0,40,0,3,0,0,0,0,0,4,2,35.716974444444446,139.71821805555555,1,3,,,,
1,30,546,62,2,0,1,2540,25,105,2021,6,22,16,30,12,,,,,2,1,1,7,1,0,23,0,23,4,9,1,70,1,1,1,35,75,51,61,0,0,,,,,,,0,0,40,0,4,0,0,0,0,0,4,2,35.717732777777776,139.73692916666664,3,3,,,,
1,30,546,65,2,0,1,30000,0,105,2021,6,27,13,40,12,,,,,2,1,1,1,7,9,22,0,23,11,9,30,70,5,3,1,55,65,3,61,31,0,,,,,,,2,0,50,0,3,0,2,0,2,0,4,2,35.709277500000006,139.73310694444444,1,3,,,,
1,30,547,48,2,0,1,170,44,105,2021,6,1,19,48,21,,,,,1,1,1,14,7,0,23,0,23,4,9,1,70,4,1,1,1,1,51,61,0,0,,,,,,,0,0,10,0,4,0,0,0,0,0,4,2,35.71699805555556,139.75647972222222,3,3,,,,
1,30,547,59,2,0,1,20390,0,105,2021,6,20,14,10,12,,,,,2,1,1,1,1,9,22,0,23,19,8,30,70,4,1,1,55,65,51,61,0,0,,,,,,,0,0,10,0,3,0,0,0,0,0,4,2,35.70778416666667,139.76714166666667,1,3,,,,
1,30,548,31,2,0,1,20370,0,105,2021,6,9,1,10,22,,,,,1,1,1,1,1,9,22,0,23,15,9,30,70,5,1,1,55,1,12,61,31,0,,,,,,,3,0,48,0,3,0,2,0,2,0,4,2,35.73208555555556,139.75848888888888,4,3,,,,
1,30,548,33,2,0,1,21170,0,105,2021,6,22,14,35,12,,,,,1,1,1,14,2,0,23,0,23,1,9,20,70,5,2,1,35,75,51,61,0,0,,,,,,,0,0,10,0,4,0,0,0,0,0,4,2,35.72886861111111,139.75692694444444,3,3,,,,
1,30,549,41,2,0,1,170,69,116,2021,6,12,11,34,12,,,,,1,1,1,14,7,0,23,0,23,3,7,1,70,5,1,1,1,25,51,61,0,0,,,,,,,0,0,10,0,4,0,0,0,0,0,4,2,35.733470277777776,139.7388983333333,7,3,,,,
1,30,550,90,2,0,1,30000,0,116,2021,6,11,9,39,12,,,,,1,1,1,1,1,9,22,0,23,18,9,30,70,1,1,1,65,65,3,61,1,0,,,,,,,4,0,10,0,3,0,2,0,2,0,4,2,35.73076805555556,139.70809444444444,6,3,,,,
1,30,551,112,2,0,1,30000,0,116,2021,6,4,7,45,12,,,,,3,1,2,14,7,0,23,0,23,2,9,1,70,5,3,1,55,55,14,61,1,0,,,,,,,3,0,50,0,3,0,2,0,2,0,4,2,35.727804722222224,139.7127913888889,6,3,,,,
1,30,551,128,2,0,1,30000,0,116,2021,6,23,19,30,21,,,,,1,1,1,1,7,9,22,0,23,11,9,30,70,5,3,1,45,25,3,61,31,0,,,,,,,10,0,10,0,3,0,2,0,2,0,4,2,35.740406944444445,139.69030055555555,4,3,,,,
1,30,551,131,2,0,1,30000,0,116,2021,5,28,15,30,12,,,,,2,1,1,13,7,0,23,0,23,3,6,1,70,5,3,1,45,35,3,61,1,0,,,,,,,10,0,30,0,4,0,2,0,2,0,4,2,35.72629388888889,139.6992261111111,6,3,,,,
1,30,552,86,2,0,1,30000,0,117,2021,6,17,21,36,22,,,,,1,1,1,14,7,0,23,0,23,3,9,1,70,5,3,1,75,35,3,61,1,0,,,,,,,10,0,80,0,4,0,2,0,2,0,4,2,35.74784888888889,139.7413822222222,5,3,,,,
1,30,552,87,2,0,1,30000,0,117,2021,6,19,7,55,12,,,,,3,1,2,1,7,9,22,0,23,15,9,30,70,5,2,1,1,35,3,61,31,0,,,,,,,2,0,10,0,3,0,2,0,2,0,4,2,35.74189944444444,139.7616236111111,7,3,,,,
1,30,552,89,2,0,1,20400,0,117,2021,6,25,19,10,21,,,,,3,1,1,14,1,0,23,0,23,5,9,1,70,4,2,1,1,65,51,61,0,0,,,,,,,0,0,40,0,4,0,0,0,0,0,4,2,35.7388475,139.74627805555554,6,3,,,,
1,30,552,91,2,0,1,20400,0,117,2021,6,29,10,50,12,,,,,2,1,1,14,7,0,23,0,23,4,9,1,70,4,2,1,45,75,1,61,1,0,,,,,,,4,0,10,0,3,0,2,0,2,0,4,2,35.74796972222222,139.74003083333332,3,3,,,,
1,30,554,80,2,0,1,30000,0,117,2021,6,10,16,50,12,,,,,1,1,1,1,7,1,21,0,23,11,9,30,70,5,1,1,65,25,3,61,31,0,,,,,,,10,0,20,0,3,0,2,0,2,0,4,2,35.77796583333333,139.72343555555557,5,3,,,,
1,30,554,84,2,0,1,30000,0,117,2021,6,28,23,20,22,,,,,3,1,2,1,1,9,22,0,23,14,9,30,70,4,2,1,25,35,4,61,31,0,,,,,,,10,0,30,0,4,0,2,0,2,0,4,2,35.78719944444444,139.71470194444444,2,3,,,,
1,30,555,138,2,0,1,30000,0,119,2021,6,3,17,5,12,,,,,1,1,1,14,7,0,23,0,23,2,9,1,70,5,3,1,45,1,13,61,31,0,,,,,,,5,0,40,0,3,0,2,0,2,0,4,2,35.74715055555556,139.67609222222222,5,3,,,,
1,30,555,139,2,0,1,10160,0,119,2021,6,3,22,30,22,,,,,3,1,2,1,1,9,22,0,23,18,9,30,70,1,2,1,45,35,12,61,1,0,,,,,,,5,0,40,0,3,0,2,0,2,0,4,2,35.738263611111115,139.7042111111111,5,3,,,,
1,30,555,145,2,0,1,30000,0,119,2021,4,3,10,32,12,,,,,1,1,1,1,7,9,22,0,23,11,9,30,70,5,3,1,45,25,3,61,31,0,,,,,,,10,0,30,0,4,0,2,0,2,0,4,2,35.75586916666666,139.71229666666665,7,3,,,,