資料区分,都道府県コード,警察署等コード,本票番号,事故内容,死者数,負傷者数,路線コード,地点コード,市区町村コード,発生日時　　年,発生日時　　月,発生日時　　日,発生日時　　時,発生日時　　分,昼夜,日の出時刻　　時,日の出時刻　　分,日の入り時刻　　時,日の入り時刻　　分,天候,地形,路面状態,道路形状,信号機,一時停止規制　標識（当事者A）,一時停止規制　表示（当事者A）,一時停止規制　標識（当事者B）,一時停止規制　表示（当事者B）,車道幅員,道路線形,衝突地点,ゾーン規制,中央分離帯施設等,歩車道区分,事故類型,年齢（当事者A）,年齢（当事者B）,当事者種別（当事者A）,当事者種別（当事者B）,用途別（当事者A）,用途別（当事者B）,車両形状等（当事者A）,車両形状等（当事者B）,オートマチック車（当事者A）,オートマチック車（当事者B）,サポカー（当事者A）,サポカー（当事者B）,速度規制（指定のみ）（当事者A）,速度規制（指定のみ）（当事者B）,車両の衝突部位（当事者A）,車両の衝突部位（当事者B）,車両の損壊程度（当事者A）,車両の損壊程度（当事者B）,エアバッグの装備（当事者A）,エアバッグの装備（当事者B）,サイドエアバッグの装備（当事者A）,サイドエアバッグの装備（当事者B）,人身損傷程度（当事者A）,人身損傷程度（当事者B）,lat,lon,曜日(発生年月日),祝日(発生年月日),認知機能検査経過日数（当事者A）,認知機能検査経過日数（当事者B）,運転練習の方法（当事者A）,運転練習の方法（当事者B）
1,30,555,147,2,0,1,30000,0,119,2021,6,14,13,50,12,,,,,2,1,1,14,7,0,23,0,23,2,9,1,70,4,3,1,55,55,3,61,31,0,,,,,,,10,0,40,0,4,0,2,0,2,0,4,2,35.74931222222222,139.6969925,2,3,,,,
1,30,555,149,2,0,1,30000,0,119,2021,6,19,9,40,12,,,,,3,1,1,14,7,0,23,0,23,1,9,1,70,5,4,1,75,55,3,61,31,0,,,,,,,2,0,40,0,3,0,2,0,2,0,4,2,35.74885361111111,139.69883583333333,7,3,,,,
1,30,555,155,2,0,1,30000,0,119,2021,5,31,9,47,12,,,,,1,1,1,14,7,0,23,0,23,3,9,1,70,4,2,1,65,25,51,61,0,0,,,,,,,0,0,20,0,4,0,0,0,0,0,4,2,35.756935,139.6882063888889,2,3,,,,
1,30,555,159,2,0,1,30000,0,119,2021,6,1,8,35,12,,,,,1,1,1,14,7,0,23,0,23,4,9,1,70,4,2,1,35,45,3,61,31,0,,,,,,,4,0,10,0,4,0,2,0,2,0,4,2,35.746698333333335,139.6922686111111,3,3,,,,
1,30,555,172,2,0,1,30000,0,119,2021,6,4,8,30,12,,,,,3,1,2,7,7,0,23,0,23,3,9,1,70,5,3,1,55,45,3,61,31,0,,,,,,,10,0,20,0,4,0,2,0,2,0,4,2,35.749431944444446,139.70774583333332,6,3,,,,
1,30,556,126,2,0,1,30000,0,119,2021,5,26,18,8,13,,,,,1,1,1,14,7,0,23,0,23,2,9,1,70,5,4,1,1,75,13,61,31,0,,,,,,,5,0,30,0,4,0,2,0,2,0,4,2,35.77746,139.66858083333332,4,3,,,,
1,30,556,135,2,0,1,30000,0,119,2021,6,17,15,55,12,,,,,2,1,1,14,7,0,23,0,23,1,9,1,70,4,2,1,45,75,13,61,31,0,,,,,,,1,0,30,0,3,0,2,0,2,0,4,2,35.774791666666665,139.69322027777778,5,3,,,,
1,30,556,139,2,0,1,30000,0,119,2021,6,23,5,50,12,,,,,1,1,1,1,7,9,22,0,23,11,9,30,1,5,3,1,65,45,51,61,0,0,,,,,,,0,0,10,0,4,0,0,0,0,0,4,2,35.767195,139.6890888888889,4,3,,,,
1,30,556,149,2,0,1,30000,0,119,2021,6,30,15,15,12,,,,,2,1,1,14,7,0,23,0,23,2,9,1,1,5,3,1,55,1,36,61,31,0,,,,,,,2,0,10,0,4,0,0,0,0,0,4,2,35.78410722222222,139.6848997222222,4,3,,,,
1,30,556,151,2,0,1,30000,0,119,2021,6,18,17,35,12,,,,,1,1,1,14,7,0,23,0,23,3,9,1,70,4,2,1,75,1,36,61,31,0,,,,,,,2,0,10,0,3,0,0,0,0,0,4,2,35.77441555555556,139.70314277777777,6,3,,,,
1,30,557,117,2,0,1,30000,0,120,2021,6,3,14,10,12,,,,,2,1,1,1,1,9,22,0,23,15,9,30,70,4,2,1,65,65,3,61,31,0,,,,,,,3,0,50,0,2,0,2,0,2,0,4,2,35.75400472222222,139.6687533333333,5,3,,,,
1,30,557,119,2,0,1,10010,0,120,2021,6,11,15,55,12,,,,,1,1,1,7,1,0,23,0,23,4,9,1,70,1,2,1,35,75,13,61,31,0,,,,,,,5,0,10,0,3,0,2,0,2,0,4,2,35.74078222222222,139.6366175,6,3,,,,
1,30,557,125,2,0,1,20430,0,120,2021,6,17,15,30,12,,,,,1,1,1,1,1,9,22,0,23,15,9,30,70,5,2,1,55,45,22,61,0,0,,,,,,,3,0,10,0,3,0,0,0,0,0,4,2,35.73709916666667,139.6510027777778,5,3,,,,
1,30,557,129,2,0,1,10010,0,120,2021,6,21,19,40,21,,,,,1,1,1,1,1,9,22,0,23,17,9,30,70,4,2,1,65,35,14,61,31,0,,,,,,,4,0,80,0,3,0,2,0,2,0,4,2,35.74082,139.63647944444443,2,3,,,,
1,30,558,147,2,0,1,30000,0,120,2021,6,8,8,0,12,,,,,1,1,1,14,7,0,23,0,23,2,9,1,70,5,4,1,55,25,3,61,31,0,,,,,,,10,0,80,0,3,0,2,0,2,0,4,2,35.72742277777778,139.59238305555556,3,3,,,,
1,30,558,148,2,0,1,30380,0,120,2021,6,8,17,50,12,,,,,2,1,1,1,1,1,22,0,23,14,8,30,70,4,2,1,35,55,3,61,31,0,,,,,,,2,0,10,0,3,0,2,0,2,0,4,2,35.76200361111111,139.58826000000002,3,3,,,,
1,30,558,162,2,0,1,30000,0,120,2021,6,13,16,35,12,,,,,2,1,1,14,7,0,23,0,23,3,9,1,70,4,3,1,35,65,51,61,0,0,,,,,,,0,0,10,0,3,0,0,0,0,0,4,2,35.73038638888889,139.57752916666666,1,3,,,,
1,30,558,178,2,0,1,30380,0,120,2021,6,30,22,30,22,,,,,2,1,2,14,7,0,23,0,23,1,9,1,70,5,1,1,55,35,51,61,0,0,,,,,,,0,0,20,0,4,0,0,0,0,0,4,2,35.75389888888889,139.58654111111113,4,3,,,,
1,30,559,91,2,0,1,30000,0,119,2021,6,16,19,20,21,,,,,2,1,1,14,7,0,23,0,23,2,9,1,70,5,4,1,45,35,3,61,31,0,,,,,,,10,0,20,0,4,0,2,0,2,0,4,2,35.77673361111111,139.63396055555555,4,3,,,,
1,30,559,100,2,0,1,30000,0,119,2021,6,29,19,50,21,,,,,1,1,2,14,7,0,23,0,23,2,9,1,70,5,3,1,65,55,3,61,1,0,,,,,,,1,0,10,0,3,0,2,0,2,0,4,2,35.77462111111111,139.6307727777778,3,3,,,,
1,30,560,149,2,0,1,30000,0,120,2021,6,13,11,40,12,,,,,1,1,1,7,7,0,23,0,23,2,9,1,70,4,4,1,35,75,4,61,31,0,,,,,,,5,0,10,0,4,0,2,0,2,0,4,2,35.74550111111111,139.63274666666666,1,3,,,,
1,30,560,154,2,0,2,10200,0,120,2021,6,16,7,45,12,,,,,3,1,2,1,1,9,22,0,23,14,9,30,70,5,2,1,25,35,14,61,1,0,,,,,,,3,0,10,0,3,0,2,0,2,0,4,2,35.76355083333333,139.6637986111111,4,3,,,,
1,30,560,156,2,0,1,10200,0,120,2021,6,17,5,12,11,,,,,2,1,1,14,1,0,23,0,23,2,9,1,70,5,1,1,75,1,3,61,31,0,,,,,,,3,0,40,0,4,0,2,0,2,0,4,2,35.74188027777778,139.62419833333334,5,3,,,,
1,30,560,159,2,0,1,30000,0,120,2021,6,20,11,47,12,,,,,1,1,1,1,7,1,21,0,23,11,9,30,70,5,3,1,1,55,51,61,0,0,,,,,,,0,0,10,0,3,0,0,0,0,0,4,2,35.75986611111111,139.60879166666666,1,3,,,,
1,30,560,161,2,0,1,30000,0,120,2021,2,5,9,50,12,,,,,1,1,1,14,7,0,23,0,23,3,9,1,70,4,3,1,35,45,51,61,0,0,,,,,,,0,0,10,0,3,0,0,0,0,0,2,4,35.76878111111111,139.6551075,6,3,,,,
1,30,560,163,2,0,1,20510,0,120,2021,6,22,16,20,12,,,,,2,1,1,1,1,9,22,0,23,18,9,30,70,1,1,1,1,65,51,61,0,0,,,,,,,0,0,10,0,4,0,0,0,0,0,4,2,35.74162555555556,139.6153713888889,3,3,,,,
1,30,560,166,2,0,1,30000,0,120,2021,6,25,8,5,12,,,,,2,1,2,14,7,0,23,0,23,2,9,1,70,5,3,1,45,1,4,61,31,0,,,,,,,1,0,10,0,3,0,2,0,2,0,4,2,35.75908916666667,139.6140738888889,6,3,,,,
1,30,560,169,2,0,1,30000,0,120,2021,6,22,7,51,12,,,,,2,1,1,1,7,9,22,0,23,15,9,30,70,5,3,1,45,55,3,61,31,0,,,,,,,2,0,40,0,4,0,2,0,2,0,4,2,35.75770416666667,139.66998944444444,3,3,,,,
1,30,660,75,2,0,1,20070,0,106,2021,6,9,8,19,12,,,,,1,1,1,1,1,9,22,0,23,19,9,30,70,4,2,1,35,25,35,61,31,0,,,,,,,4,0,10,0,3,0,0,0,0,0,4,2,35.71043,139.77382305555557,4,3,,,,
1,30,660,76,2,0,1,20070,0,106,2021,6,9,8,32,12,,,,,1,1,1,14,8,0,23,0,23,5,9,1,70,4,2,1,45,65,13,61,31,0,,,,,,,4,0,80,0,3,0,2,0,2,0,4,2,35.711624444444446,139.77486944444445,4,3,,,,
1,30,660,79,2,0,1,30000,0,106,2021,6,11,16,15,12,,,,,1,1,1,1,7,9,22,0,23,15,3,30,70,5,2,1,45,65,51,61,0,0,,,,,,,0,0,10,0,4,0,0,0,0,0,4,2,35.70596194444445,139.77423722222224,6,3,,,,
1,30,660,83,2,0,1,20370,0,106,2021,6,21,6,40,12,,,,,1,1,1,7,7,0,23,0,23,2,9,1,70,4,1,1,55,25,35,61,31,0,,,,,,,3,0,10,0,3,0,0,0,0,0,4,2,35.71314138888889,139.7683338888889,2,3,,,,
1,30,661,43,2,0,1,40,47,106,2021,6,1,16,0,12,,,,,1,1,1,14,1,0,23,0,23,5,9,1,70,4,2,1,35,55,51,61,0,0,,,,,,,0,0,10,0,3,0,0,0,0,0,4,2,35.72239694444445,139.7860225,3,3,,,,
1,30,661,44,2,0,1,10710,0,106,2021,6,5,1,45,22,,,,,2,1,2,1,1,9,22,0,23,15,9,30,70,1,2,1,45,25,3,61,31,0,,,,,,,10,0,10,0,2,0,2,0,2,0,4,2,35.725051666666666,139.77699805555557,7,3,,,,
1,30,661,46,2,0,1,30000,0,106,2021,6,9,20,28,22,,,,,1,1,1,1,1,9,22,0,23,18,9,30,70,5,1,1,45,45,4,61,31,0,,,,,,,10,0,20,0,3,0,2,0,2,0,4,2,35.73062222222222,139.79111555555556,4,3,,,,
1,30,661,47,2,0,1,10090,0,106,2021,4,29,0,44,22,,,,,2,1,1,1,1,9,22,0,23,19,9,30,70,1,2,1,45,35,34,61,31,0,,,,,,,4,0,10,0,3,0,0,0,0,0,4,2,35.730004722222226,139.7920311111111,5,1,,,,
1,30,662,56,2,0,1,20560,0,106,2021,6,12,17,30,12,,,,,1,1,1,7,1,0,23,0,23,5,9,1,70,1,1,1,55,65,13,61,31,0,,,,,,,4,0,40,0,3,0,2,0,2,0,4,2,35.713909722222226,139.79232472222222,7,3,,,,
1,30,662,57,2,0,1,30000,0,106,2021,6,17,17,20,12,,,,,1,1,1,1,7,9,22,0,23,14,9,30,70,4,1,1,1,1,51,61,0,0,,,,,,,0,0,10,0,3,0,0,0,0,0,4,2,35.71841777777778,139.8014402777778,5,3,,,,
1,30,663,64,2,0,1,30000,0,106,2021,6,5,16,5,12,,,,,2,1,1,1,7,9,22,0,23,11,9,30,70,5,2,1,45,75,51,61,0,0,,,,,,,0,0,10,0,4,0,0,0,0,0,4,2,35.708398055555556,139.78431555555557,7,3,,,,
1,30,663,71,2,0,1,60,21,106,2021,6,18,23,52,22,,,,,2,1,1,1,1,9,22,0,23,17,9,30,70,5,2,1,75,25,3,61,1,0,,,,,,,4,0,10,0,2,0,2,0,2,0,4,2,35.697447222222216,139.786435,6,3,,,,
1,30,664,52,2,0,1,20570,0,118,2021,6,28,8,15,12,,,,,1,1,1,1,1,9,22,0,23,14,9,30,70,4,2,1,35,35,3,61,31,0,,,,,,,2,0,10,0,3,0,2,0,2,0,4,2,35.751551666666664,139.7619375,2,3,,,,
1,30,666,41,2,0,1,30000,0,118,2021,6,3,17,30,12,,,,,2,1,1,1,7,4,21,0,23,14,9,30,70,5,1,1,65,45,51,61,0,0,,,,,,,0,0,10,0,3,0,0,0,0,0,4,2,35.72999472222222,139.77229444444447,5,3,,,,
1,30,666,46,2,0,1,30000,0,118,2021,6,12,13,40,12,,,,,1,1,1,14,7,0,23,0,23,2,9,20,70,5,3,1,75,35,3,61,31,0,,,,,,,5,0,20,0,4,0,2,0,2,0,4,2,35.729956388888894,139.7657761111111,7,3,,,,
1,30,667,61,2,0,1,20000,0,121,2021,6,14,10,45,12,,,,,2,1,2,1,1,9,22,0,23,14,9,30,70,4,1,1,55,75,17,61,31,0,,,,,,,3,0,11,0,3,0,2,0,2,0,4,2,35.753391944444445,139.79223833333333,2,3,,,,
1,30,668,212,2,0,1,30000,0,121,2021,6,2,11,53,12,,,,,2,1,1,1,1,9,22,0,23,15,9,30,70,5,1,1,55,75,12,61,1,0,,,,,,,2,0,10,0,4,0,2,0,2,0,4,2,35.77061111111111,139.79756583333332,4,3,,,,
1,30,668,215,2,0,1,30000,0,121,2021,6,4,15,57,12,,,,,3,1,2,1,7,9,22,0,23,15,9,30,70,4,2,1,45,1,17,61,1,0,,,,,,,3,0,10,0,3,0,2,0,2,0,4,2,35.77914777777778,139.75586416666667,6,3,,,,
1,30,668,217,2,0,1,30000,0,121,2021,6,8,17,25,12,,,,,3,1,1,1,7,9,22,0,23,14,9,30,70,4,1,1,55,55,3,61,31,0,,,,,,,2,0,10,0,4,0,2,0,2,0,4,2,35.78170222222222,139.77291361111114,3,3,,,,
1,30,668,222,2,0,1,30000,0,121,2021,6,11,16,21,12,,,,,1,1,1,1,7,9,22,0,23,14,9,30,70,5,4,1,35,1,3,61,31,0,,,,,,,1,0,10,0,3,0,2,0,2,0,4,2,35.77553916666667,139.76397,6,3,,,,
1,30,668,244,2,0,1,30000,0,121,2021,6,9,13,22,12,,,,,1,1,1,1,1,9,22,0,23,15,9,30,70,4,2,1,65,1,3,61,31,0,,,,,,,3,0,20,0,3,0,2,0,2,0,4,2,35.77356805555556,139.78642722222222,4,3,,,,
1,30,668,250,2,0,1,30000,0,121,2021,6,30,18,30,13,,,,,2,1,1,1,1,9,22,0,23,18,9,30,70,4,2,1,1,35,3,61,31,0,,,,,,,3,0,20,0,3,0,2,0,2,0,4,2,35.78308833333333,139.76521888888888,4,3,,,,
1,30,668,252,2,0,1,10340,0,121,2021,6,26,21,5,22,,,,,2,1,1,1,1,9,22,0,23,18,9,30,70,4,1,1,1,45,51,61,0,0,,,,,,,0,0,10,0,4,0,0,0,0,0,4,2,35.77590194444444,139.78461777777778,7,3,,,,
1,30,669,253,2,0,1,30000,0,121,2021,6,3,16,50,12,,,,,1,1,1,14,7,0,23,0,23,3,9,1,70,5,3,1,1,0,61,0,0,0,,,,,,,0,0,0,0,0,0,0,0,0,0,2,0,35.785671666666666,139.81311861111112,5,3,,,,
1,30,669,254,2,0,1,99000,0,121,2021,6,3,18,30,13,,,,,1,1,1,0,7,0,23,0,23,0,0,20,70,0,4,1,65,1,51,61,0,0,,,,,,,0,0,10,0,4,0,0,0,0,0,4,2,35.76585333333333,139.8324411111111,5,3,,,,
1,30,669,272,2,0,1,30000,0,121,2021,6,15,7,55,12,,,,,1,1,1,1,7,9,22,0,23,15,9,30,70,5,2,1,65,1,14,61,31,0,,,,,,,2,0,10,0,3,0,2,0,2,0,4,2,35.792811944444445,139.8364038888889,3,3,,,,
1,30,669,276,2,0,1,30000,0,121,2021,6,18,10,20,12,,,,,2,1,1,1,7,9,22,0,23,11,9,30,70,5,3,1,65,65,4,61,31,0,,,,,,,2,0,10,0,3,0,2,0,2,0,4,2,35.7701625,139.83700444444446,6,3,,,,
1,30,669,278,2,0,1,95000,0,121,2021,6,8,17,40,12,,,,,2,1,1,0,7,0,23,0,23,0,0,20,70,0,4,1,75,45,14,61,31,0,,,,,,,10,0,30,0,4,0,2,0,2,0,4,2,35.7813325,139.84697944444446,3,3,,,,
1,30,669,291,2,0,1,30000,0,121,2021,6,30,14,25,12,,,,,1,1,1,14,7,0,23,0,23,3,9,1,70,5,3,1,35,1,3,61,31,0,,,,,,,2,0,40,0,3,0,2,0,2,0,4,2,35.79338388888889,139.8326588888889,4,3,,,,
1,30,670,177,2,0,1,30000,0,121,2021,6,2,20,50,22,,,,,1,1,1,7,7,0,23,0,23,2,9,1,70,5,2,1,55,65,51,61,0,0,,,,,,,0,0,10,0,4,0,0,0,0,0,4,2,35.79427111111111,139.7763275,4,3,,,,
1,30,670,178,2,0,1,99000,0,121,2021,6,3,11,0,12,,,,,1,1,1,0,7,0,23,0,23,0,0,20,70,0,2,1,55,75,3,61,31,0,,,,,,,5,0,40,0,2,0,2,0,2,0,4,2,35.80665666666666,139.81747555555555,5,3,,,,
1,30,771,185,2,0,1,10370,0,108,2021,5,20,17,37,12,,,,,3,1,2,1,1,9,22,0,23,18,9,30,70,1,1,1,25,45,35,61,31,0,,,,,,,4,0,10,0,4,0,0,0,0,0,4,2,35.66701194444444,139.80550027777778,5,3,,,,
1,30,771,202,2,0,1,10350,0,108,2021,6,25,21,52,22,,,,,1,1,1,1,1,9,22,0,23,19,9,30,70,5,2,1,55,65,3,61,31,0,,,,,,,4,0,10,0,3,0,2,0,2,0,4,2,35.675890833333334,139.81591666666668,6,3,,,,
1,30,771,208,2,0,1,10040,0,108,2021,6,15,15,0,12,,,,,1,1,1,14,7,0,23,0,23,6,9,1,70,1,2,1,65,1,3,61,1,0,,,,,,,5,0,40,0,4,0,2,0,2,0,4,2,35.66950083333333,139.81301416666668,3,3,,,,
1,30,771,211,2,0,1,30000,0,108,2021,6,18,6,0,12,,,,,1,1,1,14,7,0,23,0,23,3,8,1,70,5,2,1,65,35,13,61,31,0,,,,,,,10,0,30,0,3,0,2,0,2,0,4,2,35.68224361111111,139.80900194444445,6,3,,,,
1,30,772,107,2,0,1,30000,0,108,2021,6,5,19,5,21,,,,,1,1,1,1,1,9,22,0,23,15,9,30,70,5,2,1,75,1,51,61,0,0,,,,,,,0,0,10,0,3,0,0,0,0,0,4,2,35.698118888888885,139.8236388888889,7,3,,,,
1,30,772,109,2,0,1,99000,0,108,2021,4,30,8,18,12,,,,,1,1,1,0,7,0,23,0,23,0,0,20,70,0,4,1,35,65,51,61,0,0,,,,,,,0,0,10,0,3,0,0,0,0,0,4,2,35.678241388888885,139.84497166666668,6,3,,,,
1,30,772,113,2,0,1,30000,0,108,2021,6,11,16,0,12,,,,,1,1,1,14,7,0,23,0,23,3,9,1,70,5,3,1,45,75,3,61,1,0,,,,,,,10,0,40,0,3,0,2,0,2,0,4,2,35.69583972222222,139.8212763888889,6,3,,,,
1,30,772,116,2,0,1,10060,0,108,2021,6,18,22,47,22,,,,,2,1,1,1,1,9,22,0,23,17,9,30,70,4,1,1,1,55,33,61,31,0,,,,,,,4,0,10,0,3,0,0,0,0,0,4,2,35.690014722222216,139.8378063888889,6,3,,,,
1,30,772,123,2,0,1,30000,0,108,2021,6,29,11,50,12,,,,,2,1,1,14,7,0,23,0,23,2,9,1,70,5,3,1,45,75,3,61,31,0,,,,,,,10,0,40,0,3,0,2,0,2,0,4,2,35.690776944444444,139.84148055555556,3,3,,,,
1,30,773,120,1,1,0,60,57,107,2021,6,1,9,45,12,,,,,1,1,1,14,7,0,23,0,23,5,9,1,70,4,2,1,35,75,22,61,0,0,,,,,,,5,0,80,0,3,0,0,0,0,0,4,1,35.71691861111111,139.81161,3,3,,,,
1,30,773,121,2,0,1,20390,0,107,2021,6,1,16,17,12,,,,,1,1,1,1,1,9,22,0,23,18,9,30,70,4,2,1,35,55,3,61,31,0,,,,,,,4,0,10,0,3,0,2,0,2,0,4,2,35.70396305555556,139.79629722222222,3,3,,,,
1,30,773,128,2,0,1,140,29,107,2021,6,7,18,0,13,,,,,1,1,1,14,7,0,23,0,23,2,9,1,70,5,1,1,25,1,51,61,0,0,,,,,,,0,0,10,0,4,0,0,0,0,0,4,2,35.69439083333333,139.79658166666667,2,3,,,,
1,30,773,132,2,0,1,30000,0,107,2021,6,11,19,15,21,,,,,1,1,1,14,7,0,23,0,23,3,9,20,70,5,2,1,25,25,3,61,31,0,,,,,,,5,0,10,0,3,0,2,0,2,0,4,2,35.70924527777778,139.80948805555556,6,3,,,,
1,30,773,136,2,0,1,99000,0,107,2021,6,14,9,40,12,,,,,3,1,2,0,7,0,23,0,23,0,0,20,70,0,2,1,45,65,51,61,0,0,,,,,,,0,0,10,0,4,0,0,0,0,0,4,2,35.71006222222223,139.79916,2,3,,,,
1,30,773,140,2,0,1,95000,0,107,2021,5,25,18,20,13,,,,,1,1,1,14,7,0,23,0,23,2,9,1,70,5,2,1,55,1,51,61,0,0,,,,,,,0,0,20,0,4,0,0,0,0,0,4,2,35.69508055555555,139.80900444444447,3,3,,,,
1,30,773,146,2,0,1,30000,0,107,2021,5,21,17,55,13,,,,,3,1,1,14,7,0,23,0,23,2,9,1,70,4,2,1,55,25,3,61,31,0,,,,,,,10,0,10,0,4,0,2,0,2,0,4,2,35.700071111111114,139.81717277777778,6,3,,,,
1,30,773,149,2,0,1,30000,0,107,2021,6,23,15,6,12,,,,,1,1,1,1,1,9,22,0,23,18,9,30,70,4,1,1,1,35,51,61,0,0,,,,,,,0,0,10,0,3,0,0,0,0,0,4,2,35.71088138888889,139.8084138888889,4,3,,,,
1,30,773,150,2,0,1,30000,0,107,2021,6,26,3,42,23,,,,,1,1,1,7,7,0,23,0,23,1,9,20,70,4,2,1,35,35,3,61,31,0,,,,,,,2,0,10,0,4,0,2,0,2,0,4,2,35.69380583333333,139.81265833333333,7,3,,,,
1,30,775,184,2,0,1,30000,0,122,2021,6,11,9,40,12,,,,,1,1,1,14,7,0,23,0,23,1,9,1,1,5,3,1,45,75,14,61,1,0,,,,,,,2,0,30,0,3,0,2,0,2,0,4,2,35.77708916666666,139.87565833333335,6,3,,,,
1,30,775,185,2,0,1,30000,0,122,2021,6,7,6,55,12,,,,,2,1,1,7,7,0,23,0,23,2,9,1,1,5,2,1,75,55,13,61,31,0,,,,,,,2,0,10,0,3,0,2,0,2,0,4,2,35.76546611111111,139.87211805555557,2,3,,,,
1,30,776,108,2,0,1,30000,0,122,2021,6,9,14,20,12,,,,,1,1,1,14,7,0,23,0,23,1,9,1,70,5,3,1,1,1,17,61,31,0,,,,,,,10,0,40,0,3,0,2,0,2,0,4,2,35.717377500000005,139.86116416666667,4,3,,,,
1,30,776,118,2,0,1,30000,0,122,2021,6,24,9,20,12,,,,,1,1,1,14,7,0,23,0,23,3,9,1,70,4,3,1,45,65,13,61,31,0,,,,,,,5,0,30,0,3,0,2,0,2,0,4,2,35.7493475,139.86540055555554,5,3,,,,
1,30,777,304,2,0,1,30000,0,123,2021,6,8,8,50,12,,,,,1,1,1,14,7,0,23,0,23,3,9,20,70,4,4,1,55,75,3,61,31,0,,,,,,,2,0,10,0,4,0,2,0,2,0,4,2,35.70715666666667,139.86979611111113,3,3,,,,
1,30,777,312,2,0,1,30000,0,123,2021,6,13,9,20,12,,,,,1,1,1,1,7,9,22,0,23,11,9,30,70,5,2,1,55,1,3,61,1,0,,,,,,,10,0,10,0,3,0,2,0,2,0,4,2,35.68763694444444,139.88196361111113,1,3,,,,
1,30,777,313,2,0,1,30000,0,123,2021,6,7,17,30,12,,,,,2,1,1,1,7,9,22,0,23,11,9,30,70,4,2,1,55,1,4,61,31,0,,,,,,,2,0,10,0,3,0,2,0,2,0,4,2,35.7015,139.8733863888889,2,3,,,,
1,30,777,322,2,0,1,30000,0,123,2021,6,16,8,0,12,,,,,2,1,1,1,7,9,22,0,23,11,9,30,70,4,2,1,25,1,3,61,31,0,,,,,,,2,0,10,0,3,0,2,0,2,0,4,2,35.70451666666667,139.8622575,4,3,,,,
1,30,778,93,2,0,1,30000,0,123,2021,6,7,9,7,12,,,,,2,1,1,1,7,9,22,0,23,15,9,30,70,4,2,1,35,75,13,61,31,0,,,,,,,3,0,10,0,3,0,2,0,2,0,4,2,35.711954444444444,139.8855986111111,2,3,,,,
1,30,778,94,2,0,1,30000,0,123,2021,6,8,8,25,12,,,,,1,1,1,14,7,0,23,0,23,3,9,20,70,5,4,1,1,75,51,61,0,0,,,,,,,0,0,10,0,3,0,0,0,0,0,4,2,35.71572916666667,139.90260777777777,3,3,,,,
1,30,778,104,2,0,1,30000,0,123,2021,6,22,7,35,12,,,,,1,1,1,1,7,8,22,0,23,11,9,30,70,5,1,1,35,1,2,61,31,0,,,,,,,5,0,10,0,3,0,2,0,2,0,4,2,35.71839777777778,139.88371222222221,3,3,,,,
1,30,778,108,2,0,1,30000,0,123,2021,6,27,17,25,12,,,,,2,1,1,14,7,0,23,0,23,2,9,20,70,5,3,1,55,25,3,61,31,0,,,,,,,5,0,10,0,4,0,2,0,2,0,4,2,35.733673333333336,139.8847611111111,1,3,,,,
1,30,779,141,2,0,1,30000,0,123,2021,6,2,9,55,12,,,,,1,1,1,14,7,0,23,0,23,4,9,1,70,5,1,1,55,75,1,61,1,0,,,,,,,2,0,0,0,4,0,2,0,2,0,4,2,35.66169611111111,139.85544416666667,4,3,,,,
1,30,779,142,2,0,1,10720,0,123,2021,6,2,14,50,12,,,,,1,1,1,14,8,0,23,0,23,2,9,1,70,5,1,1,1,1,51,61,0,0,,,,,,,0,0,10,0,4,0,0,0,0,0,4,2,35.6604775,139.87079250000002,4,3,,,,
1,30,779,143,2,0,1,30000,0,123,2021,6,7,8,20,12,,,,,2,1,1,1,7,8,22,0,23,11,9,30,70,4,2,1,1,75,51,61,0,0,,,,,,,0,0,10,0,3,0,0,0,0,0,4,2,35.65463444444444,139.85371055555555,2,3,,,,
1,30,779,148,2,0,1,30000,0,123,2021,6,10,13,28,12,,,,,1,1,1,1,1,9,22,0,23,18,9,30,70,1,1,1,55,65,12,61,31,0,,,,,,,3,0,10,0,3,0,2,0,2,0,4,2,35.6500775,139.8627936111111,5,3,,,,
1,30,779,155,2,0,1,30000,0,123,2021,6,20,16,10,12,,,,,2,1,1,1,1,9,22,0,23,14,9,30,70,4,2,1,45,45,52,61,0,0,,,,,,,0,0,20,0,4,0,0,0,0,0,4,2,35.66822833333333,139.8608836111111,1,3,,,,
1,30,779,161,2,0,1,30000,0,123,2021,6,28,20,35,22,,,,,2,1,1,14,7,0,23,0,23,3,9,1,70,6,1,1,45,1,14,61,31,0,,,,,,,2,0,10,0,3,0,2,0,2,0,4,2,35.66085388888889,139.8531211111111,2,3,,,,
1,30,876,205,2,0,1,30820,0,209,2021,4,15,10,0,12,,,,,1,1,1,1,1,9,22,0,23,15,9,30,70,4,2,1,45,75,14,61,31,0,,,,,,,3,0,10,0,3,0,2,0,2,0,4,2,35.601999166666666,139.37642694444446,5,3,,,,
1,30,876,207,2,0,1,30000,0,201,2021,5,3,12,30,12,,,,,1,1,1,14,7,0,23,0,23,3,9,1,70,5,3,1,35,25,51,61,0,0,,,,,,,0,0,10,0,3,0,0,0,0,0,2,4,35.64570388888889,139.35788583333334,2,1,,,,
1,30,876,210,2,0,1,30000,0,201,2021,5,28,14,40,12,,,,,1,1,1,14,7,0,23,0,23,3,8,20,70,5,2,1,45,1,3,61,31,0,,,,,,,3,0,10,0,3,0,2,0,2,0,4,2,35.6302125,139.35277722222222,6,3,,,,