資料区分,都道府県コード,警察署等コード,本票番号,事故内容,死者数,負傷者数,路線コード,地点コード,市区町村コード,発生日時　　年,発生日時　　月,発生日時　　日,発生日時　　時,発生日時　　分,昼夜,日の出時刻　　時,日の出時刻　　分,日の入り時刻　　時,日の入り時刻　　分,天候,地形,路面状態,道路形状,信号機,一時停止規制　標識（当事者A）,一時停止規制　表示（当事者A）,一時停止規制　標識（当事者B）,一時停止規制　表示（当事者B）,車道幅員,道路線形,衝突地点,ゾーン規制,中央分離帯施設等,歩車道区分,事故類型,年齢（当事者A）,年齢（当事者B）,当事者種別（当事者A）,当事者種別（当事者B）,用途別（当事者A）,用途別（当事者B）,車両形状等（当事者A）,車両形状等（当事者B）,オートマチック車（当事者A）,オートマチック車（当事者B）,サポカー（当事者A）,サポカー（当事者B）,速度規制（指定のみ）（当事者A）,速度規制（指定のみ）（当事者B）,車両の衝突部位（当事者A）,車両の衝突部位（当事者B）,車両の損壊程度（当事者A）,車両の損壊程度（当事者B）,エアバッグの装備（当事者A）,エアバッグの装備（当事者B）,サイドエアバッグの装備（当事者A）,サイドエアバッグの装備（当事者B）,人身損傷程度（当事者A）,人身損傷程度（当事者B）,lat,lon,曜日(発生年月日),祝日(発生年月日),認知機能検査経過日数（当事者A）,認知機能検査経過日数（当事者B）,運転練習の方法（当事者A）,運転練習の方法（当事者B）
1,30,876,212,2,0,1,10490,0,209,2021,5,28,16,50,12,,,,,1,1,1,14,7,0,23,0,23,3,9,1,70,4,2,1,1,0,61,0,0,0,,,,,,,0,0,0,0,0,0,0,0,0,0,2,0,35.60387361111111,139.3458652777778,6,3,,,,
1,30,876,214,2,0,1,95000,0,201,2021,6,2,8,40,12,,,,,2,1,1,0,7,0,23,0,23,0,0,20,70,0,4,1,45,55,3,61,31,0,,,,,,,10,0,10,0,3,0,2,0,2,0,4,2,35.61056166666667,139.3662163888889,4,3,,,,
1,30,876,222,2,0,1,30000,0,201,2021,6,12,19,35,21,,,,,1,1,1,1,7,9,22,0,23,14,8,30,70,5,2,1,35,1,4,61,31,0,,,,,,,2,0,10,0,3,0,2,0,2,0,4,2,35.64436527777778,139.36632805555556,7,3,,,,
1,30,876,226,2,0,1,30000,0,201,2021,6,18,7,50,12,,,,,1,1,1,14,7,0,23,0,23,1,9,1,70,5,1,1,45,1,4,61,31,0,,,,,,,2,0,50,0,3,0,2,0,2,0,4,2,35.62472805555556,139.32284805555554,6,3,,,,
1,30,876,233,2,0,1,30000,0,201,2021,6,29,17,20,12,,,,,2,2,2,14,7,0,23,0,23,3,9,1,70,5,3,1,55,35,3,61,31,0,,,,,,,5,0,80,0,3,0,2,0,2,0,4,2,35.625125555555556,139.39602499999998,3,3,,,,
1,30,877,135,2,0,1,30000,0,201,2021,6,7,16,30,12,,,,,1,3,1,1,7,9,22,0,23,14,9,30,70,5,4,1,35,1,4,61,31,0,,,,,,,10,0,10,0,3,0,2,0,2,0,4,2,35.66822583333333,139.25329305555556,2,3,,,,
1,30,877,143,2,0,1,99000,0,201,2021,6,14,11,20,12,,,,,1,2,1,0,7,0,23,0,23,0,0,20,70,0,4,1,75,1,3,61,1,0,,,,,,,10,0,70,0,4,0,2,0,2,0,4,2,35.66003111111111,139.28888916666668,2,3,,,,
1,30,877,145,2,0,1,30000,0,201,2021,6,2,9,25,12,,,,,2,3,1,1,7,9,22,0,23,15,9,30,70,5,3,1,35,55,3,61,31,0,,,,,,,2,0,50,0,3,0,2,0,2,0,4,2,35.66474722222222,139.3025038888889,4,3,,,,
1,30,877,148,2,0,1,95000,0,201,2021,6,20,17,0,12,,,,,2,3,1,14,7,0,23,0,23,2,9,20,70,5,4,1,55,1,3,61,31,0,,,,,,,10,0,50,0,3,0,2,0,2,0,4,2,35.64112388888889,139.28799722222223,1,3,,,,
1,30,877,154,2,0,1,200,506,201,2021,6,28,8,40,12,,,,,1,3,1,1,1,9,22,0,23,14,9,30,70,5,2,1,35,45,51,61,0,0,,,,,,,0,0,40,0,4,0,0,0,0,0,4,2,35.64246611111111,139.28002722222223,2,3,,,,
1,30,877,160,2,0,2,30000,0,201,2021,6,20,15,5,12,,,,,2,2,1,14,7,0,23,0,23,2,9,1,70,5,4,1,45,35,3,61,31,0,,,,,,,10,0,40,0,4,0,2,0,2,0,4,2,35.633852499999996,139.31393194444445,1,3,,,,
1,30,878,212,2,0,1,30000,0,225,2021,6,1,10,20,12,,,,,1,1,1,13,7,0,23,0,23,2,2,20,70,5,3,1,55,75,3,61,31,0,,,,,,,5,0,20,0,3,0,2,0,2,0,4,2,35.64648,139.48849527777776,3,3,,,,
1,30,878,213,2,0,1,30000,0,224,2021,6,2,11,55,12,,,,,1,2,1,1,1,9,22,0,23,15,9,30,70,4,2,1,55,75,3,61,31,0,,,,,,,3,0,10,0,3,0,2,0,2,0,4,2,35.63021805555556,139.4568036111111,4,3,,,,
1,30,878,218,2,0,1,20000,0,225,2021,6,8,7,20,12,,,,,1,2,1,14,1,0,23,0,23,4,9,1,70,4,1,1,1,0,61,0,0,0,,,,,,,0,0,0,0,0,0,0,0,0,0,2,0,35.64966805555556,139.48918277777776,3,3,,,,
1,30,878,227,2,0,1,30000,0,224,2021,6,15,14,15,12,,,,,1,1,1,1,1,9,22,0,23,14,9,30,70,4,2,1,65,75,3,61,31,0,,,,,,,2,0,50,0,3,0,2,0,2,0,4,2,35.647255,139.4465952777778,3,3,,,,
1,30,878,236,2,0,1,30000,0,224,2021,6,24,1,33,22,,,,,1,1,1,14,1,0,23,0,23,4,9,1,70,4,2,1,25,45,3,61,31,0,,,,,,,10,0,10,0,3,0,2,0,2,0,4,2,35.65096583333333,139.44796,5,3,,,,
1,30,879,236,2,0,1,30000,0,223,2021,6,9,13,20,12,,,,,1,2,1,13,7,0,23,0,23,2,3,1,70,5,4,1,45,65,4,61,31,0,,,,,,,2,0,20,0,3,0,2,0,2,0,4,2,35.73690222222222,139.40958833333335,4,3,,,,
1,30,879,244,2,0,1,95000,0,220,2021,6,14,10,55,12,,,,,2,2,1,0,7,0,23,0,23,0,0,20,70,0,2,1,35,75,3,61,31,0,,,,,,,10,0,70,0,3,0,2,0,2,0,4,2,35.735709166666666,139.43817805555557,2,3,,,,
1,30,879,262,2,0,1,30000,0,223,2021,6,24,19,45,21,,,,,1,1,1,14,7,0,23,0,23,2,9,1,70,4,3,1,55,45,3,61,1,0,,,,,,,1,0,10,0,3,0,2,0,2,0,4,2,35.74244083333333,139.37130333333334,5,3,,,,
1,30,880,108,1,1,0,30000,0,205,2021,6,1,14,30,12,,,,,1,1,1,14,7,0,23,0,23,4,9,1,70,4,2,1,65,75,4,61,31,0,,,,,,,3,0,10,0,4,0,2,0,2,0,4,1,35.79164055555555,139.28610666666665,3,3,,,,
1,30,880,121,2,0,1,30000,0,205,2021,6,16,15,5,12,,,,,2,2,2,14,7,0,23,0,23,2,9,1,70,5,3,1,55,1,4,61,31,0,,,,,,,10,0,10,0,3,0,2,0,2,0,4,2,35.779510555555554,139.26834583333334,4,3,,,,
1,30,880,123,2,0,1,10450,0,205,2021,6,20,16,5,12,,,,,2,2,1,1,1,9,22,0,23,15,9,30,70,4,2,1,45,75,3,61,31,0,,,,,,,3,0,10,0,3,0,2,0,2,0,4,2,35.77292694444444,139.28498666666667,1,3,,,,
1,30,880,125,2,0,1,30000,0,205,2021,5,8,14,25,12,,,,,2,1,1,14,7,0,23,0,23,4,9,1,70,5,3,1,45,0,61,0,0,0,,,,,,,0,0,0,0,0,0,0,0,0,0,2,0,35.78543305555555,139.2955838888889,7,3,,,,
1,30,881,57,2,0,1,10470,0,228,2021,6,4,10,30,12,,,,,3,2,2,7,1,0,23,0,23,4,9,1,70,4,2,1,75,75,4,61,31,0,,,,,,,3,0,10,0,3,0,2,0,2,0,4,2,35.72980666666667,139.22497388888888,6,3,,,,
1,30,881,58,2,0,1,10260,0,228,2021,6,8,19,35,21,,,,,2,2,1,7,1,0,23,0,23,5,9,1,70,4,2,1,55,1,14,61,31,0,,,,,,,4,0,40,0,3,0,2,0,2,0,4,2,35.73070972222222,139.23093805555555,3,3,,,,
1,30,881,69,2,0,1,30000,0,305,2021,6,30,19,21,21,,,,,3,1,2,1,7,9,22,0,23,15,9,30,70,4,2,1,65,45,3,61,31,0,,,,,,,3,0,10,0,4,0,2,0,1,0,4,2,35.73748361111111,139.2502175,4,3,,,,
1,30,882,181,2,0,1,30000,0,218,2021,6,13,12,10,12,,,,,2,2,5,14,7,0,23,0,23,3,9,1,70,4,2,1,55,65,3,61,31,0,,,,,,,3,0,30,0,4,0,2,0,2,0,4,2,35.74966,139.32591527777777,1,3,,,,
1,30,882,184,2,0,1,30000,0,218,2021,6,7,15,0,12,,,,,1,1,1,1,7,9,22,0,23,18,8,30,70,4,2,1,1,1,51,61,0,0,,,,,,,0,0,10,0,3,0,0,0,0,0,4,2,35.73368583333333,139.33674916666666,2,3,,,,
1,30,882,185,2,0,1,30000,0,218,2021,1,26,11,10,12,,,,,1,2,1,7,7,0,23,0,23,2,9,1,70,5,3,1,55,45,14,61,31,0,,,,,,,10,0,40,0,4,0,2,0,2,0,4,2,35.7375325,139.3219661111111,3,3,,,,
1,30,882,186,2,0,1,99000,0,227,2021,2,12,8,7,12,,,,,1,2,1,0,7,0,23,0,23,0,0,20,70,0,4,1,65,55,17,61,31,0,,,,,,,10,0,40,0,3,0,2,0,2,0,4,2,35.755766944444446,139.32876,6,3,,,,
1,30,882,188,2,0,1,30000,0,227,2021,6,16,21,9,22,,,,,3,2,2,7,7,0,23,0,23,2,9,1,70,5,2,1,75,35,4,61,31,0,,,,,,,5,0,40,0,3,0,2,0,1,0,4,2,35.775745,139.30172416666667,4,3,,,,
1,30,882,191,2,0,1,95000,0,227,2021,6,12,22,14,22,,,,,1,1,1,1,3,9,22,0,23,15,9,30,70,4,2,1,45,45,3,61,31,0,,,,,,,3,0,20,0,3,0,2,0,2,0,4,2,35.75494916666667,139.3208075,7,3,,,,
1,30,882,197,2,0,1,99000,0,218,2021,6,25,8,22,12,,,,,2,1,1,0,7,0,23,0,23,0,0,20,70,0,4,1,55,55,3,61,31,0,,,,,,,3,0,10,0,4,0,2,0,2,0,4,2,35.742731944444444,139.32855055555555,6,3,,,,
1,30,882,198,2,0,1,95000,0,303,2021,6,25,13,48,12,,,,,2,3,1,0,7,0,23,0,23,0,0,20,70,0,4,1,75,65,3,61,31,0,,,,,,,10,0,30,0,3,0,2,0,2,0,4,2,35.79137166666666,139.35819277777776,6,3,,,,
1,30,883,234,2,0,1,30000,0,201,2021,6,2,17,42,12,,,,,1,1,1,14,7,0,23,0,23,3,9,1,70,5,3,1,35,75,14,61,31,0,,,,,,,2,0,10,0,4,0,2,0,2,0,4,2,35.68735805555555,139.3094086111111,4,3,,,,
1,30,883,239,2,0,1,30000,0,201,2021,6,8,19,55,22,,,,,2,3,1,14,7,0,23,0,23,1,9,1,70,5,3,1,45,45,3,61,31,0,,,,,,,2,0,40,0,4,0,2,0,2,0,4,2,35.664743333333334,139.3487677777778,3,3,,,,
1,30,883,250,2,0,1,20740,0,201,2021,5,24,14,5,12,,,,,2,1,1,1,1,9,22,0,23,14,9,30,70,4,2,1,65,1,14,61,31,0,,,,,,,3,0,10,0,3,0,2,0,2,0,4,2,35.689253055555554,139.30506833333334,2,3,,,,
1,30,883,252,2,0,1,95000,0,201,2021,6,23,9,58,12,,,,,2,1,1,0,7,0,23,0,23,0,0,20,70,0,4,1,35,45,3,61,31,0,,,,,,,10,0,30,0,3,0,2,0,2,0,4,2,35.66414666666667,139.3680361111111,4,3,,,,
1,30,883,253,2,0,1,30000,0,201,2021,6,24,8,55,12,,,,,2,1,1,1,7,9,22,0,23,11,9,30,70,4,2,1,25,1,3,61,31,0,,,,,,,10,0,80,0,3,0,2,0,2,0,4,2,35.65598277777778,139.30713833333334,5,3,,,,
1,30,883,259,2,0,1,30000,0,201,2021,5,18,17,20,12,,,,,1,1,1,14,7,0,23,0,23,1,9,1,70,4,3,1,1,0,61,0,0,0,,,,,,,0,0,0,0,0,0,0,0,0,0,2,0,35.65181111111111,139.33956,3,3,,,,
1,30,884,266,2,0,1,30000,0,209,2021,6,1,14,50,12,,,,,1,1,1,1,1,9,22,0,23,15,9,30,70,4,2,1,45,55,3,61,31,0,,,,,,,3,0,80,0,3,0,2,0,2,0,4,2,35.578183888888894,139.4299472222222,3,3,,,,
1,30,884,273,2,0,1,30560,0,209,2021,6,5,17,55,13,,,,,1,1,1,1,1,9,22,0,23,11,9,30,70,5,4,1,55,65,3,61,31,0,,,,,,,3,0,40,0,3,0,2,0,2,0,4,2,35.549774166666666,139.4340425,7,3,,,,
1,30,884,283,2,0,1,30000,0,209,2021,6,15,8,52,12,,,,,1,1,1,1,1,9,22,0,23,14,9,30,70,4,2,1,45,25,3,61,31,0,,,,,,,3,0,10,0,3,0,2,0,2,0,4,2,35.53758472222222,139.46835944444445,3,3,,,,
1,30,884,289,2,0,1,30000,0,209,2021,6,15,16,40,12,,,,,1,2,1,14,7,0,23,0,23,3,9,1,70,4,2,1,65,1,3,61,31,0,,,,,,,2,0,10,0,3,0,2,0,2,0,4,2,35.54854472222222,139.46328055555554,3,3,,,,
1,30,884,290,2,0,2,30000,0,209,2021,6,1,21,56,22,,,,,1,1,1,1,1,9,22,0,23,14,9,30,70,5,2,1,65,1,14,61,1,0,,,,,,,2,0,20,0,3,0,2,0,2,0,4,2,35.55364055555555,139.46407666666664,3,3,,,,
1,30,884,292,2,0,1,30000,0,209,2021,6,20,19,40,21,,,,,2,1,1,7,7,0,23,0,23,3,9,1,70,5,2,1,1,65,3,61,31,0,,,,,,,2,0,10,0,4,0,2,0,2,0,4,2,35.54875944444444,139.45460416666666,1,3,,,,
1,30,884,295,2,0,1,30000,0,209,2021,2,17,18,2,21,,,,,1,1,1,14,7,0,23,0,23,1,9,1,70,4,3,1,65,25,3,61,31,0,,,,,,,2,0,40,0,3,0,2,0,2,0,4,2,35.542545277777776,139.45896472222222,4,3,,,,
1,30,884,307,2,0,1,30000,0,209,2021,6,29,13,55,12,,,,,1,2,1,14,7,0,23,0,23,2,9,1,70,5,4,1,75,1,4,61,31,0,,,,,,,10,0,40,0,4,0,2,0,2,0,4,2,35.536366666666666,139.45925388888887,3,3,,,,
1,30,884,309,2,0,1,30000,0,209,2021,6,29,18,50,13,,,,,2,1,1,14,7,0,23,0,23,2,9,1,70,5,3,1,55,75,13,61,31,0,,,,,,,10,0,10,0,3,0,2,0,2,0,4,2,35.544534722222224,139.44757777777778,3,3,,,,
1,30,884,310,2,0,1,10610,0,209,2021,6,29,22,15,22,,,,,3,1,2,14,7,0,23,0,23,3,9,1,70,5,2,1,1,65,51,61,0,0,,,,,,,0,0,10,0,3,0,0,0,0,0,4,2,35.58372694444445,139.48077444444445,3,3,,,,
1,30,885,183,2,0,1,10510,0,212,2021,2,15,18,44,22,,,,,1,2,2,14,7,0,23,0,23,2,9,1,70,4,1,1,25,75,3,61,31,0,,,,,,,3,0,10,0,2,0,2,0,2,0,4,2,35.6579525,139.42565249999998,2,3,,,,
1,30,885,185,2,0,1,30000,0,212,2021,5,17,16,42,12,,,,,2,3,1,1,7,9,22,0,23,14,9,30,70,4,2,1,45,1,3,61,31,0,,,,,,,3,0,10,0,3,0,2,0,2,0,4,2,35.65794388888889,139.37213333333335,2,3,,,,
1,30,885,189,2,0,1,99000,0,212,2021,6,1,14,15,12,,,,,1,2,1,0,7,0,23,0,23,0,0,20,70,0,4,1,65,65,3,61,31,0,,,,,,,10,0,10,0,3,0,2,0,2,0,4,2,35.66243111111111,139.3811411111111,3,3,,,,
1,30,885,194,2,0,1,99000,0,212,2021,6,9,18,10,13,,,,,1,2,1,0,7,0,23,0,23,0,0,20,70,0,4,1,25,1,3,61,31,0,,,,,,,10,0,40,0,4,0,2,0,2,0,4,2,35.67680333333333,139.39996833333333,4,3,,,,
1,30,885,197,2,0,1,30000,0,212,2021,6,12,5,55,12,,,,,1,3,1,1,7,9,22,0,23,14,9,30,70,4,3,1,45,65,51,61,0,0,,,,,,,0,0,10,0,3,0,0,0,0,0,4,2,35.66348694444444,139.3885411111111,7,3,,,,
1,30,885,198,2,0,1,95000,0,212,2021,6,12,16,38,12,,,,,1,2,1,1,7,9,22,0,23,14,8,30,70,5,2,1,45,1,3,61,31,0,,,,,,,2,0,40,0,4,0,2,0,2,0,4,2,35.64864472222222,139.40780055555555,7,3,,,,
1,30,885,200,2,0,1,10510,0,212,2021,6,17,7,42,12,,,,,2,3,1,1,1,9,22,0,23,15,9,30,70,5,2,1,75,1,3,61,31,0,,,,,,,3,0,84,0,3,0,2,0,2,0,4,2,35.65900333333333,139.41663027777778,5,3,,,,
1,30,885,206,2,0,1,30000,0,212,2021,6,6,12,30,12,,,,,2,3,1,14,7,0,23,0,23,2,9,1,70,5,3,1,45,45,13,61,1,0,,,,,,,10,0,70,0,3,0,2,0,2,0,4,2,35.661245,139.41266972222223,1,3,,,,
1,30,885,207,2,0,1,30000,0,212,2021,6,28,18,0,12,,,,,2,2,1,1,1,9,22,0,23,15,9,30,70,4,2,1,35,1,52,61,0,0,,,,,,,0,0,10,0,4,0,0,0,0,0,4,2,35.66077305555555,139.3730288888889,2,3,,,,
1,30,886,186,2,0,1,30000,0,207,2021,6,14,8,15,12,,,,,1,1,1,7,7,0,23,0,23,4,9,1,70,5,1,1,1,1,51,61,0,0,,,,,,,0,0,10,0,4,0,0,0,0,0,4,2,35.69756527777778,139.38228333333333,2,3,,,,
1,30,886,196,2,0,1,20000,0,207,2021,6,19,21,43,22,,,,,3,3,2,1,1,9,22,0,23,11,9,30,70,5,2,1,45,65,4,61,31,0,,,,,,,3,0,20,0,3,0,2,0,2,0,2,4,35.72450055555556,139.36568805555555,7,3,,,,
1,30,886,206,2,0,1,30000,0,207,2021,6,28,16,30,12,,,,,2,1,1,7,7,0,23,0,23,1,9,20,70,5,4,1,45,0,61,0,0,0,,,,,,,0,0,0,0,0,0,0,0,0,0,2,0,35.70249166666667,139.35794083333332,2,3,,,,
1,30,887,215,2,0,1,30000,0,215,2021,6,1,9,0,12,,,,,1,1,1,7,7,0,23,0,23,3,9,1,1,5,2,1,65,75,17,61,31,0,,,,,,,3,0,20,0,3,0,2,0,2,0,4,2,35.68715861111111,139.43341416666667,3,3,,,,
1,30,887,217,2,0,1,99000,0,202,2021,6,4,7,20,12,,,,,3,1,2,0,7,0,23,0,23,0,0,20,70,0,4,1,1,65,13,61,31,0,,,,,,,10,0,10,0,3,0,2,0,2,0,4,2,35.73321888888889,139.37556194444446,6,3,,,,
1,30,887,230,2,0,1,30000,0,202,2021,6,14,15,17,12,,,,,1,1,1,14,7,0,23,0,23,2,9,1,70,4,2,1,55,75,4,61,31,0,,,,,,,5,0,30,0,3,0,2,0,2,0,4,2,35.696176666666666,139.42030499999998,2,3,,,,
1,30,887,237,2,0,1,30000,0,202,2021,6,12,16,10,12,,,,,1,2,1,14,7,0,23,0,23,3,9,1,70,5,3,1,45,45,3,61,31,0,,,,,,,5,0,30,0,4,0,2,0,2,0,4,2,35.70489638888889,139.41638444444445,7,3,,,,
1,30,887,240,2,0,1,30000,0,202,2021,6,15,15,30,12,,,,,2,3,1,14,7,0,23,0,23,3,9,1,70,4,2,1,65,65,3,61,1,0,,,,,,,3,0,30,0,3,0,2,0,2,0,4,2,35.70194083333334,139.41379750000002,3,3,,,,
1,30,888,114,2,0,1,30000,0,206,2021,5,27,7,50,12,,,,,3,1,2,14,7,0,23,0,23,4,9,1,70,5,2,1,55,45,3,61,31,0,,,,,,,10,0,30,0,4,0,2,0,2,0,4,2,35.66122222222222,139.46755861111112,5,3,,,,
1,30,888,119,2,0,1,30000,0,206,2021,6,7,11,30,12,,,,,2,1,1,14,7,0,23,0,23,2,9,1,70,5,4,1,65,45,3,61,31,0,,,,,,,10,0,80,0,4,0,2,0,2,0,4,2,35.68924805555555,139.48061694444445,2,3,,,,
1,30,888,122,2,0,1,30000,0,206,2021,6,17,10,30,12,,,,,1,1,1,14,7,0,23,0,23,2,9,1,70,5,3,1,25,25,51,61,0,0,,,,,,,0,0,10,0,3,0,0,0,0,0,4,2,35.67020833333333,139.4886247222222,5,3,,,,
1,30,888,139,2,0,1,30000,0,206,2021,6,17,17,45,12,,,,,1,1,1,14,7,0,23,0,23,2,9,1,70,5,2,1,1,45,3,61,31,0,,,,,,,10,0,70,0,4,0,2,0,2,0,4,2,35.66425361111111,139.51140777777778,5,3,,,,
1,30,889,108,2,0,1,20880,0,214,2021,6,2,15,15,12,,,,,1,1,1,1,1,9,22,0,23,14,9,30,70,4,1,1,55,55,3,61,31,0,,,,,,,2,0,40,0,4,0,2,0,2,0,4,2,35.706183611111115,139.4821138888889,4,3,,,,
1,30,889,111,2,0,1,30000,0,214,2021,6,7,19,40,21,,,,,1,1,1,1,7,9,22,0,23,14,9,30,70,5,2,1,55,1,3,61,31,0,,,,,,,2,0,10,0,4,0,2,0,2,0,4,2,35.70093277777778,139.48093666666668,2,3,,,,
1,30,889,115,2,0,1,30600,0,210,2021,6,19,16,25,12,,,,,2,1,1,1,1,9,22,0,23,15,9,30,70,4,1,1,1,65,51,61,0,0,,,,,,,0,0,10,0,3,0,0,0,0,0,4,2,35.70515916666667,139.51603333333333,7,3,,,,
1,30,889,120,2,0,1,95000,0,210,2021,6,28,13,25,12,,,,,2,1,1,0,7,0,23,0,23,0,0,20,70,0,4,1,65,45,3,61,31,0,,,,,,,10,0,20,0,3,0,2,0,2,0,4,2,35.68918138888888,139.50167222222223,2,3,,,,
1,30,890,216,2,0,1,10240,0,229,2021,6,8,17,28,12,,,,,3,1,1,7,7,0,23,0,23,2,9,1,70,4,1,1,25,55,51,61,0,0,,,,,,,0,0,10,0,3,0,0,0,0,0,4,2,35.72974444444445,139.52627166666667,3,3,,,,
1,30,890,234,2,0,1,90000,0,229,2021,6,20,14,3,12,,,,,1,1,1,14,7,0,23,0,23,2,9,20,70,5,4,1,55,1,3,61,31,0,,,,,,,1,0,30,0,3,0,2,0,2,0,4,2,35.72802277777778,139.55411722222223,1,3,,,,
1,30,890,235,2,0,1,30000,0,229,2021,6,22,20,0,22,,,,,2,1,1,1,1,9,22,0,23,15,9,30,70,4,2,1,65,25,3,61,31,0,,,,,,,3,0,10,0,3,0,2,0,2,0,4,2,35.74650805555556,139.549505,3,3,,,,
1,30,890,238,2,0,1,30000,0,222,2021,6,30,20,50,22,,,,,3,1,2,1,1,9,22,0,23,14,9,30,70,4,2,1,35,25,3,61,31,0,,,,,,,3,0,10,0,3,0,2,0,2,0,4,2,35.745223611111115,139.51414527777777,4,3,,,,
1,30,891,130,2,0,1,10500,0,213,2021,5,14,19,43,22,,,,,1,3,5,1,1,8,21,0,23,11,9,30,70,4,1,1,45,45,3,61,31,0,,,,,,,3,0,40,0,3,0,2,0,2,0,4,2,35.77104166666667,139.47496166666667,6,3,,,,
1,30,891,135,2,0,1,95000,0,221,2021,6,9,14,38,12,,,,,1,1,1,1,7,9,22,0,23,14,8,30,70,4,1,1,35,1,3,61,31,0,,,,,,,2,0,20,0,1,0,2,0,2,0,4,2,35.79331194444444,139.53495416666667,4,3,,,,
1,30,891,138,2,0,1,30000,0,213,2021,6,2,12,48,12,,,,,2,1,1,14,7,0,23,0,23,3,9,1,70,5,3,1,65,35,3,61,31,0,,,,,,,2,0,80,0,3,0,2,0,2,0,4,2,35.7778475,139.49495277777777,4,3,,,,
1,30,891,141,2,0,1,30000,0,213,2021,6,18,20,35,22,,,,,1,1,1,13,7,0,23,0,23,3,3,1,70,4,3,1,65,55,3,61,31,0,,,,,,,2,0,40,0,3,0,2,0,2,0,4,2,35.753965,139.48429249999998,6,3,,,,
1,30,891,144,2,0,1,30000,0,213,2021,6,8,6,55,12,,,,,1,1,1,14,7,0,23,0,23,2,9,1,70,5,3,1,1,35,13,61,31,0,,,,,,,1,0,40,0,4,0,2,0,2,0,4,2,35.77347722222222,139.4822886111111,3,3,,,,
1,30,892,140,2,0,1,20230,0,203,2021,5,19,19,27,21,,,,,2,1,1,1,1,8,22,0,23,14,9,30,70,4,2,1,1,65,51,61,0,0,,,,,,,0,0,10,0,4,0,0,0,0,0,4,2,35.70189055555556,139.5761388888889,4,3,,,,
1,30,892,145,2,0,1,30000,0,203,2021,6,10,9,35,12,,,,,1,1,1,14,7,0,23,0,23,2,9,1,70,5,3,1,75,25,4,61,31,0,,,,,,,2,0,40,0,3,0,2,0,2,0,4,2,35.70647944444445,139.54906583333334,5,3,,,,
1,30,892,146,2,0,1,30000,0,203,2021,5,24,10,30,12,,,,,1,1,1,0,7,0,23,0,23,0,0,20,70,0,2,1,35,55,14,61,31,0,,,,,,,2,0,30,0,3,0,2,0,2,0,4,2,35.718408333333336,139.57222777777778,2,3,,,,
1,30,892,148,2,0,1,30000,0,203,2021,6,10,20,55,22,,,,,1,1,1,14,7,0,23,0,23,3,9,1,70,4,1,1,25,75,13,61,31,0,,,,,,,3,0,20,0,3,0,2,0,2,0,4,2,35.713592777777784,139.52850333333333,5,3,,,,
1,30,892,159,2,0,1,20230,0,203,2021,6,22,19,5,21,,,,,2,1,1,14,7,0,23,0,23,4,9,1,70,4,2,1,45,55,52,61,0,0,,,,,,,0,0,40,0,3,0,0,0,0,0,4,2,35.70305666666667,139.57719111111112,3,3,,,,
1,30,892,163,2,0,1,20230,0,203,2021,6,25,18,0,12,,,,,2,1,1,14,7,0,23,0,23,4,9,1,70,4,1,1,45,35,51,61,0,0,,,,,,,0,0,20,0,4,0,0,0,0,0,4,2,35.701572500000005,139.57533416666666,6,3,,,,
1,30,893,145,2,0,1,20880,0,204,2021,6,14,11,40,12,,,,,2,1,1,14,7,0,23,0,23,3,9,1,70,4,2,1,25,55,1,61,1,0,,,,,,,3,0,40,0,4,0,2,0,2,0,4,2,35.6918325,139.5658427777778,2,3,,,,
1,30,893,150,2,0,1,30000,0,204,2021,6,23,17,5,12,,,,,1,1,1,14,7,0,23,0,23,1,9,1,70,4,2,1,35,65,51,61,0,0,,,,,,,0,0,10,0,3,0,0,0,0,0,4,2,35.685942777777775,139.5638513888889,4,3,,,,
1,30,893,156,2,0,2,30000,0,204,2021,6,28,13,32,12,,,,,1,1,1,14,7,0,23,0,23,3,8,1,70,4,4,1,45,1,3,61,31,0,,,,,,,2,0,20,0,4,0,2,0,2,0,4,2,35.67718166666666,139.57346083333334,2,3,,,,
1,30,893,159,2,0,2,10600,0,204,2021,6,29,17,35,12,,,,,2,1,1,14,7,0,23,0,23,4,8,1,70,1,2,1,1,55,51,61,0,0,,,,,,,0,0,10,0,3,0,0,0,0,0,2,2,35.66587416666667,139.54337833333332,3,3,,,,
1,30,893,161,2,0,1,95000,0,204,2021,6,29,20,5,22,,,,,3,1,2,14,7,0,23,0,23,3,9,1,70,4,2,1,35,45,35,61,31,0,,,,,,,3,0,10,0,3,0,0,0,0,0,4,2,35.688762499999996,139.55496027777778,3,3,,,,
1,30,894,201,1,1,0,200,0,208,2021,6,25,13,37,12,,,,,2,1,1,1,7,1,21,0,23,17,9,30,70,4,2,1,35,35,11,61,31,0,,,,,,,4,0,10,0,3,0,2,0,2,0,4,1,35.657940833333335,139.57030277777778,6,3,,,,
1,30,894,239,2,0,1,99000,0,208,2021,6,24,17,20,12,,,,,1,1,1,0,7,0,23,0,23,0,0,20,70,0,4,1,1,65,51,61,0,0,,,,,,,0,0,10,0,3,0,0,0,0,0,4,2,35.68107694444444,139.52744472222224,5,3,,,,