資料区分,都道府県コード,警察署等コード,本票番号,事故内容,死者数,負傷者数,路線コード,地点コード,市区町村コード,発生日時　　年,発生日時　　月,発生日時　　日,発生日時　　時,発生日時　　分,昼夜,日の出時刻　　時,日の出時刻　　分,日の入り時刻　　時,日の入り時刻　　分,天候,地形,路面状態,道路形状,信号機,一時停止規制　標識（当事者A）,一時停止規制　表示（当事者A）,一時停止規制　標識（当事者B）,一時停止規制　表示（当事者B）,車道幅員,道路線形,衝突地点,ゾーン規制,中央分離帯施設等,歩車道区分,事故類型,年齢（当事者A）,年齢（当事者B）,当事者種別（当事者A）,当事者種別（当事者B）,用途別（当事者A）,用途別（当事者B）,車両形状等（当事者A）,車両形状等（当事者B）,オートマチック車（当事者A）,オートマチック車（当事者B）,サポカー（当事者A）,サポカー（当事者B）,速度規制（指定のみ）（当事者A）,速度規制（指定のみ）（当事者B）,車両の衝突部位（当事者A）,車両の衝突部位（当事者B）,車両の損壊程度（当事者A）,車両の損壊程度（当事者B）,エアバッグの装備（当事者A）,エアバッグの装備（当事者B）,サイドエアバッグの装備（当事者A）,サイドエアバッグの装備（当事者B）,人身損傷程度（当事者A）,人身損傷程度（当事者B）,lat,lon,曜日(発生年月日),祝日(発生年月日),認知機能検査経過日数（当事者A）,認知機能検査経過日数（当事者B）,運転練習の方法（当事者A）,運転練習の方法（当事者B）
1,30,895,102,2,0,1,30000,0,211,2021,5,24,17,0,12,,,,,2,1,1,14,7,0,23,0,23,3,9,1,70,4,1,1,65,1,3,61,31,0,,,,,,,2,0,10,0,3,0,2,0,2,0,4,2,35.727313888888894,139.4775425,2,3,,,,
1,30,895,103,2,0,1,30000,0,211,2021,6,5,10,45,12,,,,,1,1,1,14,7,0,23,0,23,3,9,1,70,5,2,1,65,75,51,61,0,0,,,,,,,0,0,10,0,3,0,0,0,0,0,4,2,35.73608277777778,139.48803333333333,7,3,,,,
1,30,895,108,2,0,1,99000,0,211,2021,6,12,17,23,12,,,,,1,1,1,0,7,0,23,0,23,0,0,20,70,0,4,1,45,75,14,61,1,0,,,,,,,10,0,30,0,3,0,2,0,2,0,4,2,35.71204527777778,139.49042166666666,7,3,,,,
1,30,895,110,2,0,1,30000,0,211,2021,6,16,8,5,12,,,,,2,1,2,14,7,0,23,0,23,2,9,1,70,5,3,1,25,45,3,61,31,0,,,,,,,10,0,40,0,3,0,2,0,2,0,4,2,35.72453388888889,139.45752444444443,4,3,,,,
1,30,895,125,2,0,1,10260,0,211,2021,6,26,7,50,12,,,,,1,1,1,1,7,9,22,0,23,11,9,30,70,4,3,1,1,35,51,61,0,0,,,,,,,0,0,10,0,3,0,0,0,0,0,4,2,35.71266444444445,139.50625055555557,7,3,,,,
1,30,897,3,2,0,1,99000,0,364,2021,6,23,11,0,12,,,,,2,1,1,0,7,0,23,0,23,0,0,20,70,0,4,1,35,65,4,61,31,0,,,,,,,10,0,70,0,3,0,2,0,2,0,4,2,34.202867222222224,139.13637722222222,4,3,,,,
1,30,100,80,2,0,1,30000,0,101,2021,6,24,14,55,12,,,,,1,1,1,14,7,0,23,0,23,2,8,1,70,5,3,1,45,1,3,61,31,0,,,,,,,1,0,50,0,4,0,2,0,2,0,4,2,35.68959583333333,139.73944944444443,5,3,,,,
1,30,100,85,2,0,1,200,53,101,2021,7,23,0,56,22,,,,,1,1,1,1,1,9,22,0,23,17,9,30,70,1,2,1,55,65,51,61,0,0,,,,,,,0,0,10,0,4,0,0,0,0,0,4,2,35.68418833333333,139.73423027777775,6,1,,,,
1,30,100,88,2,0,1,30000,0,101,2021,7,28,15,18,12,,,,,1,1,1,14,7,0,23,0,23,2,9,1,70,5,2,1,35,55,14,61,1,0,,,,,,,2,0,10,0,3,0,2,0,2,0,4,2,35.69847055555555,139.75122472222222,4,3,,,,
1,30,100,89,2,0,1,30000,0,101,2021,7,29,9,25,12,,,,,1,1,1,14,7,0,23,0,23,3,9,1,70,4,2,1,1,75,51,61,0,0,,,,,,,0,0,0,0,4,0,0,0,0,0,4,2,35.68628,139.73125083333335,5,3,,,,
1,30,101,57,2,0,1,20030,0,101,2021,7,1,19,5,21,,,,,3,1,2,1,1,9,22,0,23,19,3,30,70,1,2,1,45,35,3,61,31,0,,,,,,,10,0,10,0,4,0,2,0,2,0,4,2,35.67052694444444,139.75612611111112,5,3,,,,
1,30,101,58,2,0,1,30000,0,101,2021,7,6,23,20,22,,,,,3,1,2,1,1,1,22,0,23,15,9,30,70,1,2,1,65,75,3,61,1,0,,,,,,,10,0,10,0,3,0,2,0,2,0,4,2,35.68617555555555,139.76887250000001,3,3,,,,
1,30,101,66,2,0,1,95000,0,101,2021,7,29,10,50,12,,,,,1,1,1,0,7,0,23,0,23,0,0,20,70,0,4,1,65,25,3,61,31,0,,,,,,,10,0,30,0,4,0,2,0,2,0,4,2,35.67239305555555,139.759205,5,3,,,,
1,30,102,62,2,0,1,30000,0,101,2021,7,20,20,5,22,,,,,1,1,1,14,7,0,23,0,23,3,9,1,70,5,1,1,35,35,3,61,31,0,,,,,,,10,0,10,0,3,0,2,0,2,0,4,2,35.69760083333333,139.76659138888888,3,3,,,,
1,30,104,115,2,0,1,95000,0,102,2021,7,14,16,30,12,,,,,2,1,1,1,7,9,22,0,23,11,9,20,70,5,2,1,1,1,13,61,31,0,,,,,,,10,0,30,0,3,0,2,0,2,0,4,2,35.67693222222222,139.77465833333335,4,3,,,,
1,30,104,118,2,0,1,10030,0,102,2021,7,18,15,58,12,,,,,1,1,1,1,1,9,22,0,23,17,9,30,70,1,2,1,1,55,51,61,0,0,,,,,,,0,0,10,0,3,0,0,0,0,0,4,2,35.687106388888886,139.77684416666668,1,3,,,,
1,30,105,50,2,0,1,10060,0,102,2021,7,11,16,45,12,,,,,3,1,2,7,1,0,23,0,23,6,9,1,70,4,2,1,45,55,3,61,1,0,,,,,,,4,0,20,0,4,0,1,0,2,0,4,2,35.684799722222216,139.78283944444445,1,3,,,,
1,30,105,54,2,0,1,30080,0,102,2021,7,21,14,5,12,,,,,1,1,1,14,7,0,23,0,23,1,9,1,70,4,2,1,65,75,3,61,1,0,,,,,,,3,0,30,0,4,0,2,0,2,0,4,2,35.68520972222222,139.7831813888889,4,2,,,,
1,30,106,104,2,0,1,10020,0,102,2021,7,12,21,14,22,,,,,1,1,1,1,1,9,22,0,23,19,9,30,70,4,2,1,45,25,14,61,1,0,,,,,,,10,0,10,0,2,0,2,0,2,0,4,2,35.67263666666666,139.76298111111112,2,3,,,,
1,30,110,52,2,0,1,20140,0,103,2021,7,3,13,34,12,,,,,2,1,1,14,1,0,23,0,23,6,9,1,70,1,1,1,55,1,3,61,31,0,,,,,,,5,0,10,0,3,0,2,0,2,0,4,2,35.64423194444444,139.7349297222222,7,3,,,,
1,30,110,56,2,0,1,20000,0,103,2021,7,10,23,10,22,,,,,2,1,1,14,7,0,23,0,23,3,9,1,70,4,2,1,35,65,3,61,31,0,,,,,,,2,0,80,0,3,0,2,0,2,0,4,2,35.643862222222225,139.72990027777777,7,3,,,,
1,30,110,58,2,0,1,99000,0,103,2021,7,14,10,35,12,,,,,2,1,1,0,7,0,23,0,23,0,0,20,70,0,2,1,65,25,3,61,1,0,,,,,,,10,0,10,0,3,0,2,0,2,0,4,2,35.628993333333334,139.73781027777775,4,3,,,,
1,30,111,109,2,0,1,30000,0,103,2021,7,1,19,12,21,,,,,3,1,2,14,7,0,23,0,23,2,9,1,70,5,2,1,25,25,3,61,31,0,,,,,,,10,0,10,0,3,0,2,0,2,0,4,2,35.662083055555556,139.73392583333333,5,3,,,,
1,30,111,121,2,0,1,95000,0,103,2021,7,19,14,55,12,,,,,1,1,1,1,1,9,22,0,23,15,9,30,70,1,1,1,1,25,36,61,31,0,,,,,,,10,0,20,0,4,0,0,0,0,0,4,2,35.652479444444445,139.73672472222222,2,3,,,,
1,30,112,81,2,0,1,2460,25,103,2021,7,1,1,45,22,,,,,3,1,2,1,1,9,22,0,23,17,9,30,70,1,1,1,75,1,3,61,1,0,,,,,,,5,0,20,0,3,0,2,0,2,0,4,2,35.67131694444444,139.71979444444446,5,3,,,,
1,30,112,84,2,0,1,30000,0,103,2021,7,7,10,25,12,,,,,2,1,1,14,7,0,23,0,23,2,9,1,70,5,3,1,25,55,3,61,31,0,,,,,,,10,0,10,0,4,0,2,0,2,0,4,2,35.670519444444444,139.74103805555555,4,3,,,,
1,30,112,86,2,0,1,2460,21,103,2021,7,6,20,25,22,,,,,2,1,1,1,1,9,22,0,23,19,9,30,70,1,2,1,35,35,3,61,31,0,,,,,,,5,0,10,0,3,0,2,0,2,0,4,2,35.67266055555555,139.72384944444445,3,3,,,,
1,30,112,90,2,0,1,30000,0,103,2021,7,16,8,50,12,,,,,1,1,1,14,7,0,23,0,23,2,9,1,70,5,3,1,65,25,3,61,1,0,,,,,,,5,0,10,0,4,0,2,0,2,0,4,2,35.664543055555555,139.71490083333333,6,3,,,,
1,30,112,98,2,0,1,30000,0,103,2021,7,31,5,5,11,,,,,1,1,1,14,7,0,23,0,23,2,7,1,70,5,4,1,45,35,12,61,31,0,,,,,,,10,0,30,0,4,0,2,0,2,0,4,2,35.671055555555554,139.73670555555555,7,3,,,,
1,30,112,100,2,0,1,20000,0,103,2021,7,22,10,17,12,,,,,1,1,1,1,1,9,22,0,23,15,3,30,70,4,2,1,35,35,3,61,31,0,,,,,,,3,0,10,0,4,0,2,0,2,0,4,2,35.66385388888889,139.7145522222222,5,1,,,,
1,30,113,156,2,0,1,85000,0,108,2021,7,1,9,25,12,,,,,3,1,2,14,7,0,23,0,23,3,9,1,70,3,2,1,25,55,3,61,31,0,,,,,,,5,0,70,0,4,0,2,0,2,0,4,2,35.6258975,139.8332663888889,5,3,,,,
1,30,113,158,2,0,1,85010,0,108,2021,7,2,19,53,21,,,,,3,1,2,1,7,1,21,0,23,18,9,30,70,4,2,1,55,65,13,61,31,0,,,,,,,3,0,10,0,3,0,2,0,2,0,4,2,35.63292583333333,139.79432083333333,6,3,,,,
1,30,215,66,2,0,1,30000,0,109,2021,7,28,10,47,12,,,,,1,1,1,1,7,1,22,0,23,11,9,30,70,5,3,1,55,45,3,61,31,0,,,,,,,2,0,10,0,3,0,2,0,2,0,4,2,35.61137388888889,139.72657777777778,4,3,,,,
1,30,216,78,2,0,1,30000,0,109,2021,7,7,9,20,12,,,,,2,1,2,14,7,0,23,0,23,2,9,1,70,5,1,1,25,55,51,61,0,0,,,,,,,0,0,30,0,3,0,0,0,0,0,4,2,35.60755138888889,139.73309,4,3,,,,
1,30,216,81,2,0,1,30000,0,109,2021,7,13,17,28,12,,,,,2,1,1,1,1,9,22,0,23,19,9,30,70,4,1,1,45,75,51,61,0,0,,,,,,,0,0,10,0,4,0,0,0,0,0,4,2,35.606566944444445,139.7345361111111,3,3,,,,
1,30,216,82,2,0,1,30000,0,109,2021,7,14,15,32,12,,,,,1,1,1,7,7,0,23,0,23,2,9,1,70,4,2,1,25,55,51,61,0,0,,,,,,,0,0,10,0,3,0,0,0,0,0,4,2,35.60798944444445,139.7372186111111,4,3,,,,
1,30,217,70,2,0,1,30000,0,109,2021,7,5,21,30,22,,,,,2,1,1,1,7,9,22,0,23,11,9,30,70,5,3,1,35,1,3,61,31,0,,,,,,,2,0,70,0,4,0,2,0,2,0,4,2,35.626648055555556,139.72584194444445,2,3,,,,
1,30,217,81,2,0,1,30000,0,109,2021,7,21,8,0,12,,,,,1,1,1,14,7,0,23,0,23,3,9,1,70,5,2,1,45,25,3,61,31,0,,,,,,,10,0,60,0,4,0,2,0,2,0,4,2,35.62718,139.72502,4,2,,,,
1,30,217,83,2,0,1,30000,0,109,2021,7,20,14,55,12,,,,,1,1,1,14,7,0,23,0,23,3,9,1,70,5,3,1,55,55,13,61,31,0,,,,,,,1,0,40,0,3,0,2,0,2,0,4,2,35.62377611111111,139.72350194444445,3,3,,,,
1,30,217,88,2,0,1,10,109,109,2021,7,30,21,5,22,,,,,2,1,1,1,1,9,22,0,23,19,9,30,70,1,1,1,25,35,33,61,31,0,,,,,,,10,0,10,0,3,0,0,0,0,0,4,2,35.61938222222222,139.71879083333334,6,3,,,,
1,30,218,163,2,0,1,30000,0,109,2021,7,1,9,20,12,,,,,3,1,2,14,7,0,23,0,23,1,9,1,70,5,4,1,25,1,4,61,31,0,,,,,,,5,0,30,0,4,0,2,0,2,0,4,2,35.60569527777778,139.71425,5,3,,,,
1,30,218,164,2,0,1,30000,0,109,2021,7,8,17,30,12,,,,,3,1,2,1,7,1,21,0,23,11,9,30,1,5,3,1,65,55,3,61,31,0,,,,,,,2,0,10,0,4,0,2,0,2,0,4,2,35.61203638888889,139.71025972222222,5,3,,,,
1,30,218,168,2,0,1,20190,0,109,2021,7,11,11,30,12,,,,,1,1,1,7,7,0,23,0,23,5,9,1,70,5,2,1,1,0,61,0,0,0,,,,,,,0,0,0,0,0,0,0,0,0,0,2,0,35.61565138888889,139.70849305555555,1,3,,,,
1,30,218,170,2,0,1,10,126,109,2021,7,17,7,53,12,,,,,1,1,1,14,1,0,23,0,23,5,9,1,70,1,2,1,35,55,3,61,31,0,,,,,,,10,0,40,0,3,0,2,0,2,0,4,2,35.60466,139.71359527777776,7,3,,,,
1,30,218,173,2,0,1,20190,0,109,2021,7,20,8,20,12,,,,,1,1,1,1,1,9,22,0,23,11,9,30,70,4,3,1,45,35,51,61,0,0,,,,,,,0,0,10,0,4,0,0,0,0,0,4,2,35.610501944444444,139.71882472222222,3,3,,,,
1,30,218,175,2,0,1,30000,0,109,2021,7,21,16,50,12,,,,,1,1,1,1,7,9,22,0,23,14,9,30,70,5,3,1,75,1,13,61,31,0,,,,,,,2,0,10,0,3,0,2,0,2,0,4,2,35.60818888888889,139.7103038888889,4,2,,,,
1,30,218,180,2,0,1,30000,0,109,2021,7,10,10,30,12,,,,,1,1,1,14,7,0,23,0,23,1,9,1,70,5,3,1,35,65,51,61,0,0,,,,,,,0,0,10,0,4,0,0,0,0,0,4,2,35.60606972222222,139.71507388888887,7,3,,,,
1,30,218,182,2,0,1,30000,0,109,2021,7,25,9,40,12,,,,,1,1,1,1,7,9,22,0,23,11,9,30,70,5,3,1,45,65,3,61,31,0,,,,,,,10,0,40,0,4,0,2,0,2,0,4,2,35.612163333333335,139.69664500000002,1,3,,,,
1,30,218,185,2,0,1,30000,0,109,2021,7,29,14,46,12,,,,,1,1,1,14,7,0,23,0,23,5,9,1,70,5,3,1,35,1,14,61,1,0,,,,,,,10,0,10,0,3,0,2,0,2,0,4,2,35.61734305555556,139.70671222222222,5,3,,,,
1,30,218,189,2,0,1,30130,0,109,2021,7,16,18,2,13,,,,,1,1,1,14,7,0,23,0,23,3,9,1,70,5,3,1,35,45,14,61,1,0,,,,,,,2,0,20,0,4,0,2,0,2,0,4,2,35.603726944444446,139.70629416666665,6,3,,,,
1,30,218,190,2,0,1,30000,0,109,2021,3,22,11,10,12,,,,,1,1,1,14,7,0,23,0,23,3,9,1,70,5,3,1,35,55,3,61,31,0,,,,,,,2,0,40,0,3,0,2,0,2,0,4,2,35.615825,139.71393055555555,2,3,,,,
1,30,219,231,2,0,1,20180,0,111,2021,4,16,23,50,22,,,,,2,1,1,14,1,0,23,0,23,4,8,1,70,4,2,1,65,65,3,61,1,0,,,,,,,3,0,50,0,3,0,2,0,2,0,4,2,35.58819277777778,139.72726722222222,6,3,,,,
1,30,219,234,2,0,1,30000,0,111,2021,6,4,7,0,12,,,,,3,1,2,1,7,9,22,0,23,14,9,30,70,4,2,1,45,45,13,61,31,0,,,,,,,3,0,40,0,3,0,2,0,2,0,4,2,35.58866527777778,139.72942694444444,6,3,,,,
1,30,219,239,2,0,1,30000,0,111,2021,7,8,21,25,22,,,,,3,1,2,14,7,0,23,0,23,1,9,1,70,5,3,1,25,35,5,61,31,0,,,,,,,1,0,10,0,3,0,2,0,2,0,4,2,35.57949,139.73003055555554,5,3,,,,
1,30,219,241,2,0,1,20180,0,111,2021,7,9,7,47,12,,,,,3,1,2,1,7,9,22,0,23,14,3,30,70,5,2,1,45,1,3,61,31,0,,,,,,,3,0,20,0,3,0,2,0,2,0,4,2,35.579884722222225,139.72059972222223,6,3,,,,
1,30,219,244,2,0,1,30700,0,111,2021,7,9,18,10,13,,,,,3,1,2,1,1,9,22,0,23,15,9,30,70,4,2,1,55,1,3,61,1,0,,,,,,,3,0,10,0,3,0,2,0,2,0,4,2,35.583775833333334,139.73032166666667,6,3,,,,
1,30,219,265,2,0,1,21140,0,111,2021,7,22,19,30,21,,,,,1,1,1,7,1,0,23,0,23,3,9,1,70,4,2,1,35,1,51,61,0,0,,,,,,,0,0,10,0,3,0,0,0,0,0,2,4,35.57328305555556,139.72488916666666,5,1,,,,
1,30,220,128,2,0,1,99000,0,111,2021,7,7,14,15,12,,,,,2,1,1,0,7,0,23,0,23,0,0,20,70,0,4,1,75,75,14,61,31,0,,,,,,,10,0,10,0,3,0,1,0,1,0,4,2,35.586217500000004,139.69729472222224,4,3,,,,
1,30,220,132,2,0,1,10200,0,111,2021,7,12,12,18,12,,,,,1,1,1,1,7,1,21,0,23,15,9,30,70,1,2,1,55,75,13,61,31,0,,,,,,,10,0,10,0,3,0,2,0,2,0,4,2,35.58826388888889,139.67818138888887,2,3,,,,
1,30,220,133,2,0,1,10200,0,111,2021,7,12,14,23,12,,,,,2,1,1,1,1,9,22,0,23,18,9,30,70,1,2,1,55,65,3,61,31,0,,,,,,,10,0,0,0,4,0,2,0,2,0,4,2,35.58565388888889,139.67987916666667,2,3,,,,
1,30,220,143,2,0,1,30000,0,111,2021,7,24,7,25,12,,,,,1,1,1,7,7,0,23,0,23,2,9,1,70,5,3,1,25,75,14,61,31,0,,,,,,,2,0,10,0,4,0,2,0,2,0,4,2,35.591056944444446,139.67129305555554,7,3,,,,
1,30,220,155,2,0,1,30000,0,111,2021,7,21,15,22,12,,,,,1,1,1,1,7,9,22,0,23,11,8,30,70,4,1,1,1,1,36,61,31,0,,,,,,,2,0,10,0,3,0,0,0,0,0,4,2,35.6072425,139.6859425,4,2,,,,
1,30,221,212,2,0,1,30000,0,111,2021,7,13,11,16,12,,,,,3,1,2,14,7,0,23,0,23,2,9,1,70,5,3,1,55,1,3,61,31,0,,,,,,,2,0,30,0,4,0,2,0,2,0,4,2,35.56569555555555,139.71851444444445,3,3,,,,
1,30,221,214,2,0,1,30000,0,111,2021,7,8,7,25,12,,,,,2,1,1,14,7,0,23,0,23,4,9,1,70,4,1,1,45,1,3,61,31,0,,,,,,,2,0,10,0,3,0,2,0,2,0,4,2,35.549766388888884,139.73012472222223,5,3,,,,
1,30,221,216,2,0,1,99000,0,111,2021,7,17,11,15,12,,,,,1,1,1,0,7,0,23,0,23,0,0,20,70,0,2,1,45,1,3,61,31,0,,,,,,,10,0,40,0,3,0,2,0,2,0,4,2,35.54509472222222,139.72288083333333,7,3,,,,
1,30,221,222,2,0,1,95000,0,111,2021,7,20,11,0,12,,,,,1,1,1,14,7,0,23,0,23,2,9,1,70,5,3,1,55,35,4,61,31,0,,,,,,,10,0,30,0,4,0,2,0,2,0,4,2,35.56078861111111,139.72279416666666,3,3,,,,
1,30,221,240,2,0,1,30000,0,111,2021,7,24,17,0,12,,,,,1,1,1,14,7,0,23,0,23,1,9,1,70,5,4,1,45,55,3,61,31,0,,,,,,,10,0,40,0,4,0,2,0,2,0,4,2,35.551513611111105,139.70714638888887,7,3,,,,
1,30,222,124,2,0,2,10,151,111,2021,7,12,9,45,12,,,,,1,1,1,1,1,9,22,0,23,17,8,30,70,5,2,1,65,55,3,61,31,0,,,,,,,5,0,10,0,3,0,2,0,2,0,4,2,35.58406472222222,139.70385444444443,2,3,,,,
1,30,222,127,2,0,1,20180,0,111,2021,7,19,12,33,12,,,,,1,1,1,1,1,9,22,0,23,15,9,30,70,5,2,1,75,55,51,61,0,0,,,,,,,0,0,10,0,3,0,0,0,0,0,4,2,35.57672055555556,139.71441277777777,2,3,,,,
1,30,325,146,2,0,1,30000,0,112,2021,7,11,14,15,12,,,,,1,1,1,1,1,9,22,0,23,14,9,30,70,4,2,1,45,1,3,61,31,0,,,,,,,3,0,10,0,3,0,2,0,2,0,4,2,35.63612666666667,139.6481636111111,1,3,,,,
1,30,325,148,2,0,1,10210,0,112,2021,7,11,18,15,13,,,,,2,1,2,14,7,0,23,0,23,4,9,1,70,4,1,1,1,55,51,61,0,0,,,,,,,0,0,40,0,3,0,0,0,0,0,4,2,35.6408575,139.64227555555556,1,3,,,,
1,30,325,152,2,0,1,30000,0,112,2021,7,18,8,43,12,,,,,1,1,1,1,7,9,22,0,23,11,9,30,70,4,2,1,45,35,35,61,31,0,,,,,,,3,0,10,0,3,0,0,0,0,0,4,2,35.64375444444445,139.65039916666666,1,3,,,,
1,30,326,196,2,0,1,30000,0,112,2021,7,1,15,10,12,,,,,2,1,1,14,7,0,23,0,23,3,9,1,70,5,3,1,75,25,3,61,31,0,,,,,,,3,0,10,0,3,0,2,0,2,0,4,2,35.66184972222222,139.6659077777778,5,3,,,,
1,30,326,197,2,0,1,10130,0,112,2021,7,2,20,40,22,,,,,3,1,2,1,8,9,22,0,23,19,9,30,70,1,2,1,45,45,51,61,0,0,,,,,,,0,0,0,0,4,0,0,0,0,0,4,2,35.669219999999996,139.66132166666668,6,3,,,,
1,30,326,207,2,0,2,30000,0,112,2021,7,14,7,15,12,,,,,2,1,1,1,1,9,22,0,23,15,9,30,70,5,2,1,55,1,36,61,31,0,,,,,,,2,0,10,0,3,0,0,0,0,0,2,2,35.651736666666665,139.63695944444444,4,3,,,,
1,30,326,230,2,0,1,30000,0,112,2021,7,15,10,50,12,,,,,2,1,1,14,7,0,23,0,23,2,9,1,70,5,3,1,35,25,17,61,1,0,,,,,,,2,0,40,0,4,0,2,0,2,0,4,2,35.6462275,139.62492111111112,5,3,,,,
1,30,326,232,2,0,1,30000,0,112,2021,7,29,9,20,12,,,,,1,1,1,1,7,9,22,0,23,14,9,30,70,5,3,1,65,35,14,61,31,0,,,,,,,10,0,20,0,4,0,2,0,2,0,4,2,35.65877694444444,139.6603288888889,5,3,,,,
1,30,327,226,2,0,1,30000,0,112,2021,6,13,16,24,12,,,,,2,1,1,1,7,9,22,0,23,11,9,30,70,5,3,1,35,1,51,61,0,0,,,,,,,0,0,10,0,4,0,0,0,0,0,4,2,35.61967722222222,139.63241805555558,1,3,,,,
1,30,327,228,2,0,1,30000,0,112,2021,7,1,11,20,12,,,,,3,1,2,1,7,1,21,0,23,17,9,30,70,1,2,1,45,25,3,61,31,0,,,,,,,10,0,10,0,3,0,2,0,2,0,4,2,35.61978444444445,139.6336225,5,3,,,,
1,30,327,235,2,0,1,30000,0,112,2021,7,8,13,20,12,,,,,3,1,2,14,7,0,23,0,23,1,9,1,70,5,3,1,65,1,3,61,31,0,,,,,,,2,0,40,0,4,0,2,0,2,0,4,2,35.623335,139.62728833333335,5,3,,,,
1,30,327,242,2,0,1,30000,0,112,2021,7,15,20,40,22,,,,,1,1,1,14,7,0,23,0,23,3,9,1,70,5,3,1,45,35,4,61,31,0,,,,,,,10,0,10,0,4,0,2,0,2,0,4,2,35.62272194444444,139.6293325,5,3,,,,
1,30,327,243,2,0,1,10200,0,112,2021,7,15,23,38,22,,,,,1,1,1,1,7,1,21,0,23,17,9,30,70,5,3,1,45,55,3,61,1,0,,,,,,,5,0,10,0,4,0,2,0,2,0,4,2,35.620915555555555,139.63175972222223,5,3,,,,
1,30,327,258,2,0,1,30000,0,112,2021,7,28,20,38,22,,,,,1,1,1,14,7,0,23,0,23,2,9,1,70,5,3,1,1,65,51,61,0,0,,,,,,,0,0,10,0,3,0,0,0,0,0,4,2,35.602555555555554,139.67178166666665,4,3,,,,
1,30,328,212,2,0,1,30000,0,112,2021,5,15,10,3,12,,,,,1,1,1,1,1,9,22,0,23,15,9,30,70,5,3,1,1,65,3,61,31,0,,,,,,,3,0,20,0,3,0,2,0,2,0,4,2,35.65253638888889,139.61261416666667,7,3,,,,
1,30,328,217,2,0,1,10200,0,112,2021,7,4,21,45,22,,,,,3,1,2,1,8,9,22,0,23,18,9,30,70,1,1,1,45,35,3,61,31,0,,,,,,,5,0,12,0,3,0,2,0,2,0,4,2,35.649168055555556,139.6170461111111,1,3,,,,
1,30,328,233,2,0,1,30000,0,112,2021,7,24,9,20,12,,,,,1,1,1,1,7,1,22,0,23,14,9,30,70,4,1,1,55,65,17,61,1,0,,,,,,,2,0,20,0,4,0,2,0,2,0,4,2,35.64087,139.5989175,7,3,,,,
1,30,328,241,2,0,1,30000,0,112,2021,7,29,12,45,12,,,,,1,1,1,14,7,0,23,0,23,3,9,1,70,5,2,1,1,75,51,61,0,0,,,,,,,0,0,10,0,3,0,0,0,0,0,4,2,35.66849694444444,139.60113305555555,5,3,,,,
1,30,329,105,2,0,1,30000,0,110,2021,7,1,0,45,22,,,,,3,1,2,7,1,0,23,0,23,4,9,1,70,4,2,1,65,35,3,61,1,0,,,,,,,10,0,10,0,3,0,2,0,2,0,4,2,35.63744583333333,139.70525194444443,5,3,,,,
1,30,329,120,2,0,1,10160,0,110,2021,7,21,17,10,12,,,,,1,1,1,1,1,9,22,0,23,14,9,30,70,4,1,1,75,25,3,61,31,0,,,,,,,2,0,20,0,4,0,2,0,2,0,4,2,35.648874722222224,139.69206305555556,4,2,,,,
1,30,329,123,2,0,1,30000,0,110,2021,7,26,17,30,12,,,,,2,1,1,1,7,9,22,0,23,15,9,30,70,5,3,1,55,65,3,61,1,0,,,,,,,5,0,10,0,3,0,2,0,2,0,4,2,35.64918194444444,139.69400833333333,2,3,,,,
1,30,330,121,2,0,1,30000,0,110,2021,7,12,11,25,12,,,,,1,1,1,14,7,0,23,0,23,1,9,1,70,5,4,1,65,55,3,61,31,0,,,,,,,2,0,40,0,3,0,2,0,2,0,4,2,35.60849777777778,139.672245,2,3,,,,
1,30,330,124,2,0,1,30000,0,110,2021,7,17,11,20,12,,,,,1,1,1,14,7,0,23,0,23,1,9,1,70,5,3,1,65,65,3,61,31,0,,,,,,,1,0,40,0,4,0,2,0,2,0,4,2,35.626398888888886,139.68319444444444,7,3,,,,
1,30,330,126,2,0,1,30000,0,110,2021,7,19,18,50,13,,,,,1,1,1,14,7,0,23,0,23,1,9,1,70,4,3,1,45,35,3,61,31,0,,,,,,,2,0,40,0,4,0,2,0,2,0,4,2,35.61446055555556,139.67739972222222,2,3,,,,
1,30,331,130,2,0,1,30000,0,113,2021,6,17,22,39,22,,,,,1,1,1,1,1,9,22,0,23,18,9,30,70,5,2,1,65,25,3,61,1,0,,,,,,,5,0,10,0,3,0,2,0,2,0,4,2,35.66093138888889,139.7008511111111,5,3,,,,
1,30,331,136,2,0,1,30000,0,113,2021,7,12,18,5,13,,,,,2,1,1,1,7,1,21,0,23,11,9,30,70,4,3,1,55,75,13,61,31,0,,,,,,,2,0,10,0,4,0,2,0,2,0,4,2,35.65373527777778,139.69544055555556,2,3,,,,
1,30,331,138,2,0,1,30000,0,113,2021,7,14,11,25,12,,,,,2,1,1,14,7,0,23,0,23,1,9,1,70,5,2,1,35,75,59,61,0,0,,,,,,,0,0,10,0,4,0,0,0,0,0,4,2,35.65682416666667,139.70131166666667,4,3,,,,
1,30,331,140,2,0,1,30000,0,113,2021,7,17,4,0,23,,,,,1,1,1,1,7,9,22,0,23,15,9,30,70,5,2,1,75,25,3,61,1,0,,,,,,,5,0,10,0,3,0,2,0,2,0,4,2,35.657106388888884,139.69651333333334,7,3,,,,
1,30,331,142,2,0,1,30000,0,113,2021,7,17,13,5,12,,,,,1,1,1,14,7,0,23,0,23,3,9,1,70,5,3,1,25,25,51,61,0,0,,,,,,,0,0,10,0,3,0,0,0,0,0,4,2,35.650505555555554,139.72162277777778,7,3,,,,