資料区分,都道府県コード,警察署等コード,本票番号,事故内容,死者数,負傷者数,路線コード,地点コード,市区町村コード,発生日時　　年,発生日時　　月,発生日時　　日,発生日時　　時,発生日時　　分,昼夜,日の出時刻　　時,日の出時刻　　分,日の入り時刻　　時,日の入り時刻　　分,天候,地形,路面状態,道路形状,信号機,一時停止規制　標識（当事者A）,一時停止規制　表示（当事者A）,一時停止規制　標識（当事者B）,一時停止規制　表示（当事者B）,車道幅員,道路線形,衝突地点,ゾーン規制,中央分離帯施設等,歩車道区分,事故類型,年齢（当事者A）,年齢（当事者B）,当事者種別（当事者A）,当事者種別（当事者B）,用途別（当事者A）,用途別（当事者B）,車両形状等（当事者A）,車両形状等（当事者B）,オートマチック車（当事者A）,オートマチック車（当事者B）,サポカー（当事者A）,サポカー（当事者B）,速度規制（指定のみ）（当事者A）,速度規制（指定のみ）（当事者B）,車両の衝突部位（当事者A）,車両の衝突部位（当事者B）,車両の損壊程度（当事者A）,車両の損壊程度（当事者B）,エアバッグの装備（当事者A）,エアバッグの装備（当事者B）,サイドエアバッグの装備（当事者A）,サイドエアバッグの装備（当事者B）,人身損傷程度（当事者A）,人身損傷程度（当事者B）,lat,lon,曜日(発生年月日),祝日(発生年月日),認知機能検査経過日数（当事者A）,認知機能検査経過日数（当事者B）,運転練習の方法（当事者A）,運転練習の方法（当事者B）
1,30,331,145,2,0,1,10090,0,113,2021,7,18,20,15,22,,,,,1,1,1,1,1,9,22,0,23,14,9,30,70,1,2,1,75,25,4,61,31,0,,,,,,,4,0,20,0,3,0,2,0,2,0,4,2,35.65128611111111,139.70889194444445,1,3,,,,
1,30,331,147,2,0,1,30000,0,113,2021,7,23,16,0,12,,,,,1,1,1,7,7,0,23,0,23,2,9,1,70,5,2,1,65,65,3,61,1,0,,,,,,,5,0,10,0,3,0,2,0,2,0,4,2,35.66459416666667,139.70133555555554,6,1,,,,
1,30,332,68,2,0,1,10090,0,113,2021,6,17,16,17,12,,,,,1,1,1,1,7,1,22,0,23,14,9,30,70,5,2,1,1,25,51,61,0,0,,,,,,,0,0,40,0,4,0,0,0,0,0,4,2,35.66919583333333,139.70580916666665,5,3,,,,
1,30,332,69,2,0,1,95000,0,113,2021,7,2,18,45,13,,,,,3,1,2,0,7,0,23,0,23,0,0,20,70,0,4,1,25,25,3,61,31,0,,,,,,,2,0,30,0,3,0,2,0,2,0,4,2,35.66742694444444,139.71058083333332,6,3,,,,
1,30,332,71,2,0,1,10090,0,113,2021,7,3,11,25,12,,,,,2,1,2,1,1,9,22,0,23,15,9,30,70,1,1,1,1,65,51,61,0,0,,,,,,,0,0,10,0,3,0,0,0,0,0,4,2,35.67825305555555,139.7056783333333,7,3,,,,
1,30,332,75,2,0,1,30000,0,113,2021,7,17,16,35,12,,,,,1,1,1,14,7,0,23,0,23,1,9,1,70,5,1,1,25,35,3,61,31,0,,,,,,,10,0,20,0,4,0,2,0,2,0,4,2,35.66703888888889,139.70637055555554,7,3,,,,
1,30,332,76,2,0,1,10090,0,113,2021,7,10,12,20,12,,,,,1,1,1,1,1,9,22,0,23,19,9,30,70,1,2,1,55,45,51,61,0,0,,,,,,,0,0,10,0,4,0,0,0,0,0,4,2,35.68449833333333,139.7039736111111,7,3,,,,
1,30,333,91,2,0,1,30000,0,113,2021,7,12,17,5,12,,,,,1,1,1,14,7,0,23,0,23,4,9,1,70,5,1,1,55,1,3,61,1,0,,,,,,,2,0,30,0,3,0,2,0,2,0,4,2,35.68299888888889,139.68453944444445,2,3,,,,
1,30,435,63,2,0,1,30000,0,104,2021,7,10,13,10,12,,,,,1,1,1,1,7,1,22,0,23,17,9,30,70,1,1,1,25,55,3,61,31,0,,,,,,,1,0,30,0,3,0,2,0,2,0,4,2,35.69594,139.7157597222222,7,3,,,,
1,30,435,64,2,0,1,30000,0,104,2021,7,10,16,55,12,,,,,1,1,1,1,7,9,22,0,23,15,9,30,70,4,1,1,65,1,13,61,31,0,,,,,,,2,0,10,0,3,0,2,0,2,0,4,2,35.69271444444444,139.71425083333332,7,3,,,,
1,30,435,67,2,0,1,10120,0,104,2021,7,14,16,40,12,,,,,2,1,1,1,1,9,22,0,23,19,9,30,70,1,1,1,25,75,51,61,0,0,,,,,,,0,0,10,0,3,0,0,0,0,0,4,2,35.695167777777776,139.72473166666666,4,3,,,,
1,30,435,68,2,0,1,30000,0,104,2021,7,17,14,35,12,,,,,1,1,1,1,1,9,22,0,23,15,9,30,70,1,2,1,45,45,4,61,31,0,,,,,,,2,0,10,0,3,0,2,0,2,0,4,2,35.692592499999996,139.71443027777778,7,3,,,,
1,30,435,71,2,0,1,30000,0,104,2021,7,24,17,40,12,,,,,1,1,1,14,7,0,23,0,23,3,9,1,70,5,3,1,45,45,3,61,31,0,,,,,,,1,0,40,0,3,0,2,0,2,0,4,2,35.69394555555555,139.72164722222223,7,3,,,,
1,30,436,143,2,0,1,20320,0,104,2021,7,2,13,0,12,,,,,3,1,2,14,7,0,23,0,23,5,9,1,70,4,2,1,45,25,3,61,31,0,,,,,,,4,0,40,0,4,0,2,0,2,0,4,2,35.692607499999994,139.6869411111111,6,3,,,,
1,30,436,144,2,0,1,30000,0,104,2021,6,28,22,48,22,,,,,3,1,2,14,7,0,23,0,23,3,9,1,70,5,2,1,65,25,3,61,1,0,,,,,,,1,0,40,0,4,0,2,0,2,0,4,2,35.69631194444444,139.70180249999999,2,3,,,,
1,30,436,146,2,0,1,30000,0,104,2021,6,9,18,45,13,,,,,1,1,1,14,7,0,23,0,23,3,8,1,70,4,3,1,75,35,3,61,31,0,,,,,,,2,0,40,0,3,0,2,0,2,0,4,2,35.69336722222222,139.70949166666665,4,3,,,,
1,30,436,149,2,0,2,30000,0,104,2021,7,14,16,15,12,,,,,2,1,1,14,7,0,23,0,23,3,9,1,70,5,3,1,35,65,3,61,31,0,,,,,,,2,0,43,0,4,0,2,0,2,0,4,2,35.69579888888889,139.69615722222224,4,3,,,,
1,30,436,150,2,0,1,30000,0,104,2021,6,24,2,3,22,,,,,2,1,1,1,7,9,22,0,23,14,9,30,70,5,3,1,25,25,17,61,31,0,,,,,,,2,0,40,0,3,0,2,0,2,0,4,2,35.69623111111111,139.70237,5,3,,,,
1,30,436,153,2,0,1,20290,0,104,2021,7,23,21,15,22,,,,,1,1,1,14,7,0,23,0,23,4,9,1,70,4,2,1,65,55,12,61,31,0,,,,,,,3,0,10,0,3,0,2,0,2,0,4,2,35.701529722222226,139.69998166666667,6,1,,,,
1,30,436,155,2,0,1,30000,0,104,2021,6,27,18,30,13,,,,,1,1,1,1,7,1,21,0,23,14,9,30,70,4,2,1,45,1,3,61,31,0,,,,,,,3,0,10,0,4,0,2,0,2,0,4,2,35.69667444444444,139.70461805555556,1,3,,,,
1,30,436,156,2,0,2,20290,0,104,2021,3,29,9,55,12,,,,,1,1,1,14,7,0,23,0,23,4,9,1,70,4,2,1,45,35,51,61,0,0,,,,,,,0,0,10,0,3,0,0,0,0,0,2,2,35.701075,139.70543555555554,2,3,,,,
1,30,437,101,1,1,0,10010,0,104,2021,7,22,10,48,12,,,,,1,1,1,1,7,9,22,0,23,15,9,30,70,4,2,1,65,75,34,61,31,0,,,,,,,3,0,10,0,2,0,0,0,0,0,4,1,35.722657777777776,139.70334305555554,5,1,,,,
1,30,437,104,2,0,1,10220,0,104,2021,7,3,10,18,12,,,,,1,1,2,1,1,9,22,0,23,15,9,30,70,4,2,1,55,1,17,61,31,0,,,,,,,3,0,10,0,3,0,2,0,2,0,4,2,35.71102555555556,139.69174111111113,7,3,,,,
1,30,437,105,2,0,1,10090,0,104,2021,7,5,16,50,12,,,,,1,1,1,1,8,9,22,0,23,19,9,30,70,5,2,1,55,65,3,61,31,0,,,,,,,5,0,10,0,3,0,2,0,2,0,4,2,35.70839138888889,139.70899083333333,2,3,,,,
1,30,437,107,2,0,1,10220,0,104,2021,7,6,21,0,22,,,,,3,1,2,1,1,9,22,0,23,11,9,30,70,4,2,1,45,55,3,61,1,0,,,,,,,3,0,10,0,4,0,2,0,2,0,4,2,35.713100555555556,139.7048947222222,3,3,,,,
1,30,437,111,2,0,1,30000,0,104,2021,7,15,11,28,12,,,,,2,1,1,14,7,0,23,0,23,4,8,1,70,4,1,1,1,75,51,61,0,0,,,,,,,0,0,0,0,4,0,0,0,0,0,4,2,35.70796888888889,139.69457472222223,5,3,,,,
1,30,437,115,2,0,1,30000,0,104,2021,6,16,19,3,21,,,,,2,1,1,14,7,0,23,0,23,3,9,1,70,4,1,1,1,35,51,61,0,0,,,,,,,0,0,20,0,4,0,0,0,0,0,4,2,35.71461,139.69287277777778,4,3,,,,
1,30,437,116,2,0,1,10220,0,104,2021,7,21,7,53,12,,,,,1,1,1,1,1,9,22,0,23,17,9,30,70,5,1,1,55,35,13,61,31,0,,,,,,,3,0,20,0,4,0,2,0,2,0,4,2,35.709741666666666,139.69394027777778,4,2,,,,
1,30,437,122,2,0,1,10220,0,104,2021,7,9,9,26,12,,,,,3,1,2,14,7,0,23,0,23,4,9,1,70,4,2,1,45,45,52,61,0,0,,,,,,,0,0,40,0,3,0,0,0,0,0,4,2,35.71256,139.7066663888889,6,3,,,,
1,30,438,77,2,0,1,200,67,104,2021,7,11,15,49,12,,,,,2,1,1,14,7,0,23,0,23,6,9,1,70,1,1,1,35,75,3,61,31,0,,,,,,,10,0,60,0,4,0,2,0,2,0,4,2,35.68776916666666,139.71945416666668,1,3,,,,
1,30,438,82,2,0,1,10000,0,104,2021,7,8,8,10,12,,,,,2,1,1,1,1,9,22,0,23,17,9,30,70,1,2,1,35,45,51,61,0,0,,,,,,,0,0,10,0,3,0,0,0,0,0,4,2,35.68657694444444,139.72770972222222,5,3,,,,
1,30,438,87,2,0,1,20000,0,104,2021,7,19,17,8,12,,,,,1,1,1,1,1,1,22,0,23,18,9,30,70,4,1,1,45,65,3,61,31,0,,,,,,,10,0,80,0,4,0,2,0,2,0,4,2,35.69239333333333,139.7251513888889,2,3,,,,
1,30,439,163,2,0,1,10160,0,114,2021,7,6,15,30,12,,,,,2,1,1,14,7,0,23,0,23,3,9,1,70,1,2,1,45,55,51,61,0,0,,,,,,,0,0,40,0,4,0,0,0,0,0,4,2,35.695452777777774,139.68239055555554,3,3,,,,
1,30,439,166,2,0,1,99000,0,114,2021,4,23,6,40,12,,,,,1,1,1,0,7,0,23,0,23,0,0,20,70,0,4,1,65,25,51,61,0,0,,,,,,,0,0,10,0,4,0,0,0,0,0,4,2,35.70630583333334,139.66227944444444,6,3,,,,
1,30,439,172,2,0,1,20290,0,114,2021,7,19,17,50,12,,,,,1,1,1,14,7,0,23,0,23,3,9,1,70,4,2,1,65,1,13,61,31,0,,,,,,,3,0,40,0,3,0,2,0,2,0,4,2,35.70153972222222,139.6862011111111,2,3,,,,
1,30,439,173,2,0,1,30000,0,114,2021,7,19,21,48,22,,,,,1,1,1,1,7,1,21,0,23,11,9,30,70,5,3,1,45,25,13,61,31,0,,,,,,,5,0,10,0,3,0,2,0,2,0,4,2,35.69775666666666,139.6866875,2,3,,,,
1,30,440,127,2,0,1,30000,0,114,2021,7,10,8,0,12,,,,,1,1,1,14,7,0,23,0,23,2,9,1,70,5,4,1,35,55,52,61,0,0,,,,,,,0,0,10,0,3,0,0,0,0,0,2,4,35.72699361111111,139.66981333333334,7,3,,,,
1,30,440,129,2,0,1,30000,0,114,2021,7,13,18,0,13,,,,,1,1,1,14,7,0,23,0,23,1,9,20,70,5,3,1,45,1,51,61,0,0,,,,,,,0,0,40,0,3,0,0,0,0,0,4,2,35.72110888888889,139.66276416666668,3,3,,,,
1,30,440,141,2,0,1,30000,0,114,2021,7,20,8,40,12,,,,,1,1,1,14,7,0,23,0,23,1,9,1,70,5,4,1,55,55,13,61,31,0,,,,,,,10,0,10,0,3,0,2,0,2,0,4,2,35.71344861111111,139.66965555555555,3,3,,,,
1,30,440,142,2,0,1,30000,0,114,2021,6,30,8,5,12,,,,,2,1,1,1,7,9,22,0,23,14,9,30,70,5,4,1,55,1,3,61,31,0,,,,,,,10,0,10,0,4,0,2,0,2,0,4,2,35.70962666666667,139.65574,4,3,,,,
1,30,440,147,2,0,1,30000,0,114,2021,7,30,16,20,12,,,,,2,1,1,1,7,1,21,0,23,11,9,30,70,5,4,1,35,75,51,61,0,0,,,,,,,0,0,10,0,4,0,0,0,0,0,4,2,35.72376888888889,139.6545663888889,6,3,,,,
1,30,441,179,2,0,1,30000,0,115,2021,7,12,9,10,12,,,,,1,1,1,14,7,0,23,0,23,1,9,1,70,5,4,1,55,35,3,61,31,0,,,,,,,10,0,40,0,3,0,2,0,2,0,4,2,35.701258611111115,139.64680916666666,2,3,,,,
1,30,441,184,2,0,1,30000,0,115,2021,7,17,13,30,12,,,,,1,1,1,14,7,0,23,0,23,1,9,1,70,5,4,1,25,75,14,61,1,0,,,,,,,10,0,30,0,3,0,2,0,2,0,4,2,35.70391194444445,139.62717444444445,7,3,,,,
1,30,441,185,2,0,1,10260,0,115,2021,7,17,14,0,12,,,,,1,1,1,14,7,0,23,0,23,1,9,1,70,4,2,1,55,45,51,61,0,0,,,,,,,0,0,10,0,3,0,0,0,0,0,4,2,35.69604194444444,139.64601694444443,7,3,,,,
1,30,442,178,2,0,1,200,149,115,2021,7,19,0,35,22,,,,,1,1,1,14,7,0,23,0,23,5,9,1,70,1,2,1,45,55,11,61,1,0,,,,,,,5,0,10,0,3,0,2,0,2,0,4,2,35.66788277777778,139.63709083333333,2,3,,,,
1,30,443,112,2,0,1,30000,0,115,2021,7,2,8,20,12,,,,,3,1,2,1,7,1,21,0,23,15,9,30,70,5,1,1,1,75,3,61,31,0,,,,,,,5,0,10,0,3,0,2,0,2,0,4,2,35.717394722222224,139.61094444444444,6,3,,,,
1,30,443,113,2,0,1,10240,0,115,2021,7,2,10,0,12,,,,,3,1,2,1,1,9,22,0,23,18,9,30,70,4,1,1,55,75,12,61,1,0,,,,,,,5,0,10,0,4,0,2,0,2,0,4,2,35.71226333333334,139.60168,6,3,,,,
1,30,443,116,2,0,1,30000,0,115,2021,7,11,17,5,12,,,,,2,1,2,14,7,0,23,0,23,3,9,1,70,5,3,1,35,25,51,61,0,0,,,,,,,0,0,40,0,4,0,0,0,0,0,4,2,35.70371083333334,139.60201305555555,1,3,,,,
1,30,443,118,2,0,1,10200,0,115,2021,7,12,21,50,22,,,,,1,1,1,14,7,0,23,0,23,6,9,1,70,1,2,1,25,65,51,61,0,0,,,,,,,0,0,10,0,3,0,0,0,0,0,4,2,35.6985025,139.61734444444446,2,3,,,,
1,30,443,119,2,0,1,30000,0,115,2021,7,17,8,35,12,,,,,1,1,1,1,1,9,22,0,23,17,7,30,70,5,3,1,25,45,4,61,31,0,,,,,,,10,0,10,0,4,0,2,0,2,0,4,2,35.71145722222222,139.61490916666665,7,3,,,,
1,30,545,62,2,0,1,10100,0,105,2021,7,7,20,32,22,,,,,1,1,1,14,7,0,23,0,23,5,9,1,70,1,1,1,1,45,51,61,0,0,,,,,,,0,0,10,0,3,0,0,0,0,0,4,2,35.71381944444445,139.75213083333333,4,3,,,,
1,30,545,66,2,0,1,20000,0,105,2021,7,22,11,20,12,,,,,1,1,1,14,7,0,23,0,23,2,9,1,70,5,1,1,35,1,51,61,0,0,,,,,,,0,0,10,0,4,0,0,0,0,0,4,2,35.71971972222222,139.74141666666665,5,1,,,,
1,30,546,71,2,0,1,30000,0,105,2021,7,14,19,40,21,,,,,1,1,1,14,7,0,23,0,23,3,8,1,70,4,1,1,25,75,52,61,0,0,,,,,,,0,0,40,0,3,0,0,0,0,0,4,2,35.71836805555556,139.73681305555553,4,3,,,,
1,30,546,74,2,0,1,30000,0,105,2021,7,20,10,11,12,,,,,1,1,1,1,1,9,22,0,23,14,8,30,70,4,2,1,35,25,3,61,31,0,,,,,,,2,0,80,0,4,0,2,0,2,0,4,2,35.71079055555556,139.73368055555554,3,3,,,,
1,30,546,76,2,0,2,30000,0,105,2021,7,24,17,55,13,,,,,1,1,1,14,7,0,23,0,23,3,9,1,70,5,2,1,35,1,52,61,0,0,,,,,,,0,0,10,0,4,0,0,0,0,0,2,2,35.717529166666665,139.7365961111111,7,3,,,,
1,30,547,67,2,0,1,10290,0,105,2021,7,9,16,20,12,,,,,2,1,2,7,1,0,23,0,23,4,9,1,70,4,2,1,65,1,17,61,1,0,,,,,,,4,0,10,0,3,0,2,0,2,0,4,2,35.703253888888895,139.76385,6,3,,,,
1,30,547,68,2,0,1,30000,0,105,2021,7,14,12,5,12,,,,,2,1,1,1,1,1,21,0,23,17,9,30,70,4,1,1,55,1,13,61,31,0,,,,,,,3,0,10,0,4,0,2,0,2,0,4,2,35.70670444444445,139.76270805555555,4,3,,,,
1,30,549,49,2,0,1,170,78,116,2021,7,5,9,0,12,,,,,2,1,2,7,1,0,23,0,23,4,9,1,70,1,2,1,45,45,51,61,0,0,,,,,,,0,0,10,0,3,0,0,0,0,0,4,2,35.739785,139.73239833333332,2,3,,,,
1,30,549,53,2,0,1,2540,46,116,2021,7,21,4,32,23,,,,,1,1,1,1,1,9,22,0,23,18,9,30,70,4,1,1,45,25,11,61,1,0,,,,,,,4,0,50,0,4,0,2,0,2,0,4,2,35.730221666666665,139.7226775,4,2,,,,
1,30,550,101,2,0,1,30000,0,116,2021,7,2,17,20,12,,,,,3,1,2,7,7,0,23,0,23,1,7,1,70,5,3,1,35,35,13,61,31,0,,,,,,,10,0,40,0,3,0,2,0,2,0,4,2,35.73472777777778,139.70719777777776,6,3,,,,
1,30,550,105,2,0,1,10090,0,116,2021,7,3,20,10,22,,,,,1,1,1,1,1,9,22,0,23,14,9,30,70,4,2,1,55,75,14,61,1,0,,,,,,,3,0,10,0,3,0,2,0,2,0,4,2,35.736130555555555,139.71976361111112,7,3,,,,
1,30,550,106,2,0,1,30000,0,116,2021,7,4,22,45,22,,,,,3,1,2,14,1,0,23,0,23,2,9,1,70,5,2,1,25,0,61,0,0,0,,,,,,,0,0,0,0,0,0,0,0,0,0,2,0,35.73822083333334,139.70927999999998,1,3,,,,
1,30,550,107,2,0,1,30000,0,116,2021,7,8,16,5,12,,,,,3,1,2,1,7,1,21,0,23,11,9,30,70,5,3,1,45,35,11,61,31,0,,,,,,,10,0,30,0,3,0,2,0,2,0,4,2,35.736760833333335,139.71343222222222,5,3,,,,
1,30,550,120,2,0,1,30000,0,116,2021,7,20,8,5,12,,,,,1,1,1,1,7,9,22,0,23,14,9,30,70,5,3,1,55,1,3,61,31,0,,,,,,,10,0,20,0,4,0,2,0,2,0,4,2,35.74062722222222,139.71810666666667,3,3,,,,
1,30,550,125,2,0,1,30000,0,116,2021,7,25,21,0,22,,,,,1,1,1,1,7,9,22,0,23,14,9,30,70,5,3,1,55,55,3,61,31,0,,,,,,,1,0,10,0,4,0,2,0,2,0,4,2,35.733995,139.71166805555555,1,3,,,,
1,30,550,130,2,0,1,30000,0,116,2021,7,28,8,10,12,,,,,1,1,1,14,7,0,23,0,23,2,9,1,70,5,3,1,55,75,13,61,31,0,,,,,,,10,0,81,0,4,0,2,0,2,0,4,2,35.73807583333333,139.71473777777777,4,3,,,,
1,30,551,141,2,0,1,30000,0,116,2021,7,8,17,20,12,,,,,1,1,2,14,7,0,23,0,23,1,9,20,70,1,4,1,65,1,3,61,1,0,,,,,,,2,0,0,0,4,0,2,0,2,0,4,2,35.72884027777778,139.68276916666665,5,3,,,,
1,30,551,145,2,0,1,10160,0,116,2021,7,12,8,5,12,,,,,1,1,1,12,7,0,23,0,23,1,8,1,70,5,2,1,1,55,51,61,0,0,,,,,,,0,0,10,0,4,0,0,0,0,0,4,2,35.7269225,139.69580333333334,2,3,,,,
1,30,551,157,2,0,1,30000,0,116,2021,7,29,10,5,12,,,,,1,1,1,14,7,0,23,0,23,1,9,1,70,5,2,1,65,1,3,61,31,0,,,,,,,2,0,50,0,3,0,2,0,2,0,4,2,35.7164775,139.71127277777776,5,3,,,,
1,30,552,92,2,0,1,30000,0,117,2021,6,22,18,0,13,,,,,1,1,1,1,7,1,22,0,23,11,9,30,70,5,3,1,65,35,3,61,31,0,,,,,,,10,0,20,0,3,0,2,0,2,0,4,2,35.7461325,139.72159,3,3,,,,
1,30,552,98,2,0,1,20400,0,117,2021,7,15,2,20,22,,,,,2,1,1,14,7,0,23,0,23,1,7,20,70,1,1,1,65,25,4,61,31,0,,,,,,,4,0,10,0,2,0,2,0,2,0,4,2,35.748892222222224,139.739005,5,3,,,,
1,30,552,105,2,0,1,10090,0,117,2021,7,24,13,55,12,,,,,1,1,1,1,1,9,22,0,23,11,9,30,70,4,1,1,35,25,3,61,31,0,,,,,,,4,0,10,0,3,0,2,0,2,0,4,2,35.742798055555554,139.7625297222222,7,3,,,,
1,30,552,106,2,0,1,30000,0,117,2021,7,6,12,15,12,,,,,2,1,1,14,7,0,23,0,23,3,9,1,70,4,3,1,45,25,14,61,1,0,,,,,,,2,0,40,0,4,0,2,0,2,0,4,2,35.74456666666667,139.72361472222224,3,3,,,,
1,30,552,107,2,0,1,10090,0,117,2021,7,15,17,15,12,,,,,1,1,1,14,7,0,23,0,23,1,7,1,70,5,1,1,25,35,3,61,31,0,,,,,,,4,0,40,0,3,0,2,0,2,0,4,2,35.74955805555555,139.73560305555554,5,3,,,,
1,30,552,110,2,0,1,30000,0,117,2021,7,3,8,49,12,,,,,3,1,2,1,1,3,21,0,23,18,9,30,70,4,2,1,45,65,14,61,31,0,,,,,,,3,0,10,0,3,0,2,0,2,0,4,2,35.75297722222222,139.73011194444445,7,3,,,,
1,30,553,79,2,0,1,20000,0,117,2021,7,12,11,40,12,,,,,1,1,1,14,7,0,23,0,23,1,9,1,70,5,2,1,45,25,51,61,0,0,,,,,,,0,0,20,0,4,0,0,0,0,0,4,2,35.76411,139.74982333333332,2,3,,,,
1,30,554,95,2,0,1,1220,0,117,2021,7,16,8,50,12,,,,,1,1,1,14,7,0,23,0,23,5,9,1,70,1,2,1,45,45,4,61,31,0,,,,,,,10,0,10,0,4,0,2,0,2,0,4,2,35.771303333333336,139.73378916666664,6,3,,,,
1,30,554,97,2,0,1,1220,0,117,2021,7,22,18,25,13,,,,,1,1,1,1,1,9,22,0,23,19,9,30,70,4,1,1,55,55,3,61,31,0,,,,,,,5,0,10,0,3,0,2,0,2,0,4,2,35.78371444444444,139.72074750000002,5,1,,,,
1,30,554,101,2,0,1,30000,0,117,2021,7,28,17,45,12,,,,,1,1,1,14,7,0,23,0,23,3,9,1,70,5,3,1,55,65,36,61,31,0,,,,,,,10,0,12,0,3,0,0,0,0,0,4,2,35.78163083333333,139.72077305555555,4,3,,,,
1,30,555,174,2,0,1,30000,0,119,2021,7,7,16,20,12,,,,,1,1,1,14,7,0,23,0,23,3,9,1,70,1,2,1,35,1,3,61,31,0,,,,,,,5,0,10,0,3,0,2,0,2,0,4,2,35.750326111111114,139.71762805555556,4,3,,,,
1,30,555,178,2,0,1,10130,0,119,2021,4,23,6,30,12,,,,,1,1,1,7,1,0,23,0,23,3,9,1,70,1,1,1,45,35,51,61,0,0,,,,,,,0,0,10,0,3,0,0,0,0,0,4,2,35.75305777777778,139.6850202777778,6,3,,,,
1,30,555,204,2,0,1,30000,0,119,2021,7,13,14,54,12,,,,,2,1,1,14,7,0,23,0,23,2,9,1,70,5,3,1,55,1,3,61,31,0,,,,,,,5,0,10,0,3,0,2,0,2,0,4,2,35.759484722222226,139.69710416666666,3,3,,,,
1,30,556,152,2,0,1,30000,0,119,2021,6,2,17,0,12,,,,,2,1,1,1,1,9,22,0,23,14,7,30,70,4,2,1,25,45,3,61,31,0,,,,,,,3,0,50,0,3,0,2,0,2,0,4,2,35.77596694444444,139.66458555555556,4,3,,,,
1,30,556,159,2,0,1,30000,0,119,2021,7,16,15,10,12,,,,,1,1,1,1,7,9,22,0,23,14,9,30,70,4,2,1,65,1,3,61,31,0,,,,,,,3,0,20,0,3,0,2,0,2,0,4,2,35.77186111111111,139.6883863888889,6,3,,,,
1,30,556,165,2,0,1,95000,0,119,2021,5,30,12,45,12,,,,,1,1,1,14,7,0,23,0,23,3,9,1,70,5,4,1,45,35,51,61,0,0,,,,,,,0,0,10,0,3,0,0,0,0,0,4,2,35.7962875,139.679645,1,3,,,,
1,30,557,140,2,0,1,10200,0,120,2021,7,2,11,0,12,,,,,3,1,2,1,1,9,22,0,23,17,9,30,70,1,2,1,75,75,3,61,31,0,,,,,,,2,0,10,0,4,0,2,0,1,0,4,2,35.755294444444445,139.64759527777778,6,3,,,,
1,30,557,150,2,0,1,10130,0,120,2021,7,10,14,36,12,,,,,1,1,1,14,7,0,23,0,23,1,9,1,70,5,1,1,1,55,51,61,0,0,,,,,,,0,0,10,0,4,0,0,0,0,0,4,2,35.74112777777778,139.66851027777776,7,3,,,,
1,30,557,158,2,0,1,10130,0,120,2021,7,21,19,50,21,,,,,1,1,1,7,1,0,23,0,23,3,9,1,70,5,2,1,75,65,3,61,31,0,,,,,,,4,0,50,0,3,0,2,0,2,0,4,2,35.72827111111111,139.65486,4,2,,,,
1,30,558,181,1,1,0,10240,0,120,2021,7,28,22,59,22,,,,,1,1,1,7,1,0,23,0,23,5,9,1,70,5,2,1,55,75,12,61,1,0,,,,,,,5,0,52,0,3,0,2,0,2,0,4,1,35.72318527777778,139.57850833333333,4,3,,,,
1,30,558,185,2,0,1,20430,0,120,2021,7,3,19,18,21,,,,,2,1,1,14,7,0,23,0,23,3,9,1,70,4,2,1,35,65,36,61,31,0,,,,,,,2,0,10,0,3,0,0,0,0,0,4,2,35.72260027777778,139.58973444444445,7,3,,,,
1,30,558,187,2,0,1,30000,0,120,2021,7,5,15,52,12,,,,,2,1,1,1,7,9,22,0,23,11,9,30,70,5,1,1,45,1,4,61,31,0,,,,,,,2,0,50,0,4,0,2,0,2,0,4,2,35.74245583333333,139.61095416666666,2,3,,,,
1,30,558,188,2,0,1,30000,0,120,2021,7,3,8,54,12,,,,,3,1,2,1,1,9,22,0,23,14,9,30,70,4,2,1,55,75,4,61,31,0,,,,,,,2,0,50,0,4,0,2,0,2,0,4,2,35.75368777777778,139.5965975,7,3,,,,
1,30,558,189,2,0,1,95000,0,120,2021,7,8,17,20,12,,,,,3,1,2,0,7,0,23,0,23,0,0,20,70,0,4,1,25,35,3,61,1,0,,,,,,,10,0,50,0,3,0,2,0,2,0,4,2,35.76185777777778,139.57373166666667,5,3,,,,
1,30,558,202,2,0,1,20430,0,120,2021,7,11,14,15,12,,,,,2,1,1,1,1,9,22,0,23,14,9,30,70,4,2,1,55,45,3,61,31,0,,,,,,,3,0,40,0,4,0,2,0,2,0,4,2,35.723303055555554,139.59150694444446,1,3,,,,
1,30,558,205,2,0,1,20230,0,120,2021,7,18,10,41,12,,,,,1,1,1,1,1,9,22,0,23,15,9,30,70,4,1,1,35,65,3,61,31,0,,,,,,,3,0,10,0,3,0,2,0,2,0,4,2,35.71751916666667,139.58292166666666,1,3,,,,
1,30,559,111,2,0,1,20000,0,119,2021,7,14,21,45,22,,,,,1,1,1,14,2,0,23,0,23,3,9,1,70,4,1,1,35,45,52,61,0,0,,,,,,,0,0,10,0,3,0,0,0,0,0,4,2,35.78777083333333,139.6744325,4,3,,,,
1,30,559,114,2,0,1,30000,0,119,2021,7,23,9,30,12,,,,,1,1,1,14,7,0,23,0,23,2,9,1,70,4,3,1,35,25,36,61,31,0,,,,,,,10,0,40,0,3,0,0,0,0,0,4,2,35.77567527777778,139.6317261111111,6,1,,,,
1,30,560,179,2,0,1,30000,0,120,2021,7,1,6,33,12,,,,,3,1,2,1,7,1,21,0,23,15,9,30,70,5,3,1,45,55,17,61,31,0,,,,,,,10,0,50,0,3,0,2,0,2,0,4,2,35.734105,139.62732583333334,5,3,,,,