資料区分,都道府県コード,警察署等コード,本票番号,事故内容,死者数,負傷者数,路線コード,地点コード,市区町村コード,発生日時　　年,発生日時　　月,発生日時　　日,発生日時　　時,発生日時　　分,昼夜,日の出時刻　　時,日の出時刻　　分,日の入り時刻　　時,日の入り時刻　　分,天候,地形,路面状態,道路形状,信号機,一時停止規制　標識（当事者A）,一時停止規制　表示（当事者A）,一時停止規制　標識（当事者B）,一時停止規制　表示（当事者B）,車道幅員,道路線形,衝突地点,ゾーン規制,中央分離帯施設等,歩車道区分,事故類型,年齢（当事者A）,年齢（当事者B）,当事者種別（当事者A）,当事者種別（当事者B）,用途別（当事者A）,用途別（当事者B）,車両形状等（当事者A）,車両形状等（当事者B）,オートマチック車（当事者A）,オートマチック車（当事者B）,サポカー（当事者A）,サポカー（当事者B）,速度規制（指定のみ）（当事者A）,速度規制（指定のみ）（当事者B）,車両の衝突部位（当事者A）,車両の衝突部位（当事者B）,車両の損壊程度（当事者A）,車両の損壊程度（当事者B）,エアバッグの装備（当事者A）,エアバッグの装備（当事者B）,サイドエアバッグの装備（当事者A）,サイドエアバッグの装備（当事者B）,人身損傷程度（当事者A）,人身損傷程度（当事者B）,lat,lon,曜日(発生年月日),祝日(発生年月日),認知機能検査経過日数（当事者A）,認知機能検査経過日数（当事者B）,運転練習の方法（当事者A）,運転練習の方法（当事者B）
1,30,560,185,2,0,1,30000,0,120,2021,7,2,8,10,12,,,,,3,1,2,1,7,1,22,0,23,14,9,30,70,5,2,1,65,25,36,61,31,0,,,,,,,10,0,10,0,4,0,0,0,0,0,4,2,35.739336944444446,139.61937972222222,6,3,,,,
1,30,560,188,2,0,1,30000,0,120,2021,6,14,10,27,12,,,,,2,1,1,14,7,0,23,0,23,3,9,1,70,5,3,1,35,25,3,61,31,0,,,,,,,2,0,40,0,4,0,2,0,2,0,4,2,35.74348611111111,139.62447944444446,2,3,,,,
1,30,560,204,2,0,1,30000,0,120,2021,6,28,7,20,12,,,,,1,1,1,14,7,0,23,0,23,3,9,1,70,5,3,1,45,35,13,61,31,0,,,,,,,2,0,40,0,3,0,2,0,2,0,4,2,35.76875555555556,139.65154055555556,2,3,,,,
1,30,560,209,2,0,1,30000,0,120,2021,7,11,16,30,12,,,,,2,1,1,1,7,9,22,0,23,14,9,30,70,4,2,1,55,55,3,61,31,0,,,,,,,2,0,40,0,4,0,2,0,2,0,4,2,35.75964555555556,139.6476486111111,1,3,,,,
1,30,660,94,2,0,1,30000,0,106,2021,7,5,13,45,12,,,,,2,1,2,14,7,0,23,0,23,3,9,1,70,5,2,1,45,0,61,0,0,0,,,,,,,0,0,0,0,0,0,0,0,0,0,2,0,35.70586111111111,139.7758402777778,2,3,,,,
1,30,660,96,2,0,1,20000,0,106,2021,7,10,21,22,22,,,,,3,1,2,1,1,9,22,0,23,18,9,30,70,4,2,1,65,35,3,61,1,0,,,,,,,2,0,40,0,3,0,2,0,2,0,4,2,35.71463666666667,139.78287833333334,7,3,,,,
1,30,660,104,2,0,1,30000,0,106,2021,7,30,8,20,12,,,,,2,1,2,14,7,0,23,0,23,3,9,1,70,5,3,1,45,45,14,61,1,0,,,,,,,5,0,40,0,3,0,2,0,2,0,4,2,35.716865,139.7656025,6,3,,,,
1,30,660,106,2,0,1,20070,0,106,2021,7,31,9,20,12,,,,,1,1,1,14,1,0,23,0,23,5,9,1,70,4,1,1,25,25,51,61,0,0,,,,,,,0,0,10,0,4,0,0,0,0,0,4,2,35.71169444444445,139.77502055555556,7,3,,,,
1,30,661,54,2,0,1,10710,0,106,2021,7,6,17,40,12,,,,,2,1,1,1,1,9,22,0,23,14,9,30,70,1,2,1,25,75,51,61,0,0,,,,,,,0,0,10,0,4,0,0,0,0,0,4,2,35.72511527777778,139.7770327777778,3,3,,,,
1,30,662,66,2,0,1,10300,0,106,2021,7,18,19,27,21,,,,,1,1,1,1,1,9,22,0,23,19,9,30,70,4,1,1,35,25,3,61,31,0,,,,,,,3,0,10,0,3,0,2,0,2,0,4,2,35.71801305555556,139.78935388888888,1,3,,,,
1,30,662,69,2,0,1,20550,0,106,2021,7,21,10,0,12,,,,,1,1,1,14,7,0,23,0,23,3,9,1,70,1,2,1,35,55,51,61,0,0,,,,,,,0,0,10,0,4,0,0,0,0,0,4,2,35.71626527777778,139.8017288888889,4,2,,,,
1,30,663,80,2,0,1,95000,0,106,2021,7,8,17,13,12,,,,,3,1,2,1,1,9,22,0,23,18,9,30,70,5,2,1,45,55,13,61,31,0,,,,,,,2,0,50,0,3,0,2,0,2,0,4,2,35.69857972222222,139.78700416666666,5,3,,,,
1,30,663,81,2,0,1,10290,0,106,2021,7,10,21,7,22,,,,,3,1,2,1,1,9,22,0,23,19,9,30,70,1,2,1,35,25,3,61,31,0,,,,,,,4,0,10,0,4,0,2,0,2,0,4,2,35.701591944444445,139.78891944444445,7,3,,,,
1,30,664,54,1,1,0,30000,0,118,2021,7,30,12,27,12,,,,,1,1,1,7,7,0,23,0,23,2,9,1,70,5,3,1,45,1,12,61,31,0,,,,,,,2,0,40,0,3,0,2,0,2,0,4,1,35.74909138888889,139.7580025,6,3,,,,
1,30,664,59,2,0,1,30000,0,118,2021,7,13,17,20,12,,,,,1,1,1,1,7,9,22,0,23,11,9,30,70,5,4,1,65,1,3,61,31,0,,,,,,,2,0,60,0,3,0,2,0,2,0,4,2,35.74415638888889,139.76730305555557,3,3,,,,
1,30,666,54,2,0,1,10340,0,118,2021,5,20,8,58,12,,,,,2,1,1,1,1,9,22,0,23,14,9,30,70,1,1,1,25,55,13,61,31,0,,,,,,,3,0,10,0,4,0,2,0,2,0,4,2,35.748695833333336,139.78444944444445,5,3,,,,
1,30,666,55,2,0,1,30000,0,118,2021,5,25,18,29,13,,,,,1,1,1,14,7,0,23,0,23,2,9,1,70,4,2,1,45,25,52,61,0,0,,,,,,,0,0,20,0,3,0,0,0,0,0,4,2,35.72847194444444,139.77389027777778,3,3,,,,
1,30,666,62,2,0,1,20410,0,118,2021,7,22,16,2,12,,,,,1,1,1,1,7,9,22,0,23,14,9,30,70,1,1,1,25,75,3,61,31,0,,,,,,,3,0,40,0,3,0,2,0,2,0,4,2,35.73328388888889,139.7687588888889,5,1,,,,
1,30,667,66,2,0,1,30390,0,121,2021,7,5,18,0,13,,,,,2,1,1,14,7,0,23,0,23,1,9,1,70,4,1,1,35,35,51,61,0,0,,,,,,,0,0,10,0,4,0,0,0,0,0,4,2,35.750929166666666,139.80043805555556,2,3,,,,
1,30,667,73,2,0,1,30390,0,121,2021,7,18,4,25,23,,,,,1,1,1,14,7,0,23,0,23,3,9,1,70,4,1,1,45,1,3,61,1,0,,,,,,,3,0,40,0,3,0,2,0,2,0,4,2,35.750909444444446,139.79734888888888,1,3,,,,
1,30,667,74,2,0,1,30000,0,121,2021,7,24,1,23,22,,,,,1,1,1,7,7,0,23,0,23,4,9,1,70,4,3,1,1,25,3,61,31,0,,,,,,,2,0,30,0,4,0,2,0,2,0,4,2,35.74946833333333,139.80621166666668,7,3,,,,
1,30,667,75,2,0,1,30000,0,121,2021,7,28,17,0,12,,,,,1,1,1,14,7,0,23,0,23,2,9,1,70,5,4,1,75,0,61,0,0,0,,,,,,,0,0,0,0,0,0,0,0,0,0,2,0,35.75284277777778,139.7942663888889,4,3,,,,
1,30,667,76,2,0,1,30390,0,121,2021,7,26,13,34,12,,,,,1,1,1,1,7,9,22,0,23,14,9,30,70,4,1,1,35,25,3,61,31,0,,,,,,,3,0,40,0,4,0,2,0,2,0,4,2,35.750345833333334,139.80283555555556,2,3,,,,
1,30,668,255,2,0,1,30000,0,121,2021,3,19,16,5,12,,,,,1,1,1,1,1,9,22,0,23,15,9,30,70,5,2,1,1,55,51,61,0,0,,,,,,,0,0,10,0,3,0,0,0,0,0,4,2,35.77332861111111,139.78754083333334,6,2,,,,
1,30,668,257,2,0,1,40,107,121,2021,7,2,8,10,12,,,,,3,1,2,1,1,0,23,0,23,17,9,30,70,1,1,1,1,0,61,0,0,0,,,,,,,0,0,0,0,0,0,0,0,0,0,2,0,35.77173777777778,139.80352166666668,6,3,,,,
1,30,668,260,2,0,1,99000,0,121,2021,7,5,17,26,12,,,,,1,1,1,0,7,0,23,0,23,0,0,20,70,0,4,1,65,75,3,61,1,0,,,,,,,10,0,30,0,3,0,2,0,2,0,4,2,35.783638055555556,139.77262750000003,2,3,,,,
1,30,668,266,2,0,1,30000,0,121,2021,7,11,10,45,12,,,,,1,1,1,1,7,9,22,0,23,11,9,30,70,5,3,1,75,1,3,61,31,0,,,,,,,2,0,10,0,3,0,2,0,2,0,4,2,35.77366083333333,139.77117305555558,1,3,,,,
1,30,668,290,2,0,1,30790,0,121,2021,7,24,13,31,12,,,,,1,1,1,14,7,0,23,0,23,3,9,1,70,5,4,1,65,75,7,61,31,0,,,,,,,3,0,0,0,4,0,2,0,2,0,4,2,35.76389611111111,139.7835925,7,3,,,,
1,30,668,291,2,0,1,30000,0,121,2021,4,10,15,16,12,,,,,1,1,1,14,7,0,23,0,23,2,9,1,70,5,3,1,45,65,3,61,31,0,,,,,,,10,0,30,0,4,0,2,0,2,0,4,2,35.78219861111111,139.77956972222225,7,3,,,,
1,30,669,293,2,0,1,30000,0,121,2021,6,30,8,10,12,,,,,2,1,1,14,7,0,23,0,23,3,9,1,70,5,3,1,25,35,3,61,31,0,,,,,,,2,0,40,0,3,0,2,0,2,0,4,2,35.768145,139.8096252777778,4,3,,,,
1,30,669,294,2,0,1,30000,0,121,2021,7,1,10,13,12,,,,,3,1,2,1,7,9,22,0,23,15,9,30,70,5,4,1,45,75,3,61,1,0,,,,,,,2,0,10,0,3,0,2,0,2,0,4,2,35.76630166666666,139.82856805555556,5,3,,,,
1,30,669,296,2,0,1,30000,0,121,2021,7,3,10,30,12,,,,,2,1,2,1,7,9,22,0,23,11,9,30,70,5,2,1,25,75,52,61,0,0,,,,,,,0,0,10,0,4,0,0,0,0,0,4,2,35.76835972222222,139.8365038888889,7,3,,,,
1,30,669,301,2,0,1,30000,0,121,2021,7,5,14,30,12,,,,,3,1,2,14,7,0,23,0,23,3,9,1,70,5,2,1,55,45,3,61,1,0,,,,,,,1,0,30,0,4,0,2,0,2,0,4,2,35.77691222222222,139.83511222222222,2,3,,,,
1,30,669,303,2,0,1,30000,0,121,2021,7,7,16,42,12,,,,,1,1,1,14,7,0,23,0,23,2,9,1,70,5,2,1,25,1,12,61,1,0,,,,,,,2,0,40,0,4,0,2,0,2,0,4,2,35.76728361111111,139.82512916666667,4,3,,,,
1,30,669,322,2,0,1,30000,0,121,2021,7,16,14,30,12,,,,,1,1,1,14,7,0,23,0,23,1,9,1,70,5,2,1,1,0,61,0,0,0,,,,,,,0,0,0,0,0,0,0,0,0,0,2,0,35.76493611111111,139.80915805555557,6,3,,,,
1,30,669,325,2,0,1,30000,0,121,2021,7,17,10,25,12,,,,,1,1,1,1,1,9,22,0,23,15,9,30,70,4,3,1,45,75,51,61,0,0,,,,,,,0,0,10,0,3,0,0,0,0,0,4,2,35.7931525,139.83626805555556,7,3,,,,
1,30,669,340,2,0,1,30000,0,121,2021,7,21,18,10,13,,,,,1,1,1,14,7,0,23,0,23,3,9,1,70,4,3,1,45,45,3,61,31,0,,,,,,,10,0,40,0,4,0,2,0,2,0,4,2,35.76663694444444,139.80923083333334,4,2,,,,
1,30,670,204,2,0,1,30000,0,121,2021,7,1,19,15,21,,,,,3,1,2,14,7,0,23,0,23,1,9,20,70,5,3,1,45,45,35,61,31,0,,,,,,,10,0,10,0,3,0,0,0,0,0,4,2,35.80139277777778,139.78289222222224,5,3,,,,
1,30,771,230,2,0,1,30000,0,108,2021,7,12,14,40,12,,,,,2,1,2,1,7,9,22,0,23,15,9,30,70,5,1,1,45,1,3,61,31,0,,,,,,,2,0,10,0,3,0,2,0,2,0,4,2,35.67888361111111,139.81691694444444,2,3,,,,
1,30,771,242,2,0,1,20000,0,108,2021,7,22,13,42,12,,,,,1,1,1,1,1,9,22,0,23,19,9,30,70,1,1,1,55,35,3,61,31,0,,,,,,,3,0,10,0,4,0,2,0,2,0,4,2,35.66172888888889,139.8037477777778,5,1,,,,
1,30,772,131,2,0,1,30000,0,108,2021,7,8,16,5,12,,,,,3,1,2,14,7,0,23,0,23,2,9,1,70,5,3,1,65,65,14,61,31,0,,,,,,,2,0,10,0,3,0,2,0,2,0,4,2,35.676113888888885,139.83628833333333,5,3,,,,
1,30,772,135,2,0,1,140,61,108,2021,7,11,11,10,12,,,,,1,1,1,1,1,9,22,0,23,19,9,30,70,1,2,1,45,55,51,61,0,0,,,,,,,0,0,10,0,4,0,0,0,0,0,4,2,35.69679305555555,139.83122555555556,1,3,,,,
1,30,772,141,2,0,1,10090,0,108,2021,7,4,8,30,12,,,,,3,1,2,14,7,0,23,0,23,5,9,1,70,1,1,1,35,65,1,61,1,0,,,,,,,4,0,10,0,4,0,2,0,2,0,4,2,35.658720555555554,139.82387138888888,1,3,,,,
1,30,772,146,2,0,1,20660,0,108,2021,7,26,11,35,12,,,,,1,1,1,1,1,9,22,0,23,18,9,30,70,1,2,1,55,75,4,61,31,0,,,,,,,3,0,10,0,4,0,2,0,2,0,4,2,35.68975361111111,139.8448563888889,2,3,,,,
1,30,773,159,2,0,1,30000,0,107,2021,7,10,12,20,12,,,,,1,1,1,14,7,0,23,0,23,3,9,1,70,4,1,1,45,55,51,61,0,0,,,,,,,0,0,10,0,3,0,0,0,0,0,2,4,35.69376888888888,139.81285833333334,7,3,,,,
1,30,773,163,2,0,1,20690,0,107,2020,12,24,15,19,12,,,,,2,1,1,1,1,9,22,0,23,18,9,30,70,4,2,1,65,45,3,61,1,0,,,,,,,4,0,40,0,4,0,2,0,2,0,4,2,35.696305555555554,139.81496,5,3,,,,
1,30,773,166,2,0,1,30000,0,107,2021,7,15,11,10,12,,,,,1,1,1,14,7,0,23,0,23,3,9,1,70,5,2,1,25,55,3,61,31,0,,,,,,,2,0,20,0,3,0,2,0,2,0,4,2,35.70277027777778,139.80232555555557,5,3,,,,
1,30,773,173,2,0,1,20690,0,107,2021,7,30,22,27,22,,,,,2,1,1,1,1,9,22,0,23,18,9,30,70,5,2,1,55,65,3,61,1,0,,,,,,,4,0,10,0,3,0,2,0,2,0,4,2,35.69393916666667,139.81506611111112,6,3,,,,
1,30,774,68,2,0,1,21190,0,107,2021,7,6,8,57,12,,,,,2,1,1,14,7,0,23,0,23,4,9,1,70,4,2,1,35,25,4,61,31,0,,,,,,,3,0,80,0,3,0,2,0,2,0,4,2,35.72657111111111,139.82748083333334,3,3,,,,
1,30,774,76,2,0,1,99000,0,107,2021,7,29,10,0,12,,,,,1,1,1,0,7,0,23,0,23,0,0,20,70,0,4,1,55,35,51,61,0,0,,,,,,,0,0,10,0,3,0,0,0,0,0,2,4,35.742583055555556,139.8184325,5,3,,,,
1,30,775,213,2,0,1,10700,0,122,2021,7,7,11,55,12,,,,,2,1,1,7,1,0,23,0,23,4,9,1,70,1,2,1,65,65,3,61,31,0,,,,,,,3,0,40,0,3,0,2,0,2,0,4,2,35.780875277777774,139.86653416666667,4,3,,,,
1,30,775,219,2,0,1,10130,0,122,2021,7,21,15,14,12,,,,,1,1,1,7,1,0,23,0,23,2,9,1,70,1,2,1,1,45,51,61,0,0,,,,,,,0,0,10,0,3,0,0,0,0,0,4,2,35.76661222222222,139.8500797222222,4,2,,,,
1,30,775,225,2,0,1,30000,0,122,2021,7,25,13,3,12,,,,,1,1,1,7,1,0,23,0,23,1,9,1,70,4,2,1,45,65,1,61,1,0,,,,,,,10,0,10,0,3,0,2,0,2,0,4,2,35.78543444444444,139.8505861111111,1,3,,,,
1,30,776,129,2,0,1,30000,0,122,2021,7,23,10,22,12,,,,,1,1,1,1,1,9,22,0,23,18,9,30,70,5,2,1,45,35,11,61,1,0,,,,,,,3,0,40,0,4,0,2,0,2,0,4,2,35.740838333333336,139.87443416666667,6,1,,,,
1,30,777,348,2,0,1,30000,0,123,2021,7,1,8,8,12,,,,,3,1,2,1,7,9,22,0,23,11,9,30,70,5,3,1,1,45,51,61,0,0,,,,,,,0,0,10,0,4,0,0,0,0,0,4,2,35.68787444444444,139.88772,5,3,,,,
1,30,777,367,2,0,1,95000,0,123,2021,7,11,11,5,12,,,,,1,1,1,14,7,0,23,0,23,3,9,20,70,5,4,1,45,65,51,61,0,0,,,,,,,0,0,10,0,3,0,0,0,0,0,4,2,35.68572472222222,139.84959666666668,1,3,,,,
1,30,777,401,2,0,1,30000,0,123,2021,7,20,16,40,12,,,,,1,1,5,1,7,9,22,0,23,11,9,30,70,5,2,1,1,65,51,61,0,0,,,,,,,0,0,10,0,3,0,0,0,0,0,4,2,35.691669722222215,139.89487499999998,3,3,,,,
1,30,777,404,2,0,1,10390,0,123,2021,7,27,16,10,12,,,,,1,1,1,14,7,0,23,0,23,4,9,1,70,4,2,1,55,35,4,61,31,0,,,,,,,3,0,80,0,3,0,2,0,2,0,4,2,35.69703916666666,139.8677688888889,3,3,,,,
1,30,778,123,2,0,1,30000,0,123,2021,7,21,18,20,13,,,,,1,1,1,7,7,0,23,0,23,4,9,1,70,4,2,1,55,65,36,61,31,0,,,,,,,2,0,10,0,4,0,0,0,0,0,4,2,35.71320583333333,139.87970305555555,4,2,,,,
1,30,778,125,2,0,1,30000,0,123,2021,7,26,18,25,13,,,,,1,1,1,14,7,0,23,0,23,2,9,1,70,5,3,1,65,25,3,61,1,0,,,,,,,5,0,0,0,4,0,2,0,2,0,4,2,35.70940083333333,139.88593749999998,2,3,,,,
1,30,778,127,2,0,1,30000,0,123,2021,7,28,15,35,12,,,,,1,1,1,7,7,0,23,0,23,4,9,20,70,5,3,1,65,55,3,61,31,0,,,,,,,10,0,20,0,3,0,2,0,2,0,4,2,35.73268916666667,139.88201722222223,4,3,,,,
1,30,778,128,2,0,1,99000,0,123,2021,7,30,8,12,12,,,,,2,1,1,0,7,0,23,0,23,0,0,20,70,0,4,1,35,75,13,61,31,0,,,,,,,5,0,30,0,3,0,2,0,2,0,4,2,35.73971,139.89470583333332,6,3,,,,
1,30,779,189,2,0,1,99000,0,123,2021,7,17,9,45,12,,,,,1,1,1,0,7,0,23,0,23,0,0,20,70,0,4,1,35,55,3,61,31,0,,,,,,,10,0,30,0,3,0,2,0,2,0,4,2,35.66923333333333,139.86222388888888,7,3,,,,
1,30,779,200,2,0,1,30000,0,123,2021,7,21,14,44,12,,,,,1,1,1,1,1,1,22,0,23,15,9,30,70,4,2,1,25,75,4,61,31,0,,,,,,,1,0,10,0,3,0,2,0,2,0,4,2,35.67479472222222,139.88219805555556,4,2,,,,
1,30,876,242,2,0,1,30000,0,201,2021,7,1,7,58,12,,,,,3,1,2,1,7,9,22,0,23,15,8,30,70,4,1,1,1,1,3,61,31,0,,,,,,,3,0,10,0,3,0,2,0,2,0,4,2,35.60823666666667,139.38215277777778,5,3,,,,
1,30,876,264,2,0,1,21110,0,201,2021,1,5,11,30,12,,,,,1,1,1,14,7,0,23,0,23,4,9,1,70,1,2,1,55,0,61,0,0,0,,,,,,,0,0,0,0,0,0,0,0,0,0,2,0,35.62528388888889,139.39468333333332,3,3,,,,
1,30,876,268,2,0,1,30000,0,201,2021,7,26,14,19,12,,,,,1,1,1,14,7,0,23,0,23,4,9,1,70,4,2,1,65,1,3,61,31,0,,,,,,,3,0,10,0,3,0,2,0,2,0,4,2,35.610709166666666,139.36736861111112,2,3,,,,
1,30,877,164,2,0,1,30000,0,201,2021,7,4,21,40,22,,,,,3,2,2,1,7,1,22,0,23,14,9,30,70,1,2,1,35,1,3,61,31,0,,,,,,,2,0,10,0,4,0,2,0,2,0,4,2,35.64770222222222,139.29608083333332,1,3,,,,
1,30,877,177,2,0,1,30000,0,201,2021,7,11,14,55,12,,,,,2,3,1,14,7,0,23,0,23,3,9,1,70,5,3,1,55,45,3,61,31,0,,,,,,,10,0,10,0,3,0,2,0,2,0,4,2,35.67328805555555,139.25806472222223,1,3,,,,
1,30,877,186,2,0,1,30000,0,201,2021,7,22,17,15,12,,,,,1,3,1,14,7,0,23,0,23,2,9,1,70,5,4,1,1,1,4,61,31,0,,,,,,,10,0,10,0,3,0,2,0,2,0,4,2,35.63182638888889,139.31406833333335,5,1,,,,
1,30,877,192,2,0,1,30000,0,201,2021,7,27,19,20,21,,,,,1,3,1,1,1,9,22,0,23,19,9,30,70,5,2,1,45,25,4,61,31,0,,,,,,,3,0,80,0,3,0,2,0,2,0,4,2,35.64546722222222,139.3133238888889,3,3,,,,
1,30,878,245,2,0,1,30000,0,225,2021,6,12,10,5,12,,,,,1,1,1,14,7,0,23,0,23,4,9,1,70,5,4,1,75,75,4,61,31,0,,,,,,,10,0,30,0,4,0,2,0,2,0,4,2,35.638801666666666,139.5139425,7,3,,,,
1,30,878,250,2,0,1,30000,0,225,2021,7,1,15,25,12,,,,,2,2,1,1,1,9,22,0,23,15,9,30,70,4,2,1,55,55,4,61,31,0,,,,,,,3,0,40,0,3,0,2,0,2,0,4,2,35.62562944444444,139.46666138888887,5,3,,,,
1,30,878,254,2,0,1,30000,0,225,2021,7,14,13,0,12,,,,,2,1,1,14,7,0,23,0,23,3,7,1,70,1,2,1,55,1,51,61,0,0,,,,,,,0,0,40,0,3,0,0,0,0,0,4,2,35.64465777777778,139.4889025,4,3,,,,
1,30,878,269,2,0,1,95000,0,224,2021,7,5,14,19,12,,,,,3,2,1,0,7,0,23,0,23,0,0,20,70,0,4,1,65,45,3,61,31,0,,,,,,,5,0,33,0,2,0,2,0,2,0,4,2,35.621560833333334,139.42127638888888,2,3,,,,
1,30,878,271,2,0,1,10510,0,225,2021,7,22,19,52,21,,,,,1,2,1,14,7,0,23,0,23,2,9,1,70,1,1,1,45,1,51,61,0,0,,,,,,,0,0,10,0,4,0,0,0,0,0,4,2,35.64208361111111,139.52244750000003,5,1,,,,
1,30,879,283,2,0,1,30000,0,223,2021,7,5,10,40,12,,,,,3,2,2,1,7,8,22,0,23,11,9,30,70,5,3,1,55,65,3,61,31,0,,,,,,,1,0,20,0,3,0,2,0,2,0,4,2,35.75701055555555,139.4044413888889,2,3,,,,
1,30,880,135,2,0,1,10240,0,308,2021,7,7,10,45,12,,,,,1,1,2,11,7,0,23,0,23,3,8,1,70,4,3,1,65,55,4,61,31,0,,,,,,,2,0,10,0,3,0,2,0,2,0,4,2,35.797669166666665,139.07747555555557,4,3,,,,
1,30,880,136,2,0,1,30000,0,205,2021,7,8,15,48,12,,,,,3,1,2,1,7,9,22,0,23,11,8,30,70,5,3,1,45,1,3,61,31,0,,,,,,,10,0,10,0,3,0,2,0,2,0,4,2,35.77885916666666,139.27169972222222,5,3,,,,
1,30,880,144,2,0,1,30000,0,205,2021,7,13,13,20,12,,,,,2,3,2,14,7,0,23,0,23,1,9,1,70,4,2,1,45,45,4,61,31,0,,,,,,,3,0,80,0,2,0,2,0,2,0,4,2,35.78986555555555,139.2559222222222,3,3,,,,
1,30,881,70,2,0,1,95000,0,305,2021,7,3,10,10,12,,,,,2,3,1,0,7,0,23,0,23,0,0,20,70,0,4,1,65,25,3,61,31,0,,,,,,,10,0,50,0,3,0,2,0,2,0,4,2,35.73492666666667,139.2754252777778,7,3,,,,
1,30,881,71,2,0,1,10260,0,228,2021,7,1,21,35,22,,,,,3,2,2,7,7,0,23,0,23,5,9,1,70,4,1,1,75,45,4,61,31,0,,,,,,,4,0,10,0,3,0,2,0,2,0,4,2,35.728989444444444,139.23743083333332,5,3,,,,
1,30,881,78,2,0,1,99000,0,305,2021,7,24,6,23,12,,,,,1,1,1,0,7,0,23,0,23,0,0,20,70,0,4,1,35,55,3,61,31,0,,,,,,,10,0,30,0,4,0,2,0,2,0,4,2,35.733381666666666,139.27182805555557,7,3,,,,
1,30,882,207,2,0,1,20000,0,227,2021,7,5,9,30,12,,,,,2,1,1,1,1,9,22,0,23,15,9,30,70,4,2,1,65,45,3,61,31,0,,,,,,,4,0,10,0,3,0,2,0,2,0,4,2,35.767001111111114,139.31186444444447,2,3,,,,
1,30,882,208,2,0,1,20000,0,227,2021,7,5,19,49,21,,,,,2,2,1,1,1,9,22,0,23,15,9,30,70,5,2,1,65,1,4,61,31,0,,,,,,,3,0,10,0,3,0,2,0,2,0,4,2,35.77702027777778,139.30430972222223,2,3,,,,
1,30,882,211,2,0,1,30000,0,227,2021,7,6,11,30,12,,,,,2,1,2,1,7,9,22,0,23,15,9,30,70,4,2,1,45,75,3,61,31,0,,,,,,,10,0,10,0,4,0,2,0,2,0,4,2,35.77507722222222,139.30054472222224,3,3,,,,
1,30,882,224,2,0,1,99000,0,218,2021,7,21,19,4,21,,,,,1,2,1,0,7,0,23,0,23,0,0,20,70,0,4,1,65,0,61,0,0,0,,,,,,,0,0,0,0,0,0,0,0,0,0,2,0,35.744751111111114,139.32761027777778,4,2,,,,
1,30,883,272,2,0,1,30000,0,201,2021,6,11,9,5,12,,,,,1,1,1,1,7,9,22,0,23,11,9,30,70,5,3,1,25,75,51,61,0,0,,,,,,,0,0,40,0,3,0,0,0,0,0,4,2,35.65878333333333,139.32211833333332,6,3,,,,
1,30,883,279,2,0,1,30000,0,201,2021,7,1,18,45,13,,,,,2,1,2,7,1,0,23,0,23,2,3,1,70,4,1,1,45,45,14,61,31,0,,,,,,,3,0,50,0,3,0,2,0,2,0,4,2,35.688337499999996,139.35927916666665,5,3,,,,
1,30,883,281,2,0,1,30000,0,201,2021,7,2,13,30,12,,,,,3,1,2,1,1,8,22,0,23,15,9,30,70,4,2,1,55,75,13,61,31,0,,,,,,,10,0,10,0,3,0,2,0,2,0,4,2,35.66785861111111,139.34113000000002,6,3,,,,
1,30,883,292,2,0,1,30000,0,201,2021,7,4,19,12,21,,,,,3,1,1,14,7,0,23,0,23,2,9,1,70,5,1,1,1,45,36,61,31,0,,,,,,,2,0,10,0,3,0,0,0,0,0,4,2,35.66866638888889,139.31530444444445,1,3,,,,
1,30,883,294,2,0,1,95000,0,201,2021,3,28,21,45,22,,,,,3,2,2,0,7,0,23,0,23,0,0,20,70,0,4,1,1,45,3,61,31,0,,,,,,,1,0,10,0,4,0,2,0,2,0,4,2,35.664830277777774,139.31696555555556,1,3,,,,
1,30,883,297,2,0,1,30000,0,201,2021,7,13,19,45,21,,,,,2,1,1,1,7,9,22,0,23,11,6,30,70,4,2,1,45,1,14,61,31,0,,,,,,,2,0,80,0,3,0,2,0,2,0,4,2,35.67786361111111,139.30901583333335,3,3,,,,
1,30,883,304,2,0,1,20000,0,201,2021,7,2,19,35,21,,,,,3,1,1,1,7,9,22,0,23,15,9,30,70,5,2,1,35,25,3,61,31,0,,,,,,,3,0,10,0,4,0,2,0,2,0,4,2,35.65669111111111,139.3188972222222,6,3,,,,
1,30,883,312,2,0,1,30000,0,201,2021,7,26,12,30,12,,,,,1,2,1,14,7,0,23,0,23,1,9,1,70,5,2,1,1,55,51,61,0,0,,,,,,,0,0,40,0,4,0,0,0,0,0,4,2,35.66629416666667,139.31503472222224,2,3,,,,
1,30,883,314,2,0,1,30000,0,201,2021,7,24,8,55,12,,,,,1,1,1,14,7,0,23,0,23,3,9,1,70,5,3,1,45,45,3,61,31,0,,,,,,,2,0,40,0,4,0,2,0,2,0,4,2,35.65719444444444,139.31222722222225,7,3,,,,
1,30,883,315,2,0,1,30000,0,201,2021,7,17,11,0,12,,,,,1,1,1,14,7,0,23,0,23,2,9,1,70,5,3,1,45,1,17,61,31,0,,,,,,,10,0,40,0,3,0,2,0,2,0,4,2,35.68254638888889,139.31623416666667,7,3,,,,