資料区分,都道府県コード,警察署等コード,本票番号,事故内容,死者数,負傷者数,路線コード,地点コード,市区町村コード,発生日時　　年,発生日時　　月,発生日時　　日,発生日時　　時,発生日時　　分,昼夜,日の出時刻　　時,日の出時刻　　分,日の入り時刻　　時,日の入り時刻　　分,天候,地形,路面状態,道路形状,信号機,一時停止規制　標識（当事者A）,一時停止規制　表示（当事者A）,一時停止規制　標識（当事者B）,一時停止規制　表示（当事者B）,車道幅員,道路線形,衝突地点,ゾーン規制,中央分離帯施設等,歩車道区分,事故類型,年齢（当事者A）,年齢（当事者B）,当事者種別（当事者A）,当事者種別（当事者B）,用途別（当事者A）,用途別（当事者B）,車両形状等（当事者A）,車両形状等（当事者B）,オートマチック車（当事者A）,オートマチック車（当事者B）,サポカー（当事者A）,サポカー（当事者B）,速度規制（指定のみ）（当事者A）,速度規制（指定のみ）（当事者B）,車両の衝突部位（当事者A）,車両の衝突部位（当事者B）,車両の損壊程度（当事者A）,車両の損壊程度（当事者B）,エアバッグの装備（当事者A）,エアバッグの装備（当事者B）,サイドエアバッグの装備（当事者A）,サイドエアバッグの装備（当事者B）,人身損傷程度（当事者A）,人身損傷程度（当事者B）,lat,lon,曜日(発生年月日),祝日(発生年月日),認知機能検査経過日数（当事者A）,認知機能検査経過日数（当事者B）,運転練習の方法（当事者A）,運転練習の方法（当事者B）
1,30,884,321,2,0,1,30000,0,209,2021,7,4,10,45,12,,,,,3,1,2,1,7,9,22,0,23,11,9,30,70,4,3,1,65,75,3,61,31,0,,,,,,,2,0,10,0,3,0,2,0,2,0,4,2,35.59000555555556,139.47308972222223,1,3,,,,
1,30,884,323,2,0,1,10490,0,209,2021,7,4,12,15,12,,,,,2,1,2,14,7,0,23,0,23,2,9,1,70,5,2,1,25,1,51,61,0,0,,,,,,,0,0,10,0,3,0,0,0,0,0,4,2,35.51911583333333,139.47219583333333,1,3,,,,
1,30,884,335,2,0,1,30000,0,209,2021,7,16,15,34,12,,,,,1,1,1,7,1,0,23,0,23,3,8,1,70,4,2,1,45,75,17,61,31,0,,,,,,,3,0,21,0,4,0,2,0,2,0,4,2,35.53350388888889,139.48032333333333,6,3,,,,
1,30,884,337,2,0,1,20000,0,209,2021,7,18,9,56,12,,,,,1,1,1,14,7,0,23,0,23,3,9,1,70,4,2,1,25,1,3,61,31,0,,,,,,,3,0,50,0,2,0,2,0,2,0,4,2,35.56229222222222,139.42060416666666,1,3,,,,
1,30,884,348,2,0,1,10490,0,209,2021,7,24,20,10,22,,,,,1,2,1,14,7,0,23,0,23,2,9,1,70,4,2,1,1,55,51,61,0,0,,,,,,,0,0,10,0,3,0,0,0,0,0,4,2,35.552751944444445,139.43928055555557,7,3,,,,
1,30,885,210,2,0,1,30000,0,212,2021,6,25,17,30,12,,,,,1,2,3,1,1,9,22,0,23,18,9,30,70,1,2,1,65,65,3,61,1,0,,,,,,,4,0,10,0,3,0,2,0,2,0,4,2,35.657764444444446,139.41295472222222,6,3,,,,
1,30,885,214,2,0,1,30000,0,212,2021,7,6,20,13,22,,,,,3,2,2,13,7,0,23,0,23,2,2,1,70,5,4,1,55,55,4,61,31,0,,,,,,,2,0,20,0,3,0,2,0,2,0,4,2,35.649387499999996,139.40625083333333,3,3,,,,
1,30,885,216,2,0,1,30000,0,212,2021,7,8,10,5,12,,,,,3,3,2,14,7,0,23,0,23,3,9,1,70,5,4,1,45,65,51,61,0,0,,,,,,,0,0,10,0,3,0,0,0,0,0,4,2,35.662216944444445,139.3797275,5,3,,,,
1,30,885,217,2,0,1,99000,0,212,2021,7,6,17,5,12,,,,,2,2,1,0,7,0,23,0,23,0,0,20,70,0,4,1,65,65,3,61,31,0,,,,,,,10,0,40,0,4,0,2,0,2,0,4,2,35.65810222222222,139.4258147222222,3,3,,,,
1,30,885,234,2,0,1,21210,0,212,2021,7,23,16,30,12,,,,,1,1,1,1,1,9,22,0,23,15,9,30,70,4,1,1,55,45,3,61,31,0,,,,,,,5,0,10,0,4,0,2,0,2,0,4,2,35.66236166666666,139.37959361111112,6,1,,,,
1,30,886,211,2,0,1,95000,0,207,2021,7,2,10,35,12,,,,,3,1,2,14,7,0,23,0,23,3,9,1,70,4,3,1,75,45,3,61,31,0,,,,,,,2,0,40,0,3,0,2,0,2,0,4,2,35.71415694444445,139.3763088888889,6,3,,,,
1,30,886,213,2,0,1,30000,0,207,2021,7,5,13,15,12,,,,,3,3,2,14,7,0,23,0,23,2,9,20,70,5,2,1,55,45,3,61,31,0,,,,,,,2,0,50,0,3,0,2,0,2,0,4,2,35.71487305555556,139.35638666666665,2,3,,,,
1,30,886,225,2,0,1,30000,0,207,2021,7,20,8,0,12,,,,,1,3,1,1,7,0,23,0,23,11,9,30,70,5,3,1,1,0,61,0,0,0,,,,,,,0,0,0,0,0,0,0,0,0,0,2,0,35.709788888888895,139.34504472222224,3,3,,,,
1,30,886,229,2,0,1,30000,0,207,2021,7,25,13,30,12,,,,,1,2,1,14,7,0,23,0,23,2,9,1,70,5,4,1,35,1,51,61,0,0,,,,,,,0,0,30,0,4,0,0,0,0,0,4,2,35.712986944444445,139.36316083333332,1,3,,,,
1,30,887,279,2,0,1,30000,0,202,2021,7,15,7,20,12,,,,,3,1,2,1,1,9,22,0,23,19,9,30,70,4,2,1,35,55,4,61,31,0,,,,,,,4,0,10,0,3,0,2,0,2,0,4,2,35.70166916666667,139.41512555555556,5,3,,,,
1,30,887,297,2,0,1,30000,0,215,2021,7,28,6,25,12,,,,,1,2,1,1,1,9,22,0,23,14,9,30,70,4,2,1,45,75,3,61,31,0,,,,,,,4,0,10,0,3,0,2,0,2,0,4,2,35.68264805555555,139.44699500000002,4,3,,,,
1,30,888,150,2,0,1,30000,0,206,2021,7,17,18,23,13,,,,,1,1,1,1,7,1,21,0,23,11,9,30,70,5,3,1,55,65,4,61,31,0,,,,,,,10,0,10,0,3,0,2,0,2,0,4,2,35.6688875,139.47372333333334,7,3,,,,
1,30,888,155,2,0,1,30000,0,206,2021,7,24,18,30,13,,,,,1,1,1,14,7,0,23,0,23,2,9,1,70,5,2,1,1,45,51,61,0,0,,,,,,,0,0,10,0,3,0,0,0,0,0,4,2,35.66484722222222,139.51295805555554,7,3,,,,
1,30,888,156,2,0,1,30000,0,206,2021,7,25,2,0,22,,,,,1,1,1,14,7,0,23,0,23,3,9,1,70,5,2,1,35,0,61,0,0,0,,,,,,,0,0,0,0,0,0,0,0,0,0,2,0,35.66621972222222,139.47057555555557,1,3,,,,
1,30,889,127,2,0,1,30000,0,210,2021,6,18,6,45,12,,,,,1,1,1,14,7,0,23,0,23,1,9,1,70,5,2,1,55,0,61,0,0,0,,,,,,,0,0,0,0,0,0,0,0,0,0,2,0,35.704245,139.52198916666669,6,3,,,,
1,30,889,131,2,0,1,30000,0,214,2021,7,7,13,15,12,,,,,2,1,1,1,1,9,22,0,23,15,9,30,70,4,2,1,75,1,3,61,31,0,,,,,,,3,0,80,0,3,0,2,0,2,0,4,2,35.709273333333336,139.44841027777778,4,3,,,,
1,30,889,132,2,0,1,30000,0,210,2021,7,7,16,15,12,,,,,1,1,1,1,7,9,22,0,23,14,9,30,70,5,3,1,25,55,51,61,0,0,,,,,,,0,0,10,0,3,0,0,0,0,0,4,2,35.70212111111111,139.5053922222222,4,3,,,,
1,30,889,134,2,0,1,30000,0,210,2021,7,8,15,0,12,,,,,3,1,2,1,7,9,22,0,23,11,9,30,70,5,3,1,35,1,14,61,1,0,,,,,,,2,0,80,0,4,0,2,0,2,0,4,2,35.69544777777777,139.52407722222225,5,3,,,,
1,30,889,140,2,0,1,30000,0,214,2021,7,15,8,10,12,,,,,2,1,1,1,7,0,23,0,23,11,9,30,70,5,4,1,1,0,61,0,0,0,,,,,,,0,0,0,0,0,0,0,0,0,0,2,0,35.706968333333336,139.47597694444445,5,3,,,,
1,30,889,143,2,0,1,30000,0,210,2021,7,17,11,0,12,,,,,1,1,1,14,7,0,23,0,23,1,9,1,70,5,4,1,35,35,14,61,1,0,,,,,,,10,0,30,0,3,0,2,0,2,0,4,2,35.703634722222226,139.49996027777777,7,3,,,,
1,30,889,152,2,0,1,10560,0,210,2021,7,26,13,15,12,,,,,1,1,1,7,1,0,23,0,23,3,9,1,70,4,1,1,1,65,51,61,0,0,,,,,,,0,0,10,0,3,0,0,0,0,0,4,2,35.70209027777778,139.50732444444444,2,3,,,,
1,30,890,246,2,0,1,95000,0,222,2021,7,8,19,0,21,,,,,3,1,2,1,1,9,22,0,23,15,9,30,70,4,2,1,45,25,3,61,31,0,,,,,,,3,0,50,0,3,0,2,0,2,0,4,2,35.765458611111114,139.5426611111111,5,3,,,,
1,30,890,266,2,0,1,95000,0,222,2021,7,20,16,35,12,,,,,1,1,1,0,7,0,23,0,23,0,0,20,70,0,4,1,55,55,3,61,31,0,,,,,,,10,0,51,0,4,0,2,0,2,0,4,2,35.74548388888889,139.52726916666668,3,3,,,,
1,30,891,161,2,0,1,10250,0,213,2021,7,9,9,16,12,,,,,2,3,1,1,1,0,23,0,23,15,9,30,70,4,2,1,1,0,61,0,0,0,,,,,,,0,0,0,0,0,0,0,0,0,0,2,0,35.74913472222222,139.47772,6,3,,,,
1,30,891,171,2,0,1,30000,0,213,2021,7,26,9,20,12,,,,,1,1,1,14,7,0,23,0,23,3,9,1,70,5,3,1,75,65,3,61,31,0,,,,,,,2,0,10,0,3,0,2,0,2,0,4,2,35.765012222222225,139.4468652777778,2,3,,,,
1,30,893,177,2,0,1,30000,0,204,2021,7,12,16,30,12,,,,,3,1,2,1,7,9,22,0,23,11,9,30,70,5,4,1,55,45,4,61,31,0,,,,,,,10,0,30,0,3,0,2,0,2,0,4,2,35.67845583333333,139.52985611111112,2,3,,,,
1,30,893,178,2,0,1,20880,0,204,2021,7,14,9,45,12,,,,,2,1,1,14,7,0,23,0,23,3,9,1,70,4,2,1,65,1,3,61,31,0,,,,,,,3,0,50,0,3,0,2,0,2,0,4,2,35.69253694444444,139.56207916666668,4,3,,,,
1,30,893,187,2,0,1,30000,0,204,2021,7,27,17,10,12,,,,,1,1,5,1,7,9,22,0,23,14,9,30,70,4,3,1,35,1,3,61,31,0,,,,,,,2,0,40,0,4,0,2,0,2,0,4,2,35.68954722222222,139.58496000000002,3,3,,,,
1,30,894,253,2,0,1,95000,0,219,2021,7,8,18,42,13,,,,,3,1,2,14,7,0,23,0,23,2,9,1,70,5,4,1,75,1,3,61,31,0,,,,,,,5,0,40,0,4,0,2,0,2,0,4,2,35.63683805555556,139.5861852777778,5,3,,,,
1,30,894,257,2,0,1,99000,0,219,2021,7,15,16,45,12,,,,,1,1,1,0,7,0,23,0,23,0,0,20,70,0,4,1,1,75,51,61,0,0,,,,,,,0,0,10,0,3,0,0,0,0,0,4,2,35.63256888888889,139.5777097222222,5,3,,,,
1,30,894,269,2,0,1,30000,0,208,2021,7,27,17,0,12,,,,,1,1,1,14,7,0,23,0,23,2,9,1,70,5,3,1,25,45,3,61,31,0,,,,,,,10,0,40,0,3,0,2,0,2,0,4,2,35.65546833333333,139.56733944444443,3,3,,,,
1,30,894,276,2,0,1,30000,0,208,2021,7,31,16,45,12,,,,,1,1,1,14,7,0,23,0,23,3,9,1,70,5,3,1,65,75,51,61,0,0,,,,,,,0,0,10,0,3,0,0,0,0,0,4,2,35.64896777777778,139.5273377777778,7,3,,,,
1,30,894,279,2,0,1,30000,0,219,2021,7,20,17,30,12,,,,,1,1,1,1,1,9,22,0,23,15,9,30,70,4,2,1,1,1,3,61,31,0,,,,,,,3,0,80,0,3,0,2,0,2,0,4,2,35.63391027777778,139.5783847222222,3,3,,,,
1,30,895,138,2,0,1,30000,0,211,2021,7,24,19,47,21,,,,,1,1,1,1,7,9,22,0,23,14,9,30,70,4,2,1,45,45,4,61,31,0,,,,,,,10,0,10,0,3,0,2,0,2,0,4,2,35.71580277777778,139.49775583333331,7,3,,,,
1,30,895,140,2,0,1,30000,0,211,2021,7,3,12,55,12,,,,,1,1,1,14,7,0,23,0,23,2,9,1,70,5,3,1,65,45,3,61,31,0,,,,,,,2,0,40,0,4,0,2,0,2,0,4,2,35.715070000000004,139.47727805555556,7,3,,,,
1,30,895,143,2,0,1,30000,0,211,2021,7,4,0,25,22,,,,,2,1,1,14,7,0,23,0,23,2,9,1,70,5,2,1,65,1,3,61,31,0,,,,,,,2,0,20,0,3,0,2,0,2,0,4,2,35.723687222222225,139.51045055555556,1,3,,,,
1,30,101,70,2,0,1,90000,0,101,2021,7,30,1,20,22,,,,,1,1,1,14,7,0,23,0,23,1,9,1,70,5,4,1,45,45,3,61,1,0,,,,,,,10,0,10,0,3,0,2,0,2,0,4,2,35.671842777777776,139.76007055555556,6,3,,,,
1,30,102,66,2,0,1,10050,0,101,2021,8,21,15,21,12,,,,,1,1,1,1,1,9,22,0,23,18,6,30,70,1,1,1,65,25,3,61,31,0,,,,,,,5,0,10,0,3,0,2,0,2,0,4,2,35.69440611111111,139.76361944444446,7,3,,,,
1,30,102,70,2,0,1,20000,0,101,2021,8,28,7,5,12,,,,,2,1,1,1,1,9,22,0,23,18,9,30,70,1,1,1,45,45,13,61,31,0,,,,,,,3,0,10,0,3,0,2,0,2,0,4,2,35.696780277777776,139.76532277777778,7,3,,,,
1,30,102,71,2,0,1,10000,0,101,2021,8,31,14,50,12,,,,,2,1,1,14,7,0,23,0,23,3,9,1,70,5,4,1,55,65,11,61,31,0,,,,,,,5,0,30,0,3,0,2,0,2,0,4,2,35.69411972222222,139.76628888888888,3,3,,,,
1,30,103,77,2,0,1,30000,0,101,2021,8,25,23,10,22,,,,,1,1,1,14,7,0,23,0,23,4,9,1,70,4,2,1,65,45,3,61,1,0,,,,,,,10,0,50,0,3,0,2,0,2,0,4,2,35.69960222222222,139.77196194444446,4,3,,,,
1,30,103,80,2,0,1,20070,0,101,2021,8,28,15,45,12,,,,,1,1,1,14,7,0,23,0,23,1,8,1,70,5,2,1,55,75,3,61,31,0,,,,,,,4,0,50,0,3,0,2,0,2,0,4,2,35.69654055555555,139.77055833333335,7,3,,,,
1,30,103,81,2,0,1,20070,0,101,2021,8,30,21,40,22,,,,,1,1,1,14,7,0,23,0,23,6,9,1,70,4,1,1,1,45,34,61,31,0,,,,,,,4,0,10,0,3,0,0,0,0,0,4,2,35.699904999999994,139.77130611111113,2,3,,,,
1,30,104,128,2,0,1,30000,0,102,2021,8,11,7,0,12,,,,,1,1,1,14,7,0,23,0,23,3,9,1,70,5,3,1,75,35,3,61,31,0,,,,,,,2,0,30,0,4,0,2,0,2,0,4,2,35.67415305555555,139.77717694444445,4,3,,,,
1,30,104,131,2,0,1,30000,0,102,2021,8,13,7,41,12,,,,,3,1,2,1,7,1,22,0,23,15,9,30,70,4,2,1,65,45,3,61,31,0,,,,,,,5,0,20,0,3,0,2,0,2,0,4,2,35.676604999999995,139.77345027777778,6,3,,,,
1,30,104,141,2,0,1,10040,0,102,2021,8,23,19,25,22,,,,,1,1,1,14,7,0,23,0,23,5,9,1,70,4,2,1,35,45,51,61,0,0,,,,,,,0,0,10,0,3,0,0,0,0,0,4,2,35.6823675,139.77444472222223,2,3,,,,
1,30,106,117,2,0,1,10020,0,102,2021,3,23,10,0,12,,,,,1,1,1,14,7,0,23,0,23,5,9,1,70,1,2,1,75,0,61,0,0,0,,,,,,,0,0,0,0,0,0,0,0,0,0,2,0,35.66492611111111,139.7720825,3,3,,,,
1,30,106,119,2,0,1,30000,0,102,2021,8,2,8,20,12,,,,,1,1,1,1,1,9,22,0,23,14,9,30,70,5,2,1,75,25,3,61,1,0,,,,,,,2,0,10,0,3,0,2,0,2,0,4,2,35.667716388888884,139.7673452777778,2,3,,,,
1,30,106,121,2,0,1,30000,0,102,2021,8,6,8,55,12,,,,,1,1,1,1,1,9,22,0,23,18,9,30,70,1,2,1,45,25,3,61,31,0,,,,,,,2,0,10,0,3,0,2,0,2,0,4,2,35.666172777777774,139.76524444444445,6,3,,,,
1,30,106,124,2,0,1,30000,0,102,2021,8,13,18,38,21,,,,,3,1,2,1,1,9,22,0,23,14,9,30,70,4,2,1,1,25,3,61,31,0,,,,,,,3,0,10,0,3,0,2,0,2,0,4,4,35.672889166666664,139.77851527777779,6,3,,,,
1,30,106,133,2,0,1,30000,0,102,2021,8,28,0,30,22,,,,,1,1,1,1,7,1,21,0,23,14,9,30,70,5,2,1,65,55,3,61,1,0,,,,,,,10,0,20,0,3,0,2,0,2,0,4,2,35.67191694444444,139.76059777777778,7,3,,,,
1,30,107,66,2,0,1,99000,0,102,2021,8,16,10,10,12,,,,,1,1,1,0,7,0,23,0,23,0,0,20,70,0,4,1,25,45,52,61,0,0,,,,,,,0,0,10,0,4,0,0,0,0,0,4,2,35.65946361111111,139.77681472222224,2,3,,,,
1,30,108,109,2,0,1,30000,0,103,2021,8,7,22,28,22,,,,,2,1,1,1,7,9,22,0,23,11,9,30,70,5,3,1,55,45,3,61,1,0,,,,,,,2,0,70,0,4,0,2,0,2,0,4,2,35.66482583333333,139.75817555555557,7,2,,,,
1,30,108,112,2,0,1,30000,0,103,2021,8,2,9,45,12,,,,,1,1,1,14,7,0,23,0,23,3,9,1,70,5,2,1,65,45,3,61,1,0,,,,,,,2,0,50,0,4,0,2,0,2,0,4,2,35.66695305555555,139.75856611111112,2,3,,,,
1,30,108,116,2,0,1,30000,0,103,2021,8,18,17,40,13,,,,,1,1,1,14,7,0,23,0,23,4,9,1,70,1,1,1,55,25,13,61,31,0,,,,,,,10,0,30,0,4,0,2,0,2,0,4,2,35.65677361111111,139.7559838888889,4,3,,,,
1,30,109,90,2,0,1,10070,0,103,2021,8,21,8,40,12,,,,,2,1,1,1,8,8,22,0,23,17,9,30,70,1,1,1,35,45,51,61,0,0,,,,,,,0,0,10,0,3,0,0,0,0,0,4,2,35.63782277777778,139.75245694444445,7,3,,,,
1,30,110,64,2,0,1,20120,0,103,2021,7,30,8,45,12,,,,,3,1,2,14,7,0,23,0,23,4,8,1,70,1,2,1,35,25,51,61,0,0,,,,,,,0,0,10,0,3,0,0,0,0,0,4,2,35.64202861111111,139.72214333333335,6,3,,,,
1,30,111,138,2,0,1,30000,0,103,2021,8,3,7,59,12,,,,,2,1,2,0,7,0,23,0,23,0,0,20,70,0,4,1,25,1,13,61,31,0,,,,,,,10,0,60,0,4,0,2,0,2,0,4,2,35.65230472222222,139.73277027777777,3,3,,,,
1,30,111,151,2,0,1,30000,0,103,2021,8,15,19,32,22,,,,,3,1,2,1,7,1,21,0,23,11,9,30,70,5,1,1,45,35,3,61,1,0,,,,,,,2,0,50,0,3,0,2,0,2,0,4,2,35.6538325,139.73617277777777,1,3,,,,
1,30,111,155,2,0,1,30000,0,103,2021,8,6,21,52,22,,,,,1,1,1,1,7,9,22,0,23,11,9,30,70,5,4,1,65,35,3,61,1,0,,,,,,,10,0,60,0,3,0,2,0,2,0,4,2,35.66327666666667,139.73400249999997,6,3,,,,
1,30,112,105,2,0,1,30000,0,103,2021,8,16,12,52,12,,,,,3,1,2,14,7,0,23,0,23,3,9,1,70,4,2,1,55,75,3,61,1,0,,,,,,,2,0,40,0,4,0,2,0,2,0,4,2,35.66994833333333,139.7319913888889,2,3,,,,
1,30,112,108,2,0,1,99000,0,103,2021,4,3,10,30,12,,,,,1,1,1,0,7,0,23,0,23,0,0,20,70,0,4,1,25,45,14,61,31,0,,,,,,,10,0,10,0,4,0,2,0,2,0,4,2,35.67783972222222,139.7346475,7,3,,,,
1,30,112,109,2,0,1,99000,0,103,2021,8,13,18,5,13,,,,,3,1,1,0,7,0,23,0,23,0,0,20,70,0,2,1,45,65,3,61,1,0,,,,,,,1,0,10,0,3,0,2,0,2,0,4,2,35.6722225,139.73498055555555,6,3,,,,
1,30,113,198,2,0,1,85000,0,108,2021,8,11,7,55,12,,,,,1,1,5,1,7,9,22,0,23,15,9,30,70,1,2,1,45,45,13,61,31,0,,,,,,,5,0,30,0,3,0,2,0,2,0,4,2,35.643676944444444,139.81849222222223,4,3,,,,
1,30,113,202,2,0,1,3570,0,108,2021,8,15,19,7,21,,,,,3,1,2,1,1,9,22,0,23,18,9,30,70,1,2,1,45,65,3,61,31,0,,,,,,,5,0,10,0,3,0,2,0,2,0,4,2,35.64053388888889,139.80247916666667,1,3,,,,
1,30,113,215,2,0,1,30000,0,108,2021,8,31,21,22,22,,,,,3,1,2,1,1,9,22,0,23,15,9,30,70,1,2,1,45,35,3,61,31,0,,,,,,,3,0,10,0,3,0,2,0,2,0,4,2,35.650264444444446,139.8088891666667,3,3,,,,
1,30,215,70,2,0,2,10160,0,109,2021,8,3,23,10,22,,,,,1,1,1,14,7,0,23,0,23,5,9,1,70,4,2,1,25,1,3,61,31,0,,,,,,,4,0,30,0,3,0,2,0,2,0,4,2,35.620179722222225,139.74581777777777,3,3,,,,
1,30,215,73,2,0,1,30000,0,109,2021,7,1,13,20,12,,,,,2,1,1,14,7,0,23,0,23,1,9,1,1,5,3,1,35,35,3,61,1,0,,,,,,,2,0,40,0,3,0,2,0,2,0,4,2,35.612434722222226,139.7275338888889,5,3,,,,
1,30,215,76,2,0,1,99000,0,109,2021,8,18,12,55,12,,,,,1,1,1,0,7,0,23,0,23,0,0,20,70,0,4,1,35,35,3,61,31,0,,,,,,,10,0,10,0,3,0,2,0,2,0,4,2,35.607058333333335,139.74338388888887,4,3,,,,
1,30,216,92,2,0,1,30000,0,109,2021,8,9,21,1,22,,,,,1,1,1,1,1,9,22,0,23,15,9,30,70,4,1,1,55,25,3,61,31,0,,,,,,,3,0,10,0,3,0,2,0,2,0,4,2,35.60687055555556,139.74528444444442,2,1,,,,
1,30,217,90,2,0,1,10,101,109,2021,4,7,15,15,12,,,,,1,1,1,14,7,0,23,0,23,4,9,1,70,1,2,1,75,0,61,0,0,0,,,,,,,0,0,0,0,0,0,0,0,0,0,2,0,35.625616666666666,139.72222555555555,4,3,,,,
1,30,217,98,2,0,1,10,109,109,2021,8,16,14,55,12,,,,,3,1,2,14,7,0,23,0,23,6,8,1,70,1,1,1,45,55,51,61,0,0,,,,,,,0,0,10,0,3,0,0,0,0,0,4,2,35.61911111111111,139.71873083333332,2,3,,,,
1,30,217,104,2,0,1,30000,0,109,2021,8,26,15,45,12,,,,,1,1,1,14,7,0,23,0,23,2,8,1,70,5,4,1,45,35,3,61,1,0,,,,,,,2,0,40,0,3,0,2,0,2,0,4,2,35.63113777777778,139.7163608333333,5,3,,,,
1,30,218,192,2,0,1,10170,0,109,2021,5,23,20,58,22,,,,,1,1,1,1,1,9,22,0,23,18,9,30,70,4,1,1,25,55,33,61,31,0,,,,,,,4,0,10,0,3,0,0,0,0,0,4,2,35.60498833333333,139.69931277777778,1,3,,,,
1,30,218,197,2,0,1,30000,0,109,2021,8,11,6,37,12,,,,,1,1,1,1,1,9,22,0,23,15,9,30,70,5,1,1,55,75,3,61,31,0,,,,,,,1,0,10,0,4,0,2,0,2,0,4,2,35.61992722222222,139.71637583333333,4,3,,,,
1,30,218,201,2,0,1,30000,0,109,2021,8,17,14,5,12,,,,,3,1,2,1,7,1,21,0,23,14,9,30,70,5,3,1,55,1,14,61,31,0,,,,,,,2,0,40,0,3,0,2,0,2,0,4,2,35.613106944444446,139.7081025,3,3,,,,
1,30,218,202,2,0,1,30000,0,109,2021,7,16,20,20,22,,,,,1,1,1,1,7,9,22,0,23,11,9,30,70,5,3,1,25,35,3,61,31,0,,,,,,,2,0,40,0,4,0,2,0,2,0,4,2,35.61474444444445,139.71970777777778,6,3,,,,
1,30,218,205,2,0,1,20190,0,109,2021,8,30,11,0,12,,,,,1,1,1,1,1,9,22,0,23,11,9,30,70,4,1,1,65,35,3,61,31,0,,,,,,,3,0,10,0,4,0,2,0,2,0,4,2,35.61922722222222,139.70367666666667,2,3,,,,
1,30,218,207,2,0,1,30000,0,109,2021,8,9,19,45,22,,,,,1,1,1,1,7,1,21,0,23,17,9,30,70,1,2,1,55,45,3,61,1,0,,,,,,,2,0,10,0,4,0,2,0,2,0,4,2,35.60795388888889,139.70438166666665,2,1,,,,
1,30,219,278,2,0,1,20180,0,111,2021,7,29,6,40,12,,,,,2,1,1,1,1,9,22,0,23,15,9,30,70,4,2,1,1,75,36,61,31,0,,,,,,,2,0,10,0,4,0,0,0,0,0,4,2,35.579526388888894,139.71982416666665,5,3,,,,
1,30,220,158,2,0,1,30000,0,111,2021,7,31,17,10,12,,,,,1,1,1,1,7,1,21,0,23,11,9,30,70,5,3,1,35,55,14,61,31,0,,,,,,,10,0,10,0,4,0,2,0,2,0,4,2,35.59466166666667,139.68521194444446,7,3,,,,
1,30,220,162,2,0,4,10170,0,111,2021,8,11,8,43,12,,,,,1,1,1,14,1,0,23,0,23,2,9,1,70,4,1,1,1,65,35,61,31,0,,,,,,,4,0,20,0,3,0,0,0,0,0,2,2,35.59514111111111,139.68164194444444,4,3,,,,
1,30,220,170,2,0,1,30000,0,111,2021,8,24,9,27,12,,,,,1,1,1,1,7,9,22,0,23,15,9,30,70,4,2,1,55,75,13,61,31,0,,,,,,,2,0,10,0,4,0,2,0,2,0,4,2,35.60654805555556,139.68706916666667,3,3,,,,
1,30,220,171,2,0,1,30000,0,111,2021,8,26,16,30,12,,,,,1,1,1,14,7,0,23,0,23,2,9,1,70,5,3,1,75,65,3,61,31,0,,,,,,,2,0,10,0,2,0,2,0,2,0,4,2,35.590116388888895,139.68222277777778,5,3,,,,
1,30,220,174,2,0,1,30000,0,111,2021,8,29,11,0,12,,,,,1,1,1,14,7,0,23,0,23,3,9,1,70,5,4,1,35,35,51,61,0,0,,,,,,,0,0,40,0,4,0,0,0,0,0,4,2,35.58555527777778,139.68192527777776,1,3,,,,
1,30,221,245,2,0,1,95000,0,111,2021,8,1,10,16,12,,,,,1,1,1,0,7,0,23,0,23,0,0,20,70,0,4,1,65,55,3,61,31,0,,,,,,,10,0,50,0,3,0,2,0,2,0,4,2,35.55541611111111,139.71427666666665,1,3,,,,
1,30,221,250,2,0,1,30000,0,111,2021,8,6,16,23,12,,,,,1,1,1,1,1,9,21,0,23,14,9,30,70,4,2,1,55,75,3,61,31,0,,,,,,,10,0,50,0,3,0,2,0,2,0,4,2,35.55151444444444,139.72965583333334,6,3,,,,
1,30,222,142,2,0,1,30000,0,111,2021,8,2,18,30,13,,,,,2,1,1,7,7,0,23,0,23,3,9,1,70,5,3,1,1,0,61,0,0,0,,,,,,,0,0,0,0,0,0,0,0,0,0,2,0,35.566248055555555,139.70256333333333,2,3,,,,
1,30,222,146,2,0,1,30000,0,111,2021,8,6,5,57,12,,,,,1,1,1,14,7,0,23,0,23,2,9,1,70,4,3,1,1,65,36,61,31,0,,,,,,,2,0,10,0,3,0,0,0,0,0,4,2,35.58250277777778,139.70933388888886,6,3,,,,
1,30,222,150,2,0,1,30000,0,111,2021,8,11,16,35,12,,,,,1,1,1,1,7,9,22,0,23,11,9,30,1,5,3,1,55,1,3,61,31,0,,,,,,,2,0,10,0,4,0,2,0,2,0,4,2,35.5869025,139.70177666666666,4,3,,,,
1,30,222,151,2,0,1,30000,0,111,2021,8,13,21,55,22,,,,,3,1,2,14,7,0,23,0,23,3,8,1,70,5,3,1,45,45,51,61,0,0,,,,,,,0,0,10,0,3,0,0,0,0,0,4,2,35.580325,139.69208916666668,6,3,,,,
1,30,222,160,2,0,1,10200,0,111,2021,8,27,9,25,12,,,,,1,1,1,1,1,9,22,0,23,19,9,30,70,1,2,1,25,75,3,61,31,0,,,,,,,10,0,10,0,4,0,2,0,2,0,4,2,35.56779055555556,139.69319305555555,6,3,,,,
1,30,325,168,2,0,1,30000,0,112,2021,8,5,8,30,12,,,,,1,1,1,14,7,0,23,0,23,1,9,1,70,5,3,1,45,1,51,61,0,0,,,,,,,0,0,10,0,3,0,0,0,0,0,4,2,35.642290277777775,139.6715975,5,3,,,,