資料区分,都道府県コード,警察署等コード,本票番号,事故内容,死者数,負傷者数,路線コード,地点コード,市区町村コード,発生日時　　年,発生日時　　月,発生日時　　日,発生日時　　時,発生日時　　分,昼夜,日の出時刻　　時,日の出時刻　　分,日の入り時刻　　時,日の入り時刻　　分,天候,地形,路面状態,道路形状,信号機,一時停止規制　標識（当事者A）,一時停止規制　表示（当事者A）,一時停止規制　標識（当事者B）,一時停止規制　表示（当事者B）,車道幅員,道路線形,衝突地点,ゾーン規制,中央分離帯施設等,歩車道区分,事故類型,年齢（当事者A）,年齢（当事者B）,当事者種別（当事者A）,当事者種別（当事者B）,用途別（当事者A）,用途別（当事者B）,車両形状等（当事者A）,車両形状等（当事者B）,オートマチック車（当事者A）,オートマチック車（当事者B）,サポカー（当事者A）,サポカー（当事者B）,速度規制（指定のみ）（当事者A）,速度規制（指定のみ）（当事者B）,車両の衝突部位（当事者A）,車両の衝突部位（当事者B）,車両の損壊程度（当事者A）,車両の損壊程度（当事者B）,エアバッグの装備（当事者A）,エアバッグの装備（当事者B）,サイドエアバッグの装備（当事者A）,サイドエアバッグの装備（当事者B）,人身損傷程度（当事者A）,人身損傷程度（当事者B）,lat,lon,曜日(発生年月日),祝日(発生年月日),認知機能検査経過日数（当事者A）,認知機能検査経過日数（当事者B）,運転練習の方法（当事者A）,運転練習の方法（当事者B）
1,30,325,169,2,0,1,2460,78,112,2021,7,14,17,55,12,,,,,1,1,1,14,7,0,23,0,23,2,9,1,70,1,1,1,1,35,51,61,0,0,,,,,,,0,0,10,0,4,0,0,0,0,0,4,2,35.64454805555555,139.6735075,4,3,,,,
1,30,325,180,2,0,1,20240,0,112,2021,8,1,9,7,12,,,,,1,1,1,1,7,1,21,0,23,14,9,30,70,5,2,1,45,35,3,61,1,0,,,,,,,10,0,10,0,3,0,2,0,2,0,4,2,35.62838444444444,139.67948055555556,1,3,,,,
1,30,325,182,2,0,1,30000,0,112,2021,6,18,8,20,12,,,,,1,1,1,14,7,0,23,0,23,2,9,20,1,5,3,1,1,55,51,61,0,0,,,,,,,0,0,20,0,4,0,0,0,0,0,4,2,35.64767833333333,139.6760972222222,6,3,,,,
1,30,326,241,2,0,1,30000,0,112,2021,6,12,17,30,12,,,,,1,1,1,14,7,0,23,0,23,2,9,1,70,5,3,1,75,75,51,61,0,0,,,,,,,0,0,10,0,3,0,0,0,0,0,2,4,35.65174111111111,139.6324727777778,7,3,,,,
1,30,326,246,2,0,1,30000,0,112,2021,8,4,19,50,22,,,,,1,1,1,14,7,0,23,0,23,2,9,1,70,5,4,1,45,1,51,61,0,0,,,,,,,0,0,10,0,4,0,0,0,0,0,4,2,35.65845111111111,139.67333833333333,4,3,,,,
1,30,326,248,2,0,1,30000,0,112,2021,8,6,9,25,12,,,,,1,1,1,14,7,0,23,0,23,3,9,1,70,5,2,1,35,75,51,61,0,0,,,,,,,0,0,10,0,3,0,0,0,0,0,4,2,35.660244722222224,139.64184749999998,6,3,,,,
1,30,326,256,2,0,1,30000,0,112,2021,7,16,15,55,12,,,,,1,1,1,1,7,9,22,0,23,11,9,30,70,5,1,1,65,35,36,61,31,0,,,,,,,2,0,40,0,4,0,0,0,0,0,4,2,35.66269222222222,139.6691688888889,6,3,,,,
1,30,326,261,2,0,1,30000,0,112,2021,8,12,10,55,12,,,,,2,1,1,14,7,0,23,0,23,3,9,1,70,5,3,1,35,75,4,61,31,0,,,,,,,2,0,10,0,3,0,2,0,2,0,4,2,35.650751666666665,139.6371538888889,5,3,,,,
1,30,326,265,2,0,1,30000,0,112,2021,8,21,17,50,13,,,,,1,1,1,14,7,0,23,0,23,2,9,1,70,5,4,1,55,75,13,61,31,0,,,,,,,10,0,40,0,4,0,2,0,2,0,4,2,35.66889361111111,139.6513602777778,7,3,,,,
1,30,326,280,2,0,1,95000,0,112,2021,8,28,15,15,12,,,,,1,1,1,14,7,0,23,0,23,2,9,20,70,5,3,1,55,45,3,61,31,0,,,,,,,5,0,10,0,3,0,2,0,2,0,4,2,35.65094861111111,139.6371538888889,7,3,,,,
1,30,327,270,2,0,2,30000,0,112,2021,8,2,10,7,12,,,,,1,1,1,14,7,0,23,0,23,2,9,1,70,5,3,1,75,55,52,61,0,0,,,,,,,0,0,10,0,3,0,0,0,0,0,2,2,35.61801583333333,139.6552213888889,2,3,,,,
1,30,327,271,2,0,1,30000,0,112,2021,8,2,17,20,12,,,,,1,1,1,1,1,9,22,0,23,14,9,30,70,5,2,1,75,65,3,61,31,0,,,,,,,3,0,40,0,3,0,2,0,2,0,4,2,35.63018111111111,139.6395575,2,3,,,,
1,30,327,281,2,0,1,2460,135,112,2021,8,17,2,33,22,,,,,1,1,1,1,1,9,22,0,23,19,9,30,70,1,2,1,1,1,3,61,31,0,,,,,,,5,0,0,0,4,0,2,0,2,0,4,2,35.613414722222224,139.6271416666667,3,3,,,,
1,30,328,259,2,0,1,30000,0,112,2021,8,6,11,55,12,,,,,1,1,1,1,7,9,22,0,23,11,9,30,70,5,2,1,1,45,51,61,0,0,,,,,,,0,0,10,0,3,0,0,0,0,0,4,2,35.669154999999996,139.600765,6,3,,,,
1,30,328,260,2,0,1,10210,0,112,2021,8,17,6,35,12,,,,,2,1,1,1,1,9,22,0,23,15,9,30,70,5,2,1,45,75,11,61,1,0,,,,,,,3,0,10,0,3,0,2,0,2,0,4,2,35.63515861111111,139.61616166666667,3,3,,,,
1,30,328,262,2,0,1,30000,0,112,2021,8,17,9,50,12,,,,,3,1,1,14,7,0,23,0,23,3,9,1,70,4,3,1,65,45,3,61,31,0,,,,,,,5,0,40,0,3,0,2,0,2,0,4,2,35.64098111111111,139.61003416666665,3,3,,,,
1,30,329,137,2,0,1,10160,0,110,2021,6,22,14,35,12,,,,,1,1,1,14,7,0,23,0,23,3,9,1,70,1,2,1,65,35,3,61,1,0,,,,,,,5,0,0,0,4,0,2,0,2,0,4,2,35.63158416666667,139.7091922222222,3,3,,,,
1,30,330,140,2,0,1,10080,0,110,2021,8,11,18,50,21,,,,,1,1,1,1,1,9,22,0,23,17,9,30,70,1,2,1,55,1,14,61,31,0,,,,,,,2,0,50,0,4,0,2,0,2,0,4,2,35.61582555555556,139.6830922222222,4,3,,,,
1,30,330,142,2,0,1,30000,0,110,2021,7,30,17,45,12,,,,,2,1,1,7,7,0,23,0,23,3,9,1,70,1,2,1,75,55,3,61,31,0,,,,,,,4,0,50,0,3,0,2,0,2,0,4,2,35.614044722222225,139.66762194444445,6,3,,,,
1,30,330,153,2,0,1,30000,0,110,2021,8,20,18,20,13,,,,,1,1,1,14,7,0,23,0,23,3,9,1,70,4,3,1,75,45,3,61,31,0,,,,,,,2,0,40,0,4,0,2,0,2,0,4,2,35.61233722222222,139.69338416666668,6,3,,,,
1,30,330,158,2,0,1,30000,0,110,2021,2,4,7,45,12,,,,,1,1,1,14,7,0,23,0,23,3,9,1,70,4,3,1,25,0,61,0,0,0,,,,,,,0,0,0,0,0,0,0,0,0,0,2,0,35.62495583333333,139.69455555555555,5,3,,,,
1,30,331,164,2,0,1,10650,0,110,2021,8,5,15,19,12,,,,,1,1,1,14,7,0,23,0,23,3,9,1,70,4,2,1,1,25,3,61,31,0,,,,,,,4,0,40,0,4,0,2,0,2,0,4,2,35.653150833333335,139.6941225,5,3,,,,
1,30,331,168,2,0,1,10090,0,113,2021,8,27,16,10,12,,,,,1,1,1,14,7,0,23,0,23,4,9,1,70,1,2,1,55,65,51,61,0,0,,,,,,,0,0,10,0,4,0,0,0,0,0,4,2,35.648449722222225,139.71399722222222,6,3,,,,
1,30,332,77,2,0,1,10090,0,113,2021,8,2,11,24,12,,,,,1,1,1,14,7,0,23,0,23,4,9,1,70,4,1,1,55,25,3,61,1,0,,,,,,,4,0,10,0,3,0,2,0,2,0,4,2,35.66906583333333,139.70592305555553,2,3,,,,
1,30,332,79,2,0,2,10090,0,113,2021,8,6,17,40,12,,,,,1,1,1,14,7,0,23,0,23,4,9,1,70,4,1,1,25,1,51,61,0,0,,,,,,,0,0,10,0,4,0,0,0,0,0,4,2,35.67274027777778,139.70790388888886,6,3,,,,
1,30,332,80,2,0,1,30000,0,113,2021,8,1,17,54,13,,,,,1,1,1,1,7,1,21,0,23,15,9,30,70,4,2,1,45,25,3,61,1,0,,,,,,,3,0,30,0,4,0,2,0,2,0,4,2,35.688139166666666,139.6990561111111,1,3,,,,
1,30,332,88,2,0,1,30000,0,113,2021,7,26,22,20,22,,,,,2,1,1,1,7,1,22,0,23,14,9,30,70,4,2,1,25,25,14,61,31,0,,,,,,,10,0,10,0,4,0,2,0,2,0,4,2,35.6867725,139.69702972222223,2,3,,,,
1,30,333,102,2,0,1,20330,0,113,2021,8,20,7,23,12,,,,,1,1,1,1,1,9,22,0,23,14,9,30,70,4,1,1,25,65,13,61,31,0,,,,,,,3,0,10,0,3,0,2,0,2,0,4,2,35.683335,139.6843563888889,6,3,,,,
1,30,333,104,2,0,1,30000,0,113,2021,8,22,9,0,12,,,,,1,1,1,1,7,1,21,0,23,11,8,30,70,5,3,1,55,75,3,61,31,0,,,,,,,1,0,60,0,3,0,2,0,2,0,4,2,35.673429444444444,139.67798138888887,1,3,,,,
1,30,436,169,2,0,1,30000,0,104,2021,8,10,23,18,22,,,,,1,1,1,1,7,9,22,0,23,15,9,30,70,5,4,1,65,1,3,61,1,0,,,,,,,2,0,40,0,4,0,2,0,2,0,4,2,35.69683916666666,139.7038122222222,3,3,,,,
1,30,436,170,2,0,1,10090,0,104,2021,8,8,15,51,12,,,,,1,1,1,1,1,9,22,0,23,14,9,30,70,1,2,1,55,25,3,61,1,0,,,,,,,4,0,10,0,3,0,2,0,2,0,4,2,35.69502,139.70699499999998,1,1,,,,
1,30,436,177,2,0,1,20000,0,104,2021,8,25,20,10,22,,,,,1,1,1,1,7,9,22,0,23,14,9,30,70,5,2,1,35,75,14,61,1,0,,,,,,,10,0,10,0,3,0,2,0,2,0,4,2,35.69486555555555,139.7060938888889,4,3,,,,
1,30,437,127,2,0,1,10220,0,104,2021,8,11,7,20,12,,,,,1,1,1,14,7,0,23,0,23,3,8,1,70,4,2,1,75,35,3,61,31,0,,,,,,,3,0,40,0,3,0,2,0,2,0,4,2,35.71127111111112,139.6907111111111,4,3,,,,
1,30,437,130,2,0,1,30000,0,104,2021,8,16,14,20,12,,,,,3,1,2,14,7,0,23,0,23,1,9,20,70,5,4,1,1,25,3,61,31,0,,,,,,,1,0,10,0,3,0,2,0,2,0,4,2,35.71319944444445,139.70323055555554,2,3,,,,
1,30,437,131,2,0,1,30000,0,104,2021,8,19,19,20,21,,,,,1,1,1,14,7,0,23,0,23,4,9,1,70,5,1,1,55,25,3,61,31,0,,,,,,,2,0,40,0,3,0,2,0,2,0,4,2,35.714265833333336,139.70527055555556,5,3,,,,
1,30,438,95,2,0,1,200,68,104,2021,6,15,18,39,13,,,,,2,1,1,14,1,0,23,0,23,6,9,1,70,1,1,1,55,55,3,61,1,0,,,,,,,10,0,10,0,3,0,2,0,2,0,4,2,35.68781305555555,139.71801055555557,3,3,,,,
1,30,439,185,2,0,1,10220,0,114,2021,6,16,8,20,12,,,,,3,1,2,14,7,0,23,0,23,3,9,1,70,4,2,1,45,0,61,0,0,0,,,,,,,0,0,0,0,0,0,0,0,0,0,2,0,35.708690833333335,139.67475666666667,4,3,,,,
1,30,439,188,2,0,1,20280,0,114,2021,7,17,18,45,13,,,,,1,1,1,1,1,9,22,0,23,14,9,30,70,4,2,1,55,1,3,61,31,0,,,,,,,3,0,20,0,3,0,2,0,2,0,4,2,35.695904999999996,139.66722166666665,7,3,,,,
1,30,439,189,2,0,1,10160,0,114,2021,7,27,20,40,22,,,,,2,1,1,14,7,0,23,0,23,6,9,1,70,1,1,1,25,45,51,61,0,0,,,,,,,0,0,10,0,3,0,0,0,0,0,4,2,35.696349444444444,139.68257194444445,3,3,,,,
1,30,439,190,2,0,1,30000,0,114,2021,7,31,19,55,22,,,,,1,1,1,14,7,0,23,0,23,1,9,1,70,5,4,1,55,0,61,0,0,0,,,,,,,0,0,0,0,0,0,0,0,0,0,2,0,35.70605583333334,139.6710311111111,7,3,,,,
1,30,439,198,2,0,1,10160,0,114,2021,8,11,19,48,22,,,,,1,1,1,14,7,0,23,0,23,3,9,1,70,1,2,1,1,35,51,61,0,0,,,,,,,0,0,40,0,4,0,0,0,0,0,4,2,35.692161388888884,139.68175805555555,4,3,,,,
1,30,439,200,2,0,1,30000,0,114,2021,8,13,14,40,12,,,,,3,1,2,14,7,0,23,0,23,1,9,1,70,5,4,1,65,25,3,61,31,0,,,,,,,10,0,60,0,4,0,2,0,2,0,4,2,35.69913694444444,139.67509916666666,6,3,,,,
1,30,439,202,2,0,1,10230,0,114,2021,8,19,11,27,12,,,,,1,1,1,7,7,0,23,0,23,4,9,1,70,4,2,1,45,1,3,61,31,0,,,,,,,3,0,10,0,3,0,2,0,2,0,4,2,35.68617138888889,139.66945416666667,5,3,,,,
1,30,439,203,2,0,1,10240,0,114,2021,8,19,14,59,12,,,,,1,1,1,7,1,0,23,0,23,6,7,1,70,1,1,1,65,45,3,61,31,0,,,,,,,5,0,40,0,3,0,2,0,2,0,4,2,35.696618611111106,139.6845063888889,5,3,,,,
1,30,439,204,2,0,1,20280,0,114,2021,4,8,7,54,12,,,,,1,1,1,7,3,0,23,0,23,4,9,1,70,4,2,1,65,1,14,61,31,0,,,,,,,3,0,40,0,4,0,2,0,2,0,4,2,35.69100722222222,139.66909027777777,5,3,,,,
1,30,439,206,2,0,1,20280,0,114,2021,8,21,0,0,22,,,,,1,1,1,14,7,0,23,0,23,3,9,1,70,4,2,1,35,25,51,61,0,0,,,,,,,0,0,10,0,4,0,0,0,0,0,4,2,35.70644222222222,139.66553472222222,7,3,,,,
1,30,439,211,2,0,1,30000,0,114,2021,2,10,10,50,12,,,,,1,1,1,13,7,0,23,0,23,2,2,1,70,1,1,1,75,0,61,0,0,0,,,,,,,0,0,0,0,0,0,0,0,0,0,2,0,35.70902055555556,139.6849325,4,2,,,,
1,30,440,153,2,0,1,30000,0,114,2021,8,7,11,0,12,,,,,3,1,2,1,7,0,23,0,23,11,9,30,70,5,4,1,1,0,61,0,0,0,,,,,,,0,0,0,0,0,0,0,0,0,0,2,0,35.71342222222223,139.66913499999998,7,2,,,,
1,30,440,155,2,0,1,30000,0,114,2021,2,25,7,18,12,,,,,1,1,1,13,7,0,23,0,23,2,6,1,70,5,3,1,25,35,13,61,31,0,,,,,,,2,0,0,0,3,0,2,0,2,0,4,2,35.714150555555555,139.65937888888888,5,3,,,,
1,30,440,163,2,0,1,95000,0,114,2021,8,26,15,15,12,,,,,1,1,1,0,7,0,23,0,23,0,0,20,70,0,4,1,35,65,3,61,31,0,,,,,,,10,0,40,0,3,0,2,0,2,0,4,2,35.71546111111111,139.66472666666667,5,3,,,,
1,30,441,202,2,0,1,10240,0,115,2021,7,30,17,14,12,,,,,3,1,2,14,7,0,23,0,23,1,9,20,70,5,4,1,1,65,51,61,0,0,,,,,,,0,0,10,0,3,0,0,0,0,0,4,2,35.704678333333334,139.635895,6,3,,,,
1,30,441,211,2,0,1,10240,0,115,2021,8,5,7,35,12,,,,,1,1,1,14,7,0,23,0,23,1,9,1,70,5,2,1,45,45,51,61,0,0,,,,,,,0,0,10,0,3,0,0,0,0,0,4,2,35.70135555555556,139.63060694444445,5,3,,,,
1,30,441,212,2,0,1,10240,0,115,2021,8,10,22,40,22,,,,,1,1,1,14,7,0,23,0,23,5,9,1,70,4,2,1,45,45,3,61,31,0,,,,,,,5,0,40,0,3,0,2,0,2,0,4,2,35.69771944444444,139.6418222222222,3,3,,,,
1,30,441,215,2,0,1,30000,0,115,2021,5,29,11,49,12,,,,,1,1,1,14,7,0,23,0,23,2,9,1,70,5,3,1,65,45,3,61,31,0,,,,,,,10,0,40,0,4,0,2,0,2,0,4,2,35.70925305555556,139.64980805555555,7,3,,,,
1,30,441,220,2,0,1,30000,0,115,2021,8,21,12,20,12,,,,,2,1,1,14,7,0,23,0,23,2,9,1,70,5,4,1,55,75,59,61,0,0,,,,,,,0,0,10,0,4,0,0,0,0,0,4,2,35.69989777777777,139.63747277777776,7,3,,,,
1,30,441,223,2,0,1,30000,0,115,2021,8,23,18,5,13,,,,,1,1,1,1,7,9,22,0,23,14,9,30,70,5,2,1,35,65,51,61,0,0,,,,,,,0,0,10,0,4,0,0,0,0,0,4,2,35.705180000000006,139.65031611111112,2,3,,,,
1,30,441,225,2,0,1,30000,0,115,2021,8,28,13,10,12,,,,,1,1,1,14,7,0,23,0,23,1,9,1,70,5,3,1,1,45,51,61,0,0,,,,,,,0,0,10,0,4,0,0,0,0,0,4,2,35.70933,139.63461583333333,7,3,,,,
1,30,441,226,2,0,1,30000,0,115,2021,8,28,15,0,12,,,,,1,1,1,7,7,0,23,0,23,2,9,1,70,4,2,1,45,55,5,61,31,0,,,,,,,3,0,10,0,3,0,2,0,2,0,4,2,35.698031666666665,139.62475944444446,7,3,,,,
1,30,442,200,2,0,1,30000,0,115,2021,8,9,14,32,12,,,,,1,1,1,14,7,0,23,0,23,3,9,1,70,5,3,1,35,0,61,0,0,0,,,,,,,0,0,0,0,0,0,0,0,0,0,2,0,35.685488611111104,139.60808472222223,2,1,,,,
1,30,442,208,2,0,1,10130,0,115,2021,8,28,11,12,12,,,,,1,1,1,14,7,0,23,0,23,5,8,1,70,1,2,1,35,35,51,61,0,0,,,,,,,0,0,20,0,4,0,0,0,0,0,4,2,35.67888361111111,139.65752583333335,7,3,,,,
1,30,443,129,2,0,1,30000,0,115,2021,8,4,20,0,22,,,,,1,1,1,14,7,0,23,0,23,3,9,1,70,4,2,1,1,45,51,61,0,0,,,,,,,0,0,20,0,4,0,0,0,0,0,4,2,35.7036425,139.62598888888888,4,3,,,,
1,30,443,133,2,0,1,30000,0,115,2021,8,14,18,35,21,,,,,3,1,2,1,7,1,21,0,23,14,9,30,1,4,3,1,65,25,3,61,1,0,,,,,,,2,0,10,0,4,0,2,0,2,0,4,2,35.703028055555556,139.6252188888889,7,3,,,,
1,30,443,134,2,0,1,30000,0,115,2021,8,14,16,40,12,,,,,3,1,2,1,7,9,22,0,23,14,9,30,1,4,3,1,35,45,3,61,31,0,,,,,,,2,0,40,0,4,0,2,0,2,0,4,2,35.712935,139.60195583333334,7,3,,,,
1,30,443,142,2,0,1,10200,0,115,2021,8,25,19,10,21,,,,,1,1,1,1,1,9,22,0,23,18,9,30,70,1,2,1,25,35,35,61,31,0,,,,,,,2,0,10,0,4,0,0,0,0,0,4,2,35.70548361111111,139.61579916666665,4,3,,,,
1,30,545,69,2,0,1,2540,8,105,2021,8,13,20,45,22,,,,,3,1,2,1,1,9,22,0,23,19,9,30,70,1,1,1,35,25,3,61,1,0,,,,,,,4,0,10,0,3,0,2,0,2,0,4,2,35.70831611111112,139.75188444444444,6,3,,,,
1,30,546,81,2,0,1,10280,0,105,2021,7,25,13,55,12,,,,,1,1,1,14,7,0,23,0,23,3,9,1,70,1,1,1,1,35,51,61,0,0,,,,,,,0,0,10,0,4,0,0,0,0,0,4,2,35.70957166666667,139.7285202777778,1,3,,,,
1,30,547,77,2,0,1,170,35,105,2021,8,17,11,42,12,,,,,3,1,2,14,7,0,23,0,23,5,9,1,70,4,1,1,45,75,3,61,31,0,,,,,,,4,0,10,0,3,0,2,0,2,0,4,2,35.71006916666667,139.760205,3,3,,,,
1,30,547,79,2,0,1,30000,0,105,2021,8,5,18,53,21,,,,,1,1,1,14,7,0,23,0,23,2,9,1,70,5,2,1,65,25,3,61,1,0,,,,,,,2,0,30,0,4,0,2,0,2,0,4,2,35.71496777777778,139.762955,5,3,,,,
1,30,548,40,2,0,1,20370,0,105,2021,8,3,18,0,13,,,,,1,1,1,13,7,0,23,0,23,4,3,1,70,4,1,1,45,75,36,61,31,0,,,,,,,10,0,10,0,4,0,0,0,0,0,4,2,35.728258333333336,139.7635547222222,3,3,,,,
1,30,548,44,2,0,1,30000,0,105,2021,8,20,0,40,22,,,,,1,1,1,14,7,0,23,0,23,2,9,1,70,5,3,1,1,35,3,61,31,0,,,,,,,10,0,10,0,3,0,2,0,2,0,4,2,35.73162416666667,139.75079555555556,6,3,,,,
1,30,549,59,2,0,1,30000,0,116,2021,7,21,1,48,22,,,,,1,1,1,14,7,0,23,0,23,3,9,1,70,5,1,1,55,25,3,61,1,0,,,,,,,10,0,10,0,3,0,2,0,2,0,4,2,35.73235972222223,139.72829194444444,4,2,,,,
1,30,550,134,2,0,1,30770,0,116,2021,8,8,3,5,22,,,,,3,1,2,1,1,9,22,0,23,18,9,30,70,1,2,1,65,65,3,61,1,0,,,,,,,10,0,10,0,3,0,2,0,2,0,4,2,35.73446,139.70963527777778,1,1,,,,
1,30,550,137,2,0,2,10090,0,116,2021,8,11,0,55,22,,,,,1,1,1,1,1,9,22,0,23,19,9,30,70,1,2,1,45,1,3,61,1,0,,,,,,,4,0,10,0,3,0,2,0,2,0,4,2,35.73364027777778,139.7168575,4,3,,,,
1,30,550,139,2,0,1,95000,0,116,2021,8,16,9,11,12,,,,,2,1,1,14,7,0,23,0,23,2,9,1,70,5,2,1,1,55,51,61,0,0,,,,,,,0,0,10,0,3,0,0,0,0,0,4,2,35.728968055555555,139.70454916666665,2,3,,,,
1,30,550,148,2,0,1,30000,0,116,2021,8,29,1,20,22,,,,,1,1,1,1,7,9,22,0,23,11,9,30,70,5,3,1,25,25,3,61,31,0,,,,,,,10,0,10,0,3,0,2,0,2,0,4,2,35.73497666666667,139.71756861111112,1,3,,,,
1,30,550,150,2,0,1,30000,0,116,2021,8,30,17,59,13,,,,,1,1,1,1,7,9,22,0,23,15,9,30,70,5,1,1,35,45,3,61,31,0,,,,,,,10,0,10,0,3,0,2,0,2,0,4,2,35.731585555555554,139.70928833333332,2,3,,,,
1,30,550,152,2,0,1,10090,0,116,2021,8,23,20,33,22,,,,,1,1,1,14,7,0,23,0,23,6,9,1,70,3,1,1,25,35,51,61,0,0,,,,,,,0,0,10,0,4,0,0,0,0,0,4,2,35.73599333333333,139.719355,2,3,,,,
1,30,550,153,2,0,1,30000,0,116,2021,6,2,13,50,12,,,,,1,1,1,14,7,0,23,0,23,3,9,1,70,5,3,1,35,35,14,61,1,0,,,,,,,10,0,10,0,3,0,2,0,2,0,4,2,35.73236083333334,139.71615416666666,4,3,,,,
1,30,552,111,2,0,1,10710,0,117,2021,8,2,14,15,12,,,,,1,1,1,14,7,0,23,0,23,4,9,1,70,1,1,1,55,75,51,61,0,0,,,,,,,0,0,40,0,4,0,0,0,0,0,4,2,35.739695833333336,139.76858750000002,2,3,,,,
1,30,552,113,2,0,1,10090,0,117,2021,8,4,19,3,21,,,,,1,1,1,1,1,9,22,0,23,14,9,30,70,4,2,1,65,1,3,61,31,0,,,,,,,4,0,10,0,3,0,2,0,2,0,4,2,35.748104444444444,139.75297333333333,4,3,,,,
1,30,552,124,2,0,1,30000,0,117,2021,8,20,17,50,13,,,,,1,1,1,14,7,0,23,0,23,1,9,1,70,5,4,1,35,1,52,61,0,0,,,,,,,0,0,10,0,4,0,0,0,0,0,4,2,35.74482027777778,139.72438555555556,6,3,,,,
1,30,552,128,2,0,1,30000,0,117,2021,8,31,10,15,12,,,,,2,1,1,13,7,0,23,0,23,1,5,1,70,5,3,1,75,45,3,61,31,0,,,,,,,10,0,80,0,3,0,2,0,2,0,4,2,35.735711944444446,139.76077694444444,3,3,,,,
1,30,553,93,2,0,1,30000,0,117,2021,8,18,10,1,12,,,,,1,1,1,14,7,0,23,0,23,2,9,1,70,5,4,1,65,75,3,61,1,0,,,,,,,1,0,10,0,3,0,2,0,2,0,4,2,35.76384111111111,139.72133833333334,4,3,,,,
1,30,553,94,2,0,1,30000,0,117,2021,8,19,13,52,12,,,,,1,1,1,13,7,0,23,0,23,2,3,1,70,5,1,1,65,75,3,61,1,0,,,,,,,10,0,30,0,4,0,2,0,2,0,4,2,35.760753333333334,139.72204250000001,5,3,,,,
1,30,555,212,2,0,1,30000,0,119,2021,8,8,16,52,12,,,,,1,1,1,14,7,0,23,0,23,3,9,1,1,4,3,1,55,35,3,61,31,0,,,,,,,2,0,40,0,4,0,2,0,2,0,4,2,35.74361416666667,139.7005036111111,1,1,,,,
1,30,555,218,2,0,1,30000,0,119,2021,8,19,14,30,12,,,,,1,1,1,14,7,0,23,0,23,3,9,1,70,4,3,1,45,75,3,61,31,0,,,,,,,2,0,50,0,2,0,1,0,1,0,4,2,35.76146027777778,139.67584166666666,5,3,,,,
1,30,555,223,2,0,1,30000,0,119,2021,8,25,18,50,21,,,,,1,1,1,14,7,0,23,0,23,4,9,1,70,4,2,1,55,75,35,61,31,0,,,,,,,4,0,10,0,3,0,0,0,0,0,4,2,35.748066944444446,139.6970588888889,4,3,,,,
1,30,555,231,2,0,1,30000,0,119,2021,8,28,18,0,13,,,,,1,1,1,1,7,1,21,0,23,15,9,30,1,5,3,1,55,55,13,61,31,0,,,,,,,2,0,10,0,4,0,2,0,2,0,4,2,35.75135222222222,139.68347,7,3,,,,
1,30,556,171,2,0,1,30000,0,119,2021,8,4,7,20,12,,,,,1,1,1,14,7,0,23,0,23,3,9,1,70,4,1,1,25,65,52,61,0,0,,,,,,,0,0,10,0,3,0,0,0,0,0,4,2,35.79375638888889,139.6815786111111,4,3,,,,
1,30,556,174,2,0,1,30000,0,119,2021,8,6,17,35,12,,,,,1,1,1,14,7,0,23,0,23,2,9,1,70,5,4,1,35,35,51,61,0,0,,,,,,,0,0,20,0,4,0,0,0,0,0,4,2,35.79158944444444,139.6901863888889,6,3,,,,
1,30,556,176,2,0,1,30000,0,119,2021,8,9,17,40,13,,,,,1,1,1,7,7,0,23,0,23,2,9,20,70,5,3,1,45,1,36,61,31,0,,,,,,,2,0,10,0,3,0,0,0,0,0,4,2,35.77995972222222,139.66863388888888,2,1,,,,
1,30,556,179,2,0,1,30760,0,119,2021,8,11,9,15,12,,,,,1,1,1,1,7,1,21,0,23,14,9,30,70,5,1,1,25,1,3,61,31,0,,,,,,,2,0,40,0,4,0,2,0,2,0,4,2,35.763620555555555,139.685425,4,3,,,,
1,30,556,180,2,0,1,90000,0,119,2021,8,11,13,40,12,,,,,1,1,1,14,7,0,23,0,23,3,9,20,70,5,4,1,65,65,3,61,31,0,,,,,,,10,0,30,0,3,0,2,0,2,0,4,2,35.786051944444445,139.67961833333334,4,3,,,,
1,30,557,167,2,0,1,30000,0,120,2021,7,7,18,22,13,,,,,2,1,1,1,7,9,22,0,23,14,9,30,70,5,3,1,35,1,3,61,31,0,,,,,,,10,0,10,0,4,0,2,0,2,0,4,2,35.737295,139.63143916666667,4,3,,,,
1,30,557,169,2,0,1,10010,0,120,2021,7,30,9,13,12,,,,,1,1,1,1,1,9,22,0,23,18,9,30,70,4,1,1,55,45,13,61,31,0,,,,,,,4,0,20,0,3,0,2,0,2,0,4,2,35.73488833333334,139.66235333333333,6,3,,,,
1,30,557,173,2,0,1,30000,0,120,2021,8,3,9,10,12,,,,,1,1,1,1,7,9,22,0,23,15,9,30,70,5,2,1,55,1,12,61,31,0,,,,,,,2,0,10,0,3,0,2,0,2,0,4,2,35.737003333333334,139.6555488888889,3,3,,,,
1,30,557,176,2,0,1,30000,0,120,2021,8,5,13,10,12,,,,,1,1,1,14,7,0,23,0,23,2,9,1,70,5,2,1,1,1,14,61,1,0,,,,,,,10,0,10,0,3,0,2,0,2,0,4,2,35.74445444444444,139.66719999999998,5,3,,,,
1,30,557,189,2,0,1,30000,0,120,2021,8,24,13,40,12,,,,,2,1,1,14,7,0,23,0,23,1,9,1,70,5,3,1,35,25,3,61,31,0,,,,,,,10,0,40,0,4,0,2,0,2,0,4,2,35.74951416666667,139.665085,3,3,,,,