資料区分,都道府県コード,警察署等コード,本票番号,事故内容,死者数,負傷者数,路線コード,地点コード,市区町村コード,発生日時　　年,発生日時　　月,発生日時　　日,発生日時　　時,発生日時　　分,昼夜,日の出時刻　　時,日の出時刻　　分,日の入り時刻　　時,日の入り時刻　　分,天候,地形,路面状態,道路形状,信号機,一時停止規制　標識（当事者A）,一時停止規制　表示（当事者A）,一時停止規制　標識（当事者B）,一時停止規制　表示（当事者B）,車道幅員,道路線形,衝突地点,ゾーン規制,中央分離帯施設等,歩車道区分,事故類型,年齢（当事者A）,年齢（当事者B）,当事者種別（当事者A）,当事者種別（当事者B）,用途別（当事者A）,用途別（当事者B）,車両形状等（当事者A）,車両形状等（当事者B）,オートマチック車（当事者A）,オートマチック車（当事者B）,サポカー（当事者A）,サポカー（当事者B）,速度規制（指定のみ）（当事者A）,速度規制（指定のみ）（当事者B）,車両の衝突部位（当事者A）,車両の衝突部位（当事者B）,車両の損壊程度（当事者A）,車両の損壊程度（当事者B）,エアバッグの装備（当事者A）,エアバッグの装備（当事者B）,サイドエアバッグの装備（当事者A）,サイドエアバッグの装備（当事者B）,人身損傷程度（当事者A）,人身損傷程度（当事者B）,lat,lon,曜日(発生年月日),祝日(発生年月日),認知機能検査経過日数（当事者A）,認知機能検査経過日数（当事者B）,運転練習の方法（当事者A）,運転練習の方法（当事者B）
1,30,558,218,2,0,1,30000,0,120,2021,7,29,14,7,12,,,,,1,1,1,7,7,0,23,0,23,3,9,20,70,5,4,1,45,1,3,61,1,0,,,,,,,10,0,20,0,3,0,2,0,2,0,4,2,35.758003611111114,139.6002936111111,5,3,,,,
1,30,559,125,2,0,1,95000,0,119,2021,8,18,12,0,12,,,,,2,1,1,0,7,0,23,0,23,0,0,20,70,0,4,1,45,55,3,61,31,0,,,,,,,10,0,30,0,4,0,2,0,2,0,4,2,35.77198583333333,139.63596027777777,4,3,,,,
1,30,560,216,2,0,1,30000,0,120,2021,7,18,20,35,22,,,,,1,1,1,7,7,0,23,0,23,2,9,1,70,4,2,1,35,75,3,61,31,0,,,,,,,5,0,40,0,4,0,2,0,2,0,4,2,35.76212861111111,139.61222333333333,1,3,,,,
1,30,560,217,2,0,1,30000,0,120,2021,8,15,0,40,22,,,,,3,1,2,1,7,9,22,0,23,14,9,30,70,4,2,1,75,65,14,61,31,0,,,,,,,2,0,10,0,3,0,2,0,2,0,4,2,35.74523888888889,139.63323583333334,1,3,,,,
1,30,560,225,2,0,1,30000,0,119,2021,8,21,18,40,21,,,,,1,1,1,14,7,0,23,0,23,2,9,1,70,5,3,1,45,1,3,61,31,0,,,,,,,2,0,80,0,4,0,2,0,2,0,4,2,35.768591944444445,139.66145666666668,7,3,,,,
1,30,560,229,2,0,1,30000,0,120,2021,8,24,16,35,12,,,,,2,1,1,7,7,0,23,0,23,3,9,1,70,4,1,1,45,75,14,61,1,0,,,,,,,2,0,10,0,3,0,2,0,2,0,4,2,35.766565,139.61753722222224,3,3,,,,
1,30,560,231,2,0,1,20000,0,120,2021,8,27,11,0,12,,,,,1,1,1,1,7,9,22,0,23,14,9,30,70,5,3,1,25,45,14,61,31,0,,,,,,,2,0,80,0,3,0,2,0,2,0,4,2,35.75686833333334,139.60145972222222,6,3,,,,
1,30,560,232,2,0,1,30000,0,119,2021,8,27,18,52,21,,,,,1,1,1,14,7,0,23,0,23,3,9,1,70,4,3,1,1,65,51,61,0,0,,,,,,,0,0,0,0,4,0,0,0,0,0,4,2,35.76866305555556,139.6613988888889,6,3,,,,
1,30,560,234,2,0,1,95000,0,120,2021,8,17,18,30,21,,,,,2,1,1,0,7,0,23,0,23,0,0,20,70,0,4,1,35,45,4,61,31,0,,,,,,,10,0,30,0,4,0,2,0,2,0,4,2,35.766484166666665,139.6423888888889,3,3,,,,
1,30,660,119,2,0,1,95000,0,106,2021,8,6,12,10,12,,,,,1,1,1,14,7,0,23,0,23,6,9,1,70,1,1,1,25,1,51,61,0,0,,,,,,,0,0,10,0,4,0,0,0,0,0,4,2,35.70787805555556,139.77654555555557,6,3,,,,
1,30,662,77,2,0,1,10300,0,106,2021,8,25,15,0,12,,,,,1,1,1,14,7,0,23,0,23,4,9,1,70,4,1,1,55,75,51,61,0,0,,,,,,,0,0,0,0,3,0,0,0,0,0,4,2,35.71680416666667,139.7950072222222,4,3,,,,
1,30,662,78,2,0,1,30000,0,106,2021,8,23,11,45,12,,,,,1,1,1,14,7,0,23,0,23,3,9,1,70,4,1,1,25,35,51,61,0,0,,,,,,,0,0,10,0,3,0,0,0,0,0,4,2,35.728791388888894,139.7965047222222,2,3,,,,
1,30,663,91,2,0,1,30000,0,106,2021,4,24,15,10,12,,,,,1,1,1,14,7,0,23,0,23,2,9,1,70,5,3,1,65,1,51,61,0,0,,,,,,,0,0,10,0,3,0,0,0,0,0,2,4,35.70239194444445,139.78251083333333,7,3,,,,
1,30,663,92,2,0,1,70000,0,106,2021,6,27,13,0,12,,,,,1,1,1,14,7,0,23,0,23,3,9,1,70,5,2,1,1,0,61,0,0,0,,,,,,,0,0,0,0,0,0,0,0,0,0,2,0,35.70715861111111,139.78955555555555,1,3,,,,
1,30,663,95,2,0,1,30000,0,106,2021,8,7,12,17,12,,,,,3,1,2,1,1,9,22,0,23,14,9,30,70,4,2,1,65,55,3,61,31,0,,,,,,,3,0,10,0,3,0,2,0,2,0,4,2,35.71241972222222,139.78846388888888,7,2,,,,
1,30,663,97,2,0,1,30000,0,106,2021,8,10,10,47,12,,,,,2,1,1,1,7,1,21,0,23,11,9,30,70,5,3,1,75,35,3,61,31,0,,,,,,,2,0,10,0,3,0,2,0,2,0,4,2,35.69722944444444,139.78733083333333,3,3,,,,
1,30,665,45,2,0,1,30000,0,118,2021,8,18,12,0,12,,,,,1,1,1,1,1,9,22,0,23,15,9,30,70,4,1,1,35,75,3,61,31,0,,,,,,,3,0,0,0,4,0,2,0,2,0,4,2,35.73713638888889,139.79398361111112,4,3,,,,
1,30,666,67,2,0,1,30000,0,118,2021,8,1,18,50,21,,,,,1,1,1,1,7,9,22,0,23,11,9,30,1,5,4,1,55,55,51,61,0,0,,,,,,,0,0,10,0,3,0,0,0,0,0,4,2,35.73077472222222,139.77916166666668,1,3,,,,
1,30,667,79,2,0,1,30000,0,121,2021,8,3,12,0,12,,,,,1,1,1,14,7,0,23,0,23,2,9,1,70,5,3,1,45,45,3,61,31,0,,,,,,,2,0,40,0,4,0,2,0,2,0,4,2,35.752525,139.80317666666667,3,3,,,,
1,30,667,87,2,0,1,30000,0,121,2021,8,25,15,45,12,,,,,1,1,1,1,7,9,22,0,23,14,9,30,1,5,3,1,65,1,3,61,31,0,,,,,,,2,0,20,0,3,0,2,0,2,0,4,2,35.749499166666666,139.80622944444445,4,3,,,,
1,30,668,292,2,0,1,99000,0,121,2021,8,1,1,34,22,,,,,1,1,1,0,7,0,23,0,23,0,0,20,70,0,4,1,45,1,3,61,1,0,,,,,,,10,0,80,0,4,0,2,0,2,0,4,2,35.782555,139.79720777777777,1,3,,,,
1,30,668,312,2,0,1,30000,0,121,2021,8,27,17,8,12,,,,,1,1,1,1,7,9,22,0,23,14,9,30,70,5,3,1,25,1,35,61,31,0,,,,,,,2,0,10,0,3,0,0,0,0,0,4,2,35.78450222222222,139.78718305555554,6,3,,,,
1,30,669,369,2,0,1,30000,0,121,2021,8,8,18,0,13,,,,,1,1,2,14,7,0,23,0,23,2,9,1,70,5,2,1,1,65,51,61,0,0,,,,,,,0,0,10,0,3,0,0,0,0,0,4,2,35.77097416666667,139.80899250000002,1,1,,,,
1,30,669,372,2,0,1,30000,0,121,2021,8,11,11,35,12,,,,,1,1,1,7,7,0,23,0,23,3,9,1,70,5,4,1,35,75,51,61,0,0,,,,,,,0,0,10,0,3,0,0,0,0,0,4,2,35.75985,139.82673083333333,4,3,,,,
1,30,669,373,2,0,1,10360,0,121,2021,8,11,9,15,12,,,,,1,1,1,14,7,0,23,0,23,4,9,1,70,5,3,1,45,25,17,61,1,0,,,,,,,3,0,84,0,2,0,2,0,2,0,4,2,35.75797194444444,139.8286038888889,4,3,,,,
1,30,669,385,2,0,1,30000,0,121,2021,8,21,11,40,12,,,,,1,1,1,14,8,0,23,0,23,3,9,1,70,5,2,1,45,0,61,0,0,0,,,,,,,0,0,0,0,0,0,0,0,0,0,2,0,35.76254111111111,139.8263311111111,7,3,,,,
1,30,670,236,2,0,1,30000,0,121,2021,8,1,18,10,13,,,,,1,1,1,14,7,0,23,0,23,1,9,1,70,4,1,1,25,65,51,61,0,0,,,,,,,0,0,10,0,3,0,0,0,0,0,4,2,35.79328361111111,139.79153555555555,1,3,,,,
1,30,670,259,2,0,1,30000,0,121,2021,7,14,18,45,13,,,,,2,1,1,1,7,9,22,0,23,11,9,30,70,5,1,1,45,55,3,61,31,0,,,,,,,10,0,20,0,3,0,2,0,2,0,4,2,35.79693527777778,139.81366,4,3,,,,
1,30,670,264,2,0,1,30000,0,121,2021,8,31,23,15,22,,,,,3,1,2,1,1,9,22,0,23,11,9,30,70,4,2,1,1,75,4,61,31,0,,,,,,,3,0,10,0,3,0,2,0,2,0,4,2,35.79209055555555,139.8246763888889,3,3,,,,
1,30,771,279,2,0,1,95000,0,108,2021,8,4,8,10,12,,,,,1,1,1,14,7,0,23,0,23,3,9,1,70,5,2,1,35,55,51,61,0,0,,,,,,,0,0,10,0,3,0,0,0,0,0,4,2,35.68069194444444,139.81578000000002,4,3,,,,
1,30,771,286,2,0,1,30000,0,108,2021,8,20,7,5,12,,,,,1,1,1,7,7,0,23,0,23,2,9,1,70,5,2,1,1,65,51,61,0,0,,,,,,,0,0,10,0,3,0,0,0,0,0,4,2,35.67764277777778,139.79955055555556,6,3,,,,
1,30,771,290,2,0,1,30000,0,108,2021,8,24,14,38,12,,,,,1,1,1,1,7,1,22,0,23,14,9,30,70,5,2,1,45,65,14,61,1,0,,,,,,,2,0,50,0,4,0,2,0,2,0,4,2,35.652680277777776,139.80197833333335,3,3,,,,
1,30,772,153,2,0,1,30000,0,108,2021,7,29,10,30,12,,,,,1,1,1,1,7,0,23,0,23,11,9,30,70,5,4,1,35,0,61,0,0,0,,,,,,,0,0,0,0,0,0,0,0,0,0,2,0,35.70076055555556,139.82602083333333,5,3,,,,
1,30,772,166,2,0,1,10090,0,108,2021,8,24,10,45,12,,,,,1,1,1,1,1,9,22,0,23,17,9,30,70,1,2,1,25,55,51,61,0,0,,,,,,,0,0,10,0,4,0,0,0,0,0,4,2,35.691199999999995,139.82612083333333,3,3,,,,
1,30,773,179,2,0,1,20670,0,107,2021,8,13,4,35,23,,,,,3,1,2,1,7,9,22,0,23,14,9,30,70,4,1,1,65,75,3,61,31,0,,,,,,,3,0,12,0,3,0,2,0,2,0,4,2,35.709315555555555,139.80217194444447,6,3,,,,
1,30,773,180,2,0,1,30000,0,107,2021,8,13,8,6,12,,,,,3,1,2,1,1,9,22,0,23,15,9,30,70,4,2,1,55,55,3,61,31,0,,,,,,,2,0,10,0,3,0,2,0,2,0,4,2,35.69112555555555,139.79203222222222,6,3,,,,
1,30,773,183,2,0,1,30000,0,107,2021,8,19,13,15,12,,,,,1,1,1,14,7,0,23,0,23,2,9,1,70,5,3,1,1,35,3,61,31,0,,,,,,,10,0,20,0,3,0,2,0,2,0,4,2,35.692989999999995,139.79647166666666,5,3,,,,
1,30,773,192,2,0,1,20670,0,107,2021,8,26,18,37,21,,,,,1,1,1,7,7,0,23,0,23,4,9,1,70,4,2,1,25,65,51,61,0,0,,,,,,,0,0,10,0,3,0,0,0,0,0,4,2,35.708941111111116,139.80213361111112,5,3,,,,
1,30,773,194,2,0,1,30000,0,107,2021,8,31,10,32,12,,,,,1,1,1,1,1,9,22,0,23,14,9,30,70,4,3,1,45,1,3,61,31,0,,,,,,,2,0,50,0,3,0,2,0,2,0,4,2,35.70657638888889,139.8008988888889,3,3,,,,
1,30,774,77,1,1,0,20650,0,107,2021,8,12,19,25,21,,,,,2,1,1,1,1,9,22,0,23,17,9,30,70,5,1,1,55,75,17,61,1,0,,,,,,,4,0,11,0,2,0,2,0,2,0,4,1,35.71001916666667,139.82998805555556,5,3,,,,
1,30,775,243,2,0,1,30000,0,122,2021,8,25,8,45,12,,,,,1,1,1,1,1,9,22,0,23,14,9,30,70,4,2,1,55,75,3,61,31,0,,,,,,,10,0,80,0,3,0,2,0,2,0,4,2,35.769061666666666,139.87291333333334,4,3,,,,
1,30,776,136,2,0,1,30000,0,122,2021,8,6,7,0,12,,,,,1,1,1,1,7,7,21,0,23,11,9,30,70,5,3,1,65,55,13,61,1,0,,,,,,,1,0,10,0,3,0,2,0,2,0,4,2,35.740477222222225,139.84889611111112,6,3,,,,
1,30,776,138,2,0,1,30000,0,122,2021,8,17,13,15,12,,,,,3,1,2,1,7,1,21,0,23,15,9,30,70,5,1,1,1,75,13,61,31,0,,,,,,,2,0,20,0,3,0,2,0,2,0,4,2,35.745289166666666,139.85444972222223,3,3,,,,
1,30,776,139,2,0,1,10410,0,122,2021,8,24,19,25,22,,,,,1,1,1,14,7,0,23,0,23,4,9,20,70,5,2,1,45,75,4,61,31,0,,,,,,,3,0,10,0,2,0,2,0,2,0,4,2,35.73594694444444,139.85649555555554,3,3,,,,
1,30,777,424,2,0,1,30000,0,123,2021,8,2,8,40,12,,,,,1,1,1,14,7,0,23,0,23,3,9,1,70,5,4,1,25,1,3,61,31,0,,,,,,,10,0,20,0,3,0,2,0,2,0,4,2,35.68873249999999,139.88014083333334,2,3,,,,
1,30,777,444,2,0,1,10390,0,123,2021,7,15,17,15,12,,,,,1,1,1,1,7,1,22,0,23,11,9,30,70,5,2,1,65,55,13,61,31,0,,,,,,,3,0,10,0,3,0,2,0,2,0,4,2,35.687021666666666,139.86528833333332,5,3,,,,
1,30,777,451,2,0,1,30000,0,123,2021,5,27,7,35,12,,,,,3,1,2,1,1,0,23,0,23,14,9,30,70,5,2,1,25,0,61,0,0,0,,,,,,,0,0,0,0,0,0,0,0,0,0,2,0,35.693769999999994,139.89582277777777,5,3,,,,
1,30,777,452,2,0,1,30000,0,123,2021,2,22,9,58,12,,,,,1,1,1,14,7,0,23,0,23,3,9,1,70,5,3,1,75,55,3,61,31,0,,,,,,,2,0,10,0,3,0,2,0,2,0,4,2,35.69493138888888,139.8698036111111,2,2,,,,
1,30,778,130,2,0,1,30000,0,123,2021,8,1,2,40,22,,,,,1,1,1,1,1,9,22,0,23,15,9,30,70,4,2,1,35,25,51,61,0,0,,,,,,,0,0,10,0,3,0,0,0,0,0,4,2,35.70755888888889,139.88926444444445,1,3,,,,
1,30,778,134,2,0,1,30000,0,123,2021,8,10,17,40,13,,,,,1,1,1,7,7,0,23,0,23,3,9,1,70,5,3,1,55,1,3,61,31,0,,,,,,,5,0,10,0,4,0,2,0,2,0,4,2,35.74052611111111,139.88484305555554,3,3,,,,
1,30,779,215,2,0,1,30000,0,123,2021,7,15,8,53,12,,,,,1,1,1,14,7,0,23,0,23,3,9,1,70,4,3,1,65,25,3,61,31,0,,,,,,,2,0,20,0,4,0,2,0,2,0,4,2,35.66802944444444,139.87519305555557,5,3,,,,
1,30,779,216,2,0,1,30000,0,123,2021,8,27,10,25,12,,,,,1,1,1,14,7,0,23,0,23,3,9,1,70,4,3,1,45,65,3,61,31,0,,,,,,,2,0,40,0,4,0,2,0,2,0,4,2,35.66410194444444,139.85839222222222,6,3,,,,
1,30,876,283,2,0,1,21200,0,201,2021,8,10,15,12,12,,,,,1,1,1,1,1,9,22,0,23,18,9,30,70,1,1,1,45,25,3,61,31,0,,,,,,,3,0,50,0,3,0,2,0,2,0,4,2,35.62304694444445,139.39888638888888,3,3,,,,
1,30,876,288,2,0,1,30000,0,209,2021,7,31,9,28,12,,,,,1,1,1,14,7,0,23,0,23,2,9,1,70,5,3,1,35,55,3,61,31,0,,,,,,,1,0,40,0,3,0,2,0,2,0,4,2,35.6067425,139.32652527777776,7,3,,,,
1,30,876,296,2,0,1,30000,0,201,2021,8,20,15,20,12,,,,,1,1,1,7,7,0,23,0,23,3,9,1,70,4,2,1,45,75,4,61,31,0,,,,,,,10,0,30,0,3,0,2,0,2,0,4,2,35.62529138888889,139.40046944444444,6,3,,,,
1,30,877,196,2,0,1,30000,0,201,2021,8,4,19,25,21,,,,,1,3,1,1,7,9,22,0,23,11,9,30,70,5,4,1,25,75,36,61,31,0,,,,,,,10,0,10,0,3,0,0,0,0,0,4,2,35.67973083333333,139.29441305555557,4,3,,,,
1,30,877,206,2,0,1,95000,0,201,2021,8,24,8,25,12,,,,,2,2,1,0,7,0,23,0,23,0,0,20,70,0,4,1,75,65,14,61,31,0,,,,,,,10,0,40,0,3,0,2,0,2,0,4,2,35.63961527777778,139.30559194444444,3,3,,,,
1,30,878,295,2,0,1,99000,0,225,2021,5,27,22,15,22,,,,,2,1,1,0,7,0,23,0,23,0,0,20,70,0,4,1,45,25,3,61,31,0,,,,,,,10,0,30,0,3,0,2,0,2,0,4,2,35.6357875,139.48874305555555,5,3,,,,
1,30,878,297,2,0,1,21100,0,225,2021,8,3,19,30,21,,,,,1,2,1,14,7,0,23,0,23,3,9,1,70,5,1,1,1,45,51,61,0,0,,,,,,,0,0,10,0,4,0,0,0,0,0,4,2,35.63912972222222,139.4957447222222,3,3,,,,
1,30,878,308,2,0,1,30000,0,224,2021,8,29,18,55,21,,,,,1,1,1,1,1,9,22,0,23,17,9,30,70,1,2,1,55,45,3,61,31,0,,,,,,,4,0,80,0,3,0,2,0,2,0,4,2,35.625815555555555,139.42567194444445,1,3,,,,
1,30,879,347,2,0,1,30000,0,220,2021,8,8,16,50,12,,,,,2,1,1,14,7,0,23,0,23,3,9,1,70,4,2,1,75,1,51,61,0,0,,,,,,,0,0,10,0,3,0,0,0,0,0,4,2,35.73877916666667,139.42524083333333,1,1,,,,
1,30,879,367,2,0,1,30000,0,220,2021,8,25,18,30,21,,,,,1,1,1,1,1,9,22,0,23,14,9,30,70,4,2,1,75,75,4,61,31,0,,,,,,,3,0,40,0,4,0,2,0,2,0,4,2,35.755473611111114,139.44338277777777,4,3,,,,
1,30,879,368,2,0,1,30000,0,220,2021,8,26,13,15,12,,,,,1,1,2,14,7,0,23,0,23,2,9,20,70,5,4,1,1,65,51,61,0,0,,,,,,,0,0,10,0,3,0,0,0,0,0,4,2,35.73341388888889,139.43600666666666,5,3,,,,
1,30,879,370,2,0,1,10540,0,220,2021,8,31,18,10,21,,,,,3,1,2,7,7,0,23,0,23,4,9,1,70,4,2,1,65,45,3,61,31,0,,,,,,,1,0,50,0,3,0,2,0,2,0,4,2,35.738704444444444,139.4166336111111,3,3,,,,
1,30,880,166,2,0,1,10240,0,205,2021,8,12,16,20,12,,,,,3,1,2,14,7,0,23,0,23,3,9,1,70,4,2,1,1,1,3,61,31,0,,,,,,,3,0,10,0,3,0,2,0,2,0,4,2,35.790636666666664,139.24844083333332,5,3,,,,
1,30,880,174,2,0,1,30000,0,205,2021,8,20,12,5,12,,,,,1,1,1,1,7,1,21,0,23,14,9,30,70,4,2,1,65,55,4,61,31,0,,,,,,,10,0,10,0,3,0,2,0,2,0,4,2,35.784727499999995,139.28576333333334,6,3,,,,
1,30,880,177,2,0,1,30000,0,205,2021,8,22,17,50,13,,,,,1,1,1,1,7,9,22,0,23,14,9,30,70,5,2,1,45,55,3,61,31,0,,,,,,,3,0,10,0,3,0,2,0,2,0,4,2,35.789096944444445,139.28686027777778,1,3,,,,
1,30,882,234,2,0,1,30000,0,218,2021,8,4,18,35,13,,,,,1,2,1,1,1,9,22,0,23,14,9,30,70,4,1,1,25,75,3,61,31,0,,,,,,,2,0,10,0,3,0,2,0,2,0,4,2,35.75142666666667,139.32340166666665,4,3,,,,
1,30,882,236,2,0,1,30000,0,218,2021,8,9,18,17,13,,,,,2,1,1,14,7,0,23,0,23,3,9,1,70,5,3,1,65,25,3,61,31,0,,,,,,,1,0,40,0,4,0,2,0,2,0,4,2,35.73846,139.3308013888889,2,1,,,,
1,30,882,239,2,0,1,20000,0,227,2021,8,16,8,17,12,,,,,2,1,2,1,1,9,22,0,23,14,9,30,70,4,2,1,35,75,3,61,31,0,,,,,,,3,0,10,0,4,0,2,0,2,0,4,2,35.758700555555556,139.32046277777778,2,3,,,,
1,30,882,241,2,0,1,30000,0,227,2021,7,16,16,50,12,,,,,1,1,1,14,7,0,23,0,23,3,9,1,70,5,3,1,75,35,4,61,31,0,,,,,,,2,0,40,0,3,0,2,0,2,0,4,2,35.76655777777778,139.31467916666668,6,3,,,,
1,30,883,325,2,0,1,200,464,201,2021,8,5,20,40,22,,,,,1,1,1,14,7,0,23,0,23,2,9,1,70,5,2,1,1,25,51,61,0,0,,,,,,,0,0,10,0,3,0,0,0,0,0,4,2,35.66094222222222,139.32067944444444,5,3,,,,
1,30,883,328,2,0,1,200,424,201,2021,7,30,20,20,22,,,,,2,1,1,1,1,9,22,0,23,15,9,30,70,4,2,1,45,55,3,61,31,0,,,,,,,4,0,10,0,4,0,2,0,2,0,4,2,35.665425,139.3626625,6,3,,,,
1,30,883,329,2,0,1,30000,0,201,2021,8,2,12,0,12,,,,,1,1,1,14,7,0,23,0,23,3,9,1,70,4,1,1,55,1,4,61,31,0,,,,,,,3,0,20,0,3,0,2,0,2,0,4,2,35.680123055555555,139.35722833333332,2,3,,,,
1,30,883,341,2,0,1,30000,0,201,2021,8,18,9,40,12,,,,,2,2,2,14,7,0,23,0,23,1,9,1,70,5,3,1,35,45,14,61,1,0,,,,,,,3,0,40,0,3,0,2,0,2,0,4,2,35.66587666666666,139.3374363888889,4,3,,,,
1,30,883,343,2,0,1,30000,0,201,2021,8,20,5,40,11,,,,,1,1,1,1,7,9,22,0,23,15,8,30,70,5,3,1,65,75,3,61,31,0,,,,,,,2,0,10,0,3,0,2,0,2,0,4,2,35.68729472222222,139.35340805555555,6,3,,,,
1,30,883,348,2,0,1,30000,0,201,2021,8,26,8,35,12,,,,,1,1,1,14,7,0,23,0,23,4,9,1,70,4,2,1,75,35,3,61,1,0,,,,,,,10,0,10,0,4,0,2,0,2,0,4,2,35.656974999999996,139.31253777777778,5,3,,,,
1,30,883,350,2,0,1,200,432,201,2021,8,27,13,40,12,,,,,1,2,1,1,1,9,22,0,23,19,9,30,70,4,1,1,35,75,11,61,1,0,,,,,,,5,0,40,0,4,0,2,0,2,0,4,2,35.662571944444444,139.3534761111111,6,3,,,,
1,30,883,352,2,0,1,30000,0,201,2021,8,29,14,40,12,,,,,2,1,1,1,1,9,22,0,23,14,9,30,70,4,2,1,45,65,3,61,31,0,,,,,,,3,0,0,0,4,0,2,0,2,0,4,2,35.65716416666667,139.30382805555556,1,3,,,,
1,30,884,366,2,0,1,30000,0,209,2020,11,25,11,45,12,,,,,3,1,2,14,7,0,23,0,23,2,9,1,70,4,2,1,65,75,3,61,1,0,,,,,,,2,0,40,0,4,0,2,0,2,0,4,2,35.521071666666664,139.47915555555556,4,3,,,,
1,30,884,369,2,0,1,30570,0,209,2021,8,4,8,29,12,,,,,1,1,1,7,1,0,23,0,23,4,9,20,70,5,2,1,45,35,11,61,1,0,,,,,,,3,0,10,0,3,0,2,0,2,0,4,2,35.56787583333334,139.42716555555555,4,3,,,,
1,30,884,371,2,0,1,10490,0,209,2021,8,5,11,15,12,,,,,1,1,1,1,7,9,22,0,23,14,9,30,70,4,2,1,25,35,35,61,31,0,,,,,,,3,0,40,0,3,0,0,0,0,0,4,2,35.54553111111111,139.45013444444444,5,3,,,,
1,30,884,372,2,0,1,99000,0,209,2021,8,5,12,2,12,,,,,1,1,1,0,7,0,23,0,23,0,0,20,70,0,4,1,35,75,3,61,1,0,,,,,,,10,0,0,0,3,0,2,0,2,0,4,2,35.50687305555556,139.47115222222223,5,3,,,,
1,30,884,375,2,0,1,30000,0,209,2021,8,6,15,28,12,,,,,1,1,1,14,7,0,23,0,23,3,9,1,70,5,2,1,75,25,3,61,31,0,,,,,,,2,0,10,0,4,0,2,0,2,0,4,2,35.55725333333333,139.4536125,6,3,,,,
1,30,884,376,2,0,1,30000,0,209,2021,8,9,11,49,12,,,,,1,1,1,14,7,0,23,0,23,3,9,1,70,5,2,1,55,65,3,61,31,0,,,,,,,3,0,10,0,3,0,2,0,2,0,4,2,35.57229388888889,139.46475583333333,2,1,,,,
1,30,884,378,2,0,1,30000,0,209,2021,8,3,16,25,12,,,,,1,1,1,7,7,0,23,0,23,3,9,1,70,5,3,1,25,45,3,61,31,0,,,,,,,5,0,40,0,4,0,2,0,2,0,4,2,35.55442083333333,139.44244194444445,3,3,,,,
1,30,884,381,2,0,1,30000,0,209,2021,8,13,11,37,12,,,,,3,1,2,14,7,0,23,0,23,3,9,1,70,5,2,1,65,65,3,61,31,0,,,,,,,2,0,10,0,3,0,2,0,2,0,4,2,35.57918305555556,139.40755472222222,6,3,,,,
1,30,884,390,2,0,1,30000,0,209,2021,8,20,10,57,12,,,,,1,1,1,14,7,0,23,0,23,4,9,1,70,4,2,1,1,1,13,61,31,0,,,,,,,3,0,10,0,2,0,2,0,2,0,4,2,35.509591944444445,139.4677663888889,6,3,,,,
1,30,884,393,2,0,1,30000,0,209,2021,7,16,21,5,22,,,,,1,1,1,1,7,9,22,0,23,11,9,30,70,5,4,1,45,55,5,61,31,0,,,,,,,2,0,10,0,3,0,2,0,2,0,4,2,35.55309055555555,139.46095749999998,6,3,,,,
1,30,884,396,2,0,1,30000,0,209,2021,8,25,12,45,12,,,,,1,1,1,14,7,0,23,0,23,2,9,1,70,5,3,1,75,75,14,61,31,0,,,,,,,2,0,30,0,3,0,2,0,2,0,4,2,35.577444444444446,139.42659944444443,4,3,,,,
1,30,884,398,2,0,1,30000,0,209,2021,7,16,13,10,12,,,,,1,1,1,14,7,0,23,0,23,4,8,1,70,1,2,1,1,55,51,61,0,0,,,,,,,0,0,10,0,3,0,0,0,0,0,4,2,35.583090000000006,139.4059327777778,6,3,,,,
1,30,884,400,2,0,1,10610,0,209,2021,8,27,21,15,22,,,,,1,1,1,1,1,9,22,0,23,15,9,30,70,4,2,1,1,1,3,61,31,0,,,,,,,3,0,20,0,3,0,2,0,2,0,4,2,35.56039583333333,139.4484538888889,6,3,,,,
1,30,885,240,1,1,0,30000,0,212,2021,7,30,2,15,22,,,,,2,1,1,14,7,0,23,0,23,3,9,1,70,4,2,1,55,45,12,61,1,0,,,,,,,3,0,10,0,3,0,2,0,2,0,4,1,35.66170388888889,139.37483722222223,6,3,,,,
1,30,885,257,2,0,1,95000,0,212,2021,8,25,16,50,12,,,,,1,3,1,14,7,0,23,0,23,3,9,1,70,4,2,1,45,45,51,61,0,0,,,,,,,0,0,10,0,3,0,0,0,0,0,4,2,35.66755444444444,139.38545527777777,4,3,,,,
1,30,886,251,2,0,1,95000,0,207,2021,8,18,7,25,12,,,,,2,1,1,14,7,0,23,0,23,1,9,20,70,5,4,1,45,75,51,61,0,0,,,,,,,0,0,20,0,3,0,0,0,0,0,4,2,35.69437055555555,139.37571472222223,4,3,,,,
1,30,886,253,2,0,1,30000,0,207,2021,8,23,15,45,12,,,,,2,1,1,1,1,9,22,0,23,15,9,30,70,4,1,1,65,1,3,61,31,0,,,,,,,3,0,50,0,3,0,2,0,2,0,4,2,35.72417361111111,139.37351166666667,2,3,,,,
1,30,886,255,2,0,2,95000,0,207,2021,8,25,13,3,12,,,,,1,1,1,7,1,0,23,0,23,4,9,1,70,4,1,1,35,45,36,61,31,0,,,,,,,2,0,10,0,2,0,0,0,0,0,2,2,35.704528055555556,139.36672222222222,4,3,,,,