資料区分,都道府県コード,警察署等コード,本票番号,事故内容,死者数,負傷者数,路線コード,地点コード,市区町村コード,発生日時　　年,発生日時　　月,発生日時　　日,発生日時　　時,発生日時　　分,昼夜,日の出時刻　　時,日の出時刻　　分,日の入り時刻　　時,日の入り時刻　　分,天候,地形,路面状態,道路形状,信号機,一時停止規制　標識（当事者A）,一時停止規制　表示（当事者A）,一時停止規制　標識（当事者B）,一時停止規制　表示（当事者B）,車道幅員,道路線形,衝突地点,ゾーン規制,中央分離帯施設等,歩車道区分,事故類型,年齢（当事者A）,年齢（当事者B）,当事者種別（当事者A）,当事者種別（当事者B）,用途別（当事者A）,用途別（当事者B）,車両形状等（当事者A）,車両形状等（当事者B）,オートマチック車（当事者A）,オートマチック車（当事者B）,サポカー（当事者A）,サポカー（当事者B）,速度規制（指定のみ）（当事者A）,速度規制（指定のみ）（当事者B）,車両の衝突部位（当事者A）,車両の衝突部位（当事者B）,車両の損壊程度（当事者A）,車両の損壊程度（当事者B）,エアバッグの装備（当事者A）,エアバッグの装備（当事者B）,サイドエアバッグの装備（当事者A）,サイドエアバッグの装備（当事者B）,人身損傷程度（当事者A）,人身損傷程度（当事者B）,lat,lon,曜日(発生年月日),祝日(発生年月日),認知機能検査経過日数（当事者A）,認知機能検査経過日数（当事者B）,運転練習の方法（当事者A）,運転練習の方法（当事者B）
1,30,887,320,2,0,1,30000,0,202,2021,8,9,16,20,12,,,,,1,1,1,7,7,0,23,0,23,1,9,1,70,5,4,1,1,0,61,0,0,0,,,,,,,0,0,0,0,0,0,0,0,0,0,2,0,35.710970833333334,139.43051416666665,2,1,,,,
1,30,887,321,2,0,1,30000,0,202,2021,8,12,14,30,12,,,,,2,1,1,1,7,9,22,0,23,11,9,30,1,5,3,1,1,55,51,61,0,0,,,,,,,0,0,10,0,3,0,0,0,0,0,4,2,35.69614055555555,139.41898055555555,5,3,,,,
1,30,887,324,2,0,1,30000,0,202,2021,7,22,11,17,12,,,,,1,1,1,14,7,0,23,0,23,1,9,1,70,5,1,1,35,25,3,61,31,0,,,,,,,2,0,20,0,4,0,2,0,2,0,4,2,35.72598611111111,139.37840944444446,5,1,,,,
1,30,888,162,2,0,1,30000,0,206,2021,7,23,18,45,13,,,,,1,1,1,14,7,0,23,0,23,2,9,20,70,5,4,1,55,55,51,61,0,0,,,,,,,0,0,10,0,3,0,0,0,0,0,4,2,35.668545277777774,139.46884527777777,6,1,,,,
1,30,888,165,2,0,1,30000,0,206,2021,8,6,13,10,12,,,,,1,1,1,14,7,0,23,0,23,2,9,20,70,4,2,1,1,45,3,61,31,0,,,,,,,3,0,10,0,3,0,2,0,2,0,4,2,35.676788055555555,139.4704863888889,6,3,,,,
1,30,888,181,2,0,1,30000,0,206,2021,8,26,12,55,12,,,,,1,1,1,1,1,9,22,0,23,14,9,30,70,5,2,1,65,75,13,61,31,0,,,,,,,2,0,20,0,3,0,2,0,2,0,4,2,35.66191333333333,139.51347305555555,5,3,,,,
1,30,889,157,2,0,1,30000,0,214,2021,8,3,10,14,12,,,,,1,1,1,1,7,9,22,0,23,11,9,30,70,5,4,1,45,25,3,61,31,0,,,,,,,1,0,40,0,3,0,2,0,2,0,4,2,35.70786694444445,139.48133305555555,3,3,,,,
1,30,889,163,2,0,1,30000,0,214,2021,8,8,11,38,12,,,,,3,1,2,14,7,0,23,0,23,2,9,1,70,5,4,1,65,25,3,61,31,0,,,,,,,10,0,40,0,4,0,2,0,2,0,4,2,35.701485000000005,139.48172833333334,1,1,,,,
1,30,890,277,2,0,2,30000,0,222,2021,7,31,12,30,12,,,,,1,1,1,1,7,1,22,0,23,15,9,30,70,4,2,1,65,55,4,61,31,0,,,,,,,10,0,10,0,3,0,2,0,2,0,4,2,35.75911111111111,139.53386944444443,7,3,,,,
1,30,890,278,2,0,1,21220,0,229,2021,8,9,18,25,13,,,,,1,1,1,1,1,9,22,0,23,18,9,30,70,4,2,1,45,55,3,61,31,0,,,,,,,4,0,10,0,3,0,2,0,2,0,4,2,35.722276666666666,139.5575352777778,2,1,,,,
1,30,890,279,2,0,1,99000,0,222,2021,8,4,15,50,12,,,,,1,1,1,0,7,0,23,0,23,0,0,20,70,0,4,1,75,25,3,61,31,0,,,,,,,10,0,40,0,3,0,2,0,2,0,4,2,35.74478111111111,139.49122583333332,4,3,,,,
1,30,890,283,2,0,1,30000,0,222,2021,8,15,18,55,21,,,,,3,1,2,1,1,9,22,0,23,17,9,30,70,4,2,1,45,25,3,61,31,0,,,,,,,2,0,10,0,3,0,2,0,2,0,4,2,35.76022694444445,139.52877527777778,1,3,,,,
1,30,891,183,2,0,1,30000,0,213,2021,8,10,19,25,21,,,,,1,1,1,1,7,1,22,0,23,14,9,30,70,5,2,1,45,35,4,61,31,0,,,,,,,2,0,10,0,3,0,2,0,2,0,4,2,35.76201805555556,139.4651947222222,3,3,,,,
1,30,891,199,2,0,1,30000,0,213,2021,7,21,8,50,12,,,,,1,1,1,1,7,9,22,0,23,14,9,30,70,5,3,1,55,55,3,61,31,0,,,,,,,10,0,20,0,3,0,2,0,2,0,4,2,35.75917,139.46220027777775,4,2,,,,
1,30,892,191,2,0,1,10260,0,203,2021,7,19,6,15,12,,,,,1,1,1,1,1,9,22,0,23,15,9,30,70,5,2,1,75,45,3,61,31,0,,,,,,,3,0,50,0,3,0,2,0,2,0,4,2,35.70496027777778,139.58442722222225,2,3,,,,
1,30,892,195,2,0,1,30000,0,203,2021,8,3,10,0,12,,,,,1,1,1,1,7,9,22,0,23,11,9,30,70,5,4,1,35,75,51,61,0,0,,,,,,,0,0,10,0,3,0,0,0,0,0,4,2,35.720908055555554,139.5679397222222,3,3,,,,
1,30,892,203,2,0,1,30000,0,203,2021,8,10,17,45,13,,,,,1,1,1,14,7,0,23,0,23,2,9,1,1,5,3,1,35,75,51,61,0,0,,,,,,,0,0,10,0,3,0,0,0,0,0,4,2,35.71136055555556,139.56533972222223,3,3,,,,
1,30,893,194,2,0,1,20880,0,204,2021,8,7,13,52,12,,,,,2,1,1,14,7,0,23,0,23,3,9,1,70,4,3,1,35,1,4,61,31,0,,,,,,,3,0,10,0,3,0,2,0,1,0,4,2,35.68846333333333,139.57747166666667,7,2,,,,
1,30,893,208,2,0,1,30000,0,204,2021,8,30,14,40,12,,,,,1,1,1,14,7,0,23,0,23,2,9,1,70,5,3,1,45,65,3,61,1,0,,,,,,,2,0,40,0,4,0,2,0,2,0,4,2,35.69556138888888,139.57834527777777,2,3,,,,
1,30,894,311,2,0,1,30000,0,219,2021,8,20,11,30,12,,,,,1,1,1,14,7,0,23,0,23,4,9,1,70,4,2,1,75,55,51,61,0,0,,,,,,,0,0,10,0,3,0,0,0,0,0,4,2,35.64268361111111,139.57276444444443,6,3,,,,
1,30,894,314,2,0,1,20900,0,208,2021,8,24,13,37,12,,,,,1,1,1,14,7,0,23,0,23,2,9,1,70,4,2,1,75,65,3,61,31,0,,,,,,,3,0,10,0,3,0,2,0,2,0,4,2,35.682111666666664,139.55795305555557,3,3,,,,
1,30,894,316,2,0,1,95000,0,208,2021,8,24,21,50,22,,,,,1,1,1,1,7,9,22,0,23,14,9,30,70,4,1,1,35,45,3,61,31,0,,,,,,,4,0,10,0,3,0,2,0,2,0,4,2,35.65240722222222,139.55909472222223,3,3,,,,
1,30,894,320,2,0,1,30840,0,208,2021,8,6,6,15,12,,,,,1,1,1,1,1,9,22,0,23,14,9,30,70,4,2,1,65,35,36,61,31,0,,,,,,,2,0,10,0,3,0,0,0,0,0,4,2,35.645385833333336,139.5563725,6,3,,,,
1,30,894,326,2,0,1,200,0,208,2021,8,31,19,35,22,,,,,3,1,2,14,7,0,23,0,23,5,9,1,70,4,2,1,65,1,14,61,1,0,,,,,,,4,0,10,0,2,0,2,0,2,0,4,2,35.66479527777778,139.58736666666667,3,3,,,,
1,30,894,327,2,0,1,30000,0,208,2021,1,15,8,13,12,,,,,2,1,1,11,7,0,23,0,23,2,9,1,70,5,3,1,65,35,3,61,31,0,,,,,,,2,0,40,0,4,0,2,0,2,0,4,2,35.65649638888889,139.57185333333334,6,3,,,,
1,30,895,150,2,0,1,30000,0,211,2021,7,21,10,45,12,,,,,1,1,1,14,7,0,23,0,23,3,9,1,70,5,3,1,35,65,14,61,1,0,,,,,,,5,0,70,0,4,0,2,0,2,0,4,2,35.71705027777778,139.4679113888889,4,2,,,,
1,30,899,9,2,0,1,20000,0,401,2021,8,21,18,45,21,,,,,2,1,1,1,7,9,22,0,23,15,7,30,70,5,1,1,55,45,14,61,31,0,,,,,,,3,0,10,0,3,0,2,0,2,0,4,2,33.11375777777778,139.79699027777778,7,3,,,,
1,30,100,109,2,0,1,10050,0,101,2021,9,4,11,40,12,,,,,2,1,2,14,7,0,23,0,23,5,9,1,70,4,2,1,25,1,51,61,0,0,,,,,,,0,0,10,0,4,0,0,0,0,0,4,2,35.691583888888886,139.73817416666665,7,3,,,,
1,30,100,118,2,0,1,30000,0,101,2021,9,28,15,20,12,,,,,1,1,1,14,7,0,23,0,23,3,8,1,1,5,1,1,75,1,3,61,31,0,,,,,,,2,0,40,0,4,0,2,0,2,0,4,2,35.687422777777776,139.74093333333332,3,3,,,,
1,30,102,73,2,0,1,30000,0,101,2021,9,3,17,50,13,,,,,3,1,2,1,7,1,22,0,23,14,9,30,1,5,2,1,35,45,3,61,1,0,,,,,,,2,0,21,0,4,0,2,0,2,0,4,2,35.69040527777778,139.76891805555556,6,3,,,,
1,30,102,76,2,0,1,20050,0,101,2021,9,11,4,45,23,,,,,1,1,1,7,7,0,23,0,23,5,8,1,70,4,1,1,35,25,3,61,31,0,,,,,,,3,0,20,0,4,0,2,0,2,0,4,2,35.69582027777778,139.76141361111112,7,3,,,,
1,30,103,85,2,0,1,20070,0,101,2021,9,4,15,37,12,,,,,2,1,1,1,1,9,22,0,23,19,9,30,70,4,1,1,55,1,3,61,31,0,,,,,,,4,0,10,0,3,0,2,0,2,0,4,2,35.70280777777778,139.77177833333334,7,3,,,,
1,30,104,146,2,0,1,20020,0,102,2021,9,4,5,5,23,,,,,2,1,2,14,7,0,23,0,23,5,9,1,70,4,2,1,25,65,51,61,0,0,,,,,,,0,0,10,0,4,0,0,0,0,0,4,2,35.67647916666667,139.7855363888889,7,3,,,,
1,30,104,147,2,0,1,95000,0,102,2021,9,5,1,20,22,,,,,3,1,2,1,1,9,22,0,23,19,9,30,70,4,2,1,65,55,3,61,31,0,,,,,,,3,0,10,0,3,0,2,0,2,0,4,2,35.684662499999995,139.7747525,1,3,,,,
1,30,104,166,2,0,1,30000,0,102,2021,8,31,8,43,12,,,,,1,1,1,14,7,0,23,0,23,4,9,1,70,4,2,1,25,55,51,61,0,0,,,,,,,0,0,10,0,4,0,0,0,0,0,4,2,35.67928305555555,139.77720055555557,3,3,,,,
1,30,105,61,2,0,1,30080,0,102,2021,9,30,15,25,12,,,,,2,1,1,1,1,9,22,0,23,17,9,30,70,4,2,1,55,65,3,61,31,0,,,,,,,3,0,20,0,3,0,2,0,2,0,4,2,35.68274777777778,139.78546972222222,5,3,,,,
1,30,106,141,2,0,1,30000,0,102,2021,8,12,12,5,12,,,,,2,1,1,14,7,0,23,0,23,5,9,20,70,5,2,1,45,55,3,61,1,0,,,,,,,2,0,0,0,4,0,2,0,2,0,4,2,35.66755583333333,139.76228305555554,5,3,,,,
1,30,106,142,2,0,1,30000,0,102,2021,9,13,13,58,12,,,,,1,1,1,1,7,9,22,0,23,14,9,30,70,4,2,1,35,45,3,61,31,0,,,,,,,3,0,30,0,3,0,2,0,2,0,4,2,35.66863722222222,139.77125222222224,2,3,,,,
1,30,106,143,2,0,1,30000,0,102,2021,9,17,14,23,12,,,,,1,1,1,14,7,0,23,0,23,4,9,1,70,5,2,1,1,25,3,61,31,0,,,,,,,2,0,20,0,4,0,2,0,2,0,4,2,35.669688055555554,139.76485416666668,6,3,,,,
1,30,106,145,2,0,1,10030,0,102,2021,9,22,9,12,12,,,,,2,1,1,14,7,0,23,0,23,3,9,1,70,1,2,1,35,35,51,61,0,0,,,,,,,0,0,10,0,3,0,0,0,0,0,4,2,35.670849999999994,139.76793,4,2,,,,
1,30,107,71,2,0,1,99000,0,102,2021,9,12,15,30,12,,,,,1,1,1,0,7,0,23,0,23,0,0,20,70,0,4,1,35,1,51,61,0,0,,,,,,,0,0,20,0,4,0,0,0,0,0,4,2,35.657876944444446,139.78176861111112,1,3,,,,
1,30,107,75,2,0,1,20000,0,102,2021,9,30,8,34,12,,,,,1,1,1,1,1,9,22,0,23,18,9,30,70,1,2,1,25,35,3,61,31,0,,,,,,,10,0,10,0,3,0,2,0,2,0,4,2,35.654265555555554,139.7806513888889,5,3,,,,
1,30,108,126,2,0,1,30000,0,103,2021,9,19,15,0,12,,,,,1,1,1,1,7,9,22,0,23,15,3,30,70,5,2,1,55,45,3,61,31,0,,,,,,,2,0,30,0,3,0,2,0,2,0,4,2,35.66477527777778,139.74617999999998,1,2,,,,
1,30,109,97,2,0,1,30000,0,103,2021,8,13,22,25,22,,,,,3,1,2,7,7,0,23,0,23,3,9,1,70,5,2,1,45,45,51,61,0,0,,,,,,,0,0,10,0,3,0,0,0,0,0,4,2,35.651112777777776,139.7523486111111,6,3,,,,
1,30,109,109,2,0,1,20000,0,103,2021,9,15,21,35,22,,,,,1,1,1,1,1,8,22,0,23,14,9,30,70,1,1,1,45,25,13,61,31,0,,,,,,,4,0,10,0,3,0,2,0,2,0,4,2,35.64812583333333,139.74463944444443,4,3,,,,
1,30,110,78,2,0,1,10070,0,103,2020,3,25,9,3,12,,,,,1,1,1,7,1,0,23,0,23,5,9,1,70,1,1,1,75,45,51,61,0,0,,,,,,,0,0,10,0,4,0,0,0,0,0,4,2,35.63155611111111,139.750655,4,3,,,,
1,30,110,85,2,0,1,20000,0,103,2021,9,21,7,30,12,,,,,1,1,1,1,7,9,22,0,23,14,9,30,70,4,2,1,55,25,14,61,1,0,,,,,,,1,0,10,0,3,0,2,0,2,0,4,2,35.64455611111111,139.7239172222222,3,3,,,,
1,30,110,88,2,0,1,99000,0,103,2021,9,24,20,44,22,,,,,1,1,1,0,7,0,23,0,23,0,0,20,70,0,2,1,65,35,3,61,1,0,,,,,,,10,0,40,0,4,0,2,0,2,0,4,2,35.62873666666667,139.7378772222222,6,3,,,,
1,30,111,172,2,0,1,30000,0,103,2021,8,23,10,36,12,,,,,2,1,1,1,7,1,21,0,23,11,3,30,70,4,2,1,55,25,3,61,1,0,,,,,,,5,0,60,0,4,0,2,0,2,0,4,2,35.66359611111111,139.73754777777776,2,3,,,,
1,30,111,177,2,0,1,10670,0,103,2021,9,25,2,20,22,,,,,1,1,1,1,1,9,22,0,23,18,9,30,70,1,2,1,65,25,3,61,1,0,,,,,,,10,0,50,0,3,0,2,0,2,0,4,2,35.658254444444445,139.73260805555554,7,3,,,,
1,30,112,111,2,0,1,30000,0,103,2021,9,3,23,12,22,,,,,3,1,2,7,7,0,23,0,23,3,9,20,70,5,4,1,75,45,3,61,1,0,,,,,,,2,0,40,0,4,0,2,0,2,0,4,2,35.676386666666666,139.73629694444443,6,3,,,,
1,30,113,245,2,0,1,30000,0,108,2021,9,19,18,0,21,,,,,1,1,1,7,7,0,23,0,23,3,9,1,70,1,1,1,1,55,51,61,0,0,,,,,,,0,0,10,0,3,0,0,0,0,0,4,2,35.634925277777775,139.7844088888889,1,2,,,,
1,30,113,247,2,0,1,30000,0,108,2021,9,30,13,0,12,,,,,2,1,1,14,7,0,23,0,23,2,9,1,70,5,2,1,25,1,14,61,31,0,,,,,,,1,0,20,0,4,0,2,0,2,0,4,2,35.64050833333333,139.80044916666668,5,3,,,,
1,30,215,84,2,0,1,30000,0,109,2021,9,9,16,25,12,,,,,2,1,1,14,7,0,23,0,23,3,7,1,70,4,1,1,1,1,14,61,31,0,,,,,,,5,0,10,0,3,0,2,0,2,0,4,2,35.62360666666667,139.73224861111112,5,3,,,,
1,30,215,85,2,0,1,30000,0,109,2021,9,10,16,3,12,,,,,1,1,1,14,7,0,23,0,23,4,9,1,70,4,3,1,45,1,4,61,31,0,,,,,,,2,0,40,0,3,0,2,0,2,0,4,2,35.619886666666666,139.73296944444445,6,3,,,,
1,30,215,88,2,0,1,30000,0,109,2021,9,18,1,25,22,,,,,3,1,2,14,7,0,23,0,23,2,9,1,70,5,3,1,25,0,61,0,0,0,,,,,,,0,0,0,0,0,0,0,0,0,0,2,0,35.61634361111111,139.72992944444445,7,3,,,,
1,30,215,94,2,0,1,10160,0,109,2021,9,10,11,30,12,,,,,1,1,1,14,7,0,23,0,23,3,9,1,70,5,2,1,65,1,51,61,0,0,,,,,,,0,0,10,0,3,0,0,0,0,0,4,2,35.61702638888889,139.73896499999998,6,3,,,,
1,30,216,103,2,0,1,30000,0,109,2021,9,3,19,55,22,,,,,3,1,2,1,7,9,22,0,23,14,9,30,70,5,3,1,45,1,3,61,31,0,,,,,,,2,0,10,0,3,0,2,0,2,0,4,2,35.59227333333334,139.71949166666667,6,3,,,,
1,30,216,108,2,0,1,30000,0,109,2021,9,15,7,50,12,,,,,1,1,1,14,7,0,23,0,23,2,9,20,1,5,3,1,55,1,36,61,31,0,,,,,,,1,0,10,0,4,0,0,0,0,0,4,2,35.60405305555555,139.73703555555554,4,3,,,,
1,30,216,109,2,0,1,10070,0,109,2021,9,16,16,32,12,,,,,1,1,1,1,1,9,22,0,23,19,9,30,70,1,1,1,45,55,3,61,31,0,,,,,,,4,0,40,0,3,0,2,0,2,0,4,2,35.59612555555556,139.7423983333333,5,3,,,,
1,30,216,115,2,0,1,30000,0,109,2021,9,16,18,30,21,,,,,1,1,1,14,7,0,23,0,23,1,9,1,70,4,3,1,25,55,51,61,0,0,,,,,,,0,0,20,0,3,0,0,0,0,0,4,2,35.599067222222224,139.72619666666668,5,3,,,,
1,30,217,107,2,0,1,30000,0,109,2021,8,17,2,55,22,,,,,2,1,1,1,7,9,22,0,23,14,9,30,70,5,1,1,25,35,36,61,31,0,,,,,,,2,0,10,0,3,0,0,0,0,0,4,2,35.626396666666665,139.72537194444445,3,3,,,,
1,30,217,115,2,0,2,30000,0,109,2021,9,14,5,6,23,,,,,2,1,1,1,1,9,22,0,23,15,9,30,70,4,1,1,45,65,35,61,31,0,,,,,,,2,0,10,0,2,0,0,0,0,0,2,2,35.617671111111115,139.71987027777777,3,3,,,,
1,30,218,210,2,0,1,30000,0,109,2021,6,25,14,20,12,,,,,1,1,1,14,7,0,23,0,23,3,9,1,70,5,3,1,35,65,3,61,31,0,,,,,,,1,0,10,0,4,0,2,0,2,0,4,2,35.61468555555556,139.7197813888889,6,3,,,,
1,30,218,214,2,0,1,30000,0,109,2021,9,3,12,55,12,,,,,3,1,2,14,7,0,23,0,23,2,9,1,70,5,3,1,55,35,51,61,0,0,,,,,,,0,0,0,0,4,0,0,0,0,0,4,2,35.615544444444446,139.7152986111111,6,3,,,,
1,30,218,215,2,0,1,10,115,109,2021,9,9,1,5,22,,,,,2,1,1,1,1,9,22,0,23,17,9,30,70,1,2,1,35,25,3,61,1,0,,,,,,,5,0,10,0,3,0,2,0,2,0,4,2,35.61445277777778,139.71641166666666,5,3,,,,
1,30,218,230,2,0,1,30000,0,109,2021,9,26,12,20,12,,,,,2,1,1,14,7,0,23,0,23,1,9,1,70,5,3,1,55,1,3,61,31,0,,,,,,,10,0,40,0,4,0,2,0,2,0,4,2,35.605069444444446,139.71313138888888,1,3,,,,
1,30,218,232,2,0,1,30000,0,109,2021,9,28,12,55,12,,,,,1,1,1,1,7,9,22,0,23,11,9,30,70,5,3,1,35,75,3,61,31,0,,,,,,,10,0,50,0,4,0,2,0,2,0,4,2,35.61759277777778,139.7085686111111,3,3,,,,
1,30,219,317,2,0,1,30000,0,111,2021,9,2,9,10,12,,,,,3,1,2,14,7,0,23,0,23,3,9,1,70,5,3,1,55,75,3,61,31,0,,,,,,,5,0,0,0,4,0,2,0,2,0,4,2,35.5779075,139.72672277777778,5,3,,,,
1,30,219,328,2,0,1,20180,0,111,2021,6,9,19,3,21,,,,,1,1,1,14,7,0,23,0,23,1,8,1,70,4,2,1,55,35,51,61,0,0,,,,,,,0,0,10,0,4,0,0,0,0,0,4,2,35.58790138888889,139.72721916666666,4,3,,,,
1,30,219,337,2,0,1,30000,0,111,2021,9,30,11,35,12,,,,,1,1,1,14,7,0,23,0,23,3,9,1,70,5,3,1,1,25,51,61,0,0,,,,,,,0,0,10,0,3,0,0,0,0,0,4,2,35.567705000000004,139.72602472222223,5,3,,,,
1,30,219,339,2,0,1,30000,0,111,2021,9,21,19,59,22,,,,,1,1,1,13,7,0,23,0,23,3,3,1,70,5,1,1,65,35,1,61,1,0,,,,,,,5,0,30,0,4,0,2,0,2,0,4,2,35.58772722222223,139.74024638888886,3,3,,,,
1,30,220,177,2,0,1,30000,0,111,2021,8,20,14,17,12,,,,,1,1,1,14,7,0,23,0,23,3,9,1,70,5,3,1,75,55,3,61,31,0,,,,,,,2,0,20,0,4,0,2,0,2,0,4,2,35.58585138888889,139.68144777777778,6,3,,,,
1,30,220,183,2,0,1,30000,0,111,2021,9,6,19,10,22,,,,,1,1,1,1,7,9,22,0,23,15,9,30,70,5,3,1,55,75,3,61,31,0,,,,,,,2,0,40,0,3,0,2,0,2,0,4,2,35.58864027777778,139.678865,2,3,,,,
1,30,220,202,2,0,1,30000,0,111,2021,9,24,11,45,12,,,,,1,1,1,14,7,0,23,0,23,2,9,1,70,5,3,1,45,45,14,61,1,0,,,,,,,2,0,20,0,4,0,2,0,2,0,4,2,35.58556527777778,139.68281055555553,6,3,,,,
1,30,221,270,2,0,1,30000,0,111,2021,9,3,15,30,12,,,,,1,1,1,7,7,0,23,0,23,2,9,1,70,5,3,1,65,65,3,61,31,0,,,,,,,10,0,40,0,4,0,2,0,2,0,4,2,35.54420138888889,139.70391583333333,6,3,,,,
1,30,221,271,2,0,1,30000,0,111,2021,9,7,12,0,12,,,,,2,1,1,1,7,9,22,0,23,11,9,30,70,5,3,1,75,75,51,61,0,0,,,,,,,0,0,10,0,3,0,0,0,0,0,4,2,35.547533055555554,139.73109416666668,3,3,,,,
1,30,221,274,2,0,1,30000,0,111,2021,9,9,10,20,12,,,,,3,1,2,14,7,0,23,0,23,3,9,1,70,4,2,1,45,75,59,61,0,0,,,,,,,0,0,0,0,4,0,0,0,0,0,4,2,35.56233694444444,139.7103647222222,5,3,,,,
1,30,221,282,2,0,1,99000,0,111,2021,9,21,19,36,22,,,,,1,1,1,0,7,0,23,0,23,0,0,20,70,0,4,1,35,65,51,61,0,0,,,,,,,0,0,20,0,4,0,0,0,0,0,4,2,35.54528388888889,139.72934111111113,3,3,,,,
1,30,221,288,2,0,1,95000,0,111,2021,9,14,18,10,21,,,,,3,1,2,1,7,9,22,0,23,11,9,30,70,5,2,1,55,75,35,61,31,0,,,,,,,2,0,10,0,3,0,0,0,0,0,4,2,35.54910694444444,139.7045672222222,3,3,,,,
1,30,221,290,2,0,1,30000,0,111,2021,9,25,10,35,12,,,,,2,1,1,14,7,0,23,0,23,3,9,1,1,5,3,1,55,35,13,61,31,0,,,,,,,2,0,80,0,4,0,2,0,2,0,4,2,35.55518194444444,139.73008333333334,7,3,,,,
1,30,221,294,2,0,1,95000,0,111,2021,9,30,18,20,21,,,,,2,1,1,1,7,9,22,0,23,15,9,30,70,5,1,1,35,55,51,61,0,0,,,,,,,0,0,10,0,3,0,0,0,0,0,4,2,35.56205111111111,139.71966805555556,5,3,,,,
1,30,222,168,2,0,1,95000,0,111,2021,9,8,17,0,13,,,,,3,1,2,0,7,0,23,0,23,0,0,20,70,0,4,1,1,75,51,61,0,0,,,,,,,0,0,10,0,4,0,0,0,0,0,4,2,35.56507972222222,139.68085527777777,4,3,,,,
1,30,325,189,2,0,1,10130,0,112,2021,9,1,16,24,12,,,,,3,1,2,7,1,0,23,0,23,2,9,1,70,1,2,1,55,75,14,61,31,0,,,,,,,4,0,10,0,3,0,2,0,2,0,4,2,35.631569444444445,139.67003833333334,4,3,,,,
1,30,325,196,2,0,1,30000,0,112,2021,9,12,12,45,12,,,,,2,1,1,14,7,0,23,0,23,3,9,1,70,5,3,1,35,75,51,61,0,0,,,,,,,0,0,10,0,3,0,0,0,0,0,4,2,35.643995833333335,139.6485872222222,1,3,,,,
1,30,325,200,2,0,1,30000,0,112,2021,9,8,18,5,21,,,,,3,1,1,7,7,0,23,0,23,2,9,20,70,5,3,1,1,55,14,61,1,0,,,,,,,2,0,30,0,3,0,2,0,2,0,4,2,35.64840111111111,139.67073138888887,4,3,,,,
1,30,326,281,2,0,1,10130,0,112,2021,7,5,1,5,22,,,,,3,1,2,1,7,9,22,0,23,18,8,30,70,1,1,1,35,1,3,61,31,0,,,,,,,4,0,40,0,4,0,2,0,2,0,4,2,35.657018888888885,139.66004444444445,2,3,,,,
1,30,326,283,2,0,1,30000,0,112,2021,8,20,10,12,12,,,,,1,1,1,1,7,9,22,0,23,11,9,30,70,5,2,1,45,75,51,61,0,0,,,,,,,0,0,0,0,4,0,0,0,0,0,4,2,35.66000916666667,139.66483444444444,6,3,,,,
1,30,326,287,2,0,1,30000,0,112,2021,9,4,17,0,12,,,,,3,1,2,14,7,0,23,0,23,3,9,1,70,5,4,1,55,1,3,61,31,0,,,,,,,2,0,40,0,4,0,2,0,2,0,4,2,35.66819833333333,139.6514586111111,7,3,,,,
1,30,326,288,2,0,1,10130,0,112,2021,9,4,19,45,22,,,,,3,1,1,1,1,8,22,0,23,18,9,30,70,1,2,1,45,25,3,61,31,0,,,,,,,4,0,10,0,3,0,2,0,2,0,4,2,35.654469444444445,139.66012361111112,7,3,,,,
1,30,326,289,2,0,1,30000,0,112,2021,9,5,16,35,12,,,,,1,1,1,13,7,0,23,0,23,2,3,1,70,5,4,1,55,1,3,61,31,0,,,,,,,10,0,50,0,3,0,2,0,2,0,4,2,35.65123666666666,139.64992583333333,1,3,,,,
1,30,326,302,2,0,1,30000,0,112,2021,9,16,15,10,12,,,,,1,1,1,1,7,9,22,0,23,11,9,30,70,5,3,1,55,55,51,61,0,0,,,,,,,0,0,10,0,4,0,0,0,0,0,4,2,35.649409722222224,139.63989972222222,5,3,,,,
1,30,326,303,2,0,1,30740,0,112,2021,9,17,5,2,23,,,,,2,1,1,1,1,8,22,0,23,11,9,30,70,5,3,1,65,55,3,61,31,0,,,,,,,1,0,10,0,4,0,2,0,2,0,4,2,35.65038944444444,139.6673997222222,6,3,,,,
1,30,326,305,2,0,1,30000,0,112,2021,8,30,11,12,12,,,,,1,1,1,1,7,9,22,0,23,14,9,30,70,4,1,1,25,65,13,61,31,0,,,,,,,3,0,30,0,4,0,2,0,2,0,4,2,35.660155277777775,139.66887777777777,2,3,,,,
1,30,326,307,2,0,1,20260,0,112,2021,9,6,11,20,12,,,,,2,1,2,14,7,0,23,0,23,2,8,1,70,4,1,1,35,1,51,61,0,0,,,,,,,0,0,10,0,4,0,0,0,0,0,4,2,35.65336194444444,139.67215472222222,2,3,,,,
1,30,326,316,2,0,1,30740,0,112,2021,9,25,18,30,21,,,,,2,1,1,1,7,9,22,0,23,15,9,30,70,5,2,1,65,35,3,61,1,0,,,,,,,3,0,10,0,4,0,2,0,2,0,4,2,35.65227861111111,139.6671538888889,7,3,,,,
1,30,327,304,2,0,1,95000,0,112,2021,7,21,7,30,12,,,,,1,1,1,1,7,9,22,0,23,15,9,30,70,5,4,1,1,25,51,61,0,0,,,,,,,0,0,10,0,3,0,0,0,0,0,4,2,35.62442138888889,139.65970055555556,4,2,,,,