資料区分,都道府県コード,警察署等コード,本票番号,事故内容,死者数,負傷者数,路線コード,地点コード,市区町村コード,発生日時　　年,発生日時　　月,発生日時　　日,発生日時　　時,発生日時　　分,昼夜,日の出時刻　　時,日の出時刻　　分,日の入り時刻　　時,日の入り時刻　　分,天候,地形,路面状態,道路形状,信号機,一時停止規制　標識（当事者A）,一時停止規制　表示（当事者A）,一時停止規制　標識（当事者B）,一時停止規制　表示（当事者B）,車道幅員,道路線形,衝突地点,ゾーン規制,中央分離帯施設等,歩車道区分,事故類型,年齢（当事者A）,年齢（当事者B）,当事者種別（当事者A）,当事者種別（当事者B）,用途別（当事者A）,用途別（当事者B）,車両形状等（当事者A）,車両形状等（当事者B）,オートマチック車（当事者A）,オートマチック車（当事者B）,サポカー（当事者A）,サポカー（当事者B）,速度規制（指定のみ）（当事者A）,速度規制（指定のみ）（当事者B）,車両の衝突部位（当事者A）,車両の衝突部位（当事者B）,車両の損壊程度（当事者A）,車両の損壊程度（当事者B）,エアバッグの装備（当事者A）,エアバッグの装備（当事者B）,サイドエアバッグの装備（当事者A）,サイドエアバッグの装備（当事者B）,人身損傷程度（当事者A）,人身損傷程度（当事者B）,lat,lon,曜日(発生年月日),祝日(発生年月日),認知機能検査経過日数（当事者A）,認知機能検査経過日数（当事者B）,運転練習の方法（当事者A）,運転練習の方法（当事者B）
1,30,327,307,2,0,1,30190,0,112,2021,9,1,10,35,12,,,,,2,1,1,14,7,0,23,0,23,3,7,20,70,5,3,1,1,1,51,61,0,0,,,,,,,0,0,10,0,3,0,0,0,0,0,4,2,35.60351888888889,139.6609125,4,3,,,,
1,30,327,310,2,0,1,20000,0,112,2021,9,2,9,10,12,,,,,3,1,2,1,7,1,22,0,23,14,9,30,70,4,1,1,55,45,4,61,31,0,,,,,,,10,0,10,0,4,0,2,0,2,0,4,2,35.63097777777778,139.64184055555555,5,3,,,,
1,30,327,323,2,0,1,10200,0,112,2021,9,17,22,35,22,,,,,3,1,2,1,1,9,22,0,23,18,9,30,70,1,1,1,25,45,51,61,0,0,,,,,,,0,0,10,0,3,0,0,0,0,0,2,4,35.60975194444445,139.63934666666665,6,3,,,,
1,30,327,327,2,0,1,30000,0,112,2021,9,20,8,5,12,,,,,1,1,1,1,7,1,21,0,23,15,8,30,70,5,3,1,55,65,3,61,31,0,,,,,,,5,0,10,0,3,0,2,0,2,0,4,2,35.622168333333335,139.6385536111111,2,1,,,,
1,30,328,301,2,0,1,30000,0,112,2021,9,10,18,55,21,,,,,1,1,1,14,7,0,23,0,23,2,9,1,1,5,3,1,75,25,3,61,31,0,,,,,,,2,0,10,0,3,0,2,0,2,0,4,2,35.64716472222222,139.60134444444444,6,3,,,,
1,30,329,148,2,0,1,10080,0,110,2021,8,13,22,0,22,,,,,3,1,2,1,1,9,22,0,23,19,9,30,70,5,1,1,55,35,3,61,1,0,,,,,,,3,0,10,0,3,0,2,0,2,0,4,2,35.63256166666667,139.708205,6,3,,,,
1,30,329,150,2,0,1,30000,0,110,2021,9,16,13,10,12,,,,,1,1,1,14,7,0,23,0,23,3,9,1,70,5,3,1,45,75,3,61,31,0,,,,,,,2,0,80,0,4,0,2,0,2,0,4,2,35.644216388888886,139.69795861111112,5,3,,,,
1,30,329,151,2,0,1,20240,0,110,2021,9,16,16,45,12,,,,,1,1,1,1,7,9,22,0,23,14,8,30,70,4,1,1,35,75,51,61,0,0,,,,,,,0,0,10,0,4,0,0,0,0,0,4,2,35.63959694444444,139.69817972222222,5,3,,,,
1,30,330,160,2,0,1,30000,0,110,2021,9,6,14,9,12,,,,,2,1,1,14,7,0,23,0,23,3,9,1,70,4,3,1,65,1,3,61,1,0,,,,,,,2,0,40,0,4,0,2,0,2,0,4,2,35.62931861111111,139.68350138888889,2,3,,,,
1,30,330,171,2,0,1,30000,0,110,2021,9,20,13,30,12,,,,,1,1,1,14,7,0,23,0,23,3,9,1,70,5,3,1,75,1,3,61,31,0,,,,,,,2,0,80,0,3,0,2,0,2,0,4,2,35.61323333333333,139.68162888888887,2,1,,,,
1,30,330,174,2,0,1,30000,0,110,2021,9,23,18,25,21,,,,,1,1,1,14,7,0,23,0,23,1,9,1,70,5,3,1,45,65,51,61,0,0,,,,,,,0,0,10,0,3,0,0,0,0,0,4,2,35.62894055555556,139.68754777777778,5,1,,,,
1,30,330,180,2,0,1,30000,0,110,2021,9,30,16,25,12,,,,,2,1,1,14,7,0,23,0,23,3,9,1,70,5,2,1,1,75,51,61,0,0,,,,,,,0,0,0,0,4,0,0,0,0,0,4,2,35.627073611111115,139.69356944444445,5,3,,,,
1,30,330,181,2,0,1,30000,0,110,2021,9,29,16,45,13,,,,,2,1,1,14,7,0,23,0,23,2,9,1,70,5,2,1,55,35,3,61,31,0,,,,,,,2,0,40,0,3,0,2,0,2,0,4,2,35.608043333333335,139.66882055555556,4,3,,,,
1,30,330,183,2,0,1,30000,0,110,2021,8,9,10,7,12,,,,,3,1,2,14,7,0,23,0,23,3,9,1,1,4,3,1,1,25,3,61,31,0,,,,,,,2,0,40,0,3,0,2,0,2,0,4,2,35.61217194444445,139.66670333333332,2,1,,,,
1,30,331,177,2,0,1,30000,0,113,2021,9,7,17,5,13,,,,,1,1,1,14,7,0,23,0,23,2,9,1,70,5,3,1,55,45,3,61,31,0,,,,,,,5,0,40,0,4,0,2,0,2,0,4,2,35.66343277777778,139.69951805555556,3,3,,,,
1,30,331,184,2,0,1,30000,0,113,2021,9,21,15,40,12,,,,,1,1,1,14,7,0,23,0,23,2,9,1,70,5,4,1,35,1,51,61,0,0,,,,,,,0,0,10,0,4,0,0,0,0,0,4,2,35.65595527777778,139.7128686111111,3,3,,,,
1,30,332,92,2,0,1,30000,0,113,2021,7,31,14,10,12,,,,,1,1,1,1,7,9,22,0,23,14,9,30,1,5,3,1,75,75,3,61,31,0,,,,,,,2,0,50,0,3,0,2,0,2,0,4,2,35.66693111111111,139.711235,7,3,,,,
1,30,332,98,2,0,1,30000,0,113,2021,8,30,18,30,21,,,,,1,1,1,14,7,0,23,0,23,2,9,1,70,5,4,1,45,45,3,61,31,0,,,,,,,10,0,40,0,3,0,2,0,2,0,4,2,35.66970666666666,139.70858694444442,2,3,,,,
1,30,332,99,2,0,1,30000,0,113,2021,9,12,20,3,22,,,,,1,1,1,14,7,0,23,0,23,4,7,1,70,4,1,1,55,45,3,61,31,0,,,,,,,4,0,80,0,3,0,2,0,2,0,4,2,35.67209861111111,139.7031888888889,1,3,,,,
1,30,333,116,2,0,1,30000,0,113,2021,9,16,15,30,12,,,,,1,1,1,7,7,0,23,0,23,3,9,1,70,4,2,1,35,55,51,61,0,0,,,,,,,0,0,10,0,3,0,0,0,0,0,4,2,35.668999444444445,139.68922666666668,5,3,,,,
1,30,333,118,2,0,1,30000,0,113,2021,9,17,11,15,12,,,,,2,1,1,14,7,0,23,0,23,4,9,1,70,5,3,1,75,25,3,61,1,0,,,,,,,2,0,80,0,3,0,2,0,2,0,4,2,35.67985722222222,139.68706805555556,6,3,,,,
1,30,333,120,2,0,1,20330,0,113,2021,9,24,20,18,22,,,,,1,1,1,7,1,0,23,0,23,2,9,20,70,4,1,1,55,1,14,61,31,0,,,,,,,3,0,10,0,3,0,2,0,2,0,4,2,35.67988611111111,139.67682555555555,6,3,,,,
1,30,333,124,2,0,1,20270,0,113,2021,9,16,9,50,12,,,,,1,1,1,14,7,0,23,0,23,5,8,1,70,1,1,1,25,35,51,61,0,0,,,,,,,0,0,10,0,3,0,0,0,0,0,4,2,35.66746277777778,139.69006833333333,5,3,,,,
1,30,333,128,2,0,1,30000,0,113,2021,7,16,19,24,21,,,,,1,1,1,14,7,0,23,0,23,1,9,1,70,5,2,1,25,35,13,61,31,0,,,,,,,4,0,30,0,3,0,2,0,2,0,4,2,35.66826972222222,139.69134861111112,6,3,,,,
1,30,435,87,2,0,1,10050,0,104,2021,9,3,20,43,22,,,,,3,1,2,14,7,0,23,0,23,5,9,1,70,1,2,1,55,35,3,61,31,0,,,,,,,10,0,10,0,3,0,2,0,2,0,4,2,35.69145972222222,139.718065,6,3,,,,
1,30,435,91,2,0,1,95000,0,104,2021,9,19,17,35,13,,,,,1,1,1,1,7,9,22,0,23,14,9,30,70,5,3,1,55,65,3,61,31,0,,,,,,,2,0,12,0,3,0,2,0,2,0,4,2,35.692272499999994,139.71560305555553,1,2,,,,
1,30,435,93,2,0,1,30000,0,104,2021,9,21,15,40,12,,,,,1,1,1,14,7,0,23,0,23,2,9,1,70,5,2,1,65,25,3,61,31,0,,,,,,,1,0,40,0,3,0,2,0,2,0,4,2,35.703815000000006,139.7255722222222,3,3,,,,
1,30,435,95,2,0,1,10000,0,104,2021,7,5,9,15,12,,,,,2,1,1,14,7,0,23,0,23,1,9,1,70,5,1,1,35,45,3,61,31,0,,,,,,,1,0,20,0,3,0,2,0,2,0,4,2,35.70074833333334,139.717185,2,3,,,,
1,30,436,189,2,0,1,30000,0,104,2021,6,29,17,9,12,,,,,2,1,1,14,7,0,23,0,23,2,9,1,70,5,4,1,25,25,3,61,31,0,,,,,,,10,0,40,0,4,0,2,0,2,0,4,2,35.70176111111111,139.70301444444442,3,3,,,,
1,30,436,199,2,0,1,30000,0,104,2021,8,17,12,0,12,,,,,3,1,2,1,7,9,22,0,23,15,9,30,70,5,2,1,25,45,13,61,1,0,,,,,,,2,0,30,0,3,0,2,0,2,0,4,2,35.69575666666666,139.69910027777777,3,3,,,,
1,30,436,204,2,0,1,30290,0,104,2021,9,29,16,6,12,,,,,2,1,1,14,7,0,23,0,23,4,9,1,70,4,2,1,1,35,3,61,31,0,,,,,,,3,0,10,0,2,0,2,0,2,0,4,2,35.70288,139.6950652777778,4,3,,,,
1,30,436,208,2,0,1,10050,0,104,2021,8,20,13,10,12,,,,,1,1,1,1,1,9,22,0,23,19,9,30,70,5,2,1,25,75,51,61,0,0,,,,,,,0,0,10,0,3,0,0,0,0,0,4,2,35.6937875,139.70087277777776,6,3,,,,
1,30,437,137,2,0,1,30000,0,104,2021,9,3,14,30,12,,,,,2,1,2,14,7,0,23,0,23,2,9,1,70,5,4,1,65,45,3,61,31,0,,,,,,,1,0,40,0,3,0,2,0,2,0,4,2,35.710546944444445,139.69580027777778,6,3,,,,
1,30,437,143,2,0,1,10280,0,104,2021,9,21,21,10,22,,,,,1,1,1,14,7,0,23,0,23,5,9,1,70,1,1,1,65,25,3,61,1,0,,,,,,,5,0,40,0,3,0,2,0,1,0,4,2,35.71234611111112,139.71762666666666,3,3,,,,
1,30,437,146,2,0,1,10250,0,104,2021,9,24,21,15,22,,,,,1,1,1,14,7,0,23,0,23,3,9,1,70,5,2,1,25,1,35,61,31,0,,,,,,,3,0,10,0,3,0,0,0,0,0,4,2,35.72258416666667,139.68348166666667,6,3,,,,
1,30,438,108,2,0,1,20000,0,104,2021,8,21,18,13,13,,,,,2,1,1,14,7,0,23,0,23,4,8,1,70,4,1,1,1,45,51,61,0,0,,,,,,,0,0,40,0,3,0,0,0,0,0,4,2,35.67896861111111,139.72438833333334,7,3,,,,
1,30,438,110,2,0,1,30000,0,104,2021,9,16,19,7,22,,,,,1,1,1,7,1,0,23,0,23,5,8,1,70,4,2,1,45,45,3,61,1,0,,,,,,,1,0,10,0,4,0,2,0,2,0,4,2,35.69023361111111,139.71548944444444,5,3,,,,
1,30,439,221,2,0,1,30000,0,114,2021,9,5,12,28,12,,,,,2,1,1,14,7,0,23,0,23,2,8,1,70,5,4,1,35,75,51,61,0,0,,,,,,,0,0,20,0,4,0,0,0,0,0,4,2,35.69323444444444,139.67187694444445,1,3,,,,
1,30,439,224,2,0,1,20280,0,114,2021,9,11,12,30,12,,,,,1,1,1,14,7,0,23,0,23,3,7,1,70,4,1,1,1,65,51,61,0,0,,,,,,,0,0,10,0,4,0,0,0,0,0,4,2,35.690353888888886,139.66909333333334,7,3,,,,
1,30,439,231,2,0,1,20280,0,114,2021,9,16,15,35,12,,,,,1,1,1,1,7,9,22,0,23,14,9,30,70,4,2,1,75,75,51,61,0,0,,,,,,,0,0,10,0,3,0,0,0,0,0,4,2,35.68260166666666,139.6693675,5,3,,,,
1,30,439,232,2,0,1,10220,0,114,2021,9,18,19,48,22,,,,,3,1,2,1,1,9,22,0,23,15,9,30,70,4,1,1,35,1,4,61,31,0,,,,,,,3,0,50,0,3,0,2,0,2,0,4,2,35.71125444444445,139.68942027777777,7,3,,,,
1,30,439,235,2,0,1,30000,0,114,2021,9,22,17,55,21,,,,,1,1,1,7,7,0,23,0,23,1,9,1,70,5,3,1,35,45,35,61,31,0,,,,,,,1,0,10,0,3,0,0,0,0,0,4,2,35.69472388888889,139.68489916666667,4,2,,,,
1,30,439,238,2,0,1,10160,0,114,2021,9,26,20,20,22,,,,,1,1,1,1,7,9,22,0,23,17,9,30,70,1,1,1,25,65,51,61,0,0,,,,,,,0,0,10,0,3,0,0,0,0,0,4,2,35.705063333333335,139.68270666666666,1,3,,,,
1,30,440,183,2,0,1,30000,0,114,2021,9,20,20,40,22,,,,,1,1,1,1,1,9,22,0,23,15,9,30,70,4,2,1,35,1,14,61,1,0,,,,,,,3,0,50,0,3,0,2,0,2,0,4,2,35.70842833333334,139.66334527777778,2,1,,,,
1,30,441,232,2,0,1,10240,0,115,2021,9,1,0,8,22,,,,,3,1,2,1,1,9,22,0,23,19,9,30,70,5,2,1,25,1,3,61,31,0,,,,,,,5,0,80,0,2,0,2,0,2,0,4,2,35.69805888888889,139.65495222222222,4,3,,,,
1,30,441,233,2,0,1,10240,0,115,2021,9,2,17,5,12,,,,,3,1,2,1,1,0,23,0,23,17,9,30,70,4,1,1,75,0,61,0,0,0,,,,,,,0,0,0,0,0,0,0,0,0,0,2,0,35.69804638888888,139.65134527777778,5,3,,,,
1,30,441,236,2,0,1,10130,0,115,2021,9,6,18,18,21,,,,,2,1,1,7,1,0,23,0,23,4,9,1,70,1,2,1,25,65,51,61,0,0,,,,,,,0,0,20,0,4,0,0,0,0,0,4,2,35.69360083333333,139.65422416666667,2,3,,,,
1,30,441,241,2,0,1,30000,0,115,2021,9,12,4,5,22,,,,,2,1,1,1,7,1,22,0,23,11,9,30,70,5,3,1,65,55,3,61,31,0,,,,,,,2,0,20,0,3,0,2,0,2,0,4,2,35.690682499999994,139.66310666666666,1,3,,,,
1,30,441,245,2,0,1,30000,0,115,2021,9,29,12,0,12,,,,,1,1,1,14,7,0,23,0,23,2,9,1,70,5,3,1,35,45,3,61,1,0,,,,,,,2,0,10,0,3,0,2,0,2,0,4,2,35.694405555555555,139.63251583333334,4,3,,,,
1,30,442,227,2,0,1,200,151,115,2021,9,17,16,30,12,,,,,2,1,1,14,7,0,23,0,23,2,9,1,70,5,2,1,1,25,51,61,0,0,,,,,,,0,0,10,0,3,0,0,0,0,0,4,2,35.668615833333334,139.63528083333333,6,3,,,,
1,30,442,229,2,0,1,30000,0,115,2021,8,29,1,50,22,,,,,1,1,1,14,7,0,23,0,23,2,9,1,70,5,4,1,35,25,36,61,31,0,,,,,,,2,0,10,0,3,0,0,0,0,0,4,2,35.68409944444444,139.65801944444445,1,3,,,,
1,30,442,238,2,0,1,30000,0,115,2021,9,28,14,45,12,,,,,1,1,1,14,7,0,23,0,23,1,9,1,70,5,3,1,75,75,3,61,31,0,,,,,,,1,0,80,0,3,0,2,0,2,0,4,2,35.674611388888884,139.65500916666667,3,3,,,,
1,30,443,155,2,0,1,99000,0,115,2021,9,14,9,10,12,,,,,2,1,1,0,7,0,23,0,23,0,0,20,70,0,4,1,35,45,14,61,31,0,,,,,,,10,0,30,0,4,0,2,0,2,0,4,2,35.71111888888889,139.60616416666667,3,3,,,,
1,30,443,161,2,0,1,30000,0,115,2021,9,27,14,35,12,,,,,1,1,1,1,2,1,21,0,23,14,9,30,70,4,3,1,45,75,13,61,31,0,,,,,,,2,0,10,0,4,0,2,0,2,0,4,2,35.70050805555556,139.61822472222224,2,3,,,,
1,30,545,73,2,0,1,20000,0,105,2021,9,5,16,25,12,,,,,2,1,1,14,7,0,23,0,23,5,9,1,70,1,2,1,1,25,51,61,0,0,,,,,,,0,0,10,0,3,0,0,0,0,0,4,2,35.70688666666667,139.74893916666664,1,3,,,,
1,30,545,75,2,0,1,30000,0,105,2021,9,8,20,18,22,,,,,2,1,2,14,7,0,23,0,23,2,9,1,70,5,1,1,55,55,3,61,1,0,,,,,,,2,0,10,0,3,0,2,0,2,0,4,2,35.703746388888895,139.7481508333333,4,3,,,,
1,30,546,90,2,0,1,30000,0,105,2021,9,11,20,50,22,,,,,1,1,1,1,7,9,22,0,23,15,9,30,70,4,2,1,45,25,35,61,31,0,,,,,,,10,0,0,0,4,0,0,0,0,0,4,2,35.71944527777778,139.73479527777778,7,3,,,,
1,30,547,83,2,0,1,30000,0,105,2021,9,3,9,0,12,,,,,3,1,2,14,1,0,23,0,23,5,9,1,70,4,2,1,25,65,13,61,31,0,,,,,,,3,0,40,0,3,0,2,0,2,0,4,2,35.70532305555556,139.76223916666666,6,3,,,,
1,30,550,154,1,1,0,30000,0,116,2021,9,30,21,56,22,,,,,3,1,2,14,7,0,23,0,23,2,9,20,70,5,4,1,45,65,3,61,31,0,,,,,,,10,0,70,0,1,0,2,0,2,0,4,1,35.74069194444444,139.70807694444443,5,3,,,,
1,30,550,155,2,0,1,30000,0,116,2021,8,22,23,43,22,,,,,2,1,1,14,7,0,23,0,23,2,9,1,70,5,3,1,35,1,51,61,0,0,,,,,,,0,0,40,0,4,0,0,0,0,0,4,2,35.72830722222223,139.70922277777777,1,3,,,,
1,30,550,158,2,0,1,30000,0,116,2021,9,6,16,13,12,,,,,1,1,1,1,7,1,21,0,23,17,9,30,70,1,2,1,45,75,3,61,31,0,,,,,,,10,0,30,0,4,0,2,0,2,0,4,2,35.73057916666667,139.71318722222222,2,3,,,,
1,30,550,162,2,0,1,30000,0,116,2021,9,13,12,10,12,,,,,1,1,1,14,7,0,23,0,23,3,9,1,70,5,3,1,35,65,3,61,1,0,,,,,,,2,0,10,0,4,0,2,0,2,0,4,2,35.73334472222222,139.7063761111111,2,3,,,,
1,30,550,169,2,0,1,30000,0,116,2021,9,15,18,35,21,,,,,1,1,1,1,7,0,23,0,23,11,9,30,70,5,2,1,1,0,61,0,0,0,,,,,,,0,0,0,0,0,0,0,0,0,0,2,0,35.729349166666665,139.7066583333333,4,3,,,,
1,30,550,171,2,0,1,10090,0,116,2021,9,20,14,35,12,,,,,1,1,1,14,7,0,23,0,23,6,9,1,70,1,1,1,65,45,3,61,1,0,,,,,,,4,0,30,0,4,0,2,0,2,0,4,2,35.72840416666667,139.71199888888887,2,1,,,,
1,30,551,182,2,0,1,30000,0,116,2021,9,13,18,15,21,,,,,1,1,1,14,7,0,23,0,23,2,7,1,1,5,3,1,1,1,51,61,0,0,,,,,,,0,0,10,0,4,0,0,0,0,0,4,2,35.721650555555556,139.71636277777776,2,3,,,,
1,30,551,189,2,0,1,30000,0,116,2021,9,22,13,15,12,,,,,1,1,1,14,7,0,23,0,23,3,9,1,70,5,2,1,65,45,3,61,31,0,,,,,,,2,0,40,0,4,0,2,0,2,0,4,2,35.71503972222222,139.71390833333334,4,2,,,,
1,30,551,191,2,0,1,10090,0,116,2021,9,24,22,2,22,,,,,1,1,1,14,7,0,23,0,23,5,9,1,70,1,2,1,25,55,51,61,0,0,,,,,,,0,0,10,0,4,0,0,0,0,0,4,2,35.71964138888889,139.7134375,6,3,,,,
1,30,552,129,2,0,1,10090,0,117,2021,9,3,20,30,22,,,,,3,1,2,1,1,1,21,0,23,15,9,30,70,1,1,1,55,25,51,61,0,0,,,,,,,0,0,10,0,4,0,0,0,0,0,4,2,35.75068861111111,139.74851166666664,6,3,,,,
1,30,552,134,2,0,1,30000,0,117,2021,9,7,20,27,22,,,,,1,1,1,1,1,9,21,0,23,15,9,30,70,5,1,1,35,45,3,61,31,0,,,,,,,2,0,10,0,3,0,2,0,2,0,4,2,35.744146666666666,139.7390236111111,3,3,,,,
1,30,552,144,2,0,1,30000,0,117,2021,9,10,12,0,12,,,,,1,1,1,14,7,0,23,0,23,1,9,1,70,5,4,1,65,65,51,61,0,0,,,,,,,0,0,40,0,4,0,0,0,0,0,4,2,35.742827222222225,139.74969444444443,6,3,,,,
1,30,554,117,2,0,1,95000,0,117,2021,8,31,7,15,12,,,,,2,1,1,7,7,0,23,0,23,5,9,20,70,5,3,1,45,45,3,61,31,0,,,,,,,10,0,70,0,4,0,2,0,2,0,4,2,35.78517194444444,139.69897138888888,3,3,,,,
1,30,554,118,2,0,1,30000,0,117,2021,9,16,20,10,22,,,,,1,1,1,14,7,0,23,0,23,3,9,1,70,5,2,1,1,1,35,61,31,0,,,,,,,2,0,10,0,3,0,0,0,0,0,4,2,35.7793075,139.72340222222223,5,3,,,,
1,30,554,120,2,0,1,30000,0,117,2021,3,19,8,30,12,,,,,1,1,1,1,7,9,22,0,23,11,9,30,70,5,2,1,45,55,13,61,31,0,,,,,,,1,0,20,0,3,0,2,0,2,0,4,2,35.776800277777774,139.7221,6,2,,,,
1,30,555,237,2,0,1,30000,0,119,2021,8,16,13,25,12,,,,,3,1,2,1,7,1,21,0,23,14,9,30,70,5,3,1,45,45,3,61,31,0,,,,,,,2,0,10,0,4,0,2,0,2,0,4,2,35.7540275,139.68112277777777,2,3,,,,
1,30,555,238,2,0,1,30000,0,119,2021,7,25,17,59,13,,,,,1,1,1,14,7,0,23,0,23,3,9,1,70,5,2,1,25,75,3,61,31,0,,,,,,,10,0,10,0,3,0,2,0,2,0,4,2,35.747463055555556,139.6864,1,3,,,,
1,30,555,243,2,0,1,30000,0,119,2021,8,31,21,2,22,,,,,3,1,1,14,7,0,23,0,23,3,9,1,70,4,2,1,55,75,51,61,0,0,,,,,,,0,0,10,0,3,0,0,0,0,0,4,2,35.74641722222222,139.68453583333334,3,3,,,,
1,30,555,248,2,0,1,2540,104,119,2021,9,30,15,55,12,,,,,2,1,1,1,1,9,22,0,23,17,9,30,70,1,1,1,25,1,13,61,31,0,,,,,,,3,0,40,0,3,0,2,0,2,0,4,2,35.761898333333335,139.67177888888887,5,3,,,,
1,30,556,197,2,0,1,30000,0,119,2021,9,2,18,0,13,,,,,1,1,2,1,1,0,23,0,23,14,8,30,70,4,1,1,65,0,61,0,0,0,,,,,,,0,0,0,0,0,0,0,0,0,0,2,0,35.77994277777778,139.69695694444445,5,3,,,,
1,30,556,201,2,0,2,20000,0,119,2021,9,7,15,10,12,,,,,2,1,1,1,1,9,22,0,23,11,9,30,70,4,1,1,55,75,13,61,31,0,,,,,,,1,0,10,0,3,0,2,0,2,0,4,2,35.77123722222222,139.69261833333334,3,3,,,,
1,30,557,200,2,0,2,10010,0,120,2021,8,24,20,4,22,,,,,2,1,1,1,1,9,22,0,23,18,9,30,70,5,2,1,35,65,3,61,31,0,,,,,,,4,0,10,0,3,0,2,0,2,0,4,2,35.738,139.6440597222222,3,3,,,,
1,30,557,206,2,0,1,30000,0,120,2021,9,3,18,54,21,,,,,3,1,2,1,2,1,21,0,23,14,9,30,70,4,2,1,75,55,2,61,31,0,,,,,,,2,0,10,0,3,0,2,0,2,0,4,2,35.74107888888889,139.64908583333332,6,3,,,,
1,30,557,210,2,0,1,30000,0,120,2021,9,9,18,5,21,,,,,1,1,1,1,7,9,22,0,23,15,9,30,70,5,2,1,45,35,31,61,31,0,,,,,,,3,0,10,0,3,0,0,0,0,0,4,2,35.75534416666667,139.66625166666668,5,3,,,,
1,30,557,212,2,0,1,30000,0,120,2021,9,10,16,45,12,,,,,1,1,1,7,7,0,23,0,23,2,9,1,70,5,3,1,55,1,14,61,31,0,,,,,,,10,0,10,0,3,0,2,0,2,0,4,2,35.74154388888889,139.6400275,6,3,,,,
1,30,557,215,2,0,1,30000,0,120,2021,9,12,18,0,21,,,,,2,1,1,14,7,0,23,0,23,3,9,1,70,4,1,1,45,45,3,61,31,0,,,,,,,10,0,20,0,3,0,2,0,2,0,4,2,35.73900722222222,139.6543286111111,1,3,,,,
1,30,558,244,2,0,1,30000,0,120,2021,6,1,18,45,13,,,,,2,1,1,1,7,9,22,0,23,14,9,30,70,5,2,1,65,55,3,61,1,0,,,,,,,2,0,10,0,3,0,2,0,2,0,4,2,35.7490325,139.58586305555556,3,3,,,,
1,30,558,254,2,0,1,10250,0,120,2021,9,14,19,5,22,,,,,3,1,2,7,1,0,23,0,23,4,9,1,70,4,2,1,75,1,3,61,31,0,,,,,,,3,0,50,0,3,0,2,0,2,0,4,2,35.731371111111116,139.5716736111111,3,3,,,,
1,30,559,137,2,0,1,30000,0,119,2021,9,16,7,0,12,,,,,1,1,1,14,7,0,23,0,23,1,9,1,70,4,3,1,45,75,3,61,31,0,,,,,,,2,0,55,0,3,0,2,0,2,0,4,2,35.770944444444446,139.6547988888889,5,3,,,,
1,30,559,140,2,0,2,30000,0,119,2021,9,17,20,40,22,,,,,1,1,1,7,7,0,23,0,23,3,9,1,70,5,2,1,55,65,51,61,0,0,,,,,,,0,0,10,0,3,0,0,0,0,0,2,2,35.77769,139.6267777777778,6,3,,,,
1,30,559,152,2,0,1,20000,0,119,2021,9,30,5,10,23,,,,,1,1,1,1,1,9,22,0,23,17,9,30,70,1,2,1,45,75,11,61,1,0,,,,,,,3,0,10,0,4,0,2,0,2,0,4,2,35.78974222222222,139.67408138888888,5,3,,,,
1,30,560,239,2,0,1,30000,0,120,2021,9,4,8,5,12,,,,,3,1,2,1,7,1,21,0,23,11,9,30,70,5,3,1,75,45,3,61,31,0,,,,,,,2,0,10,0,4,0,2,0,2,0,4,2,35.76874194444444,139.65638583333333,7,3,,,,
1,30,560,240,2,0,1,10010,0,120,2021,9,4,20,0,22,,,,,3,1,2,1,1,9,22,0,23,18,9,30,70,4,2,1,45,55,13,61,31,0,,,,,,,4,0,80,0,3,0,2,0,2,0,4,2,35.7563675,139.60085777777778,7,3,,,,
1,30,560,241,2,0,1,30000,0,120,2021,9,5,11,47,12,,,,,2,1,1,14,7,0,23,0,23,2,9,1,70,5,4,1,45,65,3,61,31,0,,,,,,,10,0,20,0,4,0,2,0,2,0,4,2,35.737935,139.61021194444444,1,3,,,,
1,30,560,243,2,0,1,30000,0,120,2021,9,6,9,25,12,,,,,2,1,1,14,7,0,23,0,23,2,9,1,70,5,3,1,75,55,3,61,31,0,,,,,,,2,0,40,0,3,0,2,0,2,0,4,2,35.74733861111111,139.62153833333335,2,3,,,,
1,30,560,248,2,0,1,30000,0,120,2021,9,9,16,30,12,,,,,2,1,1,7,1,0,23,0,23,2,9,1,70,4,1,1,55,45,13,61,31,0,,,,,,,3,0,0,0,3,0,2,0,2,0,4,2,35.7598775,139.61833611111112,5,3,,,,
1,30,560,258,2,0,1,30000,0,120,2021,9,25,16,58,13,,,,,2,1,1,7,7,0,23,0,23,3,9,1,70,5,2,1,55,65,3,61,31,0,,,,,,,2,0,10,0,3,0,2,0,2,0,4,2,35.740810833333335,139.61747277777778,7,3,,,,
1,30,560,262,2,0,1,30000,0,120,2021,9,23,5,50,11,,,,,2,1,1,1,7,1,21,0,23,11,9,30,1,5,3,1,45,65,3,61,31,0,,,,,,,1,0,20,0,4,0,2,0,2,0,4,2,35.76813472222222,139.65555694444444,5,1,,,,
1,30,660,127,2,0,1,30000,0,106,2021,9,20,10,57,12,,,,,1,1,1,1,7,9,22,0,23,11,9,30,70,5,2,1,65,65,3,61,31,0,,,,,,,2,0,10,0,4,0,2,0,2,0,4,2,35.70557027777778,139.77429194444446,2,1,,,,
1,30,662,86,2,0,1,30000,0,106,2021,9,28,17,50,21,,,,,1,1,1,1,7,9,22,0,23,14,9,30,70,4,2,1,65,1,3,61,31,0,,,,,,,2,0,80,0,3,0,2,0,2,0,4,2,35.72596138888889,139.80668722222222,3,3,,,,