資料区分,都道府県コード,警察署等コード,本票番号,事故内容,死者数,負傷者数,路線コード,地点コード,市区町村コード,発生日時　　年,発生日時　　月,発生日時　　日,発生日時　　時,発生日時　　分,昼夜,日の出時刻　　時,日の出時刻　　分,日の入り時刻　　時,日の入り時刻　　分,天候,地形,路面状態,道路形状,信号機,一時停止規制　標識（当事者A）,一時停止規制　表示（当事者A）,一時停止規制　標識（当事者B）,一時停止規制　表示（当事者B）,車道幅員,道路線形,衝突地点,ゾーン規制,中央分離帯施設等,歩車道区分,事故類型,年齢（当事者A）,年齢（当事者B）,当事者種別（当事者A）,当事者種別（当事者B）,用途別（当事者A）,用途別（当事者B）,車両形状等（当事者A）,車両形状等（当事者B）,オートマチック車（当事者A）,オートマチック車（当事者B）,サポカー（当事者A）,サポカー（当事者B）,速度規制（指定のみ）（当事者A）,速度規制（指定のみ）（当事者B）,車両の衝突部位（当事者A）,車両の衝突部位（当事者B）,車両の損壊程度（当事者A）,車両の損壊程度（当事者B）,エアバッグの装備（当事者A）,エアバッグの装備（当事者B）,サイドエアバッグの装備（当事者A）,サイドエアバッグの装備（当事者B）,人身損傷程度（当事者A）,人身損傷程度（当事者B）,lat,lon,曜日(発生年月日),祝日(発生年月日),認知機能検査経過日数（当事者A）,認知機能検査経過日数（当事者B）,運転練習の方法（当事者A）,運転練習の方法（当事者B）
1,30,663,107,2,0,1,95000,0,106,2021,9,8,8,46,12,,,,,1,1,1,14,7,0,23,0,23,6,9,1,70,4,2,1,35,45,51,61,0,0,,,,,,,0,0,10,0,3,0,0,0,0,0,4,2,35.698005277777774,139.78686055555556,4,3,,,,
1,30,663,115,2,0,1,30000,0,106,2021,9,24,9,55,12,,,,,1,1,1,1,7,9,22,0,23,15,9,30,70,5,2,1,55,35,13,61,31,0,,,,,,,2,0,10,0,3,0,2,0,2,0,4,2,35.69658805555555,139.78450444444445,6,3,,,,
1,30,664,74,2,0,1,20570,0,118,2021,9,18,18,5,21,,,,,3,1,2,14,7,0,23,0,23,3,9,1,70,1,2,1,1,45,51,61,0,0,,,,,,,0,0,10,0,4,0,0,0,0,0,4,2,35.74691611111111,139.76271722222222,7,3,,,,
1,30,665,52,2,0,1,30000,0,118,2021,9,30,16,20,12,,,,,3,1,2,14,7,0,23,0,23,3,9,1,70,4,2,1,55,25,51,61,0,0,,,,,,,0,0,20,0,4,0,0,0,0,0,4,2,35.73390666666667,139.79638666666668,5,3,,,,
1,30,666,86,2,0,1,20410,0,118,2021,9,28,18,0,21,,,,,1,1,1,14,7,0,23,0,23,4,9,1,70,4,2,1,25,35,51,61,0,0,,,,,,,0,0,20,0,4,0,0,0,0,0,4,2,35.732013611111114,139.76640277777778,3,3,,,,
1,30,668,322,2,0,1,10130,0,121,2021,9,4,22,20,22,,,,,3,1,2,1,1,9,22,0,23,19,9,30,70,1,2,1,45,25,12,61,1,0,,,,,,,4,0,10,0,3,0,2,0,2,0,4,2,35.77861388888889,139.802885,7,3,,,,
1,30,668,338,2,0,1,30790,0,121,2021,9,24,18,5,21,,,,,1,1,1,1,1,9,22,0,23,17,9,30,70,5,2,1,35,55,4,61,31,0,,,,,,,2,0,50,0,3,0,2,0,2,0,4,2,35.77173444444444,139.7811038888889,6,3,,,,
1,30,669,407,2,0,1,10130,0,121,2021,9,4,21,25,22,,,,,3,1,2,1,1,9,22,0,23,19,9,30,70,1,2,1,55,1,3,61,1,0,,,,,,,4,0,10,0,3,0,2,0,2,0,4,2,35.77577,139.84340277777778,7,3,,,,
1,30,669,417,2,0,1,30000,0,121,2021,9,14,15,40,12,,,,,2,1,1,1,1,9,22,0,23,14,9,30,1,4,2,1,45,65,3,61,31,0,,,,,,,2,0,50,0,3,0,2,0,2,0,4,2,35.77388083333333,139.83741666666668,3,3,,,,
1,30,669,422,2,0,1,30000,0,121,2021,9,16,15,25,12,,,,,1,1,1,1,1,9,22,0,23,15,9,30,70,1,1,1,55,65,3,61,31,0,,,,,,,2,0,20,0,3,0,2,0,2,0,4,2,35.77329666666667,139.8441727777778,5,3,,,,
1,30,669,424,2,0,1,30000,0,121,2021,9,9,14,0,12,,,,,3,1,2,14,7,0,23,0,23,3,9,1,70,5,3,1,65,55,4,61,31,0,,,,,,,2,0,40,0,4,0,2,0,2,0,4,2,35.79347944444444,139.83288888888887,5,3,,,,
1,30,669,428,2,0,1,30000,0,121,2021,9,17,19,30,22,,,,,2,1,1,14,7,0,23,0,23,3,9,1,70,4,3,1,35,1,11,61,1,0,,,,,,,2,0,0,0,4,0,2,0,2,0,4,2,35.7800375,139.8105891666667,6,3,,,,
1,30,669,430,2,0,1,30000,0,121,2021,9,18,17,33,13,,,,,2,1,2,14,7,0,23,0,23,2,9,1,70,5,2,1,75,45,14,61,31,0,,,,,,,2,0,40,0,4,0,2,0,2,0,4,2,35.78737611111111,139.83598194444446,7,3,,,,
1,30,669,434,2,0,1,20000,0,122,2021,9,23,13,10,12,,,,,1,1,1,7,7,0,23,0,23,4,9,1,70,4,1,1,35,75,3,61,31,0,,,,,,,2,0,10,0,4,0,2,0,2,0,4,2,35.76182861111111,139.8241525,5,1,,,,
1,30,669,436,2,0,1,30000,0,121,2021,9,24,13,15,12,,,,,1,1,1,7,7,0,23,0,23,2,9,1,70,1,2,1,25,1,3,61,1,0,,,,,,,2,0,10,0,3,0,2,0,2,0,4,2,35.782152777777775,139.84243305555557,6,3,,,,
1,30,669,445,2,0,1,10360,0,121,2021,9,20,11,20,12,,,,,1,1,1,14,7,0,23,0,23,3,9,1,70,5,2,1,75,35,3,61,31,0,,,,,,,3,0,80,0,3,0,2,0,2,0,4,2,35.75792833333333,139.8287061111111,2,1,,,,
1,30,670,269,2,0,1,40,126,121,2021,9,7,17,0,13,,,,,1,1,1,14,7,0,23,0,23,6,9,1,70,1,2,1,45,1,51,61,0,0,,,,,,,0,0,10,0,3,0,0,0,0,0,4,2,35.7900075,139.80284305555557,3,3,,,,
1,30,670,289,2,0,1,30000,0,121,2021,9,27,7,30,12,,,,,1,1,1,14,7,0,23,0,23,3,9,1,70,5,2,1,25,1,35,61,31,0,,,,,,,2,0,10,0,3,0,0,0,0,0,4,2,35.80278111111111,139.78035666666668,2,3,,,,
1,30,771,297,1,1,0,20680,0,108,2021,9,2,18,54,21,,,,,3,1,2,1,7,9,22,0,23,17,9,30,70,4,2,1,35,75,3,61,31,0,,,,,,,4,0,10,0,3,0,2,0,2,0,4,1,35.68261083333333,139.7987688888889,5,3,,,,
1,30,771,300,2,0,1,10040,0,108,2021,9,3,9,20,12,,,,,3,1,2,1,1,9,22,0,23,17,9,30,70,4,2,1,25,55,35,61,31,0,,,,,,,5,0,20,0,3,0,0,0,0,0,4,2,35.67187388888889,139.7962513888889,6,3,,,,
1,30,771,318,2,0,1,30000,0,108,2021,9,3,20,32,22,,,,,3,1,2,14,7,0,23,0,23,2,9,1,70,4,1,1,45,55,51,61,0,0,,,,,,,0,0,40,0,3,0,0,0,0,0,4,2,35.666605,139.81665361111112,6,3,,,,
1,30,771,320,2,0,1,20680,0,108,2021,9,14,22,0,22,,,,,3,1,2,1,1,9,22,0,23,15,9,30,70,1,2,1,35,35,3,61,1,0,,,,,,,4,0,10,0,3,0,2,0,2,0,4,2,35.67259027777777,139.79491027777777,3,3,,,,
1,30,771,325,2,0,1,99000,0,108,2021,9,20,16,50,13,,,,,1,1,1,0,7,0,23,0,23,0,0,20,70,0,4,1,35,25,51,61,0,0,,,,,,,0,0,0,0,4,0,0,0,0,0,4,2,35.65065861111111,139.79463222222222,2,1,,,,
1,30,771,336,2,0,1,20680,0,108,2021,9,28,18,45,22,,,,,1,1,1,1,1,9,22,0,23,15,8,30,70,5,2,1,35,65,51,61,0,0,,,,,,,0,0,20,0,3,0,0,0,0,0,4,2,35.67077333333333,139.79334833333334,3,3,,,,
1,30,771,340,2,0,1,30000,0,108,2021,9,10,17,0,13,,,,,1,1,1,14,7,0,23,0,23,3,9,1,70,5,2,1,25,1,13,61,31,0,,,,,,,5,0,20,0,3,0,2,0,2,0,4,2,35.67549361111111,139.7995877777778,6,3,,,,
1,30,771,341,2,0,1,30000,0,108,2021,9,10,19,10,22,,,,,2,1,1,14,7,0,23,0,23,5,9,1,70,1,2,1,35,35,51,61,0,0,,,,,,,0,0,10,0,3,0,0,0,0,0,4,2,35.66719305555555,139.81076222222222,6,3,,,,
1,30,771,342,2,0,1,30000,0,108,2021,9,18,18,50,22,,,,,3,1,2,1,1,9,22,0,23,15,9,30,70,4,2,1,25,45,51,61,0,0,,,,,,,0,0,10,0,3,0,0,0,0,0,4,2,35.67069722222222,139.81120722222224,7,3,,,,
1,30,772,184,2,0,1,30000,0,108,2021,9,13,13,35,12,,,,,1,1,1,7,1,0,23,0,23,3,9,1,70,5,2,1,55,75,14,61,31,0,,,,,,,3,0,30,0,3,0,2,0,2,0,4,2,35.696978611111106,139.84057194444446,2,3,,,,
1,30,772,190,2,0,1,99000,0,108,2021,9,25,18,5,21,,,,,2,1,1,0,7,0,23,0,23,0,0,20,70,0,4,1,1,1,51,61,0,0,,,,,,,0,0,10,0,4,0,0,0,0,0,4,2,35.67005472222222,139.8321861111111,7,3,,,,
1,30,772,191,2,0,1,30000,0,108,2021,9,22,7,55,12,,,,,2,1,1,1,1,9,22,0,23,14,9,30,70,4,2,1,1,1,51,61,0,0,,,,,,,0,0,40,0,3,0,0,0,0,0,4,4,35.68450138888888,139.8375988888889,4,2,,,,
1,30,772,192,2,0,1,30000,0,108,2021,9,11,16,51,12,,,,,1,1,1,14,7,0,23,0,23,1,9,1,70,5,4,1,35,65,51,61,0,0,,,,,,,0,0,10,0,4,0,0,0,0,0,4,2,35.678171666666664,139.82793972222223,7,3,,,,
1,30,773,196,2,0,1,30000,0,107,2021,9,5,0,45,22,,,,,3,1,2,1,1,9,22,0,23,19,9,30,70,1,2,1,55,45,4,61,31,0,,,,,,,5,0,10,0,3,0,2,0,2,0,4,2,35.712854722222225,139.80594555555555,1,3,,,,
1,30,773,212,2,0,1,60,0,107,2021,9,30,5,5,23,,,,,1,1,1,7,7,0,23,0,23,2,9,1,70,4,1,1,75,0,61,0,0,0,,,,,,,0,0,0,0,0,0,0,0,0,0,2,0,35.70944194444445,139.80409444444444,5,3,,,,
1,30,773,215,2,0,1,30000,0,107,2021,8,31,9,50,12,,,,,1,1,1,14,7,0,23,0,23,5,9,1,70,4,2,1,75,25,51,61,0,0,,,,,,,0,0,10,0,4,0,0,0,0,0,4,2,35.69725972222222,139.8050577777778,3,3,,,,
1,30,774,89,2,0,1,30000,0,107,2021,9,8,16,47,12,,,,,3,1,2,1,1,9,22,0,23,17,9,30,70,1,2,1,25,75,17,61,31,0,,,,,,,2,0,80,0,3,0,2,0,2,0,4,2,35.734765555555555,139.81751472222223,4,3,,,,
1,30,774,92,2,0,1,30000,0,107,2021,8,26,15,10,12,,,,,1,1,1,1,1,9,22,0,23,15,9,30,70,4,2,1,75,1,3,61,31,0,,,,,,,3,0,40,0,3,0,2,0,2,0,4,2,35.71727222222223,139.8171261111111,5,3,,,,
1,30,775,249,2,0,1,20000,0,122,2021,7,30,7,27,12,,,,,3,1,2,1,1,9,22,0,23,19,9,30,70,1,1,1,45,35,11,61,31,0,,,,,,,4,0,50,0,3,0,2,0,2,0,4,2,35.77125722222222,139.87637722222223,6,3,,,,
1,30,775,251,2,0,1,30000,0,122,2021,9,2,18,30,21,,,,,3,1,2,7,1,0,23,0,23,3,9,1,70,4,2,1,35,55,3,61,31,0,,,,,,,2,0,10,0,3,0,2,0,2,0,4,2,35.749024166666665,139.84145527777778,5,3,,,,
1,30,775,255,2,0,1,10130,0,122,2021,9,8,8,30,12,,,,,1,1,1,14,7,0,23,0,23,4,9,1,70,1,2,1,45,45,11,61,1,0,,,,,,,4,0,10,0,3,0,2,0,2,0,4,2,35.7656925,139.85040999999998,4,3,,,,
1,30,776,143,2,0,1,30000,0,122,2021,9,5,16,32,12,,,,,2,1,1,14,7,0,23,0,23,2,9,1,70,4,1,1,45,1,3,61,31,0,,,,,,,10,0,10,0,3,0,2,0,2,0,4,2,35.73658722222223,139.8630111111111,1,3,,,,
1,30,776,146,2,0,1,30000,0,122,2021,9,9,2,5,22,,,,,2,1,1,1,7,9,22,0,23,14,9,30,70,5,3,1,35,65,3,61,31,0,,,,,,,2,0,10,0,3,0,2,0,2,0,4,2,35.734249166666665,139.84554666666668,5,3,,,,
1,30,776,147,2,0,1,30000,0,122,2021,9,10,9,40,12,,,,,1,1,1,7,7,0,23,0,23,4,9,20,70,5,3,1,75,75,51,61,0,0,,,,,,,0,0,10,0,4,0,0,0,0,0,4,2,35.74287277777778,139.83115583333333,6,3,,,,
1,30,776,155,2,0,1,30000,0,122,2021,9,23,10,15,12,,,,,1,1,1,7,7,0,23,0,23,4,9,1,70,4,2,1,55,75,4,61,31,0,,,,,,,3,0,40,0,3,0,2,0,2,0,4,2,35.74099694444445,139.87552166666669,5,1,,,,
1,30,777,485,2,0,1,30000,0,123,2021,9,4,10,5,12,,,,,3,1,1,1,8,9,22,0,23,18,9,30,70,4,1,1,45,75,4,61,31,0,,,,,,,10,0,40,0,3,0,2,0,2,0,4,2,35.70691194444445,139.84234722222223,7,3,,,,
1,30,777,486,2,0,1,30000,0,123,2021,9,4,12,55,12,,,,,2,1,1,1,7,9,22,0,23,15,9,30,70,4,1,1,25,1,36,61,31,0,,,,,,,2,0,10,0,3,0,0,0,0,0,4,2,35.70026666666667,139.89037277777777,7,3,,,,
1,30,777,495,2,0,1,30000,0,123,2021,9,7,14,40,12,,,,,1,1,1,1,7,1,21,0,23,14,9,30,70,4,2,1,55,75,13,61,31,0,,,,,,,3,0,10,0,3,0,2,0,2,0,4,2,35.70795694444445,139.86900166666666,3,3,,,,
1,30,777,508,2,0,1,30000,0,123,2021,8,10,10,30,12,,,,,1,1,1,14,7,0,23,0,23,3,9,1,70,5,3,1,65,35,14,61,31,0,,,,,,,10,0,20,0,4,0,2,0,2,0,4,2,35.69563861111111,139.90014472222222,3,3,,,,
1,30,777,514,2,0,1,10290,0,123,2021,9,18,21,30,22,,,,,3,1,2,1,1,9,22,0,23,14,9,30,70,1,1,1,55,1,3,61,31,0,,,,,,,3,0,10,0,3,0,2,0,2,0,4,2,35.70903055555556,139.84258916666667,7,3,,,,
1,30,777,521,2,0,1,99000,0,123,2021,9,26,12,30,12,,,,,2,1,1,0,7,0,23,0,23,0,0,20,70,0,4,1,35,65,14,61,31,0,,,,,,,10,0,30,0,3,0,2,0,2,0,4,2,35.69578444444444,139.8757977777778,1,3,,,,
1,30,777,524,2,0,1,30000,0,123,2021,9,27,20,55,22,,,,,2,1,1,1,7,1,22,0,23,15,9,30,70,5,3,1,45,45,13,61,31,0,,,,,,,2,0,20,0,4,0,2,0,2,0,4,2,35.70421027777778,139.84580916666667,2,3,,,,
1,30,778,151,2,0,1,95000,0,123,2021,9,12,9,50,12,,,,,2,1,1,0,7,0,23,0,23,0,0,20,70,0,4,1,25,45,3,61,31,0,,,,,,,5,0,20,0,3,0,2,0,2,0,4,2,35.71724277777778,139.8750463888889,1,3,,,,
1,30,779,229,2,0,1,30000,0,123,2021,9,6,16,35,12,,,,,2,1,1,1,7,9,22,0,23,14,9,30,70,4,2,1,1,1,3,61,31,0,,,,,,,2,0,20,0,3,0,2,0,2,0,4,2,35.64720888888889,139.87276694444446,2,3,,,,
1,30,779,235,2,0,2,95000,0,123,2021,9,12,17,50,13,,,,,2,1,1,14,7,0,23,0,23,3,9,1,70,5,4,1,1,1,51,61,0,0,,,,,,,0,0,10,0,3,0,0,0,0,0,4,2,35.64349194444444,139.85754583333332,1,3,,,,
1,30,779,253,2,0,1,95000,0,123,2021,9,29,0,30,22,,,,,1,1,1,14,7,0,23,0,23,3,9,20,70,5,4,1,25,25,51,61,0,0,,,,,,,0,0,10,0,3,0,0,0,0,0,4,2,35.64256666666667,139.86558666666667,4,3,,,,
1,30,876,314,2,0,1,99000,0,201,2021,9,4,12,5,12,,,,,3,3,2,0,7,0,23,0,23,0,0,20,70,0,4,1,75,75,3,61,31,0,,,,,,,10,0,10,0,3,0,2,0,2,0,4,2,35.63410416666667,139.35658555555554,7,3,,,,
1,30,876,315,2,0,1,30820,0,209,2021,9,8,13,35,12,,,,,2,1,1,14,7,0,23,0,23,4,9,1,70,5,2,1,45,1,3,61,31,0,,,,,,,3,0,10,0,3,0,2,0,2,0,4,2,35.59991222222222,139.38001527777777,4,3,,,,
1,30,876,319,2,0,1,30000,0,201,2021,9,12,10,55,12,,,,,2,1,1,1,7,1,21,0,23,14,9,30,70,5,4,1,45,65,3,61,31,0,,,,,,,2,0,10,0,3,0,2,0,2,0,4,2,35.63688138888889,139.41954666666666,1,3,,,,
1,30,876,329,2,0,1,30000,0,201,2021,9,21,18,0,21,,,,,1,2,1,1,1,9,22,0,23,15,9,30,70,4,2,1,65,35,14,61,31,0,,,,,,,5,0,50,0,3,0,2,0,2,0,4,2,35.64375583333333,139.35199916666667,3,3,,,,
1,30,876,333,2,0,1,99000,0,201,2021,9,22,10,45,12,,,,,2,1,1,0,7,0,23,0,23,0,0,20,70,0,4,1,35,75,3,61,31,0,,,,,,,10,0,30,0,3,0,2,0,2,0,4,2,35.629191666666664,139.38785305555555,4,2,,,,
1,30,876,334,2,0,1,30000,0,201,2021,9,22,20,10,22,,,,,1,1,1,1,7,1,22,0,23,14,9,30,70,4,2,1,45,25,3,61,31,0,,,,,,,3,0,40,0,4,0,2,0,2,0,4,2,35.624605833333334,139.39824444444443,4,2,,,,
1,30,876,344,2,0,1,30000,0,201,2021,9,9,14,55,12,,,,,2,2,1,1,7,9,22,0,23,14,9,30,70,5,3,1,35,1,36,61,31,0,,,,,,,2,0,20,0,3,0,0,0,0,0,4,2,35.62907638888889,139.40308333333334,5,3,,,,
1,30,877,221,2,0,1,30000,0,201,2021,9,12,17,43,13,,,,,2,2,1,1,2,0,23,0,23,17,9,30,70,1,3,1,45,0,61,0,0,0,,,,,,,0,0,0,0,0,0,0,0,0,0,2,0,35.629021111111115,139.31038527777778,1,3,,,,
1,30,877,230,2,0,1,30000,0,201,2021,9,25,17,55,21,,,,,2,1,1,1,7,9,22,0,23,14,9,30,70,4,2,1,45,55,36,61,31,0,,,,,,,2,0,10,0,3,0,0,0,0,0,4,2,35.64545888888889,139.29583805555555,7,3,,,,
1,30,878,317,2,0,1,95000,0,225,2021,8,6,11,30,12,,,,,1,2,1,0,7,0,23,0,23,0,0,20,70,0,4,1,65,1,51,61,0,0,,,,,,,0,0,10,0,3,0,0,0,0,0,2,4,35.65007305555555,139.50085333333334,6,3,,,,
1,30,878,349,2,0,1,21110,0,224,2021,9,25,18,10,21,,,,,1,2,1,7,1,0,23,0,23,3,9,1,70,1,2,1,35,1,3,61,31,0,,,,,,,10,0,10,0,3,0,2,0,2,0,4,2,35.62657361111111,139.42402527777776,7,3,,,,
1,30,878,350,2,0,1,99000,0,224,2021,9,25,22,20,22,,,,,1,2,1,0,7,0,23,0,23,0,0,20,70,0,2,1,1,25,3,61,31,0,,,,,,,10,0,20,0,3,0,2,0,2,0,4,2,35.61560111111111,139.41231805555557,7,3,,,,
1,30,879,381,2,0,2,30000,0,223,2021,9,4,14,10,12,,,,,3,1,2,1,7,9,22,0,23,11,9,30,70,5,3,1,35,1,3,61,31,0,,,,,,,2,0,10,0,4,0,2,0,2,0,4,2,35.743766388888886,139.39013916666667,7,3,,,,
1,30,879,390,2,0,1,10240,0,220,2021,9,10,16,0,12,,,,,1,2,1,14,7,0,23,0,23,3,9,1,70,5,3,1,35,1,3,61,31,0,,,,,,,3,0,50,0,3,0,2,0,2,0,4,2,35.752992222222225,139.42396527777777,6,3,,,,
1,30,879,396,2,0,1,30000,0,223,2021,9,14,14,30,12,,,,,2,1,1,13,7,0,23,0,23,3,6,1,70,5,3,1,25,65,24,61,0,0,,,,,,,2,0,30,0,4,0,0,0,0,0,4,2,35.75982555555556,139.37461305555556,3,3,,,,
1,30,879,413,2,0,1,30000,0,223,2021,9,24,20,12,22,,,,,1,1,1,14,7,0,23,0,23,4,9,1,70,4,2,1,45,75,4,61,31,0,,,,,,,3,0,10,0,3,0,2,0,2,0,4,2,35.74213916666667,139.40497861111112,6,3,,,,
1,30,879,414,2,0,1,30590,0,220,2021,9,24,20,8,22,,,,,2,3,1,1,1,9,22,0,23,14,9,30,70,4,2,1,45,65,4,61,31,0,,,,,,,3,0,10,0,3,0,2,0,2,0,4,2,35.73643638888889,139.42470972222222,6,3,,,,
1,30,880,185,2,0,1,30000,0,205,2021,9,16,18,15,21,,,,,1,1,1,14,7,0,23,0,23,3,9,1,70,5,3,1,55,75,14,61,31,0,,,,,,,2,0,50,0,3,0,2,0,2,0,4,2,35.79423944444444,139.27868861111114,5,3,,,,
1,30,881,106,2,0,1,30000,0,228,2021,9,1,18,25,21,,,,,3,3,2,1,7,1,21,0,23,11,8,30,70,5,3,1,55,25,3,61,31,0,,,,,,,2,0,10,0,3,0,2,0,2,0,4,2,35.72844694444445,139.23755027777776,4,3,,,,
1,30,882,255,1,1,0,20000,0,228,2021,9,29,11,30,12,,,,,1,3,1,1,1,9,22,0,23,18,9,30,70,5,2,1,45,75,11,61,1,0,,,,,,,3,0,10,0,4,0,2,0,2,0,4,1,35.73843472222222,139.30367944444447,4,3,,,,
1,30,882,275,2,0,1,30000,0,228,2021,8,29,11,45,12,,,,,1,1,1,1,1,9,22,0,23,11,9,30,70,4,2,1,75,75,4,61,31,0,,,,,,,3,0,10,0,3,0,2,0,2,0,4,2,35.73039138888889,139.2879413888889,1,3,,,,
1,30,882,281,2,0,1,30000,0,228,2021,9,16,14,45,12,,,,,2,1,1,14,7,0,23,0,23,2,9,1,70,5,3,1,55,1,35,61,31,0,,,,,,,10,0,10,0,3,0,0,0,0,0,4,2,35.7278675,139.2923875,5,3,,,,
1,30,882,289,2,0,1,30000,0,227,2021,9,29,8,29,12,,,,,1,2,1,14,7,0,23,0,23,2,9,1,70,5,3,1,45,35,13,61,31,0,,,,,,,10,0,80,0,3,0,2,0,2,0,4,2,35.77408833333333,139.3095413888889,4,3,,,,
1,30,882,290,2,0,1,10740,0,228,2021,9,30,18,0,21,,,,,2,2,1,7,1,0,23,0,23,1,9,20,70,4,2,1,25,35,3,61,31,0,,,,,,,5,0,50,0,3,0,2,0,2,0,4,2,35.724072222222226,139.28248250000001,5,3,,,,
1,30,882,292,2,0,1,30000,0,218,2021,8,11,9,27,12,,,,,1,3,1,14,7,0,23,0,23,2,9,20,70,5,3,1,65,1,12,61,1,0,,,,,,,10,0,30,0,3,0,2,0,2,0,4,2,35.73716805555556,139.33240138888888,4,3,,,,
1,30,883,358,2,0,1,30000,0,201,2021,9,1,10,50,12,,,,,2,1,1,14,7,0,23,0,23,4,9,1,70,4,2,1,35,65,12,61,1,0,,,,,,,3,0,10,0,3,0,2,0,2,0,4,2,35.66508361111111,139.35731388888888,4,3,,,,
1,30,883,366,2,0,1,30000,0,201,2021,4,5,19,35,22,,,,,1,2,1,14,7,0,23,0,23,2,9,1,70,5,3,1,55,0,61,0,0,0,,,,,,,0,0,0,0,0,0,0,0,0,0,2,0,35.687175555555555,139.2998188888889,2,3,,,,
1,30,883,388,2,0,1,30000,0,201,2021,9,25,15,35,12,,,,,2,2,1,1,7,1,21,0,23,14,9,30,70,4,3,1,25,55,4,61,31,0,,,,,,,2,0,50,0,3,0,2,0,2,0,4,2,35.66734722222222,139.33791194444444,7,3,,,,
1,30,884,413,1,1,0,30000,0,209,2021,9,30,16,20,12,,,,,2,1,1,1,1,9,22,0,23,15,9,30,70,5,2,1,65,65,3,61,31,0,,,,,,,3,0,10,0,3,0,2,0,2,0,4,1,35.55145861111111,139.47909,5,3,,,,
1,30,884,415,2,0,1,30560,0,209,2021,9,3,12,30,12,,,,,3,1,2,1,1,9,22,0,23,15,9,30,70,4,1,1,65,55,4,61,31,0,,,,,,,3,0,10,0,3,0,2,0,2,0,4,2,35.547646111111106,139.43833111111113,6,3,,,,
1,30,884,417,2,0,1,30000,0,209,2021,9,4,20,10,22,,,,,3,1,2,1,1,9,22,0,23,15,9,30,70,4,1,1,55,75,3,61,31,0,,,,,,,3,0,20,0,3,0,2,0,2,0,4,2,35.56758722222222,139.43458694444445,7,3,,,,
1,30,884,425,2,0,1,10570,0,209,2021,9,12,10,17,12,,,,,2,1,1,1,1,9,22,0,23,18,7,30,70,4,2,1,45,75,3,61,31,0,,,,,,,3,0,10,0,4,0,2,0,2,0,4,2,35.5650225,139.44454027777778,1,3,,,,
1,30,884,429,2,0,1,30000,0,209,2021,9,14,10,49,12,,,,,2,1,1,1,7,1,21,0,23,11,9,30,1,5,3,1,45,75,14,61,31,0,,,,,,,2,0,50,0,3,0,2,0,2,0,4,2,35.54318333333333,139.45329333333333,3,3,,,,
1,30,884,431,2,0,1,30000,0,209,2021,4,29,20,39,22,,,,,3,2,2,7,7,0,23,0,23,4,7,1,70,4,2,1,75,0,61,0,0,0,,,,,,,0,0,0,0,0,0,0,0,0,0,2,0,35.52736861111111,139.47307,5,1,,,,
1,30,884,433,2,0,1,30000,0,209,2021,9,17,8,45,12,,,,,2,1,1,14,7,0,23,0,23,2,8,1,70,5,4,1,35,45,4,61,31,0,,,,,,,10,0,40,0,3,0,2,0,2,0,4,2,35.54385722222222,139.4588386111111,6,3,,,,
1,30,884,440,2,0,1,30000,0,209,2021,9,22,18,48,22,,,,,1,1,1,7,7,0,23,0,23,2,9,1,70,4,3,1,35,1,4,61,31,0,,,,,,,10,0,20,0,3,0,2,0,2,0,4,2,35.536029444444445,139.45917944444443,4,2,,,,
1,30,884,443,2,0,1,30000,0,209,2021,9,14,18,30,21,,,,,3,1,2,1,7,1,22,0,23,18,9,30,70,4,2,1,45,65,13,61,31,0,,,,,,,3,0,20,0,4,0,2,0,2,0,4,2,35.56279555555555,139.46252166666665,3,3,,,,
1,30,884,457,2,0,1,99000,0,209,2021,9,30,18,0,21,,,,,3,1,1,0,7,0,23,0,23,0,0,20,70,0,4,1,55,45,3,61,31,0,,,,,,,10,0,10,0,3,0,2,0,2,0,4,2,35.57669638888889,139.41137166666667,5,3,,,,
1,30,885,265,2,0,1,200,0,212,2021,8,31,19,18,22,,,,,3,3,2,1,1,9,22,0,23,18,9,30,70,1,1,1,55,65,3,61,31,0,,,,,,,10,0,10,0,3,0,2,0,2,0,4,2,35.669937499999996,139.40875444444444,3,3,,,,
1,30,885,266,2,0,1,30000,0,212,2021,9,1,11,20,12,,,,,3,3,2,14,7,0,23,0,23,3,9,1,70,4,4,1,25,35,14,61,1,0,,,,,,,10,0,50,0,3,0,2,0,2,0,4,2,35.65741,139.3667516666667,4,3,,,,
1,30,885,277,2,0,1,30000,0,212,2021,9,22,8,41,12,,,,,1,3,1,14,7,0,23,0,23,3,9,1,70,5,3,1,35,75,52,61,0,0,,,,,,,0,0,10,0,4,0,0,0,0,0,4,2,35.67624694444444,139.3925536111111,4,2,,,,
1,30,887,344,2,0,1,30000,0,215,2021,7,13,16,40,12,,,,,2,1,1,1,1,9,22,0,23,15,9,30,70,4,2,1,35,1,3,61,31,0,,,,,,,3,0,40,0,4,0,2,0,2,0,4,2,35.697107777777774,139.4436061111111,3,3,,,,
1,30,887,346,2,0,1,99000,0,202,2021,9,2,8,10,12,,,,,3,1,2,0,7,0,23,0,23,0,0,20,70,0,2,1,1,65,51,61,0,0,,,,,,,0,0,10,0,3,0,0,0,0,0,4,2,35.722924722222224,139.4170288888889,5,3,,,,