資料区分,都道府県コード,警察署等コード,本票番号,事故内容,死者数,負傷者数,路線コード,地点コード,市区町村コード,発生日時　　年,発生日時　　月,発生日時　　日,発生日時　　時,発生日時　　分,昼夜,日の出時刻　　時,日の出時刻　　分,日の入り時刻　　時,日の入り時刻　　分,天候,地形,路面状態,道路形状,信号機,一時停止規制　標識（当事者A）,一時停止規制　表示（当事者A）,一時停止規制　標識（当事者B）,一時停止規制　表示（当事者B）,車道幅員,道路線形,衝突地点,ゾーン規制,中央分離帯施設等,歩車道区分,事故類型,年齢（当事者A）,年齢（当事者B）,当事者種別（当事者A）,当事者種別（当事者B）,用途別（当事者A）,用途別（当事者B）,車両形状等（当事者A）,車両形状等（当事者B）,オートマチック車（当事者A）,オートマチック車（当事者B）,サポカー（当事者A）,サポカー（当事者B）,速度規制（指定のみ）（当事者A）,速度規制（指定のみ）（当事者B）,車両の衝突部位（当事者A）,車両の衝突部位（当事者B）,車両の損壊程度（当事者A）,車両の損壊程度（当事者B）,エアバッグの装備（当事者A）,エアバッグの装備（当事者B）,サイドエアバッグの装備（当事者A）,サイドエアバッグの装備（当事者B）,人身損傷程度（当事者A）,人身損傷程度（当事者B）,lat,lon,曜日(発生年月日),祝日(発生年月日),認知機能検査経過日数（当事者A）,認知機能検査経過日数（当事者B）,運転練習の方法（当事者A）,運転練習の方法（当事者B）
1,30,887,349,2,0,1,30000,0,202,2021,9,7,8,0,12,,,,,2,2,1,14,7,0,23,0,23,3,9,1,70,5,3,1,35,1,3,61,31,0,,,,,,,1,0,40,0,3,0,2,0,2,0,4,2,35.694874444444444,139.42776555555554,3,3,,,,
1,30,887,365,2,0,1,30000,0,202,2021,9,14,16,50,13,,,,,3,1,2,1,1,9,22,0,23,15,9,30,70,4,1,1,65,65,3,61,31,0,,,,,,,3,0,40,0,3,0,2,0,2,0,4,2,35.7223175,139.44273444444445,3,3,,,,
1,30,887,366,2,0,1,30000,0,202,2021,7,24,11,40,12,,,,,1,1,1,14,1,0,23,0,23,2,9,1,70,4,2,1,65,45,3,61,1,0,,,,,,,3,0,0,0,3,0,2,0,2,0,4,2,35.727806666666666,139.38144222222223,7,3,,,,
1,30,887,384,2,0,1,10540,0,202,2021,9,22,20,47,22,,,,,2,1,1,14,7,0,23,0,23,3,9,1,70,4,1,1,1,55,34,61,31,0,,,,,,,3,0,10,0,3,0,0,0,0,0,4,2,35.70970305555556,139.4219325,4,2,,,,
1,30,887,385,2,0,1,30000,0,202,2021,9,22,16,0,12,,,,,1,1,1,1,1,9,22,0,23,14,9,30,70,1,2,1,65,75,3,61,31,0,,,,,,,4,0,10,0,3,0,2,0,2,0,4,2,35.72060527777778,139.39894583333333,4,2,,,,
1,30,887,397,2,0,1,30000,0,202,2021,9,29,18,40,22,,,,,1,1,1,1,7,9,22,0,23,11,9,30,1,5,3,1,45,35,4,61,31,0,,,,,,,2,0,50,0,3,0,2,0,2,0,4,2,35.68630194444444,139.41930777777776,4,3,,,,
1,30,888,191,2,0,1,30000,0,206,2021,9,2,22,35,22,,,,,3,1,2,1,1,9,22,0,23,15,9,30,70,5,2,1,45,55,3,61,31,0,,,,,,,3,0,50,0,3,0,2,0,2,0,4,2,35.67851861111111,139.47031222222222,5,3,,,,
1,30,888,192,2,0,1,10500,0,206,2021,9,4,1,10,22,,,,,2,1,2,1,1,9,22,0,23,11,9,30,70,4,2,1,35,45,12,61,31,0,,,,,,,3,0,10,0,3,0,2,0,2,0,4,2,35.66692361111111,139.47783,7,3,,,,
1,30,888,194,2,0,1,10680,0,206,2021,9,7,5,45,11,,,,,1,1,1,1,1,9,22,0,23,18,9,30,70,1,2,1,45,75,12,61,1,0,,,,,,,3,0,10,0,3,0,2,0,2,0,4,2,35.69422583333333,139.45998416666666,3,3,,,,
1,30,888,198,2,0,1,10500,0,206,2021,9,14,23,55,22,,,,,3,1,2,1,1,9,22,0,23,15,9,30,70,4,2,1,65,35,3,61,1,0,,,,,,,3,0,10,0,3,0,2,0,2,0,4,2,35.66697833333333,139.4778763888889,3,3,,,,
1,30,888,201,2,0,1,30000,0,206,2021,9,17,4,49,23,,,,,1,1,1,1,1,9,22,0,23,15,9,30,70,4,2,1,25,75,14,61,1,0,,,,,,,3,0,10,0,3,0,2,0,2,0,4,2,35.65779611111111,139.5060572222222,6,3,,,,
1,30,888,202,2,0,1,200,303,206,2021,9,17,18,35,21,,,,,1,1,1,7,1,0,23,0,23,2,9,1,70,4,4,1,55,25,3,61,31,0,,,,,,,5,0,50,0,3,0,2,0,2,0,4,2,35.6733875,139.48180722222222,6,3,,,,
1,30,888,208,2,0,1,10570,0,206,2021,9,29,21,15,22,,,,,1,1,1,1,1,9,22,0,23,15,9,30,70,5,2,1,45,25,3,61,31,0,,,,,,,3,0,10,0,3,0,2,0,2,0,4,2,35.66423916666667,139.46351694444442,4,3,,,,
1,30,888,209,2,0,1,30000,0,206,2021,9,30,10,50,12,,,,,1,1,1,1,1,9,22,0,23,14,9,30,70,4,2,1,45,75,3,61,31,0,,,,,,,2,0,21,0,4,0,2,0,2,0,4,2,35.686190277777776,139.45604638888886,5,3,,,,
1,30,889,178,2,0,1,30600,0,210,2021,9,2,19,30,22,,,,,3,1,2,1,1,9,22,0,23,11,9,30,70,4,2,1,65,1,13,61,31,0,,,,,,,3,0,10,0,3,0,2,0,2,0,4,2,35.705579722222225,139.51397916666667,5,3,,,,
1,30,889,179,2,0,1,30000,0,214,2021,9,6,17,10,13,,,,,2,1,2,14,7,0,23,0,23,2,9,20,70,5,3,1,55,1,3,61,31,0,,,,,,,1,0,80,0,4,0,2,0,2,0,4,2,35.70583027777778,139.44700333333333,2,3,,,,
1,30,889,181,2,0,1,30000,0,214,2021,9,4,17,48,13,,,,,3,1,2,14,7,0,23,0,23,2,9,1,70,5,3,1,1,1,14,61,31,0,,,,,,,2,0,40,0,3,0,2,0,2,0,4,2,35.700627222222224,139.47921527777777,7,3,,,,
1,30,889,192,2,0,1,95000,0,210,2021,9,20,19,5,22,,,,,1,1,1,0,7,0,23,0,23,0,0,20,70,0,4,1,35,75,3,61,31,0,,,,,,,10,0,80,0,3,0,2,0,1,0,4,2,35.694044999999996,139.48931499999998,2,1,,,,
1,30,890,301,1,1,0,20000,0,229,2021,9,30,23,0,22,,,,,3,1,2,14,7,0,23,0,23,4,9,1,70,4,2,1,25,65,3,61,31,0,,,,,,,3,0,10,0,3,0,2,0,2,0,4,1,35.732394166666666,139.54320333333334,5,3,,,,
1,30,890,302,2,0,1,30000,0,229,2020,11,30,17,0,21,,,,,1,1,1,14,7,0,23,0,23,3,9,1,70,4,2,1,45,75,3,61,31,0,,,,,,,2,0,10,0,3,0,2,0,2,0,4,2,35.75312111111111,139.54629194444445,2,3,,,,
1,30,890,318,2,0,1,30000,0,229,2021,9,7,18,45,21,,,,,1,1,1,14,7,0,23,0,23,3,9,1,70,4,3,1,65,65,3,61,31,0,,,,,,,2,0,40,0,3,0,2,0,2,0,4,2,35.727331944444444,139.52348444444445,3,3,,,,
1,30,890,320,2,0,1,30000,0,229,2021,9,21,11,30,12,,,,,1,1,1,14,7,0,23,0,23,2,9,20,70,5,4,1,35,1,3,61,31,0,,,,,,,10,0,50,0,3,0,2,0,2,0,4,2,35.72162027777778,139.54934527777777,3,3,,,,
1,30,891,200,2,0,1,30000,0,213,2021,9,1,9,40,12,,,,,2,3,1,14,7,0,23,0,23,3,9,20,70,4,2,1,55,75,3,61,31,0,,,,,,,3,0,10,0,3,0,2,0,2,0,4,2,35.757112222222226,139.4826136111111,4,3,,,,
1,30,891,207,2,0,1,30000,0,213,2021,6,3,17,45,12,,,,,1,1,1,14,7,0,23,0,23,2,9,1,70,5,2,1,25,1,14,61,1,0,,,,,,,1,0,10,0,3,0,2,0,2,0,4,2,35.77167388888889,139.49511694444442,5,3,,,,
1,30,891,209,2,0,1,30000,0,213,2021,9,17,8,43,12,,,,,2,1,1,14,7,0,23,0,23,2,9,1,70,5,2,1,25,45,35,61,31,0,,,,,,,2,0,10,0,3,0,0,0,0,0,4,2,35.75626,139.4801038888889,6,3,,,,
1,30,891,212,2,0,1,30000,0,221,2021,9,22,6,15,11,,,,,1,3,1,14,7,0,23,0,23,1,9,20,70,5,3,1,45,25,13,61,31,0,,,,,,,10,0,20,0,3,0,2,0,2,0,4,2,35.775642777777776,139.51686805555556,4,2,,,,
1,30,891,219,2,0,1,10500,0,213,2021,8,28,18,30,21,,,,,1,1,1,1,7,1,21,0,23,15,9,30,70,4,2,1,45,55,3,61,31,0,,,,,,,3,0,40,0,4,0,2,0,2,0,4,2,35.77174,139.4768288888889,7,3,,,,
1,30,892,217,1,1,0,20270,0,203,2021,9,10,9,25,12,,,,,1,1,1,1,7,9,22,0,23,14,9,30,70,4,2,1,45,75,14,61,1,0,,,,,,,3,0,10,0,2,0,2,0,2,0,4,1,35.70461805555556,139.57160472222222,6,3,,,,
1,30,892,220,2,0,1,20270,0,203,2021,9,4,12,35,12,,,,,1,1,2,14,7,0,23,0,23,4,9,1,70,4,2,1,1,65,51,61,0,0,,,,,,,0,0,10,0,3,0,0,0,0,0,4,2,35.70394888888889,139.57370833333334,7,3,,,,
1,30,892,234,2,0,1,30000,0,203,2021,9,11,6,20,12,,,,,2,1,1,14,7,0,23,0,23,2,9,1,70,5,4,1,25,1,35,61,31,0,,,,,,,5,0,10,0,4,0,0,0,0,0,4,2,35.704749722222225,139.5824025,7,3,,,,
1,30,892,240,2,0,1,10260,0,203,2021,9,29,16,50,13,,,,,1,1,2,1,1,9,22,0,23,15,9,30,70,5,1,1,65,55,51,61,0,0,,,,,,,0,0,10,0,3,0,0,0,0,0,4,2,35.70733861111111,139.57927222222222,4,3,,,,
1,30,893,216,2,0,1,30000,0,204,2021,9,10,13,38,12,,,,,1,1,1,1,1,9,22,0,23,14,9,30,70,4,2,1,75,35,4,61,31,0,,,,,,,2,0,10,0,4,0,2,0,2,0,4,2,35.68443583333333,139.57136444444444,6,3,,,,
1,30,894,335,2,0,1,30000,0,208,2021,9,8,19,50,22,,,,,1,1,1,14,7,0,23,0,23,2,9,1,70,5,3,1,55,1,3,61,31,0,,,,,,,10,0,10,0,3,0,2,0,2,0,4,2,35.66057416666666,139.56194666666667,4,3,,,,
1,30,894,339,2,0,1,30000,0,208,2021,9,12,10,10,12,,,,,1,1,1,1,1,9,22,0,23,14,9,30,70,4,2,1,65,55,3,61,31,0,,,,,,,10,0,10,0,3,0,2,0,2,0,4,2,35.665076388888885,139.58297833333333,1,3,,,,
1,30,894,341,2,0,1,30000,0,208,2021,9,12,19,19,22,,,,,2,1,1,1,7,9,22,0,23,11,9,30,1,5,3,1,35,45,3,61,31,0,,,,,,,2,0,70,0,4,0,2,0,2,0,4,2,35.6636775,139.58151527777778,1,3,,,,
1,30,894,343,2,0,1,30000,0,219,2021,9,14,11,0,12,,,,,2,1,1,1,7,1,21,0,23,11,9,30,70,5,4,1,65,35,3,61,31,0,,,,,,,10,0,10,0,4,0,2,0,2,0,4,2,35.639364444444446,139.58114138888888,3,3,,,,
1,30,894,353,2,0,1,10600,0,208,2021,9,20,22,39,22,,,,,1,1,1,1,1,9,22,0,23,14,9,30,70,4,2,1,25,55,3,61,31,0,,,,,,,3,0,10,0,3,0,2,0,2,0,4,2,35.66306611111111,139.54242583333334,2,1,,,,
1,30,894,356,2,0,1,10610,0,208,2021,9,20,8,55,12,,,,,1,1,1,14,7,0,23,0,23,2,9,1,70,5,2,1,1,65,51,61,0,0,,,,,,,0,0,10,0,4,0,0,0,0,0,4,2,35.654509166666664,139.53885833333334,2,1,,,,
1,30,894,368,2,0,1,10750,0,208,2021,9,9,18,42,21,,,,,1,1,1,1,1,9,22,0,23,18,9,30,70,5,2,1,45,45,3,61,31,0,,,,,,,5,0,10,0,3,0,2,0,2,0,4,2,35.68590861111111,139.52238805555558,5,3,,,,
1,30,895,175,2,0,1,95000,0,211,2021,9,20,18,10,21,,,,,1,1,1,14,7,0,23,0,23,3,9,1,70,5,3,1,35,55,51,61,0,0,,,,,,,0,0,10,0,3,0,0,0,0,0,4,2,35.726570833333334,139.49592694444442,2,1,,,,
1,30,895,179,2,0,1,30000,0,211,2021,8,24,13,5,12,,,,,2,1,1,1,7,1,21,0,23,14,9,30,70,5,3,1,35,75,51,61,0,0,,,,,,,0,0,10,0,4,0,0,0,0,0,4,2,35.73950416666667,139.46270777777778,3,3,,,,
1,30,899,10,2,0,1,20000,0,401,2021,9,15,18,30,21,,,,,2,3,1,1,7,9,22,0,23,14,9,30,70,5,3,1,45,25,14,61,31,0,,,,,,,3,0,10,0,3,0,2,0,2,0,4,2,33.11481,139.7637725,4,3,,,,
1,30,69,385,2,0,1,50080,0,101,2021,7,4,15,32,12,,,,,3,1,2,14,7,0,23,0,23,3,9,1,70,1,1,1,45,35,3,61,31,0,,,,,,,5,0,10,0,3,0,2,0,2,0,4,2,35.6922875,139.77483694444444,1,3,,,,
1,30,100,128,2,0,1,10110,0,101,2021,10,14,22,50,22,,,,,1,1,1,14,7,0,23,0,23,5,9,1,70,4,2,1,55,25,4,61,31,0,,,,,,,5,0,20,0,4,0,2,0,2,0,4,2,35.693774166666664,139.7531025,5,3,,,,
1,30,100,130,2,0,1,200,53,101,2021,10,26,21,10,22,,,,,1,1,1,1,1,9,22,0,23,17,9,30,70,1,2,1,45,45,3,61,1,0,,,,,,,5,0,10,0,3,0,2,0,2,0,4,2,35.68475888888889,139.7332275,3,3,,,,
1,30,100,132,2,0,1,10050,0,101,2021,10,27,17,55,22,,,,,1,1,1,14,7,0,23,0,23,6,9,1,70,4,1,1,35,1,3,61,1,0,,,,,,,3,0,0,0,4,0,2,0,2,0,4,2,35.69416472222222,139.73945666666665,4,3,,,,
1,30,101,82,2,0,1,30000,0,101,2021,9,29,9,50,12,,,,,1,1,1,1,7,9,22,0,23,15,9,30,70,4,2,1,25,45,14,61,31,0,,,,,,,1,0,10,0,3,0,2,0,2,0,4,2,35.672155555555555,139.7599852777778,4,3,,,,
1,30,101,88,2,0,1,30000,0,101,2021,10,6,20,20,22,,,,,2,1,1,14,7,0,23,0,23,4,9,1,70,4,2,1,55,35,3,61,1,0,,,,,,,10,0,80,0,3,0,2,0,2,0,4,2,35.66994222222222,139.75740222222223,4,3,,,,
1,30,101,90,2,0,1,30000,0,101,2021,10,16,17,54,21,,,,,3,1,2,14,7,0,23,0,23,2,9,1,70,4,2,1,55,25,1,61,1,0,,,,,,,5,0,40,0,3,0,2,0,2,0,4,2,35.679942777777775,139.76561555555554,7,3,,,,
1,30,101,92,2,0,1,10020,0,101,2021,10,26,17,55,22,,,,,2,1,1,1,1,9,22,0,23,19,9,30,70,1,2,1,45,25,3,61,1,0,,,,,,,10,0,10,0,4,0,2,0,2,0,4,2,35.67341611111111,139.76191138888888,3,3,,,,
1,30,102,77,2,0,1,10100,0,101,2021,7,10,22,33,22,,,,,1,1,1,1,1,9,22,0,23,17,9,30,70,4,2,1,65,25,3,61,31,0,,,,,,,4,0,10,0,3,0,2,0,2,0,4,2,35.69779944444444,139.7571625,7,3,,,,
1,30,102,80,2,0,1,20090,0,101,2021,10,6,17,12,13,,,,,1,1,1,7,7,0,23,0,23,5,9,1,70,4,3,1,25,65,35,61,31,0,,,,,,,4,0,0,0,3,0,0,0,0,0,4,2,35.69007388888888,139.76692000000003,4,3,,,,
1,30,102,82,2,0,1,10100,0,101,2021,10,12,17,0,13,,,,,3,1,2,14,7,0,23,0,23,4,9,1,70,5,1,1,75,1,51,61,0,0,,,,,,,0,0,20,0,3,0,0,0,0,0,2,4,35.69329361111111,139.75854694444445,3,3,,,,
1,30,102,83,2,0,1,30000,0,101,2021,10,19,17,6,21,,,,,1,1,1,14,7,0,23,0,23,3,9,1,70,5,4,1,45,65,51,61,0,0,,,,,,,0,0,10,0,4,0,0,0,0,0,4,2,35.69060083333333,139.77010444444446,3,3,,,,
1,30,102,84,2,0,1,20000,0,101,2021,10,20,10,49,12,,,,,1,1,1,14,7,0,23,0,23,5,9,1,70,4,1,1,45,25,13,61,1,0,,,,,,,3,0,10,0,3,0,2,0,2,0,4,2,35.69778583333333,139.7531275,4,3,,,,
1,30,102,89,2,0,1,10100,0,101,2021,10,19,23,25,22,,,,,3,1,2,1,1,9,22,0,23,19,9,30,70,4,2,1,65,55,3,61,1,0,,,,,,,4,0,80,0,4,0,2,0,2,0,4,2,35.70086361111112,139.75551805555557,3,3,,,,
1,30,102,90,2,0,1,30000,0,101,2021,10,21,10,8,12,,,,,1,1,1,14,7,0,23,0,23,3,9,1,70,5,1,1,45,45,51,61,0,0,,,,,,,0,0,10,0,4,0,0,0,0,0,4,2,35.699464444444445,139.76428583333333,5,3,,,,
1,30,103,92,2,0,1,20070,0,101,2021,10,1,16,58,13,,,,,3,1,2,1,1,9,22,0,23,19,9,30,70,1,2,1,65,55,3,61,31,0,,,,,,,4,0,40,0,3,0,2,0,2,0,4,2,35.69553833333333,139.77041277777778,6,3,,,,
1,30,103,98,2,0,1,30000,0,101,2021,10,15,8,47,12,,,,,1,1,1,14,7,0,23,0,23,2,9,1,70,5,4,1,45,65,3,61,31,0,,,,,,,10,0,40,0,4,0,2,0,2,0,4,2,35.69373972222222,139.77594305555556,6,3,,,,
1,30,103,99,2,0,1,30000,0,101,2021,10,15,17,50,21,,,,,1,1,1,14,1,0,23,0,23,3,9,1,70,4,1,1,25,35,51,61,0,0,,,,,,,0,0,10,0,3,0,0,0,0,0,4,2,35.6986875,139.78015805555557,6,3,,,,
1,30,103,102,2,0,1,40,21,101,2021,9,13,2,20,22,,,,,1,1,1,14,8,0,23,0,23,6,9,1,70,1,1,1,35,35,51,61,0,0,,,,,,,0,0,40,0,4,0,0,0,0,0,4,2,35.70068583333334,139.7754538888889,2,3,,,,
1,30,104,177,2,0,1,10060,0,102,2021,10,12,20,10,22,,,,,3,1,2,1,7,1,21,0,23,14,9,30,70,4,2,1,55,35,3,61,31,0,,,,,,,3,0,10,0,4,0,2,0,2,0,4,2,35.67710583333333,139.77589861111113,3,3,,,,
1,30,104,181,2,0,1,30000,0,102,2021,10,5,10,43,12,,,,,1,1,1,14,7,0,23,0,23,3,9,1,70,5,2,1,75,75,3,61,31,0,,,,,,,2,0,10,0,3,0,2,0,2,0,4,2,35.688235,139.77477805555557,3,3,,,,
1,30,104,182,2,0,1,10030,0,102,2021,7,5,13,20,12,,,,,2,1,1,1,1,9,22,0,23,18,9,30,70,1,2,1,45,35,3,61,31,0,,,,,,,10,0,20,0,4,0,2,0,2,0,4,2,35.68275305555555,139.77624833333334,2,3,,,,
1,30,104,183,2,0,1,10030,0,102,2021,10,16,19,52,22,,,,,3,1,2,1,1,9,22,0,23,19,9,30,70,1,2,1,65,35,3,61,1,0,,,,,,,4,0,10,0,4,0,2,0,2,0,4,2,35.67539472222222,139.77159277777778,7,3,,,,
1,30,105,67,2,0,1,20540,0,102,2021,10,18,12,42,12,,,,,1,1,1,1,1,9,22,0,23,18,9,30,70,4,1,1,1,55,51,61,0,0,,,,,,,0,0,10,0,3,0,0,0,0,0,4,2,35.68479694444444,139.788855,2,3,,,,
1,30,106,152,2,0,1,30000,0,102,2021,10,8,16,50,13,,,,,1,1,1,14,7,0,23,0,23,5,9,1,70,1,2,1,65,45,59,61,0,0,,,,,,,0,0,10,0,4,0,0,0,0,0,4,2,35.66656333333333,139.7779577777778,6,3,,,,
1,30,106,161,2,0,1,30000,0,102,2021,10,16,19,30,22,,,,,2,1,1,1,7,9,22,0,23,11,7,30,70,5,2,1,25,45,3,61,31,0,,,,,,,10,0,10,0,3,0,2,0,2,0,4,2,35.67023388888889,139.7597211111111,7,3,,,,
1,30,106,162,2,0,1,30000,0,102,2021,10,24,12,50,12,,,,,1,1,1,14,7,0,23,0,23,3,7,1,70,5,2,1,65,65,3,61,31,0,,,,,,,5,0,10,0,3,0,2,0,2,0,4,2,35.67206722222222,139.7675763888889,1,3,,,,
1,30,106,166,2,0,1,30000,0,102,2021,10,28,2,45,22,,,,,3,1,2,7,7,0,23,0,23,3,9,1,1,5,2,1,45,25,3,61,1,0,,,,,,,2,0,10,0,4,0,2,0,2,0,4,2,35.66891361111111,139.7640375,5,3,,,,
1,30,107,82,2,0,1,20680,0,102,2021,10,15,16,20,13,,,,,1,1,1,7,1,0,23,0,23,2,9,1,70,1,2,1,25,65,51,61,0,0,,,,,,,0,0,10,0,3,0,0,0,0,0,4,2,35.663378888888886,139.78325,6,3,,,,
1,30,108,140,2,0,2,20090,0,103,2021,10,21,7,0,12,,,,,1,1,1,1,1,9,22,0,23,17,9,30,70,4,2,1,45,35,35,61,31,0,,,,,,,10,0,10,0,2,0,0,0,0,0,2,2,35.66727916666667,139.7587761111111,5,3,,,,
1,30,108,142,2,0,1,95000,0,103,2021,10,20,12,38,12,,,,,1,1,1,13,7,0,23,0,23,3,3,20,70,5,4,1,55,55,3,61,1,0,,,,,,,10,0,40,0,4,0,2,0,2,0,4,2,35.66276777777777,139.7499611111111,4,3,,,,
1,30,109,112,2,0,1,10,58,103,2021,5,22,9,40,12,,,,,2,1,1,14,7,0,23,0,23,5,9,1,70,1,2,1,1,0,61,0,0,0,,,,,,,0,0,0,0,0,0,0,0,0,0,2,0,35.65454944444444,139.74504833333333,7,3,,,,
1,30,109,113,2,0,1,30000,0,103,2021,9,7,14,45,12,,,,,1,1,1,14,7,0,23,0,23,3,9,1,70,5,3,1,35,0,61,0,0,0,,,,,,,0,0,0,0,0,0,0,0,0,0,2,0,35.645945833333336,139.73905027777778,3,3,,,,
1,30,109,114,2,0,1,30000,0,103,2021,9,19,11,50,12,,,,,1,1,1,1,2,9,22,0,23,15,9,30,70,4,2,1,45,55,51,61,0,0,,,,,,,0,0,10,0,3,0,0,0,0,0,4,2,35.64259444444444,139.73906444444444,1,2,,,,
1,30,109,119,2,0,1,30000,0,103,2021,10,6,12,50,12,,,,,1,1,1,14,1,0,23,0,23,2,7,1,70,1,1,1,25,45,51,61,0,0,,,,,,,0,0,10,0,3,0,0,0,0,0,4,2,35.644556666666666,139.73608444444443,4,3,,,,
1,30,110,89,2,0,1,30100,0,103,2021,10,3,12,0,12,,,,,1,1,1,1,1,9,22,0,23,14,9,30,70,5,1,1,55,45,3,61,31,0,,,,,,,3,0,10,0,3,0,2,0,2,0,4,2,35.63196777777778,139.7323575,1,3,,,,
1,30,110,94,2,0,1,20000,0,103,2021,10,18,17,50,21,,,,,1,1,1,1,1,9,22,0,23,17,9,30,70,1,2,1,55,55,1,61,1,0,,,,,,,3,0,40,0,4,0,2,0,2,0,4,2,35.62905388888889,139.74678638888886,2,3,,,,
1,30,111,183,2,0,1,30000,0,103,2021,9,22,9,55,12,,,,,1,1,1,1,1,9,22,0,23,19,9,30,70,1,2,1,45,45,14,61,1,0,,,,,,,10,0,40,0,4,0,2,0,2,0,4,2,35.663005,139.7323597222222,4,2,,,,
1,30,111,185,2,0,1,10,54,103,2021,10,2,11,15,12,,,,,1,1,1,14,7,0,23,0,23,2,7,1,70,1,2,1,55,45,51,61,0,0,,,,,,,0,0,20,0,3,0,0,0,0,0,2,4,35.65794138888889,139.7435486111111,7,3,,,,
1,30,111,189,2,0,1,30000,0,103,2021,10,5,18,50,22,,,,,1,1,1,14,7,0,23,0,23,3,7,1,70,4,1,1,1,55,51,61,0,0,,,,,,,0,0,10,0,3,0,0,0,0,0,4,2,35.659257777777775,139.73105305555555,3,3,,,,
1,30,111,198,2,0,1,30000,0,103,2021,10,19,21,33,22,,,,,3,1,2,14,7,0,23,0,23,3,9,1,1,5,2,1,25,0,61,0,0,0,,,,,,,0,0,0,0,0,0,0,0,0,0,2,0,35.65048972222222,139.7342197222222,3,3,,,,
1,30,111,200,2,0,1,30000,0,103,2021,10,24,0,1,22,,,,,1,1,1,1,1,9,22,0,23,15,9,30,70,4,1,1,35,45,3,61,1,0,,,,,,,3,0,10,0,3,0,2,0,2,0,4,2,35.65141111111111,139.72390333333334,1,3,,,,
1,30,111,204,2,0,1,30000,0,103,2021,10,10,4,47,23,,,,,1,1,1,14,7,0,23,0,23,1,9,1,70,5,4,1,55,35,3,61,1,0,,,,,,,5,0,20,0,4,0,2,0,2,0,4,2,35.66279361111111,139.7335261111111,1,3,,,,
1,30,111,205,2,0,1,20170,0,103,2021,10,10,23,11,22,,,,,1,1,1,1,7,9,22,0,23,17,9,30,70,1,1,1,45,25,4,61,31,0,,,,,,,1,0,10,0,3,0,2,0,2,0,4,2,35.662145555555554,139.72948083333333,1,3,,,,
1,30,111,206,2,0,1,20140,0,103,2021,10,26,22,20,22,,,,,1,1,1,1,1,9,22,0,23,19,9,30,70,1,1,1,35,75,3,61,31,0,,,,,,,10,0,20,0,3,0,2,0,2,0,4,2,35.65526472222222,139.73713222222221,3,3,,,,
1,30,111,216,2,0,1,10120,0,103,2021,10,17,12,17,12,,,,,3,1,2,1,1,9,22,0,23,18,9,30,70,1,1,1,25,35,3,61,31,0,,,,,,,10,0,10,0,4,0,2,0,2,0,4,2,35.66199527777778,139.73499416666667,1,3,,,,
1,30,112,122,2,0,1,2460,17,103,2021,10,24,16,0,13,,,,,1,1,1,14,7,0,23,0,23,5,9,1,70,1,1,1,75,1,51,61,0,0,,,,,,,0,0,10,0,3,0,0,0,0,0,4,2,35.673894999999995,139.72821861111112,1,3,,,,
1,30,113,251,2,0,1,30000,0,108,2021,10,6,16,0,12,,,,,1,1,1,14,7,0,23,0,23,3,9,1,70,1,2,1,1,55,51,61,0,0,,,,,,,0,0,10,0,3,0,0,0,0,0,4,2,35.64118333333333,139.7956988888889,4,3,,,,
1,30,113,266,2,0,1,3570,0,108,2021,8,27,7,35,12,,,,,1,1,1,1,1,9,22,0,23,14,9,30,70,5,2,1,45,65,51,61,0,0,,,,,,,0,0,10,0,3,0,0,0,0,0,4,2,35.646026666666664,139.82574083333333,6,3,,,,
1,30,113,271,2,0,1,30000,0,108,2021,10,26,21,53,22,,,,,1,1,1,1,1,9,22,0,23,15,9,30,70,1,2,1,45,45,11,61,1,0,,,,,,,4,0,20,0,3,0,2,0,2,0,4,2,35.634525,139.784445,3,3,,,,
1,30,215,96,2,0,1,150,94,109,2021,10,1,17,20,13,,,,,3,1,1,14,7,0,23,0,23,5,9,1,70,1,2,1,25,1,17,61,1,0,,,,,,,5,0,10,0,3,0,2,0,2,0,4,2,35.61034361111111,139.7423436111111,6,3,,,,
1,30,215,99,2,0,1,99000,0,109,2021,10,18,8,45,12,,,,,1,1,1,0,7,0,23,0,23,0,0,20,70,0,4,1,35,1,17,61,1,0,,,,,,,10,0,10,0,3,0,2,0,2,0,4,2,35.621810277777776,139.74374194444442,2,3,,,,
1,30,215,102,2,0,1,150,83,109,2021,10,27,5,10,23,,,,,2,1,1,1,1,9,22,0,23,18,9,30,70,4,2,1,55,75,3,61,31,0,,,,,,,5,0,50,0,3,0,2,0,2,0,4,2,35.620644722222224,139.73994805555554,4,3,,,,
1,30,216,117,2,0,1,30000,0,109,2021,5,26,20,0,22,,,,,1,1,1,7,1,0,23,0,23,5,9,1,70,4,2,1,1,55,51,61,0,0,,,,,,,0,0,10,0,3,0,0,0,0,0,4,2,35.6073025,139.73526666666666,4,3,,,,
1,30,216,122,2,0,1,10070,0,109,2021,10,10,16,0,12,,,,,1,1,1,1,1,9,22,0,23,19,9,30,70,1,2,1,45,1,3,61,31,0,,,,,,,1,0,20,0,3,0,2,0,2,0,4,2,35.59628111111111,139.74210833333333,1,3,,,,
1,30,216,126,2,0,1,30910,0,109,2021,10,20,8,30,12,,,,,1,1,1,1,1,9,22,0,23,18,9,30,70,1,2,1,35,45,3,61,31,0,,,,,,,4,0,40,0,3,0,2,0,2,0,4,2,35.59565666666667,139.75129,4,3,,,,