資料区分,都道府県コード,警察署等コード,本票番号,事故内容,死者数,負傷者数,路線コード,地点コード,市区町村コード,発生日時　　年,発生日時　　月,発生日時　　日,発生日時　　時,発生日時　　分,昼夜,日の出時刻　　時,日の出時刻　　分,日の入り時刻　　時,日の入り時刻　　分,天候,地形,路面状態,道路形状,信号機,一時停止規制　標識（当事者A）,一時停止規制　表示（当事者A）,一時停止規制　標識（当事者B）,一時停止規制　表示（当事者B）,車道幅員,道路線形,衝突地点,ゾーン規制,中央分離帯施設等,歩車道区分,事故類型,年齢（当事者A）,年齢（当事者B）,当事者種別（当事者A）,当事者種別（当事者B）,用途別（当事者A）,用途別（当事者B）,車両形状等（当事者A）,車両形状等（当事者B）,オートマチック車（当事者A）,オートマチック車（当事者B）,サポカー（当事者A）,サポカー（当事者B）,速度規制（指定のみ）（当事者A）,速度規制（指定のみ）（当事者B）,車両の衝突部位（当事者A）,車両の衝突部位（当事者B）,車両の損壊程度（当事者A）,車両の損壊程度（当事者B）,エアバッグの装備（当事者A）,エアバッグの装備（当事者B）,サイドエアバッグの装備（当事者A）,サイドエアバッグの装備（当事者B）,人身損傷程度（当事者A）,人身損傷程度（当事者B）,lat,lon,曜日(発生年月日),祝日(発生年月日),認知機能検査経過日数（当事者A）,認知機能検査経過日数（当事者B）,運転練習の方法（当事者A）,運転練習の方法（当事者B）
1,30,216,127,2,0,1,30000,0,109,2021,10,7,17,20,21,,,,,1,1,1,14,7,0,23,0,23,1,9,1,70,4,3,1,65,35,51,61,0,0,,,,,,,0,0,40,0,3,0,0,0,0,0,4,2,35.59909583333334,139.729755,5,3,,,,
1,30,217,132,2,0,1,10080,0,109,2021,10,13,12,12,12,,,,,1,1,2,14,7,0,23,0,23,5,9,1,70,5,1,1,35,45,51,61,0,0,,,,,,,0,0,10,0,3,0,0,0,0,0,4,2,35.6336575,139.7155661111111,4,3,,,,
1,30,217,137,2,0,1,10150,0,109,2021,6,14,9,53,12,,,,,3,1,2,14,7,0,23,0,23,5,9,1,70,4,2,1,25,55,51,61,0,0,,,,,,,0,0,10,0,3,0,0,0,0,0,4,2,35.62435305555556,139.72323805555556,2,3,,,,
1,30,217,141,2,0,1,10150,0,109,2021,9,6,9,50,12,,,,,1,1,1,14,7,0,23,0,23,5,9,1,70,4,2,1,45,35,3,61,1,0,,,,,,,3,0,40,0,4,0,2,0,2,0,4,2,35.625754722222226,139.7254147222222,2,3,,,,
1,30,218,238,2,0,1,30000,0,109,2021,7,15,7,40,12,,,,,1,1,1,14,7,0,23,0,23,2,9,1,70,5,3,1,45,65,11,61,31,0,,,,,,,10,0,0,0,4,0,2,0,2,0,4,2,35.61188027777778,139.69762277777778,5,3,,,,
1,30,218,240,2,0,1,30000,0,109,2021,9,26,13,5,12,,,,,2,1,1,14,7,0,23,0,23,1,9,1,70,5,3,1,55,1,3,61,31,0,,,,,,,10,0,50,0,4,0,2,0,2,0,4,2,35.606865,139.72087305555556,1,3,,,,
1,30,218,242,2,0,1,30130,0,109,2021,10,2,9,40,12,,,,,1,1,1,1,7,1,21,0,23,14,9,30,70,5,2,1,55,75,3,61,31,0,,,,,,,2,0,10,0,4,0,2,0,2,0,4,2,35.60855027777778,139.71773583333334,7,3,,,,
1,30,218,245,2,0,1,99000,0,109,2021,10,4,18,45,22,,,,,1,1,1,0,7,0,23,0,23,0,0,20,70,0,4,1,25,45,14,61,1,0,,,,,,,10,0,32,0,3,0,2,0,2,0,4,2,35.61835194444444,139.7175511111111,2,3,,,,
1,30,218,247,2,0,1,30000,0,109,2021,10,7,14,30,12,,,,,1,1,1,1,7,9,22,0,23,11,9,30,1,5,3,1,55,65,3,61,31,0,,,,,,,2,0,40,0,4,0,2,0,2,0,4,2,35.60644722222222,139.7037947222222,5,3,,,,
1,30,218,249,2,0,1,30000,0,109,2021,10,8,14,30,12,,,,,1,1,1,1,7,9,22,0,23,14,9,30,70,5,3,1,75,45,51,61,0,0,,,,,,,0,0,10,0,3,0,0,0,0,0,2,4,35.61489916666667,139.70269777777776,6,3,,,,
1,30,218,253,2,0,1,30000,0,109,2021,10,13,10,45,12,,,,,3,1,2,1,1,9,22,0,23,11,9,30,70,5,2,1,35,35,14,61,1,0,,,,,,,2,0,10,0,3,0,2,0,2,0,4,2,35.60310861111111,139.721735,4,3,,,,
1,30,218,258,2,0,1,30000,0,109,2021,10,16,10,23,12,,,,,2,1,2,14,7,0,23,0,23,2,9,1,70,5,3,1,1,75,3,61,31,0,,,,,,,2,0,80,0,4,0,2,0,2,0,4,2,35.60377666666667,139.70615638888887,7,3,,,,
1,30,218,262,2,0,1,10170,0,109,2021,10,19,11,50,12,,,,,2,1,1,1,1,9,22,0,23,18,9,30,70,4,1,1,1,65,51,61,0,0,,,,,,,0,0,10,0,3,0,0,0,0,0,4,2,35.61347055555556,139.70756916666664,3,3,,,,
1,30,218,263,2,0,1,30000,0,109,2021,10,21,7,0,12,,,,,1,1,1,1,7,9,22,0,23,14,9,30,70,5,4,1,35,55,51,61,0,0,,,,,,,0,0,10,0,4,0,0,0,0,0,4,2,35.606751111111116,139.71225666666666,5,3,,,,
1,30,218,265,2,0,1,30000,0,109,2021,10,21,12,20,12,,,,,1,1,1,14,7,0,23,0,23,1,9,1,70,5,2,1,65,1,51,61,0,0,,,,,,,0,0,10,0,3,0,0,0,0,0,2,4,35.601706666666665,139.71337027777776,5,3,,,,
1,30,218,268,2,0,1,10170,0,109,2021,10,27,7,45,12,,,,,1,1,1,7,7,0,23,0,23,2,9,1,70,5,2,1,45,35,52,61,0,0,,,,,,,0,0,14,0,3,0,0,0,0,0,4,2,35.618009722222226,139.7146061111111,4,3,,,,
1,30,218,270,2,0,1,10,119,109,2021,10,30,22,37,22,,,,,1,1,1,1,1,9,22,0,23,17,9,30,70,5,3,1,45,45,51,61,0,0,,,,,,,0,0,40,0,3,0,0,0,0,0,4,2,35.610838333333334,139.7151061111111,7,3,,,,
1,30,219,340,1,1,0,20180,0,111,2021,10,23,9,50,12,,,,,1,1,1,1,7,9,22,0,23,17,9,30,70,5,1,1,45,75,17,61,1,0,,,,,,,3,0,10,0,3,0,2,0,2,0,4,1,35.57984638888889,139.72064,7,3,,,,
1,30,219,343,2,0,1,30000,0,111,2021,7,3,2,20,22,,,,,3,1,2,1,1,9,22,0,23,14,9,30,70,5,2,1,45,35,3,61,31,0,,,,,,,2,0,50,0,3,0,2,0,2,0,4,2,35.56743166666667,139.74209638888888,7,3,,,,
1,30,219,365,2,0,1,30000,0,111,2021,10,19,19,10,22,,,,,1,1,1,14,7,0,23,0,23,5,9,1,70,1,2,1,45,25,3,61,31,0,,,,,,,5,0,10,0,3,0,2,0,2,0,4,2,35.57228638888889,139.73275,3,3,,,,
1,30,219,371,2,0,1,20000,0,109,2021,10,26,1,2,22,,,,,3,1,2,1,1,9,22,0,23,19,9,30,70,4,1,1,35,55,4,61,31,0,,,,,,,3,0,10,0,3,0,2,0,2,0,4,2,35.58742194444444,139.7322488888889,3,3,,,,
1,30,220,217,2,0,1,30000,0,110,2021,9,27,16,25,12,,,,,1,1,1,14,7,0,23,0,23,2,8,1,70,4,3,1,55,45,51,61,0,0,,,,,,,0,0,10,0,3,0,0,0,0,0,4,2,35.60622472222222,139.68204666666665,2,3,,,,
1,30,220,224,2,0,1,30000,0,111,2021,10,19,15,10,12,,,,,2,1,1,7,1,0,23,0,23,3,9,1,70,5,2,1,35,75,13,61,31,0,,,,,,,2,0,10,0,4,0,2,0,2,0,4,2,35.59719861111111,139.6677222222222,3,3,,,,
1,30,220,226,2,0,1,30000,0,111,2021,10,23,12,20,12,,,,,1,1,1,1,7,9,22,0,23,11,9,30,70,5,3,1,65,45,4,61,31,0,,,,,,,2,0,10,0,4,0,2,0,2,0,4,2,35.574669444444446,139.6800247222222,7,3,,,,
1,30,222,194,2,0,1,10,170,111,2021,10,22,12,30,12,,,,,3,1,2,1,1,9,22,0,23,17,9,30,70,1,1,1,1,35,14,61,31,0,,,,,,,5,0,50,0,3,0,2,0,2,0,4,2,35.568200000000004,139.69617833333334,6,3,,,,
1,30,222,200,2,0,1,30000,0,111,2021,10,30,9,45,12,,,,,1,1,1,14,7,0,23,0,23,3,9,20,70,5,3,1,65,75,3,61,31,0,,,,,,,2,0,40,0,3,0,2,0,2,0,4,2,35.58074555555556,139.68633027777778,7,3,,,,
1,30,325,208,2,0,1,30000,0,112,2021,10,6,8,3,12,,,,,1,1,1,1,1,9,22,0,23,15,8,30,70,4,2,1,65,1,3,61,31,0,,,,,,,5,0,80,0,3,0,2,0,2,0,4,2,35.63583166666667,139.64451555555556,4,3,,,,
1,30,325,215,2,0,1,30000,0,112,2021,10,13,10,20,12,,,,,3,1,1,7,7,0,23,0,23,3,9,1,70,4,2,1,25,55,3,61,31,0,,,,,,,2,0,30,0,3,0,2,0,2,0,4,2,35.63606,139.6751886111111,4,3,,,,
1,30,325,218,2,0,1,30000,0,112,2021,9,16,15,0,12,,,,,1,1,1,14,7,0,23,0,23,2,9,1,70,5,3,1,65,75,52,61,0,0,,,,,,,0,0,10,0,3,0,0,0,0,0,4,2,35.644663888888886,139.66978166666667,5,3,,,,
1,30,325,220,2,0,1,30000,0,112,2021,10,22,15,47,12,,,,,3,1,2,14,7,0,23,0,23,3,7,1,70,4,2,1,25,1,13,61,31,0,,,,,,,3,0,80,0,3,0,2,0,2,0,4,2,35.63372583333333,139.67292027777776,6,3,,,,
1,30,325,222,2,0,1,30000,0,112,2021,8,27,13,2,12,,,,,1,1,1,14,7,0,23,0,23,3,8,1,70,4,1,1,1,55,51,61,0,0,,,,,,,0,0,10,0,4,0,0,0,0,0,4,2,35.637120555555555,139.6764247222222,6,3,,,,
1,30,325,224,2,0,1,2460,95,112,2021,9,14,8,2,12,,,,,1,1,1,14,7,0,23,0,23,6,9,1,70,1,1,1,55,35,51,61,0,0,,,,,,,0,0,10,0,3,0,0,0,0,0,4,2,35.63341916666666,139.6618061111111,3,3,,,,
1,30,325,225,2,0,1,2460,89,112,2021,10,18,17,33,21,,,,,1,1,1,1,7,1,22,0,23,18,9,30,70,1,1,1,65,45,13,61,31,0,,,,,,,2,0,10,0,4,0,2,0,2,0,4,2,35.63724805555555,139.6664125,2,3,,,,
1,30,325,227,2,0,1,30000,0,112,2021,10,24,18,50,22,,,,,1,1,1,14,1,0,23,0,23,3,9,1,70,4,2,1,65,45,3,61,31,0,,,,,,,3,0,50,0,3,0,2,0,2,0,4,2,35.64585388888889,139.61966666666666,1,3,,,,
1,30,326,343,2,0,1,30000,0,112,2021,10,14,14,30,12,,,,,1,1,1,14,7,0,23,0,23,2,9,1,70,5,3,1,1,55,3,61,31,0,,,,,,,10,0,20,0,3,0,2,0,2,0,4,2,35.663235,139.66437916666666,5,3,,,,
1,30,326,345,2,0,1,20000,0,112,2021,10,11,9,0,12,,,,,1,1,1,14,7,0,23,0,23,3,9,1,70,5,3,1,45,55,3,61,31,0,,,,,,,2,0,40,0,3,0,2,0,2,0,4,2,35.665882499999995,139.6656113888889,2,3,,,,
1,30,326,352,2,0,1,30000,0,112,2021,10,24,11,7,12,,,,,1,1,1,7,7,0,23,0,23,2,9,1,70,5,3,1,75,35,3,61,31,0,,,,,,,10,0,40,0,4,0,2,0,2,0,4,2,35.66908472222222,139.65230611111113,1,3,,,,
1,30,326,353,2,0,1,30000,0,112,2021,10,24,12,55,12,,,,,1,1,1,14,7,0,23,0,23,2,8,1,70,5,3,1,45,0,61,0,0,0,,,,,,,0,0,0,0,0,0,0,0,0,0,2,0,35.650392499999995,139.63707277777777,1,3,,,,
1,30,326,355,2,0,1,30740,0,112,2021,10,27,18,8,22,,,,,2,1,1,1,7,9,22,0,23,14,9,30,70,5,1,1,75,1,3,61,31,0,,,,,,,3,0,20,0,3,0,2,0,2,0,4,2,35.65430138888889,139.66714638888888,4,3,,,,
1,30,326,357,2,0,1,30000,0,112,2021,10,26,13,5,12,,,,,1,1,1,1,7,9,22,0,23,11,9,30,70,5,3,1,45,75,3,61,31,0,,,,,,,2,0,10,0,4,0,2,0,2,0,4,2,35.66403277777778,139.6717483333333,3,3,,,,
1,30,326,359,2,0,1,30000,0,112,2021,10,28,18,50,22,,,,,1,1,1,1,1,9,22,0,23,11,9,30,70,5,3,1,25,45,3,61,31,0,,,,,,,10,0,40,0,3,0,2,0,2,0,4,2,35.65486388888889,139.6734238888889,5,3,,,,
1,30,327,361,2,0,1,30000,0,112,2021,10,14,11,0,12,,,,,1,1,1,14,7,0,23,0,23,2,9,1,70,5,2,1,75,75,14,61,1,0,,,,,,,5,0,30,0,3,0,2,0,2,0,4,2,35.62855027777778,139.6448375,5,3,,,,
1,30,327,372,2,0,1,30000,0,112,2021,10,15,13,50,12,,,,,1,1,1,7,7,0,23,0,23,3,9,1,1,5,3,1,1,75,52,61,0,0,,,,,,,0,0,10,0,4,0,0,0,0,0,4,2,35.6035275,139.65968583333333,6,3,,,,
1,30,327,376,2,0,1,30000,0,112,2021,10,19,22,30,22,,,,,3,1,2,1,1,9,22,0,23,15,9,30,70,4,1,1,45,35,3,61,31,0,,,,,,,3,0,10,0,4,0,2,0,2,0,4,2,35.612409444444445,139.62931222222224,3,3,,,,
1,30,327,377,2,0,1,30000,0,112,2021,10,19,22,32,22,,,,,3,1,2,1,1,9,22,0,23,15,9,30,70,4,1,1,45,45,1,61,1,0,,,,,,,3,0,20,0,4,0,2,0,2,0,4,2,35.609452222222224,139.63267194444444,3,3,,,,
1,30,327,382,2,0,1,10200,0,112,2021,10,4,12,0,12,,,,,1,1,1,14,7,0,23,0,23,5,8,20,70,1,1,1,25,1,59,61,0,0,,,,,,,0,0,0,0,3,0,0,0,0,0,4,2,35.607646111111116,139.64019305555556,2,3,,,,
1,30,327,386,2,0,1,30000,0,112,2021,10,13,14,45,12,,,,,3,1,2,14,7,0,23,0,23,2,9,1,70,5,3,1,45,0,61,0,0,0,,,,,,,0,0,0,0,0,0,0,0,0,0,2,0,35.60785138888889,139.64800194444445,4,3,,,,
1,30,327,392,2,0,1,2460,104,112,2021,10,23,20,0,22,,,,,1,1,1,1,7,9,22,0,23,11,8,30,70,1,2,1,35,45,36,61,31,0,,,,,,,2,0,40,0,4,0,0,0,0,0,4,2,35.630024166666665,139.65308666666667,7,3,,,,
1,30,328,309,2,0,1,30000,0,112,2021,10,12,8,0,12,,,,,2,1,1,1,7,9,22,0,23,15,9,30,70,5,1,1,65,1,35,61,31,0,,,,,,,2,0,10,0,3,0,0,0,0,0,4,2,35.67010527777778,139.60921249999998,3,3,,,,
1,30,328,312,2,0,1,30000,0,112,2021,9,17,15,0,12,,,,,2,1,2,14,7,0,23,0,23,3,9,1,70,5,3,1,1,0,61,0,0,0,,,,,,,0,0,0,0,0,0,0,0,0,0,2,0,35.649987777777774,139.59546055555558,6,3,,,,
1,30,328,315,2,0,1,30000,0,112,2021,10,5,8,30,12,,,,,1,1,1,14,7,0,23,0,23,1,9,1,1,5,4,1,25,35,13,61,31,0,,,,,,,2,0,20,0,4,0,2,0,2,0,4,2,35.668102499999996,139.6219411111111,3,3,,,,
1,30,328,318,2,0,1,30000,0,112,2021,10,8,17,45,21,,,,,1,1,1,1,7,1,21,0,23,15,9,30,1,5,2,1,25,75,13,61,1,0,,,,,,,2,0,15,0,3,0,2,0,2,0,4,2,35.622776944444446,139.60590194444444,6,3,,,,
1,30,328,325,2,0,1,30000,0,112,2021,10,21,7,50,12,,,,,1,1,1,14,7,0,23,0,23,2,9,20,1,5,3,1,45,1,34,61,31,0,,,,,,,2,0,10,0,3,0,0,0,0,0,4,2,35.63538,139.59402833333334,5,3,,,,
1,30,328,330,2,0,1,30000,0,112,2021,9,16,18,15,21,,,,,1,1,1,14,7,0,23,0,23,3,9,1,70,4,1,1,45,25,3,61,31,0,,,,,,,3,0,40,0,3,0,2,0,2,0,4,2,35.65575666666667,139.61548027777778,5,3,,,,
1,30,329,167,2,0,2,2460,64,110,2021,10,14,4,5,22,,,,,2,1,2,14,1,0,23,0,23,5,9,1,70,1,2,1,65,35,3,61,1,0,,,,,,,5,0,10,0,3,0,2,0,2,0,4,2,35.65163861111111,139.68627194444446,5,3,,,,
1,30,329,178,2,0,1,30000,0,110,2021,9,4,13,10,12,,,,,2,1,1,14,7,0,23,0,23,2,9,1,70,5,3,1,55,0,61,0,0,0,,,,,,,0,0,0,0,0,0,0,0,0,0,2,0,35.641980833333335,139.69734277777778,7,3,,,,
1,30,329,179,2,0,1,10160,0,110,2021,10,30,18,55,22,,,,,1,1,1,7,1,0,23,0,23,3,9,20,70,1,2,1,35,55,31,61,31,0,,,,,,,5,0,10,0,2,0,0,0,0,0,4,2,35.65116027777778,139.68957722222223,7,3,,,,
1,30,329,181,2,0,1,20240,0,110,2021,10,15,22,45,22,,,,,1,1,1,1,7,1,22,0,23,11,9,30,70,5,2,1,45,45,3,61,1,0,,,,,,,10,0,10,0,3,0,2,0,2,0,4,2,35.64646666666667,139.70173083333333,6,3,,,,
1,30,329,183,2,0,1,10080,0,110,2021,10,22,21,10,22,,,,,3,1,2,1,1,9,22,0,23,14,9,30,70,4,2,1,75,75,3,61,1,0,,,,,,,3,0,80,0,3,0,2,0,2,0,4,2,35.63359972222222,139.71079666666665,6,3,,,,
1,30,330,196,2,0,1,20240,0,110,2021,10,14,9,35,12,,,,,1,1,1,14,7,0,23,0,23,3,9,1,70,4,2,1,25,45,35,61,31,0,,,,,,,3,0,10,0,3,0,0,0,0,0,4,2,35.6261675,139.67147277777778,5,3,,,,
1,30,330,204,2,0,1,30000,0,110,2021,10,21,17,5,21,,,,,1,1,1,14,7,0,23,0,23,1,9,20,70,5,4,1,65,1,36,61,31,0,,,,,,,10,0,10,0,3,0,0,0,0,0,4,2,35.616642222222225,139.69863305555555,5,3,,,,
1,30,330,205,2,0,1,30000,0,110,2021,10,22,9,20,12,,,,,3,1,2,1,7,9,22,0,23,11,9,30,70,4,3,1,55,45,2,61,31,0,,,,,,,2,0,80,0,3,0,2,0,2,0,4,2,35.610264722222226,139.6670883333333,6,3,,,,
1,30,330,207,2,0,1,30000,0,110,2021,10,25,12,22,12,,,,,2,1,1,14,7,0,23,0,23,1,9,1,70,4,3,1,65,45,3,61,31,0,,,,,,,2,0,40,0,4,0,2,0,2,0,4,2,35.608513333333335,139.6724008333333,2,3,,,,
1,30,330,210,2,0,1,30000,0,110,2021,10,29,10,25,12,,,,,1,1,1,1,7,9,22,0,23,11,9,30,70,5,2,1,65,25,51,61,0,0,,,,,,,0,0,10,0,3,0,0,0,0,0,4,2,35.6079625,139.6682061111111,6,3,,,,
1,30,330,214,2,0,1,10080,0,110,2021,10,28,9,55,12,,,,,1,1,1,14,7,0,23,0,23,5,9,1,70,1,1,1,45,35,51,61,0,0,,,,,,,0,0,20,0,4,0,0,0,0,0,4,2,35.62298388888889,139.68485444444445,5,3,,,,
1,30,331,188,2,0,1,10090,0,113,2021,10,2,13,0,12,,,,,1,1,1,14,7,0,23,0,23,6,9,20,70,5,2,1,35,1,51,61,0,0,,,,,,,0,0,10,0,4,0,0,0,0,0,4,2,35.648655833333336,139.7126647222222,7,3,,,,
1,30,331,194,2,0,1,10650,0,110,2021,10,7,17,2,13,,,,,1,1,1,1,1,9,22,0,23,18,9,30,70,4,2,1,1,35,51,61,0,0,,,,,,,0,0,10,0,4,0,0,0,0,0,4,2,35.65359361111111,139.69353138888889,5,3,,,,
1,30,331,204,2,0,1,10650,0,113,2021,10,11,9,30,12,,,,,1,1,1,14,7,0,23,0,23,4,8,1,70,1,1,1,35,55,52,61,0,0,,,,,,,0,0,10,0,4,0,0,0,0,0,4,2,35.65778722222222,139.6910388888889,2,3,,,,
1,30,331,206,2,0,1,30000,0,113,2021,10,22,9,16,12,,,,,3,1,2,14,7,0,23,0,23,4,9,1,70,4,1,1,65,25,3,61,1,0,,,,,,,5,0,80,0,4,0,2,0,2,0,4,2,35.661563888888885,139.7008833333333,6,3,,,,
1,30,332,107,2,0,1,10090,0,113,2021,10,25,18,0,22,,,,,2,1,2,14,7,0,23,0,23,5,7,1,70,1,1,1,25,55,59,61,0,0,,,,,,,0,0,10,0,3,0,0,0,0,0,4,2,35.67626972222222,139.70637833333333,2,3,,,,
1,30,332,108,2,0,1,30000,0,113,2021,10,26,11,0,12,,,,,1,1,1,1,7,9,22,0,23,15,9,30,70,4,1,1,65,45,3,61,31,0,,,,,,,1,0,40,0,3,0,2,0,2,0,4,2,35.687017499999996,139.70294694444442,3,3,,,,
1,30,333,135,2,0,1,30000,0,113,2021,9,30,22,27,22,,,,,3,1,2,7,7,0,23,0,23,3,9,1,70,4,2,1,35,0,61,0,0,0,,,,,,,0,0,0,0,0,0,0,0,0,0,2,0,35.669134166666666,139.68889972222223,5,3,,,,
1,30,333,138,2,0,1,30000,0,113,2021,10,17,19,34,22,,,,,2,1,1,14,7,0,23,0,23,1,9,1,70,4,1,1,65,35,3,61,1,0,,,,,,,3,0,40,0,3,0,2,0,2,0,4,2,35.665213888888886,139.69952972222222,1,3,,,,
1,30,333,143,2,0,1,30000,0,113,2021,10,22,18,38,22,,,,,3,1,2,1,1,9,22,0,23,19,9,30,70,4,3,1,55,55,3,61,1,0,,,,,,,10,0,10,0,3,0,2,0,2,0,4,2,35.66482944444444,139.6988363888889,6,3,,,,
1,30,333,144,2,0,1,30000,0,113,2021,10,23,6,45,11,,,,,1,1,2,1,1,9,22,0,23,15,9,30,70,4,3,1,35,65,13,61,31,0,,,,,,,2,0,20,0,3,0,2,0,2,0,4,2,35.679023055555554,139.6700647222222,7,3,,,,
1,30,333,145,2,0,1,95000,0,113,2021,10,23,12,54,12,,,,,1,1,1,21,7,0,23,0,23,2,9,20,70,5,4,1,1,1,3,61,31,0,,,,,,,10,0,80,0,3,0,2,0,2,0,4,2,35.67769416666666,139.6929975,7,3,,,,
1,30,435,96,2,0,1,30000,0,104,2021,10,4,12,5,12,,,,,1,1,1,7,7,0,23,0,23,1,9,1,70,4,3,1,45,65,51,61,0,0,,,,,,,0,0,10,0,4,0,0,0,0,0,4,2,35.703968888888895,139.73582166666665,2,3,,,,
1,30,435,98,2,0,1,30870,0,104,2021,10,8,13,55,12,,,,,1,1,1,1,1,8,22,0,23,14,9,30,70,4,2,1,65,65,14,61,31,0,,,,,,,3,0,10,0,3,0,2,0,2,0,4,2,35.70565472222223,139.73091555555555,6,3,,,,
1,30,435,106,2,0,1,10220,0,104,2021,10,29,12,40,12,,,,,1,1,3,1,1,9,22,0,23,18,9,30,70,4,1,1,65,1,3,61,1,0,,,,,,,4,0,10,0,3,0,2,0,2,0,4,2,35.70653388888889,139.71863916666666,6,3,,,,
1,30,436,209,2,0,1,30000,0,104,2021,10,1,23,10,22,,,,,1,1,1,14,7,0,23,0,23,2,9,1,70,5,3,1,1,25,35,61,31,0,,,,,,,1,0,10,0,3,0,0,0,0,0,4,2,35.69997972222222,139.70412277777777,6,3,,,,
1,30,436,218,2,0,1,20300,0,104,2021,9,3,21,20,22,,,,,3,1,2,1,1,9,22,0,23,15,9,30,70,4,2,1,1,65,3,61,1,0,,,,,,,3,0,20,0,3,0,2,0,2,0,4,2,35.69828166666667,139.70519777777776,6,3,,,,
1,30,436,221,2,0,1,30000,0,104,2021,10,24,3,56,22,,,,,1,1,1,1,1,9,22,0,23,15,9,30,70,4,2,1,45,65,13,61,1,0,,,,,,,2,0,10,0,3,0,2,0,2,0,4,2,35.69499666666666,139.7042097222222,1,3,,,,
1,30,436,223,2,0,1,10240,0,104,2021,10,25,12,0,12,,,,,1,1,1,1,1,9,22,0,23,19,9,30,70,4,2,1,25,75,51,61,0,0,,,,,,,0,0,10,0,3,0,0,0,0,0,4,2,35.69374805555555,139.69934750000002,2,3,,,,
1,30,436,226,2,0,1,10050,0,104,2021,10,26,23,53,22,,,,,1,1,1,1,8,0,23,0,23,14,9,30,70,1,2,1,1,0,61,0,0,0,,,,,,,0,0,0,0,0,0,0,0,0,0,2,0,35.69330333333333,139.70233805555554,3,3,,,,
1,30,436,227,2,0,1,20290,0,104,2021,10,28,11,40,12,,,,,1,1,1,1,1,9,22,0,23,11,7,30,70,5,2,1,45,75,17,61,31,0,,,,,,,10,0,10,0,3,0,2,0,2,0,4,2,35.70164416666667,139.68822055555555,5,3,,,,
1,30,436,231,2,0,1,30000,0,104,2021,10,18,4,15,22,,,,,1,1,1,14,7,0,23,0,23,2,9,1,70,5,3,1,1,25,3,61,1,0,,,,,,,10,0,40,0,3,0,2,0,2,0,4,2,35.694464999999994,139.7033775,2,3,,,,
1,30,436,234,2,0,1,95000,0,104,2021,10,29,23,58,22,,,,,1,1,1,14,7,0,23,0,23,1,9,1,70,5,3,1,25,55,3,61,31,0,,,,,,,10,0,10,0,3,0,2,0,2,0,4,2,35.69490277777778,139.70357388888888,6,3,,,,
1,30,437,156,2,0,1,10090,0,104,2021,10,22,17,27,21,,,,,3,1,2,1,1,9,22,0,23,18,9,30,70,1,1,1,35,25,14,61,1,0,,,,,,,5,0,10,0,3,0,2,0,2,0,4,2,35.71454694444445,139.71137472222222,6,3,,,,
1,30,438,118,2,0,1,30000,0,104,2021,9,21,15,45,12,,,,,1,1,1,13,7,0,23,0,23,2,1,1,70,5,3,1,45,75,14,61,1,0,,,,,,,10,0,30,0,3,0,2,0,2,0,4,2,35.69173055555555,139.71998,3,3,,,,
1,30,438,120,2,0,1,30000,0,104,2021,9,10,16,40,12,,,,,1,1,1,14,7,0,23,0,23,3,9,1,1,5,3,1,45,25,3,61,1,0,,,,,,,2,0,40,0,4,0,2,0,2,0,4,2,35.690913055555555,139.71375333333333,6,3,,,,
1,30,438,122,2,0,1,20120,0,104,2021,10,13,19,45,22,,,,,3,1,2,1,1,9,22,0,23,19,9,30,70,1,1,1,45,45,3,61,1,0,,,,,,,4,0,40,0,4,0,2,0,2,0,4,2,35.68753694444444,139.71556194444443,4,3,,,,
1,30,439,243,2,0,1,20280,0,114,2021,10,2,22,20,22,,,,,2,1,1,7,1,0,23,0,23,4,9,1,70,4,2,1,45,65,51,61,0,0,,,,,,,0,0,10,0,3,0,0,0,0,0,4,2,35.69444472222222,139.6682975,7,3,,,,
1,30,439,244,2,0,1,30000,0,114,2021,10,3,18,13,21,,,,,1,1,1,14,7,0,23,0,23,2,9,1,70,5,4,1,45,65,51,61,0,0,,,,,,,0,0,10,0,4,0,0,0,0,0,4,2,35.70621666666667,139.67747555555556,1,3,,,,
1,30,439,261,2,0,1,30000,0,114,2021,10,26,18,12,22,,,,,1,1,1,1,7,1,21,0,23,14,3,30,70,5,2,1,45,35,3,61,31,0,,,,,,,2,0,10,0,4,0,2,0,2,0,4,2,35.706515,139.6867486111111,3,3,,,,
1,30,440,194,2,0,1,10130,0,114,2021,10,9,17,5,13,,,,,1,1,1,14,7,0,23,0,23,3,9,1,70,5,4,1,35,35,14,61,31,0,,,,,,,10,0,10,0,4,0,2,0,2,0,4,2,35.71874444444445,139.65386583333333,7,3,,,,
1,30,440,195,2,0,1,30000,0,114,2021,10,10,9,40,12,,,,,4,1,1,14,7,0,23,0,23,2,9,1,70,5,4,1,65,65,13,61,31,0,,,,,,,10,0,80,0,4,0,2,0,2,0,4,2,35.71718444444445,139.64636694444442,1,3,,,,
1,30,440,198,2,0,1,10010,0,114,2021,10,14,14,20,12,,,,,1,1,1,1,1,9,22,0,23,15,9,30,70,1,2,1,1,75,12,61,1,0,,,,,,,2,0,20,0,3,0,2,0,2,0,4,2,35.73263527777778,139.67026083333332,5,3,,,,