資料区分,都道府県コード,警察署等コード,本票番号,事故内容,死者数,負傷者数,路線コード,地点コード,市区町村コード,発生日時　　年,発生日時　　月,発生日時　　日,発生日時　　時,発生日時　　分,昼夜,日の出時刻　　時,日の出時刻　　分,日の入り時刻　　時,日の入り時刻　　分,天候,地形,路面状態,道路形状,信号機,一時停止規制　標識（当事者A）,一時停止規制　表示（当事者A）,一時停止規制　標識（当事者B）,一時停止規制　表示（当事者B）,車道幅員,道路線形,衝突地点,ゾーン規制,中央分離帯施設等,歩車道区分,事故類型,年齢（当事者A）,年齢（当事者B）,当事者種別（当事者A）,当事者種別（当事者B）,用途別（当事者A）,用途別（当事者B）,車両形状等（当事者A）,車両形状等（当事者B）,オートマチック車（当事者A）,オートマチック車（当事者B）,サポカー（当事者A）,サポカー（当事者B）,速度規制（指定のみ）（当事者A）,速度規制（指定のみ）（当事者B）,車両の衝突部位（当事者A）,車両の衝突部位（当事者B）,車両の損壊程度（当事者A）,車両の損壊程度（当事者B）,エアバッグの装備（当事者A）,エアバッグの装備（当事者B）,サイドエアバッグの装備（当事者A）,サイドエアバッグの装備（当事者B）,人身損傷程度（当事者A）,人身損傷程度（当事者B）,lat,lon,曜日(発生年月日),祝日(発生年月日),認知機能検査経過日数（当事者A）,認知機能検査経過日数（当事者B）,運転練習の方法（当事者A）,運転練習の方法（当事者B）
1,30,440,199,2,0,1,30000,0,114,2021,10,14,17,39,21,,,,,1,1,1,7,7,0,23,0,23,2,9,1,70,5,4,1,45,35,14,61,1,0,,,,,,,10,0,80,0,3,0,2,0,2,0,4,2,35.723287500000005,139.63677833333333,5,3,,,,
1,30,440,200,2,0,1,30000,0,114,2021,9,25,22,45,22,,,,,1,1,1,14,7,0,23,0,23,2,9,1,70,5,3,1,1,55,51,61,0,0,,,,,,,0,0,10,0,3,0,0,0,0,0,4,2,35.72549583333333,139.66111305555557,7,3,,,,
1,30,440,205,2,0,1,30000,0,114,2021,10,21,8,10,12,,,,,1,1,1,14,7,0,23,0,23,1,9,20,70,5,3,1,45,0,61,0,0,0,,,,,,,0,0,0,0,0,0,0,0,0,0,2,0,35.714128611111114,139.67566472222222,5,3,,,,
1,30,441,251,2,0,1,30000,0,115,2021,10,6,8,14,12,,,,,1,1,1,1,7,9,22,0,23,14,9,30,1,5,2,1,55,1,3,61,31,0,,,,,,,2,0,10,0,3,0,2,0,2,0,4,2,35.707972222222224,139.6433275,4,3,,,,
1,30,441,253,2,0,1,30000,0,115,2021,10,2,18,5,21,,,,,1,1,1,14,7,0,23,0,23,2,9,1,70,5,3,1,45,45,51,61,0,0,,,,,,,0,0,10,0,4,0,0,0,0,0,4,2,35.691560277777775,139.6539011111111,7,3,,,,
1,30,441,266,2,0,1,10240,0,115,2021,10,23,9,30,12,,,,,1,1,1,1,1,0,23,0,23,17,9,30,70,4,2,1,65,0,61,0,0,0,,,,,,,0,0,0,0,0,0,0,0,0,0,2,0,35.69767888888889,139.6599202777778,7,3,,,,
1,30,442,247,2,0,1,30000,0,115,2021,10,4,16,33,13,,,,,1,1,1,14,7,0,23,0,23,2,9,1,70,5,4,1,45,1,3,61,31,0,,,,,,,10,0,40,0,4,0,2,0,2,0,4,2,35.67696888888889,139.65360361111112,2,3,,,,
1,30,442,248,2,0,1,20270,0,115,2021,10,1,14,44,12,,,,,3,1,2,14,7,0,23,0,23,3,9,1,70,4,2,1,75,45,3,61,31,0,,,,,,,3,0,40,0,3,0,2,0,2,0,4,2,35.67667222222222,139.64285666666666,6,3,,,,
1,30,442,251,2,0,1,30000,0,115,2021,10,10,0,0,22,,,,,1,1,1,14,7,0,23,0,23,1,9,1,70,5,3,1,25,45,3,61,31,0,,,,,,,5,0,80,0,3,0,2,0,2,0,4,2,35.67630027777778,139.61000416666667,1,3,,,,
1,30,442,252,2,0,1,99000,0,115,2021,9,24,13,22,12,,,,,1,1,1,0,7,0,23,0,23,0,0,20,70,0,4,1,65,45,13,61,31,0,,,,,,,1,0,30,0,3,0,2,0,2,0,4,2,35.67457527777778,139.64316083333333,6,3,,,,
1,30,442,255,2,0,1,10000,0,115,2021,10,9,18,30,22,,,,,1,1,1,14,7,0,23,0,23,2,9,1,70,5,3,1,1,35,51,61,0,0,,,,,,,0,0,40,0,4,0,0,0,0,0,4,2,35.70136916666667,139.6017636111111,7,3,,,,
1,30,442,261,2,0,1,30000,0,115,2021,10,25,19,20,22,,,,,2,1,1,1,7,9,22,0,23,15,8,30,70,5,3,1,45,25,3,61,31,0,,,,,,,5,0,20,0,3,0,2,0,2,0,4,2,35.688334999999995,139.59995444444445,2,3,,,,
1,30,442,265,2,0,1,99000,0,115,2021,10,16,17,30,21,,,,,1,1,1,0,7,0,23,0,23,0,0,20,70,0,3,1,1,45,51,61,0,0,,,,,,,0,0,10,0,4,0,0,0,0,0,4,2,35.66720861111111,139.63931916666667,7,3,,,,
1,30,442,267,2,0,1,20000,0,115,2021,10,25,11,39,12,,,,,2,1,1,1,7,9,22,0,23,11,9,30,70,5,3,1,65,75,3,61,31,0,,,,,,,2,0,10,0,3,0,2,0,2,0,4,2,35.7023025,139.60052666666667,2,3,,,,
1,30,443,168,2,0,1,90000,0,115,2021,10,14,8,10,12,,,,,2,1,1,14,7,0,23,0,23,2,9,1,70,5,4,1,55,75,3,61,31,0,,,,,,,10,0,30,0,4,0,2,0,2,0,4,2,35.70211416666667,139.61640305555554,5,3,,,,
1,30,443,170,2,0,1,30000,0,115,2021,9,26,8,40,12,,,,,2,1,1,1,7,9,22,0,23,11,9,30,70,5,3,1,35,25,51,61,0,0,,,,,,,0,0,10,0,3,0,0,0,0,0,4,2,35.705823611111114,139.62280416666667,1,3,,,,
1,30,443,182,2,0,1,30000,0,115,2021,10,31,17,55,22,,,,,3,1,2,1,7,1,22,0,23,14,9,30,70,4,1,1,25,25,4,61,31,0,,,,,,,2,0,10,0,3,0,2,0,2,0,4,2,35.70396305555556,139.60947166666665,1,3,,,,
1,30,545,81,2,0,1,30000,0,105,2021,10,9,9,30,12,,,,,2,1,1,14,7,0,23,0,23,3,9,1,70,5,3,1,35,45,3,61,31,0,,,,,,,2,0,30,0,4,0,2,0,2,0,4,2,35.72439972222222,139.73937305555555,7,3,,,,
1,30,545,85,2,0,1,2540,22,105,2021,10,16,14,35,12,,,,,2,1,1,1,1,9,22,0,23,19,9,30,70,1,1,1,65,75,3,61,31,0,,,,,,,4,0,20,0,3,0,2,0,2,0,4,2,35.71555611111111,139.74003916666666,7,3,,,,
1,30,545,87,2,0,1,20000,0,105,2021,10,19,19,2,22,,,,,2,1,2,1,1,9,22,0,23,15,9,30,70,4,1,1,25,45,51,61,0,0,,,,,,,0,0,10,0,3,0,0,0,0,0,4,2,35.72249555555556,139.75253555555557,3,3,,,,
1,30,545,89,2,0,1,20000,0,105,2021,10,26,5,30,23,,,,,3,1,2,1,7,9,22,0,23,17,9,30,70,4,2,1,65,55,3,61,31,0,,,,,,,5,0,10,0,3,0,2,0,2,0,4,2,35.71136722222222,139.75147638888888,3,3,,,,
1,30,546,96,2,0,1,2540,25,105,2021,10,7,9,30,12,,,,,2,1,1,14,1,0,23,0,23,5,9,20,70,1,2,1,1,1,52,61,0,0,,,,,,,0,0,10,0,3,0,0,0,0,0,4,2,35.71814916666667,139.736425,5,3,,,,
1,30,546,98,2,0,1,2540,34,105,2021,10,11,9,15,12,,,,,1,1,1,14,7,0,23,0,23,4,9,1,70,4,2,1,35,55,51,61,0,0,,,,,,,0,0,40,0,3,0,0,0,0,0,4,2,35.72366111111111,139.73100944444445,2,3,,,,
1,30,546,104,2,0,1,30000,0,105,2021,10,26,18,20,22,,,,,1,1,1,14,7,0,23,0,23,3,9,1,70,5,3,1,65,35,13,61,31,0,,,,,,,1,0,30,0,4,0,2,0,2,0,4,2,35.7099975,139.73698472222222,3,3,,,,
1,30,547,100,2,0,1,10100,0,105,2021,10,15,10,48,12,,,,,1,1,1,14,7,0,23,0,23,6,9,1,70,1,1,1,65,55,3,61,1,0,,,,,,,5,0,40,0,4,0,1,0,2,0,4,2,35.7100975,139.75325805555556,6,3,,,,
1,30,547,103,2,0,1,10300,0,105,2021,10,25,12,15,12,,,,,2,1,1,7,7,0,23,0,23,3,8,1,70,4,2,1,45,25,51,61,0,0,,,,,,,0,0,10,0,4,0,0,0,0,0,4,2,35.71503666666667,139.75794055555556,2,3,,,,
1,30,547,110,2,0,1,30000,0,105,2021,5,22,9,41,12,,,,,2,1,1,14,7,0,23,0,23,2,9,1,70,5,4,1,65,1,3,61,31,0,,,,,,,10,0,40,0,4,0,2,0,2,0,4,2,35.70737805555556,139.77217472222225,7,3,,,,
1,30,548,60,2,0,1,20000,0,105,2021,10,23,10,35,12,,,,,1,1,4,14,7,0,23,0,23,3,9,1,70,4,3,1,65,45,3,61,1,0,,,,,,,2,0,20,0,3,0,2,0,2,0,4,2,35.723263333333335,139.75443722222224,7,3,,,,
1,30,549,72,2,0,1,170,84,116,2021,9,29,16,30,13,,,,,2,1,1,14,7,0,23,0,23,6,9,1,70,1,2,1,75,45,51,61,0,0,,,,,,,0,0,10,0,3,0,0,0,0,0,4,2,35.74394888888889,139.72859222222223,4,3,,,,
1,30,550,175,2,0,1,30000,0,116,2021,9,27,15,40,12,,,,,1,1,1,14,1,0,23,0,23,3,9,1,70,1,1,1,55,1,4,61,31,0,,,,,,,5,0,10,0,3,0,1,0,2,0,4,2,35.732930555555555,139.71763,2,3,,,,
1,30,550,184,2,0,1,30000,0,116,2021,10,23,15,27,12,,,,,1,1,1,14,7,0,23,0,23,1,9,1,70,5,3,1,25,25,51,61,0,0,,,,,,,0,0,30,0,3,0,0,0,0,0,4,2,35.74399527777778,139.71262805555554,7,3,,,,
1,30,550,187,2,0,1,10090,0,116,2021,10,26,9,15,12,,,,,1,1,2,1,1,9,22,0,23,17,9,30,70,4,2,1,25,35,14,61,1,0,,,,,,,4,0,50,0,3,0,2,0,2,0,4,2,35.73239388888889,139.7148025,3,3,,,,
1,30,550,189,2,0,1,95000,0,116,2021,10,4,7,48,12,,,,,1,1,1,14,7,0,23,0,23,3,9,1,70,5,2,1,25,25,51,61,0,0,,,,,,,0,0,10,0,4,0,0,0,0,0,4,2,35.73350222222222,139.71168722222222,2,3,,,,
1,30,550,191,2,0,1,10090,0,116,2021,10,20,10,40,12,,,,,1,1,1,14,7,0,23,0,23,4,9,1,70,1,1,1,65,25,51,61,0,0,,,,,,,0,0,10,0,4,0,0,0,0,0,4,2,35.73414666666667,139.71727555555555,4,3,,,,
1,30,551,197,2,0,1,30000,0,116,2021,10,9,13,0,12,,,,,1,1,1,7,7,0,23,0,23,1,9,1,70,5,2,1,75,45,3,61,31,0,,,,,,,2,0,80,0,4,0,2,0,2,0,4,2,35.727337222222225,139.6927863888889,7,3,,,,
1,30,551,211,2,0,1,30000,0,116,2021,10,15,12,59,12,,,,,1,1,1,7,7,0,23,0,23,2,9,1,70,5,3,1,65,55,3,61,1,0,,,,,,,2,0,0,0,4,0,2,0,2,0,4,2,35.72606638888889,139.72255777777778,6,3,,,,
1,30,551,214,2,0,1,30000,0,116,2021,10,20,13,0,12,,,,,1,1,1,7,7,0,23,0,23,2,9,1,70,5,3,1,45,1,36,61,31,0,,,,,,,10,0,0,0,3,0,0,0,0,0,4,2,35.73639472222222,139.68115833333331,4,3,,,,
1,30,551,215,2,0,1,10090,0,116,2021,10,3,18,50,22,,,,,1,1,1,14,7,0,23,0,23,5,9,1,70,4,2,1,35,25,4,61,31,0,,,,,,,10,0,10,0,4,0,2,0,2,0,4,2,35.72553555555556,139.711535,1,3,,,,
1,30,551,218,2,0,1,30000,0,116,2021,10,31,11,21,12,,,,,2,1,1,14,7,0,23,0,23,2,9,1,70,5,3,1,45,35,3,61,31,0,,,,,,,5,0,40,0,4,0,2,0,2,0,4,2,35.73367694444445,139.69828972222223,1,3,,,,
1,30,551,221,2,0,1,10090,0,116,2021,10,30,10,35,12,,,,,1,1,1,14,7,0,23,0,23,4,9,1,70,4,1,1,55,1,51,61,0,0,,,,,,,0,0,20,0,3,0,0,0,0,0,2,4,35.72267333333333,139.71196083333334,7,3,,,,
1,30,552,154,2,0,1,30000,0,117,2021,10,16,5,10,23,,,,,1,1,1,14,7,0,23,0,23,3,9,1,70,5,3,1,55,35,17,61,1,0,,,,,,,10,0,40,0,4,0,2,0,2,0,4,2,35.74622277777778,139.72031166666667,7,3,,,,
1,30,552,159,2,0,1,170,90,117,2021,9,24,21,0,22,,,,,1,1,1,14,7,0,23,0,23,5,8,1,70,1,1,1,45,55,3,61,1,0,,,,,,,5,0,0,0,4,0,2,0,2,0,4,2,35.74771833333333,139.7233286111111,6,3,,,,
1,30,553,105,2,0,1,30000,0,117,2021,10,4,11,20,12,,,,,1,1,1,1,7,9,22,0,23,11,9,30,70,5,2,1,35,75,14,61,1,0,,,,,,,10,0,30,0,3,0,2,0,2,0,4,2,35.766622777777776,139.73182694444444,2,3,,,,
1,30,554,131,2,0,1,30000,0,117,2021,10,19,10,47,12,,,,,2,1,1,1,1,9,22,0,23,15,9,30,1,5,1,1,45,75,11,61,1,0,,,,,,,2,0,10,0,4,0,2,0,2,0,4,2,35.77506527777778,139.72621972222223,3,3,,,,
1,30,554,136,2,0,1,30000,0,117,2021,10,23,12,0,12,,,,,1,1,1,14,1,0,23,0,23,4,9,1,70,4,1,1,25,1,51,61,0,0,,,,,,,0,0,10,0,4,0,0,0,0,0,4,2,35.76429888888889,139.71239777777777,7,3,,,,
1,30,554,139,2,0,1,30000,0,117,2021,10,29,14,40,12,,,,,1,1,1,1,7,9,22,0,23,15,6,30,70,4,2,1,55,55,14,61,31,0,,,,,,,3,0,10,0,3,0,2,0,2,0,4,2,35.784547777777775,139.69825111111112,6,3,,,,
1,30,555,253,2,0,1,30000,0,119,2021,10,4,16,40,13,,,,,1,1,1,1,7,1,21,0,23,15,9,30,70,5,3,1,55,75,17,61,31,0,,,,,,,10,0,50,0,4,0,2,0,2,0,4,2,35.751175,139.68547777777778,2,3,,,,
1,30,555,263,2,0,1,30000,0,119,2021,10,15,9,21,12,,,,,1,1,1,1,7,1,21,0,23,11,9,30,70,5,2,1,55,75,3,61,31,0,,,,,,,2,0,10,0,3,0,2,0,2,0,4,2,35.759094166666664,139.7124675,6,3,,,,
1,30,555,272,2,0,1,30000,0,119,2021,10,6,11,5,12,,,,,1,1,1,14,7,0,23,0,23,4,9,1,70,5,2,1,25,45,51,61,0,0,,,,,,,0,0,10,0,3,0,0,0,0,0,4,2,35.75932805555556,139.6817461111111,4,3,,,,
1,30,555,274,2,0,1,170,113,119,2021,9,21,11,35,12,,,,,1,1,1,14,7,0,23,0,23,4,9,1,70,1,2,1,45,25,3,61,31,0,,,,,,,10,0,40,0,4,0,2,0,2,0,4,2,35.760983333333336,139.70589222222222,3,3,,,,
1,30,555,275,2,0,1,170,107,119,2021,10,3,8,55,12,,,,,1,1,1,14,7,0,23,0,23,1,8,1,70,1,2,1,45,45,51,61,0,0,,,,,,,0,0,10,0,4,0,0,0,0,0,4,2,35.75491777777778,139.70782277777778,1,3,,,,
1,30,555,280,2,0,1,30000,0,119,2021,10,18,14,55,12,,,,,1,1,1,1,7,1,21,0,23,15,9,30,70,5,1,1,75,55,13,61,31,0,,,,,,,2,0,80,0,4,0,2,0,2,0,4,2,35.7583875,139.70295083333332,2,3,,,,
1,30,555,287,2,0,1,30000,0,119,2021,10,22,17,55,21,,,,,3,1,2,1,1,9,22,0,23,11,9,30,70,4,2,1,65,45,4,61,31,0,,,,,,,2,0,10,0,3,0,2,0,2,0,4,2,35.75652222222222,139.71667472222222,6,3,,,,
1,30,556,222,2,0,1,20470,0,119,2021,10,9,18,30,22,,,,,2,1,1,14,7,0,23,0,23,3,9,1,70,1,2,1,75,1,3,61,31,0,,,,,,,4,0,80,0,3,0,2,0,2,0,4,2,35.775530555555555,139.68162944444444,7,3,,,,
1,30,556,223,2,0,1,170,134,119,2021,10,11,19,53,22,,,,,1,1,1,1,1,0,23,0,23,17,9,30,70,4,1,1,25,0,61,0,0,0,,,,,,,0,0,0,0,0,0,0,0,0,0,2,0,35.77641111111111,139.69466027777779,2,3,,,,
1,30,556,225,2,0,1,30000,0,119,2021,10,16,18,5,22,,,,,1,1,1,1,7,1,21,0,23,15,9,30,70,4,2,1,35,45,3,61,31,0,,,,,,,2,0,50,0,4,0,2,0,2,0,4,2,35.79116388888889,139.68744083333334,7,3,,,,
1,30,557,243,2,0,1,30000,0,120,2021,10,2,10,4,12,,,,,1,1,1,14,7,0,23,0,23,1,9,1,70,5,3,1,55,25,3,61,31,0,,,,,,,10,0,20,0,4,0,2,0,2,0,4,2,35.736670277777776,139.65396416666667,7,3,,,,
1,30,558,279,2,0,1,30000,0,120,2021,10,30,16,40,13,,,,,1,1,1,21,7,0,23,0,23,5,9,20,70,5,4,1,35,35,3,61,31,0,,,,,,,10,0,40,0,3,0,2,0,2,0,4,2,35.748447222222225,139.56954777777779,7,3,,,,
1,30,559,165,2,0,1,30000,0,119,2021,10,25,15,39,12,,,,,2,1,1,14,7,0,23,0,23,3,9,1,70,4,1,1,25,1,4,61,31,0,,,,,,,10,0,10,0,3,0,2,0,2,0,4,2,35.789836944444446,139.67182444444444,2,3,,,,
1,30,560,271,2,0,1,30000,0,120,2021,10,7,11,40,12,,,,,2,1,1,1,1,9,22,0,23,18,9,30,70,1,1,1,55,25,17,61,1,0,,,,,,,1,0,20,0,3,0,2,0,2,0,4,2,35.764019166666664,139.65360972222223,5,3,,,,
1,30,560,285,2,0,1,30000,0,120,2021,8,3,7,30,12,,,,,1,1,1,14,7,0,23,0,23,3,9,1,70,4,1,1,35,25,51,61,0,0,,,,,,,0,0,10,0,4,0,0,0,0,0,4,2,35.77226777777778,139.62466777777777,3,3,,,,
1,30,560,293,2,0,1,95000,0,120,2021,10,23,13,45,12,,,,,1,1,1,0,7,0,23,0,23,0,0,20,70,0,4,1,75,55,51,61,0,0,,,,,,,0,0,40,0,3,0,0,0,0,0,4,2,35.76703305555556,139.64079777777778,7,3,,,,
1,30,560,302,2,0,1,95000,0,120,2021,10,25,7,50,12,,,,,1,1,1,0,7,0,23,0,23,0,0,20,70,0,4,1,45,35,3,61,31,0,,,,,,,10,0,40,0,4,0,2,0,2,0,4,2,35.75308444444445,139.6098111111111,2,3,,,,
1,30,660,132,2,0,1,20070,0,106,2021,7,31,11,51,12,,,,,1,1,1,14,7,0,23,0,23,6,9,1,70,4,2,1,35,0,61,0,0,0,,,,,,,0,0,0,0,0,0,0,0,0,0,2,0,35.705825555555556,139.77224916666668,7,3,,,,
1,30,660,140,2,0,1,20070,0,106,2021,10,17,0,45,22,,,,,2,1,1,1,1,9,22,0,23,19,9,30,70,4,1,1,45,35,3,61,1,0,,,,,,,4,0,30,0,4,0,2,0,2,0,4,2,35.7095775,139.7733463888889,1,3,,,,
1,30,660,143,2,0,1,30000,0,106,2021,10,18,18,45,22,,,,,1,1,1,1,7,1,22,0,23,15,9,30,70,5,3,1,45,65,3,61,31,0,,,,,,,2,0,10,0,4,0,2,0,2,0,4,2,35.70561083333334,139.7733286111111,2,3,,,,
1,30,660,149,2,0,1,20070,0,106,2021,10,29,4,2,22,,,,,1,1,1,1,1,0,23,0,23,18,9,30,70,4,2,1,35,0,61,0,0,0,,,,,,,0,0,0,0,0,0,0,0,0,0,2,0,35.70960027777778,139.77342111111113,6,3,,,,
1,30,661,72,2,0,1,40,40,106,2021,10,4,3,37,22,,,,,1,1,1,1,1,9,22,0,23,18,9,30,70,1,1,1,55,45,13,61,31,0,,,,,,,5,0,10,0,3,0,2,0,2,0,4,2,35.71713777777778,139.78164166666667,2,3,,,,
1,30,661,73,2,0,1,30000,0,106,2021,9,19,20,30,22,,,,,1,1,1,14,7,0,23,0,23,3,9,1,70,5,3,1,35,75,51,61,0,0,,,,,,,0,0,10,0,3,0,0,0,0,0,4,2,35.72206611111111,139.76887194444447,1,2,,,,
1,30,661,77,2,0,1,10300,0,106,2021,10,16,17,10,21,,,,,2,1,1,14,7,0,23,0,23,4,9,1,70,1,2,1,75,35,36,61,31,0,,,,,,,10,0,40,0,4,0,0,0,0,0,4,2,35.72034611111111,139.78204305555556,7,3,,,,
1,30,662,92,2,0,1,20550,0,106,2021,10,27,10,25,12,,,,,2,1,1,7,1,0,23,0,23,2,9,1,70,1,2,1,35,25,13,61,31,0,,,,,,,3,0,12,0,4,0,2,0,2,0,4,2,35.728882500000005,139.79956944444444,4,3,,,,
1,30,663,120,1,1,0,60,22,106,2021,10,16,2,52,22,,,,,2,1,1,1,1,9,22,0,23,18,8,30,70,5,2,1,65,45,3,61,1,0,,,,,,,4,0,10,0,2,0,2,0,2,0,4,1,35.69832916666666,139.78695027777778,7,3,,,,
1,30,663,126,2,0,1,20540,0,106,2021,10,11,18,5,21,,,,,1,1,1,14,7,0,23,0,23,5,9,1,70,4,2,1,25,35,3,61,31,0,,,,,,,3,0,30,0,4,0,2,0,2,0,4,2,35.70373166666667,139.78135555555556,2,3,,,,
1,30,664,81,2,0,1,20570,0,118,2021,10,26,8,40,12,,,,,1,1,2,14,7,0,23,0,23,4,9,1,70,4,1,1,55,25,17,61,1,0,,,,,,,3,0,18,0,3,0,2,0,2,0,4,2,35.75126888888889,139.762025,3,3,,,,
1,30,665,54,2,0,1,30940,0,118,2021,10,9,17,40,21,,,,,2,1,1,1,1,9,22,0,23,15,9,30,70,5,2,1,25,75,3,61,31,0,,,,,,,2,0,10,0,4,0,2,0,2,0,4,2,35.73789194444444,139.8013302777778,7,3,,,,
1,30,666,92,2,0,1,10090,0,118,2021,10,13,7,48,12,,,,,3,1,2,1,1,9,22,0,23,18,9,30,70,1,1,1,65,75,51,61,0,0,,,,,,,0,0,10,0,3,0,0,0,0,0,4,2,35.734766944444445,139.7846788888889,4,3,,,,
1,30,667,105,2,0,1,30000,0,121,2021,10,21,18,45,22,,,,,2,1,1,7,7,0,23,0,23,3,9,1,70,5,2,1,55,45,14,61,1,0,,,,,,,2,0,30,0,4,0,2,0,2,0,4,2,35.74450888888889,139.81021555555557,5,3,,,,
1,30,668,348,2,0,1,30790,0,121,2021,10,2,12,5,12,,,,,1,1,1,1,1,9,22,0,23,14,9,30,70,4,2,1,75,75,3,61,31,0,,,,,,,2,0,10,0,3,0,2,0,2,0,4,2,35.77158194444444,139.78108250000002,7,3,,,,
1,30,668,353,2,0,1,40,98,121,2021,10,6,12,10,12,,,,,1,1,1,14,7,0,23,0,23,2,9,1,70,5,2,1,25,65,51,61,0,0,,,,,,,0,0,10,0,3,0,0,0,0,0,4,2,35.76518222222222,139.8035488888889,4,3,,,,
1,30,668,359,2,0,1,20000,0,121,2021,10,11,11,40,12,,,,,1,1,1,1,1,9,22,0,23,15,9,30,70,5,2,1,45,75,14,61,1,0,,,,,,,3,0,50,0,4,0,2,0,2,0,4,2,35.775842777777775,139.7866913888889,2,3,,,,
1,30,668,384,2,0,1,30000,0,121,2021,10,24,10,45,12,,,,,1,1,1,14,7,0,23,0,23,1,9,1,70,5,4,1,75,55,51,61,0,0,,,,,,,0,0,10,0,3,0,0,0,0,0,2,4,35.755880833333336,139.77000694444445,1,3,,,,
1,30,668,390,2,0,1,30000,0,121,2021,10,28,8,0,12,,,,,1,1,1,14,7,0,23,0,23,1,9,1,70,5,4,1,55,75,3,61,1,0,,,,,,,10,0,40,0,4,0,2,0,2,0,4,2,35.779125,139.77701194444447,5,3,,,,
1,30,668,395,2,0,1,30000,0,121,2021,10,7,1,35,22,,,,,1,1,1,14,7,0,23,0,23,4,9,20,70,4,1,1,55,55,4,61,31,0,,,,,,,2,0,10,0,3,0,2,0,2,0,4,2,35.75546277777778,139.76978583333334,5,3,,,,
1,30,669,452,2,0,1,30000,0,121,2021,10,2,17,35,21,,,,,1,1,1,1,7,1,21,0,23,15,9,30,70,4,3,1,35,25,17,61,31,0,,,,,,,10,0,10,0,3,0,2,0,2,0,4,2,35.785198055555554,139.8237086111111,7,3,,,,
1,30,669,458,2,0,1,30000,0,121,2021,10,6,14,10,12,,,,,1,1,1,14,7,0,23,0,23,3,9,1,70,4,2,1,55,1,51,61,0,0,,,,,,,0,0,10,0,4,0,0,0,0,0,4,2,35.77164555555555,139.81143194444445,4,3,,,,
1,30,669,463,2,0,1,30000,0,121,2021,10,11,14,55,12,,,,,1,1,1,1,7,9,22,0,23,11,9,30,70,5,3,1,65,1,51,61,0,0,,,,,,,0,0,10,0,3,0,0,0,0,0,2,4,35.78243972222222,139.8047875,2,3,,,,
1,30,669,464,2,0,1,30000,0,121,2021,10,11,15,37,12,,,,,1,1,1,1,1,9,22,0,23,18,9,30,70,5,1,1,55,1,3,61,31,0,,,,,,,4,0,10,0,4,0,2,0,2,0,4,2,35.78007111111111,139.81115250000002,2,3,,,,
1,30,669,469,2,0,1,30000,0,121,2021,10,13,7,50,12,,,,,3,1,2,7,7,0,23,0,23,2,9,1,70,5,2,1,1,35,51,61,0,0,,,,,,,0,0,10,0,3,0,0,0,0,0,4,2,35.779695277777776,139.83290333333332,4,3,,,,
1,30,669,486,2,0,1,20630,0,121,2021,10,27,19,46,22,,,,,1,1,1,1,1,9,22,0,23,15,7,30,70,5,1,1,65,25,51,61,0,0,,,,,,,0,0,41,0,3,0,0,0,0,0,2,4,35.770763333333335,139.8104227777778,4,3,,,,
1,30,669,492,2,0,1,30000,0,121,2021,10,28,18,50,22,,,,,1,1,1,14,7,0,23,0,23,2,9,1,70,5,2,1,1,1,51,61,0,0,,,,,,,0,0,10,0,4,0,0,0,0,0,4,2,35.77231944444444,139.82027833333333,5,3,,,,
1,30,669,495,2,0,1,30450,0,121,2021,10,31,18,0,22,,,,,3,1,2,14,7,0,23,0,23,2,9,20,70,4,2,1,45,75,4,61,31,0,,,,,,,3,0,50,0,4,0,2,0,1,0,4,2,35.799995555555554,139.83965305555557,1,3,,,,
1,30,670,299,2,0,1,30000,0,121,2021,10,3,15,5,12,,,,,1,1,1,7,7,0,23,0,23,1,9,1,70,5,2,1,75,55,3,61,31,0,,,,,,,3,0,20,0,3,0,2,0,2,0,4,2,35.79412277777777,139.80846472222223,1,3,,,,
1,30,670,302,2,0,1,30000,0,121,2021,10,7,6,0,11,,,,,2,1,1,7,7,0,23,0,23,3,9,1,70,5,2,1,65,45,17,61,31,0,,,,,,,2,0,50,0,3,0,2,0,2,0,4,2,35.79179388888889,139.79375666666667,5,3,,,,
1,30,670,310,2,0,1,20620,0,121,2021,10,17,10,0,12,,,,,3,1,2,7,1,0,23,0,23,4,9,1,70,4,2,1,55,55,3,61,31,0,,,,,,,2,0,10,0,3,0,2,0,2,0,4,2,35.80027833333333,139.79750305555555,1,3,,,,
1,30,670,314,2,0,1,30000,0,121,2021,5,21,17,0,12,,,,,3,1,2,1,7,9,22,0,23,15,9,30,70,5,2,1,75,75,3,61,31,0,,,,,,,2,0,80,0,4,0,2,0,2,0,4,2,35.806642777777775,139.80940527777778,6,3,,,,
1,30,771,362,2,0,1,99000,0,108,2021,10,4,14,45,12,,,,,1,1,1,0,7,0,23,0,23,0,0,20,70,0,1,1,1,1,51,61,0,0,,,,,,,0,0,10,0,4,0,0,0,0,0,4,2,35.654225,139.79277694444446,2,3,,,,
1,30,771,366,2,0,1,10020,0,108,2021,10,16,0,15,22,,,,,1,1,1,14,2,0,23,0,23,6,9,1,70,1,2,1,45,35,35,61,31,0,,,,,,,5,0,10,0,3,0,0,0,0,0,4,2,35.659106666666666,139.7909388888889,7,3,,,,