資料区分,都道府県コード,警察署等コード,本票番号,事故内容,死者数,負傷者数,路線コード,地点コード,市区町村コード,発生日時　　年,発生日時　　月,発生日時　　日,発生日時　　時,発生日時　　分,昼夜,日の出時刻　　時,日の出時刻　　分,日の入り時刻　　時,日の入り時刻　　分,天候,地形,路面状態,道路形状,信号機,一時停止規制　標識（当事者A）,一時停止規制　表示（当事者A）,一時停止規制　標識（当事者B）,一時停止規制　表示（当事者B）,車道幅員,道路線形,衝突地点,ゾーン規制,中央分離帯施設等,歩車道区分,事故類型,年齢（当事者A）,年齢（当事者B）,当事者種別（当事者A）,当事者種別（当事者B）,用途別（当事者A）,用途別（当事者B）,車両形状等（当事者A）,車両形状等（当事者B）,オートマチック車（当事者A）,オートマチック車（当事者B）,サポカー（当事者A）,サポカー（当事者B）,速度規制（指定のみ）（当事者A）,速度規制（指定のみ）（当事者B）,車両の衝突部位（当事者A）,車両の衝突部位（当事者B）,車両の損壊程度（当事者A）,車両の損壊程度（当事者B）,エアバッグの装備（当事者A）,エアバッグの装備（当事者B）,サイドエアバッグの装備（当事者A）,サイドエアバッグの装備（当事者B）,人身損傷程度（当事者A）,人身損傷程度（当事者B）,lat,lon,曜日(発生年月日),祝日(発生年月日),認知機能検査経過日数（当事者A）,認知機能検査経過日数（当事者B）,運転練習の方法（当事者A）,運転練習の方法（当事者B）
1,30,771,368,2,0,1,30000,0,108,2021,10,2,6,30,11,,,,,1,1,1,14,7,0,23,0,23,2,9,1,1,5,3,1,75,55,3,61,1,0,,,,,,,2,0,50,0,3,0,2,0,2,0,4,2,35.67439361111111,139.80024555555556,7,3,,,,
1,30,771,372,2,0,1,30000,0,108,2021,10,23,12,30,12,,,,,1,1,1,1,1,9,22,0,23,15,9,30,70,4,1,1,65,45,3,61,31,0,,,,,,,5,0,10,0,3,0,2,0,2,0,4,2,35.69243694444444,139.81883444444443,7,3,,,,
1,30,771,383,2,0,1,30000,0,108,2021,10,5,8,20,12,,,,,1,1,1,14,7,0,23,0,23,6,9,1,70,5,1,1,1,45,14,61,1,0,,,,,,,3,0,10,0,4,0,2,0,2,0,4,2,35.655565555555555,139.79459,3,3,,,,
1,30,772,196,1,1,0,20650,0,108,2021,10,30,19,40,22,,,,,1,1,1,1,1,9,22,0,23,18,9,30,70,5,2,1,55,55,14,61,1,0,,,,,,,2,0,10,0,3,0,2,0,2,0,4,1,35.68004027777778,139.83498833333334,7,3,,,,
1,30,772,197,2,0,1,30000,0,108,2021,10,2,19,0,22,,,,,3,1,1,14,7,0,23,0,23,4,9,20,70,4,2,1,55,1,3,61,31,0,,,,,,,2,0,10,0,3,0,2,0,2,0,4,2,35.67473416666667,139.83649305555556,7,3,,,,
1,30,772,208,2,0,1,30000,0,108,2021,10,15,16,20,13,,,,,2,1,1,14,7,0,23,0,23,3,9,1,70,4,2,1,65,65,51,61,0,0,,,,,,,0,0,40,0,3,0,0,0,0,0,4,2,35.68378944444444,139.82783138888888,6,3,,,,
1,30,772,212,2,0,1,30000,0,108,2021,10,17,13,55,12,,,,,3,1,2,14,7,0,23,0,23,3,9,1,70,5,3,1,25,45,3,61,1,0,,,,,,,5,0,20,0,4,0,2,0,2,0,4,2,35.69867277777777,139.83072305555555,1,3,,,,
1,30,772,219,2,0,1,10090,0,108,2021,10,21,14,23,12,,,,,1,1,1,1,1,9,22,0,23,14,9,30,70,4,2,1,65,75,51,61,0,0,,,,,,,0,0,10,0,4,0,0,0,0,0,4,2,35.69972055555555,139.8255,5,3,,,,
1,30,772,222,2,0,1,20650,0,108,2021,10,24,19,9,22,,,,,1,1,1,1,1,9,22,0,23,18,9,30,70,1,2,1,55,1,17,61,31,0,,,,,,,2,0,10,0,3,0,2,0,2,0,4,2,35.69460583333333,139.84350527777778,1,3,,,,
1,30,773,228,2,0,1,140,33,107,2021,10,15,19,10,22,,,,,1,1,1,7,1,0,23,0,23,2,9,1,70,4,2,1,55,55,13,61,31,0,,,,,,,2,0,80,0,4,0,2,0,2,0,4,2,35.69472638888889,139.80153,6,3,,,,
1,30,773,238,2,0,1,10370,0,107,2021,10,24,14,50,12,,,,,1,1,1,1,1,6,22,0,23,18,9,30,70,4,2,1,35,75,13,61,31,0,,,,,,,4,0,10,0,4,0,2,0,2,0,4,2,35.69167861111111,139.80574000000001,1,3,,,,
1,30,773,246,2,0,1,10290,0,107,2021,10,31,11,55,12,,,,,3,1,1,1,1,9,22,0,23,18,9,30,70,1,2,1,25,25,3,61,31,0,,,,,,,4,0,10,0,2,0,2,0,2,0,4,2,35.70068861111111,139.80480972222225,1,3,,,,
1,30,774,100,2,0,1,30000,0,107,2021,10,4,17,15,13,,,,,1,1,1,1,7,9,22,0,23,11,9,30,70,4,2,1,35,1,51,61,0,0,,,,,,,0,0,14,0,3,0,0,0,0,0,4,2,35.708980555555556,139.8246911111111,2,3,,,,
1,30,774,101,2,0,1,30490,0,107,2021,10,13,20,13,22,,,,,3,1,2,14,7,0,23,0,23,4,9,1,70,4,1,1,65,1,51,61,0,0,,,,,,,0,0,40,0,3,0,0,0,0,0,4,2,35.71631888888889,139.8157377777778,4,3,,,,
1,30,774,112,2,0,1,30000,0,107,2021,10,28,8,25,12,,,,,1,1,1,14,7,0,23,0,23,3,9,1,70,4,3,1,45,1,51,61,0,0,,,,,,,0,0,10,0,3,0,0,0,0,0,4,2,35.72967333333334,139.8238825,5,3,,,,
1,30,775,284,2,0,1,30000,0,122,2021,10,6,14,5,12,,,,,1,1,1,14,7,0,23,0,23,2,9,1,70,5,3,1,65,25,3,61,31,0,,,,,,,5,0,20,0,3,0,2,0,2,0,4,2,35.75532777777778,139.87616027777779,4,3,,,,
1,30,775,294,2,0,1,10700,0,122,2021,7,3,15,44,12,,,,,2,1,1,7,1,0,23,0,23,3,9,1,70,4,2,1,35,35,3,61,31,0,,,,,,,3,0,10,0,3,0,2,0,2,0,4,2,35.791535277777776,139.8605497222222,7,3,,,,
1,30,775,301,2,0,1,30000,0,122,2021,10,18,7,50,12,,,,,1,1,1,14,7,0,23,0,23,2,9,1,70,5,4,1,55,25,3,61,31,0,,,,,,,10,0,20,0,3,0,2,0,1,0,4,2,35.766196111111114,139.85074583333332,2,3,,,,
1,30,775,302,2,0,1,30000,0,122,2021,10,27,11,25,12,,,,,3,1,2,14,7,0,23,0,23,3,9,1,70,5,3,1,1,75,3,61,31,0,,,,,,,2,0,10,0,3,0,2,0,2,0,4,2,35.7633375,139.86533916666667,4,3,,,,
1,30,776,160,2,0,1,30000,0,122,2021,10,10,15,15,12,,,,,1,1,1,14,7,0,23,0,23,2,9,1,70,4,2,1,25,25,3,61,31,0,,,,,,,10,0,10,0,1,0,2,0,2,0,4,2,35.71851388888889,139.85451666666665,1,3,,,,
1,30,776,161,2,0,1,30000,0,122,2021,10,11,14,0,12,,,,,1,1,1,1,1,9,22,0,23,19,9,30,70,5,1,1,55,75,3,61,31,0,,,,,,,3,0,10,0,2,0,2,0,2,0,4,2,35.746874166666665,139.82672583333334,2,3,,,,
1,30,776,163,2,0,1,30000,0,122,2021,9,27,10,5,12,,,,,2,1,1,1,7,9,22,0,23,14,9,30,70,5,3,1,75,75,4,61,31,0,,,,,,,1,0,10,0,4,0,2,0,2,0,4,2,35.72197944444444,139.8532872222222,2,3,,,,
1,30,777,551,2,0,2,30000,0,123,2021,10,9,5,53,11,,,,,2,1,1,1,7,9,22,0,23,11,9,30,70,5,2,1,25,1,35,61,31,0,,,,,,,2,0,10,0,2,0,0,0,0,0,2,2,35.690885277777774,139.90979333333334,7,3,,,,
1,30,777,557,2,0,1,30000,0,123,2021,10,11,18,45,22,,,,,1,1,1,14,7,0,23,0,23,1,9,1,70,5,2,1,25,25,51,61,0,0,,,,,,,0,0,10,0,3,0,0,0,0,0,4,2,35.68302222222222,139.8816763888889,2,3,,,,
1,30,777,565,2,0,1,141,114,123,2021,10,15,15,1,12,,,,,1,1,1,1,1,9,22,0,23,18,9,30,70,5,2,1,65,1,3,61,1,0,,,,,,,3,0,50,0,3,0,2,0,2,0,4,2,35.70818027777778,139.86751694444445,6,3,,,,
1,30,777,573,2,0,1,20700,0,123,2021,10,20,10,45,12,,,,,1,1,1,0,7,0,23,0,23,0,0,20,70,0,4,1,65,0,61,0,0,0,,,,,,,0,0,0,0,0,0,0,0,0,0,2,0,35.70250333333334,139.91360555555556,4,3,,,,
1,30,777,574,2,0,2,95000,0,123,2021,10,20,18,5,22,,,,,1,1,1,0,7,0,23,0,23,0,0,20,70,0,4,1,1,1,51,61,0,0,,,,,,,0,0,10,0,3,0,0,0,0,0,2,2,35.697514444444444,139.85446249999998,4,3,,,,
1,30,777,577,2,0,1,141,114,123,2021,9,11,11,30,12,,,,,1,1,1,1,1,9,22,0,23,15,9,30,70,4,2,1,55,75,3,61,31,0,,,,,,,3,0,40,0,3,0,2,0,2,0,4,2,35.71301972222223,139.8714238888889,7,3,,,,
1,30,777,585,2,0,1,95000,0,123,2021,10,18,11,20,12,,,,,1,1,1,14,7,0,23,0,23,2,9,1,70,5,3,1,1,45,51,61,0,0,,,,,,,0,0,10,0,3,0,0,0,0,0,4,2,35.69062472222222,139.9045888888889,2,3,,,,
1,30,777,586,2,0,1,141,14,123,2021,10,23,12,40,12,,,,,1,1,1,1,1,9,22,0,23,15,9,30,70,4,1,1,65,75,3,61,31,0,,,,,,,5,0,40,0,3,0,2,0,2,0,4,2,35.70650972222222,139.86770666666666,7,3,,,,
1,30,777,592,2,0,1,30000,0,123,2021,10,26,7,52,12,,,,,3,1,2,14,7,0,23,0,23,1,9,1,70,4,3,1,25,35,13,61,31,0,,,,,,,2,0,40,0,3,0,2,0,2,0,4,2,35.706915,139.86558472222222,3,3,,,,
1,30,777,609,2,0,1,30000,0,123,2021,10,30,10,10,12,,,,,1,1,1,1,7,9,22,0,23,14,9,30,1,4,2,1,35,25,3,61,31,0,,,,,,,2,0,10,0,3,0,2,0,2,0,4,2,35.692274722222216,139.89936666666665,7,3,,,,
1,30,777,618,2,0,1,30000,0,123,2021,9,16,7,50,12,,,,,1,1,1,14,7,0,23,0,23,1,8,1,70,4,2,1,45,1,51,61,0,0,,,,,,,0,0,20,0,4,0,0,0,0,0,4,2,35.71505194444445,139.83404666666667,5,3,,,,
1,30,778,155,1,1,0,30000,0,123,2021,10,12,10,54,12,,,,,2,1,1,7,1,0,23,0,23,3,9,1,70,4,2,1,55,75,11,61,31,0,,,,,,,5,0,10,0,3,0,2,0,2,0,4,1,35.735125555555555,139.88037694444446,3,3,,,,
1,30,778,163,2,0,1,30000,0,123,2021,10,14,11,22,12,,,,,1,1,1,1,1,9,22,0,23,14,9,30,70,5,2,1,65,75,51,61,0,0,,,,,,,0,0,10,0,3,0,0,0,0,0,4,2,35.733203333333336,139.88352444444445,5,3,,,,
1,30,778,166,2,0,1,10290,0,123,2021,10,16,19,25,22,,,,,3,1,2,1,1,9,22,0,23,18,9,30,70,1,1,1,55,35,3,61,31,0,,,,,,,5,0,10,0,3,0,2,0,2,0,4,2,35.73654861111111,139.89272083333333,7,3,,,,
1,30,778,168,2,0,1,30000,0,123,2021,10,25,19,7,22,,,,,2,1,1,14,7,0,23,0,23,2,9,1,70,5,4,1,25,45,51,61,0,0,,,,,,,0,0,10,0,4,0,0,0,0,0,4,2,35.71064638888889,139.88383777777776,2,3,,,,
1,30,778,172,2,0,1,30000,0,123,2021,10,29,18,30,22,,,,,1,1,1,7,1,0,23,0,23,3,9,1,70,5,2,1,35,45,3,61,31,0,,,,,,,2,0,10,0,3,0,2,0,2,0,4,2,35.74095638888889,139.88908583333333,6,3,,,,
1,30,778,175,2,0,1,141,0,123,2021,10,22,17,55,21,,,,,3,1,2,14,7,0,23,0,23,1,9,1,70,4,2,1,55,55,51,61,0,0,,,,,,,0,0,10,0,3,0,0,0,0,0,4,2,35.721690833333334,139.88000805555555,6,3,,,,
1,30,779,264,2,0,1,30000,0,123,2021,10,15,15,59,12,,,,,1,1,1,1,7,9,22,0,23,14,9,30,1,4,2,1,25,1,3,61,31,0,,,,,,,3,0,80,0,4,0,2,0,2,0,4,2,35.66145111111111,139.8791675,6,3,,,,
1,30,779,266,2,0,1,30000,0,123,2021,10,19,9,0,12,,,,,3,1,2,7,7,0,23,0,23,2,9,1,1,5,3,1,75,35,51,61,0,0,,,,,,,0,0,10,0,3,0,0,0,0,0,4,2,35.66780694444444,139.86869944444445,3,3,,,,
1,30,779,270,2,0,1,10720,0,123,2021,10,26,0,10,22,,,,,3,1,2,1,1,9,22,0,23,19,9,30,70,1,2,1,25,25,3,61,31,0,,,,,,,4,0,10,0,3,0,2,0,2,0,4,2,35.658900555555554,139.8813863888889,3,3,,,,
1,30,876,357,2,0,1,30000,0,201,2021,10,6,21,40,22,,,,,2,1,1,1,7,9,22,0,23,14,9,30,70,5,3,1,35,55,3,61,31,0,,,,,,,2,0,10,0,3,0,2,0,2,0,4,2,35.636287777777774,139.34948500000002,4,3,,,,
1,30,876,361,2,0,1,30000,0,201,2021,10,12,17,43,21,,,,,2,1,2,1,7,9,22,0,23,11,7,30,70,4,2,1,25,1,4,61,31,0,,,,,,,3,0,10,0,3,0,2,0,2,0,4,2,35.612540833333334,139.35178,3,3,,,,
1,30,876,362,2,0,1,161,906,201,2021,10,13,19,9,22,,,,,3,3,2,1,1,9,22,0,23,18,9,30,70,1,2,1,35,55,14,61,31,0,,,,,,,10,0,10,0,3,0,2,0,2,0,4,2,35.64833333333333,139.35223083333332,4,3,,,,
1,30,876,363,2,0,1,30000,0,201,2021,10,14,7,50,12,,,,,1,1,1,7,1,0,23,0,23,4,9,1,70,1,2,1,1,1,51,61,0,0,,,,,,,0,0,10,0,3,0,0,0,0,0,4,2,35.625530833333336,139.32767166666667,5,3,,,,
1,30,876,364,2,0,1,30000,0,201,2021,10,14,15,40,12,,,,,1,1,1,1,7,1,21,0,23,11,6,30,70,5,2,1,45,1,3,61,31,0,,,,,,,2,0,10,0,3,0,2,0,2,0,4,2,35.63270055555556,139.3246411111111,5,3,,,,
1,30,876,366,2,0,1,30000,0,209,2021,9,30,8,35,12,,,,,1,1,1,14,7,0,23,0,23,3,9,1,70,5,3,1,45,45,3,61,31,0,,,,,,,2,0,40,0,3,0,2,0,2,0,4,2,35.592151388888894,139.38325972222222,5,3,,,,
1,30,876,367,2,0,1,30000,0,201,2021,10,18,16,20,13,,,,,1,1,1,1,7,1,22,0,23,14,9,30,70,5,1,1,25,25,3,61,31,0,,,,,,,2,0,10,0,3,0,2,0,2,0,4,2,35.62623777777778,139.38164555555556,2,3,,,,
1,30,876,371,2,0,1,10480,0,201,2021,10,26,10,26,12,,,,,1,3,1,14,7,0,23,0,23,4,9,1,70,1,2,1,1,75,51,61,0,0,,,,,,,0,0,10,0,3,0,0,0,0,0,4,2,35.62801861111111,139.39702388888887,3,3,,,,
1,30,876,375,2,0,1,30000,0,201,2021,10,22,21,55,22,,,,,3,1,2,1,1,9,22,0,23,15,9,30,70,5,2,1,35,35,4,61,31,0,,,,,,,3,0,10,0,4,0,2,0,2,0,4,2,35.60467777777778,139.3855986111111,6,3,,,,
1,30,877,244,2,0,1,30000,0,201,2021,10,4,6,58,12,,,,,1,1,1,1,1,9,22,0,23,15,9,30,70,5,2,1,55,75,3,61,31,0,,,,,,,3,0,10,0,3,0,2,0,2,0,4,2,35.6435825,139.3066113888889,2,3,,,,
1,30,877,245,2,0,1,30000,0,201,2021,10,2,15,45,12,,,,,1,2,1,1,1,9,22,0,23,15,7,30,70,4,2,1,45,55,4,61,31,0,,,,,,,3,0,10,0,4,0,2,0,2,0,4,2,35.64179361111111,139.28846416666667,7,3,,,,
1,30,877,251,2,0,1,30000,0,201,2021,10,5,9,29,12,,,,,1,1,1,14,7,0,23,0,23,3,9,1,70,5,3,1,1,55,3,61,31,0,,,,,,,2,0,40,0,3,0,2,0,2,0,4,2,35.66430305555556,139.30449805555557,3,3,,,,
1,30,877,256,2,0,1,30000,0,201,2021,10,15,11,55,12,,,,,1,3,1,1,7,9,22,0,23,15,9,30,70,4,2,1,75,55,4,61,31,0,,,,,,,3,0,50,0,3,0,2,0,2,0,4,2,35.643435,139.29982166666667,6,3,,,,
1,30,877,260,2,0,2,30000,0,201,2021,10,20,17,20,21,,,,,1,1,1,14,7,0,23,0,23,4,8,1,70,4,2,1,65,65,36,61,31,0,,,,,,,10,0,10,0,3,0,0,0,0,0,2,2,35.65309472222222,139.29002916666667,4,3,,,,
1,30,877,263,2,0,1,200,486,201,2021,10,21,10,32,12,,,,,1,2,1,14,7,0,23,0,23,4,9,1,70,5,2,1,55,25,3,61,31,0,,,,,,,10,0,30,0,3,0,2,0,2,0,4,2,35.651229444444446,139.29967166666665,5,3,,,,
1,30,877,271,2,0,1,99000,0,201,2021,10,31,12,12,12,,,,,3,1,2,0,7,0,23,0,23,0,0,20,70,0,2,1,65,55,3,61,31,0,,,,,,,10,0,80,0,4,0,2,0,2,0,4,2,35.65502194444444,139.30430444444445,1,3,,,,
1,30,877,273,2,0,1,95000,0,201,2021,10,19,13,10,12,,,,,1,2,1,0,7,0,23,0,23,0,0,20,70,0,4,1,35,25,3,61,31,0,,,,,,,10,0,30,0,3,0,2,0,2,0,4,2,35.647929166666664,139.30155861111112,3,3,,,,
1,30,877,275,2,0,1,30000,0,201,2021,10,14,17,10,21,,,,,1,3,1,14,7,0,23,0,23,2,9,1,70,5,3,1,25,1,14,61,1,0,,,,,,,1,0,40,0,4,0,2,0,2,0,4,2,35.6760625,139.28466555555556,5,3,,,,
1,30,878,364,2,0,1,30000,0,224,2021,10,2,19,35,22,,,,,3,1,2,1,7,9,22,0,23,11,6,30,70,4,2,1,55,35,3,61,31,0,,,,,,,2,0,10,0,3,0,2,0,2,0,4,2,35.65163083333333,139.4477102777778,7,3,,,,
1,30,878,374,2,0,1,20000,0,224,2021,10,15,13,53,12,,,,,1,1,1,14,1,0,23,0,23,5,9,1,70,1,2,1,65,55,3,61,31,0,,,,,,,4,0,10,0,3,0,2,0,2,0,4,2,35.62524333333334,139.42318166666666,6,3,,,,
1,30,878,378,2,0,1,30000,0,224,2021,10,12,15,40,12,,,,,3,2,2,14,7,0,23,0,23,3,9,1,70,5,3,1,45,1,51,61,0,0,,,,,,,0,0,10,0,4,0,0,0,0,0,4,2,35.64361805555556,139.4566372222222,3,3,,,,
1,30,878,382,2,0,1,20000,0,225,2021,10,26,6,10,11,,,,,3,2,2,1,1,9,22,0,23,17,9,30,70,1,2,1,35,25,17,61,31,0,,,,,,,3,0,10,0,3,0,2,0,2,0,4,2,35.64063083333333,139.52027750000002,3,3,,,,
1,30,878,389,2,0,1,30000,0,224,2021,10,29,10,45,12,,,,,1,1,1,1,7,1,22,0,23,11,9,30,70,5,2,1,35,75,3,61,31,0,,,,,,,10,0,10,0,3,0,2,0,2,0,4,2,35.639381388888886,139.4541013888889,6,3,,,,
1,30,879,432,2,0,1,99000,0,223,2021,10,7,18,0,21,,,,,1,1,1,0,7,0,23,0,23,0,0,20,70,0,4,1,35,35,4,61,31,0,,,,,,,10,0,30,0,3,0,2,0,2,0,4,2,35.7579725,139.38162,5,3,,,,
1,30,879,442,2,0,1,30000,0,223,2021,10,13,19,15,22,,,,,3,2,2,7,1,0,23,0,23,1,9,1,70,4,2,1,35,55,4,61,31,0,,,,,,,2,0,20,0,3,0,2,0,2,0,4,2,35.74045388888889,139.37626833333334,4,3,,,,
1,30,879,459,2,0,1,95000,0,220,2021,10,21,8,55,12,,,,,1,1,1,0,7,0,23,0,23,0,0,20,70,0,4,1,45,75,3,61,31,0,,,,,,,10,0,30,0,3,0,2,0,2,0,4,2,35.75205583333333,139.41353055555555,5,3,,,,
1,30,879,475,2,0,1,30000,0,223,2021,10,29,14,15,12,,,,,1,2,1,7,7,0,23,0,23,2,9,1,70,5,2,1,65,1,3,61,31,0,,,,,,,2,0,10,0,3,0,2,0,2,0,4,2,35.737212222222226,139.4059425,6,3,,,,
1,30,879,479,2,0,1,30000,0,223,2021,10,30,19,15,22,,,,,1,1,1,1,1,9,22,0,23,14,9,30,70,5,2,1,55,75,3,61,31,0,,,,,,,3,0,10,0,3,0,2,0,2,0,4,2,35.75214694444445,139.37748305555556,7,3,,,,
1,30,880,198,2,0,1,99000,0,205,2021,10,3,12,5,12,,,,,1,1,1,0,7,0,23,0,23,0,0,20,70,0,4,1,45,55,3,61,31,0,,,,,,,10,0,30,0,3,0,2,0,2,0,4,2,35.785055,139.29895444444443,1,3,,,,
1,30,880,206,2,0,1,10240,0,205,2021,10,13,8,32,12,,,,,3,1,2,7,7,0,23,0,23,5,9,1,70,4,2,1,35,75,3,61,31,0,,,,,,,4,0,10,0,3,0,2,0,2,0,4,2,35.78879861111111,139.2806911111111,4,3,,,,
1,30,880,207,2,0,1,95000,0,205,2021,10,14,9,42,12,,,,,2,1,1,0,7,0,23,0,23,0,0,20,70,0,4,1,65,65,3,61,31,0,,,,,,,10,0,20,0,4,0,2,0,2,0,4,2,35.78266583333333,139.28139694444445,5,3,,,,
1,30,882,297,1,1,0,20000,0,227,2021,10,2,18,49,22,,,,,3,1,2,14,7,0,23,0,23,4,9,1,70,4,1,1,1,75,35,61,31,0,,,,,,,3,0,10,0,3,0,0,0,0,0,4,1,35.764901944444446,139.33199805555554,7,3,,,,
1,30,882,298,2,0,1,10530,0,227,2021,10,2,9,50,12,,,,,1,1,1,14,7,0,23,0,23,3,9,1,70,4,2,1,55,1,3,61,31,0,,,,,,,2,0,10,0,3,0,2,0,2,0,4,2,35.77039111111111,139.29811805555556,7,3,,,,
1,30,882,300,2,0,1,30000,0,228,2021,10,6,13,35,12,,,,,2,1,1,7,7,0,23,0,23,1,9,1,70,5,3,1,45,75,13,61,31,0,,,,,,,3,0,10,0,4,0,2,0,2,0,4,2,35.7204825,139.3236186111111,4,3,,,,
1,30,882,303,2,0,1,10550,0,218,2021,10,11,9,15,12,,,,,1,1,1,1,7,1,21,0,23,15,9,30,70,4,2,1,65,55,3,61,31,0,,,,,,,3,0,10,0,3,0,2,0,2,0,4,2,35.72836083333333,139.33470111111112,2,3,,,,
1,30,882,305,2,0,1,95000,0,228,2021,10,12,17,30,21,,,,,3,1,2,1,1,9,22,0,23,15,9,30,70,4,2,1,55,35,14,61,31,0,,,,,,,3,0,10,0,3,0,2,0,2,0,4,2,35.73839638888889,139.3036888888889,3,3,,,,
1,30,882,306,2,0,1,30000,0,228,2021,10,12,18,0,21,,,,,3,1,2,14,7,0,23,0,23,4,9,1,70,4,2,1,65,75,3,61,31,0,,,,,,,3,0,40,0,3,0,2,0,2,0,4,2,35.72358333333334,139.30537916666668,3,3,,,,
1,30,882,307,2,0,1,95000,0,227,2021,10,12,21,30,22,,,,,3,1,2,1,1,9,22,0,23,18,9,30,70,4,2,1,25,25,3,61,31,0,,,,,,,3,0,10,0,3,0,2,0,2,0,4,2,35.776220555555554,139.30489916666667,3,3,,,,
1,30,882,309,2,0,1,30000,0,227,2021,10,3,10,0,12,,,,,1,1,1,14,7,0,23,0,23,3,9,1,70,5,3,1,1,25,3,61,31,0,,,,,,,2,0,40,0,3,0,2,0,2,0,4,2,35.771632499999996,139.30622611111113,1,3,,,,
1,30,882,314,2,0,1,10740,0,228,2021,8,26,4,48,23,,,,,1,1,1,1,1,9,22,0,23,15,9,30,70,4,2,1,45,55,3,61,31,0,,,,,,,4,0,10,0,4,0,2,0,2,0,4,2,35.72046,139.31705722222222,5,3,,,,
1,30,882,326,2,0,1,10250,0,227,2021,10,18,20,10,22,,,,,1,1,1,1,7,1,21,0,23,14,9,30,70,4,2,1,45,35,4,61,31,0,,,,,,,2,0,10,0,3,0,2,0,2,0,4,2,35.75682888888889,139.3142816666667,2,3,,,,
1,30,882,334,2,0,1,30000,0,218,2021,10,29,8,45,12,,,,,1,1,1,14,7,0,23,0,23,2,9,1,70,4,3,1,45,1,3,61,31,0,,,,,,,2,0,40,0,4,0,2,0,2,0,4,2,35.733065833333335,139.33369805555557,6,3,,,,
1,30,883,399,1,1,1,10460,0,201,2021,10,22,21,28,22,,,,,3,2,2,14,7,0,23,0,23,3,9,1,70,4,1,1,65,75,3,61,31,0,,,,,,,3,0,10,0,3,0,2,0,2,0,4,1,35.686612499999995,139.29559361111112,6,3,,,,
1,30,883,402,2,0,1,30000,0,201,2021,10,1,18,4,21,,,,,3,1,2,1,1,9,22,0,23,15,8,30,70,4,2,1,25,45,36,61,31,0,,,,,,,2,0,10,0,3,0,0,0,0,0,4,2,35.68568944444444,139.3705613888889,6,3,,,,
1,30,883,408,2,0,1,30000,0,201,2021,10,4,17,0,13,,,,,1,1,1,14,7,0,23,0,23,3,9,1,70,5,3,1,55,1,4,61,31,0,,,,,,,10,0,10,0,3,0,2,0,2,0,4,2,35.66363666666666,139.31936777777779,2,3,,,,
1,30,883,413,2,0,1,30000,0,201,2021,10,9,0,15,22,,,,,1,2,1,14,7,0,23,0,23,3,9,1,70,4,3,1,65,45,3,61,1,0,,,,,,,3,0,30,0,3,0,2,0,2,0,4,2,35.65779333333333,139.33630666666667,7,3,,,,
1,30,883,429,2,0,1,30000,0,201,2021,10,12,18,50,22,,,,,3,1,2,7,1,0,23,0,23,1,9,20,70,4,2,1,45,35,3,61,31,0,,,,,,,5,0,50,0,3,0,2,0,2,0,4,2,35.66061916666666,139.33948583333336,3,3,,,,
1,30,883,443,2,0,1,30000,0,201,2021,10,10,20,5,22,,,,,1,1,1,14,7,0,23,0,23,3,8,1,70,4,2,1,35,1,5,61,31,0,,,,,,,10,0,10,0,3,0,2,0,2,0,4,2,35.65009611111111,139.3294872222222,1,3,,,,
1,30,883,450,2,0,1,30000,0,201,2021,10,26,17,20,21,,,,,1,1,1,1,1,9,22,0,23,15,9,30,70,4,2,1,65,65,3,61,1,0,,,,,,,3,0,10,0,4,0,2,0,2,0,4,2,35.68539027777778,139.35829277777776,3,3,,,,
1,30,883,453,2,0,1,30000,0,201,2021,10,31,15,10,12,,,,,3,1,2,1,7,9,22,0,23,15,9,30,70,5,3,1,25,55,4,61,31,0,,,,,,,2,0,10,0,3,0,2,0,2,0,4,2,35.64963361111111,139.32456222222223,1,3,,,,
1,30,883,459,2,0,1,30000,0,201,2021,10,12,13,55,12,,,,,3,1,2,1,7,9,22,0,23,14,9,30,70,4,1,1,45,45,13,61,31,0,,,,,,,2,0,40,0,3,0,2,0,2,0,4,2,35.66404305555555,139.34006583333334,3,3,,,,
1,30,884,460,2,0,1,95000,0,209,2021,10,2,10,45,12,,,,,1,1,1,0,7,0,23,0,23,0,0,20,70,0,4,1,55,75,3,61,31,0,,,,,,,10,0,30,0,3,0,2,0,2,0,4,2,35.570841388888894,139.4285375,7,3,,,,
1,30,884,463,2,0,1,30570,0,209,2021,10,5,6,15,11,,,,,1,2,1,1,1,8,22,0,23,14,9,30,70,4,1,1,55,35,3,61,31,0,,,,,,,3,0,11,0,2,0,2,0,2,0,4,2,35.56794361111111,139.43045944444444,3,3,,,,
1,30,884,465,2,0,1,30000,0,209,2021,10,5,9,5,12,,,,,1,1,1,1,7,9,22,0,23,15,9,30,70,4,2,1,75,65,4,61,31,0,,,,,,,3,0,50,0,3,0,2,0,2,0,4,2,35.560470277777775,139.4614897222222,3,3,,,,
1,30,884,475,2,0,1,30560,0,209,2021,10,8,19,5,22,,,,,1,1,1,14,7,0,23,0,23,4,9,1,70,4,2,1,25,65,51,61,0,0,,,,,,,0,0,20,0,4,0,0,0,0,0,4,2,35.56065722222222,139.4228447222222,6,3,,,,
1,30,884,476,2,0,1,30000,0,209,2021,10,13,16,50,13,,,,,2,1,2,1,7,1,21,0,23,15,9,30,70,5,3,1,75,35,3,61,31,0,,,,,,,3,0,10,0,3,0,2,0,2,0,4,2,35.56086333333333,139.43133916666665,4,3,,,,