資料区分,都道府県コード,警察署等コード,本票番号,事故内容,死者数,負傷者数,路線コード,地点コード,市区町村コード,発生日時　　年,発生日時　　月,発生日時　　日,発生日時　　時,発生日時　　分,昼夜,日の出時刻　　時,日の出時刻　　分,日の入り時刻　　時,日の入り時刻　　分,天候,地形,路面状態,道路形状,信号機,一時停止規制　標識（当事者A）,一時停止規制　表示（当事者A）,一時停止規制　標識（当事者B）,一時停止規制　表示（当事者B）,車道幅員,道路線形,衝突地点,ゾーン規制,中央分離帯施設等,歩車道区分,事故類型,年齢（当事者A）,年齢（当事者B）,当事者種別（当事者A）,当事者種別（当事者B）,用途別（当事者A）,用途別（当事者B）,車両形状等（当事者A）,車両形状等（当事者B）,オートマチック車（当事者A）,オートマチック車（当事者B）,サポカー（当事者A）,サポカー（当事者B）,速度規制（指定のみ）（当事者A）,速度規制（指定のみ）（当事者B）,車両の衝突部位（当事者A）,車両の衝突部位（当事者B）,車両の損壊程度（当事者A）,車両の損壊程度（当事者B）,エアバッグの装備（当事者A）,エアバッグの装備（当事者B）,サイドエアバッグの装備（当事者A）,サイドエアバッグの装備（当事者B）,人身損傷程度（当事者A）,人身損傷程度（当事者B）,lat,lon,曜日(発生年月日),祝日(発生年月日),認知機能検査経過日数（当事者A）,認知機能検査経過日数（当事者B）,運転練習の方法（当事者A）,運転練習の方法（当事者B）
1,30,884,482,2,0,1,99000,0,209,2021,10,15,16,45,13,,,,,1,1,1,0,7,0,23,0,23,0,0,20,70,0,4,1,65,75,14,61,31,0,,,,,,,10,0,30,0,3,0,2,0,2,0,4,2,35.55786527777777,139.45437805555554,6,3,,,,
1,30,884,499,2,0,1,30000,0,209,2021,10,21,17,15,21,,,,,1,1,1,14,7,0,23,0,23,1,9,1,70,5,2,1,1,65,51,61,0,0,,,,,,,0,0,10,0,4,0,0,0,0,0,4,2,35.585505833333336,139.46901694444443,5,3,,,,
1,30,884,501,2,0,1,10610,0,209,2021,10,23,10,1,12,,,,,1,1,1,1,1,9,22,0,23,15,9,30,70,4,2,1,75,65,3,61,31,0,,,,,,,3,0,10,0,3,0,2,0,2,0,4,2,35.57329388888889,139.46657444444443,7,3,,,,
1,30,884,504,2,0,1,30000,0,209,2021,10,21,10,43,12,,,,,1,1,1,1,1,0,23,0,23,15,9,30,70,4,2,1,1,0,61,0,0,0,,,,,,,0,0,0,0,0,0,0,0,0,0,2,0,35.56491138888889,139.46347305555554,5,3,,,,
1,30,884,508,2,0,1,30000,0,209,2021,10,26,17,45,21,,,,,1,1,1,7,7,0,23,0,23,2,8,1,70,4,2,1,65,65,3,61,31,0,,,,,,,3,0,50,0,3,0,2,0,2,0,4,2,35.57148055555556,139.4530836111111,3,3,,,,
1,30,884,511,2,0,1,10570,0,209,2021,10,13,10,5,12,,,,,3,1,2,14,7,0,23,0,23,4,9,1,70,4,2,1,45,75,4,61,31,0,,,,,,,3,0,10,0,3,0,2,0,2,0,4,2,35.572854444444445,139.44357444444444,4,3,,,,
1,30,884,513,2,0,1,30000,0,209,2021,10,28,9,55,12,,,,,1,1,1,14,7,0,23,0,23,2,9,1,70,5,3,1,65,75,3,61,1,0,,,,,,,3,0,70,0,4,0,2,0,2,0,4,2,35.54413638888889,139.44709277777778,5,3,,,,
1,30,885,291,2,0,1,10510,0,212,2021,10,4,8,15,12,,,,,1,1,1,1,1,9,22,0,23,15,9,30,70,4,4,1,55,25,3,61,31,0,,,,,,,4,0,10,0,3,0,2,0,2,0,4,2,35.66321111111111,139.4066327777778,2,3,,,,
1,30,885,302,2,0,1,10510,0,212,2021,10,16,13,5,12,,,,,1,2,1,14,7,0,23,0,23,3,9,1,70,4,2,1,55,75,2,61,1,0,,,,,,,3,0,0,0,4,0,2,0,2,0,4,2,35.659060555555556,139.41719833333332,7,3,,,,
1,30,885,310,2,0,1,30000,0,212,2021,10,16,17,25,21,,,,,2,2,1,1,7,1,22,0,23,14,9,30,70,4,2,1,65,55,3,61,31,0,,,,,,,2,0,40,0,4,0,2,0,2,0,4,2,35.674615555555555,139.38693027777776,7,3,,,,
1,30,885,311,2,0,1,20890,0,212,2021,10,24,17,51,21,,,,,1,2,1,1,1,9,22,0,23,17,9,30,70,4,1,1,45,25,3,61,31,0,,,,,,,4,0,10,0,4,0,2,0,2,0,4,2,35.67950805555555,139.39439416666667,1,3,,,,
1,30,885,314,2,0,1,30000,0,212,2021,10,26,11,15,12,,,,,1,2,1,1,2,7,22,0,23,15,9,30,70,1,2,1,25,75,4,61,31,0,,,,,,,3,0,10,0,3,0,2,0,2,0,4,2,35.65626361111111,139.42504277777778,3,3,,,,
1,30,886,291,2,0,1,30000,0,207,2021,10,7,18,35,22,,,,,2,2,1,14,7,0,23,0,23,3,9,1,70,4,2,1,65,45,3,61,31,0,,,,,,,3,0,10,0,4,0,2,0,2,0,4,2,35.71698777777778,139.34760194444445,5,3,,,,
1,30,886,298,2,0,1,95000,0,207,2021,9,11,17,10,13,,,,,2,1,1,14,7,0,23,0,23,1,9,1,70,4,2,1,1,75,51,61,0,0,,,,,,,0,0,10,0,3,0,0,0,0,0,4,2,35.71439305555556,139.36292666666665,7,3,,,,
1,30,886,307,2,0,1,30000,0,207,2021,10,19,7,56,12,,,,,3,1,2,7,7,0,23,0,23,2,9,1,70,5,4,1,1,0,61,0,0,0,,,,,,,0,0,0,0,0,0,0,0,0,0,2,0,35.699839999999995,139.35751638888888,3,3,,,,
1,30,886,314,2,0,1,30000,0,207,2021,10,12,14,30,12,,,,,3,1,2,14,7,0,23,0,23,3,9,1,70,4,2,1,1,35,51,61,0,0,,,,,,,0,0,20,0,4,0,0,0,0,0,4,2,35.71127583333334,139.35746444444445,3,3,,,,
1,30,886,315,2,0,1,95000,0,207,2021,10,23,7,5,12,,,,,1,1,1,1,1,9,22,0,23,15,9,30,70,4,1,1,55,65,4,61,31,0,,,,,,,3,0,50,0,3,0,2,0,2,0,4,2,35.72425944444445,139.37360583333333,7,3,,,,
1,30,886,322,2,0,1,95000,0,207,2021,10,25,8,0,12,,,,,2,3,1,14,7,0,23,0,23,3,9,20,70,4,2,1,1,1,51,61,0,0,,,,,,,0,0,40,0,3,0,0,0,0,0,4,2,35.71091138888889,139.38358027777778,2,3,,,,
1,30,886,331,2,0,1,30000,0,207,2021,10,29,13,25,12,,,,,1,1,1,1,1,9,22,0,23,14,9,30,70,5,3,1,55,75,3,61,1,0,,,,,,,2,0,10,0,4,0,2,0,2,0,4,2,35.70466277777778,139.38101972222222,6,3,,,,
1,30,887,405,2,0,1,30000,0,202,2021,9,16,23,15,22,,,,,2,1,1,14,7,0,23,0,23,3,9,1,70,4,2,1,25,1,3,61,31,0,,,,,,,2,0,10,0,3,0,2,0,2,0,4,2,35.698588055555554,139.4145513888889,5,3,,,,
1,30,887,406,2,0,1,10520,0,202,2021,9,26,12,8,12,,,,,2,1,1,14,7,0,23,0,23,2,9,1,70,4,2,1,35,1,3,61,31,0,,,,,,,3,0,10,0,3,0,2,0,2,0,4,2,35.7252675,139.43317638888888,1,3,,,,
1,30,887,424,2,0,1,95000,0,202,2021,10,11,12,0,12,,,,,1,2,1,0,7,0,23,0,23,0,0,20,70,0,4,1,35,55,14,61,31,0,,,,,,,10,0,70,0,3,0,2,0,2,0,4,2,35.69846888888888,139.4149213888889,2,3,,,,
1,30,887,426,2,0,1,10260,0,202,2021,10,11,14,50,12,,,,,1,2,1,1,1,9,22,0,23,14,9,30,70,4,1,1,75,75,3,61,31,0,,,,,,,3,0,50,0,3,0,2,0,2,0,4,2,35.72532777777778,139.3954611111111,2,3,,,,
1,30,887,447,2,0,1,10540,0,202,2021,8,5,14,50,12,,,,,1,1,1,14,7,0,23,0,23,3,9,1,70,1,2,1,55,55,52,61,0,0,,,,,,,0,0,20,0,3,0,0,0,0,0,4,2,35.710724722222224,139.42190444444444,5,3,,,,
1,30,887,463,2,0,1,30000,0,202,2021,10,29,10,5,12,,,,,1,2,1,14,7,0,23,0,23,4,9,1,70,4,2,1,65,65,52,61,0,0,,,,,,,0,0,20,0,3,0,0,0,0,0,4,2,35.69690666666666,139.40865222222223,6,3,,,,
1,30,888,215,2,0,1,200,1,206,2021,10,8,10,50,12,,,,,1,1,1,1,1,9,22,0,23,14,9,30,70,4,2,1,45,45,14,61,31,0,,,,,,,4,0,20,0,3,0,2,0,2,0,4,2,35.67052361111111,139.49446944444443,6,3,,,,
1,30,888,221,2,0,1,10680,0,206,2021,10,13,19,50,22,,,,,3,1,2,7,1,0,23,0,23,4,9,1,70,1,2,1,35,25,3,61,31,0,,,,,,,2,0,50,0,3,0,2,0,2,0,4,2,35.672131944444445,139.45913527777776,4,3,,,,
1,30,888,223,2,0,1,30000,0,206,2021,10,15,11,35,12,,,,,1,1,1,14,7,0,23,0,23,2,9,1,70,5,4,1,65,55,14,61,31,0,,,,,,,10,0,80,0,4,0,2,0,2,0,4,2,35.66576583333333,139.50925138888888,6,3,,,,
1,30,888,227,2,0,1,20890,0,206,2021,10,17,18,17,22,,,,,1,1,1,1,1,9,22,0,23,15,9,30,70,4,2,1,25,25,51,61,0,0,,,,,,,0,0,10,0,3,0,0,0,0,0,4,2,35.6711575,139.46553583333332,1,3,,,,
1,30,888,230,2,0,1,30000,0,206,2021,10,19,18,0,21,,,,,2,1,1,14,7,0,23,0,23,3,9,1,70,4,2,1,45,45,35,61,31,0,,,,,,,3,0,10,0,3,0,0,0,0,0,4,2,35.67347861111111,139.50567777777778,3,3,,,,
1,30,888,231,2,0,1,95000,0,206,2021,10,20,6,15,11,,,,,1,1,1,14,7,0,23,0,23,3,9,1,70,4,2,1,35,75,36,61,31,0,,,,,,,2,0,10,0,3,0,0,0,0,0,4,2,35.653101944444444,139.47074083333334,4,3,,,,
1,30,888,238,2,0,1,30000,0,206,2021,10,23,11,15,12,,,,,1,1,1,1,7,9,22,0,23,14,9,30,70,4,2,1,55,55,3,61,31,0,,,,,,,3,0,80,0,3,0,2,0,2,0,4,2,35.679624999999994,139.46304277777776,7,3,,,,
1,30,889,201,2,0,1,20000,0,214,2021,10,6,17,22,21,,,,,2,1,1,14,1,0,23,0,23,4,9,1,70,4,3,1,75,1,3,61,31,0,,,,,,,3,0,10,0,3,0,2,0,2,0,4,2,35.69447583333333,139.45744638888888,4,3,,,,
1,30,889,202,2,0,1,30000,0,214,2021,10,8,9,5,12,,,,,1,1,1,14,7,0,23,0,23,2,9,1,70,5,1,1,25,1,17,61,31,0,,,,,,,10,0,40,0,3,0,2,0,2,0,4,2,35.697653055555556,139.45983277777776,6,3,,,,
1,30,889,204,2,0,1,30000,0,210,2021,10,11,7,55,12,,,,,1,1,1,14,7,0,23,0,23,3,9,1,70,4,3,1,55,1,3,61,31,0,,,,,,,3,0,40,0,3,0,2,0,2,0,4,2,35.693752222222216,139.50600222222224,2,3,,,,
1,30,889,207,2,0,1,30000,0,210,2021,7,20,18,30,13,,,,,1,1,1,7,7,0,23,0,23,3,9,1,70,5,2,1,75,35,3,61,31,0,,,,,,,2,0,40,0,3,0,2,0,2,0,4,2,35.70044472222222,139.52870333333334,3,3,,,,
1,30,889,208,2,0,1,30000,0,210,2021,10,16,13,3,12,,,,,1,1,1,14,7,0,23,0,23,2,9,1,70,5,3,1,55,35,3,61,31,0,,,,,,,2,0,40,0,3,0,2,0,2,0,4,2,35.7037725,139.50780472222223,7,3,,,,
1,30,889,216,2,0,1,20000,0,214,2021,10,14,12,25,12,,,,,1,1,1,1,1,9,22,0,23,14,9,30,70,4,2,1,45,45,3,61,31,0,,,,,,,3,0,50,0,3,0,2,0,2,0,4,2,35.704281111111115,139.457755,5,3,,,,
1,30,889,217,2,0,1,10260,0,214,2021,10,26,15,40,12,,,,,1,1,1,1,1,9,22,0,23,11,9,30,70,4,2,1,65,35,13,61,31,0,,,,,,,3,0,10,0,3,0,2,0,2,0,4,2,35.71698277777778,139.44997111111113,3,3,,,,
1,30,889,219,2,0,1,30000,0,214,2021,10,25,11,35,12,,,,,2,1,1,14,7,0,23,0,23,2,9,1,70,5,3,1,65,45,3,61,31,0,,,,,,,2,0,40,0,4,0,2,0,2,0,4,2,35.713054444444445,139.45838666666666,2,3,,,,
1,30,889,221,2,0,1,90000,0,210,2021,10,31,18,20,22,,,,,3,1,1,14,7,0,23,0,23,1,9,1,70,5,4,1,1,35,36,61,31,0,,,,,,,10,0,10,0,4,0,0,0,0,0,4,2,35.69511,139.4967922222222,1,3,,,,
1,30,890,335,2,0,1,95000,0,229,2021,10,9,14,12,12,,,,,2,1,1,14,7,0,23,0,23,2,9,20,70,5,4,1,65,75,4,61,31,0,,,,,,,2,0,30,0,3,0,2,0,2,0,4,2,35.759703611111114,139.558155,7,3,,,,
1,30,890,338,2,0,1,30000,0,222,2021,10,11,18,0,21,,,,,1,1,1,7,7,0,23,0,23,2,9,1,70,5,4,1,1,75,51,61,0,0,,,,,,,0,0,10,0,4,0,0,0,0,0,4,2,35.758160277777776,139.50879777777777,2,3,,,,
1,30,890,344,2,0,1,30000,0,229,2021,10,3,16,15,12,,,,,1,1,1,7,7,0,23,0,23,2,9,1,70,5,2,1,1,65,51,61,0,0,,,,,,,0,0,10,0,3,0,0,0,0,0,4,2,35.73513694444445,139.5452161111111,1,3,,,,
1,30,890,346,2,0,1,95000,0,222,2021,10,11,11,0,12,,,,,1,1,1,0,7,0,23,0,23,0,0,20,70,0,4,1,25,45,3,61,31,0,,,,,,,10,0,30,0,3,0,2,0,2,0,4,2,35.75893444444444,139.52539305555558,2,3,,,,
1,30,890,350,2,0,1,30000,0,229,2021,10,27,20,0,22,,,,,1,1,1,7,7,0,23,0,23,3,9,1,70,5,3,1,1,55,51,61,0,0,,,,,,,0,0,10,0,3,0,0,0,0,0,4,2,35.75664638888889,139.55728361111113,4,3,,,,
1,30,891,221,2,0,1,30000,0,213,2021,8,30,9,30,12,,,,,1,1,1,14,7,0,23,0,23,2,9,1,70,5,4,1,45,75,51,61,0,0,,,,,,,0,0,10,0,3,0,0,0,0,0,4,2,35.749071111111114,139.45867694444442,2,3,,,,
1,30,891,227,2,0,1,10500,0,213,2021,8,13,21,7,22,,,,,3,1,2,1,1,9,22,0,23,15,9,30,70,4,2,1,55,45,4,61,31,0,,,,,,,3,0,10,0,3,0,2,0,2,0,4,2,35.75794611111111,139.46701083333335,6,3,,,,
1,30,891,230,2,0,1,95000,0,213,2021,10,15,16,55,13,,,,,1,1,1,14,7,0,23,0,23,3,9,1,70,5,2,1,1,0,61,0,0,0,,,,,,,0,0,0,0,0,0,0,0,0,0,2,0,35.7687175,139.4627358333333,6,3,,,,
1,30,891,232,2,0,1,30000,0,213,2021,10,5,10,7,12,,,,,1,3,1,7,7,0,23,0,23,2,9,20,70,5,4,1,75,25,4,61,31,0,,,,,,,2,0,70,0,4,0,2,0,2,0,4,2,35.75221944444444,139.4478425,3,3,,,,
1,30,891,233,2,0,1,30000,0,213,2021,9,6,9,33,12,,,,,1,1,1,1,7,9,22,0,23,15,9,30,70,5,1,1,45,35,3,61,31,0,,,,,,,2,0,10,0,3,0,2,0,2,0,4,2,35.76071555555556,139.46630666666667,2,3,,,,
1,30,891,240,2,0,1,10500,0,213,2021,10,19,7,50,12,,,,,3,1,2,1,1,9,22,0,23,18,9,30,70,1,2,1,55,45,3,61,31,0,,,,,,,3,0,10,0,3,0,2,0,2,0,4,2,35.7487425,139.4667836111111,3,3,,,,
1,30,891,241,2,0,1,30000,0,213,2021,10,20,16,14,13,,,,,1,1,1,14,7,0,23,0,23,2,7,1,70,5,3,1,25,75,14,61,1,0,,,,,,,5,0,17,0,3,0,2,0,2,0,4,2,35.75487694444445,139.47463166666668,4,3,,,,
1,30,891,247,2,0,1,30000,0,213,2021,6,11,15,30,12,,,,,1,1,1,14,7,0,23,0,23,1,9,1,70,1,3,1,45,0,61,0,0,0,,,,,,,0,0,0,0,0,0,0,0,0,0,2,0,35.773561388888886,139.49507444444444,6,3,,,,
1,30,892,243,2,0,2,10600,0,203,2021,8,26,19,14,21,,,,,1,1,1,14,7,0,23,0,23,4,9,1,70,4,2,1,65,55,36,61,31,0,,,,,,,2,0,10,0,3,0,0,0,0,0,2,2,35.71314055555556,139.54392583333333,5,3,,,,
1,30,892,244,2,0,1,20230,0,203,2021,9,8,14,57,12,,,,,2,1,1,1,1,9,22,0,23,15,9,30,70,4,2,1,35,75,3,61,31,0,,,,,,,3,0,50,0,3,0,2,0,2,0,4,2,35.71350888888889,139.58254222222223,4,3,,,,
1,30,892,245,2,0,1,20230,0,203,2021,10,2,17,50,21,,,,,1,1,1,1,1,9,22,0,23,15,9,30,70,4,2,1,35,25,51,61,0,0,,,,,,,0,0,0,0,4,0,0,0,0,0,4,2,35.707454722222224,139.5795961111111,7,3,,,,
1,30,892,251,2,0,1,20270,0,203,2021,9,16,7,38,12,,,,,1,1,1,1,1,9,22,0,23,15,9,30,70,4,2,1,35,35,3,61,31,0,,,,,,,3,0,10,0,3,0,2,0,2,0,4,2,35.71262194444445,139.56432777777778,5,3,,,,
1,30,892,266,2,0,1,30000,0,203,2021,10,20,17,40,21,,,,,1,1,1,1,1,9,22,0,23,15,9,30,70,5,2,1,1,65,51,61,0,0,,,,,,,0,0,10,0,3,0,0,0,0,0,4,2,35.701279444444445,139.5870686111111,4,3,,,,
1,30,892,273,2,0,1,30000,0,203,2021,10,28,14,45,12,,,,,1,1,1,1,1,9,22,0,23,15,9,30,70,4,2,1,55,1,3,61,31,0,,,,,,,3,0,10,0,3,0,2,0,2,0,4,2,35.70572888888889,139.5680888888889,5,3,,,,
1,30,893,242,2,0,1,30000,0,204,2021,10,6,11,50,12,,,,,1,1,1,14,7,0,23,0,23,2,9,1,1,5,3,1,65,1,3,61,31,0,,,,,,,2,0,10,0,3,0,2,0,2,0,4,2,35.68427166666666,139.57888444444444,4,3,,,,
1,30,893,251,2,0,1,10270,0,204,2021,10,19,22,10,22,,,,,3,1,2,1,1,9,22,0,23,17,9,30,70,4,3,1,35,45,3,61,31,0,,,,,,,3,0,20,0,3,0,2,0,1,0,4,2,35.68753944444444,139.5795125,3,3,,,,
1,30,893,257,2,0,1,10750,0,204,2021,10,15,15,30,12,,,,,1,1,1,14,7,0,23,0,23,3,8,1,70,1,1,1,65,1,51,61,0,0,,,,,,,0,0,10,0,3,0,0,0,0,0,4,2,35.68166333333333,139.5302227777778,6,3,,,,
1,30,893,260,2,0,1,30000,0,204,2021,10,21,14,50,12,,,,,2,1,1,1,2,1,22,0,23,11,9,30,70,4,2,1,45,1,3,61,1,0,,,,,,,2,0,10,0,3,0,2,0,2,0,4,2,35.67322222222222,139.5711538888889,5,3,,,,
1,30,893,261,2,0,1,30000,0,204,2021,10,31,17,12,21,,,,,3,1,2,1,7,1,22,0,23,11,9,30,70,5,3,1,65,35,3,61,1,0,,,,,,,1,0,20,0,3,0,2,0,2,0,4,2,35.69415138888888,139.57964972222223,1,3,,,,
1,30,893,264,2,0,1,20230,0,204,2021,10,20,16,0,13,,,,,1,1,1,14,1,0,23,0,23,3,9,1,70,4,2,1,35,0,61,0,0,0,,,,,,,0,0,0,0,0,0,0,0,0,0,2,0,35.683452499999994,139.56831,4,3,,,,
1,30,894,393,2,0,1,30000,0,208,2021,10,9,8,56,12,,,,,1,1,1,14,7,0,23,0,23,5,9,1,70,4,2,1,45,45,51,61,0,0,,,,,,,0,0,10,0,3,0,0,0,0,0,4,2,35.664722222222224,139.58308,7,3,,,,
1,30,894,407,2,0,1,30000,0,208,2021,10,29,17,25,21,,,,,1,1,1,1,7,9,22,0,23,11,9,30,70,5,2,1,45,65,3,61,31,0,,,,,,,2,0,10,0,3,0,2,0,2,0,4,2,35.66125888888889,139.56326555555557,6,3,,,,
1,30,895,189,2,0,1,30000,0,211,2021,10,12,18,55,22,,,,,3,1,2,14,7,0,23,0,23,1,9,1,70,5,3,1,55,55,51,61,0,0,,,,,,,0,0,10,0,3,0,0,0,0,0,4,2,35.71754555555556,139.47687694444446,3,3,,,,
1,30,899,13,2,0,1,95000,0,401,2021,10,22,11,5,12,,,,,3,3,5,0,7,0,23,0,23,0,0,20,70,0,4,1,75,65,4,61,31,0,,,,,,,10,0,30,0,3,0,2,0,2,0,4,2,33.1214025,139.8020413888889,6,3,,,,
1,30,899,14,2,0,1,30000,0,401,2021,10,25,16,45,13,,,,,3,3,2,14,7,0,23,0,23,3,9,1,70,5,4,1,65,1,14,61,31,0,,,,,,,10,0,40,0,4,0,2,0,2,0,4,2,33.12258972222222,139.80234416666667,2,3,,,,
1,30,899,15,2,0,1,30000,0,401,2021,10,29,9,18,12,,,,,1,2,1,14,7,0,23,0,23,4,9,1,70,4,2,1,35,75,4,61,31,0,,,,,,,3,0,10,0,4,0,2,0,2,0,4,2,33.10431833333333,139.78991055555556,6,3,,,,
1,30,69,415,2,0,1,50120,0,113,2021,10,28,5,26,23,,,,,1,1,1,14,7,0,23,0,23,1,7,1,70,1,4,1,45,25,11,61,1,0,,,,,,,5,0,0,0,4,0,2,0,2,0,4,2,35.65816111111111,139.7055413888889,5,3,,,,
1,30,100,135,2,0,1,30000,0,101,2021,11,5,19,29,22,,,,,1,1,1,14,1,0,23,0,23,2,9,1,70,4,1,1,35,55,3,61,1,0,,,,,,,3,0,40,0,4,0,2,0,2,0,4,2,35.68632611111111,139.73137916666667,6,3,,,,
1,30,100,136,2,0,1,30000,0,101,2021,11,8,12,45,12,,,,,1,1,1,14,7,0,23,0,23,2,9,1,70,5,2,1,65,25,3,61,1,0,,,,,,,1,0,40,0,4,0,2,0,2,0,4,2,35.698987499999994,139.74873805555555,2,3,,,,
1,30,101,108,2,0,1,30000,0,101,2021,11,27,11,25,12,,,,,1,1,1,1,7,9,22,0,23,15,9,30,70,5,2,1,35,35,17,61,1,0,,,,,,,10,0,40,0,3,0,2,0,2,0,4,2,35.67438194444444,139.76446555555555,7,3,,,,
1,30,102,99,2,0,1,30000,0,101,2021,11,6,16,18,13,,,,,1,1,1,1,1,9,22,0,23,18,9,30,70,5,1,1,55,45,11,61,1,0,,,,,,,3,0,40,0,4,0,2,0,2,0,4,2,35.69774833333333,139.75254805555556,7,3,,,,
1,30,102,100,2,0,1,30000,0,101,2021,11,12,15,5,12,,,,,1,1,1,1,7,9,22,0,23,15,9,30,70,5,1,1,75,1,3,61,31,0,,,,,,,2,0,10,0,4,0,2,0,2,0,4,2,35.698541111111105,139.75466805555556,6,3,,,,
1,30,102,104,2,0,1,20090,0,101,2021,11,20,12,9,12,,,,,1,1,1,14,7,0,23,0,23,5,9,1,70,5,1,1,45,45,52,61,0,0,,,,,,,0,0,10,0,4,0,0,0,0,0,4,2,35.69288972222222,139.76756277777778,7,3,,,,
1,30,102,106,2,0,1,10100,0,101,2021,11,22,17,40,22,,,,,3,1,2,1,1,9,22,0,23,19,9,30,70,5,1,1,45,25,14,61,31,0,,,,,,,4,0,10,0,4,0,2,0,2,0,4,2,35.69173833333333,139.7589211111111,2,2,,,,
1,30,102,111,2,0,1,10050,0,101,2021,11,25,20,7,22,,,,,1,1,1,1,1,9,22,0,23,14,9,30,70,5,1,1,35,55,3,61,31,0,,,,,,,10,0,10,0,3,0,2,0,2,0,4,2,35.69539222222222,139.76150361111112,5,3,,,,
1,30,103,105,2,0,1,30000,0,101,2021,11,10,14,32,12,,,,,1,1,1,1,1,9,22,0,23,15,9,30,70,4,2,1,75,65,3,61,31,0,,,,,,,3,0,50,0,3,0,2,0,2,0,4,2,35.70029777777778,139.7789488888889,4,3,,,,
1,30,103,111,2,0,1,30000,0,101,2021,11,19,18,27,22,,,,,1,1,1,1,7,1,21,0,23,11,9,30,70,5,2,1,75,35,3,61,31,0,,,,,,,2,0,10,0,3,0,2,0,2,0,4,2,35.70444416666667,139.77318472222223,6,3,,,,
1,30,104,193,2,0,1,20100,0,102,2021,11,2,15,15,12,,,,,1,1,1,1,1,8,22,0,23,11,9,30,70,5,2,1,1,75,59,61,0,0,,,,,,,0,0,10,0,4,0,0,0,0,0,4,2,35.677726944444444,139.77514472222222,3,2,,,,
1,30,104,194,2,0,1,20100,0,102,2021,11,4,23,25,22,,,,,1,1,1,1,1,9,22,0,23,19,9,30,70,4,2,1,75,35,3,61,1,0,,,,,,,4,0,10,0,3,0,2,0,2,0,4,2,35.67928194444444,139.77140500000002,5,3,,,,
1,30,104,207,2,0,1,10030,0,102,2021,11,17,9,36,12,,,,,1,1,1,1,1,9,22,0,23,19,9,30,70,1,2,1,45,45,3,61,1,0,,,,,,,5,0,10,0,3,0,2,0,2,0,4,2,35.675221666666665,139.7716127777778,4,3,,,,
1,30,104,208,2,0,1,10030,0,102,2021,11,17,20,56,22,,,,,1,1,1,1,1,9,22,0,23,19,9,30,70,4,2,1,45,55,3,61,1,0,,,,,,,4,0,10,0,3,0,2,0,2,0,4,2,35.678197499999996,139.77368750000002,4,3,,,,
1,30,104,210,2,0,1,99000,0,102,2021,11,25,9,44,12,,,,,1,1,1,0,7,0,23,0,23,0,0,20,70,0,2,1,45,25,51,61,0,0,,,,,,,0,0,0,0,3,0,0,0,0,0,4,2,35.68377444444444,139.77453111111112,5,3,,,,
1,30,105,74,2,0,1,30000,0,102,2021,11,27,11,55,12,,,,,1,1,1,1,7,9,22,0,23,11,9,30,70,4,1,1,75,1,3,61,31,0,,,,,,,10,0,10,0,3,0,2,0,2,0,4,2,35.68307111111111,139.78691694444444,7,3,,,,
1,30,106,170,2,0,1,150,18,102,2021,10,17,22,0,22,,,,,1,1,1,7,7,0,23,0,23,4,9,1,70,4,2,1,25,25,51,61,0,0,,,,,,,0,0,10,0,3,0,0,0,0,0,4,2,35.67005694444444,139.763725,1,3,,,,
1,30,106,177,2,0,1,30000,0,102,2021,11,6,10,33,12,,,,,1,1,1,1,7,9,22,0,23,14,9,30,70,5,2,1,55,25,14,61,1,0,,,,,,,5,0,80,0,4,0,2,0,2,0,4,2,35.67124583333333,139.76689722222224,7,3,,,,
1,30,106,183,2,0,1,30000,0,102,2021,11,20,18,0,22,,,,,1,1,1,1,7,9,22,0,23,15,9,30,70,5,2,1,55,35,3,61,1,0,,,,,,,10,0,40,0,3,0,2,0,2,0,4,2,35.67371833333333,139.765755,7,3,,,,
1,30,106,185,2,0,1,10020,0,102,2021,11,25,10,45,12,,,,,1,1,1,14,7,0,23,0,23,1,9,1,70,5,2,1,45,65,51,61,0,0,,,,,,,0,0,10,0,3,0,0,0,0,0,4,2,35.663449444444446,139.7739663888889,5,3,,,,
1,30,107,89,2,0,1,30000,0,102,2021,10,5,18,5,21,,,,,1,1,1,14,7,0,23,0,23,3,9,1,70,5,2,1,1,35,51,61,0,0,,,,,,,0,0,20,0,4,0,0,0,0,0,4,2,35.66249916666666,139.78077555555558,3,3,,,,
1,30,107,97,2,0,1,30000,0,102,2021,11,17,12,5,12,,,,,1,1,1,14,7,0,23,0,23,3,9,1,70,5,2,1,65,25,13,61,31,0,,,,,,,2,0,40,0,3,0,2,0,2,0,4,2,35.660019999999996,139.78193083333335,4,3,,,,
1,30,107,98,2,0,1,10020,0,102,2021,11,24,15,46,13,,,,,1,1,1,14,7,0,23,0,23,2,9,1,70,5,2,1,35,1,51,61,0,0,,,,,,,0,0,10,0,4,0,0,0,0,0,4,2,35.660508888888884,139.77677944444446,4,3,,,,
1,30,107,100,2,0,1,20000,0,102,2021,11,15,18,10,22,,,,,1,1,1,14,7,0,23,0,23,5,9,1,70,1,2,1,55,75,3,61,31,0,,,,,,,3,0,20,0,4,0,2,0,2,0,4,2,35.6692275,139.78505027777777,2,3,,,,