資料区分,都道府県コード,警察署等コード,本票番号,事故内容,死者数,負傷者数,路線コード,地点コード,市区町村コード,発生日時　　年,発生日時　　月,発生日時　　日,発生日時　　時,発生日時　　分,昼夜,日の出時刻　　時,日の出時刻　　分,日の入り時刻　　時,日の入り時刻　　分,天候,地形,路面状態,道路形状,信号機,一時停止規制　標識（当事者A）,一時停止規制　表示（当事者A）,一時停止規制　標識（当事者B）,一時停止規制　表示（当事者B）,車道幅員,道路線形,衝突地点,ゾーン規制,中央分離帯施設等,歩車道区分,事故類型,年齢（当事者A）,年齢（当事者B）,当事者種別（当事者A）,当事者種別（当事者B）,用途別（当事者A）,用途別（当事者B）,車両形状等（当事者A）,車両形状等（当事者B）,オートマチック車（当事者A）,オートマチック車（当事者B）,サポカー（当事者A）,サポカー（当事者B）,速度規制（指定のみ）（当事者A）,速度規制（指定のみ）（当事者B）,車両の衝突部位（当事者A）,車両の衝突部位（当事者B）,車両の損壊程度（当事者A）,車両の損壊程度（当事者B）,エアバッグの装備（当事者A）,エアバッグの装備（当事者B）,サイドエアバッグの装備（当事者A）,サイドエアバッグの装備（当事者B）,人身損傷程度（当事者A）,人身損傷程度（当事者B）,lat,lon,曜日(発生年月日),祝日(発生年月日),認知機能検査経過日数（当事者A）,認知機能検査経過日数（当事者B）,運転練習の方法（当事者A）,運転練習の方法（当事者B）
1,30,107,101,2,0,1,21180,0,102,2021,11,18,16,50,21,,,,,1,1,1,14,7,0,23,0,23,6,9,1,70,1,2,1,1,1,51,61,0,0,,,,,,,0,0,10,0,4,0,0,0,0,0,4,2,35.65624972222222,139.77371166666669,5,3,,,,
1,30,107,102,2,0,1,20680,0,102,2021,11,24,6,58,11,,,,,1,1,1,1,1,9,22,0,23,18,7,30,70,1,2,1,25,35,17,61,1,0,,,,,,,4,0,10,0,4,0,2,0,2,0,4,2,35.66640888888889,139.78737,4,3,,,,
1,30,108,160,2,0,1,30000,0,103,2021,9,15,8,15,12,,,,,1,1,1,14,7,0,23,0,23,2,9,1,70,5,2,1,55,45,14,61,1,0,,,,,,,10,0,40,0,4,0,2,0,2,0,4,2,35.661542499999996,139.7507772222222,4,3,,,,
1,30,108,163,2,0,1,30000,0,103,2021,11,21,7,40,12,,,,,1,1,1,7,7,0,23,0,23,1,9,1,70,4,2,1,35,25,4,61,31,0,,,,,,,3,0,80,0,3,0,2,0,2,0,4,2,35.66798111111111,139.75853444444445,1,3,,,,
1,30,108,164,2,0,1,20030,0,103,2021,11,22,22,52,22,,,,,3,1,2,1,1,9,22,0,23,17,9,30,70,1,2,1,55,65,3,61,1,0,,,,,,,5,0,40,0,3,0,2,0,2,0,4,2,35.667114166666664,139.75423472222224,2,2,,,,
1,30,108,166,2,0,1,30000,0,103,2021,11,25,10,30,12,,,,,1,1,1,14,7,0,23,0,23,2,9,1,1,5,4,1,65,35,17,61,31,0,,,,,,,2,0,30,0,4,0,2,0,2,0,4,2,35.65444,139.7549613888889,5,3,,,,
1,30,108,173,2,0,1,30000,0,103,2021,11,16,10,18,12,,,,,2,1,1,14,7,0,23,0,23,2,9,1,70,5,3,1,75,25,3,61,31,0,,,,,,,2,0,40,0,4,0,2,0,2,0,4,2,35.660896666666666,139.75505166666667,3,3,,,,
1,30,109,123,2,0,1,150,47,103,2021,5,30,18,32,13,,,,,2,1,1,1,1,9,22,0,23,14,9,30,70,1,2,1,55,45,51,61,0,0,,,,,,,0,0,10,0,4,0,0,0,0,0,4,2,35.64810444444444,139.7504311111111,1,3,,,,
1,30,110,96,2,0,1,30100,0,103,2021,11,2,7,45,12,,,,,1,1,1,14,7,0,23,0,23,3,9,1,70,4,2,1,1,1,3,61,1,0,,,,,,,3,0,10,0,3,0,2,0,2,0,4,2,35.63769861111111,139.73371749999998,3,2,,,,
1,30,110,97,2,0,1,150,65,103,2021,11,2,8,0,12,,,,,1,1,1,14,7,0,23,0,23,5,9,20,70,1,1,1,35,25,51,61,0,0,,,,,,,0,0,21,0,4,0,0,0,0,0,4,2,35.63574805555555,139.73851777777776,3,2,,,,
1,30,110,99,2,0,2,10,79,103,2021,11,11,9,35,12,,,,,1,1,1,14,7,0,23,0,23,6,9,1,70,1,2,1,35,55,51,61,0,0,,,,,,,0,0,10,0,3,0,0,0,0,0,2,2,35.642003333333335,139.73340777777776,5,3,,,,
1,30,110,102,2,0,1,30000,0,103,2021,11,23,12,20,12,,,,,1,1,1,1,7,1,22,0,23,11,9,30,1,5,2,1,75,55,3,61,1,0,,,,,,,2,0,10,0,4,0,2,0,2,0,4,2,35.64679527777778,139.73332444444443,3,1,,,,
1,30,110,103,2,0,1,30000,0,103,2021,11,24,17,50,22,,,,,1,1,1,14,7,0,23,0,23,3,9,1,70,5,1,1,65,25,3,61,1,0,,,,,,,3,0,10,0,3,0,2,0,2,0,4,2,35.62990083333333,139.74693888888888,4,3,,,,
1,30,110,108,2,0,1,10140,0,103,2021,11,26,21,50,22,,,,,1,1,1,1,1,9,22,0,23,19,9,30,70,1,1,1,65,25,3,61,1,0,,,,,,,4,0,10,0,3,0,2,0,2,0,4,2,35.62929027777778,139.7448611111111,6,3,,,,
1,30,111,220,2,0,1,30000,0,103,2021,11,9,0,10,22,,,,,3,1,2,7,7,0,23,0,23,2,9,1,70,5,3,1,35,25,3,61,31,0,,,,,,,10,0,20,0,4,0,2,0,2,0,4,2,35.66419916666666,139.7309438888889,3,3,,,,
1,30,111,224,2,0,1,10,58,103,2021,10,28,22,43,22,,,,,1,1,1,1,1,9,22,0,23,19,9,30,70,1,2,1,55,35,3,61,31,0,,,,,,,4,0,20,0,3,0,2,0,2,0,4,2,35.65473222222222,139.7452483333333,5,3,,,,
1,30,111,225,2,0,1,30000,0,103,2021,11,13,20,50,22,,,,,1,1,1,1,7,1,21,0,23,14,9,30,70,5,3,1,65,75,3,61,31,0,,,,,,,5,0,80,0,3,0,2,0,2,0,4,2,35.656997777777775,139.72314527777777,7,3,,,,
1,30,111,230,2,0,1,30000,0,103,2021,11,22,17,45,22,,,,,3,1,2,1,1,9,22,0,23,14,9,30,70,1,1,1,45,55,3,61,31,0,,,,,,,10,0,10,0,3,0,2,0,2,0,4,2,35.65615611111111,139.73890777777777,2,2,,,,
1,30,111,231,2,0,1,95000,0,103,2021,11,25,11,20,12,,,,,1,1,1,0,7,0,23,0,23,0,0,20,70,0,4,1,65,35,14,61,1,0,,,,,,,10,0,30,0,4,0,2,0,2,0,4,2,35.65799222222222,139.74238,5,3,,,,
1,30,111,232,2,0,1,30000,0,103,2021,11,26,20,40,22,,,,,1,1,1,1,1,9,22,0,23,14,9,30,1,5,1,1,35,65,3,61,31,0,,,,,,,3,0,10,0,3,0,2,0,2,0,4,2,35.6525625,139.7349236111111,6,3,,,,
1,30,111,234,2,0,1,30000,0,103,2021,11,23,12,37,12,,,,,1,1,1,14,7,0,23,0,23,2,7,1,70,5,4,1,55,25,3,61,1,0,,,,,,,5,0,40,0,3,0,2,0,2,0,4,2,35.66272416666666,139.72822638888888,3,1,,,,
1,30,111,235,2,0,1,30000,0,103,2021,11,7,16,10,13,,,,,1,1,1,14,7,0,23,0,23,3,9,1,70,5,2,1,25,75,51,61,0,0,,,,,,,0,0,10,0,3,0,0,0,0,0,4,2,35.65429916666667,139.73477888888888,1,3,,,,
1,30,112,127,2,0,1,30000,0,103,2021,11,1,23,22,22,,,,,1,1,1,14,7,0,23,0,23,3,9,1,70,4,2,1,55,45,3,61,1,0,,,,,,,3,0,50,0,3,0,2,0,2,0,4,2,35.67312833333333,139.7164325,2,3,,,,
1,30,112,128,2,0,1,30000,0,103,2021,11,2,14,15,12,,,,,1,1,1,14,7,0,23,0,23,3,9,1,70,4,2,1,25,0,61,0,0,0,,,,,,,0,0,0,0,0,0,0,0,0,0,2,0,35.672871944444445,139.73847444444442,3,2,,,,
1,30,112,131,2,0,1,2460,22,103,2021,11,6,18,40,22,,,,,1,1,1,1,1,9,22,0,23,19,9,30,70,1,2,1,55,55,3,61,31,0,,,,,,,5,0,10,0,4,0,2,0,2,0,4,2,35.672643888888885,139.72381055555556,7,3,,,,
1,30,112,139,2,0,1,30000,0,103,2021,11,9,14,50,12,,,,,3,1,1,1,7,9,22,0,23,11,9,30,1,5,2,1,55,35,3,61,31,0,,,,,,,2,0,10,0,3,0,2,0,2,0,4,2,35.67655361111111,139.73676055555555,3,3,,,,
1,30,113,282,2,0,1,30000,0,108,2021,11,8,15,50,13,,,,,1,1,1,14,7,0,23,0,23,3,9,1,70,1,2,1,45,1,51,61,0,0,,,,,,,0,0,20,0,3,0,0,0,0,0,2,4,35.64552805555555,139.799585,2,3,,,,
1,30,113,290,2,0,1,3570,351,108,2021,11,14,11,35,12,,,,,1,1,1,14,7,0,23,0,23,4,9,1,70,1,2,1,35,25,51,61,0,0,,,,,,,0,0,10,0,3,0,0,0,0,0,4,2,35.64622583333333,139.81812333333332,1,3,,,,
1,30,113,292,2,0,1,85010,0,103,2021,11,14,12,10,12,,,,,1,1,1,14,7,0,23,0,23,3,9,1,70,4,2,1,1,1,51,61,0,0,,,,,,,0,0,10,0,3,0,0,0,0,0,4,2,35.63077194444445,139.7791013888889,1,3,,,,
1,30,113,293,2,0,1,99000,0,108,2021,11,15,7,25,12,,,,,1,1,1,0,7,0,23,0,23,0,0,20,70,0,2,1,35,45,4,61,31,0,,,,,,,10,0,30,0,3,0,2,0,2,0,4,2,35.64570805555555,139.83509444444445,2,3,,,,
1,30,113,300,2,0,1,3570,0,108,2021,11,23,16,40,21,,,,,1,1,1,1,1,9,22,0,23,15,9,30,70,1,3,1,35,1,13,61,31,0,,,,,,,5,0,40,0,3,0,2,0,1,0,4,2,35.64138472222222,139.80247055555557,3,1,,,,
1,30,113,302,2,0,1,30000,0,108,2021,11,27,9,45,12,,,,,1,1,1,14,1,0,23,0,23,5,9,1,70,1,2,1,45,45,3,61,1,0,,,,,,,3,0,10,0,3,0,2,0,2,0,4,2,35.65031361111111,139.80789083333335,7,3,,,,
1,30,113,308,2,0,1,30000,0,108,2021,11,30,19,0,22,,,,,2,1,2,14,7,0,23,0,23,3,9,1,70,4,2,1,25,1,4,61,31,0,,,,,,,5,0,10,0,2,0,2,0,2,0,4,2,35.64667388888889,139.81453416666668,3,3,,,,
1,30,215,116,2,0,1,30000,0,109,2021,11,27,10,25,12,,,,,1,1,1,7,7,0,23,0,23,3,9,1,70,4,2,1,55,65,3,61,31,0,,,,,,,2,0,10,0,3,0,2,0,2,0,4,2,35.6121825,139.74028527777776,7,3,,,,
1,30,215,117,2,0,2,30000,0,109,2021,10,26,22,12,22,,,,,1,1,1,1,1,9,22,0,23,15,9,30,70,4,1,1,1,45,34,61,1,0,,,,,,,5,0,22,0,3,0,0,0,0,0,2,2,35.61095944444445,139.7451322222222,3,3,,,,
1,30,216,142,2,0,1,30000,0,109,2021,11,10,15,50,13,,,,,1,1,1,1,7,9,22,0,23,11,9,30,70,5,4,1,65,1,13,61,31,0,,,,,,,10,0,20,0,3,0,2,0,2,0,4,2,35.599851111111114,139.73194555555557,4,3,,,,
1,30,216,147,2,0,1,95000,0,109,2021,11,21,9,55,12,,,,,1,1,1,14,7,0,23,0,23,3,9,1,70,5,2,1,35,1,3,61,31,0,,,,,,,10,0,50,0,4,0,2,0,2,0,4,2,35.60395138888889,139.7352838888889,1,3,,,,
1,30,217,159,2,0,1,10170,0,109,2021,11,25,16,46,21,,,,,1,1,1,1,1,9,22,0,23,19,9,30,70,1,1,1,65,35,14,61,1,0,,,,,,,10,0,10,0,3,0,2,0,2,0,4,2,35.61960638888889,139.71693166666668,5,3,,,,
1,30,217,162,2,0,2,30000,0,109,2021,11,19,9,35,12,,,,,1,1,1,14,7,0,23,0,23,3,9,1,70,5,1,1,65,65,51,61,0,0,,,,,,,0,0,10,0,3,0,0,0,0,0,2,2,35.62137472222222,139.72913583333334,6,3,,,,
1,30,218,271,2,0,1,10,124,109,2021,8,20,23,55,22,,,,,1,1,1,1,1,9,22,0,23,18,9,30,70,5,1,1,55,75,3,61,1,0,,,,,,,5,0,10,0,3,0,2,0,2,0,4,2,35.606046944444444,139.71372805555555,6,3,,,,
1,30,218,272,2,0,1,30000,0,109,2021,9,15,15,0,12,,,,,1,1,1,14,7,0,23,0,23,2,9,1,70,5,3,1,1,0,61,0,0,0,,,,,,,0,0,0,0,0,0,0,0,0,0,2,0,35.60836972222222,139.72560555555555,4,3,,,,
1,30,218,281,2,0,1,30130,0,109,2021,11,8,1,17,22,,,,,3,1,2,14,7,0,23,0,23,3,9,1,1,5,3,1,45,55,3,61,31,0,,,,,,,2,0,14,0,3,0,2,0,2,0,4,2,35.60735611111111,139.72849694444446,2,3,,,,
1,30,218,285,2,0,1,10170,0,109,2021,11,9,5,50,23,,,,,3,1,2,1,1,9,22,0,23,14,9,30,70,1,2,1,25,25,51,61,0,0,,,,,,,0,0,10,0,4,0,0,0,0,0,4,2,35.60709333333333,139.70344194444442,3,3,,,,
1,30,218,292,2,0,1,30000,0,109,2021,11,3,15,15,12,,,,,1,1,1,14,7,0,23,0,23,1,9,1,70,5,1,1,1,25,51,61,0,0,,,,,,,0,0,20,0,3,0,0,0,0,0,2,4,35.61216027777778,139.70890138888888,4,1,,,,
1,30,218,294,2,0,1,30000,0,109,2021,11,15,12,13,12,,,,,1,1,1,1,7,1,21,0,23,15,9,30,70,5,3,1,35,45,14,61,1,0,,,,,,,2,0,50,0,3,0,2,0,2,0,4,2,35.61806694444444,139.71261583333333,2,3,,,,
1,30,218,295,2,0,1,30000,0,109,2021,11,16,18,34,22,,,,,1,1,1,14,7,0,23,0,23,3,9,1,1,5,2,1,35,75,34,61,31,0,,,,,,,2,0,10,0,4,0,0,0,0,0,4,2,35.60541388888889,139.69820555555555,3,3,,,,
1,30,218,297,2,0,1,30000,0,109,2021,11,20,13,0,12,,,,,1,1,1,7,7,0,23,0,23,2,9,1,70,5,4,1,45,45,14,61,31,0,,,,,,,2,0,10,0,3,0,2,0,2,0,4,2,35.61306694444445,139.70813805555554,7,3,,,,
1,30,219,395,2,0,1,30000,0,111,2021,11,8,19,30,22,,,,,1,1,1,1,1,9,22,0,23,15,9,30,70,4,2,1,1,75,51,61,0,0,,,,,,,0,0,10,0,3,0,0,0,0,0,4,2,35.59057444444445,139.72817694444444,2,3,,,,
1,30,219,396,2,0,1,10130,0,111,2021,11,8,22,0,22,,,,,3,1,5,1,1,9,22,0,23,18,9,30,70,5,2,1,25,25,4,61,31,0,,,,,,,4,0,10,0,3,0,2,0,2,0,4,2,35.58229666666667,139.7484988888889,2,3,,,,
1,30,219,397,2,0,1,30000,0,111,2021,11,9,8,24,12,,,,,3,1,2,14,7,0,23,0,23,2,9,1,70,5,4,1,55,1,51,61,0,0,,,,,,,0,0,10,0,3,0,0,0,0,0,2,4,35.57289222222222,139.72844166666667,3,3,,,,
1,30,219,398,2,0,1,21140,0,111,2021,11,9,14,35,12,,,,,3,1,2,1,1,9,22,0,23,14,9,30,70,5,1,1,35,45,17,61,31,0,,,,,,,3,0,10,0,3,0,2,0,2,0,4,2,35.573325555555556,139.7248888888889,3,3,,,,
1,30,219,400,2,0,1,30700,0,111,2021,11,10,23,0,22,,,,,1,1,1,1,1,9,22,0,23,19,9,30,70,4,1,1,35,35,3,61,31,0,,,,,,,3,0,10,0,3,0,2,0,2,0,4,2,35.58490527777778,139.7309461111111,4,3,,,,
1,30,219,417,2,0,1,10130,0,111,2021,10,2,17,17,13,,,,,1,1,1,14,7,0,23,0,23,5,9,1,70,1,2,1,35,35,1,61,1,0,,,,,,,4,0,40,0,4,0,2,0,2,0,4,2,35.57755916666667,139.73547194444444,7,3,,,,
1,30,220,231,2,0,1,30150,0,111,2021,10,8,21,10,22,,,,,1,1,1,1,1,9,22,0,23,15,9,30,70,4,2,1,45,35,51,61,0,0,,,,,,,0,0,10,0,3,0,0,0,0,0,4,2,35.59111888888889,139.6973175,6,3,,,,
1,30,220,236,2,0,1,30000,0,111,2021,11,4,8,40,12,,,,,1,1,1,14,7,0,23,0,23,1,9,1,70,5,3,1,35,65,52,61,0,0,,,,,,,0,0,40,0,3,0,0,0,0,0,4,2,35.60173888888889,139.69590972222224,5,3,,,,
1,30,220,241,2,0,1,30000,0,111,2021,11,15,8,5,12,,,,,1,1,1,14,7,0,23,0,23,2,9,1,70,4,2,1,45,1,14,61,31,0,,,,,,,2,0,10,0,3,0,2,0,2,0,4,2,35.59148638888889,139.6754572222222,2,3,,,,
1,30,220,246,2,0,1,30000,0,111,2021,11,5,14,15,12,,,,,1,1,1,14,7,0,23,0,23,1,9,1,70,5,3,1,75,35,4,61,31,0,,,,,,,2,0,40,0,4,0,2,0,2,0,4,2,35.591390000000004,139.68093249999998,6,3,,,,
1,30,221,343,2,0,1,30000,0,111,2021,11,27,2,18,22,,,,,1,1,1,14,7,0,23,0,23,5,9,1,70,5,2,1,1,35,12,61,31,0,,,,,,,10,0,30,0,3,0,2,0,2,0,4,2,35.56220805555555,139.71702416666668,7,3,,,,
1,30,222,201,2,0,1,30000,0,111,2021,11,2,10,20,12,,,,,2,1,1,14,7,0,23,0,23,3,9,1,70,5,3,1,45,35,3,61,31,0,,,,,,,2,0,20,0,3,0,2,0,2,0,4,2,35.567394444444446,139.6972075,3,2,,,,
1,30,222,203,2,0,1,30000,0,111,2021,11,12,7,25,12,,,,,1,1,1,1,7,9,21,0,23,11,9,30,70,5,2,1,55,55,51,61,0,0,,,,,,,0,0,10,0,3,0,0,0,0,0,4,2,35.568666944444445,139.69263194444446,6,3,,,,
1,30,222,204,2,0,1,30000,0,111,2021,11,12,20,0,22,,,,,1,1,1,14,1,0,23,0,23,3,9,1,70,4,3,1,45,45,3,61,31,0,,,,,,,10,0,18,0,3,0,2,0,2,0,4,2,35.56786027777778,139.69340333333335,6,3,,,,
1,30,222,210,2,0,1,30000,0,111,2021,11,19,13,3,12,,,,,1,1,1,1,7,9,22,0,23,14,9,30,70,5,3,1,25,75,14,61,31,0,,,,,,,2,0,60,0,4,0,2,0,2,0,4,2,35.57686944444445,139.69799916666668,6,3,,,,
1,30,222,211,2,0,1,30000,0,111,2021,11,26,7,15,11,,,,,1,1,1,1,1,9,22,0,23,15,9,30,1,5,3,1,35,75,3,61,31,0,,,,,,,2,0,0,0,4,0,2,0,2,0,4,2,35.57098583333334,139.70047444444444,6,3,,,,
1,30,222,213,2,0,1,30000,0,111,2021,11,27,17,20,21,,,,,1,1,1,1,1,9,22,0,23,15,9,30,70,5,1,1,45,55,3,61,31,0,,,,,,,3,0,50,0,3,0,2,0,2,0,4,2,35.566535277777774,139.68418527777777,7,3,,,,
1,30,223,11,2,0,1,90000,0,111,2021,11,26,22,13,22,,,,,1,1,1,13,7,0,23,0,23,1,3,1,70,5,2,1,55,45,3,61,1,0,,,,,,,10,0,10,0,3,0,2,0,2,0,4,2,35.54731888888889,139.79539305555556,6,3,,,,
1,30,325,232,2,0,1,30000,0,112,2021,10,11,20,55,22,,,,,2,1,1,1,1,9,22,0,23,18,9,30,70,4,2,1,55,1,4,61,31,0,,,,,,,3,0,11,0,2,0,2,0,2,0,4,2,35.638353333333335,139.68317194444444,2,3,,,,
1,30,325,234,2,0,1,30000,0,112,2021,8,27,9,11,12,,,,,1,1,1,14,7,0,23,0,23,3,9,1,70,5,2,1,1,35,17,61,1,0,,,,,,,2,0,10,0,3,0,2,0,2,0,4,2,35.64423861111111,139.66977666666665,6,3,,,,
1,30,325,240,2,0,1,30000,0,112,2021,11,22,11,51,12,,,,,2,1,1,1,1,9,22,0,23,15,9,30,70,5,2,1,75,55,3,61,31,0,,,,,,,2,0,10,0,3,0,2,0,2,0,4,2,35.64033722222222,139.64293388888888,2,2,,,,
1,30,326,365,2,0,1,30740,0,112,2021,10,30,13,30,12,,,,,1,1,1,1,7,9,22,0,23,11,9,30,70,4,2,1,35,65,5,61,31,0,,,,,,,2,0,10,0,3,0,2,0,2,0,4,2,35.66690777777777,139.67218833333334,7,3,,,,
1,30,326,367,2,0,1,30000,0,112,2021,11,3,9,10,12,,,,,1,1,1,1,1,9,22,0,23,14,9,30,70,5,2,1,55,55,3,61,31,0,,,,,,,3,0,50,0,3,0,2,0,2,0,4,2,35.65690083333333,139.64862472222222,4,1,,,,
1,30,326,370,2,0,1,20260,0,112,2021,11,2,9,45,12,,,,,2,1,1,14,7,0,23,0,23,3,8,1,70,5,2,1,35,25,51,61,0,0,,,,,,,0,0,10,0,3,0,0,0,0,0,4,2,35.653239444444445,139.6720761111111,3,2,,,,
1,30,326,380,2,0,1,30000,0,112,2021,11,18,19,10,22,,,,,2,1,1,14,7,0,23,0,23,1,9,1,70,5,3,1,65,45,3,61,1,0,,,,,,,10,0,40,0,4,0,2,0,2,0,4,2,35.65193222222222,139.6465361111111,5,3,,,,
1,30,326,383,2,0,1,30000,0,112,2021,10,30,17,50,22,,,,,1,1,1,14,7,0,23,0,23,2,9,1,70,4,3,1,1,1,17,61,31,0,,,,,,,2,0,10,0,3,0,2,0,2,0,4,2,35.66199777777778,139.66585194444446,7,3,,,,
1,30,326,388,2,0,1,30000,0,112,2021,11,29,7,50,12,,,,,2,1,1,14,7,0,23,0,23,1,9,1,70,5,3,1,55,0,61,0,0,0,,,,,,,0,0,0,0,0,0,0,0,0,0,2,0,35.65015944444444,139.6369161111111,2,3,,,,
1,30,326,389,2,0,2,30000,0,112,2021,11,29,15,50,13,,,,,1,1,1,14,7,0,23,0,23,2,9,1,70,5,2,1,55,1,3,61,1,0,,,,,,,10,0,14,0,3,0,2,0,2,0,4,2,35.65378305555556,139.6316413888889,2,3,,,,
1,30,326,390,2,0,1,30000,0,112,2021,11,30,8,15,12,,,,,1,1,1,1,7,9,22,0,23,11,9,30,70,5,3,1,1,1,51,61,0,0,,,,,,,0,0,20,0,4,0,0,0,0,0,4,2,35.649498333333334,139.65344277777777,3,3,,,,
1,30,326,392,2,0,1,99000,0,112,2021,8,24,21,34,22,,,,,2,1,2,0,7,0,23,0,23,0,0,20,70,0,4,1,65,45,3,61,31,0,,,,,,,10,0,10,0,4,0,2,0,2,0,4,2,35.650639166666664,139.64412055555556,3,3,,,,
1,30,327,394,2,0,2,30000,0,112,2021,10,27,10,0,12,,,,,2,1,2,1,7,1,22,0,23,14,9,30,70,5,2,1,65,65,3,61,31,0,,,,,,,10,0,20,0,4,0,2,0,2,0,4,2,35.62657333333333,139.63100333333335,4,3,,,,
1,30,327,404,2,0,1,30000,0,112,2021,10,7,10,37,12,,,,,1,1,1,1,7,9,22,0,23,15,8,30,70,5,2,1,75,65,3,61,31,0,,,,,,,10,0,40,0,4,0,2,0,2,0,4,2,35.61833611111111,139.62891305555556,5,3,,,,
1,30,327,405,2,0,1,30000,0,112,2021,11,9,12,20,12,,,,,3,1,2,14,7,0,23,0,23,3,9,20,70,5,3,1,55,35,3,61,31,0,,,,,,,2,0,20,0,4,0,2,0,2,0,4,2,35.62766972222222,139.63491694444443,3,3,,,,
1,30,327,410,2,0,1,30000,0,112,2021,11,12,14,47,12,,,,,1,1,1,1,1,9,22,0,23,15,9,30,70,4,1,1,75,65,51,61,0,0,,,,,,,0,0,10,0,3,0,0,0,0,0,4,2,35.63177888888889,139.6460972222222,6,3,,,,
1,30,327,428,2,0,1,30190,0,112,2021,11,24,12,20,12,,,,,1,1,1,14,7,0,23,0,23,3,9,1,70,5,2,1,65,55,51,61,0,0,,,,,,,0,0,0,0,4,0,0,0,0,0,4,2,35.62793583333333,139.63548138888888,4,3,,,,
1,30,328,343,2,0,1,10210,0,112,2021,10,18,9,8,12,,,,,1,1,1,1,1,9,22,0,23,15,9,30,70,4,1,1,65,45,3,61,31,0,,,,,,,3,0,10,0,3,0,2,0,2,0,4,2,35.634391944444445,139.61054,2,3,,,,
1,30,328,349,2,0,2,95000,0,112,2021,11,8,16,15,13,,,,,2,1,1,14,7,0,23,0,23,3,9,1,70,4,2,1,35,25,34,61,31,0,,,,,,,2,0,10,0,3,0,0,0,0,0,2,2,35.633424166666664,139.6041238888889,2,3,,,,
1,30,328,351,2,0,1,30000,0,112,2021,11,8,22,30,22,,,,,3,1,2,14,7,0,23,0,23,3,9,1,70,5,4,1,35,35,52,61,0,0,,,,,,,0,0,10,0,3,0,0,0,0,0,4,2,35.6177,139.61857750000001,2,3,,,,
1,30,328,354,2,0,1,10210,0,112,2021,11,9,12,25,12,,,,,3,1,2,1,1,9,22,0,23,15,9,30,70,4,2,1,25,45,14,61,31,0,,,,,,,3,0,20,0,3,0,2,0,2,0,4,2,35.63475805555556,139.61251638888888,3,3,,,,
1,30,328,358,2,0,1,30000,0,112,2021,11,7,12,15,12,,,,,3,1,1,14,7,0,23,0,23,3,9,1,70,5,3,1,65,55,3,61,31,0,,,,,,,2,0,40,0,4,0,2,0,2,0,4,2,35.64113583333333,139.60212944444444,1,3,,,,
1,30,328,366,2,0,2,95000,0,112,2021,11,17,7,30,12,,,,,1,1,1,14,7,0,23,0,23,3,9,1,70,5,2,1,25,25,51,61,0,0,,,,,,,0,0,10,0,3,0,0,0,0,0,4,2,35.648335833333334,139.5934413888889,4,3,,,,
1,30,328,377,2,0,1,30000,0,112,2021,11,24,13,5,12,,,,,1,1,1,14,1,0,23,0,23,2,9,1,70,4,2,1,45,1,3,61,31,0,,,,,,,2,0,10,0,3,0,2,0,2,0,4,2,35.62939638888889,139.61473999999998,4,3,,,,
1,30,328,378,2,0,1,10200,0,112,2021,11,9,18,35,22,,,,,2,1,1,1,1,9,22,0,23,18,9,30,70,4,1,1,35,45,51,61,0,0,,,,,,,0,0,10,0,4,0,0,0,0,0,4,2,35.645582222222224,139.61815194444446,3,3,,,,
1,30,328,381,2,0,1,30000,0,112,2021,11,30,13,55,12,,,,,1,1,1,1,7,2,21,0,23,15,9,30,1,5,3,1,55,1,12,61,31,0,,,,,,,2,0,36,0,3,0,2,0,2,0,4,2,35.64153527777778,139.59216055555555,3,3,,,,
1,30,329,184,2,0,1,30000,0,110,2021,11,1,7,15,12,,,,,1,1,1,14,7,0,23,0,23,2,9,1,70,5,3,1,25,55,51,61,0,0,,,,,,,0,0,20,0,3,0,0,0,0,0,4,2,35.62963333333333,139.71023194444444,2,3,,,,
1,30,329,196,2,0,1,30000,0,110,2021,11,17,18,17,22,,,,,1,1,1,1,7,9,22,0,23,11,9,30,70,5,3,1,55,35,3,61,1,0,,,,,,,10,0,40,0,3,0,2,0,2,0,4,2,35.64246055555555,139.69673777777777,4,3,,,,
1,30,329,210,2,0,1,30000,0,110,2021,11,29,16,5,13,,,,,2,1,1,1,7,1,21,0,23,11,9,30,70,5,3,1,65,1,3,61,1,0,,,,,,,2,0,40,0,4,0,2,0,2,0,4,2,35.650397777777776,139.68699555555557,2,3,,,,
1,30,330,221,2,0,1,30000,0,110,2021,11,3,13,1,12,,,,,1,1,1,14,7,0,23,0,23,3,9,1,70,4,3,1,45,25,3,61,31,0,,,,,,,2,0,40,0,4,0,2,0,2,0,4,2,35.626759722222225,139.69476583333335,4,1,,,,
1,30,330,225,2,0,1,30000,0,110,2021,11,14,13,45,12,,,,,1,1,1,7,7,0,23,0,23,1,9,1,70,5,3,1,45,1,3,61,31,0,,,,,,,2,0,10,0,3,0,2,0,2,0,4,2,35.61676527777778,139.69070555555555,1,3,,,,
1,30,330,228,2,0,1,30000,0,110,2021,11,17,8,45,12,,,,,1,1,1,1,7,9,22,0,23,15,9,30,70,4,2,1,45,1,17,61,31,0,,,,,,,2,0,10,0,4,0,2,0,2,0,4,2,35.62359027777778,139.67811527777778,4,3,,,,