資料区分,都道府県コード,警察署等コード,本票番号,事故内容,死者数,負傷者数,路線コード,地点コード,市区町村コード,発生日時　　年,発生日時　　月,発生日時　　日,発生日時　　時,発生日時　　分,昼夜,日の出時刻　　時,日の出時刻　　分,日の入り時刻　　時,日の入り時刻　　分,天候,地形,路面状態,道路形状,信号機,一時停止規制　標識（当事者A）,一時停止規制　表示（当事者A）,一時停止規制　標識（当事者B）,一時停止規制　表示（当事者B）,車道幅員,道路線形,衝突地点,ゾーン規制,中央分離帯施設等,歩車道区分,事故類型,年齢（当事者A）,年齢（当事者B）,当事者種別（当事者A）,当事者種別（当事者B）,用途別（当事者A）,用途別（当事者B）,車両形状等（当事者A）,車両形状等（当事者B）,オートマチック車（当事者A）,オートマチック車（当事者B）,サポカー（当事者A）,サポカー（当事者B）,速度規制（指定のみ）（当事者A）,速度規制（指定のみ）（当事者B）,車両の衝突部位（当事者A）,車両の衝突部位（当事者B）,車両の損壊程度（当事者A）,車両の損壊程度（当事者B）,エアバッグの装備（当事者A）,エアバッグの装備（当事者B）,サイドエアバッグの装備（当事者A）,サイドエアバッグの装備（当事者B）,人身損傷程度（当事者A）,人身損傷程度（当事者B）,lat,lon,曜日(発生年月日),祝日(発生年月日),認知機能検査経過日数（当事者A）,認知機能検査経過日数（当事者B）,運転練習の方法（当事者A）,運転練習の方法（当事者B）
1,30,330,237,2,0,1,10130,0,110,2021,11,25,21,50,22,,,,,1,1,1,1,1,9,22,0,23,17,9,30,70,1,1,1,25,25,14,61,1,0,,,,,,,5,0,80,0,3,0,2,0,2,0,4,2,35.61755194444444,139.68217888888887,5,3,,,,
1,30,330,241,2,0,1,30000,0,110,2021,11,28,13,18,12,,,,,1,1,1,1,7,1,22,0,23,14,9,30,70,4,3,1,55,25,3,61,31,0,,,,,,,2,0,10,0,4,0,2,0,2,0,4,2,35.621656111111115,139.68519472222223,1,3,,,,
1,30,331,217,2,0,1,20240,0,113,2021,11,3,23,0,22,,,,,1,1,1,1,1,9,22,0,23,17,9,30,70,4,2,1,35,25,4,61,31,0,,,,,,,4,0,10,0,4,0,2,0,2,0,4,2,35.64612388888889,139.70751666666666,4,1,,,,
1,30,331,218,2,0,1,30000,0,113,2021,11,10,14,43,12,,,,,1,1,1,1,7,9,22,0,23,11,8,30,70,4,2,1,55,75,3,61,1,0,,,,,,,2,0,80,0,3,0,2,0,2,0,4,2,35.64979388888889,139.71717527777778,4,3,,,,
1,30,331,222,2,0,1,30000,0,113,2021,11,17,10,25,12,,,,,1,1,1,1,7,1,21,0,23,14,9,30,70,5,3,1,25,25,14,61,31,0,,,,,,,5,0,20,0,3,0,2,0,2,0,4,2,35.66045555555555,139.69861805555556,4,3,,,,
1,30,331,230,2,0,1,30000,0,113,2021,11,27,16,10,13,,,,,1,1,1,1,1,9,22,0,23,19,9,30,70,4,2,1,65,75,3,61,1,0,,,,,,,5,0,40,0,4,0,2,0,2,0,4,2,35.660536388888886,139.6967361111111,7,3,,,,
1,30,331,237,2,0,1,30000,0,113,2021,11,25,18,55,22,,,,,1,1,1,1,7,1,22,0,23,14,9,30,70,5,2,1,35,25,3,61,31,0,,,,,,,10,0,10,0,4,0,2,0,2,0,4,2,35.65493,139.6939313888889,5,3,,,,
1,30,332,111,2,0,1,30000,0,113,2021,9,29,16,20,12,,,,,1,1,1,14,7,0,23,0,23,2,9,1,1,5,3,1,75,45,3,61,31,0,,,,,,,2,0,40,0,3,0,2,0,2,0,4,2,35.66906472222222,139.71271694444442,4,3,,,,
1,30,332,113,2,0,1,30000,0,113,2021,11,8,13,50,12,,,,,1,1,1,14,7,0,23,0,23,3,9,1,70,5,3,1,25,35,13,61,31,0,,,,,,,10,0,40,0,4,0,2,0,2,0,4,2,35.66770083333333,139.7114236111111,2,3,,,,
1,30,332,115,2,0,1,30000,0,113,2021,11,7,20,5,22,,,,,1,1,1,1,1,9,22,0,23,18,9,30,70,1,2,1,1,35,51,61,0,0,,,,,,,0,0,10,0,3,0,0,0,0,0,4,2,35.688471111111106,139.69905472222223,1,3,,,,
1,30,332,118,2,0,1,30000,0,113,2021,11,20,9,35,12,,,,,1,1,1,14,7,0,23,0,23,3,8,1,70,5,4,1,65,35,3,61,31,0,,,,,,,10,0,10,0,4,0,2,0,2,0,4,2,35.67552111111111,139.70476444444444,7,3,,,,
1,30,332,121,2,0,1,10090,0,113,2021,11,26,10,0,12,,,,,1,1,1,1,7,9,22,0,23,17,9,30,70,4,1,1,35,65,35,61,31,0,,,,,,,4,0,10,0,3,0,0,0,0,0,4,2,35.66908333333333,139.70592027777778,6,3,,,,
1,30,333,153,2,0,1,200,102,113,2021,11,2,0,17,22,,,,,1,1,1,14,7,0,23,0,23,6,9,1,70,1,1,1,35,35,51,61,0,0,,,,,,,0,0,10,0,3,0,0,0,0,0,4,2,35.6804725,139.685425,3,2,,,,
1,30,333,163,2,0,1,30000,0,113,2021,11,24,18,20,22,,,,,1,1,1,1,7,9,22,0,23,15,8,30,70,5,1,1,75,25,52,61,0,0,,,,,,,0,0,40,0,4,0,0,0,0,0,4,2,35.6744625,139.6872602777778,4,3,,,,
1,30,333,166,2,0,1,20280,0,113,2021,11,8,19,0,22,,,,,2,1,1,1,1,9,22,0,23,15,9,30,70,4,1,1,25,1,3,61,31,0,,,,,,,3,0,80,0,4,0,2,0,2,0,4,2,35.6790525,139.6701136111111,2,3,,,,
1,30,435,108,2,0,1,20290,0,104,2021,10,29,13,5,12,,,,,1,1,1,1,1,1,21,0,23,17,9,30,70,4,1,1,45,75,11,61,31,0,,,,,,,3,0,10,0,4,0,2,0,2,0,4,2,35.701326388888894,139.71216638888887,6,3,,,,
1,30,435,118,2,0,1,30000,0,104,2021,11,4,23,40,22,,,,,1,1,1,14,7,0,23,0,23,2,9,1,70,5,2,1,25,1,32,61,31,0,,,,,,,5,0,44,0,3,0,0,0,0,0,4,2,35.70091666666667,139.7414861111111,5,3,,,,
1,30,436,237,2,0,3,30000,0,104,2021,11,11,13,40,12,,,,,1,1,1,14,7,0,23,0,23,1,9,1,70,5,2,1,75,1,3,61,31,0,,,,,,,10,0,10,0,1,0,2,0,2,0,4,2,35.69576472222222,139.7024113888889,5,3,,,,
1,30,436,243,2,0,1,30000,0,104,2021,11,13,3,30,22,,,,,1,1,1,1,7,1,21,0,23,11,9,30,70,5,3,1,65,25,3,61,1,0,,,,,,,10,0,10,0,4,0,2,0,2,0,4,2,35.68937777777777,139.69753861111113,7,3,,,,
1,30,436,252,2,0,1,30000,0,104,2021,3,5,23,2,22,,,,,3,1,2,14,7,0,23,0,23,3,9,1,70,5,4,1,35,45,3,61,31,0,,,,,,,2,0,80,0,4,0,2,0,2,0,4,2,35.697918611111106,139.70192333333333,6,3,,,,
1,30,436,253,2,0,1,10090,0,104,2021,10,15,7,47,12,,,,,1,1,1,14,7,0,23,0,23,1,9,1,70,1,2,1,35,0,61,0,0,0,,,,,,,0,0,0,0,0,0,0,0,0,0,2,0,35.695457499999996,139.70681805555554,6,3,,,,
1,30,436,257,2,0,1,30000,0,104,2021,11,29,0,56,22,,,,,1,1,1,1,1,9,22,0,23,14,9,30,70,4,2,1,45,1,3,61,1,0,,,,,,,3,0,40,0,4,0,2,0,2,0,4,2,35.695031944444445,139.7043672222222,2,3,,,,
1,30,437,163,2,0,1,10160,0,104,2021,10,20,6,59,12,,,,,1,1,1,1,1,9,22,0,23,19,9,30,70,1,1,1,45,45,13,61,31,0,,,,,,,5,0,80,0,3,0,2,0,2,0,4,2,35.71902638888889,139.68944472222222,4,3,,,,
1,30,437,164,2,0,1,10280,0,104,2021,11,4,17,3,21,,,,,1,1,1,1,1,9,22,0,23,18,9,30,70,5,2,1,55,65,13,61,31,0,,,,,,,5,0,10,0,3,0,2,0,2,0,4,2,35.7225875,139.68383888888889,5,3,,,,
1,30,438,131,2,0,1,95000,0,104,2021,11,7,12,40,12,,,,,1,1,1,0,7,0,23,0,23,0,0,20,70,0,2,1,1,45,51,61,0,0,,,,,,,0,0,40,0,3,0,0,0,0,0,4,2,35.69188444444444,139.70731888888886,1,3,,,,
1,30,438,138,2,0,1,20090,0,104,2021,11,20,0,44,22,,,,,1,1,1,7,7,0,23,0,23,6,9,1,70,1,1,1,65,25,3,61,1,0,,,,,,,10,0,10,0,3,0,2,0,2,0,4,2,35.68812333333333,139.73001333333335,7,3,,,,
1,30,438,143,2,0,1,21030,0,104,2021,11,21,20,36,22,,,,,3,1,2,7,1,0,23,0,23,2,9,20,70,1,2,1,65,55,3,61,1,0,,,,,,,4,0,80,0,3,0,2,0,2,0,4,2,35.68754388888888,139.7155613888889,1,3,,,,
1,30,439,267,2,0,1,10160,0,114,2021,9,27,16,15,12,,,,,1,1,1,14,7,0,23,0,23,6,9,1,70,5,1,1,45,65,51,61,0,0,,,,,,,0,0,14,0,3,0,0,0,0,0,4,2,35.70884111111111,139.6837125,2,3,,,,
1,30,439,270,2,0,1,30000,0,114,2021,10,29,19,0,22,,,,,1,1,1,7,7,0,23,0,23,3,9,1,70,5,4,1,25,55,51,61,0,0,,,,,,,0,0,10,0,3,0,0,0,0,0,4,2,35.68820833333333,139.6750725,6,3,,,,
1,30,439,272,2,0,1,10240,0,114,2021,10,30,19,25,22,,,,,1,1,1,14,7,0,23,0,23,5,9,1,70,4,1,1,45,65,3,61,31,0,,,,,,,10,0,10,0,2,0,2,0,2,0,4,2,35.697671111111106,139.67721583333332,7,3,,,,
1,30,439,277,2,0,1,30000,0,114,2021,11,6,10,5,12,,,,,1,1,1,1,1,9,22,0,23,11,9,30,70,5,1,1,55,25,3,61,31,0,,,,,,,2,0,10,0,4,0,2,0,2,0,4,2,35.70536805555556,139.68619555555557,7,3,,,,
1,30,439,279,2,0,1,30000,0,114,2021,11,7,21,20,22,,,,,1,1,1,14,7,0,23,0,23,2,9,20,70,5,4,1,45,35,51,61,0,0,,,,,,,0,0,10,0,4,0,0,0,0,0,4,2,35.70093,139.66395944444446,1,3,,,,
1,30,439,280,2,0,1,10240,0,114,2021,10,30,20,18,22,,,,,1,1,1,14,7,0,23,0,23,5,9,1,70,4,1,1,1,45,51,61,0,0,,,,,,,0,0,10,0,3,0,0,0,0,0,4,2,35.697132777777774,139.68249944444443,7,3,,,,
1,30,439,282,2,0,1,30000,0,114,2021,11,11,5,12,23,,,,,1,1,1,1,7,9,22,0,23,14,7,30,70,4,1,1,65,65,3,61,31,0,,,,,,,3,0,80,0,3,0,2,0,2,0,4,2,35.690622499999996,139.67423499999998,5,3,,,,
1,30,439,285,2,0,1,10240,0,114,2021,11,12,17,28,21,,,,,1,1,1,14,7,0,23,0,23,5,9,1,70,4,2,1,45,65,34,61,31,0,,,,,,,10,0,10,0,2,0,0,0,0,0,4,2,35.697585,139.67710805555555,6,3,,,,
1,30,439,291,2,0,1,30000,0,114,2021,11,16,8,20,12,,,,,1,1,1,14,7,0,23,0,23,2,9,1,70,5,3,1,25,0,61,0,0,0,,,,,,,0,0,0,0,0,0,0,0,0,0,2,0,35.70334694444445,139.67345055555555,3,3,,,,
1,30,439,294,2,0,1,10160,0,114,2021,11,18,11,50,12,,,,,2,1,1,14,7,0,23,0,23,4,9,1,70,1,2,1,55,55,14,61,31,0,,,,,,,10,0,60,0,4,0,2,0,2,0,4,2,35.70712777777778,139.68302,5,3,,,,
1,30,439,303,2,0,1,99000,0,114,2021,11,30,17,20,21,,,,,1,1,1,0,7,0,23,0,23,0,0,20,70,0,1,1,55,65,14,61,1,0,,,,,,,10,0,20,0,4,0,2,0,2,0,4,2,35.696013611111105,139.68197777777777,3,3,,,,
1,30,440,213,2,0,1,10130,0,114,2021,11,8,19,15,22,,,,,1,1,1,14,7,0,23,0,23,5,9,1,70,1,2,1,45,45,1,61,1,0,,,,,,,4,0,40,0,4,0,2,0,2,0,4,2,35.712609722222226,139.6539588888889,2,3,,,,
1,30,440,218,2,0,1,30000,0,114,2021,11,25,9,5,12,,,,,1,1,1,1,7,1,21,0,23,14,9,30,70,4,2,1,25,35,3,61,31,0,,,,,,,2,0,50,0,4,0,2,0,2,0,4,2,35.71599972222222,139.6793861111111,5,3,,,,
1,30,440,219,2,0,1,10250,0,114,2021,11,26,13,50,12,,,,,1,1,1,7,1,0,23,0,23,3,9,1,70,1,1,1,65,75,13,61,31,0,,,,,,,3,0,10,0,3,0,2,0,2,0,4,2,35.72273194444445,139.65389694444445,6,3,,,,
1,30,440,221,2,0,1,30000,0,114,2021,11,27,14,35,12,,,,,1,1,1,14,7,0,23,0,23,2,9,20,70,5,3,1,45,75,51,61,0,0,,,,,,,0,0,10,0,4,0,0,0,0,0,4,2,35.71443,139.6666563888889,7,3,,,,
1,30,440,224,2,0,1,30000,0,114,2021,11,29,16,10,13,,,,,1,1,1,14,7,0,23,0,23,2,8,1,70,5,4,1,75,0,61,0,0,0,,,,,,,0,0,0,0,0,0,0,0,0,0,2,0,35.72239388888889,139.6323125,2,3,,,,
1,30,441,286,2,0,1,10240,0,115,2021,9,10,17,30,13,,,,,1,1,1,14,7,0,23,0,23,5,9,1,70,4,2,1,1,55,51,61,0,0,,,,,,,0,0,10,0,3,0,0,0,0,0,4,2,35.69747666666667,139.6611163888889,6,3,,,,
1,30,441,291,2,0,1,30000,0,115,2021,11,17,12,32,12,,,,,1,1,1,7,7,0,23,0,23,1,9,1,70,5,4,1,35,75,3,61,31,0,,,,,,,2,0,30,0,3,0,2,0,2,0,4,2,35.69844305555555,139.63012277777779,4,3,,,,
1,30,441,294,2,0,1,30000,0,115,2021,11,25,8,45,12,,,,,1,1,1,1,7,9,22,0,23,11,9,30,70,5,3,1,35,45,51,61,0,0,,,,,,,0,0,10,0,3,0,0,0,0,0,4,4,35.706048888888894,139.6352586111111,5,3,,,,
1,30,442,272,2,0,1,10200,0,115,2021,10,21,9,40,12,,,,,1,1,1,1,7,9,22,0,23,11,9,30,70,5,3,1,75,75,51,61,0,0,,,,,,,0,0,40,0,4,0,0,0,0,0,4,2,35.68125694444444,139.62810027777778,5,3,,,,
1,30,442,284,2,0,1,99000,0,115,2021,11,8,10,45,12,,,,,1,1,1,0,7,0,23,0,23,0,0,20,70,0,4,1,45,35,51,61,0,0,,,,,,,0,0,10,0,3,0,0,0,0,0,4,2,35.67116111111111,139.64525694444444,2,3,,,,
1,30,442,286,2,0,1,30000,0,115,2021,11,18,23,18,22,,,,,1,1,1,7,7,0,23,0,23,2,7,1,70,4,1,1,1,65,35,61,31,0,,,,,,,2,0,10,0,4,0,0,0,0,0,4,2,35.66812833333333,139.64158749999999,5,3,,,,
1,30,443,185,2,0,1,30000,0,115,2021,11,5,9,35,12,,,,,1,1,1,14,7,0,23,0,23,2,9,1,1,5,4,1,45,65,4,61,31,0,,,,,,,2,0,40,0,4,0,2,0,2,0,4,2,35.70809333333334,139.61982,6,3,,,,
1,30,443,193,2,0,1,30000,0,115,2021,11,19,7,10,11,,,,,1,1,1,1,7,9,22,0,23,14,9,30,70,5,1,1,55,1,13,61,31,0,,,,,,,5,0,10,0,4,0,2,0,2,0,4,2,35.703319722222226,139.60033527777776,6,3,,,,
1,30,443,196,2,0,1,10220,0,115,2021,11,22,10,0,12,,,,,1,1,2,14,7,0,23,0,23,4,9,1,70,4,2,1,75,25,51,61,0,0,,,,,,,0,0,10,0,4,0,0,0,0,0,4,2,35.714733888888894,139.63218777777777,2,2,,,,
1,30,443,202,2,0,1,30000,0,115,2021,11,30,18,10,22,,,,,1,1,1,12,7,0,23,0,23,1,9,1,70,5,3,1,45,25,3,61,1,0,,,,,,,5,0,20,0,4,0,2,0,2,0,4,2,35.70405527777778,139.6160172222222,3,3,,,,
1,30,545,93,2,0,1,20000,0,105,2021,11,4,15,37,12,,,,,1,1,1,14,7,0,23,0,23,6,9,1,70,1,1,1,1,55,51,61,0,0,,,,,,,0,0,10,0,4,0,0,0,0,0,4,2,35.70600777777778,139.75367555555556,5,3,,,,
1,30,545,97,2,0,1,30000,0,105,2021,10,8,8,0,12,,,,,1,1,1,14,7,0,23,0,23,2,9,20,70,5,3,1,25,75,51,61,0,0,,,,,,,0,0,10,0,4,0,0,0,0,0,4,2,35.71279972222222,139.74957055555555,6,3,,,,
1,30,546,106,2,0,1,20370,0,105,2021,9,15,1,22,22,,,,,3,1,2,1,1,9,22,0,23,19,9,30,70,1,1,1,1,55,3,61,31,0,,,,,,,4,0,10,0,2,0,1,0,2,0,4,2,35.72139555555556,139.73189333333335,4,3,,,,
1,30,546,109,2,0,1,20370,0,105,2021,11,18,9,5,12,,,,,1,1,1,14,7,0,23,0,23,5,9,1,70,1,1,1,55,35,52,61,0,0,,,,,,,0,0,10,0,4,0,0,0,0,0,2,4,35.72000194444445,139.72724055555557,5,3,,,,
1,30,547,113,2,0,1,10300,0,105,2021,11,9,15,32,12,,,,,2,1,2,14,1,0,23,0,23,5,9,1,70,4,2,1,45,65,51,61,0,0,,,,,,,0,0,10,0,3,0,0,0,0,0,4,2,35.71924833333333,139.76375805555554,3,3,,,,
1,30,547,117,2,0,2,170,30,105,2021,8,30,17,55,13,,,,,1,1,1,14,7,0,23,0,23,4,9,1,70,1,2,1,65,45,51,61,0,0,,,,,,,0,0,10,0,4,0,0,0,0,0,2,2,35.705308888888894,139.76081083333332,2,3,,,,
1,30,547,120,2,0,1,30000,0,105,2021,11,26,12,30,12,,,,,1,1,1,7,7,0,23,0,23,3,9,1,70,5,3,1,55,25,3,61,31,0,,,,,,,10,0,10,0,4,0,2,0,2,0,4,2,35.703570000000006,139.76377638888889,6,3,,,,
1,30,548,64,2,0,1,170,51,105,2021,10,31,10,40,12,,,,,2,1,1,1,1,9,22,0,23,14,9,30,70,5,1,1,75,75,36,61,31,0,,,,,,,2,0,10,0,3,0,0,0,0,0,4,2,35.72275388888889,139.7525688888889,1,3,,,,
1,30,548,66,2,0,1,30000,0,105,2021,11,4,8,0,12,,,,,1,1,1,14,7,0,23,0,23,3,9,1,70,5,2,1,25,1,51,61,0,0,,,,,,,0,0,10,0,3,0,0,0,0,0,4,2,35.730471944444446,139.7467172222222,5,3,,,,
1,30,548,69,2,0,1,20370,0,105,2021,11,10,9,5,12,,,,,2,1,1,14,7,0,23,0,23,3,9,1,70,5,1,1,65,35,3,61,1,0,,,,,,,3,0,10,0,2,0,2,0,2,0,4,2,35.73009638888889,139.7621538888889,4,3,,,,
1,30,549,78,2,0,1,170,69,116,2021,11,1,8,35,12,,,,,2,1,1,1,1,9,22,0,23,17,9,30,70,1,2,1,35,55,51,61,0,0,,,,,,,0,0,10,0,4,0,0,0,0,0,4,2,35.73352944444444,139.73889944444443,2,3,,,,
1,30,549,80,2,0,1,30000,0,116,2021,9,17,10,6,12,,,,,2,1,1,13,7,0,23,0,23,1,6,1,70,5,4,1,45,35,3,61,1,0,,,,,,,2,0,40,0,4,0,2,0,2,0,4,2,35.732801111111115,139.7246311111111,6,3,,,,
1,30,549,84,2,0,1,30000,0,116,2021,11,3,13,46,12,,,,,1,1,1,1,7,9,22,0,23,11,9,30,70,5,4,1,65,35,13,61,31,0,,,,,,,10,0,40,0,2,0,2,0,2,0,4,2,35.737359166666664,139.72743194444445,4,1,,,,
1,30,550,193,1,1,0,30000,0,116,2021,11,22,7,16,11,,,,,3,1,2,1,1,9,22,0,23,14,9,30,70,5,2,1,35,45,12,61,31,0,,,,,,,10,0,10,0,3,0,2,0,2,0,4,1,35.73063138888889,139.7059847222222,2,2,,,,
1,30,550,195,2,0,1,30000,0,116,2021,11,4,13,0,12,,,,,1,1,1,14,7,0,23,0,23,4,9,1,70,5,2,1,35,45,3,61,31,0,,,,,,,10,0,30,0,4,0,2,0,2,0,4,2,35.731004444444444,139.70962972222222,5,3,,,,
1,30,550,197,2,0,1,30000,0,116,2021,11,5,13,20,12,,,,,1,1,1,14,7,0,23,0,23,3,9,1,70,4,2,1,25,55,51,61,0,0,,,,,,,0,0,10,0,3,0,0,0,0,0,4,2,35.73149472222222,139.71527083333334,6,3,,,,
1,30,550,198,2,0,1,10090,0,116,2021,8,13,5,50,11,,,,,3,1,2,14,7,0,23,0,23,5,9,1,70,4,1,1,45,25,3,61,31,0,,,,,,,4,0,40,0,4,0,2,0,2,0,4,2,35.73206805555556,139.7143286111111,6,3,,,,
1,30,550,203,2,0,1,30000,0,116,2021,11,15,14,58,12,,,,,1,1,1,14,7,0,23,0,23,3,9,1,70,4,3,1,25,25,13,61,1,0,,,,,,,10,0,20,0,4,0,2,0,2,0,4,2,35.7324575,139.70946527777775,2,3,,,,
1,30,550,207,2,0,1,30000,0,116,2021,11,24,21,45,22,,,,,1,1,1,1,1,9,22,0,23,19,9,30,70,4,2,1,25,45,51,61,0,0,,,,,,,0,0,10,0,3,0,0,0,0,0,4,2,35.73072666666667,139.71818777777779,4,3,,,,
1,30,550,210,2,0,1,20000,0,116,2021,11,26,8,52,12,,,,,1,1,1,1,1,9,22,0,23,19,9,30,70,1,1,1,35,35,51,61,0,0,,,,,,,0,0,20,0,4,0,0,0,0,0,4,2,35.72936194444445,139.7171225,6,3,,,,
1,30,550,211,2,0,1,30000,0,116,2021,11,26,15,40,13,,,,,1,1,1,13,7,0,23,0,23,4,3,1,70,4,3,1,45,25,24,61,0,0,,,,,,,2,0,40,0,4,0,0,0,0,0,4,2,35.74059388888889,139.72174444444445,6,3,,,,
1,30,550,213,2,0,1,95000,0,116,2021,11,28,11,5,12,,,,,1,1,1,14,7,0,23,0,23,1,9,1,70,5,2,1,1,1,51,61,0,0,,,,,,,0,0,10,0,3,0,0,0,0,0,4,2,35.731521111111114,139.70769583333333,1,3,,,,
1,30,550,215,2,0,1,30000,0,116,2021,11,26,9,40,12,,,,,1,1,1,1,7,9,22,0,23,14,9,30,70,4,2,1,75,25,3,61,31,0,,,,,,,3,0,88,0,3,0,2,0,2,0,4,2,35.73441777777778,139.7087561111111,6,3,,,,
1,30,551,227,2,0,1,10160,0,116,2021,11,8,23,58,22,,,,,2,1,1,1,1,9,22,0,23,17,9,30,70,1,2,1,45,45,3,61,31,0,,,,,,,5,0,10,0,4,0,2,0,2,0,4,2,35.7225775,139.69238611111112,2,3,,,,
1,30,551,231,2,0,1,30000,0,116,2021,11,11,17,45,22,,,,,1,1,1,1,1,9,22,0,23,14,9,30,70,5,2,1,45,35,3,61,31,0,,,,,,,2,0,55,0,3,0,2,0,2,0,4,2,35.73162777777778,139.67892666666665,5,3,,,,
1,30,551,233,2,0,1,30000,0,116,2021,11,16,11,5,12,,,,,1,1,1,14,7,0,23,0,23,3,9,1,1,5,3,1,55,75,35,61,31,0,,,,,,,2,0,10,0,4,0,0,0,0,0,4,2,35.72370527777778,139.68816694444445,3,3,,,,
1,30,551,238,2,0,1,30000,0,116,2021,11,27,14,50,12,,,,,1,1,1,14,7,0,23,0,23,2,9,1,70,5,3,1,45,75,51,61,0,0,,,,,,,0,0,10,0,4,0,0,0,0,0,4,2,35.736069722222226,139.69816694444444,7,3,,,,
1,30,551,239,2,0,1,20420,0,116,2021,11,28,13,0,12,,,,,1,1,1,1,1,9,22,0,23,17,9,30,70,4,2,1,25,25,3,61,31,0,,,,,,,10,0,30,0,3,0,2,0,2,0,4,2,35.73636527777778,139.6921786111111,1,3,,,,
1,30,551,240,2,0,1,10090,0,116,2021,11,29,13,58,12,,,,,1,1,1,1,1,9,22,0,23,14,9,30,70,4,2,1,45,55,13,61,31,0,,,,,,,10,0,10,0,4,0,2,0,2,0,4,2,35.71559888888889,139.7120386111111,2,3,,,,
1,30,552,163,1,1,0,20400,0,117,2021,11,19,18,37,22,,,,,1,1,1,14,7,0,23,0,23,5,9,1,70,1,2,1,65,75,3,61,31,0,,,,,,,3,0,10,0,3,0,2,0,2,0,4,1,35.745850555555556,139.7423825,6,3,,,,
1,30,552,164,2,0,1,30000,0,117,2021,11,1,17,25,21,,,,,1,1,1,14,7,0,23,0,23,2,9,1,70,5,3,1,75,1,17,61,31,0,,,,,,,2,0,40,0,3,0,2,0,2,0,4,2,35.74022361111111,139.7637902777778,2,3,,,,
1,30,552,169,2,0,1,30000,0,117,2021,11,14,20,58,22,,,,,1,1,1,1,1,9,22,0,23,14,9,30,70,4,1,1,35,45,3,61,31,0,,,,,,,2,0,80,0,3,0,2,0,2,0,4,2,35.74508277777778,139.7327875,1,3,,,,
1,30,553,124,2,0,1,1220,0,117,2021,11,9,15,25,12,,,,,1,1,2,14,7,0,23,0,23,4,9,1,70,1,2,1,25,75,3,61,1,0,,,,,,,4,0,40,0,4,0,2,0,2,0,4,2,35.76405638888889,139.73598583333333,3,3,,,,
1,30,553,128,2,0,1,30000,0,117,2021,11,21,9,35,12,,,,,1,1,1,13,7,0,23,0,23,3,3,1,1,4,2,1,35,1,51,61,0,0,,,,,,,0,0,10,0,3,0,0,0,0,0,4,2,35.75402277777778,139.74557861111109,1,3,,,,
1,30,553,133,2,0,1,30000,0,117,2021,11,30,17,45,22,,,,,2,1,1,14,7,0,23,0,23,4,9,1,70,4,2,1,45,65,3,61,31,0,,,,,,,10,0,10,0,4,0,2,0,2,0,4,2,35.763618055555554,139.73699166666665,3,3,,,,
1,30,554,148,2,0,1,95000,0,117,2021,11,12,7,30,12,,,,,1,1,1,7,7,0,23,0,23,6,9,1,70,1,1,1,65,25,14,61,1,0,,,,,,,5,0,10,0,3,0,2,0,2,0,4,2,35.767936666666664,139.73478972222222,6,3,,,,
1,30,554,150,2,0,1,30000,0,117,2021,11,13,11,12,12,,,,,1,1,1,1,1,9,22,0,23,14,9,30,70,5,2,1,65,75,3,61,1,0,,,,,,,10,0,70,0,4,0,2,0,2,0,4,2,35.77690138888889,139.71990833333334,7,3,,,,
1,30,554,163,2,0,1,30000,0,117,2021,11,30,18,3,22,,,,,2,1,1,14,7,0,23,0,23,4,9,1,1,4,1,1,55,75,3,61,31,0,,,,,,,2,0,10,0,3,0,2,0,2,0,4,2,35.782108055555554,139.70693055555554,3,3,,,,
1,30,555,294,2,0,1,20000,0,119,2021,11,12,13,35,12,,,,,1,1,1,1,1,9,22,0,23,15,9,30,70,5,2,1,55,75,3,61,31,0,,,,,,,3,0,10,0,3,0,2,0,2,0,4,2,35.74729,139.71551944444442,6,3,,,,
1,30,555,297,2,0,1,2540,95,119,2021,11,13,7,56,12,,,,,1,1,1,1,1,9,22,0,23,17,9,30,70,1,2,1,45,75,4,61,31,0,,,,,,,10,0,52,0,3,0,2,0,2,0,4,2,35.75969166666667,139.67951138888887,7,3,,,,
1,30,555,299,2,0,1,30000,0,119,2021,11,17,12,20,12,,,,,1,1,1,14,7,0,23,0,23,2,9,1,70,5,2,1,55,1,14,61,31,0,,,,,,,2,0,10,0,4,0,2,0,2,0,4,2,35.73938527777778,139.70323055555554,4,3,,,,
1,30,555,300,2,0,1,30000,0,119,2021,11,17,22,20,22,,,,,1,1,1,14,1,0,23,0,23,1,9,1,70,5,1,1,55,1,13,61,31,0,,,,,,,2,0,10,0,3,0,2,0,2,0,4,2,35.764960277777774,139.67426277777776,4,3,,,,
1,30,555,303,2,0,1,10130,0,119,2021,11,22,5,38,23,,,,,1,1,2,7,1,0,23,0,23,1,9,1,70,1,1,1,65,25,4,61,31,0,,,,,,,4,0,50,0,3,0,2,0,2,0,4,2,35.762252777777775,139.7092936111111,2,2,,,,
1,30,555,309,2,0,1,30000,0,119,2021,11,19,20,45,22,,,,,1,1,1,14,7,0,23,0,23,1,9,1,70,5,3,1,35,35,35,61,31,0,,,,,,,10,0,10,0,3,0,0,0,0,0,4,2,35.75506138888889,139.68560972222224,6,3,,,,