資料区分,都道府県コード,警察署等コード,本票番号,事故内容,死者数,負傷者数,路線コード,地点コード,市区町村コード,発生日時　　年,発生日時　　月,発生日時　　日,発生日時　　時,発生日時　　分,昼夜,日の出時刻　　時,日の出時刻　　分,日の入り時刻　　時,日の入り時刻　　分,天候,地形,路面状態,道路形状,信号機,一時停止規制　標識（当事者A）,一時停止規制　表示（当事者A）,一時停止規制　標識（当事者B）,一時停止規制　表示（当事者B）,車道幅員,道路線形,衝突地点,ゾーン規制,中央分離帯施設等,歩車道区分,事故類型,年齢（当事者A）,年齢（当事者B）,当事者種別（当事者A）,当事者種別（当事者B）,用途別（当事者A）,用途別（当事者B）,車両形状等（当事者A）,車両形状等（当事者B）,オートマチック車（当事者A）,オートマチック車（当事者B）,サポカー（当事者A）,サポカー（当事者B）,速度規制（指定のみ）（当事者A）,速度規制（指定のみ）（当事者B）,車両の衝突部位（当事者A）,車両の衝突部位（当事者B）,車両の損壊程度（当事者A）,車両の損壊程度（当事者B）,エアバッグの装備（当事者A）,エアバッグの装備（当事者B）,サイドエアバッグの装備（当事者A）,サイドエアバッグの装備（当事者B）,人身損傷程度（当事者A）,人身損傷程度（当事者B）,lat,lon,曜日(発生年月日),祝日(発生年月日),認知機能検査経過日数（当事者A）,認知機能検査経過日数（当事者B）,運転練習の方法（当事者A）,運転練習の方法（当事者B）
1,30,555,312,2,0,1,30000,0,119,2021,11,12,7,30,12,,,,,1,1,1,14,7,0,23,0,23,3,9,1,70,5,3,1,25,55,51,61,0,0,,,,,,,0,0,10,0,4,0,0,0,0,0,4,2,35.74986222222223,139.71386166666665,6,3,,,,
1,30,556,251,2,0,1,30000,0,119,2021,6,3,12,5,12,,,,,1,1,1,1,1,9,22,0,23,11,9,30,70,4,1,1,45,75,3,61,31,0,,,,,,,3,0,50,0,3,0,2,0,2,0,4,2,35.78055611111111,139.67982138888888,5,3,,,,
1,30,556,257,2,0,1,30000,0,119,2021,11,30,7,45,12,,,,,1,1,1,1,1,9,22,0,23,15,9,30,70,4,1,1,25,1,3,61,31,0,,,,,,,3,0,10,0,4,0,2,0,2,0,4,2,35.771775,139.66820305555555,3,3,,,,
1,30,557,253,2,0,1,30000,0,120,2021,11,4,14,44,12,,,,,1,1,1,7,7,0,23,0,23,3,9,1,70,5,2,1,35,1,3,61,31,0,,,,,,,2,0,10,0,3,0,2,0,2,0,4,2,35.73482388888889,139.6414186111111,5,3,,,,
1,30,557,256,2,0,1,99000,0,120,2021,11,6,10,20,12,,,,,1,1,1,0,7,0,23,0,23,0,0,20,70,0,4,1,1,75,51,61,0,0,,,,,,,0,0,40,0,3,0,0,0,0,0,4,2,35.75604111111111,139.65733833333334,7,3,,,,
1,30,557,259,2,0,2,10010,0,120,2021,11,8,22,31,22,,,,,2,1,3,1,8,9,22,0,23,17,9,30,70,6,1,1,25,45,51,61,0,0,,,,,,,0,0,10,0,3,0,0,0,0,0,2,2,35.740833055555555,139.63645027777778,2,3,,,,
1,30,557,260,2,0,1,30000,0,120,2021,11,9,8,15,12,,,,,1,1,2,14,7,0,23,0,23,1,9,1,1,5,4,1,45,75,51,61,0,0,,,,,,,0,0,10,0,4,0,0,0,0,0,4,2,35.741573611111114,139.6672725,3,3,,,,
1,30,557,264,2,0,1,30000,0,120,2021,11,16,12,24,12,,,,,1,1,1,14,7,0,23,0,23,2,9,1,70,5,3,1,55,55,17,61,1,0,,,,,,,5,0,70,0,4,0,2,0,2,0,4,2,35.73549166666667,139.62931527777778,3,3,,,,
1,30,557,270,2,0,1,10130,0,120,2021,11,23,23,30,22,,,,,1,1,1,1,1,9,22,0,23,17,9,30,70,4,1,1,25,25,3,61,31,0,,,,,,,4,0,10,0,3,0,2,0,2,0,4,2,35.74093166666667,139.66825944444443,3,1,,,,
1,30,557,277,2,0,1,30000,0,120,2021,11,10,9,5,12,,,,,1,1,1,14,7,0,23,0,23,2,9,1,70,4,3,1,45,45,3,61,31,0,,,,,,,10,0,40,0,3,0,2,0,2,0,4,2,35.73773111111111,139.66274583333333,4,3,,,,
1,30,558,281,2,0,1,20430,0,120,2021,11,9,6,45,11,,,,,3,1,2,1,1,9,22,0,23,14,9,30,70,4,1,1,65,35,3,61,31,0,,,,,,,3,0,10,0,3,0,2,0,2,0,4,2,35.7258325,139.60197083333333,3,3,,,,
1,30,558,284,2,0,1,10320,0,120,2021,11,4,17,24,21,,,,,1,1,1,1,1,9,22,0,23,14,9,30,70,5,3,1,45,75,14,61,31,0,,,,,,,2,0,50,0,3,0,2,0,2,0,4,2,35.73349555555556,139.5901213888889,5,3,,,,
1,30,558,286,2,0,1,30000,0,120,2021,11,4,11,55,12,,,,,1,1,1,14,7,0,23,0,23,3,9,1,70,5,3,1,55,45,3,61,31,0,,,,,,,2,0,30,0,3,0,2,0,2,0,4,2,35.75223666666667,139.59734,5,3,,,,
1,30,558,287,2,0,1,10240,0,120,2021,11,6,17,35,21,,,,,1,1,1,14,7,0,23,0,23,5,9,1,70,4,2,1,65,75,14,61,31,0,,,,,,,5,0,10,0,3,0,2,0,2,0,4,2,35.71946416666667,139.5922313888889,7,3,,,,
1,30,558,289,2,0,1,30000,0,120,2021,11,8,17,16,21,,,,,1,1,1,1,7,9,22,0,23,14,9,30,70,4,2,1,45,65,3,61,1,0,,,,,,,3,0,10,0,3,0,2,0,2,0,4,2,35.741973055555555,139.60717138888887,2,3,,,,
1,30,558,293,2,0,1,30000,0,120,2021,10,20,18,35,22,,,,,1,1,1,14,7,0,23,0,23,3,9,1,70,5,3,1,65,45,3,61,31,0,,,,,,,2,0,40,0,3,0,2,0,2,0,4,2,35.733019722222224,139.60636555555556,4,3,,,,
1,30,558,297,2,0,1,30000,0,120,2021,11,19,18,2,22,,,,,1,1,1,14,7,0,23,0,23,3,9,1,70,4,1,1,1,45,51,61,0,0,,,,,,,0,0,10,0,4,0,0,0,0,0,4,2,35.724248611111115,139.5941738888889,6,3,,,,
1,30,558,302,2,0,1,99000,0,120,2021,11,1,6,6,11,,,,,2,1,1,0,7,0,23,0,23,0,0,20,70,0,4,1,25,45,14,61,31,0,,,,,,,10,0,30,0,4,0,2,0,2,0,4,2,35.757514722222226,139.59778166666666,2,3,,,,
1,30,558,303,2,0,1,30000,0,120,2021,11,11,18,45,22,,,,,1,1,1,7,7,0,23,0,23,2,9,1,70,5,3,1,65,35,3,61,31,0,,,,,,,1,0,20,0,4,0,2,0,2,0,4,2,35.75476583333333,139.59234805555556,5,3,,,,
1,30,559,172,2,0,1,30000,0,119,2021,11,8,11,0,12,,,,,1,1,1,1,7,9,22,0,23,17,9,30,70,4,2,1,55,55,3,61,31,0,,,,,,,10,0,20,0,3,0,2,0,2,0,4,2,35.77674833333333,139.63265111111113,2,3,,,,
1,30,559,177,2,0,1,30000,0,119,2021,11,17,8,55,12,,,,,1,1,1,14,7,0,23,0,23,1,9,1,70,5,4,1,45,35,3,61,31,0,,,,,,,2,0,40,0,4,0,2,0,2,0,4,2,35.775435277777774,139.65016527777777,4,3,,,,
1,30,559,178,2,0,1,30000,0,119,2021,11,25,6,15,23,,,,,1,1,1,14,1,0,23,0,23,3,9,1,70,4,2,1,45,75,3,61,1,0,,,,,,,2,0,10,0,3,0,2,0,2,0,4,2,35.77588305555555,139.63458388888887,5,3,,,,
1,30,559,181,2,0,1,95000,0,119,2021,11,22,23,0,22,,,,,3,1,2,1,1,9,22,0,23,15,9,30,70,4,2,1,25,25,3,61,1,0,,,,,,,2,0,40,0,4,0,2,0,2,0,4,2,35.76925027777778,139.66142333333335,2,2,,,,
1,30,559,185,2,0,1,20000,0,119,2021,11,30,11,12,12,,,,,1,1,1,1,1,9,22,0,23,15,9,30,70,4,1,1,75,55,3,61,31,0,,,,,,,3,0,10,0,4,0,2,0,2,0,4,2,35.78418111111111,139.66639166666667,3,3,,,,
1,30,560,304,2,0,1,30000,0,120,2021,8,22,17,10,12,,,,,2,1,1,14,7,0,23,0,23,2,9,1,70,5,3,1,25,25,4,61,31,0,,,,,,,5,0,10,0,3,0,2,0,2,0,4,2,35.751035,139.59875222222223,1,3,,,,
1,30,560,306,2,0,2,30000,0,120,2021,11,3,23,30,22,,,,,1,1,1,14,1,0,23,0,23,3,9,1,1,4,1,1,45,1,3,61,31,0,,,,,,,2,0,10,0,3,0,2,0,2,0,4,2,35.756483055555556,139.6221075,4,1,,,,
1,30,560,326,2,0,1,30000,0,120,2021,11,16,7,30,12,,,,,1,1,1,14,7,0,23,0,23,2,9,1,70,5,3,1,25,35,3,61,31,0,,,,,,,2,0,40,0,3,0,2,0,2,0,4,2,35.738663333333335,139.61992527777778,3,3,,,,
1,30,560,334,2,0,1,10200,0,120,2021,9,27,14,35,12,,,,,2,1,1,14,7,0,23,0,23,5,9,1,70,4,2,1,35,0,61,0,0,0,,,,,,,0,0,0,0,0,0,0,0,0,0,2,0,35.75899944444444,139.65437888888889,2,3,,,,
1,30,560,335,2,0,1,30000,0,120,2021,10,28,13,34,12,,,,,1,1,1,14,7,0,23,0,23,3,9,1,70,4,3,1,55,65,3,61,31,0,,,,,,,3,0,40,0,4,0,2,0,2,0,4,2,35.75647,139.63683333333333,5,3,,,,
1,30,560,338,2,0,1,30000,0,120,2021,11,25,7,5,11,,,,,1,1,1,1,1,9,22,0,23,11,9,30,70,5,2,1,1,45,35,61,31,0,,,,,,,2,0,20,0,3,0,0,0,0,0,4,2,35.75945194444444,139.64951527777777,5,3,,,,
1,30,660,160,2,0,1,30000,0,106,2021,11,22,13,55,12,,,,,2,1,2,14,7,0,23,0,23,3,9,1,1,5,2,1,55,65,12,61,1,0,,,,,,,1,0,30,0,4,0,2,0,2,0,4,2,35.71353611111111,139.7778352777778,2,2,,,,
1,30,661,85,2,0,1,30000,0,106,2021,11,21,17,35,22,,,,,3,1,2,1,7,9,22,0,23,14,9,30,70,4,2,1,1,75,3,61,31,0,,,,,,,2,0,10,0,4,0,2,0,2,0,4,2,35.722703888888894,139.79021305555554,1,3,,,,
1,30,662,99,2,0,1,20560,0,106,2021,11,22,0,10,22,,,,,3,1,2,1,1,9,22,0,23,18,9,30,70,1,1,1,35,25,3,61,1,0,,,,,,,4,0,10,0,3,0,2,0,2,0,4,2,35.715142500000006,139.7924975,2,2,,,,
1,30,662,102,2,0,1,20000,0,106,2021,11,27,16,20,13,,,,,1,1,1,14,7,0,23,0,23,3,9,1,70,5,2,1,45,75,35,61,31,0,,,,,,,3,0,10,0,3,0,0,0,0,0,4,2,35.72651694444445,139.8082591666667,7,3,,,,
1,30,662,106,2,0,1,30000,0,106,2021,11,21,21,50,22,,,,,3,1,1,14,7,0,23,0,23,2,9,1,70,5,4,1,1,0,61,0,0,0,,,,,,,0,0,0,0,0,0,0,0,0,0,2,0,35.71198805555556,139.79540083333333,1,3,,,,
1,30,663,143,2,0,1,20530,0,106,2021,11,25,8,45,12,,,,,1,1,1,1,1,9,22,0,23,18,9,30,70,1,2,1,45,25,3,61,31,0,,,,,,,4,0,20,0,4,0,2,0,2,0,4,2,35.71004305555556,139.78955472222222,5,3,,,,
1,30,664,84,2,0,1,10340,0,118,2021,11,12,16,35,13,,,,,2,1,1,1,1,9,22,0,23,15,9,30,1,4,1,1,25,75,51,61,0,0,,,,,,,0,0,10,0,3,0,0,0,0,0,4,2,35.7516075,139.78667,6,3,,,,
1,30,664,86,2,0,1,30000,0,118,2021,11,19,14,8,12,,,,,1,1,1,14,7,0,23,0,23,2,9,1,70,5,3,1,65,55,3,61,31,0,,,,,,,5,0,10,0,3,0,2,0,2,0,4,2,35.75254833333333,139.752825,6,3,,,,
1,30,664,91,2,0,1,30000,0,118,2021,11,15,9,40,12,,,,,1,1,1,14,7,0,23,0,23,3,9,1,70,5,2,1,35,55,13,61,31,0,,,,,,,10,0,80,0,4,0,2,0,2,0,4,2,35.75064305555556,139.7791527777778,2,3,,,,
1,30,665,56,2,0,1,30000,0,118,2021,11,3,17,20,21,,,,,1,1,1,14,7,0,23,0,23,3,9,1,70,5,3,1,75,1,3,61,31,0,,,,,,,3,0,40,0,4,0,2,0,2,0,4,2,35.735121666666664,139.80041833333334,4,1,,,,
1,30,665,57,2,0,1,40,61,118,2021,11,3,22,18,22,,,,,1,1,1,14,7,0,23,0,23,5,9,1,70,4,1,1,25,65,13,61,1,0,,,,,,,10,0,14,0,3,0,2,0,2,0,4,2,35.73303277777778,139.793215,4,1,,,,
1,30,665,60,2,0,1,40,58,118,2021,11,11,23,42,22,,,,,1,1,1,1,7,1,22,0,23,14,9,30,70,4,2,1,25,35,3,61,31,0,,,,,,,3,0,10,0,3,0,2,0,2,0,4,2,35.731118055555555,139.79208805555555,5,3,,,,
1,30,665,64,2,0,1,30000,0,118,2021,11,30,15,40,13,,,,,2,1,1,14,7,0,23,0,23,3,9,20,1,5,3,1,75,1,4,61,31,0,,,,,,,2,0,10,0,4,0,2,0,2,0,4,2,35.73144972222222,139.80685194444445,3,3,,,,
1,30,666,99,2,0,1,30000,0,118,2021,8,20,17,48,13,,,,,1,1,1,14,7,0,23,0,23,2,9,1,70,5,3,1,35,25,13,61,31,0,,,,,,,5,0,40,0,3,0,2,0,2,0,4,2,35.741842222222225,139.78157694444445,6,3,,,,
1,30,666,103,2,0,1,30000,0,118,2021,11,9,8,35,12,,,,,3,1,2,14,7,0,23,0,23,3,9,1,1,4,1,1,35,1,4,61,31,0,,,,,,,2,0,40,0,3,0,2,0,2,0,4,2,35.74450222222222,139.78637388888887,3,3,,,,
1,30,666,105,2,0,1,21060,0,118,2021,11,11,19,30,22,,,,,1,1,1,1,7,1,21,0,23,17,9,30,70,5,4,1,55,45,51,61,0,0,,,,,,,0,0,10,0,3,0,0,0,0,0,4,2,35.743808333333334,139.7768713888889,5,3,,,,
1,30,666,107,2,0,1,30000,0,118,2021,11,18,7,55,12,,,,,1,1,1,1,7,9,22,0,23,15,9,30,70,5,3,1,25,1,13,61,31,0,,,,,,,3,0,10,0,3,0,2,0,2,0,4,2,35.73604111111111,139.78509527777777,5,3,,,,
1,30,667,113,2,0,2,30000,0,121,2021,11,7,17,15,21,,,,,1,1,1,14,7,0,23,0,23,3,9,1,70,5,4,1,75,55,51,61,0,0,,,,,,,0,0,10,0,3,0,0,0,0,0,2,2,35.756775833333336,139.78934999999998,1,3,,,,
1,30,667,115,2,0,1,40,89,121,2021,11,11,13,20,12,,,,,1,1,1,14,7,0,23,0,23,2,9,1,70,5,1,1,65,75,14,61,1,0,,,,,,,10,0,10,0,3,0,2,0,2,0,4,2,35.75563833333333,139.8014125,5,3,,,,
1,30,667,117,2,0,1,30000,0,121,2021,11,17,21,14,22,,,,,1,1,1,14,7,0,23,0,23,3,9,1,70,5,3,1,35,0,61,0,0,0,,,,,,,0,0,0,0,0,0,0,0,0,0,2,0,35.75600305555555,139.79876583333333,4,3,,,,
1,30,668,400,2,0,1,10340,0,121,2021,10,29,9,47,12,,,,,1,1,2,14,7,0,23,0,23,3,9,1,70,4,3,1,35,35,36,61,31,0,,,,,,,2,0,10,0,4,0,0,0,0,0,4,2,35.76813472222222,139.7950386111111,6,3,,,,
1,30,668,427,2,0,1,95000,0,121,2021,11,19,11,48,12,,,,,1,1,1,14,7,0,23,0,23,5,9,1,70,1,2,1,55,75,51,61,0,0,,,,,,,0,0,10,0,2,0,0,0,0,0,4,2,35.77822138888889,139.80303055555558,6,3,,,,
1,30,668,437,2,0,1,30000,0,121,2021,11,30,6,5,23,,,,,1,1,1,1,7,9,22,0,23,11,9,30,70,5,4,1,25,75,51,61,0,0,,,,,,,0,0,10,0,3,0,0,0,0,0,4,2,35.774835833333334,139.76842833333333,3,3,,,,
1,30,668,443,2,0,1,30000,0,121,2021,9,27,16,15,12,,,,,1,1,1,7,1,0,23,0,23,3,6,1,70,5,2,1,55,45,3,61,31,0,,,,,,,3,0,10,0,3,0,2,0,2,0,4,2,35.77861166666666,139.7560102777778,2,3,,,,
1,30,669,501,2,0,1,30000,0,121,2021,11,2,12,0,12,,,,,1,1,1,14,7,0,23,0,23,2,9,1,70,5,2,1,45,65,17,61,1,0,,,,,,,3,0,0,0,4,0,2,0,2,0,4,2,35.77240416666667,139.84514833333336,3,2,,,,
1,30,669,503,2,0,1,30000,0,121,2021,11,4,3,10,22,,,,,1,1,1,1,7,9,22,0,23,14,9,30,70,4,2,1,35,45,36,61,31,0,,,,,,,2,0,10,0,3,0,0,0,0,0,4,2,35.78975388888889,139.8279375,5,3,,,,
1,30,669,516,2,0,1,30000,0,121,2021,11,11,15,35,12,,,,,1,1,1,1,2,1,21,0,23,15,9,30,70,4,1,1,55,1,51,61,0,0,,,,,,,0,0,10,0,3,0,0,0,0,0,4,2,35.764496111111114,139.80478833333333,5,3,,,,
1,30,669,522,2,0,1,30000,0,121,2021,11,14,18,55,22,,,,,1,1,1,14,7,0,23,0,23,2,9,1,70,5,3,1,55,45,3,61,31,0,,,,,,,10,0,30,0,3,0,2,0,2,0,4,2,35.783275277777776,139.8229275,1,3,,,,
1,30,669,525,2,0,1,20000,0,121,2021,11,18,0,15,22,,,,,1,1,1,14,7,0,23,0,23,4,9,1,70,5,2,1,25,55,51,61,0,0,,,,,,,0,0,40,0,4,0,0,0,0,0,4,2,35.78717638888889,139.8105288888889,5,3,,,,
1,30,669,528,2,0,1,10360,0,121,2021,11,20,9,30,12,,,,,1,1,1,1,1,9,22,0,23,15,9,30,70,4,2,1,75,1,3,61,31,0,,,,,,,3,0,10,0,3,0,2,0,2,0,4,2,35.75770416666667,139.82857777777778,7,3,,,,
1,30,669,540,2,0,1,30000,0,121,2021,11,27,16,56,21,,,,,1,1,1,14,7,0,23,0,23,3,9,1,70,5,3,1,65,35,3,61,31,0,,,,,,,10,0,40,0,3,0,2,0,2,0,4,2,35.76696305555556,139.8248272222222,7,3,,,,
1,30,669,546,2,0,1,30000,0,121,2021,11,29,18,55,22,,,,,1,1,1,1,7,1,21,0,23,14,9,30,1,5,3,1,45,55,17,61,31,0,,,,,,,2,0,50,0,4,0,2,0,2,0,4,2,35.768635555555555,139.83708722222224,2,3,,,,
1,30,669,552,2,0,1,30000,0,121,2021,11,12,7,55,12,,,,,1,1,1,1,7,9,22,0,23,14,9,30,70,4,2,1,35,35,14,61,31,0,,,,,,,10,0,10,0,3,0,2,0,2,0,4,2,35.76634722222222,139.80924861111112,6,3,,,,
1,30,670,328,1,1,0,30000,0,121,2021,11,8,6,5,23,,,,,2,1,1,1,1,9,22,0,23,15,9,30,70,5,2,1,45,75,13,61,31,0,,,,,,,3,0,10,0,3,0,2,0,2,0,4,1,35.78921222222222,139.81431111111112,2,3,,,,
1,30,670,336,2,0,1,10340,0,121,2021,11,10,5,10,22,,,,,2,1,1,7,1,0,23,0,23,1,9,1,70,5,2,1,65,65,3,61,31,0,,,,,,,3,0,10,0,3,0,2,0,2,0,4,2,35.80523611111111,139.79093722222223,4,3,,,,
1,30,670,339,2,0,1,30000,0,121,2021,11,12,5,55,23,,,,,1,1,1,14,7,0,23,0,23,5,9,1,70,4,2,1,45,75,35,61,31,0,,,,,,,5,0,10,0,3,0,0,0,0,0,4,2,35.79900416666666,139.76267277777777,6,3,,,,
1,30,670,346,2,0,1,30000,0,121,2021,11,22,18,15,22,,,,,3,1,2,1,1,9,22,0,23,15,9,30,70,5,2,1,45,35,3,61,31,0,,,,,,,10,0,10,0,3,0,2,0,2,0,4,2,35.79936611111111,139.76270666666667,2,2,,,,
1,30,670,349,2,0,1,30000,0,121,2021,11,26,16,5,13,,,,,1,1,1,1,1,9,22,0,23,15,9,30,70,5,2,1,25,1,4,61,31,0,,,,,,,3,0,10,0,3,0,2,0,2,0,4,2,35.81306055555555,139.82236444444445,6,3,,,,
1,30,771,392,2,0,2,30000,0,108,2021,11,2,9,5,12,,,,,1,1,1,14,7,0,23,0,23,4,9,1,70,4,2,1,35,1,51,61,0,0,,,,,,,0,0,10,0,3,0,0,0,0,0,2,2,35.65633805555555,139.79551527777778,3,2,,,,
1,30,771,400,2,0,1,30000,0,108,2021,11,11,15,45,13,,,,,1,1,1,1,7,1,21,0,23,14,9,30,70,4,2,1,65,1,4,61,1,0,,,,,,,10,0,80,0,3,0,2,0,2,0,4,2,35.68338555555555,139.81388166666667,5,3,,,,
1,30,771,418,2,0,1,10040,0,108,2021,10,9,1,10,22,,,,,1,1,1,1,1,9,22,0,23,15,9,30,70,1,2,1,55,35,3,61,1,0,,,,,,,4,0,20,0,3,0,2,0,2,0,4,2,35.66931694444444,139.81065555555557,7,3,,,,
1,30,772,240,2,0,1,30000,0,108,2021,11,10,17,57,22,,,,,1,1,1,1,7,9,22,0,23,15,9,30,70,4,1,1,25,65,4,61,31,0,,,,,,,2,0,10,0,3,0,2,0,2,0,4,2,35.67229777777778,139.82105833333333,4,3,,,,
1,30,772,252,2,0,1,10040,0,108,2021,11,22,17,40,22,,,,,3,1,2,1,1,9,22,0,23,17,9,30,70,5,1,1,45,45,3,61,31,0,,,,,,,4,0,10,0,4,0,2,0,2,0,4,2,35.66965833333333,139.82193833333332,2,2,,,,
1,30,772,256,2,0,1,30000,0,108,2021,11,27,15,0,12,,,,,1,1,1,14,7,0,23,0,23,4,9,1,70,4,2,1,45,1,3,61,31,0,,,,,,,10,0,10,0,3,0,2,0,2,0,4,2,35.684614999999994,139.82237444444445,7,3,,,,
1,30,773,265,2,0,1,20690,0,107,2021,11,22,16,35,21,,,,,3,1,2,7,1,0,23,0,23,5,9,1,70,5,1,1,25,1,13,61,1,0,,,,,,,4,0,10,0,4,0,2,0,2,0,4,2,35.70429888888889,139.81443555555558,2,2,,,,
1,30,773,270,2,0,1,140,41,107,2021,11,26,13,53,12,,,,,1,1,1,14,7,0,23,0,23,2,9,1,70,1,2,1,1,1,51,61,0,0,,,,,,,0,0,10,0,3,0,0,0,0,0,4,2,35.69546027777778,139.80972111111112,6,3,,,,
1,30,773,273,2,0,1,30000,0,107,2021,11,9,16,50,21,,,,,2,1,2,1,7,9,22,0,23,15,9,30,70,4,2,1,35,55,36,61,31,0,,,,,,,2,0,10,0,3,0,0,0,0,0,4,2,35.69293,139.7912425,3,3,,,,
1,30,774,126,2,0,1,60,74,107,2021,11,23,5,13,22,,,,,2,1,1,1,1,9,22,0,23,18,7,30,70,5,1,1,65,75,3,61,1,0,,,,,,,5,0,10,0,3,0,2,0,2,0,4,2,35.728703611111115,139.82499388888888,3,1,,,,
1,30,775,310,2,0,1,30000,0,122,2021,10,15,17,35,21,,,,,1,1,1,7,1,0,23,0,23,4,9,1,70,4,2,1,55,1,13,61,31,0,,,,,,,3,0,10,0,3,0,2,0,2,0,4,2,35.76301138888889,139.83973305555557,6,3,,,,
1,30,775,314,2,0,1,30000,0,122,2021,10,8,19,20,22,,,,,1,1,1,14,7,0,23,0,23,1,9,1,70,5,4,1,35,35,13,61,31,0,,,,,,,10,0,40,0,4,0,2,0,2,0,4,2,35.75601833333333,139.87988833333335,6,3,,,,
1,30,775,316,2,0,1,30000,0,122,2021,11,11,7,20,12,,,,,1,1,1,14,7,0,23,0,23,3,9,1,70,5,2,1,1,55,51,61,0,0,,,,,,,0,0,10,0,3,0,0,0,0,0,4,2,35.74727083333333,139.85019722222222,5,3,,,,
1,30,775,326,2,0,1,30000,0,122,2021,11,22,19,50,22,,,,,3,1,2,1,1,9,22,0,23,15,9,30,70,5,2,1,45,45,3,61,31,0,,,,,,,3,0,10,0,3,0,2,0,2,0,4,2,35.76008777777778,139.86888000000002,2,2,,,,
1,30,776,178,2,0,1,30000,0,122,2021,11,2,5,50,23,,,,,2,1,3,1,7,1,22,0,23,11,9,30,70,5,2,1,55,65,14,61,31,0,,,,,,,10,0,10,0,3,0,2,0,2,0,4,2,35.74486972222223,139.85597611111112,3,2,,,,
1,30,777,631,2,0,1,30000,0,123,2021,11,5,18,35,22,,,,,1,1,1,1,7,9,22,0,23,15,9,30,70,5,2,1,75,75,4,61,31,0,,,,,,,3,0,10,0,3,0,2,0,2,0,4,2,35.69197138888889,139.90025055555557,6,3,,,,
1,30,777,633,2,0,1,95000,0,123,2021,11,6,10,25,12,,,,,1,1,1,14,7,0,23,0,23,3,9,1,70,4,4,1,45,45,51,61,0,0,,,,,,,0,0,10,0,4,0,0,0,0,0,4,2,35.68673972222222,139.8503461111111,7,3,,,,
1,30,777,637,2,0,1,140,100,123,2021,11,9,12,57,12,,,,,3,1,2,1,1,9,22,0,23,18,9,30,70,6,1,1,75,65,17,61,31,0,,,,,,,10,0,10,0,3,0,2,0,2,0,4,2,35.703089722222224,139.87364250000002,3,3,,,,
1,30,777,648,2,0,1,30000,0,123,2021,11,11,3,0,22,,,,,1,1,1,14,7,0,23,0,23,2,9,1,70,5,2,1,75,65,3,61,1,0,,,,,,,2,0,40,0,3,0,2,0,2,0,4,2,35.70582277777778,139.8653186111111,5,3,,,,
1,30,777,664,2,0,1,30000,0,123,2021,11,7,20,10,22,,,,,1,1,1,1,7,1,22,0,23,15,9,30,70,4,1,1,35,45,51,61,0,0,,,,,,,0,0,10,0,3,0,0,0,0,0,4,2,35.686715,139.8767963888889,1,3,,,,
1,30,777,666,2,0,1,21190,0,123,2021,11,8,16,50,21,,,,,2,1,1,1,1,9,22,0,23,19,9,30,70,1,2,1,1,55,51,61,0,0,,,,,,,0,0,10,0,3,0,0,0,0,0,4,2,35.708975833333334,139.84276972222224,2,3,,,,
1,30,777,673,2,0,2,140,88,123,2021,11,18,8,45,12,,,,,1,1,1,14,7,0,23,0,23,1,9,1,70,5,1,1,35,0,61,0,0,0,,,,,,,0,0,0,0,0,0,0,0,0,0,2,0,35.70129638888889,139.8600925,5,3,,,,
1,30,777,679,2,0,2,30000,0,123,2021,11,5,20,50,22,,,,,1,1,1,7,7,0,23,0,23,1,9,1,1,4,2,1,65,35,4,61,31,0,,,,,,,2,0,10,0,3,0,2,0,2,0,4,2,35.70549333333334,139.90670083333333,6,3,,,,
1,30,777,684,2,0,1,30520,0,123,2021,11,22,19,57,22,,,,,2,1,2,1,1,9,22,0,23,15,9,30,70,1,2,1,1,35,3,61,31,0,,,,,,,3,0,10,0,3,0,2,0,2,0,4,2,35.6822325,139.8893163888889,2,2,,,,
1,30,777,685,2,0,1,30000,0,123,2021,11,24,8,15,12,,,,,1,1,1,7,7,0,23,0,23,2,9,1,70,4,2,1,25,1,4,61,31,0,,,,,,,3,0,20,0,3,0,2,0,2,0,4,2,35.708821111111114,139.84762361111112,4,3,,,,
1,30,777,688,2,0,1,30000,0,123,2021,11,24,14,40,12,,,,,1,1,1,14,7,0,23,0,23,3,9,1,70,5,3,1,35,1,14,61,31,0,,,,,,,5,0,20,0,3,0,2,0,2,0,4,2,35.70458444444445,139.89291555555556,4,3,,,,
1,30,777,692,2,0,1,30000,0,123,2021,11,26,10,30,12,,,,,1,1,1,14,7,0,23,0,23,2,9,1,70,4,4,1,25,1,35,61,31,0,,,,,,,3,0,40,0,3,0,0,0,0,0,4,2,35.69076472222222,139.8607047222222,6,3,,,,
1,30,777,693,2,0,1,10390,0,123,2021,11,27,8,55,12,,,,,1,1,1,14,7,0,23,0,23,3,9,1,70,4,2,1,1,1,51,61,0,0,,,,,,,0,0,10,0,3,0,0,0,0,0,4,2,35.70235777777778,139.8680363888889,7,3,,,,
1,30,777,703,2,0,1,30000,0,123,2021,11,24,17,55,22,,,,,1,1,1,14,7,0,23,0,23,3,9,1,70,5,1,1,75,25,4,61,31,0,,,,,,,2,0,40,0,3,0,2,0,2,0,4,2,35.70880638888889,139.83898333333335,4,3,,,,