資料区分,都道府県コード,警察署等コード,本票番号,事故内容,死者数,負傷者数,路線コード,地点コード,市区町村コード,発生日時　　年,発生日時　　月,発生日時　　日,発生日時　　時,発生日時　　分,昼夜,日の出時刻　　時,日の出時刻　　分,日の入り時刻　　時,日の入り時刻　　分,天候,地形,路面状態,道路形状,信号機,一時停止規制　標識（当事者A）,一時停止規制　表示（当事者A）,一時停止規制　標識（当事者B）,一時停止規制　表示（当事者B）,車道幅員,道路線形,衝突地点,ゾーン規制,中央分離帯施設等,歩車道区分,事故類型,年齢（当事者A）,年齢（当事者B）,当事者種別（当事者A）,当事者種別（当事者B）,用途別（当事者A）,用途別（当事者B）,車両形状等（当事者A）,車両形状等（当事者B）,オートマチック車（当事者A）,オートマチック車（当事者B）,サポカー（当事者A）,サポカー（当事者B）,速度規制（指定のみ）（当事者A）,速度規制（指定のみ）（当事者B）,車両の衝突部位（当事者A）,車両の衝突部位（当事者B）,車両の損壊程度（当事者A）,車両の損壊程度（当事者B）,エアバッグの装備（当事者A）,エアバッグの装備（当事者B）,サイドエアバッグの装備（当事者A）,サイドエアバッグの装備（当事者B）,人身損傷程度（当事者A）,人身損傷程度（当事者B）,lat,lon,曜日(発生年月日),祝日(発生年月日),認知機能検査経過日数（当事者A）,認知機能検査経過日数（当事者B）,運転練習の方法（当事者A）,運転練習の方法（当事者B）
1,30,778,176,1,1,0,30000,0,123,2021,11,4,18,0,22,,,,,1,1,1,1,7,9,22,0,23,11,9,30,70,5,2,1,55,75,4,61,31,0,,,,,,,10,0,50,0,3,0,2,0,2,0,4,1,35.726307222222225,139.88691444444444,5,3,,,,
1,30,778,179,2,0,1,99000,0,123,2021,11,3,7,35,12,,,,,1,1,1,0,7,0,23,0,23,0,0,20,70,0,4,1,1,45,3,61,31,0,,,,,,,10,0,30,0,3,0,2,0,2,0,4,2,35.71278138888889,139.87920722222222,4,1,,,,
1,30,778,182,2,0,1,30000,0,123,2021,11,10,16,18,13,,,,,1,1,1,7,7,0,23,0,23,2,9,1,70,5,3,1,45,1,3,61,31,0,,,,,,,2,0,40,0,3,0,2,0,2,0,4,2,35.73936916666667,139.8958411111111,4,3,,,,
1,30,778,184,2,0,1,30000,0,123,2021,11,13,18,12,22,,,,,1,1,1,1,1,9,22,0,23,14,9,30,70,5,2,1,55,35,4,61,31,0,,,,,,,5,0,10,0,3,0,2,0,2,0,4,2,35.73744277777778,139.8817627777778,7,3,,,,
1,30,778,187,2,0,1,30000,0,123,2021,11,19,20,10,22,,,,,1,1,1,14,7,0,23,0,23,3,9,1,70,4,2,1,65,35,14,61,1,0,,,,,,,2,0,20,0,3,0,2,0,2,0,4,2,35.736061666666664,139.8833511111111,6,3,,,,
1,30,778,188,2,0,2,30000,0,123,2021,11,20,9,52,12,,,,,1,1,1,7,1,0,23,0,23,3,9,1,70,1,2,1,75,65,3,61,31,0,,,,,,,2,0,20,0,4,0,2,0,2,0,4,2,35.714691111111115,139.8899775,7,3,,,,
1,30,778,190,2,0,1,30000,0,123,2021,11,24,6,54,11,,,,,1,1,1,14,7,0,23,0,23,3,9,1,70,5,2,1,55,45,3,61,1,0,,,,,,,2,0,40,0,3,0,2,0,2,0,4,2,35.733066111111114,139.88230361111113,4,3,,,,
1,30,778,193,2,0,1,20700,0,123,2021,11,30,4,46,22,,,,,1,1,1,14,7,0,23,0,23,4,9,1,70,5,1,1,75,75,3,61,31,0,,,,,,,2,0,10,0,3,0,2,0,2,0,4,2,35.71053666666667,139.90718583333333,3,3,,,,
1,30,779,277,2,0,1,10350,0,123,2021,11,6,6,30,11,,,,,1,1,1,1,1,9,22,0,23,14,9,30,1,1,2,1,65,35,14,61,31,0,,,,,,,4,0,10,0,2,0,2,0,2,0,4,2,35.66947638888889,139.86136333333332,7,3,,,,
1,30,779,279,2,0,1,30000,0,123,2021,11,6,12,40,12,,,,,1,1,1,1,7,9,22,0,23,14,9,30,70,5,2,1,1,35,33,61,31,0,,,,,,,2,0,10,0,3,0,0,0,0,0,4,2,35.656614166666664,139.884595,7,3,,,,
1,30,779,280,2,0,1,30000,0,123,2021,11,6,18,55,22,,,,,1,1,1,1,7,3,21,0,23,15,9,30,70,5,2,1,35,55,4,61,31,0,,,,,,,2,0,50,0,3,0,2,0,2,0,4,2,35.66924888888889,139.8689225,7,3,,,,
1,30,779,281,2,0,1,30000,0,123,2021,11,7,11,20,12,,,,,1,1,1,14,7,0,23,0,23,3,9,1,70,4,2,1,75,0,61,0,0,0,,,,,,,0,0,0,0,0,0,0,0,0,0,2,0,35.657466944444444,139.86105777777777,1,3,,,,
1,30,779,291,2,0,1,3570,229,123,2021,11,14,23,46,22,,,,,1,1,1,14,7,0,23,0,23,3,9,1,70,5,1,1,45,1,12,61,1,0,,,,,,,5,0,40,0,3,0,2,0,2,0,4,2,35.64180138888889,139.87124472222223,1,3,,,,
1,30,779,295,2,0,1,30000,0,123,2021,11,16,18,20,22,,,,,1,1,1,14,7,0,23,0,23,3,9,1,70,4,2,1,35,1,51,61,0,0,,,,,,,0,0,10,0,4,0,0,0,0,0,4,2,35.66567777777777,139.86111694444443,3,3,,,,
1,30,779,297,2,0,1,30000,0,123,2021,11,17,18,0,22,,,,,1,1,1,14,7,0,23,0,23,3,9,1,70,4,2,1,1,1,3,61,31,0,,,,,,,3,0,50,0,4,0,2,0,2,0,4,2,35.64371583333333,139.87282361111113,4,3,,,,
1,30,876,381,2,0,1,20770,0,201,2021,10,22,8,18,12,,,,,3,2,2,1,1,9,22,0,23,15,7,30,70,5,2,1,55,1,12,61,1,0,,,,,,,4,0,40,0,4,0,2,0,2,0,4,2,35.642695555555555,139.33880194444444,6,3,,,,
1,30,876,384,2,0,1,95000,0,201,2021,11,3,12,5,12,,,,,1,1,1,13,7,0,23,0,23,3,1,1,70,5,4,1,75,75,3,61,31,0,,,,,,,10,0,10,0,3,0,2,0,2,0,4,2,35.604533611111115,139.38397999999998,4,1,,,,
1,30,876,390,2,0,1,30000,0,201,2021,11,6,21,0,22,,,,,1,1,1,7,7,0,23,0,23,2,9,20,70,5,3,1,65,55,3,61,1,0,,,,,,,10,0,10,0,3,0,2,0,2,0,4,2,35.64913833333333,139.35387527777777,7,3,,,,
1,30,876,399,2,0,1,30000,0,201,2021,11,16,19,50,22,,,,,1,1,1,14,7,0,23,0,23,3,9,1,70,4,2,1,45,45,3,61,31,0,,,,,,,2,0,10,0,3,0,2,0,2,0,4,2,35.62426166666667,139.35401249999998,3,3,,,,
1,30,876,409,2,0,1,30000,0,201,2021,11,2,18,25,22,,,,,1,1,1,1,1,9,22,0,23,18,9,30,70,5,1,1,65,1,3,61,31,0,,,,,,,3,0,10,0,3,0,2,0,2,0,4,2,35.63062138888889,139.32806805555555,3,2,,,,
1,30,877,279,2,0,1,30000,0,201,2021,11,7,16,5,13,,,,,1,2,1,14,7,0,23,0,23,2,9,1,70,5,3,1,1,1,4,61,31,0,,,,,,,2,0,40,0,4,0,2,0,2,0,4,2,35.67494611111111,139.30103333333335,1,3,,,,
1,30,877,281,2,0,1,99000,0,201,2021,11,15,10,20,12,,,,,1,2,1,0,7,0,23,0,23,0,0,20,70,0,4,1,45,65,3,61,31,0,,,,,,,10,0,50,0,3,0,2,0,2,0,4,2,35.63127027777778,139.29112777777777,2,3,,,,
1,30,877,283,2,0,1,30000,0,201,2021,11,14,16,32,13,,,,,1,3,1,14,7,0,23,0,23,2,9,1,70,5,2,1,55,25,14,61,1,0,,,,,,,2,0,40,0,3,0,2,0,2,0,4,2,35.65962388888889,139.3050166666667,1,3,,,,
1,30,877,302,2,0,1,30000,0,201,2021,11,29,7,25,11,,,,,1,3,1,1,7,1,22,0,23,14,9,30,70,4,1,1,35,1,3,61,31,0,,,,,,,2,0,14,0,3,0,2,0,2,0,4,2,35.647728888888885,139.3000602777778,2,3,,,,
1,30,877,303,2,0,1,30000,0,201,2021,11,30,7,5,11,,,,,1,1,1,1,7,2,22,0,23,11,9,30,70,4,1,1,55,55,4,61,31,0,,,,,,,10,0,10,0,3,0,2,0,2,0,4,2,35.65989305555556,139.30533583333334,3,3,,,,
1,30,878,399,2,0,1,30000,0,225,2021,11,1,15,23,12,,,,,1,1,1,1,7,1,21,0,23,11,9,30,70,4,2,1,65,65,3,61,31,0,,,,,,,10,0,10,0,4,0,2,0,2,0,4,2,35.636983888888885,139.5084447222222,2,3,,,,
1,30,878,420,2,0,1,30000,0,225,2021,11,16,17,40,22,,,,,1,1,1,1,7,9,22,0,23,11,9,30,70,4,2,1,55,55,3,61,31,0,,,,,,,10,0,20,0,4,0,2,0,2,0,4,2,35.63686222222222,139.510695,3,3,,,,
1,30,878,424,2,0,1,21100,0,224,2021,11,19,8,35,12,,,,,1,1,1,14,7,0,23,0,23,2,9,1,70,1,2,1,35,45,36,61,31,0,,,,,,,2,0,10,0,3,0,0,0,0,0,4,2,35.62148944444444,139.45960277777777,6,3,,,,
1,30,878,429,2,0,1,30000,0,224,2021,11,22,16,50,21,,,,,3,2,2,1,7,9,22,0,23,14,9,30,70,4,2,1,45,55,4,61,31,0,,,,,,,2,0,10,0,3,0,2,0,2,0,4,2,35.6146075,139.40115555555556,2,2,,,,
1,30,878,437,2,0,1,21100,0,224,2021,11,28,12,20,12,,,,,1,2,1,7,1,0,23,0,23,3,9,1,70,1,1,1,35,45,3,61,31,0,,,,,,,4,0,10,0,3,0,2,0,2,0,4,2,35.612471944444444,139.41581,1,3,,,,
1,30,878,439,2,0,1,30000,0,225,2021,11,30,16,55,21,,,,,2,1,1,1,1,9,22,0,23,15,9,30,70,1,2,1,45,65,3,61,31,0,,,,,,,3,0,10,0,3,0,2,0,2,0,4,2,35.62108277777778,139.46983333333333,3,3,,,,
1,30,879,484,2,0,1,30000,0,220,2021,11,2,14,0,12,,,,,1,2,1,1,1,0,23,0,23,11,9,30,70,5,2,1,45,0,61,0,0,0,,,,,,,0,0,0,0,0,0,0,0,0,0,2,0,35.74246222222222,139.43064694444445,3,2,,,,
1,30,879,485,2,0,1,30000,0,220,2021,11,2,15,0,12,,,,,1,2,1,14,7,0,23,0,23,2,9,1,70,4,2,1,55,65,4,61,31,0,,,,,,,2,0,80,0,3,0,2,0,2,0,4,2,35.735058333333335,139.42539305555556,3,2,,,,
1,30,879,494,2,0,1,30000,0,220,2021,11,7,14,40,12,,,,,1,1,1,1,1,9,22,0,23,14,9,30,70,5,2,1,45,1,3,61,31,0,,,,,,,3,0,10,0,3,0,2,0,2,0,4,2,35.742601666666665,139.43451583333334,1,3,,,,
1,30,879,515,2,0,1,30000,0,223,2021,11,17,18,0,22,,,,,1,2,1,14,7,0,23,0,23,2,9,20,70,5,4,1,1,45,51,61,0,0,,,,,,,0,0,10,0,3,0,0,0,0,0,4,2,35.75935972222222,139.3656147222222,4,3,,,,
1,30,879,541,2,0,1,30000,0,220,2021,11,3,15,30,12,,,,,1,1,1,14,7,0,23,0,23,2,9,1,70,4,4,1,1,0,61,0,0,0,,,,,,,0,0,0,0,0,0,0,0,0,0,2,0,35.759476666666664,139.44106694444446,4,1,,,,
1,30,880,219,2,0,1,30000,0,205,2021,11,6,19,0,22,,,,,1,1,1,7,7,0,23,0,23,2,9,1,70,5,2,1,25,25,14,61,31,0,,,,,,,10,0,10,0,3,0,2,0,2,0,4,2,35.78192027777778,139.3162613888889,7,3,,,,
1,30,880,222,2,0,1,30000,0,205,2021,10,11,15,0,12,,,,,1,1,1,14,7,0,23,0,23,3,9,1,70,5,3,1,25,1,3,61,31,0,,,,,,,10,0,20,0,3,0,2,0,2,0,4,2,35.78581222222222,139.28202388888892,2,3,,,,
1,30,880,231,2,0,1,95000,0,205,2021,11,23,17,30,22,,,,,1,1,1,0,7,0,23,0,23,0,0,20,70,0,4,1,55,35,4,61,31,0,,,,,,,10,0,10,0,4,0,2,0,2,0,4,2,35.79014361111111,139.25809916666665,3,1,,,,
1,30,881,137,2,0,1,10470,0,228,2021,11,11,15,15,12,,,,,1,2,1,1,7,9,22,0,23,15,9,30,70,4,2,1,35,75,4,61,31,0,,,,,,,3,0,80,0,3,0,2,0,2,0,4,2,35.728278333333336,139.22299333333333,5,3,,,,
1,30,881,138,2,0,1,10470,0,228,2021,11,13,12,40,12,,,,,1,1,1,14,7,0,23,0,23,4,9,1,70,4,2,1,35,1,31,61,31,0,,,,,,,3,0,10,0,3,0,0,0,0,0,4,2,35.726931666666665,139.20725805555554,7,3,,,,
1,30,881,147,2,0,1,99000,0,305,2021,10,31,19,50,22,,,,,2,1,1,0,7,0,23,0,23,0,0,20,70,0,4,1,55,75,3,61,31,0,,,,,,,10,0,30,0,4,0,2,0,2,0,4,2,35.733399722222224,139.27189055555556,1,3,,,,
1,30,882,343,2,0,1,99000,0,228,2021,9,7,16,20,12,,,,,1,2,1,0,7,0,23,0,23,0,0,20,70,0,4,1,45,45,14,61,31,0,,,,,,,10,0,30,0,3,0,2,0,2,0,4,2,35.74140027777778,139.30615833333334,3,3,,,,
1,30,882,348,2,0,1,20000,0,303,2021,10,29,17,40,21,,,,,1,1,1,1,1,9,22,0,23,15,9,30,70,4,2,1,65,35,3,61,31,0,,,,,,,3,0,10,0,3,0,2,0,2,0,4,2,35.779155555555555,139.32275194444443,6,3,,,,
1,30,882,353,2,0,1,95000,0,303,2021,11,19,14,18,12,,,,,1,1,1,14,7,0,23,0,23,1,9,1,70,5,3,1,1,0,61,0,0,0,,,,,,,0,0,0,0,0,0,0,0,0,0,2,0,35.76871444444444,139.35488027777777,6,3,,,,
1,30,882,354,2,0,1,160,509,218,2021,11,20,11,15,12,,,,,1,1,1,14,7,0,23,0,23,4,9,1,70,1,2,1,55,45,4,61,31,0,,,,,,,10,0,30,0,3,0,2,0,2,0,4,2,35.73692861111111,139.33948750000002,7,3,,,,
1,30,882,376,2,0,1,30000,0,218,2021,11,30,17,20,21,,,,,1,1,1,14,7,0,23,0,23,4,9,1,70,5,3,1,65,25,4,61,31,0,,,,,,,5,0,40,0,3,0,2,0,2,0,4,2,35.71949555555556,139.33799722222224,3,3,,,,
1,30,883,467,2,0,1,30000,0,201,2021,11,4,9,55,12,,,,,1,1,1,14,7,0,23,0,23,4,9,1,70,4,1,1,55,55,3,61,31,0,,,,,,,10,0,80,0,3,0,2,0,2,0,4,2,35.65781361111111,139.335945,5,3,,,,
1,30,883,468,2,0,1,30000,0,201,2021,11,5,13,6,12,,,,,1,1,1,14,7,0,23,0,23,2,9,1,70,5,2,1,55,75,1,61,1,0,,,,,,,10,0,10,0,3,0,2,0,2,0,4,2,35.657826944444444,139.3128927777778,6,3,,,,
1,30,883,473,2,0,1,20890,0,201,2021,11,10,17,50,22,,,,,1,1,1,14,7,0,23,0,23,2,9,1,70,5,1,1,25,35,51,61,0,0,,,,,,,0,0,10,0,3,0,0,0,0,0,4,2,35.659749444444444,139.34627222222224,4,3,,,,
1,30,883,476,2,0,1,30000,0,201,2021,11,12,8,15,12,,,,,1,1,1,1,1,9,22,0,23,14,9,30,70,5,2,1,55,1,3,61,31,0,,,,,,,3,0,10,0,3,0,2,0,2,0,4,2,35.65656722222222,139.31895694444444,6,3,,,,
1,30,883,481,2,0,1,30000,0,201,2021,10,30,21,25,22,,,,,1,1,1,1,7,9,22,0,23,15,9,30,70,5,3,1,65,35,3,61,1,0,,,,,,,10,0,30,0,3,0,2,0,2,0,4,2,35.65779861111111,139.33647416666668,7,3,,,,
1,30,883,482,2,0,1,30000,0,201,2021,11,1,17,45,21,,,,,2,1,1,14,7,0,23,0,23,3,9,1,70,4,1,1,45,25,3,61,31,0,,,,,,,5,0,10,0,3,0,2,0,2,0,4,2,35.66027388888889,139.34282833333333,2,3,,,,
1,30,883,489,2,0,1,30000,0,201,2021,11,18,17,34,22,,,,,1,1,1,14,7,0,23,0,23,2,9,1,70,5,4,1,25,25,3,61,31,0,,,,,,,10,0,10,0,3,0,2,0,2,0,4,2,35.66996833333333,139.34870305555557,5,3,,,,
1,30,883,494,2,0,1,30000,0,201,2021,11,24,7,40,12,,,,,1,1,1,13,7,0,23,0,23,3,3,20,70,5,4,1,35,1,36,61,31,0,,,,,,,2,0,10,0,3,0,0,0,0,0,4,2,35.66882944444444,139.33168083333334,4,3,,,,
1,30,883,498,2,0,1,30000,0,201,2021,11,13,19,20,22,,,,,1,1,1,1,7,1,21,0,23,11,9,30,70,5,3,1,35,25,3,61,31,0,,,,,,,1,0,10,0,3,0,2,0,2,0,4,2,35.66184138888889,139.34917583333333,7,3,,,,
1,30,883,503,2,0,1,30000,0,201,2021,10,16,21,15,22,,,,,1,2,1,14,7,0,23,0,23,2,9,1,70,5,3,1,35,1,51,61,0,0,,,,,,,0,0,20,0,4,0,0,0,0,0,4,2,35.65903,139.32103416666666,7,3,,,,
1,30,883,508,2,0,1,99000,0,201,2021,11,26,15,58,13,,,,,1,1,1,0,7,0,23,0,23,0,0,20,70,0,4,1,55,75,3,61,31,0,,,,,,,10,0,0,0,4,0,2,0,2,0,4,2,35.664165833333335,139.36795305555557,6,3,,,,
1,30,884,528,2,0,1,30000,0,209,2021,11,1,5,5,23,,,,,1,1,1,14,7,0,23,0,23,3,8,1,70,4,4,1,45,25,3,61,31,0,,,,,,,4,0,80,0,3,0,2,0,1,0,4,2,35.593652500000005,139.39704166666667,2,3,,,,
1,30,884,533,2,0,2,10490,0,209,2021,11,4,18,40,22,,,,,1,1,1,1,7,9,22,0,23,17,9,30,70,4,1,1,25,25,34,61,31,0,,,,,,,3,0,30,0,3,0,0,0,0,0,2,2,35.53923722222222,139.45347805555554,5,3,,,,
1,30,884,539,2,0,1,30000,0,209,2021,11,6,21,0,22,,,,,1,1,1,1,7,9,22,0,23,14,7,30,70,5,2,1,1,45,36,61,31,0,,,,,,,2,0,40,0,3,0,0,0,0,0,4,2,35.540730555555555,139.47775444444446,7,3,,,,
1,30,884,546,2,0,1,30000,0,209,2021,11,10,13,45,12,,,,,1,1,1,14,7,0,23,0,23,3,9,20,70,5,3,1,45,1,13,61,31,0,,,,,,,3,0,10,0,3,0,2,0,2,0,4,2,35.570523333333334,139.41833499999998,4,3,,,,
1,30,884,553,2,0,1,95000,0,209,2021,10,29,7,55,12,,,,,1,1,1,14,7,0,23,0,23,3,9,1,70,5,3,1,25,35,3,61,31,0,,,,,,,2,0,40,0,3,0,2,0,2,0,4,2,35.56563555555555,139.4611033333333,6,3,,,,
1,30,884,554,2,0,1,30000,0,209,2021,11,13,10,55,12,,,,,1,1,1,14,1,0,23,0,23,1,9,1,70,1,2,1,75,25,3,61,31,0,,,,,,,3,0,20,0,3,0,2,0,2,0,4,2,35.529605277777776,139.47055833333334,7,3,,,,
1,30,884,560,2,0,1,30000,0,209,2021,11,16,20,30,22,,,,,1,1,1,14,7,0,23,0,23,2,9,1,70,5,3,1,75,1,51,61,0,0,,,,,,,0,0,40,0,3,0,0,0,0,0,4,2,35.53549527777778,139.4516772222222,3,3,,,,
1,30,884,563,2,0,1,30000,0,209,2021,10,27,17,50,21,,,,,2,1,1,1,7,9,22,0,23,14,7,30,70,4,2,1,65,55,3,61,31,0,,,,,,,2,0,80,0,3,0,2,0,2,0,4,2,35.54653083333333,139.46109583333333,4,3,,,,
1,30,884,574,2,0,1,160,163,209,2021,11,19,19,25,22,,,,,1,1,1,7,1,0,23,0,23,5,9,20,70,5,2,1,55,1,4,61,31,0,,,,,,,5,0,10,0,3,0,2,0,2,0,4,2,35.50868194444445,139.47625833333333,6,3,,,,
1,30,884,579,2,0,2,30000,0,209,2021,11,21,21,7,22,,,,,3,1,2,1,1,9,22,0,23,18,9,30,70,4,2,1,65,1,3,61,31,0,,,,,,,3,0,10,0,4,0,2,0,2,0,4,2,35.58983166666667,139.46820833333334,1,3,,,,
1,30,884,581,2,0,1,30000,0,209,2021,7,9,8,0,12,,,,,3,1,2,14,7,0,23,0,23,2,9,1,70,5,2,1,1,1,51,61,0,0,,,,,,,0,0,10,0,4,0,0,0,0,0,4,2,35.59012972222222,139.47289305555555,6,3,,,,
1,30,884,586,2,0,1,30000,0,209,2021,11,23,9,15,12,,,,,1,1,1,14,7,0,23,0,23,2,8,1,1,5,4,1,55,1,14,61,1,0,,,,,,,10,0,50,0,3,0,2,0,2,0,4,2,35.56558777777777,139.44939194444444,3,1,,,,
1,30,884,588,2,0,1,10610,0,209,2021,11,21,18,45,22,,,,,3,1,2,1,1,9,22,0,23,18,9,30,70,5,2,1,55,1,3,61,31,0,,,,,,,3,0,10,0,3,0,2,0,2,0,4,2,35.584542500000005,139.4727875,1,3,,,,
1,30,884,594,2,0,1,30000,0,209,2021,11,27,5,50,23,,,,,1,1,1,1,1,9,22,0,23,15,7,30,1,4,2,1,65,65,3,61,31,0,,,,,,,3,0,50,0,3,0,2,0,2,0,4,2,35.53550277777778,139.48029944444446,7,3,,,,
1,30,884,599,2,0,1,30550,0,209,2021,11,27,20,20,22,,,,,1,1,1,1,1,9,22,0,23,14,9,30,70,4,2,1,45,35,3,61,31,0,,,,,,,3,0,50,0,3,0,2,0,2,0,4,2,35.57234833333334,139.41458305555557,7,3,,,,
1,30,884,607,2,0,1,30570,0,209,2021,11,13,10,20,12,,,,,1,1,1,14,7,0,23,0,23,4,8,1,70,4,1,1,55,55,51,61,0,0,,,,,,,0,0,10,0,4,0,0,0,0,0,4,2,35.57184638888889,139.44699666666668,7,3,,,,
1,30,884,613,2,0,1,30000,0,209,2021,11,16,19,12,22,,,,,1,1,1,1,7,9,22,0,23,11,9,30,70,5,4,1,25,25,4,61,31,0,,,,,,,5,0,10,0,3,0,2,0,2,0,4,2,35.57203361111112,139.46563999999998,3,3,,,,
1,30,884,616,2,0,1,99000,0,209,2021,11,3,16,5,13,,,,,1,1,5,0,7,0,23,0,23,0,0,20,70,0,4,1,65,45,3,61,31,0,,,,,,,5,0,40,0,3,0,2,0,2,0,4,2,35.60265888888889,139.39459722222222,4,1,,,,
1,30,884,618,2,0,1,95000,0,209,2021,10,29,12,50,12,,,,,1,2,1,1,7,9,22,0,23,15,9,30,70,4,2,1,45,65,52,61,0,0,,,,,,,0,0,20,0,4,0,0,0,0,0,4,2,35.54319861111111,139.44912861111112,6,3,,,,
1,30,885,331,2,0,1,30000,0,212,2021,11,23,9,38,12,,,,,1,2,1,14,7,0,23,0,23,1,9,1,70,5,3,1,35,45,14,61,31,0,,,,,,,10,0,10,0,3,0,2,0,2,0,4,2,35.67156555555555,139.4096113888889,3,1,,,,
1,30,885,335,2,0,1,20890,0,212,2021,11,30,7,25,11,,,,,1,3,1,7,1,0,23,0,23,4,9,1,70,4,2,1,65,55,3,61,31,0,,,,,,,4,0,10,0,3,0,2,0,2,0,4,2,35.66882,139.37076444444446,3,3,,,,
1,30,886,345,2,0,1,95000,0,207,2021,11,4,16,40,13,,,,,1,1,1,1,7,0,23,0,23,17,9,30,70,4,1,1,45,0,61,0,0,0,,,,,,,0,0,0,0,0,0,0,0,0,0,2,0,35.70070444444445,139.39169555555554,5,3,,,,
1,30,886,352,2,0,1,160,468,207,2021,11,9,18,5,22,,,,,2,2,1,1,1,9,22,0,23,11,9,30,70,1,2,1,35,45,4,61,31,0,,,,,,,5,0,10,0,2,0,2,0,2,0,4,2,35.706634722222226,139.34827055555556,3,3,,,,
1,30,886,356,2,0,1,30000,0,207,2021,11,12,20,40,22,,,,,1,1,1,1,7,9,22,0,23,14,1,30,70,5,4,1,1,45,4,61,31,0,,,,,,,2,0,50,0,3,0,2,0,2,0,4,2,35.70105111111111,139.37392305555557,6,3,,,,
1,30,886,362,2,0,1,30000,0,207,2021,11,17,18,14,22,,,,,1,2,1,7,7,0,23,0,23,2,9,1,70,4,2,1,75,45,3,61,31,0,,,,,,,3,0,40,0,4,0,2,0,2,0,4,2,35.71735638888889,139.3700938888889,4,3,,,,
1,30,886,367,2,0,1,99000,0,207,2021,11,22,17,40,22,,,,,3,1,2,0,7,0,23,0,23,0,0,20,70,0,4,1,1,45,13,61,31,0,,,,,,,10,0,30,0,3,0,2,0,2,0,4,2,35.712181666666666,139.37641222222223,2,2,,,,
1,30,886,371,2,0,1,30000,0,207,2021,11,30,7,30,11,,,,,1,1,1,7,1,0,23,0,23,3,9,1,70,4,2,1,35,25,3,61,31,0,,,,,,,3,0,20,0,3,0,2,0,2,0,4,2,35.71751277777778,139.35884638888888,3,3,,,,
1,30,886,375,2,0,1,99000,0,207,2021,11,30,17,0,21,,,,,1,1,1,0,7,0,23,0,23,0,0,20,70,0,4,1,25,65,3,61,31,0,,,,,,,10,0,30,0,3,0,2,0,2,0,4,2,35.71307111111111,139.3560447222222,3,3,,,,
1,30,887,480,2,0,1,30000,0,202,2021,11,4,18,35,22,,,,,1,2,1,1,1,9,22,0,23,15,9,30,70,4,1,1,1,65,51,61,0,0,,,,,,,0,0,40,0,4,0,0,0,0,0,4,2,35.732773055555555,139.37541722222224,5,3,,,,
1,30,887,490,2,0,1,30000,0,215,2021,11,11,10,32,12,,,,,1,1,1,14,7,0,23,0,23,1,9,20,70,5,4,1,65,75,14,61,1,0,,,,,,,10,0,40,0,3,0,2,0,2,0,4,2,35.68145333333333,139.44242555555556,5,3,,,,
1,30,887,491,2,0,1,30000,0,202,2021,11,11,15,25,12,,,,,1,1,1,13,7,0,23,0,23,1,6,1,70,5,3,1,35,55,3,61,31,0,,,,,,,10,0,40,0,3,0,2,0,2,0,4,2,35.70613027777778,139.41630472222224,5,3,,,,
1,30,887,499,2,0,1,10550,0,202,2021,11,14,17,30,21,,,,,1,1,1,1,1,9,22,0,23,17,9,30,70,4,2,1,1,25,4,61,31,0,,,,,,,4,0,10,0,3,0,2,0,2,0,4,2,35.69152777777777,139.39535222222221,1,3,,,,
1,30,887,506,2,0,1,10260,0,202,2021,11,17,18,7,22,,,,,1,1,1,14,1,0,23,0,23,4,9,1,70,4,2,1,45,55,3,61,31,0,,,,,,,3,0,10,0,3,0,2,0,2,0,4,2,35.725793333333336,139.3922825,4,3,,,,
1,30,887,523,2,0,1,30000,0,202,2021,11,24,11,18,12,,,,,1,1,1,14,7,0,23,0,23,1,9,1,1,5,4,1,55,75,4,61,31,0,,,,,,,2,0,30,0,3,0,2,0,2,0,4,2,35.70008555555556,139.41526222222222,4,3,,,,
1,30,887,543,2,0,1,30000,0,202,2021,11,29,14,30,12,,,,,1,1,1,14,7,0,23,0,23,2,9,20,70,5,4,1,75,1,14,61,31,0,,,,,,,2,0,10,0,3,0,2,0,2,0,4,2,35.73379666666667,139.3725975,2,3,,,,
1,30,888,246,1,1,0,30000,0,206,2021,11,15,19,12,22,,,,,1,1,1,1,7,9,22,0,23,15,9,30,70,4,2,1,65,55,3,61,31,0,,,,,,,3,0,10,0,3,0,2,0,2,0,4,1,35.67048138888889,139.4495388888889,2,3,,,,
1,30,888,248,2,0,2,30000,0,206,2021,11,1,10,5,12,,,,,1,1,1,14,7,0,23,0,23,2,9,1,70,5,2,1,65,75,35,61,31,0,,,,,,,10,0,10,0,3,0,0,0,0,0,2,2,35.65667722222222,139.50533916666666,2,3,,,,
1,30,888,251,2,0,1,200,329,206,2021,11,3,0,40,22,,,,,1,1,1,14,7,0,23,0,23,5,9,1,70,4,2,1,45,35,3,61,31,0,,,,,,,4,0,10,0,2,0,2,0,2,0,4,2,35.67608972222222,139.452815,4,1,,,,
1,30,888,255,2,0,1,30000,0,206,2021,11,8,13,43,12,,,,,2,1,1,14,7,0,23,0,23,3,9,1,70,5,2,1,1,45,51,61,0,0,,,,,,,0,0,10,0,3,0,0,0,0,0,4,2,35.68215611111111,139.49410972222222,2,3,,,,