資料区分,都道府県コード,警察署等コード,本票番号,事故内容,死者数,負傷者数,路線コード,地点コード,市区町村コード,発生日時　　年,発生日時　　月,発生日時　　日,発生日時　　時,発生日時　　分,昼夜,日の出時刻　　時,日の出時刻　　分,日の入り時刻　　時,日の入り時刻　　分,天候,地形,路面状態,道路形状,信号機,一時停止規制　標識（当事者A）,一時停止規制　表示（当事者A）,一時停止規制　標識（当事者B）,一時停止規制　表示（当事者B）,車道幅員,道路線形,衝突地点,ゾーン規制,中央分離帯施設等,歩車道区分,事故類型,年齢（当事者A）,年齢（当事者B）,当事者種別（当事者A）,当事者種別（当事者B）,用途別（当事者A）,用途別（当事者B）,車両形状等（当事者A）,車両形状等（当事者B）,オートマチック車（当事者A）,オートマチック車（当事者B）,サポカー（当事者A）,サポカー（当事者B）,速度規制（指定のみ）（当事者A）,速度規制（指定のみ）（当事者B）,車両の衝突部位（当事者A）,車両の衝突部位（当事者B）,車両の損壊程度（当事者A）,車両の損壊程度（当事者B）,エアバッグの装備（当事者A）,エアバッグの装備（当事者B）,サイドエアバッグの装備（当事者A）,サイドエアバッグの装備（当事者B）,人身損傷程度（当事者A）,人身損傷程度（当事者B）,lat,lon,曜日(発生年月日),祝日(発生年月日),認知機能検査経過日数（当事者A）,認知機能検査経過日数（当事者B）,運転練習の方法（当事者A）,運転練習の方法（当事者B）
1,30,888,262,2,0,1,95000,0,206,2021,11,17,14,58,12,,,,,1,1,1,1,1,9,22,0,23,18,9,30,70,1,2,1,75,25,51,61,0,0,,,,,,,0,0,40,0,4,0,0,0,0,0,4,2,35.68021472222222,139.45924555555555,4,3,,,,
1,30,888,266,2,0,1,30000,0,206,2021,11,7,18,40,22,,,,,1,1,1,14,7,0,23,0,23,3,9,1,70,4,2,1,55,25,51,61,0,0,,,,,,,0,0,10,0,3,0,0,0,0,0,4,2,35.67400333333333,139.49035527777775,1,3,,,,
1,30,888,268,2,0,1,200,290,206,2021,11,21,9,5,12,,,,,3,1,2,1,1,9,22,0,23,18,9,30,70,5,2,1,45,35,3,61,31,0,,,,,,,4,0,10,0,3,0,2,0,2,0,4,2,35.67039055555556,139.49434277777777,1,3,,,,
1,30,888,273,2,0,1,30000,0,206,2021,11,28,12,50,12,,,,,1,1,1,14,7,0,23,0,23,2,9,1,70,5,4,1,25,75,4,61,31,0,,,,,,,5,0,20,0,3,0,2,0,2,0,4,2,35.67338972222222,139.45147388888887,1,3,,,,
1,30,889,222,2,0,1,99000,0,210,2021,9,7,20,25,22,,,,,1,1,1,0,7,0,23,0,23,0,0,20,70,0,4,1,35,75,51,61,0,0,,,,,,,0,0,10,0,3,0,0,0,0,0,4,2,35.714377222222225,139.51339333333334,3,3,,,,
1,30,889,229,2,0,1,95000,0,210,2021,11,10,8,10,12,,,,,1,1,1,7,7,0,23,0,23,1,9,1,70,5,3,1,25,1,51,61,0,0,,,,,,,0,0,40,0,4,0,0,0,0,0,4,2,35.712400833333334,139.50647777777777,4,3,,,,
1,30,889,237,2,0,1,30000,0,210,2021,11,19,9,0,12,,,,,1,1,1,1,7,9,22,0,23,11,9,30,70,5,2,1,55,1,13,61,31,0,,,,,,,1,0,10,0,3,0,2,0,2,0,4,2,35.703769722222226,139.52408027777778,6,3,,,,
1,30,889,242,2,0,1,30000,0,214,2021,11,16,9,45,12,,,,,2,1,1,14,7,0,23,0,23,2,9,1,70,5,3,1,35,0,61,0,0,0,,,,,,,0,0,0,0,0,0,0,0,0,0,2,0,35.7068425,139.47775305555555,3,3,,,,
1,30,889,247,2,0,1,30600,0,210,2021,8,19,11,50,12,,,,,1,1,1,14,7,0,23,0,23,3,9,1,70,4,2,1,1,45,51,61,0,0,,,,,,,0,0,10,0,3,0,0,0,0,0,4,2,35.705602222222225,139.513785,5,3,,,,
1,30,889,256,2,0,1,10750,0,210,2021,11,8,0,25,22,,,,,3,1,1,1,1,9,22,0,23,18,9,30,70,5,1,1,35,25,3,61,31,0,,,,,,,3,0,80,0,3,0,2,0,2,0,4,2,35.68938333333333,139.50033333333334,2,3,,,,
1,30,890,364,2,0,1,30000,0,229,2021,11,3,15,0,12,,,,,1,1,1,14,7,0,23,0,23,2,9,1,70,5,4,1,65,45,3,61,31,0,,,,,,,1,0,40,0,3,0,2,0,2,0,4,2,35.72477222222222,139.52541222222223,4,1,,,,
1,30,890,371,2,0,1,20000,0,229,2021,11,20,5,32,23,,,,,1,1,1,1,7,9,22,0,23,15,9,30,70,5,2,1,55,45,3,61,31,0,,,,,,,2,0,10,0,3,0,2,0,2,0,4,2,35.75619888888889,139.56659305555556,7,3,,,,
1,30,890,377,2,0,2,30000,0,222,2021,11,28,8,46,12,,,,,1,1,1,1,7,9,22,0,23,11,9,30,70,5,4,1,55,75,4,61,31,0,,,,,,,10,0,10,0,4,0,2,0,2,0,4,2,35.7598025,139.53891555555555,1,3,,,,
1,30,890,381,2,0,1,30000,0,229,2021,11,19,8,30,12,,,,,1,1,1,14,7,0,23,0,23,2,9,1,70,5,4,1,65,35,14,61,1,0,,,,,,,10,0,10,0,3,0,2,0,2,0,4,2,35.737785555555554,139.55640833333334,6,3,,,,
1,30,890,382,2,0,1,95000,0,222,2021,11,22,17,0,21,,,,,3,1,2,1,1,9,22,0,23,15,9,30,70,4,2,1,55,75,3,61,31,0,,,,,,,3,0,10,0,3,0,2,0,2,0,4,2,35.765395,139.54262583333332,2,2,,,,
1,30,891,257,2,0,1,10590,0,221,2021,11,1,9,15,12,,,,,1,1,1,11,7,0,23,0,23,1,6,1,70,5,1,1,1,1,51,61,0,0,,,,,,,0,0,10,0,3,0,0,0,0,0,4,2,35.774880277777775,139.50931722222222,2,3,,,,
1,30,891,269,2,0,1,95000,0,213,2021,11,11,9,10,12,,,,,1,3,1,14,7,0,23,0,23,3,9,20,70,4,2,1,55,75,4,61,31,0,,,,,,,10,0,80,0,3,0,2,0,2,0,4,2,35.75755,139.4688072222222,5,3,,,,
1,30,891,273,2,0,1,10590,0,213,2021,7,12,8,30,12,,,,,1,1,1,1,1,9,22,0,23,14,9,30,70,4,2,1,1,1,51,61,0,0,,,,,,,0,0,10,0,3,0,0,0,0,0,4,2,35.77344138888889,139.4949472222222,2,3,,,,
1,30,891,282,2,0,1,30000,0,221,2021,11,22,6,10,23,,,,,2,1,2,1,7,9,22,0,23,14,9,30,70,4,3,1,55,65,3,61,31,0,,,,,,,2,0,10,0,4,0,2,0,2,0,4,2,35.79732,139.54189527777777,2,2,,,,
1,30,891,291,2,0,1,30000,0,213,2021,11,16,8,35,12,,,,,1,1,1,14,7,0,23,0,23,3,9,1,70,4,3,1,1,55,51,61,0,0,,,,,,,0,0,40,0,4,0,0,0,0,0,4,2,35.76193555555555,139.46179833333332,3,3,,,,
1,30,892,278,2,0,1,30000,0,203,2021,10,16,9,45,12,,,,,2,1,1,14,7,0,23,0,23,2,9,1,70,5,3,1,1,0,61,0,0,0,,,,,,,0,0,0,0,0,0,0,0,0,0,2,0,35.70586472222222,139.5769225,7,3,,,,
1,30,892,279,2,0,5,20270,0,203,2021,10,16,14,30,12,,,,,2,1,1,1,1,9,22,0,23,18,9,30,70,5,1,1,55,45,3,61,31,0,,,,,,,3,0,10,0,2,0,2,0,2,0,4,2,35.70289972222223,139.57737527777778,7,3,,,,
1,30,892,282,2,0,1,30000,0,203,2021,11,4,9,45,12,,,,,1,1,1,14,7,0,23,0,23,3,9,1,70,5,2,1,75,75,51,61,0,0,,,,,,,0,0,20,0,4,0,0,0,0,0,4,2,35.70360305555556,139.5602802777778,5,3,,,,
1,30,892,283,2,0,1,10260,0,203,2021,11,5,8,35,12,,,,,1,1,1,14,7,0,23,0,23,3,9,1,70,4,2,1,35,55,51,61,0,0,,,,,,,0,0,10,0,3,0,0,0,0,0,4,2,35.71298277777778,139.56248250000002,6,3,,,,
1,30,892,287,2,0,1,30000,0,203,2021,10,10,16,25,13,,,,,1,1,1,14,7,0,23,0,23,1,9,1,1,5,1,1,45,25,3,61,31,0,,,,,,,2,0,40,0,4,0,2,0,2,0,4,2,35.70473555555556,139.58635444444445,1,3,,,,
1,30,892,293,2,0,1,30000,0,203,2021,11,13,9,43,12,,,,,1,1,1,1,8,9,22,0,23,14,9,30,70,5,2,1,1,75,51,61,0,0,,,,,,,0,0,10,0,3,0,0,0,0,0,4,2,35.70422416666667,139.5451075,7,3,,,,
1,30,892,298,2,0,1,30000,0,203,2021,11,19,17,20,21,,,,,1,1,1,1,1,9,22,0,23,14,9,30,70,5,2,1,1,55,51,61,0,0,,,,,,,0,0,10,0,3,0,0,0,0,0,4,2,35.707215833333336,139.53828805555554,6,3,,,,
1,30,892,302,2,0,1,20270,0,203,2021,11,25,8,10,12,,,,,1,1,1,1,1,9,22,0,23,15,8,30,70,4,1,1,1,75,51,61,0,0,,,,,,,0,0,10,0,3,0,0,0,0,0,4,2,35.70744361111112,139.56118305555557,5,3,,,,
1,30,893,268,2,0,1,30000,0,204,2021,11,4,17,42,21,,,,,1,1,1,14,7,0,23,0,23,3,9,1,70,5,2,1,45,65,4,61,31,0,,,,,,,2,0,10,0,3,0,2,0,2,0,4,2,35.702205,139.56214583333335,5,3,,,,
1,30,893,273,2,0,1,30000,0,204,2021,11,10,8,0,12,,,,,1,1,1,14,7,0,23,0,23,2,9,1,70,5,3,1,35,1,3,61,31,0,,,,,,,4,0,40,0,3,0,2,0,2,0,4,2,35.66641361111111,139.57312333333334,4,3,,,,
1,30,893,278,2,0,1,30000,0,204,2021,11,14,23,20,22,,,,,1,1,1,14,7,0,23,0,23,2,9,1,1,5,4,1,55,45,51,61,0,0,,,,,,,0,0,10,0,3,0,0,0,0,0,4,2,35.69644777777778,139.54260194444444,1,3,,,,
1,30,893,286,2,0,1,30000,0,204,2021,11,22,19,15,22,,,,,3,1,2,14,7,0,23,0,23,3,8,1,70,4,3,1,35,35,14,61,1,0,,,,,,,2,0,10,0,4,0,2,0,2,0,4,2,35.688423611111105,139.58301527777778,2,2,,,,
1,30,893,288,2,0,1,20880,0,204,2021,11,24,8,30,12,,,,,1,1,1,14,7,0,23,0,23,1,9,1,70,5,2,1,1,35,51,61,0,0,,,,,,,0,0,10,0,3,0,0,0,0,0,4,2,35.69490194444444,139.54893944444444,4,3,,,,
1,30,894,418,2,0,1,30000,0,208,2021,11,2,9,40,12,,,,,1,1,1,14,7,0,23,0,23,2,9,1,70,5,4,1,75,25,3,61,31,0,,,,,,,2,0,40,0,3,0,2,0,2,0,4,2,35.657872499999996,139.57440555555556,3,2,,,,
1,30,894,429,2,0,1,30000,0,208,2021,11,12,21,50,22,,,,,1,1,1,14,7,0,23,0,23,2,9,1,70,4,1,1,1,1,32,61,31,0,,,,,,,10,0,10,0,3,0,0,0,0,0,4,2,35.66035888888889,139.5228316666667,6,3,,,,
1,30,894,446,2,0,1,30840,0,208,2021,8,4,19,23,21,,,,,1,1,1,14,7,0,23,0,23,2,9,1,70,4,2,1,35,75,51,61,0,0,,,,,,,0,0,10,0,4,0,0,0,0,0,4,2,35.65236,139.54691027777778,4,3,,,,
1,30,894,452,2,0,1,10750,0,208,2021,10,20,19,20,22,,,,,1,1,1,1,1,9,22,0,23,17,9,30,70,4,2,1,55,65,3,61,31,0,,,,,,,4,0,50,0,4,0,2,0,2,0,4,2,35.681156666666666,139.5576825,4,3,,,,
1,30,894,456,2,0,1,10600,0,208,2021,11,11,7,20,12,,,,,1,1,1,1,7,1,22,0,23,11,9,30,70,5,4,1,45,25,3,61,31,0,,,,,,,4,0,10,0,4,0,2,0,2,0,4,2,35.67249083333333,139.5445038888889,5,3,,,,
1,30,894,457,2,0,1,10600,0,208,2021,11,24,8,35,12,,,,,1,1,1,14,7,0,23,0,23,5,9,1,70,4,2,1,55,25,51,61,0,0,,,,,,,0,0,10,0,3,0,0,0,0,0,4,2,35.655364166666665,139.53924916666668,4,3,,,,
1,30,894,465,2,0,1,30000,0,208,2021,11,27,8,25,12,,,,,1,1,1,14,7,0,23,0,23,2,9,1,70,5,3,1,45,55,3,61,31,0,,,,,,,5,0,40,0,4,0,2,0,2,0,4,2,35.65264333333333,139.54194444444445,7,3,,,,
1,30,895,219,2,0,1,10500,0,211,2021,11,25,5,30,23,,,,,1,1,1,1,1,9,22,0,23,11,9,30,70,4,2,1,75,75,13,61,31,0,,,,,,,3,0,10,0,3,0,2,0,2,0,4,2,35.725813333333335,139.46541166666665,5,3,,,,
1,30,895,220,2,0,1,30000,0,211,2021,11,29,18,30,22,,,,,1,1,1,14,7,0,23,0,23,2,7,1,70,5,1,1,1,35,51,61,0,0,,,,,,,0,0,10,0,3,0,0,0,0,0,4,2,35.71305388888889,139.47591722222222,2,3,,,,
1,30,100,151,2,0,1,30000,0,101,2021,12,2,11,50,12,,,,,1,1,1,1,7,9,22,0,23,11,8,30,70,5,2,1,35,35,3,61,31,0,,,,,,,2,0,10,0,4,0,2,0,2,0,4,2,35.68223611111111,139.73938444444443,5,3,,,,
1,30,100,152,2,0,1,20000,0,101,2021,12,6,21,40,22,,,,,1,1,1,7,7,0,23,0,23,1,9,1,70,4,2,1,55,55,11,61,1,0,,,,,,,3,0,10,0,4,0,2,0,2,0,4,2,35.68163,139.73244555555556,2,3,,,,
1,30,100,156,2,0,1,2460,0,101,2021,12,9,18,35,22,,,,,1,1,1,1,1,9,22,0,23,19,9,30,70,1,2,1,65,55,3,61,1,0,,,,,,,10,0,10,0,4,0,2,0,2,0,4,2,35.67574444444444,139.7488836111111,5,3,,,,
1,30,100,157,2,0,1,200,45,101,2021,12,10,12,22,12,,,,,1,1,1,1,1,9,22,0,23,17,9,30,70,1,1,1,1,45,51,61,0,0,,,,,,,0,0,10,0,3,0,0,0,0,0,4,2,35.68424555555555,139.7417113888889,6,3,,,,
1,30,100,159,2,0,1,10050,0,101,2021,12,17,0,9,22,,,,,1,1,1,14,7,0,23,0,23,5,9,1,70,3,1,1,45,35,3,61,1,0,,,,,,,10,0,10,0,3,0,2,0,2,0,4,2,35.692183888888884,139.7397047222222,6,3,,,,
1,30,100,160,2,0,2,2460,0,101,2021,9,17,8,40,12,,,,,2,1,1,14,7,0,23,0,23,5,8,1,70,4,2,1,45,65,51,61,0,0,,,,,,,0,0,10,0,3,0,0,0,0,0,2,2,35.67161888888889,139.7450297222222,6,3,,,,
1,30,100,164,2,0,1,95000,0,101,2021,12,22,17,37,22,,,,,1,1,1,1,7,9,22,0,23,14,9,30,70,4,1,1,75,45,3,61,31,0,,,,,,,2,0,10,0,3,0,2,0,2,0,4,2,35.68166305555555,139.73245416666666,4,3,,,,
1,30,100,165,2,0,1,10010,0,101,2021,12,27,12,25,12,,,,,1,1,1,1,1,9,22,0,23,17,9,30,70,5,2,1,55,65,13,61,31,0,,,,,,,3,0,10,0,3,0,2,0,2,0,4,2,35.70000055555556,139.7483736111111,2,3,,,,
1,30,101,113,2,0,1,20040,0,101,2021,12,8,21,52,22,,,,,3,1,2,1,7,9,22,0,23,18,9,30,70,5,3,1,45,55,3,61,31,0,,,,,,,3,0,10,0,3,0,2,0,2,0,4,2,35.68730083333333,139.7662275,4,3,,,,
1,30,101,115,2,0,1,20020,0,101,2021,12,14,17,20,21,,,,,1,1,1,1,1,9,22,0,23,19,9,30,70,5,2,1,35,55,51,61,0,0,,,,,,,0,0,10,0,3,0,0,0,0,0,4,2,35.678038888888885,139.76359944444445,3,3,,,,
1,30,101,116,2,0,1,30000,0,101,2021,12,13,14,40,12,,,,,1,1,1,14,7,0,23,0,23,3,9,1,70,5,2,1,25,45,3,61,31,0,,,,,,,5,0,10,0,3,0,2,0,2,0,4,2,35.675463888888885,139.76334888888888,2,3,,,,
1,30,101,119,2,0,1,10020,0,101,2021,12,25,0,40,22,,,,,3,1,2,1,1,9,22,0,23,18,9,30,70,1,2,1,55,65,3,61,1,0,,,,,,,10,0,10,0,3,0,2,0,2,0,4,2,35.67377666666666,139.76118277777778,7,3,,,,
1,30,102,115,2,0,1,10100,0,101,2021,12,7,20,45,22,,,,,3,1,2,1,1,9,22,0,23,17,3,30,70,1,1,1,25,65,3,61,31,0,,,,,,,4,0,40,0,3,0,2,0,2,0,4,2,35.70173722222223,139.75504083333334,3,3,,,,
1,30,102,117,2,0,1,10100,0,101,2021,12,10,18,20,22,,,,,1,1,1,14,7,0,23,0,23,5,9,1,70,4,1,1,35,65,13,61,31,0,,,,,,,4,0,10,0,3,0,2,0,2,0,4,2,35.693282222222216,139.75873222222222,6,3,,,,
1,30,102,121,2,0,1,20000,0,101,2021,12,17,17,28,21,,,,,2,1,1,1,1,9,22,0,23,19,9,30,70,4,2,1,45,55,13,61,31,0,,,,,,,4,0,17,0,3,0,2,0,2,0,4,2,35.69258583333333,139.76487833333334,6,3,,,,
1,30,102,127,2,0,1,30000,0,101,2021,12,15,9,19,12,,,,,1,1,1,1,7,0,23,0,23,15,9,30,1,5,2,1,1,0,61,0,0,0,,,,,,,0,0,0,0,0,0,0,0,0,0,2,0,35.69746444444444,139.75609944444443,4,3,,,,
1,30,103,112,2,0,1,40,14,101,2021,11,29,17,20,21,,,,,1,1,1,7,1,0,23,0,23,6,9,1,70,1,1,1,25,1,13,61,31,0,,,,,,,10,0,10,0,3,0,2,0,2,0,4,2,35.695346666666666,139.77542277777778,2,3,,,,
1,30,103,115,2,0,1,20070,0,101,2021,12,8,3,35,22,,,,,3,1,2,1,1,9,22,0,23,19,9,30,70,1,1,1,75,25,3,61,31,0,,,,,,,3,0,80,0,3,0,2,0,2,0,4,2,35.69747555555555,139.77119444444446,4,3,,,,
1,30,103,117,2,0,1,30000,0,101,2021,12,11,15,35,13,,,,,1,1,1,1,7,1,22,0,23,14,9,30,70,5,2,1,75,1,2,61,1,0,,,,,,,2,0,10,0,4,0,2,0,2,0,4,2,35.69220833333333,139.77001083333334,7,3,,,,
1,30,103,118,2,0,1,30000,0,101,2021,12,14,10,10,12,,,,,3,1,2,14,7,0,23,0,23,3,9,1,70,4,2,1,55,25,3,61,1,0,,,,,,,3,0,10,0,3,0,2,0,2,0,4,2,35.699684722222216,139.77102722222224,3,3,,,,
1,30,103,119,2,0,1,20070,0,101,2021,12,17,6,15,23,,,,,3,1,2,1,8,9,22,0,23,19,9,30,70,1,1,1,75,55,13,61,1,0,,,,,,,1,0,50,0,3,0,2,0,2,0,4,2,35.69743194444444,139.771095,6,3,,,,
1,30,103,120,2,0,1,30000,0,101,2021,11,23,23,30,22,,,,,1,1,1,1,7,1,22,0,23,18,9,30,1,1,1,1,65,35,3,61,1,0,,,,,,,2,0,10,0,3,0,2,0,2,0,4,2,35.69674027777778,139.7706266666667,3,1,,,,
1,30,104,220,2,0,1,30000,0,102,2021,12,1,8,30,12,,,,,2,1,1,14,7,0,23,0,23,1,9,1,70,5,4,1,35,75,59,61,0,0,,,,,,,0,0,10,0,4,0,0,0,0,0,4,2,35.68879805555555,139.7804888888889,4,3,,,,
1,30,104,224,2,0,1,30000,0,102,2021,12,6,19,40,22,,,,,1,1,1,1,7,1,21,0,23,11,9,30,70,5,2,1,45,35,3,61,31,0,,,,,,,10,0,10,0,3,0,2,0,2,0,4,2,35.68888888888888,139.7792675,2,3,,,,
1,30,104,227,2,0,1,10030,0,102,2021,12,14,15,35,13,,,,,2,1,2,1,1,9,22,0,23,18,9,30,70,1,2,1,45,55,13,61,31,0,,,,,,,10,0,10,0,3,0,2,0,2,0,4,2,35.68935111111111,139.77589833333334,3,3,,,,
1,30,104,230,2,0,1,150,2,102,2021,12,18,16,20,13,,,,,1,1,1,1,1,9,22,0,23,19,9,30,70,4,2,1,45,25,1,61,1,0,,,,,,,4,0,0,0,4,0,2,0,2,0,4,2,35.68273222222222,139.7738863888889,7,3,,,,
1,30,104,237,2,0,1,10060,0,102,2021,12,25,13,15,12,,,,,1,1,1,1,1,9,22,0,23,19,9,30,70,1,2,1,25,35,3,61,31,0,,,,,,,4,0,10,0,4,0,2,0,2,0,4,2,35.68009166666666,139.78015722222224,7,3,,,,
1,30,104,238,2,0,1,30000,0,102,2021,12,17,12,5,12,,,,,2,1,1,7,7,0,23,0,23,3,9,1,70,5,2,1,45,45,3,61,1,0,,,,,,,2,0,10,0,4,0,2,0,2,0,4,2,35.68016194444444,139.7739791666667,6,3,,,,
1,30,104,241,2,0,1,30000,0,102,2021,11,15,8,45,12,,,,,1,1,1,1,7,1,22,0,23,15,9,30,70,5,2,1,65,35,13,61,31,0,,,,,,,10,0,50,0,4,0,2,0,2,0,4,2,35.68780083333333,139.77929916666668,2,3,,,,
1,30,105,77,2,0,1,20540,0,102,2021,12,1,0,36,22,,,,,3,1,2,1,1,9,22,0,23,14,9,30,70,4,2,1,75,55,3,61,1,0,,,,,,,3,0,80,0,3,0,2,0,2,0,4,2,35.68480666666667,139.78886138888888,4,3,,,,
1,30,105,80,2,0,1,30000,0,102,2021,12,23,21,52,22,,,,,1,1,1,14,7,0,23,0,23,2,9,1,70,4,1,1,45,25,3,61,1,0,,,,,,,3,0,10,0,3,0,2,0,2,0,4,2,35.687528611111105,139.78420166666666,5,3,,,,
1,30,106,201,2,0,1,20090,0,102,2021,11,13,15,10,12,,,,,1,1,1,14,7,0,23,0,23,5,9,1,70,4,2,1,45,45,3,61,1,0,,,,,,,10,0,40,0,4,0,2,0,2,0,4,2,35.672195277777774,139.7629986111111,7,3,,,,
1,30,106,207,2,0,1,30000,0,102,2021,12,30,1,55,22,,,,,1,1,1,1,7,9,22,0,23,14,9,30,70,5,2,1,65,25,3,61,1,0,,,,,,,2,0,10,0,3,0,2,0,2,0,4,2,35.66785972222222,139.7607025,5,3,,,,
1,30,107,107,2,0,1,30000,0,102,2021,12,16,21,40,22,,,,,1,1,1,1,7,1,22,0,23,15,9,30,70,1,2,1,45,25,14,61,1,0,,,,,,,3,0,40,0,3,0,2,0,2,0,4,2,35.656754166666666,139.7860525,5,3,,,,
1,30,108,176,2,0,1,20090,0,103,2021,12,2,11,30,12,,,,,1,1,1,1,1,9,22,0,23,18,9,30,70,1,1,1,1,55,51,61,0,0,,,,,,,0,0,10,0,3,0,0,0,0,0,4,2,35.66802944444444,139.75626194444445,5,3,,,,
1,30,108,177,2,0,1,30000,0,103,2021,12,1,19,17,22,,,,,1,1,1,13,7,0,23,0,23,4,1,1,70,4,2,1,55,0,61,0,0,0,,,,,,,0,0,0,0,0,0,0,0,0,0,2,0,35.66126777777777,139.74810027777775,4,3,,,,
1,30,108,183,2,0,1,10070,0,103,2021,11,29,19,0,22,,,,,1,1,1,13,7,0,23,0,23,2,6,1,70,5,2,1,55,25,51,61,0,0,,,,,,,0,0,10,0,4,0,0,0,0,0,4,2,35.65900138888889,139.75967,2,3,,,,
1,30,109,139,2,0,1,30000,0,103,2021,12,1,10,55,12,,,,,1,1,1,1,7,9,22,0,23,15,9,30,70,4,2,1,65,55,14,61,1,0,,,,,,,2,0,10,0,3,0,2,0,2,0,4,2,35.646593333333335,139.75258694444443,4,3,,,,
1,30,109,142,2,0,1,30000,0,103,2021,12,6,8,0,12,,,,,2,1,1,14,7,0,23,0,23,2,9,1,70,5,1,1,55,35,13,61,31,0,,,,,,,5,0,70,0,4,0,2,0,2,0,4,2,35.64720305555556,139.74530388888888,2,3,,,,
1,30,109,148,2,0,1,20000,0,103,2021,12,21,7,30,11,,,,,1,1,1,14,7,0,23,0,23,2,9,1,70,1,1,1,25,35,17,61,1,0,,,,,,,4,0,80,0,1,0,2,0,2,0,4,2,35.64642888888889,139.7443008333333,3,3,,,,
1,30,109,150,2,0,1,30000,0,103,2021,12,27,22,25,22,,,,,1,1,1,1,1,9,22,0,23,11,9,30,1,4,2,1,45,35,3,61,31,0,,,,,,,2,0,10,0,3,0,2,0,2,0,4,2,35.6440325,139.750735,2,3,,,,
1,30,110,112,2,0,1,30000,0,103,2021,12,5,11,52,12,,,,,1,1,1,14,7,0,23,0,23,2,9,1,70,5,2,1,45,55,14,61,1,0,,,,,,,10,0,30,0,3,0,2,0,2,0,4,2,35.642581944444444,139.72296111111112,1,3,,,,
1,30,110,113,2,0,1,30000,0,103,2021,12,10,11,37,12,,,,,1,1,1,14,7,0,23,0,23,2,9,1,70,5,3,1,65,35,3,61,31,0,,,,,,,10,0,20,0,4,0,2,0,2,0,4,2,35.63278416666667,139.73028861111112,6,3,,,,
1,30,110,115,2,0,1,20130,0,103,2021,12,14,10,40,12,,,,,1,1,2,7,1,0,23,0,23,5,9,1,70,1,2,1,35,25,14,61,1,0,,,,,,,3,0,80,0,3,0,2,0,2,0,4,2,35.63473916666667,139.71979638888888,3,3,,,,
1,30,110,116,2,0,1,30100,0,103,2021,12,16,8,1,12,,,,,1,1,1,1,1,9,22,0,23,15,9,30,70,4,1,1,35,1,51,61,0,0,,,,,,,0,0,40,0,4,0,0,0,0,0,4,2,35.63572083333333,139.7330525,5,3,,,,
1,30,110,117,2,0,1,30000,0,103,2021,11,8,19,0,22,,,,,2,1,2,7,7,0,23,0,23,1,8,1,70,5,4,1,25,75,3,61,31,0,,,,,,,10,0,20,0,4,0,2,0,2,0,4,2,35.64399777777778,139.7254561111111,2,3,,,,
1,30,110,118,2,0,2,30000,0,103,2021,12,20,13,52,12,,,,,1,1,1,14,7,0,23,0,23,1,9,1,70,5,4,1,1,55,51,61,0,0,,,,,,,0,0,10,0,3,0,0,0,0,0,2,2,35.63377583333333,139.72764305555555,2,3,,,,
1,30,110,121,2,0,1,30100,0,103,2021,12,27,17,35,22,,,,,1,1,1,14,7,0,23,0,23,3,9,1,70,4,2,1,45,75,33,61,31,0,,,,,,,3,0,10,0,3,0,0,0,0,0,4,2,35.638484444444444,139.73435777777777,2,3,,,,
1,30,111,242,2,0,1,10120,0,103,2021,12,6,16,37,21,,,,,1,1,1,1,1,9,22,0,23,19,9,30,70,5,2,1,55,55,3,61,1,0,,,,,,,4,0,10,0,4,0,2,0,2,0,4,2,35.66341416666666,139.73205638888888,2,3,,,,
1,30,111,243,2,0,1,10120,0,103,2021,12,7,7,25,11,,,,,1,1,1,1,7,1,21,0,23,11,9,30,70,5,2,1,55,55,3,61,1,0,,,,,,,10,0,10,0,4,0,2,0,2,0,4,2,35.665875,139.7287575,3,3,,,,
1,30,111,246,2,0,1,20170,0,103,2021,12,9,16,38,21,,,,,1,1,1,14,7,0,23,0,23,6,9,1,70,1,1,1,1,45,51,61,0,0,,,,,,,0,0,10,0,3,0,0,0,0,0,4,2,35.65952138888889,139.72313722222222,5,3,,,,
1,30,111,249,2,0,1,30000,0,103,2021,12,13,17,2,21,,,,,1,1,1,1,7,9,22,0,23,15,8,30,70,4,1,1,65,45,3,61,31,0,,,,,,,10,0,50,0,3,0,2,0,2,0,4,2,35.66363444444444,139.73747305555554,2,3,,,,
1,30,111,256,2,0,1,30000,0,103,2021,11,24,15,0,12,,,,,1,1,1,14,7,0,23,0,23,2,9,1,70,5,2,1,35,0,61,0,0,0,,,,,,,0,0,0,0,0,0,0,0,0,0,2,0,35.65606972222222,139.73467888888888,4,3,,,,
1,30,111,260,2,0,1,30000,0,103,2021,12,27,6,2,23,,,,,1,1,1,14,7,0,23,0,23,2,9,1,70,5,4,1,55,35,3,61,31,0,,,,,,,10,0,40,0,3,0,2,0,2,0,4,2,35.664207777777776,139.73139944444443,2,3,,,,
1,30,111,261,2,0,1,20170,0,103,2021,12,28,21,40,22,,,,,1,1,1,1,1,9,22,0,23,18,9,30,70,1,1,1,45,1,3,61,31,0,,,,,,,5,0,10,0,4,0,2,0,2,0,4,2,35.66525111111111,139.7364636111111,3,3,,,,