資料区分,都道府県コード,警察署等コード,本票番号,事故内容,死者数,負傷者数,路線コード,地点コード,市区町村コード,発生日時　　年,発生日時　　月,発生日時　　日,発生日時　　時,発生日時　　分,昼夜,日の出時刻　　時,日の出時刻　　分,日の入り時刻　　時,日の入り時刻　　分,天候,地形,路面状態,道路形状,信号機,一時停止規制　標識（当事者A）,一時停止規制　表示（当事者A）,一時停止規制　標識（当事者B）,一時停止規制　表示（当事者B）,車道幅員,道路線形,衝突地点,ゾーン規制,中央分離帯施設等,歩車道区分,事故類型,年齢（当事者A）,年齢（当事者B）,当事者種別（当事者A）,当事者種別（当事者B）,用途別（当事者A）,用途別（当事者B）,車両形状等（当事者A）,車両形状等（当事者B）,オートマチック車（当事者A）,オートマチック車（当事者B）,サポカー（当事者A）,サポカー（当事者B）,速度規制（指定のみ）（当事者A）,速度規制（指定のみ）（当事者B）,車両の衝突部位（当事者A）,車両の衝突部位（当事者B）,車両の損壊程度（当事者A）,車両の損壊程度（当事者B）,エアバッグの装備（当事者A）,エアバッグの装備（当事者B）,サイドエアバッグの装備（当事者A）,サイドエアバッグの装備（当事者B）,人身損傷程度（当事者A）,人身損傷程度（当事者B）,lat,lon,曜日(発生年月日),祝日(発生年月日),認知機能検査経過日数（当事者A）,認知機能検査経過日数（当事者B）,運転練習の方法（当事者A）,運転練習の方法（当事者B）
1,30,111,262,2,0,1,20170,0,103,2021,12,31,0,0,22,,,,,1,1,1,14,1,0,23,0,23,4,9,1,70,1,2,1,35,45,4,61,31,0,,,,,,,5,0,11,0,3,0,2,0,2,0,4,2,35.66063388888889,139.72630805555556,6,2,,,,
1,30,112,147,2,0,1,30000,0,103,2021,12,2,19,29,22,,,,,1,1,1,7,7,0,23,0,23,3,9,1,70,4,1,1,45,55,3,61,1,0,,,,,,,10,0,20,0,3,0,2,0,2,0,4,2,35.670742499999996,139.74115277777776,5,3,,,,
1,30,112,152,2,0,1,30000,0,103,2021,12,13,11,50,12,,,,,1,1,1,1,1,8,22,0,23,14,9,30,70,5,2,1,75,1,3,61,1,0,,,,,,,5,0,10,0,3,0,2,0,2,0,4,2,35.66813,139.733025,2,3,,,,
1,30,112,157,2,0,1,30000,0,103,2021,12,23,12,38,12,,,,,1,1,1,7,7,0,23,0,23,2,5,1,70,4,2,1,65,75,3,61,31,0,,,,,,,5,0,10,0,4,0,2,0,2,0,4,2,35.67724527777778,139.732585,5,3,,,,
1,30,112,158,2,0,1,20150,0,103,2021,12,25,0,45,22,,,,,3,1,2,1,1,9,22,0,23,11,9,30,70,4,2,1,55,25,3,61,1,0,,,,,,,3,0,10,0,3,0,2,0,2,0,4,2,35.67091555555555,139.73505972222222,7,3,,,,
1,30,112,159,2,0,1,95000,0,103,2021,12,27,14,25,12,,,,,1,1,1,0,7,0,23,0,23,0,0,20,70,0,4,1,55,75,3,61,1,0,,,,,,,10,0,40,0,4,0,2,0,2,0,4,2,35.66833777777777,139.74555555555554,2,3,,,,
1,30,112,161,2,0,1,20090,0,103,2021,12,30,17,20,21,,,,,1,1,1,1,1,9,22,0,23,18,9,30,70,1,1,1,65,45,3,61,1,0,,,,,,,5,0,20,0,4,0,2,0,2,0,4,2,35.673385277777776,139.73927305555554,5,3,,,,
1,30,113,325,2,0,1,30000,0,108,2021,12,12,13,40,12,,,,,1,1,1,1,1,9,22,0,23,15,9,30,70,4,2,1,75,1,51,61,0,0,,,,,,,0,0,10,0,3,0,0,0,0,0,4,2,35.64887944444445,139.80308722222225,1,3,,,,
1,30,113,340,2,0,1,30000,0,108,2021,12,27,5,59,23,,,,,1,1,1,7,1,0,23,0,23,3,9,1,70,4,2,1,35,35,4,61,31,0,,,,,,,5,0,80,0,3,0,2,0,2,0,4,2,35.652590555555555,139.80864472222223,2,3,,,,
1,30,215,125,2,0,1,10160,0,109,2021,11,30,10,25,12,,,,,1,1,1,1,1,0,23,0,23,19,9,30,70,1,1,1,45,0,61,0,0,0,,,,,,,0,0,0,0,0,0,0,0,0,0,2,0,35.6168525,139.74065083333332,3,3,,,,
1,30,215,131,2,0,1,95000,0,109,2021,12,20,18,37,22,,,,,1,1,1,1,7,1,22,0,23,11,9,30,70,4,2,1,35,75,51,61,0,0,,,,,,,0,0,10,0,3,0,0,0,0,0,4,2,35.61826805555555,139.74232916666665,2,3,,,,
1,30,215,132,2,0,1,30000,0,109,2021,11,21,8,47,12,,,,,1,1,1,14,7,0,23,0,23,3,9,1,1,5,3,1,35,35,3,61,31,0,,,,,,,2,0,10,0,3,0,2,0,2,0,4,2,35.61119472222222,139.7411033333333,1,3,,,,
1,30,216,157,2,0,1,30000,0,109,2021,12,7,12,20,12,,,,,2,1,1,14,7,0,23,0,23,3,9,1,70,4,2,1,25,75,51,61,0,0,,,,,,,0,0,10,0,3,0,0,0,0,0,4,2,35.598443888888895,139.72830944444445,3,3,,,,
1,30,217,168,2,0,1,30000,0,109,2021,12,11,12,10,12,,,,,1,1,1,1,7,1,22,0,23,15,9,30,70,5,2,1,35,45,51,61,0,0,,,,,,,0,0,10,0,3,0,0,0,0,0,4,2,35.625506944444446,139.72970722222223,7,3,,,,
1,30,217,170,2,0,1,30000,0,109,2021,12,17,12,20,12,,,,,2,1,1,1,7,1,21,0,23,11,9,30,70,5,3,1,45,45,13,61,31,0,,,,,,,5,0,10,0,3,0,2,0,2,0,4,2,35.62990055555556,139.71739333333335,6,3,,,,
1,30,217,174,2,0,1,10150,0,109,2021,12,7,19,20,22,,,,,3,1,2,1,1,9,22,0,23,15,9,30,70,1,2,1,1,25,3,61,31,0,,,,,,,5,0,50,0,4,0,2,0,2,0,4,2,35.624157777777775,139.72100361111112,3,3,,,,
1,30,217,177,2,0,1,30000,0,109,2021,12,9,11,30,12,,,,,1,1,1,14,7,0,23,0,23,3,7,1,70,1,2,1,75,45,3,61,1,0,,,,,,,10,0,40,0,4,0,2,0,2,0,4,2,35.621834722222225,139.72055361111111,5,3,,,,
1,30,217,182,2,0,1,20130,0,109,2021,12,21,15,0,12,,,,,1,1,1,7,1,0,23,0,23,6,9,1,1,1,1,1,65,1,3,61,1,0,,,,,,,1,0,40,0,3,0,2,0,2,0,4,2,35.622611944444444,139.71767222222223,3,3,,,,
1,30,218,319,2,0,1,20190,0,109,2021,12,6,18,15,22,,,,,1,1,1,7,7,0,23,0,23,2,9,1,70,5,3,1,45,55,34,61,31,0,,,,,,,4,0,10,0,3,0,0,0,0,0,4,2,35.60820388888889,139.72726805555556,2,3,,,,
1,30,218,322,2,0,1,30000,0,109,2021,12,6,17,0,21,,,,,1,1,1,7,7,0,23,0,23,2,9,1,70,4,3,1,35,65,51,61,0,0,,,,,,,0,0,10,0,3,0,0,0,0,0,4,2,35.60856138888889,139.72672305555557,2,3,,,,
1,30,218,323,2,0,1,30000,0,109,2021,12,3,8,58,12,,,,,1,1,1,14,7,0,23,0,23,4,7,1,70,5,3,1,75,45,3,61,31,0,,,,,,,10,0,80,0,4,0,2,0,2,0,4,2,35.61535194444445,139.7139963888889,6,3,,,,
1,30,218,325,2,0,1,10,115,109,2021,12,9,16,45,21,,,,,1,1,1,14,1,0,23,0,23,4,9,1,70,1,2,1,65,1,3,61,31,0,,,,,,,4,0,50,0,3,0,2,0,2,0,4,2,35.61396888888889,139.7161788888889,5,3,,,,
1,30,218,341,2,0,1,30000,0,109,2021,12,26,12,18,12,,,,,1,1,1,14,7,0,23,0,23,2,9,1,70,5,3,1,65,1,3,61,31,0,,,,,,,10,0,40,0,4,0,2,0,2,0,4,2,35.60783305555556,139.71236527777776,1,3,,,,
1,30,219,426,1,1,0,30700,0,111,2021,12,20,18,22,22,,,,,1,1,1,1,7,9,22,0,23,17,9,30,70,3,1,1,65,75,14,61,31,0,,,,,,,3,0,10,0,3,0,2,0,2,0,4,1,35.58296388888889,139.72977555555556,2,3,,,,
1,30,219,440,2,0,1,30000,0,111,2021,12,10,16,0,13,,,,,1,1,1,1,7,9,22,0,23,11,9,30,70,5,3,1,45,1,3,61,31,0,,,,,,,5,0,30,0,4,0,2,0,2,0,4,2,35.571066388888894,139.72548166666667,6,3,,,,
1,30,219,451,2,0,1,21140,0,111,2021,12,23,8,40,12,,,,,1,1,1,1,1,9,22,0,23,14,9,30,70,5,2,1,45,75,3,61,31,0,,,,,,,3,0,10,0,4,0,2,0,2,0,4,2,35.57331638888889,139.72488,5,3,,,,
1,30,219,456,2,0,1,30000,0,111,2021,12,9,9,15,12,,,,,1,1,1,14,7,0,23,0,23,1,9,1,70,5,3,1,25,25,51,61,0,0,,,,,,,0,0,0,0,3,0,0,0,0,0,4,2,35.572118333333336,139.73138333333333,5,3,,,,
1,30,220,260,2,0,1,10170,0,111,2021,12,7,18,25,22,,,,,3,1,2,7,1,0,23,0,23,3,9,1,70,1,1,1,1,45,3,61,31,0,,,,,,,2,0,10,0,4,0,2,0,2,0,4,2,35.587832222222225,139.67509222222222,3,3,,,,
1,30,220,262,2,0,1,30000,0,111,2021,12,15,5,50,23,,,,,1,1,1,1,7,9,22,0,23,11,8,30,70,5,3,1,35,35,4,61,31,0,,,,,,,2,0,10,0,4,0,2,0,2,0,4,2,35.58361111111111,139.7024075,4,3,,,,
1,30,221,345,1,1,0,150,164,111,2021,12,22,4,21,22,,,,,1,1,1,14,7,0,23,0,23,5,9,1,70,4,2,1,45,75,4,61,31,0,,,,,,,5,0,51,0,2,0,2,0,2,0,4,1,35.55280861111111,139.7182013888889,4,3,,,,
1,30,221,348,2,0,1,1310,0,111,2021,12,2,17,48,22,,,,,2,1,1,14,7,0,23,0,23,4,9,1,70,1,2,1,55,25,1,61,1,0,,,,,,,4,0,20,0,4,0,2,0,2,0,4,2,35.556687499999995,139.73918333333333,5,3,,,,
1,30,221,362,2,0,1,30000,0,111,2021,12,15,22,55,22,,,,,1,1,1,14,7,0,23,0,23,3,9,1,70,5,3,1,35,65,36,61,31,0,,,,,,,10,0,10,0,3,0,0,0,0,0,4,2,35.55490111111111,139.73619472222222,4,3,,,,
1,30,221,363,2,0,1,150,152,111,2021,12,16,21,40,22,,,,,1,1,1,1,1,8,22,0,23,14,9,30,70,4,2,1,25,35,14,61,1,0,,,,,,,4,0,50,0,3,0,2,0,2,0,4,2,35.562405,139.7255738888889,5,3,,,,
1,30,221,365,2,0,1,30000,0,111,2021,12,7,20,24,22,,,,,3,1,2,14,7,0,23,0,23,1,9,1,70,5,3,1,65,35,3,61,31,0,,,,,,,10,0,20,0,4,0,2,0,2,0,4,2,35.546142499999995,139.70450583333331,3,3,,,,
1,30,221,366,2,0,1,95000,0,111,2021,12,20,8,20,12,,,,,1,1,1,1,1,9,22,0,23,14,9,30,70,4,1,1,45,1,34,61,31,0,,,,,,,3,0,14,0,3,0,0,0,0,0,4,2,35.54167611111111,139.70661777777778,2,3,,,,
1,30,221,376,2,0,1,30000,0,111,2021,12,26,14,7,12,,,,,1,1,1,1,1,9,22,0,23,14,9,30,70,5,2,1,75,75,4,61,31,0,,,,,,,2,0,80,0,4,0,2,0,2,0,4,2,35.549825,139.7295763888889,1,3,,,,
1,30,221,377,2,0,1,30000,0,111,2021,12,26,18,53,22,,,,,1,1,1,14,7,0,23,0,23,2,9,1,70,5,1,1,55,1,3,61,31,0,,,,,,,10,0,80,0,3,0,2,0,2,0,4,2,35.54623111111111,139.7198975,1,3,,,,
1,30,221,379,2,0,1,30000,0,111,2021,12,27,13,7,12,,,,,1,1,1,1,7,1,21,0,23,15,9,30,70,5,3,1,55,75,3,61,31,0,,,,,,,3,0,10,0,3,0,2,0,2,0,4,2,35.55763444444444,139.70548305555553,2,3,,,,
1,30,221,380,2,0,1,30000,0,111,2021,12,27,18,46,22,,,,,1,1,1,1,1,9,22,0,23,18,9,30,70,5,1,1,55,75,4,61,31,0,,,,,,,3,0,10,0,3,0,2,0,2,0,4,2,35.544958888888885,139.70389555555553,2,3,,,,
1,30,221,382,2,0,1,30000,0,111,2021,12,28,11,8,12,,,,,1,1,1,14,7,0,23,0,23,1,9,1,70,5,4,1,45,35,35,61,31,0,,,,,,,10,0,10,0,3,0,0,0,0,0,2,4,35.567275,139.7173563888889,3,3,,,,
1,30,222,215,2,0,1,10,175,111,2021,12,1,9,50,12,,,,,1,1,1,1,1,9,22,0,23,17,9,30,70,4,1,1,1,35,4,61,31,0,,,,,,,5,0,10,0,2,0,2,0,2,0,4,2,35.56358611111111,139.69670166666668,4,3,,,,
1,30,222,221,2,0,1,30000,0,111,2021,12,9,13,7,12,,,,,1,1,1,1,7,1,22,0,23,14,9,30,70,4,1,1,65,35,3,61,31,0,,,,,,,2,0,10,0,4,0,2,0,2,0,4,2,35.59618972222223,139.71022777777776,5,3,,,,
1,30,222,223,2,0,1,30000,0,111,2021,12,11,7,55,12,,,,,1,1,1,14,7,0,23,0,23,3,8,1,70,5,2,1,65,75,3,61,31,0,,,,,,,1,0,10,0,3,0,2,0,2,0,4,2,35.57941944444445,139.7056186111111,7,3,,,,
1,30,222,228,2,0,1,10130,0,111,2021,12,17,10,10,12,,,,,2,1,2,14,7,0,23,0,23,3,9,1,70,1,2,1,1,0,61,0,0,0,,,,,,,0,0,0,0,0,0,0,0,0,0,2,0,35.59697666666667,139.70925777777776,6,3,,,,
1,30,325,251,2,0,1,30000,0,112,2021,12,27,16,55,21,,,,,1,1,1,7,7,0,23,0,23,3,9,1,70,5,2,1,45,75,3,61,31,0,,,,,,,3,0,40,0,4,0,2,0,2,0,4,2,35.636272777777776,139.64934944444443,2,3,,,,
1,30,325,252,2,0,1,10210,0,112,2021,11,9,15,30,12,,,,,3,1,2,14,7,0,23,0,23,2,9,1,70,5,2,1,1,35,51,61,0,0,,,,,,,0,0,20,0,3,0,0,0,0,0,4,2,35.643410277777775,139.66911833333333,3,3,,,,
1,30,325,254,2,0,1,30000,0,112,2021,11,29,12,20,12,,,,,1,1,1,7,7,0,23,0,23,1,9,1,70,5,3,1,35,0,61,0,0,0,,,,,,,0,0,0,0,0,0,0,0,0,0,2,0,35.63487666666666,139.63949555555556,2,3,,,,
1,30,325,256,2,0,1,10210,0,112,2021,10,26,13,47,12,,,,,1,1,1,14,7,0,23,0,23,4,9,1,70,4,1,1,55,1,3,61,31,0,,,,,,,4,0,10,0,3,0,2,0,2,0,4,2,35.64331555555555,139.66460833333335,3,3,,,,
1,30,325,264,2,0,1,30000,0,112,2021,12,15,8,40,12,,,,,1,1,1,14,7,0,23,0,23,3,7,1,70,5,3,1,45,1,14,61,31,0,,,,,,,10,0,82,0,4,0,2,0,2,0,4,2,35.63766277777778,139.68461638888888,4,3,,,,
1,30,325,265,2,0,1,10210,0,112,2021,12,6,12,15,12,,,,,2,1,1,1,7,9,22,0,23,17,9,30,70,4,1,1,65,75,3,61,31,0,,,,,,,3,0,10,0,4,0,2,0,2,0,4,2,35.64335833333333,139.66884166666665,2,3,,,,
1,30,325,269,2,0,1,30000,0,112,2021,10,24,10,55,12,,,,,1,1,1,1,1,9,21,0,23,15,9,30,70,4,2,1,65,25,3,61,31,0,,,,,,,3,0,50,0,3,0,2,0,2,0,4,2,35.63577138888889,139.64465305555555,1,3,,,,
1,30,325,278,2,0,1,30000,0,112,2021,12,7,21,32,22,,,,,3,1,1,7,7,0,23,0,23,2,9,1,70,5,3,1,55,25,3,61,31,0,,,,,,,2,0,14,0,4,0,2,0,2,0,4,2,35.63099805555556,139.67221833333332,3,3,,,,
1,30,325,279,2,0,1,21020,0,112,2021,12,27,8,10,12,,,,,1,1,1,1,1,9,22,0,23,15,9,30,70,5,1,1,35,45,36,61,31,0,,,,,,,2,0,0,0,4,0,0,0,0,0,4,2,35.645066944444444,139.6790538888889,2,3,,,,
1,30,325,285,2,0,1,30000,0,112,2021,12,27,18,32,22,,,,,1,1,1,1,7,1,21,0,23,11,9,30,70,5,4,1,55,55,14,61,1,0,,,,,,,2,0,50,0,4,0,2,0,2,0,4,2,35.631859722222224,139.6706286111111,2,3,,,,
1,30,326,393,2,0,1,95000,0,112,2021,12,1,19,40,22,,,,,1,1,1,14,1,0,23,0,23,2,9,1,70,4,2,1,25,55,51,61,0,0,,,,,,,0,0,40,0,3,0,0,0,0,0,4,2,35.657049444444446,139.64371972222222,4,3,,,,
1,30,326,394,2,0,1,30000,0,112,2021,12,2,9,55,12,,,,,1,1,1,14,7,0,23,0,23,3,9,1,70,5,3,1,55,55,3,61,31,0,,,,,,,3,0,40,0,3,0,2,0,2,0,4,2,35.65838055555555,139.6598138888889,5,3,,,,
1,30,326,395,2,0,1,30000,0,112,2021,12,3,17,20,21,,,,,1,1,1,14,7,0,23,0,23,2,8,20,70,5,3,1,25,55,51,61,0,0,,,,,,,0,0,10,0,4,0,0,0,0,0,4,2,35.66108305555555,139.6656788888889,6,3,,,,
1,30,326,397,2,0,1,30000,0,112,2021,12,5,19,25,22,,,,,1,1,1,1,7,1,21,0,23,14,9,30,70,5,2,1,1,45,3,61,31,0,,,,,,,3,0,80,0,3,0,2,0,2,0,4,2,35.65889305555555,139.66732277777777,1,3,,,,
1,30,326,404,2,0,1,30000,0,112,2021,12,13,8,42,12,,,,,1,1,1,7,7,0,23,0,23,3,9,1,70,4,2,1,45,1,3,61,31,0,,,,,,,3,0,10,0,4,0,2,0,2,0,4,2,35.64713777777778,139.6287861111111,2,3,,,,
1,30,326,405,2,0,1,30000,0,112,2021,12,13,10,30,12,,,,,1,1,1,7,7,0,23,0,23,2,9,1,70,5,3,1,25,75,14,61,1,0,,,,,,,1,0,10,0,4,0,2,0,2,0,4,2,35.66081972222222,139.64951277777777,2,3,,,,
1,30,326,412,2,0,1,30000,0,112,2021,12,19,17,10,21,,,,,1,1,1,14,7,0,23,0,23,1,9,1,70,5,4,1,65,75,51,61,0,0,,,,,,,0,0,10,0,4,0,0,0,0,0,4,2,35.64819027777778,139.63039166666667,1,3,,,,
1,30,326,422,2,0,1,30000,0,112,2021,12,11,19,20,22,,,,,1,1,1,1,7,1,21,0,23,11,9,30,70,5,3,1,45,35,14,61,31,0,,,,,,,2,0,10,0,4,0,2,0,2,0,4,2,35.663655,139.65587194444444,7,3,,,,
1,30,326,424,2,0,1,30000,0,112,2021,12,28,14,35,12,,,,,1,1,1,1,7,1,21,0,23,11,9,30,70,5,3,1,45,25,3,61,31,0,,,,,,,2,0,40,0,3,0,2,0,2,0,4,2,35.65236722222222,139.6541877777778,3,3,,,,
1,30,326,426,2,0,1,30000,0,112,2021,12,22,8,50,12,,,,,1,1,1,14,7,0,23,0,23,2,9,1,70,5,4,1,55,25,3,61,31,0,,,,,,,10,0,50,0,3,0,2,0,2,0,4,2,35.66912416666666,139.6513138888889,4,3,,,,
1,30,327,448,2,0,1,30000,0,112,2021,9,17,14,30,12,,,,,2,1,1,14,7,0,23,0,23,3,9,1,70,4,1,1,1,0,61,0,0,0,,,,,,,0,0,0,0,0,0,0,0,0,0,2,0,35.610887500000004,139.63156972222222,6,3,,,,
1,30,327,458,2,0,1,30000,0,112,2021,12,2,15,42,13,,,,,1,1,1,1,7,9,22,0,23,15,9,30,70,5,3,1,55,65,3,61,31,0,,,,,,,10,0,10,0,4,0,2,0,2,0,4,2,35.627609166666666,139.63150555555558,5,3,,,,
1,30,327,475,2,0,1,10200,0,112,2021,12,10,18,51,22,,,,,1,1,1,1,1,9,22,0,23,19,9,30,70,4,2,1,45,75,3,61,31,0,,,,,,,5,0,10,0,3,0,2,0,2,0,4,2,35.60611138888889,139.64390138888888,6,3,,,,
1,30,327,480,2,0,1,30000,0,112,2021,12,13,15,45,13,,,,,1,1,1,14,7,0,23,0,23,2,9,20,70,4,1,1,55,1,17,61,31,0,,,,,,,2,0,20,0,4,0,2,0,2,0,4,2,35.599360833333336,139.65476666666666,2,3,,,,
1,30,327,496,2,0,1,30000,0,112,2021,11,22,9,35,12,,,,,2,1,1,1,1,9,22,0,23,15,9,30,70,5,2,1,35,35,3,61,31,0,,,,,,,3,0,10,0,3,0,2,0,2,0,4,2,35.631574444444446,139.64387583333334,2,2,,,,
1,30,327,498,2,0,1,30000,0,112,2021,12,22,10,8,12,,,,,1,1,1,1,1,9,22,0,23,15,9,30,70,5,2,1,45,75,13,61,31,0,,,,,,,3,0,10,0,3,0,2,0,2,0,4,2,35.61107888888889,139.63237194444446,4,3,,,,
1,30,327,501,2,0,1,30000,0,112,2021,12,23,9,5,12,,,,,1,1,1,7,1,0,23,0,23,1,9,1,70,4,3,1,35,1,3,61,31,0,,,,,,,5,0,10,0,4,0,2,0,2,0,4,2,35.613765,139.6298625,5,3,,,,
1,30,327,519,2,0,1,30000,0,112,2021,12,30,9,13,12,,,,,1,1,1,13,7,0,23,0,23,1,6,1,70,5,2,1,45,1,3,61,31,0,,,,,,,5,0,40,0,3,0,2,0,2,0,4,2,35.62808833333333,139.6305413888889,5,3,,,,
1,30,327,522,2,0,1,30000,0,112,2021,12,30,19,45,22,,,,,1,1,1,14,7,0,23,0,23,2,9,20,70,5,3,1,1,55,36,61,31,0,,,,,,,10,0,10,0,4,0,0,0,0,0,4,2,35.61955388888889,139.62356,5,3,,,,
1,30,327,523,2,0,1,30000,0,112,2021,12,14,16,0,13,,,,,2,1,1,14,7,0,23,0,23,2,9,1,70,4,2,1,25,1,3,61,31,0,,,,,,,3,0,30,0,3,0,2,0,2,0,4,2,35.62645138888889,139.63395722222222,3,3,,,,
1,30,328,388,2,0,1,99000,0,112,2021,11,22,18,30,22,,,,,3,1,2,0,7,0,23,0,23,0,0,20,70,0,4,1,1,35,4,61,31,0,,,,,,,5,0,15,0,3,0,2,0,2,0,4,2,35.62520083333333,139.61099805555554,2,2,,,,
1,30,328,390,2,0,1,30000,0,112,2021,12,2,7,45,12,,,,,1,1,1,1,1,9,22,0,23,15,9,30,70,4,2,1,45,1,3,61,31,0,,,,,,,3,0,10,0,3,0,2,0,2,0,4,2,35.67511888888889,139.59262444444445,5,3,,,,
1,30,328,396,2,0,1,30000,0,112,2021,11,12,15,38,13,,,,,1,1,1,14,7,0,23,0,23,2,9,1,70,5,3,1,75,1,3,61,31,0,,,,,,,2,0,40,0,4,0,2,0,2,0,4,2,35.64150472222222,139.59800361111112,6,3,,,,
1,30,328,401,2,0,1,30000,0,112,2021,11,22,18,40,22,,,,,3,1,2,1,7,9,22,0,23,14,9,30,1,5,3,1,45,25,34,61,31,0,,,,,,,2,0,14,0,3,0,0,0,0,0,4,2,35.66784361111111,139.63254805555556,2,2,,,,
1,30,328,409,2,0,1,30000,0,112,2021,12,17,18,10,22,,,,,2,1,1,14,7,0,23,0,23,3,9,1,70,4,2,1,55,75,35,61,31,0,,,,,,,3,0,10,0,3,0,0,0,0,0,4,2,35.65869055555555,139.6075788888889,6,3,,,,
1,30,328,414,2,0,1,99000,0,112,2021,12,6,15,15,12,,,,,2,1,1,0,7,0,23,0,23,0,0,20,70,0,4,1,35,45,3,61,31,0,,,,,,,10,0,10,0,3,0,2,0,2,0,4,2,35.643723055555554,139.6182925,2,3,,,,
1,30,329,213,2,0,1,30000,0,110,2021,12,5,14,55,12,,,,,1,1,1,14,7,0,23,0,23,3,9,1,70,4,3,1,55,1,3,61,31,0,,,,,,,2,0,20,0,4,0,2,0,2,0,4,2,35.632060555555555,139.70252416666665,1,3,,,,
1,30,329,220,2,0,1,10160,0,110,2021,12,17,4,0,22,,,,,2,1,2,1,1,9,22,0,23,14,9,30,70,4,1,1,45,45,3,61,1,0,,,,,,,5,0,10,0,3,0,2,0,2,0,4,2,35.64483,139.69836083333334,6,3,,,,
1,30,329,222,2,0,1,10160,0,110,2021,12,17,18,40,22,,,,,1,1,2,1,1,9,22,0,23,15,9,30,70,5,2,1,25,25,14,61,1,0,,,,,,,5,0,80,0,3,0,2,0,2,0,4,2,35.6456975,139.6975025,6,3,,,,
1,30,330,247,2,0,1,30000,0,110,2021,12,6,12,25,12,,,,,1,1,1,14,7,0,23,0,23,3,9,1,70,4,3,1,65,45,3,61,1,0,,,,,,,2,0,40,0,4,0,2,0,2,0,4,2,35.608605555555556,139.66895194444444,2,3,,,,
1,30,330,248,2,0,1,30000,0,110,2021,12,7,4,30,22,,,,,1,1,1,14,7,0,23,0,23,2,9,20,70,5,4,1,45,25,36,61,31,0,,,,,,,10,0,10,0,3,0,0,0,0,0,4,2,35.62840305555556,139.66310333333334,3,3,,,,
1,30,330,249,2,0,1,30000,0,110,2021,12,7,17,50,22,,,,,3,1,2,14,7,0,23,0,23,2,9,1,70,5,3,1,1,45,51,61,0,0,,,,,,,0,0,10,0,4,0,0,0,0,0,4,2,35.62711361111111,139.6857,3,3,,,,
1,30,330,250,2,0,1,90000,0,110,2021,12,7,18,45,22,,,,,3,1,2,14,7,0,23,0,23,2,9,1,70,5,4,1,45,75,3,61,31,0,,,,,,,10,0,70,0,4,0,2,0,2,0,4,2,35.62930166666667,139.67189472222222,3,3,,,,
1,30,330,255,2,0,1,20190,0,110,2021,12,4,13,35,12,,,,,1,1,1,14,7,0,23,0,23,3,9,20,70,5,3,1,75,35,3,61,31,0,,,,,,,2,0,40,0,3,0,2,0,2,0,4,2,35.62864305555556,139.6897625,7,3,,,,
1,30,330,256,2,0,1,30000,0,110,2021,12,8,14,52,12,,,,,1,1,2,14,7,0,23,0,23,2,8,20,70,5,3,1,55,55,4,61,31,0,,,,,,,2,0,20,0,3,0,2,0,2,0,4,2,35.620646666666666,139.67526388888888,4,3,,,,
1,30,330,267,2,0,1,30000,0,110,2021,12,21,11,25,12,,,,,1,1,1,14,7,0,23,0,23,3,9,1,70,5,3,1,55,25,3,61,31,0,,,,,,,2,0,40,0,3,0,2,0,2,0,4,2,35.60945027777778,139.66738527777778,3,3,,,,
1,30,330,273,2,0,1,30000,0,110,2021,4,9,16,10,12,,,,,2,1,1,14,7,0,23,0,23,2,9,1,70,4,3,1,35,65,3,61,31,0,,,,,,,2,0,40,0,4,0,2,0,2,0,4,2,35.608665555555554,139.66852972222222,6,3,,,,
1,30,330,276,2,0,1,30000,0,110,2021,12,22,18,5,22,,,,,1,1,1,1,7,1,22,0,23,14,9,30,70,4,3,1,65,65,3,61,1,0,,,,,,,10,0,10,0,4,0,2,0,2,0,4,2,35.60574305555556,139.6795797222222,4,3,,,,
1,30,331,242,2,0,1,30000,0,113,2021,11,25,8,26,12,,,,,1,1,1,14,7,0,23,0,23,3,9,1,70,5,1,1,1,0,61,0,0,0,,,,,,,0,0,0,0,0,0,0,0,0,0,2,0,35.651451944444446,139.70134499999998,5,3,,,,
1,30,331,244,2,0,1,30000,0,113,2021,12,3,17,30,22,,,,,1,1,1,14,7,0,23,0,23,1,9,1,70,5,2,1,45,75,51,61,0,0,,,,,,,0,0,10,0,1,0,0,0,0,0,4,2,35.643053333333334,139.71083249999998,6,3,,,,
1,30,331,246,2,0,1,10650,0,113,2021,12,4,16,40,21,,,,,1,1,1,1,2,9,22,0,23,14,8,30,70,4,2,1,25,65,52,61,0,0,,,,,,,0,0,10,0,3,0,0,0,0,0,4,2,35.652409722222224,139.69506361111112,7,3,,,,
1,30,331,261,2,0,1,30000,0,113,2021,12,26,16,50,21,,,,,1,1,1,1,7,9,22,0,23,14,7,30,70,6,1,1,75,1,14,61,31,0,,,,,,,2,0,40,0,3,0,2,0,2,0,4,2,35.65171,139.7102911111111,1,3,,,,
1,30,332,129,2,0,1,30000,0,113,2021,12,9,9,10,12,,,,,1,1,1,1,1,0,23,0,23,14,9,30,70,5,2,1,1,0,61,0,0,0,,,,,,,0,0,0,0,0,0,0,0,0,0,2,0,35.68221694444444,139.69987361111112,5,3,,,,