資料区分,都道府県コード,警察署等コード,本票番号,事故内容,死者数,負傷者数,路線コード,地点コード,市区町村コード,発生日時　　年,発生日時　　月,発生日時　　日,発生日時　　時,発生日時　　分,昼夜,日の出時刻　　時,日の出時刻　　分,日の入り時刻　　時,日の入り時刻　　分,天候,地形,路面状態,道路形状,信号機,一時停止規制　標識（当事者A）,一時停止規制　表示（当事者A）,一時停止規制　標識（当事者B）,一時停止規制　表示（当事者B）,車道幅員,道路線形,衝突地点,ゾーン規制,中央分離帯施設等,歩車道区分,事故類型,年齢（当事者A）,年齢（当事者B）,当事者種別（当事者A）,当事者種別（当事者B）,用途別（当事者A）,用途別（当事者B）,車両形状等（当事者A）,車両形状等（当事者B）,オートマチック車（当事者A）,オートマチック車（当事者B）,サポカー（当事者A）,サポカー（当事者B）,速度規制（指定のみ）（当事者A）,速度規制（指定のみ）（当事者B）,車両の衝突部位（当事者A）,車両の衝突部位（当事者B）,車両の損壊程度（当事者A）,車両の損壊程度（当事者B）,エアバッグの装備（当事者A）,エアバッグの装備（当事者B）,サイドエアバッグの装備（当事者A）,サイドエアバッグの装備（当事者B）,人身損傷程度（当事者A）,人身損傷程度（当事者B）,lat,lon,曜日(発生年月日),祝日(発生年月日),認知機能検査経過日数（当事者A）,認知機能検査経過日数（当事者B）,運転練習の方法（当事者A）,運転練習の方法（当事者B）
1,30,332,134,2,0,1,30000,0,113,2021,12,16,9,20,12,,,,,1,1,1,14,7,0,23,0,23,3,9,1,70,5,3,1,75,35,3,61,31,0,,,,,,,2,0,20,0,3,0,2,0,2,0,4,2,35.68496722222222,139.69905805555555,5,3,,,,
1,30,332,136,2,0,1,30000,0,113,2021,12,4,14,55,12,,,,,1,1,1,14,7,0,23,0,23,1,8,1,1,5,4,1,25,45,3,61,31,0,,,,,,,2,0,40,0,3,0,2,0,2,0,4,2,35.672509166666664,139.71130444444444,7,3,,,,
1,30,332,137,2,0,1,30000,0,113,2021,12,15,1,45,22,,,,,1,1,1,14,7,0,23,0,23,2,9,1,70,5,3,1,25,25,3,61,31,0,,,,,,,2,0,30,0,3,0,2,0,2,0,4,2,35.68671333333333,139.69700666666668,4,3,,,,
1,30,332,138,2,0,1,10090,0,113,2021,12,24,18,40,22,,,,,1,1,1,14,7,0,23,0,23,5,9,1,70,4,1,1,25,45,51,61,0,0,,,,,,,0,0,10,0,3,0,0,0,0,0,4,2,35.686970555555554,139.7030247222222,6,3,,,,
1,30,333,168,1,1,0,30000,0,113,2021,12,29,3,15,22,,,,,1,1,1,1,7,9,22,0,23,11,9,30,70,5,3,1,45,35,3,61,1,0,,,,,,,10,0,10,0,3,0,2,0,2,0,4,1,35.66544138888889,139.68289777777778,4,3,,,,
1,30,333,175,2,0,1,30000,0,113,2021,11,26,11,44,12,,,,,1,1,1,14,7,0,23,0,23,1,9,1,70,5,3,1,65,35,4,61,31,0,,,,,,,2,0,20,0,3,0,2,0,2,0,4,2,35.667451111111106,139.68140027777775,6,3,,,,
1,30,333,176,2,0,1,30000,0,113,2021,12,11,15,0,12,,,,,1,1,1,14,7,0,23,0,23,1,7,1,70,5,4,1,65,55,14,61,1,0,,,,,,,10,0,40,0,3,0,2,0,2,0,4,2,35.68074333333333,139.67964138888888,7,3,,,,
1,30,333,177,2,0,1,200,121,113,2021,12,14,21,0,22,,,,,2,1,1,14,1,0,23,0,23,6,9,1,70,1,1,1,25,25,35,61,31,0,,,,,,,5,0,10,0,2,0,0,0,0,0,4,2,35.67377694444444,139.66457888888888,3,3,,,,
1,30,333,179,2,0,1,30250,0,113,2021,11,18,18,3,22,,,,,1,1,1,14,7,0,23,0,23,4,9,1,70,4,2,1,35,0,61,0,0,0,,,,,,,0,0,0,0,0,0,0,0,0,0,2,0,35.68192611111111,139.69252777777777,5,3,,,,
1,30,333,182,2,0,1,10160,0,113,2021,12,20,16,35,21,,,,,1,1,1,14,7,0,23,0,23,3,9,1,70,5,2,1,1,1,52,61,0,0,,,,,,,0,0,10,0,3,0,0,0,0,0,4,2,35.67382611111111,139.6879875,2,3,,,,
1,30,435,120,2,0,1,30000,0,104,2021,12,1,19,18,22,,,,,1,1,1,1,7,1,22,0,23,11,9,30,70,5,3,1,65,45,3,61,1,0,,,,,,,2,0,30,0,4,0,2,0,2,0,4,2,35.70681833333334,139.72358916666667,4,3,,,,
1,30,435,128,2,0,1,30260,0,104,2021,12,16,23,0,22,,,,,1,1,1,1,1,9,22,0,23,15,9,30,70,5,2,1,1,35,51,61,0,0,,,,,,,0,0,10,0,3,0,0,0,0,0,4,2,35.69941583333333,139.7185738888889,5,3,,,,
1,30,435,129,2,0,1,30000,0,104,2021,12,17,16,50,21,,,,,3,1,2,1,7,9,22,0,23,17,9,30,70,1,4,1,55,65,3,61,31,0,,,,,,,3,0,50,0,4,0,2,0,2,0,4,2,35.70730777777778,139.7308211111111,6,3,,,,
1,30,436,259,2,0,1,10230,0,104,2021,12,2,12,41,12,,,,,1,1,1,1,1,9,22,0,23,19,9,30,70,5,2,1,25,45,35,61,31,0,,,,,,,4,0,10,0,3,0,0,0,0,0,4,2,35.691003055555555,139.68709305555555,5,3,,,,
1,30,436,261,2,0,1,20300,0,104,2021,12,8,7,30,11,,,,,3,1,2,1,1,9,22,0,23,14,9,30,70,1,2,1,45,35,3,61,31,0,,,,,,,3,0,10,0,3,0,2,0,2,0,4,2,35.69821805555555,139.70277055555553,4,3,,,,
1,30,437,183,2,0,1,10280,0,104,2021,8,17,17,48,13,,,,,1,1,1,14,7,0,23,0,23,6,9,1,70,4,1,1,25,75,51,61,0,0,,,,,,,0,0,0,0,4,0,0,0,0,0,4,2,35.72206694444445,139.68500416666666,3,3,,,,
1,30,437,186,2,0,1,30000,0,104,2021,12,5,13,35,12,,,,,1,1,1,1,2,9,22,0,23,14,7,30,70,4,1,1,1,55,51,61,0,0,,,,,,,0,0,10,0,3,0,0,0,0,0,4,2,35.711443333333335,139.70421277777777,1,3,,,,
1,30,437,188,2,0,1,10220,0,104,2021,12,10,9,40,12,,,,,1,1,1,1,1,9,22,0,23,11,9,30,70,4,2,1,75,35,3,61,31,0,,,,,,,10,0,25,0,3,0,2,0,2,0,4,2,35.712500000000006,139.70024666666666,6,3,,,,
1,30,437,190,2,0,1,30000,0,104,2021,12,13,23,12,22,,,,,1,1,1,1,7,0,23,0,23,11,9,30,70,4,1,1,1,0,61,0,0,0,,,,,,,0,0,0,0,0,0,0,0,0,0,2,0,35.72044555555556,139.67799805555555,2,3,,,,
1,30,437,200,2,0,1,30000,0,104,2021,12,1,15,30,13,,,,,1,1,1,14,7,0,23,0,23,2,9,1,70,5,3,1,55,25,3,61,1,0,,,,,,,1,0,80,0,3,0,2,0,2,0,4,2,35.714845555555556,139.7019147222222,4,3,,,,
1,30,438,146,2,0,1,20120,0,104,2021,12,1,0,35,22,,,,,3,1,2,1,1,9,22,0,23,19,9,30,70,1,1,1,75,25,3,61,1,0,,,,,,,4,0,10,0,3,0,2,0,2,0,4,2,35.68758916666666,139.71613083333332,4,3,,,,
1,30,438,151,2,0,1,20120,0,104,2021,12,7,20,55,22,,,,,3,1,2,14,7,0,23,0,23,1,9,1,70,4,2,1,65,35,3,61,1,0,,,,,,,4,0,10,0,3,0,2,0,2,0,4,2,35.68798583333333,139.7157633333333,3,3,,,,
1,30,438,152,2,0,1,30000,0,104,2021,12,21,21,37,22,,,,,1,1,1,1,7,9,22,0,23,15,9,30,70,5,3,1,25,45,3,61,31,0,,,,,,,10,0,40,0,4,0,2,0,2,0,4,2,35.69233027777778,139.7043486111111,3,3,,,,
1,30,438,158,2,0,1,30000,0,104,2021,12,23,12,30,12,,,,,1,1,1,14,7,0,23,0,23,3,9,1,70,5,2,1,45,75,3,61,31,0,,,,,,,10,0,10,0,4,0,2,0,2,0,4,2,35.68975944444444,139.7241236111111,5,3,,,,
1,30,439,306,2,0,1,99000,0,114,2021,12,5,11,30,12,,,,,1,1,1,0,7,0,23,0,23,0,0,20,70,0,3,1,55,75,17,61,1,0,,,,,,,10,0,30,0,4,0,2,0,2,0,4,2,35.70680472222222,139.66675694444444,1,3,,,,
1,30,439,308,2,0,1,10240,0,114,2021,12,10,10,20,12,,,,,1,1,1,7,7,0,23,0,23,5,9,1,70,1,1,1,45,65,3,61,31,0,,,,,,,10,0,10,0,4,0,2,0,2,0,4,2,35.69683555555555,139.68327777777776,6,3,,,,
1,30,439,309,2,0,1,30000,0,114,2021,12,10,16,48,21,,,,,1,1,1,14,7,0,23,0,23,1,9,1,70,5,4,1,65,35,13,61,31,0,,,,,,,10,0,80,0,4,0,2,0,2,0,4,2,35.70964527777778,139.66855833333332,6,3,,,,
1,30,439,317,2,0,1,30000,0,114,2021,12,15,16,20,13,,,,,1,1,1,14,7,0,23,0,23,2,9,20,70,5,4,1,55,65,3,61,31,0,,,,,,,10,0,30,0,4,0,2,0,2,0,4,2,35.69566,139.67654666666667,4,3,,,,
1,30,439,319,2,0,1,30000,0,114,2021,12,18,12,0,12,,,,,1,1,1,1,7,9,22,0,23,11,8,30,70,5,2,1,25,75,3,61,31,0,,,,,,,2,0,10,0,3,0,2,0,2,0,4,2,35.70333416666667,139.67172944444442,7,3,,,,
1,30,439,334,2,0,1,10240,0,114,2021,12,23,7,52,12,,,,,1,1,1,1,1,9,22,0,23,17,9,30,70,5,1,1,25,45,51,61,0,0,,,,,,,0,0,0,0,3,0,0,0,0,0,4,2,35.69730944444444,139.68072805555553,5,3,,,,
1,30,440,235,2,0,1,30000,0,114,2021,12,13,7,10,11,,,,,1,1,1,7,7,0,23,0,23,3,9,1,70,5,3,1,35,65,3,61,31,0,,,,,,,2,0,20,0,3,0,2,0,2,0,4,2,35.71959722222223,139.6612438888889,2,3,,,,
1,30,440,241,2,0,1,20000,0,114,2021,12,26,9,20,12,,,,,1,1,1,14,7,0,23,0,23,3,9,1,70,4,2,1,25,55,1,61,1,0,,,,,,,2,0,10,0,4,0,2,0,2,0,4,2,35.7255325,139.66743833333334,1,3,,,,
1,30,440,245,2,0,2,30000,0,114,2021,12,29,7,20,11,,,,,1,1,1,1,7,9,22,0,23,11,9,30,70,5,3,1,65,55,51,61,0,0,,,,,,,0,0,10,0,3,0,0,0,0,0,2,2,35.72464472222222,139.66321555555555,4,3,,,,
1,30,441,301,2,0,1,10130,0,115,2021,12,2,1,10,22,,,,,1,1,1,14,7,0,23,0,23,5,9,1,70,1,2,1,25,45,3,61,31,0,,,,,,,4,0,10,0,3,0,2,0,2,0,4,2,35.69583305555555,139.65445444444444,5,3,,,,
1,30,441,324,2,0,1,10260,0,115,2021,12,27,9,35,12,,,,,1,1,1,14,7,0,23,0,23,2,9,1,70,4,2,1,35,65,35,61,31,0,,,,,,,3,0,40,0,2,0,0,0,0,0,4,2,35.69116833333333,139.63161194444444,2,3,,,,
1,30,441,329,2,0,1,10240,0,115,2021,12,28,10,25,12,,,,,1,1,1,1,1,9,22,0,23,19,9,30,70,4,1,1,25,55,3,61,31,0,,,,,,,4,0,40,0,3,0,2,0,2,0,4,2,35.698074444444444,139.65479277777777,3,3,,,,
1,30,441,333,2,0,1,10240,0,115,2021,12,27,18,5,22,,,,,1,1,1,7,7,0,23,0,23,2,9,1,70,4,2,1,45,35,14,61,31,0,,,,,,,10,0,10,0,3,0,2,0,2,0,4,2,35.69775083333333,139.64082638888888,2,3,,,,
1,30,442,293,1,1,0,10130,0,115,2021,12,30,6,34,23,,,,,1,1,1,14,7,0,23,0,23,5,7,1,70,1,1,1,45,35,1,61,1,0,,,,,,,4,0,10,0,3,0,2,0,2,0,4,1,35.68538361111111,139.65658361111113,5,3,,,,
1,30,442,294,2,0,1,10130,0,115,2021,12,19,23,54,22,,,,,1,1,1,1,1,9,22,0,23,19,9,30,70,1,2,1,55,25,3,61,31,0,,,,,,,4,0,10,0,4,0,2,0,2,0,4,2,35.67277166666666,139.66047694444444,1,3,,,,
1,30,442,297,2,0,1,30000,0,115,2021,12,5,5,9,22,,,,,1,1,1,14,7,0,23,0,23,1,9,1,70,5,3,1,45,75,36,61,31,0,,,,,,,2,0,10,0,3,0,0,0,0,0,4,2,35.69517472222222,139.59438611111113,1,3,,,,
1,30,442,300,2,0,1,30000,0,115,2021,12,8,14,22,12,,,,,3,1,2,1,7,1,22,0,23,11,9,30,70,5,3,1,45,45,14,61,1,0,,,,,,,2,0,20,0,4,0,2,0,2,0,4,2,35.70349027777778,139.59874611111113,4,3,,,,
1,30,442,303,2,0,1,30000,0,115,2021,11,7,9,50,12,,,,,1,1,1,14,1,0,23,0,23,2,9,1,70,4,3,1,45,25,3,61,31,0,,,,,,,1,0,40,0,4,0,2,0,2,0,4,2,35.68772444444444,139.60842805555555,1,3,,,,
1,30,442,307,2,0,1,10230,0,115,2021,12,20,14,45,12,,,,,1,1,1,1,1,0,23,0,23,14,9,30,70,4,1,1,1,0,61,0,0,0,,,,,,,0,0,0,0,0,0,0,0,0,0,2,0,35.68343055555555,139.65664777777778,2,3,,,,
1,30,443,204,2,0,1,30000,0,115,2021,12,1,13,30,12,,,,,1,1,1,14,7,0,23,0,23,4,7,1,70,4,3,1,1,65,36,61,31,0,,,,,,,2,0,10,0,3,0,0,0,0,0,4,2,35.70583416666667,139.61617166666667,4,3,,,,
1,30,443,208,2,0,1,30000,0,115,2021,12,8,7,45,12,,,,,3,1,2,14,7,0,23,0,23,3,9,1,70,4,3,1,35,65,3,61,31,0,,,,,,,3,0,40,0,4,0,2,0,2,0,4,2,35.72126638888889,139.59797833333334,4,3,,,,
1,30,443,217,2,0,1,10220,0,115,2021,12,13,18,5,22,,,,,1,1,1,1,1,9,22,0,23,14,9,30,70,4,2,1,35,1,3,61,31,0,,,,,,,3,0,10,0,4,0,2,0,2,0,4,2,35.71844611111111,139.6028411111111,2,3,,,,
1,30,443,226,2,0,2,10220,0,115,2021,12,19,8,15,12,,,,,1,1,1,1,7,9,22,0,23,14,9,30,70,4,2,1,25,1,35,61,31,0,,,,,,,3,0,10,0,3,0,0,0,0,0,2,2,35.71908972222222,139.61339222222222,1,3,,,,
1,30,443,227,2,0,1,30000,0,115,2021,12,19,10,40,12,,,,,1,1,1,14,7,0,23,0,23,3,9,1,70,4,2,1,55,35,4,61,31,0,,,,,,,2,0,40,0,4,0,2,0,2,0,4,2,35.70398166666667,139.60490944444444,1,3,,,,
1,30,443,229,2,0,1,30000,0,115,2021,12,22,10,20,12,,,,,1,1,1,14,7,0,23,0,23,2,9,1,70,5,3,1,35,55,52,61,0,0,,,,,,,0,0,40,0,3,0,0,0,0,0,4,2,35.70318,139.617295,4,3,,,,
1,30,545,108,2,0,1,170,58,105,2021,12,1,17,35,22,,,,,1,1,1,14,1,0,23,0,23,5,9,1,70,1,2,1,45,1,14,61,31,0,,,,,,,4,0,10,0,3,0,2,0,2,0,4,2,35.725993611111114,139.7458125,4,3,,,,
1,30,545,112,2,0,1,20000,0,105,2021,12,7,17,41,22,,,,,3,1,2,1,1,9,22,0,23,15,9,30,70,4,2,1,65,1,3,61,1,0,,,,,,,2,0,10,0,3,0,2,0,2,0,4,2,35.70789194444445,139.74362166666666,3,3,,,,
1,30,545,114,2,0,1,30000,0,105,2021,12,11,18,5,22,,,,,1,1,1,1,7,9,22,0,23,11,9,30,70,5,3,1,1,55,51,61,0,0,,,,,,,0,0,10,0,3,0,0,0,0,0,4,2,35.709719444444445,139.75117972222222,7,3,,,,
1,30,545,116,2,0,1,2540,8,105,2021,11,29,21,45,22,,,,,1,1,1,7,1,0,23,0,23,3,9,1,70,1,1,1,45,55,51,61,0,0,,,,,,,0,0,30,0,4,0,0,0,0,0,4,2,35.70866083333333,139.751655,2,3,,,,
1,30,545,118,2,0,1,10100,0,105,2021,12,7,17,17,21,,,,,3,1,2,14,7,0,23,0,23,6,9,1,70,1,1,1,45,1,35,61,31,0,,,,,,,5,0,10,0,3,0,0,0,0,0,4,2,35.70869611111112,139.75346888888888,3,3,,,,
1,30,545,119,2,0,1,30000,0,105,2021,12,16,5,16,22,,,,,1,1,1,14,7,0,23,0,23,4,9,1,70,1,1,1,45,45,35,61,31,0,,,,,,,3,0,10,0,3,0,0,0,0,0,4,2,35.70692555555556,139.74882527777777,5,3,,,,
1,30,545,121,2,0,1,30000,0,105,2021,11,19,8,5,12,,,,,1,1,1,14,7,0,23,0,23,2,9,1,70,5,3,1,35,1,51,61,0,0,,,,,,,0,0,10,0,3,0,0,0,0,0,4,2,35.72260138888889,139.7404125,6,3,,,,
1,30,546,117,2,0,1,20370,0,105,2021,12,13,15,0,12,,,,,1,1,1,1,1,0,23,0,23,19,6,30,70,1,1,1,1,0,61,0,0,0,,,,,,,0,0,0,0,0,0,0,0,0,0,2,0,35.719880555555555,139.72489416666667,2,3,,,,
1,30,546,118,2,0,1,30000,0,105,2021,12,15,10,20,12,,,,,1,1,1,14,7,0,23,0,23,3,9,1,70,5,4,1,45,65,24,61,0,0,,,,,,,10,0,30,0,4,0,0,0,0,0,4,2,35.71200972222223,139.72273305555555,4,3,,,,
1,30,547,129,2,0,1,30000,0,105,2021,12,9,20,4,22,,,,,1,1,1,7,1,0,23,0,23,3,9,1,70,5,2,1,1,35,51,61,0,0,,,,,,,0,0,10,0,3,0,0,0,0,0,4,2,35.705490000000005,139.76443916666668,5,3,,,,
1,30,547,137,2,0,1,10100,0,105,2021,12,29,11,40,12,,,,,1,1,1,14,7,0,23,0,23,5,9,20,70,1,1,1,45,1,51,61,0,0,,,,,,,0,0,10,0,4,0,0,0,0,0,4,2,35.70379583333334,139.75481,4,3,,,,
1,30,548,81,2,0,1,20400,0,105,2021,12,6,21,55,22,,,,,1,1,1,1,1,9,22,0,23,14,9,30,70,5,2,1,45,25,17,61,31,0,,,,,,,4,0,20,0,3,0,2,0,2,0,4,2,35.72298416666667,139.75420416666665,2,3,,,,
1,30,548,86,2,0,1,30000,0,105,2021,12,15,20,0,22,,,,,1,1,1,14,7,0,23,0,23,1,9,1,70,5,4,1,1,75,51,61,0,0,,,,,,,0,0,10,0,4,0,0,0,0,0,4,2,35.71911361111111,139.7558025,4,3,,,,
1,30,548,87,2,0,1,30000,0,105,2021,12,19,12,45,12,,,,,1,1,1,14,7,0,23,0,23,2,9,1,70,5,3,1,45,1,14,61,1,0,,,,,,,10,0,20,0,3,0,2,0,2,0,4,2,35.72003527777778,139.7549163888889,1,3,,,,
1,30,549,94,2,0,1,30000,0,116,2021,12,29,15,35,12,,,,,1,1,1,1,7,9,22,0,23,14,7,30,70,5,3,1,45,75,59,61,0,0,,,,,,,0,0,10,0,4,0,0,0,0,0,4,2,35.73504694444445,139.72550083333334,4,3,,,,
1,30,550,219,2,0,1,30000,0,116,2021,11,22,13,52,12,,,,,2,1,1,14,7,0,23,0,23,2,9,1,70,5,1,1,65,35,3,61,1,0,,,,,,,10,0,40,0,3,0,2,0,2,0,4,2,35.733446666666666,139.70999138888888,2,2,,,,
1,30,550,221,2,0,1,30000,0,116,2021,12,8,0,10,22,,,,,3,1,2,14,7,0,23,0,23,3,9,1,70,5,1,1,55,1,3,61,1,0,,,,,,,5,0,10,0,3,0,2,0,2,0,4,2,35.73167305555556,139.7107313888889,4,3,,,,
1,30,550,227,2,0,1,30000,0,116,2021,12,15,10,40,12,,,,,1,1,1,14,7,0,23,0,23,4,9,1,70,1,1,1,25,45,51,61,0,0,,,,,,,0,0,10,0,4,0,0,0,0,0,4,2,35.73241111111111,139.7048272222222,4,3,,,,
1,30,550,234,2,0,1,30000,0,116,2021,12,27,5,50,23,,,,,1,1,1,1,1,9,22,0,23,19,9,30,70,4,2,1,45,35,3,61,31,0,,,,,,,1,0,10,0,3,0,2,0,2,0,4,2,35.72838083333333,139.70648805555555,2,3,,,,
1,30,550,235,2,0,1,30000,0,116,2021,12,21,17,15,21,,,,,1,1,1,7,7,0,23,0,23,2,9,1,70,4,2,1,35,75,51,61,0,0,,,,,,,0,0,11,0,3,0,0,0,0,0,4,2,35.72884138888889,139.7080461111111,3,3,,,,
1,30,551,248,2,0,1,10160,0,116,2021,11,28,15,30,13,,,,,1,1,1,12,7,0,23,0,23,5,7,1,70,1,1,1,25,45,51,61,0,0,,,,,,,0,0,0,0,4,0,0,0,0,0,4,2,35.7267825,139.69613388888888,1,3,,,,
1,30,551,252,2,0,1,30000,0,116,2021,12,18,12,22,12,,,,,1,1,1,14,7,0,23,0,23,2,9,1,70,5,4,1,65,25,3,61,31,0,,,,,,,10,0,30,0,4,0,2,0,2,0,4,2,35.73668555555555,139.69910611111112,7,3,,,,
1,30,551,264,2,0,1,10090,0,116,2021,12,27,15,40,13,,,,,1,1,1,14,7,0,23,0,23,1,7,1,70,5,2,1,35,1,51,61,0,0,,,,,,,0,0,0,0,4,0,0,0,0,0,4,2,35.717395833333335,139.71267083333333,2,3,,,,
1,30,552,180,2,0,1,30000,0,117,2021,12,4,8,42,12,,,,,1,1,1,7,1,0,23,0,23,3,9,1,70,5,1,1,75,45,3,61,31,0,,,,,,,2,0,10,0,3,0,2,0,2,0,4,2,35.735799722222225,139.7524688888889,7,3,,,,
1,30,552,181,2,0,1,10090,0,117,2021,12,8,12,5,12,,,,,3,1,1,1,1,9,22,0,23,17,9,30,70,5,1,1,45,75,14,61,1,0,,,,,,,4,0,10,0,4,0,2,0,2,0,4,2,35.749225833333334,139.75092361111112,4,3,,,,
1,30,552,182,2,0,2,30000,0,117,2021,12,8,20,12,22,,,,,3,1,2,7,7,0,23,0,23,1,9,1,70,4,2,1,65,35,35,61,31,0,,,,,,,2,0,10,0,4,0,0,0,0,0,2,2,35.73398888888889,139.75821861111112,4,3,,,,
1,30,552,185,2,0,1,30000,0,117,2021,12,13,15,45,13,,,,,1,1,1,14,7,0,23,0,23,3,9,1,70,5,3,1,75,1,36,61,31,0,,,,,,,2,0,10,0,3,0,0,0,0,0,4,2,35.74557194444444,139.72537583333335,2,3,,,,
1,30,552,186,2,0,1,30000,0,117,2021,12,15,17,5,21,,,,,1,1,1,1,7,9,22,0,23,14,9,30,70,5,1,1,1,1,51,61,0,0,,,,,,,0,0,10,0,3,0,0,0,0,0,4,2,35.739894444444445,139.74984305555554,4,3,,,,
1,30,552,190,2,0,1,20400,0,117,2021,12,11,13,42,12,,,,,1,1,1,1,7,9,22,0,23,11,9,30,70,5,3,1,45,35,52,61,0,0,,,,,,,0,0,10,0,4,0,0,0,0,0,4,2,35.74673638888889,139.74138833333333,7,3,,,,
1,30,553,134,2,0,1,30000,0,117,2021,12,1,7,40,12,,,,,3,1,2,1,7,9,22,0,23,14,9,30,70,4,1,1,55,45,13,61,1,0,,,,,,,2,0,10,0,3,0,2,0,2,0,4,2,35.753814444444444,139.7510538888889,4,3,,,,
1,30,554,167,2,0,2,30000,0,117,2021,12,1,15,18,12,,,,,1,1,1,14,7,0,23,0,23,2,7,1,70,5,3,1,35,1,3,61,1,0,,,,,,,2,0,10,0,3,0,2,0,2,0,4,2,35.774906666666666,139.70574083333332,4,3,,,,
1,30,554,168,2,0,1,30000,0,117,2021,12,1,8,33,12,,,,,1,1,1,14,7,0,23,0,23,4,9,1,70,4,1,1,25,55,35,61,31,0,,,,,,,2,0,10,0,3,0,0,0,0,0,4,2,35.77292222222222,139.7212636111111,4,3,,,,
1,30,554,171,2,0,1,30000,0,117,2021,12,11,23,12,22,,,,,1,1,1,14,7,0,23,0,23,4,9,1,70,4,2,1,45,35,3,61,31,0,,,,,,,2,0,10,0,4,0,2,0,2,0,4,2,35.78125555555555,139.7181036111111,7,3,,,,
1,30,554,176,2,0,1,99000,0,117,2021,12,15,17,10,21,,,,,1,1,1,0,7,0,23,0,23,0,0,20,1,0,4,1,55,55,3,61,31,0,,,,,,,10,0,30,0,4,0,2,0,2,0,4,2,35.783025,139.70715888888887,4,3,,,,
1,30,554,179,2,0,1,30000,0,117,2021,12,20,11,50,12,,,,,1,1,1,14,7,0,23,0,23,3,9,1,70,5,1,1,1,1,51,61,0,0,,,,,,,0,0,10,0,4,0,0,0,0,0,4,2,35.776826944444444,139.71904472222224,2,3,,,,
1,30,554,184,2,0,1,30000,0,117,2021,12,31,14,15,12,,,,,1,1,1,14,7,0,23,0,23,3,9,1,70,5,3,1,45,75,3,61,31,0,,,,,,,10,0,30,0,3,0,2,0,2,0,4,2,35.78632722222222,139.69965916666666,6,2,,,,
1,30,555,319,2,0,1,10130,0,119,2021,10,27,19,56,22,,,,,1,1,1,1,1,9,22,0,23,18,9,30,70,5,1,1,45,65,13,61,31,0,,,,,,,4,0,10,0,3,0,2,0,2,0,4,2,35.760507777777775,139.7024636111111,4,3,,,,
1,30,555,320,2,0,1,2540,85,119,2021,12,1,12,12,12,,,,,1,1,1,1,1,9,22,0,23,19,7,30,70,1,2,1,55,45,14,61,1,0,,,,,,,10,0,10,0,3,0,2,0,2,0,4,2,35.75341916666667,139.69054472222223,4,3,,,,
1,30,555,321,2,0,1,30000,0,119,2021,12,3,9,20,12,,,,,1,1,5,14,7,0,23,0,23,1,9,1,1,5,3,1,65,65,3,61,31,0,,,,,,,2,0,10,0,4,0,2,0,2,0,4,2,35.748111111111115,139.67906833333333,6,3,,,,
1,30,555,324,2,0,1,30000,0,119,2021,12,8,17,7,21,,,,,3,1,2,14,7,0,23,0,23,2,9,1,70,5,2,1,55,65,4,61,31,0,,,,,,,2,0,10,0,3,0,2,0,2,0,4,2,35.74973638888889,139.70175083333334,4,3,,,,
1,30,555,329,2,0,1,2540,104,119,2021,11,21,5,25,23,,,,,1,1,1,1,1,9,22,0,23,15,9,30,70,1,1,1,35,55,12,61,31,0,,,,,,,5,0,10,0,3,0,2,0,2,0,4,2,35.76190611111111,139.6718072222222,1,3,,,,
1,30,555,336,2,0,1,30000,0,119,2021,12,17,12,20,12,,,,,2,1,1,14,7,0,23,0,23,2,9,1,70,5,3,1,35,1,13,61,31,0,,,,,,,2,0,10,0,4,0,2,0,2,0,4,2,35.75200666666667,139.71053138888888,6,3,,,,
1,30,555,346,2,0,1,30000,0,119,2021,12,22,13,22,12,,,,,1,1,1,14,1,0,23,0,23,3,9,1,70,4,3,1,75,75,3,61,31,0,,,,,,,2,0,10,0,4,0,2,0,2,0,4,2,35.75425138888889,139.70937999999998,4,3,,,,
1,30,555,356,2,0,1,170,105,119,2021,12,1,8,0,12,,,,,2,1,1,1,1,9,22,0,23,18,9,30,70,1,3,1,35,45,51,61,0,0,,,,,,,0,0,20,0,4,0,0,0,0,0,4,2,35.75159472222222,139.70974249999998,4,3,,,,
1,30,555,361,2,0,1,30000,0,119,2021,10,28,18,55,22,,,,,1,1,1,7,7,0,23,0,23,3,9,1,70,5,2,1,1,1,3,61,31,0,,,,,,,2,0,50,0,3,0,2,0,2,0,4,2,35.76077027777778,139.6810563888889,5,3,,,,
1,30,556,260,2,0,1,30760,0,119,2021,12,3,9,38,12,,,,,1,1,1,1,7,1,21,0,23,14,9,30,70,4,2,1,55,25,51,61,0,0,,,,,,,0,0,20,0,4,0,0,0,0,0,4,2,35.76354444444444,139.68778944444446,6,3,,,,
1,30,556,261,2,0,1,30000,0,119,2021,12,8,14,10,12,,,,,1,1,2,14,7,0,23,0,23,3,9,1,70,5,1,1,55,75,14,61,1,0,,,,,,,10,0,30,0,4,0,2,0,2,0,4,2,35.78498611111111,139.67515388888887,4,3,,,,
1,30,556,268,2,0,1,30000,0,119,2021,12,18,11,45,12,,,,,1,1,1,14,7,0,23,0,23,2,9,1,70,5,3,1,1,1,51,61,0,0,,,,,,,0,0,10,0,4,0,0,0,0,0,4,2,35.76271138888889,139.7064622222222,7,3,,,,