資料区分,都道府県コード,警察署等コード,本票番号,事故内容,死者数,負傷者数,路線コード,地点コード,市区町村コード,発生日時　　年,発生日時　　月,発生日時　　日,発生日時　　時,発生日時　　分,昼夜,日の出時刻　　時,日の出時刻　　分,日の入り時刻　　時,日の入り時刻　　分,天候,地形,路面状態,道路形状,信号機,一時停止規制　標識（当事者A）,一時停止規制　表示（当事者A）,一時停止規制　標識（当事者B）,一時停止規制　表示（当事者B）,車道幅員,道路線形,衝突地点,ゾーン規制,中央分離帯施設等,歩車道区分,事故類型,年齢（当事者A）,年齢（当事者B）,当事者種別（当事者A）,当事者種別（当事者B）,用途別（当事者A）,用途別（当事者B）,車両形状等（当事者A）,車両形状等（当事者B）,オートマチック車（当事者A）,オートマチック車（当事者B）,サポカー（当事者A）,サポカー（当事者B）,速度規制（指定のみ）（当事者A）,速度規制（指定のみ）（当事者B）,車両の衝突部位（当事者A）,車両の衝突部位（当事者B）,車両の損壊程度（当事者A）,車両の損壊程度（当事者B）,エアバッグの装備（当事者A）,エアバッグの装備（当事者B）,サイドエアバッグの装備（当事者A）,サイドエアバッグの装備（当事者B）,人身損傷程度（当事者A）,人身損傷程度（当事者B）,lat,lon,曜日(発生年月日),祝日(発生年月日),認知機能検査経過日数（当事者A）,認知機能検査経過日数（当事者B）,運転練習の方法（当事者A）,運転練習の方法（当事者B）
1,30,556,273,2,0,1,20000,0,119,2021,12,25,10,10,12,,,,,1,1,1,7,7,0,23,0,23,3,9,1,70,5,1,1,1,1,17,61,1,0,,,,,,,3,0,10,0,3,0,2,0,2,0,4,2,35.7936325,139.68625,7,3,,,,
1,30,556,274,2,0,1,10200,0,119,2021,12,26,16,54,21,,,,,1,1,1,1,1,9,22,0,23,14,9,30,70,1,2,1,25,55,4,61,31,0,,,,,,,4,0,20,0,3,0,2,0,2,0,4,2,35.77769722222222,139.68175444444444,1,3,,,,
1,30,556,276,2,0,1,30000,0,119,2021,12,27,1,0,22,,,,,1,1,1,1,1,0,23,0,23,17,9,30,70,1,1,1,25,0,61,0,0,0,,,,,,,0,0,0,0,0,0,0,0,0,0,2,0,35.77618722222222,139.6765622222222,2,3,,,,
1,30,556,277,2,0,1,170,132,119,2021,12,14,18,20,22,,,,,2,1,1,14,7,0,23,0,23,2,9,1,70,5,1,1,25,0,61,0,0,0,,,,,,,0,0,0,0,0,0,0,0,0,0,2,0,35.775013055555554,139.69646694444444,3,3,,,,
1,30,557,278,1,1,0,20000,0,120,2021,12,23,17,18,21,,,,,1,1,1,14,7,0,23,0,23,4,9,1,70,4,1,1,55,75,3,61,31,0,,,,,,,3,0,10,0,3,0,2,0,2,0,4,1,35.75247888888889,139.6375736111111,5,3,,,,
1,30,557,289,2,0,1,20430,0,120,2021,12,5,18,1,22,,,,,1,1,1,7,7,0,23,0,23,3,9,1,70,5,2,1,65,75,3,61,31,0,,,,,,,3,0,10,0,3,0,2,0,2,0,4,2,35.73848388888889,139.66629805555556,1,3,,,,
1,30,557,307,2,0,1,30000,0,120,2021,12,26,15,0,12,,,,,1,1,1,1,7,9,21,0,23,15,9,30,70,4,2,1,45,1,35,61,31,0,,,,,,,5,0,10,0,3,0,0,0,0,0,4,2,35.73417166666667,139.6407836111111,1,3,,,,
1,30,557,310,2,0,1,30000,0,120,2021,12,28,16,55,21,,,,,1,1,1,1,7,9,22,0,23,11,9,30,70,5,3,1,45,75,14,61,1,0,,,,,,,10,0,10,0,3,0,2,0,2,0,4,2,35.74616416666667,139.666185,3,3,,,,
1,30,557,311,2,0,1,10010,0,120,2021,12,28,21,34,22,,,,,1,1,1,1,1,9,22,0,23,19,9,30,70,4,2,1,65,25,3,61,1,0,,,,,,,10,0,20,0,3,0,2,0,2,0,4,2,35.7348725,139.6623702777778,3,3,,,,
1,30,558,314,2,0,2,30000,0,120,2021,12,11,6,18,23,,,,,1,1,1,1,7,9,22,0,23,11,9,30,70,4,2,1,65,55,4,61,31,0,,,,,,,2,0,20,0,2,0,2,0,2,0,4,2,35.74061722222223,139.60610666666665,7,3,,,,
1,30,558,318,2,0,1,30000,0,120,2021,12,10,8,1,12,,,,,1,1,1,14,7,0,23,0,23,2,9,1,70,5,3,1,1,0,61,0,0,0,,,,,,,0,0,0,0,0,0,0,0,0,0,2,0,35.734425,139.5746175,6,3,,,,
1,30,558,320,2,0,1,10250,0,120,2021,12,18,10,35,12,,,,,1,1,1,1,1,9,22,0,23,17,9,30,70,4,3,1,35,25,3,61,31,0,,,,,,,4,0,80,0,3,0,2,0,2,0,4,2,35.72322055555556,139.5815125,7,3,,,,
1,30,558,322,2,0,1,95000,0,120,2021,12,22,6,19,23,,,,,1,1,1,1,1,9,22,0,23,11,9,30,70,5,1,1,45,55,3,61,31,0,,,,,,,2,0,10,0,3,0,2,0,2,0,4,2,35.75544527777778,139.57070027777777,4,3,,,,
1,30,558,325,2,0,1,30000,0,120,2021,12,11,13,55,12,,,,,1,1,1,1,7,9,22,0,23,11,9,30,70,5,3,1,65,75,36,61,31,0,,,,,,,2,0,10,0,3,0,0,0,0,0,4,2,35.76842805555555,139.6063775,7,3,,,,
1,30,559,189,2,0,1,30000,0,119,2021,12,6,14,5,12,,,,,2,1,1,1,7,8,22,0,23,11,9,30,70,4,3,1,45,75,3,61,31,0,,,,,,,2,0,40,0,3,0,2,0,2,0,4,2,35.770785555555555,139.65474833333334,2,3,,,,
1,30,559,197,2,0,1,30000,0,119,2021,12,12,12,6,12,,,,,1,1,1,14,7,0,23,0,23,3,9,1,70,5,3,1,35,55,14,61,1,0,,,,,,,2,0,40,0,4,0,2,0,2,0,4,2,35.77782,139.63159472222222,1,3,,,,
1,30,559,199,2,0,1,30000,0,119,2021,12,22,18,30,22,,,,,1,1,1,1,7,9,22,0,23,11,6,30,70,5,1,1,45,55,4,61,31,0,,,,,,,1,0,10,0,3,0,2,0,2,0,4,2,35.78095305555556,139.6603961111111,4,3,,,,
1,30,560,346,2,0,1,30000,0,120,2021,12,4,10,54,12,,,,,1,1,1,1,7,9,22,0,23,11,9,30,1,5,3,1,75,1,14,61,31,0,,,,,,,2,0,20,0,4,0,2,0,2,0,4,2,35.74442555555556,139.62067944444445,7,3,,,,
1,30,560,369,2,0,1,30000,0,120,2021,12,25,18,27,22,,,,,2,1,1,7,7,0,23,0,23,2,9,1,70,5,2,1,55,75,3,61,31,0,,,,,,,1,0,50,0,4,0,2,0,2,0,4,2,35.76884972222222,139.64183444444444,7,3,,,,
1,30,560,371,2,0,1,30000,0,120,2021,12,2,15,10,12,,,,,1,1,1,14,1,0,23,0,23,3,9,1,70,1,1,1,75,75,3,61,31,0,,,,,,,2,0,10,0,3,0,2,0,2,0,4,2,35.76147888888889,139.60716583333334,5,3,,,,
1,30,660,166,2,0,1,20070,0,106,2021,12,1,6,58,11,,,,,3,1,2,7,1,0,23,0,23,1,9,1,70,4,1,1,55,45,51,61,0,0,,,,,,,0,0,10,0,3,0,0,0,0,0,4,2,35.709383055555556,139.77350555555557,4,3,,,,
1,30,660,171,2,0,1,30000,0,106,2021,12,13,6,45,11,,,,,1,1,1,1,7,3,22,0,23,15,9,30,70,4,2,1,75,65,3,61,31,0,,,,,,,10,0,10,0,3,0,2,0,2,0,4,2,35.70650083333334,139.77208694444445,2,3,,,,
1,30,660,175,2,0,1,10290,0,106,2021,12,16,8,35,12,,,,,1,1,1,7,1,0,23,0,23,1,9,1,70,4,2,1,1,35,51,61,0,0,,,,,,,0,0,10,0,4,0,0,0,0,0,4,2,35.70265333333334,139.77714277777778,5,3,,,,
1,30,660,180,2,0,1,30000,0,106,2021,12,20,18,25,22,,,,,1,1,1,1,7,3,22,0,23,14,9,30,70,5,3,1,45,45,3,61,31,0,,,,,,,10,0,10,0,3,0,2,0,2,0,4,2,35.70807777777778,139.7795602777778,2,3,,,,
1,30,660,184,2,0,1,30000,0,106,2021,12,23,14,35,12,,,,,1,1,1,1,7,0,23,0,23,11,9,30,70,5,2,1,25,0,61,0,0,0,,,,,,,0,0,0,0,0,0,0,0,0,0,2,0,35.706845,139.77440750000002,5,3,,,,
1,30,660,187,2,0,1,30000,0,106,2021,12,27,21,20,22,,,,,1,1,1,1,7,1,21,0,23,11,9,30,1,5,3,1,65,45,3,61,1,0,,,,,,,2,0,10,0,4,0,2,0,2,0,4,2,35.712898888888894,139.7793616666667,2,3,,,,
1,30,661,94,2,0,1,30000,0,106,2021,11,27,9,50,12,,,,,1,1,1,14,7,0,23,0,23,1,9,1,70,5,4,1,35,45,14,61,31,0,,,,,,,10,0,30,0,3,0,2,0,2,0,4,2,35.72243972222223,139.77854472222222,7,3,,,,
1,30,662,117,2,0,1,30000,0,106,2021,11,24,18,50,22,,,,,1,1,1,14,7,0,23,0,23,2,9,1,70,4,2,1,35,45,51,61,0,0,,,,,,,0,0,20,0,3,0,0,0,0,0,4,2,35.72125055555556,139.7965811111111,4,3,,,,
1,30,662,119,2,0,1,30000,0,106,2021,12,15,22,15,22,,,,,2,1,1,1,7,9,22,0,23,11,9,30,70,4,2,1,45,1,51,61,0,0,,,,,,,0,0,10,0,3,0,0,0,0,0,4,2,35.71170583333333,139.7947211111111,4,3,,,,
1,30,662,123,2,0,1,30000,0,106,2021,12,24,13,45,12,,,,,1,1,1,1,7,9,22,0,23,14,9,30,70,4,1,1,45,75,51,61,0,0,,,,,,,0,0,20,0,3,0,0,0,0,0,4,2,35.71904888888889,139.79502194444444,6,3,,,,
1,30,662,125,2,0,1,30000,0,106,2021,12,22,12,38,12,,,,,1,1,1,14,7,0,23,0,23,3,9,1,70,5,2,1,75,35,3,61,31,0,,,,,,,1,0,20,0,4,0,2,0,2,0,4,2,35.711978333333334,139.7947986111111,4,3,,,,
1,30,662,126,2,0,2,20560,0,106,2021,12,30,5,53,23,,,,,1,1,1,1,1,9,22,0,23,15,9,30,70,1,2,1,1,25,34,61,31,0,,,,,,,5,0,10,0,1,0,0,0,0,0,2,2,35.71745472222222,139.79262583333332,5,3,,,,
1,30,663,154,2,0,2,95000,0,106,2021,12,7,8,0,12,,,,,2,1,1,14,7,0,23,0,23,5,9,1,70,4,2,1,35,1,52,61,0,0,,,,,,,0,0,10,0,3,0,0,0,0,0,4,2,35.705466666666666,139.7937922222222,3,3,,,,
1,30,663,158,2,0,1,30000,0,106,2021,12,14,9,50,12,,,,,2,1,1,14,7,0,23,0,23,1,9,1,70,5,3,1,45,45,3,61,31,0,,,,,,,1,0,40,0,4,0,2,0,2,0,4,2,35.70786555555556,139.79062805555554,3,3,,,,
1,30,663,159,2,0,1,30000,0,106,2021,12,17,8,10,12,,,,,3,1,2,14,7,0,23,0,23,3,9,1,70,5,3,1,45,75,13,61,31,0,,,,,,,2,0,30,0,4,0,2,0,2,0,4,2,35.71147777777778,139.78388611111112,6,3,,,,
1,30,664,93,2,0,1,20570,0,118,2021,12,8,16,48,21,,,,,3,1,2,1,1,9,22,0,23,15,9,30,70,5,2,1,25,1,4,61,31,0,,,,,,,3,0,80,0,3,0,2,0,2,0,4,2,35.75146083333333,139.76201166666667,4,3,,,,
1,30,665,72,2,0,1,30000,0,118,2021,12,18,13,53,12,,,,,1,1,1,1,1,9,22,0,23,18,9,30,70,4,1,1,45,1,1,61,1,0,,,,,,,3,0,10,0,4,0,2,0,2,0,4,2,35.737183055555555,139.8079111111111,7,3,,,,
1,30,666,112,2,0,1,99000,0,118,2021,11,4,12,40,12,,,,,1,1,1,0,7,0,23,0,23,0,0,20,70,0,4,1,65,55,3,61,31,0,,,,,,,10,0,10,0,4,0,2,0,2,0,4,2,35.73558805555555,139.7871625,5,3,,,,
1,30,667,135,2,0,1,20640,0,121,2021,12,17,7,15,11,,,,,3,1,2,14,7,0,23,0,23,2,9,1,1,5,3,1,25,45,51,61,0,0,,,,,,,0,0,10,0,3,0,0,0,0,0,4,2,35.755271388888886,139.79687638888888,6,3,,,,
1,30,668,449,1,1,0,10130,0,121,2021,12,2,5,34,23,,,,,1,1,1,7,1,0,23,0,23,6,9,1,70,4,1,1,1,75,51,61,0,0,,,,,,,0,0,40,0,4,0,0,0,0,0,4,1,35.778105555555555,139.77427833333334,5,3,,,,
1,30,668,453,2,0,1,30000,0,121,2021,12,1,12,14,12,,,,,1,1,1,14,7,0,23,0,23,4,9,1,70,4,2,1,1,45,51,61,0,0,,,,,,,0,0,10,0,4,0,0,0,0,0,4,2,35.776042499999996,139.78953222222222,4,3,,,,
1,30,668,454,2,0,1,30000,0,121,2021,12,3,9,30,12,,,,,1,1,1,14,7,0,23,0,23,2,9,1,70,5,4,1,1,25,14,61,1,0,,,,,,,2,0,10,0,3,0,2,0,2,0,4,2,35.78780472222222,139.77512444444446,6,3,,,,
1,30,668,465,2,0,1,95000,0,121,2021,12,13,17,0,21,,,,,1,1,1,1,1,9,22,0,23,15,9,30,70,4,2,1,45,45,14,61,31,0,,,,,,,3,0,10,0,3,0,2,0,2,0,4,2,35.78256611111111,139.78381638888888,2,3,,,,
1,30,668,468,2,0,1,99000,0,121,2021,12,14,15,20,12,,,,,2,1,2,0,7,0,23,0,23,0,0,20,70,0,2,1,45,75,14,61,31,0,,,,,,,10,0,10,0,4,0,2,0,2,0,4,2,35.78337027777778,139.7672752777778,3,3,,,,
1,30,668,475,2,0,1,20600,0,121,2021,12,18,18,53,22,,,,,1,1,1,1,1,9,22,0,23,15,9,30,1,4,2,1,45,45,3,61,31,0,,,,,,,2,0,20,0,4,0,2,0,2,0,4,2,35.78241777777777,139.75123305555556,7,3,,,,
1,30,669,554,1,1,0,10130,0,121,2021,12,8,4,48,22,,,,,3,1,2,1,1,9,22,0,23,18,9,30,70,5,1,1,55,55,12,61,31,0,,,,,,,4,0,10,0,3,0,2,0,2,0,4,1,35.777415,139.8302686111111,4,3,,,,
1,30,669,560,2,0,1,30000,0,121,2021,12,1,15,45,13,,,,,1,1,1,1,7,1,21,0,23,15,9,30,70,4,2,1,1,65,51,61,0,0,,,,,,,0,0,10,0,3,0,0,0,0,0,4,2,35.784261666666666,139.82060638888888,4,3,,,,
1,30,669,574,2,0,1,30000,0,121,2021,11,27,21,15,22,,,,,1,1,1,1,7,1,21,0,23,14,9,30,70,5,2,1,45,65,3,61,31,0,,,,,,,2,0,10,0,3,0,2,0,2,0,4,2,35.79027416666666,139.8372977777778,7,3,,,,
1,30,669,575,2,0,1,30000,0,121,2021,12,1,5,35,23,,,,,3,1,2,14,7,0,23,0,23,2,9,1,70,4,4,1,25,0,61,0,0,0,,,,,,,0,0,0,0,0,0,0,0,0,0,2,0,35.78199194444444,139.81408833333333,4,3,,,,
1,30,669,588,2,0,1,30000,0,121,2021,12,18,4,25,22,,,,,2,1,1,1,1,9,22,0,23,15,9,30,70,4,3,1,1,35,36,61,31,0,,,,,,,2,0,10,0,3,0,0,0,0,0,4,2,35.76658916666667,139.80655750000003,7,3,,,,
1,30,669,592,2,0,1,10130,0,121,2021,12,13,5,23,22,,,,,1,1,1,1,1,9,22,0,23,17,9,30,70,4,2,1,65,35,14,61,31,0,,,,,,,4,0,20,0,3,0,2,0,2,0,4,2,35.77025138888889,139.84832611111113,2,3,,,,
1,30,669,595,2,0,1,30000,0,121,2021,12,13,15,40,13,,,,,1,1,1,1,7,9,22,0,23,14,9,30,70,4,2,1,1,55,13,61,31,0,,,,,,,2,0,50,0,3,0,2,0,2,0,4,2,35.7884525,139.84188472222223,2,3,,,,
1,30,669,607,2,0,1,30000,0,121,2021,12,20,8,15,12,,,,,1,1,1,14,7,0,23,0,23,3,9,1,70,4,2,1,45,45,35,61,31,0,,,,,,,3,0,10,0,3,0,0,0,0,0,4,2,35.792760277777774,139.82999138888889,2,3,,,,
1,30,669,608,2,0,1,30000,0,121,2021,12,20,11,45,12,,,,,1,1,1,14,7,0,23,0,23,3,9,1,70,5,3,1,45,45,35,61,31,0,,,,,,,2,0,10,0,4,0,0,0,0,0,4,2,35.76193166666667,139.80840916666668,2,3,,,,
1,30,669,609,2,0,1,30000,0,121,2021,11,24,13,48,12,,,,,1,1,1,14,7,0,23,0,23,4,9,1,70,1,1,1,55,25,3,61,31,0,,,,,,,2,0,10,0,4,0,2,0,2,0,4,2,35.77669972222222,139.82094166666667,4,3,,,,
1,30,669,617,2,0,1,30000,0,121,2021,12,28,14,50,12,,,,,1,1,1,14,7,0,23,0,23,3,9,1,70,5,2,1,1,25,13,61,31,0,,,,,,,2,0,10,0,3,0,2,0,2,0,4,2,35.776338333333335,139.83379194444444,3,3,,,,
1,30,670,362,2,0,1,99000,0,121,2021,11,12,13,0,12,,,,,1,1,1,0,7,0,23,0,23,0,0,20,70,0,4,1,25,35,4,61,31,0,,,,,,,10,0,30,0,3,0,2,0,2,0,4,2,35.793749444444444,139.78812277777777,6,3,,,,
1,30,670,373,2,0,1,30000,0,121,2021,12,10,12,55,12,,,,,2,1,1,1,1,9,22,0,23,11,9,30,70,5,2,1,45,65,13,61,31,0,,,,,,,2,0,20,0,3,0,2,0,2,0,4,2,35.79259833333333,139.81093916666669,6,3,,,,
1,30,670,374,2,0,1,30000,0,121,2021,12,12,16,55,21,,,,,1,1,1,7,7,0,23,0,23,1,9,1,70,1,2,1,75,1,3,61,31,0,,,,,,,2,0,10,0,3,0,2,0,2,0,4,2,35.80662888888889,139.8093913888889,1,3,,,,
1,30,670,379,2,0,1,95000,0,121,2021,12,14,18,40,22,,,,,2,1,1,14,7,0,23,0,23,1,9,1,70,4,2,1,45,55,14,61,1,0,,,,,,,10,0,10,0,3,0,2,0,2,0,4,2,35.800483888888884,139.80361916666666,3,3,,,,
1,30,670,382,2,0,1,30000,0,121,2021,12,15,14,15,12,,,,,1,1,1,1,1,9,22,0,23,15,9,30,70,4,2,1,45,45,3,61,31,0,,,,,,,3,0,80,0,3,0,2,0,2,0,4,2,35.796058888888886,139.76542472222224,4,3,,,,
1,30,670,390,2,0,1,30000,0,121,2021,12,20,18,37,22,,,,,1,1,1,7,1,0,23,0,23,4,9,1,70,4,2,1,35,75,13,61,31,0,,,,,,,10,0,10,0,4,0,2,0,2,0,4,2,35.795051944444445,139.7978897222222,2,3,,,,
1,30,670,398,2,0,1,30000,0,121,2021,12,24,14,10,12,,,,,1,1,1,7,7,0,23,0,23,3,9,1,70,4,2,1,45,1,3,61,31,0,,,,,,,2,0,10,0,4,0,2,0,2,0,4,2,35.80284777777778,139.80107194444446,6,3,,,,
1,30,670,399,2,0,1,20620,0,121,2021,12,25,8,28,12,,,,,1,1,2,1,1,9,22,0,23,14,9,30,70,4,2,1,25,55,12,61,31,0,,,,,,,2,0,50,0,3,0,2,0,2,0,4,2,35.80168611111111,139.7973975,7,3,,,,
1,30,670,400,2,0,1,30000,0,121,2021,12,25,19,25,22,,,,,1,1,1,14,7,0,23,0,23,2,9,20,70,4,1,1,1,1,3,61,31,0,,,,,,,3,0,80,0,4,0,2,0,2,0,4,2,35.794718055555556,139.79451472222223,7,3,,,,
1,30,771,425,2,0,1,30000,0,108,2021,12,1,14,43,12,,,,,1,1,1,1,1,9,22,0,23,18,9,30,70,1,1,1,35,45,51,61,0,0,,,,,,,0,0,40,0,3,0,0,0,0,0,4,2,35.655880555555555,139.79806055555557,4,3,,,,
1,30,771,430,2,0,1,30000,0,108,2021,12,4,17,25,21,,,,,1,1,1,14,7,0,23,0,23,4,9,1,70,4,1,1,45,35,51,61,0,0,,,,,,,0,0,10,0,3,0,0,0,0,0,4,2,35.66390527777778,139.80191166666668,7,3,,,,
1,30,771,432,2,0,1,20690,0,108,2021,9,25,17,30,13,,,,,1,1,1,1,1,0,23,0,23,15,9,30,70,5,2,1,45,0,61,0,0,0,,,,,,,0,0,0,0,0,0,0,0,0,0,2,0,35.674284166666666,139.81609833333334,7,3,,,,
1,30,771,434,2,0,1,20680,0,108,2021,12,8,1,15,22,,,,,3,1,2,1,1,9,22,0,23,19,9,30,70,1,1,1,55,25,3,61,1,0,,,,,,,4,0,50,0,3,0,2,0,2,0,4,2,35.67222361111111,139.79482305555555,4,3,,,,
1,30,771,444,2,0,1,30000,0,108,2021,12,13,15,35,13,,,,,1,1,1,14,7,0,23,0,23,2,9,1,70,5,3,1,45,1,3,61,31,0,,,,,,,10,0,50,0,4,0,2,0,2,0,4,2,35.67854166666667,139.8113488888889,2,3,,,,
1,30,771,463,2,0,1,30000,0,108,2021,12,30,14,25,12,,,,,2,1,1,7,1,0,23,0,23,3,9,1,70,4,1,1,65,55,3,61,31,0,,,,,,,2,0,10,0,4,0,2,0,2,0,4,2,35.65359361111111,139.79940416666668,5,3,,,,
1,30,771,466,2,0,1,30000,0,108,2021,12,20,15,30,12,,,,,1,1,1,14,7,0,23,0,23,3,9,1,70,5,2,1,45,25,51,61,0,0,,,,,,,0,0,20,0,3,0,0,0,0,0,4,2,35.67412722222222,139.80224722222223,2,3,,,,
1,30,772,265,2,0,1,20530,0,108,2021,12,5,8,59,12,,,,,1,1,1,1,1,9,22,0,23,19,9,30,70,4,1,1,25,55,35,61,31,0,,,,,,,4,0,10,0,3,0,0,0,0,0,4,2,35.70499138888889,139.82600444444444,1,3,,,,
1,30,772,270,2,0,2,20660,0,108,2021,12,2,14,33,12,,,,,1,1,1,1,1,9,22,0,23,14,4,30,70,4,2,1,55,1,4,61,31,0,,,,,,,3,0,10,0,3,0,2,0,2,0,4,2,35.6682875,139.8420086111111,5,3,,,,
1,30,772,276,2,0,1,30000,0,108,2021,11,21,11,55,12,,,,,2,1,1,14,7,0,23,0,23,2,9,1,70,5,3,1,35,45,3,61,31,0,,,,,,,10,0,40,0,4,0,2,0,2,0,4,2,35.699795277777774,139.83090833333333,1,3,,,,
1,30,772,280,2,0,1,10090,0,108,2021,12,8,18,2,22,,,,,3,1,2,1,1,9,22,0,23,19,9,30,70,1,2,1,65,45,13,61,1,0,,,,,,,4,0,10,0,3,0,2,0,2,0,4,2,35.660157777777776,139.82393888888888,4,3,,,,
1,30,772,283,2,0,1,20660,0,108,2021,12,10,22,38,22,,,,,1,1,1,1,1,9,22,0,23,17,8,30,70,5,2,1,1,55,3,61,31,0,,,,,,,3,0,50,0,3,0,2,0,2,0,4,2,35.68654972222222,139.84522722222223,6,3,,,,
1,30,772,286,2,0,1,20540,0,108,2021,12,14,12,25,12,,,,,3,1,2,1,1,9,22,0,23,18,9,30,70,4,2,1,65,55,3,61,31,0,,,,,,,10,0,10,0,3,0,2,0,2,0,4,2,35.67651194444444,139.83196972222223,3,3,,,,
1,30,772,295,2,0,1,30000,0,108,2021,12,18,16,50,21,,,,,1,1,1,1,7,9,22,0,23,14,9,30,70,4,1,1,45,75,14,61,31,0,,,,,,,3,0,10,0,3,0,2,0,2,0,4,2,35.67039694444444,139.83782833333333,7,3,,,,
1,30,772,298,2,0,1,30000,0,108,2021,12,20,13,45,12,,,,,1,1,1,1,1,9,22,0,23,14,9,30,70,4,1,1,55,35,3,61,31,0,,,,,,,2,0,30,0,4,0,2,0,2,0,4,2,35.69438472222222,139.83724305555558,2,3,,,,
1,30,772,304,2,0,1,10090,0,108,2021,12,1,6,20,23,,,,,3,1,2,14,7,0,23,0,23,6,9,1,70,1,2,1,25,45,51,61,0,0,,,,,,,0,0,10,0,4,0,0,0,0,0,4,2,35.67282055555555,139.82630194444445,4,3,,,,
1,30,772,306,2,0,1,10290,0,108,2021,12,25,5,55,23,,,,,3,1,2,1,1,9,22,0,23,19,9,30,70,1,1,1,35,1,4,61,31,0,,,,,,,4,0,10,0,4,0,2,0,2,0,4,2,35.70180083333334,139.82556833333334,7,3,,,,
1,30,772,307,2,0,1,10090,0,108,2021,12,3,20,40,22,,,,,1,1,1,1,7,9,22,0,23,17,9,30,70,6,2,1,65,55,51,61,0,0,,,,,,,0,0,10,0,4,0,0,0,0,0,4,2,35.69604805555555,139.8256525,6,3,,,,
1,30,772,308,2,0,1,30000,0,108,2021,12,28,19,10,22,,,,,1,1,1,1,7,9,22,0,23,11,9,30,70,5,4,1,1,75,51,61,0,0,,,,,,,0,0,10,0,4,0,0,0,0,0,4,2,35.69101805555555,139.827495,3,3,,,,
1,30,772,311,2,0,1,30000,0,108,2021,12,30,10,30,12,,,,,1,1,1,14,7,0,23,0,23,1,9,1,70,5,4,1,75,75,51,61,0,0,,,,,,,0,0,10,0,4,0,0,0,0,0,4,2,35.67639305555555,139.83125388888888,5,3,,,,
1,30,773,282,2,0,1,10290,0,107,2021,12,7,15,5,12,,,,,2,1,1,7,1,0,23,0,23,3,9,1,70,1,2,1,55,45,13,61,31,0,,,,,,,4,0,50,0,4,0,2,0,2,0,4,2,35.70096277777778,139.80959750000002,3,3,,,,
1,30,773,283,2,0,1,30000,0,107,2021,12,8,8,15,12,,,,,3,1,2,1,7,9,22,0,23,18,9,30,70,3,2,1,75,1,3,61,31,0,,,,,,,4,0,10,0,3,0,2,0,2,0,4,2,35.705041111111115,139.7999286111111,4,3,,,,
1,30,773,292,2,0,1,30000,0,107,2021,12,14,15,54,13,,,,,2,1,1,1,7,1,21,0,23,14,9,30,70,5,3,1,55,35,3,61,31,0,,,,,,,10,0,10,0,3,0,2,0,2,0,4,2,35.69357333333333,139.79906194444445,3,3,,,,
1,30,773,298,2,0,1,20390,0,107,2021,12,21,11,30,12,,,,,1,1,1,14,7,0,23,0,23,5,9,1,70,5,2,1,55,35,13,61,1,0,,,,,,,3,0,70,0,3,0,2,0,2,0,4,2,35.70377722222222,139.79866166666667,3,3,,,,
1,30,773,300,2,0,1,140,25,107,2021,12,16,13,49,12,,,,,1,1,1,1,1,9,22,0,23,15,9,30,70,1,2,1,55,65,11,61,1,0,,,,,,,4,0,0,0,4,0,2,0,2,0,4,2,35.69433583333333,139.79223166666665,5,3,,,,
1,30,773,301,2,0,1,20530,0,107,2021,12,24,17,17,21,,,,,1,1,1,7,1,0,23,0,23,5,9,1,70,1,2,1,45,65,13,61,31,0,,,,,,,5,0,10,0,3,0,2,0,2,0,4,2,35.708688333333335,139.80669333333336,6,3,,,,
1,30,773,310,2,0,1,30000,0,107,2021,12,20,17,27,21,,,,,1,1,1,1,7,9,22,0,23,18,9,30,70,4,2,1,75,1,3,61,31,0,,,,,,,4,0,10,0,4,0,2,0,2,0,4,2,35.69336083333333,139.81501472222223,2,3,,,,
1,30,773,312,2,0,1,30000,0,107,2021,12,29,11,10,12,,,,,1,1,1,1,7,1,21,0,23,15,9,30,70,5,3,1,75,65,3,61,31,0,,,,,,,10,0,10,0,4,0,2,0,2,0,4,2,35.70793444444445,139.81259805555555,4,3,,,,
1,30,773,313,2,0,1,95000,0,107,2021,12,31,20,35,22,,,,,1,1,1,0,7,0,23,0,23,0,0,20,70,0,2,1,25,25,51,61,0,0,,,,,,,0,0,10,0,4,0,0,0,0,0,4,2,35.69723611111111,139.8149377777778,6,2,,,,
1,30,774,131,2,0,1,60,72,107,2021,12,2,7,15,11,,,,,1,1,1,14,1,0,23,0,23,5,9,1,70,4,2,1,55,1,3,61,1,0,,,,,,,10,0,10,0,3,0,2,0,2,0,4,2,35.72703638888889,139.82339694444445,5,3,,,,
1,30,774,133,2,0,1,95000,0,107,2021,12,5,9,45,12,,,,,1,1,1,7,2,0,23,0,23,3,9,1,70,4,2,1,1,75,51,61,0,0,,,,,,,0,0,10,0,3,0,0,0,0,0,4,2,35.71004527777778,139.81981444444443,1,3,,,,
1,30,774,142,2,0,1,30000,0,107,2021,12,24,6,15,23,,,,,1,1,1,14,7,0,23,0,23,2,9,1,70,5,1,1,45,65,4,61,31,0,,,,,,,10,0,10,0,3,0,2,0,2,0,4,2,35.72912138888889,139.82721805555556,6,3,,,,