資料区分,都道府県コード,警察署等コード,本票番号,事故内容,死者数,負傷者数,路線コード,地点コード,市区町村コード,発生日時　　年,発生日時　　月,発生日時　　日,発生日時　　時,発生日時　　分,昼夜,日の出時刻　　時,日の出時刻　　分,日の入り時刻　　時,日の入り時刻　　分,天候,地形,路面状態,道路形状,信号機,一時停止規制　標識（当事者A）,一時停止規制　表示（当事者A）,一時停止規制　標識（当事者B）,一時停止規制　表示（当事者B）,車道幅員,道路線形,衝突地点,ゾーン規制,中央分離帯施設等,歩車道区分,事故類型,年齢（当事者A）,年齢（当事者B）,当事者種別（当事者A）,当事者種別（当事者B）,用途別（当事者A）,用途別（当事者B）,車両形状等（当事者A）,車両形状等（当事者B）,オートマチック車（当事者A）,オートマチック車（当事者B）,サポカー（当事者A）,サポカー（当事者B）,速度規制（指定のみ）（当事者A）,速度規制（指定のみ）（当事者B）,車両の衝突部位（当事者A）,車両の衝突部位（当事者B）,車両の損壊程度（当事者A）,車両の損壊程度（当事者B）,エアバッグの装備（当事者A）,エアバッグの装備（当事者B）,サイドエアバッグの装備（当事者A）,サイドエアバッグの装備（当事者B）,人身損傷程度（当事者A）,人身損傷程度（当事者B）,lat,lon,曜日(発生年月日),祝日(発生年月日),認知機能検査経過日数（当事者A）,認知機能検査経過日数（当事者B）,運転練習の方法（当事者A）,運転練習の方法（当事者B）
1,30,775,338,2,0,2,30000,0,122,2021,10,16,18,40,22,,,,,3,1,2,1,7,9,22,0,23,14,9,30,70,4,1,1,1,65,34,61,31,0,,,,,,,2,0,10,0,3,0,0,0,0,0,4,2,35.7757275,139.85485277777778,7,3,,,,
1,30,775,347,2,0,1,20000,0,122,2021,12,8,9,5,12,,,,,3,1,2,1,1,9,22,0,23,15,9,30,70,4,3,1,55,35,3,61,31,0,,,,,,,2,0,10,0,3,0,2,0,2,0,4,2,35.78751222222222,139.85653555555555,4,3,,,,
1,30,775,359,2,0,1,10700,0,122,2021,12,17,18,40,22,,,,,1,1,1,1,1,9,22,0,23,15,9,30,70,4,2,1,55,25,3,61,31,0,,,,,,,2,0,10,0,3,0,2,0,2,0,4,2,35.789723333333335,139.86315416666667,6,3,,,,
1,30,775,362,2,0,1,30000,0,122,2021,12,20,20,45,22,,,,,1,1,1,1,7,1,22,0,23,11,9,30,70,5,3,1,45,35,4,61,31,0,,,,,,,2,0,10,0,3,0,2,0,2,0,4,2,35.75438416666667,139.86268333333334,2,3,,,,
1,30,775,368,2,0,1,30000,0,122,2021,12,21,11,44,12,,,,,2,1,1,1,7,9,22,0,23,17,9,30,70,4,2,1,55,45,3,61,31,0,,,,,,,1,0,10,0,4,0,2,0,2,0,4,2,35.759566666666665,139.86982055555555,3,3,,,,
1,30,776,194,1,1,0,30000,0,122,2021,12,15,5,13,22,,,,,1,1,1,7,7,0,23,0,23,3,9,1,70,5,4,1,1,55,3,61,31,0,,,,,,,10,0,10,0,3,0,2,0,2,0,4,1,35.74377527777778,139.88176694444445,4,3,,,,
1,30,776,197,2,0,2,10410,0,122,2021,12,9,6,32,23,,,,,1,1,1,1,1,9,22,0,23,14,9,30,70,5,2,1,45,1,35,61,31,0,,,,,,,3,0,20,0,2,0,0,0,0,0,2,2,35.73719611111111,139.8495013888889,5,3,,,,
1,30,776,199,2,0,1,30000,0,122,2021,12,15,7,10,11,,,,,1,1,1,13,7,0,23,0,23,1,3,1,70,5,2,1,55,75,3,61,31,0,,,,,,,10,0,50,0,3,0,2,0,2,0,4,2,35.747217222222226,139.8393227777778,4,3,,,,
1,30,777,711,2,0,1,30000,0,123,2021,12,1,14,40,12,,,,,1,1,1,1,7,9,22,0,23,18,9,30,70,4,1,1,55,1,3,61,1,0,,,,,,,3,0,20,0,3,0,2,0,2,0,4,2,35.70027916666667,139.89033138888888,4,3,,,,
1,30,777,713,2,0,1,30000,0,123,2021,12,2,17,0,21,,,,,1,1,1,14,7,0,23,0,23,2,9,1,70,5,4,1,65,1,3,61,31,0,,,,,,,10,0,70,0,3,0,1,0,2,0,4,2,35.71022888888889,139.8569552777778,5,3,,,,
1,30,777,717,2,0,1,99000,0,123,2021,12,3,12,25,12,,,,,1,1,1,0,7,0,23,0,23,0,0,20,70,0,4,1,25,75,13,61,31,0,,,,,,,10,0,30,0,3,0,2,0,2,0,4,2,35.690506944444444,139.85069638888888,6,3,,,,
1,30,777,720,2,0,1,10130,0,123,2021,12,8,6,25,23,,,,,3,1,2,1,1,9,22,0,23,18,9,30,70,1,2,1,55,1,17,61,31,0,,,,,,,4,0,10,0,3,0,2,0,2,0,4,2,35.69059166666666,139.88290666666668,4,3,,,,
1,30,777,721,2,0,1,10390,0,123,2021,12,8,19,54,22,,,,,3,1,2,1,1,9,22,0,23,19,9,30,70,4,2,1,55,55,4,61,31,0,,,,,,,3,0,10,0,3,0,2,0,2,0,4,2,35.68649,139.86504444444444,4,3,,,,
1,30,777,743,2,0,1,30000,0,123,2021,12,15,18,52,22,,,,,1,1,1,1,1,9,22,0,23,17,9,30,70,5,2,1,45,55,31,61,31,0,,,,,,,3,0,10,0,3,0,0,0,0,0,4,2,35.687889444444444,139.90013472222222,4,3,,,,
1,30,777,753,2,0,1,10290,0,123,2021,10,16,10,56,12,,,,,2,1,1,1,1,9,22,0,23,18,9,30,70,1,2,1,35,65,3,61,1,0,,,,,,,10,0,20,0,3,0,2,0,2,0,4,2,35.70721833333334,139.84049861111112,7,3,,,,
1,30,777,760,2,0,1,30000,0,123,2021,12,24,14,10,12,,,,,1,1,1,1,7,9,22,0,23,14,9,30,1,4,2,1,65,65,4,61,31,0,,,,,,,2,0,10,0,3,0,2,0,2,0,4,2,35.683479999999996,139.88967138888887,6,3,,,,
1,30,777,767,2,0,1,30000,0,123,2021,12,28,18,5,22,,,,,1,1,1,1,7,1,21,0,23,15,9,30,70,5,2,1,45,45,3,61,31,0,,,,,,,10,0,40,0,3,0,2,0,2,0,4,2,35.69229972222222,139.90095444444444,3,3,,,,
1,30,777,770,2,0,1,10130,0,123,2021,12,29,22,39,22,,,,,1,1,1,1,1,9,22,0,23,14,9,30,70,4,2,1,35,45,4,61,31,0,,,,,,,4,0,10,0,3,0,2,0,2,0,4,2,35.69077055555555,139.88277055555557,4,3,,,,
1,30,777,771,2,0,1,10390,0,123,2021,12,30,2,10,22,,,,,1,1,1,14,7,0,23,0,23,4,9,1,70,4,1,1,55,55,3,61,1,0,,,,,,,4,0,10,0,3,0,2,0,2,0,4,2,35.68921888888889,139.86653833333332,5,3,,,,
1,30,778,198,2,0,1,30000,0,123,2021,12,6,10,10,12,,,,,2,1,1,1,7,9,22,0,23,11,9,30,70,5,3,1,65,35,14,61,31,0,,,,,,,10,0,10,0,4,0,2,0,2,0,4,2,35.72723861111111,139.88107083333335,2,3,,,,
1,30,778,206,2,0,1,10130,0,123,2021,12,21,7,25,11,,,,,1,1,1,1,1,9,22,0,23,17,9,30,70,5,2,1,65,55,12,61,1,0,,,,,,,10,0,10,0,3,0,2,0,2,0,4,2,35.712986111111114,139.87906,3,3,,,,
1,30,778,211,2,0,1,10380,0,123,2021,12,25,18,10,22,,,,,1,1,1,1,1,9,22,0,23,18,9,30,70,4,2,1,25,35,3,61,31,0,,,,,,,3,0,10,0,3,0,2,0,2,0,4,2,35.71029722222222,139.89465666666666,7,3,,,,
1,30,778,213,2,0,1,30000,0,123,2021,12,27,20,5,22,,,,,1,1,1,1,1,9,22,0,23,11,9,30,70,4,2,1,55,35,4,61,31,0,,,,,,,3,0,10,0,3,0,2,0,2,0,4,2,35.70885638888889,139.88919555555555,2,3,,,,
1,30,779,308,2,0,1,99000,0,123,2021,11,16,17,0,21,,,,,1,1,1,0,7,0,23,0,23,0,0,20,70,0,4,1,1,75,51,61,0,0,,,,,,,0,0,10,0,3,0,0,0,0,0,4,2,35.648125,139.87077916666667,3,3,,,,
1,30,779,315,2,0,1,10130,0,123,2021,12,7,19,5,22,,,,,3,1,2,1,1,9,22,0,23,19,9,30,70,5,1,1,45,45,11,61,1,0,,,,,,,4,0,20,0,4,0,2,0,2,0,4,2,35.645395,139.86956166666667,3,3,,,,
1,30,779,317,2,0,1,30000,0,123,2021,12,9,18,10,22,,,,,1,1,1,1,1,9,22,0,23,18,9,30,70,1,2,1,35,45,3,61,31,0,,,,,,,2,0,50,0,3,0,2,0,2,0,4,2,35.66459722222222,139.88184666666666,5,3,,,,
1,30,779,321,2,0,1,30000,0,123,2021,12,12,19,5,22,,,,,1,1,1,14,7,0,23,0,23,3,9,1,70,5,2,1,45,75,51,61,0,0,,,,,,,0,0,10,0,3,0,0,0,0,0,4,2,35.6641725,139.87417055555557,1,3,,,,
1,30,779,324,2,0,1,99000,0,123,2021,12,20,18,20,22,,,,,1,1,1,0,7,0,23,0,23,0,0,20,70,0,4,1,25,65,24,61,0,0,,,,,,,10,0,30,0,3,0,0,0,0,0,4,2,35.64905944444445,139.86342222222223,2,3,,,,
1,30,779,329,2,0,1,30000,0,123,2021,12,25,16,35,21,,,,,1,1,1,14,7,0,23,0,23,3,9,1,70,4,2,1,65,45,3,61,1,0,,,,,,,2,0,10,0,3,0,2,0,2,0,4,2,35.66341722222222,139.86027472222221,7,3,,,,
1,30,876,418,2,0,1,160,380,201,2021,10,19,21,15,22,,,,,2,2,2,1,1,9,22,0,23,19,9,30,70,5,2,1,25,55,11,61,31,0,,,,,,,4,0,60,0,3,0,2,0,2,0,4,2,35.643388055555555,139.35304222222223,3,3,,,,
1,30,876,422,2,0,1,30000,0,201,2021,11,22,17,28,21,,,,,3,1,2,1,1,9,22,0,23,14,9,30,70,5,2,1,55,1,3,61,31,0,,,,,,,3,0,40,0,3,0,2,0,2,0,4,2,35.60964888888889,139.3658338888889,2,2,,,,
1,30,876,433,2,0,1,30000,0,201,2021,12,10,18,35,22,,,,,1,1,1,1,1,9,22,0,23,18,9,30,70,4,2,1,45,25,4,61,31,0,,,,,,,3,0,10,0,3,0,2,0,1,0,4,2,35.63170138888889,139.32616194444444,6,3,,,,
1,30,876,434,2,0,1,30000,0,209,2021,12,10,18,40,22,,,,,1,1,1,1,7,9,22,0,23,15,9,30,70,4,2,1,45,75,3,61,31,0,,,,,,,3,0,10,0,3,0,2,0,2,0,4,2,35.59450972222223,139.38892333333334,6,3,,,,
1,30,876,437,2,0,1,21110,0,201,2021,12,15,12,30,12,,,,,1,1,1,14,7,0,23,0,23,4,8,1,70,1,2,1,1,65,51,61,0,0,,,,,,,0,0,10,0,4,0,0,0,0,0,4,2,35.62737777777778,139.4084677777778,4,3,,,,
1,30,876,439,2,0,1,10480,0,201,2021,12,17,19,55,22,,,,,1,1,1,1,1,9,22,0,23,14,9,30,70,1,2,1,55,55,3,61,31,0,,,,,,,4,0,40,0,4,0,2,0,2,0,4,2,35.62800472222222,139.3827513888889,6,3,,,,
1,30,876,442,2,0,1,30000,0,201,2021,11,10,15,0,12,,,,,1,1,1,1,1,9,22,0,23,15,9,30,70,5,1,1,65,1,4,61,31,0,,,,,,,3,0,20,0,3,0,2,0,2,0,4,2,35.64092027777778,139.3414413888889,4,3,,,,
1,30,876,454,2,0,1,161,1050,201,2021,12,25,6,43,23,,,,,3,2,2,1,1,9,22,0,23,15,9,30,70,1,2,1,45,35,3,61,31,0,,,,,,,5,0,10,0,3,0,2,0,2,0,4,2,35.65312083333333,139.3537638888889,7,3,,,,
1,30,876,457,2,0,1,20770,0,201,2021,12,19,15,20,12,,,,,1,1,1,1,1,9,22,0,23,18,9,30,70,4,2,1,75,1,3,61,31,0,,,,,,,3,0,20,0,3,0,2,0,2,0,4,2,35.64295305555555,139.33868805555556,1,3,,,,
1,30,876,459,2,0,1,20000,0,201,2021,12,18,18,25,22,,,,,1,1,1,14,7,0,23,0,23,2,9,1,70,1,2,1,1,45,51,61,0,0,,,,,,,0,0,10,0,4,0,0,0,0,0,4,2,35.63713027777778,139.41635861111112,7,3,,,,
1,30,877,317,2,0,1,95000,0,201,2021,12,8,19,15,22,,,,,3,3,2,0,7,0,23,0,23,0,0,20,70,0,4,1,55,35,3,61,31,0,,,,,,,10,0,40,0,4,0,2,0,2,0,4,2,35.63969055555555,139.31487805555557,4,3,,,,
1,30,877,326,2,0,1,30000,0,201,2021,12,14,18,0,22,,,,,2,3,1,1,7,9,22,0,23,11,9,30,70,5,2,1,35,75,3,61,31,0,,,,,,,3,0,10,0,3,0,2,0,2,0,4,2,35.65494472222222,139.30525694444447,3,3,,,,
1,30,877,328,2,0,1,30000,0,201,2021,12,18,8,20,12,,,,,1,3,1,1,7,9,22,0,23,15,9,30,70,4,3,1,55,45,3,61,31,0,,,,,,,3,0,50,0,3,0,2,0,2,0,4,2,35.672999999999995,139.27523194444447,7,3,,,,
1,30,877,329,2,0,1,30000,0,201,2021,12,3,17,8,21,,,,,1,2,1,1,1,0,23,0,23,17,9,30,70,4,1,1,75,0,61,0,0,0,,,,,,,0,0,0,0,0,0,0,0,0,0,2,0,35.64296972222222,139.2814075,6,3,,,,
1,30,877,336,2,0,1,95000,0,201,2021,12,19,1,50,22,,,,,1,2,1,0,7,0,23,0,23,0,0,20,70,0,4,1,1,35,3,61,31,0,,,,,,,4,0,30,0,3,0,2,0,2,0,4,2,35.64683194444444,139.2899111111111,1,3,,,,
1,30,877,345,2,0,1,30000,0,201,2021,12,30,13,29,12,,,,,1,3,1,1,1,9,22,0,23,15,9,30,70,4,2,1,65,55,3,61,31,0,,,,,,,3,0,10,0,3,0,2,0,2,0,4,2,35.621450833333334,139.29943583333332,5,3,,,,
1,30,878,447,2,0,1,30000,0,225,2021,11,10,21,24,22,,,,,1,1,1,1,1,9,22,0,23,14,9,30,70,1,2,1,55,35,3,61,31,0,,,,,,,3,0,10,0,3,0,2,0,2,0,4,2,35.64980833333333,139.48826055555554,4,3,,,,
1,30,878,451,2,0,1,21100,0,201,2021,11,4,17,49,22,,,,,1,2,1,1,1,9,22,0,23,19,9,30,70,5,1,1,55,35,3,61,31,0,,,,,,,4,0,10,0,3,0,2,0,2,0,4,2,35.61217916666667,139.3989186111111,5,3,,,,
1,30,878,455,2,0,1,10610,0,225,2021,12,4,11,34,12,,,,,1,1,1,1,1,9,22,0,23,19,9,30,70,1,2,1,65,45,3,61,31,0,,,,,,,4,0,10,0,3,0,2,0,2,0,4,2,35.640299999999996,139.52022472222222,7,3,,,,
1,30,878,459,2,0,1,30000,0,224,2021,12,9,15,53,13,,,,,1,2,1,14,7,0,23,0,23,3,9,1,70,4,2,1,55,1,4,61,31,0,,,,,,,3,0,10,0,3,0,2,0,2,0,4,2,35.64237166666667,139.4315225,5,3,,,,
1,30,878,477,2,0,1,95000,0,225,2021,12,21,12,5,12,,,,,1,1,1,0,7,0,23,0,23,0,0,20,70,0,4,1,25,55,4,61,31,0,,,,,,,5,0,30,0,3,0,2,0,2,0,4,2,35.61374305555556,139.4848461111111,3,3,,,,
1,30,878,481,2,0,1,30000,0,224,2021,12,22,7,45,11,,,,,1,1,1,1,7,9,22,0,23,11,9,30,70,4,2,1,55,1,35,61,31,0,,,,,,,3,0,10,0,3,0,0,0,0,0,4,2,35.633939166666664,139.45209805555555,4,3,,,,
1,30,878,482,2,0,1,30000,0,224,2021,12,22,12,4,12,,,,,1,2,1,7,1,0,23,0,23,4,9,1,70,4,1,1,65,75,13,61,31,0,,,,,,,3,0,50,0,3,0,2,0,2,0,4,2,35.6229375,139.45022083333333,4,3,,,,
1,30,878,488,2,0,1,10510,0,224,2021,12,27,11,10,12,,,,,1,1,1,1,1,9,22,0,23,19,9,30,70,5,1,1,65,55,35,61,31,0,,,,,,,4,0,10,0,3,0,0,0,0,0,4,2,35.62608111111111,139.423665,2,3,,,,
1,30,878,489,2,0,1,20000,0,224,2021,12,20,8,50,12,,,,,1,2,1,1,1,9,22,0,23,15,9,30,70,1,2,1,45,55,14,61,31,0,,,,,,,4,0,10,0,4,0,2,0,2,0,4,2,35.6310225,139.45432194444444,2,3,,,,
1,30,879,545,2,0,1,30000,0,223,2021,12,1,18,15,22,,,,,1,1,1,1,7,1,21,0,23,11,9,30,70,5,2,1,45,55,4,61,31,0,,,,,,,2,0,10,0,3,0,2,0,2,0,4,2,35.753239444444446,139.3677013888889,4,3,,,,
1,30,879,548,2,0,1,30000,0,220,2021,12,3,6,20,23,,,,,1,1,1,1,1,9,22,0,23,14,9,30,70,4,2,1,35,65,3,61,31,0,,,,,,,3,0,10,0,3,0,2,0,2,0,4,2,35.75555527777778,139.44337388888889,6,3,,,,
1,30,879,553,2,0,1,30000,0,220,2021,12,5,16,40,21,,,,,1,1,1,14,7,0,23,0,23,3,9,1,70,5,3,1,35,1,3,61,31,0,,,,,,,2,0,20,0,3,0,2,0,2,0,4,2,35.75194638888889,139.44462222222222,1,3,,,,
1,30,879,558,2,0,1,10240,0,223,2021,12,7,14,28,12,,,,,2,2,1,14,7,0,23,0,23,3,9,1,70,4,2,1,75,1,14,61,31,0,,,,,,,3,0,10,0,3,0,2,0,2,0,4,2,35.76092222222222,139.3695336111111,3,3,,,,
1,30,879,560,2,0,1,30580,0,220,2021,12,8,19,50,22,,,,,3,2,2,14,7,0,23,0,23,3,9,1,70,4,2,1,35,75,3,61,31,0,,,,,,,3,0,10,0,3,0,2,0,2,0,4,2,35.73895138888889,139.41522194444445,4,3,,,,
1,30,879,578,2,0,1,99000,0,223,2021,12,15,6,45,11,,,,,1,1,1,0,7,0,23,0,23,0,0,20,70,0,4,1,45,55,4,61,31,0,,,,,,,10,0,10,0,3,0,2,0,2,0,4,2,35.74220972222222,139.40197444444445,4,3,,,,
1,30,879,579,2,0,1,30000,0,223,2021,12,15,17,55,22,,,,,1,1,1,14,7,0,23,0,23,2,9,1,70,4,2,1,1,75,51,61,0,0,,,,,,,0,0,10,0,4,0,0,0,0,0,4,2,35.748044444444446,139.37291083333335,4,3,,,,
1,30,879,583,2,0,2,30000,0,223,2021,12,17,20,15,22,,,,,1,1,1,1,1,9,22,0,23,11,9,30,70,5,2,1,75,1,14,61,31,0,,,,,,,3,0,10,0,3,0,2,0,2,0,4,2,35.744392777777776,139.4261608333333,6,3,,,,
1,30,879,586,2,0,1,30000,0,220,2021,12,18,15,33,13,,,,,1,1,1,14,7,0,23,0,23,3,9,1,70,4,3,1,45,1,4,61,31,0,,,,,,,3,0,10,0,3,0,2,0,2,0,4,2,35.74583555555556,139.41528250000002,7,3,,,,
1,30,879,590,2,0,1,30000,0,223,2021,12,19,9,50,12,,,,,1,1,1,1,1,1,21,0,23,14,9,30,70,4,2,1,45,75,4,61,31,0,,,,,,,3,0,10,0,3,0,2,0,2,0,4,2,35.75756055555556,139.38636305555553,1,3,,,,
1,30,879,601,2,0,1,30000,0,220,2021,12,23,7,20,11,,,,,1,1,1,7,7,0,23,0,23,3,9,1,70,5,3,1,25,55,51,61,0,0,,,,,,,0,0,10,0,3,0,0,0,0,0,4,2,35.75579166666667,139.43821833333334,5,3,,,,
1,30,880,238,2,0,1,30000,0,205,2021,12,5,14,45,12,,,,,1,1,1,7,7,0,23,0,23,4,9,1,70,4,1,1,55,1,4,61,31,0,,,,,,,10,0,10,0,3,0,2,0,2,0,4,2,35.78104861111111,139.31641861111112,1,3,,,,
1,30,880,242,2,0,1,10440,0,205,2021,12,7,6,45,11,,,,,2,1,1,1,1,9,22,0,23,11,9,30,70,4,2,1,25,55,3,61,31,0,,,,,,,3,0,10,0,3,0,2,0,1,0,4,2,35.79762888888889,139.31554250000002,3,3,,,,
1,30,880,256,2,0,1,10450,0,205,2021,12,18,15,35,13,,,,,1,1,1,14,7,0,23,0,23,3,9,1,70,4,3,1,45,65,4,61,31,0,,,,,,,3,0,10,0,3,0,2,0,2,0,4,2,35.78245472222222,139.25707166666666,7,3,,,,
1,30,880,257,2,0,1,30000,0,205,2021,12,20,16,20,13,,,,,1,3,1,7,7,0,23,0,23,1,9,1,70,5,3,1,45,1,4,61,31,0,,,,,,,2,0,80,0,3,0,2,0,2,0,4,2,35.788919444444446,139.22521111111112,2,3,,,,
1,30,880,263,2,0,1,99000,0,205,2021,12,16,11,10,12,,,,,1,3,1,0,7,0,23,0,23,0,0,20,70,0,4,1,65,55,14,61,31,0,,,,,,,10,0,30,0,3,0,2,0,2,0,4,2,35.79045055555555,139.32416555555554,5,3,,,,
1,30,880,264,2,0,1,30000,0,205,2021,12,23,17,10,21,,,,,1,1,1,1,7,9,22,0,23,15,9,30,70,4,2,1,45,55,4,61,31,0,,,,,,,3,0,80,0,3,0,2,0,2,0,4,2,35.78904361111111,139.31610083333334,5,3,,,,
1,30,881,150,2,0,1,30000,0,305,2021,12,1,19,45,22,,,,,1,2,1,1,7,9,22,0,23,15,9,30,70,5,1,1,35,55,4,61,31,0,,,,,,,3,0,10,0,3,0,2,0,2,0,4,2,35.735552222222225,139.27210055555557,4,3,,,,
1,30,881,155,2,0,1,30000,0,305,2021,12,9,6,15,23,,,,,2,2,1,7,7,0,23,0,23,3,9,1,70,4,2,1,55,45,3,61,31,0,,,,,,,3,0,50,0,4,0,2,0,2,0,4,2,35.73507777777778,139.28168666666667,5,3,,,,
1,30,881,160,2,0,1,30000,0,228,2021,12,22,17,20,21,,,,,1,2,1,7,7,0,23,0,23,2,9,1,70,5,3,1,35,65,3,61,31,0,,,,,,,2,0,80,0,3,0,2,0,2,0,4,2,35.72874111111111,139.25214166666666,4,3,,,,
1,30,881,163,2,0,1,21130,0,305,2021,12,27,16,55,21,,,,,1,2,1,1,2,9,22,0,23,14,9,30,70,4,2,1,45,1,4,61,31,0,,,,,,,5,0,10,0,3,0,2,0,2,0,4,2,35.73861638888889,139.2569922222222,2,3,,,,
1,30,882,377,1,1,0,30000,0,303,2021,12,3,8,26,12,,,,,1,1,1,1,1,9,22,0,23,15,9,30,70,5,1,1,55,55,1,61,1,0,,,,,,,3,0,50,0,3,0,2,0,2,0,4,1,35.77309638888889,139.3334838888889,6,3,,,,
1,30,882,379,2,0,1,95000,0,303,2021,12,1,17,52,22,,,,,1,1,1,7,7,0,23,0,23,2,9,1,70,4,2,1,75,65,4,61,31,0,,,,,,,5,0,10,0,4,0,2,0,2,0,4,2,35.777476388888886,139.32577361111112,4,3,,,,
1,30,882,380,2,0,1,95000,0,227,2021,12,1,18,10,22,,,,,1,1,1,7,1,0,23,0,23,2,9,1,70,4,2,1,45,75,3,61,31,0,,,,,,,3,0,10,0,4,0,2,0,2,0,4,2,35.76054555555555,139.33159916666665,4,3,,,,
1,30,882,385,2,0,1,10740,0,218,2021,12,9,18,0,22,,,,,1,2,1,14,7,0,23,0,23,5,8,1,70,4,2,1,1,75,51,61,0,0,,,,,,,0,0,10,0,4,0,0,0,0,0,4,2,35.71999916666667,139.33284444444445,5,3,,,,
1,30,882,386,2,0,1,20000,0,218,2021,12,11,0,20,22,,,,,1,2,1,7,1,0,23,0,23,3,9,1,70,4,2,1,45,65,3,61,31,0,,,,,,,3,0,10,0,3,0,2,0,2,0,4,2,35.739334166666666,139.3203661111111,7,3,,,,
1,30,882,391,2,0,1,95000,0,227,2021,10,26,7,57,12,,,,,1,2,1,0,7,0,23,0,23,0,0,20,70,0,4,1,65,55,3,61,31,0,,,,,,,10,0,10,0,3,0,2,0,2,0,4,2,35.74935194444445,139.31476083333334,3,3,,,,
1,30,882,398,2,0,1,30000,0,228,2021,12,18,18,45,22,,,,,1,3,1,7,7,0,23,0,23,3,9,1,70,4,2,1,35,65,14,61,31,0,,,,,,,2,0,10,0,3,0,2,0,2,0,4,2,35.72678138888889,139.31437083333336,7,3,,,,
1,30,882,399,2,0,1,10550,0,227,2021,12,19,6,15,23,,,,,1,2,1,1,1,9,22,0,23,17,9,30,70,5,2,1,55,65,11,61,1,0,,,,,,,3,0,10,0,3,0,2,0,2,0,4,2,35.77293722222222,139.30252750000002,1,3,,,,
1,30,882,404,2,0,1,10550,0,218,2021,12,20,15,25,12,,,,,1,2,1,7,7,0,23,0,23,3,3,1,70,4,2,1,25,65,3,61,31,0,,,,,,,3,0,50,0,3,0,2,0,2,0,4,2,35.72684805555556,139.33492722222223,2,3,,,,
1,30,882,405,2,0,1,95000,0,227,2021,12,21,11,32,12,,,,,1,1,1,1,1,9,22,0,23,11,8,30,70,4,2,1,75,45,3,61,31,0,,,,,,,3,0,10,0,3,0,2,0,2,0,4,2,35.75857583333333,139.32038527777777,3,3,,,,
1,30,882,409,2,0,1,30000,0,228,2021,12,15,19,55,22,,,,,1,1,1,1,7,9,22,0,23,15,9,30,70,4,2,1,55,25,3,61,31,0,,,,,,,3,0,10,0,4,0,2,0,2,0,4,2,35.73708083333334,139.30356944444446,4,3,,,,
1,30,882,410,2,0,1,20000,0,303,2021,12,23,8,5,12,,,,,1,1,1,1,1,9,22,0,23,15,9,30,70,4,2,1,65,1,12,61,31,0,,,,,,,3,0,10,0,3,0,2,0,2,0,4,2,35.77779833333333,139.35268833333333,5,3,,,,
1,30,882,415,2,0,1,30000,0,303,2021,12,27,16,45,21,,,,,1,2,1,1,7,1,21,0,23,15,9,30,70,5,3,1,75,75,3,61,31,0,,,,,,,2,0,10,0,3,0,2,0,2,0,4,2,35.77558444444444,139.34116333333336,2,3,,,,
1,30,882,416,2,0,1,30000,0,227,2021,12,27,18,5,22,,,,,1,2,1,1,1,9,22,0,23,15,9,30,70,5,1,1,25,55,3,61,31,0,,,,,,,10,0,10,0,3,0,2,0,2,0,4,2,35.75621861111111,139.32239555555554,2,3,,,,
1,30,882,421,2,0,1,99000,0,303,2021,12,30,16,9,13,,,,,1,1,1,0,7,0,23,0,23,0,0,20,70,0,4,1,75,55,3,61,31,0,,,,,,,10,0,20,0,4,0,2,0,2,0,4,2,35.76138888888889,139.35956694444445,5,3,,,,
1,30,883,511,1,1,0,30000,0,201,2021,12,3,10,53,12,,,,,1,2,1,1,7,1,21,0,23,11,9,30,70,5,3,1,45,75,13,61,31,0,,,,,,,10,0,10,0,3,0,2,0,2,0,4,1,35.65888555555556,139.337835,6,3,,,,
1,30,883,512,2,0,1,30000,0,201,2021,12,15,19,25,22,,,,,1,1,1,1,7,9,22,0,23,11,9,30,70,5,3,1,55,25,3,61,31,0,,,,,,,1,0,10,0,3,0,2,0,2,0,4,2,35.652247777777774,139.34119944444444,4,3,,,,
1,30,883,518,2,0,1,30000,0,201,2021,12,3,18,50,22,,,,,1,1,1,14,7,0,23,0,23,2,9,1,70,5,3,1,35,75,36,61,31,0,,,,,,,2,0,10,0,3,0,0,0,0,0,4,2,35.68324861111111,139.2998186111111,6,3,,,,
1,30,883,520,2,0,1,10460,0,201,2021,12,6,10,32,12,,,,,2,1,1,14,7,0,23,0,23,3,9,1,70,4,1,1,35,75,4,61,31,0,,,,,,,3,0,10,0,3,0,2,0,2,0,4,2,35.684731388888885,139.3008038888889,2,3,,,,
1,30,883,526,2,0,1,20000,0,201,2021,12,7,18,42,22,,,,,3,1,2,1,1,9,22,0,23,15,9,30,70,4,2,1,25,25,3,61,31,0,,,,,,,3,0,80,0,3,0,2,0,2,0,4,2,35.66872138888888,139.35931222222223,3,3,,,,
1,30,883,532,2,0,1,30000,0,201,2021,12,9,15,28,13,,,,,1,1,1,14,7,0,23,0,23,3,9,1,70,5,3,1,75,25,3,61,31,0,,,,,,,10,0,40,0,3,0,2,0,2,0,4,2,35.658633055555555,139.3354638888889,5,3,,,,
1,30,883,550,2,0,1,30000,0,201,2021,12,1,17,0,21,,,,,1,2,1,14,7,0,23,0,23,2,9,1,70,5,3,1,75,75,36,61,31,0,,,,,,,2,0,10,0,3,0,0,0,0,0,4,2,35.67015277777777,139.32776972222223,4,3,,,,