資料区分,都道府県コード,警察署等コード,本票番号,事故内容,死者数,負傷者数,路線コード,地点コード,市区町村コード,発生日時　　年,発生日時　　月,発生日時　　日,発生日時　　時,発生日時　　分,昼夜,日の出時刻　　時,日の出時刻　　分,日の入り時刻　　時,日の入り時刻　　分,天候,地形,路面状態,道路形状,信号機,一時停止規制　標識（当事者A）,一時停止規制　表示（当事者A）,一時停止規制　標識（当事者B）,一時停止規制　表示（当事者B）,車道幅員,道路線形,衝突地点,ゾーン規制,中央分離帯施設等,歩車道区分,事故類型,年齢（当事者A）,年齢（当事者B）,当事者種別（当事者A）,当事者種別（当事者B）,用途別（当事者A）,用途別（当事者B）,車両形状等（当事者A）,車両形状等（当事者B）,オートマチック車（当事者A）,オートマチック車（当事者B）,サポカー（当事者A）,サポカー（当事者B）,速度規制（指定のみ）（当事者A）,速度規制（指定のみ）（当事者B）,車両の衝突部位（当事者A）,車両の衝突部位（当事者B）,車両の損壊程度（当事者A）,車両の損壊程度（当事者B）,エアバッグの装備（当事者A）,エアバッグの装備（当事者B）,サイドエアバッグの装備（当事者A）,サイドエアバッグの装備（当事者B）,人身損傷程度（当事者A）,人身損傷程度（当事者B）,lat,lon,曜日(発生年月日),祝日(発生年月日),認知機能検査経過日数（当事者A）,認知機能検査経過日数（当事者B）,運転練習の方法（当事者A）,運転練習の方法（当事者B）
1,30,883,552,2,0,1,30000,0,201,2021,12,15,6,21,23,,,,,1,1,1,1,7,9,22,0,23,14,9,30,70,4,2,1,45,25,3,61,31,0,,,,,,,3,0,10,0,3,0,2,0,2,0,4,2,35.65471972222222,139.34434861111112,4,3,,,,
1,30,883,554,2,0,1,30000,0,201,2021,12,15,13,15,12,,,,,1,1,1,14,7,0,23,0,23,2,7,1,1,5,3,1,35,45,17,61,31,0,,,,,,,2,0,40,0,3,0,2,0,2,0,4,2,35.664092777777775,139.34003444444446,4,3,,,,
1,30,883,568,2,0,1,30000,0,201,2021,12,20,21,32,22,,,,,1,1,1,1,1,9,22,0,23,15,9,30,70,4,2,1,55,25,3,61,31,0,,,,,,,3,0,20,0,3,0,2,0,2,0,4,2,35.66626055555555,139.35743666666667,2,3,,,,
1,30,883,579,2,0,1,30000,0,201,2021,12,27,11,2,12,,,,,1,2,1,14,7,0,23,0,23,2,9,1,70,5,4,1,65,1,14,61,31,0,,,,,,,10,0,10,0,3,0,2,0,2,0,4,2,35.713013888888895,139.27779166666667,2,3,,,,
1,30,883,581,2,0,1,30000,0,201,2021,12,12,0,0,22,,,,,1,1,1,14,7,0,23,0,23,3,9,1,70,4,1,1,75,1,3,61,1,0,,,,,,,3,0,40,0,3,0,2,0,2,0,4,2,35.65777138888889,139.33596333333335,1,3,,,,
1,30,883,582,2,0,1,30000,0,201,2021,11,17,13,15,12,,,,,1,1,1,14,7,0,23,0,23,3,9,1,70,4,1,1,65,35,3,61,1,0,,,,,,,3,0,30,0,4,0,2,0,2,0,4,2,35.65212388888889,139.31879138888888,4,3,,,,
1,30,884,630,2,0,1,10610,0,209,2021,12,3,9,28,12,,,,,1,1,1,1,1,9,22,0,23,15,9,30,70,4,2,1,1,1,4,61,31,0,,,,,,,3,0,80,0,2,0,2,0,2,0,4,2,35.57753916666667,139.469975,6,3,,,,
1,30,884,651,2,0,1,10490,0,209,2021,12,12,12,50,12,,,,,1,1,1,1,1,9,22,0,23,17,9,30,70,4,1,1,75,35,3,61,31,0,,,,,,,3,0,20,0,3,0,2,0,2,0,4,2,35.515343333333334,139.4740275,1,3,,,,
1,30,884,662,2,0,1,95000,0,209,2021,12,16,8,10,12,,,,,1,1,1,14,7,0,23,0,23,3,9,1,70,5,3,1,35,1,3,61,31,0,,,,,,,10,0,40,0,3,0,2,0,2,0,4,2,35.58682,139.4662536111111,5,3,,,,
1,30,884,665,2,0,1,30570,0,209,2021,12,3,18,40,22,,,,,1,1,1,14,7,0,23,0,23,4,7,1,70,4,1,1,35,55,4,61,31,0,,,,,,,3,0,10,0,4,0,2,0,2,0,4,2,35.57160166666667,139.45307527777777,6,3,,,,
1,30,884,669,2,0,1,30000,0,209,2021,12,19,7,30,11,,,,,1,1,1,7,1,0,23,0,23,1,9,1,70,4,2,1,65,75,3,61,31,0,,,,,,,3,0,21,0,3,0,2,0,2,0,4,2,35.5928575,139.46815472222224,1,3,,,,
1,30,884,670,2,0,1,30000,0,209,2021,12,11,18,50,22,,,,,1,2,1,1,1,9,22,0,23,11,6,30,70,4,2,1,1,75,13,61,31,0,,,,,,,2,0,0,0,4,0,2,0,2,0,4,2,35.520471944444445,139.4777061111111,7,3,,,,
1,30,884,695,2,0,1,95000,0,209,2021,11,21,9,37,12,,,,,2,1,1,1,7,9,22,0,23,14,9,30,70,5,2,1,55,65,3,61,31,0,,,,,,,3,0,20,0,3,0,2,0,2,0,4,2,35.5546325,139.4812525,1,3,,,,
1,30,884,701,2,0,1,99000,0,209,2021,12,28,17,45,22,,,,,1,1,1,0,7,0,23,0,23,0,0,20,70,0,4,1,55,35,3,61,31,0,,,,,,,10,0,30,0,3,0,2,0,2,0,4,2,35.58474666666667,139.46931805555556,3,3,,,,
1,30,884,702,2,0,1,30000,0,209,2021,12,24,17,45,22,,,,,1,1,1,1,1,9,22,0,23,15,9,30,70,5,2,1,25,35,4,61,31,0,,,,,,,3,0,10,0,4,0,2,0,2,0,4,2,35.53360583333333,139.46651972222222,6,3,,,,
1,30,884,708,2,0,1,99000,0,209,2021,12,6,15,48,13,,,,,1,1,1,0,7,0,23,0,23,0,0,20,70,0,4,1,55,75,3,61,31,0,,,,,,,10,0,40,0,3,0,2,0,2,0,4,2,35.56925027777778,139.4148538888889,2,3,,,,
1,30,884,714,2,0,1,30000,0,209,2021,12,31,20,0,22,,,,,1,1,1,1,7,9,22,0,23,11,9,30,70,5,1,1,65,45,4,61,31,0,,,,,,,10,0,10,0,2,0,2,0,2,0,4,2,35.543862222222224,139.4405702777778,6,2,,,,
1,30,885,336,1,1,0,30000,0,212,2021,12,9,17,23,21,,,,,1,1,1,14,7,0,23,0,23,2,9,1,70,5,2,1,25,75,34,61,31,0,,,,,,,2,0,10,0,3,0,0,0,0,0,4,1,35.65216916666667,139.3855361111111,5,3,,,,
1,30,885,337,2,0,1,200,0,212,2021,7,18,10,20,12,,,,,1,2,1,14,7,0,23,0,23,1,9,1,70,5,2,1,75,0,61,0,0,0,,,,,,,0,0,0,0,0,0,0,0,0,0,2,0,35.66831333333333,139.38548583333332,1,3,,,,
1,30,885,338,2,0,1,30000,0,212,2021,10,6,22,40,22,,,,,3,2,2,1,1,9,22,0,23,15,9,30,70,4,2,1,45,45,3,61,31,0,,,,,,,3,0,20,0,3,0,2,0,2,0,4,2,35.678887499999995,139.39324722222221,4,3,,,,
1,30,885,350,2,0,1,30000,0,212,2021,12,7,19,7,22,,,,,3,3,2,7,7,0,23,0,23,3,9,1,70,5,3,1,45,55,4,61,31,0,,,,,,,1,0,50,0,3,0,2,0,2,0,4,2,35.65837611111111,139.37831527777777,3,3,,,,
1,30,885,351,2,0,1,30000,0,212,2021,12,8,13,45,12,,,,,3,1,2,14,7,0,23,0,23,2,9,1,70,4,1,1,75,65,3,61,31,0,,,,,,,10,0,10,0,3,0,2,0,2,0,4,2,35.66124694444444,139.38099027777778,4,3,,,,
1,30,885,353,2,0,1,20890,0,212,2021,12,8,18,0,22,,,,,3,3,2,1,1,9,22,0,23,17,9,30,70,1,2,1,55,25,3,61,31,0,,,,,,,4,0,10,0,3,0,2,0,2,0,4,2,35.67756138888889,139.40274277777777,4,3,,,,
1,30,885,354,2,0,1,30000,0,212,2021,12,9,10,45,12,,,,,1,1,1,1,2,9,22,0,23,15,9,30,70,4,2,1,1,75,51,61,0,0,,,,,,,0,0,10,0,3,0,0,0,0,0,4,2,35.677839444444444,139.38427527777776,5,3,,,,
1,30,885,358,2,0,1,30000,0,212,2021,12,13,8,45,12,,,,,1,2,1,1,7,9,22,0,23,15,7,30,70,4,2,1,45,75,35,61,31,0,,,,,,,2,0,40,0,3,0,0,0,0,0,4,2,35.64465694444444,139.38551777777778,2,3,,,,
1,30,885,360,2,0,1,30000,0,212,2021,12,13,16,1,13,,,,,1,2,1,1,7,9,22,0,23,14,9,30,70,4,2,1,1,1,3,61,31,0,,,,,,,3,0,50,0,4,0,2,0,2,0,4,2,35.684687222222216,139.38056194444445,2,3,,,,
1,30,885,361,2,0,1,30000,0,212,2021,12,15,18,15,22,,,,,1,3,1,14,7,0,23,0,23,3,8,1,70,4,2,1,45,55,3,61,31,0,,,,,,,2,0,50,0,3,0,2,0,2,0,4,2,35.645311388888885,139.38465027777778,4,3,,,,
1,30,885,365,2,0,1,200,0,212,2021,11,1,5,0,22,,,,,2,3,1,1,1,9,22,0,23,19,9,30,70,1,1,1,65,45,3,61,31,0,,,,,,,10,0,10,0,3,0,2,0,2,0,4,2,35.66983361111111,139.40844222222222,2,3,,,,
1,30,885,368,2,0,1,30000,0,212,2021,12,21,19,55,22,,,,,1,2,1,14,7,0,23,0,23,4,7,1,70,4,2,1,35,55,36,61,31,0,,,,,,,2,0,10,0,3,0,0,0,0,0,4,2,35.67525444444444,139.39524,3,3,,,,
1,30,885,370,2,0,1,30000,0,212,2021,12,24,16,45,21,,,,,1,3,1,7,1,0,23,0,23,3,9,1,70,4,2,1,35,1,4,61,31,0,,,,,,,2,0,20,0,3,0,2,0,2,0,4,2,35.651425555555555,139.3745802777778,6,3,,,,
1,30,886,377,2,0,1,30000,0,207,2021,12,1,15,0,12,,,,,1,1,1,14,7,0,23,0,23,4,9,1,70,5,2,1,75,1,51,61,0,0,,,,,,,0,0,20,0,4,0,0,0,0,0,4,2,35.71421083333334,139.36415,4,3,,,,
1,30,887,550,2,0,1,30000,0,202,2021,11,20,8,40,12,,,,,1,1,1,1,1,9,22,0,23,15,9,30,70,4,2,1,35,55,3,61,31,0,,,,,,,2,0,10,0,3,0,2,0,2,0,4,2,35.73271388888889,139.3754988888889,7,3,,,,
1,30,887,555,2,0,1,30000,0,202,2021,12,2,7,58,12,,,,,1,1,1,1,1,8,22,0,23,11,9,30,70,5,2,1,35,1,3,61,31,0,,,,,,,3,0,10,0,3,0,2,0,2,0,4,2,35.729884444444444,139.39924916666666,5,3,,,,
1,30,887,563,2,0,1,30000,0,202,2021,12,6,16,10,13,,,,,2,2,1,1,1,9,22,0,23,15,9,30,70,4,1,1,45,55,3,61,31,0,,,,,,,3,0,50,0,3,0,2,0,2,0,4,2,35.69468111111111,139.4260488888889,2,3,,,,
1,30,887,568,2,0,1,30000,0,215,2021,12,8,20,50,22,,,,,3,1,2,1,1,9,22,0,23,17,9,30,70,4,2,1,55,65,3,61,31,0,,,,,,,3,0,10,0,3,0,2,0,2,0,4,2,35.687260555555554,139.440065,4,3,,,,
1,30,887,574,2,0,2,30000,0,202,2021,12,13,18,20,22,,,,,1,1,1,7,1,0,23,0,23,3,9,1,70,5,2,1,55,1,14,61,31,0,,,,,,,3,0,10,0,3,0,2,0,2,0,4,2,35.72643222222222,139.41826361111112,2,3,,,,
1,30,887,598,2,0,1,30000,0,215,2021,12,21,8,40,12,,,,,1,1,1,1,7,9,22,0,23,15,9,30,70,4,2,1,65,55,14,61,31,0,,,,,,,3,0,80,0,4,0,2,0,2,0,4,2,35.68648111111111,139.43287999999998,3,3,,,,
1,30,887,601,2,0,1,20000,0,202,2021,12,6,18,0,22,,,,,2,2,1,1,1,9,22,0,23,18,9,30,70,1,1,1,55,45,4,61,31,0,,,,,,,2,0,50,0,3,0,2,0,2,0,4,2,35.72079055555556,139.3964063888889,2,3,,,,
1,30,887,619,2,0,1,30000,0,202,2021,12,26,17,35,22,,,,,1,2,2,14,7,0,23,0,23,3,9,1,70,4,2,1,35,65,13,61,1,0,,,,,,,3,0,20,0,3,0,2,0,2,0,4,2,35.728903888888894,139.39118249999999,1,3,,,,
1,30,887,620,2,0,1,30000,0,215,2021,10,23,11,30,12,,,,,1,1,1,7,7,0,23,0,23,4,9,1,70,4,2,1,25,35,3,61,31,0,,,,,,,4,0,40,0,4,0,2,0,2,0,4,2,35.68407916666666,139.4472963888889,7,3,,,,
1,30,888,275,1,1,0,200,298,206,2021,12,12,4,34,22,,,,,1,1,1,1,7,9,22,0,23,15,9,30,70,4,2,1,65,45,3,61,1,0,,,,,,,4,0,10,0,3,0,2,0,2,0,4,1,35.67234555555555,139.4851708333333,1,3,,,,
1,30,888,289,2,0,1,30000,0,206,2021,12,16,9,35,12,,,,,1,1,1,14,7,0,23,0,23,2,9,1,70,5,3,1,75,25,3,61,31,0,,,,,,,2,0,80,0,4,0,2,0,2,0,4,2,35.665910277777776,139.50323972222222,5,3,,,,
1,30,888,303,2,0,1,30000,0,206,2021,12,26,18,52,22,,,,,1,1,1,14,7,0,23,0,23,3,9,1,70,5,2,1,1,55,36,61,31,0,,,,,,,10,0,10,0,3,0,0,0,0,0,4,2,35.656640833333334,139.5090088888889,1,3,,,,
1,30,888,304,2,0,1,30000,0,206,2021,12,26,18,48,22,,,,,1,1,1,1,1,9,22,0,23,15,9,30,70,5,2,1,45,65,3,61,31,0,,,,,,,2,0,10,0,4,0,2,0,2,0,4,2,35.660420277777774,139.4947063888889,1,3,,,,
1,30,888,311,2,0,1,99000,0,206,2021,12,31,13,15,12,,,,,2,1,1,0,7,0,23,0,23,0,0,20,70,0,4,1,65,45,3,61,31,0,,,,,,,10,0,70,0,4,0,2,0,2,0,4,2,35.68240888888889,139.46011833333333,6,2,,,,
1,30,889,265,2,0,1,30000,0,210,2021,12,1,8,30,12,,,,,1,1,2,7,7,0,23,0,23,3,9,1,70,5,3,1,45,65,3,61,31,0,,,,,,,2,0,50,0,3,0,2,0,2,0,4,2,35.708255,139.50585555555554,4,3,,,,
1,30,889,273,2,0,1,30000,0,214,2021,12,11,17,35,22,,,,,1,1,1,1,7,9,22,0,23,15,9,30,70,4,2,1,65,45,3,61,31,0,,,,,,,3,0,20,0,3,0,2,0,2,0,4,2,35.698636388888886,139.47930805555555,7,3,,,,
1,30,889,285,2,0,1,95000,0,210,2021,12,17,19,20,22,,,,,1,1,1,0,7,0,23,0,23,0,0,20,70,0,4,1,1,75,4,61,31,0,,,,,,,10,0,30,0,3,0,2,0,2,0,4,2,35.69400361111111,139.48956888888887,6,3,,,,
1,30,889,291,2,0,1,30000,0,214,2021,12,28,14,3,12,,,,,1,1,1,1,1,9,22,0,23,14,8,30,70,4,2,1,1,65,51,61,0,0,,,,,,,0,0,10,0,4,0,0,0,0,0,4,2,35.696797777777775,139.47652333333335,3,3,,,,
1,30,889,292,2,0,1,10560,0,210,2021,12,30,0,42,22,,,,,1,1,1,14,7,0,23,0,23,2,8,1,70,4,2,1,55,25,51,61,0,0,,,,,,,0,0,10,0,3,0,0,0,0,0,4,2,35.69671777777778,139.50603388888888,5,3,,,,
1,30,890,391,2,0,1,10240,0,229,2021,12,12,18,3,22,,,,,1,1,1,1,1,9,22,0,23,17,9,30,70,1,2,1,55,75,4,61,31,0,,,,,,,2,0,10,0,3,0,2,0,2,0,4,2,35.72389416666667,139.56198083333334,1,3,,,,
1,30,890,395,2,0,1,95000,0,229,2021,12,15,17,7,21,,,,,1,1,1,1,7,1,21,0,23,14,9,30,70,4,2,1,55,75,3,61,31,0,,,,,,,2,0,10,0,3,0,2,0,2,0,4,2,35.72825916666667,139.564285,4,3,,,,
1,30,890,404,2,0,1,10000,0,222,2021,10,23,14,10,12,,,,,1,1,1,1,1,9,22,0,23,14,9,30,70,5,3,1,45,75,3,61,31,0,,,,,,,2,0,10,0,3,0,2,0,2,0,4,2,35.751870833333335,139.50897361111112,7,3,,,,
1,30,890,405,2,0,1,10250,0,229,2021,11,20,12,30,12,,,,,1,1,1,7,1,0,23,0,23,4,9,1,70,1,2,1,45,65,4,61,31,0,,,,,,,4,0,50,0,3,0,2,0,2,0,4,2,35.73258944444444,139.53614611111112,7,3,,,,
1,30,891,298,2,0,1,30000,0,213,2021,12,8,6,50,11,,,,,3,1,2,7,7,0,23,0,23,2,9,20,70,5,2,1,1,75,4,61,31,0,,,,,,,10,0,10,0,4,0,2,0,2,0,4,2,35.77734833333333,139.4926458333333,4,3,,,,
1,30,891,301,2,0,1,30000,0,221,2021,11,25,5,10,22,,,,,1,1,1,14,7,0,23,0,23,2,9,1,70,5,1,1,45,55,13,61,31,0,,,,,,,1,0,80,0,3,0,2,0,2,0,4,2,35.7853425,139.5237627777778,5,3,,,,
1,30,891,305,2,0,1,10580,0,213,2021,12,11,12,55,12,,,,,1,1,1,7,7,0,23,0,23,3,8,1,70,4,2,1,35,75,51,61,0,0,,,,,,,0,0,10,0,3,0,0,0,0,0,4,2,35.76732194444445,139.4887897222222,7,3,,,,
1,30,891,307,2,0,1,30000,0,221,2021,12,13,8,5,12,,,,,1,1,1,14,7,0,23,0,23,2,9,1,70,5,2,1,55,1,3,61,31,0,,,,,,,10,0,20,0,3,0,2,0,2,0,4,2,35.76325083333333,139.50913055555554,2,3,,,,
1,30,891,311,2,0,1,30620,0,221,2021,12,16,6,18,23,,,,,1,3,1,1,7,9,22,0,23,14,9,30,70,5,3,1,35,75,4,61,31,0,,,,,,,2,0,10,0,2,0,2,0,2,0,4,2,35.79334583333333,139.53497833333333,5,3,,,,
1,30,891,315,2,0,1,30000,0,213,2021,12,20,15,5,12,,,,,1,1,1,7,1,0,23,0,23,1,9,1,70,1,3,1,65,65,3,61,31,0,,,,,,,3,0,10,0,3,0,2,0,2,0,4,2,35.758029444444446,139.46456805555553,2,3,,,,
1,30,891,316,2,0,1,30000,0,221,2021,11,3,13,50,12,,,,,1,1,1,14,7,0,23,0,23,3,9,1,70,5,2,1,1,75,51,61,0,0,,,,,,,0,0,0,0,4,0,0,0,0,0,4,2,35.77019055555555,139.51607083333334,4,1,,,,
1,30,891,319,2,0,1,99000,0,221,2021,12,24,12,14,12,,,,,1,3,1,0,7,0,23,0,23,0,0,20,70,0,2,1,55,75,3,61,1,0,,,,,,,10,0,10,0,4,0,2,0,2,0,4,2,35.77175888888889,139.51984416666667,6,3,,,,
1,30,891,321,2,0,1,10590,0,221,2021,9,19,21,55,22,,,,,1,3,1,1,1,9,22,0,23,15,9,30,70,4,1,1,55,75,3,61,1,0,,,,,,,3,0,10,0,4,0,2,0,2,0,4,2,35.77647472222222,139.51791861111113,1,2,,,,
1,30,891,324,2,0,1,30000,0,213,2021,12,6,11,19,12,,,,,2,1,1,1,7,1,22,0,23,11,9,30,70,5,3,1,65,35,14,61,31,0,,,,,,,1,0,20,0,3,0,2,0,2,0,4,2,35.777785277777774,139.49479111111108,2,3,,,,
1,30,891,329,2,0,1,30000,0,221,2021,11,18,7,40,12,,,,,1,1,1,1,7,1,21,0,23,11,9,30,70,5,3,1,35,35,3,61,31,0,,,,,,,2,0,40,0,4,0,2,0,2,0,4,2,35.77802222222222,139.49875138888888,5,3,,,,
1,30,892,312,2,0,1,20270,0,203,2021,12,2,17,43,22,,,,,1,1,1,1,1,9,22,0,23,14,9,30,70,4,1,1,1,75,52,61,0,0,,,,,,,0,0,10,0,4,0,0,0,0,0,4,2,35.701396388888895,139.58190861111112,5,3,,,,
1,30,892,313,2,0,1,30000,0,203,2021,12,3,7,15,11,,,,,1,1,1,14,7,0,23,0,23,3,9,1,70,4,1,1,25,35,1,61,1,0,,,,,,,3,0,40,0,3,0,2,0,2,0,4,2,35.716188611111114,139.56573722222223,6,3,,,,
1,30,892,314,2,0,1,10260,0,203,2021,12,4,11,45,12,,,,,1,1,1,14,7,0,23,0,23,3,9,1,70,4,2,1,1,45,51,61,0,0,,,,,,,0,0,10,0,4,0,0,0,0,0,4,2,35.70596444444445,139.58235916666666,7,3,,,,
1,30,892,315,2,0,1,20230,0,203,2021,12,5,12,30,12,,,,,1,1,1,14,7,0,23,0,23,5,9,1,70,4,2,1,1,35,51,61,0,0,,,,,,,0,0,10,0,3,0,0,0,0,0,4,2,35.70192027777778,139.57632222222222,1,3,,,,
1,30,892,319,2,0,1,30000,0,203,2021,12,8,6,0,23,,,,,3,1,2,14,7,0,23,0,23,3,9,1,70,4,2,1,35,65,51,61,0,0,,,,,,,0,0,10,0,3,0,0,0,0,0,4,2,35.70578305555556,139.54209111111112,4,3,,,,
1,30,892,323,2,0,1,10600,0,203,2021,12,11,9,50,12,,,,,1,1,1,14,7,0,23,0,23,2,9,1,70,4,2,1,45,45,51,61,0,0,,,,,,,0,0,10,0,3,0,0,0,0,0,4,2,35.70209166666667,139.54643277777777,7,3,,,,
1,30,892,324,2,0,1,95000,0,203,2021,12,11,15,56,13,,,,,1,1,1,0,7,0,23,0,23,0,0,20,70,0,4,1,55,55,14,61,1,0,,,,,,,10,0,40,0,4,0,2,0,2,0,4,2,35.70998277777778,139.5622025,7,3,,,,
1,30,892,325,2,0,1,30000,0,203,2021,12,12,17,50,22,,,,,1,1,1,14,7,0,23,0,23,3,9,1,70,5,2,1,1,0,61,0,0,0,,,,,,,0,0,0,0,0,0,0,0,0,0,2,0,35.704405,139.58856250000002,1,3,,,,
1,30,892,328,2,0,1,10260,0,203,2021,12,14,6,26,23,,,,,2,1,1,1,1,9,22,0,23,18,9,30,70,1,2,1,25,65,4,61,31,0,,,,,,,3,0,10,0,3,0,2,0,2,0,4,2,35.71089277777778,139.5368738888889,3,3,,,,
1,30,892,337,2,0,1,30000,0,203,2021,12,23,6,8,23,,,,,1,1,1,7,1,0,23,0,23,3,9,1,70,4,2,1,45,55,14,61,31,0,,,,,,,2,0,10,0,3,0,2,0,2,0,4,2,35.71978611111111,139.5681075,5,3,,,,
1,30,892,346,2,0,1,30000,0,203,2021,12,26,21,20,22,,,,,2,1,1,1,7,1,22,0,23,11,9,30,70,5,3,1,55,25,3,61,31,0,,,,,,,10,0,40,0,3,0,2,0,2,0,4,2,35.70758916666667,139.5663966666667,1,3,,,,
1,30,893,297,2,0,1,10270,0,204,2021,9,19,10,55,12,,,,,1,1,1,14,7,0,23,0,23,4,9,1,70,4,4,1,55,75,1,61,1,0,,,,,,,3,0,10,0,4,0,2,0,2,0,4,2,35.68371527777777,139.5590913888889,1,2,,,,
1,30,893,300,2,0,1,30000,0,204,2021,12,1,16,50,21,,,,,1,1,1,14,7,0,23,0,23,2,9,1,70,5,4,1,45,1,5,61,31,0,,,,,,,5,0,10,0,4,0,2,0,2,0,4,2,35.6896025,139.56720222222222,4,3,,,,
1,30,893,301,2,0,1,30000,0,204,2021,12,3,15,50,13,,,,,1,1,1,1,7,9,22,0,23,11,9,30,70,5,4,1,35,1,35,61,31,0,,,,,,,5,0,20,0,3,0,0,0,0,0,4,2,35.69436833333333,139.55699555555557,6,3,,,,
1,30,893,304,2,0,1,30000,0,204,2021,12,7,19,25,22,,,,,3,1,2,14,7,0,23,0,23,2,9,1,70,5,4,1,55,25,3,61,31,0,,,,,,,2,0,40,0,4,0,2,0,2,0,4,2,35.70508416666667,139.5517152777778,3,3,,,,
1,30,893,323,2,0,1,10270,0,204,2021,12,27,8,28,12,,,,,1,1,1,14,7,0,23,0,23,3,9,1,70,4,3,1,55,55,3,61,31,0,,,,,,,3,0,40,0,3,0,2,0,2,0,4,2,35.68754611111111,139.58189777777778,2,3,,,,
1,30,893,324,2,0,1,30000,0,204,2021,12,27,12,23,12,,,,,1,1,1,1,7,0,23,0,23,15,8,30,70,5,2,1,75,0,61,0,0,0,,,,,,,0,0,0,0,0,0,0,0,0,0,2,0,35.67039444444444,139.53984166666666,2,3,,,,
1,30,893,331,2,0,1,30000,0,204,2021,12,23,10,0,12,,,,,1,1,1,14,7,0,23,0,23,2,9,1,70,5,4,1,25,75,51,61,0,0,,,,,,,0,0,10,0,3,0,0,0,0,0,4,2,35.682428888888886,139.57975527777776,5,3,,,,
1,30,894,469,2,0,1,95000,0,208,2021,11,17,9,40,12,,,,,1,1,1,0,7,0,23,0,23,0,0,20,70,0,4,1,65,65,13,61,31,0,,,,,,,10,0,30,0,2,0,2,0,2,0,4,2,35.67240611111111,139.54527083333332,4,3,,,,
1,30,894,470,2,0,1,30000,0,208,2021,12,1,10,8,12,,,,,1,1,1,14,7,0,23,0,23,4,9,1,70,5,2,1,65,35,4,61,31,0,,,,,,,5,0,10,0,3,0,2,0,2,0,4,2,35.658270277777774,139.57467166666666,4,3,,,,
1,30,894,472,2,0,1,30840,0,208,2021,12,3,10,46,12,,,,,1,1,1,1,1,8,22,0,23,14,9,30,70,4,2,1,75,75,14,61,31,0,,,,,,,3,0,10,0,3,0,2,0,2,0,4,2,35.64691944444444,139.54815222222223,6,3,,,,
1,30,894,476,2,0,1,30000,0,219,2021,12,9,10,0,12,,,,,1,1,1,7,7,0,23,0,23,3,9,1,70,4,2,1,75,75,3,61,1,0,,,,,,,1,0,20,0,3,0,2,0,2,0,4,2,35.64051861111111,139.56514166666668,5,3,,,,
1,30,894,487,2,0,1,30000,0,208,2021,12,14,10,30,12,,,,,3,1,2,14,7,0,23,0,23,3,9,1,70,4,2,1,65,75,14,61,31,0,,,,,,,2,0,10,0,3,0,2,0,2,0,4,2,35.64845277777778,139.56752055555555,3,3,,,,
1,30,894,494,2,0,1,30000,0,208,2021,12,22,15,1,12,,,,,1,1,1,1,7,9,22,0,23,14,9,30,70,5,2,1,65,1,3,61,31,0,,,,,,,2,0,10,0,3,0,2,0,2,0,4,2,35.64963361111111,139.56298055555555,4,3,,,,
1,30,894,501,2,0,1,30000,0,219,2021,12,26,9,30,12,,,,,1,1,1,14,7,0,23,0,23,2,8,1,70,5,4,1,45,45,51,61,0,0,,,,,,,0,0,10,0,3,0,0,0,0,0,4,2,35.62655111111111,139.57037694444443,1,3,,,,
1,30,894,508,2,0,1,20890,0,208,2021,12,21,18,5,22,,,,,1,1,1,1,1,9,22,0,23,11,9,30,70,4,2,1,45,55,14,61,1,0,,,,,,,2,0,10,0,3,0,2,0,2,0,4,2,35.65405916666666,139.54117888888888,3,3,,,,
1,30,894,509,2,0,1,10210,0,219,2021,12,28,11,10,12,,,,,1,1,1,7,1,0,23,0,23,5,9,1,70,1,2,1,25,35,51,61,0,0,,,,,,,0,0,10,0,3,0,0,0,0,0,4,2,35.626398333333334,139.57043472222222,3,3,,,,
1,30,894,511,2,0,1,30000,0,208,2021,12,29,7,55,12,,,,,1,1,1,14,7,0,23,0,23,2,9,1,70,4,1,1,55,55,3,61,31,0,,,,,,,2,0,10,0,4,0,2,0,2,0,4,2,35.65215416666666,139.54252305555556,4,3,,,,
1,30,895,224,2,0,1,30000,0,211,2021,12,8,17,52,22,,,,,3,1,2,1,7,9,22,0,23,14,9,30,70,4,2,1,25,45,14,61,1,0,,,,,,,2,0,10,0,3,0,2,0,2,0,4,2,35.7245675,139.51373138888889,4,3,,,,
1,30,895,226,2,0,1,95000,0,211,2021,11,15,14,52,12,,,,,1,1,1,14,7,0,23,0,23,3,9,1,70,5,1,1,45,1,17,61,1,0,,,,,,,2,0,80,0,3,0,2,0,2,0,4,2,35.71285805555556,139.47605277777777,2,3,,,,
1,30,895,229,2,0,1,30000,0,211,2021,12,7,19,41,22,,,,,3,1,2,1,1,9,22,0,23,14,9,30,70,4,2,1,35,65,35,61,31,0,,,,,,,2,0,10,0,3,0,0,0,0,0,4,2,35.737433611111115,139.46147666666664,3,3,,,,
1,30,895,233,2,0,1,30000,0,211,2021,12,1,11,27,12,,,,,1,1,1,1,7,9,22,0,23,15,9,30,70,5,3,1,1,75,51,61,0,0,,,,,,,0,0,10,0,3,0,0,0,0,0,4,2,35.724333055555554,139.45749833333332,4,3,,,,